2017.03.30 08:00:00.404,1.11469,1.11483,1.50,1.00
2017.03.30 08:00:00.607,1.1147,1.11477,1.37,1.00
2017.03.30 08:00:01.288,1.11472,1.11482,1.00,1.00
2017.03.30 08:00:01.673,1.11472,1.11483,2.25,1.00
2017.03.30 08:00:02.341,1.11475,1.11487,1.12,1.00
2017.03.30 08:00:02.574,1.11476,1.11487,1.62,1.00
2017.03.30 08:00:03.081,1.11477,1.11488,1.12,1.25
2017.03.30 08:00:03.385,1.11479,1.11489,1.00,1.00
2017.03.30 08:00:03.912,1.11478,1.11489,1.00,1.00
2017.03.30 08:00:04.488,1.11476,1.11487,1.37,1.00
2017.03.30 08:00:04.998,1.11475,1.11486,1.50,1.00
2017.03.30 08:00:05.151,1.11475,1.11486,1.12,1.00
2017.03.30 08:00:08.202,1.11478,1.11488,1.00,1.00
2017.03.30 08:00:08.717,1.11478,1.11489,1.00,1.00
2017.03.30 08:00:09.290,1.11477,1.11489,2.25,1.00
2017.03.30 08:00:09.595,1.11475,1.11486,1.12,1.00
2017.03.30 08:00:09.932,1.11477,1.11487,1.00,1.00
2017.03.30 08:00:10.136,1.11475,1.11486,1.12,1.00
2017.03.30 08:00:11.887,1.11476,1.11484,1.00,1.00
2017.03.30 08:00:12.493,1.11475,1.11483,1.40,1.00
2017.03.30 08:00:13.166,1.11475,1.11485,1.00,1.00
2017.03.30 08:00:13.622,1.11476,1.11485,1.67,1.00
2017.03.30 08:00:14.444,1.11476,1.11484,2.17,1.00
2017.03.30 08:00:14.545,1.11476,1.11484,1.15,1.00
2017.03.30 08:00:14.732,1.11474,1.11485,1.15,1.00
2017.03.30 08:00:14.885,1.11474,1.11483,1.15,1.00
2017.03.30 08:00:15.559,1.11472,1.11481,3.67,1.00
2017.03.30 08:00:15.827,1.11471,1.11481,1.42,1.00
2017.03.30 08:00:15.878,1.11471,1.11479,1.42,1.00
2017.03.30 08:00:16.283,1.11467,1.11475,1.36,1.00
2017.03.30 08:00:16.385,1.11466,1.11477,3.67,1.00
2017.03.30 08:00:17.027,1.11466,1.11475,4.42,1.00
2017.03.30 08:00:17.078,1.11466,1.11477,4.42,1.00
2017.03.30 08:00:17.332,1.11465,1.11478,1.42,1.00
2017.03.30 08:00:17.900,1.11467,1.1148,1.50,1.87
2017.03.30 08:00:18.002,1.11469,1.11483,1.31,1.87
2017.03.30 08:00:18.264,1.11472,1.11486,1.11,1.19
2017.03.30 08:00:18.315,1.11468,1.11482,1.37,2.25
2017.03.30 08:00:18.417,1.11466,1.11483,3.86,3.37
2017.03.30 08:00:19.667,1.11467,1.11481,1.80,1.25
2017.03.30 08:00:20.425,1.11467,1.11481,1.12,1.00
2017.03.30 08:00:20.826,1.11466,1.11479,1.37,1.12
2017.03.30 08:00:21.129,1.11466,1.11478,1.12,2.62
2017.03.30 08:00:21.666,1.11464,1.11477,1.75,1.25
2017.03.30 08:00:21.973,1.11462,1.11477,2.62,3.00
2017.03.30 08:00:22.024,1.11462,1.11477,1.50,3.37
2017.03.30 08:00:22.811,1.11461,1.11477,1.00,4.87
2017.03.30 08:00:23.515,1.11461,1.11476,1.00,1.44
2017.03.30 08:00:23.690,1.11461,1.11472,1.00,1.37
2017.03.30 08:00:23.944,1.11457,1.11471,1.00,1.87
2017.03.30 08:00:24.612,1.11456,1.11471,1.50,2.62
2017.03.30 08:00:24.714,1.11454,1.11466,5.92,1.12
2017.03.30 08:00:25.294,1.11454,1.11467,3.67,1.50
2017.03.30 08:00:25.973,1.11454,1.11468,3.67,1.12
2017.03.30 08:00:26.624,1.11454,1.11468,3.67,1.37
2017.03.30 08:00:26.928,1.11451,1.11466,1.75,1.87
2017.03.30 08:00:27.131,1.1145,1.11465,2.25,1.56
2017.03.30 08:00:27.234,1.1145,1.11461,1.00,1.00
2017.03.30 08:00:27.542,1.11443,1.11458,3.00,2.25
2017.03.30 08:00:27.644,1.11443,1.11457,1.50,1.12
2017.03.30 08:00:28.104,1.11442,1.11457,2.25,1.12
2017.03.30 08:00:28.156,1.11442,1.11456,1.00,1.44
2017.03.30 08:00:28.879,1.11442,1.11456,1.00,2.19
2017.03.30 08:00:29.227,1.11445,1.11457,1.00,3.00
2017.03.30 08:00:29.912,1.11443,1.11457,1.00,3.75
2017.03.30 08:00:29.963,1.11443,1.11454,1.00,1.44
2017.03.30 08:00:30.470,1.11442,1.11453,1.00,1.25
2017.03.30 08:00:30.905,1.11444,1.11453,1.00,1.31
2017.03.30 08:00:31.057,1.11442,1.11453,1.00,1.69
2017.03.30 08:00:31.342,1.1144,1.11451,1.87,1.12
2017.03.30 08:00:31.444,1.11442,1.11451,1.00,1.12
2017.03.30 08:00:31.596,1.1144,1.11452,1.00,1.62
2017.03.30 08:00:31.748,1.11438,1.11448,1.37,1.00
2017.03.30 08:00:31.850,1.11436,1.11446,1.87,1.00
2017.03.30 08:00:31.952,1.11434,1.11443,2.06,1.00
2017.03.30 08:00:32.283,1.1143,1.11441,2.25,1.25
2017.03.30 08:00:32.335,1.1143,1.11441,2.25,1.25
2017.03.30 08:00:32.436,1.11429,1.11438,1.37,1.00
2017.03.30 08:00:32.538,1.11427,1.11438,2.25,1.00
2017.03.30 08:00:32.690,1.11428,1.11441,1.00,1.25
2017.03.30 08:00:33.208,1.11429,1.11442,1.50,1.19
2017.03.30 08:00:33.261,1.11429,1.11436,1.37,1.00
2017.03.30 08:00:33.476,1.11427,1.11434,1.00,1.25
2017.03.30 08:00:33.527,1.11423,1.11434,1.37,1.25
2017.03.30 08:00:33.629,1.11421,1.11431,1.50,1.00
2017.03.30 08:00:33.882,1.1142,1.11434,1.75,1.25
2017.03.30 08:00:33.933,1.11421,1.11432,1.50,1.00
2017.03.30 08:00:34.238,1.11419,1.1143,2.44,1.00
2017.03.30 08:00:34.478,1.11419,1.11432,3.19,1.00
2017.03.30 08:00:34.529,1.11419,1.1143,3.19,1.00
2017.03.30 08:00:35.239,1.1142,1.11432,1.75,1.00
2017.03.30 08:00:37.674,1.1142,1.11432,1.75,1.50
2017.03.30 08:00:37.978,1.11415,1.11426,4.12,1.25
2017.03.30 08:00:38.079,1.11415,1.11427,2.44,1.19
2017.03.30 08:00:38.264,1.11413,1.11427,3.30,1.75
2017.03.30 08:00:38.568,1.1141,1.11423,3.94,1.00
2017.03.30 08:00:39.281,1.11409,1.11423,1.50,1.50
2017.03.30 08:00:41.209,1.11413,1.11424,1.00,1.75
2017.03.30 08:00:41.260,1.11413,1.11424,1.00,1.25
2017.03.30 08:00:42.286,1.11413,1.11426,1.00,1.50
2017.03.30 08:00:43.495,1.11415,1.11426,1.00,1.00
2017.03.30 08:00:46.166,1.11417,1.11426,1.00,1.00
2017.03.30 08:00:46.803,1.11416,1.11426,1.00,1.00
2017.03.30 08:00:47.005,1.11412,1.11426,3.08,1.00
2017.03.30 08:00:47.259,1.11416,1.11426,3.08,1.00
2017.03.30 08:00:47.462,1.11416,1.11429,3.83,1.00
2017.03.30 08:00:47.769,1.11416,1.1143,1.58,1.12
2017.03.30 08:00:48.297,1.11417,1.11429,1.00,1.00
2017.03.30 08:00:48.451,1.11417,1.11429,3.60,1.00
2017.03.30 08:00:49.195,1.11417,1.1143,5.10,1.12
2017.03.30 08:00:49.715,1.11417,1.11432,6.97,2.44
2017.03.30 08:00:50.725,1.11417,1.1143,6.22,1.00
2017.03.30 08:00:51.029,1.11417,1.11428,4.72,1.00
2017.03.30 08:00:51.346,1.11417,1.11431,6.41,1.12
2017.03.30 08:00:51.852,1.11421,1.11431,1.50,1.12
2017.03.30 08:00:53.177,1.1142,1.11431,1.30,1.12
2017.03.30 08:00:53.681,1.11419,1.1143,1.04,1.00
2017.03.30 08:00:54.198,1.11419,1.11431,1.04,1.12
2017.03.30 08:00:54.730,1.11422,1.11431,1.25,1.12
2017.03.30 08:00:55.469,1.1142,1.11431,1.72,1.12
2017.03.30 08:00:55.774,1.11417,1.11426,1.00,1.00
2017.03.30 08:00:56.129,1.11415,1.11425,1.25,1.00
2017.03.30 08:00:56.657,1.11414,1.11424,1.35,1.00
2017.03.30 08:00:57.180,1.11414,1.11424,1.35,1.00
2017.03.30 08:00:58.288,1.11414,1.11424,2.66,1.00
2017.03.30 08:00:58.628,1.11416,1.11424,1.60,1.00
2017.03.30 08:00:58.882,1.11416,1.11427,1.72,1.50
2017.03.30 08:00:58.984,1.11418,1.11427,1.60,1.87
2017.03.30 08:00:59.136,1.11419,1.11429,1.29,1.12
2017.03.30 08:00:59.187,1.11419,1.11429,1.72,1.12
2017.03.30 08:01:00.037,1.11419,1.11428,1.72,1.00
2017.03.30 08:01:00.088,1.11417,1.11427,1.72,1.00
2017.03.30 08:01:01.072,1.11419,1.11431,1.05,1.12
2017.03.30 08:01:01.582,1.11419,1.11431,1.05,1.37
2017.03.30 08:01:02.169,1.11422,1.11432,1.00,2.55
2017.03.30 08:01:02.472,1.11422,1.11432,1.00,3.00
2017.03.30 08:01:02.523,1.11421,1.11431,1.00,1.00
2017.03.30 08:01:03.606,1.11419,1.11431,1.35,1.00
2017.03.30 08:01:04.112,1.11421,1.11431,1.00,1.00
2017.03.30 08:01:04.650,1.11417,1.1143,1.60,1.00
2017.03.30 08:01:04.903,1.11416,1.11427,1.60,1.12
2017.03.30 08:01:05.484,1.11417,1.11427,1.00,1.12
2017.03.30 08:01:05.993,1.11418,1.11427,1.00,1.12
2017.03.30 08:01:06.510,1.11418,1.11431,1.30,1.12
2017.03.30 08:01:06.612,1.11423,1.11434,1.00,1.37
2017.03.30 08:01:06.916,1.11428,1.11435,3.22,1.12
2017.03.30 08:01:07.119,1.11431,1.11444,1.22,1.12
2017.03.30 08:01:07.591,1.11433,1.11441,1.00,1.00
2017.03.30 08:01:08.339,1.11433,1.11442,1.00,1.00
2017.03.30 08:01:08.860,1.11433,1.11442,1.22,1.00
2017.03.30 08:01:09.402,1.11432,1.11441,1.31,1.00
2017.03.30 08:01:09.612,1.11427,1.11435,1.72,1.00
2017.03.30 08:01:09.714,1.11426,1.11434,1.35,1.00
2017.03.30 08:01:10.247,1.11426,1.11435,1.30,1.00
2017.03.30 08:01:10.786,1.11425,1.11435,2.47,1.00
2017.03.30 08:01:11.320,1.11425,1.11436,1.37,1.00
2017.03.30 08:01:11.372,1.11423,1.11435,1.25,1.00
2017.03.30 08:01:11.423,1.11425,1.11433,1.00,1.00
2017.03.30 08:01:11.525,1.11423,1.11432,1.31,1.00
2017.03.30 08:01:11.677,1.11423,1.11434,1.25,1.00
2017.03.30 08:01:11.729,1.11425,1.11434,1.31,1.00
2017.03.30 08:01:12.294,1.11425,1.11435,1.54,1.00
2017.03.30 08:01:12.780,1.11425,1.11433,1.54,1.00
2017.03.30 08:01:13.644,1.11423,1.11434,1.50,1.00
2017.03.30 08:01:13.947,1.11423,1.11432,1.50,1.00
2017.03.30 08:01:14.605,1.11422,1.11433,2.05,1.00
2017.03.30 08:01:15.143,1.11423,1.11432,1.37,1.00
2017.03.30 08:01:15.245,1.11422,1.11434,2.85,1.00
2017.03.30 08:01:15.755,1.11425,1.11435,1.87,1.00
2017.03.30 08:01:16.010,1.11428,1.11435,1.00,1.00
2017.03.30 08:01:16.112,1.11428,1.11437,1.00,1.00
2017.03.30 08:01:16.399,1.11429,1.11439,1.25,1.00
2017.03.30 08:01:16.528,1.11429,1.11437,1.25,1.00
2017.03.30 08:01:17.586,1.11427,1.11438,2.81,1.00
2017.03.30 08:01:18.116,1.11427,1.11438,1.12,1.00
2017.03.30 08:01:18.472,1.11427,1.11436,1.12,1.00
2017.03.30 08:01:19.048,1.11427,1.11438,1.12,1.00
2017.03.30 08:01:19.850,1.11427,1.1144,1.12,1.50
2017.03.30 08:01:21.014,1.11425,1.11439,2.62,1.12
2017.03.30 08:01:21.073,1.11425,1.11437,2.25,1.00
2017.03.30 08:01:21.176,1.11423,1.11436,1.37,1.00
2017.03.30 08:01:21.227,1.11422,1.11435,2.06,1.00
2017.03.30 08:01:21.475,1.11422,1.11435,1.00,2.62
2017.03.30 08:01:25.515,1.1142,1.11433,1.35,1.50
2017.03.30 08:01:25.566,1.11423,1.11435,1.00,2.62
2017.03.30 08:01:25.668,1.11422,1.11436,1.69,1.50
2017.03.30 08:01:25.719,1.11424,1.11436,1.50,1.50
2017.03.30 08:01:26.023,1.11427,1.11438,1.00,1.37
2017.03.30 08:01:26.220,1.11427,1.1144,1.50,1.56
2017.03.30 08:01:26.747,1.11427,1.11442,1.87,3.00
2017.03.30 08:01:27.667,1.11427,1.11443,2.25,1.25
2017.03.30 08:01:28.204,1.11428,1.11443,1.00,1.50
2017.03.30 08:01:29.462,1.11428,1.11442,1.00,1.62
2017.03.30 08:01:29.970,1.11428,1.11443,1.12,1.87
2017.03.30 08:01:31.280,1.11432,1.11442,1.00,1.05
2017.03.30 08:01:31.557,1.11436,1.11448,1.00,1.91
2017.03.30 08:01:32.062,1.11434,1.11448,1.75,1.12
2017.03.30 08:01:32.608,1.11433,1.11447,3.75,1.00
2017.03.30 08:01:32.659,1.11432,1.11446,1.87,1.00
2017.03.30 08:01:33.025,1.11431,1.11444,6.00,1.00
2017.03.30 08:01:33.965,1.11431,1.11444,2.62,1.00
2017.03.30 08:01:34.522,1.11431,1.11445,1.95,1.12
2017.03.30 08:01:35.025,1.11431,1.11445,1.87,1.12
2017.03.30 08:01:35.797,1.11434,1.11446,1.00,1.50
2017.03.30 08:01:36.220,1.11432,1.11445,1.50,1.00
2017.03.30 08:01:36.271,1.11433,1.11445,3.08,1.00
2017.03.30 08:01:36.373,1.11432,1.11445,1.20,1.37
2017.03.30 08:01:36.754,1.11429,1.11444,2.44,1.12
2017.03.30 08:01:36.984,1.11429,1.11442,2.06,1.00
2017.03.30 08:01:37.408,1.11429,1.11439,2.06,1.00
2017.03.30 08:01:37.753,1.11427,1.11438,1.10,1.00
2017.03.30 08:01:38.254,1.11427,1.11437,1.10,1.00
2017.03.30 08:01:38.822,1.11426,1.11439,3.83,1.00
2017.03.30 08:01:39.341,1.11425,1.11439,1.58,1.00
2017.03.30 08:01:40.579,1.11425,1.11439,4.58,1.00
2017.03.30 08:01:40.680,1.11424,1.11436,6.26,1.00
2017.03.30 08:01:41.458,1.11425,1.11435,1.08,1.00
2017.03.30 08:01:41.732,1.11424,1.11435,1.10,1.00
2017.03.30 08:01:42.188,1.11422,1.11433,1.87,1.00
2017.03.30 08:01:42.340,1.11422,1.11435,1.08,1.00
2017.03.30 08:01:42.442,1.11422,1.11433,1.08,1.00
2017.03.30 08:01:42.778,1.11421,1.1143,4.20,1.00
2017.03.30 08:01:43.019,1.11419,1.11431,3.83,1.00
2017.03.30 08:01:43.146,1.11419,1.11429,3.83,1.00
2017.03.30 08:01:43.776,1.11419,1.1143,3.83,1.00
2017.03.30 08:01:44.057,1.11419,1.11433,3.83,1.12
2017.03.30 08:01:44.259,1.11419,1.11432,1.00,1.00
2017.03.30 08:01:44.844,1.11419,1.11431,1.00,1.00
2017.03.30 08:01:45.406,1.11418,1.11431,1.87,1.00
2017.03.30 08:01:45.458,1.1142,1.11431,1.00,1.00
2017.03.30 08:01:46.102,1.11419,1.11431,1.00,1.00
2017.03.30 08:01:47.520,1.11419,1.11429,1.00,1.00
2017.03.30 08:01:47.572,1.11417,1.11429,1.00,1.00
2017.03.30 08:01:47.622,1.11417,1.1143,1.00,3.04
2017.03.30 08:01:47.985,1.11416,1.11428,1.00,1.91
2017.03.30 08:01:50.041,1.11414,1.11426,1.00,1.91
2017.03.30 08:01:50.092,1.11412,1.11426,1.00,2.66
2017.03.30 08:01:50.143,1.11412,1.11424,1.00,1.41
2017.03.30 08:01:50.547,1.11411,1.11424,1.12,2.25
2017.03.30 08:01:51.054,1.1141,1.11423,1.69,1.12
2017.03.30 08:01:52.811,1.11409,1.11422,1.00,1.37
2017.03.30 08:01:53.383,1.11408,1.1142,1.00,1.00
2017.03.30 08:01:53.434,1.11406,1.1142,1.50,1.00
2017.03.30 08:01:53.788,1.11405,1.11417,1.12,1.00
2017.03.30 08:01:54.091,1.11403,1.11415,1.00,1.05
2017.03.30 08:01:54.598,1.11402,1.11415,1.00,1.54
2017.03.30 08:01:55.147,1.11401,1.11414,1.00,1.91
2017.03.30 08:01:55.198,1.11399,1.11412,1.12,1.00
2017.03.30 08:01:55.452,1.11402,1.11412,1.00,1.00
2017.03.30 08:01:55.857,1.11404,1.11413,1.00,1.44
2017.03.30 08:01:56.241,1.11406,1.11413,1.00,1.44
2017.03.30 08:01:56.793,1.11405,1.11415,1.00,1.87
2017.03.30 08:01:56.895,1.11405,1.11416,1.00,1.56
2017.03.30 08:01:57.148,1.11407,1.11417,1.00,2.62
2017.03.30 08:01:57.734,1.11408,1.11418,1.00,2.25
2017.03.30 08:01:57.937,1.11408,1.11419,1.00,1.25
2017.03.30 08:01:58.478,1.11408,1.11419,1.00,1.44
2017.03.30 08:01:58.990,1.11407,1.11419,1.00,2.62
2017.03.30 08:01:59.383,1.11407,1.11418,1.00,3.19
2017.03.30 08:01:59.889,1.11406,1.11416,1.00,1.62
2017.03.30 08:01:59.940,1.11404,1.11416,1.00,1.62
2017.03.30 08:02:00.454,1.11405,1.11416,1.00,1.87
2017.03.30 08:02:00.978,1.11406,1.11416,1.00,1.87
2017.03.30 08:02:02.349,1.11407,1.11418,1.00,4.87
2017.03.30 08:02:02.401,1.11407,1.11418,1.00,1.31
2017.03.30 08:02:02.526,1.11409,1.11418,1.00,1.20
2017.03.30 08:02:02.832,1.11416,1.11425,1.00,1.50
2017.03.30 08:02:03.037,1.11416,1.11428,1.00,1.10
2017.03.30 08:02:03.363,1.11418,1.11428,1.00,1.10
2017.03.30 08:02:03.819,1.11416,1.11427,1.00,1.00
2017.03.30 08:02:04.331,1.11417,1.11428,1.00,1.10
2017.03.30 08:02:04.878,1.11418,1.11429,1.00,1.50
2017.03.30 08:02:06.006,1.11418,1.11428,1.00,1.00
2017.03.30 08:02:06.527,1.11421,1.11429,1.00,1.10
2017.03.30 08:02:06.843,1.11425,1.11433,1.00,1.00
2017.03.30 08:02:07.045,1.11422,1.11433,1.00,1.00
2017.03.30 08:02:07.287,1.11424,1.11433,1.00,1.00
2017.03.30 08:02:07.439,1.11422,1.11433,1.00,1.50
2017.03.30 08:02:07.959,1.11423,1.11432,1.00,1.00
2017.03.30 08:02:08.515,1.11424,1.11433,1.00,1.50
2017.03.30 08:02:09.136,1.11422,1.11432,1.00,1.00
2017.03.30 08:02:09.733,1.11421,1.11433,1.00,1.58
2017.03.30 08:02:09.842,1.11421,1.11432,1.00,1.37
2017.03.30 08:02:10.799,1.11424,1.11431,1.00,1.00
2017.03.30 08:02:10.952,1.11425,1.11438,2.44,2.62
2017.03.30 08:02:11.003,1.11426,1.11438,1.50,2.25
2017.03.30 08:02:11.054,1.11426,1.11439,1.50,1.00
2017.03.30 08:02:11.106,1.11429,1.11439,1.19,1.00
2017.03.30 08:02:11.412,1.11433,1.11442,1.00,1.75
2017.03.30 08:02:11.463,1.11434,1.11443,1.00,1.50
2017.03.30 08:02:11.565,1.11434,1.11445,1.00,1.12
2017.03.30 08:02:11.970,1.11436,1.11447,1.00,1.75
2017.03.30 08:02:13.496,1.11435,1.11447,1.00,1.87
2017.03.30 08:02:13.550,1.11434,1.11447,1.00,1.00
2017.03.30 08:02:13.999,1.11437,1.11447,1.00,1.00
2017.03.30 08:02:14.303,1.11435,1.11448,1.00,1.37
2017.03.30 08:02:14.461,1.11437,1.11448,1.00,1.37
2017.03.30 08:02:14.663,1.11436,1.1145,1.50,2.25
2017.03.30 08:02:15.170,1.11437,1.1145,1.00,1.00
2017.03.30 08:02:15.688,1.11436,1.1145,1.00,1.00
2017.03.30 08:02:15.942,1.11436,1.1145,1.00,1.50
2017.03.30 08:02:16.413,1.11438,1.11449,1.00,1.50
2017.03.30 08:02:16.666,1.11436,1.11449,1.00,1.87
2017.03.30 08:02:17.634,1.11435,1.11449,1.00,2.62
2017.03.30 08:02:17.894,1.11441,1.11449,1.00,1.50
2017.03.30 08:02:17.999,1.1144,1.11454,1.00,3.00
2017.03.30 08:02:18.202,1.11442,1.11453,1.00,1.75
2017.03.30 08:02:18.303,1.11442,1.11454,1.00,1.75
2017.03.30 08:02:18.506,1.11439,1.11454,2.62,2.25
2017.03.30 08:02:19.216,1.11442,1.11453,1.00,1.50
2017.03.30 08:02:19.389,1.11439,1.11453,1.00,1.50
2017.03.30 08:02:19.594,1.11438,1.11452,1.00,2.25
2017.03.30 08:02:20.063,1.11436,1.11449,1.00,1.00
2017.03.30 08:02:20.114,1.11436,1.11449,1.00,1.87
2017.03.30 08:02:20.316,1.11434,1.11448,2.25,1.37
2017.03.30 08:02:20.368,1.11433,1.11445,1.50,1.00
2017.03.30 08:02:20.893,1.11433,1.11444,1.00,1.00
2017.03.30 08:02:21.396,1.11433,1.11446,1.25,1.37
2017.03.30 08:02:21.851,1.11433,1.11447,1.69,2.25
2017.03.30 08:02:22.718,1.11433,1.11446,1.25,1.00
2017.03.30 08:02:23.166,1.11436,1.11447,1.00,1.50
2017.03.30 08:02:23.742,1.11436,1.11448,1.00,1.00
2017.03.30 08:02:24.191,1.11433,1.11447,1.87,1.37
2017.03.30 08:02:24.292,1.11435,1.11446,1.00,1.00
2017.03.30 08:02:24.553,1.11433,1.11446,1.50,1.00
2017.03.30 08:02:25.089,1.11434,1.11446,1.00,1.00
2017.03.30 08:02:25.621,1.11435,1.11446,1.00,1.00
2017.03.30 08:02:26.475,1.11434,1.11446,1.00,1.00
2017.03.30 08:02:26.995,1.11432,1.11445,1.00,1.37
2017.03.30 08:02:27.248,1.1143,1.11444,3.49,1.87
2017.03.30 08:02:27.299,1.1143,1.11444,3.49,2.17
2017.03.30 08:02:27.553,1.11432,1.11445,1.00,1.37
2017.03.30 08:02:27.604,1.11432,1.11446,1.00,1.12
2017.03.30 08:02:27.858,1.11435,1.11447,1.00,2.25
2017.03.30 08:02:28.408,1.11435,1.1145,1.12,2.62
2017.03.30 08:02:28.875,1.11441,1.11451,1.00,1.00
2017.03.30 08:02:28.977,1.11443,1.11455,1.00,1.50
2017.03.30 08:02:29.198,1.11438,1.11452,2.25,1.00
2017.03.30 08:02:29.511,1.11438,1.1145,1.37,1.50
2017.03.30 08:02:29.815,1.11437,1.11449,1.00,1.00
2017.03.30 08:02:30.322,1.11435,1.11449,2.25,1.00
2017.03.30 08:02:31.609,1.11434,1.1145,4.62,1.00
2017.03.30 08:02:33.495,1.11435,1.11451,1.37,7.12
2017.03.30 08:02:33.620,1.11435,1.11447,1.00,3.00
2017.03.30 08:02:34.121,1.11432,1.11447,1.50,5.62
2017.03.30 08:02:34.704,1.11434,1.11447,1.37,1.00
2017.03.30 08:02:34.807,1.11436,1.11449,1.12,1.00
2017.03.30 08:02:34.908,1.11438,1.11451,1.12,1.00
2017.03.30 08:02:35.010,1.11439,1.11453,1.25,3.75
2017.03.30 08:02:35.537,1.1144,1.11453,1.00,1.00
2017.03.30 08:02:35.588,1.11439,1.11451,1.00,1.00
2017.03.30 08:02:36.013,1.11437,1.11448,2.62,1.00
2017.03.30 08:02:36.115,1.11436,1.11448,1.00,1.00
2017.03.30 08:02:36.700,1.11435,1.11448,1.87,1.00
2017.03.30 08:02:37.222,1.11435,1.11449,1.87,1.00
2017.03.30 08:02:38.144,1.11434,1.11447,3.49,1.00
2017.03.30 08:02:38.449,1.11437,1.11449,1.00,1.87
2017.03.30 08:02:38.753,1.1144,1.11451,1.25,1.00
2017.03.30 08:02:38.854,1.1144,1.11455,2.06,1.50
2017.03.30 08:02:38.981,1.11442,1.11455,1.12,1.37
2017.03.30 08:02:39.033,1.11442,1.11456,1.50,1.50
2017.03.30 08:02:39.347,1.11442,1.11454,1.00,1.00
2017.03.30 08:02:39.892,1.11442,1.11455,1.00,1.12
2017.03.30 08:02:41.264,1.11444,1.11458,1.50,2.25
2017.03.30 08:02:41.416,1.11444,1.11458,3.49,1.50
2017.03.30 08:02:41.921,1.11444,1.11459,2.74,2.25
2017.03.30 08:02:42.228,1.11443,1.11457,1.50,1.00
2017.03.30 08:02:43.162,1.11443,1.11453,1.00,1.00
2017.03.30 08:02:43.263,1.11441,1.11455,2.44,1.12
2017.03.30 08:02:43.314,1.11441,1.11455,1.31,1.87
2017.03.30 08:02:43.517,1.11444,1.11456,1.25,1.37
2017.03.30 08:02:43.669,1.11445,1.11457,1.00,3.75
2017.03.30 08:02:43.720,1.11448,1.11457,1.00,3.00
2017.03.30 08:02:43.822,1.11446,1.11457,1.00,3.75
2017.03.30 08:02:44.371,1.11447,1.11458,1.00,1.12
2017.03.30 08:02:44.473,1.11447,1.11457,1.00,1.37
2017.03.30 08:02:44.878,1.11445,1.11457,1.00,1.37
2017.03.30 08:02:46.105,1.11447,1.11456,1.00,1.12
2017.03.30 08:02:46.935,1.11447,1.11456,1.00,1.50
2017.03.30 08:02:47.458,1.11446,1.11456,1.00,1.87
2017.03.30 08:02:48.012,1.11447,1.11456,1.00,1.12
2017.03.30 08:02:48.316,1.11449,1.11458,1.00,1.75
2017.03.30 08:02:49.216,1.11446,1.11459,1.00,3.00
2017.03.30 08:02:50.281,1.11447,1.11459,1.00,4.12
2017.03.30 08:02:50.672,1.11447,1.11459,1.00,3.00
2017.03.30 08:02:50.824,1.11445,1.11459,1.31,3.00
2017.03.30 08:02:50.926,1.11444,1.11458,1.00,2.25
2017.03.30 08:02:51.230,1.11444,1.11458,1.10,2.00
2017.03.30 08:02:51.281,1.11444,1.11458,1.10,2.44
2017.03.30 08:02:51.332,1.11445,1.11458,1.00,2.44
2017.03.30 08:02:51.859,1.11445,1.11458,1.19,2.44
2017.03.30 08:02:52.011,1.11446,1.11459,1.01,1.50
2017.03.30 08:02:52.552,1.11446,1.11458,1.01,1.00
2017.03.30 08:02:52.768,1.11444,1.11458,1.58,1.00
2017.03.30 08:02:53.292,1.11444,1.11457,1.10,1.00
2017.03.30 08:02:53.571,1.11442,1.11457,1.20,3.00
2017.03.30 08:02:54.129,1.11443,1.11457,1.00,3.00
2017.03.30 08:02:54.434,1.11444,1.11457,1.10,1.37
2017.03.30 08:02:54.485,1.11444,1.11457,1.10,1.37
2017.03.30 08:02:54.637,1.11445,1.11457,1.00,1.00
2017.03.30 08:02:54.786,1.11447,1.11457,1.00,1.00
2017.03.30 08:02:54.989,1.11444,1.11457,1.10,1.31
2017.03.30 08:02:55.191,1.11444,1.11457,1.10,1.31
2017.03.30 08:02:55.698,1.11444,1.11457,1.10,1.69
2017.03.30 08:02:55.749,1.11444,1.11457,1.10,1.69
2017.03.30 08:02:55.852,1.11447,1.11457,1.00,1.00
2017.03.30 08:02:55.955,1.11443,1.11455,1.87,1.00
2017.03.30 08:02:56.057,1.11445,1.11454,1.00,1.19
2017.03.30 08:02:56.232,1.11445,1.11455,1.00,1.00
2017.03.30 08:02:56.283,1.11443,1.11455,1.00,1.37
2017.03.30 08:02:56.819,1.11442,1.11454,1.00,1.56
2017.03.30 08:02:57.327,1.11441,1.11452,1.00,1.00
2017.03.30 08:02:58.674,1.11441,1.11453,1.00,1.87
2017.03.30 08:02:59.190,1.11441,1.11452,1.00,1.50
2017.03.30 08:03:00.721,1.11441,1.11451,1.00,1.00
2017.03.30 08:03:01.025,1.11439,1.1145,1.12,1.00
2017.03.30 08:03:01.176,1.11439,1.11447,1.12,1.00
2017.03.30 08:03:01.428,1.11436,1.11447,1.50,1.00
2017.03.30 08:03:01.945,1.11435,1.11447,1.37,1.69
2017.03.30 08:03:02.303,1.11439,1.11448,1.00,1.75
2017.03.30 08:03:02.556,1.11441,1.11449,1.00,1.00
2017.03.30 08:03:03.086,1.11441,1.11448,1.00,1.00
2017.03.30 08:03:03.519,1.11438,1.11446,1.00,1.00
2017.03.30 08:03:03.773,1.11436,1.11446,1.00,1.00
2017.03.30 08:03:04.027,1.11436,1.11443,1.00,1.00
2017.03.30 08:03:04.179,1.11436,1.11446,1.00,1.00
2017.03.30 08:03:05.009,1.11436,1.11445,1.00,1.00
2017.03.30 08:03:05.533,1.11436,1.11444,1.00,1.00
2017.03.30 08:03:05.722,1.11436,1.11442,1.00,1.00
2017.03.30 08:03:05.773,1.11433,1.11444,1.37,1.00
2017.03.30 08:03:05.875,1.11433,1.11441,1.00,1.00
2017.03.30 08:03:07.246,1.11431,1.11441,1.00,1.00
2017.03.30 08:03:07.398,1.11431,1.11438,1.00,1.00
2017.03.30 08:03:07.449,1.11431,1.1144,1.00,1.00
2017.03.30 08:03:07.500,1.11431,1.11442,1.00,1.00
2017.03.30 08:03:08.108,1.11431,1.1144,1.00,1.00
2017.03.30 08:03:08.650,1.11429,1.11441,1.37,1.00
2017.03.30 08:03:09.141,1.11429,1.11441,1.12,1.00
2017.03.30 08:03:09.634,1.11429,1.1144,1.37,1.00
2017.03.30 08:03:10.158,1.1143,1.1144,1.12,1.00
2017.03.30 08:03:10.334,1.11431,1.11442,1.87,1.00
2017.03.30 08:03:10.853,1.11431,1.11441,3.30,1.00
2017.03.30 08:03:11.257,1.11432,1.11443,1.00,1.00
2017.03.30 08:03:11.511,1.1143,1.1144,2.55,1.00
2017.03.30 08:03:12.067,1.11429,1.1144,2.55,1.00
2017.03.30 08:03:12.574,1.1143,1.1144,1.00,1.00
2017.03.30 08:03:12.889,1.11426,1.11437,1.37,1.00
2017.03.30 08:03:13.285,1.11426,1.11435,1.00,1.00
2017.03.30 08:03:14.840,1.11426,1.11437,1.00,1.00
2017.03.30 08:03:15.365,1.11426,1.11438,1.00,2.62
2017.03.30 08:03:15.579,1.11426,1.11434,1.00,1.00
2017.03.30 08:03:15.655,1.11424,1.11436,1.00,1.00
2017.03.30 08:03:15.707,1.11424,1.11436,1.12,1.87
2017.03.30 08:03:15.966,1.1142,1.11435,1.50,1.54
2017.03.30 08:03:16.524,1.1142,1.11435,2.25,2.29
2017.03.30 08:03:16.828,1.11423,1.11436,1.00,4.91
2017.03.30 08:03:17.513,1.11423,1.11437,2.62,2.66
2017.03.30 08:03:17.615,1.11422,1.11435,1.87,1.00
2017.03.30 08:03:18.151,1.11422,1.11434,2.25,1.00
2017.03.30 08:03:18.508,1.1142,1.11431,2.25,1.00
2017.03.30 08:03:18.610,1.11418,1.11428,1.00,1.00
2017.03.30 08:03:19.637,1.11416,1.11427,1.00,1.00
2017.03.30 08:03:20.188,1.11416,1.11428,1.50,1.00
2017.03.30 08:03:22.556,1.11417,1.11428,1.00,1.00
2017.03.30 08:03:23.585,1.11418,1.11428,1.00,1.00
2017.03.30 08:03:24.254,1.11417,1.11428,1.00,1.50
2017.03.30 08:03:24.787,1.11418,1.11428,1.00,1.00
2017.03.30 08:03:24.976,1.11418,1.1143,1.00,1.91
2017.03.30 08:03:25.245,1.1142,1.11429,1.00,1.50
2017.03.30 08:03:25.499,1.11424,1.11437,1.00,1.91
2017.03.30 08:03:25.550,1.11426,1.11437,1.00,1.91
2017.03.30 08:03:26.017,1.11426,1.11439,1.00,2.66
2017.03.30 08:03:30.048,1.11428,1.11439,1.00,1.91
2017.03.30 08:03:35.762,1.11429,1.1144,1.00,1.54
2017.03.30 08:03:36.665,1.11431,1.11442,1.00,1.69
2017.03.30 08:03:40.141,1.11429,1.11442,1.00,2.06
2017.03.30 08:03:40.724,1.11428,1.1144,1.00,3.00
2017.03.30 08:03:41.045,1.11428,1.11437,1.00,1.00
2017.03.30 08:03:44.644,1.11426,1.11436,1.12,1.12
2017.03.30 08:03:44.695,1.11426,1.11437,1.00,4.12
2017.03.30 08:03:44.746,1.11423,1.11433,1.87,1.00
2017.03.30 08:03:47.845,1.11423,1.11433,1.87,1.00
2017.03.30 08:03:50.232,1.11424,1.11435,1.00,1.00
2017.03.30 08:03:50.751,1.11424,1.11435,1.37,1.00
2017.03.30 08:03:51.271,1.11426,1.11435,1.00,1.00
2017.03.30 08:03:52.697,1.11426,1.11435,1.00,1.50
2017.03.30 08:03:53.245,1.11424,1.11433,1.00,1.00
2017.03.30 08:03:53.397,1.11423,1.11433,1.00,1.50
2017.03.30 08:03:53.703,1.11425,1.11437,1.00,6.37
2017.03.30 08:03:53.805,1.11425,1.11436,1.00,2.00
2017.03.30 08:03:53.906,1.11428,1.11437,1.00,3.00
2017.03.30 08:03:54.159,1.11428,1.11439,1.00,1.87
2017.03.30 08:03:54.668,1.11428,1.11439,1.00,2.25
2017.03.30 08:03:55.223,1.11428,1.11439,1.00,3.00
2017.03.30 08:03:57.259,1.11426,1.11439,1.50,3.00
2017.03.30 08:04:02.885,1.11428,1.11439,1.00,3.00
2017.03.30 08:04:03.222,1.11434,1.1144,1.00,1.50
2017.03.30 08:04:03.439,1.11437,1.11445,1.00,1.81
2017.03.30 08:04:03.642,1.11438,1.11448,1.00,2.25
2017.03.30 08:04:04.442,1.11438,1.11448,1.00,1.50
2017.03.30 08:04:04.921,1.11444,1.11449,1.00,1.00
2017.03.30 08:04:05.073,1.11441,1.11452,1.12,1.69
2017.03.30 08:04:05.124,1.11445,1.11453,1.00,1.56
2017.03.30 08:04:05.428,1.11447,1.11454,1.00,1.50
2017.03.30 08:04:05.949,1.11446,1.11456,1.00,4.50
2017.03.30 08:04:07.055,1.11445,1.11455,1.00,4.12
2017.03.30 08:04:07.615,1.11445,1.11455,1.00,1.44
2017.03.30 08:04:07.916,1.11449,1.11459,1.00,3.19
2017.03.30 08:04:07.967,1.1145,1.11459,1.00,2.44
2017.03.30 08:04:08.324,1.11445,1.11457,2.06,1.00
2017.03.30 08:04:08.937,1.11444,1.11453,1.05,1.00
2017.03.30 08:04:09.486,1.11443,1.11453,1.99,1.00
2017.03.30 08:04:09.588,1.11444,1.11455,2.17,1.00
2017.03.30 08:04:10.073,1.11444,1.11452,1.34,1.00
2017.03.30 08:04:11.135,1.11444,1.11455,1.19,1.00
2017.03.30 08:04:11.237,1.11442,1.11454,1.31,1.25
2017.03.30 08:04:11.339,1.11446,1.11457,1.19,4.50
2017.03.30 08:04:11.441,1.11448,1.11461,1.69,2.06
2017.03.30 08:04:11.568,1.11448,1.11461,1.69,1.31
2017.03.30 08:04:11.619,1.11447,1.11458,1.31,1.00
2017.03.30 08:04:11.720,1.11448,1.1146,1.69,1.00
2017.03.30 08:04:12.334,1.11449,1.1146,1.19,1.00
2017.03.30 08:04:12.861,1.11449,1.11461,1.94,1.25
2017.03.30 08:04:13.421,1.11449,1.11461,1.94,1.50
2017.03.30 08:04:13.472,1.11447,1.11458,3.30,1.00
2017.03.30 08:04:14.059,1.11447,1.1146,4.05,1.25
2017.03.30 08:04:14.366,1.11447,1.11458,3.30,1.00
2017.03.30 08:04:14.569,1.11447,1.11457,1.42,1.00
2017.03.30 08:04:14.884,1.11447,1.11459,1.42,1.00
2017.03.30 08:04:15.480,1.11447,1.11459,3.94,1.00
2017.03.30 08:04:15.992,1.11447,1.1146,3.94,1.25
2017.03.30 08:04:18.568,1.11447,1.11458,2.25,1.00
2017.03.30 08:04:18.669,1.11446,1.11458,2.14,1.00
2017.03.30 08:04:18.984,1.11446,1.1146,1.20,1.25
2017.03.30 08:04:19.085,1.11446,1.11457,1.20,1.00
2017.03.30 08:04:19.687,1.11445,1.11456,4.76,1.00
2017.03.30 08:04:20.206,1.11444,1.11455,2.44,1.00
2017.03.30 08:04:23.319,1.11443,1.11452,1.87,1.00
2017.03.30 08:04:23.371,1.11438,1.11452,2.44,1.00
2017.03.30 08:04:24.273,1.11439,1.11451,1.31,1.00
2017.03.30 08:04:24.784,1.1144,1.11451,1.00,1.00
2017.03.30 08:04:25.326,1.11438,1.11451,1.69,1.00
2017.03.30 08:04:25.920,1.11439,1.11452,1.25,1.00
2017.03.30 08:04:26.333,1.11439,1.1145,1.69,1.00
2017.03.30 08:04:26.869,1.11439,1.11451,1.69,1.00
2017.03.30 08:04:27.871,1.11439,1.11452,1.25,1.00
2017.03.30 08:04:28.186,1.11439,1.11452,2.00,1.00
2017.03.30 08:04:29.117,1.11439,1.11451,2.00,1.00
2017.03.30 08:04:29.575,1.11439,1.11449,2.00,1.00
2017.03.30 08:04:30.165,1.11439,1.1145,2.00,1.00
2017.03.30 08:04:30.368,1.11439,1.11452,2.00,1.25
2017.03.30 08:04:32.525,1.11441,1.11452,1.00,1.00
2017.03.30 08:04:33.447,1.11441,1.11453,1.00,1.25
2017.03.30 08:04:33.973,1.11438,1.11453,2.44,1.69
2017.03.30 08:04:34.947,1.11439,1.11451,1.69,1.00
2017.03.30 08:04:35.459,1.11439,1.11452,1.19,1.00
2017.03.30 08:04:36.073,1.11439,1.11453,1.19,1.69
2017.03.30 08:04:37.537,1.11442,1.11454,1.00,1.25
2017.03.30 08:04:38.064,1.11441,1.11455,1.25,1.50
2017.03.30 08:04:40.585,1.11442,1.11455,1.00,1.00
2017.03.30 08:04:40.980,1.11447,1.11458,1.25,1.12
2017.03.30 08:04:41.192,1.11447,1.11461,2.59,1.50
2017.03.30 08:04:41.496,1.11454,1.11466,2.40,3.00
2017.03.30 08:04:41.800,1.1146,1.11473,2.78,1.00
2017.03.30 08:04:41.852,1.11459,1.11471,1.28,1.00
2017.03.30 08:04:41.953,1.1146,1.11472,1.91,1.75
2017.03.30 08:04:42.207,1.11458,1.11471,3.68,1.50
2017.03.30 08:04:43.728,1.11458,1.11472,5.18,1.75
2017.03.30 08:04:43.931,1.1146,1.11473,2.74,1.00
2017.03.30 08:04:44.033,1.11463,1.11474,1.00,1.12
2017.03.30 08:04:45.545,1.11464,1.11474,1.00,1.12
2017.03.30 08:04:46.287,1.11466,1.11474,1.00,1.12
2017.03.30 08:04:46.440,1.11467,1.11479,1.69,1.00
2017.03.30 08:04:46.592,1.11465,1.11478,3.01,1.50
2017.03.30 08:04:46.693,1.1147,1.11478,1.00,1.00
2017.03.30 08:04:46.846,1.11471,1.1148,1.00,1.00
2017.03.30 08:04:47.622,1.11469,1.11483,1.00,1.55
2017.03.30 08:04:47.673,1.11472,1.11485,1.00,1.80
2017.03.30 08:04:47.724,1.11472,1.11485,1.00,1.80
2017.03.30 08:04:48.360,1.11471,1.11481,1.00,1.00
2017.03.30 08:04:48.901,1.11471,1.11484,1.00,2.25
2017.03.30 08:04:49.569,1.11467,1.11482,1.87,3.00
2017.03.30 08:04:49.620,1.11468,1.11479,1.00,1.00
2017.03.30 08:04:49.923,1.1147,1.11482,1.00,1.75
2017.03.30 08:04:50.227,1.11472,1.11482,1.00,1.00
2017.03.30 08:04:50.738,1.11471,1.11484,1.00,1.87
2017.03.30 08:04:50.789,1.11471,1.11481,1.00,1.00
2017.03.30 08:04:50.840,1.11469,1.11481,1.00,1.00
2017.03.30 08:04:50.942,1.11469,1.11481,1.00,3.00
2017.03.30 08:04:51.099,1.11465,1.1148,2.81,1.87
2017.03.30 08:04:51.613,1.11466,1.11476,2.26,1.00
2017.03.30 08:04:51.968,1.1147,1.11482,1.25,3.75
2017.03.30 08:04:52.171,1.1147,1.11482,1.00,1.37
2017.03.30 08:04:52.538,1.11468,1.11478,1.19,1.00
2017.03.30 08:04:53.056,1.11468,1.11479,1.19,1.12
2017.03.30 08:04:53.451,1.11466,1.11477,1.19,1.12
2017.03.30 08:04:54.299,1.11466,1.11475,1.19,1.00
2017.03.30 08:04:57.188,1.11465,1.11472,2.63,1.00
2017.03.30 08:04:58.221,1.11465,1.11478,2.26,2.25
2017.03.30 08:04:58.800,1.11465,1.11476,2.07,2.25
2017.03.30 08:04:59.304,1.11464,1.11476,2.59,2.25
2017.03.30 08:05:01.271,1.11465,1.11475,2.40,1.12
2017.03.30 08:05:01.806,1.11463,1.11475,1.00,1.12
2017.03.30 08:05:01.857,1.11463,1.11473,1.00,1.50
2017.03.30 08:05:02.161,1.11468,1.11472,1.00,1.00
2017.03.30 08:05:02.263,1.11469,1.11479,1.00,1.50
2017.03.30 08:05:04.490,1.11468,1.1148,1.00,3.00
2017.03.30 08:05:07.333,1.11466,1.1148,1.00,3.00
2017.03.30 08:05:08.586,1.11465,1.11478,1.00,2.06
2017.03.30 08:05:08.807,1.11466,1.11478,1.00,1.87
2017.03.30 08:05:09.163,1.11467,1.11478,1.00,1.87
2017.03.30 08:05:10.636,1.11465,1.11477,1.25,1.37
2017.03.30 08:05:10.789,1.11465,1.11476,1.25,1.12
2017.03.30 08:05:11.392,1.11463,1.11476,1.00,2.06
2017.03.30 08:05:12.679,1.11462,1.11476,1.25,2.44
2017.03.30 08:05:13.786,1.11464,1.11477,1.00,2.25
2017.03.30 08:05:14.808,1.11462,1.11477,1.25,2.00
2017.03.30 08:05:16.517,1.11464,1.11478,1.00,5.62
2017.03.30 08:05:16.946,1.11462,1.11478,1.00,4.12
2017.03.30 08:05:18.041,1.11459,1.11474,1.69,2.06
2017.03.30 08:05:18.143,1.11457,1.11471,1.76,1.42
2017.03.30 08:05:18.652,1.11458,1.11473,1.69,4.50
2017.03.30 08:05:19.641,1.11457,1.11473,1.25,4.87
2017.03.30 08:05:19.793,1.11457,1.11471,1.25,2.25
2017.03.30 08:05:19.844,1.11455,1.11471,1.00,3.75
2017.03.30 08:05:20.744,1.11456,1.1147,1.00,2.00
2017.03.30 08:05:22.572,1.11456,1.11469,1.19,1.81
2017.03.30 08:05:22.674,1.11457,1.11472,1.19,2.00
2017.03.30 08:05:23.064,1.11461,1.11471,3.41,1.50
2017.03.30 08:05:23.217,1.11463,1.11476,1.00,2.44
2017.03.30 08:05:23.318,1.11462,1.11475,1.25,1.50
2017.03.30 08:05:23.472,1.1146,1.11475,1.16,3.00
2017.03.30 08:05:23.574,1.11461,1.11474,1.00,1.75
2017.03.30 08:05:25.418,1.11459,1.11474,4.54,1.87
2017.03.30 08:05:27.699,1.11461,1.11473,1.00,3.49
2017.03.30 08:05:28.842,1.11458,1.11471,1.00,1.31
2017.03.30 08:05:29.298,1.11458,1.11471,1.00,2.44
2017.03.30 08:05:31.006,1.11458,1.11468,1.00,1.00
2017.03.30 08:05:31.554,1.11459,1.1147,1.00,1.87
2017.03.30 08:05:32.155,1.11458,1.1147,1.00,2.25
2017.03.30 08:05:32.807,1.11458,1.11471,1.00,3.37
2017.03.30 08:05:35.184,1.11457,1.11469,1.00,1.69
2017.03.30 08:05:35.519,1.11459,1.11467,1.00,1.00
2017.03.30 08:05:36.182,1.11456,1.11467,1.00,1.00
2017.03.30 08:05:37.531,1.11458,1.11467,1.00,1.25
2017.03.30 08:05:37.792,1.11456,1.11467,1.00,1.25
2017.03.30 08:05:37.842,1.11456,1.11467,1.00,1.75
2017.03.30 08:05:37.944,1.11456,1.11467,1.00,1.69
2017.03.30 08:05:38.090,1.11456,1.11467,1.00,1.75
2017.03.30 08:05:38.395,1.1146,1.11467,1.00,1.00
2017.03.30 08:05:38.547,1.11461,1.11474,1.00,2.62
2017.03.30 08:05:38.751,1.11459,1.11471,1.12,1.12
2017.03.30 08:05:39.219,1.11457,1.1147,1.50,2.25
2017.03.30 08:05:39.270,1.11454,1.11467,1.87,1.87
2017.03.30 08:05:39.427,1.11453,1.11466,1.25,2.06
2017.03.30 08:05:39.582,1.11453,1.11464,1.25,2.25
2017.03.30 08:05:40.140,1.11453,1.11464,1.25,1.69
2017.03.30 08:05:44.057,1.11452,1.11463,1.25,1.31
2017.03.30 08:05:44.581,1.11453,1.11463,1.25,1.31
2017.03.30 08:05:45.801,1.11453,1.11462,1.25,1.00
2017.03.30 08:05:48.331,1.1145,1.11462,1.00,1.50
2017.03.30 08:05:48.877,1.1145,1.11462,1.12,1.25
2017.03.30 08:05:50.629,1.11451,1.11461,1.00,1.00
2017.03.30 08:05:50.680,1.11447,1.11458,1.50,1.25
2017.03.30 08:05:50.751,1.11446,1.11459,1.00,1.69
2017.03.30 08:05:50.853,1.11447,1.1146,1.00,1.50
2017.03.30 08:05:50.954,1.11449,1.11461,1.00,1.50
2017.03.30 08:05:51.665,1.11449,1.11461,1.00,1.00
2017.03.30 08:05:51.969,1.11446,1.11458,1.00,1.00
2017.03.30 08:05:52.487,1.11445,1.11458,1.54,1.50
2017.03.30 08:05:53.009,1.11446,1.11458,1.69,1.19
2017.03.30 08:05:53.713,1.11448,1.11458,1.25,1.19
2017.03.30 08:05:54.042,1.11446,1.11458,1.69,2.44
2017.03.30 08:05:54.194,1.11444,1.11455,2.48,1.00
2017.03.30 08:05:54.519,1.11444,1.11456,1.31,1.25
2017.03.30 08:05:54.834,1.11442,1.11454,3.00,1.00
2017.03.30 08:05:55.137,1.11445,1.11454,1.00,1.37
2017.03.30 08:05:55.441,1.11446,1.11455,1.87,1.00
2017.03.30 08:05:55.953,1.11447,1.11455,1.00,1.00
2017.03.30 08:05:56.516,1.11446,1.11454,1.12,1.00
2017.03.30 08:05:57.341,1.11447,1.11455,1.00,1.00
2017.03.30 08:05:57.443,1.11447,1.11458,1.50,1.00
2017.03.30 08:05:57.494,1.11449,1.11459,1.25,1.50
2017.03.30 08:05:57.849,1.11448,1.11456,1.00,1.00
2017.03.30 08:05:58.001,1.11446,1.11456,2.06,1.00
2017.03.30 08:05:58.057,1.11448,1.11458,1.00,1.25
2017.03.30 08:05:58.590,1.11447,1.11458,1.00,1.25
2017.03.30 08:05:59.269,1.11447,1.11457,1.12,1.00
2017.03.30 08:05:59.600,1.1145,1.11457,1.00,1.00
2017.03.30 08:06:00.516,1.11447,1.11456,2.25,1.00
2017.03.30 08:06:01.136,1.11448,1.11456,1.00,1.00
2017.03.30 08:06:01.719,1.11448,1.11457,1.00,1.00
2017.03.30 08:06:02.333,1.11448,1.11454,1.00,1.00
2017.03.30 08:06:02.735,1.11446,1.11454,1.12,1.69
2017.03.30 08:06:03.268,1.11446,1.11455,1.00,1.00
2017.03.30 08:06:03.370,1.11448,1.11458,1.00,1.85
2017.03.30 08:06:03.876,1.11446,1.11456,2.81,1.00
2017.03.30 08:06:04.404,1.11446,1.11456,2.06,1.00
2017.03.30 08:06:06.138,1.11446,1.11457,1.69,1.00
2017.03.30 08:06:06.641,1.11447,1.11457,1.12,1.00
2017.03.30 08:06:07.279,1.11447,1.11458,1.12,1.10
2017.03.30 08:06:08.326,1.11447,1.11455,1.00,1.00
2017.03.30 08:06:08.427,1.11445,1.11455,1.00,1.00
2017.03.30 08:06:08.579,1.11447,1.11455,1.00,1.00
2017.03.30 08:06:09.410,1.11447,1.11457,1.00,1.00
2017.03.30 08:06:10.370,1.11447,1.11458,1.00,1.10
2017.03.30 08:06:12.808,1.11447,1.11458,2.06,1.00
2017.03.30 08:06:13.328,1.11449,1.11458,1.00,1.00
2017.03.30 08:06:14.637,1.11449,1.11459,1.00,1.12
2017.03.30 08:06:15.264,1.1145,1.1146,1.00,1.00
2017.03.30 08:06:15.954,1.1145,1.11459,1.00,1.00
2017.03.30 08:06:16.342,1.1145,1.11457,1.00,1.00
2017.03.30 08:06:16.393,1.1145,1.11461,1.00,1.50
2017.03.30 08:06:16.443,1.1145,1.11458,1.00,1.00
2017.03.30 08:06:16.791,1.11453,1.11462,1.00,1.00
2017.03.30 08:06:17.110,1.11453,1.11465,1.50,1.75
2017.03.30 08:06:17.211,1.11453,1.11466,1.50,1.75
2017.03.30 08:06:17.287,1.11453,1.11466,1.50,1.12
2017.03.30 08:06:17.859,1.11454,1.11466,1.00,1.12
2017.03.30 08:06:18.932,1.11454,1.11465,1.00,1.00
2017.03.30 08:06:19.440,1.11453,1.11465,2.25,1.00
2017.03.30 08:06:20.415,1.11453,1.11463,1.50,1.00
2017.03.30 08:06:20.824,1.11453,1.11461,1.00,1.00
2017.03.30 08:06:20.876,1.11453,1.11463,1.00,1.58
2017.03.30 08:06:21.631,1.11453,1.11461,1.00,1.00
2017.03.30 08:06:22.168,1.11453,1.11462,1.00,1.00
2017.03.30 08:06:22.675,1.11453,1.11463,1.00,1.00
2017.03.30 08:06:23.208,1.11453,1.11462,1.00,1.00
2017.03.30 08:06:23.765,1.11453,1.11464,1.00,1.10
2017.03.30 08:06:26.786,1.11453,1.11462,1.00,1.00
2017.03.30 08:06:26.938,1.11453,1.11464,1.50,1.00
2017.03.30 08:06:27.493,1.11453,1.11463,1.50,1.00
2017.03.30 08:06:27.626,1.11453,1.11463,1.69,1.00
2017.03.30 08:06:28.590,1.11455,1.11464,1.25,1.00
2017.03.30 08:06:28.957,1.11458,1.11464,1.00,1.00
2017.03.30 08:06:29.555,1.11458,1.11466,1.00,1.50
2017.03.30 08:06:29.931,1.11461,1.1147,1.12,1.25
2017.03.30 08:06:30.133,1.11462,1.1147,1.37,1.00
2017.03.30 08:06:30.662,1.11462,1.1147,1.00,1.00
2017.03.30 08:06:31.168,1.11462,1.11471,1.00,1.00
2017.03.30 08:06:31.917,1.11463,1.11471,1.25,1.00
2017.03.30 08:06:36.105,1.1146,1.11468,1.25,1.00
2017.03.30 08:06:36.409,1.11458,1.11464,1.25,1.00
2017.03.30 08:06:36.815,1.11455,1.1146,1.25,1.00
2017.03.30 08:06:36.993,1.11455,1.11462,1.31,1.00
2017.03.30 08:06:37.598,1.11455,1.11463,1.31,1.00
2017.03.30 08:06:37.851,1.11453,1.11461,1.62,1.00
2017.03.30 08:06:38.358,1.11453,1.11462,1.31,1.00
2017.03.30 08:06:41.664,1.11455,1.11462,1.25,1.50
2017.03.30 08:06:42.363,1.11455,1.11461,1.25,1.00
2017.03.30 08:06:42.910,1.11455,1.1146,1.62,1.00
2017.03.30 08:06:44.608,1.11455,1.11462,1.62,1.50
2017.03.30 08:06:47.157,1.11455,1.11462,1.31,1.00
2017.03.30 08:06:48.541,1.11455,1.11461,1.25,1.00
2017.03.30 08:06:49.071,1.11455,1.11462,1.25,2.25
2017.03.30 08:06:49.645,1.11455,1.11461,1.25,1.00
2017.03.30 08:06:50.159,1.11455,1.11462,1.25,1.50
2017.03.30 08:06:51.497,1.11454,1.11462,1.25,1.00
2017.03.30 08:06:52.185,1.11454,1.11461,1.25,1.00
2017.03.30 08:06:52.424,1.11451,1.11457,1.62,1.00
2017.03.30 08:06:52.525,1.1145,1.11457,2.81,1.00
2017.03.30 08:06:52.576,1.11454,1.11458,1.00,1.00
2017.03.30 08:06:53.103,1.11453,1.11458,1.00,1.00
2017.03.30 08:06:54.878,1.11453,1.11457,1.00,1.00
2017.03.30 08:06:55.087,1.11453,1.11459,1.00,1.69
2017.03.30 08:06:56.678,1.11453,1.11458,1.00,1.00
2017.03.30 08:06:58.041,1.11448,1.11454,3.00,1.00
2017.03.30 08:06:58.092,1.11448,1.11454,1.00,1.00
2017.03.30 08:06:58.598,1.11449,1.11455,1.25,1.00
2017.03.30 08:06:59.111,1.11449,1.11456,1.31,1.50
2017.03.30 08:06:59.619,1.11449,1.11455,1.31,1.00
2017.03.30 08:07:00.170,1.11449,1.11456,1.25,1.00
2017.03.30 08:07:00.712,1.11449,1.11455,1.25,1.00
2017.03.30 08:07:03.085,1.11449,1.11454,1.31,1.00
2017.03.30 08:07:06.415,1.11448,1.11455,1.37,1.69
2017.03.30 08:07:06.974,1.11448,1.11455,1.00,1.69
2017.03.30 08:07:14.367,1.11448,1.11454,1.00,1.00
2017.03.30 08:07:16.762,1.11449,1.11455,1.25,1.00
2017.03.30 08:07:17.295,1.11449,1.11454,1.31,1.00
2017.03.30 08:07:18.382,1.11449,1.11455,1.31,1.00
2017.03.30 08:07:20.063,1.11449,1.11456,1.31,1.00
2017.03.30 08:07:21.916,1.11448,1.11454,1.62,1.00
2017.03.30 08:07:22.426,1.11448,1.11455,1.31,1.25
2017.03.30 08:07:24.887,1.11448,1.11455,1.25,2.25
2017.03.30 08:07:26.032,1.11448,1.11453,1.25,1.00
2017.03.30 08:07:26.596,1.11448,1.11454,1.25,1.00
2017.03.30 08:07:27.107,1.11448,1.11455,1.25,1.50
2017.03.30 08:07:30.378,1.11448,1.11454,1.25,1.00
2017.03.30 08:07:30.850,1.11446,1.11455,1.25,1.00
2017.03.30 08:07:33.103,1.11446,1.11455,2.06,1.00
2017.03.30 08:07:33.612,1.11446,1.11454,1.62,1.50
2017.03.30 08:07:34.703,1.11444,1.11452,1.62,1.00
2017.03.30 08:07:34.906,1.11442,1.11453,1.31,1.12
2017.03.30 08:07:35.440,1.11442,1.11453,1.62,1.12
2017.03.30 08:07:36.189,1.11442,1.11452,1.62,1.00
2017.03.30 08:07:36.240,1.11442,1.1145,1.62,1.00
2017.03.30 08:07:36.544,1.11442,1.11447,1.50,1.00
2017.03.30 08:07:37.135,1.11442,1.11447,1.25,1.00
2017.03.30 08:07:37.675,1.11441,1.11448,1.31,1.00
2017.03.30 08:07:38.536,1.11444,1.11448,1.25,1.00
2017.03.30 08:07:39.046,1.11443,1.11447,1.25,1.00
2017.03.30 08:07:39.292,1.11443,1.11449,1.25,1.00
2017.03.30 08:07:39.446,1.11443,1.11452,1.25,1.69
2017.03.30 08:07:39.497,1.11443,1.1145,1.31,1.00
2017.03.30 08:07:39.548,1.11443,1.11452,1.31,1.50
2017.03.30 08:07:39.599,1.11446,1.11452,1.00,1.50
2017.03.30 08:07:40.105,1.11444,1.11453,1.87,1.00
2017.03.30 08:07:41.008,1.11444,1.11453,2.62,1.00
2017.03.30 08:07:42.316,1.11446,1.11454,1.31,1.50
2017.03.30 08:07:42.674,1.11448,1.11455,1.12,1.25
2017.03.30 08:07:42.981,1.11449,1.11453,1.00,1.00
2017.03.30 08:07:43.342,1.11446,1.11454,2.06,1.50
2017.03.30 08:07:43.848,1.11447,1.11453,1.00,1.25
2017.03.30 08:07:44.393,1.11447,1.11452,1.00,1.00
2017.03.30 08:07:44.972,1.11446,1.11452,1.00,1.00
2017.03.30 08:07:45.023,1.11448,1.11452,1.00,1.00
2017.03.30 08:07:45.531,1.11447,1.11451,1.00,1.00
2017.03.30 08:07:46.286,1.11446,1.1145,1.25,1.00
2017.03.30 08:07:46.648,1.11447,1.11452,1.00,1.00
2017.03.30 08:07:46.851,1.11447,1.11454,1.00,1.00
2017.03.30 08:07:47.964,1.11447,1.11455,1.12,2.06
2017.03.30 08:07:48.696,1.11447,1.11455,1.37,2.06
2017.03.30 08:07:49.918,1.11447,1.11455,1.12,1.31
2017.03.30 08:07:50.444,1.11448,1.11455,1.12,1.31
2017.03.30 08:07:51.505,1.11446,1.11452,1.37,1.00
2017.03.30 08:07:51.999,1.11446,1.11452,1.12,1.00
2017.03.30 08:07:53.827,1.11445,1.11451,1.12,1.00
2017.03.30 08:07:53.878,1.11445,1.11451,1.12,1.00
2017.03.30 08:07:53.929,1.11443,1.11452,4.50,1.00
2017.03.30 08:07:54.333,1.11443,1.11452,1.12,1.00
2017.03.30 08:07:54.955,1.11444,1.11452,1.00,1.00
2017.03.30 08:07:56.082,1.11444,1.11453,1.00,1.00
2017.03.30 08:07:56.702,1.11444,1.11451,1.25,1.00
2017.03.30 08:07:57.229,1.11443,1.11451,1.31,1.00
2017.03.30 08:07:57.558,1.11447,1.11453,1.00,1.00
2017.03.30 08:07:57.610,1.11447,1.11455,1.00,1.00
2017.03.30 08:07:58.273,1.11445,1.11453,1.25,1.00
2017.03.30 08:07:58.790,1.11444,1.11453,1.00,1.00
2017.03.30 08:07:59.928,1.11443,1.11453,3.04,1.00
2017.03.30 08:08:00.477,1.11443,1.11452,2.66,1.00
2017.03.30 08:08:01.277,1.11443,1.11454,1.69,1.00
2017.03.30 08:08:01.530,1.11445,1.11454,1.00,1.00
2017.03.30 08:08:02.042,1.11445,1.11455,1.69,1.00
2017.03.30 08:08:02.357,1.11447,1.11455,1.00,1.00
2017.03.30 08:08:02.408,1.11444,1.11455,2.48,1.00
2017.03.30 08:08:02.458,1.11444,1.11452,1.12,1.00
2017.03.30 08:08:02.560,1.11442,1.11452,1.50,1.00
2017.03.30 08:08:02.933,1.11441,1.1145,1.31,1.00
2017.03.30 08:08:03.296,1.11441,1.11448,1.25,1.00
2017.03.30 08:08:03.398,1.11442,1.11453,1.69,1.00
2017.03.30 08:08:03.450,1.11444,1.11453,1.00,1.00
2017.03.30 08:08:03.501,1.11442,1.11453,1.00,1.00
2017.03.30 08:08:03.552,1.11441,1.11451,1.16,1.00
2017.03.30 08:08:03.856,1.1144,1.11449,1.00,1.00
2017.03.30 08:08:04.505,1.1144,1.1145,1.50,1.00
2017.03.30 08:08:05.019,1.11442,1.11453,1.00,1.00
2017.03.30 08:08:05.121,1.11446,1.11456,1.00,3.90
2017.03.30 08:08:05.374,1.11447,1.11456,1.00,1.00
2017.03.30 08:08:06.404,1.11447,1.11458,1.50,1.87
2017.03.30 08:08:06.657,1.11448,1.11456,1.00,1.00
2017.03.30 08:08:06.708,1.11448,1.11458,1.00,1.00
2017.03.30 08:08:06.759,1.11448,1.11456,1.00,1.00
2017.03.30 08:08:07.292,1.11447,1.11457,1.00,1.00
2017.03.30 08:08:07.608,1.11443,1.11452,1.31,1.00
2017.03.30 08:08:07.761,1.11444,1.11454,1.25,1.00
2017.03.30 08:08:08.217,1.11444,1.11452,1.12,1.00
2017.03.30 08:08:10.122,1.11444,1.1145,1.12,1.00
2017.03.30 08:08:10.224,1.11445,1.11452,1.00,1.00
2017.03.30 08:08:14.181,1.11444,1.11452,1.00,1.00
2017.03.30 08:08:14.434,1.11444,1.11455,1.00,1.00
2017.03.30 08:08:15.165,1.11443,1.11456,1.00,1.12
2017.03.30 08:08:15.570,1.11445,1.11458,1.00,1.87
2017.03.30 08:08:16.234,1.11442,1.11457,2.81,2.25
2017.03.30 08:08:17.075,1.11442,1.11456,2.25,1.44
2017.03.30 08:08:17.543,1.11443,1.11456,1.00,4.87
2017.03.30 08:08:19.443,1.11443,1.11456,1.00,1.87
2017.03.30 08:08:20.591,1.11443,1.11452,1.00,1.25
2017.03.30 08:08:21.481,1.11444,1.11453,1.00,1.00
2017.03.30 08:08:22.015,1.11443,1.11454,1.00,1.25
2017.03.30 08:08:22.660,1.11443,1.11453,1.00,1.00
2017.03.30 08:08:24.282,1.11442,1.11453,2.06,1.00
2017.03.30 08:08:24.587,1.11444,1.11451,1.00,1.00
2017.03.30 08:08:26.343,1.11446,1.11454,1.00,1.00
2017.03.30 08:08:27.380,1.11447,1.11454,1.00,1.00
2017.03.30 08:08:27.481,1.11449,1.11455,1.00,1.12
2017.03.30 08:08:27.701,1.11447,1.11455,1.00,1.25
2017.03.30 08:08:28.136,1.11449,1.11456,1.00,1.05
2017.03.30 08:08:28.661,1.11448,1.11456,1.50,1.00
2017.03.30 08:08:30.006,1.11449,1.11456,1.00,1.00
2017.03.30 08:08:30.361,1.11451,1.11459,1.00,1.05
2017.03.30 08:08:30.412,1.11454,1.1146,1.00,1.35
2017.03.30 08:08:30.665,1.11452,1.1146,1.12,1.05
2017.03.30 08:08:31.208,1.11452,1.11461,1.12,1.00
2017.03.30 08:08:31.720,1.11452,1.1146,1.12,1.00
2017.03.30 08:08:32.269,1.11452,1.11461,1.12,1.00
2017.03.30 08:08:32.896,1.11453,1.11461,1.00,1.05
2017.03.30 08:08:33.848,1.11453,1.1146,1.00,1.00
2017.03.30 08:08:35.772,1.11453,1.11461,1.00,1.05
2017.03.30 08:08:36.470,1.11455,1.11464,1.00,1.60
2017.03.30 08:08:36.521,1.11455,1.11463,1.50,1.00
2017.03.30 08:08:36.875,1.11456,1.11464,3.00,1.05
2017.03.30 08:08:36.926,1.11456,1.11469,3.00,4.35
2017.03.30 08:08:37.962,1.11458,1.1147,1.12,1.60
2017.03.30 08:08:38.485,1.11458,1.11468,1.87,1.04
2017.03.30 08:08:38.637,1.11462,1.11472,1.00,1.29
2017.03.30 08:08:38.952,1.11467,1.11478,1.00,1.48
2017.03.30 08:08:39.003,1.11467,1.1148,2.81,3.83
2017.03.30 08:08:39.542,1.11467,1.1148,3.19,3.83
2017.03.30 08:08:41.538,1.11467,1.1148,2.44,1.00
2017.03.30 08:08:42.130,1.11468,1.11478,1.00,1.00
2017.03.30 08:08:42.521,1.11466,1.11478,2.81,1.00
2017.03.30 08:08:42.724,1.11466,1.11476,2.81,1.00
2017.03.30 08:08:43.411,1.11466,1.11477,2.06,1.00
2017.03.30 08:08:43.937,1.11466,1.11478,1.31,1.10
2017.03.30 08:08:47.954,1.11467,1.11478,1.00,1.00
2017.03.30 08:08:48.497,1.11466,1.1148,2.81,1.20
2017.03.30 08:08:50.404,1.11467,1.1148,1.00,1.20
2017.03.30 08:08:51.294,1.11468,1.1148,1.00,1.20
2017.03.30 08:08:52.801,1.11465,1.11476,1.00,1.10
2017.03.30 08:08:53.208,1.11467,1.11476,1.25,1.08
2017.03.30 08:08:53.360,1.11464,1.11476,1.69,1.08
2017.03.30 08:08:53.866,1.11463,1.11475,1.31,1.10
2017.03.30 08:08:54.119,1.11465,1.11475,1.25,1.10
2017.03.30 08:08:54.343,1.11466,1.11478,1.25,1.37
2017.03.30 08:08:54.495,1.11466,1.11479,1.31,1.00
2017.03.30 08:08:54.728,1.11465,1.11476,1.69,1.00
2017.03.30 08:08:55.235,1.11466,1.11477,1.25,1.00
2017.03.30 08:08:56.727,1.11466,1.11476,1.25,1.00
2017.03.30 08:08:57.449,1.11466,1.11474,1.25,1.00
2017.03.30 08:08:57.501,1.11464,1.11474,1.25,1.00
2017.03.30 08:08:58.051,1.11463,1.11474,2.81,1.00
2017.03.30 08:08:58.586,1.11463,1.11475,2.81,1.00
2017.03.30 08:08:59.205,1.11463,1.11474,1.31,1.00
2017.03.30 08:08:59.308,1.11463,1.11476,1.31,1.12
2017.03.30 08:08:59.834,1.11463,1.11475,2.06,1.00
2017.03.30 08:09:00.398,1.11463,1.11476,2.06,1.00
2017.03.30 08:09:00.961,1.11464,1.11476,1.00,1.00
2017.03.30 08:09:01.234,1.11464,1.11474,1.00,1.00
2017.03.30 08:09:01.459,1.11463,1.11476,2.06,1.00
2017.03.30 08:09:02.192,1.11463,1.11475,2.06,1.00
2017.03.30 08:09:03.622,1.11464,1.11474,1.00,1.00
2017.03.30 08:09:03.724,1.11466,1.11476,1.25,1.00
2017.03.30 08:09:05.089,1.11466,1.11475,1.25,1.00
2017.03.30 08:09:05.608,1.11465,1.11475,1.25,1.00
2017.03.30 08:09:07.462,1.11463,1.11475,1.31,1.00
2017.03.30 08:09:07.615,1.11463,1.11473,1.31,1.00
2017.03.30 08:09:08.283,1.11463,1.11475,1.31,1.00
2017.03.30 08:09:09.315,1.11464,1.11475,1.00,1.00
2017.03.30 08:09:09.822,1.11465,1.11475,1.00,1.00
2017.03.30 08:09:10.361,1.11466,1.11475,1.25,1.00
2017.03.30 08:09:10.908,1.11466,1.11477,1.25,1.00
2017.03.30 08:09:12.228,1.11464,1.11477,1.69,1.00
2017.03.30 08:09:13.084,1.11463,1.11478,1.94,1.00
2017.03.30 08:09:13.466,1.11463,1.11476,1.94,1.00
2017.03.30 08:09:18.449,1.11463,1.11476,2.19,1.87
2017.03.30 08:09:19.021,1.11463,1.11476,1.19,1.87
2017.03.30 08:09:19.419,1.11463,1.11473,1.19,1.00
2017.03.30 08:09:19.792,1.11463,1.11471,1.19,1.00
2017.03.30 08:09:20.310,1.11463,1.11472,1.19,1.00
2017.03.30 08:09:21.049,1.11463,1.11471,1.19,1.00
2017.03.30 08:09:22.893,1.11464,1.11471,1.19,1.00
2017.03.30 08:09:23.424,1.11464,1.11472,1.19,1.00
2017.03.30 08:09:23.851,1.11462,1.11471,1.69,1.00
2017.03.30 08:09:24.895,1.11463,1.11472,1.25,1.00
2017.03.30 08:09:25.411,1.11463,1.11473,1.25,1.00
2017.03.30 08:09:26.021,1.11463,1.11471,1.25,1.00
2017.03.30 08:09:26.570,1.11462,1.11471,1.25,1.00
2017.03.30 08:09:27.101,1.11462,1.11472,1.25,1.00
2017.03.30 08:09:27.654,1.11461,1.11471,1.69,1.00
2017.03.30 08:09:28.012,1.11461,1.11473,3.19,1.00
2017.03.30 08:09:28.520,1.11463,1.11472,1.00,1.00
2017.03.30 08:09:29.187,1.11463,1.11472,1.37,1.00
2017.03.30 08:09:31.070,1.11466,1.11476,1.50,2.02
2017.03.30 08:09:31.121,1.11468,1.11477,1.00,1.00
2017.03.30 08:09:31.415,1.11468,1.11479,1.25,1.50
2017.03.30 08:09:31.947,1.11468,1.11481,1.25,2.02
2017.03.30 08:09:32.479,1.11466,1.11479,1.50,1.00
2017.03.30 08:09:33.013,1.11466,1.1148,1.50,1.87
2017.03.30 08:09:33.533,1.11465,1.11479,4.69,1.50
2017.03.30 08:09:33.742,1.11465,1.11473,1.69,1.00
2017.03.30 08:09:34.248,1.11463,1.11471,2.44,1.00
2017.03.30 08:09:34.529,1.11464,1.11474,1.94,1.00
2017.03.30 08:09:35.050,1.11463,1.11475,2.62,1.00
2017.03.30 08:09:35.713,1.11463,1.11472,1.87,1.00
2017.03.30 08:09:36.017,1.11463,1.11474,1.25,1.00
2017.03.30 08:09:36.181,1.11463,1.11474,1.69,1.00
2017.03.30 08:09:36.957,1.11463,1.11477,1.69,2.25
2017.03.30 08:09:37.109,1.11463,1.11475,1.00,1.69
2017.03.30 08:09:37.311,1.11463,1.11475,1.00,2.25
2017.03.30 08:09:37.514,1.11461,1.11472,1.50,1.00
2017.03.30 08:09:37.782,1.11461,1.11469,1.00,1.00
2017.03.30 08:09:37.977,1.11459,1.11469,1.00,1.25
2017.03.30 08:09:38.512,1.11459,1.11468,1.00,1.00
2017.03.30 08:09:39.019,1.11454,1.11465,2.62,1.00
2017.03.30 08:09:39.121,1.11454,1.11462,1.50,1.00
2017.03.30 08:09:39.475,1.11454,1.11465,1.00,1.00
2017.03.30 08:09:40.142,1.11455,1.11465,1.00,1.00
2017.03.30 08:09:40.257,1.11455,1.11467,1.12,1.58
2017.03.30 08:09:41.088,1.11455,1.11466,1.12,1.00
2017.03.30 08:09:41.680,1.11455,1.11465,1.12,1.00
2017.03.30 08:09:43.972,1.11455,1.11463,1.12,1.00
2017.03.30 08:09:44.493,1.11454,1.11464,1.62,1.00
2017.03.30 08:09:48.203,1.11453,1.11462,1.50,1.00
2017.03.30 08:09:48.355,1.11453,1.11462,1.00,1.00
2017.03.30 08:09:48.935,1.11453,1.11463,1.37,1.00
2017.03.30 08:09:49.510,1.11454,1.11464,1.31,1.00
2017.03.30 08:09:53.503,1.11454,1.11462,1.31,1.00
2017.03.30 08:09:54.030,1.11454,1.11461,1.25,1.00
2017.03.30 08:09:54.706,1.11451,1.11462,1.00,1.00
2017.03.30 08:09:55.213,1.11451,1.11461,1.12,1.00
2017.03.30 08:09:56.935,1.11448,1.1146,1.87,1.00
2017.03.30 08:09:57.070,1.11447,1.1146,2.62,1.00
2017.03.30 08:09:57.557,1.11448,1.11458,1.00,1.00
2017.03.30 08:09:57.862,1.11448,1.1146,1.50,1.00
2017.03.30 08:09:58.509,1.11448,1.11459,1.50,1.00
2017.03.30 08:10:02.896,1.11446,1.11457,1.69,1.00
2017.03.30 08:10:03.200,1.11447,1.11458,1.29,1.00
2017.03.30 08:10:03.352,1.11446,1.11458,1.72,1.00
2017.03.30 08:10:03.891,1.11448,1.11458,1.31,1.00
2017.03.30 08:10:04.168,1.11448,1.1146,1.31,1.00
2017.03.30 08:10:05.633,1.1145,1.1146,1.00,1.00
2017.03.30 08:10:05.892,1.1145,1.11462,1.69,1.16
2017.03.30 08:10:06.095,1.1145,1.1146,1.30,1.00
2017.03.30 08:10:06.602,1.11448,1.11458,1.12,1.00
2017.03.30 08:10:07.458,1.11448,1.11456,1.25,1.00
2017.03.30 08:10:07.661,1.11445,1.11456,1.62,1.00
2017.03.30 08:10:07.712,1.11445,1.11457,4.87,1.00
2017.03.30 08:10:08.248,1.11454,1.11458,1.25,1.00
2017.03.30 08:10:08.300,1.11447,1.11457,1.50,1.00
2017.03.30 08:10:08.352,1.1145,1.11462,5.44,1.75
2017.03.30 08:10:08.454,1.1145,1.11461,1.12,1.37
2017.03.30 08:10:08.507,1.1145,1.11461,1.50,1.00
2017.03.30 08:10:08.647,1.1145,1.11459,1.50,1.00
2017.03.30 08:10:10.443,1.1145,1.11458,1.50,1.00
2017.03.30 08:10:10.854,1.11455,1.11459,1.00,1.00
2017.03.30 08:10:10.908,1.11455,1.11463,1.00,1.00
2017.03.30 08:10:10.973,1.11457,1.11465,1.50,1.37
2017.03.30 08:10:11.277,1.11464,1.11474,2.44,1.75
2017.03.30 08:10:11.328,1.11464,1.11474,2.81,1.37
2017.03.30 08:10:11.429,1.11464,1.11474,2.06,1.00
2017.03.30 08:10:11.966,1.1146,1.11469,2.06,1.00
2017.03.30 08:10:12.118,1.11461,1.11471,1.12,1.00
2017.03.30 08:10:12.681,1.11461,1.11472,2.25,1.00
2017.03.30 08:10:13.802,1.11461,1.1147,1.87,1.00
2017.03.30 08:10:14.164,1.11461,1.11472,1.19,1.00
2017.03.30 08:10:14.265,1.11461,1.11467,1.19,1.00
2017.03.30 08:10:14.417,1.11458,1.11467,5.25,1.00
2017.03.30 08:10:14.468,1.11458,1.11465,1.00,1.00
2017.03.30 08:10:14.519,1.11456,1.11468,2.25,1.00
2017.03.30 08:10:15.056,1.11456,1.11467,1.50,1.00
2017.03.30 08:10:15.938,1.11456,1.11468,1.50,1.12
2017.03.30 08:10:17.022,1.11456,1.11468,1.75,1.00
2017.03.30 08:10:19.435,1.11456,1.11468,1.75,1.37
2017.03.30 08:10:19.810,1.11455,1.11469,1.87,1.50
2017.03.30 08:10:20.435,1.11455,1.11468,2.62,1.00
2017.03.30 08:10:20.974,1.11456,1.11469,2.25,1.00
2017.03.30 08:10:24.166,1.11457,1.11465,1.69,1.00
2017.03.30 08:10:24.471,1.11455,1.11462,1.00,1.00
2017.03.30 08:10:24.673,1.11452,1.11463,1.50,1.00
2017.03.30 08:10:25.832,1.11452,1.11463,1.25,1.00
2017.03.30 08:10:28.359,1.1145,1.11461,1.87,1.00
2017.03.30 08:10:28.512,1.11448,1.11461,1.31,1.87
2017.03.30 08:10:28.563,1.11448,1.11458,1.31,1.00
2017.03.30 08:10:29.212,1.11449,1.11458,1.00,1.00
2017.03.30 08:10:29.776,1.11446,1.11459,2.25,1.00
2017.03.30 08:10:30.348,1.11446,1.1146,4.50,1.25
2017.03.30 08:10:31.121,1.11447,1.11459,1.69,1.00
2017.03.30 08:10:31.275,1.11447,1.11461,1.19,1.69
2017.03.30 08:10:31.579,1.11446,1.11459,1.87,1.00
2017.03.30 08:10:33.142,1.11446,1.11459,3.75,1.00
2017.03.30 08:10:36.899,1.11446,1.1146,5.25,1.00
2017.03.30 08:10:37.202,1.11449,1.11462,1.44,1.00
2017.03.30 08:10:37.557,1.11451,1.11465,1.75,2.25
2017.03.30 08:10:38.077,1.11453,1.11466,1.25,1.25
2017.03.30 08:10:38.614,1.11453,1.11465,1.25,1.00
2017.03.30 08:10:40.142,1.11452,1.1146,1.12,1.00
2017.03.30 08:10:40.193,1.1145,1.1146,1.50,1.12
2017.03.30 08:10:40.244,1.1145,1.11457,1.00,1.00
2017.03.30 08:10:40.396,1.11442,1.11455,2.00,1.00
2017.03.30 08:10:40.497,1.11442,1.11455,1.31,1.00
2017.03.30 08:10:40.649,1.11442,1.11454,1.12,1.31
2017.03.30 08:10:41.155,1.11441,1.11454,2.62,1.00
2017.03.30 08:10:44.432,1.11441,1.11453,1.81,1.12
2017.03.30 08:10:44.736,1.11439,1.1145,1.00,1.12
2017.03.30 08:10:46.920,1.11437,1.11448,1.19,1.00
2017.03.30 08:10:47.433,1.11436,1.11447,2.25,1.00
2017.03.30 08:10:47.585,1.11435,1.11447,1.56,1.12
2017.03.30 08:10:48.112,1.11435,1.11446,1.19,1.00
2017.03.30 08:10:48.573,1.11436,1.11447,1.75,1.00
2017.03.30 08:10:49.100,1.11438,1.11448,1.19,1.00
2017.03.30 08:10:49.921,1.11437,1.1145,1.50,1.00
2017.03.30 08:10:49.972,1.11436,1.11448,5.44,1.00
2017.03.30 08:10:51.286,1.11437,1.1145,2.25,1.00
2017.03.30 08:10:52.493,1.11437,1.1145,1.25,1.12
2017.03.30 08:10:52.544,1.11437,1.11448,1.25,1.00
2017.03.30 08:10:53.703,1.11435,1.11448,2.25,1.37
2017.03.30 08:10:53.805,1.11435,1.11448,1.50,1.37
2017.03.30 08:10:54.415,1.11434,1.11448,2.25,1.50
2017.03.30 08:10:55.454,1.11434,1.11448,2.25,1.00
2017.03.30 08:10:55.911,1.11434,1.11447,1.75,1.50
2017.03.30 08:10:57.466,1.11434,1.11448,1.19,1.87
2017.03.30 08:10:58.195,1.11439,1.11449,3.75,1.12
2017.03.30 08:10:58.247,1.11443,1.1145,1.00,1.37
2017.03.30 08:10:58.349,1.11443,1.11457,1.00,5.37
2017.03.30 08:10:58.604,1.11446,1.11457,1.50,1.75
2017.03.30 08:10:58.706,1.11442,1.11455,1.50,2.25
2017.03.30 08:10:58.808,1.11445,1.11456,1.00,1.75
2017.03.30 08:10:58.960,1.11447,1.11459,1.25,2.25
2017.03.30 08:10:59.163,1.11447,1.1146,1.25,1.00
2017.03.30 08:11:00.123,1.11448,1.1146,1.00,1.00
2017.03.30 08:11:00.403,1.11449,1.1146,4.50,1.00
2017.03.30 08:11:00.656,1.1145,1.11463,1.75,1.00
2017.03.30 08:11:00.758,1.11456,1.11464,1.00,1.00
2017.03.30 08:11:00.910,1.11452,1.11464,2.25,1.12
2017.03.30 08:11:00.961,1.11452,1.11462,1.87,1.00
2017.03.30 08:11:01.355,1.11452,1.11465,1.50,1.87
2017.03.30 08:11:01.435,1.11452,1.11463,1.50,1.00
2017.03.30 08:11:01.486,1.11452,1.11462,1.00,1.00
2017.03.30 08:11:01.689,1.1145,1.11462,5.25,1.50
2017.03.30 08:11:03.331,1.11452,1.11461,1.00,1.12
2017.03.30 08:11:03.382,1.11449,1.11454,1.00,1.00
2017.03.30 08:11:03.432,1.11447,1.11458,1.00,1.50
2017.03.30 08:11:03.534,1.11447,1.11455,1.00,1.00
2017.03.30 08:11:03.940,1.11444,1.11452,1.25,1.00
2017.03.30 08:11:04.041,1.11442,1.11455,1.19,1.00
2017.03.30 08:11:04.092,1.11442,1.11452,1.19,1.00
2017.03.30 08:11:04.194,1.11442,1.11454,1.19,1.00
2017.03.30 08:11:04.713,1.11443,1.11453,1.19,1.00
2017.03.30 08:11:05.508,1.11444,1.11455,1.25,1.00
2017.03.30 08:11:05.610,1.11444,1.11453,1.25,1.00
2017.03.30 08:11:06.337,1.11444,1.11453,1.19,1.00
2017.03.30 08:11:06.812,1.11445,1.11455,1.25,1.00
2017.03.30 08:11:06.981,1.11445,1.11453,1.00,1.00
2017.03.30 08:11:07.032,1.11443,1.11453,1.50,1.00
2017.03.30 08:11:10.175,1.11441,1.11452,1.50,1.00
2017.03.30 08:11:10.226,1.11441,1.11451,1.25,1.12
2017.03.30 08:11:10.763,1.11439,1.1145,4.50,1.50
2017.03.30 08:11:10.814,1.11439,1.11448,1.00,1.00
2017.03.30 08:11:10.916,1.11436,1.11445,1.50,1.12
2017.03.30 08:11:11.220,1.11434,1.11443,1.19,1.00
2017.03.30 08:11:11.493,1.11433,1.11444,1.00,1.12
2017.03.30 08:11:11.711,1.11432,1.11444,3.75,1.00
2017.03.30 08:11:11.812,1.11436,1.11446,1.00,1.00
2017.03.30 08:11:12.015,1.11436,1.11448,1.50,1.00
2017.03.30 08:11:12.518,1.11436,1.11449,1.50,3.04
2017.03.30 08:11:12.906,1.11436,1.11447,1.50,1.00
2017.03.30 08:11:13.236,1.11433,1.11444,3.00,1.00
2017.03.30 08:11:13.663,1.11433,1.11446,3.00,1.00
2017.03.30 08:11:14.220,1.11434,1.11447,1.25,1.00
2017.03.30 08:11:14.424,1.11433,1.11445,1.19,1.00
2017.03.30 08:11:14.526,1.11431,1.11444,2.25,1.12
2017.03.30 08:11:16.197,1.11431,1.11446,2.25,1.50
2017.03.30 08:11:16.994,1.11434,1.11446,3.75,1.50
2017.03.30 08:11:17.197,1.11435,1.11449,3.75,2.25
2017.03.30 08:11:17.748,1.11435,1.11447,3.75,1.00
2017.03.30 08:11:18.138,1.11433,1.11447,4.87,1.00
2017.03.30 08:11:18.710,1.11433,1.11447,6.37,1.00
2017.03.30 08:11:19.218,1.11437,1.11448,1.25,1.12
2017.03.30 08:11:21.079,1.11437,1.11449,1.25,1.12
2017.03.30 08:11:21.131,1.11439,1.11449,3.00,1.00
2017.03.30 08:11:21.233,1.11437,1.11449,1.25,1.50
2017.03.30 08:11:21.334,1.11439,1.11449,3.00,1.00
2017.03.30 08:11:21.911,1.11439,1.11451,1.25,1.37
2017.03.30 08:11:22.640,1.11438,1.11451,3.19,1.87
2017.03.30 08:11:23.199,1.11437,1.11449,1.31,1.00
2017.03.30 08:11:23.738,1.11438,1.11452,4.24,1.50
2017.03.30 08:11:24.470,1.11438,1.11451,3.86,1.00
2017.03.30 08:11:24.774,1.1144,1.11453,1.50,1.00
2017.03.30 08:11:25.313,1.1144,1.11454,1.50,1.12
2017.03.30 08:11:25.877,1.1144,1.11453,1.50,1.00
2017.03.30 08:11:31.555,1.11441,1.11454,1.00,1.00
2017.03.30 08:11:32.094,1.11441,1.11455,1.00,1.00
2017.03.30 08:11:32.605,1.11441,1.11454,1.50,1.00
2017.03.30 08:11:34.490,1.11443,1.11456,1.00,1.50
2017.03.30 08:11:34.793,1.1144,1.11451,1.00,1.00
2017.03.30 08:11:35.097,1.11439,1.11452,1.00,1.75
2017.03.30 08:11:35.350,1.11443,1.11454,1.50,1.00
2017.03.30 08:11:35.402,1.11442,1.11452,1.00,1.00
2017.03.30 08:11:35.503,1.1144,1.11452,1.00,1.00
2017.03.30 08:11:35.807,1.11439,1.11448,1.75,1.00
2017.03.30 08:11:35.930,1.11439,1.11448,1.00,1.00
2017.03.30 08:11:36.032,1.11436,1.11447,1.69,1.00
2017.03.30 08:11:36.537,1.11436,1.11446,1.69,1.00
2017.03.30 08:11:37.055,1.11434,1.11447,2.44,1.50
2017.03.30 08:11:40.782,1.11434,1.11446,2.44,1.00
2017.03.30 08:11:41.291,1.11434,1.11445,2.17,1.00
2017.03.30 08:11:41.544,1.11432,1.11442,2.55,1.00
2017.03.30 08:11:43.661,1.1144,1.11449,1.50,1.58
2017.03.30 08:11:43.712,1.11441,1.11449,1.00,1.20
2017.03.30 08:11:43.763,1.11443,1.11453,1.67,1.75
2017.03.30 08:11:43.864,1.11443,1.11454,1.67,1.00
2017.03.30 08:11:44.516,1.11444,1.11453,2.17,1.00
2017.03.30 08:11:45.195,1.11444,1.11454,1.50,1.00
2017.03.30 08:11:45.246,1.11446,1.11456,1.42,1.00
2017.03.30 08:11:45.777,1.11446,1.11457,1.42,1.00
2017.03.30 08:11:46.380,1.11446,1.11455,1.42,1.00
2017.03.30 08:11:48.171,1.11446,1.11456,2.17,1.00
2017.03.30 08:11:48.222,1.11446,1.11458,2.17,1.00
2017.03.30 08:11:48.508,1.11446,1.11454,2.17,1.00
2017.03.30 08:11:48.610,1.1145,1.1146,1.00,1.50
2017.03.30 08:11:48.661,1.11452,1.11461,1.25,1.75
2017.03.30 08:11:48.762,1.11453,1.11462,1.00,1.00
2017.03.30 08:11:48.864,1.11454,1.11465,1.00,1.12
2017.03.30 08:11:48.915,1.11454,1.11463,1.00,1.00
2017.03.30 08:11:49.221,1.11454,1.11463,2.25,1.00
2017.03.30 08:11:49.769,1.11454,1.11464,2.25,1.00
2017.03.30 08:11:50.214,1.11454,1.11462,1.50,1.50
2017.03.30 08:11:50.366,1.11451,1.11461,2.17,1.00
2017.03.30 08:11:50.418,1.11451,1.11463,2.17,1.00
2017.03.30 08:11:50.469,1.11449,1.11461,3.00,1.00
2017.03.30 08:11:50.801,1.11449,1.11459,1.12,1.00
2017.03.30 08:11:50.903,1.11447,1.11456,4.42,1.00
2017.03.30 08:11:51.055,1.11446,1.11456,2.17,1.00
2017.03.30 08:11:51.564,1.11446,1.11455,1.00,1.00
2017.03.30 08:11:52.729,1.11446,1.11456,1.00,1.50
2017.03.30 08:11:53.199,1.11446,1.11458,1.12,1.00
2017.03.30 08:11:53.250,1.11446,1.11455,1.12,1.00
2017.03.30 08:11:53.863,1.11445,1.11456,2.62,1.00
2017.03.30 08:11:54.203,1.11449,1.11459,1.00,1.00
2017.03.30 08:11:54.705,1.11449,1.1146,1.00,1.00
2017.03.30 08:11:55.242,1.11449,1.11461,1.00,1.00
2017.03.30 08:11:55.294,1.11449,1.11463,1.50,1.00
2017.03.30 08:11:55.345,1.11449,1.11461,2.92,1.00
2017.03.30 08:11:55.699,1.11449,1.11459,1.12,1.00
2017.03.30 08:11:56.211,1.11449,1.11458,1.12,1.00
2017.03.30 08:11:56.747,1.11449,1.11459,1.12,1.00
2017.03.30 08:12:00.847,1.11451,1.11461,1.25,1.00
2017.03.30 08:12:01.337,1.11454,1.11463,1.00,1.00
2017.03.30 08:12:01.438,1.11452,1.11463,3.30,1.00
2017.03.30 08:12:02.110,1.11452,1.11464,1.12,1.00
2017.03.30 08:12:02.460,1.11454,1.11465,1.00,1.00
2017.03.30 08:12:03.052,1.11454,1.11464,1.00,1.00
2017.03.30 08:12:03.424,1.11452,1.11464,2.55,1.00
2017.03.30 08:12:03.953,1.11452,1.11463,1.12,1.00
2017.03.30 08:12:05.628,1.11452,1.11462,1.12,1.00
2017.03.30 08:12:07.058,1.11454,1.11465,1.00,1.00
2017.03.30 08:12:07.581,1.11454,1.11466,1.00,1.25
2017.03.30 08:12:10.129,1.11452,1.11466,1.31,1.25
2017.03.30 08:12:10.841,1.11454,1.11465,1.25,1.00
2017.03.30 08:12:11.839,1.11453,1.11465,1.25,1.00
2017.03.30 08:12:12.580,1.11454,1.11466,2.36,1.00
2017.03.30 08:12:12.733,1.11452,1.11464,2.55,1.00
2017.03.30 08:12:12.784,1.11451,1.11461,1.50,1.00
2017.03.30 08:12:12.836,1.11451,1.11463,2.25,1.00
2017.03.30 08:12:12.988,1.11454,1.11463,1.00,1.00
2017.03.30 08:12:13.039,1.11455,1.11465,1.00,1.00
2017.03.30 08:12:13.090,1.11455,1.11468,1.00,1.12
2017.03.30 08:12:13.141,1.11455,1.11466,2.62,1.00
2017.03.30 08:12:13.192,1.11455,1.11468,5.17,1.12
2017.03.30 08:12:13.294,1.11455,1.11466,5.55,1.00
2017.03.30 08:12:13.598,1.11449,1.11458,2.92,1.00
2017.03.30 08:12:14.110,1.11449,1.11458,2.17,1.00
2017.03.30 08:12:14.383,1.11446,1.11457,3.11,1.00
2017.03.30 08:12:14.790,1.11448,1.11459,2.17,1.00
2017.03.30 08:12:15.298,1.11448,1.1146,2.17,1.12
2017.03.30 08:12:19.013,1.11447,1.11457,4.80,1.00
2017.03.30 08:12:19.582,1.11448,1.1146,1.00,1.00
2017.03.30 08:12:20.095,1.11447,1.11459,3.86,1.00
2017.03.30 08:12:21.058,1.11448,1.11461,1.12,1.00
2017.03.30 08:12:21.569,1.11448,1.11461,1.12,1.19
2017.03.30 08:12:22.576,1.11447,1.11459,1.87,1.00
2017.03.30 08:12:22.829,1.11445,1.11458,1.00,1.25
2017.03.30 08:12:23.647,1.11446,1.11458,1.00,1.25
2017.03.30 08:12:24.159,1.11445,1.11458,1.00,1.25
2017.03.30 08:12:24.210,1.11445,1.11458,1.00,1.75
2017.03.30 08:12:24.413,1.11443,1.11455,1.00,1.25
2017.03.30 08:12:24.945,1.11442,1.11454,1.87,1.00
2017.03.30 08:12:27.142,1.11443,1.11454,1.00,1.25
2017.03.30 08:12:27.193,1.11443,1.11456,1.00,1.31
2017.03.30 08:12:27.699,1.11444,1.11457,1.50,1.37
2017.03.30 08:12:28.073,1.11446,1.11458,1.00,1.50
2017.03.30 08:12:28.587,1.11445,1.11458,1.00,1.50
2017.03.30 08:12:29.198,1.11445,1.11458,1.00,1.50
2017.03.30 08:12:29.544,1.11447,1.11459,1.00,1.50
2017.03.30 08:12:30.123,1.11448,1.1146,1.00,1.00
2017.03.30 08:12:35.174,1.11449,1.11462,1.50,1.44
2017.03.30 08:12:35.707,1.11449,1.11462,1.00,1.31
2017.03.30 08:12:35.758,1.11447,1.1146,3.00,1.00
2017.03.30 08:12:37.352,1.11448,1.1146,1.00,1.00
2017.03.30 08:12:38.385,1.11449,1.11462,1.50,1.31
2017.03.30 08:12:38.739,1.1145,1.11463,1.00,1.31
2017.03.30 08:12:39.405,1.11451,1.11463,1.00,1.31
2017.03.30 08:12:39.941,1.11449,1.11461,3.19,1.00
2017.03.30 08:12:40.584,1.11449,1.1146,3.19,1.00
2017.03.30 08:12:40.921,1.1145,1.11463,1.00,1.31
2017.03.30 08:12:41.137,1.11452,1.11463,1.00,1.31
2017.03.30 08:12:41.459,1.11455,1.11466,1.00,1.25
2017.03.30 08:12:41.966,1.11456,1.11469,1.00,1.31
2017.03.30 08:12:42.136,1.11458,1.11469,1.00,1.31
2017.03.30 08:12:42.446,1.11456,1.11465,1.00,1.75
2017.03.30 08:12:42.548,1.11451,1.11462,1.12,1.25
2017.03.30 08:12:42.984,1.11449,1.1146,2.25,1.00
2017.03.30 08:12:43.035,1.11449,1.1146,1.12,1.25
2017.03.30 08:12:43.136,1.11447,1.11459,1.00,1.00
2017.03.30 08:12:43.772,1.11445,1.11458,2.44,1.00
2017.03.30 08:12:44.011,1.11444,1.11456,2.44,1.00
2017.03.30 08:12:44.284,1.11444,1.11455,1.00,1.00
2017.03.30 08:12:44.335,1.11444,1.11457,1.50,1.16
2017.03.30 08:12:45.112,1.11447,1.1146,1.00,1.91
2017.03.30 08:12:45.619,1.11446,1.11459,1.50,1.12
2017.03.30 08:12:45.935,1.11446,1.11459,1.87,1.00
2017.03.30 08:12:46.037,1.11447,1.11461,1.50,1.16
2017.03.30 08:12:46.561,1.11447,1.1146,2.25,1.00
2017.03.30 08:12:46.870,1.11445,1.11459,3.00,1.00
2017.03.30 08:12:47.643,1.11445,1.11461,5.36,1.50
2017.03.30 08:12:47.948,1.11445,1.11459,1.42,1.50
2017.03.30 08:12:48.111,1.11444,1.11459,1.00,2.66
2017.03.30 08:12:48.632,1.11443,1.11459,3.11,3.41
2017.03.30 08:12:49.547,1.11444,1.11457,1.00,1.00
2017.03.30 08:12:50.013,1.11447,1.11459,1.15,1.00
2017.03.30 08:12:50.165,1.11447,1.11461,1.61,1.12
2017.03.30 08:12:50.266,1.11449,1.11461,1.00,1.12
2017.03.30 08:12:50.469,1.11447,1.1146,1.15,1.00
2017.03.30 08:12:50.987,1.11447,1.11459,1.00,1.00
2017.03.30 08:12:52.039,1.11449,1.11461,1.00,1.05
2017.03.30 08:12:52.343,1.11451,1.11464,1.00,1.00
2017.03.30 08:12:52.872,1.11451,1.11464,1.50,1.00
2017.03.30 08:12:53.117,1.11454,1.11466,1.00,1.00
2017.03.30 08:12:53.331,1.11452,1.11465,1.24,1.00
2017.03.30 08:12:53.686,1.11451,1.11463,2.17,1.00
2017.03.30 08:12:54.225,1.1145,1.11462,1.75,1.00
2017.03.30 08:12:54.487,1.1145,1.11462,1.00,1.12
2017.03.30 08:12:55.823,1.1145,1.1146,1.00,1.00
2017.03.30 08:12:58.896,1.11448,1.1146,2.25,1.00
2017.03.30 08:12:59.021,1.11449,1.11461,4.42,1.00
2017.03.30 08:12:59.174,1.1145,1.11463,2.17,1.12
2017.03.30 08:13:00.086,1.11452,1.11464,1.15,1.00
2017.03.30 08:13:01.357,1.11452,1.11464,2.17,1.00
2017.03.30 08:13:02.213,1.11452,1.11464,1.42,1.00
2017.03.30 08:13:03.370,1.11452,1.11465,1.42,1.50
2017.03.30 08:13:03.675,1.11453,1.11468,1.67,1.50
2017.03.30 08:13:03.725,1.11453,1.11466,2.17,1.00
2017.03.30 08:13:04.392,1.11455,1.11468,1.25,1.50
2017.03.30 08:13:04.722,1.11456,1.11468,1.75,1.50
2017.03.30 08:13:04.823,1.11456,1.11468,1.00,1.50
2017.03.30 08:13:04.874,1.11457,1.11468,1.69,1.00
2017.03.30 08:13:05.027,1.11458,1.11471,4.69,1.12
2017.03.30 08:13:05.229,1.11458,1.11469,3.75,1.00
2017.03.30 08:13:05.331,1.11455,1.11469,2.06,1.00
2017.03.30 08:13:05.484,1.11454,1.11467,1.81,1.00
2017.03.30 08:13:05.791,1.11452,1.11465,6.00,1.00
2017.03.30 08:13:05.843,1.11452,1.11465,2.44,1.00
2017.03.30 08:13:06.270,1.11454,1.11469,1.00,3.08
2017.03.30 08:13:06.928,1.11454,1.11466,1.19,1.50
2017.03.30 08:13:07.440,1.11454,1.11466,1.25,1.50
2017.03.30 08:13:09.746,1.11452,1.11465,1.50,1.12
2017.03.30 08:13:10.289,1.11452,1.11466,2.25,1.50
2017.03.30 08:13:10.965,1.11454,1.11466,5.25,1.50
2017.03.30 08:13:11.272,1.11463,1.11474,1.00,1.75
2017.03.30 08:13:11.365,1.11464,1.11477,3.75,4.12
2017.03.30 08:13:11.467,1.11464,1.11477,3.75,1.00
2017.03.30 08:13:12.295,1.11469,1.11477,1.00,1.00
2017.03.30 08:13:12.599,1.11476,1.11487,3.75,1.00
2017.03.30 08:13:12.751,1.11476,1.11492,5.25,2.25
2017.03.30 08:13:12.853,1.11482,1.11493,1.00,2.25
2017.03.30 08:13:13.275,1.11486,1.115,1.50,1.75
2017.03.30 08:13:13.327,1.11486,1.11501,2.25,1.75
2017.03.30 08:13:13.987,1.11485,1.11497,1.00,4.24
2017.03.30 08:13:14.140,1.11483,1.11497,1.00,6.49
2017.03.30 08:13:14.838,1.11481,1.11497,2.25,6.49
2017.03.30 08:13:15.437,1.11482,1.11496,1.00,2.25
2017.03.30 08:13:16.604,1.11481,1.11495,1.00,1.50
2017.03.30 08:13:16.963,1.11483,1.11495,1.00,1.50
2017.03.30 08:13:17.709,1.11481,1.11496,1.50,1.75
2017.03.30 08:13:18.727,1.11482,1.11496,1.00,3.49
2017.03.30 08:13:19.895,1.11483,1.11496,1.00,4.24
2017.03.30 08:13:20.749,1.11485,1.11497,1.00,1.75
2017.03.30 08:13:21.294,1.11484,1.11497,1.00,1.75
2017.03.30 08:13:21.645,1.11486,1.11497,1.00,1.75
2017.03.30 08:13:21.797,1.11487,1.11501,1.00,1.75
2017.03.30 08:13:22.816,1.11489,1.11502,1.00,1.75
2017.03.30 08:13:22.968,1.11487,1.11502,1.00,1.75
2017.03.30 08:13:23.473,1.11486,1.115,1.10,1.50
2017.03.30 08:13:23.676,1.11487,1.11501,1.50,1.00
2017.03.30 08:13:24.924,1.11492,1.11503,1.00,1.89
2017.03.30 08:13:25.178,1.11495,1.11506,1.10,1.00
2017.03.30 08:13:25.280,1.11497,1.11506,3.08,1.00
2017.03.30 08:13:25.382,1.11495,1.11507,1.00,1.12
2017.03.30 08:13:25.433,1.11493,1.11504,4.95,1.00
2017.03.30 08:13:25.749,1.11492,1.11502,1.58,1.00
2017.03.30 08:13:25.985,1.11495,1.11506,1.00,1.50
2017.03.30 08:13:26.188,1.11495,1.11508,1.58,1.00
2017.03.30 08:13:26.791,1.11495,1.11506,1.08,1.00
2017.03.30 08:13:27.217,1.11496,1.11509,1.08,1.00
2017.03.30 08:13:27.741,1.115,1.11512,1.10,1.75
2017.03.30 08:13:27.893,1.11501,1.11512,1.00,1.00
2017.03.30 08:13:28.590,1.11501,1.11511,1.50,1.00
2017.03.30 08:13:29.179,1.11501,1.11512,2.25,1.00
2017.03.30 08:13:30.346,1.11502,1.11512,1.00,1.00
2017.03.30 08:13:31.017,1.11501,1.11512,1.00,1.00
2017.03.30 08:13:31.557,1.11502,1.11512,1.00,1.00
2017.03.30 08:13:31.710,1.11501,1.1151,1.00,1.00
2017.03.30 08:13:31.761,1.11498,1.11509,1.50,1.00
2017.03.30 08:13:31.936,1.11495,1.11506,1.75,1.00
2017.03.30 08:13:31.987,1.11495,1.11506,1.12,1.00
2017.03.30 08:13:32.646,1.11495,1.11507,1.87,1.00
2017.03.30 08:13:32.748,1.11497,1.11509,1.10,1.00
2017.03.30 08:13:33.052,1.11505,1.11513,2.33,1.00
2017.03.30 08:13:33.104,1.11505,1.11515,2.33,1.00
2017.03.30 08:13:33.256,1.11511,1.11518,2.33,1.37
2017.03.30 08:13:33.687,1.11509,1.11518,2.33,1.00
2017.03.30 08:13:34.197,1.11509,1.11517,2.33,1.00
2017.03.30 08:13:34.349,1.11506,1.11515,1.50,1.00
2017.03.30 08:13:34.400,1.11506,1.11517,1.50,1.00
2017.03.30 08:13:34.501,1.11505,1.11515,1.75,1.00
2017.03.30 08:13:34.704,1.11504,1.11516,2.44,1.00
2017.03.30 08:13:34.859,1.11506,1.11517,1.37,1.00
2017.03.30 08:13:35.654,1.11506,1.11516,1.50,1.00
2017.03.30 08:13:36.411,1.11506,1.11515,1.50,1.00
2017.03.30 08:13:36.463,1.11506,1.11517,1.50,1.00
2017.03.30 08:13:36.996,1.11508,1.11517,1.00,1.00
2017.03.30 08:13:38.152,1.11507,1.11515,1.12,1.00
2017.03.30 08:13:38.203,1.11507,1.11517,1.12,1.00
2017.03.30 08:13:38.609,1.11503,1.11516,1.00,1.00
2017.03.30 08:13:38.710,1.11505,1.11516,1.00,1.00
2017.03.30 08:13:40.801,1.11506,1.11516,1.06,1.00
2017.03.30 08:13:41.304,1.11506,1.11517,1.50,1.00
2017.03.30 08:13:42.569,1.11508,1.11519,1.00,1.00
2017.03.30 08:13:45.733,1.1151,1.11521,1.00,1.00
2017.03.30 08:13:46.039,1.11512,1.11522,2.25,1.00
2017.03.30 08:13:46.202,1.11512,1.11524,2.25,1.00
2017.03.30 08:13:46.456,1.11514,1.11524,1.00,1.00
2017.03.30 08:13:46.982,1.11515,1.11524,1.00,1.00
2017.03.30 08:13:48.387,1.11515,1.11525,1.50,1.00
2017.03.30 08:13:48.893,1.11515,1.11524,1.00,1.00
2017.03.30 08:13:50.883,1.11515,1.11523,1.00,1.00
2017.03.30 08:13:51.549,1.11515,1.11524,1.00,1.00
2017.03.30 08:13:52.865,1.11515,1.11525,1.00,1.00
2017.03.30 08:13:54.035,1.11515,1.11524,1.00,1.00
2017.03.30 08:13:54.238,1.11512,1.11523,2.25,1.00
2017.03.30 08:13:54.518,1.11512,1.11521,1.00,1.00
2017.03.30 08:13:54.620,1.11512,1.11523,1.00,1.00
2017.03.30 08:13:54.832,1.11512,1.11521,1.00,1.00
2017.03.30 08:13:55.309,1.11512,1.11523,1.00,1.00
2017.03.30 08:13:56.095,1.11512,1.11522,1.00,1.00
2017.03.30 08:13:56.146,1.11512,1.11519,1.00,1.00
2017.03.30 08:13:56.449,1.11509,1.11519,1.12,1.00
2017.03.30 08:13:56.858,1.11508,1.11517,1.50,1.00
2017.03.30 08:13:57.198,1.11505,1.11512,1.00,1.00
2017.03.30 08:13:57.249,1.11505,1.11514,1.00,1.00
2017.03.30 08:13:57.350,1.11503,1.11512,1.00,1.00
2017.03.30 08:13:58.472,1.11503,1.11513,1.00,1.00
2017.03.30 08:13:59.074,1.11502,1.11513,1.12,1.00
2017.03.30 08:14:01.920,1.11501,1.11514,1.50,1.00
2017.03.30 08:14:02.550,1.11503,1.11515,1.00,1.00
2017.03.30 08:14:02.854,1.11502,1.11513,1.12,1.00
2017.03.30 08:14:03.213,1.11502,1.11511,2.11,1.00
2017.03.30 08:14:05.080,1.11502,1.11513,1.12,1.00
2017.03.30 08:14:05.131,1.115,1.11511,3.19,1.00
2017.03.30 08:14:06.172,1.11502,1.11512,1.12,1.00
2017.03.30 08:14:09.634,1.11503,1.11512,1.73,1.00
2017.03.30 08:14:10.051,1.11502,1.11515,3.19,1.00
2017.03.30 08:14:10.748,1.11505,1.11515,1.00,1.00
2017.03.30 08:14:10.799,1.11506,1.11517,1.25,1.00
2017.03.30 08:14:11.096,1.11508,1.11518,1.00,1.00
2017.03.30 08:14:11.651,1.11508,1.11519,1.00,1.00
2017.03.30 08:14:11.966,1.11506,1.11516,1.37,1.00
2017.03.30 08:14:13.660,1.11504,1.11513,2.33,1.00
2017.03.30 08:14:13.711,1.11503,1.11515,2.33,1.00
2017.03.30 08:14:13.762,1.11503,1.11511,1.85,1.00
2017.03.30 08:14:13.864,1.11499,1.11509,1.75,1.00
2017.03.30 08:14:13.966,1.11496,1.11508,3.00,1.00
2017.03.30 08:14:14.504,1.11495,1.11505,1.85,1.00
2017.03.30 08:14:14.656,1.11494,1.11505,2.51,1.00
2017.03.30 08:14:15.012,1.11491,1.11503,1.50,1.00
2017.03.30 08:14:15.063,1.11491,1.11501,1.12,1.00
2017.03.30 08:14:15.316,1.11486,1.11497,3.19,1.00
2017.03.30 08:14:16.672,1.11487,1.11497,1.00,1.00
2017.03.30 08:14:17.196,1.11487,1.11498,1.00,1.00
2017.03.30 08:14:17.735,1.11487,1.11497,1.00,1.00
2017.03.30 08:14:17.787,1.11488,1.11501,1.25,1.41
2017.03.30 08:14:17.838,1.11491,1.11503,1.00,3.41
2017.03.30 08:14:18.166,1.11493,1.11506,1.50,1.00
2017.03.30 08:14:18.520,1.11493,1.11504,3.83,1.00
2017.03.30 08:14:19.147,1.11492,1.11504,4.58,1.00
2017.03.30 08:14:19.812,1.11492,1.11503,4.58,1.00
2017.03.30 08:14:20.328,1.11491,1.11504,2.25,1.00
2017.03.30 08:14:20.379,1.11494,1.11507,1.00,1.54
2017.03.30 08:14:20.582,1.11495,1.11508,1.12,1.00
2017.03.30 08:14:20.836,1.11495,1.11508,1.37,1.00
2017.03.30 08:14:21.463,1.11495,1.11506,1.12,1.00
2017.03.30 08:14:21.564,1.11493,1.11506,1.58,1.00
2017.03.30 08:14:24.204,1.11493,1.11508,2.33,1.00
2017.03.30 08:14:24.813,1.11493,1.11507,1.50,1.41
2017.03.30 08:14:25.426,1.11493,1.11506,1.08,1.00
2017.03.30 08:14:27.895,1.11494,1.11507,1.10,1.00
2017.03.30 08:14:30.015,1.11495,1.11507,3.83,1.00
2017.03.30 08:14:30.624,1.11494,1.11507,1.00,1.00
2017.03.30 08:14:31.813,1.11494,1.11505,1.10,1.00
2017.03.30 08:14:32.387,1.11494,1.11506,1.00,1.00
2017.03.30 08:14:36.067,1.11494,1.11505,2.44,1.00
2017.03.30 08:14:36.414,1.11494,1.11506,4.50,1.00
2017.03.30 08:14:36.465,1.11494,1.11507,1.31,1.00
2017.03.30 08:14:36.733,1.115,1.11509,1.00,1.69
2017.03.30 08:14:39.549,1.11497,1.11509,1.00,1.25
2017.03.30 08:14:39.701,1.11499,1.11509,1.00,1.25
2017.03.30 08:14:40.983,1.11496,1.11509,1.00,1.25
2017.03.30 08:14:41.663,1.11497,1.11509,1.00,1.25
2017.03.30 08:14:41.941,1.11495,1.11509,1.25,1.69
2017.03.30 08:14:45.778,1.11495,1.11508,1.12,1.00
2017.03.30 08:14:46.251,1.11499,1.1151,1.00,1.00
2017.03.30 08:14:46.572,1.11496,1.11508,1.87,1.00
2017.03.30 08:14:46.623,1.11496,1.11507,1.00,1.00
2017.03.30 08:14:47.161,1.11495,1.11506,1.12,1.00
2017.03.30 08:14:47.708,1.11495,1.11507,1.12,1.00
2017.03.30 08:14:50.136,1.11494,1.11506,1.69,1.00
2017.03.30 08:14:50.238,1.11492,1.11506,1.37,1.00
2017.03.30 08:14:54.677,1.11492,1.11505,1.62,1.00
2017.03.30 08:14:55.226,1.11493,1.11506,1.87,1.16
2017.03.30 08:14:55.379,1.11493,1.11506,2.06,1.00
2017.03.30 08:14:57.897,1.11496,1.11508,1.00,1.54
2017.03.30 08:14:58.406,1.11495,1.11508,1.25,1.54
2017.03.30 08:15:00.262,1.11496,1.11508,1.00,1.87
2017.03.30 08:15:00.771,1.11493,1.11505,4.31,1.00
2017.03.30 08:15:01.310,1.11494,1.11505,1.25,1.00
2017.03.30 08:15:01.919,1.11493,1.11504,2.06,1.00
2017.03.30 08:15:02.428,1.11493,1.11505,1.31,1.00
2017.03.30 08:15:02.675,1.11491,1.11505,3.19,1.50
2017.03.30 08:15:02.975,1.11492,1.11507,2.62,1.31
2017.03.30 08:15:03.025,1.11492,1.11507,2.62,1.25
2017.03.30 08:15:03.968,1.11492,1.11506,2.62,1.00
2017.03.30 08:15:04.120,1.11492,1.11506,1.44,1.00
2017.03.30 08:15:04.663,1.11492,1.11506,2.44,1.00
2017.03.30 08:15:06.057,1.11492,1.11506,1.25,1.50
2017.03.30 08:15:06.679,1.11491,1.11505,2.25,1.00
2017.03.30 08:15:08.553,1.11492,1.11504,1.25,1.00
2017.03.30 08:15:10.179,1.11491,1.11504,1.25,1.00
2017.03.30 08:15:11.341,1.11491,1.11502,1.25,1.00
2017.03.30 08:15:14.047,1.11492,1.11505,1.00,2.25
2017.03.30 08:15:14.453,1.1149,1.11502,1.00,1.87
2017.03.30 08:15:16.833,1.11491,1.11503,1.00,1.81
2017.03.30 08:15:17.035,1.11492,1.11503,1.00,1.00
2017.03.30 08:15:17.663,1.1149,1.11503,1.50,1.50
2017.03.30 08:15:17.764,1.11488,1.11503,1.00,3.37
2017.03.30 08:15:18.273,1.11487,1.11503,1.25,4.50
2017.03.30 08:15:18.925,1.11487,1.11502,1.69,1.75
2017.03.30 08:15:19.442,1.11487,1.11502,3.00,1.69
2017.03.30 08:15:22.614,1.11488,1.11501,2.25,1.00
2017.03.30 08:15:23.279,1.11486,1.115,5.25,1.50
2017.03.30 08:15:24.541,1.11487,1.115,1.25,2.25
2017.03.30 08:15:25.718,1.11485,1.11499,1.69,1.37
2017.03.30 08:15:26.163,1.11482,1.11497,1.87,1.37
2017.03.30 08:15:26.551,1.11485,1.11497,1.50,1.50
2017.03.30 08:15:26.703,1.11485,1.11498,1.50,1.00
2017.03.30 08:15:27.820,1.11485,1.11498,1.00,1.00
2017.03.30 08:15:28.540,1.11484,1.11498,1.10,1.00
2017.03.30 08:15:28.642,1.11484,1.11498,1.00,1.69
2017.03.30 08:15:29.153,1.11485,1.11498,1.00,1.94
2017.03.30 08:15:29.490,1.11483,1.11498,1.10,1.94
2017.03.30 08:15:30.016,1.11484,1.11498,1.00,2.44
2017.03.30 08:15:30.538,1.11482,1.11498,5.33,2.44
2017.03.30 08:15:31.802,1.11484,1.11498,1.00,3.00
2017.03.30 08:15:32.589,1.11483,1.11497,1.10,1.69
2017.03.30 08:15:32.851,1.11484,1.11498,3.08,1.50
2017.03.30 08:15:33.357,1.11484,1.115,4.76,1.50
2017.03.30 08:15:34.039,1.11484,1.115,1.00,3.00
2017.03.30 08:15:35.853,1.11483,1.11496,1.35,1.00
2017.03.30 08:15:35.954,1.11483,1.11498,1.35,1.12
2017.03.30 08:15:36.508,1.11484,1.115,1.00,1.50
2017.03.30 08:15:36.761,1.11486,1.115,1.00,2.25
2017.03.30 08:15:37.218,1.11486,1.11501,1.12,1.87
2017.03.30 08:15:37.929,1.11487,1.11501,1.00,1.37
2017.03.30 08:15:38.882,1.11486,1.11499,2.29,1.00
2017.03.30 08:15:40.149,1.11487,1.11499,1.00,1.00
2017.03.30 08:15:42.210,1.11486,1.11498,1.91,1.00
2017.03.30 08:15:42.716,1.11485,1.11497,1.00,1.00
2017.03.30 08:15:43.267,1.11485,1.11498,1.00,1.25
2017.03.30 08:15:46.089,1.11488,1.115,1.50,1.50
2017.03.30 08:15:46.241,1.11488,1.11502,3.41,1.00
2017.03.30 08:15:47.473,1.11489,1.11501,1.87,1.00
2017.03.30 08:15:48.817,1.11488,1.11502,3.41,1.25
2017.03.30 08:15:50.956,1.1149,1.11504,2.06,1.12
2017.03.30 08:15:51.058,1.11495,1.11506,1.00,1.50
2017.03.30 08:15:51.109,1.11495,1.11506,1.00,1.50
2017.03.30 08:15:51.261,1.11495,1.11508,1.00,1.00
2017.03.30 08:15:51.479,1.11496,1.11506,1.00,1.00
2017.03.30 08:15:51.686,1.11494,1.11506,1.05,1.00
2017.03.30 08:15:52.207,1.11494,1.11505,1.05,1.00
2017.03.30 08:15:52.889,1.11494,1.11505,1.12,1.00
2017.03.30 08:15:54.732,1.11494,1.11506,1.12,1.00
2017.03.30 08:15:56.376,1.11492,1.11506,2.81,1.12
2017.03.30 08:15:56.477,1.11492,1.11504,2.06,1.00
2017.03.30 08:15:57.530,1.11493,1.11505,1.19,1.00
2017.03.30 08:15:58.079,1.11494,1.11509,2.44,2.00
2017.03.30 08:15:58.792,1.11495,1.11509,1.50,1.75
2017.03.30 08:15:59.510,1.11495,1.11508,2.62,1.37
2017.03.30 08:15:59.676,1.11495,1.1151,2.62,1.37
2017.03.30 08:16:00.153,1.11495,1.1151,5.62,1.62
2017.03.30 08:16:01.531,1.11495,1.11509,4.50,1.50
2017.03.30 08:16:02.045,1.11496,1.1151,1.50,1.69
2017.03.30 08:16:05.061,1.11496,1.11509,1.50,1.00
2017.03.30 08:16:06.271,1.11496,1.1151,4.50,1.50
2017.03.30 08:16:06.524,1.11498,1.11513,1.19,1.31
2017.03.30 08:16:06.968,1.11497,1.11512,1.12,1.69
2017.03.30 08:16:07.485,1.11498,1.11511,1.00,1.25
2017.03.30 08:16:08.005,1.11499,1.11512,1.00,1.19
2017.03.30 08:16:08.860,1.11499,1.1151,1.00,1.00
2017.03.30 08:16:09.926,1.11498,1.11509,1.12,1.00
2017.03.30 08:16:10.352,1.11496,1.11509,1.12,1.00
2017.03.30 08:16:10.902,1.11497,1.11509,1.00,1.00
2017.03.30 08:16:11.221,1.115,1.11511,1.00,1.50
2017.03.30 08:16:11.739,1.11499,1.11511,2.25,1.25
2017.03.30 08:16:12.042,1.11496,1.11508,1.50,1.00
2017.03.30 08:16:12.194,1.11496,1.1151,1.69,1.00
2017.03.30 08:16:13.691,1.11497,1.11509,1.87,1.00
2017.03.30 08:16:13.893,1.11496,1.11506,1.50,1.00
2017.03.30 08:16:14.108,1.11493,1.11506,1.69,1.25
2017.03.30 08:16:14.210,1.11493,1.11505,1.50,1.19
2017.03.30 08:16:14.311,1.11493,1.11507,1.50,1.25
2017.03.30 08:16:14.883,1.11493,1.11506,2.25,1.00
2017.03.30 08:16:15.362,1.11493,1.11504,1.50,1.00
2017.03.30 08:16:15.617,1.11489,1.11501,1.00,1.25
2017.03.30 08:16:15.879,1.11488,1.11499,1.00,1.50
2017.03.30 08:16:15.930,1.11486,1.11499,3.00,1.50
2017.03.30 08:16:17.180,1.11484,1.11497,1.56,1.19
2017.03.30 08:16:17.333,1.11484,1.11495,1.12,1.00
2017.03.30 08:16:17.435,1.11482,1.11493,2.44,1.00
2017.03.30 08:16:17.695,1.11482,1.11495,1.31,1.25
2017.03.30 08:16:17.747,1.11482,1.11493,1.31,1.00
2017.03.30 08:16:17.848,1.11482,1.11495,1.31,1.25
2017.03.30 08:16:17.950,1.11481,1.11493,1.50,1.00
2017.03.30 08:16:18.215,1.1148,1.11493,2.81,1.00
2017.03.30 08:16:18.743,1.1148,1.11494,2.62,1.12
2017.03.30 08:16:19.071,1.1148,1.11492,1.12,1.00
2017.03.30 08:16:19.619,1.11479,1.11491,1.37,1.25
2017.03.30 08:16:25.749,1.11479,1.11492,1.87,1.00
2017.03.30 08:16:26.053,1.11478,1.11491,1.37,1.50
2017.03.30 08:16:26.104,1.11478,1.11489,1.00,1.50
2017.03.30 08:16:26.155,1.11476,1.11489,2.62,1.50
2017.03.30 08:16:29.321,1.11476,1.11489,1.25,1.31
2017.03.30 08:16:29.802,1.11474,1.11489,1.50,1.87
2017.03.30 08:16:30.207,1.11476,1.11489,1.00,1.44
2017.03.30 08:16:31.091,1.11476,1.11491,1.00,3.00
2017.03.30 08:16:31.495,1.11477,1.11493,2.85,2.62
2017.03.30 08:16:33.292,1.11479,1.11493,1.00,2.19
2017.03.30 08:16:33.596,1.11485,1.11494,1.00,1.75
2017.03.30 08:16:33.799,1.11486,1.11497,1.00,1.81
2017.03.30 08:16:34.218,1.11487,1.11499,1.00,1.56
2017.03.30 08:16:34.320,1.11487,1.11498,1.00,1.12
2017.03.30 08:16:34.372,1.11484,1.11498,1.50,1.12
2017.03.30 08:16:34.524,1.11487,1.11498,1.00,1.12
2017.03.30 08:16:35.553,1.11487,1.11498,1.00,1.44
2017.03.30 08:16:36.016,1.11488,1.115,1.00,1.31
2017.03.30 08:16:36.321,1.1149,1.11502,1.00,2.44
2017.03.30 08:16:36.840,1.11489,1.11502,1.00,2.44
2017.03.30 08:16:37.555,1.11489,1.11502,1.00,1.25
2017.03.30 08:16:38.277,1.11488,1.11503,1.50,1.87
2017.03.30 08:16:38.430,1.1149,1.11504,1.75,3.37
2017.03.30 08:16:38.481,1.1149,1.11504,1.75,3.37
2017.03.30 08:16:38.989,1.1149,1.11504,1.50,2.62
2017.03.30 08:16:39.041,1.1149,1.11504,1.19,2.62
2017.03.30 08:16:39.553,1.11488,1.11503,3.00,1.37
2017.03.30 08:16:40.121,1.11488,1.11502,1.75,1.00
2017.03.30 08:16:40.421,1.11489,1.11503,1.25,1.37
2017.03.30 08:16:40.826,1.11491,1.11504,1.00,3.00
2017.03.30 08:16:41.135,1.11492,1.11504,1.50,1.50
2017.03.30 08:16:42.228,1.11491,1.11505,2.25,1.75
2017.03.30 08:16:44.150,1.11491,1.11502,4.50,1.00
2017.03.30 08:16:46.398,1.11492,1.11504,3.75,1.37
2017.03.30 08:16:48.125,1.11492,1.11506,3.41,2.62
2017.03.30 08:16:50.177,1.11491,1.11506,1.58,1.87
2017.03.30 08:16:50.787,1.11489,1.11504,3.45,1.37
2017.03.30 08:16:52.658,1.11489,1.11502,3.45,1.00
2017.03.30 08:16:54.447,1.11489,1.11501,1.20,1.00
2017.03.30 08:16:55.352,1.11489,1.11503,1.20,1.00
2017.03.30 08:16:56.589,1.11489,1.11501,1.95,1.00
2017.03.30 08:16:56.902,1.11486,1.115,1.12,1.00
2017.03.30 08:16:57.457,1.11486,1.11499,1.20,1.00
2017.03.30 08:16:58.318,1.11487,1.11501,1.00,1.00
2017.03.30 08:16:58.622,1.11489,1.11505,1.00,4.12
2017.03.30 08:16:58.775,1.1149,1.11505,1.00,1.50
2017.03.30 08:16:58.941,1.1149,1.11503,1.00,1.12
2017.03.30 08:16:59.042,1.11488,1.11503,1.10,1.50
2017.03.30 08:16:59.698,1.11489,1.11503,1.00,1.50
2017.03.30 08:17:00.259,1.11488,1.11503,1.08,1.50
2017.03.30 08:17:00.512,1.11487,1.11501,1.10,1.87
2017.03.30 08:17:00.563,1.11487,1.11495,1.00,1.00
2017.03.30 08:17:00.665,1.1148,1.11493,1.95,1.37
2017.03.30 08:17:00.716,1.11478,1.11493,3.83,1.37
2017.03.30 08:17:00.767,1.11477,1.11492,1.83,1.37
2017.03.30 08:17:00.970,1.11476,1.11489,1.08,1.37
2017.03.30 08:17:02.547,1.11475,1.11488,1.10,1.00
2017.03.30 08:17:03.242,1.11475,1.11488,1.08,1.00
2017.03.30 08:17:03.786,1.11474,1.11489,3.45,1.37
2017.03.30 08:17:04.291,1.11474,1.11487,3.45,1.00
2017.03.30 08:17:04.879,1.11474,1.11488,3.45,1.50
2017.03.30 08:17:04.943,1.11473,1.11488,5.33,1.50
2017.03.30 08:17:06.058,1.11474,1.11489,1.20,1.50
2017.03.30 08:17:06.560,1.11474,1.11488,1.20,1.50
2017.03.30 08:17:07.546,1.11473,1.11488,1.58,1.50
2017.03.30 08:17:08.058,1.11473,1.11487,1.08,1.37
2017.03.30 08:17:10.157,1.11472,1.11487,1.08,1.87
2017.03.30 08:17:10.701,1.11472,1.11487,1.00,2.06
2017.03.30 08:17:11.006,1.11475,1.11489,1.58,2.25
2017.03.30 08:17:11.259,1.11475,1.11489,1.08,2.25
2017.03.30 08:17:11.791,1.11475,1.11489,1.41,2.25
2017.03.30 08:17:15.254,1.11475,1.11489,1.75,2.25
2017.03.30 08:17:15.682,1.11473,1.11487,2.25,1.00
2017.03.30 08:17:16.420,1.11473,1.11488,2.25,1.69
2017.03.30 08:17:17.558,1.11474,1.11487,4.50,1.37
2017.03.30 08:17:18.053,1.11475,1.11489,1.87,1.87
2017.03.30 08:17:18.581,1.11475,1.11489,1.75,1.50
2017.03.30 08:17:19.203,1.11475,1.1149,1.75,1.00
2017.03.30 08:17:19.739,1.11475,1.1149,5.17,1.00
2017.03.30 08:17:21.486,1.11477,1.1149,3.67,1.00
2017.03.30 08:17:22.116,1.11479,1.11491,1.36,1.00
2017.03.30 08:17:22.531,1.11478,1.11489,1.05,1.00
2017.03.30 08:17:22.786,1.11474,1.11487,1.42,2.25
2017.03.30 08:17:22.888,1.11473,1.11485,1.15,1.00
2017.03.30 08:17:24.313,1.11471,1.11486,1.61,1.69
2017.03.30 08:17:24.640,1.11472,1.11486,3.86,1.00
2017.03.30 08:17:24.691,1.11472,1.11486,1.11,1.25
2017.03.30 08:17:24.894,1.11471,1.11485,2.36,1.25
2017.03.30 08:17:25.405,1.11471,1.11486,1.80,1.25
2017.03.30 08:17:25.910,1.11471,1.11485,1.15,1.00
2017.03.30 08:17:26.459,1.11471,1.11486,1.15,1.25
2017.03.30 08:17:27.930,1.11471,1.11485,1.15,1.00
2017.03.30 08:17:28.310,1.11471,1.11483,1.00,1.69
2017.03.30 08:17:28.412,1.11467,1.11481,1.74,1.00
2017.03.30 08:17:28.761,1.1147,1.11484,1.12,2.25
2017.03.30 08:17:29.081,1.11474,1.11486,1.15,1.00
2017.03.30 08:17:29.385,1.11476,1.11489,1.15,1.12
2017.03.30 08:17:29.970,1.11477,1.1149,1.00,1.69
2017.03.30 08:17:30.478,1.11477,1.11491,1.50,1.19
2017.03.30 08:17:30.986,1.11478,1.11491,1.00,1.19
2017.03.30 08:17:33.070,1.1148,1.11492,1.00,1.44
2017.03.30 08:17:33.121,1.1148,1.11493,1.11,1.69
2017.03.30 08:17:33.223,1.11483,1.11494,1.25,1.50
2017.03.30 08:17:33.365,1.11481,1.11493,1.00,1.69
2017.03.30 08:17:33.911,1.1148,1.11493,1.05,1.69
2017.03.30 08:17:34.428,1.11481,1.11493,1.50,2.25
2017.03.30 08:17:35.116,1.11481,1.11492,1.00,1.12
2017.03.30 08:17:36.619,1.1148,1.1149,1.50,1.25
2017.03.30 08:17:40.227,1.11478,1.1149,1.00,1.25
2017.03.30 08:17:40.852,1.11477,1.1149,1.25,1.25
2017.03.30 08:17:41.055,1.11477,1.11491,2.44,1.25
2017.03.30 08:17:41.157,1.11477,1.11492,3.94,1.87
2017.03.30 08:17:41.309,1.11479,1.11492,1.00,1.87
2017.03.30 08:17:41.832,1.11478,1.11492,1.12,1.44
2017.03.30 08:17:42.381,1.11479,1.1149,1.12,1.19
2017.03.30 08:17:43.104,1.11479,1.1149,1.87,1.19
2017.03.30 08:17:43.629,1.11479,1.11489,1.00,1.50
2017.03.30 08:17:43.781,1.11477,1.11489,1.12,1.50
2017.03.30 08:17:44.346,1.11478,1.11489,1.12,1.50
2017.03.30 08:17:44.701,1.11479,1.11492,3.00,1.75
2017.03.30 08:17:46.616,1.11481,1.11493,1.00,1.75
2017.03.30 08:17:46.768,1.11482,1.11495,1.00,1.12
2017.03.30 08:17:47.496,1.1148,1.11495,5.32,1.87
2017.03.30 08:17:49.270,1.11481,1.11495,1.00,1.56
2017.03.30 08:17:51.918,1.11481,1.11493,1.00,1.00
2017.03.30 08:17:53.220,1.11482,1.11493,1.00,1.25
2017.03.30 08:17:56.389,1.11483,1.11493,1.00,1.25
2017.03.30 08:17:57.639,1.11483,1.11493,1.00,1.50
2017.03.30 08:17:57.690,1.11481,1.11493,1.69,1.50
2017.03.30 08:17:58.668,1.11481,1.11493,2.44,1.75
2017.03.30 08:17:59.172,1.11481,1.11495,2.44,1.87
2017.03.30 08:18:00.754,1.11479,1.11492,1.50,1.50
2017.03.30 08:18:01.092,1.1148,1.1149,1.00,1.87
2017.03.30 08:18:01.612,1.1148,1.1149,1.00,1.87
2017.03.30 08:18:02.135,1.1148,1.1149,1.00,1.12
2017.03.30 08:18:02.186,1.11478,1.1149,1.00,1.12
2017.03.30 08:18:02.862,1.11479,1.1149,1.00,1.12
2017.03.30 08:18:05.130,1.11479,1.1149,1.00,1.12
2017.03.30 08:18:05.373,1.11479,1.11486,1.00,1.50
2017.03.30 08:18:05.424,1.11474,1.11483,1.37,1.00
2017.03.30 08:18:09.452,1.11475,1.1148,1.00,1.00
2017.03.30 08:18:09.553,1.11473,1.1148,1.00,1.00
2017.03.30 08:18:09.895,1.11473,1.11478,1.00,1.00
2017.03.30 08:18:10.047,1.11471,1.11481,1.12,1.25
2017.03.30 08:18:10.099,1.11471,1.11479,1.00,1.00
2017.03.30 08:18:10.610,1.11471,1.11479,1.50,1.19
2017.03.30 08:18:11.228,1.11472,1.11479,1.00,1.69
2017.03.30 08:18:11.772,1.11471,1.11477,1.50,1.00
2017.03.30 08:18:12.294,1.11471,1.11478,1.00,1.69
2017.03.30 08:18:12.656,1.11471,1.11476,1.00,1.00
2017.03.30 08:18:12.808,1.11468,1.11475,1.00,1.25
2017.03.30 08:18:13.474,1.11468,1.11473,1.00,1.00
2017.03.30 08:18:14.033,1.11467,1.11473,1.00,1.00
2017.03.30 08:18:15.166,1.11467,1.11472,1.00,1.00
2017.03.30 08:18:20.533,1.11466,1.1147,1.50,1.00
2017.03.30 08:18:21.070,1.11466,1.1147,1.00,1.00
2017.03.30 08:18:22.774,1.11466,1.11473,1.00,1.50
2017.03.30 08:18:23.275,1.11466,1.11473,1.69,1.19
2017.03.30 08:18:23.538,1.11466,1.11475,1.69,1.00
2017.03.30 08:18:24.084,1.11468,1.11475,1.00,1.00
2017.03.30 08:18:24.590,1.11468,1.11474,1.12,1.00
2017.03.30 08:18:24.845,1.11468,1.11476,1.12,1.00
2017.03.30 08:18:24.897,1.11469,1.11478,1.00,1.00
2017.03.30 08:18:25.048,1.11471,1.11477,1.00,1.00
2017.03.30 08:18:25.576,1.1147,1.11477,1.50,1.00
2017.03.30 08:18:26.137,1.1147,1.11478,2.25,1.00
2017.03.30 08:18:26.289,1.11474,1.11483,1.00,1.00
2017.03.30 08:18:26.391,1.11475,1.11485,1.50,1.00
2017.03.30 08:18:26.832,1.11476,1.11483,1.00,1.00
2017.03.30 08:18:27.385,1.11476,1.11485,1.00,1.00
2017.03.30 08:18:27.538,1.11477,1.11487,1.00,1.00
2017.03.30 08:18:27.690,1.11479,1.11487,1.00,1.00
2017.03.30 08:18:29.878,1.11479,1.11489,1.00,1.25
2017.03.30 08:18:30.181,1.11481,1.11489,1.00,1.00
2017.03.30 08:18:30.791,1.11484,1.11492,2.25,1.00
2017.03.30 08:18:30.842,1.11486,1.11496,1.00,1.12
2017.03.30 08:18:30.944,1.11489,1.11497,1.00,1.00
2017.03.30 08:18:31.046,1.1149,1.115,1.25,1.00
2017.03.30 08:18:31.147,1.1149,1.11498,1.69,1.00
2017.03.30 08:18:32.757,1.1149,1.115,1.69,1.00
2017.03.30 08:18:33.288,1.1149,1.11499,2.06,1.00
2017.03.30 08:18:35.389,1.11489,1.11497,1.37,1.00
2017.03.30 08:18:35.491,1.11488,1.11497,2.81,1.00
2017.03.30 08:18:36.000,1.11488,1.11496,2.06,1.00
2017.03.30 08:18:36.639,1.1149,1.11497,1.00,1.00
2017.03.30 08:18:36.691,1.11491,1.11501,1.00,1.00
2017.03.30 08:18:36.743,1.11491,1.11499,1.00,1.00
2017.03.30 08:18:36.947,1.11489,1.11498,2.48,1.00
2017.03.30 08:18:37.049,1.11489,1.11495,1.00,1.00
2017.03.30 08:18:37.100,1.11489,1.11499,1.00,1.00
2017.03.30 08:18:37.151,1.11491,1.11502,1.00,1.00
2017.03.30 08:18:37.203,1.11492,1.115,1.00,1.00
2017.03.30 08:18:37.254,1.11492,1.11502,1.00,1.00
2017.03.30 08:18:37.305,1.11492,1.11504,2.06,1.00
2017.03.30 08:18:37.509,1.11492,1.11504,2.81,1.00
2017.03.30 08:18:38.058,1.11494,1.11503,2.62,1.00
2017.03.30 08:18:39.289,1.11494,1.11502,2.06,1.00
2017.03.30 08:18:39.772,1.115,1.11509,1.69,1.12
2017.03.30 08:18:39.874,1.115,1.11511,1.50,1.00
2017.03.30 08:18:39.925,1.115,1.11511,3.00,1.00
2017.03.30 08:18:40.229,1.11504,1.11512,1.00,1.00
2017.03.30 08:18:40.776,1.11504,1.11513,1.12,1.00
2017.03.30 08:18:41.976,1.11503,1.11513,1.25,1.00
2017.03.30 08:18:42.521,1.11502,1.11511,1.12,1.00
2017.03.30 08:18:45.562,1.11502,1.11515,6.00,1.00
2017.03.30 08:18:45.663,1.11503,1.11513,1.87,1.00
2017.03.30 08:18:46.076,1.11504,1.11515,1.31,1.00
2017.03.30 08:18:46.577,1.11504,1.11515,1.69,1.00
2017.03.30 08:18:47.082,1.11504,1.11514,1.69,1.00
2017.03.30 08:18:48.205,1.11504,1.11514,5.25,1.00
2017.03.30 08:18:50.207,1.11504,1.11515,6.00,1.00
2017.03.30 08:18:51.865,1.11504,1.11515,1.87,1.00
2017.03.30 08:18:52.020,1.11504,1.11512,1.87,1.00
2017.03.30 08:18:53.652,1.11503,1.11511,1.81,1.00
2017.03.30 08:18:54.201,1.11501,1.11513,4.12,1.00
2017.03.30 08:18:54.966,1.11501,1.11513,1.12,1.00
2017.03.30 08:18:57.129,1.11501,1.11514,1.87,1.00
2017.03.30 08:18:57.728,1.11503,1.11516,1.19,2.06
2017.03.30 08:18:59.361,1.11503,1.11516,1.69,1.69
2017.03.30 08:19:02.935,1.11505,1.11517,1.00,1.50
2017.03.30 08:19:02.987,1.11505,1.11518,1.25,1.50
2017.03.30 08:19:03.501,1.11506,1.11518,1.00,1.00
2017.03.30 08:19:04.040,1.11508,1.11519,1.00,1.25
2017.03.30 08:19:04.563,1.11507,1.11519,1.00,1.25
2017.03.30 08:19:05.876,1.11508,1.11521,1.00,1.50
2017.03.30 08:19:06.461,1.11507,1.11521,1.00,2.25
2017.03.30 08:19:07.526,1.11507,1.11521,1.00,2.25
2017.03.30 08:19:08.101,1.11506,1.11521,1.00,2.25
2017.03.30 08:19:08.932,1.11508,1.1152,1.00,1.50
2017.03.30 08:19:09.561,1.11507,1.11519,1.00,1.25
2017.03.30 08:19:10.506,1.11507,1.11518,1.00,1.00
2017.03.30 08:19:11.025,1.11506,1.11518,1.50,1.00
2017.03.30 08:19:11.330,1.11503,1.11515,3.00,1.00
2017.03.30 08:19:15.266,1.11503,1.11517,1.50,2.44
2017.03.30 08:19:15.418,1.11505,1.11518,1.50,1.87
2017.03.30 08:19:15.699,1.11505,1.11516,1.50,1.00
2017.03.30 08:19:16.212,1.11503,1.11517,2.62,1.00
2017.03.30 08:19:16.263,1.11503,1.11515,1.87,1.00
2017.03.30 08:19:16.365,1.11501,1.11513,1.87,1.00
2017.03.30 08:19:16.466,1.11501,1.11511,1.25,1.00
2017.03.30 08:19:16.669,1.11501,1.11514,1.25,1.37
2017.03.30 08:19:17.242,1.11501,1.11512,1.87,1.00
2017.03.30 08:19:17.345,1.11502,1.11514,1.25,1.25
2017.03.30 08:19:17.498,1.11503,1.11516,1.69,1.25
2017.03.30 08:19:17.650,1.11505,1.11516,1.25,1.00
2017.03.30 08:19:17.821,1.11505,1.11518,1.69,1.25
2017.03.30 08:19:18.828,1.11505,1.11518,1.00,3.75
2017.03.30 08:19:19.334,1.11504,1.11515,1.00,1.25
2017.03.30 08:19:19.867,1.11502,1.11515,2.25,1.25
2017.03.30 08:19:20.179,1.11505,1.11517,1.00,1.56
2017.03.30 08:19:20.441,1.11503,1.11516,1.50,2.62
2017.03.30 08:19:20.982,1.11504,1.11518,1.00,2.44
2017.03.30 08:19:21.496,1.11505,1.11518,1.00,2.44
2017.03.30 08:19:23.820,1.11505,1.11519,1.12,1.25
2017.03.30 08:19:24.540,1.11505,1.11519,1.31,1.00
2017.03.30 08:19:25.090,1.11505,1.11519,2.81,1.25
2017.03.30 08:19:25.957,1.11506,1.1152,1.25,1.44
2017.03.30 08:19:26.613,1.11507,1.1152,1.00,1.44
2017.03.30 08:19:27.175,1.11505,1.1152,3.37,1.44
2017.03.30 08:19:27.347,1.11507,1.11522,4.69,2.25
2017.03.30 08:19:27.449,1.11509,1.11523,1.19,1.87
2017.03.30 08:19:30.845,1.1151,1.11525,1.50,3.00
2017.03.30 08:19:33.130,1.1151,1.11523,1.25,1.12
2017.03.30 08:19:33.694,1.11512,1.11523,1.00,2.06
2017.03.30 08:19:34.257,1.11511,1.11523,1.25,2.81
2017.03.30 08:19:36.152,1.11511,1.11522,1.25,1.00
2017.03.30 08:19:36.465,1.11506,1.1152,5.25,1.87
2017.03.30 08:19:36.673,1.11507,1.11518,1.25,1.00
2017.03.30 08:19:37.181,1.11505,1.11517,1.87,1.00
2017.03.30 08:19:37.872,1.11505,1.11518,1.12,1.00
2017.03.30 08:19:38.494,1.11504,1.11518,2.25,1.25
2017.03.30 08:19:38.757,1.11504,1.11518,1.50,1.69
2017.03.30 08:19:38.859,1.11503,1.11515,1.87,1.00
2017.03.30 08:19:38.960,1.11501,1.11515,2.81,1.50
2017.03.30 08:19:39.628,1.11503,1.11515,1.00,1.50
2017.03.30 08:19:40.164,1.11502,1.11516,1.31,1.31
2017.03.30 08:19:40.846,1.11503,1.11517,1.00,2.62
2017.03.30 08:19:41.801,1.11502,1.11515,1.87,1.00
2017.03.30 08:19:42.507,1.11502,1.11515,1.87,1.00
2017.03.30 08:19:43.064,1.11502,1.11516,1.87,1.12
2017.03.30 08:19:43.576,1.11502,1.11515,1.44,1.00
2017.03.30 08:19:44.266,1.11502,1.11514,1.44,1.00
2017.03.30 08:19:45.265,1.11501,1.11514,1.87,1.50
2017.03.30 08:19:45.367,1.115,1.11512,1.87,1.00
2017.03.30 08:19:45.721,1.115,1.1151,1.44,1.00
2017.03.30 08:19:45.772,1.11498,1.1151,1.00,1.50
2017.03.30 08:19:45.873,1.11497,1.11508,1.31,1.00
2017.03.30 08:19:45.924,1.11497,1.1151,1.31,1.50
2017.03.30 08:19:48.429,1.11497,1.1151,1.44,1.50
2017.03.30 08:19:48.959,1.11498,1.11509,1.12,1.00
2017.03.30 08:19:50.212,1.11498,1.11509,1.87,1.00
2017.03.30 08:19:50.692,1.11495,1.11509,2.44,1.50
2017.03.30 08:19:51.326,1.11496,1.11507,1.62,1.00
2017.03.30 08:19:51.931,1.11497,1.11508,1.87,1.00
2017.03.30 08:19:52.134,1.11499,1.11511,1.69,1.12
2017.03.30 08:19:52.539,1.11497,1.11508,2.25,1.00
2017.03.30 08:19:52.641,1.11497,1.1151,1.50,1.12
2017.03.30 08:19:53.239,1.115,1.11511,1.25,1.00
2017.03.30 08:19:53.823,1.115,1.11513,1.69,1.00
2017.03.30 08:19:56.011,1.11498,1.11511,3.00,1.00
2017.03.30 08:19:56.062,1.11498,1.11512,1.00,2.25
2017.03.30 08:19:56.114,1.11497,1.11509,1.25,1.50
2017.03.30 08:19:56.634,1.11494,1.11508,2.25,1.00
2017.03.30 08:19:56.939,1.11498,1.11511,1.44,1.00
2017.03.30 08:19:57.517,1.11498,1.1151,1.50,1.00
2017.03.30 08:19:58.018,1.11498,1.1151,1.19,1.00
2017.03.30 08:19:58.588,1.11498,1.1151,1.44,1.00
2017.03.30 08:19:58.840,1.11497,1.1151,3.37,1.00
2017.03.30 08:20:00.126,1.11498,1.11511,1.69,1.00
2017.03.30 08:20:00.176,1.11498,1.11511,2.25,1.00
2017.03.30 08:20:00.682,1.11499,1.11511,2.25,1.00
2017.03.30 08:20:01.495,1.115,1.11513,1.75,1.00
2017.03.30 08:20:02.686,1.115,1.11513,1.58,1.00
2017.03.30 08:20:03.400,1.115,1.11513,1.58,1.00
2017.03.30 08:20:03.574,1.11502,1.11515,1.00,1.10
2017.03.30 08:20:03.726,1.11504,1.11518,1.00,1.10
2017.03.30 08:20:03.878,1.11504,1.11516,1.00,1.00
2017.03.30 08:20:04.426,1.11503,1.11517,1.58,1.50
2017.03.30 08:20:04.728,1.115,1.11514,3.83,1.50
2017.03.30 08:20:04.830,1.11499,1.11512,1.95,1.00
2017.03.30 08:20:05.461,1.11497,1.11512,2.70,1.50
2017.03.30 08:20:05.765,1.115,1.11513,1.00,1.50
2017.03.30 08:20:06.296,1.11501,1.11512,1.00,1.00
2017.03.30 08:20:07.292,1.115,1.11509,1.00,1.00
2017.03.30 08:20:07.443,1.11498,1.1151,1.00,1.00
2017.03.30 08:20:07.983,1.11498,1.11511,1.10,1.25
2017.03.30 08:20:08.118,1.115,1.11511,1.00,1.25
2017.03.30 08:20:10.060,1.11502,1.11513,1.00,1.50
2017.03.30 08:20:10.716,1.11501,1.11513,1.00,1.87
2017.03.30 08:20:11.287,1.115,1.11513,1.58,1.00
2017.03.30 08:20:11.892,1.115,1.11513,1.50,1.87
2017.03.30 08:20:15.324,1.11499,1.11512,1.50,2.06
2017.03.30 08:20:15.901,1.11499,1.11512,1.50,2.62
2017.03.30 08:20:17.420,1.11498,1.11511,1.00,1.69
2017.03.30 08:20:17.725,1.11501,1.11514,1.00,1.62
2017.03.30 08:20:18.044,1.11501,1.11513,1.00,1.12
2017.03.30 08:20:18.608,1.115,1.11513,1.00,1.12
2017.03.30 08:20:19.194,1.11499,1.11512,1.00,1.19
2017.03.30 08:20:19.704,1.115,1.11512,1.00,3.00
2017.03.30 08:20:19.755,1.11498,1.1151,1.87,1.25
2017.03.30 08:20:20.010,1.115,1.1151,1.00,1.25
2017.03.30 08:20:20.522,1.115,1.11512,1.00,1.87
2017.03.30 08:20:21.869,1.115,1.11511,1.00,1.44
2017.03.30 08:20:22.434,1.11499,1.11511,1.00,1.44
2017.03.30 08:20:24.575,1.115,1.11512,1.00,3.37
2017.03.30 08:20:26.405,1.11499,1.11512,1.50,3.00
2017.03.30 08:20:27.002,1.11499,1.11511,1.00,2.62
2017.03.30 08:20:27.545,1.11497,1.11509,1.00,2.62
2017.03.30 08:20:28.113,1.11496,1.11508,1.00,1.50
2017.03.30 08:20:30.352,1.11495,1.11509,1.12,3.00
2017.03.30 08:20:32.520,1.11497,1.11509,1.00,2.25
2017.03.30 08:20:33.047,1.11496,1.11509,1.00,2.25
2017.03.30 08:20:34.079,1.11497,1.11509,1.00,2.25
2017.03.30 08:20:34.655,1.11496,1.11509,1.87,2.25
2017.03.30 08:20:35.195,1.11498,1.11509,1.00,3.00
2017.03.30 08:20:35.590,1.11498,1.11509,1.00,1.25
2017.03.30 08:20:36.947,1.11499,1.11511,1.00,2.25
2017.03.30 08:20:37.607,1.11499,1.11512,1.00,2.40
2017.03.30 08:20:38.121,1.11499,1.11513,1.00,3.52
2017.03.30 08:20:41.499,1.115,1.11513,1.00,2.77
2017.03.30 08:20:41.600,1.11502,1.11513,1.00,2.77
2017.03.30 08:20:41.904,1.115,1.11513,1.00,2.77
2017.03.30 08:20:42.207,1.11498,1.11513,1.25,3.52
2017.03.30 08:20:43.394,1.11498,1.1151,1.00,1.00
2017.03.30 08:20:44.152,1.11497,1.1151,1.50,1.00
2017.03.30 08:20:44.743,1.11496,1.1151,3.19,1.12
2017.03.30 08:20:44.845,1.11495,1.11508,2.62,2.77
2017.03.30 08:20:45.365,1.11494,1.11507,1.69,1.65
2017.03.30 08:20:45.801,1.11497,1.11511,1.31,1.00
2017.03.30 08:20:47.669,1.11499,1.11511,1.25,2.02
2017.03.30 08:20:48.343,1.11499,1.11513,1.50,3.15
2017.03.30 08:20:48.900,1.11499,1.11513,1.87,2.77
2017.03.30 08:20:50.301,1.115,1.11514,1.37,1.00
2017.03.30 08:20:50.631,1.11498,1.11512,2.81,1.00
2017.03.30 08:20:50.833,1.11499,1.11511,1.25,1.00
2017.03.30 08:20:51.384,1.115,1.11511,1.00,1.00
2017.03.30 08:20:51.536,1.11497,1.11511,2.25,1.00
2017.03.30 08:20:51.789,1.11497,1.11509,2.25,1.00
2017.03.30 08:20:53.698,1.11497,1.11507,2.06,1.00
2017.03.30 08:20:54.022,1.115,1.11511,1.37,1.00
2017.03.30 08:20:54.703,1.11499,1.11509,1.50,1.00
2017.03.30 08:20:54.804,1.11499,1.11509,1.00,1.00
2017.03.30 08:20:55.310,1.11495,1.11508,2.25,1.00
2017.03.30 08:20:55.853,1.11495,1.11507,1.31,1.00
2017.03.30 08:20:56.534,1.11494,1.11507,1.87,1.00
2017.03.30 08:20:57.255,1.11494,1.11505,1.87,1.00
2017.03.30 08:20:57.470,1.11494,1.11507,2.62,1.00
2017.03.30 08:20:57.992,1.11494,1.11506,1.62,1.00
2017.03.30 08:20:58.653,1.11494,1.11507,2.06,1.00
2017.03.30 08:20:59.962,1.11494,1.11506,1.87,1.00
2017.03.30 08:21:00.591,1.11495,1.11508,1.12,1.65
2017.03.30 08:21:01.816,1.11495,1.11508,1.12,1.87
2017.03.30 08:21:02.457,1.11494,1.11506,1.37,4.50
2017.03.30 08:21:02.746,1.11493,1.11504,1.50,1.25
2017.03.30 08:21:03.413,1.11492,1.11504,1.12,1.25
2017.03.30 08:21:03.940,1.11492,1.11504,1.12,1.41
2017.03.30 08:21:05.341,1.11494,1.11505,1.00,4.16
2017.03.30 08:21:06.864,1.11494,1.11506,1.00,3.41
2017.03.30 08:21:08.425,1.11494,1.11504,1.00,1.54
2017.03.30 08:21:08.988,1.1149,1.11505,2.81,1.54
2017.03.30 08:21:09.291,1.1149,1.11502,2.00,1.05
2017.03.30 08:21:09.557,1.1149,1.11502,1.25,1.05
2017.03.30 08:21:10.238,1.1149,1.115,1.25,3.41
2017.03.30 08:21:10.747,1.11488,1.11501,1.37,3.79
2017.03.30 08:21:11.455,1.11487,1.115,2.25,3.41
2017.03.30 08:21:11.794,1.11484,1.11499,2.62,3.79
2017.03.30 08:21:11.895,1.11484,1.11498,1.87,1.16
2017.03.30 08:21:12.232,1.11483,1.11497,2.44,3.79
2017.03.30 08:21:12.734,1.11485,1.11497,1.25,3.41
2017.03.30 08:21:15.580,1.11485,1.11493,1.25,1.00
2017.03.30 08:21:16.114,1.11485,1.11494,1.25,1.00
2017.03.30 08:21:17.840,1.11485,1.11495,1.25,1.00
2017.03.30 08:21:18.782,1.11487,1.11495,1.00,1.00
2017.03.30 08:21:19.143,1.11485,1.11494,1.50,1.00
2017.03.30 08:21:23.409,1.11485,1.11495,1.00,1.00
2017.03.30 08:21:23.974,1.11485,1.11496,1.00,1.00
2017.03.30 08:21:30.981,1.11485,1.1149,1.00,1.00
2017.03.30 08:21:31.032,1.11483,1.11492,1.87,1.00
2017.03.30 08:21:32.369,1.11482,1.11493,2.06,1.00
2017.03.30 08:21:33.421,1.11482,1.11491,1.87,1.00
2017.03.30 08:21:34.081,1.11482,1.1149,1.69,1.00
2017.03.30 08:21:36.736,1.11486,1.1149,1.00,1.00
2017.03.30 08:21:37.252,1.11486,1.11491,1.00,1.00
2017.03.30 08:21:37.688,1.11484,1.11491,1.00,1.75
2017.03.30 08:21:38.212,1.11483,1.11489,1.00,1.25
2017.03.30 08:21:38.721,1.11482,1.11489,1.00,1.25
2017.03.30 08:21:39.094,1.11482,1.11487,1.00,1.00
2017.03.30 08:21:39.550,1.11484,1.11488,1.00,1.25
2017.03.30 08:21:40.247,1.11483,1.11488,1.00,1.25
2017.03.30 08:21:40.813,1.11483,1.11487,1.00,1.25
2017.03.30 08:21:41.326,1.11482,1.11486,1.00,1.00
2017.03.30 08:21:46.072,1.11483,1.11487,1.00,1.25
2017.03.30 08:21:48.263,1.11481,1.11486,1.00,1.00
2017.03.30 08:21:48.842,1.1148,1.11484,1.00,1.00
2017.03.30 08:21:50.378,1.11481,1.11485,1.00,1.00
2017.03.30 08:21:50.890,1.1148,1.11484,1.00,1.00
2017.03.30 08:21:51.568,1.11481,1.11485,1.00,1.00
2017.03.30 08:21:52.228,1.11482,1.11486,1.00,1.00
2017.03.30 08:21:53.173,1.11482,1.11487,1.00,1.50
2017.03.30 08:21:53.477,1.11477,1.11485,1.00,1.00
2017.03.30 08:21:53.528,1.11476,1.1148,1.00,1.00
2017.03.30 08:21:54.210,1.11476,1.1148,1.00,1.00
2017.03.30 08:21:54.589,1.11478,1.11483,1.00,1.00
2017.03.30 08:21:55.172,1.11479,1.11484,1.00,1.00
2017.03.30 08:21:55.729,1.11479,1.11485,1.00,1.31
2017.03.30 08:21:56.277,1.11481,1.11485,1.00,1.12
2017.03.30 08:21:57.047,1.11478,1.11482,1.00,1.00
2017.03.30 08:21:57.098,1.11479,1.11483,1.00,1.00
2017.03.30 08:21:57.200,1.11478,1.11483,1.00,1.00
2017.03.30 08:21:57.453,1.11479,1.11485,1.00,1.25
2017.03.30 08:21:57.955,1.1148,1.11485,1.00,1.00
2017.03.30 08:22:01.206,1.11479,1.11485,1.00,1.00
2017.03.30 08:22:01.409,1.11482,1.11486,1.00,1.25
2017.03.30 08:22:01.713,1.11482,1.11486,1.00,1.00
2017.03.30 08:22:01.967,1.11483,1.11487,1.00,1.25
2017.03.30 08:22:02.260,1.11481,1.11486,1.00,1.00
2017.03.30 08:22:02.311,1.11482,1.11487,1.00,1.25
2017.03.30 08:22:02.362,1.11481,1.11485,1.00,1.00
2017.03.30 08:22:02.699,1.11479,1.11485,1.00,1.00
2017.03.30 08:22:02.801,1.11478,1.11482,1.00,1.00
2017.03.30 08:22:03.322,1.11479,1.11486,1.00,3.75
2017.03.30 08:22:03.423,1.11479,1.11488,1.00,4.12
2017.03.30 08:22:06.366,1.11478,1.11484,1.00,1.00
2017.03.30 08:22:06.636,1.11477,1.11481,1.00,1.00
2017.03.30 08:22:07.211,1.11477,1.11481,1.00,1.00
2017.03.30 08:22:08.045,1.11476,1.1148,1.00,1.00
2017.03.30 08:22:08.555,1.11475,1.11479,1.00,1.00
2017.03.30 08:22:09.330,1.11474,1.11478,1.00,1.00
2017.03.30 08:22:09.381,1.11476,1.1148,1.00,1.00
2017.03.30 08:22:10.516,1.11475,1.11483,1.00,3.75
2017.03.30 08:22:11.187,1.11476,1.1148,1.00,1.00
2017.03.30 08:22:13.368,1.11474,1.11478,1.00,1.00
2017.03.30 08:22:13.419,1.11474,1.11478,1.00,1.00
2017.03.30 08:22:14.012,1.11473,1.11478,1.00,1.00
2017.03.30 08:22:14.613,1.11473,1.11477,1.00,1.00
2017.03.30 08:22:15.126,1.11473,1.11478,1.00,1.25
2017.03.30 08:22:15.647,1.11472,1.11478,1.00,1.25
2017.03.30 08:22:16.414,1.11472,1.11477,1.00,1.00
2017.03.30 08:22:19.358,1.11472,1.11476,1.00,1.00
2017.03.30 08:22:20.604,1.11471,1.11475,1.00,1.00
2017.03.30 08:22:20.830,1.1147,1.11475,1.00,1.00
2017.03.30 08:22:21.373,1.1147,1.11474,1.00,1.00
2017.03.30 08:22:22.085,1.1147,1.11474,1.00,1.00
2017.03.30 08:22:22.640,1.11471,1.11475,1.00,1.00
2017.03.30 08:22:23.906,1.1147,1.11475,1.00,1.00
2017.03.30 08:22:24.445,1.11469,1.11474,1.00,1.25
2017.03.30 08:22:24.981,1.1147,1.11474,1.00,1.25
2017.03.30 08:22:25.887,1.1147,1.11477,1.00,1.75
2017.03.30 08:22:25.938,1.11473,1.11477,1.00,1.50
2017.03.30 08:22:26.192,1.11469,1.11473,1.50,1.00
2017.03.30 08:22:26.768,1.1147,1.11474,1.00,1.00
2017.03.30 08:22:29.361,1.11469,1.11473,1.00,1.00
2017.03.30 08:22:29.513,1.1147,1.11475,1.00,1.50
2017.03.30 08:22:30.034,1.11471,1.11475,1.00,1.00
2017.03.30 08:22:30.658,1.1147,1.11475,1.00,1.00
2017.03.30 08:22:30.714,1.11469,1.11473,1.00,1.00
2017.03.30 08:22:31.387,1.11469,1.11473,1.00,1.00
2017.03.30 08:22:36.746,1.11469,1.11474,1.00,1.25
2017.03.30 08:22:39.808,1.11468,1.11474,1.00,1.25
2017.03.30 08:22:40.396,1.11468,1.11473,1.00,1.00
2017.03.30 08:22:43.245,1.11468,1.11474,1.00,1.00
2017.03.30 08:22:43.746,1.11467,1.11473,1.00,1.25
2017.03.30 08:22:44.369,1.11467,1.11471,1.00,1.00
2017.03.30 08:22:44.925,1.11466,1.1147,1.00,1.00
2017.03.30 08:22:45.431,1.11467,1.11471,1.00,1.00
2017.03.30 08:22:46.387,1.11464,1.11468,1.00,1.00
2017.03.30 08:22:46.893,1.11465,1.11469,1.00,1.00
2017.03.30 08:22:47.645,1.11464,1.11468,1.00,1.00
2017.03.30 08:22:49.434,1.11466,1.11471,1.00,1.19
2017.03.30 08:22:50.058,1.11466,1.11471,1.00,1.00
2017.03.30 08:22:50.160,1.11466,1.1147,1.00,1.00
2017.03.30 08:22:50.463,1.11467,1.11471,1.00,1.00
2017.03.30 08:22:50.515,1.11468,1.11472,1.00,1.00
2017.03.30 08:22:50.670,1.11467,1.11471,1.00,1.00
2017.03.30 08:22:51.278,1.11466,1.1147,1.00,1.00
2017.03.30 08:22:55.671,1.11467,1.11471,1.00,1.00
2017.03.30 08:22:57.355,1.11466,1.1147,1.00,1.00
2017.03.30 08:22:57.572,1.11467,1.11472,1.00,1.00
2017.03.30 08:22:57.915,1.11465,1.11471,1.00,1.25
2017.03.30 08:22:57.988,1.11467,1.11472,1.00,1.50
2017.03.30 08:22:58.536,1.11467,1.11471,1.00,1.25
2017.03.30 08:22:58.995,1.11465,1.11469,1.00,1.00
2017.03.30 08:22:59.209,1.11462,1.11469,1.00,1.00
2017.03.30 08:22:59.881,1.11462,1.1147,1.00,1.00
2017.03.30 08:23:00.618,1.11462,1.11469,1.00,1.00
2017.03.30 08:23:01.221,1.11464,1.11469,1.00,1.00
2017.03.30 08:23:02.226,1.11464,1.1147,1.00,1.00
2017.03.30 08:23:02.327,1.1146,1.1147,2.25,1.00
2017.03.30 08:23:02.581,1.11458,1.1147,1.12,1.50
2017.03.30 08:23:02.666,1.11457,1.11465,1.50,1.00
2017.03.30 08:23:02.970,1.11457,1.11462,1.00,1.00
2017.03.30 08:23:03.496,1.11457,1.11463,1.00,1.25
2017.03.30 08:23:04.162,1.11458,1.11463,1.00,1.00
2017.03.30 08:23:04.365,1.11458,1.11465,1.00,1.25
2017.03.30 08:23:04.640,1.11457,1.11462,1.00,1.00
2017.03.30 08:23:05.176,1.11457,1.11463,1.00,1.00
2017.03.30 08:23:05.637,1.11459,1.11466,1.50,1.44
2017.03.30 08:23:05.689,1.1146,1.11467,1.50,1.50
2017.03.30 08:23:05.841,1.1146,1.11468,1.50,1.00
2017.03.30 08:23:06.871,1.11462,1.1147,1.00,1.00
2017.03.30 08:23:07.396,1.11462,1.11469,1.00,1.00
2017.03.30 08:23:07.899,1.11461,1.1147,1.00,1.50
2017.03.30 08:23:08.207,1.11461,1.11467,1.00,1.00
2017.03.30 08:23:08.730,1.11461,1.11468,1.00,1.00
2017.03.30 08:23:09.085,1.11463,1.11467,1.00,1.00
2017.03.30 08:23:09.289,1.1146,1.11466,3.37,1.00
2017.03.30 08:23:09.593,1.11461,1.1147,1.00,1.31
2017.03.30 08:23:13.019,1.11461,1.11469,1.00,1.00
2017.03.30 08:23:13.628,1.11462,1.11469,1.00,1.00
2017.03.30 08:23:13.868,1.1146,1.11467,1.00,1.00
2017.03.30 08:23:14.484,1.1146,1.11468,1.00,1.00
2017.03.30 08:23:15.898,1.11462,1.11468,1.00,1.00
2017.03.30 08:23:18.415,1.11462,1.11467,1.00,1.00
2017.03.30 08:23:18.928,1.11462,1.11468,1.00,1.00
2017.03.30 08:23:19.687,1.11463,1.11468,1.00,1.00
2017.03.30 08:23:20.272,1.11463,1.11469,1.00,1.25
2017.03.30 08:23:21.642,1.11461,1.11469,1.00,1.25
2017.03.30 08:23:24.305,1.11461,1.11468,1.00,1.00
2017.03.30 08:23:29.721,1.11461,1.11465,1.00,1.00
2017.03.30 08:23:31.255,1.1146,1.11465,1.00,1.00
2017.03.30 08:23:33.715,1.1146,1.11466,1.00,1.25
2017.03.30 08:23:34.841,1.11459,1.11465,1.00,1.00
2017.03.30 08:23:35.346,1.11458,1.11466,1.00,1.19
2017.03.30 08:23:35.667,1.11457,1.11462,1.00,1.00
2017.03.30 08:23:36.217,1.11457,1.11463,1.00,1.00
2017.03.30 08:23:39.260,1.11457,1.11462,1.00,1.00
2017.03.30 08:23:40.133,1.11456,1.11462,1.00,1.00
2017.03.30 08:23:40.639,1.11456,1.11463,1.00,1.00
2017.03.30 08:23:48.170,1.11456,1.11462,1.00,1.00
2017.03.30 08:23:48.734,1.11456,1.11463,1.00,1.00
2017.03.30 08:23:49.247,1.11456,1.11462,1.00,1.00
2017.03.30 08:23:49.551,1.11451,1.11457,3.00,1.00
2017.03.30 08:23:49.602,1.11456,1.1146,1.00,1.00
2017.03.30 08:23:50.128,1.11455,1.1146,1.00,1.00
2017.03.30 08:23:50.894,1.11455,1.11461,1.00,1.00
2017.03.30 08:23:51.436,1.11456,1.11466,1.00,2.25
2017.03.30 08:23:54.603,1.11458,1.11466,1.00,4.50
2017.03.30 08:23:54.988,1.11456,1.11466,1.00,1.75
2017.03.30 08:23:55.544,1.11459,1.11466,1.00,1.75
2017.03.30 08:23:55.698,1.11463,1.11467,1.00,1.00
2017.03.30 08:23:55.901,1.11463,1.11472,1.00,3.75
2017.03.30 08:23:56.240,1.11462,1.11471,1.00,1.37
2017.03.30 08:23:56.544,1.11463,1.11472,1.00,3.37
2017.03.30 08:23:56.704,1.11462,1.1147,1.00,1.00
2017.03.30 08:24:01.536,1.11463,1.1147,1.00,1.00
2017.03.30 08:24:02.126,1.11462,1.11475,1.00,5.25
2017.03.30 08:24:03.030,1.11464,1.11475,1.00,2.25
2017.03.30 08:24:03.532,1.11465,1.11475,1.00,1.75
2017.03.30 08:24:05.062,1.11464,1.11477,1.00,3.37
2017.03.30 08:24:05.214,1.11464,1.11477,1.00,1.75
2017.03.30 08:24:05.416,1.11466,1.11477,1.00,4.50
2017.03.30 08:24:05.620,1.11467,1.11477,1.00,3.00
2017.03.30 08:24:05.800,1.11465,1.11477,1.00,3.75
2017.03.30 08:24:06.104,1.11467,1.11478,1.00,3.75
2017.03.30 08:24:06.415,1.11469,1.11479,1.00,2.25
2017.03.30 08:24:06.468,1.11467,1.11476,1.00,1.37
2017.03.30 08:24:06.620,1.11468,1.11476,1.00,3.75
2017.03.30 08:24:06.722,1.11468,1.11477,1.00,1.37
2017.03.30 08:24:07.219,1.11466,1.11476,1.00,1.12
2017.03.30 08:24:07.422,1.11468,1.11478,1.00,2.25
2017.03.30 08:24:07.942,1.11467,1.11478,1.00,1.50
2017.03.30 08:24:08.465,1.11465,1.11475,1.00,3.37
2017.03.30 08:24:08.769,1.11468,1.11478,1.00,6.37
2017.03.30 08:24:08.820,1.11468,1.11478,1.00,4.50
2017.03.30 08:24:09.526,1.11467,1.11478,1.00,4.50
2017.03.30 08:24:09.957,1.11469,1.11478,1.00,4.50
2017.03.30 08:24:10.326,1.11467,1.11478,1.00,1.50
2017.03.30 08:24:10.482,1.11469,1.11479,1.00,1.75
2017.03.30 08:24:10.987,1.11468,1.11479,1.00,2.25
2017.03.30 08:24:11.321,1.1147,1.11479,1.00,1.50
2017.03.30 08:24:11.648,1.1147,1.11481,1.00,1.81
2017.03.30 08:24:15.925,1.11472,1.11482,1.00,2.25
2017.03.30 08:24:19.221,1.11471,1.1148,1.00,1.37
2017.03.30 08:24:20.216,1.1147,1.1148,1.00,1.37
2017.03.30 08:24:20.551,1.11473,1.1148,1.00,1.37
2017.03.30 08:24:22.857,1.11476,1.11482,1.00,1.75
2017.03.30 08:24:23.111,1.11479,1.11487,1.00,1.75
2017.03.30 08:24:23.479,1.11477,1.11488,1.00,1.50
2017.03.30 08:24:23.530,1.11477,1.11486,1.00,1.00
2017.03.30 08:24:23.834,1.11481,1.11486,1.00,1.00
2017.03.30 08:24:23.936,1.11481,1.11491,1.00,1.50
2017.03.30 08:24:24.703,1.1148,1.11492,1.00,4.06
2017.03.30 08:24:25.468,1.11481,1.1149,1.00,1.12
2017.03.30 08:24:25.570,1.11479,1.1149,1.00,1.87
2017.03.30 08:24:26.524,1.11481,1.1149,1.00,2.18
2017.03.30 08:24:28.002,1.11479,1.1149,1.00,1.43
2017.03.30 08:24:29.151,1.11481,1.11491,1.00,1.50
2017.03.30 08:24:31.043,1.1148,1.11491,1.00,1.50
2017.03.30 08:24:31.353,1.11485,1.11495,1.00,1.47
2017.03.30 08:24:31.865,1.11486,1.11496,1.00,2.25
2017.03.30 08:24:34.007,1.11487,1.11496,1.00,1.75
2017.03.30 08:24:34.159,1.11487,1.11497,1.00,1.12
2017.03.30 08:24:34.210,1.11489,1.11497,1.00,1.12
2017.03.30 08:24:34.566,1.11492,1.11499,1.00,1.47
2017.03.30 08:24:34.769,1.11492,1.11502,1.00,1.75
2017.03.30 08:24:35.063,1.11493,1.11503,1.00,1.75
2017.03.30 08:24:35.627,1.11493,1.11503,1.00,1.50
2017.03.30 08:24:36.298,1.11492,1.11502,1.00,1.12
2017.03.30 08:24:38.344,1.11493,1.11505,1.00,1.47
2017.03.30 08:24:38.395,1.11493,1.11506,1.00,3.72
2017.03.30 08:24:38.902,1.11492,1.11506,1.00,2.22
2017.03.30 08:24:39.897,1.11492,1.11505,1.00,1.10
2017.03.30 08:24:40.434,1.11491,1.11503,1.00,2.97
2017.03.30 08:24:40.638,1.11489,1.11503,1.00,2.22
2017.03.30 08:24:40.942,1.11491,1.11501,1.00,1.00
2017.03.30 08:24:40.994,1.11489,1.11501,1.00,1.00
2017.03.30 08:24:41.531,1.11488,1.115,1.12,1.00
2017.03.30 08:24:41.582,1.1149,1.115,1.00,1.00
2017.03.30 08:24:41.633,1.1149,1.11502,1.00,1.85
2017.03.30 08:24:41.711,1.11488,1.11502,1.12,1.85
2017.03.30 08:24:42.293,1.11488,1.11501,1.12,1.50
2017.03.30 08:24:42.525,1.1149,1.11501,1.00,1.00
2017.03.30 08:24:42.627,1.11488,1.11501,1.12,1.00
2017.03.30 08:24:43.143,1.11489,1.11499,1.00,1.00
2017.03.30 08:24:43.194,1.11487,1.11499,1.00,1.47
2017.03.30 08:24:43.696,1.11487,1.11499,1.00,2.22
2017.03.30 08:24:48.360,1.11487,1.11498,1.00,4.05
2017.03.30 08:24:50.438,1.11488,1.11498,1.00,4.05
2017.03.30 08:24:50.590,1.11491,1.11501,1.00,1.80
2017.03.30 08:24:50.642,1.11488,1.11501,1.00,1.80
2017.03.30 08:24:50.723,1.11488,1.11497,1.00,3.67
2017.03.30 08:24:50.825,1.11484,1.11495,1.37,3.67
2017.03.30 08:24:51.372,1.11486,1.11496,1.00,4.42
2017.03.30 08:24:51.474,1.11484,1.11496,1.00,5.17
2017.03.30 08:24:52.086,1.11483,1.11496,1.00,5.92
2017.03.30 08:24:52.815,1.11482,1.11494,1.25,1.15
2017.03.30 08:24:54.781,1.11482,1.11494,1.00,2.17
2017.03.30 08:24:57.107,1.11484,1.11495,1.00,4.50
2017.03.30 08:24:57.673,1.11485,1.11495,1.00,3.75
2017.03.30 08:24:58.873,1.11486,1.11495,1.00,3.75
2017.03.30 08:25:00.400,1.11486,1.11496,1.00,1.75
2017.03.30 08:25:00.766,1.11488,1.11496,1.00,1.75
2017.03.30 08:25:01.306,1.11487,1.11496,1.00,1.75
2017.03.30 08:25:02.780,1.11487,1.11498,1.00,4.50
2017.03.30 08:25:03.821,1.11486,1.11498,1.00,4.50
2017.03.30 08:25:04.126,1.11488,1.11498,1.00,3.75
2017.03.30 08:25:04.586,1.11488,1.115,1.00,4.12
2017.03.30 08:25:05.441,1.11487,1.115,1.00,4.50
2017.03.30 08:25:06.030,1.11488,1.11501,1.00,4.50
2017.03.30 08:25:12.013,1.11487,1.11499,1.00,1.69
2017.03.30 08:25:12.520,1.11488,1.11499,1.00,1.81
2017.03.30 08:25:15.314,1.1149,1.11499,1.00,1.81
2017.03.30 08:25:15.906,1.1149,1.11501,1.00,1.12
2017.03.30 08:25:17.063,1.11489,1.11501,1.00,1.12
2017.03.30 08:25:17.586,1.1149,1.11501,1.00,3.75
2017.03.30 08:25:22.954,1.11488,1.115,1.00,1.50
2017.03.30 08:25:23.308,1.11487,1.11499,1.00,4.12
2017.03.30 08:25:26.370,1.11488,1.11498,1.00,1.50
2017.03.30 08:25:26.826,1.11489,1.11499,1.00,1.87
2017.03.30 08:25:27.332,1.11487,1.11499,1.00,1.44
2017.03.30 08:25:27.535,1.11489,1.11499,1.00,1.44
2017.03.30 08:25:29.709,1.11487,1.11499,1.00,1.62
2017.03.30 08:25:29.953,1.11487,1.11498,1.00,1.12
2017.03.30 08:25:30.054,1.11485,1.11498,1.00,1.12
2017.03.30 08:25:30.105,1.11487,1.11498,1.00,1.12
2017.03.30 08:25:30.634,1.11488,1.11497,1.00,1.81
2017.03.30 08:25:35.680,1.11489,1.11498,1.00,3.75
2017.03.30 08:25:35.852,1.11492,1.115,1.00,1.00
2017.03.30 08:25:36.063,1.11489,1.115,1.00,1.00
2017.03.30 08:25:36.367,1.11493,1.115,1.00,1.50
2017.03.30 08:25:36.418,1.11491,1.115,1.00,1.50
2017.03.30 08:25:36.722,1.11493,1.11502,1.00,5.06
2017.03.30 08:25:36.824,1.11493,1.11503,1.00,1.44
2017.03.30 08:25:37.579,1.11495,1.11504,1.00,3.75
2017.03.30 08:25:37.866,1.11496,1.11506,1.00,4.50
2017.03.30 08:25:38.069,1.11498,1.11506,1.00,3.75
2017.03.30 08:25:38.373,1.11496,1.11507,1.00,1.44
2017.03.30 08:25:41.600,1.11495,1.11506,1.12,1.25
2017.03.30 08:25:41.702,1.11499,1.11508,1.00,4.50
2017.03.30 08:25:41.854,1.11498,1.11509,1.00,1.19
2017.03.30 08:25:42.368,1.11499,1.1151,1.00,4.12
2017.03.30 08:25:43.958,1.11499,1.1151,1.00,1.44
2017.03.30 08:25:45.556,1.11497,1.1151,1.00,1.44
2017.03.30 08:25:47.207,1.115,1.1151,1.00,1.44
2017.03.30 08:25:47.409,1.11502,1.11514,1.00,2.44
2017.03.30 08:25:49.340,1.11503,1.11514,1.00,1.25
2017.03.30 08:25:49.391,1.11506,1.11514,1.00,1.25
2017.03.30 08:25:49.493,1.11507,1.11517,1.00,1.25
2017.03.30 08:25:49.684,1.11505,1.11518,1.00,1.44
2017.03.30 08:25:49.796,1.11507,1.11518,1.00,1.44
2017.03.30 08:25:50.020,1.11505,1.11518,1.00,1.87
2017.03.30 08:25:50.566,1.11505,1.11518,1.00,4.12
2017.03.30 08:25:51.270,1.11505,1.11517,1.00,1.25
2017.03.30 08:25:51.856,1.11504,1.11516,1.12,1.00
2017.03.30 08:25:52.358,1.11504,1.11517,1.12,1.00
2017.03.30 08:25:52.893,1.11503,1.11516,1.87,1.00
2017.03.30 08:25:53.427,1.11504,1.11517,1.12,3.75
2017.03.30 08:25:54.057,1.11504,1.11516,1.12,3.00
2017.03.30 08:25:54.784,1.11504,1.11517,1.12,2.85
2017.03.30 08:25:55.157,1.11506,1.11519,1.00,1.37
2017.03.30 08:25:55.309,1.11506,1.1152,1.87,1.00
2017.03.30 08:25:55.840,1.11507,1.11521,1.50,2.85
2017.03.30 08:25:56.384,1.11508,1.11521,1.00,2.85
2017.03.30 08:25:56.692,1.11513,1.11522,1.00,1.50
2017.03.30 08:25:56.806,1.11511,1.11522,1.00,1.50
2017.03.30 08:25:57.767,1.1151,1.11522,1.00,1.50
2017.03.30 08:25:58.475,1.11511,1.11521,1.00,2.85
2017.03.30 08:26:00.924,1.11512,1.11521,1.00,2.48
2017.03.30 08:26:01.474,1.11513,1.11522,1.00,2.48
2017.03.30 08:26:03.155,1.11513,1.11521,1.00,1.00
2017.03.30 08:26:03.307,1.11511,1.1152,1.00,1.25
2017.03.30 08:26:04.538,1.11511,1.11521,1.00,3.42
2017.03.30 08:26:05.889,1.11511,1.1152,1.00,1.73
2017.03.30 08:26:14.013,1.11514,1.1152,1.00,1.06
2017.03.30 08:26:14.064,1.11514,1.11523,1.00,1.37
2017.03.30 08:26:14.314,1.11514,1.11524,1.00,1.81
2017.03.30 08:26:21.266,1.11514,1.11525,1.00,1.87
2017.03.30 08:26:22.329,1.11516,1.11526,1.00,3.31
2017.03.30 08:26:26.460,1.11515,1.11525,1.00,1.05
2017.03.30 08:26:29.009,1.11515,1.11521,1.00,1.00
2017.03.30 08:26:29.764,1.11515,1.1152,1.00,1.00
2017.03.30 08:26:30.924,1.11515,1.11521,1.00,1.00
2017.03.30 08:26:31.747,1.11515,1.1152,1.00,1.00
2017.03.30 08:26:32.110,1.11513,1.1152,1.00,1.00
2017.03.30 08:26:32.160,1.11513,1.11517,1.00,1.00
2017.03.30 08:26:32.671,1.11513,1.11518,1.00,1.00
2017.03.30 08:26:33.420,1.11514,1.11519,1.00,1.16
2017.03.30 08:26:33.944,1.11514,1.11518,1.00,1.00
2017.03.30 08:26:34.820,1.11512,1.11516,1.00,1.00
2017.03.30 08:26:35.911,1.11513,1.11517,1.00,1.00
2017.03.30 08:26:36.472,1.11514,1.11518,1.00,1.00
2017.03.30 08:26:36.981,1.11514,1.11518,1.00,1.00
2017.03.30 08:26:37.133,1.11514,1.1152,1.00,1.00
2017.03.30 08:26:37.923,1.11516,1.1152,1.00,1.00
2017.03.30 08:26:38.428,1.11515,1.11519,1.00,1.50
2017.03.30 08:26:41.249,1.11514,1.11518,1.00,1.00
2017.03.30 08:26:41.951,1.11514,1.11519,1.00,1.25
2017.03.30 08:26:42.555,1.11514,1.11518,1.00,1.00
2017.03.30 08:26:45.035,1.11514,1.11519,1.00,1.25
2017.03.30 08:26:45.552,1.11513,1.11519,1.00,1.25
2017.03.30 08:26:46.075,1.11512,1.1152,1.12,1.00
2017.03.30 08:26:46.725,1.11513,1.1152,1.00,1.00
2017.03.30 08:26:47.027,1.11513,1.11517,1.00,1.00
2017.03.30 08:26:47.939,1.11512,1.11516,1.12,1.00
2017.03.30 08:26:48.448,1.11513,1.11518,1.00,1.50
2017.03.30 08:26:48.823,1.11512,1.11518,1.00,1.50
2017.03.30 08:26:49.077,1.11512,1.11516,1.00,1.00
2017.03.30 08:26:49.678,1.11513,1.11518,1.00,1.50
2017.03.30 08:26:50.355,1.11513,1.11518,1.00,1.25
2017.03.30 08:26:51.075,1.11513,1.11517,1.00,1.00
2017.03.30 08:26:52.329,1.11513,1.11518,1.00,1.25
2017.03.30 08:26:53.355,1.11513,1.11517,1.00,1.00
2017.03.30 08:26:53.694,1.11511,1.11515,1.00,1.00
2017.03.30 08:26:54.718,1.11512,1.11516,1.00,1.00
2017.03.30 08:26:55.511,1.11513,1.11517,1.00,1.25
2017.03.30 08:26:56.055,1.11512,1.11517,1.00,1.25
2017.03.30 08:26:57.209,1.11513,1.11517,1.00,1.25
2017.03.30 08:26:58.129,1.11511,1.11515,1.00,1.00
2017.03.30 08:26:59.498,1.1151,1.11514,1.00,1.00
2017.03.30 08:27:00.158,1.11512,1.1152,1.00,3.75
2017.03.30 08:27:00.209,1.11513,1.11521,1.00,3.75
2017.03.30 08:27:01.839,1.11513,1.11522,1.00,3.75
2017.03.30 08:27:06.714,1.11513,1.11521,1.00,3.75
2017.03.30 08:27:08.644,1.11508,1.11518,1.12,4.50
2017.03.30 08:27:08.834,1.11508,1.11516,1.00,3.75
2017.03.30 08:27:09.137,1.11505,1.11515,1.00,1.25
2017.03.30 08:27:09.747,1.11508,1.11515,1.00,1.25
2017.03.30 08:27:10.050,1.11511,1.11519,1.00,3.75
2017.03.30 08:27:10.497,1.11508,1.11519,1.00,5.25
2017.03.30 08:27:11.047,1.11507,1.11518,1.12,1.50
2017.03.30 08:27:11.697,1.11509,1.11518,1.00,1.50
2017.03.30 08:27:12.058,1.11511,1.11517,1.00,1.25
2017.03.30 08:27:12.573,1.11511,1.11518,1.00,3.75
2017.03.30 08:27:15.160,1.11511,1.11518,1.00,3.75
2017.03.30 08:27:16.334,1.11511,1.11518,1.00,3.75
2017.03.30 08:27:20.524,1.1151,1.11519,1.00,3.75
2017.03.30 08:27:22.463,1.11511,1.11518,1.00,3.75
2017.03.30 08:27:22.576,1.11511,1.11519,1.00,1.25
2017.03.30 08:27:23.642,1.11511,1.11518,1.00,3.75
2017.03.30 08:27:23.745,1.1151,1.11519,1.00,1.50
2017.03.30 08:27:23.948,1.11512,1.1152,1.00,5.81
2017.03.30 08:27:24.547,1.11511,1.1152,1.00,4.69
2017.03.30 08:27:25.064,1.1151,1.1152,1.00,5.44
2017.03.30 08:27:25.634,1.11511,1.1152,1.00,4.69
2017.03.30 08:27:26.467,1.11511,1.1152,1.00,2.00
2017.03.30 08:27:29.019,1.11513,1.1152,1.00,2.06
2017.03.30 08:27:29.172,1.11514,1.11521,1.00,1.12
2017.03.30 08:27:31.371,1.11515,1.11523,1.00,4.69
2017.03.30 08:27:31.968,1.11516,1.11523,1.00,3.75
2017.03.30 08:27:32.272,1.11518,1.11524,1.00,3.94
2017.03.30 08:27:32.475,1.11514,1.11524,1.12,1.19
2017.03.30 08:27:32.577,1.11515,1.11523,1.00,3.75
2017.03.30 08:27:32.883,1.11516,1.11525,1.00,3.75
2017.03.30 08:27:32.935,1.11518,1.11525,1.00,3.75
2017.03.30 08:27:33.387,1.11519,1.11526,1.00,3.41
2017.03.30 08:27:34.471,1.11519,1.11527,1.00,1.66
2017.03.30 08:27:35.096,1.11518,1.11528,1.00,4.35
2017.03.30 08:27:35.939,1.11518,1.11527,1.00,3.75
2017.03.30 08:27:39.044,1.11518,1.11527,1.37,3.75
2017.03.30 08:27:39.655,1.1152,1.11527,1.00,3.75
2017.03.30 08:27:42.218,1.1152,1.11527,1.00,3.75
2017.03.30 08:27:42.370,1.11522,1.11528,1.00,3.75
2017.03.30 08:27:42.483,1.1152,1.11528,1.00,3.75
2017.03.30 08:27:42.997,1.11521,1.11528,1.00,3.75
2017.03.30 08:27:43.703,1.11521,1.11529,1.00,4.50
2017.03.30 08:27:44.364,1.11521,1.11528,1.00,3.75
2017.03.30 08:27:44.750,1.11528,1.11532,1.00,1.00
2017.03.30 08:27:44.952,1.11532,1.11538,1.00,1.25
2017.03.30 08:27:45.458,1.11532,1.11539,1.00,1.00
2017.03.30 08:27:46.269,1.1153,1.11539,1.00,1.00
2017.03.30 08:27:47.193,1.11529,1.11539,1.12,1.00
2017.03.30 08:27:47.796,1.11528,1.11539,2.25,1.00
2017.03.30 08:27:49.277,1.11529,1.11542,1.50,3.12
2017.03.30 08:27:49.786,1.1153,1.11542,1.12,1.69
2017.03.30 08:27:49.989,1.11531,1.11542,1.50,1.69
2017.03.30 08:27:50.302,1.1153,1.1154,1.75,3.12
2017.03.30 08:27:50.606,1.11526,1.1154,2.44,2.78
2017.03.30 08:27:51.164,1.11526,1.11539,2.25,1.66
2017.03.30 08:27:52.123,1.11526,1.11539,1.50,2.41
2017.03.30 08:27:52.646,1.11526,1.11538,1.00,1.00
2017.03.30 08:27:53.424,1.11526,1.11539,1.12,1.66
2017.03.30 08:27:53.678,1.11527,1.11539,1.37,1.66
2017.03.30 08:27:54.223,1.11526,1.11538,1.75,1.66
2017.03.30 08:27:54.375,1.11527,1.1154,1.75,2.03
2017.03.30 08:27:54.881,1.11526,1.11539,1.75,2.41
2017.03.30 08:27:55.209,1.11529,1.11543,1.37,2.25
2017.03.30 08:27:55.524,1.11529,1.11541,1.00,1.00
2017.03.30 08:27:56.066,1.11529,1.11539,1.00,1.00
2017.03.30 08:27:56.117,1.11529,1.11541,1.00,1.00
2017.03.30 08:27:56.396,1.11529,1.11538,1.00,1.00
2017.03.30 08:27:56.649,1.11529,1.1154,1.00,1.50
2017.03.30 08:27:56.954,1.11529,1.11538,1.00,1.00
2017.03.30 08:27:57.153,1.11529,1.1154,1.00,1.00
2017.03.30 08:27:57.673,1.11529,1.11541,1.00,3.91
2017.03.30 08:27:57.875,1.11531,1.11544,1.25,3.91
2017.03.30 08:27:58.028,1.11531,1.11544,2.44,3.91
2017.03.30 08:27:59.059,1.1153,1.11543,1.75,1.00
2017.03.30 08:27:59.227,1.1153,1.11543,1.37,3.16
2017.03.30 08:27:59.277,1.1153,1.1154,1.37,1.00
2017.03.30 08:28:00.690,1.11527,1.11539,1.85,1.00
2017.03.30 08:28:01.284,1.11527,1.11538,1.75,1.00
2017.03.30 08:28:01.588,1.11527,1.11536,1.75,1.00
2017.03.30 08:28:02.091,1.11527,1.11537,1.75,1.00
2017.03.30 08:28:02.280,1.11527,1.1154,1.75,1.50
2017.03.30 08:28:02.889,1.11527,1.11539,3.00,1.00
2017.03.30 08:28:06.085,1.11527,1.11541,2.25,2.41
2017.03.30 08:28:06.241,1.11527,1.11539,1.75,1.00
2017.03.30 08:28:06.444,1.11524,1.11538,1.50,1.00
2017.03.30 08:28:06.546,1.11525,1.1154,1.87,3.53
2017.03.30 08:28:08.700,1.11525,1.11539,1.37,1.00
2017.03.30 08:28:11.192,1.11523,1.11537,1.75,1.00
2017.03.30 08:28:11.446,1.11523,1.11536,1.87,1.00
2017.03.30 08:28:12.066,1.11523,1.11537,1.87,1.91
2017.03.30 08:28:13.239,1.11522,1.11534,1.37,1.00
2017.03.30 08:28:13.291,1.11522,1.11537,1.37,3.41
2017.03.30 08:28:13.553,1.11525,1.11535,1.00,2.66
2017.03.30 08:28:14.061,1.11522,1.11534,1.00,1.16
2017.03.30 08:28:16.191,1.11522,1.11533,1.00,1.00
2017.03.30 08:28:16.343,1.1152,1.11531,1.12,1.50
2017.03.30 08:28:16.730,1.11516,1.11531,3.37,2.25
2017.03.30 08:28:16.832,1.1152,1.11533,1.12,4.50
2017.03.30 08:28:16.884,1.11521,1.11534,1.25,1.87
2017.03.30 08:28:17.157,1.11521,1.11535,1.50,4.50
2017.03.30 08:28:17.259,1.11521,1.11535,1.12,4.87
2017.03.30 08:28:17.428,1.11521,1.11535,1.12,2.06
2017.03.30 08:28:17.479,1.11521,1.11533,1.12,1.00
2017.03.30 08:28:17.681,1.11521,1.11535,1.12,2.06
2017.03.30 08:28:19.528,1.1152,1.11535,1.37,4.87
2017.03.30 08:28:20.054,1.1152,1.11532,1.37,1.00
2017.03.30 08:28:21.440,1.11517,1.1153,1.91,1.00
2017.03.30 08:28:21.676,1.11517,1.11528,1.05,1.00
2017.03.30 08:28:22.514,1.11517,1.11531,1.05,1.12
2017.03.30 08:28:22.795,1.11518,1.11531,1.00,4.87
2017.03.30 08:28:23.219,1.11518,1.11531,1.16,2.06
2017.03.30 08:28:23.270,1.11521,1.11532,1.00,1.81
2017.03.30 08:28:23.473,1.11522,1.11535,1.00,1.58
2017.03.30 08:28:23.524,1.11522,1.11536,1.00,1.95
2017.03.30 08:28:24.440,1.11523,1.11536,1.00,1.58
2017.03.30 08:28:24.491,1.11523,1.11536,1.75,1.58
2017.03.30 08:28:25.689,1.11522,1.11536,2.25,1.10
2017.03.30 08:28:27.608,1.1152,1.11533,6.04,1.00
2017.03.30 08:28:27.761,1.1152,1.11532,2.25,1.00
2017.03.30 08:28:27.862,1.11521,1.11535,2.44,1.08
2017.03.30 08:28:28.497,1.11521,1.11533,1.69,1.00
2017.03.30 08:28:28.599,1.11522,1.11537,2.25,2.33
2017.03.30 08:28:28.700,1.11524,1.11538,2.44,2.25
2017.03.30 08:28:28.903,1.11525,1.11538,1.87,1.00
2017.03.30 08:28:29.311,1.11525,1.11536,1.00,1.00
2017.03.30 08:28:29.858,1.11524,1.11536,1.12,1.00
2017.03.30 08:28:30.384,1.11525,1.11536,1.00,1.00
2017.03.30 08:28:31.471,1.11524,1.11535,1.12,1.00
2017.03.30 08:28:32.151,1.11524,1.11536,1.12,1.00
2017.03.30 08:28:32.412,1.11521,1.11534,2.44,1.00
2017.03.30 08:28:32.915,1.11522,1.11534,1.00,1.00
2017.03.30 08:28:33.448,1.11522,1.11535,1.50,1.10
2017.03.30 08:28:34.552,1.11523,1.11535,1.00,1.10
2017.03.30 08:28:35.210,1.11524,1.11537,1.00,1.08
2017.03.30 08:28:37.756,1.11525,1.11539,1.00,3.83
2017.03.30 08:28:38.267,1.11524,1.11539,1.00,4.77
2017.03.30 08:28:39.220,1.11525,1.11539,1.00,1.33
2017.03.30 08:28:39.892,1.11524,1.11535,1.00,1.00
2017.03.30 08:28:40.555,1.11525,1.11537,1.00,1.10
2017.03.30 08:28:40.657,1.11525,1.11539,1.25,1.10
2017.03.30 08:28:40.949,1.11525,1.11537,2.25,1.00
2017.03.30 08:28:41.456,1.11527,1.11534,1.00,1.00
2017.03.30 08:28:41.508,1.11523,1.11534,3.19,1.00
2017.03.30 08:28:41.813,1.11523,1.11533,1.31,1.00
2017.03.30 08:28:42.499,1.11522,1.11532,1.81,1.00
2017.03.30 08:28:42.837,1.11522,1.1153,1.81,1.00
2017.03.30 08:28:43.040,1.1152,1.1153,2.44,1.00
2017.03.30 08:28:44.216,1.1152,1.11531,2.44,1.00
2017.03.30 08:28:46.609,1.1152,1.11531,2.00,1.00
2017.03.30 08:28:47.178,1.1152,1.11532,2.00,1.00
2017.03.30 08:28:48.078,1.1152,1.11533,1.94,1.00
2017.03.30 08:28:53.219,1.1152,1.11532,2.25,1.00
2017.03.30 08:28:53.711,1.11525,1.11536,1.00,1.19
2017.03.30 08:28:54.281,1.11525,1.11536,1.00,1.19
2017.03.30 08:28:54.789,1.11525,1.11534,1.00,1.00
2017.03.30 08:28:55.093,1.11526,1.11538,1.19,1.25
2017.03.30 08:28:55.407,1.11524,1.11537,1.19,1.15
2017.03.30 08:28:55.458,1.11523,1.11536,2.25,1.15
2017.03.30 08:28:55.964,1.11523,1.11535,1.50,1.15
2017.03.30 08:28:56.369,1.11522,1.11534,1.00,3.67
2017.03.30 08:28:57.360,1.1152,1.11533,1.37,1.50
2017.03.30 08:28:57.906,1.11519,1.11533,1.50,1.50
2017.03.30 08:28:58.318,1.1152,1.1153,1.37,1.00
2017.03.30 08:28:58.369,1.11518,1.11529,1.15,1.00
2017.03.30 08:28:58.791,1.1152,1.11532,1.00,1.69
2017.03.30 08:28:59.096,1.11522,1.11533,1.00,1.50
2017.03.30 08:28:59.147,1.11521,1.11534,1.12,1.50
2017.03.30 08:28:59.249,1.11522,1.11535,1.37,1.75
2017.03.30 08:29:00.897,1.11521,1.11532,1.50,1.00
2017.03.30 08:29:01.101,1.11522,1.11535,1.37,1.50
2017.03.30 08:29:01.253,1.11525,1.11535,1.00,1.25
2017.03.30 08:29:02.830,1.11525,1.11533,1.00,1.00
2017.03.30 08:29:02.982,1.1152,1.11532,1.52,1.25
2017.03.30 08:29:03.524,1.11519,1.11531,4.42,1.00
2017.03.30 08:29:04.176,1.11519,1.11533,4.42,1.19
2017.03.30 08:29:05.046,1.11519,1.11531,2.17,1.00
2017.03.30 08:29:05.636,1.11519,1.1153,1.61,1.00
2017.03.30 08:29:06.578,1.11518,1.11529,2.17,1.00
2017.03.30 08:29:06.679,1.11516,1.1153,1.80,1.00
2017.03.30 08:29:07.653,1.11519,1.11529,1.24,1.00
2017.03.30 08:29:07.956,1.11518,1.11527,1.74,1.00
2017.03.30 08:29:08.260,1.11518,1.1153,1.74,1.00
2017.03.30 08:29:08.412,1.11518,1.11528,2.17,1.00
2017.03.30 08:29:09.172,1.11519,1.1153,1.24,1.00
2017.03.30 08:29:09.274,1.11519,1.11531,1.61,1.00
2017.03.30 08:29:09.782,1.11521,1.11532,1.50,1.00
2017.03.30 08:29:10.236,1.11521,1.11534,1.50,1.25
2017.03.30 08:29:10.764,1.11521,1.11531,1.50,1.00
2017.03.30 08:29:11.284,1.11519,1.1153,1.42,1.00
2017.03.30 08:29:11.386,1.11518,1.1153,4.80,1.00
2017.03.30 08:29:11.913,1.11518,1.11529,1.99,1.00
2017.03.30 08:29:11.964,1.11518,1.11532,1.99,1.00
2017.03.30 08:29:12.334,1.11517,1.1153,2.17,1.00
2017.03.30 08:29:12.999,1.11517,1.11529,1.61,1.00
2017.03.30 08:29:13.518,1.11519,1.1153,1.00,1.25
2017.03.30 08:29:14.102,1.11519,1.11531,1.15,1.00
2017.03.30 08:29:14.646,1.1152,1.1153,1.00,1.25
2017.03.30 08:29:15.019,1.11518,1.11532,1.24,1.75
2017.03.30 08:29:15.547,1.11519,1.1153,1.00,1.25
2017.03.30 08:29:16.076,1.11519,1.11529,1.00,1.00
2017.03.30 08:29:16.608,1.11519,1.1153,1.00,1.25
2017.03.30 08:29:17.134,1.11516,1.11528,1.42,1.00
2017.03.30 08:29:17.640,1.11518,1.11529,1.31,1.50
2017.03.30 08:29:19.245,1.11518,1.1153,1.31,1.50
2017.03.30 08:29:19.806,1.11518,1.11529,1.31,1.00
2017.03.30 08:29:20.455,1.11518,1.11529,1.87,1.00
2017.03.30 08:29:21.208,1.11518,1.11528,1.44,1.00
2017.03.30 08:29:21.739,1.11515,1.11528,1.85,1.00
2017.03.30 08:29:21.997,1.11515,1.11526,1.10,1.00
2017.03.30 08:29:22.519,1.11516,1.11527,1.00,1.25
2017.03.30 08:29:25.000,1.11516,1.11525,1.00,1.00
2017.03.30 08:29:25.253,1.11512,1.11525,1.50,1.25
2017.03.30 08:29:25.304,1.11512,1.11525,1.50,1.25
2017.03.30 08:29:26.025,1.11512,1.11524,1.50,1.00
2017.03.30 08:29:27.127,1.11512,1.11526,2.33,1.25
2017.03.30 08:29:27.179,1.11517,1.11528,1.00,4.50
2017.03.30 08:29:27.281,1.11517,1.11529,1.00,1.37
2017.03.30 08:29:27.332,1.11517,1.1153,3.83,1.00
2017.03.30 08:29:27.582,1.11519,1.11528,1.00,1.00
2017.03.30 08:29:27.683,1.11519,1.1153,1.00,1.00
2017.03.30 08:29:28.618,1.11519,1.11529,1.00,1.00
2017.03.30 08:29:29.234,1.11519,1.11528,1.00,1.00
2017.03.30 08:29:30.346,1.11519,1.11527,1.00,1.00
2017.03.30 08:29:30.852,1.11519,1.11528,1.00,1.00
2017.03.30 08:29:31.363,1.11519,1.1153,1.00,1.50
2017.03.30 08:29:34.440,1.11519,1.11528,1.00,1.00
2017.03.30 08:29:36.034,1.11519,1.11526,1.00,1.00
2017.03.30 08:29:38.329,1.11519,1.11527,1.00,1.00
2017.03.30 08:29:39.681,1.11519,1.11528,1.00,1.00
2017.03.30 08:29:39.970,1.11516,1.11529,1.12,1.00
2017.03.30 08:29:40.379,1.11518,1.11529,2.41,1.00
2017.03.30 08:29:43.006,1.11518,1.1153,2.41,1.00
2017.03.30 08:29:43.260,1.11522,1.11536,1.50,1.69
2017.03.30 08:29:43.704,1.11524,1.11537,1.00,1.31
2017.03.30 08:29:43.907,1.11522,1.11537,3.16,2.06
2017.03.30 08:29:43.958,1.11521,1.11534,2.78,1.00
2017.03.30 08:29:44.475,1.11521,1.11533,2.41,1.00
2017.03.30 08:29:44.779,1.11517,1.11534,3.37,7.69
2017.03.30 08:29:45.411,1.11517,1.11532,1.50,3.37
2017.03.30 08:29:45.957,1.11517,1.11531,1.87,1.00
2017.03.30 08:29:46.788,1.11518,1.11533,1.00,2.00
2017.03.30 08:29:46.839,1.1152,1.11534,1.00,2.19
2017.03.30 08:29:46.940,1.1152,1.11533,1.00,1.12
2017.03.30 08:29:47.325,1.1152,1.11531,1.00,1.00
2017.03.30 08:29:47.948,1.11519,1.11531,1.12,1.00
2017.03.30 08:29:48.250,1.11518,1.11528,1.48,1.00
2017.03.30 08:29:48.647,1.11517,1.1153,5.33,1.00
2017.03.30 08:29:49.154,1.11522,1.11532,1.00,1.00
2017.03.30 08:29:49.408,1.11524,1.11535,1.50,1.00
2017.03.30 08:29:49.939,1.11525,1.11535,1.00,1.00
2017.03.30 08:29:50.225,1.11523,1.11534,1.50,1.00
2017.03.30 08:29:50.277,1.11523,1.11536,1.50,1.12
2017.03.30 08:29:50.378,1.11523,1.11534,5.33,1.00
2017.03.30 08:29:50.633,1.11526,1.11536,1.00,1.00
2017.03.30 08:29:51.281,1.11526,1.11535,1.00,1.00
2017.03.30 08:29:51.384,1.11525,1.11533,1.12,1.00
2017.03.30 08:29:53.280,1.11522,1.11531,2.33,1.00
2017.03.30 08:29:53.504,1.11521,1.11531,1.50,1.00
2017.03.30 08:29:54.130,1.11519,1.11531,2.33,1.00
2017.03.30 08:29:54.901,1.11519,1.11529,2.25,1.00
2017.03.30 08:29:56.062,1.11521,1.11532,1.00,1.00
2017.03.30 08:29:56.592,1.1152,1.11531,1.75,1.00
2017.03.30 08:29:59.299,1.1152,1.1153,1.94,1.00
2017.03.30 08:29:59.501,1.11521,1.11532,1.69,1.00
2017.03.30 08:29:59.653,1.11523,1.11535,1.00,1.25
2017.03.30 08:29:59.805,1.11523,1.11535,5.25,1.00
2017.03.30 08:29:59.907,1.11524,1.11537,1.12,1.00
2017.03.30 08:30:00.596,1.11526,1.11538,1.87,1.00
2017.03.30 08:30:00.994,1.11528,1.1154,1.25,1.00
2017.03.30 08:30:01.844,1.11528,1.11541,1.25,1.00
2017.03.30 08:30:01.895,1.11528,1.11542,1.69,1.69
2017.03.30 08:30:02.407,1.11528,1.11541,2.25,1.00
2017.03.30 08:30:04.961,1.11528,1.11542,1.50,1.69
2017.03.30 08:30:05.592,1.11529,1.11543,2.62,1.69
2017.03.30 08:30:05.911,1.11528,1.11541,2.25,1.00
2017.03.30 08:30:06.165,1.11536,1.11549,1.12,1.37
2017.03.30 08:30:06.318,1.11542,1.11552,1.00,1.44
2017.03.30 08:30:06.643,1.1154,1.11549,1.00,1.69
2017.03.30 08:30:06.985,1.11543,1.11551,1.00,1.12
2017.03.30 08:30:07.289,1.11545,1.11552,1.00,1.87
2017.03.30 08:30:07.391,1.11544,1.11553,1.00,1.12
2017.03.30 08:30:08.306,1.11543,1.11553,1.00,1.12
2017.03.30 08:30:08.478,1.11542,1.11551,1.00,1.87
2017.03.30 08:30:08.681,1.11538,1.11548,1.12,1.25
2017.03.30 08:30:08.783,1.11537,1.11546,1.00,1.50
2017.03.30 08:30:09.037,1.11534,1.11546,1.00,1.69
2017.03.30 08:30:09.088,1.11534,1.11546,1.00,1.94
2017.03.30 08:30:11.024,1.11535,1.11544,1.00,1.31
2017.03.30 08:30:11.928,1.11535,1.11544,1.00,1.00
2017.03.30 08:30:13.362,1.11531,1.11542,1.00,1.25
2017.03.30 08:30:13.610,1.11531,1.11542,1.00,2.44
2017.03.30 08:30:14.614,1.11532,1.11541,1.00,1.62
2017.03.30 08:30:15.117,1.11531,1.11541,1.00,1.62
2017.03.30 08:30:16.576,1.11532,1.11542,1.00,1.69
2017.03.30 08:30:17.442,1.1153,1.1154,1.00,1.00
2017.03.30 08:30:17.650,1.11532,1.11542,1.00,2.44
2017.03.30 08:30:17.910,1.1153,1.11541,1.00,1.62
2017.03.30 08:30:18.012,1.11528,1.1154,1.00,2.06
2017.03.30 08:30:19.122,1.11529,1.1154,1.00,2.06
2017.03.30 08:30:19.928,1.11528,1.11539,1.00,1.69
2017.03.30 08:30:20.232,1.1152,1.11532,1.00,1.94
2017.03.30 08:30:20.898,1.11518,1.11531,1.00,2.81
2017.03.30 08:30:20.949,1.11522,1.11531,1.00,1.87
2017.03.30 08:30:21.051,1.1152,1.11531,1.00,2.62
2017.03.30 08:30:21.152,1.11518,1.1153,1.00,1.12
2017.03.30 08:30:21.704,1.11519,1.11529,1.00,1.25
2017.03.30 08:30:23.364,1.1152,1.1153,1.00,1.19
2017.03.30 08:30:26.567,1.11518,1.11529,1.00,1.25
2017.03.30 08:30:27.161,1.11517,1.11528,1.00,1.00
2017.03.30 08:30:27.263,1.11515,1.11525,1.00,1.00
2017.03.30 08:30:27.568,1.11514,1.11523,1.00,1.19
2017.03.30 08:30:28.073,1.11513,1.11523,1.00,1.87
2017.03.30 08:30:31.921,1.11514,1.11523,1.00,2.06
2017.03.30 08:30:32.742,1.11514,1.11523,1.00,1.44
2017.03.30 08:30:33.250,1.11513,1.11524,1.00,2.25
2017.03.30 08:30:33.804,1.11512,1.11523,1.00,1.31
2017.03.30 08:30:34.352,1.11512,1.11523,1.00,1.31
2017.03.30 08:30:34.857,1.11512,1.11522,1.00,1.00
2017.03.30 08:30:35.223,1.1151,1.11521,1.00,2.25
2017.03.30 08:30:35.274,1.11508,1.11519,1.00,1.19
2017.03.30 08:30:35.325,1.11512,1.11518,1.00,2.25
2017.03.30 08:30:35.563,1.11512,1.11521,1.00,1.12
2017.03.30 08:30:37.466,1.1151,1.11521,1.00,2.44
2017.03.30 08:30:38.341,1.11512,1.11521,1.00,2.44
2017.03.30 08:30:38.873,1.11514,1.11521,1.00,1.00
2017.03.30 08:30:38.974,1.11515,1.11524,1.00,1.87
2017.03.30 08:30:41.295,1.11512,1.11523,1.00,1.50
2017.03.30 08:30:41.346,1.11513,1.1152,1.00,2.25
2017.03.30 08:30:41.397,1.11509,1.1152,1.00,2.25
2017.03.30 08:30:41.448,1.1151,1.1152,1.00,1.00
2017.03.30 08:30:41.499,1.11512,1.1152,1.00,1.00
2017.03.30 08:30:41.892,1.11515,1.11525,1.00,3.56
2017.03.30 08:30:42.758,1.11515,1.11525,1.00,3.00
2017.03.30 08:30:42.860,1.11515,1.11524,1.00,2.25
2017.03.30 08:30:43.370,1.11512,1.11522,1.00,1.25
2017.03.30 08:30:43.447,1.11512,1.1152,1.00,1.25
2017.03.30 08:30:43.868,1.1151,1.1152,1.00,1.50
2017.03.30 08:30:44.402,1.11509,1.1152,1.00,1.25
2017.03.30 08:30:44.933,1.1151,1.11521,1.00,1.87
2017.03.30 08:30:45.035,1.11508,1.11521,1.00,5.62
2017.03.30 08:30:45.485,1.1151,1.1152,1.00,3.00
2017.03.30 08:30:45.986,1.11511,1.1152,1.00,1.44
2017.03.30 08:30:46.442,1.1151,1.11521,1.00,2.25
2017.03.30 08:30:47.249,1.11511,1.11521,1.00,3.19
2017.03.30 08:30:47.470,1.11513,1.11521,1.00,2.81
2017.03.30 08:30:47.521,1.11511,1.11521,1.00,2.81
2017.03.30 08:30:47.622,1.11508,1.11519,1.00,1.00
2017.03.30 08:30:47.724,1.1151,1.11519,1.00,1.25
2017.03.30 08:30:48.258,1.11512,1.11522,1.00,2.81
2017.03.30 08:30:48.587,1.11508,1.1152,1.00,1.12
2017.03.30 08:30:49.092,1.11509,1.11521,1.00,1.62
2017.03.30 08:30:49.605,1.11509,1.11519,1.00,1.00
2017.03.30 08:30:51.265,1.1151,1.11519,1.00,1.00
2017.03.30 08:30:51.872,1.11508,1.11519,1.00,1.00
2017.03.30 08:30:52.446,1.11508,1.1152,1.00,4.50
2017.03.30 08:30:53.334,1.11509,1.11519,1.00,1.50
2017.03.30 08:30:53.880,1.11508,1.11519,1.00,1.50
2017.03.30 08:30:54.442,1.11508,1.1152,1.00,3.00
2017.03.30 08:30:54.543,1.11514,1.1152,1.00,1.25
2017.03.30 08:30:54.594,1.11512,1.11521,1.00,1.81
2017.03.30 08:30:54.797,1.11514,1.11521,1.00,1.81
2017.03.30 08:30:54.847,1.11511,1.11521,1.00,1.81
2017.03.30 08:30:54.898,1.11508,1.11521,1.00,1.81
2017.03.30 08:30:54.949,1.11512,1.11521,1.00,1.81
2017.03.30 08:30:55.365,1.11509,1.11521,1.00,1.81
2017.03.30 08:30:56.570,1.11509,1.1152,1.00,1.44
2017.03.30 08:30:57.170,1.11511,1.1152,1.00,1.44
2017.03.30 08:30:57.731,1.1151,1.1152,1.00,1.44
2017.03.30 08:30:58.346,1.1151,1.1152,1.00,4.87
2017.03.30 08:30:58.447,1.11508,1.11518,1.00,3.75
2017.03.30 08:30:58.549,1.11506,1.11518,1.12,4.12
2017.03.30 08:30:59.149,1.11505,1.11514,1.50,3.75
2017.03.30 08:30:59.301,1.11501,1.11514,1.00,3.75
2017.03.30 08:31:00.621,1.115,1.11511,1.00,1.25
2017.03.30 08:31:00.672,1.11498,1.11509,1.12,4.50
2017.03.30 08:31:01.011,1.11495,1.11506,1.00,1.81
2017.03.30 08:31:01.518,1.11494,1.11506,1.00,4.16
2017.03.30 08:31:12.512,1.11497,1.11505,1.00,1.37
2017.03.30 08:31:12.988,1.1149,1.115,1.12,1.16
2017.03.30 08:31:13.039,1.1149,1.11498,1.00,1.00
2017.03.30 08:31:13.345,1.11492,1.11497,1.00,3.41
2017.03.30 08:31:13.397,1.11487,1.11495,1.00,3.41
2017.03.30 08:31:13.631,1.11485,1.11494,1.00,4.54
2017.03.30 08:31:14.157,1.11484,1.11494,1.00,1.91
2017.03.30 08:31:14.359,1.11484,1.11492,1.00,1.00
2017.03.30 08:31:16.017,1.11479,1.11491,1.00,1.00
2017.03.30 08:31:16.745,1.11478,1.11489,1.00,1.00
2017.03.30 08:31:16.961,1.11477,1.11492,1.87,4.24
2017.03.30 08:31:17.012,1.1148,1.11492,1.00,4.24
2017.03.30 08:31:17.164,1.11478,1.11492,1.50,4.99
2017.03.30 08:31:17.481,1.11476,1.11489,1.00,1.50
2017.03.30 08:31:18.050,1.11476,1.11488,1.00,1.00
2017.03.30 08:31:18.919,1.11476,1.11489,1.00,1.00
2017.03.30 08:31:19.945,1.11476,1.11488,1.00,1.00
2017.03.30 08:31:20.299,1.11475,1.11486,1.00,1.00
2017.03.30 08:31:20.552,1.11473,1.11487,1.00,2.25
2017.03.30 08:31:21.397,1.11471,1.11486,1.50,1.50
2017.03.30 08:31:21.726,1.11471,1.11484,1.50,2.74
2017.03.30 08:31:22.052,1.11473,1.11486,1.00,2.48
2017.03.30 08:31:22.254,1.11471,1.11485,3.00,2.48
2017.03.30 08:31:22.608,1.11472,1.11484,1.00,2.11
2017.03.30 08:31:23.001,1.11473,1.11487,1.50,2.48
2017.03.30 08:31:23.532,1.11474,1.11488,1.00,2.11
2017.03.30 08:31:23.583,1.11478,1.11488,1.00,2.11
2017.03.30 08:31:23.786,1.11479,1.1149,1.00,1.12
2017.03.30 08:31:23.989,1.11479,1.11492,1.00,2.48
2017.03.30 08:31:24.416,1.11481,1.11491,1.00,1.73
2017.03.30 08:31:24.959,1.11481,1.1149,1.00,1.00
2017.03.30 08:31:26.434,1.11481,1.11492,1.00,1.00
2017.03.30 08:31:26.935,1.1148,1.11491,1.12,1.00
2017.03.30 08:31:27.488,1.11479,1.1149,3.00,1.00
2017.03.30 08:31:27.816,1.11481,1.11492,1.00,1.00
2017.03.30 08:31:30.380,1.1148,1.11492,2.62,1.00
2017.03.30 08:31:30.961,1.1148,1.11493,1.87,1.00
2017.03.30 08:31:31.557,1.1148,1.11491,1.87,1.00
2017.03.30 08:31:32.090,1.11479,1.11492,2.25,1.12
2017.03.30 08:31:33.155,1.1148,1.11489,1.87,1.00
2017.03.30 08:31:33.206,1.1148,1.11491,1.87,1.00
2017.03.30 08:31:33.738,1.1148,1.11492,2.62,1.00
2017.03.30 08:31:34.269,1.1148,1.11492,3.00,1.00
2017.03.30 08:31:38.036,1.1148,1.11491,3.00,1.00
2017.03.30 08:31:38.557,1.11481,1.1149,1.00,1.00
2017.03.30 08:31:38.898,1.11481,1.11492,1.00,1.00
2017.03.30 08:31:39.693,1.11481,1.11493,1.00,1.00
2017.03.30 08:31:42.998,1.11484,1.11494,1.12,1.73
2017.03.30 08:31:43.049,1.11484,1.11498,2.25,1.75
2017.03.30 08:31:43.100,1.11488,1.11498,1.00,1.75
2017.03.30 08:31:43.252,1.11488,1.11498,2.25,1.00
2017.03.30 08:31:44.158,1.11492,1.11498,1.00,1.00
2017.03.30 08:31:45.144,1.1149,1.11498,1.00,1.00
2017.03.30 08:31:46.161,1.11488,1.11498,1.50,1.00
2017.03.30 08:31:46.491,1.11488,1.11502,1.50,1.50
2017.03.30 08:31:46.802,1.1149,1.11501,1.00,1.00
2017.03.30 08:31:47.564,1.1149,1.115,1.00,1.00
2017.03.30 08:31:48.213,1.11489,1.115,1.50,1.00
2017.03.30 08:31:48.492,1.11491,1.11504,1.37,3.90
2017.03.30 08:31:48.575,1.11495,1.11504,1.00,1.00
2017.03.30 08:31:48.879,1.1149,1.11502,2.62,1.00
2017.03.30 08:31:48.930,1.1149,1.11504,2.62,3.15
2017.03.30 08:31:49.547,1.11492,1.11503,1.00,1.50
2017.03.30 08:31:49.598,1.1149,1.11503,2.25,1.50
2017.03.30 08:31:50.128,1.11493,1.11503,1.00,1.50
2017.03.30 08:31:50.695,1.11494,1.11504,1.00,1.10
2017.03.30 08:31:52.353,1.11494,1.11504,1.00,1.75
2017.03.30 08:31:54.214,1.11493,1.11503,1.00,1.50
2017.03.30 08:31:54.315,1.11489,1.11502,2.55,1.25
2017.03.30 08:31:54.467,1.11495,1.11504,1.00,1.75
2017.03.30 08:31:54.583,1.11491,1.11504,1.12,1.75
2017.03.30 08:31:55.134,1.11492,1.11504,1.00,1.75
2017.03.30 08:31:55.773,1.1149,1.11504,1.50,1.75
2017.03.30 08:31:57.811,1.11492,1.11503,1.00,1.50
2017.03.30 08:31:58.266,1.11489,1.11503,2.25,4.50
2017.03.30 08:31:58.468,1.11489,1.11501,1.12,1.25
2017.03.30 08:31:59.715,1.11489,1.11502,1.12,1.10
2017.03.30 08:32:00.298,1.11489,1.11504,1.87,4.95
2017.03.30 08:32:00.349,1.11491,1.11502,1.00,1.00
2017.03.30 08:32:00.451,1.11488,1.11502,1.37,3.83
2017.03.30 08:32:01.186,1.11488,1.11502,1.00,4.20
2017.03.30 08:32:03.449,1.11486,1.11501,2.25,1.10
2017.03.30 08:32:03.551,1.11488,1.11501,1.00,1.10
2017.03.30 08:32:03.707,1.11486,1.11501,1.12,1.58
2017.03.30 08:32:03.911,1.11485,1.11499,1.50,3.08
2017.03.30 08:32:04.375,1.11487,1.11501,2.25,1.10
2017.03.30 08:32:04.917,1.11489,1.11502,1.00,4.95
2017.03.30 08:32:05.476,1.11488,1.11502,1.00,1.95
2017.03.30 08:32:06.124,1.11491,1.11502,1.00,1.20
2017.03.30 08:32:06.225,1.11488,1.11502,1.50,1.20
2017.03.30 08:32:06.327,1.1149,1.11503,1.00,2.33
2017.03.30 08:32:08.196,1.11489,1.11502,1.00,1.39
2017.03.30 08:32:08.728,1.11488,1.11502,1.00,1.95
2017.03.30 08:32:09.060,1.1149,1.11502,1.00,1.20
2017.03.30 08:32:11.047,1.11489,1.11502,1.00,1.20
2017.03.30 08:32:17.760,1.1149,1.11501,1.00,1.10
2017.03.30 08:32:19.780,1.11491,1.11501,1.00,1.10
2017.03.30 08:32:20.321,1.1149,1.11501,1.00,1.10
2017.03.30 08:32:20.372,1.11488,1.11501,1.00,1.10
2017.03.30 08:32:20.423,1.11486,1.11501,2.25,1.10
2017.03.30 08:32:20.474,1.11488,1.11501,1.00,1.10
2017.03.30 08:32:21.433,1.1149,1.11501,1.00,1.10
2017.03.30 08:32:21.585,1.11487,1.11501,1.00,1.10
2017.03.30 08:32:21.736,1.1149,1.11503,1.00,4.39
2017.03.30 08:32:24.725,1.1149,1.11502,1.00,3.75
2017.03.30 08:32:25.762,1.1149,1.11503,1.00,5.06
2017.03.30 08:32:27.272,1.11491,1.11503,1.00,1.31
2017.03.30 08:32:27.807,1.11492,1.11504,1.00,1.50
2017.03.30 08:32:28.456,1.1149,1.11505,1.50,2.00
2017.03.30 08:32:28.765,1.11492,1.11505,1.00,2.00
2017.03.30 08:32:29.641,1.11492,1.11504,1.00,3.75
2017.03.30 08:32:29.692,1.1149,1.11502,1.69,1.25
2017.03.30 08:32:29.743,1.1149,1.11502,1.00,1.75
2017.03.30 08:32:31.115,1.11489,1.11501,1.12,1.50
2017.03.30 08:32:31.419,1.11487,1.11499,2.25,3.75
2017.03.30 08:32:41.042,1.11488,1.11501,1.50,4.69
2017.03.30 08:32:43.384,1.11486,1.11498,1.12,4.50
2017.03.30 08:32:43.485,1.11483,1.11496,1.87,4.50
2017.03.30 08:32:43.588,1.11481,1.11493,1.75,3.75
2017.03.30 08:32:43.663,1.11481,1.11494,1.87,3.75
2017.03.30 08:32:43.966,1.11479,1.11493,1.50,5.62
2017.03.30 08:32:44.522,1.11479,1.1149,1.00,1.50
2017.03.30 08:32:45.619,1.11478,1.1149,1.12,1.50
2017.03.30 08:32:46.352,1.11478,1.1149,1.12,4.50
2017.03.30 08:32:46.660,1.11473,1.11485,2.25,1.50
2017.03.30 08:32:47.190,1.11475,1.11485,1.00,1.00
2017.03.30 08:32:47.711,1.11475,1.11486,1.00,1.12
2017.03.30 08:32:50.909,1.11475,1.11485,1.00,1.00
2017.03.30 08:32:51.405,1.11473,1.11484,1.00,1.00
2017.03.30 08:32:51.919,1.11474,1.11484,1.00,1.00
2017.03.30 08:32:52.355,1.11472,1.11483,1.00,1.00
2017.03.30 08:32:52.407,1.11469,1.11481,1.58,1.00
2017.03.30 08:32:52.509,1.11467,1.11481,5.70,1.50
2017.03.30 08:32:53.286,1.11467,1.11481,1.00,2.25
2017.03.30 08:32:53.795,1.11467,1.1148,1.00,1.00
2017.03.30 08:32:55.439,1.11472,1.11481,1.00,1.50
2017.03.30 08:32:55.591,1.11472,1.11483,1.00,1.73
2017.03.30 08:32:56.132,1.11471,1.11483,1.00,1.73
2017.03.30 08:32:57.455,1.11472,1.11485,1.00,1.12
2017.03.30 08:32:57.558,1.11475,1.11486,1.00,1.00
2017.03.30 08:32:58.069,1.11474,1.11484,1.00,1.00
2017.03.30 08:32:58.120,1.11476,1.11488,1.00,1.00
2017.03.30 08:32:58.301,1.11478,1.11491,1.87,1.00
2017.03.30 08:32:58.405,1.11478,1.11491,2.33,1.00
2017.03.30 08:32:59.132,1.11479,1.11493,2.25,1.00
2017.03.30 08:32:59.335,1.11479,1.11489,1.75,1.00
2017.03.30 08:32:59.588,1.11478,1.11489,1.12,1.00
2017.03.30 08:33:00.286,1.11478,1.11488,1.87,1.00
2017.03.30 08:33:00.790,1.11478,1.1149,1.12,1.00
2017.03.30 08:33:01.094,1.11476,1.11488,1.75,1.00
2017.03.30 08:33:01.770,1.11475,1.11487,2.25,1.00
2017.03.30 08:33:02.157,1.11477,1.11491,1.50,1.00
2017.03.30 08:33:02.766,1.11478,1.11492,1.12,2.18
2017.03.30 08:33:04.073,1.11477,1.11486,1.50,1.00
2017.03.30 08:33:04.124,1.11477,1.11492,1.50,2.18
2017.03.30 08:33:04.797,1.11477,1.11491,1.50,1.00
2017.03.30 08:33:05.409,1.11477,1.1149,1.50,1.00
2017.03.30 08:33:06.015,1.11477,1.11491,1.50,1.00
2017.03.30 08:33:06.526,1.11478,1.11492,1.12,1.12
2017.03.30 08:33:06.696,1.11478,1.1149,1.12,1.00
2017.03.30 08:33:07.110,1.11481,1.11491,1.00,1.00
2017.03.30 08:33:07.641,1.11482,1.11493,1.00,1.50
2017.03.30 08:33:08.145,1.11483,1.11494,1.00,1.00
2017.03.30 08:33:08.749,1.11484,1.11498,1.12,2.06
2017.03.30 08:33:08.819,1.11485,1.11498,1.00,1.12
2017.03.30 08:33:09.322,1.11484,1.11497,1.12,1.25
2017.03.30 08:33:12.189,1.11483,1.11496,1.37,1.00
2017.03.30 08:33:12.392,1.11481,1.11494,1.75,1.50
2017.03.30 08:33:12.442,1.11481,1.11494,1.12,1.50
2017.03.30 08:33:12.706,1.11483,1.11494,1.00,1.50
2017.03.30 08:33:19.806,1.11482,1.11494,1.00,1.16
2017.03.30 08:33:21.292,1.11485,1.11496,1.00,2.85
2017.03.30 08:33:21.610,1.11489,1.11498,1.00,1.25
2017.03.30 08:33:22.154,1.11488,1.115,1.00,1.69
2017.03.30 08:33:22.730,1.11488,1.11497,1.00,1.00
2017.03.30 08:33:23.279,1.11488,1.11499,1.00,1.73
2017.03.30 08:33:24.145,1.11488,1.11499,1.00,1.16
2017.03.30 08:33:24.743,1.11488,1.115,1.00,1.25
2017.03.30 08:33:26.117,1.11488,1.11499,1.00,1.41
2017.03.30 08:33:26.715,1.11487,1.11497,1.12,1.00
2017.03.30 08:33:27.019,1.11489,1.11501,1.00,1.91
2017.03.30 08:33:27.070,1.11489,1.11501,1.00,1.54
2017.03.30 08:33:27.745,1.11489,1.11501,1.00,1.87
2017.03.30 08:33:28.404,1.11489,1.11499,1.00,1.00
2017.03.30 08:33:29.334,1.11489,1.11501,1.25,1.87
2017.03.30 08:33:31.117,1.11489,1.115,1.25,1.00
2017.03.30 08:33:33.281,1.1149,1.115,1.00,1.00
2017.03.30 08:33:34.073,1.11488,1.115,1.50,1.00
2017.03.30 08:33:34.683,1.11488,1.11499,1.00,1.25
2017.03.30 08:33:35.231,1.11488,1.115,1.50,1.00
2017.03.30 08:33:35.777,1.11488,1.11501,1.50,1.12
2017.03.30 08:33:38.225,1.11488,1.11501,1.25,1.12
2017.03.30 08:33:38.769,1.11489,1.11502,2.62,1.00
2017.03.30 08:33:39.687,1.11491,1.11503,1.00,2.25
2017.03.30 08:33:40.032,1.1149,1.115,1.00,1.12
2017.03.30 08:33:40.335,1.11493,1.11502,1.00,1.87
2017.03.30 08:33:40.386,1.11489,1.11501,1.00,1.00
2017.03.30 08:33:40.903,1.1149,1.11501,1.00,1.50
2017.03.30 08:33:42.379,1.11493,1.11501,1.00,1.00
2017.03.30 08:33:42.481,1.11494,1.11503,1.00,1.69
2017.03.30 08:33:43.005,1.11495,1.11504,1.00,1.25
2017.03.30 08:33:43.391,1.11493,1.11504,1.00,1.25
2017.03.30 08:33:43.985,1.11495,1.11504,1.00,1.25
2017.03.30 08:33:44.137,1.11493,1.11504,1.00,1.25
2017.03.30 08:33:44.663,1.11495,1.11504,1.00,1.25
2017.03.30 08:33:45.352,1.11494,1.11504,1.00,1.25
2017.03.30 08:33:47.107,1.11495,1.11504,1.00,1.25
2017.03.30 08:33:48.834,1.11495,1.11504,1.00,1.19
2017.03.30 08:33:52.452,1.11496,1.11507,1.00,1.12
2017.03.30 08:33:53.009,1.11497,1.11507,1.00,1.12
2017.03.30 08:33:53.188,1.11499,1.11508,1.00,1.75
2017.03.30 08:33:53.342,1.11501,1.11512,1.00,1.56
2017.03.30 08:33:53.698,1.11497,1.1151,1.12,1.00
2017.03.30 08:33:53.749,1.11497,1.11508,1.00,1.25
2017.03.30 08:33:54.279,1.11496,1.11508,1.00,1.25
2017.03.30 08:33:54.799,1.11497,1.11508,1.00,1.25
2017.03.30 08:33:55.269,1.11495,1.11507,1.00,1.69
2017.03.30 08:33:56.157,1.11495,1.11506,1.00,1.00
2017.03.30 08:33:57.147,1.11497,1.11506,1.00,1.00
2017.03.30 08:33:57.198,1.11495,1.11506,1.00,1.50
2017.03.30 08:33:57.818,1.11495,1.11505,1.00,1.00
2017.03.30 08:33:58.368,1.11495,1.11506,1.00,1.00
2017.03.30 08:33:59.126,1.11494,1.11507,1.25,1.69
2017.03.30 08:33:59.178,1.11499,1.11507,1.00,1.00
2017.03.30 08:33:59.279,1.11499,1.11512,1.25,2.44
2017.03.30 08:33:59.331,1.11502,1.11511,1.00,1.00
2017.03.30 08:33:59.432,1.11497,1.11508,1.00,1.31
2017.03.30 08:33:59.483,1.11497,1.11508,1.00,1.87
2017.03.30 08:34:00.054,1.11497,1.11509,1.00,1.62
2017.03.30 08:34:00.257,1.11498,1.1151,1.00,1.00
2017.03.30 08:34:01.567,1.115,1.1151,1.19,1.12
2017.03.30 08:34:01.871,1.11502,1.11514,1.00,1.50
2017.03.30 08:34:02.175,1.115,1.11512,1.00,2.06
2017.03.30 08:34:02.697,1.11499,1.1151,1.00,1.31
2017.03.30 08:34:02.798,1.11497,1.1151,1.00,1.31
2017.03.30 08:34:03.153,1.11496,1.11508,1.00,1.50
2017.03.30 08:34:04.271,1.11494,1.11506,1.87,1.44
2017.03.30 08:34:04.592,1.11496,1.11509,1.00,5.25
2017.03.30 08:34:05.402,1.11496,1.11509,1.00,2.25
2017.03.30 08:34:05.863,1.11498,1.11509,1.00,2.25
2017.03.30 08:34:06.399,1.11497,1.11509,1.00,1.75
2017.03.30 08:34:10.183,1.11497,1.11509,1.00,3.75
2017.03.30 08:34:12.008,1.11497,1.1151,1.00,2.62
2017.03.30 08:34:12.865,1.11498,1.11509,1.00,1.19
2017.03.30 08:34:13.360,1.11496,1.1151,1.50,1.87
2017.03.30 08:34:14.254,1.11495,1.11509,1.00,2.44
2017.03.30 08:34:14.305,1.11495,1.11508,1.00,2.25
2017.03.30 08:34:14.356,1.11493,1.11508,1.00,2.62
2017.03.30 08:34:14.810,1.11493,1.11508,1.00,4.95
2017.03.30 08:34:15.772,1.11493,1.11506,1.00,1.00
2017.03.30 08:34:16.474,1.11495,1.11506,1.00,1.00
2017.03.30 08:34:16.994,1.11494,1.11506,1.00,1.00
2017.03.30 08:34:17.511,1.11495,1.11506,1.00,1.00
2017.03.30 08:34:17.915,1.11493,1.11505,1.00,1.00
2017.03.30 08:34:18.424,1.11493,1.11504,1.00,1.50
2017.03.30 08:34:18.968,1.11492,1.11504,1.16,1.50
2017.03.30 08:34:20.323,1.11493,1.11504,1.00,1.50
2017.03.30 08:34:20.854,1.11492,1.11503,1.00,1.10
2017.03.30 08:34:21.389,1.11492,1.11502,1.00,1.00
2017.03.30 08:34:22.901,1.1149,1.11501,1.00,3.08
2017.03.30 08:34:23.205,1.11489,1.11499,1.00,3.08
2017.03.30 08:34:23.408,1.11487,1.11499,1.00,3.08
2017.03.30 08:34:23.711,1.11487,1.11497,1.00,3.83
2017.03.30 08:34:23.813,1.11485,1.11497,1.00,4.58
2017.03.30 08:34:23.985,1.11485,1.11495,1.00,3.08
2017.03.30 08:34:24.916,1.11485,1.11496,1.00,3.83
2017.03.30 08:34:25.270,1.11487,1.11495,1.00,1.10
2017.03.30 08:34:25.733,1.11485,1.11496,1.00,5.70
2017.03.30 08:34:26.276,1.11486,1.11496,1.00,4.95
2017.03.30 08:34:26.781,1.11486,1.11496,1.00,2.70
2017.03.30 08:34:28.230,1.11485,1.11496,1.00,2.70
2017.03.30 08:34:28.331,1.11485,1.11495,1.00,1.87
2017.03.30 08:34:28.382,1.11483,1.11494,1.00,1.58
2017.03.30 08:34:28.433,1.11483,1.11494,1.00,2.33
2017.03.30 08:34:28.949,1.11484,1.11493,1.00,1.50
2017.03.30 08:34:29.560,1.11484,1.11495,1.00,1.00
2017.03.30 08:34:29.982,1.11485,1.11495,1.00,3.83
2017.03.30 08:34:30.610,1.11483,1.11495,1.00,3.83
2017.03.30 08:34:30.913,1.11484,1.11495,1.00,1.58
2017.03.30 08:34:33.553,1.11486,1.11495,1.00,3.15
2017.03.30 08:34:34.068,1.11487,1.11495,1.00,1.00
2017.03.30 08:34:34.367,1.11485,1.11495,1.00,1.00
2017.03.30 08:34:35.065,1.11484,1.11495,1.00,1.00
2017.03.30 08:34:35.867,1.11485,1.11495,1.00,1.00
2017.03.30 08:34:36.438,1.11486,1.11495,1.00,1.00
2017.03.30 08:34:36.830,1.11484,1.11495,1.00,1.50
2017.03.30 08:34:37.169,1.11486,1.11495,1.00,1.50
2017.03.30 08:34:37.847,1.11486,1.11494,1.00,1.00
2017.03.30 08:34:39.503,1.11484,1.11494,1.00,1.00
2017.03.30 08:34:40.229,1.11483,1.11494,1.00,1.10
2017.03.30 08:34:40.783,1.11485,1.11494,1.00,1.10
2017.03.30 08:34:41.284,1.11486,1.11495,1.00,1.00
2017.03.30 08:34:41.852,1.11485,1.11495,1.00,1.00
2017.03.30 08:34:42.421,1.11486,1.11495,1.00,1.00
2017.03.30 08:34:43.360,1.1149,1.11495,1.00,1.10
2017.03.30 08:34:43.663,1.11488,1.115,1.00,3.45
2017.03.30 08:34:44.048,1.1149,1.11499,1.00,1.10
2017.03.30 08:34:44.583,1.11491,1.115,1.00,4.95
2017.03.30 08:34:44.693,1.11489,1.11498,1.00,1.00
2017.03.30 08:34:44.745,1.11486,1.11497,1.00,1.10
2017.03.30 08:34:45.051,1.11489,1.11497,1.00,1.10
2017.03.30 08:34:45.354,1.11489,1.11499,1.00,1.20
2017.03.30 08:34:45.703,1.11488,1.11498,1.00,4.20
2017.03.30 08:34:45.805,1.11486,1.11497,1.00,1.10
2017.03.30 08:34:45.856,1.11488,1.11497,1.00,1.10
2017.03.30 08:34:45.907,1.11486,1.11497,1.00,1.10
2017.03.30 08:34:46.109,1.11484,1.11496,1.00,1.00
2017.03.30 08:34:46.688,1.11486,1.11496,1.00,1.50
2017.03.30 08:34:47.777,1.11488,1.11496,1.00,1.00
2017.03.30 08:34:48.341,1.11486,1.11496,1.00,1.00
2017.03.30 08:34:48.982,1.11488,1.11496,1.00,1.00
2017.03.30 08:34:49.622,1.11488,1.11497,1.00,1.58
2017.03.30 08:34:50.203,1.11491,1.11497,1.00,1.10
2017.03.30 08:34:50.730,1.1149,1.11498,1.00,3.08
2017.03.30 08:34:51.246,1.11492,1.11499,1.00,3.08
2017.03.30 08:34:51.786,1.11491,1.11499,1.00,3.08
2017.03.30 08:34:52.130,1.11494,1.11499,1.00,3.08
2017.03.30 08:34:52.233,1.11493,1.11501,1.00,3.83
2017.03.30 08:34:52.436,1.11496,1.11501,1.00,3.45
2017.03.30 08:34:52.538,1.11493,1.11501,1.00,3.45
2017.03.30 08:34:53.266,1.11495,1.11501,1.00,3.45
2017.03.30 08:34:53.657,1.11497,1.11503,1.00,1.75
2017.03.30 08:34:53.758,1.11498,1.11503,1.00,1.00
2017.03.30 08:34:54.271,1.11498,1.11505,1.00,1.81
2017.03.30 08:34:56.047,1.11496,1.11504,1.00,1.43
2017.03.30 08:34:57.385,1.11498,1.11505,1.00,1.81
2017.03.30 08:34:57.850,1.11496,1.11505,1.00,2.48
2017.03.30 08:34:58.204,1.11498,1.11505,1.00,2.48
2017.03.30 08:34:59.932,1.11496,1.11502,1.00,1.73
2017.03.30 08:35:00.033,1.11496,1.11505,1.00,2.48
2017.03.30 08:35:00.392,1.11498,1.11505,1.00,2.48
2017.03.30 08:35:03.281,1.11499,1.11506,1.00,2.86
2017.03.30 08:35:03.484,1.11497,1.11505,1.00,1.37
2017.03.30 08:35:03.995,1.11496,1.11506,1.00,1.87
2017.03.30 08:35:04.617,1.11495,1.11506,1.00,3.61
2017.03.30 08:35:06.509,1.11499,1.11506,1.00,3.61
2017.03.30 08:35:08.562,1.11497,1.11505,1.00,1.37
2017.03.30 08:35:08.714,1.11499,1.11505,1.00,2.48
2017.03.30 08:35:08.816,1.11499,1.11507,1.00,4.17
2017.03.30 08:35:08.968,1.11499,1.11504,1.00,1.73
2017.03.30 08:35:09.302,1.115,1.11507,1.00,2.48
2017.03.30 08:35:09.960,1.11501,1.11507,1.00,2.48
2017.03.30 08:35:11.014,1.11501,1.11507,1.00,1.31
2017.03.30 08:35:13.986,1.11497,1.11507,1.00,1.81
2017.03.30 08:35:14.241,1.115,1.11507,1.00,1.81
2017.03.30 08:35:14.393,1.11498,1.11507,1.00,1.81
2017.03.30 08:35:14.546,1.115,1.11507,1.00,1.31
2017.03.30 08:35:15.086,1.115,1.11509,1.00,1.31
2017.03.30 08:35:16.365,1.115,1.11509,1.00,1.12
2017.03.30 08:35:16.961,1.115,1.11509,1.00,2.18
2017.03.30 08:35:17.550,1.11499,1.11507,1.00,1.00
2017.03.30 08:35:18.517,1.11499,1.11507,1.00,3.08
2017.03.30 08:35:20.151,1.11497,1.11507,1.00,3.08
2017.03.30 08:35:20.694,1.11497,1.11507,1.00,2.33
2017.03.30 08:35:23.384,1.11499,1.11507,1.00,1.85
2017.03.30 08:35:23.942,1.11498,1.11508,1.00,3.83
2017.03.30 08:35:28.856,1.11497,1.11506,1.00,1.50
2017.03.30 08:35:29.110,1.11497,1.11507,1.00,1.10
2017.03.30 08:35:29.695,1.11498,1.11507,1.00,1.10
2017.03.30 08:35:30.357,1.11499,1.11508,1.00,4.76
2017.03.30 08:35:30.513,1.11502,1.11508,1.00,2.70
2017.03.30 08:35:30.690,1.11502,1.1151,1.00,2.70
2017.03.30 08:35:30.846,1.11499,1.11509,1.00,1.10
2017.03.30 08:35:31.365,1.115,1.11509,1.00,1.58
2017.03.30 08:35:31.934,1.11499,1.11509,1.00,4.20
2017.03.30 08:35:33.155,1.11499,1.11509,1.00,1.95
2017.03.30 08:35:33.307,1.11502,1.11509,1.00,1.95
2017.03.30 08:35:33.823,1.11501,1.11509,1.00,1.20
2017.03.30 08:35:34.477,1.11499,1.11509,1.00,1.20
2017.03.30 08:35:35.006,1.115,1.11509,1.00,1.95
2017.03.30 08:35:35.583,1.115,1.11509,1.00,2.62
2017.03.30 08:35:36.356,1.11499,1.11508,1.00,1.25
2017.03.30 08:35:37.316,1.115,1.11508,1.00,1.25
2017.03.30 08:35:37.518,1.11499,1.11506,1.00,1.00
2017.03.30 08:35:38.022,1.11497,1.11506,1.00,2.25
2017.03.30 08:35:38.073,1.11497,1.11505,1.00,1.50
2017.03.30 08:35:38.174,1.11495,1.11504,1.00,1.31
2017.03.30 08:35:38.728,1.11495,1.11504,1.00,1.94
2017.03.30 08:35:41.682,1.11494,1.11502,1.00,1.31
2017.03.30 08:35:41.784,1.11492,1.115,1.00,3.94
2017.03.30 08:35:42.300,1.11491,1.115,1.00,4.31
2017.03.30 08:35:42.632,1.11493,1.115,1.00,4.31
2017.03.30 08:35:42.859,1.11493,1.115,1.00,1.73
2017.03.30 08:35:43.978,1.11492,1.115,1.00,1.73
2017.03.30 08:35:44.094,1.11491,1.115,1.00,5.48
2017.03.30 08:35:45.726,1.11492,1.115,1.00,4.54
2017.03.30 08:35:46.030,1.11496,1.11503,1.00,5.85
2017.03.30 08:35:46.536,1.11496,1.11503,1.00,4.16
2017.03.30 08:35:46.999,1.11494,1.11503,1.00,4.16
2017.03.30 08:35:47.050,1.11496,1.11503,1.00,3.41
2017.03.30 08:35:49.692,1.11494,1.11502,1.00,1.16
2017.03.30 08:35:49.945,1.11492,1.11502,1.00,1.41
2017.03.30 08:35:50.097,1.11494,1.11502,1.00,1.41
2017.03.30 08:35:51.662,1.11494,1.11503,1.00,2.29
2017.03.30 08:35:53.385,1.11494,1.11502,1.00,3.41
2017.03.30 08:35:53.954,1.11494,1.11502,1.00,3.41
2017.03.30 08:35:54.005,1.11492,1.11502,1.00,3.41
2017.03.30 08:36:04.953,1.1149,1.11502,1.00,3.41
2017.03.30 08:36:05.655,1.11489,1.11502,1.00,3.79
2017.03.30 08:36:05.995,1.11491,1.11502,1.00,3.79
2017.03.30 08:36:06.665,1.11491,1.115,1.00,1.54
2017.03.30 08:36:07.205,1.11491,1.11498,1.00,1.05
2017.03.30 08:36:07.782,1.11491,1.11498,1.00,1.44
2017.03.30 08:36:09.703,1.1149,1.115,1.00,1.87
2017.03.30 08:36:11.075,1.1149,1.11499,1.00,1.12
2017.03.30 08:36:11.625,1.1149,1.11499,1.00,1.44
2017.03.30 08:36:12.285,1.11489,1.11499,1.00,1.44
2017.03.30 08:36:13.361,1.1149,1.11499,1.00,1.44
2017.03.30 08:36:13.908,1.11489,1.11499,1.00,1.44
2017.03.30 08:36:15.415,1.11489,1.115,1.00,1.87
2017.03.30 08:36:15.718,1.11491,1.11502,1.00,1.50
2017.03.30 08:36:15.836,1.11491,1.11502,1.00,1.12
2017.03.30 08:36:16.394,1.11492,1.11502,1.00,1.12
2017.03.30 08:36:17.268,1.11494,1.11502,1.00,1.12
2017.03.30 08:36:17.595,1.11497,1.11505,1.00,1.44
2017.03.30 08:36:18.051,1.11494,1.11506,1.12,3.75
2017.03.30 08:36:18.575,1.11495,1.11507,1.00,1.75
2017.03.30 08:36:18.778,1.11497,1.11508,1.00,5.62
2017.03.30 08:36:20.652,1.11498,1.11507,1.00,1.75
2017.03.30 08:36:21.788,1.11497,1.11507,1.00,1.75
2017.03.30 08:36:22.512,1.11495,1.11506,1.00,1.50
2017.03.30 08:36:22.614,1.11497,1.11506,1.00,1.50
2017.03.30 08:36:22.816,1.11495,1.11506,1.00,1.50
2017.03.30 08:36:23.070,1.11497,1.11506,1.00,2.25
2017.03.30 08:36:23.121,1.11495,1.11506,1.00,2.25
2017.03.30 08:36:23.651,1.11495,1.11506,1.00,1.50
2017.03.30 08:36:24.210,1.11495,1.11506,1.00,4.50
2017.03.30 08:36:24.640,1.11493,1.11506,1.87,4.50
2017.03.30 08:36:25.003,1.11495,1.11506,1.00,4.50
2017.03.30 08:36:25.378,1.11493,1.11506,1.87,4.50
2017.03.30 08:36:25.894,1.11493,1.11505,1.00,1.50
2017.03.30 08:36:26.425,1.11494,1.11503,1.00,1.44
2017.03.30 08:36:26.577,1.11492,1.11503,1.00,1.44
2017.03.30 08:36:27.347,1.11492,1.11502,1.00,3.75
2017.03.30 08:36:27.398,1.1149,1.115,1.00,1.25
2017.03.30 08:36:27.449,1.11485,1.11499,3.00,3.75
2017.03.30 08:36:27.653,1.11483,1.11494,1.87,1.00
2017.03.30 08:36:27.856,1.11482,1.11496,1.00,6.94
2017.03.30 08:36:28.418,1.11481,1.11495,1.87,2.25
2017.03.30 08:36:28.620,1.11483,1.11495,1.00,1.50
2017.03.30 08:36:29.160,1.11483,1.11495,1.50,3.75
2017.03.30 08:36:29.717,1.11484,1.11495,1.00,5.25
2017.03.30 08:36:29.971,1.1148,1.11493,2.62,3.75
2017.03.30 08:36:30.477,1.1148,1.11492,1.00,1.50
2017.03.30 08:36:31.023,1.11479,1.11492,1.69,1.50
2017.03.30 08:36:31.238,1.1148,1.11492,2.25,1.00
2017.03.30 08:36:31.848,1.1148,1.11493,2.62,1.00
2017.03.30 08:36:32.870,1.11481,1.11492,1.50,1.00
2017.03.30 08:36:33.066,1.11481,1.11494,1.00,1.50
2017.03.30 08:36:33.822,1.11479,1.11493,1.87,1.50
2017.03.30 08:36:33.873,1.11479,1.11493,1.50,4.12
2017.03.30 08:36:34.718,1.11477,1.11491,2.62,1.62
2017.03.30 08:36:37.103,1.11477,1.11491,2.62,1.87
2017.03.30 08:36:37.558,1.11479,1.11493,1.00,1.87
2017.03.30 08:36:37.609,1.1148,1.11491,1.00,1.00
2017.03.30 08:36:37.660,1.1148,1.11493,1.00,1.87
2017.03.30 08:36:38.178,1.11481,1.11493,1.00,2.25
2017.03.30 08:36:38.766,1.11482,1.11493,1.00,1.00
2017.03.30 08:36:38.867,1.11478,1.11492,4.50,1.00
2017.03.30 08:36:38.930,1.11482,1.11492,1.00,1.00
2017.03.30 08:36:39.060,1.11479,1.11492,1.12,1.00
2017.03.30 08:36:39.149,1.11481,1.11492,1.00,1.00
2017.03.30 08:36:39.259,1.11479,1.11493,1.87,1.12
2017.03.30 08:36:40.161,1.11479,1.11492,1.50,1.00
2017.03.30 08:36:40.213,1.11482,1.11492,1.00,1.00
2017.03.30 08:36:40.314,1.11478,1.11492,4.12,1.00
2017.03.30 08:36:40.421,1.11481,1.11492,1.00,1.00
2017.03.30 08:36:40.485,1.11478,1.11492,4.12,1.00
2017.03.30 08:36:40.912,1.11481,1.11492,1.00,1.00
2017.03.30 08:36:41.024,1.11478,1.11492,3.37,1.00
2017.03.30 08:36:41.530,1.11481,1.11492,1.00,1.00
2017.03.30 08:36:41.631,1.11479,1.11492,1.12,1.00
2017.03.30 08:36:41.895,1.11481,1.11493,1.00,1.87
2017.03.30 08:36:42.411,1.1148,1.11493,1.00,2.62
2017.03.30 08:36:42.924,1.11479,1.11493,1.12,2.62
2017.03.30 08:36:43.437,1.11479,1.11493,1.12,2.06
2017.03.30 08:36:43.950,1.11481,1.11491,1.00,1.00
2017.03.30 08:36:44.037,1.11478,1.11491,1.87,1.00
2017.03.30 08:36:44.629,1.1148,1.11491,1.00,1.00
2017.03.30 08:36:45.661,1.1148,1.11492,1.50,1.50
2017.03.30 08:36:46.547,1.1148,1.11492,1.50,1.19
2017.03.30 08:36:48.857,1.11479,1.11492,1.12,1.19
2017.03.30 08:36:49.377,1.1148,1.11493,1.00,1.87
2017.03.30 08:36:49.478,1.1148,1.11494,2.25,1.69
2017.03.30 08:36:50.693,1.11481,1.11494,1.00,2.06
2017.03.30 08:36:53.351,1.11482,1.11495,1.50,1.50
2017.03.30 08:36:53.706,1.1148,1.11495,1.50,1.50
2017.03.30 08:36:54.226,1.11481,1.11495,1.00,2.25
2017.03.30 08:36:55.305,1.1148,1.11495,1.50,3.19
2017.03.30 08:36:55.710,1.1148,1.1149,1.00,1.00
2017.03.30 08:36:55.811,1.11477,1.1149,1.00,1.87
2017.03.30 08:36:56.356,1.11475,1.11489,3.00,1.25
2017.03.30 08:36:56.809,1.1148,1.1149,1.12,1.44
2017.03.30 08:36:57.012,1.11479,1.11492,1.50,1.25
2017.03.30 08:36:57.849,1.11477,1.11492,3.37,2.25
2017.03.30 08:36:59.611,1.1148,1.11492,1.00,1.50
2017.03.30 08:37:00.147,1.11478,1.11491,1.37,1.25
2017.03.30 08:37:00.370,1.11477,1.11491,4.12,2.25
2017.03.30 08:37:00.574,1.1148,1.1149,1.00,2.82
2017.03.30 08:37:01.486,1.11478,1.1149,1.37,2.82
2017.03.30 08:37:01.941,1.11475,1.11487,1.50,1.00
2017.03.30 08:37:02.281,1.11479,1.11489,1.00,1.00
2017.03.30 08:37:02.585,1.11477,1.11488,1.00,1.00
2017.03.30 08:37:02.737,1.11475,1.11486,1.00,1.00
2017.03.30 08:37:03.263,1.11476,1.11486,1.00,1.00
2017.03.30 08:37:03.314,1.11474,1.11486,1.50,1.00
2017.03.30 08:37:04.487,1.11475,1.11486,1.00,1.00
2017.03.30 08:37:04.800,1.11477,1.11486,1.00,1.00
2017.03.30 08:37:04.903,1.11475,1.11486,1.00,1.00
2017.03.30 08:37:05.471,1.11474,1.11486,1.50,1.00
2017.03.30 08:37:05.991,1.11477,1.11486,1.00,1.00
2017.03.30 08:37:06.258,1.1148,1.1149,1.00,1.00
2017.03.30 08:37:06.511,1.11479,1.11493,1.00,1.50
2017.03.30 08:37:06.966,1.11482,1.11491,1.00,1.00
2017.03.30 08:37:08.093,1.1148,1.1149,1.00,1.00
2017.03.30 08:37:08.195,1.11478,1.1149,1.00,1.00
2017.03.30 08:37:08.762,1.1148,1.1149,1.00,1.50
2017.03.30 08:37:09.444,1.1148,1.11491,1.00,1.87
2017.03.30 08:37:09.992,1.11479,1.11491,1.00,1.12
2017.03.30 08:37:10.539,1.11478,1.11491,1.50,2.25
2017.03.30 08:37:10.849,1.1148,1.11491,1.00,5.26
2017.03.30 08:37:11.355,1.11481,1.11491,1.00,2.06
2017.03.30 08:37:11.865,1.11478,1.11491,1.00,3.79
2017.03.30 08:37:12.225,1.11478,1.11489,1.00,1.00
2017.03.30 08:37:17.746,1.11481,1.11489,1.00,1.00
2017.03.30 08:37:17.830,1.11481,1.11491,1.00,1.87
2017.03.30 08:37:18.373,1.11482,1.11492,1.00,2.25
2017.03.30 08:37:19.237,1.11481,1.11492,1.00,2.25
2017.03.30 08:37:19.893,1.11482,1.11492,1.00,2.25
2017.03.30 08:37:20.146,1.1148,1.11492,1.00,2.25
2017.03.30 08:37:20.647,1.1148,1.1149,1.00,1.00
2017.03.30 08:37:23.191,1.11481,1.1149,1.00,1.00
2017.03.30 08:37:23.394,1.11485,1.11491,1.00,1.00
2017.03.30 08:37:23.446,1.11485,1.11493,1.00,1.00
2017.03.30 08:37:23.497,1.11487,1.11493,1.00,1.00
2017.03.30 08:37:23.598,1.11487,1.11495,1.00,1.12
2017.03.30 08:37:24.136,1.11485,1.11495,1.00,1.12
2017.03.30 08:37:24.651,1.11484,1.11494,1.00,1.00
2017.03.30 08:37:25.181,1.11483,1.11493,1.50,1.00
2017.03.30 08:37:26.047,1.11483,1.11495,1.50,1.54
2017.03.30 08:37:26.250,1.11484,1.11493,1.00,1.00
2017.03.30 08:37:26.942,1.11482,1.11493,1.50,1.16
2017.03.30 08:37:26.993,1.11484,1.11494,1.00,1.91
2017.03.30 08:37:27.503,1.11482,1.11493,1.50,1.16
2017.03.30 08:37:27.554,1.11484,1.11493,1.00,1.16
2017.03.30 08:37:27.850,1.11482,1.11493,1.50,1.91
2017.03.30 08:37:29.645,1.11482,1.11492,1.50,1.00
2017.03.30 08:37:30.181,1.11482,1.11491,1.00,1.50
2017.03.30 08:37:30.711,1.11482,1.11492,1.00,1.87
2017.03.30 08:37:31.009,1.11479,1.11492,1.00,1.87
2017.03.30 08:37:33.152,1.11478,1.11494,1.50,3.41
2017.03.30 08:37:33.253,1.1148,1.11492,1.00,1.12
2017.03.30 08:37:33.679,1.11481,1.11494,1.50,3.00
2017.03.30 08:37:34.085,1.1148,1.11492,1.50,1.00
2017.03.30 08:37:34.186,1.1148,1.11494,2.25,2.29
2017.03.30 08:37:34.740,1.1148,1.11493,2.25,1.00
2017.03.30 08:37:34.943,1.11482,1.11495,1.12,1.37
2017.03.30 08:37:35.490,1.11482,1.11495,1.12,1.50
2017.03.30 08:37:35.809,1.11485,1.11495,1.00,1.50
2017.03.30 08:37:36.349,1.11484,1.11495,1.00,1.00
2017.03.30 08:37:36.640,1.11481,1.11493,1.00,1.00
2017.03.30 08:37:36.691,1.1148,1.11491,1.00,1.00
2017.03.30 08:37:36.793,1.11477,1.11491,3.60,1.50
2017.03.30 08:37:36.844,1.11477,1.11489,3.60,1.00
2017.03.30 08:37:37.149,1.11472,1.11485,1.12,1.25
2017.03.30 08:37:37.351,1.11472,1.11485,1.12,1.50
2017.03.30 08:37:38.337,1.11471,1.11484,1.37,4.50
2017.03.30 08:37:38.692,1.1147,1.11484,1.00,3.00
2017.03.30 08:37:38.794,1.1147,1.11484,2.25,2.25
2017.03.30 08:37:38.997,1.11468,1.1148,1.87,1.50
2017.03.30 08:37:39.542,1.11466,1.11479,1.37,1.25
2017.03.30 08:37:40.114,1.11467,1.1148,1.12,4.50
2017.03.30 08:37:40.658,1.11467,1.11476,1.12,1.00
2017.03.30 08:37:42.054,1.11464,1.11473,1.75,1.00
2017.03.30 08:37:42.105,1.11463,1.11473,2.62,1.00
2017.03.30 08:37:42.257,1.11465,1.11475,1.12,1.00
2017.03.30 08:37:42.662,1.11463,1.11473,1.87,1.00
2017.03.30 08:37:43.128,1.11462,1.1147,2.25,1.00
2017.03.30 08:37:43.281,1.1146,1.1147,3.37,1.00
2017.03.30 08:37:43.743,1.11461,1.11472,1.00,1.00
2017.03.30 08:37:43.844,1.11461,1.1147,1.00,1.00
2017.03.30 08:37:44.407,1.1146,1.1147,1.50,1.00
2017.03.30 08:37:44.708,1.11462,1.11471,1.00,1.00
2017.03.30 08:37:45.275,1.11463,1.11471,1.00,1.00
2017.03.30 08:37:45.851,1.11463,1.11472,1.00,1.00
2017.03.30 08:37:45.977,1.11463,1.11474,1.00,1.00
2017.03.30 08:37:46.604,1.11462,1.11473,1.50,1.00
2017.03.30 08:37:47.113,1.11462,1.11474,1.50,1.00
2017.03.30 08:37:47.467,1.11464,1.11475,1.00,1.00
2017.03.30 08:37:48.012,1.11464,1.11475,1.37,1.00
2017.03.30 08:37:48.318,1.11462,1.11473,4.72,1.00
2017.03.30 08:37:48.652,1.11463,1.11472,1.12,1.00
2017.03.30 08:37:49.162,1.11461,1.11471,1.50,1.00
2017.03.30 08:37:49.667,1.11458,1.1147,2.25,1.00
2017.03.30 08:37:49.718,1.11459,1.1147,1.00,1.00
2017.03.30 08:37:50.223,1.11457,1.11469,1.69,1.00
2017.03.30 08:37:50.690,1.11457,1.11467,3.00,1.00
2017.03.30 08:37:51.205,1.11459,1.11468,1.00,1.00
2017.03.30 08:37:51.595,1.11458,1.11466,1.00,1.00
2017.03.30 08:37:51.646,1.11458,1.11468,1.00,1.00
2017.03.30 08:37:51.905,1.11458,1.11466,1.00,1.00
2017.03.30 08:37:52.128,1.11458,1.11469,1.00,1.00
2017.03.30 08:37:52.332,1.11455,1.1147,1.12,2.29
2017.03.30 08:37:52.433,1.11455,1.11468,1.50,1.00
2017.03.30 08:37:52.737,1.11459,1.1147,1.12,1.05
2017.03.30 08:37:53.041,1.11457,1.1147,2.25,1.05
2017.03.30 08:37:53.905,1.11458,1.11471,1.00,1.50
2017.03.30 08:37:54.123,1.1146,1.11471,1.00,1.50
2017.03.30 08:37:54.696,1.11464,1.11471,1.00,1.50
2017.03.30 08:37:54.747,1.11464,1.11473,1.00,1.50
2017.03.30 08:37:54.849,1.11464,1.11475,1.00,1.12
2017.03.30 08:37:54.938,1.11466,1.11477,1.00,1.16
2017.03.30 08:37:55.039,1.11466,1.11478,1.00,4.35
2017.03.30 08:37:55.673,1.11467,1.11479,1.00,3.41
2017.03.30 08:37:56.735,1.11467,1.11479,1.00,2.66
2017.03.30 08:37:58.681,1.11466,1.11479,1.00,1.91
2017.03.30 08:37:58.783,1.11466,1.11477,1.00,4.16
2017.03.30 08:37:58.885,1.11466,1.11479,1.00,4.16
2017.03.30 08:37:59.037,1.11466,1.11479,1.00,1.16
2017.03.30 08:37:59.495,1.11466,1.11477,1.00,1.00
2017.03.30 08:37:59.998,1.11467,1.11477,1.00,1.43
2017.03.30 08:38:00.301,1.11471,1.1148,1.00,3.41
2017.03.30 08:38:00.813,1.11474,1.1148,1.00,3.41
2017.03.30 08:38:00.865,1.11474,1.11482,1.00,1.43
2017.03.30 08:38:01.371,1.11473,1.11484,1.00,3.41
2017.03.30 08:38:01.633,1.11475,1.11484,1.00,3.41
2017.03.30 08:38:02.088,1.11475,1.11485,1.00,1.16
2017.03.30 08:38:02.673,1.11475,1.11485,1.00,3.41
2017.03.30 08:38:04.071,1.11475,1.11485,1.00,1.41
2017.03.30 08:38:06.707,1.11476,1.11486,1.00,4.91
2017.03.30 08:38:07.213,1.11477,1.11487,1.00,3.41
2017.03.30 08:38:07.717,1.11478,1.11488,1.00,4.50
2017.03.30 08:38:08.478,1.11478,1.11489,1.00,2.25
2017.03.30 08:38:08.860,1.11475,1.11486,1.12,2.25
2017.03.30 08:38:09.265,1.11477,1.11487,1.00,1.00
2017.03.30 08:38:11.839,1.11479,1.11487,1.00,1.00
2017.03.30 08:38:12.362,1.11479,1.11489,1.00,1.62
2017.03.30 08:38:12.929,1.11479,1.11489,1.00,1.25
2017.03.30 08:38:15.177,1.11478,1.11491,1.00,6.00
2017.03.30 08:38:15.775,1.11479,1.11491,1.00,2.25
2017.03.30 08:38:17.478,1.11479,1.11491,1.00,1.25
2017.03.30 08:38:18.078,1.1148,1.11491,1.00,1.31
2017.03.30 08:38:18.381,1.11479,1.11491,1.00,2.25
2017.03.30 08:38:18.432,1.11477,1.1149,1.00,1.50
2017.03.30 08:38:18.558,1.11477,1.1149,1.00,1.25
2017.03.30 08:38:19.078,1.11478,1.1149,1.00,1.25
2017.03.30 08:38:19.282,1.11476,1.1149,1.00,2.25
2017.03.30 08:38:19.588,1.11475,1.11488,1.50,1.50
2017.03.30 08:38:20.145,1.11474,1.11487,1.00,1.50
2017.03.30 08:38:20.958,1.11473,1.11485,1.00,1.00
2017.03.30 08:38:21.311,1.11473,1.11485,1.00,3.00
2017.03.30 08:38:21.839,1.1147,1.11485,1.00,3.94
2017.03.30 08:38:21.890,1.1147,1.11483,1.00,1.50
2017.03.30 08:38:22.682,1.11471,1.11482,1.00,1.69
2017.03.30 08:38:23.203,1.11469,1.11482,1.50,1.69
2017.03.30 08:38:23.665,1.11469,1.11481,1.00,1.87
2017.03.30 08:38:24.264,1.11468,1.11481,1.00,1.87
2017.03.30 08:38:24.873,1.11468,1.11481,1.00,1.87
2017.03.30 08:38:25.789,1.11468,1.1148,1.00,1.50
2017.03.30 08:38:26.274,1.11466,1.1148,1.00,3.00
2017.03.30 08:38:26.707,1.11466,1.11479,1.00,1.12
2017.03.30 08:38:27.979,1.11466,1.11478,1.00,4.50
2017.03.30 08:38:30.101,1.11465,1.11478,1.00,4.50
2017.03.30 08:38:31.473,1.11465,1.11477,1.00,1.87
2017.03.30 08:38:31.524,1.11463,1.11477,1.00,1.87
2017.03.30 08:38:32.562,1.11464,1.11477,1.00,2.25
2017.03.30 08:38:33.091,1.11463,1.11476,1.12,1.00
2017.03.30 08:38:33.322,1.11464,1.11478,1.00,1.25
2017.03.30 08:38:33.718,1.11464,1.11478,1.50,3.75
2017.03.30 08:38:34.876,1.11464,1.11478,1.50,3.75
2017.03.30 08:38:35.386,1.11464,1.11477,1.00,4.50
2017.03.30 08:38:36.780,1.11463,1.11477,1.87,4.50
2017.03.30 08:38:38.080,1.11463,1.11477,2.06,1.10
2017.03.30 08:38:38.712,1.11466,1.11479,1.00,1.20
2017.03.30 08:38:42.980,1.1147,1.11479,1.00,1.20
2017.03.30 08:38:43.031,1.11467,1.1148,1.00,2.33
2017.03.30 08:38:43.268,1.1147,1.1148,1.00,2.33
2017.03.30 08:38:43.319,1.1147,1.11481,1.19,1.00
2017.03.30 08:38:43.421,1.11473,1.11484,1.25,2.25
2017.03.30 08:38:43.522,1.11472,1.11484,1.19,1.00
2017.03.30 08:38:43.908,1.1147,1.11483,2.25,1.37
2017.03.30 08:38:44.487,1.1147,1.11482,1.25,1.50
2017.03.30 08:38:45.836,1.11465,1.11479,1.50,1.00
2017.03.30 08:38:46.040,1.11466,1.11479,2.25,1.00
2017.03.30 08:38:47.133,1.11465,1.11478,1.50,1.00
2017.03.30 08:38:47.772,1.11464,1.11479,1.75,1.50
2017.03.30 08:38:48.377,1.11469,1.11479,1.00,1.00
2017.03.30 08:38:48.732,1.11467,1.11481,2.25,2.25
2017.03.30 08:38:49.725,1.11467,1.11479,1.50,1.00
2017.03.30 08:38:49.777,1.11468,1.11481,1.19,1.00
2017.03.30 08:38:50.302,1.1147,1.11481,1.00,1.00
2017.03.30 08:38:51.497,1.1147,1.11484,1.00,1.95
2017.03.30 08:38:52.011,1.11471,1.11485,1.25,2.25
2017.03.30 08:38:52.529,1.11472,1.11486,1.00,1.75
2017.03.30 08:38:53.090,1.11473,1.11487,1.00,1.13
2017.03.30 08:38:53.178,1.11473,1.11488,1.75,3.00
2017.03.30 08:38:54.497,1.11473,1.11487,1.50,1.12
2017.03.30 08:38:57.387,1.11471,1.11485,6.56,1.00
2017.03.30 08:38:57.691,1.11471,1.11483,2.00,1.00
2017.03.30 08:38:57.995,1.11471,1.11481,1.44,1.00
2017.03.30 08:38:58.442,1.11467,1.11479,1.00,1.00
2017.03.30 08:38:58.746,1.11465,1.11479,1.19,1.37
2017.03.30 08:38:59.147,1.11463,1.11477,2.25,1.00
2017.03.30 08:38:59.501,1.11466,1.11477,1.00,1.00
2017.03.30 08:39:00.104,1.11466,1.11477,1.19,1.00
2017.03.30 08:39:00.791,1.11468,1.11477,1.00,1.00
2017.03.30 08:39:01.296,1.11466,1.11477,1.50,1.00
2017.03.30 08:39:03.196,1.11466,1.11479,1.50,1.00
2017.03.30 08:39:03.348,1.11466,1.11481,1.75,2.62
2017.03.30 08:39:04.333,1.11466,1.11481,2.25,3.00
2017.03.30 08:39:06.533,1.11465,1.11476,2.25,1.00
2017.03.30 08:39:07.250,1.11465,1.11476,4.12,1.00
2017.03.30 08:39:07.352,1.11464,1.11476,1.81,1.00
2017.03.30 08:39:07.808,1.11464,1.11473,2.62,1.00
2017.03.30 08:39:07.859,1.11463,1.11475,2.00,1.00
2017.03.30 08:39:07.910,1.11462,1.11473,2.25,1.00
2017.03.30 08:39:08.062,1.11463,1.11477,4.87,1.12
2017.03.30 08:39:08.265,1.11465,1.11478,7.12,1.00
2017.03.30 08:39:08.816,1.11466,1.11479,1.12,1.12
2017.03.30 08:39:09.321,1.11466,1.11479,1.12,1.12
2017.03.30 08:39:10.466,1.11466,1.1148,2.62,1.00
2017.03.30 08:39:11.001,1.11466,1.11478,1.87,1.00
2017.03.30 08:39:11.148,1.11466,1.1148,1.87,1.00
2017.03.30 08:39:12.405,1.11467,1.11481,1.31,1.50
2017.03.30 08:39:12.609,1.11467,1.11479,1.10,1.00
2017.03.30 08:39:12.710,1.11464,1.11478,4.01,1.00
2017.03.30 08:39:12.761,1.11464,1.11476,1.76,1.00
2017.03.30 08:39:13.421,1.11464,1.11478,1.33,1.00
2017.03.30 08:39:13.625,1.11465,1.11477,3.83,1.00
2017.03.30 08:39:13.676,1.11465,1.11479,3.08,1.12
2017.03.30 08:39:13.929,1.11466,1.11476,1.50,1.00
2017.03.30 08:39:13.980,1.11464,1.11476,1.58,1.00
2017.03.30 08:39:14.283,1.11462,1.11476,1.58,1.31
2017.03.30 08:39:14.786,1.11463,1.11476,1.25,1.31
2017.03.30 08:39:14.905,1.11462,1.11472,1.10,1.00
2017.03.30 08:39:15.108,1.11459,1.11472,1.50,1.00
2017.03.30 08:39:15.261,1.11461,1.11473,1.33,1.00
2017.03.30 08:39:15.765,1.11461,1.11474,1.33,1.50
2017.03.30 08:39:16.316,1.11461,1.11474,1.25,1.69
2017.03.30 08:39:17.266,1.11461,1.11473,1.25,1.19
2017.03.30 08:39:18.453,1.11461,1.11473,1.25,1.25
2017.03.30 08:39:18.756,1.11464,1.11478,1.58,2.44
2017.03.30 08:39:18.807,1.11464,1.11478,2.33,1.25
2017.03.30 08:39:19.010,1.11464,1.11476,1.58,1.00
2017.03.30 08:39:21.426,1.11464,1.11475,1.00,1.00
2017.03.30 08:39:21.993,1.11464,1.11471,1.00,1.00
2017.03.30 08:39:23.162,1.11464,1.11469,1.00,1.00
2017.03.30 08:39:23.213,1.11462,1.11468,1.31,1.00
2017.03.30 08:39:23.757,1.1146,1.11468,1.50,1.00
2017.03.30 08:39:24.230,1.11463,1.11475,1.00,1.12
2017.03.30 08:39:25.135,1.11464,1.11475,1.00,1.12
2017.03.30 08:39:25.662,1.11464,1.11475,1.00,1.44
2017.03.30 08:39:26.207,1.11464,1.11476,1.00,2.25
2017.03.30 08:39:30.233,1.11466,1.11476,1.00,1.50
2017.03.30 08:39:30.864,1.11465,1.11476,1.00,1.50
2017.03.30 08:39:31.535,1.11466,1.11476,1.00,1.50
2017.03.30 08:39:33.083,1.11465,1.11476,1.00,1.50
2017.03.30 08:39:33.633,1.11466,1.11476,1.00,1.50
2017.03.30 08:39:34.523,1.11464,1.11476,1.00,1.50
2017.03.30 08:39:34.574,1.11466,1.11476,1.00,1.50
2017.03.30 08:39:34.625,1.11464,1.11475,1.00,1.12
2017.03.30 08:39:35.006,1.11466,1.11476,1.00,3.00
2017.03.30 08:39:36.822,1.11466,1.11477,1.00,1.69
2017.03.30 08:39:37.562,1.11467,1.11477,1.00,1.31
2017.03.30 08:39:38.120,1.11468,1.11477,1.00,1.87
2017.03.30 08:39:38.635,1.11469,1.11477,1.00,1.44
2017.03.30 08:39:39.288,1.11469,1.11479,1.00,2.25
2017.03.30 08:39:40.346,1.11472,1.11479,1.00,1.12
2017.03.30 08:39:40.397,1.11472,1.11482,1.00,2.25
2017.03.30 08:39:40.549,1.1147,1.11482,1.00,2.25
2017.03.30 08:39:41.442,1.11469,1.1148,1.00,1.12
2017.03.30 08:39:41.999,1.11469,1.1148,1.00,1.87
2017.03.30 08:39:42.683,1.11469,1.11479,1.00,1.00
2017.03.30 08:39:43.193,1.1147,1.1148,1.00,1.31
2017.03.30 08:39:49.284,1.11469,1.11481,1.00,1.69
2017.03.30 08:39:51.911,1.11467,1.11481,1.25,2.44
2017.03.30 08:39:51.962,1.11469,1.11481,1.00,2.44
2017.03.30 08:39:52.013,1.11467,1.11481,1.00,2.44
2017.03.30 08:39:52.767,1.11468,1.11481,1.00,1.69
2017.03.30 08:39:54.766,1.1147,1.11481,1.00,1.69
2017.03.30 08:39:55.388,1.11469,1.11481,1.00,1.69
2017.03.30 08:39:56.477,1.11469,1.11483,1.00,3.75
2017.03.30 08:39:57.058,1.11469,1.11481,1.00,1.00
2017.03.30 08:39:57.210,1.1147,1.11481,1.00,1.50
2017.03.30 08:39:57.443,1.11467,1.1148,1.25,1.69
2017.03.30 08:39:57.495,1.11467,1.11477,1.00,1.25
2017.03.30 08:39:57.748,1.11463,1.11476,2.25,1.50
2017.03.30 08:39:58.268,1.11463,1.11474,1.50,1.00
2017.03.30 08:40:02.148,1.11462,1.11475,1.00,1.50
2017.03.30 08:40:02.676,1.11463,1.11475,1.00,1.19
2017.03.30 08:40:04.590,1.11465,1.11474,1.00,1.00
2017.03.30 08:40:05.364,1.11465,1.11476,1.00,2.81
2017.03.30 08:40:05.820,1.11463,1.11476,1.00,2.81
2017.03.30 08:40:06.329,1.11464,1.11476,1.00,2.81
2017.03.30 08:40:07.671,1.11465,1.11476,1.00,1.31
2017.03.30 08:40:07.722,1.11467,1.11478,1.00,2.25
2017.03.30 08:40:08.106,1.11469,1.11481,1.00,1.81
2017.03.30 08:40:08.157,1.1147,1.11482,1.00,3.19
2017.03.30 08:40:08.699,1.11469,1.11482,1.00,3.00
2017.03.30 08:40:11.336,1.11467,1.11481,1.12,1.87
2017.03.30 08:40:12.025,1.11468,1.11481,1.00,2.06
2017.03.30 08:40:13.679,1.11469,1.11481,1.00,1.31
2017.03.30 08:40:14.984,1.11466,1.1148,1.37,2.25
2017.03.30 08:40:15.665,1.11466,1.11479,1.00,1.12
2017.03.30 08:40:16.682,1.11464,1.11478,2.82,1.50
2017.03.30 08:40:17.186,1.11466,1.11479,1.00,2.44
2017.03.30 08:40:17.884,1.11464,1.11479,1.50,1.50
2017.03.30 08:40:17.987,1.11464,1.11477,1.50,1.00
2017.03.30 08:40:18.342,1.11467,1.11479,1.00,1.50
2017.03.30 08:40:18.393,1.11465,1.11479,1.12,1.50
2017.03.30 08:40:18.444,1.11467,1.11479,1.00,1.00
2017.03.30 08:40:19.033,1.11466,1.11481,2.25,2.25
2017.03.30 08:40:19.637,1.11467,1.11481,1.00,1.25
2017.03.30 08:40:20.382,1.11467,1.11482,1.87,1.69
2017.03.30 08:40:20.935,1.11468,1.11481,1.00,1.25
2017.03.30 08:40:22.036,1.11468,1.11482,1.00,2.25
2017.03.30 08:40:22.696,1.11468,1.11482,1.87,1.50
2017.03.30 08:40:23.465,1.1147,1.11483,1.12,1.25
2017.03.30 08:40:25.143,1.11467,1.11481,7.20,1.00
2017.03.30 08:40:25.245,1.11467,1.11481,2.33,1.12
2017.03.30 08:40:25.790,1.11466,1.11481,1.37,1.31
2017.03.30 08:40:25.864,1.11465,1.11479,1.58,1.50
2017.03.30 08:40:26.016,1.11464,1.11478,1.62,1.12
2017.03.30 08:40:26.067,1.11463,1.11478,1.12,2.25
2017.03.30 08:40:26.118,1.11465,1.11478,1.00,2.25
2017.03.30 08:40:26.694,1.11464,1.11478,1.20,1.19
2017.03.30 08:40:27.321,1.11465,1.11478,1.00,1.50
2017.03.30 08:40:27.794,1.11462,1.11476,4.95,1.00
2017.03.30 08:40:27.845,1.11462,1.11476,1.95,1.00
2017.03.30 08:40:37.052,1.11462,1.11476,1.44,1.25
2017.03.30 08:40:40.178,1.11463,1.11476,1.50,1.00
2017.03.30 08:40:41.224,1.11462,1.11475,1.12,1.00
2017.03.30 08:40:41.275,1.11461,1.11475,1.69,1.25
2017.03.30 08:40:42.394,1.11462,1.11477,1.44,3.00
2017.03.30 08:40:45.230,1.11461,1.11475,1.75,1.50
2017.03.30 08:40:45.332,1.1146,1.11475,5.62,2.25
2017.03.30 08:40:45.889,1.1146,1.11475,2.25,2.44
2017.03.30 08:40:46.595,1.1146,1.11474,1.31,1.62
2017.03.30 08:40:48.696,1.11461,1.11475,1.00,2.44
2017.03.30 08:40:49.001,1.11458,1.11472,2.25,1.25
2017.03.30 08:40:49.608,1.11458,1.11471,1.87,1.00
2017.03.30 08:40:50.110,1.11458,1.11473,1.87,1.87
2017.03.30 08:40:50.405,1.11459,1.11472,1.44,1.00
2017.03.30 08:40:50.937,1.11459,1.11472,1.44,1.00
2017.03.30 08:40:51.705,1.11459,1.11473,1.87,1.87
2017.03.30 08:40:52.364,1.11458,1.11472,2.25,1.00
2017.03.30 08:40:53.608,1.11458,1.11472,1.12,3.19
2017.03.30 08:40:54.372,1.11457,1.11469,1.12,1.00
2017.03.30 08:40:54.676,1.11456,1.11467,3.75,1.00
2017.03.30 08:40:54.778,1.11454,1.11467,2.25,1.00
2017.03.30 08:40:55.367,1.11454,1.11468,1.75,1.12
2017.03.30 08:40:56.617,1.11454,1.11466,1.25,1.00
2017.03.30 08:40:58.507,1.11455,1.11467,1.12,1.25
2017.03.30 08:40:58.811,1.11452,1.11465,1.12,1.50
2017.03.30 08:40:59.322,1.11451,1.11465,2.25,2.06
2017.03.30 08:41:00.103,1.11451,1.11465,1.69,2.06
2017.03.30 08:41:01.626,1.1145,1.11463,2.62,1.00
2017.03.30 08:41:03.309,1.11451,1.11464,1.31,1.25
2017.03.30 08:41:04.211,1.11452,1.11465,1.50,2.06
2017.03.30 08:41:04.893,1.11454,1.11465,1.00,2.06
2017.03.30 08:41:05.851,1.11455,1.11465,1.00,1.31
2017.03.30 08:41:07.398,1.11454,1.11464,1.00,1.00
2017.03.30 08:41:07.934,1.11454,1.11464,1.00,1.50
2017.03.30 08:41:08.453,1.11452,1.11464,1.19,1.50
2017.03.30 08:41:08.992,1.11454,1.11465,1.00,2.44
2017.03.30 08:41:09.831,1.11453,1.11464,1.00,1.69
2017.03.30 08:41:10.402,1.11454,1.11464,1.00,2.44
2017.03.30 08:41:11.103,1.11452,1.11463,1.25,1.12
2017.03.30 08:41:11.728,1.11455,1.11463,1.00,1.12
2017.03.30 08:41:12.182,1.11453,1.11463,1.00,1.87
2017.03.30 08:41:13.253,1.11453,1.11462,1.00,1.50
2017.03.30 08:41:15.063,1.11454,1.11462,1.00,1.00
2017.03.30 08:41:15.418,1.11453,1.11465,1.00,1.50
2017.03.30 08:41:15.747,1.11453,1.11463,1.00,1.00
2017.03.30 08:41:16.030,1.11453,1.11465,1.00,1.50
2017.03.30 08:41:16.582,1.11454,1.11464,1.00,2.44
2017.03.30 08:41:17.258,1.11455,1.11464,1.00,1.00
2017.03.30 08:41:17.793,1.11453,1.11463,1.00,1.00
2017.03.30 08:41:17.895,1.11453,1.11463,1.00,1.50
2017.03.30 08:41:18.065,1.11451,1.11462,1.00,1.75
2017.03.30 08:41:18.387,1.11449,1.1146,1.00,1.12
2017.03.30 08:41:18.590,1.11447,1.1146,1.00,1.12
2017.03.30 08:41:18.843,1.11449,1.11461,1.00,3.37
2017.03.30 08:41:19.205,1.11452,1.11461,1.00,1.50
2017.03.30 08:41:19.544,1.11452,1.11462,1.00,1.00
2017.03.30 08:41:20.091,1.11452,1.11461,1.00,1.00
2017.03.30 08:41:21.383,1.11453,1.11461,1.00,1.00
2017.03.30 08:41:21.636,1.11456,1.11461,1.00,1.00
2017.03.30 08:41:21.814,1.11457,1.11463,1.00,1.00
2017.03.30 08:41:21.916,1.11458,1.11468,1.00,1.00
2017.03.30 08:41:22.479,1.11458,1.11467,1.00,1.00
2017.03.30 08:41:22.998,1.11457,1.11467,1.00,2.44
2017.03.30 08:41:25.361,1.11455,1.11467,1.00,2.44
2017.03.30 08:41:28.312,1.11455,1.11467,4.57,1.00
2017.03.30 08:41:28.464,1.11456,1.11469,1.07,1.00
2017.03.30 08:41:30.841,1.11457,1.11469,1.00,1.75
2017.03.30 08:41:32.432,1.11455,1.11466,1.00,1.00
2017.03.30 08:41:32.959,1.11455,1.11467,1.00,2.06
2017.03.30 08:41:33.513,1.11454,1.11466,1.00,1.00
2017.03.30 08:41:33.665,1.11454,1.11464,1.00,1.00
2017.03.30 08:41:33.817,1.11452,1.11464,1.00,1.69
2017.03.30 08:41:34.020,1.11451,1.11462,1.37,1.25
2017.03.30 08:41:34.172,1.11449,1.11462,1.00,1.31
2017.03.30 08:41:34.223,1.11451,1.11462,1.00,1.31
2017.03.30 08:41:34.527,1.11454,1.11465,1.00,2.44
2017.03.30 08:41:34.729,1.11454,1.11466,1.00,2.81
2017.03.30 08:41:35.627,1.11454,1.11465,1.00,1.19
2017.03.30 08:41:36.217,1.11454,1.11465,1.00,1.00
2017.03.30 08:41:36.369,1.11456,1.11466,1.00,1.12
2017.03.30 08:41:36.960,1.11455,1.11466,1.00,1.12
2017.03.30 08:41:37.550,1.11453,1.11465,1.00,1.00
2017.03.30 08:41:37.603,1.11455,1.11465,1.00,1.00
2017.03.30 08:41:37.689,1.11453,1.11465,1.00,1.50
2017.03.30 08:41:38.044,1.11452,1.11463,1.12,1.00
2017.03.30 08:41:39.128,1.1145,1.11463,1.00,1.25
2017.03.30 08:41:40.177,1.11451,1.11464,1.00,2.06
2017.03.30 08:41:40.695,1.11451,1.11463,1.00,1.25
2017.03.30 08:41:41.685,1.11451,1.11462,1.00,1.00
2017.03.30 08:41:42.191,1.11451,1.11463,1.00,1.25
2017.03.30 08:41:45.026,1.11451,1.11464,1.00,2.06
2017.03.30 08:41:45.977,1.11453,1.11464,1.00,2.06
2017.03.30 08:41:46.526,1.11452,1.11465,1.00,2.25
2017.03.30 08:41:46.829,1.11452,1.11463,1.00,1.69
2017.03.30 08:41:47.361,1.11452,1.11464,1.19,1.75
2017.03.30 08:41:49.041,1.11451,1.11462,1.00,1.44
2017.03.30 08:41:49.551,1.1145,1.11462,1.00,1.44
2017.03.30 08:41:50.303,1.11452,1.11462,1.00,1.44
2017.03.30 08:41:50.556,1.11453,1.11465,1.00,1.44
2017.03.30 08:41:50.608,1.11451,1.11465,1.00,1.44
2017.03.30 08:41:50.962,1.11454,1.11465,1.00,1.44
2017.03.30 08:41:51.164,1.11455,1.11468,1.00,1.16
2017.03.30 08:41:51.468,1.11457,1.1147,1.00,2.85
2017.03.30 08:41:51.898,1.11454,1.11469,1.19,1.12
2017.03.30 08:41:52.455,1.11454,1.11468,1.50,1.25
2017.03.30 08:41:52.795,1.11454,1.11466,1.50,1.50
2017.03.30 08:41:53.140,1.11454,1.11466,1.50,2.25
2017.03.30 08:41:53.424,1.1145,1.11464,1.12,1.05
2017.03.30 08:41:53.475,1.11451,1.11464,1.50,1.12
2017.03.30 08:41:53.948,1.11452,1.11462,1.00,3.41
2017.03.30 08:41:53.999,1.1145,1.11462,1.12,3.41
2017.03.30 08:41:54.050,1.1145,1.11463,1.12,1.00
2017.03.30 08:41:54.644,1.11452,1.11464,1.00,1.54
2017.03.30 08:41:55.503,1.11452,1.11463,1.00,1.00
2017.03.30 08:41:55.820,1.11449,1.11456,1.00,1.00
2017.03.30 08:41:55.877,1.11449,1.1146,1.00,1.12
2017.03.30 08:41:56.080,1.11447,1.1146,1.00,1.16
2017.03.30 08:41:56.670,1.11448,1.11459,1.00,1.00
2017.03.30 08:41:57.288,1.11446,1.11459,1.25,1.69
2017.03.30 08:41:57.389,1.11444,1.11455,1.00,1.00
2017.03.30 08:41:57.938,1.11443,1.11455,1.00,1.87
2017.03.30 08:41:58.267,1.11442,1.11454,1.25,1.31
2017.03.30 08:41:59.318,1.11444,1.11453,1.00,1.00
2017.03.30 08:41:59.883,1.11445,1.11456,1.00,2.48
2017.03.30 08:42:00.411,1.11444,1.11456,1.00,1.73
2017.03.30 08:42:01.836,1.11443,1.11456,1.50,1.31
2017.03.30 08:42:02.546,1.11444,1.11456,1.00,2.06
2017.03.30 08:42:06.775,1.11444,1.11454,1.00,1.19
2017.03.30 08:42:07.398,1.11443,1.11454,1.00,1.56
2017.03.30 08:42:08.081,1.11443,1.11454,1.00,1.19
2017.03.30 08:42:08.677,1.11444,1.11454,1.00,1.19
2017.03.30 08:42:09.082,1.11446,1.11455,1.00,1.19
2017.03.30 08:42:09.622,1.11446,1.11456,1.00,1.31
2017.03.30 08:42:10.177,1.11445,1.11456,1.25,1.31
2017.03.30 08:42:11.875,1.11442,1.11456,3.37,1.31
2017.03.30 08:42:12.396,1.11443,1.11456,1.25,1.31
2017.03.30 08:42:12.913,1.11444,1.11456,1.00,1.31
2017.03.30 08:42:13.265,1.11444,1.11454,1.00,1.19
2017.03.30 08:42:15.061,1.11441,1.11452,1.19,1.25
2017.03.30 08:42:15.591,1.11439,1.11451,1.75,1.00
2017.03.30 08:42:15.844,1.11439,1.11451,1.75,1.69
2017.03.30 08:42:16.026,1.11437,1.11451,2.25,2.06
2017.03.30 08:42:17.180,1.11438,1.11451,1.25,2.06
2017.03.30 08:42:17.827,1.11437,1.1145,1.00,3.04
2017.03.30 08:42:17.984,1.11438,1.11448,1.00,1.31
2017.03.30 08:42:18.036,1.11435,1.1145,1.00,1.69
2017.03.30 08:42:19.197,1.11437,1.11451,1.50,1.56
2017.03.30 08:42:19.501,1.11437,1.11448,1.00,1.19
2017.03.30 08:42:19.972,1.11438,1.1145,1.00,1.31
2017.03.30 08:42:21.479,1.11439,1.11452,1.00,1.69
2017.03.30 08:42:21.581,1.11441,1.11452,1.00,1.25
2017.03.30 08:42:22.445,1.11443,1.11454,1.00,1.19
2017.03.30 08:42:23.031,1.11442,1.11454,1.00,1.19
2017.03.30 08:42:24.193,1.11443,1.11454,1.00,1.19
2017.03.30 08:42:27.903,1.11442,1.11454,1.50,1.19
2017.03.30 08:42:28.647,1.1144,1.11454,1.87,1.19
2017.03.30 08:42:29.164,1.1144,1.11453,1.00,1.31
2017.03.30 08:42:29.752,1.11439,1.11452,1.87,1.19
2017.03.30 08:42:30.293,1.1144,1.11452,1.00,1.19
2017.03.30 08:42:31.053,1.11439,1.11453,1.87,1.69
2017.03.30 08:42:35.296,1.11438,1.11452,2.25,1.87
2017.03.30 08:42:35.600,1.11437,1.11451,1.50,2.81
2017.03.30 08:42:35.903,1.11435,1.11449,1.37,2.81
2017.03.30 08:42:36.531,1.11435,1.11448,1.37,1.00
2017.03.30 08:42:39.525,1.11434,1.11449,1.50,2.81
2017.03.30 08:42:40.615,1.11434,1.11448,1.50,2.06
2017.03.30 08:42:44.855,1.11437,1.11448,1.00,2.06
2017.03.30 08:42:45.046,1.11437,1.11449,1.00,1.31
2017.03.30 08:42:45.097,1.1144,1.1145,1.00,1.00
2017.03.30 08:42:45.603,1.11441,1.11452,1.00,1.44
2017.03.30 08:42:45.772,1.11439,1.11452,1.00,1.50
2017.03.30 08:42:45.873,1.11441,1.11452,1.00,1.50
2017.03.30 08:42:46.325,1.11439,1.11452,1.00,1.19
2017.03.30 08:42:47.578,1.1144,1.11452,1.00,1.31
2017.03.30 08:42:47.785,1.11438,1.11452,2.06,1.69
2017.03.30 08:42:48.311,1.11437,1.11451,2.06,1.31
2017.03.30 08:42:48.667,1.1144,1.1145,1.00,1.00
2017.03.30 08:42:48.971,1.11444,1.11452,1.00,1.19
2017.03.30 08:42:49.196,1.11444,1.11454,1.00,2.25
2017.03.30 08:42:49.713,1.11443,1.11454,1.00,1.31
2017.03.30 08:42:50.536,1.11444,1.11454,1.00,1.31
2017.03.30 08:42:51.060,1.11444,1.11456,1.00,3.00
2017.03.30 08:42:54.741,1.11448,1.11456,1.00,1.19
2017.03.30 08:42:54.884,1.11448,1.11457,1.00,1.19
2017.03.30 08:42:56.298,1.11447,1.11458,1.25,1.19
2017.03.30 08:42:57.024,1.11446,1.1146,1.50,2.25
2017.03.30 08:42:57.126,1.11446,1.11457,1.25,1.19
2017.03.30 08:42:57.633,1.11446,1.11458,1.00,1.87
2017.03.30 08:42:58.726,1.11446,1.11457,1.00,1.00
2017.03.30 08:42:59.029,1.11448,1.1146,1.00,5.06
2017.03.30 08:42:59.080,1.11449,1.1146,1.00,1.50
2017.03.30 08:43:00.578,1.11452,1.11462,1.00,1.69
2017.03.30 08:43:00.883,1.1145,1.11462,1.50,1.50
2017.03.30 08:43:00.985,1.1145,1.11461,1.50,1.19
2017.03.30 08:43:01.470,1.11447,1.1146,1.37,1.69
2017.03.30 08:43:01.521,1.11447,1.11457,1.37,1.19
2017.03.30 08:43:01.572,1.11446,1.11457,1.12,1.19
2017.03.30 08:43:02.088,1.11447,1.11457,1.00,1.19
2017.03.30 08:43:03.164,1.11446,1.11457,1.00,1.19
2017.03.30 08:43:03.947,1.11446,1.11458,1.00,1.25
2017.03.30 08:43:04.468,1.11446,1.11457,1.00,1.00
2017.03.30 08:43:04.620,1.11444,1.11456,1.12,1.00
2017.03.30 08:43:07.248,1.11444,1.11457,1.50,1.25
2017.03.30 08:43:07.299,1.11446,1.11456,1.00,1.00
2017.03.30 08:43:07.501,1.11443,1.11455,2.25,1.00
2017.03.30 08:43:08.187,1.11443,1.11455,1.00,1.25
2017.03.30 08:43:08.812,1.11441,1.11454,1.00,1.87
2017.03.30 08:43:09.318,1.11439,1.11452,1.87,1.00
2017.03.30 08:43:09.835,1.11439,1.11453,2.62,1.25
2017.03.30 08:43:10.282,1.1144,1.11451,1.00,1.00
2017.03.30 08:43:10.803,1.11439,1.1145,1.50,1.00
2017.03.30 08:43:11.219,1.11439,1.11452,1.50,2.06
2017.03.30 08:43:11.674,1.11441,1.11451,1.00,1.00
2017.03.30 08:43:12.526,1.11441,1.11453,1.00,1.25
2017.03.30 08:43:12.785,1.11441,1.11455,1.87,1.50
2017.03.30 08:43:13.133,1.11441,1.11455,1.00,2.44
2017.03.30 08:43:13.285,1.1144,1.11453,1.87,1.19
2017.03.30 08:43:13.588,1.1144,1.1145,1.12,1.00
2017.03.30 08:43:14.125,1.11439,1.11451,1.50,1.00
2017.03.30 08:43:15.092,1.11438,1.11449,1.87,1.00
2017.03.30 08:43:15.396,1.11437,1.11447,1.50,1.00
2017.03.30 08:43:15.934,1.11436,1.11448,1.87,1.00
2017.03.30 08:43:16.444,1.11438,1.11452,1.12,2.25
2017.03.30 08:43:16.495,1.1144,1.11452,1.00,1.31
2017.03.30 08:43:17.177,1.11438,1.11452,1.50,1.31
2017.03.30 08:43:17.633,1.11438,1.1145,1.12,1.00
2017.03.30 08:43:18.414,1.11438,1.11452,1.12,1.31
2017.03.30 08:43:19.251,1.1144,1.11452,1.00,1.31
2017.03.30 08:43:19.764,1.1144,1.11453,2.25,1.00
2017.03.30 08:43:20.300,1.11441,1.11453,1.00,1.00
2017.03.30 08:43:22.729,1.11441,1.11455,1.00,2.44
2017.03.30 08:43:23.265,1.11441,1.11453,1.00,1.00
2017.03.30 08:43:24.097,1.11441,1.11454,1.00,1.25
2017.03.30 08:43:24.914,1.11442,1.11455,1.00,3.56
2017.03.30 08:43:25.267,1.11441,1.11451,1.00,1.00
2017.03.30 08:43:25.318,1.11441,1.11454,1.00,1.25
2017.03.30 08:43:27.371,1.1144,1.11453,2.25,1.00
2017.03.30 08:43:27.939,1.1144,1.11452,1.00,1.00
2017.03.30 08:43:28.076,1.1144,1.11454,1.00,2.44
2017.03.30 08:43:28.127,1.1144,1.11452,1.00,1.00
2017.03.30 08:43:28.616,1.1144,1.11454,1.00,2.44
2017.03.30 08:43:28.816,1.11442,1.11454,1.25,1.00
2017.03.30 08:43:29.019,1.1144,1.11454,1.25,2.25
2017.03.30 08:43:29.273,1.11439,1.11452,1.12,1.50
2017.03.30 08:43:29.627,1.11441,1.11452,1.00,1.19
2017.03.30 08:43:30.574,1.11441,1.11452,1.00,1.12
2017.03.30 08:43:34.146,1.11439,1.11452,1.00,1.50
2017.03.30 08:43:34.648,1.11439,1.11451,1.00,1.00
2017.03.30 08:43:34.699,1.11442,1.11451,1.25,1.00
2017.03.30 08:43:34.851,1.11442,1.11455,1.50,2.62
2017.03.30 08:43:35.389,1.11444,1.11456,1.00,1.69
2017.03.30 08:43:35.913,1.11443,1.11456,1.87,1.50
2017.03.30 08:43:36.699,1.11445,1.11456,1.00,1.69
2017.03.30 08:43:37.281,1.11444,1.11456,1.00,1.44
2017.03.30 08:43:40.291,1.11446,1.11457,1.00,1.00
2017.03.30 08:43:40.651,1.1145,1.11459,1.00,1.12
2017.03.30 08:43:40.702,1.11449,1.11462,1.00,1.50
2017.03.30 08:43:41.485,1.11449,1.11462,1.00,1.31
2017.03.30 08:43:42.007,1.11448,1.11462,1.25,1.00
2017.03.30 08:43:42.785,1.11448,1.1146,1.25,1.25
2017.03.30 08:43:43.299,1.11447,1.1146,1.25,1.69
2017.03.30 08:43:43.741,1.11449,1.11461,1.25,2.44
2017.03.30 08:43:44.046,1.1145,1.11463,3.75,2.44
2017.03.30 08:43:44.857,1.1145,1.11461,3.75,1.00
2017.03.30 08:43:44.908,1.11448,1.11463,1.44,3.19
2017.03.30 08:43:44.992,1.1145,1.11463,1.50,3.94
2017.03.30 08:43:45.402,1.1145,1.1146,1.19,1.00
2017.03.30 08:43:45.783,1.1145,1.11462,1.19,1.12
2017.03.30 08:43:46.304,1.11448,1.11461,4.87,1.25
2017.03.30 08:43:47.118,1.11448,1.11461,1.44,1.25
2017.03.30 08:43:47.808,1.11447,1.11461,3.00,1.25
2017.03.30 08:43:48.303,1.11449,1.11462,1.75,1.12
2017.03.30 08:43:50.109,1.11447,1.11461,2.25,1.69
2017.03.30 08:43:50.311,1.11446,1.11461,1.50,1.50
2017.03.30 08:43:50.413,1.11445,1.11458,1.50,1.50
2017.03.30 08:43:50.604,1.11444,1.11457,1.00,1.00
2017.03.30 08:43:52.166,1.11444,1.11456,1.12,1.69
2017.03.30 08:43:52.836,1.11444,1.11456,1.50,1.69
2017.03.30 08:43:54.750,1.11444,1.11457,1.37,1.00
2017.03.30 08:43:56.841,1.11443,1.11455,5.62,1.00
2017.03.30 08:43:57.661,1.11443,1.11456,1.37,1.25
2017.03.30 08:43:57.712,1.11441,1.11455,3.00,1.19
2017.03.30 08:43:58.346,1.1144,1.11454,1.12,1.87
2017.03.30 08:43:58.649,1.11439,1.11452,1.87,1.00
2017.03.30 08:43:59.185,1.11439,1.11452,1.50,1.87
2017.03.30 08:43:59.438,1.1144,1.11455,1.87,2.62
2017.03.30 08:44:00.270,1.11441,1.11455,2.62,1.25
2017.03.30 08:44:00.788,1.11442,1.11455,1.00,1.25
2017.03.30 08:44:03.778,1.11441,1.11455,1.00,1.00
2017.03.30 08:44:04.478,1.11442,1.11455,1.00,1.00
2017.03.30 08:44:05.073,1.11441,1.11455,1.50,1.00
2017.03.30 08:44:06.249,1.11443,1.11455,1.00,1.00
2017.03.30 08:44:06.301,1.11441,1.11455,1.50,1.00
2017.03.30 08:44:06.650,1.11441,1.11455,1.87,1.12
2017.03.30 08:44:08.013,1.11442,1.11456,1.50,1.87
2017.03.30 08:44:09.145,1.11441,1.11455,1.75,1.00
2017.03.30 08:44:09.699,1.1144,1.11455,2.25,1.19
2017.03.30 08:44:09.851,1.11441,1.11455,1.50,1.31
2017.03.30 08:44:09.954,1.11442,1.11457,1.37,2.85
2017.03.30 08:44:10.243,1.11442,1.11458,3.75,5.10
2017.03.30 08:44:14.379,1.11444,1.11458,1.12,1.50
2017.03.30 08:44:14.582,1.11446,1.11461,2.25,2.29
2017.03.30 08:44:14.735,1.11446,1.11459,2.25,1.00
2017.03.30 08:44:16.763,1.11446,1.11455,1.12,1.69
2017.03.30 08:44:16.965,1.11441,1.11454,1.75,1.00
2017.03.30 08:44:17.016,1.11441,1.11452,1.75,1.00
2017.03.30 08:44:17.168,1.11439,1.11453,1.50,1.12
2017.03.30 08:44:17.269,1.11441,1.11456,1.56,3.56
2017.03.30 08:44:17.497,1.11438,1.11453,1.81,1.50
2017.03.30 08:44:17.599,1.11438,1.11451,2.25,1.00
2017.03.30 08:44:18.194,1.11437,1.1145,1.12,1.50
2017.03.30 08:44:18.741,1.11438,1.1145,3.75,1.00
2017.03.30 08:44:18.843,1.11438,1.11452,3.75,1.50
2017.03.30 08:44:19.362,1.11442,1.11452,4.69,1.00
2017.03.30 08:44:19.413,1.11443,1.11454,2.00,1.00
2017.03.30 08:44:19.666,1.11441,1.11454,1.81,1.00
2017.03.30 08:44:20.180,1.11441,1.11452,1.44,1.00
2017.03.30 08:44:20.231,1.1144,1.11454,1.12,1.50
2017.03.30 08:44:20.754,1.1144,1.11453,1.44,1.50
2017.03.30 08:44:21.556,1.1144,1.11453,2.06,1.00
2017.03.30 08:44:21.708,1.11441,1.11455,1.44,1.87
2017.03.30 08:44:22.279,1.1144,1.11454,2.06,1.00
2017.03.30 08:44:23.489,1.11447,1.11459,1.75,1.12
2017.03.30 08:44:23.692,1.11449,1.11463,2.44,1.37
2017.03.30 08:44:23.845,1.1145,1.11464,2.44,1.50
2017.03.30 08:44:24.201,1.11451,1.11465,2.06,1.50
2017.03.30 08:44:24.743,1.11451,1.11465,1.31,2.25
2017.03.30 08:44:25.000,1.11451,1.11463,1.31,1.00
2017.03.30 08:44:25.747,1.11449,1.11462,1.50,1.00
2017.03.30 08:44:26.075,1.11446,1.1146,5.44,1.00
2017.03.30 08:44:26.614,1.11447,1.1146,2.06,1.00
2017.03.30 08:44:27.212,1.11447,1.11462,1.31,2.62
2017.03.30 08:44:27.730,1.11447,1.11462,1.00,2.62
2017.03.30 08:44:28.259,1.11448,1.11462,3.94,1.87
2017.03.30 08:44:29.246,1.11448,1.11461,3.94,1.00
2017.03.30 08:44:29.781,1.11448,1.11462,3.94,1.12
2017.03.30 08:44:30.821,1.11449,1.11464,1.12,3.00
2017.03.30 08:44:30.974,1.11449,1.11462,1.12,1.00
2017.03.30 08:44:32.087,1.11448,1.11461,3.75,1.00
2017.03.30 08:44:32.584,1.11448,1.11459,3.75,1.00
2017.03.30 08:44:32.687,1.11447,1.11459,2.00,1.00
2017.03.30 08:44:33.206,1.11447,1.11459,1.69,1.00
2017.03.30 08:44:33.732,1.11447,1.11458,1.69,1.00
2017.03.30 08:44:35.035,1.11446,1.11455,5.06,1.00
2017.03.30 08:44:35.099,1.11446,1.11456,1.50,1.00
2017.03.30 08:44:35.201,1.11446,1.11454,1.12,1.00
2017.03.30 08:44:35.505,1.11443,1.11452,2.06,1.00
2017.03.30 08:44:36.066,1.11443,1.11453,1.39,1.00
2017.03.30 08:44:36.642,1.11443,1.11452,1.39,1.00
2017.03.30 08:44:36.696,1.11443,1.11454,1.33,1.00
2017.03.30 08:44:36.849,1.11442,1.11454,1.39,1.00
2017.03.30 08:44:37.474,1.11441,1.11456,2.51,1.87
2017.03.30 08:44:38.138,1.11442,1.11456,2.51,1.87
2017.03.30 08:44:38.613,1.1144,1.11454,6.26,1.00
2017.03.30 08:44:39.121,1.1144,1.11453,4.01,1.00
2017.03.30 08:44:39.450,1.1144,1.11455,1.10,2.33
2017.03.30 08:44:40.651,1.11439,1.11456,4.01,4.95
2017.03.30 08:44:41.262,1.11439,1.11455,1.58,2.25
2017.03.30 08:44:41.313,1.11438,1.11453,6.26,1.00
2017.03.30 08:44:41.617,1.11436,1.11451,1.25,3.37
2017.03.30 08:44:43.163,1.11436,1.1145,1.25,1.44
2017.03.30 08:44:43.751,1.11436,1.11451,1.25,2.06
2017.03.30 08:44:44.502,1.11436,1.11449,1.25,1.00
2017.03.30 08:44:44.957,1.11433,1.11447,3.26,1.00
2017.03.30 08:44:45.059,1.11433,1.11449,3.26,1.25
2017.03.30 08:44:45.667,1.11433,1.11448,1.76,1.00
2017.03.30 08:44:45.768,1.11432,1.11448,2.70,1.87
2017.03.30 08:44:46.036,1.11431,1.11445,3.45,1.50
2017.03.30 08:44:47.197,1.11432,1.11447,1.31,2.81
2017.03.30 08:44:47.745,1.11432,1.11445,1.39,1.00
2017.03.30 08:44:48.268,1.11432,1.11446,2.06,1.50
2017.03.30 08:44:48.792,1.11432,1.11448,6.26,1.87
2017.03.30 08:44:49.128,1.11437,1.11448,1.00,1.37
2017.03.30 08:44:49.230,1.11435,1.11448,1.00,1.37
2017.03.30 08:44:55.605,1.11437,1.11448,1.00,1.37
2017.03.30 08:44:56.606,1.11436,1.1145,1.69,2.25
2017.03.30 08:44:56.861,1.11442,1.11456,1.12,1.12
2017.03.30 08:44:56.964,1.11443,1.11457,1.37,1.91
2017.03.30 08:44:57.288,1.11445,1.11455,1.00,1.00
2017.03.30 08:44:57.339,1.11446,1.11458,1.00,1.12
2017.03.30 08:44:57.390,1.11448,1.11458,1.00,1.12
2017.03.30 08:44:57.744,1.11451,1.11457,1.00,1.00
2017.03.30 08:44:57.997,1.11453,1.11464,1.00,1.37
2017.03.30 08:44:58.538,1.11454,1.11466,1.00,2.66
2017.03.30 08:44:58.590,1.11455,1.11466,1.00,1.50
2017.03.30 08:44:58.938,1.11453,1.11466,1.00,1.00
2017.03.30 08:44:59.193,1.11454,1.11466,3.08,1.00
2017.03.30 08:44:59.739,1.11454,1.11466,1.00,1.00
2017.03.30 08:45:00.782,1.11451,1.11465,2.51,1.00
2017.03.30 08:45:00.833,1.11451,1.11464,3.11,1.00
2017.03.30 08:45:00.935,1.11451,1.11464,1.69,1.00
2017.03.30 08:45:01.484,1.11452,1.11465,1.00,1.00
2017.03.30 08:45:01.990,1.11452,1.11466,1.15,1.00
2017.03.30 08:45:02.099,1.11454,1.11466,1.00,1.00
2017.03.30 08:45:02.644,1.11455,1.11466,1.00,1.16
2017.03.30 08:45:04.223,1.11457,1.11466,1.00,1.00
2017.03.30 08:45:04.274,1.11457,1.1147,1.00,4.91
2017.03.30 08:45:04.591,1.11454,1.11468,2.17,1.12
2017.03.30 08:45:04.693,1.11452,1.11464,2.55,1.00
2017.03.30 08:45:04.896,1.1145,1.11463,1.42,1.00
2017.03.30 08:45:05.489,1.11452,1.11464,1.00,1.00
2017.03.30 08:45:05.997,1.11452,1.11465,1.00,1.87
2017.03.30 08:45:06.577,1.11451,1.11464,1.12,1.50
2017.03.30 08:45:07.132,1.1145,1.11463,1.00,1.50
2017.03.30 08:45:07.284,1.11452,1.11464,1.00,2.66
2017.03.30 08:45:07.700,1.11452,1.11465,1.69,1.91
2017.03.30 08:45:07.903,1.11455,1.11466,1.00,2.25
2017.03.30 08:45:09.434,1.11454,1.11466,1.24,1.00
2017.03.30 08:45:09.757,1.11451,1.11464,4.61,1.50
2017.03.30 08:45:10.569,1.11453,1.11464,1.00,1.00
2017.03.30 08:45:11.354,1.11452,1.11463,1.00,1.00
2017.03.30 08:45:11.903,1.11451,1.11464,1.15,1.50
2017.03.30 08:45:12.691,1.11449,1.11463,2.36,1.00
2017.03.30 08:45:13.428,1.11449,1.11463,2.36,1.00
2017.03.30 08:45:14.473,1.1145,1.11464,1.24,1.16
2017.03.30 08:45:15.080,1.11451,1.11465,1.05,1.50
2017.03.30 08:45:15.559,1.11451,1.11465,1.25,2.06
2017.03.30 08:45:16.133,1.11452,1.11465,1.00,2.62
2017.03.30 08:45:18.121,1.11452,1.11463,1.00,1.00
2017.03.30 08:45:18.648,1.11451,1.11463,1.00,2.06
2017.03.30 08:45:18.851,1.11449,1.11461,1.80,1.00
2017.03.30 08:45:19.156,1.11453,1.11463,1.00,1.12
2017.03.30 08:45:20.724,1.11454,1.11465,1.00,1.12
2017.03.30 08:45:21.515,1.11453,1.11465,1.00,1.12
2017.03.30 08:45:21.566,1.11454,1.11467,1.00,2.44
2017.03.30 08:45:21.617,1.11451,1.11465,2.36,1.50
2017.03.30 08:45:21.934,1.11454,1.11466,1.00,1.62
2017.03.30 08:45:22.450,1.11454,1.11467,1.12,1.69
2017.03.30 08:45:22.817,1.11457,1.11468,1.00,1.87
2017.03.30 08:45:22.868,1.11457,1.11468,1.00,1.12
2017.03.30 08:45:23.394,1.11456,1.11469,1.00,2.25
2017.03.30 08:45:24.076,1.11457,1.11469,1.00,1.50
2017.03.30 08:45:25.980,1.11458,1.11471,1.00,2.00
2017.03.30 08:45:26.713,1.11457,1.11471,1.24,2.00
2017.03.30 08:45:28.529,1.11457,1.11472,2.81,2.00
2017.03.30 08:45:28.631,1.11457,1.11473,2.81,3.19
2017.03.30 08:45:29.148,1.11459,1.11473,1.00,3.19
2017.03.30 08:45:30.722,1.11457,1.11472,2.44,1.31
2017.03.30 08:45:31.271,1.11457,1.11472,1.69,1.31
2017.03.30 08:45:31.872,1.11456,1.11471,1.99,1.00
2017.03.30 08:45:31.974,1.11456,1.11469,1.99,1.00
2017.03.30 08:45:32.592,1.11456,1.1147,1.99,1.00
2017.03.30 08:45:33.690,1.11456,1.11468,2.44,1.50
2017.03.30 08:45:34.192,1.11457,1.11467,1.19,1.25
2017.03.30 08:45:35.245,1.11456,1.11468,1.00,1.87
2017.03.30 08:45:35.952,1.11455,1.11468,1.69,1.87
2017.03.30 08:45:37.985,1.11455,1.11469,1.69,4.50
2017.03.30 08:45:38.949,1.11457,1.11469,1.00,2.25
2017.03.30 08:45:39.254,1.11459,1.11471,1.00,1.94
2017.03.30 08:45:41.048,1.11458,1.11471,1.00,1.94
2017.03.30 08:45:41.352,1.11461,1.11469,1.69,1.44
2017.03.30 08:45:41.512,1.11462,1.1147,1.00,1.00
2017.03.30 08:45:41.563,1.11463,1.11474,1.00,1.12
2017.03.30 08:45:42.725,1.11463,1.11474,1.00,1.56
2017.03.30 08:45:43.235,1.11463,1.11474,1.00,1.87
2017.03.30 08:45:43.753,1.11463,1.11476,1.00,4.12
2017.03.30 08:45:44.401,1.11463,1.11474,1.00,1.12
2017.03.30 08:45:44.794,1.11461,1.11474,1.25,1.56
2017.03.30 08:45:45.704,1.11461,1.11473,1.25,1.12
2017.03.30 08:45:46.230,1.11461,1.11473,1.25,1.31
2017.03.30 08:45:48.210,1.11461,1.11471,1.25,1.00
2017.03.30 08:45:48.759,1.11461,1.11472,1.25,1.25
2017.03.30 08:45:50.112,1.11461,1.11472,1.25,1.50
2017.03.30 08:45:51.916,1.11459,1.11471,1.69,1.25
2017.03.30 08:45:52.018,1.11455,1.11467,2.00,1.00
2017.03.30 08:45:52.069,1.11453,1.11467,2.44,1.00
2017.03.30 08:45:52.120,1.11455,1.11467,1.50,2.25
2017.03.30 08:45:52.171,1.11453,1.11466,1.37,1.12
2017.03.30 08:45:52.735,1.11453,1.11466,1.00,1.12
2017.03.30 08:45:52.980,1.11455,1.11466,1.00,1.75
2017.03.30 08:45:53.486,1.11455,1.11467,1.00,1.50
2017.03.30 08:45:54.048,1.11454,1.11467,1.00,1.50
2017.03.30 08:45:56.072,1.11452,1.11469,2.44,7.12
2017.03.30 08:45:57.717,1.11452,1.11466,1.00,5.25
2017.03.30 08:45:57.818,1.11451,1.11466,2.62,1.56
2017.03.30 08:45:58.652,1.11452,1.11465,2.06,1.44
2017.03.30 08:45:59.056,1.11454,1.11467,1.37,1.75
2017.03.30 08:45:59.277,1.11454,1.11468,1.44,1.50
2017.03.30 08:46:00.155,1.11455,1.11469,2.06,2.25
2017.03.30 08:46:00.358,1.11457,1.1147,1.25,1.37
2017.03.30 08:46:00.745,1.11458,1.11472,1.31,1.75
2017.03.30 08:46:01.262,1.11457,1.1147,1.31,1.37
2017.03.30 08:46:02.458,1.11457,1.11472,1.50,3.00
2017.03.30 08:46:02.996,1.1146,1.11472,1.25,3.00
2017.03.30 08:46:04.332,1.11457,1.11472,1.50,3.00
2017.03.30 08:46:06.360,1.11458,1.11472,1.12,3.00
2017.03.30 08:46:07.048,1.11457,1.11472,1.91,3.00
2017.03.30 08:46:07.532,1.11457,1.11471,1.35,1.50
2017.03.30 08:46:08.466,1.11457,1.11473,2.10,2.62
2017.03.30 08:46:08.802,1.1146,1.11472,1.00,1.00
2017.03.30 08:46:09.685,1.1146,1.11473,1.00,1.12
2017.03.30 08:46:10.860,1.11462,1.11473,1.00,1.12
2017.03.30 08:46:11.412,1.11463,1.11473,1.00,1.12
2017.03.30 08:46:21.469,1.11465,1.11475,1.00,1.75
2017.03.30 08:46:21.621,1.11466,1.11476,1.12,1.00
2017.03.30 08:46:24.031,1.11467,1.11476,1.00,1.00
2017.03.30 08:46:24.082,1.11464,1.11476,1.05,1.00
2017.03.30 08:46:24.623,1.11464,1.11476,1.00,1.50
2017.03.30 08:46:25.219,1.11463,1.11476,1.05,1.50
2017.03.30 08:46:27.578,1.11464,1.11476,1.00,4.12
2017.03.30 08:46:29.020,1.11466,1.11474,1.00,1.00
2017.03.30 08:46:29.071,1.11464,1.11474,1.25,1.00
2017.03.30 08:46:29.122,1.11466,1.11475,1.00,1.00
2017.03.30 08:46:29.325,1.11464,1.11476,1.25,1.69
2017.03.30 08:46:29.986,1.11465,1.11476,1.25,1.00
2017.03.30 08:46:30.531,1.11467,1.11476,1.00,1.00
2017.03.30 08:46:30.936,1.11465,1.11479,1.12,2.06
2017.03.30 08:46:30.988,1.11465,1.11478,1.00,1.37
2017.03.30 08:46:31.291,1.11467,1.11477,1.00,1.00
2017.03.30 08:46:34.141,1.11469,1.11477,1.00,1.00
2017.03.30 08:46:34.243,1.11468,1.11479,1.00,1.00
2017.03.30 08:46:34.659,1.11472,1.1148,1.00,1.00
2017.03.30 08:46:35.165,1.11472,1.11484,1.25,1.12
2017.03.30 08:46:35.372,1.11473,1.11485,1.00,3.75
2017.03.30 08:46:36.769,1.11472,1.11484,1.25,1.31
2017.03.30 08:46:36.921,1.11475,1.11484,1.00,1.31
2017.03.30 08:46:37.024,1.11475,1.11487,1.00,2.44
2017.03.30 08:46:37.075,1.11477,1.11487,1.00,2.25
2017.03.30 08:46:37.278,1.11475,1.11487,1.00,4.31
2017.03.30 08:46:37.869,1.11476,1.11486,1.00,1.12
2017.03.30 08:46:38.398,1.11475,1.11485,1.25,1.00
2017.03.30 08:46:38.603,1.11477,1.11487,1.00,1.50
2017.03.30 08:46:38.755,1.11474,1.11487,1.50,1.87
2017.03.30 08:46:39.832,1.11477,1.11487,1.00,1.87
2017.03.30 08:46:40.370,1.11476,1.11488,1.00,2.44
2017.03.30 08:46:42.609,1.11478,1.11487,1.00,1.81
2017.03.30 08:46:42.967,1.11476,1.11487,1.00,1.81
2017.03.30 08:46:43.885,1.11477,1.11487,1.00,1.81
2017.03.30 08:46:44.273,1.11479,1.11487,1.00,2.25
2017.03.30 08:46:44.526,1.11476,1.11486,1.00,3.37
2017.03.30 08:46:44.674,1.11475,1.11485,1.00,3.75
2017.03.30 08:46:44.725,1.11472,1.11482,1.00,1.25
2017.03.30 08:46:45.255,1.11471,1.11482,1.00,1.69
2017.03.30 08:46:45.853,1.11471,1.11482,1.00,2.25
2017.03.30 08:46:46.165,1.1147,1.11481,1.00,1.75
2017.03.30 08:46:46.471,1.11468,1.1148,1.00,3.00
2017.03.30 08:46:46.947,1.11465,1.11479,1.25,1.69
2017.03.30 08:46:47.048,1.11467,1.11478,1.00,1.69
2017.03.30 08:46:50.226,1.1147,1.11477,1.00,1.00
2017.03.30 08:46:50.530,1.11468,1.11478,1.00,1.60
2017.03.30 08:46:51.123,1.11468,1.11477,1.00,1.10
2017.03.30 08:46:52.725,1.11468,1.11478,1.00,1.00
2017.03.30 08:46:55.495,1.11469,1.11478,1.00,1.00
2017.03.30 08:46:56.046,1.11468,1.11478,1.00,1.10
2017.03.30 08:46:56.729,1.1147,1.11478,1.00,1.50
2017.03.30 08:46:57.894,1.11472,1.11478,1.00,1.00
2017.03.30 08:46:57.997,1.11471,1.11481,1.00,1.95
2017.03.30 08:46:58.583,1.1147,1.11481,1.00,1.10
2017.03.30 08:46:58.875,1.11472,1.11481,1.00,1.10
2017.03.30 08:46:59.129,1.11472,1.11484,1.00,3.45
2017.03.30 08:46:59.635,1.11473,1.11484,1.00,1.50
2017.03.30 08:46:59.840,1.11473,1.11481,1.00,1.10
2017.03.30 08:46:59.892,1.11471,1.11481,1.00,1.95
2017.03.30 08:46:59.942,1.11471,1.11478,1.00,1.08
2017.03.30 08:47:00.271,1.11475,1.11481,1.00,1.08
2017.03.30 08:47:01.054,1.11475,1.11481,1.00,1.08
2017.03.30 08:47:01.820,1.1147,1.11481,1.00,1.08
2017.03.30 08:47:01.870,1.11473,1.11481,1.00,1.08
2017.03.30 08:47:02.373,1.11474,1.11481,1.00,1.08
2017.03.30 08:47:03.476,1.11474,1.11483,1.00,3.12
2017.03.30 08:47:05.737,1.11476,1.11485,1.00,3.49
2017.03.30 08:47:05.889,1.11476,1.11485,1.00,2.74
2017.03.30 08:47:07.285,1.11475,1.11485,1.00,3.49
2017.03.30 08:47:07.337,1.11477,1.11485,1.00,3.49
2017.03.30 08:47:07.641,1.11481,1.11489,1.00,1.50
2017.03.30 08:47:07.692,1.11478,1.11489,1.00,1.50
2017.03.30 08:47:07.743,1.1148,1.11489,1.00,1.50
2017.03.30 08:47:08.267,1.1148,1.1149,1.00,1.50
2017.03.30 08:47:11.166,1.1148,1.11489,1.00,1.00
2017.03.30 08:47:12.933,1.11479,1.11489,1.00,1.00
2017.03.30 08:47:16.052,1.11479,1.11488,1.00,2.74
2017.03.30 08:47:16.585,1.11478,1.11489,1.00,4.16
2017.03.30 08:47:18.418,1.11477,1.11486,1.00,1.00
2017.03.30 08:47:18.939,1.11476,1.11486,1.00,1.00
2017.03.30 08:47:19.494,1.11477,1.11485,1.00,1.00
2017.03.30 08:47:20.001,1.11477,1.11486,1.00,1.00
2017.03.30 08:47:23.905,1.11479,1.11487,1.00,1.41
2017.03.30 08:47:26.481,1.11479,1.11489,1.00,1.58
2017.03.30 08:47:27.740,1.11478,1.11489,1.00,1.58
2017.03.30 08:47:28.271,1.11479,1.1149,1.00,4.20
2017.03.30 08:47:28.798,1.1148,1.11489,1.00,1.16
2017.03.30 08:47:32.258,1.11479,1.11489,1.00,1.16
2017.03.30 08:47:34.062,1.11479,1.1149,1.00,4.16
2017.03.30 08:47:38.900,1.11478,1.1149,1.00,4.91
2017.03.30 08:47:39.402,1.11479,1.1149,1.00,4.91
2017.03.30 08:47:40.114,1.11479,1.1149,1.00,1.91
2017.03.30 08:47:45.648,1.1148,1.11491,1.00,5.66
2017.03.30 08:47:45.699,1.1148,1.11491,1.00,2.66
2017.03.30 08:47:45.786,1.11482,1.11491,1.00,1.00
2017.03.30 08:47:46.089,1.11487,1.11495,1.00,1.54
2017.03.30 08:47:46.407,1.11492,1.11498,1.00,1.37
2017.03.30 08:47:46.458,1.11492,1.115,1.00,1.00
2017.03.30 08:47:46.610,1.11489,1.11499,1.00,1.00
2017.03.30 08:47:46.813,1.11488,1.11497,1.00,1.00
2017.03.30 08:47:47.167,1.11486,1.11497,1.00,1.00
2017.03.30 08:47:47.739,1.11486,1.11498,1.25,1.50
2017.03.30 08:47:48.688,1.11488,1.11498,1.00,1.00
2017.03.30 08:47:48.891,1.1149,1.11501,1.00,1.16
2017.03.30 08:47:49.144,1.1149,1.11499,1.00,1.00
2017.03.30 08:47:50.202,1.1149,1.11499,1.00,1.41
2017.03.30 08:47:50.705,1.11487,1.11497,1.00,1.12
2017.03.30 08:47:51.373,1.11486,1.11497,1.00,1.87
2017.03.30 08:47:52.033,1.11487,1.11496,1.00,2.25
2017.03.30 08:47:52.797,1.11487,1.11495,1.00,1.00
2017.03.30 08:47:53.051,1.11484,1.11493,1.25,1.00
2017.03.30 08:47:53.562,1.11483,1.11494,1.00,2.44
2017.03.30 08:47:54.064,1.11482,1.11493,1.00,1.31
2017.03.30 08:47:54.406,1.11482,1.11491,1.00,1.00
2017.03.30 08:47:54.946,1.11481,1.11491,1.00,1.00
2017.03.30 08:47:55.509,1.11481,1.11492,1.00,1.25
2017.03.30 08:47:58.099,1.11488,1.11496,1.00,1.75
2017.03.30 08:47:58.251,1.11489,1.11498,1.00,1.19
2017.03.30 08:47:58.403,1.11492,1.11499,1.00,1.00
2017.03.30 08:47:58.606,1.11494,1.11503,1.00,1.00
2017.03.30 08:47:58.811,1.11491,1.11501,1.25,1.00
2017.03.30 08:47:58.963,1.11493,1.11501,1.00,1.00
2017.03.30 08:47:59.284,1.1149,1.11501,1.00,1.50
2017.03.30 08:47:59.957,1.11491,1.11501,1.00,1.19
2017.03.30 08:48:00.478,1.11492,1.11502,1.00,1.19
2017.03.30 08:48:00.709,1.1149,1.11501,1.00,1.50
2017.03.30 08:48:01.318,1.11489,1.115,1.00,2.44
2017.03.30 08:48:02.690,1.11489,1.115,1.00,3.00
2017.03.30 08:48:03.031,1.11491,1.115,1.00,1.25
2017.03.30 08:48:03.571,1.11492,1.11502,1.00,1.87
2017.03.30 08:48:04.111,1.11492,1.11502,1.00,1.31
2017.03.30 08:48:04.492,1.11489,1.11501,1.69,1.00
2017.03.30 08:48:04.994,1.1149,1.11501,1.00,1.50
2017.03.30 08:48:05.585,1.1149,1.11501,1.00,1.69
2017.03.30 08:48:07.195,1.1149,1.11501,1.00,1.69
2017.03.30 08:48:08.024,1.11494,1.11501,1.00,1.00
2017.03.30 08:48:08.332,1.11494,1.11505,1.00,3.00
2017.03.30 08:48:08.383,1.11496,1.11505,1.00,3.00
2017.03.30 08:48:08.636,1.11496,1.11505,1.25,1.00
2017.03.30 08:48:09.444,1.11496,1.11506,1.00,1.69
2017.03.30 08:48:09.495,1.11494,1.11506,1.00,1.69
2017.03.30 08:48:09.816,1.11495,1.11504,1.00,1.25
2017.03.30 08:48:10.431,1.11494,1.11504,1.00,2.44
2017.03.30 08:48:10.765,1.11496,1.11504,1.00,1.69
2017.03.30 08:48:11.296,1.11496,1.11506,1.00,1.69
2017.03.30 08:48:11.882,1.11495,1.11506,1.00,1.69
2017.03.30 08:48:12.221,1.11497,1.11506,1.00,1.81
2017.03.30 08:48:12.762,1.11497,1.11507,1.00,1.87
2017.03.30 08:48:13.321,1.11497,1.11507,1.00,1.31
2017.03.30 08:48:15.139,1.11497,1.11508,1.00,1.81
2017.03.30 08:48:18.849,1.11502,1.11508,1.00,1.81
2017.03.30 08:48:18.950,1.11506,1.11512,1.00,1.50
2017.03.30 08:48:19.052,1.11506,1.11516,1.00,1.50
2017.03.30 08:48:20.670,1.11505,1.11516,1.00,1.50
2017.03.30 08:48:21.199,1.11504,1.11516,1.00,2.25
2017.03.30 08:48:24.039,1.11507,1.11515,1.00,1.69
2017.03.30 08:48:24.346,1.11507,1.11519,1.00,1.12
2017.03.30 08:48:24.868,1.11506,1.11517,1.00,1.19
2017.03.30 08:48:25.214,1.11504,1.11515,1.00,3.75
2017.03.30 08:48:25.316,1.11502,1.11513,1.00,1.75
2017.03.30 08:48:25.418,1.11502,1.11514,1.00,1.50
2017.03.30 08:48:26.019,1.11503,1.11514,1.00,2.25
2017.03.30 08:48:27.658,1.11501,1.11514,1.12,1.50
2017.03.30 08:48:30.030,1.11501,1.11512,1.00,1.19
2017.03.30 08:48:31.730,1.115,1.11512,1.00,1.19
2017.03.30 08:48:31.832,1.115,1.11512,1.00,1.75
2017.03.30 08:48:32.762,1.115,1.11512,1.00,1.50
2017.03.30 08:48:32.864,1.115,1.11512,1.00,1.75
2017.03.30 08:48:33.016,1.11498,1.1151,1.00,1.00
2017.03.30 08:48:33.628,1.11499,1.1151,1.00,1.00
2017.03.30 08:48:34.169,1.11499,1.11511,1.00,1.00
2017.03.30 08:48:34.961,1.115,1.11511,1.00,1.00
2017.03.30 08:48:35.464,1.11499,1.1151,1.00,1.00
2017.03.30 08:48:37.146,1.11499,1.11511,1.00,1.16
2017.03.30 08:48:37.334,1.11502,1.11513,1.00,1.00
2017.03.30 08:48:37.794,1.11505,1.11513,1.00,1.00
2017.03.30 08:48:37.897,1.11505,1.11518,1.50,1.91
2017.03.30 08:48:37.948,1.11507,1.11518,1.00,1.12
2017.03.30 08:48:38.158,1.11505,1.11518,1.00,1.00
2017.03.30 08:48:38.394,1.11505,1.11516,1.00,1.00
2017.03.30 08:48:38.908,1.11506,1.11514,1.00,1.00
2017.03.30 08:48:39.010,1.11504,1.11514,1.00,1.00
2017.03.30 08:48:39.111,1.11504,1.11516,1.00,1.54
2017.03.30 08:48:39.295,1.11504,1.11514,1.00,1.00
2017.03.30 08:48:39.346,1.11502,1.11514,1.00,1.12
2017.03.30 08:48:39.882,1.11503,1.11516,1.00,1.75
2017.03.30 08:48:40.427,1.11506,1.11517,1.00,1.87
2017.03.30 08:48:40.680,1.11503,1.11516,1.50,1.75
2017.03.30 08:48:44.161,1.11504,1.11514,1.00,1.12
2017.03.30 08:48:44.816,1.11503,1.11514,1.69,1.12
2017.03.30 08:48:45.344,1.11504,1.11514,1.00,1.12
2017.03.30 08:48:48.641,1.11501,1.11513,1.00,1.00
2017.03.30 08:48:48.743,1.11502,1.11512,1.00,4.16
2017.03.30 08:48:48.845,1.11502,1.11513,1.00,4.16
2017.03.30 08:48:49.391,1.11501,1.11512,1.00,1.16
2017.03.30 08:48:50.468,1.115,1.11512,1.00,1.16
2017.03.30 08:48:51.623,1.11501,1.11512,1.00,1.16
2017.03.30 08:48:55.657,1.11501,1.11513,1.50,1.00
2017.03.30 08:48:56.258,1.11501,1.11514,1.50,1.54
2017.03.30 08:48:56.461,1.11503,1.11514,1.00,1.54
2017.03.30 08:48:57.013,1.11502,1.11514,1.00,1.54
2017.03.30 08:48:57.945,1.11502,1.11514,1.00,1.54
2017.03.30 08:49:01.869,1.11502,1.11514,1.00,1.87
2017.03.30 08:49:08.046,1.11504,1.11513,1.00,1.31
2017.03.30 08:49:08.561,1.11503,1.11513,1.00,1.31
2017.03.30 08:49:09.156,1.11502,1.11513,1.00,1.31
2017.03.30 08:49:09.692,1.11503,1.11516,1.50,2.25
2017.03.30 08:49:10.378,1.11502,1.11516,2.06,2.25
2017.03.30 08:49:10.962,1.11503,1.11515,1.00,2.25
2017.03.30 08:49:11.960,1.11504,1.11514,1.00,1.44
2017.03.30 08:49:12.061,1.11501,1.11514,1.00,1.87
2017.03.30 08:49:12.591,1.115,1.11513,1.00,1.81
2017.03.30 08:49:13.881,1.115,1.11513,1.00,3.00
2017.03.30 08:49:14.762,1.115,1.11513,1.00,1.58
2017.03.30 08:49:15.916,1.115,1.1151,1.00,1.00
2017.03.30 08:49:16.068,1.11497,1.1151,1.12,1.95
2017.03.30 08:49:16.119,1.11497,1.1151,1.50,2.33
2017.03.30 08:49:16.372,1.11495,1.11507,1.50,1.00
2017.03.30 08:49:19.198,1.11496,1.11509,1.00,3.83
2017.03.30 08:49:19.678,1.11499,1.11508,1.00,1.12
2017.03.30 08:49:20.051,1.11499,1.1151,1.00,1.20
2017.03.30 08:49:20.591,1.11498,1.1151,1.00,1.00
2017.03.30 08:49:21.884,1.11496,1.11508,1.25,1.00
2017.03.30 08:49:22.188,1.11497,1.1151,1.19,3.00
2017.03.30 08:49:22.390,1.11495,1.11508,1.25,1.00
2017.03.30 08:49:22.795,1.11497,1.11508,1.00,1.00
2017.03.30 08:49:22.999,1.11494,1.11506,1.00,1.10
2017.03.30 08:49:23.501,1.11495,1.11506,1.00,1.10
2017.03.30 08:49:24.190,1.11494,1.11506,1.00,1.10
2017.03.30 08:49:24.803,1.11493,1.11506,1.00,1.10
2017.03.30 08:49:25.103,1.11495,1.11506,1.00,1.10
2017.03.30 08:49:26.019,1.11495,1.11506,1.00,3.83
2017.03.30 08:49:27.242,1.11495,1.11506,1.00,1.10
2017.03.30 08:49:28.389,1.11493,1.11505,1.00,1.00
2017.03.30 08:49:28.962,1.11493,1.11506,1.00,2.33
2017.03.30 08:49:30.028,1.11493,1.11505,1.00,1.00
2017.03.30 08:49:30.129,1.11497,1.11504,1.00,1.10
2017.03.30 08:49:30.231,1.11496,1.11506,1.50,1.00
2017.03.30 08:49:30.332,1.115,1.11511,1.00,2.17
2017.03.30 08:49:30.383,1.11501,1.11511,1.00,1.80
2017.03.30 08:49:30.485,1.11502,1.11512,1.00,1.10
2017.03.30 08:49:30.754,1.115,1.11509,1.00,1.00
2017.03.30 08:49:30.823,1.11496,1.11509,2.06,1.12
2017.03.30 08:49:30.874,1.11496,1.11506,1.69,1.00
2017.03.30 08:49:31.733,1.11496,1.11509,1.50,1.58
2017.03.30 08:49:32.269,1.11496,1.11509,1.50,1.12
2017.03.30 08:49:33.784,1.115,1.11512,1.00,4.58
2017.03.30 08:49:33.886,1.11502,1.11512,1.00,1.00
2017.03.30 08:49:33.937,1.11504,1.11514,1.00,1.00
2017.03.30 08:49:34.089,1.11505,1.11516,1.00,1.10
2017.03.30 08:49:34.717,1.11506,1.11517,1.00,1.95
2017.03.30 08:49:35.036,1.11508,1.11519,1.00,4.20
2017.03.30 08:49:35.228,1.11508,1.11519,1.00,1.10
2017.03.30 08:49:35.738,1.11509,1.11519,1.00,1.10
2017.03.30 08:49:35.946,1.11507,1.11519,1.00,1.58
2017.03.30 08:49:35.997,1.11507,1.11517,1.00,1.00
2017.03.30 08:49:38.432,1.11507,1.11515,1.00,1.00
2017.03.30 08:49:38.534,1.11502,1.11512,1.00,1.00
2017.03.30 08:49:38.636,1.115,1.11512,1.00,1.00
2017.03.30 08:49:38.738,1.115,1.1151,1.00,1.00
2017.03.30 08:49:38.953,1.11497,1.1151,1.25,1.00
2017.03.30 08:49:39.206,1.11497,1.1151,1.25,1.75
2017.03.30 08:49:39.307,1.11497,1.1151,1.25,1.00
2017.03.30 08:49:40.034,1.11498,1.1151,1.00,1.25
2017.03.30 08:49:40.454,1.115,1.11511,1.00,1.19
2017.03.30 08:49:40.725,1.11498,1.1151,1.12,1.25
2017.03.30 08:49:41.180,1.11496,1.1151,1.00,1.50
2017.03.30 08:49:41.586,1.11495,1.11509,1.69,2.25
2017.03.30 08:49:41.905,1.11498,1.11511,1.00,1.69
2017.03.30 08:49:42.237,1.115,1.11511,1.00,1.25
2017.03.30 08:49:42.549,1.1151,1.11518,1.00,1.75
2017.03.30 08:49:42.600,1.1151,1.1152,1.00,1.75
2017.03.30 08:49:42.701,1.1151,1.11522,1.00,1.44
2017.03.30 08:49:43.233,1.11509,1.11522,1.69,1.12
2017.03.30 08:49:43.932,1.11509,1.11522,1.50,1.87
2017.03.30 08:49:44.443,1.1151,1.11522,1.00,1.87
2017.03.30 08:49:44.544,1.1151,1.11523,1.00,1.56
2017.03.30 08:49:45.075,1.11511,1.11524,1.50,1.50
2017.03.30 08:49:45.378,1.11511,1.11523,1.00,1.75
2017.03.30 08:49:45.758,1.11509,1.11521,1.00,1.75
2017.03.30 08:49:46.347,1.11508,1.11521,1.12,1.75
2017.03.30 08:49:46.853,1.11509,1.11521,1.00,1.12
2017.03.30 08:49:47.391,1.11508,1.11522,1.12,5.25
2017.03.30 08:49:53.053,1.11507,1.11518,1.50,1.00
2017.03.30 08:49:53.603,1.11507,1.11519,1.50,1.00
2017.03.30 08:49:55.027,1.11507,1.11519,1.00,1.50
2017.03.30 08:49:55.256,1.11505,1.11519,1.00,1.50
2017.03.30 08:49:55.822,1.11505,1.11518,1.00,1.50
2017.03.30 08:49:55.923,1.11505,1.11516,1.00,1.00
2017.03.30 08:49:55.974,1.11503,1.11516,1.12,1.00
2017.03.30 08:49:56.496,1.11502,1.11516,1.69,1.00
2017.03.30 08:49:56.945,1.11502,1.11514,1.69,1.00
2017.03.30 08:49:57.450,1.11502,1.11515,1.25,1.00
2017.03.30 08:49:57.864,1.11504,1.11514,1.25,1.00
2017.03.30 08:49:57.915,1.11501,1.11514,1.20,1.00
2017.03.30 08:49:58.527,1.11501,1.11513,1.12,1.50
2017.03.30 08:49:59.064,1.11498,1.11512,3.56,1.00
2017.03.30 08:50:00.893,1.115,1.11513,1.62,1.00
2017.03.30 08:50:01.400,1.115,1.11512,1.76,1.00
2017.03.30 08:50:02.887,1.115,1.11513,1.01,1.50
2017.03.30 08:50:04.696,1.11501,1.11514,1.50,1.00
2017.03.30 08:50:06.180,1.11501,1.11513,1.50,1.00
2017.03.30 08:50:06.231,1.11501,1.11515,1.50,1.50
2017.03.30 08:50:06.332,1.11502,1.11515,1.37,1.50
2017.03.30 08:50:09.651,1.11501,1.11517,2.55,3.00
2017.03.30 08:50:11.261,1.11501,1.11515,3.67,2.25
2017.03.30 08:50:11.517,1.11504,1.11517,2.62,1.50
2017.03.30 08:50:11.568,1.11506,1.11517,2.25,1.00
2017.03.30 08:50:11.619,1.11506,1.11519,3.19,1.00
2017.03.30 08:50:11.670,1.11507,1.1152,2.25,1.00
2017.03.30 08:50:12.062,1.11508,1.11523,1.44,1.50
2017.03.30 08:50:12.757,1.11508,1.11522,1.87,1.00
2017.03.30 08:50:13.212,1.11508,1.11524,3.56,3.15
2017.03.30 08:50:13.313,1.11509,1.11522,1.31,1.00
2017.03.30 08:50:13.798,1.11509,1.11524,2.00,3.15
2017.03.30 08:50:15.730,1.1151,1.11523,1.62,1.50
2017.03.30 08:50:16.005,1.11509,1.11525,2.25,3.90
2017.03.30 08:50:16.533,1.1151,1.11524,1.69,1.00
2017.03.30 08:50:16.893,1.11511,1.11526,2.81,1.50
2017.03.30 08:50:18.216,1.11511,1.11526,2.81,1.08
2017.03.30 08:50:18.875,1.11511,1.11525,2.06,1.50
2017.03.30 08:50:19.939,1.11511,1.11523,1.31,1.00
2017.03.30 08:50:19.990,1.11511,1.11525,1.12,6.00
2017.03.30 08:50:20.092,1.11511,1.11523,1.12,1.00
2017.03.30 08:50:20.446,1.1151,1.11521,4.12,1.00
2017.03.30 08:50:21.256,1.11514,1.11524,1.31,1.25
2017.03.30 08:50:21.357,1.11516,1.11527,1.00,1.25
2017.03.30 08:50:21.459,1.11516,1.11529,3.37,1.00
2017.03.30 08:50:21.777,1.11517,1.11527,2.06,1.00
2017.03.30 08:50:22.081,1.11517,1.11522,1.50,1.00
2017.03.30 08:50:22.690,1.11517,1.11522,1.00,1.00
2017.03.30 08:50:23.401,1.11517,1.11523,1.00,1.00
2017.03.30 08:50:23.910,1.11517,1.11524,1.00,1.00
2017.03.30 08:50:24.121,1.11514,1.11524,1.50,1.00
2017.03.30 08:50:24.812,1.11515,1.11526,1.31,2.44
2017.03.30 08:50:24.863,1.11515,1.11524,1.31,1.00
2017.03.30 08:50:25.016,1.11511,1.11523,1.87,1.00
2017.03.30 08:50:25.370,1.11511,1.1152,1.87,1.00
2017.03.30 08:50:25.769,1.1151,1.11522,1.87,1.00
2017.03.30 08:50:26.045,1.11511,1.11519,1.00,1.00
2017.03.30 08:50:26.146,1.11512,1.11522,1.25,1.00
2017.03.30 08:50:26.197,1.11512,1.11524,2.06,1.00
2017.03.30 08:50:26.502,1.11517,1.11527,3.75,1.00
2017.03.30 08:50:26.705,1.11515,1.11526,1.25,1.00
2017.03.30 08:50:27.224,1.11514,1.11525,1.44,1.00
2017.03.30 08:50:27.872,1.11514,1.11527,1.44,2.44
2017.03.30 08:50:28.302,1.11514,1.11525,1.44,1.00
2017.03.30 08:50:28.607,1.11514,1.11526,5.81,1.00
2017.03.30 08:50:28.658,1.11514,1.11529,6.56,1.87
2017.03.30 08:50:29.286,1.11518,1.11529,1.00,1.37
2017.03.30 08:50:29.983,1.11517,1.11529,1.00,1.37
2017.03.30 08:50:33.450,1.11516,1.11529,1.25,1.87
2017.03.30 08:50:33.552,1.11514,1.11526,1.87,1.00
2017.03.30 08:50:33.755,1.11512,1.11526,1.25,1.62
2017.03.30 08:50:33.857,1.11514,1.11524,1.00,1.50
2017.03.30 08:50:33.958,1.11511,1.11524,1.80,1.50
2017.03.30 08:50:34.161,1.1151,1.11521,1.62,1.00
2017.03.30 08:50:34.334,1.1151,1.11523,1.62,1.25
2017.03.30 08:50:34.674,1.1151,1.11521,1.62,1.00
2017.03.30 08:50:34.756,1.1151,1.11523,1.62,1.25
2017.03.30 08:50:34.908,1.11509,1.11519,1.81,1.00
2017.03.30 08:50:35.087,1.11505,1.11516,1.37,1.00
2017.03.30 08:50:35.291,1.11503,1.11515,1.25,1.00
2017.03.30 08:50:35.798,1.11501,1.11515,1.69,1.87
2017.03.30 08:50:35.849,1.11501,1.11515,1.12,3.37
2017.03.30 08:50:36.051,1.11501,1.11512,1.25,1.00
2017.03.30 08:50:36.254,1.11497,1.11511,2.25,1.00
2017.03.30 08:50:36.356,1.11496,1.11511,2.62,1.87
2017.03.30 08:50:36.898,1.11499,1.11511,1.00,2.62
2017.03.30 08:50:37.278,1.11497,1.1151,1.31,1.19
2017.03.30 08:50:37.931,1.11496,1.1151,2.06,1.25
2017.03.30 08:50:37.982,1.11504,1.1151,1.00,1.25
2017.03.30 08:50:38.108,1.115,1.11514,1.75,1.00
2017.03.30 08:50:38.160,1.115,1.11514,1.25,2.25
2017.03.30 08:50:40.209,1.115,1.11513,1.25,1.69
2017.03.30 08:50:41.066,1.11503,1.11513,1.00,1.69
2017.03.30 08:50:41.117,1.115,1.11513,1.25,1.69
2017.03.30 08:50:41.168,1.11502,1.11513,1.25,1.37
2017.03.30 08:50:41.501,1.11508,1.1152,1.00,1.12
2017.03.30 08:50:42.011,1.11507,1.11521,1.25,1.69
2017.03.30 08:50:43.273,1.11506,1.1152,1.25,1.31
2017.03.30 08:50:43.784,1.11507,1.1152,1.00,1.31
2017.03.30 08:50:43.938,1.11509,1.1152,1.00,1.31
2017.03.30 08:50:44.040,1.11506,1.11521,1.25,2.44
2017.03.30 08:50:44.243,1.11507,1.11522,1.87,2.62
2017.03.30 08:50:44.294,1.11507,1.11522,2.25,2.25
2017.03.30 08:50:44.860,1.11507,1.11522,1.58,1.50
2017.03.30 08:50:47.321,1.11508,1.11522,1.00,3.00
2017.03.30 08:50:47.372,1.11506,1.1152,1.58,1.00
2017.03.30 08:50:47.474,1.11505,1.1152,1.50,1.25
2017.03.30 08:50:48.005,1.11505,1.11519,1.50,1.00
2017.03.30 08:50:48.654,1.11505,1.11515,1.08,1.00
2017.03.30 08:50:48.975,1.115,1.11511,1.00,1.00
2017.03.30 08:50:49.026,1.11496,1.11511,3.45,1.00
2017.03.30 08:50:49.228,1.11496,1.1151,1.00,1.75
2017.03.30 08:50:49.734,1.11495,1.11508,1.00,1.25
2017.03.30 08:50:50.064,1.11499,1.11509,1.00,2.25
2017.03.30 08:50:50.166,1.11497,1.11509,1.00,1.00
2017.03.30 08:50:50.369,1.11495,1.11511,2.33,2.25
2017.03.30 08:50:51.347,1.11495,1.1151,1.50,2.25
2017.03.30 08:50:51.929,1.11495,1.1151,1.50,2.25
2017.03.30 08:50:52.522,1.11495,1.11508,1.50,1.00
2017.03.30 08:50:52.574,1.11491,1.11505,4.76,1.25
2017.03.30 08:50:52.625,1.11491,1.11506,3.08,1.19
2017.03.30 08:50:53.153,1.11491,1.11506,2.25,1.50
2017.03.30 08:50:53.960,1.11491,1.11507,2.33,3.75
2017.03.30 08:50:54.465,1.11489,1.11503,2.33,1.25
2017.03.30 08:50:54.516,1.11489,1.11504,3.08,1.50
2017.03.30 08:50:54.568,1.11489,1.11503,1.87,2.25
2017.03.30 08:50:55.134,1.11489,1.11504,1.87,1.08
2017.03.30 08:50:56.293,1.11489,1.11502,1.12,1.00
2017.03.30 08:50:56.904,1.11489,1.11504,1.12,2.33
2017.03.30 08:50:57.057,1.11489,1.11501,1.00,1.10
2017.03.30 08:50:57.572,1.11489,1.11501,1.00,1.58
2017.03.30 08:50:58.781,1.11489,1.11501,1.50,1.00
2017.03.30 08:50:59.214,1.11489,1.11502,1.50,1.10
2017.03.30 08:50:59.876,1.11488,1.115,1.75,1.58
2017.03.30 08:50:59.927,1.11489,1.115,1.00,1.58
2017.03.30 08:51:00.079,1.11487,1.11497,1.50,1.08
2017.03.30 08:51:00.130,1.11487,1.11497,1.12,2.70
2017.03.30 08:51:00.181,1.11484,1.11495,1.75,2.33
2017.03.30 08:51:00.232,1.11484,1.11495,1.37,2.33
2017.03.30 08:51:00.334,1.1148,1.11494,2.62,2.33
2017.03.30 08:51:00.385,1.11478,1.11492,2.62,1.58
2017.03.30 08:51:00.881,1.11478,1.1149,1.37,1.58
2017.03.30 08:51:02.781,1.11478,1.11491,1.87,1.08
2017.03.30 08:51:03.354,1.11475,1.11488,2.62,1.08
2017.03.30 08:51:03.556,1.11477,1.11491,1.75,1.08
2017.03.30 08:51:03.759,1.11479,1.11493,1.37,1.58
2017.03.30 08:51:04.308,1.11478,1.1149,1.75,1.10
2017.03.30 08:51:04.831,1.11478,1.1149,1.37,1.10
2017.03.30 08:51:05.452,1.11479,1.11491,1.00,1.00
2017.03.30 08:51:06.288,1.11477,1.11492,1.95,1.87
2017.03.30 08:51:06.591,1.11476,1.11488,1.12,1.00
2017.03.30 08:51:07.231,1.11477,1.11487,1.00,1.00
2017.03.30 08:51:07.378,1.11477,1.11489,1.00,1.87
2017.03.30 08:51:07.898,1.11476,1.11489,1.12,1.00
2017.03.30 08:51:08.603,1.11476,1.1149,1.87,1.12
2017.03.30 08:51:08.859,1.11477,1.11492,1.00,1.25
2017.03.30 08:51:09.451,1.11477,1.11491,1.00,1.50
2017.03.30 08:51:10.405,1.11475,1.11489,3.00,1.12
2017.03.30 08:51:11.905,1.11475,1.11489,1.44,1.12
2017.03.30 08:51:14.109,1.11477,1.1149,1.00,1.37
2017.03.30 08:51:14.914,1.1148,1.11489,1.00,1.12
2017.03.30 08:51:15.180,1.11483,1.11497,1.25,2.17
2017.03.30 08:51:15.231,1.11481,1.11493,1.31,1.00
2017.03.30 08:51:16.199,1.11479,1.11493,4.50,1.00
2017.03.30 08:51:17.168,1.11479,1.11493,4.12,1.00
2017.03.30 08:51:17.270,1.11479,1.11493,1.12,1.50
2017.03.30 08:51:18.503,1.11479,1.11493,1.37,1.00
2017.03.30 08:51:19.775,1.11479,1.11492,1.00,1.00
2017.03.30 08:51:19.877,1.11479,1.11494,1.00,1.00
2017.03.30 08:51:20.459,1.11479,1.11494,2.62,1.00
2017.03.30 08:51:20.968,1.11479,1.11494,5.62,1.00
2017.03.30 08:51:21.374,1.11479,1.11494,1.12,1.50
2017.03.30 08:51:21.526,1.11479,1.11492,1.00,1.00
2017.03.30 08:51:22.052,1.11479,1.11493,1.00,1.00
2017.03.30 08:51:22.596,1.11478,1.11493,4.50,1.50
2017.03.30 08:51:23.108,1.11478,1.11493,1.12,1.50
2017.03.30 08:51:23.418,1.11475,1.11487,1.12,1.00
2017.03.30 08:51:23.571,1.11473,1.11487,1.00,1.87
2017.03.30 08:51:23.695,1.11473,1.11487,1.00,2.25
2017.03.30 08:51:23.848,1.11471,1.11487,4.87,2.62
2017.03.30 08:51:24.357,1.11471,1.11485,3.75,1.00
2017.03.30 08:51:24.660,1.1147,1.11484,1.00,1.50
2017.03.30 08:51:25.195,1.11469,1.11484,4.12,1.50
2017.03.30 08:51:25.845,1.1147,1.11484,1.00,1.50
2017.03.30 08:51:27.006,1.11471,1.11484,1.00,1.50
2017.03.30 08:51:27.413,1.1147,1.11481,1.00,1.00
2017.03.30 08:51:27.565,1.11464,1.11479,1.37,3.19
2017.03.30 08:51:27.717,1.11462,1.11477,1.50,1.62
2017.03.30 08:51:28.266,1.11461,1.11477,1.87,2.00
2017.03.30 08:51:29.033,1.11461,1.11475,1.50,1.12
2017.03.30 08:51:30.316,1.11461,1.11475,1.31,1.87
2017.03.30 08:51:31.324,1.1146,1.11475,2.44,1.87
2017.03.30 08:51:31.829,1.11462,1.11477,1.25,2.25
2017.03.30 08:51:32.636,1.11463,1.11477,1.00,2.25
2017.03.30 08:51:34.686,1.11462,1.11478,1.00,2.44
2017.03.30 08:51:34.989,1.1146,1.11475,2.25,1.87
2017.03.30 08:51:36.138,1.11463,1.11475,3.75,1.87
2017.03.30 08:51:36.341,1.11464,1.11479,1.50,1.00
2017.03.30 08:51:37.079,1.11464,1.1148,2.25,2.81
2017.03.30 08:51:37.231,1.11464,1.11478,1.50,1.12
2017.03.30 08:51:37.759,1.11463,1.11477,2.25,1.50
2017.03.30 08:51:38.777,1.11463,1.11476,1.44,1.00
2017.03.30 08:51:39.125,1.11461,1.11476,1.87,2.25
2017.03.30 08:51:40.703,1.1146,1.11475,2.06,1.19
2017.03.30 08:51:40.792,1.1146,1.11475,1.69,1.19
2017.03.30 08:51:41.714,1.11459,1.11475,1.31,3.19
2017.03.30 08:51:42.657,1.11459,1.11472,1.00,1.31
2017.03.30 08:51:42.961,1.11461,1.11474,1.12,2.00
2017.03.30 08:51:43.397,1.11461,1.11476,1.12,3.56
2017.03.30 08:51:44.015,1.11461,1.11476,1.31,3.00
2017.03.30 08:51:46.127,1.11462,1.11476,1.12,2.06
2017.03.30 08:51:46.467,1.11462,1.11477,1.50,1.87
2017.03.30 08:51:47.716,1.1146,1.11475,3.37,1.87
2017.03.30 08:51:50.219,1.11461,1.11475,1.62,1.87
2017.03.30 08:51:50.733,1.1146,1.11475,3.19,1.31
2017.03.30 08:51:51.266,1.1146,1.11475,1.50,1.87
2017.03.30 08:51:52.442,1.1146,1.11475,2.25,1.31
2017.03.30 08:51:53.281,1.1146,1.11473,1.12,1.00
2017.03.30 08:51:53.383,1.11458,1.11474,1.87,2.25
2017.03.30 08:51:53.586,1.11462,1.11475,2.25,1.12
2017.03.30 08:51:53.637,1.11462,1.11477,2.62,1.31
2017.03.30 08:51:54.986,1.11463,1.11476,1.44,1.00
2017.03.30 08:51:55.583,1.11463,1.11477,1.44,2.44
2017.03.30 08:51:58.194,1.11462,1.11476,1.12,1.12
2017.03.30 08:51:58.498,1.11463,1.11475,1.50,1.00
2017.03.30 08:51:58.991,1.1146,1.11475,1.87,1.25
2017.03.30 08:52:00.260,1.1146,1.11475,1.87,1.69
2017.03.30 08:52:01.472,1.11459,1.11473,6.37,1.00
2017.03.30 08:52:01.524,1.1146,1.11475,1.12,1.00
2017.03.30 08:52:01.625,1.11459,1.11475,3.56,2.25
2017.03.30 08:52:01.676,1.1146,1.11475,4.12,1.69
2017.03.30 08:52:02.008,1.1146,1.11473,3.75,1.00
2017.03.30 08:52:02.160,1.11459,1.11472,1.00,2.25
2017.03.30 08:52:02.413,1.11459,1.11468,1.00,1.00
2017.03.30 08:52:02.464,1.11459,1.1147,1.00,1.25
2017.03.30 08:52:02.516,1.11456,1.11468,1.37,1.00
2017.03.30 08:52:02.567,1.11455,1.11467,3.00,1.00
2017.03.30 08:52:04.144,1.11455,1.11466,1.75,1.00
2017.03.30 08:52:04.246,1.11452,1.11466,5.44,1.00
2017.03.30 08:52:04.297,1.11452,1.11466,2.06,1.00
2017.03.30 08:52:05.115,1.11452,1.11465,1.31,1.00
2017.03.30 08:52:05.673,1.11449,1.11461,1.75,1.00
2017.03.30 08:52:05.774,1.11449,1.11461,1.00,1.00
2017.03.30 08:52:05.876,1.11446,1.11461,3.00,1.00
2017.03.30 08:52:05.927,1.11446,1.11459,2.62,1.00
2017.03.30 08:52:06.439,1.11446,1.11458,1.87,1.00
2017.03.30 08:52:07.980,1.11445,1.11459,2.81,1.00
2017.03.30 08:52:08.457,1.11445,1.11456,1.12,1.00
2017.03.30 08:52:08.558,1.11444,1.11456,1.50,1.00
2017.03.30 08:52:10.146,1.11444,1.11457,1.69,1.00
2017.03.30 08:52:10.583,1.11447,1.1146,1.25,1.75
2017.03.30 08:52:10.685,1.11447,1.1146,1.37,1.00
2017.03.30 08:52:11.200,1.11446,1.11459,2.06,1.00
2017.03.30 08:52:12.671,1.11446,1.11461,2.06,1.10
2017.03.30 08:52:13.160,1.1145,1.11465,1.37,4.95
2017.03.30 08:52:13.675,1.11451,1.11466,3.75,1.50
2017.03.30 08:52:16.155,1.11453,1.11469,1.50,2.33
2017.03.30 08:52:16.206,1.11458,1.11469,1.00,1.48
2017.03.30 08:52:16.854,1.1146,1.11469,1.00,1.95
2017.03.30 08:52:17.633,1.1146,1.1147,1.00,1.08
2017.03.30 08:52:18.179,1.1146,1.1147,1.00,1.10
2017.03.30 08:52:19.686,1.11461,1.11471,1.00,3.08
2017.03.30 08:52:20.192,1.1146,1.11471,1.00,1.25
2017.03.30 08:52:20.552,1.11462,1.11471,1.00,1.00
2017.03.30 08:52:21.082,1.11462,1.11472,1.00,1.50
2017.03.30 08:52:22.122,1.1146,1.11471,1.00,1.00
2017.03.30 08:52:22.173,1.11462,1.11471,1.00,1.00
2017.03.30 08:52:23.241,1.11461,1.11472,1.00,1.76
2017.03.30 08:52:23.781,1.11461,1.11471,1.00,1.48
2017.03.30 08:52:25.453,1.11462,1.11471,1.00,1.37
2017.03.30 08:52:25.593,1.11462,1.11472,1.00,1.00
2017.03.30 08:52:25.694,1.11465,1.11473,1.00,1.50
2017.03.30 08:52:25.999,1.11466,1.11475,1.00,1.50
2017.03.30 08:52:27.566,1.11467,1.11475,1.00,1.00
2017.03.30 08:52:28.483,1.11466,1.11475,1.00,1.00
2017.03.30 08:52:32.141,1.11466,1.11475,1.00,1.50
2017.03.30 08:52:32.735,1.11465,1.11474,1.00,1.25
2017.03.30 08:52:33.823,1.11465,1.11474,1.00,2.25
2017.03.30 08:52:34.438,1.11464,1.11474,1.00,2.25
2017.03.30 08:52:37.582,1.11465,1.11474,1.00,1.50
2017.03.30 08:52:37.684,1.11468,1.11475,1.00,2.25
2017.03.30 08:52:37.846,1.11466,1.11475,1.00,2.25
2017.03.30 08:52:37.946,1.11469,1.11475,1.00,1.00
2017.03.30 08:52:38.490,1.11469,1.11479,1.00,5.62
2017.03.30 08:52:41.436,1.11471,1.1148,1.00,2.25
2017.03.30 08:52:41.994,1.11473,1.1148,1.00,2.25
2017.03.30 08:52:42.045,1.11473,1.11481,1.00,1.50
2017.03.30 08:52:42.404,1.11475,1.11483,1.00,1.81
2017.03.30 08:52:42.556,1.11473,1.11482,1.00,1.25
2017.03.30 08:52:42.607,1.11475,1.11482,1.00,1.25
2017.03.30 08:52:42.759,1.11471,1.1148,1.00,1.69
2017.03.30 08:52:43.065,1.1147,1.11478,1.00,1.00
2017.03.30 08:52:43.233,1.1147,1.1148,1.00,1.69
2017.03.30 08:52:43.768,1.11471,1.11479,1.00,1.00
2017.03.30 08:52:44.301,1.1147,1.11479,1.00,1.00
2017.03.30 08:52:44.454,1.11468,1.11479,1.00,1.50
2017.03.30 08:52:44.555,1.11468,1.11476,1.00,1.00
2017.03.30 08:52:44.708,1.11465,1.11475,1.00,1.00
2017.03.30 08:52:44.911,1.11462,1.11474,1.25,1.25
2017.03.30 08:52:45.499,1.11462,1.11474,1.00,1.87
2017.03.30 08:52:47.870,1.11465,1.11474,1.00,2.62
2017.03.30 08:52:48.584,1.11463,1.11474,1.00,2.62
2017.03.30 08:52:51.987,1.11464,1.11473,1.00,1.87
2017.03.30 08:52:52.534,1.11463,1.11473,1.00,2.62
2017.03.30 08:52:53.825,1.11464,1.11473,1.00,1.87
2017.03.30 08:52:53.977,1.11462,1.11474,1.00,2.62
2017.03.30 08:52:54.180,1.11465,1.11473,1.00,1.31
2017.03.30 08:52:54.705,1.11464,1.11473,1.00,1.31
2017.03.30 08:52:55.466,1.11465,1.11473,1.00,1.31
2017.03.30 08:52:56.220,1.11466,1.11474,1.00,1.87
2017.03.30 08:52:56.786,1.11465,1.11474,1.00,1.87
2017.03.30 08:52:59.168,1.11466,1.11474,1.00,1.62
2017.03.30 08:52:59.495,1.11467,1.11473,1.00,1.87
2017.03.30 08:52:59.647,1.11467,1.11475,1.00,2.44
2017.03.30 08:52:59.799,1.11468,1.11477,1.00,2.25
2017.03.30 08:52:59.850,1.11468,1.11478,1.00,1.62
2017.03.30 08:52:59.952,1.1147,1.11478,1.00,1.62
2017.03.30 08:53:01.185,1.1147,1.11478,1.00,1.62
2017.03.30 08:53:01.407,1.11468,1.11477,1.00,1.31
2017.03.30 08:53:01.459,1.11466,1.11477,1.00,4.87
2017.03.30 08:53:01.901,1.11469,1.11477,1.00,4.87
2017.03.30 08:53:01.952,1.11469,1.11477,1.00,1.31
2017.03.30 08:53:02.559,1.11468,1.11478,1.00,1.25
2017.03.30 08:53:02.661,1.11467,1.11478,1.00,3.00
2017.03.30 08:53:02.801,1.11465,1.11475,1.00,1.31
2017.03.30 08:53:02.963,1.11465,1.11475,1.00,1.87
2017.03.30 08:53:04.560,1.11466,1.11475,1.00,1.12
2017.03.30 08:53:05.149,1.11467,1.11475,1.00,1.12
2017.03.30 08:53:07.148,1.11468,1.11475,1.00,1.12
2017.03.30 08:53:07.250,1.11468,1.11477,1.00,2.25
2017.03.30 08:53:07.770,1.11467,1.11478,1.00,1.87
2017.03.30 08:53:08.375,1.11468,1.11478,1.00,1.12
2017.03.30 08:53:09.146,1.11466,1.11478,1.00,1.87
2017.03.30 08:53:09.198,1.11469,1.11478,1.00,1.87
2017.03.30 08:53:09.451,1.11466,1.11477,1.00,5.25
2017.03.30 08:53:09.755,1.11463,1.11474,1.00,1.69
2017.03.30 08:53:09.806,1.11465,1.11474,1.00,1.69
2017.03.30 08:53:10.009,1.11463,1.11474,1.00,2.44
2017.03.30 08:53:10.234,1.11463,1.11472,1.00,1.12
2017.03.30 08:53:10.788,1.11464,1.11473,1.00,4.50
2017.03.30 08:53:11.416,1.11464,1.11473,1.00,4.50
2017.03.30 08:53:12.456,1.11466,1.11473,1.00,3.75
2017.03.30 08:53:12.760,1.1147,1.11476,1.00,1.44
2017.03.30 08:53:12.812,1.1147,1.11478,1.00,1.25
2017.03.30 08:53:14.546,1.11468,1.11479,1.00,2.33
2017.03.30 08:53:15.073,1.1147,1.11479,1.00,5.33
2017.03.30 08:53:15.438,1.11468,1.11479,1.00,5.33
2017.03.30 08:53:15.987,1.11468,1.11476,1.00,1.00
2017.03.30 08:53:17.568,1.11468,1.11477,1.00,3.00
2017.03.30 08:53:17.670,1.11466,1.11476,1.00,3.15
2017.03.30 08:53:18.918,1.11466,1.11475,1.00,2.40
2017.03.30 08:53:19.219,1.11466,1.11477,1.00,5.03
2017.03.30 08:53:19.647,1.11466,1.11475,1.00,1.00
2017.03.30 08:53:21.095,1.11465,1.11474,1.00,1.00
2017.03.30 08:53:21.637,1.11466,1.11475,1.00,1.00
2017.03.30 08:53:22.166,1.11465,1.11476,1.00,1.25
2017.03.30 08:53:23.575,1.11464,1.11475,1.00,1.25
2017.03.30 08:53:23.881,1.11464,1.11473,1.00,1.00
2017.03.30 08:53:24.287,1.11463,1.11471,1.00,1.00
2017.03.30 08:53:24.489,1.11464,1.11473,1.00,1.00
2017.03.30 08:53:24.642,1.11465,1.11471,1.00,2.40
2017.03.30 08:53:24.865,1.11465,1.11473,1.00,1.00
2017.03.30 08:53:25.372,1.11464,1.11473,1.00,1.50
2017.03.30 08:53:25.625,1.11462,1.11473,1.00,3.90
2017.03.30 08:53:25.778,1.11462,1.11471,1.00,1.00
2017.03.30 08:53:26.405,1.11463,1.11472,1.00,1.00
2017.03.30 08:53:26.709,1.11465,1.11472,1.00,1.00
2017.03.30 08:53:26.760,1.11465,1.11475,1.00,1.50
2017.03.30 08:53:27.271,1.11466,1.11475,1.00,1.00
2017.03.30 08:53:27.501,1.11464,1.11474,1.00,1.00
2017.03.30 08:53:27.703,1.11468,1.11476,1.00,1.50
2017.03.30 08:53:27.855,1.11469,1.11479,1.00,1.37
2017.03.30 08:53:28.376,1.11468,1.11477,1.00,2.40
2017.03.30 08:53:28.919,1.11468,1.11479,1.00,3.53
2017.03.30 08:53:29.252,1.11468,1.1148,1.00,1.00
2017.03.30 08:53:29.462,1.1147,1.1148,1.00,1.00
2017.03.30 08:53:29.564,1.11466,1.11477,1.00,1.00
2017.03.30 08:53:29.775,1.11467,1.11479,1.00,1.50
2017.03.30 08:53:29.829,1.11465,1.11476,1.00,1.00
2017.03.30 08:53:30.338,1.11464,1.11476,1.25,1.00
2017.03.30 08:53:30.934,1.11466,1.11479,1.00,2.25
2017.03.30 08:53:31.036,1.11468,1.11479,1.00,1.00
2017.03.30 08:53:31.449,1.11465,1.11479,1.25,1.00
2017.03.30 08:53:31.602,1.11467,1.11479,1.00,1.00
2017.03.30 08:53:31.906,1.1147,1.11481,1.00,1.00
2017.03.30 08:53:32.554,1.1147,1.11482,1.00,1.00
2017.03.30 08:53:33.146,1.11468,1.11482,1.62,1.00
2017.03.30 08:53:33.695,1.11468,1.11481,1.25,1.00
2017.03.30 08:53:34.728,1.11466,1.11481,1.50,1.00
2017.03.30 08:53:35.134,1.11466,1.11478,1.50,1.00
2017.03.30 08:53:35.366,1.11465,1.11478,1.25,1.00
2017.03.30 08:53:39.500,1.11464,1.11478,1.25,1.00
2017.03.30 08:53:39.551,1.11463,1.11475,2.25,1.00
2017.03.30 08:53:40.135,1.11463,1.11475,1.25,1.12
2017.03.30 08:53:42.213,1.11462,1.11475,1.00,1.31
2017.03.30 08:53:42.946,1.1146,1.11475,1.12,2.06
2017.03.30 08:53:43.476,1.11461,1.11474,1.31,1.00
2017.03.30 08:53:44.009,1.11461,1.11473,1.25,1.00
2017.03.30 08:53:44.666,1.11462,1.11473,1.00,1.00
2017.03.30 08:53:44.717,1.1146,1.11473,1.25,1.00
2017.03.30 08:53:45.038,1.11459,1.11472,1.00,3.75
2017.03.30 08:53:45.593,1.11459,1.11472,1.00,1.75
2017.03.30 08:53:45.846,1.11461,1.11473,1.00,2.44
2017.03.30 08:53:46.358,1.11463,1.11473,1.00,1.25
2017.03.30 08:53:47.236,1.11463,1.11473,1.00,1.50
2017.03.30 08:53:47.774,1.11463,1.11473,1.00,1.00
2017.03.30 08:53:48.564,1.11461,1.11473,1.00,1.00
2017.03.30 08:53:48.817,1.11463,1.11473,1.00,1.00
2017.03.30 08:53:52.497,1.11462,1.11473,1.00,1.25
2017.03.30 08:53:53.337,1.11461,1.11473,1.00,1.50
2017.03.30 08:53:53.851,1.11462,1.11474,1.00,1.25
2017.03.30 08:53:54.372,1.1146,1.11473,1.50,1.75
2017.03.30 08:53:54.573,1.11458,1.11473,2.06,1.75
2017.03.30 08:53:55.446,1.11458,1.11474,2.06,4.50
2017.03.30 08:53:55.954,1.11458,1.11472,1.31,1.50
2017.03.30 08:53:57.173,1.11458,1.11472,1.31,2.25
2017.03.30 08:53:58.377,1.11458,1.11473,1.87,2.25
2017.03.30 08:53:58.894,1.1146,1.11473,1.00,2.25
2017.03.30 08:54:00.089,1.11458,1.11474,2.62,6.00
2017.03.30 08:54:01.282,1.11458,1.11472,1.37,1.50
2017.03.30 08:54:01.383,1.11458,1.11472,1.56,1.00
2017.03.30 08:54:01.687,1.1146,1.11474,1.44,1.69
2017.03.30 08:54:02.172,1.1146,1.11476,3.37,2.25
2017.03.30 08:54:02.482,1.11461,1.11475,2.19,1.25
2017.03.30 08:54:05.183,1.1146,1.11474,1.94,1.19
2017.03.30 08:54:05.437,1.11459,1.11473,2.25,1.69
2017.03.30 08:54:06.738,1.11459,1.11471,2.25,1.00
2017.03.30 08:54:07.484,1.11458,1.11471,1.44,1.00
2017.03.30 08:54:08.085,1.11457,1.11471,1.50,1.25
2017.03.30 08:54:08.187,1.11457,1.11472,1.25,2.25
2017.03.30 08:54:08.501,1.11459,1.11472,1.12,1.25
2017.03.30 08:54:08.841,1.1146,1.11474,1.25,1.25
2017.03.30 08:54:14.164,1.1146,1.11474,1.50,1.11
2017.03.30 08:54:14.908,1.1146,1.11474,1.50,1.00
2017.03.30 08:54:17.006,1.1146,1.11474,1.75,1.00
2017.03.30 08:54:19.131,1.1146,1.11475,1.75,1.15
2017.03.30 08:54:20.906,1.11461,1.11471,1.00,1.00
2017.03.30 08:54:21.059,1.11456,1.11469,1.50,1.00
2017.03.30 08:54:21.435,1.11454,1.11467,2.25,1.00
2017.03.30 08:54:21.739,1.11454,1.11467,1.87,1.67
2017.03.30 08:54:21.795,1.11454,1.11469,3.00,2.36
2017.03.30 08:54:23.299,1.11455,1.11468,1.62,1.00
2017.03.30 08:54:23.847,1.11452,1.11468,1.87,1.80
2017.03.30 08:54:25.442,1.11454,1.11468,1.62,1.80
2017.03.30 08:54:25.543,1.11455,1.1147,3.37,1.00
2017.03.30 08:54:26.073,1.11455,1.1147,4.12,1.00
2017.03.30 08:54:27.332,1.11456,1.1147,1.87,1.00
2017.03.30 08:54:27.636,1.11457,1.11472,4.12,2.62
2017.03.30 08:54:28.332,1.11457,1.11472,3.79,1.87
2017.03.30 08:54:28.931,1.11457,1.11472,1.08,2.62
2017.03.30 08:54:30.338,1.11456,1.11471,3.83,1.50
2017.03.30 08:54:30.845,1.11459,1.11473,1.10,2.44
2017.03.30 08:54:31.605,1.11459,1.11473,1.08,2.44
2017.03.30 08:54:32.092,1.11464,1.11473,1.00,1.50
2017.03.30 08:54:32.294,1.11465,1.11476,1.00,1.00
2017.03.30 08:54:32.396,1.11462,1.11474,3.08,1.00
2017.03.30 08:54:32.902,1.11464,1.11474,1.08,1.00
2017.03.30 08:54:32.953,1.11461,1.11474,4.58,1.00
2017.03.30 08:54:33.054,1.11461,1.11472,3.08,1.00
2017.03.30 08:54:33.156,1.11458,1.11472,1.58,1.25
2017.03.30 08:54:33.358,1.11459,1.11471,1.00,1.37
2017.03.30 08:54:33.866,1.11458,1.11471,1.10,1.50
2017.03.30 08:54:35.228,1.11457,1.11469,1.00,1.00
2017.03.30 08:54:35.957,1.11454,1.11469,1.20,1.50
2017.03.30 08:54:36.303,1.11452,1.11467,3.83,1.37
2017.03.30 08:54:38.151,1.11454,1.11469,1.45,1.75
2017.03.30 08:54:38.253,1.11453,1.1147,3.83,2.62
2017.03.30 08:54:38.304,1.11455,1.1147,1.00,2.25
2017.03.30 08:54:39.003,1.11453,1.11469,2.70,1.50
2017.03.30 08:54:40.489,1.11455,1.11469,1.37,1.00
2017.03.30 08:54:40.793,1.1146,1.11474,1.87,1.00
2017.03.30 08:54:41.108,1.1146,1.11471,1.00,1.00
2017.03.30 08:54:41.643,1.11457,1.11471,5.33,1.00
2017.03.30 08:54:42.043,1.11457,1.11471,2.33,1.00
2017.03.30 08:54:42.497,1.11454,1.11469,6.45,2.25
2017.03.30 08:54:42.803,1.11453,1.11467,1.20,1.00
2017.03.30 08:54:42.854,1.11453,1.11469,1.85,1.69
2017.03.30 08:54:43.398,1.11453,1.11468,1.95,1.50
2017.03.30 08:54:43.757,1.11453,1.11466,1.45,1.00
2017.03.30 08:54:44.238,1.11451,1.11464,1.85,1.00
2017.03.30 08:54:44.290,1.11451,1.11465,1.58,1.87
2017.03.30 08:54:45.018,1.11451,1.11464,1.58,1.00
2017.03.30 08:54:46.203,1.11452,1.11465,1.00,1.87
2017.03.30 08:54:46.923,1.11451,1.11465,2.51,1.12
2017.03.30 08:54:46.974,1.11453,1.11466,1.87,1.00
2017.03.30 08:54:47.026,1.11453,1.11466,3.00,1.00
2017.03.30 08:54:47.077,1.11454,1.1147,1.12,4.72
2017.03.30 08:54:47.279,1.11454,1.11469,1.37,4.35
2017.03.30 08:54:48.332,1.11454,1.11469,1.87,2.10
2017.03.30 08:54:49.249,1.11455,1.11469,1.12,1.08
2017.03.30 08:54:49.451,1.11456,1.1147,1.00,1.10
2017.03.30 08:54:49.503,1.11456,1.11472,1.62,6.08
2017.03.30 08:54:49.807,1.11461,1.11474,3.45,1.00
2017.03.30 08:54:50.424,1.1146,1.11474,1.95,1.00
2017.03.30 08:54:51.000,1.1146,1.11476,1.95,1.20
2017.03.30 08:54:51.514,1.1146,1.11475,1.95,1.00
2017.03.30 08:54:52.074,1.1146,1.11476,1.95,1.95
2017.03.30 08:54:53.538,1.11461,1.11476,2.25,1.20
2017.03.30 08:54:55.493,1.11461,1.11474,2.25,1.00
2017.03.30 08:54:55.645,1.11461,1.11471,1.12,1.00
2017.03.30 08:54:56.187,1.11461,1.11469,1.12,1.00
2017.03.30 08:54:56.343,1.11458,1.11469,1.12,1.00
2017.03.30 08:54:57.418,1.11458,1.1147,1.12,1.00
2017.03.30 08:54:57.962,1.11459,1.1147,1.44,1.00
2017.03.30 08:54:58.469,1.11459,1.1147,4.12,1.00
2017.03.30 08:55:00.747,1.11459,1.1147,1.87,1.00
2017.03.30 08:55:01.336,1.11459,1.11471,1.87,1.00
2017.03.30 08:55:02.149,1.11459,1.11471,4.87,1.00
2017.03.30 08:55:03.983,1.11459,1.11471,1.44,1.00
2017.03.30 08:55:05.149,1.11459,1.11471,1.12,1.00
2017.03.30 08:55:07.162,1.11459,1.11472,1.87,1.00
2017.03.30 08:55:09.770,1.11459,1.11472,1.44,1.00
2017.03.30 08:55:09.871,1.11459,1.11472,4.12,1.50
2017.03.30 08:55:10.574,1.11457,1.1147,1.87,1.00
2017.03.30 08:55:10.625,1.11457,1.11472,1.87,1.50
2017.03.30 08:55:10.777,1.11457,1.1147,1.12,1.00
2017.03.30 08:55:11.301,1.11456,1.11469,4.12,1.00
2017.03.30 08:55:11.756,1.11455,1.11469,1.81,1.00
2017.03.30 08:55:12.576,1.11455,1.1147,1.81,1.00
2017.03.30 08:55:13.849,1.11456,1.11469,1.19,1.00
2017.03.30 08:55:14.196,1.11456,1.11469,1.75,1.00
2017.03.30 08:55:16.474,1.11456,1.1147,2.25,1.25
2017.03.30 08:55:16.967,1.11457,1.11471,1.75,1.50
2017.03.30 08:55:19.579,1.11456,1.11471,1.75,2.62
2017.03.30 08:55:20.711,1.11456,1.11471,2.25,1.87
2017.03.30 08:55:20.804,1.11456,1.11471,5.25,1.87
2017.03.30 08:55:22.615,1.11456,1.1147,4.50,1.00
2017.03.30 08:55:22.767,1.11456,1.1147,1.50,1.00
2017.03.30 08:55:23.153,1.11456,1.1147,4.12,1.00
2017.03.30 08:55:24.068,1.11456,1.1147,1.12,1.00
2017.03.30 08:55:24.746,1.11456,1.11471,1.87,1.00
2017.03.30 08:55:24.797,1.11455,1.11467,4.16,1.00
2017.03.30 08:55:25.080,1.11453,1.11465,1.50,1.69
2017.03.30 08:55:25.771,1.11453,1.11463,1.00,2.25
2017.03.30 08:55:25.976,1.11449,1.11461,1.00,1.25
2017.03.30 08:55:28.503,1.11449,1.1146,1.00,2.25
2017.03.30 08:55:28.806,1.11447,1.1146,1.69,2.25
2017.03.30 08:55:31.388,1.11447,1.11457,1.00,2.25
2017.03.30 08:55:31.702,1.11444,1.11457,1.31,2.25
2017.03.30 08:55:32.338,1.11444,1.11458,1.31,2.62
2017.03.30 08:55:32.673,1.11445,1.11459,1.50,2.62
2017.03.30 08:55:33.206,1.11445,1.11459,2.06,3.37
2017.03.30 08:55:33.480,1.11444,1.11458,2.44,3.00
2017.03.30 08:55:33.988,1.11444,1.11457,1.50,2.25
2017.03.30 08:55:35.279,1.11444,1.11456,1.50,2.25
2017.03.30 08:55:35.381,1.11444,1.11458,1.50,3.00
2017.03.30 08:55:37.612,1.11442,1.11457,2.81,1.44
2017.03.30 08:55:38.460,1.11442,1.11455,1.00,2.62
2017.03.30 08:55:39.083,1.1144,1.11455,2.06,4.12
2017.03.30 08:55:42.229,1.1144,1.11454,1.62,3.00
2017.03.30 08:55:44.234,1.11439,1.11452,1.37,2.25
2017.03.30 08:55:44.613,1.11438,1.11449,2.25,2.25
2017.03.30 08:55:44.716,1.11436,1.11449,1.37,3.00
2017.03.30 08:55:45.020,1.11434,1.11449,1.62,3.75
2017.03.30 08:55:45.874,1.11433,1.11449,3.98,2.44
2017.03.30 08:55:48.106,1.11435,1.1145,1.12,2.62
2017.03.30 08:55:48.620,1.11435,1.1145,2.29,1.12
2017.03.30 08:55:48.722,1.11436,1.11449,1.00,4.12
2017.03.30 08:55:48.925,1.11436,1.11449,1.00,1.31
2017.03.30 08:55:49.439,1.11435,1.11451,1.87,3.00
2017.03.30 08:55:50.254,1.11434,1.11448,1.12,1.00
2017.03.30 08:55:50.308,1.11433,1.11447,2.62,2.25
2017.03.30 08:55:50.410,1.11433,1.11449,2.44,2.62
2017.03.30 08:55:51.664,1.11435,1.11448,1.12,1.25
2017.03.30 08:55:53.655,1.11433,1.11448,1.69,2.25
2017.03.30 08:55:54.420,1.11432,1.11446,1.50,1.00
2017.03.30 08:55:54.939,1.11434,1.11446,1.00,3.00
2017.03.30 08:55:55.715,1.11433,1.11442,1.25,1.00
2017.03.30 08:55:55.968,1.11426,1.1144,1.69,2.25
2017.03.30 08:55:56.519,1.11427,1.1144,1.00,1.87
2017.03.30 08:55:56.975,1.11425,1.11438,1.25,1.50
2017.03.30 08:55:57.550,1.11423,1.11437,2.25,1.00
2017.03.30 08:55:58.845,1.11426,1.11437,1.00,1.00
2017.03.30 08:55:59.157,1.11428,1.11438,1.37,1.50
2017.03.30 08:55:59.259,1.11426,1.1144,5.62,1.00
2017.03.30 08:55:59.995,1.11427,1.11441,1.75,1.12
2017.03.30 08:56:00.357,1.1143,1.11444,2.62,1.75
2017.03.30 08:56:00.458,1.11433,1.11444,1.00,1.12
2017.03.30 08:56:01.421,1.11433,1.11447,1.37,3.00
2017.03.30 08:56:01.957,1.11435,1.11447,1.00,3.00
2017.03.30 08:56:02.050,1.11433,1.11447,1.00,4.50
2017.03.30 08:56:02.638,1.11431,1.11447,2.06,4.50
2017.03.30 08:56:02.830,1.11434,1.11447,1.00,3.00
2017.03.30 08:56:03.153,1.11432,1.11447,2.06,2.25
2017.03.30 08:56:03.831,1.11433,1.11445,1.00,1.50
2017.03.30 08:56:04.388,1.1143,1.11447,3.00,3.37
2017.03.30 08:56:05.309,1.11432,1.11447,2.25,2.62
2017.03.30 08:56:05.411,1.11432,1.11443,1.50,1.00
2017.03.30 08:56:05.563,1.11431,1.11443,1.12,1.25
2017.03.30 08:56:05.614,1.1143,1.11441,2.44,1.00
2017.03.30 08:56:06.118,1.1143,1.11441,1.37,1.50
2017.03.30 08:56:06.378,1.11427,1.11441,1.31,1.50
2017.03.30 08:56:06.857,1.11426,1.1144,2.06,1.50
2017.03.30 08:56:08.037,1.11427,1.1144,1.12,1.50
2017.03.30 08:56:08.953,1.11425,1.11438,3.19,1.00
2017.03.30 08:56:09.106,1.11424,1.11438,1.87,1.87
2017.03.30 08:56:09.320,1.11422,1.11437,1.69,1.25
2017.03.30 08:56:09.372,1.11422,1.11437,1.31,1.69
2017.03.30 08:56:10.001,1.11421,1.11434,2.62,2.25
2017.03.30 08:56:10.155,1.11422,1.11436,1.12,1.12
2017.03.30 08:56:10.595,1.11424,1.11436,1.87,1.12
2017.03.30 08:56:10.899,1.11429,1.1144,1.00,3.00
2017.03.30 08:56:11.284,1.11427,1.1144,1.00,2.25
2017.03.30 08:56:11.802,1.11428,1.11441,1.00,2.62
2017.03.30 08:56:12.348,1.11428,1.11441,1.00,1.44
2017.03.30 08:56:12.921,1.11427,1.11441,1.50,1.44
2017.03.30 08:56:13.491,1.11427,1.11441,1.25,1.44
2017.03.30 08:56:14.720,1.11428,1.11441,1.12,1.44
2017.03.30 08:56:15.285,1.11427,1.11442,1.75,3.00
2017.03.30 08:56:15.588,1.11427,1.11442,2.25,1.69
2017.03.30 08:56:15.791,1.11426,1.11441,4.87,1.50
2017.03.30 08:56:18.589,1.11425,1.11438,1.12,2.25
2017.03.30 08:56:18.690,1.11425,1.11438,1.37,2.25
2017.03.30 08:56:18.956,1.11425,1.11439,1.37,1.41
2017.03.30 08:56:19.794,1.11426,1.11439,1.69,1.00
2017.03.30 08:56:20.317,1.11427,1.11442,1.12,2.66
2017.03.30 08:56:21.075,1.11426,1.11441,1.69,3.04
2017.03.30 08:56:22.456,1.11427,1.11442,1.37,1.91
2017.03.30 08:56:24.304,1.11426,1.11441,3.75,1.12
2017.03.30 08:56:24.916,1.11426,1.1144,3.00,1.00
2017.03.30 08:56:25.578,1.11425,1.1144,3.37,1.00
2017.03.30 08:56:26.237,1.11424,1.1144,3.00,1.50
2017.03.30 08:56:26.874,1.11424,1.11439,1.75,1.00
2017.03.30 08:56:27.000,1.11424,1.11439,1.12,1.37
2017.03.30 08:56:28.442,1.11424,1.11439,1.50,1.87
2017.03.30 08:56:30.963,1.11427,1.11441,1.00,3.00
2017.03.30 08:56:31.116,1.11427,1.11441,1.37,1.37
2017.03.30 08:56:31.269,1.11426,1.11442,2.62,1.87
2017.03.30 08:56:31.371,1.11426,1.1144,1.00,1.00
2017.03.30 08:56:31.705,1.11424,1.1144,3.00,2.25
2017.03.30 08:56:32.014,1.11424,1.1144,2.62,1.00
2017.03.30 08:56:38.926,1.11426,1.11439,1.50,1.00
2017.03.30 08:56:41.527,1.11427,1.11441,1.12,1.50
2017.03.30 08:56:48.821,1.11426,1.11442,2.44,1.87
2017.03.30 08:56:49.196,1.11426,1.11442,2.44,2.29
2017.03.30 08:56:51.686,1.11427,1.11442,1.00,2.33
2017.03.30 08:56:53.532,1.11429,1.11442,1.12,1.08
2017.03.30 08:56:53.633,1.11429,1.11443,1.12,1.58
2017.03.30 08:56:53.735,1.1143,1.11445,1.50,1.50
2017.03.30 08:56:54.089,1.11431,1.11446,1.12,1.10
2017.03.30 08:56:54.411,1.11431,1.11447,1.37,5.70
2017.03.30 08:56:54.938,1.11431,1.11447,2.25,5.70
2017.03.30 08:56:55.490,1.11431,1.11445,2.25,1.00
2017.03.30 08:56:56.152,1.11431,1.11443,2.25,1.00
2017.03.30 08:56:56.674,1.11432,1.11443,1.00,1.00
2017.03.30 08:56:57.447,1.11434,1.11447,1.00,1.20
2017.03.30 08:56:59.225,1.11435,1.11446,1.00,1.10
2017.03.30 08:56:59.878,1.11431,1.11445,2.62,1.00
2017.03.30 08:56:59.929,1.11435,1.11446,1.00,1.58
2017.03.30 08:56:59.980,1.11433,1.11446,1.12,1.58
2017.03.30 08:57:01.936,1.11435,1.11446,1.00,1.58
2017.03.30 08:57:02.459,1.11436,1.11446,1.00,1.58
2017.03.30 08:57:05.384,1.11437,1.11448,1.00,6.41
2017.03.30 08:57:05.916,1.11437,1.1145,1.00,5.29
2017.03.30 08:57:06.398,1.11437,1.11449,1.00,2.10
2017.03.30 08:57:06.705,1.11435,1.11444,1.00,1.05
2017.03.30 08:57:06.756,1.11432,1.11444,1.00,1.54
2017.03.30 08:57:06.808,1.11432,1.11443,1.50,1.50
2017.03.30 08:57:07.592,1.11432,1.11442,1.00,1.37
2017.03.30 08:57:09.298,1.11433,1.11442,1.00,1.37
2017.03.30 08:57:09.660,1.11437,1.11446,1.00,1.05
2017.03.30 08:57:10.200,1.11436,1.11446,1.00,1.16
2017.03.30 08:57:10.408,1.11436,1.11446,1.00,1.91
2017.03.30 08:57:11.416,1.11437,1.11445,1.00,1.43
2017.03.30 08:57:12.885,1.11439,1.11445,1.00,1.43
2017.03.30 08:57:13.138,1.11439,1.11448,1.00,1.54
2017.03.30 08:57:13.787,1.11437,1.11447,1.00,1.16
2017.03.30 08:57:14.314,1.11436,1.11447,1.00,1.00
2017.03.30 08:57:16.749,1.11436,1.11447,1.00,1.75
2017.03.30 08:57:19.111,1.11438,1.11448,1.00,4.12
2017.03.30 08:57:19.645,1.11438,1.11448,1.00,1.44
2017.03.30 08:57:20.151,1.11437,1.11448,1.00,1.87
2017.03.30 08:57:20.891,1.11438,1.11448,1.00,1.87
2017.03.30 08:57:21.416,1.11439,1.11448,1.00,4.12
2017.03.30 08:57:22.068,1.11441,1.11448,1.00,1.44
2017.03.30 08:57:22.321,1.11444,1.11452,1.00,1.00
2017.03.30 08:57:22.372,1.11447,1.11452,1.00,1.00
2017.03.30 08:57:22.524,1.11446,1.11457,1.25,1.00
2017.03.30 08:57:22.575,1.11449,1.11457,1.00,1.00
2017.03.30 08:57:22.727,1.1145,1.1146,1.00,1.00
2017.03.30 08:57:22.778,1.11447,1.1146,1.25,1.50
2017.03.30 08:57:23.307,1.11447,1.11459,1.00,1.69
2017.03.30 08:57:23.998,1.11446,1.11459,1.00,1.25
2017.03.30 08:57:24.606,1.11446,1.11458,1.00,1.00
2017.03.30 08:57:27.551,1.11448,1.11459,1.00,1.19
2017.03.30 08:57:27.851,1.11445,1.11458,1.00,1.25
2017.03.30 08:57:28.491,1.11447,1.11458,1.00,1.25
2017.03.30 08:57:29.660,1.11446,1.11459,1.50,1.19
2017.03.30 08:57:30.403,1.11448,1.1146,1.00,2.00
2017.03.30 08:57:31.451,1.11448,1.1146,1.00,1.44
2017.03.30 08:57:32.646,1.11448,1.11461,1.00,1.87
2017.03.30 08:57:36.270,1.11452,1.11461,1.00,1.50
2017.03.30 08:57:36.472,1.11452,1.11464,1.00,2.62
2017.03.30 08:57:36.524,1.11456,1.11464,1.00,1.87
2017.03.30 08:57:36.676,1.11458,1.11468,1.00,1.00
2017.03.30 08:57:36.835,1.11458,1.1147,1.00,3.37
2017.03.30 08:57:36.887,1.11458,1.11469,1.00,1.25
2017.03.30 08:57:38.347,1.11458,1.11471,1.00,1.25
2017.03.30 08:57:39.322,1.11457,1.11471,1.00,1.25
2017.03.30 08:57:39.906,1.1146,1.11471,1.00,1.69
2017.03.30 08:57:40.109,1.11458,1.11471,1.00,1.25
2017.03.30 08:57:40.623,1.11458,1.11469,1.00,1.00
2017.03.30 08:57:43.296,1.11458,1.1147,1.00,1.50
2017.03.30 08:57:44.833,1.11458,1.1147,1.00,2.62
2017.03.30 08:57:45.137,1.11457,1.11468,1.00,1.44
2017.03.30 08:57:45.826,1.11458,1.11468,1.00,1.44
2017.03.30 08:57:46.298,1.1146,1.1147,1.00,3.75
2017.03.30 08:57:46.654,1.1146,1.11472,1.00,1.00
2017.03.30 08:57:47.636,1.1146,1.11472,1.00,1.50
2017.03.30 08:57:47.889,1.11458,1.1147,1.12,1.00
2017.03.30 08:57:48.041,1.11457,1.1147,1.37,1.87
2017.03.30 08:57:48.424,1.11456,1.11469,1.00,1.19
2017.03.30 08:57:48.971,1.11454,1.11469,1.69,1.19
2017.03.30 08:57:49.611,1.11454,1.11469,2.25,1.00
2017.03.30 08:57:50.120,1.11454,1.11468,2.25,1.00
2017.03.30 08:57:50.603,1.11453,1.11466,2.25,1.00
2017.03.30 08:57:50.654,1.11453,1.11466,1.25,1.50
2017.03.30 08:57:50.806,1.11453,1.11465,1.25,2.25
2017.03.30 08:57:51.408,1.11454,1.11465,1.00,2.25
2017.03.30 08:57:51.771,1.1145,1.11459,1.00,1.00
2017.03.30 08:57:52.090,1.11448,1.11459,1.00,1.00
2017.03.30 08:57:55.783,1.11449,1.11459,1.00,1.50
2017.03.30 08:57:56.293,1.1145,1.11459,1.00,1.00
2017.03.30 08:57:56.816,1.11451,1.11462,1.00,1.50
2017.03.30 08:57:57.349,1.11451,1.11461,1.00,1.00
2017.03.30 08:57:58.576,1.1145,1.11461,1.00,1.00
2017.03.30 08:57:59.186,1.1145,1.11462,1.00,2.06
2017.03.30 08:57:59.975,1.11451,1.11462,1.00,1.69
2017.03.30 08:58:00.078,1.11449,1.11462,1.00,1.00
2017.03.30 08:58:00.587,1.11449,1.11461,1.00,1.00
2017.03.30 08:58:01.545,1.11449,1.1146,1.00,1.00
2017.03.30 08:58:01.997,1.11447,1.11459,1.25,1.12
2017.03.30 08:58:05.844,1.11446,1.11456,1.00,1.00
2017.03.30 08:58:05.997,1.11443,1.11454,1.00,1.00
2017.03.30 08:58:06.503,1.11442,1.11454,1.00,1.00
2017.03.30 08:58:07.012,1.11442,1.11453,1.00,1.50
2017.03.30 08:58:07.446,1.1144,1.11453,1.00,4.24
2017.03.30 08:58:07.497,1.1144,1.1145,1.00,1.00
2017.03.30 08:58:07.650,1.11438,1.1145,1.00,1.87
2017.03.30 08:58:07.752,1.11434,1.11447,1.75,1.00
2017.03.30 08:58:07.804,1.11434,1.11447,1.00,1.12
2017.03.30 08:58:07.907,1.11432,1.11446,1.00,5.18
2017.03.30 08:58:07.958,1.11432,1.11443,1.00,4.24
2017.03.30 08:58:08.465,1.11432,1.11442,1.00,1.00
2017.03.30 08:58:08.924,1.11431,1.1144,1.00,1.00
2017.03.30 08:58:09.356,1.11428,1.1144,1.00,1.00
2017.03.30 08:58:09.407,1.11427,1.11438,1.00,1.00
2017.03.30 08:58:09.710,1.11424,1.11435,1.00,1.12
2017.03.30 08:58:09.862,1.11422,1.11435,1.00,1.12
2017.03.30 08:58:10.166,1.11421,1.11433,1.00,1.00
2017.03.30 08:58:10.490,1.11419,1.11431,1.00,1.12
2017.03.30 08:58:10.830,1.11418,1.11429,1.00,1.00
2017.03.30 08:58:11.420,1.11417,1.11428,1.12,1.00
2017.03.30 08:58:12.908,1.11416,1.11428,1.00,1.24
2017.03.30 08:58:14.380,1.11416,1.11428,1.00,1.50
2017.03.30 08:58:14.684,1.11419,1.1143,1.00,2.25
2017.03.30 08:58:15.186,1.11422,1.1143,1.00,1.81
2017.03.30 08:58:15.389,1.11424,1.11434,1.00,1.69
2017.03.30 08:58:15.491,1.11421,1.11432,1.00,1.00
2017.03.30 08:58:15.542,1.11421,1.11434,1.00,1.69
2017.03.30 08:58:15.593,1.1142,1.11431,1.00,1.25
2017.03.30 08:58:16.137,1.1142,1.11431,1.00,1.87
2017.03.30 08:58:17.888,1.11421,1.11431,1.00,1.12
2017.03.30 08:58:18.497,1.11422,1.11431,1.00,1.12
2017.03.30 08:58:19.028,1.11422,1.11434,1.00,3.75
2017.03.30 08:58:19.536,1.11422,1.11434,1.00,1.87
2017.03.30 08:58:20.354,1.11422,1.11433,1.00,1.87
2017.03.30 08:58:20.880,1.11421,1.11433,1.00,1.87
2017.03.30 08:58:21.402,1.1142,1.11433,1.00,1.87
2017.03.30 08:58:22.158,1.11421,1.11433,1.00,2.62
2017.03.30 08:58:22.682,1.1142,1.11432,1.00,2.25
2017.03.30 08:58:23.187,1.1142,1.11432,1.00,1.75
2017.03.30 08:58:23.733,1.1142,1.11432,1.00,2.25
2017.03.30 08:58:23.885,1.1142,1.11432,1.00,1.50
2017.03.30 08:58:25.903,1.11421,1.11432,1.00,1.50
2017.03.30 08:58:26.921,1.11421,1.1143,1.00,1.00
2017.03.30 08:58:27.407,1.11419,1.11429,1.00,1.25
2017.03.30 08:58:28.896,1.11415,1.11425,1.62,1.00
2017.03.30 08:58:29.888,1.11415,1.11425,1.87,1.00
2017.03.30 08:58:30.371,1.11418,1.11431,1.81,1.37
2017.03.30 08:58:30.574,1.11417,1.11429,4.06,1.00
2017.03.30 08:58:31.130,1.11418,1.11428,1.75,1.00
2017.03.30 08:58:31.360,1.11417,1.11428,1.50,1.00
2017.03.30 08:58:31.896,1.11417,1.11427,1.50,1.00
2017.03.30 08:58:32.513,1.11417,1.11428,1.50,1.00
2017.03.30 08:58:34.771,1.11418,1.11428,1.12,1.00
2017.03.30 08:58:36.717,1.11418,1.11428,1.50,1.00
2017.03.30 08:58:37.519,1.1142,1.11431,1.00,1.00
2017.03.30 08:58:37.621,1.1142,1.11432,2.25,1.12
2017.03.30 08:58:38.321,1.1142,1.11431,2.62,1.00
2017.03.30 08:58:38.885,1.1142,1.11431,1.56,1.00
2017.03.30 08:58:40.214,1.11419,1.1143,1.87,1.00
2017.03.30 08:58:42.654,1.11419,1.11431,2.06,1.00
2017.03.30 08:58:50.154,1.11419,1.11429,4.50,1.00
2017.03.30 08:58:50.681,1.11419,1.1143,4.50,1.00
2017.03.30 08:58:51.908,1.11419,1.1143,1.25,1.00
2017.03.30 08:58:54.621,1.11419,1.11433,1.69,1.75
2017.03.30 08:58:54.722,1.11421,1.11435,2.44,1.75
2017.03.30 08:58:55.003,1.11425,1.11439,1.50,1.37
2017.03.30 08:58:55.580,1.11425,1.11437,1.44,1.00
2017.03.30 08:58:56.089,1.11424,1.11437,1.12,1.00
2017.03.30 08:58:56.431,1.11424,1.11435,1.56,1.00
2017.03.30 08:58:57.229,1.11424,1.11434,1.56,1.00
2017.03.30 08:59:02.372,1.11423,1.11432,1.81,1.00
2017.03.30 08:59:02.625,1.11421,1.11431,2.06,1.00
2017.03.30 08:59:03.672,1.11421,1.11432,2.25,1.00
2017.03.30 08:59:03.723,1.11421,1.11432,6.19,1.00
2017.03.30 08:59:04.831,1.11422,1.11431,1.19,1.00
2017.03.30 08:59:05.135,1.11419,1.11428,1.50,1.00
2017.03.30 08:59:05.653,1.11419,1.11428,1.44,1.00
2017.03.30 08:59:06.108,1.11416,1.11426,1.50,1.00
2017.03.30 08:59:07.382,1.11417,1.11428,1.81,1.00
2017.03.30 08:59:07.895,1.11417,1.11427,1.81,1.50
2017.03.30 08:59:08.504,1.11415,1.11427,1.12,1.50
2017.03.30 08:59:09.111,1.11415,1.11427,1.44,1.50
2017.03.30 08:59:09.394,1.11414,1.11422,1.12,1.00
2017.03.30 08:59:09.534,1.11413,1.11424,1.81,1.00
2017.03.30 08:59:09.636,1.1141,1.11423,1.87,1.00
2017.03.30 08:59:11.174,1.1141,1.11421,1.44,1.00
2017.03.30 08:59:11.715,1.1141,1.1142,1.87,1.00
2017.03.30 08:59:12.028,1.11407,1.1142,2.62,1.00
2017.03.30 08:59:12.382,1.11408,1.11422,1.31,1.00
2017.03.30 08:59:12.533,1.11409,1.11424,1.12,1.87
2017.03.30 08:59:13.051,1.11412,1.11427,1.12,3.00
2017.03.30 08:59:13.560,1.11412,1.11426,1.12,1.44
2017.03.30 08:59:13.611,1.11414,1.11427,1.25,1.69
2017.03.30 08:59:14.118,1.11413,1.11425,1.50,1.00
2017.03.30 08:59:14.652,1.11413,1.11426,1.25,1.87
2017.03.30 08:59:16.059,1.11413,1.11426,1.62,1.50
2017.03.30 08:59:16.415,1.11411,1.11424,1.75,4.50
2017.03.30 08:59:16.619,1.1141,1.11423,1.00,1.12
2017.03.30 08:59:16.670,1.11412,1.11423,1.00,1.12
2017.03.30 08:59:16.721,1.11412,1.11425,1.00,2.25
2017.03.30 08:59:16.823,1.11412,1.11423,1.00,1.44
2017.03.30 08:59:16.988,1.1141,1.11423,1.00,1.44
2017.03.30 08:59:17.518,1.1141,1.11423,2.44,1.50
2017.03.30 08:59:18.019,1.1141,1.11423,2.44,2.25
2017.03.30 08:59:19.694,1.11409,1.11421,1.37,1.12
2017.03.30 08:59:19.772,1.11409,1.11421,1.00,1.50
2017.03.30 08:59:20.924,1.11409,1.11421,1.00,1.50
2017.03.30 08:59:22.005,1.11408,1.11421,1.00,1.50
2017.03.30 08:59:23.055,1.11407,1.11418,1.00,3.75
2017.03.30 08:59:23.286,1.11405,1.11417,1.00,1.75
2017.03.30 08:59:23.439,1.11403,1.11417,1.24,1.75
2017.03.30 08:59:23.541,1.11403,1.11418,1.80,2.62
2017.03.30 08:59:24.063,1.11404,1.11417,1.61,1.25
2017.03.30 08:59:24.266,1.11404,1.11417,1.00,1.00
2017.03.30 08:59:25.997,1.11405,1.11417,1.00,1.50
2017.03.30 08:59:26.502,1.11405,1.11418,1.52,1.00
2017.03.30 08:59:27.634,1.11406,1.11417,1.24,1.00
2017.03.30 08:59:29.268,1.11404,1.11414,1.50,1.00
2017.03.30 08:59:30.167,1.11404,1.11414,1.00,1.00
2017.03.30 08:59:30.674,1.11404,1.11418,1.42,3.00
2017.03.30 08:59:30.879,1.11405,1.11418,1.15,2.25
2017.03.30 08:59:31.715,1.11407,1.1142,1.00,3.23
2017.03.30 08:59:31.867,1.11409,1.11422,1.15,1.50
2017.03.30 08:59:32.071,1.11409,1.11422,1.15,1.00
2017.03.30 08:59:32.722,1.11409,1.11423,1.15,1.50
2017.03.30 08:59:33.027,1.11411,1.11423,1.00,1.50
2017.03.30 08:59:33.558,1.11412,1.11423,1.00,1.00
2017.03.30 08:59:35.354,1.11411,1.11423,1.00,1.50
2017.03.30 08:59:36.452,1.11414,1.11424,1.00,1.50
2017.03.30 08:59:36.971,1.11414,1.11425,1.00,1.00
2017.03.30 08:59:37.334,1.11412,1.11425,1.00,1.00
2017.03.30 08:59:37.872,1.11412,1.11424,1.00,1.00
2017.03.30 08:59:38.400,1.11411,1.11423,1.00,1.12
2017.03.30 08:59:39.141,1.11411,1.11421,1.00,1.00
2017.03.30 08:59:39.192,1.11409,1.11421,1.31,1.00
2017.03.30 08:59:39.702,1.1141,1.11423,1.00,1.50
2017.03.30 08:59:42.113,1.11413,1.11423,1.00,1.50
2017.03.30 08:59:42.616,1.11414,1.11426,1.00,1.75
2017.03.30 08:59:44.224,1.11415,1.11426,1.00,2.14
2017.03.30 08:59:44.275,1.11415,1.11427,1.00,4.39
2017.03.30 08:59:46.106,1.11417,1.1143,1.00,1.87
2017.03.30 08:59:49.452,1.11418,1.11431,1.00,3.00
2017.03.30 08:59:50.162,1.11417,1.1143,1.00,1.87
2017.03.30 08:59:50.366,1.11416,1.11427,1.00,1.72
2017.03.30 08:59:50.418,1.11414,1.11427,1.00,2.22
2017.03.30 08:59:50.965,1.11414,1.11427,1.00,3.00
2017.03.30 08:59:51.412,1.11415,1.11428,1.00,4.39
2017.03.30 08:59:51.716,1.11416,1.11425,1.00,1.00
2017.03.30 08:59:51.868,1.11415,1.11427,1.00,1.50
2017.03.30 08:59:52.989,1.11416,1.11427,1.00,1.12
2017.03.30 08:59:53.221,1.11414,1.11428,1.00,1.50
2017.03.30 08:59:53.424,1.11416,1.11426,1.00,1.00
2017.03.30 08:59:53.475,1.11413,1.11426,1.00,1.00
2017.03.30 08:59:53.978,1.11413,1.11425,1.00,1.00
2017.03.30 08:59:54.636,1.11415,1.11425,1.00,1.50
2017.03.30 08:59:55.146,1.11412,1.11425,1.00,1.50
2017.03.30 08:59:55.674,1.11413,1.11425,1.00,1.00
2017.03.30 08:59:56.435,1.11415,1.11425,1.00,1.00
2017.03.30 08:59:57.140,1.11414,1.11425,1.00,1.50
2017.03.30 08:59:57.559,1.11416,1.11427,1.00,2.25
2017.03.30 08:59:58.074,1.11417,1.11427,1.00,1.50
2017.03.30 08:59:59.729,1.11418,1.11427,1.00,1.50
