2009.05.22 19:00:00.500,0.8741,0.8745,2.00,5.20
2009.05.22 19:00:00.731,0.87415,0.8745,8.40,5.20
2009.05.22 19:00:00.841,0.87415,0.8744,6.80,3.20
2009.05.22 19:00:01.060,0.87415,0.8744,6.80,2.20
2009.05.22 19:00:01.350,0.8741,0.8744,7.20,3.20
2009.05.22 19:00:01.520,0.8741,0.8744,8.80,3.20
2009.05.22 19:00:02.930,0.87415,0.8744,1.00,3.20
2009.05.22 19:00:03.320,0.87415,0.8744,2.20,3.20
2009.05.22 19:00:03.710,0.87415,0.8744,2.20,2.40
2009.05.22 19:00:03.940,0.87415,0.8744,2.20,1.20
2009.05.22 19:00:09.518,0.87415,0.8745,2.20,4.80
2009.05.22 19:00:19.636,0.87415,0.8745,4.80,3.20
2009.05.22 19:00:20.046,0.87415,0.8744,2.20,1.20
2009.05.22 19:00:20.106,0.8743,0.87445,6.80,1.20
2009.05.22 19:00:20.466,0.8743,0.8745,2.00,4.80
2009.05.22 19:00:20.706,0.87415,0.8745,1.80,4.80
2009.05.22 19:00:28.074,0.87415,0.8746,7.40,6.80
2009.05.22 19:00:28.364,0.8742,0.8746,4.20,2.40
2009.05.22 19:00:29.064,0.8742,0.8746,4.20,5.80
2009.05.22 19:00:29.293,0.8742,0.8746,2.40,2.20
2009.05.22 19:00:29.574,0.8742,0.8746,2.40,3.40
2009.05.22 19:00:30.223,0.8742,0.8746,2.40,6.00
2009.05.22 19:00:31.023,0.8742,0.8746,4.20,6.00
2009.05.22 19:00:31.433,0.8742,0.8745,4.20,2.40
2009.05.22 19:00:31.543,0.8742,0.8745,1.80,2.40
2009.05.22 19:00:35.472,0.8742,0.8745,1.80,4.00
2009.05.22 19:00:35.652,0.87415,0.8745,8.00,4.80
2009.05.22 19:00:35.772,0.87415,0.8745,4.80,4.80
2009.05.22 19:00:36.412,0.87415,0.8745,4.80,4.00
2009.05.22 19:00:36.522,0.87415,0.8745,4.80,2.60
2009.05.22 19:00:36.632,0.87415,0.8746,4.80,4.80
2009.05.22 19:00:37.951,0.87415,0.8746,9.60,4.80
2009.05.22 19:00:38.111,0.87425,0.8745,2.40,2.40
2009.05.22 19:00:38.521,0.87425,0.8745,2.40,1.00
2009.05.22 19:00:38.761,0.87425,0.8746,2.40,2.80
2009.05.22 19:00:38.981,0.87425,0.8746,2.40,5.80
2009.05.22 19:00:41.570,0.87425,0.8746,2.40,2.00
2009.05.22 19:00:41.740,0.87425,0.8746,3.20,2.00
2009.05.22 19:00:44.060,0.8742,0.8746,7.20,5.80
2009.05.22 19:00:44.280,0.8742,0.8745,7.20,3.20
2009.05.22 19:00:44.390,0.8742,0.8745,5.20,4.80
2009.05.22 19:00:44.610,0.8742,0.8745,1.00,4.80
2009.05.22 19:00:44.720,0.87415,0.8745,2.20,4.80
2009.05.22 19:00:48.139,0.87415,0.8744,4.80,1.20
2009.05.22 19:00:48.919,0.87405,0.8745,14.40,7.40
2009.05.22 19:00:49.389,0.87405,0.8745,6.40,3.60
2009.05.22 19:00:49.679,0.87405,0.8744,4.20,2.00
2009.05.22 19:00:52.978,0.87405,0.8744,5.80,1.20
2009.05.22 19:00:53.098,0.8741,0.8745,2.40,3.60
2009.05.22 19:00:53.428,0.8742,0.8745,2.40,2.80
2009.05.22 19:00:53.538,0.87415,0.8746,4.80,5.80
2009.05.22 19:00:53.888,0.87415,0.8745,4.80,2.40
2009.05.22 19:00:54.167,0.87415,0.8745,1.80,3.20
2009.05.22 19:00:54.497,0.87415,0.8745,1.80,4.80
2009.05.22 19:00:55.577,0.87415,0.8745,4.20,4.80
2009.05.22 19:00:58.587,0.87415,0.8744,1.80,1.20
2009.05.22 19:01:00.606,0.87415,0.8744,2.40,1.20
2009.05.22 19:01:00.986,0.87405,0.8744,4.80,2.40
2009.05.22 19:01:01.286,0.87405,0.8744,4.20,2.40
2009.05.22 19:01:08.054,0.87405,0.8744,4.20,3.20
2009.05.22 19:01:11.173,0.8741,0.8744,2.40,2.40
2009.05.22 19:01:23.540,0.8741,0.8744,4.20,2.40
2009.05.22 19:01:23.950,0.87415,0.8744,2.40,1.20
2009.05.22 19:01:24.190,0.87415,0.8745,2.40,4.80
2009.05.22 19:01:24.660,0.87415,0.8745,2.40,4.00
2009.05.22 19:01:24.780,0.8742,0.8745,1.80,4.80
2009.05.22 19:01:24.830,0.8742,0.8745,1.80,3.20
2009.05.22 19:01:24.940,0.8742,0.8745,1.80,1.20
2009.05.22 19:01:25.760,0.87415,0.8745,2.40,2.00
2009.05.22 19:01:25.930,0.87415,0.8745,2.40,3.60
2009.05.22 19:01:28.349,0.87415,0.8745,2.40,2.80
2009.05.22 19:01:28.569,0.8742,0.8745,1.80,1.20
2009.05.22 19:01:42.186,0.8742,0.87455,6.40,3.60
2009.05.22 19:01:42.246,0.8742,0.87445,1.80,1.20
2009.05.22 19:01:42.766,0.8742,0.87455,4.20,2.80
2009.05.22 19:01:43.216,0.8742,0.87455,4.20,1.20
2009.05.22 19:01:43.456,0.87435,0.87455,2.40,1.20
2009.05.22 19:01:43.635,0.8744,0.87465,1.80,4.60
2009.05.22 19:01:43.926,0.87435,0.87475,1.80,2.80
2009.05.22 19:01:44.146,0.87425,0.87475,2.80,3.60
2009.05.22 19:01:44.835,0.8743,0.87465,2.00,4.60
2009.05.22 19:01:45.395,0.8742,0.87465,12.60,4.60
2009.05.22 19:01:45.855,0.87435,0.87465,2.40,4.60
2009.05.22 19:01:46.205,0.8744,0.87465,1.80,2.20
2009.05.22 19:01:46.545,0.8744,0.87475,4.20,9.60
2009.05.22 19:01:46.655,0.8744,0.87475,4.20,3.60
2009.05.22 19:01:47.515,0.8744,0.87475,4.20,5.20
2009.05.22 19:01:47.686,0.8744,0.87475,4.20,6.40
2009.05.22 19:01:47.914,0.8744,0.87475,4.20,3.60
2009.05.22 19:01:48.334,0.8744,0.87475,4.20,6.40
2009.05.22 19:01:48.854,0.8744,0.87475,4.20,3.60
2009.05.22 19:02:00.581,0.8744,0.87475,4.20,1.20
2009.05.22 19:02:05.880,0.8744,0.87475,4.20,2.80
2009.05.22 19:02:06.160,0.8744,0.87475,4.20,1.20
2009.05.22 19:02:28.345,0.87445,0.87485,4.20,4.60
2009.05.22 19:02:28.635,0.87445,0.8748,2.40,1.00
2009.05.22 19:02:28.985,0.87445,0.87485,4.20,7.40
2009.05.22 19:02:29.334,0.87445,0.87485,4.20,6.40
2009.05.22 19:02:30.734,0.87445,0.87475,4.20,1.20
2009.05.22 19:02:30.784,0.87445,0.87475,1.80,1.20
2009.05.22 19:02:31.194,0.87445,0.87475,5.80,1.20
2009.05.22 19:02:31.484,0.87445,0.8748,5.80,4.00
2009.05.22 19:02:31.654,0.87445,0.8749,5.80,6.40
2009.05.22 19:02:31.774,0.87445,0.8749,5.80,4.80
2009.05.22 19:02:32.064,0.87445,0.8749,5.80,6.40
2009.05.22 19:02:38.962,0.87445,0.8749,5.80,7.40
2009.05.22 19:02:39.532,0.8744,0.8748,8.20,1.20
2009.05.22 19:02:39.762,0.8744,0.8748,4.80,1.20
2009.05.22 19:02:40.452,0.87445,0.8748,2.40,1.20
2009.05.22 19:02:40.802,0.87445,0.8749,5.80,2.00
2009.05.22 19:02:40.981,0.87445,0.87485,5.80,1.60
2009.05.22 19:02:41.151,0.87445,0.8749,5.80,6.40
2009.05.22 19:02:41.391,0.87445,0.8749,6.40,6.40
2009.05.22 19:02:41.751,0.87445,0.87485,6.40,2.60
2009.05.22 19:02:41.931,0.87445,0.8749,6.40,6.40
2009.05.22 19:02:42.871,0.87445,0.8749,6.40,2.00
2009.05.22 19:02:42.991,0.87445,0.8749,5.80,2.00
2009.05.22 19:02:43.111,0.87445,0.8748,5.80,1.20
2009.05.22 19:02:43.221,0.8744,0.87485,8.40,2.60
2009.05.22 19:02:43.511,0.8744,0.87485,8.40,2.60
2009.05.22 19:02:43.681,0.87445,0.8749,5.80,12.20
2009.05.22 19:02:43.801,0.87445,0.8748,5.80,1.20
2009.05.22 19:02:44.201,0.8744,0.8748,9.40,2.00
2009.05.22 19:02:44.471,0.8744,0.8748,8.00,2.00
2009.05.22 19:02:44.691,0.8744,0.8748,4.20,2.00
2009.05.22 19:02:44.871,0.8744,0.8748,4.20,3.20
2009.05.22 19:02:47.250,0.8744,0.8748,4.80,3.20
2009.05.22 19:02:47.360,0.8744,0.8749,4.80,5.80
2009.05.22 19:02:47.590,0.87445,0.8749,2.40,4.00
2009.05.22 19:02:47.870,0.87445,0.8749,2.40,15.40
2009.05.22 19:02:48.170,0.87445,0.8749,2.40,12.20
2009.05.22 19:02:48.530,0.87445,0.8749,2.40,10.60
2009.05.22 19:02:53.288,0.87445,0.8749,2.40,15.40
2009.05.22 19:02:55.238,0.8744,0.87475,2.20,1.20
2009.05.22 19:02:55.408,0.8744,0.87475,1.80,1.20
2009.05.22 19:02:56.158,0.8744,0.87485,1.80,2.00
2009.05.22 19:02:56.218,0.8744,0.87485,4.20,2.00
2009.05.22 19:02:56.508,0.87445,0.87485,2.40,3.60
2009.05.22 19:02:56.628,0.87445,0.87485,2.40,2.60
2009.05.22 19:02:56.748,0.87445,0.8749,2.40,4.00
2009.05.22 19:02:57.328,0.87445,0.8749,2.40,15.40
2009.05.22 19:02:57.728,0.87445,0.8749,5.80,4.20
2009.05.22 19:02:57.847,0.87445,0.8749,6.40,4.20
2009.05.22 19:02:58.377,0.8745,0.8749,7.20,4.20
2009.05.22 19:02:58.717,0.8745,0.8748,7.20,2.40
2009.05.22 19:02:58.947,0.8745,0.87475,7.20,1.20
2009.05.22 19:02:59.237,0.8744,0.87475,6.80,1.20
2009.05.22 19:02:59.467,0.8744,0.87475,4.80,1.20
2009.05.22 19:03:02.486,0.87445,0.87475,5.80,1.20
2009.05.22 19:03:02.656,0.87455,0.87475,1.80,1.20
2009.05.22 19:03:02.886,0.87455,0.8748,1.80,1.00
2009.05.22 19:03:03.286,0.87445,0.87485,6.40,2.00
2009.05.22 19:03:03.636,0.8745,0.87485,8.80,3.60
2009.05.22 19:03:05.126,0.8745,0.87485,2.80,3.60
2009.05.22 19:03:05.246,0.87455,0.87485,1.80,1.20
2009.05.22 19:03:05.536,0.87455,0.87495,5.80,2.00
2009.05.22 19:03:05.836,0.87455,0.87495,2.20,2.00
2009.05.22 19:03:05.956,0.87455,0.87495,1.00,3.60
2009.05.22 19:03:06.296,0.87455,0.87495,5.20,3.60
2009.05.22 19:03:06.466,0.87455,0.87495,2.40,3.60
2009.05.22 19:03:06.815,0.87455,0.87495,2.80,3.60
2009.05.22 19:03:07.045,0.8746,0.87495,2.40,4.60
2009.05.22 19:03:07.275,0.8746,0.87495,2.40,3.60
2009.05.22 19:03:07.685,0.87465,0.87495,2.40,3.60
2009.05.22 19:03:07.745,0.87465,0.87495,4.20,2.80
2009.05.22 19:03:08.095,0.87465,0.87495,4.20,1.20
2009.05.22 19:03:08.205,0.87465,0.875,2.40,3.60
2009.05.22 19:03:08.675,0.87465,0.875,2.80,3.60
2009.05.22 19:03:09.185,0.87465,0.875,2.40,1.20
2009.05.22 19:03:09.295,0.87465,0.875,2.40,3.60
2009.05.22 19:03:10.276,0.87465,0.875,2.40,2.00
2009.05.22 19:03:10.385,0.87465,0.875,4.20,1.20
2009.05.22 19:03:12.274,0.8747,0.875,2.40,1.20
2009.05.22 19:03:26.051,0.8747,0.8751,2.40,5.80
2009.05.22 19:03:26.970,0.8747,0.8751,2.40,3.40
2009.05.22 19:03:28.580,0.87485,0.8751,2.40,3.40
2009.05.22 19:03:28.870,0.8749,0.875,1.80,1.00
2009.05.22 19:03:29.110,0.87475,0.8751,2.40,1.00
2009.05.22 19:03:29.400,0.8748,0.8751,2.40,1.00
2009.05.22 19:03:31.529,0.8748,0.87525,2.40,3.20
2009.05.22 19:03:34.119,0.8748,0.87525,2.40,5.80
2009.05.22 19:03:35.718,0.8748,0.87525,2.40,5.00
2009.05.22 19:03:35.768,0.87485,0.87525,2.40,5.00
2009.05.22 19:03:42.217,0.87485,0.87525,2.40,6.40
2009.05.22 19:03:43.516,0.87485,0.8753,2.40,4.20
2009.05.22 19:03:43.746,0.87485,0.8753,2.40,2.60
2009.05.22 19:03:43.906,0.87495,0.8753,2.40,2.60
2009.05.22 19:03:44.416,0.87495,0.87535,2.40,4.80
2009.05.22 19:03:52.065,0.87495,0.8753,2.40,1.00
2009.05.22 19:03:55.974,0.87495,0.8753,2.40,2.60
2009.05.22 19:03:58.073,0.87495,0.8753,7.20,1.00
2009.05.22 19:03:58.423,0.8749,0.8753,2.80,1.00
2009.05.22 19:03:59.413,0.875,0.8753,2.40,1.00
2009.05.22 19:03:59.583,0.875,0.8753,4.20,1.00
2009.05.22 19:04:00.042,0.87495,0.8753,3.40,1.00
2009.05.22 19:04:00.212,0.8749,0.8753,2.80,1.00
2009.05.22 19:04:02.482,0.8749,0.87515,2.80,1.20
2009.05.22 19:04:04.472,0.8749,0.8752,2.80,1.20
2009.05.22 19:04:04.831,0.87495,0.8752,2.80,1.20
2009.05.22 19:04:18.428,0.87495,0.87515,2.80,1.20
2009.05.22 19:04:18.658,0.87495,0.87515,7.20,1.20
2009.05.22 19:04:18.888,0.87495,0.8751,2.80,1.20
2009.05.22 19:04:19.068,0.87495,0.8751,7.20,1.20
2009.05.22 19:04:19.298,0.875,0.8751,6.80,1.20
2009.05.22 19:04:19.528,0.875,0.8751,7.20,1.20
2009.05.22 19:04:21.067,0.87495,0.8751,7.20,1.20
2009.05.22 19:04:22.847,0.8749,0.8751,2.80,1.20
2009.05.22 19:04:23.137,0.8749,0.8751,7.20,1.20
2009.05.22 19:04:24.297,0.87485,0.8751,4.00,1.20
2009.05.22 19:04:26.646,0.8749,0.8751,2.40,1.20
2009.05.22 19:04:26.996,0.8749,0.87515,4.20,1.20
2009.05.22 19:04:28.705,0.87495,0.87515,2.40,1.20
2009.05.22 19:04:28.935,0.87495,0.8752,2.40,1.20
2009.05.22 19:04:30.415,0.8749,0.8752,5.00,1.20
2009.05.22 19:04:30.535,0.8749,0.87515,5.00,1.20
2009.05.22 19:04:30.945,0.8749,0.87515,2.40,1.20
2009.05.22 19:04:32.355,0.8749,0.87515,2.80,1.20
2009.05.22 19:04:33.505,0.87495,0.87515,2.40,1.20
2009.05.22 19:04:33.984,0.875,0.87525,2.40,1.20
2009.05.22 19:04:38.213,0.875,0.8752,2.40,1.20
2009.05.22 19:04:38.663,0.87495,0.8752,2.80,1.20
2009.05.22 19:04:39.063,0.87495,0.87515,2.80,1.20
2009.05.22 19:04:39.573,0.875,0.87515,6.80,1.20
2009.05.22 19:04:39.693,0.8749,0.87515,11.60,1.20
2009.05.22 19:04:39.813,0.875,0.87515,2.00,1.20
2009.05.22 19:04:40.453,0.8749,0.87515,8.40,1.20
2009.05.22 19:04:40.793,0.8749,0.8752,4.40,1.20
2009.05.22 19:04:41.083,0.87495,0.8752,2.80,1.20
2009.05.22 19:04:41.363,0.875,0.87525,2.40,1.20
2009.05.22 19:04:44.962,0.87505,0.8753,2.40,1.20
2009.05.22 19:04:48.831,0.87505,0.8753,2.40,1.20
2009.05.22 19:04:53.979,0.8751,0.8753,2.40,1.20
2009.05.22 19:04:54.270,0.87505,0.8752,2.40,1.20
2009.05.22 19:04:54.569,0.87505,0.87525,2.40,1.20
2009.05.22 19:04:54.739,0.875,0.8752,2.40,1.20
2009.05.22 19:04:55.389,0.875,0.87515,2.40,1.20
2009.05.22 19:04:55.509,0.875,0.8752,2.40,1.20
2009.05.22 19:04:55.799,0.87505,0.8752,2.40,1.20
2009.05.22 19:04:55.969,0.8751,0.87525,2.40,1.20
2009.05.22 19:04:56.309,0.87515,0.87535,2.40,1.20
2009.05.22 19:04:56.669,0.87515,0.8753,2.40,1.20
2009.05.22 19:04:57.019,0.87515,0.8754,2.40,1.20
2009.05.22 19:04:57.249,0.87515,0.8754,2.80,1.20
2009.05.22 19:04:57.429,0.87515,0.87545,2.80,1.20
2009.05.22 19:04:58.748,0.87515,0.87525,7.20,1.20
2009.05.22 19:04:59.038,0.87505,0.8753,2.40,1.20
2009.05.22 19:04:59.378,0.87505,0.87535,2.80,1.20
2009.05.22 19:05:00.068,0.87515,0.8754,2.40,1.20
2009.05.22 19:05:02.807,0.8751,0.8753,2.40,1.20
2009.05.22 19:05:04.387,0.87515,0.8754,2.40,1.20
2009.05.22 19:05:05.607,0.87515,0.8753,2.40,1.20
2009.05.22 19:05:05.957,0.87505,0.8753,2.80,1.20
2009.05.22 19:05:06.477,0.87505,0.8753,2.40,1.20
2009.05.22 19:05:06.986,0.875,0.87525,2.80,1.20
2009.05.22 19:05:07.396,0.875,0.87525,2.40,1.20
2009.05.22 19:05:07.506,0.87505,0.8753,2.40,1.00
2009.05.22 19:05:07.906,0.875,0.8753,2.40,1.00
2009.05.22 19:05:13.005,0.875,0.87545,2.40,7.00
2009.05.22 19:05:14.424,0.875,0.87545,2.40,8.00
2009.05.22 19:05:14.724,0.875,0.87535,2.40,1.20
2009.05.22 19:05:26.012,0.875,0.8754,2.40,4.20
2009.05.22 19:05:26.292,0.87495,0.8753,2.40,1.00
2009.05.22 19:05:26.992,0.875,0.8753,2.40,1.00
2009.05.22 19:05:29.381,0.87495,0.8753,2.40,1.00
2009.05.22 19:05:33.030,0.87495,0.8753,2.40,1.00
2009.05.22 19:05:33.420,0.87495,0.8753,2.80,1.00
2009.05.22 19:05:33.540,0.87495,0.8753,2.40,1.00
2009.05.22 19:05:33.890,0.875,0.8753,2.40,1.00
2009.05.22 19:05:34.050,0.875,0.87535,2.40,3.60
2009.05.22 19:05:35.909,0.875,0.87535,2.40,5.80
2009.05.22 19:05:36.489,0.87485,0.87525,2.80,2.00
2009.05.22 19:05:36.829,0.8748,0.8751,4.20,1.20
2009.05.22 19:05:37.359,0.87475,0.8751,2.40,2.20
2009.05.22 19:05:39.399,0.8747,0.875,2.80,1.20
2009.05.22 19:05:39.818,0.8747,0.875,2.40,1.20
2009.05.22 19:05:43.188,0.87475,0.875,2.40,1.20
2009.05.22 19:05:43.248,0.87475,0.8751,2.40,7.40
2009.05.22 19:05:43.308,0.87475,0.8751,2.40,6.60
2009.05.22 19:05:43.367,0.87475,0.8751,2.40,5.00
2009.05.22 19:05:43.597,0.87475,0.8751,2.40,3.40
2009.05.22 19:05:43.658,0.87475,0.8751,4.00,3.40
2009.05.22 19:05:44.217,0.8748,0.8751,2.40,3.40
2009.05.22 19:05:46.297,0.87485,0.8751,2.40,3.40
2009.05.22 19:05:46.807,0.87475,0.8751,2.40,3.40
2009.05.22 19:05:47.157,0.87475,0.8751,4.00,2.40
2009.05.22 19:05:47.337,0.8748,0.8751,2.40,1.00
2009.05.22 19:05:47.796,0.8748,0.87515,2.40,1.20
2009.05.22 19:05:49.876,0.8748,0.87515,4.20,1.20
2009.05.22 19:05:50.266,0.8749,0.87515,2.40,1.20
2009.05.22 19:05:50.666,0.87475,0.87515,2.80,1.20
2009.05.22 19:05:50.836,0.8748,0.87515,2.40,1.20
2009.05.22 19:05:52.926,0.87485,0.87515,2.40,1.20
2009.05.22 19:05:53.695,0.8749,0.87515,4.20,1.20
2009.05.22 19:05:54.965,0.8749,0.87515,2.40,1.20
2009.05.22 19:05:55.534,0.8749,0.87515,2.80,1.20
2009.05.22 19:05:56.174,0.8749,0.87515,2.40,1.20
2009.05.22 19:05:58.194,0.8748,0.87515,2.80,1.20
2009.05.22 19:06:04.423,0.8749,0.87515,1.00,1.20
2009.05.22 19:06:04.642,0.8749,0.87515,7.20,1.20
2009.05.22 19:06:04.982,0.8748,0.87515,9.80,1.20
2009.05.22 19:06:05.042,0.8748,0.87515,2.80,1.20
2009.05.22 19:06:18.329,0.87495,0.87515,2.40,1.20
2009.05.22 19:06:20.399,0.87485,0.87515,2.40,1.20
2009.05.22 19:06:21.788,0.8749,0.87525,2.40,1.20
2009.05.22 19:06:49.542,0.8749,0.87515,1.80,7.40
2009.05.22 19:06:49.721,0.8749,0.87515,1.80,2.40
2009.05.22 19:06:49.772,0.8749,0.87515,1.80,1.20
2009.05.22 19:06:50.291,0.8748,0.87515,2.40,1.20
2009.05.22 19:06:50.411,0.8747,0.8751,2.40,1.20
2009.05.22 19:06:50.761,0.8747,0.8751,2.80,1.20
2009.05.22 19:06:50.941,0.8748,0.8751,2.40,1.20
2009.05.22 19:06:51.801,0.8748,0.87515,2.40,1.20
2009.05.22 19:06:59.019,0.8748,0.8751,2.40,1.20
2009.05.22 19:06:59.769,0.8747,0.8751,2.40,2.00
2009.05.22 19:07:00.409,0.8747,0.8751,2.40,2.40
2009.05.22 19:07:00.649,0.87475,0.8751,1.60,7.20
2009.05.22 19:07:00.989,0.8748,0.8751,2.40,1.20
2009.05.22 19:07:01.509,0.8748,0.87515,2.80,1.20
2009.05.22 19:07:02.728,0.8748,0.87515,2.40,1.20
2009.05.22 19:07:03.248,0.8747,0.8751,2.80,1.20
2009.05.22 19:07:03.308,0.8747,0.8751,2.40,1.20
2009.05.22 19:07:05.438,0.87475,0.8751,1.60,1.20
2009.05.22 19:07:05.498,0.8748,0.8751,2.40,1.20
2009.05.22 19:07:08.117,0.8748,0.87515,2.40,1.20
2009.05.22 19:07:15.655,0.8748,0.87525,2.40,4.00
2009.05.22 19:07:15.766,0.87485,0.87525,2.40,1.20
2009.05.22 19:07:16.395,0.87485,0.87525,2.80,1.20
2009.05.22 19:07:18.485,0.87485,0.8751,2.40,1.20
2009.05.22 19:07:18.714,0.87485,0.8751,6.80,3.60
2009.05.22 19:07:19.005,0.87465,0.8751,2.40,3.60
2009.05.22 19:07:19.295,0.8746,0.8751,2.80,4.60
2009.05.22 19:07:19.594,0.8746,0.87505,2.40,2.60
2009.05.22 19:07:20.164,0.8746,0.8751,2.40,4.00
2009.05.22 19:07:20.864,0.87465,0.8751,2.40,4.00
2009.05.22 19:07:21.084,0.87475,0.8751,2.40,9.60
2009.05.22 19:07:21.484,0.8747,0.8751,1.80,6.40
2009.05.22 19:07:21.774,0.87465,0.8751,4.80,6.40
2009.05.22 19:07:21.944,0.87465,0.8751,4.20,6.40
2009.05.22 19:07:22.294,0.87465,0.8751,4.20,11.20
2009.05.22 19:07:23.983,0.87465,0.8751,4.80,6.40
2009.05.22 19:07:24.163,0.87465,0.87515,4.80,3.60
2009.05.22 19:07:24.333,0.8747,0.87515,2.40,3.60
2009.05.22 19:07:24.693,0.87475,0.87515,4.80,1.20
2009.05.22 19:07:25.333,0.8748,0.87515,1.80,1.20
2009.05.22 19:07:25.793,0.87475,0.87515,4.80,1.20
2009.05.22 19:07:26.233,0.87475,0.87525,4.80,3.80
2009.05.22 19:07:26.522,0.87485,0.87525,2.40,3.60
2009.05.22 19:07:26.862,0.87485,0.87525,2.40,2.00
2009.05.22 19:07:27.032,0.8748,0.87525,2.40,2.00
2009.05.22 19:07:28.932,0.8748,0.87525,2.40,4.80
2009.05.22 19:07:36.930,0.8748,0.87525,2.40,2.00
2009.05.22 19:07:37.210,0.8748,0.87525,2.40,4.80
2009.05.22 19:07:44.598,0.8748,0.8752,2.40,2.60
2009.05.22 19:07:44.948,0.8747,0.87515,2.40,1.20
2009.05.22 19:07:45.298,0.8747,0.8751,2.00,3.60
2009.05.22 19:07:45.528,0.87455,0.87495,12.00,2.00
2009.05.22 19:07:45.708,0.87455,0.87495,2.40,2.00
2009.05.22 19:07:51.066,0.8746,0.8751,2.80,4.00
2009.05.22 19:07:51.397,0.8746,0.8751,4.40,4.00
2009.05.22 19:07:51.507,0.8747,0.87515,2.40,4.00
2009.05.22 19:08:21.859,0.8747,0.87515,4.00,4.00
2009.05.22 19:08:21.919,0.87475,0.87515,2.40,4.00
2009.05.22 19:08:21.979,0.87475,0.87515,4.20,4.00
2009.05.22 19:08:22.039,0.87475,0.87515,4.20,7.20
2009.05.22 19:08:22.369,0.8747,0.87515,2.40,7.20
2009.05.22 19:08:22.419,0.8747,0.87515,2.40,4.00
2009.05.22 19:08:24.898,0.87475,0.8751,2.40,4.00
2009.05.22 19:08:25.308,0.8747,0.8751,2.40,4.00
2009.05.22 19:08:26.038,0.8747,0.8751,2.40,9.60
2009.05.22 19:08:26.388,0.8747,0.8751,2.40,3.60
2009.05.22 19:08:26.909,0.8747,0.87515,2.40,7.00
2009.05.22 19:08:27.378,0.8747,0.87515,2.40,4.00
2009.05.22 19:08:28.058,0.8747,0.87515,4.00,4.00
2009.05.22 19:08:28.388,0.87475,0.87515,1.80,4.00
2009.05.22 19:08:28.448,0.8747,0.87515,2.80,2.40
2009.05.22 19:08:28.568,0.8747,0.87515,2.80,1.20
2009.05.22 19:08:28.677,0.8747,0.87515,2.40,4.00
2009.05.22 19:08:48.033,0.87475,0.87515,4.20,2.40
2009.05.22 19:08:48.093,0.87475,0.87515,4.20,4.00
2009.05.22 19:08:53.542,0.8747,0.87515,2.80,4.00
2009.05.22 19:08:53.772,0.8747,0.87515,2.80,2.80
2009.05.22 19:08:53.831,0.8747,0.8751,2.40,3.60
2009.05.22 19:08:53.892,0.8747,0.8751,2.40,5.20
2009.05.22 19:08:54.181,0.8747,0.8751,2.40,6.40
2009.05.22 19:08:55.221,0.8747,0.8751,2.40,5.20
2009.05.22 19:08:55.561,0.8747,0.8751,2.40,3.60
2009.05.22 19:09:02.709,0.87475,0.8751,4.20,4.80
2009.05.22 19:09:02.939,0.87475,0.8751,4.20,3.60
2009.05.22 19:09:18.935,0.87475,0.8751,5.80,3.60
2009.05.22 19:09:18.995,0.8748,0.8751,2.40,2.80
2009.05.22 19:09:19.165,0.8748,0.8751,2.40,1.20
2009.05.22 19:09:30.273,0.87485,0.8751,1.80,1.20
2009.05.22 19:09:41.040,0.8746,0.87495,1.80,2.00
2009.05.22 19:09:41.330,0.8746,0.87495,1.80,3.60
2009.05.22 19:09:43.139,0.87465,0.87495,1.80,3.60
2009.05.22 19:09:43.259,0.87465,0.87495,1.80,2.80
2009.05.22 19:09:43.549,0.87465,0.87495,1.80,1.20
2009.05.22 19:09:45.989,0.87465,0.875,1.60,2.60
2009.05.22 19:09:46.259,0.87465,0.875,5.80,2.60
2009.05.22 19:09:46.669,0.8747,0.87505,2.40,5.80
2009.05.22 19:09:47.009,0.8747,0.87515,2.40,2.60
2009.05.22 19:09:52.088,0.87465,0.87515,2.40,2.60
2009.05.22 19:09:52.317,0.87465,0.87515,4.00,2.60
2009.05.22 19:09:52.377,0.8747,0.87515,2.40,7.40
2009.05.22 19:09:52.657,0.8747,0.8752,2.40,4.00
2009.05.22 19:09:54.007,0.8747,0.8752,2.40,4.60
2009.05.22 19:09:54.447,0.8747,0.87515,2.40,2.60
2009.05.22 19:09:58.076,0.8747,0.8752,2.40,4.00
2009.05.22 19:09:59.925,0.87475,0.8752,1.60,4.00
2009.05.22 19:10:00.105,0.87475,0.8752,5.80,4.00
2009.05.22 19:10:00.285,0.8747,0.8752,4.40,11.20
2009.05.22 19:10:00.345,0.8747,0.8752,2.80,11.20
2009.05.22 19:10:00.675,0.8747,0.8752,2.40,4.00
2009.05.22 19:10:06.104,0.8747,0.87515,2.40,2.60
2009.05.22 19:10:08.973,0.8747,0.87515,2.40,7.40
2009.05.22 19:10:09.253,0.8747,0.87515,2.40,8.60
2009.05.22 19:10:09.363,0.8747,0.8751,2.40,2.60
2009.05.22 19:10:11.553,0.8747,0.87515,2.40,2.60
2009.05.22 19:10:12.482,0.8747,0.8752,2.40,4.00
2009.05.22 19:10:14.352,0.87475,0.8752,2.40,4.00
2009.05.22 19:10:14.522,0.87475,0.87515,5.80,5.80
2009.05.22 19:10:14.752,0.87475,0.8752,5.80,6.40
2009.05.22 19:10:14.982,0.87475,0.8752,7.40,6.40
2009.05.22 19:10:15.162,0.8748,0.8753,2.40,5.00
2009.05.22 19:10:15.342,0.8748,0.8753,2.40,4.00
2009.05.22 19:10:16.711,0.8748,0.87525,2.40,2.60
2009.05.22 19:10:18.181,0.87475,0.87525,2.40,2.60
2009.05.22 19:10:19.161,0.87475,0.87525,4.00,2.60
2009.05.22 19:10:19.341,0.8748,0.87525,2.40,2.60
2009.05.22 19:10:23.080,0.8748,0.8752,2.40,1.60
2009.05.22 19:10:23.310,0.8748,0.8751,2.40,1.20
2009.05.22 19:10:23.430,0.87475,0.8751,2.40,8.40
2009.05.22 19:10:23.540,0.8747,0.8751,2.80,8.40
2009.05.22 19:10:24.069,0.8747,0.8751,2.40,8.40
2009.05.22 19:10:38.206,0.8747,0.8751,2.40,7.60
2009.05.22 19:10:38.266,0.8747,0.8752,2.40,3.60
2009.05.22 19:10:38.376,0.87475,0.8752,5.00,2.60
2009.05.22 19:10:38.436,0.8748,0.8752,2.40,2.60
2009.05.22 19:10:39.126,0.8748,0.87525,2.40,2.60
2009.05.22 19:10:45.154,0.8748,0.8752,2.40,1.20
2009.05.22 19:10:45.394,0.8748,0.8752,2.40,2.80
2009.05.22 19:10:45.564,0.87475,0.8752,5.80,3.60
2009.05.22 19:10:45.794,0.87475,0.8752,5.80,4.00
2009.05.22 19:10:47.214,0.87475,0.8752,5.80,2.60
2009.05.22 19:10:47.334,0.8748,0.8752,2.40,2.60
2009.05.22 19:10:47.684,0.8748,0.87525,2.40,2.60
2009.05.22 19:11:06.929,0.8748,0.8753,2.40,4.00
2009.05.22 19:11:12.198,0.8748,0.8753,2.40,4.60
2009.05.22 19:11:12.438,0.8748,0.87525,2.40,2.60
2009.05.22 19:11:17.467,0.8748,0.8753,2.40,4.00
2009.05.22 19:11:20.356,0.8748,0.8753,2.40,4.60
2009.05.22 19:11:20.526,0.8748,0.87525,2.40,2.60
2009.05.22 19:11:21.036,0.87485,0.87525,1.80,2.60
2009.05.22 19:11:21.206,0.87485,0.8753,4.20,4.00
2009.05.22 19:11:21.446,0.87485,0.8753,5.80,4.00
2009.05.22 19:11:21.746,0.8749,0.87535,2.40,4.80
2009.05.22 19:11:28.664,0.87485,0.8753,4.00,2.60
2009.05.22 19:11:28.774,0.87485,0.8753,5.80,2.60
2009.05.22 19:11:29.004,0.8749,0.87535,2.40,4.80
2009.05.22 19:11:29.404,0.87485,0.87535,2.40,4.80
2009.05.22 19:11:32.683,0.87475,0.87525,4.20,4.20
2009.05.22 19:11:32.983,0.87475,0.87525,2.40,4.20
2009.05.22 19:11:33.103,0.87475,0.8752,2.40,16.00
2009.05.22 19:11:33.563,0.87475,0.8752,2.40,4.00
2009.05.22 19:11:37.222,0.87475,0.8752,2.40,16.00
2009.05.22 19:11:38.482,0.87475,0.8752,2.40,14.40
2009.05.22 19:11:41.441,0.87475,0.8752,2.40,16.00
2009.05.22 19:11:47.929,0.87475,0.87515,2.40,2.60
2009.05.22 19:11:48.730,0.8747,0.87515,2.40,9.00
2009.05.22 19:11:48.789,0.8747,0.8751,2.40,8.40
2009.05.22 19:11:49.509,0.8747,0.87515,2.40,9.80
2009.05.22 19:11:49.749,0.87475,0.87515,2.40,9.00
2009.05.22 19:11:50.039,0.87475,0.87515,2.40,2.60
2009.05.22 19:12:00.626,0.87475,0.8752,2.40,2.80
2009.05.22 19:12:00.857,0.8747,0.87515,2.40,3.60
2009.05.22 19:12:02.176,0.8747,0.87515,2.40,6.40
2009.05.22 19:12:07.105,0.8747,0.87515,2.40,4.00
2009.05.22 19:12:10.344,0.8748,0.87515,2.40,4.00
2009.05.22 19:12:10.584,0.8748,0.87515,2.40,6.00
2009.05.22 19:12:13.313,0.87475,0.87515,2.40,6.00
2009.05.22 19:12:15.433,0.87475,0.87515,4.20,6.00
2009.05.22 19:12:17.652,0.87475,0.87515,4.20,6.80
2009.05.22 19:12:17.942,0.87475,0.87505,1.80,1.20
2009.05.22 19:12:29.249,0.8747,0.8751,4.80,2.80
2009.05.22 19:12:29.539,0.87475,0.87505,2.40,1.60
2009.05.22 19:12:29.709,0.87475,0.87515,2.40,6.00
2009.05.22 19:12:30.419,0.8748,0.87515,2.40,6.00
2009.05.22 19:12:34.818,0.87475,0.87515,2.40,6.00
2009.05.22 19:12:40.357,0.87475,0.87505,2.40,1.20
2009.05.22 19:12:40.457,0.87475,0.87505,2.40,2.80
2009.05.22 19:12:40.806,0.87465,0.87505,5.80,2.80
2009.05.22 19:12:46.885,0.8747,0.87505,2.40,2.80
2009.05.22 19:12:47.215,0.8747,0.87505,2.40,1.60
2009.05.22 19:12:47.495,0.8747,0.87515,2.40,3.60
2009.05.22 19:12:48.594,0.8747,0.87515,2.40,4.60
2009.05.22 19:12:48.645,0.87465,0.87515,6.40,5.40
2009.05.22 19:12:48.705,0.87465,0.87505,4.80,2.00
2009.05.22 19:12:48.935,0.87465,0.87505,4.80,3.60
2009.05.22 19:12:48.995,0.87465,0.87505,4.20,3.60
2009.05.22 19:13:05.371,0.87465,0.87505,5.80,3.60
2009.05.22 19:13:05.481,0.87465,0.87505,5.80,2.40
2009.05.22 19:13:05.591,0.8747,0.87505,2.40,1.60
2009.05.22 19:13:05.761,0.8747,0.87515,2.40,3.60
2009.05.22 19:13:07.470,0.87475,0.87515,2.40,3.60
2009.05.22 19:13:07.530,0.87475,0.87515,4.20,3.60
2009.05.22 19:13:09.600,0.87475,0.87515,5.80,3.60
2009.05.22 19:13:09.720,0.8748,0.87515,2.40,2.80
2009.05.22 19:13:10.069,0.87485,0.8752,4.20,4.00
2009.05.22 19:13:10.359,0.87485,0.8752,4.20,1.20
2009.05.22 19:13:11.349,0.87485,0.8752,2.40,1.20
2009.05.22 19:13:11.529,0.8748,0.8752,2.80,4.60
2009.05.22 19:13:11.809,0.87485,0.8751,1.80,1.20
2009.05.22 19:13:12.229,0.87475,0.8751,4.20,1.20
2009.05.22 19:13:14.428,0.87475,0.8751,1.80,1.20
2009.05.22 19:13:14.478,0.8747,0.8751,2.40,2.00
2009.05.22 19:13:14.828,0.8747,0.8751,2.40,3.60
2009.05.22 19:13:16.648,0.8747,0.8751,2.40,2.00
2009.05.22 19:13:16.708,0.8747,0.87515,2.40,4.00
2009.05.22 19:13:17.048,0.8747,0.87515,2.40,2.60
2009.05.22 19:13:20.607,0.8747,0.87515,2.40,3.40
2009.05.22 19:13:20.897,0.8747,0.8751,2.40,8.00
2009.05.22 19:13:20.957,0.87465,0.8751,5.80,14.40
2009.05.22 19:13:21.527,0.8747,0.8751,2.40,4.00
2009.05.22 19:13:21.807,0.8747,0.8751,2.40,14.40
2009.05.22 19:13:22.216,0.8747,0.8751,2.40,8.40
2009.05.22 19:13:28.005,0.8748,0.8752,2.40,8.80
2009.05.22 19:13:28.295,0.8748,0.8752,2.40,4.00
2009.05.22 19:13:28.805,0.8748,0.8752,2.40,2.60
2009.05.22 19:13:29.035,0.8748,0.87525,2.40,2.60
2009.05.22 19:13:30.565,0.8748,0.8752,2.40,3.60
2009.05.22 19:13:30.915,0.87485,0.8752,4.20,3.60
2009.05.22 19:13:31.454,0.87475,0.8751,2.20,1.00
2009.05.22 19:13:31.794,0.87475,0.8751,1.00,8.40
2009.05.22 19:13:33.804,0.8747,0.8751,2.40,8.40
2009.05.22 19:13:48.420,0.87465,0.87495,4.80,1.20
2009.05.22 19:13:48.710,0.87465,0.87495,4.20,1.20
2009.05.22 19:13:48.950,0.87465,0.87495,2.40,3.60
2009.05.22 19:13:49.760,0.8746,0.87495,4.20,3.60
2009.05.22 19:13:51.989,0.87465,0.87495,1.80,1.20
2009.05.22 19:13:58.618,0.87465,0.875,4.20,1.20
2009.05.22 19:14:12.985,0.8746,0.87495,2.20,1.20
2009.05.22 19:14:13.274,0.8746,0.87495,2.20,2.80
2009.05.22 19:14:13.394,0.8746,0.875,4.20,6.80
2009.05.22 19:14:13.874,0.8746,0.875,1.80,6.80
2009.05.22 19:14:13.984,0.87455,0.875,2.80,6.80
2009.05.22 19:14:14.214,0.87455,0.875,2.40,6.80
2009.05.22 19:14:14.734,0.8746,0.875,4.20,6.80
2009.05.22 19:14:23.992,0.8746,0.875,4.80,6.80
2009.05.22 19:14:35.809,0.87465,0.875,1.80,6.80
2009.05.22 19:14:36.029,0.87465,0.875,4.20,6.00
2009.05.22 19:14:39.148,0.8747,0.875,2.40,6.00
2009.05.22 19:14:39.208,0.87475,0.875,1.80,6.00
2009.05.22 19:14:39.608,0.87475,0.875,1.80,1.20
2009.05.22 19:14:39.658,0.87475,0.875,4.20,1.20
2009.05.22 19:14:39.718,0.87475,0.8751,4.20,2.80
2009.05.22 19:14:39.948,0.87475,0.8751,4.20,1.20
2009.05.22 19:14:40.288,0.87475,0.8751,2.40,2.00
2009.05.22 19:14:40.748,0.8747,0.8751,2.40,8.40
2009.05.22 19:14:41.038,0.8747,0.8751,2.40,3.60
2009.05.22 19:14:45.786,0.8746,0.875,2.40,8.40
2009.05.22 19:14:46.016,0.87465,0.875,2.40,8.40
2009.05.22 19:14:46.306,0.8746,0.875,2.40,8.40
2009.05.22 19:14:55.674,0.87465,0.875,4.20,8.40
2009.05.22 19:15:08.011,0.8746,0.875,2.40,8.40
2009.05.22 19:15:08.241,0.8747,0.875,4.20,8.40
2009.05.22 19:15:08.891,0.8747,0.875,4.20,1.20
2009.05.22 19:15:11.380,0.8746,0.87495,3.60,1.20
2009.05.22 19:15:11.730,0.87455,0.87495,6.40,1.20
2009.05.22 19:15:11.960,0.8746,0.87495,1.00,1.20
2009.05.22 19:15:12.130,0.87455,0.87495,5.80,1.20
2009.05.22 19:15:12.480,0.8746,0.87495,2.40,1.20
2009.05.22 19:15:12.760,0.8746,0.875,2.40,9.60
2009.05.22 19:15:13.100,0.8746,0.875,2.40,8.40
2009.05.22 19:16:02.148,0.87455,0.875,4.80,8.40
2009.05.22 19:16:02.208,0.87455,0.875,2.80,8.40
2009.05.22 19:16:04.547,0.8746,0.875,1.60,8.40
2009.05.22 19:16:04.597,0.87465,0.875,2.40,8.40
2009.05.22 19:16:04.947,0.87465,0.875,4.20,1.20
2009.05.22 19:16:36.600,0.87465,0.8749,1.80,1.20
2009.05.22 19:16:37.339,0.87455,0.8749,4.20,1.20
2009.05.22 19:16:37.629,0.87455,0.87485,4.20,1.20
2009.05.22 19:16:37.689,0.87455,0.8749,4.20,6.60
2009.05.22 19:16:37.799,0.87455,0.87485,4.20,1.20
2009.05.22 19:16:38.090,0.87455,0.8749,4.20,1.20
2009.05.22 19:17:36.095,0.87465,0.8749,1.80,1.20
2009.05.22 19:17:37.515,0.87465,0.875,4.20,3.80
2009.05.22 19:17:37.565,0.87465,0.875,4.20,1.20
2009.05.22 19:17:45.993,0.8747,0.875,2.40,1.20
2009.05.22 19:17:46.163,0.87475,0.875,1.80,1.20
2009.05.22 19:17:55.251,0.87465,0.875,4.20,1.20
2009.05.22 19:17:55.430,0.87465,0.875,4.20,2.40
2009.05.22 19:17:55.671,0.87465,0.87485,2.20,1.20
2009.05.22 19:17:56.021,0.87465,0.87485,1.80,1.20
2009.05.22 19:17:56.260,0.87465,0.8749,1.80,1.60
2009.05.22 19:17:56.600,0.87465,0.87495,1.80,3.60
2009.05.22 19:17:57.010,0.87465,0.8749,1.80,4.00
2009.05.22 19:17:57.311,0.87465,0.87485,1.80,1.20
2009.05.22 19:17:57.770,0.87465,0.8749,1.80,1.20
2009.05.22 19:17:58.060,0.87465,0.87495,1.80,1.20
2009.05.22 19:17:59.530,0.87455,0.87495,4.20,4.00
2009.05.22 19:18:00.989,0.8746,0.87495,2.40,4.00
2009.05.22 19:18:01.169,0.87465,0.87495,1.80,2.40
2009.05.22 19:18:01.329,0.87465,0.8749,1.80,1.00
2009.05.22 19:18:01.739,0.87465,0.8749,1.80,4.00
2009.05.22 19:18:01.899,0.87465,0.8749,1.80,2.40
2009.05.22 19:18:02.189,0.87465,0.8749,1.80,2.60
2009.05.22 19:18:02.589,0.87465,0.87485,1.80,1.20
2009.05.22 19:18:02.699,0.87455,0.87475,1.80,1.20
2009.05.22 19:18:02.999,0.87455,0.8748,1.80,2.80
2009.05.22 19:18:03.289,0.87455,0.8748,1.80,4.00
2009.05.22 19:18:03.639,0.87455,0.8748,1.80,1.20
2009.05.22 19:18:03.699,0.87455,0.87485,1.80,1.20
2009.05.22 19:18:27.123,0.87455,0.87485,1.80,2.00
2009.05.22 19:18:27.183,0.87455,0.87485,1.80,4.80
2009.05.22 19:18:27.523,0.87455,0.87475,1.80,1.20
2009.05.22 19:18:30.582,0.87445,0.87475,1.80,1.20
2009.05.22 19:19:21.260,0.87445,0.87485,4.20,5.60
2009.05.22 19:19:21.610,0.87445,0.87485,4.20,3.60
2009.05.22 19:19:32.607,0.87455,0.87485,1.80,3.60
2009.05.22 19:19:32.657,0.87455,0.87485,3.40,3.60
2009.05.22 19:19:32.767,0.87455,0.87485,3.40,2.80
2009.05.22 19:19:33.057,0.87455,0.87485,1.80,1.20
2009.05.22 19:19:33.227,0.87455,0.87485,1.80,2.80
2009.05.22 19:19:33.287,0.87445,0.87485,4.20,3.60
2009.05.22 19:19:34.327,0.87445,0.87475,1.80,1.20
2009.05.22 19:20:21.085,0.87445,0.87465,1.80,1.20
2009.05.22 19:20:21.665,0.87445,0.8747,1.80,1.20
2009.05.22 19:20:22.125,0.87445,0.87475,1.80,4.00
2009.05.22 19:20:25.404,0.87445,0.87465,1.80,1.20
2009.05.22 19:20:31.563,0.87445,0.87475,1.80,4.00
2009.05.22 19:20:59.046,0.87445,0.87465,1.80,1.20
2009.05.22 19:20:59.566,0.87445,0.87475,1.80,7.20
2009.05.22 19:21:01.036,0.87445,0.87475,1.80,8.80
2009.05.22 19:21:01.956,0.87445,0.87465,1.80,1.20
2009.05.22 19:21:37.477,0.87435,0.87475,2.40,2.00
2009.05.22 19:21:37.987,0.87435,0.87475,2.40,3.60
2009.05.22 19:21:40.836,0.8744,0.87475,2.40,3.60
2009.05.22 19:21:40.996,0.8744,0.87475,5.80,2.80
2009.05.22 19:21:41.056,0.8744,0.87475,5.80,1.20
2009.05.22 19:21:58.922,0.8744,0.8746,1.60,1.20
2009.05.22 19:22:43.871,0.8744,0.87465,4.40,1.20
2009.05.22 19:22:44.211,0.8744,0.87465,2.80,1.20
2009.05.22 19:23:00.347,0.8744,0.87465,4.40,1.20
2009.05.22 19:23:00.977,0.8744,0.87485,6.40,2.80
2009.05.22 19:23:19.033,0.8744,0.87485,5.80,2.80
2009.05.22 19:23:19.273,0.8744,0.87485,6.40,2.80
2009.05.22 19:23:22.781,0.8744,0.87485,5.80,2.80
2009.05.22 19:23:24.301,0.8744,0.87485,6.40,2.80
2009.05.22 19:23:36.518,0.87445,0.87485,2.40,2.00
2009.05.22 19:23:36.918,0.87445,0.87485,4.20,2.00
2009.05.22 19:23:37.078,0.87445,0.87485,1.80,2.80
2009.05.22 19:23:37.498,0.8744,0.87485,6.40,2.80
2009.05.22 19:23:49.855,0.87445,0.87485,4.20,4.80
2009.05.22 19:23:49.965,0.8744,0.87485,1.60,5.40
2009.05.22 19:23:54.214,0.87435,0.87485,2.40,5.40
2009.05.22 19:23:54.894,0.8744,0.87485,7.20,2.80
2009.05.22 19:24:13.379,0.87445,0.87485,2.40,2.00
2009.05.22 19:24:13.619,0.87445,0.87485,4.20,2.00
2009.05.22 19:24:17.029,0.87455,0.87485,1.80,4.00
2009.05.22 19:24:17.488,0.87455,0.87485,1.80,1.20
2009.05.22 19:24:17.838,0.87455,0.87485,1.80,2.00
2009.05.22 19:24:17.888,0.87455,0.87485,1.80,2.00
2009.05.22 19:24:17.948,0.87445,0.87485,8.80,2.00
2009.05.22 19:24:18.008,0.8745,0.87485,2.40,2.00
2009.05.22 19:24:18.128,0.87445,0.87485,8.80,2.00
2009.05.22 19:24:18.188,0.87445,0.87485,7.20,2.00
2009.05.22 19:24:18.418,0.87445,0.87485,2.00,2.80
2009.05.22 19:24:18.468,0.8744,0.87485,7.20,2.80
2009.05.22 19:24:21.037,0.8744,0.87485,2.00,2.80
2009.05.22 19:24:21.267,0.8744,0.87485,6.40,2.80
2009.05.22 19:24:41.622,0.8744,0.8748,3.80,1.40
2009.05.22 19:24:41.912,0.8744,0.8748,2.20,1.40
2009.05.22 19:24:41.972,0.8744,0.87475,2.20,3.60
2009.05.22 19:24:42.192,0.8744,0.87475,1.80,3.60
2009.05.22 19:24:56.679,0.87435,0.87465,4.40,1.20
2009.05.22 19:24:57.029,0.87435,0.87465,1.60,1.20
2009.05.22 19:25:01.218,0.8742,0.87465,4.80,2.00
2009.05.22 19:25:02.008,0.87435,0.87465,1.60,2.00
2009.05.22 19:25:02.187,0.8742,0.87455,6.40,1.20
2009.05.22 19:25:02.417,0.87425,0.87455,1.00,1.20
2009.05.22 19:25:02.747,0.87425,0.8746,5.20,2.00
2009.05.22 19:25:02.977,0.8742,0.87465,6.40,2.00
2009.05.22 19:25:13.845,0.87425,0.87455,2.40,1.20
2009.05.22 19:25:17.124,0.8742,0.8745,3.80,2.00
2009.05.22 19:25:17.524,0.8742,0.8745,5.80,2.00
2009.05.22 19:25:17.644,0.8742,0.87455,5.80,1.20
2009.05.22 19:25:18.034,0.8742,0.87455,6.40,1.20
2009.05.22 19:25:22.862,0.87425,0.87455,2.40,1.20
2009.05.22 19:25:23.152,0.87425,0.87465,2.80,3.60
2009.05.22 19:25:38.329,0.8742,0.87455,6.40,1.20
2009.05.22 19:25:38.839,0.8742,0.87455,4.80,1.20
2009.05.22 19:25:39.128,0.8742,0.87455,7.20,1.20
2009.05.22 19:25:39.429,0.87415,0.87455,4.80,1.20
2009.05.22 19:25:41.888,0.87415,0.87455,5.60,1.20
2009.05.22 19:25:41.998,0.8742,0.87455,3.40,1.20
2009.05.22 19:25:42.288,0.8742,0.87455,5.80,1.20
2009.05.22 19:25:42.458,0.8742,0.87455,6.40,1.20
2009.05.22 19:25:43.908,0.87425,0.8746,2.40,2.00
2009.05.22 19:25:43.967,0.87425,0.8746,2.40,1.20
2009.05.22 19:25:44.307,0.87425,0.87465,2.40,3.60
2009.05.22 19:25:47.047,0.87425,0.87465,2.80,3.60
2009.05.22 19:25:50.506,0.87425,0.87465,2.40,3.60
2009.05.22 19:25:50.676,0.87425,0.87465,2.80,3.60
2009.05.22 19:26:12.311,0.87425,0.87465,2.80,2.00
2009.05.22 19:26:12.420,0.87425,0.87465,2.40,2.80
2009.05.22 19:26:12.540,0.8742,0.87455,6.40,1.20
2009.05.22 19:26:24.577,0.8742,0.87455,1.80,1.20
2009.05.22 19:26:24.628,0.8742,0.87455,3.40,1.20
2009.05.22 19:26:24.738,0.8742,0.87455,5.80,1.20
2009.05.22 19:26:25.087,0.8742,0.87455,6.40,1.20
2009.05.22 19:26:26.947,0.87425,0.87455,8.80,1.20
2009.05.22 19:26:27.067,0.87435,0.8746,1.80,1.20
2009.05.22 19:26:27.807,0.8744,0.87465,1.80,1.20
2009.05.22 19:26:39.184,0.8744,0.87465,1.80,1.20
2009.05.22 19:26:39.484,0.8744,0.8747,1.80,4.80
2009.05.22 19:26:39.594,0.8744,0.8747,1.80,4.00
2009.05.22 19:26:39.644,0.8744,0.8747,1.80,1.20
2009.05.22 19:26:40.054,0.8744,0.87475,1.80,6.40
2009.05.22 19:26:41.344,0.8744,0.87465,1.80,1.20
2009.05.22 19:26:43.333,0.8744,0.87475,1.80,6.40
2009.05.22 19:26:43.453,0.87435,0.87475,2.40,4.80
2009.05.22 19:26:43.513,0.87435,0.87475,2.40,3.60
2009.05.22 19:26:43.853,0.8743,0.87475,1.80,6.40
2009.05.22 19:26:46.722,0.87425,0.87455,4.00,1.20
2009.05.22 19:26:47.822,0.8742,0.87445,2.40,1.20
2009.05.22 19:26:53.900,0.87415,0.87445,2.40,1.20
2009.05.22 19:26:53.960,0.8742,0.87445,2.40,1.20
2009.05.22 19:26:54.020,0.8742,0.8744,2.40,1.20
2009.05.22 19:26:54.200,0.87415,0.8744,2.40,1.20
2009.05.22 19:27:02.348,0.87415,0.8744,2.80,1.20
2009.05.22 19:27:18.714,0.8741,0.8743,2.40,1.20
2009.05.22 19:27:21.934,0.8741,0.87435,2.40,1.20
2009.05.22 19:27:40.069,0.87415,0.8744,2.80,1.20
2009.05.22 19:28:00.964,0.87415,0.8744,2.40,1.20
2009.05.22 19:28:11.612,0.8741,0.8744,2.80,1.20
2009.05.22 19:28:11.842,0.8741,0.87435,2.80,1.20
2009.05.22 19:28:11.952,0.8741,0.87435,2.40,1.20
2009.05.22 19:28:18.930,0.87415,0.8744,1.80,1.20
2009.05.22 19:28:19.220,0.87415,0.87445,1.80,3.60
2009.05.22 19:28:19.400,0.87415,0.87445,1.80,2.80
2009.05.22 19:28:19.700,0.87415,0.8744,1.80,1.20
2009.05.22 19:28:20.220,0.87415,0.87445,1.80,1.20
2009.05.22 19:28:20.510,0.87415,0.8745,1.80,2.80
2009.05.22 19:28:25.438,0.87415,0.8744,1.80,1.20
2009.05.22 19:28:25.798,0.87415,0.87445,1.80,1.20
2009.05.22 19:28:25.908,0.87415,0.8744,1.80,1.20
2009.05.22 19:28:26.208,0.87415,0.8745,1.80,5.20
2009.05.22 19:28:26.539,0.87415,0.8745,1.80,3.60
2009.05.22 19:28:26.718,0.87415,0.8744,1.80,1.20
2009.05.22 19:28:27.048,0.87415,0.8744,1.80,2.80
2009.05.22 19:28:27.328,0.87405,0.8744,4.20,3.60
2009.05.22 19:28:27.738,0.87405,0.8743,1.80,1.20
2009.05.22 19:28:28.238,0.87405,0.8744,1.80,3.60
2009.05.22 19:28:28.598,0.87405,0.8743,1.80,1.20
2009.05.22 19:28:28.758,0.87405,0.87435,1.80,1.20
2009.05.22 19:28:29.168,0.87405,0.8743,1.80,1.20
2009.05.22 19:28:29.467,0.87405,0.87435,1.80,1.20
2009.05.22 19:28:29.767,0.87405,0.8744,1.80,3.60
2009.05.22 19:28:59.080,0.87405,0.8745,4.80,4.60
2009.05.22 19:28:59.190,0.87415,0.8745,1.80,4.60
2009.05.22 19:28:59.370,0.87415,0.8745,1.80,2.00
2009.05.22 19:29:56.127,0.87415,0.8745,1.80,2.00
2009.05.22 19:29:56.237,0.87415,0.8745,4.80,2.00
2009.05.22 19:29:56.406,0.87415,0.8745,4.80,1.20
2009.05.22 19:29:56.466,0.87415,0.8745,2.20,2.00
2009.05.22 19:29:56.806,0.87415,0.8745,1.80,2.00
2009.05.22 19:29:58.616,0.87415,0.8745,3.40,2.00
2009.05.22 19:29:58.856,0.8742,0.8745,1.80,2.00
2009.05.22 19:30:01.875,0.8742,0.8744,1.80,1.20
2009.05.22 19:30:01.925,0.8742,0.87455,1.80,4.80
2009.05.22 19:30:02.165,0.8742,0.87455,1.80,2.00
2009.05.22 19:30:02.285,0.8742,0.87455,1.80,1.20
2009.05.22 19:30:02.855,0.8742,0.87455,1.80,3.60
2009.05.22 19:30:02.965,0.8742,0.8745,1.80,2.00
2009.05.22 19:30:04.305,0.8741,0.8745,6.40,2.00
2009.05.22 19:30:04.535,0.8741,0.8745,4.80,3.60
2009.05.22 19:30:04.654,0.8741,0.8744,1.80,2.00
2009.05.22 19:30:12.473,0.8741,0.8744,1.80,1.20
2009.05.22 19:30:20.411,0.8741,0.8745,3.40,4.80
2009.05.22 19:30:20.471,0.8741,0.8745,3.40,4.00
2009.05.22 19:30:21.171,0.8741,0.8745,1.80,4.00
2009.05.22 19:30:21.230,0.8741,0.8744,1.80,1.20
2009.05.22 19:30:21.580,0.87405,0.87445,1.60,4.00
2009.05.22 19:30:21.940,0.87405,0.87445,1.60,2.60
2009.05.22 19:30:23.670,0.874,0.8744,5.00,1.20
2009.05.22 19:30:23.780,0.874,0.8744,3.40,3.60
2009.05.22 19:31:13.628,0.8741,0.8744,1.80,3.60
2009.05.22 19:31:13.918,0.874,0.8744,9.60,1.20
2009.05.22 19:31:13.968,0.874,0.8744,8.00,2.00
2009.05.22 19:31:24.795,0.8741,0.8745,3.40,3.60
2009.05.22 19:31:25.215,0.8741,0.8745,1.80,4.00
2009.05.22 19:31:26.964,0.8741,0.8745,1.80,9.60
2009.05.22 19:31:35.122,0.8741,0.8745,1.80,3.60
2009.05.22 19:31:54.338,0.8741,0.8745,1.80,5.20
2009.05.22 19:31:54.448,0.8741,0.8745,1.80,6.40
2009.05.22 19:31:59.807,0.87405,0.8745,1.80,7.40
2009.05.22 19:32:18.172,0.87415,0.87455,1.80,4.00
2009.05.22 19:32:18.462,0.87405,0.87455,5.00,4.00
2009.05.22 19:32:18.522,0.87405,0.87455,4.20,4.00
2009.05.22 19:33:04.231,0.8741,0.87455,4.00,4.00
2009.05.22 19:33:04.771,0.87415,0.87455,1.80,4.00
2009.05.22 19:33:40.993,0.87415,0.87455,2.20,1.20
2009.05.22 19:33:41.292,0.87415,0.87455,1.80,1.20
2009.05.22 19:34:35.999,0.87435,0.8746,1.80,1.20
2009.05.22 19:34:36.469,0.87435,0.8746,1.80,2.40
2009.05.22 19:34:36.579,0.87435,0.8746,1.80,4.00
2009.05.22 19:34:42.917,0.87435,0.8746,1.80,2.40
2009.05.22 19:34:42.977,0.87435,0.8746,1.80,1.20
2009.05.22 19:34:58.474,0.87435,0.8746,1.80,1.20
2009.05.22 19:35:02.713,0.8742,0.87455,6.40,1.20
2009.05.22 19:35:02.993,0.8742,0.87455,3.80,1.20
2009.05.22 19:35:03.052,0.8742,0.87455,1.80,1.20
2009.05.22 19:35:12.120,0.87425,0.87455,1.60,1.20
2009.05.22 19:35:12.240,0.87435,0.8746,1.80,1.20
2009.05.22 19:35:14.210,0.8743,0.87455,1.80,1.20
2009.05.22 19:35:16.470,0.87415,0.87455,2.20,1.20
2009.05.22 19:36:06.848,0.87415,0.87455,7.20,1.20
2009.05.22 19:36:07.127,0.87415,0.87455,2.20,1.20
2009.05.22 19:36:09.846,0.87415,0.87455,3.80,1.20
2009.05.22 19:36:10.147,0.8742,0.87455,1.60,1.20
2009.05.22 19:36:10.326,0.8742,0.87455,7.20,1.20
2009.05.22 19:36:15.985,0.8742,0.8745,7.20,1.20
2009.05.22 19:36:16.105,0.87415,0.8745,2.80,3.60
2009.05.22 19:36:16.345,0.87415,0.8745,7.20,3.60
2009.05.22 19:36:16.515,0.8741,0.8745,7.20,6.40
2009.05.22 19:36:22.264,0.87405,0.8745,6.40,6.40
2009.05.22 19:36:22.494,0.87405,0.8745,3.80,6.40
2009.05.22 19:36:22.614,0.87405,0.8745,3.80,3.60
2009.05.22 19:36:22.843,0.87405,0.8745,3.80,5.20
2009.05.22 19:36:22.954,0.87405,0.8745,3.80,6.40
2009.05.22 19:36:23.353,0.87405,0.8745,3.80,4.80
2009.05.22 19:36:23.463,0.87405,0.8745,3.80,6.40
2009.05.22 19:36:23.573,0.87405,0.8745,6.40,6.40
2009.05.22 19:36:23.803,0.87415,0.8745,1.80,4.00
2009.05.22 19:36:24.793,0.87405,0.8745,3.80,6.40
2009.05.22 19:36:25.373,0.87405,0.8744,2.20,1.20
2009.05.22 19:36:25.933,0.87405,0.8744,1.80,1.20
2009.05.22 19:37:03.534,0.8742,0.8746,1.60,4.00
2009.05.22 19:37:03.594,0.87425,0.8746,1.80,4.00
2009.05.22 19:37:03.654,0.87425,0.8746,1.80,8.00
2009.05.22 19:37:03.714,0.87415,0.8746,6.20,8.00
2009.05.22 19:37:03.954,0.8742,0.8746,1.60,10.60
2009.05.22 19:37:04.004,0.87425,0.8746,1.80,4.00
2009.05.22 19:37:04.064,0.87425,0.8746,1.80,8.20
2009.05.22 19:37:04.283,0.87425,0.8746,1.80,7.20
2009.05.22 19:37:04.394,0.87415,0.8746,3.40,4.00
2009.05.22 19:37:08.372,0.87415,0.8746,5.80,4.00
2009.05.22 19:37:08.483,0.87425,0.8746,1.80,10.60
2009.05.22 19:37:08.763,0.87425,0.8746,1.80,7.20
2009.05.22 19:37:08.823,0.87425,0.8746,1.80,3.20
2009.05.22 19:37:08.882,0.8742,0.8746,1.60,4.80
2009.05.22 19:37:09.182,0.8742,0.8746,1.60,8.80
2009.05.22 19:37:09.292,0.87415,0.8746,3.40,4.00
2009.05.22 19:37:52.152,0.87415,0.87455,1.80,11.20
2009.05.22 19:37:52.442,0.87415,0.8746,3.40,4.00
2009.05.22 19:37:57.242,0.87415,0.8746,3.40,12.20
2009.05.22 19:37:59.291,0.87415,0.8746,3.40,4.00
2009.05.22 19:37:59.630,0.87415,0.8746,1.80,5.60
2009.05.22 19:37:59.740,0.87415,0.8745,1.80,1.20
2009.05.22 19:38:31.293,0.87415,0.87445,1.80,1.60
2009.05.22 19:38:31.453,0.87405,0.87435,2.00,2.00
2009.05.22 19:38:31.733,0.874,0.87435,1.80,3.60
2009.05.22 19:39:03.875,0.87405,0.87435,3.40,1.20
2009.05.22 19:39:04.165,0.87415,0.87435,1.80,1.20
2009.05.22 19:39:09.294,0.87405,0.87435,3.40,1.20
2009.05.22 19:39:09.414,0.87405,0.87435,1.80,1.20
2009.05.22 19:39:31.098,0.87405,0.87435,3.40,1.20
2009.05.22 19:39:31.218,0.87415,0.87435,1.80,1.20
2009.05.22 19:39:46.575,0.87415,0.87445,1.80,1.20
2009.05.22 19:40:02.931,0.87415,0.87435,1.80,1.20
2009.05.22 19:40:03.411,0.87405,0.87425,1.80,1.20
2009.05.22 19:40:04.321,0.87405,0.8743,1.80,1.20
2009.05.22 19:40:04.671,0.87405,0.87445,1.80,4.00
2009.05.22 19:40:20.177,0.87405,0.87435,1.80,1.20
2009.05.22 19:40:21.047,0.87405,0.87435,1.80,6.00
2009.05.22 19:40:21.206,0.87405,0.87435,1.80,7.20
2009.05.22 19:40:23.166,0.87405,0.87435,1.80,6.00
2009.05.22 19:40:23.216,0.87405,0.87425,1.80,1.20
2009.05.22 19:40:32.514,0.87395,0.87415,1.80,1.20
2009.05.22 19:40:32.924,0.87385,0.87415,7.00,1.20
2009.05.22 19:40:33.044,0.87395,0.87415,1.80,1.20
2009.05.22 19:40:46.580,0.87395,0.87425,1.80,1.20
2009.05.22 19:40:54.029,0.87385,0.87425,3.40,2.00
2009.05.22 19:40:54.319,0.87385,0.87425,1.80,3.60
2009.05.22 19:40:54.788,0.87385,0.87425,3.40,3.60
2009.05.22 19:40:54.898,0.87385,0.87425,5.00,3.60
2009.05.22 19:40:55.998,0.87385,0.87425,6.60,3.60
2009.05.22 19:40:56.168,0.87395,0.87425,1.80,1.20
2009.05.22 19:40:59.128,0.87395,0.87425,1.80,2.00
2009.05.22 19:40:59.517,0.87385,0.87425,5.00,3.60
2009.05.22 19:40:59.697,0.87385,0.87425,1.80,3.60
2009.05.22 19:41:00.157,0.8739,0.87425,1.60,3.60
2009.05.22 19:41:00.337,0.87395,0.87425,1.80,2.80
2009.05.22 19:41:00.567,0.87395,0.87425,1.80,1.20
2009.05.22 19:41:10.835,0.87395,0.8743,3.40,1.20
2009.05.22 19:41:11.065,0.87395,0.8744,3.40,4.00
2009.05.22 19:41:11.284,0.87395,0.8744,3.80,3.60
2009.05.22 19:41:13.814,0.874,0.8744,1.60,3.60
2009.05.22 19:41:16.563,0.874,0.8745,2.00,4.60
2009.05.22 19:41:16.793,0.874,0.8745,2.00,10.60
2009.05.22 19:41:17.943,0.874,0.8745,10.40,3.80
2009.05.22 19:41:18.173,0.874,0.8744,8.80,1.00
2009.05.22 19:41:18.413,0.87395,0.8744,3.80,3.60
2009.05.22 19:41:18.933,0.87395,0.8744,6.40,3.60
2009.05.22 19:41:19.163,0.874,0.8744,2.00,2.80
2009.05.22 19:41:19.393,0.874,0.8745,2.00,4.60
2009.05.22 19:41:39.688,0.874,0.8744,1.60,4.00
2009.05.22 19:41:39.978,0.87405,0.8744,1.80,4.00
2009.05.22 19:41:40.098,0.87405,0.8744,1.80,7.20
2009.05.22 19:41:40.438,0.87405,0.8744,1.80,1.20
2009.05.22 19:41:44.706,0.87415,0.8744,3.40,1.20
2009.05.22 19:41:44.937,0.87415,0.87445,3.40,2.60
2009.05.22 19:41:45.277,0.87415,0.87445,1.80,2.60
2009.05.22 19:41:45.577,0.87415,0.8746,1.80,4.00
2009.05.22 19:41:46.136,0.87415,0.8746,1.80,10.60
2009.05.22 19:41:46.476,0.8741,0.8746,2.80,10.60
2009.05.22 19:41:46.766,0.8741,0.8746,8.80,10.60
2009.05.22 19:41:48.416,0.8741,0.8746,4.00,2.80
2009.05.22 19:41:48.526,0.87405,0.8745,6.40,2.00
2009.05.22 19:41:48.876,0.87405,0.8745,5.80,3.60
2009.05.22 19:41:49.216,0.87405,0.8745,3.40,3.60
2009.05.22 19:41:50.095,0.87405,0.8745,1.80,3.60
2009.05.22 19:41:50.277,0.87405,0.8745,3.40,4.00
2009.05.22 19:41:51.065,0.87405,0.8745,5.80,2.60
2009.05.22 19:42:03.002,0.87405,0.87455,5.80,4.00
2009.05.22 19:42:12.370,0.87405,0.8745,5.80,2.60
2009.05.22 19:42:41.163,0.87415,0.8745,1.60,2.60
2009.05.22 19:42:41.783,0.87415,0.87455,4.20,4.00
2009.05.22 19:42:42.063,0.87415,0.87455,1.80,4.00
2009.05.22 19:42:42.303,0.87415,0.87455,1.80,7.20
2009.05.22 19:42:42.773,0.87415,0.87455,1.80,1.20
2009.05.22 19:42:50.811,0.87415,0.87455,1.80,7.20
2009.05.22 19:42:51.431,0.8741,0.87455,4.00,7.20
2009.05.22 19:42:51.711,0.87405,0.87455,6.40,7.20
2009.05.22 19:42:55.900,0.8741,0.87455,2.00,7.20
2009.05.22 19:42:56.179,0.87405,0.87455,7.20,7.20
2009.05.22 19:42:56.410,0.874,0.87455,2.80,4.00
2009.05.22 19:42:57.009,0.8741,0.87455,7.20,1.20
2009.05.22 19:43:04.608,0.8742,0.87465,6.80,4.00
2009.05.22 19:43:04.787,0.87415,0.87465,7.20,4.00
2009.05.22 19:43:05.408,0.8742,0.87465,4.80,2.40
2009.05.22 19:43:05.577,0.8742,0.87465,6.80,1.20
2009.05.22 19:43:08.297,0.8742,0.87465,7.20,1.20
2009.05.22 19:43:10.146,0.87425,0.8747,5.20,1.20
2009.05.22 19:43:10.556,0.87425,0.8747,7.20,1.20
2009.05.22 19:43:22.113,0.87425,0.87475,7.20,4.00
2009.05.22 19:43:22.293,0.8743,0.87475,1.00,9.60
2009.05.22 19:43:22.473,0.8743,0.87475,5.20,4.80
2009.05.22 19:43:22.643,0.8743,0.87475,7.20,3.60
2009.05.22 19:43:23.514,0.8743,0.8747,7.20,4.60
2009.05.22 19:43:23.683,0.8743,0.8747,5.20,4.60
2009.05.22 19:43:24.043,0.87425,0.8747,7.20,4.60
2009.05.22 19:43:27.762,0.87425,0.8747,7.20,5.80
2009.05.22 19:43:37.490,0.87425,0.8747,7.20,2.80
2009.05.22 19:43:37.549,0.87425,0.8746,7.20,2.00
2009.05.22 19:43:37.609,0.8742,0.8746,7.20,3.60
2009.05.22 19:43:37.670,0.8742,0.8746,7.20,4.60
2009.05.22 19:43:43.088,0.8742,0.8746,7.20,1.20
2009.05.22 19:43:43.318,0.8742,0.8747,7.20,3.60
2009.05.22 19:43:43.378,0.87425,0.8747,6.80,3.60
2009.05.22 19:43:43.728,0.87425,0.8747,6.80,6.40
2009.05.22 19:43:43.788,0.87425,0.8747,4.80,6.40
2009.05.22 19:43:44.018,0.87425,0.8747,2.20,3.60
2009.05.22 19:43:44.078,0.87425,0.8747,3.80,10.60
2009.05.22 19:43:44.138,0.87425,0.8747,3.80,5.80
2009.05.22 19:43:44.598,0.87425,0.8747,3.80,4.60
2009.05.22 19:44:18.780,0.8744,0.87475,1.80,2.20
2009.05.22 19:44:19.070,0.8744,0.87475,1.80,1.20
2009.05.22 19:44:19.189,0.87435,0.87475,9.60,1.20
2009.05.22 19:44:19.470,0.87435,0.87475,7.20,1.20
2009.05.22 19:44:22.439,0.87435,0.8747,7.20,1.20
2009.05.22 19:44:22.559,0.87435,0.8747,7.20,4.60
2009.05.22 19:44:22.669,0.87435,0.8747,4.80,4.60
2009.05.22 19:44:23.029,0.8743,0.8747,7.20,4.60
2009.05.22 19:44:24.608,0.87425,0.8746,3.80,1.20
2009.05.22 19:44:24.958,0.87415,0.8746,3.80,4.60
2009.05.22 19:44:28.417,0.87415,0.8746,3.80,2.00
2009.05.22 19:44:28.628,0.87415,0.8745,2.20,1.20
2009.05.22 19:44:28.747,0.87415,0.8745,1.60,2.00
2009.05.22 19:44:29.047,0.87405,0.8745,3.80,3.60
2009.05.22 19:44:40.794,0.87405,0.8745,3.40,3.60
2009.05.22 19:44:43.954,0.87415,0.8745,1.80,2.00
2009.05.22 19:44:44.134,0.87415,0.8745,1.80,1.20
2009.05.22 19:45:14.916,0.87405,0.8745,3.40,4.80
2009.05.22 19:45:15.136,0.87405,0.8745,3.40,9.60
2009.05.22 19:45:22.005,0.87405,0.8745,3.40,8.40
2009.05.22 19:45:22.225,0.87405,0.8745,3.40,9.60
2009.05.22 19:45:23.534,0.87405,0.8745,3.40,4.00
2009.05.22 19:45:23.824,0.87405,0.8745,3.40,9.60
2009.05.22 19:45:24.114,0.87405,0.8745,3.40,3.60
2009.05.22 19:45:27.293,0.87405,0.8745,3.40,4.80
2009.05.22 19:45:28.313,0.87405,0.8745,3.40,3.60
2009.05.22 19:45:32.202,0.87405,0.8745,3.40,4.00
2009.05.22 19:45:33.272,0.87415,0.8745,1.80,4.00
2009.05.22 19:45:33.622,0.87415,0.8745,1.80,7.20
2009.05.22 19:45:33.862,0.87415,0.8745,1.80,4.00
2009.05.22 19:45:40.200,0.87405,0.8745,5.80,4.00
2009.05.22 19:45:40.310,0.87405,0.87455,5.80,2.60
2009.05.22 19:45:40.710,0.87405,0.8746,6.40,4.00
2009.05.22 19:45:41.040,0.87405,0.87455,6.40,2.60
2009.05.22 19:45:41.340,0.87405,0.8746,6.40,4.00
2009.05.22 19:45:42.660,0.87395,0.8744,6.00,4.20
2009.05.22 19:45:42.840,0.87395,0.8745,2.80,9.00
2009.05.22 19:45:43.129,0.87395,0.8745,2.80,2.60
2009.05.22 19:45:43.309,0.874,0.87455,1.00,4.00
2009.05.22 19:45:43.479,0.874,0.87455,2.40,4.00
2009.05.22 19:45:43.539,0.874,0.87455,7.20,4.00
2009.05.22 19:45:45.169,0.874,0.87455,2.80,4.00
2009.05.22 19:45:45.219,0.874,0.87455,2.80,2.60
2009.05.22 19:45:48.818,0.874,0.87455,2.80,4.00
2009.05.22 19:45:48.928,0.874,0.87455,7.20,4.00
2009.05.22 19:45:49.268,0.874,0.87455,5.20,4.00
2009.05.22 19:45:49.328,0.87395,0.8745,7.20,2.60
2009.05.22 19:46:03.544,0.8739,0.87445,4.80,2.60
2009.05.22 19:46:06.464,0.8739,0.87445,2.20,2.60
2009.05.22 19:46:12.143,0.87395,0.87445,4.20,2.60
2009.05.22 19:46:12.483,0.87395,0.87445,5.80,2.60
2009.05.22 19:46:12.713,0.87395,0.8745,6.40,2.60
2009.05.22 19:46:21.890,0.87395,0.8744,3.80,2.40
2009.05.22 19:46:22.240,0.87395,0.8744,3.80,6.40
2009.05.22 19:46:22.630,0.87395,0.8744,3.40,6.40
2009.05.22 19:46:24.380,0.87395,0.8744,3.80,6.40
2009.05.22 19:46:25.010,0.87395,0.8744,3.40,6.40
2009.05.22 19:46:37.876,0.87395,0.8744,1.60,4.00
2009.05.22 19:46:38.296,0.87395,0.8744,3.40,9.60
2009.05.22 19:46:38.596,0.87395,0.8744,3.40,6.40
2009.05.22 19:47:08.819,0.87405,0.8745,1.80,4.00
2009.05.22 19:47:08.989,0.87405,0.8745,3.40,4.80
2009.05.22 19:47:23.665,0.87405,0.87445,3.40,1.20
2009.05.22 19:47:23.905,0.87405,0.87445,3.40,2.00
2009.05.22 19:47:23.965,0.87405,0.87445,3.40,3.60
2009.05.22 19:47:37.482,0.874,0.87435,3.40,1.20
2009.05.22 19:47:37.772,0.874,0.87435,1.80,1.20
2009.05.22 19:47:42.161,0.874,0.87435,1.80,2.40
2009.05.22 19:47:42.441,0.874,0.87425,1.80,1.20
2009.05.22 19:47:50.159,0.874,0.8742,1.80,1.20
2009.05.22 19:47:50.679,0.874,0.87425,1.80,1.20
2009.05.22 19:48:05.445,0.87395,0.8742,1.80,1.20
2009.05.22 19:48:06.365,0.874,0.8742,1.80,1.20
2009.05.22 19:48:06.545,0.874,0.87425,1.80,1.20
2009.05.22 19:48:10.674,0.874,0.87425,1.80,2.80
2009.05.22 19:48:10.844,0.87395,0.8742,1.80,1.20
2009.05.22 19:48:11.374,0.8739,0.87425,1.80,2.40
2009.05.22 19:48:11.614,0.8739,0.8742,1.80,1.20
2009.05.22 19:48:12.004,0.87385,0.8741,3.40,1.20
2009.05.22 19:48:12.184,0.8739,0.8741,1.80,1.20
2009.05.22 19:48:12.524,0.8739,0.87425,1.80,1.20
2009.05.22 19:48:16.153,0.8739,0.87415,1.80,1.20
2009.05.22 19:48:42.857,0.8739,0.87415,1.80,2.40
2009.05.22 19:48:43.206,0.8739,0.87415,1.80,4.00
2009.05.22 19:48:52.014,0.87395,0.8742,1.80,4.00
2009.05.22 19:48:52.184,0.87395,0.8742,1.80,8.80
2009.05.22 19:48:52.354,0.87395,0.8742,1.80,2.40
2009.05.22 19:48:52.674,0.87395,0.8742,1.80,4.00
2009.05.22 19:49:15.159,0.87385,0.8741,1.80,1.20
2009.05.22 19:49:15.489,0.87385,0.8741,1.80,2.80
2009.05.22 19:49:15.719,0.87385,0.8741,1.80,4.00
2009.05.22 19:49:16.009,0.87385,0.8741,1.80,8.80
2009.05.22 19:49:16.638,0.8738,0.874,1.80,1.20
2009.05.22 19:49:17.678,0.8737,0.874,1.80,1.20
2009.05.22 19:49:20.128,0.8738,0.874,1.80,1.20
2009.05.22 19:49:22.737,0.8737,0.874,1.80,1.20
2009.05.22 19:49:32.165,0.8737,0.874,3.40,1.20
2009.05.22 19:49:32.375,0.8737,0.87415,3.40,4.00
2009.05.22 19:49:32.545,0.8737,0.87415,3.40,11.20
2009.05.22 19:49:32.885,0.8737,0.87415,3.40,9.60
2009.05.22 19:49:33.484,0.8737,0.87415,3.40,11.20
2009.05.22 19:49:33.604,0.8737,0.87415,5.80,11.20
2009.05.22 19:49:33.724,0.8737,0.87415,5.80,10.40
2009.05.22 19:49:33.784,0.8737,0.8742,5.80,4.20
2009.05.22 19:49:34.084,0.8737,0.8742,5.80,2.60
2009.05.22 19:49:34.844,0.8737,0.8742,3.40,2.60
2009.05.22 19:49:35.134,0.8737,0.8742,3.40,8.20
2009.05.22 19:49:35.184,0.8737,0.87415,3.40,2.60
2009.05.22 19:49:35.304,0.8737,0.87415,3.40,4.00
2009.05.22 19:49:35.994,0.8737,0.87415,3.40,2.60
2009.05.22 19:49:37.443,0.8737,0.8741,3.40,2.60
2009.05.22 19:49:37.723,0.8738,0.87415,3.40,2.60
2009.05.22 19:49:38.013,0.8738,0.87425,3.40,2.60
2009.05.22 19:49:38.433,0.87375,0.87425,4.20,2.60
2009.05.22 19:49:38.603,0.87375,0.87425,1.80,2.60
2009.05.22 19:49:39.003,0.8738,0.8743,1.80,2.60
2009.05.22 19:49:44.282,0.8738,0.8743,1.80,3.40
2009.05.22 19:49:44.342,0.8738,0.8743,2.00,4.60
2009.05.22 19:49:44.702,0.8737,0.8742,8.00,2.60
2009.05.22 19:49:45.221,0.8737,0.8742,5.80,2.60
2009.05.22 19:49:50.850,0.8738,0.8742,1.40,2.60
2009.05.22 19:49:51.080,0.8738,0.8742,1.60,2.60
2009.05.22 19:49:51.250,0.8738,0.87425,3.40,2.60
2009.05.22 19:49:51.650,0.8738,0.87425,1.80,2.60
2009.05.22 19:49:51.820,0.8738,0.8742,3.60,2.60
2009.05.22 19:49:52.000,0.8737,0.8742,8.80,2.60
2009.05.22 19:49:52.180,0.8737,0.8742,8.00,2.60
2009.05.22 19:49:52.930,0.8739,0.8742,1.80,2.60
2009.05.22 19:49:53.329,0.8739,0.8743,1.80,9.80
2009.05.22 19:49:53.380,0.8739,0.8743,1.80,8.80
2009.05.22 19:49:53.490,0.8739,0.8743,1.80,4.00
2009.05.22 19:49:53.670,0.8738,0.8743,9.80,4.00
2009.05.22 19:49:53.720,0.8738,0.8743,8.20,4.00
2009.05.22 19:49:53.890,0.8738,0.8743,5.80,4.00
2009.05.22 19:49:53.949,0.8738,0.87425,3.40,2.60
2009.05.22 19:49:55.139,0.8738,0.87425,3.40,3.80
2009.05.22 19:49:55.249,0.8738,0.8742,3.40,2.60
2009.05.22 19:49:57.389,0.8738,0.8742,1.80,2.60
2009.05.22 19:49:57.539,0.8737,0.87415,7.80,2.60
2009.05.22 19:49:57.719,0.8737,0.8741,3.40,2.60
2009.05.22 19:50:17.234,0.8737,0.87405,3.40,2.60
2009.05.22 19:50:17.344,0.8737,0.87405,3.40,4.00
2009.05.22 19:50:19.463,0.8737,0.87405,3.40,2.60
2009.05.22 19:50:19.584,0.8737,0.87415,3.40,8.60
2009.05.22 19:50:19.703,0.8737,0.87415,3.40,3.80
2009.05.22 19:50:19.883,0.8737,0.87415,3.40,2.60
2009.05.22 19:50:23.292,0.8738,0.87425,3.40,4.60
2009.05.22 19:50:23.652,0.8738,0.8742,3.40,2.60
2009.05.22 19:50:27.441,0.8738,0.8742,3.40,3.80
2009.05.22 19:50:27.741,0.8738,0.8742,3.40,5.40
2009.05.22 19:50:29.891,0.8738,0.8742,5.00,5.40
2009.05.22 19:50:29.941,0.87385,0.8742,1.60,5.40
2009.05.22 19:50:30.001,0.8739,0.8742,1.80,5.40
2009.05.22 19:50:30.111,0.8739,0.8741,1.80,2.60
2009.05.22 19:50:35.070,0.8739,0.8742,1.80,5.40
2009.05.22 19:50:35.250,0.8739,0.87415,1.80,2.60
2009.05.22 19:50:35.489,0.8738,0.87415,3.40,4.00
2009.05.22 19:50:35.659,0.8738,0.8741,3.40,1.60
2009.05.22 19:50:35.890,0.8738,0.87415,3.40,7.20
2009.05.22 19:50:36.409,0.8738,0.87415,3.40,2.40
2009.05.22 19:50:36.589,0.8738,0.87425,3.40,4.00
2009.05.22 19:50:40.009,0.87365,0.8741,4.00,2.60
2009.05.22 19:50:40.399,0.87365,0.8741,2.40,2.60
2009.05.22 19:50:49.816,0.87365,0.87415,2.80,4.00
2009.05.22 19:50:52.316,0.87365,0.87415,2.40,4.00
2009.05.22 19:50:57.484,0.87365,0.87415,2.80,9.60
2009.05.22 19:51:00.593,0.87365,0.87415,2.80,8.00
2009.05.22 19:51:00.703,0.87365,0.87415,2.80,7.20
2009.05.22 19:51:00.823,0.87365,0.8742,2.80,2.60
2009.05.22 19:51:05.383,0.87365,0.87415,2.40,4.00
2009.05.22 19:51:06.242,0.87365,0.8741,2.40,2.60
2009.05.22 19:51:23.758,0.8738,0.8741,1.80,2.60
2009.05.22 19:51:24.148,0.8738,0.8741,3.40,2.60
2009.05.22 19:51:24.268,0.8738,0.87425,3.40,11.20
2009.05.22 19:51:24.438,0.8738,0.8742,3.40,5.80
2009.05.22 19:51:24.558,0.8738,0.8742,3.40,2.60
2009.05.22 19:51:25.408,0.8738,0.87425,3.40,4.00
2009.05.22 19:51:30.246,0.8738,0.87425,1.80,4.00
2009.05.22 19:51:30.526,0.8738,0.87415,1.60,2.60
2009.05.22 19:51:30.587,0.8737,0.87415,5.80,2.60
2009.05.22 19:51:43.573,0.8737,0.87415,3.40,2.60
2009.05.22 19:51:43.753,0.8737,0.8741,1.80,4.00
2009.05.22 19:51:43.973,0.8737,0.8741,1.80,4.80
2009.05.22 19:51:44.143,0.8737,0.8741,1.80,4.00
2009.05.22 19:51:52.401,0.8737,0.8741,5.80,4.00
2009.05.22 19:51:52.521,0.8738,0.8741,1.80,4.00
2009.05.22 19:51:52.981,0.8738,0.8741,1.80,8.80
2009.05.22 19:52:00.869,0.8737,0.8741,5.80,8.80
2009.05.22 19:52:00.919,0.8737,0.8741,4.20,8.80
2009.05.22 19:52:01.149,0.8737,0.8741,4.20,10.40
2009.05.22 19:52:01.209,0.8737,0.8741,1.80,4.00
2009.05.22 19:52:01.899,0.8738,0.8741,1.80,4.00
2009.05.22 19:52:02.309,0.8738,0.8741,1.80,8.80
2009.05.22 19:52:07.777,0.8738,0.87415,1.80,4.00
2009.05.22 19:52:15.896,0.8737,0.87415,5.80,4.00
2009.05.22 19:52:16.366,0.8737,0.87415,6.40,9.60
2009.05.22 19:52:16.425,0.8737,0.87415,6.40,4.80
2009.05.22 19:52:16.476,0.8737,0.87415,5.80,3.60
2009.05.22 19:52:42.839,0.8737,0.87415,5.80,8.40
2009.05.22 19:52:42.949,0.8737,0.87415,5.80,9.60
2009.05.22 19:52:43.299,0.8737,0.87415,5.80,4.80
2009.05.22 19:52:43.409,0.8737,0.87415,5.80,3.60
2009.05.22 19:53:03.604,0.8738,0.87415,1.60,3.60
2009.05.22 19:53:03.834,0.8738,0.87415,3.40,1.20
2009.05.22 19:53:09.293,0.8738,0.87415,1.80,1.20
2009.05.22 19:53:09.403,0.87375,0.87415,6.40,1.20
2009.05.22 19:53:09.523,0.8738,0.87415,3.80,1.20
2009.05.22 19:53:09.703,0.8738,0.87415,2.40,2.00
2009.05.22 19:53:09.813,0.8737,0.87415,5.80,3.60
2009.05.22 19:53:39.835,0.8737,0.87415,4.20,3.60
2009.05.22 19:53:39.955,0.8737,0.87395,1.80,1.00
2009.05.22 19:53:40.185,0.87365,0.87385,2.00,1.00
2009.05.22 19:53:40.296,0.8736,0.87385,7.20,2.40
2009.05.22 19:53:40.685,0.87345,0.8739,1.80,7.80
2009.05.22 19:53:41.165,0.87345,0.87385,1.80,2.60
2009.05.22 19:53:41.447,0.87345,0.8739,1.80,5.00
2009.05.22 19:53:48.203,0.87355,0.87405,8.60,2.60
2009.05.22 19:53:50.243,0.87365,0.8741,7.20,1.20
2009.05.22 19:53:50.543,0.87365,0.8741,6.80,4.00
2009.05.22 19:53:50.653,0.87355,0.8741,2.40,4.00
2009.05.22 19:53:50.713,0.87355,0.8741,8.60,4.00
2009.05.22 19:53:50.823,0.87355,0.87405,8.60,2.60
2009.05.22 19:53:52.473,0.87355,0.87405,4.80,2.60
2009.05.22 19:53:52.932,0.8736,0.8741,2.40,2.60
2009.05.22 19:53:53.272,0.8736,0.8741,7.20,2.60
2009.05.22 19:53:56.672,0.8736,0.8741,7.20,4.00
2009.05.22 19:53:56.731,0.87355,0.87405,2.80,2.60
2009.05.22 19:53:57.031,0.8736,0.87405,2.00,2.60
2009.05.22 19:53:57.271,0.87355,0.87405,8.60,2.60
2009.05.22 19:53:57.921,0.8735,0.87405,3.60,2.60
2009.05.22 19:53:58.141,0.8735,0.87405,2.20,2.60
2009.05.22 19:53:58.201,0.87355,0.87405,1.00,2.60
2009.05.22 19:53:58.611,0.87355,0.87405,5.20,2.60
2009.05.22 19:53:58.671,0.87355,0.87405,7.20,2.60
2009.05.22 19:54:00.980,0.87355,0.87405,2.20,2.60
2009.05.22 19:54:01.200,0.8736,0.8741,1.00,2.60
2009.05.22 19:54:01.370,0.8736,0.8741,7.20,2.60
2009.05.22 19:54:02.790,0.87365,0.8741,1.60,2.60
2009.05.22 19:54:03.170,0.87365,0.87415,1.60,4.00
2009.05.22 19:54:08.409,0.8737,0.87415,1.60,4.00
2009.05.22 19:54:08.519,0.8737,0.8741,3.40,2.60
2009.05.22 19:54:08.688,0.8737,0.87415,3.40,6.40
2009.05.22 19:54:09.008,0.8737,0.8741,3.40,2.60
2009.05.22 19:54:09.878,0.8737,0.8741,3.40,1.00
2009.05.22 19:54:33.433,0.8737,0.8741,3.40,1.60
2009.05.22 19:54:33.673,0.8737,0.8741,3.40,2.60
2009.05.22 19:54:35.432,0.8737,0.87405,1.80,6.00
2009.05.22 19:54:35.542,0.8736,0.87405,1.80,8.80
2009.05.22 19:54:35.942,0.8736,0.874,1.80,2.60
2009.05.22 19:54:42.221,0.8736,0.874,1.80,4.00
2009.05.22 19:54:43.830,0.8736,0.87395,1.80,4.00
2009.05.22 19:54:44.710,0.8736,0.8739,1.80,1.20
2009.05.22 19:54:50.819,0.8736,0.8739,1.80,2.80
2009.05.22 19:54:50.988,0.8736,0.8739,1.80,1.20
2009.05.22 19:54:52.798,0.8736,0.8739,1.80,4.00
2009.05.22 19:54:52.908,0.8736,0.8739,1.80,1.20
2009.05.22 19:55:00.796,0.8736,0.8739,1.80,2.40
2009.05.22 19:55:00.906,0.8736,0.8739,1.80,4.00
2009.05.22 19:55:20.661,0.8736,0.8739,1.80,4.80
2009.05.22 19:55:20.951,0.8736,0.8738,1.80,1.20
2009.05.22 19:55:28.240,0.8736,0.87385,1.80,2.60
2009.05.22 19:55:28.479,0.8736,0.8739,1.80,4.00
2009.05.22 19:55:36.237,0.8736,0.8738,1.80,1.20
2009.05.22 19:55:40.217,0.8736,0.8739,1.80,4.00
2009.05.22 19:55:42.256,0.8736,0.8739,1.80,2.60
2009.05.22 19:55:42.376,0.8736,0.8739,1.80,1.00
2009.05.22 19:55:42.546,0.8736,0.87395,1.80,4.00
2009.05.22 19:55:43.346,0.8736,0.87395,1.80,2.40
2009.05.22 19:55:43.456,0.8736,0.87395,1.80,4.00
2009.05.22 19:55:43.686,0.8736,0.8738,1.80,1.60
2009.05.22 19:55:43.806,0.8736,0.8738,1.80,2.60
2009.05.22 19:55:44.036,0.8736,0.8738,1.80,1.60
2009.05.22 19:55:44.156,0.8736,0.87395,1.80,4.00
2009.05.22 19:55:47.065,0.8736,0.8739,1.80,1.20
2009.05.22 19:55:47.365,0.8736,0.8739,1.80,4.00
2009.05.22 19:56:00.991,0.87355,0.8739,1.80,4.00
2009.05.22 19:56:07.110,0.87355,0.8739,1.80,2.80
2009.05.22 19:56:07.160,0.87345,0.8738,4.80,1.20
2009.05.22 19:56:07.330,0.87345,0.8738,2.20,1.20
2009.05.22 19:56:07.500,0.87345,0.8738,1.80,1.20
2009.05.22 19:56:17.978,0.8735,0.8738,1.80,1.20
2009.05.22 19:56:19.087,0.8736,0.87385,1.80,1.20
2009.05.22 19:56:19.438,0.8736,0.8739,1.80,4.00
2009.05.22 19:56:19.557,0.8736,0.8739,1.80,2.60
2009.05.22 19:56:19.727,0.8736,0.8739,1.80,1.60
2009.05.22 19:56:20.027,0.8736,0.87405,1.80,4.00
2009.05.22 19:56:21.657,0.87355,0.87405,4.80,4.00
2009.05.22 19:56:22.517,0.87355,0.87405,4.80,4.00
2009.05.22 19:56:24.956,0.87355,0.87405,4.80,8.80
2009.05.22 19:56:25.356,0.87355,0.87405,4.80,4.00
2009.05.22 19:56:34.094,0.87355,0.87405,4.20,4.00
2009.05.22 19:56:34.394,0.87355,0.87405,4.80,4.00
2009.05.22 19:56:34.624,0.87355,0.87405,4.20,4.00
2009.05.22 19:56:37.863,0.87355,0.87395,1.80,1.20
2009.05.22 19:56:39.193,0.87355,0.874,4.20,2.60
2009.05.22 19:56:39.633,0.87355,0.87405,4.20,4.00
2009.05.22 19:56:41.732,0.87355,0.87395,4.20,2.60
2009.05.22 19:56:41.792,0.87355,0.8739,4.20,1.20
2009.05.22 19:56:47.971,0.87355,0.87385,4.20,2.60
2009.05.22 19:56:48.080,0.87355,0.87395,4.20,6.60
2009.05.22 19:56:48.250,0.87355,0.87395,4.20,2.40
2009.05.22 19:56:48.431,0.87355,0.87405,4.20,4.00
2009.05.22 19:56:54.959,0.87355,0.87405,4.20,2.60
2009.05.22 19:56:55.309,0.87355,0.8741,4.80,2.60
2009.05.22 19:56:57.798,0.87355,0.87405,4.20,4.00
2009.05.22 19:56:58.828,0.87375,0.87405,2.40,4.00
2009.05.22 19:56:58.938,0.87375,0.87405,1.80,2.60
2009.05.22 19:56:59.048,0.8737,0.87405,2.00,2.60
2009.05.22 19:56:59.338,0.87355,0.87405,5.60,2.60
2009.05.22 19:56:59.498,0.87355,0.87405,4.20,4.00
2009.05.22 19:56:59.918,0.8736,0.87405,1.80,4.00
2009.05.22 19:57:00.097,0.8736,0.87405,4.20,8.80
2009.05.22 19:57:00.447,0.8736,0.87405,4.20,4.00
2009.05.22 19:57:03.167,0.8736,0.87405,4.20,2.80
2009.05.22 19:57:03.467,0.87355,0.87405,4.80,1.20
2009.05.22 19:57:03.877,0.87355,0.87405,4.20,4.00
2009.05.22 19:57:08.786,0.8736,0.87405,4.20,1.20
2009.05.22 19:57:08.895,0.8736,0.87405,1.80,1.20
2009.05.22 19:57:09.006,0.8736,0.87405,7.20,1.20
2009.05.22 19:57:09.176,0.8736,0.87405,2.20,1.20
2009.05.22 19:57:09.496,0.8736,0.87405,4.80,1.20
2009.05.22 19:57:09.845,0.8736,0.87405,4.20,1.20
2009.05.22 19:57:11.575,0.8736,0.87405,4.80,1.20
2009.05.22 19:57:14.454,0.8736,0.87405,1.80,4.00
2009.05.22 19:57:14.634,0.8736,0.87405,1.80,2.40
2009.05.22 19:57:14.914,0.8736,0.87405,1.80,1.20
2009.05.22 19:57:15.264,0.8736,0.874,1.80,1.20
2009.05.22 19:57:18.423,0.87355,0.87405,4.20,4.00
2009.05.22 19:57:33.020,0.87355,0.87405,1.80,4.00
2009.05.22 19:57:33.250,0.87355,0.87405,4.20,4.00
2009.05.22 19:57:36.049,0.87355,0.87405,1.80,4.00
2009.05.22 19:57:36.699,0.8736,0.87405,2.40,7.20
2009.05.22 19:57:36.989,0.8736,0.87405,4.80,1.20
2009.05.22 19:57:37.279,0.8736,0.87405,4.20,1.20
2009.05.22 19:57:40.378,0.8736,0.87405,2.40,1.20
2009.05.22 19:57:40.778,0.87355,0.87405,4.80,1.20
2009.05.22 19:57:44.147,0.87355,0.87405,4.80,1.20
2009.05.22 19:58:18.359,0.87355,0.87405,4.80,2.80
2009.05.22 19:58:18.479,0.87355,0.874,1.80,1.20
2009.05.22 19:58:20.698,0.87355,0.8739,1.80,1.20
2009.05.22 19:58:23.428,0.8735,0.8739,7.20,1.20
2009.05.22 19:58:23.838,0.8734,0.8738,8.60,1.00
2009.05.22 19:58:23.958,0.8734,0.8737,7.20,1.60
2009.05.22 19:58:24.308,0.87335,0.8738,1.80,5.40
2009.05.22 19:58:28.566,0.87325,0.8738,2.20,6.00
2009.05.22 19:58:29.306,0.87325,0.8738,2.20,7.40
2009.05.22 19:58:30.586,0.87325,0.8738,4.80,6.60
2009.05.22 19:58:30.886,0.87335,0.8737,1.80,2.60
2009.05.22 19:58:31.726,0.87335,0.8737,1.80,4.00
2009.05.22 19:58:33.255,0.87335,0.87365,1.80,1.20
2009.05.22 19:58:33.675,0.87335,0.8736,1.80,1.20
2009.05.22 19:58:35.275,0.87335,0.8738,1.80,6.60
2009.05.22 19:58:35.625,0.87335,0.8737,1.80,1.20
2009.05.22 19:58:37.594,0.87325,0.87365,2.20,1.20
2009.05.22 19:58:42.563,0.87335,0.87365,1.80,1.20
2009.05.22 19:58:42.743,0.87325,0.87365,2.20,1.20
2009.05.22 19:58:43.553,0.87325,0.87355,4.80,1.20
2009.05.22 19:58:43.723,0.8733,0.87355,2.40,1.20
2009.05.22 19:58:43.893,0.87325,0.87355,1.80,1.20
2009.05.22 19:58:57.170,0.87325,0.87355,5.40,1.20
2009.05.22 19:59:02.009,0.87325,0.87365,5.40,1.20
2009.05.22 19:59:02.178,0.8733,0.87365,3.60,1.20
2009.05.22 19:59:02.468,0.87335,0.87365,3.20,1.20
2009.05.22 19:59:13.096,0.87335,0.87365,1.80,1.20
2009.05.22 19:59:15.985,0.87355,0.87405,4.80,4.00
2009.05.22 19:59:16.255,0.8735,0.87405,7.20,4.00
2009.05.22 19:59:19.024,0.8735,0.874,7.20,2.60
2009.05.22 19:59:19.264,0.87355,0.874,1.00,5.80
2009.05.22 19:59:19.894,0.87355,0.87405,7.20,4.00
2009.05.22 19:59:21.864,0.87355,0.87405,4.80,4.00
2009.05.22 19:59:23.723,0.8736,0.87405,1.00,7.20
2009.05.22 19:59:23.783,0.87365,0.87405,6.80,1.20
2009.05.22 19:59:39.100,0.8738,0.87425,1.80,1.20
2009.05.22 19:59:40.889,0.8738,0.87425,2.20,1.20
2009.05.22 19:59:41.009,0.8739,0.87425,1.80,1.20
2009.05.22 19:59:41.419,0.874,0.87425,1.80,1.20
2009.05.22 19:59:53.166,0.874,0.87435,1.80,4.00
2009.05.22 19:59:53.636,0.874,0.87435,1.80,4.00
2009.05.22 19:59:53.756,0.87405,0.87435,1.80,4.00
2009.05.22 19:59:54.106,0.87405,0.87435,1.80,1.20
2009.05.22 19:59:54.406,0.874,0.87435,1.80,1.20
2009.05.22 19:59:54.916,0.874,0.87435,1.80,4.00
2009.05.22 19:59:54.976,0.8739,0.87435,1.80,1.20
2009.05.22 19:59:55.555,0.8739,0.87435,1.80,4.00
2009.05.22 19:59:58.795,0.8739,0.87425,1.80,1.20
