2017.09.19 14:00:00.343,1.15683,1.15697,1.50,1.00
2017.09.19 14:00:00.881,1.15682,1.15696,3.00,1.00
2017.09.19 14:00:01.189,1.15687,1.15699,1.00,2.62
2017.09.19 14:00:01.491,1.15691,1.15702,1.12,2.25
2017.09.19 14:00:01.798,1.15696,1.15706,1.00,1.87
2017.09.19 14:00:02.466,1.15693,1.15705,1.00,1.69
2017.09.19 14:00:02.620,1.15691,1.15704,1.12,1.19
2017.09.19 14:00:02.970,1.15689,1.15701,1.12,1.00
2017.09.19 14:00:03.286,1.15693,1.15705,2.44,1.00
2017.09.19 14:00:03.611,1.15693,1.15701,1.00,1.00
2017.09.19 14:00:03.663,1.15694,1.15704,1.00,1.00
2017.09.19 14:00:04.282,1.15696,1.15705,1.00,1.00
2017.09.19 14:00:04.457,1.15696,1.15707,1.00,1.00
2017.09.19 14:00:04.942,1.15698,1.15708,1.00,1.00
2017.09.19 14:00:05.250,1.15694,1.15706,1.37,1.00
2017.09.19 14:00:05.302,1.15694,1.15708,1.00,2.25
2017.09.19 14:00:05.567,1.15693,1.15705,1.50,1.00
2017.09.19 14:00:05.911,1.15691,1.15702,1.50,1.00
2017.09.19 14:00:05.963,1.15693,1.15705,1.00,1.00
2017.09.19 14:00:06.117,1.15695,1.15707,1.00,1.25
2017.09.19 14:00:06.219,1.15692,1.15707,1.50,3.00
2017.09.19 14:00:06.271,1.15695,1.15707,1.00,2.25
2017.09.19 14:00:06.621,1.15693,1.15704,1.00,1.50
2017.09.19 14:00:06.877,1.15692,1.15706,1.00,3.00
2017.09.19 14:00:06.929,1.15695,1.15706,1.00,2.25
2017.09.19 14:00:07.300,1.15692,1.15703,1.00,1.50
2017.09.19 14:00:07.609,1.15689,1.15699,1.00,1.00
2017.09.19 14:00:07.868,1.15679,1.15692,1.37,1.35
2017.09.19 14:00:07.921,1.15681,1.15694,1.69,1.00
2017.09.19 14:00:08.228,1.15683,1.15696,1.50,1.50
2017.09.19 14:00:08.537,1.1568,1.15691,1.87,1.00
2017.09.19 14:00:08.814,1.15677,1.1569,2.44,1.00
2017.09.19 14:00:08.872,1.1568,1.15692,1.50,1.50
2017.09.19 14:00:09.080,1.1568,1.15692,1.00,1.00
2017.09.19 14:00:09.237,1.1568,1.15694,2.62,1.00
2017.09.19 14:00:09.490,1.1568,1.15692,1.00,1.00
2017.09.19 14:00:09.810,1.15679,1.15694,3.19,1.00
2017.09.19 14:00:09.862,1.15682,1.15694,1.19,1.12
2017.09.19 14:00:10.016,1.1568,1.15692,1.12,1.25
2017.09.19 14:00:10.214,1.15677,1.15686,2.62,1.00
2017.09.19 14:00:10.267,1.15675,1.15684,1.00,1.00
2017.09.19 14:00:10.319,1.15675,1.15681,1.00,1.00
2017.09.19 14:00:10.370,1.15672,1.15681,2.25,1.00
2017.09.19 14:00:10.474,1.15677,1.15681,1.00,1.00
2017.09.19 14:00:10.679,1.15675,1.15683,1.12,1.50
2017.09.19 14:00:10.732,1.15673,1.15677,1.12,1.00
2017.09.19 14:00:10.887,1.15672,1.1568,1.00,1.50
2017.09.19 14:00:11.092,1.15672,1.15685,1.00,1.19
2017.09.19 14:00:11.143,1.15675,1.15685,1.00,1.19
2017.09.19 14:00:11.195,1.15672,1.15685,1.00,1.00
2017.09.19 14:00:11.634,1.1567,1.15685,1.25,1.50
2017.09.19 14:00:12.182,1.15671,1.15684,1.50,1.12
2017.09.19 14:00:12.338,1.15674,1.15686,1.00,3.00
2017.09.19 14:00:12.442,1.15675,1.15687,2.25,1.50
2017.09.19 14:00:12.493,1.15677,1.15689,1.00,1.50
2017.09.19 14:00:12.772,1.1568,1.15692,1.00,1.87
2017.09.19 14:00:13.028,1.15683,1.15693,1.50,1.50
2017.09.19 14:00:13.079,1.1568,1.15693,3.37,1.00
2017.09.19 14:00:13.290,1.15682,1.15693,1.81,1.50
2017.09.19 14:00:13.342,1.15684,1.15695,1.50,1.50
2017.09.19 14:00:13.496,1.15683,1.15697,3.00,1.00
2017.09.19 14:00:14.009,1.15683,1.15698,2.06,2.62
2017.09.19 14:00:14.613,1.15686,1.15698,1.50,1.12
2017.09.19 14:00:14.717,1.15686,1.15701,2.44,1.00
2017.09.19 14:00:14.772,1.1569,1.15699,1.00,1.00
2017.09.19 14:00:14.827,1.15689,1.15701,1.25,1.00
2017.09.19 14:00:15.231,1.1569,1.15703,1.00,1.87
2017.09.19 14:00:15.284,1.15693,1.15703,1.00,1.12
2017.09.19 14:00:15.336,1.1569,1.15702,1.69,1.00
2017.09.19 14:00:15.540,1.1569,1.15704,2.62,1.00
2017.09.19 14:00:16.138,1.1569,1.15703,2.62,1.00
2017.09.19 14:00:16.242,1.1569,1.15705,1.87,1.25
2017.09.19 14:00:16.293,1.15691,1.15707,1.00,3.37
2017.09.19 14:00:16.396,1.15694,1.15707,1.00,3.37
2017.09.19 14:00:16.761,1.15695,1.15709,1.25,3.37
2017.09.19 14:00:17.376,1.15697,1.15708,1.00,1.00
2017.09.19 14:00:17.479,1.15698,1.15711,1.87,1.37
2017.09.19 14:00:17.632,1.15698,1.15712,2.44,1.50
2017.09.19 14:00:18.228,1.15696,1.15708,2.44,1.00
2017.09.19 14:00:18.830,1.15695,1.15709,2.62,1.00
2017.09.19 14:00:19.086,1.15697,1.15711,3.19,1.00
2017.09.19 14:00:19.137,1.15698,1.15709,1.12,1.00
2017.09.19 14:00:19.189,1.15697,1.15711,3.19,1.00
2017.09.19 14:00:19.241,1.15698,1.15711,1.31,1.00
2017.09.19 14:00:19.566,1.15696,1.15708,1.00,1.00
2017.09.19 14:00:20.129,1.15696,1.15709,1.00,1.00
2017.09.19 14:00:20.282,1.15695,1.15707,1.31,1.00
2017.09.19 14:00:20.807,1.15695,1.15707,1.31,1.00
2017.09.19 14:00:20.976,1.15696,1.1571,3.37,1.87
2017.09.19 14:00:21.079,1.15699,1.15712,1.44,2.25
2017.09.19 14:00:21.233,1.15699,1.15712,1.19,1.00
2017.09.19 14:00:21.285,1.15697,1.15707,2.62,1.00
2017.09.19 14:00:21.475,1.15693,1.15705,1.87,1.00
2017.09.19 14:00:22.038,1.15692,1.15704,1.50,1.00
2017.09.19 14:00:22.294,1.15692,1.15701,1.50,1.00
2017.09.19 14:00:22.498,1.1569,1.15701,1.00,1.00
2017.09.19 14:00:23.054,1.1569,1.15702,2.44,1.00
2017.09.19 14:00:23.267,1.15689,1.157,1.69,1.00
2017.09.19 14:00:23.372,1.15689,1.15702,1.69,1.50
2017.09.19 14:00:23.477,1.15689,1.157,1.69,1.12
2017.09.19 14:00:23.997,1.1569,1.15702,1.25,1.00
2017.09.19 14:00:24.340,1.15694,1.15706,1.50,1.37
2017.09.19 14:00:24.648,1.15696,1.15708,1.00,1.50
2017.09.19 14:00:24.951,1.15693,1.15703,1.75,1.50
2017.09.19 14:00:25.003,1.15691,1.157,1.12,1.00
2017.09.19 14:00:25.158,1.15691,1.15702,1.00,1.00
2017.09.19 14:00:25.312,1.15691,1.15704,1.50,1.50
2017.09.19 14:00:25.823,1.15692,1.15704,1.50,1.00
2017.09.19 14:00:26.622,1.15692,1.15705,1.50,1.25
2017.09.19 14:00:27.428,1.15696,1.15707,1.00,1.00
2017.09.19 14:00:27.530,1.15697,1.15711,1.00,2.25
2017.09.19 14:00:27.705,1.15699,1.15711,1.00,1.12
2017.09.19 14:00:28.087,1.15701,1.15711,1.00,1.50
2017.09.19 14:00:28.396,1.15697,1.15708,2.25,1.00
2017.09.19 14:00:28.499,1.15696,1.15708,1.00,1.00
2017.09.19 14:00:29.041,1.15697,1.15709,1.00,1.25
2017.09.19 14:00:29.761,1.15701,1.15711,1.19,1.50
2017.09.19 14:00:29.813,1.15702,1.15714,1.00,2.25
2017.09.19 14:00:29.915,1.15704,1.15715,1.00,1.50
2017.09.19 14:00:31.372,1.15703,1.15717,2.81,2.25
2017.09.19 14:00:32.117,1.15703,1.15718,2.06,3.00
2017.09.19 14:00:32.603,1.15703,1.15716,2.06,1.00
2017.09.19 14:00:32.914,1.15706,1.15717,1.00,1.00
2017.09.19 14:00:33.118,1.15701,1.15715,2.06,1.25
2017.09.19 14:00:33.170,1.157,1.15715,3.56,1.25
2017.09.19 14:00:33.221,1.157,1.15713,1.12,1.00
2017.09.19 14:00:33.530,1.15702,1.15713,1.25,2.25
2017.09.19 14:00:34.043,1.15702,1.15714,1.50,2.25
2017.09.19 14:00:34.351,1.15705,1.15714,1.00,2.25
2017.09.19 14:00:34.880,1.15704,1.15713,1.00,1.50
2017.09.19 14:00:35.202,1.15698,1.15711,1.37,1.12
2017.09.19 14:00:35.254,1.15698,1.15711,1.00,1.12
2017.09.19 14:00:36.107,1.157,1.15711,1.25,1.00
2017.09.19 14:00:36.658,1.15699,1.15713,1.50,3.22
2017.09.19 14:00:36.965,1.15702,1.15713,1.00,1.12
2017.09.19 14:00:38.948,1.15701,1.15714,1.12,1.87
2017.09.19 14:00:39.381,1.15707,1.15719,1.00,2.25
2017.09.19 14:00:39.433,1.15707,1.15719,1.00,1.50
2017.09.19 14:00:39.637,1.15706,1.15721,2.44,1.00
2017.09.19 14:00:39.790,1.1571,1.15723,1.00,2.44
2017.09.19 14:00:39.995,1.15711,1.15725,1.50,2.81
2017.09.19 14:00:40.806,1.1571,1.15725,2.25,1.50
2017.09.19 14:00:40.859,1.15711,1.15725,3.37,2.25
2017.09.19 14:00:41.344,1.1571,1.15722,1.00,1.00
2017.09.19 14:00:41.863,1.15714,1.15722,1.00,1.50
2017.09.19 14:00:42.272,1.15716,1.15723,1.00,1.50
2017.09.19 14:00:42.528,1.15714,1.15724,1.00,1.69
2017.09.19 14:00:42.794,1.15716,1.15724,1.00,1.50
2017.09.19 14:00:43.102,1.1572,1.15726,1.00,1.50
2017.09.19 14:00:43.655,1.15719,1.15723,1.00,2.06
2017.09.19 14:00:43.707,1.15714,1.15722,1.00,1.37
2017.09.19 14:00:44.230,1.15715,1.15723,1.00,2.62
2017.09.19 14:00:44.282,1.15715,1.15723,1.00,1.00
2017.09.19 14:00:44.436,1.15713,1.15722,1.00,1.37
2017.09.19 14:00:44.747,1.15715,1.15723,1.00,2.44
2017.09.19 14:00:44.798,1.15716,1.15723,1.00,1.50
2017.09.19 14:00:44.900,1.15715,1.15726,1.00,2.10
2017.09.19 14:00:44.952,1.15717,1.15726,1.00,1.00
2017.09.19 14:00:45.412,1.15719,1.15727,1.00,1.00
2017.09.19 14:00:46.303,1.15718,1.15727,1.00,1.25
2017.09.19 14:00:46.613,1.15715,1.15726,1.00,2.81
2017.09.19 14:00:46.724,1.15718,1.15726,1.00,2.81
2017.09.19 14:00:46.841,1.15718,1.15727,1.00,1.50
2017.09.19 14:00:47.351,1.15719,1.15729,1.00,1.50
2017.09.19 14:00:47.403,1.15721,1.15729,1.00,1.50
2017.09.19 14:00:48.027,1.15722,1.1573,1.00,2.25
2017.09.19 14:00:48.080,1.15718,1.15728,1.50,2.06
2017.09.19 14:00:48.132,1.15719,1.15726,1.00,1.50
2017.09.19 14:00:48.834,1.15719,1.15729,1.00,2.47
2017.09.19 14:00:49.365,1.15721,1.15729,1.00,2.47
2017.09.19 14:00:49.735,1.1572,1.15725,1.00,1.50
2017.09.19 14:00:49.786,1.15717,1.15728,1.00,1.25
2017.09.19 14:00:50.217,1.15717,1.15726,1.00,1.50
2017.09.19 14:00:50.509,1.15715,1.15726,1.50,1.50
2017.09.19 14:00:51.338,1.15719,1.15727,1.00,2.25
2017.09.19 14:00:51.492,1.1572,1.1573,1.00,1.00
2017.09.19 14:00:51.906,1.15717,1.1573,1.50,1.00
2017.09.19 14:00:52.008,1.15717,1.1573,1.00,2.06
2017.09.19 14:00:52.315,1.15716,1.15726,1.00,1.50
2017.09.19 14:00:52.681,1.15713,1.15726,1.87,2.25
2017.09.19 14:00:52.996,1.15712,1.15724,2.25,1.00
2017.09.19 14:00:53.048,1.15709,1.15723,2.25,4.72
2017.09.19 14:00:53.151,1.15711,1.15723,1.00,3.75
2017.09.19 14:00:53.458,1.15717,1.15726,1.00,1.50
2017.09.19 14:00:53.994,1.15714,1.15727,1.00,2.47
2017.09.19 14:00:55.369,1.15712,1.15725,1.00,1.31
2017.09.19 14:00:55.420,1.1571,1.15725,2.81,2.06
2017.09.19 14:00:55.472,1.15712,1.15723,1.50,1.00
2017.09.19 14:00:55.727,1.15713,1.15725,1.00,1.87
2017.09.19 14:00:55.829,1.15713,1.15723,1.00,1.00
2017.09.19 14:00:55.881,1.1571,1.15723,1.00,2.25
2017.09.19 14:00:56.443,1.15711,1.15723,1.50,2.25
2017.09.19 14:00:56.726,1.15713,1.15723,1.00,2.25
2017.09.19 14:00:57.047,1.15715,1.15724,1.00,1.50
2017.09.19 14:00:57.252,1.15712,1.15724,1.00,1.00
2017.09.19 14:00:57.753,1.15711,1.15724,1.00,1.00
2017.09.19 14:00:58.299,1.15712,1.15725,1.00,2.06
2017.09.19 14:00:58.351,1.1571,1.15721,1.00,1.00
2017.09.19 14:00:58.549,1.15705,1.15719,2.25,1.54
2017.09.19 14:00:59.059,1.15706,1.15719,1.00,1.35
2017.09.19 14:01:00.189,1.15706,1.15719,1.00,2.85
2017.09.19 14:01:02.837,1.15709,1.15719,1.00,1.50
2017.09.19 14:01:02.992,1.15707,1.15721,1.50,2.06
2017.09.19 14:01:03.043,1.15709,1.15719,1.00,1.69
2017.09.19 14:01:03.345,1.15707,1.15718,1.00,1.00
2017.09.19 14:01:03.863,1.15706,1.15717,1.00,1.00
2017.09.19 14:01:04.407,1.15707,1.15717,1.00,1.00
2017.09.19 14:01:05.183,1.15707,1.15718,1.00,1.00
2017.09.19 14:01:05.714,1.15707,1.15717,1.50,1.00
2017.09.19 14:01:06.247,1.15708,1.15717,1.00,1.00
2017.09.19 14:01:06.299,1.1571,1.1572,1.00,1.87
2017.09.19 14:01:06.457,1.15712,1.15721,1.12,1.00
2017.09.19 14:01:06.562,1.15711,1.15723,1.00,1.00
2017.09.19 14:01:06.924,1.15711,1.15725,1.50,4.50
2017.09.19 14:01:07.090,1.15711,1.15723,1.50,1.00
2017.09.19 14:01:07.142,1.1571,1.15725,1.50,3.75
2017.09.19 14:01:07.310,1.15711,1.15723,1.00,1.00
2017.09.19 14:01:07.463,1.15711,1.15725,1.50,1.50
2017.09.19 14:01:07.515,1.15716,1.15725,1.00,1.50
2017.09.19 14:01:08.077,1.15716,1.15726,1.00,1.00
2017.09.19 14:01:08.281,1.15716,1.15728,1.00,1.00
2017.09.19 14:01:08.334,1.15718,1.15729,1.00,1.00
2017.09.19 14:01:10.079,1.15716,1.15729,1.69,1.00
2017.09.19 14:01:10.543,1.15718,1.15729,1.00,1.00
2017.09.19 14:01:11.112,1.15717,1.1573,3.37,1.00
2017.09.19 14:01:11.375,1.15719,1.15732,1.00,1.00
2017.09.19 14:01:11.918,1.15719,1.15731,2.25,1.00
2017.09.19 14:01:12.459,1.1572,1.1573,1.00,1.00
2017.09.19 14:01:12.720,1.15719,1.15726,1.50,1.12
2017.09.19 14:01:12.772,1.15719,1.15729,1.00,1.50
2017.09.19 14:01:12.823,1.15715,1.15726,3.75,1.00
2017.09.19 14:01:12.926,1.15718,1.1573,1.00,1.00
2017.09.19 14:01:12.977,1.1572,1.15732,1.50,1.00
2017.09.19 14:01:13.583,1.15719,1.15729,1.50,1.00
2017.09.19 14:01:14.192,1.15719,1.1573,1.50,1.00
2017.09.19 14:01:14.743,1.15721,1.15731,1.50,1.00
2017.09.19 14:01:15.249,1.15721,1.15732,1.50,1.00
2017.09.19 14:01:15.775,1.1572,1.15733,2.06,1.50
2017.09.19 14:01:16.382,1.15721,1.15733,1.25,1.50
2017.09.19 14:01:16.936,1.1572,1.15732,1.31,1.00
2017.09.19 14:01:17.486,1.15721,1.15732,1.00,1.00
2017.09.19 14:01:18.328,1.15722,1.15733,1.00,1.00
2017.09.19 14:01:18.637,1.15724,1.15735,2.62,1.00
2017.09.19 14:01:19.143,1.15725,1.15735,1.00,1.00
2017.09.19 14:01:19.803,1.15724,1.15735,2.62,1.00
2017.09.19 14:01:21.053,1.15725,1.15734,1.00,1.00
2017.09.19 14:01:21.544,1.15719,1.15729,1.37,1.00
2017.09.19 14:01:22.107,1.15719,1.15729,1.50,1.00
2017.09.19 14:01:22.472,1.15719,1.15727,1.00,1.00
2017.09.19 14:01:22.523,1.15716,1.15728,1.00,1.00
2017.09.19 14:01:22.575,1.15718,1.15727,1.00,1.00
2017.09.19 14:01:22.678,1.15715,1.15727,1.00,1.00
2017.09.19 14:01:23.195,1.15716,1.15727,2.44,1.00
2017.09.19 14:01:23.783,1.15717,1.15727,1.00,1.00
2017.09.19 14:01:24.574,1.15718,1.15727,1.00,1.00
2017.09.19 14:01:26.257,1.15718,1.15729,1.69,1.87
2017.09.19 14:01:26.371,1.15719,1.15732,1.00,1.87
2017.09.19 14:01:26.678,1.1572,1.15733,1.50,1.00
2017.09.19 14:01:26.729,1.15722,1.15733,1.00,1.00
2017.09.19 14:01:27.473,1.15723,1.15733,1.00,1.00
2017.09.19 14:01:28.241,1.15721,1.15733,1.00,1.00
2017.09.19 14:01:28.498,1.15723,1.15734,1.87,1.00
2017.09.19 14:01:30.392,1.15723,1.15736,2.62,1.00
2017.09.19 14:01:30.495,1.15722,1.15734,1.87,1.00
2017.09.19 14:01:30.850,1.15724,1.15736,1.00,1.12
2017.09.19 14:01:31.404,1.15725,1.15737,1.12,1.00
2017.09.19 14:01:31.953,1.15725,1.15739,1.31,1.00
2017.09.19 14:01:32.005,1.15727,1.1574,1.00,2.25
2017.09.19 14:01:32.507,1.15728,1.1574,3.00,1.12
2017.09.19 14:01:33.371,1.15731,1.15741,1.50,1.50
2017.09.19 14:01:33.423,1.15729,1.15741,1.25,1.00
2017.09.19 14:01:34.022,1.15729,1.1574,3.19,1.00
2017.09.19 14:01:34.278,1.15731,1.15742,1.25,1.50
2017.09.19 14:01:34.911,1.15732,1.15742,1.50,1.00
2017.09.19 14:01:35.710,1.15731,1.15742,1.50,1.50
2017.09.19 14:01:36.349,1.1573,1.15742,1.00,1.00
2017.09.19 14:01:36.656,1.15734,1.15747,1.00,1.00
2017.09.19 14:01:36.810,1.15738,1.15749,1.00,1.12
2017.09.19 14:01:37.356,1.15739,1.1575,1.00,1.12
2017.09.19 14:01:40.686,1.15739,1.15749,1.00,1.00
2017.09.19 14:01:40.738,1.15735,1.15748,1.37,1.00
2017.09.19 14:01:40.790,1.15739,1.15749,1.00,1.50
2017.09.19 14:01:40.892,1.15739,1.15751,1.00,1.12
2017.09.19 14:01:42.405,1.15737,1.15751,1.50,1.12
2017.09.19 14:01:43.105,1.15738,1.15751,1.00,1.12
2017.09.19 14:01:43.823,1.15739,1.15751,1.50,1.12
2017.09.19 14:01:44.528,1.1574,1.15751,1.00,1.12
2017.09.19 14:01:45.239,1.15739,1.15751,1.50,1.12
2017.09.19 14:01:45.814,1.15739,1.1575,1.50,1.00
2017.09.19 14:01:45.969,1.15741,1.15751,1.00,1.12
2017.09.19 14:01:46.123,1.15741,1.15755,1.25,1.37
2017.09.19 14:01:46.175,1.15741,1.15755,2.44,1.00
2017.09.19 14:01:46.277,1.15741,1.15753,1.00,1.00
2017.09.19 14:01:46.483,1.15739,1.15752,1.25,1.00
2017.09.19 14:01:47.372,1.15739,1.15751,2.44,1.00
2017.09.19 14:01:47.475,1.15742,1.15754,2.25,1.00
2017.09.19 14:01:47.793,1.15745,1.15758,1.50,1.37
2017.09.19 14:01:48.109,1.15742,1.15752,1.75,1.00
2017.09.19 14:01:48.314,1.15736,1.1575,3.37,1.00
2017.09.19 14:01:48.855,1.15738,1.15751,1.25,1.50
2017.09.19 14:01:49.170,1.1574,1.15753,1.00,1.00
2017.09.19 14:01:49.810,1.1574,1.15754,1.00,1.12
2017.09.19 14:01:50.176,1.15742,1.15753,1.00,1.00
2017.09.19 14:01:50.742,1.15742,1.15754,1.50,1.00
2017.09.19 14:01:51.073,1.15744,1.15758,1.00,2.47
2017.09.19 14:01:51.939,1.15745,1.15758,1.00,3.22
2017.09.19 14:01:52.150,1.15742,1.15754,2.25,1.00
2017.09.19 14:01:52.667,1.15742,1.15755,1.00,1.00
2017.09.19 14:01:52.859,1.15745,1.15758,1.50,2.62
2017.09.19 14:01:53.678,1.15747,1.15757,1.00,1.37
2017.09.19 14:01:54.215,1.15746,1.15757,1.00,1.37
2017.09.19 14:01:54.979,1.15748,1.15757,1.00,1.37
2017.09.19 14:01:55.135,1.15746,1.1576,3.00,1.30
2017.09.19 14:01:55.339,1.15747,1.15758,1.00,1.00
2017.09.19 14:01:55.917,1.15746,1.15758,1.00,1.00
2017.09.19 14:01:56.227,1.15747,1.1576,1.00,1.50
2017.09.19 14:01:56.678,1.15746,1.15757,2.25,1.00
2017.09.19 14:01:57.202,1.15745,1.15758,1.87,1.50
2017.09.19 14:01:57.547,1.15744,1.15756,1.62,1.00
2017.09.19 14:01:58.138,1.15744,1.15757,1.62,1.00
2017.09.19 14:01:58.497,1.15747,1.15758,1.00,1.00
2017.09.19 14:01:58.828,1.15742,1.15753,2.44,1.00
2017.09.19 14:01:58.932,1.15742,1.15753,1.50,1.00
2017.09.19 14:01:59.447,1.15743,1.15753,1.00,1.00
2017.09.19 14:01:59.499,1.15741,1.15753,2.44,1.00
2017.09.19 14:01:59.755,1.15742,1.15755,1.00,1.12
2017.09.19 14:02:00.273,1.15743,1.15755,1.00,2.44
2017.09.19 14:02:00.688,1.15743,1.15753,1.00,1.00
2017.09.19 14:02:00.740,1.15741,1.15752,1.00,1.50
2017.09.19 14:02:00.888,1.15736,1.1575,3.00,1.60
2017.09.19 14:02:00.941,1.15736,1.1575,2.25,1.00
2017.09.19 14:02:01.249,1.15736,1.15748,1.50,1.25
2017.09.19 14:02:01.407,1.15735,1.15748,2.25,1.00
2017.09.19 14:02:02.028,1.15735,1.15747,2.25,1.00
2017.09.19 14:02:02.337,1.15731,1.15744,3.00,1.00
2017.09.19 14:02:02.718,1.15731,1.15746,2.44,1.50
2017.09.19 14:02:02.872,1.15732,1.15746,1.50,1.50
2017.09.19 14:02:02.975,1.15732,1.15744,1.50,1.00
2017.09.19 14:02:03.509,1.15732,1.15745,1.50,1.00
2017.09.19 14:02:04.502,1.15732,1.15742,1.50,1.00
2017.09.19 14:02:05.112,1.15731,1.15742,2.25,1.00
2017.09.19 14:02:05.702,1.15733,1.15744,1.00,1.00
2017.09.19 14:02:05.856,1.15735,1.15747,1.50,1.12
2017.09.19 14:02:06.011,1.15733,1.15745,1.37,1.00
2017.09.19 14:02:06.887,1.15734,1.15747,1.12,1.00
2017.09.19 14:02:07.420,1.15734,1.15746,1.12,1.00
2017.09.19 14:02:07.563,1.15735,1.15748,1.00,2.29
2017.09.19 14:02:08.161,1.15734,1.15749,1.12,2.66
2017.09.19 14:02:09.178,1.15737,1.15748,1.00,1.00
2017.09.19 14:02:09.382,1.15734,1.15748,1.12,1.00
2017.09.19 14:02:09.433,1.15736,1.15748,1.00,1.00
2017.09.19 14:02:09.485,1.15734,1.15747,1.87,1.50
2017.09.19 14:02:09.587,1.15736,1.15747,1.00,1.50
2017.09.19 14:02:10.140,1.15735,1.15748,1.00,1.25
2017.09.19 14:02:11.070,1.15734,1.15748,1.12,1.25
2017.09.19 14:02:11.379,1.15734,1.15746,1.12,1.31
2017.09.19 14:02:13.077,1.15733,1.15746,1.87,2.62
2017.09.19 14:02:13.986,1.1573,1.15745,1.00,2.44
2017.09.19 14:02:14.679,1.15731,1.15744,1.00,1.12
2017.09.19 14:02:15.333,1.15734,1.15748,1.00,1.50
2017.09.19 14:02:15.385,1.15734,1.15748,1.00,1.50
2017.09.19 14:02:16.116,1.15735,1.15748,1.00,1.37
2017.09.19 14:02:16.269,1.15735,1.15749,1.00,2.62
2017.09.19 14:02:17.561,1.15735,1.1575,1.00,3.56
2017.09.19 14:02:17.978,1.15737,1.15749,1.00,1.50
2017.09.19 14:02:18.392,1.15735,1.15749,1.00,1.31
2017.09.19 14:02:18.715,1.15734,1.15746,1.00,1.00
2017.09.19 14:02:19.126,1.15733,1.15744,1.12,1.00
2017.09.19 14:02:19.504,1.15736,1.15746,1.50,1.00
2017.09.19 14:02:20.096,1.15737,1.15746,1.50,1.00
2017.09.19 14:02:20.647,1.15736,1.15747,1.50,1.87
2017.09.19 14:02:20.872,1.15733,1.15746,2.25,1.00
2017.09.19 14:02:21.377,1.15733,1.15747,2.44,1.87
2017.09.19 14:02:21.908,1.15734,1.15746,1.50,1.00
2017.09.19 14:02:22.437,1.15733,1.15746,1.50,1.00
2017.09.19 14:02:22.488,1.15733,1.15744,1.50,1.00
2017.09.19 14:02:22.806,1.1573,1.15742,3.19,1.00
2017.09.19 14:02:24.172,1.15731,1.15744,2.06,1.00
2017.09.19 14:02:24.982,1.15733,1.15745,1.00,1.25
2017.09.19 14:02:25.363,1.15733,1.15742,2.25,1.00
2017.09.19 14:02:25.517,1.15732,1.15741,1.00,1.00
2017.09.19 14:02:26.025,1.15732,1.15742,1.00,1.00
2017.09.19 14:02:26.943,1.15732,1.15743,1.00,1.00
2017.09.19 14:02:27.047,1.1573,1.15741,2.25,1.31
2017.09.19 14:02:27.395,1.15728,1.1574,1.50,1.50
2017.09.19 14:02:27.702,1.15728,1.15743,2.25,1.37
2017.09.19 14:02:27.857,1.1573,1.15744,1.00,3.19
2017.09.19 14:02:27.960,1.15728,1.15743,2.25,1.12
2017.09.19 14:02:28.012,1.15728,1.15741,1.50,1.00
2017.09.19 14:02:28.456,1.15726,1.1574,3.00,1.50
2017.09.19 14:02:29.019,1.15727,1.1574,1.87,1.31
2017.09.19 14:02:29.683,1.15725,1.1574,3.75,1.62
2017.09.19 14:02:29.787,1.1573,1.15744,1.00,4.31
2017.09.19 14:02:30.047,1.15728,1.15741,3.19,1.00
2017.09.19 14:02:30.361,1.15732,1.15745,1.00,1.50
2017.09.19 14:02:30.514,1.15733,1.15746,1.00,1.69
2017.09.19 14:02:30.567,1.15732,1.15743,1.00,1.12
2017.09.19 14:02:31.253,1.15736,1.15749,1.00,1.50
2017.09.19 14:02:31.305,1.15736,1.15749,1.00,1.12
2017.09.19 14:02:31.871,1.15736,1.15748,1.00,1.00
2017.09.19 14:02:32.567,1.15736,1.15749,1.00,1.31
2017.09.19 14:02:32.619,1.15734,1.15749,1.00,1.31
2017.09.19 14:02:32.722,1.15734,1.15746,2.25,1.37
2017.09.19 14:02:32.775,1.15732,1.15746,1.87,1.87
2017.09.19 14:02:32.980,1.15734,1.15747,1.00,1.12
2017.09.19 14:02:33.324,1.1573,1.15743,1.87,1.00
2017.09.19 14:02:33.839,1.15731,1.15744,1.50,1.87
2017.09.19 14:02:34.317,1.15734,1.15747,1.50,1.00
2017.09.19 14:02:34.420,1.15734,1.15749,1.50,1.12
2017.09.19 14:02:34.809,1.15736,1.1575,1.00,1.00
2017.09.19 14:02:35.187,1.15739,1.1575,1.00,1.50
2017.09.19 14:02:36.054,1.15741,1.1575,1.00,1.50
2017.09.19 14:02:36.555,1.15743,1.15755,1.00,1.87
2017.09.19 14:02:36.658,1.15745,1.15755,1.00,1.87
2017.09.19 14:02:36.709,1.15745,1.15756,1.00,1.12
2017.09.19 14:02:36.965,1.15743,1.15754,1.00,1.00
2017.09.19 14:02:37.284,1.15742,1.15751,1.00,1.50
2017.09.19 14:02:38.075,1.1574,1.15751,1.50,1.50
2017.09.19 14:02:39.633,1.15737,1.15748,1.12,1.00
2017.09.19 14:02:40.263,1.15737,1.15749,2.62,1.00
2017.09.19 14:02:40.769,1.15737,1.1575,2.62,1.00
2017.09.19 14:02:41.904,1.15738,1.15751,1.00,1.50
2017.09.19 14:02:42.520,1.15739,1.15752,1.50,2.06
2017.09.19 14:02:44.173,1.15738,1.15752,1.00,1.12
2017.09.19 14:02:44.624,1.1574,1.15753,1.00,3.00
2017.09.19 14:02:45.487,1.15744,1.15752,1.00,1.12
2017.09.19 14:02:45.801,1.15746,1.15756,1.00,2.62
2017.09.19 14:02:45.853,1.15746,1.15756,1.00,2.25
2017.09.19 14:02:46.016,1.15744,1.15756,1.00,3.19
2017.09.19 14:02:46.325,1.15744,1.15755,1.00,2.25
2017.09.19 14:02:46.754,1.15747,1.15755,1.00,2.25
2017.09.19 14:02:47.061,1.15751,1.15758,1.00,1.50
2017.09.19 14:02:47.113,1.15746,1.15757,1.00,1.00
2017.09.19 14:02:47.165,1.15743,1.15753,1.00,1.87
2017.09.19 14:02:47.471,1.15741,1.15749,1.00,1.00
2017.09.19 14:02:48.026,1.15741,1.15748,1.00,1.00
2017.09.19 14:02:48.547,1.15742,1.15749,1.00,1.00
2017.09.19 14:02:48.599,1.15744,1.15754,1.00,2.06
2017.09.19 14:02:48.752,1.15742,1.15753,1.00,1.37
2017.09.19 14:02:49.334,1.15744,1.15752,1.00,1.00
2017.09.19 14:02:49.385,1.15742,1.15752,1.00,1.50
2017.09.19 14:02:49.438,1.1574,1.15752,1.00,1.50
2017.09.19 14:02:49.593,1.15743,1.15752,1.00,1.00
2017.09.19 14:02:49.850,1.15745,1.15757,1.00,1.25
2017.09.19 14:02:50.358,1.15746,1.15757,1.00,1.25
2017.09.19 14:02:50.963,1.15745,1.15758,1.00,2.29
2017.09.19 14:02:51.066,1.15747,1.15759,1.00,1.50
2017.09.19 14:02:51.372,1.1575,1.15758,1.00,1.00
2017.09.19 14:02:51.629,1.15752,1.15764,1.00,1.00
2017.09.19 14:02:52.172,1.15759,1.15766,1.00,1.87
2017.09.19 14:02:52.228,1.15756,1.15768,1.00,3.00
2017.09.19 14:02:52.332,1.15757,1.15768,1.00,1.69
2017.09.19 14:02:52.385,1.15755,1.15765,1.00,1.00
2017.09.19 14:02:52.642,1.15752,1.15765,1.00,1.25
2017.09.19 14:02:53.540,1.15751,1.15765,1.00,1.25
2017.09.19 14:02:54.053,1.1575,1.15765,3.00,1.50
2017.09.19 14:02:54.620,1.15751,1.15765,1.00,1.00
2017.09.19 14:02:55.517,1.15751,1.15759,1.00,1.87
2017.09.19 14:02:55.569,1.15743,1.15755,2.62,1.00
2017.09.19 14:02:55.673,1.15743,1.15755,1.50,1.00
2017.09.19 14:02:56.267,1.15744,1.15755,1.50,1.00
2017.09.19 14:02:56.321,1.1574,1.15751,3.00,1.00
2017.09.19 14:02:56.596,1.15743,1.15756,1.50,1.00
2017.09.19 14:02:56.647,1.15744,1.15753,1.50,1.00
2017.09.19 14:02:57.107,1.15743,1.15755,1.50,1.00
2017.09.19 14:02:57.473,1.15744,1.15753,1.50,1.00
2017.09.19 14:02:57.986,1.15743,1.15754,1.50,1.00
2017.09.19 14:02:58.543,1.15744,1.15754,1.50,1.00
2017.09.19 14:02:59.572,1.15744,1.15755,1.50,1.00
2017.09.19 14:03:00.359,1.15744,1.15756,2.25,1.00
2017.09.19 14:03:00.913,1.15744,1.15757,2.25,1.12
2017.09.19 14:03:01.777,1.15743,1.15756,1.50,1.00
2017.09.19 14:03:02.290,1.15741,1.15755,2.81,1.00
2017.09.19 14:03:03.321,1.15741,1.15756,3.37,1.00
2017.09.19 14:03:03.824,1.15741,1.15755,2.62,1.00
2017.09.19 14:03:04.351,1.15742,1.15754,1.12,1.00
2017.09.19 14:03:05.121,1.15742,1.15755,1.12,1.00
2017.09.19 14:03:05.781,1.15742,1.15756,1.12,1.50
2017.09.19 14:03:06.112,1.15741,1.15754,3.19,1.00
2017.09.19 14:03:06.991,1.15741,1.15755,3.19,1.00
2017.09.19 14:03:07.529,1.15743,1.15756,1.05,1.00
2017.09.19 14:03:08.046,1.15742,1.15756,1.87,1.00
2017.09.19 14:03:08.435,1.15746,1.15758,1.00,1.50
2017.09.19 14:03:08.589,1.15744,1.15759,3.56,1.37
2017.09.19 14:03:08.691,1.15744,1.15759,3.94,1.50
2017.09.19 14:03:11.151,1.15746,1.1576,1.12,2.44
2017.09.19 14:03:12.497,1.15745,1.15759,2.06,1.00
2017.09.19 14:03:13.014,1.15746,1.15758,1.12,1.00
2017.09.19 14:03:13.552,1.15746,1.15757,1.12,1.00
2017.09.19 14:03:13.811,1.15741,1.15754,1.50,1.50
2017.09.19 14:03:15.084,1.1574,1.15753,1.00,1.00
2017.09.19 14:03:15.186,1.15738,1.15751,1.87,1.00
2017.09.19 14:03:15.289,1.15736,1.1575,1.12,1.00
2017.09.19 14:03:15.393,1.15737,1.15748,1.00,1.50
2017.09.19 14:03:15.740,1.15737,1.15745,1.00,1.00
2017.09.19 14:03:15.895,1.15737,1.15749,1.00,1.00
2017.09.19 14:03:16.276,1.15735,1.15747,2.06,1.00
2017.09.19 14:03:16.633,1.15735,1.15749,1.31,1.50
2017.09.19 14:03:17.175,1.15735,1.1575,1.12,1.87
2017.09.19 14:03:17.226,1.15738,1.1575,1.00,1.87
2017.09.19 14:03:18.050,1.15737,1.1575,1.00,1.12
2017.09.19 14:03:19.095,1.15738,1.15752,1.00,2.25
2017.09.19 14:03:19.686,1.15739,1.15751,1.00,1.00
2017.09.19 14:03:20.008,1.15742,1.15751,1.00,1.50
2017.09.19 14:03:20.616,1.15741,1.15751,1.12,1.50
2017.09.19 14:03:21.160,1.15742,1.15754,1.00,2.25
2017.09.19 14:03:21.316,1.15738,1.1575,2.25,1.00
2017.09.19 14:03:21.571,1.15739,1.15751,1.00,1.00
2017.09.19 14:03:22.086,1.15738,1.15753,2.25,1.37
2017.09.19 14:03:22.686,1.15738,1.15751,1.00,2.25
2017.09.19 14:03:23.206,1.15738,1.1575,1.00,1.00
2017.09.19 14:03:23.359,1.15738,1.15752,2.44,1.87
2017.09.19 14:03:23.918,1.15739,1.15751,1.00,1.00
2017.09.19 14:03:24.230,1.15737,1.1575,2.06,1.50
2017.09.19 14:03:24.334,1.15735,1.15748,2.44,1.50
2017.09.19 14:03:24.681,1.15735,1.15747,1.12,1.50
2017.09.19 14:03:25.040,1.15737,1.15748,1.50,1.00
2017.09.19 14:03:25.246,1.15735,1.15747,1.12,1.00
2017.09.19 14:03:25.298,1.15735,1.1575,1.12,3.19
2017.09.19 14:03:25.563,1.15735,1.15748,1.31,1.00
2017.09.19 14:03:26.033,1.15741,1.15751,1.00,1.87
2017.09.19 14:03:26.136,1.15739,1.15754,1.00,3.00
2017.09.19 14:03:26.187,1.15739,1.15753,2.06,2.62
2017.09.19 14:03:26.694,1.15739,1.15753,1.69,1.00
2017.09.19 14:03:26.797,1.15741,1.15754,1.00,3.00
2017.09.19 14:03:27.318,1.1574,1.15754,1.50,1.50
2017.09.19 14:03:27.720,1.15738,1.15753,1.00,3.19
2017.09.19 14:03:28.593,1.15739,1.15752,1.50,1.12
2017.09.19 14:03:29.288,1.1574,1.15754,1.00,2.62
2017.09.19 14:03:29.340,1.1574,1.15754,1.12,2.25
2017.09.19 14:03:29.900,1.15743,1.15754,1.00,1.50
2017.09.19 14:03:30.412,1.15743,1.15756,1.00,1.50
2017.09.19 14:03:30.517,1.15745,1.15756,1.00,1.00
2017.09.19 14:03:30.620,1.15744,1.15758,3.19,1.87
2017.09.19 14:03:31.414,1.15746,1.1576,1.50,3.94
2017.09.19 14:03:31.568,1.15745,1.15756,1.00,1.00
2017.09.19 14:03:31.722,1.15743,1.15757,1.00,2.25
2017.09.19 14:03:32.352,1.15744,1.15757,1.00,1.50
2017.09.19 14:03:32.885,1.15744,1.15758,1.25,1.12
2017.09.19 14:03:32.937,1.15746,1.15759,1.00,2.25
2017.09.19 14:03:33.486,1.15747,1.1576,1.00,1.00
2017.09.19 14:03:34.199,1.15747,1.15758,1.00,1.00
2017.09.19 14:03:34.250,1.15744,1.15757,1.50,1.00
2017.09.19 14:03:34.302,1.15744,1.15755,1.50,1.00
2017.09.19 14:03:34.354,1.15744,1.15758,1.50,1.00
2017.09.19 14:03:34.406,1.15744,1.15757,1.12,1.37
2017.09.19 14:03:34.709,1.15742,1.15756,1.50,1.37
2017.09.19 14:03:34.768,1.15745,1.15756,1.00,1.37
2017.09.19 14:03:35.025,1.15745,1.15759,2.44,1.00
2017.09.19 14:03:35.079,1.15743,1.15757,1.87,1.69
2017.09.19 14:03:35.593,1.15741,1.15756,3.00,1.00
2017.09.19 14:03:36.151,1.15742,1.15755,1.00,1.12
2017.09.19 14:03:36.203,1.15744,1.15758,2.25,1.25
2017.09.19 14:03:36.255,1.15744,1.15758,2.25,2.00
2017.09.19 14:03:36.358,1.15744,1.15757,1.50,1.00
2017.09.19 14:03:36.963,1.15743,1.15757,1.69,2.25
2017.09.19 14:03:37.509,1.15743,1.15757,1.25,1.62
2017.09.19 14:03:37.662,1.15743,1.15757,1.25,2.44
2017.09.19 14:03:38.195,1.15743,1.15758,3.19,1.87
2017.09.19 14:03:38.502,1.15743,1.15756,1.25,1.00
2017.09.19 14:03:38.555,1.15742,1.15758,2.06,3.37
2017.09.19 14:03:38.658,1.15742,1.15758,2.62,3.00
2017.09.19 14:03:39.183,1.15743,1.15757,2.62,1.00
2017.09.19 14:03:39.503,1.15743,1.15755,1.87,1.00
2017.09.19 14:03:39.822,1.15739,1.15752,1.00,1.00
2017.09.19 14:03:40.284,1.15736,1.1575,3.37,2.62
2017.09.19 14:03:40.340,1.15738,1.15751,2.25,1.87
2017.09.19 14:03:40.579,1.15733,1.15745,2.19,1.00
2017.09.19 14:03:40.790,1.15733,1.15745,1.25,1.00
2017.09.19 14:03:40.902,1.1573,1.15743,1.31,1.50
2017.09.19 14:03:41.219,1.15729,1.1574,1.50,1.00
2017.09.19 14:03:42.102,1.15729,1.15739,1.50,1.00
2017.09.19 14:03:42.417,1.15731,1.15744,1.56,2.25
2017.09.19 14:03:42.469,1.15729,1.15739,2.25,1.00
2017.09.19 14:03:42.725,1.15726,1.15738,1.50,1.50
2017.09.19 14:03:43.629,1.15726,1.15735,1.50,1.00
2017.09.19 14:03:43.682,1.15723,1.15736,1.50,1.50
2017.09.19 14:03:43.734,1.15722,1.15734,1.37,1.00
2017.09.19 14:03:43.896,1.15721,1.15733,1.69,1.00
2017.09.19 14:03:44.228,1.1572,1.1573,1.31,1.00
2017.09.19 14:03:44.537,1.15714,1.15726,1.87,1.00
2017.09.19 14:03:44.741,1.15717,1.15727,1.50,1.50
2017.09.19 14:03:44.946,1.15723,1.15734,1.00,1.00
2017.09.19 14:03:45.181,1.15723,1.1573,1.00,1.00
2017.09.19 14:03:45.234,1.15721,1.1573,1.00,1.00
2017.09.19 14:03:45.285,1.15723,1.1573,1.00,1.00
2017.09.19 14:03:45.440,1.15722,1.15733,1.00,1.50
2017.09.19 14:03:46.069,1.1572,1.15732,1.00,1.87
2017.09.19 14:03:46.120,1.15719,1.1573,1.00,1.25
2017.09.19 14:03:46.427,1.15723,1.15732,1.00,1.12
2017.09.19 14:03:46.581,1.15721,1.15731,1.00,1.00
2017.09.19 14:03:47.104,1.15722,1.15734,1.00,2.25
2017.09.19 14:03:47.614,1.15724,1.15734,1.00,1.50
2017.09.19 14:03:48.140,1.15725,1.15734,1.00,2.25
2017.09.19 14:03:48.384,1.15723,1.15734,1.00,2.25
2017.09.19 14:03:48.435,1.15721,1.15733,1.00,1.62
2017.09.19 14:03:48.691,1.15723,1.15733,1.00,1.62
2017.09.19 14:03:49.371,1.15722,1.15734,1.00,4.69
2017.09.19 14:03:50.716,1.15721,1.15734,1.00,4.69
2017.09.19 14:03:51.027,1.15728,1.15738,1.00,2.62
2017.09.19 14:03:51.079,1.15727,1.15739,1.00,1.12
2017.09.19 14:03:51.182,1.15726,1.1574,1.50,3.56
2017.09.19 14:03:51.233,1.15728,1.1574,1.00,1.87
2017.09.19 14:03:51.285,1.15726,1.15738,1.50,1.50
2017.09.19 14:03:51.337,1.15728,1.15738,1.00,1.50
2017.09.19 14:03:51.492,1.15728,1.1574,1.00,1.25
2017.09.19 14:03:51.545,1.15727,1.15738,1.00,1.50
2017.09.19 14:03:52.109,1.15727,1.1574,1.00,2.62
2017.09.19 14:03:52.630,1.15728,1.15741,1.00,3.37
2017.09.19 14:03:53.181,1.15728,1.1574,1.00,1.50
2017.09.19 14:03:53.233,1.15731,1.1574,1.00,1.50
2017.09.19 14:03:53.865,1.15732,1.15742,1.00,1.00
2017.09.19 14:03:54.122,1.15732,1.15744,1.00,1.69
2017.09.19 14:03:54.531,1.15734,1.15746,1.00,2.62
2017.09.19 14:03:55.059,1.15735,1.15745,1.00,2.25
2017.09.19 14:03:55.368,1.15743,1.15754,1.00,1.12
2017.09.19 14:03:55.471,1.15743,1.15756,1.00,2.25
2017.09.19 14:03:55.523,1.15741,1.15752,1.12,1.50
2017.09.19 14:03:55.780,1.15737,1.15749,1.00,1.31
2017.09.19 14:03:55.942,1.15739,1.15749,1.00,2.06
2017.09.19 14:03:56.405,1.15739,1.15752,1.00,3.94
2017.09.19 14:03:56.457,1.15738,1.15749,1.00,1.50
2017.09.19 14:03:57.024,1.15738,1.15746,1.00,1.12
2017.09.19 14:03:57.230,1.15736,1.15746,1.00,2.25
2017.09.19 14:03:57.282,1.15741,1.15746,1.50,1.50
2017.09.19 14:03:57.334,1.15742,1.15752,1.00,1.75
2017.09.19 14:03:57.487,1.15741,1.15752,1.00,3.00
2017.09.19 14:03:57.693,1.15743,1.15752,1.00,1.00
2017.09.19 14:03:57.820,1.15741,1.15755,1.00,1.94
2017.09.19 14:03:58.034,1.15743,1.15756,1.00,3.75
2017.09.19 14:03:58.620,1.15743,1.15756,1.00,3.37
2017.09.19 14:03:59.226,1.15743,1.15755,1.00,3.19
2017.09.19 14:03:59.698,1.15741,1.15753,1.00,1.50
2017.09.19 14:03:59.852,1.15745,1.15756,1.00,2.25
2017.09.19 14:04:00.153,1.15749,1.15759,1.87,1.50
2017.09.19 14:04:00.478,1.15752,1.1576,1.00,1.50
2017.09.19 14:04:00.529,1.1575,1.1576,1.00,1.50
2017.09.19 14:04:01.030,1.15749,1.15759,1.12,1.50
2017.09.19 14:04:01.224,1.15751,1.15759,1.00,1.50
2017.09.19 14:04:01.762,1.1575,1.15759,1.00,1.50
2017.09.19 14:04:02.282,1.15751,1.15759,1.00,1.50
2017.09.19 14:04:02.608,1.15751,1.15756,1.00,1.50
2017.09.19 14:04:02.711,1.15751,1.1576,1.00,1.87
2017.09.19 14:04:03.145,1.1575,1.15758,1.00,1.50
2017.09.19 14:04:03.198,1.1575,1.1576,1.00,2.62
2017.09.19 14:04:03.250,1.1575,1.15758,1.00,1.50
2017.09.19 14:04:03.302,1.15748,1.15758,1.00,1.50
2017.09.19 14:04:03.714,1.15751,1.15761,1.00,1.25
2017.09.19 14:04:03.766,1.15749,1.15761,1.00,2.25
2017.09.19 14:04:03.818,1.15749,1.15758,1.00,1.50
2017.09.19 14:04:04.125,1.15747,1.15759,1.00,2.25
2017.09.19 14:04:04.332,1.15751,1.15758,1.00,1.87
2017.09.19 14:04:04.436,1.15752,1.15765,1.00,3.37
2017.09.19 14:04:04.539,1.15754,1.15764,1.00,3.37
2017.09.19 14:04:04.591,1.15752,1.15762,1.00,2.25
2017.09.19 14:04:04.643,1.1575,1.15761,1.00,2.44
2017.09.19 14:04:05.178,1.1575,1.15761,1.00,1.62
2017.09.19 14:04:06.042,1.15748,1.1576,1.00,1.44
2017.09.19 14:04:06.095,1.15748,1.15756,1.00,1.50
2017.09.19 14:04:06.300,1.15743,1.15755,1.00,1.69
2017.09.19 14:04:06.654,1.15745,1.15755,1.00,1.00
2017.09.19 14:04:07.161,1.15744,1.15753,1.00,1.50
2017.09.19 14:04:07.213,1.15742,1.15753,1.00,1.50
2017.09.19 14:04:07.724,1.15742,1.15752,1.00,1.30
2017.09.19 14:04:08.238,1.15743,1.15754,1.00,1.69
2017.09.19 14:04:08.494,1.15741,1.15754,1.00,3.37
2017.09.19 14:04:09.012,1.1574,1.15752,1.50,1.12
2017.09.19 14:04:09.730,1.15742,1.15754,1.00,4.12
2017.09.19 14:04:10.242,1.15742,1.15753,1.00,1.69
2017.09.19 14:04:10.570,1.15744,1.15754,1.00,1.87
2017.09.19 14:04:12.148,1.15742,1.15753,1.00,1.50
2017.09.19 14:04:12.251,1.1574,1.15751,1.00,1.00
2017.09.19 14:04:12.750,1.15738,1.15751,1.00,1.37
2017.09.19 14:04:14.654,1.1574,1.15751,1.00,1.37
2017.09.19 14:04:14.807,1.15741,1.15754,1.00,1.12
2017.09.19 14:04:15.322,1.1574,1.15753,1.00,2.25
2017.09.19 14:04:15.783,1.15743,1.15756,1.00,1.31
2017.09.19 14:04:16.664,1.15741,1.15756,1.87,1.87
2017.09.19 14:04:17.262,1.15742,1.15755,1.00,1.12
2017.09.19 14:04:17.939,1.15742,1.15753,1.00,1.50
2017.09.19 14:04:18.632,1.15741,1.15753,1.12,1.50
2017.09.19 14:04:19.726,1.15742,1.15756,1.00,3.00
2017.09.19 14:04:21.263,1.15743,1.15756,1.00,1.12
2017.09.19 14:04:22.278,1.15743,1.15755,1.50,1.00
2017.09.19 14:04:22.859,1.15743,1.15756,1.50,1.87
2017.09.19 14:04:23.042,1.15742,1.15752,1.00,1.00
2017.09.19 14:04:23.217,1.15742,1.15755,1.50,1.00
2017.09.19 14:04:23.727,1.15743,1.15754,1.00,1.00
2017.09.19 14:04:24.169,1.15741,1.15755,2.06,1.00
2017.09.19 14:04:24.222,1.15744,1.15756,1.00,1.12
2017.09.19 14:04:24.532,1.15748,1.15759,1.12,1.00
2017.09.19 14:04:25.569,1.15749,1.1576,1.00,1.00
2017.09.19 14:04:25.901,1.15753,1.15764,1.00,1.31
2017.09.19 14:04:26.213,1.15753,1.15766,1.00,1.00
2017.09.19 14:04:26.465,1.1575,1.15761,2.25,1.35
2017.09.19 14:04:26.621,1.15748,1.15762,1.00,4.72
2017.09.19 14:04:26.725,1.15748,1.15758,1.12,1.00
2017.09.19 14:04:26.777,1.15748,1.15761,1.12,3.00
2017.09.19 14:04:27.037,1.15749,1.15761,2.25,1.50
2017.09.19 14:04:27.169,1.15749,1.1576,1.00,1.12
2017.09.19 14:04:27.273,1.15752,1.15764,1.44,1.75
2017.09.19 14:04:27.325,1.15751,1.15763,1.00,1.00
2017.09.19 14:04:27.762,1.15758,1.15764,1.00,1.50
2017.09.19 14:04:27.814,1.15758,1.15767,1.00,1.00
2017.09.19 14:04:27.867,1.1576,1.15767,1.00,1.00
2017.09.19 14:04:27.920,1.15754,1.15767,2.25,1.00
2017.09.19 14:04:28.024,1.15755,1.15766,1.00,1.00
2017.09.19 14:04:28.332,1.15757,1.15768,1.00,1.50
2017.09.19 14:04:28.837,1.15758,1.1577,1.00,2.00
2017.09.19 14:04:29.043,1.15761,1.15773,1.00,1.25
2017.09.19 14:04:29.546,1.15762,1.15773,1.00,1.44
2017.09.19 14:04:29.700,1.15762,1.15774,1.00,1.69
2017.09.19 14:04:29.906,1.15764,1.15774,1.00,1.00
2017.09.19 14:04:29.958,1.15761,1.15774,1.00,1.25
2017.09.19 14:04:30.061,1.15764,1.15776,1.00,2.81
2017.09.19 14:04:30.398,1.15762,1.1577,1.00,1.50
2017.09.19 14:04:30.605,1.15758,1.15773,2.25,4.31
2017.09.19 14:04:30.657,1.15755,1.1577,3.19,2.06
2017.09.19 14:04:30.710,1.15758,1.15768,1.00,1.00
2017.09.19 14:04:31.057,1.15752,1.15764,1.50,3.00
2017.09.19 14:04:31.160,1.15752,1.15764,1.50,1.00
2017.09.19 14:04:31.266,1.15752,1.15765,1.69,1.12
2017.09.19 14:04:31.619,1.15752,1.15767,2.00,1.00
2017.09.19 14:04:31.984,1.15755,1.15769,2.44,1.12
2017.09.19 14:04:32.087,1.15754,1.15765,1.12,1.00
2017.09.19 14:04:32.415,1.15754,1.15759,1.00,1.00
2017.09.19 14:04:32.468,1.15751,1.1576,1.50,1.00
2017.09.19 14:04:32.571,1.15752,1.15765,1.50,1.87
2017.09.19 14:04:32.728,1.15755,1.15767,1.50,1.00
2017.09.19 14:04:32.832,1.15755,1.15769,1.50,1.50
2017.09.19 14:04:33.110,1.15758,1.15766,1.00,1.00
2017.09.19 14:04:33.468,1.15752,1.15767,3.00,1.00
2017.09.19 14:04:34.023,1.15751,1.15766,5.70,1.00
2017.09.19 14:04:34.506,1.15754,1.15763,1.50,1.00
2017.09.19 14:04:34.660,1.15753,1.15763,1.00,1.00
2017.09.19 14:04:34.937,1.15751,1.15762,1.50,1.00
2017.09.19 14:04:35.398,1.15753,1.15765,1.00,1.00
2017.09.19 14:04:35.450,1.15753,1.15763,1.00,1.00
2017.09.19 14:04:35.977,1.15753,1.15764,1.00,1.00
2017.09.19 14:04:36.293,1.15754,1.15762,1.00,1.00
2017.09.19 14:04:36.345,1.15751,1.15763,1.50,1.00
2017.09.19 14:04:36.766,1.15754,1.15765,1.00,1.00
2017.09.19 14:04:37.278,1.15755,1.15765,1.50,1.00
2017.09.19 14:04:37.331,1.15752,1.15763,1.25,1.00
2017.09.19 14:04:37.873,1.15751,1.15762,2.25,1.00
2017.09.19 14:04:38.424,1.15752,1.15763,2.25,1.00
2017.09.19 14:04:38.871,1.1575,1.15761,1.00,1.00
2017.09.19 14:04:39.037,1.1575,1.15764,1.69,1.00
2017.09.19 14:04:39.295,1.15753,1.15765,1.00,1.31
2017.09.19 14:04:39.500,1.15751,1.15766,3.37,2.25
2017.09.19 14:04:39.603,1.1575,1.15762,1.19,1.00
2017.09.19 14:04:39.808,1.15746,1.15759,2.25,1.00
2017.09.19 14:04:40.593,1.15749,1.15759,1.50,1.00
2017.09.19 14:04:40.645,1.15749,1.15761,1.50,1.00
2017.09.19 14:04:41.148,1.15749,1.15763,2.25,1.50
2017.09.19 14:04:41.973,1.1575,1.15762,1.25,1.87
2017.09.19 14:04:42.260,1.15747,1.1576,1.50,1.50
2017.09.19 14:04:42.363,1.15745,1.15758,2.06,1.00
2017.09.19 14:04:42.812,1.15751,1.1576,1.00,1.12
2017.09.19 14:04:42.865,1.15747,1.15758,1.00,1.00
2017.09.19 14:04:43.408,1.15748,1.15758,1.00,1.00
2017.09.19 14:04:44.064,1.15748,1.15757,1.00,1.00
2017.09.19 14:04:44.607,1.15748,1.15758,1.00,1.50
2017.09.19 14:04:44.811,1.1575,1.1576,1.00,1.00
2017.09.19 14:04:45.465,1.1575,1.15761,1.00,1.12
2017.09.19 14:04:45.773,1.15752,1.1576,1.00,1.00
2017.09.19 14:04:46.331,1.15753,1.15762,1.00,1.50
2017.09.19 14:04:46.736,1.15747,1.15757,1.00,1.00
2017.09.19 14:04:46.893,1.15749,1.15758,1.00,2.62
2017.09.19 14:04:47.068,1.15746,1.15757,1.00,2.25
2017.09.19 14:04:47.224,1.15748,1.15757,1.00,2.25
2017.09.19 14:04:47.277,1.15746,1.15757,1.00,1.12
2017.09.19 14:04:48.766,1.15747,1.15758,1.00,1.50
2017.09.19 14:04:48.819,1.1575,1.15759,1.00,2.00
2017.09.19 14:04:48.871,1.1575,1.1576,1.00,1.50
2017.09.19 14:04:49.559,1.1575,1.15761,1.00,2.25
2017.09.19 14:04:49.763,1.1575,1.15758,1.00,1.00
2017.09.19 14:04:50.022,1.15748,1.15758,1.00,1.50
2017.09.19 14:04:50.125,1.1575,1.15757,1.00,1.00
2017.09.19 14:04:51.165,1.15749,1.15758,1.00,1.00
2017.09.19 14:04:51.956,1.15751,1.15763,1.00,1.01
2017.09.19 14:04:52.471,1.15751,1.15762,1.00,1.37
2017.09.19 14:04:53.107,1.1575,1.15761,1.00,1.31
2017.09.19 14:04:53.414,1.15749,1.15758,1.00,1.00
2017.09.19 14:04:53.931,1.15749,1.15759,1.00,1.25
2017.09.19 14:04:54.245,1.15748,1.15756,1.00,1.00
2017.09.19 14:04:54.297,1.15745,1.15756,1.00,1.00
2017.09.19 14:04:54.604,1.1575,1.15757,1.00,1.12
2017.09.19 14:04:54.902,1.15748,1.15756,1.00,1.00
2017.09.19 14:04:54.953,1.1575,1.15756,1.00,1.00
2017.09.19 14:04:55.111,1.15748,1.15756,1.00,1.00
2017.09.19 14:04:55.164,1.15745,1.15753,1.00,1.00
2017.09.19 14:04:55.216,1.15743,1.15753,1.00,1.00
2017.09.19 14:04:55.637,1.15745,1.15754,1.00,1.12
2017.09.19 14:04:55.895,1.15747,1.15757,1.00,1.00
2017.09.19 14:04:55.946,1.15749,1.1576,1.00,1.69
2017.09.19 14:04:56.454,1.15747,1.15759,1.00,1.44
2017.09.19 14:04:56.762,1.15749,1.15759,1.00,1.44
2017.09.19 14:04:57.274,1.15749,1.15759,1.00,1.00
2017.09.19 14:04:57.595,1.15751,1.1576,1.00,2.06
2017.09.19 14:04:57.647,1.15748,1.15758,1.00,1.00
2017.09.19 14:04:57.954,1.15752,1.15757,1.00,1.00
2017.09.19 14:04:58.006,1.15753,1.15763,1.00,1.81
2017.09.19 14:04:58.437,1.15755,1.15763,1.00,1.25
2017.09.19 14:04:58.954,1.15754,1.15763,1.00,1.87
2017.09.19 14:04:59.520,1.15754,1.15764,1.00,1.25
2017.09.19 14:05:00.338,1.15755,1.15764,1.00,1.00
2017.09.19 14:05:00.887,1.15756,1.15764,1.00,1.00
2017.09.19 14:05:01.349,1.15753,1.15764,1.00,1.00
2017.09.19 14:05:01.617,1.15755,1.15764,1.00,1.00
2017.09.19 14:05:01.927,1.15752,1.15764,1.00,1.69
2017.09.19 14:05:02.460,1.15752,1.15763,1.00,1.25
2017.09.19 14:05:03.274,1.15754,1.15766,1.00,2.44
2017.09.19 14:05:03.775,1.15754,1.15767,3.00,1.69
2017.09.19 14:05:04.322,1.15755,1.15767,1.00,1.00
2017.09.19 14:05:04.625,1.15758,1.15769,1.00,1.12
2017.09.19 14:05:04.935,1.15756,1.15768,1.00,1.50
2017.09.19 14:05:05.976,1.15758,1.15769,1.00,1.50
2017.09.19 14:05:06.131,1.15756,1.15768,1.00,1.25
2017.09.19 14:05:06.651,1.15755,1.15767,1.00,1.25
2017.09.19 14:05:07.189,1.15754,1.15767,1.50,1.25
2017.09.19 14:05:07.531,1.15756,1.15767,1.00,1.25
2017.09.19 14:05:07.634,1.15754,1.15767,1.00,1.00
2017.09.19 14:05:07.890,1.15756,1.15768,1.00,1.31
2017.09.19 14:05:08.222,1.15759,1.15768,1.00,1.12
2017.09.19 14:05:10.119,1.15758,1.15769,1.00,2.25
2017.09.19 14:05:10.544,1.15759,1.1577,1.00,1.25
2017.09.19 14:05:10.818,1.15756,1.15768,1.00,2.25
2017.09.19 14:05:11.024,1.15757,1.1577,1.00,1.50
2017.09.19 14:05:11.229,1.15758,1.15771,1.00,1.12
2017.09.19 14:05:12.037,1.15759,1.15772,1.00,1.50
2017.09.19 14:05:12.894,1.15759,1.15773,1.50,1.44
2017.09.19 14:05:13.607,1.1576,1.15773,1.00,1.25
2017.09.19 14:05:13.710,1.15762,1.15773,1.00,1.25
2017.09.19 14:05:14.089,1.1576,1.15773,1.00,1.25
2017.09.19 14:05:14.702,1.15761,1.15773,1.00,1.00
2017.09.19 14:05:15.308,1.15769,1.15779,1.00,2.81
2017.09.19 14:05:15.426,1.15769,1.1578,1.12,1.56
2017.09.19 14:05:15.478,1.15771,1.15782,1.00,1.25
2017.09.19 14:05:15.530,1.15769,1.15782,1.12,1.12
2017.09.19 14:05:15.582,1.1577,1.1578,1.00,1.00
2017.09.19 14:05:16.007,1.15768,1.1578,1.00,1.44
2017.09.19 14:05:16.211,1.15765,1.15776,1.00,1.25
2017.09.19 14:05:16.723,1.15766,1.15778,1.00,1.19
2017.09.19 14:05:17.234,1.15768,1.1578,1.00,1.25
2017.09.19 14:05:18.360,1.15769,1.15782,1.00,1.44
2017.09.19 14:05:19.068,1.15772,1.15782,1.00,1.25
2017.09.19 14:05:19.120,1.1577,1.15783,1.00,1.12
2017.09.19 14:05:19.888,1.15768,1.15783,1.50,1.87
2017.09.19 14:05:20.075,1.15768,1.1578,1.00,1.25
2017.09.19 14:05:21.040,1.15767,1.1578,1.12,1.69
2017.09.19 14:05:21.880,1.15767,1.15781,1.12,1.25
2017.09.19 14:05:22.189,1.15765,1.15778,1.00,1.12
2017.09.19 14:05:22.714,1.15765,1.15777,1.00,1.00
2017.09.19 14:05:22.877,1.15765,1.15779,1.12,1.12
2017.09.19 14:05:23.509,1.15766,1.15778,1.00,1.25
2017.09.19 14:05:24.024,1.15765,1.15778,1.87,1.00
2017.09.19 14:05:25.187,1.15765,1.15779,1.87,1.00
2017.09.19 14:05:27.150,1.15765,1.1578,2.62,1.00
2017.09.19 14:05:27.721,1.15766,1.1578,1.00,1.12
2017.09.19 14:05:28.691,1.1577,1.15782,1.00,1.00
2017.09.19 14:05:28.997,1.15769,1.15781,1.12,1.69
2017.09.19 14:05:29.553,1.15769,1.15781,1.25,1.00
2017.09.19 14:05:29.862,1.15767,1.15781,1.69,1.00
2017.09.19 14:05:31.023,1.15767,1.15782,1.00,1.12
2017.09.19 14:05:31.752,1.15766,1.15781,1.25,1.00
2017.09.19 14:05:33.314,1.15764,1.15779,3.56,1.50
2017.09.19 14:05:33.825,1.15766,1.15779,1.50,1.00
2017.09.19 14:05:34.710,1.15764,1.15779,1.69,1.00
2017.09.19 14:05:35.244,1.15763,1.1578,4.87,2.44
2017.09.19 14:05:35.761,1.15764,1.15779,1.87,1.69
2017.09.19 14:05:37.470,1.15764,1.15778,1.50,1.00
2017.09.19 14:05:38.947,1.15764,1.15776,2.25,1.50
2017.09.19 14:05:40.869,1.15766,1.15777,2.25,1.00
2017.09.19 14:05:41.022,1.15768,1.15782,1.87,1.00
2017.09.19 14:05:41.176,1.15773,1.15785,1.25,1.87
2017.09.19 14:05:41.495,1.15775,1.15785,1.00,1.00
2017.09.19 14:05:42.249,1.15775,1.15788,1.00,1.69
2017.09.19 14:05:42.790,1.15774,1.15788,1.50,1.00
2017.09.19 14:05:42.892,1.15774,1.15786,2.25,1.00
2017.09.19 14:05:43.199,1.15769,1.15782,2.62,1.12
2017.09.19 14:05:43.544,1.15758,1.1577,2.62,1.00
2017.09.19 14:05:43.596,1.15755,1.15767,1.37,1.00
2017.09.19 14:05:43.648,1.15754,1.15766,1.00,1.50
2017.09.19 14:05:43.700,1.15751,1.15762,2.44,1.00
2017.09.19 14:05:44.007,1.1575,1.15762,2.81,1.00
2017.09.19 14:05:45.342,1.15752,1.15762,1.19,1.00
2017.09.19 14:05:45.395,1.1575,1.15762,2.06,1.00
2017.09.19 14:05:45.922,1.15751,1.15763,1.69,1.00
2017.09.19 14:05:46.428,1.15751,1.15762,1.50,1.00
2017.09.19 14:05:46.930,1.15751,1.15763,2.25,1.50
2017.09.19 14:05:47.187,1.15753,1.15765,1.50,1.00
2017.09.19 14:05:47.290,1.1575,1.15763,1.25,1.50
2017.09.19 14:05:47.342,1.15753,1.15764,1.00,1.00
2017.09.19 14:05:47.690,1.15757,1.15772,1.12,5.25
2017.09.19 14:05:47.743,1.15754,1.15768,3.00,1.25
2017.09.19 14:05:47.951,1.15755,1.15767,1.00,1.50
2017.09.19 14:05:48.416,1.15752,1.15765,1.87,1.00
2017.09.19 14:05:48.925,1.15751,1.15765,3.19,1.12
2017.09.19 14:05:49.233,1.15749,1.15762,1.69,1.00
2017.09.19 14:05:51.831,1.15749,1.15763,2.25,1.50
2017.09.19 14:05:52.267,1.15751,1.15762,1.50,1.00
2017.09.19 14:05:53.259,1.15749,1.15762,1.25,1.00
2017.09.19 14:05:53.799,1.15749,1.15763,1.25,1.50
2017.09.19 14:05:54.175,1.15751,1.15763,1.00,1.00
2017.09.19 14:05:56.184,1.15751,1.15762,1.00,1.00
2017.09.19 14:05:56.785,1.15752,1.15762,1.00,1.00
2017.09.19 14:05:58.207,1.15752,1.15763,1.00,1.00
2017.09.19 14:05:58.598,1.15754,1.15762,1.00,1.00
2017.09.19 14:05:59.132,1.15753,1.15763,1.00,1.00
2017.09.19 14:05:59.455,1.15756,1.15762,1.00,1.00
2017.09.19 14:05:59.557,1.15754,1.15762,1.00,1.00
2017.09.19 14:06:00.100,1.15753,1.15762,1.00,1.00
2017.09.19 14:06:00.234,1.15749,1.15762,1.87,1.00
2017.09.19 14:06:00.778,1.15749,1.15763,2.44,1.50
2017.09.19 14:06:01.543,1.1575,1.15763,1.00,1.50
2017.09.19 14:06:02.448,1.1575,1.15762,1.25,1.00
2017.09.19 14:06:02.963,1.15749,1.15763,2.25,1.50
2017.09.19 14:06:03.498,1.15749,1.15762,1.25,1.00
2017.09.19 14:06:06.176,1.15747,1.1576,1.50,1.00
2017.09.19 14:06:06.597,1.15747,1.15762,1.50,1.00
2017.09.19 14:06:06.819,1.15747,1.1576,1.50,1.00
2017.09.19 14:06:07.339,1.15748,1.15759,1.00,1.00
2017.09.19 14:06:07.443,1.15744,1.15758,1.62,1.50
2017.09.19 14:06:07.548,1.15744,1.15755,1.25,1.00
2017.09.19 14:06:08.102,1.15743,1.15755,1.00,1.00
2017.09.19 14:06:09.165,1.15744,1.15755,1.00,1.00
2017.09.19 14:06:11.303,1.15743,1.15755,1.00,1.00
2017.09.19 14:06:11.627,1.15743,1.15754,1.50,1.37
2017.09.19 14:06:11.679,1.15743,1.15754,1.50,1.00
2017.09.19 14:06:12.198,1.15743,1.15755,1.50,1.00
2017.09.19 14:06:13.100,1.15742,1.15755,1.31,1.00
2017.09.19 14:06:13.154,1.15739,1.15754,1.62,1.87
2017.09.19 14:06:13.205,1.15739,1.15754,1.25,2.25
2017.09.19 14:06:13.359,1.15741,1.15754,1.00,1.50
2017.09.19 14:06:14.609,1.15741,1.15752,1.00,1.00
2017.09.19 14:06:15.229,1.15741,1.15753,1.00,1.12
2017.09.19 14:06:15.549,1.1574,1.15751,2.81,1.00
2017.09.19 14:06:15.652,1.1574,1.15754,2.06,1.50
2017.09.19 14:06:16.067,1.15743,1.15755,2.44,1.75
2017.09.19 14:06:16.221,1.15743,1.15755,1.50,1.00
2017.09.19 14:06:16.374,1.15742,1.15753,1.69,1.00
2017.09.19 14:06:16.579,1.1574,1.15753,3.56,1.00
2017.09.19 14:06:17.188,1.1574,1.15752,1.69,1.00
2017.09.19 14:06:17.494,1.15737,1.1575,4.12,1.00
2017.09.19 14:06:17.750,1.15736,1.1575,3.75,1.00
2017.09.19 14:06:18.051,1.15736,1.15748,3.75,1.00
2017.09.19 14:06:19.031,1.15737,1.1575,1.50,1.00
2017.09.19 14:06:22.669,1.1574,1.15753,1.00,2.25
2017.09.19 14:06:22.874,1.1574,1.15754,1.19,1.37
2017.09.19 14:06:23.383,1.15741,1.15754,1.31,1.50
2017.09.19 14:06:23.435,1.15744,1.15755,1.00,2.25
2017.09.19 14:06:23.650,1.15739,1.15752,1.25,1.00
2017.09.19 14:06:24.008,1.15737,1.15752,1.69,1.50
2017.09.19 14:06:24.602,1.15737,1.15751,2.06,1.12
2017.09.19 14:06:25.917,1.15737,1.15749,1.44,1.00
2017.09.19 14:06:25.969,1.15736,1.15749,1.87,1.00
2017.09.19 14:06:26.074,1.15738,1.15748,1.00,1.00
2017.09.19 14:06:26.126,1.15735,1.15747,2.44,1.00
2017.09.19 14:06:26.638,1.15738,1.15749,1.25,1.00
2017.09.19 14:06:26.690,1.15738,1.15751,1.00,1.87
2017.09.19 14:06:26.907,1.15736,1.15748,1.50,1.00
2017.09.19 14:06:27.418,1.15735,1.15749,2.44,1.00
2017.09.19 14:06:28.217,1.15736,1.1575,1.31,1.00
2017.09.19 14:06:28.727,1.15737,1.1575,1.19,1.50
2017.09.19 14:06:29.278,1.15739,1.1575,2.62,1.00
2017.09.19 14:06:29.802,1.1574,1.1575,1.50,1.00
2017.09.19 14:06:30.323,1.15739,1.15752,2.44,1.50
2017.09.19 14:06:31.050,1.1574,1.15752,1.50,1.50
2017.09.19 14:06:31.959,1.15738,1.15751,1.87,1.12
2017.09.19 14:06:33.049,1.15737,1.1575,1.19,1.00
2017.09.19 14:06:33.651,1.15738,1.15751,1.19,1.12
2017.09.19 14:06:34.529,1.15737,1.15751,1.00,1.12
2017.09.19 14:06:34.581,1.15737,1.15749,1.50,1.00
2017.09.19 14:06:35.094,1.15735,1.15748,2.62,1.00
2017.09.19 14:06:35.400,1.15738,1.15749,1.00,1.00
2017.09.19 14:06:35.703,1.15734,1.15746,2.25,1.00
2017.09.19 14:06:36.162,1.15734,1.15748,2.62,1.00
2017.09.19 14:06:36.698,1.15734,1.15747,1.50,1.00
2017.09.19 14:06:37.252,1.15735,1.15747,1.00,1.00
2017.09.19 14:06:37.764,1.15734,1.15747,3.37,1.00
2017.09.19 14:06:37.970,1.15735,1.15745,1.00,1.00
2017.09.19 14:06:38.023,1.15733,1.15745,1.69,1.00
2017.09.19 14:06:38.178,1.15732,1.15743,1.50,1.00
2017.09.19 14:06:38.485,1.15734,1.15745,1.00,1.12
2017.09.19 14:06:38.692,1.15735,1.15747,1.00,1.50
2017.09.19 14:06:39.271,1.15734,1.15745,1.25,1.00
2017.09.19 14:06:39.427,1.1573,1.15743,2.06,1.00
2017.09.19 14:06:40.025,1.1573,1.15743,2.06,1.50
2017.09.19 14:06:40.527,1.15729,1.15743,3.19,1.00
2017.09.19 14:06:41.401,1.15727,1.1574,3.19,1.00
2017.09.19 14:06:41.663,1.15727,1.1574,2.25,1.00
2017.09.19 14:06:41.715,1.15729,1.15741,1.00,1.00
2017.09.19 14:06:42.017,1.15726,1.15737,1.12,1.00
2017.09.19 14:06:42.529,1.15728,1.15739,1.00,1.00
2017.09.19 14:06:42.631,1.15726,1.15739,2.06,1.00
2017.09.19 14:06:42.734,1.15726,1.15741,1.12,1.50
2017.09.19 14:06:43.321,1.15727,1.1574,1.69,1.00
2017.09.19 14:06:43.475,1.15725,1.15737,1.62,1.00
2017.09.19 14:06:43.985,1.15725,1.15738,1.00,1.87
2017.09.19 14:06:44.493,1.15724,1.15738,1.50,1.87
2017.09.19 14:06:45.001,1.15725,1.15738,1.00,1.12
2017.09.19 14:06:45.312,1.15725,1.15736,1.00,1.00
2017.09.19 14:06:45.615,1.15729,1.1574,1.00,1.12
2017.09.19 14:06:45.922,1.15727,1.15738,1.69,1.00
2017.09.19 14:06:46.127,1.15727,1.1574,3.19,1.00
2017.09.19 14:06:47.240,1.15727,1.15738,1.50,1.00
2017.09.19 14:06:47.489,1.15728,1.1574,1.25,1.00
2017.09.19 14:06:48.038,1.15728,1.15741,1.25,1.00
2017.09.19 14:06:48.584,1.1573,1.15742,1.69,1.00
2017.09.19 14:06:48.738,1.15731,1.15745,1.00,1.00
2017.09.19 14:06:48.943,1.15731,1.15743,1.00,1.00
2017.09.19 14:06:49.279,1.15733,1.15746,1.00,2.25
2017.09.19 14:06:49.444,1.15734,1.15744,1.25,1.00
2017.09.19 14:06:49.751,1.1573,1.15741,2.44,1.00
2017.09.19 14:06:49.854,1.15731,1.15742,1.00,1.00
2017.09.19 14:06:50.162,1.15731,1.15744,1.12,1.00
2017.09.19 14:06:50.265,1.15735,1.15746,1.00,2.25
2017.09.19 14:06:50.797,1.15731,1.15745,3.94,1.00
2017.09.19 14:06:51.053,1.15732,1.15744,1.25,1.00
2017.09.19 14:06:51.600,1.15731,1.15742,2.06,1.00
2017.09.19 14:06:52.133,1.15732,1.15744,1.25,1.00
2017.09.19 14:06:52.291,1.15733,1.15746,1.44,1.50
2017.09.19 14:06:52.602,1.15732,1.15744,1.25,1.00
2017.09.19 14:06:53.113,1.15731,1.15744,3.56,1.00
2017.09.19 14:06:53.664,1.15731,1.15745,3.75,1.00
2017.09.19 14:06:53.975,1.15735,1.15747,1.00,1.00
2017.09.19 14:06:54.506,1.15734,1.15746,3.00,1.00
2017.09.19 14:06:56.497,1.15735,1.15746,1.25,1.00
2017.09.19 14:06:56.867,1.15734,1.15748,2.25,1.00
2017.09.19 14:06:57.174,1.15734,1.15746,3.56,1.00
2017.09.19 14:06:57.328,1.15734,1.15748,3.56,1.00
2017.09.19 14:06:57.749,1.15735,1.15746,1.00,1.00
2017.09.19 14:06:58.127,1.15732,1.15744,2.06,1.00
2017.09.19 14:06:59.254,1.15731,1.15743,1.87,1.00
2017.09.19 14:06:59.356,1.15729,1.15739,1.50,1.00
2017.09.19 14:06:59.948,1.15728,1.15739,1.00,1.00
2017.09.19 14:07:00.000,1.15728,1.15741,1.00,1.00
2017.09.19 14:07:00.253,1.15731,1.15741,1.00,1.00
2017.09.19 14:07:00.459,1.15729,1.1574,1.00,1.00
2017.09.19 14:07:00.664,1.15729,1.15741,1.69,1.00
2017.09.19 14:07:01.007,1.15731,1.15738,1.75,1.00
2017.09.19 14:07:01.212,1.15725,1.15738,1.69,1.00
2017.09.19 14:07:01.418,1.15727,1.1574,1.12,1.50
2017.09.19 14:07:01.677,1.15727,1.15738,1.00,1.00
2017.09.19 14:07:02.645,1.15726,1.15738,1.31,1.00
2017.09.19 14:07:03.757,1.15731,1.1574,1.00,1.00
2017.09.19 14:07:03.961,1.15733,1.15746,1.31,1.00
2017.09.19 14:07:04.269,1.15733,1.15743,1.12,1.00
2017.09.19 14:07:04.473,1.15733,1.15745,1.12,1.00
2017.09.19 14:07:05.019,1.15733,1.15746,2.81,1.00
2017.09.19 14:07:05.123,1.15736,1.15746,1.00,1.00
2017.09.19 14:07:05.462,1.15733,1.15746,2.81,1.00
2017.09.19 14:07:05.928,1.15734,1.15748,1.00,1.00
2017.09.19 14:07:07.315,1.15735,1.15748,1.00,1.50
2017.09.19 14:07:08.044,1.15735,1.15746,1.00,1.00
2017.09.19 14:07:09.678,1.15733,1.15747,1.69,1.00
2017.09.19 14:07:09.782,1.15733,1.15743,1.00,1.00
2017.09.19 14:07:09.938,1.1573,1.15743,1.12,1.00
2017.09.19 14:07:09.990,1.1573,1.1574,1.12,1.00
2017.09.19 14:07:10.191,1.15728,1.15739,1.00,1.00
2017.09.19 14:07:10.712,1.15727,1.1574,1.62,1.50
2017.09.19 14:07:12.858,1.15726,1.15741,1.69,1.50
2017.09.19 14:07:13.397,1.15727,1.1574,1.62,1.00
2017.09.19 14:07:13.611,1.15726,1.15739,1.44,1.37
2017.09.19 14:07:13.663,1.15721,1.15734,1.37,1.00
2017.09.19 14:07:13.844,1.15721,1.15731,1.00,1.00
2017.09.19 14:07:14.052,1.15716,1.1573,1.69,1.25
2017.09.19 14:07:14.602,1.15717,1.1573,1.50,1.25
2017.09.19 14:07:14.807,1.15721,1.15733,1.00,1.50
2017.09.19 14:07:14.859,1.15718,1.15732,1.69,1.87
2017.09.19 14:07:15.013,1.15722,1.15732,1.00,1.87
2017.09.19 14:07:15.234,1.15723,1.15736,2.81,1.00
2017.09.19 14:07:15.286,1.15729,1.15739,1.00,2.25
2017.09.19 14:07:15.389,1.15725,1.15739,1.00,1.50
2017.09.19 14:07:15.896,1.15725,1.15736,1.31,1.00
2017.09.19 14:07:16.769,1.15725,1.15737,1.31,1.00
2017.09.19 14:07:16.918,1.15724,1.15735,1.50,1.00
2017.09.19 14:07:17.955,1.15723,1.15736,1.50,1.50
2017.09.19 14:07:18.141,1.15723,1.15731,1.50,1.00
2017.09.19 14:07:18.198,1.15719,1.15731,2.00,1.00
2017.09.19 14:07:18.352,1.15719,1.15731,1.25,1.00
2017.09.19 14:07:19.005,1.15719,1.15732,1.12,1.00
2017.09.19 14:07:19.622,1.15718,1.15732,3.37,1.00
2017.09.19 14:07:20.037,1.1572,1.15733,1.00,1.50
2017.09.19 14:07:20.549,1.15719,1.15734,1.69,2.25
2017.09.19 14:07:21.085,1.15721,1.15733,1.00,1.00
2017.09.19 14:07:21.742,1.15719,1.15732,2.81,1.00
2017.09.19 14:07:22.050,1.15717,1.1573,1.50,1.00
2017.09.19 14:07:22.581,1.15718,1.15729,1.00,1.00
2017.09.19 14:07:22.684,1.15717,1.15727,1.00,1.00
2017.09.19 14:07:22.838,1.15715,1.15728,1.50,1.00
2017.09.19 14:07:23.284,1.15716,1.15725,1.00,1.00
2017.09.19 14:07:23.336,1.15713,1.15725,1.00,1.50
2017.09.19 14:07:23.387,1.15713,1.15723,1.00,1.00
2017.09.19 14:07:23.490,1.1571,1.15721,1.00,1.00
2017.09.19 14:07:23.542,1.1571,1.15723,1.50,1.00
2017.09.19 14:07:23.594,1.15714,1.15726,1.00,1.25
2017.09.19 14:07:24.113,1.15714,1.15726,1.44,1.50
2017.09.19 14:07:24.165,1.15713,1.15725,1.69,1.00
2017.09.19 14:07:24.321,1.15712,1.15723,1.25,1.00
2017.09.19 14:07:24.778,1.15712,1.15725,1.00,1.00
2017.09.19 14:07:24.829,1.15711,1.15722,1.69,1.00
2017.09.19 14:07:25.346,1.15712,1.15723,1.00,1.50
2017.09.19 14:07:25.629,1.1571,1.15722,1.12,1.00
2017.09.19 14:07:26.154,1.1571,1.15723,1.44,1.50
2017.09.19 14:07:26.206,1.1571,1.15721,1.25,1.00
2017.09.19 14:07:26.454,1.15712,1.15724,1.00,1.00
2017.09.19 14:07:26.506,1.1571,1.15721,1.00,1.00
2017.09.19 14:07:26.815,1.15708,1.15718,1.50,1.00
2017.09.19 14:07:27.122,1.15704,1.15712,1.00,1.00
2017.09.19 14:07:27.430,1.15704,1.15715,1.00,1.50
2017.09.19 14:07:27.482,1.15707,1.15715,1.00,1.50
2017.09.19 14:07:28.092,1.15708,1.15715,1.00,1.00
2017.09.19 14:07:28.390,1.15708,1.15717,1.00,1.00
2017.09.19 14:07:28.494,1.15714,1.15718,1.00,1.50
2017.09.19 14:07:28.700,1.15719,1.15725,1.00,1.00
2017.09.19 14:07:28.752,1.15719,1.15728,1.00,1.87
2017.09.19 14:07:28.855,1.15718,1.15728,1.19,1.12
2017.09.19 14:07:29.113,1.15717,1.15727,1.25,1.00
2017.09.19 14:07:29.288,1.15712,1.15722,1.12,1.00
2017.09.19 14:07:29.598,1.1571,1.15721,1.87,1.50
2017.09.19 14:07:30.349,1.15707,1.15719,2.62,1.00
2017.09.19 14:07:30.505,1.15706,1.15718,2.44,1.00
2017.09.19 14:07:30.556,1.15706,1.1572,2.25,1.87
2017.09.19 14:07:30.710,1.15706,1.15718,1.50,1.00
2017.09.19 14:07:30.761,1.15706,1.1572,1.50,1.87
2017.09.19 14:07:30.891,1.15706,1.15718,1.50,1.00
2017.09.19 14:07:31.277,1.15703,1.15716,3.00,1.69
2017.09.19 14:07:31.637,1.15707,1.15714,1.50,1.00
2017.09.19 14:07:31.689,1.15707,1.1572,1.50,1.87
2017.09.19 14:07:32.150,1.15706,1.15718,3.94,1.00
2017.09.19 14:07:32.699,1.15707,1.15719,1.25,1.00
2017.09.19 14:07:33.216,1.15706,1.15719,3.00,1.00
2017.09.19 14:07:33.575,1.15706,1.15717,1.50,1.12
2017.09.19 14:07:34.696,1.15706,1.15714,1.50,1.00
2017.09.19 14:07:34.748,1.15703,1.15713,2.25,1.00
2017.09.19 14:07:35.005,1.15702,1.15713,1.50,1.12
2017.09.19 14:07:35.109,1.15705,1.15714,1.50,1.50
2017.09.19 14:07:35.162,1.15702,1.15713,1.50,1.12
2017.09.19 14:07:35.459,1.15702,1.15711,1.50,1.00
2017.09.19 14:07:36.008,1.15702,1.15713,1.50,1.12
2017.09.19 14:07:36.216,1.15706,1.15719,3.19,4.12
2017.09.19 14:07:36.382,1.15708,1.15719,1.00,1.00
2017.09.19 14:07:36.638,1.15707,1.15713,1.00,1.00
2017.09.19 14:07:36.690,1.15702,1.15713,2.44,1.00
2017.09.19 14:07:36.795,1.15701,1.15713,2.25,1.00
2017.09.19 14:07:37.305,1.157,1.15712,1.69,1.50
2017.09.19 14:07:37.408,1.157,1.1571,1.50,1.00
2017.09.19 14:07:37.952,1.157,1.15712,1.50,2.62
2017.09.19 14:07:38.055,1.15697,1.1571,1.25,1.00
2017.09.19 14:07:38.599,1.15698,1.15711,1.00,1.87
2017.09.19 14:07:39.061,1.15695,1.15705,1.37,1.00
2017.09.19 14:07:39.580,1.15695,1.15705,1.50,1.00
2017.09.19 14:07:40.167,1.15695,1.15706,1.50,1.00
2017.09.19 14:07:40.373,1.15699,1.15711,1.12,1.00
2017.09.19 14:07:40.878,1.157,1.15712,1.69,1.00
2017.09.19 14:07:41.526,1.157,1.15709,1.00,1.00
2017.09.19 14:07:42.002,1.157,1.15712,1.25,1.50
2017.09.19 14:07:42.513,1.157,1.15711,1.00,1.00
2017.09.19 14:07:42.718,1.15697,1.15709,1.75,1.00
2017.09.19 14:07:42.873,1.15697,1.15709,1.00,1.00
2017.09.19 14:07:43.286,1.15695,1.15707,1.62,1.00
2017.09.19 14:07:43.544,1.15694,1.15706,1.50,1.00
2017.09.19 14:07:44.249,1.15693,1.15706,2.25,1.00
2017.09.19 14:07:44.837,1.15696,1.15708,2.44,1.00
2017.09.19 14:07:45.197,1.15698,1.1571,1.25,1.00
2017.09.19 14:07:45.505,1.15701,1.15711,1.00,1.00
2017.09.19 14:07:46.006,1.15702,1.15712,1.00,1.12
2017.09.19 14:07:46.160,1.157,1.15711,1.12,1.00
2017.09.19 14:07:46.212,1.15699,1.15708,1.50,1.00
2017.09.19 14:07:46.315,1.15697,1.1571,2.62,1.00
2017.09.19 14:07:46.447,1.15698,1.15708,1.00,1.00
2017.09.19 14:07:47.626,1.15698,1.1571,2.25,1.00
2017.09.19 14:07:48.179,1.15702,1.15713,1.00,1.25
2017.09.19 14:07:48.333,1.15699,1.15711,1.00,1.25
2017.09.19 14:07:48.636,1.15698,1.15708,1.00,1.00
2017.09.19 14:07:48.790,1.15695,1.15706,1.50,1.00
2017.09.19 14:07:49.323,1.15694,1.15706,2.25,1.00
2017.09.19 14:07:49.907,1.15695,1.15706,1.00,1.00
2017.09.19 14:07:49.980,1.15695,1.15709,1.00,1.50
2017.09.19 14:07:50.489,1.15694,1.15709,2.25,1.00
2017.09.19 14:07:51.027,1.15695,1.15709,1.25,1.00
2017.09.19 14:07:51.265,1.15697,1.15709,1.00,1.00
2017.09.19 14:07:52.026,1.15697,1.15707,1.50,1.00
2017.09.19 14:07:52.610,1.15697,1.15709,1.50,1.00
2017.09.19 14:07:53.114,1.15696,1.1571,1.00,1.00
2017.09.19 14:07:53.370,1.15694,1.1571,4.31,1.00
2017.09.19 14:07:54.804,1.15695,1.1571,1.00,1.00
2017.09.19 14:07:55.590,1.15695,1.15709,1.69,1.00
2017.09.19 14:07:56.163,1.15695,1.1571,1.25,1.00
2017.09.19 14:07:56.694,1.15695,1.15709,2.62,1.00
2017.09.19 14:07:57.224,1.15702,1.15709,1.00,1.00
2017.09.19 14:07:57.437,1.15702,1.15716,3.00,1.25
2017.09.19 14:07:57.855,1.157,1.15716,1.50,1.69
2017.09.19 14:07:57.906,1.15701,1.15717,1.87,2.44
2017.09.19 14:07:58.422,1.15702,1.15717,1.00,1.12
2017.09.19 14:07:58.652,1.15701,1.15715,2.06,1.00
2017.09.19 14:07:59.225,1.15701,1.15714,2.06,1.00
2017.09.19 14:07:59.876,1.15701,1.15713,2.06,1.00
2017.09.19 14:08:00.243,1.15702,1.15715,1.25,1.00
2017.09.19 14:08:00.498,1.15705,1.15718,1.50,1.12
2017.09.19 14:08:00.814,1.15707,1.15718,1.00,1.00
2017.09.19 14:08:00.865,1.15706,1.1572,1.69,1.00
2017.09.19 14:08:02.553,1.15706,1.15721,1.00,1.00
2017.09.19 14:08:03.090,1.15706,1.1572,1.69,1.00
2017.09.19 14:08:03.618,1.15706,1.15721,1.00,2.25
2017.09.19 14:08:05.518,1.15707,1.15721,1.00,1.50
2017.09.19 14:08:06.183,1.15706,1.15721,1.00,1.50
2017.09.19 14:08:07.187,1.15706,1.1572,1.50,1.00
2017.09.19 14:08:07.901,1.15705,1.15721,1.00,2.25
2017.09.19 14:08:08.529,1.15703,1.15716,2.25,1.00
2017.09.19 14:08:08.636,1.15701,1.15715,1.50,1.00
2017.09.19 14:08:09.666,1.15703,1.15715,2.44,1.00
2017.09.19 14:08:09.769,1.15703,1.15717,1.00,1.00
2017.09.19 14:08:10.281,1.15705,1.15719,1.50,1.12
2017.09.19 14:08:10.810,1.15706,1.1572,1.00,1.50
2017.09.19 14:08:11.332,1.15705,1.15721,2.44,1.50
2017.09.19 14:08:11.666,1.15712,1.15721,1.00,1.00
2017.09.19 14:08:12.373,1.15712,1.1572,1.00,1.00
2017.09.19 14:08:12.424,1.15711,1.15723,1.00,1.69
2017.09.19 14:08:12.609,1.1571,1.1572,1.00,1.00
2017.09.19 14:08:13.159,1.15711,1.1572,1.00,1.00
2017.09.19 14:08:13.911,1.15713,1.15721,1.00,1.00
2017.09.19 14:08:14.274,1.1571,1.15719,1.00,1.00
2017.09.19 14:08:14.325,1.15707,1.15717,1.50,1.00
2017.09.19 14:08:14.841,1.15707,1.15716,1.00,1.00
2017.09.19 14:08:15.350,1.15707,1.15717,1.00,1.00
2017.09.19 14:08:16.144,1.15709,1.15717,1.00,1.00
2017.09.19 14:08:16.683,1.15709,1.15716,1.00,1.00
2017.09.19 14:08:18.741,1.15709,1.15717,1.00,1.00
2017.09.19 14:08:19.602,1.15709,1.15716,1.00,1.00
2017.09.19 14:08:19.805,1.15707,1.15717,1.00,1.00
2017.09.19 14:08:20.010,1.1571,1.15717,1.00,1.00
2017.09.19 14:08:20.163,1.15708,1.15717,1.00,1.00
2017.09.19 14:08:20.681,1.15708,1.15716,1.00,1.00
2017.09.19 14:08:20.937,1.15708,1.15719,1.00,1.00
2017.09.19 14:08:20.989,1.15711,1.1572,1.00,1.50
2017.09.19 14:08:21.042,1.15711,1.15724,1.00,1.69
2017.09.19 14:08:21.093,1.15713,1.15723,1.00,1.00
2017.09.19 14:08:21.615,1.15714,1.15724,1.00,1.00
2017.09.19 14:08:22.133,1.15714,1.15723,1.00,1.00
2017.09.19 14:08:22.298,1.15711,1.15723,1.00,1.00
2017.09.19 14:08:24.546,1.1571,1.15723,1.00,2.25
2017.09.19 14:08:25.154,1.15709,1.15723,1.50,3.00
2017.09.19 14:08:25.687,1.1571,1.15723,1.00,1.12
2017.09.19 14:08:26.207,1.1571,1.15722,1.00,1.00
2017.09.19 14:08:26.310,1.15707,1.15719,1.50,1.50
2017.09.19 14:08:26.840,1.15708,1.15718,1.00,1.00
2017.09.19 14:08:28.891,1.15708,1.15719,1.00,1.05
2017.09.19 14:08:29.045,1.15706,1.1572,1.00,3.41
2017.09.19 14:08:29.249,1.15709,1.15719,1.00,1.00
2017.09.19 14:08:29.788,1.15709,1.1572,1.00,1.00
2017.09.19 14:08:30.336,1.15708,1.15722,1.00,1.25
2017.09.19 14:08:30.388,1.15707,1.1572,1.00,1.00
2017.09.19 14:08:30.900,1.15706,1.1572,1.69,1.00
2017.09.19 14:08:32.205,1.15706,1.15719,1.00,1.50
2017.09.19 14:08:32.409,1.15703,1.15718,2.62,1.60
2017.09.19 14:08:33.005,1.15703,1.15715,1.87,1.35
2017.09.19 14:08:33.202,1.157,1.15715,2.81,1.30
2017.09.19 14:08:33.254,1.15703,1.15715,1.50,1.12
2017.09.19 14:08:33.612,1.15704,1.15719,2.25,1.50
2017.09.19 14:08:34.290,1.15705,1.15719,1.00,2.25
2017.09.19 14:08:34.344,1.15702,1.15716,3.94,1.00
2017.09.19 14:08:34.651,1.15704,1.15716,1.00,1.00
2017.09.19 14:08:34.754,1.15705,1.15719,1.00,1.91
2017.09.19 14:08:35.266,1.15706,1.15719,1.00,1.85
2017.09.19 14:08:35.370,1.15707,1.1572,1.00,1.00
2017.09.19 14:08:35.924,1.15708,1.1572,1.00,1.00
2017.09.19 14:08:36.103,1.15706,1.15719,1.00,1.00
2017.09.19 14:08:36.667,1.15705,1.15719,1.50,1.69
2017.09.19 14:08:36.927,1.15709,1.1572,1.00,1.00
2017.09.19 14:08:37.185,1.15709,1.15723,1.50,2.44
2017.09.19 14:08:37.706,1.15709,1.15722,1.00,1.00
2017.09.19 14:08:39.608,1.15709,1.15722,1.00,1.19
2017.09.19 14:08:40.135,1.15708,1.1572,1.50,1.00
2017.09.19 14:08:40.476,1.1571,1.15724,1.00,2.25
2017.09.19 14:08:40.630,1.15709,1.15724,2.44,1.00
2017.09.19 14:08:41.587,1.15708,1.15724,1.69,1.50
2017.09.19 14:08:42.580,1.15708,1.15722,1.25,1.00
2017.09.19 14:08:42.925,1.1571,1.15725,1.00,1.50
2017.09.19 14:08:43.437,1.1571,1.15724,2.44,1.00
2017.09.19 14:08:44.591,1.1571,1.15724,2.44,1.00
2017.09.19 14:08:45.084,1.15713,1.15727,1.00,1.37
2017.09.19 14:08:45.136,1.15713,1.15727,1.00,1.12
2017.09.19 14:08:45.758,1.15712,1.15728,2.06,2.25
2017.09.19 14:08:46.303,1.15712,1.15727,1.31,1.12
2017.09.19 14:08:46.808,1.15712,1.15726,1.87,1.00
2017.09.19 14:08:47.396,1.15713,1.15726,1.00,1.69
2017.09.19 14:08:47.927,1.15711,1.15723,2.25,1.00
2017.09.19 14:08:48.033,1.15709,1.15723,1.25,1.00
2017.09.19 14:08:48.136,1.15711,1.15723,1.50,1.50
2017.09.19 14:08:48.782,1.15711,1.15726,1.50,3.75
2017.09.19 14:08:49.407,1.15711,1.15724,2.62,1.12
2017.09.19 14:08:49.663,1.15714,1.15727,1.25,1.00
2017.09.19 14:08:50.456,1.15714,1.15729,1.69,1.50
2017.09.19 14:08:50.935,1.15716,1.15728,1.00,1.12
2017.09.19 14:08:51.446,1.15715,1.1573,1.12,1.87
2017.09.19 14:08:52.156,1.15716,1.1573,1.00,1.87
2017.09.19 14:08:52.207,1.15716,1.15727,1.00,1.00
2017.09.19 14:08:52.890,1.15716,1.15728,1.00,1.25
2017.09.19 14:08:53.474,1.15717,1.15729,1.00,1.44
2017.09.19 14:08:53.985,1.15717,1.1573,1.00,2.06
2017.09.19 14:08:54.496,1.15718,1.1573,1.00,1.00
2017.09.19 14:08:54.904,1.15716,1.15729,1.25,1.50
2017.09.19 14:08:55.058,1.15716,1.1573,1.69,3.00
2017.09.19 14:08:55.263,1.15717,1.15731,1.50,1.25
2017.09.19 14:08:55.810,1.15718,1.15731,1.00,1.00
2017.09.19 14:08:57.186,1.1572,1.15735,1.12,1.87
2017.09.19 14:08:57.444,1.15722,1.15735,1.00,1.12
2017.09.19 14:08:57.956,1.15722,1.15735,1.50,1.00
2017.09.19 14:08:58.284,1.15719,1.15734,1.00,1.50
2017.09.19 14:08:59.123,1.15722,1.15735,1.00,2.00
2017.09.19 14:08:59.482,1.15721,1.15735,1.12,1.69
2017.09.19 14:08:59.688,1.15722,1.15733,1.00,1.00
2017.09.19 14:08:59.841,1.15718,1.15732,1.69,1.12
2017.09.19 14:09:00.098,1.15716,1.15727,1.87,1.00
2017.09.19 14:09:00.252,1.15714,1.15727,2.25,1.00
2017.09.19 14:09:00.496,1.15716,1.15727,1.50,1.00
2017.09.19 14:09:00.656,1.15714,1.15727,1.25,1.00
2017.09.19 14:09:00.792,1.15714,1.15728,2.06,1.50
2017.09.19 14:09:01.420,1.15717,1.15727,1.12,1.00
2017.09.19 14:09:01.947,1.15718,1.15727,1.00,1.00
2017.09.19 14:09:02.873,1.15719,1.15732,1.25,1.50
2017.09.19 14:09:02.924,1.15718,1.15729,1.50,1.00
2017.09.19 14:09:03.358,1.15715,1.15729,1.25,1.00
2017.09.19 14:09:03.512,1.15717,1.1573,1.00,1.00
2017.09.19 14:09:03.970,1.15715,1.15728,1.87,1.00
2017.09.19 14:09:04.072,1.15712,1.15727,1.87,1.00
2017.09.19 14:09:04.614,1.15712,1.15726,1.87,1.00
2017.09.19 14:09:05.074,1.15713,1.15723,1.00,1.00
2017.09.19 14:09:05.382,1.15713,1.15725,1.00,1.31
2017.09.19 14:09:05.895,1.15712,1.15727,1.00,2.62
2017.09.19 14:09:06.256,1.15714,1.15727,1.00,1.37
2017.09.19 14:09:06.307,1.15714,1.15728,1.00,1.00
2017.09.19 14:09:06.731,1.15717,1.15731,1.00,1.50
2017.09.19 14:09:06.988,1.15717,1.15732,1.87,2.25
2017.09.19 14:09:07.513,1.15717,1.15731,1.87,1.69
2017.09.19 14:09:08.219,1.15717,1.15732,1.12,1.50
2017.09.19 14:09:08.575,1.15717,1.15731,1.12,1.44
2017.09.19 14:09:09.819,1.15718,1.15731,1.00,1.87
2017.09.19 14:09:10.495,1.15718,1.15732,1.00,1.12
2017.09.19 14:09:10.857,1.15717,1.15728,1.12,1.00
2017.09.19 14:09:11.167,1.15717,1.1573,1.00,3.37
2017.09.19 14:09:11.221,1.15715,1.15727,1.87,1.00
2017.09.19 14:09:11.565,1.15718,1.1573,1.00,1.37
2017.09.19 14:09:11.618,1.1572,1.1573,1.00,1.00
2017.09.19 14:09:11.772,1.1572,1.15732,1.00,1.31
2017.09.19 14:09:12.282,1.15721,1.15732,1.00,1.31
2017.09.19 14:09:12.771,1.15719,1.15731,1.00,1.87
2017.09.19 14:09:13.322,1.15719,1.15732,1.00,1.50
2017.09.19 14:09:13.860,1.15719,1.15731,1.00,1.00
2017.09.19 14:09:14.174,1.15719,1.15729,1.00,1.00
2017.09.19 14:09:14.711,1.1572,1.15729,1.00,1.12
2017.09.19 14:09:15.123,1.1572,1.15732,1.00,1.12
2017.09.19 14:09:15.379,1.15718,1.1573,1.12,1.35
2017.09.19 14:09:15.606,1.15716,1.15729,1.00,1.25
2017.09.19 14:09:15.863,1.15718,1.15729,1.00,1.25
2017.09.19 14:09:16.173,1.15714,1.15726,1.37,1.00
2017.09.19 14:09:16.370,1.15713,1.15727,1.00,1.50
2017.09.19 14:09:16.576,1.15715,1.15727,1.00,1.50
2017.09.19 14:09:17.086,1.15714,1.15727,1.00,2.44
2017.09.19 14:09:17.636,1.15716,1.15727,1.00,1.69
2017.09.19 14:09:17.976,1.15718,1.15726,1.00,1.12
2017.09.19 14:09:18.894,1.15719,1.15731,1.00,2.25
2017.09.19 14:09:19.424,1.1572,1.1573,1.00,1.12
2017.09.19 14:09:21.445,1.15719,1.1573,1.00,1.12
2017.09.19 14:09:21.998,1.1572,1.15731,1.00,2.25
2017.09.19 14:09:22.509,1.15719,1.15731,1.00,2.25
2017.09.19 14:09:23.312,1.15718,1.15731,1.00,3.19
2017.09.19 14:09:23.838,1.15719,1.1573,1.00,2.06
2017.09.19 14:09:24.417,1.15718,1.1573,1.00,1.31
2017.09.19 14:09:24.991,1.15718,1.1573,1.00,1.50
2017.09.19 14:09:25.540,1.15718,1.1573,1.00,1.12
2017.09.19 14:09:25.647,1.15717,1.15727,1.00,1.00
2017.09.19 14:09:25.751,1.15718,1.15731,1.00,2.44
2017.09.19 14:09:25.803,1.15716,1.15729,1.50,1.00
2017.09.19 14:09:26.032,1.15718,1.15729,1.00,1.50
2017.09.19 14:09:26.237,1.15718,1.15732,1.00,1.31
2017.09.19 14:09:27.261,1.15719,1.15732,1.00,1.31
2017.09.19 14:09:27.774,1.15722,1.15734,1.00,2.10
2017.09.19 14:09:28.664,1.15723,1.15734,1.00,1.61
2017.09.19 14:09:28.717,1.1572,1.15732,1.00,1.35
2017.09.19 14:09:28.823,1.15718,1.15729,1.00,1.00
2017.09.19 14:09:29.331,1.15717,1.1573,1.00,1.69
2017.09.19 14:09:29.898,1.15717,1.15729,1.00,1.35
2017.09.19 14:09:31.025,1.15715,1.15728,2.25,1.00
2017.09.19 14:09:32.108,1.15715,1.15726,1.00,1.00
2017.09.19 14:09:33.003,1.15715,1.15727,1.00,1.00
2017.09.19 14:09:33.512,1.15716,1.15726,1.00,1.50
2017.09.19 14:09:34.058,1.15716,1.15727,1.00,1.25
2017.09.19 14:09:34.655,1.15717,1.15727,1.00,1.00
2017.09.19 14:09:35.003,1.15715,1.15727,1.00,1.12
2017.09.19 14:09:35.158,1.15717,1.15727,1.00,1.00
2017.09.19 14:09:35.311,1.15717,1.15731,1.00,3.00
2017.09.19 14:09:35.464,1.15719,1.15729,1.00,1.12
2017.09.19 14:09:36.316,1.1572,1.15729,1.00,1.12
2017.09.19 14:09:36.687,1.15717,1.1573,1.00,2.25
2017.09.19 14:09:37.253,1.15718,1.1573,1.00,2.25
2017.09.19 14:09:37.305,1.15721,1.15731,1.00,1.50
2017.09.19 14:09:37.562,1.15723,1.15734,1.00,1.25
2017.09.19 14:09:38.142,1.15721,1.15731,1.00,1.00
2017.09.19 14:09:38.295,1.15718,1.1573,1.00,1.00
2017.09.19 14:09:39.109,1.15722,1.15731,1.00,1.00
2017.09.19 14:09:39.466,1.15722,1.15734,1.00,1.12
2017.09.19 14:09:40.527,1.15722,1.15732,1.00,1.00
2017.09.19 14:09:41.048,1.15723,1.15732,1.00,1.00
2017.09.19 14:09:41.682,1.15723,1.15733,1.00,1.00
2017.09.19 14:09:41.989,1.15723,1.15732,1.00,1.37
2017.09.19 14:09:42.956,1.15724,1.15732,1.00,1.37
2017.09.19 14:09:43.568,1.15724,1.15735,1.00,1.12
2017.09.19 14:09:44.503,1.15726,1.15735,1.00,1.12
2017.09.19 14:09:45.022,1.15725,1.15735,1.00,1.12
2017.09.19 14:09:45.560,1.15726,1.15735,1.00,1.12
2017.09.19 14:09:47.017,1.15724,1.15735,1.00,1.12
2017.09.19 14:09:48.243,1.15726,1.15736,1.00,1.37
2017.09.19 14:09:50.101,1.15728,1.15738,1.00,2.06
2017.09.19 14:09:50.153,1.15728,1.15738,1.00,1.25
2017.09.19 14:09:50.892,1.15725,1.15738,1.00,1.25
2017.09.19 14:09:52.178,1.15724,1.15736,1.00,1.00
2017.09.19 14:09:53.731,1.15722,1.15731,1.00,1.00
2017.09.19 14:09:53.886,1.15721,1.15734,1.19,1.00
2017.09.19 14:09:54.073,1.15724,1.15737,1.69,1.50
2017.09.19 14:09:54.588,1.15724,1.15735,1.62,1.00
2017.09.19 14:09:55.000,1.15723,1.15735,1.50,1.50
2017.09.19 14:09:55.561,1.15723,1.15734,1.00,1.00
2017.09.19 14:09:56.070,1.15723,1.15735,1.50,1.50
2017.09.19 14:09:56.430,1.15725,1.15735,1.50,1.00
2017.09.19 14:09:56.533,1.15725,1.15737,2.25,1.12
2017.09.19 14:09:56.738,1.15725,1.15735,2.25,1.00
2017.09.19 14:09:56.979,1.15723,1.15734,1.50,1.00
2017.09.19 14:09:57.134,1.15724,1.15732,1.50,1.00
2017.09.19 14:09:57.544,1.1572,1.15731,2.62,1.00
2017.09.19 14:09:58.072,1.15721,1.1573,1.50,1.00
2017.09.19 14:09:58.124,1.15718,1.15728,1.87,1.00
2017.09.19 14:09:58.278,1.15717,1.15728,1.50,2.25
2017.09.19 14:09:58.797,1.15718,1.15728,1.50,2.25
2017.09.19 14:09:59.112,1.15714,1.15726,1.69,1.00
2017.09.19 14:09:59.470,1.15715,1.15726,2.25,1.50
2017.09.19 14:09:59.803,1.1572,1.15731,1.00,1.50
2017.09.19 14:10:00.382,1.15722,1.15732,1.00,4.12
2017.09.19 14:10:00.927,1.15723,1.15731,1.00,1.50
2017.09.19 14:10:01.233,1.15726,1.15735,1.00,1.37
2017.09.19 14:10:01.285,1.15726,1.15735,1.00,1.12
2017.09.19 14:10:01.617,1.15728,1.15739,1.00,2.06
2017.09.19 14:10:01.720,1.1573,1.15739,1.00,1.00
2017.09.19 14:10:01.926,1.15728,1.15739,1.00,1.00
2017.09.19 14:10:02.131,1.1573,1.15739,1.00,1.50
2017.09.19 14:10:02.649,1.1573,1.15742,1.00,2.44
2017.09.19 14:10:02.702,1.15731,1.1574,1.00,1.00
2017.09.19 14:10:02.807,1.15728,1.15739,1.00,1.00
2017.09.19 14:10:03.032,1.15729,1.15741,1.00,1.25
2017.09.19 14:10:03.084,1.15731,1.15741,1.00,1.25
2017.09.19 14:10:03.288,1.15729,1.1574,1.00,1.25
2017.09.19 14:10:03.839,1.15731,1.15742,1.00,1.50
2017.09.19 14:10:04.146,1.15733,1.15742,1.00,1.50
2017.09.19 14:10:04.495,1.15732,1.15744,1.00,1.25
2017.09.19 14:10:05.006,1.15732,1.15744,1.00,1.44
2017.09.19 14:10:05.557,1.15732,1.15742,1.00,1.25
2017.09.19 14:10:06.069,1.15733,1.15742,1.00,1.00
2017.09.19 14:10:06.579,1.15733,1.15743,1.00,1.00
2017.09.19 14:10:06.799,1.15736,1.15745,1.00,1.25
2017.09.19 14:10:07.105,1.15742,1.15751,1.00,1.35
2017.09.19 14:10:07.313,1.15746,1.15756,1.00,1.25
2017.09.19 14:10:07.416,1.15742,1.15755,1.12,1.00
2017.09.19 14:10:07.467,1.15744,1.15756,1.00,2.44
2017.09.19 14:10:07.715,1.1574,1.15754,3.00,1.12
2017.09.19 14:10:07.868,1.15743,1.15755,1.00,1.50
2017.09.19 14:10:07.920,1.1574,1.15755,2.25,1.50
2017.09.19 14:10:08.314,1.15739,1.15751,1.50,1.00
2017.09.19 14:10:08.417,1.15736,1.15751,3.37,1.87
2017.09.19 14:10:09.159,1.15737,1.15752,1.00,2.81
2017.09.19 14:10:09.663,1.15738,1.15751,1.00,1.12
2017.09.19 14:10:10.180,1.15737,1.15751,1.50,1.12
2017.09.19 14:10:10.334,1.15735,1.15748,1.50,1.00
2017.09.19 14:10:10.859,1.15735,1.15749,1.50,1.00
2017.09.19 14:10:11.612,1.15736,1.1575,1.12,1.69
2017.09.19 14:10:11.920,1.15727,1.15742,3.75,1.00
2017.09.19 14:10:12.023,1.15727,1.15742,2.62,1.12
2017.09.19 14:10:12.231,1.15731,1.15742,1.50,1.12
2017.09.19 14:10:12.746,1.1573,1.15743,1.50,1.50
2017.09.19 14:10:13.175,1.15733,1.15743,1.00,1.50
2017.09.19 14:10:14.193,1.15731,1.15743,1.00,2.44
2017.09.19 14:10:14.244,1.15731,1.1574,1.00,1.00
2017.09.19 14:10:15.437,1.1573,1.15739,1.00,1.00
2017.09.19 14:10:15.941,1.15729,1.15739,1.00,1.00
2017.09.19 14:10:16.487,1.15728,1.1574,1.50,2.81
2017.09.19 14:10:18.382,1.15727,1.15737,1.00,1.00
2017.09.19 14:10:19.712,1.15727,1.15736,1.00,1.00
2017.09.19 14:10:20.224,1.15729,1.15736,1.00,1.00
2017.09.19 14:10:20.430,1.15729,1.1574,1.00,1.00
2017.09.19 14:10:20.807,1.15727,1.15739,1.00,1.69
2017.09.19 14:10:21.113,1.15728,1.15735,1.00,1.00
2017.09.19 14:10:21.821,1.15727,1.15739,2.25,1.12
2017.09.19 14:10:21.975,1.1573,1.15739,1.00,1.12
2017.09.19 14:10:23.405,1.15729,1.15739,1.00,1.12
2017.09.19 14:10:23.457,1.15727,1.15738,2.25,1.00
2017.09.19 14:10:23.509,1.15724,1.15737,1.50,1.25
2017.09.19 14:10:23.562,1.15724,1.15734,1.00,1.00
2017.09.19 14:10:23.615,1.15727,1.15739,2.25,2.06
2017.09.19 14:10:23.874,1.15729,1.15741,1.00,1.12
2017.09.19 14:10:24.418,1.1573,1.15742,1.00,1.25
2017.09.19 14:10:24.674,1.15727,1.15742,1.37,1.00
2017.09.19 14:10:25.212,1.15729,1.15742,1.00,1.00
2017.09.19 14:10:25.315,1.15727,1.15739,1.87,1.00
2017.09.19 14:10:25.623,1.15728,1.15737,1.00,1.00
2017.09.19 14:10:26.124,1.15727,1.15737,1.50,1.00
2017.09.19 14:10:26.431,1.1573,1.15742,1.00,1.75
2017.09.19 14:10:26.482,1.15729,1.1574,1.50,1.00
2017.09.19 14:10:26.994,1.1573,1.1574,2.25,1.00
2017.09.19 14:10:27.514,1.15731,1.15741,1.00,1.00
2017.09.19 14:10:28.049,1.1573,1.15741,1.50,1.00
2017.09.19 14:10:28.102,1.15728,1.15741,1.00,1.00
2017.09.19 14:10:28.616,1.1573,1.15741,1.50,1.25
2017.09.19 14:10:29.677,1.15729,1.15741,1.50,1.00
2017.09.19 14:10:29.987,1.1573,1.15739,1.50,1.00
2017.09.19 14:10:30.548,1.15729,1.1574,1.87,1.00
2017.09.19 14:10:31.086,1.15727,1.15736,1.00,1.00
2017.09.19 14:10:31.137,1.15727,1.15738,1.25,1.00
2017.09.19 14:10:31.670,1.15728,1.15739,1.00,1.00
2017.09.19 14:10:31.773,1.1573,1.15739,1.50,1.50
2017.09.19 14:10:32.275,1.15729,1.15739,1.50,1.00
2017.09.19 14:10:32.853,1.1573,1.1574,1.50,1.50
2017.09.19 14:10:33.514,1.15729,1.15739,1.50,1.00
2017.09.19 14:10:34.779,1.15729,1.1574,1.50,1.00
2017.09.19 14:10:35.303,1.1573,1.1574,1.00,1.00
2017.09.19 14:10:35.810,1.15731,1.15739,1.00,1.00
2017.09.19 14:10:36.015,1.15729,1.15739,2.25,1.00
2017.09.19 14:10:36.436,1.15731,1.1574,1.00,1.00
2017.09.19 14:10:36.876,1.15733,1.15742,1.00,1.50
2017.09.19 14:10:37.189,1.1573,1.15743,2.25,1.50
2017.09.19 14:10:37.707,1.15731,1.15742,1.00,1.00
2017.09.19 14:10:39.934,1.15731,1.15743,1.00,1.50
2017.09.19 14:10:40.290,1.15731,1.15743,1.00,2.44
2017.09.19 14:10:41.628,1.1573,1.15742,1.50,1.69
2017.09.19 14:10:42.203,1.15729,1.1574,2.25,1.00
2017.09.19 14:10:43.478,1.15729,1.15739,2.25,1.00
2017.09.19 14:10:44.014,1.15728,1.1574,1.00,1.00
2017.09.19 14:10:44.953,1.1573,1.15739,1.00,1.00
2017.09.19 14:10:46.139,1.1573,1.1574,1.50,1.25
2017.09.19 14:10:46.190,1.15728,1.15739,1.00,1.00
2017.09.19 14:10:46.500,1.1573,1.15739,1.00,1.00
2017.09.19 14:10:47.033,1.15728,1.1574,2.25,1.25
2017.09.19 14:10:47.560,1.15729,1.1574,1.00,1.25
2017.09.19 14:10:47.765,1.15731,1.15743,1.00,1.50
2017.09.19 14:10:47.817,1.15731,1.15743,2.25,2.06
2017.09.19 14:10:48.494,1.15732,1.15743,1.00,1.31
2017.09.19 14:10:49.433,1.1573,1.15743,2.25,1.50
2017.09.19 14:10:49.484,1.1573,1.15741,2.25,1.00
2017.09.19 14:10:49.695,1.1573,1.15743,1.00,2.25
2017.09.19 14:10:50.321,1.15731,1.15743,1.00,1.00
2017.09.19 14:10:51.678,1.15733,1.15744,1.00,1.62
2017.09.19 14:10:52.286,1.15732,1.15744,1.00,1.62
2017.09.19 14:10:52.448,1.1573,1.15744,2.25,1.62
2017.09.19 14:10:52.551,1.1573,1.15741,1.00,1.00
2017.09.19 14:10:52.839,1.15729,1.15743,2.44,1.12
2017.09.19 14:10:54.784,1.15729,1.15742,1.00,1.00
2017.09.19 14:10:54.938,1.15726,1.1574,3.94,1.00
2017.09.19 14:10:55.245,1.15724,1.15735,2.62,1.50
2017.09.19 14:10:55.554,1.1573,1.15739,1.00,2.00
2017.09.19 14:10:55.657,1.15729,1.15739,1.00,1.00
2017.09.19 14:10:56.181,1.15731,1.15739,1.00,1.00
2017.09.19 14:10:56.718,1.15731,1.1574,1.00,1.00
2017.09.19 14:10:57.515,1.15733,1.15741,1.00,1.00
2017.09.19 14:10:58.036,1.15733,1.15742,1.00,1.00
2017.09.19 14:10:58.597,1.15733,1.15743,1.00,1.87
2017.09.19 14:10:59.399,1.15732,1.15743,1.00,1.12
2017.09.19 14:10:59.708,1.1573,1.15742,1.00,3.00
2017.09.19 14:11:02.441,1.15732,1.15742,1.00,1.50
2017.09.19 14:11:02.942,1.15733,1.15743,1.00,2.06
2017.09.19 14:11:04.774,1.15738,1.15746,1.00,1.75
2017.09.19 14:11:04.915,1.15736,1.15745,1.00,1.50
2017.09.19 14:11:04.968,1.15733,1.15745,1.00,1.69
2017.09.19 14:11:05.275,1.1573,1.15742,1.00,1.00
2017.09.19 14:11:05.329,1.1573,1.1574,1.00,1.00
2017.09.19 14:11:05.990,1.1573,1.15739,1.00,1.00
2017.09.19 14:11:06.145,1.15732,1.15742,1.00,1.12
2017.09.19 14:11:06.729,1.15732,1.15743,1.00,1.12
2017.09.19 14:11:06.781,1.15735,1.15742,1.00,1.00
2017.09.19 14:11:07.036,1.15736,1.15747,1.00,1.25
2017.09.19 14:11:08.108,1.15737,1.15748,1.00,1.50
2017.09.19 14:11:08.587,1.15735,1.15748,1.00,1.50
2017.09.19 14:11:09.182,1.15734,1.15747,1.00,1.69
2017.09.19 14:11:09.337,1.15732,1.15747,3.19,1.87
2017.09.19 14:11:09.849,1.15733,1.15747,1.00,1.87
2017.09.19 14:11:10.533,1.15732,1.15747,2.44,2.62
2017.09.19 14:11:11.192,1.15733,1.15747,1.00,1.87
2017.09.19 14:11:12.336,1.15732,1.15746,1.50,1.69
2017.09.19 14:11:12.849,1.15732,1.15744,1.37,1.00
2017.09.19 14:11:13.003,1.15728,1.1574,1.50,1.00
2017.09.19 14:11:13.148,1.15726,1.15738,1.50,1.37
2017.09.19 14:11:13.252,1.15726,1.15739,1.00,1.37
2017.09.19 14:11:13.785,1.15726,1.15739,1.00,1.00
2017.09.19 14:11:14.315,1.15724,1.15739,4.69,1.00
2017.09.19 14:11:14.470,1.15724,1.15735,2.25,1.00
2017.09.19 14:11:14.811,1.15726,1.15736,1.50,1.50
2017.09.19 14:11:15.326,1.15727,1.15736,2.25,1.50
2017.09.19 14:11:16.112,1.15727,1.15735,2.25,1.00
2017.09.19 14:11:16.420,1.15729,1.15736,1.00,1.00
2017.09.19 14:11:16.524,1.15729,1.1574,1.00,1.31
2017.09.19 14:11:19.297,1.15731,1.1574,2.25,1.12
2017.09.19 14:11:19.647,1.15735,1.15745,1.00,1.94
2017.09.19 14:11:19.800,1.15736,1.15745,1.00,1.00
2017.09.19 14:11:19.853,1.15738,1.15748,1.00,1.69
2017.09.19 14:11:19.904,1.15736,1.15745,1.00,1.00
2017.09.19 14:11:20.009,1.15733,1.15744,1.00,1.12
2017.09.19 14:11:20.948,1.15735,1.15743,1.00,1.00
2017.09.19 14:11:21.046,1.15735,1.15746,1.00,1.37
2017.09.19 14:11:21.404,1.15736,1.15747,1.00,1.31
2017.09.19 14:11:21.969,1.15738,1.15746,1.00,1.00
2017.09.19 14:11:22.075,1.15738,1.15749,1.00,1.37
2017.09.19 14:11:22.177,1.1574,1.15749,1.00,1.00
2017.09.19 14:11:22.229,1.15738,1.1575,1.00,1.00
2017.09.19 14:11:22.837,1.15737,1.1575,1.00,1.25
2017.09.19 14:11:22.943,1.15735,1.15746,1.00,1.00
2017.09.19 14:11:23.046,1.15731,1.15743,1.87,1.69
2017.09.19 14:11:23.200,1.15729,1.15742,1.00,1.19
2017.09.19 14:11:23.519,1.15729,1.15739,1.00,1.25
2017.09.19 14:11:24.101,1.15729,1.1574,1.00,1.12
2017.09.19 14:11:24.356,1.15725,1.15737,1.00,2.25
2017.09.19 14:11:24.611,1.15723,1.15737,1.00,1.50
2017.09.19 14:11:25.209,1.15723,1.15736,1.00,1.25
2017.09.19 14:11:25.312,1.15722,1.15734,1.00,1.00
2017.09.19 14:11:25.737,1.15724,1.15734,1.00,1.12
2017.09.19 14:11:26.254,1.15723,1.15736,1.00,2.44
2017.09.19 14:11:27.014,1.15726,1.15737,1.00,3.00
2017.09.19 14:11:27.362,1.15729,1.15738,1.00,1.75
2017.09.19 14:11:27.415,1.15727,1.15741,1.00,2.44
2017.09.19 14:11:27.925,1.15726,1.15738,1.00,1.00
2017.09.19 14:11:28.298,1.15728,1.15738,1.00,1.00
2017.09.19 14:11:28.350,1.15728,1.15741,2.25,2.25
2017.09.19 14:11:28.504,1.15727,1.15738,1.87,1.00
2017.09.19 14:11:28.914,1.15725,1.15735,1.50,1.00
2017.09.19 14:11:29.169,1.15722,1.15735,2.25,1.69
2017.09.19 14:11:31.310,1.15725,1.15735,1.50,1.00
2017.09.19 14:11:31.638,1.15727,1.15741,1.00,1.12
2017.09.19 14:11:32.157,1.15725,1.15736,2.25,1.00
2017.09.19 14:11:32.310,1.15725,1.15736,1.50,1.00
2017.09.19 14:11:32.361,1.15722,1.15737,1.50,2.44
2017.09.19 14:11:33.010,1.15722,1.15736,2.25,1.25
2017.09.19 14:11:33.272,1.15725,1.15736,1.50,1.00
2017.09.19 14:11:33.880,1.15725,1.15737,1.50,1.50
2017.09.19 14:11:35.922,1.15725,1.15736,1.50,1.00
2017.09.19 14:11:36.514,1.15725,1.15737,1.50,1.50
2017.09.19 14:11:36.667,1.15723,1.15737,1.00,2.44
2017.09.19 14:11:37.288,1.15723,1.15736,1.00,1.12
2017.09.19 14:11:39.082,1.15722,1.15737,2.25,3.75
2017.09.19 14:11:39.607,1.15723,1.15737,1.00,2.25
2017.09.19 14:11:42.114,1.15725,1.1574,1.50,3.94
2017.09.19 14:11:42.165,1.15725,1.15739,1.50,1.00
2017.09.19 14:11:42.216,1.15724,1.15736,2.25,1.00
2017.09.19 14:11:42.752,1.15725,1.15736,1.50,1.00
2017.09.19 14:11:43.673,1.15725,1.15737,1.00,1.12
2017.09.19 14:11:43.992,1.15728,1.15736,1.00,1.00
2017.09.19 14:11:44.588,1.15728,1.15737,1.00,1.12
2017.09.19 14:11:45.102,1.15727,1.15737,1.00,1.12
2017.09.19 14:11:46.172,1.15727,1.15736,1.00,1.00
2017.09.19 14:11:46.520,1.15732,1.15741,1.00,1.12
2017.09.19 14:11:46.572,1.15731,1.15744,1.00,2.25
2017.09.19 14:11:46.675,1.15729,1.15741,1.00,1.50
2017.09.19 14:11:46.778,1.15727,1.15741,1.50,2.62
2017.09.19 14:11:47.280,1.15728,1.1574,1.50,1.00
2017.09.19 14:11:47.971,1.15725,1.15739,1.12,1.00
2017.09.19 14:11:48.532,1.15726,1.15738,1.00,1.00
2017.09.19 14:11:48.957,1.15725,1.1574,1.12,1.00
2017.09.19 14:11:49.009,1.15727,1.1574,1.50,1.00
2017.09.19 14:11:50.022,1.15727,1.15738,1.50,1.00
2017.09.19 14:11:50.234,1.15724,1.15737,1.00,1.87
2017.09.19 14:11:50.285,1.15723,1.15733,1.00,1.00
2017.09.19 14:11:51.178,1.15723,1.15734,2.25,1.00
2017.09.19 14:11:51.486,1.15726,1.15736,1.00,1.12
2017.09.19 14:11:52.240,1.15726,1.15735,1.00,1.00
2017.09.19 14:11:52.778,1.15726,1.15736,1.00,1.12
2017.09.19 14:11:53.425,1.15725,1.15736,1.00,1.12
2017.09.19 14:11:54.884,1.15731,1.15739,1.00,1.75
2017.09.19 14:11:55.144,1.15739,1.15751,1.50,6.94
2017.09.19 14:11:55.196,1.1574,1.1575,1.00,1.37
2017.09.19 14:11:55.299,1.15738,1.15749,1.00,1.31
2017.09.19 14:11:55.803,1.15739,1.1575,1.00,1.00
2017.09.19 14:11:56.007,1.15741,1.15749,1.00,1.00
2017.09.19 14:11:57.943,1.15746,1.15753,1.00,2.25
2017.09.19 14:11:58.108,1.15744,1.15756,1.00,1.50
2017.09.19 14:11:59.679,1.15744,1.15757,1.00,2.81
2017.09.19 14:12:00.088,1.15746,1.15756,1.00,1.31
2017.09.19 14:12:00.599,1.15745,1.15756,1.00,1.31
2017.09.19 14:12:00.943,1.15747,1.15756,1.00,1.12
2017.09.19 14:12:01.422,1.15744,1.15757,1.00,2.44
2017.09.19 14:12:02.584,1.15744,1.15755,1.00,1.00
2017.09.19 14:12:03.935,1.15744,1.15757,1.00,2.44
2017.09.19 14:12:03.987,1.15746,1.15757,1.00,3.19
2017.09.19 14:12:04.430,1.15743,1.15755,1.00,1.00
2017.09.19 14:12:05.114,1.15742,1.15756,1.00,3.19
2017.09.19 14:12:06.157,1.15741,1.15756,1.50,1.50
2017.09.19 14:12:06.666,1.15742,1.15757,1.00,4.12
2017.09.19 14:12:07.185,1.15741,1.15756,2.25,1.31
2017.09.19 14:12:08.727,1.15742,1.15755,1.00,1.12
2017.09.19 14:12:08.779,1.15738,1.15753,4.50,1.00
2017.09.19 14:12:08.977,1.15739,1.1575,1.87,1.00
2017.09.19 14:12:09.438,1.15739,1.15753,2.81,1.50
2017.09.19 14:12:10.022,1.15739,1.15752,2.62,1.00
2017.09.19 14:12:10.236,1.15739,1.15754,2.62,1.87
2017.09.19 14:12:10.845,1.15739,1.15753,3.56,1.00
2017.09.19 14:12:11.482,1.15739,1.15752,2.62,1.00
2017.09.19 14:12:11.634,1.15739,1.1575,1.87,1.50
2017.09.19 14:12:12.172,1.15738,1.1575,1.50,1.50
2017.09.19 14:12:12.647,1.15741,1.15751,1.00,1.00
2017.09.19 14:12:12.992,1.15743,1.15752,1.00,1.25
2017.09.19 14:12:13.238,1.15741,1.15752,1.00,1.25
2017.09.19 14:12:13.781,1.15742,1.15752,1.00,1.00
2017.09.19 14:12:14.296,1.15742,1.15753,1.00,1.00
2017.09.19 14:12:14.399,1.15744,1.15754,1.00,1.25
2017.09.19 14:12:15.077,1.15747,1.15754,1.00,1.00
2017.09.19 14:12:15.129,1.15747,1.15759,1.00,2.44
2017.09.19 14:12:15.335,1.15745,1.15758,1.00,2.06
2017.09.19 14:12:15.386,1.15745,1.15758,1.00,1.31
2017.09.19 14:12:15.980,1.15746,1.15757,1.00,1.31
2017.09.19 14:12:16.864,1.15746,1.15757,1.00,1.12
2017.09.19 14:12:18.480,1.15746,1.15756,1.00,1.00
2017.09.19 14:12:19.473,1.15746,1.15757,1.00,1.12
2017.09.19 14:12:19.963,1.15744,1.15756,1.50,1.00
2017.09.19 14:12:20.066,1.15746,1.15756,1.00,1.00
2017.09.19 14:12:20.169,1.15743,1.15756,1.00,1.00
2017.09.19 14:12:20.323,1.15746,1.15756,1.00,1.00
2017.09.19 14:12:20.425,1.15744,1.15756,3.19,1.00
2017.09.19 14:12:20.757,1.15745,1.15758,1.50,1.50
2017.09.19 14:12:21.135,1.15744,1.15755,1.50,1.50
2017.09.19 14:12:21.237,1.15742,1.15754,1.50,1.00
2017.09.19 14:12:21.947,1.15741,1.15754,1.50,1.50
2017.09.19 14:12:21.999,1.15745,1.15754,1.50,1.50
2017.09.19 14:12:22.256,1.15745,1.15757,1.00,1.00
2017.09.19 14:12:22.775,1.15744,1.15756,1.00,1.00
2017.09.19 14:12:22.826,1.15744,1.15758,1.00,1.00
2017.09.19 14:12:23.776,1.15746,1.1576,1.50,1.50
2017.09.19 14:12:24.201,1.15745,1.15758,1.00,1.00
2017.09.19 14:12:24.514,1.15745,1.15756,1.00,1.00
2017.09.19 14:12:24.616,1.15745,1.15758,1.00,1.00
2017.09.19 14:12:24.791,1.15745,1.15756,1.00,1.00
2017.09.19 14:12:25.339,1.15744,1.15758,1.50,1.00
2017.09.19 14:12:25.880,1.15745,1.15759,1.12,1.00
2017.09.19 14:12:26.507,1.15744,1.15759,1.00,1.00
2017.09.19 14:12:26.754,1.15746,1.1576,1.50,1.00
2017.09.19 14:12:27.292,1.15746,1.15759,1.37,1.00
2017.09.19 14:12:27.344,1.15748,1.15762,1.00,1.50
2017.09.19 14:12:27.858,1.15748,1.1576,1.12,1.00
2017.09.19 14:12:28.374,1.15749,1.1576,2.25,1.00
2017.09.19 14:12:28.886,1.15749,1.15759,1.50,1.00
2017.09.19 14:12:29.401,1.15748,1.15758,1.50,1.00
2017.09.19 14:12:29.504,1.15748,1.1576,1.50,1.87
2017.09.19 14:12:29.865,1.15749,1.15763,2.62,1.50
2017.09.19 14:12:30.135,1.15748,1.15761,1.50,1.25
2017.09.19 14:12:30.390,1.15747,1.15761,1.50,1.62
2017.09.19 14:12:30.938,1.15747,1.15761,1.69,1.00
2017.09.19 14:12:30.990,1.15751,1.15763,1.00,1.00
2017.09.19 14:12:31.506,1.15752,1.15762,1.00,1.00
2017.09.19 14:12:32.380,1.15752,1.15764,1.00,1.00
2017.09.19 14:12:32.432,1.15754,1.15766,1.00,1.00
2017.09.19 14:12:32.739,1.15754,1.15763,1.00,1.00
2017.09.19 14:12:33.664,1.15756,1.15768,1.00,1.50
2017.09.19 14:12:33.870,1.15755,1.15766,1.50,1.00
2017.09.19 14:12:35.254,1.15755,1.15767,1.00,1.00
2017.09.19 14:12:35.408,1.15753,1.15766,1.00,1.00
2017.09.19 14:12:35.460,1.15752,1.15764,1.87,1.50
2017.09.19 14:12:35.965,1.15751,1.15764,1.69,1.50
2017.09.19 14:12:36.507,1.15752,1.15763,1.50,1.00
2017.09.19 14:12:38.421,1.15752,1.15765,2.25,1.50
2017.09.19 14:12:39.516,1.15752,1.15764,1.25,1.00
2017.09.19 14:12:40.124,1.15751,1.15764,1.50,1.00
2017.09.19 14:12:41.112,1.15752,1.15764,1.50,1.00
2017.09.19 14:12:41.417,1.1575,1.15764,1.25,1.00
2017.09.19 14:12:41.934,1.15749,1.15763,3.37,1.00
2017.09.19 14:12:42.461,1.1575,1.15762,1.12,1.00
2017.09.19 14:12:42.671,1.15753,1.15763,1.00,1.00
2017.09.19 14:12:43.179,1.15752,1.15764,1.37,1.00
2017.09.19 14:12:43.680,1.15752,1.15763,1.37,1.00
2017.09.19 14:12:44.368,1.15748,1.1576,1.87,1.00
2017.09.19 14:12:44.420,1.15746,1.15759,1.75,1.00
2017.09.19 14:12:44.624,1.15751,1.1576,1.50,1.00
2017.09.19 14:12:45.259,1.15751,1.15761,1.50,1.50
2017.09.19 14:12:45.502,1.15748,1.1576,1.50,1.00
2017.09.19 14:12:46.005,1.15747,1.1576,2.62,1.50
2017.09.19 14:12:46.678,1.15747,1.15759,1.50,1.00
2017.09.19 14:12:46.973,1.15751,1.1576,1.00,1.00
2017.09.19 14:12:47.568,1.1575,1.1576,1.00,1.00
2017.09.19 14:12:48.228,1.1575,1.15761,1.00,1.00
2017.09.19 14:12:48.544,1.15754,1.15763,1.00,1.50
2017.09.19 14:12:48.596,1.15752,1.15764,1.00,3.00
2017.09.19 14:12:48.996,1.15753,1.15764,1.00,3.00
2017.09.19 14:12:49.353,1.15751,1.15763,1.00,1.25
2017.09.19 14:12:49.405,1.15751,1.1576,1.00,1.00
2017.09.19 14:12:49.712,1.15752,1.15763,1.00,1.50
2017.09.19 14:12:50.225,1.15752,1.15762,1.00,1.00
2017.09.19 14:12:51.197,1.15752,1.15763,1.00,1.50
2017.09.19 14:12:52.008,1.15751,1.15763,1.00,2.44
2017.09.19 14:12:52.620,1.15751,1.15763,1.00,2.44
2017.09.19 14:12:53.668,1.15751,1.15761,1.00,1.00
2017.09.19 14:12:53.817,1.15747,1.1576,1.50,1.87
2017.09.19 14:12:53.869,1.15749,1.15759,1.00,1.00
2017.09.19 14:12:55.067,1.1575,1.15762,1.00,3.00
2017.09.19 14:12:57.243,1.15751,1.15762,1.00,1.75
2017.09.19 14:12:57.295,1.15751,1.15762,1.00,1.00
2017.09.19 14:12:57.905,1.1575,1.15762,1.00,1.00
2017.09.19 14:12:58.535,1.15751,1.15762,1.00,1.00
2017.09.19 14:12:59.316,1.15748,1.15761,1.00,1.00
2017.09.19 14:12:59.833,1.15747,1.1576,1.00,1.00
2017.09.19 14:13:00.370,1.15747,1.15759,1.00,1.00
2017.09.19 14:13:00.667,1.15747,1.15761,2.25,1.00
2017.09.19 14:13:01.026,1.15747,1.15759,1.69,1.00
2017.09.19 14:13:01.232,1.15745,1.15758,1.00,1.87
2017.09.19 14:13:01.831,1.15744,1.15757,1.12,1.00
2017.09.19 14:13:02.048,1.15747,1.15759,1.50,1.37
2017.09.19 14:13:02.588,1.15747,1.1576,1.50,1.50
2017.09.19 14:13:03.690,1.15747,1.15762,1.00,1.50
2017.09.19 14:13:04.952,1.15748,1.15762,1.00,1.00
2017.09.19 14:13:05.513,1.1575,1.15762,1.50,1.50
2017.09.19 14:13:06.515,1.15748,1.15762,1.25,1.50
2017.09.19 14:13:07.030,1.15752,1.15762,1.00,1.00
2017.09.19 14:13:07.133,1.15753,1.15765,1.00,1.50
2017.09.19 14:13:07.339,1.15753,1.15767,1.00,1.50
2017.09.19 14:13:08.593,1.15753,1.15768,1.00,2.62
2017.09.19 14:13:09.259,1.15754,1.15767,1.00,1.69
2017.09.19 14:13:09.361,1.15752,1.15766,1.00,1.00
2017.09.19 14:13:09.953,1.15752,1.15765,1.00,1.50
2017.09.19 14:13:10.263,1.15754,1.15765,1.00,1.00
2017.09.19 14:13:10.467,1.15752,1.15765,1.12,1.00
2017.09.19 14:13:10.621,1.15754,1.15764,1.00,1.00
2017.09.19 14:13:10.672,1.15754,1.15767,1.00,2.06
2017.09.19 14:13:10.932,1.15756,1.15767,1.00,1.31
2017.09.19 14:13:11.088,1.15752,1.15765,2.62,1.87
2017.09.19 14:13:11.193,1.1575,1.15761,2.25,1.00
2017.09.19 14:13:12.478,1.15749,1.15761,1.50,1.00
2017.09.19 14:13:13.269,1.1575,1.15761,1.50,1.00
2017.09.19 14:13:14.490,1.1575,1.15763,2.25,1.50
2017.09.19 14:13:15.014,1.1575,1.15762,1.00,1.00
2017.09.19 14:13:15.066,1.1575,1.15765,1.00,1.69
2017.09.19 14:13:15.571,1.1575,1.15763,3.00,1.00
2017.09.19 14:13:15.881,1.15753,1.15766,1.00,1.00
2017.09.19 14:13:16.427,1.15753,1.15765,1.00,1.00
2017.09.19 14:13:17.483,1.15753,1.15764,2.25,1.00
2017.09.19 14:13:18.249,1.15755,1.15767,1.00,1.00
2017.09.19 14:13:18.837,1.15755,1.15766,1.00,1.00
2017.09.19 14:13:18.940,1.15757,1.15767,1.50,1.00
2017.09.19 14:13:19.042,1.15754,1.15767,2.25,1.00
2017.09.19 14:13:19.094,1.15755,1.15765,1.00,1.00
2017.09.19 14:13:19.607,1.15755,1.15763,1.00,1.00
2017.09.19 14:13:19.752,1.1575,1.15762,1.50,1.00
2017.09.19 14:13:19.804,1.15748,1.1576,1.25,1.00
2017.09.19 14:13:20.315,1.15748,1.15762,1.69,1.50
2017.09.19 14:13:20.519,1.15751,1.15762,1.50,1.00
2017.09.19 14:13:20.825,1.15753,1.15764,1.50,1.37
2017.09.19 14:13:21.101,1.15753,1.15765,2.25,1.00
2017.09.19 14:13:21.203,1.15756,1.15765,1.00,1.00
2017.09.19 14:13:21.254,1.15756,1.15767,1.00,1.00
2017.09.19 14:13:22.390,1.15755,1.15768,1.00,1.00
2017.09.19 14:13:22.988,1.15755,1.15767,1.00,1.00
2017.09.19 14:13:23.633,1.15756,1.15767,1.00,1.00
2017.09.19 14:13:23.792,1.15754,1.15763,1.50,1.00
2017.09.19 14:13:23.844,1.1575,1.15764,3.00,1.50
2017.09.19 14:13:23.946,1.1575,1.15763,1.50,1.00
2017.09.19 14:13:24.466,1.15751,1.15763,2.25,1.00
2017.09.19 14:13:24.975,1.15751,1.15762,1.50,1.00
2017.09.19 14:13:25.681,1.1575,1.15762,1.00,1.00
2017.09.19 14:13:26.011,1.15748,1.15759,3.00,1.00
2017.09.19 14:13:26.116,1.1575,1.15762,2.25,1.00
2017.09.19 14:13:26.679,1.15751,1.15763,1.00,1.00
2017.09.19 14:13:27.262,1.1575,1.15763,3.00,1.00
2017.09.19 14:13:27.313,1.15747,1.1576,3.00,1.00
2017.09.19 14:13:27.775,1.15745,1.15757,1.75,1.00
2017.09.19 14:13:27.973,1.15745,1.15756,1.50,1.00
2017.09.19 14:13:28.127,1.15745,1.15759,1.67,1.00
2017.09.19 14:13:28.611,1.15748,1.15759,1.50,1.00
2017.09.19 14:13:28.918,1.15743,1.15755,2.81,1.00
2017.09.19 14:13:29.671,1.15743,1.15756,2.81,1.00
2017.09.19 14:13:30.203,1.15747,1.15758,1.00,1.12
2017.09.19 14:13:30.510,1.15745,1.15754,1.12,1.00
2017.09.19 14:13:31.047,1.15745,1.15755,1.00,1.00
2017.09.19 14:13:31.459,1.15747,1.15756,1.50,1.00
2017.09.19 14:13:32.362,1.15745,1.15754,1.00,1.00
2017.09.19 14:13:32.691,1.15744,1.15756,1.50,1.50
2017.09.19 14:13:33.202,1.15743,1.15755,1.87,1.00
2017.09.19 14:13:33.735,1.15744,1.15756,1.50,1.00
2017.09.19 14:13:34.295,1.15743,1.15757,2.06,1.00
2017.09.19 14:13:34.645,1.15743,1.15755,1.87,1.00
2017.09.19 14:13:35.004,1.15743,1.15753,1.87,1.00
2017.09.19 14:13:35.216,1.15745,1.15757,1.00,1.00
2017.09.19 14:13:35.319,1.15744,1.15754,1.50,1.00
2017.09.19 14:13:35.959,1.15741,1.15754,3.94,1.00
2017.09.19 14:13:36.498,1.15744,1.15755,1.50,1.00
2017.09.19 14:13:37.742,1.15744,1.15754,1.50,1.00
2017.09.19 14:13:38.149,1.15744,1.15756,1.50,1.50
2017.09.19 14:13:38.736,1.15743,1.15756,3.00,1.50
2017.09.19 14:13:39.237,1.15744,1.15756,2.25,1.00
2017.09.19 14:13:39.843,1.15742,1.15756,1.87,1.00
2017.09.19 14:13:39.894,1.15741,1.15754,1.94,1.00
2017.09.19 14:13:41.160,1.15743,1.15755,1.31,1.00
2017.09.19 14:13:41.688,1.15744,1.15755,1.50,1.00
2017.09.19 14:13:41.842,1.15746,1.15758,2.25,1.12
2017.09.19 14:13:42.375,1.15747,1.15759,1.50,1.00
2017.09.19 14:13:42.888,1.15745,1.15759,2.25,1.00
2017.09.19 14:13:43.278,1.15747,1.15759,1.50,1.00
2017.09.19 14:13:43.626,1.15749,1.15759,1.00,1.00
2017.09.19 14:13:43.677,1.15746,1.15759,1.00,1.00
2017.09.19 14:13:44.210,1.15747,1.15758,1.50,1.00
2017.09.19 14:13:44.443,1.15745,1.15758,2.62,1.00
2017.09.19 14:13:44.995,1.15746,1.15758,1.00,1.00
2017.09.19 14:13:45.528,1.15745,1.15758,2.44,1.00
2017.09.19 14:13:47.525,1.15745,1.15757,1.00,1.00
2017.09.19 14:13:48.069,1.15745,1.15758,1.00,1.00
2017.09.19 14:13:48.657,1.15744,1.15758,1.69,1.00
2017.09.19 14:13:49.379,1.15744,1.15757,1.25,1.00
2017.09.19 14:13:49.882,1.15745,1.15757,1.00,1.00
2017.09.19 14:13:50.484,1.15743,1.15756,3.37,1.00
2017.09.19 14:13:51.033,1.15744,1.15755,1.69,1.00
2017.09.19 14:13:51.186,1.15744,1.15757,1.69,1.50
2017.09.19 14:13:51.491,1.15743,1.15755,3.56,1.00
2017.09.19 14:13:52.016,1.15743,1.15755,2.62,1.00
2017.09.19 14:13:52.326,1.15751,1.15761,2.44,1.00
2017.09.19 14:13:52.632,1.15751,1.15764,1.00,1.00
2017.09.19 14:13:53.170,1.15752,1.15764,1.00,1.00
2017.09.19 14:13:53.275,1.1575,1.15761,3.60,1.00
2017.09.19 14:13:54.544,1.1575,1.15761,1.69,1.00
2017.09.19 14:13:55.359,1.15749,1.1576,1.00,1.00
2017.09.19 14:13:55.563,1.15747,1.15759,1.69,1.00
2017.09.19 14:13:56.075,1.15747,1.15758,1.87,1.00
2017.09.19 14:13:56.695,1.15746,1.15759,1.54,1.00
2017.09.19 14:13:57.900,1.15746,1.15757,1.25,1.00
2017.09.19 14:13:58.104,1.15747,1.15759,1.50,1.00
2017.09.19 14:13:58.553,1.15746,1.15755,1.00,1.00
2017.09.19 14:13:58.707,1.15744,1.15754,1.50,1.00
2017.09.19 14:13:58.759,1.15744,1.15756,1.69,1.00
2017.09.19 14:13:59.636,1.15745,1.15756,1.50,1.50
2017.09.19 14:14:00.558,1.15742,1.15753,2.25,1.00
2017.09.19 14:14:01.320,1.15742,1.15753,1.50,1.00
2017.09.19 14:14:01.751,1.15744,1.15753,1.50,1.00
2017.09.19 14:14:01.803,1.15742,1.15754,1.00,1.00
2017.09.19 14:14:03.658,1.15742,1.15752,2.25,1.00
2017.09.19 14:14:04.788,1.15741,1.15752,2.25,1.00
2017.09.19 14:14:06.701,1.15742,1.15754,1.00,1.00
2017.09.19 14:14:07.259,1.15741,1.15754,2.25,1.00
2017.09.19 14:14:08.150,1.15742,1.15754,1.00,1.00
2017.09.19 14:14:08.660,1.15743,1.15753,1.50,1.00
2017.09.19 14:14:08.906,1.15743,1.15751,1.50,1.00
2017.09.19 14:14:09.721,1.1574,1.1575,1.12,1.00
2017.09.19 14:14:09.773,1.15743,1.15752,1.50,1.00
2017.09.19 14:14:11.612,1.15741,1.1575,1.50,1.00
2017.09.19 14:14:11.766,1.15741,1.15752,1.50,1.00
2017.09.19 14:14:12.476,1.15741,1.1575,1.50,1.00
2017.09.19 14:14:12.909,1.15738,1.1575,3.37,1.00
2017.09.19 14:14:13.444,1.15739,1.1575,1.00,1.00
2017.09.19 14:14:13.671,1.15741,1.15752,1.50,1.00
2017.09.19 14:14:14.295,1.15739,1.15751,1.87,1.00
2017.09.19 14:14:14.347,1.15739,1.15751,2.25,1.00
2017.09.19 14:14:14.398,1.15739,1.15748,1.00,1.00
2017.09.19 14:14:14.593,1.15739,1.1575,2.25,1.00
2017.09.19 14:14:14.749,1.15739,1.15752,1.69,1.00
2017.09.19 14:14:14.801,1.15739,1.1575,1.25,1.00
2017.09.19 14:14:14.904,1.15742,1.15755,1.00,2.25
2017.09.19 14:14:15.008,1.15744,1.15756,1.00,1.37
2017.09.19 14:14:15.059,1.15744,1.15756,1.00,1.00
2017.09.19 14:14:15.813,1.15742,1.15756,3.56,1.00
2017.09.19 14:14:16.018,1.15742,1.15752,1.50,1.00
2017.09.19 14:14:16.337,1.15739,1.15749,1.00,1.00
2017.09.19 14:14:16.965,1.1574,1.15749,1.00,1.00
2017.09.19 14:14:17.470,1.15739,1.15749,1.00,1.00
2017.09.19 14:14:17.522,1.15736,1.15748,1.37,1.00
2017.09.19 14:14:17.573,1.15735,1.15746,3.00,1.00
2017.09.19 14:14:17.676,1.15735,1.15748,3.94,1.00
2017.09.19 14:14:18.628,1.15738,1.15751,1.00,1.00
2017.09.19 14:14:19.173,1.15742,1.15751,2.44,1.00
2017.09.19 14:14:19.279,1.15742,1.15756,2.62,1.00
2017.09.19 14:14:19.331,1.15747,1.15759,1.69,1.50
2017.09.19 14:14:19.539,1.1575,1.15762,2.81,1.12
2017.09.19 14:14:19.592,1.15758,1.15765,1.16,1.75
2017.09.19 14:14:19.747,1.15761,1.15772,1.69,3.37
2017.09.19 14:14:19.850,1.15759,1.15772,1.69,1.00
2017.09.19 14:14:19.995,1.15759,1.15772,2.81,1.00
2017.09.19 14:14:20.047,1.15767,1.15779,3.00,1.75
2017.09.19 14:14:20.100,1.15769,1.15782,1.12,3.00
2017.09.19 14:14:20.207,1.15767,1.1578,2.85,1.12
2017.09.19 14:14:20.258,1.15767,1.15777,1.19,1.00
2017.09.19 14:14:20.565,1.15761,1.15773,3.56,1.00
2017.09.19 14:14:21.101,1.15764,1.15777,1.31,1.37
2017.09.19 14:14:21.152,1.15763,1.15777,4.50,1.00
2017.09.19 14:14:21.991,1.15763,1.15774,1.19,1.00
2017.09.19 14:14:22.195,1.15761,1.15773,2.25,1.00
2017.09.19 14:14:22.871,1.15761,1.1577,1.50,1.37
2017.09.19 14:14:22.923,1.15757,1.15769,1.87,1.12
2017.09.19 14:14:23.540,1.15758,1.15769,1.44,1.12
2017.09.19 14:14:23.887,1.1576,1.15775,1.19,1.87
2017.09.19 14:14:23.990,1.15759,1.15771,2.06,1.00
2017.09.19 14:14:24.598,1.15759,1.15772,3.56,1.00
2017.09.19 14:14:25.184,1.1576,1.15774,1.44,1.00
2017.09.19 14:14:25.626,1.1576,1.1577,1.25,1.00
2017.09.19 14:14:26.280,1.15754,1.15768,5.81,1.50
2017.09.19 14:14:26.586,1.15752,1.15762,1.00,1.00
2017.09.19 14:14:27.111,1.15752,1.15763,1.00,1.00
2017.09.19 14:14:27.264,1.15752,1.15761,1.00,1.00
2017.09.19 14:14:27.519,1.15752,1.15763,1.00,1.00
2017.09.19 14:14:30.133,1.15752,1.15762,1.00,1.00
2017.09.19 14:14:30.840,1.15752,1.15763,1.50,1.50
2017.09.19 14:14:31.638,1.15753,1.15763,1.50,1.50
2017.09.19 14:14:32.447,1.15752,1.15763,2.25,1.00
2017.09.19 14:14:32.995,1.15752,1.15762,1.50,1.00
2017.09.19 14:14:33.150,1.15749,1.15763,2.81,2.32
2017.09.19 14:14:33.202,1.15749,1.15762,3.19,1.07
2017.09.19 14:14:33.559,1.15752,1.1576,1.50,1.00
2017.09.19 14:14:34.097,1.15752,1.15761,1.50,1.00
2017.09.19 14:14:34.149,1.15749,1.15761,2.62,1.00
2017.09.19 14:14:34.201,1.15751,1.15765,2.25,2.32
2017.09.19 14:14:34.253,1.15752,1.15762,1.00,1.00
2017.09.19 14:14:34.434,1.15752,1.15766,1.50,1.39
2017.09.19 14:14:34.486,1.15752,1.1576,1.00,1.00
2017.09.19 14:14:34.589,1.15749,1.15758,1.00,1.00
2017.09.19 14:14:34.744,1.15747,1.15758,1.00,1.00
2017.09.19 14:14:34.899,1.15747,1.15761,1.50,2.32
2017.09.19 14:14:35.288,1.1575,1.1576,1.00,1.10
2017.09.19 14:14:35.520,1.15754,1.15765,1.00,1.10
2017.09.19 14:14:35.625,1.15756,1.15764,1.00,1.00
2017.09.19 14:14:36.120,1.15758,1.15767,1.00,1.50
2017.09.19 14:14:36.659,1.15757,1.15768,1.00,2.25
2017.09.19 14:14:37.008,1.15759,1.15768,1.00,1.75
2017.09.19 14:14:37.060,1.15759,1.15768,1.00,1.00
2017.09.19 14:14:37.219,1.15761,1.15768,1.00,1.00
2017.09.19 14:14:37.375,1.15762,1.15772,1.00,1.50
2017.09.19 14:14:37.884,1.15763,1.15772,1.00,1.00
2017.09.19 14:14:39.286,1.15761,1.15772,1.00,1.00
2017.09.19 14:14:40.136,1.15763,1.15772,1.00,1.00
2017.09.19 14:14:41.028,1.15758,1.1577,1.00,1.25
2017.09.19 14:14:41.131,1.15763,1.15774,1.00,1.62
2017.09.19 14:14:41.184,1.15763,1.15775,1.00,1.00
2017.09.19 14:14:41.236,1.15762,1.15773,1.00,1.00
2017.09.19 14:14:41.578,1.15759,1.15769,1.00,1.00
2017.09.19 14:14:42.950,1.15759,1.1577,1.00,1.69
2017.09.19 14:14:43.566,1.15759,1.15769,1.00,1.25
2017.09.19 14:14:44.279,1.15753,1.15765,1.50,1.50
2017.09.19 14:14:44.331,1.1575,1.15761,1.37,1.00
2017.09.19 14:14:44.384,1.15749,1.15761,1.00,1.00
2017.09.19 14:14:44.589,1.15752,1.15762,1.00,1.00
2017.09.19 14:14:45.527,1.1575,1.15762,1.00,1.00
2017.09.19 14:14:45.578,1.15752,1.15762,1.00,1.00
2017.09.19 14:14:46.933,1.15751,1.15762,1.00,1.00
2017.09.19 14:14:47.274,1.15753,1.15763,1.00,1.00
2017.09.19 14:14:47.962,1.15754,1.15763,1.00,1.00
2017.09.19 14:14:48.597,1.15754,1.15764,1.00,1.00
2017.09.19 14:14:48.869,1.15755,1.15766,1.00,1.12
2017.09.19 14:14:49.599,1.15755,1.15765,1.00,1.00
2017.09.19 14:14:49.759,1.15754,1.15767,1.00,1.69
2017.09.19 14:14:50.270,1.15755,1.15766,1.00,1.00
2017.09.19 14:14:50.814,1.15756,1.15766,1.00,1.69
2017.09.19 14:14:51.009,1.15753,1.15766,1.00,1.69
2017.09.19 14:14:53.142,1.15754,1.15766,1.00,1.00
2017.09.19 14:14:55.648,1.15752,1.15766,1.50,1.69
2017.09.19 14:14:55.750,1.15752,1.15764,1.00,1.00
2017.09.19 14:14:56.724,1.15751,1.15764,1.87,1.00
2017.09.19 14:14:58.030,1.15753,1.15765,1.00,1.25
2017.09.19 14:15:00.325,1.15752,1.15765,1.50,1.25
2017.09.19 14:15:00.872,1.15751,1.15763,1.12,1.00
2017.09.19 14:15:01.321,1.15753,1.15764,1.50,1.00
2017.09.19 14:15:01.565,1.15751,1.15763,1.31,1.00
2017.09.19 14:15:02.085,1.15752,1.15762,1.00,1.00
2017.09.19 14:15:02.630,1.15752,1.15763,2.25,1.00
2017.09.19 14:15:03.196,1.15752,1.15765,1.25,1.00
2017.09.19 14:15:03.575,1.15752,1.15763,1.25,1.00
2017.09.19 14:15:04.111,1.15752,1.15764,1.25,1.00
2017.09.19 14:15:04.941,1.15753,1.15765,1.50,1.00
2017.09.19 14:15:05.619,1.15754,1.15766,1.25,1.00
2017.09.19 14:15:05.824,1.15755,1.15768,1.25,1.00
2017.09.19 14:15:06.028,1.15757,1.15769,1.00,1.00
2017.09.19 14:15:06.675,1.15757,1.15768,1.00,1.00
2017.09.19 14:15:07.008,1.15755,1.15768,1.87,1.00
2017.09.19 14:15:07.581,1.15756,1.15768,1.00,1.00
2017.09.19 14:15:07.633,1.15757,1.1577,1.25,1.00
2017.09.19 14:15:07.788,1.1576,1.15772,1.50,1.37
2017.09.19 14:15:07.840,1.15757,1.15772,1.19,1.00
2017.09.19 14:15:08.839,1.15759,1.15771,1.25,1.00
2017.09.19 14:15:09.231,1.15761,1.15771,1.00,1.00
2017.09.19 14:15:10.304,1.1576,1.15771,1.00,1.00
2017.09.19 14:15:10.870,1.15761,1.15771,1.00,1.00
2017.09.19 14:15:11.338,1.15763,1.15772,1.00,1.00
2017.09.19 14:15:11.542,1.15761,1.15771,1.00,1.00
2017.09.19 14:15:11.698,1.15757,1.15769,1.25,1.19
2017.09.19 14:15:11.751,1.15755,1.15764,1.00,1.00
2017.09.19 14:15:12.278,1.15754,1.15765,1.00,1.00
2017.09.19 14:15:12.873,1.15753,1.15765,1.00,1.00
2017.09.19 14:15:13.369,1.15751,1.15765,1.50,1.00
2017.09.19 14:15:14.227,1.15754,1.15767,1.00,1.50
2017.09.19 14:15:14.432,1.15752,1.15765,1.12,1.87
2017.09.19 14:15:14.535,1.15749,1.15763,1.00,2.25
2017.09.19 14:15:14.588,1.15752,1.15765,3.00,1.25
2017.09.19 14:15:15.102,1.15752,1.15766,1.00,1.69
2017.09.19 14:15:15.586,1.15752,1.15763,1.00,1.00
2017.09.19 14:15:17.749,1.15752,1.15764,1.00,1.00
2017.09.19 14:15:18.999,1.15752,1.15761,1.00,1.00
2017.09.19 14:15:19.152,1.15749,1.15761,2.44,1.00
2017.09.19 14:15:19.664,1.15749,1.1576,2.44,1.00
2017.09.19 14:15:20.186,1.15745,1.15756,1.87,1.00
2017.09.19 14:15:20.238,1.15742,1.15755,1.12,1.50
2017.09.19 14:15:20.398,1.15743,1.15753,1.12,1.00
2017.09.19 14:15:20.502,1.15743,1.15755,2.81,1.00
2017.09.19 14:15:20.707,1.15743,1.15753,2.62,1.00
2017.09.19 14:15:20.759,1.15743,1.15755,3.00,1.00
2017.09.19 14:15:20.861,1.15746,1.15757,1.00,1.00
2017.09.19 14:15:21.277,1.15743,1.15755,1.50,1.00
2017.09.19 14:15:21.380,1.15744,1.15753,1.50,1.00
2017.09.19 14:15:22.620,1.15742,1.15753,1.19,1.00
2017.09.19 14:15:23.251,1.15742,1.15754,1.19,1.50
2017.09.19 14:15:23.561,1.15746,1.15757,1.50,1.00
2017.09.19 14:15:23.868,1.15746,1.15755,1.00,1.00
2017.09.19 14:15:24.626,1.15746,1.15753,1.00,1.00
2017.09.19 14:15:24.782,1.15744,1.15754,1.50,1.00
2017.09.19 14:15:24.987,1.15744,1.15757,1.50,1.12
2017.09.19 14:15:25.522,1.15744,1.15756,1.50,1.00
2017.09.19 14:15:26.077,1.15745,1.15756,1.00,1.00
2017.09.19 14:15:26.282,1.15744,1.15754,1.87,1.00
2017.09.19 14:15:27.162,1.15744,1.15756,1.87,1.00
2017.09.19 14:15:27.711,1.15746,1.1576,2.25,1.50
2017.09.19 14:15:28.253,1.15746,1.1576,2.44,1.00
2017.09.19 14:15:28.766,1.15747,1.15759,1.12,1.00
2017.09.19 14:15:29.687,1.15743,1.15757,1.87,1.50
2017.09.19 14:15:29.789,1.15744,1.15757,1.00,2.44
2017.09.19 14:15:30.324,1.15743,1.15757,1.00,2.81
2017.09.19 14:15:30.526,1.15745,1.15757,1.00,1.12
2017.09.19 14:15:31.350,1.15744,1.15757,1.00,1.87
2017.09.19 14:15:31.884,1.15745,1.15757,1.00,2.06
2017.09.19 14:15:33.494,1.15745,1.15756,1.00,1.00
2017.09.19 14:15:34.285,1.15745,1.15757,1.00,1.31
2017.09.19 14:15:34.618,1.15745,1.15754,1.00,1.00
2017.09.19 14:15:34.670,1.15743,1.15754,1.00,1.50
2017.09.19 14:15:34.721,1.15748,1.15757,1.00,1.12
2017.09.19 14:15:34.875,1.15751,1.15762,1.00,1.31
2017.09.19 14:15:35.417,1.15751,1.15762,1.00,1.12
2017.09.19 14:15:35.951,1.1575,1.15762,1.00,1.25
2017.09.19 14:15:36.601,1.15749,1.15761,1.12,1.00
2017.09.19 14:15:37.369,1.15751,1.15761,1.00,1.69
2017.09.19 14:15:38.135,1.15751,1.15762,1.00,1.25
2017.09.19 14:15:38.650,1.15751,1.15761,1.00,1.00
2017.09.19 14:15:40.296,1.1575,1.15761,1.00,1.00
2017.09.19 14:15:40.937,1.1575,1.15762,1.00,1.00
2017.09.19 14:15:41.800,1.15752,1.15761,1.00,1.00
2017.09.19 14:15:42.624,1.15752,1.15762,1.00,1.50
2017.09.19 14:15:43.243,1.15747,1.15761,5.81,1.00
2017.09.19 14:15:43.295,1.15749,1.15763,1.12,1.00
2017.09.19 14:15:43.816,1.15749,1.15762,1.12,1.00
2017.09.19 14:15:44.047,1.15752,1.15765,1.19,2.44
2017.09.19 14:15:44.150,1.15752,1.15765,1.25,1.69
2017.09.19 14:15:44.301,1.15752,1.15766,2.06,1.00
2017.09.19 14:15:44.851,1.15753,1.15767,1.69,1.69
2017.09.19 14:15:45.591,1.15754,1.15768,1.00,1.12
2017.09.19 14:15:45.732,1.15752,1.15767,1.00,2.44
2017.09.19 14:15:46.270,1.15752,1.15768,1.25,2.81
2017.09.19 14:15:46.808,1.15752,1.15768,1.19,1.12
2017.09.19 14:15:47.432,1.15752,1.15765,1.19,1.00
2017.09.19 14:15:47.777,1.15754,1.15768,2.62,1.87
2017.09.19 14:15:48.089,1.15759,1.15768,2.25,1.00
2017.09.19 14:15:48.141,1.15759,1.1577,2.25,1.00
2017.09.19 14:15:48.823,1.15759,1.15771,1.50,1.00
2017.09.19 14:15:49.078,1.15762,1.15771,1.00,1.00
2017.09.19 14:15:49.817,1.15757,1.15767,1.75,1.00
2017.09.19 14:15:50.005,1.15755,1.15767,1.31,1.00
2017.09.19 14:15:50.437,1.15754,1.15769,4.12,1.00
2017.09.19 14:15:50.489,1.15754,1.15767,4.12,1.00
2017.09.19 14:15:50.955,1.15756,1.15767,1.00,1.00
2017.09.19 14:15:51.953,1.15755,1.15768,1.50,1.00
2017.09.19 14:15:52.262,1.15755,1.15766,1.00,1.00
2017.09.19 14:15:52.621,1.15755,1.15763,1.00,1.00
2017.09.19 14:15:52.724,1.15755,1.15765,1.50,1.00
2017.09.19 14:15:53.932,1.15753,1.15765,1.00,1.00
2017.09.19 14:15:54.542,1.15752,1.15764,3.56,1.00
2017.09.19 14:15:54.806,1.15755,1.15764,1.50,1.00
2017.09.19 14:15:54.858,1.15756,1.15766,1.25,1.00
2017.09.19 14:15:55.013,1.15756,1.15768,1.00,1.00
2017.09.19 14:15:55.673,1.15755,1.15766,1.31,1.00
2017.09.19 14:15:57.987,1.15755,1.15765,1.12,1.00
2017.09.19 14:15:58.855,1.15753,1.15764,1.37,1.00
2017.09.19 14:15:58.911,1.1575,1.1576,1.00,1.00
2017.09.19 14:15:59.421,1.15748,1.15758,2.81,1.00
2017.09.19 14:15:59.472,1.15749,1.1576,2.25,1.00
2017.09.19 14:16:00.774,1.15748,1.1576,1.12,1.00
2017.09.19 14:16:01.825,1.15749,1.1576,1.00,1.00
2017.09.19 14:16:02.330,1.15749,1.15759,1.00,1.00
2017.09.19 14:16:02.382,1.15745,1.15757,2.25,1.00
2017.09.19 14:16:02.587,1.15745,1.15756,1.00,1.00
2017.09.19 14:16:03.293,1.15745,1.15755,1.00,1.00
2017.09.19 14:16:04.124,1.15744,1.15755,2.25,1.00
2017.09.19 14:16:04.333,1.15744,1.1575,1.00,1.00
2017.09.19 14:16:04.537,1.15737,1.15748,2.81,1.00
2017.09.19 14:16:04.589,1.15737,1.15748,3.00,1.00
2017.09.19 14:16:04.640,1.15739,1.1575,2.25,1.00
2017.09.19 14:16:04.846,1.1574,1.15752,1.37,1.12
2017.09.19 14:16:05.948,1.1574,1.15749,3.00,1.00
2017.09.19 14:16:06.051,1.15738,1.15748,1.12,1.00
2017.09.19 14:16:07.428,1.15737,1.15747,1.37,1.00
2017.09.19 14:16:08.104,1.15737,1.15745,1.87,1.00
2017.09.19 14:16:08.281,1.15736,1.15747,1.50,1.00
2017.09.19 14:16:08.486,1.15735,1.15745,1.25,1.00
2017.09.19 14:16:08.640,1.15736,1.15747,1.87,1.00
2017.09.19 14:16:08.952,1.15737,1.15751,1.00,1.50
2017.09.19 14:16:09.121,1.15738,1.15749,1.37,1.00
2017.09.19 14:16:09.326,1.15741,1.15752,1.12,1.00
2017.09.19 14:16:09.836,1.15742,1.15751,1.00,1.00
2017.09.19 14:16:11.207,1.15741,1.15751,1.00,1.00
2017.09.19 14:16:12.060,1.15742,1.1575,1.00,1.00
2017.09.19 14:16:12.338,1.15736,1.15746,2.25,1.00
2017.09.19 14:16:12.594,1.15735,1.15746,3.00,1.00
2017.09.19 14:16:13.047,1.15738,1.15747,1.50,1.00
2017.09.19 14:16:14.692,1.15738,1.15748,1.50,1.00
2017.09.19 14:16:14.958,1.15739,1.1575,1.50,1.00
2017.09.19 14:16:15.163,1.15737,1.15748,1.37,1.00
2017.09.19 14:16:15.572,1.15736,1.15748,1.12,1.00
2017.09.19 14:16:15.624,1.15738,1.15749,1.00,1.00
2017.09.19 14:16:15.801,1.1574,1.15752,1.00,1.87
2017.09.19 14:16:15.853,1.1574,1.15748,1.00,1.00
2017.09.19 14:16:16.111,1.15734,1.15747,1.69,1.00
2017.09.19 14:16:16.163,1.15736,1.15747,1.00,1.00
2017.09.19 14:16:16.532,1.15732,1.15741,1.87,1.00
2017.09.19 14:16:16.585,1.15732,1.1574,1.50,1.00
2017.09.19 14:16:16.637,1.1573,1.1574,1.12,1.00
2017.09.19 14:16:16.998,1.15733,1.15743,1.50,1.00
2017.09.19 14:16:17.307,1.15735,1.15745,1.31,1.00
2017.09.19 14:16:17.830,1.15735,1.15746,2.81,1.00
2017.09.19 14:16:18.157,1.15735,1.15743,1.87,1.00
2017.09.19 14:16:18.411,1.15732,1.15744,2.25,1.00
2017.09.19 14:16:19.068,1.15733,1.15745,1.50,1.50
2017.09.19 14:16:19.121,1.15736,1.15745,1.50,1.00
2017.09.19 14:16:19.298,1.15733,1.15743,2.85,1.00
2017.09.19 14:16:19.350,1.15735,1.15746,1.50,1.00
2017.09.19 14:16:19.403,1.15737,1.15746,1.00,1.00
2017.09.19 14:16:19.932,1.15738,1.15747,1.00,1.00
2017.09.19 14:16:20.468,1.15737,1.15747,2.25,1.00
2017.09.19 14:16:20.877,1.15737,1.15744,1.50,1.00
2017.09.19 14:16:21.184,1.15732,1.15742,2.25,1.00
2017.09.19 14:16:21.288,1.15732,1.15743,2.25,1.00
2017.09.19 14:16:21.656,1.15733,1.15741,1.50,1.00
2017.09.19 14:16:22.164,1.15732,1.15741,1.50,1.00
2017.09.19 14:16:22.894,1.1573,1.15739,1.50,1.00
2017.09.19 14:16:23.255,1.15733,1.1574,1.50,1.00
2017.09.19 14:16:23.459,1.15732,1.15743,1.50,1.00
2017.09.19 14:16:23.511,1.15732,1.15741,1.50,1.00
2017.09.19 14:16:24.146,1.15733,1.15741,1.50,1.00
2017.09.19 14:16:24.453,1.15733,1.15739,1.50,1.00
2017.09.19 14:16:24.505,1.15731,1.15739,1.31,1.00
2017.09.19 14:16:24.829,1.15729,1.15737,2.25,1.00
2017.09.19 14:16:24.932,1.15727,1.15735,1.50,1.00
2017.09.19 14:16:25.036,1.15727,1.15733,1.50,1.00
2017.09.19 14:16:25.691,1.15726,1.15733,2.25,1.00
2017.09.19 14:16:26.352,1.15726,1.15734,1.00,1.00
2017.09.19 14:16:26.666,1.15722,1.15732,1.75,1.00
2017.09.19 14:16:26.718,1.15722,1.15732,1.37,1.00
2017.09.19 14:16:26.820,1.15722,1.15734,1.37,1.00
2017.09.19 14:16:27.368,1.15723,1.15733,3.37,1.00
2017.09.19 14:16:27.886,1.15727,1.15738,1.50,1.12
2017.09.19 14:16:28.091,1.15727,1.15738,4.50,1.00
2017.09.19 14:16:28.598,1.1573,1.15739,1.00,1.00
2017.09.19 14:16:29.375,1.15727,1.15739,3.94,1.00
2017.09.19 14:16:29.683,1.15725,1.15734,1.50,1.00
2017.09.19 14:16:31.601,1.15725,1.15735,1.00,1.00
2017.09.19 14:16:32.230,1.15725,1.15734,1.50,1.00
2017.09.19 14:16:32.281,1.15725,1.15736,1.50,1.00
2017.09.19 14:16:32.332,1.15725,1.15734,1.00,1.00
2017.09.19 14:16:32.927,1.15725,1.15733,1.00,1.00
2017.09.19 14:16:33.387,1.15723,1.15731,1.69,1.50
2017.09.19 14:16:33.439,1.15722,1.15731,1.37,1.00
2017.09.19 14:16:33.999,1.15721,1.15729,1.69,1.00
2017.09.19 14:16:34.610,1.15721,1.15727,1.50,1.00
2017.09.19 14:16:34.923,1.15721,1.1573,2.25,1.50
2017.09.19 14:16:35.565,1.15722,1.15729,1.00,1.00
2017.09.19 14:16:36.645,1.1572,1.15729,1.12,1.00
2017.09.19 14:16:36.850,1.1572,1.15727,1.12,1.00
2017.09.19 14:16:37.003,1.1572,1.15729,1.12,1.50
2017.09.19 14:16:37.541,1.15721,1.15729,1.00,1.00
2017.09.19 14:16:38.612,1.1572,1.15729,2.06,1.00
2017.09.19 14:16:39.889,1.15719,1.1573,2.25,1.50
2017.09.19 14:16:40.094,1.15716,1.15725,1.94,1.00
2017.09.19 14:16:40.198,1.15717,1.15725,1.69,1.00
2017.09.19 14:16:40.729,1.15717,1.15725,1.69,1.50
2017.09.19 14:16:40.781,1.15718,1.15727,1.50,1.00
2017.09.19 14:16:41.209,1.15716,1.15724,1.69,1.00
2017.09.19 14:16:41.722,1.15717,1.15724,1.69,1.00
2017.09.19 14:16:41.927,1.15719,1.15727,1.00,1.00
2017.09.19 14:16:42.030,1.1572,1.15729,1.00,1.00
2017.09.19 14:16:42.183,1.15717,1.15729,3.00,1.00
2017.09.19 14:16:42.286,1.15718,1.15727,1.50,1.00
2017.09.19 14:16:44.009,1.15721,1.15729,2.25,1.00
2017.09.19 14:16:45.724,1.15721,1.15728,1.00,1.00
2017.09.19 14:16:48.204,1.15722,1.15729,1.25,1.00
2017.09.19 14:16:49.226,1.15721,1.15729,1.00,1.00
2017.09.19 14:16:49.580,1.15721,1.15731,2.25,1.00
2017.09.19 14:16:49.987,1.15721,1.15727,1.25,1.00
2017.09.19 14:16:50.307,1.15721,1.1573,1.00,1.00
2017.09.19 14:16:50.813,1.15721,1.15729,1.00,1.00
2017.09.19 14:16:51.442,1.15721,1.15728,1.00,1.00
2017.09.19 14:16:51.544,1.15719,1.15728,1.00,1.00
2017.09.19 14:16:52.090,1.15719,1.15727,1.00,1.00
2017.09.19 14:16:52.866,1.15719,1.15728,1.00,1.00
2017.09.19 14:16:53.312,1.15721,1.15728,1.50,1.00
2017.09.19 14:16:53.465,1.15719,1.15729,1.69,1.00
2017.09.19 14:16:54.007,1.15719,1.15727,1.00,1.00
2017.09.19 14:16:54.211,1.1572,1.15729,1.00,1.00
2017.09.19 14:16:54.440,1.1572,1.15731,1.00,1.50
2017.09.19 14:16:54.646,1.15719,1.15729,1.25,1.00
2017.09.19 14:16:54.953,1.15721,1.15728,1.69,1.00
2017.09.19 14:16:55.005,1.15721,1.1573,1.50,1.00
2017.09.19 14:16:55.161,1.15721,1.15728,2.25,1.00
2017.09.19 14:16:56.866,1.15721,1.15727,1.50,1.00
2017.09.19 14:16:57.586,1.15719,1.15727,1.00,1.00
2017.09.19 14:16:57.741,1.15719,1.15729,1.25,1.50
2017.09.19 14:16:57.885,1.15721,1.15727,1.00,1.00
2017.09.19 14:16:57.937,1.15719,1.15729,1.87,1.00
2017.09.19 14:16:58.092,1.15716,1.15724,1.75,1.00
2017.09.19 14:16:58.246,1.15714,1.15723,1.00,1.00
2017.09.19 14:16:58.503,1.15716,1.15728,1.87,1.50
2017.09.19 14:16:58.555,1.15718,1.15725,1.50,1.00
2017.09.19 14:16:58.607,1.15715,1.15723,1.00,1.00
2017.09.19 14:16:58.659,1.15715,1.15725,1.31,1.00
2017.09.19 14:16:59.215,1.15715,1.15724,1.31,1.00
2017.09.19 14:16:59.727,1.15715,1.15723,1.31,1.00
2017.09.19 14:17:01.254,1.15713,1.15722,2.44,1.00
2017.09.19 14:17:01.854,1.15714,1.15722,1.50,1.00
2017.09.19 14:17:02.144,1.15714,1.15724,1.50,1.00
2017.09.19 14:17:02.843,1.15714,1.15723,1.25,1.00
2017.09.19 14:17:03.896,1.15713,1.15723,1.25,1.00
2017.09.19 14:17:04.493,1.15713,1.15722,1.25,1.00
2017.09.19 14:17:05.090,1.15714,1.15722,1.00,1.00
2017.09.19 14:17:05.142,1.15715,1.15725,1.00,1.00
2017.09.19 14:17:05.741,1.15715,1.15724,1.00,1.00
2017.09.19 14:17:06.269,1.15714,1.15724,2.62,1.00
2017.09.19 14:17:06.798,1.15715,1.15725,1.50,1.00
2017.09.19 14:17:07.863,1.15718,1.15726,1.00,1.00
2017.09.19 14:17:08.884,1.15717,1.15726,3.00,1.00
2017.09.19 14:17:09.207,1.15716,1.15724,1.00,1.00
2017.09.19 14:17:09.635,1.15718,1.15725,1.00,1.00
2017.09.19 14:17:09.893,1.15718,1.15727,1.12,1.00
2017.09.19 14:17:09.996,1.15716,1.15724,3.94,1.00
2017.09.19 14:17:10.098,1.15716,1.15725,3.19,1.00
2017.09.19 14:17:10.633,1.15717,1.15725,1.50,1.00
2017.09.19 14:17:11.213,1.15718,1.15726,1.00,1.00
2017.09.19 14:17:11.497,1.15717,1.15724,2.44,1.00
2017.09.19 14:17:12.261,1.15716,1.15723,1.50,1.00
2017.09.19 14:17:12.569,1.15714,1.15718,1.00,1.00
2017.09.19 14:17:12.671,1.1571,1.15718,1.12,1.00
2017.09.19 14:17:13.190,1.15707,1.15717,3.94,1.00
2017.09.19 14:17:14.401,1.15709,1.15718,1.69,1.00
2017.09.19 14:17:15.221,1.15712,1.15719,1.00,1.00
2017.09.19 14:17:15.274,1.15712,1.15721,1.00,1.00
2017.09.19 14:17:15.481,1.15715,1.15723,1.00,1.00
2017.09.19 14:17:15.586,1.15716,1.15726,2.25,1.00
2017.09.19 14:17:15.639,1.15714,1.15718,1.00,1.25
2017.09.19 14:17:15.793,1.15708,1.15715,1.50,1.00
2017.09.19 14:17:16.326,1.15708,1.15718,2.25,1.00
2017.09.19 14:17:16.377,1.15708,1.1572,2.25,1.39
2017.09.19 14:17:17.548,1.15713,1.15726,1.50,3.45
2017.09.19 14:17:17.599,1.15714,1.15727,1.50,1.76
2017.09.19 14:17:17.702,1.15713,1.15727,1.50,1.57
2017.09.19 14:17:17.906,1.15715,1.15728,1.00,1.45
2017.09.19 14:17:18.457,1.15715,1.15728,1.00,1.10
2017.09.19 14:17:18.796,1.15717,1.15728,1.50,1.10
2017.09.19 14:17:19.270,1.15722,1.15731,1.50,1.20
2017.09.19 14:17:19.375,1.1572,1.15731,1.00,1.20
2017.09.19 14:17:19.427,1.1572,1.15731,1.50,1.57
2017.09.19 14:17:19.941,1.1572,1.15734,3.00,1.76
2017.09.19 14:17:20.149,1.1572,1.15734,1.87,1.10
2017.09.19 14:17:20.319,1.15723,1.15735,1.50,1.57
2017.09.19 14:17:20.680,1.15723,1.15736,1.50,1.57
2017.09.19 14:17:20.935,1.15723,1.15734,1.50,1.00
2017.09.19 14:17:21.443,1.15723,1.15735,1.50,1.00
2017.09.19 14:17:21.753,1.15726,1.15737,1.50,1.31
2017.09.19 14:17:22.239,1.15723,1.15736,1.50,1.57
2017.09.19 14:17:22.292,1.15723,1.15735,1.50,2.44
2017.09.19 14:17:22.717,1.15719,1.15732,3.19,1.50
2017.09.19 14:17:22.820,1.15722,1.15732,1.50,1.00
2017.09.19 14:17:23.146,1.15725,1.15734,1.50,2.25
2017.09.19 14:17:23.661,1.15725,1.15734,1.50,1.00
2017.09.19 14:17:23.866,1.15723,1.15733,1.69,1.00
2017.09.19 14:17:24.372,1.15722,1.15733,2.62,1.00
2017.09.19 14:17:24.876,1.15726,1.15737,1.00,1.57
2017.09.19 14:17:25.134,1.15727,1.15738,1.50,1.00
2017.09.19 14:17:25.279,1.15724,1.15736,3.75,1.00
2017.09.19 14:17:25.591,1.15724,1.15734,1.00,1.00
2017.09.19 14:17:26.169,1.15723,1.15734,2.25,1.00
2017.09.19 14:17:26.761,1.15724,1.15734,1.50,1.00
2017.09.19 14:17:27.444,1.15723,1.15734,1.50,1.00
2017.09.19 14:17:27.999,1.15724,1.15734,1.50,1.00
2017.09.19 14:17:28.306,1.15727,1.15735,1.50,1.00
2017.09.19 14:17:28.660,1.15723,1.15734,1.69,1.00
2017.09.19 14:17:29.109,1.15726,1.15738,1.50,1.10
2017.09.19 14:17:29.225,1.15726,1.15736,1.50,1.00
2017.09.19 14:17:29.552,1.15722,1.15732,1.31,1.00
2017.09.19 14:17:29.756,1.15723,1.15734,1.00,1.00
2017.09.19 14:17:31.308,1.15722,1.15732,2.62,1.25
2017.09.19 14:17:31.564,1.15713,1.15726,1.50,2.44
2017.09.19 14:17:31.731,1.15714,1.15725,2.62,1.12
2017.09.19 14:17:31.834,1.15717,1.15728,1.50,1.00
2017.09.19 14:17:31.988,1.15721,1.15735,1.25,2.81
2017.09.19 14:17:32.040,1.15723,1.15736,1.00,2.44
2017.09.19 14:17:32.143,1.15726,1.15738,2.25,1.00
2017.09.19 14:17:32.246,1.15724,1.15737,1.69,1.00
2017.09.19 14:17:32.297,1.15724,1.15736,1.25,1.19
2017.09.19 14:17:32.655,1.15726,1.15736,1.50,1.00
2017.09.19 14:17:33.181,1.15725,1.15736,1.50,1.00
2017.09.19 14:17:33.904,1.15726,1.15736,1.50,1.00
2017.09.19 14:17:34.210,1.15723,1.15731,1.50,1.00
2017.09.19 14:17:34.484,1.1572,1.15731,1.50,1.00
2017.09.19 14:17:34.638,1.1572,1.15729,1.50,1.00
2017.09.19 14:17:35.363,1.15717,1.15726,1.87,1.00
2017.09.19 14:17:35.912,1.15716,1.15726,2.25,1.00
2017.09.19 14:17:36.624,1.15717,1.15726,1.50,1.00
2017.09.19 14:17:36.882,1.1572,1.1573,1.50,1.12
2017.09.19 14:17:38.184,1.1572,1.15729,1.50,1.00
2017.09.19 14:17:38.792,1.1572,1.1573,1.50,1.12
2017.09.19 14:17:39.086,1.1572,1.15728,1.50,1.00
2017.09.19 14:17:39.240,1.15716,1.15729,3.56,1.00
2017.09.19 14:17:39.292,1.15716,1.15727,3.19,1.00
2017.09.19 14:17:39.345,1.15716,1.15727,2.44,1.00
2017.09.19 14:17:40.487,1.15718,1.15729,1.25,1.25
2017.09.19 14:17:40.795,1.15723,1.15736,1.87,2.00
2017.09.19 14:17:40.846,1.15723,1.15736,3.75,1.25
2017.09.19 14:17:40.955,1.15725,1.15738,1.69,1.00
2017.09.19 14:17:41.263,1.15722,1.15733,1.69,1.00
2017.09.19 14:17:41.450,1.15723,1.15735,1.56,1.00
2017.09.19 14:17:41.963,1.15723,1.15736,2.62,1.00
2017.09.19 14:17:42.014,1.15722,1.15733,2.44,1.00
2017.09.19 14:17:42.778,1.15723,1.15735,3.00,1.00
2017.09.19 14:17:42.982,1.15726,1.15736,1.50,1.50
2017.09.19 14:17:43.572,1.15725,1.15736,1.00,1.00
2017.09.19 14:17:44.056,1.15727,1.15739,1.00,1.31
2017.09.19 14:17:44.441,1.15728,1.15739,1.00,1.87
2017.09.19 14:17:44.903,1.15726,1.15737,1.50,1.00
2017.09.19 14:17:45.595,1.15724,1.15737,1.12,1.00
2017.09.19 14:17:45.851,1.15729,1.15736,1.00,1.00
2017.09.19 14:17:46.005,1.15728,1.15738,1.00,1.00
2017.09.19 14:17:46.057,1.1573,1.15739,1.00,1.37
2017.09.19 14:17:46.604,1.1573,1.15739,1.00,1.00
2017.09.19 14:17:47.437,1.1573,1.1574,1.00,1.25
2017.09.19 14:17:47.756,1.15728,1.15739,1.00,1.44
2017.09.19 14:17:48.304,1.15728,1.15739,1.00,1.25
2017.09.19 14:17:48.457,1.15726,1.15739,1.25,2.44
2017.09.19 14:17:49.036,1.15725,1.15739,3.94,1.25
2017.09.19 14:17:49.140,1.15729,1.1574,1.00,1.69
2017.09.19 14:17:49.448,1.15719,1.15729,1.87,1.69
2017.09.19 14:17:49.500,1.15715,1.15729,3.75,1.69
2017.09.19 14:17:49.839,1.15717,1.15729,1.19,1.31
2017.09.19 14:17:50.095,1.15718,1.15732,1.69,3.00
2017.09.19 14:17:51.566,1.15718,1.15732,1.44,2.06
2017.09.19 14:17:51.618,1.15723,1.15732,1.00,1.31
2017.09.19 14:17:52.352,1.15721,1.15733,1.00,2.44
2017.09.19 14:17:53.632,1.15722,1.15733,1.00,1.69
2017.09.19 14:17:54.170,1.15723,1.15733,1.00,1.69
2017.09.19 14:17:57.184,1.15725,1.15736,1.00,2.44
2017.09.19 14:17:57.236,1.15725,1.15736,1.00,2.44
2017.09.19 14:17:57.638,1.15726,1.15736,1.00,1.00
2017.09.19 14:18:00.018,1.15728,1.15739,1.00,1.69
2017.09.19 14:18:00.328,1.15725,1.15737,1.12,1.50
2017.09.19 14:18:00.380,1.15724,1.15738,1.37,4.31
2017.09.19 14:18:00.614,1.15722,1.15735,1.00,1.50
2017.09.19 14:18:00.666,1.15724,1.15738,1.00,4.50
2017.09.19 14:18:00.719,1.15723,1.15738,1.00,3.19
2017.09.19 14:18:01.428,1.15724,1.15736,1.00,1.50
2017.09.19 14:18:01.530,1.15726,1.15739,1.00,2.44
2017.09.19 14:18:01.634,1.15724,1.15739,4.31,1.31
2017.09.19 14:18:02.160,1.15727,1.15739,1.50,1.12
2017.09.19 14:18:03.078,1.15725,1.1574,1.00,3.56
2017.09.19 14:18:03.180,1.15725,1.1574,1.00,3.56
2017.09.19 14:18:03.484,1.15728,1.15739,1.00,1.31
2017.09.19 14:18:04.025,1.15727,1.15739,1.00,1.31
2017.09.19 14:18:04.538,1.15726,1.15739,1.00,1.50
2017.09.19 14:18:05.238,1.1573,1.15739,2.25,1.12
2017.09.19 14:18:05.443,1.1573,1.15743,1.00,2.06
2017.09.19 14:18:06.033,1.15728,1.15739,1.00,1.50
2017.09.19 14:18:06.453,1.15729,1.15742,1.00,3.56
2017.09.19 14:18:06.611,1.15729,1.15739,1.00,1.50
2017.09.19 14:18:07.150,1.1573,1.15742,1.00,2.62
2017.09.19 14:18:09.561,1.15732,1.15742,1.00,1.69
2017.09.19 14:18:09.869,1.15731,1.15742,1.00,1.19
2017.09.19 14:18:10.430,1.15728,1.15739,1.00,1.00
2017.09.19 14:18:10.534,1.15726,1.15734,1.12,1.50
2017.09.19 14:18:10.717,1.15724,1.15735,1.00,1.69
2017.09.19 14:18:11.252,1.15724,1.15735,1.00,1.69
2017.09.19 14:18:11.777,1.15724,1.15736,1.00,1.19
2017.09.19 14:18:11.829,1.15727,1.15736,1.00,1.19
2017.09.19 14:18:11.978,1.15725,1.15736,1.00,1.19
2017.09.19 14:18:12.603,1.15726,1.15736,1.00,1.00
2017.09.19 14:18:12.906,1.15729,1.15738,1.00,1.50
2017.09.19 14:18:13.136,1.15728,1.15739,1.00,1.00
2017.09.19 14:18:13.190,1.1573,1.15739,1.00,1.00
2017.09.19 14:18:13.242,1.1573,1.15743,1.00,2.44
2017.09.19 14:18:13.294,1.1573,1.15743,1.00,1.94
2017.09.19 14:18:13.396,1.1573,1.15742,1.00,1.25
2017.09.19 14:18:13.907,1.1573,1.15742,1.00,1.19
2017.09.19 14:18:14.275,1.15731,1.15743,1.00,2.06
2017.09.19 14:18:14.802,1.15732,1.15742,1.00,1.00
2017.09.19 14:18:14.970,1.15733,1.1574,1.00,1.00
2017.09.19 14:18:15.124,1.15731,1.15739,1.00,1.00
2017.09.19 14:18:15.628,1.15727,1.1574,3.19,1.12
2017.09.19 14:18:16.240,1.15726,1.1574,3.00,1.12
2017.09.19 14:18:16.791,1.15727,1.1574,1.00,1.31
2017.09.19 14:18:17.166,1.15729,1.15743,1.25,1.75
2017.09.19 14:18:17.268,1.1573,1.15743,1.50,1.12
2017.09.19 14:18:17.372,1.15732,1.15742,1.50,1.00
2017.09.19 14:18:17.475,1.15731,1.15746,3.19,2.62
2017.09.19 14:18:17.985,1.15732,1.15744,1.50,1.00
2017.09.19 14:18:18.631,1.15732,1.15743,1.50,1.00
2017.09.19 14:18:18.899,1.15729,1.15743,4.12,1.00
2017.09.19 14:18:19.103,1.15733,1.15743,1.50,1.69
2017.09.19 14:18:19.309,1.15729,1.15743,2.81,1.69
2017.09.19 14:18:19.857,1.15729,1.15744,3.41,2.06
2017.09.19 14:18:19.960,1.15732,1.15744,1.50,1.12
2017.09.19 14:18:20.270,1.15729,1.15741,1.50,2.06
2017.09.19 14:18:20.527,1.15726,1.1574,2.06,1.12
2017.09.19 14:18:20.579,1.15723,1.15734,1.75,1.25
2017.09.19 14:18:20.878,1.15721,1.15731,1.50,1.00
2017.09.19 14:18:21.658,1.15721,1.15732,3.19,1.69
2017.09.19 14:18:22.160,1.15722,1.15734,3.37,1.31
2017.09.19 14:18:22.672,1.15722,1.15734,1.12,1.31
2017.09.19 14:18:23.184,1.15722,1.15735,1.25,2.06
2017.09.19 14:18:23.237,1.1572,1.15734,1.25,1.50
2017.09.19 14:18:23.340,1.15718,1.15732,2.81,1.19
2017.09.19 14:18:23.546,1.15719,1.15731,1.50,1.12
2017.09.19 14:18:24.293,1.15715,1.15728,3.75,1.00
2017.09.19 14:18:24.447,1.15714,1.15727,2.25,1.00
2017.09.19 14:18:24.499,1.15715,1.15725,1.50,1.25
2017.09.19 14:18:24.806,1.15714,1.15728,2.25,2.44
2017.09.19 14:18:24.858,1.15714,1.15725,1.50,1.00
2017.09.19 14:18:25.421,1.15717,1.15727,1.00,1.37
2017.09.19 14:18:25.586,1.15713,1.15727,1.50,1.19
2017.09.19 14:18:26.130,1.15713,1.15725,1.00,1.10
2017.09.19 14:18:26.182,1.15711,1.15723,2.25,1.69
2017.09.19 14:18:26.491,1.15708,1.15721,1.50,1.25
2017.09.19 14:18:26.542,1.15708,1.15719,1.50,1.00
2017.09.19 14:18:26.850,1.1571,1.15721,1.12,1.12
2017.09.19 14:18:27.165,1.15707,1.15718,1.50,1.19
2017.09.19 14:18:27.320,1.15702,1.15717,1.94,1.25
2017.09.19 14:18:27.373,1.15703,1.15714,1.69,1.00
2017.09.19 14:18:28.822,1.15702,1.15718,3.19,1.29
2017.09.19 14:18:29.324,1.15703,1.15719,2.62,2.06
2017.09.19 14:18:30.854,1.15703,1.15719,1.69,2.81
2017.09.19 14:18:31.121,1.15703,1.15715,2.44,1.00
2017.09.19 14:18:31.172,1.15703,1.15717,2.44,1.25
2017.09.19 14:18:31.720,1.15708,1.15719,1.00,1.12
2017.09.19 14:18:32.223,1.15708,1.15719,1.00,1.19
2017.09.19 14:18:32.784,1.15709,1.15718,1.00,1.25
2017.09.19 14:18:33.377,1.15709,1.15719,1.00,1.25
2017.09.19 14:18:34.583,1.15709,1.1572,1.00,1.00
2017.09.19 14:18:35.103,1.15709,1.1572,1.00,1.19
2017.09.19 14:18:35.630,1.15709,1.15724,1.72,2.81
2017.09.19 14:18:35.683,1.15713,1.15724,1.00,1.31
2017.09.19 14:18:35.836,1.15709,1.15723,1.12,1.25
2017.09.19 14:18:35.949,1.15709,1.15723,1.00,1.31
2017.09.19 14:18:36.672,1.1571,1.15719,1.00,1.00
2017.09.19 14:18:36.877,1.15707,1.15719,1.69,1.00
2017.09.19 14:18:37.184,1.15706,1.15718,1.00,1.19
2017.09.19 14:18:39.937,1.15704,1.15715,1.00,1.25
2017.09.19 14:18:40.351,1.15703,1.15714,1.00,1.19
2017.09.19 14:18:40.668,1.157,1.15712,2.25,1.00
2017.09.19 14:18:40.719,1.157,1.15714,2.44,1.00
2017.09.19 14:18:41.230,1.15702,1.15715,1.25,1.25
2017.09.19 14:18:41.759,1.15703,1.15715,1.00,1.25
2017.09.19 14:18:41.811,1.15699,1.15713,2.44,1.00
2017.09.19 14:18:42.404,1.157,1.15712,1.50,1.69
2017.09.19 14:18:42.609,1.15688,1.15702,2.81,1.25
2017.09.19 14:18:42.661,1.15689,1.15702,1.69,1.69
2017.09.19 14:18:42.877,1.15687,1.15702,2.06,1.19
2017.09.19 14:18:42.929,1.1569,1.15704,1.19,2.06
2017.09.19 14:18:43.083,1.15692,1.15705,1.31,1.31
2017.09.19 14:18:43.390,1.1569,1.15704,1.69,1.19
2017.09.19 14:18:43.911,1.1569,1.15704,2.44,1.25
2017.09.19 14:18:44.701,1.1569,1.15704,1.69,1.50
2017.09.19 14:18:44.803,1.15687,1.15701,1.62,1.00
2017.09.19 14:18:45.298,1.15688,1.15701,1.69,1.00
2017.09.19 14:18:45.823,1.15687,1.15701,1.81,1.19
2017.09.19 14:18:46.183,1.15688,1.157,1.31,1.00
2017.09.19 14:18:47.124,1.15689,1.15702,1.19,1.00
2017.09.19 14:18:47.658,1.15689,1.157,1.00,1.00
2017.09.19 14:18:48.217,1.1569,1.157,1.00,1.00
2017.09.19 14:18:48.837,1.15689,1.157,1.00,1.00
2017.09.19 14:18:49.236,1.15685,1.15695,1.94,1.00
2017.09.19 14:18:49.287,1.1568,1.15694,3.56,1.00
2017.09.19 14:18:49.339,1.1568,1.15694,1.31,1.00
2017.09.19 14:18:49.871,1.15681,1.15694,1.00,1.25
2017.09.19 14:18:50.703,1.15681,1.15694,1.00,1.19
2017.09.19 14:18:51.422,1.15682,1.15695,1.00,1.19
2017.09.19 14:18:51.851,1.1568,1.15696,2.62,1.69
2017.09.19 14:18:52.005,1.15682,1.15696,1.00,1.19
2017.09.19 14:18:52.578,1.15682,1.15696,1.00,1.19
2017.09.19 14:18:52.923,1.1568,1.15692,1.00,1.19
2017.09.19 14:18:52.986,1.15678,1.1569,1.00,1.25
2017.09.19 14:18:53.140,1.15682,1.15693,1.00,1.94
2017.09.19 14:18:53.295,1.15682,1.15694,1.00,2.06
2017.09.19 14:18:53.450,1.15679,1.15691,1.12,1.00
2017.09.19 14:18:53.553,1.15681,1.15691,1.00,1.00
2017.09.19 14:18:53.769,1.1568,1.15693,1.00,1.00
2017.09.19 14:18:53.825,1.15683,1.15694,1.00,1.12
2017.09.19 14:18:54.358,1.15684,1.15695,1.00,1.25
2017.09.19 14:18:54.904,1.15683,1.15695,1.12,1.25
2017.09.19 14:18:55.379,1.1568,1.15688,2.25,1.00
2017.09.19 14:18:55.732,1.15673,1.15687,1.12,1.00
2017.09.19 14:18:56.246,1.15673,1.15688,1.69,1.50
2017.09.19 14:18:56.418,1.15675,1.1569,1.00,1.00
2017.09.19 14:18:56.471,1.1568,1.15693,1.00,2.44
2017.09.19 14:18:56.758,1.15682,1.15695,1.00,1.25
2017.09.19 14:18:56.862,1.1568,1.15693,1.75,1.19
2017.09.19 14:18:57.122,1.15676,1.15689,1.00,1.00
2017.09.19 14:18:57.732,1.15681,1.15693,1.00,2.44
2017.09.19 14:18:57.784,1.15678,1.15693,1.50,1.62
2017.09.19 14:18:57.835,1.15678,1.15692,1.37,1.00
2017.09.19 14:18:57.990,1.15681,1.15695,1.00,2.06
2017.09.19 14:18:58.298,1.15677,1.15691,3.00,1.12
2017.09.19 14:18:58.839,1.15679,1.15692,1.00,1.00
2017.09.19 14:18:59.268,1.15679,1.15694,1.69,1.50
2017.09.19 14:18:59.372,1.15682,1.15694,1.25,1.00
2017.09.19 14:18:59.529,1.15682,1.15696,1.25,1.12
2017.09.19 14:19:00.039,1.15685,1.15699,1.25,1.75
2017.09.19 14:19:00.345,1.15689,1.15698,1.00,1.00
2017.09.19 14:19:00.875,1.15689,1.15697,1.00,1.00
2017.09.19 14:19:01.101,1.15689,1.15702,1.00,3.56
2017.09.19 14:19:01.612,1.15686,1.157,3.19,1.00
2017.09.19 14:19:02.175,1.15687,1.15703,1.50,1.69
2017.09.19 14:19:02.227,1.15691,1.15704,1.00,3.19
2017.09.19 14:19:02.279,1.15688,1.15703,1.12,2.06
2017.09.19 14:19:02.432,1.15688,1.15702,1.12,2.06
2017.09.19 14:19:02.849,1.15686,1.157,1.50,1.25
2017.09.19 14:19:03.005,1.15686,1.15699,1.00,1.69
2017.09.19 14:19:03.414,1.15686,1.157,1.00,2.44
2017.09.19 14:19:03.773,1.1569,1.15704,1.50,3.00
2017.09.19 14:19:03.826,1.1569,1.15704,1.00,3.75
2017.09.19 14:19:03.877,1.15692,1.15707,1.00,2.25
2017.09.19 14:19:03.929,1.15694,1.15708,1.50,3.00
2017.09.19 14:19:05.110,1.15693,1.15707,1.00,2.06
2017.09.19 14:19:05.621,1.15694,1.15707,1.00,1.87
2017.09.19 14:19:06.172,1.15695,1.15708,1.00,2.25
2017.09.19 14:19:06.683,1.15694,1.15708,1.50,1.50
2017.09.19 14:19:07.607,1.15696,1.15709,1.00,2.44
2017.09.19 14:19:07.913,1.157,1.15708,1.00,1.50
2017.09.19 14:19:08.441,1.157,1.15708,1.00,1.00
2017.09.19 14:19:09.630,1.157,1.15709,1.00,1.00
2017.09.19 14:19:12.013,1.15701,1.15709,1.00,1.00
2017.09.19 14:19:12.685,1.15702,1.15712,1.00,1.69
2017.09.19 14:19:12.946,1.15703,1.15715,1.00,1.00
2017.09.19 14:19:13.215,1.1571,1.1572,1.00,2.25
2017.09.19 14:19:13.267,1.1571,1.15723,1.00,5.25
2017.09.19 14:19:13.371,1.1571,1.15723,1.00,2.62
2017.09.19 14:19:13.474,1.15708,1.1572,1.12,1.50
2017.09.19 14:19:14.018,1.15707,1.15719,1.00,1.50
2017.09.19 14:19:14.173,1.15708,1.15721,1.00,1.69
2017.09.19 14:19:14.863,1.15708,1.15721,1.00,1.19
2017.09.19 14:19:15.367,1.15708,1.1572,1.00,1.44
2017.09.19 14:19:16.151,1.15706,1.15717,1.00,1.00
2017.09.19 14:19:16.460,1.15709,1.1572,1.00,1.75
2017.09.19 14:19:16.665,1.15711,1.15722,1.00,1.00
2017.09.19 14:19:16.869,1.15713,1.15723,1.00,1.50
2017.09.19 14:19:16.920,1.15713,1.15725,1.00,3.75
2017.09.19 14:19:17.487,1.15713,1.15724,1.00,1.00
2017.09.19 14:19:18.470,1.15714,1.15724,1.00,1.25
2017.09.19 14:19:19.021,1.15714,1.15725,1.00,1.31
2017.09.19 14:19:19.352,1.15711,1.15725,1.50,1.31
2017.09.19 14:19:20.317,1.15711,1.15725,1.00,1.31
2017.09.19 14:19:20.830,1.15711,1.15724,1.39,1.00
2017.09.19 14:19:20.933,1.15714,1.15727,1.00,1.25
2017.09.19 14:19:21.501,1.15715,1.15728,1.25,2.44
2017.09.19 14:19:23.749,1.15714,1.15728,1.31,2.44
2017.09.19 14:19:23.908,1.15718,1.15728,1.69,1.50
2017.09.19 14:19:24.166,1.15723,1.15736,1.01,1.00
2017.09.19 14:19:24.525,1.15722,1.15734,1.75,1.19
2017.09.19 14:19:24.846,1.15704,1.15716,3.19,1.00
2017.09.19 14:19:24.899,1.15704,1.15716,1.56,1.00
2017.09.19 14:19:24.952,1.15702,1.15716,1.44,1.00
2017.09.19 14:19:25.004,1.15701,1.15712,1.44,1.00
2017.09.19 14:19:25.208,1.15699,1.15712,1.19,1.00
2017.09.19 14:19:26.502,1.15699,1.15713,1.25,1.12
2017.09.19 14:19:27.027,1.15699,1.15713,1.19,1.12
2017.09.19 14:19:28.696,1.15701,1.15713,1.00,1.12
2017.09.19 14:19:30.379,1.15707,1.15713,1.00,1.12
2017.09.19 14:19:30.923,1.15707,1.15712,1.00,1.00
2017.09.19 14:19:31.667,1.15707,1.15713,1.00,1.12
2017.09.19 14:19:32.288,1.15706,1.15716,1.00,2.44
2017.09.19 14:19:32.590,1.15708,1.15715,1.00,1.75
2017.09.19 14:19:32.642,1.15706,1.15715,1.00,1.75
2017.09.19 14:19:32.877,1.15705,1.15715,1.00,2.25
2017.09.19 14:19:32.928,1.15707,1.15715,1.00,2.25
2017.09.19 14:19:33.286,1.15709,1.15716,1.00,1.00
2017.09.19 14:19:33.889,1.15709,1.15715,1.00,1.00
2017.09.19 14:19:34.566,1.15708,1.15715,1.00,1.00
2017.09.19 14:19:34.618,1.15706,1.15716,1.00,1.00
2017.09.19 14:19:34.669,1.15706,1.15712,1.00,1.00
2017.09.19 14:19:35.225,1.15701,1.15713,1.00,1.81
2017.09.19 14:19:35.279,1.15708,1.15713,1.00,1.12
2017.09.19 14:19:35.486,1.15709,1.15715,1.00,1.00
2017.09.19 14:19:35.640,1.15707,1.15715,1.00,1.00
2017.09.19 14:19:35.772,1.15702,1.1571,1.00,1.00
2017.09.19 14:19:35.926,1.15698,1.15707,1.00,1.00
2017.09.19 14:19:36.029,1.15698,1.15707,1.00,1.75
2017.09.19 14:19:36.335,1.157,1.15708,1.00,1.75
2017.09.19 14:19:36.489,1.15701,1.15709,1.00,1.12
2017.09.19 14:19:37.193,1.15698,1.15707,1.00,1.00
2017.09.19 14:19:38.346,1.15699,1.15706,1.00,1.00
2017.09.19 14:19:38.857,1.15698,1.15706,1.00,1.00
2017.09.19 14:19:39.443,1.15697,1.15707,1.00,1.87
2017.09.19 14:19:39.495,1.15692,1.15704,1.50,1.19
2017.09.19 14:19:39.803,1.15692,1.15703,1.00,1.75
2017.09.19 14:19:40.220,1.15692,1.15703,1.00,1.25
2017.09.19 14:19:40.373,1.15692,1.15701,1.00,1.12
2017.09.19 14:19:40.679,1.15692,1.15699,1.00,1.00
2017.09.19 14:19:41.135,1.15695,1.15699,1.00,1.00
2017.09.19 14:19:41.351,1.15698,1.15704,1.00,1.50
2017.09.19 14:19:41.840,1.15696,1.15705,1.00,1.00
2017.09.19 14:19:42.096,1.15697,1.15707,1.00,1.87
2017.09.19 14:19:42.717,1.15699,1.15709,1.00,1.69
2017.09.19 14:19:43.357,1.15697,1.15705,1.00,1.00
2017.09.19 14:19:43.714,1.15699,1.15705,1.00,1.00
2017.09.19 14:19:44.021,1.15703,1.15707,1.00,1.00
2017.09.19 14:19:44.408,1.15701,1.15705,1.00,1.00
2017.09.19 14:19:44.731,1.157,1.15708,1.00,1.50
2017.09.19 14:19:44.834,1.15692,1.15702,2.25,1.00
2017.09.19 14:19:45.141,1.15699,1.15705,1.00,1.12
2017.09.19 14:19:45.666,1.15698,1.15708,1.00,1.75
2017.09.19 14:19:45.820,1.15698,1.15708,1.00,2.44
2017.09.19 14:19:46.322,1.15699,1.15708,1.00,1.00
2017.09.19 14:19:46.593,1.15702,1.15709,1.00,1.12
2017.09.19 14:19:46.747,1.15698,1.15708,1.50,1.56
2017.09.19 14:19:46.850,1.15701,1.15707,1.00,1.69
2017.09.19 14:19:46.902,1.15699,1.15707,1.00,1.69
2017.09.19 14:19:47.439,1.157,1.1571,1.00,1.87
2017.09.19 14:19:47.971,1.15701,1.15709,1.00,1.62
2017.09.19 14:19:49.184,1.15702,1.15708,1.00,1.12
2017.09.19 14:19:49.659,1.15699,1.15708,1.00,1.00
2017.09.19 14:19:50.196,1.157,1.15709,1.00,1.87
2017.09.19 14:19:50.611,1.15699,1.15704,1.00,1.50
2017.09.19 14:19:50.663,1.15694,1.157,1.00,1.50
2017.09.19 14:19:50.714,1.15694,1.15703,1.00,1.00
2017.09.19 14:19:50.817,1.15692,1.157,1.00,1.50
2017.09.19 14:19:50.868,1.1569,1.157,1.00,2.44
2017.09.19 14:19:50.920,1.15686,1.15697,1.50,1.87
2017.09.19 14:19:51.126,1.1568,1.1569,1.00,1.69
2017.09.19 14:19:51.229,1.15677,1.15691,1.00,1.94
2017.09.19 14:19:51.398,1.1568,1.1569,1.00,1.12
2017.09.19 14:19:51.449,1.15683,1.15695,1.00,2.06
2017.09.19 14:19:51.603,1.15686,1.15695,1.00,1.00
2017.09.19 14:19:51.910,1.1569,1.157,1.00,1.19
2017.09.19 14:19:52.390,1.15688,1.15701,1.00,1.19
2017.09.19 14:19:52.492,1.1569,1.15701,1.00,1.19
2017.09.19 14:19:52.802,1.15696,1.15701,1.00,1.00
2017.09.19 14:19:53.042,1.15693,1.15705,1.00,1.12
2017.09.19 14:19:53.195,1.15692,1.15701,1.00,1.25
2017.09.19 14:19:53.400,1.1569,1.157,1.00,1.00
2017.09.19 14:19:53.989,1.15687,1.15699,1.12,1.12
2017.09.19 14:19:54.041,1.15692,1.157,1.00,1.00
2017.09.19 14:19:54.197,1.15691,1.15704,1.00,3.94
2017.09.19 14:19:54.248,1.15691,1.15704,1.00,3.94
2017.09.19 14:19:54.300,1.15687,1.15699,1.37,1.00
2017.09.19 14:19:54.608,1.15692,1.157,1.00,1.87
2017.09.19 14:19:54.660,1.15692,1.15702,1.00,1.00
2017.09.19 14:19:55.505,1.15692,1.15701,1.00,1.00
2017.09.19 14:19:56.014,1.15688,1.15701,1.50,1.00
2017.09.19 14:19:56.833,1.15692,1.15701,1.00,1.00
2017.09.19 14:19:57.838,1.15691,1.15698,1.00,1.00
2017.09.19 14:19:58.360,1.15691,1.15701,1.00,2.44
2017.09.19 14:19:58.757,1.15689,1.15699,1.00,1.12
2017.09.19 14:19:58.859,1.15686,1.15694,1.00,1.00
2017.09.19 14:19:59.218,1.15682,1.15689,1.00,1.00
2017.09.19 14:19:59.271,1.1568,1.15691,1.00,1.00
2017.09.19 14:19:59.578,1.15683,1.15691,1.00,1.50
2017.09.19 14:19:59.629,1.15681,1.15692,1.00,3.00
2017.09.19 14:19:59.682,1.15678,1.15686,1.00,1.00
2017.09.19 14:19:59.733,1.15674,1.15683,1.00,1.10
2017.09.19 14:19:59.787,1.15672,1.15678,1.50,1.00
2017.09.19 14:19:59.956,1.15668,1.15678,1.50,1.00
2017.09.19 14:20:00.008,1.15664,1.15676,3.37,1.00
2017.09.19 14:20:00.163,1.15664,1.15673,1.00,1.00
2017.09.19 14:20:00.266,1.15659,1.15669,1.75,1.50
2017.09.19 14:20:00.558,1.15656,1.15664,1.00,1.12
2017.09.19 14:20:00.769,1.15646,1.1565,1.00,1.00
2017.09.19 14:20:00.872,1.15642,1.1565,1.00,1.50
2017.09.19 14:20:01.077,1.15636,1.15649,1.00,1.00
2017.09.19 14:20:01.129,1.15638,1.15653,1.50,2.44
2017.09.19 14:20:01.180,1.1564,1.15653,1.25,1.00
2017.09.19 14:20:01.389,1.15639,1.15651,1.00,1.56
2017.09.19 14:20:01.726,1.15639,1.1565,1.00,1.87
2017.09.19 14:20:01.778,1.1564,1.15651,1.00,1.50
2017.09.19 14:20:01.831,1.1564,1.15648,1.00,1.50
2017.09.19 14:20:01.934,1.15634,1.15643,1.00,1.87
2017.09.19 14:20:01.986,1.1563,1.15643,1.12,1.50
2017.09.19 14:20:02.038,1.1563,1.15646,1.25,3.00
2017.09.19 14:20:02.423,1.15628,1.15643,1.50,1.00
2017.09.19 14:20:02.629,1.15623,1.1564,1.87,1.00
2017.09.19 14:20:02.732,1.15623,1.1563,1.00,1.50
2017.09.19 14:20:02.930,1.15625,1.15636,1.00,3.19
2017.09.19 14:20:02.982,1.15631,1.15636,1.00,1.50
2017.09.19 14:20:03.087,1.15633,1.15643,1.00,2.25
2017.09.19 14:20:03.138,1.15628,1.15642,2.25,1.12
2017.09.19 14:20:03.243,1.15631,1.15643,1.00,2.62
2017.09.19 14:20:03.294,1.15631,1.15644,1.50,1.12
2017.09.19 14:20:03.432,1.15635,1.15644,1.19,1.12
2017.09.19 14:20:03.484,1.15635,1.1565,1.00,1.12
2017.09.19 14:20:03.540,1.15636,1.15647,1.00,1.50
2017.09.19 14:20:03.694,1.15633,1.15645,1.00,2.44
2017.09.19 14:20:03.746,1.15634,1.15642,1.50,1.50
2017.09.19 14:20:03.798,1.15634,1.15645,1.00,1.50
2017.09.19 14:20:03.852,1.15638,1.15647,1.00,1.50
2017.09.19 14:20:03.904,1.15639,1.1565,1.00,1.87
2017.09.19 14:20:03.956,1.15641,1.15651,1.00,1.87
2017.09.19 14:20:04.142,1.15643,1.15653,1.00,1.50
2017.09.19 14:20:04.303,1.15644,1.15655,1.00,1.50
2017.09.19 14:20:04.355,1.15642,1.15656,1.00,1.87
2017.09.19 14:20:04.408,1.15643,1.15651,1.00,1.50
2017.09.19 14:20:04.717,1.15642,1.15648,1.00,1.50
2017.09.19 14:20:04.821,1.1564,1.15647,1.50,1.50
2017.09.19 14:20:04.924,1.15635,1.1564,1.37,1.50
2017.09.19 14:20:04.975,1.1563,1.15642,4.12,2.25
2017.09.19 14:20:05.027,1.15633,1.15642,1.37,1.50
2017.09.19 14:20:05.078,1.15636,1.15642,1.00,1.12
2017.09.19 14:20:05.430,1.1563,1.15639,1.00,1.50
2017.09.19 14:20:05.688,1.1563,1.15636,1.00,1.50
2017.09.19 14:20:05.741,1.15628,1.15636,1.00,1.50
2017.09.19 14:20:05.792,1.15631,1.15639,1.00,1.00
2017.09.19 14:20:06.157,1.15636,1.15641,1.00,1.50
2017.09.19 14:20:06.420,1.15635,1.15643,1.00,1.50
2017.09.19 14:20:06.522,1.15632,1.15639,1.00,1.20
2017.09.19 14:20:06.678,1.15615,1.15627,1.00,1.95
2017.09.19 14:20:06.821,1.15611,1.1562,2.17,1.00
2017.09.19 14:20:07.140,1.15609,1.15616,1.12,1.50
2017.09.19 14:20:07.191,1.15605,1.15616,1.00,1.50
2017.09.19 14:20:07.333,1.156,1.15614,1.50,1.00
2017.09.19 14:20:07.385,1.15598,1.15602,1.00,1.50
2017.09.19 14:20:07.837,1.15594,1.15599,1.00,1.50
2017.09.19 14:20:07.896,1.15583,1.15589,4.50,1.50
2017.09.19 14:20:08.050,1.15578,1.15585,6.00,1.50
2017.09.19 14:20:08.231,1.15585,1.1559,7.50,3.19
2017.09.19 14:20:08.284,1.15582,1.15587,8.25,1.50
2017.09.19 14:20:08.336,1.15584,1.15589,9.00,1.50
2017.09.19 14:20:08.442,1.15583,1.1559,1.00,2.62
2017.09.19 14:20:08.493,1.15578,1.15587,11.25,1.50
2017.09.19 14:20:08.703,1.15575,1.15581,12.75,1.50
2017.09.19 14:20:08.857,1.15572,1.1558,15.00,1.50
2017.09.19 14:20:08.909,1.15576,1.15581,15.75,1.00
2017.09.19 14:20:08.962,1.15574,1.15581,1.00,2.25
2017.09.19 14:20:09.144,1.1557,1.15581,18.00,1.00
2017.09.19 14:20:09.196,1.15581,1.15586,18.75,1.00
2017.09.19 14:20:09.248,1.15579,1.15586,19.50,1.00
2017.09.19 14:20:09.301,1.15582,1.15586,1.00,1.00
2017.09.19 14:20:09.357,1.15576,1.15583,1.00,1.50
2017.09.19 14:20:09.420,1.15575,1.15585,1.00,1.50
2017.09.19 14:20:09.472,1.15577,1.15581,1.00,1.50
2017.09.19 14:20:09.524,1.1558,1.15586,1.00,1.00
2017.09.19 14:20:09.669,1.15582,1.15586,1.00,1.00
2017.09.19 14:20:10.029,1.15589,1.15593,1.00,1.50
2017.09.19 14:20:10.192,1.15589,1.15596,1.00,1.50
2017.09.19 14:20:10.325,1.15585,1.15596,1.00,1.50
2017.09.19 14:20:10.385,1.15589,1.15604,1.00,2.44
2017.09.19 14:20:10.539,1.15587,1.156,1.00,1.00
2017.09.19 14:20:10.591,1.15587,1.15594,1.00,1.50
2017.09.19 14:20:10.902,1.15579,1.15586,1.00,1.50
2017.09.19 14:20:11.005,1.15577,1.15587,1.00,1.37
2017.09.19 14:20:11.058,1.1558,1.15586,1.00,1.50
2017.09.19 14:20:11.367,1.15593,1.15602,1.00,1.75
2017.09.19 14:20:11.506,1.15589,1.15601,1.00,2.25
2017.09.19 14:20:11.560,1.15589,1.156,1.00,1.50
2017.09.19 14:20:11.625,1.15595,1.156,1.00,2.25
2017.09.19 14:20:11.678,1.15593,1.156,1.00,1.50
2017.09.19 14:20:11.782,1.15595,1.15606,1.00,1.12
2017.09.19 14:20:11.833,1.15598,1.15606,1.00,1.12
2017.09.19 14:20:11.937,1.15595,1.15604,1.12,1.50
2017.09.19 14:20:12.194,1.15597,1.15604,1.00,1.50
2017.09.19 14:20:12.298,1.156,1.15608,1.00,1.25
2017.09.19 14:20:12.555,1.15596,1.15608,1.50,1.31
2017.09.19 14:20:12.759,1.15583,1.15598,5.96,2.62
2017.09.19 14:20:12.812,1.1559,1.15597,1.00,1.87
2017.09.19 14:20:12.868,1.1559,1.15601,1.00,1.56
2017.09.19 14:20:12.971,1.15589,1.15603,1.50,2.25
2017.09.19 14:20:13.074,1.15593,1.15606,1.00,2.04
2017.09.19 14:20:13.443,1.15595,1.15604,1.00,2.06
2017.09.19 14:20:13.698,1.15597,1.15608,1.00,1.87
2017.09.19 14:20:13.846,1.15602,1.15607,1.00,1.50
2017.09.19 14:20:13.898,1.15602,1.1561,1.00,2.06
2017.09.19 14:20:14.176,1.15603,1.15612,1.50,1.50
2017.09.19 14:20:14.284,1.15603,1.15609,1.50,1.50
2017.09.19 14:20:14.336,1.15603,1.15612,1.12,1.87
2017.09.19 14:20:14.388,1.15607,1.15612,1.00,1.50
2017.09.19 14:20:14.492,1.15593,1.1561,1.87,1.69
2017.09.19 14:20:14.545,1.15598,1.15603,1.12,1.50
2017.09.19 14:20:14.597,1.15594,1.15605,1.12,1.50
2017.09.19 14:20:14.730,1.15596,1.15606,1.00,1.50
2017.09.19 14:20:14.798,1.15592,1.15606,1.69,1.00
2017.09.19 14:20:14.851,1.15599,1.15608,1.00,1.25
2017.09.19 14:20:15.160,1.15597,1.15607,1.00,1.31
2017.09.19 14:20:15.470,1.15586,1.15596,1.12,1.50
2017.09.19 14:20:15.522,1.15591,1.15598,1.00,2.06
2017.09.19 14:20:15.625,1.1559,1.15603,1.00,1.31
2017.09.19 14:20:15.678,1.15589,1.15596,1.00,1.50
2017.09.19 14:20:15.731,1.15586,1.15596,1.12,2.43
2017.09.19 14:20:15.783,1.1559,1.15601,1.00,3.00
2017.09.19 14:20:15.835,1.15589,1.15601,1.00,2.62
2017.09.19 14:20:16.037,1.15591,1.15601,1.00,1.87
2017.09.19 14:20:16.140,1.15587,1.156,1.00,1.87
2017.09.19 14:20:16.345,1.15595,1.15602,1.00,1.75
2017.09.19 14:20:16.397,1.15593,1.15603,1.00,1.50
2017.09.19 14:20:16.500,1.15593,1.15602,1.00,1.87
2017.09.19 14:20:16.624,1.15593,1.15602,1.00,2.44
2017.09.19 14:20:16.676,1.15593,1.15606,1.00,2.43
2017.09.19 14:20:16.728,1.15594,1.15606,1.00,1.19
2017.09.19 14:20:16.781,1.15597,1.15606,1.00,1.87
2017.09.19 14:20:16.886,1.15601,1.15611,1.00,1.00
2017.09.19 14:20:16.940,1.15605,1.15612,1.00,1.00
2017.09.19 14:20:17.095,1.15608,1.15619,1.00,3.18
2017.09.19 14:20:17.147,1.15602,1.15619,1.37,2.43
2017.09.19 14:20:17.198,1.15612,1.15619,1.00,1.12
2017.09.19 14:20:17.402,1.15614,1.15622,1.00,1.49
2017.09.19 14:20:17.457,1.15611,1.15622,1.37,1.68
2017.09.19 14:20:17.512,1.15612,1.1562,1.00,1.49
2017.09.19 14:20:17.616,1.15614,1.15624,1.00,3.85
2017.09.19 14:20:17.667,1.15615,1.15624,1.00,4.60
2017.09.19 14:20:17.719,1.15611,1.15623,1.50,2.00
2017.09.19 14:20:17.771,1.15609,1.15623,1.50,1.87
2017.09.19 14:20:17.979,1.15612,1.15625,1.00,1.31
2017.09.19 14:20:18.287,1.15615,1.15625,1.00,1.31
2017.09.19 14:20:18.555,1.15614,1.15628,1.00,2.44
2017.09.19 14:20:18.659,1.15623,1.15629,1.00,1.75
2017.09.19 14:20:18.713,1.15619,1.1563,1.00,2.00
2017.09.19 14:20:18.817,1.15619,1.1563,1.00,1.25
2017.09.19 14:20:18.868,1.15617,1.15628,1.00,1.00
2017.09.19 14:20:19.196,1.15622,1.15631,1.00,1.00
2017.09.19 14:20:19.404,1.15625,1.15636,1.00,1.25
2017.09.19 14:20:19.455,1.15621,1.15633,2.32,1.00
2017.09.19 14:20:20.184,1.15625,1.15637,1.00,2.44
2017.09.19 14:20:20.290,1.15625,1.15637,1.00,1.25
2017.09.19 14:20:20.911,1.15628,1.15641,1.00,2.17
2017.09.19 14:20:21.221,1.1563,1.15644,1.00,1.31
2017.09.19 14:20:21.686,1.15629,1.15643,1.00,1.19
2017.09.19 14:20:21.994,1.15632,1.15643,1.00,1.19
2017.09.19 14:20:22.303,1.15638,1.15648,1.00,1.69
2017.09.19 14:20:22.407,1.1564,1.15652,1.00,1.99
2017.09.19 14:20:22.510,1.15638,1.1565,1.00,1.56
2017.09.19 14:20:22.563,1.15636,1.15646,1.37,1.37
2017.09.19 14:20:22.717,1.15634,1.15644,1.00,1.00
2017.09.19 14:20:22.923,1.15636,1.15647,1.00,1.75
2017.09.19 14:20:23.182,1.1564,1.15652,1.00,1.12
2017.09.19 14:20:23.234,1.15641,1.15652,1.00,1.00
2017.09.19 14:20:23.287,1.15641,1.15655,1.00,1.56
2017.09.19 14:20:23.441,1.15641,1.15656,1.50,1.69
2017.09.19 14:20:23.493,1.15644,1.15658,1.50,1.69
2017.09.19 14:20:23.805,1.15651,1.15663,1.00,1.12
2017.09.19 14:20:24.186,1.15647,1.15661,1.50,2.06
2017.09.19 14:20:24.500,1.15645,1.15657,1.50,1.69
2017.09.19 14:20:24.962,1.15643,1.15658,1.12,1.87
2017.09.19 14:20:25.014,1.15642,1.15657,1.87,1.31
2017.09.19 14:20:25.324,1.15657,1.15665,1.00,1.87
2017.09.19 14:20:25.376,1.15654,1.15666,1.00,1.37
2017.09.19 14:20:25.539,1.15654,1.1566,1.87,1.00
2017.09.19 14:20:25.701,1.15651,1.15662,2.25,1.50
2017.09.19 14:20:25.755,1.15658,1.15666,1.00,1.37
2017.09.19 14:20:25.910,1.15655,1.15665,1.00,1.00
2017.09.19 14:20:26.104,1.15657,1.15667,1.00,1.00
2017.09.19 14:20:26.416,1.15664,1.15669,1.00,1.00
2017.09.19 14:20:26.519,1.15659,1.15669,1.50,1.00
2017.09.19 14:20:26.572,1.15664,1.15669,1.00,1.00
2017.09.19 14:20:26.732,1.15663,1.15674,1.00,1.00
2017.09.19 14:20:26.835,1.15665,1.15672,1.00,2.25
2017.09.19 14:20:26.886,1.15664,1.15674,1.00,1.00
2017.09.19 14:20:26.939,1.15665,1.15672,1.00,1.00
2017.09.19 14:20:27.044,1.15663,1.15671,1.00,1.00
2017.09.19 14:20:27.096,1.15663,1.15673,1.00,1.00
2017.09.19 14:20:27.149,1.15659,1.15668,1.50,1.00
2017.09.19 14:20:27.201,1.1566,1.15671,1.00,2.25
2017.09.19 14:20:27.306,1.15658,1.15669,1.50,1.00
2017.09.19 14:20:27.621,1.15652,1.15659,1.12,1.00
2017.09.19 14:20:27.725,1.15647,1.15656,1.50,1.00
2017.09.19 14:20:27.937,1.15647,1.15653,1.00,1.00
2017.09.19 14:20:27.998,1.15649,1.15656,1.12,1.00
2017.09.19 14:20:28.049,1.15653,1.15658,1.00,1.00
2017.09.19 14:20:28.101,1.15654,1.1566,1.00,1.00
2017.09.19 14:20:28.254,1.15649,1.15658,1.56,1.00
2017.09.19 14:20:28.562,1.15641,1.15656,1.87,1.00
2017.09.19 14:20:28.734,1.15645,1.15654,1.00,1.00
2017.09.19 14:20:28.837,1.15645,1.15657,1.00,1.00
2017.09.19 14:20:28.939,1.15646,1.15655,1.00,1.00
2017.09.19 14:20:29.093,1.15643,1.15653,1.50,1.00
2017.09.19 14:20:29.613,1.15643,1.15651,1.12,1.00
2017.09.19 14:20:29.717,1.15643,1.15653,1.12,1.00
2017.09.19 14:20:29.872,1.15642,1.15649,1.37,1.00
2017.09.19 14:20:29.925,1.15642,1.15653,1.37,1.50
2017.09.19 14:20:29.979,1.15644,1.15655,1.25,1.00
2017.09.19 14:20:30.495,1.15643,1.15656,1.31,1.00
2017.09.19 14:20:30.885,1.15645,1.1566,1.25,1.12
2017.09.19 14:20:30.937,1.15649,1.15662,1.00,1.50
2017.09.19 14:20:31.279,1.15651,1.15661,1.00,1.00
2017.09.19 14:20:31.331,1.1565,1.15663,1.00,1.00
2017.09.19 14:20:31.592,1.1565,1.15662,1.00,1.29
2017.09.19 14:20:31.901,1.15647,1.1566,1.50,1.07
2017.09.19 14:20:31.953,1.15647,1.1566,1.12,1.00
2017.09.19 14:20:32.211,1.15648,1.15662,1.00,1.10
2017.09.19 14:20:32.313,1.15645,1.15659,2.00,1.00
2017.09.19 14:20:32.544,1.15644,1.15659,1.12,1.00
2017.09.19 14:20:32.597,1.15649,1.15663,1.00,3.07
2017.09.19 14:20:32.810,1.15649,1.15663,1.00,1.37
2017.09.19 14:20:32.863,1.15653,1.15666,1.00,2.32
2017.09.19 14:20:33.024,1.15653,1.15667,1.00,1.00
2017.09.19 14:20:33.225,1.15655,1.15668,1.00,1.95
2017.09.19 14:20:33.716,1.15651,1.15664,1.00,1.47
2017.09.19 14:20:34.054,1.15642,1.15653,1.00,1.19
2017.09.19 14:20:34.371,1.15641,1.15646,1.00,1.00
2017.09.19 14:20:34.424,1.15638,1.15647,1.00,1.00
2017.09.19 14:20:34.580,1.15638,1.1565,1.00,1.87
2017.09.19 14:20:34.736,1.15636,1.1565,1.00,1.00
2017.09.19 14:20:34.950,1.15635,1.15646,1.50,1.00
2017.09.19 14:20:35.258,1.15635,1.15644,1.00,1.00
2017.09.19 14:20:35.310,1.15635,1.15646,1.00,1.00
2017.09.19 14:20:35.547,1.15634,1.15649,1.69,1.37
2017.09.19 14:20:35.599,1.15638,1.15645,1.00,1.00
2017.09.19 14:20:35.651,1.15638,1.15647,1.00,1.00
2017.09.19 14:20:35.754,1.15642,1.15651,1.00,1.75
2017.09.19 14:20:35.806,1.15642,1.15654,1.00,1.57
2017.09.19 14:20:35.858,1.15642,1.15654,1.00,1.12
2017.09.19 14:20:36.118,1.15645,1.15652,1.00,1.00
2017.09.19 14:20:36.170,1.15642,1.15652,1.00,1.00
2017.09.19 14:20:36.221,1.15642,1.15652,1.37,1.00
2017.09.19 14:20:36.382,1.15639,1.15648,1.50,1.00
2017.09.19 14:20:36.798,1.15639,1.15645,1.00,1.00
2017.09.19 14:20:36.850,1.15639,1.15647,1.00,1.00
2017.09.19 14:20:36.953,1.15638,1.15649,1.00,1.00
2017.09.19 14:20:37.251,1.15638,1.15647,1.00,1.00
2017.09.19 14:20:37.355,1.15634,1.15649,1.62,1.10
2017.09.19 14:20:37.407,1.15639,1.15651,1.00,1.01
2017.09.19 14:20:37.510,1.15638,1.15653,1.12,1.64
2017.09.19 14:20:37.829,1.1564,1.15653,1.00,1.32
2017.09.19 14:20:38.247,1.15643,1.15655,1.50,1.32
2017.09.19 14:20:38.350,1.15643,1.15658,1.87,3.26
2017.09.19 14:20:38.872,1.15645,1.15658,1.00,1.95
2017.09.19 14:20:39.267,1.15643,1.15659,1.12,4.20
2017.09.19 14:20:39.953,1.15646,1.15658,1.00,1.57
2017.09.19 14:20:40.444,1.15646,1.15661,1.00,1.26
2017.09.19 14:20:40.753,1.15651,1.15662,1.00,1.45
2017.09.19 14:20:40.804,1.15652,1.15662,1.00,1.00
2017.09.19 14:20:41.037,1.15652,1.15666,1.00,2.14
2017.09.19 14:20:41.146,1.15652,1.15664,1.00,2.89
2017.09.19 14:20:41.299,1.15648,1.15664,1.37,3.07
2017.09.19 14:20:41.352,1.15652,1.15664,1.00,1.57
2017.09.19 14:20:41.458,1.15652,1.15666,1.50,1.45
2017.09.19 14:20:41.510,1.15655,1.15666,1.00,1.07
2017.09.19 14:20:41.867,1.15656,1.15669,1.00,2.14
2017.09.19 14:20:42.444,1.15655,1.15668,1.87,1.26
2017.09.19 14:20:43.067,1.15655,1.15668,1.12,1.00
2017.09.19 14:20:43.426,1.15657,1.15668,1.00,1.00
2017.09.19 14:20:43.717,1.15658,1.1567,1.00,1.10
2017.09.19 14:20:43.947,1.15655,1.15669,1.87,1.62
2017.09.19 14:20:44.564,1.15655,1.15667,1.00,1.01
2017.09.19 14:20:44.889,1.15651,1.15665,1.50,1.07
2017.09.19 14:20:45.198,1.15653,1.15666,1.00,1.76
2017.09.19 14:20:45.720,1.15651,1.15665,1.50,1.10
2017.09.19 14:20:45.816,1.15659,1.15665,1.37,1.10
2017.09.19 14:20:45.870,1.15668,1.15681,1.00,1.12
2017.09.19 14:20:45.922,1.1567,1.15682,1.00,2.06
2017.09.19 14:20:45.975,1.15668,1.15681,1.00,1.87
2017.09.19 14:20:46.080,1.1567,1.1568,1.50,1.00
2017.09.19 14:20:46.337,1.15666,1.15678,1.00,1.00
2017.09.19 14:20:46.389,1.15671,1.15681,1.00,1.00
2017.09.19 14:20:46.644,1.15672,1.15686,1.87,1.50
2017.09.19 14:20:46.696,1.1567,1.15683,1.75,1.00
2017.09.19 14:20:46.799,1.15668,1.15683,2.25,1.87
2017.09.19 14:20:46.905,1.15668,1.1568,1.75,1.00
2017.09.19 14:20:46.957,1.15664,1.15678,2.25,1.69
2017.09.19 14:20:47.010,1.15664,1.15675,1.87,1.00
2017.09.19 14:20:47.062,1.15662,1.15675,1.12,1.25
2017.09.19 14:20:47.114,1.15663,1.15677,1.00,2.06
2017.09.19 14:20:47.166,1.15662,1.15675,1.12,1.25
2017.09.19 14:20:47.486,1.1566,1.15676,1.87,2.25
2017.09.19 14:20:47.537,1.15662,1.15676,1.00,2.25
2017.09.19 14:20:47.939,1.1566,1.15672,1.12,1.12
2017.09.19 14:20:47.992,1.15659,1.15674,1.87,1.31
2017.09.19 14:20:48.044,1.15663,1.15675,1.00,2.06
2017.09.19 14:20:48.353,1.15666,1.15675,1.00,1.12
2017.09.19 14:20:48.405,1.15666,1.1568,1.00,1.12
2017.09.19 14:20:48.507,1.15668,1.15679,1.00,1.12
2017.09.19 14:20:48.765,1.15668,1.15682,1.00,1.44
2017.09.19 14:20:48.919,1.15668,1.15681,1.00,1.44
2017.09.19 14:20:49.248,1.15672,1.15682,1.00,1.50
2017.09.19 14:20:49.300,1.1567,1.15683,1.00,1.44
2017.09.19 14:20:49.454,1.1567,1.15682,1.00,1.31
2017.09.19 14:20:49.608,1.15668,1.1568,1.00,1.44
2017.09.19 14:20:49.962,1.15669,1.15682,1.00,1.31
2017.09.19 14:20:50.497,1.15668,1.15682,1.50,2.25
2017.09.19 14:20:50.937,1.1567,1.15684,1.00,3.37
2017.09.19 14:20:51.245,1.15675,1.15689,1.00,2.44
2017.09.19 14:20:51.606,1.15672,1.15685,2.25,1.50
2017.09.19 14:20:51.709,1.1567,1.15683,1.00,1.44
2017.09.19 14:20:51.814,1.15672,1.15684,1.00,1.19
2017.09.19 14:20:52.226,1.1567,1.15684,1.12,2.25
2017.09.19 14:20:52.738,1.1567,1.15684,1.00,2.25
2017.09.19 14:20:52.840,1.1567,1.15684,1.00,2.25
2017.09.19 14:20:53.044,1.15672,1.15687,1.00,2.62
2017.09.19 14:20:53.636,1.15673,1.15686,1.00,1.87
2017.09.19 14:20:54.147,1.15672,1.15687,2.25,1.00
2017.09.19 14:20:54.784,1.15668,1.15682,1.75,1.00
2017.09.19 14:20:54.836,1.15671,1.15686,1.37,1.25
2017.09.19 14:20:54.990,1.15671,1.15684,2.44,1.00
2017.09.19 14:20:55.297,1.15674,1.1569,1.00,1.50
2017.09.19 14:20:55.348,1.15677,1.1569,1.12,1.12
2017.09.19 14:20:55.757,1.15675,1.15687,1.50,1.00
2017.09.19 14:20:56.013,1.15679,1.15694,3.00,1.00
2017.09.19 14:20:56.543,1.15683,1.15693,1.00,1.00
2017.09.19 14:20:56.596,1.15685,1.15696,1.00,1.00
2017.09.19 14:20:56.699,1.15683,1.15693,1.75,1.00
2017.09.19 14:20:56.904,1.15681,1.15695,1.37,1.19
2017.09.19 14:20:58.248,1.15682,1.15696,2.06,1.00
2017.09.19 14:20:58.965,1.15684,1.15696,1.00,1.00
2017.09.19 14:20:59.267,1.15687,1.15701,2.44,1.31
2017.09.19 14:20:59.751,1.15686,1.15699,1.12,1.19
2017.09.19 14:20:59.803,1.15686,1.157,1.12,1.12
2017.09.19 14:20:59.906,1.15686,1.15696,1.12,1.00
2017.09.19 14:21:00.441,1.15687,1.15696,1.00,1.00
2017.09.19 14:21:01.229,1.15687,1.15698,1.00,1.69
2017.09.19 14:21:01.655,1.15686,1.157,1.12,1.00
2017.09.19 14:21:01.809,1.15687,1.15698,1.00,1.00
2017.09.19 14:21:02.315,1.15685,1.15699,1.50,1.50
2017.09.19 14:21:02.827,1.15687,1.15699,1.00,1.00
2017.09.19 14:21:03.072,1.15687,1.15701,1.50,1.69
2017.09.19 14:21:03.226,1.1569,1.15703,1.00,2.19
2017.09.19 14:21:03.431,1.15691,1.15704,1.00,1.37
2017.09.19 14:21:03.533,1.15692,1.15705,1.00,1.50
2017.09.19 14:21:03.738,1.15693,1.15707,1.12,1.00
2017.09.19 14:21:03.791,1.15695,1.15707,1.00,1.62
2017.09.19 14:21:04.315,1.15695,1.15707,1.00,1.25
2017.09.19 14:21:04.827,1.15695,1.15709,1.50,1.69
2017.09.19 14:21:05.140,1.15696,1.15706,1.00,1.00
2017.09.19 14:21:05.192,1.15693,1.15704,1.80,1.00
2017.09.19 14:21:05.448,1.15691,1.15706,1.87,1.50
2017.09.19 14:21:06.030,1.15693,1.15706,1.00,1.20
2017.09.19 14:21:06.379,1.15694,1.15704,1.00,1.00
2017.09.19 14:21:06.483,1.15691,1.15704,1.37,1.00
2017.09.19 14:21:06.534,1.15691,1.157,1.37,1.00
2017.09.19 14:21:06.587,1.1569,1.15702,1.42,1.00
2017.09.19 14:21:06.794,1.15689,1.15702,1.25,1.50
2017.09.19 14:21:07.160,1.15693,1.15705,1.00,1.87
2017.09.19 14:21:07.658,1.15691,1.15704,1.31,1.00
2017.09.19 14:21:08.031,1.15691,1.15702,1.12,1.00
2017.09.19 14:21:08.339,1.15691,1.157,1.00,1.00
2017.09.19 14:21:08.544,1.15687,1.15699,1.00,1.00
2017.09.19 14:21:08.595,1.15689,1.15699,1.00,1.00
2017.09.19 14:21:09.108,1.15688,1.157,2.17,1.00
2017.09.19 14:21:09.624,1.15688,1.15701,1.50,1.00
2017.09.19 14:21:10.147,1.15688,1.15702,1.50,1.00
2017.09.19 14:21:10.456,1.15692,1.15704,1.00,1.00
2017.09.19 14:21:10.731,1.15692,1.15706,1.50,1.00
2017.09.19 14:21:10.783,1.15696,1.15708,1.00,1.00
2017.09.19 14:21:11.143,1.15694,1.15706,2.17,1.00
2017.09.19 14:21:11.683,1.15694,1.15706,2.17,1.00
2017.09.19 14:21:11.990,1.15694,1.15708,1.12,1.50
2017.09.19 14:21:12.143,1.15699,1.15711,1.00,2.40
2017.09.19 14:21:12.281,1.15699,1.15713,1.00,1.52
2017.09.19 14:21:12.806,1.15699,1.15711,1.00,1.50
2017.09.19 14:21:13.083,1.15698,1.15713,2.74,1.50
2017.09.19 14:21:13.288,1.15703,1.15714,1.00,1.50
2017.09.19 14:21:13.755,1.15704,1.15711,1.00,1.50
2017.09.19 14:21:13.806,1.15705,1.15716,1.00,1.00
2017.09.19 14:21:14.217,1.15708,1.15719,1.00,1.12
2017.09.19 14:21:14.570,1.15711,1.15721,1.00,1.37
2017.09.19 14:21:14.622,1.1571,1.15722,1.00,1.00
2017.09.19 14:21:14.673,1.15713,1.15724,1.00,1.00
2017.09.19 14:21:14.930,1.1571,1.15724,1.12,2.40
2017.09.19 14:21:15.134,1.15713,1.15724,1.00,1.25
2017.09.19 14:21:15.416,1.15706,1.15718,1.00,1.00
2017.09.19 14:21:15.468,1.15706,1.1572,1.00,1.20
2017.09.19 14:21:15.776,1.15705,1.15718,1.37,1.00
2017.09.19 14:21:16.081,1.1571,1.15722,1.00,2.62
2017.09.19 14:21:16.133,1.15713,1.15725,1.00,1.50
2017.09.19 14:21:16.286,1.15711,1.15723,1.37,1.00
2017.09.19 14:21:16.712,1.15711,1.1572,1.00,1.00
2017.09.19 14:21:17.024,1.15709,1.15717,1.00,1.00
2017.09.19 14:21:17.075,1.15708,1.15719,1.00,1.00
2017.09.19 14:21:17.127,1.15712,1.15722,1.00,1.12
2017.09.19 14:21:17.640,1.15712,1.15723,1.12,1.00
2017.09.19 14:21:17.982,1.15708,1.1572,1.50,1.00
2017.09.19 14:21:18.343,1.15705,1.15721,5.06,1.50
2017.09.19 14:21:18.395,1.15705,1.15718,4.12,1.00
2017.09.19 14:21:18.754,1.15708,1.15721,1.00,1.00
2017.09.19 14:21:19.103,1.15708,1.15723,1.69,1.00
2017.09.19 14:21:19.206,1.1571,1.15723,1.00,1.00
2017.09.19 14:21:19.360,1.15715,1.15729,1.00,1.50
2017.09.19 14:21:19.412,1.15715,1.15727,1.00,1.00
2017.09.19 14:21:19.948,1.15715,1.15728,1.00,1.20
2017.09.19 14:21:20.258,1.15712,1.15724,1.75,1.00
2017.09.19 14:21:20.361,1.15712,1.15724,1.00,1.00
2017.09.19 14:21:20.412,1.15713,1.15728,1.00,1.69
2017.09.19 14:21:20.464,1.15716,1.15728,1.50,1.00
2017.09.19 14:21:20.971,1.15715,1.15728,1.12,1.00
2017.09.19 14:21:21.176,1.15715,1.1573,1.87,1.69
2017.09.19 14:21:21.432,1.15715,1.15728,1.12,1.00
2017.09.19 14:21:21.778,1.15713,1.15725,1.50,1.69
2017.09.19 14:21:21.881,1.15712,1.15727,1.75,1.00
2017.09.19 14:21:21.933,1.15713,1.15725,1.00,1.00
2017.09.19 14:21:22.391,1.15712,1.15723,1.75,1.00
2017.09.19 14:21:22.921,1.15713,1.15723,1.00,1.25
2017.09.19 14:21:23.227,1.1571,1.1572,1.00,1.00
2017.09.19 14:21:23.381,1.15708,1.1572,1.31,1.00
2017.09.19 14:21:23.604,1.15705,1.15717,1.50,1.00
2017.09.19 14:21:23.657,1.15705,1.15717,1.12,1.00
2017.09.19 14:21:23.864,1.15703,1.15715,2.00,1.00
2017.09.19 14:21:23.968,1.15702,1.15715,1.69,1.00
2017.09.19 14:21:24.181,1.15701,1.15715,1.00,1.00
2017.09.19 14:21:24.388,1.157,1.15711,1.00,1.00
2017.09.19 14:21:24.629,1.15703,1.15717,1.00,1.50
2017.09.19 14:21:24.681,1.15703,1.15717,1.00,1.12
2017.09.19 14:21:24.987,1.15705,1.15717,1.19,1.50
2017.09.19 14:21:25.141,1.15704,1.15717,1.25,1.50
2017.09.19 14:21:25.854,1.15703,1.15717,1.31,1.00
2017.09.19 14:21:25.906,1.15705,1.15717,1.00,1.00
2017.09.19 14:21:26.213,1.15703,1.15717,1.05,1.25
2017.09.19 14:21:26.265,1.15702,1.15715,1.62,1.50
2017.09.19 14:21:26.469,1.15705,1.15718,1.25,1.50
2017.09.19 14:21:27.020,1.157,1.15714,1.69,1.00
2017.09.19 14:21:27.276,1.15706,1.15719,1.00,1.12
2017.09.19 14:21:27.540,1.15705,1.15717,1.25,1.00
2017.09.19 14:21:27.783,1.15698,1.15713,1.00,2.25
2017.09.19 14:21:27.836,1.15695,1.1571,4.61,1.00
2017.09.19 14:21:28.197,1.15693,1.15707,3.11,1.00
2017.09.19 14:21:28.248,1.15695,1.15707,1.00,1.00
2017.09.19 14:21:28.351,1.15693,1.15707,1.00,1.00
2017.09.19 14:21:28.874,1.15693,1.15706,1.19,1.00
2017.09.19 14:21:29.375,1.15694,1.15707,1.25,1.87
2017.09.19 14:21:29.904,1.15697,1.1571,1.00,1.75
2017.09.19 14:21:30.060,1.15697,1.1571,1.69,1.00
2017.09.19 14:21:30.162,1.15694,1.15707,1.31,1.00
2017.09.19 14:21:30.419,1.15696,1.15709,1.25,1.00
2017.09.19 14:21:30.828,1.15693,1.15708,1.87,1.00
2017.09.19 14:21:31.340,1.15695,1.15708,1.00,1.00
2017.09.19 14:21:32.323,1.15693,1.15708,1.12,1.00
2017.09.19 14:21:32.737,1.15693,1.15704,1.37,1.00
2017.09.19 14:21:32.944,1.15696,1.15708,1.00,1.00
2017.09.19 14:21:32.996,1.15694,1.15708,1.25,1.00
2017.09.19 14:21:33.271,1.15692,1.15708,1.50,1.00
2017.09.19 14:21:33.783,1.15695,1.15709,1.00,1.12
2017.09.19 14:21:34.285,1.15694,1.15709,1.12,1.12
2017.09.19 14:21:34.592,1.15691,1.15707,1.25,2.44
2017.09.19 14:21:34.900,1.15696,1.1571,1.00,1.50
2017.09.19 14:21:35.426,1.15696,1.1571,1.69,1.00
2017.09.19 14:21:35.732,1.15698,1.15711,1.00,1.00
2017.09.19 14:21:36.242,1.15698,1.1571,1.00,1.00
2017.09.19 14:21:36.603,1.15689,1.15704,2.25,1.50
2017.09.19 14:21:36.655,1.15687,1.15701,2.06,1.00
2017.09.19 14:21:36.706,1.15687,1.157,2.25,1.00
2017.09.19 14:21:36.962,1.1569,1.15705,1.44,1.00
2017.09.19 14:21:37.167,1.15695,1.15706,1.00,1.00
2017.09.19 14:21:37.269,1.15695,1.15709,1.00,2.81
2017.09.19 14:21:37.535,1.15693,1.15706,1.00,1.00
2017.09.19 14:21:37.793,1.15691,1.15705,1.12,1.00
2017.09.19 14:21:38.054,1.15691,1.15707,1.12,1.25
2017.09.19 14:21:38.569,1.15691,1.15706,2.06,1.25
2017.09.19 14:21:38.774,1.15691,1.15703,1.87,1.00
2017.09.19 14:21:38.878,1.15687,1.15701,1.19,1.25
2017.09.19 14:21:38.981,1.1569,1.15701,1.00,1.87
2017.09.19 14:21:39.034,1.1569,1.15702,1.00,1.50
2017.09.19 14:21:39.288,1.1569,1.15704,1.19,1.12
2017.09.19 14:21:39.442,1.15694,1.15705,1.00,1.50
2017.09.19 14:21:39.597,1.15694,1.15706,1.00,1.12
2017.09.19 14:21:39.854,1.15696,1.1571,1.50,2.25
2017.09.19 14:21:39.959,1.15689,1.15702,1.87,1.00
2017.09.19 14:21:40.087,1.15689,1.157,1.37,1.00
2017.09.19 14:21:40.139,1.15688,1.15702,1.69,1.00
2017.09.19 14:21:40.193,1.15689,1.15702,1.00,1.12
2017.09.19 14:21:40.616,1.15695,1.15707,1.00,1.85
2017.09.19 14:21:40.771,1.15693,1.15707,1.00,1.87
2017.09.19 14:21:41.312,1.15692,1.15707,1.50,1.69
2017.09.19 14:21:41.364,1.15694,1.15707,1.50,1.50
2017.09.19 14:21:41.570,1.15694,1.1571,1.12,2.62
2017.09.19 14:21:41.673,1.15689,1.15703,1.12,1.00
2017.09.19 14:21:41.779,1.15687,1.15703,2.25,1.00
2017.09.19 14:21:41.831,1.15694,1.15705,1.00,1.69
2017.09.19 14:21:41.884,1.15691,1.15704,1.00,1.25
2017.09.19 14:21:41.988,1.1569,1.15701,1.50,1.00
2017.09.19 14:21:42.143,1.1569,1.15703,1.50,1.50
2017.09.19 14:21:42.196,1.15695,1.15706,1.00,1.76
2017.09.19 14:21:42.300,1.15693,1.15705,1.00,1.12
2017.09.19 14:21:42.673,1.15696,1.15708,1.00,1.20
2017.09.19 14:21:42.979,1.15692,1.15703,1.00,1.00
2017.09.19 14:21:43.287,1.15694,1.15706,1.00,2.70
2017.09.19 14:21:43.589,1.15688,1.157,1.00,1.00
2017.09.19 14:21:44.000,1.15692,1.15703,1.00,1.75
2017.09.19 14:21:44.052,1.15689,1.15702,1.00,1.50
2017.09.19 14:21:44.104,1.15691,1.15703,1.00,1.37
2017.09.19 14:21:44.255,1.15691,1.15705,1.00,1.56
2017.09.19 14:21:44.769,1.1569,1.15703,1.00,1.25
2017.09.19 14:21:44.974,1.15693,1.15705,1.00,1.00
2017.09.19 14:21:45.310,1.15693,1.15705,1.00,1.56
2017.09.19 14:21:45.413,1.15693,1.15706,1.00,3.94
2017.09.19 14:21:45.516,1.15693,1.15704,1.00,1.25
2017.09.19 14:21:46.184,1.15693,1.15703,1.00,1.00
2017.09.19 14:21:46.492,1.15691,1.15702,1.00,1.50
2017.09.19 14:21:46.544,1.15693,1.15703,1.00,1.25
2017.09.19 14:21:47.466,1.15689,1.15703,1.25,1.00
2017.09.19 14:21:48.276,1.1569,1.15704,1.00,1.69
2017.09.19 14:21:48.871,1.15692,1.15706,1.00,1.50
2017.09.19 14:21:49.127,1.15694,1.15709,1.50,2.81
2017.09.19 14:21:49.325,1.15691,1.15707,1.62,3.75
2017.09.19 14:21:49.427,1.15691,1.15707,1.25,3.37
2017.09.19 14:21:49.654,1.15692,1.15704,1.00,1.00
2017.09.19 14:21:49.707,1.1569,1.15703,1.00,1.31
2017.09.19 14:21:50.080,1.15692,1.15706,1.50,1.87
2017.09.19 14:21:50.131,1.15698,1.15708,1.00,1.00
2017.09.19 14:21:50.337,1.15702,1.15715,1.00,3.45
2017.09.19 14:21:50.390,1.157,1.15711,1.12,1.12
2017.09.19 14:21:50.442,1.157,1.15714,1.12,3.75
2017.09.19 14:21:50.700,1.157,1.15711,1.00,1.25
2017.09.19 14:21:51.047,1.15699,1.15708,1.00,1.00
2017.09.19 14:21:51.728,1.15699,1.1571,1.00,1.12
2017.09.19 14:21:52.316,1.15699,1.15708,1.00,1.00
2017.09.19 14:21:52.367,1.15697,1.15708,1.12,1.50
2017.09.19 14:21:52.521,1.15694,1.15707,1.12,1.00
2017.09.19 14:21:52.573,1.15696,1.15707,1.00,1.00
2017.09.19 14:21:53.100,1.15697,1.15707,1.00,1.00
2017.09.19 14:21:53.298,1.15698,1.1571,1.00,1.87
2017.09.19 14:21:53.350,1.15701,1.15711,1.00,2.25
2017.09.19 14:21:53.402,1.15701,1.15712,1.00,2.25
2017.09.19 14:21:53.607,1.15702,1.15714,1.00,2.25
2017.09.19 14:21:54.127,1.15703,1.15714,1.00,2.25
2017.09.19 14:21:54.399,1.157,1.15714,1.12,2.44
2017.09.19 14:21:54.654,1.157,1.15712,1.12,1.25
2017.09.19 14:21:55.132,1.157,1.15712,1.00,2.25
2017.09.19 14:21:55.669,1.157,1.15712,1.00,2.25
2017.09.19 14:21:56.530,1.15699,1.1571,1.00,2.44
2017.09.19 14:21:56.993,1.15697,1.15709,1.00,1.00
2017.09.19 14:21:57.547,1.15696,1.15709,1.00,1.00
2017.09.19 14:21:58.136,1.15697,1.15709,1.00,1.44
2017.09.19 14:21:58.188,1.15697,1.1571,1.00,1.69
2017.09.19 14:21:58.240,1.15696,1.15708,1.00,1.50
2017.09.19 14:21:58.546,1.15698,1.1571,1.00,1.00
2017.09.19 14:21:58.856,1.15693,1.15708,1.69,1.50
2017.09.19 14:21:59.011,1.15691,1.15702,1.75,1.00
2017.09.19 14:21:59.166,1.1569,1.15704,1.00,1.10
2017.09.19 14:21:59.424,1.1569,1.15706,1.00,1.50
2017.09.19 14:21:59.578,1.15691,1.15705,1.44,1.50
2017.09.19 14:22:00.105,1.15691,1.15704,1.12,1.00
2017.09.19 14:22:00.777,1.15691,1.15703,1.75,1.00
2017.09.19 14:22:00.934,1.15689,1.15702,1.12,1.00
2017.09.19 14:22:00.986,1.15689,1.157,1.12,1.00
2017.09.19 14:22:01.243,1.15691,1.15703,1.00,1.00
2017.09.19 14:22:01.482,1.15691,1.15705,1.69,1.00
2017.09.19 14:22:01.743,1.15693,1.15705,1.25,1.00
2017.09.19 14:22:02.053,1.15688,1.157,1.12,1.00
2017.09.19 14:22:02.339,1.15688,1.15703,1.56,2.25
2017.09.19 14:22:02.851,1.15686,1.15701,2.06,1.00
2017.09.19 14:22:03.304,1.15686,1.157,1.87,1.00
2017.09.19 14:22:03.942,1.15687,1.15698,1.12,1.00
2017.09.19 14:22:04.186,1.15685,1.15699,1.25,1.00
2017.09.19 14:22:04.901,1.15684,1.15697,1.19,1.00
2017.09.19 14:22:05.056,1.15677,1.1569,1.12,8.70
2017.09.19 14:22:05.211,1.15683,1.15695,1.25,1.75
2017.09.19 14:22:05.262,1.15682,1.15696,1.25,1.00
2017.09.19 14:22:05.812,1.15682,1.15695,1.25,1.00
2017.09.19 14:22:06.319,1.15683,1.15695,1.00,1.00
2017.09.19 14:22:06.694,1.15678,1.15692,3.00,1.00
2017.09.19 14:22:07.004,1.15683,1.15695,1.00,1.12
2017.09.19 14:22:07.365,1.15685,1.15698,1.00,2.25
2017.09.19 14:22:07.702,1.15683,1.15695,1.50,1.19
2017.09.19 14:22:07.959,1.15677,1.1569,2.25,1.50
2017.09.19 14:22:08.010,1.15677,1.15688,2.25,1.00
2017.09.19 14:22:08.062,1.15677,1.15688,1.50,1.00
2017.09.19 14:22:08.113,1.15677,1.1569,1.50,1.25
2017.09.19 14:22:08.898,1.15678,1.1569,1.00,1.00
2017.09.19 14:22:08.949,1.15678,1.15692,1.00,1.31
2017.09.19 14:22:09.184,1.15678,1.15686,1.50,1.00
2017.09.19 14:22:09.235,1.15678,1.15688,1.50,1.25
2017.09.19 14:22:09.338,1.1568,1.15691,2.25,1.75
2017.09.19 14:22:09.444,1.15681,1.15693,1.00,1.37
2017.09.19 14:22:09.496,1.15681,1.15693,1.00,1.00
2017.09.19 14:22:09.847,1.15683,1.15699,1.50,1.75
2017.09.19 14:22:10.001,1.15683,1.15699,3.56,2.25
2017.09.19 14:22:10.411,1.15684,1.15696,1.00,1.00
2017.09.19 14:22:10.924,1.15682,1.15695,3.00,1.00
2017.09.19 14:22:11.362,1.15683,1.15698,1.87,1.50
2017.09.19 14:22:11.465,1.15683,1.15696,1.87,1.00
2017.09.19 14:22:12.008,1.15686,1.15697,1.50,1.00
2017.09.19 14:22:12.161,1.15682,1.15696,3.19,1.69
2017.09.19 14:22:12.754,1.15683,1.15698,1.50,2.44
2017.09.19 14:22:12.858,1.15682,1.15696,1.25,1.50
2017.09.19 14:22:13.167,1.15682,1.15694,1.00,1.00
2017.09.19 14:22:13.796,1.15682,1.15695,1.00,1.00
2017.09.19 14:22:14.302,1.15684,1.15697,1.50,1.69
2017.09.19 14:22:14.828,1.15684,1.15698,1.50,1.50
2017.09.19 14:22:15.344,1.15683,1.15697,2.25,1.50
2017.09.19 14:22:15.706,1.15686,1.15697,1.50,1.00
2017.09.19 14:22:16.268,1.15686,1.15698,1.50,1.50
2017.09.19 14:22:16.320,1.15687,1.157,1.50,1.12
2017.09.19 14:22:16.372,1.1569,1.15701,1.00,2.44
2017.09.19 14:22:17.228,1.15689,1.15699,1.00,1.00
2017.09.19 14:22:17.536,1.15687,1.15697,1.00,1.00
2017.09.19 14:22:18.044,1.15688,1.15697,1.00,1.69
2017.09.19 14:22:18.421,1.15688,1.15699,1.00,1.25
2017.09.19 14:22:18.473,1.15691,1.157,1.00,1.12
2017.09.19 14:22:18.933,1.15693,1.15702,1.00,2.00
2017.09.19 14:22:19.138,1.15693,1.15703,1.00,1.69
2017.09.19 14:22:19.901,1.15693,1.15703,1.00,1.69
2017.09.19 14:22:21.214,1.15693,1.15701,1.00,1.00
2017.09.19 14:22:21.266,1.15691,1.15701,1.00,1.00
2017.09.19 14:22:21.871,1.15692,1.15703,1.00,2.44
2017.09.19 14:22:22.378,1.15692,1.15703,1.00,1.50
2017.09.19 14:22:23.281,1.15692,1.15704,1.00,1.12
2017.09.19 14:22:25.040,1.15697,1.15706,1.00,1.50
2017.09.19 14:22:25.093,1.15694,1.15706,1.00,2.06
2017.09.19 14:22:25.197,1.15692,1.15703,1.00,2.44
2017.09.19 14:22:25.250,1.15693,1.15701,1.00,1.00
2017.09.19 14:22:25.404,1.15693,1.15703,1.00,1.00
2017.09.19 14:22:25.707,1.15689,1.15699,1.00,1.00
2017.09.19 14:22:26.016,1.15688,1.15699,1.00,1.19
2017.09.19 14:22:26.276,1.15683,1.15699,3.75,1.87
2017.09.19 14:22:26.329,1.15688,1.15699,1.00,1.25
2017.09.19 14:22:26.948,1.15688,1.15698,1.00,1.12
2017.09.19 14:22:27.550,1.1569,1.15699,1.00,1.37
2017.09.19 14:22:28.229,1.15687,1.15697,1.00,1.00
2017.09.19 14:22:28.766,1.15685,1.15697,1.00,1.69
2017.09.19 14:22:29.278,1.15686,1.15697,1.00,1.50
2017.09.19 14:22:29.796,1.15689,1.15697,1.00,1.50
2017.09.19 14:22:30.333,1.15687,1.15697,1.00,1.00
2017.09.19 14:22:30.642,1.1569,1.15699,1.00,1.37
2017.09.19 14:22:30.808,1.1569,1.157,1.00,1.50
2017.09.19 14:22:30.860,1.15692,1.15703,1.00,2.62
2017.09.19 14:22:31.221,1.15688,1.157,1.50,2.62
2017.09.19 14:22:31.588,1.15692,1.15699,1.00,1.00
2017.09.19 14:22:31.640,1.15692,1.15702,1.00,1.00
2017.09.19 14:22:31.692,1.15694,1.15703,1.00,1.87
2017.09.19 14:22:31.745,1.15696,1.15707,1.00,2.06
2017.09.19 14:22:32.186,1.15696,1.15708,1.00,2.62
2017.09.19 14:22:32.472,1.15696,1.15709,1.00,1.69
2017.09.19 14:22:32.525,1.15698,1.15708,1.00,1.50
2017.09.19 14:22:32.731,1.15699,1.15712,1.00,2.44
2017.09.19 14:22:32.834,1.15699,1.15712,1.00,1.50
2017.09.19 14:22:33.142,1.15699,1.1571,1.00,1.00
2017.09.19 14:22:33.194,1.15696,1.15708,1.87,1.50
2017.09.19 14:22:33.476,1.15694,1.15705,2.25,1.00
2017.09.19 14:22:33.785,1.15692,1.15703,1.50,1.00
2017.09.19 14:22:34.093,1.15688,1.15703,2.06,1.00
2017.09.19 14:22:34.347,1.1569,1.15699,1.00,1.00
2017.09.19 14:22:34.451,1.15686,1.15698,1.69,1.00
2017.09.19 14:22:34.503,1.15689,1.15698,1.50,1.00
2017.09.19 14:22:34.555,1.15685,1.15698,2.62,1.00
2017.09.19 14:22:35.182,1.15689,1.157,1.50,1.00
2017.09.19 14:22:35.765,1.15688,1.157,1.50,1.00
2017.09.19 14:22:36.077,1.15692,1.15706,1.50,1.75
2017.09.19 14:22:36.129,1.15692,1.15705,1.50,1.00
2017.09.19 14:22:36.685,1.15696,1.15706,1.00,1.25
2017.09.19 14:22:36.993,1.15698,1.15708,1.00,1.00
2017.09.19 14:22:37.045,1.15696,1.15708,1.00,2.44
2017.09.19 14:22:37.147,1.15696,1.15707,1.00,1.19
2017.09.19 14:22:37.669,1.15697,1.15707,1.00,1.25
2017.09.19 14:22:38.190,1.15694,1.15707,1.00,1.25
2017.09.19 14:22:38.395,1.15694,1.15709,1.00,3.00
2017.09.19 14:22:38.585,1.15695,1.1571,1.19,1.12
2017.09.19 14:22:38.740,1.15698,1.15712,1.50,1.69
2017.09.19 14:22:38.895,1.15698,1.1571,1.50,1.00
2017.09.19 14:22:38.947,1.15695,1.15709,1.69,1.00
2017.09.19 14:22:39.101,1.15695,1.15706,1.00,1.00
2017.09.19 14:22:39.357,1.15694,1.15708,2.44,1.00
2017.09.19 14:22:39.675,1.15696,1.15709,1.25,1.00
2017.09.19 14:22:40.034,1.15693,1.15707,2.62,1.00
2017.09.19 14:22:40.137,1.15695,1.15705,1.00,1.00
2017.09.19 14:22:40.239,1.15693,1.15705,1.50,1.00
2017.09.19 14:22:40.379,1.15698,1.15706,1.50,1.00
2017.09.19 14:22:40.431,1.15695,1.15706,1.50,1.00
2017.09.19 14:22:40.585,1.15696,1.15708,1.00,1.12
2017.09.19 14:22:40.688,1.15698,1.15709,1.50,1.00
2017.09.19 14:22:40.946,1.15695,1.15707,1.50,1.00
2017.09.19 14:22:41.158,1.15695,1.15707,1.50,1.00
2017.09.19 14:22:41.210,1.15695,1.15707,1.00,1.00
2017.09.19 14:22:41.516,1.15698,1.1571,1.00,2.25
2017.09.19 14:22:41.823,1.15697,1.15711,2.25,1.00
2017.09.19 14:22:42.020,1.15697,1.15709,1.50,1.00
2017.09.19 14:22:42.073,1.15696,1.15706,1.00,1.00
2017.09.19 14:22:42.279,1.15692,1.15704,1.69,1.00
2017.09.19 14:22:42.659,1.15694,1.15706,1.00,1.00
2017.09.19 14:22:43.135,1.1569,1.15705,3.00,2.25
2017.09.19 14:22:43.443,1.15689,1.15703,2.44,1.00
2017.09.19 14:22:44.049,1.15689,1.15703,2.44,1.00
2017.09.19 14:22:44.437,1.15689,1.15701,1.00,1.00
2017.09.19 14:22:44.489,1.15687,1.157,1.00,1.00
2017.09.19 14:22:44.644,1.15685,1.15699,1.87,1.25
2017.09.19 14:22:44.855,1.15685,1.15697,1.87,1.00
2017.09.19 14:22:45.164,1.15681,1.15692,1.00,1.00
2017.09.19 14:22:45.370,1.15677,1.15689,2.44,1.00
2017.09.19 14:22:45.422,1.15679,1.15691,1.25,1.00
2017.09.19 14:22:45.741,1.1568,1.15688,1.00,1.00
2017.09.19 14:22:45.794,1.1568,1.15692,1.00,1.50
2017.09.19 14:22:46.052,1.15677,1.15689,1.19,1.00
2017.09.19 14:22:46.255,1.15676,1.1569,1.50,1.50
2017.09.19 14:22:46.308,1.15675,1.15686,1.50,1.00
2017.09.19 14:22:46.614,1.15677,1.15688,1.00,1.00
2017.09.19 14:22:46.665,1.15675,1.15688,1.00,1.00
2017.09.19 14:22:46.924,1.15677,1.1569,1.00,1.87
2017.09.19 14:22:47.270,1.15675,1.15686,4.12,1.00
2017.09.19 14:22:47.373,1.15673,1.15685,1.00,1.00
2017.09.19 14:22:47.528,1.15675,1.15687,1.50,1.00
2017.09.19 14:22:48.056,1.15678,1.15692,1.00,3.19
2017.09.19 14:22:48.311,1.15681,1.15694,1.50,1.00
2017.09.19 14:22:48.414,1.15681,1.15692,1.00,1.50
2017.09.19 14:22:48.725,1.15676,1.15689,1.00,1.00
2017.09.19 14:22:48.776,1.15678,1.15691,1.50,1.69
2017.09.19 14:22:49.083,1.15675,1.15689,2.62,1.50
2017.09.19 14:22:49.135,1.15675,1.15691,2.62,2.25
2017.09.19 14:22:49.493,1.15678,1.15691,1.00,1.50
2017.09.19 14:22:49.815,1.15675,1.15688,2.62,1.00
2017.09.19 14:22:49.969,1.15672,1.15686,1.69,1.00
2017.09.19 14:22:50.071,1.15671,1.15684,2.81,1.00
2017.09.19 14:22:50.567,1.15671,1.15686,3.00,1.00
2017.09.19 14:22:50.618,1.1567,1.15684,2.81,1.00
2017.09.19 14:22:50.670,1.1567,1.15683,2.06,1.00
2017.09.19 14:22:50.926,1.15673,1.15685,1.50,1.00
2017.09.19 14:22:50.978,1.15673,1.15687,3.19,1.00
2017.09.19 14:22:51.659,1.15674,1.15688,1.25,1.50
2017.09.19 14:22:51.711,1.15677,1.15689,1.25,3.00
2017.09.19 14:22:52.024,1.15683,1.15696,1.25,2.25
2017.09.19 14:22:52.177,1.15683,1.15697,1.25,3.37
2017.09.19 14:22:52.684,1.15682,1.15696,1.25,1.00
2017.09.19 14:22:53.294,1.15684,1.15696,1.00,1.50
2017.09.19 14:22:53.654,1.15684,1.15699,1.87,1.25
2017.09.19 14:22:54.205,1.15687,1.15699,1.19,2.25
2017.09.19 14:22:54.308,1.15689,1.15701,1.00,1.00
2017.09.19 14:22:54.360,1.15691,1.15701,1.00,1.00
2017.09.19 14:22:54.413,1.15689,1.15701,1.50,1.00
2017.09.19 14:22:54.465,1.15688,1.15701,3.94,1.00
2017.09.19 14:22:54.666,1.15693,1.15706,1.00,1.50
2017.09.19 14:22:54.974,1.15691,1.15705,2.06,2.44
2017.09.19 14:22:55.282,1.15689,1.15698,1.87,1.00
2017.09.19 14:22:55.334,1.15689,1.157,1.50,1.00
2017.09.19 14:22:55.518,1.15694,1.15703,1.50,1.19
2017.09.19 14:22:55.570,1.15689,1.15703,1.50,1.19
2017.09.19 14:22:56.028,1.1569,1.157,1.00,1.00
2017.09.19 14:22:56.182,1.15688,1.15701,1.00,1.00
2017.09.19 14:22:57.184,1.15688,1.15699,1.00,1.00
2017.09.19 14:22:57.287,1.15686,1.15699,1.00,1.00
2017.09.19 14:22:57.703,1.15689,1.15701,1.50,1.00
2017.09.19 14:22:57.755,1.15686,1.157,1.31,1.00
2017.09.19 14:22:58.010,1.15685,1.15698,3.94,1.00
2017.09.19 14:22:58.061,1.15685,1.157,3.94,1.50
2017.09.19 14:22:58.547,1.15687,1.15701,1.00,1.50
2017.09.19 14:22:58.856,1.15686,1.15698,1.00,1.25
2017.09.19 14:22:59.061,1.15681,1.15697,4.69,1.50
2017.09.19 14:22:59.113,1.15681,1.15695,1.75,1.50
2017.09.19 14:22:59.216,1.15681,1.15695,1.12,2.25
2017.09.19 14:23:00.181,1.15678,1.15693,4.69,1.50
2017.09.19 14:23:00.334,1.15676,1.15692,3.19,2.25
2017.09.19 14:23:00.487,1.15676,1.15688,2.25,1.00
2017.09.19 14:23:01.069,1.15674,1.15688,1.50,1.00
2017.09.19 14:23:01.427,1.15676,1.15689,1.00,1.25
2017.09.19 14:23:01.979,1.15677,1.15689,1.00,2.25
2017.09.19 14:23:02.358,1.15674,1.15687,1.00,1.50
2017.09.19 14:23:02.461,1.15677,1.15686,1.00,1.00
2017.09.19 14:23:02.776,1.1568,1.15688,1.00,1.00
2017.09.19 14:23:03.033,1.15685,1.15694,1.00,1.00
2017.09.19 14:23:03.199,1.15685,1.15696,1.00,1.00
2017.09.19 14:23:03.352,1.15684,1.15693,1.00,1.00
2017.09.19 14:23:03.557,1.15681,1.15694,1.00,1.25
2017.09.19 14:23:03.661,1.15678,1.1569,1.00,1.00
2017.09.19 14:23:03.970,1.1568,1.15691,1.00,1.87
2017.09.19 14:23:04.232,1.15681,1.15693,1.00,1.00
2017.09.19 14:23:04.285,1.15683,1.15693,1.00,1.00
2017.09.19 14:23:04.813,1.15683,1.15695,1.00,1.62
2017.09.19 14:23:05.846,1.15682,1.15695,1.00,1.62
2017.09.19 14:23:06.360,1.15681,1.15694,1.50,1.12
2017.09.19 14:23:06.673,1.15679,1.15693,1.00,1.69
2017.09.19 14:23:06.776,1.15682,1.15692,1.00,1.25
2017.09.19 14:23:07.130,1.15679,1.15688,1.00,1.31
2017.09.19 14:23:07.234,1.1568,1.15694,1.50,4.50
2017.09.19 14:23:07.747,1.1568,1.15694,1.00,2.25
2017.09.19 14:23:07.879,1.1568,1.15692,1.00,1.00
2017.09.19 14:23:08.397,1.15679,1.15691,1.00,1.19
2017.09.19 14:23:08.732,1.15681,1.15693,1.00,1.87
2017.09.19 14:23:10.011,1.1568,1.1569,1.00,1.00
2017.09.19 14:23:10.217,1.15681,1.15692,1.00,1.00
2017.09.19 14:23:10.729,1.15681,1.15693,1.00,1.25
2017.09.19 14:23:11.157,1.15683,1.15696,1.00,2.44
2017.09.19 14:23:11.677,1.15684,1.15695,1.00,1.37
2017.09.19 14:23:12.041,1.15682,1.15695,1.50,3.19
2017.09.19 14:23:12.552,1.15683,1.15695,1.00,4.31
2017.09.19 14:23:13.746,1.15684,1.15696,1.50,1.75
2017.09.19 14:23:13.952,1.15684,1.15697,1.50,1.69
2017.09.19 14:23:14.180,1.15688,1.157,1.00,4.12
2017.09.19 14:23:14.335,1.15689,1.15702,1.00,1.00
2017.09.19 14:23:14.490,1.15689,1.15699,1.00,1.00
2017.09.19 14:23:15.074,1.15689,1.157,1.00,1.69
2017.09.19 14:23:15.131,1.15687,1.15699,1.00,1.00
2017.09.19 14:23:15.183,1.15689,1.15699,1.00,1.00
2017.09.19 14:23:15.285,1.15689,1.15701,1.00,3.00
2017.09.19 14:23:15.337,1.15687,1.15701,1.00,3.00
2017.09.19 14:23:15.388,1.15689,1.15701,1.00,3.00
2017.09.19 14:23:15.439,1.15687,1.15701,1.00,3.00
2017.09.19 14:23:15.542,1.15689,1.15701,1.00,1.31
2017.09.19 14:23:15.849,1.15691,1.15704,1.00,3.75
2017.09.19 14:23:15.952,1.15691,1.15704,1.00,3.37
2017.09.19 14:23:16.162,1.1569,1.15701,1.00,1.50
2017.09.19 14:23:16.674,1.15689,1.15701,1.00,2.25
2017.09.19 14:23:17.250,1.15688,1.157,1.00,1.69
2017.09.19 14:23:17.984,1.15686,1.15698,1.00,1.00
2017.09.19 14:23:18.509,1.15687,1.15698,1.00,1.00
2017.09.19 14:23:18.611,1.15687,1.157,1.00,1.69
2017.09.19 14:23:18.968,1.15689,1.157,1.00,1.31
2017.09.19 14:23:19.466,1.15689,1.15702,1.00,1.00
2017.09.19 14:23:19.824,1.15687,1.15702,2.44,1.00
2017.09.19 14:23:19.876,1.15689,1.15703,1.00,3.56
2017.09.19 14:23:20.283,1.15687,1.157,1.69,1.50
2017.09.19 14:23:20.502,1.15689,1.15704,1.50,2.44
2017.09.19 14:23:21.164,1.1569,1.15703,1.00,1.12
2017.09.19 14:23:22.411,1.15692,1.15706,1.50,2.00
2017.09.19 14:23:22.463,1.15692,1.15705,1.50,1.00
2017.09.19 14:23:24.025,1.15694,1.15705,1.00,1.00
2017.09.19 14:23:24.179,1.15695,1.15708,1.00,4.31
2017.09.19 14:23:24.284,1.15695,1.15702,1.00,1.00
2017.09.19 14:23:24.337,1.15688,1.157,2.25,1.00
2017.09.19 14:23:24.442,1.15688,1.15699,1.00,1.50
2017.09.19 14:23:24.963,1.15687,1.15699,1.00,1.50
2017.09.19 14:23:25.168,1.15685,1.15698,1.00,1.00
2017.09.19 14:23:25.219,1.15687,1.15699,1.00,1.00
2017.09.19 14:23:25.705,1.1569,1.15699,1.00,1.00
2017.09.19 14:23:26.062,1.1569,1.15701,1.00,1.31
2017.09.19 14:23:26.398,1.15687,1.15699,1.00,1.00
2017.09.19 14:23:26.810,1.15689,1.15701,1.00,1.50
2017.09.19 14:23:26.919,1.15686,1.15698,1.25,1.00
2017.09.19 14:23:27.072,1.15688,1.15701,1.00,2.06
2017.09.19 14:23:27.866,1.15687,1.15698,1.00,1.00
2017.09.19 14:23:28.228,1.15689,1.157,2.25,2.25
2017.09.19 14:23:28.382,1.15689,1.15702,1.00,1.25
2017.09.19 14:23:28.937,1.15688,1.15702,2.25,1.25
2017.09.19 14:23:29.546,1.15688,1.15701,2.25,1.00
2017.09.19 14:23:29.922,1.1569,1.15703,1.00,2.44
2017.09.19 14:23:30.230,1.15696,1.15708,1.00,2.62
2017.09.19 14:23:30.282,1.15697,1.15707,1.00,1.25
2017.09.19 14:23:30.334,1.15693,1.15706,1.50,1.00
2017.09.19 14:23:30.488,1.15695,1.15708,1.00,1.69
2017.09.19 14:23:30.836,1.15698,1.15709,1.00,1.00
2017.09.19 14:23:31.756,1.15696,1.15709,1.50,1.25
2017.09.19 14:23:31.862,1.15698,1.1571,1.00,1.25
2017.09.19 14:23:32.868,1.15698,1.15711,1.00,1.00
2017.09.19 14:23:33.176,1.15697,1.1571,1.50,2.62
2017.09.19 14:23:33.681,1.15698,1.15709,1.00,1.87
2017.09.19 14:23:33.835,1.15696,1.1571,1.00,2.44
2017.09.19 14:23:34.491,1.15694,1.15706,1.00,1.69
2017.09.19 14:23:35.052,1.15696,1.15707,1.00,1.69
2017.09.19 14:23:35.453,1.15698,1.15706,1.00,1.50
2017.09.19 14:23:35.505,1.15698,1.1571,1.50,1.50
2017.09.19 14:23:35.662,1.15701,1.15713,1.00,1.87
2017.09.19 14:23:35.714,1.15701,1.15713,1.00,1.50
2017.09.19 14:23:36.177,1.15699,1.15713,1.25,1.50
2017.09.19 14:23:36.580,1.15699,1.15711,1.00,1.00
2017.09.19 14:23:37.005,1.15701,1.15713,1.00,3.75
2017.09.19 14:23:37.210,1.15699,1.15712,1.00,1.00
2017.09.19 14:23:37.467,1.15699,1.1571,1.00,3.19
2017.09.19 14:23:37.518,1.15697,1.1571,1.00,3.19
2017.09.19 14:23:38.047,1.15696,1.1571,1.50,1.87
2017.09.19 14:23:38.170,1.15694,1.15707,1.50,1.50
2017.09.19 14:23:38.477,1.15696,1.15708,2.25,1.50
2017.09.19 14:23:38.631,1.15697,1.15709,1.00,1.00
2017.09.19 14:23:39.163,1.15695,1.15708,1.00,1.25
2017.09.19 14:23:39.215,1.15695,1.15706,1.00,1.25
2017.09.19 14:23:39.522,1.15696,1.15708,1.00,1.12
2017.09.19 14:23:40.023,1.15697,1.15708,1.00,1.31
2017.09.19 14:23:40.708,1.15694,1.15708,1.00,2.06
2017.09.19 14:23:41.247,1.15697,1.15709,1.00,2.06
2017.09.19 14:23:41.420,1.15697,1.1571,1.00,1.25
2017.09.19 14:23:42.040,1.15698,1.1571,1.00,2.44
2017.09.19 14:23:42.560,1.15697,1.15709,1.00,1.50
2017.09.19 14:23:42.714,1.15695,1.15707,1.00,1.50
2017.09.19 14:23:43.252,1.15695,1.15708,1.00,1.00
2017.09.19 14:23:43.561,1.15697,1.15708,1.00,1.00
2017.09.19 14:23:44.375,1.15697,1.15709,1.00,1.00
2017.09.19 14:23:44.682,1.15699,1.15711,1.00,1.25
2017.09.19 14:23:44.983,1.15697,1.15709,1.00,2.25
2017.09.19 14:23:45.751,1.15697,1.15709,1.00,2.44
2017.09.19 14:23:46.115,1.15694,1.15706,1.00,2.44
2017.09.19 14:23:46.166,1.15694,1.15708,1.00,1.69
2017.09.19 14:23:46.599,1.15693,1.15708,1.00,2.06
2017.09.19 14:23:46.906,1.15697,1.15708,1.00,1.25
2017.09.19 14:23:47.009,1.15697,1.15711,1.50,2.44
2017.09.19 14:23:47.187,1.15701,1.15712,1.00,1.69
2017.09.19 14:23:47.243,1.15698,1.1571,1.00,1.00
2017.09.19 14:23:47.603,1.15696,1.15708,1.00,1.87
2017.09.19 14:23:47.707,1.15694,1.15708,1.00,1.25
2017.09.19 14:23:48.267,1.15695,1.15708,1.00,1.25
2017.09.19 14:23:48.371,1.15693,1.15708,1.50,2.06
2017.09.19 14:23:48.678,1.15695,1.15707,1.00,1.00
2017.09.19 14:23:49.202,1.15696,1.15708,1.25,1.50
2017.09.19 14:23:49.509,1.15703,1.15715,1.50,1.69
2017.09.19 14:23:49.613,1.15701,1.15713,1.00,1.00
2017.09.19 14:23:49.717,1.15699,1.15713,1.87,1.87
2017.09.19 14:23:50.173,1.15698,1.15712,1.00,2.44
2017.09.19 14:23:50.225,1.15697,1.15711,1.50,1.44
2017.09.19 14:23:50.328,1.15698,1.15711,1.00,1.25
2017.09.19 14:23:50.533,1.157,1.15713,1.00,1.87
2017.09.19 14:23:51.041,1.157,1.15713,1.00,1.87
2017.09.19 14:23:51.570,1.157,1.15712,1.00,1.19
2017.09.19 14:23:51.949,1.15708,1.15715,1.00,2.62
2017.09.19 14:23:52.114,1.15706,1.15715,1.00,1.00
2017.09.19 14:23:52.165,1.15703,1.15716,1.50,1.50
2017.09.19 14:23:52.218,1.15709,1.15717,1.00,1.00
2017.09.19 14:23:52.425,1.15709,1.1572,3.00,1.00
2017.09.19 14:23:52.528,1.15709,1.15723,1.87,1.00
2017.09.19 14:23:52.630,1.15708,1.15719,1.31,1.00
2017.09.19 14:23:53.147,1.15709,1.1572,1.00,1.00
2017.09.19 14:23:53.454,1.15709,1.15723,1.00,1.50
2017.09.19 14:23:54.167,1.15709,1.15721,1.00,1.00
2017.09.19 14:23:54.679,1.15708,1.15722,1.00,1.87
2017.09.19 14:23:54.986,1.1571,1.15722,1.00,2.81
2017.09.19 14:23:55.576,1.15712,1.15722,1.00,1.87
2017.09.19 14:23:56.088,1.15711,1.15724,1.00,1.19
2017.09.19 14:23:56.766,1.15711,1.15724,1.00,1.25
2017.09.19 14:23:57.022,1.15704,1.15718,1.00,1.00
2017.09.19 14:23:57.226,1.15707,1.15719,1.00,1.00
2017.09.19 14:23:57.278,1.15709,1.15722,3.00,1.25
2017.09.19 14:23:57.523,1.15711,1.15724,1.00,1.19
2017.09.19 14:23:57.779,1.15711,1.15725,2.25,1.69
2017.09.19 14:23:57.883,1.15714,1.15727,1.50,2.44
2017.09.19 14:23:58.417,1.15714,1.15726,1.00,1.00
2017.09.19 14:23:59.089,1.15714,1.15725,1.00,2.44
2017.09.19 14:23:59.403,1.15712,1.15725,1.00,1.50
2017.09.19 14:23:59.455,1.15713,1.15723,1.00,1.00
2017.09.19 14:23:59.963,1.1571,1.15717,1.00,1.00
2017.09.19 14:24:00.065,1.15704,1.15714,1.50,1.00
2017.09.19 14:24:00.220,1.15705,1.15718,1.00,1.19
2017.09.19 14:24:00.272,1.15707,1.15718,1.00,1.19
2017.09.19 14:24:00.758,1.15706,1.1572,2.25,1.37
2017.09.19 14:24:00.863,1.15706,1.15719,1.75,1.25
2017.09.19 14:24:01.070,1.15706,1.15719,1.00,1.00
2017.09.19 14:24:01.176,1.1571,1.1572,1.00,1.19
2017.09.19 14:24:01.726,1.15709,1.1572,1.00,1.19
2017.09.19 14:24:02.865,1.15708,1.15719,1.00,1.19
2017.09.19 14:24:02.917,1.15706,1.15719,1.00,2.44
2017.09.19 14:24:03.071,1.15707,1.15722,1.00,2.81
2017.09.19 14:24:03.122,1.1571,1.15721,1.00,1.25
2017.09.19 14:24:03.719,1.15711,1.15723,1.00,1.19
2017.09.19 14:24:04.312,1.1571,1.15721,1.00,1.00
2017.09.19 14:24:04.620,1.15712,1.15723,2.25,1.00
2017.09.19 14:24:04.930,1.15717,1.15728,1.00,1.56
2017.09.19 14:24:04.982,1.15717,1.15727,1.00,1.00
2017.09.19 14:24:05.150,1.15718,1.15731,1.00,3.75
2017.09.19 14:24:05.499,1.15715,1.15728,1.00,2.44
2017.09.19 14:24:05.551,1.15712,1.15726,1.37,1.50
2017.09.19 14:24:05.857,1.15712,1.15723,1.00,1.00
2017.09.19 14:24:06.387,1.15712,1.15724,1.00,1.25
2017.09.19 14:24:06.694,1.15714,1.15728,1.00,1.75
2017.09.19 14:24:06.998,1.15705,1.15716,1.00,1.00
2017.09.19 14:24:07.572,1.15704,1.15716,1.00,1.25
2017.09.19 14:24:07.923,1.15706,1.15719,1.00,1.37
2017.09.19 14:24:08.385,1.15711,1.15719,1.50,1.69
2017.09.19 14:24:08.644,1.15711,1.15722,1.00,1.19
2017.09.19 14:24:08.792,1.15708,1.15723,3.00,1.19
2017.09.19 14:24:08.844,1.15708,1.15719,1.00,1.00
2017.09.19 14:24:09.153,1.15711,1.15721,1.00,1.19
2017.09.19 14:24:09.256,1.15711,1.15722,1.00,1.25
2017.09.19 14:24:09.838,1.1571,1.15721,1.00,1.00
2017.09.19 14:24:09.890,1.15707,1.15719,2.25,1.00
2017.09.19 14:24:10.433,1.15708,1.15719,1.50,1.00
2017.09.19 14:24:11.078,1.15708,1.1572,1.50,1.31
2017.09.19 14:24:11.130,1.15711,1.15721,1.00,1.37
2017.09.19 14:24:11.537,1.1571,1.15722,1.00,1.25
2017.09.19 14:24:12.067,1.15709,1.15722,1.00,1.25
2017.09.19 14:24:12.264,1.15714,1.15724,1.00,1.69
2017.09.19 14:24:12.318,1.15711,1.15723,1.00,1.00
2017.09.19 14:24:12.831,1.15711,1.15723,1.50,1.19
2017.09.19 14:24:13.088,1.15711,1.15724,1.50,1.25
2017.09.19 14:24:13.730,1.15712,1.15724,1.00,1.50
2017.09.19 14:24:14.240,1.15713,1.15724,1.00,1.00
2017.09.19 14:24:14.526,1.15713,1.15726,1.00,1.00
2017.09.19 14:24:14.630,1.15712,1.15723,2.25,1.25
2017.09.19 14:24:15.141,1.15712,1.15724,1.00,1.00
2017.09.19 14:24:15.469,1.15711,1.15722,1.00,1.25
2017.09.19 14:24:15.572,1.15709,1.15722,1.12,1.44
2017.09.19 14:24:16.084,1.15709,1.15723,1.00,2.44
2017.09.19 14:24:16.596,1.15709,1.15723,1.50,1.25
2017.09.19 14:24:17.015,1.15711,1.15724,1.00,1.50
2017.09.19 14:24:17.939,1.15712,1.15724,1.00,1.50
2017.09.19 14:24:18.609,1.15713,1.15724,1.00,1.69
2017.09.19 14:24:18.763,1.15711,1.15724,1.00,2.44
2017.09.19 14:24:19.213,1.1571,1.15722,1.00,1.00
2017.09.19 14:24:20.463,1.15711,1.15722,1.00,1.00
2017.09.19 14:24:20.964,1.15711,1.15723,1.00,1.00
2017.09.19 14:24:21.512,1.1571,1.15724,1.00,2.62
2017.09.19 14:24:21.929,1.15713,1.15724,1.00,1.50
2017.09.19 14:24:22.456,1.15712,1.15724,1.00,2.06
2017.09.19 14:24:22.794,1.15712,1.15722,1.00,1.50
2017.09.19 14:24:23.307,1.15711,1.15721,1.00,1.69
2017.09.19 14:24:23.512,1.15709,1.15721,1.00,1.50
2017.09.19 14:24:23.564,1.15707,1.15719,2.25,1.25
2017.09.19 14:24:24.104,1.15708,1.15721,1.00,1.69
2017.09.19 14:24:24.156,1.1571,1.15723,1.00,1.69
2017.09.19 14:24:24.680,1.15712,1.15723,1.00,1.00
2017.09.19 14:24:25.198,1.15712,1.15724,1.00,1.69
2017.09.19 14:24:25.598,1.15714,1.15725,1.00,1.25
2017.09.19 14:24:25.854,1.15716,1.15728,1.00,1.31
2017.09.19 14:24:25.906,1.15713,1.15723,1.00,1.00
2017.09.19 14:24:26.011,1.1571,1.15721,1.00,2.44
2017.09.19 14:24:26.649,1.15708,1.15719,1.00,1.50
2017.09.19 14:24:27.162,1.1571,1.15722,1.00,3.56
2017.09.19 14:24:27.468,1.15713,1.15725,1.00,2.44
2017.09.19 14:24:27.959,1.15713,1.15725,1.00,1.50
2017.09.19 14:24:28.062,1.15716,1.15726,1.00,1.31
2017.09.19 14:24:28.215,1.15714,1.15725,1.00,1.25
2017.09.19 14:24:28.409,1.15712,1.15723,1.50,1.00
2017.09.19 14:24:29.582,1.15716,1.15726,1.00,1.50
2017.09.19 14:24:29.843,1.1572,1.15733,1.00,2.62
2017.09.19 14:24:30.351,1.15721,1.15732,1.00,1.37
2017.09.19 14:24:31.139,1.15722,1.15732,1.00,1.25
2017.09.19 14:24:31.466,1.15718,1.15731,1.50,1.12
2017.09.19 14:24:31.977,1.15718,1.1573,1.00,1.00
2017.09.19 14:24:32.556,1.1572,1.15731,1.00,1.00
2017.09.19 14:24:32.710,1.15716,1.15728,1.00,1.25
2017.09.19 14:24:32.966,1.15713,1.15726,2.25,1.19
2017.09.19 14:24:33.273,1.15717,1.15727,1.00,1.69
2017.09.19 14:24:33.377,1.15711,1.15726,1.31,2.51
2017.09.19 14:24:33.544,1.15708,1.15722,1.87,1.50
2017.09.19 14:24:33.855,1.15714,1.1572,1.00,1.50
2017.09.19 14:24:33.907,1.15715,1.15723,1.00,1.87
2017.09.19 14:24:33.960,1.15713,1.15723,1.00,1.69
2017.09.19 14:24:34.012,1.15718,1.15723,1.00,1.69
2017.09.19 14:24:34.175,1.15715,1.15728,1.50,1.00
2017.09.19 14:24:34.229,1.15717,1.15729,1.00,1.50
2017.09.19 14:24:34.536,1.15717,1.15727,1.00,1.19
2017.09.19 14:24:34.639,1.15718,1.15729,1.00,2.44
2017.09.19 14:24:34.692,1.15716,1.15726,1.00,1.00
2017.09.19 14:24:35.232,1.15715,1.15726,1.00,1.00
2017.09.19 14:24:35.853,1.15715,1.15728,1.00,2.62
2017.09.19 14:24:36.008,1.15715,1.15729,1.00,2.44
2017.09.19 14:24:36.060,1.15717,1.15727,1.00,1.25
2017.09.19 14:24:36.519,1.15717,1.15725,1.00,1.50
2017.09.19 14:24:37.083,1.15716,1.15725,1.00,2.44
2017.09.19 14:24:37.340,1.15713,1.15724,1.00,1.69
2017.09.19 14:24:38.718,1.15713,1.15723,1.00,1.25
2017.09.19 14:24:39.693,1.15712,1.15724,1.00,2.44
2017.09.19 14:24:40.021,1.15715,1.15727,1.00,2.25
2017.09.19 14:24:40.074,1.15714,1.15725,1.50,1.00
2017.09.19 14:24:40.381,1.15712,1.15724,1.00,1.50
2017.09.19 14:24:40.535,1.15714,1.15724,1.00,1.50
2017.09.19 14:24:41.258,1.15715,1.15724,1.00,1.00
2017.09.19 14:24:41.613,1.15721,1.15731,1.00,2.44
2017.09.19 14:24:41.665,1.15718,1.15727,1.00,1.69
2017.09.19 14:24:41.971,1.1572,1.15731,1.00,1.75
2017.09.19 14:24:42.023,1.15722,1.1573,1.00,1.50
2017.09.19 14:24:42.125,1.15717,1.15728,1.37,1.00
2017.09.19 14:24:42.646,1.15717,1.15728,1.00,1.12
2017.09.19 14:24:43.864,1.15718,1.15728,1.00,1.25
2017.09.19 14:24:44.018,1.15719,1.1573,1.00,2.62
2017.09.19 14:24:44.069,1.15721,1.1573,1.00,2.44
2017.09.19 14:24:44.377,1.15719,1.15729,1.00,1.31
2017.09.19 14:24:44.888,1.15719,1.15727,1.00,1.50
2017.09.19 14:24:45.654,1.1572,1.15727,1.00,1.50
2017.09.19 14:24:45.706,1.1572,1.15732,1.00,1.00
2017.09.19 14:24:45.758,1.1572,1.1573,1.00,1.31
2017.09.19 14:24:45.861,1.15717,1.15728,1.00,1.25
2017.09.19 14:24:46.372,1.15717,1.15727,1.00,1.50
2017.09.19 14:24:46.821,1.15719,1.15728,1.00,1.00
2017.09.19 14:24:47.233,1.15717,1.15725,1.00,1.50
2017.09.19 14:24:47.675,1.15713,1.15721,1.00,1.50
2017.09.19 14:24:48.184,1.15712,1.15722,1.00,2.25
2017.09.19 14:24:48.508,1.15715,1.15724,1.00,3.19
2017.09.19 14:24:49.098,1.15715,1.15725,1.00,1.50
2017.09.19 14:24:49.415,1.15717,1.15725,1.00,1.50
2017.09.19 14:24:51.275,1.15717,1.15724,1.00,1.50
2017.09.19 14:24:52.721,1.1571,1.15722,2.06,1.00
2017.09.19 14:24:53.337,1.15709,1.15721,2.25,1.50
2017.09.19 14:24:53.512,1.15708,1.15717,1.75,1.00
2017.09.19 14:24:53.617,1.15705,1.15717,2.00,1.00
2017.09.19 14:24:53.669,1.15707,1.1572,1.12,1.50
2017.09.19 14:24:53.772,1.15708,1.15718,1.00,1.00
2017.09.19 14:24:54.140,1.15708,1.1572,1.50,1.00
2017.09.19 14:24:54.192,1.15708,1.15722,1.50,1.00
2017.09.19 14:24:54.968,1.15709,1.15722,1.00,1.00
2017.09.19 14:24:55.502,1.1571,1.15722,1.00,1.00
2017.09.19 14:24:55.656,1.15708,1.15721,1.12,1.00
2017.09.19 14:24:56.164,1.15707,1.15721,2.81,1.00
2017.09.19 14:24:56.571,1.15709,1.15722,1.25,1.00
2017.09.19 14:24:57.073,1.1571,1.15723,1.00,1.00
2017.09.19 14:24:58.495,1.15708,1.15721,1.87,1.00
2017.09.19 14:24:59.535,1.15708,1.15719,1.00,1.00
2017.09.19 14:24:59.840,1.15705,1.15716,2.06,1.00
2017.09.19 14:25:00.169,1.15711,1.15721,1.00,1.00
2017.09.19 14:25:00.272,1.15711,1.15724,1.87,1.37
2017.09.19 14:25:00.788,1.15711,1.15722,1.00,1.00
2017.09.19 14:25:00.993,1.15708,1.15721,1.31,1.00
2017.09.19 14:25:02.094,1.15708,1.15722,2.62,1.00
2017.09.19 14:25:02.147,1.15708,1.1572,1.12,1.00
2017.09.19 14:25:02.201,1.15709,1.15722,1.00,1.00
2017.09.19 14:25:02.253,1.1571,1.15724,3.19,1.00
2017.09.19 14:25:02.507,1.15708,1.15721,2.06,1.00
2017.09.19 14:25:02.763,1.15711,1.15724,1.00,1.00
2017.09.19 14:25:03.306,1.1571,1.15724,3.94,1.00
2017.09.19 14:25:04.342,1.15711,1.15724,1.50,1.00
2017.09.19 14:25:04.394,1.15711,1.15726,2.81,1.50
2017.09.19 14:25:04.447,1.15708,1.15723,3.19,1.00
2017.09.19 14:25:04.808,1.15712,1.15724,1.00,1.00
2017.09.19 14:25:04.911,1.15713,1.15726,1.00,1.69
2017.09.19 14:25:05.270,1.15713,1.15728,3.56,1.69
2017.09.19 14:25:05.881,1.15713,1.15728,2.62,1.69
2017.09.19 14:25:05.933,1.15713,1.15725,2.62,1.25
2017.09.19 14:25:07.438,1.1571,1.15725,3.75,1.25
2017.09.19 14:25:07.956,1.1571,1.15725,3.37,1.25
2017.09.19 14:25:08.257,1.15715,1.1573,1.25,1.00
2017.09.19 14:25:08.317,1.15716,1.15725,1.25,1.00
2017.09.19 14:25:08.368,1.15716,1.15728,1.31,2.25
2017.09.19 14:25:08.626,1.15714,1.15727,1.00,1.50
2017.09.19 14:25:08.678,1.15715,1.15729,1.00,1.12
2017.09.19 14:25:08.731,1.15713,1.15726,1.00,1.50
2017.09.19 14:25:09.036,1.15705,1.1572,1.69,3.19
2017.09.19 14:25:09.140,1.15707,1.15721,1.50,1.19
2017.09.19 14:25:09.449,1.15709,1.15724,1.50,1.00
2017.09.19 14:25:09.552,1.1571,1.15725,2.44,1.87
2017.09.19 14:25:10.071,1.1571,1.15724,1.50,1.00
2017.09.19 14:25:10.586,1.15711,1.15725,1.31,1.69
2017.09.19 14:25:10.939,1.1571,1.15721,2.25,1.00
2017.09.19 14:25:11.042,1.15712,1.15724,1.00,1.00
2017.09.19 14:25:11.773,1.15713,1.15724,1.00,1.00
2017.09.19 14:25:11.877,1.15712,1.1572,1.00,1.00
2017.09.19 14:25:12.031,1.15705,1.15718,1.75,1.00
2017.09.19 14:25:12.082,1.15706,1.15719,1.12,1.00
2017.09.19 14:25:12.236,1.1571,1.1572,1.50,1.50
2017.09.19 14:25:12.449,1.15714,1.15726,2.06,1.37
2017.09.19 14:25:12.858,1.15712,1.15726,1.00,1.50
2017.09.19 14:25:13.285,1.15714,1.15726,1.00,1.00
2017.09.19 14:25:13.420,1.15711,1.15726,1.50,1.25
2017.09.19 14:25:13.632,1.15711,1.15724,1.31,1.00
2017.09.19 14:25:13.941,1.15713,1.15725,1.19,1.00
2017.09.19 14:25:13.993,1.15711,1.15724,1.87,1.12
2017.09.19 14:25:14.133,1.1571,1.15722,1.50,1.00
2017.09.19 14:25:14.287,1.15714,1.15727,1.00,3.00
2017.09.19 14:25:14.544,1.15715,1.15729,1.00,1.19
2017.09.19 14:25:14.649,1.15717,1.15729,1.00,1.00
2017.09.19 14:25:15.008,1.15718,1.15732,1.00,1.69
2017.09.19 14:25:15.266,1.1572,1.15733,2.25,1.25
2017.09.19 14:25:15.577,1.1572,1.15732,1.50,1.19
2017.09.19 14:25:15.893,1.15724,1.15735,1.00,1.12
2017.09.19 14:25:15.944,1.15722,1.15735,1.00,1.00
2017.09.19 14:25:16.490,1.15723,1.15735,1.00,1.25
2017.09.19 14:25:16.999,1.15722,1.15736,1.00,1.12
2017.09.19 14:25:17.571,1.15723,1.15736,1.00,1.87
2017.09.19 14:25:18.160,1.15722,1.15736,1.00,1.87
2017.09.19 14:25:18.212,1.15724,1.15736,1.00,1.00
2017.09.19 14:25:18.522,1.15724,1.15736,2.25,1.75
2017.09.19 14:25:18.716,1.15721,1.15733,1.50,1.00
2017.09.19 14:25:19.231,1.15719,1.15733,2.44,1.00
2017.09.19 14:25:19.745,1.15721,1.15735,1.69,1.12
2017.09.19 14:25:19.797,1.15722,1.15735,3.19,1.12
2017.09.19 14:25:19.849,1.1572,1.15733,2.44,1.00
2017.09.19 14:25:19.902,1.1572,1.15735,2.44,1.31
2017.09.19 14:25:19.954,1.1572,1.15731,2.44,1.00
2017.09.19 14:25:20.108,1.1572,1.15733,1.25,3.19
2017.09.19 14:25:20.160,1.15722,1.15734,1.87,1.00
2017.09.19 14:25:20.407,1.1572,1.15735,3.00,1.25
2017.09.19 14:25:20.511,1.15726,1.15735,1.50,1.69
2017.09.19 14:25:20.562,1.1572,1.15734,2.25,1.44
2017.09.19 14:25:20.767,1.15723,1.15736,1.50,1.75
2017.09.19 14:25:20.869,1.15723,1.15736,1.50,1.00
2017.09.19 14:25:21.222,1.15723,1.15734,1.50,1.00
2017.09.19 14:25:21.380,1.1572,1.15734,1.50,2.62
2017.09.19 14:25:21.536,1.15718,1.15733,2.25,1.12
2017.09.19 14:25:21.588,1.15717,1.1573,1.87,1.00
2017.09.19 14:25:21.806,1.1572,1.15733,2.25,1.12
2017.09.19 14:25:22.011,1.15721,1.15734,1.37,1.00
2017.09.19 14:25:22.063,1.15722,1.15736,1.31,1.00
2017.09.19 14:25:22.116,1.15724,1.15736,2.44,1.00
2017.09.19 14:25:22.495,1.15723,1.15734,1.50,1.00
2017.09.19 14:25:22.802,1.15721,1.15731,1.50,1.00
2017.09.19 14:25:22.955,1.1572,1.15735,1.50,1.00
2017.09.19 14:25:23.006,1.15723,1.15736,1.00,1.87
2017.09.19 14:25:23.313,1.1572,1.15733,1.87,1.12
2017.09.19 14:25:23.364,1.1572,1.15733,1.50,1.12
2017.09.19 14:25:23.773,1.15723,1.15734,1.00,1.37
2017.09.19 14:25:24.333,1.15725,1.15737,1.00,1.75
2017.09.19 14:25:24.385,1.15725,1.15736,1.00,1.69
2017.09.19 14:25:24.437,1.15722,1.1573,1.00,1.00
2017.09.19 14:25:24.489,1.15719,1.15732,2.62,1.00
2017.09.19 14:25:25.013,1.1572,1.15731,1.50,1.00
2017.09.19 14:25:25.065,1.15721,1.15734,1.00,1.37
2017.09.19 14:25:25.118,1.15723,1.15735,1.00,2.25
2017.09.19 14:25:25.712,1.15722,1.15734,1.00,1.00
2017.09.19 14:25:26.019,1.15724,1.15735,1.00,1.00
2017.09.19 14:25:26.070,1.1572,1.15733,3.00,1.00
2017.09.19 14:25:26.123,1.15722,1.15735,1.00,1.69
2017.09.19 14:25:26.434,1.15724,1.15736,1.00,2.19
2017.09.19 14:25:26.639,1.15721,1.15736,1.00,4.12
2017.09.19 14:25:27.151,1.1572,1.15733,1.00,2.81
2017.09.19 14:25:27.203,1.15722,1.15733,1.00,1.00
2017.09.19 14:25:27.407,1.15722,1.15736,1.00,3.19
2017.09.19 14:25:27.918,1.15722,1.15736,1.25,1.50
2017.09.19 14:25:28.072,1.15725,1.15737,1.00,1.50
2017.09.19 14:25:28.327,1.15722,1.15736,1.00,1.50
2017.09.19 14:25:28.624,1.15725,1.15736,1.00,1.50
2017.09.19 14:25:28.778,1.15726,1.15738,1.00,1.31
2017.09.19 14:25:29.033,1.15725,1.15736,1.00,1.00
2017.09.19 14:25:29.136,1.15723,1.15736,1.00,1.00
2017.09.19 14:25:29.683,1.15724,1.15736,1.00,1.00
2017.09.19 14:25:30.211,1.15725,1.15737,1.00,1.12
2017.09.19 14:25:30.769,1.15727,1.1574,1.00,3.75
2017.09.19 14:25:30.872,1.15728,1.15741,1.00,1.50
2017.09.19 14:25:31.366,1.15727,1.15738,1.00,1.00
2017.09.19 14:25:31.571,1.15728,1.15742,2.25,3.94
2017.09.19 14:25:31.674,1.15729,1.15742,1.50,1.69
2017.09.19 14:25:31.725,1.15729,1.1574,1.50,1.00
2017.09.19 14:25:32.034,1.15727,1.15738,1.00,1.00
2017.09.19 14:25:32.827,1.15725,1.15738,2.25,1.00
2017.09.19 14:25:33.407,1.15725,1.15737,2.25,1.00
2017.09.19 14:25:33.972,1.15726,1.15737,1.00,1.00
2017.09.19 14:25:34.634,1.15727,1.15737,1.00,1.25
2017.09.19 14:25:34.842,1.15724,1.15736,1.00,1.19
2017.09.19 14:25:34.893,1.15722,1.15734,1.00,1.00
2017.09.19 14:25:35.869,1.15724,1.15736,1.50,1.69
2017.09.19 14:25:35.925,1.15723,1.15736,2.62,1.25
2017.09.19 14:25:36.080,1.15722,1.15732,1.37,1.00
2017.09.19 14:25:36.387,1.1572,1.15732,1.00,1.44
2017.09.19 14:25:36.497,1.1572,1.15733,1.00,1.50
2017.09.19 14:25:36.651,1.15724,1.15735,1.00,1.50
2017.09.19 14:25:36.805,1.15725,1.15737,1.00,2.25
2017.09.19 14:25:37.009,1.15723,1.15737,1.25,2.81
2017.09.19 14:25:37.543,1.15723,1.15737,1.00,3.56
2017.09.19 14:25:38.023,1.15721,1.15735,2.25,1.00
2017.09.19 14:25:38.074,1.15723,1.15733,1.00,1.00
2017.09.19 14:25:38.126,1.15719,1.15731,1.50,1.00
2017.09.19 14:25:38.280,1.15719,1.1573,1.00,1.19
2017.09.19 14:25:38.428,1.15717,1.1573,2.25,1.62
2017.09.19 14:25:38.530,1.15715,1.15729,1.00,1.69
2017.09.19 14:25:38.788,1.15717,1.15729,1.00,1.69
2017.09.19 14:25:38.839,1.15717,1.1573,1.00,2.81
2017.09.19 14:25:40.762,1.15717,1.15729,1.00,1.00
2017.09.19 14:25:40.968,1.15717,1.15727,1.00,1.00
2017.09.19 14:25:41.021,1.15714,1.15726,1.00,2.44
2017.09.19 14:25:41.073,1.15711,1.15723,1.00,1.00
2017.09.19 14:25:41.380,1.15713,1.15724,1.00,1.12
2017.09.19 14:25:42.072,1.15715,1.15726,1.00,2.25
2017.09.19 14:25:42.124,1.15715,1.15727,2.25,1.37
2017.09.19 14:25:42.176,1.15717,1.1573,1.00,2.44
2017.09.19 14:25:42.485,1.1572,1.1573,1.00,1.00
2017.09.19 14:25:43.088,1.15723,1.15734,1.00,1.50
2017.09.19 14:25:43.898,1.1572,1.15733,1.00,1.31
2017.09.19 14:25:44.051,1.15722,1.15731,1.00,1.37
2017.09.19 14:25:44.460,1.15723,1.15734,1.00,2.44
2017.09.19 14:25:44.511,1.15721,1.15732,1.00,1.00
2017.09.19 14:25:44.772,1.15719,1.15731,1.50,1.69
2017.09.19 14:25:45.306,1.15718,1.15731,2.25,1.00
2017.09.19 14:25:45.409,1.1572,1.15731,1.00,1.00
2017.09.19 14:25:46.063,1.15722,1.15731,1.00,1.50
2017.09.19 14:25:46.424,1.15719,1.15731,1.87,1.50
2017.09.19 14:25:46.951,1.15722,1.15733,1.00,2.25
2017.09.19 14:25:47.493,1.15722,1.15733,1.00,1.25
2017.09.19 14:25:48.007,1.15723,1.15735,1.00,1.44
2017.09.19 14:25:48.162,1.15721,1.15734,1.00,1.44
2017.09.19 14:25:48.317,1.15723,1.15733,1.00,2.25
2017.09.19 14:25:48.725,1.15721,1.15734,1.00,2.62
2017.09.19 14:25:49.081,1.15723,1.15734,1.00,1.69
2017.09.19 14:25:49.337,1.15721,1.15735,1.00,3.00
2017.09.19 14:25:49.743,1.15722,1.15735,1.00,1.12
2017.09.19 14:25:50.277,1.15723,1.15735,1.00,1.12
2017.09.19 14:25:50.897,1.15723,1.15733,1.00,1.25
2017.09.19 14:25:51.428,1.15722,1.15733,1.00,1.25
2017.09.19 14:25:53.143,1.15722,1.15734,1.00,1.69
2017.09.19 14:25:53.656,1.15721,1.15734,1.00,1.12
2017.09.19 14:25:54.244,1.15721,1.15734,1.00,1.62
2017.09.19 14:25:54.450,1.15718,1.15732,1.00,1.25
2017.09.19 14:25:54.863,1.15717,1.15728,1.00,1.00
2017.09.19 14:25:55.017,1.15715,1.15727,1.00,1.25
2017.09.19 14:25:55.547,1.15717,1.15728,1.00,1.25
2017.09.19 14:25:56.116,1.15716,1.15729,1.00,1.12
2017.09.19 14:25:56.528,1.1572,1.15731,1.00,1.50
2017.09.19 14:25:56.579,1.1572,1.15731,1.00,1.12
2017.09.19 14:25:57.124,1.15721,1.15734,1.00,2.44
2017.09.19 14:25:57.691,1.1572,1.15734,1.00,1.87
2017.09.19 14:25:57.828,1.15719,1.15732,1.00,1.19
2017.09.19 14:25:57.883,1.15717,1.1573,1.12,1.00
2017.09.19 14:25:57.936,1.15719,1.15732,1.00,1.00
2017.09.19 14:25:58.297,1.15716,1.15729,1.00,1.00
2017.09.19 14:25:58.988,1.15716,1.15728,1.00,1.00
2017.09.19 14:25:59.291,1.15714,1.15727,1.00,1.25
2017.09.19 14:25:59.600,1.15716,1.15728,1.00,1.50
2017.09.19 14:26:00.101,1.15715,1.15728,1.00,2.25
2017.09.19 14:26:00.316,1.15713,1.15727,1.50,1.00
2017.09.19 14:26:00.368,1.15715,1.15728,1.00,1.50
2017.09.19 14:26:00.521,1.15713,1.15727,1.50,1.00
2017.09.19 14:26:01.033,1.15714,1.15728,1.00,1.31
2017.09.19 14:26:01.085,1.15715,1.15729,1.00,2.44
2017.09.19 14:26:01.589,1.15715,1.15728,1.00,1.50
2017.09.19 14:26:02.113,1.15714,1.15727,1.00,1.00
2017.09.19 14:26:02.350,1.15716,1.15728,1.00,1.50
2017.09.19 14:26:02.746,1.15714,1.15727,1.00,1.00
2017.09.19 14:26:03.055,1.15713,1.15725,1.00,1.50
2017.09.19 14:26:03.460,1.1571,1.15723,1.50,1.69
2017.09.19 14:26:04.038,1.1571,1.15723,1.00,1.87
2017.09.19 14:26:04.344,1.15715,1.15728,1.00,2.25
2017.09.19 14:26:04.395,1.15713,1.15727,1.00,1.00
2017.09.19 14:26:04.933,1.15714,1.15727,1.00,1.25
2017.09.19 14:26:05.440,1.15718,1.15727,1.00,1.00
2017.09.19 14:26:05.548,1.15715,1.15729,1.50,1.50
2017.09.19 14:26:05.601,1.15717,1.15729,1.00,1.87
2017.09.19 14:26:06.074,1.15717,1.15726,1.50,1.00
2017.09.19 14:26:06.229,1.15712,1.15726,1.37,1.44
2017.09.19 14:26:06.280,1.15713,1.15727,1.50,1.37
2017.09.19 14:26:06.688,1.1571,1.15723,1.00,2.06
2017.09.19 14:26:07.034,1.15713,1.15725,1.00,1.31
2017.09.19 14:26:07.342,1.15716,1.15727,1.00,1.69
2017.09.19 14:26:07.394,1.15713,1.15726,1.00,1.00
2017.09.19 14:26:07.446,1.15716,1.15726,1.00,1.00
2017.09.19 14:26:07.549,1.15717,1.1573,1.00,1.94
2017.09.19 14:26:07.913,1.15715,1.1573,1.50,1.19
2017.09.19 14:26:08.279,1.15716,1.15731,1.25,1.19
2017.09.19 14:26:08.586,1.15719,1.1573,1.00,1.44
2017.09.19 14:26:09.135,1.15717,1.15731,1.50,1.00
2017.09.19 14:26:09.186,1.15716,1.15728,1.00,1.19
2017.09.19 14:26:09.492,1.15713,1.15727,1.50,1.25
2017.09.19 14:26:09.603,1.15715,1.15727,1.00,1.25
2017.09.19 14:26:09.976,1.15712,1.15725,1.50,1.00
2017.09.19 14:26:10.027,1.15711,1.15723,1.50,1.00
2017.09.19 14:26:10.336,1.15713,1.15725,1.00,1.25
2017.09.19 14:26:10.682,1.15711,1.15724,1.12,1.12
2017.09.19 14:26:11.199,1.1571,1.15723,1.00,1.25
2017.09.19 14:26:12.034,1.15709,1.15721,1.00,1.44
2017.09.19 14:26:12.188,1.15707,1.1572,1.00,1.25
2017.09.19 14:26:12.546,1.15706,1.15717,1.00,1.25
2017.09.19 14:26:12.648,1.15704,1.15719,1.12,1.87
2017.09.19 14:26:12.843,1.15707,1.15719,1.00,1.25
2017.09.19 14:26:13.497,1.15705,1.15715,1.00,1.00
2017.09.19 14:26:13.750,1.15697,1.15709,1.12,1.50
2017.09.19 14:26:14.589,1.15698,1.15709,1.00,1.00
2017.09.19 14:26:14.743,1.15698,1.15711,1.00,1.31
2017.09.19 14:26:14.846,1.15702,1.15712,1.00,1.50
2017.09.19 14:26:15.038,1.15704,1.15715,1.00,1.25
2017.09.19 14:26:16.027,1.15704,1.15716,1.00,1.50
2017.09.19 14:26:16.365,1.15706,1.15718,1.00,1.87
2017.09.19 14:26:16.879,1.15706,1.15717,1.00,1.00
2017.09.19 14:26:17.925,1.15706,1.15718,1.00,3.00
2017.09.19 14:26:18.430,1.15706,1.15718,1.00,1.19
2017.09.19 14:26:18.956,1.15705,1.15717,1.00,1.25
2017.09.19 14:26:19.479,1.15705,1.15718,1.00,3.00
2017.09.19 14:26:20.025,1.15705,1.15717,1.00,1.25
2017.09.19 14:26:20.350,1.15701,1.15713,1.00,1.25
2017.09.19 14:26:20.666,1.15704,1.15714,1.00,1.12
2017.09.19 14:26:20.940,1.15701,1.15713,1.00,1.50
2017.09.19 14:26:21.145,1.15699,1.15712,1.00,1.00
2017.09.19 14:26:21.698,1.15701,1.15714,1.00,1.00
2017.09.19 14:26:22.006,1.15699,1.15712,1.37,1.00
2017.09.19 14:26:22.528,1.15699,1.15711,1.00,1.00
2017.09.19 14:26:23.045,1.157,1.15715,2.44,2.00
2017.09.19 14:26:23.149,1.15702,1.15716,1.00,1.12
2017.09.19 14:26:23.305,1.15704,1.15716,1.00,2.25
2017.09.19 14:26:23.537,1.15702,1.15715,1.00,1.50
2017.09.19 14:26:23.896,1.15704,1.15715,1.00,1.50
2017.09.19 14:26:24.471,1.15703,1.15715,1.00,1.00
2017.09.19 14:26:25.067,1.15702,1.15715,1.00,1.25
2017.09.19 14:26:25.272,1.15698,1.15712,1.12,2.44
2017.09.19 14:26:26.154,1.15697,1.15712,1.00,1.25
2017.09.19 14:26:26.706,1.15697,1.15712,1.00,1.87
2017.09.19 14:26:27.139,1.15697,1.15709,1.00,1.00
2017.09.19 14:26:27.650,1.15698,1.1571,1.00,2.62
2017.09.19 14:26:28.178,1.15698,1.15712,1.00,2.06
2017.09.19 14:26:28.689,1.15698,1.1571,1.00,1.25
2017.09.19 14:26:29.864,1.15696,1.15709,1.00,2.44
2017.09.19 14:26:29.916,1.15698,1.15709,1.00,2.44
2017.09.19 14:26:30.222,1.15697,1.15707,1.00,1.00
2017.09.19 14:26:30.746,1.15698,1.15707,1.00,1.00
2017.09.19 14:26:32.316,1.15698,1.15708,1.00,1.00
2017.09.19 14:26:32.419,1.15698,1.1571,1.00,1.25
2017.09.19 14:26:32.930,1.15698,1.15711,1.00,1.12
2017.09.19 14:26:33.443,1.15697,1.1571,1.00,1.00
2017.09.19 14:26:33.700,1.15696,1.15709,1.00,1.69
2017.09.19 14:26:34.047,1.15698,1.1571,1.00,2.44
2017.09.19 14:26:34.593,1.15694,1.15706,1.00,1.00
2017.09.19 14:26:34.696,1.15692,1.15704,1.00,1.00
2017.09.19 14:26:35.003,1.15698,1.1571,1.25,2.19
2017.09.19 14:26:35.195,1.15698,1.15709,1.00,1.00
2017.09.19 14:26:35.348,1.15696,1.15708,1.00,1.25
2017.09.19 14:26:36.230,1.15696,1.15707,1.00,1.50
2017.09.19 14:26:36.768,1.15698,1.15707,1.00,1.50
2017.09.19 14:26:36.972,1.15696,1.15708,1.00,1.50
2017.09.19 14:26:37.521,1.15697,1.15708,1.00,1.50
2017.09.19 14:26:38.042,1.15697,1.1571,1.00,2.25
2017.09.19 14:26:38.247,1.15699,1.15711,1.00,1.87
2017.09.19 14:26:38.784,1.157,1.15711,1.00,1.25
2017.09.19 14:26:39.299,1.15699,1.15711,1.00,3.19
2017.09.19 14:26:39.818,1.15698,1.1571,1.00,1.25
2017.09.19 14:26:40.931,1.15697,1.1571,1.00,2.44
2017.09.19 14:26:42.894,1.15697,1.15709,1.00,1.25
2017.09.19 14:26:43.203,1.15697,1.15707,1.00,1.50
2017.09.19 14:26:43.358,1.15697,1.15711,1.00,3.37
2017.09.19 14:26:43.888,1.15698,1.15711,1.00,3.37
2017.09.19 14:26:47.795,1.15698,1.15711,1.00,1.87
2017.09.19 14:26:48.140,1.15701,1.15715,1.00,3.19
2017.09.19 14:26:48.464,1.15703,1.15715,1.00,2.06
2017.09.19 14:26:49.398,1.15702,1.15714,1.00,1.19
2017.09.19 14:26:49.552,1.157,1.15712,1.00,1.69
2017.09.19 14:26:50.055,1.15699,1.15712,1.00,1.69
2017.09.19 14:26:50.423,1.15701,1.15711,1.00,1.69
2017.09.19 14:26:52.351,1.15701,1.15712,1.00,1.00
2017.09.19 14:26:52.659,1.15707,1.15717,1.00,1.00
2017.09.19 14:26:52.916,1.15705,1.15718,1.00,2.25
2017.09.19 14:26:52.968,1.15705,1.15716,1.00,1.50
2017.09.19 14:26:53.298,1.15703,1.15716,1.00,2.19
2017.09.19 14:26:53.612,1.15713,1.15723,1.00,2.25
2017.09.19 14:26:53.664,1.15713,1.15723,1.00,1.50
2017.09.19 14:26:53.716,1.1571,1.15721,1.00,1.50
2017.09.19 14:26:53.818,1.15713,1.15723,1.00,1.50
2017.09.19 14:26:54.085,1.15711,1.15724,1.00,1.87
2017.09.19 14:26:54.137,1.15713,1.15724,1.00,1.69
2017.09.19 14:26:54.240,1.15711,1.15723,1.00,1.25
2017.09.19 14:26:54.782,1.15711,1.15722,1.00,1.25
2017.09.19 14:26:55.722,1.15712,1.15722,1.00,1.69
2017.09.19 14:26:57.084,1.15713,1.15727,1.00,2.44
2017.09.19 14:26:57.136,1.15715,1.15727,1.00,2.44
2017.09.19 14:26:57.187,1.15715,1.15725,1.00,1.50
2017.09.19 14:26:57.649,1.15717,1.15728,1.00,2.44
2017.09.19 14:26:58.073,1.15717,1.15728,1.00,1.50
2017.09.19 14:26:58.533,1.15717,1.1573,1.00,2.25
2017.09.19 14:27:00.162,1.15718,1.1573,1.00,1.50
2017.09.19 14:27:01.005,1.15719,1.15729,1.00,1.00
2017.09.19 14:27:01.057,1.15721,1.1573,1.00,1.12
2017.09.19 14:27:01.419,1.15723,1.15733,1.00,1.50
2017.09.19 14:27:01.470,1.15723,1.15733,1.00,1.00
2017.09.19 14:27:01.722,1.15721,1.15733,1.00,2.44
2017.09.19 14:27:01.961,1.15719,1.15729,1.00,1.50
2017.09.19 14:27:02.267,1.15721,1.15731,1.00,1.00
2017.09.19 14:27:02.421,1.15719,1.1573,1.00,1.50
2017.09.19 14:27:02.973,1.1572,1.1573,1.00,1.50
2017.09.19 14:27:03.401,1.15722,1.15729,1.00,1.87
2017.09.19 14:27:03.989,1.15721,1.1573,1.00,1.00
2017.09.19 14:27:04.524,1.15721,1.15729,1.00,1.00
2017.09.19 14:27:05.150,1.15721,1.1573,1.00,1.00
2017.09.19 14:27:05.457,1.15724,1.15732,1.00,1.12
2017.09.19 14:27:05.825,1.15722,1.15736,1.00,1.94
2017.09.19 14:27:05.877,1.15724,1.15736,1.00,1.19
2017.09.19 14:27:06.236,1.15726,1.15736,1.00,1.00
2017.09.19 14:27:06.613,1.15721,1.15731,1.00,1.50
2017.09.19 14:27:06.921,1.15726,1.15736,1.00,1.69
2017.09.19 14:27:07.228,1.1573,1.15736,1.00,1.00
2017.09.19 14:27:07.547,1.15732,1.1574,1.00,1.87
2017.09.19 14:27:07.599,1.15732,1.1574,1.00,1.50
2017.09.19 14:27:07.947,1.15727,1.15737,1.00,2.25
2017.09.19 14:27:08.100,1.15726,1.15735,1.00,1.00
2017.09.19 14:27:08.650,1.15724,1.15734,1.00,1.25
2017.09.19 14:27:08.958,1.15719,1.15733,1.00,1.69
2017.09.19 14:27:09.010,1.15718,1.1573,1.00,2.25
2017.09.19 14:27:09.550,1.15718,1.15729,1.00,1.00
2017.09.19 14:27:10.096,1.15719,1.15729,1.00,1.25
2017.09.19 14:27:10.403,1.15719,1.15727,1.00,1.12
2017.09.19 14:27:10.556,1.15715,1.15727,1.50,1.12
2017.09.19 14:27:10.608,1.15715,1.15724,1.00,1.00
2017.09.19 14:27:10.711,1.15717,1.15728,1.00,1.37
2017.09.19 14:27:11.261,1.15717,1.15726,1.00,1.00
2017.09.19 14:27:11.364,1.15715,1.15728,1.00,1.37
2017.09.19 14:27:11.416,1.15717,1.15729,1.00,1.69
2017.09.19 14:27:11.699,1.1572,1.15732,1.00,4.12
2017.09.19 14:27:11.751,1.15717,1.15728,1.00,1.00
2017.09.19 14:27:12.109,1.15718,1.15731,1.00,2.81
2017.09.19 14:27:12.637,1.15719,1.1573,1.00,1.00
2017.09.19 14:27:12.893,1.15719,1.15727,1.00,1.50
2017.09.19 14:27:13.048,1.15719,1.1573,1.00,1.25
2017.09.19 14:27:13.100,1.15719,1.1573,1.00,2.44
2017.09.19 14:27:13.623,1.15719,1.1573,1.00,2.62
2017.09.19 14:27:14.174,1.15718,1.1573,1.00,2.44
2017.09.19 14:27:14.874,1.15718,1.15729,1.00,1.00
2017.09.19 14:27:15.440,1.15718,1.1573,1.00,2.44
2017.09.19 14:27:16.272,1.15718,1.15731,1.00,1.87
2017.09.19 14:27:16.887,1.15723,1.1573,1.00,1.00
2017.09.19 14:27:16.938,1.15721,1.15732,1.00,2.25
2017.09.19 14:27:17.243,1.15723,1.15732,1.00,1.50
2017.09.19 14:27:17.448,1.15723,1.15733,1.00,1.00
2017.09.19 14:27:17.601,1.15721,1.15732,1.00,2.44
2017.09.19 14:27:17.653,1.15721,1.1573,1.00,1.00
2017.09.19 14:27:17.756,1.15719,1.1573,1.00,1.00
2017.09.19 14:27:19.781,1.15718,1.1573,1.00,1.25
2017.09.19 14:27:20.296,1.15717,1.15729,1.00,1.00
2017.09.19 14:27:20.963,1.15717,1.15728,1.00,1.00
2017.09.19 14:27:21.016,1.15714,1.15727,1.00,3.19
2017.09.19 14:27:21.324,1.15716,1.15726,1.00,2.81
2017.09.19 14:27:22.019,1.15715,1.15726,1.00,2.81
2017.09.19 14:27:22.566,1.15714,1.15726,1.00,2.81
2017.09.19 14:27:22.908,1.15719,1.15728,1.00,1.75
2017.09.19 14:27:23.062,1.15717,1.15729,1.00,1.62
2017.09.19 14:27:23.540,1.15716,1.15725,1.00,1.12
2017.09.19 14:27:23.752,1.15717,1.15727,1.00,1.50
2017.09.19 14:27:24.327,1.15714,1.15725,1.00,1.00
2017.09.19 14:27:24.430,1.15717,1.15726,1.00,1.00
2017.09.19 14:27:24.583,1.15715,1.15726,1.00,1.00
2017.09.19 14:27:24.991,1.15718,1.15729,1.00,3.19
2017.09.19 14:27:25.094,1.15716,1.15728,1.00,1.87
2017.09.19 14:27:25.305,1.15714,1.15727,1.00,3.19
2017.09.19 14:27:25.628,1.15713,1.15724,1.00,1.50
2017.09.19 14:27:26.229,1.15713,1.15725,1.00,1.87
2017.09.19 14:27:26.776,1.15712,1.15724,1.00,1.50
2017.09.19 14:27:27.084,1.15714,1.15724,1.00,1.00
2017.09.19 14:27:27.614,1.15714,1.15723,1.00,1.50
2017.09.19 14:27:28.213,1.1572,1.15725,1.00,1.12
2017.09.19 14:27:28.503,1.15718,1.15729,1.00,3.75
2017.09.19 14:27:28.555,1.1572,1.15731,1.00,1.75
2017.09.19 14:27:28.862,1.15717,1.15726,1.00,1.00
2017.09.19 14:27:28.914,1.15715,1.15726,1.00,1.00
2017.09.19 14:27:28.967,1.15714,1.15726,1.00,1.19
2017.09.19 14:27:29.020,1.15712,1.15724,3.00,1.50
2017.09.19 14:27:29.072,1.15714,1.15724,1.00,1.50
2017.09.19 14:27:29.393,1.15716,1.15725,1.00,1.00
2017.09.19 14:27:29.999,1.15715,1.15725,1.00,1.25
2017.09.19 14:27:30.518,1.15715,1.15726,1.00,1.00
2017.09.19 14:27:31.034,1.15716,1.15726,1.00,1.00
2017.09.19 14:27:31.291,1.15712,1.15723,1.50,1.00
2017.09.19 14:27:31.547,1.15716,1.15724,1.00,1.37
2017.09.19 14:27:31.650,1.15717,1.15728,1.00,1.37
2017.09.19 14:27:31.701,1.15719,1.1573,1.00,1.37
2017.09.19 14:27:31.852,1.15721,1.15732,1.00,1.50
2017.09.19 14:27:31.904,1.15721,1.15729,1.00,2.44
2017.09.19 14:27:31.955,1.15716,1.15729,1.37,3.19
2017.09.19 14:27:32.418,1.15715,1.15726,1.00,1.50
2017.09.19 14:27:32.522,1.15713,1.15725,1.00,1.12
2017.09.19 14:27:32.676,1.15716,1.15722,1.00,1.12
2017.09.19 14:27:32.779,1.15716,1.15725,1.00,1.62
2017.09.19 14:27:33.337,1.15716,1.15726,1.00,1.31
2017.09.19 14:27:33.543,1.15714,1.15726,1.12,1.50
2017.09.19 14:27:33.596,1.15716,1.15727,1.00,1.50
2017.09.19 14:27:33.826,1.15718,1.1573,1.00,1.50
2017.09.19 14:27:34.135,1.15716,1.15729,1.00,1.25
2017.09.19 14:27:34.238,1.15716,1.15728,1.00,1.19
2017.09.19 14:27:34.612,1.15716,1.1573,1.00,2.44
2017.09.19 14:27:35.127,1.15717,1.15732,1.00,3.19
2017.09.19 14:27:35.312,1.15717,1.15732,1.00,2.44
2017.09.19 14:27:35.622,1.15719,1.15732,1.00,3.37
2017.09.19 14:27:37.099,1.1572,1.15732,1.00,3.19
2017.09.19 14:27:37.995,1.15718,1.15732,1.00,3.37
2017.09.19 14:27:40.999,1.15718,1.15729,1.00,1.00
2017.09.19 14:27:41.051,1.15716,1.15729,1.00,1.69
2017.09.19 14:27:41.154,1.15714,1.15724,1.12,1.00
2017.09.19 14:27:41.464,1.15716,1.15728,1.00,1.00
2017.09.19 14:27:41.611,1.15714,1.15728,1.00,1.50
2017.09.19 14:27:42.060,1.15714,1.15726,1.00,1.50
2017.09.19 14:27:42.368,1.15711,1.15723,1.00,1.69
2017.09.19 14:27:43.126,1.15713,1.15724,1.00,1.00
2017.09.19 14:27:43.434,1.15718,1.15729,1.00,1.50
2017.09.19 14:27:43.486,1.15717,1.15729,1.00,1.12
2017.09.19 14:27:44.410,1.1572,1.1573,1.00,1.00
2017.09.19 14:27:44.863,1.15717,1.1573,1.00,1.00
2017.09.19 14:27:44.915,1.15719,1.15729,1.00,1.00
2017.09.19 14:27:45.324,1.1572,1.15732,1.00,2.25
2017.09.19 14:27:45.428,1.15722,1.15732,1.00,2.25
2017.09.19 14:27:45.585,1.15718,1.15731,1.50,1.25
2017.09.19 14:27:45.938,1.1572,1.15732,1.00,3.00
2017.09.19 14:27:46.091,1.15721,1.15733,1.00,1.87
2017.09.19 14:27:46.713,1.1572,1.15733,1.00,1.50
2017.09.19 14:27:47.367,1.15716,1.15728,2.25,1.50
2017.09.19 14:27:47.571,1.15715,1.15728,1.00,2.44
2017.09.19 14:27:47.725,1.15717,1.15728,1.00,1.50
2017.09.19 14:27:48.274,1.15715,1.15728,1.00,1.00
2017.09.19 14:27:48.325,1.15713,1.15727,1.37,1.69
2017.09.19 14:27:48.480,1.15712,1.15725,2.62,1.00
2017.09.19 14:27:49.513,1.15714,1.15725,1.00,1.50
2017.09.19 14:27:50.034,1.15715,1.15726,1.00,1.50
2017.09.19 14:27:50.338,1.15709,1.1572,1.12,1.00
2017.09.19 14:27:51.126,1.15711,1.1572,1.00,1.12
2017.09.19 14:27:51.299,1.15711,1.15722,1.00,1.50
2017.09.19 14:27:51.809,1.1571,1.15722,1.00,1.50
2017.09.19 14:27:52.177,1.15708,1.15722,1.00,2.25
2017.09.19 14:27:52.235,1.1571,1.15723,1.00,2.44
2017.09.19 14:27:52.714,1.15708,1.15721,1.00,1.25
2017.09.19 14:27:53.082,1.15706,1.15719,1.50,1.50
2017.09.19 14:27:54.546,1.15708,1.1572,1.00,1.50
2017.09.19 14:27:54.853,1.1571,1.15722,1.00,1.00
2017.09.19 14:27:55.398,1.15709,1.15722,1.00,1.31
2017.09.19 14:27:56.176,1.1571,1.15722,1.00,1.12
2017.09.19 14:27:56.482,1.1571,1.15719,1.00,1.50
2017.09.19 14:27:57.066,1.15711,1.15721,1.00,2.25
2017.09.19 14:27:57.966,1.1571,1.15721,1.00,1.00
2017.09.19 14:27:59.867,1.1571,1.15722,1.00,3.00
2017.09.19 14:28:00.309,1.15708,1.15717,1.00,1.50
2017.09.19 14:28:00.621,1.15709,1.15721,1.00,1.50
2017.09.19 14:28:01.541,1.15708,1.15718,1.00,1.50
2017.09.19 14:28:01.644,1.15706,1.15718,1.00,1.50
2017.09.19 14:28:01.800,1.15708,1.15718,1.00,1.50
2017.09.19 14:28:02.351,1.15707,1.15717,1.00,1.50
2017.09.19 14:28:02.510,1.15705,1.15717,1.00,1.50
2017.09.19 14:28:02.667,1.15707,1.15718,1.00,1.50
2017.09.19 14:28:02.720,1.15704,1.15718,1.87,2.44
2017.09.19 14:28:03.231,1.15706,1.15717,1.00,1.50
2017.09.19 14:28:03.552,1.15708,1.1572,1.00,1.50
2017.09.19 14:28:04.056,1.15707,1.15719,1.00,1.50
2017.09.19 14:28:04.214,1.15704,1.15717,1.87,1.50
2017.09.19 14:28:04.728,1.15706,1.15717,1.00,1.50
2017.09.19 14:28:07.075,1.15704,1.15717,1.50,1.50
2017.09.19 14:28:07.593,1.15702,1.15715,1.00,1.19
2017.09.19 14:28:07.748,1.157,1.15713,1.87,1.00
2017.09.19 14:28:07.799,1.15702,1.15713,1.00,1.00
2017.09.19 14:28:08.117,1.157,1.15713,1.87,1.50
2017.09.19 14:28:08.634,1.15701,1.15713,1.00,1.50
2017.09.19 14:28:09.286,1.15701,1.15712,1.50,1.50
2017.09.19 14:28:10.604,1.157,1.15712,1.12,1.50
2017.09.19 14:28:10.706,1.15698,1.1571,1.50,1.50
2017.09.19 14:28:10.757,1.15696,1.1571,1.75,1.50
2017.09.19 14:28:11.303,1.157,1.15709,1.00,1.50
2017.09.19 14:28:11.355,1.157,1.15713,1.00,1.69
2017.09.19 14:28:11.872,1.15699,1.15713,1.50,1.69
2017.09.19 14:28:12.481,1.157,1.15712,1.00,1.50
2017.09.19 14:28:13.075,1.15699,1.15713,1.00,2.44
2017.09.19 14:28:13.128,1.15701,1.15712,1.00,1.50
2017.09.19 14:28:13.181,1.15697,1.1571,1.12,1.00
2017.09.19 14:28:13.716,1.15696,1.1571,1.50,2.25
2017.09.19 14:28:14.106,1.15698,1.15708,1.00,1.50
2017.09.19 14:28:14.261,1.15695,1.15708,1.00,1.50
2017.09.19 14:28:14.313,1.15697,1.1571,1.00,1.00
2017.09.19 14:28:14.596,1.15694,1.15708,1.50,2.44
2017.09.19 14:28:15.189,1.15694,1.15706,1.00,1.00
2017.09.19 14:28:15.240,1.15692,1.15705,1.00,1.69
2017.09.19 14:28:15.292,1.15691,1.15703,1.00,1.50
2017.09.19 14:28:15.394,1.15687,1.15703,2.62,2.25
2017.09.19 14:28:15.446,1.15688,1.15702,1.50,1.19
2017.09.19 14:28:15.753,1.15686,1.15701,1.00,2.44
2017.09.19 14:28:16.694,1.15686,1.157,1.00,1.00
2017.09.19 14:28:16.893,1.15692,1.15701,1.50,1.00
2017.09.19 14:28:17.204,1.15691,1.15702,1.37,1.00
2017.09.19 14:28:17.359,1.15691,1.15702,1.00,1.50
2017.09.19 14:28:17.783,1.15693,1.15702,1.00,1.50
2017.09.19 14:28:17.937,1.15696,1.15708,1.00,1.00
2017.09.19 14:28:18.446,1.15696,1.15709,1.00,1.12
2017.09.19 14:28:18.801,1.15698,1.15709,1.00,1.00
2017.09.19 14:28:19.110,1.15694,1.15707,1.50,1.69
2017.09.19 14:28:19.625,1.15694,1.15706,1.50,1.12
2017.09.19 14:28:19.676,1.15692,1.15706,1.00,1.12
2017.09.19 14:28:20.407,1.15694,1.15707,1.50,1.69
2017.09.19 14:28:21.007,1.15693,1.15707,1.50,1.69
2017.09.19 14:28:21.535,1.15696,1.15708,1.00,1.12
2017.09.19 14:28:21.883,1.15698,1.1571,1.00,1.00
2017.09.19 14:28:22.824,1.15698,1.15711,2.25,1.12
2017.09.19 14:28:23.566,1.15698,1.1571,2.25,1.00
2017.09.19 14:28:24.110,1.15698,1.15711,1.00,1.12
2017.09.19 14:28:25.102,1.15698,1.1571,1.00,1.00
2017.09.19 14:28:25.659,1.15698,1.15711,1.00,1.12
2017.09.19 14:28:25.982,1.15703,1.15716,1.00,1.76
2017.09.19 14:28:26.289,1.15706,1.15718,1.00,1.50
2017.09.19 14:28:26.787,1.15704,1.15716,1.00,1.50
2017.09.19 14:28:27.301,1.15702,1.15714,1.00,1.00
2017.09.19 14:28:27.754,1.15704,1.15714,1.00,1.00
2017.09.19 14:28:27.812,1.15704,1.15717,1.00,1.12
2017.09.19 14:28:27.864,1.15707,1.15716,1.00,1.50
2017.09.19 14:28:28.068,1.15705,1.15715,1.00,1.50
2017.09.19 14:28:28.171,1.15703,1.15716,1.00,1.69
2017.09.19 14:28:28.376,1.15705,1.15717,1.00,1.25
2017.09.19 14:28:28.705,1.15701,1.15714,1.00,1.25
2017.09.19 14:28:29.217,1.15702,1.15713,1.00,2.62
2017.09.19 14:28:29.648,1.15699,1.15711,1.00,1.69
2017.09.19 14:28:29.960,1.15696,1.15708,1.00,1.00
2017.09.19 14:28:30.012,1.15698,1.1571,1.00,1.50
2017.09.19 14:28:30.217,1.15703,1.15716,1.00,1.31
2017.09.19 14:28:30.810,1.15702,1.15716,1.50,1.31
2017.09.19 14:28:31.335,1.15702,1.15716,1.50,1.31
2017.09.19 14:28:32.029,1.15701,1.15715,1.00,3.19
2017.09.19 14:28:32.388,1.157,1.15713,1.00,1.00
2017.09.19 14:28:33.225,1.157,1.15714,1.00,1.12
2017.09.19 14:28:33.572,1.15696,1.15711,1.00,1.69
2017.09.19 14:28:34.025,1.15698,1.1571,1.00,1.00
2017.09.19 14:28:34.340,1.157,1.15712,1.00,1.00
2017.09.19 14:28:34.843,1.15701,1.15712,1.00,1.50
2017.09.19 14:28:35.354,1.15703,1.15715,1.00,1.87
2017.09.19 14:28:35.405,1.15703,1.15715,1.00,1.50
2017.09.19 14:28:35.647,1.15705,1.15715,1.00,1.50
2017.09.19 14:28:35.699,1.15706,1.15717,1.00,1.00
2017.09.19 14:28:35.801,1.15708,1.15721,1.00,3.94
2017.09.19 14:28:35.853,1.15704,1.15719,3.75,1.50
2017.09.19 14:28:35.907,1.15706,1.1572,1.50,3.37
2017.09.19 14:28:36.214,1.15715,1.15726,1.00,3.19
2017.09.19 14:28:36.344,1.15715,1.15726,1.00,2.81
2017.09.19 14:28:36.991,1.15714,1.15726,1.00,1.25
2017.09.19 14:28:38.245,1.15714,1.15727,1.00,3.00
2017.09.19 14:28:39.137,1.15712,1.15726,1.00,1.69
2017.09.19 14:28:39.445,1.1571,1.1572,1.00,1.00
2017.09.19 14:28:39.651,1.15707,1.15718,1.50,1.00
2017.09.19 14:28:39.899,1.15703,1.15715,1.00,1.00
2017.09.19 14:28:40.003,1.15706,1.15715,1.00,1.00
2017.09.19 14:28:40.259,1.15707,1.15717,1.00,1.87
2017.09.19 14:28:40.312,1.15709,1.1572,1.00,1.75
2017.09.19 14:28:40.365,1.15707,1.1572,1.00,2.19
2017.09.19 14:28:40.725,1.15705,1.15718,1.00,1.00
2017.09.19 14:28:40.778,1.15703,1.15716,1.50,1.00
2017.09.19 14:28:41.282,1.15703,1.15716,1.00,1.00
2017.09.19 14:28:42.099,1.15703,1.15716,1.00,1.69
2017.09.19 14:28:43.110,1.15703,1.15716,1.00,1.25
2017.09.19 14:28:43.416,1.15697,1.15708,1.00,1.12
2017.09.19 14:28:47.885,1.15698,1.15708,1.00,1.12
2017.09.19 14:28:48.229,1.15692,1.15704,1.00,1.00
2017.09.19 14:28:48.733,1.15692,1.15703,1.00,1.00
2017.09.19 14:28:49.267,1.15693,1.15703,1.00,1.00
2017.09.19 14:28:49.824,1.15693,1.15704,1.00,1.00
2017.09.19 14:28:49.876,1.15695,1.15704,1.00,1.00
2017.09.19 14:28:50.446,1.15696,1.15705,1.00,1.00
2017.09.19 14:28:50.752,1.15696,1.15708,1.00,1.12
2017.09.19 14:28:51.303,1.15696,1.15707,1.00,1.00
2017.09.19 14:28:51.647,1.15694,1.15706,1.00,3.00
2017.09.19 14:28:52.162,1.15695,1.15705,1.00,1.12
2017.09.19 14:28:52.345,1.15695,1.15707,1.00,2.25
2017.09.19 14:28:52.729,1.15697,1.15707,1.00,1.50
2017.09.19 14:28:52.933,1.157,1.15712,1.00,1.50
2017.09.19 14:28:53.036,1.15703,1.15712,1.00,1.00
2017.09.19 14:28:53.291,1.15701,1.15713,1.00,1.25
2017.09.19 14:28:53.938,1.15702,1.15714,1.00,1.19
2017.09.19 14:28:55.132,1.15703,1.15713,1.00,1.25
2017.09.19 14:28:55.388,1.15706,1.15714,1.00,1.00
2017.09.19 14:28:55.440,1.15704,1.15715,1.00,1.69
2017.09.19 14:28:55.697,1.15702,1.15715,1.00,1.12
2017.09.19 14:28:56.211,1.15702,1.15715,1.00,1.44
2017.09.19 14:28:56.262,1.15704,1.15715,1.00,1.19
2017.09.19 14:28:56.467,1.15702,1.15714,1.00,1.25
2017.09.19 14:28:57.267,1.15702,1.15713,1.00,1.00
2017.09.19 14:28:59.099,1.15702,1.15715,1.00,1.19
2017.09.19 14:28:59.548,1.15704,1.15714,1.00,1.25
2017.09.19 14:29:00.082,1.15703,1.15714,1.00,1.25
2017.09.19 14:29:00.597,1.15703,1.15713,1.00,1.00
2017.09.19 14:29:01.127,1.15703,1.15714,1.00,1.25
2017.09.19 14:29:03.229,1.15707,1.15715,1.00,1.00
2017.09.19 14:29:03.384,1.15709,1.15719,1.00,1.50
2017.09.19 14:29:03.579,1.15708,1.1572,1.00,1.00
2017.09.19 14:29:04.173,1.15708,1.15719,1.00,1.00
2017.09.19 14:29:04.329,1.15707,1.15717,1.00,1.25
2017.09.19 14:29:04.500,1.15704,1.15716,3.00,1.00
2017.09.19 14:29:04.552,1.15704,1.15716,1.00,1.44
2017.09.19 14:29:05.082,1.15704,1.15713,1.00,1.00
2017.09.19 14:29:05.620,1.15704,1.15714,1.00,1.12
2017.09.19 14:29:05.835,1.15701,1.15713,1.00,1.69
2017.09.19 14:29:05.887,1.15698,1.15708,1.00,1.00
2017.09.19 14:29:06.043,1.15693,1.15705,1.12,1.19
2017.09.19 14:29:06.095,1.15694,1.15707,1.00,1.44
2017.09.19 14:29:06.392,1.15696,1.15708,1.00,3.00
2017.09.19 14:29:06.495,1.15694,1.15705,1.00,1.00
2017.09.19 14:29:06.546,1.15692,1.15705,1.00,1.00
2017.09.19 14:29:06.957,1.15692,1.15702,1.00,1.00
2017.09.19 14:29:07.444,1.15685,1.15696,2.62,1.00
2017.09.19 14:29:07.955,1.15684,1.15696,1.00,1.00
2017.09.19 14:29:08.006,1.15681,1.15693,3.00,1.00
2017.09.19 14:29:08.524,1.15682,1.15694,1.00,1.37
2017.09.19 14:29:09.046,1.15681,1.15694,1.00,3.37
2017.09.19 14:29:09.581,1.15683,1.15693,1.00,1.50
2017.09.19 14:29:10.084,1.15682,1.15693,1.00,1.50
2017.09.19 14:29:10.598,1.15683,1.15693,1.00,1.50
2017.09.19 14:29:11.344,1.15683,1.15695,1.00,1.69
2017.09.19 14:29:11.859,1.15683,1.15696,1.00,3.37
2017.09.19 14:29:12.863,1.15684,1.15696,1.00,2.62
2017.09.19 14:29:13.371,1.15685,1.15695,1.00,2.62
2017.09.19 14:29:16.860,1.15687,1.15695,1.00,1.87
2017.09.19 14:29:16.911,1.15687,1.15699,1.00,2.81
2017.09.19 14:29:18.130,1.15685,1.15694,1.00,1.00
2017.09.19 14:29:18.287,1.15676,1.15687,1.00,1.69
2017.09.19 14:29:18.340,1.15678,1.15689,1.00,1.00
2017.09.19 14:29:18.553,1.15682,1.15696,1.00,3.00
2017.09.19 14:29:19.068,1.15683,1.15695,1.00,1.87
2017.09.19 14:29:19.172,1.15681,1.15694,1.00,1.25
2017.09.19 14:29:19.939,1.15681,1.15693,1.00,1.25
2017.09.19 14:29:20.542,1.15681,1.15693,1.00,1.19
2017.09.19 14:29:21.076,1.15681,1.15694,1.00,2.06
2017.09.19 14:29:21.283,1.15684,1.15694,1.00,1.00
2017.09.19 14:29:21.334,1.15682,1.15693,1.00,1.00
2017.09.19 14:29:21.864,1.15681,1.15694,1.00,1.00
2017.09.19 14:29:22.290,1.15684,1.15695,1.00,1.12
2017.09.19 14:29:22.711,1.15682,1.15693,1.00,1.00
2017.09.19 14:29:22.818,1.15679,1.15691,1.50,1.25
2017.09.19 14:29:22.870,1.15679,1.15689,1.00,1.69
2017.09.19 14:29:23.380,1.15678,1.15688,1.00,1.69
2017.09.19 14:29:25.058,1.1568,1.1569,1.00,1.50
2017.09.19 14:29:25.568,1.15678,1.15689,1.00,1.00
2017.09.19 14:29:25.930,1.15676,1.15687,1.12,1.00
2017.09.19 14:29:26.239,1.15678,1.1569,1.00,1.31
2017.09.19 14:29:26.801,1.15678,1.15688,1.00,1.00
2017.09.19 14:29:26.905,1.15679,1.15691,1.00,1.69
2017.09.19 14:29:26.957,1.15682,1.1569,1.50,1.12
2017.09.19 14:29:27.114,1.15683,1.15694,1.00,1.12
2017.09.19 14:29:27.527,1.15685,1.15693,1.00,1.00
2017.09.19 14:29:27.790,1.15687,1.15696,1.00,1.50
2017.09.19 14:29:27.892,1.15687,1.15698,1.00,1.50
2017.09.19 14:29:28.639,1.15684,1.15697,1.37,1.37
2017.09.19 14:29:29.118,1.15687,1.15698,1.00,1.12
2017.09.19 14:29:29.660,1.15685,1.15696,1.00,1.25
2017.09.19 14:29:30.193,1.15685,1.15695,1.00,1.00
2017.09.19 14:29:30.878,1.15686,1.15695,1.00,1.00
2017.09.19 14:29:31.032,1.15687,1.15699,1.00,2.62
2017.09.19 14:29:31.136,1.15691,1.15698,1.00,1.50
2017.09.19 14:29:31.283,1.1569,1.15701,1.00,1.87
2017.09.19 14:29:31.488,1.15692,1.15702,1.00,1.50
2017.09.19 14:29:32.020,1.15692,1.15703,1.00,1.12
2017.09.19 14:29:32.072,1.15689,1.15701,1.00,1.69
2017.09.19 14:29:32.396,1.15688,1.15698,1.00,1.00
2017.09.19 14:29:32.704,1.15686,1.15697,1.00,1.00
2017.09.19 14:29:33.245,1.15687,1.15698,1.00,1.87
2017.09.19 14:29:33.749,1.15687,1.15699,1.00,1.12
2017.09.19 14:29:34.288,1.15687,1.15698,1.00,1.00
2017.09.19 14:29:35.923,1.15687,1.15699,1.00,1.12
2017.09.19 14:29:36.335,1.1569,1.157,1.00,1.50
2017.09.19 14:29:36.646,1.15688,1.157,1.00,1.50
2017.09.19 14:29:36.739,1.15686,1.15699,1.00,1.12
2017.09.19 14:29:37.527,1.15686,1.15699,1.00,1.31
2017.09.19 14:29:37.579,1.15685,1.15696,1.00,1.00
2017.09.19 14:29:38.091,1.15686,1.15696,1.00,1.00
2017.09.19 14:29:38.142,1.15686,1.15699,1.00,1.50
2017.09.19 14:29:38.194,1.15691,1.15704,1.00,4.31
2017.09.19 14:29:38.348,1.15692,1.15704,1.00,2.81
2017.09.19 14:29:38.942,1.15693,1.15704,1.00,1.50
2017.09.19 14:29:39.251,1.15692,1.15702,1.00,1.69
2017.09.19 14:29:39.302,1.1569,1.15702,1.00,1.25
2017.09.19 14:29:39.838,1.15691,1.15702,1.00,1.69
2017.09.19 14:29:40.234,1.15693,1.15702,1.00,1.00
2017.09.19 14:29:40.439,1.15697,1.15708,1.00,1.50
2017.09.19 14:29:40.828,1.15695,1.15706,1.00,1.00
2017.09.19 14:29:40.880,1.15693,1.15706,1.00,1.87
2017.09.19 14:29:41.241,1.15695,1.15707,1.00,3.75
2017.09.19 14:29:41.791,1.15696,1.15709,1.00,1.44
2017.09.19 14:29:42.129,1.15701,1.15711,1.00,1.25
2017.09.19 14:29:42.836,1.157,1.15711,1.00,1.25
2017.09.19 14:29:42.888,1.15697,1.1571,1.12,1.69
2017.09.19 14:29:42.939,1.15696,1.1571,1.50,1.87
2017.09.19 14:29:43.247,1.15696,1.15708,1.00,1.44
2017.09.19 14:29:43.553,1.15698,1.15709,1.00,1.19
2017.09.19 14:29:43.808,1.15696,1.15709,1.00,1.44
2017.09.19 14:29:44.014,1.15692,1.15704,1.75,1.44
2017.09.19 14:29:44.065,1.15692,1.15702,1.12,1.00
2017.09.19 14:29:44.168,1.15689,1.15703,2.25,1.50
2017.09.19 14:29:44.270,1.15691,1.15703,1.00,2.25
2017.09.19 14:29:44.712,1.15693,1.15704,1.00,2.00
2017.09.19 14:29:45.385,1.15691,1.15703,1.00,1.69
2017.09.19 14:29:45.488,1.1569,1.15701,1.00,1.19
2017.09.19 14:29:45.846,1.15691,1.15702,1.00,1.12
2017.09.19 14:29:46.450,1.1569,1.15701,1.00,1.00
2017.09.19 14:29:47.002,1.15692,1.15703,1.00,1.69
2017.09.19 14:29:47.155,1.1569,1.15702,1.00,1.12
2017.09.19 14:29:47.742,1.15692,1.15703,1.00,1.69
2017.09.19 14:29:48.276,1.15693,1.15704,1.00,2.00
2017.09.19 14:29:48.833,1.15692,1.15704,1.00,2.62
2017.09.19 14:29:48.936,1.1569,1.15702,1.00,1.87
2017.09.19 14:29:49.425,1.15689,1.15701,1.00,1.87
2017.09.19 14:29:49.926,1.15687,1.157,1.00,1.87
2017.09.19 14:29:50.232,1.15689,1.157,1.00,1.44
2017.09.19 14:29:50.284,1.15689,1.157,1.00,1.12
2017.09.19 14:29:50.424,1.15689,1.157,1.00,1.44
2017.09.19 14:29:50.475,1.15686,1.15699,1.00,1.87
2017.09.19 14:29:51.021,1.15686,1.15697,1.00,1.19
2017.09.19 14:29:51.073,1.15683,1.15697,2.25,1.19
2017.09.19 14:29:51.279,1.15681,1.15694,2.25,1.00
2017.09.19 14:29:51.780,1.1568,1.15693,1.50,1.31
2017.09.19 14:29:52.061,1.15681,1.15696,2.25,2.44
2017.09.19 14:29:52.609,1.15682,1.15697,1.00,2.06
2017.09.19 14:29:53.138,1.15681,1.15697,2.25,1.69
2017.09.19 14:29:53.874,1.1568,1.15696,2.06,2.25
2017.09.19 14:29:54.926,1.1568,1.15694,1.50,1.50
2017.09.19 14:29:55.186,1.15677,1.15694,3.19,1.87
2017.09.19 14:29:55.727,1.15678,1.15693,1.69,1.87
2017.09.19 14:29:56.029,1.1568,1.15693,1.50,1.69
2017.09.19 14:29:56.839,1.15681,1.15693,1.05,1.00
2017.09.19 14:29:56.941,1.15681,1.15695,1.87,1.00
2017.09.19 14:29:56.993,1.15679,1.15694,1.00,1.19
2017.09.19 14:29:57.302,1.15685,1.15698,1.00,1.00
2017.09.19 14:29:57.817,1.15686,1.15698,2.25,1.00
2017.09.19 14:29:58.377,1.15687,1.15698,1.25,1.00
2017.09.19 14:29:58.974,1.15688,1.15699,1.00,1.00
2017.09.19 14:29:59.077,1.1569,1.15702,1.00,1.00
2017.09.19 14:29:59.683,1.1569,1.15703,1.00,1.00
2017.09.19 14:30:00.203,1.15692,1.15705,1.50,1.50
2017.09.19 14:30:00.636,1.15692,1.15706,2.25,1.87
2017.09.19 14:30:00.739,1.15695,1.15706,1.00,1.12
2017.09.19 14:30:00.994,1.15696,1.1571,1.00,2.06
2017.09.19 14:30:01.658,1.15693,1.15706,1.00,1.25
2017.09.19 14:30:01.915,1.15688,1.15702,1.00,1.87
2017.09.19 14:30:02.305,1.15689,1.15702,1.00,1.44
2017.09.19 14:30:02.358,1.15686,1.15698,1.69,1.00
2017.09.19 14:30:02.515,1.15688,1.15699,1.00,1.12
2017.09.19 14:30:03.033,1.15687,1.15698,1.00,1.00
2017.09.19 14:30:03.357,1.15689,1.15702,1.00,1.50
2017.09.19 14:30:04.513,1.1569,1.15703,1.00,3.19
2017.09.19 14:30:04.564,1.1569,1.157,1.00,1.00
2017.09.19 14:30:04.770,1.15692,1.15704,1.00,1.62
2017.09.19 14:30:04.873,1.15695,1.15706,1.00,1.50
2017.09.19 14:30:05.372,1.15697,1.15706,1.00,1.00
2017.09.19 14:30:05.526,1.15697,1.15709,1.00,1.50
2017.09.19 14:30:06.134,1.15697,1.15708,1.00,1.00
2017.09.19 14:30:07.319,1.15696,1.15708,1.00,1.50
2017.09.19 14:30:07.930,1.15697,1.15708,1.00,1.50
2017.09.19 14:30:08.489,1.15698,1.15708,1.00,1.69
2017.09.19 14:30:09.303,1.15697,1.15708,1.00,2.06
2017.09.19 14:30:09.456,1.15695,1.15708,1.00,2.06
2017.09.19 14:30:10.553,1.15695,1.15708,1.00,2.06
2017.09.19 14:30:11.095,1.15695,1.15706,1.00,1.25
2017.09.19 14:30:11.651,1.15695,1.15707,1.00,1.00
2017.09.19 14:30:12.205,1.15696,1.15708,1.00,1.50
2017.09.19 14:30:12.708,1.15696,1.15708,1.00,2.06
2017.09.19 14:30:14.361,1.15692,1.15705,1.50,1.87
2017.09.19 14:30:14.413,1.1569,1.15699,1.50,1.00
2017.09.19 14:30:14.516,1.15684,1.15696,1.00,1.44
2017.09.19 14:30:14.620,1.15685,1.15697,1.00,1.25
2017.09.19 14:30:14.672,1.15688,1.15699,1.00,1.37
2017.09.19 14:30:15.184,1.15687,1.157,1.00,2.19
2017.09.19 14:30:15.960,1.15688,1.157,1.00,2.19
2017.09.19 14:30:16.536,1.15689,1.157,1.00,1.94
2017.09.19 14:30:17.519,1.15687,1.15699,1.00,1.69
2017.09.19 14:30:18.030,1.15686,1.15699,1.00,1.69
2017.09.19 14:30:18.440,1.15684,1.15697,1.00,1.00
2017.09.19 14:30:19.278,1.15683,1.15698,1.50,1.50
2017.09.19 14:30:19.746,1.15684,1.15697,1.00,2.25
2017.09.19 14:30:20.264,1.15683,1.15697,2.25,1.12
2017.09.19 14:30:20.560,1.15681,1.15694,1.00,1.12
2017.09.19 14:30:20.907,1.15685,1.15693,1.00,1.00
2017.09.19 14:30:21.484,1.15684,1.15694,1.00,1.00
2017.09.19 14:30:21.792,1.15697,1.15709,1.25,1.12
2017.09.19 14:30:21.844,1.15699,1.15711,1.00,1.56
2017.09.19 14:30:21.896,1.15697,1.15711,1.69,1.62
2017.09.19 14:30:21.999,1.15697,1.15711,1.25,1.25
2017.09.19 14:30:22.444,1.15697,1.15709,1.00,1.00
2017.09.19 14:30:22.551,1.15695,1.15709,1.25,1.12
2017.09.19 14:30:22.604,1.15695,1.15707,1.25,1.00
2017.09.19 14:30:22.938,1.15698,1.15711,1.00,1.00
2017.09.19 14:30:23.348,1.15698,1.1571,1.00,1.69
2017.09.19 14:30:23.675,1.15699,1.1571,1.00,1.50
2017.09.19 14:30:23.779,1.15703,1.15712,1.00,1.12
2017.09.19 14:30:23.935,1.15705,1.15716,1.00,1.12
2017.09.19 14:30:24.090,1.15703,1.15715,1.00,1.00
2017.09.19 14:30:24.142,1.15705,1.15715,1.00,1.00
2017.09.19 14:30:24.455,1.15709,1.15719,1.00,1.00
2017.09.19 14:30:25.009,1.15708,1.15719,1.00,1.00
2017.09.19 14:30:25.214,1.15711,1.15723,1.50,1.31
2017.09.19 14:30:25.417,1.15715,1.15726,1.00,1.50
2017.09.19 14:30:25.470,1.15715,1.1573,1.00,2.62
2017.09.19 14:30:25.524,1.15713,1.15726,1.50,1.25
2017.09.19 14:30:25.833,1.15718,1.15727,1.00,2.81
2017.09.19 14:30:25.885,1.15715,1.15727,1.00,1.62
2017.09.19 14:30:26.414,1.15714,1.15727,1.00,1.25
2017.09.19 14:30:26.955,1.15716,1.15727,1.00,1.00
2017.09.19 14:30:27.210,1.15711,1.15725,1.50,1.00
2017.09.19 14:30:27.906,1.15711,1.15726,1.50,1.50
2017.09.19 14:30:27.958,1.15709,1.1572,1.50,1.00
2017.09.19 14:30:28.061,1.15708,1.15719,1.50,1.00
2017.09.19 14:30:28.593,1.15707,1.15718,1.50,1.00
2017.09.19 14:30:29.041,1.15709,1.15721,1.00,3.00
2017.09.19 14:30:29.092,1.15708,1.15723,1.50,1.00
2017.09.19 14:30:29.197,1.15706,1.15716,2.25,1.00
2017.09.19 14:30:29.436,1.15701,1.15714,1.37,8.25
2017.09.19 14:30:29.488,1.15698,1.15711,1.87,1.00
2017.09.19 14:30:29.590,1.15697,1.15709,1.87,1.00
2017.09.19 14:30:29.949,1.157,1.15711,2.25,1.00
2017.09.19 14:30:30.156,1.15697,1.15712,2.62,1.00
2017.09.19 14:30:30.513,1.157,1.15713,1.44,1.00
2017.09.19 14:30:31.041,1.15699,1.15712,1.69,1.00
2017.09.19 14:30:31.349,1.15697,1.15712,3.94,1.00
2017.09.19 14:30:32.079,1.157,1.1571,1.50,1.00
2017.09.19 14:30:33.110,1.157,1.15711,1.50,1.00
2017.09.19 14:30:33.388,1.15698,1.15711,1.00,1.00
2017.09.19 14:30:33.934,1.15697,1.15711,3.19,1.00
2017.09.19 14:30:34.766,1.15698,1.15711,1.00,1.00
2017.09.19 14:30:35.380,1.15697,1.15713,3.19,2.25
2017.09.19 14:30:35.901,1.15698,1.15711,1.00,1.00
2017.09.19 14:30:36.551,1.15697,1.15711,1.25,1.00
2017.09.19 14:30:36.901,1.15692,1.15707,4.20,1.50
2017.09.19 14:30:37.416,1.15692,1.15707,1.69,1.87
2017.09.19 14:30:38.539,1.15691,1.15705,2.06,1.00
2017.09.19 14:30:38.856,1.15691,1.15707,2.06,1.87
2017.09.19 14:30:39.391,1.1569,1.15707,3.00,1.12
2017.09.19 14:30:39.669,1.15688,1.15705,3.75,1.00
2017.09.19 14:30:40.234,1.1569,1.15705,1.87,1.50
2017.09.19 14:30:40.738,1.15689,1.15705,1.19,2.25
2017.09.19 14:30:41.914,1.15688,1.15695,1.00,1.50
2017.09.19 14:30:41.967,1.15678,1.15692,1.00,1.00
2017.09.19 14:30:42.490,1.15677,1.15692,1.50,1.00
2017.09.19 14:30:42.682,1.15679,1.15692,1.00,1.00
2017.09.19 14:30:43.364,1.15677,1.15692,1.00,1.00
2017.09.19 14:30:43.908,1.15678,1.15692,1.00,1.00
2017.09.19 14:30:44.112,1.15676,1.15691,1.87,1.50
2017.09.19 14:30:44.419,1.15678,1.15691,1.00,1.50
2017.09.19 14:30:44.846,1.15676,1.15691,1.50,1.50
2017.09.19 14:30:44.950,1.15676,1.15689,1.00,1.00
2017.09.19 14:30:45.359,1.15678,1.15689,1.00,1.19
2017.09.19 14:30:47.016,1.15679,1.1569,1.00,1.56
2017.09.19 14:30:47.365,1.15676,1.15685,1.00,1.00
2017.09.19 14:30:47.569,1.15678,1.1569,1.00,1.37
2017.09.19 14:30:47.621,1.15678,1.1569,1.00,1.00
2017.09.19 14:30:48.163,1.15677,1.15689,1.00,1.00
2017.09.19 14:30:48.730,1.15673,1.15685,1.00,2.25
2017.09.19 14:30:49.037,1.15672,1.15683,1.00,1.12
2017.09.19 14:30:49.702,1.15673,1.15683,1.00,1.12
2017.09.19 14:30:50.199,1.15677,1.15687,1.00,1.37
2017.09.19 14:30:50.251,1.15675,1.15688,1.00,1.69
2017.09.19 14:30:50.398,1.15677,1.15689,1.00,2.44
2017.09.19 14:30:50.450,1.15674,1.15684,1.00,1.00
2017.09.19 14:30:50.554,1.15677,1.15687,1.00,1.75
2017.09.19 14:30:50.864,1.15675,1.15684,1.50,1.00
2017.09.19 14:30:51.069,1.15674,1.15688,1.00,1.50
2017.09.19 14:30:51.120,1.15677,1.15689,1.00,1.75
2017.09.19 14:30:51.406,1.15678,1.15688,1.00,1.00
2017.09.19 14:30:51.458,1.1568,1.15688,1.00,1.00
2017.09.19 14:30:51.773,1.15682,1.1569,1.00,1.12
2017.09.19 14:30:53.781,1.15684,1.1569,1.00,1.00
2017.09.19 14:30:54.254,1.15681,1.1569,1.00,1.00
2017.09.19 14:30:54.306,1.15682,1.15693,1.00,1.69
2017.09.19 14:30:54.855,1.15681,1.15693,1.00,1.69
2017.09.19 14:30:55.122,1.1568,1.1569,1.00,1.00
2017.09.19 14:30:55.451,1.15678,1.15688,1.00,1.50
2017.09.19 14:30:55.760,1.15678,1.1569,1.00,1.12
2017.09.19 14:30:56.303,1.15678,1.15689,1.00,1.00
2017.09.19 14:30:57.924,1.15679,1.15689,1.00,1.00
2017.09.19 14:31:00.143,1.15678,1.15689,1.00,1.00
2017.09.19 14:31:00.245,1.15681,1.1569,1.00,1.12
2017.09.19 14:31:00.568,1.15683,1.15693,1.00,1.50
2017.09.19 14:31:01.190,1.15684,1.15694,1.00,2.25
2017.09.19 14:31:01.345,1.15685,1.15697,1.00,3.00
2017.09.19 14:31:02.772,1.15683,1.15695,1.50,1.69
2017.09.19 14:31:02.824,1.15682,1.15694,1.00,1.69
2017.09.19 14:31:03.158,1.15678,1.15688,1.00,1.00
2017.09.19 14:31:04.316,1.15673,1.15686,1.31,1.00
2017.09.19 14:31:04.470,1.15675,1.15686,1.00,1.00
2017.09.19 14:31:05.038,1.15676,1.15686,1.00,1.00
2017.09.19 14:31:05.245,1.15674,1.15686,1.00,1.00
2017.09.19 14:31:06.427,1.15674,1.15685,1.00,1.00
2017.09.19 14:31:06.644,1.15676,1.15685,1.00,1.00
2017.09.19 14:31:07.032,1.15678,1.15688,1.00,2.62
2017.09.19 14:31:07.578,1.15677,1.15687,1.00,1.50
2017.09.19 14:31:08.165,1.15677,1.15689,1.00,1.25
2017.09.19 14:31:08.776,1.15677,1.15687,1.00,1.00
2017.09.19 14:31:08.829,1.15674,1.15685,1.00,1.25
2017.09.19 14:31:09.336,1.15677,1.15688,1.00,2.44
2017.09.19 14:31:09.900,1.15676,1.15688,1.00,2.44
2017.09.19 14:31:10.459,1.15677,1.15688,1.00,2.44
2017.09.19 14:31:10.613,1.15678,1.15691,1.00,2.25
2017.09.19 14:31:10.664,1.15683,1.15694,1.00,1.75
2017.09.19 14:31:10.767,1.15685,1.15694,1.00,1.00
2017.09.19 14:31:11.315,1.15685,1.15699,1.00,2.44
2017.09.19 14:31:15.165,1.15685,1.15694,1.00,1.00
2017.09.19 14:31:15.217,1.15681,1.15693,1.50,2.25
2017.09.19 14:31:15.268,1.1568,1.15693,1.00,2.44
2017.09.19 14:31:15.320,1.15678,1.15692,1.00,1.19
2017.09.19 14:31:15.629,1.15684,1.15692,1.00,1.00
2017.09.19 14:31:16.042,1.15681,1.15692,1.00,1.25
2017.09.19 14:31:16.564,1.15682,1.15691,1.00,1.00
2017.09.19 14:31:16.615,1.15684,1.15693,1.00,1.12
2017.09.19 14:31:16.989,1.1568,1.15693,1.00,1.31
2017.09.19 14:31:17.611,1.15681,1.15695,1.00,2.62
2017.09.19 14:31:19.162,1.1568,1.15693,1.00,1.12
2017.09.19 14:31:21.702,1.1568,1.15692,1.00,1.12
2017.09.19 14:31:21.805,1.15682,1.15694,1.00,3.19
2017.09.19 14:31:22.114,1.15685,1.15698,1.00,1.69
2017.09.19 14:31:22.422,1.15683,1.15698,1.00,3.19
2017.09.19 14:31:22.678,1.15681,1.15695,1.50,1.69
2017.09.19 14:31:23.260,1.15683,1.15695,1.00,3.37
2017.09.19 14:31:23.407,1.15683,1.15695,1.00,2.44
2017.09.19 14:31:24.056,1.15684,1.15695,1.00,1.50
2017.09.19 14:31:24.415,1.15685,1.15699,1.00,1.12
2017.09.19 14:31:25.034,1.15686,1.157,1.00,1.62
2017.09.19 14:31:25.917,1.15683,1.15696,1.12,2.44
2017.09.19 14:31:26.019,1.1568,1.15697,1.87,5.44
2017.09.19 14:31:27.810,1.1568,1.15692,1.00,1.50
2017.09.19 14:31:28.451,1.15682,1.15692,1.00,1.50
2017.09.19 14:31:28.706,1.15685,1.15696,1.00,1.69
2017.09.19 14:31:29.396,1.15681,1.15691,1.00,1.50
2017.09.19 14:31:29.652,1.15681,1.15694,1.00,1.12
2017.09.19 14:31:29.856,1.15684,1.15693,1.00,1.00
2017.09.19 14:31:30.215,1.15684,1.15696,1.00,1.31
2017.09.19 14:31:30.744,1.15683,1.15696,1.00,2.81
2017.09.19 14:31:31.262,1.15683,1.15695,1.00,1.50
2017.09.19 14:31:31.786,1.15684,1.15695,1.00,1.50
2017.09.19 14:31:31.889,1.15685,1.15697,1.00,1.50
2017.09.19 14:31:32.402,1.15687,1.15696,1.00,1.00
2017.09.19 14:31:32.817,1.15689,1.15699,1.00,1.00
2017.09.19 14:31:33.297,1.15692,1.15701,1.00,3.19
2017.09.19 14:31:33.501,1.15692,1.15703,1.00,1.81
2017.09.19 14:31:34.428,1.15691,1.157,1.00,1.69
2017.09.19 14:31:34.480,1.15688,1.157,1.00,1.25
2017.09.19 14:31:34.532,1.15686,1.157,1.00,1.25
2017.09.19 14:31:35.123,1.15687,1.157,1.00,3.19
2017.09.19 14:31:35.360,1.15691,1.157,1.00,1.00
2017.09.19 14:31:35.515,1.15692,1.15702,1.00,1.00
2017.09.19 14:31:36.037,1.15691,1.15702,1.00,1.00
2017.09.19 14:31:36.568,1.15692,1.15703,1.00,3.19
2017.09.19 14:31:37.135,1.15692,1.15702,1.00,1.25
2017.09.19 14:31:38.112,1.15693,1.15702,1.00,1.00
2017.09.19 14:31:38.888,1.1569,1.15702,1.00,1.00
2017.09.19 14:31:39.461,1.15689,1.15702,1.00,1.00
2017.09.19 14:31:40.238,1.15689,1.15703,1.00,1.00
2017.09.19 14:31:40.746,1.15689,1.15702,1.00,1.00
2017.09.19 14:31:41.204,1.15691,1.15702,1.00,1.00
2017.09.19 14:31:41.760,1.15693,1.15702,1.00,1.00
2017.09.19 14:31:41.888,1.15694,1.15704,1.00,1.00
2017.09.19 14:31:43.772,1.15694,1.15707,1.00,3.94
2017.09.19 14:31:43.824,1.15694,1.15706,1.00,1.62
2017.09.19 14:31:44.830,1.15694,1.15706,1.00,1.62
2017.09.19 14:31:45.145,1.15686,1.15698,1.12,1.50
2017.09.19 14:31:45.351,1.15689,1.15698,1.00,1.50
2017.09.19 14:31:46.353,1.15685,1.15696,1.00,1.00
2017.09.19 14:31:46.405,1.15683,1.15696,1.50,1.25
2017.09.19 14:31:46.917,1.15684,1.15697,1.00,1.87
2017.09.19 14:31:47.318,1.15684,1.15698,1.00,1.69
2017.09.19 14:31:47.371,1.15686,1.15698,1.00,1.69
2017.09.19 14:31:47.883,1.15687,1.15698,1.00,1.50
2017.09.19 14:31:47.935,1.15682,1.15697,1.69,2.44
2017.09.19 14:31:48.039,1.15683,1.15699,1.50,1.31
2017.09.19 14:31:48.091,1.15687,1.157,1.00,1.62
2017.09.19 14:31:48.593,1.15687,1.157,1.00,1.50
2017.09.19 14:31:49.959,1.15686,1.15698,1.00,1.69
2017.09.19 14:31:50.064,1.15682,1.15698,1.69,3.00
2017.09.19 14:31:50.573,1.15682,1.15698,1.19,3.75
2017.09.19 14:31:50.777,1.15684,1.15696,1.69,1.00
2017.09.19 14:31:51.722,1.15683,1.15696,1.50,1.00
2017.09.19 14:31:52.269,1.15681,1.15696,1.19,1.00
2017.09.19 14:31:53.206,1.15681,1.15696,1.25,1.25
2017.09.19 14:31:53.733,1.15681,1.15695,1.25,1.00
2017.09.19 14:31:54.259,1.1568,1.15695,2.62,1.00
2017.09.19 14:31:54.566,1.15682,1.15696,2.25,1.87
2017.09.19 14:31:54.719,1.15682,1.15697,2.25,1.00
2017.09.19 14:31:55.009,1.15683,1.15699,1.00,1.69
2017.09.19 14:31:55.348,1.15683,1.15697,1.50,1.69
2017.09.19 14:31:55.654,1.15677,1.15692,1.87,1.87
2017.09.19 14:31:55.706,1.15677,1.1569,1.50,2.25
2017.09.19 14:31:55.808,1.15675,1.1569,2.25,2.25
2017.09.19 14:31:56.218,1.15676,1.15688,1.69,1.00
2017.09.19 14:31:56.590,1.15676,1.1569,1.69,1.00
2017.09.19 14:31:56.849,1.15676,1.1569,1.44,1.50
2017.09.19 14:31:57.365,1.15676,1.15691,1.19,1.12
2017.09.19 14:31:57.915,1.15676,1.1569,1.44,1.00
2017.09.19 14:31:58.135,1.15674,1.15688,1.00,1.50
2017.09.19 14:31:58.680,1.15673,1.15687,2.06,1.00
2017.09.19 14:32:00.036,1.15674,1.15688,1.69,1.12
2017.09.19 14:32:00.343,1.15677,1.15689,1.00,1.87
2017.09.19 14:32:00.548,1.15673,1.15689,5.62,1.50
2017.09.19 14:32:01.055,1.15675,1.15688,1.50,1.00
2017.09.19 14:32:01.574,1.15676,1.15687,1.50,1.00
2017.09.19 14:32:02.317,1.15674,1.15688,1.12,1.50
2017.09.19 14:32:02.898,1.15673,1.15687,3.37,1.00
2017.09.19 14:32:03.412,1.15674,1.15688,1.25,1.50
2017.09.19 14:32:03.721,1.15679,1.15689,1.00,2.25
2017.09.19 14:32:03.824,1.15677,1.1569,1.25,1.00
2017.09.19 14:32:04.360,1.15676,1.1569,1.50,1.50
2017.09.19 14:32:05.245,1.15675,1.15689,1.50,1.25
2017.09.19 14:32:05.577,1.15679,1.1569,1.50,1.69
2017.09.19 14:32:05.628,1.15677,1.15689,1.50,1.00
2017.09.19 14:32:05.731,1.15677,1.15688,1.50,2.25
2017.09.19 14:32:06.089,1.15673,1.15686,1.69,1.12
2017.09.19 14:32:06.594,1.15669,1.15682,2.06,2.25
2017.09.19 14:32:06.802,1.15668,1.15681,1.00,1.00
2017.09.19 14:32:07.160,1.15671,1.15682,1.00,1.25
2017.09.19 14:32:07.262,1.15668,1.15682,1.00,2.25
2017.09.19 14:32:07.314,1.1567,1.15682,1.00,2.06
2017.09.19 14:32:07.621,1.15668,1.1568,1.50,1.00
2017.09.19 14:32:07.776,1.15664,1.15678,2.44,1.00
2017.09.19 14:32:07.828,1.15668,1.15679,1.50,1.00
2017.09.19 14:32:08.140,1.15666,1.15679,1.50,2.25
2017.09.19 14:32:08.339,1.15663,1.15678,1.69,2.25
2017.09.19 14:32:08.493,1.15665,1.15677,1.50,1.50
2017.09.19 14:32:09.035,1.15663,1.15675,1.50,1.50
2017.09.19 14:32:09.087,1.15663,1.15672,1.50,1.00
2017.09.19 14:32:09.342,1.15659,1.15671,1.87,1.00
2017.09.19 14:32:09.701,1.15662,1.15671,1.00,1.00
2017.09.19 14:32:09.859,1.15657,1.15669,1.50,1.00
2017.09.19 14:32:09.911,1.1566,1.15672,1.00,1.44
2017.09.19 14:32:09.962,1.15662,1.15672,1.50,2.25
2017.09.19 14:32:10.218,1.15662,1.15675,1.50,1.00
2017.09.19 14:32:10.270,1.15664,1.15676,1.12,1.00
2017.09.19 14:32:10.575,1.15659,1.15667,1.31,1.00
2017.09.19 14:32:10.627,1.15656,1.15671,1.19,1.00
2017.09.19 14:32:10.731,1.15658,1.15669,1.50,1.00
2017.09.19 14:32:10.835,1.15658,1.15673,1.31,1.00
2017.09.19 14:32:10.988,1.15662,1.15674,1.00,1.25
2017.09.19 14:32:11.768,1.15661,1.15674,1.00,1.25
2017.09.19 14:32:12.280,1.15661,1.15673,1.00,1.00
2017.09.19 14:32:12.484,1.15661,1.15675,1.00,3.56
2017.09.19 14:32:12.644,1.15663,1.15674,1.00,1.00
2017.09.19 14:32:12.951,1.15662,1.15672,1.00,1.00
2017.09.19 14:32:13.484,1.15669,1.15679,1.00,2.00
2017.09.19 14:32:13.579,1.15669,1.1568,1.00,1.81
2017.09.19 14:32:13.631,1.15669,1.1568,1.00,1.44
2017.09.19 14:32:14.111,1.15672,1.15681,1.00,1.50
2017.09.19 14:32:14.366,1.15673,1.15684,1.00,1.00
2017.09.19 14:32:14.594,1.15675,1.15685,1.00,1.00
2017.09.19 14:32:14.900,1.15678,1.15689,1.00,3.00
2017.09.19 14:32:15.420,1.15679,1.15689,1.00,1.50
2017.09.19 14:32:16.592,1.1568,1.15688,1.00,1.12
2017.09.19 14:32:16.973,1.1568,1.15692,1.00,2.62
2017.09.19 14:32:18.055,1.1568,1.15691,1.00,1.25
2017.09.19 14:32:18.577,1.1568,1.15692,1.00,1.31
2017.09.19 14:32:20.189,1.15682,1.15691,1.00,1.00
2017.09.19 14:32:21.178,1.15682,1.15692,1.00,1.12
2017.09.19 14:32:21.692,1.15681,1.15691,1.00,1.00
2017.09.19 14:32:21.743,1.15678,1.15691,1.25,1.00
2017.09.19 14:32:22.206,1.15675,1.1569,3.37,1.25
2017.09.19 14:32:22.726,1.15676,1.15691,1.50,2.62
2017.09.19 14:32:25.601,1.15675,1.15691,4.31,1.25
2017.09.19 14:32:26.085,1.15676,1.1569,1.50,2.06
2017.09.19 14:32:26.974,1.15675,1.15688,1.12,1.50
2017.09.19 14:32:27.499,1.15675,1.15689,1.69,2.06
2017.09.19 14:32:27.932,1.15674,1.15688,1.00,2.06
2017.09.19 14:32:28.034,1.15672,1.15688,1.50,2.44
2017.09.19 14:32:28.567,1.15673,1.15687,1.00,1.31
2017.09.19 14:32:29.709,1.15673,1.15687,1.00,1.31
2017.09.19 14:32:30.104,1.15671,1.15687,3.19,1.31
2017.09.19 14:32:31.224,1.15672,1.15687,1.00,1.31
2017.09.19 14:32:31.326,1.15674,1.15688,1.69,2.25
2017.09.19 14:32:31.479,1.15675,1.15689,2.25,1.87
2017.09.19 14:32:31.997,1.15676,1.15689,1.00,1.12
2017.09.19 14:32:32.507,1.15675,1.15689,1.69,1.87
2017.09.19 14:32:32.814,1.15677,1.15691,3.37,1.00
2017.09.19 14:32:33.115,1.15681,1.15693,1.00,1.00
2017.09.19 14:32:33.632,1.15682,1.15694,1.00,1.50
2017.09.19 14:32:33.948,1.15678,1.15693,1.87,1.00
2017.09.19 14:32:34.850,1.1568,1.15692,1.00,1.50
2017.09.19 14:32:35.058,1.15683,1.15692,1.00,1.50
2017.09.19 14:32:35.365,1.15685,1.15695,1.00,1.87
2017.09.19 14:32:35.416,1.15685,1.15696,1.00,1.50
2017.09.19 14:32:35.727,1.15688,1.15696,1.00,1.50
2017.09.19 14:32:35.779,1.15688,1.15698,1.00,1.00
2017.09.19 14:32:35.830,1.15686,1.15701,1.00,1.50
2017.09.19 14:32:35.881,1.15687,1.15701,1.00,1.50
2017.09.19 14:32:36.715,1.15688,1.15701,1.00,2.25
2017.09.19 14:32:37.183,1.15691,1.15703,1.00,2.62
2017.09.19 14:32:37.388,1.15692,1.15704,1.00,1.50
2017.09.19 14:32:37.850,1.1569,1.15704,1.00,3.00
2017.09.19 14:32:38.385,1.15692,1.15705,1.00,2.44
2017.09.19 14:32:38.844,1.15694,1.15703,1.00,1.00
2017.09.19 14:32:38.979,1.15692,1.15703,1.00,1.00
2017.09.19 14:32:39.803,1.15686,1.15699,2.25,1.62
2017.09.19 14:32:39.906,1.15682,1.15696,2.62,1.19
2017.09.19 14:32:40.011,1.15682,1.15697,2.25,1.50
2017.09.19 14:32:40.063,1.15678,1.15691,2.00,1.00
2017.09.19 14:32:40.218,1.15677,1.15692,2.62,1.19
2017.09.19 14:32:40.700,1.15679,1.15692,1.00,1.37
2017.09.19 14:32:41.108,1.15679,1.15694,1.00,2.44
2017.09.19 14:32:41.974,1.15681,1.15693,1.00,1.25
2017.09.19 14:32:42.503,1.15681,1.15694,1.00,1.69
2017.09.19 14:32:43.054,1.15676,1.15691,5.06,1.00
2017.09.19 14:32:43.384,1.15677,1.15689,1.12,1.00
2017.09.19 14:32:44.996,1.15676,1.15689,3.94,1.00
2017.09.19 14:32:45.355,1.1568,1.1569,1.00,1.00
2017.09.19 14:32:45.407,1.15683,1.15695,1.69,1.50
2017.09.19 14:32:45.460,1.15685,1.15695,1.00,1.00
2017.09.19 14:32:46.031,1.15684,1.15694,1.50,1.00
2017.09.19 14:32:46.134,1.15681,1.15694,2.25,1.00
2017.09.19 14:32:46.646,1.15681,1.15693,1.50,1.00
2017.09.19 14:32:47.165,1.15681,1.15694,2.25,1.00
2017.09.19 14:32:48.296,1.15681,1.15695,3.19,1.00
2017.09.19 14:32:48.651,1.15683,1.15697,1.12,1.00
2017.09.19 14:32:48.957,1.15684,1.15697,1.50,1.00
2017.09.19 14:32:49.468,1.15685,1.15696,1.12,1.00
2017.09.19 14:32:49.621,1.15685,1.15699,2.62,1.00
2017.09.19 14:32:50.168,1.15686,1.15699,1.50,1.00
2017.09.19 14:32:51.291,1.15685,1.15699,2.06,1.00
2017.09.19 14:32:51.797,1.15685,1.15698,1.12,1.00
2017.09.19 14:32:52.396,1.15685,1.15697,1.12,1.00
2017.09.19 14:32:53.553,1.15686,1.15697,1.50,1.00
2017.09.19 14:32:54.615,1.15685,1.15697,2.06,1.00
2017.09.19 14:32:55.185,1.15686,1.15698,2.25,1.00
2017.09.19 14:32:55.693,1.15684,1.15699,2.62,1.00
2017.09.19 14:32:56.406,1.15686,1.15699,1.00,1.00
2017.09.19 14:32:56.678,1.15683,1.15695,2.00,1.00
2017.09.19 14:32:56.730,1.1568,1.15694,4.31,1.00
2017.09.19 14:32:56.934,1.15683,1.15693,1.50,1.00
2017.09.19 14:32:57.811,1.15682,1.15695,2.44,1.00
2017.09.19 14:32:57.914,1.15679,1.15692,3.19,1.00
2017.09.19 14:32:58.281,1.15683,1.15694,1.00,1.00
2017.09.19 14:32:58.649,1.15686,1.15698,1.00,1.12
2017.09.19 14:32:58.752,1.15688,1.15698,1.00,1.00
2017.09.19 14:32:58.905,1.15689,1.157,1.00,1.00
2017.09.19 14:32:59.411,1.15688,1.157,1.12,1.00
2017.09.19 14:32:59.918,1.15689,1.15701,1.00,1.00
2017.09.19 14:33:00.131,1.15688,1.15703,1.12,1.00
2017.09.19 14:33:00.680,1.15689,1.15704,1.00,1.87
2017.09.19 14:33:01.247,1.1569,1.15706,1.00,2.06
2017.09.19 14:33:02.292,1.15692,1.15705,1.25,1.00
2017.09.19 14:33:02.396,1.1569,1.15706,1.25,1.87
2017.09.19 14:33:02.831,1.15692,1.15706,1.00,1.87
2017.09.19 14:33:03.355,1.15692,1.15705,1.00,1.00
2017.09.19 14:33:03.458,1.1569,1.15705,1.12,1.50
2017.09.19 14:33:04.036,1.15691,1.15705,1.00,1.00
2017.09.19 14:33:04.141,1.15693,1.15704,1.00,1.00
2017.09.19 14:33:04.296,1.15685,1.157,2.44,1.00
2017.09.19 14:33:04.348,1.15685,1.157,1.69,1.12
2017.09.19 14:33:04.774,1.15687,1.157,1.25,1.12
2017.09.19 14:33:05.084,1.15685,1.15697,1.37,1.00
2017.09.19 14:33:05.561,1.15686,1.15699,1.00,1.00
2017.09.19 14:33:05.820,1.15689,1.15701,1.50,1.00
2017.09.19 14:33:06.466,1.15688,1.15701,1.50,1.00
2017.09.19 14:33:07.719,1.15688,1.157,1.50,1.00
2017.09.19 14:33:08.025,1.15692,1.15703,1.50,1.00
2017.09.19 14:33:08.481,1.15691,1.15701,1.50,1.00
2017.09.19 14:33:08.587,1.15691,1.15703,1.50,1.00
2017.09.19 14:33:09.320,1.15691,1.15702,1.50,1.00
2017.09.19 14:33:09.977,1.15689,1.15703,2.62,1.00
2017.09.19 14:33:10.079,1.15689,1.15703,2.62,1.00
2017.09.19 14:33:12.415,1.15689,1.15703,1.87,1.00
2017.09.19 14:33:12.957,1.1569,1.15704,1.00,1.00
2017.09.19 14:33:13.993,1.1569,1.15703,1.12,1.00
2017.09.19 14:33:14.513,1.15689,1.15701,2.25,1.00
2017.09.19 14:33:15.036,1.15688,1.15701,1.50,1.00
2017.09.19 14:33:15.783,1.15689,1.15701,1.50,1.00
2017.09.19 14:33:17.152,1.15688,1.15701,3.00,1.00
2017.09.19 14:33:17.777,1.15689,1.15701,1.50,1.00
2017.09.19 14:33:18.081,1.15692,1.15701,1.50,1.00
2017.09.19 14:33:19.598,1.15692,1.15703,1.50,1.00
2017.09.19 14:33:20.121,1.15691,1.15703,2.25,1.00
2017.09.19 14:33:21.422,1.15692,1.15703,1.50,1.00
2017.09.19 14:33:21.792,1.1569,1.15697,1.12,1.00
2017.09.19 14:33:21.843,1.15691,1.157,1.50,1.00
2017.09.19 14:33:22.295,1.15695,1.15704,1.00,1.00
2017.09.19 14:33:22.705,1.15695,1.15708,1.00,1.31
2017.09.19 14:33:23.407,1.15696,1.15709,1.00,2.06
2017.09.19 14:33:23.511,1.15694,1.1571,1.00,3.37
2017.09.19 14:33:23.665,1.15696,1.1571,1.00,1.37
2017.09.19 14:33:24.465,1.15697,1.15711,1.00,2.44
2017.09.19 14:33:24.568,1.15698,1.1571,1.00,1.12
2017.09.19 14:33:24.620,1.15698,1.15712,1.00,1.25
2017.09.19 14:33:24.671,1.15698,1.15712,1.00,1.62
2017.09.19 14:33:25.131,1.15701,1.15712,1.00,2.00
2017.09.19 14:33:25.796,1.157,1.15713,1.00,2.44
2017.09.19 14:33:26.361,1.15697,1.15711,1.00,1.50
2017.09.19 14:33:27.135,1.15696,1.15713,1.00,3.19
2017.09.19 14:33:28.250,1.15697,1.15711,1.00,1.50
2017.09.19 14:33:28.301,1.15695,1.1571,1.00,1.87
2017.09.19 14:33:28.505,1.15694,1.15708,3.00,1.00
2017.09.19 14:33:28.812,1.15698,1.15711,1.00,1.12
2017.09.19 14:33:29.366,1.15699,1.15711,1.00,1.00
2017.09.19 14:33:30.072,1.15697,1.15711,1.69,1.50
2017.09.19 14:33:30.175,1.15696,1.15709,1.50,1.00
2017.09.19 14:33:30.678,1.15697,1.15709,1.50,1.00
2017.09.19 14:33:30.730,1.15695,1.15709,2.62,1.00
2017.09.19 14:33:30.912,1.15699,1.15711,1.00,1.00
2017.09.19 14:33:32.490,1.15701,1.15711,1.00,1.87
2017.09.19 14:33:32.695,1.15699,1.15709,1.00,1.00
2017.09.19 14:33:33.053,1.15702,1.15711,1.00,1.00
2017.09.19 14:33:33.597,1.15701,1.15711,1.00,1.00
2017.09.19 14:33:35.280,1.15702,1.15711,1.00,1.00
2017.09.19 14:33:36.349,1.15704,1.15711,1.00,1.50
2017.09.19 14:33:36.577,1.15705,1.15715,1.00,2.00
2017.09.19 14:33:36.782,1.15705,1.15717,1.00,2.25
2017.09.19 14:33:40.809,1.157,1.15716,2.62,1.69
2017.09.19 14:33:41.422,1.157,1.15714,1.50,1.00
2017.09.19 14:33:41.937,1.157,1.15712,1.50,1.00
2017.09.19 14:33:42.265,1.15702,1.15713,1.50,1.87
2017.09.19 14:33:42.677,1.15702,1.15715,1.50,1.00
2017.09.19 14:33:43.216,1.15702,1.15716,2.25,1.00
2017.09.19 14:33:44.053,1.15703,1.15716,1.00,1.00
2017.09.19 14:33:44.364,1.15699,1.15713,4.12,1.00
2017.09.19 14:33:44.505,1.15699,1.15713,1.12,1.00
2017.09.19 14:33:44.762,1.15702,1.15713,1.00,1.00
2017.09.19 14:33:44.917,1.15703,1.15716,1.25,1.50
2017.09.19 14:33:44.970,1.15705,1.15717,1.00,3.00
2017.09.19 14:33:45.073,1.15705,1.1572,1.25,2.06
2017.09.19 14:33:45.272,1.15707,1.1572,1.25,1.12
2017.09.19 14:33:45.386,1.15709,1.15723,1.00,1.00
2017.09.19 14:33:45.438,1.15707,1.15721,3.00,1.00
2017.09.19 14:33:45.960,1.15708,1.15724,2.25,3.19
2017.09.19 14:33:46.296,1.15711,1.15725,1.00,2.25
2017.09.19 14:33:46.555,1.15706,1.1572,1.50,1.12
2017.09.19 14:33:46.658,1.15704,1.15716,1.37,1.00
2017.09.19 14:33:46.709,1.15704,1.15719,1.00,1.25
2017.09.19 14:33:46.965,1.15703,1.15717,1.25,1.00
2017.09.19 14:33:47.271,1.15706,1.15718,1.00,1.69
2017.09.19 14:33:47.788,1.15707,1.15718,1.00,1.87
2017.09.19 14:33:48.323,1.15707,1.15718,1.00,1.25
2017.09.19 14:33:48.631,1.15707,1.15716,1.00,1.00
2017.09.19 14:33:49.172,1.15706,1.15716,1.00,1.00
2017.09.19 14:33:50.409,1.15706,1.15717,1.00,1.50
2017.09.19 14:33:51.012,1.15706,1.15716,1.00,1.00
2017.09.19 14:33:51.174,1.15706,1.1572,1.00,3.00
2017.09.19 14:33:51.226,1.15708,1.15721,1.00,2.06
2017.09.19 14:33:51.915,1.15709,1.15723,1.00,1.87
2017.09.19 14:33:52.524,1.15711,1.1572,1.00,1.19
2017.09.19 14:33:52.576,1.15707,1.15718,1.12,1.19
2017.09.19 14:33:52.678,1.15707,1.1572,1.12,1.25
2017.09.19 14:33:52.832,1.15711,1.1572,1.00,1.12
2017.09.19 14:33:53.338,1.1571,1.1572,1.00,1.12
2017.09.19 14:33:54.144,1.15709,1.15719,1.00,1.25
2017.09.19 14:33:55.289,1.15709,1.1572,1.00,2.25
2017.09.19 14:33:57.637,1.15708,1.1572,1.00,1.31
2017.09.19 14:33:58.689,1.15709,1.15719,1.00,1.00
2017.09.19 14:33:58.844,1.15707,1.15719,1.00,1.25
2017.09.19 14:33:59.369,1.15708,1.1572,1.00,1.31
2017.09.19 14:33:59.883,1.15707,1.1572,1.00,1.31
2017.09.19 14:34:00.177,1.15705,1.1572,1.00,2.06
2017.09.19 14:34:00.383,1.15705,1.15719,1.19,1.50
2017.09.19 14:34:00.435,1.15705,1.15719,1.19,1.00
2017.09.19 14:34:00.539,1.15703,1.1572,3.00,2.25
2017.09.19 14:34:00.866,1.15703,1.1572,3.75,2.25
2017.09.19 14:34:01.173,1.15711,1.15725,1.00,1.12
2017.09.19 14:34:01.277,1.15711,1.15726,1.00,2.81
2017.09.19 14:34:01.850,1.15712,1.15726,1.00,2.25
2017.09.19 14:34:02.057,1.15711,1.15725,1.00,1.44
2017.09.19 14:34:02.571,1.1571,1.15725,1.00,1.62
2017.09.19 14:34:02.627,1.1571,1.15725,1.25,1.12
2017.09.19 14:34:02.888,1.15712,1.15726,1.50,1.44
2017.09.19 14:34:03.432,1.15711,1.15725,1.50,1.12
2017.09.19 14:34:03.763,1.15713,1.15726,1.00,1.00
2017.09.19 14:34:04.127,1.15711,1.15726,1.25,1.00
2017.09.19 14:34:04.837,1.15711,1.15725,1.25,1.00
2017.09.19 14:34:05.186,1.15713,1.15725,1.00,1.19
2017.09.19 14:34:05.238,1.15708,1.15722,1.12,1.12
2017.09.19 14:34:05.988,1.15708,1.15719,1.00,1.00
2017.09.19 14:34:06.584,1.15707,1.1572,1.00,1.69
2017.09.19 14:34:07.113,1.15707,1.15719,1.00,1.00
2017.09.19 14:34:07.627,1.15707,1.15719,1.00,1.37
2017.09.19 14:34:07.937,1.15709,1.15714,1.00,1.37
2017.09.19 14:34:08.093,1.15711,1.15717,1.00,1.00
2017.09.19 14:34:08.145,1.15707,1.15715,1.12,1.00
2017.09.19 14:34:08.250,1.15705,1.15716,1.00,1.50
2017.09.19 14:34:08.764,1.15703,1.15717,2.81,1.00
2017.09.19 14:34:08.867,1.15705,1.15719,1.00,1.12
2017.09.19 14:34:08.971,1.15701,1.15714,1.69,1.00
2017.09.19 14:34:09.489,1.15701,1.15714,3.19,1.12
2017.09.19 14:34:09.834,1.15709,1.1572,1.12,1.37
2017.09.19 14:34:09.885,1.15709,1.15721,1.00,1.00
2017.09.19 14:34:09.937,1.15706,1.1572,1.00,1.00
2017.09.19 14:34:10.141,1.15703,1.15718,1.00,1.87
2017.09.19 14:34:10.520,1.15702,1.15711,1.00,1.00
2017.09.19 14:34:11.140,1.15703,1.15711,1.00,1.00
2017.09.19 14:34:12.060,1.15703,1.15712,1.00,1.00
2017.09.19 14:34:12.654,1.15705,1.15715,1.00,2.25
2017.09.19 14:34:12.860,1.15703,1.15714,1.00,1.37
2017.09.19 14:34:13.525,1.15702,1.15714,1.00,1.37
2017.09.19 14:34:14.285,1.15703,1.15715,1.00,3.19
2017.09.19 14:34:14.828,1.15704,1.15715,1.00,1.69
2017.09.19 14:34:15.753,1.15705,1.15717,1.00,1.75
2017.09.19 14:34:15.990,1.15706,1.15717,1.00,1.12
2017.09.19 14:34:16.042,1.15711,1.15719,1.00,1.75
2017.09.19 14:34:16.195,1.15711,1.1572,1.00,1.00
2017.09.19 14:34:16.719,1.15711,1.15721,1.00,1.00
2017.09.19 14:34:16.770,1.15707,1.15716,1.00,1.00
2017.09.19 14:34:17.077,1.15711,1.15721,1.00,1.75
2017.09.19 14:34:17.191,1.15711,1.15721,1.00,1.00
2017.09.19 14:34:17.744,1.15712,1.1572,1.00,1.00
2017.09.19 14:34:18.292,1.15712,1.15721,1.00,1.00
2017.09.19 14:34:18.829,1.15711,1.15721,1.00,1.00
2017.09.19 14:34:19.187,1.15709,1.1572,1.00,1.00
2017.09.19 14:34:19.240,1.15702,1.15714,1.75,1.00
2017.09.19 14:34:19.292,1.15702,1.15712,1.12,1.00
2017.09.19 14:34:19.893,1.15703,1.15712,1.00,1.12
2017.09.19 14:34:20.605,1.15703,1.15711,1.00,1.00
2017.09.19 14:34:21.269,1.15703,1.15712,1.00,1.12
2017.09.19 14:34:21.323,1.15707,1.15714,1.00,1.75
2017.09.19 14:34:21.378,1.15705,1.15713,1.00,1.50
2017.09.19 14:34:21.431,1.15702,1.15714,1.50,2.44
2017.09.19 14:34:21.482,1.15702,1.15714,1.00,1.69
2017.09.19 14:34:21.680,1.15704,1.15715,1.00,1.50
2017.09.19 14:34:21.836,1.15705,1.15716,1.00,1.25
2017.09.19 14:34:22.094,1.15705,1.15714,1.00,1.00
2017.09.19 14:34:22.248,1.15702,1.15714,1.00,1.69
2017.09.19 14:34:22.931,1.15703,1.15715,1.00,1.44
2017.09.19 14:34:23.446,1.15703,1.15715,1.00,1.25
2017.09.19 14:34:23.993,1.15703,1.15714,1.00,1.25
2017.09.19 14:34:24.573,1.15703,1.15715,1.00,2.81
2017.09.19 14:34:27.347,1.15703,1.15715,1.00,2.81
2017.09.19 14:34:28.334,1.15703,1.15714,1.00,2.06
2017.09.19 14:34:28.617,1.15701,1.15714,1.00,2.06
2017.09.19 14:34:29.090,1.157,1.15711,1.00,1.00
2017.09.19 14:34:29.399,1.15703,1.15713,1.00,1.12
2017.09.19 14:34:29.909,1.15702,1.15713,1.00,1.00
2017.09.19 14:34:30.447,1.15702,1.15714,1.00,1.25
2017.09.19 14:34:30.972,1.15703,1.15713,1.00,1.00
2017.09.19 14:34:32.150,1.15703,1.15714,1.00,1.25
2017.09.19 14:34:32.201,1.15701,1.15714,1.00,1.25
2017.09.19 14:34:32.719,1.15702,1.15714,1.00,1.25
2017.09.19 14:34:33.629,1.15702,1.15713,1.00,1.00
2017.09.19 14:34:33.683,1.15707,1.15714,1.00,1.00
2017.09.19 14:34:33.839,1.15707,1.15716,1.00,1.12
2017.09.19 14:34:33.891,1.15701,1.15715,1.00,1.00
2017.09.19 14:34:33.942,1.15702,1.15712,1.00,1.00
2017.09.19 14:34:34.489,1.15701,1.15712,1.00,1.00
2017.09.19 14:34:34.864,1.15703,1.15713,1.00,1.00
2017.09.19 14:34:35.171,1.15703,1.15716,1.00,1.31
2017.09.19 14:34:35.273,1.15703,1.15713,1.00,1.00
2017.09.19 14:34:36.588,1.15703,1.15712,1.00,1.00
2017.09.19 14:34:36.935,1.15701,1.15713,1.00,1.12
2017.09.19 14:34:38.517,1.15698,1.15713,1.00,1.31
2017.09.19 14:34:38.995,1.15698,1.15712,1.00,1.44
2017.09.19 14:34:39.309,1.15699,1.15713,1.00,2.44
2017.09.19 14:34:39.822,1.15699,1.15712,1.00,1.31
2017.09.19 14:34:40.358,1.15699,1.15713,1.00,3.79
2017.09.19 14:34:40.973,1.15699,1.15712,1.00,1.31
2017.09.19 14:34:41.772,1.15697,1.15712,2.25,1.31
2017.09.19 14:34:42.524,1.15699,1.15712,1.00,1.31
2017.09.19 14:34:43.113,1.15698,1.15712,1.69,1.00
2017.09.19 14:34:43.415,1.15702,1.15718,1.50,1.56
2017.09.19 14:34:43.466,1.15702,1.15718,1.50,1.56
2017.09.19 14:34:43.980,1.15701,1.15715,1.00,1.00
2017.09.19 14:34:44.473,1.15704,1.15715,1.00,1.00
2017.09.19 14:34:44.939,1.15709,1.15716,1.00,1.00
2017.09.19 14:34:45.145,1.15706,1.15718,1.00,1.37
2017.09.19 14:34:45.339,1.15705,1.15714,1.00,1.00
2017.09.19 14:34:45.851,1.15705,1.15715,1.00,1.00
2017.09.19 14:34:46.107,1.15702,1.15715,1.00,1.00
2017.09.19 14:34:46.639,1.15703,1.15715,1.00,1.00
2017.09.19 14:34:47.189,1.15702,1.15714,1.25,1.00
2017.09.19 14:34:47.241,1.15703,1.15718,1.00,2.25
2017.09.19 14:34:47.344,1.15705,1.15719,1.00,2.25
2017.09.19 14:34:47.716,1.15703,1.15719,1.12,1.44
2017.09.19 14:34:47.770,1.15702,1.15716,1.56,1.00
2017.09.19 14:34:48.299,1.15704,1.15716,1.00,1.12
2017.09.19 14:34:49.372,1.15703,1.15716,1.50,1.12
2017.09.19 14:34:49.475,1.15701,1.15716,1.25,1.31
2017.09.19 14:34:49.976,1.15702,1.15716,1.00,3.19
2017.09.19 14:34:50.480,1.15699,1.15713,1.87,1.00
2017.09.19 14:34:50.849,1.15699,1.15709,1.50,1.00
2017.09.19 14:34:51.175,1.15697,1.1571,1.00,1.00
2017.09.19 14:34:51.725,1.15697,1.15709,1.00,1.12
2017.09.19 14:34:52.314,1.15695,1.15707,1.50,1.25
2017.09.19 14:34:52.366,1.15693,1.15707,1.00,1.50
2017.09.19 14:34:52.947,1.15696,1.15706,1.00,1.00
2017.09.19 14:34:53.101,1.15698,1.15712,1.00,3.00
2017.09.19 14:34:53.629,1.15698,1.15711,1.00,1.50
2017.09.19 14:34:53.884,1.15694,1.15708,1.00,1.69
2017.09.19 14:34:53.936,1.15693,1.15706,1.12,1.50
2017.09.19 14:34:55.709,1.15694,1.15707,1.00,1.00
2017.09.19 14:34:56.026,1.15696,1.15706,1.00,1.00
2017.09.19 14:34:56.078,1.15696,1.15709,1.00,1.00
2017.09.19 14:34:56.130,1.15698,1.15709,1.00,1.00
2017.09.19 14:34:56.303,1.15699,1.15712,1.00,1.87
2017.09.19 14:34:56.820,1.15697,1.15711,1.50,2.44
2017.09.19 14:34:57.611,1.15697,1.15711,1.00,2.62
2017.09.19 14:34:57.662,1.157,1.15711,1.00,1.50
2017.09.19 14:34:57.713,1.15698,1.15711,1.00,1.00
2017.09.19 14:34:58.432,1.15698,1.15708,1.00,1.00
2017.09.19 14:34:58.496,1.15694,1.15708,1.00,1.76
2017.09.19 14:34:59.018,1.15694,1.15707,1.00,1.31
2017.09.19 14:34:59.326,1.15696,1.15707,1.00,1.00
2017.09.19 14:35:00.000,1.15694,1.15707,1.00,1.25
2017.09.19 14:35:01.210,1.15694,1.15706,1.00,1.00
2017.09.19 14:35:01.313,1.15692,1.15706,1.00,1.25
2017.09.19 14:35:02.298,1.15693,1.15707,1.00,2.06
2017.09.19 14:35:02.510,1.15691,1.15705,1.87,1.00
2017.09.19 14:35:02.819,1.1569,1.15703,1.12,1.00
2017.09.19 14:35:03.252,1.15688,1.15703,3.19,1.87
2017.09.19 14:35:03.763,1.15689,1.15702,2.25,1.00
2017.09.19 14:35:03.982,1.15686,1.15697,1.31,1.00
2017.09.19 14:35:04.038,1.15689,1.15702,1.19,1.25
2017.09.19 14:35:04.247,1.15688,1.15703,1.00,1.31
2017.09.19 14:35:04.757,1.1569,1.15702,1.00,1.00
2017.09.19 14:35:05.269,1.15691,1.15702,1.00,1.00
2017.09.19 14:35:05.780,1.15691,1.15703,1.00,1.25
2017.09.19 14:35:06.470,1.15691,1.15702,1.00,1.00
2017.09.19 14:35:07.378,1.15691,1.15703,1.00,1.25
2017.09.19 14:35:09.094,1.15691,1.15702,1.00,1.25
2017.09.19 14:35:10.596,1.15689,1.15703,1.50,2.25
2017.09.19 14:35:11.141,1.1569,1.15703,1.00,1.25
2017.09.19 14:35:12.726,1.15692,1.15704,1.00,1.69
2017.09.19 14:35:13.851,1.15696,1.15705,1.00,1.00
2017.09.19 14:35:14.000,1.15691,1.15705,1.00,2.06
2017.09.19 14:35:14.103,1.15693,1.15704,1.00,1.00
2017.09.19 14:35:14.464,1.15696,1.15705,1.00,1.50
2017.09.19 14:35:14.772,1.15694,1.15704,1.00,1.12
2017.09.19 14:35:14.824,1.15691,1.15703,2.25,1.44
2017.09.19 14:35:15.356,1.15692,1.15702,1.00,1.37
2017.09.19 14:35:15.458,1.15695,1.15702,1.00,1.37
2017.09.19 14:35:15.510,1.15693,1.15703,2.25,1.37
2017.09.19 14:35:16.026,1.15693,1.15702,1.00,1.00
2017.09.19 14:35:16.129,1.15697,1.15707,1.00,3.00
2017.09.19 14:35:16.336,1.15697,1.1571,1.00,2.25
2017.09.19 14:35:16.440,1.15695,1.15705,1.00,1.00
2017.09.19 14:35:16.492,1.15693,1.15705,1.00,1.00
2017.09.19 14:35:17.041,1.15692,1.15706,1.00,1.00
2017.09.19 14:35:17.533,1.1569,1.15699,1.50,1.00
2017.09.19 14:35:17.584,1.15686,1.15699,1.75,1.00
2017.09.19 14:35:17.636,1.15686,1.15699,1.00,1.00
2017.09.19 14:35:17.688,1.15687,1.15701,1.00,1.50
2017.09.19 14:35:17.801,1.15692,1.15702,1.00,1.00
2017.09.19 14:35:17.958,1.15692,1.15705,3.00,1.00
2017.09.19 14:35:18.113,1.15696,1.15707,1.00,1.12
2017.09.19 14:35:18.370,1.15695,1.15709,1.00,2.25
2017.09.19 14:35:18.892,1.15692,1.15706,2.25,1.69
2017.09.19 14:35:19.202,1.15694,1.15705,1.50,1.50
2017.09.19 14:35:19.254,1.15694,1.15707,1.50,1.00
2017.09.19 14:35:19.870,1.15695,1.15708,1.50,1.37
2017.09.19 14:35:20.884,1.157,1.15713,1.50,1.75
2017.09.19 14:35:21.192,1.15704,1.15715,1.00,1.12
2017.09.19 14:35:21.788,1.15702,1.15714,1.00,1.69
2017.09.19 14:35:21.840,1.15704,1.15714,1.00,1.00
2017.09.19 14:35:22.504,1.15702,1.15712,1.00,1.00
2017.09.19 14:35:22.556,1.157,1.15711,1.00,1.69
2017.09.19 14:35:22.762,1.15698,1.15711,1.00,2.25
2017.09.19 14:35:23.275,1.15699,1.15711,1.00,1.50
2017.09.19 14:35:23.377,1.15701,1.15711,1.00,1.00
2017.09.19 14:35:23.685,1.15702,1.15715,1.00,1.12
2017.09.19 14:35:24.056,1.15705,1.15715,1.00,1.25
2017.09.19 14:35:24.287,1.15703,1.15715,1.00,1.25
2017.09.19 14:35:24.724,1.15705,1.15715,1.00,1.00
2017.09.19 14:35:25.202,1.15709,1.15717,1.00,1.00
2017.09.19 14:35:25.407,1.15708,1.15719,1.00,1.00
2017.09.19 14:35:25.861,1.15706,1.15714,1.00,1.50
2017.09.19 14:35:26.067,1.15701,1.15712,1.00,1.69
2017.09.19 14:35:26.593,1.15702,1.15714,1.00,2.62
2017.09.19 14:35:28.799,1.15702,1.15713,1.00,1.62
2017.09.19 14:35:28.851,1.157,1.15713,1.00,1.62
2017.09.19 14:35:29.146,1.15702,1.15712,1.00,1.00
2017.09.19 14:35:29.625,1.15705,1.15714,1.00,1.00
2017.09.19 14:35:29.881,1.1571,1.15721,1.00,1.81
2017.09.19 14:35:30.386,1.1571,1.15719,1.00,1.69
2017.09.19 14:35:30.907,1.15711,1.15719,1.00,1.50
2017.09.19 14:35:31.447,1.15712,1.1572,1.00,2.06
2017.09.19 14:35:31.600,1.1571,1.15718,1.00,1.19
2017.09.19 14:35:32.304,1.15708,1.15716,1.00,1.69
2017.09.19 14:35:32.814,1.15707,1.15716,1.00,1.69
2017.09.19 14:35:34.822,1.15705,1.15715,1.00,1.19
2017.09.19 14:35:34.977,1.15705,1.15715,1.00,1.00
2017.09.19 14:35:35.029,1.15707,1.15714,1.00,1.00
2017.09.19 14:35:35.133,1.15707,1.15716,1.00,2.06
2017.09.19 14:35:35.290,1.15706,1.15714,1.00,1.00
2017.09.19 14:35:35.812,1.15706,1.15715,1.00,1.00
2017.09.19 14:35:36.400,1.15706,1.15714,1.00,1.00
2017.09.19 14:35:36.987,1.15706,1.15715,1.00,1.00
2017.09.19 14:35:37.497,1.15707,1.15715,1.00,1.00
2017.09.19 14:35:37.773,1.15705,1.15715,1.00,1.00
2017.09.19 14:35:38.301,1.15706,1.15715,1.00,1.00
2017.09.19 14:35:38.814,1.15705,1.15715,1.00,1.00
2017.09.19 14:35:39.323,1.15705,1.15714,1.00,1.00
2017.09.19 14:35:39.840,1.15706,1.15715,1.00,1.19
2017.09.19 14:35:41.863,1.15708,1.15715,1.00,1.25
2017.09.19 14:35:42.222,1.15705,1.15714,1.00,1.00
2017.09.19 14:35:42.274,1.15708,1.15714,1.00,1.00
2017.09.19 14:35:42.537,1.15706,1.15714,1.00,1.00
2017.09.19 14:35:42.999,1.15704,1.15713,1.00,1.25
2017.09.19 14:35:43.051,1.15704,1.15711,1.00,1.00
2017.09.19 14:35:43.361,1.15707,1.15713,1.00,1.00
2017.09.19 14:35:43.515,1.15707,1.15717,1.00,1.25
2017.09.19 14:35:43.705,1.15707,1.15714,1.00,1.00
2017.09.19 14:35:44.061,1.15709,1.15715,1.00,1.50
2017.09.19 14:35:44.163,1.15706,1.15715,1.00,1.50
2017.09.19 14:35:46.000,1.15709,1.15717,1.00,2.25
2017.09.19 14:35:46.161,1.15706,1.15714,1.00,1.50
2017.09.19 14:35:46.425,1.15704,1.15714,1.00,1.50
2017.09.19 14:35:46.579,1.15702,1.15712,1.00,1.00
2017.09.19 14:35:46.887,1.15704,1.15712,1.00,1.69
2017.09.19 14:35:46.939,1.15702,1.15711,1.00,1.00
2017.09.19 14:35:47.468,1.15703,1.15711,1.00,1.00
2017.09.19 14:35:48.506,1.15702,1.15711,1.00,1.00
2017.09.19 14:35:49.332,1.15701,1.15711,1.00,1.00
2017.09.19 14:35:49.435,1.15703,1.15711,1.00,1.00
2017.09.19 14:35:49.939,1.15703,1.15712,1.00,1.25
2017.09.19 14:35:50.963,1.15702,1.15714,1.00,4.31
2017.09.19 14:35:51.549,1.15701,1.15713,1.00,2.81
2017.09.19 14:35:51.600,1.15701,1.15713,1.00,2.06
2017.09.19 14:35:51.958,1.15701,1.15711,1.00,1.00
2017.09.19 14:35:52.985,1.15701,1.15708,1.00,1.00
2017.09.19 14:35:53.240,1.15699,1.15708,1.00,1.50
2017.09.19 14:35:54.326,1.157,1.15707,1.00,1.12
2017.09.19 14:35:54.685,1.15701,1.1571,1.00,1.12
2017.09.19 14:35:54.940,1.15703,1.15713,1.00,1.69
2017.09.19 14:35:54.991,1.15703,1.15713,1.00,2.06
2017.09.19 14:35:55.297,1.15701,1.15711,1.00,1.00
2017.09.19 14:35:56.943,1.15701,1.1571,1.00,1.00
2017.09.19 14:35:57.606,1.157,1.1571,1.00,1.00
2017.09.19 14:35:57.760,1.15703,1.1571,1.00,1.00
2017.09.19 14:35:57.915,1.15701,1.1571,1.00,1.00
2017.09.19 14:35:59.765,1.15702,1.15711,1.00,1.50
2017.09.19 14:36:00.030,1.15699,1.1571,1.00,1.25
2017.09.19 14:36:00.539,1.15698,1.1571,1.00,1.25
2017.09.19 14:36:00.693,1.15702,1.15711,1.00,1.00
2017.09.19 14:36:00.949,1.15707,1.15717,1.00,1.69
2017.09.19 14:36:01.245,1.15705,1.15717,1.00,1.31
2017.09.19 14:36:01.712,1.15707,1.15717,1.00,1.31
2017.09.19 14:36:02.216,1.15708,1.15716,1.00,1.00
2017.09.19 14:36:02.628,1.15706,1.15716,1.00,1.00
2017.09.19 14:36:03.186,1.15705,1.15718,1.00,2.44
2017.09.19 14:36:03.454,1.15707,1.15717,1.00,1.31
2017.09.19 14:36:04.000,1.15707,1.15716,1.00,1.00
2017.09.19 14:36:04.553,1.15707,1.15717,1.00,1.31
2017.09.19 14:36:05.093,1.15706,1.15717,1.00,1.31
2017.09.19 14:36:05.402,1.15706,1.15715,1.00,3.19
2017.09.19 14:36:05.657,1.15707,1.15718,1.00,1.69
2017.09.19 14:36:06.158,1.15707,1.15714,1.00,1.00
2017.09.19 14:36:06.664,1.15704,1.15712,1.00,1.00
2017.09.19 14:36:06.900,1.15707,1.15713,1.00,1.12
2017.09.19 14:36:07.430,1.15705,1.15712,1.00,1.00
2017.09.19 14:36:08.030,1.15705,1.15714,1.00,2.62
2017.09.19 14:36:09.660,1.15707,1.15714,1.00,1.37
2017.09.19 14:36:09.762,1.15704,1.15715,1.50,2.25
2017.09.19 14:36:09.864,1.15704,1.15711,1.00,1.00
2017.09.19 14:36:10.395,1.15703,1.15711,1.00,1.00
2017.09.19 14:36:10.946,1.15703,1.15712,1.00,1.00
2017.09.19 14:36:11.481,1.15703,1.15711,1.00,1.00
2017.09.19 14:36:12.006,1.15702,1.15711,1.00,1.00
2017.09.19 14:36:12.110,1.157,1.15712,1.00,1.00
2017.09.19 14:36:12.162,1.15702,1.15712,1.00,1.00
2017.09.19 14:36:12.673,1.15708,1.15713,1.00,1.50
2017.09.19 14:36:12.725,1.15708,1.15717,1.00,2.25
2017.09.19 14:36:12.776,1.15711,1.15717,1.00,2.25
2017.09.19 14:36:12.950,1.15711,1.15718,1.00,1.50
2017.09.19 14:36:13.462,1.15711,1.15719,1.00,1.00
2017.09.19 14:36:14.237,1.15711,1.1572,1.00,1.00
2017.09.19 14:36:14.339,1.15707,1.1572,1.00,1.00
2017.09.19 14:36:14.391,1.15709,1.15718,1.00,1.50
2017.09.19 14:36:14.919,1.15709,1.15717,1.00,1.50
2017.09.19 14:36:15.259,1.15713,1.15719,1.00,1.00
2017.09.19 14:36:15.361,1.1571,1.15719,1.00,1.00
2017.09.19 14:36:15.412,1.15713,1.15721,1.00,1.50
2017.09.19 14:36:15.566,1.15709,1.15721,1.50,1.50
2017.09.19 14:36:15.619,1.15708,1.15719,1.00,1.00
2017.09.19 14:36:15.774,1.15703,1.15715,1.12,1.00
2017.09.19 14:36:15.825,1.15705,1.15715,1.00,1.00
2017.09.19 14:36:16.133,1.15707,1.15716,1.00,1.25
2017.09.19 14:36:16.696,1.1571,1.15717,1.00,1.00
2017.09.19 14:36:16.799,1.15708,1.15719,1.00,1.00
2017.09.19 14:36:17.004,1.15706,1.15715,1.00,1.00
2017.09.19 14:36:17.108,1.15704,1.15715,1.00,1.00
2017.09.19 14:36:17.582,1.15707,1.15716,1.00,2.62
2017.09.19 14:36:17.787,1.15708,1.15718,1.00,1.00
2017.09.19 14:36:17.889,1.15706,1.15718,1.00,1.00
2017.09.19 14:36:18.093,1.15706,1.15718,1.00,1.50
2017.09.19 14:36:18.402,1.15708,1.15718,1.00,1.69
2017.09.19 14:36:19.130,1.15707,1.15719,1.00,3.00
2017.09.19 14:36:19.538,1.15709,1.15718,1.00,1.50
2017.09.19 14:36:20.040,1.15708,1.15718,1.00,1.50
2017.09.19 14:36:20.244,1.15706,1.15718,1.00,1.50
2017.09.19 14:36:20.758,1.15705,1.15716,1.00,1.31
2017.09.19 14:36:20.810,1.15706,1.15713,1.00,1.00
2017.09.19 14:36:21.017,1.15705,1.15716,1.00,2.44
2017.09.19 14:36:21.069,1.15709,1.15715,1.00,1.12
2017.09.19 14:36:22.013,1.15712,1.1572,1.00,1.75
2017.09.19 14:36:22.069,1.15712,1.1572,1.00,1.12
2017.09.19 14:36:22.607,1.15713,1.1572,1.00,1.00
2017.09.19 14:36:23.256,1.15714,1.1572,1.00,1.00
2017.09.19 14:36:23.668,1.15714,1.15723,1.00,4.12
2017.09.19 14:36:23.923,1.1571,1.15718,1.00,1.00
2017.09.19 14:36:24.232,1.15709,1.15718,1.00,1.50
2017.09.19 14:36:24.400,1.15711,1.1572,1.00,1.25
2017.09.19 14:36:24.576,1.15709,1.15717,1.00,1.00
2017.09.19 14:36:24.884,1.15717,1.15724,1.00,1.50
2017.09.19 14:36:25.505,1.15717,1.15723,1.00,1.50
2017.09.19 14:36:26.006,1.15711,1.15718,1.00,1.00
2017.09.19 14:36:26.162,1.15713,1.15721,1.00,1.69
2017.09.19 14:36:26.216,1.15712,1.15719,1.00,1.00
2017.09.19 14:36:26.319,1.15713,1.15721,1.00,1.00
2017.09.19 14:36:26.985,1.15713,1.15722,1.00,1.31
2017.09.19 14:36:27.892,1.15713,1.15721,1.00,1.00
2017.09.19 14:36:27.944,1.15713,1.15718,1.00,1.00
2017.09.19 14:36:28.458,1.15712,1.15719,1.00,1.00
2017.09.19 14:36:29.240,1.15714,1.1572,1.00,1.50
2017.09.19 14:36:29.292,1.15712,1.1572,1.00,2.25
2017.09.19 14:36:29.345,1.15714,1.1572,1.00,1.50
2017.09.19 14:36:29.641,1.15713,1.15723,1.00,3.75
2017.09.19 14:36:29.702,1.15715,1.15723,1.00,2.62
2017.09.19 14:36:30.023,1.15717,1.15723,1.00,1.12
2017.09.19 14:36:30.210,1.15715,1.15723,1.00,1.12
2017.09.19 14:36:30.716,1.15715,1.15722,1.00,1.00
2017.09.19 14:36:30.821,1.15716,1.15725,1.00,1.25
2017.09.19 14:36:31.617,1.15716,1.15725,1.00,1.62
2017.09.19 14:36:31.722,1.15712,1.15723,1.00,1.69
2017.09.19 14:36:31.774,1.15715,1.15723,1.00,3.19
2017.09.19 14:36:32.031,1.15718,1.15726,1.00,2.06
2017.09.19 14:36:32.609,1.15718,1.15727,1.00,2.81
2017.09.19 14:36:33.405,1.15717,1.15727,1.00,1.87
2017.09.19 14:36:33.456,1.1572,1.15726,1.00,1.87
2017.09.19 14:36:33.998,1.15721,1.15726,1.00,1.87
2017.09.19 14:36:35.094,1.1572,1.15726,1.00,1.50
2017.09.19 14:36:35.349,1.15718,1.15726,1.00,1.00
2017.09.19 14:36:35.554,1.15721,1.15726,1.00,1.00
2017.09.19 14:36:36.064,1.15722,1.15726,1.00,1.00
2017.09.19 14:36:36.319,1.15722,1.15729,1.00,2.25
2017.09.19 14:36:37.682,1.15722,1.1573,1.00,2.62
2017.09.19 14:36:37.836,1.15725,1.1573,1.00,2.62
2017.09.19 14:36:38.375,1.15725,1.15729,1.00,1.00
2017.09.19 14:36:38.799,1.15726,1.15732,1.00,2.62
2017.09.19 14:36:38.953,1.15724,1.15729,1.00,1.00
2017.09.19 14:36:39.086,1.15723,1.15733,1.00,1.00
2017.09.19 14:36:39.139,1.15727,1.15735,1.00,2.62
2017.09.19 14:36:39.191,1.15723,1.15735,1.50,1.87
2017.09.19 14:36:39.242,1.15725,1.15735,1.00,2.19
2017.09.19 14:36:39.603,1.15727,1.15739,1.00,4.31
2017.09.19 14:36:39.654,1.15727,1.15736,1.00,1.12
2017.09.19 14:36:39.811,1.15724,1.15735,1.37,2.44
2017.09.19 14:36:40.325,1.15726,1.15734,1.00,1.00
2017.09.19 14:36:40.886,1.15728,1.15735,1.00,1.12
2017.09.19 14:36:41.045,1.15727,1.15737,1.00,1.25
2017.09.19 14:36:41.099,1.15729,1.1574,1.00,2.81
2017.09.19 14:36:41.255,1.15724,1.15736,1.00,1.12
2017.09.19 14:36:41.306,1.15724,1.15734,1.00,1.00
2017.09.19 14:36:41.706,1.15724,1.15732,1.00,1.12
2017.09.19 14:36:42.239,1.15723,1.15734,1.00,1.75
2017.09.19 14:36:42.612,1.15725,1.15734,1.00,1.75
2017.09.19 14:36:43.158,1.15726,1.15735,1.00,2.25
2017.09.19 14:36:43.641,1.15725,1.15735,1.00,1.00
2017.09.19 14:36:43.919,1.15727,1.15739,1.00,2.00
2017.09.19 14:36:44.364,1.15727,1.15739,2.25,1.50
2017.09.19 14:36:44.418,1.15729,1.15739,1.00,1.00
2017.09.19 14:36:44.725,1.15731,1.15739,1.00,1.00
2017.09.19 14:36:45.033,1.15736,1.15744,1.00,1.00
2017.09.19 14:36:45.238,1.1573,1.15743,1.37,3.00
2017.09.19 14:36:45.341,1.1573,1.15742,1.37,1.87
2017.09.19 14:36:45.495,1.15729,1.15742,1.00,1.87
2017.09.19 14:36:46.024,1.15727,1.1574,1.00,1.12
2017.09.19 14:36:46.076,1.1573,1.15739,1.00,1.00
2017.09.19 14:36:47.353,1.15731,1.1574,1.00,1.00
2017.09.19 14:36:47.660,1.15735,1.15743,1.00,2.25
2017.09.19 14:36:47.763,1.15734,1.15745,1.00,1.87
2017.09.19 14:36:47.814,1.15733,1.15742,1.00,1.50
2017.09.19 14:36:48.069,1.1573,1.15742,1.00,1.00
2017.09.19 14:36:48.413,1.15732,1.15742,1.00,1.50
2017.09.19 14:36:48.668,1.15736,1.15747,1.00,2.62
2017.09.19 14:36:49.698,1.15734,1.15746,1.00,2.25
2017.09.19 14:36:50.211,1.15736,1.15747,1.00,1.12
2017.09.19 14:36:50.519,1.15733,1.15744,1.00,1.69
2017.09.19 14:36:50.908,1.15731,1.15743,1.00,1.12
2017.09.19 14:36:51.538,1.15731,1.15743,1.00,2.06
2017.09.19 14:36:52.552,1.15731,1.15743,1.00,1.25
2017.09.19 14:36:53.753,1.15731,1.15743,1.00,2.06
2017.09.19 14:36:54.137,1.15728,1.1574,1.00,1.44
2017.09.19 14:36:54.444,1.15727,1.15736,1.00,1.00
2017.09.19 14:36:54.958,1.15726,1.15735,1.00,1.00
2017.09.19 14:36:55.449,1.15724,1.15735,1.00,1.19
2017.09.19 14:36:55.988,1.15725,1.15737,1.00,1.56
2017.09.19 14:36:57.981,1.15725,1.15735,1.00,1.25
2017.09.19 14:37:00.336,1.15729,1.15739,1.00,2.25
2017.09.19 14:37:01.445,1.15728,1.15739,1.00,2.44
2017.09.19 14:37:01.807,1.1573,1.15741,1.00,3.56
2017.09.19 14:37:01.982,1.15729,1.15742,1.00,1.31
2017.09.19 14:37:02.850,1.1573,1.15742,1.00,1.31
2017.09.19 14:37:03.394,1.15729,1.15742,1.00,1.31
2017.09.19 14:37:03.987,1.15731,1.15742,1.00,1.12
2017.09.19 14:37:04.245,1.15727,1.15741,4.50,1.00
2017.09.19 14:37:04.499,1.15726,1.15739,3.75,1.00
2017.09.19 14:37:05.043,1.15728,1.1574,1.00,1.50
2017.09.19 14:37:05.585,1.1573,1.15742,1.00,1.87
2017.09.19 14:37:05.892,1.15733,1.15744,1.00,1.00
2017.09.19 14:37:06.250,1.15731,1.15744,1.12,1.00
2017.09.19 14:37:06.780,1.15732,1.15744,1.00,1.25
2017.09.19 14:37:06.882,1.1573,1.15738,1.50,1.00
2017.09.19 14:37:07.036,1.15727,1.15738,1.00,1.25
2017.09.19 14:37:07.442,1.15725,1.15738,1.50,1.25
2017.09.19 14:37:08.039,1.15724,1.15738,2.25,1.50
2017.09.19 14:37:09.534,1.15725,1.15738,1.00,1.00
2017.09.19 14:37:09.791,1.15727,1.15738,1.50,1.19
2017.09.19 14:37:10.047,1.15731,1.15744,1.00,1.25
2017.09.19 14:37:10.252,1.15726,1.15741,3.75,1.87
2017.09.19 14:37:10.354,1.15726,1.15741,2.62,2.25
2017.09.19 14:37:10.851,1.15726,1.1574,1.12,2.62
2017.09.19 14:37:11.482,1.15726,1.15739,1.00,1.25
2017.09.19 14:37:12.152,1.15729,1.15739,1.50,1.00
2017.09.19 14:37:12.255,1.1573,1.15744,1.50,1.50
2017.09.19 14:37:12.306,1.15731,1.15744,1.00,1.12
2017.09.19 14:37:12.813,1.15731,1.15745,1.00,1.00
2017.09.19 14:37:13.361,1.15733,1.15744,1.00,1.00
2017.09.19 14:37:13.464,1.15731,1.15744,1.00,1.00
2017.09.19 14:37:13.970,1.1573,1.15744,1.00,1.00
2017.09.19 14:37:14.475,1.1573,1.15743,1.00,1.25
2017.09.19 14:37:15.101,1.15727,1.1574,1.25,1.00
2017.09.19 14:37:15.548,1.15732,1.1574,1.00,1.12
2017.09.19 14:37:15.753,1.15727,1.15741,1.25,1.50
2017.09.19 14:37:16.669,1.15729,1.1574,1.00,1.12
2017.09.19 14:37:18.669,1.1573,1.15741,1.00,1.50
2017.09.19 14:37:19.591,1.1573,1.15744,1.00,1.87
2017.09.19 14:37:19.646,1.1573,1.15744,1.00,1.31
2017.09.19 14:37:20.043,1.15736,1.15746,1.00,2.44
2017.09.19 14:37:20.248,1.15741,1.15751,1.00,1.87
2017.09.19 14:37:20.933,1.15742,1.15751,1.00,2.44
2017.09.19 14:37:21.364,1.1574,1.15752,1.00,1.94
2017.09.19 14:37:21.467,1.15742,1.15751,1.00,1.00
2017.09.19 14:37:21.979,1.15741,1.15752,1.00,1.50
2017.09.19 14:37:22.816,1.15741,1.15751,1.00,1.00
2017.09.19 14:37:23.443,1.15742,1.15752,1.00,1.12
2017.09.19 14:37:23.545,1.1574,1.15752,1.00,1.87
2017.09.19 14:37:24.095,1.15741,1.15752,1.00,2.62
2017.09.19 14:37:24.626,1.15741,1.15751,1.00,1.00
2017.09.19 14:37:25.149,1.1574,1.15752,1.00,1.00
2017.09.19 14:37:25.654,1.15744,1.15755,1.00,1.50
2017.09.19 14:37:26.166,1.15745,1.15756,1.00,1.25
2017.09.19 14:37:26.371,1.15746,1.15759,1.00,3.37
2017.09.19 14:37:26.955,1.15747,1.15759,1.00,2.25
2017.09.19 14:37:27.520,1.15746,1.15759,1.00,1.87
2017.09.19 14:37:27.673,1.15748,1.1576,1.00,1.87
2017.09.19 14:37:28.225,1.15749,1.15759,1.00,1.00
2017.09.19 14:37:28.794,1.15747,1.15759,1.00,1.00
2017.09.19 14:37:29.482,1.15748,1.15759,1.00,1.00
2017.09.19 14:37:29.971,1.15746,1.15757,1.00,1.25
2017.09.19 14:37:30.546,1.15745,1.15757,1.00,1.31
2017.09.19 14:37:30.854,1.15741,1.15749,1.00,1.12
2017.09.19 14:37:33.358,1.15744,1.1575,1.00,1.37
2017.09.19 14:37:33.554,1.15742,1.1575,1.00,1.37
2017.09.19 14:37:34.140,1.15743,1.1575,1.00,1.37
2017.09.19 14:37:35.624,1.15746,1.15754,1.00,2.25
2017.09.19 14:37:35.776,1.1574,1.15751,1.00,1.37
2017.09.19 14:37:35.828,1.1574,1.15747,1.00,1.00
2017.09.19 14:37:35.930,1.15741,1.15749,1.00,1.00
2017.09.19 14:37:35.982,1.15743,1.15749,1.00,1.00
2017.09.19 14:37:36.187,1.15743,1.15753,1.00,1.31
2017.09.19 14:37:36.504,1.15745,1.15753,1.00,1.31
2017.09.19 14:37:37.425,1.15741,1.15751,1.00,1.00
2017.09.19 14:37:37.529,1.15743,1.15752,1.00,1.00
2017.09.19 14:37:37.877,1.15745,1.15755,1.00,1.56
2017.09.19 14:37:38.112,1.15745,1.15756,1.00,3.19
2017.09.19 14:37:38.164,1.1575,1.15756,1.00,1.00
2017.09.19 14:37:38.317,1.1575,1.15759,1.00,1.91
2017.09.19 14:37:38.675,1.15748,1.15759,1.00,1.91
2017.09.19 14:37:39.218,1.15749,1.15759,1.00,1.91
2017.09.19 14:37:39.722,1.15749,1.15758,1.00,1.12
2017.09.19 14:37:40.110,1.15747,1.15757,1.00,1.00
2017.09.19 14:37:40.264,1.1575,1.15757,1.00,1.00
2017.09.19 14:37:42.627,1.15751,1.15757,1.00,1.00
2017.09.19 14:37:43.462,1.15749,1.15757,1.00,1.00
2017.09.19 14:37:45.728,1.15752,1.15757,1.00,1.00
2017.09.19 14:37:45.933,1.15752,1.15762,1.00,2.44
2017.09.19 14:37:46.062,1.15752,1.15762,1.00,1.69
2017.09.19 14:37:46.584,1.15752,1.15758,1.00,1.00
2017.09.19 14:37:46.636,1.15746,1.15756,1.37,2.06
2017.09.19 14:37:46.687,1.15745,1.15753,1.37,1.00
2017.09.19 14:37:46.738,1.15745,1.15753,1.00,1.00
2017.09.19 14:37:47.599,1.15747,1.15754,1.00,1.50
2017.09.19 14:37:48.637,1.15748,1.15757,1.00,2.00
2017.09.19 14:37:48.739,1.15749,1.15758,1.00,1.31
2017.09.19 14:37:49.124,1.15747,1.15758,1.00,2.25
2017.09.19 14:37:49.657,1.15748,1.15758,1.00,1.31
2017.09.19 14:37:49.760,1.15746,1.15757,1.00,1.62
2017.09.19 14:37:50.270,1.15747,1.15756,1.00,1.50
2017.09.19 14:37:50.437,1.15743,1.15755,1.50,1.44
2017.09.19 14:37:50.693,1.15741,1.15753,1.00,2.44
2017.09.19 14:37:50.847,1.1574,1.15751,2.25,1.25
2017.09.19 14:37:51.156,1.15748,1.15758,1.00,1.00
2017.09.19 14:37:52.301,1.15749,1.15758,1.00,1.00
2017.09.19 14:37:53.614,1.15746,1.15757,1.00,1.12
2017.09.19 14:37:53.666,1.15745,1.15755,1.00,1.25
2017.09.19 14:37:54.196,1.15745,1.15754,1.00,1.25
2017.09.19 14:37:54.717,1.15745,1.15754,1.00,1.19
2017.09.19 14:37:55.236,1.15746,1.15755,1.00,1.31
2017.09.19 14:37:55.759,1.15745,1.15755,1.00,2.25
2017.09.19 14:37:56.149,1.15747,1.15754,1.00,1.00
2017.09.19 14:37:56.659,1.15747,1.15758,1.00,1.31
2017.09.19 14:37:58.272,1.15749,1.15758,1.00,2.44
2017.09.19 14:37:58.425,1.15746,1.15757,1.00,1.44
2017.09.19 14:37:58.779,1.15742,1.15751,1.00,1.25
2017.09.19 14:37:58.885,1.1574,1.15751,1.00,1.50
2017.09.19 14:37:59.321,1.15743,1.15751,1.00,1.37
2017.09.19 14:37:59.922,1.15742,1.15751,1.00,1.62
2017.09.19 14:38:00.488,1.15739,1.15751,1.00,3.00
2017.09.19 14:38:02.186,1.1574,1.15751,1.00,1.69
2017.09.19 14:38:02.776,1.15739,1.15751,1.00,1.69
2017.09.19 14:38:03.048,1.15737,1.1575,1.00,1.50
2017.09.19 14:38:03.638,1.15743,1.15752,1.00,3.75
2017.09.19 14:38:03.894,1.15746,1.15756,1.00,1.19
2017.09.19 14:38:04.741,1.15747,1.15756,1.00,1.19
2017.09.19 14:38:08.282,1.1575,1.15756,1.00,1.00
2017.09.19 14:38:08.400,1.15746,1.15756,1.25,1.00
2017.09.19 14:38:08.453,1.15744,1.15756,1.00,1.25
2017.09.19 14:38:09.647,1.15745,1.15757,1.00,2.25
2017.09.19 14:38:09.698,1.15749,1.15759,1.00,1.75
2017.09.19 14:38:09.801,1.1575,1.1576,1.00,1.00
2017.09.19 14:38:10.006,1.15751,1.15762,1.00,1.00
2017.09.19 14:38:10.057,1.1575,1.1576,1.00,1.50
2017.09.19 14:38:10.161,1.15747,1.1576,2.25,1.69
2017.09.19 14:38:10.709,1.15747,1.1576,1.50,2.06
2017.09.19 14:38:11.247,1.15748,1.15759,1.00,1.50
2017.09.19 14:38:11.827,1.15747,1.15759,1.00,1.50
2017.09.19 14:38:11.879,1.15745,1.15758,1.50,1.50
2017.09.19 14:38:11.981,1.15743,1.15755,1.00,1.87
2017.09.19 14:38:12.484,1.15742,1.15755,1.50,1.00
2017.09.19 14:38:13.039,1.15743,1.15755,1.00,1.00
2017.09.19 14:38:13.092,1.15745,1.15756,1.00,3.19
2017.09.19 14:38:13.399,1.1575,1.15759,1.00,1.00
2017.09.19 14:38:14.023,1.15749,1.1576,1.00,1.69
2017.09.19 14:38:15.284,1.15746,1.15758,2.25,1.00
2017.09.19 14:38:15.337,1.15748,1.15757,1.00,1.00
2017.09.19 14:38:15.644,1.15754,1.15761,1.00,2.25
2017.09.19 14:38:15.747,1.15751,1.15761,1.00,2.25
2017.09.19 14:38:15.875,1.1575,1.15757,1.00,1.00
2017.09.19 14:38:15.931,1.1575,1.15759,1.00,1.00
2017.09.19 14:38:16.085,1.15752,1.15759,1.00,1.00
2017.09.19 14:38:16.293,1.15752,1.15763,1.00,2.06
2017.09.19 14:38:16.804,1.15755,1.15765,1.00,1.69
2017.09.19 14:38:16.959,1.15753,1.15765,1.00,1.50
2017.09.19 14:38:17.321,1.15755,1.15765,1.00,1.25
2017.09.19 14:38:17.857,1.15758,1.15768,1.00,2.25
2017.09.19 14:38:18.113,1.15762,1.15771,1.00,1.50
2017.09.19 14:38:18.436,1.15766,1.15776,1.00,2.00
2017.09.19 14:38:18.538,1.15764,1.15776,1.00,1.12
2017.09.19 14:38:19.303,1.15764,1.15775,1.00,1.50
2017.09.19 14:38:19.457,1.15761,1.15773,1.50,1.50
2017.09.19 14:38:19.509,1.15758,1.15771,1.37,1.00
2017.09.19 14:38:19.815,1.15764,1.15772,1.00,1.44
2017.09.19 14:38:19.867,1.1576,1.15771,1.00,1.25
2017.09.19 14:38:19.918,1.15757,1.15767,2.25,1.50
2017.09.19 14:38:19.970,1.15758,1.1577,1.37,1.12
2017.09.19 14:38:20.164,1.15759,1.15766,1.00,1.00
2017.09.19 14:38:20.318,1.15759,1.1577,1.00,3.00
2017.09.19 14:38:20.421,1.15761,1.15768,1.00,1.00
2017.09.19 14:38:20.664,1.1576,1.15772,3.56,1.00
2017.09.19 14:38:20.721,1.15769,1.15773,2.25,1.00
2017.09.19 14:38:20.928,1.15771,1.15779,1.00,1.50
2017.09.19 14:38:21.237,1.1577,1.1578,1.00,1.00
2017.09.19 14:38:21.596,1.15773,1.15781,1.00,1.50
2017.09.19 14:38:21.850,1.15773,1.15784,1.00,1.50
2017.09.19 14:38:22.411,1.15773,1.15785,1.00,1.87
2017.09.19 14:38:22.925,1.15771,1.15781,1.00,1.25
2017.09.19 14:38:23.079,1.15768,1.15779,1.12,1.87
2017.09.19 14:38:23.182,1.15772,1.15781,1.00,1.12
2017.09.19 14:38:23.486,1.15772,1.15784,1.00,1.69
2017.09.19 14:38:23.538,1.15775,1.15785,1.00,1.00
2017.09.19 14:38:23.794,1.15773,1.15784,1.00,1.12
2017.09.19 14:38:23.948,1.15766,1.15778,2.25,1.25
2017.09.19 14:38:24.337,1.15765,1.15774,1.00,1.00
2017.09.19 14:38:24.864,1.15764,1.15774,1.00,1.00
2017.09.19 14:38:25.729,1.15762,1.15772,1.00,1.00
2017.09.19 14:38:25.832,1.1576,1.15772,1.00,1.12
2017.09.19 14:38:26.337,1.15758,1.15769,1.00,1.00
2017.09.19 14:38:27.047,1.15757,1.15769,2.25,1.00
2017.09.19 14:38:27.410,1.15764,1.15772,1.00,1.75
2017.09.19 14:38:27.615,1.15764,1.15773,1.00,1.00
2017.09.19 14:38:28.121,1.15765,1.15773,1.00,1.00
2017.09.19 14:38:28.172,1.15763,1.15773,1.00,1.00
2017.09.19 14:38:28.697,1.15764,1.15774,1.00,1.00
2017.09.19 14:38:29.003,1.15762,1.15773,1.00,1.87
2017.09.19 14:38:29.767,1.15762,1.15774,1.00,1.87
2017.09.19 14:38:30.312,1.15762,1.15773,1.00,1.25
2017.09.19 14:38:33.207,1.15762,1.15774,1.00,1.12
2017.09.19 14:38:33.615,1.15762,1.15772,1.00,1.00
2017.09.19 14:38:33.666,1.15758,1.1577,1.50,1.00
2017.09.19 14:38:33.769,1.15761,1.15769,1.00,1.00
2017.09.19 14:38:35.419,1.15761,1.15771,1.00,1.62
2017.09.19 14:38:35.831,1.15759,1.1577,1.00,1.87
2017.09.19 14:38:36.368,1.15758,1.1577,1.00,1.00
2017.09.19 14:38:37.318,1.15758,1.15771,1.00,1.25
2017.09.19 14:38:37.781,1.1576,1.15773,1.50,1.00
2017.09.19 14:38:38.095,1.15762,1.15775,1.00,1.69
2017.09.19 14:38:38.406,1.15764,1.15773,1.00,1.00
2017.09.19 14:38:38.927,1.15763,1.15773,1.00,1.00
2017.09.19 14:38:39.553,1.15763,1.15772,1.00,1.00
2017.09.19 14:38:40.081,1.15763,1.15768,1.00,1.00
2017.09.19 14:38:40.133,1.15759,1.15768,1.00,1.00
2017.09.19 14:38:40.666,1.15758,1.15768,1.00,1.12
2017.09.19 14:38:41.189,1.15757,1.15768,1.00,1.12
2017.09.19 14:38:41.762,1.15754,1.15768,1.00,3.19
2017.09.19 14:38:42.205,1.15759,1.15769,1.00,1.75
2017.09.19 14:38:42.512,1.15763,1.15772,1.00,1.12
2017.09.19 14:38:42.666,1.15761,1.15773,1.00,1.00
2017.09.19 14:38:43.318,1.15761,1.15772,1.00,1.00
2017.09.19 14:38:44.522,1.15761,1.15773,1.00,1.00
2017.09.19 14:38:44.928,1.15759,1.15769,1.00,1.00
2017.09.19 14:38:45.235,1.15761,1.1577,1.00,1.00
2017.09.19 14:38:45.519,1.15759,1.1577,1.00,1.00
2017.09.19 14:38:45.865,1.15761,1.15773,1.00,1.69
2017.09.19 14:38:46.458,1.1576,1.15773,1.00,2.06
2017.09.19 14:38:46.988,1.15761,1.15773,1.00,1.25
2017.09.19 14:38:47.300,1.15763,1.15773,1.00,1.25
2017.09.19 14:38:48.078,1.15763,1.15774,1.00,1.31
2017.09.19 14:38:48.701,1.15763,1.15773,1.00,1.00
2017.09.19 14:38:49.689,1.15763,1.15774,1.00,2.06
2017.09.19 14:38:50.230,1.15762,1.15774,1.00,1.12
2017.09.19 14:38:50.890,1.1576,1.15774,1.00,3.19
2017.09.19 14:38:50.941,1.15758,1.15772,1.87,1.00
2017.09.19 14:38:51.247,1.15761,1.15772,1.00,1.00
2017.09.19 14:38:51.830,1.15762,1.15772,1.00,1.00
2017.09.19 14:38:52.178,1.15764,1.15775,1.00,1.62
2017.09.19 14:38:53.699,1.15765,1.15774,1.00,1.12
2017.09.19 14:38:54.732,1.15763,1.15774,1.00,1.31
2017.09.19 14:38:54.834,1.15763,1.15771,1.00,1.00
2017.09.19 14:38:55.056,1.15763,1.15775,1.00,2.25
2017.09.19 14:38:55.722,1.15763,1.15773,1.00,1.00
2017.09.19 14:38:56.273,1.15762,1.15773,1.00,1.25
2017.09.19 14:38:56.579,1.15759,1.15772,1.12,1.00
2017.09.19 14:38:56.632,1.15756,1.1577,3.94,1.00
2017.09.19 14:38:56.684,1.1576,1.15773,1.00,1.50
2017.09.19 14:38:56.899,1.15762,1.15776,2.06,1.00
2017.09.19 14:38:56.950,1.15764,1.15776,1.00,1.00
2017.09.19 14:38:57.155,1.15766,1.15779,1.00,1.12
2017.09.19 14:38:58.612,1.15768,1.15778,1.19,1.00
2017.09.19 14:38:58.664,1.15768,1.15781,1.19,1.37
2017.09.19 14:38:59.665,1.15768,1.15781,1.25,1.37
2017.09.19 14:39:00.496,1.15769,1.15782,1.00,1.69
2017.09.19 14:39:00.599,1.15769,1.15782,1.00,1.00
2017.09.19 14:39:01.110,1.15771,1.15783,1.00,1.50
2017.09.19 14:39:01.547,1.15769,1.15783,1.00,3.00
2017.09.19 14:39:01.751,1.15771,1.15783,1.00,1.50
2017.09.19 14:39:01.906,1.15769,1.15781,1.00,1.00
2017.09.19 14:39:02.422,1.15768,1.15782,1.50,1.12
2017.09.19 14:39:02.932,1.15767,1.15781,1.00,2.62
2017.09.19 14:39:03.304,1.15767,1.15778,1.00,1.00
2017.09.19 14:39:03.652,1.15763,1.15772,1.50,1.00
2017.09.19 14:39:04.199,1.15761,1.15772,2.06,1.00
2017.09.19 14:39:04.723,1.1576,1.15772,3.94,1.00
2017.09.19 14:39:04.943,1.1576,1.15768,1.00,1.00
2017.09.19 14:39:05.198,1.15757,1.15768,1.50,1.00
2017.09.19 14:39:05.403,1.15762,1.15771,1.25,1.75
2017.09.19 14:39:05.506,1.15763,1.15774,1.00,1.00
2017.09.19 14:39:05.653,1.15763,1.15776,1.25,1.00
2017.09.19 14:39:05.859,1.15759,1.15771,3.37,1.00
2017.09.19 14:39:06.013,1.1576,1.15773,1.00,1.00
2017.09.19 14:39:06.527,1.15762,1.15774,1.00,1.00
2017.09.19 14:39:06.997,1.15761,1.15772,1.50,1.00
2017.09.19 14:39:07.450,1.15758,1.15772,3.37,1.00
2017.09.19 14:39:07.982,1.15759,1.15772,1.25,1.00
2017.09.19 14:39:09.507,1.1576,1.1577,2.25,1.00
2017.09.19 14:39:09.611,1.15763,1.15776,1.50,1.50
2017.09.19 14:39:09.766,1.15761,1.15774,1.25,1.50
2017.09.19 14:39:10.558,1.1576,1.15772,1.50,1.00
2017.09.19 14:39:10.934,1.15763,1.15775,1.00,1.00
2017.09.19 14:39:11.296,1.15765,1.15773,1.00,1.00
2017.09.19 14:39:11.348,1.15762,1.15774,1.00,1.00
2017.09.19 14:39:11.401,1.15762,1.1577,1.50,1.00
2017.09.19 14:39:11.506,1.15757,1.15768,3.00,1.00
2017.09.19 14:39:12.542,1.15757,1.15769,1.50,1.00
2017.09.19 14:39:12.736,1.15758,1.15767,1.12,1.00
2017.09.19 14:39:12.792,1.15758,1.15769,1.00,1.00
2017.09.19 14:39:13.303,1.15758,1.1577,1.37,1.00
2017.09.19 14:39:14.575,1.15758,1.15773,3.75,1.69
2017.09.19 14:39:15.161,1.15758,1.15771,1.50,1.50
2017.09.19 14:39:15.672,1.15758,1.15772,4.50,1.25
2017.09.19 14:39:16.182,1.15761,1.15772,1.00,1.25
2017.09.19 14:39:16.713,1.1576,1.15772,1.00,1.25
2017.09.19 14:39:17.291,1.15758,1.15772,2.44,1.25
2017.09.19 14:39:17.598,1.15762,1.15773,1.00,1.19
2017.09.19 14:39:19.032,1.15763,1.15772,1.00,1.25
2017.09.19 14:39:20.094,1.15762,1.15772,1.00,1.25
2017.09.19 14:39:20.488,1.15764,1.15772,1.00,1.25
2017.09.19 14:39:21.093,1.15765,1.15777,1.00,4.87
2017.09.19 14:39:21.620,1.15766,1.15777,1.00,2.44
2017.09.19 14:39:22.379,1.15771,1.15779,1.00,1.00
2017.09.19 14:39:22.512,1.15772,1.15781,1.00,1.87
2017.09.19 14:39:22.563,1.15772,1.15784,1.00,2.81
2017.09.19 14:39:22.667,1.15772,1.15781,1.00,1.50
2017.09.19 14:39:22.718,1.1577,1.15781,1.00,1.50
2017.09.19 14:39:22.922,1.15767,1.15779,1.50,1.69
2017.09.19 14:39:23.398,1.15766,1.15776,1.00,1.69
2017.09.19 14:39:23.933,1.15767,1.15779,1.00,3.56
2017.09.19 14:39:23.985,1.15765,1.15776,1.00,1.50
2017.09.19 14:39:24.508,1.15766,1.15776,1.00,1.50
2017.09.19 14:39:25.041,1.15767,1.15776,1.00,1.50
2017.09.19 14:39:25.564,1.15766,1.15777,1.00,1.69
2017.09.19 14:39:26.262,1.15767,1.15776,1.00,1.50
2017.09.19 14:39:26.315,1.15766,1.15774,1.00,1.19
2017.09.19 14:39:26.368,1.15761,1.15772,1.75,1.00
2017.09.19 14:39:26.422,1.15765,1.15772,1.00,1.00
2017.09.19 14:39:26.566,1.15766,1.15774,1.00,2.25
2017.09.19 14:39:26.673,1.15766,1.15776,1.00,1.50
2017.09.19 14:39:27.319,1.15766,1.15777,1.00,1.50
2017.09.19 14:39:27.737,1.15763,1.15772,1.12,1.00
2017.09.19 14:39:27.840,1.15761,1.15772,1.00,1.87
2017.09.19 14:39:27.945,1.15758,1.15772,1.00,2.62
2017.09.19 14:39:28.128,1.1576,1.15772,1.00,1.87
2017.09.19 14:39:28.529,1.15763,1.15772,1.00,1.75
2017.09.19 14:39:28.581,1.15761,1.15772,1.00,1.75
2017.09.19 14:39:28.684,1.15761,1.15772,1.00,1.00
2017.09.19 14:39:28.790,1.15758,1.1577,1.12,1.50
2017.09.19 14:39:29.493,1.15759,1.1577,1.00,1.00
2017.09.19 14:39:29.865,1.15761,1.1577,1.00,1.50
2017.09.19 14:39:29.919,1.15761,1.15773,1.00,1.69
2017.09.19 14:39:29.971,1.15759,1.1577,1.50,1.50
2017.09.19 14:39:30.290,1.15755,1.15768,1.87,1.00
2017.09.19 14:39:30.732,1.15754,1.15767,1.00,1.19
2017.09.19 14:39:31.980,1.15753,1.15767,1.00,2.44
2017.09.19 14:39:32.289,1.15751,1.15763,1.00,1.00
2017.09.19 14:39:32.936,1.15752,1.15764,1.00,1.50
2017.09.19 14:39:34.017,1.15754,1.15764,1.00,1.50
2017.09.19 14:39:34.586,1.15754,1.15763,1.00,1.50
2017.09.19 14:39:35.348,1.15751,1.15763,1.50,1.50
2017.09.19 14:39:35.400,1.15755,1.15764,1.00,1.50
2017.09.19 14:39:35.451,1.15752,1.15763,1.50,1.50
2017.09.19 14:39:35.656,1.15755,1.15763,1.00,1.50
2017.09.19 14:39:36.053,1.15755,1.15767,1.00,1.69
2017.09.19 14:39:37.051,1.15757,1.15767,1.00,1.50
2017.09.19 14:39:37.602,1.15758,1.15769,1.00,1.62
2017.09.19 14:39:37.961,1.15756,1.1577,1.00,5.62
2017.09.19 14:39:38.649,1.15757,1.1577,1.00,3.19
2017.09.19 14:39:39.012,1.15759,1.1577,1.00,3.19
2017.09.19 14:39:39.540,1.15758,1.15769,1.00,1.37
2017.09.19 14:39:40.340,1.15761,1.15769,1.00,2.62
2017.09.19 14:39:43.504,1.1576,1.15769,1.00,1.37
2017.09.19 14:39:46.001,1.1576,1.15771,1.00,1.19
2017.09.19 14:39:46.462,1.15765,1.15773,1.00,1.00
2017.09.19 14:39:46.701,1.15766,1.15776,1.00,1.50
2017.09.19 14:39:47.181,1.1577,1.15777,1.00,1.00
2017.09.19 14:39:47.232,1.15768,1.15778,1.00,1.00
2017.09.19 14:39:47.284,1.15768,1.15776,1.00,1.50
2017.09.19 14:39:47.898,1.15768,1.15778,1.00,1.87
2017.09.19 14:39:48.409,1.15768,1.15777,1.00,1.00
2017.09.19 14:39:48.935,1.15768,1.15778,1.00,3.19
2017.09.19 14:39:49.445,1.15768,1.15777,1.00,1.00
2017.09.19 14:39:49.929,1.1577,1.15777,1.00,1.00
2017.09.19 14:39:50.185,1.15768,1.15777,1.00,1.00
2017.09.19 14:39:50.697,1.15768,1.15778,1.00,3.00
2017.09.19 14:39:50.980,1.15772,1.15778,1.00,1.50
2017.09.19 14:39:51.032,1.15768,1.15775,1.00,1.50
2017.09.19 14:39:51.186,1.15771,1.1578,1.00,3.94
2017.09.19 14:39:51.288,1.15769,1.1578,1.00,2.44
2017.09.19 14:39:51.340,1.15769,1.15776,1.00,1.50
2017.09.19 14:39:51.689,1.15765,1.15773,1.00,1.69
2017.09.19 14:39:51.743,1.15763,1.15773,1.00,1.44
2017.09.19 14:39:52.204,1.15767,1.15774,1.00,1.12
2017.09.19 14:39:52.422,1.15767,1.15778,1.00,2.62
2017.09.19 14:39:52.473,1.15769,1.15778,1.00,2.44
2017.09.19 14:39:52.576,1.15767,1.15777,1.00,1.25
2017.09.19 14:39:53.178,1.15768,1.15778,1.50,2.44
2017.09.19 14:39:53.779,1.15768,1.15778,1.00,3.56
2017.09.19 14:39:54.292,1.15773,1.1578,1.00,1.12
2017.09.19 14:39:54.344,1.15768,1.15777,1.00,1.50
2017.09.19 14:39:54.548,1.15772,1.15778,1.00,1.87
2017.09.19 14:39:54.754,1.15769,1.15779,1.00,1.00
2017.09.19 14:39:55.078,1.15769,1.15777,1.00,1.00
2017.09.19 14:39:55.931,1.15768,1.15777,1.00,1.25
2017.09.19 14:39:56.084,1.1577,1.1578,1.00,1.69
2017.09.19 14:39:56.136,1.15772,1.15779,1.00,1.00
2017.09.19 14:39:56.239,1.15772,1.15782,1.00,2.62
2017.09.19 14:39:56.342,1.15772,1.15783,1.12,1.87
2017.09.19 14:39:56.699,1.1577,1.1578,1.00,1.25
2017.09.19 14:39:56.802,1.15769,1.1578,1.00,3.37
2017.09.19 14:39:57.110,1.15772,1.15781,1.00,2.06
2017.09.19 14:39:57.374,1.15772,1.15778,1.00,1.50
2017.09.19 14:39:57.425,1.15772,1.15782,1.00,3.37
2017.09.19 14:39:57.629,1.15773,1.15782,1.00,1.69
2017.09.19 14:39:57.681,1.15775,1.15782,1.00,1.50
2017.09.19 14:39:57.834,1.15776,1.15785,1.00,1.69
2017.09.19 14:39:57.988,1.15772,1.15782,1.12,1.25
2017.09.19 14:39:58.250,1.15775,1.15785,1.00,1.25
2017.09.19 14:39:58.691,1.15772,1.15785,1.00,1.69
2017.09.19 14:39:59.100,1.15767,1.15781,2.25,1.25
2017.09.19 14:39:59.152,1.15766,1.15781,3.00,1.69
2017.09.19 14:39:59.252,1.15766,1.1578,2.25,1.12
2017.09.19 14:39:59.661,1.15766,1.15781,2.81,1.00
2017.09.19 14:39:59.712,1.1577,1.15784,1.00,1.62
2017.09.19 14:39:59.764,1.1577,1.15785,1.00,2.81
2017.09.19 14:40:00.285,1.15769,1.15785,3.75,1.19
2017.09.19 14:40:00.387,1.15773,1.15786,1.00,2.06
2017.09.19 14:40:00.714,1.1577,1.1578,1.50,1.00
2017.09.19 14:40:00.765,1.1577,1.15782,1.50,1.50
2017.09.19 14:40:01.032,1.1577,1.1578,1.50,1.00
2017.09.19 14:40:01.559,1.15769,1.1578,1.00,1.50
2017.09.19 14:40:01.911,1.15761,1.15774,2.44,1.00
2017.09.19 14:40:02.456,1.15764,1.15775,1.50,1.87
2017.09.19 14:40:02.712,1.15761,1.15774,2.25,1.00
2017.09.19 14:40:02.879,1.15763,1.15772,1.00,1.00
2017.09.19 14:40:02.982,1.15761,1.15771,1.50,1.00
2017.09.19 14:40:03.137,1.15759,1.15774,2.25,2.00
2017.09.19 14:40:03.190,1.15761,1.15774,1.00,3.00
2017.09.19 14:40:03.352,1.15761,1.15774,1.00,1.00
2017.09.19 14:40:03.866,1.15762,1.15775,1.00,1.00
2017.09.19 14:40:04.383,1.15761,1.15775,2.62,1.00
2017.09.19 14:40:04.994,1.15761,1.15774,2.81,1.00
2017.09.19 14:40:05.355,1.15761,1.1577,1.50,1.00
2017.09.19 14:40:05.561,1.15763,1.15775,1.50,1.50
2017.09.19 14:40:05.773,1.15765,1.15779,1.00,1.25
2017.09.19 14:40:06.032,1.15764,1.15777,1.87,1.00
2017.09.19 14:40:06.375,1.15766,1.15778,1.00,1.00
2017.09.19 14:40:06.967,1.15766,1.15774,1.00,1.00
2017.09.19 14:40:07.018,1.15763,1.15774,1.37,1.00
2017.09.19 14:40:07.070,1.15763,1.15771,1.00,1.00
2017.09.19 14:40:07.379,1.15765,1.15775,1.00,1.75
2017.09.19 14:40:07.430,1.15762,1.15774,1.50,2.25
2017.09.19 14:40:07.571,1.15761,1.15775,1.00,3.37
2017.09.19 14:40:07.675,1.1576,1.15773,1.50,1.50
2017.09.19 14:40:08.187,1.15759,1.15773,1.50,2.81
2017.09.19 14:40:09.787,1.15763,1.15773,1.00,1.12
2017.09.19 14:40:11.976,1.15764,1.15773,1.00,1.12
2017.09.19 14:40:13.464,1.15763,1.15775,1.00,1.50
2017.09.19 14:40:13.566,1.15765,1.15777,1.00,1.69
2017.09.19 14:40:13.720,1.15762,1.15774,1.75,1.00
2017.09.19 14:40:13.772,1.15762,1.15774,1.00,1.00
2017.09.19 14:40:14.462,1.15763,1.15774,1.00,1.00
2017.09.19 14:40:14.923,1.15761,1.15774,1.00,2.44
2017.09.19 14:40:15.463,1.15761,1.15773,1.00,1.50
2017.09.19 14:40:15.514,1.15763,1.15773,1.00,1.50
2017.09.19 14:40:15.565,1.15761,1.15774,1.00,1.69
2017.09.19 14:40:16.112,1.1576,1.15774,1.50,5.06
2017.09.19 14:40:16.522,1.15764,1.15774,1.00,3.00
2017.09.19 14:40:16.625,1.15762,1.15774,1.00,1.50
2017.09.19 14:40:17.131,1.15761,1.15774,1.00,2.44
2017.09.19 14:40:17.256,1.15763,1.15774,1.00,1.00
2017.09.19 14:40:18.334,1.15764,1.15774,1.00,1.25
2017.09.19 14:40:18.705,1.1576,1.15768,1.00,1.12
2017.09.19 14:40:18.810,1.1576,1.15771,2.25,1.37
2017.09.19 14:40:19.373,1.15759,1.1577,2.25,1.12
2017.09.19 14:40:19.577,1.15766,1.15773,1.00,2.25
2017.09.19 14:40:19.782,1.15768,1.15778,1.00,1.00
2017.09.19 14:40:19.834,1.15765,1.15777,1.00,1.25
2017.09.19 14:40:19.938,1.15766,1.15775,1.00,1.00
2017.09.19 14:40:19.991,1.15766,1.15777,1.00,1.12
2017.09.19 14:40:20.043,1.15771,1.15781,1.00,3.00
2017.09.19 14:40:20.094,1.1577,1.15781,1.00,2.25
2017.09.19 14:40:20.146,1.15768,1.1578,1.00,1.31
2017.09.19 14:40:20.672,1.15767,1.1578,1.00,2.25
2017.09.19 14:40:21.120,1.15767,1.15776,1.00,1.00
2017.09.19 14:40:21.172,1.15764,1.15776,1.50,1.00
2017.09.19 14:40:21.482,1.15765,1.15778,1.12,2.44
2017.09.19 14:40:21.619,1.15768,1.15778,1.00,1.50
2017.09.19 14:40:21.673,1.15768,1.1578,1.00,1.50
2017.09.19 14:40:22.289,1.1577,1.15777,1.00,1.00
2017.09.19 14:40:22.340,1.15768,1.15778,1.00,1.00
2017.09.19 14:40:22.604,1.15766,1.15778,1.00,3.37
2017.09.19 14:40:23.194,1.15766,1.15777,1.00,1.00
2017.09.19 14:40:23.722,1.15778,1.15787,1.00,2.25
2017.09.19 14:40:23.827,1.15778,1.1579,1.00,1.19
2017.09.19 14:40:23.981,1.15776,1.15787,1.00,1.00
2017.09.19 14:40:24.533,1.15777,1.15787,1.00,1.31
2017.09.19 14:40:24.585,1.15773,1.15785,1.50,1.00
2017.09.19 14:40:25.091,1.15771,1.15784,1.50,1.00
2017.09.19 14:40:25.652,1.15772,1.15783,1.12,1.00
2017.09.19 14:40:26.013,1.1577,1.15783,1.50,2.62
2017.09.19 14:40:26.166,1.15769,1.15781,2.25,1.00
2017.09.19 14:40:26.320,1.15769,1.15783,2.25,1.69
2017.09.19 14:40:26.742,1.15771,1.15783,1.00,1.00
2017.09.19 14:40:26.846,1.15772,1.15785,1.50,1.00
2017.09.19 14:40:27.205,1.15775,1.15787,1.00,1.00
2017.09.19 14:40:27.523,1.15779,1.15793,3.37,1.25
2017.09.19 14:40:27.576,1.15777,1.15787,1.00,1.00
2017.09.19 14:40:28.296,1.15777,1.15788,1.00,1.00
2017.09.19 14:40:29.207,1.15776,1.15787,1.00,1.25
2017.09.19 14:40:29.869,1.15776,1.15788,1.00,1.25
2017.09.19 14:40:30.468,1.15776,1.15787,1.00,1.69
2017.09.19 14:40:30.520,1.15774,1.15787,1.00,3.94
2017.09.19 14:40:31.032,1.15772,1.15785,1.12,1.31
2017.09.19 14:40:31.475,1.15772,1.15784,1.12,1.62
2017.09.19 14:40:31.784,1.15776,1.15785,1.00,2.44
2017.09.19 14:40:31.938,1.15772,1.15784,1.50,1.69
2017.09.19 14:40:32.139,1.15774,1.15784,1.00,1.69
2017.09.19 14:40:32.245,1.15772,1.15784,1.00,2.62
2017.09.19 14:40:32.296,1.15772,1.15781,1.50,1.00
2017.09.19 14:40:32.504,1.15771,1.15784,1.00,2.62
2017.09.19 14:40:32.555,1.15771,1.1578,1.00,1.00
2017.09.19 14:40:33.066,1.15771,1.15783,1.00,2.44
2017.09.19 14:40:33.622,1.15772,1.15785,1.00,3.56
2017.09.19 14:40:33.931,1.15773,1.15783,1.00,1.25
2017.09.19 14:40:34.414,1.15775,1.15782,1.00,2.25
2017.09.19 14:40:34.670,1.15773,1.15782,1.00,1.50
2017.09.19 14:40:35.209,1.15772,1.15782,1.00,2.44
2017.09.19 14:40:35.362,1.15769,1.15781,2.25,1.12
2017.09.19 14:40:35.414,1.15769,1.15775,1.00,1.19
2017.09.19 14:40:35.466,1.15767,1.15773,1.00,1.00
2017.09.19 14:40:35.518,1.15763,1.15773,1.37,1.00
2017.09.19 14:40:35.723,1.15764,1.15777,1.50,3.56
2017.09.19 14:40:36.005,1.15766,1.15776,1.00,1.87
2017.09.19 14:40:36.364,1.15768,1.15776,1.00,1.12
2017.09.19 14:40:36.766,1.15768,1.15779,1.00,3.19
2017.09.19 14:40:36.822,1.15764,1.15775,1.00,1.69
2017.09.19 14:40:36.927,1.15766,1.15775,1.00,1.31
2017.09.19 14:40:37.622,1.15766,1.15774,1.00,1.00
2017.09.19 14:40:38.341,1.15767,1.15775,1.00,1.12
2017.09.19 14:40:38.443,1.15765,1.15775,1.00,1.12
2017.09.19 14:40:38.835,1.15767,1.15775,1.00,1.12
2017.09.19 14:40:39.151,1.15765,1.15774,1.00,1.00
2017.09.19 14:40:39.253,1.15765,1.15772,1.00,1.50
2017.09.19 14:40:39.307,1.15763,1.15772,1.50,1.50
2017.09.19 14:40:39.411,1.15764,1.15775,1.00,1.50
2017.09.19 14:40:39.953,1.15765,1.15774,1.00,1.00
2017.09.19 14:40:40.883,1.15765,1.15775,1.00,1.12
2017.09.19 14:40:41.535,1.15765,1.15774,1.00,1.00
2017.09.19 14:40:42.091,1.15765,1.15775,1.00,2.62
2017.09.19 14:40:42.279,1.15768,1.15775,1.00,2.62
2017.09.19 14:40:42.333,1.15767,1.15777,1.00,1.25
2017.09.19 14:40:42.504,1.15763,1.15776,1.00,2.44
2017.09.19 14:40:42.609,1.15765,1.15775,1.00,1.50
2017.09.19 14:40:42.922,1.15763,1.15775,1.00,1.00
2017.09.19 14:40:43.026,1.15767,1.15774,1.00,1.00
2017.09.19 14:40:43.077,1.15765,1.15774,1.00,1.00
2017.09.19 14:40:43.605,1.15766,1.15774,1.00,1.00
2017.09.19 14:40:44.428,1.15766,1.15775,1.00,1.00
2017.09.19 14:40:44.956,1.15767,1.15774,1.00,1.00
2017.09.19 14:40:45.577,1.15768,1.15774,1.00,1.00
2017.09.19 14:40:46.076,1.15768,1.15776,1.00,1.00
2017.09.19 14:40:46.280,1.15766,1.15776,1.00,1.50
2017.09.19 14:40:46.859,1.15766,1.15777,1.00,1.69
2017.09.19 14:40:46.913,1.15765,1.15775,1.00,1.00
2017.09.19 14:40:47.119,1.15766,1.15778,1.00,1.87
2017.09.19 14:40:47.435,1.1577,1.15779,1.00,1.12
2017.09.19 14:40:48.294,1.15771,1.1578,1.00,1.50
2017.09.19 14:40:48.346,1.15772,1.15781,1.00,1.00
2017.09.19 14:40:48.721,1.15769,1.15782,1.00,2.44
2017.09.19 14:40:48.892,1.15772,1.1578,1.00,1.00
2017.09.19 14:40:49.045,1.15772,1.15783,1.00,3.00
2017.09.19 14:40:49.919,1.15773,1.15783,1.00,3.94
2017.09.19 14:40:50.375,1.1577,1.15783,1.00,3.19
2017.09.19 14:40:51.022,1.15771,1.15782,1.00,2.81
2017.09.19 14:40:51.543,1.1577,1.15782,1.00,2.06
2017.09.19 14:40:52.082,1.15771,1.15782,1.00,2.06
2017.09.19 14:40:52.133,1.15769,1.15781,1.00,1.50
2017.09.19 14:40:52.925,1.1577,1.15782,1.00,1.50
2017.09.19 14:40:53.089,1.15772,1.15783,1.00,1.69
2017.09.19 14:40:53.395,1.15774,1.15783,1.00,1.69
2017.09.19 14:40:54.064,1.15771,1.15782,1.00,1.12
2017.09.19 14:40:54.372,1.15772,1.15784,1.00,1.25
2017.09.19 14:40:54.904,1.1577,1.15782,1.87,1.00
2017.09.19 14:40:55.250,1.1577,1.15781,1.00,2.81
2017.09.19 14:40:55.760,1.15769,1.15781,1.00,1.56
2017.09.19 14:40:56.292,1.15768,1.15781,1.00,1.62
2017.09.19 14:40:56.758,1.15766,1.15776,1.50,1.00
2017.09.19 14:40:56.809,1.15767,1.15778,1.00,1.25
2017.09.19 14:40:57.116,1.15767,1.15776,1.00,1.00
2017.09.19 14:40:57.405,1.15768,1.1578,1.00,1.00
2017.09.19 14:40:57.843,1.15768,1.15778,1.00,1.00
2017.09.19 14:40:58.729,1.15767,1.15778,1.00,1.69
2017.09.19 14:40:59.130,1.15769,1.15781,1.00,3.00
2017.09.19 14:40:59.284,1.1577,1.15781,1.50,1.00
2017.09.19 14:40:59.727,1.15768,1.15781,1.00,1.00
2017.09.19 14:41:00.684,1.15767,1.15781,1.12,1.00
2017.09.19 14:41:03.599,1.15766,1.1578,4.69,1.00
2017.09.19 14:41:04.120,1.15767,1.15779,2.62,1.00
2017.09.19 14:41:04.224,1.15762,1.15773,1.75,1.00
2017.09.19 14:41:04.277,1.1576,1.15773,2.25,1.00
2017.09.19 14:41:04.329,1.1576,1.15771,2.25,1.00
2017.09.19 14:41:04.380,1.1576,1.15771,1.50,1.00
2017.09.19 14:41:04.533,1.15759,1.15773,1.50,1.00
2017.09.19 14:41:04.739,1.15763,1.15773,1.50,1.69
2017.09.19 14:41:04.996,1.15767,1.15779,1.50,1.00
2017.09.19 14:41:05.251,1.15769,1.15779,1.00,1.00
2017.09.19 14:41:06.398,1.1577,1.1578,1.00,1.00
2017.09.19 14:41:06.603,1.15773,1.15784,1.00,2.81
2017.09.19 14:41:06.990,1.15771,1.15783,1.50,1.25
2017.09.19 14:41:07.103,1.15771,1.15782,1.50,1.19
2017.09.19 14:41:07.155,1.15766,1.15778,2.25,1.00
2017.09.19 14:41:07.670,1.15766,1.15777,1.00,1.00
2017.09.19 14:41:07.970,1.15764,1.15775,1.00,1.00
2017.09.19 14:41:08.289,1.1577,1.15781,1.50,1.19
2017.09.19 14:41:08.445,1.1577,1.15782,1.87,1.25
2017.09.19 14:41:11.403,1.15769,1.15783,3.00,2.06
2017.09.19 14:41:11.609,1.15769,1.15781,1.87,1.00
2017.09.19 14:41:11.923,1.15768,1.15777,1.00,1.00
2017.09.19 14:41:11.977,1.15763,1.15776,2.44,1.00
2017.09.19 14:41:12.029,1.15763,1.15776,2.44,1.00
2017.09.19 14:41:12.674,1.15764,1.15776,1.69,1.00
2017.09.19 14:41:13.155,1.15767,1.15779,1.50,1.75
2017.09.19 14:41:13.308,1.15767,1.15779,1.50,1.00
2017.09.19 14:41:13.847,1.15767,1.15778,1.50,1.00
2017.09.19 14:41:14.372,1.15766,1.15778,1.00,1.00
2017.09.19 14:41:14.893,1.15767,1.15777,1.00,1.00
2017.09.19 14:41:15.040,1.15765,1.15777,1.00,1.50
2017.09.19 14:41:15.143,1.15763,1.15777,1.50,1.00
2017.09.19 14:41:16.417,1.15764,1.15777,1.50,1.25
2017.09.19 14:41:16.958,1.15767,1.15781,1.00,4.69
2017.09.19 14:41:17.475,1.15766,1.15779,1.12,1.00
2017.09.19 14:41:18.570,1.15767,1.15777,1.00,1.00
2017.09.19 14:41:19.592,1.15766,1.15777,1.12,1.00
2017.09.19 14:41:20.291,1.15767,1.15777,1.00,1.00
2017.09.19 14:41:20.343,1.15767,1.15781,1.00,3.56
2017.09.19 14:41:20.893,1.15766,1.15779,1.12,1.00
2017.09.19 14:41:21.603,1.15766,1.15779,1.31,1.44
2017.09.19 14:41:22.037,1.15762,1.15774,2.62,1.00
2017.09.19 14:41:22.088,1.15765,1.15778,1.50,1.12
2017.09.19 14:41:22.242,1.15767,1.15778,1.00,1.12
2017.09.19 14:41:22.447,1.15763,1.15777,1.50,1.69
2017.09.19 14:41:22.843,1.15762,1.15777,2.25,1.00
2017.09.19 14:41:23.443,1.15763,1.15777,1.25,1.00
2017.09.19 14:41:24.042,1.15762,1.15774,1.00,1.50
2017.09.19 14:41:24.452,1.1576,1.15773,2.44,1.00
2017.09.19 14:41:24.960,1.1576,1.15772,2.25,1.12
2017.09.19 14:41:25.062,1.15761,1.15774,2.25,1.25
2017.09.19 14:41:26.031,1.15762,1.15774,1.00,1.12
2017.09.19 14:41:26.134,1.1576,1.15774,3.37,1.25
2017.09.19 14:41:26.618,1.15763,1.15774,1.00,1.25
2017.09.19 14:41:28.582,1.15763,1.15773,1.00,1.00
2017.09.19 14:41:28.921,1.15769,1.15778,1.00,1.12
2017.09.19 14:41:28.972,1.15767,1.15778,1.00,1.12
2017.09.19 14:41:29.433,1.15764,1.15774,2.25,1.00
2017.09.19 14:41:29.536,1.15765,1.15777,1.50,1.69
2017.09.19 14:41:30.084,1.15768,1.15778,1.00,2.25
2017.09.19 14:41:30.601,1.15769,1.1578,1.00,2.19
2017.09.19 14:41:30.652,1.1577,1.1578,1.00,1.12
2017.09.19 14:41:30.806,1.15768,1.15781,1.69,2.44
2017.09.19 14:41:31.115,1.15772,1.15782,1.00,1.25
2017.09.19 14:41:31.651,1.15773,1.15785,1.00,3.75
2017.09.19 14:41:34.289,1.15771,1.15783,1.00,2.06
2017.09.19 14:41:34.869,1.15771,1.15783,1.00,1.31
2017.09.19 14:41:35.402,1.15772,1.15783,1.00,1.12
2017.09.19 14:41:35.692,1.15774,1.15783,1.00,1.12
2017.09.19 14:41:36.646,1.15774,1.15786,1.00,2.25
2017.09.19 14:41:37.094,1.15776,1.15786,1.00,1.31
2017.09.19 14:41:37.503,1.15778,1.15788,1.00,1.25
2017.09.19 14:41:38.053,1.15777,1.15788,1.00,2.44
2017.09.19 14:41:38.631,1.15777,1.15787,1.00,1.00
2017.09.19 14:41:38.889,1.15775,1.15786,1.50,1.00
2017.09.19 14:41:39.359,1.15773,1.15785,1.00,1.00
2017.09.19 14:41:40.175,1.15777,1.15785,1.00,1.12
2017.09.19 14:41:40.637,1.15772,1.15784,1.00,1.00
2017.09.19 14:41:40.740,1.15772,1.15781,2.25,1.00
2017.09.19 14:41:40.842,1.15773,1.15785,1.12,1.87
2017.09.19 14:41:41.098,1.15775,1.15786,1.00,2.25
2017.09.19 14:41:41.307,1.15778,1.15789,1.00,1.12
2017.09.19 14:41:41.836,1.15774,1.15786,2.62,1.50
2017.09.19 14:41:41.989,1.15771,1.15784,4.12,1.00
2017.09.19 14:41:42.121,1.15772,1.15782,1.12,1.00
2017.09.19 14:41:42.280,1.15774,1.15782,1.00,1.12
2017.09.19 14:41:42.434,1.15772,1.15784,1.00,1.50
2017.09.19 14:41:42.588,1.15772,1.15784,1.00,1.00
2017.09.19 14:41:42.794,1.15774,1.15784,1.00,1.19
2017.09.19 14:41:42.846,1.15772,1.15783,1.00,1.25
2017.09.19 14:41:42.996,1.15775,1.15785,1.00,1.87
2017.09.19 14:41:43.099,1.15777,1.15788,1.00,2.44
2017.09.19 14:41:43.202,1.15776,1.15786,1.00,1.00
2017.09.19 14:41:43.406,1.15772,1.15784,1.00,1.25
2017.09.19 14:41:43.909,1.15773,1.15784,1.00,1.25
2017.09.19 14:41:44.012,1.15771,1.15783,1.00,1.00
2017.09.19 14:41:44.530,1.1577,1.15783,1.00,1.00
2017.09.19 14:41:44.981,1.15771,1.15785,1.12,3.94
2017.09.19 14:41:45.606,1.1577,1.15781,1.37,1.00
2017.09.19 14:41:46.716,1.1577,1.15782,1.37,2.25
2017.09.19 14:41:46.939,1.15773,1.15785,1.00,1.00
2017.09.19 14:41:47.217,1.15773,1.15782,1.37,1.00
2017.09.19 14:41:47.321,1.1577,1.15782,2.44,1.00
2017.09.19 14:41:47.956,1.1577,1.15782,1.50,1.00
2017.09.19 14:41:48.488,1.15771,1.15785,1.00,2.62
2017.09.19 14:41:48.693,1.15771,1.15783,1.00,1.00
2017.09.19 14:41:49.476,1.15772,1.15783,1.00,1.00
2017.09.19 14:41:50.034,1.15771,1.15783,1.25,1.00
2017.09.19 14:41:51.148,1.15771,1.15782,1.00,1.00
2017.09.19 14:41:51.678,1.1577,1.15782,1.00,1.00
2017.09.19 14:41:52.178,1.15771,1.15784,1.00,1.00
2017.09.19 14:41:52.234,1.15774,1.15785,1.00,1.87
2017.09.19 14:41:52.440,1.15774,1.15789,1.12,1.12
2017.09.19 14:41:52.593,1.15774,1.15786,1.87,1.50
2017.09.19 14:41:53.271,1.15775,1.15789,1.25,1.12
2017.09.19 14:41:54.057,1.15777,1.1579,1.00,2.25
2017.09.19 14:41:54.367,1.15771,1.15785,1.12,1.50
2017.09.19 14:41:54.419,1.1577,1.15785,3.00,2.25
2017.09.19 14:41:54.969,1.1577,1.15785,2.62,2.25
2017.09.19 14:41:55.021,1.15774,1.15783,1.00,1.50
2017.09.19 14:41:55.074,1.15771,1.15781,1.00,1.50
2017.09.19 14:41:55.126,1.15768,1.1578,1.50,1.50
2017.09.19 14:41:55.731,1.15765,1.1578,2.81,1.50
2017.09.19 14:41:56.282,1.15766,1.15781,1.12,2.62
2017.09.19 14:41:56.803,1.15767,1.1578,1.00,1.00
2017.09.19 14:41:57.347,1.15766,1.1578,2.06,1.50
2017.09.19 14:41:57.740,1.15766,1.15777,1.12,1.00
2017.09.19 14:41:58.028,1.15766,1.1578,2.81,1.50
2017.09.19 14:41:58.131,1.15769,1.15783,1.69,2.25
2017.09.19 14:41:58.717,1.15769,1.15782,2.44,1.00
2017.09.19 14:41:59.865,1.15769,1.1578,1.50,1.00
2017.09.19 14:42:00.213,1.15772,1.15778,1.00,1.00
2017.09.19 14:42:00.576,1.15769,1.15778,1.50,1.00
2017.09.19 14:42:00.679,1.15766,1.15775,1.75,1.00
2017.09.19 14:42:00.731,1.15766,1.15775,1.75,1.00
2017.09.19 14:42:00.834,1.15766,1.15775,1.00,1.00
2017.09.19 14:42:01.506,1.15765,1.15773,1.12,1.00
2017.09.19 14:42:01.558,1.15765,1.15775,1.12,1.50
2017.09.19 14:42:01.613,1.15764,1.15777,2.25,3.00
2017.09.19 14:42:02.150,1.15765,1.15778,1.00,1.00
2017.09.19 14:42:02.695,1.15765,1.15777,1.00,1.00
2017.09.19 14:42:03.544,1.15765,1.15774,1.00,1.00
2017.09.19 14:42:04.062,1.15765,1.15774,1.00,1.37
2017.09.19 14:42:04.267,1.15761,1.15773,1.00,1.87
2017.09.19 14:42:04.369,1.15761,1.15771,1.00,1.00
2017.09.19 14:42:04.892,1.15761,1.15771,1.00,3.00
2017.09.19 14:42:05.718,1.15763,1.15773,1.00,2.25
2017.09.19 14:42:05.873,1.15763,1.15773,1.00,1.12
2017.09.19 14:42:06.419,1.15765,1.15774,1.00,1.87
2017.09.19 14:42:06.777,1.15767,1.15775,1.00,1.50
2017.09.19 14:42:06.828,1.15767,1.15775,1.00,1.00
2017.09.19 14:42:07.701,1.15765,1.15776,1.00,1.00
2017.09.19 14:42:07.803,1.15767,1.15779,1.00,1.94
2017.09.19 14:42:08.173,1.15771,1.15779,1.00,1.00
2017.09.19 14:42:08.481,1.15769,1.15779,1.00,1.00
2017.09.19 14:42:08.584,1.15768,1.15777,1.00,1.00
2017.09.19 14:42:09.126,1.15766,1.15778,1.00,1.00
2017.09.19 14:42:09.179,1.15768,1.15778,1.00,1.00
2017.09.19 14:42:09.639,1.1577,1.15781,1.00,3.37
2017.09.19 14:42:10.465,1.15768,1.15779,1.00,2.06
2017.09.19 14:42:10.873,1.15767,1.15775,1.00,1.00
2017.09.19 14:42:12.201,1.15767,1.15778,1.00,2.44
2017.09.19 14:42:12.731,1.15767,1.15777,1.00,1.50
2017.09.19 14:42:13.815,1.15768,1.15777,1.00,1.50
2017.09.19 14:42:14.021,1.15765,1.15775,1.00,1.00
2017.09.19 14:42:14.329,1.15768,1.15775,1.00,1.00
2017.09.19 14:42:14.483,1.15769,1.1578,1.00,3.37
2017.09.19 14:42:14.535,1.15771,1.1578,1.00,3.37
2017.09.19 14:42:16.860,1.15772,1.1578,1.00,1.12
2017.09.19 14:42:17.372,1.15772,1.15781,1.00,2.25
2017.09.19 14:42:18.034,1.15772,1.1578,1.00,1.00
2017.09.19 14:42:18.725,1.15774,1.1578,1.00,1.50
2017.09.19 14:42:18.776,1.1577,1.15781,1.00,1.50
2017.09.19 14:42:19.085,1.15772,1.15783,1.00,3.56
2017.09.19 14:42:19.523,1.1577,1.15781,1.00,1.00
2017.09.19 14:42:20.006,1.15772,1.15781,1.00,2.25
2017.09.19 14:42:20.212,1.15772,1.15783,1.00,2.25
2017.09.19 14:42:22.826,1.15773,1.15783,1.00,1.50
2017.09.19 14:42:22.878,1.15771,1.15782,1.00,1.00
2017.09.19 14:42:23.031,1.15773,1.15782,1.00,1.37
2017.09.19 14:42:23.134,1.15771,1.15783,1.00,2.25
2017.09.19 14:42:23.290,1.15775,1.15785,1.00,1.12
2017.09.19 14:42:23.800,1.15774,1.15785,1.00,1.50
2017.09.19 14:42:24.367,1.15774,1.15786,1.00,1.00
2017.09.19 14:42:24.687,1.15773,1.15784,1.00,1.00
2017.09.19 14:42:24.995,1.15769,1.15778,1.00,1.75
2017.09.19 14:42:25.316,1.15773,1.15779,1.00,1.12
2017.09.19 14:42:25.368,1.15771,1.15778,1.00,1.00
2017.09.19 14:42:25.898,1.15771,1.15779,1.00,1.12
2017.09.19 14:42:25.950,1.15774,1.15781,1.00,1.75
2017.09.19 14:42:26.205,1.15777,1.15786,1.00,1.00
2017.09.19 14:42:26.737,1.15777,1.15787,1.00,1.50
2017.09.19 14:42:27.955,1.15777,1.15786,1.00,1.00
2017.09.19 14:42:28.356,1.15779,1.15787,1.00,1.00
2017.09.19 14:42:28.408,1.15777,1.15787,1.00,1.00
2017.09.19 14:42:28.812,1.15779,1.15786,1.00,1.00
2017.09.19 14:42:29.326,1.15779,1.15785,1.00,1.00
2017.09.19 14:42:29.432,1.15777,1.15785,1.00,1.00
2017.09.19 14:42:29.639,1.15775,1.15786,1.00,1.00
2017.09.19 14:42:29.690,1.15778,1.15785,1.00,1.00
2017.09.19 14:42:29.946,1.15778,1.1579,1.00,2.25
2017.09.19 14:42:30.434,1.15775,1.15785,1.00,1.00
2017.09.19 14:42:30.983,1.15775,1.15785,1.00,2.25
2017.09.19 14:42:31.292,1.15773,1.15782,1.00,1.00
2017.09.19 14:42:31.547,1.15771,1.15782,1.00,1.00
2017.09.19 14:42:32.274,1.15771,1.15783,1.00,1.00
2017.09.19 14:42:32.632,1.15775,1.15783,1.00,1.00
2017.09.19 14:42:32.840,1.15778,1.15787,1.00,1.50
2017.09.19 14:42:33.124,1.15776,1.15786,1.00,1.00
2017.09.19 14:42:33.485,1.15774,1.15786,1.00,1.25
2017.09.19 14:42:34.284,1.15774,1.15783,1.00,1.00
2017.09.19 14:42:34.592,1.15771,1.15783,1.00,1.00
2017.09.19 14:42:34.644,1.15771,1.1578,1.00,1.00
2017.09.19 14:42:34.747,1.15769,1.1578,1.00,1.00
2017.09.19 14:42:35.216,1.15772,1.15783,1.00,2.00
2017.09.19 14:42:35.335,1.15772,1.15783,1.00,1.25
2017.09.19 14:42:35.440,1.1577,1.15783,1.00,1.00
2017.09.19 14:42:35.648,1.1577,1.1578,1.00,1.00
2017.09.19 14:42:36.169,1.15771,1.15781,1.00,1.00
2017.09.19 14:42:36.573,1.15769,1.1578,1.00,1.00
2017.09.19 14:42:36.787,1.15767,1.15778,1.00,1.50
2017.09.19 14:42:36.838,1.15765,1.15778,1.00,2.44
2017.09.19 14:42:36.890,1.15766,1.15774,1.00,1.00
2017.09.19 14:42:37.043,1.15764,1.15774,1.00,1.00
2017.09.19 14:42:37.596,1.15764,1.15773,1.00,1.00
2017.09.19 14:42:38.107,1.15765,1.15774,1.00,1.00
2017.09.19 14:42:38.710,1.15765,1.15773,1.00,1.00
2017.09.19 14:42:38.762,1.15767,1.15775,1.00,1.00
2017.09.19 14:42:38.813,1.15767,1.15777,1.00,1.00
2017.09.19 14:42:39.332,1.15767,1.15778,1.00,2.62
2017.09.19 14:42:40.164,1.15767,1.15777,1.00,1.00
2017.09.19 14:42:40.684,1.15767,1.15778,1.00,2.62
2017.09.19 14:42:41.282,1.15767,1.15777,1.00,1.00
2017.09.19 14:42:41.804,1.15769,1.15779,1.00,1.37
2017.09.19 14:42:42.009,1.15765,1.15778,1.00,1.12
2017.09.19 14:42:42.162,1.15768,1.15778,1.00,1.12
2017.09.19 14:42:42.519,1.15766,1.15777,1.00,1.00
2017.09.19 14:42:43.107,1.15766,1.15778,1.00,1.12
2017.09.19 14:42:44.052,1.15766,1.15777,1.00,1.00
2017.09.19 14:42:44.104,1.15763,1.15778,1.31,1.12
2017.09.19 14:42:44.155,1.15763,1.15776,1.31,1.50
2017.09.19 14:42:45.576,1.15766,1.15777,1.00,2.25
2017.09.19 14:42:46.078,1.15766,1.15776,1.00,1.50
2017.09.19 14:42:47.427,1.15764,1.15776,1.25,1.50
2017.09.19 14:42:48.786,1.15762,1.15772,1.37,1.00
2017.09.19 14:42:48.838,1.1576,1.15772,2.44,1.00
2017.09.19 14:42:48.941,1.15762,1.15772,1.00,1.00
2017.09.19 14:42:49.997,1.15762,1.15773,1.00,1.00
2017.09.19 14:42:50.320,1.1576,1.15771,1.00,1.50
2017.09.19 14:42:51.148,1.15764,1.15771,1.00,1.00
2017.09.19 14:42:51.251,1.15761,1.15772,1.00,1.00
2017.09.19 14:42:51.812,1.15761,1.15773,1.00,1.50
2017.09.19 14:42:52.855,1.15762,1.15772,1.00,1.00
2017.09.19 14:42:53.163,1.15763,1.15776,1.50,1.69
2017.09.19 14:42:53.631,1.15763,1.15773,1.00,1.50
2017.09.19 14:42:54.486,1.15761,1.15773,1.00,1.50
2017.09.19 14:42:54.993,1.15761,1.15774,1.00,2.25
2017.09.19 14:42:56.139,1.15762,1.15773,1.00,1.50
2017.09.19 14:42:56.689,1.15762,1.15774,1.00,1.50
2017.09.19 14:42:58.693,1.15762,1.15773,1.00,1.00
2017.09.19 14:43:00.579,1.15762,1.15771,1.00,1.00
2017.09.19 14:43:00.631,1.15758,1.15772,1.50,1.25
2017.09.19 14:43:00.937,1.15762,1.15771,1.00,1.00
2017.09.19 14:43:01.448,1.15763,1.15771,1.00,1.00
2017.09.19 14:43:02.214,1.15762,1.15773,1.00,1.00
2017.09.19 14:43:02.267,1.15764,1.15775,1.00,1.12
2017.09.19 14:43:02.576,1.1576,1.15771,1.00,1.12
2017.09.19 14:43:02.882,1.15762,1.15771,1.00,1.12
2017.09.19 14:43:03.331,1.15759,1.15772,1.00,3.00
2017.09.19 14:43:03.841,1.1576,1.15772,1.00,3.00
2017.09.19 14:43:04.548,1.15759,1.15772,1.00,3.00
2017.09.19 14:43:08.160,1.1576,1.15771,1.00,2.06
2017.09.19 14:43:08.211,1.15757,1.15771,1.00,1.31
2017.09.19 14:43:08.313,1.15759,1.1577,1.00,1.00
2017.09.19 14:43:09.021,1.15759,1.15771,1.00,1.12
2017.09.19 14:43:09.584,1.15761,1.15771,1.00,1.12
2017.09.19 14:43:10.001,1.15759,1.1577,1.00,1.00
2017.09.19 14:43:10.367,1.15761,1.15771,1.00,1.12
2017.09.19 14:43:10.922,1.15761,1.1577,1.00,1.00
2017.09.19 14:43:13.124,1.15762,1.1577,1.00,1.00
2017.09.19 14:43:13.974,1.15761,1.1577,1.00,1.00
2017.09.19 14:43:15.389,1.15762,1.15771,1.00,1.12
2017.09.19 14:43:16.080,1.15762,1.1577,1.00,1.00
2017.09.19 14:43:16.183,1.15761,1.15774,1.00,1.00
2017.09.19 14:43:16.234,1.15766,1.15776,1.00,3.37
2017.09.19 14:43:16.491,1.1576,1.15772,1.00,2.25
2017.09.19 14:43:16.687,1.15762,1.15773,1.00,1.12
2017.09.19 14:43:17.251,1.15763,1.15772,1.00,1.00
2017.09.19 14:43:18.227,1.15762,1.15772,1.00,1.00
2017.09.19 14:43:18.682,1.15761,1.15772,1.00,3.19
2017.09.19 14:43:19.000,1.15763,1.15773,1.00,1.75
2017.09.19 14:43:19.103,1.15765,1.15775,1.00,2.25
2017.09.19 14:43:19.627,1.15766,1.15776,1.00,1.00
2017.09.19 14:43:20.140,1.15767,1.15776,1.00,1.00
2017.09.19 14:43:20.666,1.15766,1.15776,1.00,1.00
2017.09.19 14:43:21.287,1.15766,1.15775,1.00,1.00
2017.09.19 14:43:22.843,1.15768,1.15775,1.00,1.00
2017.09.19 14:43:23.455,1.15768,1.15777,1.00,1.00
2017.09.19 14:43:24.665,1.15768,1.15776,1.00,1.00
2017.09.19 14:43:25.175,1.15768,1.15777,1.00,1.00
2017.09.19 14:43:25.227,1.15769,1.15779,1.00,1.00
2017.09.19 14:43:25.987,1.1577,1.1578,1.00,1.12
2017.09.19 14:43:27.701,1.15772,1.1578,1.00,2.62
2017.09.19 14:43:27.755,1.1577,1.15779,1.00,1.50
2017.09.19 14:43:27.807,1.15768,1.15779,1.50,1.50
2017.09.19 14:43:27.962,1.15766,1.15779,1.50,1.87
2017.09.19 14:43:28.531,1.15765,1.15779,1.00,2.81
2017.09.19 14:43:28.584,1.15764,1.15778,1.87,1.44
2017.09.19 14:43:29.007,1.15763,1.15776,1.50,3.37
2017.09.19 14:43:29.428,1.15765,1.15775,1.00,1.00
2017.09.19 14:43:29.987,1.15764,1.15775,1.00,1.00
2017.09.19 14:43:30.297,1.15765,1.15774,1.00,2.25
2017.09.19 14:43:30.350,1.15765,1.15777,1.00,1.50
2017.09.19 14:43:30.850,1.15765,1.15775,1.00,1.00
2017.09.19 14:43:31.437,1.15765,1.15776,1.00,2.25
2017.09.19 14:43:32.016,1.15766,1.15776,1.00,2.25
2017.09.19 14:43:32.324,1.15768,1.15775,1.00,1.00
2017.09.19 14:43:32.376,1.15766,1.15775,1.00,1.00
2017.09.19 14:43:32.481,1.15768,1.15776,1.00,1.00
2017.09.19 14:43:33.988,1.15769,1.1578,1.00,3.75
2017.09.19 14:43:34.142,1.15769,1.1578,1.00,2.62
2017.09.19 14:43:34.683,1.15772,1.15784,1.00,1.94
2017.09.19 14:43:34.735,1.15772,1.15783,1.00,2.06
2017.09.19 14:43:34.991,1.15771,1.15781,1.00,1.00
2017.09.19 14:43:35.550,1.1577,1.15781,1.00,1.00
2017.09.19 14:43:35.858,1.15769,1.15777,1.00,1.00
2017.09.19 14:43:36.392,1.15769,1.15778,1.00,1.00
2017.09.19 14:43:37.082,1.1577,1.15779,1.00,1.00
2017.09.19 14:43:37.235,1.15771,1.15782,1.00,1.00
2017.09.19 14:43:37.942,1.15771,1.15781,1.00,1.00
2017.09.19 14:43:38.493,1.1577,1.15781,1.00,1.00
2017.09.19 14:43:39.076,1.15771,1.15779,1.00,1.00
2017.09.19 14:43:39.184,1.15771,1.15781,1.00,1.87
2017.09.19 14:43:39.735,1.15771,1.1578,1.00,1.00
2017.09.19 14:43:40.737,1.15769,1.1578,1.00,1.00
2017.09.19 14:43:40.789,1.15771,1.15783,1.00,3.94
2017.09.19 14:43:40.840,1.15769,1.15783,1.00,3.94
2017.09.19 14:43:41.366,1.15772,1.15783,1.00,2.44
2017.09.19 14:43:41.875,1.15773,1.15782,1.00,1.00
2017.09.19 14:43:42.081,1.15774,1.15787,1.00,2.25
2017.09.19 14:43:42.133,1.1578,1.1579,1.00,1.50
2017.09.19 14:43:42.185,1.15778,1.15791,1.00,3.75
2017.09.19 14:43:42.360,1.15782,1.1579,1.00,1.50
2017.09.19 14:43:42.463,1.15782,1.15792,1.00,1.00
2017.09.19 14:43:42.721,1.15778,1.15789,1.50,1.00
2017.09.19 14:43:42.774,1.15777,1.15787,2.25,1.00
2017.09.19 14:43:43.188,1.15775,1.15787,1.00,1.50
2017.09.19 14:43:43.699,1.15776,1.15787,1.00,1.00
2017.09.19 14:43:43.751,1.15776,1.15785,1.00,1.00
2017.09.19 14:43:44.059,1.15779,1.15788,1.00,1.12
2017.09.19 14:43:44.388,1.15781,1.15788,1.00,1.00
2017.09.19 14:43:44.439,1.15781,1.1579,1.00,1.50
2017.09.19 14:43:44.542,1.15779,1.1579,1.50,1.50
2017.09.19 14:43:45.072,1.15778,1.1579,1.00,1.50
2017.09.19 14:43:45.175,1.15781,1.15794,1.00,1.50
2017.09.19 14:43:45.724,1.15782,1.15793,1.00,1.00
2017.09.19 14:43:46.032,1.15784,1.15794,1.00,1.50
2017.09.19 14:43:46.567,1.15784,1.15793,1.00,1.50
2017.09.19 14:43:47.151,1.15785,1.15795,1.00,1.50
2017.09.19 14:43:47.657,1.15784,1.15793,1.00,1.00
2017.09.19 14:43:47.709,1.15781,1.15793,1.00,2.25
2017.09.19 14:43:48.243,1.15781,1.15792,1.00,1.50
2017.09.19 14:43:49.455,1.15781,1.15793,1.00,2.25
2017.09.19 14:43:49.991,1.15782,1.15793,1.00,1.50
2017.09.19 14:43:50.247,1.15779,1.15792,1.12,1.50
2017.09.19 14:43:50.539,1.15781,1.15792,1.00,1.25
2017.09.19 14:43:50.694,1.15782,1.15795,1.12,1.50
2017.09.19 14:43:50.796,1.15778,1.15793,2.25,1.50
2017.09.19 14:43:50.898,1.15779,1.15793,1.87,2.25
2017.09.19 14:43:51.359,1.15779,1.15791,3.00,1.00
2017.09.19 14:43:51.568,1.15777,1.1579,1.69,1.12
2017.09.19 14:43:51.774,1.15779,1.15793,1.25,1.50
2017.09.19 14:43:52.083,1.15781,1.15794,1.50,1.00
2017.09.19 14:43:52.611,1.1578,1.15793,1.25,1.00
2017.09.19 14:43:53.562,1.15782,1.15793,1.00,1.00
2017.09.19 14:43:54.260,1.15781,1.15793,1.00,1.00
2017.09.19 14:43:55.666,1.1578,1.15794,1.19,2.62
2017.09.19 14:43:56.275,1.1578,1.15794,1.00,1.12
2017.09.19 14:43:56.779,1.15779,1.15794,1.69,1.12
2017.09.19 14:43:57.151,1.15781,1.15793,1.00,1.00
2017.09.19 14:43:57.726,1.15779,1.15793,1.87,1.00
2017.09.19 14:43:58.169,1.15781,1.15794,1.50,1.00
2017.09.19 14:43:58.427,1.1578,1.15797,2.62,3.41
2017.09.19 14:43:58.479,1.1578,1.15794,1.50,1.12
2017.09.19 14:43:58.788,1.15782,1.15793,1.00,1.50
2017.09.19 14:43:59.015,1.15778,1.15792,1.12,1.00
2017.09.19 14:43:59.670,1.15778,1.15793,1.87,1.31
2017.09.19 14:44:00.202,1.15779,1.15793,1.00,1.87
2017.09.19 14:44:00.713,1.1578,1.15794,1.00,1.87
2017.09.19 14:44:01.243,1.15779,1.15794,1.00,1.87
2017.09.19 14:44:01.959,1.1578,1.15794,1.00,1.87
2017.09.19 14:44:02.064,1.1578,1.15791,1.00,1.00
2017.09.19 14:44:02.661,1.1578,1.15794,1.00,1.87
2017.09.19 14:44:03.091,1.15783,1.15796,1.00,1.75
2017.09.19 14:44:03.743,1.15781,1.15791,1.00,1.19
2017.09.19 14:44:03.795,1.15779,1.15792,1.00,1.69
2017.09.19 14:44:04.615,1.15779,1.1579,1.00,3.19
2017.09.19 14:44:05.789,1.15782,1.15789,1.00,1.12
2017.09.19 14:44:05.943,1.15782,1.15793,1.00,2.81
2017.09.19 14:44:06.450,1.15781,1.15792,1.00,1.12
2017.09.19 14:44:07.187,1.15782,1.15793,1.00,2.81
2017.09.19 14:44:07.693,1.15781,1.15792,1.00,1.31
2017.09.19 14:44:08.207,1.15782,1.15792,1.00,1.12
2017.09.19 14:44:08.310,1.1578,1.15791,1.00,1.50
2017.09.19 14:44:08.861,1.1578,1.15792,1.00,1.12
2017.09.19 14:44:08.913,1.15782,1.15792,1.00,1.12
2017.09.19 14:44:09.426,1.15781,1.15792,1.00,1.12
2017.09.19 14:44:10.168,1.15779,1.15791,1.00,1.69
2017.09.19 14:44:10.423,1.15781,1.15792,1.00,1.87
2017.09.19 14:44:10.934,1.15779,1.15793,1.25,1.37
2017.09.19 14:44:11.766,1.15781,1.15792,1.00,1.12
2017.09.19 14:44:11.919,1.15778,1.1579,1.00,1.00
2017.09.19 14:44:12.429,1.15779,1.1579,1.00,1.00
2017.09.19 14:44:12.634,1.15777,1.1579,2.62,1.00
2017.09.19 14:44:13.167,1.15781,1.1579,1.00,1.50
2017.09.19 14:44:13.372,1.15785,1.15797,1.00,1.12
2017.09.19 14:44:13.627,1.15789,1.15799,1.00,1.75
2017.09.19 14:44:13.678,1.15787,1.15799,1.00,1.75
2017.09.19 14:44:13.799,1.15787,1.15793,1.00,1.19
2017.09.19 14:44:13.951,1.1578,1.15791,1.12,1.25
2017.09.19 14:44:14.002,1.1578,1.15791,1.00,1.00
2017.09.19 14:44:14.207,1.15782,1.15791,1.00,1.00
2017.09.19 14:44:14.259,1.15782,1.15795,1.00,1.00
2017.09.19 14:44:14.514,1.1578,1.15794,1.00,1.50
2017.09.19 14:44:15.090,1.15779,1.15795,1.69,2.44
2017.09.19 14:44:15.499,1.1578,1.15792,1.00,1.00
2017.09.19 14:44:15.857,1.15774,1.15789,3.75,1.00
2017.09.19 14:44:16.369,1.15775,1.1579,2.25,1.75
2017.09.19 14:44:16.677,1.15775,1.15791,1.37,1.12
2017.09.19 14:44:16.830,1.15775,1.15789,1.37,1.00
2017.09.19 14:44:18.419,1.15773,1.15788,1.69,1.87
2017.09.19 14:44:18.523,1.15774,1.15785,1.49,1.00
2017.09.19 14:44:19.042,1.15774,1.15788,1.00,2.06
2017.09.19 14:44:20.944,1.1577,1.15784,1.00,1.00
2017.09.19 14:44:20.996,1.15776,1.15787,1.00,1.50
2017.09.19 14:44:21.151,1.15773,1.15786,1.00,1.00
2017.09.19 14:44:21.663,1.15774,1.15787,2.25,1.50
2017.09.19 14:44:22.182,1.15774,1.15786,2.25,1.25
2017.09.19 14:44:22.286,1.15777,1.15787,1.00,1.50
2017.09.19 14:44:22.838,1.15777,1.15788,1.00,2.62
2017.09.19 14:44:23.229,1.15777,1.15785,1.00,1.00
2017.09.19 14:44:25.743,1.15773,1.15782,1.37,1.00
2017.09.19 14:44:25.795,1.15773,1.15782,1.00,1.00
2017.09.19 14:44:25.847,1.15769,1.15782,1.75,1.00
2017.09.19 14:44:25.901,1.15769,1.1578,1.75,1.00
2017.09.19 14:44:26.058,1.1577,1.15782,3.00,1.00
2017.09.19 14:44:26.558,1.1577,1.15783,3.19,1.00
2017.09.19 14:44:27.264,1.15769,1.15783,2.25,1.00
2017.09.19 14:44:27.609,1.15772,1.15783,1.00,1.00
2017.09.19 14:44:27.661,1.15773,1.15786,1.00,1.00
2017.09.19 14:44:28.580,1.15769,1.15784,5.81,1.50
2017.09.19 14:44:28.776,1.15769,1.15783,1.50,1.12
2017.09.19 14:44:28.828,1.15774,1.15785,1.50,2.25
2017.09.19 14:44:28.982,1.15771,1.15784,1.69,1.00
2017.09.19 14:44:29.034,1.1577,1.15782,3.56,1.00
2017.09.19 14:44:29.136,1.1577,1.15784,2.06,1.50
2017.09.19 14:44:29.188,1.1577,1.15782,2.06,1.00
2017.09.19 14:44:29.868,1.15771,1.15782,1.00,1.00
2017.09.19 14:44:30.175,1.1577,1.15784,3.37,1.50
2017.09.19 14:44:30.278,1.15776,1.15787,1.00,1.50
2017.09.19 14:44:30.586,1.15774,1.15783,1.00,1.00
2017.09.19 14:44:30.777,1.15772,1.15784,1.25,1.12
2017.09.19 14:44:30.982,1.15774,1.15787,1.00,2.00
2017.09.19 14:44:31.084,1.15774,1.15787,1.00,1.25
2017.09.19 14:44:31.136,1.15774,1.15784,1.00,1.00
2017.09.19 14:44:31.701,1.15773,1.15785,1.00,1.00
2017.09.19 14:44:32.131,1.15773,1.15783,1.00,1.00
2017.09.19 14:44:32.185,1.15773,1.15785,1.00,1.00
2017.09.19 14:44:32.664,1.15769,1.15783,1.94,1.00
2017.09.19 14:44:33.074,1.15771,1.15785,1.00,3.00
2017.09.19 14:44:33.432,1.1577,1.15783,1.87,1.00
2017.09.19 14:44:33.484,1.15768,1.15782,3.56,1.50
2017.09.19 14:44:33.535,1.15769,1.1578,1.69,1.00
2017.09.19 14:44:34.054,1.15768,1.1578,1.50,1.00
2017.09.19 14:44:35.400,1.15769,1.1578,1.50,1.00
2017.09.19 14:44:35.938,1.15769,1.15779,1.50,1.00
2017.09.19 14:44:36.346,1.15767,1.15779,1.12,1.00
2017.09.19 14:44:36.501,1.15767,1.15781,1.12,1.00
2017.09.19 14:44:36.970,1.15769,1.15782,1.25,1.00
2017.09.19 14:44:37.282,1.15771,1.15783,1.00,1.00
2017.09.19 14:44:39.177,1.1577,1.15783,1.00,1.00
2017.09.19 14:44:41.493,1.15771,1.15783,1.00,1.00
2017.09.19 14:44:42.025,1.15771,1.15785,1.00,2.25
2017.09.19 14:44:42.332,1.15771,1.1578,1.00,1.00
2017.09.19 14:44:42.535,1.15767,1.15782,2.44,1.00
2017.09.19 14:44:42.854,1.15768,1.15783,2.44,1.87
2017.09.19 14:44:43.160,1.15772,1.15785,1.50,1.00
2017.09.19 14:44:44.169,1.15773,1.15786,1.69,1.00
2017.09.19 14:44:44.793,1.15773,1.15786,1.25,1.00
2017.09.19 14:44:45.552,1.1577,1.15784,2.44,1.00
2017.09.19 14:44:46.053,1.1577,1.15784,1.25,1.00
2017.09.19 14:44:46.390,1.15773,1.15786,1.31,1.37
2017.09.19 14:44:46.445,1.15773,1.15787,1.31,1.50
2017.09.19 14:44:46.976,1.15773,1.15786,1.12,1.00
2017.09.19 14:44:47.562,1.15772,1.15784,1.62,1.00
2017.09.19 14:44:47.822,1.15773,1.15786,1.50,1.00
2017.09.19 14:44:47.875,1.15774,1.15789,1.50,2.06
2017.09.19 14:44:48.487,1.15774,1.15789,2.25,2.06
2017.09.19 14:44:49.399,1.15776,1.1579,1.50,1.50
2017.09.19 14:44:49.857,1.15773,1.15787,1.25,1.50
2017.09.19 14:44:49.908,1.15775,1.15788,1.00,1.12
2017.09.19 14:44:51.110,1.15778,1.1579,1.00,2.81
2017.09.19 14:44:51.359,1.15776,1.1579,1.00,2.81
2017.09.19 14:44:54.240,1.15777,1.15787,1.00,1.00
2017.09.19 14:44:54.293,1.15775,1.15787,1.12,1.25
2017.09.19 14:44:54.500,1.15777,1.15789,1.00,2.44
2017.09.19 14:44:54.790,1.15778,1.1579,1.00,1.87
2017.09.19 14:44:55.045,1.15777,1.15786,1.00,1.00
2017.09.19 14:44:55.097,1.15775,1.15786,1.12,1.25
2017.09.19 14:44:55.200,1.15771,1.15781,2.25,1.00
2017.09.19 14:44:55.253,1.1577,1.15781,1.37,1.00
2017.09.19 14:44:55.355,1.15774,1.15782,1.00,1.87
2017.09.19 14:44:55.599,1.15774,1.15785,1.00,1.25
2017.09.19 14:44:56.112,1.15774,1.15784,1.00,1.00
2017.09.19 14:44:58.442,1.15774,1.15785,1.00,1.69
2017.09.19 14:44:58.588,1.15774,1.15785,1.00,1.50
2017.09.19 14:44:58.741,1.15776,1.15786,1.00,1.50
2017.09.19 14:44:59.389,1.15776,1.15784,1.00,1.00
2017.09.19 14:44:59.442,1.15772,1.15784,1.12,1.00
2017.09.19 14:44:59.595,1.15771,1.15783,1.00,1.19
2017.09.19 14:44:59.935,1.1577,1.15781,1.00,3.00
2017.09.19 14:45:00.455,1.15769,1.15781,1.00,2.44
2017.09.19 14:45:01.536,1.15768,1.1578,1.00,1.56
2017.09.19 14:45:02.047,1.15769,1.1578,1.00,1.37
2017.09.19 14:45:02.664,1.15771,1.15781,1.00,1.50
2017.09.19 14:45:02.821,1.15772,1.15784,1.00,2.44
2017.09.19 14:45:02.875,1.15775,1.15783,1.00,1.87
2017.09.19 14:45:03.321,1.15776,1.15786,1.00,1.56
2017.09.19 14:45:03.374,1.15774,1.15786,1.00,3.94
2017.09.19 14:45:03.426,1.15773,1.15782,1.00,1.00
2017.09.19 14:45:03.928,1.15772,1.15783,1.00,1.00
2017.09.19 14:45:04.431,1.15771,1.15783,1.00,2.62
2017.09.19 14:45:04.533,1.15769,1.15782,1.00,1.00
2017.09.19 14:45:04.687,1.15771,1.15782,1.00,1.00
2017.09.19 14:45:05.196,1.15771,1.15783,1.00,2.62
2017.09.19 14:45:06.338,1.15773,1.15783,1.00,2.62
2017.09.19 14:45:06.390,1.15766,1.15779,2.25,1.25
2017.09.19 14:45:06.696,1.15766,1.15778,1.00,1.31
2017.09.19 14:45:07.205,1.15766,1.15777,1.00,1.00
2017.09.19 14:45:07.552,1.15768,1.15777,1.00,1.00
2017.09.19 14:45:08.464,1.15771,1.1578,1.00,1.50
2017.09.19 14:45:08.677,1.15772,1.15783,1.00,3.00
2017.09.19 14:45:09.370,1.15772,1.15782,1.00,1.00
2017.09.19 14:45:09.894,1.15772,1.15783,1.00,1.31
2017.09.19 14:45:10.604,1.15772,1.15782,1.00,1.00
2017.09.19 14:45:11.139,1.15773,1.15783,1.00,1.31
2017.09.19 14:45:11.867,1.15773,1.15782,1.00,1.00
2017.09.19 14:45:11.974,1.1577,1.15782,1.00,1.19
2017.09.19 14:45:12.487,1.15771,1.15782,1.00,1.00
2017.09.19 14:45:13.148,1.1577,1.15781,1.00,1.50
2017.09.19 14:45:13.301,1.15767,1.1578,2.25,1.12
2017.09.19 14:45:13.352,1.15765,1.15777,1.50,1.00
2017.09.19 14:45:13.987,1.15765,1.15778,1.00,3.56
2017.09.19 14:45:14.288,1.15765,1.15778,1.00,2.06
2017.09.19 14:45:14.805,1.15765,1.15778,1.00,3.56
2017.09.19 14:45:15.583,1.15764,1.15777,1.00,2.81
2017.09.19 14:45:15.890,1.15761,1.15772,1.00,1.00
2017.09.19 14:45:16.360,1.15758,1.15772,1.00,1.12
2017.09.19 14:45:16.906,1.15757,1.15772,1.87,1.12
2017.09.19 14:45:19.389,1.15758,1.15772,1.00,1.31
2017.09.19 14:45:20.155,1.15758,1.15771,1.25,1.00
2017.09.19 14:45:20.207,1.15761,1.15772,1.00,1.12
2017.09.19 14:45:20.616,1.15774,1.1578,1.00,1.00
2017.09.19 14:45:20.667,1.15774,1.15784,1.00,1.50
2017.09.19 14:45:20.720,1.15772,1.15782,1.00,2.62
2017.09.19 14:45:20.772,1.15769,1.15778,2.25,1.50
2017.09.19 14:45:20.926,1.15765,1.15775,1.00,1.00
2017.09.19 14:45:20.978,1.15768,1.15775,1.00,1.12
2017.09.19 14:45:21.956,1.15769,1.15775,1.00,1.12
2017.09.19 14:45:22.262,1.15771,1.15775,1.00,1.12
2017.09.19 14:45:22.796,1.1577,1.15776,1.00,1.50
2017.09.19 14:45:23.211,1.1577,1.15779,1.00,2.25
2017.09.19 14:45:24.252,1.15768,1.15779,1.00,1.00
2017.09.19 14:45:24.737,1.1577,1.15781,1.00,1.50
2017.09.19 14:45:24.942,1.1577,1.15782,1.00,2.25
2017.09.19 14:45:25.584,1.15771,1.15782,1.00,1.50
2017.09.19 14:45:26.704,1.15769,1.15783,1.00,3.94
2017.09.19 14:45:27.780,1.1577,1.15782,1.00,3.00
2017.09.19 14:45:28.228,1.15768,1.15778,1.50,1.50
2017.09.19 14:45:28.279,1.15766,1.15777,1.12,1.00
2017.09.19 14:45:28.816,1.15765,1.15778,1.00,1.12
2017.09.19 14:45:29.677,1.15767,1.15778,1.00,1.12
2017.09.19 14:45:29.833,1.15767,1.15781,1.50,1.25
2017.09.19 14:45:29.989,1.15773,1.15782,1.00,1.75
2017.09.19 14:45:30.301,1.15781,1.1579,1.00,1.37
2017.09.19 14:45:30.353,1.15779,1.15791,1.00,1.37
2017.09.19 14:45:30.456,1.15776,1.15791,1.50,1.87
2017.09.19 14:45:30.509,1.15779,1.15791,1.00,1.87
2017.09.19 14:45:30.668,1.15775,1.15786,1.00,1.00
2017.09.19 14:45:30.779,1.15776,1.15786,1.37,1.00
2017.09.19 14:45:30.836,1.15778,1.15788,1.00,1.00
2017.09.19 14:45:30.940,1.15781,1.15788,1.00,1.00
2017.09.19 14:45:31.095,1.15778,1.1579,1.50,1.37
2017.09.19 14:45:31.249,1.15778,1.15787,1.50,1.00
2017.09.19 14:45:31.550,1.15773,1.15785,1.50,1.50
2017.09.19 14:45:31.809,1.1577,1.15784,1.25,1.00
2017.09.19 14:45:32.116,1.1577,1.15785,2.62,1.50
2017.09.19 14:45:32.673,1.15773,1.15786,1.00,1.31
2017.09.19 14:45:33.192,1.15772,1.15785,1.00,1.00
2017.09.19 14:45:33.493,1.15774,1.15787,1.00,1.50
2017.09.19 14:45:34.002,1.15773,1.15788,1.50,2.44
2017.09.19 14:45:34.532,1.15774,1.15787,1.00,1.50
2017.09.19 14:45:35.952,1.15773,1.15787,3.00,1.50
2017.09.19 14:45:36.361,1.15774,1.15788,2.44,1.12
2017.09.19 14:45:36.882,1.15774,1.15788,1.50,1.31
2017.09.19 14:45:37.511,1.15773,1.15788,3.37,2.25
2017.09.19 14:45:38.016,1.15774,1.15785,1.00,1.50
2017.09.19 14:45:38.965,1.15774,1.15784,1.00,1.00
2017.09.19 14:45:39.631,1.15769,1.15783,1.75,1.00
2017.09.19 14:45:39.735,1.15769,1.15783,1.00,1.00
2017.09.19 14:45:39.939,1.15772,1.15783,1.00,1.00
2017.09.19 14:45:40.216,1.15766,1.1578,1.75,1.00
2017.09.19 14:45:40.268,1.15765,1.15777,1.75,1.00
2017.09.19 14:45:40.370,1.15765,1.15779,1.12,1.00
2017.09.19 14:45:40.995,1.15767,1.15779,1.69,1.00
2017.09.19 14:45:41.401,1.15768,1.1578,1.50,1.00
2017.09.19 14:45:42.549,1.15767,1.15779,2.25,1.00
2017.09.19 14:45:43.028,1.15767,1.15778,1.50,1.00
2017.09.19 14:45:43.080,1.15765,1.15777,1.50,1.00
2017.09.19 14:45:43.596,1.15765,1.15776,1.00,1.00
2017.09.19 14:45:46.027,1.15766,1.15778,1.12,1.00
2017.09.19 14:45:46.541,1.15767,1.15778,1.00,1.00
2017.09.19 14:45:47.366,1.15766,1.15779,2.44,1.00
2017.09.19 14:45:48.133,1.15765,1.15779,1.87,1.50
2017.09.19 14:45:48.238,1.15764,1.15777,2.81,1.00
2017.09.19 14:45:48.546,1.15765,1.15778,2.06,1.00
2017.09.19 14:45:48.680,1.15765,1.15778,1.31,1.00
2017.09.19 14:45:48.733,1.15764,1.15776,4.12,1.00
2017.09.19 14:45:48.990,1.15761,1.15775,1.00,1.50
2017.09.19 14:45:49.042,1.1576,1.15774,3.00,1.37
2017.09.19 14:45:49.350,1.15762,1.15775,1.25,1.00
2017.09.19 14:45:49.886,1.15763,1.15775,1.00,1.00
2017.09.19 14:45:50.494,1.15763,1.15774,1.00,1.00
2017.09.19 14:45:50.546,1.15762,1.15772,1.50,1.00
2017.09.19 14:45:50.597,1.15758,1.1577,3.37,1.00
2017.09.19 14:45:51.235,1.15758,1.1577,1.87,1.50
2017.09.19 14:45:51.748,1.15758,1.1577,1.87,1.00
2017.09.19 14:45:51.997,1.15764,1.1577,1.50,1.00
2017.09.19 14:45:52.049,1.15761,1.15774,1.81,1.75
2017.09.19 14:45:52.203,1.15761,1.15774,3.00,1.00
2017.09.19 14:45:52.724,1.15761,1.15775,2.81,1.50
2017.09.19 14:45:53.271,1.15763,1.15774,1.87,1.00
2017.09.19 14:45:53.843,1.15763,1.15774,1.25,1.00
2017.09.19 14:45:54.217,1.1576,1.1577,1.00,1.00
2017.09.19 14:45:54.371,1.15756,1.15769,1.69,1.00
2017.09.19 14:45:54.423,1.15756,1.15771,2.44,1.50
2017.09.19 14:45:54.948,1.15756,1.1577,1.69,1.00
2017.09.19 14:45:55.120,1.1576,1.1577,1.00,1.00
2017.09.19 14:45:55.220,1.15761,1.15772,1.25,1.00
2017.09.19 14:45:55.272,1.15761,1.15774,4.87,1.00
2017.09.19 14:45:56.237,1.15761,1.15774,1.87,1.00
2017.09.19 14:45:56.289,1.15766,1.15778,1.00,1.00
2017.09.19 14:45:56.664,1.15764,1.15775,1.50,1.00
2017.09.19 14:45:56.768,1.15761,1.15774,1.69,1.50
2017.09.19 14:45:57.076,1.1576,1.15772,1.44,1.00
2017.09.19 14:45:57.676,1.1576,1.15772,1.12,1.00
2017.09.19 14:45:58.180,1.1576,1.15773,1.87,1.00
2017.09.19 14:45:58.898,1.15759,1.15773,1.25,1.00
2017.09.19 14:45:59.530,1.1576,1.15773,1.00,1.00
2017.09.19 14:45:59.836,1.1576,1.15771,1.12,1.00
2017.09.19 14:45:59.990,1.15761,1.15773,1.00,1.25
2017.09.19 14:46:00.135,1.15763,1.15773,1.00,1.00
2017.09.19 14:46:00.187,1.1576,1.15773,1.50,1.00
2017.09.19 14:46:00.238,1.1576,1.15771,2.25,1.00
2017.09.19 14:46:00.713,1.15757,1.15769,2.00,1.00
2017.09.19 14:46:00.765,1.15756,1.15769,2.62,1.00
2017.09.19 14:46:00.816,1.15756,1.15768,1.12,1.00
2017.09.19 14:46:00.868,1.15756,1.15766,1.00,1.00
2017.09.19 14:46:01.526,1.15755,1.15767,1.50,1.00
2017.09.19 14:46:01.838,1.15758,1.15768,1.50,1.00
2017.09.19 14:46:02.156,1.15762,1.1577,1.00,1.00
2017.09.19 14:46:02.261,1.15758,1.15769,2.25,1.00
2017.09.19 14:46:02.313,1.15758,1.15769,1.12,1.00
2017.09.19 14:46:02.474,1.15758,1.15771,2.25,1.25
2017.09.19 14:46:03.070,1.1576,1.1577,1.12,1.00
2017.09.19 14:46:03.693,1.1576,1.15769,1.12,1.00
2017.09.19 14:46:04.241,1.15761,1.15769,1.00,1.00
2017.09.19 14:46:04.779,1.1576,1.15769,1.12,1.00
2017.09.19 14:46:05.267,1.1576,1.15773,1.12,1.50
2017.09.19 14:46:05.318,1.15761,1.15771,1.00,1.00
2017.09.19 14:46:05.646,1.15757,1.15767,1.00,1.00
2017.09.19 14:46:05.903,1.15757,1.1577,1.00,1.50
2017.09.19 14:46:06.216,1.1576,1.1577,1.00,1.00
2017.09.19 14:46:06.763,1.15763,1.15775,1.00,1.00
2017.09.19 14:46:06.815,1.15769,1.15775,1.00,1.00
2017.09.19 14:46:06.917,1.15768,1.15777,1.12,1.00
2017.09.19 14:46:07.173,1.15768,1.15775,1.50,1.00
2017.09.19 14:46:07.492,1.15765,1.15773,1.00,1.00
2017.09.19 14:46:08.154,1.15764,1.15773,1.50,1.00
2017.09.19 14:46:08.448,1.15765,1.15776,1.00,1.00
2017.09.19 14:46:08.602,1.15765,1.15774,1.00,1.00
2017.09.19 14:46:09.077,1.15765,1.15776,1.00,1.25
2017.09.19 14:46:09.868,1.15768,1.15779,1.00,1.19
2017.09.19 14:46:09.920,1.15768,1.15781,1.50,1.44
2017.09.19 14:46:09.972,1.1577,1.15781,1.00,1.44
2017.09.19 14:46:10.126,1.15767,1.15779,1.50,1.00
2017.09.19 14:46:10.382,1.1577,1.1578,1.00,1.00
2017.09.19 14:46:10.698,1.15774,1.15783,1.00,1.00
2017.09.19 14:46:10.904,1.15774,1.15788,1.00,3.56
2017.09.19 14:46:11.332,1.15776,1.15788,1.00,2.25
2017.09.19 14:46:11.384,1.15776,1.15788,1.50,1.25
2017.09.19 14:46:11.584,1.15778,1.1579,1.00,2.81
2017.09.19 14:46:11.789,1.15773,1.15788,1.87,1.35
2017.09.19 14:46:11.841,1.15776,1.15789,1.00,2.06
2017.09.19 14:46:11.944,1.15774,1.15788,1.50,2.06
2017.09.19 14:46:12.253,1.15776,1.15789,1.00,2.06
2017.09.19 14:46:12.612,1.15781,1.15792,1.00,1.12
2017.09.19 14:46:12.715,1.15781,1.15794,1.00,3.75
2017.09.19 14:46:13.229,1.1578,1.15794,2.62,1.87
2017.09.19 14:46:13.641,1.15781,1.15791,1.00,1.44
2017.09.19 14:46:14.052,1.15778,1.1579,1.50,1.87
2017.09.19 14:46:14.105,1.15778,1.15792,1.00,2.25
2017.09.19 14:46:14.157,1.1578,1.15793,1.00,2.44
2017.09.19 14:46:14.662,1.1578,1.15793,1.12,1.12
2017.09.19 14:46:15.182,1.1578,1.15792,1.12,1.12
2017.09.19 14:46:15.508,1.15782,1.15795,1.00,1.50
2017.09.19 14:46:15.559,1.15782,1.15795,1.50,1.87
2017.09.19 14:46:15.663,1.15785,1.15796,1.00,2.62
2017.09.19 14:46:15.818,1.15785,1.15797,1.00,3.00
2017.09.19 14:46:15.870,1.15785,1.15795,1.00,1.00
2017.09.19 14:46:16.026,1.15785,1.15798,1.00,1.00
2017.09.19 14:46:16.283,1.15787,1.15799,1.00,1.00
2017.09.19 14:46:16.437,1.15784,1.15797,1.00,1.00
2017.09.19 14:46:17.038,1.15782,1.15797,2.62,1.00
2017.09.19 14:46:17.191,1.15786,1.15797,1.50,1.00
2017.09.19 14:46:17.346,1.15789,1.15801,1.00,1.00
2017.09.19 14:46:17.501,1.15792,1.15803,1.00,1.00
2017.09.19 14:46:17.604,1.1579,1.15803,2.44,1.00
2017.09.19 14:46:17.707,1.15792,1.15803,1.00,1.00
2017.09.19 14:46:18.028,1.1579,1.15802,1.31,1.00
2017.09.19 14:46:18.133,1.15793,1.15802,1.00,1.00
2017.09.19 14:46:18.339,1.15787,1.15799,1.12,1.00
2017.09.19 14:46:18.390,1.15791,1.158,1.00,1.00
2017.09.19 14:46:18.442,1.15787,1.15801,1.12,2.06
2017.09.19 14:46:18.748,1.15792,1.15802,1.00,1.19
2017.09.19 14:46:18.800,1.15792,1.15804,1.50,1.81
2017.09.19 14:46:19.111,1.15793,1.15806,1.50,2.62
2017.09.19 14:46:19.645,1.15788,1.15802,1.50,1.00
2017.09.19 14:46:19.749,1.15793,1.15803,1.00,1.00
2017.09.19 14:46:19.852,1.15789,1.15802,1.37,1.25
2017.09.19 14:46:19.954,1.15788,1.15804,2.25,1.69
2017.09.19 14:46:20.212,1.15795,1.15803,1.00,1.00
2017.09.19 14:46:20.265,1.15795,1.15808,1.69,2.25
2017.09.19 14:46:20.615,1.15797,1.15809,1.00,1.69
2017.09.19 14:46:20.769,1.15797,1.15813,1.00,3.00
2017.09.19 14:46:20.821,1.15797,1.15813,1.37,1.12
2017.09.19 14:46:20.975,1.15797,1.15811,1.37,1.50
2017.09.19 14:46:21.480,1.15797,1.1581,1.87,1.50
2017.09.19 14:46:21.788,1.15796,1.15805,1.00,1.00
2017.09.19 14:46:21.840,1.15792,1.15805,1.00,1.00
2017.09.19 14:46:21.994,1.15793,1.15807,1.00,1.50
2017.09.19 14:46:22.695,1.15792,1.15804,1.00,1.00
2017.09.19 14:46:23.002,1.15797,1.15808,1.00,1.37
2017.09.19 14:46:23.226,1.15797,1.1581,1.00,3.19
2017.09.19 14:46:23.557,1.15796,1.15807,1.00,1.50
2017.09.19 14:46:24.067,1.15796,1.15806,1.00,1.00
2017.09.19 14:46:24.617,1.15795,1.15806,1.00,1.00
2017.09.19 14:46:24.926,1.15793,1.15803,1.00,1.00
2017.09.19 14:46:24.978,1.15793,1.15805,1.00,1.00
2017.09.19 14:46:25.184,1.1579,1.15802,1.69,1.00
2017.09.19 14:46:25.425,1.1579,1.15802,1.25,1.00
2017.09.19 14:46:25.477,1.1579,1.158,1.25,1.00
2017.09.19 14:46:25.631,1.15788,1.158,1.12,1.00
2017.09.19 14:46:25.683,1.1579,1.158,1.00,1.00
2017.09.19 14:46:26.523,1.15789,1.158,1.00,1.00
2017.09.19 14:46:27.414,1.15787,1.15799,1.50,1.50
2017.09.19 14:46:27.935,1.15786,1.15799,1.37,1.00
2017.09.19 14:46:28.242,1.15791,1.15802,1.00,1.12
2017.09.19 14:46:28.345,1.15789,1.15801,1.12,2.25
2017.09.19 14:46:28.533,1.1579,1.15799,1.00,1.00
2017.09.19 14:46:28.637,1.15786,1.15799,2.24,1.00
2017.09.19 14:46:28.867,1.15792,1.15802,1.00,1.00
2017.09.19 14:46:29.072,1.15789,1.15802,1.15,1.00
2017.09.19 14:46:29.176,1.15786,1.158,2.25,1.50
2017.09.19 14:46:29.342,1.15788,1.158,1.00,1.00
2017.09.19 14:46:29.394,1.15786,1.15796,1.25,1.00
2017.09.19 14:46:29.855,1.15785,1.15794,1.12,1.00
2017.09.19 14:46:29.907,1.15786,1.15799,1.87,1.00
2017.09.19 14:46:30.066,1.15789,1.15799,1.00,1.00
2017.09.19 14:46:30.117,1.15785,1.15798,1.12,1.00
2017.09.19 14:46:30.169,1.15788,1.15798,1.00,1.00
2017.09.19 14:46:30.272,1.15786,1.15798,1.00,1.00
2017.09.19 14:46:30.324,1.15785,1.158,1.00,2.81
2017.09.19 14:46:30.376,1.15785,1.15798,1.00,1.50
2017.09.19 14:46:30.683,1.15786,1.15796,1.00,1.00
2017.09.19 14:46:31.227,1.15785,1.15796,1.00,1.00
2017.09.19 14:46:31.793,1.15784,1.15797,1.25,1.00
2017.09.19 14:46:31.898,1.15784,1.15799,1.50,1.00
2017.09.19 14:46:32.000,1.15781,1.15794,3.11,1.00
2017.09.19 14:46:32.514,1.15781,1.15793,3.37,1.00
2017.09.19 14:46:33.060,1.15781,1.15794,2.81,1.00
2017.09.19 14:46:33.399,1.15786,1.15797,1.25,1.00
2017.09.19 14:46:33.649,1.15786,1.15799,1.25,1.00
2017.09.19 14:46:33.701,1.15787,1.15801,1.00,1.12
2017.09.19 14:46:34.324,1.15787,1.158,1.50,1.00
2017.09.19 14:46:34.427,1.15787,1.15798,1.69,1.00
2017.09.19 14:46:34.697,1.15786,1.158,2.00,1.50
2017.09.19 14:46:34.752,1.1579,1.158,1.00,1.00
2017.09.19 14:46:35.620,1.1579,1.15799,1.00,1.00
2017.09.19 14:46:35.789,1.15791,1.15803,1.00,2.44
2017.09.19 14:46:35.942,1.15792,1.15804,1.00,3.37
2017.09.19 14:46:36.452,1.15791,1.15804,1.00,2.06
2017.09.19 14:46:36.970,1.15792,1.15804,1.00,2.06
2017.09.19 14:46:37.625,1.1579,1.15804,1.00,2.81
2017.09.19 14:46:37.729,1.15788,1.15801,1.87,1.44
2017.09.19 14:46:37.780,1.15787,1.15801,2.25,2.06
2017.09.19 14:46:38.085,1.15786,1.15798,1.00,1.25
2017.09.19 14:46:38.421,1.15784,1.15798,2.06,1.25
2017.09.19 14:46:38.524,1.15787,1.158,1.00,1.87
2017.09.19 14:46:38.947,1.15789,1.15799,1.00,1.50
2017.09.19 14:46:39.442,1.15787,1.158,1.00,1.87
2017.09.19 14:46:39.494,1.15789,1.158,1.00,1.00
2017.09.19 14:46:40.006,1.15788,1.15799,1.00,2.25
2017.09.19 14:46:40.591,1.15787,1.15799,1.12,1.50
2017.09.19 14:46:40.922,1.15787,1.15801,1.12,1.25
2017.09.19 14:46:40.973,1.15789,1.15801,1.00,1.25
2017.09.19 14:46:41.487,1.15787,1.15801,1.12,1.25
2017.09.19 14:46:41.688,1.15787,1.15799,1.12,1.69
2017.09.19 14:46:42.211,1.15788,1.15799,1.00,1.69
2017.09.19 14:46:42.467,1.15782,1.15795,2.25,1.25
2017.09.19 14:46:42.716,1.15781,1.15795,1.50,1.69
2017.09.19 14:46:43.261,1.15781,1.15794,1.00,1.00
2017.09.19 14:46:43.842,1.1578,1.15793,1.12,1.00
2017.09.19 14:46:44.829,1.15781,1.15793,1.00,1.25
2017.09.19 14:46:45.106,1.1578,1.15795,2.62,1.00
2017.09.19 14:46:45.475,1.15779,1.15792,1.50,1.25
2017.09.19 14:46:45.783,1.15779,1.1579,1.00,1.00
2017.09.19 14:46:46.274,1.15778,1.15787,1.12,1.00
2017.09.19 14:46:46.807,1.15779,1.15788,1.00,1.00
2017.09.19 14:46:47.437,1.15778,1.15786,1.12,1.00
2017.09.19 14:46:48.310,1.15779,1.15786,1.00,1.00
2017.09.19 14:46:48.495,1.15775,1.15788,1.75,1.00
2017.09.19 14:46:48.682,1.15778,1.15791,1.00,1.87
2017.09.19 14:46:48.733,1.15781,1.15789,1.00,1.00
2017.09.19 14:46:48.785,1.15781,1.15791,1.00,1.00
2017.09.19 14:46:49.321,1.1578,1.1579,1.12,1.00
2017.09.19 14:46:49.669,1.15781,1.15792,1.00,1.00
2017.09.19 14:46:50.236,1.1578,1.15792,1.12,1.00
2017.09.19 14:46:50.787,1.1578,1.15791,1.12,1.00
2017.09.19 14:46:51.300,1.15781,1.1579,1.00,1.00
2017.09.19 14:46:51.941,1.15776,1.15789,2.44,1.00
2017.09.19 14:46:51.993,1.15776,1.15789,2.06,1.00
2017.09.19 14:46:52.800,1.15779,1.15791,1.00,1.87
2017.09.19 14:46:54.016,1.15779,1.15792,1.00,1.50
2017.09.19 14:46:54.895,1.15779,1.15791,1.25,1.00
2017.09.19 14:46:55.416,1.15778,1.15789,1.00,1.00
2017.09.19 14:46:55.621,1.15779,1.15792,1.50,1.19
2017.09.19 14:46:56.145,1.1578,1.15791,1.00,1.19
2017.09.19 14:46:56.689,1.15779,1.15791,1.00,1.50
2017.09.19 14:46:57.190,1.15778,1.15793,1.50,1.87
2017.09.19 14:46:57.241,1.15778,1.15794,2.25,1.50
2017.09.19 14:46:57.345,1.15778,1.1579,1.50,1.00
2017.09.19 14:46:57.499,1.15783,1.15797,1.00,3.75
2017.09.19 14:46:58.041,1.15784,1.15797,1.00,2.25
2017.09.19 14:46:58.454,1.15789,1.15797,1.00,1.87
2017.09.19 14:46:58.506,1.15787,1.15796,1.00,1.00
2017.09.19 14:46:58.800,1.15782,1.15793,1.37,1.00
2017.09.19 14:46:58.854,1.15782,1.15794,1.00,1.25
2017.09.19 14:46:59.374,1.15785,1.15795,1.00,1.50
2017.09.19 14:46:59.907,1.15785,1.15798,1.00,4.12
2017.09.19 14:47:00.448,1.15783,1.15798,1.50,3.37
2017.09.19 14:47:00.625,1.15785,1.158,1.69,4.50
2017.09.19 14:47:00.676,1.15785,1.15799,1.50,1.00
2017.09.19 14:47:00.839,1.15785,1.15797,1.00,1.25
2017.09.19 14:47:01.831,1.15783,1.15797,1.87,2.44
2017.09.19 14:47:02.357,1.15783,1.158,2.62,4.50
2017.09.19 14:47:02.882,1.15784,1.15799,2.06,2.81
2017.09.19 14:47:03.400,1.15787,1.158,1.00,1.87
2017.09.19 14:47:03.453,1.15787,1.15801,1.00,1.87
2017.09.19 14:47:03.977,1.15786,1.158,3.75,1.25
2017.09.19 14:47:04.079,1.15786,1.15798,1.50,1.44
2017.09.19 14:47:04.402,1.15784,1.15798,1.00,1.50
2017.09.19 14:47:04.658,1.15783,1.15795,1.12,1.00
2017.09.19 14:47:05.828,1.15783,1.15793,1.12,1.00
2017.09.19 14:47:05.881,1.15783,1.15795,1.12,1.00
2017.09.19 14:47:06.232,1.15783,1.15797,1.12,1.25
2017.09.19 14:47:06.863,1.15783,1.15796,1.12,1.00
2017.09.19 14:47:07.019,1.15782,1.15794,1.50,1.00
2017.09.19 14:47:07.800,1.15785,1.15798,1.00,2.81
2017.09.19 14:47:07.904,1.15782,1.15797,2.25,1.31
2017.09.19 14:47:07.956,1.1578,1.15795,1.75,2.29
2017.09.19 14:47:08.059,1.15779,1.15794,1.37,1.00
2017.09.19 14:47:08.202,1.15779,1.15792,1.37,1.00
2017.09.19 14:47:08.551,1.15777,1.15788,1.75,1.00
2017.09.19 14:47:08.603,1.15778,1.1579,2.25,1.00
2017.09.19 14:47:08.655,1.15779,1.15786,1.37,1.00
2017.09.19 14:47:08.758,1.15773,1.15786,2.44,1.00
2017.09.19 14:47:09.272,1.15773,1.15785,3.19,1.00
2017.09.19 14:47:09.374,1.15773,1.15787,3.19,1.00
2017.09.19 14:47:09.988,1.15772,1.15786,1.75,1.00
2017.09.19 14:47:10.041,1.15772,1.15786,1.12,1.00
2017.09.19 14:47:10.342,1.1577,1.15783,1.00,1.00
2017.09.19 14:47:10.649,1.1577,1.15779,1.00,1.00
2017.09.19 14:47:10.752,1.15766,1.15778,2.25,1.00
2017.09.19 14:47:11.192,1.15766,1.1578,2.62,1.50
2017.09.19 14:47:11.244,1.15768,1.15782,1.12,1.69
2017.09.19 14:47:11.449,1.15767,1.1578,1.50,1.19
2017.09.19 14:47:11.756,1.15765,1.15776,2.25,1.00
2017.09.19 14:47:13.267,1.15765,1.15775,2.25,1.00
2017.09.19 14:47:13.536,1.15764,1.15774,1.12,1.00
2017.09.19 14:47:13.844,1.15765,1.15772,1.00,1.00
2017.09.19 14:47:15.060,1.15759,1.15771,1.87,1.00
2017.09.19 14:47:15.355,1.1576,1.1577,1.37,1.00
2017.09.19 14:47:15.458,1.15762,1.15772,1.50,1.00
2017.09.19 14:47:15.561,1.15763,1.15776,1.12,1.50
2017.09.19 14:47:15.612,1.15763,1.15773,1.12,1.00
2017.09.19 14:47:15.922,1.15764,1.15771,1.00,1.00
2017.09.19 14:47:16.128,1.15763,1.15774,1.87,1.00
2017.09.19 14:47:16.385,1.15766,1.15775,1.12,1.00
2017.09.19 14:47:17.741,1.15763,1.15773,1.75,1.00
2017.09.19 14:47:18.254,1.15764,1.15774,1.37,1.00
2017.09.19 14:47:18.461,1.15762,1.15773,1.00,1.00
2017.09.19 14:47:18.514,1.15761,1.1577,1.12,1.00
2017.09.19 14:47:18.567,1.15761,1.15772,1.87,1.00
2017.09.19 14:47:19.079,1.15761,1.15775,1.50,1.69
2017.09.19 14:47:19.616,1.15762,1.15775,1.00,1.37
2017.09.19 14:47:20.026,1.15758,1.15772,1.37,1.50
2017.09.19 14:47:20.232,1.15762,1.15775,1.69,2.62
2017.09.19 14:47:20.388,1.15763,1.15776,1.00,1.25
2017.09.19 14:47:21.001,1.15763,1.15775,1.00,1.00
2017.09.19 14:47:21.809,1.15758,1.1577,1.75,2.25
2017.09.19 14:47:21.912,1.1576,1.15773,1.00,2.81
2017.09.19 14:47:22.325,1.15762,1.15774,1.00,3.19
2017.09.19 14:47:22.465,1.1576,1.15773,1.00,2.25
2017.09.19 14:47:22.517,1.15762,1.15773,1.00,1.00
2017.09.19 14:47:22.856,1.15759,1.1577,1.00,2.44
2017.09.19 14:47:23.158,1.15761,1.1577,1.00,2.25
2017.09.19 14:47:23.260,1.15758,1.15768,1.00,1.25
2017.09.19 14:47:23.313,1.15755,1.15766,1.50,1.00
2017.09.19 14:47:23.417,1.15757,1.15766,1.00,1.50
2017.09.19 14:47:23.470,1.15757,1.15769,1.00,1.87
2017.09.19 14:47:23.522,1.15759,1.15769,1.00,1.12
2017.09.19 14:47:24.033,1.15759,1.15768,1.00,1.50
2017.09.19 14:47:24.086,1.15754,1.15766,1.87,2.44
2017.09.19 14:47:24.190,1.15758,1.15769,1.00,2.25
2017.09.19 14:47:24.294,1.15758,1.15767,1.00,1.25
2017.09.19 14:47:24.346,1.15755,1.15766,1.00,1.12
2017.09.19 14:47:24.553,1.15757,1.15765,1.00,1.12
2017.09.19 14:47:24.758,1.15758,1.15767,1.00,1.00
2017.09.19 14:47:24.860,1.15758,1.15769,1.00,1.00
2017.09.19 14:47:25.015,1.15759,1.15771,1.12,2.44
2017.09.19 14:47:25.373,1.15756,1.15771,1.87,2.06
2017.09.19 14:47:25.885,1.15757,1.15769,1.00,1.00
2017.09.19 14:47:26.356,1.15757,1.15771,1.00,2.44
2017.09.19 14:47:27.122,1.15757,1.1577,1.00,1.00
2017.09.19 14:47:27.174,1.1576,1.1577,1.00,1.00
2017.09.19 14:47:27.378,1.15761,1.15774,1.00,1.87
2017.09.19 14:47:27.430,1.15763,1.15775,1.00,2.44
2017.09.19 14:47:27.584,1.15761,1.15774,1.00,1.25
2017.09.19 14:47:28.143,1.15762,1.15774,1.00,1.25
2017.09.19 14:47:28.622,1.1576,1.15772,1.00,1.00
2017.09.19 14:47:29.131,1.15761,1.15774,1.00,1.00
2017.09.19 14:47:29.386,1.15762,1.15774,1.31,1.50
2017.09.19 14:47:29.926,1.15762,1.15773,1.31,1.00
2017.09.19 14:47:29.978,1.15759,1.15774,2.06,1.00
2017.09.19 14:47:30.526,1.1576,1.15773,1.12,1.00
2017.09.19 14:47:31.033,1.15759,1.15773,1.69,1.00
2017.09.19 14:47:31.136,1.1576,1.15771,1.00,1.00
2017.09.19 14:47:31.690,1.15759,1.15771,1.12,1.00
2017.09.19 14:47:31.948,1.1576,1.15773,1.69,1.00
2017.09.19 14:47:32.000,1.15763,1.15773,1.00,1.00
2017.09.19 14:47:32.051,1.15763,1.15775,1.00,1.00
2017.09.19 14:47:32.206,1.15763,1.15771,1.00,1.00
2017.09.19 14:47:32.309,1.15757,1.15771,1.37,1.00
2017.09.19 14:47:32.411,1.15757,1.15771,1.50,1.00
2017.09.19 14:47:32.509,1.15761,1.15771,1.00,1.00
2017.09.19 14:47:32.561,1.15761,1.15774,1.00,1.12
2017.09.19 14:47:33.054,1.15765,1.15774,1.00,1.00
2017.09.19 14:47:33.596,1.15764,1.15775,1.12,1.00
2017.09.19 14:47:34.006,1.15762,1.15773,1.50,1.00
2017.09.19 14:47:34.110,1.15761,1.15773,2.25,1.00
2017.09.19 14:47:34.637,1.15761,1.15771,1.12,1.00
2017.09.19 14:47:35.067,1.15761,1.15769,1.12,1.00
2017.09.19 14:47:35.169,1.15761,1.15772,1.12,1.00
2017.09.19 14:47:35.475,1.15762,1.15775,1.00,1.25
2017.09.19 14:47:35.629,1.15762,1.15773,1.00,1.00
2017.09.19 14:47:36.104,1.15764,1.15775,1.00,1.12
2017.09.19 14:47:36.964,1.15764,1.15775,1.00,1.44
2017.09.19 14:47:37.267,1.15765,1.15776,1.00,1.12
2017.09.19 14:47:37.320,1.15767,1.15777,1.00,3.19
2017.09.19 14:47:37.372,1.15764,1.15776,1.00,2.25
2017.09.19 14:47:38.935,1.15765,1.15776,1.00,1.12
2017.09.19 14:47:38.987,1.15762,1.15776,1.69,1.12
2017.09.19 14:47:39.295,1.15765,1.15778,1.00,4.12
2017.09.19 14:47:39.802,1.15765,1.15778,1.00,4.12
2017.09.19 14:47:40.347,1.15764,1.15778,1.12,3.37
2017.09.19 14:47:40.952,1.15764,1.15778,1.12,3.00
2017.09.19 14:47:41.473,1.15764,1.15778,1.12,3.37
2017.09.19 14:47:41.728,1.15759,1.15773,1.00,1.69
2017.09.19 14:47:42.326,1.15758,1.15773,1.00,1.87
2017.09.19 14:47:42.617,1.15757,1.15769,2.25,1.00
2017.09.19 14:47:43.238,1.15758,1.1577,1.87,1.00
2017.09.19 14:47:43.547,1.15763,1.1577,1.00,1.00
2017.09.19 14:47:44.067,1.15763,1.15771,1.00,1.00
2017.09.19 14:47:44.224,1.15762,1.15773,1.00,1.00
2017.09.19 14:47:44.277,1.15762,1.15771,1.00,1.00
2017.09.19 14:47:44.434,1.15758,1.15769,1.50,1.00
2017.09.19 14:47:44.589,1.15758,1.15771,1.19,1.50
2017.09.19 14:47:44.641,1.15758,1.15769,1.19,1.00
2017.09.19 14:47:44.746,1.15761,1.15772,1.00,1.00
2017.09.19 14:47:45.088,1.1576,1.1577,1.12,1.00
2017.09.19 14:47:45.394,1.15758,1.15768,1.25,1.00
2017.09.19 14:47:45.904,1.15757,1.15765,1.00,1.00
2017.09.19 14:47:45.963,1.15757,1.15769,1.12,1.00
2017.09.19 14:47:46.015,1.15759,1.15771,1.00,1.00
2017.09.19 14:47:46.373,1.1576,1.15768,1.00,1.12
2017.09.19 14:47:46.528,1.15753,1.15768,1.87,1.69
2017.09.19 14:47:47.033,1.15756,1.15767,1.25,1.00
2017.09.19 14:47:47.289,1.15761,1.15769,1.00,1.00
2017.09.19 14:47:47.340,1.15762,1.15771,1.00,1.50
2017.09.19 14:47:47.496,1.15761,1.15774,1.50,1.12
2017.09.19 14:47:47.700,1.15758,1.15771,2.44,1.00
2017.09.19 14:47:48.007,1.15763,1.15776,1.69,1.12
2017.09.19 14:47:48.411,1.15763,1.15776,2.25,1.00
2017.09.19 14:47:49.336,1.15762,1.15776,2.44,2.44
2017.09.19 14:47:49.387,1.15761,1.15774,2.25,1.00
2017.09.19 14:47:49.712,1.1576,1.15771,1.25,1.00
2017.09.19 14:47:50.086,1.15761,1.15774,1.19,1.87
2017.09.19 14:47:50.190,1.15764,1.15775,1.00,1.50
2017.09.19 14:47:50.719,1.15764,1.15775,1.00,1.00
2017.09.19 14:47:52.223,1.15763,1.15775,2.44,1.00
2017.09.19 14:47:52.539,1.15765,1.15776,1.00,1.00
2017.09.19 14:47:52.809,1.15763,1.15776,2.25,2.25
2017.09.19 14:47:53.353,1.15764,1.15775,1.00,1.00
2017.09.19 14:47:53.713,1.15763,1.15773,1.50,1.00
2017.09.19 14:47:53.954,1.1576,1.15771,1.00,1.00
2017.09.19 14:47:54.058,1.15761,1.15774,1.00,1.00
2017.09.19 14:47:54.568,1.1576,1.15773,1.12,1.00
2017.09.19 14:47:54.963,1.15764,1.15775,1.00,1.00
2017.09.19 14:47:55.067,1.15762,1.15774,1.00,1.00
2017.09.19 14:47:55.120,1.15762,1.15776,1.50,1.87
2017.09.19 14:47:55.171,1.15762,1.15774,1.00,1.00
2017.09.19 14:47:56.147,1.1576,1.15772,1.12,1.00
2017.09.19 14:47:57.206,1.15763,1.15776,1.00,1.00
2017.09.19 14:47:57.257,1.15766,1.15777,1.00,1.50
2017.09.19 14:47:57.618,1.15768,1.15777,1.00,1.00
2017.09.19 14:47:58.156,1.15767,1.15777,1.00,1.00
2017.09.19 14:47:58.847,1.15768,1.15777,1.00,1.00
2017.09.19 14:47:59.043,1.15768,1.1578,1.00,2.44
2017.09.19 14:48:00.182,1.15768,1.15781,1.00,3.19
2017.09.19 14:48:00.284,1.15765,1.1578,1.50,2.25
2017.09.19 14:48:00.642,1.15764,1.15778,1.87,1.00
2017.09.19 14:48:00.949,1.15767,1.15779,1.00,1.00
2017.09.19 14:48:01.717,1.15768,1.15779,1.00,1.00
2017.09.19 14:48:02.496,1.15767,1.15781,1.50,1.00
2017.09.19 14:48:02.973,1.15768,1.15779,1.00,1.00
2017.09.19 14:48:03.475,1.15767,1.1578,1.50,1.00
2017.09.19 14:48:03.950,1.15768,1.15778,1.00,1.00
2017.09.19 14:48:04.494,1.15768,1.15777,1.00,1.00
2017.09.19 14:48:05.013,1.15767,1.15777,1.00,1.00
2017.09.19 14:48:05.346,1.15767,1.15776,1.00,1.69
2017.09.19 14:48:05.551,1.1576,1.15772,1.00,1.00
2017.09.19 14:48:06.053,1.15761,1.15772,1.00,1.00
2017.09.19 14:48:06.555,1.1576,1.15772,1.00,1.00
2017.09.19 14:48:08.124,1.15763,1.15774,1.00,1.12
2017.09.19 14:48:08.956,1.15762,1.15774,1.00,1.00
2017.09.19 14:48:09.263,1.15764,1.15775,1.00,1.00
2017.09.19 14:48:09.648,1.15764,1.15773,1.00,1.00
2017.09.19 14:48:09.803,1.15761,1.15775,2.62,1.50
2017.09.19 14:48:11.036,1.15761,1.15774,3.56,1.00
2017.09.19 14:48:11.456,1.1576,1.15774,1.87,1.00
2017.09.19 14:48:11.958,1.1576,1.15773,1.87,1.00
2017.09.19 14:48:12.872,1.1576,1.15774,1.87,1.00
2017.09.19 14:48:14.603,1.1576,1.15774,2.25,1.00
2017.09.19 14:48:14.983,1.15767,1.15777,1.00,1.00
2017.09.19 14:48:16.048,1.15767,1.15776,1.00,1.00
2017.09.19 14:48:16.508,1.15767,1.15779,1.00,1.00
2017.09.19 14:48:16.560,1.15767,1.15777,1.00,1.00
2017.09.19 14:48:16.868,1.15764,1.15775,1.00,1.00
2017.09.19 14:48:17.319,1.15763,1.15777,1.50,1.50
2017.09.19 14:48:17.371,1.15765,1.15777,1.25,1.50
2017.09.19 14:48:17.677,1.15763,1.15775,1.37,1.00
2017.09.19 14:48:22.894,1.15764,1.15773,1.12,1.00
2017.09.19 14:48:26.747,1.15764,1.15772,1.12,1.00
2017.09.19 14:48:27.076,1.1576,1.15772,1.00,1.00
2017.09.19 14:48:27.401,1.15763,1.15772,1.00,1.00
2017.09.19 14:48:27.911,1.15763,1.15771,1.00,2.25
2017.09.19 14:48:28.010,1.1576,1.15771,1.00,2.25
2017.09.19 14:48:28.628,1.1576,1.1577,1.00,1.00
2017.09.19 14:48:29.108,1.1576,1.15772,1.50,2.25
2017.09.19 14:48:31.818,1.1576,1.15769,1.00,1.00
2017.09.19 14:48:31.920,1.15758,1.15769,1.00,1.00
2017.09.19 14:48:32.373,1.15754,1.15768,1.12,1.00
2017.09.19 14:48:33.517,1.1576,1.15772,1.00,1.37
2017.09.19 14:48:33.882,1.15757,1.1577,1.37,1.00
2017.09.19 14:48:34.713,1.15761,1.15771,1.00,1.00
2017.09.19 14:48:35.247,1.1576,1.15772,1.00,1.00
2017.09.19 14:48:35.755,1.1576,1.15773,1.00,1.00
2017.09.19 14:48:36.425,1.15761,1.15773,1.25,1.00
2017.09.19 14:48:36.959,1.1576,1.15775,1.25,1.37
2017.09.19 14:48:37.310,1.15765,1.15776,1.00,2.44
2017.09.19 14:48:38.594,1.15769,1.15775,1.00,1.37
2017.09.19 14:48:38.952,1.1577,1.15784,1.00,3.19
2017.09.19 14:48:39.733,1.1577,1.15779,1.00,1.00
2017.09.19 14:48:40.243,1.15771,1.15779,1.00,1.00
2017.09.19 14:48:40.747,1.1577,1.15779,1.00,1.00
2017.09.19 14:48:40.902,1.15768,1.15779,1.00,1.00
2017.09.19 14:48:41.428,1.15768,1.1578,1.00,1.00
2017.09.19 14:48:41.581,1.1577,1.1578,1.00,1.00
2017.09.19 14:48:41.765,1.15771,1.15782,1.00,2.06
2017.09.19 14:48:42.889,1.15772,1.15786,1.50,1.50
2017.09.19 14:48:42.941,1.15773,1.15786,1.00,1.50
2017.09.19 14:48:43.453,1.15773,1.15786,1.00,1.25
2017.09.19 14:48:44.361,1.15774,1.15786,1.00,1.00
2017.09.19 14:48:45.896,1.15773,1.15786,1.00,1.69
2017.09.19 14:48:46.443,1.15772,1.15786,1.12,1.00
2017.09.19 14:48:46.992,1.15773,1.15786,1.00,1.69
2017.09.19 14:48:47.519,1.15769,1.1578,1.75,1.00
2017.09.19 14:48:47.673,1.15769,1.15781,1.12,1.37
2017.09.19 14:48:50.111,1.15768,1.15781,1.00,1.44
2017.09.19 14:48:51.990,1.15769,1.15782,1.00,3.00
2017.09.19 14:48:52.346,1.15773,1.15786,1.00,2.81
2017.09.19 14:48:52.449,1.15772,1.15786,1.50,2.81
2017.09.19 14:48:52.808,1.15774,1.15787,1.00,1.54
2017.09.19 14:48:53.641,1.15774,1.15787,1.00,1.00
2017.09.19 14:48:53.954,1.1577,1.15781,1.00,1.00
2017.09.19 14:48:54.466,1.15768,1.1578,1.50,1.00
2017.09.19 14:48:54.782,1.15769,1.15782,1.12,1.00
2017.09.19 14:48:54.987,1.15769,1.15781,1.00,1.69
2017.09.19 14:48:56.497,1.15767,1.15781,1.00,3.37
2017.09.19 14:48:56.599,1.15767,1.15778,1.00,1.00
2017.09.19 14:48:56.651,1.15764,1.15778,1.50,1.50
2017.09.19 14:48:56.702,1.15767,1.1578,1.00,1.12
2017.09.19 14:48:57.008,1.15766,1.15778,1.00,1.00
2017.09.19 14:48:57.510,1.15767,1.15779,1.00,1.00
2017.09.19 14:48:58.323,1.15766,1.15779,1.00,1.00
2017.09.19 14:48:59.046,1.15767,1.15779,1.00,1.00
2017.09.19 14:48:59.564,1.15769,1.15782,1.00,3.56
2017.09.19 14:48:59.974,1.15768,1.15776,1.00,1.00
2017.09.19 14:49:00.179,1.15763,1.15777,1.25,1.50
2017.09.19 14:49:00.689,1.15762,1.15778,1.00,3.37
2017.09.19 14:49:02.046,1.15763,1.15777,1.00,1.00
2017.09.19 14:49:03.589,1.15765,1.15778,1.12,1.69
2017.09.19 14:49:04.093,1.15766,1.15778,1.00,1.62
2017.09.19 14:49:04.507,1.15765,1.15777,1.12,1.72
2017.09.19 14:49:04.560,1.15768,1.1578,1.00,1.44
2017.09.19 14:49:04.613,1.15768,1.15781,1.37,1.44
2017.09.19 14:49:05.095,1.15772,1.15783,1.00,1.25
2017.09.19 14:49:05.250,1.15771,1.15781,2.25,1.00
2017.09.19 14:49:05.784,1.15771,1.15784,1.75,2.81
2017.09.19 14:49:06.452,1.15771,1.15781,1.75,1.69
2017.09.19 14:49:06.609,1.15768,1.15779,2.25,1.50
2017.09.19 14:49:06.661,1.15771,1.15781,1.00,3.19
2017.09.19 14:49:06.978,1.15771,1.15779,1.50,1.00
2017.09.19 14:49:07.030,1.15774,1.15783,1.00,1.19
2017.09.19 14:49:07.082,1.15776,1.15784,1.00,1.25
2017.09.19 14:49:07.595,1.15774,1.15785,1.50,3.56
2017.09.19 14:49:08.119,1.15774,1.15785,1.50,3.37
2017.09.19 14:49:08.529,1.15775,1.15787,1.12,2.06
2017.09.19 14:49:08.581,1.15775,1.15784,1.12,1.00
2017.09.19 14:49:08.684,1.15775,1.15788,1.00,1.37
2017.09.19 14:49:08.889,1.15779,1.15789,1.00,1.19
2017.09.19 14:49:09.042,1.1578,1.15791,1.12,3.00
2017.09.19 14:49:09.967,1.15778,1.15786,1.50,1.00
2017.09.19 14:49:10.225,1.15774,1.15785,1.00,1.44
2017.09.19 14:49:10.327,1.15775,1.15786,1.00,1.31
2017.09.19 14:49:10.499,1.15774,1.15784,1.12,1.00
2017.09.19 14:49:10.961,1.15773,1.15782,1.50,1.00
2017.09.19 14:49:11.065,1.15772,1.15784,1.00,1.62
2017.09.19 14:49:11.117,1.15774,1.15786,1.00,1.25
2017.09.19 14:49:11.168,1.15777,1.15786,1.00,1.00
2017.09.19 14:49:11.719,1.15777,1.15788,1.00,2.06
2017.09.19 14:49:12.358,1.15776,1.15788,1.50,1.00
2017.09.19 14:49:12.866,1.15777,1.15788,1.00,1.12
2017.09.19 14:49:13.210,1.15779,1.15787,1.00,1.00
2017.09.19 14:49:13.364,1.1578,1.1579,1.00,1.05
2017.09.19 14:49:13.653,1.15782,1.15788,1.00,1.25
2017.09.19 14:49:13.705,1.15775,1.15787,1.37,1.87
2017.09.19 14:49:14.527,1.15777,1.15788,1.00,1.50
2017.09.19 14:49:14.578,1.15779,1.15788,1.00,1.00
2017.09.19 14:49:14.790,1.15778,1.1579,1.50,1.31
2017.09.19 14:49:15.892,1.1578,1.1579,1.00,1.87
2017.09.19 14:49:16.498,1.15779,1.15791,1.12,1.31
2017.09.19 14:49:17.366,1.15773,1.15787,2.62,1.25
2017.09.19 14:49:17.519,1.15773,1.15787,1.00,2.62
2017.09.19 14:49:18.287,1.15772,1.15787,1.50,1.69
2017.09.19 14:49:18.389,1.15773,1.15785,1.00,1.00
2017.09.19 14:49:18.907,1.15772,1.15788,1.00,3.56
2017.09.19 14:49:19.448,1.15773,1.15787,1.00,1.25
2017.09.19 14:49:20.222,1.15772,1.15786,1.00,1.69
2017.09.19 14:49:21.433,1.15772,1.15785,1.00,1.00
2017.09.19 14:49:21.947,1.15772,1.15786,1.00,1.12
2017.09.19 14:49:22.593,1.15772,1.15785,1.00,1.00
2017.09.19 14:49:23.684,1.15773,1.15787,1.00,2.62
2017.09.19 14:49:24.193,1.15773,1.15785,1.00,1.25
2017.09.19 14:49:25.208,1.15772,1.15784,1.00,1.25
2017.09.19 14:49:25.808,1.15772,1.15783,1.00,1.00
2017.09.19 14:49:26.349,1.15772,1.15784,1.00,1.25
2017.09.19 14:49:27.023,1.15773,1.15784,1.00,1.87
2017.09.19 14:49:27.655,1.15772,1.15784,1.00,1.69
2017.09.19 14:49:27.707,1.15772,1.15782,1.00,1.00
2017.09.19 14:49:27.914,1.15763,1.15775,1.12,1.25
2017.09.19 14:49:28.277,1.15763,1.15771,1.12,1.00
2017.09.19 14:49:28.329,1.15759,1.1577,2.62,1.00
2017.09.19 14:49:28.381,1.15759,1.15772,2.25,1.12
2017.09.19 14:49:28.614,1.15757,1.15768,1.87,1.00
2017.09.19 14:49:28.823,1.15758,1.15771,1.00,1.25
2017.09.19 14:49:28.926,1.15759,1.15775,1.87,2.44
2017.09.19 14:49:28.978,1.15759,1.15775,1.87,2.06
2017.09.19 14:49:29.945,1.15759,1.15771,1.37,1.00
2017.09.19 14:49:30.253,1.15766,1.15771,1.12,1.00
2017.09.19 14:49:30.356,1.15766,1.15779,1.12,1.00
2017.09.19 14:49:31.057,1.15767,1.15779,1.00,1.00
2017.09.19 14:49:31.109,1.15766,1.15781,2.62,1.31
2017.09.19 14:49:31.161,1.15766,1.15781,1.87,1.50
2017.09.19 14:49:32.266,1.15767,1.1578,1.00,1.62
2017.09.19 14:49:32.828,1.15766,1.1578,1.87,1.44
2017.09.19 14:49:33.135,1.15761,1.15776,1.87,1.50
2017.09.19 14:49:33.359,1.15762,1.15775,1.50,1.44
2017.09.19 14:49:33.882,1.15762,1.15775,1.00,1.25
2017.09.19 14:49:34.527,1.15763,1.15776,1.00,1.50
2017.09.19 14:49:35.463,1.15765,1.15778,2.44,1.69
2017.09.19 14:49:35.769,1.15766,1.15779,1.75,1.44
2017.09.19 14:49:36.135,1.15764,1.15776,1.75,1.00
2017.09.19 14:49:36.239,1.15764,1.15776,1.50,1.00
2017.09.19 14:49:36.394,1.15764,1.15779,1.69,2.62
2017.09.19 14:49:36.547,1.15765,1.15779,1.37,2.25
2017.09.19 14:49:36.854,1.15766,1.15774,1.50,1.25
2017.09.19 14:49:36.956,1.15765,1.15776,1.75,1.25
2017.09.19 14:49:37.109,1.15763,1.15776,1.12,1.25
2017.09.19 14:49:37.428,1.15763,1.15776,1.12,1.62
2017.09.19 14:49:38.180,1.15762,1.15775,1.50,1.00
2017.09.19 14:49:38.486,1.15763,1.15774,1.00,1.69
2017.09.19 14:49:39.014,1.15762,1.15774,1.37,1.87
2017.09.19 14:49:39.423,1.15762,1.15769,1.37,1.00
2017.09.19 14:49:39.576,1.15759,1.15768,1.37,1.00
2017.09.19 14:49:39.628,1.15759,1.15768,1.00,1.00
2017.09.19 14:49:40.612,1.15759,1.1577,1.00,2.25
2017.09.19 14:49:41.200,1.15758,1.15769,1.00,1.25
2017.09.19 14:49:41.645,1.15759,1.15771,1.00,1.69
2017.09.19 14:49:42.185,1.15759,1.15772,1.00,1.12
2017.09.19 14:49:42.288,1.15762,1.15774,1.00,1.69
2017.09.19 14:49:43.256,1.15761,1.15775,1.12,2.06
2017.09.19 14:49:44.173,1.15761,1.15771,1.12,1.00
2017.09.19 14:49:44.946,1.15761,1.15769,1.12,1.00
2017.09.19 14:49:45.456,1.15762,1.15769,1.00,1.00
2017.09.19 14:49:46.079,1.15761,1.15769,1.12,1.00
2017.09.19 14:49:46.590,1.15762,1.15769,1.00,1.00
2017.09.19 14:49:47.632,1.15762,1.1577,1.00,1.00
2017.09.19 14:49:47.999,1.15762,1.15767,1.00,1.00
2017.09.19 14:49:48.828,1.15761,1.15767,1.12,1.00
2017.09.19 14:49:48.958,1.15761,1.15769,1.12,1.00
2017.09.19 14:49:49.830,1.15759,1.15767,1.75,1.00
2017.09.19 14:49:50.085,1.15759,1.15768,1.31,1.00
2017.09.19 14:49:50.626,1.15757,1.15764,1.50,1.00
2017.09.19 14:49:50.680,1.15761,1.15768,1.00,1.50
2017.09.19 14:49:50.887,1.15758,1.15767,1.37,1.00
2017.09.19 14:49:50.938,1.15758,1.15765,1.37,1.00
2017.09.19 14:49:55.292,1.1576,1.15764,1.00,1.00
2017.09.19 14:49:55.596,1.1576,1.15766,1.00,1.00
2017.09.19 14:49:56.211,1.15756,1.15764,3.00,1.00
2017.09.19 14:49:58.007,1.15762,1.15768,1.00,1.00
2017.09.19 14:49:58.520,1.15762,1.15769,1.00,1.00
2017.09.19 14:49:59.089,1.15763,1.15769,1.00,1.00
2017.09.19 14:50:00.103,1.15762,1.15769,1.12,1.00
2017.09.19 14:50:00.676,1.15763,1.15769,1.00,1.00
2017.09.19 14:50:01.186,1.15762,1.15769,1.12,1.00
2017.09.19 14:50:01.774,1.15763,1.15769,1.00,1.00
2017.09.19 14:50:03.760,1.15762,1.15769,1.12,1.00
2017.09.19 14:50:04.236,1.15763,1.15767,1.00,1.00
2017.09.19 14:50:04.776,1.15758,1.15767,1.50,1.00
2017.09.19 14:50:05.410,1.15758,1.15766,1.50,1.00
2017.09.19 14:50:06.063,1.15761,1.15766,1.00,1.00
2017.09.19 14:50:06.571,1.15763,1.15767,1.00,1.00
2017.09.19 14:50:06.623,1.15764,1.15769,1.00,1.00
2017.09.19 14:50:07.143,1.15764,1.15769,1.50,1.00
2017.09.19 14:50:07.255,1.15763,1.15771,1.75,1.00
2017.09.19 14:50:07.461,1.15763,1.15769,1.37,1.00
2017.09.19 14:50:07.739,1.15763,1.15771,1.00,1.00
2017.09.19 14:50:08.274,1.15764,1.15769,1.00,1.00
2017.09.19 14:50:08.800,1.15764,1.1577,1.12,1.00
2017.09.19 14:50:10.038,1.15763,1.15769,1.50,1.00
2017.09.19 14:50:11.157,1.15763,1.15771,1.50,1.00
2017.09.19 14:50:11.210,1.15764,1.15768,1.12,1.00
2017.09.19 14:50:11.814,1.15763,1.15768,1.00,1.00
2017.09.19 14:50:12.345,1.15763,1.15769,1.37,1.00
2017.09.19 14:50:12.397,1.15764,1.15771,1.12,1.00
2017.09.19 14:50:12.449,1.15766,1.15773,1.00,1.00
2017.09.19 14:50:12.756,1.15767,1.15771,1.00,1.00
2017.09.19 14:50:13.227,1.15763,1.15768,1.37,1.00
2017.09.19 14:50:15.342,1.15762,1.15767,1.50,1.00
2017.09.19 14:50:15.496,1.15761,1.15765,1.00,1.00
2017.09.19 14:50:15.601,1.15761,1.15767,1.00,1.00
2017.09.19 14:50:16.179,1.1576,1.15768,1.00,1.00
2017.09.19 14:50:16.823,1.15761,1.1577,1.00,1.50
2017.09.19 14:50:17.333,1.15761,1.15771,1.37,1.00
2017.09.19 14:50:17.916,1.1576,1.1577,1.50,1.00
2017.09.19 14:50:19.097,1.15761,1.15771,1.37,1.00
2017.09.19 14:50:19.687,1.15761,1.15769,1.37,1.00
2017.09.19 14:50:20.624,1.1576,1.15767,1.50,1.00
2017.09.19 14:50:20.756,1.15758,1.15769,1.50,1.00
2017.09.19 14:50:20.835,1.15761,1.15772,1.00,1.00
2017.09.19 14:50:20.988,1.15763,1.15775,1.12,1.12
2017.09.19 14:50:21.091,1.15762,1.15773,1.00,1.00
2017.09.19 14:50:21.408,1.15765,1.15773,1.00,1.00
2017.09.19 14:50:21.732,1.15761,1.15771,2.25,1.00
2017.09.19 14:50:22.040,1.15755,1.15763,1.37,1.00
2017.09.19 14:50:22.091,1.15752,1.15762,2.25,1.00
2017.09.19 14:50:22.535,1.15754,1.15764,1.00,1.00
2017.09.19 14:50:23.052,1.15754,1.15765,1.50,1.00
2017.09.19 14:50:23.259,1.1576,1.15768,1.00,1.00
2017.09.19 14:50:23.569,1.15757,1.15766,1.37,1.00
2017.09.19 14:50:23.621,1.15757,1.15766,1.00,1.00
2017.09.19 14:50:23.976,1.15758,1.15764,1.00,1.00
2017.09.19 14:50:24.301,1.15757,1.15767,1.00,1.00
2017.09.19 14:50:24.352,1.1576,1.15769,1.00,1.00
2017.09.19 14:50:24.875,1.15761,1.15769,1.00,1.00
2017.09.19 14:50:25.739,1.15761,1.1577,1.00,1.00
2017.09.19 14:50:25.790,1.15761,1.15772,1.00,1.00
2017.09.19 14:50:26.226,1.1576,1.1577,1.12,1.00
2017.09.19 14:50:26.796,1.1576,1.15771,1.12,1.00
2017.09.19 14:50:27.103,1.15757,1.15767,1.75,1.00
2017.09.19 14:50:27.205,1.15757,1.15768,1.12,1.00
2017.09.19 14:50:27.257,1.15758,1.15765,1.00,1.00
2017.09.19 14:50:27.410,1.15758,1.15767,1.00,1.00
2017.09.19 14:50:27.709,1.15758,1.15765,1.00,1.00
2017.09.19 14:50:27.760,1.15761,1.15769,1.00,1.00
2017.09.19 14:50:27.812,1.15764,1.15769,1.00,1.00
2017.09.19 14:50:27.967,1.15764,1.15771,1.00,1.00
2017.09.19 14:50:28.019,1.15763,1.15773,1.00,1.00
2017.09.19 14:50:28.121,1.15762,1.15771,1.00,1.00
2017.09.19 14:50:28.748,1.15762,1.15772,1.00,1.00
2017.09.19 14:50:29.250,1.15761,1.15773,1.12,1.25
2017.09.19 14:50:29.834,1.15762,1.15775,1.00,1.62
2017.09.19 14:50:30.141,1.15761,1.15772,2.25,1.00
2017.09.19 14:50:31.434,1.15762,1.15772,1.00,1.12
2017.09.19 14:50:31.485,1.1576,1.15772,1.00,1.69
2017.09.19 14:50:31.537,1.1576,1.15769,1.00,1.00
2017.09.19 14:50:32.040,1.15759,1.15769,1.00,1.35
2017.09.19 14:50:32.593,1.15758,1.15769,1.12,1.35
2017.09.19 14:50:33.982,1.15759,1.15769,1.00,1.05
2017.09.19 14:50:34.517,1.15758,1.1577,1.12,1.85
2017.09.19 14:50:36.602,1.15759,1.1577,1.00,1.60
2017.09.19 14:50:37.135,1.15761,1.15772,1.00,1.25
2017.09.19 14:50:37.238,1.15759,1.1577,1.00,1.00
2017.09.19 14:50:37.659,1.15757,1.15768,1.12,1.00
2017.09.19 14:50:38.170,1.15758,1.15769,1.00,2.06
2017.09.19 14:50:38.711,1.15757,1.15769,1.12,2.06
2017.09.19 14:50:39.222,1.15758,1.15768,1.00,1.12
2017.09.19 14:50:39.766,1.15757,1.15768,1.12,1.25
2017.09.19 14:50:40.284,1.15755,1.15767,1.87,1.25
2017.09.19 14:50:40.336,1.15755,1.15767,1.50,1.25
2017.09.19 14:50:40.491,1.15756,1.15769,1.00,1.25
2017.09.19 14:50:41.031,1.15756,1.1577,1.00,1.87
2017.09.19 14:50:41.603,1.15755,1.1577,1.12,1.50
2017.09.19 14:50:43.104,1.15754,1.15764,1.37,1.00
2017.09.19 14:50:46.042,1.15754,1.15767,1.37,1.00
2017.09.19 14:50:46.256,1.15753,1.15765,1.50,1.25
2017.09.19 14:50:46.565,1.15753,1.15762,1.00,1.00
2017.09.19 14:50:46.994,1.15754,1.15765,1.00,1.69
2017.09.19 14:50:47.148,1.15753,1.15767,1.00,1.50
2017.09.19 14:50:47.649,1.15753,1.15766,1.00,1.00
2017.09.19 14:50:47.753,1.15754,1.15763,1.00,1.00
2017.09.19 14:50:48.467,1.15753,1.15762,1.00,1.00
2017.09.19 14:50:48.571,1.15755,1.15765,1.00,1.00
2017.09.19 14:50:48.931,1.15751,1.15763,3.00,1.00
2017.09.19 14:50:49.175,1.15751,1.15763,1.87,1.00
2017.09.19 14:50:49.629,1.15755,1.15764,1.00,1.00
2017.09.19 14:50:49.681,1.15755,1.15767,1.00,2.62
2017.09.19 14:50:51.311,1.15755,1.15766,1.12,1.50
2017.09.19 14:50:52.010,1.15755,1.15763,1.12,1.00
2017.09.19 14:50:52.533,1.15753,1.15764,1.75,1.00
2017.09.19 14:50:53.081,1.15753,1.15766,1.50,2.25
2017.09.19 14:50:53.184,1.15757,1.15766,1.00,2.25
2017.09.19 14:50:54.041,1.15756,1.15766,1.00,1.50
2017.09.19 14:50:54.450,1.15759,1.15768,1.00,1.00
2017.09.19 14:50:54.768,1.15756,1.15764,1.00,1.00
2017.09.19 14:50:54.871,1.15753,1.15764,1.00,1.00
2017.09.19 14:50:55.242,1.15757,1.15764,1.00,1.00
2017.09.19 14:50:55.674,1.15753,1.15762,1.75,1.00
2017.09.19 14:50:55.776,1.15753,1.15762,1.12,1.00
2017.09.19 14:50:58.455,1.15751,1.1576,1.75,1.00
2017.09.19 14:50:58.917,1.15751,1.1576,2.25,1.00
2017.09.19 14:50:59.435,1.15752,1.1576,1.00,1.00
2017.09.19 14:50:59.798,1.15753,1.15761,1.50,1.00
2017.09.19 14:51:00.055,1.15754,1.15763,1.12,2.25
2017.09.19 14:51:00.569,1.15754,1.15762,1.12,1.50
2017.09.19 14:51:01.249,1.15754,1.15764,1.12,1.25
2017.09.19 14:51:02.245,1.15752,1.1576,1.75,1.00
2017.09.19 14:51:02.349,1.15752,1.15762,1.75,1.25
2017.09.19 14:51:02.401,1.15752,1.15762,1.00,1.25
2017.09.19 14:51:02.838,1.15752,1.15758,1.00,1.00
2017.09.19 14:51:03.657,1.15751,1.15758,1.12,1.00
2017.09.19 14:51:04.039,1.15748,1.15758,1.00,1.00
2017.09.19 14:51:04.191,1.15748,1.1576,1.00,1.12
2017.09.19 14:51:04.346,1.15748,1.15762,1.50,3.37
2017.09.19 14:51:04.811,1.15751,1.15761,1.00,1.00
2017.09.19 14:51:05.341,1.1575,1.15759,1.00,1.00
2017.09.19 14:51:05.444,1.1575,1.15762,1.00,1.00
2017.09.19 14:51:05.496,1.15751,1.1576,1.00,1.00
2017.09.19 14:51:05.548,1.15748,1.15761,1.00,1.25
2017.09.19 14:51:06.162,1.15749,1.15761,1.00,1.25
2017.09.19 14:51:06.317,1.15748,1.15759,1.00,2.44
2017.09.19 14:51:06.526,1.15745,1.15758,1.00,1.25
2017.09.19 14:51:06.935,1.15746,1.15761,1.12,4.12
2017.09.19 14:51:07.038,1.15747,1.15758,1.00,1.50
2017.09.19 14:51:07.346,1.15749,1.15759,1.12,1.50
2017.09.19 14:51:07.965,1.15747,1.15758,1.50,1.50
2017.09.19 14:51:08.068,1.15746,1.15762,3.00,2.44
2017.09.19 14:51:08.273,1.15746,1.15759,2.25,1.50
2017.09.19 14:51:08.613,1.15748,1.15756,1.37,1.00
2017.09.19 14:51:08.922,1.15743,1.15753,1.75,1.00
2017.09.19 14:51:09.025,1.15743,1.15754,1.00,1.00
2017.09.19 14:51:09.819,1.15743,1.15753,1.00,1.00
2017.09.19 14:51:10.373,1.15743,1.15751,1.00,1.00
2017.09.19 14:51:10.942,1.15743,1.15753,1.00,1.00
2017.09.19 14:51:11.452,1.15743,1.15754,1.00,1.00
2017.09.19 14:51:11.503,1.15745,1.15755,1.00,1.50
2017.09.19 14:51:11.970,1.15748,1.15756,1.00,2.25
2017.09.19 14:51:12.542,1.15747,1.15755,1.00,1.50
2017.09.19 14:51:13.298,1.15748,1.15755,1.00,1.50
2017.09.19 14:51:13.618,1.15742,1.15754,1.37,1.00
2017.09.19 14:51:13.671,1.15742,1.1575,1.00,1.00
2017.09.19 14:51:13.962,1.15741,1.15753,1.00,1.00
2017.09.19 14:51:14.014,1.15742,1.1575,1.00,1.00
2017.09.19 14:51:14.067,1.15738,1.1575,1.50,1.00
2017.09.19 14:51:14.377,1.1574,1.15753,1.00,1.00
2017.09.19 14:51:15.381,1.1574,1.15754,1.00,2.47
2017.09.19 14:51:15.909,1.15741,1.15753,1.12,1.00
2017.09.19 14:51:16.422,1.15742,1.15753,1.00,3.75
2017.09.19 14:51:16.764,1.15742,1.1575,1.00,1.00
2017.09.19 14:51:17.325,1.15741,1.1575,1.12,1.00
2017.09.19 14:51:18.509,1.15742,1.1575,1.00,1.00
2017.09.19 14:51:18.611,1.15742,1.15752,1.00,1.69
2017.09.19 14:51:19.131,1.15741,1.15755,1.12,2.81
2017.09.19 14:51:20.465,1.15744,1.15755,1.00,1.69
2017.09.19 14:51:20.724,1.15744,1.15756,1.12,1.50
2017.09.19 14:51:21.252,1.15744,1.15755,1.12,1.50
2017.09.19 14:51:21.762,1.15745,1.15755,1.00,1.50
2017.09.19 14:51:21.918,1.15744,1.15758,1.50,2.62
2017.09.19 14:51:22.223,1.15744,1.15755,1.87,1.50
2017.09.19 14:51:23.011,1.15744,1.15756,1.87,1.50
2017.09.19 14:51:23.663,1.15744,1.15755,1.87,1.50
2017.09.19 14:51:24.024,1.15742,1.15753,2.25,1.50
2017.09.19 14:51:24.571,1.15744,1.15753,1.00,1.50
2017.09.19 14:51:25.289,1.15745,1.15753,1.00,1.50
2017.09.19 14:51:25.825,1.15744,1.15752,1.50,1.50
2017.09.19 14:51:26.184,1.15741,1.15752,1.37,1.50
2017.09.19 14:51:29.139,1.15742,1.15755,1.00,2.44
2017.09.19 14:51:29.702,1.15742,1.15755,1.00,2.44
2017.09.19 14:51:30.214,1.15743,1.15755,1.12,1.69
2017.09.19 14:51:30.685,1.15747,1.15755,1.00,1.50
2017.09.19 14:51:30.736,1.15747,1.15758,1.00,2.06
2017.09.19 14:51:31.959,1.15749,1.15758,1.00,1.87
2017.09.19 14:51:32.113,1.15749,1.15761,1.00,1.69
2017.09.19 14:51:32.216,1.15747,1.15758,1.00,1.50
2017.09.19 14:51:32.747,1.15746,1.15759,1.50,1.69
2017.09.19 14:51:33.058,1.15748,1.15759,1.00,1.50
2017.09.19 14:51:33.476,1.15746,1.15759,1.00,2.25
2017.09.19 14:51:34.043,1.15746,1.15758,1.00,1.50
2017.09.19 14:51:34.753,1.15747,1.15758,1.00,1.50
2017.09.19 14:51:35.059,1.1575,1.15761,1.50,1.69
2017.09.19 14:51:35.605,1.1575,1.15762,1.00,1.50
2017.09.19 14:51:36.125,1.15751,1.15761,1.00,1.50
2017.09.19 14:51:36.479,1.15751,1.15764,1.00,2.62
2017.09.19 14:51:36.634,1.1575,1.15761,1.00,1.00
2017.09.19 14:51:37.397,1.15749,1.15761,1.12,1.00
2017.09.19 14:51:38.196,1.15749,1.1576,1.87,1.00
2017.09.19 14:51:39.079,1.15749,1.15761,1.87,1.69
2017.09.19 14:51:39.389,1.15752,1.15761,1.37,1.50
2017.09.19 14:51:39.987,1.15752,1.15762,1.37,1.50
2017.09.19 14:51:42.194,1.15753,1.15761,1.87,1.50
2017.09.19 14:51:42.499,1.15754,1.15765,1.00,1.69
2017.09.19 14:51:43.110,1.15755,1.15766,1.00,1.50
2017.09.19 14:51:43.574,1.15759,1.1577,1.00,1.69
2017.09.19 14:51:43.922,1.15757,1.15768,1.00,1.50
2017.09.19 14:51:45.168,1.15758,1.15769,1.00,2.06
2017.09.19 14:51:45.808,1.15757,1.15769,1.50,1.69
2017.09.19 14:51:46.543,1.15758,1.15769,1.00,1.50
2017.09.19 14:51:47.045,1.15758,1.15768,1.00,1.50
2017.09.19 14:51:47.428,1.15756,1.15768,1.00,1.25
2017.09.19 14:51:47.980,1.15755,1.15768,1.87,1.25
2017.09.19 14:51:48.456,1.15753,1.15764,1.75,1.00
2017.09.19 14:51:48.509,1.15753,1.15764,1.00,1.00
2017.09.19 14:51:48.561,1.15756,1.15768,1.50,1.69
2017.09.19 14:51:49.180,1.15756,1.15768,1.50,1.00
2017.09.19 14:51:49.538,1.15758,1.15768,1.00,1.50
2017.09.19 14:51:49.868,1.15761,1.15768,1.00,1.50
2017.09.19 14:51:50.167,1.15759,1.15768,1.00,1.50
2017.09.19 14:51:50.219,1.15757,1.15769,1.12,2.44
2017.09.19 14:51:50.568,1.15755,1.15767,1.37,1.00
2017.09.19 14:51:50.886,1.15749,1.15762,1.37,1.25
2017.09.19 14:51:50.938,1.15749,1.15762,1.00,1.25
2017.09.19 14:51:51.915,1.15748,1.15762,1.12,1.54
2017.09.19 14:51:52.060,1.15742,1.15755,3.19,1.00
2017.09.19 14:51:52.111,1.15741,1.15755,3.94,1.00
2017.09.19 14:51:52.615,1.15744,1.15757,1.12,1.25
2017.09.19 14:51:53.813,1.15744,1.15755,1.12,1.00
2017.09.19 14:51:54.373,1.15745,1.15755,1.00,1.00
2017.09.19 14:51:54.801,1.15747,1.15757,1.00,1.25
2017.09.19 14:51:55.317,1.15748,1.15756,1.00,1.00
2017.09.19 14:51:56.313,1.15747,1.15756,1.12,1.00
2017.09.19 14:51:57.619,1.15752,1.1576,1.00,1.00
2017.09.19 14:51:57.672,1.1575,1.1576,1.00,1.00
2017.09.19 14:51:58.658,1.1575,1.15759,1.12,1.00
2017.09.19 14:51:59.182,1.1575,1.15758,1.12,1.00
2017.09.19 14:51:59.539,1.1575,1.1576,1.12,2.25
2017.09.19 14:51:59.691,1.15749,1.15762,1.37,1.00
2017.09.19 14:51:59.998,1.15753,1.15762,1.00,1.00
2017.09.19 14:52:00.510,1.15752,1.1576,1.50,1.00
2017.09.19 14:52:01.037,1.15752,1.15761,1.50,1.00
2017.09.19 14:52:01.345,1.15752,1.15758,1.50,1.00
2017.09.19 14:52:02.236,1.15753,1.15758,1.00,1.00
2017.09.19 14:52:04.954,1.15753,1.15759,1.00,1.00
2017.09.19 14:52:05.922,1.15752,1.15759,1.50,1.00
2017.09.19 14:52:06.075,1.15752,1.15761,1.50,1.00
2017.09.19 14:52:06.470,1.15752,1.15764,2.44,1.00
2017.09.19 14:52:06.524,1.15757,1.15765,1.00,1.50
2017.09.19 14:52:06.634,1.15757,1.15767,1.50,1.50
2017.09.19 14:52:07.103,1.15758,1.15769,1.00,1.00
2017.09.19 14:52:07.205,1.1576,1.1577,1.00,2.25
2017.09.19 14:52:07.562,1.15759,1.15768,1.37,1.00
2017.09.19 14:52:08.094,1.1576,1.15769,1.12,1.00
2017.09.19 14:52:08.375,1.15756,1.15766,1.00,1.00
2017.09.19 14:52:08.478,1.15751,1.15765,1.12,1.87
2017.09.19 14:52:08.985,1.15754,1.15765,1.00,1.12
2017.09.19 14:52:09.293,1.15752,1.15765,1.50,1.00
2017.09.19 14:52:09.834,1.15753,1.15765,1.00,1.00
2017.09.19 14:52:10.549,1.15752,1.15764,1.00,1.50
2017.09.19 14:52:11.103,1.15753,1.15764,1.00,1.50
2017.09.19 14:52:11.643,1.15752,1.15764,1.00,1.50
2017.09.19 14:52:11.996,1.15754,1.15767,1.25,1.12
2017.09.19 14:52:13.735,1.15757,1.15769,1.00,2.00
2017.09.19 14:52:13.888,1.15757,1.15771,1.00,2.66
2017.09.19 14:52:14.428,1.15758,1.15771,1.00,2.25
2017.09.19 14:52:14.941,1.15756,1.15769,1.00,1.00
2017.09.19 14:52:15.251,1.15756,1.15767,1.00,1.00
2017.09.19 14:52:15.398,1.15757,1.1577,1.00,2.66
2017.09.19 14:52:15.966,1.1576,1.15771,1.00,1.50
2017.09.19 14:52:16.666,1.15761,1.15772,1.00,1.50
2017.09.19 14:52:17.210,1.15761,1.15771,1.00,1.50
2017.09.19 14:52:17.768,1.15759,1.15771,2.06,1.50
2017.09.19 14:52:18.038,1.15761,1.15771,1.00,1.50
2017.09.19 14:52:18.089,1.15763,1.15775,1.50,1.50
2017.09.19 14:52:18.614,1.15763,1.15776,1.87,1.50
2017.09.19 14:52:19.174,1.15763,1.15775,1.12,1.00
2017.09.19 14:52:19.712,1.15764,1.15775,1.00,1.50
2017.09.19 14:52:20.224,1.15763,1.15773,1.12,1.00
2017.09.19 14:52:20.457,1.15763,1.15775,1.12,2.25
2017.09.19 14:52:21.076,1.15764,1.15775,1.00,2.25
2017.09.19 14:52:23.368,1.15764,1.15774,1.00,1.00
2017.09.19 14:52:24.204,1.15764,1.15775,1.00,1.00
2017.09.19 14:52:24.933,1.15763,1.15775,1.87,1.00
2017.09.19 14:52:25.393,1.15764,1.15778,1.69,2.25
2017.09.19 14:52:25.446,1.15766,1.15778,1.50,1.50
2017.09.19 14:52:25.862,1.15763,1.15776,1.37,1.50
2017.09.19 14:52:25.915,1.15764,1.15776,1.00,1.69
2017.09.19 14:52:26.072,1.15768,1.15778,1.00,1.00
2017.09.19 14:52:26.125,1.15766,1.15779,1.00,2.62
2017.09.19 14:52:26.177,1.1577,1.1578,1.00,1.50
2017.09.19 14:52:26.229,1.15768,1.1578,2.25,1.37
2017.09.19 14:52:26.281,1.15769,1.15776,1.00,1.00
2017.09.19 14:52:26.332,1.15768,1.15778,3.00,1.00
2017.09.19 14:52:26.384,1.15768,1.15776,3.00,1.00
2017.09.19 14:52:26.662,1.15768,1.15774,1.00,1.00
2017.09.19 14:52:27.186,1.15769,1.15774,1.00,1.00
2017.09.19 14:52:28.377,1.15769,1.15779,1.00,1.87
2017.09.19 14:52:28.962,1.15768,1.15779,1.00,1.87
2017.09.19 14:52:29.013,1.15764,1.15779,2.25,3.19
2017.09.19 14:52:29.522,1.15765,1.15778,1.50,1.87
2017.09.19 14:52:30.274,1.15765,1.15775,1.50,1.00
2017.09.19 14:52:31.039,1.15765,1.15777,1.50,1.00
2017.09.19 14:52:31.091,1.15765,1.15775,1.50,1.00
2017.09.19 14:52:31.296,1.15763,1.15774,1.00,1.00
2017.09.19 14:52:31.348,1.15761,1.15774,2.44,1.00
2017.09.19 14:52:31.400,1.15763,1.15774,1.00,1.00
2017.09.19 14:52:31.451,1.15763,1.15776,1.00,3.00
2017.09.19 14:52:31.932,1.15761,1.1577,1.00,1.00
2017.09.19 14:52:32.088,1.15758,1.1577,1.50,1.00
2017.09.19 14:52:32.635,1.15759,1.15769,1.12,1.00
2017.09.19 14:52:32.890,1.15755,1.15769,1.50,1.00
2017.09.19 14:52:33.400,1.15756,1.15768,1.00,1.00
2017.09.19 14:52:33.949,1.15755,1.15768,1.87,1.00
2017.09.19 14:52:34.103,1.15755,1.15766,1.12,1.00
2017.09.19 14:52:34.491,1.15759,1.15768,1.87,1.00
2017.09.19 14:52:34.657,1.15761,1.15772,1.00,1.50
2017.09.19 14:52:35.178,1.15761,1.1577,1.50,1.00
2017.09.19 14:52:35.649,1.15762,1.15772,1.00,1.50
2017.09.19 14:52:36.113,1.15761,1.15775,1.50,2.25
2017.09.19 14:52:37.020,1.15763,1.1577,1.00,1.00
2017.09.19 14:52:37.527,1.15762,1.1577,1.00,1.00
2017.09.19 14:52:37.827,1.15763,1.15774,1.00,1.00
2017.09.19 14:52:37.930,1.15765,1.15776,1.00,1.00
2017.09.19 14:52:38.238,1.15765,1.15778,1.50,1.00
2017.09.19 14:52:38.602,1.15765,1.15775,1.50,1.00
2017.09.19 14:52:38.704,1.15764,1.15773,1.00,1.00
2017.09.19 14:52:39.226,1.15764,1.15775,1.00,1.00
2017.09.19 14:52:39.779,1.15764,1.15774,1.00,1.00
2017.09.19 14:52:40.063,1.15765,1.15772,1.00,1.00
2017.09.19 14:52:40.912,1.15765,1.15771,1.00,1.00
2017.09.19 14:52:41.066,1.15765,1.15776,1.00,1.25
2017.09.19 14:52:41.119,1.15765,1.15778,1.00,2.44
2017.09.19 14:52:41.171,1.15769,1.15778,1.00,1.25
2017.09.19 14:52:41.484,1.15771,1.15778,1.00,1.50
2017.09.19 14:52:42.042,1.15771,1.15779,1.00,2.25
2017.09.19 14:52:42.592,1.15771,1.15778,1.00,1.50
2017.09.19 14:52:42.951,1.15765,1.15775,4.12,1.00
2017.09.19 14:52:43.003,1.15765,1.15775,2.25,1.00
2017.09.19 14:52:43.513,1.15766,1.15776,1.50,1.00
2017.09.19 14:52:44.326,1.15766,1.1578,1.50,1.87
2017.09.19 14:52:45.099,1.15766,1.15781,1.69,1.25
2017.09.19 14:52:45.647,1.15768,1.15781,1.50,1.50
2017.09.19 14:52:46.531,1.15769,1.15785,1.00,4.12
2017.09.19 14:52:46.583,1.15773,1.15786,1.00,1.75
2017.09.19 14:52:46.737,1.15775,1.15787,1.00,1.00
2017.09.19 14:52:47.049,1.15778,1.1579,1.00,1.12
2017.09.19 14:52:47.359,1.15778,1.15791,1.37,1.81
2017.09.19 14:52:47.411,1.15778,1.15792,1.12,3.60
2017.09.19 14:52:47.974,1.15779,1.1579,1.00,2.25
2017.09.19 14:52:48.028,1.15774,1.15786,1.75,1.00
2017.09.19 14:52:48.131,1.15774,1.15786,1.00,1.00
2017.09.19 14:52:48.918,1.15774,1.15784,1.50,1.00
2017.09.19 14:52:49.259,1.15778,1.15787,1.00,1.00
2017.09.19 14:52:49.797,1.15777,1.15788,1.50,1.00
2017.09.19 14:52:50.104,1.15774,1.15784,1.75,1.00
2017.09.19 14:52:50.304,1.15774,1.15784,1.00,1.00
2017.09.19 14:52:51.053,1.15773,1.15784,1.50,1.00
2017.09.19 14:52:51.541,1.15774,1.15782,1.00,1.00
2017.09.19 14:52:51.799,1.15772,1.15781,1.00,1.00
2017.09.19 14:52:53.093,1.15772,1.15783,1.00,1.00
2017.09.19 14:52:53.749,1.15772,1.15784,1.50,1.00
2017.09.19 14:52:54.281,1.15772,1.15785,1.00,1.00
2017.09.19 14:52:54.435,1.15772,1.15782,1.00,1.00
2017.09.19 14:52:54.835,1.1577,1.15782,1.00,1.00
2017.09.19 14:52:54.989,1.15766,1.1578,2.70,1.00
2017.09.19 14:52:55.091,1.15767,1.15779,1.12,1.00
2017.09.19 14:52:55.394,1.15768,1.15781,1.00,1.12
2017.09.19 14:52:55.780,1.15766,1.15778,1.00,1.00
2017.09.19 14:52:55.934,1.15767,1.15781,1.25,1.12
2017.09.19 14:52:56.473,1.15768,1.15781,1.00,1.00
2017.09.19 14:52:57.003,1.15769,1.15781,1.25,1.00
2017.09.19 14:52:57.661,1.15768,1.15782,1.12,1.00
2017.09.19 14:52:57.919,1.15768,1.15779,1.12,1.00
2017.09.19 14:52:58.626,1.15767,1.15779,1.00,1.00
2017.09.19 14:52:58.989,1.15767,1.15781,1.25,1.00
2017.09.19 14:52:59.641,1.15768,1.15781,1.00,1.00
2017.09.19 14:53:00.068,1.15766,1.15781,1.25,1.00
2017.09.19 14:53:01.506,1.15766,1.15781,1.12,1.37
2017.09.19 14:53:01.560,1.15764,1.15777,1.00,1.00
2017.09.19 14:53:01.875,1.15767,1.15778,1.25,1.00
2017.09.19 14:53:01.927,1.15764,1.15777,1.00,1.00
2017.09.19 14:53:02.476,1.15762,1.15774,1.19,1.00
2017.09.19 14:53:02.993,1.15762,1.15775,1.19,1.00
2017.09.19 14:53:03.521,1.15762,1.15774,1.25,1.00
2017.09.19 14:53:03.906,1.15765,1.15776,1.25,1.00
2017.09.19 14:53:04.113,1.15768,1.1578,1.25,1.12
2017.09.19 14:53:04.331,1.15765,1.1578,1.12,1.00
2017.09.19 14:53:04.383,1.15766,1.15777,1.00,1.00
2017.09.19 14:53:04.913,1.15765,1.15778,1.25,1.50
2017.09.19 14:53:05.451,1.15763,1.15775,1.37,1.00
2017.09.19 14:53:05.808,1.15763,1.15778,1.00,1.12
2017.09.19 14:53:05.859,1.15763,1.15776,1.19,1.00
2017.09.19 14:53:06.375,1.15763,1.15776,1.19,1.50
2017.09.19 14:53:06.724,1.15762,1.15776,1.12,1.50
2017.09.19 14:53:07.676,1.15762,1.15776,1.25,1.12
2017.09.19 14:53:08.100,1.15761,1.15773,1.19,1.00
2017.09.19 14:53:08.612,1.15761,1.15772,1.37,1.00
2017.09.19 14:53:08.728,1.15761,1.15776,1.37,2.06
2017.09.19 14:53:09.236,1.15764,1.15776,1.00,1.00
2017.09.19 14:53:09.549,1.15766,1.15778,1.25,1.37
2017.09.19 14:53:09.601,1.15765,1.1578,1.19,1.50
2017.09.19 14:53:09.704,1.15764,1.15776,1.19,1.00
2017.09.19 14:53:09.840,1.1576,1.15775,2.06,1.12
2017.09.19 14:53:09.892,1.15759,1.15774,1.12,1.12
2017.09.19 14:53:10.253,1.15763,1.15776,1.00,1.75
2017.09.19 14:53:10.407,1.15762,1.15776,1.00,1.00
2017.09.19 14:53:11.033,1.15762,1.15779,1.00,1.19
2017.09.19 14:53:11.951,1.15761,1.15774,1.69,1.00
2017.09.19 14:53:12.474,1.15761,1.15776,1.00,1.00
2017.09.19 14:53:13.014,1.15761,1.15775,1.19,1.00
2017.09.19 14:53:13.449,1.15763,1.15777,1.25,1.00
2017.09.19 14:53:13.502,1.1576,1.15773,1.19,1.00
2017.09.19 14:53:14.023,1.15763,1.15773,1.00,1.00
2017.09.19 14:53:14.126,1.15761,1.15776,1.25,1.37
2017.09.19 14:53:14.177,1.15761,1.15776,1.25,1.00
2017.09.19 14:53:15.479,1.15762,1.15777,1.00,1.31
2017.09.19 14:53:15.982,1.15762,1.15776,1.00,1.00
2017.09.19 14:53:16.605,1.15761,1.15776,1.00,1.00
2017.09.19 14:53:16.656,1.1576,1.15771,1.12,1.00
2017.09.19 14:53:17.160,1.15759,1.15771,1.25,2.25
2017.09.19 14:53:17.761,1.15758,1.15771,1.25,1.50
2017.09.19 14:53:18.625,1.1576,1.1577,1.00,1.00
2017.09.19 14:53:19.144,1.15759,1.15771,1.00,1.00
2017.09.19 14:53:20.097,1.15758,1.15771,1.25,1.00
2017.09.19 14:53:20.405,1.15757,1.15768,1.25,1.00
2017.09.19 14:53:20.576,1.15754,1.15768,1.69,1.00
2017.09.19 14:53:21.997,1.15757,1.15769,1.00,1.00
2017.09.19 14:53:22.050,1.15755,1.15769,1.31,1.00
2017.09.19 14:53:23.231,1.15757,1.15769,1.00,1.00
2017.09.19 14:53:23.690,1.15755,1.15769,1.12,1.00
2017.09.19 14:53:23.742,1.15755,1.15767,1.12,1.00
2017.09.19 14:53:24.033,1.15752,1.15766,1.00,1.37
2017.09.19 14:53:25.500,1.15755,1.15767,1.00,1.37
2017.09.19 14:53:26.018,1.15756,1.15768,1.00,2.25
2017.09.19 14:53:26.121,1.15756,1.15768,1.00,1.00
2017.09.19 14:53:26.699,1.15756,1.15767,1.25,1.00
2017.09.19 14:53:30.174,1.15753,1.15768,1.44,1.00
2017.09.19 14:53:30.226,1.15753,1.15765,1.25,1.50
2017.09.19 14:53:30.431,1.15751,1.15764,1.25,1.00
2017.09.19 14:53:31.207,1.15752,1.15765,1.00,1.00
2017.09.19 14:53:31.764,1.15752,1.15764,1.00,1.00
2017.09.19 14:53:32.298,1.15751,1.15764,1.00,1.00
2017.09.19 14:53:32.803,1.15751,1.15763,1.19,1.00
2017.09.19 14:53:33.410,1.15751,1.15762,1.19,1.00
2017.09.19 14:53:33.960,1.15751,1.15762,1.25,1.00
2017.09.19 14:53:34.285,1.1575,1.15764,1.00,1.25
2017.09.19 14:53:34.801,1.1575,1.15764,1.19,1.50
2017.09.19 14:53:35.322,1.15751,1.15763,1.19,1.00
2017.09.19 14:53:36.261,1.15753,1.15764,1.00,1.00
2017.09.19 14:53:36.415,1.15751,1.15766,1.44,1.50
2017.09.19 14:53:36.961,1.1575,1.15765,1.19,1.00
2017.09.19 14:53:37.494,1.15749,1.15764,1.87,1.00
2017.09.19 14:53:37.546,1.15746,1.15761,1.69,1.25
2017.09.19 14:53:37.853,1.15745,1.15758,1.12,1.12
2017.09.19 14:53:38.475,1.15743,1.15758,1.12,1.12
2017.09.19 14:53:38.980,1.15743,1.15758,1.44,1.87
2017.09.19 14:53:41.123,1.15743,1.15758,1.25,1.87
2017.09.19 14:53:43.460,1.15743,1.15755,1.25,1.00
2017.09.19 14:53:44.016,1.15743,1.15756,1.31,1.12
2017.09.19 14:53:44.067,1.15748,1.15762,1.25,1.50
2017.09.19 14:53:44.661,1.15748,1.15764,1.25,2.25
2017.09.19 14:53:45.439,1.15748,1.15763,1.25,1.44
2017.09.19 14:53:46.025,1.15747,1.15761,1.31,1.00
2017.09.19 14:53:46.536,1.15747,1.15761,1.31,1.00
2017.09.19 14:53:48.754,1.15749,1.15761,1.25,1.00
2017.09.19 14:53:49.086,1.15751,1.15762,1.00,1.00
2017.09.19 14:53:49.779,1.15751,1.15761,1.00,1.00
2017.09.19 14:53:50.296,1.15752,1.15761,1.00,1.00
2017.09.19 14:53:51.186,1.15752,1.15765,1.00,1.44
2017.09.19 14:53:51.290,1.15755,1.15765,1.00,1.69
2017.09.19 14:53:54.220,1.15754,1.15765,1.00,1.00
2017.09.19 14:53:54.539,1.15756,1.15765,1.00,1.50
2017.09.19 14:53:55.153,1.15753,1.15765,1.00,1.50
2017.09.19 14:53:55.204,1.15755,1.15763,1.00,1.00
2017.09.19 14:53:55.307,1.15753,1.15763,1.00,1.00
2017.09.19 14:53:55.359,1.15753,1.15765,1.00,2.25
2017.09.19 14:53:55.462,1.15753,1.15765,1.00,1.12
2017.09.19 14:53:56.525,1.15754,1.15765,1.00,1.12
2017.09.19 14:53:58.558,1.15754,1.15762,1.00,1.00
2017.09.19 14:53:59.071,1.15755,1.15763,1.00,1.37
2017.09.19 14:53:59.765,1.15756,1.15763,1.50,1.37
2017.09.19 14:53:59.974,1.15757,1.15765,1.00,1.00
2017.09.19 14:54:00.026,1.15753,1.15765,1.00,1.00
2017.09.19 14:54:00.079,1.15755,1.15765,1.00,1.00
2017.09.19 14:54:01.006,1.15755,1.15766,1.00,1.50
2017.09.19 14:54:02.497,1.15756,1.15766,1.00,1.50
2017.09.19 14:54:03.174,1.15758,1.15766,1.00,1.00
2017.09.19 14:54:03.481,1.15759,1.15768,1.00,1.12
2017.09.19 14:54:03.533,1.15757,1.15768,1.00,1.12
2017.09.19 14:54:03.960,1.15759,1.15769,1.00,2.25
2017.09.19 14:54:04.946,1.1576,1.15769,1.00,2.25
2017.09.19 14:54:05.411,1.15764,1.15772,1.00,1.75
2017.09.19 14:54:05.462,1.15761,1.15772,1.00,1.37
2017.09.19 14:54:05.514,1.15762,1.15773,1.00,1.50
2017.09.19 14:54:05.566,1.15762,1.15774,1.00,1.12
2017.09.19 14:54:06.078,1.15763,1.15774,1.00,1.00
2017.09.19 14:54:06.386,1.15762,1.15772,1.00,1.49
2017.09.19 14:54:06.591,1.15755,1.15766,1.00,1.50
2017.09.19 14:54:06.694,1.15753,1.15766,1.00,1.50
2017.09.19 14:54:06.745,1.15751,1.15766,1.69,1.50
2017.09.19 14:54:06.989,1.1575,1.15764,1.00,2.10
2017.09.19 14:54:07.297,1.15748,1.15761,1.50,1.00
2017.09.19 14:54:07.706,1.15747,1.15756,1.12,1.00
2017.09.19 14:54:07.923,1.15749,1.1576,1.00,1.50
2017.09.19 14:54:08.182,1.15748,1.15757,1.50,1.00
2017.09.19 14:54:09.690,1.15749,1.15757,1.00,1.00
2017.09.19 14:54:10.094,1.15749,1.15759,1.00,1.00
2017.09.19 14:54:10.196,1.15752,1.1576,1.00,1.00
2017.09.19 14:54:10.396,1.15751,1.15762,1.00,1.00
2017.09.19 14:54:10.912,1.15751,1.15763,1.00,1.75
2017.09.19 14:54:11.900,1.15751,1.15762,1.00,1.69
2017.09.19 14:54:11.953,1.15754,1.15762,1.00,1.00
2017.09.19 14:54:12.471,1.15753,1.15762,1.00,1.00
2017.09.19 14:54:12.574,1.15751,1.15763,1.00,1.00
2017.09.19 14:54:13.023,1.15753,1.15763,1.00,1.00
2017.09.19 14:54:13.920,1.15752,1.15763,1.00,1.50
2017.09.19 14:54:14.589,1.15755,1.15763,1.00,1.50
2017.09.19 14:54:14.798,1.15757,1.15767,1.00,1.50
2017.09.19 14:54:14.849,1.15759,1.15767,1.00,1.00
2017.09.19 14:54:15.011,1.1576,1.15771,1.00,1.50
2017.09.19 14:54:15.066,1.15763,1.15771,1.00,1.00
2017.09.19 14:54:15.170,1.15762,1.15773,1.00,1.12
2017.09.19 14:54:15.631,1.1576,1.15772,1.87,1.00
2017.09.19 14:54:16.141,1.15761,1.15772,1.25,1.00
2017.09.19 14:54:16.647,1.15761,1.15773,1.69,1.00
2017.09.19 14:54:16.751,1.15763,1.15775,1.00,1.00
2017.09.19 14:54:17.083,1.15761,1.15773,1.25,1.00
2017.09.19 14:54:17.495,1.15762,1.15775,1.19,1.50
2017.09.19 14:54:17.803,1.15761,1.15772,1.00,1.00
2017.09.19 14:54:18.311,1.15761,1.15773,1.25,1.00
2017.09.19 14:54:18.975,1.15762,1.15775,1.25,2.25
2017.09.19 14:54:19.635,1.15761,1.15774,1.00,1.12
2017.09.19 14:54:20.144,1.15762,1.15775,1.25,1.50
2017.09.19 14:54:21.186,1.15762,1.15772,1.00,1.00
2017.09.19 14:54:21.238,1.1576,1.15772,1.25,1.00
2017.09.19 14:54:21.749,1.15759,1.15773,1.25,1.00
2017.09.19 14:54:21.902,1.15762,1.15774,1.00,1.87
2017.09.19 14:54:22.519,1.15762,1.15773,1.50,1.00
2017.09.19 14:54:23.103,1.15762,1.15771,1.50,1.00
2017.09.19 14:54:23.606,1.15762,1.15775,3.94,1.00
2017.09.19 14:54:23.756,1.15762,1.15772,1.25,1.00
2017.09.19 14:54:23.962,1.15762,1.15774,1.00,1.00
2017.09.19 14:54:24.168,1.15764,1.15775,1.50,1.00
2017.09.19 14:54:24.477,1.15762,1.15773,1.25,1.00
2017.09.19 14:54:24.986,1.15763,1.15774,1.00,1.00
2017.09.19 14:54:25.290,1.15767,1.15777,1.25,2.25
2017.09.19 14:54:25.443,1.15766,1.15778,1.00,1.00
2017.09.19 14:54:25.744,1.15762,1.15777,1.69,1.50
2017.09.19 14:54:25.899,1.15762,1.15774,1.25,1.00
2017.09.19 14:54:26.409,1.15763,1.15775,1.00,1.00
2017.09.19 14:54:26.954,1.15764,1.15776,1.00,1.50
2017.09.19 14:54:27.237,1.15762,1.15776,1.25,1.50
2017.09.19 14:54:27.939,1.15763,1.15776,1.00,1.69
2017.09.19 14:54:28.536,1.15762,1.15776,1.69,1.69
2017.09.19 14:54:29.040,1.15763,1.15777,1.00,3.94
2017.09.19 14:54:31.374,1.1576,1.15771,1.87,1.00
2017.09.19 14:54:31.477,1.15761,1.15775,1.50,1.25
2017.09.19 14:54:31.732,1.15765,1.15776,1.00,1.50
2017.09.19 14:54:32.039,1.15767,1.15777,1.00,1.50
2017.09.19 14:54:32.194,1.15764,1.15775,1.12,1.00
2017.09.19 14:54:32.245,1.15763,1.15773,1.37,1.50
2017.09.19 14:54:34.079,1.15765,1.15777,1.00,2.25
2017.09.19 14:54:34.131,1.15766,1.15777,1.00,1.50
2017.09.19 14:54:34.338,1.15768,1.15777,1.00,1.50
2017.09.19 14:54:34.544,1.15768,1.15779,1.00,1.12
2017.09.19 14:54:34.646,1.15766,1.15779,1.00,1.12
2017.09.19 14:54:34.946,1.15767,1.15781,2.06,1.50
2017.09.19 14:54:35.099,1.15769,1.15783,1.50,1.50
2017.09.19 14:54:35.644,1.1577,1.15782,1.00,1.12
2017.09.19 14:54:36.515,1.15769,1.1578,1.50,1.50
2017.09.19 14:54:36.669,1.15769,1.15782,1.50,1.12
2017.09.19 14:54:36.986,1.15771,1.15782,1.00,1.12
2017.09.19 14:54:37.294,1.15769,1.15778,1.00,1.00
2017.09.19 14:54:37.450,1.15771,1.15782,1.00,1.12
2017.09.19 14:54:37.656,1.15773,1.15783,1.00,1.00
2017.09.19 14:54:37.862,1.1577,1.15782,1.19,1.00
2017.09.19 14:54:38.375,1.15771,1.15783,1.00,1.00
2017.09.19 14:54:38.687,1.15773,1.15784,1.00,1.50
2017.09.19 14:54:38.997,1.15776,1.15787,1.00,1.50
2017.09.19 14:54:39.253,1.15771,1.15783,1.25,1.00
2017.09.19 14:54:39.355,1.15771,1.15785,1.69,1.87
2017.09.19 14:54:39.407,1.15773,1.15785,1.00,1.87
2017.09.19 14:54:39.858,1.15775,1.15783,1.00,1.00
2017.09.19 14:54:39.964,1.15775,1.15788,1.50,1.12
2017.09.19 14:54:40.016,1.15777,1.15789,1.00,2.62
2017.09.19 14:54:40.271,1.1578,1.15792,1.87,1.00
2017.09.19 14:54:40.783,1.15781,1.15792,1.25,1.00
2017.09.19 14:54:40.835,1.15782,1.15795,1.00,1.12
2017.09.19 14:54:41.339,1.15781,1.15794,1.50,1.00
2017.09.19 14:54:41.390,1.15781,1.15792,1.50,1.00
2017.09.19 14:54:41.747,1.15781,1.1579,1.25,1.00
2017.09.19 14:54:42.280,1.1578,1.15789,1.12,1.00
2017.09.19 14:54:42.536,1.15774,1.15785,1.44,1.00
2017.09.19 14:54:42.691,1.15773,1.15785,1.69,1.00
2017.09.19 14:54:42.742,1.15773,1.15785,2.06,1.00
2017.09.19 14:54:43.282,1.15775,1.15786,1.00,1.87
2017.09.19 14:54:44.938,1.15776,1.15787,1.87,1.37
2017.09.19 14:54:45.451,1.15776,1.15787,1.69,1.00
2017.09.19 14:54:45.998,1.15775,1.15785,1.25,1.00
2017.09.19 14:54:46.305,1.15772,1.15783,1.19,1.00
2017.09.19 14:54:46.832,1.15772,1.15782,1.50,1.00
2017.09.19 14:54:47.191,1.15774,1.15782,1.00,1.00
2017.09.19 14:54:47.242,1.15772,1.15782,1.50,1.00
2017.09.19 14:54:47.776,1.15771,1.15782,2.44,1.00
2017.09.19 14:54:48.442,1.15772,1.15782,1.69,1.00
2017.09.19 14:54:49.247,1.15772,1.1578,1.50,1.00
2017.09.19 14:54:49.554,1.15771,1.15775,1.25,1.00
2017.09.19 14:54:49.605,1.15766,1.15775,1.00,1.00
2017.09.19 14:54:50.156,1.15765,1.15775,1.00,1.00
2017.09.19 14:54:50.327,1.15766,1.15777,1.19,1.50
2017.09.19 14:54:50.843,1.15768,1.15779,1.50,1.00
2017.09.19 14:54:50.895,1.15768,1.15777,1.00,1.00
2017.09.19 14:54:51.160,1.15765,1.15775,1.12,1.00
2017.09.19 14:54:51.316,1.15765,1.15777,2.06,1.00
2017.09.19 14:54:51.862,1.15768,1.15776,1.00,1.00
2017.09.19 14:54:51.966,1.15766,1.15778,1.25,1.00
2017.09.19 14:54:52.538,1.15765,1.15778,2.44,1.00
2017.09.19 14:54:53.061,1.15765,1.15777,1.69,1.00
2017.09.19 14:54:53.113,1.15768,1.1578,1.00,1.50
2017.09.19 14:54:54.192,1.15767,1.1578,1.00,1.00
2017.09.19 14:54:54.396,1.15767,1.15782,1.00,2.25
2017.09.19 14:54:54.715,1.15767,1.15779,1.00,1.50
2017.09.19 14:54:55.285,1.15765,1.15778,1.00,1.50
2017.09.19 14:54:55.337,1.15765,1.15776,1.00,1.00
2017.09.19 14:54:55.490,1.15762,1.15775,1.50,1.00
2017.09.19 14:54:55.888,1.15762,1.15773,1.12,1.00
2017.09.19 14:54:56.429,1.15761,1.15772,1.31,1.00
2017.09.19 14:54:56.942,1.1576,1.15773,1.50,1.00
2017.09.19 14:54:57.251,1.1576,1.15776,2.62,2.62
2017.09.19 14:54:57.404,1.15762,1.15775,1.31,1.12
2017.09.19 14:54:57.762,1.15764,1.15775,1.44,1.12
2017.09.19 14:54:58.201,1.15763,1.15776,1.50,1.00
2017.09.19 14:54:58.710,1.15762,1.15776,1.69,3.00
2017.09.19 14:54:59.265,1.15763,1.15776,1.00,3.00
2017.09.19 14:54:59.316,1.15765,1.15776,1.00,1.00
2017.09.19 14:54:59.522,1.15764,1.15779,1.50,3.37
2017.09.19 14:55:00.079,1.15765,1.15779,1.00,1.12
2017.09.19 14:55:00.616,1.15766,1.15778,1.00,1.00
2017.09.19 14:55:01.360,1.15766,1.15779,1.00,1.00
2017.09.19 14:55:01.737,1.15766,1.15777,1.00,1.00
2017.09.19 14:55:02.275,1.15765,1.15777,1.87,1.00
2017.09.19 14:55:02.591,1.15763,1.15776,1.50,1.00
2017.09.19 14:55:02.849,1.15766,1.15776,1.00,1.00
2017.09.19 14:55:03.206,1.15767,1.15779,1.00,1.25
2017.09.19 14:55:03.615,1.15766,1.15781,1.12,2.81
2017.09.19 14:55:03.922,1.15766,1.15779,1.87,1.00
2017.09.19 14:55:04.127,1.15767,1.15781,1.00,2.62
2017.09.19 14:55:04.281,1.1577,1.15783,1.50,3.00
2017.09.19 14:55:04.333,1.15768,1.15782,1.50,1.50
2017.09.19 14:55:04.841,1.15769,1.15782,1.00,1.00
2017.09.19 14:55:05.350,1.15768,1.15781,1.69,1.00
2017.09.19 14:55:05.401,1.15771,1.15782,1.00,1.00
2017.09.19 14:55:05.918,1.1577,1.15782,1.00,1.00
2017.09.19 14:55:06.422,1.15771,1.15782,1.00,1.00
2017.09.19 14:55:06.925,1.15771,1.15784,1.00,2.62
2017.09.19 14:55:07.578,1.15771,1.1578,1.00,1.00
2017.09.19 14:55:07.930,1.15771,1.15783,1.00,2.25
2017.09.19 14:55:08.633,1.15772,1.15785,1.25,1.12
2017.09.19 14:55:08.730,1.15771,1.15785,2.44,1.00
2017.09.19 14:55:08.837,1.15775,1.15788,1.12,1.00
2017.09.19 14:55:09.247,1.15776,1.1579,1.69,2.62
2017.09.19 14:55:10.609,1.15776,1.15787,1.00,1.50
2017.09.19 14:55:11.085,1.15775,1.15789,2.81,1.50
2017.09.19 14:55:11.347,1.15777,1.15789,1.00,1.50
2017.09.19 14:55:11.902,1.15777,1.1579,2.06,1.87
2017.09.19 14:55:12.414,1.15779,1.1579,1.00,1.12
2017.09.19 14:55:13.522,1.15778,1.1579,1.12,1.00
2017.09.19 14:55:14.016,1.15779,1.15788,1.00,1.00
2017.09.19 14:55:14.626,1.15778,1.15789,1.50,1.00
2017.09.19 14:55:15.135,1.15779,1.1579,1.00,2.25
2017.09.19 14:55:15.240,1.15776,1.15789,1.69,2.25
2017.09.19 14:55:15.291,1.15781,1.15789,1.00,2.25
2017.09.19 14:55:16.029,1.15777,1.15789,2.25,1.00
2017.09.19 14:55:17.132,1.15777,1.15789,1.00,2.25
2017.09.19 14:55:17.584,1.15775,1.15785,1.00,1.00
2017.09.19 14:55:18.090,1.15774,1.15785,1.25,2.25
2017.09.19 14:55:18.608,1.15774,1.15786,1.69,1.00
2017.09.19 14:55:19.200,1.15774,1.15786,2.44,1.00
2017.09.19 14:55:19.353,1.15774,1.15788,2.62,1.50
2017.09.19 14:55:19.955,1.15776,1.15788,1.00,1.50
2017.09.19 14:55:20.007,1.15778,1.15788,1.25,2.25
2017.09.19 14:55:20.372,1.1578,1.1579,1.50,1.00
2017.09.19 14:55:20.475,1.15781,1.15792,1.00,1.50
2017.09.19 14:55:20.833,1.15779,1.15789,1.00,1.00
2017.09.19 14:55:20.884,1.15775,1.15789,2.81,1.00
2017.09.19 14:55:20.987,1.15775,1.15787,1.25,1.00
2017.09.19 14:55:21.518,1.15776,1.15787,1.25,1.00
2017.09.19 14:55:22.028,1.15775,1.15787,1.00,1.00
2017.09.19 14:55:24.015,1.15775,1.15788,1.00,1.00
2017.09.19 14:55:24.554,1.15776,1.15789,1.00,1.00
2017.09.19 14:55:24.841,1.15774,1.15788,1.50,2.25
2017.09.19 14:55:25.665,1.15774,1.15789,2.25,3.00
2017.09.19 14:55:26.504,1.15781,1.15789,1.00,1.00
2017.09.19 14:55:26.555,1.15775,1.15789,3.37,1.00
2017.09.19 14:55:27.066,1.15779,1.1579,2.25,1.00
2017.09.19 14:55:27.372,1.15779,1.15792,3.00,1.50
2017.09.19 14:55:27.477,1.15783,1.15793,1.00,1.00
2017.09.19 14:55:27.987,1.15784,1.15793,1.50,1.00
2017.09.19 14:55:28.291,1.15781,1.15789,1.00,1.00
2017.09.19 14:55:28.547,1.15773,1.15785,1.37,1.00
2017.09.19 14:55:28.701,1.15776,1.15784,1.00,1.00
2017.09.19 14:55:28.753,1.15776,1.15786,1.00,1.00
2017.09.19 14:55:28.804,1.15773,1.15785,2.06,1.00
2017.09.19 14:55:28.856,1.15773,1.15783,2.06,1.00
2017.09.19 14:55:29.386,1.15773,1.15783,1.00,1.00
2017.09.19 14:55:29.693,1.15769,1.1578,1.75,1.00
2017.09.19 14:55:29.901,1.15768,1.1578,1.00,1.00
2017.09.19 14:55:30.357,1.15764,1.15777,1.87,1.00
2017.09.19 14:55:30.919,1.15765,1.15779,1.00,1.00
2017.09.19 14:55:31.257,1.15767,1.15778,1.00,1.00
2017.09.19 14:55:31.309,1.15767,1.1578,1.25,1.00
2017.09.19 14:55:31.463,1.1577,1.15781,1.00,1.00
2017.09.19 14:55:31.820,1.15769,1.15779,1.00,1.00
2017.09.19 14:55:31.975,1.15765,1.15779,1.69,1.00
2017.09.19 14:55:32.026,1.15768,1.1578,1.00,1.00
2017.09.19 14:55:32.369,1.1577,1.15779,1.00,1.00
2017.09.19 14:55:32.888,1.15769,1.15779,1.00,1.00
2017.09.19 14:55:33.408,1.15766,1.1578,3.00,2.25
2017.09.19 14:55:33.718,1.15764,1.15777,1.75,1.00
2017.09.19 14:55:33.872,1.15764,1.15778,1.00,2.06
2017.09.19 14:55:34.289,1.15766,1.1578,1.50,1.00
2017.09.19 14:55:34.442,1.15766,1.15778,1.50,1.00
2017.09.19 14:55:34.754,1.15766,1.1578,1.00,1.00
2017.09.19 14:55:35.257,1.15766,1.15779,1.25,1.00
2017.09.19 14:55:35.360,1.15769,1.15781,1.00,1.50
2017.09.19 14:55:35.668,1.15767,1.15778,1.12,1.00
2017.09.19 14:55:35.719,1.15766,1.15781,2.06,1.50
2017.09.19 14:55:35.824,1.15765,1.15779,3.19,1.50
2017.09.19 14:55:36.159,1.15768,1.15781,1.87,1.00
2017.09.19 14:55:36.693,1.15767,1.1578,1.50,1.00
2017.09.19 14:55:36.797,1.15765,1.15781,2.25,3.94
2017.09.19 14:55:37.346,1.15766,1.1578,1.31,1.00
2017.09.19 14:55:37.604,1.15766,1.1578,2.06,1.00
2017.09.19 14:55:37.656,1.15766,1.1578,2.81,1.00
2017.09.19 14:55:38.185,1.15766,1.15781,1.87,1.12
2017.09.19 14:55:38.696,1.15767,1.15781,1.00,1.12
2017.09.19 14:55:39.282,1.15766,1.15781,2.06,1.12
2017.09.19 14:55:39.441,1.15768,1.15781,1.00,1.12
2017.09.19 14:55:40.049,1.15768,1.1578,1.00,1.00
2017.09.19 14:55:41.595,1.1577,1.15783,1.00,2.25
2017.09.19 14:55:41.698,1.1577,1.15783,1.12,1.87
2017.09.19 14:55:41.749,1.15772,1.15783,1.00,1.12
2017.09.19 14:55:42.277,1.15771,1.15784,1.00,1.00
2017.09.19 14:55:42.855,1.15772,1.15785,1.50,1.25
2017.09.19 14:55:43.177,1.15769,1.15781,2.06,1.00
2017.09.19 14:55:43.698,1.15769,1.1578,1.00,1.00
2017.09.19 14:55:44.201,1.15773,1.15785,1.00,3.00
2017.09.19 14:55:44.307,1.1577,1.15784,2.06,2.44
2017.09.19 14:55:44.358,1.1577,1.15781,2.06,1.50
2017.09.19 14:55:46.327,1.15769,1.15782,1.50,2.25
2017.09.19 14:55:48.133,1.15769,1.15781,3.75,1.50
2017.09.19 14:55:48.694,1.15769,1.15782,3.00,1.50
2017.09.19 14:55:49.239,1.15771,1.15782,1.00,1.50
2017.09.19 14:55:49.342,1.15772,1.15785,1.69,1.50
2017.09.19 14:55:49.393,1.15772,1.15782,1.00,1.00
2017.09.19 14:55:49.499,1.15769,1.15781,1.69,2.25
2017.09.19 14:55:50.084,1.15769,1.1578,1.00,1.00
2017.09.19 14:55:50.977,1.15769,1.15781,1.00,1.50
2017.09.19 14:55:53.451,1.1577,1.15781,1.00,1.50
2017.09.19 14:55:54.059,1.15769,1.15781,1.00,1.50
2017.09.19 14:55:54.161,1.15767,1.1578,1.31,1.50
2017.09.19 14:55:54.417,1.15766,1.15778,1.00,1.00
2017.09.19 14:55:54.928,1.15764,1.15777,2.44,1.00
2017.09.19 14:55:55.438,1.15764,1.15776,1.50,1.00
2017.09.19 14:55:56.133,1.15764,1.15775,1.12,1.00
2017.09.19 14:55:56.592,1.1576,1.15774,3.00,1.00
2017.09.19 14:55:56.850,1.1576,1.15772,1.87,1.00
2017.09.19 14:55:57.364,1.15762,1.15774,1.00,1.00
2017.09.19 14:55:58.218,1.15763,1.15774,1.00,1.00
2017.09.19 14:55:58.755,1.15762,1.15774,1.50,1.00
2017.09.19 14:55:59.282,1.15762,1.15773,1.00,1.00
2017.09.19 14:56:00.001,1.15763,1.15773,1.00,1.00
2017.09.19 14:56:00.460,1.15763,1.15773,1.37,1.00
2017.09.19 14:56:01.344,1.15763,1.15774,1.50,1.00
2017.09.19 14:56:01.498,1.15763,1.15773,1.00,1.00
2017.09.19 14:56:01.704,1.15766,1.15774,1.00,1.00
2017.09.19 14:56:02.235,1.15765,1.15774,1.00,1.00
2017.09.19 14:56:02.339,1.15762,1.15774,1.00,1.00
2017.09.19 14:56:02.881,1.15762,1.15773,1.50,1.00
2017.09.19 14:56:03.390,1.15762,1.15774,1.00,1.00
2017.09.19 14:56:03.932,1.15763,1.15774,1.00,1.00
2017.09.19 14:56:04.777,1.15762,1.15774,1.00,1.00
2017.09.19 14:56:06.194,1.15759,1.15772,2.25,1.00
2017.09.19 14:56:06.349,1.15759,1.15772,1.37,1.00
2017.09.19 14:56:06.453,1.15758,1.15774,1.69,6.19
2017.09.19 14:56:06.504,1.15758,1.15771,1.25,1.00
2017.09.19 14:56:06.811,1.15761,1.15773,1.00,1.50
2017.09.19 14:56:07.342,1.15762,1.15773,1.00,1.50
2017.09.19 14:56:07.547,1.15762,1.15776,2.25,2.44
2017.09.19 14:56:07.599,1.15764,1.15776,1.00,1.00
2017.09.19 14:56:07.804,1.15761,1.15777,1.50,2.06
2017.09.19 14:56:08.201,1.15762,1.15776,1.69,1.12
2017.09.19 14:56:08.712,1.15764,1.15778,1.00,2.44
2017.09.19 14:56:09.355,1.15763,1.15778,1.50,1.50
2017.09.19 14:56:09.408,1.15765,1.15779,1.00,1.50
2017.09.19 14:56:09.921,1.15766,1.15779,1.69,1.00
2017.09.19 14:56:10.278,1.1577,1.15782,1.50,1.00
2017.09.19 14:56:10.789,1.1577,1.15783,1.50,1.00
2017.09.19 14:56:11.456,1.1577,1.15784,3.19,1.25
2017.09.19 14:56:11.995,1.15772,1.15785,1.25,1.00
2017.09.19 14:56:12.543,1.15772,1.15786,1.69,1.12
2017.09.19 14:56:13.094,1.15772,1.15786,2.44,1.12
2017.09.19 14:56:13.444,1.15777,1.15788,1.50,1.75
2017.09.19 14:56:13.649,1.15774,1.15788,2.44,1.25
2017.09.19 14:56:13.751,1.15773,1.15789,1.87,3.56
2017.09.19 14:56:14.257,1.15775,1.15788,1.00,1.12
2017.09.19 14:56:14.564,1.15774,1.15787,1.00,3.19
2017.09.19 14:56:15.081,1.15774,1.15787,1.00,1.25
2017.09.19 14:56:15.643,1.15774,1.15788,1.00,3.75
2017.09.19 14:56:16.162,1.15771,1.1578,1.37,1.00
2017.09.19 14:56:16.474,1.15766,1.15776,1.00,1.00
2017.09.19 14:56:16.993,1.15765,1.15777,1.00,1.12
2017.09.19 14:56:17.096,1.15768,1.15781,1.25,1.75
2017.09.19 14:56:17.199,1.15769,1.15779,1.00,1.00
2017.09.19 14:56:17.301,1.15767,1.15781,1.00,1.12
2017.09.19 14:56:17.806,1.15768,1.15782,1.00,2.44
2017.09.19 14:56:18.792,1.15767,1.1578,1.00,1.00
2017.09.19 14:56:19.104,1.15765,1.1578,1.00,2.25
2017.09.19 14:56:19.851,1.15768,1.15779,1.00,1.50
2017.09.19 14:56:20.116,1.15768,1.1578,1.00,1.00
2017.09.19 14:56:20.278,1.15771,1.15781,1.00,1.25
2017.09.19 14:56:20.482,1.15771,1.15783,1.00,1.00
2017.09.19 14:56:20.585,1.15773,1.15785,1.00,1.50
2017.09.19 14:56:21.015,1.15775,1.15786,1.00,1.00
2017.09.19 14:56:21.118,1.15775,1.15788,1.12,1.87
2017.09.19 14:56:21.644,1.15776,1.15788,1.00,1.50
2017.09.19 14:56:23.184,1.15775,1.15789,1.12,2.62
2017.09.19 14:56:24.815,1.15775,1.15789,1.12,3.94
2017.09.19 14:56:24.918,1.15774,1.15788,1.50,1.87
2017.09.19 14:56:25.422,1.15775,1.15786,1.12,1.00
2017.09.19 14:56:25.910,1.15775,1.15788,1.12,2.44
2017.09.19 14:56:26.878,1.15773,1.15786,1.75,1.00
2017.09.19 14:56:27.158,1.15771,1.15785,1.00,2.25
2017.09.19 14:56:27.364,1.15773,1.15785,1.00,1.00
2017.09.19 14:56:27.570,1.15775,1.15788,1.00,1.12
2017.09.19 14:56:29.060,1.15774,1.15787,2.44,1.00
2017.09.19 14:56:30.047,1.15775,1.15787,1.00,1.00
2017.09.19 14:56:30.190,1.15774,1.15785,1.00,1.00
2017.09.19 14:56:30.344,1.15771,1.15785,1.37,2.62
2017.09.19 14:56:30.500,1.15774,1.15787,1.00,1.50
2017.09.19 14:56:30.654,1.15774,1.15789,1.00,3.37
2017.09.19 14:56:31.277,1.15773,1.15788,1.50,3.19
2017.09.19 14:56:31.328,1.15773,1.15786,1.00,1.50
2017.09.19 14:56:31.856,1.15772,1.15785,1.25,1.00
2017.09.19 14:56:32.365,1.15771,1.15786,1.69,2.25
2017.09.19 14:56:32.888,1.15771,1.15785,1.25,1.00
2017.09.19 14:56:33.433,1.15771,1.15784,1.00,1.00
2017.09.19 14:56:33.903,1.15772,1.15786,1.50,1.00
2017.09.19 14:56:34.440,1.15771,1.15785,1.50,2.62
2017.09.19 14:56:34.594,1.1577,1.15784,1.50,1.50
2017.09.19 14:56:34.901,1.15773,1.15784,1.00,1.50
2017.09.19 14:56:35.434,1.15772,1.15785,2.25,1.50
2017.09.19 14:56:35.487,1.15772,1.15787,3.19,3.00
2017.09.19 14:56:36.050,1.15773,1.15786,1.00,1.12
2017.09.19 14:56:36.244,1.1577,1.15784,2.06,1.50
2017.09.19 14:56:36.451,1.15767,1.15781,1.69,1.00
2017.09.19 14:56:36.963,1.15769,1.15782,1.00,1.00
2017.09.19 14:56:37.477,1.15769,1.15783,1.00,1.00
2017.09.19 14:56:37.993,1.15769,1.15782,1.25,1.00
2017.09.19 14:56:38.520,1.15768,1.15782,1.12,1.00
2017.09.19 14:56:39.036,1.15767,1.15781,1.69,1.50
2017.09.19 14:56:39.345,1.15768,1.15782,1.19,2.25
2017.09.19 14:56:39.875,1.15768,1.15781,1.00,2.25
2017.09.19 14:56:40.467,1.15767,1.15781,2.06,1.50
2017.09.19 14:56:40.982,1.15768,1.15782,1.69,2.81
2017.09.19 14:56:41.595,1.15768,1.15782,1.00,2.62
2017.09.19 14:56:42.000,1.15765,1.15779,1.75,1.69
2017.09.19 14:56:42.103,1.15764,1.15779,1.00,2.44
2017.09.19 14:56:42.358,1.15766,1.15779,1.00,1.50
2017.09.19 14:56:42.665,1.15768,1.15778,1.00,1.00
2017.09.19 14:56:42.717,1.15768,1.1578,1.00,1.00
2017.09.19 14:56:42.820,1.15771,1.15782,1.00,2.25
2017.09.19 14:56:43.157,1.1577,1.1578,1.00,1.00
2017.09.19 14:56:43.618,1.15768,1.15778,2.25,1.00
2017.09.19 14:56:43.877,1.15767,1.1578,1.75,1.00
2017.09.19 14:56:43.929,1.15766,1.15776,1.12,1.00
2017.09.19 14:56:44.290,1.15766,1.15774,1.12,1.00
2017.09.19 14:56:44.444,1.15764,1.15776,1.75,1.00
2017.09.19 14:56:44.496,1.15764,1.15776,1.00,1.00
2017.09.19 14:56:45.654,1.15765,1.15777,1.69,1.00
2017.09.19 14:56:45.706,1.15763,1.15777,2.06,1.00
2017.09.19 14:56:45.891,1.15764,1.15775,1.00,1.00
2017.09.19 14:56:45.942,1.15764,1.15777,1.00,1.00
2017.09.19 14:56:46.251,1.15764,1.15775,1.00,1.00
2017.09.19 14:56:46.536,1.15764,1.15778,1.00,2.44
2017.09.19 14:56:47.057,1.15765,1.15778,1.00,2.44
2017.09.19 14:56:47.111,1.15768,1.15779,1.00,1.50
2017.09.19 14:56:47.315,1.1577,1.15784,2.25,1.00
2017.09.19 14:56:47.367,1.15774,1.15784,1.00,1.00
2017.09.19 14:56:47.419,1.15772,1.15785,1.00,1.50
2017.09.19 14:56:47.942,1.15773,1.15786,1.00,2.44
2017.09.19 14:56:48.046,1.15773,1.15783,1.00,1.50
2017.09.19 14:56:48.100,1.15772,1.15785,1.00,1.50
2017.09.19 14:56:48.633,1.15772,1.15786,1.00,2.62
2017.09.19 14:56:50.040,1.15772,1.15785,1.00,1.50
2017.09.19 14:56:50.193,1.15772,1.15786,2.25,3.00
2017.09.19 14:56:50.332,1.15772,1.15785,1.00,1.50
2017.09.19 14:56:51.053,1.15771,1.15785,1.00,1.00
2017.09.19 14:56:51.415,1.15772,1.15785,1.69,1.50
2017.09.19 14:56:53.240,1.15775,1.15786,1.00,1.50
2017.09.19 14:56:53.791,1.15775,1.15785,1.00,1.50
2017.09.19 14:56:53.949,1.15775,1.15787,1.50,1.00
2017.09.19 14:56:54.103,1.15773,1.15788,2.62,1.50
2017.09.19 14:56:54.262,1.15773,1.15788,1.87,1.50
2017.09.19 14:56:54.418,1.15773,1.15785,1.69,1.00
2017.09.19 14:56:54.675,1.15776,1.15791,2.25,2.25
2017.09.19 14:56:54.879,1.15776,1.15786,1.12,1.00
2017.09.19 14:56:55.651,1.15777,1.15786,1.00,1.00
2017.09.19 14:56:55.704,1.15777,1.15788,1.00,1.00
2017.09.19 14:56:55.988,1.15779,1.15787,1.00,1.00
2017.09.19 14:56:56.194,1.15778,1.1579,1.12,1.00
2017.09.19 14:56:56.704,1.15779,1.1579,1.00,1.00
2017.09.19 14:56:57.155,1.15776,1.15787,3.00,1.00
2017.09.19 14:56:57.259,1.15779,1.15789,1.00,2.25
2017.09.19 14:56:57.413,1.15776,1.15786,2.25,1.00
2017.09.19 14:56:57.961,1.15777,1.15787,1.00,1.00
2017.09.19 14:56:58.569,1.15776,1.15787,1.87,1.00
2017.09.19 14:56:59.036,1.15776,1.15785,1.12,1.00
2017.09.19 14:56:59.227,1.15774,1.15785,1.00,1.00
2017.09.19 14:56:59.737,1.15774,1.15786,1.00,1.00
2017.09.19 14:57:00.096,1.15773,1.15784,1.19,1.00
2017.09.19 14:57:00.599,1.15773,1.15787,2.25,1.00
2017.09.19 14:57:01.139,1.15774,1.15787,1.12,1.00
2017.09.19 14:57:01.191,1.15773,1.15785,1.00,1.00
2017.09.19 14:57:01.840,1.15774,1.15788,1.00,1.50
2017.09.19 14:57:01.892,1.15777,1.15788,1.00,1.00
2017.09.19 14:57:02.565,1.15774,1.15787,4.69,1.00
2017.09.19 14:57:03.225,1.15775,1.15788,1.75,1.00
2017.09.19 14:57:04.351,1.15775,1.15789,2.25,1.00
2017.09.19 14:57:05.352,1.15774,1.15787,1.87,1.00
2017.09.19 14:57:06.205,1.15776,1.15788,1.44,1.00
2017.09.19 14:57:06.568,1.15781,1.15792,1.00,1.69
2017.09.19 14:57:06.875,1.15779,1.15788,1.00,1.00
2017.09.19 14:57:07.079,1.15777,1.15788,1.00,1.00
2017.09.19 14:57:07.238,1.1578,1.1579,1.00,1.00
2017.09.19 14:57:07.546,1.15783,1.15792,1.00,1.50
2017.09.19 14:57:07.908,1.15782,1.15794,1.87,1.25
2017.09.19 14:57:08.432,1.15782,1.15793,1.87,1.00
2017.09.19 14:57:08.942,1.15783,1.15796,2.06,1.69
2017.09.19 14:57:08.994,1.15784,1.15797,1.12,1.00
2017.09.19 14:57:09.523,1.15784,1.15796,1.50,1.87
2017.09.19 14:57:10.566,1.15781,1.15794,1.87,1.00
2017.09.19 14:57:10.771,1.15781,1.15794,1.69,1.00
2017.09.19 14:57:10.991,1.15784,1.15794,1.00,1.00
2017.09.19 14:57:11.413,1.1578,1.15794,3.75,1.00
2017.09.19 14:57:11.931,1.15779,1.15793,2.25,1.00
2017.09.19 14:57:12.496,1.15778,1.15792,1.50,1.50
2017.09.19 14:57:12.703,1.1578,1.15794,1.00,1.50
2017.09.19 14:57:12.958,1.15779,1.15792,1.00,1.00
2017.09.19 14:57:13.265,1.15778,1.15788,1.00,1.00
2017.09.19 14:57:13.685,1.15778,1.15792,1.00,2.62
2017.09.19 14:57:14.477,1.15779,1.15792,1.25,1.87
2017.09.19 14:57:14.580,1.15785,1.15795,1.00,2.25
2017.09.19 14:57:14.796,1.15785,1.15796,1.00,1.69
2017.09.19 14:57:15.025,1.15783,1.15793,1.00,1.00
2017.09.19 14:57:15.180,1.15781,1.15794,1.12,1.19
2017.09.19 14:57:15.283,1.15783,1.15793,1.00,1.50
2017.09.19 14:57:16.137,1.15783,1.15794,1.00,1.50
2017.09.19 14:57:16.535,1.15781,1.15793,1.12,3.19
2017.09.19 14:57:16.864,1.15781,1.15789,1.00,1.00
2017.09.19 14:57:16.916,1.15779,1.15792,1.00,1.75
2017.09.19 14:57:17.021,1.15782,1.15792,1.00,2.25
2017.09.19 14:57:17.073,1.15782,1.15792,1.00,1.00
2017.09.19 14:57:17.594,1.15782,1.15793,1.00,1.00
2017.09.19 14:57:18.109,1.15785,1.15795,1.00,1.50
2017.09.19 14:57:18.416,1.15783,1.15797,1.00,2.62
2017.09.19 14:57:19.097,1.15782,1.15796,2.62,1.69
2017.09.19 14:57:19.151,1.15786,1.158,1.00,4.50
2017.09.19 14:57:19.614,1.15784,1.15795,1.50,1.50
2017.09.19 14:57:19.666,1.15784,1.15799,1.12,4.31
2017.09.19 14:57:19.925,1.15782,1.15797,3.94,1.69
2017.09.19 14:57:20.448,1.15783,1.15796,1.12,1.69
2017.09.19 14:57:20.755,1.15782,1.15794,1.50,1.19
2017.09.19 14:57:20.908,1.15779,1.15793,1.37,1.19
2017.09.19 14:57:21.112,1.15777,1.15792,2.44,1.31
2017.09.19 14:57:21.615,1.15776,1.15792,1.50,2.06
2017.09.19 14:57:21.666,1.15776,1.15789,1.50,1.00
2017.09.19 14:57:22.025,1.15774,1.15788,1.00,1.00
2017.09.19 14:57:22.548,1.15775,1.15787,1.00,1.25
2017.09.19 14:57:22.652,1.15778,1.15788,1.00,1.00
2017.09.19 14:57:22.705,1.15778,1.1579,1.00,2.81
2017.09.19 14:57:23.064,1.15778,1.1579,1.12,1.69
2017.09.19 14:57:23.309,1.15778,1.1579,1.87,1.69
2017.09.19 14:57:23.360,1.15774,1.15786,1.37,1.25
2017.09.19 14:57:23.412,1.15774,1.15786,1.12,1.69
2017.09.19 14:57:23.673,1.15773,1.15784,1.00,1.50
2017.09.19 14:57:23.724,1.15769,1.15783,2.44,1.50
2017.09.19 14:57:24.316,1.15771,1.15784,1.00,1.50
2017.09.19 14:57:24.624,1.15772,1.15786,1.00,1.12
2017.09.19 14:57:25.498,1.15774,1.15786,1.00,1.69
2017.09.19 14:57:25.745,1.15772,1.15786,1.69,1.87
2017.09.19 14:57:25.899,1.15775,1.15786,1.00,1.87
2017.09.19 14:57:26.308,1.15777,1.15789,1.00,2.06
2017.09.19 14:57:26.410,1.15775,1.15789,1.50,2.06
2017.09.19 14:57:26.625,1.15777,1.15789,1.00,2.06
2017.09.19 14:57:27.201,1.15776,1.1579,1.00,4.31
2017.09.19 14:57:28.724,1.15773,1.15786,1.37,1.19
2017.09.19 14:57:28.901,1.15774,1.15786,1.00,3.00
2017.09.19 14:57:29.005,1.15777,1.15788,1.00,1.81
2017.09.19 14:57:29.517,1.15778,1.15789,1.00,1.50
2017.09.19 14:57:30.053,1.15779,1.1579,1.00,1.12
2017.09.19 14:57:30.105,1.15776,1.15789,1.50,1.25
2017.09.19 14:57:30.157,1.15777,1.15789,1.00,1.19
2017.09.19 14:57:30.209,1.15775,1.15789,1.12,1.44
2017.09.19 14:57:30.262,1.15771,1.15784,2.25,1.25
2017.09.19 14:57:30.314,1.15772,1.15783,1.00,1.00
2017.09.19 14:57:30.418,1.1577,1.15783,1.00,1.50
2017.09.19 14:57:30.928,1.1577,1.15783,1.00,1.19
2017.09.19 14:57:31.086,1.15768,1.15781,1.00,1.69
2017.09.19 14:57:31.140,1.15768,1.15778,1.00,1.00
2017.09.19 14:57:31.543,1.15766,1.15778,1.87,1.25
2017.09.19 14:57:31.646,1.15766,1.15778,1.12,3.00
2017.09.19 14:57:31.800,1.15766,1.15778,1.87,1.12
2017.09.19 14:57:31.852,1.15769,1.1578,1.00,1.00
2017.09.19 14:57:32.159,1.15772,1.15785,1.00,2.25
2017.09.19 14:57:32.621,1.15774,1.15785,1.00,1.87
2017.09.19 14:57:32.672,1.1577,1.15783,1.87,1.37
2017.09.19 14:57:32.724,1.15772,1.15783,1.00,1.37
2017.09.19 14:57:33.286,1.15772,1.15783,1.00,1.00
2017.09.19 14:57:33.901,1.15773,1.15785,1.25,1.00
2017.09.19 14:57:34.310,1.15776,1.15786,1.00,1.12
2017.09.19 14:57:34.827,1.15776,1.15787,1.00,1.00
2017.09.19 14:57:35.135,1.15776,1.15784,1.00,1.00
2017.09.19 14:57:35.468,1.15768,1.15777,2.25,1.00
2017.09.19 14:57:35.520,1.15765,1.15776,1.25,1.00
2017.09.19 14:57:35.623,1.15765,1.15778,1.25,1.00
2017.09.19 14:57:35.674,1.15765,1.15776,1.25,1.00
2017.09.19 14:57:36.016,1.15767,1.15778,1.12,1.00
2017.09.19 14:57:36.170,1.15767,1.15781,1.12,1.00
2017.09.19 14:57:36.715,1.15768,1.1578,1.00,3.00
2017.09.19 14:57:37.021,1.15767,1.15777,1.12,1.00
2017.09.19 14:57:37.123,1.15765,1.15779,1.50,1.50
2017.09.19 14:57:37.175,1.15765,1.15777,3.19,1.00
2017.09.19 14:57:37.364,1.15764,1.15775,1.00,1.00
2017.09.19 14:57:37.940,1.15761,1.15775,1.12,1.50
2017.09.19 14:57:38.205,1.15763,1.15776,1.00,1.87
2017.09.19 14:57:38.671,1.15762,1.15773,1.25,1.00
2017.09.19 14:57:39.513,1.15761,1.15773,1.12,1.00
2017.09.19 14:57:39.820,1.15761,1.15771,1.12,1.00
2017.09.19 14:57:40.352,1.15762,1.1577,1.00,1.00
2017.09.19 14:57:40.403,1.15762,1.15772,1.00,1.00
2017.09.19 14:57:40.684,1.15766,1.15775,1.00,1.50
2017.09.19 14:57:41.910,1.15763,1.15775,1.75,1.50
2017.09.19 14:57:42.194,1.15759,1.1577,1.50,1.00
2017.09.19 14:57:42.766,1.1576,1.1577,1.00,1.00
2017.09.19 14:57:43.285,1.1576,1.15771,1.00,1.50
2017.09.19 14:57:43.336,1.15759,1.15769,1.50,1.00
2017.09.19 14:57:43.642,1.15763,1.15773,1.00,1.00
2017.09.19 14:57:43.694,1.15764,1.15776,1.12,1.00
2017.09.19 14:57:43.797,1.15765,1.15778,1.12,2.44
2017.09.19 14:57:44.002,1.15764,1.15775,2.25,1.00
2017.09.19 14:57:44.326,1.15768,1.15778,1.00,2.25
2017.09.19 14:57:44.378,1.15766,1.15778,1.00,1.00
2017.09.19 14:57:44.908,1.15766,1.15776,1.50,1.00
2017.09.19 14:57:45.219,1.15767,1.1578,1.00,1.00
2017.09.19 14:57:45.591,1.15767,1.15778,1.00,1.00
2017.09.19 14:57:46.243,1.15767,1.15781,2.25,3.19
2017.09.19 14:57:46.346,1.15767,1.15778,1.50,1.00
2017.09.19 14:57:46.501,1.15765,1.15777,1.50,1.50
2017.09.19 14:57:47.013,1.15764,1.15777,1.00,1.12
2017.09.19 14:57:47.406,1.15766,1.15778,1.00,1.50
2017.09.19 14:57:47.823,1.15767,1.1578,1.00,1.00
2017.09.19 14:57:47.977,1.15768,1.15782,2.06,1.50
2017.09.19 14:57:48.501,1.15769,1.15782,1.00,1.50
2017.09.19 14:57:49.046,1.15768,1.15782,1.50,1.50
2017.09.19 14:57:49.402,1.15768,1.1578,1.50,1.00
2017.09.19 14:57:49.949,1.15769,1.15781,1.50,1.50
2017.09.19 14:57:50.275,1.15769,1.15783,1.87,1.00
2017.09.19 14:57:51.175,1.15769,1.15783,1.12,2.44
2017.09.19 14:57:51.536,1.15768,1.15784,2.62,1.00
2017.09.19 14:57:52.028,1.15771,1.15783,1.00,1.00
2017.09.19 14:57:52.389,1.15769,1.15783,1.12,1.50
2017.09.19 14:57:52.808,1.15769,1.15782,1.00,1.31
2017.09.19 14:57:53.318,1.15768,1.15782,1.00,1.87
2017.09.19 14:57:53.868,1.15769,1.15783,1.00,2.25
2017.09.19 14:57:54.425,1.15768,1.15784,2.44,3.19
2017.09.19 14:57:54.851,1.15769,1.15783,2.44,1.50
2017.09.19 14:57:55.123,1.15768,1.15784,1.50,3.00
2017.09.19 14:57:55.588,1.15773,1.15786,1.50,1.75
2017.09.19 14:57:55.742,1.15773,1.15787,1.50,1.00
2017.09.19 14:57:55.917,1.15773,1.15785,1.50,1.00
2017.09.19 14:57:56.339,1.15775,1.15787,1.00,1.00
2017.09.19 14:57:57.150,1.15776,1.15787,1.00,1.50
2017.09.19 14:57:57.685,1.15776,1.15788,1.00,1.25
2017.09.19 14:57:57.924,1.1577,1.15784,1.50,1.25
2017.09.19 14:57:58.120,1.15772,1.15784,1.00,1.69
2017.09.19 14:57:58.426,1.15774,1.15785,1.00,1.00
2017.09.19 14:57:58.935,1.15773,1.15785,1.00,1.25
2017.09.19 14:57:59.475,1.15774,1.15786,1.00,1.31
2017.09.19 14:57:59.835,1.15772,1.15783,1.50,1.00
2017.09.19 14:58:00.182,1.15775,1.15784,1.00,1.00
2017.09.19 14:58:00.335,1.15776,1.15787,1.00,1.12
2017.09.19 14:58:00.593,1.15778,1.15787,1.00,1.12
2017.09.19 14:58:00.696,1.15776,1.15787,1.00,1.12
2017.09.19 14:58:01.207,1.15776,1.15786,1.00,1.00
2017.09.19 14:58:01.303,1.15773,1.15787,1.50,1.31
2017.09.19 14:58:01.406,1.15773,1.15786,1.00,2.62
2017.09.19 14:58:01.981,1.15772,1.15786,1.50,2.25
2017.09.19 14:58:02.840,1.15773,1.15786,1.00,1.50
2017.09.19 14:58:03.154,1.15777,1.15786,1.00,1.00
2017.09.19 14:58:03.206,1.15775,1.15786,1.00,1.00
2017.09.19 14:58:03.728,1.15774,1.15786,1.50,1.00
2017.09.19 14:58:04.270,1.15774,1.15787,1.00,1.25
2017.09.19 14:58:04.761,1.15772,1.15786,2.25,1.00
2017.09.19 14:58:05.277,1.15773,1.15787,1.00,1.69
2017.09.19 14:58:05.920,1.15774,1.15787,1.00,1.87
2017.09.19 14:58:06.142,1.15774,1.15787,1.00,3.75
2017.09.19 14:58:06.666,1.15775,1.15786,1.00,1.50
2017.09.19 14:58:06.923,1.15773,1.15787,1.25,2.25
2017.09.19 14:58:07.025,1.15775,1.15787,1.00,2.81
2017.09.19 14:58:07.077,1.15775,1.15787,1.50,1.50
2017.09.19 14:58:07.130,1.15776,1.1579,1.00,2.81
2017.09.19 14:58:07.273,1.15777,1.1579,1.00,1.31
2017.09.19 14:58:07.325,1.15774,1.15785,1.37,1.69
2017.09.19 14:58:07.634,1.15772,1.15782,1.00,1.00
2017.09.19 14:58:08.096,1.1577,1.1578,1.50,1.00
2017.09.19 14:58:08.200,1.1577,1.15782,1.00,1.50
2017.09.19 14:58:08.252,1.15769,1.15779,1.00,1.00
2017.09.19 14:58:08.602,1.15769,1.15779,1.00,1.50
2017.09.19 14:58:08.970,1.15767,1.15779,1.00,1.50
2017.09.19 14:58:09.248,1.15769,1.15781,1.00,1.75
2017.09.19 14:58:09.351,1.15768,1.15782,1.00,1.75
2017.09.19 14:58:09.402,1.15769,1.15781,1.00,1.00
2017.09.19 14:58:09.923,1.1577,1.15781,1.00,1.50
2017.09.19 14:58:09.975,1.15768,1.1578,1.00,1.00
2017.09.19 14:58:10.077,1.15766,1.15779,1.00,1.50
2017.09.19 14:58:10.129,1.15767,1.15779,1.00,2.06
2017.09.19 14:58:10.438,1.15765,1.15779,1.00,2.25
2017.09.19 14:58:10.794,1.15765,1.15776,1.00,1.37
2017.09.19 14:58:11.100,1.15768,1.15775,1.00,1.00
2017.09.19 14:58:11.305,1.15768,1.15778,1.00,1.00
2017.09.19 14:58:11.605,1.15765,1.15776,1.50,1.00
2017.09.19 14:58:11.973,1.15766,1.15779,1.00,1.37
2017.09.19 14:58:12.137,1.15764,1.15779,1.00,1.37
2017.09.19 14:58:12.342,1.15764,1.15777,2.25,1.37
2017.09.19 14:58:12.659,1.15766,1.15777,1.00,1.50
2017.09.19 14:58:13.329,1.15765,1.15777,1.00,1.50
2017.09.19 14:58:14.024,1.15764,1.15775,1.25,1.00
2017.09.19 14:58:14.352,1.15766,1.15775,1.00,1.00
2017.09.19 14:58:14.919,1.15765,1.15777,1.00,1.50
2017.09.19 14:58:15.233,1.15771,1.15782,1.50,1.75
2017.09.19 14:58:15.336,1.15771,1.15787,2.25,4.31
2017.09.19 14:58:15.387,1.15771,1.15787,2.25,2.44
2017.09.19 14:58:15.933,1.15772,1.15786,1.00,1.12
2017.09.19 14:58:15.985,1.1577,1.15786,2.06,1.12
2017.09.19 14:58:16.038,1.1577,1.15784,2.06,1.00
2017.09.19 14:58:16.599,1.15771,1.15785,1.25,1.00
2017.09.19 14:58:17.125,1.1577,1.15784,3.19,1.00
2017.09.19 14:58:17.637,1.15772,1.15784,1.00,1.00
2017.09.19 14:58:17.879,1.1577,1.15785,1.50,1.00
2017.09.19 14:58:17.982,1.15772,1.15785,1.00,1.00
2017.09.19 14:58:18.659,1.15772,1.15786,1.00,1.50
2017.09.19 14:58:19.184,1.15772,1.15785,1.00,1.00
2017.09.19 14:58:19.706,1.15771,1.15785,3.19,1.00
2017.09.19 14:58:20.157,1.15773,1.15785,1.00,1.00
2017.09.19 14:58:20.662,1.15772,1.15785,1.69,1.00
2017.09.19 14:58:21.058,1.15772,1.15783,1.37,1.00
2017.09.19 14:58:21.590,1.15775,1.15785,1.00,1.50
2017.09.19 14:58:21.642,1.15775,1.15786,1.00,1.50
2017.09.19 14:58:21.796,1.15777,1.15788,1.00,1.75
2017.09.19 14:58:22.060,1.15775,1.15785,1.69,1.00
2017.09.19 14:58:22.216,1.15776,1.15789,1.00,2.25
2017.09.19 14:58:22.774,1.15774,1.15789,2.25,2.25
2017.09.19 14:58:23.609,1.15772,1.15787,2.25,1.12
2017.09.19 14:58:24.096,1.15774,1.15787,1.00,1.12
2017.09.19 14:58:25.357,1.15775,1.15787,1.00,1.12
2017.09.19 14:58:25.666,1.15772,1.15783,1.00,1.00
2017.09.19 14:58:26.175,1.15773,1.15783,1.00,1.00
2017.09.19 14:58:26.327,1.1577,1.15783,2.81,1.00
2017.09.19 14:58:26.481,1.15774,1.15784,1.00,1.00
2017.09.19 14:58:26.788,1.15773,1.15788,2.25,2.25
2017.09.19 14:58:26.840,1.15776,1.15788,1.00,2.25
2017.09.19 14:58:27.297,1.15774,1.15787,1.00,2.06
2017.09.19 14:58:27.349,1.15774,1.15786,1.00,1.37
2017.09.19 14:58:28.300,1.15772,1.15782,1.00,1.00
2017.09.19 14:58:28.504,1.15769,1.15783,1.69,1.12
2017.09.19 14:58:29.048,1.15769,1.15782,1.12,1.00
2017.09.19 14:58:29.100,1.15771,1.15786,1.50,2.25
2017.09.19 14:58:29.204,1.15771,1.15785,1.31,1.00
2017.09.19 14:58:29.363,1.15773,1.15785,1.00,1.00
2017.09.19 14:58:29.668,1.15775,1.15785,1.00,1.00
2017.09.19 14:58:30.208,1.15774,1.15786,1.50,1.00
2017.09.19 14:58:30.668,1.15776,1.15785,1.00,1.00
2017.09.19 14:58:31.045,1.1578,1.15789,1.00,1.50
2017.09.19 14:58:31.249,1.1578,1.15791,1.00,1.37
2017.09.19 14:58:31.301,1.15782,1.15791,1.00,1.37
2017.09.19 14:58:31.404,1.15783,1.15795,1.00,2.62
2017.09.19 14:58:31.456,1.15783,1.15794,1.00,1.00
2017.09.19 14:58:31.762,1.15786,1.15795,1.00,1.31
2017.09.19 14:58:31.866,1.15783,1.15795,1.00,1.19
2017.09.19 14:58:32.472,1.15784,1.15796,1.00,2.44
2017.09.19 14:58:32.626,1.15786,1.15796,1.00,2.25
2017.09.19 14:58:32.780,1.15784,1.15796,1.00,1.87
2017.09.19 14:58:33.087,1.15786,1.15796,1.00,1.12
2017.09.19 14:58:33.344,1.1578,1.15791,1.12,1.50
2017.09.19 14:58:33.448,1.15782,1.15792,1.00,1.00
2017.09.19 14:58:33.851,1.15777,1.15789,1.00,1.00
2017.09.19 14:58:33.903,1.15777,1.15785,1.00,1.00
2017.09.19 14:58:34.057,1.15774,1.15785,1.00,1.00
2017.09.19 14:58:34.415,1.15771,1.15784,1.12,1.00
2017.09.19 14:58:34.467,1.15771,1.15784,1.00,1.87
2017.09.19 14:58:34.968,1.15772,1.15784,1.00,3.00
2017.09.19 14:58:35.939,1.15773,1.15784,1.00,2.25
2017.09.19 14:58:36.699,1.15772,1.15784,1.00,2.25
2017.09.19 14:58:36.855,1.1577,1.15781,1.00,1.00
2017.09.19 14:58:37.060,1.15772,1.15785,1.00,4.12
2017.09.19 14:58:37.266,1.15773,1.15785,1.00,1.12
2017.09.19 14:58:37.317,1.15772,1.15784,1.00,1.62
2017.09.19 14:58:37.631,1.15777,1.15781,1.00,1.00
2017.09.19 14:58:37.892,1.15778,1.1579,1.00,1.31
2017.09.19 14:58:38.188,1.15775,1.15787,1.00,1.25
2017.09.19 14:58:38.240,1.15777,1.15787,1.00,1.00
2017.09.19 14:58:38.566,1.15781,1.15791,1.00,1.75
2017.09.19 14:58:38.617,1.15779,1.1579,1.00,1.37
2017.09.19 14:58:38.670,1.15778,1.1579,1.25,1.00
2017.09.19 14:58:38.878,1.15777,1.1579,1.00,2.25
2017.09.19 14:58:39.208,1.15779,1.15789,1.00,1.87
2017.09.19 14:58:39.567,1.1578,1.15791,1.50,1.25
2017.09.19 14:58:39.619,1.15782,1.15791,1.00,1.25
2017.09.19 14:58:39.773,1.15783,1.15795,1.00,1.44
2017.09.19 14:58:39.876,1.15786,1.15795,1.00,1.25
2017.09.19 14:58:40.131,1.15786,1.15799,1.00,3.19
2017.09.19 14:58:40.512,1.15786,1.15795,1.00,1.00
2017.09.19 14:58:40.792,1.15782,1.15792,1.00,1.00
2017.09.19 14:58:40.843,1.15777,1.15792,2.25,1.87
2017.09.19 14:58:41.100,1.15777,1.15791,1.00,1.00
2017.09.19 14:58:41.155,1.15778,1.15789,1.25,1.00
2017.09.19 14:58:41.258,1.15776,1.15791,1.50,1.00
2017.09.19 14:58:41.770,1.15777,1.15792,2.06,1.00
2017.09.19 14:58:41.951,1.15777,1.15792,2.06,1.00
2017.09.19 14:58:42.364,1.1578,1.15794,1.00,1.87
2017.09.19 14:58:42.754,1.15781,1.15796,1.12,2.06
2017.09.19 14:58:44.218,1.15781,1.15795,1.12,1.00
2017.09.19 14:58:44.629,1.15783,1.15796,1.00,3.00
2017.09.19 14:58:45.081,1.15785,1.15795,1.00,1.00
2017.09.19 14:58:45.632,1.15786,1.15798,1.00,1.50
2017.09.19 14:58:45.836,1.15783,1.15798,2.25,2.62
2017.09.19 14:58:46.375,1.15784,1.15798,1.50,1.50
2017.09.19 14:58:46.635,1.15787,1.15801,1.00,1.75
2017.09.19 14:58:46.738,1.15788,1.158,1.00,1.00
2017.09.19 14:58:46.979,1.15788,1.15798,1.00,1.00
2017.09.19 14:58:47.081,1.15788,1.158,1.69,1.00
2017.09.19 14:58:47.592,1.15788,1.158,1.00,1.00
2017.09.19 14:58:48.121,1.15787,1.158,1.69,1.00
2017.09.19 14:58:50.237,1.15784,1.15795,1.00,1.00
2017.09.19 14:58:50.494,1.1578,1.15793,2.25,1.12
2017.09.19 14:58:50.996,1.1578,1.15794,2.62,1.37
2017.09.19 14:58:51.047,1.15782,1.15795,1.25,1.00
2017.09.19 14:58:51.455,1.15783,1.15797,1.00,2.25
2017.09.19 14:58:51.558,1.15781,1.15797,3.19,2.25
2017.09.19 14:58:51.864,1.15781,1.15795,2.44,1.00
2017.09.19 14:58:52.208,1.15783,1.15797,1.00,1.50
2017.09.19 14:58:52.321,1.15781,1.15797,2.44,2.25
2017.09.19 14:58:52.828,1.15782,1.15797,1.00,2.44
2017.09.19 14:58:53.342,1.15782,1.15795,1.00,1.00
2017.09.19 14:58:53.863,1.15781,1.15796,2.44,1.00
2017.09.19 14:58:54.178,1.1579,1.15797,1.00,1.00
2017.09.19 14:58:54.334,1.15789,1.15802,1.12,1.00
2017.09.19 14:58:54.620,1.15789,1.158,1.12,1.25
2017.09.19 14:58:54.977,1.15786,1.158,1.87,1.00
2017.09.19 14:58:55.524,1.15786,1.158,2.06,1.00
2017.09.19 14:58:56.051,1.15788,1.158,1.00,1.00
2017.09.19 14:58:56.558,1.15789,1.15801,1.00,1.12
2017.09.19 14:58:56.814,1.15787,1.15797,1.25,1.00
2017.09.19 14:58:57.020,1.15781,1.15796,2.81,1.00
2017.09.19 14:58:57.071,1.15781,1.15795,1.87,1.12
2017.09.19 14:58:57.652,1.15781,1.15794,1.12,1.00
2017.09.19 14:58:58.156,1.1578,1.15793,2.44,1.00
2017.09.19 14:58:58.260,1.15778,1.15791,1.69,1.50
2017.09.19 14:58:58.569,1.15783,1.15793,1.44,1.00
2017.09.19 14:58:59.240,1.15782,1.15794,1.00,1.50
2017.09.19 14:58:59.756,1.15781,1.15793,1.00,1.50
2017.09.19 14:59:00.309,1.1578,1.15792,1.00,1.00
2017.09.19 14:59:00.784,1.1578,1.15794,1.00,1.50
2017.09.19 14:59:01.716,1.1578,1.15793,1.00,1.00
2017.09.19 14:59:01.870,1.15778,1.15789,2.06,1.00
2017.09.19 14:59:01.974,1.15778,1.15791,1.12,1.00
2017.09.19 14:59:02.284,1.15779,1.15794,1.00,1.87
2017.09.19 14:59:02.336,1.15781,1.15794,1.00,1.37
2017.09.19 14:59:02.860,1.15782,1.15795,1.00,1.00
2017.09.19 14:59:02.911,1.15781,1.15793,1.00,1.00
2017.09.19 14:59:03.424,1.1578,1.15794,1.31,1.50
2017.09.19 14:59:03.932,1.15785,1.15793,1.00,1.00
2017.09.19 14:59:04.239,1.15783,1.15793,1.00,1.00
2017.09.19 14:59:04.341,1.15786,1.15793,1.00,1.00
2017.09.19 14:59:04.444,1.15786,1.15797,1.00,1.31
2017.09.19 14:59:04.597,1.15781,1.15794,1.50,1.00
2017.09.19 14:59:04.803,1.15781,1.15792,1.00,1.00
2017.09.19 14:59:05.511,1.1578,1.15793,1.12,1.00
2017.09.19 14:59:05.852,1.15781,1.15791,1.50,1.00
2017.09.19 14:59:05.903,1.15781,1.15793,2.25,1.00
2017.09.19 14:59:06.006,1.15782,1.15795,1.00,1.00
2017.09.19 14:59:06.210,1.15786,1.15795,1.00,1.00
2017.09.19 14:59:06.262,1.15784,1.15797,1.50,2.25
2017.09.19 14:59:06.365,1.15785,1.15795,1.00,1.00
2017.09.19 14:59:06.726,1.15786,1.15798,1.00,1.25
2017.09.19 14:59:07.208,1.15788,1.15799,1.00,1.00
2017.09.19 14:59:07.542,1.15789,1.15802,1.00,1.12
2017.09.19 14:59:07.851,1.15787,1.15799,1.87,1.00
2017.09.19 14:59:08.435,1.15788,1.158,1.50,1.00
2017.09.19 14:59:09.195,1.15785,1.15799,1.12,1.00
2017.09.19 14:59:09.248,1.15786,1.15795,1.00,1.00
2017.09.19 14:59:09.300,1.15787,1.15798,1.69,1.00
2017.09.19 14:59:09.819,1.15788,1.15798,1.00,1.00
2017.09.19 14:59:10.329,1.15787,1.15798,1.87,1.00
2017.09.19 14:59:10.609,1.15785,1.15797,1.00,1.00
2017.09.19 14:59:11.228,1.15785,1.15796,1.25,1.00
2017.09.19 14:59:11.528,1.15787,1.15797,1.50,1.00
2017.09.19 14:59:11.580,1.1579,1.15801,1.00,1.12
2017.09.19 14:59:12.094,1.15789,1.15801,1.00,1.00
2017.09.19 14:59:12.616,1.15789,1.15802,1.00,1.12
2017.09.19 14:59:13.168,1.1579,1.15802,1.00,1.31
2017.09.19 14:59:13.537,1.1579,1.158,1.00,1.00
2017.09.19 14:59:14.102,1.15789,1.158,2.44,1.00
2017.09.19 14:59:14.628,1.15793,1.15803,1.00,1.37
2017.09.19 14:59:14.730,1.15789,1.15802,1.31,1.00
2017.09.19 14:59:14.986,1.15789,1.15799,1.31,1.00
2017.09.19 14:59:15.314,1.15789,1.15796,1.25,1.00
2017.09.19 14:59:15.469,1.15789,1.15798,1.25,1.00
2017.09.19 14:59:15.776,1.15786,1.158,1.00,1.19
2017.09.19 14:59:15.828,1.15787,1.15801,1.00,2.06
2017.09.19 14:59:15.983,1.15788,1.15803,1.50,3.00
2017.09.19 14:59:16.136,1.15788,1.158,1.00,1.00
2017.09.19 14:59:16.760,1.15789,1.158,1.00,1.25
2017.09.19 14:59:16.811,1.15787,1.15799,1.12,1.00
2017.09.19 14:59:16.863,1.15784,1.15797,1.75,1.50
2017.09.19 14:59:17.016,1.15781,1.15792,1.00,1.00
2017.09.19 14:59:17.266,1.15783,1.15794,1.00,1.75
2017.09.19 14:59:17.318,1.15783,1.15794,1.50,1.00
2017.09.19 14:59:17.830,1.15782,1.15794,2.44,1.00
2017.09.19 14:59:17.938,1.15784,1.15795,1.00,1.00
2017.09.19 14:59:18.306,1.15781,1.15795,2.25,1.00
2017.09.19 14:59:18.357,1.15783,1.15795,1.00,1.00
2017.09.19 14:59:18.665,1.15785,1.15797,1.00,1.37
2017.09.19 14:59:18.820,1.15786,1.15798,1.00,1.00
2017.09.19 14:59:19.260,1.15787,1.15794,1.00,1.00
2017.09.19 14:59:19.313,1.15787,1.15797,1.00,1.00
2017.09.19 14:59:19.520,1.15788,1.158,1.00,1.00
2017.09.19 14:59:19.676,1.15788,1.15798,1.00,1.00
2017.09.19 14:59:20.423,1.15788,1.15799,1.00,1.00
2017.09.19 14:59:21.666,1.15787,1.15799,1.00,1.00
2017.09.19 14:59:22.992,1.15787,1.158,1.00,1.00
2017.09.19 14:59:24.160,1.15787,1.15799,1.00,1.00
2017.09.19 14:59:24.467,1.15788,1.15801,2.44,1.00
2017.09.19 14:59:24.856,1.1579,1.15801,1.00,1.00
2017.09.19 14:59:25.898,1.15789,1.15801,1.00,1.00
2017.09.19 14:59:26.443,1.15788,1.158,1.00,1.00
2017.09.19 14:59:26.927,1.15789,1.15803,2.25,1.00
2017.09.19 14:59:26.979,1.15789,1.15801,1.00,1.00
2017.09.19 14:59:27.291,1.15782,1.15793,1.75,1.00
2017.09.19 14:59:27.513,1.15782,1.15793,1.00,1.00
2017.09.19 14:59:28.267,1.1578,1.15793,1.19,1.00
2017.09.19 14:59:30.032,1.1578,1.15793,1.50,1.50
2017.09.19 14:59:30.239,1.1578,1.15791,1.00,1.00
2017.09.19 14:59:30.404,1.15779,1.15793,1.69,1.50
2017.09.19 14:59:30.629,1.15779,1.15791,1.69,1.00
2017.09.19 14:59:31.014,1.15778,1.15789,1.00,1.00
2017.09.19 14:59:31.066,1.15779,1.15792,1.00,1.00
2017.09.19 14:59:31.660,1.1578,1.15792,1.00,1.00
2017.09.19 14:59:32.391,1.15781,1.15793,1.69,1.50
2017.09.19 14:59:33.287,1.15781,1.15794,1.50,1.00
2017.09.19 14:59:34.421,1.15781,1.15793,1.25,1.00
2017.09.19 14:59:36.510,1.1578,1.15792,1.69,1.00
2017.09.19 14:59:36.764,1.15781,1.15794,1.50,1.50
2017.09.19 14:59:37.282,1.15781,1.15793,1.25,1.00
2017.09.19 14:59:37.656,1.15788,1.15795,1.25,1.00
2017.09.19 14:59:37.805,1.15788,1.15802,1.25,1.50
2017.09.19 14:59:37.857,1.1579,1.15802,1.00,1.00
2017.09.19 14:59:38.062,1.15791,1.15804,1.25,1.00
2017.09.19 14:59:38.114,1.15792,1.15802,1.00,1.00
2017.09.19 14:59:38.634,1.15791,1.15803,1.25,1.00
2017.09.19 14:59:38.942,1.15791,1.158,1.25,1.00
2017.09.19 14:59:39.449,1.15791,1.15801,1.25,1.00
2017.09.19 14:59:40.000,1.15791,1.158,1.00,1.00
2017.09.19 14:59:40.104,1.15791,1.15802,2.44,1.00
2017.09.19 14:59:40.598,1.15791,1.158,2.44,1.00
2017.09.19 14:59:40.929,1.15792,1.15802,2.25,1.00
2017.09.19 14:59:41.286,1.15793,1.158,1.00,1.00
2017.09.19 14:59:41.337,1.15793,1.15802,1.00,1.00
2017.09.19 14:59:41.440,1.15792,1.158,1.00,1.00
2017.09.19 14:59:42.145,1.15792,1.15798,1.00,1.00
2017.09.19 14:59:42.299,1.15789,1.15798,2.44,1.00
2017.09.19 14:59:42.350,1.15789,1.158,2.44,1.00
2017.09.19 14:59:42.504,1.15789,1.15798,1.00,1.00
2017.09.19 14:59:42.687,1.15789,1.158,1.00,1.00
2017.09.19 14:59:42.994,1.15791,1.15801,1.00,1.00
2017.09.19 14:59:43.508,1.15791,1.15802,1.87,1.00
2017.09.19 14:59:44.014,1.15792,1.15802,1.00,1.00
2017.09.19 14:59:44.875,1.15792,1.15803,1.00,1.00
2017.09.19 14:59:45.182,1.15795,1.15801,1.00,1.00
2017.09.19 14:59:45.518,1.15794,1.15799,1.12,1.00
2017.09.19 14:59:45.569,1.15794,1.15801,1.12,1.00
2017.09.19 14:59:45.723,1.15793,1.15797,1.00,1.00
2017.09.19 14:59:45.775,1.1579,1.15799,1.00,1.00
2017.09.19 14:59:45.878,1.15794,1.15803,1.00,1.00
2017.09.19 14:59:45.930,1.15794,1.15806,1.00,1.00
2017.09.19 14:59:47.656,1.15793,1.15806,1.87,1.69
2017.09.19 14:59:48.452,1.15795,1.15806,1.00,1.25
2017.09.19 14:59:48.605,1.15793,1.15806,1.87,1.25
2017.09.19 14:59:49.948,1.1579,1.15804,3.75,1.00
2017.09.19 14:59:50.103,1.1579,1.15804,1.00,3.19
2017.09.19 14:59:50.664,1.1579,1.15804,1.50,2.62
2017.09.19 14:59:51.074,1.15792,1.15803,1.00,1.00
2017.09.19 14:59:51.179,1.15789,1.15802,1.12,1.00
2017.09.19 14:59:51.637,1.15789,1.15804,1.87,1.50
2017.09.19 14:59:51.688,1.15789,1.15799,1.12,1.00
2017.09.19 14:59:51.740,1.1579,1.15802,1.00,1.00
2017.09.19 14:59:52.450,1.15789,1.15802,1.12,1.00
2017.09.19 14:59:52.502,1.15786,1.15796,1.75,1.00
2017.09.19 14:59:52.605,1.15787,1.15796,1.00,1.00
2017.09.19 14:59:52.656,1.15787,1.15799,1.69,1.00
2017.09.19 14:59:52.810,1.15788,1.15797,1.00,1.00
2017.09.19 14:59:53.777,1.15787,1.15797,1.12,1.00
2017.09.19 14:59:54.288,1.15785,1.15796,1.50,1.00
2017.09.19 14:59:54.544,1.15788,1.15799,1.00,1.00
2017.09.19 14:59:54.597,1.15785,1.15797,1.50,1.00
2017.09.19 14:59:54.907,1.15785,1.15793,1.50,1.00
2017.09.19 14:59:55.163,1.15779,1.15792,1.75,1.00
2017.09.19 14:59:55.215,1.15779,1.15792,1.50,1.50
2017.09.19 14:59:55.363,1.15777,1.15789,2.62,1.00
2017.09.19 14:59:55.806,1.15777,1.15787,2.25,1.00
2017.09.19 14:59:55.959,1.15774,1.15786,3.75,1.00
2017.09.19 14:59:56.011,1.15775,1.15784,1.12,1.00
2017.09.19 14:59:56.113,1.15774,1.15786,1.37,1.00
2017.09.19 14:59:56.607,1.15774,1.15783,1.87,1.00
2017.09.19 14:59:56.914,1.15774,1.15781,1.00,1.00
2017.09.19 14:59:57.461,1.15773,1.15781,1.00,1.00
2017.09.19 14:59:57.708,1.15771,1.15781,1.00,1.00
2017.09.19 14:59:58.219,1.15769,1.15781,2.81,1.00
2017.09.19 14:59:58.951,1.15769,1.1578,2.62,1.00
2017.09.19 14:59:59.323,1.15772,1.15782,1.25,1.00
2017.09.19 14:59:59.527,1.15773,1.15784,1.31,1.00
2017.09.19 14:59:59.987,1.15774,1.15786,1.12,1.00
