2013.08.07 16:00:00.077,1.04875,1.04893,2.48,1.35
2013.08.07 16:00:00.258,1.04876,1.04893,1.73,1.35
2013.08.07 16:00:00.318,1.04876,1.04896,1.73,2.10
2013.08.07 16:00:00.437,1.04876,1.04894,1.73,1.43
2013.08.07 16:00:00.937,1.04875,1.04894,1.50,1.80
2013.08.07 16:00:01.248,1.04876,1.04892,1.50,1.43
2013.08.07 16:00:01.571,1.04876,1.04893,2.25,2.10
2013.08.07 16:00:02.121,1.04875,1.04891,1.50,1.35
2013.08.07 16:00:02.307,1.04875,1.0489,1.50,2.03
2013.08.07 16:00:02.875,1.04875,1.04888,1.50,1.35
2013.08.07 16:00:04.957,1.04873,1.04889,1.50,1.35
2013.08.07 16:00:05.187,1.0487,1.04889,1.50,1.35
2013.08.07 16:00:05.768,1.04873,1.04888,1.50,1.35
2013.08.07 16:00:08.287,1.04872,1.04889,1.50,1.80
2013.08.07 16:00:08.347,1.04872,1.04889,1.50,2.48
2013.08.07 16:00:08.657,1.04872,1.04888,1.50,1.28
2013.08.07 16:00:09.077,1.04872,1.04889,1.50,1.35
2013.08.07 16:00:09.137,1.04872,1.04889,1.50,1.35
2013.08.07 16:00:13.369,1.04872,1.04889,1.50,2.70
2013.08.07 16:00:13.668,1.04872,1.04889,1.50,1.35
2013.08.07 16:00:14.446,1.04875,1.04889,1.50,1.35
2013.08.07 16:00:14.820,1.04872,1.04888,1.50,1.28
2013.08.07 16:00:15.138,1.04872,1.04885,1.50,1.35
2013.08.07 16:00:17.287,1.04871,1.04887,1.50,1.35
2013.08.07 16:00:17.347,1.04871,1.04887,1.50,1.35
2013.08.07 16:00:20.908,1.04875,1.04889,1.50,1.43
2013.08.07 16:00:21.028,1.04875,1.04893,1.50,2.03
2013.08.07 16:00:21.147,1.04876,1.04893,1.50,1.28
2013.08.07 16:00:21.999,1.04876,1.04893,2.25,1.65
2013.08.07 16:00:22.357,1.04876,1.04887,1.50,1.95
2013.08.07 16:00:22.417,1.04871,1.04887,1.50,1.95
2013.08.07 16:00:23.329,1.04873,1.04887,1.50,1.95
2013.08.07 16:00:23.884,1.04873,1.04887,1.50,1.95
2013.08.07 16:00:25.141,1.04872,1.0489,1.50,2.40
2013.08.07 16:00:25.207,1.04873,1.0489,1.50,1.35
2013.08.07 16:00:25.573,1.04875,1.04888,1.50,1.35
2013.08.07 16:00:32.137,1.04873,1.04888,1.50,1.35
2013.08.07 16:00:34.037,1.04873,1.04888,1.50,1.35
2013.08.07 16:00:35.091,1.04874,1.04886,1.50,1.35
2013.08.07 16:00:35.158,1.04874,1.0489,1.50,1.35
2013.08.07 16:00:35.487,1.04874,1.04889,1.50,2.03
2013.08.07 16:00:35.548,1.04873,1.04887,1.50,1.35
2013.08.07 16:00:36.138,1.04873,1.04887,1.50,1.35
2013.08.07 16:00:36.208,1.04873,1.04887,1.50,1.35
2013.08.07 16:00:36.387,1.04873,1.04889,1.50,1.35
2013.08.07 16:00:41.332,1.04873,1.04889,1.50,1.35
2013.08.07 16:00:42.003,1.04873,1.04888,1.50,1.35
2013.08.07 16:00:44.878,1.04873,1.04888,1.50,1.35
2013.08.07 16:00:49.093,1.0487,1.04887,1.50,1.35
2013.08.07 16:00:49.166,1.04863,1.04878,1.50,2.55
2013.08.07 16:00:49.231,1.04858,1.04876,1.20,1.35
2013.08.07 16:00:49.297,1.04856,1.04876,2.85,1.35
2013.08.07 16:00:50.069,1.04858,1.04876,1.13,1.35
2013.08.07 16:00:50.367,1.04862,1.04882,2.10,2.10
2013.08.07 16:00:50.547,1.04864,1.04882,1.50,2.10
2013.08.07 16:00:51.103,1.04866,1.04882,1.50,1.35
2013.08.07 16:00:55.358,1.04866,1.04882,1.50,1.73
2013.08.07 16:00:55.477,1.04865,1.04881,1.50,1.05
2013.08.07 16:00:55.538,1.04862,1.04881,2.18,3.83
2013.08.07 16:00:55.657,1.0486,1.04879,2.18,1.35
2013.08.07 16:00:57.567,1.04862,1.04877,1.50,1.35
2013.08.07 16:00:58.107,1.04858,1.04876,1.50,2.10
2013.08.07 16:01:03.719,1.04858,1.04875,1.50,1.35
2013.08.07 16:01:03.778,1.04858,1.04872,1.50,1.35
2013.08.07 16:01:04.138,1.04854,1.0487,2.25,1.35
2013.08.07 16:01:04.198,1.04854,1.04868,1.50,1.35
2013.08.07 16:01:04.438,1.04849,1.04866,1.50,1.35
2013.08.07 16:01:04.943,1.04849,1.04864,1.50,1.35
2013.08.07 16:01:05.456,1.04846,1.04866,2.25,1.35
2013.08.07 16:01:05.951,1.04848,1.04866,1.50,2.10
2013.08.07 16:01:06.127,1.04848,1.04866,1.50,2.10
2013.08.07 16:01:06.427,1.04848,1.04866,2.18,2.10
2013.08.07 16:01:06.979,1.04846,1.04866,2.93,1.35
2013.08.07 16:01:07.537,1.04848,1.04866,1.43,1.35
2013.08.07 16:01:07.597,1.04846,1.04866,2.93,1.35
2013.08.07 16:01:09.292,1.04845,1.04864,1.43,1.43
2013.08.07 16:01:09.478,1.04845,1.04862,1.43,1.35
2013.08.07 16:01:09.597,1.04842,1.0486,1.50,1.35
2013.08.07 16:01:09.658,1.04841,1.0486,1.50,1.35
2013.08.07 16:01:09.837,1.04842,1.0486,1.50,1.35
2013.08.07 16:01:10.068,1.04841,1.0486,1.50,1.35
2013.08.07 16:01:10.947,1.04842,1.0486,1.50,1.35
2013.08.07 16:01:12.529,1.04844,1.04861,1.50,2.10
2013.08.07 16:01:15.228,1.04845,1.04863,1.43,2.18
2013.08.07 16:01:15.767,1.04846,1.04863,1.50,1.43
2013.08.07 16:01:16.187,1.04846,1.04862,2.25,1.35
2013.08.07 16:01:16.487,1.04846,1.04864,2.93,1.43
2013.08.07 16:01:16.547,1.04846,1.04863,2.25,1.43
2013.08.07 16:01:16.968,1.04846,1.04862,1.50,1.35
2013.08.07 16:01:17.028,1.04846,1.04862,1.50,1.35
2013.08.07 16:01:17.727,1.04841,1.0486,1.50,1.43
2013.08.07 16:01:17.847,1.04841,1.04858,1.50,1.35
2013.08.07 16:01:23.157,1.04841,1.04855,1.50,1.35
2013.08.07 16:01:23.657,1.04841,1.04855,1.50,1.35
2013.08.07 16:01:25.010,1.04841,1.04857,1.50,2.03
2013.08.07 16:01:26.668,1.04841,1.04855,1.50,1.35
2013.08.07 16:01:26.968,1.04833,1.0485,2.25,1.35
2013.08.07 16:01:27.259,1.04833,1.0485,1.50,1.35
2013.08.07 16:01:27.383,1.04831,1.04848,1.50,1.35
2013.08.07 16:01:27.507,1.04828,1.04848,1.50,1.35
2013.08.07 16:01:28.772,1.04832,1.04848,1.50,1.35
2013.08.07 16:01:29.609,1.04833,1.04846,1.50,1.35
2013.08.07 16:01:31.207,1.04834,1.04849,1.50,1.35
2013.08.07 16:01:31.727,1.04834,1.04849,1.50,1.35
2013.08.07 16:01:31.987,1.04834,1.0485,1.50,2.10
2013.08.07 16:01:32.289,1.04835,1.04852,2.18,1.43
2013.08.07 16:01:32.349,1.04836,1.04854,1.50,1.50
2013.08.07 16:01:32.588,1.04836,1.04853,1.50,1.13
2013.08.07 16:01:32.889,1.04835,1.0485,1.50,1.35
2013.08.07 16:01:33.128,1.04836,1.04852,1.50,1.43
2013.08.07 16:01:33.248,1.04837,1.04852,1.50,1.43
2013.08.07 16:01:33.427,1.04837,1.04856,2.18,2.18
2013.08.07 16:01:33.969,1.04837,1.04856,1.50,1.35
2013.08.07 16:01:34.633,1.04837,1.04856,1.50,1.35
2013.08.07 16:01:34.700,1.04837,1.04856,1.50,1.73
2013.08.07 16:01:34.831,1.04839,1.04856,1.43,1.43
2013.08.07 16:01:34.960,1.04837,1.04853,1.50,1.35
2013.08.07 16:01:35.028,1.04836,1.04853,1.50,1.35
2013.08.07 16:01:35.087,1.04836,1.04855,2.18,1.43
2013.08.07 16:01:35.495,1.04838,1.04856,1.50,2.10
2013.08.07 16:01:36.480,1.0484,1.04856,1.50,1.35
2013.08.07 16:01:36.929,1.04839,1.04856,1.50,1.35
2013.08.07 16:01:39.589,1.0484,1.04856,1.50,1.35
2013.08.07 16:01:50.669,1.0484,1.04856,1.50,1.43
2013.08.07 16:01:51.299,1.04836,1.04855,1.50,1.43
2013.08.07 16:01:59.859,1.04837,1.04855,1.50,1.43
2013.08.07 16:02:00.418,1.04837,1.04856,2.25,1.35
2013.08.07 16:02:02.739,1.04837,1.04855,1.50,2.18
2013.08.07 16:02:02.857,1.04835,1.04853,1.43,1.50
2013.08.07 16:02:03.438,1.04836,1.04854,1.50,1.50
2013.08.07 16:02:04.023,1.04836,1.04856,3.60,2.18
2013.08.07 16:02:04.410,1.04836,1.04853,2.18,1.43
2013.08.07 16:02:04.947,1.04832,1.04852,2.70,2.10
2013.08.07 16:02:05.957,1.04832,1.04852,2.03,2.10
2013.08.07 16:02:07.118,1.04832,1.04852,2.03,2.10
2013.08.07 16:02:07.627,1.04832,1.04852,2.03,1.43
2013.08.07 16:02:08.807,1.04832,1.04852,1.43,1.43
2013.08.07 16:02:08.987,1.04831,1.04849,2.25,1.43
2013.08.07 16:02:09.497,1.04831,1.04849,1.50,1.43
2013.08.07 16:02:10.347,1.04831,1.04849,1.50,1.80
2013.08.07 16:02:14.198,1.04831,1.04849,1.50,1.43
2013.08.07 16:02:17.367,1.04831,1.04847,1.50,1.80
2013.08.07 16:02:17.568,1.04831,1.04847,1.50,1.43
2013.08.07 16:02:20.547,1.04829,1.04848,2.10,1.13
2013.08.07 16:02:31.579,1.04831,1.04848,1.43,1.13
2013.08.07 16:02:39.159,1.04831,1.04848,2.10,1.88
2013.08.07 16:02:39.399,1.04828,1.04848,2.10,3.60
2013.08.07 16:02:39.909,1.04828,1.04848,2.85,3.60
2013.08.07 16:02:41.128,1.04829,1.04848,1.50,4.35
2013.08.07 16:02:42.408,1.0483,1.04848,1.50,3.60
2013.08.07 16:02:44.468,1.04831,1.04849,2.55,1.13
2013.08.07 16:02:44.528,1.04833,1.04853,2.10,1.80
2013.08.07 16:02:44.589,1.04835,1.04854,1.43,2.18
2013.08.07 16:02:44.888,1.04837,1.04856,2.10,1.43
2013.08.07 16:02:45.407,1.04838,1.04858,1.35,1.43
2013.08.07 16:02:46.458,1.04838,1.04854,1.35,1.13
2013.08.07 16:02:46.758,1.04834,1.04851,2.18,1.35
2013.08.07 16:02:46.997,1.04834,1.04851,2.18,1.35
2013.08.07 16:02:48.867,1.04833,1.04851,2.10,1.73
2013.08.07 16:02:49.167,1.04833,1.04851,2.10,1.73
2013.08.07 16:02:50.998,1.04831,1.0485,1.50,1.50
2013.08.07 16:02:51.057,1.04831,1.0485,1.50,1.50
2013.08.07 16:02:51.544,1.04833,1.0485,1.43,1.13
2013.08.07 16:02:52.148,1.04833,1.04851,2.03,2.48
2013.08.07 16:02:52.268,1.04835,1.04853,1.35,1.50
2013.08.07 16:02:52.807,1.04836,1.04855,1.50,1.43
2013.08.07 16:02:53.368,1.04835,1.04855,2.93,1.43
2013.08.07 16:02:53.557,1.04835,1.04855,2.18,1.43
2013.08.07 16:02:54.098,1.04836,1.04855,1.50,1.43
2013.08.07 16:02:54.647,1.04838,1.04857,2.10,1.80
2013.08.07 16:02:56.558,1.04837,1.04855,1.43,2.48
2013.08.07 16:02:57.368,1.04836,1.04854,1.50,3.38
2013.08.07 16:02:57.428,1.04834,1.04853,1.43,1.35
2013.08.07 16:02:57.548,1.04832,1.04852,2.85,2.70
2013.08.07 16:02:58.066,1.04831,1.04849,1.50,1.05
2013.08.07 16:02:59.239,1.04831,1.04849,1.50,1.05
2013.08.07 16:03:12.287,1.0483,1.04847,1.43,1.43
2013.08.07 16:03:12.818,1.04828,1.04846,2.18,1.43
2013.08.07 16:03:17.659,1.04828,1.04846,2.18,2.10
2013.08.07 16:03:18.403,1.04828,1.04845,1.50,1.35
2013.08.07 16:03:20.338,1.04828,1.04845,1.50,1.35
2013.08.07 16:03:20.637,1.0483,1.04848,2.25,1.35
2013.08.07 16:03:20.697,1.04831,1.04849,1.50,2.78
2013.08.07 16:03:20.758,1.04831,1.04849,2.18,1.43
2013.08.07 16:03:21.058,1.04828,1.04849,2.10,2.85
2013.08.07 16:03:21.177,1.04828,1.04848,1.43,2.10
2013.08.07 16:03:38.219,1.04827,1.04847,1.50,4.05
2013.08.07 16:03:42.668,1.04827,1.04844,1.50,1.35
2013.08.07 16:03:43.028,1.04823,1.04843,3.60,1.80
2013.08.07 16:03:43.268,1.04821,1.04836,1.50,1.35
2013.08.07 16:03:44.677,1.04818,1.04836,1.13,1.35
2013.08.07 16:03:52.749,1.04818,1.04836,1.80,1.43
2013.08.07 16:03:52.931,1.04818,1.04836,1.80,1.13
2013.08.07 16:03:53.468,1.04818,1.04834,1.13,1.80
2013.08.07 16:03:54.071,1.0482,1.04835,1.13,1.35
2013.08.07 16:03:54.199,1.04822,1.04839,1.35,1.13
2013.08.07 16:03:54.438,1.0482,1.04839,2.10,1.88
2013.08.07 16:03:54.619,1.04819,1.04836,1.50,1.43
2013.08.07 16:03:54.978,1.04819,1.04836,1.50,1.28
2013.08.07 16:03:55.760,1.04818,1.04837,2.18,2.10
2013.08.07 16:04:00.313,1.04819,1.04837,1.50,1.35
2013.08.07 16:04:09.267,1.0482,1.04838,1.43,1.35
2013.08.07 16:04:09.914,1.0482,1.04839,1.43,2.18
2013.08.07 16:04:12.613,1.0482,1.04839,2.18,1.43
2013.08.07 16:04:12.685,1.0482,1.04837,1.50,1.35
2013.08.07 16:04:14.437,1.0482,1.04839,1.50,2.18
2013.08.07 16:04:15.467,1.0482,1.04838,1.50,1.28
2013.08.07 16:04:15.768,1.04818,1.04835,1.43,2.55
2013.08.07 16:04:15.947,1.04812,1.04832,2.18,1.43
2013.08.07 16:04:26.407,1.04814,1.04832,1.50,1.43
2013.08.07 16:04:28.687,1.04814,1.04832,1.50,1.43
2013.08.07 16:04:33.258,1.04814,1.04832,1.50,2.03
2013.08.07 16:04:33.377,1.04813,1.04831,1.50,1.35
2013.08.07 16:04:34.068,1.04813,1.0483,1.50,1.35
2013.08.07 16:04:34.808,1.04811,1.0483,1.50,1.35
2013.08.07 16:04:35.517,1.0481,1.0483,2.85,2.10
2013.08.07 16:04:37.179,1.0481,1.04828,1.50,1.43
2013.08.07 16:04:49.020,1.0481,1.04826,1.50,1.35
2013.08.07 16:04:49.678,1.0481,1.04827,1.50,1.35
2013.08.07 16:04:59.268,1.0481,1.04828,2.18,2.03
2013.08.07 16:05:00.048,1.04811,1.04828,1.43,1.35
2013.08.07 16:05:00.229,1.04811,1.04828,1.43,1.35
2013.08.07 16:05:00.365,1.04811,1.04828,2.93,1.35
2013.08.07 16:05:00.888,1.04814,1.04829,1.50,1.43
2013.08.07 16:05:01.008,1.04813,1.04831,1.43,1.43
2013.08.07 16:05:01.068,1.04812,1.04832,2.18,2.18
2013.08.07 16:05:01.128,1.04813,1.04832,1.50,1.43
2013.08.07 16:05:01.678,1.04814,1.04832,1.50,2.10
2013.08.07 16:05:02.059,1.04815,1.04832,1.50,1.43
2013.08.07 16:05:02.987,1.04814,1.04832,2.18,1.80
2013.08.07 16:05:03.047,1.04814,1.04832,1.43,1.80
2013.08.07 16:05:07.589,1.04813,1.0483,1.50,1.73
2013.08.07 16:05:08.164,1.04812,1.04829,1.50,1.35
2013.08.07 16:05:13.338,1.0481,1.04829,1.50,1.35
2013.08.07 16:05:14.139,1.04811,1.04829,2.93,1.35
2013.08.07 16:05:14.259,1.04818,1.04833,1.13,1.43
2013.08.07 16:05:14.379,1.0482,1.04837,1.43,1.50
2013.08.07 16:05:14.439,1.0482,1.04838,1.43,1.50
2013.08.07 16:05:15.014,1.0482,1.0484,1.43,1.43
2013.08.07 16:05:16.468,1.04821,1.0484,1.50,1.43
2013.08.07 16:05:16.899,1.04818,1.04835,1.50,2.10
2013.08.07 16:05:17.378,1.0482,1.04837,1.50,2.85
2013.08.07 16:05:17.558,1.04822,1.0484,2.18,2.18
2013.08.07 16:05:17.678,1.04822,1.0484,2.18,2.18
2013.08.07 16:05:18.229,1.04822,1.0484,1.43,1.43
2013.08.07 16:05:25.401,1.0482,1.04839,2.93,1.43
2013.08.07 16:05:25.838,1.04821,1.04839,1.43,2.10
2013.08.07 16:05:31.939,1.04821,1.04839,1.43,1.43
2013.08.07 16:05:32.189,1.04821,1.04839,1.43,1.43
2013.08.07 16:05:44.740,1.04821,1.04838,1.43,1.50
2013.08.07 16:05:44.802,1.04821,1.04838,1.43,2.25
2013.08.07 16:05:45.108,1.04811,1.0483,2.25,2.10
2013.08.07 16:05:45.181,1.04811,1.0483,1.50,2.10
2013.08.07 16:05:45.743,1.04811,1.0483,2.25,2.10
2013.08.07 16:05:46.457,1.04811,1.0483,2.25,2.10
2013.08.07 16:05:49.529,1.04816,1.04831,1.50,1.05
2013.08.07 16:05:49.589,1.04817,1.04833,1.50,1.35
2013.08.07 16:05:49.768,1.04817,1.04836,1.88,1.43
2013.08.07 16:05:49.887,1.04819,1.04838,1.43,2.10
2013.08.07 16:05:50.187,1.0482,1.04838,1.50,2.10
2013.08.07 16:05:53.128,1.04822,1.04837,1.50,1.35
2013.08.07 16:05:55.980,1.04822,1.0484,1.50,3.83
2013.08.07 16:05:56.099,1.04819,1.04837,1.50,1.35
2013.08.07 16:05:56.578,1.04822,1.0484,1.50,4.20
2013.08.07 16:05:58.378,1.04822,1.04837,1.50,1.35
2013.08.07 16:06:01.657,1.04822,1.04839,1.50,1.43
2013.08.07 16:06:01.898,1.04822,1.04838,1.50,1.35
2013.08.07 16:06:06.138,1.04822,1.04837,1.50,1.43
2013.08.07 16:06:06.708,1.04822,1.04835,1.50,2.10
2013.08.07 16:06:12.208,1.04822,1.04836,1.50,2.10
2013.08.07 16:06:17.041,1.04817,1.04831,1.50,1.35
2013.08.07 16:06:19.499,1.04816,1.04831,1.50,1.35
2013.08.07 16:06:33.728,1.04816,1.04831,1.50,1.28
2013.08.07 16:06:34.640,1.04816,1.0483,1.50,1.43
2013.08.07 16:06:34.819,1.04812,1.04825,1.50,1.35
2013.08.07 16:06:35.386,1.04807,1.04826,2.18,1.28
2013.08.07 16:06:38.788,1.04809,1.04827,1.43,2.40
2013.08.07 16:06:38.848,1.04809,1.04825,1.43,2.10
2013.08.07 16:06:38.908,1.04807,1.04825,1.43,2.78
2013.08.07 16:06:39.148,1.04807,1.04825,1.43,1.35
2013.08.07 16:06:39.208,1.0481,1.04825,1.50,1.35
2013.08.07 16:06:43.668,1.0481,1.04825,1.50,2.03
2013.08.07 16:06:43.788,1.04806,1.04824,1.43,1.43
2013.08.07 16:06:44.198,1.04809,1.04824,1.50,1.43
2013.08.07 16:06:44.799,1.04809,1.04824,1.50,1.43
2013.08.07 16:06:54.658,1.04809,1.04824,1.50,2.03
2013.08.07 16:06:55.018,1.04805,1.04821,1.50,1.43
2013.08.07 16:06:57.148,1.04806,1.04821,1.50,1.43
2013.08.07 16:06:57.800,1.04807,1.04821,1.50,2.03
2013.08.07 16:07:00.188,1.04807,1.04821,1.50,2.03
2013.08.07 16:07:06.388,1.04806,1.04821,1.50,2.03
2013.08.07 16:07:06.910,1.04801,1.0482,1.50,3.08
2013.08.07 16:07:07.140,1.04804,1.04819,1.50,1.43
2013.08.07 16:07:07.658,1.04804,1.04819,1.50,1.43
2013.08.07 16:07:09.138,1.048,1.04815,1.50,1.43
2013.08.07 16:07:09.497,1.04803,1.04815,1.50,1.43
2013.08.07 16:07:09.968,1.04801,1.04815,1.50,1.43
2013.08.07 16:07:10.209,1.04801,1.04815,1.50,1.43
2013.08.07 16:07:10.329,1.04798,1.04815,1.50,1.43
2013.08.07 16:07:10.449,1.04798,1.04815,1.50,2.10
2013.08.07 16:07:11.108,1.04794,1.04812,1.50,2.10
2013.08.07 16:07:12.189,1.04796,1.04811,1.13,1.43
2013.08.07 16:07:12.248,1.04796,1.04811,1.88,1.43
2013.08.07 16:07:12.428,1.04796,1.04811,1.13,1.43
2013.08.07 16:07:13.029,1.04796,1.04811,1.13,1.43
2013.08.07 16:07:17.169,1.04795,1.04812,1.50,1.43
2013.08.07 16:07:17.870,1.04795,1.04812,1.13,1.43
2013.08.07 16:07:18.108,1.04792,1.04812,1.80,1.43
2013.08.07 16:07:20.738,1.04794,1.04811,1.13,1.43
2013.08.07 16:07:25.721,1.04795,1.04811,1.13,1.43
2013.08.07 16:07:32.830,1.04795,1.04811,1.13,1.43
2013.08.07 16:07:33.478,1.04795,1.04811,1.13,1.43
2013.08.07 16:07:34.029,1.04796,1.04811,1.13,1.43
2013.08.07 16:07:35.629,1.04793,1.04811,1.05,1.43
2013.08.07 16:07:36.168,1.04793,1.04811,1.43,2.55
2013.08.07 16:07:36.468,1.04793,1.0481,1.43,1.50
2013.08.07 16:07:37.698,1.04793,1.04811,1.05,1.43
2013.08.07 16:07:38.058,1.04801,1.04814,1.13,1.50
2013.08.07 16:07:38.238,1.04802,1.0482,2.18,1.43
2013.08.07 16:07:38.731,1.04802,1.04819,1.50,1.35
2013.08.07 16:07:39.183,1.04802,1.04818,1.50,1.35
2013.08.07 16:07:39.251,1.048,1.04816,2.25,1.35
2013.08.07 16:07:39.320,1.048,1.04813,2.25,1.35
2013.08.07 16:07:39.510,1.04797,1.04813,2.63,1.35
2013.08.07 16:07:39.751,1.04798,1.04815,1.88,1.35
2013.08.07 16:07:39.840,1.04798,1.04815,1.88,2.70
2013.08.07 16:07:40.548,1.04798,1.04815,1.88,1.35
2013.08.07 16:07:41.938,1.04798,1.04813,1.88,1.35
2013.08.07 16:07:43.420,1.04798,1.04816,1.13,2.10
2013.08.07 16:07:43.479,1.04798,1.04816,2.25,2.10
2013.08.07 16:07:43.718,1.04802,1.0482,1.88,2.10
2013.08.07 16:07:44.788,1.04804,1.0482,1.88,2.10
2013.08.07 16:07:45.578,1.04805,1.04821,1.13,2.85
2013.08.07 16:07:46.119,1.04805,1.04821,1.13,2.18
2013.08.07 16:07:47.048,1.04806,1.04823,1.50,1.35
2013.08.07 16:07:47.109,1.04806,1.04823,1.50,2.10
2013.08.07 16:07:47.288,1.04801,1.04819,1.50,1.43
2013.08.07 16:07:47.923,1.04801,1.04819,1.50,1.43
2013.08.07 16:07:50.428,1.04801,1.04817,1.50,1.35
2013.08.07 16:07:50.947,1.04798,1.04817,1.88,1.35
2013.08.07 16:07:51.009,1.04798,1.04816,1.50,1.35
2013.08.07 16:07:51.188,1.04799,1.04816,1.13,1.35
2013.08.07 16:07:57.489,1.04799,1.04817,1.13,1.43
2013.08.07 16:07:57.848,1.04801,1.04818,1.88,2.63
2013.08.07 16:07:59.817,1.04801,1.04818,1.13,1.80
2013.08.07 16:07:59.888,1.04797,1.04813,1.73,1.35
2013.08.07 16:07:59.961,1.04793,1.04812,2.25,1.35
2013.08.07 16:08:00.079,1.04793,1.0481,2.25,1.35
2013.08.07 16:08:00.138,1.04793,1.0481,1.50,1.35
2013.08.07 16:08:02.353,1.04793,1.0481,1.50,2.10
2013.08.07 16:08:02.599,1.04796,1.04813,1.13,1.43
2013.08.07 16:08:02.718,1.04796,1.04814,2.55,1.43
2013.08.07 16:08:03.152,1.04796,1.04813,1.88,1.35
2013.08.07 16:08:03.698,1.04796,1.04812,2.63,1.35
2013.08.07 16:08:04.014,1.048,1.04812,1.50,1.35
2013.08.07 16:08:05.228,1.04797,1.04812,2.25,1.35
2013.08.07 16:08:05.468,1.04797,1.04812,2.25,1.35
2013.08.07 16:08:05.830,1.04797,1.04814,2.25,1.05
2013.08.07 16:08:08.078,1.04797,1.04814,1.50,3.23
2013.08.07 16:08:08.259,1.04792,1.04811,1.80,1.43
2013.08.07 16:08:08.380,1.04792,1.04811,1.88,2.78
2013.08.07 16:08:13.768,1.04791,1.04808,1.50,2.03
2013.08.07 16:08:14.009,1.04785,1.04804,2.18,2.10
2013.08.07 16:08:14.068,1.04785,1.04803,2.18,1.43
2013.08.07 16:08:14.128,1.04786,1.04803,1.50,1.43
2013.08.07 16:08:14.428,1.04786,1.04802,1.50,1.35
2013.08.07 16:08:16.299,1.04786,1.04803,1.88,2.18
2013.08.07 16:08:16.838,1.04787,1.04803,1.50,1.43
2013.08.07 16:08:18.109,1.04788,1.04803,1.50,1.35
2013.08.07 16:08:18.411,1.04795,1.04812,1.43,1.43
2013.08.07 16:08:18.478,1.04796,1.04813,1.50,1.80
2013.08.07 16:08:19.200,1.04795,1.04813,1.43,2.10
2013.08.07 16:08:19.318,1.04792,1.04811,1.35,1.35
2013.08.07 16:08:24.198,1.04794,1.04808,1.50,1.35
2013.08.07 16:08:34.528,1.04792,1.04807,2.10,1.35
2013.08.07 16:08:38.168,1.04794,1.04807,1.50,1.35
2013.08.07 16:08:39.500,1.0479,1.04807,1.50,1.35
2013.08.07 16:08:39.558,1.04789,1.04806,1.50,2.03
2013.08.07 16:08:39.859,1.04788,1.04802,1.50,1.35
2013.08.07 16:08:43.238,1.0479,1.04804,1.13,1.35
2013.08.07 16:08:43.298,1.0479,1.04804,1.13,1.35
2013.08.07 16:08:43.836,1.04788,1.04805,1.13,1.43
2013.08.07 16:08:47.648,1.04788,1.04805,1.13,2.10
2013.08.07 16:08:49.460,1.04792,1.04806,1.13,1.80
2013.08.07 16:09:16.389,1.04788,1.04807,1.80,2.10
2013.08.07 16:09:16.509,1.04788,1.04804,1.13,1.43
2013.08.07 16:09:16.958,1.04789,1.04804,1.13,1.43
2013.08.07 16:09:17.908,1.04789,1.04804,1.13,1.43
2013.08.07 16:09:18.419,1.04789,1.04803,1.13,1.35
2013.08.07 16:09:19.033,1.04789,1.04803,1.13,2.10
2013.08.07 16:09:19.106,1.04787,1.04803,1.13,2.10
2013.08.07 16:09:19.228,1.04786,1.04803,1.88,2.10
2013.08.07 16:09:19.768,1.04786,1.04803,1.88,2.10
2013.08.07 16:09:20.069,1.04795,1.04806,1.13,2.85
2013.08.07 16:09:20.189,1.04795,1.04813,1.80,1.13
2013.08.07 16:09:20.248,1.04795,1.04813,1.13,2.48
2013.08.07 16:09:28.899,1.04794,1.04809,2.10,1.13
2013.08.07 16:09:29.479,1.04794,1.0481,2.10,1.88
2013.08.07 16:09:29.982,1.04794,1.0481,2.10,1.88
2013.08.07 16:09:35.668,1.048,1.04813,1.50,1.20
2013.08.07 16:09:35.729,1.04802,1.04817,1.43,1.50
2013.08.07 16:09:35.849,1.04804,1.04819,2.48,2.25
2013.08.07 16:09:36.460,1.04804,1.04822,1.13,1.43
2013.08.07 16:09:38.149,1.04803,1.04819,1.80,1.13
2013.08.07 16:09:39.738,1.04803,1.04819,2.55,1.13
2013.08.07 16:09:46.500,1.04806,1.04819,2.10,1.13
2013.08.07 16:09:49.648,1.04805,1.0482,2.63,1.88
2013.08.07 16:09:49.710,1.04805,1.0482,1.28,1.88
2013.08.07 16:09:50.329,1.04804,1.04818,1.35,1.50
2013.08.07 16:09:50.861,1.04804,1.04817,1.35,1.13
2013.08.07 16:09:51.228,1.04804,1.04817,1.35,1.13
2013.08.07 16:09:51.832,1.04804,1.04817,1.35,1.13
2013.08.07 16:09:56.959,1.048,1.04817,2.78,1.13
2013.08.07 16:09:57.018,1.048,1.04817,2.78,1.13
2013.08.07 16:09:58.028,1.048,1.04817,3.15,1.88
2013.08.07 16:09:58.329,1.04795,1.04812,2.03,1.43
2013.08.07 16:09:58.449,1.04796,1.04814,1.43,2.10
2013.08.07 16:09:58.569,1.04796,1.04814,1.43,2.10
2013.08.07 16:09:58.928,1.04799,1.04817,2.10,2.55
2013.08.07 16:09:58.990,1.04801,1.04817,1.43,1.88
2013.08.07 16:09:59.260,1.04801,1.04816,1.43,1.13
2013.08.07 16:09:59.439,1.048,1.04816,1.43,1.13
2013.08.07 16:09:59.958,1.04799,1.04816,2.10,1.13
2013.08.07 16:10:00.108,1.04801,1.04816,1.43,1.13
2013.08.07 16:10:06.500,1.04799,1.04815,1.43,1.13
2013.08.07 16:10:06.619,1.04796,1.04815,1.43,1.13
2013.08.07 16:10:07.159,1.04796,1.04813,2.85,1.88
2013.08.07 16:10:07.749,1.04796,1.04813,2.85,1.13
2013.08.07 16:10:12.128,1.04796,1.04813,2.10,1.88
2013.08.07 16:10:12.659,1.04797,1.04815,1.80,1.13
2013.08.07 16:10:12.780,1.04799,1.04816,1.35,1.50
2013.08.07 16:10:13.308,1.04799,1.04816,1.35,1.50
2013.08.07 16:10:13.550,1.04797,1.04813,1.43,1.13
2013.08.07 16:10:13.911,1.04797,1.04812,1.13,1.50
2013.08.07 16:10:14.029,1.04799,1.04814,1.80,1.50
2013.08.07 16:10:14.149,1.04801,1.04815,1.13,1.43
2013.08.07 16:10:14.390,1.04801,1.04815,1.35,1.43
2013.08.07 16:10:14.509,1.04798,1.04812,2.03,1.43
2013.08.07 16:10:14.628,1.04796,1.04812,1.50,1.43
2013.08.07 16:10:17.090,1.04794,1.04812,1.88,2.18
2013.08.07 16:10:17.349,1.04795,1.04814,2.93,1.50
2013.08.07 16:10:18.478,1.04794,1.04812,1.88,1.50
2013.08.07 16:10:19.948,1.04797,1.04812,1.13,1.50
2013.08.07 16:10:20.068,1.048,1.04817,1.13,2.55
2013.08.07 16:10:21.070,1.04801,1.04817,1.13,1.80
2013.08.07 16:10:21.191,1.04797,1.04816,2.18,1.13
2013.08.07 16:10:21.551,1.04794,1.04811,1.88,1.35
2013.08.07 16:10:24.118,1.04794,1.04813,1.88,1.43
2013.08.07 16:10:30.558,1.04794,1.04812,2.63,1.43
2013.08.07 16:10:32.118,1.04797,1.04813,1.50,1.80
2013.08.07 16:10:32.779,1.04798,1.04816,1.43,1.43
2013.08.07 16:10:32.958,1.04797,1.04813,2.03,1.13
2013.08.07 16:10:33.078,1.04793,1.04813,1.43,1.43
2013.08.07 16:10:33.258,1.04792,1.04811,3.38,1.43
2013.08.07 16:10:33.319,1.04793,1.04812,1.13,2.10
2013.08.07 16:10:33.678,1.04797,1.04814,1.13,1.43
2013.08.07 16:10:35.749,1.04797,1.04814,1.13,1.43
2013.08.07 16:10:36.390,1.04798,1.04818,2.48,2.10
2013.08.07 16:10:39.899,1.04797,1.04815,2.18,1.43
2013.08.07 16:10:40.264,1.04799,1.04814,1.50,1.43
2013.08.07 16:10:43.379,1.04796,1.04814,1.50,1.43
2013.08.07 16:10:44.219,1.04795,1.04814,2.10,1.43
2013.08.07 16:10:44.459,1.04792,1.04811,2.25,2.10
2013.08.07 16:10:50.549,1.04795,1.04814,1.50,2.10
2013.08.07 16:10:55.829,1.04795,1.04812,1.50,1.43
2013.08.07 16:10:56.032,1.04796,1.04815,3.15,1.50
2013.08.07 16:10:56.268,1.04798,1.04817,1.35,1.50
2013.08.07 16:10:56.388,1.04796,1.04813,1.43,1.13
2013.08.07 16:10:56.448,1.04796,1.04813,1.43,1.13
2013.08.07 16:11:00.509,1.04796,1.04813,1.43,1.13
2013.08.07 16:11:02.489,1.04796,1.04813,1.43,1.13
2013.08.07 16:11:05.897,1.04796,1.04813,2.10,1.13
2013.08.07 16:11:06.139,1.04798,1.04817,1.35,2.25
2013.08.07 16:11:06.499,1.04797,1.04816,1.35,1.80
2013.08.07 16:11:06.619,1.04795,1.04815,2.85,2.85
2013.08.07 16:11:15.760,1.04795,1.04815,2.10,2.85
2013.08.07 16:11:15.998,1.04795,1.04813,1.50,1.35
2013.08.07 16:11:16.058,1.04795,1.04815,2.18,2.18
2013.08.07 16:11:31.510,1.04795,1.04815,1.35,2.85
2013.08.07 16:11:34.478,1.04795,1.04815,2.10,2.85
2013.08.07 16:11:35.939,1.04794,1.04813,2.10,2.10
2013.08.07 16:11:36.118,1.04794,1.04813,1.35,2.10
2013.08.07 16:11:37.510,1.04793,1.04813,1.35,3.98
2013.08.07 16:11:38.249,1.04793,1.04813,1.35,3.98
2013.08.07 16:11:39.448,1.04793,1.04811,1.35,1.50
2013.08.07 16:11:49.512,1.04792,1.04811,1.43,2.55
2013.08.07 16:11:50.579,1.04794,1.04811,1.05,2.18
2013.08.07 16:11:50.939,1.04795,1.04811,2.70,1.13
2013.08.07 16:11:50.999,1.04795,1.04811,1.35,1.13
2013.08.07 16:11:51.258,1.04793,1.04811,2.10,1.13
2013.08.07 16:11:52.680,1.04793,1.04813,2.48,1.43
2013.08.07 16:11:52.799,1.04794,1.04815,1.35,1.43
2013.08.07 16:11:53.299,1.04793,1.04813,2.18,1.80
2013.08.07 16:11:53.945,1.04793,1.04813,1.43,2.55
2013.08.07 16:12:00.600,1.04793,1.04813,1.43,1.43
2013.08.07 16:12:01.131,1.04792,1.04811,1.50,2.10
2013.08.07 16:12:01.579,1.04794,1.04811,1.43,1.43
2013.08.07 16:12:03.219,1.04794,1.04812,1.43,1.50
2013.08.07 16:12:05.568,1.04795,1.04813,2.10,1.13
2013.08.07 16:12:06.219,1.04799,1.04816,1.13,2.10
2013.08.07 16:12:06.398,1.04802,1.04821,2.10,2.18
2013.08.07 16:12:06.698,1.04802,1.04821,2.10,1.43
2013.08.07 16:12:07.228,1.04803,1.04821,1.43,2.48
2013.08.07 16:12:07.288,1.04802,1.04819,1.43,2.03
2013.08.07 16:12:07.666,1.04798,1.04816,1.43,1.43
2013.08.07 16:12:11.680,1.04801,1.04819,3.23,2.10
2013.08.07 16:12:11.739,1.04803,1.04819,1.43,1.43
2013.08.07 16:12:12.199,1.04806,1.04824,1.43,1.43
2013.08.07 16:12:13.289,1.04806,1.04824,1.43,1.43
2013.08.07 16:12:18.568,1.04806,1.04824,1.43,1.43
2013.08.07 16:12:18.809,1.04802,1.04822,1.50,2.10
2013.08.07 16:12:18.929,1.048,1.04818,1.28,1.43
2013.08.07 16:12:19.284,1.04799,1.04818,2.10,1.43
2013.08.07 16:12:19.792,1.048,1.04818,1.43,1.43
2013.08.07 16:12:20.121,1.04801,1.0482,1.43,1.43
2013.08.07 16:12:21.159,1.04799,1.04818,1.43,1.43
2013.08.07 16:12:21.459,1.04798,1.04817,1.43,1.43
2013.08.07 16:12:23.739,1.04798,1.04817,1.43,1.43
2013.08.07 16:12:26.517,1.04797,1.04815,1.05,1.13
2013.08.07 16:12:26.644,1.04796,1.04811,1.50,1.43
2013.08.07 16:12:27.192,1.04793,1.04811,1.43,1.43
2013.08.07 16:12:27.551,1.04792,1.04809,1.50,1.43
2013.08.07 16:12:28.402,1.04798,1.04814,1.13,1.43
2013.08.07 16:12:28.909,1.048,1.04816,1.43,1.43
2013.08.07 16:12:29.448,1.04801,1.04819,1.43,1.43
2013.08.07 16:12:30.079,1.04801,1.04819,1.43,1.43
2013.08.07 16:12:30.718,1.04801,1.04819,1.43,1.43
2013.08.07 16:12:35.518,1.04801,1.04819,1.43,1.43
2013.08.07 16:12:35.729,1.04801,1.04816,1.43,1.50
2013.08.07 16:12:35.912,1.04799,1.04812,1.43,1.50
2013.08.07 16:12:36.031,1.04797,1.04812,1.35,1.13
2013.08.07 16:12:36.091,1.04794,1.04811,2.78,1.43
2013.08.07 16:12:36.151,1.04791,1.04811,2.85,2.10
2013.08.07 16:12:38.229,1.04791,1.04811,2.85,2.10
2013.08.07 16:12:39.199,1.04795,1.04811,3.00,2.10
2013.08.07 16:12:39.390,1.04798,1.04818,2.18,1.43
2013.08.07 16:12:39.509,1.04799,1.04819,1.28,2.85
2013.08.07 16:12:39.869,1.04801,1.0482,2.10,1.43
2013.08.07 16:12:40.748,1.04802,1.04821,1.43,1.35
2013.08.07 16:12:43.509,1.04802,1.0482,1.43,2.48
2013.08.07 16:12:44.139,1.04803,1.04821,1.43,1.43
2013.08.07 16:12:45.498,1.04803,1.04822,2.18,2.10
2013.08.07 16:12:56.058,1.04802,1.04821,2.25,1.35
2013.08.07 16:12:56.659,1.04802,1.04819,1.50,1.43
2013.08.07 16:13:00.978,1.04802,1.0482,2.25,1.43
2013.08.07 16:13:01.218,1.04803,1.04823,1.50,2.10
2013.08.07 16:13:04.428,1.04805,1.04823,2.10,1.35
2013.08.07 16:13:05.109,1.04805,1.04823,2.78,1.35
2013.08.07 16:13:05.692,1.04805,1.04824,2.78,1.35
2013.08.07 16:13:06.039,1.04805,1.04824,2.78,1.35
2013.08.07 16:13:09.429,1.04805,1.04823,2.78,1.43
2013.08.07 16:13:14.550,1.04805,1.04822,2.10,1.43
2013.08.07 16:13:15.072,1.04801,1.04819,2.48,1.43
2013.08.07 16:13:16.119,1.04802,1.0482,2.18,1.43
2013.08.07 16:13:19.448,1.04802,1.0482,2.93,1.43
2013.08.07 16:13:19.997,1.04804,1.04821,1.50,1.43
2013.08.07 16:13:20.770,1.04802,1.04822,1.43,2.10
2013.08.07 16:13:21.099,1.04804,1.04822,1.50,2.10
2013.08.07 16:13:22.849,1.04804,1.04822,2.18,1.43
2013.08.07 16:13:24.098,1.04806,1.04824,2.18,1.43
2013.08.07 16:13:24.419,1.04806,1.04824,2.18,1.43
2013.08.07 16:13:27.161,1.04809,1.04824,1.73,1.43
2013.08.07 16:13:27.280,1.04812,1.04826,1.13,2.10
2013.08.07 16:13:27.399,1.04812,1.04826,1.88,1.35
2013.08.07 16:13:27.640,1.04812,1.04827,1.88,1.35
2013.08.07 16:13:27.820,1.04811,1.04827,1.50,1.35
2013.08.07 16:13:27.879,1.04812,1.04829,1.43,1.35
2013.08.07 16:13:28.392,1.04807,1.04825,2.25,1.35
2013.08.07 16:13:28.582,1.04807,1.04827,3.60,1.35
2013.08.07 16:13:29.332,1.0481,1.04828,1.43,1.43
2013.08.07 16:13:30.339,1.04811,1.04831,2.85,2.10
2013.08.07 16:13:30.458,1.04811,1.04831,3.60,2.10
2013.08.07 16:13:31.079,1.04811,1.04831,3.60,2.10
2013.08.07 16:13:31.628,1.04813,1.0483,1.50,1.43
2013.08.07 16:13:32.339,1.04812,1.0483,1.43,1.43
2013.08.07 16:13:37.706,1.04814,1.04832,1.43,1.43
2013.08.07 16:13:37.838,1.04812,1.0483,2.10,1.13
2013.08.07 16:13:38.023,1.04812,1.04829,1.43,1.13
2013.08.07 16:13:38.645,1.0481,1.04828,2.03,1.43
2013.08.07 16:13:40.810,1.0481,1.04828,2.40,1.43
2013.08.07 16:13:43.110,1.04811,1.04828,1.50,1.43
2013.08.07 16:13:49.266,1.04813,1.04828,1.50,1.43
2013.08.07 16:13:49.392,1.04815,1.04829,1.43,1.35
2013.08.07 16:13:49.699,1.04819,1.04832,1.13,1.35
2013.08.07 16:13:49.819,1.0482,1.0484,1.35,2.85
2013.08.07 16:13:49.939,1.0482,1.0484,2.48,2.10
2013.08.07 16:13:49.999,1.04822,1.04842,1.35,1.43
2013.08.07 16:13:50.418,1.0482,1.0484,1.35,1.43
2013.08.07 16:13:51.729,1.04822,1.0484,1.43,1.43
2013.08.07 16:13:54.089,1.04819,1.04837,1.43,1.80
2013.08.07 16:13:54.448,1.04812,1.04833,1.35,1.43
2013.08.07 16:13:55.300,1.04813,1.04832,1.43,2.10
2013.08.07 16:13:55.362,1.04814,1.04832,1.43,1.43
2013.08.07 16:13:55.658,1.04816,1.04835,1.50,2.10
2013.08.07 16:13:55.718,1.04817,1.04837,2.48,2.10
2013.08.07 16:13:55.838,1.04817,1.04837,3.23,1.35
2013.08.07 16:13:55.959,1.04822,1.04839,1.13,1.35
2013.08.07 16:13:56.019,1.04822,1.04839,1.73,1.35
2013.08.07 16:13:56.079,1.04822,1.0484,1.73,1.35
2013.08.07 16:13:56.138,1.04823,1.04841,1.35,1.35
2013.08.07 16:13:56.318,1.04823,1.04843,2.03,1.35
2013.08.07 16:13:57.299,1.04822,1.04839,2.25,1.35
2013.08.07 16:13:57.682,1.04822,1.04839,1.50,1.35
2013.08.07 16:13:58.189,1.04822,1.04839,1.50,1.35
2013.08.07 16:13:58.369,1.04822,1.04842,2.18,1.43
2013.08.07 16:13:58.488,1.04822,1.04842,2.18,1.43
2013.08.07 16:14:00.439,1.04822,1.0484,2.25,1.35
2013.08.07 16:14:00.983,1.04822,1.04838,1.50,1.43
2013.08.07 16:14:06.559,1.04823,1.04841,1.43,1.43
2013.08.07 16:14:06.619,1.04823,1.04841,1.43,1.43
2013.08.07 16:14:07.168,1.04823,1.04841,1.43,1.43
2013.08.07 16:14:08.109,1.04823,1.0484,1.43,1.43
2013.08.07 16:14:08.409,1.04826,1.04842,1.50,1.35
2013.08.07 16:14:08.829,1.04822,1.04839,1.43,1.43
2013.08.07 16:14:08.889,1.04819,1.04838,2.55,1.35
2013.08.07 16:14:09.368,1.04821,1.04838,1.50,1.35
2013.08.07 16:14:10.279,1.04821,1.04838,2.10,1.35
2013.08.07 16:14:10.339,1.04822,1.0484,1.80,1.43
2013.08.07 16:14:10.927,1.04822,1.0484,2.18,1.43
2013.08.07 16:14:12.647,1.04821,1.04838,1.35,1.43
2013.08.07 16:14:12.890,1.04821,1.04838,1.35,1.43
2013.08.07 16:14:23.499,1.04821,1.04838,1.35,2.10
2013.08.07 16:14:23.560,1.04821,1.04838,1.35,2.10
2013.08.07 16:14:23.680,1.04818,1.04836,1.13,1.43
2013.08.07 16:14:24.039,1.04823,1.04834,1.50,1.35
2013.08.07 16:14:24.393,1.04824,1.0484,2.25,2.10
2013.08.07 16:14:24.689,1.04824,1.0484,2.25,1.43
2013.08.07 16:14:25.264,1.04822,1.04841,1.43,1.43
2013.08.07 16:14:26.319,1.04822,1.04841,1.43,1.43
2013.08.07 16:14:29.600,1.04819,1.04838,2.10,1.43
2013.08.07 16:14:29.719,1.04819,1.04836,1.43,1.43
2013.08.07 16:14:29.839,1.04816,1.04834,2.18,1.43
2013.08.07 16:14:30.548,1.04816,1.04834,2.18,1.43
2013.08.07 16:14:31.711,1.04816,1.04834,1.43,2.10
2013.08.07 16:14:31.769,1.04814,1.04834,2.93,2.10
2013.08.07 16:14:32.319,1.04816,1.04834,1.13,2.10
2013.08.07 16:14:32.679,1.04822,1.04839,1.50,2.10
2013.08.07 16:14:33.849,1.04823,1.04839,1.13,1.35
2013.08.07 16:14:38.908,1.04823,1.04841,1.43,1.43
2013.08.07 16:14:39.999,1.04823,1.04841,1.43,1.80
2013.08.07 16:14:40.301,1.04821,1.04836,1.35,1.80
2013.08.07 16:14:40.659,1.0482,1.04835,2.03,2.10
2013.08.07 16:14:40.720,1.04818,1.04835,2.03,2.78
2013.08.07 16:14:40.778,1.04815,1.04835,1.35,3.45
2013.08.07 16:14:40.971,1.04813,1.04833,1.35,2.10
2013.08.07 16:14:41.489,1.0481,1.0483,2.18,1.43
2013.08.07 16:14:42.834,1.04811,1.04829,1.43,1.43
2013.08.07 16:14:43.979,1.04812,1.04831,2.10,1.50
2013.08.07 16:14:44.219,1.04813,1.04832,1.43,2.18
2013.08.07 16:14:47.025,1.04813,1.04832,2.18,1.43
2013.08.07 16:14:47.092,1.04813,1.04832,2.18,1.43
2013.08.07 16:14:48.750,1.04813,1.04831,1.50,2.10
2013.08.07 16:14:50.011,1.04812,1.04831,1.43,2.10
2013.08.07 16:14:50.299,1.04811,1.04829,1.50,2.10
2013.08.07 16:14:51.968,1.04812,1.04829,1.50,2.10
2013.08.07 16:14:52.269,1.04809,1.04827,1.50,1.35
2013.08.07 16:14:52.570,1.04809,1.04826,1.50,1.35
2013.08.07 16:14:52.690,1.04805,1.04823,2.18,2.10
2013.08.07 16:14:53.054,1.04803,1.04821,1.43,1.43
2013.08.07 16:14:53.301,1.04802,1.0482,1.50,1.35
2013.08.07 16:14:53.363,1.04804,1.04823,1.50,2.10
2013.08.07 16:14:53.489,1.04805,1.04823,1.43,1.43
2013.08.07 16:14:53.908,1.04805,1.04824,2.18,2.03
2013.08.07 16:14:54.149,1.04806,1.04826,3.60,2.10
2013.08.07 16:14:54.689,1.0481,1.04826,1.50,1.35
2013.08.07 16:15:00.462,1.04809,1.04828,1.43,2.78
2013.08.07 16:15:00.710,1.0481,1.04829,2.18,1.28
2013.08.07 16:15:01.009,1.04812,1.0483,1.43,1.35
2013.08.07 16:15:01.249,1.04815,1.04833,1.35,1.73
2013.08.07 16:15:02.635,1.04815,1.04833,2.10,1.35
2013.08.07 16:15:03.261,1.04815,1.04833,1.43,2.03
2013.08.07 16:15:03.559,1.04815,1.04834,2.18,1.35
2013.08.07 16:15:03.619,1.04816,1.04835,2.78,1.43
2013.08.07 16:15:03.739,1.04818,1.04837,1.35,2.18
2013.08.07 16:15:04.019,1.04816,1.04836,2.10,2.10
2013.08.07 16:15:04.574,1.04816,1.04835,2.10,1.43
2013.08.07 16:15:15.629,1.04816,1.04835,2.10,1.43
2013.08.07 16:15:17.189,1.04817,1.04835,1.43,1.80
2013.08.07 16:15:17.549,1.04815,1.04829,1.50,2.03
2013.08.07 16:15:17.609,1.04813,1.04829,1.05,2.03
2013.08.07 16:15:17.850,1.04809,1.04828,1.50,1.35
2013.08.07 16:15:18.034,1.04812,1.04828,1.50,1.35
2013.08.07 16:15:18.219,1.04813,1.04831,1.50,1.35
2013.08.07 16:15:18.508,1.04813,1.04833,2.85,2.10
2013.08.07 16:15:18.909,1.04813,1.04833,2.85,2.10
2013.08.07 16:15:20.540,1.04818,1.04837,1.43,2.85
2013.08.07 16:15:20.961,1.04819,1.04838,1.35,1.13
2013.08.07 16:15:21.079,1.04819,1.04839,2.10,2.48
2013.08.07 16:15:21.261,1.04819,1.04838,2.85,2.10
2013.08.07 16:15:21.618,1.04815,1.04834,2.25,1.35
2013.08.07 16:15:23.969,1.04815,1.04834,2.25,2.48
2013.08.07 16:15:24.450,1.04815,1.04834,1.50,2.48
2013.08.07 16:15:25.184,1.04815,1.04834,2.25,3.23
2013.08.07 16:15:25.789,1.04815,1.04834,2.25,3.23
2013.08.07 16:15:26.569,1.04815,1.04834,2.25,3.23
2013.08.07 16:15:28.251,1.04815,1.04834,2.25,2.48
2013.08.07 16:15:28.314,1.04817,1.04834,1.50,2.48
2013.08.07 16:15:28.379,1.04817,1.04834,1.50,1.73
2013.08.07 16:15:28.499,1.04818,1.04835,1.43,1.05
2013.08.07 16:15:28.679,1.04818,1.04835,1.35,1.13
2013.08.07 16:15:29.199,1.04815,1.04834,1.50,1.80
2013.08.07 16:15:30.388,1.04815,1.04834,1.50,1.05
2013.08.07 16:15:32.889,1.04816,1.04836,2.10,2.48
2013.08.07 16:15:33.495,1.04816,1.04836,2.10,2.48
2013.08.07 16:15:35.108,1.04817,1.04836,1.50,1.73
2013.08.07 16:15:35.230,1.04817,1.04836,1.50,1.73
2013.08.07 16:15:35.911,1.04817,1.04837,2.18,3.08
2013.08.07 16:15:36.471,1.04818,1.04836,1.50,1.05
2013.08.07 16:15:38.102,1.04818,1.04836,1.50,1.05
2013.08.07 16:15:38.220,1.04822,1.04838,1.35,1.35
2013.08.07 16:15:38.795,1.04821,1.0484,2.10,1.13
2013.08.07 16:15:38.859,1.0482,1.0484,2.10,2.48
2013.08.07 16:15:39.558,1.0482,1.04837,2.85,1.13
2013.08.07 16:15:42.138,1.04819,1.04837,1.50,3.08
2013.08.07 16:15:42.198,1.04819,1.04837,1.50,3.08
2013.08.07 16:15:42.318,1.04819,1.04836,1.50,1.95
2013.08.07 16:15:42.379,1.04816,1.04836,3.30,1.95
2013.08.07 16:15:42.438,1.04816,1.04836,3.30,1.95
2013.08.07 16:15:42.649,1.04817,1.04836,1.50,1.95
2013.08.07 16:15:47.578,1.04816,1.04834,2.93,2.10
2013.08.07 16:15:48.128,1.04816,1.04833,1.50,2.10
2013.08.07 16:15:48.248,1.04816,1.04833,1.50,2.10
2013.08.07 16:15:48.789,1.04814,1.04832,1.43,1.43
2013.08.07 16:15:56.119,1.04814,1.04831,1.43,2.10
2013.08.07 16:15:56.179,1.04813,1.04831,2.85,2.10
2013.08.07 16:15:56.300,1.0481,1.04828,2.10,1.80
2013.08.07 16:15:56.420,1.0481,1.04826,1.35,1.50
2013.08.07 16:15:56.540,1.04805,1.04824,1.43,2.25
2013.08.07 16:15:56.663,1.04804,1.04822,1.50,1.43
2013.08.07 16:15:56.789,1.04802,1.04822,2.10,1.43
2013.08.07 16:15:57.319,1.04801,1.04819,1.50,2.10
2013.08.07 16:15:58.889,1.04801,1.04819,2.25,2.10
2013.08.07 16:15:59.418,1.04801,1.04819,1.50,2.10
2013.08.07 16:15:59.768,1.04801,1.04819,2.25,2.10
2013.08.07 16:16:01.399,1.04804,1.04819,1.50,2.10
2013.08.07 16:16:04.229,1.04805,1.04817,1.50,2.10
2013.08.07 16:16:04.289,1.04799,1.04817,1.50,2.10
2013.08.07 16:16:04.529,1.04801,1.04817,1.50,2.10
2013.08.07 16:16:04.833,1.04801,1.04817,1.50,2.10
2013.08.07 16:16:05.140,1.048,1.04815,1.50,1.28
2013.08.07 16:16:05.319,1.04796,1.04812,1.50,2.10
2013.08.07 16:16:05.380,1.04795,1.04812,1.50,2.10
2013.08.07 16:16:05.899,1.04795,1.04812,1.88,2.10
2013.08.07 16:16:06.519,1.04795,1.04812,1.13,2.10
2013.08.07 16:16:06.758,1.04795,1.04811,1.13,2.10
2013.08.07 16:16:07.999,1.04795,1.04813,1.88,1.43
2013.08.07 16:16:09.440,1.04795,1.0481,1.88,1.43
2013.08.07 16:16:10.151,1.04795,1.0481,2.63,1.43
2013.08.07 16:16:12.329,1.04795,1.0481,1.88,1.43
2013.08.07 16:16:13.721,1.04795,1.0481,1.50,1.43
2013.08.07 16:16:15.998,1.04791,1.04809,1.50,1.43
2013.08.07 16:16:16.073,1.04792,1.0481,1.88,1.35
2013.08.07 16:16:16.318,1.04794,1.0481,3.00,1.35
2013.08.07 16:16:17.137,1.04796,1.0481,1.50,1.35
2013.08.07 16:16:19.717,1.04792,1.0481,2.63,2.10
2013.08.07 16:16:19.901,1.04792,1.04809,1.50,1.13
2013.08.07 16:16:19.961,1.0479,1.04809,2.18,2.48
2013.08.07 16:16:20.020,1.04789,1.04808,2.55,1.43
2013.08.07 16:16:20.621,1.04789,1.04806,1.88,2.10
2013.08.07 16:16:21.399,1.04789,1.04806,2.63,2.10
2013.08.07 16:16:22.100,1.04787,1.04804,1.05,1.50
2013.08.07 16:16:22.159,1.04786,1.04803,1.50,1.43
2013.08.07 16:16:22.219,1.04786,1.04803,1.13,2.78
2013.08.07 16:16:22.339,1.04786,1.04803,1.13,1.43
2013.08.07 16:16:22.399,1.04788,1.04803,1.50,1.50
2013.08.07 16:16:22.910,1.04788,1.04804,1.50,2.10
2013.08.07 16:16:23.638,1.04788,1.04804,1.50,2.10
2013.08.07 16:16:24.903,1.04788,1.04802,1.50,1.50
2013.08.07 16:16:24.972,1.04786,1.04799,1.50,1.43
2013.08.07 16:16:25.044,1.04784,1.04799,1.50,2.48
2013.08.07 16:16:25.169,1.0478,1.04798,3.15,1.43
2013.08.07 16:16:25.289,1.0478,1.04798,2.48,1.35
2013.08.07 16:16:26.400,1.0478,1.04796,1.13,1.43
2013.08.07 16:16:26.578,1.04781,1.04796,1.50,1.43
2013.08.07 16:16:27.197,1.04784,1.048,1.50,1.05
2013.08.07 16:16:27.330,1.04784,1.04799,1.50,1.13
2013.08.07 16:16:27.569,1.04784,1.048,1.50,5.18
2013.08.07 16:16:28.039,1.04784,1.04799,1.50,1.88
2013.08.07 16:16:28.949,1.04787,1.04799,1.13,1.50
2013.08.07 16:16:29.009,1.04784,1.04801,2.55,2.10
2013.08.07 16:16:29.069,1.04787,1.04801,1.35,2.10
2013.08.07 16:16:29.190,1.04787,1.04804,1.13,1.13
2013.08.07 16:16:29.249,1.04787,1.04806,1.05,2.93
2013.08.07 16:16:29.309,1.04787,1.04806,1.05,2.55
2013.08.07 16:16:29.689,1.04787,1.04805,2.55,1.13
2013.08.07 16:16:30.051,1.04782,1.048,2.18,1.43
2013.08.07 16:16:30.590,1.04784,1.04802,2.10,1.50
2013.08.07 16:16:31.009,1.0478,1.04799,2.85,1.13
2013.08.07 16:16:31.190,1.04782,1.04798,1.50,1.88
2013.08.07 16:16:31.549,1.04782,1.04797,2.85,1.50
2013.08.07 16:16:32.418,1.04782,1.04797,1.50,1.50
2013.08.07 16:16:34.609,1.04782,1.04795,2.10,1.13
2013.08.07 16:16:35.149,1.04781,1.04796,1.50,1.88
2013.08.07 16:16:35.676,1.04781,1.04796,1.50,1.88
2013.08.07 16:16:36.263,1.04781,1.04796,1.50,1.88
2013.08.07 16:16:37.709,1.04781,1.04795,1.50,1.13
2013.08.07 16:16:39.619,1.04781,1.04797,1.13,2.85
2013.08.07 16:16:39.979,1.04788,1.04806,1.35,1.13
2013.08.07 16:16:40.099,1.04789,1.04805,2.18,2.03
2013.08.07 16:16:40.400,1.04791,1.04805,1.50,1.35
2013.08.07 16:16:40.459,1.04791,1.0481,2.25,2.85
2013.08.07 16:16:40.699,1.04789,1.04806,1.43,1.13
2013.08.07 16:16:40.819,1.04787,1.04805,1.43,1.43
2013.08.07 16:16:41.060,1.04786,1.04803,1.50,2.10
2013.08.07 16:16:41.240,1.04789,1.04804,1.80,1.13
2013.08.07 16:16:41.660,1.0479,1.04808,1.50,1.80
2013.08.07 16:16:41.720,1.04788,1.04808,1.43,1.80
2013.08.07 16:16:42.443,1.04788,1.04808,1.43,1.43
2013.08.07 16:16:52.549,1.0479,1.04804,1.43,1.88
2013.08.07 16:16:59.490,1.04788,1.04803,1.43,1.13
2013.08.07 16:17:00.680,1.04787,1.04803,1.43,1.13
2013.08.07 16:17:02.710,1.04791,1.04804,1.50,1.88
2013.08.07 16:17:03.440,1.04789,1.04804,2.10,1.88
2013.08.07 16:17:03.799,1.04792,1.04803,1.43,1.13
2013.08.07 16:17:04.329,1.04792,1.04804,1.43,1.13
2013.08.07 16:17:07.199,1.0479,1.04804,1.80,1.13
2013.08.07 16:17:07.321,1.04787,1.04804,2.18,1.05
2013.08.07 16:17:07.441,1.04788,1.04804,1.50,1.05
2013.08.07 16:17:07.500,1.04788,1.04806,1.50,6.23
2013.08.07 16:17:07.561,1.04791,1.04806,1.13,1.80
2013.08.07 16:17:07.919,1.04795,1.04811,1.88,1.50
2013.08.07 16:17:09.919,1.04793,1.04812,1.73,2.18
2013.08.07 16:17:10.689,1.04793,1.04812,1.73,2.18
2013.08.07 16:17:11.929,1.04793,1.04812,1.73,1.43
2013.08.07 16:17:14.131,1.04787,1.04807,2.10,2.10
2013.08.07 16:17:14.370,1.04788,1.04807,1.50,2.10
2013.08.07 16:17:14.729,1.04785,1.04803,2.18,2.78
2013.08.07 16:17:14.909,1.0478,1.04798,1.50,1.35
2013.08.07 16:17:15.030,1.0478,1.04796,1.13,1.35
2013.08.07 16:17:15.269,1.04779,1.04797,1.50,1.13
2013.08.07 16:17:15.450,1.04776,1.04795,1.43,2.10
2013.08.07 16:17:15.569,1.04776,1.04794,1.43,1.43
2013.08.07 16:17:16.062,1.0478,1.04799,1.43,2.85
2013.08.07 16:17:16.680,1.04781,1.04799,1.43,2.18
2013.08.07 16:17:18.639,1.04781,1.04799,1.80,1.43
2013.08.07 16:17:19.323,1.04788,1.04802,1.05,1.50
2013.08.07 16:17:19.509,1.0479,1.04808,2.40,1.80
2013.08.07 16:17:19.929,1.0479,1.04811,2.40,2.85
2013.08.07 16:17:20.510,1.0479,1.0481,2.40,1.43
2013.08.07 16:17:21.410,1.04793,1.04808,1.43,1.50
2013.08.07 16:17:21.843,1.0479,1.04808,2.10,2.25
2013.08.07 16:17:23.409,1.0479,1.04807,1.43,1.43
2013.08.07 16:17:24.059,1.04789,1.04807,1.43,1.43
2013.08.07 16:17:24.669,1.04792,1.04808,2.10,1.50
2013.08.07 16:17:24.729,1.04792,1.04808,2.78,1.50
2013.08.07 16:17:24.790,1.04793,1.0481,1.13,1.50
2013.08.07 16:17:24.909,1.04794,1.04812,1.13,1.35
2013.08.07 16:17:24.970,1.04796,1.04815,1.80,1.43
2013.08.07 16:17:25.391,1.04794,1.04813,2.03,1.43
2013.08.07 16:17:25.751,1.04793,1.04813,2.10,2.85
2013.08.07 16:17:25.990,1.04788,1.04808,3.23,2.10
2013.08.07 16:17:26.051,1.04788,1.04808,2.55,2.85
2013.08.07 16:17:26.111,1.04786,1.04806,2.10,2.40
2013.08.07 16:17:26.230,1.04786,1.04806,1.35,2.10
2013.08.07 16:17:26.641,1.04785,1.04803,1.28,1.43
2013.08.07 16:17:27.679,1.04785,1.04802,1.65,1.50
2013.08.07 16:17:28.198,1.04785,1.04804,3.08,1.50
2013.08.07 16:17:28.259,1.04785,1.04805,3.83,1.50
2013.08.07 16:17:28.439,1.04787,1.04805,1.50,1.50
2013.08.07 16:17:30.426,1.04789,1.04805,1.80,1.50
2013.08.07 16:17:30.951,1.04789,1.04807,1.05,1.50
2013.08.07 16:17:32.170,1.04788,1.04805,2.10,1.13
2013.08.07 16:17:32.411,1.04787,1.04805,1.05,2.18
2013.08.07 16:17:32.589,1.04787,1.04805,1.73,1.50
2013.08.07 16:17:33.175,1.04789,1.04805,1.80,1.50
2013.08.07 16:17:33.733,1.04789,1.04805,1.13,1.50
2013.08.07 16:17:37.169,1.04789,1.04805,2.48,1.50
2013.08.07 16:17:40.669,1.04789,1.04805,1.13,1.50
2013.08.07 16:17:44.479,1.0479,1.04807,1.73,1.50
2013.08.07 16:17:45.156,1.04792,1.04808,1.13,1.50
2013.08.07 16:17:45.570,1.04789,1.04806,1.50,1.43
2013.08.07 16:17:45.942,1.04785,1.04805,2.85,2.85
2013.08.07 16:17:46.131,1.04786,1.04805,1.13,2.85
2013.08.07 16:17:46.952,1.04786,1.04805,1.13,3.23
2013.08.07 16:17:47.349,1.04786,1.04805,1.13,3.23
2013.08.07 16:17:52.640,1.04787,1.04805,2.25,3.23
2013.08.07 16:17:52.760,1.04789,1.04805,1.13,1.13
2013.08.07 16:17:53.299,1.04786,1.04805,1.13,1.13
2013.08.07 16:17:53.781,1.04785,1.04802,1.58,1.43
2013.08.07 16:17:53.840,1.04786,1.04802,1.13,1.43
2013.08.07 16:17:53.959,1.04786,1.04802,1.13,1.43
2013.08.07 16:17:54.079,1.04786,1.04802,1.13,1.43
2013.08.07 16:17:54.319,1.04786,1.04802,1.13,1.43
2013.08.07 16:17:54.881,1.04786,1.04802,1.13,1.43
2013.08.07 16:17:55.830,1.04781,1.04798,1.50,2.10
2013.08.07 16:17:55.950,1.04782,1.04798,1.13,1.35
2013.08.07 16:17:56.009,1.04782,1.04798,1.13,1.35
2013.08.07 16:17:56.369,1.04783,1.04801,1.43,1.43
2013.08.07 16:18:01.318,1.04783,1.04801,1.43,1.43
2013.08.07 16:18:01.620,1.04784,1.04802,1.35,1.35
2013.08.07 16:18:01.739,1.04783,1.04802,1.80,2.48
2013.08.07 16:18:01.859,1.04786,1.04802,1.43,1.13
2013.08.07 16:18:02.051,1.04786,1.04802,1.35,1.88
2013.08.07 16:18:02.109,1.04783,1.04802,1.80,1.88
2013.08.07 16:18:04.149,1.04783,1.04802,1.80,2.63
2013.08.07 16:18:05.138,1.0478,1.048,2.48,2.10
2013.08.07 16:18:10.741,1.0478,1.04796,2.85,1.50
2013.08.07 16:18:10.862,1.04778,1.04795,1.50,1.43
2013.08.07 16:18:10.980,1.04775,1.04796,1.43,2.78
2013.08.07 16:18:11.291,1.04774,1.04794,1.13,1.35
2013.08.07 16:18:12.169,1.04774,1.04793,1.13,1.43
2013.08.07 16:18:12.503,1.04776,1.04793,1.13,1.43
2013.08.07 16:18:12.690,1.0478,1.04796,2.10,1.05
2013.08.07 16:18:12.751,1.04782,1.04797,1.13,1.35
2013.08.07 16:18:12.811,1.04782,1.04799,1.13,2.48
2013.08.07 16:18:12.992,1.04782,1.04801,1.13,1.43
2013.08.07 16:18:13.529,1.04782,1.04801,1.13,1.43
2013.08.07 16:18:13.670,1.04782,1.04801,1.13,1.43
2013.08.07 16:18:13.951,1.04784,1.04801,1.13,1.43
2013.08.07 16:18:14.269,1.04784,1.04801,1.13,1.43
2013.08.07 16:18:14.629,1.0478,1.04797,1.43,1.88
2013.08.07 16:18:14.750,1.04778,1.04796,1.43,2.10
2013.08.07 16:18:14.989,1.04776,1.04794,2.10,1.43
2013.08.07 16:18:15.289,1.04777,1.04796,2.10,1.43
2013.08.07 16:18:15.470,1.04773,1.04793,2.03,2.18
2013.08.07 16:18:16.139,1.04773,1.04793,2.03,2.18
2013.08.07 16:18:16.611,1.04776,1.04793,1.50,1.43
2013.08.07 16:18:16.731,1.04776,1.04794,2.55,2.10
2013.08.07 16:18:16.851,1.04781,1.04797,1.05,1.05
2013.08.07 16:18:16.909,1.04781,1.04799,1.80,1.05
2013.08.07 16:18:17.339,1.04782,1.048,1.80,1.13
2013.08.07 16:18:17.789,1.04782,1.04802,1.80,1.43
2013.08.07 16:18:18.399,1.04782,1.04802,1.80,1.43
2013.08.07 16:18:23.869,1.04782,1.048,1.43,1.50
2013.08.07 16:18:25.833,1.04784,1.048,1.88,1.50
2013.08.07 16:18:26.022,1.04792,1.04804,1.35,1.35
2013.08.07 16:18:26.140,1.04792,1.04805,2.10,1.73
2013.08.07 16:18:26.260,1.04792,1.04806,2.48,1.35
2013.08.07 16:18:26.501,1.04792,1.04809,2.10,1.35
2013.08.07 16:18:27.789,1.04792,1.04809,2.10,1.43
2013.08.07 16:18:27.969,1.04792,1.04809,2.10,1.43
2013.08.07 16:18:28.291,1.04792,1.04807,1.50,1.43
2013.08.07 16:18:28.590,1.04785,1.04801,1.50,1.35
2013.08.07 16:18:29.479,1.04784,1.04802,1.43,2.18
2013.08.07 16:18:30.029,1.04781,1.048,1.73,1.35
2013.08.07 16:18:30.573,1.04781,1.048,2.48,2.10
2013.08.07 16:18:31.280,1.04787,1.04802,1.43,1.43
2013.08.07 16:18:31.340,1.04788,1.04805,1.43,1.50
2013.08.07 16:18:31.459,1.04789,1.04807,1.43,1.43
2013.08.07 16:18:31.519,1.04789,1.04808,1.43,2.18
2013.08.07 16:18:31.639,1.0479,1.04808,1.50,2.18
2013.08.07 16:18:31.759,1.04789,1.04808,1.43,2.18
2013.08.07 16:18:31.819,1.04787,1.04805,2.10,1.43
2013.08.07 16:18:31.879,1.04786,1.04804,2.10,1.50
2013.08.07 16:18:34.477,1.04786,1.04804,2.10,1.50
2013.08.07 16:18:35.391,1.04786,1.04804,2.85,1.50
2013.08.07 16:18:35.449,1.04788,1.04805,1.73,1.50
2013.08.07 16:18:35.809,1.04791,1.04808,1.43,1.50
2013.08.07 16:18:36.590,1.048,1.04808,1.50,1.50
2013.08.07 16:18:36.771,1.04803,1.0481,1.50,1.50
2013.08.07 16:18:36.950,1.04805,1.0482,1.13,2.03
2013.08.07 16:18:37.010,1.04804,1.04823,2.18,2.10
2013.08.07 16:18:37.069,1.04807,1.04825,1.43,1.35
2013.08.07 16:18:37.130,1.04807,1.04826,1.43,1.35
2013.08.07 16:18:37.429,1.04805,1.04825,1.43,1.35
2013.08.07 16:18:37.969,1.04802,1.04822,2.70,1.35
2013.08.07 16:18:38.539,1.04805,1.04824,1.43,1.35
2013.08.07 16:18:42.190,1.04805,1.04824,1.43,2.10
2013.08.07 16:18:42.780,1.04807,1.04825,1.43,1.43
2013.08.07 16:18:43.459,1.04808,1.04826,1.43,1.43
2013.08.07 16:18:43.519,1.04809,1.04827,1.43,1.80
2013.08.07 16:18:44.519,1.04809,1.04827,1.43,2.55
2013.08.07 16:18:46.019,1.04806,1.04826,2.70,2.10
2013.08.07 16:18:46.339,1.04806,1.04826,2.70,2.10
2013.08.07 16:18:46.560,1.04806,1.04826,2.70,2.10
2013.08.07 16:18:49.349,1.04809,1.04826,1.13,2.48
2013.08.07 16:18:49.410,1.04809,1.04826,2.48,2.10
2013.08.07 16:18:49.769,1.04812,1.04829,1.50,1.43
2013.08.07 16:18:49.889,1.04812,1.04829,1.50,1.43
2013.08.07 16:18:50.260,1.04814,1.04831,1.43,1.50
2013.08.07 16:18:50.956,1.04812,1.04827,1.43,1.13
2013.08.07 16:18:51.019,1.04809,1.04827,2.70,1.88
2013.08.07 16:18:51.140,1.04808,1.04826,2.18,2.18
2013.08.07 16:18:51.501,1.04812,1.04828,1.35,1.50
2013.08.07 16:18:55.629,1.04813,1.04828,1.43,1.50
2013.08.07 16:18:55.989,1.04815,1.04834,1.35,2.18
2013.08.07 16:18:57.329,1.04817,1.04835,1.35,1.50
2013.08.07 16:18:57.450,1.04817,1.04835,1.35,1.50
2013.08.07 16:18:57.689,1.04817,1.04833,2.10,1.50
2013.08.07 16:18:58.194,1.04816,1.04834,1.43,1.80
2013.08.07 16:19:02.849,1.04815,1.04834,2.10,1.80
2013.08.07 16:19:06.019,1.04817,1.04834,1.50,1.43
2013.08.07 16:19:06.139,1.04818,1.04835,1.35,1.50
2013.08.07 16:19:06.199,1.0482,1.04837,1.35,1.88
2013.08.07 16:19:06.690,1.0482,1.04836,1.35,1.88
2013.08.07 16:19:11.329,1.0482,1.04834,1.35,2.29
2013.08.07 16:19:11.690,1.04817,1.04827,2.03,1.13
2013.08.07 16:19:11.749,1.04813,1.04827,2.03,1.13
2013.08.07 16:19:11.809,1.04809,1.04827,1.35,1.13
2013.08.07 16:19:13.559,1.04809,1.04827,1.35,1.50
2013.08.07 16:19:13.739,1.04809,1.04827,1.35,2.10
2013.08.07 16:19:14.320,1.04809,1.04827,1.35,1.88
2013.08.07 16:19:14.718,1.04809,1.04826,1.35,1.13
2013.08.07 16:19:16.020,1.04807,1.04825,2.10,1.13
2013.08.07 16:19:17.149,1.04808,1.04826,3.15,2.18
2013.08.07 16:19:17.210,1.0481,1.04828,1.43,1.43
2013.08.07 16:19:17.389,1.0481,1.04829,1.43,2.18
2013.08.07 16:19:18.059,1.0481,1.04828,1.43,1.80
2013.08.07 16:19:18.590,1.0481,1.04826,1.13,1.35
2013.08.07 16:19:18.649,1.0481,1.04829,1.13,1.43
2013.08.07 16:19:18.709,1.0481,1.04829,1.13,1.43
2013.08.07 16:19:19.219,1.04812,1.04829,1.88,1.80
2013.08.07 16:19:19.339,1.04812,1.04831,1.88,2.85
2013.08.07 16:19:19.700,1.04813,1.04831,1.43,1.13
2013.08.07 16:19:20.219,1.04815,1.0483,1.43,1.13
2013.08.07 16:19:20.785,1.04817,1.04836,1.80,2.10
2013.08.07 16:19:20.851,1.04819,1.04838,1.13,1.43
2013.08.07 16:19:21.149,1.04819,1.04838,1.13,1.43
2013.08.07 16:19:21.853,1.04819,1.04838,1.13,1.43
2013.08.07 16:19:22.839,1.04817,1.04836,1.13,2.10
2013.08.07 16:19:28.639,1.04818,1.04836,1.13,2.10
2013.08.07 16:19:29.119,1.0482,1.04836,1.35,2.10
2013.08.07 16:19:29.419,1.04819,1.04839,2.10,4.28
2013.08.07 16:19:29.929,1.04818,1.04837,1.43,1.43
2013.08.07 16:19:30.669,1.04818,1.04837,1.43,1.43
2013.08.07 16:19:31.711,1.04818,1.04836,1.43,1.43
2013.08.07 16:19:31.950,1.04817,1.04833,1.43,1.88
2013.08.07 16:19:32.072,1.04814,1.04833,2.10,1.13
2013.08.07 16:19:32.371,1.04814,1.04833,1.43,1.43
2013.08.07 16:19:32.939,1.04813,1.04831,1.43,1.43
2013.08.07 16:19:39.742,1.04816,1.04833,1.13,1.50
2013.08.07 16:19:39.922,1.04816,1.04833,1.13,1.50
2013.08.07 16:19:40.570,1.04816,1.04833,1.13,2.10
2013.08.07 16:19:40.869,1.04815,1.0483,1.13,1.50
2013.08.07 16:19:41.409,1.04812,1.04828,1.88,2.10
2013.08.07 16:19:45.609,1.04814,1.0483,1.13,1.43
2013.08.07 16:19:46.351,1.04815,1.04832,1.13,3.23
2013.08.07 16:19:46.919,1.04815,1.04832,1.13,1.43
2013.08.07 16:19:46.979,1.04816,1.04834,1.13,1.80
2013.08.07 16:19:47.040,1.04816,1.04834,1.80,1.05
2013.08.07 16:19:52.299,1.04817,1.04835,1.80,1.43
2013.08.07 16:19:53.922,1.04817,1.04835,1.80,1.43
2013.08.07 16:19:54.050,1.04814,1.04835,1.43,2.10
2013.08.07 16:19:54.579,1.04813,1.04833,1.73,1.35
2013.08.07 16:19:55.121,1.04815,1.04833,1.13,2.10
2013.08.07 16:19:56.389,1.04815,1.04833,1.80,1.43
2013.08.07 16:20:06.109,1.04813,1.04831,2.18,1.43
2013.08.07 16:20:06.169,1.04813,1.04831,1.43,2.03
2013.08.07 16:20:06.709,1.04814,1.04833,1.13,2.70
2013.08.07 16:20:06.769,1.04814,1.04833,1.80,1.35
2013.08.07 16:20:06.951,1.04816,1.04836,1.43,2.78
2013.08.07 16:20:07.140,1.04819,1.04836,1.43,2.10
2013.08.07 16:20:07.413,1.04819,1.04836,1.43,1.35
2013.08.07 16:20:09.991,1.04819,1.04837,1.43,1.73
2013.08.07 16:20:10.602,1.04819,1.04836,1.43,1.35
2013.08.07 16:20:12.759,1.04816,1.04836,2.10,3.45
2013.08.07 16:20:13.529,1.04816,1.04834,2.10,1.13
2013.08.07 16:20:14.273,1.04815,1.04834,1.80,1.80
2013.08.07 16:20:14.918,1.04819,1.04836,1.05,1.35
2013.08.07 16:20:15.430,1.04818,1.04838,2.48,2.10
2013.08.07 16:20:18.379,1.04819,1.04838,1.05,2.25
2013.08.07 16:20:18.499,1.04822,1.04839,2.10,1.50
2013.08.07 16:20:18.619,1.04822,1.04841,2.10,2.03
2013.08.07 16:20:23.439,1.04822,1.04841,2.48,1.43
2013.08.07 16:20:26.442,1.04823,1.04841,1.43,1.43
2013.08.07 16:20:31.611,1.04833,1.04841,2.10,1.43
2013.08.07 16:20:31.672,1.04833,1.04842,2.10,1.73
2013.08.07 16:20:31.739,1.04833,1.04842,2.48,1.73
2013.08.07 16:20:31.801,1.04834,1.04844,1.88,2.10
2013.08.07 16:20:31.860,1.04832,1.04844,2.10,2.10
2013.08.07 16:20:31.919,1.04833,1.04844,1.35,1.35
2013.08.07 16:20:32.220,1.04833,1.04851,1.35,1.35
2013.08.07 16:20:32.530,1.04834,1.04853,1.43,1.80
2013.08.07 16:20:32.779,1.04832,1.04851,2.18,2.10
2013.08.07 16:20:33.080,1.0483,1.04848,1.43,1.43
2013.08.07 16:20:33.200,1.0483,1.04848,1.43,1.43
2013.08.07 16:20:35.273,1.0483,1.04849,1.13,2.10
2013.08.07 16:20:35.399,1.04837,1.04849,1.13,1.35
2013.08.07 16:20:35.459,1.04832,1.04847,2.55,1.35
2013.08.07 16:20:35.519,1.04832,1.04847,2.93,1.35
2013.08.07 16:20:35.580,1.04833,1.0485,1.50,1.50
2013.08.07 16:20:35.819,1.04832,1.04851,1.50,1.43
2013.08.07 16:20:35.940,1.04831,1.04849,1.43,1.50
2013.08.07 16:20:36.059,1.0483,1.04848,1.43,1.43
2013.08.07 16:20:36.420,1.04829,1.04848,1.43,2.18
2013.08.07 16:20:36.953,1.0483,1.04848,1.43,2.18
2013.08.07 16:20:37.960,1.0483,1.04847,1.43,1.43
2013.08.07 16:20:38.259,1.04827,1.04847,2.48,2.85
2013.08.07 16:20:42.759,1.04827,1.04847,2.48,2.10
2013.08.07 16:20:44.750,1.04828,1.04848,1.80,2.10
2013.08.07 16:20:45.053,1.0483,1.0485,1.43,2.18
2013.08.07 16:20:45.181,1.04831,1.04851,1.35,1.43
2013.08.07 16:20:45.420,1.04831,1.04851,1.35,1.43
2013.08.07 16:20:45.600,1.04831,1.04851,1.35,2.18
2013.08.07 16:20:46.161,1.04832,1.04851,1.43,2.18
2013.08.07 16:20:46.682,1.04832,1.04849,1.43,1.50
2013.08.07 16:20:48.519,1.0483,1.04848,1.35,1.43
2013.08.07 16:20:49.045,1.04831,1.04849,1.43,1.50
2013.08.07 16:20:55.380,1.04829,1.04848,1.43,1.88
2013.08.07 16:20:58.300,1.0483,1.04847,1.43,1.43
2013.08.07 16:21:34.949,1.04827,1.04847,2.93,1.80
2013.08.07 16:21:35.070,1.04827,1.04845,1.43,2.10
2013.08.07 16:21:35.130,1.04826,1.04845,1.43,2.78
2013.08.07 16:21:35.250,1.04824,1.04843,1.43,1.73
2013.08.07 16:21:35.430,1.04824,1.04842,1.43,3.08
2013.08.07 16:21:37.109,1.04823,1.04842,1.43,2.55
2013.08.07 16:21:43.489,1.04823,1.04842,1.43,2.55
2013.08.07 16:21:44.021,1.04824,1.04842,1.50,2.55
2013.08.07 16:21:45.999,1.04824,1.04842,1.50,2.55
2013.08.07 16:21:53.121,1.04823,1.04842,1.43,2.55
2013.08.07 16:21:53.720,1.04823,1.04842,1.43,2.55
2013.08.07 16:21:58.230,1.04824,1.04842,1.43,2.18
2013.08.07 16:21:58.589,1.04821,1.0484,2.10,1.88
2013.08.07 16:21:58.829,1.04824,1.04843,1.35,2.55
2013.08.07 16:21:59.655,1.04824,1.04842,1.35,1.13
2013.08.07 16:22:00.490,1.04822,1.04842,4.35,1.13
2013.08.07 16:22:03.409,1.04822,1.04842,3.60,1.13
2013.08.07 16:22:03.811,1.04822,1.04842,3.60,1.13
2013.08.07 16:22:10.459,1.04822,1.0484,2.85,1.88
2013.08.07 16:22:11.929,1.04822,1.0484,1.50,1.88
2013.08.07 16:22:11.989,1.0482,1.04838,1.43,1.43
2013.08.07 16:22:12.171,1.04822,1.04838,1.35,1.50
2013.08.07 16:22:12.480,1.04831,1.04846,1.13,3.23
2013.08.07 16:22:12.659,1.04834,1.04852,1.43,1.43
2013.08.07 16:22:14.694,1.04834,1.0485,1.43,1.50
2013.08.07 16:22:18.109,1.04834,1.0485,1.43,1.50
2013.08.07 16:22:18.530,1.04834,1.04851,1.43,1.13
2013.08.07 16:22:18.650,1.04835,1.04856,1.35,1.80
2013.08.07 16:22:18.709,1.04835,1.04856,1.35,1.80
2013.08.07 16:22:19.220,1.04838,1.04856,1.43,1.43
2013.08.07 16:22:19.523,1.04838,1.04855,2.10,1.50
2013.08.07 16:22:19.641,1.04838,1.04855,1.35,1.43
2013.08.07 16:22:19.824,1.04834,1.04854,2.10,2.25
2013.08.07 16:22:20.389,1.04831,1.04851,1.43,2.10
2013.08.07 16:22:20.750,1.04831,1.04846,1.43,3.98
2013.08.07 16:22:20.815,1.04829,1.04844,1.35,1.35
2013.08.07 16:22:20.883,1.04828,1.04845,1.43,1.88
2013.08.07 16:22:21.130,1.04829,1.04847,1.50,2.85
2013.08.07 16:22:21.430,1.04828,1.04845,1.43,1.43
2013.08.07 16:22:21.969,1.04832,1.04848,1.43,1.43
2013.08.07 16:22:22.390,1.04832,1.0485,1.80,1.13
2013.08.07 16:22:22.809,1.04832,1.04851,1.13,2.48
2013.08.07 16:22:23.332,1.04833,1.04851,1.35,1.13
2013.08.07 16:22:27.849,1.04833,1.04851,1.73,1.13
2013.08.07 16:22:28.031,1.0483,1.04849,1.43,1.88
2013.08.07 16:22:28.390,1.04825,1.04845,2.40,1.43
2013.08.07 16:22:28.780,1.04825,1.04845,2.40,1.43
2013.08.07 16:22:29.229,1.04825,1.04845,2.40,1.43
2013.08.07 16:22:30.763,1.04826,1.04845,1.50,1.43
2013.08.07 16:22:30.882,1.04827,1.04845,2.25,1.43
2013.08.07 16:22:31.071,1.04831,1.04848,1.13,2.10
2013.08.07 16:22:31.130,1.04831,1.0485,1.80,2.48
2013.08.07 16:22:31.751,1.04831,1.04849,1.80,1.43
2013.08.07 16:22:34.660,1.04832,1.0485,1.13,1.73
2013.08.07 16:22:35.079,1.04832,1.04849,1.13,1.43
2013.08.07 16:22:35.260,1.04832,1.0485,2.63,2.03
2013.08.07 16:22:35.319,1.04832,1.04851,3.30,2.55
2013.08.07 16:22:35.800,1.04835,1.04853,1.13,1.43
2013.08.07 16:22:35.982,1.04838,1.04857,1.43,2.63
2013.08.07 16:22:36.041,1.0484,1.04857,1.35,1.88
2013.08.07 16:22:36.280,1.0484,1.04861,2.10,1.43
2013.08.07 16:22:36.341,1.04841,1.04861,1.43,1.43
2013.08.07 16:22:37.650,1.0484,1.04859,1.43,1.43
2013.08.07 16:22:37.770,1.04839,1.04859,2.18,2.93
2013.08.07 16:22:37.949,1.0484,1.04859,1.35,1.50
2013.08.07 16:22:38.009,1.0484,1.0486,1.35,2.18
2013.08.07 16:22:38.619,1.04842,1.04861,2.10,1.50
2013.08.07 16:22:38.691,1.04842,1.04862,2.48,2.10
2013.08.07 16:22:39.249,1.04842,1.04862,2.85,2.85
2013.08.07 16:22:39.310,1.04842,1.0486,2.85,1.50
2013.08.07 16:22:39.429,1.0484,1.04858,1.50,1.35
2013.08.07 16:22:39.730,1.04841,1.04856,1.13,2.03
2013.08.07 16:22:40.241,1.04841,1.04854,1.88,1.35
2013.08.07 16:22:43.191,1.04838,1.04853,1.50,1.43
2013.08.07 16:22:43.492,1.04832,1.04845,2.03,1.13
2013.08.07 16:22:43.552,1.04831,1.04845,1.35,1.13
2013.08.07 16:22:43.732,1.04831,1.04847,2.10,1.13
2013.08.07 16:22:43.850,1.04832,1.04842,1.13,1.35
2013.08.07 16:22:44.090,1.04832,1.04848,1.13,1.35
2013.08.07 16:22:44.270,1.04834,1.04851,2.63,2.10
2013.08.07 16:22:44.390,1.04838,1.04855,1.13,1.43
2013.08.07 16:22:44.632,1.04838,1.04857,2.48,5.48
2013.08.07 16:22:44.991,1.04838,1.04853,1.13,1.43
2013.08.07 16:22:45.492,1.04837,1.04855,1.13,1.35
2013.08.07 16:22:45.613,1.04838,1.04857,1.13,2.10
2013.08.07 16:22:46.120,1.04838,1.04855,1.13,1.35
2013.08.07 16:22:57.779,1.04837,1.04854,1.13,2.40
2013.08.07 16:22:57.900,1.04834,1.04852,1.95,2.10
2013.08.07 16:22:58.080,1.04833,1.04851,1.35,3.15
2013.08.07 16:22:58.260,1.04831,1.0485,2.48,2.18
2013.08.07 16:22:58.760,1.04829,1.04848,1.80,4.20
2013.08.07 16:23:04.510,1.04831,1.04847,1.13,1.35
2013.08.07 16:23:04.810,1.04831,1.04846,1.13,1.35
2013.08.07 16:23:04.930,1.04831,1.04848,1.13,1.43
2013.08.07 16:23:05.470,1.04831,1.04848,1.13,1.43
2013.08.07 16:23:05.713,1.04832,1.04851,1.13,1.35
2013.08.07 16:23:06.190,1.04835,1.04855,2.10,2.10
2013.08.07 16:23:06.310,1.04834,1.04854,1.43,1.35
2013.08.07 16:23:06.612,1.04838,1.04854,1.13,1.35
2013.08.07 16:23:06.913,1.04844,1.04854,1.13,1.35
2013.08.07 16:23:07.280,1.04844,1.04856,1.13,1.35
2013.08.07 16:23:07.399,1.04844,1.04859,1.13,1.35
2013.08.07 16:23:07.820,1.04838,1.04858,1.50,1.35
2013.08.07 16:23:08.669,1.04843,1.04859,1.50,1.35
2013.08.07 16:23:10.000,1.0484,1.04858,1.43,1.73
2013.08.07 16:23:10.314,1.0484,1.04857,1.50,1.35
2013.08.07 16:23:10.499,1.04842,1.04862,2.18,2.93
2013.08.07 16:23:10.620,1.04842,1.04861,1.43,1.43
2013.08.07 16:23:10.921,1.0484,1.04858,1.50,1.35
2013.08.07 16:23:11.284,1.04842,1.0486,1.13,2.10
2013.08.07 16:23:11.707,1.04844,1.0486,1.13,2.10
2013.08.07 16:23:12.140,1.04844,1.04862,1.13,2.48
2013.08.07 16:23:12.729,1.04842,1.04862,2.18,2.48
2013.08.07 16:23:13.050,1.04842,1.04859,1.50,1.35
2013.08.07 16:23:13.351,1.04845,1.04859,1.88,1.35
2013.08.07 16:23:13.472,1.04845,1.04863,1.88,2.48
2013.08.07 16:23:14.012,1.04848,1.04864,1.13,1.80
2013.08.07 16:23:15.229,1.04848,1.04862,1.88,1.35
2013.08.07 16:23:17.670,1.04848,1.04863,1.50,1.05
2013.08.07 16:23:18.275,1.04848,1.04863,1.88,1.05
2013.08.07 16:23:18.520,1.04844,1.04861,1.50,1.73
2013.08.07 16:23:18.880,1.0484,1.04858,1.13,1.35
2013.08.07 16:23:19.750,1.04838,1.04857,2.25,1.35
2013.08.07 16:23:20.109,1.0484,1.04855,1.73,1.35
2013.08.07 16:23:20.229,1.0484,1.04857,1.73,1.35
2013.08.07 16:23:23.639,1.0484,1.04857,2.85,1.35
2013.08.07 16:23:23.820,1.04847,1.04857,1.13,1.35
2013.08.07 16:23:24.060,1.04845,1.04859,1.13,2.70
2013.08.07 16:23:24.180,1.04845,1.04862,1.13,1.35
2013.08.07 16:23:24.360,1.04845,1.04861,1.13,2.03
2013.08.07 16:23:24.539,1.04845,1.04862,1.13,1.35
2013.08.07 16:23:24.779,1.04845,1.04863,1.88,2.10
2013.08.07 16:23:25.321,1.04845,1.04862,1.13,1.35
2013.08.07 16:23:25.439,1.04845,1.04864,1.13,1.35
2013.08.07 16:23:25.500,1.04844,1.04864,2.25,2.48
2013.08.07 16:23:25.559,1.04844,1.04862,1.50,1.43
2013.08.07 16:23:25.974,1.04841,1.04858,1.88,1.35
2013.08.07 16:23:26.880,1.04841,1.04858,1.88,1.35
2013.08.07 16:23:27.489,1.04841,1.04858,1.88,1.35
2013.08.07 16:23:28.861,1.04841,1.04858,1.13,1.35
2013.08.07 16:23:32.943,1.04841,1.04858,1.88,1.73
2013.08.07 16:23:33.180,1.04837,1.04856,1.50,1.80
2013.08.07 16:23:33.360,1.04835,1.04855,1.80,1.43
2013.08.07 16:23:33.813,1.04837,1.04854,1.13,1.35
2013.08.07 16:23:33.990,1.0484,1.04857,1.50,1.35
2013.08.07 16:23:34.411,1.04835,1.04855,2.18,1.80
2013.08.07 16:23:34.650,1.04831,1.04851,1.43,1.43
2013.08.07 16:23:35.158,1.04829,1.0485,1.80,2.10
2013.08.07 16:23:36.790,1.04831,1.0485,1.35,1.35
2013.08.07 16:23:37.150,1.04837,1.04854,1.88,2.70
2013.08.07 16:23:37.390,1.04837,1.04854,1.88,1.73
2013.08.07 16:23:38.600,1.04837,1.04854,2.63,1.80
2013.08.07 16:23:49.150,1.04834,1.04854,1.35,2.85
2013.08.07 16:23:49.211,1.04833,1.04852,2.25,2.40
2013.08.07 16:23:49.330,1.0483,1.04849,1.43,1.35
2013.08.07 16:23:49.391,1.0483,1.04849,1.43,1.35
2013.08.07 16:23:49.939,1.04829,1.04847,1.13,1.35
2013.08.07 16:23:50.469,1.04829,1.04848,1.13,1.35
2013.08.07 16:23:52.240,1.0483,1.04848,1.50,2.10
2013.08.07 16:23:52.613,1.04831,1.04847,1.50,1.35
2013.08.07 16:23:52.672,1.04833,1.04851,1.50,2.10
2013.08.07 16:23:52.920,1.04835,1.04853,1.05,1.43
2013.08.07 16:23:52.981,1.04836,1.04854,1.13,1.43
2013.08.07 16:24:05.589,1.04836,1.04856,2.25,1.35
2013.08.07 16:24:10.570,1.04838,1.04856,2.25,1.35
2013.08.07 16:24:10.690,1.04842,1.04861,1.13,1.80
2013.08.07 16:24:10.750,1.04841,1.04861,4.20,1.35
2013.08.07 16:24:10.809,1.04841,1.04859,2.85,1.13
2013.08.07 16:24:11.114,1.0484,1.04857,1.88,1.35
2013.08.07 16:24:11.240,1.04839,1.04858,1.88,3.23
2013.08.07 16:24:11.360,1.0484,1.04858,1.13,3.23
2013.08.07 16:24:11.879,1.0484,1.04858,1.13,3.98
2013.08.07 16:24:12.209,1.0484,1.04856,1.13,1.35
2013.08.07 16:24:12.660,1.04839,1.04853,1.35,2.10
2013.08.07 16:24:12.720,1.04839,1.04853,1.35,2.10
2013.08.07 16:24:12.901,1.04836,1.04851,1.50,1.73
2013.08.07 16:24:13.021,1.04835,1.04848,1.50,1.43
2013.08.07 16:24:13.080,1.04835,1.04848,1.50,2.10
2013.08.07 16:24:13.260,1.04832,1.04848,1.13,2.10
2013.08.07 16:24:13.380,1.04832,1.0485,1.13,1.05
2013.08.07 16:24:14.819,1.04833,1.0485,1.13,1.05
2013.08.07 16:24:15.301,1.04831,1.0485,3.38,1.43
2013.08.07 16:24:15.879,1.04831,1.04849,2.63,1.50
2013.08.07 16:24:26.190,1.04832,1.04849,1.50,1.50
2013.08.07 16:24:28.192,1.04831,1.04849,1.88,1.50
2013.08.07 16:24:33.630,1.04831,1.04848,1.88,1.43
2013.08.07 16:24:35.250,1.04829,1.04848,1.43,2.18
2013.08.07 16:24:35.550,1.04828,1.04847,1.43,1.95
2013.08.07 16:24:36.871,1.04828,1.04843,1.43,1.50
2013.08.07 16:24:36.930,1.04828,1.04843,1.43,1.50
2013.08.07 16:24:36.991,1.04828,1.04841,1.43,1.13
2013.08.07 16:24:37.290,1.04822,1.04839,1.13,1.50
2013.08.07 16:24:37.820,1.0482,1.04839,1.13,1.50
2013.08.07 16:24:39.662,1.04819,1.04839,1.80,1.50
2013.08.07 16:24:39.900,1.0482,1.04839,1.13,1.50
2013.08.07 16:24:40.560,1.04821,1.04838,1.13,2.18
2013.08.07 16:24:40.870,1.04819,1.04837,1.80,1.43
2013.08.07 16:24:42.561,1.04819,1.04837,2.18,2.18
2013.08.07 16:24:43.490,1.04819,1.04837,1.50,1.50
2013.08.07 16:24:47.120,1.04816,1.04836,3.30,1.43
2013.08.07 16:24:47.920,1.04816,1.04835,2.18,1.13
2013.08.07 16:24:48.159,1.04815,1.04832,1.35,1.13
2013.08.07 16:24:48.341,1.0481,1.04827,1.43,1.13
2013.08.07 16:24:48.400,1.0481,1.04827,1.43,1.50
2013.08.07 16:24:49.193,1.0481,1.04828,1.43,2.18
2013.08.07 16:24:49.739,1.04813,1.0483,1.43,1.35
2013.08.07 16:24:52.929,1.04813,1.04828,1.43,1.50
2013.08.07 16:24:53.290,1.04813,1.04832,2.10,1.50
2013.08.07 16:24:54.819,1.04812,1.0483,1.80,1.43
2013.08.07 16:24:55.399,1.04812,1.0483,1.80,1.43
2013.08.07 16:24:58.550,1.04814,1.0483,1.13,1.43
2013.08.07 16:24:59.229,1.04814,1.04832,1.80,1.43
2013.08.07 16:25:00.108,1.04814,1.04828,1.13,1.43
2013.08.07 16:25:00.478,1.04817,1.04829,1.50,1.35
2013.08.07 16:25:00.612,1.04817,1.04832,1.13,1.35
2013.08.07 16:25:00.911,1.04817,1.04834,1.13,1.35
2013.08.07 16:25:01.470,1.04818,1.04831,1.13,1.35
2013.08.07 16:25:02.219,1.04818,1.04833,1.13,1.35
2013.08.07 16:25:02.309,1.04818,1.04834,1.13,1.35
2013.08.07 16:25:03.691,1.04816,1.04833,1.88,1.43
2013.08.07 16:25:03.752,1.04816,1.04833,1.88,2.18
2013.08.07 16:25:03.870,1.04816,1.04829,1.50,2.10
2013.08.07 16:25:05.140,1.04811,1.04828,1.13,1.35
2013.08.07 16:25:06.771,1.04811,1.04828,1.13,2.70
2013.08.07 16:25:07.010,1.0481,1.04827,1.13,1.35
2013.08.07 16:25:08.440,1.0481,1.04827,1.13,1.35
2013.08.07 16:25:16.316,1.04811,1.04827,1.13,1.35
2013.08.07 16:25:16.500,1.04811,1.04828,1.13,1.35
2013.08.07 16:25:16.679,1.04811,1.04828,1.13,1.35
2013.08.07 16:25:18.250,1.04811,1.04828,1.13,1.35
2013.08.07 16:25:18.779,1.04812,1.04829,1.43,1.50
2013.08.07 16:25:19.559,1.04812,1.04829,1.43,1.50
2013.08.07 16:25:22.856,1.04812,1.04829,1.43,1.50
2013.08.07 16:25:23.222,1.04811,1.04828,1.13,2.10
2013.08.07 16:25:23.792,1.04811,1.04829,1.13,1.50
2013.08.07 16:25:24.461,1.0481,1.04829,1.13,1.50
2013.08.07 16:25:30.096,1.0481,1.04827,1.35,1.50
2013.08.07 16:25:34.620,1.04808,1.04824,1.35,1.50
2013.08.07 16:25:34.679,1.04807,1.04824,1.35,1.50
2013.08.07 16:25:35.481,1.04807,1.04824,1.35,1.50
2013.08.07 16:25:41.371,1.04804,1.04823,3.23,1.43
2013.08.07 16:25:41.923,1.04804,1.04823,2.10,2.18
2013.08.07 16:25:43.660,1.04804,1.04822,1.43,1.43
2013.08.07 16:25:44.210,1.04803,1.04821,1.43,1.43
2013.08.07 16:25:44.511,1.04801,1.04818,1.43,1.50
2013.08.07 16:25:44.811,1.04801,1.04819,1.43,2.18
2013.08.07 16:25:45.110,1.04801,1.04819,2.18,1.43
2013.08.07 16:25:45.470,1.04803,1.0482,2.10,1.35
2013.08.07 16:25:45.771,1.048,1.0482,2.18,2.78
2013.08.07 16:25:47.041,1.048,1.04818,1.50,1.43
2013.08.07 16:25:47.160,1.048,1.04818,1.50,2.10
2013.08.07 16:25:51.890,1.04798,1.04816,1.50,1.43
2013.08.07 16:25:52.440,1.04798,1.04816,1.50,2.18
2013.08.07 16:25:52.959,1.04798,1.04816,1.50,2.85
2013.08.07 16:26:02.290,1.04798,1.04815,1.50,1.43
2013.08.07 16:26:02.830,1.04797,1.04813,1.50,1.43
2013.08.07 16:26:05.881,1.04797,1.04816,1.50,2.78
2013.08.07 16:26:06.360,1.04797,1.04816,1.50,2.78
2013.08.07 16:26:08.869,1.04797,1.04814,1.50,1.43
2013.08.07 16:26:11.320,1.04797,1.04813,2.63,1.35
2013.08.07 16:26:11.830,1.04797,1.04813,1.13,1.35
2013.08.07 16:26:19.429,1.04796,1.04813,1.50,1.35
2013.08.07 16:26:19.613,1.04795,1.04813,1.50,3.45
2013.08.07 16:26:19.973,1.04793,1.04809,1.73,1.35
2013.08.07 16:26:24.396,1.04793,1.04808,1.73,1.35
2013.08.07 16:26:24.955,1.04793,1.04809,2.48,1.43
2013.08.07 16:26:31.760,1.04793,1.04809,1.35,2.18
2013.08.07 16:26:32.120,1.04791,1.04809,1.88,2.18
2013.08.07 16:26:43.361,1.04791,1.04806,1.88,1.35
2013.08.07 16:26:43.950,1.04791,1.04808,1.88,1.35
2013.08.07 16:26:49.501,1.04791,1.04808,2.63,1.35
2013.08.07 16:26:53.301,1.04792,1.04808,1.50,1.35
2013.08.07 16:26:59.470,1.04791,1.04808,1.88,1.35
2013.08.07 16:26:59.650,1.04789,1.04806,1.50,1.35
2013.08.07 16:27:01.552,1.0479,1.04806,1.50,1.35
2013.08.07 16:27:01.673,1.0479,1.04799,1.43,1.13
2013.08.07 16:27:01.791,1.04789,1.04798,1.35,1.80
2013.08.07 16:27:01.971,1.04788,1.04796,1.35,1.43
2013.08.07 16:27:02.090,1.0478,1.04797,1.43,1.43
2013.08.07 16:27:03.110,1.04777,1.04793,1.50,1.35
2013.08.07 16:27:03.669,1.04777,1.04793,1.88,1.35
2013.08.07 16:27:04.233,1.04777,1.04793,1.88,1.35
2013.08.07 16:27:04.760,1.04777,1.04792,1.88,1.43
2013.08.07 16:27:05.891,1.04776,1.04792,1.50,2.10
2013.08.07 16:27:06.011,1.04776,1.04793,1.88,1.43
2013.08.07 16:27:06.192,1.04776,1.04793,1.50,1.43
2013.08.07 16:27:07.025,1.0478,1.04793,1.50,1.43
2013.08.07 16:27:07.090,1.04784,1.04795,1.50,1.35
2013.08.07 16:27:07.151,1.04789,1.04799,7.73,2.10
2013.08.07 16:27:07.212,1.04797,1.04807,1.13,2.70
2013.08.07 16:27:07.330,1.048,1.04821,1.50,1.50
2013.08.07 16:27:07.450,1.0481,1.04823,1.13,4.20
2013.08.07 16:27:07.631,1.04808,1.04826,2.93,1.35
2013.08.07 16:27:07.930,1.0481,1.04828,1.43,1.35
2013.08.07 16:27:07.995,1.04809,1.04828,1.80,1.35
2013.08.07 16:27:08.361,1.04818,1.0483,1.13,2.70
2013.08.07 16:27:08.421,1.0482,1.04831,1.13,1.35
2013.08.07 16:27:08.541,1.04827,1.04832,1.13,1.35
2013.08.07 16:27:08.840,1.04827,1.04842,1.88,3.45
2013.08.07 16:27:09.380,1.04823,1.04839,1.50,2.10
2013.08.07 16:27:09.500,1.04821,1.04831,1.50,1.35
2013.08.07 16:27:09.620,1.04817,1.04831,1.50,1.35
2013.08.07 16:27:10.570,1.04817,1.04834,1.50,1.35
2013.08.07 16:27:10.871,1.04819,1.04837,1.50,1.35
2013.08.07 16:27:11.251,1.04819,1.04834,2.25,1.43
2013.08.07 16:27:11.610,1.04813,1.04832,1.88,1.35
2013.08.07 16:27:12.160,1.0481,1.0483,1.88,1.35
2013.08.07 16:27:13.259,1.0481,1.0483,2.25,2.10
2013.08.07 16:27:25.961,1.0481,1.04828,2.25,1.88
2013.08.07 16:27:26.141,1.0481,1.04828,1.50,3.23
2013.08.07 16:27:26.380,1.04809,1.04827,1.50,1.73
2013.08.07 16:27:27.482,1.0481,1.04828,1.50,1.43
2013.08.07 16:27:27.600,1.0481,1.04826,2.25,1.35
2013.08.07 16:27:28.161,1.04811,1.04826,1.50,1.35
2013.08.07 16:27:32.001,1.04812,1.04826,1.73,1.35
2013.08.07 16:27:32.180,1.04813,1.04828,2.63,1.35
2013.08.07 16:27:32.240,1.04813,1.04829,2.63,1.35
2013.08.07 16:27:32.360,1.04813,1.04831,1.50,1.35
2013.08.07 16:27:32.941,1.04814,1.04831,1.88,1.35
2013.08.07 16:27:33.002,1.04816,1.04831,1.50,1.35
2013.08.07 16:27:33.120,1.04818,1.04831,1.13,1.35
2013.08.07 16:27:33.180,1.04818,1.04831,1.13,1.35
2013.08.07 16:27:33.241,1.04818,1.04836,1.13,1.73
2013.08.07 16:27:33.780,1.04818,1.04834,1.50,1.35
2013.08.07 16:27:40.122,1.0482,1.04836,1.50,1.35
2013.08.07 16:27:41.053,1.0482,1.04835,1.50,1.35
2013.08.07 16:27:44.420,1.0482,1.04834,2.63,1.35
2013.08.07 16:27:45.154,1.0482,1.04834,2.63,1.35
2013.08.07 16:27:45.900,1.0482,1.04836,2.63,1.35
2013.08.07 16:27:47.712,1.04817,1.04835,1.80,1.35
2013.08.07 16:27:47.832,1.04817,1.04833,1.43,1.35
2013.08.07 16:27:48.384,1.04813,1.04832,2.18,2.70
2013.08.07 16:27:49.471,1.04813,1.04829,1.50,1.35
2013.08.07 16:27:49.710,1.04813,1.04828,1.50,1.35
2013.08.07 16:27:49.831,1.04812,1.04829,1.50,1.35
2013.08.07 16:27:49.890,1.04812,1.04829,1.50,2.10
2013.08.07 16:27:50.399,1.04812,1.04831,1.50,1.43
2013.08.07 16:27:55.810,1.04814,1.04832,2.18,1.43
2013.08.07 16:27:56.490,1.04814,1.04832,2.18,1.43
2013.08.07 16:27:56.811,1.04814,1.04833,2.18,1.35
2013.08.07 16:27:56.992,1.04816,1.04834,3.23,1.05
2013.08.07 16:27:57.111,1.04817,1.04837,1.05,2.48
2013.08.07 16:27:57.171,1.04817,1.04837,1.80,2.48
2013.08.07 16:27:58.061,1.04819,1.04837,1.88,1.35
2013.08.07 16:27:58.121,1.04819,1.04838,1.50,1.05
2013.08.07 16:27:58.182,1.04819,1.04839,2.03,1.80
2013.08.07 16:27:58.302,1.04821,1.0484,2.33,1.43
2013.08.07 16:27:58.835,1.0482,1.04839,1.13,1.35
2013.08.07 16:27:59.351,1.04825,1.04841,1.50,2.70
2013.08.07 16:27:59.472,1.04825,1.04841,1.50,2.10
2013.08.07 16:27:59.532,1.04825,1.04841,1.50,2.10
2013.08.07 16:28:00.082,1.04822,1.04839,1.50,1.35
2013.08.07 16:28:00.680,1.04821,1.04839,1.50,1.43
2013.08.07 16:28:01.340,1.04821,1.04838,2.25,1.35
2013.08.07 16:28:01.760,1.04821,1.04841,3.98,2.85
2013.08.07 16:28:02.262,1.04822,1.04841,1.50,1.35
2013.08.07 16:28:02.823,1.04822,1.04841,1.50,1.35
2013.08.07 16:28:03.822,1.04823,1.04841,1.50,1.35
2013.08.07 16:28:05.330,1.04824,1.04841,2.25,2.10
2013.08.07 16:28:05.880,1.04823,1.04841,1.50,2.10
2013.08.07 16:28:06.500,1.04822,1.04841,2.93,2.10
2013.08.07 16:28:11.106,1.04822,1.0484,2.18,1.73
2013.08.07 16:28:11.295,1.04817,1.04836,2.25,2.48
2013.08.07 16:28:11.810,1.04814,1.04834,1.80,1.43
2013.08.07 16:28:11.990,1.04819,1.04837,1.13,1.35
2013.08.07 16:28:12.050,1.04819,1.04838,1.13,2.85
2013.08.07 16:28:12.290,1.04819,1.04838,1.88,2.10
2013.08.07 16:28:12.830,1.0482,1.04838,1.88,1.35
2013.08.07 16:28:13.160,1.04821,1.04838,1.50,2.10
2013.08.07 16:28:23.369,1.04823,1.04838,1.50,1.35
2013.08.07 16:28:27.590,1.04823,1.04838,1.50,2.10
2013.08.07 16:28:32.689,1.04822,1.04838,1.50,2.10
2013.08.07 16:28:37.491,1.04823,1.04838,1.50,2.10
2013.08.07 16:28:39.639,1.04823,1.04839,1.50,1.35
2013.08.07 16:28:50.138,1.04823,1.04839,1.50,2.10
2013.08.07 16:28:56.440,1.04823,1.04839,1.50,2.48
2013.08.07 16:29:00.431,1.04823,1.04839,1.50,2.48
2013.08.07 16:29:06.333,1.04823,1.04839,1.50,2.48
2013.08.07 16:29:06.660,1.04823,1.04839,1.50,2.48
2013.08.07 16:29:23.449,1.04819,1.04839,2.48,2.10
2013.08.07 16:29:28.460,1.04819,1.04838,3.23,1.50
2013.08.07 16:29:29.291,1.04819,1.04838,2.48,1.50
2013.08.07 16:29:51.090,1.04818,1.04838,1.13,1.50
2013.08.07 16:29:52.551,1.04817,1.04835,1.50,1.13
2013.08.07 16:29:52.621,1.04816,1.04834,1.43,1.50
2013.08.07 16:29:52.804,1.04814,1.04833,2.18,1.35
2013.08.07 16:29:52.861,1.04812,1.04833,2.18,2.10
2013.08.07 16:29:52.921,1.04812,1.04831,1.50,2.10
2013.08.07 16:29:54.362,1.04812,1.04829,1.13,2.85
2013.08.07 16:29:55.150,1.04812,1.04827,1.13,1.43
2013.08.07 16:29:56.800,1.04811,1.04828,1.13,1.43
2013.08.07 16:29:57.101,1.04812,1.04828,2.03,1.13
2013.08.07 16:29:57.586,1.04816,1.0483,1.50,1.80
2013.08.07 16:29:59.760,1.04816,1.04831,2.48,1.13
2013.08.07 16:30:00.071,1.04817,1.04829,1.50,1.05
2013.08.07 16:30:00.191,1.04814,1.0483,1.50,1.05
2013.08.07 16:30:00.430,1.04813,1.0483,2.48,1.05
2013.08.07 16:30:01.401,1.04813,1.04829,2.48,1.43
2013.08.07 16:30:04.811,1.04813,1.0483,1.35,1.05
2013.08.07 16:30:05.517,1.04813,1.04829,1.35,1.43
2013.08.07 16:30:07.881,1.04812,1.04828,1.43,1.50
2013.08.07 16:30:09.061,1.04811,1.04828,2.18,2.63
2013.08.07 16:30:09.121,1.04811,1.04828,2.18,2.63
2013.08.07 16:30:09.361,1.0481,1.04826,1.50,1.35
2013.08.07 16:30:09.903,1.04811,1.04828,1.50,3.60
2013.08.07 16:30:15.047,1.04811,1.04825,1.88,1.13
2013.08.07 16:30:15.171,1.0481,1.04824,1.13,1.43
2013.08.07 16:30:15.231,1.04806,1.04823,2.18,1.13
2013.08.07 16:30:15.351,1.04802,1.0482,2.18,1.43
2013.08.07 16:30:15.600,1.04803,1.04823,1.43,1.43
2013.08.07 16:30:19.140,1.04803,1.04819,1.43,1.50
2013.08.07 16:30:25.300,1.04808,1.04822,1.13,1.13
2013.08.07 16:30:25.360,1.04808,1.04821,1.13,1.13
2013.08.07 16:30:25.420,1.04808,1.04824,1.13,3.00
2013.08.07 16:30:25.540,1.04809,1.04825,1.88,1.13
2013.08.07 16:30:25.600,1.04809,1.04825,1.88,1.13
2013.08.07 16:30:26.160,1.04809,1.04824,1.13,1.13
2013.08.07 16:30:26.463,1.04807,1.04823,2.10,2.63
2013.08.07 16:30:26.521,1.04807,1.04823,2.10,3.38
2013.08.07 16:30:26.641,1.04807,1.04822,2.10,1.13
2013.08.07 16:30:26.941,1.04807,1.04823,1.13,1.05
2013.08.07 16:30:27.300,1.04809,1.04821,1.50,1.35
2013.08.07 16:30:27.360,1.04809,1.04824,1.50,1.88
2013.08.07 16:30:33.533,1.04809,1.04824,1.13,1.50
2013.08.07 16:30:35.276,1.04809,1.04827,1.50,2.25
2013.08.07 16:30:36.590,1.04809,1.04826,1.50,2.10
2013.08.07 16:30:37.480,1.0481,1.04827,1.80,1.50
2013.08.07 16:30:38.120,1.0481,1.04827,1.43,1.50
2013.08.07 16:30:40.360,1.04809,1.04827,1.13,1.50
2013.08.07 16:30:40.482,1.04811,1.04827,1.13,1.50
2013.08.07 16:30:40.601,1.04811,1.04828,1.13,2.18
2013.08.07 16:30:40.661,1.04811,1.04828,1.13,1.43
2013.08.07 16:30:41.401,1.04811,1.04828,1.50,1.50
2013.08.07 16:30:43.740,1.04814,1.04828,1.13,1.50
2013.08.07 16:30:43.860,1.04817,1.04833,1.13,1.43
2013.08.07 16:30:44.100,1.04815,1.04832,1.50,1.43
2013.08.07 16:30:44.220,1.04815,1.04832,1.50,1.43
2013.08.07 16:30:44.778,1.04813,1.04829,1.13,1.50
2013.08.07 16:30:48.952,1.04814,1.04829,2.25,1.50
2013.08.07 16:30:49.131,1.04818,1.04832,1.13,1.43
2013.08.07 16:30:49.251,1.04818,1.04833,1.13,2.85
2013.08.07 16:30:49.430,1.0482,1.04833,1.13,1.43
2013.08.07 16:30:50.880,1.04821,1.04836,1.13,1.43
2013.08.07 16:30:54.136,1.04819,1.04836,1.13,1.43
2013.08.07 16:30:57.602,1.0482,1.04835,1.13,1.50
2013.08.07 16:30:59.361,1.0482,1.04836,1.13,1.43
2013.08.07 16:31:00.854,1.04815,1.04833,2.85,1.43
2013.08.07 16:31:00.921,1.04815,1.04833,2.10,1.43
2013.08.07 16:31:01.041,1.04816,1.04831,1.50,1.35
2013.08.07 16:31:01.341,1.04816,1.04833,1.88,1.35
2013.08.07 16:31:01.851,1.04816,1.04836,2.55,1.43
2013.08.07 16:31:02.500,1.04816,1.04834,1.88,2.18
2013.08.07 16:31:02.691,1.04817,1.04834,1.50,2.10
2013.08.07 16:31:03.150,1.04816,1.04834,1.50,2.85
2013.08.07 16:31:03.271,1.04816,1.04832,1.50,1.80
2013.08.07 16:31:03.511,1.0481,1.04828,1.43,1.43
2013.08.07 16:31:03.691,1.04807,1.04827,1.80,1.80
2013.08.07 16:31:03.751,1.04807,1.04827,1.43,2.48
2013.08.07 16:31:04.186,1.04804,1.04822,2.85,1.35
2013.08.07 16:31:04.644,1.04806,1.04822,2.55,1.35
2013.08.07 16:31:04.771,1.04808,1.04824,1.13,1.35
2013.08.07 16:31:05.013,1.04809,1.04829,2.18,1.43
2013.08.07 16:31:05.081,1.04811,1.04829,1.13,1.43
2013.08.07 16:31:05.441,1.0482,1.04835,1.13,1.50
2013.08.07 16:31:05.683,1.04819,1.04838,1.43,1.35
2013.08.07 16:31:05.811,1.04819,1.04838,1.43,1.35
2013.08.07 16:31:05.934,1.04821,1.04839,1.43,1.43
2013.08.07 16:31:07.640,1.04821,1.04838,1.43,1.88
2013.08.07 16:31:07.821,1.04817,1.04836,1.43,1.73
2013.08.07 16:31:07.882,1.04818,1.04836,1.43,1.80
2013.08.07 16:31:08.476,1.04819,1.04836,2.10,1.13
2013.08.07 16:31:12.390,1.04819,1.04837,2.10,1.13
2013.08.07 16:31:13.057,1.04819,1.04835,2.10,1.50
2013.08.07 16:31:19.511,1.04817,1.04835,1.43,1.50
2013.08.07 16:31:19.631,1.04816,1.0483,2.10,1.13
2013.08.07 16:31:19.811,1.04813,1.04831,1.35,1.35
2013.08.07 16:31:20.114,1.04811,1.04829,1.43,1.43
2013.08.07 16:31:20.231,1.0481,1.04829,1.43,1.43
2013.08.07 16:31:26.260,1.0481,1.04829,1.43,2.18
2013.08.07 16:31:39.750,1.04811,1.04829,1.43,2.18
2013.08.07 16:31:42.731,1.04811,1.04829,2.18,1.43
2013.08.07 16:31:47.581,1.04812,1.04832,1.88,1.43
2013.08.07 16:31:48.108,1.04815,1.04834,2.10,2.10
2013.08.07 16:31:48.443,1.04817,1.04837,2.10,1.35
2013.08.07 16:31:48.862,1.04817,1.04833,1.35,1.50
2013.08.07 16:31:48.922,1.04816,1.04833,2.10,1.50
2013.08.07 16:31:48.982,1.04816,1.04833,1.35,1.50
2013.08.07 16:31:49.042,1.04815,1.04833,2.10,1.50
2013.08.07 16:31:49.753,1.04813,1.04831,1.43,1.43
2013.08.07 16:31:51.651,1.04813,1.04833,1.35,2.18
2013.08.07 16:31:52.428,1.04815,1.04833,1.35,1.50
2013.08.07 16:31:52.974,1.04815,1.0483,1.35,1.50
2013.08.07 16:31:53.270,1.04815,1.0483,1.35,1.50
2013.08.07 16:31:53.331,1.04817,1.04834,1.35,2.10
2013.08.07 16:31:53.842,1.04817,1.04834,1.35,2.10
2013.08.07 16:31:55.341,1.04817,1.04834,3.08,2.10
2013.08.07 16:31:55.461,1.04818,1.04837,1.80,1.35
2013.08.07 16:31:55.761,1.0482,1.04839,2.10,1.50
2013.08.07 16:31:55.881,1.0482,1.04839,1.35,1.88
2013.08.07 16:31:56.240,1.04821,1.04834,1.35,1.50
2013.08.07 16:31:56.435,1.04816,1.04835,2.85,2.10
2013.08.07 16:31:59.462,1.04817,1.04835,1.43,2.10
2013.08.07 16:31:59.582,1.04821,1.0484,1.13,1.43
2013.08.07 16:31:59.645,1.04824,1.04841,1.35,2.74
2013.08.07 16:31:59.774,1.04823,1.0484,1.35,1.13
2013.08.07 16:32:00.376,1.04823,1.0484,1.35,1.13
2013.08.07 16:32:00.923,1.04821,1.04839,1.35,2.48
2013.08.07 16:32:00.981,1.04821,1.04839,2.10,2.48
2013.08.07 16:32:01.731,1.04821,1.04838,1.35,1.50
2013.08.07 16:32:02.313,1.0482,1.04838,1.43,2.18
2013.08.07 16:32:02.612,1.0482,1.04838,1.43,2.93
2013.08.07 16:32:03.373,1.04817,1.04835,1.43,1.43
2013.08.07 16:32:03.701,1.04816,1.04833,1.43,1.50
2013.08.07 16:32:03.821,1.04812,1.0483,3.30,1.05
2013.08.07 16:32:03.941,1.04812,1.04828,1.80,1.13
2013.08.07 16:32:04.061,1.0481,1.04828,1.43,3.15
2013.08.07 16:32:04.361,1.04812,1.04831,1.43,3.38
2013.08.07 16:32:04.421,1.04813,1.04831,1.50,1.35
2013.08.07 16:32:05.263,1.04812,1.04831,2.10,2.10
2013.08.07 16:32:05.387,1.04812,1.04831,2.10,1.35
2013.08.07 16:32:06.532,1.04812,1.04829,2.10,1.50
2013.08.07 16:32:10.701,1.04812,1.04831,1.35,1.35
2013.08.07 16:32:11.540,1.04812,1.04832,2.85,1.50
2013.08.07 16:32:13.735,1.04812,1.0483,2.10,1.50
2013.08.07 16:32:13.805,1.04812,1.04829,1.35,2.48
2013.08.07 16:32:14.054,1.04809,1.04828,1.43,1.43
2013.08.07 16:32:14.122,1.04809,1.04829,2.10,2.25
2013.08.07 16:32:14.906,1.0481,1.04829,1.43,2.25
2013.08.07 16:32:15.464,1.0481,1.04828,1.43,1.50
2013.08.07 16:32:15.772,1.0481,1.04828,1.43,1.50
2013.08.07 16:32:17.591,1.0481,1.04828,1.43,1.50
2013.08.07 16:32:27.744,1.0481,1.04825,1.43,1.50
2013.08.07 16:32:28.053,1.0481,1.04824,1.43,1.13
2013.08.07 16:32:28.360,1.04801,1.04821,1.43,1.80
2013.08.07 16:32:30.531,1.04804,1.04822,1.43,1.43
2013.08.07 16:32:30.651,1.04804,1.04824,1.43,1.50
2013.08.07 16:32:32.877,1.04804,1.04821,1.43,1.50
2013.08.07 16:32:32.951,1.048,1.04818,1.13,2.10
2013.08.07 16:32:33.022,1.04803,1.04821,2.10,1.50
2013.08.07 16:32:33.324,1.04807,1.04823,2.10,1.50
2013.08.07 16:32:33.451,1.04807,1.04827,2.10,2.10
2013.08.07 16:32:39.071,1.04807,1.04825,1.35,1.50
2013.08.07 16:32:41.490,1.04806,1.04824,1.43,1.43
2013.08.07 16:32:42.612,1.04805,1.04823,2.10,1.43
2013.08.07 16:32:44.012,1.04806,1.04825,2.18,1.43
2013.08.07 16:32:44.556,1.04807,1.04826,1.13,2.18
2013.08.07 16:32:45.081,1.04807,1.04826,1.88,2.18
2013.08.07 16:32:48.120,1.04807,1.04826,1.88,1.43
2013.08.07 16:32:50.561,1.04809,1.04827,1.43,1.43
2013.08.07 16:32:52.191,1.04809,1.04827,1.43,1.43
2013.08.07 16:32:52.251,1.04809,1.04827,2.18,1.43
2013.08.07 16:32:52.311,1.04809,1.04827,2.93,1.43
2013.08.07 16:32:57.460,1.04812,1.04829,1.50,2.10
2013.08.07 16:33:00.582,1.04812,1.04829,2.25,2.10
2013.08.07 16:33:02.330,1.04812,1.04829,1.50,2.10
2013.08.07 16:33:06.050,1.04812,1.04829,1.50,2.10
2013.08.07 16:33:40.941,1.04811,1.04827,1.43,1.50
2013.08.07 16:33:52.627,1.04809,1.04829,1.35,2.48
2013.08.07 16:33:53.363,1.04809,1.04828,2.10,1.13
2013.08.07 16:33:55.461,1.04809,1.04829,2.48,2.10
2013.08.07 16:34:00.992,1.04809,1.04829,2.10,2.48
2013.08.07 16:34:05.183,1.0481,1.04829,1.50,2.48
2013.08.07 16:34:05.243,1.04815,1.04829,1.13,2.48
2013.08.07 16:34:06.056,1.0482,1.04838,1.43,1.99
2013.08.07 16:34:06.130,1.04822,1.0484,1.50,1.73
2013.08.07 16:34:15.353,1.0482,1.04838,1.50,2.85
2013.08.07 16:34:26.001,1.04822,1.04839,1.50,2.55
2013.08.07 16:34:26.935,1.04822,1.04839,1.50,1.80
2013.08.07 16:34:27.012,1.04827,1.04848,2.55,2.85
2013.08.07 16:34:27.201,1.0483,1.04849,1.50,1.05
2013.08.07 16:34:27.751,1.0483,1.04849,1.43,1.80
2013.08.07 16:34:27.871,1.04829,1.04848,1.43,1.35
2013.08.07 16:34:28.581,1.04828,1.04847,1.50,2.85
2013.08.07 16:34:30.361,1.04828,1.04847,1.50,2.85
2013.08.07 16:34:33.281,1.04828,1.04846,1.50,1.43
2013.08.07 16:34:34.193,1.04828,1.04846,1.50,2.10
2013.08.07 16:34:37.473,1.0483,1.04846,1.13,2.10
2013.08.07 16:34:37.652,1.04829,1.04846,1.43,1.43
2013.08.07 16:34:38.132,1.04829,1.04847,1.43,1.43
2013.08.07 16:34:38.691,1.04829,1.04847,1.43,1.43
2013.08.07 16:34:39.261,1.04829,1.04847,1.43,1.43
2013.08.07 16:34:39.848,1.04828,1.04846,1.50,2.10
2013.08.07 16:34:54.912,1.04827,1.04844,1.43,1.65
2013.08.07 16:34:55.214,1.04826,1.04841,1.35,1.13
2013.08.07 16:34:55.392,1.04823,1.0484,1.50,1.43
2013.08.07 16:34:55.751,1.04822,1.04839,1.43,1.73
2013.08.07 16:34:57.113,1.0482,1.04839,2.18,2.48
2013.08.07 16:34:57.711,1.04821,1.04839,2.10,2.48
2013.08.07 16:34:58.261,1.04822,1.04839,1.50,1.35
2013.08.07 16:35:00.341,1.04822,1.04839,1.50,1.35
2013.08.07 16:35:03.733,1.04824,1.04842,1.43,1.43
2013.08.07 16:35:10.191,1.04824,1.04842,1.43,2.55
2013.08.07 16:35:10.802,1.04824,1.04841,1.43,1.13
2013.08.07 16:35:11.361,1.04822,1.04839,1.50,1.43
2013.08.07 16:35:12.262,1.04822,1.04839,1.50,1.43
2013.08.07 16:35:13.241,1.04822,1.04839,1.50,1.43
2013.08.07 16:35:14.201,1.04822,1.04838,1.50,2.10
2013.08.07 16:35:14.441,1.0482,1.04838,1.50,2.48
2013.08.07 16:35:16.161,1.0482,1.04836,1.50,1.35
2013.08.07 16:35:16.810,1.0482,1.04836,1.50,1.35
2013.08.07 16:35:17.448,1.0482,1.04836,1.50,2.70
2013.08.07 16:35:18.261,1.0482,1.04836,1.50,1.35
2013.08.07 16:35:27.444,1.0482,1.04836,1.50,1.35
2013.08.07 16:35:27.695,1.04821,1.04838,1.50,2.10
2013.08.07 16:35:28.412,1.04818,1.04838,1.80,2.10
2013.08.07 16:35:28.534,1.04818,1.04837,1.80,2.70
2013.08.07 16:35:29.052,1.04818,1.04834,1.13,1.35
2013.08.07 16:35:32.122,1.04818,1.04833,1.13,1.35
2013.08.07 16:35:32.725,1.04816,1.04833,1.50,1.35
2013.08.07 16:35:37.122,1.04816,1.04834,1.50,1.43
2013.08.07 16:35:37.899,1.04816,1.04833,1.50,1.35
2013.08.07 16:35:38.436,1.04816,1.04832,1.50,1.35
2013.08.07 16:35:38.742,1.04816,1.04834,1.50,2.10
2013.08.07 16:35:39.582,1.04816,1.04832,1.50,1.35
2013.08.07 16:35:40.291,1.04816,1.04832,1.50,1.35
2013.08.07 16:35:40.351,1.04816,1.04831,1.50,1.35
2013.08.07 16:35:43.091,1.04816,1.04833,1.50,1.35
2013.08.07 16:35:43.211,1.04816,1.04834,1.50,2.48
2013.08.07 16:35:43.272,1.04816,1.04831,1.50,1.35
2013.08.07 16:35:44.372,1.04816,1.04829,1.50,1.35
2013.08.07 16:35:44.912,1.04811,1.04829,1.88,1.35
2013.08.07 16:35:45.032,1.04815,1.04832,1.13,1.35
2013.08.07 16:35:45.092,1.04816,1.04832,1.13,1.35
2013.08.07 16:35:45.451,1.04817,1.04835,1.80,1.43
2013.08.07 16:35:45.512,1.04818,1.04838,1.43,2.10
2013.08.07 16:35:46.071,1.04817,1.04838,1.50,3.45
2013.08.07 16:35:46.491,1.04819,1.04835,1.50,1.35
2013.08.07 16:35:47.981,1.0482,1.04837,1.50,1.35
2013.08.07 16:35:48.492,1.0482,1.04837,1.50,1.35
2013.08.07 16:35:49.971,1.0482,1.04837,1.50,1.35
2013.08.07 16:36:04.196,1.04818,1.04834,1.50,1.43
2013.08.07 16:36:04.263,1.04814,1.04832,1.43,1.43
2013.08.07 16:36:04.324,1.04814,1.04832,1.43,2.48
2013.08.07 16:36:04.803,1.04808,1.04828,2.10,2.10
2013.08.07 16:36:05.046,1.04811,1.04828,3.00,2.10
2013.08.07 16:36:05.412,1.04816,1.04832,1.50,1.35
2013.08.07 16:36:06.000,1.04816,1.04833,1.50,1.35
2013.08.07 16:36:08.732,1.04814,1.0483,1.50,1.35
2013.08.07 16:36:12.093,1.04814,1.04831,1.88,1.43
2013.08.07 16:36:22.844,1.04816,1.04834,2.18,1.43
2013.08.07 16:36:23.443,1.04816,1.04835,1.43,1.43
2013.08.07 16:36:40.293,1.04815,1.04834,1.43,2.18
2013.08.07 16:36:40.891,1.04814,1.04832,2.55,1.43
2013.08.07 16:36:41.192,1.04813,1.04832,1.50,2.10
2013.08.07 16:36:46.422,1.04813,1.0483,1.50,1.43
2013.08.07 16:36:46.723,1.0481,1.04827,1.35,1.43
2013.08.07 16:36:46.961,1.04806,1.04825,2.10,2.55
2013.08.07 16:36:47.141,1.04803,1.04823,1.43,1.43
2013.08.07 16:36:47.262,1.04802,1.04821,2.25,1.35
2013.08.07 16:36:47.507,1.04804,1.04823,1.43,1.43
2013.08.07 16:36:47.911,1.04804,1.04824,1.43,2.10
2013.08.07 16:36:48.202,1.04804,1.04823,1.43,1.05
2013.08.07 16:36:48.561,1.04802,1.0482,1.88,1.35
2013.08.07 16:36:51.592,1.04802,1.0482,2.63,1.35
2013.08.07 16:36:52.301,1.04805,1.0482,1.13,2.10
2013.08.07 16:36:55.276,1.04803,1.04821,1.88,1.35
2013.08.07 16:36:55.342,1.04803,1.04822,3.30,1.35
2013.08.07 16:36:58.012,1.04807,1.04824,1.50,2.10
2013.08.07 16:37:00.082,1.04807,1.04824,1.50,2.10
2013.08.07 16:37:00.323,1.04807,1.04823,1.50,1.43
2013.08.07 16:37:01.353,1.04802,1.04823,2.18,1.43
2013.08.07 16:37:14.812,1.04803,1.0482,1.50,1.43
2013.08.07 16:37:15.052,1.04801,1.04818,1.13,1.35
2013.08.07 16:37:23.797,1.04801,1.04818,1.13,1.35
2013.08.07 16:37:23.862,1.048,1.04818,1.50,2.10
2013.08.07 16:37:30.431,1.048,1.04818,1.50,1.35
2013.08.07 16:37:32.742,1.048,1.04816,1.50,1.35
2013.08.07 16:37:39.230,1.048,1.04815,1.50,1.43
2013.08.07 16:37:39.611,1.048,1.04816,1.50,1.35
2013.08.07 16:37:39.926,1.048,1.04819,1.88,2.10
2013.08.07 16:37:40.053,1.04801,1.04819,1.13,2.10
2013.08.07 16:37:40.861,1.048,1.04819,2.55,1.43
2013.08.07 16:37:41.422,1.048,1.04819,2.55,1.43
2013.08.07 16:37:41.724,1.04806,1.04816,1.88,1.35
2013.08.07 16:37:41.903,1.04809,1.04822,2.55,1.35
2013.08.07 16:37:42.036,1.04814,1.04822,1.13,1.35
2013.08.07 16:37:42.105,1.04814,1.04828,1.13,1.35
2013.08.07 16:37:42.293,1.04814,1.04831,1.13,2.70
2013.08.07 16:37:42.354,1.04814,1.04832,1.13,1.35
2013.08.07 16:37:43.063,1.04815,1.04834,1.43,1.35
2013.08.07 16:37:43.198,1.04816,1.04836,1.35,2.10
2013.08.07 16:37:43.273,1.04816,1.04836,2.10,2.10
2013.08.07 16:37:44.642,1.04816,1.04836,2.10,2.85
2013.08.07 16:37:44.702,1.04816,1.04836,2.85,3.23
2013.08.07 16:37:45.098,1.04815,1.04834,2.18,2.10
2013.08.07 16:37:45.402,1.04817,1.04835,1.43,2.55
2013.08.07 16:37:45.522,1.04817,1.04835,1.43,1.43
2013.08.07 16:37:46.873,1.04813,1.04834,1.43,2.18
2013.08.07 16:38:07.302,1.04815,1.04832,2.10,1.13
2013.08.07 16:38:07.662,1.04814,1.04834,1.43,1.43
2013.08.07 16:38:07.783,1.04815,1.04834,1.43,1.43
2013.08.07 16:38:14.504,1.04815,1.04833,1.43,1.05
2013.08.07 16:38:14.572,1.04814,1.04833,1.43,2.10
2013.08.07 16:38:14.632,1.04813,1.04831,1.35,1.43
2013.08.07 16:38:14.815,1.04816,1.04833,1.50,1.35
2013.08.07 16:38:15.062,1.04816,1.04832,1.88,1.35
2013.08.07 16:38:15.372,1.04819,1.0483,1.88,1.35
2013.08.07 16:38:15.554,1.04819,1.04835,2.25,1.35
2013.08.07 16:38:15.972,1.04822,1.04841,1.13,1.35
2013.08.07 16:38:16.091,1.04822,1.04842,2.48,2.10
2013.08.07 16:38:17.362,1.04823,1.04842,1.13,2.10
2013.08.07 16:38:17.664,1.04822,1.04841,2.85,1.80
2013.08.07 16:38:17.733,1.04822,1.0484,2.85,1.13
2013.08.07 16:38:17.853,1.04822,1.0484,2.18,1.05
2013.08.07 16:38:18.495,1.0482,1.04839,2.55,1.50
2013.08.07 16:38:18.571,1.0482,1.04838,1.88,1.35
2013.08.07 16:38:18.883,1.04824,1.04841,1.50,2.18
2013.08.07 16:38:26.563,1.04825,1.04841,1.43,1.43
2013.08.07 16:38:26.864,1.04828,1.04842,1.43,1.80
2013.08.07 16:38:27.101,1.04826,1.04842,1.50,1.35
2013.08.07 16:38:32.502,1.04826,1.04843,2.55,1.43
2013.08.07 16:38:32.622,1.04827,1.04845,1.43,1.43
2013.08.07 16:38:32.939,1.04827,1.04845,1.43,1.43
2013.08.07 16:38:39.642,1.04827,1.04845,1.43,1.43
2013.08.07 16:38:41.814,1.0483,1.04847,1.50,1.35
2013.08.07 16:38:46.622,1.0483,1.04847,1.50,1.35
2013.08.07 16:38:52.265,1.04832,1.04847,1.50,1.35
2013.08.07 16:38:52.573,1.04832,1.04847,2.25,1.35
2013.08.07 16:38:52.693,1.04835,1.0485,1.50,1.35
2013.08.07 16:38:53.372,1.04833,1.0485,1.50,1.73
2013.08.07 16:38:53.432,1.04832,1.04849,1.50,1.05
2013.08.07 16:38:53.673,1.04833,1.0485,1.35,1.43
2013.08.07 16:38:54.176,1.04833,1.0485,1.35,1.50
2013.08.07 16:38:54.592,1.04832,1.0485,1.43,1.50
2013.08.07 16:38:55.188,1.04831,1.04849,1.50,2.10
2013.08.07 16:39:01.685,1.0483,1.04849,1.50,2.10
2013.08.07 16:39:01.932,1.0483,1.04848,1.50,1.35
2013.08.07 16:39:02.293,1.04828,1.04846,1.13,1.43
2013.08.07 16:39:02.595,1.04828,1.04846,1.13,1.43
2013.08.07 16:39:06.202,1.04827,1.04843,1.88,1.43
2013.08.07 16:39:06.712,1.04831,1.04843,1.50,1.43
2013.08.07 16:39:08.480,1.04831,1.04843,1.50,1.43
2013.08.07 16:39:09.002,1.04831,1.04844,2.25,1.35
2013.08.07 16:39:11.383,1.04831,1.04844,2.25,1.35
2013.08.07 16:39:11.503,1.04831,1.04846,1.50,1.35
2013.08.07 16:39:14.952,1.04832,1.04846,1.50,1.35
2013.08.07 16:39:16.332,1.04828,1.04846,1.50,2.70
2013.08.07 16:39:20.650,1.04833,1.04844,1.50,1.35
2013.08.07 16:39:20.789,1.04834,1.04853,2.18,1.43
2013.08.07 16:39:20.912,1.04834,1.04853,1.43,2.18
2013.08.07 16:39:21.152,1.04832,1.04852,1.50,2.10
2013.08.07 16:39:21.335,1.04832,1.0485,1.50,2.10
2013.08.07 16:39:21.955,1.04832,1.0485,1.50,2.10
2013.08.07 16:39:22.841,1.04831,1.04849,1.13,1.43
2013.08.07 16:39:30.177,1.04829,1.04849,1.80,1.43
2013.08.07 16:39:34.293,1.04831,1.04849,1.43,1.43
2013.08.07 16:39:34.352,1.04833,1.04852,1.05,2.10
2013.08.07 16:39:34.532,1.04838,1.04855,1.13,2.10
2013.08.07 16:39:34.651,1.04839,1.04857,1.13,2.03
2013.08.07 16:39:34.711,1.04839,1.04858,1.43,1.35
2013.08.07 16:39:34.891,1.04841,1.04859,1.43,1.50
2013.08.07 16:39:36.373,1.04841,1.04859,1.50,2.18
2013.08.07 16:39:41.432,1.0484,1.04858,2.18,1.43
2013.08.07 16:39:42.471,1.0484,1.04856,1.50,2.78
2013.08.07 16:39:42.951,1.04831,1.04851,2.18,1.43
2013.08.07 16:39:45.722,1.04831,1.04851,2.55,1.43
2013.08.07 16:39:49.462,1.04831,1.0485,2.55,1.50
2013.08.07 16:39:57.072,1.04831,1.04849,1.50,2.10
2013.08.07 16:39:57.373,1.04838,1.04853,1.13,2.03
2013.08.07 16:39:57.433,1.04838,1.04854,1.13,1.43
2013.08.07 16:39:57.612,1.04838,1.04857,1.50,1.35
2013.08.07 16:39:57.942,1.04839,1.04857,1.50,1.35
2013.08.07 16:39:59.302,1.04839,1.04858,1.13,2.10
2013.08.07 16:39:59.822,1.04841,1.04858,1.88,2.85
2013.08.07 16:39:59.943,1.04844,1.04858,1.50,1.35
2013.08.07 16:40:00.542,1.04845,1.04862,1.50,1.35
2013.08.07 16:40:00.864,1.0484,1.04854,1.43,1.50
2013.08.07 16:40:02.392,1.04837,1.04855,1.50,1.50
2013.08.07 16:40:05.963,1.04838,1.04856,1.13,1.43
2013.08.07 16:40:06.024,1.04837,1.04856,3.75,1.43
2013.08.07 16:40:06.584,1.04838,1.04857,1.50,2.10
2013.08.07 16:40:10.541,1.04838,1.04854,1.50,1.35
2013.08.07 16:40:16.991,1.04838,1.04856,1.50,1.35
2013.08.07 16:40:23.702,1.04838,1.04855,1.50,1.35
2013.08.07 16:40:25.082,1.04838,1.04855,1.50,1.43
2013.08.07 16:40:27.223,1.04837,1.04853,1.43,1.13
2013.08.07 16:40:27.283,1.04835,1.04851,1.43,1.80
2013.08.07 16:40:27.522,1.04832,1.04849,1.43,2.18
2013.08.07 16:40:27.703,1.04828,1.04844,1.43,1.43
2013.08.07 16:40:28.252,1.04826,1.04844,1.80,1.43
2013.08.07 16:40:28.312,1.04826,1.04844,1.80,1.43
2013.08.07 16:40:28.822,1.04826,1.04844,1.43,1.43
2013.08.07 16:40:29.362,1.04829,1.04846,2.10,1.35
2013.08.07 16:40:29.602,1.04831,1.04848,2.10,1.50
2013.08.07 16:40:29.663,1.0483,1.04847,1.43,2.78
2013.08.07 16:40:30.022,1.04829,1.04844,1.50,1.43
2013.08.07 16:40:30.082,1.04827,1.04844,1.35,1.99
2013.08.07 16:40:30.143,1.04825,1.04839,2.10,1.43
2013.08.07 16:40:30.262,1.04823,1.04837,1.50,1.35
2013.08.07 16:40:30.322,1.04819,1.04836,1.50,2.03
2013.08.07 16:40:30.743,1.04819,1.04837,2.18,2.10
2013.08.07 16:40:30.803,1.04819,1.04836,2.18,1.43
2013.08.07 16:40:31.222,1.04826,1.04837,1.13,1.43
2013.08.07 16:40:31.283,1.04827,1.04838,2.63,1.35
2013.08.07 16:40:31.343,1.04831,1.0484,1.13,2.03
2013.08.07 16:40:31.402,1.0483,1.04844,1.13,1.43
2013.08.07 16:40:31.582,1.0483,1.04849,1.32,1.35
2013.08.07 16:40:32.163,1.0483,1.04848,1.13,1.35
2013.08.07 16:40:33.832,1.04831,1.04847,1.50,1.43
2013.08.07 16:40:34.194,1.04825,1.04844,1.80,2.10
2013.08.07 16:40:36.782,1.04828,1.04846,1.88,2.18
2013.08.07 16:40:36.902,1.04824,1.04841,1.35,1.50
2013.08.07 16:40:37.263,1.04817,1.04835,2.18,1.43
2013.08.07 16:40:37.802,1.04816,1.04834,1.43,1.43
2013.08.07 16:40:37.950,1.04815,1.04834,1.80,1.43
2013.08.07 16:40:38.072,1.04816,1.04834,1.43,2.10
2013.08.07 16:40:38.374,1.04816,1.04834,1.43,1.43
2013.08.07 16:40:39.722,1.04816,1.04834,2.18,1.43
2013.08.07 16:40:40.642,1.04818,1.04834,1.13,1.43
2013.08.07 16:40:43.383,1.04818,1.04834,1.13,1.43
2013.08.07 16:40:44.752,1.04819,1.04837,1.88,1.43
2013.08.07 16:40:48.763,1.04819,1.04837,1.50,2.18
2013.08.07 16:40:48.821,1.04819,1.04837,1.50,2.93
2013.08.07 16:40:49.242,1.04817,1.04835,1.43,1.50
2013.08.07 16:40:49.362,1.04816,1.04834,1.43,1.43
2013.08.07 16:40:49.722,1.04817,1.04836,1.13,2.10
2013.08.07 16:40:50.272,1.04819,1.04837,1.43,1.43
2013.08.07 16:40:52.465,1.04818,1.04837,2.10,2.18
2013.08.07 16:40:54.817,1.04818,1.04832,1.43,1.43
2013.08.07 16:40:54.884,1.04815,1.04832,1.88,1.35
2013.08.07 16:40:54.952,1.04815,1.04833,1.88,2.10
2013.08.07 16:40:55.312,1.04816,1.04834,1.50,2.18
2013.08.07 16:40:55.372,1.04816,1.04834,2.18,1.50
2013.08.07 16:40:55.882,1.04814,1.04831,1.13,1.43
2013.08.07 16:40:56.112,1.04814,1.04832,1.13,1.35
2013.08.07 16:40:56.416,1.04816,1.04833,2.18,1.50
2013.08.07 16:40:57.684,1.04816,1.04835,1.43,1.43
2013.08.07 16:40:57.956,1.04817,1.04836,2.10,1.50
2013.08.07 16:40:58.873,1.04818,1.04837,1.50,2.10
2013.08.07 16:40:58.994,1.04821,1.04839,1.43,1.35
2013.08.07 16:40:59.054,1.04821,1.0484,1.43,2.78
2013.08.07 16:40:59.474,1.04825,1.0484,1.13,1.35
2013.08.07 16:40:59.593,1.04825,1.04843,1.13,1.35
2013.08.07 16:40:59.712,1.04825,1.04842,1.13,2.70
2013.08.07 16:40:59.953,1.04825,1.04845,1.13,2.10
2013.08.07 16:41:00.312,1.04826,1.04847,1.43,2.10
2013.08.07 16:41:00.738,1.04826,1.04846,1.43,1.43
2013.08.07 16:41:00.984,1.04826,1.04847,1.43,2.10
2013.08.07 16:41:01.044,1.04826,1.04846,1.43,2.10
2013.08.07 16:41:01.233,1.04823,1.04842,1.50,1.35
2013.08.07 16:41:01.292,1.04823,1.0484,1.50,2.03
2013.08.07 16:41:01.352,1.04819,1.04839,1.43,1.35
2013.08.07 16:41:01.542,1.04819,1.04837,1.43,1.43
2013.08.07 16:41:02.119,1.04819,1.04837,2.18,1.43
2013.08.07 16:41:05.512,1.0482,1.04839,1.13,1.35
2013.08.07 16:41:05.573,1.04822,1.0484,1.73,2.85
2013.08.07 16:41:05.693,1.04826,1.04843,1.05,2.18
2013.08.07 16:41:05.752,1.04826,1.04844,1.80,2.93
2013.08.07 16:41:05.932,1.04827,1.04844,1.50,1.43
2013.08.07 16:41:06.172,1.04827,1.04848,2.10,2.78
2013.08.07 16:41:06.412,1.04828,1.04848,2.10,2.48
2013.08.07 16:41:06.471,1.04826,1.04845,1.13,1.35
2013.08.07 16:41:07.120,1.04826,1.04845,1.13,2.10
2013.08.07 16:41:07.502,1.04825,1.04845,2.48,2.85
2013.08.07 16:41:07.702,1.04825,1.04845,3.23,4.28
2013.08.07 16:41:07.823,1.04825,1.04843,1.50,2.10
2013.08.07 16:41:07.883,1.04825,1.04843,1.50,3.45
2013.08.07 16:41:08.063,1.04825,1.04843,1.50,1.43
2013.08.07 16:41:10.603,1.04825,1.04844,1.50,2.70
2013.08.07 16:41:15.042,1.04823,1.04842,1.43,1.43
2013.08.07 16:41:16.442,1.04823,1.04841,1.43,1.43
2013.08.07 16:41:17.032,1.04823,1.04839,1.43,1.88
2013.08.07 16:41:17.392,1.04815,1.04831,2.10,1.50
2013.08.07 16:41:17.752,1.04816,1.04835,1.43,1.43
2013.08.07 16:41:17.872,1.04818,1.04837,2.10,1.69
2013.08.07 16:41:18.382,1.04819,1.04837,1.80,1.43
2013.08.07 16:41:18.812,1.04819,1.04838,1.80,1.35
2013.08.07 16:41:19.492,1.04821,1.04839,2.18,1.43
2013.08.07 16:41:21.352,1.04821,1.04839,1.50,2.10
2013.08.07 16:41:25.472,1.04818,1.04838,2.18,1.43
2013.08.07 16:41:26.453,1.04816,1.04834,2.10,1.50
2013.08.07 16:41:26.572,1.04816,1.04834,1.35,2.25
2013.08.07 16:41:26.752,1.04818,1.04834,1.35,1.50
2013.08.07 16:41:27.217,1.04818,1.04838,2.10,2.10
2013.08.07 16:41:29.522,1.04818,1.04835,2.10,1.50
2013.08.07 16:41:29.642,1.04816,1.04835,1.50,2.18
2013.08.07 16:41:29.710,1.04816,1.04833,1.50,1.13
2013.08.07 16:41:29.952,1.04811,1.04829,1.35,1.13
2013.08.07 16:41:30.012,1.0481,1.04829,2.10,1.13
2013.08.07 16:41:30.533,1.0481,1.0483,1.35,2.10
2013.08.07 16:41:31.293,1.0481,1.0483,2.10,2.48
2013.08.07 16:41:35.393,1.0481,1.04827,1.35,1.50
2013.08.07 16:41:35.453,1.0481,1.04829,1.35,2.18
2013.08.07 16:41:35.634,1.04809,1.04826,1.88,1.35
2013.08.07 16:41:35.933,1.04806,1.04825,2.10,2.55
2013.08.07 16:41:36.113,1.04806,1.04823,1.35,2.25
2013.08.07 16:41:36.473,1.04808,1.04818,2.03,1.13
2013.08.07 16:41:36.715,1.04806,1.04819,1.35,1.50
2013.08.07 16:41:36.774,1.04806,1.04819,1.35,1.50
2013.08.07 16:41:36.835,1.04804,1.04819,1.35,1.50
2013.08.07 16:41:37.015,1.04804,1.04821,1.35,1.43
2013.08.07 16:41:37.492,1.048,1.04819,1.50,2.10
2013.08.07 16:41:38.388,1.048,1.04819,1.50,2.10
2013.08.07 16:41:40.925,1.048,1.04817,1.50,1.43
2013.08.07 16:41:41.115,1.04795,1.04812,1.35,1.13
2013.08.07 16:41:41.352,1.04788,1.04809,2.48,2.10
2013.08.07 16:41:41.414,1.04788,1.04809,2.48,2.85
2013.08.07 16:41:41.955,1.04788,1.04808,1.13,1.35
2013.08.07 16:41:43.523,1.04788,1.04808,1.88,1.35
2013.08.07 16:41:44.322,1.04788,1.04805,1.50,1.35
2013.08.07 16:41:45.724,1.04786,1.04802,1.43,1.80
2013.08.07 16:41:45.785,1.04781,1.04802,2.55,2.48
2013.08.07 16:41:45.902,1.04783,1.04803,2.10,2.85
2013.08.07 16:41:46.482,1.04784,1.04803,1.43,2.85
2013.08.07 16:41:49.492,1.04787,1.04805,1.43,1.43
2013.08.07 16:41:52.128,1.04787,1.04805,1.43,2.18
2013.08.07 16:41:53.245,1.04787,1.04804,1.43,1.13
2013.08.07 16:41:53.312,1.04785,1.04804,2.10,1.80
2013.08.07 16:41:55.062,1.04783,1.04801,1.50,1.80
2013.08.07 16:41:55.623,1.04779,1.04799,1.80,1.43
2013.08.07 16:41:57.599,1.04783,1.04801,1.50,1.35
2013.08.07 16:41:57.725,1.04783,1.04801,1.50,1.35
2013.08.07 16:41:57.786,1.04783,1.04801,2.18,2.10
2013.08.07 16:41:57.855,1.04783,1.048,1.43,1.50
2013.08.07 16:41:58.412,1.04782,1.048,2.10,1.50
2013.08.07 16:42:01.453,1.04782,1.048,2.10,1.50
2013.08.07 16:42:01.812,1.04785,1.048,1.43,1.50
2013.08.07 16:42:02.295,1.04787,1.04802,1.13,2.10
2013.08.07 16:42:06.923,1.04788,1.04805,1.43,1.50
2013.08.07 16:42:09.296,1.04791,1.04805,1.43,1.50
2013.08.07 16:42:10.972,1.04792,1.04805,1.35,1.50
2013.08.07 16:42:17.174,1.04792,1.04805,1.43,1.50
2013.08.07 16:42:18.134,1.0479,1.04805,1.43,1.50
2013.08.07 16:42:18.673,1.0479,1.04808,2.10,1.13
2013.08.07 16:42:25.522,1.04789,1.04806,1.43,1.50
2013.08.07 16:42:30.613,1.04791,1.04809,1.80,1.43
2013.08.07 16:42:31.218,1.04794,1.04813,1.35,1.32
2013.08.07 16:42:32.083,1.04794,1.04813,1.35,2.07
2013.08.07 16:42:32.203,1.04795,1.04813,1.80,1.13
2013.08.07 16:42:32.864,1.04799,1.04817,1.80,1.43
2013.08.07 16:42:34.405,1.048,1.04817,1.43,1.43
2013.08.07 16:42:34.473,1.04798,1.04816,1.80,1.43
2013.08.07 16:42:34.533,1.04798,1.04819,1.80,1.80
2013.08.07 16:42:35.633,1.04799,1.04816,1.50,1.43
2013.08.07 16:42:36.240,1.04799,1.04816,1.50,1.43
2013.08.07 16:42:46.768,1.04799,1.04814,1.50,1.43
2013.08.07 16:42:55.956,1.04799,1.04814,1.50,1.43
2013.08.07 16:42:56.027,1.04796,1.04813,1.43,1.13
2013.08.07 16:42:56.156,1.04791,1.0481,1.13,2.10
2013.08.07 16:42:56.284,1.04793,1.0481,1.43,1.35
2013.08.07 16:42:56.344,1.04793,1.0481,1.43,1.35
2013.08.07 16:42:56.703,1.04798,1.04814,1.43,1.50
2013.08.07 16:42:58.563,1.04798,1.04815,1.43,1.50
2013.08.07 16:42:59.253,1.04798,1.04813,1.43,1.50
2013.08.07 16:43:00.362,1.04798,1.04813,2.10,1.50
2013.08.07 16:43:00.674,1.04796,1.04815,1.43,1.13
2013.08.07 16:43:01.033,1.04791,1.04808,1.43,1.43
2013.08.07 16:43:01.213,1.0479,1.04808,1.43,1.43
2013.08.07 16:43:01.752,1.0479,1.04808,1.43,1.43
2013.08.07 16:43:03.236,1.04788,1.04806,1.43,2.18
2013.08.07 16:43:06.753,1.0479,1.04806,1.13,1.43
2013.08.07 16:43:07.124,1.04794,1.04813,1.13,2.10
2013.08.07 16:43:07.902,1.04794,1.04813,1.13,2.10
2013.08.07 16:43:08.905,1.04794,1.04813,1.13,2.10
2013.08.07 16:43:12.032,1.04793,1.04812,2.10,1.50
2013.08.07 16:43:12.272,1.04793,1.04811,2.10,1.13
2013.08.07 16:43:12.784,1.04793,1.04809,1.50,1.43
2013.08.07 16:43:13.479,1.04793,1.04809,1.50,1.43
2013.08.07 16:43:14.372,1.0479,1.04808,1.80,1.43
2013.08.07 16:43:14.742,1.04789,1.04808,1.43,1.43
2013.08.07 16:43:14.802,1.04788,1.04807,1.80,1.43
2013.08.07 16:43:14.922,1.04787,1.04807,2.85,2.10
2013.08.07 16:43:15.492,1.04787,1.04807,1.35,2.10
2013.08.07 16:43:16.033,1.04787,1.04805,2.10,1.13
2013.08.07 16:43:16.622,1.04788,1.04804,1.50,3.23
2013.08.07 16:43:16.923,1.048,1.04809,1.13,1.35
2013.08.07 16:43:17.103,1.04797,1.04815,1.32,1.35
2013.08.07 16:43:17.162,1.04796,1.04815,3.12,1.35
2013.08.07 16:43:17.223,1.04801,1.04818,1.35,1.43
2013.08.07 16:43:17.662,1.04796,1.04816,2.10,2.10
2013.08.07 16:43:17.782,1.04796,1.04816,2.10,1.35
2013.08.07 16:43:17.992,1.04794,1.04813,2.18,1.35
2013.08.07 16:43:18.352,1.04796,1.04813,1.50,1.35
2013.08.07 16:43:18.917,1.04796,1.04811,1.50,1.35
2013.08.07 16:43:20.859,1.04796,1.04812,1.50,1.35
2013.08.07 16:43:21.583,1.04796,1.04813,1.50,1.35
2013.08.07 16:43:23.662,1.04796,1.04812,1.50,1.35
2013.08.07 16:43:24.792,1.04792,1.04812,1.50,1.35
2013.08.07 16:43:28.622,1.04796,1.04811,1.50,1.35
2013.08.07 16:43:29.233,1.04796,1.0481,1.50,1.35
2013.08.07 16:43:36.612,1.04792,1.04811,2.18,1.35
2013.08.07 16:43:41.393,1.04796,1.04811,1.50,1.35
2013.08.07 16:43:41.963,1.04799,1.04811,1.13,1.35
2013.08.07 16:43:42.083,1.04801,1.04819,1.43,1.43
2013.08.07 16:43:42.265,1.04797,1.04815,1.43,1.43
2013.08.07 16:43:42.825,1.04797,1.04815,1.43,2.10
2013.08.07 16:43:42.899,1.04796,1.04817,2.18,1.35
2013.08.07 16:43:43.478,1.04798,1.04817,1.50,1.35
2013.08.07 16:43:49.542,1.04799,1.04816,1.13,1.43
2013.08.07 16:43:49.722,1.04798,1.04817,1.50,1.35
2013.08.07 16:43:50.412,1.04799,1.04818,1.43,2.85
2013.08.07 16:43:50.472,1.04799,1.04817,1.43,1.43
2013.08.07 16:43:51.458,1.04797,1.04814,1.50,1.88
2013.08.07 16:43:51.584,1.04796,1.04814,2.10,1.88
2013.08.07 16:43:52.122,1.04794,1.04814,1.43,2.18
2013.08.07 16:43:52.935,1.04795,1.04814,1.50,2.93
2013.08.07 16:43:54.686,1.04795,1.04812,1.50,1.35
2013.08.07 16:43:54.988,1.04795,1.04814,1.50,2.93
2013.08.07 16:43:55.942,1.04795,1.04814,1.50,1.43
2013.08.07 16:43:56.002,1.04797,1.04817,1.43,1.43
2013.08.07 16:43:56.062,1.04797,1.04817,1.43,2.93
2013.08.07 16:43:56.422,1.04795,1.04813,1.43,3.30
2013.08.07 16:43:56.662,1.04792,1.0481,1.43,1.43
2013.08.07 16:43:57.393,1.04792,1.04809,1.43,1.50
2013.08.07 16:44:12.673,1.04797,1.04809,1.50,1.50
2013.08.07 16:44:13.040,1.04801,1.04817,2.10,2.03
2013.08.07 16:44:13.107,1.04802,1.0482,1.43,1.43
2013.08.07 16:44:13.233,1.04806,1.04822,1.05,1.43
2013.08.07 16:44:13.294,1.04806,1.04823,1.80,1.43
2013.08.07 16:44:13.534,1.04807,1.04826,1.43,2.03
2013.08.07 16:44:13.593,1.04809,1.04828,1.35,1.13
2013.08.07 16:44:13.774,1.04808,1.04827,1.43,1.13
2013.08.07 16:44:14.292,1.04805,1.04825,2.29,1.35
2013.08.07 16:44:20.572,1.04807,1.04825,1.50,1.35
2013.08.07 16:44:22.742,1.04807,1.04825,1.50,1.35
2013.08.07 16:44:24.006,1.0481,1.04828,1.50,1.50
2013.08.07 16:44:25.202,1.04809,1.04828,1.43,1.50
2013.08.07 16:44:25.323,1.04807,1.04827,2.10,2.85
2013.08.07 16:44:25.953,1.04808,1.04827,1.43,2.10
2013.08.07 16:44:45.848,1.04808,1.04826,1.50,1.35
2013.08.07 16:44:51.915,1.04809,1.04829,2.55,2.93
2013.08.07 16:44:52.553,1.0481,1.04829,1.05,2.93
2013.08.07 16:44:53.199,1.04811,1.04829,1.05,2.25
2013.08.07 16:44:56.555,1.04811,1.04829,1.80,1.50
2013.08.07 16:44:57.453,1.04812,1.04831,1.50,1.43
2013.08.07 16:44:57.573,1.04812,1.04831,1.88,1.43
2013.08.07 16:44:58.102,1.04813,1.04831,1.13,1.43
2013.08.07 16:44:58.283,1.04811,1.04831,3.15,2.18
2013.08.07 16:44:59.183,1.04816,1.04831,1.43,1.50
2013.08.07 16:44:59.774,1.04817,1.04836,1.35,1.50
2013.08.07 16:45:00.552,1.04818,1.04838,1.43,2.18
2013.08.07 16:45:06.045,1.04818,1.04837,1.43,1.50
2013.08.07 16:45:07.243,1.04818,1.04836,1.43,1.50
2013.08.07 16:45:12.476,1.04818,1.04838,1.43,1.43
2013.08.07 16:45:13.118,1.04818,1.04838,1.43,1.43
2013.08.07 16:45:13.812,1.04818,1.04838,2.18,1.43
2013.08.07 16:45:17.752,1.0482,1.04839,1.43,1.43
2013.08.07 16:45:17.933,1.04822,1.04841,1.50,1.92
2013.08.07 16:45:18.472,1.04822,1.04841,2.25,2.67
2013.08.07 16:45:19.333,1.04823,1.04841,2.10,1.13
2013.08.07 16:45:19.839,1.04823,1.04843,2.10,2.85
2013.08.07 16:45:20.533,1.04823,1.04843,2.10,2.85
2013.08.07 16:45:27.464,1.04824,1.04843,1.80,2.85
2013.08.07 16:45:27.584,1.04826,1.04845,2.48,1.43
2013.08.07 16:45:27.704,1.04828,1.04847,1.43,2.85
2013.08.07 16:45:27.766,1.0483,1.04847,1.35,1.50
2013.08.07 16:45:27.894,1.04831,1.04849,1.43,2.18
2013.08.07 16:45:28.353,1.04829,1.04849,1.43,2.10
2013.08.07 16:45:28.843,1.04829,1.04847,1.43,1.43
2013.08.07 16:45:29.143,1.04828,1.04848,2.55,1.43
2013.08.07 16:45:30.434,1.04828,1.04847,2.55,1.43
2013.08.07 16:45:33.713,1.04828,1.04843,2.18,1.13
2013.08.07 16:45:34.035,1.04826,1.0484,2.10,1.13
2013.08.07 16:45:34.095,1.04826,1.04841,2.10,1.13
2013.08.07 16:45:34.156,1.04824,1.0484,2.10,1.50
2013.08.07 16:45:34.703,1.04823,1.04839,1.35,1.13
2013.08.07 16:45:37.813,1.04823,1.04838,1.35,3.00
2013.08.07 16:45:38.114,1.0482,1.04838,1.35,1.13
2013.08.07 16:45:38.294,1.04817,1.04836,2.18,1.35
2013.08.07 16:45:38.415,1.04818,1.04837,1.43,2.18
2013.08.07 16:45:38.599,1.04817,1.04837,2.18,2.18
2013.08.07 16:45:39.484,1.04817,1.04837,1.50,2.85
2013.08.07 16:45:39.843,1.04815,1.04833,2.85,1.50
2013.08.07 16:45:40.653,1.04815,1.04835,1.35,2.10
2013.08.07 16:45:40.716,1.04815,1.04832,1.35,1.88
2013.08.07 16:45:40.833,1.04812,1.0483,1.43,1.43
2013.08.07 16:45:42.363,1.04813,1.0483,1.43,1.50
2013.08.07 16:45:42.783,1.04814,1.04832,1.43,1.43
2013.08.07 16:45:42.842,1.04814,1.04833,1.43,1.43
2013.08.07 16:45:43.392,1.04815,1.04835,2.10,1.99
2013.08.07 16:45:43.924,1.04817,1.04835,2.10,1.32
2013.08.07 16:45:54.322,1.04814,1.04834,2.10,2.10
2013.08.07 16:45:55.144,1.04814,1.04833,2.85,1.50
2013.08.07 16:45:55.734,1.04816,1.04833,1.35,1.50
2013.08.07 16:45:57.093,1.04816,1.04834,1.35,1.13
2013.08.07 16:45:58.874,1.04816,1.04836,3.15,2.85
2013.08.07 16:45:59.233,1.04821,1.04839,1.35,1.50
2013.08.07 16:45:59.633,1.04819,1.04839,2.10,2.85
2013.08.07 16:46:00.413,1.04819,1.04839,2.85,2.10
2013.08.07 16:46:01.224,1.04821,1.04839,1.50,2.10
2013.08.07 16:46:01.763,1.04822,1.04841,3.83,1.50
2013.08.07 16:46:01.823,1.04822,1.04843,3.83,2.85
2013.08.07 16:46:02.185,1.04825,1.04844,2.10,1.50
2013.08.07 16:46:02.528,1.04823,1.04843,2.85,2.85
2013.08.07 16:46:02.664,1.04823,1.04843,2.85,2.10
2013.08.07 16:46:03.583,1.04823,1.04843,2.85,2.10
2013.08.07 16:46:04.804,1.04826,1.04843,1.50,1.43
2013.08.07 16:46:04.865,1.04827,1.04845,1.13,1.43
2013.08.07 16:46:05.043,1.04827,1.04847,3.68,1.35
2013.08.07 16:46:05.104,1.04829,1.04848,1.99,1.43
2013.08.07 16:46:05.722,1.04834,1.04853,2.48,1.43
2013.08.07 16:46:06.633,1.04834,1.04853,1.80,2.78
2013.08.07 16:46:09.663,1.04832,1.0485,2.18,1.43
2013.08.07 16:46:10.714,1.04832,1.04849,1.50,1.35
2013.08.07 16:46:11.993,1.04832,1.04851,1.50,2.18
2013.08.07 16:46:12.352,1.04835,1.04851,1.35,1.50
2013.08.07 16:46:16.403,1.04835,1.04853,2.10,1.50
2013.08.07 16:46:16.644,1.04838,1.04856,1.80,1.43
2013.08.07 16:46:16.704,1.0484,1.04858,2.10,1.43
2013.08.07 16:46:17.438,1.0484,1.04859,1.43,2.10
2013.08.07 16:46:18.663,1.04841,1.04859,1.50,2.10
2013.08.07 16:46:19.118,1.04841,1.04859,1.50,2.10
2013.08.07 16:46:19.790,1.04843,1.04861,1.43,1.80
2013.08.07 16:46:23.422,1.04844,1.04862,1.50,1.43
2013.08.07 16:46:27.755,1.04843,1.04858,1.43,1.05
2013.08.07 16:46:27.873,1.04841,1.04858,2.18,1.80
2013.08.07 16:46:27.935,1.04841,1.04856,1.43,1.43
2013.08.07 16:46:28.174,1.04834,1.04853,1.43,1.35
2013.08.07 16:46:28.825,1.04832,1.04853,1.43,1.35
2013.08.07 16:46:35.714,1.04834,1.04852,1.50,1.43
2013.08.07 16:46:40.724,1.04832,1.04852,2.18,2.18
2013.08.07 16:46:46.843,1.04832,1.04852,2.18,2.55
2013.08.07 16:46:47.629,1.04832,1.0485,1.43,1.50
2013.08.07 16:46:54.264,1.04832,1.04851,2.85,1.50
2013.08.07 16:46:54.323,1.04834,1.04853,1.43,1.43
2013.08.07 16:46:57.584,1.04834,1.04852,1.43,1.50
2013.08.07 16:46:57.954,1.0483,1.04848,1.13,2.10
2013.08.07 16:46:58.073,1.0483,1.04848,1.13,1.35
2013.08.07 16:46:58.254,1.04834,1.04852,1.43,1.43
2013.08.07 16:46:58.801,1.04836,1.04854,1.43,2.18
2013.08.07 16:46:59.546,1.04836,1.04854,1.43,1.43
2013.08.07 16:47:00.703,1.04836,1.04856,2.10,2.18
2013.08.07 16:47:00.763,1.04836,1.04856,2.10,1.43
2013.08.07 16:47:01.733,1.04838,1.04856,1.43,1.43
2013.08.07 16:47:03.333,1.04836,1.04856,2.10,2.18
2013.08.07 16:47:04.024,1.04838,1.04856,1.43,2.18
2013.08.07 16:47:04.573,1.04836,1.04856,1.50,2.85
2013.08.07 16:47:04.753,1.04838,1.04856,1.50,2.10
2013.08.07 16:47:04.813,1.04838,1.04857,1.88,1.35
2013.08.07 16:47:05.114,1.04842,1.04861,2.10,1.13
2013.08.07 16:47:07.997,1.04841,1.0486,1.43,3.30
2013.08.07 16:47:10.732,1.0484,1.04858,1.50,1.13
2013.08.07 16:47:11.443,1.0484,1.04857,1.50,1.35
2013.08.07 16:47:11.803,1.04842,1.0486,1.43,2.18
2013.08.07 16:47:12.124,1.04846,1.04863,1.43,1.32
2013.08.07 16:47:14.163,1.04846,1.04863,1.43,1.88
2013.08.07 16:47:14.463,1.04846,1.04864,1.43,1.43
2013.08.07 16:47:16.233,1.04846,1.04864,1.50,1.88
2013.08.07 16:47:16.563,1.04844,1.04863,1.50,1.43
2013.08.07 16:47:27.863,1.04844,1.04863,1.50,1.80
2013.08.07 16:47:28.559,1.04846,1.04863,2.10,1.13
2013.08.07 16:47:29.763,1.04846,1.04863,2.10,1.13
2013.08.07 16:47:33.743,1.04846,1.04862,1.43,1.43
2013.08.07 16:47:33.863,1.04845,1.04863,1.43,1.43
2013.08.07 16:47:36.144,1.04849,1.04863,1.35,1.50
2013.08.07 16:47:36.505,1.0484,1.04851,4.20,1.43
2013.08.07 16:47:36.684,1.04834,1.04849,1.35,1.13
2013.08.07 16:47:36.745,1.04834,1.04851,1.35,1.32
2013.08.07 16:47:37.283,1.04833,1.04852,1.43,2.29
2013.08.07 16:47:37.646,1.04836,1.04852,1.35,1.43
2013.08.07 16:47:37.704,1.04836,1.04853,3.45,1.13
2013.08.07 16:47:37.763,1.04837,1.04853,1.43,1.13
2013.08.07 16:47:38.410,1.04836,1.04853,1.43,1.88
2013.08.07 16:47:39.283,1.04836,1.04852,1.43,1.13
2013.08.07 16:47:42.874,1.04833,1.04851,1.43,1.05
2013.08.07 16:47:42.933,1.04833,1.04851,1.43,1.80
2013.08.07 16:47:42.993,1.04833,1.04851,1.43,1.80
2013.08.07 16:47:43.770,1.04829,1.04848,1.50,1.73
2013.08.07 16:47:44.763,1.04829,1.04848,1.50,2.48
2013.08.07 16:47:59.065,1.04829,1.04848,1.50,2.48
2013.08.07 16:48:01.383,1.04829,1.04848,1.50,2.48
2013.08.07 16:48:01.503,1.04829,1.04848,1.50,2.48
2013.08.07 16:48:20.123,1.0483,1.04848,1.43,1.88
2013.08.07 16:48:20.444,1.0483,1.04847,1.43,1.05
2013.08.07 16:48:20.684,1.04825,1.04844,2.10,1.13
2013.08.07 16:48:21.144,1.04825,1.04842,1.43,1.05
2013.08.07 16:48:21.383,1.04824,1.04842,1.43,1.80
2013.08.07 16:48:26.843,1.04824,1.04839,1.43,1.50
2013.08.07 16:48:31.594,1.04825,1.04844,1.35,1.50
2013.08.07 16:48:31.894,1.04832,1.04848,1.43,1.50
2013.08.07 16:48:43.466,1.04832,1.04848,1.43,1.50
2013.08.07 16:48:43.883,1.04832,1.04848,1.43,1.50
2013.08.07 16:48:45.473,1.04831,1.04848,1.43,1.50
2013.08.07 16:48:56.793,1.0483,1.04848,2.18,1.50
2013.08.07 16:48:57.314,1.04831,1.04848,1.43,1.50
2013.08.07 16:49:00.402,1.04831,1.04848,1.43,1.50
2013.08.07 16:49:20.255,1.0483,1.04847,1.35,1.88
2013.08.07 16:49:20.494,1.04827,1.04843,1.35,1.13
2013.08.07 16:49:20.555,1.04825,1.04843,2.18,1.13
2013.08.07 16:49:21.204,1.04825,1.04843,2.85,1.13
2013.08.07 16:49:26.334,1.04826,1.04844,1.80,2.25
2013.08.07 16:49:26.516,1.04828,1.04844,2.10,1.50
2013.08.07 16:49:26.823,1.04831,1.04849,1.43,1.50
2013.08.07 16:49:27.064,1.04831,1.0485,1.43,2.18
2013.08.07 16:49:27.613,1.04831,1.04849,1.43,1.50
2013.08.07 16:49:30.083,1.04831,1.04848,1.43,1.50
2013.08.07 16:49:31.134,1.04831,1.04848,1.43,1.50
2013.08.07 16:49:32.455,1.04831,1.04848,1.43,1.50
2013.08.07 16:50:18.568,1.04832,1.0485,1.43,1.43
2013.08.07 16:50:18.695,1.04833,1.0485,1.43,1.43
2013.08.07 16:50:18.754,1.04833,1.0485,1.43,1.43
2013.08.07 16:50:19.813,1.04835,1.04848,2.10,1.13
2013.08.07 16:50:20.114,1.04829,1.04846,2.18,1.13
2013.08.07 16:50:20.174,1.04828,1.04846,1.43,1.80
2013.08.07 16:50:25.383,1.04825,1.04844,2.63,1.80
2013.08.07 16:50:26.724,1.04827,1.04844,1.43,1.13
2013.08.07 16:50:32.164,1.04826,1.04844,1.43,1.80
2013.08.07 16:50:45.515,1.04826,1.04844,1.43,1.80
2013.08.07 16:50:45.816,1.04826,1.04843,1.43,1.80
2013.08.07 16:50:45.936,1.04823,1.04841,2.03,1.43
2013.08.07 16:50:46.486,1.04827,1.0484,1.50,1.35
2013.08.07 16:50:46.607,1.04827,1.04847,1.43,2.55
2013.08.07 16:50:46.794,1.04825,1.04845,3.23,2.10
2013.08.07 16:50:46.914,1.04828,1.04846,1.43,2.18
2013.08.07 16:50:47.273,1.04824,1.04844,1.43,2.85
2013.08.07 16:50:47.333,1.04826,1.04844,1.35,1.50
2013.08.07 16:50:47.883,1.04825,1.04844,1.35,1.50
2013.08.07 16:50:48.264,1.04825,1.04844,1.35,2.25
2013.08.07 16:50:50.783,1.04823,1.04843,1.43,1.43
2013.08.07 16:50:53.055,1.04826,1.04843,1.13,1.43
2013.08.07 16:50:53.174,1.04826,1.04845,1.13,1.43
2013.08.07 16:50:53.654,1.04827,1.0484,2.10,1.13
2013.08.07 16:50:54.014,1.04817,1.04836,1.50,1.13
2013.08.07 16:50:54.193,1.04818,1.04836,1.35,1.88
2013.08.07 16:51:03.755,1.04819,1.04837,1.43,1.43
2013.08.07 16:51:03.875,1.04819,1.04837,1.43,1.43
2013.08.07 16:51:04.203,1.04821,1.04836,1.43,1.50
2013.08.07 16:51:07.096,1.04821,1.04838,1.43,1.50
2013.08.07 16:51:07.164,1.04821,1.0484,1.43,2.55
2013.08.07 16:51:10.044,1.04822,1.0484,2.10,2.18
2013.08.07 16:51:10.104,1.04824,1.04842,1.43,1.43
2013.08.07 16:51:10.663,1.04825,1.04842,1.43,1.50
2013.08.07 16:51:15.675,1.04826,1.04842,1.43,1.13
2013.08.07 16:51:15.977,1.04826,1.04843,1.43,1.88
2013.08.07 16:51:20.343,1.04824,1.04843,1.13,1.80
2013.08.07 16:51:32.712,1.04824,1.04842,1.13,1.13
2013.08.07 16:51:39.733,1.04823,1.04842,2.18,1.13
2013.08.07 16:51:40.214,1.04823,1.04841,2.18,1.50
2013.08.07 16:51:40.274,1.04823,1.04841,2.18,1.50
2013.08.07 16:51:42.464,1.04823,1.0484,2.85,1.13
2013.08.07 16:51:53.664,1.04822,1.04839,1.43,1.50
2013.08.07 16:51:53.904,1.04818,1.04836,1.43,1.13
2013.08.07 16:51:54.994,1.04817,1.04833,1.50,1.43
2013.08.07 16:51:55.573,1.04818,1.04837,2.10,1.13
2013.08.07 16:51:56.258,1.04818,1.04835,2.10,1.50
2013.08.07 16:52:00.274,1.04818,1.04837,2.10,1.13
2013.08.07 16:52:00.885,1.04818,1.04837,2.78,1.13
2013.08.07 16:52:01.312,1.04821,1.04836,1.35,1.13
2013.08.07 16:52:03.954,1.0482,1.04836,1.35,1.13
2013.08.07 16:52:04.313,1.04818,1.04836,1.43,1.13
2013.08.07 16:52:05.373,1.04818,1.04836,1.43,1.13
2013.08.07 16:52:05.963,1.04819,1.04837,2.10,1.13
2013.08.07 16:52:06.505,1.04819,1.04834,1.43,1.13
2013.08.07 16:52:06.925,1.04815,1.04833,1.88,1.05
2013.08.07 16:52:07.710,1.04816,1.04833,1.13,1.05
2013.08.07 16:52:10.154,1.04815,1.04833,1.50,1.05
2013.08.07 16:52:10.705,1.04815,1.04832,1.50,1.05
2013.08.07 16:52:18.657,1.04815,1.04832,1.50,1.05
2013.08.07 16:52:21.126,1.04815,1.04832,1.50,1.05
2013.08.07 16:52:21.816,1.04815,1.04832,1.50,1.05
2013.08.07 16:52:22.173,1.04812,1.04831,1.50,2.48
2013.08.07 16:52:22.474,1.04812,1.04827,1.50,1.05
2013.08.07 16:52:22.594,1.04809,1.04823,2.85,1.13
2013.08.07 16:52:22.774,1.04804,1.04823,1.35,2.18
2013.08.07 16:52:23.965,1.04805,1.04823,2.55,1.88
2013.08.07 16:52:24.529,1.04805,1.04823,2.55,1.88
2013.08.07 16:52:27.475,1.04803,1.04819,2.18,1.43
2013.08.07 16:52:27.834,1.04793,1.04809,1.50,1.50
2013.08.07 16:52:31.266,1.04792,1.04808,2.10,1.88
2013.08.07 16:52:31.325,1.04789,1.04808,4.73,1.88
2013.08.07 16:52:31.385,1.04789,1.04808,3.60,1.50
2013.08.07 16:52:31.445,1.04789,1.04807,1.43,1.43
2013.08.07 16:52:31.564,1.04786,1.04805,2.10,1.13
2013.08.07 16:52:31.625,1.04787,1.04805,2.25,1.13
2013.08.07 16:52:31.985,1.04787,1.04804,1.43,1.13
2013.08.07 16:52:32.344,1.04785,1.048,2.03,1.13
2013.08.07 16:52:32.404,1.04785,1.048,1.43,1.13
2013.08.07 16:52:32.466,1.04784,1.04798,2.10,1.13
2013.08.07 16:52:32.646,1.04782,1.04795,1.43,1.13
2013.08.07 16:52:33.194,1.04777,1.04795,1.13,1.80
2013.08.07 16:52:34.883,1.04777,1.04795,1.13,1.05
2013.08.07 16:52:35.065,1.04776,1.04794,1.50,1.50
2013.08.07 16:52:35.184,1.04776,1.04792,1.50,1.05
2013.08.07 16:52:36.974,1.04778,1.04793,1.43,1.13
2013.08.07 16:52:37.154,1.04779,1.04794,2.18,1.50
2013.08.07 16:52:37.549,1.0478,1.04796,2.25,1.13
2013.08.07 16:52:37.853,1.0478,1.04797,1.50,1.05
2013.08.07 16:52:38.034,1.0478,1.04797,1.50,1.80
2013.08.07 16:52:38.747,1.04779,1.04797,2.18,1.80
2013.08.07 16:52:39.365,1.04779,1.04797,2.18,1.80
2013.08.07 16:52:39.924,1.04782,1.04797,1.43,1.13
2013.08.07 16:52:41.677,1.04779,1.04798,1.50,1.80
2013.08.07 16:52:41.793,1.04778,1.04798,1.43,1.80
2013.08.07 16:52:42.364,1.04782,1.04799,2.18,1.50
2013.08.07 16:52:42.484,1.04786,1.04801,2.33,1.50
2013.08.07 16:52:42.544,1.04787,1.04803,1.35,2.25
2013.08.07 16:52:42.664,1.04787,1.04803,2.63,1.43
2013.08.07 16:52:42.905,1.04787,1.04807,2.85,2.10
2013.08.07 16:52:43.395,1.04787,1.04807,2.10,2.10
2013.08.07 16:52:43.934,1.04787,1.04807,1.43,1.80
2013.08.07 16:52:45.114,1.04787,1.04807,1.43,1.43
2013.08.07 16:52:45.233,1.04787,1.04808,1.43,1.35
2013.08.07 16:52:45.615,1.04787,1.04808,1.43,1.35
2013.08.07 16:52:46.233,1.04787,1.04807,2.18,2.48
2013.08.07 16:52:46.419,1.0479,1.04805,1.50,3.98
2013.08.07 16:52:46.484,1.0479,1.04801,1.50,1.35
2013.08.07 16:52:46.844,1.04791,1.04805,1.50,1.43
2013.08.07 16:52:47.264,1.0479,1.04806,1.50,1.35
2013.08.07 16:52:47.505,1.04789,1.04808,1.43,1.80
2013.08.07 16:52:47.626,1.04788,1.04807,1.50,1.80
2013.08.07 16:53:00.453,1.04788,1.04806,2.18,1.80
2013.08.07 16:53:01.599,1.04788,1.04806,2.18,2.55
2013.08.07 16:53:01.844,1.04788,1.04804,1.50,2.10
2013.08.07 16:53:02.024,1.04788,1.04802,1.50,1.35
2013.08.07 16:53:02.564,1.04785,1.04798,1.50,1.13
2013.08.07 16:53:02.684,1.04785,1.04798,1.50,1.13
2013.08.07 16:53:02.804,1.0478,1.04798,1.50,1.13
2013.08.07 16:53:03.544,1.0478,1.04798,1.50,1.13
2013.08.07 16:53:04.534,1.04781,1.04798,1.50,1.13
2013.08.07 16:53:05.326,1.04781,1.04798,1.50,1.13
2013.08.07 16:53:05.834,1.04782,1.04799,3.30,2.18
2013.08.07 16:53:06.074,1.04786,1.04804,2.18,1.80
2013.08.07 16:53:06.275,1.04786,1.04804,2.18,1.80
2013.08.07 16:53:07.203,1.0479,1.04804,1.50,1.80
2013.08.07 16:53:07.385,1.04791,1.04807,2.10,1.35
2013.08.07 16:53:07.506,1.04799,1.04808,2.10,1.43
2013.08.07 16:53:07.684,1.048,1.0481,1.05,1.35
2013.08.07 16:53:07.745,1.04804,1.04811,1.50,2.03
2013.08.07 16:53:07.864,1.04799,1.04811,1.50,1.35
2013.08.07 16:53:07.923,1.04797,1.04816,1.99,1.73
2013.08.07 16:53:08.105,1.04798,1.04814,1.50,1.13
2013.08.07 16:53:08.464,1.04801,1.0481,2.10,1.13
2013.08.07 16:53:08.780,1.04804,1.04812,1.35,1.13
2013.08.07 16:53:08.903,1.04796,1.04811,1.43,1.13
2013.08.07 16:53:09.273,1.04795,1.04811,1.43,1.13
2013.08.07 16:53:09.854,1.04793,1.04808,2.10,1.13
2013.08.07 16:53:10.274,1.04792,1.04808,1.43,1.13
2013.08.07 16:53:10.514,1.04789,1.04807,2.10,1.13
2013.08.07 16:53:11.338,1.0479,1.04807,1.50,1.80
2013.08.07 16:53:14.554,1.0479,1.04808,1.50,2.10
2013.08.07 16:53:14.795,1.04791,1.04809,3.68,1.35
2013.08.07 16:53:15.154,1.04794,1.04812,1.43,1.73
2013.08.07 16:53:15.454,1.04796,1.04812,1.43,1.13
2013.08.07 16:53:15.855,1.04796,1.04814,1.43,2.18
2013.08.07 16:53:15.914,1.04796,1.04814,1.80,1.43
2013.08.07 16:53:17.935,1.04799,1.04814,1.43,1.50
2013.08.07 16:53:20.185,1.04803,1.04814,1.13,1.50
2013.08.07 16:53:20.365,1.04803,1.04821,1.43,1.43
2013.08.07 16:53:20.605,1.04805,1.04824,1.43,1.05
2013.08.07 16:53:20.663,1.04805,1.04826,2.10,1.43
2013.08.07 16:53:20.724,1.04806,1.04827,1.43,1.73
2013.08.07 16:53:21.084,1.04803,1.04814,1.35,1.13
2013.08.07 16:53:21.264,1.04794,1.04814,1.43,2.48
2013.08.07 16:53:21.504,1.04796,1.04814,1.50,1.43
2013.08.07 16:53:21.565,1.04797,1.04815,1.43,1.43
2013.08.07 16:53:21.626,1.048,1.04816,1.13,1.43
2013.08.07 16:53:21.864,1.04804,1.04823,2.10,1.13
2013.08.07 16:53:21.925,1.04804,1.0482,2.10,1.13
2013.08.07 16:53:22.045,1.04803,1.0482,1.43,1.13
2013.08.07 16:53:22.608,1.048,1.04818,2.18,1.43
2013.08.07 16:53:25.418,1.04801,1.0482,1.43,1.50
2013.08.07 16:53:25.784,1.04804,1.04821,1.13,1.43
2013.08.07 16:53:25.904,1.04804,1.04821,1.13,1.43
2013.08.07 16:53:29.141,1.04804,1.04822,1.13,1.35
2013.08.07 16:53:31.264,1.04804,1.04822,2.25,2.10
2013.08.07 16:53:36.634,1.04804,1.04822,2.25,2.10
2013.08.07 16:53:41.903,1.04804,1.04822,2.25,1.43
2013.08.07 16:53:46.625,1.04804,1.04822,1.50,1.50
2013.08.07 16:53:47.044,1.04806,1.04822,1.13,1.35
2013.08.07 16:53:47.164,1.04806,1.04821,1.13,1.35
2013.08.07 16:53:47.464,1.04808,1.04823,1.43,1.43
2013.08.07 16:53:47.523,1.04808,1.04828,1.43,1.43
2013.08.07 16:53:49.875,1.04811,1.04829,1.43,1.43
2013.08.07 16:53:50.054,1.04812,1.04828,1.35,1.50
2013.08.07 16:53:50.114,1.04811,1.04826,1.50,2.10
2013.08.07 16:53:50.700,1.04807,1.04826,1.88,2.10
2013.08.07 16:53:51.874,1.0481,1.04824,1.13,1.35
2013.08.07 16:53:52.055,1.0481,1.04825,1.13,1.35
2013.08.07 16:53:52.459,1.04811,1.04829,1.43,1.43
2013.08.07 16:53:52.523,1.04811,1.04831,2.10,2.10
2013.08.07 16:53:53.451,1.04811,1.04829,2.10,1.50
2013.08.07 16:53:54.964,1.04811,1.04831,2.10,2.10
2013.08.07 16:53:55.227,1.04815,1.04831,2.18,1.35
2013.08.07 16:53:55.535,1.04815,1.04831,1.13,1.35
2013.08.07 16:53:55.715,1.04815,1.04835,1.43,1.35
2013.08.07 16:53:56.015,1.04816,1.04837,1.43,2.03
2013.08.07 16:53:56.074,1.04816,1.04837,1.43,3.38
2013.08.07 16:53:59.964,1.04816,1.04835,2.55,2.10
2013.08.07 16:54:01.014,1.04816,1.04834,2.55,1.43
2013.08.07 16:54:01.134,1.04816,1.04833,1.43,1.69
2013.08.07 16:54:01.260,1.04813,1.0483,2.18,1.43
2013.08.07 16:54:01.924,1.04807,1.04827,1.43,1.43
2013.08.07 16:54:12.939,1.04806,1.04824,2.10,1.50
2013.08.07 16:54:13.008,1.04806,1.04824,1.43,2.55
2013.08.07 16:54:13.134,1.04805,1.04823,1.43,1.43
2013.08.07 16:54:13.795,1.04805,1.04824,1.43,3.23
2013.08.07 16:54:13.955,1.04805,1.04819,1.43,1.50
2013.08.07 16:54:16.884,1.04801,1.04819,1.88,1.50
2013.08.07 16:54:22.684,1.04802,1.04819,1.13,1.50
2013.08.07 16:54:27.885,1.04803,1.04819,1.43,1.50
2013.08.07 16:54:28.307,1.04803,1.04818,1.50,2.48
2013.08.07 16:54:28.616,1.04799,1.04817,1.50,1.43
2013.08.07 16:54:29.554,1.04799,1.04816,2.25,1.13
2013.08.07 16:54:33.575,1.04798,1.04815,2.10,1.50
2013.08.07 16:54:36.684,1.04797,1.04815,1.50,1.50
2013.08.07 16:54:37.673,1.04797,1.04814,1.50,1.43
2013.08.07 16:54:38.573,1.04795,1.04813,1.43,1.50
2013.08.07 16:54:40.430,1.04795,1.04814,1.43,1.43
2013.08.07 16:54:44.984,1.04796,1.04815,2.10,1.69
2013.08.07 16:54:45.525,1.04797,1.04811,1.50,1.35
2013.08.07 16:54:46.084,1.04797,1.04811,1.50,1.35
2013.08.07 16:54:46.395,1.04797,1.04815,2.18,1.43
2013.08.07 16:54:48.104,1.04797,1.04813,2.18,1.13
2013.08.07 16:54:48.344,1.04797,1.04811,1.43,1.13
2013.08.07 16:54:48.874,1.04793,1.04809,1.50,2.10
2013.08.07 16:54:50.596,1.04792,1.0481,2.93,1.43
2013.08.07 16:54:51.213,1.04792,1.04809,2.25,2.10
2013.08.07 16:54:58.253,1.04792,1.04811,1.50,2.10
2013.08.07 16:55:00.564,1.04792,1.04809,1.50,1.43
2013.08.07 16:55:01.483,1.0479,1.04807,1.13,1.35
2013.08.07 16:55:02.404,1.04788,1.04807,2.25,1.35
2013.08.07 16:55:03.345,1.04788,1.04806,2.25,1.43
2013.08.07 16:55:03.404,1.04788,1.04806,1.50,1.43
2013.08.07 16:55:06.444,1.04787,1.04805,2.18,1.43
2013.08.07 16:55:06.743,1.04787,1.04805,3.30,1.43
2013.08.07 16:55:14.664,1.04791,1.04805,1.88,1.43
2013.08.07 16:55:14.847,1.04792,1.04809,1.50,1.35
2013.08.07 16:55:15.214,1.0479,1.04809,2.10,1.88
2013.08.07 16:55:15.334,1.04789,1.04808,1.50,1.43
2013.08.07 16:55:18.614,1.04789,1.04809,2.55,2.18
2013.08.07 16:55:20.235,1.0479,1.04809,1.35,1.50
2013.08.07 16:55:26.384,1.0479,1.04809,1.35,1.50
2013.08.07 16:55:26.444,1.04792,1.04809,1.43,1.50
2013.08.07 16:55:30.285,1.04791,1.04809,2.10,2.18
2013.08.07 16:55:30.465,1.04789,1.04809,1.43,2.48
2013.08.07 16:55:30.527,1.0479,1.04809,1.13,2.10
2013.08.07 16:55:30.837,1.04792,1.04805,1.50,1.35
2013.08.07 16:55:31.155,1.04792,1.04809,1.50,1.35
2013.08.07 16:55:31.924,1.04791,1.04809,1.50,2.85
2013.08.07 16:55:32.047,1.04793,1.04809,2.55,2.10
2013.08.07 16:55:32.165,1.04796,1.04813,1.50,1.35
2013.08.07 16:55:32.228,1.04797,1.04816,1.43,1.50
2013.08.07 16:55:32.664,1.04796,1.04815,1.50,1.35
2013.08.07 16:55:33.404,1.04796,1.04816,2.18,2.10
2013.08.07 16:55:33.744,1.04796,1.04816,2.18,2.10
2013.08.07 16:55:34.234,1.04798,1.04818,2.18,1.43
2013.08.07 16:55:34.684,1.048,1.04818,1.13,1.43
2013.08.07 16:55:35.221,1.04799,1.04818,1.80,1.43
2013.08.07 16:55:35.744,1.048,1.04818,1.43,1.50
2013.08.07 16:55:36.303,1.04798,1.04818,1.50,3.60
2013.08.07 16:55:36.424,1.04798,1.04818,1.50,2.85
2013.08.07 16:55:37.674,1.04799,1.04818,1.43,1.50
2013.08.07 16:55:37.737,1.04798,1.04816,2.85,1.13
2013.08.07 16:55:37.866,1.04796,1.04813,1.35,1.43
2013.08.07 16:55:37.984,1.04793,1.04812,1.43,2.78
2013.08.07 16:55:38.044,1.0479,1.04808,1.43,1.43
2013.08.07 16:55:38.164,1.0479,1.04808,1.43,1.43
2013.08.07 16:55:38.795,1.0479,1.04809,1.43,1.35
2013.08.07 16:55:38.862,1.04795,1.04812,1.80,1.35
2013.08.07 16:55:38.930,1.04795,1.04813,2.48,1.43
2013.08.07 16:55:38.995,1.04799,1.04817,1.43,1.43
2013.08.07 16:55:39.293,1.04803,1.04821,1.43,1.43
2013.08.07 16:55:40.535,1.04803,1.04822,1.43,2.10
2013.08.07 16:55:40.654,1.04803,1.04821,1.43,1.43
2013.08.07 16:55:40.955,1.04807,1.04823,1.43,2.10
2013.08.07 16:55:41.075,1.04807,1.04827,1.43,1.43
2013.08.07 16:55:41.136,1.04807,1.04827,1.43,1.43
2013.08.07 16:55:41.195,1.0481,1.04828,1.43,2.10
2013.08.07 16:55:41.734,1.04808,1.04828,1.13,1.35
2013.08.07 16:55:42.334,1.04808,1.04828,1.13,1.35
2013.08.07 16:55:42.774,1.04808,1.04828,1.50,1.35
2013.08.07 16:55:43.074,1.04811,1.04831,2.10,1.35
2013.08.07 16:55:43.364,1.04811,1.04831,2.10,2.10
2013.08.07 16:55:43.664,1.04811,1.04831,2.48,1.35
2013.08.07 16:55:43.989,1.04811,1.04831,3.23,2.10
2013.08.07 16:55:44.904,1.04811,1.04831,3.23,2.10
2013.08.07 16:55:48.035,1.04811,1.04829,2.55,1.43
2013.08.07 16:55:54.104,1.0481,1.04828,1.43,1.43
2013.08.07 16:55:54.164,1.0481,1.04828,1.43,1.43
2013.08.07 16:55:54.344,1.0481,1.04828,2.55,1.43
2013.08.07 16:55:54.465,1.04811,1.04828,1.13,1.35
2013.08.07 16:55:54.525,1.04811,1.04831,1.80,1.35
2013.08.07 16:55:54.704,1.04811,1.04831,1.13,1.35
2013.08.07 16:55:59.844,1.04811,1.04831,1.88,1.43
2013.08.07 16:56:01.734,1.04811,1.04831,1.88,1.43
2013.08.07 16:56:02.035,1.0481,1.04829,1.50,1.50
2013.08.07 16:56:02.573,1.0481,1.04828,1.50,2.10
2013.08.07 16:56:03.414,1.0481,1.04828,1.50,2.10
2013.08.07 16:56:03.814,1.04809,1.04828,1.80,1.35
2013.08.07 16:56:03.934,1.04809,1.04829,1.80,4.95
2013.08.07 16:56:03.994,1.04809,1.04829,2.48,3.60
2013.08.07 16:56:04.174,1.0481,1.04829,1.50,2.85
2013.08.07 16:56:14.154,1.0481,1.04829,1.50,3.60
2013.08.07 16:56:14.214,1.0481,1.04828,1.50,1.50
2013.08.07 16:56:15.885,1.04806,1.04823,1.43,1.50
2013.08.07 16:56:16.065,1.04805,1.04823,1.05,2.18
2013.08.07 16:56:16.364,1.04805,1.04823,1.80,2.18
2013.08.07 16:56:17.783,1.04805,1.04823,1.80,2.18
2013.08.07 16:56:18.290,1.04805,1.04823,1.80,2.18
2013.08.07 16:56:21.379,1.04805,1.04823,1.80,1.43
2013.08.07 16:56:21.566,1.04803,1.04822,2.18,1.35
2013.08.07 16:56:22.236,1.04805,1.04824,1.13,2.93
2013.08.07 16:56:29.534,1.04806,1.04824,3.23,2.25
2013.08.07 16:56:29.654,1.04807,1.04824,1.43,1.50
2013.08.07 16:56:34.784,1.04809,1.04824,1.43,1.50
2013.08.07 16:56:38.006,1.04808,1.04827,2.10,1.50
2013.08.07 16:56:52.964,1.04808,1.04827,2.10,1.50
2013.08.07 16:56:53.955,1.04811,1.04827,1.13,1.50
2013.08.07 16:56:54.494,1.04813,1.04833,2.48,2.10
2013.08.07 16:56:55.929,1.04816,1.04833,1.50,2.10
2013.08.07 16:57:02.014,1.04813,1.04831,1.43,1.43
2013.08.07 16:57:02.255,1.04814,1.04829,1.50,1.43
2013.08.07 16:57:05.425,1.04814,1.04829,1.50,1.43
2013.08.07 16:57:07.734,1.04813,1.04829,1.13,2.10
2013.08.07 16:57:08.594,1.04814,1.04829,1.50,2.10
2013.08.07 16:57:12.164,1.04814,1.04827,1.50,1.35
2013.08.07 16:57:12.284,1.04814,1.04829,1.50,1.43
2013.08.07 16:57:20.304,1.04814,1.04829,1.50,1.43
2013.08.07 16:57:20.605,1.04816,1.04829,2.25,1.43
2013.08.07 16:57:20.964,1.04818,1.0483,1.50,1.35
2013.08.07 16:57:22.563,1.04817,1.04832,1.50,1.43
2013.08.07 16:57:24.257,1.04816,1.04832,1.50,1.43
2013.08.07 16:57:25.404,1.04816,1.04832,1.50,1.43
2013.08.07 16:57:28.794,1.04814,1.04832,2.25,1.43
2013.08.07 16:57:30.441,1.04814,1.04832,1.50,1.43
2013.08.07 16:57:30.914,1.04814,1.04831,1.50,1.35
2013.08.07 16:57:32.844,1.04814,1.0483,1.50,1.43
2013.08.07 16:57:33.145,1.04809,1.04827,1.13,1.43
2013.08.07 16:57:33.644,1.04809,1.04823,1.13,1.43
2013.08.07 16:57:36.574,1.04809,1.04823,1.13,1.43
2013.08.07 16:57:43.514,1.0481,1.04825,1.50,1.80
2013.08.07 16:57:55.094,1.04807,1.04823,1.43,1.13
2013.08.07 16:58:09.995,1.04805,1.04823,1.80,1.80
2013.08.07 16:58:10.174,1.04805,1.04822,1.13,1.35
2013.08.07 16:58:10.474,1.04805,1.04823,1.13,1.80
2013.08.07 16:58:10.675,1.04805,1.04823,1.13,2.55
2013.08.07 16:58:11.819,1.04805,1.04823,1.13,1.43
2013.08.07 16:58:11.947,1.04806,1.04824,1.43,2.18
2013.08.07 16:58:13.245,1.04806,1.04824,1.43,2.55
2013.08.07 16:58:13.764,1.04804,1.04822,1.13,1.35
2013.08.07 16:58:13.824,1.04804,1.04822,1.13,2.10
2013.08.07 16:58:14.408,1.04804,1.04821,1.13,1.43
2013.08.07 16:58:14.799,1.04804,1.0482,1.13,1.50
2013.08.07 16:58:15.335,1.04804,1.04821,1.13,1.43
2013.08.07 16:58:15.464,1.04804,1.04821,1.13,1.43
2013.08.07 16:58:16.168,1.04804,1.04822,1.88,2.10
2013.08.07 16:58:16.475,1.04807,1.04824,1.13,1.43
2013.08.07 16:58:16.568,1.04807,1.04824,1.13,1.43
2013.08.07 16:58:17.160,1.04807,1.04825,1.88,1.35
2013.08.07 16:58:17.356,1.04807,1.04825,1.88,1.35
2013.08.07 16:58:17.476,1.04808,1.04828,1.43,1.43
2013.08.07 16:58:17.655,1.04808,1.04827,1.43,1.35
2013.08.07 16:58:18.015,1.04807,1.04823,1.50,1.43
2013.08.07 16:58:18.328,1.04803,1.04821,1.13,1.43
2013.08.07 16:58:19.534,1.048,1.04821,1.80,2.55
2013.08.07 16:58:25.414,1.048,1.0482,2.55,1.50
2013.08.07 16:58:25.718,1.04807,1.04823,1.13,2.10
2013.08.07 16:58:25.785,1.04807,1.04824,1.13,1.43
2013.08.07 16:58:26.320,1.04807,1.04822,1.13,1.35
2013.08.07 16:58:26.845,1.04807,1.04824,1.13,2.10
2013.08.07 16:58:28.076,1.04807,1.04824,1.50,2.10
2013.08.07 16:58:28.257,1.04808,1.04825,1.50,1.43
2013.08.07 16:58:28.845,1.04807,1.04825,2.18,1.35
2013.08.07 16:58:29.236,1.04807,1.04827,2.18,1.43
2013.08.07 16:58:29.594,1.04807,1.04826,1.50,2.10
2013.08.07 16:58:30.765,1.04803,1.04823,1.80,1.43
2013.08.07 16:58:31.075,1.04803,1.04822,1.13,1.35
2013.08.07 16:58:32.278,1.04803,1.0482,1.13,1.43
2013.08.07 16:58:32.875,1.04803,1.04821,1.88,1.43
2013.08.07 16:58:33.426,1.04802,1.0482,1.43,1.43
2013.08.07 16:58:36.405,1.04801,1.04819,2.18,1.50
2013.08.07 16:58:36.586,1.04801,1.04819,2.55,1.50
2013.08.07 16:58:36.707,1.04801,1.04818,1.43,1.80
2013.08.07 16:58:36.767,1.04799,1.04818,2.93,1.35
2013.08.07 16:58:36.827,1.04798,1.04817,1.43,2.03
2013.08.07 16:58:37.304,1.04797,1.04815,1.13,1.35
2013.08.07 16:58:37.365,1.04797,1.04817,1.13,2.10
2013.08.07 16:58:37.425,1.04797,1.04817,1.88,2.10
2013.08.07 16:58:42.206,1.04802,1.04818,2.25,1.35
2013.08.07 16:58:42.509,1.04807,1.04818,1.13,1.35
2013.08.07 16:58:42.698,1.04807,1.04822,1.13,1.35
2013.08.07 16:58:43.114,1.04807,1.04825,1.13,1.35
2013.08.07 16:58:44.214,1.04807,1.04827,1.80,1.35
2013.08.07 16:58:44.424,1.04814,1.04827,1.50,1.35
2013.08.07 16:58:44.664,1.04819,1.04834,3.38,1.35
2013.08.07 16:58:44.725,1.04819,1.04837,2.10,2.03
2013.08.07 16:58:44.785,1.04822,1.0484,1.13,3.83
2013.08.07 16:58:44.844,1.04819,1.04839,1.80,1.43
2013.08.07 16:58:45.361,1.04819,1.04839,1.80,1.43
2013.08.07 16:58:45.432,1.04819,1.04837,1.13,1.35
2013.08.07 16:58:46.257,1.04821,1.04837,1.13,1.35
2013.08.07 16:58:46.436,1.04821,1.04841,2.93,3.83
2013.08.07 16:58:46.496,1.04825,1.04841,1.88,1.35
2013.08.07 16:58:46.616,1.04828,1.04844,1.13,1.35
2013.08.07 16:58:46.735,1.0483,1.04847,1.13,1.35
2013.08.07 16:58:47.034,1.04828,1.04846,1.13,1.35
2013.08.07 16:58:47.394,1.04828,1.04845,1.13,1.05
2013.08.07 16:58:47.695,1.04823,1.04838,1.50,2.10
2013.08.07 16:58:47.755,1.04821,1.04836,1.50,1.35
2013.08.07 16:58:47.814,1.04817,1.04836,1.13,1.35
2013.08.07 16:58:48.914,1.04817,1.04836,1.50,2.10
2013.08.07 16:58:48.974,1.04817,1.04835,1.50,1.43
2013.08.07 16:58:50.654,1.04817,1.04834,1.50,1.43
2013.08.07 16:58:51.154,1.04817,1.04834,1.50,1.43
2013.08.07 16:58:51.335,1.04813,1.04833,2.10,2.78
2013.08.07 16:58:51.815,1.04816,1.04835,1.88,2.10
2013.08.07 16:58:52.336,1.04817,1.04833,1.13,1.35
2013.08.07 16:58:53.145,1.04814,1.04832,1.88,1.35
2013.08.07 16:58:53.688,1.04813,1.04832,1.13,1.35
2013.08.07 16:58:54.294,1.04811,1.0483,1.50,2.10
2013.08.07 16:58:55.725,1.0481,1.04829,1.13,1.50
2013.08.07 16:58:56.515,1.04809,1.04829,2.10,1.88
2013.08.07 16:58:56.755,1.04805,1.04824,1.43,2.10
2013.08.07 16:58:56.935,1.04807,1.04827,3.98,2.85
2013.08.07 16:58:57.294,1.04814,1.04833,1.43,2.18
2013.08.07 16:58:57.354,1.04814,1.04833,1.43,2.18
2013.08.07 16:58:57.594,1.04814,1.04833,1.43,2.18
2013.08.07 16:58:57.929,1.04814,1.04833,1.43,2.10
2013.08.07 16:58:58.536,1.04812,1.04822,1.43,2.55
2013.08.07 16:58:58.659,1.04807,1.04818,4.13,1.13
2013.08.07 16:58:58.786,1.04799,1.04816,2.25,3.15
2013.08.07 16:58:58.846,1.04799,1.04814,1.13,1.35
2013.08.07 16:58:58.906,1.04793,1.04813,2.10,1.35
2013.08.07 16:58:59.346,1.04792,1.04811,2.18,1.35
2013.08.07 16:58:59.838,1.04793,1.04815,1.43,2.29
2013.08.07 16:59:00.385,1.04798,1.04816,1.43,2.18
2013.08.07 16:59:01.035,1.04795,1.04813,1.43,1.43
2013.08.07 16:59:01.274,1.04795,1.04813,1.43,1.43
2013.08.07 16:59:02.024,1.04795,1.04813,1.43,2.18
2013.08.07 16:59:02.995,1.04795,1.04809,1.43,1.50
2013.08.07 16:59:03.054,1.04795,1.0481,1.43,1.50
2013.08.07 16:59:03.578,1.04793,1.04808,1.43,1.50
2013.08.07 16:59:07.895,1.04792,1.04808,1.43,1.50
2013.08.07 16:59:08.015,1.04792,1.0481,2.18,1.62
2013.08.07 16:59:08.076,1.04792,1.04808,1.50,2.10
2013.08.07 16:59:08.196,1.04793,1.0481,1.73,1.62
2013.08.07 16:59:08.376,1.04797,1.04812,1.65,2.03
2013.08.07 16:59:08.435,1.04797,1.04815,1.65,1.43
2013.08.07 16:59:08.677,1.04799,1.04818,1.13,1.43
2013.08.07 16:59:09.244,1.048,1.04816,1.13,1.43
2013.08.07 16:59:09.784,1.04799,1.04816,1.13,1.43
2013.08.07 16:59:10.348,1.04801,1.04817,1.13,1.35
2013.08.07 16:59:10.897,1.04799,1.04817,1.13,1.35
2013.08.07 16:59:11.085,1.04798,1.04816,2.63,1.43
2013.08.07 16:59:12.012,1.048,1.04818,1.43,2.93
2013.08.07 16:59:12.090,1.048,1.04818,1.13,1.35
2013.08.07 16:59:12.336,1.04801,1.04815,2.25,1.35
2013.08.07 16:59:12.575,1.04798,1.04817,1.50,1.43
2013.08.07 16:59:13.115,1.04799,1.04817,1.13,1.80
2013.08.07 16:59:13.175,1.04799,1.04817,1.13,2.55
2013.08.07 16:59:13.476,1.04799,1.04816,1.50,1.13
2013.08.07 16:59:13.597,1.04796,1.0481,1.43,1.43
2013.08.07 16:59:13.658,1.04791,1.04809,1.13,1.50
2013.08.07 16:59:13.905,1.0479,1.04808,2.25,1.43
2013.08.07 16:59:13.965,1.04792,1.04808,1.13,1.43
2013.08.07 16:59:14.395,1.04792,1.0481,1.13,2.10
2013.08.07 16:59:14.755,1.04791,1.04808,1.88,1.13
2013.08.07 16:59:14.815,1.04791,1.04809,1.50,1.05
2013.08.07 16:59:14.935,1.04788,1.04802,1.43,1.13
2013.08.07 16:59:15.055,1.04785,1.048,1.43,1.13
2013.08.07 16:59:15.174,1.04785,1.04801,1.43,1.13
2013.08.07 16:59:15.355,1.04791,1.04804,1.35,1.43
2013.08.07 16:59:15.415,1.04791,1.04803,1.50,1.13
2013.08.07 16:59:15.774,1.04786,1.04803,1.50,1.43
2013.08.07 16:59:15.835,1.04786,1.04803,1.50,1.43
2013.08.07 16:59:15.954,1.04786,1.04804,1.88,1.43
2013.08.07 16:59:17.975,1.04787,1.04803,1.50,1.43
2013.08.07 16:59:20.184,1.04783,1.04801,3.30,1.43
2013.08.07 16:59:20.485,1.04788,1.04804,1.80,1.50
2013.08.07 16:59:22.045,1.04793,1.04807,1.13,1.13
2013.08.07 16:59:22.105,1.04793,1.04808,1.13,1.05
2013.08.07 16:59:23.705,1.04794,1.04807,1.50,1.43
2013.08.07 16:59:24.609,1.04792,1.04806,1.13,2.10
2013.08.07 16:59:24.926,1.0479,1.04805,1.50,1.43
2013.08.07 16:59:25.286,1.0479,1.04805,1.50,1.35
2013.08.07 16:59:25.765,1.0479,1.04803,1.50,1.43
2013.08.07 16:59:26.006,1.04787,1.04803,1.50,1.43
2013.08.07 16:59:30.196,1.04787,1.04804,1.50,1.43
2013.08.07 16:59:30.496,1.04787,1.04803,1.13,1.35
2013.08.07 16:59:30.617,1.04788,1.04803,1.13,2.10
2013.08.07 16:59:30.795,1.04785,1.04803,2.93,1.43
2013.08.07 16:59:31.035,1.04784,1.04803,1.43,2.18
2013.08.07 16:59:31.155,1.04786,1.04803,2.03,1.50
2013.08.07 16:59:31.514,1.04787,1.04803,1.35,1.88
2013.08.07 16:59:31.694,1.04784,1.04802,1.43,1.13
2013.08.07 16:59:31.815,1.04788,1.04802,1.88,1.13
2013.08.07 16:59:31.935,1.04789,1.04803,1.50,2.25
2013.08.07 16:59:31.995,1.0479,1.04803,1.13,1.50
2013.08.07 16:59:32.114,1.04792,1.04809,1.43,1.13
2013.08.07 16:59:32.647,1.04788,1.04807,1.35,1.43
2013.08.07 16:59:32.777,1.04789,1.04807,1.43,1.43
2013.08.07 16:59:33.416,1.04786,1.04806,2.85,2.10
2013.08.07 16:59:33.956,1.0479,1.04805,1.43,1.50
2013.08.07 16:59:34.074,1.0479,1.04805,1.43,1.50
2013.08.07 16:59:34.352,1.0479,1.04805,1.43,1.50
2013.08.07 16:59:35.465,1.04788,1.04805,1.43,1.50
2013.08.07 16:59:35.708,1.0479,1.04805,1.43,1.50
2013.08.07 16:59:36.216,1.0479,1.04805,1.43,1.50
2013.08.07 16:59:36.906,1.04792,1.04805,1.13,1.50
2013.08.07 16:59:37.519,1.0479,1.04805,2.18,1.50
2013.08.07 16:59:37.825,1.0479,1.04805,1.43,1.50
2013.08.07 16:59:39.154,1.04788,1.04805,1.43,1.50
2013.08.07 16:59:40.947,1.04787,1.04801,1.35,1.50
2013.08.07 16:59:41.005,1.04788,1.04801,1.43,1.50
2013.08.07 16:59:44.516,1.04787,1.04804,1.43,1.50
2013.08.07 16:59:44.755,1.0479,1.04804,1.43,1.50
2013.08.07 16:59:44.934,1.0479,1.04807,1.43,1.50
2013.08.07 16:59:45.484,1.04791,1.04804,1.43,1.50
2013.08.07 16:59:46.029,1.0479,1.04811,1.43,1.43
2013.08.07 16:59:46.585,1.0479,1.04811,1.43,1.43
2013.08.07 16:59:47.105,1.0479,1.04808,1.43,1.50
2013.08.07 16:59:47.286,1.0479,1.04808,1.43,1.50
2013.08.07 16:59:50.755,1.04789,1.04808,1.35,1.50
2013.08.07 16:59:50.874,1.0479,1.04808,1.43,1.88
2013.08.07 16:59:51.444,1.04791,1.04806,1.43,1.50
2013.08.07 16:59:52.099,1.04791,1.04807,1.43,1.50
2013.08.07 16:59:53.555,1.04791,1.04808,1.43,1.13
2013.08.07 16:59:53.675,1.04789,1.04805,1.43,1.50
2013.08.07 16:59:54.235,1.04784,1.04804,1.43,1.80
2013.08.07 16:59:54.770,1.04784,1.04804,1.43,1.80
2013.08.07 16:59:56.544,1.04784,1.04801,1.50,1.13
2013.08.07 16:59:56.785,1.04786,1.04804,1.43,1.43
2013.08.07 16:59:57.029,1.04783,1.04802,1.50,1.80
2013.08.07 16:59:59.335,1.04782,1.04794,1.35,1.13
2013.08.07 16:59:59.455,1.0478,1.04797,1.43,1.50
2013.08.07 16:59:59.577,1.04781,1.04799,1.43,1.69
2013.08.07 16:59:59.636,1.04781,1.04799,1.43,1.50
2013.08.07 16:59:59.945,1.04784,1.04803,1.13,2.10
