2007.04.11 08:00:00.902,0.9781,0.97825,0.80,4.00
2007.04.11 08:00:02.020,0.97805,0.9781,2.40,2.40
2007.04.11 08:00:03.581,0.9781,0.9782,0.80,8.80
2007.04.11 08:00:03.794,0.9781,0.9782,0.80,7.20
2007.04.11 08:00:03.867,0.9781,0.9782,0.80,7.20
2007.04.11 08:00:04.832,0.97805,0.9782,3.20,6.40
2007.04.11 08:00:07.134,0.9781,0.9782,0.80,2.40
2007.04.11 08:00:12.898,0.97795,0.9782,12.40,2.40
2007.04.11 08:00:13.155,0.97795,0.97825,5.30,18.40
2007.04.11 08:00:13.511,0.97805,0.97825,3.20,16.00
2007.04.11 08:00:14.124,0.9781,0.97825,0.80,4.00
2007.04.11 08:00:19.066,0.97805,0.9782,3.20,0.80
2007.04.11 08:00:19.356,0.97805,0.9781,2.40,0.80
2007.04.11 08:00:19.668,0.978,0.9782,4.80,4.80
2007.04.11 08:00:19.903,0.97795,0.9782,19.20,5.60
2007.04.11 08:00:20.953,0.97795,0.97815,3.20,4.00
2007.04.11 08:00:22.429,0.97795,0.9781,3.20,1.60
2007.04.11 08:00:22.651,0.97795,0.9781,3.20,4.80
2007.04.11 08:00:23.494,0.97795,0.9781,3.20,8.80
2007.04.11 08:00:25.007,0.978,0.9781,0.80,0.60
2007.04.11 08:00:28.890,0.978,0.9781,0.80,0.90
2007.04.11 08:00:30.659,0.97795,0.97815,3.20,6.40
2007.04.11 08:00:31.616,0.97795,0.97815,3.20,8.80
2007.04.11 08:00:32.231,0.9779,0.9781,0.80,0.80
2007.04.11 08:00:32.494,0.9779,0.9781,0.80,0.70
2007.04.11 08:00:32.893,0.9779,0.978,0.80,0.70
2007.04.11 08:00:34.526,0.9779,0.978,0.80,0.50
2007.04.11 08:00:35.043,0.9779,0.978,0.80,25.50
2007.04.11 08:00:35.813,0.9778,0.97795,0.80,0.50
2007.04.11 08:00:36.187,0.9778,0.978,0.80,28.70
2007.04.11 08:00:36.510,0.9778,0.978,0.80,40.70
2007.04.11 08:00:36.866,0.9777,0.97795,0.80,38.30
2007.04.11 08:00:39.359,0.9778,0.978,0.80,38.30
2007.04.11 08:00:39.992,0.9778,0.97795,0.80,0.90
2007.04.11 08:00:41.914,0.9778,0.978,0.80,0.90
2007.04.11 08:00:42.203,0.9778,0.978,0.80,0.90
2007.04.11 08:00:43.028,0.9778,0.9781,4.80,21.60
2007.04.11 08:00:43.580,0.9778,0.978,0.80,0.90
2007.04.11 08:00:47.368,0.9778,0.97805,0.80,18.40
2007.04.11 08:00:50.421,0.9778,0.978,0.80,0.60
2007.04.11 08:00:50.698,0.9778,0.97805,0.80,16.80
2007.04.11 08:00:51.684,0.9778,0.978,0.80,21.50
2007.04.11 08:00:52.400,0.9778,0.9781,16.80,21.60
2007.04.11 08:00:54.018,0.9778,0.97805,12.80,4.00
2007.04.11 08:00:54.226,0.9778,0.97805,0.80,4.00
2007.04.11 08:00:55.901,0.97785,0.97805,14.30,4.00
2007.04.11 08:00:56.822,0.97785,0.9781,14.30,9.60
2007.04.11 08:00:58.085,0.97785,0.9781,18.30,5.60
2007.04.11 08:00:58.299,0.97785,0.9781,30.30,4.00
2007.04.11 08:00:58.554,0.97785,0.9781,30.30,3.20
2007.04.11 08:00:59.398,0.97785,0.9781,30.30,2.40
2007.04.11 08:00:59.648,0.9779,0.97815,4.00,4.00
2007.04.11 08:00:59.932,0.9779,0.9781,4.00,2.40
2007.04.11 08:01:00.555,0.9778,0.9781,16.80,7.20
2007.04.11 08:01:00.829,0.9778,0.9781,16.80,8.00
2007.04.11 08:01:01.893,0.9779,0.9781,0.80,8.80
2007.04.11 08:01:03.637,0.9779,0.978,0.80,2.40
2007.04.11 08:01:07.715,0.9779,0.97805,0.80,4.00
2007.04.11 08:01:07.957,0.9779,0.9781,0.80,9.60
2007.04.11 08:01:16.413,0.97785,0.9781,18.30,9.60
2007.04.11 08:01:17.455,0.97785,0.978,18.30,0.80
2007.04.11 08:01:22.606,0.97785,0.978,4.00,0.80
2007.04.11 08:01:23.054,0.9778,0.978,4.80,0.80
2007.04.11 08:01:23.462,0.9778,0.9779,4.00,0.80
2007.04.11 08:01:25.614,0.97775,0.9779,30.30,0.80
2007.04.11 08:01:28.420,0.9778,0.978,0.80,1.60
2007.04.11 08:01:28.649,0.9778,0.978,0.80,0.80
2007.04.11 08:01:28.855,0.9778,0.978,0.80,1.60
2007.04.11 08:01:29.136,0.9778,0.978,0.80,3.20
2007.04.11 08:01:30.491,0.97775,0.978,33.50,3.20
2007.04.11 08:01:30.889,0.9778,0.978,0.80,2.40
2007.04.11 08:01:31.102,0.97775,0.978,33.50,0.80
2007.04.11 08:01:31.394,0.9777,0.9779,33.50,0.80
2007.04.11 08:01:33.431,0.9777,0.9779,19.20,0.80
2007.04.11 08:01:34.021,0.97765,0.9779,3.20,19.20
2007.04.11 08:01:34.670,0.9777,0.9779,0.80,16.80
2007.04.11 08:01:35.029,0.97765,0.9779,19.20,0.80
2007.04.11 08:01:35.568,0.97765,0.9779,16.00,0.80
2007.04.11 08:01:36.477,0.9777,0.9779,1.40,0.80
2007.04.11 08:01:37.543,0.97775,0.9779,4.10,0.80
2007.04.11 08:01:37.784,0.97775,0.9779,8.60,0.80
2007.04.11 08:01:38.044,0.97775,0.9779,7.00,0.80
2007.04.11 08:01:39.108,0.97765,0.9779,7.20,4.80
2007.04.11 08:01:39.732,0.97765,0.9779,19.20,0.80
2007.04.11 08:01:40.137,0.97765,0.9779,7.20,4.80
2007.04.11 08:01:40.638,0.9777,0.9779,1.60,0.80
2007.04.11 08:01:54.845,0.97765,0.9779,19.20,3.20
2007.04.11 08:01:55.144,0.97765,0.9779,19.20,5.60
2007.04.11 08:01:55.454,0.9777,0.9779,0.80,9.60
2007.04.11 08:01:55.688,0.9777,0.9779,0.80,21.60
2007.04.11 08:01:55.970,0.9777,0.9779,0.80,5.60
2007.04.11 08:01:57.068,0.97765,0.9779,9.60,5.60
2007.04.11 08:01:57.434,0.9777,0.9779,3.60,3.20
2007.04.11 08:02:02.491,0.9778,0.9779,4.00,0.80
2007.04.11 08:02:02.588,0.97775,0.9779,30.30,0.80
2007.04.11 08:02:02.750,0.97775,0.9779,13.00,0.80
2007.04.11 08:02:03.985,0.9777,0.9779,33.50,0.80
2007.04.11 08:02:12.379,0.9778,0.978,0.80,7.20
2007.04.11 08:02:13.926,0.97775,0.9779,7.20,2.40
2007.04.11 08:02:14.472,0.97765,0.9779,19.20,3.20
2007.04.11 08:02:14.786,0.97765,0.9779,19.20,5.60
2007.04.11 08:02:15.327,0.97765,0.97785,15.20,4.00
2007.04.11 08:02:16.392,0.9777,0.9779,0.80,21.60
2007.04.11 08:02:18.125,0.9777,0.9779,0.80,5.60
2007.04.11 08:02:18.905,0.9777,0.9779,0.80,4.80
2007.04.11 08:02:19.112,0.9777,0.9779,0.80,3.20
2007.04.11 08:02:19.785,0.9777,0.97785,0.80,23.10
2007.04.11 08:02:20.049,0.97765,0.9778,3.20,2.40
2007.04.11 08:02:20.637,0.97765,0.97785,3.20,18.30
2007.04.11 08:02:25.628,0.9777,0.9779,0.80,0.80
2007.04.11 08:02:26.905,0.97765,0.97795,7.20,38.30
2007.04.11 08:02:28.468,0.97765,0.9779,7.20,15.10
2007.04.11 08:02:28.697,0.97765,0.9779,19.20,15.10
2007.04.11 08:02:28.989,0.97765,0.9779,7.20,15.10
2007.04.11 08:02:30.061,0.9777,0.9779,0.80,0.80
2007.04.11 08:02:30.524,0.9777,0.9779,4.80,0.80
2007.04.11 08:02:35.521,0.9778,0.97795,0.80,0.90
2007.04.11 08:02:36.033,0.9777,0.97795,7.20,0.80
2007.04.11 08:02:36.909,0.9777,0.97795,7.20,23.90
2007.04.11 08:02:37.207,0.97775,0.9779,4.00,0.80
2007.04.11 08:02:40.492,0.97775,0.97785,4.00,0.60
2007.04.11 08:02:41.319,0.9777,0.9779,16.80,15.10
2007.04.11 08:02:42.230,0.9777,0.9779,0.80,19.10
2007.04.11 08:02:42.550,0.9777,0.9779,0.80,0.60
2007.04.11 08:02:43.438,0.9777,0.97795,4.80,26.30
2007.04.11 08:02:45.038,0.9778,0.97795,0.80,0.80
2007.04.11 08:02:55.887,0.9777,0.97795,4.80,26.30
2007.04.11 08:03:03.908,0.9777,0.9778,16.00,0.80
2007.04.11 08:03:05.166,0.9777,0.9778,4.00,0.80
2007.04.11 08:03:06.861,0.97775,0.9779,4.00,0.80
2007.04.11 08:03:09.721,0.9777,0.9779,4.80,0.80
2007.04.11 08:03:12.912,0.9777,0.97795,4.80,23.10
2007.04.11 08:03:14.326,0.97775,0.97795,4.00,19.10
2007.04.11 08:03:15.887,0.9778,0.97795,0.80,19.10
2007.04.11 08:03:16.650,0.9778,0.978,0.80,26.30
2007.04.11 08:03:19.404,0.97775,0.97795,4.00,0.50
2007.04.11 08:03:22.027,0.9778,0.978,0.80,26.30
2007.04.11 08:03:25.442,0.97775,0.97795,4.00,22.30
2007.04.11 08:03:25.938,0.9778,0.978,0.80,26.30
2007.04.11 08:03:27.993,0.9777,0.9779,16.80,0.80
2007.04.11 08:03:28.216,0.97775,0.978,16.70,7.20
2007.04.11 08:03:28.539,0.97775,0.9779,18.30,0.80
2007.04.11 08:03:29.837,0.97775,0.97795,30.30,3.20
2007.04.11 08:03:30.881,0.97775,0.97795,16.00,22.30
2007.04.11 08:03:32.950,0.97775,0.97795,4.00,22.30
2007.04.11 08:03:36.324,0.9777,0.97795,4.80,26.30
2007.04.11 08:03:45.879,0.9777,0.9779,0.80,0.80
2007.04.11 08:03:52.125,0.9777,0.9779,4.80,0.80
2007.04.11 08:04:00.292,0.9777,0.9779,0.80,0.80
2007.04.11 08:04:01.903,0.9777,0.97795,0.80,26.30
2007.04.11 08:04:02.038,0.97775,0.9779,4.00,0.80
2007.04.11 08:04:03.584,0.9777,0.9779,4.80,0.80
2007.04.11 08:04:07.386,0.9777,0.97795,0.80,38.30
2007.04.11 08:04:10.916,0.9777,0.97795,4.80,21.50
2007.04.11 08:04:19.623,0.9777,0.9779,0.80,0.70
2007.04.11 08:04:20.502,0.9777,0.9779,4.80,0.80
2007.04.11 08:04:25.985,0.97775,0.9779,4.00,0.80
2007.04.11 08:04:27.424,0.9777,0.97795,16.80,3.20
2007.04.11 08:04:30.147,0.97775,0.9779,14.30,0.80
2007.04.11 08:04:30.482,0.9777,0.9779,16.80,0.80
2007.04.11 08:04:31.606,0.97775,0.9779,16.00,0.80
2007.04.11 08:04:32.146,0.9777,0.9779,4.80,0.80
2007.04.11 08:04:35.048,0.9777,0.97795,4.80,23.10
2007.04.11 08:04:36.181,0.9777,0.97795,4.80,19.10
2007.04.11 08:04:36.537,0.9777,0.97795,16.80,19.10
2007.04.11 08:04:37.009,0.9777,0.978,16.80,9.60
2007.04.11 08:04:37.226,0.9777,0.978,19.20,9.60
2007.04.11 08:04:38.018,0.97775,0.978,4.00,5.60
2007.04.11 08:04:38.284,0.97775,0.9779,16.00,0.80
2007.04.11 08:04:39.079,0.97775,0.9779,4.00,0.80
2007.04.11 08:04:43.015,0.9777,0.97795,16.80,19.10
2007.04.11 08:04:43.514,0.9777,0.97795,4.80,19.10
2007.04.11 08:04:44.157,0.9777,0.97795,16.80,19.10
2007.04.11 08:04:45.059,0.9777,0.9779,16.80,0.80
2007.04.11 08:04:47.662,0.9777,0.9779,4.80,0.80
2007.04.11 08:04:51.301,0.97765,0.9779,19.20,0.80
2007.04.11 08:04:52.387,0.97765,0.9779,19.20,3.20
2007.04.11 08:04:52.703,0.97765,0.9778,18.40,0.80
2007.04.11 08:04:53.186,0.97765,0.9778,2.40,0.80
2007.04.11 08:04:56.073,0.9776,0.9778,4.40,0.80
2007.04.11 08:04:56.745,0.9776,0.9778,2.00,0.80
2007.04.11 08:05:03.051,0.9777,0.97785,0.80,4.00
2007.04.11 08:05:04.016,0.97765,0.9779,3.20,19.20
2007.04.11 08:05:04.422,0.97755,0.9778,19.20,0.80
2007.04.11 08:05:04.902,0.9776,0.9778,5.40,0.80
2007.04.11 08:05:05.151,0.9776,0.9778,19.20,0.80
2007.04.11 08:05:06.423,0.97755,0.9778,19.20,0.80
2007.04.11 08:05:09.944,0.97765,0.97785,3.20,14.30
2007.04.11 08:05:12.789,0.97765,0.9779,3.20,15.20
2007.04.11 08:05:13.127,0.97765,0.9779,3.20,0.80
2007.04.11 08:05:13.953,0.97765,0.9778,2.20,0.80
2007.04.11 08:05:16.596,0.97755,0.9778,19.20,0.80
2007.04.11 08:05:27.376,0.9777,0.97785,0.80,14.30
2007.04.11 08:05:28.869,0.9777,0.9779,0.80,3.20
2007.04.11 08:05:29.185,0.9777,0.9779,0.80,0.80
2007.04.11 08:05:29.590,0.9778,0.97795,0.80,26.30
2007.04.11 08:05:30.318,0.9776,0.97795,23.20,28.70
2007.04.11 08:05:30.528,0.97765,0.9779,19.20,0.80
2007.04.11 08:05:30.882,0.97765,0.97785,19.20,14.30
2007.04.11 08:05:31.115,0.9777,0.9778,0.80,2.40
2007.04.11 08:05:33.778,0.97765,0.97785,7.20,26.30
2007.04.11 08:05:34.343,0.9777,0.9778,0.80,12.00
2007.04.11 08:05:34.676,0.97765,0.97785,7.20,14.30
2007.04.11 08:05:37.890,0.97765,0.9779,3.20,3.20
2007.04.11 08:05:39.580,0.97765,0.9779,15.20,5.60
2007.04.11 08:05:41.325,0.9776,0.9779,16.80,5.60
2007.04.11 08:05:41.717,0.9776,0.9779,16.80,5.60
2007.04.11 08:05:43.463,0.9776,0.9779,16.80,4.00
2007.04.11 08:05:43.687,0.9776,0.9779,19.20,0.80
2007.04.11 08:05:44.047,0.97765,0.9779,7.20,0.80
2007.04.11 08:05:44.989,0.9777,0.97785,4.80,14.30
2007.04.11 08:05:46.605,0.9777,0.97785,0.80,14.30
2007.04.11 08:05:47.980,0.9777,0.9779,0.80,16.80
2007.04.11 08:05:48.984,0.9777,0.9779,0.80,7.20
2007.04.11 08:05:49.668,0.9777,0.9779,0.80,4.80
2007.04.11 08:05:52.065,0.9777,0.9779,0.80,7.20
2007.04.11 08:05:52.793,0.9777,0.9779,0.80,3.20
2007.04.11 08:05:53.734,0.9777,0.9779,0.80,0.80
2007.04.11 08:05:55.951,0.9777,0.9779,0.80,4.80
2007.04.11 08:05:57.513,0.9777,0.97785,0.80,14.30
2007.04.11 08:05:58.854,0.9777,0.9779,0.80,7.20
2007.04.11 08:05:59.090,0.9777,0.9779,0.80,16.80
2007.04.11 08:06:00.626,0.9777,0.9779,0.80,4.80
2007.04.11 08:06:01.707,0.9777,0.9779,0.80,7.20
2007.04.11 08:06:04.202,0.9777,0.9779,0.80,4.80
2007.04.11 08:06:04.535,0.9777,0.9779,0.80,7.20
2007.04.11 08:06:05.280,0.9777,0.9779,4.80,3.20
2007.04.11 08:06:08.557,0.9777,0.9778,0.80,2.40
2007.04.11 08:06:09.022,0.9777,0.97785,0.80,16.00
2007.04.11 08:06:09.272,0.97765,0.97785,3.20,16.00
2007.04.11 08:06:09.454,0.9777,0.97785,0.80,35.10
2007.04.11 08:06:09.712,0.97765,0.97785,3.20,23.10
2007.04.11 08:06:12.024,0.9777,0.97785,0.80,4.00
2007.04.11 08:06:12.430,0.97765,0.9779,3.20,4.80
2007.04.11 08:06:13.623,0.97765,0.9779,19.20,0.80
2007.04.11 08:06:14.670,0.97765,0.9779,7.20,4.80
2007.04.11 08:06:22.145,0.9777,0.9779,0.80,0.80
2007.04.11 08:06:23.384,0.9777,0.9779,0.80,4.80
2007.04.11 08:06:28.378,0.97765,0.9779,19.20,0.80
2007.04.11 08:06:30.279,0.97765,0.9779,19.20,3.20
2007.04.11 08:06:30.571,0.9777,0.9779,0.80,0.80
2007.04.11 08:06:31.328,0.9777,0.9779,0.80,0.80
2007.04.11 08:06:31.819,0.9777,0.9779,0.90,0.80
2007.04.11 08:06:33.636,0.9777,0.9779,0.80,0.80
2007.04.11 08:06:34.819,0.97765,0.97795,19.20,38.30
2007.04.11 08:06:39.105,0.9777,0.9779,0.80,0.70
2007.04.11 08:06:39.531,0.9777,0.9779,16.80,0.80
2007.04.11 08:06:40.691,0.97775,0.9779,4.00,0.80
2007.04.11 08:06:46.959,0.9777,0.9779,4.80,0.80
2007.04.11 08:06:55.090,0.97775,0.9779,4.00,0.80
2007.04.11 08:06:57.323,0.9777,0.97795,4.80,22.30
2007.04.11 08:06:58.396,0.9777,0.9779,4.80,0.90
2007.04.11 08:06:59.458,0.9777,0.9779,0.80,3.20
2007.04.11 08:07:03.783,0.9777,0.9779,0.80,7.20
2007.04.11 08:07:04.140,0.97765,0.9779,7.20,7.20
2007.04.11 08:07:05.492,0.9777,0.97785,0.80,14.30
2007.04.11 08:07:07.971,0.97765,0.9779,3.20,19.20
2007.04.11 08:07:08.295,0.9777,0.9779,0.80,3.20
2007.04.11 08:07:08.688,0.97765,0.9779,7.20,7.20
2007.04.11 08:07:13.159,0.97765,0.9779,3.20,19.20
2007.04.11 08:07:15.514,0.9777,0.97785,0.80,18.30
2007.04.11 08:07:16.614,0.97765,0.97785,3.20,4.00
2007.04.11 08:07:17.406,0.97765,0.9779,3.20,19.20
2007.04.11 08:07:18.107,0.9777,0.9779,0.80,7.20
2007.04.11 08:07:50.435,0.9777,0.97785,0.80,14.30
2007.04.11 08:07:50.955,0.9777,0.9778,0.80,2.40
2007.04.11 08:07:51.910,0.9776,0.9778,4.80,3.20
2007.04.11 08:07:53.528,0.97765,0.9778,16.00,0.80
2007.04.11 08:07:54.003,0.97765,0.9778,4.00,0.80
2007.04.11 08:07:56.315,0.9776,0.9778,16.80,0.80
2007.04.11 08:07:57.080,0.97755,0.9778,33.50,0.80
2007.04.11 08:08:01.749,0.9777,0.97785,0.80,18.30
2007.04.11 08:08:02.188,0.97765,0.9778,3.20,4.00
2007.04.11 08:08:03.171,0.9777,0.97775,0.80,4.00
2007.04.11 08:08:03.387,0.97755,0.97775,3.20,4.00
2007.04.11 08:08:05.466,0.97765,0.97775,3.20,4.00
2007.04.11 08:08:06.380,0.97755,0.97775,3.20,4.00
2007.04.11 08:08:06.884,0.9777,0.97775,0.80,4.00
2007.04.11 08:08:09.527,0.9776,0.97775,0.80,4.00
2007.04.11 08:08:11.271,0.9776,0.9778,0.80,4.80
2007.04.11 08:08:20.669,0.97755,0.9778,7.20,7.20
2007.04.11 08:08:20.995,0.9776,0.9778,0.80,4.80
2007.04.11 08:08:23.707,0.9776,0.9778,0.80,16.80
2007.04.11 08:08:36.868,0.9776,0.9778,0.80,0.80
2007.04.11 08:08:40.983,0.9776,0.9778,3.20,0.80
2007.04.11 08:08:41.196,0.9776,0.9778,7.20,0.80
2007.04.11 08:08:42.303,0.9777,0.97785,0.80,4.00
2007.04.11 08:08:42.600,0.9777,0.9779,0.80,19.20
2007.04.11 08:08:42.851,0.9777,0.9779,0.80,7.20
2007.04.11 08:08:43.953,0.9777,0.97785,0.80,14.30
2007.04.11 08:08:48.434,0.9777,0.97785,0.80,23.10
2007.04.11 08:08:48.671,0.9777,0.9778,0.80,2.40
2007.04.11 08:08:49.220,0.97765,0.9778,2.40,2.40
2007.04.11 08:08:49.424,0.9776,0.9778,0.80,0.80
2007.04.11 08:08:49.717,0.9776,0.9778,3.20,0.80
2007.04.11 08:08:50.129,0.9776,0.9778,4.80,0.80
2007.04.11 08:08:50.665,0.9776,0.9778,4.80,4.00
2007.04.11 08:08:50.869,0.9776,0.97775,0.80,4.00
2007.04.11 08:08:59.412,0.97755,0.97775,2.40,4.00
2007.04.11 08:09:02.452,0.9776,0.97775,0.80,4.00
2007.04.11 08:09:02.562,0.9776,0.9778,0.80,21.60
2007.04.11 08:09:05.563,0.9776,0.9778,0.80,0.70
2007.04.11 08:09:05.864,0.9776,0.97785,0.80,38.30
2007.04.11 08:09:06.493,0.9776,0.9778,3.20,0.90
2007.04.11 08:09:06.700,0.9776,0.97785,7.20,21.50
2007.04.11 08:09:14.312,0.9777,0.97795,0.80,43.10
2007.04.11 08:09:14.514,0.9777,0.97795,0.80,43.10
2007.04.11 08:09:15.512,0.9777,0.97795,0.80,41.50
2007.04.11 08:09:18.764,0.9777,0.97785,0.80,0.70
2007.04.11 08:09:21.436,0.9778,0.9779,0.80,16.00
2007.04.11 08:09:23.969,0.9777,0.97785,0.80,0.80
2007.04.11 08:09:38.544,0.9777,0.9778,0.80,4.00
2007.04.11 08:09:42.636,0.9777,0.97785,0.80,16.00
2007.04.11 08:09:44.679,0.9777,0.9778,0.80,1.60
2007.04.11 08:09:44.885,0.9776,0.9778,0.80,2.40
2007.04.11 08:09:45.157,0.9776,0.9778,0.80,0.80
2007.04.11 08:09:45.594,0.9776,0.9778,3.20,0.80
2007.04.11 08:09:47.074,0.9776,0.9778,7.20,0.80
2007.04.11 08:09:47.939,0.9777,0.97785,0.80,4.00
2007.04.11 08:09:49.934,0.9776,0.9778,4.80,0.80
2007.04.11 08:09:51.020,0.9777,0.97785,0.80,16.00
2007.04.11 08:09:52.091,0.9777,0.9779,0.80,9.60
2007.04.11 08:09:59.636,0.9777,0.9779,0.80,8.00
2007.04.11 08:10:00.532,0.9777,0.9779,12.80,8.00
2007.04.11 08:10:00.756,0.9777,0.9779,16.80,0.80
2007.04.11 08:10:02.341,0.97775,0.9779,4.00,0.80
2007.04.11 08:10:07.249,0.97775,0.97795,4.00,3.20
2007.04.11 08:10:13.837,0.9777,0.97795,4.80,26.30
2007.04.11 08:10:19.406,0.9777,0.9779,0.80,0.80
2007.04.11 08:10:36.709,0.9777,0.9779,2.40,0.80
2007.04.11 08:10:37.027,0.9777,0.9779,3.20,0.80
2007.04.11 08:10:37.316,0.9777,0.9779,1.60,0.80
2007.04.11 08:10:37.538,0.9777,0.9779,0.80,0.80
2007.04.11 08:10:38.008,0.97775,0.9779,14.30,0.80
2007.04.11 08:10:38.797,0.97775,0.9779,4.00,0.80
2007.04.11 08:10:39.015,0.9777,0.9779,4.80,0.80
2007.04.11 08:10:41.021,0.9777,0.9779,0.80,0.80
2007.04.11 08:10:45.343,0.9777,0.97795,0.80,4.00
2007.04.11 08:10:47.566,0.9777,0.9779,0.80,0.80
2007.04.11 08:11:10.718,0.9777,0.9779,16.80,0.80
2007.04.11 08:11:11.156,0.97775,0.9779,19.10,0.80
2007.04.11 08:11:12.853,0.97775,0.978,19.10,16.80
2007.04.11 08:11:15.980,0.97785,0.978,19.10,12.80
2007.04.11 08:11:16.201,0.97785,0.978,19.10,0.80
2007.04.11 08:11:26.554,0.97785,0.978,14.30,0.80
2007.04.11 08:11:31.364,0.9779,0.9781,0.80,4.80
2007.04.11 08:11:32.442,0.97785,0.978,14.30,0.80
2007.04.11 08:11:38.730,0.97785,0.978,1.50,0.80
2007.04.11 08:11:45.377,0.9778,0.978,38.30,0.80
2007.04.11 08:11:45.597,0.97785,0.978,21.50,0.80
2007.04.11 08:11:48.099,0.97785,0.978,37.50,0.80
2007.04.11 08:11:48.359,0.9779,0.9781,1.40,0.80
2007.04.11 08:11:48.604,0.97785,0.9781,43.10,0.80
2007.04.11 08:11:52.704,0.9779,0.9781,5.00,0.80
2007.04.11 08:11:53.477,0.9779,0.9781,1.70,0.80
2007.04.11 08:11:54.068,0.9779,0.9781,21.60,0.80
2007.04.11 08:11:56.097,0.9779,0.9781,3.30,0.80
2007.04.11 08:11:58.272,0.9779,0.9781,1.20,0.80
2007.04.11 08:11:58.773,0.97795,0.9781,0.50,0.80
2007.04.11 08:11:59.897,0.9779,0.9781,20.00,0.80
2007.04.11 08:12:00.702,0.97785,0.9781,40.70,0.80
2007.04.11 08:12:01.082,0.9779,0.9781,4.70,0.80
2007.04.11 08:12:01.297,0.9779,0.9781,9.40,0.80
2007.04.11 08:12:02.047,0.97785,0.978,39.90,0.80
2007.04.11 08:12:02.337,0.97785,0.9781,43.10,0.80
2007.04.11 08:12:03.048,0.97785,0.9781,43.10,0.80
2007.04.11 08:12:03.441,0.97785,0.9781,39.90,0.80
2007.04.11 08:12:21.822,0.9779,0.9781,7.20,0.80
2007.04.11 08:12:22.087,0.9779,0.9781,0.80,0.80
2007.04.11 08:12:25.463,0.9779,0.9781,4.80,0.80
2007.04.11 08:12:31.083,0.9779,0.9781,7.20,0.80
2007.04.11 08:12:31.311,0.97795,0.9781,4.00,0.80
2007.04.11 08:12:39.986,0.9779,0.9781,4.80,0.80
2007.04.11 08:13:03.999,0.9779,0.9781,0.80,4.80
2007.04.11 08:13:04.248,0.97785,0.978,18.30,0.80
2007.04.11 08:13:06.883,0.9779,0.9781,0.80,4.80
2007.04.11 08:13:08.129,0.9779,0.9781,0.80,0.80
2007.04.11 08:13:08.645,0.9779,0.9781,4.80,0.80
2007.04.11 08:13:12.093,0.9779,0.9781,0.80,4.80
2007.04.11 08:13:18.389,0.97785,0.978,14.30,0.80
2007.04.11 08:13:21.168,0.97785,0.978,35.10,0.80
2007.04.11 08:13:21.400,0.9779,0.9781,0.80,0.80
2007.04.11 08:13:23.081,0.9779,0.9781,4.80,0.80
2007.04.11 08:13:24.241,0.9779,0.9781,0.80,0.80
2007.04.11 08:13:24.540,0.9779,0.9781,0.80,4.80
2007.04.11 08:13:29.635,0.9779,0.97805,0.80,4.00
2007.04.11 08:13:30.043,0.9779,0.9781,0.80,12.80
2007.04.11 08:13:30.266,0.9779,0.9781,0.80,0.80
2007.04.11 08:13:30.584,0.9779,0.9781,4.80,0.80
2007.04.11 08:13:40.087,0.9779,0.97805,0.80,4.00
2007.04.11 08:13:43.135,0.9778,0.978,4.80,0.80
2007.04.11 08:13:49.962,0.9778,0.978,0.80,4.80
2007.04.11 08:13:52.348,0.97775,0.978,33.50,4.80
2007.04.11 08:13:53.561,0.9778,0.978,2.00,0.80
2007.04.11 08:13:56.566,0.9778,0.978,19.10,0.80
2007.04.11 08:13:56.863,0.9778,0.97805,19.10,4.00
2007.04.11 08:13:57.321,0.9778,0.97805,2.70,4.00
2007.04.11 08:13:57.814,0.97785,0.9781,7.80,21.60
2007.04.11 08:13:58.090,0.9778,0.9781,33.50,7.20
2007.04.11 08:14:00.175,0.9779,0.9781,0.80,7.20
2007.04.11 08:14:01.009,0.97785,0.9781,8.10,7.20
2007.04.11 08:14:01.450,0.9778,0.978,19.20,0.80
2007.04.11 08:14:01.969,0.9778,0.9781,16.80,9.60
2007.04.11 08:14:02.573,0.9779,0.97805,0.80,4.00
2007.04.11 08:14:04.554,0.97785,0.97805,3.20,18.30
2007.04.11 08:14:05.401,0.97775,0.97805,19.20,18.30
2007.04.11 08:14:06.731,0.9778,0.978,0.80,4.00
2007.04.11 08:14:08.903,0.9779,0.978,0.80,4.00
2007.04.11 08:14:09.518,0.97785,0.97805,3.20,4.00
2007.04.11 08:14:10.959,0.9779,0.97805,1.50,4.00
2007.04.11 08:14:11.290,0.97785,0.9781,28.70,4.80
2007.04.11 08:14:11.904,0.97785,0.9781,40.70,0.80
2007.04.11 08:14:13.942,0.9779,0.9781,0.80,0.80
2007.04.11 08:14:43.886,0.9779,0.9781,0.80,12.80
2007.04.11 08:14:44.215,0.9779,0.97805,0.80,4.00
2007.04.11 08:14:45.615,0.9779,0.9781,0.80,7.20
2007.04.11 08:14:46.287,0.9779,0.9781,0.80,19.20
2007.04.11 08:14:47.563,0.9779,0.9781,0.80,7.20
2007.04.11 08:14:48.199,0.9779,0.97805,0.80,4.00
2007.04.11 08:14:50.675,0.9779,0.9781,3.20,5.60
2007.04.11 08:14:50.952,0.9779,0.9781,3.20,4.80
2007.04.11 08:14:57.270,0.9779,0.9781,3.20,0.80
2007.04.11 08:15:03.483,0.9779,0.9781,7.20,0.80
2007.04.11 08:15:04.473,0.9779,0.9781,3.20,0.80
2007.04.11 08:15:08.016,0.9779,0.9781,3.20,4.80
2007.04.11 08:15:10.682,0.97785,0.9781,28.70,4.80
2007.04.11 08:15:39.606,0.9779,0.9781,0.80,4.80
2007.04.11 08:15:39.848,0.9779,0.9781,0.80,16.80
2007.04.11 08:15:49.050,0.9779,0.9781,0.80,16.80
2007.04.11 08:15:50.135,0.9779,0.9781,0.80,19.20
2007.04.11 08:15:50.683,0.97785,0.97805,3.20,4.00
2007.04.11 08:15:56.806,0.9779,0.97805,0.80,18.30
2007.04.11 08:15:57.062,0.9779,0.978,0.80,4.00
2007.04.11 08:15:59.587,0.97785,0.97805,3.20,4.00
2007.04.11 08:16:30.141,0.9779,0.9781,0.80,21.60
2007.04.11 08:16:30.436,0.9779,0.9781,0.80,19.20
2007.04.11 08:16:30.673,0.9779,0.9781,0.80,4.80
2007.04.11 08:16:35.320,0.9779,0.9781,0.80,4.80
2007.04.11 08:16:38.089,0.9779,0.9781,0.80,0.80
2007.04.11 08:16:40.556,0.97785,0.9781,33.50,3.20
2007.04.11 08:16:40.944,0.9779,0.9781,0.80,7.20
2007.04.11 08:16:41.571,0.9779,0.9781,2.40,4.80
2007.04.11 08:16:41.790,0.9779,0.9781,0.80,0.80
2007.04.11 08:16:42.007,0.9779,0.9781,1.60,0.80
2007.04.11 08:16:42.282,0.97795,0.97815,3.20,16.00
2007.04.11 08:16:42.820,0.978,0.97815,0.80,4.00
2007.04.11 08:16:44.034,0.97795,0.97815,5.60,4.00
2007.04.11 08:16:44.285,0.97795,0.9782,28.70,13.60
2007.04.11 08:16:44.541,0.97795,0.9782,42.30,0.80
2007.04.11 08:16:44.854,0.97795,0.9782,43.10,0.80
2007.04.11 08:16:45.401,0.97795,0.9782,21.60,0.80
2007.04.11 08:16:46.217,0.978,0.9782,4.30,0.80
2007.04.11 08:16:46.850,0.9781,0.97825,0.80,18.30
2007.04.11 08:16:47.089,0.97805,0.97825,3.20,30.30
2007.04.11 08:16:49.029,0.9781,0.9782,0.80,2.40
2007.04.11 08:16:49.461,0.97805,0.97815,3.20,4.00
2007.04.11 08:16:49.824,0.9781,0.9782,0.80,16.00
2007.04.11 08:16:50.285,0.97805,0.97825,3.20,30.30
2007.04.11 08:16:52.363,0.9781,0.97825,0.80,18.30
2007.04.11 08:16:53.113,0.97805,0.9783,7.20,21.60
2007.04.11 08:16:53.370,0.9781,0.9783,0.80,7.20
2007.04.11 08:16:54.437,0.97815,0.9783,7.70,4.80
2007.04.11 08:16:54.682,0.9781,0.9783,26.30,0.80
2007.04.11 08:16:55.687,0.97815,0.9783,5.20,1.60
2007.04.11 08:16:56.023,0.9781,0.9783,26.30,0.80
2007.04.11 08:16:56.376,0.9782,0.9784,0.80,19.20
2007.04.11 08:16:57.587,0.97815,0.9784,22.30,7.20
2007.04.11 08:17:01.529,0.97815,0.97835,3.20,14.30
2007.04.11 08:17:01.907,0.9782,0.9783,0.80,2.40
2007.04.11 08:17:02.405,0.9781,0.9783,2.40,3.20
2007.04.11 08:17:03.185,0.97805,0.9783,19.20,7.20
2007.04.11 08:17:07.542,0.978,0.9783,19.20,7.20
2007.04.11 08:17:09.092,0.978,0.9783,6.90,19.20
2007.04.11 08:17:10.845,0.978,0.9783,19.20,19.20
2007.04.11 08:17:12.583,0.9781,0.9783,1.40,12.80
2007.04.11 08:17:12.862,0.97805,0.9783,35.90,0.80
2007.04.11 08:17:14.735,0.9782,0.9783,1.50,0.80
2007.04.11 08:17:14.997,0.97815,0.9783,4.50,0.80
2007.04.11 08:17:15.310,0.97805,0.9783,33.50,0.80
2007.04.11 08:17:15.516,0.97805,0.9783,21.50,2.40
2007.04.11 08:17:16.734,0.97805,0.9783,7.20,6.40
2007.04.11 08:17:17.736,0.9781,0.9783,0.80,2.40
2007.04.11 08:17:29.453,0.97815,0.9783,19.10,2.40
2007.04.11 08:17:30.232,0.9781,0.9783,19.90,2.40
2007.04.11 08:17:38.461,0.97815,0.97835,3.70,4.00
2007.04.11 08:17:39.030,0.9782,0.97835,0.80,4.00
2007.04.11 08:17:40.947,0.9781,0.97835,23.90,4.00
2007.04.11 08:17:41.473,0.97815,0.97835,22.30,4.00
2007.04.11 08:17:42.525,0.9781,0.9783,23.90,2.40
2007.04.11 08:18:02.490,0.9782,0.97835,0.80,4.00
2007.04.11 08:18:02.871,0.97815,0.9783,19.10,0.80
2007.04.11 08:18:06.393,0.9781,0.9783,0.80,2.40
2007.04.11 08:18:06.939,0.9782,0.9783,0.80,1.60
2007.04.11 08:18:07.569,0.9782,0.9783,0.80,5.60
2007.04.11 08:18:08.473,0.97815,0.9783,3.20,5.60
2007.04.11 08:18:09.941,0.9781,0.9783,0.80,6.40
2007.04.11 08:18:17.589,0.97815,0.9783,3.20,5.60
2007.04.11 08:18:18.768,0.9782,0.9783,0.80,1.60
2007.04.11 08:18:21.399,0.9782,0.97835,0.80,4.00
2007.04.11 08:18:25.055,0.9782,0.9783,0.80,1.60
2007.04.11 08:18:25.910,0.97815,0.97835,3.20,4.00
2007.04.11 08:18:28.395,0.97805,0.9783,33.50,2.40
2007.04.11 08:18:31.371,0.9781,0.9783,0.80,2.40
2007.04.11 08:18:34.565,0.97815,0.9783,7.90,2.40
2007.04.11 08:18:35.564,0.97805,0.9783,7.20,2.40
2007.04.11 08:18:36.359,0.978,0.9783,22.40,1.60
2007.04.11 08:18:36.883,0.97805,0.9783,7.20,2.40
2007.04.11 08:18:40.467,0.97805,0.9783,6.40,1.60
2007.04.11 08:18:40.531,0.97805,0.9783,3.50,1.60
2007.04.11 08:18:42.358,0.97805,0.9783,7.20,2.40
2007.04.11 08:18:42.868,0.97805,0.9783,0.70,1.60
2007.04.11 08:18:43.399,0.97805,0.9783,7.20,1.60
2007.04.11 08:18:44.849,0.97805,0.9783,2.20,1.60
2007.04.11 08:19:03.647,0.97815,0.97835,22.30,4.00
2007.04.11 08:19:29.885,0.9782,0.9783,0.80,1.60
2007.04.11 08:19:38.456,0.97815,0.9783,19.10,2.40
2007.04.11 08:19:46.859,0.9782,0.9783,0.80,1.60
2007.04.11 08:19:50.283,0.97815,0.9783,19.10,2.40
2007.04.11 08:19:52.160,0.9781,0.9783,23.90,2.40
2007.04.11 08:19:55.212,0.97805,0.9783,19.20,2.40
2007.04.11 08:19:55.547,0.97805,0.9783,19.20,4.80
2007.04.11 08:19:56.065,0.9781,0.9783,0.80,6.40
2007.04.11 08:19:57.490,0.9781,0.9783,2.10,2.40
2007.04.11 08:19:59.874,0.97805,0.9782,16.00,0.80
2007.04.11 08:20:01.926,0.97805,0.9783,19.20,2.40
2007.04.11 08:20:03.279,0.97805,0.9782,19.20,1.60
2007.04.11 08:20:08.401,0.9781,0.97835,6.40,18.30
2007.04.11 08:20:11.593,0.9781,0.97835,0.90,18.30
2007.04.11 08:20:13.055,0.9781,0.97835,6.40,18.30
2007.04.11 08:20:24.544,0.9781,0.97835,6.40,4.00
2007.04.11 08:20:25.434,0.9781,0.97835,6.40,18.30
2007.04.11 08:20:31.558,0.97805,0.9783,19.20,0.80
2007.04.11 08:20:34.050,0.97815,0.97835,3.20,18.30
2007.04.11 08:20:36.532,0.97805,0.9783,19.20,0.80
2007.04.11 08:20:38.343,0.9782,0.97835,0.80,18.30
2007.04.11 08:20:46.023,0.9782,0.9783,0.80,2.40
2007.04.11 08:20:47.382,0.9782,0.9783,0.80,6.40
2007.04.11 08:20:52.567,0.9782,0.9783,0.80,4.00
2007.04.11 08:20:53.187,0.9782,0.97835,0.80,18.30
2007.04.11 08:20:59.758,0.9782,0.97835,0.80,30.30
2007.04.11 08:21:00.448,0.97815,0.9783,2.40,0.80
2007.04.11 08:21:00.645,0.9781,0.9783,0.80,0.80
2007.04.11 08:21:01.309,0.9781,0.9783,0.80,4.80
2007.04.11 08:21:02.801,0.9781,0.97825,0.80,14.30
2007.04.11 08:21:03.566,0.9781,0.97825,0.80,4.00
2007.04.11 08:21:04.452,0.9781,0.97825,0.80,18.30
2007.04.11 08:21:05.564,0.9781,0.97825,0.80,4.00
2007.04.11 08:21:05.842,0.9782,0.97825,0.80,4.00
2007.04.11 08:21:06.157,0.9782,0.9783,0.80,13.60
2007.04.11 08:21:06.447,0.9782,0.9783,0.80,1.60
2007.04.11 08:21:06.940,0.9781,0.9783,0.80,2.40
2007.04.11 08:21:07.511,0.9781,0.9783,4.80,2.40
2007.04.11 08:21:10.916,0.9782,0.9783,0.80,1.60
2007.04.11 08:21:16.520,0.9782,0.97835,0.80,30.30
2007.04.11 08:21:16.886,0.9782,0.9784,0.80,37.50
2007.04.11 08:21:17.977,0.9782,0.97835,0.80,23.00
2007.04.11 08:21:20.351,0.9781,0.97825,0.80,0.50
2007.04.11 08:21:37.915,0.9782,0.9783,0.80,34.30
2007.04.11 08:21:51.890,0.9781,0.97825,0.80,18.30
2007.04.11 08:21:58.212,0.97805,0.97825,3.20,18.30
2007.04.11 08:22:10.452,0.9781,0.97825,0.80,4.00
2007.04.11 08:22:10.736,0.978,0.9783,20.80,5.60
2007.04.11 08:22:11.380,0.9781,0.9783,0.80,17.60
2007.04.11 08:22:11.893,0.9781,0.9783,0.80,18.40
2007.04.11 08:22:12.482,0.97805,0.97825,3.20,4.00
2007.04.11 08:22:13.589,0.9781,0.97825,0.80,18.30
2007.04.11 08:22:23.385,0.97815,0.97825,3.20,18.30
2007.04.11 08:22:26.271,0.9782,0.9783,0.80,17.60
2007.04.11 08:22:26.558,0.9782,0.97825,0.80,14.30
2007.04.11 08:22:45.898,0.9781,0.97825,0.80,23.10
2007.04.11 08:22:46.612,0.9781,0.97825,0.80,35.10
2007.04.11 08:22:46.909,0.9781,0.9782,0.80,4.00
2007.04.11 08:22:53.998,0.9781,0.9782,0.80,1.60
2007.04.11 08:22:54.304,0.9781,0.97825,0.80,18.30
2007.04.11 08:22:56.030,0.9781,0.9782,0.80,5.60
2007.04.11 08:23:01.612,0.9781,0.97815,0.80,4.00
2007.04.11 08:23:01.869,0.978,0.97815,0.80,4.00
2007.04.11 08:23:18.037,0.978,0.9781,0.80,2.40
2007.04.11 08:23:51.557,0.978,0.97815,0.80,4.00
2007.04.11 08:23:52.303,0.978,0.9782,0.80,13.60
2007.04.11 08:23:57.407,0.97795,0.9782,4.00,13.60
2007.04.11 08:23:57.933,0.978,0.9782,0.80,13.60
2007.04.11 08:23:58.351,0.9781,0.9782,0.80,12.80
2007.04.11 08:23:58.995,0.978,0.9782,0.80,11.20
2007.04.11 08:24:01.035,0.978,0.9782,0.80,0.50
2007.04.11 08:24:03.963,0.97795,0.97825,4.00,39.90
2007.04.11 08:24:04.372,0.978,0.97825,0.80,39.90
2007.04.11 08:24:04.737,0.97795,0.97825,6.40,39.90
2007.04.11 08:24:05.032,0.97795,0.97825,4.00,39.90
2007.04.11 08:24:05.247,0.9779,0.9782,4.80,23.20
2007.04.11 08:24:09.909,0.9779,0.9781,4.80,0.80
2007.04.11 08:24:10.512,0.9779,0.97815,4.80,0.70
2007.04.11 08:24:12.441,0.978,0.97815,0.80,0.60
2007.04.11 08:24:14.027,0.9781,0.9782,0.80,17.60
2007.04.11 08:24:14.748,0.9781,0.97825,0.80,0.70
2007.04.11 08:24:16.354,0.978,0.97825,4.80,23.10
2007.04.11 08:24:17.393,0.978,0.9782,4.80,0.50
2007.04.11 08:24:18.369,0.9781,0.9782,0.80,0.60
2007.04.11 08:24:22.805,0.9781,0.97825,0.80,0.60
2007.04.11 08:24:30.329,0.9781,0.97815,0.80,4.00
2007.04.11 08:24:31.347,0.978,0.97815,0.80,4.00
2007.04.11 08:24:32.716,0.978,0.97815,3.20,4.00
2007.04.11 08:24:33.090,0.978,0.9782,7.20,1.60
2007.04.11 08:24:33.344,0.978,0.97825,7.20,18.30
2007.04.11 08:24:34.221,0.978,0.97825,4.80,23.10
2007.04.11 08:24:34.614,0.978,0.97825,4.80,18.30
2007.04.11 08:24:35.027,0.978,0.9782,4.80,0.80
2007.04.11 08:24:35.412,0.978,0.97815,0.80,4.00
2007.04.11 08:24:39.813,0.978,0.9782,0.80,23.20
2007.04.11 08:24:40.074,0.978,0.9781,0.80,2.40
2007.04.11 08:24:40.277,0.978,0.9781,0.80,2.40
2007.04.11 08:24:40.839,0.97805,0.9781,3.20,2.40
2007.04.11 08:24:41.356,0.97795,0.9781,3.20,2.40
2007.04.11 08:24:47.358,0.97795,0.97815,3.20,4.00
2007.04.11 08:24:58.941,0.9779,0.97815,0.80,4.00
2007.04.11 08:25:00.437,0.97785,0.9781,38.30,2.40
2007.04.11 08:25:06.863,0.97785,0.97815,38.30,4.00
2007.04.11 08:25:10.389,0.9779,0.9781,0.80,2.40
2007.04.11 08:25:15.091,0.9779,0.97805,0.80,4.00
2007.04.11 08:25:19.160,0.9779,0.9781,0.80,13.60
2007.04.11 08:25:19.533,0.9779,0.9781,0.80,1.60
2007.04.11 08:25:20.176,0.9779,0.9781,0.80,4.00
2007.04.11 08:25:20.702,0.9779,0.9781,0.80,2.40
2007.04.11 08:25:22.167,0.9779,0.9781,0.80,6.40
2007.04.11 08:25:24.480,0.9779,0.9781,0.80,0.60
2007.04.11 08:25:34.191,0.9779,0.97815,0.80,16.00
2007.04.11 08:25:35.042,0.9779,0.97815,0.80,11.20
2007.04.11 08:25:36.376,0.9779,0.9781,0.80,0.50
2007.04.11 08:25:45.564,0.9779,0.9781,0.80,0.80
2007.04.11 08:25:45.839,0.9779,0.9781,0.80,0.90
2007.04.11 08:25:53.376,0.9779,0.9781,0.80,4.80
2007.04.11 08:25:55.109,0.9779,0.9781,0.80,8.80
2007.04.11 08:25:58.219,0.9779,0.97815,0.80,23.20
2007.04.11 08:25:59.573,0.9779,0.97805,0.80,0.50
2007.04.11 08:26:03.545,0.9778,0.978,4.80,0.80
2007.04.11 08:26:03.956,0.9778,0.978,4.80,0.50
2007.04.11 08:26:04.355,0.9779,0.978,0.80,0.90
2007.04.11 08:26:14.920,0.9778,0.97805,4.80,5.60
2007.04.11 08:26:17.019,0.9778,0.9781,4.80,23.20
2007.04.11 08:26:21.904,0.9779,0.9781,0.80,23.20
2007.04.11 08:26:22.780,0.9779,0.9781,0.80,37.50
2007.04.11 08:26:23.245,0.9779,0.978,0.80,0.90
2007.04.11 08:26:23.461,0.9779,0.978,0.80,34.30
2007.04.11 08:26:23.973,0.9779,0.978,0.80,0.50
2007.04.11 08:26:24.197,0.9779,0.97805,0.80,31.90
2007.04.11 08:26:24.689,0.9778,0.978,0.80,0.90
2007.04.11 08:26:26.397,0.9778,0.97795,0.80,0.60
2007.04.11 08:26:28.430,0.9778,0.97795,0.80,0.80
2007.04.11 08:26:28.678,0.9778,0.97795,0.80,0.60
2007.04.11 08:26:31.220,0.9778,0.97795,0.80,0.60
2007.04.11 08:26:31.486,0.9778,0.978,0.80,20.80
2007.04.11 08:26:36.412,0.9778,0.97805,0.80,39.90
2007.04.11 08:26:44.521,0.9779,0.978,0.80,0.90
2007.04.11 08:26:49.451,0.9779,0.978,0.80,36.70
2007.04.11 08:26:49.728,0.9779,0.978,0.80,36.70
2007.04.11 08:26:51.517,0.9779,0.97795,0.80,0.60
2007.04.11 08:26:52.860,0.9779,0.97805,0.80,34.30
2007.04.11 08:26:53.518,0.9779,0.978,0.80,0.90
2007.04.11 08:26:53.768,0.9779,0.97805,0.80,32.70
2007.04.11 08:26:54.955,0.9779,0.9781,0.80,37.50
2007.04.11 08:26:57.054,0.9779,0.97795,0.80,0.50
2007.04.11 08:26:57.363,0.9778,0.978,0.80,19.10
2007.04.11 08:26:59.576,0.9778,0.97795,0.80,0.90
2007.04.11 08:27:00.902,0.9779,0.97795,0.80,0.50
2007.04.11 08:27:06.378,0.9778,0.97795,0.80,0.90
2007.04.11 08:27:08.837,0.97775,0.978,2.40,36.70
2007.04.11 08:27:14.614,0.9779,0.9781,0.80,25.60
2007.04.11 08:27:15.678,0.9779,0.978,0.80,0.90
2007.04.11 08:27:17.790,0.97785,0.978,3.20,0.90
2007.04.11 08:27:20.771,0.97785,0.978,3.20,5.60
2007.04.11 08:27:22.379,0.97785,0.97795,3.20,19.10
2007.04.11 08:27:22.705,0.97785,0.978,3.20,5.60
2007.04.11 08:27:24.440,0.97775,0.978,7.20,6.40
2007.04.11 08:27:24.688,0.97775,0.978,7.20,2.40
2007.04.11 08:27:24.893,0.97775,0.978,3.20,6.40
2007.04.11 08:27:25.125,0.97775,0.978,3.20,18.40
2007.04.11 08:27:30.452,0.97785,0.978,3.20,17.60
2007.04.11 08:27:31.199,0.97785,0.978,3.20,5.60
2007.04.11 08:27:34.523,0.9779,0.97805,0.80,16.00
2007.04.11 08:27:36.326,0.97785,0.978,3.20,1.60
2007.04.11 08:27:58.510,0.9778,0.978,7.20,2.40
2007.04.11 08:27:59.062,0.9779,0.978,0.80,1.60
2007.04.11 08:28:04.092,0.9779,0.97805,0.80,4.00
2007.04.11 08:28:05.465,0.9779,0.97805,0.80,30.30
2007.04.11 08:28:05.668,0.9779,0.978,0.80,1.60
2007.04.11 08:28:23.874,0.9779,0.97805,0.80,18.30
2007.04.11 08:28:25.031,0.9779,0.97795,0.80,14.30
2007.04.11 08:28:25.921,0.9778,0.97795,0.80,14.30
2007.04.11 08:28:26.179,0.9778,0.97795,0.80,19.10
2007.04.11 08:28:28.009,0.9778,0.978,0.80,6.40
2007.04.11 08:28:28.944,0.9778,0.97795,0.80,19.10
2007.04.11 08:28:34.835,0.97775,0.97795,7.20,19.10
2007.04.11 08:28:34.839,0.97775,0.978,8.00,25.50
2007.04.11 08:28:35.472,0.97775,0.97805,7.20,35.10
2007.04.11 08:28:35.790,0.97775,0.97805,7.20,35.10
2007.04.11 08:28:37.859,0.9778,0.978,0.80,21.50
2007.04.11 08:28:38.526,0.9778,0.978,0.80,16.70
2007.04.11 08:28:44.893,0.9778,0.978,0.80,18.40
2007.04.11 08:28:45.650,0.9778,0.97805,0.80,35.10
2007.04.11 08:28:47.085,0.9778,0.97805,0.80,20.80
2007.04.11 08:28:47.967,0.9778,0.97805,4.80,4.80
2007.04.11 08:28:48.195,0.9778,0.97805,16.80,4.80
2007.04.11 08:28:48.781,0.97785,0.97805,4.00,4.80
2007.04.11 08:28:49.171,0.9778,0.97805,17.60,8.80
2007.04.11 08:28:49.497,0.9779,0.97805,0.80,5.60
2007.04.11 08:28:50.526,0.9779,0.97815,0.80,37.50
2007.04.11 08:28:51.599,0.9779,0.97815,0.80,39.90
2007.04.11 08:28:52.178,0.9779,0.97815,0.80,37.50
2007.04.11 08:28:52.619,0.9779,0.97815,3.20,37.50
2007.04.11 08:28:53.914,0.9779,0.97815,3.20,20.80
2007.04.11 08:28:57.151,0.9779,0.97815,0.80,35.10
2007.04.11 08:29:03.074,0.97785,0.97815,7.20,41.50
2007.04.11 08:29:13.144,0.97785,0.9781,40.70,2.40
2007.04.11 08:29:18.103,0.9779,0.9781,3.60,6.40
2007.04.11 08:29:18.517,0.9779,0.9781,0.80,6.40
2007.04.11 08:29:26.026,0.97785,0.9781,7.20,8.80
2007.04.11 08:29:26.265,0.97785,0.9781,3.20,20.80
2007.04.11 08:29:28.430,0.9779,0.97805,0.80,14.30
2007.04.11 08:29:31.267,0.9779,0.97805,0.80,14.30
2007.04.11 08:29:33.928,0.9779,0.97805,0.80,4.00
2007.04.11 08:29:37.603,0.97775,0.978,43.10,0.80
2007.04.11 08:29:38.315,0.97785,0.97805,3.20,4.00
2007.04.11 08:29:45.938,0.97775,0.97805,43.10,4.00
2007.04.11 08:29:48.879,0.97775,0.97805,42.30,4.00
2007.04.11 08:29:49.095,0.9778,0.97805,2.10,18.30
2007.04.11 08:29:49.574,0.97775,0.97805,19.20,18.30
2007.04.11 08:29:51.405,0.97785,0.97805,3.20,18.30
2007.04.11 08:29:52.522,0.97785,0.9781,3.20,20.80
2007.04.11 08:29:53.030,0.9779,0.97805,0.80,4.00
2007.04.11 08:30:07.231,0.9779,0.9781,0.80,6.40
2007.04.11 08:30:10.702,0.9779,0.9781,4.80,2.40
2007.04.11 08:30:29.466,0.9779,0.9781,0.80,6.40
2007.04.11 08:30:29.673,0.9779,0.9781,0.80,20.80
2007.04.11 08:30:31.741,0.9779,0.97805,0.80,4.00
2007.04.11 08:30:32.521,0.9779,0.9781,0.80,20.80
2007.04.11 08:30:32.580,0.9779,0.97815,0.80,42.30
2007.04.11 08:30:37.339,0.9779,0.97805,0.80,0.50
2007.04.11 08:30:38.058,0.9779,0.978,0.80,0.50
2007.04.11 08:30:38.659,0.9779,0.9781,0.80,23.20
2007.04.11 08:30:38.904,0.9778,0.97805,0.80,7.20
2007.04.11 08:30:39.174,0.9778,0.978,0.80,0.80
2007.04.11 08:30:43.761,0.9778,0.97805,0.80,37.50
2007.04.11 08:30:45.204,0.9778,0.97805,0.80,37.50
2007.04.11 08:30:46.013,0.9779,0.97805,0.80,34.30
2007.04.11 08:30:47.495,0.9778,0.97805,0.80,36.70
2007.04.11 08:30:47.728,0.9778,0.978,16.80,0.90
2007.04.11 08:30:48.101,0.9778,0.978,4.80,0.90
2007.04.11 08:30:51.627,0.9778,0.97805,0.80,8.80
2007.04.11 08:30:52.077,0.9778,0.97805,4.80,20.80
2007.04.11 08:31:03.517,0.9778,0.978,0.80,2.40
2007.04.11 08:31:06.063,0.9778,0.978,0.80,2.40
2007.04.11 08:31:21.520,0.97785,0.97805,3.20,16.00
2007.04.11 08:31:21.906,0.97775,0.978,33.50,0.80
2007.04.11 08:31:35.370,0.9778,0.97795,0.80,19.10
2007.04.11 08:31:35.877,0.9778,0.978,0.80,6.40
2007.04.11 08:31:37.318,0.9778,0.978,0.80,2.40
2007.04.11 08:31:38.659,0.9778,0.978,0.80,6.40
2007.04.11 08:31:40.641,0.9778,0.978,4.80,2.40
2007.04.11 08:31:47.560,0.9778,0.978,6.40,2.40
2007.04.11 08:31:48.177,0.9778,0.978,7.20,2.40
2007.04.11 08:31:49.240,0.97785,0.978,19.10,2.40
2007.04.11 08:31:50.051,0.9779,0.978,0.80,1.60
2007.04.11 08:31:51.408,0.9779,0.9781,0.80,20.80
2007.04.11 08:31:51.730,0.9779,0.9781,0.80,8.80
2007.04.11 08:31:52.376,0.9779,0.978,0.80,1.60
2007.04.11 08:31:53.521,0.9779,0.9781,0.80,18.40
2007.04.11 08:31:54.995,0.9779,0.978,0.80,1.60
2007.04.11 08:31:56.433,0.9779,0.9781,0.80,6.40
2007.04.11 08:31:57.992,0.9779,0.978,0.80,1.60
2007.04.11 08:31:59.595,0.9779,0.9781,0.80,6.40
2007.04.11 08:32:00.598,0.9779,0.978,0.80,1.60
2007.04.11 08:32:01.219,0.9779,0.9781,4.80,0.80
2007.04.11 08:32:01.383,0.9779,0.97815,4.80,7.20
2007.04.11 08:32:01.612,0.9779,0.97815,7.20,7.20
2007.04.11 08:32:02.573,0.97795,0.9781,4.00,0.80
2007.04.11 08:32:04.083,0.97795,0.97815,16.00,3.20
2007.04.11 08:32:04.759,0.97795,0.9781,4.00,0.80
2007.04.11 08:32:10.965,0.97795,0.97805,4.00,3.20
2007.04.11 08:32:15.408,0.97795,0.97815,4.00,3.20
2007.04.11 08:32:18.927,0.97795,0.978,4.00,0.80
2007.04.11 08:32:22.651,0.9779,0.97805,6.40,3.20
2007.04.11 08:32:23.540,0.97795,0.97805,4.00,3.20
2007.04.11 08:32:24.571,0.978,0.97805,2.40,2.40
2007.04.11 08:32:25.040,0.97795,0.978,16.00,0.80
2007.04.11 08:32:25.285,0.97795,0.97805,4.00,3.20
2007.04.11 08:32:25.567,0.9779,0.978,6.40,0.80
2007.04.11 08:32:26.392,0.97795,0.978,4.00,0.80
2007.04.11 08:32:31.495,0.97795,0.9781,4.00,0.80
2007.04.11 08:32:32.116,0.9779,0.9781,4.80,0.80
2007.04.11 08:32:32.499,0.9779,0.9781,4.80,3.20
2007.04.11 08:32:33.061,0.9779,0.9781,4.80,0.80
2007.04.11 08:32:33.656,0.9779,0.9781,4.80,3.20
2007.04.11 08:32:34.729,0.9779,0.9781,4.80,0.80
2007.04.11 08:32:36.856,0.97795,0.9781,4.00,0.80
2007.04.11 08:32:39.884,0.97795,0.978,4.00,0.80
2007.04.11 08:32:41.142,0.9779,0.978,4.00,0.80
2007.04.11 08:32:47.542,0.9778,0.978,19.20,0.80
2007.04.11 08:32:47.796,0.9778,0.978,17.60,0.80
2007.04.11 08:32:48.511,0.9779,0.978,4.00,0.80
2007.04.11 08:32:53.930,0.9778,0.978,12.80,0.80
2007.04.11 08:32:56.726,0.9779,0.978,4.00,0.80
2007.04.11 08:33:05.287,0.9778,0.978,4.80,0.80
2007.04.11 08:33:29.995,0.97795,0.978,2.30,0.80
2007.04.11 08:33:30.205,0.9778,0.978,40.70,0.80
2007.04.11 08:33:30.620,0.9778,0.978,40.70,0.80
2007.04.11 08:33:30.930,0.9778,0.978,16.80,0.80
2007.04.11 08:33:31.769,0.9778,0.978,0.70,0.80
2007.04.11 08:33:33.500,0.97775,0.97805,38.30,3.20
2007.04.11 08:33:35.556,0.9779,0.9781,0.80,0.70
2007.04.11 08:33:38.154,0.9779,0.97805,0.80,0.90
2007.04.11 08:33:45.196,0.9779,0.97815,0.80,35.90
2007.04.11 08:33:51.001,0.9779,0.97805,0.80,0.70
2007.04.11 08:34:02.194,0.9779,0.9781,0.80,0.60
2007.04.11 08:34:02.439,0.9779,0.9781,0.80,0.50
2007.04.11 08:34:04.654,0.9779,0.9781,0.80,18.40
2007.04.11 08:34:05.083,0.9779,0.9781,0.80,7.20
2007.04.11 08:34:06.756,0.9779,0.97805,0.80,4.00
2007.04.11 08:34:11.556,0.9779,0.9781,0.80,15.20
2007.04.11 08:34:11.769,0.9779,0.9781,0.80,3.20
2007.04.11 08:34:15.313,0.9779,0.9781,0.80,2.40
2007.04.11 08:34:17.875,0.9779,0.9781,0.80,3.20
2007.04.11 08:34:22.725,0.97785,0.9781,38.30,3.20
2007.04.11 08:34:26.366,0.97785,0.9781,38.30,2.40
2007.04.11 08:34:28.957,0.97785,0.9781,38.30,3.20
2007.04.11 08:34:34.344,0.97785,0.9781,38.30,2.40
2007.04.11 08:34:42.715,0.97785,0.9781,38.30,2.40
2007.04.11 08:34:43.156,0.97785,0.97815,38.30,4.00
2007.04.11 08:34:46.033,0.9779,0.9781,2.30,0.80
2007.04.11 08:34:48.459,0.97785,0.97815,38.30,4.00
2007.04.11 08:34:52.013,0.9779,0.9781,4.80,0.80
2007.04.11 08:34:52.927,0.9779,0.97815,4.80,4.00
2007.04.11 08:34:54.518,0.978,0.97815,0.80,4.00
2007.04.11 08:34:54.951,0.9779,0.9782,4.80,19.20
2007.04.11 08:34:55.180,0.9779,0.9782,16.80,7.20
2007.04.11 08:34:56.056,0.9779,0.9782,19.20,4.80
2007.04.11 08:34:56.906,0.978,0.9782,0.80,4.80
2007.04.11 08:35:10.046,0.978,0.9782,0.80,7.20
2007.04.11 08:35:10.272,0.978,0.9782,0.80,19.20
2007.04.11 08:35:10.483,0.97795,0.9781,2.40,0.80
2007.04.11 08:35:10.929,0.978,0.9782,0.80,19.20
2007.04.11 08:35:26.981,0.9779,0.9781,7.20,0.80
2007.04.11 08:35:37.225,0.9779,0.9781,0.80,4.80
2007.04.11 08:35:37.680,0.9779,0.9781,0.80,5.60
2007.04.11 08:35:37.912,0.97785,0.978,4.00,0.80
2007.04.11 08:35:38.191,0.97785,0.978,2.40,0.80
2007.04.11 08:35:38.832,0.9778,0.978,4.00,4.80
2007.04.11 08:35:39.104,0.97775,0.978,7.20,4.80
2007.04.11 08:35:49.767,0.97775,0.978,21.50,0.80
2007.04.11 08:35:50.526,0.97775,0.978,19.20,4.00
2007.04.11 08:35:55.148,0.97775,0.978,33.50,0.80
2007.04.11 08:35:56.331,0.97775,0.978,7.20,4.80
2007.04.11 08:35:56.535,0.9778,0.97795,0.80,4.00
2007.04.11 08:36:02.335,0.9778,0.978,0.80,4.80
2007.04.11 08:36:04.939,0.9777,0.978,24.00,4.80
2007.04.11 08:36:05.350,0.9778,0.978,0.80,4.80
2007.04.11 08:36:08.717,0.97775,0.978,7.20,4.80
2007.04.11 08:36:18.664,0.97775,0.978,33.50,0.80
2007.04.11 08:36:21.057,0.9778,0.978,0.80,4.80
2007.04.11 08:36:21.753,0.97775,0.978,7.20,6.40
2007.04.11 08:36:22.274,0.9778,0.97795,0.80,4.00
2007.04.11 08:36:46.570,0.9778,0.978,0.80,16.80
2007.04.11 08:36:46.768,0.9778,0.978,0.80,4.80
2007.04.11 08:36:48.797,0.9778,0.978,0.80,6.40
2007.04.11 08:36:49.054,0.9778,0.97795,0.80,4.00
2007.04.11 08:36:57.978,0.97775,0.97795,3.20,4.00
2007.04.11 08:36:59.936,0.97765,0.9779,38.30,0.80
2007.04.11 08:37:00.968,0.9777,0.9779,0.80,4.80
2007.04.11 08:37:02.836,0.97765,0.9779,26.30,0.80
2007.04.11 08:37:04.190,0.9777,0.9779,0.80,4.80
2007.04.11 08:37:04.416,0.97765,0.9779,3.20,16.80
2007.04.11 08:37:05.154,0.97765,0.9779,7.20,4.80
2007.04.11 08:37:08.529,0.9777,0.9779,1.30,0.80
2007.04.11 08:37:13.604,0.9777,0.9779,0.80,4.80
2007.04.11 08:37:28.017,0.97765,0.9778,4.00,0.80
2007.04.11 08:37:45.558,0.9776,0.9778,24.00,0.80
2007.04.11 08:37:49.493,0.97765,0.9778,4.00,0.80
2007.04.11 08:37:51.481,0.9776,0.9778,21.60,0.80
2007.04.11 08:37:52.506,0.97765,0.9778,4.00,0.80
2007.04.11 08:37:55.039,0.9776,0.9778,24.00,0.80
2007.04.11 08:38:00.383,0.9776,0.9778,24.00,0.80
2007.04.11 08:38:01.691,0.9776,0.9778,22.40,0.80
2007.04.11 08:38:03.009,0.97765,0.9778,4.00,0.80
2007.04.11 08:38:04.556,0.9776,0.97785,16.80,3.20
2007.04.11 08:38:07.096,0.9776,0.97785,19.20,3.20
2007.04.11 08:38:08.532,0.97765,0.97785,4.00,3.20
2007.04.11 08:38:09.426,0.9776,0.97785,7.20,7.20
2007.04.11 08:38:10.167,0.9776,0.97785,4.80,7.20
2007.04.11 08:38:10.464,0.9776,0.97785,0.80,21.50
2007.04.11 08:38:27.888,0.97755,0.9777,4.00,0.80
2007.04.11 08:38:28.183,0.9775,0.9777,9.60,0.80
2007.04.11 08:38:28.890,0.9775,0.97775,9.60,18.30
2007.04.11 08:38:29.952,0.9776,0.97775,0.80,4.00
2007.04.11 08:38:33.072,0.97765,0.9778,19.10,4.80
2007.04.11 08:38:33.588,0.97765,0.9778,19.10,0.80
2007.04.11 08:38:37.001,0.9776,0.9778,0.80,4.80
2007.04.11 08:38:39.841,0.9776,0.9778,0.80,6.40
2007.04.11 08:38:40.045,0.9776,0.97775,0.80,4.00
2007.04.11 08:38:41.566,0.9776,0.9778,0.80,7.20
2007.04.11 08:38:41.888,0.9776,0.9778,0.80,5.60
2007.04.11 08:38:42.944,0.9776,0.9778,0.80,0.80
2007.04.11 08:38:43.675,0.9776,0.9778,0.80,6.40
2007.04.11 08:38:43.922,0.9776,0.9778,0.80,7.20
2007.04.11 08:38:46.601,0.9776,0.9778,0.80,7.20
2007.04.11 08:38:48.954,0.97755,0.9777,0.50,0.80
2007.04.11 08:38:50.579,0.97745,0.9777,24.00,0.80
2007.04.11 08:38:54.513,0.97755,0.9777,1.80,0.80
2007.04.11 08:39:03.820,0.97755,0.9778,2.30,7.20
2007.04.11 08:39:13.881,0.9776,0.9778,0.80,7.20
2007.04.11 08:39:16.446,0.97765,0.9778,19.10,4.80
2007.04.11 08:39:17.140,0.97765,0.9778,19.10,0.80
2007.04.11 08:39:19.795,0.9776,0.9778,35.10,0.80
2007.04.11 08:39:23.412,0.97765,0.9779,6.00,21.60
2007.04.11 08:39:25.344,0.9776,0.9778,35.90,0.80
2007.04.11 08:39:46.900,0.9776,0.9778,19.20,0.80
2007.04.11 08:39:47.370,0.9776,0.9778,17.60,0.80
2007.04.11 08:39:47.657,0.9776,0.9778,0.80,0.80
2007.04.11 08:39:48.694,0.9776,0.9778,0.80,3.20
2007.04.11 08:39:48.851,0.97755,0.9778,19.20,3.20
2007.04.11 08:39:49.230,0.97755,0.9778,7.20,0.80
2007.04.11 08:39:55.008,0.97765,0.9778,5.80,0.80
2007.04.11 08:40:06.771,0.9776,0.9778,35.90,0.80
2007.04.11 08:40:07.028,0.9776,0.9778,24.00,0.80
2007.04.11 08:40:07.346,0.97755,0.9778,40.70,0.80
2007.04.11 08:40:08.029,0.9776,0.9778,40.70,0.80
2007.04.11 08:40:08.833,0.97765,0.9778,1.30,0.80
2007.04.11 08:40:09.054,0.97755,0.9778,40.70,0.80
2007.04.11 08:40:09.675,0.97765,0.9778,1.60,0.80
2007.04.11 08:40:10.405,0.9777,0.9779,0.80,0.80
2007.04.11 08:40:11.040,0.9776,0.9778,24.00,0.80
2007.04.11 08:40:14.578,0.97765,0.9778,7.40,0.80
2007.04.11 08:40:24.367,0.9776,0.9778,16.80,0.80
2007.04.11 08:40:24.889,0.9776,0.9778,0.80,0.80
2007.04.11 08:40:29.911,0.97755,0.9778,19.20,0.80
2007.04.11 08:40:29.958,0.97755,0.9778,20.00,0.80
2007.04.11 08:40:38.395,0.9776,0.9778,31.90,0.80
2007.04.11 08:40:40.045,0.97755,0.9778,19.20,0.80
2007.04.11 08:40:40.897,0.97755,0.9778,33.50,0.80
2007.04.11 08:40:43.286,0.97755,0.9778,33.50,2.40
2007.04.11 08:40:50.811,0.9776,0.9778,19.20,2.40
2007.04.11 08:41:24.414,0.9777,0.9778,0.80,1.60
2007.04.11 08:41:25.470,0.9777,0.9778,0.80,1.00
2007.04.11 08:41:27.610,0.9777,0.9779,0.80,1.80
2007.04.11 08:41:36.408,0.97765,0.9779,4.00,1.80
2007.04.11 08:41:39.517,0.9777,0.9779,0.80,1.80
2007.04.11 08:41:46.661,0.9777,0.9779,4.80,1.80
2007.04.11 08:41:50.193,0.9777,0.9778,0.80,0.70
2007.04.11 08:41:59.375,0.97765,0.9778,4.00,1.00
2007.04.11 08:42:07.379,0.97765,0.9778,16.00,1.00
2007.04.11 08:42:08.111,0.97765,0.9778,4.00,1.00
2007.04.11 08:42:13.862,0.9777,0.9778,0.80,1.00
2007.04.11 08:42:15.897,0.97765,0.97795,6.40,32.70
2007.04.11 08:42:16.559,0.9777,0.9778,4.00,1.80
2007.04.11 08:42:17.053,0.97765,0.9778,4.00,1.80
2007.04.11 08:42:20.413,0.97765,0.9778,23.10,1.80
2007.04.11 08:42:21.120,0.9777,0.9778,4.00,1.80
2007.04.11 08:42:24.202,0.9777,0.9778,4.80,1.00
2007.04.11 08:42:24.876,0.97765,0.9778,38.30,1.00
2007.04.11 08:42:34.486,0.9777,0.9778,0.80,1.00
2007.04.11 08:42:46.558,0.9777,0.9779,15.90,0.80
2007.04.11 08:42:47.038,0.97765,0.9779,40.70,0.80
2007.04.11 08:42:47.406,0.9777,0.9779,28.70,0.80
2007.04.11 08:42:47.611,0.9777,0.9779,43.10,0.80
2007.04.11 08:42:48.857,0.97775,0.978,38.30,0.80
2007.04.11 08:42:49.890,0.97775,0.978,38.30,0.80
2007.04.11 08:42:50.390,0.9778,0.9779,1.10,0.80
2007.04.11 08:42:51.349,0.97775,0.978,38.30,0.80
2007.04.11 08:42:57.524,0.97775,0.978,43.10,0.80
2007.04.11 08:42:59.511,0.97775,0.978,21.50,3.20
2007.04.11 08:42:59.753,0.97775,0.978,21.50,7.20
2007.04.11 08:43:01.641,0.97775,0.978,21.50,6.40
2007.04.11 08:43:01.896,0.97775,0.978,21.50,5.60
2007.04.11 08:43:03.035,0.97775,0.978,22.30,5.60
2007.04.11 08:43:06.905,0.97775,0.97795,3.20,4.00
2007.04.11 08:43:09.417,0.97775,0.978,21.50,7.20
2007.04.11 08:43:10.697,0.97775,0.97795,3.20,4.00
2007.04.11 08:43:13.193,0.97775,0.978,21.50,7.20
2007.04.11 08:43:13.423,0.9778,0.978,0.80,6.40
2007.04.11 08:43:13.698,0.9778,0.978,1.70,0.80
2007.04.11 08:43:14.638,0.97775,0.978,38.30,0.80
2007.04.11 08:43:16.753,0.97775,0.978,38.30,0.80
2007.04.11 08:43:19.213,0.97775,0.978,33.50,0.80
2007.04.11 08:43:19.784,0.97775,0.978,3.20,4.80
2007.04.11 08:43:26.772,0.9778,0.978,0.80,0.80
2007.04.11 08:43:31.351,0.97775,0.9779,30.30,0.80
2007.04.11 08:43:35.600,0.97775,0.9779,18.30,0.80
2007.04.11 08:43:36.401,0.97775,0.9779,4.00,0.80
2007.04.11 08:43:37.458,0.97775,0.9779,18.30,0.80
2007.04.11 08:43:38.095,0.97775,0.9779,4.00,0.80
2007.04.11 08:43:38.608,0.9777,0.9779,19.20,0.80
2007.04.11 08:43:44.405,0.9778,0.978,0.80,16.80
2007.04.11 08:43:45.020,0.9778,0.978,0.80,4.80
2007.04.11 08:43:45.570,0.9778,0.978,0.80,0.80
2007.04.11 08:43:47.565,0.9778,0.978,0.80,4.80
2007.04.11 08:43:57.342,0.9777,0.9779,21.60,0.80
2007.04.11 08:44:03.577,0.9777,0.97795,21.60,3.20
2007.04.11 08:44:25.062,0.9777,0.97795,19.20,3.20
2007.04.11 08:44:30.966,0.9777,0.9779,4.80,0.80
2007.04.11 08:44:31.681,0.9777,0.97795,0.80,33.50
2007.04.11 08:44:32.283,0.9777,0.9779,4.80,0.80
2007.04.11 08:44:32.895,0.9777,0.9779,4.00,0.80
2007.04.11 08:44:35.730,0.9777,0.9779,16.00,0.80
2007.04.11 08:44:36.038,0.9777,0.9778,16.00,0.80
2007.04.11 08:44:36.620,0.9777,0.9779,16.80,0.80
2007.04.11 08:44:37.786,0.9777,0.9779,0.80,4.80
2007.04.11 08:44:41.426,0.9777,0.9779,4.80,0.80
2007.04.11 08:44:45.149,0.9777,0.9779,16.80,0.80
2007.04.11 08:44:46.419,0.9777,0.9779,12.80,0.80
2007.04.11 08:44:46.868,0.9777,0.9779,0.80,0.80
2007.04.11 08:44:47.570,0.9777,0.9779,0.80,4.80
2007.04.11 08:44:51.374,0.97765,0.9779,23.10,4.80
2007.04.11 08:44:53.538,0.97765,0.9779,23.10,6.40
2007.04.11 08:44:55.878,0.97765,0.9778,23.10,0.80
2007.04.11 08:44:59.897,0.97765,0.9779,23.10,7.20
2007.04.11 08:45:03.129,0.97765,0.9779,19.10,19.20
2007.04.11 08:45:04.235,0.97765,0.97785,19.10,2.40
2007.04.11 08:45:04.556,0.97765,0.9778,19.10,0.80
2007.04.11 08:45:09.004,0.9776,0.9778,9.60,0.80
2007.04.11 08:45:10.301,0.9776,0.9778,7.20,0.80
2007.04.11 08:45:11.333,0.9776,0.9778,9.60,0.80
2007.04.11 08:45:13.652,0.9776,0.9778,21.60,0.80
2007.04.11 08:45:13.881,0.97765,0.9778,19.10,0.80
2007.04.11 08:45:15.074,0.97765,0.9779,19.10,19.20
2007.04.11 08:45:15.132,0.9776,0.9779,40.70,19.20
2007.04.11 08:45:19.383,0.97765,0.9778,4.70,0.80
2007.04.11 08:45:32.522,0.97765,0.9779,1.40,19.20
2007.04.11 08:45:33.889,0.9777,0.9779,0.80,19.20
2007.04.11 08:45:56.421,0.97765,0.9779,19.10,19.20
2007.04.11 08:46:00.358,0.9777,0.9779,0.80,19.20
2007.04.11 08:46:01.573,0.9777,0.9779,0.80,5.60
2007.04.11 08:46:02.358,0.9777,0.9779,4.80,0.80
2007.04.11 08:46:11.784,0.9777,0.9779,0.80,0.80
2007.04.11 08:46:12.984,0.9777,0.9779,4.80,0.80
2007.04.11 08:46:16.630,0.9777,0.9779,16.80,0.80
2007.04.11 08:46:27.487,0.9777,0.9779,4.80,0.80
2007.04.11 08:46:27.902,0.9778,0.97795,0.80,4.00
2007.04.11 08:46:28.710,0.9778,0.978,0.80,7.20
2007.04.11 08:46:30.409,0.9777,0.9779,16.80,0.80
2007.04.11 08:46:51.279,0.9777,0.9779,4.80,0.80
2007.04.11 08:46:58.216,0.97775,0.9779,16.00,0.80
2007.04.11 08:46:59.668,0.97775,0.9779,4.00,0.80
2007.04.11 08:47:00.591,0.97775,0.97795,4.00,3.20
2007.04.11 08:47:01.600,0.97775,0.9779,16.00,0.80
2007.04.11 08:47:01.933,0.9778,0.97795,4.00,3.20
2007.04.11 08:47:03.490,0.9777,0.97795,16.80,3.20
2007.04.11 08:47:06.172,0.9777,0.97795,0.80,33.50
2007.04.11 08:47:19.428,0.9777,0.97795,3.20,33.50
2007.04.11 08:47:20.046,0.9777,0.9779,1.60,21.50
2007.04.11 08:47:20.298,0.9777,0.97785,0.80,0.60
2007.04.11 08:47:21.049,0.9777,0.9779,0.80,23.90
2007.04.11 08:47:21.262,0.9776,0.97785,3.20,0.90
2007.04.11 08:47:21.478,0.9776,0.97785,3.20,0.60
2007.04.11 08:47:21.839,0.9776,0.97785,5.60,0.90
2007.04.11 08:47:22.806,0.97765,0.9779,4.00,16.80
2007.04.11 08:47:23.036,0.97765,0.9779,4.00,0.70
2007.04.11 08:47:23.831,0.9777,0.97795,4.00,33.50
2007.04.11 08:47:25.863,0.9777,0.9779,4.80,0.80
2007.04.11 08:47:26.371,0.9777,0.97795,4.00,21.50
2007.04.11 08:47:27.907,0.9777,0.9779,4.80,0.80
2007.04.11 08:47:30.928,0.9777,0.9779,2.70,0.80
2007.04.11 08:47:37.001,0.97765,0.9779,19.20,0.80
2007.04.11 08:47:52.821,0.9777,0.9779,2.10,0.80
2007.04.11 08:47:52.972,0.97765,0.97795,19.20,21.50
2007.04.11 08:48:14.555,0.9777,0.9779,19.20,0.80
2007.04.11 08:48:19.988,0.9777,0.97795,0.80,33.50
2007.04.11 08:48:24.187,0.9777,0.9779,0.80,4.80
2007.04.11 08:48:26.661,0.97765,0.9779,19.20,0.80
2007.04.11 08:48:29.996,0.97765,0.9779,40.70,0.80
2007.04.11 08:48:42.987,0.9777,0.9779,0.80,0.80
2007.04.11 08:48:43.694,0.9777,0.9779,0.80,4.80
2007.04.11 08:48:44.294,0.97765,0.9779,19.20,0.80
2007.04.11 08:48:44.817,0.97765,0.9779,19.20,0.80
2007.04.11 08:48:45.128,0.97765,0.9779,19.20,0.80
2007.04.11 08:48:52.243,0.97765,0.9779,20.00,0.80
2007.04.11 08:48:54.644,0.9777,0.9779,0.80,6.40
2007.04.11 08:48:55.035,0.97765,0.9779,7.20,4.80
2007.04.11 08:48:55.257,0.97765,0.9779,19.20,0.80
2007.04.11 08:49:09.077,0.97765,0.9779,38.30,0.80
2007.04.11 08:49:10.070,0.97765,0.9779,19.20,0.80
2007.04.11 08:49:10.599,0.9777,0.9779,0.80,7.20
2007.04.11 08:49:13.548,0.9777,0.9779,0.80,0.50
2007.04.11 08:49:15.962,0.97765,0.97795,7.20,33.50
2007.04.11 08:49:41.422,0.97765,0.9778,16.00,0.80
2007.04.11 08:49:42.786,0.97765,0.9778,4.00,0.80
2007.04.11 08:49:42.854,0.97765,0.9778,4.00,0.80
2007.04.11 08:49:50.836,0.9776,0.9778,21.60,0.80
2007.04.11 08:49:51.080,0.9776,0.9778,19.20,0.80
2007.04.11 08:49:51.714,0.9776,0.97785,21.60,3.20
2007.04.11 08:50:09.986,0.9776,0.9778,19.20,0.80
2007.04.11 08:50:10.615,0.9776,0.97785,21.60,3.20
2007.04.11 08:50:15.769,0.9776,0.9778,20.00,0.80
2007.04.11 08:50:17.611,0.9776,0.9778,7.20,0.80
2007.04.11 08:50:20.561,0.9776,0.9778,3.20,0.80
2007.04.11 08:50:21.917,0.9776,0.9778,0.80,4.80
2007.04.11 08:50:22.400,0.9776,0.9778,3.20,0.80
2007.04.11 08:50:24.987,0.9776,0.9778,3.20,4.80
2007.04.11 08:50:25.583,0.9776,0.9778,3.20,0.80
2007.04.11 08:50:28.089,0.9776,0.9778,7.20,0.80
2007.04.11 08:50:30.695,0.9776,0.9778,9.60,0.80
2007.04.11 08:50:32.603,0.9776,0.9778,21.60,0.80
2007.04.11 08:50:44.379,0.9777,0.9779,0.80,16.80
2007.04.11 08:50:46.010,0.9777,0.97785,0.80,4.00
2007.04.11 08:50:53.260,0.9777,0.97785,0.80,4.00
2007.04.11 08:50:53.896,0.9776,0.9778,3.20,0.80
2007.04.11 08:50:55.280,0.97755,0.9778,43.10,0.80
2007.04.11 08:51:00.938,0.97755,0.9778,38.30,0.80
2007.04.11 08:51:02.558,0.97755,0.9778,21.60,4.80
2007.04.11 08:51:02.929,0.97755,0.9778,23.90,0.80
2007.04.11 08:51:05.330,0.97755,0.9777,32.70,0.80
2007.04.11 08:51:05.578,0.9776,0.9777,0.60,0.80
2007.04.11 08:51:05.876,0.97755,0.9778,35.90,0.80
2007.04.11 08:51:11.236,0.97755,0.9778,40.70,0.80
2007.04.11 08:51:12.008,0.97755,0.9779,40.70,16.80
2007.04.11 08:51:12.401,0.97755,0.9778,40.70,0.80
2007.04.11 08:51:22.218,0.9776,0.9778,7.20,0.80
2007.04.11 08:51:23.554,0.97765,0.9778,4.00,0.80
2007.04.11 08:51:24.093,0.9776,0.9778,19.20,0.80
2007.04.11 08:51:28.379,0.9777,0.9779,0.80,16.80
2007.04.11 08:51:30.913,0.9776,0.9778,19.20,0.80
2007.04.11 08:51:31.348,0.9776,0.97785,19.20,3.20
2007.04.11 08:51:32.973,0.9776,0.9778,20.80,0.80
2007.04.11 08:51:33.257,0.97765,0.97785,4.00,3.20
2007.04.11 08:51:36.378,0.9777,0.9779,0.80,0.80
2007.04.11 08:51:39.120,0.9777,0.9779,0.80,31.10
2007.04.11 08:51:41.972,0.97765,0.9778,4.00,0.80
2007.04.11 08:51:46.457,0.9777,0.97785,0.80,0.70
2007.04.11 08:52:01.053,0.9777,0.9778,0.80,2.40
2007.04.11 08:52:01.632,0.9777,0.97785,0.80,18.30
2007.04.11 08:52:03.892,0.9776,0.9778,4.80,0.80
2007.04.11 08:52:06.410,0.9777,0.97785,0.80,18.30
2007.04.11 08:52:17.363,0.9776,0.9778,4.80,0.80
2007.04.11 08:52:18.260,0.9776,0.9778,0.80,0.80
2007.04.11 08:52:24.923,0.9776,0.9778,4.80,0.80
2007.04.11 08:52:26.452,0.9776,0.97785,4.80,18.30
2007.04.11 08:52:26.864,0.9777,0.97785,0.80,18.30
2007.04.11 08:52:29.018,0.9776,0.9778,4.80,0.80
2007.04.11 08:52:30.493,0.9776,0.97785,4.80,18.30
2007.04.11 08:52:30.922,0.9777,0.97785,0.80,18.30
2007.04.11 08:52:31.418,0.9776,0.97785,4.80,18.30
2007.04.11 08:52:31.915,0.9776,0.9778,4.80,0.80
2007.04.11 08:52:32.423,0.9776,0.97785,4.80,18.30
2007.04.11 08:52:33.725,0.97755,0.97785,19.20,18.30
2007.04.11 08:52:34.443,0.97765,0.97785,3.20,18.30
2007.04.11 08:52:35.006,0.9777,0.9779,0.80,7.20
2007.04.11 08:52:35.223,0.9777,0.9779,0.80,4.80
2007.04.11 08:52:46.408,0.9776,0.9779,19.20,4.80
2007.04.11 08:52:48.700,0.97765,0.9779,4.80,4.80
2007.04.11 08:52:58.705,0.97765,0.9779,7.20,0.80
2007.04.11 08:52:58.919,0.97765,0.9779,19.20,3.20
2007.04.11 08:52:59.235,0.97765,0.9779,7.20,7.20
2007.04.11 08:53:18.925,0.9777,0.9779,0.80,4.80
2007.04.11 08:53:19.247,0.9777,0.9779,0.80,0.80
2007.04.11 08:53:22.078,0.9777,0.9779,16.80,0.80
2007.04.11 08:53:24.433,0.97775,0.9779,2.40,0.80
2007.04.11 08:53:27.885,0.9777,0.9779,16.80,0.80
2007.04.11 08:53:28.989,0.9777,0.97795,16.80,3.20
2007.04.11 08:53:30.877,0.97775,0.978,2.40,19.20
2007.04.11 08:53:34.482,0.9777,0.9779,16.80,0.80
2007.04.11 08:53:35.967,0.97775,0.9779,2.40,0.80
2007.04.11 08:53:38.381,0.9778,0.97805,0.80,40.70
2007.04.11 08:53:46.937,0.9777,0.9779,16.80,0.80
2007.04.11 08:54:12.129,0.97775,0.9779,14.30,0.80
2007.04.11 08:54:13.069,0.9778,0.9779,2.40,0.80
2007.04.11 08:54:14.014,0.9778,0.9779,6.40,0.80
2007.04.11 08:54:14.450,0.97785,0.9779,14.30,0.80
2007.04.11 08:54:14.687,0.97785,0.978,14.30,0.80
2007.04.11 08:54:19.504,0.9778,0.978,4.80,0.80
2007.04.11 08:54:24.007,0.9778,0.978,0.80,4.80
2007.04.11 08:54:24.341,0.97775,0.978,21.50,4.80
2007.04.11 08:54:24.599,0.97775,0.978,33.50,0.80
2007.04.11 08:54:25.215,0.97775,0.978,21.50,4.80
2007.04.11 08:54:26.505,0.9778,0.978,1.80,0.80
2007.04.11 08:54:27.994,0.9778,0.978,0.80,4.80
2007.04.11 08:54:28.710,0.9778,0.978,2.60,0.80
2007.04.11 08:54:36.632,0.9778,0.978,0.80,19.20
2007.04.11 08:54:37.693,0.9778,0.978,0.80,4.80
2007.04.11 08:54:38.605,0.97775,0.978,19.20,0.80
2007.04.11 08:54:39.593,0.9778,0.978,0.80,4.80
2007.04.11 08:54:45.385,0.97775,0.97805,7.20,33.50
2007.04.11 08:54:52.033,0.97775,0.97805,9.60,33.50
2007.04.11 08:55:00.583,0.9778,0.978,0.80,0.60
2007.04.11 08:55:00.846,0.97775,0.97795,4.00,3.20
2007.04.11 08:55:03.655,0.9777,0.97795,4.80,22.30
2007.04.11 08:55:04.157,0.97775,0.97795,4.00,3.20
2007.04.11 08:55:27.617,0.9777,0.9779,7.20,0.80
2007.04.11 08:55:30.621,0.9777,0.9779,2.70,0.80
2007.04.11 08:55:31.134,0.97765,0.9779,21.60,0.80
2007.04.11 08:55:31.766,0.9777,0.9779,0.80,0.80
2007.04.11 08:55:34.643,0.97765,0.9779,21.60,0.80
2007.04.11 08:55:34.963,0.97765,0.9779,24.00,0.80
2007.04.11 08:55:39.621,0.97775,0.9779,2.20,0.80
2007.04.11 08:55:40.849,0.9777,0.9779,24.00,0.80
2007.04.11 08:55:44.350,0.97775,0.9779,1.60,0.80
2007.04.11 08:55:44.586,0.97765,0.9779,24.00,0.80
2007.04.11 08:55:45.929,0.9777,0.9779,12.00,0.80
2007.04.11 08:55:53.463,0.9777,0.9779,0.70,0.80
2007.04.11 08:55:53.723,0.9777,0.9779,2.20,0.80
2007.04.11 08:55:54.901,0.9777,0.9779,21.60,0.80
2007.04.11 08:56:00.574,0.97765,0.9779,21.60,0.80
2007.04.11 08:56:04.119,0.9777,0.978,3.00,16.80
2007.04.11 08:56:04.805,0.97765,0.978,23.20,16.80
2007.04.11 08:56:05.164,0.9777,0.978,9.60,16.80
2007.04.11 08:56:05.405,0.9777,0.978,21.60,4.80
2007.04.11 08:56:07.319,0.9777,0.9779,21.60,0.80
2007.04.11 08:56:11.975,0.97765,0.9779,24.00,0.80
2007.04.11 08:56:25.245,0.9777,0.9779,3.20,0.80
2007.04.11 08:56:32.025,0.9777,0.9779,0.60,0.80
2007.04.11 08:56:35.003,0.97765,0.9779,24.00,0.80
2007.04.11 08:56:49.841,0.97775,0.9779,1.30,0.80
2007.04.11 08:56:50.403,0.9778,0.97795,0.80,14.30
2007.04.11 08:56:53.918,0.97775,0.9779,0.50,0.80
2007.04.11 08:56:56.425,0.97775,0.97795,3.20,18.30
2007.04.11 08:56:58.820,0.9778,0.97795,0.80,30.30
2007.04.11 08:57:01.117,0.9778,0.97795,0.80,18.30
2007.04.11 08:57:04.674,0.9778,0.97795,0.80,30.30
2007.04.11 08:57:05.334,0.9777,0.97795,2.40,30.30
2007.04.11 08:57:05.543,0.9777,0.97795,0.80,30.30
2007.04.11 08:57:11.690,0.9777,0.97785,0.80,14.30
2007.04.11 08:57:12.182,0.9777,0.9779,0.80,0.80
2007.04.11 08:57:12.435,0.9777,0.97785,0.80,14.30
2007.04.11 08:57:14.446,0.9777,0.9779,0.80,4.80
2007.04.11 08:57:14.913,0.9777,0.9779,0.80,0.80
2007.04.11 08:57:19.461,0.9777,0.9779,0.80,0.80
2007.04.11 08:57:37.212,0.9777,0.9779,4.80,0.80
2007.04.11 08:57:37.849,0.9777,0.97795,6.40,17.50
2007.04.11 08:57:38.564,0.9777,0.97795,7.20,26.30
2007.04.11 08:57:39.396,0.9777,0.97795,7.20,0.70
2007.04.11 08:57:40.472,0.9777,0.97795,7.20,26.30
2007.04.11 08:57:54.187,0.9777,0.97795,7.20,23.10
2007.04.11 08:57:54.512,0.9777,0.97795,2.40,35.10
2007.04.11 08:57:54.787,0.9777,0.97795,0.80,35.10
2007.04.11 08:57:56.174,0.9777,0.97795,0.80,37.50
2007.04.11 08:58:04.717,0.9777,0.9779,0.80,0.80
2007.04.11 08:58:11.995,0.9777,0.9779,7.20,0.80
2007.04.11 08:58:12.864,0.9777,0.9779,8.80,0.80
2007.04.11 08:58:40.102,0.9777,0.9779,7.20,0.80
2007.04.11 08:58:44.092,0.9777,0.9779,0.80,4.80
2007.04.11 08:58:45.200,0.9777,0.9779,8.00,0.80
2007.04.11 08:58:45.520,0.9777,0.9779,8.80,0.80
2007.04.11 08:58:46.514,0.9777,0.9779,7.20,0.80
2007.04.11 08:58:50.573,0.9777,0.9779,0.80,0.80
2007.04.11 08:58:56.055,0.9777,0.9779,7.20,0.80
2007.04.11 08:59:31.315,0.9777,0.97795,7.20,23.10
2007.04.11 08:59:32.676,0.9777,0.97795,4.80,23.10
2007.04.11 08:59:33.201,0.9777,0.9779,0.80,4.00
2007.04.11 08:59:34.998,0.9777,0.97795,0.80,35.10
2007.04.11 08:59:35.537,0.9777,0.9779,0.80,4.00
2007.04.11 08:59:36.421,0.9778,0.97795,0.80,35.10
2007.04.11 08:59:36.853,0.97775,0.97795,2.40,35.10
2007.04.11 08:59:37.064,0.9777,0.97795,0.80,35.10
2007.04.11 08:59:38.509,0.97765,0.97795,18.40,35.10
2007.04.11 08:59:41.689,0.97765,0.97795,18.40,23.10
2007.04.11 08:59:52.969,0.9778,0.97795,0.80,4.00
2007.04.11 08:59:53.188,0.9778,0.97795,3.20,4.00
2007.04.11 08:59:53.784,0.9778,0.978,7.20,3.20
2007.04.11 08:59:54.080,0.9778,0.978,4.80,3.20
2007.04.11 08:59:54.337,0.9778,0.978,4.80,2.40
2007.04.11 08:59:54.835,0.9779,0.978,0.80,6.40
2007.04.11 08:59:55.677,0.9778,0.978,0.80,2.40
2007.04.11 08:59:56.380,0.9779,0.978,0.80,2.40
2007.04.11 08:59:56.930,0.9778,0.978,0.80,3.20
2007.04.11 08:59:57.765,0.9778,0.978,0.80,7.20
2007.04.11 08:59:58.213,0.9778,0.978,0.80,19.20
2007.04.11 08:59:59.270,0.9778,0.978,3.20,19.20
2007.04.11 08:59:59.566,0.9778,0.978,0.80,19.20
2007.04.11 08:59:59.793,0.9779,0.978,0.80,18.40
