2015.09.14 04:00:00.366,1.24291,1.24315,2.62,1.12
2015.09.14 04:00:00.694,1.2429,1.24314,1.75,1.87
2015.09.14 04:00:01.059,1.24292,1.24314,1.75,1.75
2015.09.14 04:00:02.760,1.24291,1.24313,1.87,1.50
2015.09.14 04:00:03.268,1.24291,1.24313,1.75,1.37
2015.09.14 04:00:03.947,1.2429,1.24313,1.75,1.12
2015.09.14 04:00:04.740,1.24289,1.24314,1.87,1.87
2015.09.14 04:00:05.270,1.24292,1.24314,1.12,1.75
2015.09.14 04:00:07.559,1.24293,1.24315,1.37,1.87
2015.09.14 04:00:12.260,1.24293,1.24315,1.12,1.75
2015.09.14 04:00:12.452,1.24293,1.24315,1.12,1.75
2015.09.14 04:00:12.674,1.24294,1.24315,1.37,1.75
2015.09.14 04:00:12.776,1.24293,1.24315,1.12,1.75
2015.09.14 04:00:13.285,1.24294,1.24316,1.87,1.87
2015.09.14 04:00:13.397,1.24294,1.24316,1.87,1.75
2015.09.14 04:00:13.499,1.24294,1.24316,1.37,1.12
2015.09.14 04:00:14.011,1.24293,1.24316,1.87,1.12
2015.09.14 04:00:15.280,1.24293,1.24314,1.75,1.12
2015.09.14 04:00:15.484,1.24289,1.24311,1.87,1.75
2015.09.14 04:00:15.789,1.24286,1.24306,1.12,1.00
2015.09.14 04:00:16.474,1.24287,1.24308,1.75,1.87
2015.09.14 04:00:16.627,1.24288,1.24308,1.87,1.75
2015.09.14 04:00:16.678,1.2429,1.2431,1.12,1.12
2015.09.14 04:00:16.831,1.24293,1.24311,1.37,1.50
2015.09.14 04:00:16.882,1.24293,1.24314,1.87,1.87
2015.09.14 04:00:17.411,1.24292,1.24314,1.87,1.12
2015.09.14 04:00:21.974,1.24295,1.24316,1.00,1.75
2015.09.14 04:00:22.127,1.24297,1.24316,1.00,1.75
2015.09.14 04:00:24.333,1.24295,1.24317,1.12,1.87
2015.09.14 04:00:27.789,1.24294,1.24318,1.87,1.75
2015.09.14 04:00:27.992,1.24299,1.24319,1.12,1.00
2015.09.14 04:00:28.449,1.24299,1.24323,2.62,1.50
2015.09.14 04:00:28.500,1.24299,1.24323,2.25,1.37
2015.09.14 04:00:33.102,1.24304,1.24326,1.50,1.12
2015.09.14 04:00:33.154,1.24305,1.24327,1.75,1.37
2015.09.14 04:00:35.792,1.24307,1.2433,1.37,1.12
2015.09.14 04:00:35.843,1.24307,1.24331,1.75,1.00
2015.09.14 04:00:37.251,1.24309,1.2433,1.75,1.00
2015.09.14 04:00:37.759,1.24311,1.24332,1.12,1.37
2015.09.14 04:00:52.223,1.2431,1.24332,1.50,1.00
2015.09.14 04:00:56.036,1.24316,1.24337,1.00,1.12
2015.09.14 04:00:56.190,1.24318,1.24338,1.00,1.75
2015.09.14 04:00:56.293,1.24315,1.24339,1.87,1.12
2015.09.14 04:01:01.987,1.24312,1.24337,2.25,1.12
2015.09.14 04:01:02.495,1.24312,1.24336,2.25,1.50
2015.09.14 04:01:04.461,1.24313,1.24338,1.75,1.75
2015.09.14 04:01:10.890,1.24313,1.24336,1.75,1.50
2015.09.14 04:01:11.195,1.24311,1.24334,1.75,1.87
2015.09.14 04:01:16.974,1.24311,1.24332,1.37,1.87
2015.09.14 04:01:17.076,1.24307,1.24329,1.50,1.12
2015.09.14 04:01:17.330,1.24307,1.24331,1.87,1.75
2015.09.14 04:01:17.686,1.24307,1.24331,1.75,1.12
2015.09.14 04:01:18.247,1.24306,1.24331,2.25,1.37
2015.09.14 04:01:18.298,1.24306,1.24331,2.25,1.75
2015.09.14 04:01:30.279,1.24309,1.2433,1.37,1.37
2015.09.14 04:01:30.994,1.24309,1.2433,1.75,1.00
2015.09.14 04:01:36.863,1.2431,1.24331,1.75,1.00
2015.09.14 04:01:37.218,1.24311,1.24332,1.87,1.00
2015.09.14 04:01:37.321,1.24313,1.24335,1.75,1.12
2015.09.14 04:01:40.690,1.24312,1.24333,1.75,1.00
2015.09.14 04:01:40.994,1.24309,1.24332,1.12,1.50
2015.09.14 04:01:41.045,1.24309,1.2433,1.12,1.12
2015.09.14 04:01:41.801,1.24307,1.2433,1.75,1.50
2015.09.14 04:01:42.005,1.24305,1.24325,1.12,1.00
2015.09.14 04:01:42.564,1.24306,1.24328,1.75,1.12
2015.09.14 04:01:45.954,1.24313,1.2433,1.00,1.50
2015.09.14 04:01:46.006,1.24313,1.2433,1.00,1.50
2015.09.14 04:01:46.609,1.24314,1.2433,1.00,1.50
2015.09.14 04:01:47.715,1.24315,1.2433,1.00,1.50
2015.09.14 04:01:48.935,1.24314,1.24332,1.00,1.12
2015.09.14 04:01:51.337,1.24313,1.24331,1.00,1.37
2015.09.14 04:01:52.569,1.24314,1.24331,1.00,1.87
2015.09.14 04:01:54.858,1.24316,1.24332,1.00,1.12
2015.09.14 04:01:55.360,1.24317,1.24333,1.00,1.12
2015.09.14 04:01:56.901,1.24317,1.24333,1.00,1.37
2015.09.14 04:01:56.952,1.24317,1.24333,1.00,1.00
2015.09.14 04:02:00.954,1.24318,1.24335,1.00,1.87
2015.09.14 04:02:06.124,1.24319,1.24335,1.00,1.50
2015.09.14 04:02:09.605,1.24318,1.24335,1.00,1.37
2015.09.14 04:02:10.130,1.24317,1.24335,1.00,1.37
2015.09.14 04:02:10.664,1.24318,1.24335,1.00,1.87
2015.09.14 04:02:11.930,1.24318,1.24335,1.00,1.00
2015.09.14 04:02:13.485,1.24319,1.24336,1.00,1.50
2015.09.14 04:02:14.235,1.24318,1.24335,1.00,1.00
2015.09.14 04:02:14.844,1.24317,1.24334,1.12,1.00
2015.09.14 04:02:16.480,1.24317,1.24333,1.12,1.00
2015.09.14 04:02:17.089,1.24312,1.24333,1.75,1.50
2015.09.14 04:02:17.242,1.24311,1.24328,1.00,1.37
2015.09.14 04:02:17.431,1.24309,1.24328,1.00,1.12
2015.09.14 04:02:17.941,1.24307,1.24326,1.37,1.50
2015.09.14 04:02:25.779,1.24308,1.24326,1.12,1.87
2015.09.14 04:02:27.662,1.24306,1.24326,1.50,2.25
2015.09.14 04:02:28.205,1.24306,1.24326,1.50,2.25
2015.09.14 04:02:31.771,1.24306,1.24327,1.50,1.75
2015.09.14 04:02:32.183,1.24307,1.24324,1.37,1.37
2015.09.14 04:02:32.285,1.24303,1.24324,1.50,1.75
2015.09.14 04:02:32.519,1.24303,1.24321,1.00,1.87
2015.09.14 04:02:32.622,1.24301,1.24321,1.12,1.87
2015.09.14 04:02:38.910,1.24302,1.24319,1.00,1.00
2015.09.14 04:02:40.199,1.24302,1.24318,1.00,1.00
2015.09.14 04:02:40.453,1.24297,1.24316,1.50,1.50
2015.09.14 04:02:40.504,1.24295,1.24315,1.75,1.00
2015.09.14 04:02:40.556,1.24295,1.24316,1.75,1.87
2015.09.14 04:02:40.708,1.24294,1.24314,1.00,1.87
2015.09.14 04:02:41.221,1.24292,1.24313,1.50,1.50
2015.09.14 04:02:41.960,1.24294,1.24311,1.00,1.37
2015.09.14 04:02:42.113,1.24294,1.24311,1.12,1.00
2015.09.14 04:02:42.625,1.24295,1.24312,1.00,1.12
2015.09.14 04:02:50.405,1.24296,1.24312,1.00,1.12
2015.09.14 04:02:50.979,1.24298,1.24316,1.00,1.75
2015.09.14 04:02:51.284,1.24298,1.24316,1.00,1.50
2015.09.14 04:02:51.792,1.24297,1.24316,1.00,1.37
2015.09.14 04:02:51.843,1.24296,1.24313,1.37,1.00
2015.09.14 04:02:51.945,1.24293,1.24312,1.50,1.00
2015.09.14 04:02:52.356,1.24296,1.24312,1.00,1.00
2015.09.14 04:02:52.611,1.243,1.24318,1.00,1.87
2015.09.14 04:02:53.031,1.24303,1.2432,1.00,2.25
2015.09.14 04:02:53.132,1.24303,1.2432,1.00,1.50
2015.09.14 04:02:53.693,1.24302,1.2432,1.00,1.87
2015.09.14 04:02:54.794,1.24302,1.2432,1.00,1.87
2015.09.14 04:02:55.343,1.24301,1.24317,1.50,1.00
2015.09.14 04:02:57.694,1.24301,1.24317,1.00,1.50
2015.09.14 04:02:57.745,1.24299,1.24317,1.12,1.50
2015.09.14 04:02:57.948,1.24297,1.24314,1.50,1.00
2015.09.14 04:02:58.101,1.24295,1.24313,1.50,1.00
2015.09.14 04:02:58.584,1.24295,1.24309,1.00,1.00
2015.09.14 04:02:59.113,1.24294,1.24309,1.00,1.12
2015.09.14 04:03:00.424,1.24293,1.24314,1.00,1.87
2015.09.14 04:03:00.729,1.24296,1.24315,1.00,1.12
2015.09.14 04:03:01.703,1.24297,1.24315,1.00,1.12
2015.09.14 04:03:04.012,1.24298,1.24315,1.00,1.12
2015.09.14 04:03:04.266,1.24301,1.24315,1.00,1.75
2015.09.14 04:03:04.419,1.24301,1.24318,1.00,1.87
2015.09.14 04:03:06.544,1.24301,1.24314,1.00,1.00
2015.09.14 04:03:09.054,1.24301,1.24314,1.50,1.00
2015.09.14 04:03:09.623,1.24301,1.24313,1.50,1.00
2015.09.14 04:03:12.032,1.24299,1.24314,1.75,1.00
2015.09.14 04:03:12.134,1.24298,1.24313,1.00,1.37
2015.09.14 04:03:12.236,1.24298,1.24309,1.00,1.00
2015.09.14 04:03:12.541,1.24293,1.24305,1.50,1.00
2015.09.14 04:03:12.744,1.2429,1.24304,1.12,1.00
2015.09.14 04:03:15.462,1.24292,1.24304,1.00,1.00
2015.09.14 04:03:16.012,1.24291,1.24304,1.00,1.00
2015.09.14 04:03:17.223,1.24294,1.24304,1.00,1.00
2015.09.14 04:03:17.681,1.24296,1.24306,1.00,1.00
2015.09.14 04:03:18.271,1.24296,1.24307,1.00,1.00
2015.09.14 04:03:18.893,1.24297,1.24307,1.00,1.00
2015.09.14 04:03:20.002,1.24296,1.24307,1.00,1.00
2015.09.14 04:03:20.509,1.24297,1.24308,1.00,1.00
2015.09.14 04:03:20.661,1.24295,1.24308,1.00,1.00
2015.09.14 04:03:21.001,1.24298,1.24309,1.00,1.00
2015.09.14 04:03:23.152,1.24296,1.24309,1.00,1.00
2015.09.14 04:03:23.254,1.24296,1.24311,1.00,1.00
2015.09.14 04:03:23.761,1.24297,1.24311,1.00,1.00
2015.09.14 04:03:23.898,1.24297,1.24308,1.00,1.00
2015.09.14 04:03:24.434,1.24296,1.24308,1.00,1.00
2015.09.14 04:03:25.413,1.24298,1.24308,1.00,1.00
2015.09.14 04:03:27.406,1.24298,1.24311,1.00,1.00
2015.09.14 04:03:27.992,1.24299,1.24311,1.00,1.00
2015.09.14 04:03:28.215,1.24301,1.24311,1.00,1.00
2015.09.14 04:03:28.368,1.24299,1.24313,1.00,1.00
2015.09.14 04:03:28.571,1.24302,1.24314,1.00,1.00
2015.09.14 04:03:29.113,1.24301,1.24314,1.00,1.00
2015.09.14 04:03:30.683,1.24302,1.24314,1.00,1.00
2015.09.14 04:03:33.313,1.24302,1.24313,1.00,1.00
2015.09.14 04:03:33.992,1.24302,1.24318,1.00,1.37
2015.09.14 04:03:34.562,1.24302,1.24319,1.12,1.87
2015.09.14 04:03:35.483,1.24302,1.24319,1.12,1.00
2015.09.14 04:03:36.007,1.24303,1.2432,1.00,1.87
2015.09.14 04:03:36.159,1.24304,1.2432,1.37,1.87
2015.09.14 04:03:51.310,1.24303,1.2432,1.00,1.50
2015.09.14 04:03:52.742,1.24302,1.2432,1.00,1.50
2015.09.14 04:03:52.911,1.24302,1.2432,1.00,1.87
2015.09.14 04:03:53.216,1.24301,1.24316,1.12,1.50
2015.09.14 04:03:53.522,1.24302,1.24318,1.50,1.00
2015.09.14 04:03:53.573,1.24302,1.2432,1.50,1.12
2015.09.14 04:03:53.979,1.24305,1.24321,1.00,1.00
2015.09.14 04:03:54.438,1.24307,1.24324,1.00,1.50
2015.09.14 04:03:54.540,1.24307,1.24324,1.00,1.00
2015.09.14 04:03:54.606,1.24307,1.24326,1.00,1.50
2015.09.14 04:03:54.657,1.2431,1.24326,1.00,1.50
2015.09.14 04:03:54.812,1.2431,1.24328,1.12,1.00
2015.09.14 04:03:55.438,1.24311,1.24328,1.00,1.50
2015.09.14 04:04:00.629,1.24311,1.24329,1.00,1.87
2015.09.14 04:04:00.731,1.24311,1.24329,1.00,1.37
2015.09.14 04:04:01.264,1.2431,1.24327,1.12,1.37
2015.09.14 04:04:03.171,1.2431,1.24324,1.12,1.00
2015.09.14 04:04:07.372,1.24308,1.24325,1.75,1.00
2015.09.14 04:04:10.213,1.24309,1.24325,1.75,1.00
2015.09.14 04:04:10.366,1.24309,1.24327,1.75,1.12
2015.09.14 04:04:10.773,1.24311,1.24329,1.12,1.50
2015.09.14 04:04:12.248,1.24313,1.24329,1.00,1.12
2015.09.14 04:04:12.452,1.24317,1.24334,1.00,1.00
2015.09.14 04:04:13.212,1.24319,1.24334,1.00,1.00
2015.09.14 04:04:23.666,1.24319,1.24334,1.00,1.37
2015.09.14 04:04:24.008,1.24317,1.24333,1.00,1.50
2015.09.14 04:04:25.979,1.24319,1.24334,1.00,1.00
2015.09.14 04:04:26.335,1.24323,1.24335,1.00,1.12
2015.09.14 04:04:26.881,1.24323,1.2434,1.00,2.25
2015.09.14 04:04:26.983,1.24323,1.2434,1.00,2.25
2015.09.14 04:04:27.510,1.24322,1.24337,1.12,1.75
2015.09.14 04:04:28.417,1.24322,1.24335,1.12,1.37
2015.09.14 04:04:28.726,1.2432,1.24335,1.50,1.37
2015.09.14 04:04:28.952,1.24319,1.24334,1.00,1.75
2015.09.14 04:04:29.004,1.24319,1.24334,1.00,1.75
2015.09.14 04:04:29.156,1.24317,1.24331,1.00,1.37
2015.09.14 04:04:29.208,1.24317,1.24329,1.00,1.37
2015.09.14 04:04:29.311,1.24315,1.24329,1.37,1.37
2015.09.14 04:04:29.362,1.24315,1.24329,1.00,1.37
2015.09.14 04:04:29.617,1.24313,1.24326,1.37,1.37
2015.09.14 04:04:29.821,1.24312,1.24327,1.00,1.75
2015.09.14 04:04:30.364,1.2431,1.24327,1.12,1.75
2015.09.14 04:04:30.873,1.2431,1.24327,1.12,1.75
2015.09.14 04:04:31.592,1.24312,1.24327,1.00,1.75
2015.09.14 04:04:32.885,1.24312,1.24327,1.00,1.75
2015.09.14 04:04:33.111,1.24312,1.24326,1.00,1.12
2015.09.14 04:04:33.265,1.24309,1.24322,1.00,1.00
2015.09.14 04:04:33.367,1.24307,1.24323,1.00,1.50
2015.09.14 04:04:33.675,1.2431,1.24317,1.00,1.00
2015.09.14 04:04:33.828,1.24311,1.24319,1.00,1.00
2015.09.14 04:04:34.480,1.24312,1.24325,1.00,1.37
2015.09.14 04:04:35.032,1.24312,1.24322,1.00,1.00
2015.09.14 04:04:35.930,1.24312,1.24325,1.00,1.37
2015.09.14 04:04:36.477,1.24312,1.24323,1.00,1.37
2015.09.14 04:04:36.528,1.24309,1.24323,1.00,1.37
2015.09.14 04:04:36.630,1.24309,1.24317,1.00,1.00
2015.09.14 04:04:36.682,1.24307,1.24317,1.00,1.00
2015.09.14 04:04:36.835,1.24308,1.24321,1.00,1.37
2015.09.14 04:04:36.938,1.24307,1.24321,1.00,1.00
2015.09.14 04:04:36.989,1.24309,1.24321,1.00,1.00
2015.09.14 04:04:37.294,1.24307,1.24322,1.00,1.37
2015.09.14 04:04:37.345,1.24307,1.24322,1.00,1.00
2015.09.14 04:04:37.856,1.24308,1.24322,1.00,1.00
2015.09.14 04:04:40.421,1.24308,1.24321,1.00,1.00
2015.09.14 04:04:41.102,1.24308,1.24323,1.00,1.00
2015.09.14 04:04:41.620,1.24308,1.24322,1.00,1.00
2015.09.14 04:04:42.680,1.24307,1.24322,1.00,1.00
2015.09.14 04:04:43.914,1.24308,1.24322,1.00,1.00
2015.09.14 04:04:44.015,1.24308,1.24325,1.00,1.87
2015.09.14 04:04:45.572,1.24309,1.24325,1.00,2.62
2015.09.14 04:04:45.674,1.24305,1.2432,1.50,1.00
2015.09.14 04:04:46.280,1.24305,1.24319,1.50,1.12
2015.09.14 04:04:48.920,1.24305,1.24318,1.00,1.00
2015.09.14 04:04:52.323,1.24304,1.24318,1.00,1.00
2015.09.14 04:04:55.802,1.24305,1.24318,1.00,1.00
2015.09.14 04:04:55.888,1.24306,1.2432,1.00,1.00
2015.09.14 04:04:56.407,1.24307,1.24324,1.00,1.87
2015.09.14 04:04:58.193,1.24308,1.24323,1.00,1.50
2015.09.14 04:04:59.585,1.24308,1.24325,1.00,1.37
2015.09.14 04:04:59.636,1.24308,1.24325,1.00,1.00
2015.09.14 04:05:00.529,1.24309,1.24325,1.00,1.12
2015.09.14 04:05:04.376,1.24308,1.24325,1.00,1.50
2015.09.14 04:05:05.124,1.24307,1.24325,1.12,1.50
2015.09.14 04:05:05.642,1.24308,1.24325,1.00,1.00
2015.09.14 04:05:07.984,1.24309,1.24325,1.00,1.00
2015.09.14 04:05:10.404,1.2431,1.24325,1.00,1.00
2015.09.14 04:05:10.922,1.24309,1.24326,1.00,1.50
2015.09.14 04:05:11.467,1.2431,1.24326,1.00,1.50
2015.09.14 04:05:17.031,1.2431,1.24327,1.00,1.87
2015.09.14 04:05:19.491,1.2431,1.24325,1.00,1.00
2015.09.14 04:05:19.542,1.24308,1.24325,1.12,1.00
2015.09.14 04:05:19.856,1.24308,1.24326,1.12,2.25
2015.09.14 04:05:20.009,1.24303,1.24322,1.00,1.87
2015.09.14 04:05:20.448,1.24307,1.24323,1.00,2.25
2015.09.14 04:05:20.550,1.24307,1.24323,1.00,1.50
2015.09.14 04:05:20.652,1.24309,1.24323,1.00,1.00
2015.09.14 04:05:21.133,1.24308,1.24325,1.00,1.37
2015.09.14 04:05:21.641,1.24309,1.24325,1.00,1.37
2015.09.14 04:05:22.169,1.24308,1.24325,1.00,1.50
2015.09.14 04:05:22.821,1.24308,1.24319,1.00,1.00
2015.09.14 04:05:23.329,1.24307,1.24321,1.00,1.37
2015.09.14 04:05:23.684,1.24307,1.24316,1.00,1.00
2015.09.14 04:05:24.178,1.24305,1.24317,1.00,1.00
2015.09.14 04:05:27.900,1.24305,1.24316,1.00,1.00
2015.09.14 04:05:28.407,1.24305,1.24317,1.00,1.00
2015.09.14 04:05:28.936,1.24306,1.24317,1.00,1.00
2015.09.14 04:05:31.129,1.24306,1.24316,1.00,1.00
2015.09.14 04:05:31.634,1.24307,1.24316,1.00,1.00
2015.09.14 04:05:33.767,1.24305,1.24316,1.00,1.00
2015.09.14 04:05:40.934,1.24305,1.24319,1.00,1.50
2015.09.14 04:05:41.803,1.24307,1.24319,1.00,1.50
2015.09.14 04:05:43.374,1.24307,1.24321,1.00,2.62
2015.09.14 04:05:43.679,1.24307,1.24321,1.00,2.62
2015.09.14 04:05:53.753,1.24306,1.24319,1.00,1.50
2015.09.14 04:05:54.111,1.24302,1.24317,1.00,1.37
2015.09.14 04:05:54.163,1.24302,1.24318,1.00,1.75
2015.09.14 04:05:54.316,1.24299,1.24312,1.00,1.00
2015.09.14 04:05:54.367,1.24299,1.2431,1.00,1.00
2015.09.14 04:05:54.758,1.24301,1.24313,1.00,1.50
2015.09.14 04:05:55.088,1.24299,1.24312,1.00,1.37
2015.09.14 04:05:55.604,1.243,1.24313,1.00,1.37
2015.09.14 04:06:00.425,1.243,1.24312,1.00,1.00
2015.09.14 04:06:00.679,1.24302,1.24312,1.00,1.00
2015.09.14 04:06:01.185,1.24302,1.24312,1.00,1.37
2015.09.14 04:06:01.753,1.24301,1.24313,1.00,1.37
2015.09.14 04:06:02.800,1.243,1.24314,1.00,1.00
2015.09.14 04:06:02.954,1.243,1.24312,1.00,1.00
2015.09.14 04:06:03.162,1.243,1.24314,1.00,1.00
2015.09.14 04:06:03.213,1.24302,1.24314,1.00,1.00
2015.09.14 04:06:03.728,1.24302,1.24315,1.00,1.00
2015.09.14 04:06:05.454,1.24302,1.24317,1.00,1.00
2015.09.14 04:06:05.696,1.24302,1.24319,1.00,1.75
2015.09.14 04:06:06.254,1.24303,1.24319,1.00,1.75
2015.09.14 04:06:06.656,1.24303,1.24319,1.00,1.75
2015.09.14 04:06:08.485,1.24302,1.2432,1.00,1.12
2015.09.14 04:06:09.673,1.24302,1.24316,1.00,1.00
2015.09.14 04:06:10.661,1.24302,1.24319,1.00,1.75
2015.09.14 04:06:11.137,1.24297,1.24316,1.75,1.12
2015.09.14 04:06:11.240,1.24294,1.24311,1.50,1.37
2015.09.14 04:06:11.342,1.24294,1.24311,1.50,1.50
2015.09.14 04:06:11.393,1.2429,1.24309,1.75,1.37
2015.09.14 04:06:11.444,1.2429,1.24309,1.50,1.37
2015.09.14 04:06:11.800,1.2429,1.24305,1.12,1.12
2015.09.14 04:06:11.953,1.2429,1.24305,1.00,1.87
2015.09.14 04:06:12.004,1.24288,1.24304,1.00,1.37
2015.09.14 04:06:12.911,1.24287,1.24304,1.12,1.87
2015.09.14 04:06:13.407,1.24288,1.24301,1.00,1.00
2015.09.14 04:06:13.712,1.24286,1.24304,1.50,1.87
2015.09.14 04:06:14.423,1.24288,1.24304,1.00,1.87
2015.09.14 04:06:14.628,1.24288,1.24304,1.00,2.85
2015.09.14 04:06:14.780,1.24284,1.24299,1.00,1.37
2015.09.14 04:06:15.307,1.24283,1.24298,1.00,1.12
2015.09.14 04:06:16.573,1.24283,1.24295,1.00,1.00
2015.09.14 04:06:20.256,1.24281,1.24295,1.37,1.00
2015.09.14 04:06:20.511,1.24279,1.24294,1.00,1.00
2015.09.14 04:06:21.040,1.24278,1.24294,1.12,1.00
2015.09.14 04:06:21.550,1.24278,1.24294,1.12,1.37
2015.09.14 04:06:21.805,1.24279,1.24295,1.00,1.37
2015.09.14 04:06:22.390,1.2428,1.2429,1.00,1.00
2015.09.14 04:06:22.935,1.2428,1.24293,1.00,1.00
2015.09.14 04:06:23.405,1.24281,1.2429,1.00,1.00
2015.09.14 04:06:23.584,1.24278,1.2429,1.12,1.00
2015.09.14 04:06:23.635,1.24278,1.24286,1.12,1.00
2015.09.14 04:06:23.737,1.24276,1.24292,1.75,2.25
2015.09.14 04:06:24.144,1.24275,1.2429,1.00,1.12
2015.09.14 04:06:24.195,1.24275,1.24286,1.00,1.00
2015.09.14 04:06:24.247,1.24273,1.24286,1.00,1.00
2015.09.14 04:06:24.399,1.24273,1.2429,1.00,1.00
2015.09.14 04:06:24.502,1.24273,1.24287,1.00,1.00
2015.09.14 04:06:24.654,1.2427,1.24287,1.00,1.00
2015.09.14 04:06:24.705,1.2427,1.24284,1.00,1.00
2015.09.14 04:06:25.111,1.24272,1.24285,1.00,1.37
2015.09.14 04:06:25.518,1.24271,1.24286,1.00,1.37
2015.09.14 04:06:25.569,1.24269,1.24286,1.00,1.37
2015.09.14 04:06:25.620,1.24265,1.24282,1.75,1.37
2015.09.14 04:06:25.925,1.24266,1.24273,1.12,1.00
2015.09.14 04:06:26.048,1.24265,1.24277,1.37,1.00
2015.09.14 04:06:26.557,1.24265,1.24276,1.37,1.00
2015.09.14 04:06:27.208,1.24264,1.24278,1.50,1.00
2015.09.14 04:06:29.726,1.24266,1.24283,1.12,1.50
2015.09.14 04:06:29.777,1.24266,1.24283,1.12,1.37
2015.09.14 04:06:30.133,1.24262,1.24283,1.50,2.25
2015.09.14 04:06:30.184,1.2426,1.24282,1.50,1.12
2015.09.14 04:06:30.984,1.24261,1.24282,1.37,1.12
2015.09.14 04:06:31.511,1.24261,1.24282,1.37,1.12
2015.09.14 04:06:31.789,1.24261,1.24283,1.37,2.62
2015.09.14 04:06:32.095,1.24258,1.24278,1.75,1.00
2015.09.14 04:06:32.409,1.24254,1.24273,1.75,1.00
2015.09.14 04:06:33.579,1.24255,1.24276,1.75,1.50
2015.09.14 04:06:34.137,1.24256,1.24276,1.50,1.12
2015.09.14 04:06:34.442,1.24259,1.24278,1.12,1.00
2015.09.14 04:06:34.547,1.24261,1.24274,1.50,1.00
2015.09.14 04:06:34.851,1.2426,1.24274,1.87,1.00
2015.09.14 04:06:34.903,1.2426,1.24274,1.12,1.00
2015.09.14 04:06:35.414,1.24261,1.2428,1.12,1.12
2015.09.14 04:06:36.012,1.24261,1.24281,1.37,2.25
2015.09.14 04:06:36.064,1.24261,1.24277,1.37,1.00
2015.09.14 04:06:36.368,1.24259,1.24273,1.75,1.00
2015.09.14 04:06:36.419,1.24257,1.24279,1.75,1.00
2015.09.14 04:06:36.674,1.24256,1.24277,1.50,1.12
2015.09.14 04:06:37.029,1.24252,1.24265,2.25,1.00
2015.09.14 04:06:37.436,1.24252,1.24276,1.75,2.25
2015.09.14 04:06:37.538,1.2425,1.24276,2.25,2.62
2015.09.14 04:06:37.589,1.24253,1.24273,1.00,1.00
2015.09.14 04:06:38.045,1.24254,1.24273,1.37,1.00
2015.09.14 04:06:38.351,1.24254,1.24266,1.75,1.00
2015.09.14 04:06:38.770,1.24255,1.24275,1.87,1.50
2015.09.14 04:06:39.559,1.24257,1.24278,1.00,1.12
2015.09.14 04:06:40.053,1.24258,1.24278,1.37,1.37
2015.09.14 04:06:40.584,1.2426,1.24279,1.00,1.12
2015.09.14 04:06:40.888,1.24261,1.2428,1.87,1.12
2015.09.14 04:06:43.091,1.24261,1.24279,1.50,1.00
2015.09.14 04:06:43.296,1.24259,1.24279,1.75,1.37
2015.09.14 04:06:43.601,1.24256,1.24274,1.37,1.00
2015.09.14 04:06:43.854,1.24254,1.24272,1.12,1.00
2015.09.14 04:06:44.804,1.24255,1.24277,1.87,1.87
2015.09.14 04:06:45.007,1.24261,1.24277,1.00,1.50
2015.09.14 04:06:45.130,1.24262,1.24278,1.12,1.00
2015.09.14 04:06:45.232,1.24262,1.24275,1.12,1.00
2015.09.14 04:06:45.536,1.24263,1.24281,1.12,1.00
2015.09.14 04:06:46.155,1.24263,1.24281,1.87,1.00
2015.09.14 04:06:46.307,1.24266,1.24281,1.00,1.00
2015.09.14 04:06:46.409,1.24268,1.24285,1.00,1.00
2015.09.14 04:06:46.562,1.2427,1.24288,1.37,1.37
2015.09.14 04:06:46.613,1.2427,1.24288,1.50,1.00
2015.09.14 04:06:47.184,1.24272,1.24291,1.00,1.12
2015.09.14 04:06:47.726,1.2427,1.24291,1.87,1.12
2015.09.14 04:06:48.264,1.24267,1.24285,1.37,1.00
2015.09.14 04:06:48.316,1.24263,1.24283,2.25,1.00
2015.09.14 04:06:48.773,1.24261,1.24275,1.75,1.00
2015.09.14 04:06:48.926,1.24261,1.24275,1.12,1.00
2015.09.14 04:06:49.233,1.24253,1.24276,1.75,1.50
2015.09.14 04:06:49.322,1.24253,1.24277,1.75,1.75
2015.09.14 04:06:49.784,1.24252,1.24277,1.75,2.25
2015.09.14 04:06:49.835,1.24252,1.24273,1.37,1.37
2015.09.14 04:06:49.937,1.2425,1.24264,2.25,1.00
2015.09.14 04:06:50.242,1.24247,1.24267,1.75,1.00
2015.09.14 04:06:50.344,1.24249,1.24265,1.75,1.00
2015.09.14 04:06:50.395,1.24247,1.24267,1.75,1.00
2015.09.14 04:06:50.446,1.24247,1.24265,1.75,1.00
2015.09.14 04:06:50.870,1.24245,1.24266,1.75,1.00
2015.09.14 04:06:50.921,1.24245,1.24266,1.75,1.00
2015.09.14 04:06:52.129,1.2425,1.24266,1.00,1.00
2015.09.14 04:06:52.231,1.24252,1.24266,1.00,1.00
2015.09.14 04:06:52.333,1.24252,1.24275,1.75,1.75
2015.09.14 04:06:52.485,1.24255,1.2428,1.37,2.25
2015.09.14 04:06:52.637,1.24257,1.24277,1.87,1.00
2015.09.14 04:06:52.891,1.24258,1.24282,1.37,1.87
2015.09.14 04:06:52.942,1.24261,1.24281,1.00,1.00
2015.09.14 04:06:56.461,1.24261,1.24273,1.00,1.00
2015.09.14 04:06:57.252,1.24257,1.24273,2.25,1.00
2015.09.14 04:06:57.304,1.24257,1.24281,2.25,1.12
2015.09.14 04:06:57.406,1.24257,1.24282,1.12,1.87
2015.09.14 04:06:57.661,1.24258,1.24282,1.37,1.75
2015.09.14 04:06:57.966,1.24258,1.24269,1.37,1.00
2015.09.14 04:06:58.321,1.2426,1.24271,1.00,1.00
2015.09.14 04:06:58.373,1.2426,1.24281,1.00,1.75
2015.09.14 04:06:58.881,1.24258,1.24281,1.37,1.12
2015.09.14 04:06:59.171,1.24257,1.24274,2.25,1.00
2015.09.14 04:06:59.629,1.24258,1.24281,1.87,1.12
2015.09.14 04:07:00.955,1.24257,1.24276,1.50,1.00
2015.09.14 04:07:01.844,1.24258,1.24281,1.37,1.87
2015.09.14 04:07:04.225,1.24256,1.24272,1.87,1.00
2015.09.14 04:07:04.276,1.24256,1.24281,1.87,1.87
2015.09.14 04:07:04.784,1.24256,1.24278,1.50,1.37
2015.09.14 04:07:05.047,1.24257,1.2427,1.12,1.00
2015.09.14 04:07:05.149,1.24254,1.2427,1.87,1.00
2015.09.14 04:07:05.200,1.24254,1.24273,1.87,1.00
2015.09.14 04:07:05.454,1.24257,1.24273,1.00,1.00
2015.09.14 04:07:05.556,1.24257,1.24282,1.75,2.25
2015.09.14 04:07:20.533,1.24258,1.24277,1.12,1.00
2015.09.14 04:07:23.914,1.24257,1.24277,1.00,1.00
2015.09.14 04:07:24.371,1.24257,1.24276,1.00,1.87
2015.09.14 04:07:24.472,1.24253,1.24273,1.00,1.00
2015.09.14 04:07:25.116,1.24253,1.24263,1.00,1.00
2015.09.14 04:07:25.855,1.24253,1.24273,1.00,1.75
2015.09.14 04:07:25.906,1.24253,1.24273,1.00,1.50
2015.09.14 04:07:26.430,1.24253,1.24263,1.00,1.00
2015.09.14 04:07:27.660,1.24253,1.24272,1.00,1.00
2015.09.14 04:07:27.813,1.24253,1.24272,1.00,1.50
2015.09.14 04:07:28.271,1.24253,1.24262,1.00,1.00
2015.09.14 04:07:29.090,1.24253,1.24263,1.00,1.00
2015.09.14 04:07:29.482,1.24253,1.24273,1.00,2.25
2015.09.14 04:07:29.586,1.24253,1.24273,1.00,2.25
2015.09.14 04:07:29.893,1.24253,1.24273,1.00,2.25
2015.09.14 04:07:29.995,1.24247,1.24269,1.75,1.75
2015.09.14 04:07:30.097,1.24245,1.2426,1.75,1.00
2015.09.14 04:07:30.148,1.24245,1.2426,1.37,1.00
2015.09.14 04:07:30.200,1.24244,1.24261,1.12,1.00
2015.09.14 04:07:30.825,1.24244,1.2426,1.87,1.00
2015.09.14 04:07:31.424,1.24245,1.2426,1.00,1.00
2015.09.14 04:07:31.870,1.24245,1.24265,1.00,1.75
2015.09.14 04:07:32.225,1.24243,1.24262,1.50,1.37
2015.09.14 04:07:33.057,1.24245,1.24261,1.00,1.00
2015.09.14 04:07:33.370,1.24247,1.2426,1.00,1.00
2015.09.14 04:07:33.624,1.24247,1.24265,1.00,1.37
2015.09.14 04:07:33.929,1.24243,1.24263,1.50,1.00
2015.09.14 04:07:34.486,1.24243,1.24264,1.50,1.50
2015.09.14 04:07:34.588,1.24243,1.24264,1.50,1.50
2015.09.14 04:07:34.893,1.24242,1.24262,1.75,1.37
2015.09.14 04:07:35.096,1.2424,1.2426,1.12,1.00
2015.09.14 04:07:35.249,1.24242,1.24262,1.00,1.12
2015.09.14 04:07:36.247,1.24243,1.24263,1.00,1.12
2015.09.14 04:07:36.551,1.24243,1.24261,1.37,1.00
2015.09.14 04:07:36.653,1.24245,1.24266,1.12,1.12
2015.09.14 04:07:36.856,1.24246,1.24267,1.00,1.12
2015.09.14 04:07:36.958,1.24247,1.24268,1.37,1.12
2015.09.14 04:07:37.465,1.24249,1.24268,1.00,1.37
2015.09.14 04:07:37.777,1.24251,1.24268,1.00,1.37
2015.09.14 04:07:38.394,1.24251,1.24268,1.00,1.00
2015.09.14 04:07:41.417,1.2425,1.24268,1.00,1.00
2015.09.14 04:07:41.926,1.24249,1.24265,1.00,1.00
2015.09.14 04:07:43.046,1.24244,1.24263,1.75,1.00
2015.09.14 04:07:43.103,1.24244,1.24263,1.50,1.00
2015.09.14 04:07:45.600,1.24246,1.24266,1.00,1.12
2015.09.14 04:07:46.571,1.24247,1.24269,1.00,1.87
2015.09.14 04:07:47.341,1.24248,1.24269,1.00,1.87
2015.09.14 04:07:48.281,1.24248,1.24269,1.75,2.25
2015.09.14 04:07:48.333,1.24251,1.24269,1.37,1.12
2015.09.14 04:07:49.301,1.24248,1.24269,1.12,1.12
2015.09.14 04:07:49.352,1.24251,1.2427,1.00,1.12
2015.09.14 04:07:49.454,1.24249,1.2427,1.00,1.12
2015.09.14 04:07:49.589,1.24251,1.2427,1.00,1.12
2015.09.14 04:07:49.844,1.24252,1.24271,1.00,1.00
2015.09.14 04:07:51.084,1.24255,1.24274,1.00,1.75
2015.09.14 04:07:51.311,1.24258,1.24276,1.00,1.12
2015.09.14 04:07:51.819,1.24258,1.24279,1.00,1.75
2015.09.14 04:07:52.436,1.24256,1.24279,1.50,1.75
2015.09.14 04:07:53.153,1.24257,1.2428,1.50,2.25
2015.09.14 04:07:53.205,1.24261,1.2428,1.00,2.25
2015.09.14 04:07:53.510,1.24258,1.24279,1.50,1.12
2015.09.14 04:07:53.967,1.24261,1.24281,1.00,1.87
2015.09.14 04:07:54.069,1.24259,1.24281,1.00,1.87
2015.09.14 04:07:54.599,1.24258,1.24281,1.12,1.75
2015.09.14 04:07:56.409,1.24259,1.24283,1.00,2.62
2015.09.14 04:07:56.613,1.24264,1.24284,1.00,1.75
2015.09.14 04:07:57.121,1.24264,1.2428,1.00,1.00
2015.09.14 04:07:57.646,1.24265,1.24284,1.00,1.75
2015.09.14 04:07:58.922,1.24263,1.24285,1.12,1.87
2015.09.14 04:08:00.072,1.24259,1.24282,2.62,1.75
2015.09.14 04:08:00.377,1.24259,1.24276,2.62,1.00
2015.09.14 04:08:00.632,1.24259,1.24277,1.00,1.37
2015.09.14 04:08:00.785,1.24255,1.24275,1.50,1.12
2015.09.14 04:08:00.887,1.24254,1.24274,1.37,1.12
2015.09.14 04:08:01.395,1.24252,1.24273,2.25,1.37
2015.09.14 04:08:01.823,1.24252,1.24273,1.75,1.12
2015.09.14 04:08:01.926,1.24252,1.24269,1.00,1.12
2015.09.14 04:08:01.977,1.2425,1.24269,1.00,1.12
2015.09.14 04:08:02.734,1.2425,1.24269,1.00,1.50
2015.09.14 04:08:03.039,1.24249,1.24261,1.00,1.00
2015.09.14 04:08:03.439,1.24249,1.24269,1.00,1.75
2015.09.14 04:08:04.194,1.24249,1.24269,1.00,1.75
2015.09.14 04:08:04.347,1.24246,1.24263,1.00,1.00
2015.09.14 04:08:04.654,1.24245,1.24259,1.12,1.00
2015.09.14 04:08:04.857,1.24244,1.24263,1.37,1.37
2015.09.14 04:08:05.011,1.24246,1.24266,1.00,1.75
2015.09.14 04:08:05.520,1.24248,1.24268,1.00,1.12
2015.09.14 04:08:05.825,1.2425,1.2427,1.00,1.12
2015.09.14 04:08:08.462,1.24249,1.24268,1.00,1.12
2015.09.14 04:08:09.359,1.24247,1.24265,1.00,1.37
2015.09.14 04:08:09.715,1.24246,1.24259,1.00,1.00
2015.09.14 04:08:10.131,1.24244,1.24265,1.37,1.75
2015.09.14 04:08:10.674,1.24244,1.24264,1.37,1.75
2015.09.14 04:08:11.517,1.24244,1.24264,1.37,1.37
2015.09.14 04:08:11.773,1.24249,1.24266,1.00,1.75
2015.09.14 04:08:13.444,1.24248,1.24267,1.00,1.75
2015.09.14 04:08:13.895,1.24246,1.24267,1.00,1.75
2015.09.14 04:08:14.425,1.24245,1.24265,1.12,1.87
2015.09.14 04:08:14.946,1.24242,1.24254,1.00,1.00
2015.09.14 04:08:15.200,1.24243,1.24263,1.00,1.12
2015.09.14 04:08:16.072,1.24244,1.24265,1.00,1.87
2015.09.14 04:08:16.377,1.24245,1.24265,1.00,1.00
2015.09.14 04:08:16.885,1.24246,1.24265,1.00,1.00
2015.09.14 04:08:17.112,1.24248,1.24265,1.00,1.00
2015.09.14 04:08:17.931,1.24249,1.24265,1.00,1.00
2015.09.14 04:08:18.452,1.2425,1.24265,1.12,1.00
2015.09.14 04:08:18.554,1.24253,1.2427,1.00,1.00
2015.09.14 04:08:18.708,1.24255,1.2427,1.00,1.00
2015.09.14 04:08:18.862,1.24257,1.24275,1.00,1.00
2015.09.14 04:08:19.015,1.2426,1.24275,1.00,1.00
2015.09.14 04:08:20.217,1.24262,1.24273,1.00,1.00
2015.09.14 04:08:20.646,1.24259,1.2428,1.75,1.50
2015.09.14 04:08:25.181,1.24259,1.2428,1.87,1.12
2015.09.14 04:08:25.705,1.24258,1.2428,2.62,1.37
2015.09.14 04:08:26.469,1.24257,1.2428,1.75,1.75
2015.09.14 04:08:27.069,1.24256,1.24278,1.50,1.12
2015.09.14 04:08:32.695,1.24258,1.24276,1.00,1.37
2015.09.14 04:08:33.431,1.24259,1.24275,1.00,1.00
2015.09.14 04:08:34.219,1.2426,1.24279,1.00,1.12
2015.09.14 04:08:34.472,1.2426,1.2428,1.75,1.37
2015.09.14 04:08:34.575,1.2426,1.24281,1.75,1.75
2015.09.14 04:08:35.256,1.24259,1.24281,1.75,1.75
2015.09.14 04:08:37.131,1.24259,1.2428,1.75,1.12
2015.09.14 04:08:38.696,1.2426,1.2428,1.75,1.12
2015.09.14 04:08:39.509,1.24261,1.24281,1.50,1.12
2015.09.14 04:08:40.081,1.24261,1.24281,1.50,1.12
2015.09.14 04:08:47.003,1.24261,1.2428,1.50,1.00
2015.09.14 04:08:48.597,1.24259,1.2428,1.00,1.75
2015.09.14 04:08:48.803,1.24256,1.24278,1.50,1.37
2015.09.14 04:08:49.921,1.24255,1.24278,1.75,1.75
2015.09.14 04:08:50.125,1.24256,1.24278,1.50,1.12
2015.09.14 04:08:50.328,1.24256,1.24278,1.50,1.12
2015.09.14 04:08:50.430,1.24255,1.24279,1.75,1.12
2015.09.14 04:08:50.532,1.24255,1.24269,1.75,1.00
2015.09.14 04:08:50.735,1.24256,1.24279,1.50,1.12
2015.09.14 04:08:51.402,1.24258,1.24279,1.00,1.12
2015.09.14 04:08:52.992,1.24258,1.24278,1.00,1.12
2015.09.14 04:08:53.496,1.24257,1.24276,1.12,1.00
2015.09.14 04:08:53.649,1.24255,1.24277,1.75,1.87
2015.09.14 04:08:53.855,1.24253,1.24273,1.50,1.00
2015.09.14 04:08:54.363,1.24253,1.24272,1.00,1.12
2015.09.14 04:08:54.705,1.24255,1.24272,1.00,1.12
2015.09.14 04:08:55.708,1.24255,1.24272,1.00,1.37
2015.09.14 04:08:56.037,1.24255,1.24272,1.00,1.37
2015.09.14 04:08:56.340,1.24255,1.24272,1.00,1.37
2015.09.14 04:08:56.864,1.24255,1.24272,1.00,1.37
2015.09.14 04:08:57.016,1.24257,1.24273,1.00,1.37
2015.09.14 04:08:57.357,1.24259,1.24277,1.00,1.37
2015.09.14 04:08:57.510,1.24259,1.24277,1.00,1.37
2015.09.14 04:08:57.866,1.24261,1.24277,1.00,1.37
2015.09.14 04:08:58.018,1.24261,1.24277,1.00,1.00
2015.09.14 04:08:58.627,1.24259,1.24277,1.00,1.00
2015.09.14 04:08:58.968,1.24257,1.24277,1.50,1.00
2015.09.14 04:08:59.526,1.24258,1.24277,1.00,1.12
2015.09.14 04:09:00.050,1.24257,1.24277,1.50,1.12
2015.09.14 04:09:00.565,1.24257,1.24277,1.50,1.37
2015.09.14 04:09:01.077,1.24258,1.24277,1.00,1.37
2015.09.14 04:09:01.622,1.24257,1.24277,1.50,1.37
2015.09.14 04:09:02.839,1.24257,1.24277,1.50,1.12
2015.09.14 04:09:04.790,1.24253,1.24277,1.50,1.12
2015.09.14 04:09:04.842,1.24253,1.24273,1.50,1.00
2015.09.14 04:09:05.247,1.24255,1.24273,1.00,1.00
2015.09.14 04:09:05.770,1.24253,1.24273,1.50,1.00
2015.09.14 04:09:06.587,1.24254,1.24273,1.00,1.00
2015.09.14 04:09:07.555,1.24256,1.24273,1.00,1.00
2015.09.14 04:09:08.063,1.24257,1.24273,1.00,1.00
2015.09.14 04:09:08.317,1.24258,1.24278,1.12,1.12
2015.09.14 04:09:08.962,1.24259,1.24278,1.00,1.12
2015.09.14 04:09:14.722,1.24258,1.24278,1.12,1.12
2015.09.14 04:09:17.891,1.24257,1.2427,1.37,1.00
2015.09.14 04:09:19.111,1.24256,1.2427,1.12,1.00
2015.09.14 04:09:19.330,1.24258,1.2427,1.00,1.00
2015.09.14 04:09:19.986,1.24259,1.2427,1.00,1.00
2015.09.14 04:09:20.189,1.24259,1.24277,1.00,1.12
2015.09.14 04:09:20.342,1.24259,1.24276,1.00,1.00
2015.09.14 04:09:20.445,1.24261,1.24276,1.00,1.00
2015.09.14 04:09:20.953,1.2426,1.24276,1.00,1.00
2015.09.14 04:09:21.504,1.24259,1.24276,1.00,1.00
2015.09.14 04:09:22.046,1.24258,1.24276,1.00,1.00
2015.09.14 04:09:22.549,1.24259,1.24276,1.00,1.00
2015.09.14 04:09:23.625,1.24257,1.24276,1.87,1.00
2015.09.14 04:09:24.171,1.24257,1.24276,1.50,1.00
2015.09.14 04:09:24.477,1.24255,1.24274,1.00,1.37
2015.09.14 04:09:24.783,1.24254,1.24274,1.00,1.12
2015.09.14 04:09:25.309,1.24253,1.24274,1.12,1.75
2015.09.14 04:09:25.765,1.24252,1.24271,1.00,1.12
2015.09.14 04:09:26.310,1.24253,1.24274,1.00,1.75
2015.09.14 04:09:26.820,1.24254,1.24274,1.00,1.12
2015.09.14 04:09:27.460,1.24256,1.24272,1.00,1.12
2015.09.14 04:09:27.618,1.24254,1.24273,1.00,1.12
2015.09.14 04:09:28.027,1.24252,1.24271,1.00,1.12
2015.09.14 04:09:28.555,1.24254,1.24273,1.00,1.75
2015.09.14 04:09:28.870,1.24252,1.24272,1.00,1.12
2015.09.14 04:09:29.376,1.24253,1.24271,1.00,1.12
2015.09.14 04:09:30.317,1.24254,1.24272,1.00,1.12
2015.09.14 04:09:31.734,1.24253,1.24272,1.00,1.12
2015.09.14 04:09:33.520,1.24254,1.24273,1.00,1.12
2015.09.14 04:09:34.028,1.24253,1.24273,1.00,1.12
2015.09.14 04:09:35.359,1.24255,1.24274,1.00,1.12
2015.09.14 04:09:39.124,1.24253,1.24276,1.37,1.75
2015.09.14 04:09:39.175,1.24254,1.24276,1.00,1.75
2015.09.14 04:09:39.226,1.24258,1.24277,1.00,1.87
2015.09.14 04:09:39.802,1.24255,1.24276,1.50,1.75
2015.09.14 04:09:43.423,1.24254,1.24272,1.12,1.00
2015.09.14 04:09:43.925,1.24255,1.24273,1.00,1.50
2015.09.14 04:09:44.450,1.24256,1.24273,1.00,1.50
2015.09.14 04:09:46.385,1.24255,1.24273,1.00,1.50
2015.09.14 04:09:48.048,1.24257,1.24273,1.00,1.37
2015.09.14 04:09:49.235,1.24255,1.24272,1.00,1.12
2015.09.14 04:09:49.388,1.24255,1.24269,1.00,1.00
2015.09.14 04:09:55.245,1.24255,1.24272,1.00,1.00
2015.09.14 04:09:56.811,1.24253,1.2427,1.00,1.37
2015.09.14 04:09:57.324,1.24252,1.2427,1.00,1.37
2015.09.14 04:09:58.377,1.2425,1.24269,1.37,1.12
2015.09.14 04:09:59.088,1.24248,1.24268,1.75,1.00
2015.09.14 04:09:59.402,1.24248,1.24268,1.00,1.75
2015.09.14 04:10:02.879,1.24247,1.24264,1.00,1.12
2015.09.14 04:10:03.876,1.24245,1.24265,1.50,1.50
2015.09.14 04:10:04.538,1.24247,1.24265,1.00,1.50
2015.09.14 04:10:05.379,1.24247,1.24265,1.00,1.12
2015.09.14 04:10:05.806,1.24247,1.24257,1.00,1.00
2015.09.14 04:10:06.516,1.24247,1.24261,1.00,1.00
2015.09.14 04:10:07.176,1.24246,1.24261,1.12,1.00
2015.09.14 04:10:07.763,1.24246,1.2426,1.12,1.00
2015.09.14 04:10:08.709,1.24246,1.24259,1.12,1.00
2015.09.14 04:10:09.592,1.24246,1.24265,1.12,1.87
2015.09.14 04:10:09.829,1.24244,1.24261,1.00,1.37
2015.09.14 04:10:10.032,1.24244,1.24261,1.00,1.12
2015.09.14 04:10:10.135,1.24242,1.2426,1.00,1.50
2015.09.14 04:10:10.491,1.24242,1.24261,1.00,1.75
2015.09.14 04:10:10.887,1.24242,1.24251,1.00,1.00
2015.09.14 04:10:11.239,1.2424,1.24261,1.50,1.12
2015.09.14 04:10:11.342,1.24243,1.24261,1.00,1.75
2015.09.14 04:10:11.495,1.24243,1.24261,1.00,1.37
2015.09.14 04:10:11.880,1.24245,1.2426,1.00,1.00
2015.09.14 04:10:12.163,1.24243,1.24261,1.00,1.87
2015.09.14 04:10:12.708,1.24243,1.24261,1.00,1.87
2015.09.14 04:10:12.999,1.2424,1.24261,1.87,1.87
2015.09.14 04:10:13.202,1.24237,1.2426,1.00,2.62
2015.09.14 04:10:13.377,1.24236,1.24258,1.00,1.12
2015.09.14 04:10:13.682,1.24233,1.24255,1.87,1.12
2015.09.14 04:10:13.835,1.2423,1.24251,1.37,1.37
2015.09.14 04:10:13.937,1.2423,1.24251,1.00,1.75
2015.09.14 04:10:14.355,1.24231,1.24252,1.37,1.75
2015.09.14 04:10:14.857,1.24231,1.24249,1.00,1.00
2015.09.14 04:10:15.748,1.2423,1.2425,1.12,1.12
2015.09.14 04:10:16.278,1.2423,1.2425,1.00,1.12
2015.09.14 04:10:16.430,1.24229,1.2425,1.12,1.50
2015.09.14 04:10:16.938,1.24229,1.24248,1.12,1.00
2015.09.14 04:10:17.444,1.24229,1.2425,1.12,1.87
2015.09.14 04:10:19.573,1.24229,1.2425,1.50,1.37
2015.09.14 04:10:20.097,1.24229,1.24251,1.12,2.25
2015.09.14 04:10:24.519,1.24229,1.24251,1.00,1.75
2015.09.14 04:10:24.672,1.24227,1.24248,1.00,1.87
2015.09.14 04:10:25.181,1.24226,1.24246,1.12,1.75
2015.09.14 04:10:25.232,1.24225,1.24246,1.00,1.75
2015.09.14 04:10:25.435,1.24223,1.24246,1.50,1.12
2015.09.14 04:10:25.892,1.24225,1.24247,1.00,1.12
2015.09.14 04:10:26.437,1.24226,1.24247,1.00,1.87
2015.09.14 04:10:26.489,1.24222,1.24245,1.12,1.75
2015.09.14 04:10:26.540,1.2422,1.2424,1.87,1.37
2015.09.14 04:10:27.049,1.24219,1.24241,1.00,2.25
2015.09.14 04:10:27.550,1.24218,1.24241,1.00,1.75
2015.09.14 04:10:28.111,1.24217,1.24239,1.00,1.75
2015.09.14 04:10:29.417,1.24215,1.24239,1.50,1.87
2015.09.14 04:10:29.925,1.24217,1.24239,1.00,1.75
2015.09.14 04:10:31.369,1.24217,1.2424,1.37,2.25
2015.09.14 04:10:31.878,1.24219,1.24239,1.00,1.75
2015.09.14 04:10:32.050,1.24217,1.24239,1.12,1.75
2015.09.14 04:10:32.698,1.24218,1.2424,1.00,2.62
2015.09.14 04:10:33.003,1.24222,1.24243,1.00,1.87
2015.09.14 04:10:33.308,1.24224,1.24246,1.00,2.25
2015.09.14 04:10:33.359,1.24224,1.24246,1.00,2.25
2015.09.14 04:10:34.000,1.24226,1.24246,1.00,2.25
2015.09.14 04:10:34.648,1.24224,1.24246,1.00,2.25
2015.09.14 04:10:36.495,1.24224,1.24245,1.37,1.75
2015.09.14 04:10:37.037,1.24225,1.24244,1.37,1.12
2015.09.14 04:10:37.358,1.24225,1.24246,1.50,1.12
2015.09.14 04:10:37.664,1.24229,1.24251,1.00,1.75
2015.09.14 04:10:38.073,1.24228,1.24246,1.00,1.00
2015.09.14 04:10:38.480,1.24228,1.24243,1.00,1.00
2015.09.14 04:10:40.058,1.24224,1.24242,1.37,1.00
2015.09.14 04:10:41.242,1.24223,1.2424,1.12,1.00
2015.09.14 04:10:41.788,1.24221,1.24234,1.12,1.00
2015.09.14 04:10:42.198,1.24219,1.24234,1.12,1.00
2015.09.14 04:10:42.837,1.24221,1.24237,1.12,1.00
2015.09.14 04:10:42.889,1.24221,1.24242,1.37,1.87
2015.09.14 04:10:42.941,1.24222,1.24242,1.37,1.87
2015.09.14 04:10:43.094,1.24225,1.24244,1.00,1.37
2015.09.14 04:10:43.551,1.24225,1.24239,1.00,1.00
2015.09.14 04:10:43.755,1.24217,1.24239,1.75,1.12
2015.09.14 04:10:44.805,1.2422,1.2424,1.12,1.37
2015.09.14 04:10:45.352,1.24221,1.2424,1.00,1.37
2015.09.14 04:10:45.901,1.24221,1.2424,1.00,1.12
2015.09.14 04:10:46.211,1.24221,1.2424,1.00,1.12
2015.09.14 04:10:46.517,1.24221,1.2424,1.50,1.12
2015.09.14 04:10:47.141,1.24217,1.24241,1.87,1.12
2015.09.14 04:10:47.294,1.24218,1.24236,1.00,1.75
2015.09.14 04:10:47.738,1.24218,1.2424,1.50,1.75
2015.09.14 04:10:48.220,1.2422,1.24241,1.37,1.75
2015.09.14 04:10:49.726,1.2422,1.24244,1.37,2.62
2015.09.14 04:10:50.032,1.2422,1.24244,1.37,2.25
2015.09.14 04:10:50.184,1.24221,1.24244,1.87,2.25
2015.09.14 04:10:51.869,1.24221,1.24244,1.87,1.87
2015.09.14 04:10:52.328,1.24221,1.24234,1.87,1.00
2015.09.14 04:10:52.430,1.24221,1.24244,1.87,1.87
2015.09.14 04:10:52.939,1.24221,1.24241,1.37,1.00
2015.09.14 04:10:57.306,1.24221,1.24243,1.50,1.50
2015.09.14 04:10:58.560,1.24222,1.24243,1.12,1.87
2015.09.14 04:10:58.866,1.24219,1.24239,1.75,1.00
2015.09.14 04:10:59.019,1.24217,1.24238,1.87,1.37
2015.09.14 04:11:00.166,1.24218,1.24239,1.75,1.50
2015.09.14 04:11:00.674,1.24221,1.2424,1.00,1.75
2015.09.14 04:11:00.827,1.24221,1.24235,1.00,1.00
2015.09.14 04:11:01.337,1.2422,1.24235,1.12,1.00
2015.09.14 04:11:01.872,1.24221,1.24235,1.00,1.00
2015.09.14 04:11:02.604,1.2422,1.24235,1.12,1.00
2015.09.14 04:11:03.132,1.24218,1.24234,1.50,1.00
2015.09.14 04:11:03.285,1.24219,1.24239,1.00,1.50
2015.09.14 04:11:04.119,1.2422,1.24239,1.00,1.50
2015.09.14 04:11:04.809,1.2422,1.24235,1.00,1.00
2015.09.14 04:11:05.339,1.24219,1.24235,1.50,1.00
2015.09.14 04:11:05.884,1.2422,1.24235,1.12,1.00
2015.09.14 04:11:06.371,1.24219,1.24235,1.50,1.00
2015.09.14 04:11:07.114,1.24219,1.24242,2.25,1.75
2015.09.14 04:11:07.484,1.24224,1.24245,1.00,1.75
2015.09.14 04:11:08.520,1.24225,1.24245,1.00,1.12
2015.09.14 04:11:08.858,1.24225,1.24245,1.00,1.12
2015.09.14 04:11:09.520,1.24224,1.24248,1.00,1.12
2015.09.14 04:11:09.858,1.2422,1.24238,1.87,1.00
2015.09.14 04:11:10.115,1.24219,1.24238,1.00,1.00
2015.09.14 04:11:10.523,1.24222,1.24238,1.00,1.00
2015.09.14 04:11:11.078,1.24223,1.24238,1.00,1.00
2015.09.14 04:11:11.518,1.24223,1.24242,1.00,1.00
2015.09.14 04:11:12.035,1.24224,1.24242,1.00,1.00
2015.09.14 04:11:13.512,1.24226,1.24242,1.00,1.00
2015.09.14 04:11:15.731,1.24227,1.24242,1.00,1.00
2015.09.14 04:11:17.108,1.24228,1.24242,1.00,1.00
2015.09.14 04:11:17.412,1.24236,1.24256,1.00,1.75
2015.09.14 04:11:17.565,1.24236,1.24258,1.00,1.12
2015.09.14 04:11:17.667,1.24239,1.2426,1.00,1.75
2015.09.14 04:11:18.695,1.24237,1.24255,1.00,1.12
2015.09.14 04:11:18.898,1.24232,1.24253,1.87,1.12
2015.09.14 04:11:19.051,1.24231,1.2425,1.00,1.12
2015.09.14 04:11:19.391,1.24228,1.24251,1.00,1.75
2015.09.14 04:11:20.347,1.2423,1.24249,1.00,1.87
2015.09.14 04:11:20.880,1.24233,1.24251,1.00,1.12
2015.09.14 04:11:21.084,1.24235,1.2425,1.00,1.12
2015.09.14 04:11:21.237,1.24233,1.24251,1.00,1.12
2015.09.14 04:11:21.788,1.24232,1.2425,1.00,1.12
2015.09.14 04:11:25.952,1.24231,1.24249,1.00,1.12
2015.09.14 04:11:27.677,1.24229,1.24247,1.50,1.37
2015.09.14 04:11:27.881,1.24229,1.24247,1.00,1.12
2015.09.14 04:11:28.482,1.2423,1.24247,1.00,1.12
2015.09.14 04:11:29.554,1.24227,1.24246,1.50,1.12
2015.09.14 04:11:30.411,1.24229,1.24248,1.00,1.12
2015.09.14 04:11:30.802,1.24231,1.24249,1.00,1.12
2015.09.14 04:11:32.223,1.24228,1.24242,1.50,1.87
2015.09.14 04:11:34.997,1.24227,1.24243,1.00,1.50
2015.09.14 04:11:42.426,1.24226,1.24243,1.00,1.50
2015.09.14 04:11:42.528,1.24224,1.24243,1.12,2.25
2015.09.14 04:11:42.782,1.24226,1.24243,1.00,2.25
2015.09.14 04:11:43.569,1.24226,1.24241,1.00,1.12
2015.09.14 04:11:51.465,1.24224,1.24244,1.00,1.87
2015.09.14 04:11:52.093,1.24225,1.24244,1.00,1.87
2015.09.14 04:11:56.414,1.24224,1.24244,1.00,1.87
2015.09.14 04:11:56.940,1.24224,1.24241,1.00,1.50
2015.09.14 04:11:57.194,1.24221,1.24237,1.00,1.00
2015.09.14 04:11:58.063,1.24222,1.24237,1.00,1.00
2015.09.14 04:12:00.159,1.24223,1.24237,1.00,1.00
2015.09.14 04:12:11.676,1.24222,1.24237,1.00,1.00
2015.09.14 04:12:13.810,1.24224,1.24244,1.00,1.87
2015.09.14 04:12:14.064,1.24227,1.24242,1.00,1.00
2015.09.14 04:12:15.864,1.2423,1.24242,1.00,1.00
2015.09.14 04:12:16.067,1.2423,1.24251,1.00,1.75
2015.09.14 04:12:16.118,1.24234,1.24251,1.00,1.75
2015.09.14 04:12:16.220,1.24234,1.24251,1.00,1.50
2015.09.14 04:12:16.322,1.24238,1.24254,1.00,1.75
2015.09.14 04:12:17.181,1.24239,1.24254,1.00,1.75
2015.09.14 04:12:17.487,1.24241,1.24256,1.00,1.75
2015.09.14 04:12:17.640,1.24243,1.2426,1.00,1.75
2015.09.14 04:12:17.802,1.24248,1.24261,1.00,1.75
2015.09.14 04:12:17.853,1.24246,1.24261,1.00,1.75
2015.09.14 04:12:18.057,1.24246,1.24259,1.00,1.00
2015.09.14 04:12:21.937,1.24244,1.24259,1.00,1.00
2015.09.14 04:12:23.454,1.2424,1.24253,1.00,1.00
2015.09.14 04:12:23.556,1.24237,1.24253,1.00,1.00
2015.09.14 04:12:24.473,1.24237,1.24254,1.00,1.87
2015.09.14 04:12:27.744,1.24238,1.24254,1.00,1.75
2015.09.14 04:12:30.495,1.24237,1.24254,1.00,1.75
2015.09.14 04:12:33.168,1.24236,1.24254,1.00,1.50
2015.09.14 04:12:33.219,1.24238,1.24254,1.00,1.50
2015.09.14 04:12:33.270,1.2424,1.24256,1.00,1.12
2015.09.14 04:12:33.574,1.24242,1.2426,1.00,1.12
2015.09.14 04:12:34.093,1.24241,1.24259,1.00,1.12
2015.09.14 04:12:34.597,1.2424,1.24259,1.00,1.12
2015.09.14 04:12:36.137,1.24236,1.24256,1.75,1.00
2015.09.14 04:12:36.188,1.24236,1.24257,1.00,1.12
2015.09.14 04:12:36.695,1.24235,1.24255,1.00,1.12
2015.09.14 04:12:37.101,1.24238,1.24255,1.00,1.75
2015.09.14 04:12:37.354,1.24236,1.24255,1.00,1.75
2015.09.14 04:12:39.522,1.24235,1.24255,1.00,1.87
2015.09.14 04:12:41.080,1.24237,1.24257,1.00,1.87
2015.09.14 04:12:41.384,1.24241,1.24256,1.00,1.00
2015.09.14 04:12:41.639,1.24237,1.24256,1.00,1.00
2015.09.14 04:12:42.172,1.24236,1.24255,1.50,1.00
2015.09.14 04:12:42.607,1.24235,1.24252,1.00,1.00
2015.09.14 04:12:43.280,1.24233,1.24252,1.00,1.00
2015.09.14 04:12:43.840,1.24232,1.24252,1.50,1.00
2015.09.14 04:12:43.942,1.24232,1.24252,1.00,1.37
2015.09.14 04:12:44.145,1.24228,1.24249,1.00,1.12
2015.09.14 04:12:45.263,1.24229,1.24249,1.00,1.12
2015.09.14 04:12:45.467,1.24229,1.24247,1.00,1.37
2015.09.14 04:12:45.568,1.24226,1.24247,1.00,1.12
2015.09.14 04:12:45.817,1.24228,1.24247,1.00,1.12
2015.09.14 04:12:46.590,1.24232,1.24247,1.00,1.00
2015.09.14 04:12:47.142,1.24233,1.2425,1.00,1.75
2015.09.14 04:12:47.448,1.24235,1.2425,1.00,1.75
2015.09.14 04:12:47.907,1.24234,1.24245,1.00,1.00
2015.09.14 04:12:47.959,1.24234,1.24254,1.00,1.12
2015.09.14 04:12:48.184,1.24235,1.24249,1.00,1.00
2015.09.14 04:12:48.336,1.24231,1.24249,1.12,1.00
2015.09.14 04:12:48.591,1.24231,1.24255,1.12,2.62
2015.09.14 04:12:51.308,1.24229,1.24252,1.12,1.75
2015.09.14 04:12:51.613,1.24225,1.24246,1.00,1.12
2015.09.14 04:12:51.715,1.24223,1.24246,1.87,1.87
2015.09.14 04:12:52.121,1.2422,1.24243,1.50,1.12
2015.09.14 04:12:52.639,1.24221,1.24243,1.00,1.12
2015.09.14 04:12:54.350,1.24222,1.24243,1.00,1.12
2015.09.14 04:12:55.025,1.2422,1.24243,1.00,1.75
2015.09.14 04:12:55.707,1.24221,1.24243,1.00,1.75
2015.09.14 04:12:56.624,1.2422,1.24243,1.00,1.75
2015.09.14 04:12:59.612,1.24218,1.2424,1.00,1.75
2015.09.14 04:12:59.917,1.2422,1.24242,1.00,1.12
2015.09.14 04:13:00.070,1.24222,1.24242,1.00,1.12
2015.09.14 04:13:00.589,1.24219,1.24244,2.25,1.75
2015.09.14 04:13:01.970,1.2422,1.24244,2.25,1.87
2015.09.14 04:13:02.517,1.2422,1.24243,2.25,1.87
2015.09.14 04:13:06.293,1.2422,1.24243,1.50,1.75
2015.09.14 04:13:06.446,1.24223,1.24244,1.50,1.50
2015.09.14 04:13:06.498,1.24225,1.24246,1.37,1.12
2015.09.14 04:13:07.015,1.24226,1.24248,1.87,1.75
2015.09.14 04:13:07.218,1.24227,1.2425,1.50,1.75
2015.09.14 04:13:08.324,1.24229,1.2425,1.00,1.12
2015.09.14 04:13:08.630,1.24231,1.2425,1.00,1.12
2015.09.14 04:13:09.037,1.2423,1.24254,1.87,1.75
2015.09.14 04:13:09.241,1.24235,1.24253,1.00,1.75
2015.09.14 04:13:09.546,1.24237,1.24257,1.00,1.87
2015.09.14 04:13:09.653,1.24237,1.24257,1.00,1.87
2015.09.14 04:13:09.908,1.24239,1.24257,1.00,1.75
2015.09.14 04:13:10.176,1.24239,1.24261,1.87,1.12
2015.09.14 04:13:10.684,1.24241,1.24262,1.87,1.75
2015.09.14 04:13:10.787,1.24243,1.24262,1.00,1.75
2015.09.14 04:13:12.414,1.24241,1.24264,1.50,1.87
2015.09.14 04:13:13.097,1.24238,1.24259,1.75,1.37
2015.09.14 04:13:13.301,1.24236,1.24254,1.75,1.00
2015.09.14 04:13:13.454,1.24236,1.24254,1.00,1.75
2015.09.14 04:13:13.981,1.24235,1.24256,1.12,1.12
2015.09.14 04:13:14.460,1.24233,1.24254,1.00,1.87
2015.09.14 04:13:14.615,1.24231,1.24252,1.50,1.75
2015.09.14 04:13:15.619,1.24228,1.24251,1.75,1.12
2015.09.14 04:13:15.721,1.24225,1.24248,1.87,1.12
2015.09.14 04:13:21.770,1.24225,1.24247,1.75,1.75
2015.09.14 04:13:21.973,1.2423,1.24248,1.12,1.75
2015.09.14 04:13:22.075,1.2423,1.24252,1.50,1.75
2015.09.14 04:13:23.086,1.24232,1.24255,1.00,1.87
2015.09.14 04:13:23.449,1.24234,1.24255,1.00,1.50
2015.09.14 04:13:23.858,1.24234,1.24255,2.25,1.50
2015.09.14 04:13:23.997,1.24235,1.24257,1.37,1.75
2015.09.14 04:13:24.202,1.24233,1.24254,1.37,1.12
2015.09.14 04:13:24.663,1.2423,1.24253,1.50,1.87
2015.09.14 04:13:25.567,1.24229,1.24252,2.25,1.12
2015.09.14 04:13:25.873,1.24226,1.24247,1.87,1.00
2015.09.14 04:13:26.179,1.24224,1.24247,1.37,2.25
2015.09.14 04:13:26.774,1.24224,1.24241,1.37,1.00
2015.09.14 04:13:31.082,1.24221,1.2424,1.87,1.00
2015.09.14 04:13:31.687,1.24221,1.2424,1.00,1.50
2015.09.14 04:13:33.615,1.24222,1.2424,1.00,1.50
2015.09.14 04:13:34.481,1.24221,1.24247,2.25,1.75
2015.09.14 04:13:36.941,1.24223,1.24246,1.50,1.75
2015.09.14 04:13:36.992,1.24224,1.24244,1.00,1.00
2015.09.14 04:13:40.710,1.24225,1.24244,1.37,1.00
2015.09.14 04:13:41.170,1.24227,1.24249,1.50,1.50
2015.09.14 04:13:43.535,1.24229,1.24252,1.50,1.75
2015.09.14 04:13:43.588,1.24229,1.24254,1.75,3.00
2015.09.14 04:13:43.691,1.24232,1.24252,1.00,1.00
2015.09.14 04:13:43.945,1.24232,1.24252,1.37,1.00
2015.09.14 04:13:44.302,1.24232,1.24252,1.37,1.00
2015.09.14 04:13:45.017,1.24232,1.24252,1.87,1.50
2015.09.14 04:13:46.722,1.24232,1.24252,1.87,1.00
2015.09.14 04:13:47.241,1.24232,1.24252,1.37,1.50
2015.09.14 04:13:47.827,1.24232,1.24251,1.12,1.00
2015.09.14 04:13:52.271,1.24232,1.24252,1.00,1.50
2015.09.14 04:13:56.884,1.24229,1.24252,1.12,1.50
2015.09.14 04:13:57.433,1.24228,1.24252,1.75,1.75
2015.09.14 04:13:59.069,1.24229,1.24253,1.37,2.25
2015.09.14 04:13:59.614,1.24231,1.24254,1.75,2.25
2015.09.14 04:14:00.116,1.24231,1.24254,1.87,2.25
2015.09.14 04:14:00.548,1.24231,1.24253,1.00,3.00
2015.09.14 04:14:01.035,1.2423,1.24248,1.37,1.00
2015.09.14 04:14:02.520,1.24233,1.24252,1.37,1.00
2015.09.14 04:14:07.865,1.24236,1.24252,1.00,1.00
2015.09.14 04:14:08.122,1.24239,1.24259,1.00,2.25
2015.09.14 04:14:08.274,1.24241,1.24261,1.00,1.75
2015.09.14 04:14:08.630,1.24237,1.24261,2.25,1.75
2015.09.14 04:14:09.476,1.24237,1.24261,2.25,2.25
2015.09.14 04:14:09.997,1.24237,1.24261,2.25,2.62
2015.09.14 04:14:11.199,1.24237,1.24259,2.25,1.75
2015.09.14 04:14:13.871,1.24237,1.24259,2.25,1.75
2015.09.14 04:14:16.365,1.24238,1.24261,1.37,1.75
2015.09.14 04:14:16.702,1.24241,1.24264,1.37,1.75
2015.09.14 04:14:16.855,1.24244,1.24269,1.50,2.62
2015.09.14 04:14:17.365,1.24245,1.24268,1.37,1.75
2015.09.14 04:14:18.587,1.24245,1.24268,1.87,1.75
2015.09.14 04:14:18.638,1.24248,1.24268,1.12,2.25
2015.09.14 04:14:18.892,1.24248,1.24268,1.87,1.50
2015.09.14 04:14:19.399,1.2425,1.24268,1.37,1.00
2015.09.14 04:14:19.976,1.2425,1.24268,1.37,1.00
2015.09.14 04:14:20.028,1.24253,1.24272,1.37,1.50
2015.09.14 04:14:21.071,1.24253,1.24273,1.37,1.50
2015.09.14 04:14:21.578,1.24253,1.24273,1.00,2.25
2015.09.14 04:14:21.795,1.24253,1.24273,1.00,3.00
2015.09.14 04:14:23.211,1.24253,1.2427,1.00,1.00
2015.09.14 04:14:24.246,1.24248,1.24268,1.37,1.12
2015.09.14 04:14:24.297,1.24246,1.24266,1.12,1.00
2015.09.14 04:14:24.551,1.24243,1.24264,1.87,1.12
2015.09.14 04:14:24.709,1.24241,1.24264,1.50,2.25
2015.09.14 04:14:24.760,1.24241,1.24263,1.50,1.12
2015.09.14 04:14:29.808,1.24239,1.24259,1.75,1.12
2015.09.14 04:14:29.859,1.24235,1.24259,1.87,1.87
2015.09.14 04:14:32.307,1.24237,1.24259,1.12,2.25
2015.09.14 04:14:34.426,1.24238,1.2426,1.50,2.25
2015.09.14 04:14:34.579,1.24242,1.2426,1.00,1.12
2015.09.14 04:14:34.630,1.2424,1.2426,1.12,1.12
2015.09.14 04:14:35.363,1.24245,1.24265,1.00,2.25
2015.09.14 04:14:37.881,1.24242,1.24264,1.00,1.12
2015.09.14 04:14:38.236,1.24238,1.24258,1.12,1.00
2015.09.14 04:14:38.780,1.24238,1.24257,1.87,1.00
2015.09.14 04:14:38.831,1.24238,1.2426,1.87,1.12
2015.09.14 04:14:40.169,1.24236,1.24259,1.50,1.87
2015.09.14 04:14:40.474,1.24234,1.24256,1.00,1.87
2015.09.14 04:14:46.859,1.24233,1.24257,1.75,1.87
2015.09.14 04:14:57.006,1.24235,1.24254,1.12,1.00
2015.09.14 04:14:57.909,1.24235,1.24254,1.37,1.00
2015.09.14 04:14:58.356,1.24239,1.24254,1.00,1.00
2015.09.14 04:14:58.660,1.24241,1.24261,1.00,1.87
2015.09.14 04:14:58.711,1.24241,1.2426,1.00,1.75
2015.09.14 04:15:03.715,1.2424,1.24259,1.00,1.37
2015.09.14 04:15:03.867,1.24236,1.24259,1.75,1.37
2015.09.14 04:15:03.969,1.24236,1.24257,1.37,1.37
2015.09.14 04:15:04.021,1.24236,1.24254,1.00,1.00
2015.09.14 04:15:04.540,1.24234,1.24254,1.37,1.00
2015.09.14 04:15:05.073,1.24234,1.24254,1.00,1.00
2015.09.14 04:15:05.967,1.24234,1.24252,1.00,1.00
2015.09.14 04:15:06.273,1.24229,1.24249,1.87,1.12
2015.09.14 04:15:06.820,1.24233,1.24252,1.00,1.75
2015.09.14 04:15:07.809,1.24236,1.24252,1.00,1.75
2015.09.14 04:15:08.082,1.2424,1.24261,1.00,1.12
2015.09.14 04:15:08.337,1.24238,1.24259,1.12,1.75
2015.09.14 04:15:08.490,1.24241,1.2426,1.00,1.75
2015.09.14 04:15:08.695,1.24239,1.24261,1.50,1.75
2015.09.14 04:15:09.240,1.2424,1.24262,1.00,1.75
2015.09.14 04:15:10.043,1.2424,1.24263,1.37,1.87
2015.09.14 04:15:10.563,1.2424,1.24262,1.12,1.12
2015.09.14 04:15:11.104,1.24239,1.24261,1.12,1.12
2015.09.14 04:15:11.307,1.24241,1.24262,1.00,1.75
2015.09.14 04:15:11.511,1.24244,1.24264,1.00,1.12
2015.09.14 04:15:12.025,1.24245,1.24267,1.00,2.62
2015.09.14 04:15:15.279,1.24246,1.24267,1.00,1.87
2015.09.14 04:15:15.534,1.24244,1.24266,1.00,1.75
2015.09.14 04:15:17.536,1.24246,1.24266,1.00,1.37
2015.09.14 04:15:17.993,1.24245,1.24265,1.37,1.37
2015.09.14 04:15:18.045,1.24243,1.24265,1.50,1.75
2015.09.14 04:15:20.698,1.24237,1.24259,1.75,1.37
2015.09.14 04:15:20.749,1.24237,1.24258,1.37,1.37
2015.09.14 04:15:21.803,1.24235,1.24255,1.75,1.50
2015.09.14 04:15:23.757,1.24236,1.24256,1.50,1.12
2015.09.14 04:15:31.795,1.24232,1.24255,1.12,1.00
2015.09.14 04:15:31.948,1.24232,1.24255,1.37,1.75
2015.09.14 04:15:37.292,1.24235,1.24254,1.00,1.50
2015.09.14 04:15:37.495,1.24233,1.24256,1.12,1.12
2015.09.14 04:15:38.495,1.24229,1.24254,1.12,1.87
2015.09.14 04:15:39.067,1.24228,1.24251,2.25,1.00
2015.09.14 04:15:39.750,1.24227,1.2425,1.87,1.00
2015.09.14 04:15:48.775,1.24231,1.24251,1.12,1.00
2015.09.14 04:15:51.254,1.2423,1.24252,1.12,1.00
2015.09.14 04:15:51.472,1.2423,1.24252,1.87,1.50
2015.09.14 04:15:54.698,1.2423,1.24252,1.12,2.25
2015.09.14 04:15:55.604,1.24231,1.24253,1.50,1.75
2015.09.14 04:15:56.285,1.24233,1.24255,1.87,1.87
2015.09.14 04:15:56.793,1.24234,1.24254,1.37,1.00
2015.09.14 04:15:57.048,1.24234,1.24252,1.37,1.00
2015.09.14 04:16:00.466,1.24234,1.24255,1.37,1.12
2015.09.14 04:16:00.984,1.24236,1.24256,1.00,1.50
2015.09.14 04:16:01.725,1.24236,1.24256,1.87,1.50
2015.09.14 04:16:02.030,1.24236,1.24257,1.87,1.75
2015.09.14 04:16:02.604,1.24238,1.24258,1.12,1.75
2015.09.14 04:16:05.022,1.24236,1.24256,1.87,1.50
2015.09.14 04:16:05.487,1.24235,1.24255,2.25,1.12
2015.09.14 04:16:07.102,1.24234,1.24254,1.50,1.00
2015.09.14 04:16:07.460,1.24233,1.24251,1.75,1.00
2015.09.14 04:16:09.294,1.24231,1.24252,1.87,1.00
2015.09.14 04:16:09.599,1.2423,1.24252,2.25,2.25
2015.09.14 04:16:11.169,1.2423,1.24244,1.75,1.00
2015.09.14 04:16:11.221,1.24225,1.24244,1.87,1.50
2015.09.14 04:16:11.730,1.24225,1.24243,1.00,1.00
2015.09.14 04:16:13.272,1.24225,1.24242,1.00,1.00
2015.09.14 04:16:13.375,1.24225,1.24244,1.50,1.50
2015.09.14 04:16:13.579,1.24228,1.24244,1.12,1.00
2015.09.14 04:16:13.630,1.24229,1.2425,1.50,2.62
2015.09.14 04:16:14.138,1.24231,1.24252,1.12,2.25
2015.09.14 04:16:18.566,1.2423,1.24252,1.50,3.00
2015.09.14 04:16:23.511,1.24231,1.24248,1.00,1.12
2015.09.14 04:16:25.464,1.24232,1.24254,1.00,1.12
2015.09.14 04:16:26.013,1.24232,1.24254,1.37,1.75
2015.09.14 04:16:31.744,1.24232,1.2425,1.87,1.75
2015.09.14 04:16:32.261,1.24233,1.24255,1.50,2.25
2015.09.14 04:16:44.721,1.24236,1.24254,1.00,1.75
2015.09.14 04:16:44.875,1.24236,1.24255,1.37,1.00
2015.09.14 04:16:45.435,1.24238,1.24257,1.00,2.25
2015.09.14 04:16:48.889,1.24237,1.24257,1.00,2.25
2015.09.14 04:16:48.941,1.24236,1.24257,1.75,1.50
2015.09.14 04:16:49.247,1.24241,1.2426,1.00,1.12
2015.09.14 04:16:50.332,1.24242,1.24263,1.00,1.75
2015.09.14 04:16:50.384,1.24244,1.24262,1.00,1.00
2015.09.14 04:16:50.486,1.24244,1.24264,1.00,1.00
2015.09.14 04:16:50.537,1.24247,1.24264,1.00,1.00
2015.09.14 04:16:50.844,1.24251,1.24268,1.00,1.50
2015.09.14 04:16:51.172,1.24253,1.24268,1.00,1.50
2015.09.14 04:16:52.197,1.24249,1.24268,1.50,1.50
2015.09.14 04:16:53.199,1.24247,1.24265,1.75,1.50
2015.09.14 04:16:53.352,1.24244,1.24262,1.50,1.00
2015.09.14 04:16:53.879,1.24242,1.24261,1.75,1.00
2015.09.14 04:16:54.364,1.24242,1.24263,1.75,1.00
2015.09.14 04:16:55.382,1.24242,1.24262,1.75,1.00
2015.09.14 04:16:56.087,1.24242,1.24263,1.75,1.50
2015.09.14 04:16:56.696,1.24242,1.24263,1.75,1.37
2015.09.14 04:16:57.203,1.24242,1.24263,1.75,1.00
2015.09.14 04:16:57.675,1.24242,1.24259,1.75,1.00
2015.09.14 04:17:00.695,1.24241,1.24259,1.37,1.00
2015.09.14 04:17:01.215,1.24242,1.24261,1.12,1.37
2015.09.14 04:17:02.545,1.24243,1.24261,1.00,1.37
2015.09.14 04:17:03.320,1.24244,1.24264,1.00,1.75
2015.09.14 04:17:03.854,1.24243,1.24263,1.00,1.75
2015.09.14 04:17:03.956,1.24246,1.24264,1.00,1.75
2015.09.14 04:17:04.109,1.24246,1.24265,1.00,1.00
2015.09.14 04:17:04.964,1.24245,1.24265,1.00,1.00
2015.09.14 04:17:06.122,1.24245,1.24265,1.00,2.25
2015.09.14 04:17:06.224,1.24245,1.24262,1.00,1.00
2015.09.14 04:17:07.272,1.24245,1.24265,1.00,1.12
2015.09.14 04:17:08.029,1.24245,1.24264,1.50,1.00
2015.09.14 04:17:08.537,1.24245,1.24265,1.00,1.87
2015.09.14 04:17:09.710,1.24245,1.24265,1.00,1.87
2015.09.14 04:17:10.235,1.24245,1.24265,1.00,1.50
2015.09.14 04:17:12.018,1.24245,1.24264,1.00,1.00
2015.09.14 04:17:14.728,1.24245,1.24265,1.00,1.00
2015.09.14 04:17:17.278,1.24245,1.24263,1.00,1.00
2015.09.14 04:17:18.494,1.24246,1.24263,1.00,1.00
2015.09.14 04:17:18.800,1.24247,1.24265,1.87,1.00
2015.09.14 04:17:19.731,1.24249,1.24265,1.00,1.00
2015.09.14 04:17:19.833,1.24249,1.24272,1.12,2.25
2015.09.14 04:17:22.160,1.24251,1.24274,1.37,1.75
2015.09.14 04:17:22.211,1.24256,1.24274,1.00,1.75
2015.09.14 04:17:22.529,1.24255,1.2428,1.75,2.25
2015.09.14 04:17:27.776,1.2425,1.24275,1.12,1.87
2015.09.14 04:17:27.827,1.2425,1.24272,1.37,1.37
2015.09.14 04:17:28.849,1.24255,1.24274,1.00,1.00
2015.09.14 04:17:34.751,1.24251,1.24274,1.87,1.37
2015.09.14 04:17:34.803,1.24251,1.24274,1.50,1.12
2015.09.14 04:17:35.109,1.24255,1.24276,1.00,1.75
2015.09.14 04:17:35.211,1.24258,1.24274,1.00,1.00
2015.09.14 04:17:35.402,1.24256,1.24274,1.00,1.00
2015.09.14 04:17:39.280,1.24255,1.24274,2.25,1.00
2015.09.14 04:17:39.433,1.24255,1.24277,2.25,1.37
2015.09.14 04:17:39.535,1.24255,1.24279,2.25,1.87
2015.09.14 04:17:40.896,1.24261,1.2428,1.12,1.75
2015.09.14 04:17:41.048,1.24263,1.24283,1.00,1.00
2015.09.14 04:17:41.760,1.24264,1.24283,1.00,1.00
2015.09.14 04:17:42.274,1.24263,1.24283,1.50,1.00
2015.09.14 04:17:45.153,1.24264,1.24283,1.00,1.00
2015.09.14 04:17:46.719,1.24263,1.24283,1.12,1.00
2015.09.14 04:17:47.286,1.24264,1.24283,1.00,1.00
2015.09.14 04:17:47.789,1.24263,1.24283,1.87,1.00
2015.09.14 04:17:49.875,1.24263,1.24287,2.62,1.12
2015.09.14 04:17:49.927,1.24264,1.24288,1.12,1.87
2015.09.14 04:17:52.616,1.24264,1.24286,1.75,1.37
2015.09.14 04:17:53.700,1.24264,1.24286,1.75,1.00
2015.09.14 04:17:54.207,1.24266,1.24288,1.75,1.87
2015.09.14 04:17:55.528,1.24268,1.24286,1.50,1.00
2015.09.14 04:17:55.782,1.24264,1.24284,1.00,1.00
2015.09.14 04:17:56.301,1.24264,1.24284,1.37,1.00
2015.09.14 04:17:56.846,1.24264,1.24284,1.12,1.00
2015.09.14 04:18:05.722,1.24264,1.24284,1.37,1.00
2015.09.14 04:18:05.977,1.24265,1.24289,1.87,3.00
2015.09.14 04:18:08.859,1.24265,1.24288,1.75,1.50
2015.09.14 04:18:09.165,1.24263,1.24285,1.87,1.00
2015.09.14 04:18:09.419,1.24264,1.24287,1.12,1.75
2015.09.14 04:18:09.574,1.24267,1.24289,1.12,1.00
2015.09.14 04:18:10.110,1.24267,1.24291,1.12,1.37
2015.09.14 04:18:10.651,1.24267,1.24289,1.12,1.00
2015.09.14 04:18:12.161,1.24269,1.24289,1.75,1.00
2015.09.14 04:18:12.314,1.24272,1.24291,1.12,1.50
2015.09.14 04:18:12.365,1.24272,1.24294,1.87,1.12
2015.09.14 04:18:12.874,1.24271,1.24293,1.12,1.00
2015.09.14 04:18:12.976,1.2427,1.24293,1.12,3.37
2015.09.14 04:18:14.285,1.24268,1.24287,1.12,1.00
2015.09.14 04:18:14.591,1.24263,1.24286,1.75,1.00
2015.09.14 04:18:14.694,1.24262,1.24284,1.12,1.00
2015.09.14 04:18:14.796,1.24264,1.24284,1.00,1.50
2015.09.14 04:18:15.243,1.24264,1.24281,1.00,1.00
2015.09.14 04:18:16.133,1.24264,1.24283,1.00,1.00
2015.09.14 04:18:16.643,1.24264,1.24284,1.00,2.25
2015.09.14 04:18:18.328,1.24264,1.24282,1.00,1.00
2015.09.14 04:18:21.825,1.24264,1.24283,1.00,1.00
2015.09.14 04:18:24.382,1.24264,1.24281,1.00,1.37
2015.09.14 04:18:24.585,1.2426,1.24279,1.00,1.00
2015.09.14 04:18:25.245,1.2426,1.24277,1.00,1.00
2015.09.14 04:18:25.754,1.2426,1.24278,1.00,1.00
2015.09.14 04:18:26.060,1.24262,1.2428,1.00,1.00
2015.09.14 04:18:26.545,1.24262,1.24283,1.75,1.00
2015.09.14 04:18:27.063,1.24259,1.24282,1.75,1.37
2015.09.14 04:18:27.367,1.24259,1.24283,1.12,2.25
2015.09.14 04:18:31.545,1.24261,1.24283,1.87,2.10
2015.09.14 04:18:31.698,1.24255,1.24271,1.00,1.00
2015.09.14 04:18:31.851,1.24253,1.2427,1.00,1.00
2015.09.14 04:18:32.308,1.24253,1.24272,1.00,1.50
2015.09.14 04:18:32.819,1.24253,1.24271,1.00,1.00
2015.09.14 04:18:33.305,1.24253,1.24273,1.12,2.25
2015.09.14 04:18:33.632,1.24253,1.24274,1.12,1.00
2015.09.14 04:18:35.224,1.2425,1.24273,1.12,1.00
2015.09.14 04:18:35.428,1.2425,1.24271,1.12,1.00
2015.09.14 04:18:35.814,1.24249,1.24269,1.12,1.00
2015.09.14 04:18:36.018,1.24246,1.24269,1.12,1.00
2015.09.14 04:18:36.121,1.24246,1.24266,1.12,1.00
2015.09.14 04:18:37.637,1.24247,1.24269,1.12,1.00
2015.09.14 04:18:37.995,1.24247,1.24267,1.12,1.00
2015.09.14 04:18:39.684,1.24249,1.24268,1.12,1.00
2015.09.14 04:18:39.889,1.24252,1.24273,1.12,1.87
2015.09.14 04:18:42.515,1.24252,1.24273,1.12,1.72
2015.09.14 04:18:42.769,1.24241,1.24265,1.87,1.12
2015.09.14 04:18:43.090,1.24241,1.24262,1.87,1.00
2015.09.14 04:18:43.411,1.24242,1.24266,1.75,1.37
2015.09.14 04:18:44.983,1.24248,1.24266,1.00,1.37
2015.09.14 04:18:45.136,1.24248,1.2427,1.75,1.37
2015.09.14 04:18:47.132,1.24245,1.24269,1.75,2.25
2015.09.14 04:18:47.336,1.24243,1.24267,1.12,1.50
2015.09.14 04:18:47.590,1.24241,1.24264,1.87,1.00
2015.09.14 04:18:48.350,1.24243,1.24262,1.00,1.00
2015.09.14 04:18:48.453,1.24243,1.2426,1.00,1.00
2015.09.14 04:18:48.708,1.24243,1.24262,1.00,1.00
2015.09.14 04:18:52.948,1.24243,1.24261,1.00,1.00
2015.09.14 04:18:54.293,1.24243,1.24263,1.00,2.25
2015.09.14 04:18:54.344,1.24243,1.24261,1.00,1.00
2015.09.14 04:18:54.890,1.24243,1.2426,1.00,1.00
2015.09.14 04:18:55.488,1.24243,1.24263,1.00,1.50
2015.09.14 04:18:55.947,1.24244,1.24267,1.12,1.12
2015.09.14 04:18:59.904,1.24245,1.24265,1.75,1.00
2015.09.14 04:19:00.352,1.24243,1.24263,1.75,1.00
2015.09.14 04:19:00.682,1.24244,1.24265,1.12,1.00
2015.09.14 04:19:00.784,1.24246,1.24268,1.12,1.50
2015.09.14 04:19:05.879,1.24248,1.24269,1.37,1.12
2015.09.14 04:19:06.488,1.24243,1.24264,1.75,1.00
2015.09.14 04:19:07.710,1.24243,1.24265,1.12,1.00
2015.09.14 04:19:09.674,1.24245,1.24267,1.75,1.00
2015.09.14 04:19:11.193,1.24245,1.24267,1.50,1.37
2015.09.14 04:19:12.820,1.24245,1.24269,1.87,1.12
2015.09.14 04:19:12.972,1.24251,1.2427,1.00,1.12
2015.09.14 04:19:13.074,1.24251,1.24272,1.12,1.87
2015.09.14 04:19:14.818,1.24247,1.24271,1.75,1.87
2015.09.14 04:19:15.123,1.24242,1.24262,1.75,1.00
2015.09.14 04:19:15.428,1.2424,1.24261,1.75,1.37
2015.09.14 04:19:15.480,1.24238,1.24261,1.75,1.50
2015.09.14 04:19:15.531,1.24238,1.24258,1.75,1.00
2015.09.14 04:19:16.752,1.24239,1.24261,1.75,1.50
2015.09.14 04:19:17.294,1.24242,1.24265,1.00,1.87
2015.09.14 04:19:17.795,1.24241,1.24265,1.50,1.87
2015.09.14 04:19:20.427,1.24239,1.24262,2.25,1.12
2015.09.14 04:19:20.529,1.24239,1.24261,2.25,1.00
2015.09.14 04:19:21.108,1.24238,1.24262,1.12,1.87
2015.09.14 04:19:21.636,1.24237,1.24259,2.25,1.37
2015.09.14 04:19:25.328,1.24238,1.24259,1.75,1.00
2015.09.14 04:19:26.083,1.24241,1.24261,1.12,1.00
2015.09.14 04:19:26.899,1.24243,1.24262,1.00,1.37
2015.09.14 04:19:27.204,1.24246,1.24265,1.37,1.12
2015.09.14 04:19:33.598,1.24248,1.24265,1.00,1.12
2015.09.14 04:19:34.622,1.24249,1.24267,1.00,1.50
2015.09.14 04:19:34.724,1.24247,1.24267,1.12,1.50
2015.09.14 04:19:36.692,1.24249,1.24267,1.00,1.50
2015.09.14 04:19:37.813,1.2425,1.2427,1.00,1.12
2015.09.14 04:19:42.440,1.2425,1.2427,1.50,1.50
2015.09.14 04:19:43.082,1.2425,1.2427,1.00,1.37
2015.09.14 04:19:43.595,1.2425,1.24268,1.00,1.00
2015.09.14 04:19:45.199,1.2425,1.24269,1.00,1.00
2015.09.14 04:19:45.452,1.2425,1.24266,1.00,1.37
2015.09.14 04:19:45.640,1.24241,1.24265,1.87,1.50
2015.09.14 04:19:45.793,1.24237,1.2426,1.75,1.00
2015.09.14 04:19:45.844,1.2424,1.24259,1.00,1.00
2015.09.14 04:19:48.123,1.24236,1.2426,1.00,1.87
2015.09.14 04:19:48.581,1.24231,1.24255,1.87,1.37
2015.09.14 04:19:48.735,1.24231,1.24251,1.50,1.12
2015.09.14 04:19:49.582,1.24232,1.24255,1.12,1.87
2015.09.14 04:19:49.786,1.24234,1.24258,1.00,1.75
2015.09.14 04:19:49.925,1.24237,1.24256,1.00,1.00
2015.09.14 04:19:50.230,1.24237,1.24262,1.75,1.12
2015.09.14 04:19:55.452,1.2424,1.24262,1.87,1.00
2015.09.14 04:19:56.213,1.24239,1.24261,1.75,1.00
2015.09.14 04:19:58.935,1.24238,1.24261,1.75,1.75
2015.09.14 04:20:00.696,1.24242,1.24262,1.00,1.75
2015.09.14 04:20:00.849,1.24243,1.24262,1.00,1.00
2015.09.14 04:20:01.378,1.24243,1.24261,1.50,1.00
2015.09.14 04:20:02.840,1.24243,1.24262,1.50,1.00
2015.09.14 04:20:10.532,1.24243,1.24263,1.50,1.00
2015.09.14 04:20:11.036,1.24245,1.24263,1.00,1.00
2015.09.14 04:20:16.320,1.24246,1.24263,1.00,1.00
2015.09.14 04:20:16.524,1.24244,1.24263,1.00,1.00
2015.09.14 04:20:16.981,1.24244,1.24267,1.87,1.12
2015.09.14 04:20:27.728,1.24243,1.24263,1.75,1.00
2015.09.14 04:20:27.883,1.24239,1.2426,1.50,1.12
2015.09.14 04:20:29.646,1.24242,1.24261,1.00,1.75
2015.09.14 04:20:30.699,1.2424,1.24261,1.12,1.75
2015.09.14 04:20:34.896,1.24243,1.24263,1.00,1.00
2015.09.14 04:20:36.265,1.24244,1.24263,1.37,1.00
2015.09.14 04:20:36.570,1.24247,1.2427,1.87,1.75
2015.09.14 04:20:37.769,1.24244,1.24266,1.75,1.00
2015.09.14 04:20:38.291,1.24244,1.24265,1.37,1.00
2015.09.14 04:20:38.346,1.24244,1.24265,1.37,1.37
2015.09.14 04:20:43.752,1.24246,1.24268,1.00,1.75
2015.09.14 04:20:43.803,1.24247,1.2427,1.87,1.12
2015.09.14 04:20:43.956,1.2425,1.2427,1.00,1.87
2015.09.14 04:20:44.058,1.24248,1.2427,1.12,1.12
2015.09.14 04:20:44.959,1.24249,1.24272,1.00,1.87
2015.09.14 04:20:45.512,1.24251,1.24273,1.00,1.12
2015.09.14 04:20:45.614,1.24252,1.24274,1.50,1.87
2015.09.14 04:20:46.137,1.24255,1.2428,1.12,1.12
2015.09.14 04:20:46.189,1.24257,1.24281,1.50,1.12
2015.09.14 04:20:46.241,1.24257,1.24281,1.87,1.12
2015.09.14 04:20:46.292,1.2426,1.24282,1.00,1.75
2015.09.14 04:20:46.394,1.24258,1.24281,1.00,1.75
2015.09.14 04:20:46.496,1.24258,1.24282,1.37,1.50
2015.09.14 04:20:46.547,1.24258,1.24282,1.12,1.50
2015.09.14 04:20:47.582,1.24256,1.2428,1.87,1.00
2015.09.14 04:20:47.836,1.24254,1.24278,1.12,1.75
2015.09.14 04:20:50.536,1.2425,1.24271,1.12,1.00
2015.09.14 04:20:50.638,1.24248,1.24271,1.87,1.00
2015.09.14 04:20:50.791,1.24245,1.2427,1.75,1.37
2015.09.14 04:20:51.096,1.24242,1.24264,1.12,1.00
2015.09.14 04:20:58.277,1.24243,1.24265,1.12,1.00
2015.09.14 04:21:00.660,1.24243,1.24264,1.87,1.00
2015.09.14 04:21:00.813,1.24246,1.24269,1.12,1.75
2015.09.14 04:21:01.315,1.24248,1.2427,1.12,1.37
2015.09.14 04:21:01.367,1.24249,1.2427,1.12,1.12
2015.09.14 04:21:02.562,1.24248,1.24269,1.12,1.00
2015.09.14 04:21:05.318,1.24252,1.24274,1.00,2.25
2015.09.14 04:21:05.420,1.24252,1.24274,1.37,1.87
2015.09.14 04:21:05.471,1.24252,1.24274,1.12,1.50
2015.09.14 04:21:09.903,1.24255,1.24276,1.37,1.37
2015.09.14 04:21:10.157,1.24258,1.24277,1.75,1.00
2015.09.14 04:21:10.360,1.24258,1.2428,1.75,1.12
2015.09.14 04:21:15.854,1.24257,1.24279,1.75,1.00
2015.09.14 04:21:16.390,1.24257,1.24278,1.75,1.00
2015.09.14 04:21:17.837,1.24256,1.24274,1.75,1.00
2015.09.14 04:21:17.888,1.24256,1.24274,1.75,1.00
2015.09.14 04:21:18.194,1.24249,1.24273,1.12,1.12
2015.09.14 04:21:18.296,1.24248,1.24268,1.12,1.00
2015.09.14 04:21:18.956,1.24247,1.2427,1.12,1.00
2015.09.14 04:21:19.059,1.24247,1.24268,1.12,1.00
2015.09.14 04:21:19.467,1.24247,1.2427,1.12,1.00
2015.09.14 04:21:22.670,1.24251,1.24271,1.12,1.00
2015.09.14 04:21:22.721,1.24251,1.24273,1.12,1.12
2015.09.14 04:21:26.098,1.24251,1.24272,2.62,1.00
2015.09.14 04:21:29.193,1.24252,1.24268,1.75,1.00
2015.09.14 04:21:29.397,1.2425,1.24268,1.00,1.00
2015.09.14 04:21:29.499,1.2425,1.24265,1.00,1.00
2015.09.14 04:21:29.602,1.2425,1.24268,1.00,1.00
2015.09.14 04:21:31.050,1.2425,1.24264,1.00,1.00
2015.09.14 04:21:31.608,1.24243,1.24264,1.12,1.00
2015.09.14 04:21:32.351,1.24245,1.24268,1.50,1.75
2015.09.14 04:21:35.342,1.24249,1.24268,1.00,1.87
2015.09.14 04:21:37.510,1.2425,1.24271,1.00,2.62
2015.09.14 04:21:40.306,1.24248,1.2427,1.00,1.87
2015.09.14 04:21:42.677,1.24251,1.2427,1.00,1.12
2015.09.14 04:21:43.570,1.24252,1.2427,1.00,1.75
2015.09.14 04:21:43.621,1.24252,1.24275,1.12,1.75
2015.09.14 04:21:43.824,1.24254,1.24277,1.75,1.87
2015.09.14 04:21:51.360,1.24249,1.24274,1.12,1.50
2015.09.14 04:21:51.615,1.24247,1.2427,1.12,1.37
2015.09.14 04:21:52.109,1.24246,1.24267,1.12,1.00
2015.09.14 04:21:52.211,1.24246,1.24265,1.00,1.00
2015.09.14 04:21:52.719,1.24246,1.24262,1.00,1.00
2015.09.14 04:21:53.027,1.2424,1.24261,1.12,1.12
2015.09.14 04:21:53.780,1.24238,1.2426,1.12,1.00
2015.09.14 04:21:53.831,1.24239,1.24258,1.00,1.00
2015.09.14 04:21:56.910,1.24239,1.24261,1.37,1.37
2015.09.14 04:21:56.961,1.24239,1.24261,1.12,1.00
2015.09.14 04:21:57.646,1.24241,1.24264,1.12,1.87
2015.09.14 04:22:07.552,1.2424,1.24261,1.75,1.00
2015.09.14 04:22:07.888,1.24236,1.24258,1.12,1.00
2015.09.14 04:22:08.411,1.24238,1.24259,1.12,1.00
2015.09.14 04:22:11.651,1.2424,1.24263,1.12,1.37
2015.09.14 04:22:12.058,1.24245,1.24265,1.00,1.00
2015.09.14 04:22:12.808,1.24245,1.24264,1.00,1.00
2015.09.14 04:22:14.770,1.2424,1.24262,2.25,1.50
2015.09.14 04:22:14.872,1.24238,1.24259,1.75,1.00
2015.09.14 04:22:16.067,1.24236,1.24257,1.12,1.00
2015.09.14 04:22:16.171,1.24236,1.24257,1.12,1.50
2015.09.14 04:22:18.017,1.24233,1.24257,1.75,1.12
2015.09.14 04:22:18.069,1.24232,1.24255,1.12,1.12
2015.09.14 04:22:18.935,1.24234,1.24255,1.87,1.75
2015.09.14 04:22:19.103,1.24238,1.24257,1.00,1.50
2015.09.14 04:22:19.357,1.24238,1.24261,1.37,1.50
2015.09.14 04:22:19.409,1.24241,1.24261,1.00,1.50
2015.09.14 04:22:21.137,1.24241,1.24261,2.25,1.00
2015.09.14 04:22:21.189,1.24243,1.24263,1.12,1.12
2015.09.14 04:22:21.701,1.24245,1.24263,1.00,1.12
2015.09.14 04:22:27.482,1.24243,1.24262,1.37,1.00
2015.09.14 04:22:27.788,1.2424,1.24261,1.37,1.75
2015.09.14 04:22:29.061,1.24235,1.24255,1.87,1.00
2015.09.14 04:22:29.113,1.24237,1.24255,1.00,1.00
2015.09.14 04:22:29.838,1.24237,1.24254,1.00,1.00
2015.09.14 04:22:29.991,1.24233,1.24253,1.37,1.00
2015.09.14 04:22:30.162,1.24233,1.24253,1.12,1.00
2015.09.14 04:22:33.231,1.24233,1.24252,1.12,1.00
2015.09.14 04:22:36.003,1.24233,1.24253,1.12,1.00
2015.09.14 04:22:37.988,1.24233,1.24249,1.00,1.00
2015.09.14 04:22:38.090,1.24228,1.24248,1.00,1.50
2015.09.14 04:22:39.845,1.24229,1.24248,1.00,1.00
2015.09.14 04:22:39.998,1.24227,1.24252,1.75,1.37
2015.09.14 04:22:40.303,1.24228,1.24248,1.00,1.00
2015.09.14 04:22:40.819,1.24228,1.24247,1.00,1.00
2015.09.14 04:22:41.326,1.24228,1.24248,1.37,1.00
2015.09.14 04:22:42.616,1.24228,1.24248,1.12,1.00
2015.09.14 04:22:43.326,1.24228,1.24248,1.37,1.00
2015.09.14 04:22:44.218,1.24228,1.24248,1.37,1.00
2015.09.14 04:22:44.320,1.24228,1.24248,1.37,1.00
2015.09.14 04:22:44.424,1.24232,1.24252,1.00,1.12
2015.09.14 04:22:45.218,1.24231,1.24253,1.12,1.50
2015.09.14 04:22:50.555,1.24231,1.24252,1.37,1.12
2015.09.14 04:23:00.332,1.24232,1.24255,1.87,1.50
2015.09.14 04:23:03.448,1.24236,1.24259,1.00,1.87
2015.09.14 04:23:04.762,1.24234,1.24257,1.50,1.75
2015.09.14 04:23:04.864,1.24237,1.24258,1.00,1.75
2015.09.14 04:23:04.966,1.24234,1.24256,1.12,1.87
2015.09.14 04:23:05.945,1.24236,1.24255,1.00,1.50
2015.09.14 04:23:06.643,1.24236,1.24259,1.37,1.75
2015.09.14 04:23:06.978,1.24236,1.2426,1.75,1.12
2015.09.14 04:23:12.221,1.24241,1.24262,1.00,1.75
2015.09.14 04:23:12.628,1.24242,1.24263,1.37,1.87
2015.09.14 04:23:12.679,1.24243,1.24263,1.00,1.87
2015.09.14 04:23:13.186,1.24243,1.24261,1.00,1.00
2015.09.14 04:23:13.686,1.24241,1.24261,1.00,1.75
2015.09.14 04:23:13.889,1.24237,1.24262,1.12,1.87
2015.09.14 04:23:16.415,1.2424,1.24262,1.12,1.75
2015.09.14 04:23:16.602,1.2424,1.24264,1.87,2.25
2015.09.14 04:23:16.908,1.24248,1.24263,1.00,1.00
2015.09.14 04:23:16.959,1.24241,1.24263,1.75,1.12
2015.09.14 04:23:17.478,1.24239,1.24262,2.25,1.00
2015.09.14 04:23:23.407,1.24244,1.24264,1.12,1.50
2015.09.14 04:23:25.222,1.24245,1.24265,1.12,1.75
2015.09.14 04:23:25.324,1.24249,1.24268,1.00,2.25
2015.09.14 04:23:25.376,1.24249,1.24268,1.50,1.00
2015.09.14 04:23:26.035,1.24249,1.24266,1.50,1.00
2015.09.14 04:23:26.290,1.24246,1.24265,1.75,1.12
2015.09.14 04:23:28.716,1.24247,1.24267,1.12,1.75
2015.09.14 04:23:32.110,1.24248,1.24267,1.00,1.75
2015.09.14 04:23:33.426,1.24247,1.24267,1.12,1.75
2015.09.14 04:23:33.714,1.2425,1.24268,1.37,1.00
2015.09.14 04:23:36.695,1.24249,1.24267,1.12,1.00
2015.09.14 04:23:39.037,1.24248,1.24269,1.12,1.12
2015.09.14 04:23:44.296,1.24249,1.24267,1.12,1.00
2015.09.14 04:23:52.213,1.24247,1.24267,1.75,1.00
2015.09.14 04:23:55.962,1.24247,1.24269,1.12,1.12
2015.09.14 04:23:56.970,1.24248,1.2427,1.12,1.50
2015.09.14 04:23:57.072,1.24249,1.24272,1.87,1.37
2015.09.14 04:23:57.124,1.2425,1.24272,1.12,1.00
2015.09.14 04:23:57.580,1.24255,1.24274,1.12,1.37
2015.09.14 04:23:57.632,1.24258,1.24276,1.00,1.00
2015.09.14 04:23:58.037,1.24258,1.24278,1.00,1.50
2015.09.14 04:24:00.600,1.24258,1.24276,1.00,1.00
2015.09.14 04:24:01.556,1.24258,1.24278,1.00,1.00
2015.09.14 04:24:06.700,1.24257,1.24281,1.12,1.37
2015.09.14 04:24:06.752,1.24258,1.24282,1.75,1.37
2015.09.14 04:24:32.251,1.24261,1.24282,1.12,1.12
2015.09.14 04:24:34.667,1.24261,1.24283,1.12,1.12
2015.09.14 04:24:35.294,1.24261,1.24282,1.12,1.00
2015.09.14 04:24:40.623,1.24261,1.24283,1.12,1.12
2015.09.14 04:24:45.316,1.24262,1.24285,1.12,1.50
2015.09.14 04:24:45.832,1.24264,1.24288,1.87,1.87
2015.09.14 04:24:55.504,1.24266,1.24288,1.12,1.12
2015.09.14 04:24:55.606,1.2427,1.24291,1.12,1.12
2015.09.14 04:25:08.879,1.24267,1.2429,1.12,1.50
2015.09.14 04:25:09.033,1.24267,1.2429,1.12,1.87
2015.09.14 04:25:09.084,1.24267,1.2429,1.37,2.25
2015.09.14 04:25:11.091,1.24264,1.24286,1.75,1.00
2015.09.14 04:25:11.604,1.24261,1.24285,2.25,1.00
2015.09.14 04:25:11.655,1.24261,1.24285,2.25,1.37
2015.09.14 04:25:11.808,1.24261,1.24284,1.75,1.50
2015.09.14 04:25:12.112,1.24259,1.24282,1.37,1.12
2015.09.14 04:25:13.010,1.24259,1.24283,1.12,1.75
2015.09.14 04:25:13.527,1.2426,1.24283,1.12,1.12
2015.09.14 04:25:17.485,1.24259,1.24279,1.50,1.00
2015.09.14 04:25:18.910,1.24259,1.2428,1.50,1.50
2015.09.14 04:25:22.078,1.24261,1.24286,1.00,1.87
2015.09.14 04:25:22.757,1.24262,1.24286,1.00,1.87
2015.09.14 04:25:22.859,1.24262,1.24286,1.75,1.87
2015.09.14 04:25:23.395,1.24265,1.24289,1.50,2.62
2015.09.14 04:25:23.447,1.24266,1.24289,1.12,1.50
2015.09.14 04:25:24.895,1.24264,1.24285,1.75,1.00
2015.09.14 04:25:25.048,1.24264,1.24284,1.00,1.00
2015.09.14 04:25:27.614,1.24264,1.24283,1.00,1.00
2015.09.14 04:25:28.256,1.24264,1.24282,1.00,1.00
2015.09.14 04:25:28.770,1.24264,1.24284,1.00,1.87
2015.09.14 04:25:29.127,1.24264,1.24281,1.00,1.00
2015.09.14 04:25:29.280,1.24257,1.24281,1.87,1.75
2015.09.14 04:25:37.813,1.24262,1.24283,1.00,1.75
2015.09.14 04:25:37.916,1.24262,1.24284,1.37,1.87
2015.09.14 04:25:37.967,1.24264,1.24284,1.00,1.87
2015.09.14 04:25:38.576,1.24264,1.24283,1.00,1.00
2015.09.14 04:25:42.214,1.24264,1.24282,1.00,1.00
2015.09.14 04:25:42.728,1.24264,1.24281,1.00,1.00
2015.09.14 04:25:48.369,1.24264,1.2428,1.00,1.00
2015.09.14 04:25:48.881,1.24264,1.24281,1.00,1.50
2015.09.14 04:25:53.293,1.24261,1.24281,1.00,2.25
2015.09.14 04:26:03.122,1.24261,1.24281,1.37,1.00
2015.09.14 04:26:03.173,1.24261,1.24284,1.12,1.87
2015.09.14 04:26:03.224,1.24265,1.24284,1.00,1.00
2015.09.14 04:26:03.580,1.24266,1.24288,1.50,1.37
2015.09.14 04:26:03.631,1.24266,1.24288,1.75,1.00
2015.09.14 04:26:03.784,1.24264,1.24285,1.12,1.00
2015.09.14 04:26:03.998,1.24263,1.24284,1.87,1.12
2015.09.14 04:26:06.955,1.2426,1.24276,1.87,1.00
2015.09.14 04:26:07.537,1.24258,1.24275,2.25,1.00
2015.09.14 04:26:07.638,1.24258,1.24274,1.75,1.00
2015.09.14 04:26:07.993,1.24258,1.24272,1.75,1.00
2015.09.14 04:26:08.196,1.24258,1.24274,1.75,1.00
2015.09.14 04:26:08.615,1.24258,1.2427,1.75,1.00
2015.09.14 04:26:08.717,1.24256,1.24268,1.00,1.00
2015.09.14 04:26:08.870,1.24252,1.24272,1.75,1.00
2015.09.14 04:26:08.972,1.24252,1.24268,1.75,1.00
2015.09.14 04:26:09.125,1.24252,1.24267,1.00,1.00
2015.09.14 04:26:09.176,1.24251,1.2427,1.00,1.50
2015.09.14 04:26:09.531,1.24249,1.24266,1.75,1.00
2015.09.14 04:26:09.642,1.24247,1.24268,1.75,1.00
2015.09.14 04:26:09.694,1.24247,1.24266,1.00,1.00
2015.09.14 04:26:09.998,1.24247,1.24272,1.75,1.75
2015.09.14 04:26:10.303,1.24255,1.24274,1.00,1.00
2015.09.14 04:26:10.507,1.24258,1.24276,1.00,1.00
2015.09.14 04:26:11.022,1.24258,1.24277,1.00,1.00
2015.09.14 04:26:11.550,1.24258,1.24276,1.00,1.00
2015.09.14 04:26:11.907,1.24258,1.24278,1.00,1.50
2015.09.14 04:26:12.715,1.24258,1.24277,1.00,1.00
2015.09.14 04:26:13.149,1.2426,1.24278,1.00,1.00
2015.09.14 04:26:13.695,1.24261,1.24278,1.00,1.00
2015.09.14 04:26:15.519,1.24261,1.24279,1.37,1.37
2015.09.14 04:26:15.570,1.24261,1.2428,1.75,1.12
2015.09.14 04:26:15.766,1.24261,1.24278,1.75,1.00
2015.09.14 04:26:16.560,1.24261,1.2428,1.75,1.12
2015.09.14 04:26:17.644,1.24263,1.24279,1.12,1.00
2015.09.14 04:26:18.159,1.24263,1.2428,1.12,1.12
2015.09.14 04:26:20.116,1.24263,1.2428,1.12,1.50
2015.09.14 04:26:20.320,1.24261,1.24278,1.75,1.37
2015.09.14 04:26:20.507,1.24258,1.24277,1.37,1.00
2015.09.14 04:26:41.334,1.24254,1.24276,1.12,1.00
2015.09.14 04:26:43.945,1.24254,1.24274,1.12,1.00
2015.09.14 04:26:49.244,1.24254,1.24275,1.12,1.00
2015.09.14 04:26:51.004,1.24256,1.24278,1.12,1.87
2015.09.14 04:26:52.259,1.24257,1.24279,1.87,1.12
2015.09.14 04:26:53.186,1.2426,1.2428,1.00,1.50
2015.09.14 04:26:54.070,1.2426,1.24278,1.00,1.00
2015.09.14 04:26:54.573,1.2426,1.2428,1.00,1.87
2015.09.14 04:26:55.927,1.2426,1.2428,1.00,1.50
2015.09.14 04:26:56.674,1.2426,1.24279,1.00,1.00
2015.09.14 04:26:57.335,1.2426,1.24277,1.00,1.00
2015.09.14 04:27:01.883,1.2426,1.24276,1.00,1.00
2015.09.14 04:27:02.429,1.2426,1.24277,1.00,1.00
2015.09.14 04:27:03.021,1.2426,1.24278,1.00,1.00
2015.09.14 04:27:03.542,1.2426,1.24277,1.00,1.00
2015.09.14 04:27:04.043,1.2426,1.24279,1.00,1.12
2015.09.14 04:27:05.698,1.2426,1.24278,1.00,1.00
2015.09.14 04:27:05.901,1.24254,1.24278,1.75,1.75
2015.09.14 04:27:05.953,1.24254,1.24277,1.50,1.87
2015.09.14 04:27:18.730,1.24254,1.24277,1.12,1.75
2015.09.14 04:27:18.934,1.24255,1.24278,1.75,1.50
2015.09.14 04:27:19.022,1.24258,1.24278,1.12,1.12
2015.09.14 04:27:19.565,1.24259,1.24281,1.12,1.75
2015.09.14 04:27:20.069,1.24262,1.24281,1.00,1.75
2015.09.14 04:27:20.323,1.24262,1.24282,1.37,1.75
2015.09.14 04:27:20.374,1.24262,1.24282,1.50,1.37
2015.09.14 04:27:27.925,1.24262,1.2428,1.50,1.00
2015.09.14 04:27:28.474,1.2426,1.24279,1.75,1.00
2015.09.14 04:27:28.626,1.24257,1.24278,1.87,1.12
2015.09.14 04:27:28.677,1.24257,1.24278,1.87,1.12
2015.09.14 04:27:34.301,1.24262,1.2428,1.00,1.50
2015.09.14 04:27:34.657,1.24262,1.24283,1.37,1.75
2015.09.14 04:27:34.709,1.24262,1.24283,1.50,1.50
2015.09.14 04:27:41.004,1.24266,1.24283,1.00,1.50
2015.09.14 04:27:47.406,1.24265,1.24283,1.00,1.87
2015.09.14 04:27:51.468,1.24263,1.24281,1.00,1.00
2015.09.14 04:27:51.971,1.24261,1.2428,1.50,1.00
2015.09.14 04:27:52.509,1.24262,1.24281,1.12,1.12
2015.09.14 04:27:55.228,1.2426,1.24282,1.87,1.12
2015.09.14 04:27:55.330,1.24264,1.24282,1.00,1.12
2015.09.14 04:27:56.398,1.24266,1.24284,1.00,1.12
2015.09.14 04:27:58.660,1.24266,1.24286,1.12,1.50
2015.09.14 04:27:58.774,1.24266,1.24286,1.50,1.50
2015.09.14 04:27:59.312,1.24266,1.24285,1.00,1.12
2015.09.14 04:27:59.414,1.24266,1.24285,1.00,1.37
2015.09.14 04:27:59.820,1.24262,1.24282,1.00,1.50
2015.09.14 04:28:00.362,1.24262,1.2428,1.00,1.00
2015.09.14 04:28:00.728,1.24262,1.2428,1.00,1.37
2015.09.14 04:28:00.831,1.24258,1.24277,1.37,1.00
2015.09.14 04:28:01.340,1.24257,1.24276,1.37,1.00
2015.09.14 04:28:01.890,1.24258,1.24278,1.37,1.37
2015.09.14 04:28:02.416,1.2426,1.24279,1.00,1.50
2015.09.14 04:28:04.972,1.24258,1.24279,1.37,1.50
2015.09.14 04:28:05.431,1.24262,1.24281,1.00,1.75
2015.09.14 04:28:05.533,1.24261,1.24281,1.75,1.00
2015.09.14 04:28:05.585,1.24261,1.24278,1.75,1.00
2015.09.14 04:28:05.788,1.24259,1.24274,1.00,1.00
2015.09.14 04:28:06.093,1.24256,1.24272,1.75,1.00
2015.09.14 04:28:06.398,1.24255,1.24271,1.00,1.00
2015.09.14 04:28:06.906,1.24255,1.24273,1.00,1.37
2015.09.14 04:28:08.339,1.24255,1.24275,1.37,1.75
2015.09.14 04:28:09.350,1.24255,1.24275,1.00,1.75
2015.09.14 04:28:10.842,1.24257,1.24275,1.00,1.75
2015.09.14 04:28:12.336,1.24257,1.24275,1.37,1.37
2015.09.14 04:28:12.490,1.24254,1.24269,1.37,1.00
2015.09.14 04:28:12.593,1.24254,1.24272,1.00,1.37
2015.09.14 04:28:15.845,1.24254,1.24274,1.37,1.75
2015.09.14 04:28:15.896,1.24254,1.24276,1.75,1.75
2015.09.14 04:28:15.999,1.24255,1.24276,1.12,1.37
2015.09.14 04:28:16.304,1.24259,1.24277,1.00,1.50
2015.09.14 04:28:16.816,1.24259,1.2428,1.37,1.75
2015.09.14 04:28:17.121,1.24262,1.2428,1.00,1.50
2015.09.14 04:28:17.274,1.24262,1.24283,1.75,1.37
2015.09.14 04:28:17.325,1.24264,1.24284,1.00,1.12
2015.09.14 04:28:17.858,1.24262,1.24283,1.87,1.00
2015.09.14 04:28:18.381,1.24262,1.24282,1.87,1.00
2015.09.14 04:28:28.764,1.24261,1.24281,1.75,1.00
2015.09.14 04:28:28.815,1.24261,1.24281,1.50,1.37
2015.09.14 04:28:28.917,1.24259,1.2428,1.87,1.37
2015.09.14 04:28:29.422,1.24259,1.24278,1.12,1.00
2015.09.14 04:28:29.863,1.24259,1.24279,1.12,1.12
2015.09.14 04:28:30.168,1.24264,1.24284,1.37,1.37
2015.09.14 04:28:30.236,1.24264,1.24284,1.50,1.00
2015.09.14 04:28:30.441,1.24264,1.24281,1.50,1.00
2015.09.14 04:28:30.952,1.24261,1.2428,1.87,1.00
2015.09.14 04:28:34.917,1.24264,1.24282,1.37,1.00
2015.09.14 04:28:38.001,1.24265,1.24283,1.50,1.00
2015.09.14 04:28:38.509,1.24265,1.24282,1.12,1.00
2015.09.14 04:28:43.090,1.24261,1.24281,1.75,1.00
2015.09.14 04:28:43.193,1.24261,1.24279,1.37,1.00
2015.09.14 04:28:43.268,1.24261,1.24277,1.37,1.00
2015.09.14 04:28:43.522,1.24258,1.24276,1.75,1.00
2015.09.14 04:28:44.023,1.24258,1.24276,1.37,1.00
2015.09.14 04:28:44.397,1.24257,1.24276,1.12,1.00
2015.09.14 04:28:45.372,1.2426,1.24276,1.00,1.00
2015.09.14 04:28:45.916,1.2426,1.24277,1.12,1.00
2015.09.14 04:28:47.017,1.2426,1.24277,1.37,1.00
2015.09.14 04:28:47.705,1.24258,1.24277,1.37,1.00
2015.09.14 04:28:48.010,1.24257,1.24274,1.12,1.00
2015.09.14 04:28:48.675,1.24254,1.2427,1.75,1.00
2015.09.14 04:28:48.726,1.24254,1.2427,1.50,1.00
2015.09.14 04:28:48.828,1.24252,1.2427,1.00,1.50
2015.09.14 04:28:53.651,1.24252,1.2427,1.37,1.00
2015.09.14 04:28:54.160,1.24252,1.2427,1.00,1.00
2015.09.14 04:29:00.145,1.24251,1.2427,1.50,1.00
2015.09.14 04:29:01.552,1.24252,1.2427,1.00,1.00
2015.09.14 04:29:04.041,1.24251,1.2427,1.50,1.00
2015.09.14 04:29:04.572,1.24251,1.24271,1.50,1.37
2015.09.14 04:29:05.049,1.24254,1.24272,1.37,1.00
2015.09.14 04:29:05.253,1.24257,1.24275,1.00,1.00
2015.09.14 04:29:05.861,1.24258,1.24276,1.00,1.00
2015.09.14 04:29:08.662,1.24261,1.24276,1.00,1.00
2015.09.14 04:29:08.865,1.24261,1.2428,1.00,1.00
2015.09.14 04:29:09.560,1.2426,1.2428,1.00,1.00
2015.09.14 04:29:09.814,1.2426,1.24276,1.00,1.00
2015.09.14 04:29:09.967,1.24256,1.24274,1.00,1.50
2015.09.14 04:29:10.018,1.24253,1.24272,2.25,1.00
2015.09.14 04:29:11.028,1.24253,1.2427,1.50,1.00
2015.09.14 04:29:11.181,1.2425,1.2427,2.25,1.12
2015.09.14 04:29:11.779,1.2425,1.24269,2.25,1.00
2015.09.14 04:29:16.303,1.24251,1.24271,1.12,1.50
2015.09.14 04:29:16.507,1.24257,1.24276,1.00,1.75
2015.09.14 04:29:16.558,1.24257,1.24276,1.00,1.50
2015.09.14 04:29:17.252,1.24259,1.24276,1.00,1.50
2015.09.14 04:29:17.507,1.24259,1.24277,1.12,1.37
2015.09.14 04:29:17.710,1.24259,1.24279,1.12,1.12
2015.09.14 04:29:18.168,1.24261,1.24279,1.00,1.12
2015.09.14 04:29:20.467,1.24262,1.24282,1.00,1.75
2015.09.14 04:29:20.581,1.24259,1.24282,1.12,1.75
2015.09.14 04:29:24.199,1.24256,1.24277,1.87,1.00
2015.09.14 04:29:24.722,1.24257,1.24276,1.75,1.00
2015.09.14 04:29:26.406,1.24255,1.24275,1.87,1.00
2015.09.14 04:29:29.808,1.24254,1.24273,1.75,1.00
2015.09.14 04:29:29.859,1.24255,1.24273,1.00,1.00
2015.09.14 04:29:30.390,1.24255,1.24272,1.00,1.00
2015.09.14 04:29:30.906,1.24255,1.24274,1.00,1.00
2015.09.14 04:29:31.794,1.24255,1.24275,1.00,1.50
2015.09.14 04:29:34.763,1.24255,1.24272,1.00,1.00
2015.09.14 04:29:35.268,1.24255,1.24273,1.00,1.00
2015.09.14 04:29:35.650,1.24255,1.24275,1.00,1.50
2015.09.14 04:29:35.904,1.24255,1.24277,1.50,1.37
2015.09.14 04:29:36.006,1.24255,1.24277,1.75,1.00
2015.09.14 04:29:36.108,1.24258,1.24279,1.50,1.12
2015.09.14 04:29:38.295,1.24258,1.24277,1.50,1.00
2015.09.14 04:29:38.858,1.24257,1.24276,1.75,1.00
2015.09.14 04:29:40.236,1.24254,1.24276,1.12,1.37
2015.09.14 04:29:40.287,1.24254,1.24274,1.37,1.00
2015.09.14 04:29:40.800,1.24254,1.24276,1.37,1.50
2015.09.14 04:29:41.139,1.24253,1.24273,1.75,1.00
2015.09.14 04:29:42.220,1.24253,1.24274,1.75,1.00
2015.09.14 04:29:46.510,1.24253,1.24273,1.75,1.00
2015.09.14 04:29:47.601,1.24253,1.24274,1.75,1.00
2015.09.14 04:29:49.281,1.24254,1.24276,1.37,1.50
2015.09.14 04:29:49.586,1.24258,1.2428,1.50,1.87
2015.09.14 04:29:59.716,1.2426,1.24284,1.37,1.75
2015.09.14 04:29:59.767,1.2426,1.24284,1.12,1.75
2015.09.14 04:30:10.418,1.24263,1.24286,1.75,1.37
2015.09.14 04:30:10.470,1.24261,1.24286,1.12,1.00
2015.09.14 04:30:11.011,1.24263,1.24288,1.12,1.87
2015.09.14 04:30:11.612,1.24261,1.24285,1.12,1.00
2015.09.14 04:30:15.355,1.24261,1.24287,1.12,1.50
2015.09.14 04:30:15.558,1.24263,1.24285,1.75,1.00
2015.09.14 04:30:19.193,1.24266,1.24284,1.75,1.00
2015.09.14 04:30:19.295,1.24263,1.24284,1.75,1.50
2015.09.14 04:30:19.889,1.24261,1.24282,1.75,1.00
2015.09.14 04:30:30.751,1.24261,1.24281,1.75,1.00
2015.09.14 04:30:30.976,1.24257,1.24279,1.75,1.00
2015.09.14 04:30:33.503,1.24259,1.24278,1.75,1.00
2015.09.14 04:30:33.611,1.24259,1.24278,1.50,1.00
2015.09.14 04:30:34.233,1.24256,1.24277,1.75,1.00
2015.09.14 04:30:34.747,1.24256,1.24278,1.75,1.00
2015.09.14 04:30:35.214,1.24256,1.24276,1.75,1.00
2015.09.14 04:30:35.621,1.24256,1.24275,1.12,1.00
2015.09.14 04:30:36.164,1.24254,1.24274,1.75,1.00
2015.09.14 04:30:36.216,1.24254,1.24272,1.75,1.00
2015.09.14 04:30:37.233,1.24253,1.24272,1.00,1.12
2015.09.14 04:30:37.791,1.24252,1.24272,1.50,1.12
2015.09.14 04:30:41.161,1.24252,1.24271,1.12,1.00
2015.09.14 04:30:41.263,1.24252,1.24269,1.12,1.00
2015.09.14 04:30:41.813,1.24252,1.24271,1.12,1.00
2015.09.14 04:30:42.339,1.24253,1.24271,1.00,1.00
2015.09.14 04:30:42.721,1.24253,1.24269,1.00,1.00
2015.09.14 04:30:43.275,1.24253,1.2427,1.00,1.00
2015.09.14 04:30:44.935,1.24252,1.2427,1.12,1.00
2015.09.14 04:30:46.694,1.24252,1.24271,1.12,1.00
2015.09.14 04:30:47.049,1.24252,1.24268,1.12,1.00
2015.09.14 04:30:47.605,1.24252,1.24269,1.12,1.00
2015.09.14 04:30:48.016,1.24251,1.24267,1.50,1.00
2015.09.14 04:30:51.079,1.2425,1.24265,1.75,1.00
2015.09.14 04:30:51.590,1.2425,1.24266,1.75,1.50
2015.09.14 04:30:52.317,1.2425,1.24266,1.00,1.00
2015.09.14 04:30:52.725,1.24254,1.24266,1.00,1.00
2015.09.14 04:30:52.928,1.24254,1.24269,1.37,1.00
2015.09.14 04:30:52.980,1.24254,1.24274,1.37,1.75
2015.09.14 04:30:53.183,1.24256,1.24273,1.00,1.12
2015.09.14 04:30:57.028,1.24255,1.24273,1.12,1.12
2015.09.14 04:30:57.580,1.24255,1.24272,1.12,1.00
2015.09.14 04:30:58.487,1.24257,1.24272,1.00,1.00
2015.09.14 04:31:00.093,1.24256,1.24272,1.00,1.00
2015.09.14 04:31:02.821,1.24255,1.24272,1.12,1.50
2015.09.14 04:31:04.957,1.24254,1.24273,1.37,1.87
2015.09.14 04:31:05.613,1.24253,1.24272,1.50,1.00
2015.09.14 04:31:06.163,1.24253,1.24273,1.50,1.12
2015.09.14 04:31:08.872,1.24253,1.24273,1.12,1.12
2015.09.14 04:31:09.593,1.24254,1.24273,1.00,1.12
2015.09.14 04:31:09.935,1.24254,1.24273,1.37,1.12
2015.09.14 04:31:10.038,1.24254,1.24273,1.37,1.12
2015.09.14 04:31:10.090,1.24254,1.24271,1.37,1.00
2015.09.14 04:31:10.391,1.24247,1.24268,1.75,1.00
2015.09.14 04:31:10.696,1.24245,1.24266,1.50,1.00
2015.09.14 04:31:10.748,1.24245,1.24266,1.50,1.37
2015.09.14 04:31:11.667,1.24245,1.24266,1.87,1.37
2015.09.14 04:31:11.974,1.24247,1.24265,1.37,1.50
2015.09.14 04:31:12.447,1.24249,1.24267,1.37,1.12
2015.09.14 04:31:12.650,1.24249,1.24271,1.87,1.75
2015.09.14 04:31:13.102,1.24249,1.24271,1.87,1.12
2015.09.14 04:31:13.383,1.24249,1.24271,1.87,1.12
2015.09.14 04:31:14.166,1.24249,1.2427,1.87,1.12
2015.09.14 04:31:14.218,1.24249,1.24269,1.75,1.87
2015.09.14 04:31:14.371,1.24249,1.2427,1.50,1.12
2015.09.14 04:31:15.016,1.24249,1.2427,1.37,1.12
2015.09.14 04:31:15.823,1.24249,1.2427,1.37,1.12
2015.09.14 04:31:17.374,1.24248,1.2427,2.25,1.85
2015.09.14 04:31:17.885,1.24249,1.2427,1.37,1.12
2015.09.14 04:31:18.191,1.24249,1.2427,1.37,1.12
2015.09.14 04:31:18.392,1.24248,1.2427,2.25,1.12
2015.09.14 04:31:18.893,1.24248,1.2427,2.25,1.12
2015.09.14 04:31:19.813,1.24248,1.2427,2.25,1.12
2015.09.14 04:31:21.221,1.24248,1.2427,1.75,1.87
2015.09.14 04:31:21.557,1.24248,1.2427,1.75,1.87
2015.09.14 04:31:22.561,1.24248,1.24269,1.12,1.50
2015.09.14 04:31:22.866,1.24245,1.24263,1.12,1.00
2015.09.14 04:31:23.019,1.24243,1.24263,1.37,1.12
2015.09.14 04:31:23.565,1.24243,1.24263,1.37,1.12
2015.09.14 04:31:27.409,1.24241,1.24261,1.37,1.50
2015.09.14 04:31:30.915,1.24241,1.24261,1.37,1.50
2015.09.14 04:31:32.773,1.24241,1.24262,1.12,1.37
2015.09.14 04:31:33.067,1.24245,1.24265,1.37,1.87
2015.09.14 04:31:33.610,1.24245,1.24265,1.37,1.37
2015.09.14 04:31:34.160,1.24245,1.24261,1.37,1.00
2015.09.14 04:31:34.722,1.24245,1.24261,1.37,1.00
2015.09.14 04:31:35.025,1.24245,1.24261,1.50,1.00
2015.09.14 04:31:35.354,1.24245,1.24262,1.75,1.00
2015.09.14 04:31:35.787,1.24249,1.24262,1.12,1.00
2015.09.14 04:31:36.361,1.24245,1.24262,1.00,1.00
2015.09.14 04:31:36.413,1.24243,1.24262,2.25,1.00
2015.09.14 04:31:37.033,1.24243,1.2426,2.25,1.00
2015.09.14 04:31:37.294,1.24243,1.24259,1.87,1.00
2015.09.14 04:31:37.346,1.24243,1.24256,1.87,1.00
2015.09.14 04:31:37.827,1.24243,1.24257,1.75,1.00
2015.09.14 04:31:37.879,1.24243,1.24265,1.75,1.87
2015.09.14 04:31:37.930,1.24241,1.24265,1.75,1.87
2015.09.14 04:31:38.032,1.24241,1.24264,1.75,1.37
2015.09.14 04:31:38.134,1.24243,1.24264,2.25,1.37
2015.09.14 04:31:38.694,1.24244,1.24267,1.12,1.87
2015.09.14 04:31:40.204,1.24243,1.24266,1.75,1.75
2015.09.14 04:31:43.632,1.24244,1.24267,1.12,1.75
2015.09.14 04:31:43.937,1.24245,1.24267,1.12,1.75
2015.09.14 04:31:44.642,1.24245,1.24267,1.50,1.75
2015.09.14 04:31:44.745,1.24245,1.24268,1.87,1.75
2015.09.14 04:31:45.254,1.24245,1.24269,1.87,1.75
2015.09.14 04:31:45.412,1.24245,1.24269,1.50,1.75
2015.09.14 04:31:45.930,1.24245,1.24269,1.87,1.75
2015.09.14 04:31:47.516,1.24245,1.24269,1.87,1.75
2015.09.14 04:31:48.738,1.24248,1.24269,1.37,1.75
2015.09.14 04:31:51.365,1.24245,1.24267,1.75,1.75
2015.09.14 04:31:51.467,1.24245,1.24266,1.12,1.87
2015.09.14 04:31:51.976,1.24245,1.24264,1.87,1.12
2015.09.14 04:31:52.027,1.24245,1.24267,1.87,1.75
2015.09.14 04:31:52.536,1.24245,1.24268,1.12,1.87
2015.09.14 04:31:52.955,1.24246,1.24268,1.87,1.75
2015.09.14 04:31:53.209,1.2425,1.2427,1.50,1.75
2015.09.14 04:31:53.722,1.2425,1.24271,1.50,1.75
2015.09.14 04:31:54.366,1.2425,1.24271,1.50,1.75
2015.09.14 04:31:54.468,1.2425,1.24271,1.50,1.75
2015.09.14 04:31:56.551,1.2425,1.24272,1.50,1.87
2015.09.14 04:31:56.653,1.2425,1.24272,1.50,1.87
2015.09.14 04:31:57.168,1.2425,1.2427,1.50,1.75
2015.09.14 04:31:57.556,1.24249,1.2427,1.12,1.75
2015.09.14 04:31:59.551,1.2425,1.2427,1.50,1.87
2015.09.14 04:31:59.653,1.2425,1.2427,1.50,1.87
2015.09.14 04:31:59.957,1.2425,1.24268,1.00,1.12
2015.09.14 04:32:00.459,1.2425,1.24267,1.00,1.00
2015.09.14 04:32:00.970,1.2425,1.24268,1.00,1.12
2015.09.14 04:32:01.072,1.24249,1.24268,1.12,1.12
2015.09.14 04:32:03.085,1.24249,1.24268,1.75,1.12
2015.09.14 04:32:03.626,1.2425,1.24271,1.37,1.75
2015.09.14 04:32:08.371,1.2425,1.24271,1.12,2.25
2015.09.14 04:32:08.422,1.24251,1.24271,1.37,2.25
2015.09.14 04:32:09.702,1.24251,1.2427,1.37,1.00
2015.09.14 04:32:09.754,1.24251,1.24268,1.37,1.00
2015.09.14 04:32:09.907,1.24251,1.24268,1.12,1.00
2015.09.14 04:32:10.416,1.24247,1.24267,1.50,1.50
2015.09.14 04:32:10.619,1.24247,1.24267,1.00,2.25
2015.09.14 04:32:10.721,1.24247,1.24267,1.37,1.50
2015.09.14 04:32:11.401,1.24247,1.24267,1.50,1.00
2015.09.14 04:32:11.707,1.2425,1.24273,1.12,2.62
2015.09.14 04:32:12.256,1.2425,1.24273,1.12,2.25
2015.09.14 04:32:13.715,1.24251,1.24272,1.12,1.50
2015.09.14 04:32:14.366,1.24251,1.24274,1.75,1.75
2015.09.14 04:32:14.671,1.24254,1.24277,1.87,2.62
2015.09.14 04:32:14.722,1.24255,1.24277,1.37,1.75
2015.09.14 04:32:15.229,1.24255,1.24279,1.12,1.87
2015.09.14 04:32:18.714,1.24256,1.24277,1.37,1.75
2015.09.14 04:32:18.918,1.24254,1.24275,1.12,1.12
2015.09.14 04:32:19.071,1.24254,1.24273,1.12,1.00
2015.09.14 04:32:19.627,1.24254,1.24274,1.12,1.00
2015.09.14 04:32:19.974,1.24251,1.24273,1.87,1.37
2015.09.14 04:32:20.127,1.24249,1.24271,1.12,1.50
2015.09.14 04:32:23.392,1.24249,1.24268,1.12,1.00
2015.09.14 04:32:23.443,1.24249,1.24268,1.12,1.00
2015.09.14 04:32:23.494,1.24247,1.24268,1.75,1.37
2015.09.14 04:32:23.799,1.24247,1.24268,1.75,1.75
2015.09.14 04:32:24.323,1.24247,1.24269,1.50,1.75
2015.09.14 04:32:24.687,1.24247,1.24271,1.87,1.75
2015.09.14 04:32:24.739,1.24248,1.24271,1.12,1.75
2015.09.14 04:32:36.656,1.24249,1.24271,1.37,1.75
2015.09.14 04:32:36.962,1.24254,1.24276,1.37,2.25
2015.09.14 04:32:37.015,1.24254,1.24274,1.50,1.00
2015.09.14 04:32:37.285,1.24254,1.24274,1.00,1.00
2015.09.14 04:32:38.663,1.24254,1.24274,1.37,1.00
2015.09.14 04:32:39.109,1.24253,1.24272,1.37,1.75
2015.09.14 04:32:39.160,1.24253,1.2427,1.00,1.37
2015.09.14 04:32:39.212,1.24251,1.24269,1.00,1.12
2015.09.14 04:32:39.416,1.24249,1.24266,1.37,1.00
2015.09.14 04:32:39.923,1.24249,1.24267,1.12,1.50
2015.09.14 04:32:40.452,1.24251,1.24267,1.00,1.50
2015.09.14 04:32:40.827,1.24245,1.24265,1.75,1.00
2015.09.14 04:32:40.878,1.24246,1.24265,1.12,1.87
2015.09.14 04:32:41.397,1.24246,1.24263,1.12,1.00
2015.09.14 04:32:43.366,1.24246,1.24264,1.12,1.12
2015.09.14 04:32:43.626,1.24241,1.24264,1.75,1.87
2015.09.14 04:32:43.798,1.24241,1.24264,1.12,1.87
2015.09.14 04:32:44.341,1.24241,1.24264,1.12,1.75
2015.09.14 04:32:45.273,1.24241,1.24264,1.75,1.75
2015.09.14 04:32:46.120,1.24241,1.24264,1.12,1.75
2015.09.14 04:32:46.172,1.24243,1.24264,1.37,1.75
2015.09.14 04:32:46.376,1.24241,1.24264,1.75,1.75
2015.09.14 04:32:51.683,1.24243,1.24264,1.50,1.75
2015.09.14 04:32:51.886,1.24241,1.24262,1.87,1.37
2015.09.14 04:32:52.293,1.24243,1.2426,1.12,1.00
2015.09.14 04:32:52.446,1.24239,1.2426,1.75,1.50
2015.09.14 04:32:52.707,1.24237,1.24261,1.12,2.25
2015.09.14 04:32:52.860,1.24241,1.24261,1.00,1.50
2015.09.14 04:32:53.574,1.24241,1.24261,1.50,1.50
2015.09.14 04:32:54.124,1.24243,1.24261,1.37,1.00
2015.09.14 04:32:54.785,1.24243,1.24261,1.50,1.00
2015.09.14 04:32:55.091,1.24245,1.24268,1.75,1.87
2015.09.14 04:32:56.199,1.24245,1.24264,1.75,1.00
2015.09.14 04:32:57.283,1.24245,1.24267,1.75,1.12
2015.09.14 04:32:57.486,1.24247,1.24267,1.00,1.75
2015.09.14 04:32:58.002,1.24245,1.24264,1.12,1.00
2015.09.14 04:32:58.514,1.24245,1.24264,1.12,1.00
2015.09.14 04:33:00.117,1.24245,1.24262,1.12,1.00
2015.09.14 04:33:00.781,1.24245,1.24262,1.12,1.00
2015.09.14 04:33:01.592,1.24245,1.24262,1.12,1.00
2015.09.14 04:33:02.101,1.24245,1.24263,1.12,1.37
2015.09.14 04:33:03.687,1.24245,1.24264,1.12,1.37
2015.09.14 04:33:03.841,1.24245,1.24264,1.12,1.00
2015.09.14 04:33:04.045,1.24242,1.24264,1.12,1.37
2015.09.14 04:33:04.096,1.24241,1.24262,1.12,1.12
2015.09.14 04:33:04.925,1.24242,1.24264,1.37,1.75
2015.09.14 04:33:05.437,1.24244,1.24265,1.37,1.75
2015.09.14 04:33:07.639,1.24247,1.24267,1.37,1.75
2015.09.14 04:33:07.690,1.24247,1.24266,1.37,1.00
2015.09.14 04:33:07.741,1.24247,1.24266,1.37,1.00
2015.09.14 04:33:10.212,1.24248,1.24265,1.37,1.00
2015.09.14 04:33:10.263,1.24246,1.24265,1.37,1.00
2015.09.14 04:33:10.567,1.24246,1.24263,1.37,1.00
2015.09.14 04:33:10.915,1.24243,1.24263,1.37,1.50
2015.09.14 04:33:12.339,1.24243,1.24265,1.12,2.25
2015.09.14 04:33:12.475,1.24244,1.24268,1.75,2.25
2015.09.14 04:33:12.528,1.24246,1.24268,1.12,1.75
2015.09.14 04:33:18.183,1.24248,1.24269,1.37,1.87
2015.09.14 04:33:19.742,1.24247,1.24266,1.37,1.12
2015.09.14 04:33:20.348,1.24247,1.24265,1.37,1.00
2015.09.14 04:33:20.861,1.24247,1.24266,1.37,1.12
2015.09.14 04:33:21.792,1.24247,1.24266,1.37,1.12
2015.09.14 04:33:24.542,1.24247,1.24265,1.37,1.00
2015.09.14 04:33:24.593,1.24247,1.24265,1.37,1.00
2015.09.14 04:33:24.898,1.24246,1.24265,1.00,1.00
2015.09.14 04:33:24.999,1.24242,1.24264,1.75,1.37
2015.09.14 04:33:25.586,1.24243,1.24264,1.50,1.75
2015.09.14 04:33:29.409,1.24245,1.24266,1.37,1.75
2015.09.14 04:33:29.955,1.24246,1.24266,1.37,1.00
2015.09.14 04:33:30.506,1.24246,1.24266,1.37,1.00
2015.09.14 04:33:31.122,1.24246,1.24266,2.25,1.00
2015.09.14 04:33:31.463,1.24246,1.24266,1.87,1.00
2015.09.14 04:33:31.971,1.24246,1.24266,2.25,1.00
2015.09.14 04:33:36.782,1.24249,1.24266,1.37,1.00
2015.09.14 04:33:37.284,1.24249,1.24266,1.37,1.00
2015.09.14 04:33:37.627,1.24249,1.24266,1.37,1.00
2015.09.14 04:33:37.898,1.24246,1.24266,2.25,1.00
2015.09.14 04:33:42.028,1.24248,1.24266,1.75,1.00
2015.09.14 04:33:42.130,1.2425,1.24271,1.12,1.50
2015.09.14 04:33:42.441,1.24253,1.24273,1.12,1.12
2015.09.14 04:33:42.695,1.24253,1.24271,1.12,1.00
2015.09.14 04:33:42.746,1.24253,1.24271,1.37,1.00
2015.09.14 04:33:42.797,1.24253,1.24268,1.37,1.00
2015.09.14 04:33:42.849,1.2425,1.24268,1.00,1.00
2015.09.14 04:33:44.152,1.2425,1.24268,1.37,1.00
2015.09.14 04:33:44.456,1.24246,1.24268,1.12,1.75
2015.09.14 04:33:44.963,1.24246,1.24268,1.75,1.75
2015.09.14 04:33:45.507,1.24248,1.24268,1.37,1.75
2015.09.14 04:33:47.264,1.24248,1.24268,1.37,1.75
2015.09.14 04:33:48.992,1.24247,1.24266,1.50,1.50
2015.09.14 04:33:49.401,1.24247,1.24266,1.50,1.50
2015.09.14 04:33:49.991,1.24246,1.24266,2.25,1.50
2015.09.14 04:33:50.298,1.24247,1.24267,1.12,1.75
2015.09.14 04:33:50.806,1.24247,1.24268,1.37,1.75
2015.09.14 04:33:51.110,1.24247,1.24268,1.12,1.75
2015.09.14 04:33:51.616,1.24247,1.24268,1.12,1.75
2015.09.14 04:33:51.959,1.24247,1.24269,1.12,2.25
2015.09.14 04:33:52.061,1.2425,1.24269,1.37,1.50
2015.09.14 04:33:52.723,1.2425,1.24268,1.37,1.00
2015.09.14 04:33:53.408,1.2425,1.24267,1.37,1.00
2015.09.14 04:33:55.012,1.2425,1.2427,1.37,1.87
2015.09.14 04:33:55.474,1.2425,1.2427,1.12,1.12
2015.09.14 04:33:56.014,1.2425,1.24271,1.12,1.12
2015.09.14 04:33:59.344,1.2425,1.2427,1.87,1.00
2015.09.14 04:34:01.280,1.24251,1.24274,1.75,1.75
2015.09.14 04:34:01.484,1.24253,1.24274,1.12,1.37
2015.09.14 04:34:04.707,1.24255,1.24272,1.00,1.00
2015.09.14 04:34:04.809,1.24253,1.24272,1.12,1.00
2015.09.14 04:34:05.482,1.24254,1.24272,1.12,1.50
2015.09.14 04:34:05.825,1.24255,1.24272,1.12,1.50
2015.09.14 04:34:06.028,1.24258,1.24274,1.12,1.00
2015.09.14 04:34:06.168,1.24258,1.24274,1.12,1.00
2015.09.14 04:34:06.810,1.24258,1.24274,1.75,1.00
2015.09.14 04:34:08.737,1.24258,1.24274,1.12,1.00
2015.09.14 04:34:08.941,1.24258,1.24274,1.75,1.00
2015.09.14 04:34:09.443,1.24258,1.24274,1.12,1.00
2015.09.14 04:34:10.733,1.24258,1.24273,1.12,1.00
2015.09.14 04:34:11.427,1.24258,1.24273,1.75,1.00
2015.09.14 04:34:12.869,1.24258,1.24275,1.75,1.00
2015.09.14 04:34:13.766,1.24258,1.24274,1.75,1.00
2015.09.14 04:34:16.042,1.24258,1.24275,1.75,1.00
2015.09.14 04:34:17.923,1.24258,1.24275,1.12,1.00
2015.09.14 04:34:18.430,1.24258,1.24276,1.12,1.50
2015.09.14 04:34:18.964,1.24258,1.24276,1.12,1.50
2015.09.14 04:34:19.728,1.24258,1.24275,1.12,1.00
2015.09.14 04:34:21.450,1.24258,1.24275,1.37,1.50
2015.09.14 04:34:21.553,1.24255,1.24274,1.37,1.00
2015.09.14 04:34:21.604,1.24255,1.24269,1.37,1.00
2015.09.14 04:34:21.707,1.24252,1.24269,1.37,1.00
2015.09.14 04:34:25.344,1.24252,1.24268,1.37,1.00
2015.09.14 04:34:28.343,1.24252,1.24268,1.37,1.00
2015.09.14 04:34:28.888,1.24252,1.24269,1.37,1.00
2015.09.14 04:34:29.414,1.24252,1.24269,1.37,1.00
2015.09.14 04:34:31.526,1.24252,1.2427,1.37,1.00
2015.09.14 04:34:31.578,1.24252,1.2427,1.37,1.00
2015.09.14 04:34:34.609,1.24252,1.24269,1.37,1.00
2015.09.14 04:34:34.661,1.24252,1.24269,1.37,1.00
2015.09.14 04:34:34.965,1.24252,1.2427,1.00,1.50
2015.09.14 04:34:35.375,1.24252,1.24268,1.37,1.00
2015.09.14 04:34:35.689,1.24252,1.24268,1.37,1.00
2015.09.14 04:34:36.288,1.24252,1.24269,1.37,1.00
2015.09.14 04:34:39.884,1.24252,1.24271,1.37,1.00
2015.09.14 04:34:43.477,1.24252,1.24271,1.37,1.00
2015.09.14 04:34:43.579,1.24252,1.24271,1.37,1.00
2015.09.14 04:34:43.732,1.24256,1.24273,1.37,1.00
2015.09.14 04:34:44.494,1.24256,1.24273,1.12,1.00
2015.09.14 04:34:47.001,1.24256,1.24272,1.12,1.00
2015.09.14 04:34:48.867,1.24257,1.24272,1.00,1.00
2015.09.14 04:34:51.108,1.24257,1.24271,1.00,1.00
2015.09.14 04:34:53.484,1.24256,1.2427,1.37,1.00
2015.09.14 04:34:55.037,1.24256,1.24271,1.37,1.00
2015.09.14 04:34:56.416,1.24256,1.24272,1.37,1.37
2015.09.14 04:35:00.739,1.24254,1.24271,1.12,1.00
2015.09.14 04:35:01.302,1.24253,1.24272,1.12,1.37
2015.09.14 04:35:06.692,1.24254,1.24271,1.12,1.00
2015.09.14 04:35:07.196,1.24255,1.24272,1.12,1.50
2015.09.14 04:35:07.750,1.24256,1.24273,1.37,1.00
2015.09.14 04:35:07.953,1.24259,1.24273,1.12,1.00
2015.09.14 04:35:08.258,1.2426,1.24276,1.37,1.00
2015.09.14 04:35:10.392,1.24258,1.24274,1.12,1.00
2015.09.14 04:35:15.359,1.24259,1.24275,1.12,1.00
2015.09.14 04:35:18.765,1.2426,1.24276,1.37,1.00
2015.09.14 04:35:19.768,1.2426,1.24275,1.37,1.00
2015.09.14 04:35:20.297,1.24257,1.24274,1.12,1.00
2015.09.14 04:35:20.500,1.24255,1.24274,1.12,1.00
2015.09.14 04:35:20.703,1.24255,1.24272,1.12,1.00
2015.09.14 04:35:21.386,1.24257,1.24273,1.37,1.00
2015.09.14 04:35:23.279,1.24257,1.24273,1.12,1.00
2015.09.14 04:35:23.686,1.24257,1.24275,1.12,1.00
2015.09.14 04:35:24.698,1.24257,1.24275,1.12,1.00
2015.09.14 04:35:25.239,1.24257,1.24276,2.25,1.12
2015.09.14 04:35:25.291,1.24262,1.2428,1.12,1.00
2015.09.14 04:35:25.393,1.24265,1.2428,1.37,1.00
2015.09.14 04:35:25.495,1.24268,1.24285,1.37,1.37
2015.09.14 04:35:25.597,1.24268,1.24287,1.12,1.37
2015.09.14 04:35:26.005,1.24268,1.24285,1.12,1.00
2015.09.14 04:35:26.210,1.24268,1.24283,1.00,1.00
2015.09.14 04:35:26.887,1.24268,1.24283,1.37,1.00
2015.09.14 04:35:27.266,1.24263,1.24283,1.87,1.12
2015.09.14 04:35:27.317,1.24265,1.24283,1.00,1.87
2015.09.14 04:35:27.835,1.24258,1.24282,1.75,1.37
2015.09.14 04:35:28.781,1.24263,1.24281,1.00,1.50
2015.09.14 04:35:28.832,1.24259,1.24278,1.12,1.12
2015.09.14 04:35:29.341,1.24259,1.24277,1.12,1.00
2015.09.14 04:35:29.697,1.24259,1.24274,1.12,1.00
2015.09.14 04:35:30.220,1.24259,1.24273,1.37,1.00
2015.09.14 04:35:31.582,1.2426,1.24274,1.00,1.00
2015.09.14 04:35:33.205,1.24259,1.24275,1.12,1.37
2015.09.14 04:35:34.326,1.24259,1.24275,1.12,1.37
2015.09.14 04:35:36.709,1.24259,1.24277,1.12,1.37
2015.09.14 04:35:38.117,1.24259,1.24277,1.75,1.37
2015.09.14 04:35:39.137,1.2426,1.24275,1.37,1.37
2015.09.14 04:35:39.239,1.2426,1.24276,1.12,1.12
2015.09.14 04:35:39.341,1.24261,1.24278,1.00,1.00
2015.09.14 04:35:39.443,1.24261,1.2428,1.37,1.50
2015.09.14 04:35:39.545,1.24261,1.24283,1.75,1.50
2015.09.14 04:35:39.647,1.24265,1.24287,1.50,1.75
2015.09.14 04:35:39.750,1.24267,1.24287,1.12,1.50
2015.09.14 04:35:39.890,1.24267,1.24288,1.12,1.37
2015.09.14 04:35:40.153,1.24267,1.24288,1.12,1.37
2015.09.14 04:35:40.863,1.24271,1.24288,1.12,1.37
2015.09.14 04:35:42.072,1.24272,1.24286,1.00,1.12
2015.09.14 04:35:42.377,1.24272,1.24284,1.00,1.00
2015.09.14 04:35:45.265,1.2427,1.24284,1.00,1.12
2015.09.14 04:35:47.192,1.24268,1.24284,1.12,1.12
2015.09.14 04:35:47.751,1.24268,1.24285,1.75,1.12
2015.09.14 04:35:48.596,1.24269,1.24285,1.12,1.12
2015.09.14 04:35:48.751,1.24268,1.24287,1.12,1.50
2015.09.14 04:35:48.854,1.2427,1.24287,1.00,1.50
2015.09.14 04:35:48.957,1.24268,1.24285,1.12,1.00
2015.09.14 04:35:49.212,1.24261,1.24284,2.62,1.37
2015.09.14 04:35:49.757,1.24262,1.24282,1.75,1.00
2015.09.14 04:35:50.979,1.24263,1.24282,1.12,1.00
2015.09.14 04:35:51.503,1.24263,1.24282,1.12,1.00
2015.09.14 04:35:52.204,1.24263,1.24282,1.12,1.00
2015.09.14 04:35:52.255,1.24263,1.2428,1.12,1.00
2015.09.14 04:35:52.562,1.24258,1.24276,1.12,1.00
2015.09.14 04:35:52.613,1.24258,1.24278,1.12,1.12
2015.09.14 04:35:54.371,1.24258,1.2428,1.12,2.25
2015.09.14 04:35:55.584,1.24258,1.2428,1.12,1.50
2015.09.14 04:35:56.088,1.24258,1.2428,1.12,1.50
2015.09.14 04:35:57.474,1.24258,1.2428,1.12,2.62
2015.09.14 04:35:58.024,1.24258,1.2428,1.75,2.25
2015.09.14 04:35:58.227,1.24264,1.24281,1.00,1.50
2015.09.14 04:35:58.481,1.24262,1.24281,1.12,1.50
2015.09.14 04:35:58.990,1.24262,1.24284,1.12,2.25
2015.09.14 04:35:59.332,1.24264,1.24284,1.75,1.37
2015.09.14 04:35:59.434,1.24267,1.24284,1.12,1.00
2015.09.14 04:35:59.741,1.24267,1.24286,1.12,1.12
2015.09.14 04:35:59.842,1.24268,1.24286,1.12,1.12
2015.09.14 04:36:00.350,1.24268,1.24286,1.12,1.00
2015.09.14 04:36:00.859,1.2427,1.24287,1.12,1.00
2015.09.14 04:36:06.330,1.24266,1.24287,1.12,1.37
2015.09.14 04:36:06.674,1.24265,1.24282,1.37,1.00
2015.09.14 04:36:06.979,1.24263,1.2428,1.12,1.00
2015.09.14 04:36:07.133,1.24261,1.24279,1.12,1.00
2015.09.14 04:36:07.684,1.24263,1.2428,1.00,1.00
2015.09.14 04:36:08.523,1.24263,1.24278,1.00,1.00
2015.09.14 04:36:09.049,1.2426,1.24277,1.12,1.00
2015.09.14 04:36:09.201,1.24261,1.24279,1.37,1.00
2015.09.14 04:36:09.583,1.24261,1.24281,1.12,1.12
2015.09.14 04:36:11.179,1.24261,1.24281,1.12,1.12
2015.09.14 04:36:11.382,1.24261,1.24279,1.12,1.00
2015.09.14 04:36:13.136,1.24261,1.24279,1.87,1.00
2015.09.14 04:36:13.441,1.24263,1.2428,1.87,1.00
2015.09.14 04:36:13.543,1.24266,1.24285,1.00,1.75
2015.09.14 04:36:13.648,1.24267,1.24287,1.12,1.75
2015.09.14 04:36:13.753,1.24267,1.24287,1.50,1.37
2015.09.14 04:36:13.855,1.24267,1.24289,1.75,1.12
2015.09.14 04:36:15.474,1.24267,1.24286,1.75,1.00
2015.09.14 04:36:18.303,1.24271,1.24289,1.00,1.50
2015.09.14 04:36:18.660,1.24271,1.24287,1.00,1.00
2015.09.14 04:36:18.994,1.24271,1.24289,1.00,1.12
2015.09.14 04:36:20.433,1.24271,1.24287,1.00,1.00
2015.09.14 04:36:21.862,1.2427,1.24287,1.12,1.00
2015.09.14 04:36:22.065,1.2427,1.2429,1.12,2.25
2015.09.14 04:36:22.729,1.2427,1.24288,1.12,1.00
2015.09.14 04:36:23.420,1.2427,1.24288,1.12,1.00
2015.09.14 04:36:23.641,1.24271,1.24288,1.00,1.00
2015.09.14 04:36:23.743,1.2427,1.24288,1.12,1.00
2015.09.14 04:36:24.590,1.2427,1.24289,1.12,1.12
2015.09.14 04:36:24.895,1.24271,1.24289,1.37,1.12
2015.09.14 04:36:25.359,1.2427,1.24289,1.12,1.12
2015.09.14 04:36:25.462,1.2427,1.24289,1.12,1.12
2015.09.14 04:36:25.564,1.2427,1.24289,1.12,1.12
2015.09.14 04:36:25.690,1.2427,1.24287,1.12,1.00
2015.09.14 04:36:26.066,1.2427,1.24287,1.12,1.00
2015.09.14 04:36:26.372,1.2427,1.24289,1.75,1.12
2015.09.14 04:36:26.880,1.2427,1.24291,1.12,1.75
2015.09.14 04:36:27.083,1.24274,1.24292,1.12,1.00
2015.09.14 04:36:27.627,1.24274,1.24293,1.12,1.87
2015.09.14 04:36:28.606,1.24274,1.24291,1.12,1.00
2015.09.14 04:36:28.709,1.24275,1.24294,1.12,1.12
2015.09.14 04:36:28.863,1.24278,1.24297,1.12,1.12
2015.09.14 04:36:29.066,1.24278,1.24299,1.12,1.75
2015.09.14 04:36:29.117,1.24282,1.24299,1.37,1.00
2015.09.14 04:36:29.637,1.24282,1.243,1.37,1.00
2015.09.14 04:36:30.385,1.24282,1.243,1.12,1.00
2015.09.14 04:36:30.907,1.24283,1.24302,1.00,2.25
2015.09.14 04:36:31.872,1.24282,1.24302,1.12,2.25
2015.09.14 04:36:32.271,1.24282,1.24302,1.37,2.62
2015.09.14 04:36:32.800,1.24282,1.243,1.12,1.00
2015.09.14 04:36:33.310,1.24285,1.24302,1.37,1.00
2015.09.14 04:36:34.792,1.24285,1.24302,1.12,1.00
2015.09.14 04:36:35.047,1.24285,1.24304,1.12,1.50
2015.09.14 04:36:36.382,1.24285,1.24304,1.12,1.00
2015.09.14 04:36:36.931,1.24285,1.24303,1.12,1.00
2015.09.14 04:36:37.034,1.24285,1.24305,1.87,1.00
2015.09.14 04:36:37.085,1.24285,1.24305,1.50,1.00
2015.09.14 04:36:37.608,1.24285,1.24307,1.50,1.50
2015.09.14 04:36:38.221,1.24285,1.24307,1.87,1.50
2015.09.14 04:36:38.599,1.24289,1.24307,1.37,1.00
2015.09.14 04:36:39.141,1.24289,1.24308,1.37,1.00
2015.09.14 04:36:39.462,1.24289,1.24306,1.37,1.00
2015.09.14 04:36:39.767,1.24286,1.24303,1.12,1.00
2015.09.14 04:36:39.919,1.24286,1.24302,1.00,1.00
2015.09.14 04:36:40.985,1.24286,1.24304,1.00,1.00
2015.09.14 04:36:41.990,1.24286,1.24302,1.12,1.00
2015.09.14 04:36:43.524,1.24286,1.243,1.12,1.00
2015.09.14 04:36:44.590,1.24286,1.243,1.75,1.00
2015.09.14 04:36:44.743,1.24292,1.24305,1.37,1.00
2015.09.14 04:36:44.845,1.24292,1.24307,1.37,1.00
2015.09.14 04:36:44.998,1.24292,1.24307,1.50,1.00
2015.09.14 04:36:45.100,1.24296,1.2431,1.12,1.00
2015.09.14 04:36:45.635,1.24296,1.24311,1.12,1.00
2015.09.14 04:36:45.737,1.24296,1.24311,1.75,1.00
2015.09.14 04:36:45.992,1.24295,1.24311,2.25,1.00
2015.09.14 04:36:46.043,1.24295,1.24311,2.25,1.00
2015.09.14 04:36:46.693,1.243,1.24311,1.12,1.00
2015.09.14 04:36:48.896,1.243,1.24311,1.12,1.00
2015.09.14 04:36:50.420,1.24301,1.24311,1.37,1.00
2015.09.14 04:36:54.942,1.243,1.24311,1.12,1.00
2015.09.14 04:36:54.993,1.243,1.24319,1.12,1.12
2015.09.14 04:36:55.044,1.24301,1.24319,1.37,1.12
2015.09.14 04:36:59.843,1.24301,1.2432,1.12,1.50
2015.09.14 04:37:00.432,1.24301,1.2432,1.37,1.50
2015.09.14 04:37:00.761,1.24302,1.24323,1.75,1.75
2015.09.14 04:37:01.271,1.24301,1.24321,1.12,1.75
2015.09.14 04:37:01.783,1.24301,1.24321,2.25,1.50
2015.09.14 04:37:02.339,1.24302,1.24321,1.12,1.50
2015.09.14 04:37:03.478,1.24305,1.24325,1.37,1.75
2015.09.14 04:37:04.046,1.24305,1.24325,1.37,1.75
2015.09.14 04:37:04.351,1.24307,1.24326,1.37,1.75
2015.09.14 04:37:04.452,1.24307,1.24327,1.87,1.75
2015.09.14 04:37:04.656,1.24306,1.24327,1.87,1.75
2015.09.14 04:37:06.054,1.24306,1.2433,2.62,1.75
2015.09.14 04:37:06.602,1.2431,1.24331,1.37,1.75
2015.09.14 04:37:09.944,1.24309,1.24331,2.25,1.75
2015.09.14 04:37:10.450,1.2431,1.24333,1.12,2.25
2015.09.14 04:37:10.654,1.24315,1.24333,1.37,1.12
2015.09.14 04:37:10.756,1.24312,1.24336,3.37,1.75
2015.09.14 04:37:11.063,1.24317,1.2434,1.12,1.75
2015.09.14 04:37:11.165,1.2432,1.2434,1.00,1.75
2015.09.14 04:37:11.267,1.24321,1.2434,1.00,1.50
2015.09.14 04:37:11.370,1.24323,1.2434,1.00,1.50
2015.09.14 04:37:11.611,1.24321,1.2434,1.50,1.00
2015.09.14 04:37:11.713,1.24323,1.2434,1.00,1.00
2015.09.14 04:37:12.575,1.24321,1.2434,1.37,1.00
2015.09.14 04:37:13.102,1.24321,1.2434,1.00,1.00
2015.09.14 04:37:13.660,1.24321,1.2434,1.37,1.00
2015.09.14 04:37:13.863,1.24321,1.2434,1.37,1.00
2015.09.14 04:37:14.387,1.24321,1.2434,1.37,2.25
2015.09.14 04:37:14.592,1.24321,1.2434,1.12,1.50
2015.09.14 04:37:14.694,1.24321,1.24338,1.00,1.00
2015.09.14 04:37:14.999,1.2432,1.24337,1.00,1.50
2015.09.14 04:37:15.539,1.24319,1.24337,1.37,1.50
2015.09.14 04:37:15.894,1.24319,1.24336,1.00,1.37
2015.09.14 04:37:16.642,1.2432,1.24336,1.00,1.37
2015.09.14 04:37:17.644,1.24319,1.24336,1.00,1.37
2015.09.14 04:37:18.351,1.24317,1.24336,1.50,1.37
2015.09.14 04:37:19.708,1.24317,1.24335,1.00,1.12
2015.09.14 04:37:22.022,1.24316,1.24336,1.75,1.37
2015.09.14 04:37:24.880,1.2432,1.24335,1.00,1.12
2015.09.14 04:37:25.186,1.24319,1.24338,1.37,1.75
2015.09.14 04:37:27.091,1.24319,1.24338,1.37,1.75
2015.09.14 04:37:30.589,1.24319,1.24338,1.87,1.00
2015.09.14 04:37:32.709,1.24319,1.24339,1.37,1.50
2015.09.14 04:37:33.246,1.24319,1.24339,1.37,1.50
2015.09.14 04:37:33.780,1.24319,1.24343,2.25,1.12
2015.09.14 04:37:33.882,1.24323,1.24343,1.37,1.37
2015.09.14 04:37:37.907,1.24323,1.24343,1.12,1.37
2015.09.14 04:37:39.926,1.24319,1.24341,1.12,1.75
2015.09.14 04:37:40.129,1.2432,1.24339,1.00,1.12
2015.09.14 04:37:41.337,1.24315,1.24338,1.12,1.87
2015.09.14 04:37:41.389,1.24314,1.24333,1.37,1.00
2015.09.14 04:37:42.262,1.24313,1.24333,1.37,1.50
2015.09.14 04:37:43.926,1.24313,1.24333,1.50,1.87
2015.09.14 04:37:44.028,1.24308,1.24329,2.25,1.12
2015.09.14 04:37:45.490,1.24309,1.24329,1.37,2.25
2015.09.14 04:37:45.542,1.24309,1.24328,1.00,1.50
2015.09.14 04:37:45.594,1.24309,1.24328,1.00,1.75
2015.09.14 04:37:45.646,1.24305,1.24325,1.00,1.12
2015.09.14 04:37:46.154,1.24301,1.24323,1.87,1.12
2015.09.14 04:37:47.332,1.24304,1.24325,1.37,1.12
2015.09.14 04:37:47.485,1.24303,1.24323,1.12,1.12
2015.09.14 04:37:47.984,1.24303,1.24324,1.37,1.12
2015.09.14 04:37:49.896,1.24303,1.24323,1.37,1.12
2015.09.14 04:37:50.300,1.24303,1.24323,1.75,1.37
2015.09.14 04:37:50.351,1.24304,1.24323,1.37,1.12
2015.09.14 04:37:50.872,1.24304,1.24323,1.12,1.12
2015.09.14 04:37:50.973,1.24304,1.24321,1.12,1.00
2015.09.14 04:37:51.317,1.24302,1.24322,1.87,1.75
2015.09.14 04:37:51.724,1.24304,1.24324,1.75,1.12
2015.09.14 04:37:52.278,1.24304,1.24324,1.75,1.37
2015.09.14 04:37:53.380,1.24305,1.24324,1.00,1.37
2015.09.14 04:37:54.261,1.24304,1.24324,1.75,1.37
2015.09.14 04:37:54.693,1.24308,1.24326,1.37,1.87
2015.09.14 04:37:54.998,1.24309,1.24328,1.37,1.75
2015.09.14 04:37:55.049,1.24309,1.24329,1.37,1.75
2015.09.14 04:37:55.100,1.24309,1.24329,1.37,1.75
2015.09.14 04:37:55.626,1.24309,1.24329,1.37,1.12
2015.09.14 04:37:56.977,1.24309,1.24328,1.12,1.12
2015.09.14 04:37:57.342,1.24304,1.24326,1.12,1.12
2015.09.14 04:37:57.883,1.24305,1.24327,1.37,2.62
2015.09.14 04:38:00.099,1.24304,1.24327,1.87,2.25
2015.09.14 04:38:01.191,1.24305,1.24328,1.87,1.87
2015.09.14 04:38:01.243,1.24307,1.24327,1.50,1.00
2015.09.14 04:38:01.294,1.24309,1.24327,1.50,1.00
2015.09.14 04:38:01.446,1.24311,1.24333,1.87,2.25
2015.09.14 04:38:01.600,1.24312,1.24333,1.12,1.50
2015.09.14 04:38:02.583,1.24315,1.24333,1.75,1.50
2015.09.14 04:38:02.787,1.24314,1.24335,2.25,1.75
2015.09.14 04:38:03.331,1.24316,1.24335,1.50,1.00
2015.09.14 04:38:03.893,1.24319,1.24336,1.87,1.00
2015.09.14 04:38:04.497,1.2432,1.24336,1.50,1.00
2015.09.14 04:38:04.649,1.24322,1.24342,1.50,1.75
2015.09.14 04:38:05.378,1.24323,1.24342,1.37,1.75
2015.09.14 04:38:06.656,1.24323,1.24341,1.12,1.50
2015.09.14 04:38:09.606,1.24322,1.2434,1.00,1.37
2015.09.14 04:38:09.760,1.24319,1.2434,1.37,1.75
2015.09.14 04:38:10.335,1.24319,1.24338,1.12,1.12
2015.09.14 04:38:10.843,1.24316,1.24337,1.75,1.87
2015.09.14 04:38:11.047,1.24316,1.24337,1.75,1.87
2015.09.14 04:38:11.365,1.24316,1.24337,1.37,1.50
2015.09.14 04:38:11.894,1.24316,1.24336,1.75,1.37
2015.09.14 04:38:12.415,1.24317,1.24336,1.00,1.37
2015.09.14 04:38:12.466,1.24315,1.24336,1.37,1.75
2015.09.14 04:38:13.252,1.24313,1.24336,1.75,1.75
2015.09.14 04:38:13.582,1.24316,1.24336,1.75,1.75
2015.09.14 04:38:14.243,1.24317,1.24336,1.37,1.75
2015.09.14 04:38:14.653,1.24316,1.24338,2.62,1.12
2015.09.14 04:38:15.736,1.24317,1.24338,1.12,1.12
2015.09.14 04:38:16.237,1.24316,1.24337,2.25,1.37
2015.09.14 04:38:16.775,1.24316,1.24334,1.87,1.00
2015.09.14 04:38:17.080,1.24318,1.24337,1.50,1.37
2015.09.14 04:38:17.588,1.2432,1.24337,1.37,1.37
2015.09.14 04:38:17.945,1.2432,1.24335,1.50,1.00
2015.09.14 04:38:18.148,1.24322,1.24336,1.87,1.00
2015.09.14 04:38:18.250,1.24322,1.24336,1.87,1.00
2015.09.14 04:38:18.952,1.24322,1.24336,1.37,1.00
2015.09.14 04:38:19.003,1.24322,1.24338,1.37,1.00
2015.09.14 04:38:19.258,1.24322,1.24338,1.12,1.00
2015.09.14 04:38:20.299,1.24321,1.24338,1.12,1.50
2015.09.14 04:38:20.351,1.24319,1.24338,1.12,1.50
2015.09.14 04:38:20.454,1.24316,1.24337,1.37,1.75
2015.09.14 04:38:21.279,1.24316,1.24336,1.37,1.50
2015.09.14 04:38:21.381,1.24316,1.24335,1.12,1.00
2015.09.14 04:38:21.584,1.24312,1.24334,1.87,1.12
2015.09.14 04:38:21.788,1.24312,1.24334,1.37,1.87
2015.09.14 04:38:22.308,1.24312,1.24333,1.37,1.12
2015.09.14 04:38:24.200,1.24313,1.24333,1.12,1.50
2015.09.14 04:38:25.879,1.24312,1.24333,1.12,1.50
2015.09.14 04:38:25.981,1.24311,1.24329,1.12,1.00
2015.09.14 04:38:26.285,1.24311,1.24329,1.37,1.00
2015.09.14 04:38:26.906,1.24312,1.24329,1.12,1.00
2015.09.14 04:38:27.475,1.24312,1.24329,1.37,1.00
2015.09.14 04:38:27.780,1.24312,1.24329,1.37,1.00
2015.09.14 04:38:28.884,1.24312,1.24331,2.25,1.00
2015.09.14 04:38:29.196,1.24315,1.24333,1.37,1.12
2015.09.14 04:38:29.298,1.24317,1.24333,1.37,1.12
2015.09.14 04:38:30.293,1.24316,1.24336,1.37,1.12
2015.09.14 04:38:30.634,1.24315,1.24334,1.12,2.25
2015.09.14 04:38:30.789,1.24315,1.24332,1.12,1.12
2015.09.14 04:38:31.300,1.24312,1.24334,1.87,2.62
2015.09.14 04:38:31.615,1.24312,1.24333,2.25,1.75
2015.09.14 04:38:32.218,1.24316,1.24334,1.37,1.75
2015.09.14 04:38:32.422,1.24316,1.24336,1.50,1.87
2015.09.14 04:38:32.936,1.24316,1.24337,1.50,1.87
2015.09.14 04:38:33.292,1.24316,1.24336,1.50,1.87
2015.09.14 04:38:33.546,1.24316,1.24336,1.12,1.50
2015.09.14 04:38:34.277,1.24316,1.24337,1.50,1.87
2015.09.14 04:38:34.892,1.24316,1.24335,1.50,1.37
2015.09.14 04:38:35.433,1.24317,1.24334,1.37,1.12
2015.09.14 04:38:35.982,1.24317,1.24335,1.37,1.37
2015.09.14 04:38:36.897,1.24317,1.24336,1.37,1.50
2015.09.14 04:38:37.236,1.24317,1.24336,1.37,1.50
2015.09.14 04:38:45.608,1.24317,1.24336,1.37,1.50
2015.09.14 04:38:46.015,1.24319,1.24336,1.00,1.50
2015.09.14 04:38:46.523,1.24314,1.24336,1.12,1.87
2015.09.14 04:38:46.828,1.24312,1.24331,3.00,1.00
2015.09.14 04:38:46.930,1.24312,1.24331,2.25,1.00
2015.09.14 04:38:47.067,1.24313,1.24335,1.75,1.50
2015.09.14 04:38:48.213,1.24316,1.24336,1.50,1.75
2015.09.14 04:38:49.146,1.24316,1.24338,1.87,1.87
2015.09.14 04:38:49.919,1.24316,1.24338,1.50,1.87
2015.09.14 04:38:51.122,1.24316,1.24338,1.87,1.87
2015.09.14 04:38:51.648,1.24316,1.24338,1.50,1.87
2015.09.14 04:38:52.749,1.24316,1.24337,1.50,1.75
2015.09.14 04:38:53.293,1.24316,1.24337,1.87,1.75
2015.09.14 04:38:54.730,1.24316,1.24337,1.50,1.87
2015.09.14 04:38:56.764,1.24316,1.24335,1.87,1.37
2015.09.14 04:38:57.267,1.24316,1.24335,1.50,1.37
2015.09.14 04:38:58.332,1.24316,1.24335,1.12,1.37
2015.09.14 04:39:00.641,1.24318,1.24338,1.50,1.75
2015.09.14 04:39:00.743,1.24319,1.2434,1.12,1.87
2015.09.14 04:39:00.845,1.24321,1.24342,1.12,3.00
2015.09.14 04:39:00.947,1.24323,1.24345,1.37,1.75
2015.09.14 04:39:01.051,1.24325,1.24344,1.75,1.12
2015.09.14 04:39:01.670,1.24326,1.24347,1.87,1.75
2015.09.14 04:39:02.470,1.24326,1.24349,1.12,1.87
2015.09.14 04:39:04.191,1.24326,1.24348,1.87,1.12
2015.09.14 04:39:04.573,1.24326,1.24348,1.50,1.75
2015.09.14 04:39:06.101,1.24326,1.24348,1.87,1.75
2015.09.14 04:39:08.178,1.24326,1.24348,1.87,1.75
2015.09.14 04:39:09.076,1.24327,1.24349,1.50,1.12
2015.09.14 04:39:09.961,1.24326,1.24348,2.62,1.12
2015.09.14 04:39:10.862,1.24326,1.24349,2.62,1.75
2015.09.14 04:39:12.970,1.24326,1.24349,2.25,1.12
2015.09.14 04:39:14.898,1.24326,1.24347,1.37,2.25
2015.09.14 04:39:15.005,1.24325,1.24347,1.75,2.25
2015.09.14 04:39:15.177,1.24326,1.24347,1.37,2.25
2015.09.14 04:39:16.408,1.24328,1.24349,1.12,1.12
2015.09.14 04:39:16.918,1.24328,1.24349,1.12,2.25
2015.09.14 04:39:17.433,1.24328,1.24349,1.12,1.12
2015.09.14 04:39:17.966,1.24328,1.24348,1.12,1.00
2015.09.14 04:39:18.519,1.24328,1.24348,1.12,1.00
2015.09.14 04:39:19.108,1.24328,1.24349,1.12,2.25
2015.09.14 04:39:19.509,1.24329,1.24348,1.00,1.00
2015.09.14 04:39:19.612,1.24328,1.24346,1.37,1.00
2015.09.14 04:39:20.440,1.24328,1.24344,1.37,1.00
2015.09.14 04:39:20.643,1.24328,1.24346,1.37,1.00
2015.09.14 04:39:21.211,1.24329,1.24347,1.00,1.12
2015.09.14 04:39:21.718,1.24328,1.24347,1.12,1.00
2015.09.14 04:39:22.268,1.24328,1.24347,1.12,1.37
2015.09.14 04:39:22.815,1.24328,1.24346,1.37,1.12
2015.09.14 04:39:23.933,1.24326,1.24346,1.12,1.50
2015.09.14 04:39:24.035,1.24327,1.24346,1.12,1.12
2015.09.14 04:39:24.816,1.24327,1.24345,1.12,1.00
2015.09.14 04:39:26.044,1.24327,1.24346,1.12,1.50
2015.09.14 04:39:26.198,1.24324,1.24346,1.12,2.25
2015.09.14 04:39:31.233,1.24325,1.24345,1.50,1.37
2015.09.14 04:39:31.320,1.24325,1.24345,1.12,2.62
2015.09.14 04:39:31.473,1.24322,1.24343,1.37,1.50
2015.09.14 04:39:31.577,1.2432,1.24339,1.00,1.12
2015.09.14 04:39:31.679,1.24319,1.24338,1.37,1.75
2015.09.14 04:39:31.730,1.24319,1.24337,1.12,1.12
2015.09.14 04:39:32.137,1.24315,1.24338,1.75,1.75
2015.09.14 04:39:33.434,1.24316,1.24336,1.37,2.62
2015.09.14 04:39:33.976,1.24317,1.24335,1.00,1.00
2015.09.14 04:39:38.521,1.24316,1.24337,1.12,1.87
2015.09.14 04:39:39.026,1.24318,1.24336,1.37,1.50
2015.09.14 04:39:40.926,1.24316,1.24339,2.62,2.25
2015.09.14 04:39:45.279,1.24317,1.24341,1.87,2.25
2015.09.14 04:39:45.382,1.24319,1.24343,1.50,1.75
2015.09.14 04:39:45.586,1.24322,1.24344,1.37,1.75
2015.09.14 04:39:45.705,1.24322,1.24344,1.75,1.50
2015.09.14 04:39:46.475,1.24324,1.24344,1.12,1.37
2015.09.14 04:39:48.107,1.24321,1.24343,1.12,1.37
2015.09.14 04:39:48.159,1.24319,1.2434,2.62,1.12
2015.09.14 04:39:48.464,1.24318,1.24336,2.62,1.00
2015.09.14 04:39:48.769,1.24315,1.2433,1.00,1.00
2015.09.14 04:39:48.871,1.24315,1.24332,1.00,1.00
2015.09.14 04:39:51.567,1.24314,1.24333,1.37,2.25
2015.09.14 04:39:52.116,1.24314,1.24332,1.37,1.00
2015.09.14 04:39:53.772,1.24314,1.24331,1.37,1.00
2015.09.14 04:39:54.361,1.2431,1.24328,1.12,1.00
2015.09.14 04:39:54.515,1.24309,1.24327,1.37,1.00
2015.09.14 04:39:54.668,1.24309,1.24325,1.37,1.00
2015.09.14 04:39:55.188,1.24304,1.24325,1.75,1.37
2015.09.14 04:39:55.596,1.24304,1.24324,1.12,1.12
2015.09.14 04:39:55.829,1.24301,1.24324,1.12,1.75
2015.09.14 04:39:56.337,1.243,1.2432,1.75,1.00
2015.09.14 04:39:56.873,1.243,1.24323,2.25,1.87
2015.09.14 04:39:57.603,1.243,1.24322,1.87,1.50
2015.09.14 04:39:57.904,1.243,1.24322,1.87,1.87
2015.09.14 04:40:01.813,1.243,1.24321,1.12,2.25
2015.09.14 04:40:02.172,1.243,1.24317,1.37,1.00
2015.09.14 04:40:02.479,1.24293,1.24314,1.75,1.00
2015.09.14 04:40:02.530,1.24296,1.24316,1.00,1.00
2015.09.14 04:40:03.597,1.24296,1.24316,1.37,1.00
2015.09.14 04:40:03.903,1.24296,1.24316,1.37,1.00
2015.09.14 04:40:04.445,1.24296,1.24316,1.37,1.00
2015.09.14 04:40:05.191,1.24296,1.24314,1.37,1.00
2015.09.14 04:40:05.521,1.24296,1.24312,1.37,1.00
2015.09.14 04:40:05.725,1.24296,1.24315,1.50,1.00
2015.09.14 04:40:06.250,1.24296,1.24315,1.37,1.00
2015.09.14 04:40:06.949,1.24296,1.24313,1.37,1.00
2015.09.14 04:40:07.112,1.24296,1.24313,1.37,1.00
2015.09.14 04:40:07.165,1.24296,1.24315,1.12,1.50
2015.09.14 04:40:07.473,1.243,1.24313,1.12,1.00
2015.09.14 04:40:08.962,1.243,1.24312,1.12,1.00
2015.09.14 04:40:09.552,1.243,1.24313,1.12,1.50
2015.09.14 04:40:11.418,1.243,1.24315,1.12,1.00
2015.09.14 04:40:12.048,1.243,1.24317,1.12,1.87
2015.09.14 04:40:12.569,1.243,1.24317,1.12,1.87
2015.09.14 04:40:15.255,1.243,1.24315,1.12,1.00
2015.09.14 04:40:16.492,1.243,1.24316,1.12,1.50
2015.09.14 04:40:18.173,1.243,1.24315,1.12,1.00
2015.09.14 04:40:18.888,1.243,1.24316,1.12,1.50
2015.09.14 04:40:19.436,1.24296,1.24315,1.37,1.50
2015.09.14 04:40:20.821,1.24296,1.24315,1.37,1.50
2015.09.14 04:40:22.210,1.24296,1.24314,1.37,1.00
2015.09.14 04:40:22.333,1.24296,1.24313,1.37,1.00
2015.09.14 04:40:22.843,1.24296,1.24314,1.37,1.00
2015.09.14 04:40:23.937,1.24296,1.24314,1.37,1.00
2015.09.14 04:40:25.091,1.24296,1.24313,1.37,1.00
2015.09.14 04:40:25.608,1.24296,1.24313,1.37,1.00
2015.09.14 04:40:26.354,1.24296,1.24313,1.12,1.00
2015.09.14 04:40:26.870,1.24296,1.24314,1.00,1.37
2015.09.14 04:40:27.406,1.24292,1.24313,1.12,1.37
2015.09.14 04:40:28.311,1.24292,1.24313,1.12,1.12
2015.09.14 04:40:33.072,1.24293,1.24313,1.00,1.75
2015.09.14 04:40:33.608,1.24288,1.24309,1.12,1.50
2015.09.14 04:40:34.169,1.24288,1.24309,1.12,1.50
2015.09.14 04:40:34.321,1.24288,1.24306,1.12,1.00
2015.09.14 04:40:37.660,1.24288,1.24306,1.75,1.00
2015.09.14 04:40:37.712,1.24288,1.24308,1.75,1.00
2015.09.14 04:40:38.282,1.24288,1.24308,1.12,1.00
2015.09.14 04:40:38.500,1.24286,1.24308,1.12,1.00
2015.09.14 04:40:39.343,1.24286,1.24308,1.12,1.37
2015.09.14 04:40:39.648,1.24281,1.24303,1.12,1.75
2015.09.14 04:40:40.155,1.24281,1.24303,1.12,1.75
2015.09.14 04:40:42.579,1.24281,1.24302,1.37,1.50
2015.09.14 04:40:42.681,1.2428,1.24302,1.12,1.50
2015.09.14 04:40:43.286,1.2428,1.24302,2.25,1.50
2015.09.14 04:40:43.805,1.24281,1.24302,1.12,1.50
2015.09.14 04:40:44.779,1.24283,1.24308,1.75,1.75
2015.09.14 04:40:44.881,1.24288,1.24308,1.50,1.50
2015.09.14 04:40:45.469,1.24289,1.24309,1.37,1.12
2015.09.14 04:40:45.986,1.24289,1.24308,1.37,1.12
2015.09.14 04:40:46.487,1.24289,1.24308,1.37,1.12
2015.09.14 04:40:46.942,1.24289,1.24308,1.37,1.12
2015.09.14 04:40:47.248,1.24289,1.24306,1.37,1.00
2015.09.14 04:40:48.374,1.24289,1.24306,1.37,1.00
2015.09.14 04:40:49.381,1.24289,1.24306,1.37,1.00
2015.09.14 04:40:49.776,1.24289,1.24306,1.00,1.00
2015.09.14 04:40:51.654,1.24289,1.24308,1.00,1.12
2015.09.14 04:40:52.254,1.24289,1.24308,1.00,1.12
2015.09.14 04:40:52.305,1.24289,1.24308,1.75,1.12
2015.09.14 04:40:52.577,1.24294,1.24312,1.12,1.00
2015.09.14 04:40:53.085,1.24296,1.24315,1.37,1.12
2015.09.14 04:40:53.620,1.24296,1.24314,1.37,1.12
2015.09.14 04:40:54.175,1.24296,1.24315,1.37,1.12
2015.09.14 04:41:00.513,1.24296,1.24314,1.37,1.50
2015.09.14 04:41:01.845,1.24299,1.24314,1.00,1.12
2015.09.14 04:41:03.371,1.24298,1.24316,1.37,1.87
2015.09.14 04:41:04.180,1.24298,1.24314,1.37,1.00
2015.09.14 04:41:04.721,1.24298,1.24313,1.37,1.00
2015.09.14 04:41:05.578,1.24298,1.24315,1.37,1.00
2015.09.14 04:41:08.477,1.24298,1.24316,1.37,1.50
2015.09.14 04:41:14.102,1.24299,1.24317,1.00,1.87
2015.09.14 04:41:16.868,1.24298,1.24315,1.12,1.00
2015.09.14 04:41:17.405,1.243,1.24316,1.00,1.00
2015.09.14 04:41:17.970,1.24297,1.24316,1.37,1.87
2015.09.14 04:41:18.021,1.24297,1.24316,1.00,2.25
2015.09.14 04:41:18.624,1.24296,1.24315,1.00,1.37
2015.09.14 04:41:19.730,1.24294,1.24315,1.12,2.25
2015.09.14 04:41:20.841,1.24293,1.24312,1.12,1.00
2015.09.14 04:41:20.944,1.24292,1.2431,1.37,1.00
2015.09.14 04:41:20.995,1.24292,1.2431,1.00,1.00
2015.09.14 04:41:21.250,1.2429,1.24309,1.12,1.37
2015.09.14 04:41:21.817,1.24291,1.24309,1.37,1.12
2015.09.14 04:41:22.375,1.24291,1.24308,1.37,1.00
2015.09.14 04:41:25.708,1.2429,1.24307,1.12,1.00
2015.09.14 04:41:28.723,1.2429,1.24309,1.12,1.87
2015.09.14 04:41:31.515,1.24291,1.24307,1.37,1.00
2015.09.14 04:41:32.030,1.24291,1.24309,1.37,1.00
2015.09.14 04:41:32.193,1.24291,1.24311,1.87,1.50
2015.09.14 04:41:32.501,1.24296,1.24315,1.37,1.12
2015.09.14 04:41:32.603,1.24296,1.24315,1.50,1.37
2015.09.14 04:41:39.709,1.24294,1.24314,1.87,1.50
2015.09.14 04:41:40.115,1.24294,1.24313,1.37,1.37
2015.09.14 04:41:41.990,1.24293,1.24312,1.12,1.87
2015.09.14 04:41:42.498,1.2429,1.24311,1.12,1.50
2015.09.14 04:41:42.701,1.2429,1.24308,1.12,1.00
2015.09.14 04:41:44.321,1.24292,1.24309,1.37,1.00
2015.09.14 04:41:44.424,1.24294,1.24313,1.12,1.00
2015.09.14 04:41:44.577,1.24294,1.24316,1.12,1.87
2015.09.14 04:41:48.053,1.24294,1.24314,1.12,1.00
2015.09.14 04:41:50.388,1.24294,1.24315,1.87,1.87
2015.09.14 04:41:50.642,1.24292,1.2431,1.37,1.00
2015.09.14 04:41:50.693,1.24292,1.2431,1.00,1.00
2015.09.14 04:41:50.897,1.24291,1.24309,1.00,1.37
2015.09.14 04:41:51.000,1.24288,1.24308,1.50,1.12
2015.09.14 04:41:54.000,1.24288,1.24308,1.50,2.25
2015.09.14 04:41:54.544,1.2429,1.24308,1.37,1.75
2015.09.14 04:41:54.878,1.2429,1.24309,1.37,1.75
2015.09.14 04:41:55.038,1.24292,1.24313,1.50,1.50
2015.09.14 04:41:55.140,1.24292,1.24313,1.87,1.50
2015.09.14 04:41:55.395,1.24296,1.24315,1.87,2.25
2015.09.14 04:41:57.571,1.24296,1.24316,1.87,1.00
2015.09.14 04:42:01.214,1.24298,1.24316,1.37,1.00
2015.09.14 04:42:03.331,1.24297,1.24316,1.37,1.00
2015.09.14 04:42:03.433,1.24297,1.24316,1.00,1.00
2015.09.14 04:42:04.069,1.24296,1.24316,1.00,1.00
2015.09.14 04:42:08.487,1.24296,1.2432,1.50,1.50
2015.09.14 04:42:08.794,1.24298,1.24323,1.75,1.87
2015.09.14 04:42:10.789,1.24301,1.2432,1.12,2.85
2015.09.14 04:42:10.993,1.24292,1.24315,1.87,1.75
2015.09.14 04:42:11.644,1.2429,1.24307,1.75,1.00
2015.09.14 04:42:11.747,1.24286,1.24307,1.75,1.00
2015.09.14 04:42:11.849,1.24286,1.24307,1.12,2.62
2015.09.14 04:42:12.397,1.24283,1.24305,1.75,1.00
2015.09.14 04:42:13.486,1.24283,1.24306,1.75,1.50
2015.09.14 04:42:15.382,1.24284,1.24304,1.75,1.00
2015.09.14 04:42:15.484,1.24284,1.24306,1.75,1.12
2015.09.14 04:42:17.160,1.24289,1.24308,1.00,1.12
2015.09.14 04:42:17.516,1.24287,1.24307,1.00,1.50
2015.09.14 04:42:18.062,1.24288,1.24307,1.00,1.50
2015.09.14 04:42:19.063,1.24285,1.24307,1.50,1.50
2015.09.14 04:42:19.571,1.24285,1.24305,1.50,1.00
2015.09.14 04:42:21.315,1.24283,1.24304,1.75,1.00
2015.09.14 04:42:21.417,1.24283,1.24304,1.37,1.37
2015.09.14 04:42:21.468,1.24281,1.24304,1.12,1.75
2015.09.14 04:42:22.450,1.24285,1.24307,1.00,1.75
2015.09.14 04:42:22.654,1.24285,1.24308,1.50,1.87
2015.09.14 04:42:26.310,1.24288,1.24309,1.00,1.75
2015.09.14 04:42:26.838,1.24289,1.24311,1.00,1.75
2015.09.14 04:42:27.368,1.24289,1.24313,1.75,1.75
2015.09.14 04:42:29.329,1.24289,1.24308,1.75,1.60
2015.09.14 04:42:29.583,1.2428,1.24299,1.50,1.00
2015.09.14 04:42:29.787,1.24283,1.24299,1.37,1.00
2015.09.14 04:42:29.838,1.24285,1.24307,1.00,1.75
2015.09.14 04:42:29.940,1.24288,1.24307,1.00,1.75
2015.09.14 04:42:32.022,1.24285,1.24308,1.12,2.25
2015.09.14 04:42:33.467,1.24285,1.24305,1.12,2.05
2015.09.14 04:42:33.569,1.24285,1.24302,1.00,2.10
2015.09.14 04:42:33.874,1.2428,1.24296,1.50,1.60
2015.09.14 04:42:34.411,1.2428,1.24297,1.00,1.72
2015.09.14 04:42:34.734,1.2428,1.24298,1.37,1.50
2015.09.14 04:42:34.988,1.24283,1.24301,1.00,1.50
2015.09.14 04:42:36.739,1.24285,1.24306,1.00,1.12
2015.09.14 04:42:36.893,1.24285,1.24306,1.37,1.37
2015.09.14 04:42:36.996,1.24289,1.24307,1.00,1.75
2015.09.14 04:42:39.396,1.24288,1.24308,1.00,1.87
2015.09.14 04:42:40.685,1.24286,1.24304,1.12,1.12
2015.09.14 04:42:42.267,1.24289,1.24305,1.00,1.37
2015.09.14 04:42:47.529,1.24287,1.24306,1.00,1.50
2015.09.14 04:42:52.309,1.24287,1.24306,1.00,1.87
2015.09.14 04:42:52.849,1.24285,1.24306,1.37,1.12
2015.09.14 04:42:52.975,1.24285,1.24304,1.37,1.00
2015.09.14 04:42:58.904,1.24285,1.24305,1.37,1.00
2015.09.14 04:43:03.006,1.24284,1.24304,1.87,1.00
2015.09.14 04:43:03.311,1.24282,1.243,1.00,1.00
2015.09.14 04:43:06.072,1.24282,1.24297,1.00,1.00
2015.09.14 04:43:06.225,1.24278,1.24295,1.00,1.00
2015.09.14 04:43:06.327,1.24278,1.24293,1.00,1.00
2015.09.14 04:43:06.429,1.24278,1.24295,1.00,1.00
2015.09.14 04:43:06.930,1.24278,1.24294,1.00,1.00
2015.09.14 04:43:07.958,1.24278,1.24293,1.00,1.00
2015.09.14 04:43:08.188,1.24278,1.24295,1.00,1.00
2015.09.14 04:43:08.722,1.24278,1.24294,1.00,1.00
2015.09.14 04:43:14.129,1.24278,1.24296,1.00,1.37
2015.09.14 04:43:15.065,1.24278,1.24296,1.00,1.50
2015.09.14 04:43:18.764,1.24278,1.24297,1.00,1.00
2015.09.14 04:43:19.172,1.24281,1.24302,1.00,1.87
2015.09.14 04:43:19.223,1.24282,1.24302,1.12,1.87
2015.09.14 04:43:19.528,1.24284,1.24303,1.00,1.50
2015.09.14 04:43:19.860,1.24284,1.24303,1.75,1.00
2015.09.14 04:43:20.063,1.24284,1.24305,1.75,1.00
2015.09.14 04:43:28.650,1.24283,1.24304,1.87,1.00
2015.09.14 04:43:28.753,1.24283,1.24302,1.75,1.00
2015.09.14 04:43:34.902,1.24288,1.24305,1.00,1.00
2015.09.14 04:43:34.953,1.24287,1.24307,1.75,1.00
2015.09.14 04:43:35.004,1.24287,1.24308,1.87,1.00
2015.09.14 04:43:35.258,1.24289,1.24309,1.00,1.50
2015.09.14 04:43:38.021,1.2429,1.24309,1.00,1.50
2015.09.14 04:43:38.566,1.24289,1.24309,1.00,1.00
2015.09.14 04:43:43.123,1.24286,1.24309,1.37,1.87
2015.09.14 04:43:43.174,1.24286,1.24308,1.12,1.75
2015.09.14 04:43:51.903,1.24288,1.24306,1.00,1.75
2015.09.14 04:43:52.405,1.24289,1.24311,1.00,1.75
2015.09.14 04:43:52.963,1.24289,1.24312,1.50,1.75
2015.09.14 04:43:54.321,1.24291,1.24313,1.00,1.75
2015.09.14 04:43:54.525,1.24294,1.24314,1.00,1.75
2015.09.14 04:43:54.677,1.24294,1.24313,1.00,1.00
2015.09.14 04:43:56.843,1.24293,1.24313,1.50,1.00
2015.09.14 04:44:12.142,1.24293,1.24314,1.50,1.37
2015.09.14 04:44:12.745,1.24293,1.24314,1.75,1.12
2015.09.14 04:44:17.988,1.24292,1.24315,1.50,1.12
2015.09.14 04:44:18.090,1.24292,1.24311,1.00,1.00
2015.09.14 04:44:19.007,1.24289,1.24311,1.37,1.50
2015.09.14 04:44:19.059,1.24289,1.2431,1.00,1.12
2015.09.14 04:44:19.161,1.24287,1.2431,1.12,1.12
2015.09.14 04:44:21.681,1.2429,1.2431,1.00,1.87
2015.09.14 04:44:23.427,1.24287,1.24305,1.12,1.00
2015.09.14 04:44:23.479,1.24287,1.24305,1.12,1.37
2015.09.14 04:44:23.682,1.2428,1.24302,1.50,1.50
2015.09.14 04:44:25.297,1.24282,1.24306,1.12,3.37
2015.09.14 04:44:25.805,1.24281,1.24305,1.00,1.87
2015.09.14 04:44:26.766,1.24282,1.24302,1.00,1.50
2015.09.14 04:44:39.417,1.24281,1.24302,1.12,1.50
2015.09.14 04:44:46.011,1.24282,1.24301,1.00,1.00
2015.09.14 04:44:50.940,1.24283,1.24301,1.00,1.00
2015.09.14 04:44:55.105,1.24282,1.24301,1.00,1.50
2015.09.14 04:45:00.464,1.24282,1.24299,1.00,1.00
2015.09.14 04:45:01.821,1.24282,1.243,1.00,1.00
2015.09.14 04:45:05.788,1.24282,1.24299,1.00,1.00
2015.09.14 04:45:06.543,1.24282,1.24299,1.00,1.37
2015.09.14 04:45:07.011,1.24278,1.24298,1.50,1.00
2015.09.14 04:45:07.215,1.24278,1.24296,1.00,1.00
2015.09.14 04:45:07.520,1.24277,1.24296,1.00,1.87
2015.09.14 04:45:07.996,1.24273,1.24296,1.75,1.87
2015.09.14 04:45:08.886,1.24277,1.24295,1.00,1.75
2015.09.14 04:45:13.300,1.24284,1.24298,1.00,1.75
2015.09.14 04:45:13.453,1.24284,1.24301,1.00,1.75
2015.09.14 04:45:15.174,1.24281,1.243,1.00,1.50
2015.09.14 04:45:26.723,1.24276,1.243,1.37,1.12
2015.09.14 04:45:26.774,1.24276,1.24294,1.00,1.00
2015.09.14 04:45:26.826,1.24274,1.24294,1.00,1.00
2015.09.14 04:45:33.837,1.24274,1.24292,1.00,1.00
2015.09.14 04:45:34.152,1.24269,1.24291,1.12,1.12
2015.09.14 04:45:34.407,1.24265,1.24284,1.00,1.00
2015.09.14 04:45:39.018,1.24265,1.24284,1.87,1.00
2015.09.14 04:45:39.221,1.24267,1.24291,1.75,1.87
2015.09.14 04:45:40.687,1.24271,1.24292,1.12,1.37
2015.09.14 04:45:40.739,1.24271,1.24295,1.50,2.62
2015.09.14 04:45:44.468,1.24272,1.24293,1.12,1.12
2015.09.14 04:45:45.173,1.24271,1.24292,1.50,1.12
2015.09.14 04:45:45.377,1.24275,1.24296,1.00,1.12
2015.09.14 04:45:45.428,1.24275,1.24297,1.50,1.12
2015.09.14 04:45:58.258,1.24279,1.243,1.00,1.75
2015.09.14 04:45:59.434,1.24279,1.24301,1.87,1.50
2015.09.14 04:45:59.790,1.24277,1.24297,1.12,1.00
2015.09.14 04:46:01.984,1.24279,1.24298,1.12,1.00
2015.09.14 04:46:05.523,1.24278,1.24297,1.87,1.00
2015.09.14 04:46:06.979,1.24276,1.24295,1.12,1.00
2015.09.14 04:46:07.183,1.24276,1.24295,1.50,1.00
2015.09.14 04:46:07.234,1.24276,1.24292,1.00,1.00
2015.09.14 04:46:09.080,1.24276,1.24291,1.00,1.00
2015.09.14 04:46:13.935,1.24272,1.2429,1.37,1.00
2015.09.14 04:46:13.986,1.24271,1.2429,1.50,1.00
2015.09.14 04:46:14.254,1.24268,1.24288,1.75,1.00
2015.09.14 04:46:14.356,1.24268,1.24288,1.50,1.37
2015.09.14 04:46:16.048,1.24269,1.24288,1.87,1.37
2015.09.14 04:46:16.150,1.24271,1.2429,1.37,1.00
2015.09.14 04:46:16.353,1.24271,1.24292,1.75,1.12
2015.09.14 04:46:16.856,1.24274,1.24292,1.00,1.12
2015.09.14 04:46:17.363,1.24272,1.24292,1.50,1.12
2015.09.14 04:46:24.531,1.24272,1.24293,1.50,1.50
2015.09.14 04:46:25.321,1.24273,1.24292,1.00,1.12
2015.09.14 04:46:25.372,1.24273,1.2429,1.00,1.00
2015.09.14 04:46:25.677,1.24269,1.24288,1.75,1.00
2015.09.14 04:46:26.011,1.24269,1.24288,1.50,1.50
2015.09.14 04:46:26.247,1.24269,1.24285,1.50,1.00
2015.09.14 04:46:31.946,1.24268,1.24287,1.75,1.12
2015.09.14 04:46:34.272,1.24267,1.24286,1.75,1.00
2015.09.14 04:46:37.563,1.24267,1.24285,1.75,1.00
2015.09.14 04:46:38.776,1.24266,1.24283,1.75,1.00
2015.09.14 04:46:39.305,1.24264,1.24282,1.50,1.00
2015.09.14 04:46:42.438,1.24264,1.24284,1.12,1.12
2015.09.14 04:46:42.946,1.24267,1.24286,1.00,1.50
2015.09.14 04:46:42.997,1.24267,1.24286,1.75,1.00
2015.09.14 04:46:43.100,1.24267,1.24288,1.75,1.12
2015.09.14 04:46:43.782,1.24271,1.2429,1.12,1.75
2015.09.14 04:46:44.087,1.24274,1.2429,1.12,1.00
2015.09.14 04:46:44.391,1.24276,1.24294,1.75,1.00
2015.09.14 04:46:44.594,1.24276,1.24296,1.75,1.12
2015.09.14 04:46:46.987,1.24278,1.24296,1.12,1.12
2015.09.14 04:46:47.241,1.24277,1.24297,1.87,1.00
2015.09.14 04:46:47.497,1.24277,1.24295,1.12,1.00
2015.09.14 04:46:47.812,1.24277,1.24295,1.87,1.00
2015.09.14 04:46:47.914,1.24277,1.24297,1.87,1.00
2015.09.14 04:46:48.565,1.24277,1.24297,1.37,1.00
2015.09.14 04:46:48.667,1.24277,1.24294,1.37,1.00
2015.09.14 04:46:49.022,1.24277,1.24297,1.00,1.50
2015.09.14 04:46:49.778,1.24277,1.24294,1.00,1.00
2015.09.14 04:46:56.387,1.24277,1.24295,1.00,1.00
2015.09.14 04:46:56.803,1.24277,1.24297,1.00,1.00
2015.09.14 04:46:58.137,1.24277,1.24295,1.00,1.00
2015.09.14 04:46:58.694,1.24277,1.24294,1.00,1.00
2015.09.14 04:46:59.122,1.24273,1.24293,1.00,1.00
2015.09.14 04:46:59.852,1.24273,1.24292,1.00,1.00
2015.09.14 04:47:06.545,1.24273,1.24291,1.00,1.00
2015.09.14 04:47:06.799,1.24267,1.2429,1.12,1.37
2015.09.14 04:47:06.851,1.24269,1.24287,1.00,1.00
2015.09.14 04:47:07.370,1.24269,1.24288,1.00,1.00
2015.09.14 04:47:10.575,1.24271,1.24288,1.00,1.00
2015.09.14 04:47:10.880,1.24272,1.24292,1.12,1.12
2015.09.14 04:47:11.033,1.24275,1.24295,1.00,1.75
2015.09.14 04:47:11.270,1.24277,1.24296,1.00,1.00
2015.09.14 04:47:12.467,1.2428,1.24296,1.00,1.00
2015.09.14 04:47:12.643,1.24276,1.24296,1.87,1.00
2015.09.14 04:47:17.925,1.24278,1.24296,1.00,1.00
2015.09.14 04:47:20.035,1.24276,1.24296,1.87,1.00
2015.09.14 04:47:22.656,1.24276,1.24296,1.87,1.00
2015.09.14 04:47:22.759,1.24277,1.24296,1.37,1.00
2015.09.14 04:47:22.861,1.2428,1.24302,1.37,1.50
2015.09.14 04:47:23.218,1.24282,1.24307,1.50,1.75
2015.09.14 04:47:23.269,1.24282,1.24307,2.62,1.75
2015.09.14 04:47:23.777,1.24287,1.24311,1.00,1.87
2015.09.14 04:47:26.058,1.24287,1.24305,1.00,1.75
2015.09.14 04:47:26.109,1.24284,1.24306,1.00,1.12
2015.09.14 04:47:26.617,1.24283,1.24304,1.00,1.75
2015.09.14 04:47:28.703,1.24281,1.24302,1.50,1.75
2015.09.14 04:47:38.250,1.24279,1.24299,1.75,1.00
2015.09.14 04:47:38.755,1.24279,1.24301,1.75,1.50
2015.09.14 04:47:39.412,1.24279,1.24299,1.75,1.00
2015.09.14 04:47:40.012,1.24279,1.24301,1.75,1.50
2015.09.14 04:47:40.623,1.24279,1.24299,1.75,1.00
2015.09.14 04:47:41.149,1.24279,1.243,1.75,1.50
2015.09.14 04:47:41.858,1.24279,1.243,1.75,1.50
2015.09.14 04:47:44.788,1.24283,1.24303,1.00,1.75
2015.09.14 04:47:45.334,1.24282,1.24305,1.00,1.75
2015.09.14 04:47:46.329,1.2428,1.24302,1.50,1.75
2015.09.14 04:47:53.486,1.24282,1.24305,1.00,1.75
2015.09.14 04:47:53.740,1.24284,1.24304,1.50,1.00
2015.09.14 04:47:53.791,1.24287,1.24304,1.00,1.00
2015.09.14 04:47:54.316,1.24288,1.24304,1.00,1.00
2015.09.14 04:47:55.134,1.24286,1.24304,1.00,1.00
2015.09.14 04:47:56.781,1.24284,1.24304,1.00,1.00
2015.09.14 04:47:59.384,1.2428,1.24304,2.62,1.37
2015.09.14 04:47:59.435,1.24278,1.243,1.75,1.37
2015.09.14 04:47:59.588,1.24278,1.24299,1.37,1.50
2015.09.14 04:47:59.640,1.24277,1.24299,1.12,1.87
2015.09.14 04:48:07.911,1.24278,1.24301,1.00,1.12
2015.09.14 04:48:10.660,1.24277,1.243,1.12,1.87
2015.09.14 04:48:14.940,1.24274,1.24299,2.62,1.50
2015.09.14 04:48:15.346,1.24282,1.243,1.00,1.75
2015.09.14 04:48:15.609,1.24279,1.24302,1.12,1.87
2015.09.14 04:48:19.218,1.24281,1.24302,1.00,1.75
2015.09.14 04:48:19.380,1.24282,1.24306,1.12,1.75
2015.09.14 04:48:20.939,1.24284,1.24309,1.37,2.62
2015.09.14 04:48:20.990,1.24288,1.24308,1.00,1.00
2015.09.14 04:48:29.157,1.24288,1.24308,1.00,1.37
2015.09.14 04:48:29.686,1.24288,1.24308,1.00,1.00
2015.09.14 04:48:36.301,1.24287,1.24307,1.00,1.00
2015.09.14 04:48:50.658,1.24288,1.24307,1.00,1.00
2015.09.14 04:48:51.615,1.24288,1.24309,1.50,1.37
2015.09.14 04:49:03.234,1.24284,1.24308,1.75,1.50
2015.09.14 04:49:03.796,1.24283,1.24306,1.12,1.00
2015.09.14 04:49:04.144,1.24282,1.24304,1.75,1.50
2015.09.14 04:49:04.195,1.2428,1.24303,1.75,1.00
2015.09.14 04:49:05.212,1.24279,1.24301,1.12,1.00
2015.09.14 04:49:05.791,1.24276,1.243,1.87,1.00
2015.09.14 04:49:06.336,1.2428,1.243,1.50,1.50
2015.09.14 04:49:30.741,1.24282,1.24303,1.00,1.75
2015.09.14 04:49:31.311,1.24283,1.24304,1.12,1.37
2015.09.14 04:49:31.363,1.24283,1.24304,1.50,1.37
2015.09.14 04:49:32.124,1.24286,1.24309,1.00,1.75
2015.09.14 04:49:32.429,1.24287,1.2431,1.37,1.87
2015.09.14 04:49:32.480,1.24285,1.2431,1.75,1.87
2015.09.14 04:49:33.043,1.24287,1.24307,1.75,1.00
2015.09.14 04:49:37.804,1.24287,1.24308,1.75,1.12
2015.09.14 04:49:58.279,1.24289,1.24307,1.00,1.00
2015.09.14 04:49:58.805,1.24289,1.24308,1.00,1.00
2015.09.14 04:50:01.170,1.24289,1.24307,1.00,1.00
2015.09.14 04:50:01.832,1.24289,1.24307,1.00,1.37
2015.09.14 04:50:01.935,1.24282,1.24302,1.75,1.00
2015.09.14 04:50:01.986,1.24285,1.24302,1.00,1.00
2015.09.14 04:50:02.038,1.24282,1.24301,1.50,1.50
2015.09.14 04:50:02.089,1.24277,1.24301,1.87,1.87
2015.09.14 04:50:02.141,1.24277,1.24298,1.87,1.00
2015.09.14 04:50:02.446,1.24277,1.24297,1.00,1.12
2015.09.14 04:50:19.763,1.24279,1.24298,1.00,1.00
2015.09.14 04:50:20.271,1.24279,1.24299,1.00,1.50
2015.09.14 04:50:27.306,1.24279,1.24298,1.00,1.00
2015.09.14 04:50:27.815,1.24279,1.24299,1.00,1.50
2015.09.14 04:50:35.780,1.24279,1.24299,1.37,1.00
2015.09.14 04:50:52.273,1.24277,1.24302,1.12,2.25
2015.09.14 04:50:52.324,1.24277,1.24302,1.37,2.25
2015.09.14 04:51:06.211,1.24278,1.24302,1.50,2.25
2015.09.14 04:51:06.715,1.24278,1.24302,1.12,1.75
2015.09.14 04:51:08.991,1.24277,1.24299,1.87,1.00
2015.09.14 04:51:18.407,1.24275,1.24299,1.75,1.50
2015.09.14 04:51:18.510,1.24277,1.24295,1.00,1.00
2015.09.14 04:51:18.713,1.24272,1.24295,1.87,1.87
2015.09.14 04:51:18.764,1.24274,1.24293,1.00,1.00
2015.09.14 04:51:18.957,1.24274,1.24293,1.00,1.87
2015.09.14 04:51:19.162,1.24267,1.24289,1.50,1.50
2015.09.14 04:51:19.416,1.2427,1.24293,1.00,2.25
2015.09.14 04:51:19.721,1.2427,1.24293,1.75,1.75
2015.09.14 04:51:21.652,1.24274,1.24296,1.00,1.75
2015.09.14 04:51:21.957,1.24275,1.24298,1.37,1.12
2015.09.14 04:51:22.009,1.24275,1.24298,1.75,1.12
2015.09.14 04:51:26.631,1.24271,1.24296,1.12,2.62
2015.09.14 04:51:26.683,1.24271,1.24295,1.12,1.12
2015.09.14 04:51:36.461,1.24274,1.24298,1.37,2.62
2015.09.14 04:51:36.512,1.24274,1.24298,1.75,2.62
2015.09.14 04:51:37.021,1.24278,1.243,1.00,1.75
2015.09.14 04:51:42.173,1.24277,1.24302,2.25,1.12
2015.09.14 04:51:42.240,1.24279,1.24303,1.12,2.62
2015.09.14 04:51:45.369,1.24278,1.24298,1.12,1.00
2015.09.14 04:51:47.857,1.24276,1.24298,1.75,1.87
2015.09.14 04:51:48.022,1.24275,1.24294,1.00,1.00
2015.09.14 04:51:50.090,1.24275,1.24294,1.37,1.00
2015.09.14 04:51:50.193,1.24275,1.24295,1.12,1.37
2015.09.14 04:51:50.295,1.24277,1.24298,1.12,1.87
2015.09.14 04:51:51.188,1.24277,1.24298,2.62,1.00
2015.09.14 04:51:51.730,1.24278,1.24299,1.12,1.00
2015.09.14 04:51:53.180,1.24278,1.24298,1.12,1.00
2015.09.14 04:51:55.290,1.24278,1.24299,1.12,1.00
2015.09.14 04:52:03.527,1.24278,1.243,1.12,1.00
2015.09.14 04:52:04.252,1.24278,1.24299,1.12,1.00
2015.09.14 04:52:08.904,1.24278,1.24298,1.12,1.00
2015.09.14 04:52:10.414,1.24276,1.24298,1.12,1.00
2015.09.14 04:52:10.917,1.24281,1.24297,1.00,1.00
2015.09.14 04:52:13.067,1.24281,1.24298,1.00,1.50
2015.09.14 04:52:13.342,1.24281,1.24301,1.00,2.25
2015.09.14 04:52:15.733,1.24281,1.243,1.12,1.00
2015.09.14 04:52:19.764,1.24281,1.24301,1.00,1.50
2015.09.14 04:52:25.235,1.24281,1.24299,1.00,1.00
2015.09.14 04:52:29.986,1.24281,1.24298,1.12,1.00
2015.09.14 04:52:30.038,1.24281,1.243,1.12,1.00
2015.09.14 04:52:30.547,1.24281,1.24301,1.12,1.00
2015.09.14 04:52:31.575,1.24281,1.24299,1.00,1.00
2015.09.14 04:52:32.163,1.24281,1.243,1.00,1.00
2015.09.14 04:52:32.717,1.24281,1.24299,1.00,1.00
2015.09.14 04:52:33.849,1.24281,1.24298,1.00,1.00
2015.09.14 04:52:34.088,1.24275,1.243,2.62,1.12
2015.09.14 04:52:45.380,1.24274,1.24296,1.12,1.00
2015.09.14 04:52:46.281,1.24274,1.24297,1.12,2.25
2015.09.14 04:52:47.325,1.24274,1.24296,1.12,1.00
2015.09.14 04:52:48.733,1.24275,1.24299,1.12,1.75
2015.09.14 04:52:48.937,1.24276,1.243,1.12,1.75
2015.09.14 04:52:49.242,1.24282,1.24302,1.00,1.75
2015.09.14 04:52:50.138,1.24279,1.243,1.75,1.50
2015.09.14 04:52:50.590,1.24277,1.24297,1.75,1.00
2015.09.14 04:52:50.844,1.24275,1.24297,1.75,1.50
2015.09.14 04:52:51.359,1.24274,1.24298,2.25,2.62
2015.09.14 04:52:51.933,1.24274,1.24297,3.00,1.00
2015.09.14 04:52:52.878,1.24274,1.24296,2.25,1.00
2015.09.14 04:52:57.242,1.24274,1.24296,1.75,1.37
2015.09.14 04:52:57.344,1.24275,1.24296,1.75,1.12
2015.09.14 04:52:57.854,1.24277,1.24301,2.25,1.75
2015.09.14 04:52:58.006,1.2428,1.24301,1.00,2.25
2015.09.14 04:52:58.058,1.24281,1.24301,1.37,1.50
2015.09.14 04:53:10.569,1.24282,1.24305,1.75,1.37
2015.09.14 04:53:11.072,1.24282,1.24303,1.12,1.00
2015.09.14 04:53:11.536,1.2428,1.243,1.12,1.00
2015.09.14 04:53:13.488,1.24281,1.24301,1.12,1.00
2015.09.14 04:53:20.634,1.24283,1.24302,1.12,1.00
2015.09.14 04:53:21.918,1.2428,1.243,1.12,1.00
2015.09.14 04:53:22.627,1.2428,1.24302,1.87,1.00
2015.09.14 04:53:24.916,1.24281,1.24301,1.87,1.00
2015.09.14 04:53:25.120,1.24284,1.24303,1.12,1.00
2015.09.14 04:53:26.699,1.24283,1.24305,1.75,1.50
2015.09.14 04:53:26.902,1.24283,1.24301,1.75,1.00
2015.09.14 04:53:27.206,1.2428,1.24298,1.87,1.00
2015.09.14 04:53:27.613,1.24278,1.24298,1.87,1.00
2015.09.14 04:53:27.798,1.24278,1.24295,1.87,1.00
2015.09.14 04:53:28.308,1.24278,1.24294,1.37,1.00
2015.09.14 04:53:28.817,1.24274,1.24295,1.75,1.00
2015.09.14 04:53:29.419,1.24273,1.24297,2.62,1.50
2015.09.14 04:53:29.929,1.2428,1.24299,1.00,1.12
2015.09.14 04:53:30.438,1.24277,1.24299,1.50,1.37
2015.09.14 04:53:44.816,1.24278,1.24302,1.87,1.75
2015.09.14 04:53:44.918,1.2428,1.24302,1.87,1.00
2015.09.14 04:53:45.458,1.24284,1.24305,1.00,1.12
2015.09.14 04:53:47.453,1.24282,1.24302,1.37,1.00
2015.09.14 04:53:48.429,1.24281,1.24298,1.12,1.00
2015.09.14 04:53:48.887,1.24275,1.24295,2.62,1.00
2015.09.14 04:53:48.952,1.24275,1.24295,1.75,1.00
2015.09.14 04:53:53.079,1.24277,1.243,1.12,2.25
2015.09.14 04:53:54.190,1.24277,1.24297,1.12,1.00
2015.09.14 04:53:54.698,1.24278,1.24299,1.87,1.37
2015.09.14 04:53:54.901,1.2428,1.24301,1.12,1.87
2015.09.14 04:53:54.952,1.24281,1.24301,1.12,1.00
2015.09.14 04:53:57.309,1.2428,1.24302,1.87,1.00
2015.09.14 04:53:58.059,1.24281,1.24301,1.75,1.00
2015.09.14 04:53:58.566,1.24279,1.243,1.87,1.00
2015.09.14 04:53:59.329,1.24276,1.24297,1.12,1.00
2015.09.14 04:53:59.664,1.24275,1.24297,1.75,1.00
2015.09.14 04:54:00.175,1.24275,1.24296,1.12,1.00
2015.09.14 04:54:00.632,1.24275,1.24294,1.00,1.00
2015.09.14 04:54:06.709,1.24275,1.24296,1.87,1.37
2015.09.14 04:54:06.761,1.24275,1.24296,1.87,1.00
2015.09.14 04:54:07.309,1.24276,1.24297,1.75,1.00
2015.09.14 04:54:08.049,1.24277,1.24297,1.12,1.00
2015.09.14 04:54:08.628,1.24278,1.24299,1.50,1.50
2015.09.14 04:54:10.562,1.24278,1.24301,1.50,1.75
2015.09.14 04:54:13.851,1.24276,1.24297,1.12,1.00
2015.09.14 04:54:18.138,1.24275,1.24298,1.12,1.50
2015.09.14 04:54:19.905,1.24275,1.24298,1.12,1.50
2015.09.14 04:54:21.649,1.24275,1.24299,2.62,1.50
2015.09.14 04:54:23.304,1.24276,1.24299,1.12,1.87
2015.09.14 04:54:23.811,1.24279,1.24299,1.12,1.75
2015.09.14 04:54:23.976,1.24281,1.24301,1.00,1.00
2015.09.14 04:54:44.812,1.24277,1.24302,1.87,2.62
2015.09.14 04:54:49.352,1.24275,1.24299,1.75,1.87
2015.09.14 04:54:49.403,1.24277,1.24295,1.00,1.00
2015.09.14 04:54:50.265,1.24277,1.24292,1.00,1.00
2015.09.14 04:54:50.793,1.24277,1.24291,1.00,1.00
2015.09.14 04:54:54.869,1.24277,1.24294,1.00,1.87
2015.09.14 04:54:55.023,1.24268,1.24294,2.62,2.62
2015.09.14 04:54:59.327,1.24271,1.24291,1.12,1.00
2015.09.14 04:55:02.752,1.24269,1.24292,1.12,2.25
2015.09.14 04:55:02.905,1.24269,1.2429,1.12,1.00
2015.09.14 04:55:03.160,1.24269,1.24286,1.00,1.00
2015.09.14 04:55:03.702,1.24269,1.24285,1.00,1.00
2015.09.14 04:55:04.039,1.24269,1.24282,1.00,1.00
2015.09.14 04:55:04.244,1.24269,1.24284,1.00,1.00
2015.09.14 04:55:04.346,1.2427,1.24289,1.00,1.50
2015.09.14 04:55:04.398,1.24271,1.24289,1.37,1.12
2015.09.14 04:55:04.450,1.24271,1.24293,1.75,1.37
2015.09.14 04:55:07.001,1.24277,1.24296,1.00,1.12
2015.09.14 04:55:09.431,1.24276,1.24295,1.00,1.12
2015.09.14 04:55:09.968,1.24272,1.24294,1.50,1.12
2015.09.14 04:55:10.488,1.24275,1.24294,1.00,1.12
2015.09.14 04:55:11.019,1.24273,1.24294,1.37,1.12
2015.09.14 04:55:11.172,1.2427,1.24294,1.75,2.25
2015.09.14 04:55:11.274,1.24266,1.24288,1.75,1.00
2015.09.14 04:55:11.809,1.24265,1.24289,1.75,1.12
2015.09.14 04:55:13.708,1.24264,1.24288,2.25,1.00
2015.09.14 04:55:14.901,1.24264,1.24289,2.25,1.87
2015.09.14 04:55:15.205,1.24261,1.24286,1.87,1.75
2015.09.14 04:55:18.176,1.24263,1.24284,1.75,1.12
2015.09.14 04:55:18.383,1.24257,1.24281,1.75,1.75
2015.09.14 04:55:19.245,1.24262,1.24283,1.37,1.50
2015.09.14 04:55:19.311,1.24262,1.24283,1.75,1.50
2015.09.14 04:55:19.825,1.24268,1.24287,1.00,1.37
2015.09.14 04:55:19.876,1.24268,1.24288,1.00,1.50
2015.09.14 04:55:20.398,1.24267,1.2429,1.12,1.75
2015.09.14 04:55:21.795,1.24268,1.2429,1.00,1.75
2015.09.14 04:55:22.890,1.24266,1.2429,1.50,1.75
2015.09.14 04:55:23.261,1.24263,1.24285,1.37,1.50
2015.09.14 04:55:23.313,1.24263,1.24283,1.00,1.00
2015.09.14 04:55:23.468,1.24263,1.24281,1.00,1.00
2015.09.14 04:55:23.774,1.24258,1.24279,1.37,1.50
2015.09.14 04:55:25.439,1.24259,1.2428,1.50,1.75
2015.09.14 04:55:25.592,1.24263,1.24282,1.50,1.00
2015.09.14 04:55:26.132,1.24263,1.24283,1.00,1.00
2015.09.14 04:55:27.445,1.24258,1.24283,2.62,1.37
2015.09.14 04:55:27.496,1.2426,1.24283,1.50,1.12
2015.09.14 04:55:37.266,1.2426,1.24282,1.87,1.75
2015.09.14 04:55:37.419,1.24263,1.24286,1.12,1.75
2015.09.14 04:55:37.862,1.24265,1.24287,1.00,1.75
2015.09.14 04:55:38.409,1.24266,1.24287,1.12,1.75
2015.09.14 04:55:39.462,1.24266,1.24287,1.75,1.50
2015.09.14 04:55:39.514,1.2427,1.24287,1.00,1.50
2015.09.14 04:55:39.820,1.24269,1.24287,1.50,1.00
2015.09.14 04:55:39.922,1.24272,1.24294,1.00,2.25
2015.09.14 04:55:42.458,1.24266,1.2429,2.62,1.87
2015.09.14 04:55:42.509,1.24267,1.24287,1.00,1.00
2015.09.14 04:55:42.720,1.24267,1.24284,1.00,1.00
2015.09.14 04:55:42.822,1.24262,1.24284,1.50,1.50
2015.09.14 04:55:46.569,1.24259,1.2428,1.75,1.00
2015.09.14 04:55:46.823,1.24257,1.24278,1.75,1.00
2015.09.14 04:55:50.914,1.24255,1.24278,1.37,1.87
2015.09.14 04:55:50.966,1.24254,1.24278,1.87,1.87
2015.09.14 04:55:51.670,1.24252,1.24273,1.37,1.12
2015.09.14 04:55:51.721,1.24251,1.24272,1.00,1.12
2015.09.14 04:55:52.279,1.24251,1.24274,1.37,1.87
2015.09.14 04:55:52.483,1.2425,1.24273,1.12,1.75
2015.09.14 04:55:53.602,1.24252,1.24275,1.00,1.75
2015.09.14 04:55:53.755,1.24254,1.24273,1.00,1.00
2015.09.14 04:55:56.276,1.24255,1.24273,1.12,1.00
2015.09.14 04:55:56.818,1.24256,1.24273,1.00,1.00
2015.09.14 04:55:57.995,1.24255,1.24273,1.12,1.00
2015.09.14 04:55:59.017,1.24254,1.24273,1.50,1.00
2015.09.14 04:56:00.811,1.24254,1.24273,1.50,1.50
2015.09.14 04:56:01.116,1.24262,1.24285,1.75,1.75
2015.09.14 04:56:01.254,1.24264,1.24284,1.87,1.00
2015.09.14 04:56:01.460,1.24271,1.24288,1.00,1.75
2015.09.14 04:56:01.511,1.24271,1.24289,1.00,1.37
2015.09.14 04:56:01.817,1.2427,1.2429,1.50,1.00
2015.09.14 04:56:02.326,1.2427,1.2429,1.75,1.00
2015.09.14 04:56:02.836,1.2427,1.2429,1.75,1.00
2015.09.14 04:56:03.380,1.2427,1.2429,2.25,1.00
2015.09.14 04:56:03.633,1.2427,1.2429,2.25,1.00
2015.09.14 04:56:04.523,1.2427,1.2429,2.25,1.50
2015.09.14 04:56:05.402,1.2427,1.2429,2.25,1.00
2015.09.14 04:56:05.910,1.2427,1.2429,1.00,1.00
2015.09.14 04:56:06.521,1.2427,1.24287,1.00,1.00
2015.09.14 04:56:07.051,1.2427,1.24288,1.00,1.00
2015.09.14 04:56:07.695,1.2427,1.24288,1.50,1.00
2015.09.14 04:56:08.233,1.2427,1.24288,1.75,1.00
2015.09.14 04:56:08.559,1.2427,1.2429,1.75,1.00
2015.09.14 04:56:08.814,1.24275,1.24294,1.37,1.87
2015.09.14 04:56:09.329,1.24275,1.24294,1.12,1.37
2015.09.14 04:56:09.431,1.24274,1.24294,1.12,1.50
2015.09.14 04:56:09.533,1.24275,1.24294,1.12,1.50
2015.09.14 04:56:09.667,1.24274,1.24294,1.12,1.37
2015.09.14 04:56:10.190,1.24274,1.24292,1.12,1.00
2015.09.14 04:56:11.236,1.24273,1.24292,2.25,1.12
2015.09.14 04:56:11.593,1.24273,1.24292,1.37,1.50
2015.09.14 04:56:11.644,1.24271,1.24291,1.50,1.50
2015.09.14 04:56:12.113,1.24272,1.24291,1.75,1.87
2015.09.14 04:56:17.148,1.24272,1.2429,1.50,1.00
2015.09.14 04:56:18.266,1.2427,1.2429,1.50,1.50
2015.09.14 04:56:18.471,1.24274,1.2429,1.37,1.12
2015.09.14 04:56:18.786,1.24277,1.24299,1.75,1.75
2015.09.14 04:56:18.838,1.24276,1.24296,1.00,1.00
2015.09.14 04:56:18.890,1.24276,1.24293,1.00,1.00
2015.09.14 04:56:19.047,1.24274,1.24292,1.12,1.00
2015.09.14 04:56:19.200,1.24274,1.2429,1.12,1.37
2015.09.14 04:56:19.251,1.24268,1.24288,1.00,1.00
2015.09.14 04:56:19.913,1.24271,1.24288,1.00,1.00
2015.09.14 04:56:20.066,1.24272,1.24291,1.00,1.00
2015.09.14 04:56:20.654,1.24272,1.2429,1.00,1.00
2015.09.14 04:56:21.256,1.24272,1.2429,1.37,1.00
2015.09.14 04:56:21.568,1.24274,1.24292,1.37,1.00
2015.09.14 04:56:22.081,1.24273,1.24292,1.37,1.00
2015.09.14 04:56:22.347,1.24272,1.24292,1.50,1.00
2015.09.14 04:56:22.888,1.24273,1.24292,1.00,1.00
2015.09.14 04:56:23.358,1.24273,1.24292,1.37,1.00
2015.09.14 04:56:23.687,1.24276,1.24296,1.12,1.50
2015.09.14 04:56:24.950,1.24277,1.24296,1.37,1.50
2015.09.14 04:56:25.256,1.2428,1.24302,1.12,1.75
2015.09.14 04:56:25.715,1.24281,1.243,1.37,1.12
2015.09.14 04:56:25.767,1.24281,1.243,1.00,1.12
2015.09.14 04:56:26.301,1.2428,1.24301,1.12,1.50
2015.09.14 04:56:26.556,1.24279,1.24295,1.12,1.00
2015.09.14 04:56:26.810,1.24275,1.24296,1.87,1.37
2015.09.14 04:56:26.862,1.24278,1.24299,1.37,1.12
2015.09.14 04:56:26.988,1.2428,1.24297,1.00,1.00
2015.09.14 04:56:27.092,1.2428,1.243,1.00,1.50
2015.09.14 04:56:27.346,1.24279,1.24301,1.75,1.00
2015.09.14 04:56:27.862,1.24283,1.24302,1.12,1.00
2015.09.14 04:56:29.179,1.24283,1.24302,1.87,1.00
2015.09.14 04:56:30.066,1.24283,1.24306,1.87,1.75
2015.09.14 04:56:30.117,1.24283,1.24306,1.50,1.75
2015.09.14 04:56:30.220,1.24283,1.24306,1.87,1.75
2015.09.14 04:56:30.728,1.24286,1.24303,1.37,1.12
2015.09.14 04:56:31.780,1.24286,1.24303,1.37,1.12
2015.09.14 04:56:32.326,1.24286,1.24303,1.37,1.12
2015.09.14 04:56:34.289,1.24286,1.24303,1.37,1.12
2015.09.14 04:56:34.495,1.24286,1.24303,1.50,1.12
2015.09.14 04:56:36.967,1.24286,1.24306,1.75,1.00
2015.09.14 04:56:37.508,1.24287,1.24306,1.37,1.00
2015.09.14 04:56:39.228,1.24286,1.24306,1.12,1.00
2015.09.14 04:56:39.416,1.24286,1.24304,1.12,1.00
2015.09.14 04:56:41.040,1.24286,1.24304,1.75,1.00
2015.09.14 04:56:42.827,1.24286,1.24305,1.75,1.00
2015.09.14 04:56:43.392,1.24286,1.24305,1.12,1.00
2015.09.14 04:56:45.342,1.24286,1.24305,1.12,1.00
2015.09.14 04:56:45.647,1.24287,1.24307,1.50,1.12
2015.09.14 04:56:46.363,1.24287,1.24306,1.50,1.00
2015.09.14 04:56:46.829,1.24287,1.24306,1.87,1.00
2015.09.14 04:56:47.370,1.24287,1.24309,1.87,1.75
2015.09.14 04:56:47.888,1.24291,1.2431,1.37,1.75
2015.09.14 04:56:50.756,1.2429,1.24309,1.37,1.75
2015.09.14 04:56:51.305,1.2429,1.24308,1.37,1.50
2015.09.14 04:56:51.880,1.24287,1.24306,1.87,1.00
2015.09.14 04:56:52.413,1.24287,1.24306,1.87,1.00
2015.09.14 04:56:52.727,1.24287,1.24303,1.37,1.00
2015.09.14 04:56:52.930,1.24285,1.24303,1.37,1.12
2015.09.14 04:56:53.056,1.24285,1.24303,1.50,1.12
2015.09.14 04:56:53.158,1.24285,1.24305,1.37,1.75
2015.09.14 04:56:53.726,1.24285,1.24304,1.37,1.50
2015.09.14 04:56:54.677,1.24283,1.24303,1.87,1.12
2015.09.14 04:56:55.074,1.24283,1.24301,1.87,1.00
2015.09.14 04:56:55.278,1.24275,1.24298,1.75,1.50
2015.09.14 04:56:55.482,1.24274,1.24294,1.75,1.00
2015.09.14 04:56:55.686,1.24273,1.24294,1.37,1.75
2015.09.14 04:56:55.788,1.24273,1.24284,1.37,1.60
2015.09.14 04:56:55.941,1.24267,1.24288,1.87,1.00
2015.09.14 04:56:55.992,1.24265,1.24288,1.87,1.75
2015.09.14 04:56:56.165,1.24266,1.2429,1.75,1.37
2015.09.14 04:56:56.217,1.24272,1.24292,1.00,1.00
2015.09.14 04:56:56.370,1.24275,1.24292,1.37,1.00
2015.09.14 04:56:56.675,1.24283,1.24304,1.37,1.50
2015.09.14 04:56:57.183,1.24283,1.24301,1.37,1.00
2015.09.14 04:56:57.708,1.24282,1.24302,1.50,1.12
2015.09.14 04:56:58.067,1.24282,1.24301,2.25,1.00
2015.09.14 04:56:58.645,1.24283,1.24302,1.75,1.12
2015.09.14 04:56:58.952,1.24284,1.24302,1.37,1.12
2015.09.14 04:56:59.256,1.24287,1.24309,1.75,1.75
2015.09.14 04:56:59.409,1.24291,1.24311,1.50,2.25
2015.09.14 04:57:00.495,1.24291,1.24311,1.75,1.75
2015.09.14 04:57:00.699,1.24293,1.24311,1.37,1.37
2015.09.14 04:57:00.802,1.24293,1.24315,1.87,1.75
2015.09.14 04:57:00.853,1.24296,1.24315,1.12,1.75
2015.09.14 04:57:01.160,1.24291,1.24313,1.75,1.12
2015.09.14 04:57:01.516,1.24291,1.24311,1.75,1.00
2015.09.14 04:57:01.860,1.24288,1.24304,1.37,1.00
2015.09.14 04:57:01.912,1.24288,1.24304,1.00,1.37
2015.09.14 04:57:01.963,1.24279,1.243,1.75,1.00
2015.09.14 04:57:02.014,1.24279,1.243,1.75,1.00
2015.09.14 04:57:02.268,1.24285,1.24302,1.00,1.50
2015.09.14 04:57:02.371,1.24281,1.24302,1.75,1.50
2015.09.14 04:57:03.061,1.24283,1.24299,1.12,1.00
2015.09.14 04:57:03.367,1.24276,1.24297,1.75,1.00
2015.09.14 04:57:03.990,1.24278,1.24297,1.12,1.00
2015.09.14 04:57:04.607,1.24278,1.24299,1.87,1.50
2015.09.14 04:57:04.963,1.24282,1.24299,1.00,1.37
2015.09.14 04:57:05.166,1.24282,1.24296,1.12,1.00
2015.09.14 04:57:05.695,1.24277,1.24295,1.12,1.00
2015.09.14 04:57:05.797,1.24277,1.24292,1.12,1.00
2015.09.14 04:57:06.036,1.24277,1.24296,1.75,1.12
2015.09.14 04:57:06.291,1.24277,1.24299,1.12,1.75
2015.09.14 04:57:06.444,1.24278,1.24301,2.62,1.37
2015.09.14 04:57:06.495,1.2428,1.24303,1.12,1.00
2015.09.14 04:57:07.002,1.24284,1.24304,1.50,1.12
2015.09.14 04:57:07.541,1.24284,1.24303,1.50,1.00
2015.09.14 04:57:07.592,1.24284,1.24304,2.25,1.12
2015.09.14 04:57:08.545,1.24284,1.24303,2.25,1.00
2015.09.14 04:57:09.206,1.24284,1.24304,1.87,1.12
2015.09.14 04:57:09.330,1.24286,1.243,1.00,1.00
2015.09.14 04:57:09.483,1.24281,1.24302,1.87,1.50
2015.09.14 04:57:09.637,1.24281,1.24301,1.50,1.12
2015.09.14 04:57:09.688,1.24281,1.24299,1.50,1.00
2015.09.14 04:57:09.790,1.24281,1.24301,1.50,1.12
2015.09.14 04:57:10.298,1.24278,1.243,1.87,1.00
2015.09.14 04:57:10.450,1.24278,1.24298,1.12,1.00
2015.09.14 04:57:10.705,1.24277,1.24296,1.87,1.00
2015.09.14 04:57:11.248,1.24277,1.24295,1.87,1.00
2015.09.14 04:57:11.778,1.24277,1.24291,1.87,1.00
2015.09.14 04:57:11.931,1.24272,1.24291,1.87,1.00
2015.09.14 04:57:11.982,1.24272,1.24295,1.87,1.50
2015.09.14 04:57:12.337,1.24274,1.24296,1.75,1.37
2015.09.14 04:57:12.887,1.24274,1.24295,1.75,1.87
2015.09.14 04:57:13.212,1.24274,1.24295,1.75,2.25
2015.09.14 04:57:13.808,1.24275,1.24295,1.12,1.50
2015.09.14 04:57:14.801,1.24276,1.24295,1.37,1.50
2015.09.14 04:57:15.928,1.24278,1.24295,1.37,1.00
2015.09.14 04:57:16.723,1.24278,1.24295,1.37,1.00
2015.09.14 04:57:17.438,1.24278,1.24298,1.37,2.25
2015.09.14 04:57:17.489,1.24278,1.24298,1.75,1.50
2015.09.14 04:57:17.743,1.24281,1.243,1.12,1.00
2015.09.14 04:57:18.200,1.24281,1.24299,1.75,1.00
2015.09.14 04:57:18.900,1.24281,1.243,1.75,1.00
2015.09.14 04:57:19.758,1.24281,1.24298,1.75,1.00
2015.09.14 04:57:20.123,1.24281,1.24298,1.12,1.00
2015.09.14 04:57:20.327,1.24282,1.24301,1.12,1.00
2015.09.14 04:57:21.130,1.24286,1.24301,1.37,1.00
2015.09.14 04:57:21.182,1.24286,1.24303,1.37,1.00
2015.09.14 04:57:21.284,1.24286,1.24305,1.37,1.00
2015.09.14 04:57:21.335,1.2429,1.24307,1.12,1.37
2015.09.14 04:57:21.641,1.24291,1.24308,1.75,1.00
2015.09.14 04:57:21.743,1.24291,1.24311,1.75,1.12
2015.09.14 04:57:22.267,1.24291,1.2431,1.75,1.00
2015.09.14 04:57:23.239,1.24294,1.2431,1.75,1.00
2015.09.14 04:57:23.999,1.24294,1.2431,1.12,1.00
2015.09.14 04:57:24.152,1.24294,1.24312,1.12,1.00
2015.09.14 04:57:24.203,1.24296,1.24312,1.12,1.00
2015.09.14 04:57:24.306,1.243,1.24312,1.37,1.00
2015.09.14 04:57:24.611,1.243,1.24317,1.37,1.00
2015.09.14 04:57:25.143,1.243,1.24317,1.12,1.50
2015.09.14 04:57:25.297,1.243,1.24315,1.12,1.00
2015.09.14 04:57:25.688,1.243,1.24313,1.00,1.00
2015.09.14 04:57:25.841,1.24296,1.24312,1.37,1.00
2015.09.14 04:57:26.397,1.24296,1.24313,1.37,1.00
2015.09.14 04:57:27.135,1.24296,1.24313,1.37,1.00
2015.09.14 04:57:27.596,1.24296,1.24311,1.37,1.00
2015.09.14 04:57:27.910,1.24296,1.24313,1.37,1.00
2015.09.14 04:57:27.961,1.24296,1.24313,1.12,1.00
2015.09.14 04:57:28.013,1.24296,1.24309,1.12,1.00
2015.09.14 04:57:28.912,1.24296,1.24307,1.00,1.00
2015.09.14 04:57:29.014,1.24296,1.2431,1.00,1.00
2015.09.14 04:57:29.116,1.24289,1.2431,1.12,1.87
2015.09.14 04:57:30.566,1.2429,1.24311,1.37,1.50
2015.09.14 04:57:31.769,1.2429,1.24312,1.12,1.75
2015.09.14 04:57:44.183,1.2429,1.24312,1.12,1.75
2015.09.14 04:57:44.561,1.24295,1.24313,1.12,1.12
2015.09.14 04:57:44.663,1.24299,1.24316,1.37,1.00
2015.09.14 04:57:44.766,1.24299,1.24318,1.37,1.50
2015.09.14 04:57:45.079,1.24299,1.24318,1.37,1.00
2015.09.14 04:57:46.105,1.24299,1.24318,1.50,1.00
2015.09.14 04:57:46.271,1.24299,1.24318,1.37,1.00
2015.09.14 04:57:46.323,1.24299,1.24312,1.37,1.00
2015.09.14 04:57:46.428,1.24299,1.24316,1.50,1.00
2015.09.14 04:57:46.480,1.24296,1.24316,1.37,1.87
2015.09.14 04:57:46.582,1.24296,1.24314,1.00,1.50
2015.09.14 04:57:47.140,1.2429,1.24313,1.12,1.87
2015.09.14 04:57:47.501,1.24292,1.24313,1.12,1.87
2015.09.14 04:57:48.275,1.24292,1.24313,1.12,1.87
2015.09.14 04:57:48.681,1.24292,1.24311,1.12,1.00
2015.09.14 04:57:49.223,1.24292,1.2431,1.12,1.00
2015.09.14 04:57:49.762,1.24292,1.24311,1.12,1.00
2015.09.14 04:57:50.278,1.24292,1.24311,1.12,1.00
2015.09.14 04:57:50.482,1.24292,1.24314,1.12,1.50
2015.09.14 04:57:51.008,1.24292,1.24313,1.75,1.12
2015.09.14 04:57:52.469,1.24292,1.24312,1.75,1.00
2015.09.14 04:57:53.010,1.24292,1.24311,1.12,1.00
2015.09.14 04:57:53.112,1.24292,1.24313,1.12,1.12
2015.09.14 04:57:53.501,1.24292,1.24312,1.12,1.00
2015.09.14 04:57:53.654,1.24292,1.2431,1.37,1.00
2015.09.14 04:57:53.909,1.2429,1.24311,1.00,1.75
2015.09.14 04:57:54.112,1.24288,1.24308,1.12,1.12
2015.09.14 04:57:55.001,1.2429,1.24308,1.00,1.12
2015.09.14 04:57:55.581,1.24288,1.24308,1.12,1.12
2015.09.14 04:57:55.938,1.24288,1.24308,1.75,1.12
2015.09.14 04:57:56.243,1.2429,1.2431,1.37,1.50
2015.09.14 04:57:56.497,1.24293,1.24314,1.75,1.50
2015.09.14 04:57:56.906,1.24293,1.24311,1.75,1.00
2015.09.14 04:57:57.419,1.24292,1.24311,1.12,1.00
2015.09.14 04:57:57.546,1.24291,1.24309,1.12,1.00
2015.09.14 04:57:57.597,1.24288,1.24309,1.87,1.37
2015.09.14 04:57:58.165,1.24288,1.24307,1.87,1.00
2015.09.14 04:57:58.216,1.24288,1.24307,2.25,1.00
2015.09.14 04:57:58.764,1.24288,1.24309,2.25,1.37
2015.09.14 04:57:58.816,1.24288,1.24308,1.87,1.12
2015.09.14 04:57:59.324,1.24288,1.24309,1.87,1.37
2015.09.14 04:58:02.381,1.24288,1.24308,1.87,1.12
2015.09.14 04:58:02.434,1.2429,1.24308,1.37,1.12
2015.09.14 04:58:02.639,1.24294,1.24316,1.12,2.25
2015.09.14 04:58:02.895,1.24299,1.24322,1.37,1.75
2015.09.14 04:58:02.946,1.24299,1.24322,1.75,1.75
2015.09.14 04:58:03.201,1.24302,1.24325,1.75,1.37
2015.09.14 04:58:04.037,1.24304,1.24325,1.12,1.37
2015.09.14 04:58:04.361,1.24304,1.24325,1.75,1.37
2015.09.14 04:58:04.463,1.24304,1.24324,1.12,1.12
2015.09.14 04:58:04.923,1.24304,1.24324,1.75,1.12
2015.09.14 04:58:05.436,1.24305,1.24324,1.87,1.12
2015.09.14 04:58:06.164,1.24306,1.24326,1.37,1.50
2015.09.14 04:58:06.520,1.24311,1.24328,1.00,1.00
2015.09.14 04:58:06.572,1.24311,1.24328,1.37,1.00
2015.09.14 04:58:06.624,1.24308,1.24328,1.87,1.00
2015.09.14 04:58:06.746,1.24308,1.24332,1.87,1.00
2015.09.14 04:58:07.521,1.24312,1.24333,1.75,1.12
2015.09.14 04:58:08.054,1.24312,1.24332,1.75,1.00
2015.09.14 04:58:08.420,1.24313,1.24332,1.12,1.00
2015.09.14 04:58:08.931,1.24313,1.24332,1.12,1.00
2015.09.14 04:58:09.236,1.24318,1.24333,1.12,1.00
2015.09.14 04:58:09.287,1.24318,1.24335,1.12,1.00
2015.09.14 04:58:09.440,1.24318,1.24335,1.12,1.00
2015.09.14 04:58:09.605,1.24316,1.24335,1.75,1.00
2015.09.14 04:58:09.707,1.24316,1.24337,1.75,1.12
2015.09.14 04:58:10.810,1.24316,1.24336,1.75,1.00
2015.09.14 04:58:10.963,1.24316,1.24334,1.12,1.00
2015.09.14 04:58:11.116,1.24314,1.24331,1.37,1.00
2015.09.14 04:58:11.687,1.24314,1.24328,1.00,1.00
2015.09.14 04:58:11.856,1.24308,1.24328,1.12,1.00
2015.09.14 04:58:12.059,1.24309,1.24328,1.50,1.00
2015.09.14 04:58:12.161,1.24308,1.24328,1.12,1.50
2015.09.14 04:58:12.569,1.24305,1.24328,1.75,1.00
2015.09.14 04:58:13.270,1.24308,1.24328,1.12,1.00
2015.09.14 04:58:13.677,1.24309,1.24331,1.37,1.75
2015.09.14 04:58:13.982,1.24312,1.24333,1.37,1.75
2015.09.14 04:58:14.033,1.24312,1.24333,1.87,1.37
2015.09.14 04:58:14.578,1.24313,1.24335,1.75,1.75
2015.09.14 04:58:16.491,1.24313,1.24335,1.75,1.75
2015.09.14 04:58:16.695,1.24314,1.24332,1.00,1.12
2015.09.14 04:58:16.746,1.24314,1.2433,1.00,1.00
2015.09.14 04:58:16.952,1.24309,1.24329,1.37,1.00
2015.09.14 04:58:17.004,1.24309,1.24326,1.37,1.00
2015.09.14 04:58:17.437,1.24309,1.24329,1.00,2.25
2015.09.14 04:58:18.103,1.24309,1.24328,1.00,1.00
2015.09.14 04:58:18.272,1.24309,1.24328,1.37,1.00
2015.09.14 04:58:18.795,1.24309,1.24329,1.37,1.00
2015.09.14 04:58:19.140,1.2431,1.24329,1.75,1.00
2015.09.14 04:58:19.343,1.24313,1.24332,2.25,1.00
2015.09.14 04:58:19.395,1.24313,1.24332,2.85,1.00
2015.09.14 04:58:19.599,1.24316,1.24339,1.12,1.75
2015.09.14 04:58:19.904,1.24317,1.24336,1.00,1.00
2015.09.14 04:58:20.448,1.24312,1.24336,1.75,2.25
2015.09.14 04:58:21.778,1.24313,1.24336,1.87,1.75
2015.09.14 04:58:22.491,1.24313,1.24337,1.87,2.25
2015.09.14 04:58:23.293,1.24313,1.24337,1.87,2.25
2015.09.14 04:58:23.813,1.24313,1.24338,1.12,2.25
2015.09.14 04:58:24.386,1.24313,1.24338,1.12,2.25
2015.09.14 04:58:25.337,1.24316,1.24336,1.87,1.37
2015.09.14 04:58:25.388,1.24317,1.24336,1.12,1.00
2015.09.14 04:58:25.693,1.24317,1.24335,1.12,1.00
2015.09.14 04:58:25.997,1.24318,1.24332,1.00,1.00
2015.09.14 04:58:26.614,1.24314,1.24332,1.37,1.00
2015.09.14 04:58:27.084,1.24314,1.2433,1.37,1.00
2015.09.14 04:58:27.721,1.24314,1.24331,1.37,1.00
2015.09.14 04:58:30.395,1.24314,1.24333,1.50,1.00
2015.09.14 04:58:30.935,1.24314,1.24334,1.37,1.50
2015.09.14 04:58:31.239,1.24314,1.24334,1.75,1.50
2015.09.14 04:58:31.747,1.24314,1.24334,1.75,1.00
2015.09.14 04:58:33.091,1.24315,1.24334,1.50,1.00
2015.09.14 04:58:33.193,1.24315,1.24333,1.37,1.00
2015.09.14 04:58:33.708,1.24314,1.24332,2.25,1.00
2015.09.14 04:58:33.920,1.24314,1.24334,2.25,1.00
2015.09.14 04:58:34.422,1.24315,1.24334,1.37,1.50
2015.09.14 04:58:34.474,1.24314,1.24331,1.37,1.00
2015.09.14 04:58:35.031,1.24314,1.24331,1.37,1.00
2015.09.14 04:58:37.864,1.24314,1.24332,1.37,1.00
2015.09.14 04:58:38.237,1.24315,1.24334,1.37,1.50
2015.09.14 04:58:39.320,1.24315,1.24334,1.50,1.00
2015.09.14 04:58:39.897,1.24315,1.24334,1.37,1.00
2015.09.14 04:58:40.101,1.24315,1.24332,1.37,1.00
2015.09.14 04:58:40.610,1.24314,1.24331,1.37,1.00
2015.09.14 04:58:45.515,1.24314,1.24331,1.37,1.00
2015.09.14 04:58:45.894,1.24314,1.24333,1.37,1.00
2015.09.14 04:58:46.455,1.24314,1.24333,1.37,1.12
2015.09.14 04:58:46.980,1.24314,1.24333,1.37,1.12
2015.09.14 04:58:49.215,1.24313,1.24333,1.87,1.12
2015.09.14 04:58:49.418,1.24317,1.24336,1.75,1.12
2015.09.14 04:58:49.520,1.24317,1.24336,1.75,1.12
2015.09.14 04:58:50.044,1.24319,1.24337,1.37,1.37
2015.09.14 04:58:55.235,1.24317,1.24339,1.75,1.75
2015.09.14 04:58:56.238,1.24317,1.24339,1.87,1.75
2015.09.14 04:58:58.646,1.24317,1.2434,1.75,2.25
2015.09.14 04:59:02.535,1.24316,1.24339,1.87,1.75
2015.09.14 04:59:02.738,1.24316,1.24334,1.12,1.00
2015.09.14 04:59:03.050,1.24313,1.24334,1.12,1.75
2015.09.14 04:59:03.152,1.24313,1.24333,1.37,1.50
2015.09.14 04:59:03.203,1.24313,1.24329,1.37,1.00
2015.09.14 04:59:03.448,1.24309,1.2433,1.12,1.75
2015.09.14 04:59:04.574,1.24307,1.24328,1.75,1.37
2015.09.14 04:59:05.501,1.24307,1.24326,1.75,1.00
2015.09.14 04:59:05.654,1.24307,1.24326,1.12,1.00
2015.09.14 04:59:06.010,1.24307,1.24324,1.12,1.00
2015.09.14 04:59:06.402,1.24307,1.24326,1.12,2.25
2015.09.14 04:59:06.910,1.24307,1.24328,2.25,1.37
2015.09.14 04:59:06.961,1.24309,1.24328,1.37,1.37
2015.09.14 04:59:07.771,1.24309,1.24329,1.87,1.50
2015.09.14 04:59:07.852,1.24309,1.24329,1.50,1.50
2015.09.14 04:59:07.954,1.24307,1.24327,1.87,1.12
2015.09.14 04:59:08.412,1.24309,1.24325,1.00,1.00
2015.09.14 04:59:09.473,1.24307,1.24325,1.12,1.50
2015.09.14 04:59:09.676,1.24307,1.24327,1.12,1.12
2015.09.14 04:59:10.771,1.24307,1.24326,1.12,1.00
2015.09.14 04:59:11.423,1.24307,1.24327,1.12,1.87
2015.09.14 04:59:13.625,1.24307,1.24326,1.12,1.00
2015.09.14 04:59:17.692,1.24307,1.24327,1.12,1.87
2015.09.14 04:59:19.822,1.24306,1.24327,1.12,1.50
2015.09.14 04:59:28.803,1.24306,1.24324,1.12,1.00
2015.09.14 04:59:31.919,1.24305,1.24324,2.25,1.00
2015.09.14 04:59:32.123,1.24305,1.24325,1.12,1.12
2015.09.14 04:59:32.175,1.24305,1.24322,1.12,1.00
2015.09.14 04:59:32.328,1.24305,1.24321,1.00,1.12
2015.09.14 04:59:32.683,1.24301,1.24319,1.37,1.00
2015.09.14 04:59:33.214,1.24301,1.24319,1.37,1.50
2015.09.14 04:59:33.564,1.24299,1.24318,1.50,1.50
2015.09.14 04:59:33.666,1.243,1.24318,1.12,1.00
2015.09.14 04:59:33.718,1.243,1.24318,1.12,1.00
2015.09.14 04:59:34.414,1.24298,1.24317,1.37,1.12
2015.09.14 04:59:34.918,1.24298,1.24317,1.12,1.12
2015.09.14 04:59:38.927,1.24301,1.24316,1.37,1.00
2015.09.14 04:59:39.428,1.24301,1.24317,1.37,1.00
2015.09.14 04:59:39.929,1.24301,1.24317,1.37,1.00
2015.09.14 04:59:40.474,1.24301,1.24316,1.37,1.00
2015.09.14 04:59:40.728,1.24301,1.24314,1.37,1.00
2015.09.14 04:59:41.236,1.24301,1.24315,1.37,1.00
2015.09.14 04:59:41.591,1.24292,1.24312,1.75,1.00
2015.09.14 04:59:41.693,1.24292,1.24307,1.75,1.00
2015.09.14 04:59:41.745,1.24291,1.24307,1.12,1.00
2015.09.14 04:59:41.796,1.24291,1.24307,1.37,1.00
2015.09.14 04:59:42.124,1.24291,1.24309,1.37,1.00
2015.09.14 04:59:43.330,1.24291,1.24309,1.12,1.00
2015.09.14 04:59:43.656,1.24291,1.24312,1.75,1.87
2015.09.14 04:59:44.032,1.24289,1.24311,1.12,1.12
2015.09.14 04:59:44.187,1.24289,1.24311,1.12,1.00
2015.09.14 04:59:45.153,1.24294,1.24311,1.12,1.00
2015.09.14 04:59:47.308,1.24294,1.24312,1.12,1.00
2015.09.14 04:59:47.643,1.24295,1.24314,1.12,1.00
2015.09.14 04:59:47.795,1.24301,1.24317,1.00,1.00
2015.09.14 04:59:47.999,1.243,1.24317,1.12,1.00
2015.09.14 04:59:48.203,1.243,1.24319,1.12,1.12
2015.09.14 04:59:48.255,1.243,1.24319,1.75,1.12
2015.09.14 04:59:48.357,1.243,1.24318,1.87,1.00
2015.09.14 04:59:48.865,1.243,1.2432,1.75,2.25
2015.09.14 04:59:49.171,1.243,1.2432,1.12,1.50
2015.09.14 04:59:49.705,1.243,1.24319,1.12,1.12
2015.09.14 04:59:50.847,1.243,1.24319,1.12,1.12
2015.09.14 04:59:51.499,1.243,1.24317,1.12,1.00
2015.09.14 04:59:53.477,1.24301,1.24316,1.37,1.00
2015.09.14 04:59:53.579,1.243,1.24318,1.12,1.00
2015.09.14 04:59:54.127,1.243,1.24316,1.12,1.00
2015.09.14 04:59:54.381,1.243,1.24316,1.37,1.00
2015.09.14 04:59:55.985,1.24301,1.24317,1.00,1.00
2015.09.14 04:59:56.988,1.243,1.24319,1.12,1.12
2015.09.14 04:59:57.293,1.243,1.2432,2.25,1.50
2015.09.14 04:59:57.801,1.24301,1.24322,1.37,2.25
2015.09.14 04:59:59.466,1.24301,1.24322,1.50,1.75
2015.09.14 04:59:59.959,1.24301,1.2432,1.87,1.50
