2011.09.14 21:00:00.098,0.87452,0.87513,0.75,0.75
2011.09.14 21:00:01.032,0.87446,0.87514,0.75,0.75
2011.09.14 21:00:01.252,0.87446,0.87477,0.75,0.45
2011.09.14 21:00:01.814,0.87441,0.87477,0.75,0.45
2011.09.14 21:00:02.332,0.87441,0.87457,0.75,0.45
2011.09.14 21:00:02.443,0.87441,0.87459,0.75,0.45
2011.09.14 21:00:02.683,0.87447,0.87496,0.75,0.45
2011.09.14 21:00:02.793,0.87447,0.87513,0.75,0.75
2011.09.14 21:00:03.843,0.87451,0.87514,0.75,0.75
2011.09.14 21:00:04.333,0.87447,0.87508,0.75,0.75
2011.09.14 21:00:05.372,0.87449,0.87508,0.45,0.75
2011.09.14 21:00:08.254,0.87449,0.87509,0.45,0.75
2011.09.14 21:00:10.475,0.87456,0.87519,0.75,0.75
2011.09.14 21:00:10.583,0.87449,0.87508,0.45,0.75
2011.09.14 21:00:14.852,0.87456,0.87514,0.75,0.75
2011.09.14 21:00:16.191,0.87457,0.87523,0.75,0.75
2011.09.14 21:00:19.862,0.87457,0.87518,0.75,0.75
2011.09.14 21:00:20.996,0.87456,0.87514,0.75,0.75
2011.09.14 21:00:21.371,0.87451,0.87509,0.75,0.75
2011.09.14 21:00:21.794,0.87452,0.87503,0.75,0.75
2011.09.14 21:00:22.333,0.87485,0.87509,0.45,0.75
2011.09.14 21:00:23.824,0.87495,0.87508,0.45,0.75
2011.09.14 21:00:24.713,0.87495,0.87509,0.45,0.75
2011.09.14 21:00:29.602,0.87495,0.87504,0.45,0.75
2011.09.14 21:00:32.452,0.87495,0.87509,0.45,0.75
2011.09.14 21:00:32.782,0.87486,0.87509,0.45,0.75
2011.09.14 21:00:33.835,0.87486,0.87504,0.45,0.75
2011.09.14 21:00:34.212,0.87432,0.87503,0.75,0.75
2011.09.14 21:00:35.397,0.87442,0.87498,0.75,0.75
2011.09.14 21:00:45.855,0.87446,0.87509,0.75,0.75
2011.09.14 21:00:53.217,0.87446,0.87504,0.75,0.75
2011.09.14 21:01:04.695,0.87446,0.87499,0.75,0.75
2011.09.14 21:01:05.457,0.87426,0.87499,0.75,0.75
2011.09.14 21:01:05.956,0.87427,0.87493,0.75,0.75
2011.09.14 21:01:06.943,0.87432,0.87493,0.75,0.75
2011.09.14 21:01:07.993,0.87437,0.87493,0.75,0.75
2011.09.14 21:01:09.156,0.87436,0.87499,0.75,0.75
2011.09.14 21:01:09.564,0.87423,0.87493,0.90,0.75
2011.09.14 21:01:09.673,0.87423,0.87498,0.90,0.75
2011.09.14 21:01:10.173,0.87426,0.87519,0.75,0.75
2011.09.14 21:01:10.283,0.87423,0.87493,0.90,0.75
2011.09.14 21:01:10.393,0.87423,0.87498,0.90,0.75
2011.09.14 21:01:11.862,0.87423,0.87499,0.90,0.75
2011.09.14 21:01:12.916,0.87431,0.87499,0.75,0.75
2011.09.14 21:01:13.133,0.87423,0.87513,0.90,0.75
2011.09.14 21:01:13.243,0.87423,0.87493,0.90,0.75
2011.09.14 21:01:13.353,0.87423,0.87498,0.90,0.75
2011.09.14 21:01:13.614,0.87423,0.87493,0.90,0.75
2011.09.14 21:01:13.944,0.87423,0.87499,0.90,0.75
2011.09.14 21:01:14.574,0.87423,0.87498,0.90,0.75
2011.09.14 21:01:14.874,0.87423,0.87494,0.90,0.75
2011.09.14 21:01:14.986,0.87423,0.87504,0.90,0.75
2011.09.14 21:01:16.457,0.87437,0.87508,0.75,0.75
2011.09.14 21:01:16.874,0.87431,0.87504,0.75,0.75
2011.09.14 21:01:17.771,0.87437,0.87503,0.75,0.75
2011.09.14 21:01:18.554,0.87423,0.87499,0.90,0.75
2011.09.14 21:01:18.774,0.87423,0.87503,0.90,0.75
2011.09.14 21:01:19.087,0.87431,0.87509,0.75,0.75
2011.09.14 21:01:19.483,0.87427,0.87503,0.75,0.75
2011.09.14 21:01:19.882,0.87431,0.87499,0.75,0.75
2011.09.14 21:01:21.286,0.87437,0.87498,0.75,0.75
2011.09.14 21:01:24.605,0.87441,0.87504,0.75,0.75
2011.09.14 21:01:25.272,0.87442,0.87503,0.75,0.75
2011.09.14 21:01:27.895,0.87436,0.87499,0.75,0.75
2011.09.14 21:01:35.655,0.87436,0.87496,0.75,1.95
2011.09.14 21:01:35.876,0.87437,0.87498,0.75,0.75
2011.09.14 21:01:39.037,0.87436,0.87502,0.75,1.95
2011.09.14 21:01:41.255,0.87436,0.87496,0.75,1.95
2011.09.14 21:01:41.823,0.87442,0.87496,0.75,1.95
2011.09.14 21:01:42.107,0.87437,0.87496,0.75,1.95
2011.09.14 21:01:42.687,0.87437,0.87503,0.75,0.75
2011.09.14 21:01:42.932,0.87426,0.87504,0.75,0.75
2011.09.14 21:01:43.042,0.87436,0.87514,0.75,0.75
2011.09.14 21:01:45.033,0.87436,0.87519,0.75,0.75
2011.09.14 21:01:45.522,0.87457,0.87523,0.75,1.95
2011.09.14 21:01:45.632,0.87432,0.87513,0.75,0.75
2011.09.14 21:01:45.743,0.87436,0.87494,0.75,1.95
2011.09.14 21:01:45.853,0.87441,0.87523,0.75,1.95
2011.09.14 21:01:49.912,0.87436,0.87519,0.75,0.75
2011.09.14 21:01:57.952,0.87436,0.87514,0.75,0.75
2011.09.14 21:02:02.056,0.87431,0.87513,1.95,0.75
2011.09.14 21:02:02.176,0.87431,0.87519,1.95,0.75
2011.09.14 21:02:05.072,0.87431,0.87514,2.70,0.75
2011.09.14 21:02:05.555,0.87437,0.87518,0.75,0.75
2011.09.14 21:02:06.602,0.87437,0.87513,0.75,0.75
2011.09.14 21:02:09.822,0.87446,0.87531,0.75,1.95
2011.09.14 21:02:13.494,0.87452,0.87561,0.75,0.45
2011.09.14 21:02:17.882,0.87421,0.87529,0.75,0.75
2011.09.14 21:02:18.331,0.87421,0.87529,0.75,0.75
2011.09.14 21:02:19.132,0.87431,0.87534,0.75,0.75
2011.09.14 21:02:27.872,0.87437,0.87543,0.75,0.75
2011.09.14 21:02:28.773,0.87442,0.87543,0.75,0.75
2011.09.14 21:02:29.722,0.87447,0.87543,0.75,0.75
2011.09.14 21:02:30.712,0.87441,0.87544,0.75,0.75
2011.09.14 21:02:31.465,0.87446,0.87549,0.75,0.75
2011.09.14 21:02:32.282,0.87447,0.87548,0.75,0.75
2011.09.14 21:02:34.824,0.87477,0.87553,0.75,0.75
2011.09.14 21:02:35.638,0.87476,0.87554,0.75,0.75
2011.09.14 21:02:37.563,0.87456,0.87549,0.75,0.75
2011.09.14 21:02:38.123,0.87468,0.87568,1.95,0.75
2011.09.14 21:02:38.594,0.87467,0.87562,1.95,1.95
2011.09.14 21:02:39.836,0.87467,0.87554,1.95,0.75
2011.09.14 21:02:40.766,0.87476,0.87554,1.95,0.75
2011.09.14 21:02:41.205,0.87497,0.87554,1.95,0.75
2011.09.14 21:02:42.416,0.87497,0.87558,1.95,0.75
2011.09.14 21:02:42.969,0.87498,0.87558,1.95,0.75
2011.09.14 21:02:43.678,0.87498,0.87559,1.95,0.75
2011.09.14 21:02:43.876,0.87479,0.87559,1.95,0.75
2011.09.14 21:02:49.634,0.87488,0.87559,1.95,0.75
2011.09.14 21:02:51.908,0.87508,0.87559,1.95,0.75
2011.09.14 21:02:54.022,0.87486,0.87559,0.75,0.75
2011.09.14 21:02:54.136,0.87498,0.87559,1.95,0.75
2011.09.14 21:02:54.355,0.87445,0.87548,1.95,0.75
2011.09.14 21:02:58.076,0.87455,0.87554,1.95,0.75
2011.09.14 21:02:58.185,0.87474,0.87554,1.95,0.75
2011.09.14 21:03:00.796,0.87474,0.87559,1.95,0.75
2011.09.14 21:03:00.926,0.87502,0.87559,1.95,0.75
2011.09.14 21:03:01.830,0.87502,0.87554,1.95,0.75
2011.09.14 21:03:02.447,0.87502,0.87553,1.95,0.75
2011.09.14 21:03:02.568,0.87475,0.87553,1.95,0.75
2011.09.14 21:03:03.725,0.87475,0.87538,1.95,0.75
2011.09.14 21:03:03.835,0.87456,0.87538,1.95,0.75
2011.09.14 21:03:04.226,0.87456,0.87532,1.95,0.45
2011.09.14 21:03:04.690,0.87479,0.87532,1.95,0.45
2011.09.14 21:03:05.076,0.87456,0.87531,1.95,0.45
2011.09.14 21:03:05.796,0.87456,0.87538,1.95,0.45
2011.09.14 21:03:07.590,0.87456,0.87534,1.95,0.75
2011.09.14 21:03:07.707,0.87439,0.87531,0.45,0.45
2011.09.14 21:03:11.488,0.87439,0.87528,0.45,0.75
2011.09.14 21:03:12.592,0.87439,0.87518,0.45,1.95
2011.09.14 21:03:13.525,0.87439,0.87513,0.45,0.75
2011.09.14 21:03:14.076,0.87438,0.87513,1.95,0.75
2011.09.14 21:03:14.847,0.87438,0.87516,1.95,0.45
2011.09.14 21:03:15.826,0.87438,0.87513,1.95,0.75
2011.09.14 21:03:17.907,0.87438,0.87482,1.95,0.45
2011.09.14 21:03:19.032,0.87438,0.87468,1.95,0.45
2011.09.14 21:03:19.721,0.87437,0.87468,1.95,0.45
2011.09.14 21:03:21.386,0.87437,0.87477,1.95,0.45
2011.09.14 21:03:25.460,0.87452,0.87477,1.95,0.45
2011.09.14 21:03:25.836,0.87452,0.87537,1.95,0.45
2011.09.14 21:03:25.945,0.87456,0.87537,1.95,0.45
2011.09.14 21:03:27.135,0.87456,0.87519,1.95,0.45
2011.09.14 21:03:27.355,0.87445,0.87517,0.45,0.45
2011.09.14 21:03:41.366,0.8746,0.87516,0.45,0.45
2011.09.14 21:03:41.475,0.8746,0.87525,0.45,0.45
2011.09.14 21:03:54.553,0.8746,0.87523,0.45,0.75
2011.09.14 21:03:54.776,0.8746,0.87525,0.45,0.45
2011.09.14 21:03:57.565,0.8746,0.87524,0.45,0.75
2011.09.14 21:03:58.186,0.8746,0.87525,0.45,0.45
2011.09.14 21:04:06.036,0.87451,0.87526,1.95,0.45
2011.09.14 21:04:06.145,0.87443,0.87526,0.45,0.45
2011.09.14 21:04:08.367,0.87448,0.87504,0.45,0.45
2011.09.14 21:04:27.106,0.87446,0.87512,0.45,0.45
2011.09.14 21:04:27.407,0.87456,0.87512,1.95,0.45
2011.09.14 21:04:29.326,0.87458,0.87512,1.95,0.45
2011.09.14 21:04:31.075,0.87446,0.87512,0.45,0.45
2011.09.14 21:04:32.116,0.87444,0.87488,0.45,0.45
2011.09.14 21:04:32.225,0.87442,0.87488,0.45,0.45
2011.09.14 21:04:34.715,0.87443,0.87488,1.95,0.45
2011.09.14 21:04:35.111,0.87449,0.87488,1.95,0.45
2011.09.14 21:04:39.850,0.87447,0.87488,0.75,0.45
2011.09.14 21:04:40.884,0.87446,0.87488,2.70,0.45
2011.09.14 21:04:43.927,0.8745,0.87488,1.95,0.45
2011.09.14 21:04:44.255,0.87455,0.87488,1.95,0.45
2011.09.14 21:04:46.233,0.87449,0.87488,1.95,0.45
2011.09.14 21:04:48.410,0.87451,0.87488,0.75,0.45
2011.09.14 21:04:49.037,0.87454,0.87488,1.95,0.45
2011.09.14 21:04:50.006,0.87454,0.87491,1.95,0.45
2011.09.14 21:04:50.116,0.87459,0.87498,0.45,0.45
2011.09.14 21:04:50.226,0.87459,0.87514,0.45,0.45
2011.09.14 21:04:52.668,0.8746,0.87514,1.95,0.45
2011.09.14 21:04:52.779,0.87479,0.87525,0.45,0.45
2011.09.14 21:05:07.176,0.87479,0.8752,0.45,0.45
2011.09.14 21:05:07.458,0.87471,0.87517,0.45,0.45
2011.09.14 21:05:57.291,0.87468,0.87503,0.45,0.45
2011.09.14 21:05:57.407,0.87457,0.87503,0.45,0.45
2011.09.14 21:06:44.588,0.87452,0.87496,2.70,0.45
2011.09.14 21:06:45.349,0.87454,0.87496,0.38,0.45
2011.09.14 21:06:46.133,0.87455,0.87496,1.95,0.45
2011.09.14 21:07:17.759,0.87457,0.87496,0.75,0.45
2011.09.14 21:07:19.576,0.87458,0.87496,1.95,0.45
2011.09.14 21:07:20.127,0.87454,0.87496,0.38,0.45
2011.09.14 21:07:23.607,0.87452,0.87496,1.95,0.45
2011.09.14 21:07:23.717,0.8745,0.87488,1.95,0.45
2011.09.14 21:07:29.598,0.87444,0.87488,1.95,0.45
2011.09.14 21:07:29.817,0.8745,0.87488,1.95,0.45
2011.09.14 21:07:29.927,0.87443,0.87488,1.95,0.45
2011.09.14 21:07:30.367,0.87451,0.87488,1.95,0.45
2011.09.14 21:07:30.477,0.87442,0.87488,2.70,0.45
2011.09.14 21:07:30.697,0.87451,0.87488,1.95,0.45
2011.09.14 21:07:30.807,0.87441,0.87488,1.95,0.45
2011.09.14 21:07:31.027,0.87451,0.87488,1.95,0.45
2011.09.14 21:07:31.137,0.87437,0.87479,1.95,0.45
2011.09.14 21:07:31.247,0.87442,0.87479,0.75,0.45
2011.09.14 21:07:31.358,0.87446,0.87488,1.95,0.45
2011.09.14 21:07:31.468,0.87442,0.8748,0.75,0.45
2011.09.14 21:07:32.007,0.87437,0.8748,1.95,0.45
2011.09.14 21:07:33.270,0.87441,0.8748,0.75,0.45
2011.09.14 21:07:33.499,0.87446,0.8749,1.95,0.45
2011.09.14 21:07:35.949,0.87451,0.8749,1.95,0.45
2011.09.14 21:07:43.677,0.87453,0.8749,2.10,0.45
2011.09.14 21:07:43.788,0.87451,0.8749,1.95,0.45
2011.09.14 21:07:54.229,0.87444,0.8749,1.95,0.45
2011.09.14 21:07:55.926,0.87442,0.8749,2.40,0.45
2011.09.14 21:08:16.688,0.87451,0.87497,0.45,0.45
2011.09.14 21:08:35.386,0.87462,0.87497,0.45,0.45
2011.09.14 21:08:35.497,0.87465,0.8751,1.95,0.45
2011.09.14 21:08:37.757,0.87464,0.8751,2.40,0.45
2011.09.14 21:08:41.190,0.87465,0.8751,1.95,0.45
2011.09.14 21:08:45.749,0.87465,0.87501,1.95,0.45
2011.09.14 21:08:53.358,0.87479,0.87512,1.95,0.45
2011.09.14 21:08:55.237,0.87465,0.87512,1.95,0.45
2011.09.14 21:08:58.224,0.87464,0.87512,2.40,0.45
2011.09.14 21:09:04.230,0.87465,0.87512,1.95,0.45
2011.09.14 21:09:07.677,0.87472,0.87512,0.75,0.45
2011.09.14 21:09:09.178,0.87467,0.87512,2.70,0.45
2011.09.14 21:09:14.943,0.87474,0.87512,1.95,0.45
2011.09.14 21:09:17.006,0.87473,0.87512,1.95,0.45
2011.09.14 21:09:17.117,0.87471,0.87512,2.70,0.45
2011.09.14 21:09:17.960,0.87472,0.87512,0.75,0.45
2011.09.14 21:09:19.168,0.87471,0.87512,2.70,0.45
2011.09.14 21:09:20.668,0.87476,0.87512,1.95,0.45
2011.09.14 21:09:20.886,0.87476,0.87519,1.95,0.45
2011.09.14 21:09:24.339,0.87475,0.87519,1.95,0.45
2011.09.14 21:09:24.667,0.87477,0.87519,0.75,0.45
2011.09.14 21:09:25.658,0.87475,0.87519,1.95,0.45
2011.09.14 21:09:25.876,0.87477,0.87519,0.75,0.45
2011.09.14 21:09:27.327,0.87475,0.87519,1.95,0.45
2011.09.14 21:09:27.438,0.87473,0.87512,0.45,0.45
2011.09.14 21:09:27.742,0.87471,0.87509,0.75,0.45
2011.09.14 21:09:28.547,0.87466,0.87509,0.75,0.45
2011.09.14 21:09:28.770,0.87471,0.87509,0.75,0.45
2011.09.14 21:09:30.137,0.87472,0.87509,0.75,0.45
2011.09.14 21:09:31.158,0.87471,0.87509,0.75,0.45
2011.09.14 21:09:31.269,0.87466,0.87509,0.75,0.45
2011.09.14 21:09:32.826,0.87467,0.87509,0.75,0.45
2011.09.14 21:09:33.337,0.87466,0.87509,0.75,0.45
2011.09.14 21:09:34.468,0.87472,0.87509,0.75,0.45
2011.09.14 21:09:34.688,0.87472,0.87512,0.75,0.45
2011.09.14 21:09:34.796,0.87472,0.87517,0.75,0.45
2011.09.14 21:09:44.979,0.87477,0.87517,0.75,0.45
2011.09.14 21:09:45.197,0.87488,0.87536,0.45,0.83
2011.09.14 21:09:50.611,0.87491,0.87536,0.75,0.45
2011.09.14 21:09:50.948,0.87496,0.87536,0.38,0.45
2011.09.14 21:09:51.502,0.87495,0.87536,0.38,0.45
2011.09.14 21:09:52.568,0.87506,0.87536,1.95,0.45
2011.09.14 21:09:52.995,0.87495,0.87536,0.38,0.45
2011.09.14 21:09:53.613,0.87493,0.87536,0.38,0.45
2011.09.14 21:09:53.727,0.87493,0.87527,0.38,0.45
2011.09.14 21:09:54.097,0.87496,0.87527,0.38,0.45
2011.09.14 21:09:56.459,0.87497,0.87527,0.75,0.45
2011.09.14 21:09:57.126,0.87496,0.87527,0.38,0.45
2011.09.14 21:09:58.098,0.87494,0.87527,0.38,0.45
2011.09.14 21:10:06.010,0.87495,0.87527,0.38,0.45
2011.09.14 21:10:06.337,0.87493,0.87527,0.38,0.45
2011.09.14 21:10:11.387,0.87491,0.87527,0.75,0.45
2011.09.14 21:10:15.659,0.87488,0.87527,0.38,0.45
2011.09.14 21:10:28.017,0.87499,0.87527,0.38,0.45
2011.09.14 21:10:30.878,0.87497,0.87527,0.75,0.45
2011.09.14 21:10:30.987,0.87497,0.87519,0.75,0.45
2011.09.14 21:10:31.321,0.87491,0.87519,0.75,0.45
2011.09.14 21:10:31.438,0.87489,0.87519,0.38,0.45
2011.09.14 21:10:33.817,0.87486,0.87521,0.75,0.45
2011.09.14 21:10:33.928,0.87493,0.8753,1.95,0.45
2011.09.14 21:10:34.037,0.87483,0.87523,0.38,0.45
2011.09.14 21:10:38.467,0.87491,0.87523,0.75,0.45
2011.09.14 21:10:39.000,0.87492,0.87523,0.75,0.45
2011.09.14 21:10:40.168,0.87495,0.87533,1.95,0.45
2011.09.14 21:10:40.277,0.87492,0.87533,0.75,0.45
2011.09.14 21:10:40.957,0.87492,0.87527,0.75,0.45
2011.09.14 21:10:41.355,0.87492,0.87524,0.75,0.45
2011.09.14 21:10:43.728,0.87492,0.87519,0.75,0.45
2011.09.14 21:10:44.099,0.87496,0.87517,0.75,0.45
2011.09.14 21:10:46.619,0.87496,0.87508,0.75,0.45
2011.09.14 21:10:47.568,0.87496,0.87516,0.75,0.45
2011.09.14 21:10:48.777,0.87486,0.87516,0.75,0.45
2011.09.14 21:10:50.917,0.87479,0.87507,0.38,0.45
2011.09.14 21:10:51.030,0.87477,0.87507,0.75,0.45
2011.09.14 21:10:52.058,0.87476,0.87507,0.75,0.45
2011.09.14 21:10:52.720,0.87476,0.87498,0.75,0.45
2011.09.14 21:10:53.658,0.87466,0.87498,0.75,0.45
2011.09.14 21:10:55.728,0.87463,0.87498,1.13,0.45
2011.09.14 21:10:56.618,0.87474,0.87498,0.75,0.45
2011.09.14 21:10:56.839,0.87472,0.87498,0.75,0.45
2011.09.14 21:10:57.654,0.87473,0.87498,0.75,0.45
2011.09.14 21:10:58.358,0.87474,0.87498,0.75,0.45
2011.09.14 21:11:03.338,0.87484,0.87498,0.75,0.45
2011.09.14 21:11:03.447,0.87484,0.87506,0.75,0.45
2011.09.14 21:11:10.555,0.87481,0.87506,0.75,0.45
2011.09.14 21:11:10.670,0.87478,0.87506,0.75,1.20
2011.09.14 21:11:11.427,0.87482,0.87506,0.75,0.45
2011.09.14 21:11:12.787,0.87486,0.87506,0.75,0.45
2011.09.14 21:11:13.007,0.87486,0.87513,0.75,0.75
2011.09.14 21:11:14.767,0.87476,0.87504,1.50,0.75
2011.09.14 21:11:17.758,0.8748,0.87505,0.75,0.75
2011.09.14 21:11:18.087,0.87482,0.87505,0.75,0.75
2011.09.14 21:11:18.268,0.87489,0.87515,0.75,0.75
2011.09.14 21:11:19.337,0.87485,0.87511,0.75,0.75
2011.09.14 21:11:20.048,0.87483,0.8751,0.75,0.75
2011.09.14 21:11:21.549,0.87483,0.87508,0.75,0.45
2011.09.14 21:11:21.899,0.87482,0.87505,0.75,0.45
2011.09.14 21:11:22.400,0.87474,0.87505,0.75,0.45
2011.09.14 21:11:23.610,0.87474,0.87499,0.75,0.45
2011.09.14 21:11:23.728,0.8747,0.87497,0.75,0.45
2011.09.14 21:11:25.549,0.87471,0.87497,0.75,0.45
2011.09.14 21:11:26.288,0.87474,0.87497,0.75,0.45
2011.09.14 21:11:26.617,0.87477,0.87497,0.75,0.45
2011.09.14 21:11:30.539,0.87484,0.87497,0.75,0.45
2011.09.14 21:11:30.647,0.87484,0.87508,0.75,0.45
2011.09.14 21:11:51.028,0.87485,0.87508,0.75,0.45
2011.09.14 21:11:51.604,0.87474,0.87495,0.38,0.45
2011.09.14 21:11:52.848,0.87473,0.87495,0.75,0.45
2011.09.14 21:11:58.277,0.87475,0.87495,0.75,0.45
2011.09.14 21:11:58.791,0.87473,0.87495,1.50,0.45
2011.09.14 21:12:01.360,0.87474,0.87495,0.38,0.45
2011.09.14 21:12:02.330,0.87479,0.87495,0.75,0.45
2011.09.14 21:12:02.448,0.87479,0.87508,0.75,0.45
2011.09.14 21:12:04.987,0.87478,0.87504,0.38,0.75
2011.09.14 21:12:05.772,0.87478,0.87505,0.38,0.75
2011.09.14 21:12:06.108,0.87478,0.87501,0.38,0.75
2011.09.14 21:12:06.218,0.87478,0.87505,0.38,0.75
2011.09.14 21:12:09.611,0.87478,0.87503,0.38,0.75
2011.09.14 21:12:14.779,0.87474,0.87498,1.13,0.45
2011.09.14 21:12:16.332,0.87472,0.87498,0.75,0.45
2011.09.14 21:12:16.449,0.87469,0.87497,1.13,0.75
2011.09.14 21:12:17.713,0.87469,0.87494,0.38,0.75
2011.09.14 21:12:28.729,0.87473,0.87498,0.38,0.45
2011.09.14 21:12:29.058,0.87469,0.87496,0.75,0.75
2011.09.14 21:12:39.378,0.87469,0.87493,0.38,0.75
2011.09.14 21:12:39.597,0.87465,0.87493,0.75,0.75
2011.09.14 21:12:41.707,0.87469,0.87493,0.38,0.75
2011.09.14 21:13:00.828,0.87468,0.87493,0.38,0.75
2011.09.14 21:13:05.119,0.87465,0.87493,0.75,0.75
2011.09.14 21:13:05.229,0.87465,0.8749,0.75,0.45
2011.09.14 21:13:12.862,0.87462,0.8749,0.75,0.45
2011.09.14 21:13:29.450,0.87463,0.8749,0.75,0.45
2011.09.14 21:13:35.301,0.87463,0.87489,0.75,0.75
2011.09.14 21:13:35.528,0.87461,0.8749,0.75,0.45
2011.09.14 21:13:40.551,0.87458,0.87485,0.75,0.75
2011.09.14 21:13:41.073,0.87458,0.87482,0.75,0.45
2011.09.14 21:13:41.191,0.87451,0.87481,0.75,0.75
2011.09.14 21:13:47.261,0.8745,0.87482,0.75,0.45
2011.09.14 21:13:57.208,0.87458,0.87482,0.75,0.45
2011.09.14 21:13:57.543,0.8746,0.87482,0.75,0.45
2011.09.14 21:14:01.770,0.87465,0.87482,0.38,0.45
2011.09.14 21:14:01.879,0.87465,0.87485,0.38,0.45
2011.09.14 21:14:01.990,0.87465,0.87494,0.38,0.45
2011.09.14 21:14:02.319,0.87468,0.87504,0.75,0.45
2011.09.14 21:14:03.891,0.87465,0.87504,0.38,0.45
2011.09.14 21:14:09.499,0.87482,0.87504,0.75,0.45
2011.09.14 21:14:09.829,0.87465,0.87504,0.38,0.45
2011.09.14 21:14:11.050,0.87464,0.87504,0.38,0.45
2011.09.14 21:14:11.159,0.87471,0.87504,0.75,0.45
2011.09.14 21:14:15.601,0.87476,0.87504,0.75,0.45
2011.09.14 21:14:18.688,0.87473,0.87501,0.75,0.75
2011.09.14 21:14:19.550,0.87465,0.87504,0.38,0.45
2011.09.14 21:14:19.663,0.87463,0.87504,0.38,0.45
2011.09.14 21:14:20.750,0.87464,0.87504,0.38,0.45
2011.09.14 21:14:21.369,0.8747,0.87505,0.75,0.45
2011.09.14 21:14:21.919,0.8747,0.87506,0.75,0.75
2011.09.14 21:14:29.156,0.87479,0.87508,0.75,0.75
2011.09.14 21:14:31.955,0.87473,0.87503,0.75,0.75
2011.09.14 21:14:38.499,0.8747,0.87499,0.75,0.75
2011.09.14 21:14:41.339,0.87476,0.87503,0.75,0.75
2011.09.14 21:14:41.890,0.8748,0.8751,0.75,0.75
2011.09.14 21:14:43.929,0.87479,0.87508,0.75,0.75
2011.09.14 21:14:47.220,0.87478,0.87505,0.75,0.75
2011.09.14 21:14:47.878,0.87476,0.87504,0.75,0.75
2011.09.14 21:14:53.330,0.87471,0.87497,0.38,0.75
2011.09.14 21:14:54.644,0.87473,0.87497,0.38,0.75
2011.09.14 21:14:55.150,0.87474,0.87499,0.38,0.75
2011.09.14 21:14:55.407,0.87474,0.87497,0.38,0.75
2011.09.14 21:14:56.230,0.87475,0.87497,0.38,0.75
2011.09.14 21:14:56.453,0.87476,0.87503,0.38,0.75
2011.09.14 21:14:56.980,0.87471,0.875,0.95,0.75
2011.09.14 21:14:57.310,0.87476,0.875,0.45,0.75
2011.09.14 21:14:57.541,0.87478,0.87506,0.75,0.75
2011.09.14 21:14:57.659,0.87472,0.87505,0.20,0.75
2011.09.14 21:15:02.852,0.87471,0.87508,0.75,0.75
2011.09.14 21:15:03.299,0.8748,0.87508,0.45,0.75
2011.09.14 21:15:03.526,0.87471,0.87508,0.75,0.75
2011.09.14 21:15:03.749,0.87469,0.87507,0.20,0.75
2011.09.14 21:15:03.861,0.87474,0.87507,0.20,0.75
2011.09.14 21:15:04.340,0.87474,0.87505,0.20,0.75
2011.09.14 21:15:05.408,0.87474,0.87493,0.20,0.75
2011.09.14 21:15:05.740,0.87463,0.87493,0.38,0.75
2011.09.14 21:15:07.169,0.87465,0.87493,0.38,0.75
2011.09.14 21:15:08.760,0.87465,0.87495,0.38,0.75
2011.09.14 21:15:10.419,0.87461,0.87495,0.75,0.75
2011.09.14 21:15:13.912,0.87469,0.87498,0.75,0.75
2011.09.14 21:15:14.248,0.87468,0.87496,0.75,0.75
2011.09.14 21:15:14.969,0.87461,0.87493,0.75,0.75
2011.09.14 21:15:21.778,0.87473,0.87498,0.75,0.75
2011.09.14 21:15:21.890,0.87466,0.87494,0.75,0.75
2011.09.14 21:15:22.219,0.87461,0.87494,0.75,0.45
2011.09.14 21:15:25.555,0.8747,0.87497,0.75,0.75
2011.09.14 21:15:25.893,0.87482,0.87497,0.38,0.75
2011.09.14 21:15:26.474,0.87493,0.87519,0.75,0.45
2011.09.14 21:15:26.596,0.87489,0.87518,0.75,0.75
2011.09.14 21:15:26.819,0.87471,0.87507,0.45,0.75
2011.09.14 21:15:30.430,0.87478,0.87507,0.45,0.75
2011.09.14 21:15:30.541,0.87471,0.87507,0.45,0.75
2011.09.14 21:15:30.660,0.87483,0.87513,0.75,0.75
2011.09.14 21:15:30.769,0.87476,0.87511,0.75,0.75
2011.09.14 21:15:31.101,0.87464,0.87507,0.38,0.75
2011.09.14 21:15:31.549,0.87469,0.87507,0.45,0.75
2011.09.14 21:15:32.185,0.8747,0.87507,0.45,0.75
2011.09.14 21:15:36.731,0.8749,0.87518,0.75,0.45
2011.09.14 21:15:36.857,0.87469,0.87515,0.90,0.45
2011.09.14 21:15:40.569,0.87469,0.87507,0.45,0.75
2011.09.14 21:15:42.050,0.87464,0.87507,1.13,0.75
2011.09.14 21:15:44.689,0.87465,0.87507,0.38,0.75
2011.09.14 21:15:44.798,0.87474,0.87508,0.75,1.20
2011.09.14 21:15:45.512,0.87465,0.87507,0.75,0.75
2011.09.14 21:15:55.290,0.87463,0.87508,1.50,0.45
2011.09.14 21:15:55.850,0.87472,0.87515,0.45,0.75
2011.09.14 21:15:57.160,0.87472,0.87519,0.45,0.75
2011.09.14 21:15:59.320,0.87473,0.87519,0.75,0.75
2011.09.14 21:15:59.651,0.87475,0.87519,0.45,0.75
2011.09.14 21:16:00.410,0.87475,0.87518,0.45,0.75
2011.09.14 21:16:04.194,0.87475,0.87507,0.45,0.75
2011.09.14 21:16:12.589,0.87475,0.87512,1.20,0.75
2011.09.14 21:16:12.918,0.87466,0.87508,1.13,0.75
2011.09.14 21:16:13.468,0.87465,0.87509,0.45,0.75
2011.09.14 21:16:15.029,0.87465,0.87492,0.45,0.75
2011.09.14 21:16:18.080,0.87466,0.87508,0.75,0.75
2011.09.14 21:16:18.189,0.87468,0.87508,0.38,0.75
2011.09.14 21:16:19.469,0.87469,0.87508,0.38,0.75
2011.09.14 21:16:20.434,0.87469,0.87507,0.38,0.75
2011.09.14 21:16:22.669,0.87468,0.87507,0.38,0.75
2011.09.14 21:16:23.120,0.87468,0.87501,0.38,0.75
2011.09.14 21:16:23.339,0.87469,0.87509,0.38,0.75
2011.09.14 21:16:24.198,0.87468,0.87509,0.75,0.75
2011.09.14 21:16:24.308,0.87468,0.87511,0.75,0.45
2011.09.14 21:16:26.288,0.87469,0.87511,0.38,0.45
2011.09.14 21:16:26.399,0.87471,0.87511,0.38,0.45
2011.09.14 21:16:26.728,0.87483,0.87512,0.75,0.75
2011.09.14 21:16:27.899,0.87472,0.87513,2.33,0.75
2011.09.14 21:16:28.315,0.87472,0.8751,1.50,0.45
2011.09.14 21:16:28.431,0.87469,0.8751,0.38,0.45
2011.09.14 21:16:32.620,0.87474,0.8751,0.38,0.45
2011.09.14 21:16:32.839,0.87474,0.87513,1.50,0.75
2011.09.14 21:16:32.949,0.87485,0.87515,0.75,0.75
2011.09.14 21:16:33.281,0.87479,0.87511,0.75,1.20
2011.09.14 21:16:33.512,0.87474,0.87511,0.75,0.45
2011.09.14 21:16:33.740,0.87472,0.87507,0.75,0.75
2011.09.14 21:16:34.069,0.87469,0.87507,0.38,0.75
2011.09.14 21:16:35.001,0.87468,0.87507,0.75,0.75
2011.09.14 21:16:36.441,0.87468,0.87511,0.75,0.45
2011.09.14 21:16:36.820,0.87468,0.87508,0.75,0.75
2011.09.14 21:16:38.120,0.87472,0.87507,0.75,0.75
2011.09.14 21:16:39.041,0.87469,0.87507,0.38,0.75
2011.09.14 21:16:40.238,0.87469,0.87511,0.38,0.45
2011.09.14 21:16:44.529,0.87468,0.87511,1.13,0.45
2011.09.14 21:16:45.643,0.87469,0.87511,0.38,0.45
2011.09.14 21:16:45.871,0.87481,0.87511,0.75,0.45
2011.09.14 21:16:45.991,0.87481,0.87518,0.75,1.20
2011.09.14 21:16:46.331,0.87469,0.8751,0.75,0.45
2011.09.14 21:16:47.512,0.87473,0.8751,0.38,0.45
2011.09.14 21:16:47.849,0.87482,0.87518,0.75,1.20
2011.09.14 21:16:48.342,0.87474,0.87518,0.75,1.20
2011.09.14 21:16:48.460,0.87474,0.87509,0.75,0.45
2011.09.14 21:16:48.569,0.87469,0.87509,0.38,0.45
2011.09.14 21:16:56.680,0.87482,0.87509,0.75,0.45
2011.09.14 21:17:01.308,0.87482,0.87517,0.75,0.45
2011.09.14 21:17:04.748,0.87473,0.87517,0.75,0.45
2011.09.14 21:17:04.859,0.87473,0.87509,0.38,0.45
2011.09.14 21:17:04.969,0.87471,0.87509,0.75,0.45
2011.09.14 21:17:05.079,0.87469,0.87509,0.75,0.45
2011.09.14 21:17:12.240,0.87471,0.87509,0.38,0.45
2011.09.14 21:17:12.571,0.87473,0.87509,1.13,0.45
2011.09.14 21:17:15.144,0.87475,0.87509,0.38,0.45
2011.09.14 21:17:15.479,0.87482,0.87509,0.75,0.45
2011.09.14 21:17:15.810,0.87482,0.87518,0.75,0.45
2011.09.14 21:17:17.409,0.87473,0.87518,1.13,0.45
2011.09.14 21:17:20.611,0.87473,0.87508,0.75,0.45
2011.09.14 21:17:20.944,0.87469,0.87506,0.38,0.45
2011.09.14 21:17:24.970,0.87472,0.87506,0.75,0.45
2011.09.14 21:17:30.749,0.87469,0.87506,0.75,0.45
2011.09.14 21:17:32.151,0.8747,0.87506,0.38,0.45
2011.09.14 21:17:32.270,0.87473,0.87506,0.75,0.45
2011.09.14 21:17:32.800,0.87472,0.87506,0.75,0.45
2011.09.14 21:17:33.019,0.87469,0.87506,0.75,0.45
2011.09.14 21:17:37.068,0.87474,0.87506,0.75,0.45
2011.09.14 21:17:37.290,0.87471,0.87506,0.75,0.45
2011.09.14 21:17:37.510,0.87471,0.87508,0.75,0.75
2011.09.14 21:17:40.390,0.87469,0.87508,0.75,0.75
2011.09.14 21:17:40.609,0.87469,0.8751,0.75,0.75
2011.09.14 21:17:43.569,0.87474,0.8751,0.75,0.75
2011.09.14 21:17:43.976,0.87473,0.87508,0.75,0.75
2011.09.14 21:17:44.310,0.87468,0.87507,1.20,0.75
2011.09.14 21:17:44.420,0.87468,0.8751,1.20,0.75
2011.09.14 21:17:45.269,0.87491,0.87514,0.75,0.45
2011.09.14 21:17:45.491,0.87491,0.87521,0.75,2.70
2011.09.14 21:17:45.612,0.8747,0.87516,0.45,0.45
2011.09.14 21:17:51.241,0.87482,0.87516,0.75,0.45
2011.09.14 21:17:51.941,0.87472,0.87516,0.38,0.45
2011.09.14 21:17:52.060,0.8747,0.87516,0.45,0.45
2011.09.14 21:17:57.959,0.87473,0.87516,0.75,0.45
2011.09.14 21:18:01.230,0.87471,0.87516,0.75,0.45
2011.09.14 21:18:01.779,0.8747,0.87516,0.45,0.45
2011.09.14 21:18:04.106,0.87482,0.87516,0.75,0.45
2011.09.14 21:18:04.763,0.87481,0.87516,0.75,0.45
2011.09.14 21:18:04.882,0.87473,0.87516,0.38,0.45
2011.09.14 21:18:04.999,0.87471,0.87516,1.13,0.45
2011.09.14 21:18:05.509,0.8747,0.87516,0.45,0.45
2011.09.14 21:18:06.512,0.87467,0.87508,0.45,0.45
2011.09.14 21:18:06.629,0.87465,0.87508,0.38,0.45
2011.09.14 21:18:08.181,0.87469,0.87508,0.38,0.45
2011.09.14 21:18:08.411,0.87466,0.87508,0.38,0.45
2011.09.14 21:18:09.619,0.8747,0.87508,0.38,0.45
2011.09.14 21:18:09.840,0.87464,0.87508,0.38,0.45
2011.09.14 21:18:10.831,0.87471,0.87514,0.45,0.38
2011.09.14 21:18:11.159,0.87481,0.87509,0.75,0.75
2011.09.14 21:18:11.271,0.87464,0.87507,0.75,0.75
2011.09.14 21:18:11.990,0.87463,0.87505,0.45,0.75
2011.09.14 21:18:12.379,0.87469,0.87509,0.38,0.45
2011.09.14 21:18:12.711,0.87463,0.87502,0.45,0.75
2011.09.14 21:18:13.519,0.87462,0.87502,1.50,1.20
2011.09.14 21:18:14.040,0.87469,0.87502,0.38,0.75
2011.09.14 21:18:14.155,0.87469,0.87509,0.38,0.45
2011.09.14 21:18:14.270,0.87464,0.875,0.38,0.75
2011.09.14 21:18:14.759,0.87464,0.87509,0.38,0.45
2011.09.14 21:18:14.980,0.87464,0.87497,0.75,0.75
2011.09.14 21:18:15.929,0.8747,0.87497,0.38,0.75
2011.09.14 21:18:16.259,0.87474,0.87501,0.75,0.45
2011.09.14 21:18:16.369,0.87474,0.87504,0.75,0.75
2011.09.14 21:18:16.590,0.87469,0.87498,0.75,0.75
2011.09.14 21:18:16.810,0.87464,0.87503,0.75,0.45
2011.09.14 21:18:16.920,0.87464,0.87492,0.38,0.75
2011.09.14 21:18:17.840,0.87464,0.87501,1.13,0.45
2011.09.14 21:18:17.951,0.87464,0.8751,1.13,0.45
2011.09.14 21:18:18.070,0.87464,0.8749,0.38,0.75
2011.09.14 21:18:22.021,0.87464,0.875,1.13,0.45
2011.09.14 21:18:22.141,0.87464,0.87509,1.13,0.75
2011.09.14 21:18:22.883,0.87465,0.87509,0.38,0.75
2011.09.14 21:18:31.452,0.87466,0.87509,0.38,0.75
2011.09.14 21:18:31.573,0.87473,0.87511,0.75,1.20
2011.09.14 21:18:32.381,0.87471,0.87508,0.75,0.75
2011.09.14 21:18:32.499,0.87464,0.87508,0.75,0.75
2011.09.14 21:18:37.141,0.87472,0.87509,0.75,0.75
2011.09.14 21:18:39.540,0.87478,0.87508,0.75,0.75
2011.09.14 21:18:39.891,0.87465,0.87508,1.13,0.75
2011.09.14 21:18:45.541,0.87469,0.87511,0.38,0.45
2011.09.14 21:18:45.879,0.87471,0.87519,0.45,0.45
2011.09.14 21:18:45.991,0.87485,0.87531,0.20,1.20
2011.09.14 21:18:47.576,0.87499,0.8753,0.75,0.75
2011.09.14 21:18:50.211,0.87488,0.87522,0.75,0.45
2011.09.14 21:18:50.550,0.87482,0.87522,0.75,0.45
2011.09.14 21:18:50.660,0.87476,0.87522,0.45,0.45
2011.09.14 21:18:53.841,0.87476,0.8752,0.45,0.75
2011.09.14 21:18:54.070,0.87468,0.87515,0.20,0.45
2011.09.14 21:18:54.980,0.87469,0.87515,0.20,0.45
2011.09.14 21:19:01.000,0.8747,0.87515,0.38,0.45
2011.09.14 21:19:07.330,0.87481,0.87517,0.45,0.45
2011.09.14 21:19:09.973,0.87522,0.87546,0.45,0.38
2011.09.14 21:19:10.309,0.87555,0.8757,0.72,1.20
2011.09.14 21:19:10.639,0.87566,0.8758,0.42,0.75
2011.09.14 21:19:11.159,0.87565,0.87579,0.42,0.75
2011.09.14 21:19:11.999,0.87565,0.8758,0.72,0.75
2011.09.14 21:19:12.110,0.87511,0.8758,0.45,0.75
2011.09.14 21:19:12.239,0.87521,0.8758,0.45,0.75
2011.09.14 21:19:12.917,0.87508,0.8758,0.45,0.75
2011.09.14 21:19:13.031,0.87498,0.87566,0.45,0.45
2011.09.14 21:19:13.760,0.87508,0.87558,0.45,0.45
2011.09.14 21:19:14.749,0.87502,0.8755,0.45,0.45
2011.09.14 21:19:15.082,0.87502,0.87545,0.45,0.45
2011.09.14 21:19:15.531,0.87492,0.87542,0.20,0.45
2011.09.14 21:19:17.450,0.87491,0.87542,0.20,0.45
2011.09.14 21:19:18.720,0.87487,0.87542,0.20,0.45
2011.09.14 21:19:18.830,0.87493,0.87539,0.45,0.45
2011.09.14 21:19:19.669,0.87485,0.87541,0.75,0.45
2011.09.14 21:19:19.889,0.87502,0.87548,0.45,0.45
2011.09.14 21:19:20.219,0.87508,0.87548,0.75,0.45
2011.09.14 21:19:22.990,0.87509,0.8754,0.75,0.75
2011.09.14 21:19:23.711,0.87498,0.8753,0.38,0.45
2011.09.14 21:19:23.821,0.87487,0.8753,0.75,0.45
2011.09.14 21:19:30.160,0.87487,0.87522,0.20,0.45
2011.09.14 21:19:30.270,0.87477,0.87522,0.20,0.45
2011.09.14 21:19:31.885,0.87476,0.87522,0.75,0.45
2011.09.14 21:19:32.001,0.87474,0.87522,0.45,0.45
2011.09.14 21:19:32.122,0.87483,0.87529,0.45,0.45
2011.09.14 21:19:32.681,0.87491,0.87537,0.45,0.45
2011.09.14 21:19:41.565,0.87493,0.87537,0.20,0.45
2011.09.14 21:19:41.901,0.87497,0.87537,0.75,0.45
2011.09.14 21:19:51.331,0.87499,0.87537,0.75,0.45
2011.09.14 21:19:51.550,0.87508,0.87554,0.65,0.45
2011.09.14 21:19:54.719,0.87508,0.87541,0.65,0.75
2011.09.14 21:19:54.940,0.87508,0.87547,0.20,0.45
2011.09.14 21:19:55.160,0.87509,0.87555,0.45,2.40
2011.09.14 21:20:18.534,0.875,0.87553,1.10,1.13
2011.09.14 21:20:18.874,0.87498,0.87553,2.15,2.03
2011.09.14 21:20:19.745,0.87498,0.87553,1.20,2.03
2011.09.14 21:20:21.794,0.87498,0.87542,1.20,1.20
2011.09.14 21:20:22.134,0.87493,0.87542,1.13,1.65
2011.09.14 21:20:25.199,0.87492,0.87548,1.33,2.03
2011.09.14 21:20:25.438,0.87494,0.87537,1.13,1.20
2011.09.14 21:20:25.556,0.87498,0.87551,1.20,1.65
2011.09.14 21:20:29.273,0.87498,0.87547,1.20,1.20
2011.09.14 21:20:30.277,0.87491,0.87543,1.20,1.65
2011.09.14 21:20:31.243,0.87491,0.87539,1.20,1.20
2011.09.14 21:20:32.594,0.87492,0.87541,1.13,1.65
2011.09.14 21:20:32.934,0.87492,0.87544,1.13,1.65
2011.09.14 21:20:33.658,0.87492,0.87552,1.13,1.28
2011.09.14 21:20:36.749,0.87492,0.87552,1.13,2.03
2011.09.14 21:20:48.342,0.87493,0.87546,1.13,1.65
2011.09.14 21:20:51.873,0.87493,0.87546,1.50,1.65
2011.09.14 21:20:55.085,0.87495,0.8754,1.13,1.20
2011.09.14 21:20:56.447,0.87494,0.87545,1.88,1.65
2011.09.14 21:20:57.483,0.87494,0.87545,1.88,1.65
2011.09.14 21:20:58.174,0.87494,0.87545,1.88,1.65
2011.09.14 21:21:06.478,0.87498,0.87548,1.13,2.85
2011.09.14 21:21:07.208,0.87501,0.87548,1.13,1.65
2011.09.14 21:21:11.346,0.87498,0.87541,1.13,1.65
2011.09.14 21:21:11.687,0.87506,0.87545,1.13,1.65
2011.09.14 21:21:11.914,0.87506,0.87539,1.13,1.20
2011.09.14 21:21:12.258,0.87498,0.87541,1.13,1.65
2011.09.14 21:21:15.134,0.87498,0.87541,1.13,1.65
2011.09.14 21:21:15.876,0.87499,0.8754,1.13,1.20
2011.09.14 21:21:16.107,0.87495,0.8754,1.13,1.20
2011.09.14 21:21:16.716,0.87506,0.87544,1.13,1.65
2011.09.14 21:21:16.945,0.87504,0.87539,1.13,1.20
2011.09.14 21:21:17.394,0.87501,0.87545,1.13,1.65
2011.09.14 21:21:21.164,0.875,0.87539,1.13,1.20
2011.09.14 21:21:24.043,0.87495,0.87532,1.13,1.20
2011.09.14 21:21:29.263,0.87491,0.87531,1.13,1.20
2011.09.14 21:21:29.493,0.8749,0.87531,1.13,1.20
2011.09.14 21:21:30.334,0.87483,0.87531,1.58,1.20
2011.09.14 21:21:30.965,0.87483,0.87535,1.20,1.65
2011.09.14 21:21:33.285,0.87483,0.87531,1.20,1.20
2011.09.14 21:21:33.403,0.87489,0.87531,1.13,1.20
2011.09.14 21:21:34.406,0.87489,0.87531,1.50,1.20
2011.09.14 21:21:34.743,0.87501,0.87535,1.13,1.65
2011.09.14 21:21:35.377,0.87501,0.87531,1.13,1.20
2011.09.14 21:21:35.604,0.8749,0.87532,1.13,1.65
2011.09.14 21:21:35.723,0.87489,0.87532,1.13,1.65
2011.09.14 21:21:42.674,0.87488,0.87532,1.13,1.65
2011.09.14 21:21:43.607,0.87489,0.87532,1.13,1.65
2011.09.14 21:21:49.892,0.87488,0.87532,1.13,1.65
2011.09.14 21:21:50.123,0.87489,0.87532,1.13,1.65
2011.09.14 21:21:50.846,0.87488,0.87532,1.13,1.65
2011.09.14 21:21:54.861,0.87486,0.87522,1.13,1.20
2011.09.14 21:21:55.087,0.87472,0.87514,1.88,1.20
2011.09.14 21:21:55.207,0.87472,0.87514,1.13,1.20
2011.09.14 21:21:55.443,0.87464,0.87513,1.85,2.70
2011.09.14 21:21:55.846,0.87466,0.87513,1.20,1.95
2011.09.14 21:21:56.579,0.87468,0.87518,1.20,1.65
2011.09.14 21:21:56.697,0.87476,0.87522,1.20,3.15
2011.09.14 21:21:57.356,0.87466,0.87522,1.65,1.20
2011.09.14 21:21:58.291,0.87473,0.87523,1.10,2.70
2011.09.14 21:22:03.766,0.87478,0.87523,1.10,2.70
2011.09.14 21:22:03.882,0.87478,0.87527,1.85,2.70
2011.09.14 21:22:04.225,0.8748,0.87506,1.40,1.95
2011.09.14 21:22:04.785,0.87479,0.87513,1.40,2.70
2011.09.14 21:22:05.326,0.87479,0.87516,1.40,2.70
2011.09.14 21:22:06.152,0.87479,0.87516,1.40,2.70
2011.09.14 21:22:08.023,0.87479,0.87516,1.40,2.70
2011.09.14 21:22:09.075,0.87479,0.87513,1.40,2.70
2011.09.14 21:22:09.424,0.87476,0.87533,2.15,1.20
2011.09.14 21:22:09.544,0.87476,0.87533,2.15,1.20
2011.09.14 21:22:09.884,0.87476,0.87533,2.15,1.20
2011.09.14 21:22:12.979,0.87482,0.87538,1.40,1.95
2011.09.14 21:22:14.535,0.87482,0.87526,1.40,1.95
2011.09.14 21:22:14.874,0.87481,0.87526,1.40,2.70
2011.09.14 21:22:18.103,0.87481,0.87526,2.15,2.70
2011.09.14 21:22:18.985,0.87481,0.87526,2.15,2.70
2011.09.14 21:22:19.213,0.87481,0.87521,2.15,2.70
2011.09.14 21:22:19.728,0.87475,0.87515,1.40,2.70
2011.09.14 21:22:20.066,0.87483,0.8752,1.40,2.70
2011.09.14 21:22:20.294,0.87488,0.87526,1.40,2.70
2011.09.14 21:22:21.487,0.87488,0.87526,1.40,2.70
2011.09.14 21:22:22.783,0.87472,0.87522,1.40,2.70
2011.09.14 21:22:23.026,0.87472,0.87522,1.85,2.70
2011.09.14 21:22:23.364,0.87472,0.87515,1.65,2.70
2011.09.14 21:22:24.013,0.87474,0.87515,1.65,2.70
2011.09.14 21:22:25.224,0.87482,0.87519,1.20,2.70
2011.09.14 21:22:25.676,0.87479,0.87528,1.65,3.90
2011.09.14 21:22:26.863,0.87479,0.87528,1.65,2.40
2011.09.14 21:22:27.095,0.87481,0.87528,1.65,1.95
2011.09.14 21:22:27.214,0.87481,0.87552,1.65,1.20
2011.09.14 21:22:27.333,0.87481,0.87557,1.65,1.65
2011.09.14 21:22:29.485,0.8748,0.87552,1.65,1.20
2011.09.14 21:22:29.823,0.8748,0.87547,1.65,1.65
2011.09.14 21:22:32.266,0.87481,0.87554,1.65,1.65
2011.09.14 21:22:32.605,0.87482,0.87562,1.65,1.20
2011.09.14 21:22:32.833,0.87483,0.87581,1.85,1.65
2011.09.14 21:22:37.486,0.8749,0.87581,1.10,1.65
2011.09.14 21:22:38.166,0.87494,0.87562,1.10,1.50
2011.09.14 21:22:39.686,0.87494,0.8755,1.10,1.20
2011.09.14 21:22:39.806,0.87494,0.87545,1.10,2.70
2011.09.14 21:22:40.259,0.87493,0.87543,1.40,1.20
2011.09.14 21:22:40.594,0.87489,0.87535,1.20,1.20
2011.09.14 21:22:40.934,0.87483,0.87538,1.65,2.85
2011.09.14 21:22:41.755,0.87488,0.87535,1.20,1.20
2011.09.14 21:22:45.276,0.87487,0.87531,1.20,1.20
2011.09.14 21:22:45.505,0.87459,0.87532,1.65,1.65
2011.09.14 21:22:47.476,0.87459,0.8754,1.65,1.65
2011.09.14 21:22:47.593,0.87467,0.8754,1.65,1.65
2011.09.14 21:22:47.826,0.8747,0.87549,1.10,1.65
2011.09.14 21:22:49.592,0.87473,0.87546,1.65,1.65
2011.09.14 21:22:50.042,0.87476,0.87549,1.10,2.70
2011.09.14 21:22:50.643,0.87481,0.87549,1.65,2.70
2011.09.14 21:22:51.094,0.87479,0.87536,1.10,2.70
2011.09.14 21:22:51.219,0.87479,0.87536,1.10,2.70
2011.09.14 21:22:51.495,0.87479,0.87546,1.10,2.70
2011.09.14 21:22:51.723,0.87479,0.87546,1.10,1.95
2011.09.14 21:22:52.283,0.87479,0.87546,1.10,1.95
2011.09.14 21:22:52.935,0.87479,0.87546,1.10,2.70
2011.09.14 21:22:53.276,0.87479,0.87534,1.10,2.70
2011.09.14 21:22:54.187,0.87482,0.87533,1.10,1.95
2011.09.14 21:22:54.305,0.87482,0.87546,1.10,2.70
2011.09.14 21:22:54.425,0.87484,0.87546,1.10,1.95
2011.09.14 21:22:54.872,0.87489,0.87546,1.10,1.95
2011.09.14 21:22:55.211,0.87475,0.87546,1.65,2.85
2011.09.14 21:22:55.561,0.87475,0.87546,1.20,2.85
2011.09.14 21:22:56.183,0.87475,0.87546,1.65,2.85
2011.09.14 21:22:56.307,0.87484,0.87549,1.20,3.60
2011.09.14 21:22:56.423,0.87484,0.87549,1.20,3.60
2011.09.14 21:22:56.761,0.87484,0.87549,1.20,3.15
2011.09.14 21:22:57.102,0.87503,0.87549,1.40,3.15
2011.09.14 21:22:57.221,0.87503,0.87549,1.40,2.70
2011.09.14 21:22:57.583,0.87503,0.87549,1.40,2.70
2011.09.14 21:22:58.076,0.87494,0.87547,1.40,1.95
2011.09.14 21:22:59.021,0.87494,0.87549,1.40,2.70
2011.09.14 21:22:59.362,0.87488,0.87548,1.10,1.65
2011.09.14 21:22:59.591,0.87491,0.87548,1.20,1.65
2011.09.14 21:23:00.055,0.87491,0.87548,1.40,1.65
2011.09.14 21:23:11.632,0.87491,0.87554,1.40,2.85
2011.09.14 21:23:11.753,0.87498,0.87554,1.40,2.85
2011.09.14 21:23:14.587,0.87482,0.87537,1.20,2.85
2011.09.14 21:23:14.707,0.87482,0.87528,1.20,1.20
2011.09.14 21:23:15.745,0.87501,0.8753,1.20,1.20
2011.09.14 21:23:15.863,0.87501,0.87554,1.40,2.85
2011.09.14 21:23:16.874,0.87501,0.87541,1.40,1.95
2011.09.14 21:23:17.276,0.87493,0.87541,1.40,2.40
2011.09.14 21:23:17.397,0.87493,0.87542,1.40,2.85
2011.09.14 21:23:19.589,0.87493,0.87539,1.40,1.20
2011.09.14 21:23:19.815,0.87484,0.87532,2.15,2.40
2011.09.14 21:23:21.324,0.8749,0.87532,1.70,3.15
2011.09.14 21:23:21.554,0.87493,0.87532,1.70,1.20
2011.09.14 21:23:22.153,0.8749,0.87532,1.70,3.15
2011.09.14 21:23:22.384,0.87484,0.87532,1.40,2.40
2011.09.14 21:23:26.883,0.87489,0.87532,1.70,1.20
2011.09.14 21:23:27.005,0.87488,0.87528,1.70,2.70
2011.09.14 21:23:27.125,0.87484,0.87528,1.40,1.95
2011.09.14 21:23:28.138,0.87484,0.87532,1.40,3.15
2011.09.14 21:23:28.903,0.87484,0.87532,1.40,3.15
2011.09.14 21:23:29.486,0.87484,0.87532,1.40,1.20
2011.09.14 21:23:29.896,0.87492,0.87539,1.40,1.20
2011.09.14 21:23:30.347,0.87492,0.8755,1.40,1.65
2011.09.14 21:23:32.264,0.87492,0.87542,1.40,2.85
2011.09.14 21:23:35.504,0.87492,0.87542,1.40,2.85
2011.09.14 21:23:35.935,0.87492,0.87542,1.40,2.85
2011.09.14 21:23:36.732,0.87491,0.87542,1.10,2.85
2011.09.14 21:23:39.473,0.87492,0.87542,1.20,2.85
2011.09.14 21:23:40.104,0.87492,0.87542,1.40,2.85
2011.09.14 21:23:51.255,0.87496,0.87542,1.33,2.85
2011.09.14 21:23:55.512,0.87501,0.87545,1.40,2.70
2011.09.14 21:23:57.854,0.87498,0.87542,1.10,1.95
2011.09.14 21:23:59.724,0.87498,0.87541,1.10,1.95
2011.09.14 21:24:00.353,0.87497,0.87541,1.40,2.40
2011.09.14 21:24:08.164,0.87493,0.87543,1.40,1.65
2011.09.14 21:24:20.063,0.87492,0.87542,1.40,1.65
2011.09.14 21:24:29.134,0.87493,0.87541,1.40,1.65
2011.09.14 21:24:29.644,0.87493,0.87545,1.40,1.65
2011.09.14 21:24:30.547,0.87493,0.87549,1.40,1.65
2011.09.14 21:24:31.986,0.87493,0.87539,1.40,1.20
2011.09.14 21:24:34.298,0.87493,0.87545,1.40,1.65
2011.09.14 21:24:34.418,0.87493,0.87549,1.40,1.65
2011.09.14 21:24:36.983,0.87493,0.87545,1.40,1.65
2011.09.14 21:24:40.648,0.87493,0.87544,1.40,1.65
2011.09.14 21:24:42.204,0.87495,0.87545,1.70,1.65
2011.09.14 21:24:42.576,0.87495,0.87545,1.70,1.65
2011.09.14 21:24:45.814,0.87495,0.87544,1.70,1.65
2011.09.14 21:24:46.365,0.87493,0.87545,2.15,1.65
2011.09.14 21:24:48.141,0.87493,0.87545,2.15,1.65
2011.09.14 21:24:48.896,0.87493,0.87545,1.20,1.65
2011.09.14 21:24:53.697,0.8749,0.87539,1.65,1.20
2011.09.14 21:24:53.924,0.8749,0.87543,1.65,1.65
2011.09.14 21:24:54.044,0.87484,0.87543,1.20,1.65
2011.09.14 21:25:07.044,0.8749,0.87543,1.70,1.65
2011.09.14 21:25:07.164,0.87491,0.87543,1.40,1.65
2011.09.14 21:25:08.846,0.8749,0.87543,1.65,1.65
2011.09.14 21:25:14.373,0.8749,0.87543,1.20,1.65
2011.09.14 21:25:15.004,0.87485,0.87543,1.40,1.65
2011.09.14 21:25:15.824,0.87485,0.87539,1.40,1.65
2011.09.14 21:25:18.866,0.87492,0.8754,1.20,1.20
2011.09.14 21:25:20.012,0.87492,0.87543,1.20,1.65
2011.09.14 21:25:20.649,0.87489,0.87543,1.65,1.65
2011.09.14 21:25:22.211,0.87487,0.8754,1.85,1.20
2011.09.14 21:25:22.977,0.87487,0.8754,1.85,1.20
2011.09.14 21:25:23.095,0.87485,0.87532,1.70,1.20
2011.09.14 21:25:37.097,0.87484,0.87539,1.20,1.65
2011.09.14 21:25:37.439,0.87484,0.87543,2.15,1.65
2011.09.14 21:25:57.823,0.87484,0.87542,1.40,1.65
2011.09.14 21:25:58.437,0.87484,0.87542,1.40,1.65
2011.09.14 21:26:23.485,0.87482,0.87553,1.70,2.70
2011.09.14 21:26:30.610,0.87489,0.87549,1.40,1.20
2011.09.14 21:26:32.128,0.8749,0.87549,1.10,1.65
2011.09.14 21:26:52.164,0.87488,0.8755,1.40,1.20
2011.09.14 21:26:52.781,0.87488,0.87555,1.40,1.65
2011.09.14 21:27:03.280,0.87488,0.8756,1.40,1.65
2011.09.14 21:27:03.399,0.87491,0.8756,1.10,1.65
2011.09.14 21:27:38.106,0.87491,0.8756,1.10,1.65
2011.09.14 21:27:48.353,0.87494,0.8756,1.10,1.65
2011.09.14 21:27:48.474,0.87494,0.8756,1.10,1.65
2011.09.14 21:27:55.864,0.87499,0.87563,1.65,1.50
2011.09.14 21:28:22.575,0.875,0.87571,1.40,2.40
2011.09.14 21:28:39.891,0.875,0.87565,1.40,1.20
2011.09.14 21:28:42.390,0.875,0.87564,1.40,1.20
2011.09.14 21:28:46.732,0.87503,0.87566,1.65,1.65
2011.09.14 21:29:06.976,0.87511,0.87566,1.40,1.65
2011.09.14 21:29:24.945,0.87511,0.87561,2.15,1.65
2011.09.14 21:29:33.497,0.87514,0.87563,1.70,1.65
2011.09.14 21:29:47.599,0.87514,0.87571,1.70,2.70
2011.09.14 21:29:48.047,0.87516,0.87573,1.50,1.50
2011.09.14 21:30:01.038,0.87506,0.87581,1.33,2.70
2011.09.14 21:30:01.327,0.87516,0.87581,1.70,2.70
2011.09.14 21:30:01.718,0.87516,0.87573,1.70,1.50
2011.09.14 21:30:06.387,0.87512,0.87573,1.70,1.50
2011.09.14 21:30:07.128,0.87501,0.8757,1.70,2.70
2011.09.14 21:30:08.396,0.87501,0.8757,1.70,2.70
2011.09.14 21:30:09.092,0.87504,0.87565,1.40,1.65
2011.09.14 21:30:12.339,0.87513,0.87562,1.70,1.65
2011.09.14 21:30:12.896,0.87513,0.87554,1.70,1.65
2011.09.14 21:30:13.590,0.87513,0.87551,1.70,1.20
2011.09.14 21:30:17.106,0.87515,0.87552,1.13,1.65
2011.09.14 21:30:17.217,0.87515,0.87551,1.13,1.20
2011.09.14 21:30:41.776,0.87515,0.8755,1.13,1.20
2011.09.14 21:31:36.724,0.87511,0.87545,1.13,1.50
2011.09.14 21:31:40.883,0.87511,0.87543,1.13,1.50
2011.09.14 21:31:51.736,0.87507,0.87544,1.33,1.50
2011.09.14 21:32:08.181,0.87504,0.87531,1.33,1.50
2011.09.14 21:32:08.408,0.8749,0.87531,1.58,1.50
2011.09.14 21:32:08.533,0.87489,0.87524,1.03,1.50
2011.09.14 21:32:08.767,0.87489,0.87519,1.78,1.50
2011.09.14 21:32:09.438,0.87489,0.87523,1.03,1.50
2011.09.14 21:32:23.356,0.87489,0.87519,1.03,1.50
2011.09.14 21:32:30.948,0.87488,0.87519,1.28,1.50
2011.09.14 21:32:31.179,0.87488,0.87519,2.03,1.50
2011.09.14 21:32:32.280,0.87489,0.87524,1.58,1.50
2011.09.14 21:32:33.352,0.87489,0.87519,1.13,1.50
2011.09.14 21:32:33.578,0.87483,0.87518,1.13,1.50
2011.09.14 21:32:34.904,0.87483,0.87512,1.13,1.50
2011.09.14 21:32:35.729,0.87483,0.87513,1.13,1.50
2011.09.14 21:32:36.919,0.87482,0.87514,1.20,1.50
2011.09.14 21:32:45.899,0.8748,0.87519,2.03,1.50
2011.09.14 21:32:49.096,0.87487,0.87524,1.13,1.50
2011.09.14 21:33:10.658,0.8749,0.87528,1.13,1.20
2011.09.14 21:33:10.888,0.87494,0.87541,1.58,1.20
2011.09.14 21:33:13.412,0.87512,0.87549,1.13,1.20
2011.09.14 21:33:13.531,0.87513,0.87549,1.13,1.20
2011.09.14 21:33:16.677,0.87513,0.87549,1.13,1.20
2011.09.14 21:33:19.339,0.87514,0.87549,1.13,1.20
2011.09.14 21:33:20.589,0.87514,0.87549,1.13,1.20
2011.09.14 21:33:20.928,0.87514,0.87552,1.13,1.65
2011.09.14 21:33:21.159,0.87514,0.87552,1.13,1.65
2011.09.14 21:33:21.283,0.8753,0.87558,1.13,1.50
2011.09.14 21:33:21.984,0.87515,0.87553,1.13,1.65
2011.09.14 21:33:24.373,0.87515,0.87553,1.13,1.65
2011.09.14 21:33:42.317,0.87518,0.87559,1.13,1.20
2011.09.14 21:33:45.457,0.87518,0.87559,1.13,1.20
2011.09.14 21:33:47.477,0.87516,0.87559,1.13,1.20
2011.09.14 21:33:49.911,0.87514,0.87551,1.13,1.20
2011.09.14 21:33:50.029,0.87513,0.87551,1.13,1.20
2011.09.14 21:33:51.357,0.87513,0.87551,1.13,1.20
2011.09.14 21:34:12.868,0.87515,0.87551,1.13,1.20
2011.09.14 21:34:15.879,0.87513,0.87551,1.13,1.20
2011.09.14 21:34:52.446,0.87513,0.87558,1.13,1.88
2011.09.14 21:34:53.406,0.87513,0.87558,1.13,1.88
2011.09.14 21:35:13.377,0.87508,0.87557,1.13,1.50
2011.09.14 21:35:13.497,0.87505,0.87548,1.13,2.10
2011.09.14 21:35:14.100,0.87502,0.87541,1.13,1.20
2011.09.14 21:35:16.849,0.87502,0.87541,1.13,1.20
2011.09.14 21:35:16.969,0.87503,0.87541,1.13,1.20
2011.09.14 21:35:17.087,0.87503,0.87541,1.13,1.20
2011.09.14 21:35:17.317,0.87512,0.87548,1.13,1.35
2011.09.14 21:35:19.551,0.87512,0.87548,1.13,1.35
2011.09.14 21:35:20.947,0.87517,0.87548,1.13,1.35
2011.09.14 21:35:22.358,0.87515,0.87548,1.13,1.35
2011.09.14 21:35:22.482,0.87513,0.87548,1.13,1.35
2011.09.14 21:35:30.332,0.87515,0.87548,1.13,1.35
2011.09.14 21:35:32.427,0.87514,0.87548,1.13,1.35
2011.09.14 21:35:46.487,0.87514,0.8755,1.13,1.20
2011.09.14 21:35:56.661,0.87517,0.8755,2.63,1.20
2011.09.14 21:36:23.248,0.87512,0.87555,1.13,1.50
2011.09.14 21:36:23.368,0.87507,0.87555,1.13,1.50
2011.09.14 21:36:26.824,0.87507,0.87553,3.00,1.50
2011.09.14 21:36:39.150,0.87507,0.87553,2.25,1.50
2011.09.14 21:36:51.448,0.87503,0.87553,1.13,1.50
2011.09.14 21:36:53.081,0.87503,0.87544,1.13,1.20
2011.09.14 21:36:56.829,0.87503,0.87544,1.13,1.65
2011.09.14 21:37:00.535,0.87503,0.87544,1.13,1.65
2011.09.14 21:37:09.448,0.87507,0.87544,1.20,1.20
2011.09.14 21:37:09.801,0.87507,0.87559,3.08,1.65
2011.09.14 21:37:10.028,0.87509,0.87555,1.17,1.20
2011.09.14 21:37:17.797,0.87515,0.87555,1.13,1.20
2011.09.14 21:37:20.027,0.87515,0.87555,1.13,1.20
2011.09.14 21:37:44.099,0.8752,0.87555,1.13,1.20
2011.09.14 21:37:48.101,0.87518,0.87555,1.13,1.20
2011.09.14 21:37:49.441,0.87514,0.87555,1.13,1.20
2011.09.14 21:37:49.891,0.87514,0.87555,1.13,1.20
2011.09.14 21:37:50.509,0.87513,0.87555,1.13,1.20
2011.09.14 21:37:53.637,0.87513,0.87555,1.13,1.20
2011.09.14 21:37:58.528,0.87506,0.87547,1.13,1.20
2011.09.14 21:37:58.869,0.87502,0.87547,1.13,1.20
2011.09.14 21:38:00.489,0.87506,0.87547,1.13,1.20
2011.09.14 21:38:07.269,0.87507,0.87547,1.88,1.20
2011.09.14 21:38:07.796,0.87504,0.87547,1.13,1.20
2011.09.14 21:38:38.637,0.87507,0.87547,1.13,1.20
2011.09.14 21:38:39.200,0.87514,0.87547,1.13,1.20
2011.09.14 21:38:55.506,0.87514,0.87547,1.13,1.20
2011.09.14 21:38:59.726,0.87513,0.87558,1.13,1.88
2011.09.14 21:39:02.988,0.87514,0.87554,1.13,1.50
2011.09.14 21:39:04.698,0.87514,0.87555,1.13,1.50
2011.09.14 21:39:05.037,0.87517,0.87558,1.13,1.50
2011.09.14 21:39:08.122,0.87496,0.87534,3.38,1.20
2011.09.14 21:39:09.638,0.87496,0.87534,1.50,1.20
2011.09.14 21:39:09.988,0.87497,0.87534,2.63,1.20
2011.09.14 21:39:10.441,0.87497,0.8754,2.63,1.20
2011.09.14 21:39:10.560,0.87506,0.87554,1.95,1.95
2011.09.14 21:39:10.680,0.87516,0.87554,1.20,1.95
2011.09.14 21:39:10.801,0.87523,0.87566,1.95,1.20
2011.09.14 21:39:11.149,0.87523,0.87566,2.70,1.65
2011.09.14 21:39:11.379,0.87523,0.87551,2.40,1.20
2011.09.14 21:39:11.498,0.87511,0.8755,1.50,1.20
2011.09.14 21:39:11.618,0.87511,0.8755,1.50,1.20
2011.09.14 21:39:11.960,0.87517,0.87552,2.63,1.65
2011.09.14 21:39:12.605,0.87511,0.87552,1.50,1.65
2011.09.14 21:39:13.801,0.87507,0.87544,1.88,1.20
2011.09.14 21:39:14.039,0.87507,0.87553,2.70,1.65
2011.09.14 21:39:14.489,0.87507,0.87538,1.95,1.20
2011.09.14 21:39:14.610,0.87496,0.87538,2.30,1.65
2011.09.14 21:39:14.729,0.87496,0.87538,1.88,1.65
2011.09.14 21:39:14.847,0.87496,0.87543,2.63,1.65
2011.09.14 21:39:17.308,0.87496,0.87543,3.08,1.20
2011.09.14 21:39:17.886,0.87496,0.87551,3.08,1.65
2011.09.14 21:39:21.467,0.87496,0.87552,3.08,1.65
2011.09.14 21:39:30.358,0.87495,0.8755,1.20,1.65
2011.09.14 21:39:42.150,0.87496,0.8755,1.20,1.65
2011.09.14 21:39:49.920,0.87497,0.8755,2.63,2.40
2011.09.14 21:39:50.619,0.87496,0.87549,3.08,1.65
2011.09.14 21:39:51.127,0.87496,0.87549,3.08,1.65
2011.09.14 21:40:17.255,0.87496,0.87549,2.63,1.20
2011.09.14 21:40:18.800,0.87496,0.87552,2.63,1.50
2011.09.14 21:40:34.455,0.87496,0.87552,2.63,1.50
2011.09.14 21:40:45.708,0.87496,0.87551,2.63,1.50
2011.09.14 21:40:56.461,0.87497,0.87551,1.50,1.50
2011.09.14 21:41:00.438,0.87502,0.87551,1.20,1.50
2011.09.14 21:41:03.651,0.87504,0.8755,1.20,1.65
2011.09.14 21:41:03.772,0.87498,0.8755,2.70,1.65
2011.09.14 21:41:06.827,0.87495,0.87546,1.20,1.65
2011.09.14 21:41:40.178,0.87503,0.87546,1.95,1.65
2011.09.14 21:41:40.518,0.87503,0.8754,2.70,1.50
2011.09.14 21:41:50.273,0.87503,0.8754,2.70,1.50
2011.09.14 21:41:50.866,0.87499,0.8754,2.70,1.50
2011.09.14 21:41:51.101,0.87501,0.8754,2.70,1.50
2011.09.14 21:41:51.439,0.87507,0.8754,2.63,1.50
2011.09.14 21:41:52.918,0.87503,0.8754,2.70,1.50
2011.09.14 21:41:53.260,0.87497,0.8754,2.63,1.50
2011.09.14 21:41:53.487,0.87495,0.8754,1.20,1.50
2011.09.14 21:41:55.971,0.87495,0.8754,1.20,1.50
2011.09.14 21:41:56.690,0.875,0.87543,2.70,1.20
2011.09.14 21:42:00.908,0.87499,0.87543,2.70,1.20
2011.09.14 21:42:01.137,0.87499,0.87543,2.70,1.20
2011.09.14 21:42:01.369,0.87495,0.87543,1.20,1.20
2011.09.14 21:42:01.488,0.87495,0.8754,1.20,1.50
2011.09.14 21:42:04.278,0.87497,0.8754,2.70,1.50
2011.09.14 21:42:04.508,0.87497,0.87543,2.70,1.50
2011.09.14 21:42:05.064,0.87497,0.87543,2.70,1.50
2011.09.14 21:42:05.190,0.87497,0.87543,2.70,1.50
2011.09.14 21:42:05.306,0.87497,0.87543,2.70,1.50
2011.09.14 21:42:05.877,0.87497,0.87543,2.70,1.50
2011.09.14 21:42:06.436,0.87497,0.8754,4.58,1.50
2011.09.14 21:42:06.666,0.87497,0.87542,4.58,1.50
2011.09.14 21:42:10.826,0.87497,0.8754,2.70,1.50
2011.09.14 21:42:11.055,0.87497,0.87543,2.70,1.50
2011.09.14 21:42:13.398,0.87497,0.87543,2.70,1.50
2011.09.14 21:42:14.217,0.87502,0.87542,1.50,1.50
2011.09.14 21:42:14.925,0.87501,0.87542,1.50,1.50
2011.09.14 21:42:15.486,0.87501,0.87536,1.50,1.50
2011.09.14 21:42:26.058,0.87497,0.8754,2.70,1.50
2011.09.14 21:42:47.097,0.87497,0.8754,2.70,1.50
2011.09.14 21:42:47.329,0.87507,0.87542,2.63,1.50
2011.09.14 21:42:54.196,0.87507,0.87542,2.63,1.50
2011.09.14 21:42:54.537,0.87507,0.8754,2.63,1.50
2011.09.14 21:42:55.115,0.87502,0.87538,1.50,1.50
2011.09.14 21:43:00.797,0.87511,0.87538,1.50,1.50
2011.09.14 21:43:01.138,0.87511,0.87544,1.50,1.50
2011.09.14 21:43:02.165,0.87511,0.87545,1.50,1.50
2011.09.14 21:43:03.267,0.87511,0.87548,1.50,1.50
2011.09.14 21:43:04.529,0.8754,0.87548,0.75,1.50
2011.09.14 21:43:04.761,0.87522,0.87568,1.20,1.50
2011.09.14 21:43:04.879,0.87531,0.8757,1.50,1.95
2011.09.14 21:43:06.059,0.87531,0.87568,1.50,1.50
2011.09.14 21:43:06.599,0.87531,0.87564,1.50,1.50
2011.09.14 21:43:07.597,0.87527,0.87564,1.50,1.50
2011.09.14 21:43:08.158,0.87537,0.87561,2.63,1.20
2011.09.14 21:43:08.278,0.87537,0.87561,2.63,1.20
2011.09.14 21:43:26.330,0.87527,0.87559,1.50,1.50
2011.09.14 21:43:26.559,0.87526,0.87551,2.63,1.50
2011.09.14 21:43:29.521,0.87526,0.87551,2.63,1.50
2011.09.14 21:43:29.750,0.87521,0.87547,1.50,1.50
2011.09.14 21:43:34.238,0.87522,0.87543,1.50,1.50
2011.09.14 21:43:34.469,0.87517,0.8754,2.63,1.50
2011.09.14 21:43:37.299,0.87517,0.87537,2.63,1.50
2011.09.14 21:43:37.420,0.87497,0.87537,1.20,1.50
2011.09.14 21:43:37.648,0.87502,0.8754,1.50,1.50
2011.09.14 21:43:41.061,0.87501,0.8754,1.50,1.50
2011.09.14 21:43:41.299,0.87501,0.87541,1.50,1.50
2011.09.14 21:43:42.059,0.87507,0.87541,3.38,1.50
2011.09.14 21:43:42.403,0.87507,0.87554,1.50,1.65
2011.09.14 21:43:43.711,0.87513,0.87565,1.20,1.28
2011.09.14 21:43:45.040,0.87516,0.87558,2.63,1.50
2011.09.14 21:43:45.159,0.87507,0.87557,3.38,1.65
2011.09.14 21:43:45.679,0.87507,0.87554,3.38,1.65
2011.09.14 21:43:47.485,0.87516,0.87562,1.20,1.20
2011.09.14 21:43:47.610,0.87516,0.87563,1.20,1.20
2011.09.14 21:43:47.732,0.87512,0.87556,1.50,1.65
2011.09.14 21:43:48.489,0.87517,0.87554,2.63,1.20
2011.09.14 21:43:48.722,0.87515,0.87554,1.20,1.50
2011.09.14 21:43:48.950,0.87515,0.87554,1.20,1.50
2011.09.14 21:43:50.776,0.87515,0.87551,1.20,1.50
2011.09.14 21:43:50.901,0.87515,0.87553,1.20,1.50
2011.09.14 21:43:51.130,0.87517,0.87553,1.95,1.50
2011.09.14 21:43:51.247,0.87524,0.87567,1.65,1.50
2011.09.14 21:43:51.367,0.87524,0.87568,1.65,1.50
2011.09.14 21:43:51.827,0.87524,0.87574,1.65,1.95
2011.09.14 21:43:54.032,0.87523,0.87574,1.65,1.50
2011.09.14 21:43:54.369,0.87523,0.8759,1.85,1.65
2011.09.14 21:43:54.487,0.87531,0.8759,1.65,1.65
2011.09.14 21:43:55.047,0.87535,0.8759,1.20,1.65
2011.09.14 21:43:58.477,0.87535,0.8759,1.20,1.65
2011.09.14 21:43:58.600,0.87544,0.87592,1.20,1.95
2011.09.14 21:44:00.370,0.87546,0.8759,2.63,1.65
2011.09.14 21:44:00.487,0.87546,0.87586,2.63,1.65
2011.09.14 21:44:02.419,0.87547,0.87589,1.13,1.50
2011.09.14 21:44:02.988,0.87545,0.87591,1.20,1.20
2011.09.14 21:44:04.571,0.87543,0.87584,1.13,1.65
2011.09.14 21:44:04.692,0.87533,0.87571,1.13,1.20
2011.09.14 21:44:04.813,0.87523,0.87557,1.50,1.20
2011.09.14 21:44:05.038,0.87508,0.87556,1.20,1.20
2011.09.14 21:44:05.377,0.87508,0.87556,1.20,1.20
2011.09.14 21:44:08.451,0.87516,0.87564,1.20,1.95
2011.09.14 21:44:09.632,0.87532,0.87576,1.65,1.50
2011.09.14 21:44:09.749,0.87532,0.87582,1.65,1.95
2011.09.14 21:44:10.091,0.87521,0.87578,1.65,1.20
2011.09.14 21:44:10.208,0.87521,0.87576,1.65,1.65
2011.09.14 21:44:10.331,0.87527,0.87576,1.20,1.65
2011.09.14 21:44:13.069,0.87527,0.87576,1.20,1.65
2011.09.14 21:44:13.512,0.87527,0.87575,1.20,1.20
2011.09.14 21:44:13.859,0.87527,0.87571,1.20,1.50
2011.09.14 21:44:15.178,0.87531,0.87569,1.50,1.20
2011.09.14 21:44:15.702,0.87527,0.87569,2.63,1.65
2011.09.14 21:44:17.314,0.87531,0.87569,1.50,1.65
2011.09.14 21:44:17.542,0.87536,0.87571,2.63,1.50
2011.09.14 21:44:17.659,0.87524,0.87571,1.62,1.50
2011.09.14 21:44:20.399,0.8752,0.87569,1.20,1.20
2011.09.14 21:44:20.827,0.87518,0.87569,1.20,1.65
2011.09.14 21:44:28.089,0.87548,0.87569,0.75,1.65
2011.09.14 21:44:28.208,0.87526,0.87569,1.17,1.65
2011.09.14 21:44:31.618,0.87525,0.87579,1.17,1.65
2011.09.14 21:44:31.740,0.87527,0.87579,1.20,1.65
2011.09.14 21:44:33.153,0.87527,0.87581,1.95,1.65
2011.09.14 21:44:33.269,0.87534,0.87582,1.20,1.20
2011.09.14 21:44:33.830,0.87534,0.87584,1.20,1.65
2011.09.14 21:44:36.614,0.87532,0.87572,1.13,1.20
2011.09.14 21:44:39.691,0.87537,0.87569,1.13,1.50
2011.09.14 21:44:40.931,0.87543,0.87575,1.13,2.40
2011.09.14 21:44:41.052,0.87548,0.87575,1.80,1.58
2011.09.14 21:44:41.388,0.8755,0.87594,1.35,1.20
2011.09.14 21:44:41.729,0.87549,0.87591,1.35,1.65
2011.09.14 21:44:42.069,0.87543,0.87592,1.13,1.65
2011.09.14 21:44:44.068,0.87544,0.87592,1.13,1.65
2011.09.14 21:44:44.629,0.87542,0.87592,1.13,1.65
2011.09.14 21:44:44.969,0.87537,0.87575,3.28,1.20
2011.09.14 21:44:45.442,0.87541,0.87578,1.13,2.85
2011.09.14 21:44:46.140,0.87541,0.87592,1.58,1.65
2011.09.14 21:44:53.331,0.87541,0.87588,1.58,1.20
2011.09.14 21:45:01.043,0.87539,0.87593,1.28,1.65
2011.09.14 21:45:01.430,0.87541,0.87588,1.58,1.20
2011.09.14 21:45:03.908,0.87543,0.87587,1.13,1.20
2011.09.14 21:45:06.988,0.87544,0.87587,1.50,1.20
2011.09.14 21:45:07.549,0.87544,0.87587,1.88,1.20
2011.09.14 21:45:07.668,0.87549,0.87587,1.13,1.20
2011.09.14 21:45:10.709,0.87545,0.87587,1.13,1.20
2011.09.14 21:45:10.940,0.87548,0.87588,1.13,1.20
2011.09.14 21:45:12.061,0.87551,0.87588,1.13,1.20
2011.09.14 21:45:14.320,0.87544,0.87588,1.50,1.95
2011.09.14 21:45:17.119,0.87551,0.87588,1.13,1.20
2011.09.14 21:45:17.350,0.87551,0.87595,1.13,1.20
2011.09.14 21:45:20.410,0.87546,0.87586,3.38,1.20
2011.09.14 21:45:21.389,0.87551,0.87594,1.13,1.20
2011.09.14 21:45:21.509,0.87551,0.87594,1.13,1.20
2011.09.14 21:45:22.200,0.87551,0.87594,1.13,1.20
2011.09.14 21:45:23.781,0.87551,0.87593,1.13,1.50
2011.09.14 21:45:34.849,0.87544,0.87582,1.20,1.20
2011.09.14 21:45:36.549,0.87551,0.87584,1.13,1.65
2011.09.14 21:45:36.670,0.87551,0.87591,1.13,1.20
2011.09.14 21:45:36.790,0.87551,0.87591,1.13,1.20
2011.09.14 21:45:39.189,0.87551,0.87596,1.13,1.65
2011.09.14 21:46:01.839,0.87545,0.87591,1.20,1.54
2011.09.14 21:46:02.198,0.87532,0.87579,1.50,1.65
2011.09.14 21:46:02.428,0.87528,0.87585,1.17,1.65
2011.09.14 21:46:02.908,0.87528,0.87585,1.20,1.65
2011.09.14 21:46:05.328,0.87531,0.87583,1.50,1.65
2011.09.14 21:46:13.670,0.87537,0.87588,2.63,1.65
2011.09.14 21:46:16.149,0.87539,0.87591,1.40,1.65
2011.09.14 21:46:16.268,0.87539,0.87591,1.20,1.65
2011.09.14 21:46:18.790,0.87537,0.87576,2.08,1.20
2011.09.14 21:46:19.034,0.8754,0.87576,1.13,1.20
2011.09.14 21:46:21.563,0.87543,0.87578,1.13,1.20
2011.09.14 21:46:21.791,0.87543,0.87585,1.13,1.20
2011.09.14 21:46:25.039,0.87543,0.87585,1.13,1.20
2011.09.14 21:46:29.671,0.87532,0.87565,1.13,1.13
2011.09.14 21:46:30.119,0.87539,0.87571,1.13,1.28
2011.09.14 21:46:30.240,0.87539,0.87575,1.13,1.50
2011.09.14 21:46:30.358,0.87539,0.87581,1.13,1.50
2011.09.14 21:46:30.825,0.87539,0.87584,1.13,1.20
2011.09.14 21:46:31.388,0.87539,0.87584,1.13,1.20
2011.09.14 21:46:36.979,0.87539,0.87579,1.13,1.05
2011.09.14 21:46:37.100,0.87533,0.87561,1.13,1.20
2011.09.14 21:46:37.222,0.87528,0.87558,1.13,1.65
2011.09.14 21:46:38.482,0.87529,0.87565,1.13,1.20
2011.09.14 21:46:38.599,0.87529,0.87568,1.13,1.20
2011.09.14 21:46:38.829,0.87529,0.87573,1.13,1.65
2011.09.14 21:46:42.110,0.87545,0.87574,1.13,1.20
2011.09.14 21:46:42.230,0.87545,0.87588,1.13,1.65
2011.09.14 21:46:44.421,0.87535,0.87569,1.13,1.20
2011.09.14 21:46:44.544,0.87534,0.87579,1.13,2.85
2011.09.14 21:46:44.669,0.87522,0.87582,1.50,2.03
2011.09.14 21:46:44.789,0.87522,0.87562,1.50,1.20
2011.09.14 21:46:47.210,0.87522,0.87562,1.50,1.20
2011.09.14 21:46:47.988,0.87523,0.8758,2.15,1.24
2011.09.14 21:46:49.910,0.87523,0.87579,2.15,1.65
2011.09.14 21:46:51.528,0.87523,0.87573,1.70,1.24
2011.09.14 21:46:51.880,0.8752,0.87558,1.13,1.20
2011.09.14 21:46:52.109,0.87526,0.87562,1.13,1.65
2011.09.14 21:46:55.236,0.87526,0.87563,1.13,1.65
2011.09.14 21:47:01.029,0.87517,0.87563,2.63,1.65
2011.09.14 21:47:16.719,0.87521,0.87578,1.50,1.65
2011.09.14 21:47:21.179,0.87528,0.87578,1.20,1.65
2011.09.14 21:47:22.629,0.87528,0.87573,1.20,1.50
2011.09.14 21:47:22.967,0.87521,0.87572,1.50,1.65
2011.09.14 21:47:23.088,0.87521,0.87572,1.50,1.65
2011.09.14 21:47:35.370,0.87526,0.87572,1.50,1.65
2011.09.14 21:47:40.867,0.87518,0.87572,1.20,1.65
2011.09.14 21:47:46.537,0.87527,0.87572,1.50,1.65
2011.09.14 21:47:48.513,0.87522,0.87572,1.50,1.65
2011.09.14 21:48:05.406,0.87527,0.87576,2.63,1.65
2011.09.14 21:48:05.528,0.87527,0.87576,2.63,1.65
2011.09.14 21:48:11.290,0.87527,0.87576,2.63,1.65
2011.09.14 21:48:16.287,0.87525,0.87576,1.65,1.65
2011.09.14 21:48:16.748,0.87526,0.87576,1.20,1.65
2011.09.14 21:48:19.719,0.87526,0.87576,3.08,1.65
2011.09.14 21:48:23.737,0.87526,0.87576,3.83,1.65
2011.09.14 21:48:24.877,0.87526,0.87576,3.83,1.65
2011.09.14 21:48:25.882,0.87527,0.87576,2.63,1.65
2011.09.14 21:48:33.768,0.87526,0.87574,1.95,1.20
2011.09.14 21:48:37.879,0.87526,0.87564,1.50,1.20
2011.09.14 21:48:38.217,0.87526,0.87557,1.50,1.20
2011.09.14 21:48:40.208,0.87526,0.87557,1.50,1.20
2011.09.14 21:48:40.328,0.87521,0.87556,1.50,1.50
2011.09.14 21:48:40.448,0.87521,0.87554,1.50,1.65
2011.09.14 21:48:42.770,0.87499,0.87549,1.17,1.65
2011.09.14 21:48:42.889,0.87499,0.87549,1.17,1.65
2011.09.14 21:48:46.150,0.87502,0.87554,1.20,1.65
2011.09.14 21:48:46.272,0.87506,0.87557,1.17,1.65
2011.09.14 21:48:46.392,0.87506,0.87548,1.17,1.65
2011.09.14 21:48:55.558,0.87497,0.87544,2.63,1.65
2011.09.14 21:48:55.678,0.87497,0.87544,2.63,1.65
2011.09.14 21:48:58.749,0.87505,0.87548,1.20,1.50
2011.09.14 21:48:58.872,0.87507,0.87551,1.17,1.20
2011.09.14 21:48:59.210,0.87507,0.87541,1.17,1.20
2011.09.14 21:48:59.632,0.87497,0.87543,1.95,1.20
2011.09.14 21:48:59.753,0.87505,0.87547,1.20,1.50
2011.09.14 21:49:01.318,0.87505,0.87548,1.20,1.50
2011.09.14 21:49:02.188,0.87505,0.87548,1.20,1.50
2011.09.14 21:49:03.658,0.87505,0.87548,1.20,1.50
2011.09.14 21:49:03.777,0.87505,0.87554,1.20,1.65
2011.09.14 21:49:06.497,0.87534,0.87561,0.75,1.65
2011.09.14 21:49:06.618,0.87513,0.87561,1.20,1.65
2011.09.14 21:49:09.560,0.8752,0.87563,1.20,1.88
2011.09.14 21:49:09.680,0.8752,0.87566,1.20,1.13
2011.09.14 21:49:12.252,0.87528,0.87568,1.13,1.20
2011.09.14 21:49:14.731,0.87533,0.87575,1.20,1.13
2011.09.14 21:49:14.850,0.87536,0.87575,1.13,1.13
2011.09.14 21:49:18.241,0.87533,0.8758,1.20,1.13
2011.09.14 21:49:18.578,0.87536,0.8758,1.13,1.13
2011.09.14 21:49:20.541,0.87534,0.87575,1.13,1.50
2011.09.14 21:49:20.658,0.87533,0.87571,1.20,1.13
2011.09.14 21:49:24.812,0.87544,0.87575,2.10,1.13
2011.09.14 21:49:24.932,0.87552,0.87593,1.35,3.38
2011.09.14 21:49:25.588,0.87552,0.87593,1.35,3.38
2011.09.14 21:49:27.268,0.87552,0.87593,1.35,1.50
2011.09.14 21:49:30.788,0.87546,0.87589,1.20,1.13
2011.09.14 21:49:31.130,0.87542,0.87581,1.13,1.20
2011.09.14 21:49:33.409,0.87542,0.87571,1.13,1.13
2011.09.14 21:49:33.536,0.87544,0.8758,1.13,1.13
2011.09.14 21:49:33.771,0.87554,0.87591,1.20,1.50
2011.09.14 21:49:33.892,0.87554,0.87599,1.20,1.50
2011.09.14 21:49:34.790,0.87554,0.87593,1.20,1.50
2011.09.14 21:49:35.310,0.87547,0.87593,1.20,1.95
2011.09.14 21:49:38.694,0.87539,0.87569,1.13,1.13
2011.09.14 21:49:45.419,0.87539,0.87568,1.73,1.50
2011.09.14 21:49:45.539,0.87543,0.8758,1.13,1.20
2011.09.14 21:49:46.098,0.87524,0.87586,1.10,1.65
2011.09.14 21:49:56.523,0.87524,0.87561,1.10,1.95
2011.09.14 21:49:56.859,0.87522,0.87561,1.85,2.70
2011.09.14 21:49:58.432,0.8751,0.87555,1.13,1.20
2011.09.14 21:50:01.280,0.8751,0.87553,1.13,1.50
2011.09.14 21:50:07.059,0.87514,0.87556,1.13,1.65
2011.09.14 21:50:07.182,0.87523,0.87557,1.65,1.50
2011.09.14 21:50:07.307,0.87531,0.87575,1.20,1.09
2011.09.14 21:50:11.108,0.87531,0.87577,1.20,1.20
2011.09.14 21:50:11.230,0.87531,0.87577,1.20,1.20
2011.09.14 21:50:14.859,0.87531,0.87581,1.20,1.65
2011.09.14 21:50:22.827,0.87531,0.87585,1.20,1.65
2011.09.14 21:50:26.009,0.87539,0.87587,1.20,1.20
2011.09.14 21:50:28.200,0.87538,0.87578,1.20,1.13
2011.09.14 21:50:28.758,0.87537,0.87578,1.13,1.13
2011.09.14 21:50:30.960,0.87537,0.8757,1.13,1.13
2011.09.14 21:50:33.360,0.8754,0.87575,1.20,1.50
2011.09.14 21:50:33.480,0.8754,0.8758,1.20,1.13
2011.09.14 21:50:33.932,0.87544,0.87583,1.13,1.50
2011.09.14 21:50:34.832,0.87544,0.87586,1.13,1.20
2011.09.14 21:50:36.056,0.87541,0.87586,1.13,1.20
2011.09.14 21:50:36.418,0.87541,0.87586,1.13,1.20
2011.09.14 21:50:36.771,0.87536,0.8757,1.13,1.20
2011.09.14 21:50:43.659,0.87536,0.8757,1.13,1.58
2011.09.14 21:50:54.063,0.87546,0.87573,1.20,1.13
2011.09.14 21:50:54.398,0.87546,0.8758,1.20,1.13
2011.09.14 21:50:55.934,0.87546,0.87589,1.20,1.50
2011.09.14 21:50:56.651,0.87538,0.87583,1.28,1.50
2011.09.14 21:50:56.769,0.87536,0.87572,1.58,1.20
2011.09.14 21:50:56.888,0.87534,0.87572,1.13,1.20
2011.09.14 21:50:57.121,0.87534,0.87564,1.13,1.20
2011.09.14 21:50:57.365,0.87536,0.87574,1.13,2.70
2011.09.14 21:50:57.928,0.87536,0.87579,1.13,1.65
2011.09.14 21:50:59.871,0.87534,0.87578,1.13,1.65
2011.09.14 21:51:00.099,0.87526,0.87579,1.32,1.65
2011.09.14 21:51:04.579,0.87522,0.87562,1.65,1.95
2011.09.14 21:51:04.918,0.87519,0.87553,1.20,2.63
2011.09.14 21:51:09.334,0.87519,0.87553,1.20,2.63
2011.09.14 21:51:09.451,0.87519,0.87562,1.20,1.95
2011.09.14 21:51:09.575,0.87519,0.87572,1.20,1.65
2011.09.14 21:51:09.918,0.87523,0.87577,1.65,1.65
2011.09.14 21:51:11.482,0.87527,0.87577,1.20,1.65
2011.09.14 21:51:11.929,0.87527,0.87577,1.20,1.65
2011.09.14 21:51:12.328,0.87527,0.87577,1.20,1.65
2011.09.14 21:51:23.139,0.87527,0.87571,1.20,1.13
2011.09.14 21:51:23.503,0.87527,0.87571,1.20,1.13
2011.09.14 21:51:33.891,0.87536,0.87584,1.58,1.20
2011.09.14 21:51:34.011,0.87536,0.87584,1.58,1.20
2011.09.14 21:51:35.820,0.87536,0.87574,1.13,2.40
2011.09.14 21:51:36.159,0.87529,0.87573,2.25,1.20
2011.09.14 21:51:38.500,0.87529,0.87573,2.25,1.20
2011.09.14 21:51:39.761,0.87534,0.87571,1.13,1.50
2011.09.14 21:51:40.263,0.87536,0.87582,1.20,1.20
2011.09.14 21:51:42.073,0.87536,0.87582,1.20,1.20
2011.09.14 21:51:42.409,0.87536,0.87582,1.20,1.20
2011.09.14 21:51:47.060,0.8753,0.87582,1.28,1.20
2011.09.14 21:51:47.181,0.87528,0.87577,1.13,1.65
2011.09.14 21:52:47.199,0.87529,0.87588,1.13,1.50
2011.09.14 21:52:57.453,0.87527,0.87588,1.13,1.88
2011.09.14 21:52:59.222,0.87527,0.87581,1.13,1.50
2011.09.14 21:53:03.199,0.87527,0.87584,1.13,1.50
2011.09.14 21:53:13.299,0.87527,0.87581,1.13,1.50
2011.09.14 21:53:14.318,0.87527,0.87584,1.13,1.50
2011.09.14 21:53:39.842,0.87519,0.87587,1.33,1.50
2011.09.14 21:53:41.306,0.87527,0.87583,1.13,1.50
2011.09.14 21:53:55.378,0.87525,0.87583,1.13,1.50
2011.09.14 21:53:57.338,0.87527,0.87583,1.13,1.50
2011.09.14 21:53:57.681,0.87519,0.87573,1.13,1.65
2011.09.14 21:53:57.908,0.87515,0.87571,1.40,1.65
2011.09.14 21:53:58.298,0.87511,0.87571,1.10,1.65
2011.09.14 21:54:02.528,0.87511,0.87561,1.10,1.20
2011.09.14 21:54:03.206,0.87507,0.87558,1.40,1.65
2011.09.14 21:54:03.549,0.87507,0.87554,1.40,1.20
2011.09.14 21:54:12.910,0.87507,0.87565,1.85,1.65
2011.09.14 21:54:13.029,0.87508,0.87565,1.10,1.65
2011.09.14 21:54:16.903,0.87508,0.87562,1.10,1.20
2011.09.14 21:54:17.538,0.87508,0.87562,1.10,1.20
2011.09.14 21:54:18.103,0.87508,0.87562,1.10,1.20
2011.09.14 21:54:20.181,0.87508,0.87574,1.10,2.40
2011.09.14 21:54:36.303,0.87507,0.87556,1.40,1.20
2011.09.14 21:54:36.427,0.87507,0.87555,1.20,1.20
2011.09.14 21:54:36.551,0.87505,0.87546,1.40,1.20
2011.09.14 21:54:39.532,0.87498,0.87543,1.40,1.50
2011.09.14 21:54:41.318,0.87498,0.87543,1.40,1.50
2011.09.14 21:54:42.420,0.87498,0.87546,1.40,1.20
2011.09.14 21:54:42.650,0.87498,0.87546,1.40,1.20
2011.09.14 21:54:42.772,0.87498,0.87543,1.40,1.50
2011.09.14 21:54:44.999,0.87498,0.87546,1.40,1.20
2011.09.14 21:54:45.119,0.87498,0.87556,1.40,1.65
2011.09.14 21:54:46.237,0.87498,0.87565,1.40,1.65
2011.09.14 21:55:15.960,0.87503,0.87562,1.10,1.65
2011.09.14 21:55:21.357,0.875,0.87554,1.10,1.20
2011.09.14 21:55:24.443,0.87498,0.87547,1.40,1.65
2011.09.14 21:55:35.828,0.87498,0.87545,1.40,1.20
2011.09.14 21:55:36.387,0.87498,0.87545,1.40,1.20
2011.09.14 21:55:38.967,0.87498,0.87545,1.40,1.20
2011.09.14 21:55:41.050,0.87498,0.87545,1.40,1.20
2011.09.14 21:55:43.137,0.87498,0.87545,1.40,1.20
2011.09.14 21:55:54.589,0.87499,0.87553,1.10,1.20
2011.09.14 21:55:54.708,0.875,0.87553,1.10,1.20
2011.09.14 21:56:03.648,0.875,0.87553,1.10,1.20
2011.09.14 21:56:10.307,0.875,0.87564,1.10,2.85
2011.09.14 21:56:26.627,0.87499,0.87566,1.10,1.65
2011.09.14 21:57:26.675,0.87487,0.87568,1.70,1.50
2011.09.14 21:57:38.480,0.87495,0.87566,1.70,1.50
2011.09.14 21:57:42.266,0.87497,0.87566,1.70,1.50
2011.09.14 21:57:46.667,0.87492,0.87563,2.45,1.50
2011.09.14 21:58:06.377,0.87492,0.87563,1.70,1.50
2011.09.14 21:58:42.354,0.87491,0.8756,1.70,1.50
2011.09.14 21:58:44.249,0.87491,0.8756,2.45,2.25
2011.09.14 21:58:44.590,0.87491,0.87557,1.50,1.50
2011.09.14 21:58:48.737,0.87491,0.87555,1.50,1.50
2011.09.14 21:58:50.748,0.87491,0.87558,1.50,1.50
2011.09.14 21:58:55.548,0.87492,0.87556,1.50,1.50
2011.09.14 21:58:55.670,0.87492,0.87555,1.50,1.50
2011.09.14 21:58:56.731,0.87492,0.87557,1.50,1.50
2011.09.14 21:58:58.280,0.87491,0.87554,1.50,1.50
2011.09.14 21:59:00.461,0.87517,0.87552,0.75,0.75
2011.09.14 21:59:00.809,0.87532,0.87572,0.45,0.75
2011.09.14 21:59:09.357,0.87532,0.87569,0.45,0.75
2011.09.14 21:59:24.753,0.87529,0.87563,0.45,0.75
2011.09.14 21:59:25.183,0.87522,0.87563,0.45,0.75
2011.09.14 21:59:28.651,0.87522,0.87562,0.45,0.75
2011.09.14 21:59:28.768,0.87522,0.87559,0.45,0.75
2011.09.14 21:59:58.471,0.87514,0.87559,0.45,0.75
2011.09.14 21:59:58.587,0.87514,0.87552,0.45,0.75
