2010.01.12 18:00:00.077,0.8926,0.8929,3.20,12.40
2010.01.12 18:00:00.987,0.8926,0.89285,2.40,1.00
2010.01.12 18:00:01.276,0.89265,0.8929,4.80,8.80
2010.01.12 18:00:01.617,0.8927,0.89295,3.20,11.00
2010.01.12 18:00:01.856,0.8927,0.89295,3.20,12.60
2010.01.12 18:00:02.137,0.8927,0.89295,3.20,8.60
2010.01.12 18:00:02.416,0.8927,0.89295,2.40,4.60
2010.01.12 18:00:02.657,0.89265,0.89295,10.40,5.40
2010.01.12 18:00:03.006,0.89265,0.89295,6.40,8.20
2010.01.12 18:00:03.416,0.89265,0.89295,10.40,4.20
2010.01.12 18:00:06.145,0.89265,0.89295,10.40,4.60
2010.01.12 18:00:06.196,0.89265,0.8929,10.40,1.00
2010.01.12 18:00:06.306,0.89265,0.8929,10.40,1.00
2010.01.12 18:00:06.545,0.89265,0.89285,10.40,1.60
2010.01.12 18:00:06.605,0.8926,0.89285,3.20,4.10
2010.01.12 18:00:06.945,0.8926,0.89285,2.40,4.20
2010.01.12 18:00:07.295,0.89265,0.89285,1.60,2.40
2010.01.12 18:00:07.645,0.89265,0.8929,4.00,2.60
2010.01.12 18:00:07.985,0.8927,0.8929,2.40,2.40
2010.01.12 18:00:08.805,0.8927,0.8929,2.40,2.60
2010.01.12 18:00:10.734,0.8927,0.8929,2.40,2.40
2010.01.12 18:00:15.363,0.8927,0.89295,2.40,1.60
2010.01.12 18:00:15.703,0.8927,0.893,2.40,11.40
2010.01.12 18:00:18.263,0.8927,0.893,2.40,10.60
2010.01.12 18:00:18.432,0.89275,0.893,2.40,4.10
2010.01.12 18:00:18.602,0.89275,0.893,2.40,1.00
2010.01.12 18:00:19.002,0.89275,0.89295,8.00,2.40
2010.01.12 18:00:19.182,0.89275,0.89295,4.00,2.60
2010.01.12 18:00:19.362,0.8927,0.89295,10.40,1.60
2010.01.12 18:00:19.722,0.8927,0.893,6.40,3.40
2010.01.12 18:00:22.101,0.8927,0.893,10.40,3.40
2010.01.12 18:00:22.331,0.8927,0.893,10.60,3.40
2010.01.12 18:00:22.571,0.89275,0.893,2.40,3.40
2010.01.12 18:00:23.251,0.8927,0.89295,11.40,4.00
2010.01.12 18:00:23.531,0.8927,0.8929,10.60,2.40
2010.01.12 18:00:23.801,0.8927,0.8929,10.40,2.40
2010.01.12 18:00:23.971,0.8927,0.89295,10.40,2.40
2010.01.12 18:00:24.091,0.8927,0.89295,10.40,4.00
2010.01.12 18:00:24.451,0.89275,0.89295,4.00,4.00
2010.01.12 18:00:24.621,0.8927,0.89295,10.60,2.40
2010.01.12 18:00:25.301,0.89275,0.89305,2.40,5.60
2010.01.12 18:00:25.641,0.89275,0.89305,6.40,4.00
2010.01.12 18:00:25.930,0.89275,0.89305,10.40,4.00
2010.01.12 18:00:26.221,0.8928,0.89305,2.40,4.20
2010.01.12 18:00:28.000,0.8928,0.893,2.40,1.00
2010.01.12 18:00:28.350,0.8928,0.893,2.40,8.10
2010.01.12 18:00:28.690,0.8928,0.893,2.40,4.10
2010.01.12 18:00:28.810,0.8928,0.893,2.40,1.00
2010.01.12 18:00:29.150,0.8928,0.89305,2.40,8.20
2010.01.12 18:00:30.199,0.8928,0.89305,2.40,12.20
2010.01.12 18:00:31.399,0.8928,0.89305,2.40,8.20
2010.01.12 18:00:31.619,0.8928,0.89305,2.40,12.20
2010.01.12 18:00:31.799,0.8928,0.89305,2.40,8.20
2010.01.12 18:00:32.309,0.89275,0.89305,8.20,8.20
2010.01.12 18:00:32.539,0.89275,0.89295,4.00,2.40
2010.01.12 18:00:33.069,0.8927,0.89295,16.80,2.40
2010.01.12 18:00:40.387,0.89275,0.893,4.00,2.40
2010.01.12 18:00:40.927,0.89275,0.89295,3.20,1.00
2010.01.12 18:00:42.247,0.89275,0.89295,2.40,1.00
2010.01.12 18:00:42.997,0.8927,0.89295,6.60,3.20
2010.01.12 18:00:43.216,0.8927,0.89295,2.60,4.80
2010.01.12 18:00:48.435,0.8927,0.89295,1.70,4.80
2010.01.12 18:00:49.305,0.89265,0.89295,16.30,4.80
2010.01.12 18:00:52.234,0.89265,0.8929,11.20,2.40
2010.01.12 18:00:52.404,0.8927,0.8929,2.60,1.00
2010.01.12 18:00:52.574,0.8927,0.89295,2.60,4.80
2010.01.12 18:00:52.914,0.8927,0.89295,2.60,6.40
2010.01.12 18:00:53.094,0.8927,0.89295,2.40,6.40
2010.01.12 18:00:53.434,0.8927,0.89295,2.60,6.40
2010.01.12 18:00:53.724,0.8928,0.893,2.60,8.00
2010.01.12 18:00:54.014,0.8928,0.89305,2.60,10.40
2010.01.12 18:00:54.364,0.8928,0.89305,2.60,6.40
2010.01.12 18:00:55.533,0.89275,0.893,10.40,3.20
2010.01.12 18:00:55.823,0.89275,0.893,2.40,3.40
2010.01.12 18:00:55.993,0.89275,0.89295,2.60,1.00
2010.01.12 18:00:56.153,0.89275,0.89295,2.60,2.40
2010.01.12 18:00:56.273,0.8927,0.89295,3.50,4.80
2010.01.12 18:00:56.683,0.89275,0.89295,2.60,4.00
2010.01.12 18:01:01.042,0.89275,0.893,2.60,4.80
2010.01.12 18:01:01.342,0.89275,0.893,6.60,1.00
2010.01.12 18:01:06.511,0.89275,0.893,6.40,1.00
2010.01.12 18:01:06.741,0.89275,0.893,2.40,1.00
2010.01.12 18:01:07.041,0.89275,0.893,2.40,3.40
2010.01.12 18:01:12.119,0.8927,0.89295,11.40,3.20
2010.01.12 18:01:12.350,0.8927,0.89295,10.60,3.20
2010.01.12 18:01:12.879,0.8927,0.89295,6.60,3.20
2010.01.12 18:01:14.349,0.8927,0.89295,6.40,3.20
2010.01.12 18:01:14.579,0.8927,0.89295,7.20,2.40
2010.01.12 18:01:14.809,0.8927,0.89295,3.20,2.40
2010.01.12 18:01:16.378,0.8927,0.89295,4.20,2.40
2010.01.12 18:01:16.548,0.89275,0.893,2.40,7.20
2010.01.12 18:01:18.339,0.89275,0.893,2.40,11.20
2010.01.12 18:01:19.198,0.89275,0.89295,2.40,1.70
2010.01.12 18:01:19.598,0.89275,0.893,2.40,11.20
2010.01.12 18:01:22.087,0.8927,0.89295,3.20,2.40
2010.01.12 18:01:22.267,0.89265,0.89295,10.40,4.00
2010.01.12 18:01:22.447,0.89265,0.89295,1.00,12.80
2010.01.12 18:01:24.926,0.89265,0.89295,1.00,12.80
2010.01.12 18:01:26.796,0.89265,0.89295,4.90,8.80
2010.01.12 18:01:27.146,0.89265,0.89295,4.10,8.80
2010.01.12 18:01:27.546,0.8926,0.89295,12.30,9.20
2010.01.12 18:01:27.886,0.89265,0.89285,4.00,2.40
2010.01.12 18:01:28.236,0.8926,0.89285,10.60,2.40
2010.01.12 18:01:28.876,0.8926,0.8928,8.10,2.40
2010.01.12 18:01:29.055,0.8926,0.8928,1.00,2.40
2010.01.12 18:01:29.635,0.8926,0.89275,1.00,2.40
2010.01.12 18:01:29.745,0.89255,0.8927,10.40,2.40
2010.01.12 18:01:30.145,0.89255,0.8928,3.20,2.40
2010.01.12 18:01:30.485,0.89255,0.89285,7.40,3.60
2010.01.12 18:01:30.835,0.89255,0.89285,11.40,2.80
2010.01.12 18:01:30.955,0.8926,0.89285,2.60,1.20
2010.01.12 18:01:31.125,0.8926,0.89285,10.60,1.20
2010.01.12 18:01:32.505,0.8926,0.8928,10.60,1.00
2010.01.12 18:01:35.394,0.8926,0.89285,10.60,1.00
2010.01.12 18:01:35.734,0.8926,0.8929,10.60,3.60
2010.01.12 18:01:35.904,0.8926,0.89285,10.60,1.00
2010.01.12 18:01:38.183,0.89265,0.89285,1.60,1.00
2010.01.12 18:01:38.353,0.8927,0.89295,2.50,11.20
2010.01.12 18:01:38.573,0.8927,0.89295,2.60,4.80
2010.01.12 18:01:38.813,0.8927,0.89295,7.40,2.40
2010.01.12 18:01:39.033,0.8927,0.89295,8.20,2.40
2010.01.12 18:01:39.363,0.89275,0.89295,2.40,1.00
2010.01.12 18:01:39.603,0.8927,0.89295,10.60,3.20
2010.01.12 18:01:39.663,0.8927,0.89295,10.40,5.00
2010.01.12 18:01:40.053,0.8927,0.89295,6.40,3.40
2010.01.12 18:01:40.353,0.8927,0.89295,6.40,5.00
2010.01.12 18:01:40.763,0.8927,0.89295,7.20,4.00
2010.01.12 18:01:40.983,0.89265,0.89295,20.10,2.40
2010.01.12 18:01:41.212,0.8927,0.89295,7.20,4.00
2010.01.12 18:01:41.332,0.8927,0.89295,7.20,2.40
2010.01.12 18:01:42.082,0.8927,0.89295,7.20,2.50
2010.01.12 18:01:42.422,0.8927,0.89295,3.20,2.60
2010.01.12 18:01:45.551,0.89275,0.89295,1.00,2.60
2010.01.12 18:01:47.331,0.8927,0.89295,3.20,2.40
2010.01.12 18:01:47.621,0.8927,0.893,7.20,7.60
2010.01.12 18:01:48.811,0.89265,0.89295,21.70,2.40
2010.01.12 18:01:49.151,0.8927,0.89295,11.20,2.60
2010.01.12 18:01:49.510,0.8927,0.89295,3.20,2.60
2010.01.12 18:01:50.030,0.8927,0.89295,3.20,2.40
2010.01.12 18:01:50.270,0.8928,0.893,2.40,2.80
2010.01.12 18:01:50.620,0.8928,0.893,2.40,2.40
2010.01.12 18:01:52.420,0.8929,0.89305,2.40,8.10
2010.01.12 18:01:52.650,0.8928,0.89305,3.20,10.60
2010.01.12 18:01:52.829,0.8928,0.89305,3.20,6.60
2010.01.12 18:01:54.320,0.8928,0.893,3.20,1.00
2010.01.12 18:01:54.659,0.8928,0.89305,3.20,10.60
2010.01.12 18:01:55.049,0.8928,0.89305,3.20,6.60
2010.01.12 18:01:55.349,0.8928,0.89305,11.20,2.40
2010.01.12 18:01:56.549,0.8928,0.89305,10.40,4.80
2010.01.12 18:01:56.669,0.8928,0.893,6.40,2.40
2010.01.12 18:01:56.839,0.8928,0.893,2.40,2.40
2010.01.12 18:02:03.657,0.8928,0.89305,4.20,4.00
2010.01.12 18:02:03.877,0.8928,0.89305,4.20,4.80
2010.01.12 18:02:04.047,0.8928,0.893,2.40,2.40
2010.01.12 18:02:04.737,0.8928,0.893,6.40,2.40
2010.01.12 18:02:05.307,0.8928,0.89305,11.20,2.40
2010.01.12 18:02:07.616,0.89285,0.89305,1.00,2.40
2010.01.12 18:02:07.846,0.8929,0.8931,2.40,2.40
2010.01.12 18:02:08.306,0.89285,0.89305,4.00,2.40
2010.01.12 18:02:08.536,0.8928,0.89305,11.20,2.40
2010.01.12 18:02:09.006,0.8928,0.89305,16.40,2.40
2010.01.12 18:02:09.296,0.89295,0.89305,1.00,2.40
2010.01.12 18:02:09.535,0.893,0.8932,2.40,6.40
2010.01.12 18:02:09.775,0.893,0.8932,2.40,2.40
2010.01.12 18:02:10.066,0.89295,0.8931,4.80,2.40
2010.01.12 18:02:10.355,0.89305,0.89325,3.20,10.40
2010.01.12 18:02:10.705,0.89305,0.8933,10.40,1.00
2010.01.12 18:02:11.045,0.89305,0.89325,6.40,1.00
2010.01.12 18:02:11.435,0.893,0.89325,4.00,4.80
2010.01.12 18:02:11.615,0.89295,0.8932,8.00,2.40
2010.01.12 18:02:11.845,0.89295,0.8932,4.00,2.40
2010.01.12 18:02:12.085,0.8929,0.8932,11.40,2.40
2010.01.12 18:02:12.535,0.8931,0.89325,2.40,1.60
2010.01.12 18:02:12.885,0.89315,0.89335,1.60,11.40
2010.01.12 18:02:13.175,0.8931,0.89335,3.20,2.60
2010.01.12 18:02:13.475,0.8931,0.8933,3.20,1.00
2010.01.12 18:02:13.875,0.8931,0.8933,11.20,1.00
2010.01.12 18:02:14.215,0.89305,0.8933,11.20,2.60
2010.01.12 18:02:14.554,0.89305,0.8933,6.40,2.60
2010.01.12 18:02:14.894,0.89305,0.8933,2.40,2.60
2010.01.12 18:02:15.234,0.89305,0.8933,3.20,1.00
2010.01.12 18:02:15.584,0.89305,0.89335,3.20,9.70
2010.01.12 18:02:16.914,0.893,0.89325,10.80,2.40
2010.01.12 18:02:17.264,0.89305,0.8933,3.20,2.40
2010.01.12 18:02:17.914,0.89305,0.8933,2.40,2.40
2010.01.12 18:02:18.194,0.89305,0.8933,2.40,3.20
2010.01.12 18:02:19.223,0.893,0.89315,4.00,2.40
2010.01.12 18:02:19.563,0.89295,0.89315,4.00,2.40
2010.01.12 18:02:19.733,0.8929,0.89315,11.80,2.40
2010.01.12 18:02:20.083,0.89295,0.89315,1.00,2.40
2010.01.12 18:02:20.423,0.89295,0.8932,10.40,3.20
2010.01.12 18:02:20.943,0.89295,0.89315,8.00,2.40
2010.01.12 18:02:21.303,0.89295,0.89315,4.00,2.40
2010.01.12 18:02:21.483,0.8929,0.89315,11.40,2.40
2010.01.12 18:02:21.663,0.89295,0.89315,4.00,2.40
2010.01.12 18:02:22.003,0.8929,0.89315,11.40,2.40
2010.01.12 18:02:22.352,0.89295,0.89315,8.00,2.40
2010.01.12 18:02:22.702,0.8929,0.89315,11.40,2.40
2010.01.12 18:02:23.282,0.8929,0.8932,10.40,2.80
2010.01.12 18:02:23.802,0.89295,0.8932,8.00,2.40
2010.01.12 18:02:24.032,0.89295,0.89325,8.00,5.40
2010.01.12 18:02:24.262,0.893,0.89325,4.00,4.60
2010.01.12 18:02:24.652,0.893,0.89325,4.00,1.70
2010.01.12 18:02:25.002,0.89305,0.8933,2.40,3.20
2010.01.12 18:02:25.342,0.89305,0.8933,6.40,3.20
2010.01.12 18:02:25.702,0.893,0.89325,10.60,2.40
2010.01.12 18:02:25.992,0.893,0.89325,6.60,2.40
2010.01.12 18:02:26.571,0.893,0.89325,10.60,2.40
2010.01.12 18:02:27.411,0.89295,0.89325,15.10,2.40
2010.01.12 18:02:28.571,0.893,0.89325,2.60,2.40
2010.01.12 18:02:30.121,0.89295,0.8932,10.40,2.40
2010.01.12 18:02:30.471,0.89295,0.8932,2.40,2.40
2010.01.12 18:02:31.551,0.8929,0.89315,10.60,2.40
2010.01.12 18:02:31.721,0.89285,0.8931,4.00,2.40
2010.01.12 18:02:32.001,0.89285,0.8931,8.00,2.40
2010.01.12 18:02:32.350,0.89285,0.8931,4.00,2.40
2010.01.12 18:02:32.690,0.89285,0.8931,5.60,2.40
2010.01.12 18:02:33.080,0.893,0.8932,2.40,10.40
2010.01.12 18:02:33.360,0.89305,0.89325,4.00,12.80
2010.01.12 18:02:33.640,0.8931,0.8933,2.40,2.40
2010.01.12 18:02:35.919,0.89305,0.89325,1.00,2.40
2010.01.12 18:02:38.029,0.89305,0.89325,2.50,2.40
2010.01.12 18:02:38.139,0.8931,0.89335,3.40,12.00
2010.01.12 18:02:38.199,0.8931,0.89335,5.00,12.00
2010.01.12 18:02:38.709,0.89305,0.89335,16.70,2.40
2010.01.12 18:02:39.049,0.8931,0.89335,5.00,2.40
2010.01.12 18:02:39.439,0.8931,0.8933,12.80,2.40
2010.01.12 18:02:39.788,0.89305,0.89325,4.00,3.20
2010.01.12 18:02:40.138,0.893,0.89325,8.20,3.20
2010.01.12 18:02:40.488,0.89305,0.89325,4.00,3.20
2010.01.12 18:02:40.838,0.893,0.89325,11.20,2.60
2010.01.12 18:02:41.908,0.893,0.89325,10.40,3.40
2010.01.12 18:02:44.247,0.89305,0.89325,8.00,2.40
2010.01.12 18:02:44.307,0.89305,0.89325,9.60,2.40
2010.01.12 18:02:44.857,0.89305,0.89325,5.60,2.40
2010.01.12 18:02:45.257,0.89305,0.89325,1.60,2.40
2010.01.12 18:02:47.397,0.893,0.8932,10.40,2.40
2010.01.12 18:02:47.566,0.89305,0.8932,1.60,2.40
2010.01.12 18:02:48.076,0.89305,0.89325,1.60,3.20
2010.01.12 18:02:48.636,0.89305,0.89325,1.60,2.40
2010.01.12 18:02:52.745,0.89305,0.89325,3.20,2.40
2010.01.12 18:02:52.855,0.89305,0.89325,4.10,2.40
2010.01.12 18:02:53.035,0.8931,0.8933,2.40,2.40
2010.01.12 18:02:55.355,0.8931,0.8933,2.60,2.40
2010.01.12 18:02:55.885,0.89305,0.8933,12.80,2.40
2010.01.12 18:02:56.104,0.89305,0.8933,4.80,2.40
2010.01.12 18:02:56.624,0.89305,0.8933,4.00,3.20
2010.01.12 18:02:57.324,0.89305,0.89325,4.20,1.00
2010.01.12 18:02:58.754,0.89305,0.89325,1.60,2.40
2010.01.12 18:03:00.493,0.8931,0.89325,1.00,2.40
2010.01.12 18:03:00.824,0.8931,0.8933,2.60,2.40
2010.01.12 18:03:02.153,0.8931,0.8933,2.40,2.40
2010.01.12 18:03:02.373,0.89305,0.89325,1.60,2.40
2010.01.12 18:03:04.003,0.8931,0.8933,2.40,3.20
2010.01.12 18:03:04.282,0.8931,0.8933,2.60,2.40
2010.01.12 18:03:07.222,0.89305,0.89325,10.40,2.40
2010.01.12 18:03:07.512,0.89305,0.89325,2.40,2.40
2010.01.12 18:03:08.571,0.89305,0.89325,4.00,2.40
2010.01.12 18:03:08.742,0.8931,0.8933,2.50,2.40
2010.01.12 18:03:08.861,0.8931,0.8933,2.60,2.40
2010.01.12 18:03:11.401,0.89315,0.8933,1.60,2.40
2010.01.12 18:03:11.751,0.8931,0.8933,2.60,2.40
2010.01.12 18:03:13.800,0.8931,0.8933,3.40,2.40
2010.01.12 18:03:13.910,0.89315,0.8933,1.60,2.40
2010.01.12 18:03:14.020,0.89315,0.89335,1.60,10.40
2010.01.12 18:03:14.140,0.89315,0.89335,2.40,6.40
2010.01.12 18:03:14.300,0.89315,0.89335,2.40,2.40
2010.01.12 18:03:15.040,0.8932,0.8934,1.00,6.40
2010.01.12 18:03:15.710,0.8932,0.8934,1.00,2.40
2010.01.12 18:03:17.709,0.8932,0.8934,1.00,2.40
2010.01.12 18:03:18.059,0.89325,0.89345,1.60,11.20
2010.01.12 18:03:20.029,0.8932,0.89345,2.40,11.60
2010.01.12 18:03:20.379,0.89315,0.89345,2.40,11.20
2010.01.12 18:03:20.718,0.8932,0.89345,2.40,3.20
2010.01.12 18:03:21.068,0.89315,0.8934,10.60,2.40
2010.01.12 18:03:21.298,0.89315,0.8934,14.60,2.40
2010.01.12 18:03:23.108,0.8932,0.89345,7.40,2.40
2010.01.12 18:03:23.328,0.89325,0.89345,1.60,2.40
2010.01.12 18:03:23.998,0.89325,0.89355,2.40,12.60
2010.01.12 18:03:24.178,0.89325,0.89345,1.60,3.20
2010.01.12 18:03:24.348,0.89325,0.89345,1.60,2.40
2010.01.12 18:03:24.647,0.89325,0.89345,1.60,3.20
2010.01.12 18:03:26.797,0.89325,0.89345,1.60,2.40
2010.01.12 18:03:27.087,0.8932,0.89345,7.40,2.40
2010.01.12 18:03:27.907,0.8932,0.89345,6.60,3.20
2010.01.12 18:03:28.377,0.8932,0.8934,4.00,2.40
2010.01.12 18:03:28.607,0.89315,0.89335,10.50,2.40
2010.01.12 18:03:29.196,0.89315,0.89345,10.50,5.60
2010.01.12 18:03:29.416,0.89315,0.89345,2.50,11.20
2010.01.12 18:03:29.766,0.89315,0.89345,2.50,7.20
2010.01.12 18:03:30.106,0.89315,0.89345,9.70,2.40
2010.01.12 18:03:30.406,0.89325,0.89355,1.60,12.80
2010.01.12 18:03:30.736,0.89325,0.89355,1.60,12.30
2010.01.12 18:03:31.086,0.89325,0.89355,5.60,7.20
2010.01.12 18:03:31.476,0.8933,0.8936,2.40,13.80
2010.01.12 18:03:33.045,0.8933,0.8936,2.40,12.80
2010.01.12 18:03:33.436,0.8933,0.8936,2.40,8.00
2010.01.12 18:03:33.776,0.8933,0.8936,2.40,4.00
2010.01.12 18:03:33.895,0.8933,0.89365,6.40,20.30
2010.01.12 18:03:34.125,0.8933,0.89355,10.40,1.00
2010.01.12 18:03:34.235,0.8933,0.89355,11.20,2.40
2010.01.12 18:03:34.345,0.8933,0.89355,3.20,2.40
2010.01.12 18:03:34.675,0.8933,0.89355,7.20,2.40
2010.01.12 18:03:35.125,0.89335,0.89355,1.00,2.40
2010.01.12 18:03:35.505,0.8933,0.89355,7.20,2.40
2010.01.12 18:03:36.705,0.89335,0.89355,1.60,2.40
2010.01.12 18:03:37.285,0.89335,0.89355,2.40,2.40
2010.01.12 18:03:37.624,0.89335,0.89365,2.40,11.40
2010.01.12 18:03:39.294,0.89335,0.89355,1.60,2.40
2010.01.12 18:03:40.084,0.89335,0.8935,1.60,1.00
2010.01.12 18:03:40.674,0.89335,0.89355,1.70,4.00
2010.01.12 18:03:41.024,0.89335,0.8936,4.20,11.20
2010.01.12 18:03:41.494,0.89335,0.8936,4.20,3.20
2010.01.12 18:03:42.463,0.8934,0.89365,4.20,12.80
2010.01.12 18:03:42.813,0.89345,0.8937,2.40,13.20
2010.01.12 18:03:43.173,0.8934,0.89365,3.20,6.40
2010.01.12 18:03:43.463,0.89345,0.8937,3.20,6.40
2010.01.12 18:03:43.743,0.89345,0.8937,3.20,2.40
2010.01.12 18:03:45.063,0.8935,0.89375,1.00,12.00
2010.01.12 18:03:45.463,0.8935,0.89375,1.00,4.00
2010.01.12 18:03:45.702,0.89345,0.8937,4.20,2.40
2010.01.12 18:03:45.982,0.89345,0.8937,2.60,2.40
2010.01.12 18:03:46.212,0.89345,0.8937,2.60,6.40
2010.01.12 18:03:48.462,0.89345,0.8937,2.40,6.40
2010.01.12 18:03:48.682,0.89345,0.8937,2.40,2.40
2010.01.12 18:03:48.902,0.89345,0.8937,4.80,2.40
2010.01.12 18:03:49.921,0.89345,0.8937,4.20,2.40
2010.01.12 18:03:50.911,0.8935,0.8937,1.00,2.40
2010.01.12 18:03:51.151,0.8935,0.89375,2.40,10.40
2010.01.12 18:03:52.971,0.8935,0.89375,2.40,11.60
2010.01.12 18:03:53.131,0.89345,0.8937,2.60,7.20
2010.01.12 18:03:53.371,0.8935,0.8937,2.40,8.00
2010.01.12 18:03:54.481,0.8935,0.8937,4.80,8.00
2010.01.12 18:03:54.770,0.8935,0.89375,4.80,8.00
2010.01.12 18:03:56.260,0.8935,0.8938,4.80,12.20
2010.01.12 18:03:57.820,0.8935,0.89375,4.80,1.00
2010.01.12 18:03:59.899,0.8935,0.8937,4.80,1.00
2010.01.12 18:04:00.069,0.8935,0.8937,4.80,1.00
2010.01.12 18:04:00.459,0.8935,0.89375,4.80,1.00
2010.01.12 18:04:00.799,0.8935,0.89375,4.80,4.10
2010.01.12 18:04:01.149,0.8935,0.89375,4.80,1.00
2010.01.12 18:04:01.909,0.8935,0.89375,8.80,1.00
2010.01.12 18:04:05.498,0.8935,0.8937,8.80,1.00
2010.01.12 18:04:05.838,0.8935,0.8937,4.80,1.00
2010.01.12 18:04:07.307,0.8935,0.8937,1.60,1.00
2010.01.12 18:04:09.867,0.8935,0.8937,4.00,1.00
2010.01.12 18:04:10.166,0.8935,0.8937,4.80,1.00
2010.01.12 18:04:12.446,0.8935,0.89375,4.80,1.00
2010.01.12 18:04:12.556,0.8935,0.89375,4.80,4.10
2010.01.12 18:04:12.916,0.8935,0.89375,4.80,1.00
2010.01.12 18:04:14.236,0.8935,0.89375,4.00,1.00
2010.01.12 18:04:14.356,0.8935,0.89375,2.40,1.70
2010.01.12 18:04:14.476,0.89345,0.89375,10.40,5.00
2010.01.12 18:04:14.586,0.89345,0.89375,10.40,5.80
2010.01.12 18:04:14.705,0.89345,0.89375,10.40,6.80
2010.01.12 18:04:14.816,0.89345,0.8937,10.40,1.00
2010.01.12 18:04:15.166,0.89345,0.8937,2.40,4.00
2010.01.12 18:04:15.516,0.89345,0.8937,2.40,4.10
2010.01.12 18:04:16.155,0.89345,0.89365,2.40,1.60
2010.01.12 18:04:16.565,0.89345,0.8937,2.40,10.60
2010.01.12 18:04:16.805,0.89345,0.89365,2.40,1.60
2010.01.12 18:04:18.245,0.89345,0.8937,2.40,10.60
2010.01.12 18:04:18.794,0.8935,0.8937,2.40,8.10
2010.01.12 18:04:18.965,0.8935,0.8937,2.40,8.00
2010.01.12 18:04:19.135,0.8935,0.8937,2.40,4.10
2010.01.12 18:04:19.474,0.89335,0.89365,11.20,4.00
2010.01.12 18:04:19.814,0.89335,0.89365,6.40,8.00
2010.01.12 18:04:20.154,0.89335,0.89365,2.40,12.80
2010.01.12 18:04:23.433,0.89335,0.89365,2.60,12.80
2010.01.12 18:04:24.573,0.8934,0.89365,1.00,12.80
2010.01.12 18:04:24.853,0.89345,0.89365,1.00,12.00
2010.01.12 18:04:25.083,0.89345,0.8937,1.00,17.10
2010.01.12 18:04:25.323,0.89345,0.8937,1.00,17.10
2010.01.12 18:04:25.553,0.8935,0.8937,1.00,17.10
2010.01.12 18:04:25.843,0.8935,0.8937,1.00,8.00
2010.01.12 18:04:26.133,0.89345,0.89375,12.20,4.20
2010.01.12 18:04:26.413,0.8935,0.89375,2.60,4.00
2010.01.12 18:04:26.693,0.89345,0.89375,13.00,2.60
2010.01.12 18:04:27.033,0.89345,0.89375,2.60,12.00
2010.01.12 18:04:27.392,0.89345,0.89375,2.40,11.50
2010.01.12 18:04:27.752,0.89345,0.89375,2.40,13.90
2010.01.12 18:04:28.462,0.8934,0.89365,2.60,3.20
2010.01.12 18:04:28.812,0.89345,0.8937,3.40,10.40
2010.01.12 18:04:29.032,0.89345,0.8937,3.20,2.40
2010.01.12 18:04:29.302,0.89345,0.8937,3.40,2.40
2010.01.12 18:04:29.532,0.89345,0.8937,3.20,2.40
2010.01.12 18:04:29.762,0.89345,0.8937,3.40,2.40
2010.01.12 18:04:30.112,0.8935,0.89375,2.40,15.40
2010.01.12 18:04:30.452,0.8935,0.8937,1.00,3.20
2010.01.12 18:04:30.902,0.8934,0.8937,4.80,7.20
2010.01.12 18:04:31.072,0.8934,0.8937,1.00,11.40
2010.01.12 18:04:31.751,0.89335,0.8937,13.40,12.20
2010.01.12 18:04:31.931,0.89335,0.8937,13.00,12.20
2010.01.12 18:04:33.351,0.89355,0.8938,2.40,12.40
2010.01.12 18:04:33.651,0.8935,0.89375,3.20,2.40
2010.01.12 18:04:33.991,0.8935,0.89375,3.20,4.00
2010.01.12 18:04:34.281,0.89355,0.89375,2.60,8.00
2010.01.12 18:04:34.641,0.89355,0.8938,2.40,9.10
2010.01.12 18:04:34.981,0.8935,0.89375,3.20,2.40
2010.01.12 18:04:35.320,0.8935,0.89375,2.40,7.20
2010.01.12 18:04:42.979,0.8935,0.89375,2.40,8.80
2010.01.12 18:04:43.159,0.8935,0.89375,2.40,4.80
2010.01.12 18:04:43.329,0.8935,0.89375,2.40,3.20
2010.01.12 18:04:43.669,0.89345,0.8937,10.60,3.20
2010.01.12 18:04:43.958,0.89345,0.8937,2.60,3.20
2010.01.12 18:04:44.988,0.89345,0.8937,2.40,3.20
2010.01.12 18:04:45.268,0.89345,0.8937,2.60,3.20
2010.01.12 18:04:45.558,0.89345,0.8937,2.40,3.20
2010.01.12 18:04:45.848,0.89345,0.8937,2.60,3.20
2010.01.12 18:04:46.548,0.89345,0.89365,2.40,1.00
2010.01.12 18:04:46.878,0.89335,0.8936,10.60,3.20
2010.01.12 18:04:47.178,0.89335,0.8936,2.60,7.20
2010.01.12 18:04:47.538,0.8933,0.8936,9.00,7.40
2010.01.12 18:04:47.817,0.8933,0.89355,5.00,4.00
2010.01.12 18:04:48.168,0.8933,0.89355,5.00,8.00
2010.01.12 18:04:48.787,0.89325,0.89355,17.50,4.00
2010.01.12 18:04:50.787,0.89335,0.8936,3.40,10.40
2010.01.12 18:04:51.117,0.89335,0.8936,3.20,2.40
2010.01.12 18:04:51.237,0.89335,0.8936,3.40,2.40
2010.01.12 18:04:51.986,0.8934,0.8936,1.00,2.40
2010.01.12 18:04:52.387,0.8934,0.89365,5.00,9.60
2010.01.12 18:04:52.727,0.8934,0.89365,5.00,5.60
2010.01.12 18:04:53.457,0.8934,0.89365,4.20,6.40
2010.01.12 18:04:53.746,0.89335,0.8936,11.60,2.40
2010.01.12 18:04:54.036,0.89335,0.8936,3.40,2.40
2010.01.12 18:04:54.306,0.89335,0.8936,3.20,2.40
2010.01.12 18:04:58.105,0.89325,0.89355,2.40,12.00
2010.01.12 18:05:00.634,0.8932,0.8935,10.60,2.40
2010.01.12 18:05:00.975,0.8932,0.89345,4.00,2.40
2010.01.12 18:05:01.204,0.89325,0.89345,1.00,2.40
2010.01.12 18:05:01.944,0.89325,0.8935,1.00,3.20
2010.01.12 18:05:02.174,0.89325,0.8935,8.00,3.20
2010.01.12 18:05:02.394,0.89325,0.8935,8.00,2.40
2010.01.12 18:05:08.473,0.8933,0.89355,3.40,1.60
2010.01.12 18:05:10.112,0.8933,0.89355,4.90,4.00
2010.01.12 18:05:10.382,0.8933,0.89355,3.40,1.60
2010.01.12 18:05:13.171,0.8933,0.89355,3.20,1.70
2010.01.12 18:05:13.341,0.8933,0.89345,1.00,1.60
2010.01.12 18:05:13.461,0.89325,0.89345,13.40,1.60
2010.01.12 18:05:13.641,0.8933,0.89345,1.00,1.60
2010.01.12 18:05:13.751,0.89325,0.89345,13.00,1.60
2010.01.12 18:05:14.211,0.89325,0.89345,9.00,1.60
2010.01.12 18:05:14.441,0.89325,0.89345,5.00,1.60
2010.01.12 18:05:15.361,0.89325,0.89355,13.00,6.60
2010.01.12 18:05:15.711,0.89325,0.89345,5.00,1.60
2010.01.12 18:05:16.061,0.8933,0.89355,1.00,9.80
2010.01.12 18:05:16.411,0.8933,0.89355,1.00,4.20
2010.01.12 18:05:16.521,0.8933,0.89355,1.00,4.00
2010.01.12 18:05:16.880,0.89325,0.89355,13.40,5.00
2010.01.12 18:05:16.981,0.89325,0.89345,9.00,1.60
2010.01.12 18:05:17.101,0.8933,0.89345,1.00,1.60
2010.01.12 18:05:17.430,0.89325,0.89345,9.00,1.60
2010.01.12 18:05:17.830,0.89325,0.89345,13.00,1.60
2010.01.12 18:05:19.870,0.89325,0.89355,13.00,6.60
2010.01.12 18:05:22.079,0.8933,0.89355,1.00,6.40
2010.01.12 18:05:22.599,0.89325,0.89355,13.00,6.60
2010.01.12 18:05:23.389,0.89325,0.89355,12.90,6.50
2010.01.12 18:05:23.629,0.89325,0.89355,13.00,6.60
2010.01.12 18:05:24.149,0.8933,0.89355,1.00,5.80
2010.01.12 18:05:24.499,0.8933,0.89355,3.20,1.70
2010.01.12 18:05:25.179,0.8933,0.89355,3.40,1.60
2010.01.12 18:05:26.328,0.8933,0.89355,3.20,1.70
2010.01.12 18:05:27.808,0.8933,0.89355,1.00,4.20
2010.01.12 18:05:31.237,0.89325,0.89355,13.40,5.00
2010.01.12 18:05:36.456,0.89325,0.8935,8.90,2.40
2010.01.12 18:05:36.736,0.89325,0.89345,8.80,1.60
2010.01.12 18:05:38.156,0.89325,0.8935,8.80,2.40
2010.01.12 18:05:38.385,0.89325,0.8935,1.00,3.20
2010.01.12 18:05:38.715,0.89325,0.8935,1.00,3.40
2010.01.12 18:05:39.005,0.89325,0.89345,1.00,1.60
2010.01.12 18:05:39.645,0.89325,0.8935,1.00,7.20
2010.01.12 18:05:39.985,0.89325,0.89345,1.00,1.60
2010.01.12 18:05:40.335,0.89325,0.8935,1.00,3.20
2010.01.12 18:05:42.854,0.89325,0.8935,1.00,3.20
2010.01.12 18:05:45.304,0.89325,0.8935,1.00,3.20
2010.01.12 18:05:47.163,0.89325,0.89345,1.00,1.60
2010.01.12 18:05:49.363,0.89325,0.89345,1.00,1.60
2010.01.12 18:05:49.423,0.8932,0.89345,7.45,1.60
2010.01.12 18:05:54.422,0.89325,0.89345,1.00,1.60
2010.01.12 18:05:54.591,0.89325,0.89345,1.00,1.60
2010.01.12 18:05:58.111,0.89325,0.8935,1.00,3.20
2010.01.12 18:05:58.800,0.89325,0.89345,1.00,1.60
2010.01.12 18:06:05.089,0.89325,0.89345,1.00,1.60
2010.01.12 18:06:05.209,0.89325,0.89345,1.00,1.60
2010.01.12 18:06:06.079,0.89325,0.89345,3.30,1.60
2010.01.12 18:06:06.419,0.89325,0.89355,7.30,10.40
2010.01.12 18:06:06.579,0.89325,0.8935,6.50,2.40
2010.01.12 18:06:06.989,0.89325,0.89345,1.00,1.60
2010.01.12 18:06:07.508,0.89325,0.89345,1.00,5.60
2010.01.12 18:06:07.848,0.89315,0.89345,10.65,1.60
2010.01.12 18:06:13.977,0.8933,0.89355,3.20,8.80
2010.01.12 18:06:14.280,0.89335,0.89355,8.10,6.40
2010.01.12 18:06:14.567,0.89345,0.89355,1.00,2.40
2010.01.12 18:06:15.256,0.89345,0.89355,8.80,2.40
2010.01.12 18:06:15.596,0.89345,0.89355,1.00,2.40
2010.01.12 18:06:15.996,0.8934,0.89355,8.90,2.40
2010.01.12 18:06:16.296,0.8934,0.89355,4.90,2.40
2010.01.12 18:06:16.696,0.89345,0.89355,2.40,2.40
2010.01.12 18:06:17.046,0.89345,0.89355,5.00,2.40
2010.01.12 18:06:17.216,0.8934,0.89355,11.00,2.40
2010.01.12 18:06:17.376,0.8934,0.89355,3.80,2.40
2010.01.12 18:06:17.546,0.8934,0.89355,2.40,2.40
2010.01.12 18:06:18.086,0.8934,0.89355,2.60,2.40
2010.01.12 18:06:20.835,0.89335,0.89355,2.40,2.40
2010.01.12 18:06:21.185,0.89335,0.89355,2.40,4.00
2010.01.12 18:06:21.835,0.89335,0.89355,2.40,2.40
2010.01.12 18:06:22.065,0.8933,0.89355,12.20,4.80
2010.01.12 18:06:22.395,0.89325,0.8935,13.30,2.40
2010.01.12 18:06:22.735,0.89325,0.8935,6.50,2.40
2010.01.12 18:06:23.024,0.89325,0.8935,2.50,2.40
2010.01.12 18:06:23.955,0.89335,0.89355,5.60,12.00
2010.01.12 18:06:24.244,0.89345,0.89355,2.40,2.40
2010.01.12 18:06:26.334,0.8934,0.89355,2.60,2.40
2010.01.12 18:06:29.283,0.8934,0.89365,2.60,4.00
2010.01.12 18:06:30.153,0.8934,0.89365,2.40,4.20
2010.01.12 18:06:30.553,0.8934,0.89365,2.60,4.00
2010.01.12 18:06:30.843,0.8934,0.89365,2.40,4.20
2010.01.12 18:06:33.462,0.8934,0.89365,6.40,4.00
2010.01.12 18:06:34.142,0.89345,0.89365,2.40,1.60
2010.01.12 18:06:38.971,0.89335,0.8936,11.30,2.40
2010.01.12 18:06:39.321,0.89335,0.8936,6.40,2.60
2010.01.12 18:06:39.660,0.89335,0.89355,2.40,1.60
2010.01.12 18:06:41.100,0.8933,0.89355,2.40,4.00
2010.01.12 18:06:41.440,0.89325,0.89355,12.50,1.60
2010.01.12 18:06:41.730,0.8933,0.89355,4.00,1.60
2010.01.12 18:06:42.010,0.89325,0.89355,10.50,1.60
2010.01.12 18:06:44.509,0.89325,0.89355,11.30,2.40
2010.01.12 18:06:44.849,0.89325,0.89355,10.50,1.60
2010.01.12 18:06:45.539,0.89325,0.89355,8.00,4.80
2010.01.12 18:06:45.870,0.89325,0.8935,1.00,1.00
2010.01.12 18:06:46.439,0.89325,0.89355,1.70,12.20
2010.01.12 18:06:46.729,0.8934,0.8936,2.40,1.00
2010.01.12 18:06:47.069,0.89335,0.8936,2.40,6.60
2010.01.12 18:06:47.459,0.89335,0.89355,2.40,1.60
2010.01.12 18:06:52.677,0.89335,0.89355,2.40,1.70
2010.01.12 18:06:52.888,0.89335,0.89355,2.40,1.60
2010.01.12 18:06:53.058,0.89335,0.89355,2.40,1.70
2010.01.12 18:06:53.448,0.89335,0.89355,2.40,1.60
2010.01.12 18:06:54.137,0.89335,0.8936,6.40,1.00
2010.01.12 18:06:54.307,0.89335,0.8936,2.40,3.40
2010.01.12 18:06:54.537,0.8933,0.89355,6.40,4.80
2010.01.12 18:06:54.707,0.8933,0.8935,4.00,2.40
2010.01.12 18:06:54.937,0.89325,0.8935,3.30,2.40
2010.01.12 18:06:55.267,0.89325,0.8935,3.80,2.40
2010.01.12 18:06:55.606,0.8933,0.89355,1.00,5.60
2010.01.12 18:06:56.876,0.8933,0.89355,1.00,1.60
2010.01.12 18:06:58.106,0.8933,0.89355,1.00,1.60
2010.01.12 18:06:58.506,0.8933,0.89355,1.00,1.60
2010.01.12 18:07:07.644,0.8933,0.89355,6.40,1.60
2010.01.12 18:07:07.934,0.8933,0.89355,10.40,1.60
2010.01.12 18:07:08.284,0.8933,0.89365,10.40,9.60
2010.01.12 18:07:08.634,0.8933,0.89365,6.40,9.60
2010.01.12 18:07:08.994,0.8933,0.89365,10.40,9.60
2010.01.12 18:07:10.024,0.8933,0.89355,10.40,1.00
2010.01.12 18:07:10.363,0.8933,0.89355,10.40,1.70
2010.01.12 18:07:10.703,0.8933,0.89355,2.40,1.70
2010.01.12 18:07:11.053,0.8933,0.89355,2.40,1.60
2010.01.12 18:07:11.293,0.8933,0.8936,2.40,10.40
2010.01.12 18:07:14.002,0.8933,0.8936,6.40,6.40
2010.01.12 18:07:14.342,0.8933,0.8936,2.40,10.40
2010.01.12 18:07:14.692,0.89335,0.8936,2.60,8.00
2010.01.12 18:07:14.852,0.89335,0.89365,2.60,13.90
2010.01.12 18:07:15.322,0.89335,0.89365,2.60,13.10
2010.01.12 18:07:15.672,0.89325,0.8936,12.80,10.40
2010.01.12 18:07:16.012,0.89325,0.8936,14.40,10.40
2010.01.12 18:07:16.362,0.89335,0.8936,1.00,4.00
2010.01.12 18:07:16.542,0.8933,0.8936,8.00,2.40
2010.01.12 18:07:16.652,0.8933,0.8936,4.00,6.40
2010.01.12 18:07:16.772,0.89325,0.8936,13.60,10.40
2010.01.12 18:07:16.942,0.89325,0.89355,12.00,1.60
2010.01.12 18:07:20.521,0.89325,0.89355,11.40,1.60
2010.01.12 18:07:20.701,0.89325,0.89355,10.60,1.60
2010.01.12 18:07:21.120,0.89325,0.89355,6.60,5.60
2010.01.12 18:07:21.350,0.89325,0.89355,2.60,5.60
2010.01.12 18:07:22.240,0.89325,0.89355,4.20,5.60
2010.01.12 18:07:22.561,0.8933,0.8936,3.20,8.00
2010.01.12 18:07:22.790,0.89335,0.8936,1.00,8.00
2010.01.12 18:07:23.080,0.8933,0.8936,3.20,8.00
2010.01.12 18:07:23.420,0.89335,0.8936,1.00,8.00
2010.01.12 18:07:24.260,0.89335,0.8936,1.00,10.40
2010.01.12 18:07:26.849,0.89335,0.8936,4.10,6.40
2010.01.12 18:07:26.909,0.89335,0.8936,8.10,2.40
2010.01.12 18:07:27.759,0.89335,0.8936,8.90,2.40
2010.01.12 18:07:28.089,0.8934,0.89365,6.60,4.80
2010.01.12 18:07:29.259,0.8934,0.89365,6.60,4.00
2010.01.12 18:07:29.798,0.8934,0.89365,6.40,4.00
2010.01.12 18:07:29.919,0.8934,0.89365,6.60,4.00
2010.01.12 18:07:31.518,0.8934,0.89365,6.40,4.00
2010.01.12 18:07:31.628,0.8934,0.89365,6.60,4.00
2010.01.12 18:07:33.238,0.89335,0.89355,10.40,1.60
2010.01.12 18:07:33.588,0.89335,0.8936,10.40,2.40
2010.01.12 18:07:34.268,0.89335,0.8936,10.40,2.60
2010.01.12 18:07:34.617,0.89335,0.89355,10.40,1.60
2010.01.12 18:07:36.197,0.89335,0.89355,6.40,1.60
2010.01.12 18:07:36.557,0.89335,0.89355,7.20,1.60
2010.01.12 18:07:36.677,0.89335,0.8936,7.40,2.40
2010.01.12 18:07:36.847,0.89335,0.8936,13.00,2.40
2010.01.12 18:07:37.317,0.89335,0.89365,11.40,1.70
2010.01.12 18:07:37.436,0.8933,0.8936,15.60,1.00
2010.01.12 18:07:37.817,0.89335,0.89355,3.20,1.60
2010.01.12 18:07:38.566,0.89335,0.89355,2.40,1.60
2010.01.12 18:07:38.926,0.8933,0.89355,2.40,4.20
2010.01.12 18:07:39.626,0.89325,0.89355,5.00,12.20
2010.01.12 18:07:39.856,0.89325,0.89355,9.00,8.20
2010.01.12 18:07:40.086,0.89325,0.89355,8.90,8.10
2010.01.12 18:07:40.257,0.89325,0.89355,9.00,8.20
2010.01.12 18:07:40.486,0.89325,0.8935,8.90,1.00
2010.01.12 18:07:41.176,0.8933,0.8935,1.00,2.40
2010.01.12 18:07:41.576,0.89335,0.89355,2.40,5.60
2010.01.12 18:07:41.796,0.8933,0.89355,1.00,4.80
2010.01.12 18:07:42.146,0.8933,0.89355,4.00,5.00
2010.01.12 18:07:42.366,0.89325,0.89355,11.30,5.00
2010.01.12 18:07:42.605,0.8933,0.89355,4.00,5.00
2010.01.12 18:07:44.025,0.89325,0.8935,12.20,1.60
2010.01.12 18:07:44.665,0.89325,0.8935,1.00,4.80
2010.01.12 18:07:44.935,0.89325,0.8935,4.00,4.80
2010.01.12 18:07:45.445,0.89325,0.8935,5.60,4.80
2010.01.12 18:07:45.725,0.89325,0.8935,12.20,1.60
2010.01.12 18:07:46.604,0.89325,0.8935,13.00,1.60
2010.01.12 18:07:46.945,0.89325,0.8935,12.90,1.00
2010.01.12 18:07:47.635,0.89325,0.8935,12.90,2.60
2010.01.12 18:07:47.974,0.89325,0.89345,12.90,1.60
2010.01.12 18:07:48.314,0.8933,0.89345,1.00,1.60
2010.01.12 18:07:49.034,0.89325,0.89345,1.00,4.00
2010.01.12 18:07:49.374,0.89325,0.8934,4.00,1.00
2010.01.12 18:07:49.674,0.89325,0.8934,1.00,4.20
2010.01.12 18:07:50.014,0.89325,0.89345,1.00,5.00
2010.01.12 18:07:51.053,0.89325,0.8934,1.00,1.00
2010.01.12 18:07:51.393,0.89325,0.8934,1.00,4.20
2010.01.12 18:07:57.882,0.89325,0.89335,1.00,1.00
2010.01.12 18:07:58.172,0.89325,0.89335,1.00,4.10
2010.01.12 18:07:58.402,0.89325,0.89335,1.00,4.20
2010.01.12 18:07:59.271,0.89325,0.89335,1.00,4.00
2010.01.12 18:08:01.961,0.89325,0.89335,1.00,4.10
2010.01.12 18:08:02.201,0.89325,0.89335,1.00,5.00
2010.01.12 18:08:02.381,0.89325,0.89335,1.00,4.80
2010.01.12 18:08:02.601,0.89325,0.89335,1.00,5.00
2010.01.12 18:08:03.400,0.89325,0.89335,1.00,4.80
2010.01.12 18:08:03.750,0.89325,0.89335,1.00,5.00
2010.01.12 18:08:08.049,0.89315,0.89335,1.00,4.80
2010.01.12 18:08:10.279,0.89315,0.89335,1.00,5.00
2010.01.12 18:08:10.449,0.89315,0.89335,1.00,4.80
2010.01.12 18:08:10.789,0.89315,0.89335,1.00,5.00
2010.01.12 18:08:11.078,0.89325,0.89335,1.00,5.00
2010.01.12 18:08:11.428,0.89325,0.89335,1.00,4.80
2010.01.12 18:08:11.778,0.89315,0.89335,2.55,1.70
2010.01.12 18:08:15.398,0.89325,0.89335,1.00,1.60
2010.01.12 18:08:15.747,0.89325,0.89335,1.00,3.40
2010.01.12 18:08:16.077,0.89325,0.89335,1.00,5.00
2010.01.12 18:08:17.757,0.89325,0.89335,1.00,4.80
2010.01.12 18:08:18.107,0.89325,0.89335,1.00,5.00
2010.01.12 18:08:20.157,0.89325,0.89335,1.00,13.00
2010.01.12 18:08:20.336,0.89325,0.89335,1.00,9.00
2010.01.12 18:08:20.496,0.89325,0.89335,1.00,8.80
2010.01.12 18:08:20.726,0.89325,0.89335,1.00,9.00
2010.01.12 18:08:21.076,0.89325,0.89335,1.00,5.00
2010.01.12 18:08:24.575,0.89325,0.89335,1.00,1.70
2010.01.12 18:08:26.965,0.89325,0.89335,1.00,1.60
2010.01.12 18:08:27.195,0.89325,0.89335,1.00,1.70
2010.01.12 18:08:27.305,0.89325,0.89335,1.00,5.00
2010.01.12 18:08:27.415,0.89325,0.89335,1.00,9.00
2010.01.12 18:08:28.294,0.89325,0.89335,1.00,13.00
2010.01.12 18:08:29.444,0.89325,0.89335,1.00,9.70
2010.01.12 18:08:29.724,0.89325,0.89335,1.00,1.70
2010.01.12 18:08:31.554,0.89325,0.89335,1.00,1.60
2010.01.12 18:08:31.733,0.89325,0.8934,1.00,4.90
2010.01.12 18:08:31.954,0.89325,0.89335,1.00,1.70
2010.01.12 18:08:32.274,0.89325,0.89335,1.00,4.20
2010.01.12 18:08:32.603,0.89325,0.89335,1.00,1.70
2010.01.12 18:08:32.893,0.89325,0.89335,1.00,2.50
2010.01.12 18:08:33.233,0.89325,0.89335,1.00,1.70
2010.01.12 18:08:33.583,0.89325,0.89335,1.00,1.60
2010.01.12 18:08:33.913,0.89325,0.89335,1.00,1.00
2010.01.12 18:08:34.443,0.89325,0.8934,1.00,5.50
2010.01.12 18:08:34.843,0.89325,0.89335,1.00,1.60
2010.01.12 18:08:35.253,0.89325,0.89335,1.00,1.60
2010.01.12 18:08:35.543,0.89325,0.89335,1.00,1.60
2010.01.12 18:08:35.773,0.89325,0.8934,1.00,3.20
2010.01.12 18:08:36.522,0.89325,0.8934,1.00,2.40
2010.01.12 18:08:36.862,0.89325,0.89335,1.00,3.40
2010.01.12 18:08:37.162,0.89325,0.89335,1.00,4.20
2010.01.12 18:08:37.502,0.89325,0.8934,1.00,1.00
2010.01.12 18:08:37.852,0.89325,0.8934,1.00,1.00
2010.01.12 18:08:38.532,0.89315,0.8933,1.00,2.40
2010.01.12 18:08:38.882,0.89315,0.89335,1.00,12.10
2010.01.12 18:08:39.232,0.89315,0.8933,1.00,2.40
2010.01.12 18:08:40.291,0.89315,0.89325,1.00,3.40
2010.01.12 18:08:40.471,0.893,0.8932,8.00,2.40
2010.01.12 18:08:40.771,0.89295,0.8932,4.00,2.40
2010.01.12 18:08:41.131,0.8929,0.8932,10.40,2.40
2010.01.12 18:08:41.591,0.8929,0.8932,10.40,6.40
2010.01.12 18:08:41.701,0.8929,0.8932,6.40,2.40
2010.01.12 18:08:42.871,0.8929,0.8932,2.40,10.40
2010.01.12 18:08:44.101,0.8929,0.8932,6.40,4.00
2010.01.12 18:08:44.280,0.8929,0.8932,2.40,8.00
2010.01.12 18:08:44.740,0.8929,0.8932,6.40,4.00
2010.01.12 18:08:45.440,0.8929,0.8932,2.40,8.00
2010.01.12 18:08:47.110,0.8929,0.8932,2.40,10.40
2010.01.12 18:08:47.750,0.89295,0.8932,1.00,8.00
2010.01.12 18:08:47.870,0.89295,0.8932,3.40,8.00
2010.01.12 18:08:48.220,0.893,0.89325,1.00,8.80
2010.01.12 18:08:48.560,0.89295,0.8932,3.20,2.60
2010.01.12 18:08:49.619,0.89305,0.8932,1.00,2.40
2010.01.12 18:08:50.179,0.89305,0.8933,3.20,6.60
2010.01.12 18:08:50.519,0.8931,0.89335,1.00,12.00
2010.01.12 18:08:50.809,0.89305,0.89335,2.40,9.60
2010.01.12 18:08:51.049,0.8931,0.89335,1.00,5.60
2010.01.12 18:08:51.339,0.89305,0.89335,11.40,1.70
2010.01.12 18:08:51.639,0.8931,0.89335,1.00,4.00
2010.01.12 18:08:51.929,0.89305,0.89335,8.80,4.80
2010.01.12 18:08:52.229,0.89305,0.89335,3.40,8.80
2010.01.12 18:08:52.449,0.89305,0.89335,7.40,8.80
2010.01.12 18:08:52.679,0.89305,0.89335,11.20,4.80
2010.01.12 18:08:52.918,0.89305,0.89335,7.20,9.00
2010.01.12 18:08:53.148,0.89305,0.89335,3.40,12.80
2010.01.12 18:08:53.489,0.89305,0.89335,3.20,13.00
2010.01.12 18:08:56.587,0.89305,0.8933,2.40,1.00
2010.01.12 18:08:56.757,0.89305,0.8933,2.40,6.40
2010.01.12 18:08:56.988,0.893,0.8933,10.40,2.40
2010.01.12 18:09:00.337,0.893,0.89325,10.40,2.40
2010.01.12 18:09:01.526,0.893,0.8933,10.60,3.20
2010.01.12 18:09:01.806,0.89295,0.8933,19.30,3.20
2010.01.12 18:09:02.266,0.89305,0.89335,2.40,13.60
2010.01.12 18:09:02.436,0.893,0.89335,10.60,12.00
2010.01.12 18:09:03.756,0.89305,0.89335,4.00,8.00
2010.01.12 18:09:04.096,0.89305,0.89335,8.00,4.00
2010.01.12 18:09:07.355,0.89305,0.89335,4.00,4.00
2010.01.12 18:09:07.655,0.89305,0.89335,4.00,8.00
2010.01.12 18:09:13.564,0.89305,0.89335,8.00,4.20
2010.01.12 18:09:13.914,0.89305,0.8933,3.40,8.00
2010.01.12 18:09:14.254,0.89305,0.89335,10.40,1.60
2010.01.12 18:09:14.484,0.89305,0.89335,8.00,8.00
2010.01.12 18:09:14.754,0.89305,0.89335,3.20,12.80
2010.01.12 18:09:15.043,0.89305,0.8933,10.40,1.00
2010.01.12 18:09:15.634,0.89305,0.89335,11.20,4.80
2010.01.12 18:09:16.333,0.8931,0.89335,2.40,5.00
2010.01.12 18:09:16.693,0.8931,0.89335,4.00,4.80
2010.01.12 18:09:16.863,0.89305,0.89335,16.80,4.80
2010.01.12 18:09:18.432,0.89305,0.8933,15.80,1.00
2010.01.12 18:09:18.762,0.8931,0.89335,2.60,1.60
2010.01.12 18:09:19.112,0.89305,0.89335,11.40,5.00
2010.01.12 18:09:19.462,0.89305,0.89335,7.40,9.00
2010.01.12 18:09:19.802,0.8931,0.89335,2.40,5.60
2010.01.12 18:09:20.162,0.8931,0.89335,2.40,1.60
2010.01.12 18:09:20.522,0.8931,0.8934,6.40,6.40
2010.01.12 18:09:20.882,0.8931,0.89335,7.60,1.70
2010.01.12 18:09:21.272,0.89305,0.8934,12.50,2.60
2010.01.12 18:09:21.602,0.89315,0.8934,3.20,4.00
2010.01.12 18:09:21.722,0.89315,0.8934,1.00,2.60
2010.01.12 18:09:21.892,0.8931,0.8934,6.40,6.60
2010.01.12 18:09:22.112,0.8931,0.8934,6.40,2.60
2010.01.12 18:09:22.281,0.8931,0.89335,6.40,1.00
2010.01.12 18:09:22.452,0.8931,0.89335,6.40,1.00
2010.01.12 18:09:22.571,0.89305,0.89335,12.60,5.00
2010.01.12 18:09:22.931,0.89305,0.89325,8.90,4.00
2010.01.12 18:09:23.282,0.89305,0.89335,12.80,5.00
2010.01.12 18:09:23.611,0.89305,0.8933,8.00,1.00
2010.01.12 18:09:24.001,0.89305,0.8933,7.80,3.40
2010.01.12 18:09:24.701,0.89305,0.8933,7.80,5.00
2010.01.12 18:09:24.861,0.8931,0.8933,6.40,1.00
2010.01.12 18:09:25.031,0.8931,0.8933,2.40,1.00
2010.01.12 18:09:25.311,0.8931,0.89325,2.40,1.00
2010.01.12 18:09:25.481,0.89305,0.8933,10.40,3.60
2010.01.12 18:09:25.601,0.8931,0.8933,2.40,1.00
2010.01.12 18:09:26.121,0.8931,0.8933,6.40,1.00
2010.01.12 18:09:26.470,0.8931,0.8933,2.40,1.00
2010.01.12 18:09:26.830,0.8931,0.8933,6.40,1.00
2010.01.12 18:09:27.580,0.89315,0.8934,2.40,9.40
2010.01.12 18:09:27.851,0.89315,0.8934,4.20,6.40
2010.01.12 18:09:28.250,0.89315,0.8934,2.40,5.00
2010.01.12 18:09:28.540,0.89315,0.8934,2.60,4.80
2010.01.12 18:09:28.930,0.8931,0.8934,7.40,7.40
2010.01.12 18:09:29.280,0.8931,0.8934,6.40,6.40
2010.01.12 18:09:29.620,0.8931,0.8934,3.40,6.40
2010.01.12 18:09:29.940,0.8932,0.89345,1.00,10.40
2010.01.12 18:09:30.290,0.89315,0.89345,13.40,2.40
2010.01.12 18:09:30.909,0.89315,0.8934,13.40,2.40
2010.01.12 18:09:31.259,0.89315,0.89345,13.40,2.40
2010.01.12 18:09:31.609,0.8932,0.8934,4.00,2.40
2010.01.12 18:09:31.949,0.8932,0.8934,8.50,2.40
2010.01.12 18:09:32.299,0.89325,0.89355,2.40,10.40
2010.01.12 18:09:32.699,0.8932,0.8935,3.40,8.90
2010.01.12 18:09:33.049,0.89325,0.89355,2.60,13.60
2010.01.12 18:09:33.719,0.8933,0.89355,3.20,9.60
2010.01.12 18:09:34.068,0.8933,0.89355,3.20,5.60
2010.01.12 18:09:35.109,0.8933,0.89355,1.00,5.60
2010.01.12 18:09:36.618,0.8933,0.8936,1.00,12.40
2010.01.12 18:09:36.958,0.8933,0.89355,1.00,1.60
2010.01.12 18:09:37.308,0.8933,0.89355,1.00,12.00
2010.01.12 18:09:37.428,0.89325,0.8935,1.00,2.40
2010.01.12 18:09:37.838,0.89325,0.8935,1.00,10.40
2010.01.12 18:09:40.457,0.89325,0.8935,1.00,11.20
2010.01.12 18:09:41.197,0.8932,0.89345,3.20,2.40
2010.01.12 18:09:41.557,0.8932,0.89345,1.00,6.40
2010.01.12 18:09:41.617,0.8932,0.89345,1.00,10.40
2010.01.12 18:09:41.907,0.8932,0.89345,1.00,2.40
2010.01.12 18:09:42.357,0.8932,0.89345,1.00,2.60
2010.01.12 18:09:42.756,0.8932,0.89345,1.00,2.40
2010.01.12 18:09:43.106,0.8932,0.89345,4.00,2.40
2010.01.12 18:09:44.346,0.89325,0.8935,3.20,10.40
2010.01.12 18:09:44.676,0.89325,0.8935,3.20,6.40
2010.01.12 18:09:48.035,0.89325,0.8935,3.20,6.60
2010.01.12 18:09:48.265,0.89325,0.8935,3.20,10.60
2010.01.12 18:09:48.495,0.89325,0.8935,3.60,10.60
2010.01.12 18:09:48.735,0.89325,0.8935,3.60,6.60
2010.01.12 18:09:49.075,0.89325,0.8935,3.60,2.60
2010.01.12 18:09:49.415,0.89325,0.8935,3.60,2.40
2010.01.12 18:09:49.945,0.89325,0.8935,3.20,2.40
2010.01.12 18:09:50.176,0.8933,0.89355,1.00,5.70
2010.01.12 18:09:50.355,0.8933,0.89355,1.00,1.70
2010.01.12 18:09:50.685,0.8933,0.89355,1.00,9.70
2010.01.12 18:09:50.864,0.8933,0.89355,1.00,9.60
2010.01.12 18:09:51.215,0.89335,0.89355,3.20,1.60
2010.01.12 18:09:59.012,0.89335,0.89355,1.00,4.00
2010.01.12 18:10:08.080,0.89335,0.89355,1.00,2.40
2010.01.12 18:10:08.190,0.89335,0.8936,1.00,10.60
2010.01.12 18:10:11.270,0.89335,0.89355,1.00,1.60
2010.01.12 18:10:14.329,0.89325,0.8935,2.40,2.40
2010.01.12 18:10:17.548,0.89325,0.8935,2.40,6.40
2010.01.12 18:10:17.948,0.89325,0.8935,2.40,2.40
2010.01.12 18:10:22.007,0.89315,0.89345,5.00,12.20
2010.01.12 18:10:22.937,0.89315,0.89345,9.00,8.20
2010.01.12 18:10:23.227,0.89315,0.89345,13.00,4.20
2010.01.12 18:10:28.635,0.89315,0.89335,11.20,1.00
2010.01.12 18:10:29.225,0.8931,0.89335,11.40,2.40
2010.01.12 18:10:35.424,0.8931,0.89335,2.40,5.00
2010.01.12 18:10:35.714,0.89305,0.8933,3.40,2.40
2010.01.12 18:10:36.114,0.89305,0.8933,3.20,2.60
2010.01.12 18:10:41.972,0.8931,0.89335,2.40,8.20
2010.01.12 18:10:42.322,0.8931,0.89335,2.40,4.20
2010.01.12 18:10:45.482,0.8931,0.89335,2.40,1.60
2010.01.12 18:10:45.711,0.8931,0.89335,2.40,4.00
2010.01.12 18:10:55.969,0.89305,0.8933,6.40,2.60
2010.01.12 18:10:56.299,0.89305,0.8933,2.40,2.60
2010.01.12 18:10:57.688,0.89305,0.8933,2.40,1.00
2010.01.12 18:10:58.259,0.89305,0.89325,1.00,1.00
2010.01.12 18:10:58.838,0.893,0.89325,10.00,1.00
2010.01.12 18:10:59.188,0.893,0.89325,8.80,1.00
2010.01.12 18:10:59.538,0.89295,0.89315,1.60,1.00
2010.01.12 18:10:59.648,0.8929,0.89315,5.20,1.00
2010.01.12 18:10:59.818,0.8929,0.89315,6.40,2.50
2010.01.12 18:10:59.938,0.89285,0.89315,11.20,5.00
2010.01.12 18:11:02.227,0.89285,0.8931,8.00,3.20
2010.01.12 18:11:02.337,0.89285,0.89305,8.00,3.20
2010.01.12 18:11:02.448,0.89275,0.89305,11.80,3.40
2010.01.12 18:11:02.567,0.8928,0.8931,3.40,12.80
2010.01.12 18:11:02.677,0.8928,0.89305,1.00,2.40
2010.01.12 18:11:03.127,0.8928,0.8931,5.00,12.20
2010.01.12 18:11:03.477,0.89285,0.8931,1.00,10.60
2010.01.12 18:11:03.807,0.89285,0.8931,1.00,6.60
2010.01.12 18:11:05.177,0.89285,0.8931,1.00,2.60
2010.01.12 18:11:06.936,0.8929,0.8931,1.00,2.40
2010.01.12 18:11:07.176,0.89295,0.89315,1.00,4.00
2010.01.12 18:11:07.346,0.89295,0.8932,1.00,3.40
2010.01.12 18:11:07.456,0.89295,0.8932,1.00,2.60
2010.01.12 18:11:08.026,0.89295,0.89315,1.00,1.00
2010.01.12 18:11:09.006,0.89295,0.89315,1.00,1.00
2010.01.12 18:11:09.356,0.89295,0.89315,1.00,1.00
2010.01.12 18:11:10.265,0.8929,0.89315,8.80,1.70
2010.01.12 18:11:10.565,0.89285,0.89305,8.00,2.40
2010.01.12 18:11:11.085,0.8928,0.89305,10.40,2.40
2010.01.12 18:11:11.315,0.8928,0.89305,2.40,2.40
2010.01.12 18:11:11.535,0.8928,0.89305,6.40,2.40
2010.01.12 18:11:14.824,0.8928,0.89305,7.20,2.40
2010.01.12 18:11:15.004,0.8928,0.8931,11.20,4.10
2010.01.12 18:11:15.174,0.8928,0.8931,11.20,1.00
2010.01.12 18:11:15.634,0.8928,0.8931,11.80,1.00
2010.01.12 18:11:19.913,0.8928,0.89315,12.00,12.20
2010.01.12 18:11:21.833,0.8928,0.8931,11.80,1.00
2010.01.12 18:11:23.083,0.89285,0.8931,8.00,1.00
2010.01.12 18:11:28.141,0.89285,0.8931,8.00,1.00
2010.01.12 18:11:28.431,0.89285,0.89315,8.00,4.10
2010.01.12 18:11:28.601,0.89285,0.89315,8.00,4.20
2010.01.12 18:11:29.001,0.8929,0.89315,7.20,1.00
2010.01.12 18:11:29.341,0.8929,0.8932,11.20,1.00
2010.01.12 18:11:29.701,0.8929,0.89325,10.40,5.00
2010.01.12 18:11:30.051,0.8929,0.89325,10.40,4.80
2010.01.12 18:11:30.401,0.89295,0.89325,4.00,5.00
2010.01.12 18:11:31.100,0.89295,0.89325,4.00,4.80
2010.01.12 18:11:31.450,0.89295,0.89315,4.00,2.40
2010.01.12 18:11:32.020,0.8929,0.89315,10.40,2.40
2010.01.12 18:11:33.040,0.8929,0.89315,2.40,2.40
2010.01.12 18:11:34.030,0.8929,0.8932,2.40,10.40
2010.01.12 18:11:34.380,0.8929,0.89315,2.40,1.60
2010.01.12 18:11:35.329,0.8929,0.89315,6.40,1.60
2010.01.12 18:11:36.929,0.8929,0.8932,6.40,6.60
2010.01.12 18:11:39.608,0.8929,0.8932,2.40,6.60
2010.01.12 18:11:39.778,0.8929,0.8932,2.40,10.60
2010.01.12 18:11:40.168,0.8929,0.8932,2.40,10.40
2010.01.12 18:11:40.638,0.8929,0.8932,6.40,6.40
2010.01.12 18:11:40.878,0.8929,0.8932,2.40,10.40
2010.01.12 18:11:42.538,0.8929,0.8932,6.40,6.40
2010.01.12 18:11:44.597,0.8929,0.8932,2.40,6.40
2010.01.12 18:11:44.717,0.8929,0.8932,2.40,10.40
2010.01.12 18:11:45.127,0.8929,0.8932,6.40,10.40
2010.01.12 18:11:45.247,0.8929,0.8932,6.40,6.40
2010.01.12 18:11:47.647,0.8929,0.8932,6.40,8.00
2010.01.12 18:11:47.707,0.8929,0.89315,4.00,3.40
2010.01.12 18:11:47.757,0.89295,0.89315,1.00,3.20
2010.01.12 18:11:47.927,0.89295,0.89315,1.00,2.40
2010.01.12 18:11:47.987,0.89295,0.8932,2.60,8.00
2010.01.12 18:11:50.885,0.8929,0.8932,11.80,2.40
2010.01.12 18:11:51.216,0.8929,0.89315,6.60,2.40
2010.01.12 18:11:51.626,0.8929,0.89315,4.90,2.40
2010.01.12 18:11:51.906,0.8929,0.89315,1.00,2.40
2010.01.12 18:11:52.425,0.89295,0.8932,3.20,4.00
2010.01.12 18:11:52.605,0.89295,0.8932,2.40,1.00
2010.01.12 18:11:53.665,0.89295,0.8932,2.40,5.00
2010.01.12 18:11:54.015,0.89295,0.8932,2.40,7.20
2010.01.12 18:11:54.235,0.89295,0.8932,2.40,7.40
2010.01.12 18:11:56.664,0.89295,0.8932,2.40,7.20
2010.01.12 18:11:57.854,0.89295,0.8932,2.40,7.40
2010.01.12 18:11:58.024,0.89295,0.8932,2.40,7.20
2010.01.12 18:11:58.134,0.89295,0.8932,2.40,7.40
2010.01.12 18:12:00.683,0.89295,0.8932,2.40,11.40
2010.01.12 18:12:00.983,0.8929,0.8932,5.00,13.00
2010.01.12 18:12:01.213,0.8929,0.8932,9.00,9.00
2010.01.12 18:12:01.453,0.8929,0.89315,8.20,1.00
2010.01.12 18:12:01.744,0.8929,0.8931,4.00,1.00
2010.01.12 18:12:01.974,0.89285,0.8931,11.20,1.00
2010.01.12 18:12:02.193,0.8929,0.8931,4.00,1.00
2010.01.12 18:12:02.753,0.89285,0.8931,2.40,1.00
2010.01.12 18:12:07.771,0.89285,0.89315,3.20,13.20
2010.01.12 18:12:07.932,0.89285,0.89315,3.20,12.80
2010.01.12 18:12:08.042,0.89285,0.89315,7.20,12.80
2010.01.12 18:12:14.010,0.89285,0.89315,11.20,8.80
2010.01.12 18:12:14.340,0.89285,0.89315,11.20,4.80
2010.01.12 18:12:15.430,0.8929,0.89315,1.00,4.00
2010.01.12 18:12:18.079,0.89285,0.89315,3.20,14.80
2010.01.12 18:12:18.409,0.89285,0.89315,3.40,14.70
2010.01.12 18:12:18.769,0.89285,0.89315,3.20,14.80
2010.01.12 18:12:19.099,0.89285,0.8931,3.20,2.40
2010.01.12 18:12:19.439,0.89285,0.89315,3.20,14.80
2010.01.12 18:12:20.369,0.89285,0.89315,3.20,13.80
2010.01.12 18:12:20.768,0.89285,0.89315,3.20,13.00
2010.01.12 18:12:21.658,0.89285,0.8931,3.20,2.40
2010.01.12 18:12:22.628,0.89285,0.89315,3.20,13.00
2010.01.12 18:12:27.317,0.89285,0.89315,3.20,12.80
2010.01.12 18:12:28.927,0.89285,0.89315,7.20,8.80
2010.01.12 18:12:29.267,0.89285,0.89315,3.20,12.80
2010.01.12 18:12:29.676,0.89285,0.89315,3.20,13.00
2010.01.12 18:12:33.816,0.8929,0.89315,1.20,12.20
2010.01.12 18:12:34.115,0.8929,0.89315,9.40,4.20
2010.01.12 18:12:34.445,0.89295,0.8932,3.20,1.00
2010.01.12 18:12:34.805,0.893,0.8932,2.40,4.00
2010.01.12 18:12:35.145,0.89295,0.89325,5.80,12.20
2010.01.12 18:12:35.485,0.89295,0.89325,5.00,12.20
2010.01.12 18:12:35.825,0.89305,0.89325,1.60,12.00
2010.01.12 18:12:36.165,0.893,0.89325,1.60,6.40
2010.01.12 18:12:36.565,0.89295,0.89325,12.20,4.00
2010.01.12 18:12:36.795,0.89295,0.89325,11.20,5.00
2010.01.12 18:12:36.974,0.893,0.89325,4.00,5.00
2010.01.12 18:12:37.155,0.89295,0.89325,6.40,4.80
2010.01.12 18:12:37.325,0.89295,0.89325,7.40,8.80
2010.01.12 18:12:37.554,0.893,0.89325,2.40,12.80
2010.01.12 18:12:37.964,0.893,0.89325,2.40,12.00
2010.01.12 18:12:38.314,0.89295,0.89325,2.40,8.20
2010.01.12 18:12:38.664,0.89295,0.89325,6.40,8.20
2010.01.12 18:12:39.014,0.893,0.8932,2.40,1.00
2010.01.12 18:12:39.304,0.89295,0.89315,2.40,1.60
2010.01.12 18:12:39.644,0.893,0.89315,2.40,1.60
2010.01.12 18:12:39.974,0.8929,0.89315,2.40,1.60
2010.01.12 18:12:44.203,0.89295,0.8932,2.40,1.00
2010.01.12 18:12:44.553,0.89295,0.89325,2.40,10.40
2010.01.12 18:12:44.893,0.89295,0.89325,2.40,13.00
2010.01.12 18:12:45.012,0.89295,0.89325,2.40,12.20
2010.01.12 18:12:45.233,0.89295,0.89315,2.40,1.60
2010.01.12 18:12:45.643,0.8929,0.89325,7.90,12.00
2010.01.12 18:12:45.932,0.89295,0.89325,2.40,9.60
2010.01.12 18:12:46.282,0.89295,0.89325,2.40,9.70
2010.01.12 18:12:47.542,0.89295,0.89325,2.40,9.60
2010.01.12 18:12:47.712,0.89295,0.89325,6.40,5.60
2010.01.12 18:12:48.072,0.89295,0.89325,10.40,1.60
2010.01.12 18:12:48.362,0.89295,0.89325,10.60,1.60
2010.01.12 18:12:48.642,0.89295,0.89325,7.20,5.60
2010.01.12 18:12:48.972,0.89295,0.89315,8.00,2.40
2010.01.12 18:12:49.262,0.89285,0.89315,10.40,4.00
2010.01.12 18:12:49.601,0.8928,0.8931,10.40,2.40
2010.01.12 18:12:57.549,0.8928,0.89305,10.40,2.40
2010.01.12 18:12:57.829,0.8928,0.89305,6.40,2.40
2010.01.12 18:13:06.397,0.8928,0.8931,10.40,2.40
2010.01.12 18:13:09.077,0.89285,0.8931,1.00,2.40
2010.01.12 18:13:09.427,0.89285,0.89315,3.40,12.80
2010.01.12 18:13:09.777,0.89285,0.89315,6.40,8.00
2010.01.12 18:13:10.157,0.8929,0.89315,4.00,4.00
2010.01.12 18:13:10.547,0.89285,0.8932,10.60,14.80
2010.01.12 18:13:10.957,0.8929,0.89315,2.40,4.00
2010.01.12 18:13:11.646,0.89285,0.8931,8.00,2.40
2010.01.12 18:13:11.996,0.89285,0.89315,8.00,4.00
2010.01.12 18:13:12.286,0.89285,0.89315,8.00,4.00
2010.01.12 18:13:12.636,0.89285,0.89315,8.10,8.00
2010.01.12 18:13:12.756,0.89285,0.89315,10.60,4.00
2010.01.12 18:13:13.086,0.89285,0.89315,10.40,4.00
2010.01.12 18:13:13.446,0.89285,0.89315,8.00,4.00
2010.01.12 18:13:13.786,0.89285,0.89315,10.40,4.00
2010.01.12 18:13:14.765,0.89285,0.89315,10.60,4.00
2010.01.12 18:13:16.845,0.8929,0.89315,2.60,2.40
2010.01.12 18:13:17.075,0.89285,0.8931,8.00,2.40
2010.01.12 18:13:17.695,0.8928,0.8931,10.60,2.40
2010.01.12 18:13:20.264,0.89285,0.89315,2.60,12.80
2010.01.12 18:13:20.484,0.89285,0.8931,4.00,2.40
2010.01.12 18:13:20.934,0.89285,0.89305,4.00,3.20
2010.01.12 18:13:21.284,0.89285,0.8931,8.00,5.00
2010.01.12 18:13:21.624,0.8929,0.8931,3.20,1.70
2010.01.12 18:13:22.024,0.8929,0.8932,12.80,5.00
2010.01.12 18:13:24.533,0.8929,0.8932,13.00,5.00
2010.01.12 18:13:24.813,0.8929,0.8932,4.80,13.80
2010.01.12 18:13:25.133,0.89285,0.8931,10.40,1.00
2010.01.12 18:13:25.423,0.8929,0.8932,3.20,12.20
2010.01.12 18:13:26.413,0.8929,0.8932,3.20,12.00
2010.01.12 18:13:26.992,0.8929,0.8932,3.20,13.80
2010.01.12 18:13:27.273,0.89285,0.89315,11.20,3.20
2010.01.12 18:13:27.512,0.89285,0.8931,6.40,1.00
2010.01.12 18:13:28.352,0.89285,0.89315,7.20,11.20
2010.01.12 18:13:28.642,0.89285,0.8931,2.40,1.00
2010.01.12 18:13:28.822,0.89285,0.8931,10.40,1.00
2010.01.12 18:13:29.052,0.89285,0.89315,7.20,9.20
2010.01.12 18:13:29.262,0.89285,0.89315,3.20,12.80
2010.01.12 18:13:31.951,0.89285,0.8931,6.40,3.20
2010.01.12 18:13:32.121,0.89285,0.8931,2.40,3.20
2010.01.12 18:13:33.271,0.89285,0.8931,2.40,2.40
2010.01.12 18:13:36.510,0.89285,0.89315,5.00,11.20
2010.01.12 18:13:36.860,0.89295,0.89315,1.00,2.40
2010.01.12 18:13:37.030,0.89295,0.89315,1.00,2.40
2010.01.12 18:13:37.190,0.893,0.89315,1.00,2.40
2010.01.12 18:13:37.300,0.893,0.89315,1.00,2.40
2010.01.12 18:13:37.580,0.89295,0.89315,9.70,2.40
2010.01.12 18:13:37.690,0.893,0.8932,4.00,2.40
2010.01.12 18:13:37.860,0.89295,0.8932,12.20,2.40
2010.01.12 18:13:38.560,0.893,0.8933,2.40,10.40
2010.01.12 18:13:38.860,0.893,0.8933,2.40,10.40
2010.01.12 18:13:39.589,0.89305,0.8933,1.00,10.40
2010.01.12 18:13:39.939,0.89305,0.8933,2.60,4.00
2010.01.12 18:13:40.160,0.89305,0.8933,4.20,8.00
2010.01.12 18:13:40.389,0.8931,0.8933,2.40,8.00
2010.01.12 18:13:40.499,0.89305,0.8933,2.40,8.00
2010.01.12 18:13:40.609,0.89305,0.8933,2.60,10.40
2010.01.12 18:13:40.729,0.89305,0.8933,2.60,2.40
2010.01.12 18:13:40.839,0.89305,0.8933,10.60,2.40
2010.01.12 18:13:40.959,0.89305,0.8933,8.00,2.40
2010.01.12 18:13:41.319,0.893,0.8933,6.60,6.40
2010.01.12 18:13:41.649,0.893,0.8933,2.60,10.40
2010.01.12 18:13:42.049,0.893,0.8933,2.40,10.40
2010.01.12 18:13:43.229,0.893,0.8933,2.40,11.50
2010.01.12 18:13:43.609,0.89295,0.8932,4.00,1.00
2010.01.12 18:13:43.958,0.89295,0.8932,2.40,1.00
2010.01.12 18:13:48.707,0.89295,0.8932,2.60,1.00
2010.01.12 18:13:49.097,0.89295,0.89325,5.00,11.20
2010.01.12 18:13:49.677,0.89295,0.89325,3.40,11.20
2010.01.12 18:13:50.297,0.893,0.89325,2.40,8.00
2010.01.12 18:13:50.527,0.893,0.8933,2.40,11.50
2010.01.12 18:13:51.467,0.89295,0.8933,12.00,11.50
2010.01.12 18:13:51.756,0.89295,0.8933,12.00,10.40
2010.01.12 18:13:52.336,0.89295,0.8933,12.00,10.60
2010.01.12 18:13:52.636,0.89295,0.8932,8.00,2.40
2010.01.12 18:13:53.086,0.8929,0.8932,6.40,6.40
2010.01.12 18:13:53.376,0.8929,0.8932,2.60,6.40
2010.01.12 18:13:53.676,0.8929,0.8932,6.60,2.40
2010.01.12 18:13:58.285,0.89295,0.8932,1.60,2.40
2010.01.12 18:13:58.575,0.893,0.8932,4.00,2.40
2010.01.12 18:13:58.815,0.8929,0.8932,6.60,2.40
2010.01.12 18:13:59.095,0.893,0.8932,1.00,2.40
2010.01.12 18:14:00.105,0.893,0.8932,1.00,10.40
2010.01.12 18:14:03.523,0.89295,0.8932,4.20,6.40
2010.01.12 18:14:05.893,0.89295,0.8932,4.20,2.40
2010.01.12 18:14:07.623,0.89295,0.89315,4.20,1.00
2010.01.12 18:14:07.733,0.89295,0.89315,2.60,1.00
2010.01.12 18:14:07.853,0.89295,0.89315,1.00,3.20
2010.01.12 18:14:16.421,0.89295,0.89315,1.00,7.20
2010.01.12 18:14:16.601,0.89295,0.89315,1.00,3.20
2010.01.12 18:14:31.057,0.8929,0.8931,2.60,1.60
2010.01.12 18:14:31.407,0.89295,0.89315,1.00,10.40
2010.01.12 18:14:31.757,0.89295,0.89315,2.60,8.00
2010.01.12 18:14:32.407,0.893,0.89315,1.00,8.00
2010.01.12 18:14:32.677,0.893,0.8932,1.00,6.40
2010.01.12 18:14:33.236,0.893,0.8932,1.00,4.00
2010.01.12 18:14:33.576,0.893,0.89325,3.20,10.40
2010.01.12 18:14:33.906,0.893,0.89325,2.40,11.20
2010.01.12 18:14:40.795,0.893,0.89325,2.60,8.80
2010.01.12 18:14:40.915,0.89305,0.89325,2.60,8.00
2010.01.12 18:14:41.544,0.89305,0.8933,2.60,10.40
2010.01.12 18:14:44.764,0.89305,0.8933,2.60,6.40
2010.01.12 18:14:45.104,0.89305,0.8933,2.60,10.40
2010.01.12 18:14:45.393,0.89305,0.8933,2.60,6.40
2010.01.12 18:14:46.613,0.89305,0.8933,2.60,10.40
2010.01.12 18:14:49.272,0.89305,0.8933,2.60,6.40
2010.01.12 18:14:50.432,0.89305,0.8933,2.60,7.20
2010.01.12 18:14:50.672,0.89305,0.8933,2.60,3.20
2010.01.12 18:14:51.142,0.89305,0.8933,2.60,7.20
2010.01.12 18:14:56.091,0.89305,0.8933,3.20,2.60
2010.01.12 18:14:56.151,0.89305,0.8933,3.20,4.20
2010.01.12 18:14:56.261,0.89305,0.8933,4.80,2.60
2010.01.12 18:14:56.611,0.8931,0.89335,2.60,12.00
2010.01.12 18:14:56.961,0.89315,0.8934,2.40,10.60
2010.01.12 18:14:58.111,0.89315,0.8934,2.40,10.40
2010.01.12 18:14:58.390,0.89315,0.8934,2.60,10.40
2010.01.12 18:14:59.290,0.89315,0.8934,2.60,2.40
2010.01.12 18:14:59.590,0.89315,0.8934,2.40,5.00
2010.01.12 18:14:59.770,0.8931,0.89335,2.60,10.40
2010.01.12 18:15:00.060,0.89305,0.8933,5.00,2.40
2010.01.12 18:15:00.280,0.89305,0.8933,3.40,6.40
2010.01.12 18:15:00.850,0.89305,0.8933,3.40,2.40
2010.01.12 18:15:01.760,0.89305,0.8933,3.20,4.00
2010.01.12 18:15:02.050,0.89305,0.8933,3.20,12.00
2010.01.12 18:15:10.238,0.89305,0.8933,3.20,8.00
2010.01.12 18:15:11.218,0.893,0.8933,8.20,8.80
2010.01.12 18:15:12.037,0.89305,0.8933,2.40,8.00
2010.01.12 18:15:12.327,0.89305,0.8933,3.40,4.00
2010.01.12 18:15:13.527,0.89305,0.8933,4.80,4.00
2010.01.12 18:15:13.877,0.89305,0.8933,2.40,6.40
2010.01.12 18:15:14.097,0.89305,0.89335,5.00,14.60
2010.01.12 18:15:14.267,0.89305,0.8933,5.00,1.60
2010.01.12 18:15:14.837,0.89305,0.8933,9.00,1.60
2010.01.12 18:15:15.526,0.89305,0.8933,5.00,1.60
2010.01.12 18:15:15.766,0.8931,0.8933,1.00,1.60
2010.01.12 18:15:16.056,0.89305,0.8933,2.90,1.00
2010.01.12 18:15:16.286,0.89305,0.8933,1.00,4.80
2010.01.12 18:15:16.576,0.89305,0.8933,1.00,12.80
2010.01.12 18:15:18.136,0.893,0.8933,5.00,13.00
2010.01.12 18:15:18.606,0.89305,0.89335,2.40,24.60
2010.01.12 18:15:18.726,0.89305,0.89325,2.60,1.00
2010.01.12 18:15:18.846,0.893,0.89325,2.60,3.20
2010.01.12 18:15:19.186,0.893,0.89325,1.00,7.20
2010.01.12 18:15:19.526,0.893,0.89325,1.00,3.20
2010.01.12 18:15:19.865,0.893,0.89325,1.00,11.20
2010.01.12 18:15:20.565,0.893,0.89325,2.60,11.20
2010.01.12 18:15:20.905,0.893,0.89325,2.40,7.40
2010.01.12 18:15:21.255,0.89295,0.8932,2.60,7.20
2010.01.12 18:15:21.605,0.89295,0.89325,2.60,13.00
2010.01.12 18:15:21.995,0.89295,0.89325,4.10,10.40
2010.01.12 18:15:22.225,0.89295,0.8932,2.60,2.40
2010.01.12 18:15:22.515,0.89295,0.89325,4.20,8.00
2010.01.12 18:15:22.795,0.89295,0.8932,4.10,2.40
2010.01.12 18:15:23.034,0.89295,0.8932,4.20,2.40
2010.01.12 18:15:24.724,0.89285,0.89315,3.00,12.00
2010.01.12 18:15:25.064,0.89285,0.8931,2.60,4.00
2010.01.12 18:15:25.404,0.89285,0.89315,2.60,12.00
2010.01.12 18:15:25.644,0.89285,0.8931,2.60,1.00
2010.01.12 18:15:25.874,0.8929,0.89315,2.40,2.00
2010.01.12 18:15:26.164,0.8929,0.89315,2.40,1.60
2010.01.12 18:15:26.394,0.89295,0.8932,2.60,8.80
2010.01.12 18:15:26.633,0.89295,0.8932,2.60,1.00
2010.01.12 18:15:26.983,0.89295,0.8932,2.60,2.40
2010.01.12 18:15:27.343,0.89295,0.89315,1.00,2.40
2010.01.12 18:15:27.703,0.89285,0.89315,13.60,2.40
2010.01.12 18:15:28.044,0.89285,0.8931,11.10,4.00
2010.01.12 18:15:28.153,0.89285,0.89315,12.20,2.40
2010.01.12 18:15:28.553,0.89285,0.89315,5.00,10.40
2010.01.12 18:15:29.366,0.8929,0.89315,1.00,8.00
2010.01.12 18:15:29.713,0.8929,0.8932,4.10,6.40
2010.01.12 18:15:30.743,0.8929,0.8932,1.00,10.40
2010.01.12 18:15:31.793,0.89295,0.8932,2.60,2.40
2010.01.12 18:15:31.852,0.89295,0.8932,2.40,2.40
2010.01.12 18:15:31.962,0.8929,0.8932,10.60,2.40
2010.01.12 18:15:32.353,0.8929,0.8932,6.60,7.20
2010.01.12 18:15:32.712,0.8929,0.8931,2.40,1.00
2010.01.12 18:15:33.512,0.8929,0.89315,2.40,12.80
2010.01.12 18:15:34.961,0.8929,0.8931,2.40,1.00
2010.01.12 18:15:35.632,0.8929,0.89315,2.40,12.80
2010.01.12 18:15:35.862,0.8929,0.89315,2.40,14.00
2010.01.12 18:15:36.082,0.8928,0.89305,2.40,6.40
2010.01.12 18:15:36.421,0.8928,0.89305,2.40,8.00
2010.01.12 18:15:36.761,0.89275,0.89305,6.60,8.00
2010.01.12 18:15:44.939,0.89275,0.89305,7.40,8.00
2010.01.12 18:15:45.289,0.8928,0.89305,2.40,2.40
2010.01.12 18:15:45.799,0.89275,0.893,6.60,2.40
2010.01.12 18:15:46.029,0.89275,0.893,2.60,2.40
2010.01.12 18:15:50.618,0.89275,0.893,2.60,6.40
2010.01.12 18:15:50.728,0.89275,0.893,2.60,10.40
2010.01.12 18:15:52.818,0.89275,0.893,2.60,6.40
2010.01.12 18:15:52.988,0.89275,0.893,3.40,6.40
2010.01.12 18:15:53.107,0.89275,0.893,3.40,10.40
2010.01.12 18:15:53.217,0.8928,0.893,2.40,8.00
2010.01.12 18:15:53.817,0.8927,0.893,5.80,4.00
2010.01.12 18:15:54.167,0.8927,0.893,3.40,4.00
2010.01.12 18:15:56.676,0.8927,0.893,3.80,4.00
2010.01.12 18:15:57.306,0.8927,0.893,7.80,4.00
2010.01.12 18:15:57.576,0.8927,0.89305,11.80,12.00
2010.01.12 18:15:58.886,0.8927,0.893,11.80,1.00
2010.01.12 18:15:59.176,0.89265,0.8929,1.70,1.00
2010.01.12 18:15:59.466,0.8926,0.8929,6.60,1.00
2010.01.12 18:15:59.746,0.8926,0.89295,10.60,12.00
2010.01.12 18:16:00.045,0.89265,0.89295,1.00,12.00
2010.01.12 18:16:08.633,0.89265,0.89295,2.60,12.00
2010.01.12 18:16:08.933,0.89265,0.89295,1.00,12.00
2010.01.12 18:16:09.223,0.89265,0.89295,4.20,10.40
2010.01.12 18:16:09.513,0.89265,0.89295,8.20,6.40
2010.01.12 18:16:09.914,0.89265,0.89295,12.20,2.40
2010.01.12 18:16:11.183,0.89265,0.89295,12.00,2.40
2010.01.12 18:16:11.403,0.89265,0.89295,8.00,2.40
2010.01.12 18:16:11.633,0.89265,0.89295,4.00,8.00
2010.01.12 18:16:12.213,0.8927,0.893,2.60,11.50
2010.01.12 18:16:12.493,0.8927,0.89295,2.60,4.00
2010.01.12 18:16:13.132,0.8927,0.893,2.60,10.40
2010.01.12 18:16:13.243,0.8927,0.89295,1.00,2.40
2010.01.12 18:16:13.413,0.8927,0.89295,2.60,4.00
2010.01.12 18:16:13.582,0.8927,0.89295,1.00,6.40
2010.01.12 18:16:13.692,0.8927,0.89295,1.00,10.40
2010.01.12 18:16:14.032,0.89265,0.89295,4.20,10.40
2010.01.12 18:16:14.722,0.89265,0.89295,1.60,10.40
2010.01.12 18:16:15.072,0.8926,0.89295,15.80,12.00
2010.01.12 18:16:20.741,0.8926,0.8929,1.00,11.40
2010.01.12 18:16:21.940,0.89255,0.89285,18.60,2.40
2010.01.12 18:16:22.240,0.8926,0.89285,10.40,1.60
2010.01.12 18:16:22.530,0.8926,0.89285,6.40,1.60
2010.01.12 18:16:22.710,0.8926,0.89295,6.40,12.80
2010.01.12 18:16:22.950,0.8926,0.89295,10.40,12.80
2010.01.12 18:16:25.219,0.8926,0.89295,10.50,12.90
2010.01.12 18:16:25.499,0.8926,0.8929,2.60,8.00
2010.01.12 18:16:25.789,0.8926,0.89295,13.00,13.60
2010.01.12 18:16:26.059,0.89265,0.89295,9.20,4.20
2010.01.12 18:16:26.339,0.8927,0.89295,2.40,1.60
2010.01.12 18:16:27.199,0.8928,0.893,2.40,8.80
2010.01.12 18:16:27.499,0.8928,0.893,2.40,1.00
2010.01.12 18:16:27.859,0.8928,0.893,2.40,4.00
2010.01.12 18:16:28.269,0.8928,0.89305,2.40,13.90
2010.01.12 18:16:28.899,0.8928,0.89305,2.40,14.30
2010.01.12 18:16:29.238,0.8928,0.89305,2.40,13.90
2010.01.12 18:16:29.928,0.8928,0.89305,2.40,15.50
2010.01.12 18:16:30.278,0.89275,0.89295,2.40,1.60
2010.01.12 18:16:30.578,0.8927,0.89295,2.40,4.00
2010.01.12 18:16:30.868,0.8927,0.89295,2.40,8.00
2010.01.12 18:16:31.098,0.8927,0.89295,2.40,4.00
2010.01.12 18:16:31.498,0.8927,0.89295,2.40,8.00
2010.01.12 18:16:32.718,0.8927,0.89295,2.40,4.00
2010.01.12 18:16:33.778,0.8927,0.89295,2.40,8.00
2010.01.12 18:16:34.357,0.8927,0.89295,2.40,12.00
2010.01.12 18:16:34.697,0.8927,0.89295,2.40,8.00
2010.01.12 18:16:39.186,0.8927,0.89295,2.40,4.00
2010.01.12 18:16:40.456,0.89265,0.8929,10.60,3.20
2010.01.12 18:16:40.736,0.89265,0.89285,2.40,4.00
2010.01.12 18:16:41.256,0.8926,0.8928,2.40,1.00
2010.01.12 18:16:41.496,0.8926,0.89285,4.80,1.60
2010.01.12 18:16:41.855,0.89255,0.89285,14.20,6.40
2010.01.12 18:16:42.216,0.8926,0.89285,1.00,12.00
2010.01.12 18:16:43.035,0.8926,0.89285,3.60,4.00
2010.01.12 18:16:43.255,0.8926,0.89285,3.20,4.00
2010.01.12 18:16:43.715,0.8926,0.8929,3.20,11.40
2010.01.12 18:16:44.065,0.8926,0.8929,1.00,11.20
2010.01.12 18:16:44.405,0.8926,0.8929,2.60,10.40
2010.01.12 18:16:44.745,0.8926,0.8929,11.40,2.40
2010.01.12 18:16:45.095,0.8926,0.8928,10.40,2.40
2010.01.12 18:16:45.415,0.8926,0.89285,2.40,6.40
2010.01.12 18:16:45.705,0.8926,0.89285,2.60,6.40
2010.01.12 18:16:46.064,0.8926,0.8928,2.40,1.00
2010.01.12 18:16:46.395,0.89255,0.8928,2.60,7.20
2010.01.12 18:16:47.194,0.89255,0.8928,2.60,11.20
2010.01.12 18:16:48.584,0.89255,0.8928,1.00,11.20
2010.01.12 18:16:51.803,0.89255,0.89275,1.00,1.00
2010.01.12 18:16:52.273,0.89255,0.89275,1.00,4.80
2010.01.12 18:16:53.103,0.89255,0.89275,1.00,4.00
2010.01.12 18:16:54.552,0.8925,0.89275,3.40,4.00
2010.01.12 18:16:54.942,0.89255,0.89275,1.00,8.80
2010.01.12 18:16:55.282,0.89255,0.8928,1.00,11.20
2010.01.12 18:16:57.492,0.89255,0.89275,3.40,8.00
2010.01.12 18:16:57.732,0.89255,0.89275,3.40,4.00
2010.01.12 18:17:01.191,0.89255,0.89275,3.40,8.00
2010.01.12 18:17:01.541,0.89255,0.89275,3.40,4.00
2010.01.12 18:17:02.471,0.89255,0.8928,3.40,8.00
2010.01.12 18:17:03.290,0.89255,0.89275,3.40,4.00
2010.01.12 18:17:03.470,0.89255,0.8928,3.40,8.00
2010.01.12 18:17:03.690,0.8925,0.8928,3.80,8.00
2010.01.12 18:17:03.932,0.89255,0.8928,1.00,8.80
2010.01.12 18:17:04.100,0.8926,0.8928,1.00,7.20
2010.01.12 18:17:04.321,0.8925,0.8928,10.60,2.40
2010.01.12 18:17:04.670,0.89255,0.89285,2.40,12.80
2010.01.12 18:17:07.170,0.89255,0.89285,2.60,13.00
2010.01.12 18:17:07.499,0.89255,0.89285,2.40,12.80
2010.01.12 18:17:08.519,0.8925,0.89285,4.10,12.80
2010.01.12 18:17:08.869,0.89245,0.8928,16.00,8.00
2010.01.12 18:17:09.569,0.8925,0.8928,1.00,10.40
2010.01.12 18:17:09.899,0.8925,0.8928,4.10,6.40
2010.01.12 18:17:11.948,0.8925,0.8928,4.00,6.40
2010.01.12 18:17:12.518,0.8926,0.89285,1.00,8.80
2010.01.12 18:17:12.808,0.89255,0.89285,3.40,12.80
2010.01.12 18:17:13.388,0.89255,0.89285,3.20,12.80
2010.01.12 18:17:13.678,0.89255,0.89285,3.40,12.80
2010.01.12 18:17:16.417,0.89255,0.89285,7.40,8.80
2010.01.12 18:17:16.597,0.89255,0.89285,11.40,4.80
2010.01.12 18:17:16.827,0.89255,0.89285,8.90,8.80
2010.01.12 18:17:17.047,0.89255,0.89285,4.90,8.80
2010.01.12 18:17:17.217,0.89255,0.89285,8.90,4.80
2010.01.12 18:17:17.557,0.89255,0.89285,6.50,11.40
2010.01.12 18:17:17.907,0.89255,0.8928,5.00,2.40
2010.01.12 18:17:18.307,0.8925,0.8927,8.00,4.00
2010.01.12 18:17:18.417,0.89245,0.89265,8.90,2.40
2010.01.12 18:17:18.697,0.89245,0.8927,8.90,2.40
2010.01.12 18:17:18.817,0.89245,0.89275,10.60,2.40
2010.01.12 18:17:18.927,0.89245,0.8926,8.10,3.20
2010.01.12 18:17:19.047,0.89245,0.8927,8.10,3.60
2010.01.12 18:17:19.207,0.89245,0.89265,1.00,3.20
2010.01.12 18:17:20.236,0.89245,0.8927,2.60,3.60
2010.01.12 18:17:20.566,0.89245,0.8927,6.60,3.20
2010.01.12 18:17:20.866,0.8925,0.8927,4.10,2.40
2010.01.12 18:17:21.376,0.8925,0.8927,8.00,2.40
2010.01.12 18:17:21.726,0.8925,0.8927,4.00,2.40
2010.01.12 18:17:22.066,0.89245,0.89265,8.10,2.40
2010.01.12 18:17:22.406,0.89245,0.8927,1.00,11.20
2010.01.12 18:17:22.756,0.89245,0.8927,1.00,3.20
2010.01.12 18:17:25.445,0.89245,0.8927,1.00,2.40
2010.01.12 18:17:25.675,0.89245,0.8926,1.00,1.00
2010.01.12 18:17:25.845,0.89245,0.8927,1.00,8.30
2010.01.12 18:17:26.075,0.89245,0.8927,1.00,16.30
2010.01.12 18:17:26.645,0.89245,0.8927,1.00,12.30
2010.01.12 18:17:27.264,0.89245,0.8927,1.00,16.30
2010.01.12 18:17:28.154,0.89245,0.89265,1.00,2.40
2010.01.12 18:17:28.264,0.89245,0.89265,1.00,2.80
2010.01.12 18:17:28.434,0.89245,0.89265,1.00,6.80
2010.01.12 18:17:28.554,0.89245,0.89265,1.00,10.80
2010.01.12 18:17:30.494,0.8924,0.8926,1.00,2.40
2010.01.12 18:17:30.844,0.8924,0.89265,1.00,8.00
2010.01.12 18:17:33.533,0.8924,0.89265,1.00,4.00
2010.01.12 18:17:33.823,0.8924,0.89265,1.00,8.00
2010.01.12 18:17:34.853,0.89235,0.89265,3.40,12.80
2010.01.12 18:17:36.872,0.89235,0.89265,2.60,13.60
2010.01.12 18:17:37.392,0.89235,0.8926,2.60,4.00
2010.01.12 18:17:37.622,0.89235,0.8926,2.60,4.80
2010.01.12 18:17:38.092,0.89235,0.8926,2.60,8.80
2010.01.12 18:17:38.322,0.89235,0.8926,2.60,4.00
2010.01.12 18:17:39.292,0.89235,0.8926,3.40,4.00
2010.01.12 18:17:39.451,0.89235,0.89265,3.40,9.60
2010.01.12 18:17:39.782,0.8924,0.89265,1.00,1.60
2010.01.12 18:17:40.471,0.8924,0.89265,3.40,5.60
2010.01.12 18:17:40.582,0.8924,0.89265,3.40,4.00
2010.01.12 18:17:40.762,0.8924,0.8927,3.40,10.60
2010.01.12 18:17:41.511,0.8924,0.8927,2.60,10.60
2010.01.12 18:17:41.861,0.8924,0.89265,2.60,4.00
2010.01.12 18:17:42.201,0.8924,0.89265,1.00,4.00
2010.01.12 18:17:42.551,0.8924,0.89265,1.00,5.60
2010.01.12 18:17:43.791,0.89235,0.89265,5.70,4.00
2010.01.12 18:17:46.900,0.8924,0.89265,2.40,4.00
2010.01.12 18:17:47.080,0.8924,0.89265,2.40,8.00
2010.01.12 18:17:47.310,0.8924,0.8927,2.40,10.40
2010.01.12 18:17:47.470,0.8924,0.8927,2.40,10.60
2010.01.12 18:17:47.880,0.8924,0.8927,2.60,8.00
2010.01.12 18:17:48.240,0.8924,0.8927,2.40,12.40
2010.01.12 18:17:48.580,0.8924,0.8927,1.00,11.20
2010.01.12 18:17:48.929,0.89235,0.8927,12.20,11.20
2010.01.12 18:17:49.279,0.89245,0.8927,2.40,2.40
2010.01.12 18:17:50.639,0.89245,0.8927,2.40,8.00
2010.01.12 18:17:50.989,0.89245,0.89275,2.40,12.60
2010.01.12 18:17:51.509,0.8925,0.89275,2.40,12.00
2010.01.12 18:17:51.739,0.89245,0.89275,3.20,9.60
2010.01.12 18:17:52.359,0.89245,0.8927,1.00,3.40
2010.01.12 18:17:52.658,0.8924,0.8927,3.40,11.40
2010.01.12 18:17:54.578,0.89245,0.8927,1.00,11.20
2010.01.12 18:17:54.858,0.89245,0.8927,2.60,11.20
2010.01.12 18:17:55.138,0.89245,0.8927,2.60,7.20
2010.01.12 18:17:56.228,0.89245,0.8927,2.60,11.20
2010.01.12 18:17:56.508,0.89245,0.8927,1.00,11.20
2010.01.12 18:17:57.187,0.8924,0.8927,4.80,11.40
2010.01.12 18:17:57.857,0.89245,0.8927,2.40,8.00
2010.01.12 18:17:58.027,0.89245,0.89275,2.40,12.00
2010.01.12 18:17:58.147,0.89245,0.89275,2.40,12.00
2010.01.12 18:17:58.657,0.8924,0.8927,12.00,2.40
2010.01.12 18:17:58.997,0.8924,0.89265,5.50,2.40
2010.01.12 18:17:59.337,0.8924,0.89265,1.00,2.40
2010.01.12 18:18:00.387,0.89235,0.89265,17.60,2.40
2010.01.12 18:18:01.296,0.8924,0.89265,2.60,2.40
2010.01.12 18:18:02.126,0.8925,0.89265,1.00,2.40
2010.01.12 18:18:02.406,0.8924,0.8927,2.60,8.00
2010.01.12 18:18:02.746,0.89235,0.8927,17.60,8.00
2010.01.12 18:18:03.036,0.8924,0.89265,2.40,1.60
2010.01.12 18:18:03.206,0.89235,0.89265,16.00,1.60
2010.01.12 18:18:04.346,0.8924,0.89265,2.60,1.60
2010.01.12 18:18:04.695,0.8924,0.8927,2.60,8.00
2010.01.12 18:18:06.255,0.89245,0.8927,3.40,4.00
2010.01.12 18:18:06.485,0.89245,0.89275,2.60,8.00
2010.01.12 18:18:07.025,0.89245,0.89275,2.60,9.60
2010.01.12 18:18:08.395,0.89245,0.89275,3.20,9.60
2010.01.12 18:18:08.455,0.89245,0.89275,4.00,5.60
2010.01.12 18:18:08.575,0.8925,0.89275,1.00,4.00
2010.01.12 18:18:08.695,0.8925,0.8928,1.00,10.40
2010.01.12 18:18:09.154,0.8925,0.89275,1.00,4.00
2010.01.12 18:18:09.504,0.8925,0.89275,1.00,5.60
2010.01.12 18:18:11.844,0.8925,0.89275,1.00,9.60
2010.01.12 18:18:12.544,0.89245,0.89275,3.40,9.60
2010.01.12 18:18:14.363,0.8925,0.89275,2.40,9.60
2010.01.12 18:18:14.593,0.89245,0.89275,2.40,12.20
2010.01.12 18:18:14.933,0.8925,0.89275,1.00,12.00
2010.01.12 18:18:15.283,0.8925,0.89275,1.00,10.40
2010.01.12 18:18:16.023,0.8925,0.89275,2.60,6.40
2010.01.12 18:18:17.003,0.8925,0.89275,2.60,2.40
2010.01.12 18:18:20.392,0.8925,0.89275,2.60,6.40
2010.01.12 18:18:26.950,0.8925,0.89275,2.60,2.40
2010.01.12 18:18:28.820,0.8925,0.89275,2.60,6.40
2010.01.12 18:18:32.829,0.89255,0.89275,1.00,6.40
2010.01.12 18:18:33.059,0.89255,0.89275,1.00,2.40
2010.01.12 18:18:40.067,0.89255,0.89275,1.00,10.40
2010.01.12 18:18:40.687,0.89255,0.89275,1.00,2.40
2010.01.12 18:18:41.986,0.89255,0.89275,1.00,2.40
2010.01.12 18:18:42.926,0.89255,0.89275,1.00,10.40
2010.01.12 18:18:43.486,0.89255,0.89275,1.00,6.40
2010.01.12 18:18:45.676,0.89255,0.89275,1.00,2.40
2010.01.12 18:18:47.285,0.8925,0.89275,2.80,10.40
2010.01.12 18:18:47.625,0.89245,0.89275,2.60,13.00
2010.01.12 18:18:47.795,0.89245,0.8927,1.00,4.00
2010.01.12 18:18:47.965,0.89245,0.8927,1.00,8.00
2010.01.12 18:18:48.315,0.8925,0.8927,2.60,4.00
2010.01.12 18:18:48.485,0.89255,0.89275,1.00,2.40
2010.01.12 18:18:48.665,0.8925,0.89275,2.60,2.40
2010.01.12 18:18:49.045,0.8925,0.8927,1.00,2.40
2010.01.12 18:18:49.759,0.8925,0.89265,1.00,2.40
2010.01.12 18:18:50.055,0.89245,0.89265,1.70,2.40
2010.01.12 18:18:50.455,0.89245,0.8927,4.20,2.40
2010.01.12 18:18:50.785,0.8924,0.8926,1.00,2.40
2010.01.12 18:18:51.024,0.89235,0.89265,9.00,4.10
2010.01.12 18:18:51.245,0.89235,0.89265,9.00,6.40
2010.01.12 18:18:51.414,0.89235,0.89265,7.40,4.00
2010.01.12 18:18:51.595,0.89235,0.89265,3.40,8.00
2010.01.12 18:18:51.834,0.89235,0.89265,7.40,4.00
2010.01.12 18:18:53.054,0.89235,0.8926,6.60,3.20
2010.01.12 18:18:53.174,0.89235,0.8926,7.40,2.40
2010.01.12 18:18:53.274,0.89235,0.89265,3.40,10.50
2010.01.12 18:18:53.394,0.89235,0.89265,7.40,4.00
2010.01.12 18:18:54.044,0.89235,0.89265,7.40,6.40
2010.01.12 18:18:54.394,0.8924,0.89265,1.00,12.00
2010.01.12 18:18:54.744,0.8924,0.89255,1.00,2.40
2010.01.12 18:18:55.104,0.89235,0.89265,3.40,12.00
2010.01.12 18:18:56.823,0.89235,0.89265,3.20,12.20
2010.01.12 18:18:57.173,0.89235,0.89265,11.40,4.00
2010.01.12 18:18:57.683,0.89235,0.89265,3.40,12.00
2010.01.12 18:18:59.253,0.89235,0.89265,7.00,9.60
2010.01.12 18:18:59.552,0.89235,0.89265,10.60,1.60
2010.01.12 18:18:59.902,0.89235,0.8927,10.60,10.40
2010.01.12 18:19:01.362,0.89235,0.89265,10.60,2.40
2010.01.12 18:19:01.712,0.89245,0.89265,1.00,12.00
2010.01.12 18:19:02.052,0.89245,0.8927,1.00,10.40
2010.01.12 18:19:02.402,0.89245,0.8927,1.00,11.20
2010.01.12 18:19:02.691,0.89245,0.89275,1.00,22.90
2010.01.12 18:19:03.732,0.8925,0.8927,1.00,6.40
2010.01.12 18:19:04.021,0.8925,0.8927,1.00,2.40
2010.01.12 18:19:04.311,0.8925,0.89275,2.60,8.00
2010.01.12 18:19:04.542,0.8925,0.8928,2.60,11.40
2010.01.12 18:19:04.891,0.8925,0.89275,2.60,2.40
2010.01.12 18:19:08.970,0.89245,0.89275,12.20,3.20
2010.01.12 18:19:09.320,0.89245,0.8927,1.00,2.40
2010.01.12 18:19:11.969,0.8925,0.8927,1.00,2.40
2010.01.12 18:19:26.376,0.8925,0.8927,1.00,6.40
2010.01.12 18:19:26.946,0.8925,0.8927,1.00,2.40
2010.01.12 18:19:27.306,0.8925,0.8927,1.00,6.40
2010.01.12 18:19:27.776,0.8925,0.8927,1.00,2.40
2010.01.12 18:19:28.415,0.8925,0.8927,1.00,3.40
2010.01.12 18:19:28.535,0.8925,0.8927,1.00,2.40
2010.01.12 18:19:28.945,0.8925,0.89265,1.00,2.40
2010.01.12 18:19:29.236,0.8925,0.8927,1.00,2.40
2010.01.12 18:19:29.465,0.8924,0.89265,11.20,2.40
2010.01.12 18:19:29.745,0.8924,0.89265,6.60,2.40
2010.01.12 18:19:31.135,0.89245,0.89265,1.00,2.40
2010.01.12 18:19:31.365,0.89245,0.8927,12.20,2.40
2010.01.12 18:19:31.595,0.89245,0.89275,12.20,2.40
2010.01.12 18:19:32.574,0.89245,0.8927,4.10,3.20
2010.01.12 18:19:32.985,0.89245,0.8927,1.00,3.20
2010.01.12 18:19:34.034,0.8925,0.8927,1.00,3.20
2010.01.12 18:19:34.394,0.89245,0.8927,1.00,3.20
2010.01.12 18:19:34.744,0.8925,0.8927,1.00,3.20
2010.01.12 18:19:35.084,0.8925,0.8927,1.00,3.20
2010.01.12 18:19:35.354,0.89245,0.89275,1.00,19.50
2010.01.12 18:19:35.583,0.89245,0.89265,1.00,2.40
2010.01.12 18:19:39.493,0.89245,0.89265,1.70,2.40
2010.01.12 18:19:39.843,0.89245,0.89265,1.00,2.40
2010.01.12 18:19:40.193,0.89245,0.8926,1.00,2.40
2010.01.12 18:19:40.473,0.89245,0.8926,1.00,2.80
2010.01.12 18:19:40.823,0.89235,0.8926,4.20,2.40
2010.01.12 18:19:41.102,0.8923,0.8926,12.30,2.40
2010.01.12 18:19:42.392,0.89235,0.8926,8.20,4.00
2010.01.12 18:19:42.622,0.89235,0.8926,6.60,3.60
2010.01.12 18:19:42.852,0.8924,0.89265,1.00,12.00
2010.01.12 18:19:43.082,0.8924,0.89265,1.00,3.20
2010.01.12 18:19:43.652,0.8924,0.89265,1.00,2.40
2010.01.12 18:19:44.681,0.8924,0.89265,1.00,3.20
2010.01.12 18:19:45.271,0.8924,0.8926,1.00,3.20
2010.01.12 18:19:45.571,0.8924,0.89265,1.00,4.00
2010.01.12 18:19:45.921,0.8924,0.89265,1.00,2.40
2010.01.12 18:19:47.591,0.89255,0.89265,1.00,2.40
2010.01.12 18:19:47.881,0.89255,0.89275,1.00,5.20
2010.01.12 18:19:47.941,0.89255,0.89275,1.00,1.20
2010.01.12 18:19:48.001,0.89255,0.89275,1.00,1.00
2010.01.12 18:19:48.181,0.89255,0.8928,1.00,7.20
2010.01.12 18:19:48.231,0.89255,0.89285,2.60,15.20
2010.01.12 18:19:48.291,0.89255,0.89285,2.60,13.80
2010.01.12 18:19:48.351,0.8926,0.89285,1.00,12.80
2010.01.12 18:19:48.521,0.8926,0.89285,1.00,12.00
2010.01.12 18:19:48.580,0.8926,0.89285,1.00,12.00
2010.01.12 18:19:48.691,0.8926,0.89285,1.00,4.00
2010.01.12 18:19:49.450,0.8926,0.89285,1.00,4.00
2010.01.12 18:19:49.800,0.89265,0.89285,1.00,2.40
2010.01.12 18:19:50.190,0.89255,0.89285,10.60,4.80
2010.01.12 18:19:50.400,0.89255,0.89285,4.10,8.80
2010.01.12 18:19:50.630,0.8925,0.89285,10.60,17.90
2010.01.12 18:19:50.860,0.8925,0.89275,2.60,8.00
2010.01.12 18:19:51.270,0.8925,0.89275,2.60,4.00
2010.01.12 18:19:51.660,0.8925,0.89275,2.40,6.40
2010.01.12 18:19:52.000,0.89255,0.89275,1.60,11.50
2010.01.12 18:19:52.350,0.8924,0.8927,6.60,4.00
2010.01.12 18:19:52.629,0.8924,0.8927,6.60,8.00
2010.01.12 18:19:52.850,0.89255,0.89275,4.20,9.60
2010.01.12 18:19:53.130,0.89255,0.89275,2.60,1.60
2010.01.12 18:19:53.369,0.89245,0.8927,13.00,3.20
2010.01.12 18:19:53.589,0.8924,0.89275,7.80,13.10
2010.01.12 18:19:53.759,0.8924,0.89275,7.20,9.60
2010.01.12 18:19:53.989,0.8925,0.89275,2.40,1.60
2010.01.12 18:19:54.349,0.8925,0.8928,2.40,13.80
2010.01.12 18:19:55.039,0.89265,0.8928,2.40,9.80
2010.01.12 18:19:55.389,0.89265,0.8929,2.60,11.20
2010.01.12 18:19:55.729,0.89265,0.8929,2.60,3.20
2010.01.12 18:19:59.118,0.89265,0.89285,2.60,1.00
2010.01.12 18:19:59.418,0.89265,0.8929,2.60,7.20
2010.01.12 18:20:00.338,0.8926,0.8929,3.40,7.20
2010.01.12 18:20:00.628,0.8926,0.8929,3.40,11.20
2010.01.12 18:20:02.407,0.8926,0.89285,3.20,1.00
2010.01.12 18:20:02.587,0.89255,0.8928,15.80,2.40
2010.01.12 18:20:02.757,0.89255,0.8928,11.40,2.40
2010.01.12 18:20:03.147,0.89255,0.8928,6.60,2.40
2010.01.12 18:20:05.356,0.8926,0.89285,3.20,6.40
2010.01.12 18:20:05.407,0.8926,0.89285,3.20,2.40
2010.01.12 18:20:06.156,0.8926,0.89285,2.40,3.20
2010.01.12 18:20:07.616,0.89255,0.89285,12.20,2.40
2010.01.12 18:20:08.246,0.8926,0.89285,2.40,2.40
2010.01.12 18:20:09.996,0.89255,0.89285,12.20,2.40
2010.01.12 18:20:11.075,0.89255,0.8928,8.10,2.40
2010.01.12 18:20:11.475,0.8925,0.89275,2.60,2.40
2010.01.12 18:20:12.295,0.8925,0.89275,2.40,6.60
2010.01.12 18:20:15.894,0.89245,0.89275,6.50,10.60
2010.01.12 18:20:18.133,0.8925,0.89275,2.40,6.60
2010.01.12 18:20:18.933,0.8925,0.89275,2.40,7.00
2010.01.12 18:20:19.323,0.8925,0.89275,2.40,11.00
2010.01.12 18:20:19.713,0.89255,0.89275,1.00,11.00
2010.01.12 18:20:20.043,0.8926,0.89285,2.40,13.00
2010.01.12 18:20:21.193,0.8926,0.89285,2.40,12.20
2010.01.12 18:20:21.833,0.89265,0.89285,5.00,8.00
2010.01.12 18:20:22.112,0.89265,0.89295,5.00,13.40
2010.01.12 18:20:22.493,0.89265,0.89285,1.00,4.20
2010.01.12 18:20:22.832,0.8926,0.8928,2.40,8.00
2010.01.12 18:20:23.182,0.8926,0.8927,2.40,4.00
2010.01.12 18:20:23.512,0.8925,0.8927,2.40,4.00
2010.01.12 18:20:24.202,0.89245,0.89275,4.90,12.60
2010.01.12 18:20:26.591,0.8926,0.8927,1.00,2.40
2010.01.12 18:20:26.942,0.8926,0.89275,2.80,4.00
2010.01.12 18:20:27.291,0.8926,0.8928,2.80,8.00
2010.01.12 18:20:27.921,0.8926,0.8928,2.40,4.00
2010.01.12 18:20:28.102,0.89255,0.8928,4.00,11.40
2010.01.12 18:20:28.381,0.89255,0.89275,2.40,1.00
2010.01.12 18:20:28.611,0.89255,0.89275,2.40,8.80
2010.01.12 18:20:28.831,0.8925,0.89275,2.40,10.40
2010.01.12 18:20:29.171,0.89245,0.89265,2.60,4.00
2010.01.12 18:20:29.511,0.89245,0.89265,2.60,1.60
2010.01.12 18:20:29.850,0.89245,0.8927,2.60,11.20
2010.01.12 18:20:30.201,0.89245,0.8927,3.40,10.40
2010.01.12 18:20:30.551,0.89245,0.8927,2.60,10.40
2010.01.12 18:20:30.901,0.89245,0.89265,2.60,8.00
2010.01.12 18:20:33.380,0.89245,0.89265,2.60,4.00
2010.01.12 18:20:33.710,0.89255,0.89265,1.00,4.00
2010.01.12 18:20:33.770,0.89255,0.89265,2.50,4.00
2010.01.12 18:20:33.880,0.89255,0.8927,2.50,10.40
2010.01.12 18:20:33.940,0.8926,0.8927,2.40,8.00
2010.01.12 18:20:34.060,0.89255,0.8927,4.00,8.00
2010.01.12 18:20:34.180,0.89255,0.8927,4.00,4.00
2010.01.12 18:20:34.240,0.89255,0.89275,2.40,8.00
2010.01.12 18:20:34.709,0.8925,0.89275,2.40,12.60
2010.01.12 18:20:35.409,0.8925,0.89275,2.40,12.20
2010.01.12 18:20:35.699,0.89245,0.89275,3.40,12.00
2010.01.12 18:20:36.849,0.89245,0.8927,3.40,2.40
2010.01.12 18:20:37.679,0.89245,0.8927,2.60,2.40
2010.01.12 18:20:39.219,0.89245,0.8927,2.40,2.60
2010.01.12 18:20:39.388,0.89245,0.89265,2.40,4.00
2010.01.12 18:20:39.549,0.89245,0.8927,2.40,6.60
2010.01.12 18:20:39.898,0.89245,0.8927,2.40,2.60
2010.01.12 18:20:42.618,0.8924,0.89265,8.00,2.40
2010.01.12 18:20:42.788,0.89245,0.8927,2.40,2.60
2010.01.12 18:20:43.147,0.89245,0.8927,3.20,1.00
2010.01.12 18:20:44.577,0.8926,0.89275,1.00,9.70
2010.01.12 18:20:44.967,0.89255,0.8928,2.80,8.00
2010.01.12 18:20:45.308,0.89255,0.8928,1.90,4.00
2010.01.12 18:20:45.657,0.8925,0.89275,1.00,1.00
2010.01.12 18:20:45.997,0.8926,0.8927,2.40,8.00
2010.01.12 18:20:47.057,0.89245,0.8927,3.20,10.40
2010.01.12 18:20:47.407,0.8926,0.8927,2.40,8.00
2010.01.12 18:20:47.796,0.8926,0.89285,2.40,12.60
2010.01.12 18:20:48.077,0.8926,0.89285,2.40,12.20
2010.01.12 18:20:49.276,0.89255,0.8928,3.20,2.60
2010.01.12 18:20:50.546,0.8925,0.8927,1.00,2.40
2010.01.12 18:20:50.885,0.89245,0.8927,5.40,2.40
2010.01.12 18:20:51.585,0.89245,0.8927,4.80,4.80
2010.01.12 18:20:51.705,0.89245,0.89265,3.20,1.00
2010.01.12 18:20:51.875,0.89245,0.89265,1.00,2.60
2010.01.12 18:20:52.215,0.89245,0.89265,1.00,2.40
2010.01.12 18:20:52.575,0.8924,0.89265,8.80,2.40
2010.01.12 18:20:52.925,0.8924,0.89265,4.00,2.60
2010.01.12 18:20:53.096,0.8924,0.89265,4.20,2.40
2010.01.12 18:20:53.215,0.8924,0.89265,4.00,2.60
2010.01.12 18:20:54.325,0.8924,0.89265,8.20,2.40
2010.01.12 18:20:56.934,0.8924,0.89265,8.00,2.60
2010.01.12 18:20:57.284,0.8924,0.8926,1.00,2.40
2010.01.12 18:20:57.625,0.8924,0.8926,1.00,2.40
2010.01.12 18:20:57.914,0.8925,0.89265,1.00,4.00
2010.01.12 18:20:58.214,0.8925,0.8927,1.00,2.80
2010.01.12 18:20:59.254,0.8925,0.8927,1.00,2.40
2010.01.12 18:21:01.493,0.8925,0.89265,1.00,2.40
2010.01.12 18:21:01.723,0.8924,0.89265,13.00,2.40
2010.01.12 18:21:02.063,0.8924,0.89265,5.00,2.40
2010.01.12 18:21:02.393,0.89235,0.8926,15.80,2.40
2010.01.12 18:21:02.793,0.89235,0.8926,14.60,2.40
2010.01.12 18:21:03.183,0.8924,0.8926,1.00,2.40
2010.01.12 18:21:04.292,0.89235,0.8926,13.00,2.40
2010.01.12 18:21:04.562,0.8924,0.8926,1.00,2.40
2010.01.12 18:21:04.842,0.8924,0.8926,2.40,2.40
2010.01.12 18:21:05.192,0.8924,0.8926,2.50,2.40
2010.01.12 18:21:05.532,0.8924,0.8926,2.40,2.40
2010.01.12 18:21:05.872,0.8924,0.8926,2.50,2.40
2010.01.12 18:21:06.572,0.8924,0.89265,5.00,2.40
2010.01.12 18:21:07.541,0.8924,0.89265,13.80,2.40
2010.01.12 18:21:08.121,0.8924,0.8926,11.30,2.40
2010.01.12 18:21:08.341,0.8924,0.8926,7.20,2.40
2010.01.12 18:21:08.571,0.8924,0.8926,6.50,2.40
2010.01.12 18:21:08.801,0.8924,0.8926,2.50,2.40
2010.01.12 18:21:09.151,0.8924,0.89265,9.80,2.40
2010.01.12 18:21:09.481,0.8924,0.89265,13.80,2.40
2010.01.12 18:21:10.231,0.8924,0.8926,6.40,2.40
2010.01.12 18:21:10.571,0.8924,0.8926,2.40,2.40
2010.01.12 18:21:10.921,0.8924,0.8926,2.50,2.40
2010.01.12 18:21:11.321,0.8924,0.89265,5.00,2.40
2010.01.12 18:21:11.741,0.8924,0.8926,2.50,2.40
2010.01.12 18:21:11.921,0.8924,0.8926,2.40,2.40
2010.01.12 18:21:15.630,0.8924,0.89265,9.00,2.40
2010.01.12 18:21:15.799,0.8924,0.89265,5.00,2.40
2010.01.12 18:21:15.919,0.8924,0.8926,2.50,2.40
2010.01.12 18:21:16.269,0.8924,0.8926,6.40,2.40
2010.01.12 18:21:20.189,0.89255,0.89275,1.00,2.40
2010.01.12 18:21:20.878,0.8925,0.89275,13.20,2.40
2010.01.12 18:21:20.999,0.8926,0.8928,1.00,3.20
2010.01.12 18:21:21.328,0.8926,0.8928,1.00,3.30
2010.01.12 18:21:21.620,0.8926,0.8928,1.00,3.20
2010.01.12 18:21:21.788,0.8926,0.89275,1.00,2.40
2010.01.12 18:21:23.518,0.8926,0.8927,1.00,2.40
2010.01.12 18:21:23.698,0.8925,0.89275,9.20,2.40
2010.01.12 18:21:23.748,0.89255,0.89275,1.00,2.40
2010.01.12 18:21:24.967,0.8925,0.89275,9.20,2.40
2010.01.12 18:21:26.007,0.89255,0.89275,1.00,2.40
2010.01.12 18:21:27.507,0.8925,0.8927,6.40,2.40
2010.01.12 18:21:27.727,0.8925,0.8927,10.40,2.40
2010.01.12 18:21:27.957,0.8925,0.8927,2.40,2.40
2010.01.12 18:21:31.636,0.8925,0.8927,2.50,2.40
2010.01.12 18:21:31.976,0.8925,0.8927,2.40,2.40
2010.01.12 18:21:35.075,0.8925,0.8927,1.00,2.40
2010.01.12 18:21:35.425,0.89245,0.89265,1.00,2.40
2010.01.12 18:21:36.105,0.89235,0.89255,6.90,2.40
2010.01.12 18:21:36.275,0.89235,0.8926,2.60,3.20
2010.01.12 18:21:36.455,0.8924,0.8926,2.40,2.40
2010.01.12 18:21:37.044,0.8924,0.8926,2.50,2.40
2010.01.12 18:21:37.384,0.8924,0.8926,2.40,2.40
2010.01.12 18:21:37.734,0.89245,0.89265,1.00,8.00
2010.01.12 18:21:38.174,0.89245,0.89265,1.00,2.40
2010.01.12 18:21:38.524,0.8925,0.89265,1.00,2.40
2010.01.12 18:21:40.184,0.8924,0.89265,9.00,2.40
2010.01.12 18:21:41.163,0.89245,0.89265,1.00,2.40
2010.01.12 18:21:41.383,0.8924,0.8926,6.40,2.40
2010.01.12 18:21:41.624,0.8924,0.8925,1.60,2.40
2010.01.12 18:21:41.853,0.8923,0.8925,2.40,2.40
2010.01.12 18:21:42.083,0.89225,0.8925,8.20,4.10
2010.01.12 18:21:42.304,0.8922,0.89245,5.00,2.40
2010.01.12 18:21:43.003,0.89225,0.89245,1.00,2.40
2010.01.12 18:21:43.353,0.8923,0.89245,1.00,2.40
2010.01.12 18:21:47.172,0.89225,0.89245,1.00,2.40
2010.01.12 18:21:55.590,0.8922,0.89235,4.00,2.40
2010.01.12 18:21:55.940,0.89215,0.89235,4.90,2.40
2010.01.12 18:21:56.180,0.89215,0.89235,1.00,2.40
2010.01.12 18:21:58.179,0.8922,0.89235,1.00,2.40
2010.01.12 18:21:58.479,0.89205,0.8923,10.20,2.40
2010.01.12 18:21:58.600,0.89205,0.8923,9.80,2.40
2010.01.12 18:21:58.709,0.89205,0.8923,13.80,2.40
2010.01.12 18:21:59.289,0.89205,0.8923,13.00,2.40
2010.01.12 18:21:59.729,0.89205,0.8923,12.80,2.40
2010.01.12 18:22:00.069,0.89205,0.8923,13.60,2.40
2010.01.12 18:22:00.419,0.8921,0.89235,2.40,3.20
2010.01.12 18:22:00.649,0.8921,0.8923,4.00,2.40
2010.01.12 18:22:01.199,0.89205,0.8923,13.00,2.40
2010.01.12 18:22:01.779,0.89205,0.8923,12.00,2.40
2010.01.12 18:22:02.118,0.89205,0.8923,11.20,2.40
2010.01.12 18:22:03.128,0.89205,0.8923,10.40,3.20
2010.01.12 18:22:03.459,0.89205,0.8923,11.20,2.40
2010.01.12 18:22:03.848,0.89205,0.8923,4.00,3.20
2010.01.12 18:22:04.018,0.892,0.8923,8.90,3.20
2010.01.12 18:22:04.848,0.89205,0.89235,4.00,5.60
2010.01.12 18:22:05.178,0.8921,0.89235,1.00,6.40
2010.01.12 18:22:05.568,0.8921,0.8924,1.00,12.20
2010.01.12 18:22:05.848,0.8921,0.8924,1.00,11.40
2010.01.12 18:22:06.827,0.89205,0.8923,12.00,2.40
2010.01.12 18:22:07.177,0.89205,0.8923,7.20,2.40
2010.01.12 18:22:08.687,0.89205,0.8923,3.20,2.40
2010.01.12 18:22:08.967,0.89205,0.8923,7.20,2.40
2010.01.12 18:22:09.207,0.89205,0.8923,3.20,2.40
2010.01.12 18:22:10.336,0.89205,0.8923,2.40,3.20
2010.01.12 18:22:10.686,0.89205,0.8923,2.40,12.20
2010.01.12 18:22:10.966,0.8921,0.8923,1.70,11.20
2010.01.12 18:22:11.267,0.8921,0.89235,4.80,4.20
2010.01.12 18:22:11.856,0.8921,0.8923,2.40,2.40
2010.01.12 18:22:13.386,0.89225,0.89235,2.80,1.70
2010.01.12 18:22:13.506,0.89235,0.8924,1.00,4.80
2010.01.12 18:22:13.666,0.8924,0.8925,2.40,2.30
2010.01.12 18:22:13.846,0.8924,0.8926,4.80,8.00
2010.01.12 18:22:13.965,0.89245,0.8926,2.40,4.00
2010.01.12 18:22:14.315,0.89245,0.89265,1.00,8.00
2010.01.12 18:22:14.715,0.89245,0.89265,1.00,12.00
2010.01.12 18:22:15.425,0.8924,0.89255,1.00,2.40
2010.01.12 18:22:15.775,0.8924,0.8926,1.00,8.10
2010.01.12 18:22:16.285,0.8924,0.89255,1.00,4.00
2010.01.12 18:22:16.745,0.8924,0.89255,1.00,2.40
2010.01.12 18:22:16.865,0.89235,0.89255,1.00,2.40
2010.01.12 18:22:17.395,0.89235,0.89255,1.20,2.40
2010.01.12 18:22:17.745,0.8923,0.89255,5.40,2.40
2010.01.12 18:22:18.095,0.89235,0.89255,1.00,2.40
2010.01.12 18:22:20.314,0.89235,0.89255,1.00,2.60
2010.01.12 18:22:20.644,0.8923,0.8925,2.40,2.40
2010.01.12 18:22:28.532,0.8923,0.8925,2.50,2.40
2010.01.12 18:22:28.642,0.8923,0.8925,2.40,2.40
2010.01.12 18:22:28.992,0.8923,0.8925,2.50,2.40
2010.01.12 18:22:29.332,0.8923,0.8925,2.40,2.40
2010.01.12 18:22:30.162,0.8923,0.8925,1.60,2.40
2010.01.12 18:22:30.851,0.8923,0.89245,1.60,2.40
2010.01.12 18:22:31.071,0.89225,0.89245,4.00,2.40
2010.01.12 18:22:31.351,0.8922,0.89245,18.40,2.40
2010.01.12 18:22:33.071,0.8922,0.8924,9.50,2.40
2010.01.12 18:22:33.471,0.8922,0.8924,1.50,2.40
2010.01.12 18:22:33.771,0.89215,0.8923,9.60,2.40
2010.01.12 18:22:34.171,0.8921,0.89235,12.60,2.40
2010.01.12 18:22:36.860,0.8921,0.89235,11.20,3.20
2010.01.12 18:22:40.619,0.8921,0.8923,8.80,2.40
2010.01.12 18:22:40.840,0.8921,0.8923,4.00,2.60
2010.01.12 18:22:41.059,0.89205,0.8923,12.00,2.60
2010.01.12 18:22:46.068,0.89205,0.8923,12.20,2.40
2010.01.12 18:22:46.698,0.89215,0.89235,2.40,2.50
2010.01.12 18:22:47.038,0.89215,0.89235,8.00,2.40
2010.01.12 18:22:47.397,0.8921,0.89235,11.20,2.40
2010.01.12 18:22:47.737,0.89215,0.8924,11.40,2.40
2010.01.12 18:22:48.078,0.89215,0.89235,8.00,2.40
2010.01.12 18:22:48.317,0.89215,0.8924,1.00,1.00
2010.01.12 18:22:48.597,0.89215,0.89245,8.80,4.80
2010.01.12 18:22:48.828,0.8922,0.89245,2.60,3.20
2010.01.12 18:22:49.157,0.8923,0.8925,2.40,1.00
2010.01.12 18:22:49.697,0.89225,0.8925,10.40,3.20
2010.01.12 18:22:49.747,0.8923,0.89255,2.40,13.00
2010.01.12 18:22:50.037,0.8923,0.8925,2.40,1.00
2010.01.12 18:22:51.336,0.89225,0.8925,4.00,1.00
2010.01.12 18:22:51.576,0.8922,0.89245,7.20,1.60
2010.01.12 18:22:51.806,0.8922,0.89245,3.20,1.60
2010.01.12 18:22:52.376,0.8922,0.89255,6.40,18.00
2010.01.12 18:22:52.766,0.89215,0.8925,12.00,10.60
2010.01.12 18:22:53.066,0.8922,0.8925,4.00,2.60
2010.01.12 18:22:53.296,0.89215,0.8925,12.00,10.60
2010.01.12 18:22:55.586,0.8922,0.89245,3.20,2.60
2010.01.12 18:22:55.915,0.8922,0.89245,3.20,2.40
2010.01.12 18:22:57.255,0.8922,0.89245,2.40,3.20
2010.01.12 18:22:58.225,0.89215,0.8924,10.40,2.40
2010.01.12 18:22:58.625,0.89215,0.8924,4.80,2.40
2010.01.12 18:22:58.945,0.89215,0.8924,7.20,2.40
2010.01.12 18:22:59.305,0.89215,0.8924,11.20,2.40
2010.01.12 18:23:01.714,0.8922,0.89245,4.00,2.60
2010.01.12 18:23:01.934,0.89215,0.8924,12.00,2.40
2010.01.12 18:23:02.164,0.89215,0.8924,11.20,2.40
2010.01.12 18:23:07.073,0.8922,0.89245,2.40,4.20
2010.01.12 18:23:07.413,0.8922,0.89245,13.00,2.40
2010.01.12 18:23:08.532,0.89225,0.8925,2.40,3.40
2010.01.12 18:23:08.592,0.89225,0.8925,2.40,2.40
2010.01.12 18:23:08.882,0.8922,0.8925,9.60,3.20
2010.01.12 18:23:09.113,0.8922,0.8925,8.80,2.40
2010.01.12 18:23:09.172,0.89225,0.8925,8.00,2.40
2010.01.12 18:23:09.282,0.8922,0.8925,1.00,10.40
2010.01.12 18:23:09.632,0.8923,0.89255,1.00,12.00
2010.01.12 18:23:09.972,0.8923,0.89255,1.00,8.00
2010.01.12 18:23:10.302,0.8922,0.8925,9.30,2.40
2010.01.12 18:23:11.112,0.89225,0.8925,2.40,2.40
2010.01.12 18:23:11.411,0.89225,0.8925,10.40,2.40
2010.01.12 18:23:12.731,0.8923,0.8925,4.00,2.40
2010.01.12 18:23:13.631,0.89225,0.8925,10.40,2.40
2010.01.12 18:23:14.311,0.89235,0.89255,1.60,1.70
2010.01.12 18:23:14.431,0.89235,0.89255,1.60,1.60
2010.01.12 18:23:14.481,0.8923,0.8925,1.00,2.40
2010.01.12 18:23:14.841,0.8923,0.8926,2.40,10.80
2010.01.12 18:23:15.201,0.8923,0.8926,2.40,6.40
2010.01.12 18:23:15.551,0.8923,0.8926,6.40,6.40
2010.01.12 18:23:18.310,0.8923,0.8926,6.40,2.40
2010.01.12 18:23:19.460,0.8923,0.8926,6.40,6.40
2010.01.12 18:23:20.109,0.89225,0.8926,10.40,10.40
2010.01.12 18:23:21.409,0.89225,0.8926,10.40,11.20
2010.01.12 18:23:21.700,0.89225,0.8925,10.40,2.40
2010.01.12 18:23:21.990,0.8922,0.8925,11.20,2.40
2010.01.12 18:23:23.499,0.89225,0.89255,3.40,10.40
2010.01.12 18:23:23.719,0.89225,0.89255,5.00,10.40
2010.01.12 18:23:24.009,0.89225,0.89255,13.00,2.40
2010.01.12 18:23:25.098,0.89235,0.8926,2.40,7.30
2010.01.12 18:23:25.428,0.89235,0.8926,2.40,11.40
2010.01.12 18:23:26.268,0.89235,0.89255,2.40,1.00
2010.01.12 18:23:26.438,0.8923,0.89255,2.40,7.20
2010.01.12 18:23:30.607,0.8923,0.89255,2.40,11.20
2010.01.12 18:23:31.527,0.8923,0.89255,3.20,10.40
2010.01.12 18:23:32.517,0.8923,0.89255,3.20,6.40
2010.01.12 18:23:34.906,0.89225,0.8925,8.80,2.40
2010.01.12 18:23:35.246,0.89225,0.8925,4.80,2.40
2010.01.12 18:23:36.686,0.8922,0.89245,4.20,4.00
2010.01.12 18:23:37.485,0.8922,0.8924,1.60,2.40
2010.01.12 18:23:37.655,0.89215,0.8924,9.00,2.40
2010.01.12 18:23:40.935,0.89215,0.8924,6.60,2.40
2010.01.12 18:23:41.165,0.89215,0.8924,4.20,2.40
2010.01.12 18:23:41.395,0.89215,0.8924,12.20,2.40
2010.01.12 18:23:41.615,0.8922,0.8924,4.00,1.00
2010.01.12 18:23:41.904,0.89215,0.8924,12.20,3.20
2010.01.12 18:23:42.594,0.89215,0.8924,8.20,3.20
2010.01.12 18:23:42.934,0.89215,0.8924,4.20,3.20
2010.01.12 18:23:44.474,0.8922,0.8924,1.00,2.40
2010.01.12 18:23:44.584,0.8922,0.89245,4.20,13.60
2010.01.12 18:23:44.984,0.8922,0.89245,4.20,12.80
2010.01.12 18:23:45.384,0.89215,0.8924,8.20,3.20
2010.01.12 18:23:46.403,0.89215,0.8924,12.20,3.20
2010.01.12 18:23:47.723,0.8922,0.8924,1.00,3.20
2010.01.12 18:23:48.073,0.8922,0.8924,2.60,1.00
2010.01.12 18:23:48.413,0.89215,0.8924,12.20,3.20
2010.01.12 18:23:48.763,0.8922,0.8924,1.00,3.20
2010.01.12 18:23:48.923,0.8922,0.89245,2.60,8.00
2010.01.12 18:23:49.213,0.8922,0.8924,2.40,1.00
2010.01.12 18:23:49.603,0.8922,0.8924,1.00,3.20
2010.01.12 18:23:51.002,0.8922,0.89245,6.60,3.20
2010.01.12 18:23:52.202,0.89225,0.89245,1.60,3.20
2010.01.12 18:23:52.432,0.89225,0.8925,1.60,2.40
2010.01.12 18:23:55.041,0.89235,0.8926,2.40,8.00
2010.01.12 18:23:55.381,0.89235,0.8926,2.40,11.20
2010.01.12 18:23:56.471,0.8923,0.89255,2.40,3.20
2010.01.12 18:23:56.691,0.8923,0.89255,2.40,2.40
2010.01.12 18:23:57.041,0.89225,0.8925,1.60,2.40
2010.01.12 18:23:57.381,0.8922,0.8925,6.40,6.40
2010.01.12 18:23:59.220,0.8922,0.8925,6.40,2.40
2010.01.12 18:23:59.330,0.89225,0.8925,1.60,2.40
2010.01.12 18:24:05.649,0.89225,0.8925,5.60,2.40
2010.01.12 18:24:06.379,0.89225,0.8925,1.60,2.40
2010.01.12 18:24:12.847,0.89225,0.8925,1.60,2.60
2010.01.12 18:24:13.197,0.8922,0.89255,10.40,12.30
2010.01.12 18:24:14.536,0.8922,0.8925,10.60,2.60
2010.01.12 18:24:14.657,0.8922,0.89245,1.00,2.40
2010.01.12 18:24:17.276,0.8922,0.89245,2.60,2.40
2010.01.12 18:24:17.616,0.8922,0.89245,2.40,2.60
2010.01.12 18:24:17.946,0.89215,0.89245,14.40,2.40
2010.01.12 18:24:18.245,0.89215,0.89245,14.40,2.60
2010.01.12 18:24:18.926,0.89215,0.89245,14.40,2.40
2010.01.12 18:24:19.105,0.89215,0.89245,14.40,2.60
2010.01.12 18:24:19.335,0.89215,0.89245,14.40,2.40
2010.01.12 18:24:21.605,0.8922,0.89245,1.00,2.40
2010.01.12 18:24:21.775,0.89225,0.89245,2.40,1.20
2010.01.12 18:24:21.955,0.89225,0.8924,2.40,1.00
2010.01.12 18:24:22.135,0.8922,0.8924,4.00,1.00
2010.01.12 18:24:23.755,0.89215,0.8924,13.00,1.00
2010.01.12 18:24:23.924,0.89215,0.8924,12.20,1.00
2010.01.12 18:24:31.572,0.8922,0.8924,1.60,1.00
2010.01.12 18:24:31.742,0.89225,0.8924,1.00,1.00
2010.01.12 18:24:32.132,0.89225,0.89245,1.70,3.20
2010.01.12 18:24:32.302,0.89225,0.89245,4.20,1.00
2010.01.12 18:24:32.982,0.89225,0.89245,2.60,1.00
2010.01.12 18:24:36.161,0.8922,0.8924,2.40,1.00
2010.01.12 18:24:37.221,0.89215,0.89235,12.00,1.00
2010.01.12 18:24:37.451,0.89215,0.89235,4.00,1.00
2010.01.12 18:24:37.631,0.89215,0.89235,12.00,1.00
2010.01.12 18:24:41.160,0.89215,0.89235,12.20,1.00
2010.01.12 18:24:42.260,0.89215,0.89235,4.20,1.00
2010.01.12 18:24:42.610,0.89215,0.89235,1.60,1.00
2010.01.12 18:24:44.369,0.89215,0.89235,5.60,1.00
2010.01.12 18:24:45.289,0.89215,0.89235,8.00,1.00
2010.01.12 18:24:45.860,0.89215,0.89235,5.60,1.00
2010.01.12 18:24:50.248,0.8921,0.89235,10.40,1.00
2010.01.12 18:24:50.588,0.89215,0.89235,8.00,1.00
2010.01.12 18:24:52.777,0.89215,0.8924,12.20,1.00
2010.01.12 18:25:06.964,0.89215,0.89235,9.60,1.00
2010.01.12 18:25:07.484,0.89215,0.89235,1.60,1.00
2010.01.12 18:25:09.564,0.8922,0.89235,2.40,1.00
2010.01.12 18:25:10.873,0.8922,0.89235,2.60,1.00
2010.01.12 18:25:11.213,0.8922,0.89235,2.40,1.00
2010.01.12 18:25:11.573,0.89215,0.89235,5.70,1.00
2010.01.12 18:25:12.223,0.89215,0.89235,9.70,1.00
2010.01.12 18:25:12.572,0.8922,0.8924,4.00,1.00
2010.01.12 18:25:12.863,0.8922,0.8924,1.00,1.00
2010.01.12 18:25:13.143,0.8922,0.8924,4.10,1.00
2010.01.12 18:25:15.412,0.89225,0.89245,2.40,1.00
2010.01.12 18:25:21.150,0.8922,0.8924,6.60,1.00
2010.01.12 18:25:21.430,0.8922,0.89245,6.40,2.40
2010.01.12 18:25:21.660,0.89225,0.8925,2.40,3.20
2010.01.12 18:25:22.070,0.8922,0.89245,5.00,2.40
2010.01.12 18:25:22.350,0.8922,0.89245,12.00,2.40
2010.01.12 18:25:22.760,0.8922,0.89245,3.20,6.40
2010.01.12 18:25:23.100,0.8922,0.89245,11.20,2.40
2010.01.12 18:25:24.340,0.89225,0.89245,1.60,2.40
2010.01.12 18:25:24.550,0.89225,0.8925,12.20,2.40
2010.01.12 18:25:25.759,0.89225,0.8925,8.20,2.40
2010.01.12 18:25:26.139,0.89225,0.8925,8.20,3.20
2010.01.12 18:25:29.558,0.89225,0.8925,6.60,3.20
2010.01.12 18:25:30.478,0.89225,0.8925,8.20,3.20
2010.01.12 18:25:31.689,0.8922,0.89245,13.00,4.00
2010.01.12 18:25:31.928,0.8922,0.89245,4.20,4.80
2010.01.12 18:25:33.258,0.89215,0.89235,8.00,1.00
2010.01.12 18:25:33.608,0.89215,0.8924,4.00,3.20
2010.01.12 18:25:34.897,0.89215,0.8924,4.00,2.40
2010.01.12 18:25:35.067,0.89215,0.8924,2.40,2.40
2010.01.12 18:25:36.187,0.8921,0.89235,4.20,4.00
2010.01.12 18:25:42.155,0.89215,0.89235,2.40,1.60
2010.01.12 18:25:42.375,0.89215,0.8924,2.40,11.20
2010.01.12 18:25:42.725,0.8921,0.89235,8.20,2.40
2010.01.12 18:25:43.075,0.8921,0.89235,2.40,3.20
2010.01.12 18:25:43.425,0.8921,0.89235,6.40,3.20
2010.01.12 18:25:44.295,0.8921,0.89235,6.40,2.40
2010.01.12 18:25:44.765,0.8921,0.89235,10.40,2.40
2010.01.12 18:25:50.923,0.89215,0.8924,4.20,2.40
2010.01.12 18:25:51.273,0.89215,0.8924,12.20,2.40
2010.01.12 18:25:51.903,0.89215,0.8924,4.00,2.60
2010.01.12 18:25:52.253,0.89215,0.8924,2.40,2.60
2010.01.12 18:25:52.603,0.89215,0.8924,2.40,2.50
2010.01.12 18:25:52.943,0.8922,0.8924,2.40,1.00
2010.01.12 18:25:53.273,0.89225,0.8925,2.40,3.40
2010.01.12 18:25:53.632,0.89225,0.8925,2.40,2.60
2010.01.12 18:25:58.152,0.89225,0.8925,2.60,2.40
2010.01.12 18:25:59.342,0.8922,0.89245,13.20,2.40
2010.01.12 18:25:59.571,0.8922,0.89245,2.60,2.40
2010.01.12 18:26:00.381,0.89225,0.8925,1.00,13.00
2010.01.12 18:26:06.050,0.8922,0.89245,2.60,2.40
2010.01.12 18:26:08.859,0.89215,0.8924,9.00,2.40
2010.01.12 18:26:09.039,0.89215,0.8924,13.00,2.40
2010.01.12 18:26:10.329,0.89215,0.8924,9.00,2.40
2010.01.12 18:26:11.678,0.89215,0.8924,13.00,2.40
2010.01.12 18:26:12.268,0.8922,0.89245,2.40,5.80
2010.01.12 18:26:12.448,0.8922,0.89245,7.20,3.20
2010.01.12 18:26:12.678,0.8922,0.8925,7.20,4.10
2010.01.12 18:26:12.918,0.8922,0.89245,11.20,2.40
2010.01.12 18:26:13.658,0.8922,0.89245,10.40,2.40
2010.01.12 18:26:14.468,0.8922,0.89245,6.40,2.40
2010.01.12 18:26:16.067,0.8922,0.89245,6.40,3.20
2010.01.12 18:26:16.397,0.89215,0.8924,18.40,2.40
2010.01.12 18:26:16.737,0.89215,0.8924,14.40,2.40
2010.01.12 18:26:17.087,0.89215,0.8924,10.40,2.40
2010.01.12 18:26:22.216,0.89215,0.8924,10.40,2.40
2010.01.12 18:26:24.565,0.89215,0.8924,14.40,2.40
2010.01.12 18:26:28.884,0.89215,0.8924,10.40,2.40
2010.01.12 18:26:29.824,0.89215,0.8924,14.40,2.40
2010.01.12 18:26:32.013,0.8922,0.89245,2.40,5.80
2010.01.12 18:26:32.183,0.8922,0.89245,2.40,5.00
2010.01.12 18:26:42.461,0.8922,0.89245,2.60,4.80
2010.01.12 18:26:42.811,0.8922,0.89245,2.40,5.00
2010.01.12 18:26:43.980,0.8922,0.8924,2.40,1.00
2010.01.12 18:26:44.140,0.89215,0.8924,8.00,3.20
2010.01.12 18:26:44.310,0.89215,0.8924,2.40,3.20
2010.01.12 18:26:45.640,0.89215,0.8924,4.00,3.20
2010.01.12 18:26:46.320,0.89215,0.8924,2.40,3.20
2010.01.12 18:26:48.879,0.89215,0.8924,2.40,2.40
2010.01.12 18:26:49.219,0.8922,0.89245,2.40,13.00
2010.01.12 18:26:49.399,0.8922,0.89245,2.40,9.00
2010.01.12 18:26:49.629,0.8922,0.89245,2.40,13.00
2010.01.12 18:26:55.078,0.89215,0.89235,4.00,1.60
2010.01.12 18:26:55.428,0.89215,0.89235,2.40,1.60
2010.01.12 18:26:58.217,0.8921,0.89235,4.20,4.00
2010.01.12 18:27:00.287,0.89215,0.89235,1.60,4.00
2010.01.12 18:27:00.576,0.89215,0.89235,4.00,1.60
2010.01.12 18:27:00.817,0.89215,0.89235,2.40,1.60
2010.01.12 18:27:02.886,0.8921,0.8923,3.40,1.00
2010.01.12 18:27:03.056,0.8921,0.8923,1.00,2.40
2010.01.12 18:27:03.216,0.89205,0.8923,6.60,2.40
2010.01.12 18:27:03.446,0.89205,0.8923,10.60,2.40
2010.01.12 18:27:03.616,0.89205,0.8923,14.60,2.40
2010.01.12 18:27:06.245,0.8921,0.89235,4.00,4.60
2010.01.12 18:27:06.606,0.8921,0.89235,5.00,4.00
2010.01.12 18:27:07.245,0.89215,0.8924,2.60,3.20
2010.01.12 18:27:10.404,0.8922,0.8924,1.00,3.20
2010.01.12 18:27:11.334,0.8922,0.8924,2.60,1.00
2010.01.12 18:27:12.363,0.8922,0.8924,2.40,1.00
2010.01.12 18:27:12.714,0.8922,0.8924,2.60,1.00
2010.01.12 18:27:15.143,0.8922,0.8924,2.40,1.00
2010.01.12 18:27:21.381,0.8922,0.8924,2.60,1.00
2010.01.12 18:27:22.002,0.8922,0.89245,2.60,13.20
2010.01.12 18:27:22.701,0.8922,0.89235,2.60,1.60
2010.01.12 18:27:24.791,0.8922,0.89235,2.40,1.60
2010.01.12 18:27:27.420,0.8922,0.89245,2.40,4.80
2010.01.12 18:27:29.589,0.8922,0.89245,6.40,4.80
2010.01.12 18:27:29.989,0.8922,0.89245,6.40,4.00
2010.01.12 18:27:32.869,0.8922,0.89245,6.40,4.80
2010.01.12 18:27:33.159,0.8922,0.8924,4.00,2.40
2010.01.12 18:27:33.439,0.89215,0.89235,11.40,1.60
2010.01.12 18:27:33.719,0.89215,0.89235,7.40,1.60
2010.01.12 18:27:35.928,0.8922,0.89245,2.40,9.00
2010.01.12 18:27:36.148,0.8922,0.89245,2.40,5.00
2010.01.12 18:27:38.137,0.8922,0.89245,5.00,4.00
2010.01.12 18:27:38.538,0.8922,0.89245,6.40,5.00
2010.01.12 18:27:38.597,0.8922,0.89245,2.40,4.20
2010.01.12 18:27:39.177,0.8922,0.89235,6.40,1.60
2010.01.12 18:27:39.337,0.8922,0.89235,2.40,1.60
2010.01.12 18:27:43.329,0.8922,0.89245,6.40,1.70
2010.01.12 18:27:43.706,0.8922,0.89245,6.40,1.60
2010.01.12 18:27:43.886,0.8922,0.89245,10.40,1.60
2010.01.12 18:27:44.456,0.8922,0.89245,6.40,1.60
2010.01.12 18:27:44.636,0.8922,0.89245,7.00,1.60
2010.01.12 18:27:44.806,0.8922,0.89245,7.80,1.60
2010.01.12 18:27:44.916,0.8922,0.89245,11.80,1.60
2010.01.12 18:27:48.165,0.8922,0.89245,3.80,5.60
2010.01.12 18:27:48.745,0.8922,0.89245,3.80,1.60
2010.01.12 18:27:52.434,0.89215,0.89245,9.50,1.60
2010.01.12 18:27:52.784,0.8922,0.89245,2.40,9.60
2010.01.12 18:27:53.124,0.8922,0.89245,2.40,1.60
2010.01.12 18:27:53.344,0.89225,0.89245,3.40,1.60
2010.01.12 18:27:53.524,0.89225,0.89255,7.40,8.00
2010.01.12 18:27:53.874,0.89225,0.89245,7.40,1.60
2010.01.12 18:27:54.043,0.89225,0.89255,11.40,4.00
2010.01.12 18:27:56.683,0.89225,0.89255,7.40,8.00
2010.01.12 18:27:57.023,0.89225,0.89255,11.40,4.00
2010.01.12 18:28:01.332,0.8923,0.89255,1.00,4.00
2010.01.12 18:28:01.682,0.89235,0.89255,2.40,1.60
2010.01.12 18:28:06.431,0.89235,0.8926,6.40,2.60
2010.01.12 18:28:08.310,0.8923,0.89255,12.00,4.00
2010.01.12 18:28:08.480,0.8923,0.89255,8.00,4.00
2010.01.12 18:28:08.700,0.8923,0.89255,11.20,4.00
2010.01.12 18:28:09.740,0.89235,0.89255,3.20,1.60
2010.01.12 18:28:10.090,0.89235,0.8926,7.20,2.40
2010.01.12 18:28:10.260,0.89235,0.8926,3.20,2.40
2010.01.12 18:28:10.440,0.89235,0.8926,2.40,2.40
2010.01.12 18:28:11.939,0.8923,0.89255,13.00,4.00
2010.01.12 18:28:12.279,0.89235,0.89255,3.20,1.60
2010.01.12 18:28:16.028,0.8923,0.89255,8.00,2.60
2010.01.12 18:28:16.418,0.8923,0.89255,4.00,2.60
2010.01.12 18:28:18.548,0.8923,0.8925,1.60,2.40
2010.01.12 18:28:18.768,0.89225,0.8925,12.00,2.60
2010.01.12 18:28:19.167,0.89225,0.8925,3.20,2.60
2010.01.12 18:28:19.767,0.8922,0.89245,10.60,2.40
2010.01.12 18:28:20.097,0.8922,0.89245,3.20,2.40
2010.01.12 18:28:20.387,0.8922,0.89245,2.40,2.40
2010.01.12 18:28:22.057,0.8922,0.89245,3.00,2.40
2010.01.12 18:28:22.337,0.8922,0.8925,3.80,10.50
2010.01.12 18:28:23.037,0.8922,0.89245,7.80,2.40
2010.01.12 18:28:30.565,0.8922,0.89245,5.30,2.60
2010.01.12 18:28:30.675,0.8922,0.89245,1.30,2.60
2010.01.12 18:28:33.124,0.8922,0.89245,4.00,2.60
2010.01.12 18:28:33.284,0.89215,0.89245,17.40,2.60
2010.01.12 18:28:34.914,0.89215,0.8924,14.90,3.20
2010.01.12 18:28:35.074,0.8921,0.89235,3.80,2.40
2010.01.12 18:28:35.194,0.8921,0.89235,3.40,2.40
2010.01.12 18:28:35.874,0.8922,0.89245,7.40,2.40
2010.01.12 18:28:36.163,0.89225,0.8925,2.40,2.60
2010.01.12 18:28:37.193,0.8922,0.89245,7.20,2.40
2010.01.12 18:28:37.533,0.8922,0.89245,3.20,2.40
2010.01.12 18:28:37.864,0.8922,0.89245,5.60,2.40
2010.01.12 18:28:38.213,0.89225,0.8925,2.40,2.60
2010.01.12 18:28:38.943,0.89225,0.8925,2.40,3.40
2010.01.12 18:28:39.283,0.8922,0.8924,4.00,2.40
2010.01.12 18:28:39.563,0.89215,0.8924,9.80,2.40
2010.01.12 18:28:39.793,0.8922,0.89245,2.40,7.20
2010.01.12 18:28:39.903,0.8922,0.89245,2.40,3.20
2010.01.12 18:28:40.942,0.89215,0.89245,13.70,3.60
2010.01.12 18:28:41.282,0.89215,0.8924,9.80,2.40
2010.01.12 18:28:41.962,0.8922,0.89245,2.40,3.60
2010.01.12 18:28:42.522,0.8922,0.89245,2.40,3.20
2010.01.12 18:28:42.872,0.8922,0.89245,2.40,7.20
2010.01.12 18:28:43.732,0.8922,0.89245,2.40,3.20
2010.01.12 18:28:45.051,0.8922,0.8925,2.40,10.60
2010.01.12 18:28:48.630,0.8922,0.8925,2.40,6.60
2010.01.12 18:28:48.750,0.8922,0.8925,6.40,2.60
2010.01.12 18:28:52.839,0.8922,0.8925,10.40,2.60
2010.01.12 18:28:53.179,0.8922,0.8925,6.40,2.60
2010.01.12 18:28:53.519,0.8922,0.8925,2.40,10.60
2010.01.12 18:28:53.809,0.8922,0.89245,2.60,2.40
2010.01.12 18:28:55.539,0.8922,0.89245,2.40,11.20
2010.01.12 18:28:55.589,0.8922,0.89245,2.40,7.20
2010.01.12 18:28:55.919,0.8922,0.89245,2.40,11.20
2010.01.12 18:28:58.278,0.8922,0.8924,2.40,1.00
2010.01.12 18:28:59.508,0.8922,0.89245,2.40,11.20
2010.01.12 18:28:59.618,0.8922,0.89245,2.60,10.40
2010.01.12 18:28:59.738,0.8922,0.89245,2.40,10.40
2010.01.12 18:29:00.248,0.89215,0.8924,10.60,2.40
2010.01.12 18:29:00.548,0.89215,0.8924,7.40,2.40
2010.01.12 18:29:00.888,0.89215,0.8924,3.40,2.40
2010.01.12 18:29:01.237,0.89215,0.8924,2.60,2.40
2010.01.12 18:29:01.858,0.89215,0.8924,3.40,2.40
2010.01.12 18:29:02.197,0.8922,0.89245,2.40,7.20
2010.01.12 18:29:02.587,0.8923,0.8925,2.40,4.00
2010.01.12 18:29:02.937,0.89225,0.8925,6.40,2.60
2010.01.12 18:29:03.207,0.8923,0.89255,2.40,10.80
2010.01.12 18:29:03.437,0.8923,0.89255,2.40,10.40
2010.01.12 18:29:03.657,0.8923,0.89255,2.40,12.80
2010.01.12 18:29:04.227,0.8923,0.89255,2.40,11.20
2010.01.12 18:29:05.716,0.89225,0.8925,4.20,2.40
2010.01.12 18:29:05.877,0.8923,0.8925,2.40,1.00
2010.01.12 18:29:05.996,0.8923,0.89255,2.40,13.60
2010.01.12 18:29:06.116,0.8923,0.89255,2.40,11.60
2010.01.12 18:29:07.516,0.8923,0.89255,2.40,10.40
2010.01.12 18:29:09.666,0.8923,0.89255,2.40,6.40
2010.01.12 18:29:09.726,0.8923,0.89255,2.40,2.40
2010.01.12 18:29:10.026,0.8923,0.89255,2.60,2.40
2010.01.12 18:29:10.205,0.8923,0.8926,2.60,10.40
2010.01.12 18:29:10.555,0.89235,0.8926,3.40,2.40
2010.01.12 18:29:10.895,0.89235,0.8926,3.20,2.40
2010.01.12 18:29:11.635,0.89235,0.8926,3.40,2.40
2010.01.12 18:29:11.985,0.89235,0.8926,3.20,2.40
2010.01.12 18:29:12.325,0.8924,0.89265,2.40,12.80
2010.01.12 18:29:13.644,0.8924,0.89265,2.40,13.00
2010.01.12 18:29:13.824,0.8924,0.89265,2.40,12.80
2010.01.12 18:29:13.994,0.8924,0.89265,2.40,13.00
2010.01.12 18:29:14.326,0.8924,0.89265,2.40,12.80
2010.01.12 18:29:15.024,0.8924,0.89265,2.40,13.00
2010.01.12 18:29:15.204,0.8924,0.89265,2.40,12.80
2010.01.12 18:29:15.434,0.8924,0.89265,2.40,13.00
2010.01.12 18:29:15.774,0.8924,0.8927,2.40,16.50
2010.01.12 18:29:16.064,0.8924,0.8926,2.40,1.00
2010.01.12 18:29:18.703,0.89235,0.8926,2.40,3.20
2010.01.12 18:29:18.823,0.8924,0.8926,2.40,1.00
2010.01.12 18:29:18.984,0.8924,0.89265,2.40,12.80
2010.01.12 18:29:20.213,0.8924,0.89265,2.40,3.40
2010.01.12 18:29:21.143,0.8924,0.89265,2.40,7.40
2010.01.12 18:29:21.833,0.8924,0.89265,2.40,7.20
2010.01.12 18:29:22.183,0.8924,0.89265,2.40,7.40
2010.01.12 18:29:22.533,0.8924,0.89265,2.40,7.20
2010.01.12 18:29:22.872,0.8924,0.89265,2.40,3.20
2010.01.12 18:29:27.391,0.8924,0.89265,2.40,4.80
2010.01.12 18:29:27.731,0.8924,0.8926,2.40,1.00
2010.01.12 18:29:28.121,0.8924,0.8926,2.40,1.00
2010.01.12 18:29:28.771,0.8924,0.8926,2.40,1.00
2010.01.12 18:29:29.731,0.89235,0.8926,3.20,3.40
2010.01.12 18:29:29.951,0.89235,0.8926,2.40,3.40
2010.01.12 18:29:30.350,0.89235,0.8926,2.40,3.80
2010.01.12 18:29:30.581,0.89235,0.8926,2.40,3.40
2010.01.12 18:29:30.920,0.8923,0.89255,2.40,3.20
2010.01.12 18:29:31.270,0.8924,0.8926,2.40,1.00
2010.01.12 18:29:31.600,0.8924,0.89265,2.40,7.20
2010.01.12 18:29:32.990,0.8924,0.89265,2.40,8.80
2010.01.12 18:29:33.340,0.8924,0.89265,2.40,12.80
2010.01.12 18:29:35.129,0.8924,0.89265,2.40,4.80
2010.01.12 18:29:35.420,0.8924,0.89265,2.40,5.00
2010.01.12 18:29:36.719,0.8924,0.89265,2.40,3.40
2010.01.12 18:29:39.608,0.8924,0.89265,2.40,3.20
2010.01.12 18:29:41.788,0.89245,0.8927,2.40,11.00
2010.01.12 18:29:42.138,0.8925,0.8927,2.40,8.00
2010.01.12 18:29:42.488,0.8925,0.89275,2.40,8.10
2010.01.12 18:29:42.837,0.8925,0.8927,2.40,1.00
2010.01.12 18:29:43.157,0.8924,0.8927,8.20,6.40
2010.01.12 18:29:43.558,0.89245,0.8927,1.60,10.40
2010.01.12 18:29:43.957,0.89245,0.89265,1.60,1.00
2010.01.12 18:29:44.137,0.8924,0.89265,2.40,1.00
2010.01.12 18:29:44.357,0.8924,0.89265,2.40,10.60
2010.01.12 18:29:44.537,0.8924,0.89265,2.40,1.00
2010.01.12 18:29:51.085,0.8924,0.8927,2.40,10.40
2010.01.12 18:29:51.775,0.8924,0.8927,2.40,6.40
2010.01.12 18:29:52.125,0.8924,0.8927,6.40,6.40
2010.01.12 18:29:53.145,0.89245,0.8927,1.60,6.40
2010.01.12 18:29:54.355,0.8925,0.8927,2.40,4.00
2010.01.12 18:29:54.645,0.8925,0.89275,2.40,13.20
2010.01.12 18:29:56.774,0.8925,0.89275,2.40,11.40
2010.01.12 18:30:01.253,0.8925,0.89275,2.40,10.40
2010.01.12 18:30:01.713,0.8925,0.89275,2.40,2.40
2010.01.12 18:30:02.403,0.8925,0.89275,2.40,6.40
2010.01.12 18:30:05.002,0.89245,0.89275,8.00,6.40
2010.01.12 18:30:05.052,0.89245,0.89275,8.80,7.20
2010.01.12 18:30:05.162,0.89245,0.89275,8.20,6.40
2010.01.12 18:30:05.342,0.89245,0.8927,5.60,2.40
2010.01.12 18:30:05.512,0.89245,0.8927,1.60,2.40
2010.01.12 18:30:08.371,0.89245,0.8927,5.60,2.40
2010.01.12 18:30:08.771,0.89245,0.8927,9.60,2.40
2010.01.12 18:30:09.691,0.89245,0.8927,5.60,2.40
2010.01.12 18:30:10.021,0.89245,0.8927,2.40,2.40
2010.01.12 18:30:10.141,0.89245,0.89275,8.80,7.80
2010.01.12 18:30:10.261,0.89245,0.89275,12.80,3.80
2010.01.12 18:30:10.541,0.89245,0.89275,13.60,3.80
2010.01.12 18:30:12.450,0.8925,0.89275,1.00,3.00
2010.01.12 18:30:12.790,0.89265,0.8928,2.40,1.00
2010.01.12 18:30:15.260,0.8927,0.8928,2.40,1.00
2010.01.12 18:30:15.370,0.8927,0.8928,2.40,1.00
2010.01.12 18:30:15.540,0.8927,0.8928,2.40,1.00
2010.01.12 18:30:15.660,0.8926,0.8928,2.40,1.00
2010.01.12 18:30:16.179,0.8926,0.8928,2.40,1.00
2010.01.12 18:30:20.988,0.8926,0.89285,2.40,2.40
2010.01.12 18:30:22.918,0.8926,0.89285,6.40,2.40
2010.01.12 18:30:23.858,0.8926,0.89285,6.40,3.20
2010.01.12 18:30:23.968,0.8926,0.8927,4.00,1.00
2010.01.12 18:30:24.148,0.8926,0.89265,8.00,2.40
2010.01.12 18:30:24.268,0.89255,0.8926,8.00,2.40
2010.01.12 18:30:24.437,0.89245,0.89265,8.00,1.00
2010.01.12 18:30:24.607,0.89235,0.8926,12.40,2.40
2010.01.12 18:30:24.788,0.89235,0.8926,8.00,1.00
2010.01.12 18:30:25.118,0.8924,0.89265,2.40,1.60
2010.01.12 18:30:25.517,0.8924,0.8927,2.40,8.40
2010.01.12 18:30:26.077,0.8924,0.8927,2.40,4.40
2010.01.12 18:30:26.477,0.8924,0.89265,2.40,1.00
2010.01.12 18:30:27.177,0.8924,0.8927,2.40,4.40
2010.01.12 18:30:28.217,0.8924,0.8927,6.40,4.40
2010.01.12 18:30:28.916,0.8924,0.8927,10.40,4.40
2010.01.12 18:30:29.026,0.8924,0.8927,2.40,12.40
2010.01.12 18:30:29.596,0.89245,0.8927,2.40,11.30
2010.01.12 18:30:29.766,0.89245,0.8927,2.40,11.40
2010.01.12 18:30:29.936,0.89245,0.8927,2.40,2.60
2010.01.12 18:30:31.986,0.89245,0.8927,2.40,1.00
2010.01.12 18:30:33.925,0.89245,0.89275,2.40,12.20
2010.01.12 18:30:36.105,0.89245,0.89275,7.80,10.60
2010.01.12 18:30:36.325,0.89245,0.89275,15.80,2.60
2010.01.12 18:30:36.555,0.89245,0.89275,17.40,2.60
2010.01.12 18:30:36.844,0.89245,0.8927,16.60,2.40
2010.01.12 18:30:37.054,0.89245,0.8927,12.00,2.40
2010.01.12 18:30:37.344,0.89245,0.8927,2.40,2.40
2010.01.12 18:30:37.624,0.8925,0.8927,2.40,1.90
2010.01.12 18:30:37.954,0.8925,0.89275,3.20,2.60
2010.01.12 18:30:44.183,0.89255,0.89275,4.00,2.60
2010.01.12 18:30:44.413,0.89255,0.89275,8.00,2.60
2010.01.12 18:30:49.041,0.8925,0.89275,3.20,2.60
2010.01.12 18:30:56.080,0.8925,0.89275,7.20,2.60
2010.01.12 18:30:56.849,0.8925,0.89275,7.40,2.40
2010.01.12 18:30:58.879,0.8925,0.8928,7.40,3.40
2010.01.12 18:30:59.569,0.89255,0.8928,8.00,3.40
2010.01.12 18:31:02.738,0.89255,0.89275,8.00,2.40
2010.01.12 18:31:04.058,0.89255,0.89275,4.00,2.40
2010.01.12 18:31:07.347,0.89255,0.89275,8.00,2.40
2010.01.12 18:31:08.967,0.89255,0.8928,4.00,3.40
2010.01.12 18:31:09.207,0.8925,0.8928,8.80,3.40
2010.01.12 18:31:09.437,0.8925,0.8928,9.20,3.40
2010.01.12 18:31:09.657,0.8925,0.8928,12.80,3.40
2010.01.12 18:31:11.166,0.89255,0.8928,1.00,3.20
2010.01.12 18:31:11.346,0.89255,0.8928,2.60,3.20
2010.01.12 18:31:11.566,0.89255,0.8928,2.60,7.20
2010.01.12 18:31:11.786,0.89255,0.8928,3.40,6.40
2010.01.12 18:31:12.136,0.89255,0.89285,2.60,12.20
2010.01.12 18:31:12.436,0.89255,0.89285,6.60,8.20
2010.01.12 18:31:12.786,0.89255,0.89285,2.60,12.20
2010.01.12 18:31:18.164,0.89255,0.8928,2.40,1.00
2010.01.12 18:31:18.454,0.8925,0.89275,7.40,2.40
2010.01.12 18:31:33.121,0.8925,0.8928,7.40,7.40
2010.01.12 18:31:33.471,0.8925,0.8928,8.80,6.60
2010.01.12 18:31:33.871,0.8925,0.8928,12.80,2.60
2010.01.12 18:31:34.400,0.8925,0.8928,13.20,2.60
2010.01.12 18:31:34.580,0.8926,0.8928,1.00,2.40
2010.01.12 18:31:34.750,0.89265,0.8929,2.40,11.40
2010.01.12 18:31:34.920,0.89265,0.8929,2.40,10.60
2010.01.12 18:31:35.090,0.89265,0.8929,2.40,6.60
2010.01.12 18:31:35.270,0.89265,0.8929,2.40,10.60
2010.01.12 18:31:35.621,0.89265,0.89285,2.40,1.00
2010.01.12 18:31:35.800,0.89265,0.8928,2.40,1.00
2010.01.12 18:31:36.550,0.89265,0.89285,2.40,1.00
2010.01.12 18:31:37.250,0.8926,0.8928,4.80,1.00
2010.01.12 18:31:37.580,0.8926,0.8928,3.20,1.00
2010.01.12 18:31:39.250,0.89255,0.8928,6.20,2.60
2010.01.12 18:31:39.589,0.89255,0.8928,3.20,6.60
2010.01.12 18:31:39.929,0.89255,0.8928,3.20,2.60
2010.01.12 18:31:40.739,0.89255,0.8928,4.80,2.60
2010.01.12 18:31:40.859,0.89255,0.8928,4.80,1.00
2010.01.12 18:31:40.969,0.89255,0.8928,6.80,1.00
2010.01.12 18:31:41.089,0.89255,0.8928,5.60,1.00
2010.01.12 18:31:41.259,0.8926,0.8928,2.40,8.10
2010.01.12 18:31:41.379,0.8926,0.8928,2.40,1.00
2010.01.12 18:31:42.079,0.8926,0.8928,2.40,4.10
2010.01.12 18:31:46.271,0.8926,0.8928,2.40,4.00
2010.01.12 18:31:46.618,0.8926,0.89285,2.40,13.00
2010.01.12 18:31:48.687,0.8926,0.8928,2.40,1.00
2010.01.12 18:32:03.704,0.8926,0.8928,2.40,1.00
2010.01.12 18:32:04.923,0.8926,0.89285,2.40,12.90
2010.01.12 18:32:05.093,0.8926,0.89285,2.40,13.00
2010.01.12 18:32:07.283,0.8926,0.8928,2.40,1.00
2010.01.12 18:32:08.033,0.8926,0.89275,2.40,1.00
2010.01.12 18:32:08.382,0.8926,0.8928,2.40,1.00
2010.01.12 18:32:09.832,0.8926,0.89285,2.40,13.00
2010.01.12 18:32:10.052,0.8926,0.8928,2.40,1.00
2010.01.12 18:32:10.402,0.8926,0.89285,2.40,13.00
2010.01.12 18:32:11.982,0.8926,0.8928,2.40,1.00
2010.01.12 18:32:12.651,0.8926,0.89285,2.40,13.00
2010.01.12 18:32:13.051,0.8926,0.89275,2.40,1.00
2010.01.12 18:32:15.611,0.8926,0.8928,2.40,1.00
2010.01.12 18:32:15.671,0.8926,0.8928,6.40,1.00
2010.01.12 18:32:16.031,0.8926,0.8928,10.40,1.00
2010.01.12 18:32:17.800,0.8926,0.8928,2.40,1.00
2010.01.12 18:32:18.150,0.8926,0.8928,6.40,1.00
2010.01.12 18:32:18.510,0.8926,0.8928,2.40,1.00
2010.01.12 18:32:19.980,0.8926,0.8928,6.40,1.00
2010.01.12 18:32:20.090,0.8926,0.8928,10.40,1.00
2010.01.12 18:32:20.559,0.8926,0.8928,6.40,1.00
2010.01.12 18:32:21.389,0.8926,0.8928,2.40,1.00
2010.01.12 18:32:26.059,0.89245,0.8927,4.00,2.40
2010.01.12 18:32:27.778,0.8925,0.89275,2.40,10.40
2010.01.12 18:32:28.128,0.89245,0.89275,4.00,10.40
2010.01.12 18:32:29.557,0.89245,0.8927,8.00,2.40
2010.01.12 18:32:37.515,0.89245,0.8927,4.00,2.40
2010.01.12 18:32:40.844,0.89245,0.89265,4.00,1.60
2010.01.12 18:32:41.258,0.8924,0.89265,11.20,3.40
2010.01.12 18:32:41.615,0.8924,0.89265,2.40,2.40
2010.01.12 18:32:41.944,0.89235,0.8926,12.00,2.40
2010.01.12 18:32:44.614,0.89235,0.89265,12.00,2.40
2010.01.12 18:32:45.683,0.89235,0.8926,9.60,3.40
2010.01.12 18:32:45.983,0.89235,0.8926,1.60,3.40
2010.01.12 18:32:46.213,0.89235,0.8926,1.70,3.20
2010.01.12 18:32:46.433,0.8924,0.89265,2.40,13.40
2010.01.12 18:32:46.834,0.8924,0.89265,2.40,4.90
2010.01.12 18:32:47.133,0.8924,0.89265,2.40,3.40
2010.01.12 18:32:47.473,0.89235,0.8926,5.70,2.40
2010.01.12 18:32:48.143,0.89235,0.8926,1.70,2.40
2010.01.12 18:32:48.483,0.89235,0.89255,1.70,4.00
2010.01.12 18:32:48.723,0.89225,0.89255,8.80,4.10
2010.01.12 18:32:48.963,0.89225,0.8925,5.00,2.40
2010.01.12 18:32:49.202,0.89225,0.8925,4.00,2.40
2010.01.12 18:32:50.702,0.89225,0.8925,4.00,6.40
2010.01.12 18:32:51.402,0.89225,0.89245,4.00,1.00
2010.01.12 18:32:51.582,0.8922,0.89245,2.40,6.60
2010.01.12 18:32:51.762,0.8922,0.89245,3.20,2.60
2010.01.12 18:32:52.162,0.8922,0.89245,2.40,2.60
2010.01.12 18:32:54.271,0.89225,0.89245,4.00,2.40
2010.01.12 18:32:54.431,0.8923,0.8925,2.40,8.00
2010.01.12 18:32:54.611,0.8923,0.89255,2.40,6.60
2010.01.12 18:32:54.731,0.89225,0.8925,12.80,2.60
2010.01.12 18:32:54.901,0.89225,0.8925,8.00,2.60
2010.01.12 18:32:55.072,0.89225,0.8925,2.40,2.40
2010.01.12 18:32:55.371,0.89225,0.8925,2.40,6.40
2010.01.12 18:32:55.731,0.89225,0.8925,2.40,6.60
2010.01.12 18:32:56.451,0.89225,0.8925,2.40,6.40
2010.01.12 18:32:56.801,0.89225,0.8925,2.40,6.60
2010.01.12 18:32:57.251,0.89225,0.8925,2.40,6.40
2010.01.12 18:32:57.950,0.89225,0.8925,2.40,6.60
2010.01.12 18:33:00.840,0.89225,0.8925,2.40,10.60
2010.01.12 18:33:12.777,0.89225,0.8925,2.40,10.40
2010.01.12 18:33:13.067,0.89225,0.8925,2.40,10.60
2010.01.12 18:33:13.357,0.89225,0.8925,2.40,8.00
2010.01.12 18:33:13.717,0.89225,0.8925,2.40,4.00
2010.01.12 18:33:15.256,0.8922,0.89245,6.40,1.00
2010.01.12 18:33:15.487,0.8922,0.89245,2.40,2.60
2010.01.12 18:33:24.434,0.8922,0.89245,2.40,4.20
2010.01.12 18:33:25.904,0.8922,0.89245,2.40,8.20
2010.01.12 18:33:26.244,0.8922,0.8924,2.40,1.00
2010.01.12 18:33:26.414,0.89215,0.8924,3.20,6.60
2010.01.12 18:33:26.594,0.89215,0.8924,2.40,10.60
2010.01.12 18:33:29.513,0.89215,0.8924,2.40,8.10
2010.01.12 18:33:30.563,0.89215,0.8924,2.40,8.00
2010.01.12 18:33:30.793,0.89205,0.8923,7.70,10.40
2010.01.12 18:33:31.003,0.89205,0.89235,6.40,11.40
2010.01.12 18:33:31.242,0.89205,0.89235,4.20,10.40
2010.01.12 18:33:31.482,0.89205,0.89235,4.00,10.40
2010.01.12 18:33:33.182,0.89205,0.89235,5.60,10.40
2010.01.12 18:33:33.522,0.8921,0.8924,3.40,11.20
2010.01.12 18:33:33.872,0.8921,0.8924,7.40,7.20
2010.01.12 18:33:34.152,0.8921,0.8924,8.20,7.20
2010.01.12 18:33:36.521,0.8921,0.8924,8.20,3.20
2010.01.12 18:33:36.871,0.89215,0.89245,4.00,10.40
2010.01.12 18:33:37.401,0.89215,0.89245,4.00,6.40
2010.01.12 18:33:37.631,0.89215,0.89245,8.00,6.40
2010.01.12 18:33:55.357,0.89215,0.89245,4.00,10.40
2010.01.12 18:34:05.514,0.89215,0.89245,8.00,6.40
2010.01.12 18:34:06.924,0.8921,0.89245,18.50,10.40
2010.01.12 18:34:08.674,0.89215,0.89245,8.00,6.40
2010.01.12 18:34:09.533,0.89215,0.89245,12.00,6.40
2010.01.12 18:34:09.763,0.89215,0.89245,12.00,2.40
2010.01.12 18:34:12.822,0.8922,0.8925,3.20,11.40
2010.01.12 18:34:13.203,0.8922,0.8925,7.20,7.40
2010.01.12 18:34:19.431,0.89225,0.8925,1.60,6.40
2010.01.12 18:34:19.661,0.8922,0.8925,9.00,7.20
2010.01.12 18:34:19.891,0.89225,0.89255,4.00,17.90
2010.01.12 18:34:20.131,0.8922,0.8925,11.40,3.20
2010.01.12 18:34:20.351,0.8922,0.8925,8.20,3.20
2010.01.12 18:34:20.741,0.8922,0.8925,7.40,7.20
2010.01.12 18:34:24.559,0.8922,0.8925,7.40,3.20
2010.01.12 18:34:29.458,0.8922,0.8925,11.40,3.20
2010.01.12 18:34:31.538,0.8922,0.8925,7.40,3.20
2010.01.12 18:34:32.697,0.8923,0.89255,3.40,4.00
2010.01.12 18:34:33.047,0.8923,0.8926,3.40,10.40
2010.01.12 18:34:33.397,0.89235,0.8926,2.40,8.00
2010.01.12 18:34:33.737,0.89235,0.89265,2.40,6.40
2010.01.12 18:34:34.077,0.89235,0.89265,6.40,10.40
2010.01.12 18:34:34.367,0.89235,0.89265,2.40,10.40
2010.01.12 18:34:34.657,0.8924,0.89265,3.20,8.00
2010.01.12 18:34:35.017,0.8924,0.8927,2.40,11.40
2010.01.12 18:34:35.777,0.89235,0.8926,10.40,2.40
2010.01.12 18:34:36.127,0.89235,0.8926,8.00,2.60
2010.01.12 18:34:36.237,0.89235,0.89265,2.40,10.40
2010.01.12 18:34:36.457,0.89235,0.89265,4.80,10.40
2010.01.12 18:34:36.567,0.89235,0.89265,5.00,10.40
2010.01.12 18:34:36.887,0.8924,0.8927,2.40,11.40
2010.01.12 18:34:37.916,0.89235,0.8926,8.80,3.40
2010.01.12 18:34:38.306,0.8923,0.8926,4.20,11.40
2010.01.12 18:34:38.636,0.8923,0.8926,3.80,11.40
2010.01.12 18:34:39.656,0.8923,0.8926,4.60,10.40
2010.01.12 18:34:39.886,0.89235,0.89265,2.40,11.10
2010.01.12 18:34:40.066,0.89235,0.89265,2.40,10.80
2010.01.12 18:34:40.236,0.8923,0.8926,13.40,2.40
2010.01.12 18:34:40.456,0.89235,0.8926,2.40,4.00
2010.01.12 18:34:40.626,0.89235,0.89265,2.40,10.40
2010.01.12 18:34:42.865,0.8924,0.89265,2.40,8.00
2010.01.12 18:34:43.205,0.8924,0.8927,2.40,11.40
2010.01.12 18:34:43.905,0.89235,0.89265,11.20,2.40
2010.01.12 18:34:44.255,0.89235,0.89265,2.40,10.40
2010.01.12 18:34:47.624,0.8924,0.89265,2.40,8.00
2010.01.12 18:34:47.964,0.8924,0.8927,2.40,11.40
2010.01.12 18:34:48.304,0.8924,0.89265,2.40,4.00
2010.01.12 18:34:48.704,0.8924,0.8927,2.40,11.40
2010.01.12 18:34:57.112,0.8924,0.8927,3.20,11.40
2010.01.12 18:34:57.802,0.8924,0.8927,2.40,11.40
2010.01.12 18:34:59.261,0.89245,0.8927,4.00,10.60
2010.01.12 18:34:59.501,0.89245,0.8927,4.00,2.60
2010.01.12 18:34:59.911,0.89245,0.8927,4.00,1.00
2010.01.12 18:35:00.781,0.89245,0.89275,4.20,13.00
2010.01.12 18:35:01.011,0.89245,0.8927,4.00,1.00
2010.01.12 18:35:02.750,0.89245,0.89275,4.20,13.00
2010.01.12 18:35:04.720,0.89245,0.8927,4.20,1.00
2010.01.12 18:35:04.890,0.89245,0.8927,2.40,1.00
2010.01.12 18:35:05.070,0.8924,0.8927,6.40,11.20
2010.01.12 18:35:05.250,0.8924,0.8927,2.40,11.20
2010.01.12 18:35:07.429,0.8924,0.8927,2.40,11.40
2010.01.12 18:35:12.588,0.89245,0.8927,1.60,11.40
2010.01.12 18:35:12.868,0.89245,0.8927,4.00,1.00
2010.01.12 18:35:16.887,0.89245,0.89275,4.20,12.80
2010.01.12 18:35:17.227,0.8925,0.89275,2.40,1.00
2010.01.12 18:35:17.567,0.89245,0.89275,4.20,13.00
2010.01.12 18:35:33.383,0.89245,0.89275,5.00,13.00
2010.01.12 18:35:38.172,0.89245,0.89275,5.80,13.00
2010.01.12 18:35:38.522,0.89245,0.89275,5.00,13.00
2010.01.12 18:35:41.811,0.89245,0.89275,5.00,13.80
2010.01.12 18:35:55.088,0.89245,0.89275,5.00,17.80
2010.01.12 18:35:55.148,0.89245,0.89275,5.00,18.80
2010.01.12 18:35:55.198,0.89245,0.89275,4.80,18.80
2010.01.12 18:35:55.258,0.89245,0.89275,3.20,18.80
2010.01.12 18:35:55.318,0.89245,0.8927,1.00,2.40
2010.01.12 18:35:55.378,0.89245,0.8927,1.00,6.40
2010.01.12 18:35:56.028,0.89245,0.89265,1.00,1.00
2010.01.12 18:35:56.138,0.8924,0.89265,6.40,1.00
2010.01.12 18:35:56.438,0.8924,0.89265,6.40,2.60
2010.01.12 18:35:56.548,0.8924,0.89265,2.40,3.40
2010.01.12 18:35:59.027,0.8924,0.8927,3.40,16.00
2010.01.12 18:35:59.267,0.89245,0.8927,1.60,10.60
2010.01.12 18:35:59.447,0.89245,0.8927,1.60,9.00
2010.01.12 18:35:59.667,0.89245,0.8927,1.60,5.00
2010.01.12 18:36:00.886,0.8924,0.89265,2.40,2.60
2010.01.12 18:36:01.126,0.8924,0.89265,6.40,2.60
2010.01.12 18:36:01.726,0.8925,0.8927,3.20,5.60
2010.01.12 18:36:01.836,0.8925,0.8927,2.40,4.10
2010.01.12 18:36:02.006,0.89245,0.8927,2.40,1.00
2010.01.12 18:36:02.346,0.8924,0.8927,11.20,3.40
2010.01.12 18:36:02.696,0.8924,0.8927,7.20,3.40
2010.01.12 18:36:04.236,0.8924,0.8927,7.20,2.60
2010.01.12 18:36:04.286,0.8924,0.8927,7.40,2.60
2010.01.12 18:36:04.396,0.8924,0.8927,8.20,2.60
2010.01.12 18:36:04.446,0.89245,0.8927,4.00,1.00
2010.01.12 18:36:04.556,0.89245,0.89275,4.20,16.40
2010.01.12 18:36:04.835,0.89245,0.89275,4.20,15.40
2010.01.12 18:36:05.005,0.89245,0.89275,4.20,14.60
2010.01.12 18:36:05.715,0.89245,0.8927,4.00,1.00
2010.01.12 18:36:06.705,0.89245,0.8927,1.60,2.60
2010.01.12 18:36:07.055,0.8924,0.8927,12.00,3.40
2010.01.12 18:36:07.405,0.8924,0.8927,8.00,3.40
2010.01.12 18:36:08.785,0.8924,0.89265,8.00,2.60
2010.01.12 18:36:09.635,0.8924,0.89265,7.20,2.60
2010.01.12 18:36:09.744,0.8924,0.89265,6.40,3.40
2010.01.12 18:36:09.974,0.8924,0.8926,6.40,1.00
2010.01.12 18:36:10.134,0.8924,0.8926,2.40,1.00
2010.01.12 18:36:10.774,0.89235,0.8926,10.40,3.40
2010.01.12 18:36:11.154,0.8923,0.8926,7.40,3.40
2010.01.12 18:36:11.854,0.8923,0.8926,8.20,3.40
2010.01.12 18:36:12.534,0.8923,0.8926,12.20,3.40
2010.01.12 18:36:12.884,0.8923,0.8926,12.20,1.00
2010.01.12 18:36:13.613,0.8923,0.89265,12.20,17.40
2010.01.12 18:36:22.741,0.8923,0.8926,12.20,1.00
2010.01.12 18:36:23.071,0.8923,0.89255,6.40,2.60
2010.01.12 18:36:23.421,0.89225,0.89255,8.80,7.40
2010.01.12 18:36:23.771,0.89225,0.89255,4.80,11.40
2010.01.12 18:36:24.121,0.89235,0.8926,2.40,14.50
2010.01.12 18:36:24.501,0.89235,0.8926,4.80,1.00
2010.01.12 18:36:28.170,0.89235,0.89265,5.00,13.00
2010.01.12 18:36:28.520,0.89235,0.89265,5.00,12.20
2010.01.12 18:36:28.910,0.8924,0.89265,2.40,7.40
2010.01.12 18:36:29.250,0.8924,0.89265,3.20,2.60
2010.01.12 18:36:30.750,0.8924,0.8926,2.40,1.00
2010.01.12 18:36:33.818,0.8924,0.89265,2.40,13.00
2010.01.12 18:36:42.586,0.89235,0.89265,3.40,13.00
2010.01.12 18:36:42.746,0.89235,0.8926,1.00,2.60
2010.01.12 18:36:42.926,0.8923,0.8926,4.40,11.40
2010.01.12 18:36:43.096,0.8923,0.8926,3.20,11.40
2010.01.12 18:36:49.605,0.8923,0.89255,4.00,2.40
2010.01.12 18:36:50.195,0.8923,0.8925,3.20,1.00
2010.01.12 18:36:50.424,0.89235,0.89255,4.80,8.00
2010.01.12 18:36:50.594,0.89235,0.8926,4.80,2.60
2010.01.12 18:36:50.814,0.89235,0.89255,1.60,2.40
2010.01.12 18:36:50.984,0.8923,0.89255,4.00,2.40
2010.01.12 18:36:51.554,0.8923,0.89255,3.20,2.40
2010.01.12 18:36:51.884,0.8923,0.8925,1.00,2.60
2010.01.12 18:36:52.294,0.8922,0.8925,10.40,2.60
2010.01.12 18:36:52.564,0.8922,0.8925,6.40,6.60
2010.01.12 18:36:52.854,0.8922,0.8925,6.40,2.60
2010.01.12 18:36:53.794,0.8922,0.8925,6.40,6.60
2010.01.12 18:36:54.593,0.8922,0.8925,6.40,6.40
2010.01.12 18:36:55.503,0.8922,0.8925,6.40,6.60
2010.01.12 18:36:55.863,0.8922,0.8925,6.40,6.40
2010.01.12 18:36:56.203,0.8922,0.8925,6.40,6.50
2010.01.12 18:36:56.593,0.8922,0.8925,6.40,6.40
2010.01.12 18:36:57.403,0.89225,0.8925,2.40,4.00
2010.01.12 18:36:57.753,0.89225,0.89255,4.00,10.40
2010.01.12 18:36:58.043,0.89225,0.89255,1.60,10.40
2010.01.12 18:36:58.343,0.89225,0.8926,8.00,17.10
2010.01.12 18:36:58.632,0.89225,0.89255,8.00,4.00
2010.01.12 18:36:58.862,0.89225,0.8926,12.00,17.10
2010.01.12 18:36:59.212,0.89225,0.89255,8.00,4.00
2010.01.12 18:37:00.072,0.89225,0.89255,6.40,5.70
2010.01.12 18:37:00.132,0.89225,0.8925,4.00,2.40
2010.01.12 18:37:00.242,0.8922,0.8925,6.40,2.40
2010.01.12 18:37:00.682,0.8922,0.89255,6.40,12.10
2010.01.12 18:37:00.742,0.8922,0.8925,2.40,10.40
2010.01.12 18:37:01.132,0.8922,0.8925,2.40,8.00
2010.01.12 18:37:01.422,0.89225,0.8925,2.60,4.00
2010.01.12 18:37:01.652,0.8923,0.89255,3.20,8.00
2010.01.12 18:37:01.942,0.8923,0.8926,3.20,11.40
2010.01.12 18:37:03.921,0.89235,0.8926,2.40,11.20
2010.01.12 18:37:05.171,0.8924,0.8926,2.40,8.00
2010.01.12 18:37:05.401,0.8924,0.89265,2.40,13.00
2010.01.12 18:37:05.671,0.8924,0.89265,2.40,11.40
2010.01.12 18:37:05.901,0.8924,0.89265,2.40,7.40
2010.01.12 18:37:06.131,0.89235,0.8926,4.80,2.40
2010.01.12 18:37:06.471,0.89235,0.8926,2.40,3.20
2010.01.12 18:37:06.811,0.89235,0.8926,2.40,2.40
2010.01.12 18:37:07.161,0.8923,0.89265,12.10,12.20
2010.01.12 18:37:09.500,0.89235,0.8926,2.40,2.40
2010.01.12 18:37:09.610,0.89235,0.8926,6.40,2.40
2010.01.12 18:37:11.709,0.89235,0.8926,2.40,2.40
2010.01.12 18:37:17.498,0.89235,0.8926,6.40,2.40
2010.01.12 18:37:18.198,0.89235,0.8926,2.40,2.40
2010.01.12 18:37:21.247,0.8924,0.8926,1.00,2.40
2010.01.12 18:37:21.367,0.8924,0.89265,3.20,10.60
2010.01.12 18:37:21.657,0.8924,0.89265,3.20,2.60
2010.01.12 18:37:24.066,0.89245,0.89265,1.00,2.60
2010.01.12 18:37:24.406,0.89245,0.8927,4.00,6.60
2010.01.12 18:37:24.746,0.89245,0.8927,4.00,2.60
2010.01.12 18:37:29.515,0.89245,0.8927,1.60,2.60
2010.01.12 18:37:29.685,0.89245,0.8927,1.60,6.60
2010.01.12 18:37:32.294,0.89245,0.8927,2.40,10.60
2010.01.12 18:37:32.644,0.89245,0.8927,4.80,10.60
2010.01.12 18:37:37.003,0.89235,0.89265,7.80,3.30
2010.01.12 18:37:37.393,0.89255,0.89275,2.40,10.40
2010.01.12 18:37:37.693,0.89265,0.8928,4.80,4.00
2010.01.12 18:37:37.983,0.89275,0.89295,4.80,10.50
2010.01.12 18:37:38.283,0.89275,0.89295,4.80,4.00
2010.01.12 18:37:38.573,0.8927,0.8929,3.80,4.00
2010.01.12 18:37:38.903,0.8927,0.8929,3.20,8.00
2010.01.12 18:37:42.512,0.89265,0.8929,10.40,8.00
2010.01.12 18:37:44.501,0.8927,0.8929,1.60,8.00
2010.01.12 18:37:44.852,0.8927,0.89295,4.00,8.10
2010.01.12 18:37:45.071,0.89285,0.89295,1.00,8.00
2010.01.12 18:37:45.471,0.89285,0.89305,1.60,13.00
2010.01.12 18:37:45.711,0.8928,0.893,3.20,1.00
2010.01.12 18:37:45.941,0.8928,0.89295,2.40,8.00
2010.01.12 18:37:46.181,0.8927,0.893,7.40,7.20
2010.01.12 18:37:46.401,0.8927,0.893,11.40,3.20
2010.01.12 18:37:46.631,0.8927,0.893,7.40,3.20
2010.01.12 18:37:46.871,0.8927,0.893,3.40,11.20
2010.01.12 18:37:47.091,0.89275,0.893,4.80,8.00
2010.01.12 18:37:47.431,0.89275,0.893,5.00,4.00
2010.01.12 18:37:49.490,0.8927,0.893,8.20,3.20
2010.01.12 18:37:49.710,0.8927,0.893,3.40,11.20
2010.01.12 18:37:52.010,0.8927,0.89295,2.60,1.00
2010.01.12 18:37:52.549,0.8927,0.893,3.40,11.20
2010.01.12 18:37:53.319,0.8927,0.89295,2.60,1.00
2010.01.12 18:37:57.139,0.8926,0.89285,2.60,7.20
2010.01.12 18:37:57.488,0.8926,0.89285,2.60,1.00
2010.01.12 18:37:58.158,0.8926,0.89285,2.60,3.20
2010.01.12 18:37:58.438,0.8926,0.89285,2.60,11.20
2010.01.12 18:38:01.447,0.8926,0.89285,2.60,8.80
2010.01.12 18:38:01.507,0.8926,0.89285,3.40,8.00
2010.01.12 18:38:01.617,0.8926,0.89285,2.60,8.80
2010.01.12 18:38:01.677,0.8926,0.89285,2.60,1.00
2010.01.12 18:38:04.437,0.89265,0.8929,2.60,11.60
2010.01.12 18:38:04.496,0.89265,0.8929,2.60,10.80
2010.01.12 18:38:04.607,0.8927,0.8929,2.40,8.00
2010.01.12 18:38:05.117,0.8927,0.8929,2.40,4.00
2010.01.12 18:38:05.177,0.8927,0.89295,2.40,12.80
2010.01.12 18:38:06.736,0.89265,0.89295,1.00,12.80
2010.01.12 18:38:06.966,0.89265,0.8929,1.00,4.00
2010.01.12 18:38:07.256,0.89265,0.8929,1.00,8.00
2010.01.12 18:38:10.785,0.89265,0.8929,1.00,4.00
2010.01.12 18:38:13.094,0.8926,0.8929,6.60,4.00
2010.01.12 18:38:13.494,0.8926,0.8929,2.60,8.00
2010.01.12 18:38:15.304,0.8926,0.89285,2.40,2.40
2010.01.12 18:38:15.474,0.8926,0.89285,2.40,10.40
2010.01.12 18:38:15.864,0.8926,0.89285,2.40,6.40
2010.01.12 18:38:17.463,0.8926,0.89285,2.40,8.00
2010.01.12 18:38:17.813,0.8926,0.89285,2.40,6.40
2010.01.12 18:38:18.963,0.8925,0.89275,2.40,2.40
2010.01.12 18:38:19.323,0.8925,0.89275,2.40,6.40
2010.01.12 18:38:23.363,0.8925,0.89275,2.60,6.40
2010.01.12 18:38:23.592,0.89255,0.89275,2.40,4.00
2010.01.12 18:38:23.762,0.8925,0.8928,1.00,11.20
2010.01.12 18:38:23.922,0.8925,0.89275,1.00,8.00
2010.01.12 18:38:24.092,0.8925,0.89275,1.00,4.00
2010.01.12 18:38:26.471,0.8925,0.8928,1.00,16.30
2010.01.12 18:38:26.701,0.8925,0.8928,2.60,13.80
2010.01.12 18:38:26.811,0.8925,0.8928,2.60,8.80
2010.01.12 18:38:35.209,0.8925,0.89275,2.60,4.00
2010.01.12 18:38:40.738,0.8925,0.8928,2.60,8.80
2010.01.12 18:38:43.127,0.8925,0.8928,2.60,8.00
2010.01.12 18:38:49.635,0.8925,0.89275,2.40,2.40
2010.01.12 18:38:49.925,0.8925,0.89275,2.60,4.00
2010.01.12 18:38:50.366,0.8925,0.8928,2.60,8.80
2010.01.12 18:38:51.405,0.8925,0.8928,2.60,11.20
2010.01.12 18:38:51.575,0.8925,0.89275,2.60,4.00
2010.01.12 18:38:52.895,0.8925,0.89275,2.60,8.00
2010.01.12 18:38:53.465,0.8925,0.89275,2.60,4.00
2010.01.12 18:38:56.584,0.8925,0.89275,2.60,8.00
2010.01.12 18:38:56.864,0.8925,0.89275,2.40,10.40
2010.01.12 18:38:59.103,0.89245,0.89275,4.20,10.40
2010.01.12 18:38:59.433,0.89245,0.89275,4.00,10.40
2010.01.12 18:38:59.773,0.89245,0.89275,2.40,10.40
2010.01.12 18:39:00.123,0.89245,0.89275,6.40,6.40
2010.01.12 18:39:01.813,0.89245,0.8927,6.40,2.40
2010.01.12 18:39:01.933,0.89245,0.89275,2.40,19.00
2010.01.12 18:39:01.983,0.89245,0.8927,2.40,2.40
2010.01.12 18:39:02.103,0.8924,0.89265,4.00,2.40
2010.01.12 18:39:02.213,0.89235,0.89265,12.20,2.40
2010.01.12 18:39:04.372,0.89235,0.8927,12.20,8.00
2010.01.12 18:39:04.712,0.8924,0.89275,4.00,14.00
2010.01.12 18:39:05.072,0.8924,0.89275,8.00,14.00
2010.01.12 18:39:05.762,0.8924,0.8927,4.00,4.00
2010.01.12 18:39:06.941,0.8924,0.89275,8.00,14.00
2010.01.12 18:39:07.281,0.8924,0.89275,4.00,12.40
2010.01.12 18:39:07.921,0.8924,0.89275,4.00,14.00
2010.01.12 18:39:09.601,0.89235,0.8927,17.60,8.00
2010.01.12 18:39:12.730,0.89235,0.89265,9.60,4.00
2010.01.12 18:39:13.360,0.89235,0.89265,9.40,4.00
2010.01.12 18:39:13.480,0.89235,0.89265,9.60,4.00
2010.01.12 18:39:13.830,0.89235,0.89265,9.60,8.00
2010.01.12 18:39:19.319,0.89235,0.89265,16.60,1.00
2010.01.12 18:39:19.558,0.89235,0.8926,12.00,2.40
2010.01.12 18:39:19.998,0.89235,0.8926,16.80,2.40
2010.01.12 18:39:20.208,0.89235,0.8926,17.40,2.40
2010.01.12 18:39:26.787,0.89235,0.8927,17.50,10.50
2010.01.12 18:39:26.967,0.89235,0.8927,17.60,10.60
2010.01.12 18:39:30.436,0.89235,0.89265,17.40,1.00
2010.01.12 18:39:30.786,0.89235,0.89265,13.40,1.00
2010.01.12 18:39:31.186,0.89235,0.89265,13.60,4.00
2010.01.12 18:39:31.485,0.89235,0.8927,17.60,10.60
2010.01.12 18:39:31.826,0.89235,0.89265,9.60,8.00
2010.01.12 18:39:32.755,0.89235,0.89265,9.40,8.10
2010.01.12 18:39:34.595,0.89235,0.8926,9.40,4.00
2010.01.12 18:39:35.695,0.89245,0.89265,2.40,8.00
2010.01.12 18:39:37.774,0.89245,0.8927,2.40,10.60
2010.01.12 18:39:38.114,0.8924,0.8927,1.00,10.60
2010.01.12 18:39:38.234,0.89235,0.89265,13.60,4.00
2010.01.12 18:39:38.764,0.89235,0.89265,9.60,8.00
2010.01.12 18:39:42.373,0.89235,0.8927,17.60,10.60
2010.01.12 18:39:43.023,0.89235,0.89265,9.60,8.00
2010.01.12 18:39:43.424,0.89235,0.89265,13.40,4.00
2010.01.12 18:39:43.773,0.89235,0.8927,17.40,10.60
2010.01.12 18:39:44.123,0.89235,0.89265,13.60,4.00
2010.01.12 18:39:44.712,0.89235,0.89265,9.60,8.00
2010.01.12 18:39:46.274,0.89235,0.89265,13.40,4.00
2010.01.12 18:39:46.492,0.89235,0.89265,13.60,4.00
2010.01.12 18:39:46.602,0.89235,0.8927,17.60,10.60
2010.01.12 18:39:46.842,0.89235,0.89265,17.60,4.00
2010.01.12 18:39:46.902,0.89235,0.89265,13.60,4.00
2010.01.12 18:39:52.400,0.89235,0.89265,13.40,4.00
2010.01.12 18:39:52.811,0.89235,0.8927,17.40,8.10
2010.01.12 18:39:53.041,0.89235,0.8927,17.40,8.00
2010.01.12 18:40:03.518,0.89235,0.8927,17.60,8.00
2010.01.12 18:40:06.117,0.89235,0.8927,17.40,8.00
2010.01.12 18:40:06.637,0.89235,0.89265,13.40,4.00
2010.01.12 18:40:06.817,0.89235,0.89265,17.40,4.00
2010.01.12 18:40:07.157,0.89235,0.8927,17.40,8.00
2010.01.12 18:40:10.936,0.89235,0.8927,17.40,10.60
2010.01.12 18:40:11.116,0.89235,0.89265,13.40,4.00
2010.01.12 18:40:13.055,0.89235,0.89265,9.00,4.00
2010.01.12 18:40:13.225,0.89235,0.89265,8.80,6.40
2010.01.12 18:40:13.446,0.89235,0.89265,4.00,10.40
2010.01.12 18:40:18.814,0.89235,0.89265,4.00,10.60
2010.01.12 18:40:28.222,0.89235,0.89265,2.40,12.20
2010.01.12 18:40:30.082,0.89235,0.8926,2.40,2.40
2010.01.12 18:40:33.311,0.89235,0.8926,2.40,3.20
2010.01.12 18:40:33.640,0.89235,0.8926,2.40,3.40
2010.01.12 18:40:34.021,0.89235,0.8926,2.40,11.40
2010.01.12 18:40:35.100,0.89235,0.8926,2.40,10.40
2010.01.12 18:40:35.330,0.89235,0.8926,2.40,2.40
2010.01.12 18:40:35.570,0.89235,0.8926,2.40,3.20
2010.01.12 18:40:36.320,0.89235,0.8926,2.40,7.20
2010.01.12 18:40:44.668,0.89235,0.8926,2.40,6.40
2010.01.12 18:40:44.828,0.89235,0.8926,2.40,10.40
2010.01.12 18:40:45.128,0.89235,0.8926,2.40,6.40
2010.01.12 18:40:47.217,0.89235,0.8926,2.40,7.20
2010.01.12 18:40:47.567,0.89235,0.8926,2.40,3.20
2010.01.12 18:40:47.847,0.89235,0.8926,2.40,2.40
2010.01.12 18:40:48.497,0.89235,0.8926,2.50,2.40
2010.01.12 18:40:48.777,0.8924,0.89265,2.40,3.40
2010.01.12 18:40:49.367,0.89235,0.8926,6.40,2.40
2010.01.12 18:40:49.667,0.89235,0.8926,2.40,2.40
2010.01.12 18:41:02.854,0.89235,0.8926,3.20,2.40
2010.01.12 18:41:03.143,0.89235,0.8926,7.20,2.40
2010.01.12 18:41:03.443,0.89235,0.8926,6.40,2.40
2010.01.12 18:41:04.563,0.89235,0.8926,6.40,3.20
2010.01.12 18:41:04.843,0.89235,0.8926,2.40,3.20
2010.01.12 18:41:11.902,0.89235,0.89255,2.40,1.00
2010.01.12 18:41:20.129,0.89235,0.89255,2.60,1.00
2010.01.12 18:41:20.479,0.8924,0.89265,2.40,11.40
2010.01.12 18:41:20.649,0.89235,0.89265,6.50,8.90
2010.01.12 18:41:20.829,0.89245,0.89265,2.40,4.00
2010.01.12 18:41:20.989,0.89245,0.8927,2.40,11.20
2010.01.12 18:41:21.909,0.89245,0.89265,2.40,1.00
2010.01.12 18:41:22.329,0.89245,0.8927,2.40,11.20
2010.01.12 18:41:22.709,0.89245,0.89265,2.40,1.00
2010.01.12 18:41:24.478,0.89245,0.8927,2.40,11.60
2010.01.12 18:41:26.328,0.89245,0.89265,2.40,1.00
2010.01.12 18:41:26.498,0.89245,0.8927,2.40,11.20
2010.01.12 18:41:26.678,0.89245,0.8927,2.40,10.60
2010.01.12 18:41:28.238,0.89245,0.8927,2.40,2.60
2010.01.12 18:41:28.527,0.89245,0.8927,2.60,2.40
2010.01.12 18:41:28.818,0.89245,0.8927,2.40,2.40
2010.01.12 18:41:32.317,0.89245,0.8927,4.00,2.40
2010.01.12 18:41:36.435,0.89245,0.8927,4.00,3.20
2010.01.12 18:41:36.495,0.89245,0.8927,4.00,3.40
2010.01.12 18:41:36.665,0.89245,0.8927,4.00,3.20
2010.01.12 18:41:36.835,0.89245,0.8927,2.40,3.20
2010.01.12 18:41:36.886,0.89245,0.8927,2.40,7.20
2010.01.12 18:41:38.165,0.89245,0.8927,2.40,2.40
2010.01.12 18:41:41.264,0.89245,0.8927,2.40,3.20
2010.01.12 18:41:48.413,0.89245,0.8927,2.40,7.20
2010.01.12 18:41:50.932,0.89245,0.8927,2.40,10.40
2010.01.12 18:41:53.201,0.89245,0.8927,2.40,7.60
2010.01.12 18:41:53.381,0.89245,0.8927,2.40,7.20
2010.01.12 18:41:55.241,0.89245,0.8927,2.40,7.40
2010.01.12 18:41:55.601,0.89245,0.8927,2.40,3.40
2010.01.12 18:41:55.771,0.89245,0.8927,2.40,11.40
2010.01.12 18:41:56.580,0.89245,0.89265,2.40,1.00
2010.01.12 18:41:56.691,0.8924,0.89265,3.20,2.40
2010.01.12 18:41:56.860,0.8924,0.8927,2.40,12.90
2010.01.12 18:41:56.981,0.8924,0.89265,2.40,6.40
2010.01.12 18:41:57.091,0.8924,0.89265,2.40,2.40
2010.01.12 18:42:00.010,0.8924,0.89265,2.60,2.40
2010.01.12 18:42:00.340,0.8924,0.89265,2.40,2.40
2010.01.12 18:42:04.719,0.8924,0.89265,2.40,3.20
2010.01.12 18:42:06.578,0.89235,0.8926,12.20,2.40
2010.01.12 18:42:06.818,0.89235,0.8926,8.20,2.40
2010.01.12 18:42:07.378,0.89235,0.8926,12.20,2.40
2010.01.12 18:42:09.418,0.89235,0.8926,4.20,2.40
2010.01.12 18:42:09.658,0.89235,0.8926,12.20,2.40
2010.01.12 18:42:11.217,0.89235,0.8926,8.20,2.40
2010.01.12 18:42:22.634,0.89235,0.8926,12.20,2.40
2010.01.12 18:42:24.424,0.89235,0.8926,8.20,2.40
2010.01.12 18:42:26.033,0.8924,0.89265,2.40,6.40
2010.01.12 18:42:28.763,0.8924,0.89265,2.40,2.40
2010.01.12 18:42:29.003,0.8924,0.89265,2.40,6.40
2010.01.12 18:42:32.942,0.8924,0.89265,2.40,2.40
2010.01.12 18:42:33.821,0.8924,0.89265,2.40,2.60
2010.01.12 18:42:34.062,0.8924,0.89265,2.40,6.60
2010.01.12 18:42:34.282,0.8924,0.89265,2.40,2.60
2010.01.12 18:42:37.561,0.89245,0.89265,2.40,1.00
2010.01.12 18:42:40.360,0.8924,0.89265,2.40,2.60
2010.01.12 18:42:40.480,0.8924,0.89265,3.40,2.40
2010.01.12 18:42:40.650,0.89245,0.8927,2.40,10.60
2010.01.12 18:42:40.770,0.89245,0.8927,2.40,6.60
2010.01.12 18:42:40.950,0.89245,0.8927,2.40,2.60
2010.01.12 18:42:41.190,0.89245,0.8927,2.40,6.60
2010.01.12 18:42:43.489,0.89245,0.8927,2.40,7.40
2010.01.12 18:42:43.779,0.89245,0.8927,2.40,6.60
2010.01.12 18:42:45.299,0.8925,0.8927,2.40,4.00
2010.01.12 18:42:45.589,0.8925,0.89275,2.40,12.20
2010.01.12 18:42:45.759,0.8925,0.89275,2.40,8.20
2010.01.12 18:42:51.028,0.8925,0.89275,2.40,12.20
2010.01.12 18:42:52.467,0.89255,0.89275,4.00,8.00
2010.01.12 18:42:52.577,0.89255,0.89275,2.40,8.10
2010.01.12 18:42:52.687,0.89255,0.89275,2.40,4.10
2010.01.12 18:42:53.027,0.89255,0.89275,2.40,1.00
2010.01.12 18:42:53.997,0.89255,0.89275,2.40,1.00
2010.01.12 18:42:55.456,0.89255,0.89275,2.40,1.00
2010.01.12 18:42:55.566,0.89255,0.8928,4.00,9.30
2010.01.12 18:42:55.686,0.89255,0.8928,4.00,4.90
2010.01.12 18:42:55.746,0.89255,0.8928,4.20,1.00
2010.01.12 18:42:56.146,0.89255,0.89285,5.00,12.80
2010.01.12 18:42:56.546,0.89255,0.8928,5.00,4.00
2010.01.12 18:42:57.476,0.89255,0.8928,4.80,4.10
2010.01.12 18:42:57.756,0.89255,0.89275,4.80,4.00
2010.01.12 18:42:57.936,0.89255,0.89275,5.00,4.00
2010.01.12 18:42:58.166,0.89255,0.8928,5.00,4.00
2010.01.12 18:43:00.305,0.89255,0.8928,4.80,8.10
2010.01.12 18:43:01.055,0.89255,0.8928,4.80,4.10
2010.01.12 18:43:04.185,0.8925,0.8928,9.80,5.00
2010.01.12 18:43:04.534,0.8925,0.8928,5.00,13.00
2010.01.12 18:43:08.553,0.89255,0.8928,2.40,10.60
2010.01.12 18:43:09.243,0.89255,0.8928,4.80,1.00
2010.01.12 18:43:11.013,0.89265,0.8928,3.20,1.00
2010.01.12 18:43:11.233,0.89265,0.89285,2.40,4.10
2010.01.12 18:43:11.523,0.89265,0.89285,2.40,1.00
2010.01.12 18:43:13.122,0.89265,0.89285,2.40,9.70
2010.01.12 18:43:13.292,0.89265,0.89285,2.40,1.70
2010.01.12 18:43:13.532,0.89265,0.89285,2.40,1.00
2010.01.12 18:43:14.102,0.89265,0.8929,2.40,4.00
2010.01.12 18:43:14.622,0.89265,0.89295,2.40,14.30
2010.01.12 18:43:14.982,0.89265,0.8929,2.40,4.00
2010.01.12 18:43:15.321,0.89265,0.8929,2.40,8.00
2010.01.12 18:43:16.431,0.89265,0.8929,2.40,4.00
2010.01.12 18:43:16.601,0.89265,0.8929,2.40,8.00
2010.01.12 18:43:18.541,0.8926,0.8929,3.20,11.20
2010.01.12 18:43:19.621,0.8926,0.8929,3.30,11.20
2010.01.12 18:43:19.800,0.89265,0.8929,2.40,8.00
2010.01.12 18:43:27.929,0.89255,0.89285,8.80,6.40
2010.01.12 18:43:28.278,0.89255,0.8929,12.80,8.00
2010.01.12 18:43:28.968,0.89255,0.89285,4.80,8.00
2010.01.12 18:43:34.307,0.89255,0.89285,4.80,10.40
2010.01.12 18:43:34.657,0.89255,0.89285,8.00,6.40
2010.01.12 18:43:35.277,0.89255,0.89285,4.00,10.40
2010.01.12 18:43:36.996,0.89255,0.89285,4.80,11.30
2010.01.12 18:43:37.107,0.89255,0.8928,2.40,2.40
2010.01.12 18:43:37.216,0.89255,0.8928,2.40,6.40
2010.01.12 18:43:40.176,0.89255,0.89275,1.60,2.40
2010.01.12 18:43:40.296,0.8925,0.89275,5.20,2.40
2010.01.12 18:43:40.476,0.89255,0.89275,1.60,2.40
2010.01.12 18:43:40.585,0.89255,0.89275,1.60,6.40
2010.01.12 18:43:44.025,0.89255,0.89275,2.40,4.00
2010.01.12 18:43:44.375,0.89255,0.8928,2.40,6.40
2010.01.12 18:43:45.885,0.89255,0.8928,2.40,10.40
2010.01.12 18:43:46.534,0.89255,0.8928,2.40,6.40
2010.01.12 18:43:47.004,0.8925,0.8928,7.20,7.20
2010.01.12 18:43:47.234,0.89255,0.8928,1.60,11.20
2010.01.12 18:43:48.384,0.89245,0.89275,5.40,10.40
2010.01.12 18:43:49.723,0.8925,0.8928,3.20,11.20
2010.01.12 18:43:50.343,0.89245,0.89275,13.40,2.40
2010.01.12 18:43:50.563,0.89245,0.89275,5.40,10.40
2010.01.12 18:43:51.523,0.89245,0.89275,7.00,10.40
2010.01.12 18:43:51.633,0.8925,0.89275,2.40,8.00
2010.01.12 18:43:51.693,0.8925,0.89275,3.20,8.00
2010.01.12 18:43:51.973,0.8925,0.8928,3.20,11.20
2010.01.12 18:43:52.673,0.89245,0.89275,9.40,6.40
2010.01.12 18:43:56.552,0.89245,0.89275,9.40,2.40
2010.01.12 18:43:56.672,0.89245,0.8927,13.40,1.00
2010.01.12 18:43:56.852,0.89245,0.8927,8.00,3.20
2010.01.12 18:43:57.032,0.89245,0.89275,2.40,12.60
2010.01.12 18:43:57.312,0.89245,0.89275,4.00,10.40
2010.01.12 18:44:04.230,0.8925,0.89275,3.20,8.00
2010.01.12 18:44:04.460,0.8925,0.8928,3.20,12.20
2010.01.12 18:44:04.680,0.8925,0.89275,3.20,4.00
2010.01.12 18:44:08.099,0.8925,0.89275,3.40,4.00
2010.01.12 18:44:08.439,0.8925,0.89275,2.60,4.80
2010.01.12 18:44:13.738,0.8925,0.89275,2.40,4.80
2010.01.12 18:44:22.646,0.8925,0.89275,2.40,1.00
2010.01.12 18:44:24.785,0.8925,0.89275,2.40,4.80
2010.01.12 18:44:25.175,0.8925,0.89275,2.40,1.00
2010.01.12 18:44:30.724,0.8925,0.8928,3.20,11.20
2010.01.12 18:44:33.083,0.89245,0.8928,16.30,10.40
2010.01.12 18:44:33.263,0.89255,0.8928,2.40,8.00
2010.01.12 18:44:35.293,0.89255,0.8928,2.40,4.00
2010.01.12 18:44:35.632,0.89255,0.8928,2.40,8.00
2010.01.12 18:44:36.572,0.89255,0.8928,2.40,4.00
2010.01.12 18:44:36.623,0.89255,0.89285,2.40,10.40
2010.01.12 18:44:39.152,0.89255,0.89285,6.90,10.40
2010.01.12 18:44:39.322,0.8926,0.89285,2.40,4.00
2010.01.12 18:44:39.551,0.8926,0.89285,2.40,6.40
2010.01.12 18:44:39.721,0.8926,0.89285,2.40,2.40
2010.01.12 18:44:40.391,0.8926,0.89285,2.60,2.40
2010.01.12 18:44:42.401,0.8926,0.89285,2.40,2.40
2010.01.12 18:44:44.190,0.89265,0.8929,2.60,2.40
2010.01.12 18:44:52.199,0.89265,0.89295,2.60,14.60
2010.01.12 18:44:52.259,0.89265,0.8929,2.60,2.40
2010.01.12 18:44:52.378,0.89265,0.89295,2.60,14.60
2010.01.12 18:44:52.558,0.89265,0.8929,2.60,2.40
2010.01.12 18:44:54.228,0.8927,0.89295,2.40,6.40
2010.01.12 18:44:54.568,0.8927,0.89295,2.40,10.40
2010.01.12 18:44:54.918,0.8927,0.89295,2.40,6.40
2010.01.12 18:45:00.926,0.8927,0.89295,3.20,6.40
2010.01.12 18:45:02.176,0.8927,0.89295,3.20,2.40
2010.01.12 18:45:03.326,0.8927,0.89295,3.20,6.40
2010.01.12 18:45:03.606,0.8927,0.89295,2.40,7.20
2010.01.12 18:45:06.435,0.8927,0.89295,3.20,6.40
2010.01.12 18:45:09.814,0.8927,0.89295,3.20,8.00
2010.01.12 18:45:09.984,0.89265,0.8929,7.80,2.40
2010.01.12 18:45:10.104,0.89265,0.89285,4.00,2.40
2010.01.12 18:45:10.274,0.8926,0.89285,3.20,2.40
2010.01.12 18:45:10.674,0.8926,0.89285,3.40,2.40
2010.01.12 18:45:10.854,0.8926,0.89285,3.20,2.40
2010.01.12 18:45:11.204,0.8926,0.89285,10.40,2.40
2010.01.12 18:45:11.554,0.8926,0.89285,7.20,2.40
2010.01.12 18:45:11.904,0.8926,0.89285,3.20,2.40
2010.01.12 18:45:12.243,0.89275,0.893,2.40,8.40
2010.01.12 18:45:12.593,0.8927,0.89295,3.20,3.20
2010.01.12 18:45:12.943,0.8927,0.89295,2.40,3.20
2010.01.12 18:45:13.803,0.8927,0.89295,6.40,3.20
2010.01.12 18:45:16.033,0.8927,0.89295,6.60,3.20
2010.01.12 18:45:16.272,0.8927,0.89295,2.60,3.20
2010.01.12 18:45:17.882,0.8927,0.89295,3.40,2.40
2010.01.12 18:45:18.612,0.8927,0.89295,3.20,2.40
2010.01.12 18:45:19.882,0.8927,0.89295,2.40,3.20
2010.01.12 18:45:20.861,0.8927,0.89295,3.20,2.40
2010.01.12 18:45:25.950,0.8927,0.89295,7.20,2.40
2010.01.12 18:45:29.399,0.8927,0.8929,4.80,2.40
2010.01.12 18:45:29.579,0.89265,0.8929,13.80,2.40
2010.01.12 18:45:33.618,0.89265,0.8929,9.80,2.40
2010.01.12 18:45:37.068,0.8927,0.89295,2.40,7.20
2010.01.12 18:45:37.237,0.8927,0.89295,2.40,3.20
2010.01.12 18:45:46.295,0.8927,0.89295,6.40,3.20
2010.01.12 18:45:49.415,0.8927,0.89295,10.40,3.20
2010.01.12 18:45:49.754,0.89275,0.893,2.40,3.20
2010.01.12 18:45:53.284,0.8927,0.89295,10.40,3.20
2010.01.12 18:45:54.733,0.89275,0.89295,2.40,1.00
2010.01.12 18:45:59.362,0.8928,0.893,1.00,2.80
2010.01.12 18:45:59.522,0.8928,0.89305,2.60,6.40
2010.01.12 18:46:01.062,0.8928,0.893,1.00,2.40
2010.01.12 18:46:01.232,0.89275,0.893,11.40,2.40
2010.01.12 18:46:01.842,0.89275,0.8929,8.00,2.40
2010.01.12 18:46:02.121,0.8927,0.8929,1.00,2.40
2010.01.12 18:46:02.751,0.89265,0.8929,13.80,2.40
2010.01.12 18:46:04.021,0.8927,0.8929,1.00,2.40
2010.01.12 18:46:06.091,0.89265,0.8929,12.20,2.40
2010.01.12 18:46:06.261,0.89265,0.8929,7.40,2.40
2010.01.12 18:46:06.440,0.89265,0.8929,6.60,2.40
2010.01.12 18:46:06.620,0.89265,0.89295,2.60,14.60
2010.01.12 18:46:07.470,0.89265,0.8929,2.40,1.00
2010.01.12 18:46:11.109,0.89265,0.89295,2.60,14.60
2010.01.12 18:46:13.839,0.89265,0.89295,3.40,14.60
2010.01.12 18:46:14.069,0.89265,0.8929,3.40,2.40
2010.01.12 18:46:14.239,0.8927,0.8929,1.00,2.40
2010.01.12 18:46:16.538,0.89265,0.8929,11.40,2.40
2010.01.12 18:46:16.648,0.89265,0.8929,10.60,2.40
2010.01.12 18:46:18.407,0.89265,0.89295,6.60,6.60
2010.01.12 18:46:18.738,0.89265,0.8929,7.40,2.40
2010.01.12 18:46:19.317,0.89265,0.8929,11.40,2.40
2010.01.12 18:46:20.467,0.89265,0.8929,10.60,2.40
2010.01.12 18:46:21.287,0.89265,0.8929,12.20,2.40
2010.01.12 18:46:21.467,0.8927,0.8929,1.00,2.40
2010.01.12 18:46:21.697,0.8927,0.89295,2.60,3.20
2010.01.12 18:46:21.927,0.8927,0.89295,6.60,3.20
2010.01.12 18:46:22.677,0.8927,0.89295,6.40,3.20
2010.01.12 18:46:22.847,0.8927,0.89295,6.60,3.20
2010.01.12 18:46:23.016,0.8927,0.89295,2.60,3.20
2010.01.12 18:46:23.187,0.8927,0.89295,2.60,1.00
2010.01.12 18:46:23.546,0.8927,0.89295,6.60,3.20
2010.01.12 18:46:24.686,0.8927,0.8929,1.00,2.40
2010.01.12 18:46:25.036,0.8927,0.89295,6.60,3.20
2010.01.12 18:46:28.085,0.8927,0.89295,2.60,3.20
2010.01.12 18:46:28.355,0.89275,0.893,2.60,2.40
2010.01.12 18:46:28.585,0.8928,0.893,1.00,2.40
2010.01.12 18:46:29.255,0.89275,0.893,6.60,2.40
2010.01.12 18:46:29.615,0.89275,0.893,10.60,2.40
2010.01.12 18:46:29.965,0.89275,0.893,6.60,2.40
2010.01.12 18:46:30.665,0.89275,0.893,2.60,2.40
2010.01.12 18:46:31.634,0.89275,0.893,2.40,2.40
2010.01.12 18:46:31.974,0.8927,0.89285,8.00,2.40
2010.01.12 18:46:32.204,0.89265,0.89285,8.10,2.40
2010.01.12 18:46:32.264,0.89265,0.89295,4.10,10.80
2010.01.12 18:46:32.324,0.89265,0.89295,4.10,9.20
2010.01.12 18:46:32.424,0.8926,0.8929,7.40,1.00
2010.01.12 18:46:32.485,0.8926,0.8929,8.90,3.20
2010.01.12 18:46:32.544,0.8926,0.8929,1.00,11.20
2010.01.12 18:46:32.824,0.8926,0.8929,4.90,7.20
2010.01.12 18:46:34.044,0.8926,0.8929,4.80,7.40
2010.01.12 18:46:34.334,0.8926,0.89285,4.80,4.00
2010.01.12 18:46:34.684,0.8926,0.89285,1.00,4.00
2010.01.12 18:46:35.553,0.89255,0.8928,15.60,2.40
2010.01.12 18:46:35.773,0.89255,0.8928,4.80,2.40
2010.01.12 18:46:36.533,0.8926,0.8928,1.00,2.40
2010.01.12 18:46:36.713,0.8926,0.89285,1.00,8.00
2010.01.12 18:46:36.943,0.8926,0.89285,1.00,4.00
2010.01.12 18:46:37.393,0.8926,0.89285,1.00,12.00
2010.01.12 18:46:37.633,0.8926,0.89285,1.00,8.00
2010.01.12 18:46:39.372,0.8926,0.89285,1.00,8.20
2010.01.12 18:46:39.492,0.89255,0.8928,8.80,2.40
2010.01.12 18:46:39.672,0.89255,0.8928,4.80,2.40
2010.01.12 18:46:42.742,0.89255,0.8928,4.00,3.20
2010.01.12 18:46:43.371,0.89255,0.8928,2.40,3.20
2010.01.12 18:46:43.592,0.8925,0.8928,12.80,3.20
2010.01.12 18:46:43.831,0.89245,0.8928,24.90,3.20
2010.01.12 18:46:45.521,0.8925,0.8928,12.80,3.20
2010.01.12 18:46:45.861,0.89255,0.89275,1.00,1.00
2010.01.12 18:46:46.031,0.89255,0.89275,2.60,1.00
2010.01.12 18:46:49.650,0.89255,0.8928,2.60,3.60
2010.01.12 18:46:49.830,0.89255,0.8928,2.60,3.20
2010.01.12 18:46:52.729,0.89255,0.89285,3.40,14.80
2010.01.12 18:46:53.079,0.89255,0.8928,12.20,1.00
2010.01.12 18:46:53.429,0.89255,0.8928,6.60,3.20
2010.01.12 18:46:53.719,0.89255,0.8928,2.60,3.20
2010.01.12 18:46:58.028,0.89255,0.8928,2.60,1.00
2010.01.12 18:46:58.368,0.89255,0.89285,10.60,8.80
2010.01.12 18:46:59.098,0.89255,0.8928,9.80,1.00
2010.01.12 18:46:59.338,0.89255,0.8928,8.20,1.00
2010.01.12 18:47:00.107,0.89255,0.89285,9.00,8.80
2010.01.12 18:47:00.337,0.89255,0.89285,9.80,6.40
2010.01.12 18:47:00.627,0.8927,0.89285,1.60,4.00
2010.01.12 18:47:00.848,0.89265,0.8929,4.20,2.40
2010.01.12 18:47:01.197,0.89265,0.8929,3.40,2.40
2010.01.12 18:47:02.457,0.89265,0.8929,5.00,2.40
2010.01.12 18:47:02.617,0.89275,0.89295,2.60,9.60
2010.01.12 18:47:02.847,0.89275,0.893,2.60,2.40
2010.01.12 18:47:03.347,0.89275,0.893,2.60,3.20
2010.01.12 18:47:16.504,0.8928,0.893,2.40,1.00
2010.01.12 18:47:16.663,0.89275,0.893,2.60,3.20
2010.01.12 18:47:17.383,0.89275,0.893,2.60,4.80
2010.01.12 18:47:17.733,0.89265,0.8929,14.60,2.40
2010.01.12 18:47:18.093,0.8927,0.8929,1.00,2.40
2010.01.12 18:47:20.943,0.89265,0.8929,6.20,2.40
2010.01.12 18:47:21.172,0.89265,0.8929,5.80,2.40
2010.01.12 18:47:28.341,0.89265,0.8929,5.60,2.40
2010.01.12 18:47:28.631,0.89265,0.8929,5.00,2.40
2010.01.12 18:47:29.200,0.89265,0.8929,5.00,3.20
2010.01.12 18:47:29.790,0.89265,0.8929,4.20,3.20
2010.01.12 18:47:32.320,0.8927,0.8929,1.00,3.20
2010.01.12 18:47:32.380,0.89285,0.8929,1.00,1.00
2010.01.12 18:47:32.490,0.89285,0.89295,1.00,8.00
2010.01.12 18:47:32.650,0.89285,0.89305,1.00,14.80
2010.01.12 18:47:32.710,0.8928,0.893,2.40,1.00
2010.01.12 18:47:32.820,0.89285,0.89305,1.00,12.80
2010.01.12 18:47:32.930,0.89285,0.89305,1.00,8.80
2010.01.12 18:47:32.990,0.89285,0.89305,1.00,4.80
2010.01.12 18:47:33.160,0.89285,0.89305,1.00,3.20
2010.01.12 18:47:33.610,0.89285,0.89305,2.60,1.00
2010.01.12 18:47:34.340,0.89285,0.8931,5.00,2.80
2010.01.12 18:47:34.619,0.89285,0.8931,2.60,3.20
2010.01.12 18:47:35.189,0.89285,0.8931,4.20,3.20
2010.01.12 18:47:35.769,0.89285,0.89305,4.20,1.00
2010.01.12 18:47:37.498,0.89285,0.8931,2.60,3.60
2010.01.12 18:47:37.728,0.89285,0.8931,4.20,3.20
2010.01.12 18:47:38.198,0.89285,0.8931,5.00,3.20
2010.01.12 18:47:38.428,0.8929,0.89315,2.60,9.20
2010.01.12 18:47:38.658,0.8929,0.89315,2.60,4.80
2010.01.12 18:48:00.643,0.89295,0.8932,2.40,3.60
2010.01.12 18:48:07.911,0.89295,0.8932,2.40,3.20
2010.01.12 18:48:13.450,0.89295,0.8932,2.40,3.30
2010.01.12 18:48:13.780,0.89295,0.8932,2.40,3.20
2010.01.12 18:48:14.410,0.89295,0.8932,2.40,11.20
2010.01.12 18:48:19.099,0.89295,0.8932,2.40,3.20
2010.01.12 18:48:27.037,0.89295,0.8932,2.60,3.20
2010.01.12 18:48:27.217,0.89295,0.8932,10.60,3.20
2010.01.12 18:48:27.626,0.89295,0.89325,2.60,18.10
2010.01.12 18:48:29.796,0.89295,0.8932,4.20,3.20
2010.01.12 18:48:30.207,0.893,0.8932,1.00,3.20
2010.01.12 18:48:30.386,0.89295,0.8932,4.20,3.20
2010.01.12 18:48:35.065,0.893,0.8932,1.00,3.20
2010.01.12 18:48:36.374,0.89295,0.8932,4.20,3.20
2010.01.12 18:48:36.664,0.893,0.8932,1.00,3.20
2010.01.12 18:48:38.554,0.89295,0.8932,4.20,3.20
2010.01.12 18:48:38.904,0.893,0.8932,1.00,3.20
2010.01.12 18:48:40.903,0.893,0.89315,1.00,1.00
2010.01.12 18:48:41.713,0.89295,0.89315,2.40,1.00
2010.01.12 18:48:42.003,0.89295,0.89315,2.60,1.00
2010.01.12 18:48:42.423,0.89295,0.89315,2.40,1.00
2010.01.12 18:48:43.763,0.8929,0.8932,11.40,3.20
2010.01.12 18:48:44.123,0.89295,0.8932,1.00,7.20
2010.01.12 18:48:44.462,0.89295,0.8932,1.00,11.20
2010.01.12 18:48:45.792,0.8929,0.8932,3.40,11.20
2010.01.12 18:48:46.132,0.8929,0.8932,7.40,7.20
2010.01.12 18:48:46.722,0.89295,0.8932,1.00,11.20
2010.01.12 18:48:47.002,0.89295,0.8932,1.00,3.20
2010.01.12 18:48:47.412,0.8929,0.89315,10.60,2.40
2010.01.12 18:48:47.582,0.89295,0.89325,5.00,15.60
2010.01.12 18:48:47.692,0.893,0.89325,2.40,9.70
2010.01.12 18:48:47.872,0.893,0.89325,2.40,8.10
2010.01.12 18:48:47.981,0.893,0.89325,6.60,1.00
2010.01.12 18:48:48.321,0.893,0.89325,2.60,1.00
2010.01.12 18:48:48.672,0.893,0.89325,2.40,5.20
2010.01.12 18:48:49.021,0.893,0.89315,4.00,1.00
2010.01.12 18:48:49.371,0.8929,0.8932,2.60,10.40
2010.01.12 18:48:49.721,0.8929,0.8932,2.40,10.40
2010.01.12 18:48:50.071,0.8929,0.8932,2.60,10.40
2010.01.12 18:48:54.500,0.8929,0.8932,2.60,11.20
2010.01.12 18:48:54.730,0.8929,0.8932,3.40,8.00
2010.01.12 18:48:54.900,0.893,0.8932,2.60,4.00
2010.01.12 18:48:55.250,0.893,0.8932,2.60,1.00
2010.01.12 18:48:55.640,0.893,0.8932,1.00,1.00
2010.01.12 18:49:04.288,0.89295,0.8932,4.20,1.00
2010.01.12 18:49:06.447,0.89295,0.89325,4.20,13.00
2010.01.12 18:49:10.366,0.8929,0.8932,6.60,10.00
2010.01.12 18:49:10.596,0.89295,0.8932,2.60,7.20
2010.01.12 18:49:10.876,0.89295,0.8932,2.60,3.20
2010.01.12 18:49:12.456,0.89295,0.8932,5.80,3.20
2010.01.12 18:49:12.616,0.89295,0.8932,6.60,2.40
2010.01.12 18:49:12.676,0.893,0.8932,1.00,2.40
2010.01.12 18:49:13.026,0.893,0.89325,2.60,8.40
2010.01.12 18:49:13.375,0.8931,0.89325,2.60,4.00
2010.01.12 18:49:13.725,0.8931,0.89335,2.60,6.40
2010.01.12 18:49:15.975,0.8931,0.89335,2.40,10.40
2010.01.12 18:49:16.495,0.8931,0.89335,2.40,12.00
2010.01.12 18:49:19.154,0.8931,0.89335,2.40,10.40
2010.01.12 18:49:19.504,0.8931,0.89335,2.40,12.00
2010.01.12 18:49:19.674,0.8931,0.89335,2.40,8.00
2010.01.12 18:49:20.883,0.8931,0.89335,2.40,4.00
2010.01.12 18:49:21.454,0.8931,0.89335,2.40,8.00
2010.01.12 18:49:22.753,0.8931,0.89335,2.40,12.00
2010.01.12 18:49:25.672,0.89305,0.8933,2.40,3.20
2010.01.12 18:49:26.022,0.89305,0.89325,2.60,1.00
2010.01.12 18:49:26.312,0.89305,0.89325,2.40,1.00
2010.01.12 18:49:26.712,0.89305,0.89325,2.60,1.00
2010.01.12 18:49:28.512,0.89295,0.8932,5.00,2.40
2010.01.12 18:49:28.862,0.89295,0.8932,2.50,2.40
2010.01.12 18:49:30.691,0.89295,0.8932,2.50,10.40
2010.01.12 18:49:30.981,0.89295,0.8932,1.00,10.40
2010.01.12 18:49:36.940,0.89295,0.8932,3.40,10.40
2010.01.12 18:49:37.110,0.89295,0.8932,5.00,6.40
2010.01.12 18:49:37.340,0.89295,0.8932,5.00,2.40
2010.01.12 18:49:37.510,0.89295,0.8932,5.00,6.40
2010.01.12 18:49:44.248,0.89295,0.89315,4.20,1.00
2010.01.12 18:49:44.548,0.89295,0.8932,2.40,11.40
2010.01.12 18:49:44.768,0.89295,0.8932,3.20,6.60
2010.01.12 18:49:45.008,0.89295,0.8932,3.40,10.40
2010.01.12 18:49:51.106,0.89295,0.8932,3.40,6.40
2010.01.12 18:49:51.286,0.89295,0.8932,3.40,2.40
2010.01.12 18:49:59.304,0.89295,0.8932,1.00,6.40
2010.01.12 18:49:59.644,0.89295,0.8932,1.00,10.40
2010.01.12 18:50:01.214,0.89295,0.8932,1.00,2.40
2010.01.12 18:50:02.234,0.89295,0.8932,1.00,6.40
2010.01.12 18:50:06.063,0.89295,0.8932,1.00,6.40
2010.01.12 18:50:06.362,0.89295,0.8932,1.00,10.40
2010.01.12 18:50:06.642,0.89295,0.8932,1.00,6.40
2010.01.12 18:50:13.591,0.89295,0.89315,1.00,1.60
2010.01.12 18:50:13.981,0.8929,0.89315,6.60,1.00
2010.01.12 18:50:14.261,0.8929,0.8932,3.40,11.20
2010.01.12 18:50:19.670,0.8929,0.89315,2.60,1.00
2010.01.12 18:50:26.258,0.8929,0.8931,1.00,2.40
2010.01.12 18:50:26.488,0.8929,0.89305,1.00,1.00
2010.01.12 18:50:26.718,0.8929,0.8931,1.00,8.00
2010.01.12 18:50:26.958,0.8929,0.8931,1.00,4.00
2010.01.12 18:50:27.188,0.8929,0.8931,1.00,8.00
2010.01.12 18:50:28.357,0.89285,0.89305,1.00,7.20
2010.01.12 18:50:31.237,0.8928,0.89305,1.00,7.20
2010.01.12 18:50:31.416,0.8928,0.89305,1.00,3.20
2010.01.12 18:50:31.757,0.8928,0.89305,1.00,7.20
2010.01.12 18:50:40.044,0.89275,0.89305,10.60,7.40
2010.01.12 18:50:40.384,0.89275,0.89305,10.60,11.40
2010.01.12 18:50:40.714,0.89275,0.89305,6.60,11.40
2010.01.12 18:50:43.614,0.8928,0.89305,1.00,11.20
2010.01.12 18:50:44.423,0.89285,0.89305,1.00,11.20
2010.01.12 18:50:44.764,0.89285,0.89305,1.00,1.00
2010.01.12 18:50:44.933,0.8929,0.8931,1.00,14.00
2010.01.12 18:50:45.103,0.8929,0.8931,1.00,8.80
2010.01.12 18:50:45.333,0.8929,0.8931,1.00,1.00
2010.01.12 18:50:49.362,0.8929,0.89315,1.00,14.00
2010.01.12 18:50:49.932,0.8929,0.89315,1.00,13.20
2010.01.12 18:50:50.232,0.8929,0.8931,1.00,1.00
2010.01.12 18:50:51.622,0.8929,0.89315,1.00,9.20
2010.01.12 18:50:51.842,0.8929,0.89315,1.00,4.80
2010.01.12 18:50:59.240,0.8929,0.89315,3.20,1.00
2010.01.12 18:50:59.750,0.8929,0.8932,3.40,12.60
2010.01.12 18:50:59.970,0.8929,0.89315,3.40,4.00
2010.01.12 18:51:00.330,0.8929,0.8932,3.40,12.60
2010.01.12 18:51:00.690,0.8929,0.89315,3.40,2.40
2010.01.12 18:51:01.030,0.89295,0.8932,2.60,12.00
2010.01.12 18:51:01.379,0.89295,0.89315,2.40,4.00
2010.01.12 18:51:01.730,0.89295,0.8932,2.40,3.40
2010.01.12 18:51:02.079,0.89295,0.8932,2.40,11.40
2010.01.12 18:51:02.249,0.89295,0.89325,2.40,24.20
2010.01.12 18:51:03.739,0.8929,0.89315,4.10,3.20
2010.01.12 18:51:04.249,0.8929,0.89315,1.00,4.80
2010.01.12 18:51:04.949,0.8929,0.89315,1.00,2.40
2010.01.12 18:51:05.339,0.89285,0.89315,15.50,1.00
2010.01.12 18:51:16.116,0.89285,0.89315,14.60,5.00
2010.01.12 18:51:16.416,0.8929,0.89315,1.00,5.60
2010.01.12 18:51:17.036,0.8929,0.89315,1.00,9.60
2010.01.12 18:51:17.326,0.89285,0.89315,10.60,9.80
2010.01.12 18:51:18.195,0.8929,0.89315,1.00,5.60
2010.01.12 18:51:19.215,0.8929,0.89315,1.00,9.60
2010.01.12 18:51:19.565,0.89285,0.89315,10.60,9.80
2010.01.12 18:51:19.905,0.89285,0.89315,10.60,13.80
2010.01.12 18:51:20.245,0.89285,0.89315,6.60,13.80
2010.01.12 18:51:21.515,0.8929,0.89315,2.50,9.60
2010.01.12 18:51:21.805,0.8929,0.89315,2.40,8.80
2010.01.12 18:51:22.044,0.8929,0.89315,2.60,4.80
2010.01.12 18:51:22.214,0.8929,0.89315,2.60,1.00
2010.01.12 18:51:24.544,0.8929,0.89315,1.00,5.60
2010.01.12 18:51:25.474,0.89285,0.89315,14.60,5.80
2010.01.12 18:51:26.734,0.8929,0.89315,1.00,5.60
2010.01.12 18:51:27.033,0.8929,0.8931,1.00,1.00
2010.01.12 18:51:31.422,0.89285,0.8931,12.20,1.00
2010.01.12 18:51:31.712,0.89285,0.8931,8.20,1.00
2010.01.12 18:51:32.532,0.89285,0.8931,4.20,1.00
2010.01.12 18:51:34.291,0.89285,0.8931,8.20,1.00
2010.01.12 18:51:38.370,0.8929,0.8931,4.00,1.00
2010.01.12 18:51:42.510,0.8929,0.8931,4.00,3.20
2010.01.12 18:51:42.629,0.8929,0.8931,4.00,2.40
2010.01.12 18:51:42.790,0.89285,0.8931,8.00,2.40
2010.01.12 18:51:42.899,0.89285,0.8931,8.00,3.20
2010.01.12 18:51:43.000,0.89285,0.8931,4.00,4.00
2010.01.12 18:51:43.110,0.8928,0.8931,10.60,4.00
2010.01.12 18:51:45.049,0.8928,0.8931,10.60,3.20
2010.01.12 18:51:45.279,0.8928,0.8931,10.60,4.00
2010.01.12 18:51:45.919,0.8928,0.89305,10.40,2.40
2010.01.12 18:51:46.889,0.8928,0.89305,2.40,10.40
2010.01.12 18:51:47.469,0.8928,0.89305,2.40,7.20
2010.01.12 18:51:47.588,0.89275,0.89305,8.20,7.20
2010.01.12 18:51:47.998,0.89275,0.89305,4.20,11.20
2010.01.12 18:51:48.518,0.89275,0.89305,4.20,10.40
2010.01.12 18:51:48.858,0.8928,0.89305,2.40,10.40
2010.01.12 18:51:53.347,0.8928,0.89305,2.60,10.40
2010.01.12 18:51:53.997,0.8928,0.89305,2.60,8.00
2010.01.12 18:51:54.657,0.8928,0.89305,2.60,4.00
2010.01.12 18:51:55.017,0.8928,0.89305,2.60,8.00
2010.01.12 18:51:58.775,0.8928,0.89305,2.60,4.00
2010.01.12 18:51:59.795,0.8928,0.8931,2.60,11.20
2010.01.12 18:52:00.486,0.8928,0.89305,2.60,4.00
2010.01.12 18:52:05.424,0.8928,0.8931,2.60,11.20
2010.01.12 18:52:05.594,0.8928,0.89305,2.60,4.00
2010.01.12 18:52:11.262,0.8928,0.89305,2.40,6.40
2010.01.12 18:52:14.332,0.89285,0.8931,2.40,11.40
2010.01.12 18:52:15.002,0.8928,0.89305,2.40,2.40
2010.01.12 18:52:15.342,0.8928,0.89305,2.40,10.40
2010.01.12 18:52:23.889,0.8928,0.89305,2.40,8.00
2010.01.12 18:52:28.158,0.8928,0.89305,2.40,4.00
2010.01.12 18:52:28.549,0.8928,0.89305,2.40,10.40
2010.01.12 18:52:32.498,0.8928,0.89305,2.40,10.60
2010.01.12 18:52:32.730,0.89275,0.89305,4.00,10.60
2010.01.12 18:52:32.848,0.89275,0.89305,4.00,11.40
2010.01.12 18:52:33.667,0.8928,0.89305,2.40,7.40
2010.01.12 18:52:34.017,0.8928,0.89305,2.40,11.40
2010.01.12 18:52:35.986,0.8928,0.893,2.40,1.00
2010.01.12 18:52:36.217,0.8927,0.893,11.40,4.20
2010.01.12 18:52:37.826,0.8927,0.893,7.40,4.20
2010.01.12 18:52:42.296,0.89275,0.893,2.40,4.20
2010.01.12 18:52:42.695,0.89275,0.893,2.60,1.00
2010.01.12 18:52:50.013,0.89265,0.8929,5.70,4.00
2010.01.12 18:52:50.983,0.89265,0.8929,5.70,5.10
2010.01.12 18:52:51.163,0.89265,0.8929,1.70,5.90
2010.01.12 18:52:51.323,0.89265,0.8929,5.70,5.90
2010.01.12 18:52:51.493,0.89265,0.8929,1.70,5.90
2010.01.12 18:52:53.572,0.89265,0.8929,4.20,2.40
2010.01.12 18:52:53.752,0.89265,0.8929,4.20,1.60
2010.01.12 18:52:54.152,0.89265,0.8929,8.20,1.00
2010.01.12 18:52:54.332,0.89265,0.89285,5.70,2.40
2010.01.12 18:52:54.552,0.89265,0.89285,4.10,2.40
2010.01.12 18:52:54.842,0.89265,0.8929,5.70,3.20
2010.01.12 18:53:02.180,0.89265,0.8929,5.70,4.00
2010.01.12 18:53:02.660,0.89265,0.8928,1.00,1.00
2010.01.12 18:53:02.840,0.89265,0.89285,1.00,1.00
2010.01.12 18:53:05.480,0.89265,0.89285,5.70,1.00
2010.01.12 18:53:05.710,0.89265,0.8929,1.70,1.00
2010.01.12 18:53:06.000,0.89265,0.89295,2.50,11.20
2010.01.12 18:53:06.289,0.89265,0.89295,5.00,8.80
2010.01.12 18:53:08.989,0.8927,0.89295,1.00,4.80
2010.01.12 18:53:09.288,0.8927,0.89295,11.00,4.80
2010.01.12 18:53:09.559,0.89275,0.89295,1.00,1.60
2010.01.12 18:53:09.858,0.89275,0.89295,1.60,1.60
2010.01.12 18:53:10.598,0.8927,0.89295,6.60,1.60
2010.01.12 18:53:10.988,0.89275,0.89295,4.00,2.40
2010.01.12 18:53:11.328,0.89275,0.89295,8.00,2.40
2010.01.12 18:53:12.008,0.89275,0.893,10.40,4.70
2010.01.12 18:53:13.238,0.89275,0.89295,8.00,2.40
2010.01.12 18:53:13.637,0.89275,0.89295,4.00,2.40
2010.01.12 18:53:14.678,0.8927,0.89295,10.40,2.40
2010.01.12 18:53:16.347,0.8927,0.89295,2.40,6.40
2010.01.12 18:53:16.627,0.89265,0.89295,12.20,13.90
2010.01.12 18:53:16.917,0.89265,0.8929,9.70,7.50
2010.01.12 18:53:17.447,0.89265,0.8928,4.00,2.40
2010.01.12 18:53:17.807,0.89255,0.89285,2.60,12.80
2010.01.12 18:53:18.107,0.89255,0.8928,2.40,3.20
2010.01.12 18:53:18.616,0.89255,0.89285,4.00,10.40
2010.01.12 18:53:18.836,0.89255,0.89285,8.00,6.40
2010.01.12 18:53:21.945,0.89255,0.89285,4.00,10.40
2010.01.12 18:53:24.145,0.8926,0.8929,2.40,12.40
2010.01.12 18:53:27.554,0.8926,0.8929,2.50,12.30
2010.01.12 18:53:27.734,0.8926,0.8929,2.60,12.30
2010.01.12 18:53:51.278,0.89265,0.8929,1.00,13.10
2010.01.12 18:53:54.688,0.8926,0.8929,2.60,13.10
2010.01.12 18:53:56.227,0.8926,0.8929,2.40,13.20
2010.01.12 18:53:57.807,0.8926,0.8929,3.30,13.20
2010.01.12 18:53:57.967,0.8926,0.8929,2.40,17.20
2010.01.12 18:53:58.147,0.8926,0.8929,2.40,13.20
2010.01.12 18:54:00.506,0.8926,0.8929,2.40,12.40
2010.01.12 18:54:03.725,0.8926,0.8928,2.40,8.00
2010.01.12 18:54:04.485,0.8926,0.8928,4.10,8.00
2010.01.12 18:54:04.705,0.89265,0.8928,2.40,4.00
2010.01.12 18:54:05.106,0.89265,0.89285,2.40,8.00
2010.01.12 18:54:06.205,0.89265,0.89285,2.40,4.00
2010.01.12 18:54:07.005,0.89265,0.89285,3.20,4.00
2010.01.12 18:54:07.344,0.89265,0.89285,5.60,4.00
2010.01.12 18:54:07.645,0.89265,0.89285,3.30,4.00
2010.01.12 18:54:08.005,0.8927,0.8929,2.40,8.00
2010.01.12 18:54:12.073,0.89275,0.8929,2.40,8.00
2010.01.12 18:54:12.294,0.8927,0.89285,2.40,4.00
2010.01.12 18:54:12.573,0.89265,0.8929,3.20,8.00
2010.01.12 18:54:12.693,0.89265,0.8929,2.40,8.00
2010.01.12 18:54:13.403,0.89265,0.8929,6.40,4.00
2010.01.12 18:54:13.683,0.89265,0.89295,6.40,8.00
2010.01.12 18:54:15.113,0.89265,0.89295,2.40,8.00
2010.01.12 18:54:15.352,0.89265,0.89295,2.40,12.00
2010.01.12 18:54:16.612,0.89265,0.8929,2.40,4.00
2010.01.12 18:54:22.481,0.89265,0.89295,2.40,10.40
2010.01.12 18:54:22.651,0.89275,0.89295,2.40,4.00
2010.01.12 18:54:22.821,0.89275,0.893,2.40,8.00
2010.01.12 18:54:23.061,0.89275,0.893,2.40,4.00
2010.01.12 18:54:23.241,0.89275,0.89305,2.40,12.00
2010.01.12 18:54:23.411,0.89275,0.89305,4.00,10.40
2010.01.12 18:54:23.770,0.89275,0.89305,2.40,12.00
2010.01.12 18:54:24.011,0.89275,0.89305,2.40,11.20
2010.01.12 18:54:27.850,0.89275,0.89305,2.40,12.80
2010.01.12 18:54:32.769,0.89275,0.89305,2.40,11.20
2010.01.12 18:54:36.348,0.89275,0.89305,3.20,11.20
2010.01.12 18:54:36.708,0.89285,0.8931,2.40,4.10
2010.01.12 18:54:37.038,0.89285,0.89315,2.40,13.00
2010.01.12 18:54:37.327,0.89285,0.8931,2.40,1.00
2010.01.12 18:54:37.487,0.89285,0.89315,2.40,13.00
2010.01.12 18:54:39.147,0.89285,0.89315,2.40,12.20
2010.01.12 18:54:39.547,0.89285,0.8931,2.40,2.60
2010.01.12 18:54:39.777,0.89285,0.8931,3.20,2.60
2010.01.12 18:54:40.007,0.8929,0.89315,2.40,12.20
2010.01.12 18:54:40.177,0.8929,0.89315,2.40,2.60
2010.01.12 18:54:41.416,0.89295,0.8932,2.40,10.50
2010.01.12 18:54:41.596,0.89295,0.8932,2.40,2.60
2010.01.12 18:54:50.604,0.89295,0.8932,10.40,1.00
2010.01.12 18:54:50.944,0.89295,0.8932,6.40,2.60
2010.01.12 18:54:51.344,0.89295,0.8932,10.60,2.40
2010.01.12 18:54:51.574,0.893,0.89325,2.40,2.60
2010.01.12 18:54:51.794,0.89295,0.8932,10.60,3.20
2010.01.12 18:54:52.034,0.89295,0.8932,2.60,3.20
2010.01.12 18:54:52.394,0.89295,0.8932,4.20,3.20
2010.01.12 18:54:52.734,0.89295,0.8932,4.00,3.40
2010.01.12 18:54:53.583,0.89295,0.8932,4.20,3.20
2010.01.12 18:54:54.023,0.89295,0.8932,4.00,3.40
2010.01.12 18:54:54.133,0.89295,0.8932,4.20,3.20
2010.01.12 18:54:55.483,0.89295,0.8932,4.00,3.40
2010.01.12 18:54:56.393,0.89295,0.8932,4.20,3.20
2010.01.12 18:54:58.012,0.8929,0.8932,10.60,3.40
2010.01.12 18:54:58.242,0.8929,0.8932,6.60,11.40
2010.01.12 18:54:58.713,0.8929,0.8932,2.60,11.40
2010.01.12 18:55:00.042,0.8929,0.8932,2.60,10.40
2010.01.12 18:55:00.332,0.89295,0.89325,2.40,11.40
2010.01.12 18:55:01.931,0.89295,0.89325,2.40,13.00
2010.01.12 18:55:03.301,0.8929,0.89325,6.60,13.00
2010.01.12 18:55:03.471,0.8929,0.8932,2.40,8.10
2010.01.12 18:55:03.651,0.8929,0.89315,2.40,4.00
2010.01.12 18:55:03.771,0.8929,0.8932,2.40,8.10
2010.01.12 18:55:08.570,0.89285,0.89315,12.80,1.00
2010.01.12 18:55:08.862,0.89285,0.89315,8.80,1.00
2010.01.12 18:55:08.980,0.89285,0.89315,8.80,4.00
2010.01.12 18:55:09.200,0.89285,0.89315,9.00,4.00
2010.01.12 18:55:09.470,0.8929,0.89315,2.40,4.00
2010.01.12 18:55:09.590,0.8929,0.8932,2.40,8.10
2010.01.12 18:55:09.760,0.89285,0.89315,4.20,10.40
2010.01.12 18:55:09.870,0.893,0.89315,2.40,8.00
2010.01.12 18:55:10.229,0.89295,0.89325,2.40,12.60
2010.01.12 18:55:10.559,0.89295,0.89325,2.40,12.20
2010.01.12 18:55:12.729,0.89295,0.8932,2.40,2.40
2010.01.12 18:55:12.899,0.89295,0.89325,2.40,12.20
2010.01.12 18:55:13.299,0.89295,0.8932,2.40,2.40
2010.01.12 18:55:13.629,0.8929,0.89315,10.40,2.60
2010.01.12 18:55:13.739,0.8929,0.8931,4.00,2.40
2010.01.12 18:55:13.799,0.89285,0.8931,12.80,2.40
2010.01.12 18:55:13.918,0.89285,0.8931,12.00,2.40
2010.01.12 18:55:14.258,0.89285,0.8931,4.00,2.40
2010.01.12 18:55:27.775,0.8929,0.89315,2.40,1.00
2010.01.12 18:55:27.885,0.8929,0.8932,2.60,13.20
2010.01.12 18:55:28.295,0.8929,0.8932,6.60,9.20
2010.01.12 18:55:30.285,0.89295,0.8932,2.40,9.20
2010.01.12 18:55:30.574,0.89295,0.8932,2.60,5.10
2010.01.12 18:55:36.523,0.89295,0.8932,2.40,5.20
2010.01.12 18:55:36.823,0.89295,0.8932,2.60,3.20
2010.01.12 18:55:40.572,0.89295,0.8932,2.40,3.30
2010.01.12 18:55:40.912,0.89295,0.8932,2.60,3.20
2010.01.12 18:55:44.051,0.89295,0.8932,2.40,3.40
2010.01.12 18:55:44.161,0.8929,0.8932,2.60,11.40
2010.01.12 18:55:54.449,0.8929,0.89315,2.60,2.40
2010.01.12 18:55:54.669,0.8929,0.8932,6.60,7.40
2010.01.12 18:55:55.069,0.8929,0.8932,6.60,11.40
2010.01.12 18:55:55.239,0.8929,0.89315,2.40,5.00
2010.01.12 18:56:07.376,0.89285,0.8931,10.60,3.20
2010.01.12 18:56:07.606,0.8929,0.8931,2.40,1.00
2010.01.12 18:56:07.836,0.89285,0.8931,4.20,3.20
2010.01.12 18:56:14.194,0.89285,0.8931,4.20,2.40
2010.01.12 18:56:14.594,0.89285,0.8931,5.00,2.40
2010.01.12 18:56:14.824,0.89285,0.8931,13.00,2.40
2010.01.12 18:56:15.164,0.89285,0.8931,9.00,2.40
2010.01.12 18:56:15.494,0.89285,0.8931,13.00,2.40
2010.01.12 18:56:16.144,0.89285,0.8931,9.00,2.40
2010.01.12 18:56:16.474,0.89285,0.8931,8.20,3.20
2010.01.12 18:56:16.753,0.89285,0.8931,4.20,3.20
2010.01.12 18:56:19.973,0.8929,0.89315,2.40,13.00
2010.01.12 18:56:20.212,0.8929,0.89315,2.40,9.00
2010.01.12 18:56:27.421,0.8929,0.89315,2.60,4.80
2010.01.12 18:56:28.971,0.8929,0.89315,2.60,5.60
2010.01.12 18:56:31.520,0.8929,0.89315,2.40,13.80
2010.01.12 18:56:31.690,0.8929,0.89315,2.60,9.60
2010.01.12 18:56:31.910,0.8929,0.89315,2.60,5.60
2010.01.12 18:56:35.049,0.8929,0.89315,2.60,4.80
2010.01.12 18:56:45.216,0.8929,0.89315,2.60,1.60
2010.01.12 18:56:45.566,0.89295,0.8932,2.60,9.10
2010.01.12 18:56:45.856,0.89295,0.8932,2.60,4.00
2010.01.12 18:56:46.576,0.893,0.8932,1.00,4.00
2010.01.12 18:56:47.156,0.893,0.89325,2.60,17.60
2010.01.12 18:56:47.446,0.893,0.89325,2.60,2.40
2010.01.12 18:56:51.545,0.893,0.89325,2.60,6.40
2010.01.12 18:56:51.995,0.893,0.89325,2.60,2.40
2010.01.12 18:56:54.114,0.893,0.89325,2.40,2.40
2010.01.12 18:56:54.174,0.89295,0.8932,12.00,2.40
2010.01.12 18:56:54.454,0.89295,0.8932,8.00,2.40
2010.01.12 18:56:54.694,0.893,0.89325,2.60,6.40
2010.01.12 18:56:54.864,0.893,0.89325,2.60,2.40
2010.01.12 18:56:58.904,0.89305,0.8933,1.00,17.10
2010.01.12 18:57:00.303,0.89305,0.8933,1.00,13.10
2010.01.12 18:57:05.372,0.89305,0.8933,2.60,10.60
2010.01.12 18:57:05.722,0.89305,0.8933,1.00,17.10
2010.01.12 18:57:06.002,0.89305,0.8933,1.00,13.10
2010.01.12 18:57:12.360,0.893,0.8933,6.50,13.20
2010.01.12 18:57:12.530,0.893,0.89325,2.60,3.20
2010.01.12 18:57:12.760,0.893,0.89325,2.60,4.80
2010.01.12 18:57:21.478,0.893,0.89325,2.60,13.60
2010.01.12 18:57:21.658,0.893,0.89325,2.60,4.80
2010.01.12 18:57:39.804,0.893,0.89325,4.20,4.00
2010.01.12 18:57:42.063,0.89305,0.8933,2.40,13.00
2010.01.12 18:57:42.243,0.89305,0.8933,2.60,12.80
2010.01.12 18:57:42.423,0.89305,0.8933,2.60,8.80
2010.01.12 18:57:44.272,0.89305,0.8933,2.60,12.80
2010.01.12 18:57:49.601,0.89305,0.8933,2.40,13.00
2010.01.12 18:57:51.321,0.89305,0.8933,2.60,12.80
2010.01.12 18:57:51.661,0.89305,0.8933,2.60,8.80
2010.01.12 18:57:52.011,0.89305,0.8933,2.40,9.00
2010.01.12 18:57:52.580,0.89305,0.8933,2.40,13.00
2010.01.12 18:58:02.508,0.89305,0.8933,2.40,17.20
2010.01.12 18:58:03.308,0.89305,0.8933,2.40,13.20
2010.01.12 18:58:07.277,0.89305,0.8933,2.50,13.10
2010.01.12 18:58:07.437,0.89305,0.8933,2.60,13.10
2010.01.12 18:58:08.236,0.89305,0.8933,2.60,9.10
2010.01.12 18:58:09.876,0.89305,0.8933,5.00,6.40
2010.01.12 18:58:10.046,0.89305,0.8933,2.50,3.20
2010.01.12 18:58:10.226,0.893,0.89325,4.20,4.00
2010.01.12 18:58:10.396,0.893,0.89325,5.00,2.40
2010.01.12 18:58:10.796,0.89305,0.8933,2.60,8.80
2010.01.12 18:58:11.826,0.89305,0.8933,2.40,9.00
2010.01.12 18:58:12.166,0.89305,0.8933,2.40,13.00
2010.01.12 18:58:16.355,0.8931,0.8933,2.40,10.50
2010.01.12 18:58:16.535,0.89305,0.8933,2.40,13.00
2010.01.12 18:58:23.223,0.89305,0.8933,2.60,8.80
2010.01.12 18:58:23.963,0.89305,0.8933,4.20,7.20
2010.01.12 18:58:24.143,0.8931,0.89335,1.00,16.80
2010.01.12 18:58:24.363,0.8931,0.89335,2.60,12.80
2010.01.12 18:58:24.542,0.8931,0.89335,2.60,8.00
2010.01.12 18:58:25.112,0.8931,0.89335,1.00,8.00
2010.01.12 18:58:25.452,0.8931,0.89335,1.00,12.00
2010.01.12 18:58:44.528,0.89315,0.8934,2.60,6.40
2010.01.12 18:58:44.888,0.89315,0.8934,4.20,6.40
2010.01.12 18:58:46.467,0.89315,0.8934,4.00,6.40
2010.01.12 18:58:46.977,0.89315,0.8934,4.20,6.40
2010.01.12 18:58:47.267,0.89315,0.89345,4.00,11.30
2010.01.12 18:58:47.567,0.89315,0.8934,4.20,6.40
2010.01.12 18:58:50.648,0.8932,0.8934,2.40,8.00
2010.01.12 18:58:51.716,0.8932,0.8934,2.40,4.00
2010.01.12 18:59:02.694,0.89315,0.8934,4.20,6.40
2010.01.12 18:59:10.062,0.89315,0.8934,4.20,10.40
2010.01.12 18:59:11.671,0.89315,0.8934,4.00,10.40
2010.01.12 18:59:12.891,0.89315,0.8934,4.20,10.40
2010.01.12 18:59:13.171,0.8932,0.8934,2.40,8.00
2010.01.12 18:59:18.180,0.89325,0.8934,2.40,8.00
2010.01.12 18:59:18.460,0.89325,0.89345,2.40,9.60
2010.01.12 18:59:19.479,0.89325,0.89345,2.40,8.80
2010.01.12 18:59:20.219,0.89325,0.89345,2.40,4.80
2010.01.12 18:59:21.719,0.89325,0.89345,2.40,4.00
2010.01.12 18:59:22.069,0.89315,0.8934,4.20,10.40
2010.01.12 18:59:31.657,0.8932,0.8934,2.40,8.00
2010.01.12 18:59:32.286,0.89315,0.8934,4.20,10.40
2010.01.12 18:59:32.516,0.8932,0.89345,2.40,10.40
2010.01.12 18:59:33.016,0.8932,0.89345,2.40,10.60
2010.01.12 18:59:33.546,0.8932,0.8934,2.60,1.00
2010.01.12 18:59:33.836,0.8932,0.8934,2.40,1.00
2010.01.12 18:59:35.635,0.8932,0.89345,2.60,2.40
2010.01.12 18:59:35.806,0.8933,0.8935,2.40,8.90
2010.01.12 18:59:35.976,0.8933,0.8935,2.40,1.00
2010.01.12 18:59:36.395,0.8933,0.8935,2.40,1.00
2010.01.12 18:59:36.565,0.8933,0.89355,2.40,2.40
2010.01.12 18:59:36.725,0.8933,0.89355,2.40,2.80
2010.01.12 18:59:37.895,0.8933,0.89355,2.40,6.40
2010.01.12 18:59:38.575,0.8933,0.89355,2.40,6.60
2010.01.12 18:59:43.334,0.8933,0.89355,2.40,10.60
2010.01.12 18:59:49.572,0.8933,0.8935,2.40,1.00
2010.01.12 18:59:51.471,0.89325,0.8935,2.40,2.60
2010.01.12 18:59:52.841,0.8933,0.8935,2.40,1.00
2010.01.12 18:59:57.210,0.8933,0.8935,2.40,4.10
2010.01.12 18:59:57.390,0.8933,0.8935,2.40,1.00
