2013.04.08 04:00:00.100,1.05394,1.05421,1.88,2.03
2013.04.08 04:00:00.168,1.05394,1.05416,1.88,1.13
2013.04.08 04:00:00.859,1.05394,1.05416,1.65,1.88
2013.04.08 04:00:00.999,1.05394,1.05419,1.65,1.50
2013.04.08 04:00:01.539,1.05394,1.05416,1.65,1.88
2013.04.08 04:00:01.899,1.05392,1.05416,1.50,1.88
2013.04.08 04:00:02.618,1.05392,1.05419,1.65,1.50
2013.04.08 04:00:02.797,1.05392,1.05419,1.65,1.50
2013.04.08 04:00:03.238,1.05394,1.05419,1.43,2.25
2013.04.08 04:00:04.787,1.05392,1.05414,2.40,1.13
2013.04.08 04:00:05.967,1.05392,1.05415,2.40,1.13
2013.04.08 04:00:06.147,1.05392,1.05415,1.28,1.13
2013.04.08 04:00:08.140,1.05394,1.05415,1.50,1.13
2013.04.08 04:00:08.448,1.05394,1.05415,1.05,1.13
2013.04.08 04:00:09.129,1.05394,1.05415,2.40,1.13
2013.04.08 04:00:09.438,1.05401,1.05418,1.50,1.13
2013.04.08 04:00:09.617,1.05405,1.05428,1.28,1.13
2013.04.08 04:00:10.898,1.05404,1.05427,1.43,1.88
2013.04.08 04:00:11.508,1.05404,1.05426,1.43,1.13
2013.04.08 04:00:11.567,1.05404,1.05425,1.43,1.50
2013.04.08 04:00:11.759,1.05397,1.05423,1.65,2.03
2013.04.08 04:00:11.828,1.05397,1.05423,1.50,2.03
2013.04.08 04:00:11.888,1.05395,1.05422,1.88,1.13
2013.04.08 04:00:12.737,1.05395,1.05417,1.50,1.13
2013.04.08 04:00:13.109,1.05395,1.0542,1.50,1.50
2013.04.08 04:00:13.597,1.05401,1.05419,1.28,1.50
2013.04.08 04:00:13.657,1.05402,1.05426,1.13,1.50
2013.04.08 04:00:13.777,1.05403,1.0543,1.65,2.63
2013.04.08 04:00:14.808,1.05405,1.05431,1.65,1.13
2013.04.08 04:00:15.989,1.05407,1.05432,1.88,1.88
2013.04.08 04:00:16.049,1.05407,1.05432,2.25,1.88
2013.04.08 04:00:16.359,1.05407,1.05432,1.88,1.13
2013.04.08 04:00:16.548,1.05411,1.05437,1.28,1.50
2013.04.08 04:00:16.668,1.05412,1.0544,2.40,1.13
2013.04.08 04:00:16.907,1.05415,1.05442,1.13,1.50
2013.04.08 04:00:17.318,1.05414,1.05441,2.55,1.50
2013.04.08 04:00:17.438,1.05414,1.0544,1.28,1.50
2013.04.08 04:00:17.798,1.05414,1.05437,1.05,1.88
2013.04.08 04:00:18.157,1.05413,1.05437,2.25,1.13
2013.04.08 04:00:19.657,1.05415,1.05439,1.28,1.50
2013.04.08 04:00:22.328,1.05415,1.05439,1.28,1.50
2013.04.08 04:00:23.667,1.05415,1.05439,1.88,1.50
2013.04.08 04:00:24.313,1.05415,1.0544,1.88,1.13
2013.04.08 04:00:29.478,1.05416,1.05444,2.25,1.13
2013.04.08 04:00:30.269,1.05416,1.05444,2.63,1.13
2013.04.08 04:00:32.537,1.05416,1.05444,2.63,1.88
2013.04.08 04:00:34.127,1.05415,1.0544,1.28,1.50
2013.04.08 04:00:34.358,1.05415,1.0544,1.28,1.50
2013.04.08 04:00:38.537,1.05414,1.05436,1.50,1.13
2013.04.08 04:00:38.598,1.05411,1.05436,1.80,1.13
2013.04.08 04:00:38.658,1.0541,1.05434,1.65,1.13
2013.04.08 04:00:38.777,1.05408,1.05434,1.65,1.88
2013.04.08 04:00:38.897,1.05406,1.05429,2.03,1.50
2013.04.08 04:00:39.199,1.05403,1.0543,1.13,1.50
2013.04.08 04:00:39.328,1.05399,1.05424,2.03,1.88
2013.04.08 04:00:39.508,1.054,1.05426,1.50,1.50
2013.04.08 04:00:39.568,1.05403,1.05428,1.50,2.25
2013.04.08 04:00:39.628,1.05406,1.05428,1.65,1.50
2013.04.08 04:00:39.927,1.05408,1.05431,1.13,1.50
2013.04.08 04:00:39.987,1.05407,1.05432,1.80,1.50
2013.04.08 04:00:40.046,1.05406,1.05431,1.65,1.50
2013.04.08 04:00:40.527,1.05404,1.05428,2.40,1.50
2013.04.08 04:00:50.029,1.05404,1.05428,2.40,1.50
2013.04.08 04:00:52.157,1.05404,1.05428,2.40,1.50
2013.04.08 04:00:52.818,1.05404,1.05428,1.50,1.50
2013.04.08 04:00:52.879,1.05403,1.05424,1.65,1.50
2013.04.08 04:00:52.947,1.05401,1.05423,1.50,1.13
2013.04.08 04:00:53.008,1.05399,1.05418,1.88,1.50
2013.04.08 04:00:53.188,1.05391,1.05417,1.13,1.50
2013.04.08 04:00:53.368,1.05386,1.05412,1.28,1.13
2013.04.08 04:00:53.428,1.05385,1.05412,1.50,1.28
2013.04.08 04:00:53.548,1.05381,1.05408,1.88,1.88
2013.04.08 04:00:53.669,1.05379,1.05407,2.78,1.88
2013.04.08 04:00:53.919,1.05376,1.05402,1.65,1.50
2013.04.08 04:00:53.989,1.0538,1.05403,1.28,1.13
2013.04.08 04:00:54.167,1.05382,1.05408,1.50,1.13
2013.04.08 04:00:55.658,1.05385,1.05409,1.28,1.50
2013.04.08 04:00:56.021,1.05386,1.05412,1.13,1.13
2013.04.08 04:00:56.090,1.05394,1.05414,1.28,3.00
2013.04.08 04:00:56.159,1.0539,1.05414,1.28,2.25
2013.04.08 04:00:56.219,1.05391,1.05416,1.50,1.50
2013.04.08 04:00:56.348,1.05392,1.05419,1.65,1.88
2013.04.08 04:00:57.254,1.05392,1.05419,1.65,1.13
2013.04.08 04:00:58.256,1.05392,1.05419,1.65,1.13
2013.04.08 04:00:58.356,1.05392,1.05419,1.65,1.13
2013.04.08 04:00:58.418,1.05392,1.05419,1.65,1.88
2013.04.08 04:00:58.777,1.05389,1.05416,1.28,1.50
2013.04.08 04:00:58.957,1.05389,1.05416,1.28,1.50
2013.04.08 04:00:59.198,1.05385,1.05413,1.28,1.13
2013.04.08 04:00:59.318,1.05384,1.05412,1.28,1.50
2013.04.08 04:01:00.573,1.05384,1.0541,1.28,1.50
2013.04.08 04:01:00.639,1.05383,1.0541,1.50,2.78
2013.04.08 04:01:00.705,1.05382,1.05408,2.03,1.50
2013.04.08 04:01:01.207,1.05382,1.05406,1.65,1.50
2013.04.08 04:01:01.327,1.05383,1.0541,2.03,2.25
2013.04.08 04:01:01.507,1.05383,1.0541,1.88,1.13
2013.04.08 04:01:02.271,1.05386,1.05411,1.13,1.13
2013.04.08 04:01:02.344,1.05388,1.05413,1.28,1.50
2013.04.08 04:01:02.647,1.05388,1.05412,1.28,1.50
2013.04.08 04:01:02.768,1.05386,1.05409,1.28,1.50
2013.04.08 04:01:04.219,1.05382,1.05407,1.28,1.50
2013.04.08 04:01:04.768,1.05381,1.05407,1.13,2.40
2013.04.08 04:01:05.286,1.05381,1.05405,2.55,1.50
2013.04.08 04:01:05.648,1.05379,1.05403,1.50,2.25
2013.04.08 04:01:05.707,1.05381,1.05403,1.13,2.25
2013.04.08 04:01:05.827,1.05381,1.05406,1.88,1.13
2013.04.08 04:01:07.308,1.05381,1.05406,1.28,1.13
2013.04.08 04:01:07.368,1.05378,1.05405,2.25,1.50
2013.04.08 04:01:07.428,1.05378,1.05402,1.13,1.13
2013.04.08 04:01:07.548,1.05375,1.05401,1.65,1.13
2013.04.08 04:01:07.608,1.05377,1.05401,1.50,1.13
2013.04.08 04:01:07.948,1.05378,1.05401,1.28,1.13
2013.04.08 04:01:08.747,1.05378,1.05403,1.28,1.50
2013.04.08 04:01:09.778,1.05377,1.05401,1.13,2.63
2013.04.08 04:01:09.897,1.05373,1.05397,1.28,1.88
2013.04.08 04:01:10.018,1.05372,1.05395,1.05,1.88
2013.04.08 04:01:10.077,1.05373,1.05397,1.65,1.13
2013.04.08 04:01:10.559,1.05374,1.054,1.28,1.50
2013.04.08 04:01:10.627,1.05375,1.05403,1.88,1.28
2013.04.08 04:01:10.748,1.05381,1.05406,1.50,1.28
2013.04.08 04:01:10.809,1.05381,1.05409,1.50,3.00
2013.04.08 04:01:11.288,1.05383,1.05407,1.13,1.50
2013.04.08 04:01:11.529,1.05379,1.05404,1.88,1.28
2013.04.08 04:01:11.588,1.05379,1.05401,1.13,1.50
2013.04.08 04:01:11.948,1.05377,1.05401,1.13,1.50
2013.04.08 04:01:12.249,1.05377,1.05399,1.13,1.65
2013.04.08 04:01:12.368,1.05374,1.05398,1.50,1.50
2013.04.08 04:01:12.794,1.05371,1.05397,1.65,1.50
2013.04.08 04:01:13.157,1.05371,1.05395,1.50,1.13
2013.04.08 04:01:13.400,1.05367,1.05391,1.50,1.65
2013.04.08 04:01:14.867,1.05366,1.0539,2.25,2.78
2013.04.08 04:01:15.108,1.05365,1.05389,1.13,1.50
2013.04.08 04:01:15.287,1.05363,1.05385,1.13,2.03
2013.04.08 04:01:15.407,1.05359,1.05385,1.50,2.40
2013.04.08 04:01:15.966,1.05361,1.05385,2.25,1.13
2013.04.08 04:01:16.027,1.05362,1.05385,1.50,3.38
2013.04.08 04:01:17.259,1.05364,1.0538,1.50,1.88
2013.04.08 04:01:17.318,1.05361,1.0538,1.50,1.65
2013.04.08 04:01:17.377,1.05359,1.05384,2.25,1.35
2013.04.08 04:01:17.498,1.05359,1.05385,2.25,3.15
2013.04.08 04:01:17.558,1.05359,1.05383,1.50,1.65
2013.04.08 04:01:18.077,1.0536,1.05384,1.88,1.50
2013.04.08 04:01:18.258,1.05363,1.05386,1.13,1.65
2013.04.08 04:01:18.377,1.05363,1.05388,1.13,1.65
2013.04.08 04:01:18.917,1.05365,1.0539,1.13,2.03
2013.04.08 04:01:19.447,1.05363,1.05387,2.63,1.65
2013.04.08 04:01:19.569,1.05361,1.05386,1.13,2.40
2013.04.08 04:01:19.877,1.05359,1.05381,1.13,2.40
2013.04.08 04:01:22.396,1.05359,1.05382,1.13,2.55
2013.04.08 04:01:22.718,1.05357,1.05382,1.13,2.93
2013.04.08 04:01:25.017,1.05358,1.05382,1.50,1.50
2013.04.08 04:01:25.077,1.05362,1.05385,1.43,1.50
2013.04.08 04:01:25.198,1.05363,1.05388,1.13,1.88
2013.04.08 04:01:25.318,1.05365,1.0539,2.18,1.88
2013.04.08 04:01:25.377,1.05367,1.05392,1.65,1.50
2013.04.08 04:01:25.618,1.05369,1.05395,1.88,1.13
2013.04.08 04:01:26.009,1.05371,1.05397,2.25,1.13
2013.04.08 04:01:26.198,1.05374,1.05397,1.50,1.13
2013.04.08 04:01:26.317,1.05376,1.05402,1.88,1.50
2013.04.08 04:01:26.377,1.05376,1.05403,1.88,1.13
2013.04.08 04:01:26.558,1.05376,1.05403,1.28,1.13
2013.04.08 04:01:26.818,1.05376,1.05402,1.28,1.50
2013.04.08 04:01:27.007,1.05372,1.05397,1.65,1.13
2013.04.08 04:01:27.367,1.0537,1.05397,2.03,1.88
2013.04.08 04:01:31.578,1.05373,1.05396,1.13,1.13
2013.04.08 04:01:32.296,1.05373,1.05397,1.13,1.88
2013.04.08 04:01:32.374,1.05375,1.05402,2.03,1.65
2013.04.08 04:01:32.922,1.05376,1.05403,2.40,2.78
2013.04.08 04:01:33.257,1.05378,1.05402,1.13,1.65
2013.04.08 04:01:34.358,1.05378,1.05403,1.50,1.50
2013.04.08 04:01:34.538,1.05379,1.05407,2.03,1.65
2013.04.08 04:01:34.607,1.0538,1.05407,1.65,1.65
2013.04.08 04:01:34.947,1.0538,1.05408,1.65,2.03
2013.04.08 04:01:35.069,1.05382,1.05408,1.50,2.03
2013.04.08 04:01:35.328,1.05384,1.05409,1.13,1.35
2013.04.08 04:01:35.387,1.05392,1.05415,2.40,1.35
2013.04.08 04:01:35.450,1.05395,1.05419,1.50,1.50
2013.04.08 04:01:35.519,1.05395,1.0542,1.50,1.13
2013.04.08 04:01:35.578,1.05394,1.0542,1.13,1.13
2013.04.08 04:01:35.759,1.05394,1.0542,1.28,1.88
2013.04.08 04:01:36.069,1.05392,1.05418,2.03,2.40
2013.04.08 04:01:36.197,1.05391,1.05416,1.13,1.65
2013.04.08 04:01:36.505,1.05391,1.05414,1.13,1.65
2013.04.08 04:01:36.569,1.05388,1.05414,2.03,1.50
2013.04.08 04:01:36.688,1.05387,1.05412,1.13,1.50
2013.04.08 04:01:37.837,1.05387,1.05411,1.13,1.50
2013.04.08 04:01:38.356,1.05387,1.05411,1.13,1.50
2013.04.08 04:01:39.597,1.05387,1.05411,2.63,1.50
2013.04.08 04:01:43.857,1.05387,1.05411,1.88,1.50
2013.04.08 04:01:44.218,1.05382,1.05408,2.25,1.28
2013.04.08 04:01:44.278,1.05382,1.05406,1.50,1.65
2013.04.08 04:01:44.397,1.05382,1.05405,1.50,1.50
2013.04.08 04:01:47.247,1.05378,1.05405,1.65,1.88
2013.04.08 04:01:51.498,1.05377,1.05403,1.88,1.28
2013.04.08 04:01:52.050,1.05377,1.05402,1.88,1.28
2013.04.08 04:01:53.323,1.05378,1.05405,1.65,2.63
2013.04.08 04:01:54.720,1.05378,1.05404,1.13,1.65
2013.04.08 04:01:55.257,1.05378,1.05403,1.13,1.65
2013.04.08 04:01:58.098,1.05376,1.05402,2.40,1.28
2013.04.08 04:01:58.639,1.05377,1.05402,2.25,1.13
2013.04.08 04:01:59.177,1.05377,1.05402,2.25,1.13
2013.04.08 04:02:05.608,1.05377,1.05403,2.78,1.50
2013.04.08 04:02:08.037,1.05379,1.05403,1.28,1.50
2013.04.08 04:02:08.167,1.0538,1.05405,2.03,1.13
2013.04.08 04:02:09.217,1.0538,1.05405,2.03,1.13
2013.04.08 04:02:09.338,1.05381,1.05407,2.40,1.88
2013.04.08 04:02:09.577,1.05385,1.05411,1.28,1.13
2013.04.08 04:02:09.758,1.0539,1.05412,1.50,1.13
2013.04.08 04:02:09.818,1.0539,1.05414,1.50,1.88
2013.04.08 04:02:10.767,1.0539,1.05415,1.88,1.13
2013.04.08 04:02:13.728,1.05391,1.05416,2.40,1.13
2013.04.08 04:02:13.848,1.05393,1.05417,1.13,1.50
2013.04.08 04:02:14.038,1.05397,1.05422,1.50,1.50
2013.04.08 04:02:14.750,1.05399,1.05422,2.03,1.50
2013.04.08 04:02:14.821,1.054,1.05426,1.13,1.88
2013.04.08 04:02:16.287,1.054,1.05426,1.13,2.25
2013.04.08 04:02:16.837,1.054,1.05425,1.13,1.28
2013.04.08 04:02:19.012,1.05399,1.05421,1.50,1.50
2013.04.08 04:02:19.257,1.05392,1.05417,1.50,1.50
2013.04.08 04:02:19.677,1.05391,1.05415,1.13,1.13
2013.04.08 04:02:20.605,1.0539,1.05413,1.50,1.65
2013.04.08 04:02:21.148,1.05387,1.05411,1.88,1.13
2013.04.08 04:02:21.725,1.05388,1.05411,1.50,1.88
2013.04.08 04:02:21.790,1.0539,1.05414,2.03,1.13
2013.04.08 04:02:21.857,1.05392,1.05415,1.65,1.13
2013.04.08 04:02:22.037,1.05395,1.05419,1.50,1.88
2013.04.08 04:02:22.098,1.05397,1.0542,1.13,1.50
2013.04.08 04:02:22.278,1.05397,1.05424,1.88,1.50
2013.04.08 04:02:24.117,1.05397,1.0542,1.13,1.65
2013.04.08 04:02:24.627,1.05397,1.05421,1.88,1.65
2013.04.08 04:02:28.047,1.05396,1.0542,1.88,1.13
2013.04.08 04:02:38.669,1.05392,1.05418,1.50,1.28
2013.04.08 04:02:38.738,1.05392,1.05416,1.50,1.88
2013.04.08 04:02:38.798,1.05388,1.05414,1.50,1.50
2013.04.08 04:02:38.858,1.05388,1.05414,1.50,2.40
2013.04.08 04:02:39.160,1.05388,1.05408,1.50,1.65
2013.04.08 04:02:39.228,1.05384,1.05406,1.50,1.28
2013.04.08 04:02:39.348,1.05383,1.05406,2.25,1.28
2013.04.08 04:02:39.707,1.05381,1.05403,1.50,1.65
2013.04.08 04:02:40.359,1.05382,1.05406,1.65,1.13
2013.04.08 04:02:40.538,1.05384,1.05408,1.50,1.13
2013.04.08 04:02:40.897,1.05384,1.05411,1.50,1.65
2013.04.08 04:02:41.137,1.05386,1.05411,1.50,1.88
2013.04.08 04:02:46.889,1.05384,1.05411,1.50,1.88
2013.04.08 04:02:47.197,1.05384,1.05411,1.50,1.88
2013.04.08 04:02:52.568,1.05385,1.0541,1.88,1.13
2013.04.08 04:02:53.440,1.05387,1.0541,1.50,1.13
2013.04.08 04:02:54.348,1.05387,1.0541,1.50,1.13
2013.04.08 04:02:54.707,1.05384,1.05409,1.50,1.13
2013.04.08 04:02:55.008,1.05384,1.05406,1.50,1.88
2013.04.08 04:02:55.187,1.05382,1.05406,1.50,1.88
2013.04.08 04:02:55.248,1.05381,1.05405,1.50,1.13
2013.04.08 04:03:01.149,1.05382,1.05406,2.40,1.13
2013.04.08 04:03:01.460,1.05383,1.05408,1.65,1.13
2013.04.08 04:03:01.530,1.05384,1.05409,1.65,2.03
2013.04.08 04:03:01.848,1.05385,1.0541,1.50,1.13
2013.04.08 04:03:01.969,1.05386,1.05412,1.50,1.13
2013.04.08 04:03:02.099,1.05393,1.05418,1.50,2.03
2013.04.08 04:03:02.288,1.0539,1.05417,1.50,1.50
2013.04.08 04:03:02.718,1.0539,1.05416,1.50,1.13
2013.04.08 04:03:03.859,1.0539,1.0541,1.50,1.50
2013.04.08 04:03:03.918,1.05386,1.05409,1.50,1.13
2013.04.08 04:03:04.158,1.05381,1.05406,1.13,1.28
2013.04.08 04:03:05.478,1.05382,1.05406,2.40,1.50
2013.04.08 04:03:05.550,1.05385,1.05408,1.65,1.13
2013.04.08 04:03:05.698,1.05387,1.05413,2.03,1.28
2013.04.08 04:03:05.757,1.05387,1.05413,2.03,1.13
2013.04.08 04:03:07.788,1.05387,1.05414,2.63,2.03
2013.04.08 04:03:12.278,1.05388,1.05414,1.65,1.88
2013.04.08 04:03:12.598,1.05387,1.05414,2.78,1.88
2013.04.08 04:03:12.748,1.05388,1.05414,1.28,1.88
2013.04.08 04:03:12.881,1.0539,1.05415,4.05,1.50
2013.04.08 04:03:12.950,1.0539,1.05417,2.40,1.50
2013.04.08 04:03:13.258,1.0539,1.05415,1.88,1.50
2013.04.08 04:03:13.647,1.0539,1.05415,1.13,1.50
2013.04.08 04:03:14.818,1.05389,1.05413,1.50,1.28
2013.04.08 04:03:14.999,1.05386,1.0541,1.28,1.50
2013.04.08 04:03:15.178,1.05382,1.05408,1.50,2.25
2013.04.08 04:03:15.368,1.0538,1.05405,1.50,2.25
2013.04.08 04:03:15.676,1.05374,1.05398,1.50,2.63
2013.04.08 04:03:15.979,1.05368,1.05393,1.50,2.03
2013.04.08 04:03:16.349,1.05364,1.05392,1.13,1.13
2013.04.08 04:03:17.307,1.05364,1.05391,1.13,1.50
2013.04.08 04:03:17.968,1.05365,1.05391,1.88,1.50
2013.04.08 04:03:18.828,1.05366,1.0539,1.50,1.13
2013.04.08 04:03:19.318,1.05368,1.0539,1.50,1.13
2013.04.08 04:03:19.667,1.05368,1.05393,1.50,1.65
2013.04.08 04:03:19.919,1.05368,1.05395,1.65,1.88
2013.04.08 04:03:20.039,1.05371,1.05395,1.50,1.13
2013.04.08 04:03:20.167,1.05374,1.05397,1.50,1.73
2013.04.08 04:03:20.228,1.05374,1.05398,1.50,2.63
2013.04.08 04:03:23.618,1.05376,1.05402,2.25,1.88
2013.04.08 04:03:23.796,1.05377,1.05402,1.13,1.13
2013.04.08 04:03:23.917,1.05378,1.05404,1.65,2.63
2013.04.08 04:03:24.218,1.05382,1.05404,1.50,1.13
2013.04.08 04:03:24.798,1.05381,1.05406,1.88,1.73
2013.04.08 04:03:25.217,1.05385,1.05407,1.50,1.13
2013.04.08 04:03:27.069,1.05385,1.05411,1.50,1.88
2013.04.08 04:03:27.259,1.05385,1.05412,1.65,1.73
2013.04.08 04:03:28.938,1.05385,1.05411,1.50,1.13
2013.04.08 04:03:28.998,1.05385,1.05412,1.65,1.73
2013.04.08 04:03:29.993,1.05385,1.05411,1.65,1.73
2013.04.08 04:03:30.958,1.05386,1.05412,1.28,1.35
2013.04.08 04:03:32.197,1.05386,1.05411,1.28,1.35
2013.04.08 04:03:37.837,1.05387,1.05411,1.88,1.35
2013.04.08 04:03:37.899,1.05389,1.05411,1.28,1.35
2013.04.08 04:03:38.208,1.05389,1.05414,1.50,1.88
2013.04.08 04:03:38.747,1.05394,1.05422,1.65,2.25
2013.04.08 04:03:38.927,1.05398,1.05424,2.40,1.50
2013.04.08 04:03:39.228,1.05403,1.05425,1.50,1.13
2013.04.08 04:03:39.287,1.05402,1.05429,2.25,3.15
2013.04.08 04:03:39.348,1.05402,1.05427,1.50,1.28
2013.04.08 04:03:39.408,1.05402,1.05427,2.32,1.13
2013.04.08 04:03:39.768,1.05404,1.05429,2.83,1.88
2013.04.08 04:03:40.069,1.05412,1.05434,1.71,1.13
2013.04.08 04:03:40.197,1.05412,1.05434,1.77,1.13
2013.04.08 04:03:40.708,1.05412,1.05434,1.64,1.13
2013.04.08 04:03:41.349,1.05412,1.05434,1.64,1.88
2013.04.08 04:03:41.410,1.05411,1.05426,1.64,1.50
2013.04.08 04:03:41.479,1.05407,1.05426,2.25,1.88
2013.04.08 04:03:41.659,1.05407,1.05419,1.50,1.13
2013.04.08 04:03:41.789,1.05396,1.05419,4.71,1.13
2013.04.08 04:03:41.848,1.05396,1.05419,2.46,1.13
2013.04.08 04:03:42.451,1.05397,1.05419,1.71,1.13
2013.04.08 04:03:42.978,1.05399,1.05419,1.02,1.13
2013.04.08 04:03:43.157,1.054,1.05424,1.77,1.13
2013.04.08 04:03:43.399,1.05397,1.05423,2.76,2.25
2013.04.08 04:03:43.458,1.05397,1.0542,1.57,1.13
2013.04.08 04:03:43.758,1.05392,1.05418,3.45,1.50
2013.04.08 04:03:46.532,1.05392,1.05415,3.07,1.13
2013.04.08 04:03:51.827,1.05392,1.05418,3.07,2.63
2013.04.08 04:03:52.707,1.05392,1.05418,3.07,1.88
2013.04.08 04:03:54.187,1.05392,1.05418,3.07,2.63
2013.04.08 04:03:55.109,1.05391,1.05412,2.32,1.13
2013.04.08 04:03:55.241,1.0539,1.05411,1.57,1.13
2013.04.08 04:03:55.548,1.05388,1.05411,1.64,1.13
2013.04.08 04:04:00.219,1.05389,1.05411,1.50,1.88
2013.04.08 04:04:16.369,1.05391,1.05414,1.65,1.13
2013.04.08 04:04:17.268,1.05391,1.05417,3.00,2.03
2013.04.08 04:04:17.329,1.05391,1.05415,1.50,1.50
2013.04.08 04:04:17.659,1.0539,1.05411,1.50,1.88
2013.04.08 04:04:17.838,1.05387,1.05411,1.50,1.88
2013.04.08 04:04:18.217,1.05387,1.05411,3.15,1.88
2013.04.08 04:04:18.338,1.0539,1.05411,1.50,1.13
2013.04.08 04:04:18.458,1.05391,1.05416,1.13,2.63
2013.04.08 04:04:20.798,1.05392,1.05416,1.50,1.88
2013.04.08 04:04:21.368,1.05394,1.05417,1.50,1.13
2013.04.08 04:04:23.123,1.05394,1.05418,1.50,1.88
2013.04.08 04:04:26.566,1.05394,1.05417,1.50,1.50
2013.04.08 04:04:27.198,1.05395,1.05418,1.50,1.13
2013.04.08 04:04:38.247,1.05395,1.05419,1.50,1.13
2013.04.08 04:04:38.468,1.05395,1.0542,1.88,1.88
2013.04.08 04:04:39.389,1.05399,1.05422,2.55,1.13
2013.04.08 04:04:39.698,1.05402,1.05424,1.80,1.50
2013.04.08 04:04:39.757,1.05402,1.05424,1.80,1.88
2013.04.08 04:04:40.297,1.054,1.05424,2.55,2.63
2013.04.08 04:04:40.417,1.054,1.05423,2.55,1.50
2013.04.08 04:04:40.778,1.05403,1.05424,1.05,1.88
2013.04.08 04:04:40.957,1.05403,1.05424,1.05,1.88
2013.04.08 04:04:41.268,1.05404,1.05424,1.05,1.13
2013.04.08 04:04:41.827,1.05405,1.05426,2.55,1.13
2013.04.08 04:04:48.794,1.05401,1.05423,2.40,1.13
2013.04.08 04:04:48.990,1.05405,1.05424,1.65,1.13
2013.04.08 04:04:49.578,1.05405,1.05426,1.65,1.13
2013.04.08 04:04:49.638,1.05401,1.05424,2.03,1.50
2013.04.08 04:04:49.698,1.05397,1.05422,1.65,1.13
2013.04.08 04:04:50.628,1.05401,1.05422,2.55,1.13
2013.04.08 04:04:50.748,1.05403,1.05425,1.65,1.13
2013.04.08 04:04:51.279,1.05402,1.05425,1.50,1.88
2013.04.08 04:04:51.463,1.05399,1.05421,1.65,1.13
2013.04.08 04:04:51.539,1.05397,1.05421,1.50,1.13
2013.04.08 04:04:51.658,1.05395,1.05421,1.50,2.03
2013.04.08 04:04:51.898,1.05395,1.05419,1.50,2.25
2013.04.08 04:04:52.077,1.05395,1.05419,1.50,1.50
2013.04.08 04:04:59.397,1.05398,1.05421,2.40,1.13
2013.04.08 04:05:00.140,1.05399,1.05421,1.65,1.13
2013.04.08 04:05:00.587,1.05399,1.05421,1.50,1.13
2013.04.08 04:05:01.647,1.05396,1.05419,1.65,1.13
2013.04.08 04:05:03.418,1.05393,1.05417,1.13,1.50
2013.04.08 04:05:03.958,1.05393,1.05415,1.50,1.13
2013.04.08 04:05:04.021,1.05393,1.05415,1.50,1.50
2013.04.08 04:05:04.149,1.05392,1.05414,1.50,1.50
2013.04.08 04:05:04.388,1.05392,1.05415,1.50,1.50
2013.04.08 04:05:04.898,1.05392,1.05415,1.50,1.50
2013.04.08 04:05:05.804,1.05392,1.05414,1.50,1.88
2013.04.08 04:05:05.999,1.05392,1.05414,1.50,1.13
2013.04.08 04:05:09.361,1.05393,1.05418,1.13,1.13
2013.04.08 04:05:09.507,1.05393,1.05418,1.88,1.13
2013.04.08 04:05:09.868,1.05393,1.05418,1.28,1.13
2013.04.08 04:05:10.228,1.05392,1.05413,1.50,1.50
2013.04.08 04:05:13.430,1.05393,1.05415,1.13,1.13
2013.04.08 04:05:13.558,1.05398,1.05419,1.43,3.00
2013.04.08 04:05:13.621,1.05396,1.0542,1.65,1.13
2013.04.08 04:05:13.808,1.05398,1.05418,1.65,1.13
2013.04.08 04:05:14.109,1.05398,1.05421,2.40,1.13
2013.04.08 04:05:15.507,1.05397,1.05418,1.50,1.50
2013.04.08 04:05:16.088,1.05399,1.05422,1.65,1.13
2013.04.08 04:05:16.838,1.05403,1.0542,1.28,1.13
2013.04.08 04:05:16.959,1.05403,1.05425,1.28,1.13
2013.04.08 04:05:17.478,1.05405,1.05427,1.50,1.13
2013.04.08 04:05:17.538,1.05405,1.05424,1.50,1.50
2013.04.08 04:05:17.658,1.054,1.05424,3.00,1.50
2013.04.08 04:05:18.197,1.054,1.05423,1.88,1.50
2013.04.08 04:05:22.008,1.054,1.05423,1.50,1.88
2013.04.08 04:05:22.738,1.054,1.05423,1.88,1.88
2013.04.08 04:05:23.336,1.05402,1.05423,1.13,1.88
2013.04.08 04:05:23.838,1.05403,1.05424,1.28,1.13
2013.04.08 04:05:24.368,1.05407,1.0543,2.03,1.50
2013.04.08 04:05:24.609,1.05407,1.05431,1.50,1.13
2013.04.08 04:05:29.688,1.05407,1.05431,2.25,1.50
2013.04.08 04:05:30.048,1.05412,1.05435,1.13,1.50
2013.04.08 04:05:30.108,1.05411,1.05437,2.40,1.88
2013.04.08 04:05:30.229,1.05411,1.05433,1.65,1.13
2013.04.08 04:05:30.766,1.05407,1.05432,2.25,1.50
2013.04.08 04:05:31.869,1.05406,1.0543,1.50,1.50
2013.04.08 04:05:32.228,1.05413,1.05431,1.13,1.50
2013.04.08 04:05:32.758,1.05414,1.05428,1.50,1.65
2013.04.08 04:05:32.818,1.05412,1.05428,2.40,1.50
2013.04.08 04:05:32.939,1.05407,1.05429,1.50,2.63
2013.04.08 04:05:33.849,1.05407,1.05432,1.50,1.88
2013.04.08 04:05:36.377,1.05407,1.0543,1.50,1.13
2013.04.08 04:05:36.897,1.05409,1.05432,1.65,1.13
2013.04.08 04:05:37.550,1.05411,1.05432,1.50,1.13
2013.04.08 04:05:42.898,1.05411,1.05433,1.65,1.13
2013.04.08 04:05:43.500,1.05414,1.05438,1.50,1.88
2013.04.08 04:05:43.571,1.05414,1.05438,1.50,1.13
2013.04.08 04:05:43.641,1.05416,1.05439,1.65,1.13
2013.04.08 04:05:49.188,1.05416,1.05438,1.50,1.13
2013.04.08 04:05:49.727,1.05416,1.05436,1.50,1.50
2013.04.08 04:05:52.221,1.05411,1.05433,2.18,1.50
2013.04.08 04:05:52.288,1.05409,1.05433,2.25,1.50
2013.04.08 04:05:52.469,1.05409,1.05433,1.50,1.50
2013.04.08 04:05:52.707,1.05407,1.05429,1.50,1.13
2013.04.08 04:05:53.197,1.05405,1.05429,2.40,1.88
2013.04.08 04:05:53.439,1.05407,1.05429,1.50,1.13
2013.04.08 04:05:53.798,1.05415,1.05433,1.65,1.13
2013.04.08 04:05:53.857,1.05415,1.05439,1.65,1.88
2013.04.08 04:05:54.398,1.05415,1.05437,1.65,1.13
2013.04.08 04:05:54.458,1.05416,1.05437,1.50,1.13
2013.04.08 04:05:54.760,1.05418,1.05437,1.50,1.13
2013.04.08 04:05:54.889,1.05415,1.05431,1.50,1.13
2013.04.08 04:05:54.949,1.05415,1.05432,1.50,1.13
2013.04.08 04:05:55.009,1.05409,1.05431,2.18,1.13
2013.04.08 04:05:55.308,1.05416,1.05431,1.28,1.13
2013.04.08 04:05:55.369,1.05416,1.05438,2.40,1.13
2013.04.08 04:05:56.669,1.05423,1.0544,1.50,1.13
2013.04.08 04:05:56.788,1.0542,1.0544,1.65,1.13
2013.04.08 04:05:56.967,1.0542,1.0544,1.65,1.13
2013.04.08 04:05:57.429,1.05419,1.0544,2.40,1.13
2013.04.08 04:06:00.768,1.05419,1.05434,1.50,1.88
2013.04.08 04:06:01.658,1.05414,1.05434,1.65,1.88
2013.04.08 04:06:02.754,1.05414,1.05434,1.65,1.13
2013.04.08 04:06:08.008,1.05414,1.05434,1.65,1.13
2013.04.08 04:06:18.599,1.05416,1.05436,1.13,1.13
2013.04.08 04:06:18.780,1.05421,1.05443,1.50,1.13
2013.04.08 04:06:18.850,1.05422,1.05445,1.13,1.13
2013.04.08 04:06:18.978,1.05423,1.05449,2.25,1.50
2013.04.08 04:06:19.588,1.05425,1.05449,1.65,1.13
2013.04.08 04:06:21.049,1.05425,1.05444,1.65,1.13
2013.04.08 04:06:21.409,1.05419,1.05442,1.88,1.13
2013.04.08 04:06:21.662,1.0542,1.05443,2.03,1.13
2013.04.08 04:06:21.859,1.05421,1.05444,1.05,1.88
2013.04.08 04:06:22.833,1.0542,1.05443,1.65,1.13
2013.04.08 04:06:24.408,1.0542,1.05445,1.65,2.63
2013.04.08 04:06:24.947,1.0542,1.05443,1.65,1.13
2013.04.08 04:06:26.240,1.0542,1.05444,1.65,1.13
2013.04.08 04:06:27.859,1.0542,1.05443,1.65,1.13
2013.04.08 04:06:31.287,1.0542,1.05443,1.65,1.13
2013.04.08 04:06:38.769,1.05419,1.05439,2.78,1.13
2013.04.08 04:06:39.646,1.05419,1.05439,2.78,1.13
2013.04.08 04:06:39.948,1.05422,1.05441,1.13,1.13
2013.04.08 04:06:41.111,1.05423,1.05442,1.65,1.13
2013.04.08 04:06:41.440,1.05427,1.05442,1.65,1.13
2013.04.08 04:06:42.299,1.05424,1.05442,1.65,1.13
2013.04.08 04:06:48.209,1.05423,1.05443,1.65,1.13
2013.04.08 04:06:48.767,1.05419,1.05442,3.00,1.13
2013.04.08 04:06:50.233,1.05419,1.0544,2.59,1.13
2013.04.08 04:06:50.808,1.05419,1.05439,1.09,1.13
2013.04.08 04:06:52.826,1.05418,1.05436,1.47,1.13
2013.04.08 04:06:55.318,1.05417,1.05435,1.65,1.13
2013.04.08 04:06:55.977,1.05416,1.05432,1.50,1.13
2013.04.08 04:06:56.197,1.05415,1.05432,1.84,1.13
2013.04.08 04:06:56.774,1.05415,1.05432,1.84,1.13
2013.04.08 04:06:56.967,1.05415,1.05434,1.84,1.13
2013.04.08 04:06:59.043,1.05415,1.05436,3.34,1.13
2013.04.08 04:07:00.698,1.05415,1.05435,3.34,1.13
2013.04.08 04:07:00.938,1.05417,1.05437,1.65,1.13
2013.04.08 04:07:01.119,1.0542,1.05437,1.65,1.13
2013.04.08 04:07:01.179,1.0542,1.05441,3.15,1.13
2013.04.08 04:07:01.478,1.05421,1.05442,2.40,1.13
2013.04.08 04:07:02.738,1.0542,1.05442,2.59,1.13
2013.04.08 04:07:02.797,1.0542,1.05439,2.59,1.13
2013.04.08 04:07:02.858,1.0542,1.05439,1.09,1.88
2013.04.08 04:07:03.157,1.05417,1.05434,2.44,1.13
2013.04.08 04:07:03.339,1.05414,1.05433,1.09,1.13
2013.04.08 04:07:03.459,1.05411,1.05433,1.28,1.13
2013.04.08 04:07:03.519,1.05414,1.05433,1.09,1.13
2013.04.08 04:07:03.638,1.05412,1.05433,1.80,1.13
2013.04.08 04:07:04.058,1.05414,1.05434,2.25,1.88
2013.04.08 04:07:04.119,1.05413,1.05434,1.50,1.88
2013.04.08 04:07:04.299,1.05418,1.05434,1.65,1.13
2013.04.08 04:07:04.358,1.05419,1.05434,2.40,1.13
2013.04.08 04:07:04.540,1.05419,1.05438,2.97,1.88
2013.04.08 04:07:04.669,1.05419,1.05438,2.74,1.88
2013.04.08 04:07:04.848,1.05419,1.05438,2.07,1.88
2013.04.08 04:07:04.908,1.05419,1.05438,1.84,1.88
2013.04.08 04:07:05.087,1.0542,1.05438,1.69,1.88
2013.04.08 04:07:07.689,1.05419,1.05438,1.09,1.88
2013.04.08 04:07:07.750,1.05418,1.05436,1.32,1.13
2013.04.08 04:07:11.791,1.05414,1.05434,1.50,1.13
2013.04.08 04:07:11.861,1.05419,1.05434,1.88,1.13
2013.04.08 04:07:11.989,1.0542,1.05442,1.32,1.88
2013.04.08 04:07:12.108,1.0542,1.05442,1.32,1.88
2013.04.08 04:07:12.478,1.0542,1.05442,1.32,1.88
2013.04.08 04:07:13.999,1.05419,1.05441,1.65,1.13
2013.04.08 04:07:14.359,1.05419,1.05441,1.13,1.13
2013.04.08 04:07:14.418,1.05419,1.05441,1.50,1.13
2013.04.08 04:07:14.778,1.05423,1.05442,1.50,1.13
2013.04.08 04:07:15.138,1.05423,1.05446,2.03,1.13
2013.04.08 04:07:15.198,1.05423,1.05447,2.03,1.13
2013.04.08 04:07:16.278,1.05425,1.05446,1.13,1.13
2013.04.08 04:07:17.458,1.05425,1.05447,1.13,1.88
2013.04.08 04:07:18.469,1.05423,1.05446,1.69,1.13
2013.04.08 04:07:18.528,1.05423,1.05445,1.69,1.13
2013.04.08 04:07:19.067,1.0542,1.05443,1.65,2.63
2013.04.08 04:07:21.411,1.05423,1.05443,1.13,1.88
2013.04.08 04:07:21.478,1.05421,1.0544,1.65,1.13
2013.04.08 04:07:21.599,1.0542,1.0544,1.28,1.13
2013.04.08 04:07:21.717,1.0542,1.05441,1.65,1.88
2013.04.08 04:07:22.098,1.05422,1.05444,1.13,1.13
2013.04.08 04:07:23.857,1.0542,1.05444,3.12,1.13
2013.04.08 04:07:23.918,1.0542,1.05443,2.22,1.13
2013.04.08 04:07:24.125,1.05419,1.05443,1.47,1.88
2013.04.08 04:07:24.189,1.05421,1.05443,1.09,1.88
2013.04.08 04:07:24.548,1.05422,1.05446,2.40,1.88
2013.04.08 04:07:24.608,1.05422,1.05446,2.40,1.88
2013.04.08 04:07:28.537,1.05423,1.05444,1.13,1.13
2013.04.08 04:07:28.598,1.05422,1.05442,1.50,1.13
2013.04.08 04:07:28.718,1.05422,1.05444,2.78,1.88
2013.04.08 04:07:28.778,1.05422,1.05444,2.25,1.88
2013.04.08 04:07:30.981,1.05422,1.05445,2.44,1.13
2013.04.08 04:07:33.989,1.05426,1.05445,1.13,1.13
2013.04.08 04:07:34.680,1.05427,1.05447,1.65,1.13
2013.04.08 04:07:38.229,1.05427,1.0545,2.25,1.50
2013.04.08 04:07:38.529,1.05429,1.0545,1.05,1.50
2013.04.08 04:07:41.532,1.05427,1.0545,1.65,1.50
2013.04.08 04:07:41.959,1.05425,1.05449,2.40,1.50
2013.04.08 04:07:45.608,1.05423,1.05447,1.50,2.03
2013.04.08 04:07:46.028,1.05423,1.05447,1.50,1.28
2013.04.08 04:07:46.148,1.05423,1.05447,1.50,2.03
2013.04.08 04:07:47.592,1.0542,1.05443,3.00,1.13
2013.04.08 04:07:49.739,1.0542,1.05443,2.25,1.13
2013.04.08 04:07:50.048,1.05417,1.05438,2.25,1.13
2013.04.08 04:07:50.528,1.05413,1.05438,1.65,1.13
2013.04.08 04:07:52.964,1.05412,1.05438,3.15,2.63
2013.04.08 04:07:54.088,1.05412,1.05436,3.15,1.13
2013.04.08 04:07:55.188,1.05412,1.05438,3.15,2.63
2013.04.08 04:07:56.441,1.05412,1.05436,3.15,1.13
2013.04.08 04:07:56.749,1.0541,1.05433,2.40,1.13
2013.04.08 04:07:56.869,1.0541,1.05433,1.65,1.13
2013.04.08 04:07:57.108,1.05408,1.05433,1.50,1.28
2013.04.08 04:07:57.348,1.05408,1.05433,1.50,2.03
2013.04.08 04:07:57.668,1.05408,1.0543,1.50,1.50
2013.04.08 04:07:58.189,1.05408,1.05429,1.50,1.50
2013.04.08 04:07:58.738,1.05409,1.05433,1.65,1.13
2013.04.08 04:07:58.799,1.0541,1.05433,1.65,1.13
2013.04.08 04:07:58.921,1.05414,1.05438,1.13,1.13
2013.04.08 04:07:59.048,1.05416,1.05438,1.65,1.13
2013.04.08 04:07:59.588,1.05416,1.05438,1.50,1.13
2013.04.08 04:08:02.628,1.05414,1.05438,1.50,1.88
2013.04.08 04:08:05.398,1.05415,1.05437,1.50,1.13
2013.04.08 04:08:05.757,1.05416,1.05437,1.65,1.88
2013.04.08 04:08:08.629,1.05414,1.05435,1.28,1.13
2013.04.08 04:08:08.939,1.05412,1.05435,1.80,1.88
2013.04.08 04:08:09.009,1.05412,1.05435,1.05,1.88
2013.04.08 04:08:09.368,1.05407,1.0543,2.97,1.13
2013.04.08 04:08:11.997,1.05407,1.0543,3.00,1.13
2013.04.08 04:08:17.222,1.05407,1.05428,1.50,1.13
2013.04.08 04:08:17.658,1.05407,1.05428,2.25,1.13
2013.04.08 04:08:19.898,1.05407,1.05428,3.90,1.13
2013.04.08 04:08:20.198,1.05407,1.05429,1.65,1.88
2013.04.08 04:08:20.319,1.05407,1.05431,1.80,2.63
2013.04.08 04:08:20.879,1.05414,1.05437,2.03,1.13
2013.04.08 04:08:22.966,1.05414,1.05436,1.65,1.88
2013.04.08 04:08:24.689,1.05416,1.05436,1.65,1.88
2013.04.08 04:08:26.151,1.05416,1.05438,1.50,1.13
2013.04.08 04:08:27.272,1.05416,1.05439,1.50,1.13
2013.04.08 04:08:28.629,1.05416,1.05439,1.50,1.13
2013.04.08 04:08:32.874,1.05418,1.05439,1.65,1.13
2013.04.08 04:08:33.239,1.05418,1.05439,1.65,1.13
2013.04.08 04:08:33.314,1.05423,1.05443,1.43,1.50
2013.04.08 04:08:33.619,1.05426,1.05448,2.40,1.50
2013.04.08 04:08:33.679,1.05426,1.0545,2.40,1.13
2013.04.08 04:08:33.738,1.05426,1.0545,2.40,1.13
2013.04.08 04:08:35.201,1.05428,1.05448,1.43,1.13
2013.04.08 04:08:35.269,1.05426,1.05448,1.65,1.13
2013.04.08 04:08:36.188,1.05423,1.05448,1.28,2.63
2013.04.08 04:08:36.548,1.05421,1.05443,1.28,1.50
2013.04.08 04:08:36.728,1.05416,1.05437,2.59,1.13
2013.04.08 04:08:36.909,1.05416,1.05437,1.84,1.13
2013.04.08 04:08:37.098,1.05419,1.05438,1.65,2.63
2013.04.08 04:08:37.400,1.05418,1.05438,1.65,1.13
2013.04.08 04:08:37.969,1.05418,1.0544,1.65,1.13
2013.04.08 04:08:39.799,1.05418,1.05439,1.65,1.13
2013.04.08 04:08:40.450,1.05418,1.05438,2.40,1.13
2013.04.08 04:08:43.238,1.05418,1.05437,2.40,1.13
2013.04.08 04:08:43.358,1.05417,1.05437,1.28,1.13
2013.04.08 04:08:43.668,1.05413,1.05437,1.50,1.13
2013.04.08 04:08:45.208,1.05416,1.05437,1.65,1.13
2013.04.08 04:08:47.430,1.05416,1.05438,1.65,1.88
2013.04.08 04:08:48.709,1.05415,1.05438,2.40,1.13
2013.04.08 04:08:50.548,1.05415,1.05439,2.40,1.88
2013.04.08 04:08:54.648,1.05416,1.05439,1.50,1.88
2013.04.08 04:08:54.948,1.05419,1.05439,1.65,1.50
2013.04.08 04:08:59.559,1.05419,1.05441,1.65,1.50
2013.04.08 04:09:00.099,1.05419,1.05441,1.65,1.50
2013.04.08 04:09:00.649,1.05419,1.05439,1.65,1.50
2013.04.08 04:09:06.139,1.05418,1.05442,3.15,1.13
2013.04.08 04:09:07.056,1.05423,1.05448,1.65,1.88
2013.04.08 04:09:12.045,1.05426,1.05448,1.28,1.88
2013.04.08 04:09:12.359,1.05431,1.0545,1.50,1.13
2013.04.08 04:09:12.719,1.05435,1.05453,1.84,1.13
2013.04.08 04:09:13.681,1.05442,1.05455,1.09,1.13
2013.04.08 04:09:13.759,1.05442,1.05459,2.97,1.13
2013.04.08 04:09:14.139,1.05442,1.05459,2.40,1.13
2013.04.08 04:09:14.200,1.05442,1.05459,1.80,1.13
2013.04.08 04:09:14.509,1.0544,1.05459,1.05,1.13
2013.04.08 04:09:14.751,1.05444,1.05459,1.65,1.50
2013.04.08 04:09:14.940,1.05443,1.0546,1.65,1.88
2013.04.08 04:09:16.039,1.05446,1.0546,1.65,1.13
2013.04.08 04:09:16.480,1.05443,1.05462,2.22,1.13
2013.04.08 04:09:16.788,1.05447,1.05462,1.65,1.13
2013.04.08 04:09:17.328,1.05448,1.05464,1.65,1.13
2013.04.08 04:09:17.508,1.05452,1.05471,1.62,1.88
2013.04.08 04:09:17.569,1.0545,1.05471,1.32,1.88
2013.04.08 04:09:17.640,1.05452,1.05471,1.09,1.13
2013.04.08 04:09:17.890,1.05454,1.05471,1.65,1.13
2013.04.08 04:09:17.960,1.05457,1.05471,1.28,1.13
2013.04.08 04:09:18.330,1.05453,1.05476,1.84,1.13
2013.04.08 04:09:18.519,1.05457,1.05476,1.65,1.13
2013.04.08 04:09:22.899,1.05456,1.05474,2.37,1.13
2013.04.08 04:09:23.448,1.05456,1.05474,1.47,1.13
2013.04.08 04:09:25.080,1.05456,1.05474,1.65,1.13
2013.04.08 04:09:25.598,1.05457,1.05479,1.65,1.50
2013.04.08 04:09:26.679,1.05461,1.05482,1.43,1.50
2013.04.08 04:09:26.738,1.05462,1.05483,1.65,1.13
2013.04.08 04:09:27.368,1.05466,1.05487,2.22,1.13
2013.04.08 04:09:28.289,1.05466,1.05487,2.22,1.13
2013.04.08 04:09:34.798,1.05472,1.05487,1.32,1.50
2013.04.08 04:09:34.859,1.05472,1.05491,1.32,1.50
2013.04.08 04:09:34.919,1.05469,1.05492,1.65,1.28
2013.04.08 04:09:34.990,1.05469,1.05488,1.13,1.50
2013.04.08 04:09:35.059,1.05469,1.05489,1.13,1.50
2013.04.08 04:09:35.301,1.05469,1.05491,1.13,1.50
2013.04.08 04:09:35.370,1.0547,1.05494,1.28,1.50
2013.04.08 04:09:35.869,1.0547,1.05494,1.13,1.50
2013.04.08 04:09:37.072,1.0547,1.05492,1.13,1.28
2013.04.08 04:09:37.198,1.05469,1.05491,1.50,1.13
2013.04.08 04:09:37.258,1.05469,1.05492,1.50,1.80
2013.04.08 04:09:37.508,1.05466,1.05492,2.03,1.65
2013.04.08 04:09:37.929,1.05466,1.05491,1.88,1.13
2013.04.08 04:09:38.049,1.05466,1.05488,1.13,1.65
2013.04.08 04:09:38.107,1.05464,1.05488,1.88,1.65
2013.04.08 04:09:38.288,1.05464,1.05488,1.13,2.63
2013.04.08 04:09:39.118,1.0546,1.05485,1.13,1.65
2013.04.08 04:09:39.658,1.05461,1.05486,1.65,1.50
2013.04.08 04:09:40.780,1.05468,1.05487,1.13,1.65
2013.04.08 04:09:40.899,1.05468,1.05488,1.13,1.65
2013.04.08 04:09:41.019,1.05468,1.05492,1.13,1.50
2013.04.08 04:09:41.258,1.05468,1.05492,1.28,1.50
2013.04.08 04:09:41.379,1.05474,1.05497,1.13,1.50
2013.04.08 04:09:42.244,1.05477,1.05497,1.13,1.50
2013.04.08 04:09:42.369,1.05477,1.05502,1.28,2.10
2013.04.08 04:09:43.288,1.05478,1.05502,1.13,1.50
2013.04.08 04:09:43.469,1.05482,1.05502,1.13,1.50
2013.04.08 04:09:43.649,1.0548,1.05501,1.28,1.50
2013.04.08 04:09:43.948,1.05479,1.05504,2.03,1.50
2013.04.08 04:09:44.008,1.05479,1.05505,2.03,1.50
2013.04.08 04:09:44.780,1.0548,1.05505,1.50,1.50
2013.04.08 04:09:45.098,1.05481,1.05505,1.28,1.50
2013.04.08 04:09:45.931,1.05481,1.05503,1.13,1.13
2013.04.08 04:09:46.308,1.05481,1.05507,1.28,1.50
2013.04.08 04:09:46.808,1.0548,1.05504,1.13,1.50
2013.04.08 04:09:47.338,1.0548,1.05503,1.13,1.50
2013.04.08 04:09:48.008,1.0548,1.055,1.13,1.13
2013.04.08 04:09:48.130,1.05477,1.05498,1.50,2.10
2013.04.08 04:09:48.199,1.05475,1.05497,1.13,1.50
2013.04.08 04:09:48.559,1.05475,1.05497,1.13,1.65
2013.04.08 04:09:48.918,1.05475,1.05494,1.13,1.65
2013.04.08 04:09:48.978,1.05471,1.05494,1.13,1.50
2013.04.08 04:09:49.038,1.05471,1.05493,1.13,1.50
2013.04.08 04:09:49.289,1.0547,1.05493,1.13,1.50
2013.04.08 04:09:49.408,1.05471,1.05496,1.13,1.65
2013.04.08 04:09:49.718,1.05471,1.05496,1.13,1.50
2013.04.08 04:09:49.838,1.05471,1.05496,1.13,1.50
2013.04.08 04:09:50.089,1.05471,1.05496,1.13,1.50
2013.04.08 04:09:50.448,1.05472,1.05496,1.88,1.65
2013.04.08 04:09:50.631,1.05472,1.05496,1.88,1.65
2013.04.08 04:09:50.837,1.05472,1.05496,1.88,1.65
2013.04.08 04:09:51.018,1.05472,1.05496,1.88,1.65
2013.04.08 04:09:51.347,1.05472,1.05496,1.88,1.65
2013.04.08 04:09:52.060,1.05472,1.05496,1.88,1.65
2013.04.08 04:09:52.840,1.05471,1.05496,1.13,1.65
2013.04.08 04:09:55.649,1.05471,1.05494,1.13,1.50
2013.04.08 04:09:58.760,1.05471,1.05493,1.13,2.25
2013.04.08 04:09:59.118,1.05467,1.05492,1.13,1.50
2013.04.08 04:09:59.179,1.05467,1.05488,1.13,1.50
2013.04.08 04:09:59.480,1.05463,1.05487,1.13,2.40
2013.04.08 04:09:59.539,1.05462,1.05484,1.13,1.65
2013.04.08 04:09:59.600,1.05458,1.05484,1.13,1.50
2013.04.08 04:09:59.658,1.05457,1.05483,1.28,1.50
2013.04.08 04:09:59.778,1.05457,1.05483,1.88,1.50
2013.04.08 04:10:00.079,1.05459,1.05483,1.13,1.50
2013.04.08 04:10:00.200,1.05462,1.05487,1.28,1.50
2013.04.08 04:10:00.328,1.05462,1.05487,1.50,1.50
2013.04.08 04:10:01.428,1.05462,1.05485,1.50,1.50
2013.04.08 04:10:01.609,1.05458,1.05482,1.13,1.50
2013.04.08 04:10:01.668,1.05458,1.05482,1.13,2.25
2013.04.08 04:10:01.909,1.05456,1.05479,1.13,1.50
2013.04.08 04:10:02.888,1.05458,1.05479,1.28,2.25
2013.04.08 04:10:04.319,1.05453,1.05477,2.03,1.50
2013.04.08 04:10:04.438,1.05453,1.05477,2.03,2.25
2013.04.08 04:10:05.344,1.05449,1.0547,1.13,1.50
2013.04.08 04:10:05.869,1.05449,1.05469,1.13,1.50
2013.04.08 04:10:06.084,1.05445,1.05469,1.13,1.50
2013.04.08 04:10:06.268,1.05445,1.05465,1.13,1.50
2013.04.08 04:10:07.172,1.05445,1.05469,1.13,3.00
2013.04.08 04:10:07.299,1.05445,1.05468,1.13,1.50
2013.04.08 04:10:09.869,1.05447,1.05469,1.88,1.50
2013.04.08 04:10:10.909,1.05447,1.05471,1.88,1.50
2013.04.08 04:10:11.179,1.05449,1.05471,1.13,1.50
2013.04.08 04:10:11.239,1.05449,1.05472,2.63,1.50
2013.04.08 04:10:11.300,1.05451,1.05476,1.50,1.65
2013.04.08 04:10:11.360,1.05455,1.05476,1.13,1.50
2013.04.08 04:10:11.538,1.05454,1.05476,1.88,1.50
2013.04.08 04:10:11.598,1.05454,1.05478,2.25,1.50
2013.04.08 04:10:11.660,1.05455,1.05481,1.50,1.50
2013.04.08 04:10:12.258,1.0546,1.05485,2.03,1.50
2013.04.08 04:10:12.839,1.05462,1.05483,1.13,1.50
2013.04.08 04:10:14.040,1.0546,1.05483,1.28,1.50
2013.04.08 04:10:15.618,1.0546,1.05483,1.13,1.50
2013.04.08 04:10:15.678,1.05456,1.05481,1.28,1.50
2013.04.08 04:10:16.099,1.05455,1.0548,1.88,1.50
2013.04.08 04:10:16.458,1.05452,1.05476,1.28,1.50
2013.04.08 04:10:16.578,1.05452,1.05476,1.28,1.50
2013.04.08 04:10:17.187,1.05452,1.05474,1.28,1.50
2013.04.08 04:10:18.755,1.05451,1.05474,1.28,1.50
2013.04.08 04:10:25.138,1.05451,1.05476,1.50,1.50
2013.04.08 04:10:27.568,1.05452,1.05477,2.03,1.50
2013.04.08 04:10:30.541,1.05454,1.05477,1.28,1.50
2013.04.08 04:10:31.809,1.05456,1.05479,1.13,1.50
2013.04.08 04:10:33.689,1.05457,1.05481,3.00,1.50
2013.04.08 04:10:33.870,1.05461,1.05484,3.38,1.50
2013.04.08 04:10:34.058,1.05462,1.05485,1.50,1.13
2013.04.08 04:10:34.119,1.05459,1.05484,1.13,1.65
2013.04.08 04:10:34.249,1.05458,1.05484,1.88,1.65
2013.04.08 04:10:34.548,1.05458,1.05484,1.13,1.65
2013.04.08 04:10:35.078,1.05459,1.05484,1.13,1.65
2013.04.08 04:10:35.397,1.05461,1.05485,1.50,1.35
2013.04.08 04:10:36.078,1.05459,1.05485,1.13,2.85
2013.04.08 04:10:36.939,1.05458,1.05483,1.13,1.32
2013.04.08 04:10:37.238,1.05455,1.0548,1.13,1.13
2013.04.08 04:10:37.621,1.05452,1.05477,1.13,1.13
2013.04.08 04:10:37.689,1.05449,1.05476,1.88,3.15
2013.04.08 04:10:38.118,1.05452,1.05475,1.13,1.69
2013.04.08 04:10:38.239,1.05446,1.0547,1.50,1.65
2013.04.08 04:10:38.299,1.05443,1.05468,1.88,1.50
2013.04.08 04:10:38.658,1.05443,1.05466,1.13,1.65
2013.04.08 04:10:39.078,1.05447,1.05469,1.13,1.50
2013.04.08 04:10:39.139,1.05447,1.05471,1.13,1.65
2013.04.08 04:10:39.198,1.05447,1.05472,1.88,1.65
2013.04.08 04:10:40.078,1.05449,1.05473,1.50,1.65
2013.04.08 04:10:40.198,1.05452,1.05474,1.13,1.50
2013.04.08 04:10:40.258,1.05453,1.05478,1.50,1.28
2013.04.08 04:10:40.438,1.05453,1.05479,1.50,2.25
2013.04.08 04:10:40.498,1.05453,1.05479,1.50,1.65
2013.04.08 04:10:41.249,1.05453,1.05481,1.50,2.25
2013.04.08 04:10:42.459,1.05453,1.05481,2.25,2.25
2013.04.08 04:10:44.043,1.05455,1.05481,1.88,1.88
2013.04.08 04:10:44.168,1.05457,1.05481,1.50,1.50
2013.04.08 04:10:44.228,1.05456,1.05481,3.75,1.50
2013.04.08 04:10:44.348,1.05459,1.05481,1.13,1.50
2013.04.08 04:10:44.471,1.05459,1.05484,1.65,2.63
2013.04.08 04:10:44.541,1.05461,1.05486,1.50,2.07
2013.04.08 04:10:44.848,1.05464,1.05487,1.65,1.13
2013.04.08 04:10:45.389,1.05464,1.05484,1.50,1.13
2013.04.08 04:10:45.690,1.05468,1.05487,1.65,1.50
2013.04.08 04:10:45.759,1.05468,1.05488,1.50,1.13
2013.04.08 04:10:46.308,1.05468,1.05488,1.65,1.88
2013.04.08 04:10:48.211,1.05468,1.05486,1.50,1.13
2013.04.08 04:10:50.339,1.05468,1.05487,1.65,1.13
2013.04.08 04:10:52.028,1.05468,1.0549,2.22,2.25
2013.04.08 04:10:52.790,1.0547,1.0549,1.13,2.25
2013.04.08 04:10:53.148,1.05471,1.0549,1.65,2.25
2013.04.08 04:10:58.520,1.05471,1.05488,1.50,3.00
2013.04.08 04:10:58.578,1.05467,1.05488,2.40,3.00
2013.04.08 04:11:00.398,1.05467,1.05486,2.40,1.13
2013.04.08 04:11:00.938,1.05467,1.05486,1.50,1.13
2013.04.08 04:11:01.479,1.05467,1.05485,1.50,2.25
2013.04.08 04:11:01.658,1.05463,1.05483,1.50,3.00
2013.04.08 04:11:01.719,1.0546,1.05483,1.50,3.75
2013.04.08 04:11:01.778,1.05458,1.05479,1.65,2.25
2013.04.08 04:11:01.959,1.05453,1.05473,2.40,1.13
2013.04.08 04:11:02.198,1.05454,1.05473,1.50,1.13
2013.04.08 04:11:02.688,1.05453,1.05473,2.40,1.13
2013.04.08 04:11:03.109,1.05454,1.05472,1.50,1.13
2013.04.08 04:11:03.230,1.05454,1.05476,2.40,1.13
2013.04.08 04:11:03.289,1.05457,1.05476,2.40,1.13
2013.04.08 04:11:03.409,1.05457,1.05476,2.40,1.13
2013.04.08 04:11:04.319,1.0546,1.05477,1.50,1.13
2013.04.08 04:11:04.439,1.05461,1.05481,1.50,3.00
2013.04.08 04:11:04.738,1.05467,1.05484,1.50,2.25
2013.04.08 04:11:05.040,1.05463,1.05484,1.50,2.25
2013.04.08 04:11:05.109,1.05463,1.05478,1.50,1.13
2013.04.08 04:11:05.169,1.05463,1.05478,1.50,1.13
2013.04.08 04:11:06.008,1.05455,1.05478,1.65,1.88
2013.04.08 04:11:07.828,1.05455,1.05477,1.65,1.13
2013.04.08 04:11:09.659,1.05457,1.05477,1.13,2.63
2013.04.08 04:11:10.304,1.05457,1.05476,1.13,2.25
2013.04.08 04:11:11.205,1.05457,1.05476,1.13,1.13
2013.04.08 04:11:11.839,1.05457,1.05476,1.50,1.13
2013.04.08 04:11:12.020,1.05462,1.05476,1.13,1.13
2013.04.08 04:11:12.360,1.05462,1.05477,1.13,1.13
2013.04.08 04:11:16.958,1.05459,1.05477,1.88,1.13
2013.04.08 04:11:22.667,1.05455,1.05478,3.15,1.50
2013.04.08 04:11:30.508,1.05456,1.05477,1.28,2.25
2013.04.08 04:11:30.688,1.05457,1.05479,2.40,1.88
2013.04.08 04:11:31.498,1.05457,1.05479,2.25,1.88
2013.04.08 04:11:31.950,1.05461,1.05479,1.65,1.88
2013.04.08 04:11:37.403,1.05463,1.05479,1.13,1.13
2013.04.08 04:11:37.648,1.05464,1.05484,1.65,1.50
2013.04.08 04:11:37.710,1.05468,1.05484,1.50,1.50
2013.04.08 04:11:40.071,1.05468,1.05484,2.25,2.25
2013.04.08 04:11:40.140,1.05468,1.05488,2.25,1.50
2013.04.08 04:11:47.560,1.05472,1.05493,1.84,2.25
2013.04.08 04:11:49.108,1.05475,1.05496,1.65,1.88
2013.04.08 04:11:49.528,1.0548,1.05495,1.50,1.13
2013.04.08 04:11:50.262,1.05477,1.05494,1.50,1.50
2013.04.08 04:11:50.448,1.05477,1.05495,1.65,1.88
2013.04.08 04:11:50.998,1.05477,1.05495,1.65,1.13
2013.04.08 04:11:52.020,1.05477,1.05498,1.65,1.50
2013.04.08 04:11:52.328,1.0548,1.05498,1.65,1.50
2013.04.08 04:11:53.270,1.0548,1.05495,1.50,1.50
2013.04.08 04:11:53.749,1.05478,1.05495,1.50,1.50
2013.04.08 04:11:53.808,1.05476,1.05495,1.50,1.50
2013.04.08 04:11:54.049,1.05472,1.05495,2.25,1.50
2013.04.08 04:11:54.290,1.05472,1.05494,1.50,1.50
2013.04.08 04:11:54.598,1.05472,1.05494,1.50,1.50
2013.04.08 04:11:55.018,1.05471,1.05489,1.50,1.50
2013.04.08 04:11:55.953,1.05469,1.05489,1.65,1.50
2013.04.08 04:11:59.329,1.05471,1.05493,2.25,2.25
2013.04.08 04:11:59.389,1.05475,1.05493,1.32,1.50
2013.04.08 04:11:59.569,1.05477,1.05496,1.28,1.13
2013.04.08 04:11:59.628,1.05474,1.05497,1.47,1.50
2013.04.08 04:11:59.690,1.05473,1.05493,1.47,1.50
2013.04.08 04:11:59.761,1.0547,1.05493,2.07,1.50
2013.04.08 04:11:59.831,1.05465,1.05487,1.13,1.50
2013.04.08 04:11:59.899,1.05462,1.05487,3.75,1.88
2013.04.08 04:12:00.020,1.05462,1.05486,2.40,1.50
2013.04.08 04:12:00.529,1.0546,1.0548,2.97,1.50
2013.04.08 04:12:01.749,1.0546,1.05478,1.65,1.50
2013.04.08 04:12:02.317,1.05461,1.05478,1.50,1.50
2013.04.08 04:12:02.658,1.05459,1.05483,1.28,2.03
2013.04.08 04:12:02.778,1.05464,1.0549,2.93,1.50
2013.04.08 04:12:06.898,1.05466,1.05486,1.47,1.50
2013.04.08 04:12:06.960,1.05466,1.05488,2.22,1.50
2013.04.08 04:12:07.476,1.05468,1.05486,1.65,1.50
2013.04.08 04:12:09.209,1.05468,1.05489,1.65,1.50
2013.04.08 04:12:09.858,1.05469,1.05489,2.03,1.50
2013.04.08 04:12:10.038,1.05469,1.05489,2.03,1.50
2013.04.08 04:12:10.560,1.05469,1.05493,1.65,1.13
2013.04.08 04:12:11.448,1.05469,1.05489,2.03,1.50
2013.04.08 04:12:17.688,1.0547,1.05489,1.28,1.50
2013.04.08 04:12:17.930,1.05471,1.05491,1.47,1.13
2013.04.08 04:12:18.049,1.05473,1.05491,1.65,1.13
2013.04.08 04:12:22.928,1.0548,1.05497,1.65,1.50
2013.04.08 04:12:23.689,1.0548,1.05496,1.65,1.50
2013.04.08 04:12:23.818,1.05476,1.05496,2.07,1.50
2013.04.08 04:12:23.878,1.05476,1.05493,2.07,1.50
2013.04.08 04:12:24.239,1.0547,1.05493,3.90,2.25
2013.04.08 04:12:24.419,1.05467,1.05488,1.84,1.13
2013.04.08 04:12:24.538,1.05465,1.05488,1.47,1.13
2013.04.08 04:12:25.089,1.05467,1.05485,1.09,1.50
2013.04.08 04:12:25.269,1.05467,1.05488,1.13,1.88
2013.04.08 04:12:25.329,1.05468,1.05488,1.99,1.88
2013.04.08 04:12:25.449,1.05469,1.05488,1.65,1.13
2013.04.08 04:12:25.751,1.05472,1.05489,1.65,1.50
2013.04.08 04:12:25.819,1.05472,1.05492,1.65,1.50
2013.04.08 04:12:26.000,1.05475,1.05492,1.43,1.50
2013.04.08 04:12:26.069,1.05475,1.05496,1.99,1.50
2013.04.08 04:12:26.128,1.05477,1.05496,1.09,1.50
2013.04.08 04:12:26.188,1.05477,1.05496,1.09,1.50
2013.04.08 04:12:27.169,1.05476,1.05494,1.47,1.50
2013.04.08 04:12:30.159,1.05475,1.05493,2.03,1.50
2013.04.08 04:12:30.408,1.05471,1.05489,1.32,1.50
2013.04.08 04:12:30.469,1.05469,1.05489,2.59,1.50
2013.04.08 04:12:30.799,1.05468,1.05489,1.84,1.50
2013.04.08 04:12:31.540,1.05468,1.05485,1.32,1.50
2013.04.08 04:12:32.378,1.05466,1.05483,1.50,1.50
2013.04.08 04:12:33.180,1.05463,1.05485,2.03,1.50
2013.04.08 04:12:33.728,1.05465,1.05485,2.03,1.50
2013.04.08 04:12:33.790,1.05465,1.05488,2.40,1.13
2013.04.08 04:12:34.088,1.05469,1.05492,1.47,1.50
2013.04.08 04:12:34.329,1.0547,1.05495,1.47,2.63
2013.04.08 04:12:35.193,1.05471,1.05494,2.03,1.50
2013.04.08 04:12:36.419,1.05473,1.05493,1.09,1.50
2013.04.08 04:12:36.543,1.05472,1.05494,1.32,1.88
2013.04.08 04:12:36.670,1.0547,1.05494,1.32,2.63
2013.04.08 04:12:36.972,1.0547,1.05491,1.32,1.50
2013.04.08 04:12:37.289,1.05466,1.05488,4.65,1.50
2013.04.08 04:12:37.348,1.05466,1.05488,1.47,1.50
2013.04.08 04:12:38.301,1.05463,1.05484,1.50,1.50
2013.04.08 04:12:38.866,1.05463,1.05484,1.65,1.88
2013.04.08 04:12:40.359,1.05463,1.05483,1.65,1.13
2013.04.08 04:12:42.100,1.05461,1.05483,1.65,1.50
2013.04.08 04:12:42.342,1.05456,1.05479,1.65,1.88
2013.04.08 04:12:43.264,1.05456,1.05478,1.65,1.13
2013.04.08 04:12:43.332,1.05456,1.05478,1.50,1.13
2013.04.08 04:12:43.459,1.05453,1.05475,1.65,1.50
2013.04.08 04:12:43.980,1.0545,1.05473,2.25,1.50
2013.04.08 04:12:46.749,1.05451,1.05474,1.28,1.13
2013.04.08 04:12:46.870,1.05454,1.05477,2.40,1.50
2013.04.08 04:12:47.179,1.05458,1.05479,1.13,1.13
2013.04.08 04:12:47.239,1.05457,1.05479,1.65,1.13
2013.04.08 04:12:49.013,1.05458,1.05482,1.28,1.13
2013.04.08 04:12:52.059,1.05457,1.0548,1.88,1.50
2013.04.08 04:12:53.215,1.05457,1.05479,1.65,1.13
2013.04.08 04:12:53.461,1.05454,1.05478,1.13,1.50
2013.04.08 04:12:53.530,1.05453,1.05476,1.65,1.13
2013.04.08 04:12:56.109,1.05453,1.05476,1.65,1.13
2013.04.08 04:13:01.799,1.05455,1.05478,1.28,1.88
2013.04.08 04:13:02.119,1.05456,1.05479,1.65,1.88
2013.04.08 04:13:02.979,1.05456,1.05479,1.65,1.13
2013.04.08 04:13:10.610,1.05456,1.0548,1.50,1.88
2013.04.08 04:13:10.790,1.05456,1.0548,2.40,1.13
2013.04.08 04:13:10.910,1.05458,1.05483,1.65,1.13
2013.04.08 04:13:11.029,1.05459,1.05484,1.65,1.88
2013.04.08 04:13:11.329,1.05463,1.05487,2.25,1.50
2013.04.08 04:13:11.689,1.05463,1.05489,2.40,1.13
2013.04.08 04:13:13.034,1.05467,1.0549,1.50,1.69
2013.04.08 04:13:13.729,1.05467,1.0549,1.50,1.69
2013.04.08 04:13:13.930,1.05467,1.05491,1.50,1.88
2013.04.08 04:13:14.495,1.05467,1.05491,1.50,1.88
2013.04.08 04:13:15.790,1.05467,1.05491,1.50,2.03
2013.04.08 04:13:16.276,1.05469,1.05488,1.88,1.88
2013.04.08 04:13:16.581,1.05471,1.05492,1.88,2.03
2013.04.08 04:13:16.711,1.05472,1.05495,1.47,1.13
2013.04.08 04:13:16.839,1.05472,1.05495,1.50,1.28
2013.04.08 04:13:16.901,1.05472,1.05495,1.50,1.50
2013.04.08 04:13:17.509,1.05469,1.05494,2.25,1.32
2013.04.08 04:13:17.988,1.05467,1.05492,1.50,1.65
2013.04.08 04:13:19.049,1.05467,1.05491,1.50,2.03
2013.04.08 04:13:19.373,1.05472,1.05491,1.65,1.13
2013.04.08 04:13:19.499,1.05472,1.05494,1.65,1.13
2013.04.08 04:13:21.271,1.0547,1.05492,1.50,1.88
2013.04.08 04:13:25.229,1.05472,1.05492,1.47,1.88
2013.04.08 04:13:25.349,1.05472,1.05493,2.22,1.13
2013.04.08 04:13:25.469,1.0547,1.05493,1.69,1.88
2013.04.08 04:13:25.650,1.0547,1.05495,1.84,1.13
2013.04.08 04:13:26.607,1.0547,1.05494,1.84,1.88
2013.04.08 04:13:30.358,1.0547,1.05492,1.84,1.13
2013.04.08 04:13:31.221,1.05472,1.05491,1.47,1.13
2013.04.08 04:13:31.293,1.05472,1.05493,2.22,1.88
2013.04.08 04:13:31.811,1.05471,1.05491,1.84,1.13
2013.04.08 04:13:32.122,1.05471,1.05494,1.69,1.13
2013.04.08 04:13:32.869,1.05471,1.05495,1.09,1.13
2013.04.08 04:13:33.904,1.05471,1.05493,1.50,1.13
2013.04.08 04:13:34.749,1.05471,1.05494,1.50,1.13
2013.04.08 04:13:35.271,1.05471,1.05494,1.65,1.88
2013.04.08 04:13:35.819,1.05472,1.05494,2.07,1.13
2013.04.08 04:13:35.939,1.05472,1.05494,1.32,1.13
2013.04.08 04:13:36.849,1.05472,1.05496,2.22,1.13
2013.04.08 04:13:36.909,1.05472,1.05496,2.22,1.88
2013.04.08 04:13:38.599,1.05472,1.05493,1.47,1.50
2013.04.08 04:13:38.720,1.05467,1.05492,2.25,1.50
2013.04.08 04:13:38.900,1.05468,1.05492,1.65,1.50
2013.04.08 04:13:38.961,1.05471,1.05494,1.65,2.63
2013.04.08 04:13:40.190,1.05473,1.05496,2.40,1.13
2013.04.08 04:13:43.470,1.05473,1.05493,1.47,1.13
2013.04.08 04:13:43.530,1.05469,1.05492,2.40,1.13
2013.04.08 04:13:43.709,1.05467,1.05492,1.50,1.88
2013.04.08 04:13:43.771,1.05466,1.05491,2.40,1.88
2013.04.08 04:13:43.949,1.05461,1.05487,3.72,1.88
2013.04.08 04:13:44.489,1.05461,1.05486,1.65,1.69
2013.04.08 04:13:44.610,1.05459,1.05484,1.13,1.50
2013.04.08 04:13:44.969,1.05458,1.05482,3.15,1.50
2013.04.08 04:13:45.330,1.05464,1.05482,1.50,1.50
2013.04.08 04:13:45.570,1.05466,1.05488,1.47,1.50
2013.04.08 04:13:46.110,1.05467,1.05488,2.59,1.50
2013.04.08 04:13:46.832,1.05468,1.05488,1.65,1.50
2013.04.08 04:13:47.613,1.0547,1.05492,2.40,1.50
2013.04.08 04:13:49.349,1.05469,1.05494,2.40,1.50
2013.04.08 04:13:52.160,1.05468,1.05492,3.15,1.13
2013.04.08 04:13:52.220,1.05468,1.05491,2.25,1.13
2013.04.08 04:13:52.339,1.05466,1.05489,1.09,1.50
2013.04.08 04:13:52.519,1.05466,1.05489,1.09,1.50
2013.04.08 04:13:53.421,1.05465,1.05486,2.44,1.50
2013.04.08 04:13:55.591,1.05464,1.05486,2.59,1.50
2013.04.08 04:13:55.950,1.05459,1.05483,2.59,1.50
2013.04.08 04:13:56.139,1.05455,1.0548,2.07,1.50
2013.04.08 04:13:56.451,1.05451,1.05477,2.03,1.13
2013.04.08 04:13:56.520,1.05451,1.05476,1.28,1.13
2013.04.08 04:13:56.879,1.05449,1.05472,1.13,1.88
2013.04.08 04:13:58.001,1.05447,1.05469,1.84,1.50
2013.04.08 04:13:58.059,1.05447,1.05469,1.84,1.50
2013.04.08 04:13:58.299,1.0545,1.05474,1.09,1.13
2013.04.08 04:13:58.360,1.05452,1.05477,3.00,1.50
2013.04.08 04:13:58.662,1.05455,1.05479,2.59,1.50
2013.04.08 04:13:58.791,1.05455,1.0548,1.47,1.13
2013.04.08 04:13:59.281,1.05456,1.05479,1.32,1.50
2013.04.08 04:13:59.410,1.05455,1.05476,1.47,1.50
2013.04.08 04:14:00.590,1.05455,1.05478,1.47,1.13
2013.04.08 04:14:00.662,1.05455,1.05478,1.47,1.13
2013.04.08 04:14:01.470,1.05455,1.05477,1.84,1.50
2013.04.08 04:14:01.954,1.05453,1.05474,1.50,1.50
2013.04.08 04:14:02.022,1.0545,1.05474,2.82,1.50
2013.04.08 04:14:02.089,1.0545,1.05474,1.50,1.50
2013.04.08 04:14:02.532,1.05448,1.05472,1.84,1.50
2013.04.08 04:14:04.009,1.05444,1.05465,1.62,1.50
2013.04.08 04:14:04.190,1.05442,1.05464,1.84,1.50
2013.04.08 04:14:04.493,1.0544,1.05461,1.47,1.50
2013.04.08 04:14:04.560,1.0544,1.05461,1.13,1.50
2013.04.08 04:14:04.680,1.05438,1.05458,1.47,1.13
2013.04.08 04:14:05.231,1.05434,1.05455,1.13,1.13
2013.04.08 04:14:05.300,1.05433,1.05455,1.47,1.13
2013.04.08 04:14:05.659,1.0543,1.05454,1.47,1.50
2013.04.08 04:14:08.270,1.05428,1.05451,1.47,1.88
2013.04.08 04:14:08.401,1.05428,1.05451,1.84,1.13
2013.04.08 04:14:08.470,1.0543,1.05453,1.65,1.88
2013.04.08 04:14:08.590,1.05432,1.05453,1.13,1.88
2013.04.08 04:14:11.331,1.05433,1.05456,2.07,1.50
2013.04.08 04:14:15.641,1.05437,1.05458,1.32,1.13
2013.04.08 04:14:16.280,1.05432,1.05453,1.50,1.13
2013.04.08 04:14:16.340,1.05429,1.05453,1.65,1.88
2013.04.08 04:14:16.460,1.05428,1.05453,2.07,1.88
2013.04.08 04:14:16.964,1.05425,1.05448,1.47,1.13
2013.04.08 04:14:17.119,1.05425,1.05448,1.47,1.13
2013.04.08 04:14:17.588,1.05425,1.05448,1.47,1.13
2013.04.08 04:14:18.181,1.05427,1.05448,1.09,1.13
2013.04.08 04:14:18.250,1.05425,1.05448,1.47,1.13
2013.04.08 04:14:20.209,1.05425,1.05446,1.47,1.13
2013.04.08 04:14:20.799,1.05424,1.05446,2.22,1.13
2013.04.08 04:14:20.860,1.05424,1.05446,2.22,1.13
2013.04.08 04:14:21.229,1.05425,1.05446,1.09,1.13
2013.04.08 04:14:21.749,1.05427,1.05448,1.50,1.88
2013.04.08 04:14:22.170,1.05425,1.05448,1.09,1.13
2013.04.08 04:14:22.671,1.05425,1.05449,1.09,1.88
2013.04.08 04:14:22.741,1.05425,1.05447,1.09,1.13
2013.04.08 04:14:22.809,1.05428,1.05449,1.50,1.88
2013.04.08 04:14:22.869,1.05428,1.05451,1.50,1.13
2013.04.08 04:14:22.930,1.05428,1.05451,1.80,1.13
2013.04.08 04:14:23.289,1.05428,1.05453,1.65,1.50
2013.04.08 04:14:23.349,1.0543,1.05454,1.65,1.13
2013.04.08 04:14:24.379,1.05437,1.05461,2.40,1.13
2013.04.08 04:14:24.760,1.0544,1.05464,2.07,1.50
2013.04.08 04:14:25.022,1.05441,1.05464,1.09,1.50
2013.04.08 04:14:25.840,1.05441,1.05464,1.09,1.50
2013.04.08 04:14:26.189,1.0544,1.05463,2.22,1.13
2013.04.08 04:14:27.839,1.05438,1.05462,3.34,1.50
2013.04.08 04:14:28.396,1.05438,1.05462,3.34,1.50
2013.04.08 04:14:29.159,1.05438,1.05461,1.50,1.50
2013.04.08 04:14:30.470,1.05437,1.05459,2.74,1.50
2013.04.08 04:14:30.829,1.05441,1.05464,1.65,1.50
2013.04.08 04:14:33.449,1.0544,1.05464,1.65,1.50
2013.04.08 04:14:33.630,1.05439,1.0546,1.50,1.13
2013.04.08 04:14:33.929,1.05433,1.05455,1.32,1.13
2013.04.08 04:14:34.549,1.05433,1.05455,1.13,1.88
2013.04.08 04:14:34.848,1.05433,1.05455,1.84,1.50
2013.04.08 04:14:35.210,1.05433,1.05459,3.34,2.63
2013.04.08 04:14:36.551,1.05436,1.05459,1.09,1.50
2013.04.08 04:14:37.065,1.05436,1.05459,1.84,2.25
2013.04.08 04:14:38.681,1.05437,1.05458,2.78,1.50
2013.04.08 04:14:38.750,1.05438,1.05463,1.13,2.63
2013.04.08 04:14:39.729,1.05438,1.05463,1.13,2.63
2013.04.08 04:14:40.233,1.0544,1.05463,1.50,2.25
2013.04.08 04:14:40.364,1.05442,1.05464,1.65,1.50
2013.04.08 04:14:40.432,1.05447,1.05466,1.50,2.25
2013.04.08 04:14:40.680,1.05448,1.05471,1.65,1.50
2013.04.08 04:14:40.739,1.0545,1.05472,1.13,2.25
2013.04.08 04:14:40.920,1.0545,1.05475,1.13,2.07
2013.04.08 04:14:41.361,1.05449,1.05475,1.65,2.82
2013.04.08 04:14:41.600,1.05448,1.05469,1.65,1.50
2013.04.08 04:14:42.050,1.05448,1.05467,1.65,1.50
2013.04.08 04:14:42.130,1.05448,1.05467,1.50,1.50
2013.04.08 04:14:42.249,1.05445,1.05465,1.65,1.32
2013.04.08 04:14:42.369,1.05442,1.05464,1.65,1.69
2013.04.08 04:14:43.340,1.05444,1.05466,3.15,1.13
2013.04.08 04:14:43.641,1.05449,1.0547,2.25,1.50
2013.04.08 04:14:43.759,1.05453,1.05472,1.28,1.50
2013.04.08 04:14:43.999,1.05451,1.05472,1.28,1.50
2013.04.08 04:14:44.690,1.05447,1.05472,2.03,1.50
2013.04.08 04:14:46.033,1.05448,1.05472,1.65,1.50
2013.04.08 04:14:46.114,1.05448,1.05473,1.28,2.07
2013.04.08 04:14:46.430,1.0545,1.05474,1.13,1.50
2013.04.08 04:14:46.731,1.05451,1.05474,1.65,1.32
2013.04.08 04:14:47.379,1.05448,1.05473,1.28,1.69
2013.04.08 04:14:48.109,1.05448,1.05473,1.28,1.69
2013.04.08 04:14:53.360,1.05447,1.05473,4.50,1.69
2013.04.08 04:14:53.420,1.05454,1.05473,2.40,1.50
2013.04.08 04:14:53.599,1.05457,1.05481,2.03,1.50
2013.04.08 04:14:53.780,1.05457,1.05481,2.03,1.50
2013.04.08 04:14:55.229,1.05457,1.05479,1.50,1.50
2013.04.08 04:14:55.472,1.05462,1.05482,2.40,1.50
2013.04.08 04:14:55.540,1.05462,1.05483,1.28,1.50
2013.04.08 04:14:55.660,1.0546,1.05478,1.09,1.50
2013.04.08 04:14:56.610,1.05457,1.05478,1.28,1.50
2013.04.08 04:14:56.669,1.05454,1.05478,1.50,1.50
2013.04.08 04:14:56.969,1.05452,1.05475,2.10,2.25
2013.04.08 04:14:57.030,1.05452,1.05473,1.35,1.50
2013.04.08 04:14:57.104,1.05451,1.05472,1.32,1.50
2013.04.08 04:14:57.470,1.05446,1.05468,1.65,1.50
2013.04.08 04:14:57.709,1.05447,1.05468,1.28,1.50
2013.04.08 04:14:59.410,1.05447,1.05471,1.28,2.07
2013.04.08 04:15:01.832,1.05446,1.05469,3.53,1.50
2013.04.08 04:15:02.440,1.05455,1.05471,1.13,1.50
2013.04.08 04:15:02.619,1.05452,1.05476,1.88,1.50
2013.04.08 04:15:03.169,1.05453,1.05474,1.65,1.50
2013.04.08 04:15:04.299,1.0545,1.05474,2.85,1.50
2013.04.08 04:15:05.941,1.0545,1.05474,2.63,2.07
2013.04.08 04:15:06.010,1.0545,1.0547,1.50,1.50
2013.04.08 04:15:06.539,1.05447,1.05468,1.28,1.50
2013.04.08 04:15:09.562,1.05445,1.05468,2.40,1.50
2013.04.08 04:15:09.750,1.05444,1.05467,1.09,1.50
2013.04.08 04:15:09.810,1.05442,1.05466,1.65,1.50
2013.04.08 04:15:09.930,1.05437,1.0546,1.65,1.50
2013.04.08 04:15:10.480,1.05439,1.05458,1.65,1.50
2013.04.08 04:15:11.680,1.05441,1.05462,2.78,1.32
2013.04.08 04:15:12.203,1.05443,1.05468,3.38,1.13
2013.04.08 04:15:12.449,1.05447,1.05468,1.65,1.13
2013.04.08 04:15:16.499,1.05445,1.05469,1.28,2.82
2013.04.08 04:15:18.750,1.0545,1.05469,1.13,1.50
2013.04.08 04:15:18.869,1.0545,1.0547,1.13,1.13
2013.04.08 04:15:18.930,1.05451,1.0547,1.13,1.13
2013.04.08 04:15:18.990,1.05451,1.05474,2.03,1.88
2013.04.08 04:15:19.169,1.05456,1.05476,2.03,1.13
2013.04.08 04:15:19.469,1.05461,1.05478,1.13,1.13
2013.04.08 04:15:19.529,1.05461,1.05482,1.13,1.50
2013.04.08 04:15:19.649,1.05459,1.05481,1.50,1.50
2013.04.08 04:15:19.709,1.05458,1.05481,1.28,1.50
2013.04.08 04:15:19.949,1.05456,1.05481,1.84,1.50
2013.04.08 04:15:20.130,1.05456,1.05477,1.47,1.13
2013.04.08 04:15:20.489,1.05452,1.05474,1.65,1.50
2013.04.08 04:15:24.722,1.05457,1.05477,1.65,1.50
2013.04.08 04:15:24.971,1.05456,1.0548,3.34,1.50
2013.04.08 04:15:25.639,1.0546,1.05482,1.65,1.13
2013.04.08 04:15:26.130,1.05461,1.05484,1.65,1.50
2013.04.08 04:15:27.287,1.05463,1.05486,1.13,1.50
2013.04.08 04:15:30.779,1.05463,1.05488,1.13,1.50
2013.04.08 04:15:31.021,1.05466,1.05488,1.13,1.50
2013.04.08 04:15:38.409,1.05466,1.05489,1.65,2.44
2013.04.08 04:15:39.250,1.05465,1.05488,1.28,1.50
2013.04.08 04:15:42.599,1.05463,1.05488,1.13,1.50
2013.04.08 04:15:54.509,1.05464,1.05484,1.13,1.13
2013.04.08 04:16:00.850,1.05464,1.05483,1.13,1.88
2013.04.08 04:16:04.970,1.05461,1.05483,1.65,3.00
2013.04.08 04:16:05.030,1.05461,1.05482,1.65,1.50
2013.04.08 04:16:05.389,1.05455,1.05478,1.65,2.25
2013.04.08 04:16:05.509,1.05455,1.05478,1.65,2.25
2013.04.08 04:16:05.819,1.05453,1.05477,1.13,1.50
2013.04.08 04:16:06.189,1.05455,1.05477,1.28,1.50
2013.04.08 04:16:06.370,1.05457,1.05476,1.84,1.13
2013.04.08 04:16:06.850,1.05457,1.05475,1.13,1.13
2013.04.08 04:16:06.909,1.05456,1.05474,1.43,1.13
2013.04.08 04:16:07.030,1.05452,1.05474,3.00,1.13
2013.04.08 04:16:07.390,1.05453,1.05474,1.43,1.88
2013.04.08 04:16:07.810,1.05452,1.05468,2.03,1.13
2013.04.08 04:16:08.754,1.05451,1.05468,3.15,1.13
2013.04.08 04:16:09.849,1.05451,1.05468,2.78,1.13
2013.04.08 04:16:09.969,1.05451,1.05468,1.65,1.13
2013.04.08 04:16:10.509,1.0545,1.05469,1.65,1.13
2013.04.08 04:16:10.889,1.05446,1.05466,3.75,1.13
2013.04.08 04:16:11.310,1.05444,1.05466,1.65,1.13
2013.04.08 04:16:11.431,1.05443,1.05466,2.07,1.13
2013.04.08 04:16:11.490,1.05443,1.05459,1.50,1.13
2013.04.08 04:16:11.549,1.05439,1.05459,1.65,1.13
2013.04.08 04:16:13.029,1.05439,1.05457,1.65,1.13
2013.04.08 04:16:13.399,1.05436,1.05457,1.50,1.32
2013.04.08 04:16:13.822,1.05436,1.05457,1.13,1.32
2013.04.08 04:16:15.729,1.05437,1.05458,1.50,1.13
2013.04.08 04:16:25.607,1.05439,1.05462,1.65,1.50
2013.04.08 04:16:25.801,1.05439,1.05462,1.65,1.50
2013.04.08 04:16:27.879,1.0544,1.05463,1.28,2.25
2013.04.08 04:16:28.121,1.05447,1.05466,1.13,1.50
2013.04.08 04:16:28.239,1.05447,1.0547,1.50,2.44
2013.04.08 04:16:28.479,1.05447,1.0547,1.50,1.32
2013.04.08 04:16:28.790,1.05446,1.0547,1.80,1.50
2013.04.08 04:16:32.259,1.05447,1.0547,1.50,1.50
2013.04.08 04:16:43.948,1.05447,1.0547,1.50,1.50
2013.04.08 04:16:44.070,1.05451,1.05471,1.50,1.13
2013.04.08 04:16:44.129,1.05452,1.05474,1.65,1.88
2013.04.08 04:16:44.399,1.05452,1.05474,1.65,1.88
2013.04.08 04:17:00.660,1.05452,1.05474,2.40,1.88
2013.04.08 04:17:05.649,1.05457,1.05474,1.43,1.50
2013.04.08 04:17:05.829,1.05457,1.05478,2.03,2.25
2013.04.08 04:17:05.890,1.05454,1.05478,3.15,2.25
2013.04.08 04:17:06.010,1.05457,1.05478,1.50,2.25
2013.04.08 04:17:06.261,1.05457,1.05478,1.28,1.88
2013.04.08 04:17:06.321,1.05456,1.05478,1.65,1.88
2013.04.08 04:17:07.139,1.05456,1.05478,1.65,1.50
2013.04.08 04:17:10.770,1.05457,1.05476,1.65,1.13
2013.04.08 04:17:10.950,1.0546,1.0548,1.69,2.25
2013.04.08 04:17:11.069,1.0546,1.0548,1.69,1.50
2013.04.08 04:17:11.875,1.0546,1.0548,1.69,1.50
2013.04.08 04:17:12.602,1.0546,1.0548,1.47,1.50
2013.04.08 04:17:12.680,1.05457,1.05479,1.09,3.00
2013.04.08 04:17:12.751,1.05457,1.05476,1.09,1.13
2013.04.08 04:17:13.059,1.05457,1.05476,2.22,1.13
2013.04.08 04:17:13.690,1.05455,1.05475,1.50,1.13
2013.04.08 04:17:13.931,1.05455,1.05472,1.13,1.13
2013.04.08 04:17:13.990,1.05452,1.05472,1.13,1.13
2013.04.08 04:17:14.050,1.05451,1.05472,1.65,1.13
2013.04.08 04:17:15.529,1.05452,1.05471,1.50,1.13
2013.04.08 04:17:16.529,1.05451,1.05471,1.65,2.25
2013.04.08 04:17:17.799,1.05451,1.0547,1.28,1.50
2013.04.08 04:17:17.920,1.05449,1.0547,2.22,1.50
2013.04.08 04:17:19.380,1.05451,1.0547,1.65,1.50
2013.04.08 04:17:30.551,1.05451,1.05468,1.43,1.50
2013.04.08 04:17:30.683,1.05451,1.05468,1.65,1.50
2013.04.08 04:17:32.200,1.05451,1.05468,1.43,1.13
2013.04.08 04:17:32.319,1.05451,1.05468,1.65,1.13
2013.04.08 04:17:32.741,1.0545,1.05468,1.65,1.13
2013.04.08 04:17:33.101,1.05455,1.05474,2.78,1.88
2013.04.08 04:17:33.221,1.05455,1.05474,1.13,3.38
2013.04.08 04:17:33.781,1.05455,1.05474,1.47,1.88
2013.04.08 04:17:44.300,1.05455,1.05472,1.47,1.50
2013.04.08 04:17:44.830,1.05455,1.05473,1.47,1.50
2013.04.08 04:17:45.131,1.05456,1.05473,2.22,1.50
2013.04.08 04:17:45.490,1.05458,1.05477,1.69,1.50
2013.04.08 04:17:50.004,1.05459,1.05477,2.22,1.50
2013.04.08 04:17:50.250,1.05457,1.05478,1.65,2.25
2013.04.08 04:17:50.370,1.05456,1.05473,1.50,1.13
2013.04.08 04:17:50.850,1.05459,1.05474,1.05,1.88
2013.04.08 04:17:51.151,1.05463,1.05479,1.13,1.88
2013.04.08 04:17:51.270,1.05461,1.05479,1.65,1.88
2013.04.08 04:17:51.570,1.05459,1.05479,1.65,1.88
2013.04.08 04:17:55.330,1.05459,1.05477,1.09,1.13
2013.04.08 04:18:03.049,1.05459,1.05478,1.09,1.50
2013.04.08 04:18:04.000,1.0546,1.05478,1.47,1.50
2013.04.08 04:18:04.900,1.0546,1.05479,1.47,1.13
2013.04.08 04:18:05.199,1.05462,1.05478,2.07,1.13
2013.04.08 04:18:10.150,1.05462,1.05482,3.57,1.88
2013.04.08 04:18:10.390,1.05467,1.05482,1.65,1.88
2013.04.08 04:18:10.691,1.05471,1.05487,1.47,1.50
2013.04.08 04:18:10.749,1.05471,1.05489,1.47,2.25
2013.04.08 04:18:11.900,1.05471,1.05488,1.32,1.50
2013.04.08 04:18:12.989,1.05469,1.05488,1.47,1.88
2013.04.08 04:18:14.040,1.05469,1.05488,1.47,1.88
2013.04.08 04:18:14.601,1.0547,1.05488,1.32,1.50
2013.04.08 04:18:14.961,1.05478,1.05494,1.47,1.13
2013.04.08 04:18:15.320,1.05478,1.05494,2.25,1.13
2013.04.08 04:18:15.860,1.05482,1.05495,1.32,1.13
2013.04.08 04:18:15.922,1.05482,1.05497,1.32,1.50
2013.04.08 04:18:16.111,1.05477,1.05498,2.40,1.50
2013.04.08 04:18:16.782,1.05478,1.05498,2.59,1.50
2013.04.08 04:18:17.955,1.05479,1.05497,1.47,1.13
2013.04.08 04:18:18.391,1.05479,1.05495,1.32,1.50
2013.04.08 04:18:18.750,1.05476,1.05491,3.75,1.13
2013.04.08 04:18:18.931,1.05472,1.05491,1.32,1.13
2013.04.08 04:18:19.180,1.05469,1.05488,1.32,1.50
2013.04.08 04:18:20.300,1.05468,1.05486,3.90,1.13
2013.04.08 04:18:20.360,1.05467,1.05486,2.97,1.13
2013.04.08 04:18:20.420,1.05467,1.05486,3.19,1.13
2013.04.08 04:18:22.049,1.0547,1.05488,1.84,1.13
2013.04.08 04:18:23.841,1.05472,1.05491,1.47,1.88
2013.04.08 04:18:24.150,1.05472,1.0549,1.47,1.13
2013.04.08 04:18:26.432,1.05468,1.05488,2.37,1.88
2013.04.08 04:18:27.150,1.05469,1.05488,1.09,1.13
2013.04.08 04:18:27.271,1.05476,1.05489,3.75,1.13
2013.04.08 04:18:27.461,1.05476,1.05493,6.38,1.13
2013.04.08 04:18:27.526,1.05476,1.05494,6.38,1.13
2013.04.08 04:18:27.772,1.05478,1.05499,1.28,1.88
2013.04.08 04:18:27.960,1.05475,1.05499,1.09,1.88
2013.04.08 04:18:28.020,1.05476,1.05499,1.50,2.44
2013.04.08 04:18:28.441,1.05473,1.05496,1.09,1.69
2013.04.08 04:18:28.802,1.05471,1.05492,1.65,1.32
2013.04.08 04:18:29.330,1.05471,1.05493,1.65,1.13
2013.04.08 04:18:29.700,1.05471,1.05494,3.15,1.50
2013.04.08 04:18:30.630,1.0548,1.05497,2.25,1.88
2013.04.08 04:18:30.940,1.0548,1.05499,1.50,1.88
2013.04.08 04:18:32.302,1.0548,1.05499,1.32,1.13
2013.04.08 04:18:32.973,1.05483,1.05499,1.47,1.50
2013.04.08 04:18:33.541,1.05483,1.05503,3.72,2.63
2013.04.08 04:18:33.780,1.05485,1.05503,1.50,1.13
2013.04.08 04:18:35.150,1.05485,1.05501,1.50,1.50
2013.04.08 04:18:41.439,1.05482,1.05501,1.50,1.50
2013.04.08 04:18:41.859,1.05478,1.05499,1.65,1.13
2013.04.08 04:18:44.300,1.05478,1.05496,1.50,1.13
2013.04.08 04:18:51.201,1.05478,1.05497,1.50,1.13
2013.04.08 04:18:52.464,1.0548,1.05497,1.47,1.13
2013.04.08 04:18:54.310,1.0548,1.05493,1.32,1.50
2013.04.08 04:18:55.930,1.05478,1.05493,1.50,1.50
2013.04.08 04:18:55.991,1.05478,1.05493,1.50,1.50
2013.04.08 04:18:56.110,1.05474,1.05493,1.47,1.50
2013.04.08 04:18:56.171,1.05475,1.05493,1.09,1.50
2013.04.08 04:18:56.733,1.05477,1.05494,1.65,1.50
2013.04.08 04:19:04.292,1.05474,1.05494,1.50,1.88
2013.04.08 04:19:04.359,1.05467,1.05488,1.54,1.88
2013.04.08 04:19:04.600,1.05466,1.05487,1.69,1.13
2013.04.08 04:19:07.750,1.05467,1.05489,2.82,1.88
2013.04.08 04:19:09.868,1.05475,1.05489,2.22,1.50
2013.04.08 04:19:09.931,1.05476,1.05491,1.47,1.13
2013.04.08 04:19:10.110,1.05477,1.05499,1.47,2.40
2013.04.08 04:19:10.291,1.05477,1.05499,3.19,1.88
2013.04.08 04:19:10.630,1.0548,1.05499,2.40,1.88
2013.04.08 04:19:10.690,1.0548,1.055,2.40,1.13
2013.04.08 04:19:10.931,1.05481,1.055,3.15,1.13
2013.04.08 04:19:11.111,1.05486,1.05508,1.47,1.13
2013.04.08 04:19:11.350,1.05488,1.05507,2.07,1.13
2013.04.08 04:19:11.829,1.05488,1.0551,2.07,1.13
2013.04.08 04:19:12.340,1.05488,1.0551,3.94,1.13
2013.04.08 04:19:15.873,1.05488,1.05508,3.94,1.13
2013.04.08 04:19:19.181,1.05488,1.05507,2.07,1.13
2013.04.08 04:19:21.490,1.05491,1.05508,2.44,1.13
2013.04.08 04:19:22.295,1.05491,1.05509,2.44,1.88
2013.04.08 04:19:22.799,1.05489,1.05509,1.28,1.88
2013.04.08 04:19:24.099,1.05488,1.05509,3.79,1.88
2013.04.08 04:19:38.660,1.0549,1.05508,1.47,1.13
2013.04.08 04:19:41.679,1.0549,1.05509,1.47,1.88
2013.04.08 04:19:46.311,1.0549,1.05508,1.47,1.13
2013.04.08 04:19:46.620,1.05488,1.05504,1.54,1.13
2013.04.08 04:19:47.741,1.05487,1.05504,1.32,1.13
2013.04.08 04:19:53.079,1.05487,1.05505,1.32,1.88
2013.04.08 04:19:54.731,1.05488,1.05505,1.69,1.88
2013.04.08 04:19:56.901,1.05488,1.05505,1.69,1.13
2013.04.08 04:19:56.985,1.05489,1.05505,1.32,1.13
2013.04.08 04:19:57.290,1.05491,1.05508,2.82,2.63
2013.04.08 04:19:57.711,1.05494,1.05508,1.13,2.63
2013.04.08 04:19:58.011,1.05498,1.05518,2.44,1.88
2013.04.08 04:19:58.590,1.055,1.05518,1.09,1.13
2013.04.08 04:19:59.390,1.05499,1.05518,1.69,1.88
2013.04.08 04:19:59.569,1.05498,1.05514,1.17,1.50
2013.04.08 04:20:02.140,1.05496,1.05514,1.69,1.50
2013.04.08 04:20:02.261,1.05496,1.05512,1.69,1.88
2013.04.08 04:20:02.681,1.05493,1.0551,2.85,1.50
2013.04.08 04:20:02.761,1.05492,1.0551,1.32,1.88
2013.04.08 04:20:03.060,1.05489,1.05509,1.65,1.50
2013.04.08 04:20:04.101,1.05488,1.05509,1.09,1.50
2013.04.08 04:20:08.175,1.05488,1.05506,1.09,1.13
2013.04.08 04:20:08.359,1.05485,1.05504,1.17,1.88
2013.04.08 04:20:08.419,1.05485,1.05504,1.17,1.88
2013.04.08 04:20:08.494,1.05484,1.05504,2.03,1.88
2013.04.08 04:20:09.292,1.05484,1.055,2.03,1.88
2013.04.08 04:20:17.872,1.05484,1.055,1.09,1.13
2013.04.08 04:20:26.222,1.05482,1.055,1.50,1.50
2013.04.08 04:20:26.530,1.05487,1.05503,1.65,1.50
2013.04.08 04:20:26.770,1.05484,1.05503,4.54,1.50
2013.04.08 04:20:27.509,1.05482,1.055,1.28,1.50
2013.04.08 04:20:28.035,1.0548,1.055,2.40,1.50
2013.04.08 04:20:28.161,1.05478,1.05502,2.25,1.50
2013.04.08 04:20:28.221,1.05478,1.05499,2.25,1.13
2013.04.08 04:20:41.445,1.0548,1.055,1.65,1.13
2013.04.08 04:20:47.342,1.05477,1.05496,1.47,1.50
2013.04.08 04:20:47.413,1.05474,1.05495,1.50,1.50
2013.04.08 04:20:47.480,1.05473,1.05495,1.50,1.50
2013.04.08 04:20:47.600,1.0547,1.0549,1.84,1.13
2013.04.08 04:20:47.909,1.0547,1.05489,1.09,1.50
2013.04.08 04:20:48.332,1.05473,1.0549,1.65,1.13
2013.04.08 04:20:48.460,1.05472,1.05491,2.25,1.13
2013.04.08 04:20:48.645,1.05472,1.05492,2.25,1.13
2013.04.08 04:20:49.480,1.05474,1.05492,2.07,1.13
2013.04.08 04:20:49.721,1.05475,1.05495,2.22,1.88
2013.04.08 04:20:54.582,1.05476,1.05495,1.32,1.88
2013.04.08 04:20:54.830,1.05473,1.05493,1.65,1.50
2013.04.08 04:20:54.892,1.05473,1.05493,1.65,1.50
2013.04.08 04:20:55.199,1.05471,1.05491,1.50,1.50
2013.04.08 04:20:55.380,1.05471,1.05489,1.28,1.50
2013.04.08 04:20:55.560,1.05471,1.05488,1.28,1.50
2013.04.08 04:20:56.181,1.05471,1.05486,1.28,1.50
2013.04.08 04:20:57.771,1.05471,1.05488,1.28,1.88
2013.04.08 04:20:58.221,1.0547,1.05486,1.69,1.13
2013.04.08 04:20:58.280,1.05466,1.05486,1.65,1.13
2013.04.08 04:20:58.462,1.05464,1.05484,1.13,1.50
2013.04.08 04:20:58.530,1.05463,1.05484,1.65,1.50
2013.04.08 04:20:59.216,1.05463,1.05484,1.65,1.50
2013.04.08 04:20:59.295,1.0546,1.05483,1.65,1.50
2013.04.08 04:20:59.600,1.05462,1.05479,1.13,1.50
2013.04.08 04:21:00.139,1.05462,1.0548,1.13,1.13
2013.04.08 04:21:04.679,1.0546,1.05481,1.65,1.13
2013.04.08 04:21:10.670,1.05461,1.0548,1.50,1.13
2013.04.08 04:21:16.380,1.05459,1.05484,1.05,1.88
2013.04.08 04:21:21.770,1.05458,1.0548,2.03,1.13
2013.04.08 04:21:22.180,1.05462,1.05482,1.13,1.88
2013.04.08 04:21:23.202,1.05462,1.05483,1.88,1.50
2013.04.08 04:21:41.560,1.05462,1.05483,1.50,1.13
2013.04.08 04:21:41.620,1.05462,1.05488,1.88,1.50
2013.04.08 04:21:41.861,1.0547,1.05489,1.50,1.13
2013.04.08 04:21:42.220,1.05472,1.05495,1.50,1.13
2013.04.08 04:21:42.400,1.05472,1.05495,1.50,1.13
2013.04.08 04:21:42.726,1.05472,1.05496,1.50,1.88
2013.04.08 04:21:42.790,1.05471,1.05496,1.65,1.88
2013.04.08 04:21:42.970,1.0547,1.05495,2.40,1.13
2013.04.08 04:21:50.090,1.0547,1.05493,2.03,1.13
2013.04.08 04:21:50.510,1.05468,1.05494,1.28,2.40
2013.04.08 04:21:50.930,1.05467,1.0549,1.65,1.50
2013.04.08 04:21:52.481,1.05467,1.0549,1.65,1.50
2013.04.08 04:21:52.720,1.05461,1.05485,2.63,1.50
2013.04.08 04:21:53.201,1.05461,1.05485,1.65,1.50
2013.04.08 04:21:53.261,1.05461,1.05485,1.50,1.50
2013.04.08 04:21:53.681,1.05461,1.05485,1.88,1.50
2013.04.08 04:21:53.760,1.05461,1.05485,2.78,1.50
2013.04.08 04:21:56.039,1.05461,1.05485,3.53,1.50
2013.04.08 04:21:57.039,1.05461,1.05485,3.53,1.50
2013.04.08 04:22:00.296,1.05461,1.05485,3.53,1.50
2013.04.08 04:22:01.559,1.05461,1.05485,3.15,1.50
2013.04.08 04:22:03.171,1.05461,1.05485,2.40,1.50
2013.04.08 04:22:03.723,1.05461,1.05485,2.40,1.88
2013.04.08 04:22:03.791,1.05461,1.05485,2.40,1.88
2013.04.08 04:22:04.043,1.05462,1.05483,1.28,1.50
2013.04.08 04:22:09.720,1.05462,1.05483,1.28,1.50
2013.04.08 04:22:16.903,1.05461,1.05484,2.03,1.13
2013.04.08 04:22:16.971,1.05462,1.05484,2.40,1.13
2013.04.08 04:22:17.101,1.05467,1.05487,1.13,1.50
2013.04.08 04:22:17.340,1.05467,1.05489,1.13,1.50
2013.04.08 04:22:17.982,1.05467,1.05489,1.13,1.50
2013.04.08 04:22:18.546,1.05467,1.05489,1.13,1.50
2013.04.08 04:22:18.882,1.05465,1.05484,1.50,1.50
2013.04.08 04:22:18.941,1.05461,1.05484,2.63,1.50
2013.04.08 04:22:19.401,1.05461,1.05484,2.63,1.50
2013.04.08 04:22:28.660,1.05462,1.05485,1.13,1.13
2013.04.08 04:22:28.904,1.05461,1.05484,1.50,1.50
2013.04.08 04:22:29.610,1.05466,1.05485,1.50,1.13
2013.04.08 04:22:32.150,1.05462,1.05483,1.88,1.50
2013.04.08 04:22:32.330,1.05462,1.05483,1.65,1.50
2013.04.08 04:22:40.410,1.05459,1.05479,1.65,1.50
2013.04.08 04:22:40.470,1.05456,1.05479,3.00,1.88
2013.04.08 04:22:40.652,1.05456,1.05479,3.00,1.88
2013.04.08 04:22:40.720,1.05456,1.05479,2.40,1.88
2013.04.08 04:22:41.021,1.05456,1.05474,1.50,1.50
2013.04.08 04:22:41.080,1.05456,1.05474,1.28,1.50
2013.04.08 04:22:49.951,1.05453,1.05474,1.65,1.50
2013.04.08 04:22:50.170,1.05453,1.05473,1.65,1.50
2013.04.08 04:22:52.500,1.05453,1.05471,1.28,1.13
2013.04.08 04:22:52.741,1.05447,1.05466,2.25,1.43
2013.04.08 04:22:52.803,1.05441,1.05466,1.88,2.97
2013.04.08 04:22:52.992,1.05439,1.05463,1.13,1.84
2013.04.08 04:22:53.120,1.05442,1.05463,1.13,1.50
2013.04.08 04:22:53.303,1.0544,1.05464,1.13,1.50
2013.04.08 04:22:53.432,1.05444,1.05466,1.28,1.32
2013.04.08 04:22:53.502,1.05445,1.05466,1.50,1.32
2013.04.08 04:22:54.640,1.05445,1.05469,1.50,2.07
2013.04.08 04:22:58.240,1.05445,1.05469,1.88,1.50
2013.04.08 04:22:58.889,1.05447,1.0547,1.50,1.50
2013.04.08 04:23:01.501,1.05448,1.05469,1.13,1.50
2013.04.08 04:23:01.691,1.05447,1.05469,1.28,1.50
2013.04.08 04:23:01.871,1.05445,1.05469,1.13,1.88
2013.04.08 04:23:02.051,1.05445,1.05468,1.13,1.50
2013.04.08 04:23:02.171,1.05443,1.05468,2.03,1.50
2013.04.08 04:23:02.566,1.05443,1.05468,2.03,1.50
2013.04.08 04:23:03.069,1.05441,1.05464,1.88,1.50
2013.04.08 04:23:03.370,1.05441,1.05462,1.50,1.50
2013.04.08 04:23:04.711,1.05441,1.05464,1.50,1.88
2013.04.08 04:23:04.891,1.05441,1.05464,2.40,1.88
2013.04.08 04:23:06.367,1.05441,1.05464,2.40,2.63
2013.04.08 04:23:08.651,1.05441,1.05462,1.50,1.88
2013.04.08 04:23:13.038,1.05441,1.05463,1.50,1.88
2013.04.08 04:23:13.638,1.05441,1.05463,1.50,1.50
2013.04.08 04:23:13.932,1.05441,1.05463,1.50,1.50
2013.04.08 04:23:16.240,1.05441,1.05463,1.50,1.88
2013.04.08 04:23:16.971,1.05441,1.05463,1.50,1.88
2013.04.08 04:23:18.425,1.05441,1.05461,1.50,1.50
2013.04.08 04:23:22.441,1.05441,1.05461,1.28,1.50
2013.04.08 04:23:22.620,1.0544,1.05462,1.80,1.13
2013.04.08 04:23:23.705,1.05439,1.05463,1.65,1.88
2013.04.08 04:23:25.260,1.05439,1.05462,1.65,1.13
2013.04.08 04:23:31.291,1.05439,1.05462,1.65,1.13
2013.04.08 04:23:31.820,1.05438,1.05462,2.07,1.13
2013.04.08 04:23:32.750,1.05439,1.05464,1.28,1.88
2013.04.08 04:23:38.656,1.05439,1.05464,1.50,1.88
2013.04.08 04:23:41.891,1.05439,1.05461,1.50,1.50
2013.04.08 04:23:42.881,1.05439,1.05463,1.13,1.88
2013.04.08 04:23:43.760,1.05439,1.05463,1.13,1.13
2013.04.08 04:23:43.880,1.05438,1.05463,1.32,1.28
2013.04.08 04:23:43.940,1.05437,1.0546,2.59,2.25
2013.04.08 04:23:44.303,1.05437,1.05459,1.32,1.50
2013.04.08 04:23:44.622,1.0544,1.05454,3.75,1.13
2013.04.08 04:23:44.932,1.05434,1.05458,1.65,1.84
2013.04.08 04:23:46.991,1.05433,1.05457,1.88,1.13
2013.04.08 04:23:47.050,1.05432,1.05455,1.13,1.13
2013.04.08 04:23:47.760,1.05426,1.05449,1.65,1.13
2013.04.08 04:23:48.060,1.05424,1.05447,2.63,1.50
2013.04.08 04:23:48.241,1.05419,1.05441,1.50,1.65
2013.04.08 04:23:48.300,1.05418,1.05441,1.50,1.65
2013.04.08 04:23:48.481,1.05414,1.05438,1.50,1.50
2013.04.08 04:23:49.321,1.0541,1.05434,2.40,1.50
2013.04.08 04:23:50.371,1.05409,1.05434,1.88,3.38
2013.04.08 04:23:51.081,1.0541,1.05434,1.50,3.38
2013.04.08 04:23:51.158,1.05413,1.05433,1.13,1.13
2013.04.08 04:23:51.224,1.05416,1.05433,1.50,1.13
2013.04.08 04:23:51.471,1.05416,1.05435,1.50,2.63
2013.04.08 04:23:52.160,1.05417,1.05436,1.50,1.88
2013.04.08 04:23:52.403,1.05421,1.05444,1.50,1.88
2013.04.08 04:23:54.181,1.05421,1.05444,1.65,1.88
2013.04.08 04:23:54.481,1.05423,1.05446,2.40,1.13
2013.04.08 04:23:54.891,1.05426,1.05446,1.50,1.13
2013.04.08 04:23:55.680,1.05426,1.05445,1.50,1.50
2013.04.08 04:23:57.270,1.05426,1.05446,1.50,1.13
2013.04.08 04:23:57.511,1.05426,1.05449,1.65,1.13
2013.04.08 04:23:58.401,1.05426,1.05448,1.65,1.50
2013.04.08 04:23:58.461,1.05423,1.05447,1.65,1.13
2013.04.08 04:23:58.581,1.05423,1.05446,1.65,1.50
2013.04.08 04:23:58.640,1.05422,1.05445,1.50,1.50
2013.04.08 04:23:58.880,1.0542,1.05443,1.28,1.50
2013.04.08 04:23:59.071,1.0542,1.05443,2.63,1.50
2013.04.08 04:23:59.310,1.05419,1.05443,2.25,2.63
2013.04.08 04:24:01.491,1.05417,1.05436,1.50,1.50
2013.04.08 04:24:01.552,1.05414,1.05436,1.28,1.50
2013.04.08 04:24:01.682,1.05422,1.05435,1.50,1.13
2013.04.08 04:24:01.811,1.05424,1.05443,2.03,1.88
2013.04.08 04:24:02.291,1.05426,1.0545,2.40,1.88
2013.04.08 04:24:02.590,1.05429,1.0545,3.00,1.13
2013.04.08 04:24:10.391,1.05429,1.05452,1.50,1.88
2013.04.08 04:24:10.532,1.05429,1.05451,1.50,1.13
2013.04.08 04:24:10.841,1.0543,1.05452,2.40,1.13
2013.04.08 04:24:12.121,1.05432,1.05452,1.65,1.13
2013.04.08 04:24:12.197,1.05433,1.05453,1.13,1.13
2013.04.08 04:24:12.710,1.05433,1.05453,1.13,1.13
2013.04.08 04:24:16.330,1.05433,1.05453,1.13,1.13
2013.04.08 04:24:16.771,1.05433,1.05454,1.13,1.50
2013.04.08 04:24:17.910,1.05433,1.05454,1.50,2.63
2013.04.08 04:24:21.930,1.05433,1.05454,1.50,1.88
2013.04.08 04:24:22.261,1.05433,1.05453,1.13,1.13
2013.04.08 04:24:22.573,1.05432,1.05451,1.65,1.50
2013.04.08 04:24:22.642,1.05431,1.05451,1.80,1.50
2013.04.08 04:24:22.835,1.05428,1.05449,1.65,1.50
2013.04.08 04:24:25.871,1.05428,1.05448,1.65,1.13
2013.04.08 04:24:27.771,1.05428,1.05446,1.65,1.13
2013.04.08 04:24:31.500,1.05428,1.05448,1.65,2.25
2013.04.08 04:24:45.831,1.05428,1.0545,2.40,1.13
2013.04.08 04:24:47.099,1.05429,1.0545,1.65,1.13
2013.04.08 04:24:47.162,1.05428,1.0545,2.63,1.13
2013.04.08 04:24:47.281,1.05431,1.05452,1.65,1.13
2013.04.08 04:24:47.582,1.05434,1.05455,1.88,1.13
2013.04.08 04:24:47.641,1.05434,1.05457,1.88,1.13
2013.04.08 04:24:48.120,1.05434,1.05457,1.88,1.13
2013.04.08 04:24:48.730,1.05434,1.05457,1.65,1.13
2013.04.08 04:24:49.641,1.05434,1.05452,1.65,1.13
2013.04.08 04:24:49.761,1.05432,1.05452,1.50,1.13
2013.04.08 04:24:49.822,1.0543,1.05452,1.65,1.13
2013.04.08 04:24:53.432,1.0543,1.05451,1.65,1.13
2013.04.08 04:24:59.236,1.0543,1.05453,1.65,1.50
2013.04.08 04:25:03.870,1.0543,1.05452,3.90,1.13
2013.04.08 04:25:04.180,1.05435,1.05457,2.40,1.13
2013.04.08 04:25:06.855,1.05437,1.05459,1.65,1.13
2013.04.08 04:25:07.412,1.05439,1.05459,1.28,1.13
2013.04.08 04:25:07.771,1.05445,1.05465,2.40,1.13
2013.04.08 04:25:07.830,1.05446,1.05469,1.65,1.13
2013.04.08 04:25:11.572,1.05446,1.05468,1.65,1.13
2013.04.08 04:25:17.852,1.05447,1.05468,1.28,1.88
2013.04.08 04:25:18.101,1.0545,1.05472,2.40,1.13
2013.04.08 04:25:19.185,1.0545,1.05472,1.65,1.13
2013.04.08 04:25:19.501,1.0545,1.05471,1.65,1.88
2013.04.08 04:25:20.983,1.05451,1.05471,1.13,1.88
2013.04.08 04:25:21.853,1.0545,1.05471,1.88,1.13
2013.04.08 04:25:23.351,1.0545,1.05471,1.88,1.88
2013.04.08 04:25:27.360,1.0545,1.05471,1.88,1.13
2013.04.08 04:25:30.542,1.05452,1.05477,1.50,1.50
2013.04.08 04:25:30.611,1.05452,1.05477,1.50,1.50
2013.04.08 04:25:30.791,1.05461,1.05478,1.65,1.13
2013.04.08 04:25:30.911,1.05461,1.05482,1.65,1.13
2013.04.08 04:25:33.791,1.0546,1.05481,2.63,1.13
2013.04.08 04:25:34.451,1.0546,1.05482,2.63,1.88
2013.04.08 04:25:35.026,1.0546,1.05481,2.63,1.13
2013.04.08 04:25:36.350,1.05463,1.05482,2.03,1.13
2013.04.08 04:25:36.531,1.05465,1.05482,2.40,1.13
2013.04.08 04:25:37.032,1.05463,1.05482,1.65,1.13
2013.04.08 04:25:38.311,1.05463,1.05482,1.65,1.13
2013.04.08 04:25:38.503,1.0546,1.05482,1.65,1.13
2013.04.08 04:25:38.691,1.05457,1.05479,1.13,1.50
2013.04.08 04:25:38.810,1.05456,1.05478,1.65,1.50
2013.04.08 04:25:38.931,1.05455,1.05472,1.13,1.13
2013.04.08 04:25:39.110,1.05451,1.05472,1.28,1.13
2013.04.08 04:25:39.654,1.0545,1.0547,1.50,1.13
2013.04.08 04:25:41.591,1.0545,1.05469,2.25,1.13
2013.04.08 04:25:42.706,1.05451,1.05469,1.13,1.13
2013.04.08 04:25:43.103,1.05451,1.05469,1.13,1.13
2013.04.08 04:25:43.232,1.0545,1.05464,1.50,1.88
2013.04.08 04:25:43.292,1.05448,1.05459,2.25,1.13
2013.04.08 04:25:43.371,1.05443,1.0546,1.28,1.13
2013.04.08 04:25:43.447,1.05443,1.0546,2.40,1.13
2013.04.08 04:25:43.693,1.05446,1.05464,1.65,1.88
2013.04.08 04:25:46.271,1.05443,1.05464,1.65,1.88
2013.04.08 04:25:47.440,1.05444,1.05464,2.40,1.13
2013.04.08 04:25:49.081,1.05445,1.05464,1.65,1.13
2013.04.08 04:25:49.381,1.05443,1.05464,2.40,1.13
2013.04.08 04:25:50.182,1.05443,1.05464,1.88,1.13
2013.04.08 04:25:51.281,1.05443,1.05463,4.13,1.13
2013.04.08 04:25:51.691,1.05443,1.05464,1.65,1.88
2013.04.08 04:26:00.157,1.05443,1.05463,1.65,1.88
2013.04.08 04:26:09.101,1.0544,1.05464,2.25,1.50
2013.04.08 04:26:09.802,1.0544,1.05464,2.03,1.50
2013.04.08 04:26:34.391,1.05439,1.05463,3.00,1.88
2013.04.08 04:26:39.192,1.05439,1.05463,3.00,1.13
2013.04.08 04:26:39.834,1.05443,1.05463,1.65,1.13
2013.04.08 04:26:40.163,1.05447,1.0547,1.65,1.13
2013.04.08 04:26:40.561,1.05446,1.05471,2.25,1.13
2013.04.08 04:26:40.981,1.05446,1.05468,2.25,1.13
2013.04.08 04:26:42.330,1.05446,1.05468,2.97,1.13
2013.04.08 04:26:43.158,1.05446,1.05468,2.82,1.13
2013.04.08 04:26:43.884,1.05446,1.05469,2.82,1.13
2013.04.08 04:26:44.520,1.05446,1.0547,2.25,1.88
2013.04.08 04:26:49.336,1.05447,1.05468,1.50,1.13
2013.04.08 04:26:50.683,1.05447,1.05468,1.65,1.13
2013.04.08 04:26:50.751,1.05447,1.0547,3.15,1.88
2013.04.08 04:26:50.811,1.05448,1.0547,1.65,1.88
2013.04.08 04:26:51.352,1.05447,1.0547,2.40,1.88
2013.04.08 04:26:56.260,1.05449,1.0547,1.65,1.13
2013.04.08 04:26:57.275,1.05449,1.0547,2.40,1.13
2013.04.08 04:26:57.530,1.05446,1.0547,3.34,1.13
2013.04.08 04:26:59.427,1.0545,1.05471,1.50,1.13
2013.04.08 04:27:00.885,1.05446,1.05471,3.57,1.13
2013.04.08 04:27:02.231,1.05445,1.05471,4.65,1.32
2013.04.08 04:27:02.291,1.05445,1.05469,3.90,1.13
2013.04.08 04:27:02.650,1.05443,1.05464,1.32,1.13
2013.04.08 04:27:02.711,1.05438,1.05464,1.69,1.88
2013.04.08 04:27:02.772,1.05438,1.05461,1.32,1.28
2013.04.08 04:27:03.131,1.05438,1.0546,1.84,1.13
2013.04.08 04:27:03.251,1.05438,1.0546,1.28,1.13
2013.04.08 04:27:03.370,1.05438,1.0546,1.69,1.13
2013.04.08 04:27:03.910,1.05439,1.0546,1.88,1.13
2013.04.08 04:27:04.031,1.0544,1.05463,1.13,2.63
2013.04.08 04:27:04.590,1.05442,1.05463,1.65,1.88
2013.04.08 04:27:06.711,1.05442,1.05465,1.65,1.88
2013.04.08 04:27:07.298,1.05442,1.05464,1.65,1.13
2013.04.08 04:27:08.186,1.05442,1.05463,1.65,1.88
2013.04.08 04:27:21.916,1.05442,1.05461,1.65,1.13
2013.04.08 04:27:23.961,1.05439,1.05461,1.28,1.13
2013.04.08 04:27:24.701,1.05439,1.05461,1.13,1.13
2013.04.08 04:27:25.626,1.05439,1.05462,1.13,1.88
2013.04.08 04:27:26.361,1.05439,1.05461,1.13,1.13
2013.04.08 04:27:26.422,1.05439,1.0546,1.13,3.00
2013.04.08 04:27:26.542,1.05434,1.05457,2.40,1.13
2013.04.08 04:27:26.662,1.0543,1.05456,1.50,3.00
2013.04.08 04:27:26.733,1.05427,1.05453,3.15,2.40
2013.04.08 04:27:26.801,1.05425,1.0545,2.40,2.25
2013.04.08 04:27:26.981,1.05423,1.05447,2.25,1.50
2013.04.08 04:27:27.870,1.05423,1.05447,1.50,2.25
2013.04.08 04:27:28.721,1.05424,1.05447,1.65,1.50
2013.04.08 04:27:29.242,1.05425,1.05445,1.88,1.50
2013.04.08 04:27:35.122,1.05427,1.05445,1.13,1.88
2013.04.08 04:27:35.311,1.05431,1.05448,1.13,1.50
2013.04.08 04:27:35.432,1.05429,1.05448,1.65,1.50
2013.04.08 04:27:37.302,1.05429,1.05448,1.65,1.50
2013.04.08 04:27:37.481,1.05426,1.05448,1.50,1.50
2013.04.08 04:27:37.541,1.05424,1.05446,1.65,1.50
2013.04.08 04:27:37.840,1.05426,1.05448,1.50,1.50
2013.04.08 04:27:38.930,1.05428,1.0545,1.65,1.88
2013.04.08 04:27:43.202,1.05428,1.0545,1.65,1.13
2013.04.08 04:27:43.691,1.0543,1.0545,2.03,1.13
2013.04.08 04:27:43.756,1.05429,1.0545,1.65,1.13
2013.04.08 04:27:43.821,1.05432,1.0545,1.50,1.13
2013.04.08 04:27:55.670,1.05432,1.05452,1.50,1.13
2013.04.08 04:28:03.780,1.05432,1.05452,1.50,1.13
2013.04.08 04:28:33.717,1.05431,1.05451,1.65,1.13
2013.04.08 04:28:34.062,1.05432,1.05453,1.88,1.88
2013.04.08 04:28:34.372,1.05437,1.05453,1.50,1.13
2013.04.08 04:28:34.572,1.05437,1.05458,1.50,1.13
2013.04.08 04:28:35.091,1.05436,1.05458,1.65,1.13
2013.04.08 04:28:35.391,1.05437,1.05458,3.90,1.13
2013.04.08 04:28:35.511,1.05441,1.05462,1.65,1.13
2013.04.08 04:28:35.632,1.05441,1.05463,1.65,1.88
2013.04.08 04:28:37.041,1.05441,1.05463,1.65,1.13
2013.04.08 04:28:39.017,1.05439,1.05463,1.65,1.13
2013.04.08 04:28:39.152,1.05441,1.05463,1.88,1.13
2013.04.08 04:28:39.511,1.05444,1.05465,1.28,1.13
2013.04.08 04:28:40.096,1.05444,1.05466,1.28,1.13
2013.04.08 04:28:44.191,1.05446,1.05465,1.65,1.13
2013.04.08 04:28:45.410,1.05444,1.05466,1.28,1.13
2013.04.08 04:28:49.053,1.05443,1.05465,2.55,1.13
2013.04.08 04:28:50.000,1.05443,1.05465,1.65,1.13
2013.04.08 04:28:53.502,1.05443,1.05464,1.50,1.88
2013.04.08 04:28:53.633,1.05439,1.05462,1.35,1.50
2013.04.08 04:28:53.702,1.05435,1.05457,1.65,1.13
2013.04.08 04:28:53.882,1.05434,1.05456,1.13,1.13
2013.04.08 04:28:55.821,1.05434,1.05456,1.28,1.13
2013.04.08 04:29:00.371,1.05433,1.05455,1.65,1.13
2013.04.08 04:29:00.550,1.0543,1.05455,1.65,1.13
2013.04.08 04:29:00.731,1.05429,1.05455,1.28,1.13
2013.04.08 04:29:01.685,1.05429,1.05455,1.28,1.13
2013.04.08 04:29:01.991,1.05426,1.0545,1.13,1.13
2013.04.08 04:29:02.111,1.05422,1.05447,3.90,1.13
2013.04.08 04:29:02.471,1.05422,1.05445,2.25,1.13
2013.04.08 04:29:04.161,1.05422,1.05445,1.13,1.13
2013.04.08 04:29:04.341,1.05421,1.05445,1.13,1.13
2013.04.08 04:29:04.684,1.0542,1.05441,1.65,1.13
2013.04.08 04:29:05.202,1.0542,1.05441,1.65,1.13
2013.04.08 04:29:07.201,1.0542,1.05441,1.65,1.13
2013.04.08 04:29:08.811,1.05422,1.05441,1.13,1.13
2013.04.08 04:29:09.171,1.05422,1.05442,1.65,1.13
2013.04.08 04:29:09.742,1.05422,1.05443,1.65,1.13
2013.04.08 04:29:11.363,1.05422,1.05443,1.28,1.13
2013.04.08 04:29:11.492,1.0542,1.05445,1.65,1.13
2013.04.08 04:29:11.672,1.05422,1.05445,1.13,1.13
2013.04.08 04:29:22.421,1.05421,1.05445,2.63,1.13
2013.04.08 04:29:22.481,1.05423,1.05445,1.13,1.13
2013.04.08 04:29:22.601,1.05423,1.05445,1.13,1.13
2013.04.08 04:29:30.018,1.05423,1.05444,1.13,1.88
2013.04.08 04:29:34.421,1.05421,1.05444,1.65,1.88
2013.04.08 04:29:34.737,1.05422,1.05444,1.13,1.88
2013.04.08 04:29:34.802,1.05422,1.05444,2.78,1.88
2013.04.08 04:29:39.863,1.05421,1.05443,1.65,1.13
2013.04.08 04:29:42.841,1.05418,1.05441,1.50,1.13
2013.04.08 04:29:42.908,1.05415,1.05441,3.23,1.13
2013.04.08 04:29:43.031,1.05415,1.05441,2.63,1.88
2013.04.08 04:29:43.391,1.05412,1.05437,1.50,1.13
2013.04.08 04:29:44.032,1.05412,1.05435,1.50,1.13
2013.04.08 04:30:01.491,1.05416,1.05434,1.50,1.13
2013.04.08 04:30:04.452,1.05413,1.05434,1.50,1.13
2013.04.08 04:30:04.511,1.05412,1.05434,2.40,1.13
2013.04.08 04:30:16.325,1.05413,1.05439,1.50,2.03
2013.04.08 04:30:16.453,1.05415,1.05439,1.50,2.03
2013.04.08 04:30:16.523,1.05418,1.05439,1.50,1.13
2013.04.08 04:30:16.762,1.05422,1.05443,1.28,1.65
2013.04.08 04:30:17.124,1.05426,1.05449,1.50,2.07
2013.04.08 04:30:17.810,1.05426,1.05449,1.50,1.69
2013.04.08 04:30:17.990,1.05424,1.05448,1.50,1.50
2013.04.08 04:30:21.213,1.05422,1.05448,2.03,1.50
2013.04.08 04:30:22.023,1.05422,1.05448,2.03,1.50
2013.04.08 04:30:22.711,1.05422,1.05446,1.65,1.50
2013.04.08 04:30:22.772,1.0542,1.05444,1.65,1.50
2013.04.08 04:30:23.692,1.05419,1.05444,1.50,1.50
2013.04.08 04:30:24.001,1.05419,1.05444,1.50,1.50
2013.04.08 04:30:24.444,1.05419,1.05444,1.50,1.50
2013.04.08 04:30:24.843,1.05419,1.05444,1.50,1.50
2013.04.08 04:30:25.091,1.05419,1.05444,1.50,1.50
2013.04.08 04:30:31.481,1.0542,1.05444,1.28,1.50
2013.04.08 04:30:31.830,1.0542,1.05444,1.28,1.50
2013.04.08 04:30:32.603,1.0542,1.05444,1.50,1.50
2013.04.08 04:30:33.581,1.0542,1.05444,2.78,1.50
2013.04.08 04:30:34.301,1.0542,1.05444,2.78,1.50
2013.04.08 04:30:48.632,1.05421,1.05444,2.25,1.13
2013.04.08 04:30:55.624,1.05421,1.05446,2.25,1.50
2013.04.08 04:30:56.415,1.05421,1.05449,3.75,2.03
2013.04.08 04:30:56.565,1.05427,1.05449,1.13,2.03
2013.04.08 04:30:56.648,1.05431,1.05453,1.28,1.88
2013.04.08 04:30:56.773,1.05429,1.05455,1.65,2.03
2013.04.08 04:30:57.021,1.05432,1.05453,1.13,1.13
2013.04.08 04:30:58.295,1.0543,1.05453,1.65,1.13
2013.04.08 04:31:04.931,1.05427,1.05453,2.03,2.25
2013.04.08 04:31:05.393,1.05433,1.05454,2.10,2.63
2013.04.08 04:31:05.512,1.0544,1.05461,1.65,1.88
2013.04.08 04:31:05.572,1.05439,1.05461,1.65,1.88
2013.04.08 04:31:05.631,1.05439,1.05461,1.65,1.88
2013.04.08 04:31:05.691,1.05439,1.05461,1.43,1.50
2013.04.08 04:31:05.871,1.05437,1.0546,2.03,1.50
2013.04.08 04:31:06.172,1.05433,1.05457,1.13,1.50
2013.04.08 04:31:15.018,1.05434,1.05457,1.65,1.50
2013.04.08 04:31:15.400,1.05434,1.05457,1.65,1.50
2013.04.08 04:31:15.831,1.05434,1.05457,1.65,1.50
2013.04.08 04:31:18.054,1.05434,1.05457,1.65,1.50
2013.04.08 04:31:22.511,1.05434,1.05457,1.65,1.50
2013.04.08 04:31:25.601,1.05436,1.05457,1.50,1.88
2013.04.08 04:31:26.021,1.05435,1.05459,1.65,1.13
2013.04.08 04:31:33.251,1.05438,1.05462,1.28,1.88
2013.04.08 04:31:33.790,1.05436,1.05461,2.03,1.88
2013.04.08 04:31:35.313,1.05436,1.0546,1.65,1.88
2013.04.08 04:31:35.562,1.05436,1.0546,1.65,1.88
2013.04.08 04:31:35.862,1.05435,1.0546,1.13,1.88
2013.04.08 04:31:39.791,1.05431,1.05455,2.03,1.50
2013.04.08 04:31:40.454,1.05431,1.05455,1.28,1.50
2013.04.08 04:31:42.771,1.05431,1.05454,1.65,1.13
2013.04.08 04:31:42.832,1.05431,1.05454,1.65,1.13
2013.04.08 04:31:44.362,1.05431,1.05454,1.28,2.63
2013.04.08 04:31:46.641,1.05431,1.05454,1.28,2.63
2013.04.08 04:31:46.701,1.05431,1.05455,1.65,1.88
2013.04.08 04:31:47.980,1.05435,1.05456,1.13,1.13
2013.04.08 04:31:49.277,1.05435,1.05457,1.13,1.13
2013.04.08 04:31:50.382,1.05435,1.05457,1.88,1.13
2013.04.08 04:31:50.441,1.05437,1.05457,1.65,1.13
2013.04.08 04:31:57.622,1.05432,1.05458,2.25,1.88
2013.04.08 04:31:58.478,1.05432,1.05458,2.25,1.88
2013.04.08 04:31:58.602,1.05432,1.05453,1.88,1.13
2013.04.08 04:31:59.701,1.05432,1.05453,1.88,1.13
2013.04.08 04:32:00.021,1.05438,1.05453,1.13,1.13
2013.04.08 04:32:00.082,1.05438,1.05458,1.28,1.13
2013.04.08 04:32:00.202,1.05438,1.05458,1.65,1.13
2013.04.08 04:32:00.262,1.05442,1.05461,1.43,1.13
2013.04.08 04:32:00.332,1.05444,1.05461,1.50,1.13
2013.04.08 04:32:00.391,1.05444,1.05466,1.50,1.13
2013.04.08 04:32:02.156,1.05442,1.05465,1.65,1.88
2013.04.08 04:32:02.431,1.05444,1.05465,1.50,1.13
2013.04.08 04:32:03.552,1.05444,1.05467,1.50,1.13
2013.04.08 04:32:03.890,1.05444,1.05467,1.50,1.13
2013.04.08 04:32:04.012,1.05444,1.05467,1.50,1.13
2013.04.08 04:32:04.733,1.05444,1.05467,1.50,1.13
2013.04.08 04:32:04.862,1.05448,1.05469,1.28,1.13
2013.04.08 04:32:05.170,1.05454,1.05477,1.88,1.13
2013.04.08 04:32:05.732,1.05457,1.05479,1.65,1.88
2013.04.08 04:32:06.258,1.05454,1.05479,3.38,1.88
2013.04.08 04:32:06.864,1.05455,1.05481,2.40,1.88
2013.04.08 04:32:08.202,1.05455,1.05481,3.90,1.88
2013.04.08 04:32:09.081,1.05457,1.05482,1.65,1.88
2013.04.08 04:32:10.164,1.05457,1.05482,1.65,1.88
2013.04.08 04:32:12.812,1.05457,1.0548,1.65,1.13
2013.04.08 04:32:13.051,1.05455,1.05479,2.40,2.63
2013.04.08 04:32:13.111,1.05453,1.05478,1.13,1.50
2013.04.08 04:32:13.291,1.0545,1.05476,2.40,1.13
2013.04.08 04:32:13.830,1.05449,1.05475,2.63,1.13
2013.04.08 04:32:14.419,1.05449,1.05475,1.13,1.13
2013.04.08 04:32:15.881,1.05451,1.05475,1.13,1.13
2013.04.08 04:32:16.061,1.05449,1.05474,1.13,1.13
2013.04.08 04:32:17.487,1.05449,1.05473,1.13,1.13
2013.04.08 04:32:17.861,1.05451,1.05473,1.13,1.13
2013.04.08 04:32:18.391,1.05452,1.05473,2.25,1.13
2013.04.08 04:32:18.751,1.05454,1.05477,1.13,1.88
2013.04.08 04:32:18.811,1.05452,1.05477,3.68,1.88
2013.04.08 04:32:20.797,1.05452,1.05477,1.65,1.88
2013.04.08 04:32:22.351,1.05453,1.05477,1.88,1.13
2013.04.08 04:32:22.470,1.05453,1.05479,1.88,1.50
2013.04.08 04:32:22.832,1.05456,1.05479,1.65,1.50
2013.04.08 04:32:23.411,1.05454,1.05478,3.15,1.50
2013.04.08 04:32:23.591,1.05453,1.05478,1.50,1.50
2013.04.08 04:32:25.984,1.05453,1.05478,1.65,1.50
2013.04.08 04:32:26.231,1.05455,1.05477,1.50,1.13
2013.04.08 04:32:26.353,1.05455,1.05479,1.28,1.88
2013.04.08 04:32:33.632,1.05455,1.05479,1.65,1.13
2013.04.08 04:32:37.811,1.05454,1.05478,1.13,1.50
2013.04.08 04:32:38.051,1.05453,1.05478,2.40,1.50
2013.04.08 04:32:38.111,1.05453,1.05476,1.65,1.13
2013.04.08 04:32:40.399,1.05452,1.05475,1.13,1.13
2013.04.08 04:32:41.451,1.05451,1.05474,1.65,1.13
2013.04.08 04:32:42.544,1.05451,1.05474,1.65,1.88
2013.04.08 04:32:43.552,1.05451,1.05473,1.65,1.13
2013.04.08 04:32:44.590,1.05451,1.05475,1.65,1.13
2013.04.08 04:32:45.801,1.05451,1.05474,1.65,1.13
2013.04.08 04:32:48.138,1.05451,1.05475,1.65,1.13
2013.04.08 04:32:49.024,1.05451,1.05475,1.65,1.88
2013.04.08 04:32:51.332,1.05451,1.05474,1.65,1.13
2013.04.08 04:32:52.562,1.0545,1.05473,1.88,1.13
2013.04.08 04:32:53.472,1.05453,1.05477,2.18,1.13
2013.04.08 04:32:53.592,1.05455,1.05477,1.13,1.13
2013.04.08 04:32:54.440,1.05455,1.05481,1.88,1.32
2013.04.08 04:32:56.606,1.05457,1.0548,1.28,1.50
2013.04.08 04:32:57.132,1.05456,1.05479,1.28,1.50
2013.04.08 04:32:57.373,1.05453,1.05478,2.03,1.13
2013.04.08 04:32:57.444,1.05453,1.05478,1.28,1.88
2013.04.08 04:32:58.472,1.05454,1.05479,2.03,2.25
2013.04.08 04:32:58.532,1.05456,1.05479,1.13,1.50
2013.04.08 04:33:05.691,1.05456,1.05479,1.13,1.50
2013.04.08 04:33:05.750,1.05456,1.05479,1.13,1.50
2013.04.08 04:33:11.801,1.05457,1.05481,1.65,1.13
2013.04.08 04:33:12.162,1.05464,1.05483,1.43,1.88
2013.04.08 04:33:12.941,1.05461,1.05483,1.65,1.13
2013.04.08 04:33:13.182,1.0546,1.0548,1.13,1.13
2013.04.08 04:33:13.251,1.05458,1.0548,3.38,1.13
2013.04.08 04:33:13.493,1.05458,1.05475,1.50,1.13
2013.04.08 04:33:13.624,1.05452,1.05475,1.13,1.13
2013.04.08 04:33:13.814,1.05451,1.05471,2.25,1.13
2013.04.08 04:33:13.881,1.05447,1.05471,1.13,1.13
2013.04.08 04:33:14.423,1.05445,1.0547,1.28,1.88
2013.04.08 04:33:14.491,1.05445,1.05465,1.05,1.13
2013.04.08 04:33:15.364,1.05443,1.05465,1.13,2.63
2013.04.08 04:33:15.432,1.05441,1.05465,1.43,3.19
2013.04.08 04:33:15.492,1.05441,1.05463,1.50,1.50
2013.04.08 04:33:16.431,1.05439,1.05461,2.40,1.50
2013.04.08 04:33:16.552,1.05439,1.05459,1.65,1.13
2013.04.08 04:33:16.792,1.05436,1.05458,1.50,1.13
2013.04.08 04:33:16.972,1.05431,1.05453,2.40,1.13
2013.04.08 04:33:17.291,1.05431,1.05453,1.88,1.13
2013.04.08 04:33:17.962,1.05434,1.05457,1.65,1.13
2013.04.08 04:33:20.001,1.05437,1.05457,1.50,1.13
2013.04.08 04:33:20.130,1.05437,1.05459,1.65,1.13
2013.04.08 04:33:38.850,1.05437,1.05459,2.40,1.13
2013.04.08 04:33:53.274,1.05439,1.05459,1.65,1.13
2013.04.08 04:33:54.349,1.05439,1.05458,1.65,1.88
2013.04.08 04:33:55.193,1.05439,1.05458,1.65,1.88
2013.04.08 04:34:07.242,1.05439,1.05457,1.65,1.13
2013.04.08 04:34:07.602,1.05435,1.05456,1.65,1.13
2013.04.08 04:34:08.621,1.05432,1.05453,2.63,1.13
2013.04.08 04:34:08.681,1.05432,1.05453,1.65,1.13
2013.04.08 04:34:08.981,1.0543,1.05448,1.13,1.50
2013.04.08 04:34:09.041,1.05426,1.05448,1.65,1.50
2013.04.08 04:34:13.172,1.05426,1.05449,1.13,1.50
2013.04.08 04:34:13.532,1.05429,1.05448,1.50,1.13
2013.04.08 04:34:13.715,1.05429,1.05452,2.25,1.13
2013.04.08 04:34:14.023,1.05432,1.05452,1.65,1.13
2013.04.08 04:34:14.866,1.05433,1.05453,1.65,1.13
2013.04.08 04:34:15.631,1.05433,1.05455,1.65,1.13
2013.04.08 04:34:16.459,1.05433,1.05457,1.65,1.13
2013.04.08 04:34:17.504,1.05434,1.05457,1.13,1.13
2013.04.08 04:34:18.396,1.05441,1.05463,1.13,1.13
2013.04.08 04:34:22.032,1.05441,1.05464,1.13,1.88
2013.04.08 04:34:23.371,1.05441,1.0546,1.13,1.13
2013.04.08 04:34:30.502,1.0544,1.0546,2.03,1.13
2013.04.08 04:34:30.622,1.0544,1.05458,1.65,1.13
2013.04.08 04:34:31.222,1.05437,1.05458,3.00,1.13
2013.04.08 04:34:32.634,1.0544,1.05458,1.13,1.13
2013.04.08 04:34:32.941,1.0544,1.05459,1.50,1.13
2013.04.08 04:34:36.932,1.05443,1.05464,1.50,1.13
2013.04.08 04:34:41.094,1.05445,1.05464,2.40,1.13
2013.04.08 04:34:41.163,1.05447,1.05464,1.13,1.13
2013.04.08 04:34:41.283,1.05446,1.05464,1.88,1.13
2013.04.08 04:34:42.042,1.05445,1.05464,1.65,1.13
2013.04.08 04:34:44.232,1.05443,1.05464,1.80,1.13
2013.04.08 04:34:44.654,1.05441,1.0546,1.65,1.13
2013.04.08 04:34:44.722,1.0544,1.0546,1.65,1.13
2013.04.08 04:34:49.471,1.05439,1.05458,1.13,1.13
2013.04.08 04:34:51.253,1.05439,1.05459,1.13,1.13
2013.04.08 04:34:56.052,1.05439,1.05459,1.13,1.13
2013.04.08 04:34:58.012,1.0544,1.05459,1.65,1.13
2013.04.08 04:34:58.082,1.05439,1.05463,1.13,1.13
2013.04.08 04:34:58.264,1.0544,1.05463,1.13,1.88
2013.04.08 04:35:03.376,1.05442,1.05464,1.65,1.13
2013.04.08 04:35:07.479,1.05444,1.05464,1.65,1.13
2013.04.08 04:35:08.885,1.05444,1.05462,1.65,1.13
2013.04.08 04:35:09.702,1.05444,1.05467,1.88,1.13
2013.04.08 04:35:09.763,1.05447,1.05467,1.13,1.13
2013.04.08 04:35:10.592,1.05447,1.05467,3.15,1.13
2013.04.08 04:35:11.541,1.05447,1.05471,1.88,1.13
2013.04.08 04:35:11.911,1.05447,1.05471,1.88,1.13
2013.04.08 04:35:12.501,1.05449,1.05469,1.65,1.13
2013.04.08 04:35:14.079,1.05451,1.05469,1.50,1.13
2013.04.08 04:35:15.131,1.05447,1.05469,2.40,1.69
2013.04.08 04:35:17.112,1.05448,1.05467,1.50,1.13
2013.04.08 04:35:18.332,1.05448,1.0547,1.50,1.13
2013.04.08 04:35:18.392,1.05449,1.0547,1.65,1.13
2013.04.08 04:35:23.455,1.05449,1.05468,1.65,1.13
2013.04.08 04:35:25.303,1.05449,1.05468,1.65,1.13
2013.04.08 04:35:25.485,1.05449,1.0547,2.55,1.13
2013.04.08 04:35:32.503,1.0545,1.05473,1.65,1.13
2013.04.08 04:35:33.592,1.0545,1.05472,1.65,1.13
2013.04.08 04:35:39.322,1.0545,1.05472,1.65,1.69
2013.04.08 04:35:39.831,1.05448,1.05472,1.65,2.59
2013.04.08 04:35:49.944,1.05448,1.05468,1.65,1.32
2013.04.08 04:35:50.473,1.05448,1.05468,1.65,1.32
2013.04.08 04:35:51.022,1.05442,1.05468,1.88,2.82
2013.04.08 04:35:53.516,1.05442,1.05467,1.88,2.25
2013.04.08 04:35:55.432,1.05442,1.05464,1.13,1.69
2013.04.08 04:35:55.733,1.0544,1.05462,1.65,1.13
2013.04.08 04:35:57.084,1.05438,1.05458,1.28,1.13
2013.04.08 04:35:57.273,1.05435,1.05452,1.65,1.32
2013.04.08 04:35:57.332,1.05433,1.05452,1.50,1.32
2013.04.08 04:35:57.512,1.05432,1.05452,1.50,1.32
2013.04.08 04:36:00.981,1.05434,1.05456,1.13,5.25
2013.04.08 04:36:03.567,1.05431,1.05453,2.40,1.13
2013.04.08 04:36:05.168,1.05431,1.05453,2.40,2.25
2013.04.08 04:36:10.844,1.05431,1.0545,2.40,1.13
2013.04.08 04:36:13.589,1.05431,1.05451,2.40,1.13
2013.04.08 04:36:15.153,1.05431,1.05451,2.40,1.13
2013.04.08 04:36:19.251,1.05433,1.05451,1.13,1.13
2013.04.08 04:36:19.311,1.05434,1.05453,1.13,1.13
2013.04.08 04:36:22.361,1.05434,1.05457,1.13,1.88
2013.04.08 04:36:27.001,1.05434,1.05455,1.13,1.13
2013.04.08 04:36:28.137,1.05433,1.05455,2.78,1.13
2013.04.08 04:36:29.771,1.05434,1.05457,1.88,1.88
2013.04.08 04:36:31.112,1.05438,1.05457,2.25,1.13
2013.04.08 04:36:31.501,1.05441,1.05457,1.65,1.13
2013.04.08 04:36:32.691,1.05441,1.05462,1.65,1.13
2013.04.08 04:36:46.672,1.05441,1.05461,1.65,1.13
2013.04.08 04:36:47.151,1.05438,1.05461,1.65,1.69
2013.04.08 04:36:47.748,1.05437,1.05461,1.28,1.69
2013.04.08 04:36:48.314,1.05437,1.05459,1.28,1.13
2013.04.08 04:36:50.761,1.05437,1.05458,1.28,1.13
2013.04.08 04:36:56.371,1.05436,1.05457,2.25,1.13
2013.04.08 04:36:56.432,1.05436,1.05458,3.00,1.13
2013.04.08 04:36:56.552,1.05436,1.05457,1.65,1.13
2013.04.08 04:36:56.791,1.0543,1.05453,1.80,1.32
2013.04.08 04:36:57.332,1.05427,1.05449,2.25,1.88
2013.04.08 04:37:03.566,1.05432,1.05453,2.78,1.88
2013.04.08 04:37:05.923,1.05432,1.05451,2.03,1.13
2013.04.08 04:37:07.474,1.05432,1.05451,2.03,1.13
2013.04.08 04:37:08.802,1.05432,1.05452,2.03,1.13
2013.04.08 04:37:08.943,1.05434,1.05452,1.50,1.13
2013.04.08 04:37:09.241,1.05434,1.05452,2.25,1.13
2013.04.08 04:37:09.481,1.05434,1.05452,1.50,1.13
2013.04.08 04:37:09.542,1.05434,1.05452,1.88,1.13
2013.04.08 04:37:10.235,1.05432,1.05453,1.65,1.13
2013.04.08 04:37:15.902,1.05434,1.05454,1.50,2.63
2013.04.08 04:37:25.451,1.05434,1.05454,1.50,1.88
2013.04.08 04:37:28.760,1.0544,1.05455,1.13,1.13
2013.04.08 04:37:28.837,1.05443,1.05463,1.65,3.57
2013.04.08 04:37:29.093,1.05443,1.05463,1.65,1.88
2013.04.08 04:37:29.163,1.05443,1.05463,1.13,1.88
2013.04.08 04:37:29.963,1.05445,1.05463,1.13,1.13
2013.04.08 04:37:31.682,1.05442,1.05463,1.65,1.32
2013.04.08 04:37:31.742,1.05441,1.05463,1.65,1.32
2013.04.08 04:37:33.621,1.05439,1.0546,1.13,1.13
2013.04.08 04:37:34.163,1.05439,1.05459,1.13,1.13
2013.04.08 04:37:35.483,1.05441,1.05462,2.07,1.88
2013.04.08 04:37:35.793,1.05445,1.05464,2.40,1.13
2013.04.08 04:37:40.993,1.05448,1.05464,1.65,1.13
2013.04.08 04:37:49.852,1.05449,1.05465,1.50,1.13
2013.04.08 04:37:49.973,1.05452,1.05472,2.40,1.88
2013.04.08 04:37:50.212,1.05456,1.05472,1.65,1.13
2013.04.08 04:37:50.964,1.05456,1.05473,1.65,1.88
2013.04.08 04:37:51.442,1.05456,1.05473,1.43,1.13
2013.04.08 04:37:51.622,1.05452,1.05473,3.00,1.13
2013.04.08 04:37:51.803,1.0545,1.05472,2.25,1.13
2013.04.08 04:37:52.761,1.05453,1.05471,1.65,1.13
2013.04.08 04:37:56.771,1.05453,1.05469,1.28,1.50
2013.04.08 04:37:58.761,1.05452,1.05469,2.03,1.50
2013.04.08 04:38:01.383,1.05454,1.05469,1.13,1.88
2013.04.08 04:38:04.100,1.05458,1.05475,1.65,1.50
2013.04.08 04:38:04.222,1.05458,1.05475,1.65,1.50
2013.04.08 04:38:04.402,1.05462,1.05478,1.65,1.50
2013.04.08 04:38:04.462,1.0546,1.05479,3.00,1.50
2013.04.08 04:38:04.522,1.0546,1.05479,2.78,1.50
2013.04.08 04:38:04.643,1.0546,1.05479,2.40,1.50
2013.04.08 04:38:04.763,1.0546,1.05479,2.40,1.50
2013.04.08 04:38:05.002,1.05466,1.05481,1.28,2.25
2013.04.08 04:38:05.242,1.0546,1.05479,1.50,1.50
2013.04.08 04:38:05.481,1.0546,1.05477,1.65,1.13
2013.04.08 04:38:05.791,1.05465,1.05477,1.50,1.13
2013.04.08 04:38:07.123,1.05466,1.05483,1.50,2.63
2013.04.08 04:38:07.671,1.0546,1.05482,1.13,1.13
2013.04.08 04:38:07.732,1.0546,1.05482,1.13,1.13
2013.04.08 04:38:07.972,1.05462,1.05482,1.65,1.13
2013.04.08 04:38:08.281,1.05465,1.05477,1.05,1.13
2013.04.08 04:38:08.402,1.05461,1.05477,1.05,1.13
2013.04.08 04:38:08.582,1.05457,1.05477,2.40,1.13
2013.04.08 04:38:08.821,1.05457,1.05477,4.65,1.13
2013.04.08 04:38:09.132,1.05457,1.05478,3.00,1.13
2013.04.08 04:38:09.662,1.05462,1.05478,1.13,1.13
2013.04.08 04:38:09.971,1.0546,1.05478,1.65,1.13
2013.04.08 04:38:10.151,1.05464,1.05478,1.05,1.13
2013.04.08 04:38:10.452,1.05465,1.05478,1.05,1.13
2013.04.08 04:38:10.571,1.05465,1.05478,1.05,1.13
2013.04.08 04:38:10.764,1.05461,1.05478,2.78,1.13
2013.04.08 04:38:11.013,1.05457,1.05475,1.13,1.13
2013.04.08 04:38:11.331,1.05457,1.05475,1.50,1.13
2013.04.08 04:38:11.632,1.05458,1.05476,1.05,2.63
2013.04.08 04:38:13.163,1.0546,1.0548,2.78,1.13
2013.04.08 04:38:13.403,1.05459,1.0548,2.55,1.13
2013.04.08 04:38:17.652,1.05459,1.05478,1.88,1.13
2013.04.08 04:38:20.083,1.05459,1.05478,1.50,1.88
2013.04.08 04:38:34.332,1.05459,1.05477,1.65,1.13
2013.04.08 04:38:34.512,1.05455,1.05475,1.13,1.13
2013.04.08 04:38:36.124,1.05451,1.05474,1.65,1.50
2013.04.08 04:38:36.484,1.05451,1.05472,1.65,1.13
2013.04.08 04:38:41.997,1.05452,1.05471,3.15,1.13
2013.04.08 04:38:44.143,1.05452,1.05471,2.03,1.13
2013.04.08 04:38:44.442,1.05448,1.0547,2.40,1.88
2013.04.08 04:38:44.622,1.05448,1.05465,2.40,1.13
2013.04.08 04:38:45.006,1.05448,1.05465,2.40,1.13
2013.04.08 04:38:47.253,1.05446,1.05465,3.75,1.13
2013.04.08 04:38:47.432,1.05446,1.05464,2.93,1.13
2013.04.08 04:38:47.613,1.05444,1.05461,1.13,1.13
2013.04.08 04:38:47.732,1.05444,1.05461,1.65,1.13
2013.04.08 04:38:47.792,1.05444,1.05461,1.65,1.13
2013.04.08 04:38:47.972,1.05442,1.05461,1.13,1.13
2013.04.08 04:38:49.315,1.05441,1.0546,1.65,1.13
2013.04.08 04:38:50.032,1.0544,1.0546,1.88,1.13
2013.04.08 04:38:51.242,1.05438,1.05458,1.88,1.13
2013.04.08 04:38:58.142,1.05436,1.05454,1.13,1.50
2013.04.08 04:38:58.218,1.05433,1.05455,1.13,1.13
2013.04.08 04:38:58.344,1.05434,1.05451,1.13,1.13
2013.04.08 04:38:58.413,1.05433,1.0545,1.13,1.13
2013.04.08 04:38:58.472,1.05431,1.0545,1.28,1.13
2013.04.08 04:38:58.653,1.05429,1.0545,1.13,1.13
2013.04.08 04:38:59.013,1.05428,1.05449,1.65,1.13
2013.04.08 04:38:59.192,1.05421,1.05442,2.40,1.13
2013.04.08 04:38:59.373,1.05422,1.05444,1.50,1.13
2013.04.08 04:38:59.931,1.05428,1.05445,1.13,1.13
2013.04.08 04:39:00.284,1.05427,1.05445,1.65,1.13
2013.04.08 04:39:00.474,1.05426,1.05443,1.65,1.13
2013.04.08 04:39:01.022,1.05424,1.05443,1.13,1.88
2013.04.08 04:39:01.088,1.05424,1.05443,1.13,1.88
2013.04.08 04:39:01.273,1.05423,1.05443,1.50,1.88
2013.04.08 04:39:01.452,1.05422,1.05443,2.40,1.88
2013.04.08 04:39:01.512,1.05421,1.05442,1.13,1.13
2013.04.08 04:39:02.371,1.05422,1.05443,1.50,1.88
2013.04.08 04:39:02.701,1.05422,1.0544,1.50,1.13
2013.04.08 04:39:02.974,1.05427,1.05444,1.13,1.13
2013.04.08 04:39:03.102,1.05429,1.05447,1.65,1.13
2013.04.08 04:39:03.702,1.05428,1.05448,2.40,1.13
2013.04.08 04:39:05.612,1.05431,1.05452,1.13,1.13
2013.04.08 04:39:06.434,1.0543,1.05451,1.13,1.13
2013.04.08 04:39:07.093,1.05432,1.05452,1.13,1.13
2013.04.08 04:39:07.762,1.05437,1.05457,1.28,1.69
2013.04.08 04:39:07.882,1.05437,1.05458,2.93,1.50
2013.04.08 04:39:07.943,1.05439,1.05458,1.13,1.50
2013.04.08 04:39:08.303,1.0544,1.05459,1.50,1.50
2013.04.08 04:39:08.373,1.0544,1.05462,1.50,1.88
2013.04.08 04:39:08.442,1.05441,1.05463,1.50,1.88
2013.04.08 04:39:11.164,1.05442,1.05463,1.05,1.13
2013.04.08 04:39:11.232,1.05442,1.05465,2.25,1.88
2013.04.08 04:39:11.353,1.05446,1.05468,3.75,1.13
2013.04.08 04:39:11.423,1.05446,1.05465,1.50,1.13
2013.04.08 04:39:11.732,1.05446,1.05464,1.13,1.13
2013.04.08 04:39:13.010,1.05446,1.05464,1.13,1.13
2013.04.08 04:39:13.073,1.05445,1.05464,1.13,1.13
2013.04.08 04:39:17.452,1.05444,1.05464,1.50,1.13
2013.04.08 04:39:17.513,1.05444,1.05463,1.50,1.13
2013.04.08 04:39:18.674,1.05443,1.05463,1.65,1.13
2013.04.08 04:39:19.490,1.05442,1.05463,1.88,1.13
2013.04.08 04:39:21.321,1.05442,1.05464,2.25,1.13
2013.04.08 04:39:34.501,1.05443,1.05463,1.13,1.13
2013.04.08 04:39:35.882,1.05445,1.05465,1.13,1.13
2013.04.08 04:39:35.942,1.05445,1.05466,1.13,1.13
2013.04.08 04:39:40.562,1.05445,1.05466,1.13,1.13
2013.04.08 04:39:45.482,1.05445,1.05464,1.13,1.13
2013.04.08 04:39:57.393,1.05443,1.05464,1.50,1.28
2013.04.08 04:39:57.452,1.05441,1.05464,2.25,1.28
2013.04.08 04:39:57.512,1.05438,1.05464,1.88,2.03
2013.04.08 04:39:57.633,1.05441,1.05463,1.13,1.13
2013.04.08 04:39:57.692,1.05439,1.05463,1.28,1.13
2013.04.08 04:40:00.422,1.05439,1.05462,1.50,1.13
2013.04.08 04:40:04.982,1.05439,1.0546,1.50,1.13
2013.04.08 04:40:05.054,1.05438,1.0546,1.65,1.13
2013.04.08 04:40:06.371,1.05436,1.05459,2.10,1.50
2013.04.08 04:40:14.842,1.05435,1.05453,2.25,1.13
2013.04.08 04:40:15.023,1.05431,1.0545,1.73,1.13
2013.04.08 04:40:15.262,1.0543,1.05449,1.50,1.13
2013.04.08 04:40:15.443,1.05426,1.05449,2.40,1.13
2013.04.08 04:40:15.622,1.05424,1.05448,1.92,1.88
2013.04.08 04:40:16.492,1.05423,1.05444,1.73,1.88
2013.04.08 04:40:19.308,1.05427,1.05444,1.28,1.88
2013.04.08 04:40:19.611,1.05429,1.05449,2.25,1.13
2013.04.08 04:40:24.824,1.05431,1.05447,1.13,1.13
2013.04.08 04:40:24.883,1.05427,1.05445,1.28,1.13
2013.04.08 04:40:25.071,1.05427,1.05447,1.28,1.13
2013.04.08 04:40:25.134,1.05427,1.05447,1.50,1.13
2013.04.08 04:40:25.442,1.05431,1.05447,1.13,1.13
2013.04.08 04:40:26.152,1.05431,1.05448,1.13,1.13
2013.04.08 04:40:26.213,1.05427,1.05448,1.80,1.13
2013.04.08 04:40:26.333,1.05427,1.05448,2.03,1.13
2013.04.08 04:40:26.452,1.05427,1.05449,2.40,1.13
2013.04.08 04:40:26.511,1.05429,1.05449,1.65,1.13
2013.04.08 04:40:27.601,1.05429,1.0545,1.80,1.13
2013.04.08 04:40:27.722,1.05427,1.05445,1.05,1.13
2013.04.08 04:40:27.782,1.05425,1.05445,1.73,1.13
2013.04.08 04:40:27.902,1.05421,1.05444,1.65,1.50
2013.04.08 04:40:27.963,1.05419,1.05444,3.00,1.50
2013.04.08 04:40:28.777,1.05418,1.05439,2.78,1.13
2013.04.08 04:40:30.241,1.05418,1.05439,2.10,1.13
2013.04.08 04:40:30.302,1.05418,1.05439,1.50,1.13
2013.04.08 04:40:30.819,1.05418,1.05439,1.50,1.88
2013.04.08 04:40:33.083,1.05419,1.05438,1.35,1.88
2013.04.08 04:40:33.502,1.05419,1.05438,1.35,1.88
2013.04.08 04:40:36.692,1.05422,1.05441,2.25,1.13
2013.04.08 04:40:41.443,1.05423,1.05443,1.65,1.13
2013.04.08 04:40:43.174,1.05424,1.05444,1.05,1.13
2013.04.08 04:40:44.674,1.05422,1.05443,3.00,1.13
2013.04.08 04:40:49.202,1.05423,1.05443,1.28,1.13
2013.04.08 04:40:49.323,1.05425,1.05445,2.25,1.13
2013.04.08 04:40:49.452,1.05432,1.05445,1.13,1.13
2013.04.08 04:40:49.512,1.05431,1.05449,1.50,1.13
2013.04.08 04:40:49.572,1.05426,1.05449,2.07,1.13
2013.04.08 04:40:49.872,1.05427,1.05449,1.65,1.13
2013.04.08 04:40:49.992,1.05425,1.05449,2.48,1.13
2013.04.08 04:40:50.302,1.05422,1.05444,1.50,1.13
2013.04.08 04:40:50.363,1.05421,1.05441,1.73,1.13
2013.04.08 04:40:51.527,1.05419,1.05439,1.47,1.13
2013.04.08 04:40:51.602,1.05417,1.05439,1.13,1.13
2013.04.08 04:40:52.573,1.05422,1.05443,1.50,1.88
2013.04.08 04:40:53.562,1.05424,1.05444,1.50,1.13
2013.04.08 04:40:53.741,1.0542,1.05443,1.13,1.13
2013.04.08 04:40:53.801,1.05421,1.05443,1.13,1.13
2013.04.08 04:40:54.623,1.05422,1.05445,1.50,1.88
2013.04.08 04:40:56.602,1.05423,1.05444,1.35,1.13
2013.04.08 04:40:56.842,1.05429,1.05452,1.13,1.32
2013.04.08 04:40:56.903,1.05434,1.05453,1.13,1.69
2013.04.08 04:40:57.023,1.05434,1.05458,1.13,2.82
2013.04.08 04:40:57.381,1.05434,1.05457,1.13,1.50
2013.04.08 04:41:00.023,1.05434,1.05453,1.13,1.88
2013.04.08 04:41:00.682,1.05429,1.05448,1.73,1.13
2013.04.08 04:41:00.742,1.05427,1.05448,1.13,1.13
2013.04.08 04:41:00.802,1.05425,1.05448,1.88,1.13
2013.04.08 04:41:01.282,1.05425,1.05447,1.88,1.50
2013.04.08 04:41:01.343,1.05425,1.05447,1.65,1.50
2013.04.08 04:41:01.881,1.05422,1.05445,1.50,1.88
2013.04.08 04:41:08.991,1.05422,1.05444,1.50,1.50
2013.04.08 04:41:09.052,1.05422,1.05444,1.28,1.50
2013.04.08 04:41:09.233,1.05422,1.05444,1.28,1.50
2013.04.08 04:41:10.942,1.05422,1.05443,1.28,1.50
2013.04.08 04:41:23.041,1.05421,1.05444,2.85,1.88
2013.04.08 04:41:25.575,1.05421,1.05444,3.00,1.50
2013.04.08 04:41:25.763,1.05426,1.05447,1.65,1.32
2013.04.08 04:41:25.897,1.05427,1.05448,3.53,1.32
2013.04.08 04:41:25.963,1.05427,1.05449,4.28,1.50
2013.04.08 04:41:26.033,1.05428,1.05449,1.50,1.50
2013.04.08 04:41:26.553,1.05426,1.05449,2.22,1.50
2013.04.08 04:41:26.861,1.05426,1.05449,3.72,1.50
2013.04.08 04:41:27.224,1.05426,1.05449,4.47,1.50
2013.04.08 04:41:27.521,1.05426,1.05451,2.03,1.32
2013.04.08 04:41:28.022,1.05426,1.05449,1.65,1.88
2013.04.08 04:41:28.281,1.05425,1.05449,1.65,1.88
2013.04.08 04:41:32.912,1.05432,1.0545,1.13,1.13
2013.04.08 04:41:33.032,1.0543,1.05452,1.50,2.07
2013.04.08 04:41:33.332,1.05432,1.05452,1.50,1.32
2013.04.08 04:41:33.392,1.0543,1.05454,1.28,1.50
2013.04.08 04:41:33.451,1.05429,1.05454,1.65,1.50
2013.04.08 04:41:33.992,1.05429,1.05449,1.05,1.50
2013.04.08 04:41:34.052,1.05428,1.05449,1.35,1.50
2013.04.08 04:41:34.174,1.05428,1.05449,1.35,1.50
2013.04.08 04:41:34.351,1.05425,1.05449,1.69,2.25
2013.04.08 04:41:34.412,1.05423,1.05446,2.78,2.07
2013.04.08 04:41:34.472,1.05423,1.05446,2.40,1.32
2013.04.08 04:41:34.533,1.05423,1.05446,2.25,1.32
2013.04.08 04:41:34.772,1.05427,1.05449,1.50,1.50
2013.04.08 04:41:34.892,1.05425,1.05447,1.62,1.13
2013.04.08 04:41:35.651,1.05422,1.05445,3.98,1.13
2013.04.08 04:41:36.541,1.05422,1.05447,3.98,1.88
2013.04.08 04:41:36.842,1.05424,1.05447,2.07,1.13
2013.04.08 04:41:36.901,1.05425,1.05449,1.32,2.63
2013.04.08 04:41:37.441,1.05427,1.05449,2.25,1.13
2013.04.08 04:41:40.391,1.0543,1.05452,1.28,1.88
2013.04.08 04:41:40.451,1.0543,1.05452,1.28,1.88
2013.04.08 04:41:40.692,1.0543,1.05454,3.38,2.25
2013.04.08 04:41:41.172,1.05432,1.05454,1.28,1.50
2013.04.08 04:41:41.694,1.05432,1.05454,1.28,1.50
2013.04.08 04:41:42.304,1.05431,1.05454,1.65,1.50
2013.04.08 04:41:46.393,1.05431,1.05454,1.65,2.07
2013.04.08 04:41:46.462,1.05431,1.05454,1.65,3.19
2013.04.08 04:41:47.327,1.05428,1.05452,1.28,1.13
2013.04.08 04:41:54.391,1.05428,1.05452,1.28,1.50
2013.04.08 04:41:55.602,1.05425,1.05447,2.10,1.50
2013.04.08 04:41:56.022,1.05425,1.05448,1.50,1.50
2013.04.08 04:41:56.682,1.05425,1.05448,1.50,1.50
2013.04.08 04:41:59.183,1.05425,1.05441,1.13,1.13
2013.04.08 04:42:02.665,1.05425,1.05444,1.13,1.88
2013.04.08 04:42:05.024,1.05425,1.05446,1.65,1.13
2013.04.08 04:42:05.213,1.05429,1.05448,1.13,1.13
2013.04.08 04:42:05.273,1.05428,1.05448,2.78,1.13
2013.04.08 04:42:07.678,1.05427,1.0545,4.50,1.13
2013.04.08 04:42:09.182,1.05429,1.0545,1.13,1.13
2013.04.08 04:42:09.765,1.0543,1.05451,1.88,1.13
2013.04.08 04:42:11.644,1.05429,1.05452,2.40,1.13
2013.04.08 04:42:11.951,1.05434,1.05453,1.50,1.88
2013.04.08 04:42:13.693,1.05434,1.05453,1.50,1.13
2013.04.08 04:42:15.123,1.05434,1.05452,1.13,1.13
2013.04.08 04:42:15.182,1.05432,1.05452,1.65,1.13
2013.04.08 04:42:16.422,1.05434,1.05453,1.50,1.13
2013.04.08 04:42:16.482,1.05432,1.05453,1.65,1.13
2013.04.08 04:42:16.602,1.05437,1.05457,1.13,1.13
2013.04.08 04:42:16.663,1.05437,1.05458,1.73,2.63
2013.04.08 04:42:16.963,1.05438,1.0546,2.10,1.13
2013.04.08 04:42:17.142,1.05438,1.05463,2.10,1.50
2013.04.08 04:42:17.262,1.0544,1.05463,1.28,1.50
2013.04.08 04:42:17.324,1.05442,1.05463,1.13,1.50
2013.04.08 04:42:17.511,1.05442,1.05465,1.65,1.69
2013.04.08 04:42:17.872,1.05443,1.05466,1.13,1.69
2013.04.08 04:42:18.172,1.05449,1.05471,1.65,1.88
2013.04.08 04:42:19.053,1.05447,1.05471,3.00,1.88
2013.04.08 04:42:19.302,1.05446,1.05471,2.25,1.88
2013.04.08 04:42:20.207,1.0544,1.05465,1.84,1.13
2013.04.08 04:42:20.918,1.0544,1.05464,1.84,1.88
2013.04.08 04:42:21.792,1.05441,1.05464,1.13,1.88
2013.04.08 04:42:22.431,1.05443,1.05467,1.65,1.88
2013.04.08 04:42:22.942,1.05444,1.05467,2.03,1.88
2013.04.08 04:42:23.062,1.05444,1.05467,2.25,1.88
2013.04.08 04:42:25.732,1.05445,1.05467,1.65,1.13
2013.04.08 04:42:26.845,1.05443,1.05467,1.65,1.88
2013.04.08 04:42:27.164,1.05441,1.05464,1.65,1.50
2013.04.08 04:42:27.222,1.05439,1.05464,1.28,1.50
2013.04.08 04:42:27.562,1.05438,1.05464,5.03,2.25
2013.04.08 04:42:28.112,1.0544,1.05465,1.65,1.88
2013.04.08 04:42:28.966,1.0544,1.05464,1.65,1.13
2013.04.08 04:42:29.714,1.0544,1.05463,3.15,1.13
2013.04.08 04:42:30.172,1.05443,1.05465,1.65,1.13
2013.04.08 04:42:30.943,1.05444,1.05467,1.65,1.88
2013.04.08 04:42:31.512,1.05444,1.05468,1.65,1.88
2013.04.08 04:42:32.071,1.05445,1.05468,1.13,1.88
2013.04.08 04:42:32.485,1.05446,1.05469,1.65,1.13
2013.04.08 04:42:33.694,1.05446,1.05471,1.65,1.13
2013.04.08 04:42:35.099,1.05447,1.05471,1.88,1.13
2013.04.08 04:42:38.393,1.05447,1.05472,2.03,1.50
2013.04.08 04:42:41.081,1.05447,1.05472,2.25,1.50
2013.04.08 04:42:41.632,1.05447,1.05472,2.25,1.50
2013.04.08 04:42:41.942,1.05451,1.05476,1.28,2.07
2013.04.08 04:42:42.306,1.05451,1.05475,1.28,1.69
2013.04.08 04:42:42.861,1.05451,1.05475,1.28,1.69
2013.04.08 04:42:43.412,1.05451,1.05475,1.28,1.69
2013.04.08 04:42:43.962,1.05449,1.05475,1.65,2.07
2013.04.08 04:42:45.092,1.05449,1.05475,1.65,2.07
2013.04.08 04:42:47.353,1.05448,1.05475,2.25,2.44
2013.04.08 04:42:51.582,1.05449,1.05475,1.65,1.88
2013.04.08 04:42:54.082,1.05449,1.05475,2.25,2.07
2013.04.08 04:42:55.162,1.05449,1.05475,1.65,1.88
2013.04.08 04:42:55.983,1.05449,1.05475,1.28,1.50
2013.04.08 04:42:57.204,1.05449,1.05475,3.34,1.50
2013.04.08 04:42:57.333,1.05449,1.05475,1.84,1.50
2013.04.08 04:42:57.872,1.05445,1.05471,3.38,1.69
2013.04.08 04:42:57.992,1.05445,1.05471,1.88,1.69
2013.04.08 04:43:01.543,1.05445,1.05468,1.92,1.13
2013.04.08 04:43:01.867,1.05442,1.05466,1.47,1.50
2013.04.08 04:43:02.171,1.05442,1.05463,1.09,1.13
2013.04.08 04:43:03.032,1.05439,1.05463,2.10,1.32
2013.04.08 04:43:03.273,1.05437,1.05462,1.88,1.13
2013.04.08 04:43:08.912,1.05439,1.05462,1.50,1.13
2013.04.08 04:43:09.032,1.05439,1.05464,3.75,1.50
2013.04.08 04:43:09.157,1.05442,1.05465,1.50,1.13
2013.04.08 04:43:09.344,1.05443,1.05467,3.42,1.88
2013.04.08 04:43:09.414,1.05444,1.05468,1.09,4.50
2013.04.08 04:43:09.661,1.05446,1.05469,1.65,3.00
2013.04.08 04:43:10.285,1.05446,1.0547,1.65,1.88
2013.04.08 04:43:10.687,1.05446,1.0547,1.65,1.13
2013.04.08 04:43:12.942,1.05444,1.0547,2.22,1.13
2013.04.08 04:43:13.680,1.05444,1.0547,1.50,1.28
2013.04.08 04:43:13.756,1.05441,1.05466,1.65,1.50
2013.04.08 04:43:16.026,1.05441,1.05464,1.65,1.13
2013.04.08 04:43:21.375,1.05441,1.05465,1.65,1.13
2013.04.08 04:43:21.444,1.05441,1.05464,1.65,1.50
2013.04.08 04:43:21.571,1.05438,1.05462,2.22,1.50
2013.04.08 04:43:22.092,1.05438,1.05462,4.47,1.50
2013.04.08 04:43:23.743,1.05438,1.05463,1.47,1.88
2013.04.08 04:43:25.252,1.05438,1.05463,1.13,1.88
2013.04.08 04:43:26.192,1.05436,1.05462,3.00,1.88
2013.04.08 04:43:27.713,1.05438,1.05462,2.07,1.50
2013.04.08 04:43:28.012,1.05438,1.05462,2.07,1.50
2013.04.08 04:43:33.331,1.05438,1.05462,1.65,1.50
2013.04.08 04:43:36.532,1.05439,1.05462,1.32,1.50
2013.04.08 04:43:36.892,1.05441,1.05465,1.88,1.88
2013.04.08 04:43:37.732,1.05443,1.05467,1.28,1.50
2013.04.08 04:43:39.419,1.05443,1.05468,2.03,1.13
2013.04.08 04:43:39.932,1.05445,1.05468,1.65,1.13
2013.04.08 04:43:42.003,1.05446,1.0547,1.28,1.50
2013.04.08 04:43:48.029,1.05446,1.05469,1.28,1.50
2013.04.08 04:43:52.403,1.05445,1.05469,2.03,1.50
2013.04.08 04:43:52.842,1.05449,1.05473,2.40,1.88
2013.04.08 04:43:52.963,1.05451,1.05473,1.13,1.88
2013.04.08 04:43:53.023,1.05451,1.05474,1.50,1.50
2013.04.08 04:43:53.083,1.05451,1.05477,3.53,2.44
2013.04.08 04:43:54.092,1.05451,1.05475,1.50,1.13
2013.04.08 04:43:54.273,1.05451,1.05475,1.50,1.13
2013.04.08 04:43:54.492,1.05451,1.05475,1.50,1.13
2013.04.08 04:43:57.282,1.0545,1.05473,1.35,1.50
2013.04.08 04:43:57.843,1.05449,1.05473,1.88,2.25
2013.04.08 04:43:59.233,1.05451,1.05472,1.13,1.50
2013.04.08 04:43:59.592,1.05454,1.05476,2.63,1.50
2013.04.08 04:43:59.832,1.05454,1.05476,2.40,1.50
2013.04.08 04:43:59.953,1.05452,1.05475,1.13,1.69
2013.04.08 04:44:00.252,1.05447,1.05473,2.63,1.50
2013.04.08 04:44:00.372,1.05447,1.05471,2.63,1.65
2013.04.08 04:44:00.914,1.05447,1.05468,1.28,1.50
2013.04.08 04:44:01.162,1.05447,1.0547,1.88,1.50
2013.04.08 04:44:01.606,1.05448,1.05471,1.65,1.13
2013.04.08 04:44:01.852,1.05452,1.05472,1.50,1.50
2013.04.08 04:44:01.987,1.05451,1.05474,2.40,1.50
2013.04.08 04:44:02.682,1.05451,1.05477,3.15,1.88
2013.04.08 04:44:02.932,1.05451,1.05477,3.15,1.88
2013.04.08 04:44:03.172,1.05451,1.05477,1.65,1.88
2013.04.08 04:44:05.352,1.05452,1.05474,1.28,1.50
2013.04.08 04:44:05.752,1.05447,1.05473,2.03,1.50
2013.04.08 04:44:06.056,1.05448,1.05473,1.13,1.50
2013.04.08 04:44:06.398,1.05448,1.05473,1.13,1.50
2013.04.08 04:44:07.443,1.05447,1.05473,1.28,2.07
2013.04.08 04:44:10.613,1.05446,1.05467,1.65,1.32
2013.04.08 04:44:10.742,1.05443,1.05467,1.13,1.32
2013.04.08 04:44:10.864,1.05443,1.05469,5.25,1.65
2013.04.08 04:44:10.993,1.05449,1.05472,1.35,1.88
2013.04.08 04:44:11.112,1.05444,1.05472,2.40,2.63
2013.04.08 04:44:11.235,1.05446,1.05469,1.28,1.50
2013.04.08 04:44:11.552,1.05452,1.05475,1.88,2.07
2013.04.08 04:44:12.035,1.05452,1.05475,4.13,1.32
2013.04.08 04:44:12.703,1.05453,1.05478,2.03,1.88
2013.04.08 04:44:12.762,1.05454,1.05478,1.13,1.88
2013.04.08 04:44:14.242,1.05454,1.05478,1.43,1.50
2013.04.08 04:44:22.302,1.05453,1.05478,1.13,1.88
2013.04.08 04:44:23.021,1.05453,1.05478,2.40,1.88
2013.04.08 04:44:27.952,1.05453,1.05478,1.28,2.07
2013.04.08 04:44:28.630,1.05453,1.05478,1.28,1.50
2013.04.08 04:44:29.654,1.05455,1.0548,1.28,1.88
2013.04.08 04:44:29.832,1.05456,1.0548,2.40,1.13
2013.04.08 04:44:30.754,1.05457,1.05482,1.13,1.84
2013.04.08 04:44:30.932,1.05457,1.05482,1.13,1.84
2013.04.08 04:44:32.123,1.05458,1.05482,1.13,1.69
2013.04.08 04:44:32.362,1.05461,1.05484,1.65,1.50
2013.04.08 04:44:33.262,1.0546,1.05483,1.65,2.07
2013.04.08 04:44:33.384,1.05457,1.0548,1.50,1.47
2013.04.08 04:44:33.932,1.05457,1.0548,1.65,1.32
2013.04.08 04:44:34.715,1.05456,1.05483,3.00,1.69
2013.04.08 04:44:34.902,1.05459,1.05484,1.65,1.32
2013.04.08 04:44:35.963,1.05462,1.05487,2.03,1.88
2013.04.08 04:44:36.082,1.05463,1.05487,3.00,1.13
2013.04.08 04:44:36.262,1.05464,1.05488,2.03,1.47
2013.04.08 04:44:36.323,1.05466,1.05488,1.13,1.32
2013.04.08 04:44:36.862,1.05466,1.05489,1.13,1.47
2013.04.08 04:44:37.643,1.05466,1.05489,1.13,1.47
2013.04.08 04:44:37.718,1.05464,1.05489,1.28,1.13
2013.04.08 04:44:38.034,1.05461,1.05485,1.50,1.84
2013.04.08 04:44:38.103,1.0546,1.05483,1.13,1.32
2013.04.08 04:44:38.662,1.05461,1.05483,1.50,1.32
2013.04.08 04:44:40.563,1.05461,1.05483,1.50,1.32
2013.04.08 04:44:41.072,1.05459,1.05483,1.88,1.32
2013.04.08 04:44:41.643,1.05461,1.05485,1.50,1.32
2013.04.08 04:44:42.183,1.05459,1.05483,1.50,1.47
2013.04.08 04:44:42.242,1.05458,1.05481,1.50,1.09
2013.04.08 04:44:42.363,1.05457,1.05481,1.13,1.84
2013.04.08 04:44:43.771,1.05456,1.05481,1.88,2.07
2013.04.08 04:44:51.244,1.05457,1.05481,1.13,2.07
2013.04.08 04:44:52.851,1.05457,1.0548,1.13,1.32
2013.04.08 04:44:53.151,1.05457,1.05481,1.88,2.07
2013.04.08 04:44:54.852,1.05457,1.0548,1.50,1.32
2013.04.08 04:44:55.273,1.05454,1.05478,1.13,2.07
2013.04.08 04:44:56.760,1.05452,1.05476,4.88,1.32
2013.04.08 04:44:57.281,1.05452,1.05478,4.88,2.07
2013.04.08 04:44:57.872,1.05454,1.05478,1.50,2.07
2013.04.08 04:44:57.993,1.05454,1.05478,2.63,1.32
2013.04.08 04:44:59.108,1.05457,1.05482,1.65,1.88
2013.04.08 04:44:59.621,1.05456,1.05482,1.50,1.88
2013.04.08 04:45:03.106,1.05458,1.05483,1.28,1.69
2013.04.08 04:45:03.352,1.05458,1.05483,1.13,2.07
2013.04.08 04:45:03.592,1.05458,1.05483,1.28,1.69
2013.04.08 04:45:04.343,1.05458,1.05482,1.13,1.28
2013.04.08 04:45:04.410,1.05454,1.05478,1.88,1.50
2013.04.08 04:45:10.232,1.05455,1.05478,1.13,1.50
2013.04.08 04:45:11.281,1.05454,1.05478,2.03,1.50
2013.04.08 04:45:25.667,1.05455,1.05479,2.63,1.47
2013.04.08 04:45:26.238,1.05457,1.0548,1.50,1.28
2013.04.08 04:45:28.341,1.05457,1.05481,1.50,1.69
2013.04.08 04:45:29.552,1.05457,1.05481,1.88,1.32
2013.04.08 04:45:31.057,1.05458,1.0548,1.50,1.28
2013.04.08 04:45:31.182,1.05462,1.05483,1.50,1.13
2013.04.08 04:45:31.244,1.05466,1.05485,1.65,2.40
2013.04.08 04:45:31.362,1.05467,1.05491,1.65,5.44
2013.04.08 04:45:33.502,1.05469,1.05492,1.88,1.32
2013.04.08 04:45:34.013,1.05467,1.05491,1.88,1.47
2013.04.08 04:45:34.372,1.05466,1.05491,2.63,1.32
2013.04.08 04:45:34.432,1.05466,1.05492,2.63,1.32
2013.04.08 04:45:35.262,1.05469,1.05492,1.50,1.32
2013.04.08 04:45:41.643,1.05469,1.05492,1.50,1.69
2013.04.08 04:45:41.704,1.05466,1.05491,2.25,1.47
2013.04.08 04:45:51.367,1.05466,1.0549,1.50,1.47
2013.04.08 04:45:53.774,1.05464,1.05489,1.13,1.65
2013.04.08 04:45:53.963,1.05464,1.05488,1.13,1.13
2013.04.08 04:45:54.323,1.0546,1.05482,1.32,1.88
2013.04.08 04:45:54.872,1.05457,1.05481,2.07,1.28
2013.04.08 04:45:55.113,1.05456,1.0548,1.50,1.09
2013.04.08 04:46:00.440,1.05456,1.05479,1.88,1.50
2013.04.08 04:46:04.473,1.05456,1.05478,1.50,1.47
2013.04.08 04:46:04.771,1.05454,1.05477,1.50,3.90
2013.04.08 04:46:04.832,1.05453,1.05477,1.50,5.03
2013.04.08 04:46:04.953,1.0545,1.05476,1.65,1.50
2013.04.08 04:46:05.132,1.05449,1.05472,1.13,1.32
2013.04.08 04:46:05.312,1.05445,1.05472,1.65,1.84
2013.04.08 04:46:07.516,1.05445,1.05471,1.65,1.84
2013.04.08 04:46:08.332,1.05444,1.05468,1.88,1.32
2013.04.08 04:46:11.362,1.05444,1.05467,1.13,1.13
2013.04.08 04:46:14.162,1.05444,1.05468,1.13,1.32
2013.04.08 04:46:14.222,1.05444,1.05468,1.13,1.32
2013.04.08 04:46:18.033,1.0545,1.05471,1.13,1.32
2013.04.08 04:46:18.212,1.05451,1.05474,1.88,1.32
2013.04.08 04:46:20.598,1.05451,1.05475,2.63,1.32
2013.04.08 04:46:23.461,1.05451,1.05475,2.63,4.50
2013.04.08 04:46:24.513,1.05451,1.05471,1.88,1.32
2013.04.08 04:46:25.221,1.05451,1.05471,1.88,1.32
2013.04.08 04:46:25.852,1.0545,1.05471,1.13,1.32
2013.04.08 04:46:26.393,1.05448,1.05471,1.13,4.65
2013.04.08 04:46:26.818,1.05444,1.05466,1.28,1.13
2013.04.08 04:46:27.352,1.05444,1.05467,1.28,1.32
2013.04.08 04:46:27.652,1.05445,1.05468,1.65,1.50
2013.04.08 04:46:28.192,1.05448,1.05472,1.65,2.44
2013.04.08 04:46:28.732,1.05448,1.05469,1.50,1.32
2013.04.08 04:46:31.062,1.05448,1.05472,2.25,2.44
2013.04.08 04:46:31.243,1.05451,1.05473,1.50,1.69
2013.04.08 04:46:31.602,1.05452,1.05473,1.65,1.32
2013.04.08 04:46:33.102,1.05452,1.05474,1.65,1.32
2013.04.08 04:46:34.122,1.05452,1.05477,2.40,1.69
2013.04.08 04:46:44.985,1.05452,1.05477,2.03,1.69
2013.04.08 04:46:45.532,1.05452,1.05477,2.03,2.44
2013.04.08 04:46:46.264,1.05452,1.05469,1.65,1.13
2013.04.08 04:46:48.242,1.05452,1.05472,1.65,1.13
2013.04.08 04:46:48.972,1.05451,1.05472,1.65,1.13
2013.04.08 04:46:51.452,1.0545,1.05469,1.13,1.13
2013.04.08 04:46:51.782,1.0545,1.05474,1.13,1.13
2013.04.08 04:47:04.736,1.0545,1.05474,2.03,1.88
2013.04.08 04:47:06.483,1.05451,1.05474,1.65,1.13
2013.04.08 04:47:06.543,1.05454,1.05474,1.13,1.13
2013.04.08 04:47:06.604,1.05453,1.05475,1.28,1.50
2013.04.08 04:47:06.783,1.05454,1.05478,1.50,1.50
2013.04.08 04:47:06.844,1.05453,1.05477,2.03,1.69
2013.04.08 04:47:06.903,1.05453,1.05477,1.28,1.69
2013.04.08 04:47:07.212,1.05454,1.05478,1.50,1.32
2013.04.08 04:47:07.652,1.05453,1.05479,2.03,3.00
2013.04.08 04:47:08.472,1.05451,1.05477,3.00,1.50
2013.04.08 04:47:09.090,1.05447,1.05472,2.03,1.13
2013.04.08 04:47:09.723,1.0545,1.05472,2.63,1.13
2013.04.08 04:47:09.842,1.05456,1.05474,1.65,1.50
2013.04.08 04:47:10.023,1.05457,1.05482,3.38,1.13
2013.04.08 04:47:11.233,1.05457,1.05481,1.65,1.50
2013.04.08 04:47:14.294,1.05457,1.05478,1.13,1.13
2013.04.08 04:47:14.363,1.05457,1.05479,1.13,1.13
2013.04.08 04:47:15.532,1.05457,1.0548,1.50,1.50
2013.04.08 04:47:20.332,1.05458,1.05484,1.50,3.38
2013.04.08 04:47:21.433,1.0546,1.05484,1.28,3.00
2013.04.08 04:47:21.734,1.0546,1.05483,1.28,1.50
2013.04.08 04:47:22.893,1.05458,1.05483,2.63,1.50
2013.04.08 04:47:24.573,1.05458,1.05483,1.28,1.50
2013.04.08 04:47:24.753,1.05453,1.05479,2.03,1.50
2013.04.08 04:47:24.938,1.05453,1.05478,1.28,1.32
2013.04.08 04:47:26.633,1.05457,1.05475,1.28,1.50
2013.04.08 04:47:26.993,1.05456,1.05482,2.03,1.50
2013.04.08 04:47:27.054,1.05457,1.05482,1.50,1.50
2013.04.08 04:47:27.232,1.05457,1.05483,1.50,1.88
2013.04.08 04:47:27.592,1.05459,1.05483,1.28,1.50
2013.04.08 04:47:27.893,1.05459,1.05483,2.40,1.50
2013.04.08 04:47:27.956,1.05459,1.05484,2.40,2.25
2013.04.08 04:47:28.554,1.05459,1.05483,1.28,2.07
2013.04.08 04:47:29.102,1.05459,1.05483,2.63,1.32
2013.04.08 04:47:33.894,1.05459,1.05483,1.88,1.50
2013.04.08 04:47:35.164,1.05461,1.05483,1.13,1.32
2013.04.08 04:47:35.224,1.05459,1.05483,2.63,1.47
2013.04.08 04:47:35.292,1.05457,1.05483,1.88,2.22
2013.04.08 04:47:35.703,1.05457,1.0548,1.88,1.09
2013.04.08 04:47:36.484,1.05457,1.0548,2.03,1.09
2013.04.08 04:47:36.603,1.0546,1.05483,1.28,2.40
2013.04.08 04:47:36.663,1.0546,1.05483,1.05,1.50
2013.04.08 04:47:36.963,1.05461,1.05486,1.88,2.07
2013.04.08 04:47:37.262,1.05461,1.05486,1.28,2.07
2013.04.08 04:47:38.507,1.05461,1.05486,1.28,2.07
2013.04.08 04:47:39.880,1.05461,1.05484,1.28,1.32
2013.04.08 04:47:40.413,1.05458,1.05483,1.13,2.07
2013.04.08 04:47:50.926,1.05457,1.05482,1.50,1.69
2013.04.08 04:47:51.243,1.05456,1.05482,2.63,2.07
2013.04.08 04:47:51.303,1.05456,1.05479,1.88,1.32
2013.04.08 04:47:51.423,1.05455,1.05478,1.65,1.32
2013.04.08 04:47:51.603,1.05453,1.05477,1.28,1.69
2013.04.08 04:47:52.489,1.05454,1.05477,2.03,1.50
2013.04.08 04:47:57.523,1.05454,1.05477,1.65,1.50
2013.04.08 04:47:57.944,1.05459,1.05479,1.65,1.13
2013.04.08 04:48:00.053,1.05459,1.05482,2.40,1.50
2013.04.08 04:48:00.114,1.05461,1.05483,2.16,1.13
2013.04.08 04:48:00.175,1.05468,1.05484,1.65,2.25
2013.04.08 04:48:00.364,1.05467,1.05485,1.65,1.50
2013.04.08 04:48:00.424,1.05468,1.05488,1.50,1.50
2013.04.08 04:48:00.483,1.05468,1.05489,1.50,1.50
2013.04.08 04:48:01.109,1.05468,1.0549,1.50,1.50
2013.04.08 04:48:03.003,1.05468,1.05491,1.50,1.50
2013.04.08 04:48:04.303,1.05468,1.05491,1.50,1.50
2013.04.08 04:48:04.862,1.05467,1.05487,1.13,1.50
2013.04.08 04:48:05.102,1.05467,1.05487,1.13,1.50
2013.04.08 04:48:07.904,1.05465,1.05484,2.03,1.13
2013.04.08 04:48:08.684,1.05457,1.05478,1.28,1.50
2013.04.08 04:48:09.474,1.05456,1.05478,1.50,1.50
2013.04.08 04:48:11.268,1.05454,1.05478,3.15,4.88
2013.04.08 04:48:11.574,1.05454,1.05478,2.78,4.88
2013.04.08 04:48:11.955,1.05452,1.05468,1.65,1.13
2013.04.08 04:48:12.203,1.05445,1.05468,2.03,1.13
2013.04.08 04:48:12.323,1.05445,1.05468,2.03,1.13
2013.04.08 04:48:12.563,1.05445,1.05468,2.03,1.13
2013.04.08 04:48:12.923,1.05446,1.05468,1.65,1.13
2013.04.08 04:48:13.603,1.05448,1.05469,1.50,1.13
2013.04.08 04:48:13.903,1.05448,1.05469,2.40,1.13
2013.04.08 04:48:13.963,1.0545,1.05469,1.65,1.13
2013.04.08 04:48:15.065,1.05454,1.05474,1.80,1.32
2013.04.08 04:48:15.315,1.05454,1.05474,1.05,1.88
2013.04.08 04:48:15.503,1.05452,1.05474,1.73,1.88
2013.04.08 04:48:15.564,1.05451,1.05474,1.50,1.88
2013.04.08 04:48:15.684,1.05445,1.05469,1.50,1.69
2013.04.08 04:48:15.982,1.05444,1.05467,1.50,1.50
2013.04.08 04:48:19.974,1.05444,1.05466,1.13,1.50
2013.04.08 04:48:20.293,1.05443,1.05466,1.80,1.50
2013.04.08 04:48:20.593,1.05439,1.05466,2.03,2.22
2013.04.08 04:48:20.772,1.05439,1.05467,2.03,2.03
2013.04.08 04:48:20.893,1.05442,1.05466,1.65,2.78
2013.04.08 04:48:23.393,1.05442,1.05464,1.65,1.13
2013.04.08 04:48:24.094,1.05442,1.05464,1.65,1.13
2013.04.08 04:48:26.738,1.05442,1.05464,1.65,1.13
2013.04.08 04:48:30.604,1.05441,1.05464,1.13,1.88
2013.04.08 04:48:31.096,1.05441,1.05463,1.13,1.50
2013.04.08 04:48:33.364,1.05441,1.05466,1.13,1.88
2013.04.08 04:48:33.482,1.05442,1.05466,1.65,1.88
2013.04.08 04:48:33.884,1.05442,1.05466,1.65,1.88
2013.04.08 04:48:34.252,1.05442,1.05466,1.65,1.88
2013.04.08 04:48:34.473,1.05442,1.05466,1.65,2.63
2013.04.08 04:48:37.537,1.05442,1.05464,1.65,1.13
2013.04.08 04:48:37.665,1.05439,1.05462,2.18,1.50
2013.04.08 04:48:37.855,1.05435,1.05459,1.50,1.65
2013.04.08 04:48:37.983,1.05432,1.05459,1.28,1.65
2013.04.08 04:48:38.224,1.05432,1.05459,1.88,1.50
2013.04.08 04:48:41.074,1.05437,1.05461,1.88,1.13
2013.04.08 04:48:43.889,1.05437,1.05462,1.88,1.88
2013.04.08 04:48:46.093,1.05437,1.05462,1.88,1.13
2013.04.08 04:48:46.674,1.05438,1.05462,1.13,1.13
2013.04.08 04:48:50.044,1.05439,1.05463,1.13,1.50
2013.04.08 04:48:50.164,1.05441,1.05465,1.65,1.13
2013.04.08 04:48:50.345,1.05442,1.05467,2.03,1.65
2013.04.08 04:48:50.655,1.05445,1.05469,2.40,2.63
2013.04.08 04:48:50.724,1.05445,1.05469,2.40,1.88
2013.04.08 04:48:50.783,1.05445,1.05469,1.65,1.88
2013.04.08 04:48:51.083,1.05444,1.05469,2.25,1.13
2013.04.08 04:48:51.877,1.05444,1.05468,1.50,1.50
2013.04.08 04:48:55.582,1.05444,1.05468,1.50,1.88
2013.04.08 04:48:55.823,1.05444,1.05468,1.50,1.88
2013.04.08 04:48:55.882,1.05444,1.05468,2.25,1.13
2013.04.08 04:48:56.193,1.05444,1.0547,1.88,1.88
2013.04.08 04:48:57.893,1.05449,1.05472,1.50,1.88
2013.04.08 04:48:58.683,1.05448,1.05472,1.65,1.88
2013.04.08 04:48:59.204,1.05447,1.0547,1.28,1.50
2013.04.08 04:49:06.443,1.05449,1.05471,1.13,1.13
2013.04.08 04:49:06.723,1.0545,1.05473,1.13,1.88
2013.04.08 04:49:07.284,1.0545,1.05473,1.13,1.88
2013.04.08 04:49:07.813,1.05449,1.05473,1.65,1.88
2013.04.08 04:49:08.053,1.05449,1.05473,1.50,2.25
2013.04.08 04:49:08.593,1.0545,1.05473,2.63,1.88
2013.04.08 04:49:08.653,1.05452,1.05473,1.65,1.13
2013.04.08 04:49:09.193,1.05454,1.05474,1.50,1.13
2013.04.08 04:49:09.794,1.05452,1.05473,1.50,1.13
2013.04.08 04:49:09.976,1.0545,1.05474,1.65,1.28
2013.04.08 04:49:10.049,1.0545,1.05474,1.88,1.13
2013.04.08 04:49:10.373,1.05449,1.05474,2.78,1.13
2013.04.08 04:49:10.434,1.05451,1.05474,1.13,1.13
2013.04.08 04:49:10.733,1.05446,1.05473,2.03,2.03
2013.04.08 04:49:10.793,1.05446,1.05472,1.28,1.65
2013.04.08 04:49:12.134,1.05448,1.05471,1.13,1.13
2013.04.08 04:49:12.983,1.05452,1.05475,1.50,1.28
2013.04.08 04:49:13.044,1.05454,1.05476,1.13,1.13
2013.04.08 04:49:13.234,1.05457,1.05479,2.03,1.50
2013.04.08 04:49:13.304,1.05457,1.05483,2.03,1.88
2013.04.08 04:49:13.844,1.05457,1.05481,1.65,1.13
2013.04.08 04:49:17.014,1.05455,1.05481,1.65,2.03
2013.04.08 04:49:17.144,1.05454,1.05479,1.28,1.50
2013.04.08 04:49:17.694,1.05453,1.05479,3.90,2.63
2013.04.08 04:49:22.723,1.05455,1.05478,1.13,1.13
2013.04.08 04:49:25.403,1.05457,1.05478,1.13,1.13
2013.04.08 04:49:28.186,1.05461,1.05484,1.65,1.13
2013.04.08 04:49:28.732,1.05462,1.05483,1.50,1.28
2013.04.08 04:49:29.273,1.0546,1.05483,2.25,1.28
2013.04.08 04:49:29.333,1.0546,1.05482,2.25,1.13
2013.04.08 04:49:29.394,1.0546,1.05483,2.25,2.03
2013.04.08 04:49:29.465,1.05458,1.05482,1.50,1.28
2013.04.08 04:49:29.533,1.05457,1.05481,3.00,1.28
2013.04.08 04:49:29.953,1.05457,1.05478,1.50,1.13
2013.04.08 04:49:31.034,1.05453,1.05478,1.50,2.03
2013.04.08 04:49:31.093,1.05453,1.05475,1.50,1.13
2013.04.08 04:49:31.154,1.05452,1.05475,2.40,1.13
2013.04.08 04:49:31.513,1.0545,1.05473,1.50,1.13
2013.04.08 04:49:31.634,1.0545,1.0547,1.50,1.13
2013.04.08 04:49:31.694,1.05446,1.0547,1.88,1.88
2013.04.08 04:49:32.233,1.05446,1.0547,2.63,1.88
2013.04.08 04:49:32.744,1.05447,1.0547,1.65,1.88
2013.04.08 04:49:32.923,1.05449,1.0547,2.55,1.13
2013.04.08 04:49:33.236,1.0545,1.0547,1.13,1.13
2013.04.08 04:49:33.546,1.05449,1.0547,1.65,1.13
2013.04.08 04:49:33.674,1.05447,1.0547,1.65,1.13
2013.04.08 04:49:33.863,1.05447,1.05468,1.88,1.13
2013.04.08 04:49:33.922,1.05447,1.05468,1.65,1.13
2013.04.08 04:49:35.952,1.05447,1.0547,3.15,1.13
2013.04.08 04:49:37.693,1.0545,1.0547,1.13,1.13
2013.04.08 04:49:37.813,1.05449,1.05473,1.88,1.13
2013.04.08 04:49:44.013,1.05449,1.05472,1.65,1.13
2013.04.08 04:49:48.596,1.05449,1.0547,1.65,1.13
2013.04.08 04:49:49.144,1.0545,1.05472,1.13,1.13
2013.04.08 04:49:49.485,1.05453,1.05478,1.65,1.28
2013.04.08 04:49:50.233,1.05453,1.05478,1.65,1.13
2013.04.08 04:49:50.773,1.05453,1.05478,1.65,1.13
2013.04.08 04:49:51.685,1.05452,1.05477,2.25,1.13
2013.04.08 04:49:52.014,1.05452,1.05476,2.25,1.13
2013.04.08 04:49:52.414,1.05451,1.05475,2.40,1.13
2013.04.08 04:49:52.533,1.05449,1.05474,1.65,1.28
2013.04.08 04:49:52.663,1.05449,1.05472,1.65,1.13
2013.04.08 04:49:53.834,1.05449,1.05473,1.65,1.88
2013.04.08 04:49:54.144,1.05451,1.05473,1.88,1.13
2013.04.08 04:49:54.563,1.05455,1.05473,1.50,1.13
2013.04.08 04:49:55.994,1.05452,1.05473,1.65,1.88
2013.04.08 04:49:56.258,1.05452,1.05476,1.65,1.88
2013.04.08 04:50:00.173,1.05451,1.05473,1.88,1.13
2013.04.08 04:50:01.597,1.05451,1.05474,1.88,1.13
2013.04.08 04:50:02.273,1.05451,1.05472,2.40,1.13
2013.04.08 04:50:02.576,1.05453,1.05471,1.88,1.13
2013.04.08 04:50:02.703,1.05452,1.05471,1.65,1.13
2013.04.08 04:50:03.423,1.05447,1.05471,1.65,1.13
2013.04.08 04:50:03.783,1.05449,1.05471,1.50,1.13
2013.04.08 04:50:03.963,1.05447,1.0547,1.65,1.13
2013.04.08 04:50:05.222,1.05447,1.05469,1.65,1.13
2013.04.08 04:50:05.533,1.0545,1.0547,1.50,1.13
2013.04.08 04:50:05.894,1.0545,1.05467,1.50,1.13
2013.04.08 04:50:06.284,1.05447,1.05467,1.50,1.13
2013.04.08 04:50:06.843,1.05447,1.05468,1.50,1.13
2013.04.08 04:50:08.010,1.05447,1.05466,1.50,1.13
2013.04.08 04:50:09.933,1.05445,1.05465,1.50,1.13
2013.04.08 04:50:10.053,1.05444,1.05465,1.65,1.13
2013.04.08 04:50:13.833,1.05442,1.05467,3.15,1.13
2013.04.08 04:50:14.993,1.05445,1.05468,1.65,1.88
2013.04.08 04:50:15.683,1.05445,1.05469,2.40,1.88
2013.04.08 04:50:22.602,1.05445,1.05467,2.40,1.13
2013.04.08 04:50:23.423,1.05442,1.05466,2.25,1.28
2013.04.08 04:50:23.543,1.05442,1.05466,2.63,1.13
2013.04.08 04:50:23.844,1.05439,1.05463,1.50,1.13
2013.04.08 04:50:24.983,1.05438,1.0546,1.65,1.13
2013.04.08 04:50:26.453,1.05438,1.0546,1.65,1.13
2013.04.08 04:50:26.817,1.05441,1.05463,1.50,1.28
2013.04.08 04:50:27.064,1.05444,1.05468,1.50,1.13
2013.04.08 04:50:27.373,1.05445,1.05468,1.65,1.13
2013.04.08 04:50:27.923,1.05445,1.05468,2.25,1.28
2013.04.08 04:50:28.103,1.05445,1.05469,2.40,2.63
2013.04.08 04:50:28.523,1.05448,1.05469,2.40,1.13
2013.04.08 04:50:28.583,1.05448,1.05473,2.40,1.13
2013.04.08 04:50:28.643,1.05451,1.05474,1.50,1.13
2013.04.08 04:50:29.125,1.05453,1.05474,1.88,2.63
2013.04.08 04:50:30.391,1.05454,1.05474,1.13,1.13
2013.04.08 04:50:30.762,1.05454,1.05478,2.40,1.88
2013.04.08 04:50:33.044,1.05454,1.05478,1.13,1.88
2013.04.08 04:50:33.103,1.05453,1.05478,3.30,1.88
2013.04.08 04:50:33.863,1.05454,1.05478,2.40,1.13
2013.04.08 04:50:34.164,1.05457,1.05481,1.13,1.13
2013.04.08 04:50:38.267,1.05459,1.05482,1.28,1.13
2013.04.08 04:50:38.512,1.05463,1.05487,1.88,1.13
2013.04.08 04:50:38.572,1.05463,1.05487,1.65,1.13
2013.04.08 04:50:38.874,1.05461,1.05486,1.65,1.13
2013.04.08 04:50:42.857,1.0546,1.05484,1.88,1.13
2013.04.08 04:50:43.964,1.0546,1.05484,1.88,2.63
2013.04.08 04:50:44.613,1.0546,1.05484,1.88,2.63
2013.04.08 04:50:45.033,1.05464,1.05486,1.13,1.13
2013.04.08 04:50:50.004,1.05463,1.05486,1.65,1.13
2013.04.08 04:50:50.244,1.05463,1.05486,1.65,1.13
2013.04.08 04:50:53.113,1.05464,1.05488,1.28,1.13
2013.04.08 04:50:53.235,1.05464,1.05488,1.28,1.13
2013.04.08 04:50:53.544,1.05465,1.0549,1.65,1.13
2013.04.08 04:50:54.383,1.05469,1.05494,2.25,1.28
2013.04.08 04:50:54.634,1.0547,1.05493,1.65,1.13
2013.04.08 04:50:54.756,1.05471,1.05497,2.40,1.65
2013.04.08 04:50:54.823,1.05473,1.05498,1.65,2.63
2013.04.08 04:50:55.124,1.05473,1.05495,1.50,1.13
2013.04.08 04:50:55.257,1.0547,1.05492,2.25,1.28
2013.04.08 04:50:55.623,1.05468,1.05492,1.65,2.03
2013.04.08 04:50:56.173,1.05471,1.05493,1.50,1.13
2013.04.08 04:50:56.244,1.05471,1.05493,2.25,1.13
2013.04.08 04:50:56.563,1.05473,1.05497,2.03,1.50
2013.04.08 04:50:56.806,1.05477,1.05501,1.28,1.88
2013.04.08 04:50:56.994,1.05474,1.05501,1.50,2.40
2013.04.08 04:50:57.174,1.05473,1.05495,1.50,1.28
2013.04.08 04:50:57.234,1.05471,1.05495,1.50,1.28
2013.04.08 04:50:57.654,1.05471,1.05494,1.50,1.13
2013.04.08 04:50:57.893,1.05466,1.05491,1.50,1.88
2013.04.08 04:50:57.954,1.05466,1.05486,1.50,1.13
2013.04.08 04:50:58.204,1.05461,1.05482,1.50,2.78
2013.04.08 04:50:58.265,1.05455,1.05477,2.18,1.13
2013.04.08 04:50:58.334,1.05456,1.05477,1.50,1.13
2013.04.08 04:50:58.633,1.05457,1.05477,2.63,1.13
2013.04.08 04:50:58.934,1.05459,1.05477,1.50,1.13
2013.04.08 04:50:59.956,1.05461,1.05477,3.15,1.13
2013.04.08 04:51:00.085,1.05463,1.05487,1.50,1.28
2013.04.08 04:51:00.155,1.05464,1.05487,1.65,1.13
2013.04.08 04:51:00.286,1.05464,1.05488,1.65,1.13
2013.04.08 04:51:00.894,1.05463,1.05487,1.88,1.13
2013.04.08 04:51:01.133,1.05463,1.05487,1.50,1.28
2013.04.08 04:51:01.193,1.05464,1.05487,1.13,1.13
2013.04.08 04:51:01.313,1.05463,1.05488,1.88,1.50
2013.04.08 04:51:01.516,1.05463,1.05488,1.80,1.50
2013.04.08 04:51:01.824,1.05465,1.05488,1.13,3.38
2013.04.08 04:51:01.884,1.05471,1.05496,1.88,3.53
2013.04.08 04:51:02.123,1.05471,1.05497,2.03,1.28
2013.04.08 04:51:02.905,1.0547,1.05495,1.13,1.13
2013.04.08 04:51:03.453,1.05469,1.05495,2.03,1.28
2013.04.08 04:51:03.575,1.05469,1.05494,1.13,2.78
2013.04.08 04:51:03.643,1.05466,1.0549,1.65,1.13
2013.04.08 04:51:04.386,1.05464,1.05489,1.88,1.13
2013.04.08 04:51:04.462,1.05459,1.05485,1.65,1.28
2013.04.08 04:51:04.773,1.05459,1.05481,1.50,1.28
2013.04.08 04:51:04.834,1.05456,1.0548,1.50,1.28
2013.04.08 04:51:04.893,1.05454,1.0548,1.88,1.28
2013.04.08 04:51:05.454,1.05456,1.0548,1.13,1.88
2013.04.08 04:51:05.813,1.05462,1.05482,1.13,1.13
2013.04.08 04:51:08.017,1.05462,1.05482,1.50,1.13
2013.04.08 04:51:08.762,1.05462,1.05485,1.50,1.28
2013.04.08 04:51:09.623,1.05461,1.05484,1.65,1.13
2013.04.08 04:51:09.872,1.05459,1.05483,1.50,1.28
2013.04.08 04:51:09.933,1.05457,1.05483,1.65,1.13
2013.04.08 04:51:10.115,1.05459,1.05483,1.13,1.13
2013.04.08 04:51:10.423,1.0546,1.05485,1.50,1.13
2013.04.08 04:51:10.559,1.05462,1.05486,1.88,1.13
2013.04.08 04:51:12.084,1.05464,1.05488,2.25,1.13
2013.04.08 04:51:13.652,1.05467,1.05489,1.65,1.13
2013.04.08 04:51:14.324,1.05464,1.05488,2.25,1.28
2013.04.08 04:51:14.503,1.05464,1.05487,1.50,1.28
2013.04.08 04:51:15.843,1.05462,1.05487,1.65,1.13
2013.04.08 04:51:16.383,1.05464,1.05488,2.25,1.28
2013.04.08 04:51:17.054,1.05462,1.05487,1.50,1.28
2013.04.08 04:51:17.173,1.05462,1.05486,1.50,1.28
2013.04.08 04:51:17.713,1.05462,1.05486,1.88,1.13
2013.04.08 04:51:18.263,1.05465,1.05488,1.50,1.13
2013.04.08 04:51:18.383,1.05465,1.0549,1.50,1.28
2013.04.08 04:51:18.892,1.05465,1.0549,1.65,1.13
2013.04.08 04:51:18.953,1.05465,1.0549,1.65,1.13
2013.04.08 04:51:19.374,1.05465,1.05489,1.50,1.13
2013.04.08 04:51:20.284,1.05465,1.05489,1.50,1.13
2013.04.08 04:51:20.643,1.05465,1.05487,1.50,2.63
2013.04.08 04:51:20.824,1.0546,1.05483,1.13,2.18
2013.04.08 04:51:20.944,1.05456,1.05482,1.50,1.88
2013.04.08 04:51:21.699,1.05456,1.05482,1.65,1.28
2013.04.08 04:51:22.342,1.05456,1.05482,1.65,1.28
2013.04.08 04:51:22.404,1.05456,1.05481,1.50,1.28
2013.04.08 04:51:22.763,1.05456,1.05481,1.65,1.28
2013.04.08 04:51:23.903,1.05456,1.05482,2.40,1.88
2013.04.08 04:51:25.632,1.05456,1.05483,2.78,2.63
2013.04.08 04:51:26.452,1.05456,1.05483,2.78,1.88
2013.04.08 04:51:27.293,1.05456,1.05483,2.78,1.88
2013.04.08 04:51:27.653,1.05463,1.05487,1.28,1.50
2013.04.08 04:51:27.832,1.05464,1.0549,1.65,2.03
2013.04.08 04:51:29.734,1.05464,1.0549,1.50,2.25
2013.04.08 04:51:30.094,1.05463,1.05486,1.13,1.88
2013.04.08 04:51:30.154,1.0546,1.05484,1.50,1.28
2013.04.08 04:51:30.273,1.05458,1.05482,1.13,1.28
2013.04.08 04:51:30.454,1.05457,1.05482,1.88,1.88
2013.04.08 04:51:30.583,1.05457,1.05482,1.13,1.88
2013.04.08 04:51:32.753,1.05456,1.0548,1.50,1.28
2013.04.08 04:51:36.263,1.05456,1.05479,1.50,1.28
2013.04.08 04:51:38.263,1.05456,1.05478,1.50,1.50
2013.04.08 04:51:39.199,1.05456,1.05478,1.50,1.50
2013.04.08 04:51:39.323,1.05456,1.05479,1.50,1.28
2013.04.08 04:51:39.443,1.05456,1.05479,1.50,1.28
2013.04.08 04:51:42.723,1.05458,1.05482,1.13,1.28
2013.04.08 04:51:48.194,1.05459,1.05483,1.13,1.50
2013.04.08 04:51:48.552,1.05461,1.05484,1.50,1.50
2013.04.08 04:51:48.793,1.05461,1.05487,1.88,1.88
2013.04.08 04:51:49.273,1.05461,1.05486,1.65,1.28
2013.04.08 04:51:49.512,1.0546,1.05486,1.88,2.03
2013.04.08 04:51:51.113,1.05457,1.05484,3.00,2.03
2013.04.08 04:51:51.624,1.0546,1.05484,1.13,1.88
2013.04.08 04:51:53.404,1.0546,1.05483,1.13,1.13
2013.04.08 04:51:54.193,1.05457,1.05483,2.40,1.28
2013.04.08 04:51:54.766,1.05459,1.05483,1.13,1.13
2013.04.08 04:51:57.863,1.05457,1.05483,1.50,2.03
2013.04.08 04:51:57.984,1.05457,1.05483,1.50,2.78
2013.04.08 04:51:59.873,1.05456,1.05481,1.65,1.13
2013.04.08 04:52:00.055,1.05452,1.05476,1.65,1.88
2013.04.08 04:52:00.310,1.05451,1.05476,2.78,1.88
2013.04.08 04:52:00.815,1.05456,1.05476,1.28,1.88
2013.04.08 04:52:00.945,1.0546,1.05479,2.03,1.50
2013.04.08 04:52:01.016,1.0546,1.05482,1.50,1.13
2013.04.08 04:52:01.083,1.0546,1.05483,2.40,1.13
2013.04.08 04:52:01.143,1.0546,1.05484,2.40,1.13
2013.04.08 04:52:01.573,1.05459,1.05485,1.13,2.03
2013.04.08 04:52:01.753,1.05459,1.05484,1.13,1.28
2013.04.08 04:52:02.143,1.0546,1.05484,1.50,1.28
2013.04.08 04:52:02.683,1.0546,1.05484,1.88,1.13
2013.04.08 04:52:08.859,1.0546,1.05485,1.13,1.88
2013.04.08 04:52:09.175,1.0546,1.05482,1.13,1.13
2013.04.08 04:52:09.533,1.05462,1.05486,1.13,1.13
2013.04.08 04:52:12.523,1.05462,1.05486,1.13,1.13
2013.04.08 04:52:15.683,1.05462,1.05486,1.13,1.13
2013.04.08 04:52:19.234,1.05461,1.05484,1.50,1.13
2013.04.08 04:52:29.224,1.0546,1.05482,1.50,1.13
2013.04.08 04:52:33.534,1.0546,1.05483,1.50,1.13
2013.04.08 04:52:36.043,1.0546,1.05482,1.69,1.13
2013.04.08 04:52:40.174,1.0546,1.05484,2.59,1.88
2013.04.08 04:52:41.255,1.0546,1.05484,2.59,1.88
2013.04.08 04:52:41.773,1.0546,1.05485,2.59,1.13
2013.04.08 04:52:41.833,1.05463,1.05486,1.13,2.63
2013.04.08 04:52:43.373,1.05464,1.05487,1.13,1.13
2013.04.08 04:52:43.923,1.05462,1.05485,2.44,1.13
2013.04.08 04:52:44.913,1.05462,1.05485,1.69,1.13
2013.04.08 04:52:53.283,1.05462,1.05484,1.13,1.13
2013.04.08 04:52:54.283,1.05459,1.05484,1.88,1.88
2013.04.08 04:52:54.523,1.05459,1.05481,1.13,1.13
2013.04.08 04:52:54.583,1.05458,1.05481,1.65,1.13
2013.04.08 04:52:54.863,1.05459,1.05479,1.13,1.13
2013.04.08 04:52:55.403,1.05459,1.05479,1.13,1.13
2013.04.08 04:53:02.224,1.05456,1.05479,2.03,1.88
2013.04.08 04:53:02.603,1.05453,1.05478,3.38,1.13
2013.04.08 04:53:02.783,1.05456,1.05478,1.13,1.13
2013.04.08 04:53:03.084,1.05459,1.05478,1.13,1.13
2013.04.08 04:53:04.994,1.05453,1.05478,2.25,1.13
2013.04.08 04:53:05.314,1.05453,1.05478,1.50,1.88
2013.04.08 04:53:08.097,1.05453,1.05473,1.32,1.13
2013.04.08 04:53:08.173,1.05451,1.05473,1.69,1.13
2013.04.08 04:53:10.182,1.05451,1.05475,1.13,1.88
2013.04.08 04:53:10.425,1.05451,1.05473,1.13,1.13
2013.04.08 04:53:12.083,1.05451,1.05475,2.40,1.88
2013.04.08 04:53:15.074,1.05453,1.05474,1.32,1.13
2013.04.08 04:53:17.276,1.05453,1.05475,1.32,1.88
2013.04.08 04:53:18.174,1.05453,1.05473,1.09,1.13
2013.04.08 04:53:18.234,1.0545,1.05473,1.84,1.88
2013.04.08 04:53:18.533,1.05446,1.05469,1.69,1.13
2013.04.08 04:53:18.653,1.05443,1.05467,1.13,1.50
2013.04.08 04:53:18.714,1.05443,1.05463,1.13,1.88
2013.04.08 04:53:18.834,1.05439,1.05462,1.69,1.13
2013.04.08 04:53:18.904,1.05438,1.05459,1.69,1.13
2013.04.08 04:53:21.315,1.05438,1.05459,2.07,1.88
2013.04.08 04:53:21.385,1.05438,1.05461,2.07,1.13
2013.04.08 04:53:24.634,1.05438,1.05459,1.32,1.88
2013.04.08 04:53:25.897,1.05438,1.0546,1.69,1.13
2013.04.08 04:53:26.025,1.05444,1.05463,1.32,1.50
2013.04.08 04:53:26.274,1.05446,1.05465,1.50,1.13
2013.04.08 04:53:26.344,1.05452,1.05472,1.32,1.13
2013.04.08 04:53:26.464,1.05452,1.05475,2.22,4.13
2013.04.08 04:53:27.013,1.05452,1.05476,1.32,1.13
2013.04.08 04:53:27.354,1.05452,1.05476,2.37,1.13
2013.04.08 04:53:27.474,1.05452,1.05475,1.47,1.88
2013.04.08 04:53:27.833,1.05446,1.05469,1.47,1.50
2013.04.08 04:53:28.177,1.05443,1.05465,1.50,1.13
2013.04.08 04:53:28.695,1.05456,1.05465,1.28,1.13
2013.04.08 04:53:28.769,1.05456,1.05475,1.28,2.25
2013.04.08 04:53:28.834,1.05455,1.05478,2.03,1.88
2013.04.08 04:53:28.893,1.05455,1.05481,2.18,2.25
2013.04.08 04:53:29.194,1.05455,1.05478,2.44,1.50
2013.04.08 04:53:29.373,1.05455,1.05481,2.44,1.50
2013.04.08 04:53:29.436,1.05456,1.05481,1.28,1.50
2013.04.08 04:53:29.753,1.05456,1.0548,1.88,1.50
2013.04.08 04:53:30.454,1.05456,1.05479,1.50,1.88
2013.04.08 04:53:30.754,1.05456,1.05479,1.13,2.78
2013.04.08 04:53:30.993,1.05452,1.05474,1.69,1.13
2013.04.08 04:53:31.293,1.0545,1.05474,1.65,2.63
2013.04.08 04:53:31.353,1.0545,1.05471,1.65,1.13
2013.04.08 04:53:31.713,1.05453,1.05469,1.28,1.13
2013.04.08 04:53:32.015,1.05457,1.05478,1.65,1.13
2013.04.08 04:53:32.934,1.05458,1.05478,1.09,1.13
2013.04.08 04:53:32.993,1.05458,1.0548,1.32,1.13
2013.04.08 04:53:33.473,1.05457,1.0548,2.22,1.13
2013.04.08 04:53:33.533,1.05457,1.0548,2.22,1.13
2013.04.08 04:53:33.791,1.05457,1.05479,1.69,1.88
2013.04.08 04:53:37.403,1.05457,1.05479,1.13,1.88
2013.04.08 04:53:39.326,1.05457,1.05479,1.13,1.13
2013.04.08 04:53:41.534,1.05457,1.05479,1.69,1.13
2013.04.08 04:53:41.835,1.05457,1.05481,1.84,2.55
2013.04.08 04:53:41.903,1.05458,1.05482,1.47,1.28
2013.04.08 04:53:41.964,1.05459,1.05484,1.65,1.28
2013.04.08 04:53:42.023,1.05468,1.05488,1.05,1.13
2013.04.08 04:53:42.263,1.05464,1.05488,1.28,1.13
2013.04.08 04:53:43.405,1.05461,1.05484,1.47,1.88
2013.04.08 04:53:44.026,1.05461,1.05483,1.47,1.13
2013.04.08 04:53:44.093,1.05461,1.05483,1.69,1.13
2013.04.08 04:53:44.635,1.05462,1.05483,1.09,1.13
2013.04.08 04:53:44.705,1.05467,1.05486,1.28,1.88
2013.04.08 04:53:44.774,1.05469,1.05486,1.32,1.13
2013.04.08 04:53:44.834,1.05469,1.05489,1.32,1.50
2013.04.08 04:53:44.954,1.0547,1.05492,2.22,1.13
2013.04.08 04:53:45.594,1.0547,1.05492,1.99,1.13
2013.04.08 04:53:46.878,1.05468,1.05492,1.50,1.88
2013.04.08 04:53:46.951,1.05466,1.05488,1.32,1.13
2013.04.08 04:53:47.493,1.05461,1.05486,2.44,1.13
2013.04.08 04:53:48.507,1.05465,1.05486,1.09,1.13
2013.04.08 04:53:48.634,1.05469,1.05488,1.32,2.25
2013.04.08 04:53:48.814,1.0547,1.0549,1.47,1.50
2013.04.08 04:53:48.934,1.0547,1.05495,2.22,1.88
2013.04.08 04:53:50.023,1.05471,1.05495,1.62,1.13
2013.04.08 04:53:50.083,1.05471,1.05493,1.62,1.13
2013.04.08 04:53:50.693,1.0547,1.05492,1.47,1.13
2013.04.08 04:53:51.253,1.05469,1.0549,1.32,1.50
2013.04.08 04:53:51.435,1.05465,1.05489,1.65,1.88
2013.04.08 04:53:51.824,1.05463,1.05486,1.09,1.50
2013.04.08 04:53:51.883,1.0546,1.05486,1.09,1.50
2013.04.08 04:53:51.944,1.05459,1.05483,2.03,1.88
2013.04.08 04:53:52.744,1.05461,1.05483,1.32,1.88
2013.04.08 04:53:53.103,1.05464,1.05486,1.13,1.88
2013.04.08 04:53:53.523,1.05465,1.05486,1.65,1.13
2013.04.08 04:53:53.703,1.05466,1.05491,1.50,4.88
2013.04.08 04:53:54.163,1.05468,1.05491,1.84,1.88
2013.04.08 04:53:55.954,1.05472,1.05491,1.43,1.13
2013.04.08 04:53:56.254,1.05471,1.05494,1.69,1.13
2013.04.08 04:53:56.822,1.05472,1.05496,1.17,1.13
2013.04.08 04:53:57.254,1.05479,1.05499,1.32,1.13
2013.04.08 04:53:57.944,1.05476,1.05499,1.47,1.13
2013.04.08 04:53:59.098,1.05475,1.05498,2.22,1.13
2013.04.08 04:53:59.171,1.05475,1.05494,1.65,1.13
2013.04.08 04:53:59.237,1.05471,1.05494,1.73,1.13
2013.04.08 04:53:59.303,1.0547,1.05494,2.44,1.13
2013.04.08 04:53:59.362,1.0547,1.0549,2.07,1.13
2013.04.08 04:53:59.903,1.05471,1.0549,1.65,1.13
2013.04.08 04:54:00.409,1.05475,1.0549,1.32,1.13
2013.04.08 04:54:00.474,1.05475,1.05498,2.07,1.88
2013.04.08 04:54:00.534,1.05475,1.05498,3.42,1.13
2013.04.08 04:54:00.893,1.05478,1.05501,1.13,1.13
2013.04.08 04:54:01.253,1.05479,1.05502,2.22,1.13
2013.04.08 04:54:01.623,1.05478,1.05502,1.65,1.13
2013.04.08 04:54:02.293,1.05478,1.05502,1.65,1.88
2013.04.08 04:54:02.983,1.05478,1.055,1.65,1.13
2013.04.08 04:54:03.434,1.05478,1.055,1.88,1.13
2013.04.08 04:54:03.674,1.05478,1.05499,2.55,1.13
2013.04.08 04:54:05.094,1.05479,1.05499,1.47,1.13
2013.04.08 04:54:05.403,1.05483,1.055,1.47,1.13
2013.04.08 04:54:05.524,1.05478,1.055,1.65,1.13
2013.04.08 04:54:05.703,1.05478,1.055,1.50,1.13
2013.04.08 04:54:07.377,1.05478,1.05497,1.50,1.13
2013.04.08 04:54:09.093,1.05478,1.05497,1.65,1.13
2013.04.08 04:54:09.153,1.05478,1.05499,2.55,1.13
2013.04.08 04:54:09.273,1.05478,1.05499,3.15,1.13
2013.04.08 04:54:10.195,1.05479,1.05501,1.50,1.13
2013.04.08 04:54:10.284,1.05479,1.05501,1.84,1.13
2013.04.08 04:54:10.582,1.05479,1.05501,2.07,1.13
2013.04.08 04:54:11.204,1.05479,1.05499,2.07,1.13
2013.04.08 04:54:12.639,1.05479,1.055,2.07,1.13
2013.04.08 04:54:13.724,1.05483,1.055,1.47,1.13
2013.04.08 04:54:15.003,1.05485,1.05503,1.09,1.13
2013.04.08 04:54:16.163,1.05484,1.05502,1.47,1.13
2013.04.08 04:54:16.781,1.05485,1.05502,1.32,1.13
2013.04.08 04:54:17.024,1.05487,1.05508,4.88,1.13
2013.04.08 04:54:17.384,1.05491,1.0551,1.32,2.25
2013.04.08 04:54:18.251,1.0549,1.05512,2.82,1.13
2013.04.08 04:54:19.773,1.05491,1.05512,1.09,1.13
2013.04.08 04:54:20.313,1.05493,1.05512,1.09,1.13
2013.04.08 04:54:20.833,1.0549,1.05512,1.80,1.13
2013.04.08 04:54:20.893,1.0549,1.05512,2.25,1.13
2013.04.08 04:54:21.203,1.0549,1.0551,1.88,1.13
2013.04.08 04:54:21.263,1.0549,1.0551,1.65,1.13
2013.04.08 04:54:22.263,1.0549,1.05508,1.65,1.13
2013.04.08 04:54:23.115,1.05491,1.05508,1.13,1.13
2013.04.08 04:54:24.663,1.05493,1.05508,1.28,1.13
2013.04.08 04:54:25.043,1.05493,1.05511,2.78,1.13
2013.04.08 04:54:25.425,1.05493,1.05511,2.63,1.13
2013.04.08 04:54:25.724,1.05491,1.05507,1.50,1.13
2013.04.08 04:54:26.565,1.05491,1.05507,1.69,1.13
2013.04.08 04:54:27.114,1.05489,1.05507,2.07,1.13
2013.04.08 04:54:28.276,1.0549,1.05508,2.44,1.13
2013.04.08 04:54:30.163,1.05491,1.05508,2.07,1.13
2013.04.08 04:54:30.284,1.05491,1.0551,2.07,1.13
2013.04.08 04:54:31.893,1.05487,1.05509,2.40,2.63
2013.04.08 04:54:31.954,1.05487,1.05509,2.40,2.63
2013.04.08 04:54:32.074,1.05487,1.05507,1.84,1.13
2013.04.08 04:54:32.433,1.05489,1.05507,1.32,1.13
2013.04.08 04:54:37.314,1.05489,1.05505,1.32,1.13
2013.04.08 04:54:37.554,1.05482,1.05505,2.07,1.88
2013.04.08 04:54:37.944,1.05483,1.05501,1.09,1.13
2013.04.08 04:54:38.305,1.05482,1.05501,2.07,1.13
2013.04.08 04:54:42.403,1.05482,1.055,2.07,1.13
2013.04.08 04:54:43.508,1.05482,1.05499,2.07,1.13
2013.04.08 04:54:44.062,1.05481,1.05499,3.15,1.13
2013.04.08 04:54:44.544,1.05479,1.05494,2.07,1.13
2013.04.08 04:54:48.359,1.05477,1.05494,2.59,1.13
2013.04.08 04:54:49.945,1.05478,1.05501,1.65,1.13
2013.04.08 04:55:01.152,1.05478,1.05499,1.50,1.13
2013.04.08 04:55:02.223,1.05475,1.05499,1.65,1.88
2013.04.08 04:55:02.283,1.05474,1.05495,1.47,1.13
2013.04.08 04:55:09.805,1.05472,1.05495,1.32,1.88
2013.04.08 04:55:10.233,1.05467,1.05493,1.69,1.88
2013.04.08 04:55:11.709,1.05468,1.05493,1.47,2.63
2013.04.08 04:55:11.805,1.05468,1.05491,1.47,1.13
2013.04.08 04:55:12.943,1.05469,1.05491,1.09,1.13
2013.04.08 04:55:13.446,1.05469,1.05491,1.47,1.13
2013.04.08 04:55:14.084,1.05471,1.05491,1.47,1.13
2013.04.08 04:55:14.444,1.05475,1.05491,1.65,1.13
2013.04.08 04:55:15.344,1.05475,1.05492,1.50,1.13
2013.04.08 04:55:15.463,1.05472,1.05492,2.97,1.13
2013.04.08 04:55:16.898,1.05473,1.05492,1.47,1.13
2013.04.08 04:55:17.454,1.05473,1.05492,1.47,1.13
2013.04.08 04:55:19.133,1.05472,1.0549,2.22,1.13
2013.04.08 04:55:19.554,1.05473,1.0549,1.84,1.13
2013.04.08 04:55:19.673,1.05475,1.05494,1.50,1.88
2013.04.08 04:55:19.855,1.05481,1.05499,1.69,1.13
2013.04.08 04:55:19.983,1.05482,1.05505,2.07,1.13
2013.04.08 04:55:20.104,1.0548,1.05504,1.32,1.50
2013.04.08 04:55:20.319,1.05477,1.055,2.82,1.50
2013.04.08 04:55:20.384,1.05476,1.055,1.50,1.50
2013.04.08 04:55:20.443,1.05474,1.05499,1.88,1.28
2013.04.08 04:55:20.503,1.05472,1.05497,3.34,1.50
2013.04.08 04:55:20.563,1.05472,1.05495,2.22,1.13
2013.04.08 04:55:21.453,1.05468,1.05493,4.84,1.88
2013.04.08 04:55:21.763,1.05468,1.05492,4.47,1.13
2013.04.08 04:55:22.679,1.05467,1.05492,2.78,1.13
2013.04.08 04:55:24.663,1.05467,1.05491,2.22,1.13
2013.04.08 04:55:24.903,1.05468,1.05494,2.07,2.25
2013.04.08 04:55:25.444,1.05471,1.05495,1.65,1.13
2013.04.08 04:55:25.803,1.05473,1.05497,1.88,1.50
2013.04.08 04:55:26.043,1.05473,1.05498,3.19,1.13
2013.04.08 04:55:26.583,1.05473,1.05496,2.44,1.50
2013.04.08 04:55:26.643,1.05472,1.05494,1.50,1.32
2013.04.08 04:55:26.764,1.0547,1.05494,1.65,1.32
2013.04.08 04:55:26.883,1.05467,1.05493,2.03,1.50
2013.04.08 04:55:27.989,1.05467,1.05492,1.28,1.13
2013.04.08 04:55:28.634,1.05467,1.05492,2.03,1.13
2013.04.08 04:55:29.617,1.05468,1.05491,1.09,1.88
2013.04.08 04:55:29.684,1.05467,1.05491,2.07,2.63
2013.04.08 04:55:30.043,1.05463,1.05484,1.50,1.13
2013.04.08 04:55:30.164,1.05459,1.05484,1.84,1.13
2013.04.08 04:55:31.153,1.05461,1.05484,1.32,1.13
2013.04.08 04:55:31.333,1.05463,1.05487,1.69,1.88
2013.04.08 04:55:31.453,1.05463,1.05487,2.22,1.50
2013.04.08 04:55:31.813,1.05465,1.0549,1.65,1.13
2013.04.08 04:55:33.114,1.05465,1.0549,1.50,1.88
2013.04.08 04:55:33.293,1.05464,1.05489,1.50,2.22
2013.04.08 04:55:33.414,1.05462,1.05488,1.50,1.13
2013.04.08 04:55:33.533,1.05461,1.05486,1.13,1.50
2013.04.08 04:55:34.233,1.0546,1.05485,1.84,1.13
2013.04.08 04:55:35.933,1.0546,1.05484,2.22,1.88
2013.04.08 04:55:36.424,1.0546,1.05483,2.07,1.13
2013.04.08 04:55:36.844,1.05456,1.05479,2.44,2.25
2013.04.08 04:55:36.963,1.05456,1.05479,1.13,3.00
2013.04.08 04:55:37.023,1.05451,1.05478,2.59,1.88
2013.04.08 04:55:37.083,1.05451,1.05478,1.69,2.78
2013.04.08 04:55:37.264,1.05451,1.05475,1.32,1.13
2013.04.08 04:55:37.783,1.05448,1.05473,2.07,1.13
2013.04.08 04:55:38.632,1.05448,1.05472,1.50,1.13
2013.04.08 04:55:43.776,1.05449,1.05472,1.32,1.13
2013.04.08 04:55:44.673,1.0545,1.05473,2.22,1.13
2013.04.08 04:55:45.054,1.05451,1.05476,2.03,1.88
2013.04.08 04:55:45.294,1.05451,1.05476,2.03,1.13
2013.04.08 04:55:46.368,1.05451,1.05476,2.03,1.88
2013.04.08 04:55:46.722,1.05451,1.05475,2.03,1.50
2013.04.08 04:55:47.377,1.05451,1.05476,2.59,1.88
2013.04.08 04:55:47.564,1.05451,1.05476,3.19,1.50
2013.04.08 04:55:47.865,1.05456,1.05479,1.32,1.13
2013.04.08 04:55:47.983,1.05459,1.05483,1.09,1.13
2013.04.08 04:55:48.104,1.05459,1.05484,1.32,1.13
2013.04.08 04:55:48.164,1.05459,1.05484,1.09,1.13
2013.04.08 04:55:48.709,1.05458,1.05483,2.44,1.88
2013.04.08 04:55:49.013,1.05458,1.05482,2.44,1.50
2013.04.08 04:55:49.693,1.05458,1.05482,2.44,1.50
2013.04.08 04:55:49.874,1.05458,1.05482,2.59,1.50
2013.04.08 04:55:56.035,1.05458,1.0548,1.50,1.13
2013.04.08 04:55:57.243,1.05457,1.05476,3.72,1.13
2013.04.08 04:55:57.554,1.05458,1.05476,1.32,1.13
2013.04.08 04:55:57.861,1.05455,1.05475,5.07,1.13
2013.04.08 04:55:57.984,1.05455,1.05475,1.32,1.13
2013.04.08 04:55:58.164,1.05455,1.05471,1.32,1.13
2013.04.08 04:55:58.775,1.05453,1.05471,1.88,1.13
2013.04.08 04:55:58.964,1.05454,1.05476,1.65,1.13
2013.04.08 04:56:00.395,1.05457,1.05477,1.47,1.13
2013.04.08 04:56:01.276,1.05457,1.05477,2.97,1.13
2013.04.08 04:56:01.666,1.05457,1.05474,1.50,1.13
2013.04.08 04:56:01.977,1.05454,1.05474,1.47,1.13
2013.04.08 04:56:02.163,1.05454,1.05474,1.32,1.13
2013.04.08 04:56:04.264,1.05451,1.05472,1.32,1.13
2013.04.08 04:56:04.443,1.05451,1.05472,1.32,1.13
2013.04.08 04:56:04.743,1.05448,1.05465,1.32,1.13
2013.04.08 04:56:05.443,1.05448,1.05465,1.47,1.13
2013.04.08 04:56:05.504,1.05448,1.05466,1.47,1.13
2013.04.08 04:56:05.565,1.05448,1.05468,1.84,1.13
2013.04.08 04:56:05.814,1.0545,1.05469,2.40,1.13
2013.04.08 04:56:06.173,1.05454,1.05469,1.50,1.13
2013.04.08 04:56:07.513,1.05454,1.05471,2.07,1.13
2013.04.08 04:56:07.633,1.05451,1.05471,2.22,1.13
2013.04.08 04:56:07.754,1.05451,1.05468,1.65,1.13
2013.04.08 04:56:08.054,1.05448,1.05468,2.07,1.13
2013.04.08 04:56:08.364,1.05448,1.05468,1.47,1.13
2013.04.08 04:56:08.903,1.05448,1.05468,2.22,1.13
2013.04.08 04:56:11.198,1.05451,1.05468,1.47,1.13
2013.04.08 04:56:11.714,1.05451,1.05467,1.69,1.13
2013.04.08 04:56:12.194,1.05454,1.05473,1.65,1.13
2013.04.08 04:56:12.495,1.05455,1.05473,2.22,1.13
2013.04.08 04:56:12.796,1.05458,1.05473,1.50,1.13
2013.04.08 04:56:13.993,1.05458,1.05476,1.50,1.13
2013.04.08 04:56:17.935,1.05458,1.05479,1.69,1.13
2013.04.08 04:56:19.234,1.05465,1.05479,2.22,1.13
2013.04.08 04:56:19.355,1.05465,1.05484,2.22,2.25
2013.04.08 04:56:19.424,1.05466,1.05486,1.69,1.13
2013.04.08 04:56:19.483,1.05466,1.05486,2.44,1.13
2013.04.08 04:56:25.416,1.05468,1.05487,1.50,1.13
2013.04.08 04:56:27.884,1.05468,1.05485,1.50,1.13
2013.04.08 04:56:29.273,1.05465,1.05485,1.47,1.13
2013.04.08 04:56:30.758,1.05464,1.05481,1.32,1.13
2013.04.08 04:56:34.323,1.05461,1.05481,2.82,1.13
2013.04.08 04:56:34.844,1.05461,1.05481,1.32,1.13
2013.04.08 04:56:36.194,1.05459,1.05479,1.50,1.13
2013.04.08 04:56:36.774,1.05459,1.05478,1.50,1.13
2013.04.08 04:56:37.303,1.05459,1.05478,1.65,1.13
2013.04.08 04:56:38.015,1.05459,1.05478,1.50,1.13
2013.04.08 04:56:40.053,1.05457,1.05479,2.97,1.13
2013.04.08 04:56:43.997,1.05457,1.05478,1.65,1.13
2013.04.08 04:56:46.603,1.05457,1.05477,1.65,1.13
2013.04.08 04:56:48.675,1.05459,1.05477,2.07,1.13
2013.04.08 04:56:48.743,1.05459,1.05479,2.44,1.13
2013.04.08 04:56:50.050,1.05459,1.05479,1.65,1.13
2013.04.08 04:56:53.772,1.05457,1.05478,2.03,1.13
2013.04.08 04:56:54.215,1.05457,1.05478,2.78,1.13
2013.04.08 04:57:00.734,1.05457,1.05478,2.78,2.63
2013.04.08 04:57:02.735,1.05457,1.05478,2.78,1.50
2013.04.08 04:57:04.704,1.05457,1.05478,3.00,1.50
2013.04.08 04:57:07.365,1.0546,1.05479,1.13,1.13
2013.04.08 04:57:07.794,1.05458,1.05481,2.22,1.13
2013.04.08 04:57:07.854,1.0546,1.05481,1.47,1.13
2013.04.08 04:57:07.913,1.05458,1.05481,2.40,1.13
2013.04.08 04:57:08.603,1.05458,1.05481,2.25,1.13
2013.04.08 04:57:09.503,1.05458,1.05481,1.65,1.13
2013.04.08 04:57:12.634,1.0546,1.05479,1.84,1.13
2013.04.08 04:57:13.146,1.05463,1.05481,1.09,1.13
2013.04.08 04:57:15.404,1.05464,1.05482,1.32,1.13
2013.04.08 04:57:17.194,1.05464,1.05481,1.47,1.13
2013.04.08 04:57:17.904,1.05464,1.0548,1.47,1.13
2013.04.08 04:57:21.956,1.05461,1.05479,5.63,1.88
2013.04.08 04:57:22.075,1.05461,1.05479,1.47,1.88
2013.04.08 04:57:22.205,1.0546,1.05478,1.47,1.13
2013.04.08 04:57:23.844,1.05456,1.05474,1.47,1.13
2013.04.08 04:57:25.710,1.05456,1.05474,1.47,1.13
2013.04.08 04:57:27.156,1.05456,1.05473,1.47,1.88
2013.04.08 04:57:28.823,1.05456,1.05473,1.47,1.88
2013.04.08 04:57:37.375,1.05456,1.05473,1.47,1.13
2013.04.08 04:57:47.855,1.05456,1.05473,1.47,1.88
2013.04.08 04:57:48.686,1.05458,1.05473,1.09,1.88
2013.04.08 04:57:48.994,1.05456,1.05474,2.44,1.13
2013.04.08 04:57:49.054,1.05456,1.05474,2.22,1.13
2013.04.08 04:57:49.594,1.05455,1.05474,3.90,1.13
2013.04.08 04:57:50.335,1.05455,1.05474,4.65,1.88
2013.04.08 04:57:50.876,1.05454,1.05474,4.50,1.88
2013.04.08 04:57:52.814,1.05454,1.05474,2.97,1.88
2013.04.08 04:57:54.355,1.05454,1.05473,1.32,1.13
2013.04.08 04:57:54.473,1.05454,1.05473,1.32,1.13
2013.04.08 04:57:55.193,1.05454,1.05472,1.32,1.13
2013.04.08 04:57:55.725,1.05454,1.05471,1.32,1.13
2013.04.08 04:58:14.065,1.05456,1.05475,1.47,1.50
2013.04.08 04:58:15.346,1.05456,1.05475,1.47,1.50
2013.04.08 04:58:28.045,1.0546,1.05476,1.09,1.13
2013.04.08 04:58:28.384,1.0546,1.05478,1.09,1.13
2013.04.08 04:58:29.644,1.05458,1.05479,1.88,1.13
2013.04.08 04:58:29.705,1.05458,1.05479,1.65,1.13
2013.04.08 04:58:30.243,1.0546,1.05479,1.50,1.13
2013.04.08 04:58:30.986,1.0546,1.05479,1.50,1.13
2013.04.08 04:58:31.208,1.0546,1.05479,1.50,1.13
2013.04.08 04:58:32.704,1.0546,1.05479,1.50,1.88
2013.04.08 04:58:33.248,1.0546,1.05477,1.50,1.13
2013.04.08 04:58:34.904,1.05458,1.05477,1.65,1.13
2013.04.08 04:58:35.465,1.05457,1.05477,1.65,1.13
2013.04.08 04:58:36.756,1.05457,1.05479,1.65,2.63
2013.04.08 04:58:37.064,1.05457,1.05477,1.65,1.13
2013.04.08 04:58:37.256,1.05457,1.05478,1.65,1.13
2013.04.08 04:58:43.236,1.05457,1.05477,1.65,1.13
2013.04.08 04:58:44.297,1.05457,1.05475,1.65,1.13
2013.04.08 04:58:47.825,1.05457,1.05477,1.65,1.13
2013.04.08 04:58:49.425,1.05456,1.05479,1.65,1.50
2013.04.08 04:58:50.543,1.05456,1.05478,1.65,1.13
2013.04.08 04:58:54.824,1.05453,1.05478,1.13,2.63
2013.04.08 04:59:02.284,1.05453,1.05477,1.13,1.13
2013.04.08 04:59:03.484,1.05453,1.05475,1.13,1.13
2013.04.08 04:59:09.050,1.05456,1.05475,1.65,1.13
2013.04.08 04:59:09.427,1.05456,1.05477,1.65,1.13
2013.04.08 04:59:09.554,1.05457,1.05477,1.13,1.13
2013.04.08 04:59:09.615,1.05457,1.0548,1.13,1.13
2013.04.08 04:59:09.675,1.05456,1.0548,3.30,1.13
2013.04.08 04:59:10.386,1.05457,1.05479,1.65,1.13
2013.04.08 04:59:11.705,1.05457,1.05479,1.65,1.13
2013.04.08 04:59:12.899,1.05457,1.05478,1.65,1.13
2013.04.08 04:59:13.821,1.05453,1.05477,1.50,1.13
2013.04.08 04:59:14.105,1.05453,1.05477,1.50,1.13
2013.04.08 04:59:18.864,1.05453,1.05477,1.50,1.13
2013.04.08 04:59:19.403,1.05453,1.05477,1.88,1.13
2013.04.08 04:59:24.323,1.05456,1.05477,1.13,1.13
2013.04.08 04:59:25.954,1.05456,1.05478,1.88,1.88
2013.04.08 04:59:26.075,1.05456,1.05478,1.65,1.88
2013.04.08 04:59:26.134,1.05456,1.05478,1.88,1.88
2013.04.08 04:59:26.375,1.05456,1.05478,2.40,1.13
2013.04.08 04:59:32.796,1.05454,1.05477,1.65,1.50
2013.04.08 04:59:33.105,1.05459,1.0548,2.22,1.88
2013.04.08 04:59:33.164,1.05459,1.0548,1.05,1.13
2013.04.08 04:59:33.415,1.05456,1.05482,1.65,2.78
2013.04.08 04:59:33.535,1.05456,1.0548,1.65,1.88
2013.04.08 04:59:33.965,1.05455,1.05477,1.13,1.88
2013.04.08 04:59:38.233,1.05453,1.05475,2.40,1.13
2013.04.08 04:59:47.083,1.05455,1.05477,1.65,1.50
2013.04.08 04:59:47.785,1.05457,1.0548,2.40,1.13
2013.04.08 04:59:53.400,1.05457,1.0548,1.13,1.13
2013.04.08 04:59:55.316,1.05457,1.05481,1.88,1.88
2013.04.08 04:59:56.333,1.05457,1.05478,1.88,1.50
2013.04.08 04:59:56.514,1.05457,1.05477,1.50,1.50
2013.04.08 04:59:56.694,1.05458,1.05477,1.43,1.50
2013.04.08 04:59:58.355,1.05455,1.05478,1.80,1.13
2013.04.08 04:59:58.945,1.05454,1.05478,2.25,1.13
2013.04.08 04:59:59.005,1.05454,1.05475,1.65,1.13
2013.04.08 04:59:59.244,1.05452,1.05474,1.32,1.13
2013.04.08 04:59:59.786,1.05452,1.05474,1.47,1.13
