2013.04.17 16:00:00.137,1.05014,1.05034,1.65,1.13
2013.04.17 16:00:00.197,1.05012,1.05034,2.63,1.13
2013.04.17 16:00:00.497,1.05014,1.05036,1.88,3.15
2013.04.17 16:00:00.798,1.05016,1.05037,2.78,2.18
2013.04.17 16:00:00.861,1.05016,1.05037,2.78,2.33
2013.04.17 16:00:00.991,1.05021,1.05037,1.13,2.18
2013.04.17 16:00:01.059,1.05018,1.05037,1.65,2.18
2013.04.17 16:00:01.117,1.05021,1.0504,1.50,1.13
2013.04.17 16:00:01.297,1.05017,1.05039,1.65,1.50
2013.04.17 16:00:01.359,1.05017,1.05039,2.40,1.50
2013.04.17 16:00:01.788,1.05021,1.05041,1.50,1.50
2013.04.17 16:00:02.371,1.05022,1.05044,1.65,1.50
2013.04.17 16:00:04.147,1.05022,1.05041,1.50,1.13
2013.04.17 16:00:04.208,1.05022,1.05041,2.10,1.50
2013.04.17 16:00:04.267,1.0502,1.05041,1.50,4.43
2013.04.17 16:00:04.390,1.05018,1.05037,1.65,2.25
2013.04.17 16:00:04.758,1.05015,1.05035,1.50,1.50
2013.04.17 16:00:04.897,1.05015,1.05035,1.50,1.50
2013.04.17 16:00:05.078,1.05016,1.05039,1.50,3.90
2013.04.17 16:00:05.258,1.05017,1.05039,1.50,3.90
2013.04.17 16:00:06.730,1.05016,1.05031,1.50,1.50
2013.04.17 16:00:07.037,1.0501,1.05031,1.50,1.88
2013.04.17 16:00:08.368,1.05012,1.05033,1.50,4.84
2013.04.17 16:00:08.491,1.05014,1.05035,1.50,1.65
2013.04.17 16:00:09.029,1.05014,1.05036,1.50,3.15
2013.04.17 16:00:09.471,1.05014,1.05036,3.75,1.65
2013.04.17 16:00:09.660,1.05019,1.05037,2.40,1.50
2013.04.17 16:00:09.788,1.05021,1.05042,2.25,1.09
2013.04.17 16:00:09.907,1.05021,1.05043,3.00,1.65
2013.04.17 16:00:10.209,1.05022,1.05045,1.50,1.88
2013.04.17 16:00:10.339,1.05022,1.05045,1.65,1.50
2013.04.17 16:00:10.698,1.05024,1.05045,1.43,1.88
2013.04.17 16:00:11.618,1.05023,1.05041,1.50,1.58
2013.04.17 16:00:11.677,1.05021,1.05041,2.25,2.48
2013.04.17 16:00:11.917,1.0502,1.05039,1.50,1.88
2013.04.17 16:00:13.407,1.05017,1.05037,1.50,1.73
2013.04.17 16:00:15.318,1.05017,1.05038,1.50,5.18
2013.04.17 16:00:15.498,1.05017,1.05037,1.50,1.50
2013.04.17 16:00:16.437,1.05017,1.05039,2.40,1.88
2013.04.17 16:00:17.049,1.05017,1.05037,1.50,1.65
2013.04.17 16:00:17.170,1.05014,1.05034,2.25,3.90
2013.04.17 16:00:17.527,1.05012,1.05031,1.50,1.50
2013.04.17 16:00:17.738,1.05012,1.05031,1.50,1.50
2013.04.17 16:00:18.648,1.05012,1.05032,1.50,1.65
2013.04.17 16:00:21.448,1.05011,1.05028,1.88,1.13
2013.04.17 16:00:21.508,1.05006,1.05028,2.78,1.88
2013.04.17 16:00:21.868,1.05006,1.05028,2.78,1.50
2013.04.17 16:00:22.288,1.05011,1.05029,1.88,1.50
2013.04.17 16:00:22.649,1.05011,1.05028,1.88,1.43
2013.04.17 16:00:22.948,1.05011,1.05032,1.13,1.65
2013.04.17 16:00:23.128,1.05011,1.0503,2.25,1.50
2013.04.17 16:00:23.488,1.05014,1.05034,1.50,2.29
2013.04.17 16:00:23.548,1.05013,1.05031,1.50,2.48
2013.04.17 16:00:23.669,1.05011,1.05028,1.13,1.65
2013.04.17 16:00:23.787,1.05011,1.05026,1.13,2.25
2013.04.17 16:00:24.148,1.05002,1.05024,1.50,2.25
2013.04.17 16:00:24.687,1.05003,1.05025,1.50,1.50
2013.04.17 16:00:24.808,1.05003,1.05025,1.50,2.63
2013.04.17 16:00:24.987,1.05003,1.05024,1.50,1.73
2013.04.17 16:00:25.168,1.05003,1.05025,1.50,1.65
2013.04.17 16:00:27.578,1.05003,1.05025,2.25,2.40
2013.04.17 16:00:28.817,1.05003,1.05024,2.25,1.20
2013.04.17 16:00:28.878,1.05003,1.05024,1.50,1.20
2013.04.17 16:00:29.059,1.05003,1.05025,1.50,3.15
2013.04.17 16:00:30.318,1.05003,1.05025,3.08,2.40
2013.04.17 16:00:31.608,1.05006,1.05025,1.50,1.13
2013.04.17 16:00:31.728,1.05006,1.05025,1.50,1.65
2013.04.17 16:00:32.278,1.05008,1.05026,1.50,1.50
2013.04.17 16:00:33.026,1.05008,1.05029,1.65,1.65
2013.04.17 16:00:33.089,1.05012,1.05029,1.50,3.15
2013.04.17 16:00:33.628,1.05012,1.05028,1.50,1.58
2013.04.17 16:00:33.748,1.05008,1.05028,1.50,1.58
2013.04.17 16:00:33.867,1.05007,1.05027,2.25,1.50
2013.04.17 16:00:34.397,1.05007,1.05028,1.50,2.25
2013.04.17 16:00:34.577,1.05007,1.05025,1.50,1.50
2013.04.17 16:00:34.878,1.05008,1.05028,2.25,3.45
2013.04.17 16:00:34.940,1.05007,1.05028,1.50,3.45
2013.04.17 16:00:35.497,1.05006,1.05025,2.25,1.65
2013.04.17 16:00:36.097,1.05005,1.05026,1.50,2.48
2013.04.17 16:00:36.479,1.05003,1.05026,3.75,2.48
2013.04.17 16:00:36.718,1.05008,1.05028,2.25,2.25
2013.04.17 16:00:37.199,1.05007,1.05029,1.50,2.33
2013.04.17 16:00:37.567,1.05006,1.05027,1.50,1.50
2013.04.17 16:00:37.628,1.05004,1.05027,2.25,2.25
2013.04.17 16:00:38.129,1.05004,1.05026,1.50,1.50
2013.04.17 16:00:39.338,1.05003,1.05026,2.25,2.25
2013.04.17 16:00:39.728,1.05004,1.05026,1.50,2.25
2013.04.17 16:00:40.233,1.05007,1.05029,1.50,2.25
2013.04.17 16:00:40.778,1.05007,1.05028,1.50,1.65
2013.04.17 16:00:41.349,1.05007,1.05028,1.50,3.15
2013.04.17 16:00:41.658,1.05012,1.05029,1.65,1.88
2013.04.17 16:00:41.778,1.05011,1.05032,1.65,3.08
2013.04.17 16:00:42.018,1.0501,1.05031,2.14,2.40
2013.04.17 16:00:42.197,1.05008,1.05029,1.50,1.20
2013.04.17 16:00:42.438,1.05005,1.05027,1.50,2.63
2013.04.17 16:00:42.746,1.05004,1.05025,1.50,1.65
2013.04.17 16:00:43.948,1.05005,1.05026,1.50,1.65
2013.04.17 16:00:44.437,1.05007,1.05026,1.50,1.50
2013.04.17 16:00:44.680,1.05007,1.05026,1.65,1.50
2013.04.17 16:00:44.977,1.05015,1.05036,1.50,1.13
2013.04.17 16:00:45.037,1.05017,1.05038,1.50,1.13
2013.04.17 16:00:45.158,1.05017,1.05038,1.50,3.23
2013.04.17 16:00:45.219,1.05017,1.05037,1.50,1.50
2013.04.17 16:00:45.338,1.05013,1.05035,2.25,1.50
2013.04.17 16:00:45.967,1.05016,1.05036,1.50,1.50
2013.04.17 16:00:46.332,1.05016,1.05037,1.50,2.85
2013.04.17 16:00:46.399,1.05016,1.05038,1.50,2.18
2013.04.17 16:00:46.838,1.05018,1.0504,1.50,5.33
2013.04.17 16:00:47.019,1.05017,1.05037,1.50,4.50
2013.04.17 16:00:47.198,1.05014,1.05033,1.50,2.10
2013.04.17 16:00:47.318,1.05013,1.05033,1.50,2.25
2013.04.17 16:00:47.437,1.05011,1.05031,2.25,2.25
2013.04.17 16:00:52.431,1.05012,1.05032,1.50,1.50
2013.04.17 16:00:52.743,1.0502,1.05033,1.50,1.50
2013.04.17 16:00:52.808,1.05021,1.0504,1.50,1.50
2013.04.17 16:00:52.868,1.05021,1.05041,1.50,1.50
2013.04.17 16:01:00.067,1.05019,1.0504,1.65,1.13
2013.04.17 16:01:00.307,1.05018,1.0504,1.50,1.50
2013.04.17 16:01:01.328,1.0502,1.0504,1.50,2.82
2013.04.17 16:01:01.457,1.0502,1.0504,1.50,2.82
2013.04.17 16:01:02.238,1.0502,1.0504,1.50,2.07
2013.04.17 16:01:06.559,1.05021,1.05042,1.50,1.50
2013.04.17 16:01:06.858,1.05022,1.05042,1.50,1.50
2013.04.17 16:01:09.467,1.05025,1.05047,1.50,2.03
2013.04.17 16:01:09.708,1.05027,1.05049,2.25,1.88
2013.04.17 16:01:09.829,1.05029,1.05049,2.25,1.50
2013.04.17 16:01:10.068,1.05036,1.05056,1.50,2.48
2013.04.17 16:01:10.128,1.05036,1.05056,2.40,1.73
2013.04.17 16:01:10.309,1.05041,1.05062,1.65,1.13
2013.04.17 16:01:10.369,1.05043,1.05066,1.50,1.65
2013.04.17 16:01:10.966,1.05045,1.05067,1.50,1.47
2013.04.17 16:01:11.337,1.05042,1.05064,1.65,2.25
2013.04.17 16:01:11.677,1.05041,1.05063,1.65,1.50
2013.04.17 16:01:13.297,1.05044,1.05063,1.50,2.25
2013.04.17 16:01:13.418,1.05046,1.05065,2.40,1.50
2013.04.17 16:01:13.658,1.05051,1.05073,1.65,1.65
2013.04.17 16:01:13.838,1.05051,1.05073,1.50,1.88
2013.04.17 16:01:15.438,1.05053,1.05073,1.50,1.50
2013.04.17 16:01:16.540,1.05053,1.05073,1.50,1.50
2013.04.17 16:01:21.549,1.05054,1.05076,1.65,1.50
2013.04.17 16:01:21.610,1.05061,1.05078,2.48,3.00
2013.04.17 16:01:21.680,1.05062,1.05078,1.65,1.50
2013.04.17 16:01:21.873,1.05067,1.05082,1.50,1.50
2013.04.17 16:01:21.942,1.05068,1.05087,1.50,2.40
2013.04.17 16:01:22.252,1.05068,1.05087,1.50,2.40
2013.04.17 16:01:22.499,1.05068,1.0509,1.50,3.38
2013.04.17 16:01:22.737,1.05068,1.0509,1.50,2.63
2013.04.17 16:01:24.937,1.05068,1.0509,1.65,3.00
2013.04.17 16:01:25.239,1.05064,1.05086,1.50,1.50
2013.04.17 16:01:25.419,1.05065,1.05086,2.25,1.50
2013.04.17 16:01:25.538,1.05068,1.05087,1.88,2.25
2013.04.17 16:01:25.659,1.05072,1.05094,1.65,3.00
2013.04.17 16:01:25.848,1.05072,1.05094,1.50,1.88
2013.04.17 16:01:26.770,1.05071,1.05088,3.00,2.25
2013.04.17 16:01:27.198,1.05067,1.05089,1.50,4.05
2013.04.17 16:01:27.988,1.05067,1.05086,1.50,1.65
2013.04.17 16:01:28.529,1.05067,1.05088,1.50,1.65
2013.04.17 16:01:28.707,1.05067,1.05088,2.25,1.65
2013.04.17 16:01:29.968,1.05067,1.05089,2.25,2.25
2013.04.17 16:01:30.028,1.05067,1.05087,1.50,1.88
2013.04.17 16:01:30.387,1.0506,1.05084,1.50,3.23
2013.04.17 16:01:30.697,1.05063,1.05084,1.50,2.25
2013.04.17 16:01:30.758,1.05065,1.05084,1.50,1.50
2013.04.17 16:01:30.938,1.05067,1.05088,1.50,1.05
2013.04.17 16:01:36.798,1.0507,1.05089,1.50,1.50
2013.04.17 16:01:36.858,1.0507,1.05089,1.50,1.73
2013.04.17 16:01:37.038,1.0507,1.0509,2.25,3.83
2013.04.17 16:01:37.159,1.0507,1.05089,1.50,1.65
2013.04.17 16:01:37.519,1.0507,1.05092,2.25,1.88
2013.04.17 16:01:40.178,1.0507,1.05089,2.25,1.58
2013.04.17 16:01:44.537,1.05066,1.05088,1.50,1.13
2013.04.17 16:01:44.664,1.05073,1.05089,1.13,2.25
2013.04.17 16:01:44.732,1.05073,1.05093,1.13,2.33
2013.04.17 16:01:44.805,1.05073,1.05094,1.13,1.58
2013.04.17 16:01:44.872,1.05073,1.05094,1.13,1.50
2013.04.17 16:01:45.011,1.05076,1.05098,1.50,1.65
2013.04.17 16:01:46.237,1.05076,1.05097,2.25,1.05
2013.04.17 16:01:46.358,1.05076,1.05098,2.25,3.90
2013.04.17 16:01:48.950,1.05076,1.05095,1.50,1.13
2013.04.17 16:01:51.038,1.05075,1.05095,1.50,1.88
2013.04.17 16:01:51.099,1.05076,1.05089,1.50,1.13
2013.04.17 16:01:51.158,1.05076,1.0509,1.50,1.05
2013.04.17 16:01:51.517,1.05071,1.05092,2.25,1.65
2013.04.17 16:01:54.819,1.05071,1.05092,2.25,1.65
2013.04.17 16:01:55.480,1.05071,1.05089,1.50,1.73
2013.04.17 16:01:55.604,1.05066,1.05085,2.40,1.13
2013.04.17 16:01:55.910,1.05061,1.05079,2.03,1.65
2013.04.17 16:01:55.978,1.05058,1.05079,1.13,1.65
2013.04.17 16:01:56.218,1.05058,1.05077,1.13,2.29
2013.04.17 16:01:56.279,1.05055,1.05074,1.50,1.88
2013.04.17 16:01:56.340,1.05051,1.05071,1.65,1.65
2013.04.17 16:01:56.409,1.0505,1.05071,1.88,1.65
2013.04.17 16:01:58.559,1.05052,1.05072,1.65,1.13
2013.04.17 16:01:58.798,1.05053,1.05072,1.50,1.13
2013.04.17 16:02:00.987,1.05053,1.05072,1.50,1.13
2013.04.17 16:02:01.559,1.05053,1.05072,1.50,1.13
2013.04.17 16:02:01.620,1.05051,1.05072,1.65,2.63
2013.04.17 16:02:01.679,1.05048,1.05068,1.35,1.13
2013.04.17 16:02:01.988,1.05042,1.05062,1.13,1.65
2013.04.17 16:02:02.498,1.05042,1.05061,1.65,1.13
2013.04.17 16:02:03.990,1.05042,1.0506,1.50,3.23
2013.04.17 16:02:04.299,1.05036,1.05056,1.50,1.80
2013.04.17 16:02:04.728,1.05034,1.05056,1.88,1.73
2013.04.17 16:02:05.848,1.05034,1.05056,2.25,1.50
2013.04.17 16:02:06.408,1.05036,1.05056,1.50,1.50
2013.04.17 16:02:07.771,1.05038,1.05057,1.50,2.48
2013.04.17 16:02:07.843,1.05038,1.05057,1.50,2.25
2013.04.17 16:02:08.189,1.05038,1.05056,1.50,1.13
2013.04.17 16:02:08.249,1.05036,1.05056,1.50,2.63
2013.04.17 16:02:08.659,1.05036,1.05054,1.50,1.13
2013.04.17 16:02:08.780,1.05036,1.05056,1.50,1.73
2013.04.17 16:02:09.103,1.05036,1.05056,1.50,2.48
2013.04.17 16:02:09.227,1.05036,1.05056,1.50,2.48
2013.04.17 16:02:09.288,1.05036,1.05056,1.50,2.63
2013.04.17 16:02:09.349,1.05036,1.05056,1.50,3.23
2013.04.17 16:02:10.367,1.05036,1.05056,1.50,3.23
2013.04.17 16:02:10.429,1.05036,1.05056,1.50,3.23
2013.04.17 16:02:10.491,1.05036,1.05056,1.50,3.38
2013.04.17 16:02:11.138,1.05036,1.05056,1.50,1.73
2013.04.17 16:02:11.197,1.05036,1.05053,1.50,1.73
2013.04.17 16:02:11.258,1.05036,1.05053,1.50,1.35
2013.04.17 16:02:11.678,1.05036,1.05056,1.50,2.25
2013.04.17 16:02:12.218,1.05036,1.05056,1.50,1.50
2013.04.17 16:02:12.579,1.05036,1.05056,1.50,2.25
2013.04.17 16:02:13.128,1.05034,1.05056,1.65,3.00
2013.04.17 16:02:13.657,1.05034,1.05056,1.65,3.00
2013.04.17 16:02:14.969,1.05033,1.05055,1.65,1.65
2013.04.17 16:02:15.877,1.05032,1.05052,2.25,1.13
2013.04.17 16:02:15.998,1.05032,1.05051,2.25,1.13
2013.04.17 16:02:16.238,1.0503,1.05049,1.50,1.13
2013.04.17 16:02:17.057,1.05025,1.05047,2.40,1.13
2013.04.17 16:02:17.177,1.05026,1.05047,1.13,1.13
2013.04.17 16:02:17.598,1.05025,1.05047,1.65,1.13
2013.04.17 16:02:17.719,1.05025,1.05047,1.88,2.40
2013.04.17 16:02:19.519,1.05029,1.0505,1.13,2.63
2013.04.17 16:02:19.578,1.05028,1.05049,2.25,1.13
2013.04.17 16:02:20.128,1.05031,1.05051,1.50,1.28
2013.04.17 16:02:21.138,1.05032,1.05052,1.50,2.48
2013.04.17 16:02:21.198,1.05034,1.05052,1.13,1.35
2013.04.17 16:02:21.618,1.05036,1.05056,1.13,2.10
2013.04.17 16:02:22.038,1.05037,1.05055,1.50,1.13
2013.04.17 16:02:22.397,1.05037,1.05056,1.13,1.65
2013.04.17 16:02:23.389,1.05036,1.05058,1.13,1.65
2013.04.17 16:02:25.981,1.05034,1.05056,2.78,1.13
2013.04.17 16:02:26.108,1.05036,1.05058,1.13,3.15
2013.04.17 16:02:26.758,1.05038,1.05058,1.65,2.40
2013.04.17 16:02:28.788,1.05038,1.05057,1.50,1.13
2013.04.17 16:02:29.101,1.05033,1.05055,1.65,1.73
2013.04.17 16:02:29.609,1.05031,1.05051,2.25,1.13
2013.04.17 16:02:29.679,1.05031,1.05051,2.25,1.13
2013.04.17 16:02:32.418,1.05033,1.05053,1.50,2.40
2013.04.17 16:02:32.598,1.05034,1.05054,2.63,1.65
2013.04.17 16:02:32.777,1.05037,1.05059,1.65,1.88
2013.04.17 16:02:32.838,1.05038,1.05059,1.65,1.13
2013.04.17 16:02:37.479,1.05042,1.05061,1.50,1.73
2013.04.17 16:02:37.718,1.05045,1.05061,1.13,1.35
2013.04.17 16:02:38.028,1.05045,1.05066,1.88,1.13
2013.04.17 16:02:38.088,1.05045,1.05066,1.50,1.13
2013.04.17 16:02:38.629,1.05043,1.05063,1.50,1.88
2013.04.17 16:02:38.969,1.05047,1.05063,1.13,1.50
2013.04.17 16:02:39.329,1.0505,1.05067,1.65,1.73
2013.04.17 16:02:39.507,1.0505,1.0507,1.50,2.03
2013.04.17 16:02:39.900,1.05047,1.0506,1.65,1.88
2013.04.17 16:02:40.031,1.05047,1.05064,1.50,2.03
2013.04.17 16:02:40.159,1.05044,1.05059,1.65,1.73
2013.04.17 16:02:40.400,1.05042,1.05058,1.13,1.65
2013.04.17 16:02:40.741,1.05041,1.05056,1.50,2.03
2013.04.17 16:02:41.309,1.05036,1.05056,1.50,2.40
2013.04.17 16:02:42.957,1.05036,1.05057,1.88,2.55
2013.04.17 16:02:43.078,1.05036,1.05057,1.88,2.40
2013.04.17 16:02:45.309,1.0504,1.05058,1.50,1.65
2013.04.17 16:02:48.029,1.0504,1.05056,1.50,2.63
2013.04.17 16:02:48.901,1.05036,1.05056,1.50,2.55
2013.04.17 16:02:50.795,1.05035,1.05054,1.50,1.13
2013.04.17 16:02:51.038,1.05032,1.05051,1.50,1.50
2013.04.17 16:02:51.338,1.0503,1.0505,1.50,5.48
2013.04.17 16:02:51.398,1.0503,1.05048,1.50,1.65
2013.04.17 16:02:51.461,1.05026,1.05047,2.25,2.63
2013.04.17 16:02:51.708,1.05023,1.05043,2.10,3.15
2013.04.17 16:02:51.829,1.05021,1.0504,1.50,4.13
2013.04.17 16:02:51.889,1.05021,1.05039,1.50,1.65
2013.04.17 16:02:52.068,1.05017,1.05039,2.40,1.65
2013.04.17 16:02:52.416,1.0502,1.05041,1.50,2.40
2013.04.17 16:02:54.088,1.05023,1.05046,1.65,3.90
2013.04.17 16:02:54.632,1.05026,1.05045,1.50,1.13
2013.04.17 16:02:55.940,1.05026,1.05047,1.50,2.18
2013.04.17 16:02:56.339,1.05026,1.05047,1.50,1.43
2013.04.17 16:02:56.413,1.05033,1.05053,1.50,1.13
2013.04.17 16:02:56.482,1.05033,1.05054,1.65,2.33
2013.04.17 16:02:56.728,1.05035,1.05058,1.50,3.75
2013.04.17 16:02:58.958,1.05037,1.05058,1.50,3.00
2013.04.17 16:03:01.168,1.05039,1.05058,1.50,3.00
2013.04.17 16:03:01.719,1.05039,1.05058,1.50,2.10
2013.04.17 16:03:05.981,1.05036,1.05052,1.65,1.58
2013.04.17 16:03:06.288,1.05028,1.05047,1.50,1.35
2013.04.17 16:03:06.588,1.05023,1.05044,1.88,1.50
2013.04.17 16:03:07.117,1.05025,1.05046,1.65,1.35
2013.04.17 16:03:07.480,1.05027,1.05049,2.40,2.18
2013.04.17 16:03:07.548,1.05026,1.05051,3.45,3.15
2013.04.17 16:03:07.728,1.0503,1.05049,1.50,4.13
2013.04.17 16:03:07.790,1.05026,1.05048,1.50,2.48
2013.04.17 16:03:07.980,1.05021,1.0504,2.40,1.50
2013.04.17 16:03:08.050,1.05021,1.05045,1.65,1.65
2013.04.17 16:03:08.574,1.05027,1.05046,1.50,1.65
2013.04.17 16:03:09.489,1.05027,1.05046,1.50,1.50
2013.04.17 16:03:10.346,1.05027,1.05048,2.25,1.50
2013.04.17 16:03:10.998,1.05027,1.05048,2.25,2.55
2013.04.17 16:03:13.708,1.05025,1.05046,1.50,1.65
2013.04.17 16:03:14.769,1.05025,1.05046,1.50,1.65
2013.04.17 16:03:16.467,1.05025,1.05044,1.50,1.50
2013.04.17 16:03:16.768,1.05025,1.05041,1.50,1.88
2013.04.17 16:03:17.127,1.05025,1.05039,1.50,3.15
2013.04.17 16:03:18.098,1.05019,1.05038,1.50,1.95
2013.04.17 16:03:18.529,1.05019,1.05034,1.50,1.50
2013.04.17 16:03:18.708,1.05015,1.05031,1.50,1.65
2013.04.17 16:03:18.828,1.05015,1.05031,1.50,2.48
2013.04.17 16:03:19.009,1.05009,1.05029,1.50,1.13
2013.04.17 16:03:20.039,1.05007,1.05027,1.50,2.63
2013.04.17 16:03:20.100,1.05007,1.05027,1.50,1.95
2013.04.17 16:03:20.359,1.05007,1.05026,1.50,1.95
2013.04.17 16:03:20.600,1.05002,1.05024,1.50,3.68
2013.04.17 16:03:20.670,1.05,1.05021,1.50,1.20
2013.04.17 16:03:21.456,1.04997,1.05017,1.65,1.50
2013.04.17 16:03:21.531,1.04996,1.0502,1.65,1.73
2013.04.17 16:03:21.839,1.04995,1.05016,1.65,3.83
2013.04.17 16:03:22.159,1.0499,1.05006,1.32,1.13
2013.04.17 16:03:22.518,1.04987,1.05006,2.07,1.13
2013.04.17 16:03:22.938,1.04984,1.05006,1.65,1.13
2013.04.17 16:03:23.889,1.04982,1.05003,1.65,1.65
2013.04.17 16:03:24.391,1.0499,1.05003,2.33,1.50
2013.04.17 16:03:24.467,1.0499,1.05005,1.35,2.18
2013.04.17 16:03:24.535,1.0499,1.0501,2.10,1.65
2013.04.17 16:03:25.038,1.04991,1.0501,1.50,1.65
2013.04.17 16:03:25.909,1.04991,1.0501,1.65,1.50
2013.04.17 16:03:26.027,1.04992,1.05014,1.50,3.75
2013.04.17 16:03:26.568,1.04992,1.05014,1.50,4.05
2013.04.17 16:03:27.539,1.04991,1.05012,1.50,3.34
2013.04.17 16:03:27.598,1.04991,1.05011,1.50,2.25
2013.04.17 16:03:27.899,1.04988,1.05008,1.50,2.59
2013.04.17 16:03:28.257,1.04987,1.05006,1.50,1.13
2013.04.17 16:03:28.318,1.04985,1.05005,1.50,1.13
2013.04.17 16:03:28.728,1.04985,1.05006,1.50,1.65
2013.04.17 16:03:29.557,1.04986,1.05004,1.50,1.69
2013.04.17 16:03:30.058,1.0499,1.05009,1.50,1.88
2013.04.17 16:03:31.218,1.04989,1.05009,1.50,2.63
2013.04.17 16:03:32.028,1.04986,1.05008,3.15,2.25
2013.04.17 16:03:32.207,1.0499,1.05009,2.25,1.50
2013.04.17 16:03:32.329,1.04992,1.05011,1.13,1.50
2013.04.17 16:03:32.892,1.04994,1.05011,3.90,1.50
2013.04.17 16:03:32.964,1.04996,1.05017,1.50,1.13
2013.04.17 16:03:33.459,1.04997,1.05017,1.50,1.13
2013.04.17 16:03:33.817,1.04997,1.05016,2.25,1.88
2013.04.17 16:03:33.884,1.04997,1.05016,1.50,1.88
2013.04.17 16:03:35.915,1.04995,1.05014,1.50,1.05
2013.04.17 16:03:36.228,1.04994,1.05013,1.50,1.73
2013.04.17 16:03:36.768,1.04991,1.0501,1.50,1.65
2013.04.17 16:03:37.727,1.04988,1.05009,2.25,1.13
2013.04.17 16:03:38.387,1.04988,1.05009,2.25,1.13
2013.04.17 16:03:38.747,1.04993,1.0501,1.50,1.65
2013.04.17 16:03:39.295,1.04989,1.05009,1.65,2.40
2013.04.17 16:03:39.698,1.04987,1.05003,1.50,1.50
2013.04.17 16:03:39.819,1.04987,1.05,1.50,3.30
2013.04.17 16:03:40.363,1.04981,1.04999,1.50,1.65
2013.04.17 16:03:41.708,1.04978,1.05,2.63,1.50
2013.04.17 16:03:42.817,1.04982,1.05,1.50,1.50
2013.04.17 16:03:44.898,1.04979,1.05,1.65,1.50
2013.04.17 16:03:50.878,1.04982,1.05002,1.50,2.25
2013.04.17 16:03:51.121,1.04984,1.05004,3.38,1.50
2013.04.17 16:03:51.188,1.04986,1.05005,1.20,1.35
2013.04.17 16:03:51.249,1.04993,1.05009,1.13,2.25
2013.04.17 16:03:51.608,1.04993,1.05013,1.13,2.48
2013.04.17 16:03:53.067,1.04993,1.05013,1.13,2.48
2013.04.17 16:03:56.388,1.04991,1.05013,1.65,3.38
2013.04.17 16:03:57.099,1.0499,1.05011,1.88,1.65
2013.04.17 16:03:57.651,1.0499,1.05011,1.88,1.65
2013.04.17 16:03:58.207,1.0499,1.05013,2.63,1.88
2013.04.17 16:03:59.270,1.0499,1.05013,2.63,1.88
2013.04.17 16:04:00.379,1.0499,1.0501,1.88,1.50
2013.04.17 16:04:01.460,1.04985,1.05008,2.85,1.50
2013.04.17 16:04:01.529,1.04986,1.05008,1.13,2.25
2013.04.17 16:04:01.590,1.04985,1.05006,2.25,1.50
2013.04.17 16:04:01.720,1.04985,1.05006,2.25,3.08
2013.04.17 16:04:02.268,1.04985,1.05004,1.50,1.35
2013.04.17 16:04:02.979,1.04986,1.05002,1.50,1.13
2013.04.17 16:04:03.288,1.0498,1.05,1.50,3.30
2013.04.17 16:04:03.828,1.04978,1.04999,1.65,2.25
2013.04.17 16:04:04.008,1.04975,1.04993,1.50,1.73
2013.04.17 16:04:04.128,1.04972,1.04993,2.25,1.13
2013.04.17 16:04:04.188,1.04972,1.04994,2.63,1.50
2013.04.17 16:04:04.428,1.04972,1.04993,2.40,1.65
2013.04.17 16:04:05.288,1.04973,1.04994,2.40,1.13
2013.04.17 16:04:05.408,1.04975,1.04997,1.65,1.65
2013.04.17 16:04:05.773,1.04975,1.04995,1.50,1.13
2013.04.17 16:04:05.957,1.04972,1.04994,1.65,1.13
2013.04.17 16:04:06.798,1.04973,1.04994,1.13,1.50
2013.04.17 16:04:09.019,1.04972,1.04993,3.23,2.25
2013.04.17 16:04:09.089,1.04972,1.04993,3.00,2.40
2013.04.17 16:04:09.268,1.04972,1.04992,2.25,1.13
2013.04.17 16:04:09.579,1.04974,1.04995,1.13,1.65
2013.04.17 16:04:09.641,1.04974,1.04996,1.88,1.65
2013.04.17 16:04:10.969,1.04979,1.04995,1.13,1.50
2013.04.17 16:04:11.088,1.04979,1.04996,1.13,1.50
2013.04.17 16:04:11.628,1.04979,1.05003,1.88,2.25
2013.04.17 16:04:14.848,1.04982,1.05003,1.13,1.65
2013.04.17 16:04:15.938,1.04982,1.05003,1.13,1.65
2013.04.17 16:04:16.298,1.04987,1.05006,1.50,1.50
2013.04.17 16:04:16.358,1.04987,1.05009,1.50,2.63
2013.04.17 16:04:23.270,1.04987,1.05005,1.50,1.50
2013.04.17 16:04:23.390,1.04987,1.05003,1.50,1.50
2013.04.17 16:04:23.451,1.04985,1.05003,1.13,1.50
2013.04.17 16:04:23.519,1.04985,1.05006,1.13,3.00
2013.04.17 16:04:24.061,1.04987,1.05008,1.65,1.88
2013.04.17 16:04:24.800,1.04987,1.05008,3.15,3.00
2013.04.17 16:04:24.908,1.04991,1.05013,2.25,1.88
2013.04.17 16:04:25.468,1.04992,1.05012,1.50,1.88
2013.04.17 16:04:25.588,1.04991,1.05008,1.50,1.50
2013.04.17 16:04:25.888,1.0499,1.0501,1.50,2.40
2013.04.17 16:04:26.548,1.0499,1.0501,1.50,1.65
2013.04.17 16:04:29.498,1.04991,1.05012,1.65,1.65
2013.04.17 16:04:29.857,1.04991,1.05012,1.65,1.65
2013.04.17 16:04:29.918,1.04993,1.05014,1.88,1.65
2013.04.17 16:04:31.198,1.04995,1.05016,1.65,2.48
2013.04.17 16:04:31.320,1.04996,1.05018,1.65,1.65
2013.04.17 16:04:31.439,1.04997,1.05019,2.40,1.65
2013.04.17 16:04:31.737,1.04996,1.05018,1.65,2.40
2013.04.17 16:04:32.279,1.04998,1.05018,1.50,1.65
2013.04.17 16:04:32.808,1.04999,1.05018,1.50,1.65
2013.04.17 16:04:35.468,1.05,1.05021,1.50,1.35
2013.04.17 16:04:39.658,1.05002,1.05022,2.33,1.50
2013.04.17 16:04:39.719,1.05004,1.05024,1.20,1.50
2013.04.17 16:04:39.838,1.05005,1.05026,2.40,2.40
2013.04.17 16:04:40.387,1.05006,1.05028,1.73,2.25
2013.04.17 16:04:40.458,1.05006,1.05028,1.73,1.50
2013.04.17 16:04:40.538,1.05006,1.05029,1.73,1.65
2013.04.17 16:04:42.098,1.0501,1.05033,1.58,3.00
2013.04.17 16:04:42.158,1.05012,1.05035,1.50,1.65
2013.04.17 16:04:47.529,1.05012,1.0503,1.50,1.88
2013.04.17 16:04:47.888,1.05006,1.05028,1.65,4.13
2013.04.17 16:04:47.953,1.05006,1.05027,1.50,1.20
2013.04.17 16:04:48.138,1.05006,1.05028,1.65,1.95
2013.04.17 16:04:48.258,1.05006,1.05025,1.50,1.13
2013.04.17 16:04:48.738,1.05002,1.05024,3.15,2.48
2013.04.17 16:04:48.861,1.05003,1.05024,1.13,1.35
2013.04.17 16:04:49.169,1.05002,1.05021,1.50,1.73
2013.04.17 16:04:49.290,1.05,1.0502,1.65,1.50
2013.04.17 16:04:49.548,1.05002,1.05022,1.13,1.50
2013.04.17 16:04:49.668,1.05004,1.05026,1.13,2.40
2013.04.17 16:04:50.028,1.05005,1.05023,1.65,2.93
2013.04.17 16:04:50.330,1.04997,1.05016,1.50,1.50
2013.04.17 16:04:50.866,1.04994,1.05016,1.65,1.50
2013.04.17 16:04:53.008,1.04994,1.05016,1.65,1.50
2013.04.17 16:04:54.489,1.04994,1.05014,1.50,2.70
2013.04.17 16:04:54.682,1.04991,1.05014,3.15,3.45
2013.04.17 16:04:54.749,1.04991,1.05012,2.25,1.13
2013.04.17 16:04:55.075,1.04989,1.05011,1.50,2.48
2013.04.17 16:04:55.708,1.04991,1.05011,2.25,3.23
2013.04.17 16:04:58.248,1.04988,1.0501,3.90,2.40
2013.04.17 16:04:58.309,1.04989,1.0501,1.50,1.88
2013.04.17 16:04:58.488,1.04987,1.05009,1.50,2.63
2013.04.17 16:04:58.608,1.04989,1.05009,1.50,1.88
2013.04.17 16:04:58.729,1.04986,1.05009,2.25,2.63
2013.04.17 16:04:59.258,1.04986,1.05009,2.25,4.13
2013.04.17 16:05:00.361,1.04988,1.05009,2.25,1.13
2013.04.17 16:05:00.622,1.04989,1.0501,2.25,2.70
2013.04.17 16:05:02.259,1.04992,1.05009,1.50,1.88
2013.04.17 16:05:02.319,1.04988,1.05006,1.50,1.50
2013.04.17 16:05:02.452,1.04988,1.05003,1.50,4.73
2013.04.17 16:05:02.520,1.04982,1.05,3.83,1.50
2013.04.17 16:05:02.649,1.0498,1.04997,1.28,1.35
2013.04.17 16:05:02.771,1.04976,1.04996,1.50,3.00
2013.04.17 16:05:02.839,1.04975,1.04992,1.50,1.35
2013.04.17 16:05:03.149,1.04967,1.04983,1.32,1.73
2013.04.17 16:05:03.450,1.04962,1.04983,1.65,1.50
2013.04.17 16:05:03.972,1.04962,1.04983,1.65,1.50
2013.04.17 16:05:04.158,1.04961,1.04983,1.13,2.25
2013.04.17 16:05:05.437,1.04964,1.04983,1.50,2.25
2013.04.17 16:05:05.749,1.04974,1.0499,3.15,1.50
2013.04.17 16:05:06.153,1.04979,1.04996,1.50,2.18
2013.04.17 16:05:06.239,1.04979,1.05001,1.50,3.38
2013.04.17 16:05:06.302,1.04977,1.04999,2.40,1.65
2013.04.17 16:05:06.441,1.04979,1.05,1.50,1.65
2013.04.17 16:05:06.748,1.04977,1.04999,1.65,1.65
2013.04.17 16:05:07.049,1.04974,1.04994,2.25,1.20
2013.04.17 16:05:07.109,1.04973,1.04992,1.69,1.73
2013.04.17 16:05:07.228,1.04971,1.0499,1.50,1.50
2013.04.17 16:05:07.408,1.04971,1.04989,1.65,1.50
2013.04.17 16:05:07.470,1.04971,1.0499,2.40,1.50
2013.04.17 16:05:07.777,1.04971,1.04991,2.40,1.50
2013.04.17 16:05:08.439,1.04971,1.04991,1.65,1.50
2013.04.17 16:05:08.748,1.04967,1.04986,1.50,2.25
2013.04.17 16:05:10.831,1.04965,1.04984,1.50,1.88
2013.04.17 16:05:10.899,1.04964,1.04983,1.50,1.73
2013.04.17 16:05:11.078,1.04963,1.04982,1.50,2.33
2013.04.17 16:05:11.201,1.04959,1.04981,1.88,1.65
2013.04.17 16:05:11.391,1.04962,1.04982,1.50,2.25
2013.04.17 16:05:11.517,1.04962,1.04982,1.65,2.33
2013.04.17 16:05:11.638,1.04958,1.04979,1.50,1.80
2013.04.17 16:05:11.877,1.04958,1.04979,1.13,1.35
2013.04.17 16:05:11.938,1.0496,1.04981,1.13,4.65
2013.04.17 16:05:12.418,1.04962,1.04983,2.40,1.80
2013.04.17 16:05:13.767,1.04965,1.04985,1.50,2.48
2013.04.17 16:05:14.140,1.04966,1.04985,1.65,1.50
2013.04.17 16:05:14.208,1.04968,1.04988,2.25,2.40
2013.04.17 16:05:14.268,1.04971,1.04991,1.50,3.38
2013.04.17 16:05:14.328,1.04971,1.04991,1.65,1.50
2013.04.17 16:05:14.508,1.04975,1.04995,1.50,2.48
2013.04.17 16:05:15.573,1.04972,1.04994,3.15,2.40
2013.04.17 16:05:15.648,1.04975,1.04994,1.50,1.65
2013.04.17 16:05:18.409,1.04971,1.04994,2.40,1.65
2013.04.17 16:05:18.947,1.04974,1.04993,1.50,1.65
2013.04.17 16:05:19.248,1.04968,1.04991,2.40,1.65
2013.04.17 16:05:19.548,1.04971,1.04993,1.65,2.40
2013.04.17 16:05:20.849,1.04971,1.04992,2.25,2.03
2013.04.17 16:05:21.399,1.04966,1.04989,2.40,1.73
2013.04.17 16:05:22.299,1.04965,1.04986,1.50,2.48
2013.04.17 16:05:22.419,1.04965,1.04983,1.50,1.73
2013.04.17 16:05:22.480,1.04964,1.04983,1.50,3.23
2013.04.17 16:05:22.598,1.04962,1.04982,1.65,1.50
2013.04.17 16:05:22.658,1.0496,1.04982,3.38,1.50
2013.04.17 16:05:22.840,1.0496,1.04981,1.50,1.13
2013.04.17 16:05:23.349,1.04959,1.04979,2.25,1.65
2013.04.17 16:05:24.138,1.04959,1.04978,2.25,1.13
2013.04.17 16:05:24.377,1.04952,1.04973,1.65,1.50
2013.04.17 16:05:25.179,1.04951,1.04973,2.25,3.38
2013.04.17 16:05:25.478,1.04947,1.04968,2.44,1.50
2013.04.17 16:05:25.538,1.04948,1.0497,1.69,1.50
2013.04.17 16:05:25.719,1.04951,1.04972,1.13,2.25
2013.04.17 16:05:25.901,1.04949,1.04969,1.50,1.13
2013.04.17 16:05:25.974,1.04948,1.04972,1.88,2.63
2013.04.17 16:05:26.168,1.0495,1.04972,1.13,1.50
2013.04.17 16:05:26.228,1.04948,1.04969,1.05,1.13
2013.04.17 16:05:26.348,1.04949,1.04972,1.13,2.03
2013.04.17 16:05:26.828,1.04947,1.0497,2.40,2.48
2013.04.17 16:05:27.898,1.04947,1.04969,1.13,3.00
2013.04.17 16:05:28.148,1.04954,1.04974,1.13,1.50
2013.04.17 16:05:28.448,1.04955,1.04977,1.65,1.50
2013.04.17 16:05:28.691,1.04955,1.04976,1.65,1.35
2013.04.17 16:05:29.328,1.04955,1.04976,1.50,1.58
2013.04.17 16:05:29.413,1.04958,1.04981,1.65,1.95
2013.04.17 16:05:29.658,1.04957,1.0498,1.88,1.73
2013.04.17 16:05:29.838,1.04956,1.04979,2.25,1.13
2013.04.17 16:05:29.897,1.04955,1.04977,2.25,1.13
2013.04.17 16:05:29.958,1.04955,1.04978,2.25,1.50
2013.04.17 16:05:30.032,1.04955,1.04976,1.50,1.50
2013.04.17 16:05:30.638,1.04956,1.04976,1.13,1.50
2013.04.17 16:05:31.935,1.04956,1.04977,2.70,1.50
2013.04.17 16:05:32.479,1.0496,1.0498,1.13,1.50
2013.04.17 16:05:33.018,1.0496,1.0498,1.13,1.50
2013.04.17 16:05:33.539,1.0496,1.0498,1.13,1.50
2013.04.17 16:05:34.668,1.04958,1.04979,2.40,1.50
2013.04.17 16:05:35.043,1.04956,1.04977,2.40,1.65
2013.04.17 16:05:35.109,1.04957,1.04978,1.88,1.50
2013.04.17 16:05:35.227,1.04958,1.04979,1.13,3.00
2013.04.17 16:05:35.869,1.04957,1.04979,1.50,2.48
2013.04.17 16:05:35.989,1.04956,1.04978,2.40,1.65
2013.04.17 16:05:36.297,1.04956,1.04976,1.88,1.50
2013.04.17 16:05:36.790,1.04956,1.04976,1.65,1.65
2013.04.17 16:05:36.921,1.04956,1.04976,1.50,2.70
2013.04.17 16:05:36.990,1.04952,1.04971,2.25,1.50
2013.04.17 16:05:37.298,1.04951,1.04968,1.50,1.13
2013.04.17 16:05:37.359,1.04949,1.0497,1.50,1.28
2013.04.17 16:05:37.659,1.04951,1.04971,1.50,1.13
2013.04.17 16:05:37.720,1.04951,1.04972,2.25,1.13
2013.04.17 16:05:37.789,1.04952,1.04972,1.50,1.13
2013.04.17 16:05:38.147,1.04952,1.04972,1.50,1.50
2013.04.17 16:05:38.514,1.04951,1.04972,1.50,1.50
2013.04.17 16:05:38.654,1.04952,1.04972,1.50,1.50
2013.04.17 16:05:39.038,1.0495,1.04971,1.65,1.50
2013.04.17 16:05:39.649,1.04952,1.04972,1.50,1.65
2013.04.17 16:05:40.114,1.04949,1.04971,1.65,1.65
2013.04.17 16:05:40.605,1.04946,1.04969,2.63,2.40
2013.04.17 16:05:41.708,1.04949,1.04967,1.50,1.13
2013.04.17 16:05:42.508,1.04949,1.04969,1.50,1.65
2013.04.17 16:05:44.278,1.04951,1.04969,1.13,2.25
2013.04.17 16:05:44.399,1.04951,1.04972,1.13,1.50
2013.04.17 16:05:44.458,1.04954,1.04973,1.65,1.50
2013.04.17 16:05:44.848,1.04956,1.04976,1.50,2.10
2013.04.17 16:05:45.209,1.04952,1.04974,1.50,1.88
2013.04.17 16:05:45.280,1.04952,1.04974,1.50,3.23
2013.04.17 16:05:45.399,1.04951,1.04971,1.50,1.13
2013.04.17 16:05:45.578,1.04948,1.04969,2.25,1.65
2013.04.17 16:05:46.018,1.04946,1.04968,1.50,2.55
2013.04.17 16:05:48.028,1.04946,1.04966,1.88,1.50
2013.04.17 16:05:48.269,1.04946,1.04966,1.50,2.40
2013.04.17 16:05:48.508,1.04946,1.04968,2.63,1.50
2013.04.17 16:05:48.818,1.04946,1.04966,1.88,1.50
2013.04.17 16:05:50.029,1.04947,1.04969,1.65,2.40
2013.04.17 16:05:50.091,1.04947,1.04969,1.65,1.65
2013.04.17 16:05:50.158,1.04946,1.04969,2.63,3.08
2013.04.17 16:05:51.449,1.04947,1.04969,1.65,1.65
2013.04.17 16:05:52.029,1.04948,1.04969,1.13,1.50
2013.04.17 16:05:52.148,1.04952,1.0497,1.13,1.50
2013.04.17 16:05:52.328,1.04952,1.04974,1.88,2.40
2013.04.17 16:05:53.045,1.04952,1.04974,1.13,3.83
2013.04.17 16:05:53.181,1.04953,1.04974,1.65,1.65
2013.04.17 16:05:53.728,1.04956,1.04977,1.65,1.65
2013.04.17 16:05:53.908,1.04959,1.04978,1.50,1.50
2013.04.17 16:05:53.968,1.04959,1.0498,1.50,1.50
2013.04.17 16:05:54.957,1.04959,1.04979,1.50,2.10
2013.04.17 16:05:55.138,1.04961,1.04982,1.35,2.63
2013.04.17 16:05:55.198,1.04963,1.04982,1.88,1.50
2013.04.17 16:05:55.569,1.04963,1.04985,2.63,1.65
2013.04.17 16:05:57.729,1.04963,1.04985,3.38,1.65
2013.04.17 16:05:57.938,1.04963,1.04985,3.38,1.65
2013.04.17 16:05:58.299,1.04963,1.04981,1.88,1.35
2013.04.17 16:05:58.538,1.04958,1.04978,2.40,1.50
2013.04.17 16:06:00.428,1.0496,1.04978,1.50,1.50
2013.04.17 16:06:02.208,1.0496,1.04978,1.65,1.50
2013.04.17 16:06:02.329,1.0496,1.0498,1.65,1.50
2013.04.17 16:06:02.388,1.0496,1.04981,1.65,2.85
2013.04.17 16:06:03.029,1.04963,1.04981,1.13,1.50
2013.04.17 16:06:05.818,1.04963,1.04981,1.13,1.50
2013.04.17 16:06:06.630,1.04963,1.04981,1.13,1.50
2013.04.17 16:06:08.068,1.04966,1.04983,1.35,1.50
2013.04.17 16:06:08.128,1.04969,1.04987,1.50,2.93
2013.04.17 16:06:08.190,1.04971,1.04989,1.13,1.50
2013.04.17 16:06:08.250,1.04971,1.04989,1.13,1.50
2013.04.17 16:06:08.318,1.04971,1.04992,1.13,1.65
2013.04.17 16:06:08.820,1.04973,1.04995,1.88,2.85
2013.04.17 16:06:09.938,1.04971,1.04992,1.13,1.65
2013.04.17 16:06:10.122,1.04971,1.0499,1.13,1.50
2013.04.17 16:06:10.191,1.04968,1.04987,1.88,1.50
2013.04.17 16:06:10.508,1.04966,1.04987,1.65,1.50
2013.04.17 16:06:11.469,1.04965,1.04987,1.88,1.50
2013.04.17 16:06:11.978,1.04965,1.04985,1.13,2.25
2013.04.17 16:06:12.618,1.04964,1.04985,1.65,2.40
2013.04.17 16:06:13.578,1.04964,1.04984,1.50,1.13
2013.04.17 16:06:14.529,1.04964,1.04985,1.65,1.50
2013.04.17 16:06:15.039,1.04966,1.04986,1.50,1.88
2013.04.17 16:06:15.398,1.04964,1.04984,1.50,1.13
2013.04.17 16:06:15.948,1.04964,1.04982,1.50,1.13
2013.04.17 16:06:16.009,1.0496,1.04982,2.40,1.65
2013.04.17 16:06:16.369,1.0496,1.04982,3.75,2.70
2013.04.17 16:06:17.659,1.04961,1.04982,1.65,3.45
2013.04.17 16:06:17.719,1.04961,1.04982,1.65,1.50
2013.04.17 16:06:19.918,1.04964,1.04983,1.13,1.50
2013.04.17 16:06:20.038,1.04965,1.04984,1.65,1.50
2013.04.17 16:06:20.338,1.04965,1.04984,1.65,1.50
2013.04.17 16:06:20.398,1.04965,1.04984,1.50,1.88
2013.04.17 16:06:20.820,1.04965,1.04984,1.50,1.88
2013.04.17 16:06:24.171,1.04962,1.04983,1.65,1.13
2013.04.17 16:06:24.241,1.04961,1.0498,1.50,3.98
2013.04.17 16:06:24.308,1.0496,1.04979,1.50,1.05
2013.04.17 16:06:25.392,1.0496,1.04979,1.50,2.33
2013.04.17 16:06:25.935,1.04959,1.04981,1.50,4.73
2013.04.17 16:06:26.058,1.04958,1.0498,1.65,1.65
2013.04.17 16:06:26.358,1.04957,1.04978,1.50,3.38
2013.04.17 16:06:26.879,1.04956,1.04977,2.25,1.73
2013.04.17 16:06:27.118,1.04957,1.04979,1.13,1.65
2013.04.17 16:06:27.358,1.04961,1.04979,1.13,1.50
2013.04.17 16:06:27.539,1.04966,1.04983,1.50,3.00
2013.04.17 16:06:27.840,1.04969,1.04987,2.63,1.50
2013.04.17 16:06:29.391,1.04965,1.04986,1.88,1.65
2013.04.17 16:06:29.699,1.04966,1.04987,1.88,1.50
2013.04.17 16:06:29.820,1.04966,1.04986,1.73,1.50
2013.04.17 16:06:29.880,1.04966,1.04986,3.60,1.50
2013.04.17 16:06:30.070,1.04966,1.04986,3.00,2.48
2013.04.17 16:06:30.129,1.04964,1.04982,3.00,1.50
2013.04.17 16:06:30.381,1.04961,1.0498,2.25,3.15
2013.04.17 16:06:31.131,1.04959,1.0498,1.50,1.65
2013.04.17 16:06:31.356,1.04959,1.04981,2.40,1.73
2013.04.17 16:06:31.599,1.04962,1.04981,1.88,1.50
2013.04.17 16:06:32.278,1.04962,1.04983,1.88,1.65
2013.04.17 16:06:32.984,1.04962,1.04979,1.13,1.50
2013.04.17 16:06:33.228,1.04959,1.04979,4.73,1.50
2013.04.17 16:06:33.348,1.04959,1.04978,3.08,1.50
2013.04.17 16:06:33.589,1.04956,1.04976,1.50,2.55
2013.04.17 16:06:33.649,1.04953,1.04974,2.25,1.65
2013.04.17 16:06:33.710,1.0495,1.04974,3.98,2.40
2013.04.17 16:06:33.839,1.04952,1.04975,1.88,1.50
2013.04.17 16:06:33.908,1.04953,1.04975,2.70,1.50
2013.04.17 16:06:34.529,1.04958,1.04977,1.13,1.50
2013.04.17 16:06:35.188,1.04961,1.04981,1.50,1.65
2013.04.17 16:06:37.616,1.04962,1.04983,1.88,1.65
2013.04.17 16:06:39.950,1.04962,1.04981,1.50,1.50
2013.04.17 16:06:40.309,1.04958,1.04979,2.25,2.55
2013.04.17 16:06:41.089,1.04955,1.04977,2.40,1.20
2013.04.17 16:06:41.310,1.04959,1.04977,2.40,1.50
2013.04.17 16:06:41.550,1.04962,1.04982,2.25,2.40
2013.04.17 16:06:41.792,1.04962,1.04984,2.63,4.65
2013.04.17 16:06:41.860,1.04962,1.04981,1.50,1.20
2013.04.17 16:06:41.980,1.04959,1.04981,1.50,4.05
2013.04.17 16:06:42.459,1.04962,1.04978,1.13,1.50
2013.04.17 16:06:42.580,1.04964,1.04981,1.88,1.50
2013.04.17 16:06:42.760,1.04963,1.04983,1.65,1.50
2013.04.17 16:06:42.829,1.04963,1.04984,1.65,1.65
2013.04.17 16:06:43.012,1.04962,1.04983,2.40,1.50
2013.04.17 16:06:43.258,1.04962,1.04983,2.40,1.50
2013.04.17 16:06:43.789,1.04962,1.04983,2.40,1.50
2013.04.17 16:06:44.656,1.04961,1.04982,4.13,1.50
2013.04.17 16:06:46.288,1.04961,1.04981,4.13,1.50
2013.04.17 16:06:47.148,1.04961,1.04981,4.88,1.50
2013.04.17 16:06:47.211,1.04962,1.04981,1.65,1.50
2013.04.17 16:06:47.519,1.04966,1.04988,1.65,3.15
2013.04.17 16:06:47.579,1.04966,1.04986,2.40,1.50
2013.04.17 16:06:47.698,1.04966,1.04986,1.65,1.50
2013.04.17 16:06:47.938,1.04966,1.04986,1.65,1.50
2013.04.17 16:06:48.178,1.04966,1.04987,1.65,1.65
2013.04.17 16:06:48.430,1.04967,1.04988,1.50,1.65
2013.04.17 16:06:48.731,1.04972,1.0499,1.88,2.25
2013.04.17 16:06:48.800,1.04974,1.04993,1.65,1.50
2013.04.17 16:06:48.859,1.04974,1.04994,2.40,1.65
2013.04.17 16:06:48.978,1.04975,1.04996,1.65,2.82
2013.04.17 16:06:49.400,1.04976,1.04996,1.50,2.29
2013.04.17 16:06:49.469,1.04974,1.04995,1.50,1.13
2013.04.17 16:06:50.849,1.04975,1.04993,1.50,1.13
2013.04.17 16:06:51.049,1.04983,1.04998,1.13,1.50
2013.04.17 16:06:51.300,1.04985,1.05003,1.65,1.50
2013.04.17 16:06:51.418,1.04986,1.05007,1.65,1.20
2013.04.17 16:06:53.258,1.04986,1.05006,1.65,1.65
2013.04.17 16:06:54.359,1.04986,1.05006,1.65,1.65
2013.04.17 16:06:54.432,1.0499,1.05011,1.65,1.65
2013.04.17 16:06:54.499,1.04993,1.05012,1.50,1.13
2013.04.17 16:06:54.558,1.04993,1.05013,1.50,1.13
2013.04.17 16:06:54.738,1.04992,1.05013,1.50,1.28
2013.04.17 16:06:54.980,1.04992,1.05011,1.50,1.13
2013.04.17 16:06:56.438,1.04991,1.05011,1.50,1.88
2013.04.17 16:06:57.710,1.04992,1.05011,1.13,1.50
2013.04.17 16:06:58.070,1.04993,1.05012,1.50,2.48
2013.04.17 16:06:58.128,1.04993,1.05012,1.69,2.85
2013.04.17 16:06:58.249,1.04995,1.05017,1.65,2.78
2013.04.17 16:06:58.311,1.04995,1.05017,1.65,1.28
2013.04.17 16:06:58.558,1.04998,1.05018,2.18,1.65
2013.04.17 16:06:58.619,1.04997,1.05018,1.50,1.65
2013.04.17 16:06:58.680,1.04998,1.05018,1.13,1.50
2013.04.17 16:06:59.039,1.05005,1.05026,1.13,1.13
2013.04.17 16:06:59.280,1.05005,1.05027,1.88,1.13
2013.04.17 16:06:59.740,1.05005,1.05027,1.88,1.88
2013.04.17 16:07:00.050,1.05005,1.05025,1.50,1.73
2013.04.17 16:07:00.109,1.05003,1.05022,2.25,1.43
2013.04.17 16:07:00.170,1.05001,1.05018,1.50,2.25
2013.04.17 16:07:00.420,1.04999,1.05017,1.50,1.43
2013.04.17 16:07:00.801,1.05001,1.0502,1.65,1.35
2013.04.17 16:07:00.869,1.05001,1.0502,1.88,1.35
2013.04.17 16:07:01.170,1.05004,1.05025,1.65,1.65
2013.04.17 16:07:01.309,1.05003,1.05023,1.50,1.88
2013.04.17 16:07:01.548,1.05,1.05019,1.50,1.65
2013.04.17 16:07:02.979,1.05,1.05019,1.50,1.65
2013.04.17 16:07:03.514,1.05,1.05019,1.50,1.65
2013.04.17 16:07:04.088,1.05,1.05018,1.50,1.88
2013.04.17 16:07:04.389,1.04991,1.05013,1.50,1.65
2013.04.17 16:07:04.460,1.0499,1.05012,2.40,1.65
2013.04.17 16:07:06.265,1.04988,1.0501,1.88,1.50
2013.04.17 16:07:11.923,1.04988,1.05008,1.13,1.50
2013.04.17 16:07:12.109,1.04986,1.05006,1.35,1.88
2013.04.17 16:07:12.229,1.04982,1.05003,2.40,1.50
2013.04.17 16:07:12.289,1.04982,1.05002,1.65,2.25
2013.04.17 16:07:12.528,1.04982,1.05003,2.40,2.25
2013.04.17 16:07:12.989,1.04982,1.05003,1.65,2.25
2013.04.17 16:07:13.499,1.04984,1.05004,1.50,1.65
2013.04.17 16:07:13.909,1.04984,1.05004,1.65,1.50
2013.04.17 16:07:14.400,1.04984,1.05004,1.65,1.50
2013.04.17 16:07:16.072,1.04984,1.05004,1.65,1.50
2013.04.17 16:07:16.378,1.04987,1.05004,1.13,1.50
2013.04.17 16:07:16.925,1.04987,1.05005,1.13,1.50
2013.04.17 16:07:16.989,1.04987,1.05005,1.13,1.50
2013.04.17 16:07:19.269,1.04992,1.05007,1.50,1.50
2013.04.17 16:07:19.389,1.04993,1.05013,1.73,1.50
2013.04.17 16:07:19.451,1.04994,1.05015,2.10,2.93
2013.04.17 16:07:19.519,1.04996,1.05016,1.50,1.50
2013.04.17 16:07:19.578,1.04999,1.05018,1.13,1.50
2013.04.17 16:07:19.761,1.05,1.05021,1.50,2.48
2013.04.17 16:07:20.069,1.04999,1.05021,2.40,2.48
2013.04.17 16:07:20.311,1.04999,1.05019,1.50,1.88
2013.04.17 16:07:20.501,1.04999,1.05019,1.50,2.63
2013.04.17 16:07:21.629,1.04999,1.05019,1.50,1.35
2013.04.17 16:07:22.178,1.04999,1.0502,1.88,1.50
2013.04.17 16:07:22.398,1.05001,1.05021,1.13,1.50
2013.04.17 16:07:22.459,1.05001,1.05023,1.88,3.00
2013.04.17 16:07:22.520,1.05002,1.05023,1.13,1.50
2013.04.17 16:07:22.879,1.05003,1.05023,1.65,1.50
2013.04.17 16:07:26.120,1.05007,1.05022,1.65,1.50
2013.04.17 16:07:26.187,1.05007,1.05023,1.65,1.50
2013.04.17 16:07:26.429,1.05008,1.05028,1.13,2.25
2013.04.17 16:07:26.488,1.05006,1.05028,1.13,1.50
2013.04.17 16:07:26.548,1.05006,1.05028,1.13,1.65
2013.04.17 16:07:29.598,1.05006,1.05027,1.50,1.65
2013.04.17 16:07:30.138,1.05005,1.05025,1.88,1.50
2013.04.17 16:07:34.192,1.05005,1.05025,1.88,1.50
2013.04.17 16:07:34.379,1.05008,1.05025,1.13,1.50
2013.04.17 16:07:34.817,1.05005,1.05025,1.50,2.85
2013.04.17 16:07:34.880,1.05005,1.05023,1.50,1.73
2013.04.17 16:07:34.939,1.05003,1.05021,1.50,3.23
2013.04.17 16:07:35.060,1.04997,1.05017,1.50,1.73
2013.04.17 16:07:35.120,1.04995,1.05017,1.65,3.60
2013.04.17 16:07:35.659,1.04995,1.05014,1.13,1.35
2013.04.17 16:07:35.899,1.04997,1.05015,1.35,1.50
2013.04.17 16:07:36.206,1.05009,1.05026,1.50,1.13
2013.04.17 16:07:36.271,1.0501,1.05028,1.50,1.69
2013.04.17 16:07:36.600,1.05018,1.05038,1.13,1.88
2013.04.17 16:07:36.789,1.05018,1.05041,1.13,1.50
2013.04.17 16:07:38.959,1.05019,1.0504,1.65,1.50
2013.04.17 16:07:39.319,1.05021,1.0504,1.13,1.50
2013.04.17 16:07:39.379,1.0502,1.0504,1.50,1.50
2013.04.17 16:07:39.559,1.05021,1.05044,1.50,2.25
2013.04.17 16:07:39.859,1.05021,1.05041,1.13,1.50
2013.04.17 16:07:39.919,1.0502,1.0504,1.65,1.50
2013.04.17 16:07:40.280,1.05017,1.05038,2.25,2.63
2013.04.17 16:07:40.342,1.05015,1.05037,3.90,2.63
2013.04.17 16:07:40.411,1.05015,1.05027,1.50,2.48
2013.04.17 16:07:40.540,1.05009,1.05029,1.50,3.04
2013.04.17 16:07:40.611,1.05007,1.05029,2.40,3.04
2013.04.17 16:07:40.799,1.05005,1.05027,1.50,1.13
2013.04.17 16:07:45.412,1.0501,1.05024,1.13,1.50
2013.04.17 16:07:46.005,1.05013,1.05029,1.13,1.13
2013.04.17 16:07:46.082,1.05011,1.05035,1.65,1.65
2013.04.17 16:07:46.208,1.05011,1.05033,1.65,1.50
2013.04.17 16:07:46.409,1.05011,1.05035,1.65,1.65
2013.04.17 16:07:46.727,1.05011,1.05033,1.65,1.50
2013.04.17 16:07:47.208,1.05011,1.05033,1.65,1.50
2013.04.17 16:07:47.599,1.05008,1.05029,1.88,1.50
2013.04.17 16:07:47.958,1.05005,1.05026,1.88,1.50
2013.04.17 16:07:49.592,1.05008,1.05028,1.88,1.50
2013.04.17 16:07:49.664,1.05008,1.05028,1.88,1.50
2013.04.17 16:07:49.970,1.05011,1.0503,1.50,1.50
2013.04.17 16:07:53.576,1.05011,1.05031,1.50,1.65
2013.04.17 16:07:53.699,1.05011,1.05031,1.50,1.65
2013.04.17 16:07:54.240,1.05013,1.05033,1.65,1.50
2013.04.17 16:07:54.658,1.05019,1.05038,1.50,1.47
2013.04.17 16:07:54.719,1.05017,1.05038,1.50,2.22
2013.04.17 16:07:54.993,1.05016,1.05039,3.38,2.25
2013.04.17 16:07:55.065,1.05019,1.05039,2.25,1.50
2013.04.17 16:07:55.706,1.05022,1.05043,1.65,1.88
2013.04.17 16:07:56.235,1.05021,1.05043,1.65,1.88
2013.04.17 16:08:01.468,1.05022,1.05043,1.65,1.13
2013.04.17 16:08:04.508,1.05021,1.05042,2.40,1.65
2013.04.17 16:08:07.138,1.05023,1.05043,1.65,1.50
2013.04.17 16:08:10.699,1.05025,1.05046,1.50,2.40
2013.04.17 16:08:10.819,1.05027,1.05047,1.13,4.35
2013.04.17 16:08:11.128,1.05031,1.0505,1.50,1.65
2013.04.17 16:08:11.548,1.05031,1.05051,1.50,2.33
2013.04.17 16:08:12.490,1.05031,1.05051,1.50,2.10
2013.04.17 16:08:12.728,1.05036,1.05056,1.50,2.22
2013.04.17 16:08:12.850,1.05036,1.05056,1.88,1.50
2013.04.17 16:08:13.429,1.05038,1.05059,1.65,2.85
2013.04.17 16:08:14.959,1.05038,1.0506,1.65,3.04
2013.04.17 16:08:15.429,1.05038,1.05056,1.50,1.13
2013.04.17 16:08:15.809,1.05036,1.05055,1.50,1.13
2013.04.17 16:08:16.348,1.05039,1.05056,2.25,2.85
2013.04.17 16:08:16.529,1.05041,1.0506,1.50,1.17
2013.04.17 16:08:16.589,1.05042,1.05063,1.50,1.35
2013.04.17 16:08:17.013,1.05042,1.05064,1.65,1.73
2013.04.17 16:08:17.079,1.05042,1.05064,1.65,1.73
2013.04.17 16:08:17.560,1.05042,1.0506,1.50,1.13
2013.04.17 16:08:17.859,1.05036,1.05055,2.93,1.73
2013.04.17 16:08:17.918,1.05036,1.05055,1.50,1.73
2013.04.17 16:08:20.039,1.05036,1.05054,3.00,1.35
2013.04.17 16:08:20.341,1.05045,1.05059,1.65,1.13
2013.04.17 16:08:20.942,1.05045,1.05061,1.65,1.13
2013.04.17 16:08:21.039,1.05054,1.05074,1.50,2.82
2013.04.17 16:08:21.169,1.05056,1.05076,1.50,1.73
2013.04.17 16:08:21.348,1.05059,1.05077,1.50,2.18
2013.04.17 16:08:24.198,1.05061,1.05077,1.50,1.50
2013.04.17 16:08:25.379,1.05057,1.05077,1.65,1.50
2013.04.17 16:08:25.650,1.05056,1.05077,1.65,1.50
2013.04.17 16:08:26.350,1.05055,1.05075,1.88,2.25
2013.04.17 16:08:26.708,1.05051,1.05072,1.50,2.40
2013.04.17 16:08:27.309,1.0505,1.0507,1.65,1.50
2013.04.17 16:08:28.548,1.0505,1.0507,1.65,1.50
2013.04.17 16:08:30.330,1.05055,1.05072,1.13,1.50
2013.04.17 16:08:30.578,1.05055,1.05075,1.13,1.13
2013.04.17 16:08:30.760,1.05056,1.05078,1.65,2.48
2013.04.17 16:08:31.270,1.05055,1.05076,1.13,1.65
2013.04.17 16:08:31.833,1.05054,1.05075,1.84,1.88
2013.04.17 16:08:33.649,1.05054,1.05075,1.88,1.50
2013.04.17 16:08:35.385,1.05054,1.05075,1.50,1.65
2013.04.17 16:08:39.768,1.05054,1.05073,1.50,1.13
2013.04.17 16:08:40.725,1.05051,1.05073,2.40,1.88
2013.04.17 16:08:46.640,1.05051,1.05073,1.65,2.25
2013.04.17 16:08:46.698,1.05051,1.05072,1.65,1.28
2013.04.17 16:08:47.009,1.05052,1.05072,1.13,1.13
2013.04.17 16:08:49.428,1.0505,1.05072,2.25,1.28
2013.04.17 16:08:49.488,1.0505,1.05072,1.35,1.50
2013.04.17 16:08:49.848,1.05043,1.05065,1.50,1.28
2013.04.17 16:08:50.089,1.05042,1.0506,1.65,2.10
2013.04.17 16:08:50.209,1.05037,1.05057,2.25,1.35
2013.04.17 16:08:50.330,1.05034,1.05054,1.50,2.18
2013.04.17 16:08:50.389,1.05031,1.05053,1.65,1.43
2013.04.17 16:08:50.630,1.05031,1.05052,1.50,1.35
2013.04.17 16:08:50.689,1.05032,1.05053,1.35,2.03
2013.04.17 16:08:50.750,1.05034,1.05054,1.50,1.65
2013.04.17 16:08:51.060,1.05033,1.05053,1.50,1.13
2013.04.17 16:08:51.299,1.05027,1.05048,1.65,1.65
2013.04.17 16:08:51.420,1.05028,1.05049,1.50,1.13
2013.04.17 16:08:51.539,1.05031,1.0505,1.50,1.28
2013.04.17 16:08:52.460,1.05035,1.05055,1.50,1.50
2013.04.17 16:08:52.768,1.05031,1.05051,1.50,1.13
2013.04.17 16:08:52.950,1.05028,1.05051,1.88,1.13
2013.04.17 16:08:54.739,1.05028,1.05049,2.25,1.65
2013.04.17 16:08:54.984,1.05028,1.05049,2.25,2.63
2013.04.17 16:08:55.055,1.05028,1.05049,1.50,3.15
2013.04.17 16:08:55.299,1.0503,1.0505,1.13,1.50
2013.04.17 16:08:55.660,1.05037,1.05058,1.65,1.65
2013.04.17 16:08:56.208,1.0504,1.05059,1.50,1.88
2013.04.17 16:08:57.349,1.0504,1.05062,1.88,2.40
2013.04.17 16:08:57.528,1.05043,1.05063,3.00,1.50
2013.04.17 16:08:57.649,1.05046,1.05066,1.50,1.69
2013.04.17 16:08:57.831,1.05046,1.05066,1.50,2.59
2013.04.17 16:08:57.960,1.05046,1.05067,1.50,1.65
2013.04.17 16:08:58.508,1.05044,1.05066,1.65,1.50
2013.04.17 16:08:59.048,1.05044,1.05065,1.65,1.50
2013.04.17 16:09:01.331,1.05044,1.05065,1.65,1.50
2013.04.17 16:09:01.640,1.05042,1.05063,1.13,1.65
2013.04.17 16:09:01.770,1.0504,1.05059,1.50,1.50
2013.04.17 16:09:01.890,1.05037,1.05054,2.25,1.65
2013.04.17 16:09:01.949,1.05034,1.05054,1.50,1.65
2013.04.17 16:09:02.129,1.05033,1.05052,1.50,1.50
2013.04.17 16:09:02.369,1.05024,1.05041,1.50,1.50
2013.04.17 16:09:02.551,1.05025,1.05045,1.50,1.50
2013.04.17 16:09:02.739,1.0503,1.05047,1.58,1.50
2013.04.17 16:09:02.860,1.05027,1.05047,1.13,1.50
2013.04.17 16:09:03.339,1.05028,1.0505,1.65,3.15
2013.04.17 16:09:03.459,1.0503,1.05052,1.88,2.10
2013.04.17 16:09:03.878,1.0503,1.05051,1.50,2.40
2013.04.17 16:09:04.418,1.0503,1.05051,1.50,3.23
2013.04.17 16:09:05.275,1.0503,1.05051,1.50,3.23
2013.04.17 16:09:06.773,1.05031,1.05051,1.88,1.50
2013.04.17 16:09:07.199,1.05033,1.05052,1.65,1.50
2013.04.17 16:09:07.879,1.05034,1.05052,1.50,1.50
2013.04.17 16:09:07.938,1.05037,1.05052,3.00,1.35
2013.04.17 16:09:08.058,1.05038,1.05058,1.88,1.50
2013.04.17 16:09:08.420,1.05041,1.05063,1.50,1.73
2013.04.17 16:09:08.480,1.05041,1.05063,1.50,2.48
2013.04.17 16:09:08.950,1.05038,1.05061,1.88,1.65
2013.04.17 16:09:11.809,1.05038,1.05058,1.88,1.50
2013.04.17 16:09:12.789,1.05038,1.05058,1.65,1.65
2013.04.17 16:09:13.060,1.05038,1.05058,1.50,3.00
2013.04.17 16:09:13.130,1.05037,1.05048,1.50,1.65
2013.04.17 16:09:13.249,1.05033,1.05047,2.25,1.13
2013.04.17 16:09:13.668,1.05024,1.05046,1.65,1.13
2013.04.17 16:09:14.299,1.05025,1.05047,1.88,1.50
2013.04.17 16:09:14.823,1.05026,1.05048,1.50,1.73
2013.04.17 16:09:15.309,1.05026,1.05046,1.50,1.13
2013.04.17 16:09:16.442,1.05026,1.05046,1.50,1.13
2013.04.17 16:09:20.971,1.05022,1.05043,1.88,1.50
2013.04.17 16:09:21.040,1.05022,1.05043,1.50,2.40
2013.04.17 16:09:22.112,1.05022,1.05043,1.50,2.40
2013.04.17 16:09:22.239,1.05023,1.05043,1.65,1.50
2013.04.17 16:09:22.359,1.05023,1.05043,1.65,1.50
2013.04.17 16:09:24.309,1.05023,1.05043,1.65,1.50
2013.04.17 16:09:24.828,1.05023,1.05046,1.65,2.40
2013.04.17 16:09:26.188,1.05023,1.05043,1.65,1.50
2013.04.17 16:09:28.114,1.05026,1.05046,1.50,1.65
2013.04.17 16:09:31.160,1.05026,1.05044,1.50,1.13
2013.04.17 16:09:31.290,1.05021,1.0504,3.00,1.13
2013.04.17 16:09:31.598,1.05021,1.05043,3.15,1.65
2013.04.17 16:09:31.719,1.05023,1.05044,1.65,2.40
2013.04.17 16:09:31.779,1.05023,1.05044,3.15,1.50
2013.04.17 16:09:32.438,1.05026,1.05046,1.50,1.28
2013.04.17 16:09:32.999,1.05026,1.05047,1.50,2.63
2013.04.17 16:09:35.902,1.05024,1.05042,1.50,1.50
2013.04.17 16:09:38.298,1.05021,1.05042,1.50,1.50
2013.04.17 16:09:38.658,1.05016,1.05038,1.50,2.85
2013.04.17 16:09:38.719,1.05016,1.05036,1.50,1.13
2013.04.17 16:09:38.779,1.05016,1.05037,1.65,2.40
2013.04.17 16:09:39.569,1.05016,1.05038,1.65,3.30
2013.04.17 16:09:39.628,1.05016,1.05038,1.65,3.30
2013.04.17 16:09:40.255,1.05016,1.05038,1.65,3.23
2013.04.17 16:09:40.844,1.05016,1.05038,1.65,2.48
2013.04.17 16:09:42.180,1.05016,1.05032,1.50,2.85
2013.04.17 16:09:42.299,1.05015,1.05025,1.50,2.10
2013.04.17 16:09:42.360,1.05015,1.05025,1.50,3.23
2013.04.17 16:09:42.902,1.05004,1.05026,1.65,1.88
2013.04.17 16:09:43.410,1.05009,1.05027,1.50,1.13
2013.04.17 16:09:43.899,1.05007,1.05026,2.25,1.13
2013.04.17 16:09:44.578,1.05007,1.05026,2.25,1.13
2013.04.17 16:09:45.359,1.05009,1.05026,1.50,1.13
2013.04.17 16:09:46.517,1.05009,1.05028,1.65,1.13
2013.04.17 16:09:46.759,1.05009,1.05029,3.00,1.13
2013.04.17 16:09:47.289,1.05011,1.05031,1.13,3.00
2013.04.17 16:09:47.910,1.05011,1.05029,1.13,1.50
2013.04.17 16:09:53.749,1.05009,1.05029,3.23,1.50
2013.04.17 16:09:54.298,1.05006,1.05027,1.88,1.65
2013.04.17 16:09:54.648,1.05006,1.05027,1.88,1.65
2013.04.17 16:09:55.250,1.05006,1.05027,1.88,1.65
2013.04.17 16:09:55.789,1.05006,1.05026,1.50,1.13
2013.04.17 16:09:55.975,1.05005,1.05022,2.25,1.13
2013.04.17 16:09:56.040,1.05002,1.05022,3.15,1.65
2013.04.17 16:09:56.228,1.05002,1.05021,1.50,3.83
2013.04.17 16:09:56.288,1.05,1.05021,1.50,3.83
2013.04.17 16:09:56.479,1.04997,1.05017,1.88,1.50
2013.04.17 16:09:56.538,1.04997,1.05016,1.50,1.50
2013.04.17 16:09:56.718,1.0499,1.05012,2.25,1.65
2013.04.17 16:09:56.899,1.0499,1.0501,1.50,1.50
2013.04.17 16:09:59.318,1.04989,1.05007,1.13,1.50
2013.04.17 16:10:00.239,1.04988,1.05007,1.50,1.50
2013.04.17 16:10:00.299,1.04987,1.05007,3.23,1.50
2013.04.17 16:10:00.418,1.04987,1.05007,1.50,1.65
2013.04.17 16:10:00.538,1.04987,1.05007,1.88,1.50
2013.04.17 16:10:00.658,1.04987,1.05007,1.50,1.65
2013.04.17 16:10:00.721,1.04987,1.05007,1.50,1.65
2013.04.17 16:10:01.778,1.04987,1.05007,1.50,1.65
2013.04.17 16:10:02.240,1.04989,1.05007,1.13,1.50
2013.04.17 16:10:02.359,1.04991,1.05007,2.40,1.50
2013.04.17 16:10:02.420,1.04992,1.05011,1.50,1.13
2013.04.17 16:10:02.599,1.04997,1.05016,1.65,1.88
2013.04.17 16:10:02.720,1.04997,1.05017,1.65,1.65
2013.04.17 16:10:02.838,1.04998,1.05018,1.50,1.73
2013.04.17 16:10:03.080,1.04996,1.05018,1.50,4.80
2013.04.17 16:10:03.261,1.04996,1.05018,1.65,2.48
2013.04.17 16:10:03.570,1.05004,1.05021,1.50,1.50
2013.04.17 16:10:04.043,1.05004,1.05024,1.50,1.84
2013.04.17 16:10:04.409,1.05002,1.05024,1.65,1.65
2013.04.17 16:10:05.340,1.05005,1.05023,2.25,1.65
2013.04.17 16:10:06.089,1.05002,1.05025,1.50,1.88
2013.04.17 16:10:06.231,1.05001,1.05025,2.40,1.88
2013.04.17 16:10:06.498,1.05001,1.05021,1.65,1.50
2013.04.17 16:10:07.169,1.04999,1.05021,1.73,1.88
2013.04.17 16:10:08.157,1.04999,1.05021,1.95,1.50
2013.04.17 16:10:09.199,1.05001,1.05021,2.40,1.50
2013.04.17 16:10:09.439,1.05005,1.05025,1.50,1.88
2013.04.17 16:10:10.067,1.05005,1.05025,1.50,1.88
2013.04.17 16:10:11.769,1.05007,1.05025,1.50,1.13
2013.04.17 16:10:13.000,1.05007,1.05025,2.25,1.13
2013.04.17 16:10:13.059,1.05008,1.05026,1.50,1.50
2013.04.17 16:10:13.361,1.05014,1.05033,1.50,1.65
2013.04.17 16:10:13.669,1.05018,1.05035,1.50,2.33
2013.04.17 16:10:13.728,1.05019,1.05038,1.50,1.13
2013.04.17 16:10:14.088,1.05019,1.05037,1.50,2.78
2013.04.17 16:10:14.209,1.05017,1.05033,1.50,3.38
2013.04.17 16:10:14.270,1.05016,1.0503,1.50,1.13
2013.04.17 16:10:14.820,1.0501,1.0503,1.50,1.88
2013.04.17 16:10:15.750,1.0501,1.05027,1.50,1.13
2013.04.17 16:10:15.809,1.05007,1.05027,1.50,1.13
2013.04.17 16:10:15.868,1.05005,1.05027,1.65,1.88
2013.04.17 16:10:15.928,1.05004,1.05027,2.40,1.88
2013.04.17 16:10:17.185,1.04997,1.05019,1.65,1.50
2013.04.17 16:10:17.499,1.05009,1.05024,1.50,1.50
2013.04.17 16:10:17.858,1.05011,1.05028,1.13,1.13
2013.04.17 16:10:17.979,1.05011,1.05029,1.13,1.50
2013.04.17 16:10:18.518,1.05011,1.05029,1.13,1.50
2013.04.17 16:10:18.880,1.05008,1.05027,1.50,3.83
2013.04.17 16:10:19.010,1.05009,1.05025,1.50,2.10
2013.04.17 16:10:19.450,1.05011,1.05031,2.25,1.50
2013.04.17 16:10:19.990,1.05011,1.05031,2.25,1.50
2013.04.17 16:10:20.838,1.05009,1.05031,2.40,2.25
2013.04.17 16:10:25.298,1.05009,1.05031,3.15,2.25
2013.04.17 16:10:25.830,1.05011,1.05031,1.50,1.50
2013.04.17 16:10:26.068,1.0501,1.0503,1.50,1.50
2013.04.17 16:10:30.488,1.05008,1.05029,1.65,1.50
2013.04.17 16:10:30.548,1.05011,1.0503,1.50,1.50
2013.04.17 16:10:31.889,1.05011,1.05031,1.50,1.50
2013.04.17 16:10:32.303,1.05006,1.05027,1.50,1.13
2013.04.17 16:10:32.899,1.05004,1.05024,1.65,1.50
2013.04.17 16:10:33.625,1.05004,1.05024,1.65,1.50
2013.04.17 16:10:35.190,1.05002,1.05022,1.35,1.50
2013.04.17 16:10:35.779,1.05,1.05022,1.50,1.88
2013.04.17 16:10:36.811,1.05,1.05017,1.50,1.50
2013.04.17 16:10:37.120,1.04996,1.05013,1.50,1.50
2013.04.17 16:10:37.310,1.04991,1.05015,2.25,2.40
2013.04.17 16:10:37.500,1.04991,1.05014,1.50,1.50
2013.04.17 16:10:37.799,1.04991,1.05014,1.50,2.10
2013.04.17 16:10:38.329,1.04995,1.05013,1.13,1.50
2013.04.17 16:10:41.818,1.04993,1.05013,2.48,1.50
2013.04.17 16:10:42.119,1.0499,1.05011,1.50,3.15
2013.04.17 16:10:42.240,1.04989,1.05011,1.13,3.15
2013.04.17 16:10:43.370,1.04989,1.05009,1.13,1.50
2013.04.17 16:10:47.279,1.04987,1.05006,1.50,1.13
2013.04.17 16:10:47.399,1.04985,1.05006,2.40,2.40
2013.04.17 16:10:47.938,1.04985,1.05005,1.50,1.13
2013.04.17 16:10:48.810,1.04985,1.05004,1.50,1.65
2013.04.17 16:10:49.359,1.04983,1.05004,1.65,1.65
2013.04.17 16:10:50.270,1.04981,1.05003,2.63,1.65
2013.04.17 16:10:51.109,1.04981,1.05003,2.63,1.65
2013.04.17 16:10:51.480,1.04981,1.05003,2.25,1.88
2013.04.17 16:10:51.791,1.04976,1.04998,1.88,1.65
2013.04.17 16:10:56.569,1.04977,1.04997,1.13,1.50
2013.04.17 16:10:56.930,1.04981,1.05,1.13,1.50
2013.04.17 16:10:56.999,1.04981,1.05002,1.13,1.50
2013.04.17 16:10:57.060,1.04983,1.05002,1.13,1.50
2013.04.17 16:10:57.121,1.04984,1.05003,1.13,1.50
2013.04.17 16:10:58.418,1.04984,1.05003,1.88,1.50
2013.04.17 16:10:59.820,1.04984,1.05006,1.88,1.28
2013.04.17 16:11:00.590,1.04984,1.05006,1.13,1.65
2013.04.17 16:11:01.029,1.04988,1.05007,1.50,1.73
2013.04.17 16:11:01.149,1.04989,1.0501,1.13,1.50
2013.04.17 16:11:01.329,1.04991,1.05011,1.65,1.50
2013.04.17 16:11:02.188,1.04991,1.05011,1.65,1.50
2013.04.17 16:11:02.812,1.04989,1.05009,1.13,1.50
2013.04.17 16:11:06.158,1.04988,1.05007,1.20,1.50
2013.04.17 16:11:06.399,1.04988,1.05009,1.73,1.50
2013.04.17 16:11:06.460,1.0499,1.0501,1.50,1.50
2013.04.17 16:11:06.586,1.04991,1.0501,1.20,1.50
2013.04.17 16:11:06.709,1.04993,1.05012,1.65,2.25
2013.04.17 16:11:06.769,1.04993,1.05013,3.45,1.50
2013.04.17 16:11:07.011,1.04993,1.05016,3.83,2.25
2013.04.17 16:11:07.079,1.04998,1.05016,1.73,1.50
2013.04.17 16:11:07.140,1.04998,1.05016,2.33,1.50
2013.04.17 16:11:07.259,1.04999,1.05019,1.73,1.50
2013.04.17 16:11:08.189,1.04999,1.05022,2.48,2.25
2013.04.17 16:11:08.640,1.05002,1.05022,1.13,2.25
2013.04.17 16:11:08.828,1.05006,1.05025,1.20,2.18
2013.04.17 16:11:08.888,1.05006,1.05027,1.20,1.65
2013.04.17 16:11:09.289,1.05006,1.05029,2.33,2.25
2013.04.17 16:11:09.588,1.05007,1.05028,1.58,1.50
2013.04.17 16:11:10.080,1.05012,1.05029,1.13,1.50
2013.04.17 16:11:10.380,1.05022,1.0504,1.13,1.50
2013.04.17 16:11:10.501,1.05017,1.05039,2.25,1.20
2013.04.17 16:11:10.570,1.05017,1.05038,2.25,1.20
2013.04.17 16:11:10.688,1.05017,1.05035,1.13,1.50
2013.04.17 16:11:11.888,1.05015,1.05035,1.65,2.40
2013.04.17 16:11:11.949,1.05015,1.05032,1.65,2.10
2013.04.17 16:11:12.070,1.0501,1.05031,2.40,2.40
2013.04.17 16:11:12.608,1.0501,1.0503,1.65,1.65
2013.04.17 16:11:14.320,1.0501,1.05029,1.65,1.50
2013.04.17 16:11:15.003,1.05012,1.05033,1.65,1.65
2013.04.17 16:11:19.088,1.05012,1.05033,1.50,1.88
2013.04.17 16:11:19.333,1.05012,1.0503,1.13,1.50
2013.04.17 16:11:19.460,1.05016,1.05035,1.13,1.50
2013.04.17 16:11:19.639,1.05014,1.05035,2.40,1.50
2013.04.17 16:11:19.761,1.05013,1.05033,1.13,1.50
2013.04.17 16:11:20.068,1.05012,1.05032,1.13,1.50
2013.04.17 16:11:20.265,1.05011,1.05032,1.88,1.50
2013.04.17 16:11:20.333,1.05013,1.05035,1.65,2.25
2013.04.17 16:11:20.519,1.05012,1.05034,1.13,1.65
2013.04.17 16:11:21.000,1.05012,1.05031,1.13,1.50
2013.04.17 16:11:21.359,1.05012,1.05031,1.88,1.50
2013.04.17 16:11:21.481,1.05012,1.05031,1.50,1.65
2013.04.17 16:11:21.810,1.05012,1.05029,1.13,1.50
2013.04.17 16:11:21.990,1.05013,1.05033,1.65,2.40
2013.04.17 16:11:22.230,1.0501,1.05032,1.65,2.48
2013.04.17 16:11:22.530,1.05009,1.05032,1.13,3.23
2013.04.17 16:11:23.079,1.05007,1.05028,2.25,2.63
2013.04.17 16:11:23.200,1.05004,1.05026,1.50,3.98
2013.04.17 16:11:23.319,1.05002,1.05023,1.50,2.48
2013.04.17 16:11:23.379,1.05002,1.05023,1.50,2.25
2013.04.17 16:11:23.619,1.04999,1.05022,2.55,1.50
2013.04.17 16:11:23.740,1.04998,1.05022,2.40,1.88
2013.04.17 16:11:23.919,1.04998,1.05021,2.25,1.54
2013.04.17 16:11:24.039,1.04996,1.05017,1.50,1.13
2013.04.17 16:11:24.100,1.04995,1.05017,1.50,1.88
2013.04.17 16:11:24.160,1.04997,1.05018,1.88,3.19
2013.04.17 16:11:24.342,1.04996,1.05018,2.40,1.88
2013.04.17 16:11:24.652,1.04995,1.05016,1.13,2.25
2013.04.17 16:11:24.719,1.04993,1.05016,1.65,2.48
2013.04.17 16:11:24.900,1.04993,1.05016,2.33,1.73
2013.04.17 16:11:24.959,1.04992,1.05016,1.88,1.73
2013.04.17 16:11:25.659,1.04992,1.05014,1.13,1.65
2013.04.17 16:11:25.719,1.04992,1.05013,1.13,1.58
2013.04.17 16:11:25.841,1.04988,1.05011,1.65,2.63
2013.04.17 16:11:26.233,1.04987,1.05009,1.65,1.65
2013.04.17 16:11:27.359,1.04987,1.05009,3.23,1.65
2013.04.17 16:11:27.669,1.05003,1.05015,1.50,1.13
2013.04.17 16:11:27.729,1.05003,1.05022,1.50,2.25
2013.04.17 16:11:27.909,1.05003,1.05023,1.50,1.50
2013.04.17 16:11:28.768,1.05004,1.05023,1.13,2.10
2013.04.17 16:11:29.011,1.05004,1.05025,1.13,2.40
2013.04.17 16:11:29.746,1.05004,1.05023,1.13,1.50
2013.04.17 16:11:30.438,1.05004,1.05023,1.13,1.50
2013.04.17 16:11:31.426,1.05004,1.05023,1.13,1.50
2013.04.17 16:11:33.283,1.05,1.0502,2.85,1.50
2013.04.17 16:11:33.850,1.05004,1.0502,1.13,1.50
2013.04.17 16:11:36.740,1.05,1.0502,1.50,1.65
2013.04.17 16:11:36.933,1.05004,1.05024,1.50,2.25
2013.04.17 16:11:37.311,1.05004,1.05022,1.50,1.13
2013.04.17 16:11:46.349,1.05,1.05019,1.20,1.50
2013.04.17 16:11:48.299,1.04997,1.05018,2.48,1.50
2013.04.17 16:11:48.837,1.05,1.05018,1.13,1.50
2013.04.17 16:11:49.300,1.05004,1.05018,1.73,1.50
2013.04.17 16:11:49.599,1.05008,1.0502,1.13,1.50
2013.04.17 16:11:49.719,1.05008,1.05022,1.13,1.43
2013.04.17 16:11:49.778,1.05008,1.05028,1.20,1.50
2013.04.17 16:11:50.821,1.05008,1.05028,1.73,1.50
2013.04.17 16:11:50.890,1.05012,1.05028,1.13,1.50
2013.04.17 16:11:51.069,1.05012,1.05032,1.13,1.50
2013.04.17 16:11:51.309,1.05012,1.05034,1.13,1.65
2013.04.17 16:11:52.870,1.05012,1.05033,1.13,1.65
2013.04.17 16:11:53.850,1.05011,1.05031,1.65,1.65
2013.04.17 16:11:54.209,1.05009,1.0503,1.13,1.65
2013.04.17 16:11:55.920,1.0501,1.0503,2.48,1.65
2013.04.17 16:11:58.130,1.05016,1.05035,1.50,2.40
2013.04.17 16:11:58.249,1.05017,1.05037,1.65,2.25
2013.04.17 16:11:58.308,1.05017,1.05037,1.65,1.50
2013.04.17 16:12:00.112,1.05017,1.05037,1.13,1.50
2013.04.17 16:12:01.908,1.05015,1.05035,2.33,1.13
2013.04.17 16:12:01.970,1.05014,1.05035,3.00,1.13
2013.04.17 16:12:04.758,1.05012,1.05033,1.20,1.65
2013.04.17 16:12:05.308,1.05013,1.05034,1.65,1.65
2013.04.17 16:12:05.731,1.05011,1.05033,2.33,1.88
2013.04.17 16:12:06.285,1.05012,1.0503,1.13,1.50
2013.04.17 16:12:08.021,1.05012,1.05031,1.88,1.50
2013.04.17 16:12:17.000,1.05017,1.05037,1.50,1.65
2013.04.17 16:12:18.710,1.05015,1.05037,1.73,1.65
2013.04.17 16:12:18.889,1.05013,1.05034,2.48,1.65
2013.04.17 16:12:18.948,1.05013,1.05034,2.40,1.65
2013.04.17 16:12:19.689,1.05012,1.05034,1.65,1.65
2013.04.17 16:12:20.039,1.05006,1.05029,3.38,1.50
2013.04.17 16:12:21.760,1.05008,1.05027,1.50,1.13
2013.04.17 16:12:21.891,1.05005,1.05026,1.65,1.65
2013.04.17 16:12:22.080,1.05008,1.05027,1.13,2.25
2013.04.17 16:12:24.039,1.05012,1.05031,1.50,1.28
2013.04.17 16:12:24.548,1.05011,1.05027,1.50,1.13
2013.04.17 16:12:25.129,1.05004,1.05025,1.13,1.65
2013.04.17 16:12:25.679,1.05004,1.05022,1.13,1.50
2013.04.17 16:12:26.040,1.05004,1.05021,1.13,1.50
2013.04.17 16:12:26.283,1.05005,1.05027,1.65,2.25
2013.04.17 16:12:26.471,1.05004,1.05024,1.13,1.50
2013.04.17 16:12:27.080,1.05004,1.05024,1.13,1.50
2013.04.17 16:12:29.889,1.05004,1.05024,1.13,1.50
2013.04.17 16:12:30.010,1.05005,1.05024,1.13,1.50
2013.04.17 16:12:30.491,1.05008,1.0503,1.13,3.00
2013.04.17 16:12:31.059,1.05008,1.05029,1.13,1.50
2013.04.17 16:12:31.200,1.05008,1.05029,1.13,1.50
2013.04.17 16:12:34.231,1.05011,1.05029,1.13,1.50
2013.04.17 16:12:34.410,1.05011,1.05032,2.03,2.25
2013.04.17 16:12:34.471,1.05011,1.05032,1.80,1.88
2013.04.17 16:12:34.530,1.05011,1.05032,1.05,2.63
2013.04.17 16:12:34.889,1.05004,1.05025,1.88,1.50
2013.04.17 16:12:34.949,1.05004,1.05025,1.88,1.65
2013.04.17 16:12:36.153,1.05004,1.05023,1.13,1.50
2013.04.17 16:12:36.948,1.05004,1.05023,1.13,1.50
2013.04.17 16:12:37.249,1.05004,1.05023,1.20,2.25
2013.04.17 16:12:37.549,1.05003,1.05021,1.13,1.50
2013.04.17 16:12:37.669,1.05001,1.0502,2.07,1.50
2013.04.17 16:12:37.731,1.04999,1.05019,1.50,2.25
2013.04.17 16:12:37.859,1.04997,1.05018,1.50,2.25
2013.04.17 16:12:37.920,1.04996,1.05017,1.65,1.50
2013.04.17 16:12:37.990,1.04994,1.05014,1.13,1.50
2013.04.17 16:12:39.268,1.04993,1.05014,1.69,2.25
2013.04.17 16:12:39.629,1.04994,1.05013,1.13,3.00
2013.04.17 16:12:39.929,1.04993,1.05013,1.13,2.25
2013.04.17 16:12:40.288,1.04993,1.05014,1.13,1.65
2013.04.17 16:12:42.058,1.04992,1.05011,1.13,2.25
2013.04.17 16:12:42.120,1.0499,1.05009,4.39,2.25
2013.04.17 16:12:42.240,1.04988,1.05008,1.50,1.50
2013.04.17 16:12:42.362,1.04987,1.05007,1.50,1.50
2013.04.17 16:12:42.433,1.04986,1.05008,1.65,3.38
2013.04.17 16:12:42.739,1.04985,1.05005,1.13,2.10
2013.04.17 16:12:42.979,1.04985,1.05006,1.13,1.65
2013.04.17 16:12:43.750,1.04985,1.05005,1.13,1.50
2013.04.17 16:12:44.264,1.04985,1.05005,1.13,1.50
2013.04.17 16:12:44.864,1.04982,1.05005,3.38,4.13
2013.04.17 16:12:45.750,1.04982,1.05003,2.63,1.65
2013.04.17 16:12:46.108,1.04985,1.05,1.13,1.50
2013.04.17 16:12:46.409,1.04987,1.05005,2.70,1.13
2013.04.17 16:12:46.529,1.04989,1.05008,2.63,1.88
2013.04.17 16:12:46.769,1.04989,1.05009,1.13,2.25
2013.04.17 16:12:46.906,1.04987,1.05008,1.65,1.50
2013.04.17 16:12:47.209,1.04983,1.05002,1.13,2.25
2013.04.17 16:12:47.269,1.04982,1.05001,1.88,1.50
2013.04.17 16:12:49.381,1.04982,1.04998,1.13,1.50
2013.04.17 16:12:49.618,1.04983,1.05002,1.20,1.50
2013.04.17 16:12:50.262,1.04983,1.05002,1.13,1.50
2013.04.17 16:12:50.390,1.04982,1.05002,1.28,1.50
2013.04.17 16:12:50.450,1.0498,1.05,4.28,1.50
2013.04.17 16:12:51.220,1.04979,1.05,1.80,1.50
2013.04.17 16:12:51.280,1.04979,1.04998,1.80,1.50
2013.04.17 16:12:52.379,1.04978,1.04998,1.13,2.25
2013.04.17 16:12:52.998,1.04977,1.04997,1.50,1.50
2013.04.17 16:12:53.239,1.0497,1.04991,1.13,2.25
2013.04.17 16:12:53.419,1.04969,1.04991,2.10,3.00
2013.04.17 16:12:53.480,1.04968,1.04991,2.10,2.40
2013.04.17 16:12:53.719,1.04967,1.04987,1.88,1.50
2013.04.17 16:12:54.324,1.04967,1.04987,1.28,1.50
2013.04.17 16:12:54.393,1.04967,1.04989,1.28,2.25
2013.04.17 16:12:54.519,1.04969,1.04989,1.50,2.25
2013.04.17 16:12:54.579,1.04969,1.04989,1.88,2.25
2013.04.17 16:12:55.839,1.04973,1.04993,3.15,1.50
2013.04.17 16:12:55.958,1.04973,1.04993,3.15,1.50
2013.04.17 16:12:58.888,1.04972,1.04993,3.83,1.50
2013.04.17 16:12:59.073,1.04971,1.04993,2.40,2.25
2013.04.17 16:12:59.588,1.04971,1.04993,1.65,2.25
2013.04.17 16:12:59.729,1.04971,1.04993,1.65,2.25
2013.04.17 16:13:00.351,1.04972,1.04993,1.88,2.25
2013.04.17 16:13:00.716,1.04972,1.04989,1.50,1.65
2013.04.17 16:13:00.899,1.04971,1.04991,1.65,1.58
2013.04.17 16:13:01.380,1.0497,1.04991,1.13,1.50
2013.04.17 16:13:01.619,1.04971,1.04991,1.28,2.25
2013.04.17 16:13:02.170,1.04968,1.0499,2.03,1.50
2013.04.17 16:13:02.348,1.04971,1.04993,1.50,1.88
2013.04.17 16:13:03.125,1.04969,1.04992,1.65,1.65
2013.04.17 16:13:04.638,1.04971,1.04992,1.50,1.28
2013.04.17 16:13:06.918,1.04971,1.04993,2.63,2.78
2013.04.17 16:13:08.110,1.04968,1.04988,1.88,1.50
2013.04.17 16:13:08.169,1.04967,1.04988,2.10,1.50
2013.04.17 16:13:08.589,1.04965,1.04986,1.58,1.50
2013.04.17 16:13:08.710,1.04964,1.04986,1.05,2.25
2013.04.17 16:13:09.239,1.04962,1.04984,5.78,3.00
2013.04.17 16:13:09.769,1.04963,1.04985,2.03,1.50
2013.04.17 16:13:09.948,1.04965,1.04988,2.63,3.53
2013.04.17 16:13:10.428,1.04966,1.04985,1.13,1.50
2013.04.17 16:13:10.669,1.04968,1.04988,1.13,1.50
2013.04.17 16:13:11.089,1.04971,1.04993,1.50,1.88
2013.04.17 16:13:11.649,1.04969,1.0499,1.65,1.50
2013.04.17 16:13:11.979,1.04969,1.0499,1.65,1.50
2013.04.17 16:13:14.186,1.04968,1.04986,1.50,1.13
2013.04.17 16:13:14.429,1.04962,1.04985,1.95,1.65
2013.04.17 16:13:14.490,1.04962,1.04984,1.50,1.13
2013.04.17 16:13:14.669,1.04959,1.04982,1.13,2.40
2013.04.17 16:13:14.969,1.0496,1.04983,1.88,1.58
2013.04.17 16:13:15.509,1.0496,1.04983,1.50,2.25
2013.04.17 16:13:16.091,1.04959,1.04983,1.13,3.15
2013.04.17 16:13:16.283,1.04959,1.04983,2.40,1.65
2013.04.17 16:13:16.349,1.0496,1.04984,1.65,3.00
2013.04.17 16:13:16.651,1.04962,1.04983,1.88,1.50
2013.04.17 16:13:16.770,1.0496,1.04984,2.48,3.23
2013.04.17 16:13:17.139,1.04959,1.0498,1.88,1.50
2013.04.17 16:13:17.569,1.04961,1.0498,1.50,1.50
2013.04.17 16:13:17.879,1.04959,1.04979,4.95,1.50
2013.04.17 16:13:18.180,1.04955,1.04978,1.13,4.13
2013.04.17 16:13:18.250,1.04954,1.04977,1.65,4.13
2013.04.17 16:13:18.888,1.04952,1.04973,1.73,1.65
2013.04.17 16:13:19.418,1.0495,1.04973,1.65,2.25
2013.04.17 16:13:19.729,1.04946,1.04966,1.65,1.50
2013.04.17 16:13:19.790,1.04946,1.04968,1.65,3.00
2013.04.17 16:13:19.920,1.04945,1.04967,1.80,1.50
2013.04.17 16:13:20.449,1.04945,1.04965,1.80,1.50
2013.04.17 16:13:20.769,1.04945,1.04965,2.10,1.88
2013.04.17 16:13:20.830,1.04946,1.04966,1.13,2.25
2013.04.17 16:13:20.893,1.04946,1.04965,1.13,1.50
2013.04.17 16:13:21.329,1.04949,1.04969,1.65,1.50
2013.04.17 16:13:21.455,1.04951,1.04969,1.20,1.50
2013.04.17 16:13:21.699,1.04951,1.0497,1.95,1.13
2013.04.17 16:13:22.540,1.0495,1.04968,1.58,2.48
2013.04.17 16:13:23.017,1.0495,1.04966,1.50,1.13
2013.04.17 16:13:23.094,1.04942,1.04965,2.40,1.73
2013.04.17 16:13:23.700,1.04945,1.04965,1.13,1.50
2013.04.17 16:13:24.180,1.04945,1.04965,1.88,1.50
2013.04.17 16:13:24.539,1.04945,1.04965,1.13,1.50
2013.04.17 16:13:25.108,1.04946,1.04968,1.65,1.50
2013.04.17 16:13:25.169,1.04946,1.04968,1.88,1.50
2013.04.17 16:13:25.589,1.04948,1.04965,1.50,1.13
2013.04.17 16:13:25.830,1.04943,1.04962,1.50,1.05
2013.04.17 16:13:25.889,1.04941,1.04963,2.25,1.20
2013.04.17 16:13:26.411,1.04941,1.04963,1.88,1.65
2013.04.17 16:13:26.551,1.04941,1.04963,1.88,1.65
2013.04.17 16:13:27.020,1.04949,1.04963,1.13,1.50
2013.04.17 16:13:27.081,1.04949,1.04966,1.13,3.00
2013.04.17 16:13:27.332,1.04947,1.04968,1.50,1.13
2013.04.17 16:13:27.579,1.04947,1.0497,2.33,1.88
2013.04.17 16:13:27.639,1.04949,1.0497,1.13,1.50
2013.04.17 16:13:28.159,1.04949,1.0497,1.13,1.50
2013.04.17 16:13:30.512,1.04947,1.04969,2.48,1.65
2013.04.17 16:13:30.761,1.04946,1.04965,1.13,2.25
2013.04.17 16:13:30.892,1.04944,1.04965,1.50,1.88
2013.04.17 16:13:31.200,1.04941,1.04961,1.50,1.13
2013.04.17 16:13:31.319,1.04941,1.04961,1.50,1.13
2013.04.17 16:13:31.928,1.04941,1.04961,1.13,1.50
2013.04.17 16:13:32.003,1.04944,1.04964,1.50,2.63
2013.04.17 16:13:32.311,1.04947,1.04966,1.13,1.13
2013.04.17 16:13:32.858,1.04948,1.0497,1.65,1.88
2013.04.17 16:13:35.158,1.04948,1.0497,1.88,1.50
2013.04.17 16:13:35.280,1.04948,1.0497,1.88,1.50
2013.04.17 16:13:35.748,1.04948,1.0497,1.88,1.50
2013.04.17 16:13:35.909,1.04948,1.0497,1.88,2.25
2013.04.17 16:13:36.148,1.04947,1.04967,1.58,2.63
2013.04.17 16:13:36.508,1.04947,1.04966,1.13,1.50
2013.04.17 16:13:38.380,1.04949,1.04966,1.13,1.50
2013.04.17 16:13:40.283,1.04949,1.04966,1.13,1.50
2013.04.17 16:13:40.470,1.0495,1.04969,3.30,2.63
2013.04.17 16:13:40.710,1.04955,1.04973,1.13,2.25
2013.04.17 16:13:40.954,1.04958,1.04975,2.25,1.50
2013.04.17 16:13:41.027,1.04958,1.04976,3.38,2.25
2013.04.17 16:13:41.362,1.04969,1.04983,1.50,1.50
2013.04.17 16:13:41.430,1.04969,1.04988,1.50,2.25
2013.04.17 16:13:41.561,1.0497,1.04991,1.65,1.35
2013.04.17 16:13:41.679,1.0497,1.04991,1.65,1.35
2013.04.17 16:13:42.279,1.04968,1.0499,1.20,1.50
2013.04.17 16:13:42.868,1.04975,1.04991,1.13,1.50
2013.04.17 16:13:42.999,1.04976,1.04996,1.88,2.25
2013.04.17 16:13:43.060,1.04978,1.04998,1.13,1.50
2013.04.17 16:13:43.299,1.04978,1.04997,1.13,1.65
2013.04.17 16:13:43.721,1.04978,1.04998,1.13,2.25
2013.04.17 16:13:43.854,1.04976,1.04997,1.50,1.73
2013.04.17 16:13:43.992,1.04976,1.04997,3.90,2.48
2013.04.17 16:13:44.062,1.04976,1.04995,2.40,1.50
2013.04.17 16:13:44.129,1.04976,1.04998,1.65,3.23
2013.04.17 16:13:45.268,1.04977,1.04997,1.65,1.13
2013.04.17 16:13:45.629,1.04977,1.04996,1.65,1.13
2013.04.17 16:13:45.749,1.04976,1.04996,1.65,1.13
2013.04.17 16:13:47.879,1.04978,1.04994,1.50,1.50
2013.04.17 16:13:48.242,1.04974,1.04985,2.18,1.13
2013.04.17 16:13:48.310,1.04968,1.04985,1.50,1.13
2013.04.17 16:13:48.370,1.04966,1.04985,1.65,1.13
2013.04.17 16:13:48.491,1.04965,1.04983,1.50,1.65
2013.04.17 16:13:48.555,1.04967,1.04984,1.35,1.65
2013.04.17 16:13:48.685,1.04971,1.04989,1.13,3.00
2013.04.17 16:13:48.828,1.04969,1.04989,1.65,1.50
2013.04.17 16:13:49.139,1.04967,1.04989,2.40,2.25
2013.04.17 16:13:49.199,1.04972,1.0499,1.13,1.50
2013.04.17 16:13:49.320,1.04972,1.0499,1.13,1.50
2013.04.17 16:13:49.440,1.04969,1.0499,1.13,1.65
2013.04.17 16:13:49.961,1.04968,1.04988,1.13,1.50
2013.04.17 16:13:50.849,1.04968,1.0499,1.13,2.40
2013.04.17 16:13:53.742,1.04965,1.04983,3.15,1.65
2013.04.17 16:13:53.930,1.04961,1.04981,1.24,1.65
2013.04.17 16:13:54.229,1.04956,1.04979,1.88,2.40
2013.04.17 16:13:55.239,1.04956,1.04978,1.88,1.50
2013.04.17 16:13:55.689,1.04956,1.04979,1.88,3.15
2013.04.17 16:13:56.287,1.04956,1.04978,1.88,1.50
2013.04.17 16:13:56.980,1.04957,1.04978,1.13,1.50
2013.04.17 16:13:57.049,1.04958,1.04979,2.93,2.25
2013.04.17 16:13:57.289,1.04962,1.04982,1.65,1.50
2013.04.17 16:13:57.349,1.04962,1.04982,1.65,1.50
2013.04.17 16:13:58.047,1.04964,1.04983,1.50,1.50
2013.04.17 16:13:58.599,1.04964,1.04984,1.50,1.65
2013.04.17 16:13:58.930,1.0496,1.0498,1.50,1.65
2013.04.17 16:13:59.719,1.0496,1.04978,1.50,1.50
2013.04.17 16:14:00.319,1.0496,1.04975,1.50,1.50
2013.04.17 16:14:00.820,1.04963,1.04979,1.50,1.50
2013.04.17 16:14:00.879,1.04963,1.04979,1.88,1.50
2013.04.17 16:14:01.380,1.04964,1.04982,1.50,1.65
2013.04.17 16:14:01.739,1.0496,1.04979,1.88,1.50
2013.04.17 16:14:02.033,1.0496,1.04976,1.13,3.08
2013.04.17 16:14:02.170,1.04957,1.04973,1.50,1.13
2013.04.17 16:14:02.230,1.04955,1.04969,1.50,1.73
2013.04.17 16:14:02.290,1.04954,1.04969,1.50,1.73
2013.04.17 16:14:02.412,1.04949,1.04969,1.65,2.48
2013.04.17 16:14:02.480,1.04948,1.04969,1.47,2.85
2013.04.17 16:14:03.380,1.04947,1.04966,1.13,1.35
2013.04.17 16:14:03.559,1.04946,1.04966,1.50,1.73
2013.04.17 16:14:03.619,1.04946,1.04966,1.88,1.13
2013.04.17 16:14:03.679,1.04946,1.04968,3.38,2.40
2013.04.17 16:14:03.739,1.04946,1.04967,3.00,1.88
2013.04.17 16:14:04.099,1.04947,1.04968,1.88,1.73
2013.04.17 16:14:04.908,1.04948,1.04968,1.65,1.13
2013.04.17 16:14:05.240,1.04951,1.04966,1.65,1.50
2013.04.17 16:14:05.420,1.04951,1.04968,1.65,1.50
2013.04.17 16:14:06.329,1.04951,1.04968,1.50,1.65
2013.04.17 16:14:06.870,1.04953,1.04964,1.50,1.50
2013.04.17 16:14:07.645,1.04951,1.04964,1.50,1.50
2013.04.17 16:14:07.711,1.04949,1.04964,1.50,1.58
2013.04.17 16:14:08.273,1.04947,1.04963,1.88,1.50
2013.04.17 16:14:09.609,1.0495,1.04963,1.50,1.50
2013.04.17 16:14:10.029,1.04947,1.04965,1.50,1.65
2013.04.17 16:14:10.990,1.04947,1.04967,1.50,1.73
2013.04.17 16:14:11.551,1.04947,1.04967,2.25,1.73
2013.04.17 16:14:11.859,1.04949,1.04963,1.50,1.50
2013.04.17 16:14:12.983,1.04952,1.04967,1.50,1.50
2013.04.17 16:14:13.471,1.04952,1.04966,1.50,1.13
2013.04.17 16:14:13.660,1.04946,1.04966,1.65,1.13
2013.04.17 16:14:13.724,1.04946,1.04964,1.50,1.13
2013.04.17 16:14:13.791,1.04945,1.04964,2.25,1.13
2013.04.17 16:14:14.340,1.04943,1.04963,1.65,1.65
2013.04.17 16:14:14.518,1.04943,1.04963,1.65,1.65
2013.04.17 16:14:15.357,1.0494,1.04959,1.65,1.65
2013.04.17 16:14:15.436,1.04938,1.04959,1.88,1.65
2013.04.17 16:14:19.024,1.04938,1.04959,1.88,2.40
2013.04.17 16:14:21.754,1.04937,1.04956,1.65,1.65
2013.04.17 16:14:21.939,1.04932,1.04951,2.07,1.13
2013.04.17 16:14:22.299,1.04931,1.04952,1.80,2.25
2013.04.17 16:14:22.360,1.04931,1.04952,1.65,2.25
2013.04.17 16:14:22.423,1.04932,1.04952,1.88,1.35
2013.04.17 16:14:22.970,1.04934,1.04952,1.65,1.50
2013.04.17 16:14:23.700,1.04934,1.04953,1.65,1.50
2013.04.17 16:14:24.139,1.04934,1.04953,1.65,1.50
2013.04.17 16:14:24.288,1.04934,1.04953,1.65,1.50
2013.04.17 16:14:24.839,1.04934,1.0495,1.50,1.65
2013.04.17 16:14:24.959,1.0493,1.0495,2.25,2.25
2013.04.17 16:14:26.260,1.04933,1.04952,1.88,1.50
2013.04.17 16:14:26.619,1.04935,1.04953,1.65,1.50
2013.04.17 16:14:30.470,1.04936,1.04953,1.88,1.50
2013.04.17 16:14:30.710,1.04938,1.04957,1.88,1.13
2013.04.17 16:14:30.828,1.04938,1.04959,1.88,1.65
2013.04.17 16:14:31.730,1.04939,1.04958,1.65,1.50
2013.04.17 16:14:31.849,1.04939,1.04958,1.65,1.50
2013.04.17 16:14:32.148,1.04937,1.04957,2.40,1.65
2013.04.17 16:14:32.329,1.04937,1.04957,3.15,1.65
2013.04.17 16:14:32.699,1.04937,1.04953,2.25,1.13
2013.04.17 16:14:32.819,1.04935,1.04953,2.25,1.13
2013.04.17 16:14:33.059,1.04932,1.04953,1.65,2.25
2013.04.17 16:14:33.358,1.04932,1.0495,1.50,1.13
2013.04.17 16:14:35.151,1.04932,1.04951,1.13,1.50
2013.04.17 16:14:35.699,1.04935,1.04951,1.50,1.88
2013.04.17 16:14:36.239,1.04934,1.04953,1.13,2.40
2013.04.17 16:14:36.789,1.04932,1.04953,3.90,2.63
2013.04.17 16:14:41.398,1.04931,1.04949,1.50,1.65
2013.04.17 16:14:43.491,1.04932,1.04952,1.65,1.65
2013.04.17 16:14:43.611,1.04933,1.04952,1.50,1.65
2013.04.17 16:14:44.209,1.04932,1.04949,1.65,1.50
2013.04.17 16:14:45.101,1.04931,1.04949,1.65,1.50
2013.04.17 16:14:46.563,1.04934,1.04953,1.20,1.50
2013.04.17 16:14:46.820,1.0494,1.04959,1.13,1.65
2013.04.17 16:14:46.962,1.04938,1.04959,2.25,1.73
2013.04.17 16:14:47.269,1.04934,1.04953,3.38,1.65
2013.04.17 16:14:48.063,1.04934,1.04953,2.63,1.65
2013.04.17 16:14:48.609,1.04934,1.04955,3.38,1.13
2013.04.17 16:14:49.928,1.04934,1.04955,2.25,1.13
2013.04.17 16:14:51.109,1.04933,1.0495,1.65,1.65
2013.04.17 16:14:51.229,1.04932,1.0495,1.65,1.65
2013.04.17 16:14:56.318,1.04931,1.0495,4.20,1.65
2013.04.17 16:14:56.619,1.04938,1.04956,1.73,1.50
2013.04.17 16:14:56.985,1.04938,1.04958,1.65,1.13
2013.04.17 16:14:57.110,1.04937,1.04959,2.40,1.13
2013.04.17 16:14:57.240,1.04936,1.04958,1.88,1.88
2013.04.17 16:14:57.365,1.04936,1.04955,1.65,1.13
2013.04.17 16:14:57.489,1.04934,1.04953,1.50,1.13
2013.04.17 16:14:57.549,1.04934,1.04954,1.50,1.50
2013.04.17 16:14:57.609,1.04931,1.04954,3.15,2.25
2013.04.17 16:14:57.669,1.04931,1.04954,3.15,2.25
2013.04.17 16:14:58.181,1.04932,1.0495,1.65,1.65
2013.04.17 16:14:58.530,1.04931,1.04949,1.50,1.13
2013.04.17 16:14:58.709,1.04931,1.0495,1.65,3.00
2013.04.17 16:14:58.830,1.0493,1.04949,1.13,1.50
2013.04.17 16:14:59.139,1.04928,1.04949,1.73,2.63
2013.04.17 16:14:59.520,1.04926,1.04947,2.48,1.65
2013.04.17 16:15:00.499,1.04927,1.04947,1.35,2.63
2013.04.17 16:15:01.060,1.04926,1.04947,1.65,2.63
2013.04.17 16:15:01.359,1.04927,1.04949,1.13,2.78
2013.04.17 16:15:01.661,1.0493,1.04949,1.88,1.50
2013.04.17 16:15:01.723,1.0493,1.04949,1.88,1.50
2013.04.17 16:15:02.089,1.04932,1.04955,1.13,1.13
2013.04.17 16:15:02.899,1.04932,1.04955,2.40,1.88
2013.04.17 16:15:03.276,1.04926,1.04947,2.44,1.50
2013.04.17 16:15:03.870,1.04927,1.0495,2.63,2.40
2013.04.17 16:15:03.990,1.04928,1.0495,4.95,1.50
2013.04.17 16:15:04.348,1.04928,1.0495,5.63,1.88
2013.04.17 16:15:07.370,1.04926,1.04948,2.33,1.13
2013.04.17 16:15:07.609,1.04923,1.04945,1.65,1.88
2013.04.17 16:15:07.671,1.04922,1.0494,2.10,1.13
2013.04.17 16:15:07.789,1.04918,1.04935,1.50,2.40
2013.04.17 16:15:08.210,1.04916,1.04933,1.20,2.25
2013.04.17 16:15:08.508,1.04918,1.04938,1.95,1.50
2013.04.17 16:15:08.889,1.04918,1.04936,2.25,2.63
2013.04.17 16:15:09.009,1.04914,1.04933,1.28,3.00
2013.04.17 16:15:09.369,1.04912,1.04932,2.55,1.50
2013.04.17 16:15:09.489,1.04911,1.0493,1.20,1.50
2013.04.17 16:15:09.610,1.04912,1.04929,1.13,1.50
2013.04.17 16:15:09.731,1.04906,1.04924,1.13,1.50
2013.04.17 16:15:11.011,1.04904,1.04923,2.33,1.13
2013.04.17 16:15:11.495,1.04899,1.04918,2.70,1.50
2013.04.17 16:15:11.809,1.04905,1.04923,1.13,1.50
2013.04.17 16:15:12.109,1.04903,1.04923,2.03,2.25
2013.04.17 16:15:12.409,1.04902,1.04923,1.65,2.63
2013.04.17 16:15:12.712,1.04899,1.0492,2.48,1.50
2013.04.17 16:15:13.069,1.04899,1.04921,1.13,1.65
2013.04.17 16:15:13.309,1.04899,1.0492,2.63,1.50
2013.04.17 16:15:13.689,1.04899,1.0492,2.63,1.50
2013.04.17 16:15:14.679,1.049,1.04921,1.73,2.40
2013.04.17 16:15:14.919,1.04898,1.04917,2.48,1.50
2013.04.17 16:15:15.487,1.04897,1.04914,4.20,1.50
2013.04.17 16:15:16.011,1.04897,1.04914,2.70,1.50
2013.04.17 16:15:16.202,1.04895,1.04914,1.65,2.25
2013.04.17 16:15:16.346,1.04891,1.04909,1.88,1.65
2013.04.17 16:15:16.650,1.04885,1.04906,1.28,2.25
2013.04.17 16:15:16.949,1.04886,1.04909,1.88,3.15
2013.04.17 16:15:17.072,1.04888,1.0491,1.13,1.65
2013.04.17 16:15:17.382,1.04887,1.04909,1.88,1.13
2013.04.17 16:15:17.889,1.04886,1.04908,1.80,2.40
2013.04.17 16:15:18.710,1.04886,1.04906,1.80,1.50
2013.04.17 16:15:18.851,1.04884,1.04906,4.20,1.65
2013.04.17 16:15:18.921,1.04884,1.04903,3.38,1.50
2013.04.17 16:15:19.231,1.04884,1.04904,1.88,1.50
2013.04.17 16:15:19.719,1.04884,1.04907,1.13,1.88
2013.04.17 16:15:19.961,1.04884,1.04904,1.13,1.50
2013.04.17 16:15:20.272,1.04882,1.04902,1.35,1.13
2013.04.17 16:15:20.401,1.04884,1.04903,1.13,1.50
2013.04.17 16:15:21.670,1.04882,1.04902,2.40,1.65
2013.04.17 16:15:21.849,1.04881,1.04902,1.13,2.40
2013.04.17 16:15:22.031,1.04881,1.04902,1.13,1.65
2013.04.17 16:15:22.100,1.04882,1.04902,1.13,1.50
2013.04.17 16:15:22.649,1.04884,1.04903,1.50,1.65
2013.04.17 16:15:22.769,1.04881,1.04901,1.50,1.13
2013.04.17 16:15:23.010,1.04882,1.04902,1.13,2.40
2013.04.17 16:15:23.512,1.04882,1.04902,1.13,1.65
2013.04.17 16:15:24.269,1.04879,1.04901,1.28,1.65
2013.04.17 16:15:24.469,1.04879,1.04899,1.28,2.40
2013.04.17 16:15:24.589,1.04876,1.04898,1.88,1.50
2013.04.17 16:15:24.949,1.04879,1.04899,1.28,2.25
2013.04.17 16:15:25.070,1.04879,1.04899,1.13,2.40
2013.04.17 16:15:25.130,1.04879,1.04899,1.13,2.40
2013.04.17 16:15:25.837,1.04879,1.04899,1.13,3.15
2013.04.17 16:15:25.919,1.04876,1.04896,1.50,1.13
2013.04.17 16:15:26.062,1.04873,1.04895,1.65,1.65
2013.04.17 16:15:26.320,1.04871,1.04893,1.73,1.88
2013.04.17 16:15:26.980,1.04869,1.04891,1.73,1.65
2013.04.17 16:15:27.285,1.04869,1.04892,1.73,1.13
2013.04.17 16:15:28.143,1.0487,1.04893,1.13,2.40
2013.04.17 16:15:28.460,1.04874,1.04896,1.13,1.65
2013.04.17 16:15:30.360,1.04874,1.04896,2.63,1.50
2013.04.17 16:15:30.542,1.04878,1.04899,1.13,2.40
2013.04.17 16:15:30.731,1.04881,1.04901,1.13,1.65
2013.04.17 16:15:31.093,1.04882,1.04903,1.13,1.88
2013.04.17 16:15:31.280,1.04884,1.04904,2.03,1.65
2013.04.17 16:15:31.580,1.04881,1.04903,1.13,1.05
2013.04.17 16:15:32.399,1.04881,1.04903,1.88,1.65
2013.04.17 16:15:32.520,1.0488,1.049,1.35,1.50
2013.04.17 16:15:33.137,1.0488,1.049,1.50,1.88
2013.04.17 16:15:34.160,1.0488,1.049,1.73,1.50
2013.04.17 16:15:34.819,1.0488,1.049,2.48,1.50
2013.04.17 16:15:35.180,1.04885,1.04902,1.05,1.50
2013.04.17 16:15:35.361,1.04881,1.04902,4.73,1.65
2013.04.17 16:15:35.480,1.04881,1.04901,3.00,1.13
2013.04.17 16:15:35.550,1.04881,1.049,1.50,1.13
2013.04.17 16:15:35.731,1.04879,1.04897,1.95,1.50
2013.04.17 16:15:36.663,1.04876,1.04897,1.80,1.50
2013.04.17 16:15:37.920,1.04876,1.04897,1.80,2.25
2013.04.17 16:15:38.042,1.04876,1.04894,1.88,1.50
2013.04.17 16:15:38.111,1.04876,1.04893,1.50,1.13
2013.04.17 16:15:38.241,1.0487,1.0489,1.65,1.13
2013.04.17 16:15:38.313,1.04869,1.04889,1.65,3.15
2013.04.17 16:15:38.440,1.04866,1.04889,1.88,3.00
2013.04.17 16:15:38.622,1.04867,1.04889,1.13,2.63
2013.04.17 16:15:39.237,1.04868,1.04891,2.03,2.40
2013.04.17 16:15:39.736,1.04868,1.0489,2.03,2.40
2013.04.17 16:15:40.130,1.04871,1.04892,1.13,1.13
2013.04.17 16:15:43.329,1.04871,1.04892,1.13,1.13
2013.04.17 16:15:44.319,1.04872,1.04892,1.65,1.13
2013.04.17 16:15:47.599,1.04874,1.04892,1.50,1.13
2013.04.17 16:15:52.110,1.04876,1.04894,1.13,1.50
2013.04.17 16:15:52.290,1.04879,1.04898,1.50,1.13
2013.04.17 16:15:52.470,1.04879,1.04899,1.50,1.13
2013.04.17 16:15:54.359,1.04876,1.04898,1.95,1.13
2013.04.17 16:15:54.826,1.0488,1.04901,1.65,1.13
2013.04.17 16:15:54.889,1.04878,1.049,1.13,1.65
2013.04.17 16:15:56.309,1.04883,1.04903,1.13,2.85
2013.04.17 16:15:56.993,1.04883,1.04905,1.88,1.65
2013.04.17 16:15:59.650,1.04884,1.049,1.50,1.13
2013.04.17 16:15:59.781,1.04882,1.049,2.25,1.13
2013.04.17 16:15:59.851,1.04876,1.04898,2.40,1.13
2013.04.17 16:16:02.060,1.04876,1.04898,1.13,1.95
2013.04.17 16:16:04.198,1.04876,1.04898,1.20,1.13
2013.04.17 16:16:04.807,1.04876,1.04898,1.20,1.88
2013.04.17 16:16:06.628,1.04876,1.04898,1.20,1.13
2013.04.17 16:16:09.850,1.04878,1.04898,1.13,1.50
2013.04.17 16:16:10.159,1.0488,1.04901,1.20,1.50
2013.04.17 16:16:10.460,1.0488,1.04902,1.13,4.73
2013.04.17 16:16:10.699,1.04878,1.04898,1.88,1.50
2013.04.17 16:16:10.889,1.04879,1.04898,1.13,1.65
2013.04.17 16:16:11.623,1.0488,1.049,1.65,1.13
2013.04.17 16:16:14.889,1.04879,1.049,1.13,1.88
2013.04.17 16:16:16.190,1.04879,1.04898,1.13,1.65
2013.04.17 16:16:16.250,1.04876,1.04898,2.40,2.40
2013.04.17 16:16:16.550,1.04876,1.04894,1.50,1.13
2013.04.17 16:16:16.849,1.04868,1.04891,1.88,1.13
2013.04.17 16:16:17.479,1.04868,1.04891,2.25,1.35
2013.04.17 16:16:17.600,1.04867,1.04888,2.18,1.13
2013.04.17 16:16:17.780,1.04866,1.04888,1.35,1.88
2013.04.17 16:16:17.961,1.04868,1.04888,1.50,1.88
2013.04.17 16:16:18.408,1.0487,1.04888,1.50,2.10
2013.04.17 16:16:18.483,1.04866,1.04888,1.50,2.63
2013.04.17 16:16:19.660,1.04868,1.04888,1.50,1.13
2013.04.17 16:16:22.141,1.04867,1.04888,1.13,1.65
2013.04.17 16:16:22.391,1.04864,1.04885,1.13,1.65
2013.04.17 16:16:22.990,1.04863,1.04884,1.88,1.50
2013.04.17 16:16:23.171,1.04863,1.04884,1.65,1.88
2013.04.17 16:16:23.480,1.04864,1.04886,1.88,1.73
2013.04.17 16:16:23.810,1.04865,1.04887,1.65,3.30
2013.04.17 16:16:24.952,1.04865,1.04882,1.50,2.55
2013.04.17 16:16:25.083,1.04862,1.04878,1.50,1.13
2013.04.17 16:16:25.209,1.04858,1.04878,1.65,1.13
2013.04.17 16:16:26.950,1.04857,1.04878,1.88,2.63
2013.04.17 16:16:27.251,1.04861,1.04878,2.25,1.88
2013.04.17 16:16:27.569,1.04865,1.04881,1.65,1.73
2013.04.17 16:16:27.871,1.04873,1.04884,1.13,1.50
2013.04.17 16:16:28.180,1.04876,1.04884,1.50,1.50
2013.04.17 16:16:28.240,1.04875,1.04884,1.50,1.50
2013.04.17 16:16:28.364,1.0487,1.04887,1.50,1.13
2013.04.17 16:16:28.576,1.04869,1.04888,2.25,2.03
2013.04.17 16:16:28.722,1.04863,1.0488,2.25,1.95
2013.04.17 16:16:28.911,1.0486,1.04881,2.25,1.80
2013.04.17 16:16:29.042,1.04863,1.0488,1.50,1.13
2013.04.17 16:16:29.600,1.04864,1.04884,1.88,1.13
2013.04.17 16:16:29.662,1.04864,1.04886,2.55,3.08
2013.04.17 16:16:29.734,1.04866,1.04883,1.50,1.13
2013.04.17 16:16:29.802,1.04864,1.04883,1.65,1.13
2013.04.17 16:16:29.990,1.04862,1.04881,1.88,1.50
2013.04.17 16:16:35.297,1.04862,1.04881,1.65,1.35
2013.04.17 16:16:35.363,1.04863,1.04881,1.50,1.35
2013.04.17 16:16:35.729,1.04863,1.04884,1.50,1.65
2013.04.17 16:16:36.181,1.04861,1.04884,1.65,2.40
2013.04.17 16:16:36.690,1.0486,1.04879,1.50,1.58
2013.04.17 16:16:36.871,1.04861,1.0488,1.50,4.43
2013.04.17 16:16:37.425,1.04858,1.0488,1.65,2.10
2013.04.17 16:16:38.010,1.04861,1.0488,1.62,2.10
2013.04.17 16:16:38.309,1.04866,1.04888,1.88,1.50
2013.04.17 16:16:38.370,1.04866,1.04887,1.65,2.10
2013.04.17 16:16:38.489,1.04864,1.04883,1.65,1.50
2013.04.17 16:16:38.549,1.04862,1.04883,2.07,2.25
2013.04.17 16:16:38.730,1.04861,1.04882,1.65,1.50
2013.04.17 16:16:39.964,1.0486,1.04882,1.65,1.50
2013.04.17 16:16:40.272,1.04863,1.04882,2.25,1.50
2013.04.17 16:16:40.342,1.04864,1.04885,1.65,1.50
2013.04.17 16:16:40.411,1.04866,1.04887,1.65,2.63
2013.04.17 16:16:40.541,1.04868,1.04889,3.68,2.93
2013.04.17 16:16:40.610,1.04868,1.04889,3.83,1.50
2013.04.17 16:16:40.729,1.04869,1.04891,1.65,2.25
2013.04.17 16:16:40.790,1.04869,1.04891,1.50,2.63
2013.04.17 16:16:41.149,1.04869,1.04891,1.65,1.50
2013.04.17 16:16:41.270,1.04869,1.04892,1.65,1.50
2013.04.17 16:16:41.968,1.04869,1.04892,1.65,2.25
2013.04.17 16:16:42.589,1.04869,1.04892,1.65,2.25
2013.04.17 16:16:43.730,1.04869,1.04891,2.25,1.13
2013.04.17 16:16:44.091,1.04869,1.04888,1.50,1.65
2013.04.17 16:16:44.210,1.04867,1.04888,1.50,2.25
2013.04.17 16:16:44.270,1.04866,1.04887,2.25,1.88
2013.04.17 16:16:44.750,1.04868,1.04888,1.35,2.25
2013.04.17 16:16:45.111,1.04877,1.04893,1.65,1.13
2013.04.17 16:16:45.171,1.04877,1.04896,1.65,1.13
2013.04.17 16:16:45.239,1.04876,1.04897,1.88,1.88
2013.04.17 16:16:45.507,1.04874,1.04896,1.65,1.88
2013.04.17 16:16:45.811,1.04876,1.04896,1.35,1.50
2013.04.17 16:16:46.173,1.04877,1.04899,1.73,1.65
2013.04.17 16:16:46.720,1.04879,1.04901,1.65,1.13
2013.04.17 16:16:47.080,1.0488,1.04902,1.13,1.65
2013.04.17 16:16:47.383,1.04887,1.04907,1.35,2.40
2013.04.17 16:16:47.689,1.04887,1.04909,1.88,2.63
2013.04.17 16:16:47.996,1.04886,1.04908,1.50,1.13
2013.04.17 16:16:48.179,1.04885,1.04906,1.65,1.13
2013.04.17 16:16:48.239,1.04885,1.04909,1.65,1.28
2013.04.17 16:16:48.359,1.04886,1.04909,1.13,1.28
2013.04.17 16:16:48.418,1.04885,1.04909,1.65,1.28
2013.04.17 16:16:49.082,1.04884,1.04904,2.40,1.05
2013.04.17 16:16:49.151,1.04884,1.049,1.50,1.73
2013.04.17 16:16:49.281,1.04878,1.049,2.25,5.25
2013.04.17 16:16:49.350,1.04877,1.049,3.15,2.63
2013.04.17 16:16:49.411,1.04878,1.049,2.48,1.50
2013.04.17 16:16:49.719,1.04889,1.04904,1.13,1.13
2013.04.17 16:16:49.899,1.04889,1.04911,2.55,2.25
2013.04.17 16:16:49.959,1.04891,1.04911,1.65,2.25
2013.04.17 16:16:50.910,1.04889,1.0491,2.63,2.40
2013.04.17 16:16:51.365,1.04888,1.04908,1.65,1.28
2013.04.17 16:16:51.689,1.04886,1.04905,1.50,2.03
2013.04.17 16:16:53.252,1.04885,1.04901,1.50,1.88
2013.04.17 16:16:53.381,1.04882,1.04901,1.50,2.63
2013.04.17 16:16:53.511,1.04878,1.04898,1.50,1.50
2013.04.17 16:16:54.063,1.04878,1.049,1.50,1.65
2013.04.17 16:16:54.592,1.04878,1.04898,2.25,1.50
2013.04.17 16:16:54.839,1.04878,1.049,1.50,1.65
2013.04.17 16:16:55.050,1.04878,1.049,1.50,1.65
2013.04.17 16:16:56.061,1.04877,1.04897,1.65,1.65
2013.04.17 16:16:56.199,1.04875,1.04893,1.50,1.13
2013.04.17 16:16:56.269,1.04872,1.04889,1.50,1.13
2013.04.17 16:16:56.403,1.04871,1.04891,1.50,1.13
2013.04.17 16:16:56.471,1.04871,1.04892,1.50,2.63
2013.04.17 16:16:56.530,1.04871,1.04893,1.50,2.97
2013.04.17 16:16:58.179,1.04869,1.04891,2.40,1.50
2013.04.17 16:17:00.030,1.04871,1.04893,2.25,2.40
2013.04.17 16:17:00.393,1.04885,1.04899,3.75,1.13
2013.04.17 16:17:00.580,1.04887,1.0491,2.18,1.65
2013.04.17 16:17:00.702,1.04887,1.04907,1.50,1.35
2013.04.17 16:17:01.049,1.04881,1.04903,1.50,1.88
2013.04.17 16:17:01.589,1.04884,1.04903,1.50,1.88
2013.04.17 16:17:03.146,1.04881,1.049,3.00,1.50
2013.04.17 16:17:03.209,1.04881,1.049,2.25,1.50
2013.04.17 16:17:07.139,1.04881,1.04903,2.25,1.88
2013.04.17 16:17:07.502,1.04884,1.04904,1.13,2.25
2013.04.17 16:17:07.930,1.04893,1.04911,1.50,1.65
2013.04.17 16:17:08.300,1.04893,1.04914,2.25,1.13
2013.04.17 16:17:09.201,1.04891,1.04914,1.50,1.88
2013.04.17 16:17:09.760,1.04891,1.04914,1.65,1.65
2013.04.17 16:17:09.882,1.04891,1.04914,1.65,1.65
2013.04.17 16:17:10.251,1.04891,1.04913,3.15,1.50
2013.04.17 16:17:10.420,1.04891,1.04914,2.40,1.65
2013.04.17 16:17:10.779,1.04891,1.04913,3.15,1.50
2013.04.17 16:17:11.949,1.04891,1.04911,1.65,1.50
2013.04.17 16:17:12.490,1.04891,1.04909,1.65,1.50
2013.04.17 16:17:14.560,1.04891,1.04909,1.50,1.50
2013.04.17 16:17:14.620,1.0489,1.04909,1.50,1.50
2013.04.17 16:17:15.279,1.04889,1.04909,2.33,1.50
2013.04.17 16:17:15.459,1.0489,1.04909,1.50,1.50
2013.04.17 16:17:16.222,1.0489,1.04907,1.50,1.50
2013.04.17 16:17:16.294,1.04882,1.04903,1.65,1.65
2013.04.17 16:17:17.578,1.04894,1.04913,1.65,1.50
2013.04.17 16:17:17.900,1.04893,1.04917,5.18,2.25
2013.04.17 16:17:18.021,1.04893,1.04915,3.00,1.50
2013.04.17 16:17:19.892,1.04895,1.04918,1.50,2.40
2013.04.17 16:17:20.080,1.04897,1.04919,2.40,1.65
2013.04.17 16:17:20.141,1.04899,1.04921,2.85,2.40
2013.04.17 16:17:20.500,1.04904,1.04925,1.50,2.44
2013.04.17 16:17:20.560,1.04902,1.04923,1.50,1.65
2013.04.17 16:17:20.621,1.04902,1.04923,1.50,1.88
2013.04.17 16:17:20.749,1.049,1.04922,2.25,1.65
2013.04.17 16:17:21.800,1.049,1.04919,1.50,1.50
2013.04.17 16:17:25.230,1.049,1.04919,2.25,1.50
2013.04.17 16:17:25.352,1.04901,1.04923,1.65,3.60
2013.04.17 16:17:25.769,1.04906,1.04923,2.93,1.50
2013.04.17 16:17:25.841,1.0491,1.04931,1.50,1.13
2013.04.17 16:17:26.949,1.04907,1.04929,1.50,2.40
2013.04.17 16:17:27.010,1.04905,1.04929,1.65,2.40
2013.04.17 16:17:30.550,1.04905,1.04924,3.00,1.50
2013.04.17 16:17:30.871,1.04911,1.04929,1.35,2.63
2013.04.17 16:17:31.231,1.04917,1.04934,1.50,1.50
2013.04.17 16:17:31.299,1.04917,1.04939,1.50,1.65
2013.04.17 16:17:32.840,1.04919,1.04939,1.50,1.73
2013.04.17 16:17:32.901,1.0492,1.04939,1.50,1.65
2013.04.17 16:17:33.080,1.04921,1.04942,2.85,1.65
2013.04.17 16:17:33.391,1.04927,1.04944,1.50,1.88
2013.04.17 16:17:33.700,1.04931,1.04948,1.50,1.50
2013.04.17 16:17:33.821,1.0493,1.04951,2.18,2.40
2013.04.17 16:17:33.881,1.04932,1.04951,1.50,2.40
2013.04.17 16:17:33.954,1.04931,1.0495,1.50,1.50
2013.04.17 16:17:34.083,1.04929,1.04949,1.50,1.13
2013.04.17 16:17:34.211,1.04926,1.04949,1.65,1.65
2013.04.17 16:17:34.280,1.04926,1.04949,1.50,1.88
2013.04.17 16:17:35.390,1.04926,1.04948,1.50,1.65
2013.04.17 16:17:36.122,1.04926,1.04944,1.50,1.50
2013.04.17 16:17:36.252,1.04924,1.04944,1.73,1.50
2013.04.17 16:17:36.680,1.04925,1.04944,1.50,1.65
2013.04.17 16:17:37.520,1.04927,1.04944,2.18,1.50
2013.04.17 16:17:37.641,1.04929,1.04944,1.50,1.50
2013.04.17 16:17:37.880,1.04928,1.04948,1.50,1.50
2013.04.17 16:17:37.999,1.04926,1.04948,1.50,3.00
2013.04.17 16:17:38.060,1.04925,1.04947,2.25,1.88
2013.04.17 16:17:38.240,1.04925,1.04947,1.50,4.13
2013.04.17 16:17:38.359,1.04922,1.04943,2.25,1.65
2013.04.17 16:17:38.860,1.04922,1.04944,1.13,3.75
2013.04.17 16:17:38.981,1.04921,1.04944,1.88,3.00
2013.04.17 16:17:39.340,1.04928,1.04949,1.50,1.88
2013.04.17 16:17:39.639,1.04923,1.04944,3.00,3.38
2013.04.17 16:17:40.179,1.04921,1.04944,2.25,3.23
2013.04.17 16:17:40.319,1.04921,1.04944,2.25,3.98
2013.04.17 16:17:41.439,1.04924,1.04944,1.50,3.23
2013.04.17 16:17:41.990,1.04926,1.04944,1.50,2.85
2013.04.17 16:17:42.576,1.04927,1.04944,1.50,2.85
2013.04.17 16:17:43.482,1.04922,1.04944,2.18,3.23
2013.04.17 16:17:43.552,1.04921,1.04942,1.50,2.40
2013.04.17 16:17:43.801,1.04917,1.0494,1.65,1.65
2013.04.17 16:17:44.280,1.04918,1.0494,2.25,2.40
2013.04.17 16:17:44.644,1.04921,1.04939,1.50,1.65
2013.04.17 16:17:45.249,1.04919,1.04938,2.18,1.65
2013.04.17 16:17:45.310,1.04915,1.04938,1.65,6.15
2013.04.17 16:17:45.429,1.04912,1.04933,1.50,1.13
2013.04.17 16:17:47.222,1.04912,1.04932,1.50,1.65
2013.04.17 16:17:47.349,1.04911,1.04929,1.50,1.50
2013.04.17 16:17:47.769,1.04908,1.04929,1.50,1.65
2013.04.17 16:17:48.271,1.04909,1.04931,1.65,3.75
2013.04.17 16:17:48.390,1.0491,1.04928,1.50,1.50
2013.04.17 16:17:48.749,1.04913,1.04929,1.65,1.50
2013.04.17 16:17:49.049,1.04919,1.04934,1.65,1.50
2013.04.17 16:17:49.110,1.04919,1.04934,1.65,1.50
2013.04.17 16:17:49.530,1.04918,1.04938,1.50,2.40
2013.04.17 16:17:49.829,1.04916,1.04934,1.50,1.50
2013.04.17 16:17:50.071,1.04916,1.04934,1.50,1.50
2013.04.17 16:17:50.190,1.04916,1.04933,1.50,1.50
2013.04.17 16:17:51.280,1.04919,1.04938,1.65,1.50
2013.04.17 16:17:51.342,1.04922,1.04939,1.50,1.50
2013.04.17 16:17:51.411,1.04922,1.04941,1.50,1.50
2013.04.17 16:17:51.529,1.04922,1.04944,1.50,2.10
2013.04.17 16:17:52.128,1.04922,1.04941,1.50,1.50
2013.04.17 16:17:52.439,1.04918,1.04939,1.65,1.50
2013.04.17 16:17:52.800,1.04921,1.04941,1.65,2.25
2013.04.17 16:17:52.860,1.04921,1.04941,2.63,1.50
2013.04.17 16:17:53.219,1.04921,1.04943,2.25,1.50
2013.04.17 16:17:53.279,1.04921,1.04943,1.50,1.50
2013.04.17 16:17:53.340,1.04921,1.04939,1.50,1.50
2013.04.17 16:17:55.059,1.04921,1.04939,3.00,1.50
2013.04.17 16:17:55.379,1.04924,1.04944,4.13,1.50
2013.04.17 16:17:55.620,1.04924,1.04944,1.50,1.13
2013.04.17 16:17:55.680,1.04923,1.04942,1.50,1.13
2013.04.17 16:17:56.426,1.04922,1.04941,1.50,1.50
2013.04.17 16:17:56.789,1.04924,1.04943,2.25,1.50
2013.04.17 16:17:57.349,1.04924,1.04943,2.25,1.50
2013.04.17 16:17:58.639,1.04922,1.04942,1.50,1.50
2013.04.17 16:17:59.419,1.04921,1.04942,1.65,1.50
2013.04.17 16:17:59.539,1.04922,1.04942,1.50,1.50
2013.04.17 16:18:00.079,1.04927,1.04947,2.40,1.13
2013.04.17 16:18:00.139,1.04927,1.04947,3.83,1.13
2013.04.17 16:18:00.619,1.04927,1.04948,2.25,1.65
2013.04.17 16:18:00.740,1.04926,1.04944,1.50,1.50
2013.04.17 16:18:01.102,1.04913,1.0493,1.32,1.50
2013.04.17 16:18:01.459,1.04914,1.04933,1.50,1.50
2013.04.17 16:18:01.519,1.04914,1.04934,1.65,1.50
2013.04.17 16:18:01.580,1.04918,1.04937,1.50,1.50
2013.04.17 16:18:01.640,1.04918,1.04937,1.50,1.50
2013.04.17 16:18:01.701,1.04918,1.04938,1.50,1.35
2013.04.17 16:18:01.759,1.04918,1.04938,1.50,2.10
2013.04.17 16:18:01.819,1.04916,1.04938,3.15,2.85
2013.04.17 16:18:01.940,1.04916,1.04938,2.40,2.85
2013.04.17 16:18:01.999,1.04918,1.04938,1.50,2.10
2013.04.17 16:18:02.480,1.04918,1.04936,1.88,1.50
2013.04.17 16:18:03.019,1.04918,1.04939,1.50,1.50
2013.04.17 16:18:05.350,1.04919,1.04939,1.13,1.50
2013.04.17 16:18:05.413,1.04919,1.04939,1.13,1.50
2013.04.17 16:18:05.480,1.04921,1.04942,1.65,1.50
2013.04.17 16:18:05.600,1.04921,1.04943,3.00,2.25
2013.04.17 16:18:05.842,1.04924,1.04944,1.50,1.50
2013.04.17 16:18:05.970,1.04924,1.04947,1.50,1.88
2013.04.17 16:18:06.031,1.04926,1.04948,2.18,1.50
2013.04.17 16:18:06.090,1.04926,1.04949,3.83,1.50
2013.04.17 16:18:07.560,1.04925,1.04948,2.63,1.35
2013.04.17 16:18:07.682,1.04925,1.04948,2.25,2.25
2013.04.17 16:18:07.751,1.04926,1.04948,2.25,1.50
2013.04.17 16:18:08.110,1.04933,1.04954,1.50,1.50
2013.04.17 16:18:08.230,1.04935,1.04954,1.50,1.50
2013.04.17 16:18:08.649,1.04932,1.04953,2.40,1.50
2013.04.17 16:18:09.210,1.04931,1.04953,1.50,3.75
2013.04.17 16:18:09.770,1.0493,1.0495,1.35,1.50
2013.04.17 16:18:10.100,1.04927,1.04949,1.65,1.65
2013.04.17 16:18:10.279,1.04926,1.04948,1.65,2.25
2013.04.17 16:18:11.731,1.04925,1.04946,2.29,1.50
2013.04.17 16:18:12.461,1.04925,1.04945,1.54,1.50
2013.04.17 16:18:12.579,1.04924,1.04945,1.50,1.50
2013.04.17 16:18:13.473,1.04923,1.04944,2.10,3.15
2013.04.17 16:18:13.540,1.04923,1.04944,1.50,3.90
2013.04.17 16:18:13.660,1.0492,1.04943,1.13,1.65
2013.04.17 16:18:14.019,1.04917,1.0494,1.50,1.65
2013.04.17 16:18:14.143,1.04916,1.0494,1.65,1.65
2013.04.17 16:18:14.419,1.04917,1.04941,2.40,1.13
2013.04.17 16:18:15.783,1.04915,1.04939,1.35,3.38
2013.04.17 16:18:16.708,1.04915,1.04936,1.35,1.65
2013.04.17 16:18:20.859,1.04916,1.04936,2.25,1.65
2013.04.17 16:18:20.980,1.04917,1.04939,2.25,2.25
2013.04.17 16:18:21.170,1.04917,1.04938,2.25,1.65
2013.04.17 16:18:21.720,1.04917,1.04936,2.25,1.13
2013.04.17 16:18:22.021,1.04913,1.04933,2.25,1.88
2013.04.17 16:18:22.140,1.04911,1.04933,1.50,2.03
2013.04.17 16:18:22.201,1.04911,1.04928,1.50,1.13
2013.04.17 16:18:22.380,1.04908,1.04928,2.25,1.13
2013.04.17 16:18:23.344,1.04905,1.04927,1.65,1.50
2013.04.17 16:18:23.411,1.04907,1.04929,3.00,1.50
2013.04.17 16:18:23.840,1.04909,1.0493,1.50,2.25
2013.04.17 16:18:24.152,1.04903,1.04924,1.13,1.50
2013.04.17 16:18:24.947,1.04901,1.04924,1.65,1.65
2013.04.17 16:18:25.020,1.04901,1.04924,1.65,3.08
2013.04.17 16:18:25.613,1.04901,1.04924,1.65,3.08
2013.04.17 16:18:26.622,1.04901,1.04924,1.65,3.08
2013.04.17 16:18:27.246,1.04901,1.04919,1.65,1.50
2013.04.17 16:18:27.680,1.04899,1.0492,1.50,1.65
2013.04.17 16:18:27.921,1.04898,1.04917,1.50,1.50
2013.04.17 16:18:27.979,1.04895,1.04917,1.50,2.25
2013.04.17 16:18:28.339,1.04895,1.04917,1.50,2.10
2013.04.17 16:18:30.670,1.04896,1.04917,1.50,1.50
2013.04.17 16:18:30.790,1.04895,1.04911,1.50,1.43
2013.04.17 16:18:30.910,1.04892,1.0491,1.50,2.33
2013.04.17 16:18:30.970,1.0489,1.0491,2.25,2.25
2013.04.17 16:18:31.030,1.04889,1.0491,2.25,2.25
2013.04.17 16:18:31.331,1.04886,1.04908,1.50,2.48
2013.04.17 16:18:31.751,1.04886,1.04908,1.50,1.65
2013.04.17 16:18:31.870,1.04888,1.04909,1.50,1.58
2013.04.17 16:18:31.930,1.04888,1.04909,2.40,1.50
2013.04.17 16:18:31.991,1.04891,1.04909,1.50,1.65
2013.04.17 16:18:32.351,1.0489,1.04909,1.50,1.65
2013.04.17 16:18:32.979,1.04889,1.04909,1.50,1.65
2013.04.17 16:18:33.540,1.04888,1.04911,2.25,1.65
2013.04.17 16:18:33.601,1.04888,1.04904,1.50,2.25
2013.04.17 16:18:34.129,1.04886,1.04902,2.18,2.25
2013.04.17 16:18:34.203,1.04881,1.04903,1.50,2.25
2013.04.17 16:18:34.273,1.04881,1.04903,1.50,1.50
2013.04.17 16:18:34.341,1.04885,1.04906,1.35,2.40
2013.04.17 16:18:34.520,1.04888,1.04908,1.50,2.40
2013.04.17 16:18:34.881,1.04888,1.04909,1.50,1.65
2013.04.17 16:18:35.383,1.0489,1.04913,1.65,2.40
2013.04.17 16:18:35.450,1.04891,1.04914,2.25,3.00
2013.04.17 16:18:36.750,1.04892,1.04912,1.50,1.73
2013.04.17 16:18:37.053,1.04885,1.04908,1.50,2.63
2013.04.17 16:18:37.120,1.04882,1.04908,2.33,2.63
2013.04.17 16:18:37.541,1.04885,1.04908,1.50,2.40
2013.04.17 16:18:37.721,1.04882,1.04908,2.33,4.88
2013.04.17 16:18:38.030,1.04885,1.04908,1.50,3.08
2013.04.17 16:18:38.390,1.0489,1.04911,1.50,1.65
2013.04.17 16:18:39.690,1.0489,1.04908,1.50,1.50
2013.04.17 16:18:40.081,1.04892,1.04908,1.50,1.50
2013.04.17 16:18:40.879,1.04891,1.04912,1.50,1.95
2013.04.17 16:18:41.751,1.04893,1.04914,2.25,2.25
2013.04.17 16:18:42.051,1.04889,1.0491,2.93,1.65
2013.04.17 16:18:42.111,1.04889,1.0491,1.50,1.65
2013.04.17 16:18:42.241,1.04888,1.04908,1.50,1.88
2013.04.17 16:18:42.601,1.0488,1.04904,1.50,3.38
2013.04.17 16:18:43.929,1.04877,1.049,1.50,1.65
2013.04.17 16:18:45.180,1.04877,1.04899,2.25,1.65
2013.04.17 16:18:49.661,1.04879,1.04902,2.25,2.48
2013.04.17 16:18:51.282,1.04882,1.04902,1.73,1.35
2013.04.17 16:18:51.470,1.0489,1.0491,2.25,1.28
2013.04.17 16:18:51.590,1.04891,1.04913,1.50,4.65
2013.04.17 16:18:51.769,1.0489,1.04913,1.50,2.44
2013.04.17 16:18:52.743,1.0489,1.04912,1.50,2.63
2013.04.17 16:18:52.816,1.0489,1.04911,1.50,1.50
2013.04.17 16:18:52.888,1.04887,1.04908,2.40,1.50
2013.04.17 16:18:53.026,1.04888,1.0491,1.50,1.88
2013.04.17 16:18:53.269,1.04887,1.04907,1.50,1.65
2013.04.17 16:18:53.509,1.04885,1.04907,2.25,1.65
2013.04.17 16:18:55.740,1.04887,1.04907,2.25,1.65
2013.04.17 16:18:55.800,1.04887,1.04908,2.25,1.65
2013.04.17 16:18:55.920,1.04889,1.04909,1.50,1.47
2013.04.17 16:18:56.931,1.04889,1.04907,2.25,1.13
2013.04.17 16:18:56.991,1.04889,1.04908,2.25,2.40
2013.04.17 16:18:57.209,1.04889,1.04908,2.25,2.48
2013.04.17 16:18:58.167,1.04886,1.04907,2.25,1.13
2013.04.17 16:18:58.231,1.04886,1.04905,1.50,1.65
2013.04.17 16:18:59.142,1.04884,1.04906,1.50,2.40
2013.04.17 16:19:00.311,1.04883,1.04906,2.63,1.50
2013.04.17 16:19:00.490,1.04889,1.04909,1.50,1.50
2013.04.17 16:19:00.550,1.04889,1.04912,2.25,1.28
2013.04.17 16:19:01.061,1.04892,1.04907,1.50,1.13
2013.04.17 16:19:01.130,1.04887,1.04907,2.25,1.13
2013.04.17 16:19:01.190,1.04887,1.04908,1.50,1.65
2013.04.17 16:19:01.430,1.04886,1.04908,1.65,2.25
2013.04.17 16:19:01.550,1.04888,1.04908,1.50,2.25
2013.04.17 16:19:02.251,1.04888,1.04908,1.65,1.50
2013.04.17 16:19:02.550,1.04893,1.04915,1.65,1.50
2013.04.17 16:19:02.920,1.04894,1.04916,2.40,1.17
2013.04.17 16:19:03.299,1.04896,1.04916,1.50,1.32
2013.04.17 16:19:03.361,1.04896,1.04916,1.50,1.17
2013.04.17 16:19:03.420,1.04896,1.04918,1.50,1.65
2013.04.17 16:19:04.065,1.04896,1.04918,1.50,2.40
2013.04.17 16:19:04.319,1.04896,1.04918,1.50,1.65
2013.04.17 16:19:05.241,1.04896,1.04918,1.50,1.88
2013.04.17 16:19:05.539,1.04897,1.04918,1.50,3.15
2013.04.17 16:19:07.383,1.04897,1.04916,2.25,1.35
2013.04.17 16:19:07.700,1.04892,1.04906,1.50,1.13
2013.04.17 16:19:07.819,1.04884,1.04906,2.25,2.63
2013.04.17 16:19:07.941,1.04882,1.04903,2.25,1.65
2013.04.17 16:19:08.000,1.04882,1.04903,1.50,1.65
2013.04.17 16:19:08.249,1.04881,1.04904,1.65,2.40
2013.04.17 16:19:08.490,1.04883,1.04907,1.65,3.00
2013.04.17 16:19:08.550,1.04883,1.04907,1.65,2.25
2013.04.17 16:19:08.790,1.04883,1.04906,1.50,1.13
2013.04.17 16:19:09.889,1.04883,1.04905,1.50,1.65
2013.04.17 16:19:10.200,1.04879,1.04902,1.65,1.50
2013.04.17 16:19:10.783,1.04878,1.049,2.18,1.80
2013.04.17 16:19:10.862,1.04877,1.04901,2.25,3.90
2013.04.17 16:19:12.030,1.04878,1.04898,1.50,1.50
2013.04.17 16:19:12.151,1.04878,1.049,1.50,3.90
2013.04.17 16:19:12.391,1.0488,1.04901,3.34,1.50
2013.04.17 16:19:12.451,1.04881,1.04902,2.40,1.35
2013.04.17 16:19:12.510,1.04885,1.04904,1.50,2.59
2013.04.17 16:19:13.071,1.04882,1.04906,1.50,1.47
2013.04.17 16:19:13.141,1.04883,1.04904,1.50,1.47
2013.04.17 16:19:13.709,1.04882,1.04906,2.82,1.65
2013.04.17 16:19:14.229,1.04883,1.04906,1.58,1.65
2013.04.17 16:19:15.252,1.04884,1.04908,1.73,2.25
2013.04.17 16:19:21.059,1.04885,1.04906,1.35,1.65
2013.04.17 16:19:21.179,1.04883,1.04907,1.50,1.88
2013.04.17 16:19:21.360,1.04882,1.04905,1.50,2.63
2013.04.17 16:19:21.421,1.04879,1.04903,1.50,2.40
2013.04.17 16:19:21.606,1.04878,1.04901,2.67,3.08
2013.04.17 16:19:21.860,1.04874,1.04894,2.59,1.35
2013.04.17 16:19:22.159,1.04871,1.04893,2.07,2.25
2013.04.17 16:19:23.022,1.04871,1.04894,1.65,2.85
2013.04.17 16:19:27.295,1.04872,1.04892,1.47,1.50
2013.04.17 16:19:27.849,1.04871,1.04891,1.47,1.50
2013.04.17 16:19:28.466,1.04871,1.0489,1.47,1.50
2013.04.17 16:19:28.650,1.04868,1.04889,1.69,1.50
2013.04.17 16:19:28.710,1.04868,1.04885,1.47,1.50
2013.04.17 16:19:29.070,1.04864,1.04881,1.13,1.50
2013.04.17 16:19:29.669,1.04859,1.04881,1.50,1.65
2013.04.17 16:19:30.029,1.04863,1.04882,1.50,2.25
2013.04.17 16:19:30.089,1.04863,1.04882,2.25,1.35
2013.04.17 16:19:30.210,1.04864,1.04883,1.50,1.35
2013.04.17 16:19:30.823,1.04865,1.04884,1.50,1.50
2013.04.17 16:19:31.431,1.04864,1.04883,1.50,1.50
2013.04.17 16:19:31.810,1.04864,1.04884,1.50,1.35
2013.04.17 16:19:32.049,1.04865,1.04886,1.65,1.50
2013.04.17 16:19:32.170,1.04865,1.04888,3.15,3.00
2013.04.17 16:19:32.742,1.04865,1.04888,3.15,3.00
2013.04.17 16:19:33.916,1.04866,1.04888,1.50,3.75
2013.04.17 16:19:35.069,1.04866,1.04888,1.50,3.23
2013.04.17 16:19:35.147,1.04864,1.04885,1.50,3.45
2013.04.17 16:19:36.019,1.04864,1.04885,1.50,1.65
2013.04.17 16:19:36.080,1.04864,1.04888,4.58,4.69
2013.04.17 16:19:36.199,1.04866,1.04888,1.65,1.50
2013.04.17 16:19:36.319,1.04866,1.04888,1.50,1.80
2013.04.17 16:19:36.559,1.04867,1.04888,1.50,4.58
2013.04.17 16:19:37.099,1.04866,1.0489,2.40,1.65
2013.04.17 16:19:38.022,1.04868,1.04889,2.03,1.50
2013.04.17 16:19:38.153,1.04871,1.04893,1.65,2.25
2013.04.17 16:19:38.281,1.04873,1.04895,1.65,1.50
2013.04.17 16:19:38.461,1.04873,1.04897,1.65,3.00
2013.04.17 16:19:39.501,1.04873,1.04895,2.40,1.50
2013.04.17 16:19:39.744,1.04875,1.04895,1.50,1.50
2013.04.17 16:19:39.991,1.04872,1.04893,1.65,1.50
2013.04.17 16:19:40.369,1.04871,1.04893,2.40,1.50
2013.04.17 16:19:42.049,1.04875,1.04894,1.65,1.50
2013.04.17 16:19:42.351,1.04879,1.04897,1.13,1.50
2013.04.17 16:19:42.422,1.04879,1.049,1.88,1.13
2013.04.17 16:19:42.489,1.0488,1.04902,2.63,1.50
2013.04.17 16:19:42.670,1.0488,1.04904,2.78,3.00
2013.04.17 16:19:44.559,1.04882,1.04902,2.63,1.50
2013.04.17 16:19:45.092,1.04882,1.04902,2.25,1.65
2013.04.17 16:19:45.341,1.04879,1.04899,1.50,1.65
2013.04.17 16:19:45.760,1.0488,1.04902,2.40,2.25
2013.04.17 16:19:46.000,1.04881,1.04902,1.73,2.25
2013.04.17 16:19:46.810,1.04884,1.04903,1.65,1.50
2013.04.17 16:19:48.568,1.04883,1.04903,1.65,1.50
2013.04.17 16:19:49.251,1.04888,1.04905,1.73,1.50
2013.04.17 16:19:49.452,1.04889,1.0491,3.15,1.50
2013.04.17 16:19:49.520,1.04891,1.04913,1.50,1.13
2013.04.17 16:19:50.260,1.04891,1.04915,1.50,3.15
2013.04.17 16:19:50.383,1.04891,1.04912,1.50,1.35
2013.04.17 16:19:50.629,1.04886,1.04908,1.50,1.13
2013.04.17 16:19:50.752,1.04884,1.04906,1.47,1.65
2013.04.17 16:19:51.299,1.04885,1.04905,1.47,1.65
2013.04.17 16:19:51.360,1.04887,1.04905,1.73,1.50
2013.04.17 16:19:51.611,1.04891,1.04914,1.65,2.29
2013.04.17 16:19:51.800,1.04891,1.04912,1.65,1.50
2013.04.17 16:19:51.859,1.04891,1.0491,1.65,1.65
2013.04.17 16:19:52.219,1.0489,1.04909,1.88,1.50
2013.04.17 16:19:52.339,1.04891,1.04913,1.65,1.50
2013.04.17 16:19:52.582,1.04891,1.04913,1.50,1.65
2013.04.17 16:19:52.651,1.0489,1.04913,2.63,1.50
2013.04.17 16:19:53.019,1.04892,1.04914,1.50,1.13
2013.04.17 16:19:53.559,1.04891,1.04913,1.50,2.40
2013.04.17 16:19:53.919,1.04887,1.04909,1.50,3.38
2013.04.17 16:19:54.099,1.04886,1.04908,1.32,1.65
2013.04.17 16:19:54.690,1.04886,1.04906,2.07,1.65
2013.04.17 16:19:56.789,1.04884,1.04907,2.40,1.65
2013.04.17 16:19:57.371,1.04886,1.04906,1.50,1.65
2013.04.17 16:19:57.740,1.04887,1.04908,1.50,1.50
2013.04.17 16:19:57.983,1.04887,1.04908,3.15,1.50
2013.04.17 16:19:58.759,1.04889,1.04911,1.65,1.50
2013.04.17 16:19:58.879,1.0489,1.04913,1.50,3.75
2013.04.17 16:19:59.199,1.0489,1.04912,1.50,1.65
2013.04.17 16:20:01.859,1.0489,1.04912,1.65,1.50
2013.04.17 16:20:01.919,1.04891,1.04913,1.13,2.85
2013.04.17 16:20:01.981,1.04892,1.04913,2.40,1.35
2013.04.17 16:20:02.110,1.04892,1.04915,3.15,1.50
2013.04.17 16:20:02.230,1.04895,1.04916,2.82,1.50
2013.04.17 16:20:02.589,1.04904,1.04925,1.65,1.50
2013.04.17 16:20:02.713,1.04904,1.04927,1.50,1.73
2013.04.17 16:20:02.849,1.04901,1.04924,1.50,2.33
2013.04.17 16:20:02.909,1.049,1.04924,1.65,3.08
2013.04.17 16:20:04.574,1.04901,1.04923,1.50,1.65
2013.04.17 16:20:05.549,1.04901,1.04923,2.48,1.50
2013.04.17 16:20:05.608,1.04902,1.04926,2.40,2.40
2013.04.17 16:20:06.060,1.04903,1.04926,1.73,2.40
2013.04.17 16:20:06.299,1.04915,1.04936,1.58,1.50
2013.04.17 16:20:06.361,1.04915,1.04938,1.58,2.59
2013.04.17 16:20:06.899,1.04916,1.04938,1.65,1.50
2013.04.17 16:20:07.540,1.04915,1.04937,1.35,1.65
2013.04.17 16:20:07.660,1.04912,1.04935,1.50,2.40
2013.04.17 16:20:07.780,1.04911,1.04932,1.50,1.50
2013.04.17 16:20:08.425,1.0491,1.04931,1.50,1.50
2013.04.17 16:20:08.493,1.04908,1.0493,2.93,2.25
2013.04.17 16:20:09.119,1.04908,1.0493,2.93,2.40
2013.04.17 16:20:09.181,1.04908,1.04929,1.50,2.48
2013.04.17 16:20:09.421,1.04901,1.04922,1.58,2.40
2013.04.17 16:20:09.480,1.04901,1.04921,1.50,2.63
2013.04.17 16:20:09.540,1.04897,1.04919,1.50,1.65
2013.04.17 16:20:10.050,1.04897,1.04921,1.50,3.00
2013.04.17 16:20:10.291,1.04897,1.04917,1.50,3.00
2013.04.17 16:20:10.611,1.04895,1.0491,1.32,1.50
2013.04.17 16:20:10.920,1.04887,1.04906,1.88,1.50
2013.04.17 16:20:11.040,1.04884,1.04906,2.07,1.50
2013.04.17 16:20:11.219,1.04882,1.04905,2.25,3.08
2013.04.17 16:20:11.673,1.04879,1.04903,1.65,3.75
2013.04.17 16:20:12.241,1.04881,1.04903,1.50,3.00
2013.04.17 16:20:13.209,1.04881,1.04896,1.50,1.50
2013.04.17 16:20:13.331,1.04879,1.04897,1.50,2.25
2013.04.17 16:20:13.391,1.04875,1.04897,1.50,1.50
2013.04.17 16:20:13.869,1.04875,1.04898,2.48,2.25
2013.04.17 16:20:14.443,1.04875,1.04898,2.48,1.50
2013.04.17 16:20:15.000,1.04877,1.04898,1.65,1.50
2013.04.17 16:20:17.117,1.04877,1.04897,1.65,1.50
2013.04.17 16:20:17.299,1.04874,1.04895,1.50,3.75
2013.04.17 16:20:17.722,1.04871,1.04893,3.08,1.50
2013.04.17 16:20:18.395,1.04871,1.04892,3.83,1.50
2013.04.17 16:20:18.720,1.04872,1.04893,3.08,1.50
2013.04.17 16:20:20.022,1.04872,1.04895,3.08,2.33
2013.04.17 16:20:20.319,1.04871,1.04894,2.25,2.48
2013.04.17 16:20:20.810,1.04871,1.04892,2.25,1.50
2013.04.17 16:20:24.577,1.04869,1.0489,2.40,1.50
2013.04.17 16:20:24.969,1.04871,1.04892,1.50,1.50
2013.04.17 16:20:25.150,1.0487,1.0489,1.65,1.50
2013.04.17 16:20:27.190,1.04868,1.04888,1.50,2.25
2013.04.17 16:20:27.430,1.04864,1.04886,3.45,1.50
2013.04.17 16:20:27.610,1.04863,1.04885,1.58,1.65
2013.04.17 16:20:28.029,1.04863,1.04886,1.65,1.58
2013.04.17 16:20:28.851,1.04863,1.04886,1.95,1.65
2013.04.17 16:20:29.394,1.04863,1.04884,1.95,1.50
2013.04.17 16:20:32.050,1.04863,1.04884,1.65,1.95
2013.04.17 16:20:32.410,1.04865,1.04884,1.50,1.13
2013.04.17 16:20:32.475,1.04865,1.04885,1.50,1.50
2013.04.17 16:20:32.600,1.04864,1.04884,1.50,1.50
2013.04.17 16:20:32.671,1.04865,1.04886,1.50,2.25
2013.04.17 16:20:32.991,1.04863,1.04884,1.50,1.73
2013.04.17 16:20:33.801,1.04863,1.04884,1.88,1.58
2013.04.17 16:20:33.930,1.04863,1.04884,1.50,1.65
2013.04.17 16:20:34.240,1.04863,1.04884,1.88,1.50
2013.04.17 16:20:35.340,1.04863,1.04884,1.50,1.65
2013.04.17 16:20:35.540,1.04863,1.04884,1.88,1.50
2013.04.17 16:20:36.531,1.04863,1.04884,1.50,1.65
2013.04.17 16:20:36.720,1.04863,1.04884,1.88,1.50
2013.04.17 16:20:37.190,1.04863,1.04884,1.65,1.88
2013.04.17 16:20:38.491,1.04863,1.04884,2.40,1.88
2013.04.17 16:20:39.030,1.04864,1.04886,1.88,1.65
2013.04.17 16:20:39.149,1.04864,1.04884,1.50,1.13
2013.04.17 16:20:39.290,1.04862,1.04884,2.48,1.88
2013.04.17 16:20:39.475,1.04863,1.04884,1.13,1.50
2013.04.17 16:20:39.599,1.04862,1.04884,2.48,1.65
2013.04.17 16:20:39.659,1.04864,1.04884,1.13,1.50
2013.04.17 16:20:39.900,1.04869,1.04888,1.20,1.50
2013.04.17 16:20:40.139,1.04868,1.0489,1.65,1.88
2013.04.17 16:20:42.729,1.04867,1.04888,1.13,2.40
2013.04.17 16:20:43.330,1.04866,1.04887,2.40,1.13
2013.04.17 16:20:43.629,1.04867,1.04888,2.40,1.50
2013.04.17 16:20:44.115,1.04866,1.04888,3.38,2.93
2013.04.17 16:20:45.051,1.04867,1.04886,1.50,1.65
2013.04.17 16:20:45.410,1.04867,1.04886,1.88,1.50
2013.04.17 16:20:47.310,1.04867,1.04889,3.23,2.40
2013.04.17 16:20:49.720,1.04867,1.04888,2.25,1.13
2013.04.17 16:20:49.900,1.04866,1.04886,1.65,1.65
2013.04.17 16:20:50.080,1.04867,1.04888,1.65,1.50
2013.04.17 16:20:52.251,1.04867,1.04887,3.00,1.88
2013.04.17 16:20:52.611,1.04861,1.04883,2.25,1.65
2013.04.17 16:20:53.029,1.04862,1.04884,1.50,4.13
2013.04.17 16:20:53.400,1.04864,1.04884,1.50,1.50
2013.04.17 16:20:53.522,1.04865,1.04884,1.50,1.50
2013.04.17 16:20:54.071,1.04866,1.04887,1.50,1.65
2013.04.17 16:20:56.510,1.04865,1.04887,1.50,1.65
2013.04.17 16:20:56.573,1.04867,1.04889,1.50,2.63
2013.04.17 16:20:56.641,1.04865,1.04887,1.50,1.65
2013.04.17 16:20:56.771,1.04868,1.0489,1.13,3.23
2013.04.17 16:20:57.191,1.0487,1.04892,2.63,1.50
2013.04.17 16:21:00.999,1.04872,1.04892,1.65,2.25
2013.04.17 16:21:01.059,1.04873,1.04892,1.13,1.50
2013.04.17 16:21:01.600,1.04875,1.04897,1.13,2.40
2013.04.17 16:21:01.842,1.04875,1.04895,1.13,1.50
2013.04.17 16:21:03.260,1.04873,1.04895,2.25,1.88
2013.04.17 16:21:03.320,1.04873,1.04892,1.50,1.50
2013.04.17 16:21:04.631,1.0487,1.04891,1.50,1.13
2013.04.17 16:21:04.691,1.04869,1.04891,2.25,1.88
2013.04.17 16:21:06.879,1.0487,1.04891,1.65,1.65
2013.04.17 16:21:07.445,1.0487,1.04892,1.65,1.65
2013.04.17 16:21:07.632,1.04869,1.04892,3.15,2.40
2013.04.17 16:21:08.000,1.04867,1.0489,3.00,1.65
2013.04.17 16:21:08.301,1.04868,1.04887,1.50,1.13
2013.04.17 16:21:08.540,1.04864,1.04887,1.88,1.73
2013.04.17 16:21:08.600,1.04864,1.04886,1.50,1.13
2013.04.17 16:21:08.721,1.04864,1.04887,1.65,1.50
2013.04.17 16:21:08.840,1.04865,1.04887,1.13,1.35
2013.04.17 16:21:09.080,1.04868,1.04888,1.65,1.65
2013.04.17 16:21:09.611,1.04865,1.04885,1.35,1.65
2013.04.17 16:21:09.740,1.04863,1.04884,1.50,1.65
2013.04.17 16:21:09.860,1.04859,1.04882,3.08,1.88
2013.04.17 16:21:10.046,1.04857,1.04879,3.15,1.13
2013.04.17 16:21:10.350,1.04856,1.04875,1.88,1.50
2013.04.17 16:21:10.413,1.04853,1.04874,1.58,2.40
2013.04.17 16:21:10.480,1.04851,1.04872,2.25,1.50
2013.04.17 16:21:10.540,1.0485,1.04872,1.65,1.50
2013.04.17 16:21:10.601,1.04848,1.04869,1.73,1.65
2013.04.17 16:21:10.660,1.04847,1.04869,1.50,1.88
2013.04.17 16:21:10.840,1.04848,1.04869,1.20,1.50
2013.04.17 16:21:10.960,1.04849,1.04873,1.13,2.40
2013.04.17 16:21:13.230,1.04849,1.0487,2.63,1.50
2013.04.17 16:21:13.630,1.04847,1.04869,2.48,2.40
2013.04.17 16:21:13.970,1.04847,1.04861,1.35,1.13
2013.04.17 16:21:14.091,1.04842,1.04858,1.50,1.13
2013.04.17 16:21:14.510,1.0484,1.04861,2.18,2.63
2013.04.17 16:21:14.589,1.04836,1.04859,1.13,1.65
2013.04.17 16:21:15.351,1.04837,1.04858,1.35,1.88
2013.04.17 16:21:15.653,1.04831,1.04846,1.50,2.48
2013.04.17 16:21:16.022,1.04822,1.04844,1.88,1.50
2013.04.17 16:21:16.750,1.04826,1.04848,1.13,1.50
2013.04.17 16:21:17.182,1.04827,1.04849,1.13,1.50
2013.04.17 16:21:17.432,1.04826,1.04849,1.50,3.00
2013.04.17 16:21:17.501,1.04823,1.04847,2.40,1.88
2013.04.17 16:21:17.921,1.04826,1.04844,2.25,1.50
2013.04.17 16:21:18.281,1.0482,1.0484,1.39,2.25
2013.04.17 16:21:18.463,1.04818,1.04838,1.50,1.65
2013.04.17 16:21:18.712,1.04818,1.04838,1.13,1.50
2013.04.17 16:21:18.900,1.04817,1.04838,1.65,1.50
2013.04.17 16:21:19.141,1.04819,1.0484,1.50,2.10
2013.04.17 16:21:19.379,1.04816,1.04839,4.65,1.50
2013.04.17 16:21:19.921,1.04816,1.04838,1.50,1.50
2013.04.17 16:21:20.220,1.04811,1.04834,2.40,1.88
2013.04.17 16:21:20.280,1.04811,1.04834,1.50,1.50
2013.04.17 16:21:20.462,1.04812,1.04834,2.10,2.25
2013.04.17 16:21:20.822,1.04818,1.04838,1.13,1.50
2013.04.17 16:21:20.951,1.04815,1.04835,1.50,1.13
2013.04.17 16:21:21.012,1.04815,1.04834,1.50,1.50
2013.04.17 16:21:21.143,1.04812,1.04832,1.88,1.58
2013.04.17 16:21:21.271,1.04809,1.0483,1.65,2.85
2013.04.17 16:21:22.253,1.04807,1.0483,1.65,3.83
2013.04.17 16:21:22.754,1.04806,1.04828,1.88,1.65
2013.04.17 16:21:22.820,1.04806,1.04829,1.88,1.65
2013.04.17 16:21:24.240,1.04809,1.0483,1.50,2.55
2013.04.17 16:21:24.600,1.04811,1.04833,1.65,1.13
2013.04.17 16:21:24.661,1.04811,1.04833,1.13,1.50
2013.04.17 16:21:24.841,1.04807,1.04829,2.70,1.65
2013.04.17 16:21:24.901,1.04807,1.04825,1.88,1.50
2013.04.17 16:21:25.202,1.04802,1.04823,1.20,1.50
2013.04.17 16:21:25.561,1.04802,1.04821,1.20,1.50
2013.04.17 16:21:26.480,1.04802,1.04823,1.20,1.50
2013.04.17 16:21:26.661,1.048,1.04823,1.58,1.50
2013.04.17 16:21:26.789,1.04803,1.04823,1.88,1.50
2013.04.17 16:21:26.850,1.04803,1.04824,2.63,1.50
2013.04.17 16:21:27.030,1.04803,1.04825,1.50,1.50
2013.04.17 16:21:27.210,1.04803,1.04825,1.50,1.50
2013.04.17 16:21:27.569,1.04804,1.04823,1.13,1.50
2013.04.17 16:21:27.872,1.04801,1.0482,1.50,1.50
2013.04.17 16:21:28.001,1.04799,1.04817,1.50,1.73
2013.04.17 16:21:28.314,1.04793,1.04803,1.32,1.13
2013.04.17 16:21:28.383,1.04789,1.04803,2.18,1.13
2013.04.17 16:21:28.451,1.04785,1.04803,2.25,1.13
2013.04.17 16:21:28.752,1.04784,1.04804,1.50,1.65
2013.04.17 16:21:28.824,1.04784,1.04804,1.13,2.25
2013.04.17 16:21:29.546,1.04786,1.04805,1.80,1.50
2013.04.17 16:21:29.628,1.04784,1.04804,1.13,1.50
2013.04.17 16:21:29.931,1.04782,1.04804,1.13,1.65
2013.04.17 16:21:30.400,1.04783,1.04805,1.13,2.25
2013.04.17 16:21:30.712,1.04781,1.04803,1.65,1.13
2013.04.17 16:21:30.780,1.04781,1.04801,1.65,2.40
2013.04.17 16:21:30.902,1.04777,1.04799,1.65,2.40
2013.04.17 16:21:30.972,1.04777,1.04799,1.13,2.25
2013.04.17 16:21:31.282,1.04773,1.04789,1.65,1.50
2013.04.17 16:21:31.602,1.04757,1.0478,1.13,3.00
2013.04.17 16:21:31.730,1.04758,1.04778,1.50,1.50
2013.04.17 16:21:31.793,1.04762,1.0478,1.13,1.50
2013.04.17 16:21:31.985,1.04762,1.04782,1.13,1.50
2013.04.17 16:21:32.135,1.04762,1.04782,1.13,2.25
2013.04.17 16:21:32.690,1.04765,1.04784,1.13,1.50
2013.04.17 16:21:32.933,1.04767,1.04787,1.13,2.25
2013.04.17 16:21:33.062,1.04767,1.04787,1.28,1.50
2013.04.17 16:21:33.190,1.04767,1.04787,1.05,1.65
2013.04.17 16:21:33.371,1.04764,1.04786,1.13,1.50
2013.04.17 16:21:33.921,1.04766,1.04788,1.88,2.25
2013.04.17 16:21:34.222,1.04767,1.04789,1.88,1.50
2013.04.17 16:21:34.411,1.04765,1.04788,1.80,1.50
2013.04.17 16:21:34.861,1.04765,1.04788,1.50,3.00
2013.04.17 16:21:34.981,1.04763,1.04782,1.50,1.58
2013.04.17 16:21:35.102,1.04759,1.04781,1.65,1.73
2013.04.17 16:21:35.172,1.04758,1.04778,2.33,1.50
2013.04.17 16:21:35.243,1.04756,1.04778,1.13,1.50
2013.04.17 16:21:35.553,1.04755,1.04778,2.25,1.65
2013.04.17 16:21:35.681,1.04758,1.04779,1.65,1.50
2013.04.17 16:21:35.750,1.04761,1.04781,1.50,1.84
2013.04.17 16:21:36.299,1.04763,1.04783,1.50,1.65
2013.04.17 16:21:36.368,1.04762,1.04784,1.73,1.50
2013.04.17 16:21:38.529,1.04768,1.04786,1.88,1.50
2013.04.17 16:21:38.590,1.04768,1.04788,1.95,1.50
2013.04.17 16:21:38.650,1.04769,1.04789,1.95,2.25
2013.04.17 16:21:38.769,1.04771,1.04791,1.88,1.50
2013.04.17 16:21:38.891,1.04774,1.04795,1.13,1.88
2013.04.17 16:21:38.962,1.04774,1.04795,1.13,1.88
2013.04.17 16:21:39.030,1.04772,1.04794,3.23,1.50
2013.04.17 16:21:40.020,1.04774,1.04795,1.13,1.50
2013.04.17 16:21:41.021,1.04775,1.04797,1.65,1.50
2013.04.17 16:21:41.540,1.04776,1.04794,1.50,1.50
2013.04.17 16:21:41.674,1.04779,1.04796,1.65,1.50
2013.04.17 16:21:41.741,1.0478,1.04798,1.65,1.50
2013.04.17 16:21:41.860,1.04783,1.04798,3.00,1.50
2013.04.17 16:21:42.221,1.04795,1.04808,1.50,1.80
2013.04.17 16:21:42.280,1.04794,1.04808,1.50,1.05
2013.04.17 16:21:42.520,1.04792,1.04809,1.50,1.50
2013.04.17 16:21:42.640,1.04792,1.04811,1.50,1.65
2013.04.17 16:21:43.100,1.04792,1.04811,1.50,1.65
2013.04.17 16:21:43.284,1.04796,1.04812,1.50,1.58
2013.04.17 16:21:43.426,1.04799,1.04814,2.25,1.50
2013.04.17 16:21:43.494,1.04799,1.04815,2.25,1.50
2013.04.17 16:21:44.205,1.04794,1.04818,3.08,1.65
2013.04.17 16:21:44.751,1.04797,1.04818,1.65,1.50
2013.04.17 16:21:45.219,1.048,1.04819,2.25,1.50
2013.04.17 16:21:45.280,1.04802,1.04821,1.13,1.50
2013.04.17 16:21:45.461,1.04805,1.04824,1.65,1.50
2013.04.17 16:21:45.652,1.04806,1.04824,2.93,1.50
2013.04.17 16:21:45.721,1.04808,1.04827,1.50,1.50
2013.04.17 16:21:46.021,1.04808,1.04827,1.50,1.50
2013.04.17 16:21:46.091,1.04808,1.04827,1.50,1.50
2013.04.17 16:21:47.012,1.04804,1.04827,2.40,1.50
2013.04.17 16:21:47.311,1.04805,1.04827,1.65,1.35
2013.04.17 16:21:47.502,1.04807,1.04828,3.68,2.25
2013.04.17 16:21:47.570,1.04807,1.04828,4.43,1.50
2013.04.17 16:21:48.450,1.04808,1.04828,1.50,1.50
2013.04.17 16:21:48.631,1.04804,1.04827,3.98,1.50
2013.04.17 16:21:49.170,1.04803,1.04823,1.50,2.25
2013.04.17 16:21:49.510,1.04803,1.04823,1.50,2.25
2013.04.17 16:21:49.690,1.04798,1.0482,2.78,1.50
2013.04.17 16:21:49.811,1.04797,1.04819,1.35,2.40
2013.04.17 16:21:49.932,1.04793,1.04816,1.50,1.50
2013.04.17 16:21:50.060,1.04794,1.04816,2.63,1.50
2013.04.17 16:21:50.120,1.04794,1.04817,4.13,2.25
2013.04.17 16:21:50.540,1.04796,1.04815,1.50,1.50
2013.04.17 16:21:50.719,1.04792,1.04814,1.65,1.50
2013.04.17 16:21:51.239,1.04792,1.04814,1.65,1.50
2013.04.17 16:21:52.192,1.04796,1.04814,1.73,1.50
2013.04.17 16:21:52.678,1.048,1.04815,1.05,1.50
2013.04.17 16:21:52.766,1.04808,1.04829,2.70,3.00
2013.04.17 16:21:53.323,1.04808,1.04829,1.95,2.25
2013.04.17 16:21:53.630,1.04812,1.04831,1.65,1.50
2013.04.17 16:21:53.990,1.0481,1.04831,1.80,1.50
2013.04.17 16:21:54.111,1.04811,1.04833,1.73,1.50
2013.04.17 16:21:54.290,1.04811,1.04832,2.33,1.50
2013.04.17 16:21:54.709,1.0481,1.0483,1.50,1.50
2013.04.17 16:21:55.040,1.0481,1.0483,1.50,1.50
2013.04.17 16:21:55.340,1.04811,1.04828,1.13,2.25
2013.04.17 16:21:55.639,1.04807,1.04826,1.88,1.50
2013.04.17 16:21:56.677,1.04807,1.04828,4.13,2.25
2013.04.17 16:21:57.461,1.04808,1.04828,1.20,2.25
2013.04.17 16:21:57.520,1.04809,1.04828,1.95,2.25
2013.04.17 16:21:57.641,1.04812,1.04828,2.48,2.25
2013.04.17 16:21:57.765,1.04813,1.04834,1.95,2.25
2013.04.17 16:21:57.842,1.04813,1.04834,1.73,2.25
2013.04.17 16:21:57.989,1.04811,1.04831,2.40,1.50
2013.04.17 16:21:58.411,1.04811,1.04834,1.65,2.25
2013.04.17 16:21:59.860,1.04814,1.04833,1.35,1.13
2013.04.17 16:21:59.921,1.04814,1.04833,1.73,1.13
2013.04.17 16:22:00.362,1.04815,1.04837,1.50,2.40
2013.04.17 16:22:00.501,1.04813,1.04835,1.50,1.65
2013.04.17 16:22:00.802,1.04811,1.04828,1.65,1.50
2013.04.17 16:22:01.172,1.04811,1.04829,1.13,1.50
2013.04.17 16:22:01.710,1.04812,1.04829,1.65,1.50
2013.04.17 16:22:02.311,1.04813,1.04834,2.40,2.85
2013.04.17 16:22:02.491,1.04813,1.04834,1.65,2.25
2013.04.17 16:22:02.670,1.04812,1.04832,1.50,1.50
2013.04.17 16:22:02.730,1.04812,1.04832,1.50,1.50
2013.04.17 16:22:03.650,1.0481,1.04832,1.88,1.50
2013.04.17 16:22:03.830,1.04808,1.04828,2.25,1.35
2013.04.17 16:22:03.892,1.04808,1.04827,1.50,2.48
2013.04.17 16:22:03.952,1.04805,1.04824,1.50,1.88
2013.04.17 16:22:04.022,1.04806,1.04827,1.50,4.43
2013.04.17 16:22:04.153,1.04807,1.04827,1.50,3.00
2013.04.17 16:22:04.221,1.04806,1.04827,1.50,2.25
2013.04.17 16:22:04.285,1.04807,1.04827,1.50,2.25
2013.04.17 16:22:04.591,1.0481,1.04824,1.58,1.50
2013.04.17 16:22:04.922,1.0481,1.04824,1.80,1.50
2013.04.17 16:22:05.230,1.04806,1.04824,1.73,1.50
2013.04.17 16:22:05.350,1.04804,1.04824,1.50,1.50
2013.04.17 16:22:05.470,1.048,1.04823,2.25,1.50
2013.04.17 16:22:05.891,1.048,1.04823,2.25,1.50
2013.04.17 16:22:07.080,1.048,1.04818,3.00,1.50
2013.04.17 16:22:07.601,1.048,1.04818,3.00,1.50
2013.04.17 16:22:08.080,1.048,1.04818,3.00,1.50
2013.04.17 16:22:09.221,1.048,1.04815,1.35,1.50
2013.04.17 16:22:09.340,1.04795,1.04815,3.90,1.50
2013.04.17 16:22:09.521,1.04792,1.04813,1.88,1.50
2013.04.17 16:22:09.699,1.04792,1.04814,1.13,2.25
2013.04.17 16:22:09.759,1.04794,1.04814,1.13,2.25
2013.04.17 16:22:09.880,1.04792,1.04814,1.50,3.00
2013.04.17 16:22:10.240,1.04791,1.04812,2.25,1.50
2013.04.17 16:22:10.541,1.04787,1.0481,2.40,1.50
2013.04.17 16:22:11.080,1.04787,1.04809,2.40,1.50
2013.04.17 16:22:11.452,1.04787,1.04809,2.40,1.50
2013.04.17 16:22:12.053,1.04787,1.04809,1.65,1.50
2013.04.17 16:22:12.360,1.04787,1.04808,1.65,1.13
2013.04.17 16:22:12.720,1.04793,1.04809,1.50,1.50
2013.04.17 16:22:13.079,1.04791,1.0481,1.88,1.13
2013.04.17 16:22:15.191,1.04791,1.04808,1.20,1.50
2013.04.17 16:22:15.840,1.04792,1.04808,1.65,1.50
2013.04.17 16:22:16.200,1.04792,1.04809,1.65,1.50
2013.04.17 16:22:17.354,1.04792,1.04808,1.65,1.50
2013.04.17 16:22:17.420,1.04792,1.04808,1.13,1.50
2013.04.17 16:22:17.769,1.04791,1.04808,1.65,1.50
2013.04.17 16:22:18.012,1.04787,1.04808,2.25,1.50
2013.04.17 16:22:18.082,1.04785,1.04806,3.15,1.50
2013.04.17 16:22:18.403,1.04782,1.04805,1.13,1.50
2013.04.17 16:22:18.473,1.04781,1.04805,3.15,1.50
2013.04.17 16:22:20.361,1.04782,1.04799,1.50,1.50
2013.04.17 16:22:20.781,1.0478,1.04797,2.25,1.50
2013.04.17 16:22:21.019,1.04776,1.04797,1.65,1.50
2013.04.17 16:22:21.380,1.04779,1.04799,2.25,1.50
2013.04.17 16:22:21.693,1.04783,1.04801,2.33,2.25
2013.04.17 16:22:21.820,1.04784,1.04803,2.48,1.13
2013.04.17 16:22:21.880,1.04785,1.04808,1.50,2.25
2013.04.17 16:22:22.001,1.04782,1.04802,1.13,1.13
2013.04.17 16:22:22.323,1.04776,1.04798,1.50,2.25
2013.04.17 16:22:22.397,1.04775,1.04798,2.25,1.50
2013.04.17 16:22:22.820,1.04777,1.04798,1.50,2.25
2013.04.17 16:22:23.131,1.04781,1.04801,1.65,1.88
2013.04.17 16:22:24.276,1.04785,1.04803,1.50,1.50
2013.04.17 16:22:24.374,1.04768,1.04783,1.50,1.50
2013.04.17 16:22:24.981,1.04764,1.04783,1.50,1.50
2013.04.17 16:22:25.514,1.04768,1.04788,1.50,1.50
2013.04.17 16:22:25.821,1.0477,1.04788,1.50,1.50
2013.04.17 16:22:26.150,1.0477,1.04787,1.50,1.50
2013.04.17 16:22:26.691,1.0477,1.04785,1.50,1.65
2013.04.17 16:22:26.751,1.04769,1.04786,1.50,1.88
2013.04.17 16:22:26.812,1.04765,1.04783,1.50,1.65
2013.04.17 16:22:26.880,1.04763,1.04783,1.50,1.65
2013.04.17 16:22:26.940,1.04763,1.04783,1.50,2.40
2013.04.17 16:22:27.230,1.04761,1.04782,1.65,1.50
2013.04.17 16:22:27.981,1.04763,1.0478,1.50,1.50
2013.04.17 16:22:28.589,1.04761,1.0478,1.65,1.50
2013.04.17 16:22:31.075,1.04767,1.04788,2.63,1.50
2013.04.17 16:22:31.457,1.04767,1.04785,1.88,1.50
2013.04.17 16:22:31.761,1.04763,1.04781,2.18,1.65
2013.04.17 16:22:31.880,1.04757,1.04778,1.50,1.50
2013.04.17 16:22:32.001,1.04755,1.04777,1.65,2.25
2013.04.17 16:22:32.121,1.04751,1.04773,1.88,1.50
2013.04.17 16:22:32.183,1.0475,1.04773,1.65,1.65
2013.04.17 16:22:32.316,1.04749,1.04769,1.13,1.50
2013.04.17 16:22:32.622,1.04748,1.04769,1.65,2.25
2013.04.17 16:22:32.751,1.04746,1.04767,1.73,1.50
2013.04.17 16:22:33.055,1.04745,1.04764,1.73,1.50
2013.04.17 16:22:33.601,1.04746,1.04765,1.73,1.50
2013.04.17 16:22:35.070,1.04743,1.04764,1.50,1.50
2013.04.17 16:22:35.373,1.04744,1.04758,1.50,1.50
2013.04.17 16:22:35.682,1.04755,1.04772,4.13,1.65
2013.04.17 16:22:35.810,1.04755,1.04774,4.13,1.50
2013.04.17 16:22:35.930,1.04756,1.04779,1.13,3.75
2013.04.17 16:22:36.460,1.04756,1.04778,1.13,1.50
2013.04.17 16:22:36.580,1.04759,1.04778,1.13,1.50
2013.04.17 16:22:36.942,1.04761,1.0478,1.13,1.50
2013.04.17 16:22:37.084,1.04761,1.04779,1.50,2.25
2013.04.17 16:22:37.152,1.04758,1.04777,1.65,1.50
2013.04.17 16:22:37.213,1.04756,1.04775,2.63,1.50
2013.04.17 16:22:37.785,1.04756,1.04775,1.88,1.50
2013.04.17 16:22:38.120,1.04755,1.04775,1.50,1.50
2013.04.17 16:22:38.490,1.04753,1.04775,1.13,1.50
2013.04.17 16:22:38.731,1.04753,1.04775,1.13,1.50
2013.04.17 16:22:39.421,1.04752,1.04773,1.50,1.50
2013.04.17 16:22:40.591,1.04752,1.04773,1.50,1.50
2013.04.17 16:22:41.129,1.04749,1.04771,2.25,1.50
2013.04.17 16:22:41.446,1.04747,1.04767,1.73,1.35
2013.04.17 16:22:41.631,1.04738,1.04759,1.50,1.50
2013.04.17 16:22:41.763,1.04735,1.04758,2.33,1.50
2013.04.17 16:22:42.133,1.04733,1.04754,2.33,5.10
2013.04.17 16:22:42.262,1.04728,1.04748,2.25,1.65
2013.04.17 16:22:42.331,1.04724,1.04746,1.13,1.50
2013.04.17 16:22:42.948,1.04724,1.04746,1.88,1.50
2013.04.17 16:22:43.153,1.04723,1.04746,2.25,1.65
2013.04.17 16:22:43.341,1.04724,1.04746,1.13,2.25
2013.04.17 16:22:43.652,1.04729,1.04748,2.10,1.50
2013.04.17 16:22:44.081,1.04726,1.04748,2.40,1.50
2013.04.17 16:22:45.020,1.04728,1.04748,1.65,1.50
2013.04.17 16:22:45.383,1.0473,1.04745,3.00,2.25
2013.04.17 16:22:45.572,1.04729,1.04743,1.50,1.50
2013.04.17 16:22:45.641,1.04729,1.04748,2.25,3.75
2013.04.17 16:22:45.821,1.04733,1.04748,1.50,1.50
2013.04.17 16:22:46.000,1.04738,1.04757,1.50,1.50
2013.04.17 16:22:46.060,1.04738,1.04757,1.50,1.50
2013.04.17 16:22:46.240,1.04737,1.04757,1.50,1.50
2013.04.17 16:22:46.300,1.04737,1.04751,1.50,1.35
2013.04.17 16:22:46.661,1.04735,1.04751,2.25,1.35
2013.04.17 16:22:46.720,1.04735,1.04753,2.25,1.35
2013.04.17 16:22:46.785,1.04736,1.04753,1.50,1.35
2013.04.17 16:22:47.533,1.04738,1.04755,1.50,1.35
2013.04.17 16:22:47.684,1.04736,1.04757,1.50,4.35
2013.04.17 16:22:47.753,1.04733,1.04753,2.25,1.50
2013.04.17 16:22:47.824,1.04733,1.04753,2.25,1.50
2013.04.17 16:22:47.894,1.04734,1.04754,1.50,1.50
2013.04.17 16:22:47.962,1.04734,1.04754,1.65,1.50
2013.04.17 16:22:48.501,1.04734,1.04755,1.50,1.65
2013.04.17 16:22:48.560,1.04732,1.04755,1.50,1.65
2013.04.17 16:22:48.801,1.04733,1.04753,1.65,1.50
2013.04.17 16:22:48.860,1.04736,1.04753,1.50,1.50
2013.04.17 16:22:48.980,1.04736,1.04753,1.50,1.50
2013.04.17 16:22:49.342,1.04736,1.04754,1.50,1.13
2013.04.17 16:22:49.412,1.04731,1.0475,1.50,1.35
2013.04.17 16:22:49.540,1.04729,1.04749,1.50,1.65
2013.04.17 16:22:49.659,1.04727,1.04748,1.50,1.50
2013.04.17 16:22:49.721,1.04726,1.04746,1.50,1.35
2013.04.17 16:22:50.081,1.0473,1.04748,1.65,2.10
2013.04.17 16:22:50.143,1.0473,1.04748,1.65,1.50
2013.04.17 16:22:50.211,1.04732,1.04751,2.25,2.25
2013.04.17 16:22:50.534,1.04728,1.04749,2.33,1.58
2013.04.17 16:22:50.721,1.04726,1.04749,1.50,1.58
2013.04.17 16:22:50.901,1.04727,1.04749,1.50,1.58
2013.04.17 16:22:51.204,1.04733,1.04751,2.25,1.35
2013.04.17 16:22:51.393,1.04729,1.0475,2.25,1.35
2013.04.17 16:22:51.462,1.04729,1.0475,1.50,2.48
2013.04.17 16:22:51.580,1.04725,1.04747,2.40,1.50
2013.04.17 16:22:52.120,1.04725,1.04746,1.50,1.65
2013.04.17 16:22:52.471,1.04723,1.04744,1.50,1.50
2013.04.17 16:22:52.592,1.04721,1.04741,1.50,1.50
2013.04.17 16:22:52.901,1.04719,1.04739,2.10,1.50
2013.04.17 16:22:53.022,1.04719,1.0474,2.10,3.00
2013.04.17 16:22:53.211,1.04719,1.04739,1.50,1.50
2013.04.17 16:22:53.331,1.04717,1.04739,1.50,2.33
2013.04.17 16:22:55.481,1.04719,1.04739,3.00,1.50
2013.04.17 16:22:55.540,1.04722,1.0474,1.50,1.50
2013.04.17 16:22:55.662,1.04723,1.04738,2.25,2.25
2013.04.17 16:22:55.789,1.04721,1.04736,1.50,1.50
2013.04.17 16:22:55.911,1.04715,1.04736,3.00,1.50
2013.04.17 16:22:56.384,1.04715,1.04736,2.25,1.58
2013.04.17 16:22:57.206,1.04713,1.04736,2.85,1.50
2013.04.17 16:22:57.690,1.04713,1.04736,2.10,1.50
2013.04.17 16:22:57.938,1.04713,1.04731,1.58,1.50
2013.04.17 16:22:58.241,1.04709,1.04725,2.18,2.25
2013.04.17 16:22:58.302,1.04705,1.04725,1.50,2.25
2013.04.17 16:22:58.431,1.04703,1.04724,1.50,1.50
2013.04.17 16:22:58.730,1.04705,1.04725,3.75,2.25
2013.04.17 16:22:59.090,1.04713,1.04733,1.50,3.53
2013.04.17 16:22:59.150,1.04708,1.04728,1.35,1.50
2013.04.17 16:22:59.271,1.04706,1.04726,2.18,1.50
2013.04.17 16:22:59.330,1.04705,1.04727,1.73,1.50
2013.04.17 16:22:59.870,1.04705,1.04724,1.65,2.10
2013.04.17 16:22:59.991,1.04705,1.04723,1.50,2.40
2013.04.17 16:23:00.110,1.04701,1.04721,1.50,1.50
2013.04.17 16:23:00.170,1.04698,1.04721,3.15,2.25
2013.04.17 16:23:00.350,1.04701,1.04721,1.50,2.25
2013.04.17 16:23:00.700,1.04702,1.04721,1.65,1.50
2013.04.17 16:23:01.001,1.04704,1.04722,1.50,1.50
2013.04.17 16:23:01.060,1.04705,1.04727,2.25,1.88
2013.04.17 16:23:01.362,1.04708,1.04725,1.50,1.35
2013.04.17 16:23:01.671,1.04703,1.04723,1.50,2.10
2013.04.17 16:23:01.920,1.04703,1.04722,1.50,1.13
2013.04.17 16:23:01.980,1.04703,1.04717,1.50,1.35
2013.04.17 16:23:02.284,1.04696,1.0471,2.18,1.35
2013.04.17 16:23:02.847,1.04696,1.04714,2.18,1.65
2013.04.17 16:23:02.919,1.04691,1.04715,2.25,1.65
2013.04.17 16:23:03.049,1.04691,1.0471,1.50,1.13
2013.04.17 16:23:03.120,1.04689,1.0471,1.50,1.88
2013.04.17 16:23:03.364,1.04689,1.0471,1.13,2.25
2013.04.17 16:23:03.670,1.04686,1.04707,2.18,2.70
2013.04.17 16:23:03.735,1.04686,1.04707,2.18,1.80
2013.04.17 16:23:03.804,1.04682,1.04706,2.40,1.65
2013.04.17 16:23:04.181,1.0468,1.04697,1.50,1.35
2013.04.17 16:23:04.240,1.04679,1.04697,1.50,1.35
2013.04.17 16:23:04.541,1.04672,1.04696,1.50,1.50
2013.04.17 16:23:04.783,1.04674,1.04697,1.50,1.50
2013.04.17 16:23:05.091,1.04672,1.04696,2.40,1.50
2013.04.17 16:23:05.571,1.04677,1.04694,1.50,1.50
2013.04.17 16:23:05.821,1.04684,1.04704,1.50,1.50
2013.04.17 16:23:05.881,1.04684,1.04706,1.50,2.25
2013.04.17 16:23:06.361,1.04682,1.04703,1.50,1.65
2013.04.17 16:23:06.721,1.0468,1.047,1.50,1.13
2013.04.17 16:23:06.971,1.04675,1.04697,3.23,1.50
2013.04.17 16:23:08.309,1.04675,1.04694,1.35,1.50
2013.04.17 16:23:09.121,1.04675,1.04697,1.35,1.50
2013.04.17 16:23:09.241,1.04676,1.04698,1.88,2.25
2013.04.17 16:23:09.840,1.04676,1.04697,1.13,1.50
2013.04.17 16:23:10.419,1.04676,1.04698,1.88,2.25
2013.04.17 16:23:12.011,1.04677,1.04698,1.50,2.25
2013.04.17 16:23:12.070,1.04678,1.04698,1.50,1.50
2013.04.17 16:23:12.642,1.04679,1.047,1.13,1.50
2013.04.17 16:23:13.190,1.04678,1.047,1.65,2.40
2013.04.17 16:23:13.391,1.04677,1.04698,2.40,1.50
2013.04.17 16:23:13.570,1.04677,1.04697,1.65,1.50
2013.04.17 16:23:13.870,1.04666,1.04688,2.10,1.13
2013.04.17 16:23:14.411,1.04667,1.0469,3.23,3.00
2013.04.17 16:23:14.712,1.04669,1.0469,1.65,1.50
2013.04.17 16:23:15.020,1.04679,1.04702,1.35,2.25
2013.04.17 16:23:15.200,1.04678,1.04702,1.50,1.13
2013.04.17 16:23:15.501,1.04672,1.04694,2.25,2.63
2013.04.17 16:23:15.577,1.04672,1.04691,1.50,1.13
2013.04.17 16:23:15.898,1.04668,1.04685,2.93,1.65
2013.04.17 16:23:15.964,1.04665,1.04685,1.50,2.40
2013.04.17 16:23:16.393,1.04665,1.04685,2.40,2.25
2013.04.17 16:23:16.899,1.04667,1.04687,2.63,1.50
2013.04.17 16:23:17.104,1.0467,1.0469,1.50,1.65
2013.04.17 16:23:17.421,1.04669,1.04691,2.40,1.50
2013.04.17 16:23:18.392,1.04667,1.04691,2.63,1.50
2013.04.17 16:23:18.748,1.04665,1.04684,1.50,1.13
2013.04.17 16:23:18.814,1.04662,1.04684,1.50,1.50
2013.04.17 16:23:18.880,1.04664,1.04684,1.13,1.50
2013.04.17 16:23:19.858,1.04667,1.04686,1.50,1.65
2013.04.17 16:23:19.922,1.04666,1.04687,1.50,2.33
2013.04.17 16:23:20.760,1.04666,1.04687,1.50,3.08
2013.04.17 16:23:21.303,1.04664,1.04679,1.50,2.48
2013.04.17 16:23:21.623,1.04655,1.04666,1.88,2.25
2013.04.17 16:23:21.852,1.04645,1.04665,2.25,1.50
2013.04.17 16:23:21.934,1.04646,1.04666,1.50,2.10
2013.04.17 16:23:22.131,1.04644,1.04661,1.50,1.50
2013.04.17 16:23:22.191,1.04645,1.04661,1.13,1.50
2013.04.17 16:23:22.550,1.04643,1.04659,1.50,1.35
2013.04.17 16:23:22.677,1.04637,1.04656,1.50,2.25
2013.04.17 16:23:22.744,1.04634,1.04655,1.50,1.50
2013.04.17 16:23:22.814,1.04634,1.04652,1.50,1.88
2013.04.17 16:23:22.887,1.04632,1.04651,1.65,1.13
2013.04.17 16:23:22.954,1.04631,1.04651,1.65,1.88
2013.04.17 16:23:23.083,1.04632,1.04651,1.50,1.13
2013.04.17 16:23:23.211,1.04631,1.04651,1.50,1.88
2013.04.17 16:23:23.270,1.04631,1.04651,1.88,1.13
2013.04.17 16:23:23.572,1.04629,1.04636,1.50,1.65
2013.04.17 16:23:23.642,1.04619,1.04633,1.32,1.50
2013.04.17 16:23:23.711,1.04613,1.04633,2.07,2.40
2013.04.17 16:23:23.785,1.04612,1.04631,2.07,1.50
2013.04.17 16:23:24.102,1.04609,1.04629,1.50,3.00
2013.04.17 16:23:24.161,1.04606,1.04628,2.40,1.50
2013.04.17 16:23:24.233,1.04611,1.04624,2.18,1.50
2013.04.17 16:23:24.300,1.04611,1.04626,2.18,2.25
2013.04.17 16:23:24.361,1.04604,1.04624,1.88,1.50
2013.04.17 16:23:24.422,1.04604,1.04624,1.13,1.50
2013.04.17 16:23:24.493,1.04602,1.04624,3.00,1.13
2013.04.17 16:23:24.633,1.04602,1.04614,1.50,1.50
2013.04.17 16:23:24.761,1.04592,1.04606,2.18,3.49
2013.04.17 16:23:24.822,1.04592,1.04599,2.18,1.13
2013.04.17 16:23:25.132,1.04579,1.04588,1.43,1.13
2013.04.17 16:23:25.452,1.04563,1.0458,1.32,3.23
2013.04.17 16:23:25.772,1.04551,1.04569,1.88,1.13
2013.04.17 16:23:25.893,1.04549,1.04572,1.32,1.13
2013.04.17 16:23:25.962,1.04548,1.04574,1.50,2.25
2013.04.17 16:23:26.821,1.04549,1.04574,2.25,2.25
2013.04.17 16:23:26.895,1.04516,1.04543,1.50,2.40
2013.04.17 16:23:26.986,1.04515,1.04541,1.05,1.13
2013.04.17 16:23:27.325,1.04517,1.04537,1.13,1.43
2013.04.17 16:23:27.394,1.04518,1.0453,1.50,1.13
2013.04.17 16:23:27.523,1.04509,1.04532,4.73,1.15
2013.04.17 16:23:27.594,1.04507,1.0453,2.48,1.88
2013.04.17 16:23:28.095,1.04483,1.04497,1.50,2.40
2013.04.17 16:23:28.250,1.04477,1.045,1.50,2.25
2013.04.17 16:23:28.572,1.04471,1.04502,4.50,2.25
2013.04.17 16:23:28.772,1.04471,1.04499,1.88,2.25
2013.04.17 16:23:28.846,1.04474,1.04499,2.70,2.25
2013.04.17 16:23:28.928,1.04477,1.04503,1.50,3.00
2013.04.17 16:23:29.246,1.04477,1.04496,1.13,2.25
2013.04.17 16:23:29.383,1.04476,1.045,1.13,3.00
2013.04.17 16:23:29.452,1.04479,1.045,1.50,3.00
2013.04.17 16:23:29.826,1.04494,1.04516,1.50,1.69
2013.04.17 16:23:29.905,1.04494,1.04518,2.25,2.25
2013.04.17 16:23:29.973,1.04494,1.04518,2.25,1.50
2013.04.17 16:23:30.042,1.04499,1.0452,1.50,2.25
2013.04.17 16:23:30.357,1.04503,1.04521,2.25,2.18
2013.04.17 16:23:30.877,1.04515,1.04526,1.13,2.18
2013.04.17 16:23:30.965,1.04519,1.04534,2.40,2.18
2013.04.17 16:23:31.037,1.04519,1.04547,3.15,1.88
2013.04.17 16:23:31.115,1.04519,1.04548,4.43,2.25
2013.04.17 16:23:31.421,1.04528,1.04555,2.40,1.13
2013.04.17 16:23:32.012,1.04539,1.04561,1.50,2.63
2013.04.17 16:23:32.084,1.04542,1.04569,1.50,2.40
2013.04.17 16:23:32.272,1.04545,1.04577,2.25,2.40
2013.04.17 16:23:32.342,1.04548,1.04578,1.13,2.03
2013.04.17 16:23:32.652,1.04556,1.04582,2.40,2.33
2013.04.17 16:23:32.781,1.04556,1.04585,3.15,1.65
2013.04.17 16:23:32.844,1.04561,1.04585,1.13,1.50
2013.04.17 16:23:32.973,1.04565,1.04591,1.65,1.65
2013.04.17 16:23:33.173,1.04565,1.0459,1.50,1.13
2013.04.17 16:23:33.301,1.04565,1.04592,1.65,1.05
2013.04.17 16:23:33.613,1.04579,1.04592,1.13,1.35
2013.04.17 16:23:33.682,1.04584,1.04598,2.40,1.50
2013.04.17 16:23:33.754,1.04584,1.04603,3.15,1.50
2013.04.17 16:23:33.881,1.04586,1.04608,1.88,1.50
2013.04.17 16:23:34.318,1.0459,1.04613,2.03,1.50
2013.04.17 16:23:34.562,1.04589,1.04617,1.88,1.80
2013.04.17 16:23:34.632,1.04589,1.04615,1.65,1.13
2013.04.17 16:23:34.942,1.04585,1.04613,1.05,1.13
2013.04.17 16:23:35.251,1.0458,1.04599,2.25,1.13
2013.04.17 16:23:35.491,1.04576,1.04594,2.18,1.50
2013.04.17 16:23:35.611,1.0457,1.04597,2.25,1.50
2013.04.17 16:23:35.683,1.04569,1.04594,1.50,1.13
2013.04.17 16:23:35.995,1.04562,1.04588,1.65,1.13
2013.04.17 16:23:36.063,1.04562,1.04587,1.50,1.88
2013.04.17 16:23:36.192,1.04562,1.04587,1.65,2.40
2013.04.17 16:23:36.442,1.04557,1.04586,2.78,4.73
2013.04.17 16:23:36.762,1.0456,1.04578,1.13,1.58
2013.04.17 16:23:37.072,1.04568,1.04592,1.13,1.50
2013.04.17 16:23:37.143,1.04571,1.04596,1.65,2.40
2013.04.17 16:23:37.214,1.04572,1.04596,1.65,1.65
2013.04.17 16:23:37.523,1.0458,1.04596,1.50,1.50
2013.04.17 16:23:37.593,1.0458,1.04603,1.50,1.65
2013.04.17 16:23:38.122,1.04585,1.04605,1.13,1.50
2013.04.17 16:23:38.197,1.04584,1.04605,1.50,1.65
2013.04.17 16:23:38.262,1.04584,1.04606,2.93,2.40
2013.04.17 16:23:38.682,1.04582,1.04598,1.50,1.65
2013.04.17 16:23:39.004,1.04572,1.04594,2.25,1.65
2013.04.17 16:23:39.132,1.04563,1.04585,1.50,1.65
2013.04.17 16:23:39.202,1.04565,1.04584,1.50,2.25
2013.04.17 16:23:39.393,1.04568,1.04589,1.50,2.25
2013.04.17 16:23:39.523,1.0457,1.04589,1.50,1.50
2013.04.17 16:23:39.591,1.04574,1.04593,1.50,1.50
2013.04.17 16:23:39.652,1.04576,1.04595,1.50,1.50
2013.04.17 16:23:39.722,1.04577,1.04596,1.50,1.50
2013.04.17 16:23:39.790,1.04577,1.046,2.25,2.25
2013.04.17 16:23:39.850,1.04578,1.046,1.50,1.50
2013.04.17 16:23:39.910,1.0458,1.04602,1.50,1.50
2013.04.17 16:23:40.091,1.04581,1.04604,2.25,1.50
2013.04.17 16:23:40.392,1.04586,1.04607,1.50,3.00
2013.04.17 16:23:40.583,1.04584,1.04606,1.50,2.25
2013.04.17 16:23:40.652,1.04582,1.04604,1.50,1.50
2013.04.17 16:23:40.781,1.04581,1.04604,2.10,1.50
2013.04.17 16:23:41.082,1.0459,1.04612,1.50,1.50
2013.04.17 16:23:41.211,1.04589,1.04613,3.00,1.50
2013.04.17 16:23:41.281,1.04589,1.04612,1.88,1.50
2013.04.17 16:23:41.461,1.04586,1.04609,2.25,1.50
2013.04.17 16:23:41.520,1.04586,1.04609,1.50,1.50
2013.04.17 16:23:41.822,1.04586,1.04608,2.63,1.50
2013.04.17 16:23:41.951,1.04587,1.04608,2.10,1.50
2013.04.17 16:23:42.432,1.04592,1.04615,1.50,2.40
2013.04.17 16:23:42.671,1.04592,1.04612,1.50,1.58
2013.04.17 16:23:42.853,1.04587,1.04609,1.35,1.50
2013.04.17 16:23:43.044,1.04588,1.04607,1.50,1.50
2013.04.17 16:23:43.111,1.04584,1.04606,1.88,1.50
2013.04.17 16:23:43.352,1.04584,1.04604,1.50,1.58
2013.04.17 16:23:43.671,1.04584,1.04599,2.25,1.58
2013.04.17 16:23:43.791,1.04588,1.04604,1.50,2.48
2013.04.17 16:23:44.032,1.04592,1.04608,1.50,1.35
2013.04.17 16:23:44.102,1.04599,1.04609,1.50,1.50
2013.04.17 16:23:44.924,1.04601,1.04614,1.50,1.50
2013.04.17 16:23:44.997,1.04608,1.04628,3.00,2.85
2013.04.17 16:23:45.302,1.04611,1.04628,1.50,1.50
2013.04.17 16:23:45.611,1.04607,1.04627,1.50,1.50
2013.04.17 16:23:46.154,1.04607,1.04629,2.25,1.65
2013.04.17 16:23:47.007,1.04606,1.04628,2.63,2.25
2013.04.17 16:23:47.333,1.04605,1.04623,1.13,1.50
2013.04.17 16:23:47.583,1.04598,1.04619,1.13,1.50
2013.04.17 16:23:47.834,1.04601,1.04618,1.13,1.35
2013.04.17 16:23:47.961,1.04601,1.04621,1.88,2.25
2013.04.17 16:23:48.021,1.04605,1.04621,1.50,1.50
2013.04.17 16:23:48.342,1.04604,1.04625,2.25,2.10
2013.04.17 16:23:48.782,1.04603,1.04625,1.50,3.60
2013.04.17 16:23:48.851,1.04601,1.04623,1.13,1.50
2013.04.17 16:23:48.912,1.046,1.04623,1.88,1.50
2013.04.17 16:23:49.281,1.04598,1.04619,1.50,1.35
2013.04.17 16:23:49.584,1.04598,1.04618,1.50,2.93
2013.04.17 16:23:49.771,1.04594,1.04614,1.50,1.50
2013.04.17 16:23:50.071,1.04595,1.04616,1.50,2.10
2013.04.17 16:23:50.191,1.04592,1.04613,2.25,1.73
2013.04.17 16:23:50.492,1.04586,1.04602,2.25,1.35
2013.04.17 16:23:50.801,1.04582,1.04604,3.00,1.35
2013.04.17 16:23:51.160,1.04581,1.04602,2.25,1.35
2013.04.17 16:23:52.215,1.04581,1.04602,1.50,1.35
2013.04.17 16:23:52.411,1.04584,1.04602,1.50,1.35
2013.04.17 16:23:52.652,1.04585,1.04607,1.50,3.60
2013.04.17 16:23:52.722,1.04586,1.04607,2.25,2.85
2013.04.17 16:23:53.033,1.04588,1.04607,1.50,1.35
2013.04.17 16:23:53.281,1.04591,1.04612,1.50,2.18
2013.04.17 16:23:53.345,1.04593,1.04612,1.50,1.43
2013.04.17 16:23:53.601,1.04589,1.0461,1.50,1.35
2013.04.17 16:23:53.661,1.04591,1.0461,1.50,1.35
2013.04.17 16:23:54.021,1.04607,1.04618,2.25,1.50
2013.04.17 16:23:54.081,1.04607,1.04623,2.63,1.50
2013.04.17 16:23:54.141,1.04609,1.0463,2.25,1.50
2013.04.17 16:23:54.320,1.04609,1.04632,2.25,3.90
2013.04.17 16:23:54.441,1.04609,1.04631,2.93,1.35
2013.04.17 16:23:54.621,1.04608,1.04631,3.00,2.85
2013.04.17 16:23:54.681,1.04608,1.04627,2.25,2.10
2013.04.17 16:23:54.983,1.04606,1.04622,1.50,1.50
2013.04.17 16:23:55.054,1.04598,1.04622,2.25,2.25
2013.04.17 16:23:55.122,1.04596,1.04618,1.50,1.50
2013.04.17 16:23:55.431,1.04601,1.04622,1.50,1.50
2013.04.17 16:23:55.491,1.04601,1.04623,2.25,2.10
2013.04.17 16:23:55.553,1.04601,1.04625,3.00,4.65
2013.04.17 16:23:55.870,1.04607,1.04627,1.50,2.93
2013.04.17 16:23:56.172,1.04604,1.04621,1.50,1.35
2013.04.17 16:23:56.244,1.04601,1.0462,1.50,1.35
2013.04.17 16:23:56.492,1.04601,1.04617,1.50,1.13
2013.04.17 16:23:56.801,1.0459,1.04608,1.50,1.50
2013.04.17 16:23:56.922,1.04592,1.04612,1.50,1.50
2013.04.17 16:23:57.052,1.04592,1.04613,1.35,1.50
2013.04.17 16:23:57.120,1.04592,1.04612,1.65,1.35
2013.04.17 16:23:57.180,1.04591,1.04612,1.50,1.73
2013.04.17 16:23:57.240,1.04591,1.04609,1.50,6.00
2013.04.17 16:23:57.361,1.04589,1.04607,1.28,1.35
2013.04.17 16:23:57.421,1.04586,1.04607,2.25,1.43
2013.04.17 16:23:57.541,1.04587,1.04609,1.50,2.85
2013.04.17 16:23:57.662,1.04585,1.04605,1.50,1.35
2013.04.17 16:23:58.223,1.04584,1.04605,2.25,2.10
2013.04.17 16:23:58.531,1.04584,1.04605,1.50,2.10
2013.04.17 16:23:58.713,1.04584,1.04604,2.25,2.25
2013.04.17 16:23:58.782,1.04582,1.04603,1.50,2.33
2013.04.17 16:23:59.035,1.04581,1.04605,1.50,1.50
2013.04.17 16:23:59.974,1.04581,1.046,1.50,1.50
2013.04.17 16:24:00.064,1.04578,1.04601,1.50,2.25
2013.04.17 16:24:00.132,1.04579,1.04602,2.18,2.25
2013.04.17 16:24:00.441,1.04587,1.04607,1.50,1.50
2013.04.17 16:24:00.861,1.04587,1.04607,1.50,3.08
2013.04.17 16:24:01.342,1.04587,1.04608,1.50,2.85
2013.04.17 16:24:01.701,1.04587,1.04608,1.50,2.10
2013.04.17 16:24:02.121,1.04586,1.04604,1.50,1.58
2013.04.17 16:24:02.422,1.0458,1.04599,1.50,3.00
2013.04.17 16:24:02.850,1.0458,1.046,1.50,1.50
2013.04.17 16:24:03.237,1.04582,1.04603,2.25,6.08
2013.04.17 16:24:03.304,1.04583,1.04603,1.50,5.93
2013.04.17 16:24:03.550,1.04587,1.04607,1.50,1.58
2013.04.17 16:24:03.680,1.04587,1.04607,1.50,1.58
2013.04.17 16:24:04.187,1.04589,1.04607,1.50,1.50
2013.04.17 16:24:04.522,1.0459,1.04612,2.25,2.10
2013.04.17 16:24:04.591,1.04593,1.04615,1.50,3.00
2013.04.17 16:24:04.842,1.0459,1.04613,1.50,1.50
2013.04.17 16:24:04.971,1.04593,1.04614,1.50,2.25
2013.04.17 16:24:05.112,1.04593,1.04614,1.50,1.50
2013.04.17 16:24:05.294,1.04591,1.04614,1.50,2.25
2013.04.17 16:24:05.362,1.04593,1.04614,1.50,1.50
2013.04.17 16:24:05.671,1.046,1.0462,1.50,3.38
2013.04.17 16:24:06.211,1.046,1.04622,1.50,1.65
2013.04.17 16:24:06.336,1.046,1.04622,1.50,1.65
2013.04.17 16:24:07.014,1.04603,1.04622,1.50,1.50
2013.04.17 16:24:07.141,1.04606,1.04625,1.50,1.50
2013.04.17 16:24:07.922,1.04606,1.04625,1.50,1.58
2013.04.17 16:24:08.461,1.04604,1.04625,1.50,2.93
2013.04.17 16:24:09.531,1.04602,1.04622,2.25,1.43
2013.04.17 16:24:09.652,1.046,1.04622,1.50,1.35
2013.04.17 16:24:10.269,1.04606,1.04622,1.35,1.58
2013.04.17 16:24:10.451,1.0461,1.04629,1.58,1.50
2013.04.17 16:24:10.510,1.04613,1.04631,2.93,1.50
2013.04.17 16:24:10.630,1.04616,1.04637,2.25,1.65
2013.04.17 16:24:11.113,1.04616,1.04637,1.50,1.58
2013.04.17 16:24:11.422,1.04607,1.04621,1.50,1.58
2013.04.17 16:24:11.730,1.04597,1.04618,3.08,1.35
2013.04.17 16:24:11.790,1.04594,1.04618,2.33,1.35
2013.04.17 16:24:12.219,1.04597,1.04619,1.50,2.18
2013.04.17 16:24:12.520,1.04594,1.04618,1.50,2.10
2013.04.17 16:24:13.041,1.04596,1.04618,3.00,2.18
2013.04.17 16:24:13.104,1.046,1.04618,1.50,2.18
2013.04.17 16:24:13.231,1.046,1.0462,2.10,1.50
2013.04.17 16:24:13.291,1.04603,1.04621,1.50,1.50
2013.04.17 16:24:13.591,1.04606,1.04623,1.50,2.85
2013.04.17 16:24:13.711,1.04601,1.04622,2.93,1.50
2013.04.17 16:24:13.770,1.04601,1.04622,1.50,1.50
2013.04.17 16:24:13.831,1.04602,1.04623,1.50,1.35
2013.04.17 16:24:14.370,1.04605,1.04625,1.50,1.50
2013.04.17 16:24:14.730,1.04605,1.04628,1.50,2.10
2013.04.17 16:24:15.031,1.04605,1.04625,1.50,1.50
2013.04.17 16:24:15.333,1.04602,1.04617,1.50,1.50
2013.04.17 16:24:15.460,1.04595,1.04614,1.35,1.50
2013.04.17 16:24:15.959,1.04595,1.04614,1.35,1.50
2013.04.17 16:24:16.031,1.04595,1.04616,1.35,1.50
2013.04.17 16:24:16.479,1.04599,1.04619,1.35,2.25
2013.04.17 16:24:17.259,1.04596,1.04618,1.43,2.25
2013.04.17 16:24:17.452,1.04596,1.04618,2.18,2.25
2013.04.17 16:24:17.992,1.04596,1.04618,2.85,1.58
2013.04.17 16:24:18.264,1.04592,1.04614,2.25,2.25
2013.04.17 16:24:18.333,1.04595,1.04614,1.50,1.50
2013.04.17 16:24:18.642,1.04596,1.04611,1.50,1.50
2013.04.17 16:24:18.783,1.04592,1.04613,1.50,2.85
2013.04.17 16:24:18.915,1.04592,1.04612,1.50,1.50
2013.04.17 16:24:19.240,1.04599,1.04613,1.50,1.50
2013.04.17 16:24:19.421,1.04602,1.04621,1.35,1.50
2013.04.17 16:24:19.545,1.04602,1.04626,2.85,1.50
2013.04.17 16:24:19.613,1.04607,1.04626,1.50,1.50
2013.04.17 16:24:19.742,1.0461,1.0463,1.35,1.50
2013.04.17 16:24:19.862,1.04611,1.04633,1.50,1.50
2013.04.17 16:24:19.932,1.0461,1.04633,2.10,1.50
2013.04.17 16:24:20.001,1.0461,1.04632,1.35,1.50
2013.04.17 16:24:20.244,1.04608,1.04631,1.50,2.25
2013.04.17 16:24:20.315,1.04607,1.04629,1.50,2.10
2013.04.17 16:24:20.630,1.04606,1.04625,1.50,2.25
2013.04.17 16:24:20.870,1.04602,1.04623,2.10,2.25
2013.04.17 16:24:21.330,1.04608,1.04623,1.50,2.25
2013.04.17 16:24:21.511,1.04607,1.04626,4.43,2.25
2013.04.17 16:24:21.630,1.04608,1.04632,2.85,1.88
2013.04.17 16:24:21.690,1.04608,1.04632,2.93,2.63
2013.04.17 16:24:21.994,1.04603,1.04625,1.50,2.25
2013.04.17 16:24:22.061,1.04603,1.04623,1.50,2.10
2013.04.17 16:24:22.362,1.04595,1.04613,1.50,2.25
2013.04.17 16:24:22.424,1.0459,1.04612,1.50,2.85
2013.04.17 16:24:22.494,1.04588,1.0461,1.50,3.00
2013.04.17 16:24:22.562,1.04588,1.0461,1.50,3.00
2013.04.17 16:24:23.100,1.04587,1.0461,2.25,1.50
2013.04.17 16:24:23.657,1.04588,1.04612,2.25,5.10
2013.04.17 16:24:23.782,1.04589,1.04612,1.50,3.68
2013.04.17 16:24:23.871,1.04589,1.04612,1.50,5.10
2013.04.17 16:24:25.501,1.04588,1.0461,3.00,1.50
2013.04.17 16:24:26.070,1.04587,1.04609,1.50,1.50
2013.04.17 16:24:26.431,1.04588,1.0461,1.50,1.50
2013.04.17 16:24:26.731,1.04591,1.04612,2.25,2.10
2013.04.17 16:24:27.581,1.0459,1.0461,1.50,1.50
2013.04.17 16:24:28.291,1.04588,1.0461,1.50,1.50
2013.04.17 16:24:28.534,1.0459,1.0461,2.25,1.50
2013.04.17 16:24:28.792,1.04592,1.04613,3.00,1.50
2013.04.17 16:24:28.851,1.04593,1.04613,2.25,1.50
2013.04.17 16:24:29.210,1.04597,1.0462,2.85,1.50
2013.04.17 16:24:29.531,1.046,1.0462,1.50,1.50
2013.04.17 16:24:29.773,1.04597,1.0462,2.85,1.50
2013.04.17 16:24:30.020,1.04598,1.0462,1.50,1.50
2013.04.17 16:24:30.530,1.04598,1.0462,1.50,1.50
2013.04.17 16:24:30.832,1.04601,1.0462,1.50,1.50
2013.04.17 16:24:31.472,1.04599,1.04621,1.50,2.63
2013.04.17 16:24:32.371,1.04598,1.04621,2.25,1.88
2013.04.17 16:24:32.494,1.04599,1.04621,1.50,1.88
2013.04.17 16:24:32.803,1.0461,1.04624,1.50,1.13
2013.04.17 16:24:33.534,1.04613,1.04635,2.25,2.10
2013.04.17 16:24:33.675,1.04613,1.04632,1.50,1.50
2013.04.17 16:24:33.884,1.04611,1.04632,1.50,2.25
2013.04.17 16:24:34.121,1.04611,1.04632,1.50,2.25
2013.04.17 16:24:34.181,1.04612,1.04632,1.50,2.25
2013.04.17 16:24:34.557,1.04612,1.0463,1.50,1.58
2013.04.17 16:24:34.870,1.0461,1.04632,1.50,1.35
2013.04.17 16:24:37.000,1.04609,1.04628,1.50,1.50
2013.04.17 16:24:37.240,1.04607,1.0463,3.75,2.85
2013.04.17 16:24:37.307,1.04609,1.0463,2.25,2.85
2013.04.17 16:24:37.432,1.0461,1.04633,2.25,2.40
2013.04.17 16:24:37.731,1.04615,1.04633,1.50,2.25
2013.04.17 16:24:38.033,1.04616,1.04634,2.33,1.50
2013.04.17 16:24:38.223,1.04616,1.04638,1.50,1.50
2013.04.17 16:24:38.531,1.04619,1.0464,2.18,2.25
2013.04.17 16:24:38.652,1.04622,1.0464,2.25,1.50
2013.04.17 16:24:38.962,1.04631,1.04649,1.50,2.44
2013.04.17 16:24:39.032,1.04631,1.04649,1.50,2.44
2013.04.17 16:24:39.093,1.04631,1.04649,2.93,2.44
2013.04.17 16:24:39.167,1.04632,1.04651,1.50,1.50
2013.04.17 16:24:39.290,1.04633,1.04653,1.50,1.50
2013.04.17 16:24:39.410,1.04633,1.04654,1.50,1.50
2013.04.17 16:24:39.771,1.04639,1.04656,1.50,1.50
2013.04.17 16:24:39.831,1.04639,1.0466,1.50,2.44
2013.04.17 16:24:39.950,1.04639,1.0466,3.68,1.69
2013.04.17 16:24:40.900,1.04646,1.04663,1.50,2.25
2013.04.17 16:24:40.962,1.04647,1.04663,1.50,1.50
2013.04.17 16:24:41.081,1.04647,1.04672,2.93,1.69
2013.04.17 16:24:41.321,1.04651,1.04674,1.50,3.90
2013.04.17 16:24:41.500,1.04651,1.04674,2.93,3.15
2013.04.17 16:24:41.621,1.04653,1.04674,1.50,4.65
2013.04.17 16:24:42.281,1.04653,1.04671,2.25,1.50
2013.04.17 16:24:42.682,1.04653,1.04673,2.25,1.65
2013.04.17 16:24:42.767,1.04661,1.04677,1.50,1.13
2013.04.17 16:24:42.847,1.04666,1.04683,2.25,1.13
2013.04.17 16:24:42.975,1.04668,1.04684,1.50,1.50
2013.04.17 16:24:43.101,1.04667,1.04687,1.50,2.44
2013.04.17 16:24:43.163,1.04666,1.04687,1.50,2.44
2013.04.17 16:24:43.487,1.04667,1.04687,2.25,1.50
2013.04.17 16:24:43.824,1.04671,1.04693,1.50,1.50
2013.04.17 16:24:44.411,1.04675,1.04693,1.50,1.50
2013.04.17 16:24:44.651,1.0468,1.04702,1.50,2.85
2013.04.17 16:24:44.711,1.04682,1.04702,1.50,1.35
2013.04.17 16:24:45.343,1.04682,1.04702,1.50,1.35
2013.04.17 16:24:45.651,1.04685,1.04703,1.50,1.35
2013.04.17 16:24:45.842,1.04685,1.04707,1.50,1.84
2013.04.17 16:24:46.031,1.04687,1.04708,1.50,2.44
2013.04.17 16:24:46.332,1.04689,1.04712,1.50,1.69
2013.04.17 16:24:46.961,1.0469,1.04713,2.10,2.25
2013.04.17 16:24:47.020,1.04691,1.04713,1.35,2.25
2013.04.17 16:24:47.140,1.04693,1.04715,1.50,1.58
2013.04.17 16:24:47.458,1.04687,1.04709,2.25,1.50
2013.04.17 16:24:47.823,1.04689,1.04712,3.15,2.25
2013.04.17 16:24:47.894,1.04691,1.04712,1.50,1.50
2013.04.17 16:24:47.964,1.04688,1.04712,1.58,1.50
2013.04.17 16:24:48.032,1.04688,1.04712,1.50,1.69
2013.04.17 16:24:48.451,1.04688,1.04709,1.50,1.50
2013.04.17 16:24:48.531,1.04681,1.04697,1.50,1.35
2013.04.17 16:24:48.610,1.04676,1.04697,1.50,1.43
2013.04.17 16:24:48.922,1.0467,1.04686,3.08,2.01
2013.04.17 16:24:49.282,1.04649,1.04666,1.50,2.25
2013.04.17 16:24:49.412,1.04646,1.04661,1.50,2.25
2013.04.17 16:24:49.482,1.04642,1.04659,2.93,1.50
2013.04.17 16:24:49.553,1.04642,1.04651,2.18,2.25
2013.04.17 16:24:49.802,1.04625,1.04643,1.50,1.50
2013.04.17 16:24:49.935,1.0462,1.04644,1.50,1.50
2013.04.17 16:24:50.002,1.04613,1.04643,3.15,1.50
2013.04.17 16:24:50.252,1.04615,1.04644,3.90,1.50
2013.04.17 16:24:50.383,1.04619,1.04647,1.50,1.69
2013.04.17 16:24:50.875,1.0463,1.04655,2.25,3.19
2013.04.17 16:24:51.010,1.0463,1.04655,3.75,1.69
2013.04.17 16:24:51.074,1.04636,1.0466,2.25,1.50
2013.04.17 16:24:51.381,1.04641,1.04667,4.50,2.44
2013.04.17 16:24:51.512,1.04643,1.04668,2.25,1.69
2013.04.17 16:24:51.581,1.04644,1.04668,1.50,1.69
2013.04.17 16:24:51.761,1.04649,1.04676,1.65,1.50
2013.04.17 16:24:51.954,1.04653,1.04678,3.15,1.50
2013.04.17 16:24:52.259,1.04657,1.04679,1.50,1.50
2013.04.17 16:24:52.841,1.04656,1.04684,3.75,1.50
2013.04.17 16:24:53.370,1.04656,1.04684,4.50,1.50
2013.04.17 16:24:53.741,1.04656,1.04679,2.25,2.25
2013.04.17 16:24:53.861,1.04652,1.04677,1.50,1.50
2013.04.17 16:24:53.920,1.04651,1.0468,1.50,3.15
2013.04.17 16:24:54.159,1.04652,1.0468,1.50,1.50
2013.04.17 16:24:54.702,1.04652,1.04678,1.50,1.50
2013.04.17 16:24:55.231,1.04652,1.04678,2.25,1.50
2013.04.17 16:24:56.560,1.04653,1.04681,1.50,2.33
2013.04.17 16:24:56.862,1.04658,1.04679,1.50,1.50
2013.04.17 16:24:56.982,1.04659,1.04682,1.50,2.85
2013.04.17 16:24:57.345,1.04656,1.04679,1.50,1.35
2013.04.17 16:24:57.651,1.04654,1.04676,2.18,1.43
2013.04.17 16:24:57.830,1.04652,1.04674,1.50,1.50
2013.04.17 16:24:58.342,1.04652,1.04676,2.25,1.50
2013.04.17 16:24:58.460,1.04652,1.04676,2.25,1.50
2013.04.17 16:24:58.961,1.04657,1.04678,1.50,3.00
2013.04.17 16:24:59.141,1.04661,1.0468,1.50,1.50
2013.04.17 16:24:59.320,1.04665,1.04681,1.50,1.50
2013.04.17 16:24:59.380,1.04665,1.04682,2.85,1.50
2013.04.17 16:24:59.501,1.04665,1.0469,2.85,2.93
2013.04.17 16:24:59.919,1.04667,1.0469,1.50,1.50
2013.04.17 16:25:00.074,1.04667,1.04688,1.50,4.43
2013.04.17 16:25:00.591,1.04664,1.04686,2.10,1.50
2013.04.17 16:25:01.341,1.04666,1.04688,1.50,1.50
2013.04.17 16:25:01.670,1.04666,1.04688,1.50,2.25
2013.04.17 16:25:01.971,1.04659,1.04679,1.50,2.25
2013.04.17 16:25:02.271,1.04656,1.04677,2.10,3.00
2013.04.17 16:25:02.810,1.04658,1.04676,1.58,1.50
2013.04.17 16:25:02.931,1.04656,1.04677,1.35,1.50
2013.04.17 16:25:05.620,1.04656,1.04677,1.43,1.50
2013.04.17 16:25:05.741,1.04661,1.0468,1.35,1.50
2013.04.17 16:25:05.861,1.04663,1.04681,1.43,1.50
2013.04.17 16:25:06.163,1.04661,1.04681,1.50,3.00
2013.04.17 16:25:06.231,1.04658,1.04679,1.50,1.50
2013.04.17 16:25:06.910,1.04658,1.04679,1.50,2.25
2013.04.17 16:25:07.330,1.04656,1.04679,1.50,2.25
2013.04.17 16:25:08.712,1.04656,1.04677,1.50,1.13
2013.04.17 16:25:08.782,1.04655,1.04676,1.50,1.13
2013.04.17 16:25:08.912,1.04653,1.04673,2.25,4.50
2013.04.17 16:25:09.508,1.04649,1.04666,1.50,1.88
2013.04.17 16:25:10.030,1.04648,1.04667,1.35,1.13
2013.04.17 16:25:10.390,1.04645,1.04663,2.10,1.13
2013.04.17 16:25:10.512,1.04641,1.04662,1.50,2.63
2013.04.17 16:25:10.641,1.04638,1.04662,1.50,4.13
2013.04.17 16:25:10.701,1.04638,1.04658,1.50,1.13
2013.04.17 16:25:11.571,1.04641,1.04659,1.50,1.13
2013.04.17 16:25:11.810,1.04642,1.04661,1.35,1.13
2013.04.17 16:25:12.110,1.04646,1.04666,1.50,1.88
2013.04.17 16:25:12.410,1.04652,1.04674,3.75,1.13
2013.04.17 16:25:13.410,1.04652,1.04673,1.50,1.13
2013.04.17 16:25:13.653,1.04651,1.04672,1.50,2.63
2013.04.17 16:25:13.782,1.04645,1.04667,2.33,1.50
2013.04.17 16:25:13.841,1.04645,1.04664,2.25,1.50
2013.04.17 16:25:14.201,1.04644,1.04661,1.50,2.18
2013.04.17 16:25:14.260,1.04643,1.04665,1.50,1.50
2013.04.17 16:25:14.441,1.04642,1.04662,1.50,1.13
2013.04.17 16:25:14.801,1.04636,1.04657,1.35,1.65
2013.04.17 16:25:14.981,1.04631,1.04651,1.35,1.13
2013.04.17 16:25:15.102,1.04635,1.04651,1.50,1.50
2013.04.17 16:25:15.221,1.04632,1.04651,1.35,1.50
2013.04.17 16:25:15.340,1.04632,1.04652,2.10,1.88
2013.04.17 16:25:15.870,1.04632,1.04652,1.35,2.63
2013.04.17 16:25:15.991,1.04627,1.0465,1.65,2.10
2013.04.17 16:25:16.050,1.04625,1.04648,1.50,2.63
2013.04.17 16:25:16.170,1.04622,1.04645,3.75,1.50
2013.04.17 16:25:16.290,1.04622,1.04646,5.33,1.13
2013.04.17 16:25:16.350,1.04626,1.04647,1.35,1.13
2013.04.17 16:25:16.654,1.04636,1.04649,1.50,2.25
2013.04.17 16:25:16.781,1.04634,1.04655,3.00,2.25
2013.04.17 16:25:16.841,1.04634,1.04655,3.00,1.50
2013.04.17 16:25:16.902,1.04634,1.04655,1.50,2.25
2013.04.17 16:25:16.971,1.0463,1.04652,1.50,1.58
2013.04.17 16:25:17.030,1.04627,1.04649,1.88,1.13
2013.04.17 16:25:17.210,1.04627,1.04648,1.13,1.50
2013.04.17 16:25:17.592,1.04626,1.04648,1.50,2.25
2013.04.17 16:25:17.712,1.04629,1.04648,3.98,1.50
2013.04.17 16:25:17.964,1.04634,1.04655,1.50,1.13
2013.04.17 16:25:18.040,1.04632,1.04653,1.35,1.13
2013.04.17 16:25:18.177,1.04631,1.04649,1.50,1.50
2013.04.17 16:25:18.482,1.04623,1.04644,1.35,1.50
2013.04.17 16:25:18.542,1.04621,1.04644,2.40,1.50
2013.04.17 16:25:18.947,1.04621,1.04642,2.40,1.50
2013.04.17 16:25:19.032,1.04616,1.04637,1.35,1.50
2013.04.17 16:25:19.100,1.04615,1.04636,1.65,1.50
2013.04.17 16:25:19.280,1.04615,1.04635,1.65,1.13
2013.04.17 16:25:19.521,1.04612,1.04634,1.43,2.25
2013.04.17 16:25:19.583,1.04612,1.04627,1.35,1.50
2013.04.17 16:25:19.831,1.0461,1.04631,2.85,1.50
2013.04.17 16:25:19.952,1.0461,1.04629,2.18,2.25
2013.04.17 16:25:20.012,1.0461,1.0463,2.18,1.50
2013.04.17 16:25:20.560,1.0461,1.04631,1.35,1.50
2013.04.17 16:25:20.620,1.04615,1.04633,1.50,2.63
2013.04.17 16:25:20.740,1.04613,1.04633,2.29,1.13
2013.04.17 16:25:20.801,1.04615,1.04637,2.40,3.30
2013.04.17 16:25:20.924,1.04617,1.04637,1.35,1.13
2013.04.17 16:25:21.229,1.04615,1.04634,1.35,2.18
2013.04.17 16:25:21.290,1.04613,1.04633,1.35,1.88
2013.04.17 16:25:21.590,1.04611,1.0463,1.50,1.50
2013.04.17 16:25:21.830,1.04611,1.04631,2.48,1.50
2013.04.17 16:25:21.890,1.04611,1.04631,3.23,1.50
2013.04.17 16:25:22.130,1.04612,1.04632,1.50,1.50
2013.04.17 16:25:22.793,1.04611,1.04629,1.50,1.50
2013.04.17 16:25:23.326,1.04611,1.04628,1.35,2.25
2013.04.17 16:25:23.463,1.04605,1.04621,1.35,1.50
2013.04.17 16:25:23.710,1.04602,1.0462,2.85,2.18
2013.04.17 16:25:23.952,1.04602,1.04619,2.85,1.50
2013.04.17 16:25:24.070,1.04602,1.04619,2.85,2.25
2013.04.17 16:25:24.591,1.046,1.04622,1.43,1.50
2013.04.17 16:25:24.950,1.046,1.04619,1.43,2.25
2013.04.17 16:25:25.161,1.04598,1.04618,1.50,1.50
2013.04.17 16:25:25.221,1.04595,1.04618,1.50,1.88
2013.04.17 16:25:25.280,1.04594,1.04616,1.35,2.25
2013.04.17 16:25:25.401,1.04593,1.04611,1.35,1.13
2013.04.17 16:25:25.580,1.04584,1.04606,1.50,1.65
2013.04.17 16:25:25.825,1.04582,1.04599,2.18,1.50
2013.04.17 16:25:26.071,1.04572,1.04598,1.65,3.00
2013.04.17 16:25:26.130,1.04574,1.04598,1.50,3.00
2013.04.17 16:25:26.731,1.04577,1.04598,1.50,1.50
2013.04.17 16:25:26.911,1.04579,1.04603,1.50,3.00
2013.04.17 16:25:27.091,1.04584,1.04605,1.50,1.50
2013.04.17 16:25:27.271,1.04583,1.04607,1.50,3.00
2013.04.17 16:25:28.026,1.04586,1.04606,1.65,1.50
2013.04.17 16:25:28.101,1.04591,1.04613,1.65,1.50
2013.04.17 16:25:28.302,1.04593,1.04613,3.08,1.50
2013.04.17 16:25:28.361,1.04595,1.04614,1.58,1.50
2013.04.17 16:25:28.420,1.04595,1.04614,1.58,1.50
2013.04.17 16:25:28.481,1.04594,1.04613,1.58,1.50
2013.04.17 16:25:28.541,1.04592,1.04613,3.08,1.50
2013.04.17 16:25:28.791,1.04587,1.04609,2.25,1.50
2013.04.17 16:25:29.150,1.04585,1.04603,1.50,1.50
2013.04.17 16:25:29.211,1.04581,1.04603,1.50,2.25
2013.04.17 16:25:29.334,1.04579,1.046,1.35,1.50
2013.04.17 16:25:29.643,1.04584,1.04604,2.85,1.50
2013.04.17 16:25:29.712,1.04585,1.04605,1.50,2.25
2013.04.17 16:25:29.771,1.04589,1.04607,3.60,2.25
2013.04.17 16:25:29.954,1.04592,1.04614,2.18,1.50
2013.04.17 16:25:30.166,1.04592,1.04613,2.10,1.50
2013.04.17 16:25:30.473,1.04589,1.04609,3.00,1.50
2013.04.17 16:25:31.030,1.0459,1.04611,2.10,2.25
2013.04.17 16:25:31.092,1.0459,1.04609,1.50,1.50
2013.04.17 16:25:31.165,1.0459,1.04609,1.35,2.25
2013.04.17 16:25:31.472,1.04597,1.04617,1.35,1.50
2013.04.17 16:25:31.542,1.04599,1.04617,1.50,1.50
2013.04.17 16:25:31.731,1.04602,1.04621,2.93,2.25
2013.04.17 16:25:31.791,1.04605,1.04621,3.00,1.50
2013.04.17 16:25:31.910,1.04606,1.04626,2.10,1.13
2013.04.17 16:25:31.971,1.04606,1.04628,2.10,1.50
2013.04.17 16:25:32.090,1.04606,1.04626,1.35,1.50
2013.04.17 16:25:32.450,1.04602,1.04621,1.35,1.50
2013.04.17 16:25:32.881,1.04602,1.04624,2.85,2.25
2013.04.17 16:25:33.373,1.04603,1.04624,2.93,1.50
2013.04.17 16:25:33.931,1.04603,1.04625,2.18,1.50
2013.04.17 16:25:34.111,1.04601,1.04623,4.35,1.50
2013.04.17 16:25:34.230,1.04601,1.04622,3.00,1.50
2013.04.17 16:25:34.592,1.04602,1.04622,1.50,1.50
2013.04.17 16:25:34.772,1.04605,1.04625,1.58,1.50
2013.04.17 16:25:35.082,1.0461,1.04632,1.50,1.50
2013.04.17 16:25:35.201,1.04612,1.04634,2.25,2.25
2013.04.17 16:25:35.320,1.0461,1.04633,1.50,2.25
2013.04.17 16:25:35.680,1.0461,1.0463,1.50,1.50
2013.04.17 16:25:36.040,1.04609,1.04629,1.35,1.50
2013.04.17 16:25:36.721,1.04606,1.04628,2.85,2.25
2013.04.17 16:25:36.801,1.04604,1.04626,1.35,2.25
2013.04.17 16:25:36.921,1.04602,1.04621,2.10,1.50
2013.04.17 16:25:36.981,1.04601,1.04621,2.25,1.50
2013.04.17 16:25:37.101,1.04598,1.04619,1.35,1.50
2013.04.17 16:25:37.342,1.04596,1.04619,1.58,2.25
2013.04.17 16:25:37.416,1.04595,1.04617,1.50,1.50
2013.04.17 16:25:37.722,1.04601,1.04621,1.58,1.50
2013.04.17 16:25:39.011,1.04601,1.04618,1.58,2.25
2013.04.17 16:25:39.070,1.04597,1.04618,1.50,2.25
2013.04.17 16:25:39.130,1.04595,1.04617,2.25,1.50
2013.04.17 16:25:40.329,1.04597,1.04618,1.50,1.13
2013.04.17 16:25:40.630,1.04597,1.04618,3.68,1.13
2013.04.17 16:25:40.690,1.04601,1.04619,1.50,1.13
2013.04.17 16:25:40.751,1.04601,1.04622,2.25,1.13
2013.04.17 16:25:40.940,1.04601,1.04622,2.25,1.13
2013.04.17 16:25:41.542,1.046,1.04621,1.50,2.10
2013.04.17 16:25:41.661,1.04596,1.04619,1.50,1.50
2013.04.17 16:25:41.960,1.04594,1.04617,2.85,1.13
2013.04.17 16:25:42.081,1.04597,1.04617,1.35,1.13
2013.04.17 16:25:42.620,1.046,1.04619,1.50,1.13
2013.04.17 16:25:42.680,1.046,1.04623,1.50,3.00
2013.04.17 16:25:43.372,1.04603,1.04623,1.35,1.50
2013.04.17 16:25:43.682,1.04612,1.04627,1.50,2.18
2013.04.17 16:25:43.920,1.04615,1.04636,1.50,1.35
2013.04.17 16:25:45.833,1.04616,1.04634,1.50,1.50
2013.04.17 16:25:45.901,1.04617,1.04637,1.50,2.25
2013.04.17 16:25:46.143,1.04618,1.04637,1.50,1.50
2013.04.17 16:25:46.274,1.04623,1.04639,1.50,1.50
2013.04.17 16:25:46.461,1.04627,1.04643,1.50,1.50
2013.04.17 16:25:46.590,1.04628,1.04645,1.50,1.50
2013.04.17 16:25:46.654,1.04631,1.04649,1.50,2.25
2013.04.17 16:25:46.784,1.04632,1.04652,1.50,2.25
2013.04.17 16:25:47.340,1.04632,1.04652,1.50,1.50
2013.04.17 16:25:47.465,1.04632,1.04652,1.50,1.50
2013.04.17 16:25:48.062,1.04633,1.04655,1.50,1.50
2013.04.17 16:25:49.100,1.04633,1.04655,1.50,2.25
2013.04.17 16:25:49.712,1.04633,1.04654,1.50,2.25
2013.04.17 16:25:50.142,1.04632,1.04652,1.50,1.50
2013.04.17 16:25:50.501,1.04631,1.04649,1.50,1.50
2013.04.17 16:25:50.620,1.04631,1.04649,1.50,1.50
2013.04.17 16:25:52.954,1.04631,1.04651,1.50,1.50
2013.04.17 16:25:53.019,1.04631,1.04652,1.50,1.50
2013.04.17 16:25:53.270,1.04631,1.04652,2.25,1.50
2013.04.17 16:25:53.451,1.04634,1.04654,1.50,1.50
2013.04.17 16:25:54.050,1.04635,1.04657,1.50,1.50
2013.04.17 16:25:54.111,1.04635,1.04658,2.25,3.60
2013.04.17 16:25:54.290,1.04637,1.04659,2.25,3.00
2013.04.17 16:25:54.832,1.04637,1.04659,2.25,2.25
2013.04.17 16:25:55.171,1.04636,1.04659,1.50,2.25
2013.04.17 16:25:55.530,1.04637,1.04659,2.25,2.25
2013.04.17 16:25:55.740,1.04636,1.04658,1.50,2.25
2013.04.17 16:25:56.490,1.04642,1.04658,2.10,2.25
2013.04.17 16:25:56.942,1.04647,1.04668,3.08,1.50
2013.04.17 16:25:57.130,1.04648,1.04671,1.58,1.65
2013.04.17 16:25:57.662,1.04647,1.04671,3.08,2.40
2013.04.17 16:25:58.000,1.04647,1.0467,3.08,1.50
2013.04.17 16:25:58.682,1.04647,1.04671,2.33,1.65
2013.04.17 16:25:58.871,1.04647,1.0467,2.25,1.50
2013.04.17 16:26:00.490,1.04646,1.04667,1.43,1.50
2013.04.17 16:26:00.671,1.04646,1.04669,2.93,1.50
2013.04.17 16:26:01.282,1.04648,1.04669,1.35,1.50
2013.04.17 16:26:01.342,1.04648,1.04669,2.85,1.50
2013.04.17 16:26:01.894,1.04648,1.04669,2.18,1.50
2013.04.17 16:26:02.203,1.04647,1.04667,1.50,1.50
2013.04.17 16:26:02.393,1.04646,1.04662,1.50,1.50
2013.04.17 16:26:02.533,1.04642,1.04661,1.35,1.50
2013.04.17 16:26:02.842,1.04639,1.04657,1.58,1.50
2013.04.17 16:26:02.900,1.04638,1.04656,1.35,1.50
2013.04.17 16:26:02.961,1.04634,1.04653,2.25,1.50
2013.04.17 16:26:03.202,1.04627,1.04648,1.58,2.25
2013.04.17 16:26:03.274,1.04624,1.04646,4.35,1.50
2013.04.17 16:26:03.521,1.04624,1.04646,3.00,1.50
2013.04.17 16:26:03.702,1.04621,1.04644,1.43,1.50
2013.04.17 16:26:05.252,1.04623,1.04646,1.50,3.68
2013.04.17 16:26:05.875,1.04625,1.04646,2.10,2.93
2013.04.17 16:26:05.954,1.04624,1.04645,1.35,2.25
2013.04.17 16:26:06.021,1.04621,1.04644,2.85,1.50
2013.04.17 16:26:06.262,1.04617,1.04636,2.25,1.50
2013.04.17 16:26:06.321,1.04611,1.04635,2.10,2.25
2013.04.17 16:26:06.502,1.0461,1.04633,1.50,2.93
2013.04.17 16:26:06.621,1.04608,1.0463,1.50,2.25
2013.04.17 16:26:06.681,1.04606,1.0463,2.10,3.00
2013.04.17 16:26:06.861,1.04606,1.0463,2.85,1.50
2013.04.17 16:26:07.220,1.04612,1.04635,1.50,1.50
2013.04.17 16:26:07.280,1.04612,1.04635,1.50,1.50
2013.04.17 16:26:07.342,1.04614,1.04636,1.50,2.10
2013.04.17 16:26:07.461,1.04614,1.04636,1.50,2.10
2013.04.17 16:26:08.105,1.04614,1.04636,2.25,2.10
2013.04.17 16:26:08.914,1.04614,1.04635,2.25,1.50
2013.04.17 16:26:09.042,1.0461,1.04633,1.50,1.50
2013.04.17 16:26:09.171,1.04608,1.04631,1.50,1.50
2013.04.17 16:26:09.410,1.04606,1.04627,1.50,1.50
2013.04.17 16:26:09.591,1.04605,1.04626,1.35,1.50
2013.04.17 16:26:09.714,1.04606,1.04628,1.50,1.50
2013.04.17 16:26:09.853,1.04607,1.04627,1.50,1.50
2013.04.17 16:26:09.982,1.04602,1.04624,2.25,1.50
2013.04.17 16:26:10.041,1.04602,1.04624,1.50,1.50
2013.04.17 16:26:10.421,1.04602,1.04624,2.10,1.50
2013.04.17 16:26:10.781,1.04607,1.04625,1.50,2.78
2013.04.17 16:26:10.841,1.04607,1.04627,1.50,1.35
2013.04.17 16:26:10.901,1.04604,1.04625,1.50,1.35
2013.04.17 16:26:11.083,1.04602,1.0462,1.50,1.50
2013.04.17 16:26:11.270,1.04602,1.04619,1.50,2.25
2013.04.17 16:26:11.642,1.04596,1.0462,2.25,1.50
2013.04.17 16:26:12.901,1.04602,1.04618,1.35,1.50
2013.04.17 16:26:13.141,1.04604,1.04624,2.25,1.13
2013.04.17 16:26:13.320,1.04602,1.04624,1.50,2.63
2013.04.17 16:26:13.680,1.04602,1.04622,1.50,3.00
2013.04.17 16:26:14.187,1.046,1.04619,2.10,2.25
2013.04.17 16:26:14.262,1.046,1.04619,2.10,3.00
2013.04.17 16:26:14.333,1.04596,1.04616,1.50,1.50
2013.04.17 16:26:14.581,1.04597,1.04617,1.50,1.50
2013.04.17 16:26:14.954,1.04594,1.04616,3.00,1.50
2013.04.17 16:26:15.021,1.04594,1.04613,1.50,2.25
2013.04.17 16:26:15.082,1.04592,1.0461,1.50,1.50
2013.04.17 16:26:15.391,1.04587,1.04609,1.50,1.50
2013.04.17 16:26:15.571,1.04586,1.04608,1.50,1.50
2013.04.17 16:26:15.950,1.04588,1.04611,1.50,1.50
2013.04.17 16:26:16.011,1.04588,1.04611,1.50,1.50
2013.04.17 16:26:16.620,1.04591,1.04611,1.50,1.50
2013.04.17 16:26:17.160,1.04589,1.0461,1.13,1.50
2013.04.17 16:26:17.220,1.04589,1.04609,1.13,1.50
2013.04.17 16:26:17.521,1.04589,1.04607,1.13,1.50
2013.04.17 16:26:18.062,1.04589,1.04609,1.88,1.50
2013.04.17 16:26:18.301,1.04596,1.04613,1.13,1.50
2013.04.17 16:26:18.482,1.04601,1.04619,1.13,1.50
2013.04.17 16:26:18.920,1.04602,1.04623,1.13,2.25
2013.04.17 16:26:19.341,1.04602,1.04621,2.82,1.35
2013.04.17 16:26:19.591,1.04611,1.04628,1.13,1.50
2013.04.17 16:26:19.837,1.04605,1.04618,2.18,5.06
2013.04.17 16:26:19.912,1.04607,1.04613,1.50,2.21
2013.04.17 16:26:19.984,1.04603,1.04609,1.43,2.33
2013.04.17 16:26:20.113,1.04595,1.04602,1.50,1.50
2013.04.17 16:26:20.184,1.04595,1.04603,1.50,1.50
2013.04.17 16:26:20.250,1.04581,1.04592,1.50,1.88
2013.04.17 16:26:20.372,1.04571,1.04589,1.50,1.50
2013.04.17 16:26:20.441,1.04579,1.04589,1.43,1.50
2013.04.17 16:26:20.502,1.04571,1.04589,2.25,1.50
2013.04.17 16:26:20.572,1.04576,1.0459,2.25,1.50
2013.04.17 16:26:20.902,1.04583,1.04592,1.50,1.50
2013.04.17 16:26:21.091,1.04591,1.04606,2.25,1.50
2013.04.17 16:26:21.282,1.04596,1.04611,1.50,1.50
2013.04.17 16:26:21.402,1.04601,1.04615,2.25,2.25
2013.04.17 16:26:21.534,1.04601,1.04622,2.25,2.25
2013.04.17 16:26:21.662,1.04605,1.04626,1.50,1.50
2013.04.17 16:26:22.285,1.04575,1.0459,2.85,1.50
2013.04.17 16:26:22.372,1.04566,1.0459,3.51,1.50
2013.04.17 16:26:22.507,1.0456,1.04589,2.18,1.50
2013.04.17 16:26:22.575,1.04557,1.04589,2.25,1.50
2013.04.17 16:26:22.642,1.04555,1.0459,1.50,3.00
2013.04.17 16:26:22.712,1.04556,1.0459,1.50,2.25
2013.04.17 16:26:23.073,1.04542,1.04578,1.50,1.32
2013.04.17 16:26:23.202,1.04538,1.04578,1.13,1.32
2013.04.17 16:26:23.392,1.04538,1.0457,1.13,1.50
2013.04.17 16:26:23.513,1.04538,1.04568,1.13,1.50
2013.04.17 16:26:23.641,1.04538,1.04568,1.13,1.88
2013.04.17 16:26:23.962,1.04534,1.04557,1.50,1.50
2013.04.17 16:26:24.091,1.04532,1.04555,1.50,1.88
2013.04.17 16:26:24.159,1.04521,1.04546,1.50,1.50
2013.04.17 16:26:24.290,1.04521,1.04549,1.50,2.25
2013.04.17 16:26:24.412,1.04521,1.04547,1.50,1.50
2013.04.17 16:26:24.770,1.04512,1.04545,1.65,1.50
2013.04.17 16:26:25.131,1.04515,1.04545,1.50,2.40
2013.04.17 16:26:25.612,1.04513,1.04544,3.75,1.50
2013.04.17 16:26:25.793,1.04519,1.04548,1.65,2.25
2013.04.17 16:26:26.042,1.04532,1.04555,1.50,1.50
2013.04.17 16:26:26.223,1.04532,1.04554,1.50,1.50
2013.04.17 16:26:26.531,1.04535,1.04557,1.50,1.50
2013.04.17 16:26:26.891,1.04537,1.04559,1.50,1.50
2013.04.17 16:26:27.071,1.04539,1.04561,1.50,1.50
2013.04.17 16:26:27.192,1.04541,1.04563,1.50,2.25
2013.04.17 16:26:27.611,1.04542,1.04565,1.50,2.25
2013.04.17 16:26:27.791,1.04545,1.04566,1.50,1.50
2013.04.17 16:26:27.851,1.04547,1.04569,1.50,2.40
2013.04.17 16:26:27.911,1.04548,1.04569,2.25,2.40
2013.04.17 16:26:27.972,1.04551,1.04569,1.50,1.50
2013.04.17 16:26:28.031,1.04552,1.04574,2.25,1.35
2013.04.17 16:26:28.456,1.04552,1.04573,2.25,1.50
2013.04.17 16:26:28.761,1.04552,1.04571,1.50,1.50
2013.04.17 16:26:29.323,1.04552,1.0457,1.50,1.58
2013.04.17 16:26:29.692,1.04551,1.04572,2.25,2.25
2013.04.17 16:26:29.881,1.04554,1.04575,3.00,1.50
2013.04.17 16:26:29.944,1.04556,1.04576,1.50,1.35
2013.04.17 16:26:30.332,1.04557,1.04579,1.50,2.33
2013.04.17 16:26:30.391,1.04557,1.04579,2.25,2.25
2013.04.17 16:26:30.450,1.04558,1.04579,1.50,2.10
2013.04.17 16:26:30.642,1.04562,1.0458,1.50,1.35
2013.04.17 16:26:31.133,1.04564,1.0458,2.14,1.35
2013.04.17 16:26:31.265,1.04576,1.04593,1.50,1.20
2013.04.17 16:26:31.333,1.04576,1.04599,1.50,2.33
2013.04.17 16:26:31.402,1.04576,1.04599,1.65,1.13
2013.04.17 16:26:31.461,1.04578,1.04599,1.65,1.13
2013.04.17 16:26:31.522,1.04585,1.04601,1.50,1.20
2013.04.17 16:26:31.580,1.04586,1.04603,1.50,1.20
2013.04.17 16:26:31.701,1.04588,1.04611,1.50,1.13
2013.04.17 16:26:31.882,1.04586,1.04611,1.50,1.13
2013.04.17 16:26:32.182,1.04586,1.04605,1.50,1.50
2013.04.17 16:26:32.491,1.04536,1.04574,1.50,1.88
2013.04.17 16:26:32.788,1.04532,1.04574,1.50,1.50
2013.04.17 16:26:32.870,1.04532,1.04575,2.25,1.50
2013.04.17 16:26:33.074,1.04537,1.04577,1.50,1.80
2013.04.17 16:26:33.387,1.04536,1.04577,1.65,1.50
2013.04.17 16:26:33.694,1.04545,1.04575,1.50,1.65
2013.04.17 16:26:34.011,1.04545,1.04575,1.50,1.65
2013.04.17 16:26:34.251,1.04545,1.04575,1.65,1.65
2013.04.17 16:26:34.671,1.0455,1.04579,1.50,1.13
2013.04.17 16:26:35.030,1.04555,1.0458,1.13,1.65
2013.04.17 16:26:35.241,1.04561,1.04583,1.13,1.50
2013.04.17 16:26:35.480,1.04561,1.04583,1.13,1.50
2013.04.17 16:26:35.660,1.04562,1.04589,1.13,1.28
2013.04.17 16:26:35.963,1.04551,1.04577,3.00,1.88
2013.04.17 16:26:36.200,1.04547,1.04574,1.50,2.03
2013.04.17 16:26:36.269,1.04546,1.04574,1.65,3.00
2013.04.17 16:26:36.331,1.04546,1.04574,1.65,2.25
2013.04.17 16:26:36.702,1.04548,1.04573,1.50,1.50
2013.04.17 16:26:36.822,1.04549,1.04573,1.50,2.25
2013.04.17 16:26:37.002,1.04546,1.0457,1.50,1.50
2013.04.17 16:26:37.462,1.04546,1.04567,1.50,1.50
2013.04.17 16:26:37.644,1.04561,1.04577,1.35,1.88
2013.04.17 16:26:37.772,1.04562,1.04577,3.08,1.50
2013.04.17 16:26:37.911,1.04566,1.04589,2.33,1.50
2013.04.17 16:26:38.100,1.04572,1.04591,1.50,2.48
2013.04.17 16:26:38.234,1.04567,1.04588,1.50,2.33
2013.04.17 16:26:38.302,1.04564,1.04586,1.50,2.25
2013.04.17 16:26:38.484,1.04566,1.04587,2.25,1.50
2013.04.17 16:26:38.791,1.04571,1.04591,2.85,2.18
2013.04.17 16:26:38.911,1.04576,1.04594,1.50,1.50
2013.04.17 16:26:39.151,1.04576,1.04599,1.50,2.40
2013.04.17 16:26:39.452,1.04576,1.04596,1.50,1.50
2013.04.17 16:26:39.762,1.04573,1.04595,1.50,2.25
2013.04.17 16:26:39.833,1.04574,1.04595,1.50,1.50
2013.04.17 16:26:39.901,1.04575,1.04599,2.25,1.88
2013.04.17 16:26:40.261,1.04573,1.04592,1.50,1.50
2013.04.17 16:26:40.321,1.04571,1.04592,2.18,1.50
2013.04.17 16:26:40.382,1.04571,1.04592,1.50,1.50
2013.04.17 16:26:40.740,1.04571,1.04592,2.10,1.50
2013.04.17 16:26:40.919,1.04575,1.04596,1.50,1.50
2013.04.17 16:26:41.470,1.04575,1.04596,1.50,2.25
2013.04.17 16:26:41.530,1.04573,1.04594,1.50,1.50
2013.04.17 16:26:41.590,1.04575,1.04596,1.50,3.75
2013.04.17 16:26:41.771,1.04571,1.04592,2.10,1.50
2013.04.17 16:26:42.130,1.04567,1.04589,2.25,1.50
2013.04.17 16:26:42.732,1.04569,1.0459,1.35,1.50
2013.04.17 16:26:42.910,1.04567,1.04589,3.60,1.50
2013.04.17 16:26:43.030,1.04567,1.04588,3.00,1.50
2013.04.17 16:26:43.511,1.04564,1.04585,1.50,1.50
2013.04.17 16:26:43.812,1.0457,1.04587,1.35,1.50
2013.04.17 16:26:44.171,1.04566,1.04585,1.35,1.50
2013.04.17 16:26:44.232,1.04566,1.04588,1.35,1.50
2013.04.17 16:26:44.473,1.04565,1.04585,1.50,1.50
2013.04.17 16:26:44.602,1.04563,1.04584,1.50,2.25
2013.04.17 16:26:44.961,1.04561,1.04581,1.35,2.25
2013.04.17 16:26:45.202,1.04565,1.04584,2.18,1.50
2013.04.17 16:26:45.579,1.0457,1.04587,1.35,2.18
2013.04.17 16:26:46.551,1.04573,1.0459,1.50,1.65
2013.04.17 16:26:46.649,1.04561,1.04582,1.50,1.50
2013.04.17 16:26:47.272,1.04562,1.04584,1.50,1.50
2013.04.17 16:26:47.571,1.04564,1.04585,2.93,2.25
2013.04.17 16:26:47.717,1.04562,1.04583,1.50,2.25
2013.04.17 16:26:48.030,1.04561,1.0458,1.35,1.50
2013.04.17 16:26:48.332,1.04562,1.04582,2.33,1.50
2013.04.17 16:26:48.391,1.04562,1.04584,2.33,2.25
2013.04.17 16:26:48.822,1.04562,1.04581,1.58,2.25
2013.04.17 16:26:48.891,1.04558,1.04579,2.48,2.10
2013.04.17 16:26:48.952,1.04558,1.04577,1.50,2.10
2013.04.17 16:26:49.024,1.04556,1.04575,2.25,1.50
2013.04.17 16:26:49.215,1.04551,1.04574,1.50,1.50
2013.04.17 16:26:49.523,1.04555,1.04575,1.35,1.50
2013.04.17 16:26:50.361,1.04555,1.04575,1.35,1.50
2013.04.17 16:26:50.540,1.04551,1.04575,2.93,3.68
2013.04.17 16:26:50.660,1.04552,1.04573,1.50,1.50
2013.04.17 16:26:50.781,1.04552,1.04573,1.50,1.50
2013.04.17 16:26:50.902,1.04552,1.04574,2.25,1.50
2013.04.17 16:26:50.960,1.04552,1.04574,3.23,1.50
2013.04.17 16:26:51.261,1.04561,1.04576,1.35,1.50
2013.04.17 16:26:51.321,1.04561,1.04576,1.50,1.50
2013.04.17 16:26:51.561,1.04566,1.04581,1.35,1.50
2013.04.17 16:26:51.861,1.04566,1.04581,1.35,1.50
2013.04.17 16:26:51.980,1.04561,1.04584,5.85,1.50
2013.04.17 16:26:52.104,1.04561,1.04584,2.85,1.50
2013.04.17 16:26:52.234,1.04561,1.04581,2.85,1.50
2013.04.17 16:26:53.242,1.04561,1.04581,2.10,1.50
2013.04.17 16:26:53.304,1.04561,1.04582,2.10,1.50
2013.04.17 16:26:53.497,1.04561,1.04582,2.10,1.50
2013.04.17 16:26:53.568,1.04561,1.04578,1.35,1.50
2013.04.17 16:26:53.634,1.04557,1.04573,1.50,1.50
2013.04.17 16:26:53.705,1.04551,1.04573,2.10,2.25
2013.04.17 16:26:53.830,1.04551,1.04571,1.35,1.50
2013.04.17 16:26:54.221,1.04551,1.04572,1.50,1.50
2013.04.17 16:26:54.821,1.04552,1.04571,2.10,1.50
2013.04.17 16:26:56.015,1.04549,1.04572,2.10,1.50
2013.04.17 16:26:56.091,1.04549,1.04571,1.35,1.50
2013.04.17 16:26:56.211,1.04549,1.0457,1.35,1.50
2013.04.17 16:26:56.331,1.04549,1.0457,1.35,1.50
2013.04.17 16:26:56.981,1.04549,1.04568,1.35,2.25
2013.04.17 16:26:57.102,1.04546,1.04567,1.35,1.50
2013.04.17 16:26:57.223,1.04546,1.04567,1.35,2.25
2013.04.17 16:26:57.353,1.04545,1.04564,1.35,1.50
2013.04.17 16:26:57.838,1.0454,1.04561,2.85,1.50
2013.04.17 16:26:58.392,1.04542,1.04563,1.50,2.25
2013.04.17 16:26:59.101,1.04543,1.04563,1.58,1.50
2013.04.17 16:26:59.399,1.04546,1.04568,1.50,1.50
2013.04.17 16:26:59.581,1.04546,1.04568,3.00,1.50
2013.04.17 16:26:59.641,1.04549,1.04568,1.35,1.50
2013.04.17 16:26:59.943,1.04551,1.04573,1.50,2.25
2013.04.17 16:27:00.441,1.04551,1.04573,1.50,1.50
2013.04.17 16:27:00.801,1.04551,1.04571,2.25,1.50
2013.04.17 16:27:00.880,1.04551,1.04574,2.25,3.15
2013.04.17 16:27:01.171,1.04551,1.04572,1.50,1.50
2013.04.17 16:27:01.941,1.04555,1.04572,2.10,1.50
2013.04.17 16:27:02.061,1.04555,1.04573,2.25,1.50
2013.04.17 16:27:02.120,1.04555,1.04576,3.00,3.00
2013.04.17 16:27:02.780,1.0456,1.04573,2.10,1.50
2013.04.17 16:27:03.020,1.0456,1.04578,3.60,1.50
2013.04.17 16:27:03.200,1.04563,1.04581,2.10,1.50
2013.04.17 16:27:03.381,1.04563,1.04583,2.10,1.50
2013.04.17 16:27:03.941,1.04563,1.04583,2.10,1.50
2013.04.17 16:27:04.890,1.04563,1.04582,1.35,2.93
2013.04.17 16:27:05.071,1.04563,1.04583,1.35,1.50
2013.04.17 16:27:05.863,1.04563,1.04583,1.35,1.50
2013.04.17 16:27:06.441,1.04563,1.04583,1.35,1.50
2013.04.17 16:27:06.742,1.04574,1.04587,1.35,1.50
2013.04.17 16:27:06.814,1.04574,1.04591,1.35,1.88
2013.04.17 16:27:06.884,1.04574,1.04591,1.35,1.50
2013.04.17 16:27:07.131,1.04569,1.0459,1.43,1.50
2013.04.17 16:27:07.662,1.04568,1.04588,1.35,1.50
2013.04.17 16:27:07.732,1.04567,1.04583,2.10,1.50
2013.04.17 16:27:07.801,1.04567,1.04582,1.50,1.50
2013.04.17 16:27:07.921,1.04565,1.04583,3.60,2.18
2013.04.17 16:27:08.042,1.04565,1.04584,3.60,1.50
2013.04.17 16:27:08.112,1.04565,1.04583,2.85,1.50
2013.04.17 16:27:08.172,1.04565,1.04585,3.60,1.50
2013.04.17 16:27:08.482,1.04571,1.04588,2.10,1.50
2013.04.17 16:27:08.661,1.04572,1.04593,1.50,1.50
2013.04.17 16:27:09.083,1.04574,1.04594,1.35,1.50
2013.04.17 16:27:09.630,1.04571,1.04593,1.35,1.50
2013.04.17 16:27:09.751,1.04571,1.04593,1.35,1.50
2013.04.17 16:27:09.812,1.04571,1.04591,1.35,1.50
2013.04.17 16:27:10.120,1.04568,1.04589,2.10,1.50
2013.04.17 16:27:10.662,1.04569,1.0459,1.50,1.50
2013.04.17 16:27:11.191,1.04569,1.04591,1.50,2.25
2013.04.17 16:27:11.693,1.04569,1.04589,1.50,1.50
2013.04.17 16:27:11.941,1.04568,1.04589,1.35,2.25
2013.04.17 16:27:12.121,1.04571,1.04591,1.50,1.50
2013.04.17 16:27:12.661,1.04571,1.0459,1.50,1.50
2013.04.17 16:27:12.783,1.04568,1.04588,2.25,3.15
2013.04.17 16:27:12.913,1.04564,1.04585,1.50,2.25
2013.04.17 16:27:13.042,1.04562,1.04584,1.35,2.25
2013.04.17 16:27:13.361,1.04562,1.04582,1.35,1.50
2013.04.17 16:27:13.481,1.04562,1.04581,1.35,1.50
2013.04.17 16:27:14.453,1.0455,1.0457,1.35,1.50
2013.04.17 16:27:14.940,1.04556,1.04573,1.35,2.93
2013.04.17 16:27:15.001,1.04556,1.04573,1.35,1.50
2013.04.17 16:27:15.241,1.0456,1.0458,1.35,2.25
2013.04.17 16:27:15.301,1.04559,1.04578,1.35,2.40
2013.04.17 16:27:15.361,1.04556,1.04576,2.25,1.50
2013.04.17 16:27:15.422,1.04553,1.04574,1.35,1.50
2013.04.17 16:27:15.541,1.04551,1.04572,1.50,2.25
2013.04.17 16:27:15.660,1.04549,1.04571,1.35,1.50
2013.04.17 16:27:15.962,1.04549,1.04567,1.35,1.50
2013.04.17 16:27:16.262,1.04541,1.04565,3.08,1.50
2013.04.17 16:27:16.325,1.04542,1.04565,1.73,1.50
2013.04.17 16:27:16.630,1.04554,1.04567,1.35,1.50
2013.04.17 16:27:16.691,1.04554,1.04571,1.35,3.00
2013.04.17 16:27:17.231,1.04554,1.04571,1.35,2.25
2013.04.17 16:27:17.290,1.04552,1.04571,1.35,2.25
2013.04.17 16:27:17.983,1.04552,1.04569,1.35,1.50
2013.04.17 16:27:18.543,1.04552,1.04571,1.35,2.25
2013.04.17 16:27:20.841,1.0455,1.04571,3.60,1.50
2013.04.17 16:27:20.902,1.04552,1.04572,1.50,1.50
2013.04.17 16:27:21.080,1.04552,1.04572,1.50,1.50
2013.04.17 16:27:21.321,1.04551,1.04572,1.50,2.25
2013.04.17 16:27:21.804,1.04552,1.0457,1.50,1.50
2013.04.17 16:27:22.113,1.04538,1.04561,2.25,1.50
2013.04.17 16:27:22.301,1.04541,1.04561,1.50,1.50
2013.04.17 16:27:22.850,1.04541,1.04562,1.50,1.50
2013.04.17 16:27:23.424,1.04541,1.04561,1.50,1.50
2013.04.17 16:27:23.634,1.04536,1.04555,1.50,1.50
2013.04.17 16:27:23.703,1.04535,1.04555,1.50,2.25
2013.04.17 16:27:23.951,1.04536,1.04556,1.50,1.50
2013.04.17 16:27:24.013,1.04533,1.04554,3.60,1.50
2013.04.17 16:27:24.839,1.0453,1.04549,2.82,1.50
2013.04.17 16:27:24.914,1.04528,1.0455,1.50,1.50
2013.04.17 16:27:25.045,1.04526,1.04545,1.58,1.50
2013.04.17 16:27:25.351,1.04519,1.0454,1.58,1.50
2013.04.17 16:27:25.470,1.04517,1.04539,2.07,1.50
2013.04.17 16:27:25.531,1.04517,1.04538,1.32,1.50
2013.04.17 16:27:25.890,1.04509,1.04531,2.25,1.50
2013.04.17 16:27:25.953,1.04509,1.04531,2.25,1.50
2013.04.17 16:27:26.071,1.04512,1.04531,1.50,1.50
2013.04.17 16:27:26.130,1.04507,1.0453,1.50,1.65
2013.04.17 16:27:26.432,1.04503,1.04524,1.88,1.50
2013.04.17 16:27:26.503,1.04503,1.04527,1.88,2.18
2013.04.17 16:27:26.931,1.04502,1.04523,1.50,1.50
2013.04.17 16:27:26.992,1.04499,1.0452,1.65,1.50
2013.04.17 16:27:27.570,1.04499,1.0452,1.65,1.50
2013.04.17 16:27:27.972,1.04499,1.0452,1.50,1.50
2013.04.17 16:27:28.284,1.04499,1.04518,1.50,1.50
2013.04.17 16:27:28.531,1.04497,1.04516,1.50,1.50
2013.04.17 16:27:28.711,1.04495,1.04518,1.50,1.50
2013.04.17 16:27:29.155,1.04495,1.04518,1.65,1.50
2013.04.17 16:27:29.611,1.04495,1.04517,1.65,1.50
2013.04.17 16:27:29.931,1.04496,1.04514,1.73,1.50
2013.04.17 16:27:30.243,1.04504,1.04518,1.13,1.50
2013.04.17 16:27:30.313,1.04501,1.0452,1.13,1.50
2013.04.17 16:27:30.442,1.04499,1.0452,1.13,2.25
2013.04.17 16:27:30.561,1.04501,1.0452,1.35,1.50
2013.04.17 16:27:30.682,1.04503,1.04523,2.10,1.50
2013.04.17 16:27:30.752,1.04511,1.04526,1.35,1.50
2013.04.17 16:27:30.932,1.04508,1.04531,1.88,3.00
2013.04.17 16:27:31.000,1.04509,1.04531,1.88,2.25
2013.04.17 16:27:32.044,1.04509,1.04531,1.13,2.25
2013.04.17 16:27:32.380,1.0451,1.04531,1.13,2.25
2013.04.17 16:27:32.800,1.0451,1.04529,1.13,2.93
2013.04.17 16:27:33.103,1.0451,1.04526,1.13,2.18
2013.04.17 16:27:33.633,1.0451,1.04523,1.13,1.50
2013.04.17 16:27:33.713,1.04508,1.04531,1.13,2.25
2013.04.17 16:27:33.785,1.04509,1.04531,1.50,1.50
2013.04.17 16:27:33.981,1.04514,1.04533,1.13,2.10
2013.04.17 16:27:34.287,1.04521,1.04542,1.13,2.25
2013.04.17 16:27:34.557,1.04526,1.04547,1.50,2.10
2013.04.17 16:27:34.751,1.04526,1.04547,1.50,1.35
2013.04.17 16:27:34.872,1.04523,1.04546,1.50,1.50
2013.04.17 16:27:35.660,1.04521,1.04543,1.88,1.50
2013.04.17 16:27:35.851,1.04521,1.04544,1.88,3.75
2013.04.17 16:27:36.392,1.04521,1.04542,1.13,1.50
2013.04.17 16:27:36.751,1.04522,1.04541,1.88,1.50
2013.04.17 16:27:37.062,1.04517,1.04537,1.73,1.50
2013.04.17 16:27:37.130,1.04516,1.04532,1.88,1.50
2013.04.17 16:27:37.191,1.04516,1.04532,1.88,3.00
2013.04.17 16:27:38.241,1.04512,1.0453,1.35,1.50
2013.04.17 16:27:38.303,1.04511,1.0453,1.73,1.50
2013.04.17 16:27:38.861,1.04507,1.0453,3.08,1.50
2013.04.17 16:27:38.988,1.04507,1.0453,1.58,1.50
2013.04.17 16:27:39.124,1.04511,1.04531,1.50,1.50
2013.04.17 16:27:39.193,1.04511,1.04533,2.25,1.50
2013.04.17 16:27:39.321,1.04514,1.04535,1.50,2.25
2013.04.17 16:27:39.560,1.04514,1.04534,1.50,2.25
2013.04.17 16:27:39.801,1.04509,1.04528,1.50,1.35
2013.04.17 16:27:39.920,1.04507,1.04529,1.50,1.50
2013.04.17 16:27:39.981,1.04507,1.04529,1.50,1.50
2013.04.17 16:27:40.280,1.04512,1.04533,2.25,1.50
2013.04.17 16:27:40.341,1.04514,1.04534,1.50,2.25
2013.04.17 16:27:40.850,1.04512,1.04533,2.25,1.50
2013.04.17 16:27:40.910,1.04512,1.04533,1.50,1.50
2013.04.17 16:27:41.114,1.04509,1.04533,2.25,2.25
2013.04.17 16:27:42.734,1.04506,1.04524,2.18,2.10
2013.04.17 16:27:42.800,1.04501,1.04523,1.50,1.50
2013.04.17 16:27:43.241,1.045,1.04521,1.50,2.33
2013.04.17 16:27:43.653,1.04497,1.04519,2.85,1.50
2013.04.17 16:27:43.847,1.04499,1.0452,1.50,1.43
2013.04.17 16:27:44.281,1.04501,1.04521,1.50,1.43
2013.04.17 16:27:45.171,1.04499,1.0452,1.50,1.43
2013.04.17 16:27:45.710,1.04497,1.04519,2.25,1.43
2013.04.17 16:27:45.833,1.04497,1.04518,1.50,1.50
2013.04.17 16:27:46.143,1.04495,1.04512,1.50,2.25
2013.04.17 16:27:46.271,1.04491,1.04513,1.65,3.83
2013.04.17 16:27:46.393,1.04487,1.04511,3.75,1.50
2013.04.17 16:27:46.941,1.04486,1.0451,1.50,2.25
2013.04.17 16:27:47.002,1.04486,1.04508,1.50,1.50
2013.04.17 16:27:47.312,1.04482,1.04495,1.50,3.60
2013.04.17 16:27:47.444,1.04476,1.04493,1.50,1.35
2013.04.17 16:27:47.572,1.04466,1.04489,4.43,1.50
2013.04.17 16:27:47.634,1.04466,1.04489,1.50,3.00
2013.04.17 16:27:47.704,1.04465,1.04479,1.50,1.50
2013.04.17 16:27:47.917,1.04461,1.04475,2.18,1.50
2013.04.17 16:27:48.063,1.04461,1.04474,2.18,3.00
2013.04.17 16:27:48.192,1.04451,1.04474,1.50,1.50
2013.04.17 16:27:48.313,1.04449,1.04476,1.50,1.50
2013.04.17 16:27:48.382,1.04449,1.04476,1.50,1.50
2013.04.17 16:27:48.504,1.0445,1.04478,2.25,1.50
2013.04.17 16:27:48.572,1.0445,1.04481,2.25,2.25
2013.04.17 16:27:48.701,1.0445,1.04479,2.40,1.50
2013.04.17 16:27:48.823,1.04449,1.04478,1.65,1.50
2013.04.17 16:27:49.132,1.0445,1.04477,1.13,1.69
2013.04.17 16:27:49.191,1.04446,1.04474,1.13,1.50
2013.04.17 16:27:49.370,1.04447,1.04472,1.50,1.50
2013.04.17 16:27:49.671,1.04457,1.04482,1.28,1.50
2013.04.17 16:27:50.214,1.04464,1.04481,2.25,2.25
2013.04.17 16:27:50.520,1.04467,1.04484,3.00,2.18
2013.04.17 16:27:51.012,1.04469,1.0449,2.93,2.25
2013.04.17 16:27:51.072,1.04468,1.0449,1.65,2.25
2013.04.17 16:27:51.132,1.04474,1.04489,1.50,1.50
2013.04.17 16:27:51.322,1.04477,1.04499,1.50,1.50
2013.04.17 16:27:51.513,1.04478,1.04502,1.50,1.50
2013.04.17 16:27:51.762,1.04482,1.04505,1.50,1.50
2013.04.17 16:27:51.821,1.04483,1.04506,2.25,1.50
2013.04.17 16:27:52.181,1.04485,1.04508,2.25,2.25
2013.04.17 16:27:52.540,1.04484,1.04505,2.25,1.50
2013.04.17 16:27:52.600,1.04486,1.04507,1.50,1.50
2013.04.17 16:27:52.720,1.0449,1.04513,1.50,2.63
2013.04.17 16:27:52.781,1.04491,1.04514,1.50,1.50
2013.04.17 16:27:52.970,1.04493,1.04514,1.50,1.50
2013.04.17 16:27:53.270,1.04497,1.04521,2.25,1.50
2013.04.17 16:27:54.073,1.04499,1.0452,1.50,1.50
2013.04.17 16:27:54.381,1.04506,1.04524,1.50,1.50
2013.04.17 16:27:55.222,1.04508,1.04528,1.50,1.50
2013.04.17 16:27:55.342,1.0451,1.04531,1.50,1.88
2013.04.17 16:27:55.472,1.04508,1.04531,1.50,2.25
2013.04.17 16:27:55.832,1.0451,1.0453,1.50,1.50
2013.04.17 16:27:55.892,1.04511,1.04532,1.50,1.50
2013.04.17 16:27:56.220,1.04511,1.04533,1.50,1.50
2013.04.17 16:27:56.461,1.04512,1.04535,2.25,1.50
2013.04.17 16:27:56.580,1.04515,1.04537,1.50,1.50
2013.04.17 16:27:56.641,1.04514,1.04536,1.50,2.25
2013.04.17 16:27:57.000,1.04514,1.04532,1.50,1.50
2013.04.17 16:27:57.521,1.04514,1.04536,2.25,2.25
2013.04.17 16:27:57.641,1.04516,1.04538,1.50,1.50
2013.04.17 16:27:57.701,1.04518,1.04538,1.50,1.50
2013.04.17 16:27:58.062,1.04523,1.04542,1.50,1.50
2013.04.17 16:27:58.131,1.04523,1.04543,1.50,2.25
2013.04.17 16:27:58.310,1.04517,1.04539,1.50,1.50
2013.04.17 16:27:58.371,1.04517,1.04539,1.50,1.50
2013.04.17 16:27:58.557,1.04517,1.04539,1.50,1.50
2013.04.17 16:27:58.873,1.04527,1.04542,1.43,1.50
2013.04.17 16:27:58.945,1.04528,1.04548,1.50,1.13
2013.04.17 16:27:59.191,1.04532,1.04554,1.50,1.50
2013.04.17 16:28:00.071,1.04538,1.04557,2.25,1.50
2013.04.17 16:28:00.131,1.04538,1.04559,2.25,1.50
2013.04.17 16:28:00.191,1.04541,1.04562,1.50,2.40
2013.04.17 16:28:00.323,1.04541,1.04564,1.50,1.13
2013.04.17 16:28:00.391,1.04544,1.04566,1.50,1.50
2013.04.17 16:28:00.452,1.04546,1.04566,1.50,1.50
2013.04.17 16:28:00.571,1.04548,1.0457,1.50,1.50
2013.04.17 16:28:00.692,1.04548,1.04569,1.50,1.65
2013.04.17 16:28:00.751,1.04546,1.04568,1.50,1.50
2013.04.17 16:28:01.052,1.04546,1.0457,2.25,1.65
2013.04.17 16:28:01.182,1.04546,1.04573,3.00,1.50
2013.04.17 16:28:01.361,1.04546,1.04573,3.00,1.50
2013.04.17 16:28:01.421,1.04548,1.04573,1.50,1.50
2013.04.17 16:28:02.201,1.04551,1.04575,1.50,2.25
2013.04.17 16:28:02.502,1.0455,1.04567,1.50,2.25
2013.04.17 16:28:02.812,1.04525,1.04544,1.13,1.65
2013.04.17 16:28:03.052,1.04518,1.04542,1.50,1.65
2013.04.17 16:28:03.111,1.04518,1.04544,1.50,2.40
2013.04.17 16:28:03.471,1.04513,1.04541,2.25,2.25
2013.04.17 16:28:04.531,1.04516,1.0454,1.50,1.50
2013.04.17 16:28:04.713,1.04513,1.04538,2.25,2.25
2013.04.17 16:28:05.020,1.04506,1.04528,1.50,2.25
2013.04.17 16:28:05.083,1.04502,1.04527,4.43,1.50
2013.04.17 16:28:05.152,1.04502,1.04525,1.50,1.50
2013.04.17 16:28:05.222,1.04498,1.04523,1.50,3.90
2013.04.17 16:28:05.344,1.04497,1.04523,1.50,2.40
2013.04.17 16:28:05.652,1.04491,1.04522,2.40,2.40
2013.04.17 16:28:05.965,1.04489,1.04518,1.65,1.50
2013.04.17 16:28:06.032,1.04491,1.04519,2.40,1.50
2013.04.17 16:28:06.091,1.04496,1.04522,2.40,1.50
2013.04.17 16:28:06.450,1.04499,1.04524,1.50,1.50
2013.04.17 16:28:06.751,1.04499,1.04524,2.25,1.50
2013.04.17 16:28:07.111,1.04501,1.04524,2.25,1.50
2013.04.17 16:28:07.351,1.04506,1.0453,1.50,2.25
2013.04.17 16:28:07.410,1.04507,1.0453,1.50,2.25
2013.04.17 16:28:07.711,1.04515,1.04537,1.50,1.50
2013.04.17 16:28:07.957,1.04516,1.04536,1.50,1.88
2013.04.17 16:28:08.081,1.04511,1.04534,1.43,1.13
2013.04.17 16:28:08.261,1.0451,1.04533,1.50,1.88
2013.04.17 16:28:08.827,1.04512,1.04533,2.10,2.63
2013.04.17 16:28:08.910,1.04514,1.04533,1.50,1.88
2013.04.17 16:28:09.043,1.04514,1.04527,1.50,1.50
2013.04.17 16:28:09.304,1.04512,1.04526,1.50,1.50
2013.04.17 16:28:09.431,1.04508,1.04526,1.50,1.50
2013.04.17 16:28:09.731,1.04507,1.04528,2.25,2.25
2013.04.17 16:28:09.792,1.04507,1.04528,2.25,2.25
2013.04.17 16:28:09.850,1.04507,1.04528,1.50,3.00
2013.04.17 16:28:09.973,1.04505,1.04527,1.50,1.50
2013.04.17 16:28:10.100,1.04507,1.04528,1.50,2.25
2013.04.17 16:28:10.280,1.0451,1.04529,1.50,1.50
2013.04.17 16:28:10.581,1.04512,1.04532,3.00,1.50
2013.04.17 16:28:10.700,1.04514,1.04535,1.35,1.13
2013.04.17 16:28:10.761,1.04516,1.04537,1.50,1.50
2013.04.17 16:28:11.061,1.04518,1.04541,2.25,1.50
2013.04.17 16:28:11.123,1.04518,1.04542,3.00,1.50
2013.04.17 16:28:11.255,1.0452,1.04542,2.25,1.50
2013.04.17 16:28:11.382,1.04522,1.04544,1.50,1.50
2013.04.17 16:28:11.921,1.04524,1.04546,1.50,1.35
2013.04.17 16:28:12.231,1.0453,1.04551,1.50,2.25
2013.04.17 16:28:12.532,1.04542,1.04553,2.25,2.18
2013.04.17 16:28:12.592,1.04542,1.04566,3.00,1.13
2013.04.17 16:28:14.109,1.04542,1.04566,2.25,1.50
2013.04.17 16:28:14.411,1.04537,1.04557,1.50,2.40
2013.04.17 16:28:14.770,1.04529,1.0455,1.50,1.65
2013.04.17 16:28:14.830,1.04528,1.04547,1.50,1.35
2013.04.17 16:28:14.951,1.04527,1.04547,1.50,1.35
2013.04.17 16:28:15.136,1.04531,1.04549,1.50,2.25
2013.04.17 16:28:15.441,1.04546,1.04566,2.63,2.25
2013.04.17 16:28:15.503,1.04546,1.04566,2.63,1.50
2013.04.17 16:28:15.632,1.04548,1.04571,1.50,3.00
2013.04.17 16:28:15.692,1.04545,1.04567,1.50,1.50
2013.04.17 16:28:15.875,1.04545,1.04564,1.50,1.50
2013.04.17 16:28:16.004,1.04545,1.04564,1.50,1.50
2013.04.17 16:28:16.131,1.04543,1.04563,1.50,2.18
2013.04.17 16:28:16.370,1.04539,1.04558,3.08,2.10
2013.04.17 16:28:16.431,1.04539,1.04555,3.08,1.50
2013.04.17 16:28:16.731,1.0453,1.04554,1.50,3.75
2013.04.17 16:28:16.910,1.0453,1.04554,2.25,3.00
2013.04.17 16:28:17.948,1.0453,1.04553,1.50,1.50
2013.04.17 16:28:18.093,1.04528,1.04546,1.50,1.50
2013.04.17 16:28:18.222,1.04521,1.04545,1.50,1.50
2013.04.17 16:28:18.281,1.04521,1.04544,1.50,1.50
2013.04.17 16:28:18.402,1.0452,1.0454,1.50,1.50
2013.04.17 16:28:18.711,1.04511,1.04532,1.50,1.50
2013.04.17 16:28:19.261,1.04505,1.04529,2.40,1.50
2013.04.17 16:28:19.974,1.04509,1.0453,1.50,1.50
2013.04.17 16:28:20.101,1.0451,1.04532,2.25,1.50
2013.04.17 16:28:20.281,1.04513,1.04535,2.25,1.50
2013.04.17 16:28:20.642,1.04513,1.04535,2.25,1.50
2013.04.17 16:28:21.034,1.04514,1.04535,1.50,1.50
2013.04.17 16:28:21.282,1.04522,1.04539,1.65,1.50
2013.04.17 16:28:21.414,1.04528,1.04543,1.50,1.50
2013.04.17 16:28:21.482,1.04531,1.04549,1.50,2.18
2013.04.17 16:28:21.541,1.04532,1.04552,1.50,2.10
2013.04.17 16:28:21.662,1.04533,1.04553,1.50,1.50
2013.04.17 16:28:21.843,1.04536,1.04559,1.50,3.00
2013.04.17 16:28:22.092,1.04537,1.04559,1.50,1.50
2013.04.17 16:28:22.451,1.04539,1.04559,2.10,1.50
2013.04.17 16:28:22.810,1.04542,1.04564,1.73,2.93
2013.04.17 16:28:22.870,1.04542,1.04564,2.48,1.50
2013.04.17 16:28:22.990,1.04545,1.04564,1.50,1.50
2013.04.17 16:28:23.111,1.04545,1.04567,1.50,1.50
2013.04.17 16:28:23.411,1.04545,1.04567,1.58,1.50
2013.04.17 16:28:23.591,1.0455,1.04572,1.65,1.50
2013.04.17 16:28:23.780,1.04547,1.0457,2.25,2.25
2013.04.17 16:28:23.853,1.04546,1.04567,1.50,1.50
2013.04.17 16:28:23.981,1.04541,1.04564,3.00,1.50
2013.04.17 16:28:24.100,1.04541,1.04563,2.25,2.25
2013.04.17 16:28:24.401,1.0454,1.04558,1.50,1.50
2013.04.17 16:28:24.701,1.04534,1.04555,1.65,1.50
2013.04.17 16:28:25.211,1.04533,1.04555,1.50,1.50
2013.04.17 16:28:25.409,1.04533,1.04555,1.50,1.50
2013.04.17 16:28:25.761,1.04533,1.04555,3.00,1.50
2013.04.17 16:28:26.001,1.04537,1.04557,2.25,1.50
2013.04.17 16:28:26.240,1.04538,1.04557,1.50,1.50
2013.04.17 16:28:26.421,1.04537,1.04558,1.50,4.35
2013.04.17 16:28:26.962,1.04537,1.04559,1.50,1.88
2013.04.17 16:28:27.330,1.04538,1.0456,2.10,1.50
2013.04.17 16:28:27.972,1.04538,1.04561,2.10,2.25
2013.04.17 16:28:28.750,1.04539,1.0456,1.50,1.50
2013.04.17 16:28:29.262,1.0454,1.0456,1.50,1.50
2013.04.17 16:28:29.441,1.0454,1.04559,1.50,1.50
2013.04.17 16:28:29.942,1.04541,1.04562,1.50,1.50
2013.04.17 16:28:30.300,1.04543,1.04563,1.50,1.50
2013.04.17 16:28:30.421,1.0454,1.04562,2.33,1.50
2013.04.17 16:28:30.541,1.04541,1.04563,2.25,2.25
2013.04.17 16:28:31.153,1.04544,1.04563,1.65,1.50
2013.04.17 16:28:31.281,1.04545,1.04563,1.50,1.50
2013.04.17 16:28:31.461,1.04549,1.04567,1.50,1.13
2013.04.17 16:28:31.520,1.04549,1.04571,1.50,1.88
2013.04.17 16:28:31.581,1.04549,1.04571,1.50,1.50
2013.04.17 16:28:32.199,1.04551,1.04573,1.50,3.00
2013.04.17 16:28:33.121,1.04551,1.04571,1.50,1.50
2013.04.17 16:28:33.542,1.04551,1.04571,1.58,1.50
2013.04.17 16:28:33.911,1.04552,1.04572,2.25,1.50
2013.04.17 16:28:34.152,1.04552,1.04576,2.25,1.50
2013.04.17 16:28:34.283,1.04552,1.04574,1.65,1.50
2013.04.17 16:28:34.532,1.0455,1.04571,2.25,1.50
2013.04.17 16:28:35.612,1.0455,1.0457,1.50,2.25
2013.04.17 16:28:35.731,1.04547,1.04568,1.50,1.50
2013.04.17 16:28:35.851,1.04544,1.04568,2.25,2.25
2013.04.17 16:28:36.461,1.0455,1.04572,2.25,1.50
2013.04.17 16:28:36.537,1.0455,1.04572,2.85,1.50
2013.04.17 16:28:36.602,1.04554,1.04573,1.50,1.50
2013.04.17 16:28:37.131,1.04554,1.04575,1.50,3.00
2013.04.17 16:28:37.631,1.04558,1.04577,1.50,1.35
2013.04.17 16:28:37.812,1.04561,1.04579,1.50,2.25
2013.04.17 16:28:37.882,1.04561,1.04581,2.25,1.35
2013.04.17 16:28:37.942,1.04561,1.04583,2.25,2.25
2013.04.17 16:28:38.007,1.04562,1.04584,1.50,3.00
2013.04.17 16:28:38.131,1.04562,1.04584,1.50,2.25
2013.04.17 16:28:38.841,1.04565,1.04586,2.25,2.10
2013.04.17 16:28:38.962,1.04566,1.04588,2.25,1.35
2013.04.17 16:28:39.500,1.04563,1.04586,1.50,2.10
2013.04.17 16:28:39.871,1.04563,1.04585,1.50,1.58
2013.04.17 16:28:39.993,1.04562,1.04584,1.50,1.73
2013.04.17 16:28:40.520,1.04559,1.04581,2.25,1.50
2013.04.17 16:28:41.131,1.04561,1.04581,1.50,2.10
2013.04.17 16:28:41.431,1.04564,1.04585,1.50,2.63
2013.04.17 16:28:41.730,1.04566,1.04587,1.50,1.35
2013.04.17 16:28:41.911,1.04566,1.04588,2.25,1.50
2013.04.17 16:28:42.412,1.04566,1.0459,2.25,1.65
2013.04.17 16:28:42.716,1.04566,1.04588,2.25,1.50
2013.04.17 16:28:43.931,1.04566,1.04588,2.25,1.50
2013.04.17 16:28:44.658,1.04568,1.04588,1.50,1.50
2013.04.17 16:28:45.032,1.04568,1.04588,2.25,1.50
2013.04.17 16:28:45.952,1.0457,1.04591,1.50,1.35
2013.04.17 16:28:46.013,1.0457,1.04591,1.50,1.35
2013.04.17 16:28:46.221,1.0457,1.04591,1.50,1.35
2013.04.17 16:28:46.602,1.04571,1.04591,2.25,1.35
2013.04.17 16:28:46.931,1.04569,1.0459,1.50,1.50
2013.04.17 16:28:48.015,1.04572,1.04592,1.50,1.50
2013.04.17 16:28:48.621,1.04575,1.04595,1.50,2.10
2013.04.17 16:28:52.912,1.04575,1.04595,1.50,2.10
2013.04.17 16:28:53.221,1.04575,1.04595,1.50,1.50
2013.04.17 16:28:53.462,1.04575,1.04595,1.50,1.50
2013.04.17 16:28:54.971,1.04575,1.04596,1.50,1.50
2013.04.17 16:28:55.461,1.04577,1.04598,1.50,1.50
2013.04.17 16:28:55.644,1.04577,1.04589,1.50,1.50
2013.04.17 16:28:55.892,1.04569,1.0459,2.25,1.35
2013.04.17 16:28:55.954,1.04569,1.04588,1.50,4.35
2013.04.17 16:28:56.261,1.04562,1.04578,1.50,1.35
2013.04.17 16:28:56.383,1.04559,1.04574,1.43,3.08
2013.04.17 16:28:56.512,1.04559,1.04568,1.43,1.35
2013.04.17 16:28:56.703,1.04549,1.04563,1.20,4.50
2013.04.17 16:28:56.891,1.04549,1.0456,1.20,1.35
2013.04.17 16:28:57.192,1.04539,1.04553,2.10,1.50
2013.04.17 16:28:57.312,1.04539,1.04549,2.10,1.50
2013.04.17 16:28:57.622,1.04533,1.04545,1.43,1.50
2013.04.17 16:28:57.802,1.04532,1.04542,1.43,2.40
2013.04.17 16:28:58.312,1.04533,1.0454,1.43,1.50
2013.04.17 16:28:58.563,1.04529,1.04542,1.28,2.18
2013.04.17 16:28:58.633,1.04529,1.04546,1.28,1.50
2013.04.17 16:28:58.700,1.04529,1.04548,1.28,1.50
2013.04.17 16:28:58.764,1.04529,1.04549,1.28,1.50
2013.04.17 16:28:58.836,1.04533,1.04549,2.93,1.50
2013.04.17 16:28:58.904,1.04536,1.04549,1.88,1.50
2013.04.17 16:28:59.283,1.04526,1.04549,1.50,1.50
2013.04.17 16:28:59.354,1.04525,1.04547,3.00,1.50
2013.04.17 16:28:59.843,1.04525,1.04546,1.50,1.50
2013.04.17 16:28:59.914,1.04524,1.04544,1.50,1.50
2013.04.17 16:29:00.054,1.04521,1.04544,2.25,2.25
2013.04.17 16:29:00.125,1.04521,1.04544,1.50,2.25
2013.04.17 16:29:00.431,1.0452,1.04542,1.50,1.50
2013.04.17 16:29:00.791,1.04517,1.04541,2.40,3.68
2013.04.17 16:29:00.972,1.04519,1.0454,1.50,1.50
2013.04.17 16:29:02.020,1.04515,1.04539,3.68,1.50
2013.04.17 16:29:02.105,1.04511,1.04533,1.50,1.50
2013.04.17 16:29:02.664,1.04511,1.04533,1.50,2.25
2013.04.17 16:29:02.792,1.0451,1.04531,1.50,1.50
2013.04.17 16:29:03.343,1.0451,1.04529,1.50,2.10
2013.04.17 16:29:03.424,1.04504,1.04527,1.50,1.50
2013.04.17 16:29:03.793,1.04511,1.0453,1.13,3.68
2013.04.17 16:29:03.992,1.04519,1.04537,2.18,1.50
2013.04.17 16:29:04.051,1.04519,1.04539,2.18,2.63
2013.04.17 16:29:04.315,1.04519,1.04539,2.93,1.50
2013.04.17 16:29:04.751,1.04517,1.04538,3.75,2.25
2013.04.17 16:29:04.812,1.04516,1.04536,1.73,1.50
2013.04.17 16:29:05.078,1.04512,1.04535,2.25,1.50
2013.04.17 16:29:05.145,1.0451,1.04531,1.50,2.85
2013.04.17 16:29:05.283,1.04506,1.04528,2.25,1.50
2013.04.17 16:29:05.412,1.04504,1.04524,1.35,1.50
2013.04.17 16:29:05.484,1.04503,1.04524,2.18,3.00
2013.04.17 16:29:05.802,1.04505,1.04524,3.00,1.50
2013.04.17 16:29:06.108,1.04506,1.04526,7.05,1.50
2013.04.17 16:29:06.432,1.04508,1.0453,1.58,1.50
2013.04.17 16:29:06.792,1.04511,1.04531,4.35,1.50
2013.04.17 16:29:07.294,1.04513,1.04533,1.58,1.50
2013.04.17 16:29:07.482,1.04513,1.04532,1.58,1.50
2013.04.17 16:29:07.552,1.04513,1.04532,1.58,2.25
2013.04.17 16:29:09.031,1.04511,1.04532,1.35,2.25
2013.04.17 16:29:10.443,1.04511,1.04532,1.43,1.50
2013.04.17 16:29:10.813,1.04514,1.04533,2.25,2.18
2013.04.17 16:29:10.882,1.04517,1.04534,3.08,2.25
2013.04.17 16:29:11.122,1.04517,1.04537,3.08,2.25
2013.04.17 16:29:11.182,1.04519,1.04537,2.10,1.50
2013.04.17 16:29:11.361,1.04519,1.04539,1.35,2.25
2013.04.17 16:29:11.422,1.04517,1.04538,2.18,1.50
2013.04.17 16:29:12.453,1.04516,1.04539,1.58,3.00
2013.04.17 16:29:12.522,1.04518,1.04539,1.58,2.25
2013.04.17 16:29:13.620,1.04521,1.04539,1.50,1.50
2013.04.17 16:29:14.292,1.04521,1.04539,3.83,1.50
2013.04.17 16:29:14.601,1.04522,1.04543,1.58,1.50
2013.04.17 16:29:16.382,1.04519,1.04541,3.08,1.50
2013.04.17 16:29:17.284,1.04519,1.04539,2.25,1.50
2013.04.17 16:29:18.381,1.04518,1.04538,1.73,1.35
2013.04.17 16:29:18.561,1.04514,1.04534,1.58,1.50
2013.04.17 16:29:18.683,1.04511,1.04533,1.50,2.25
2013.04.17 16:29:19.234,1.04508,1.04532,1.50,3.08
2013.04.17 16:29:19.583,1.04507,1.0453,2.85,1.50
2013.04.17 16:29:19.711,1.04509,1.04532,1.50,2.25
2013.04.17 16:29:19.772,1.04512,1.04533,1.50,1.50
2013.04.17 16:29:20.084,1.04516,1.04536,1.50,1.50
2013.04.17 16:29:20.271,1.04513,1.04533,2.25,1.50
2013.04.17 16:29:20.331,1.04512,1.04533,5.18,2.25
2013.04.17 16:29:20.834,1.04512,1.04532,2.10,2.25
2013.04.17 16:29:22.565,1.04509,1.04525,1.50,1.50
2013.04.17 16:29:22.636,1.04505,1.04524,1.50,1.50
2013.04.17 16:29:22.702,1.04505,1.04523,1.50,1.50
2013.04.17 16:29:23.006,1.0451,1.04523,1.43,1.50
2013.04.17 16:29:23.074,1.0451,1.04528,1.43,1.50
2013.04.17 16:29:23.810,1.04507,1.04525,1.50,1.50
2013.04.17 16:29:23.889,1.04501,1.04523,3.00,1.50
2013.04.17 16:29:24.261,1.04501,1.04524,1.50,2.25
2013.04.17 16:29:25.041,1.04503,1.04524,1.50,1.50
2013.04.17 16:29:25.162,1.04503,1.04524,1.50,1.50
2013.04.17 16:29:25.281,1.04505,1.04527,1.50,1.50
2013.04.17 16:29:25.583,1.04503,1.04524,2.25,1.50
2013.04.17 16:29:25.652,1.04502,1.04525,1.50,1.50
2013.04.17 16:29:26.543,1.04501,1.04523,1.50,1.50
2013.04.17 16:29:26.663,1.04502,1.04524,1.58,2.25
2013.04.17 16:29:27.061,1.04503,1.04526,1.58,3.00
2013.04.17 16:29:28.022,1.04502,1.04524,2.33,1.50
2013.04.17 16:29:28.392,1.04502,1.04523,1.58,1.50
2013.04.17 16:29:28.755,1.04509,1.04524,1.58,1.50
2013.04.17 16:29:28.821,1.04507,1.04529,2.25,1.50
2013.04.17 16:29:29.373,1.04507,1.0453,2.25,2.25
2013.04.17 16:29:30.061,1.04506,1.04529,2.25,1.50
2013.04.17 16:29:30.595,1.04506,1.04528,1.50,1.50
2013.04.17 16:29:31.153,1.04505,1.04523,1.50,1.35
2013.04.17 16:29:31.487,1.04493,1.04517,1.65,1.50
2013.04.17 16:29:31.615,1.04492,1.04514,1.50,1.50
2013.04.17 16:29:31.861,1.04489,1.04512,1.50,1.50
2013.04.17 16:29:31.922,1.04487,1.04511,1.50,1.50
2013.04.17 16:29:32.352,1.04486,1.04508,1.50,2.10
2013.04.17 16:29:32.711,1.04483,1.04504,1.50,1.50
2013.04.17 16:29:33.073,1.04487,1.04509,1.50,1.65
2013.04.17 16:29:33.622,1.04485,1.04509,1.65,1.50
2013.04.17 16:29:34.580,1.04486,1.04506,1.50,1.50
2013.04.17 16:29:34.722,1.04488,1.04509,1.35,1.50
2013.04.17 16:29:35.202,1.04488,1.04507,1.35,1.50
2013.04.17 16:29:35.344,1.04488,1.0451,1.50,3.75
2013.04.17 16:29:36.301,1.04487,1.04509,1.35,1.50
2013.04.17 16:29:36.454,1.04489,1.04509,1.50,1.50
2013.04.17 16:29:36.594,1.04486,1.04506,1.65,2.25
2013.04.17 16:29:36.722,1.04482,1.04505,2.25,3.00
2013.04.17 16:29:37.082,1.04482,1.04502,1.50,1.50
2013.04.17 16:29:37.392,1.04476,1.04495,1.50,2.37
2013.04.17 16:29:37.456,1.04472,1.0449,2.18,1.50
2013.04.17 16:29:37.524,1.0447,1.0449,1.65,1.50
2013.04.17 16:29:37.592,1.04471,1.04493,1.65,1.50
2013.04.17 16:29:37.651,1.04471,1.04493,2.25,1.50
2013.04.17 16:29:37.713,1.04472,1.04496,2.25,1.50
2013.04.17 16:29:37.782,1.04474,1.04497,1.50,2.10
2013.04.17 16:29:38.152,1.04475,1.04497,1.50,1.35
2013.04.17 16:29:38.462,1.04472,1.04491,2.18,2.10
2013.04.17 16:29:38.663,1.04468,1.04489,1.50,1.50
2013.04.17 16:29:38.851,1.04466,1.04486,1.50,1.35
2013.04.17 16:29:38.911,1.04465,1.04485,2.25,2.25
2013.04.17 16:29:38.971,1.04465,1.04481,1.50,1.50
2013.04.17 16:29:39.273,1.04459,1.04481,1.58,1.50
2013.04.17 16:29:39.583,1.04456,1.04477,1.50,3.23
2013.04.17 16:29:39.892,1.04452,1.04474,1.50,1.50
2013.04.17 16:29:39.962,1.04449,1.0447,1.50,1.50
2013.04.17 16:29:40.093,1.04448,1.0447,1.50,1.50
2013.04.17 16:29:40.594,1.04442,1.04464,1.50,1.50
2013.04.17 16:29:40.662,1.0444,1.04464,1.50,1.50
2013.04.17 16:29:41.983,1.04442,1.0446,1.50,3.08
2013.04.17 16:29:42.051,1.04442,1.0445,1.50,1.58
2013.04.17 16:29:42.352,1.04438,1.04445,1.43,1.50
2013.04.17 16:29:42.672,1.04421,1.04444,2.25,1.50
2013.04.17 16:29:42.973,1.04422,1.04443,1.50,1.50
2013.04.17 16:29:43.043,1.04418,1.04427,1.43,1.50
2013.04.17 16:29:43.364,1.04392,1.04416,1.65,1.13
2013.04.17 16:29:43.433,1.0439,1.04416,3.00,1.50
2013.04.17 16:29:43.503,1.04389,1.04416,2.25,1.50
2013.04.17 16:29:43.632,1.04389,1.04416,2.25,1.50
2013.04.17 16:29:43.703,1.04389,1.04418,2.25,1.28
2013.04.17 16:29:43.894,1.04388,1.04416,1.65,3.00
2013.04.17 16:29:44.022,1.04385,1.04415,1.50,1.65
2013.04.17 16:29:44.347,1.04386,1.04416,2.25,1.28
2013.04.17 16:29:44.415,1.04386,1.0441,1.50,1.50
2013.04.17 16:29:44.483,1.04385,1.04413,1.50,2.25
2013.04.17 16:29:44.541,1.04384,1.04413,1.50,2.25
2013.04.17 16:29:44.663,1.04386,1.04415,2.25,2.40
2013.04.17 16:29:44.858,1.04389,1.04416,1.50,1.88
2013.04.17 16:29:44.925,1.04389,1.04417,1.50,4.05
2013.04.17 16:29:45.171,1.044,1.04417,1.50,1.50
2013.04.17 16:29:45.303,1.04399,1.04418,1.50,1.50
2013.04.17 16:29:45.433,1.04399,1.04418,1.50,1.50
2013.04.17 16:29:45.555,1.04397,1.04418,3.08,1.50
2013.04.17 16:29:45.694,1.04397,1.04421,1.50,3.00
2013.04.17 16:29:45.764,1.04396,1.04419,2.40,1.50
2013.04.17 16:29:46.073,1.04406,1.04427,1.65,2.18
2013.04.17 16:29:46.142,1.04407,1.0443,1.50,1.50
2013.04.17 16:29:46.211,1.04407,1.04431,1.50,1.50
2013.04.17 16:29:46.334,1.04406,1.0443,3.15,1.50
2013.04.17 16:29:46.401,1.04407,1.0443,1.50,1.50
2013.04.17 16:29:46.703,1.04406,1.0443,3.00,1.50
2013.04.17 16:29:46.762,1.04406,1.04429,1.50,1.88
2013.04.17 16:29:47.002,1.04402,1.04424,1.50,1.50
2013.04.17 16:29:47.120,1.04399,1.04421,1.13,1.50
2013.04.17 16:29:47.304,1.04404,1.04425,2.25,1.50
2013.04.17 16:29:47.435,1.04406,1.04426,2.63,1.50
2013.04.17 16:29:47.634,1.04416,1.04437,2.25,1.13
2013.04.17 16:29:48.538,1.04416,1.04431,1.50,1.13
2013.04.17 16:29:48.614,1.04411,1.04429,1.13,1.50
2013.04.17 16:29:48.744,1.04416,1.04433,1.50,1.50
2013.04.17 16:29:48.812,1.04417,1.04433,1.50,1.50
2013.04.17 16:29:48.875,1.04417,1.0444,2.25,1.50
2013.04.17 16:29:49.333,1.04421,1.04442,1.50,1.50
2013.04.17 16:29:49.643,1.04421,1.04444,3.00,2.25
2013.04.17 16:29:50.190,1.04422,1.04444,1.50,1.50
2013.04.17 16:29:50.493,1.04419,1.04435,2.25,1.50
2013.04.17 16:29:50.624,1.04411,1.04434,1.50,1.50
2013.04.17 16:29:50.693,1.04413,1.04435,1.50,1.50
2013.04.17 16:29:51.002,1.04409,1.0443,1.50,1.50
2013.04.17 16:29:51.063,1.0441,1.04433,1.50,1.50
2013.04.17 16:29:51.252,1.0441,1.04434,2.25,1.50
2013.04.17 16:29:51.314,1.04413,1.04435,1.50,2.25
2013.04.17 16:29:51.383,1.04422,1.04439,1.35,1.50
2013.04.17 16:29:51.453,1.04424,1.04442,1.35,3.00
2013.04.17 16:29:51.584,1.04428,1.04442,1.50,1.50
2013.04.17 16:29:51.712,1.04427,1.04448,1.50,2.25
2013.04.17 16:29:52.014,1.04427,1.04445,1.50,1.65
2013.04.17 16:29:52.265,1.04422,1.04441,1.50,1.35
2013.04.17 16:29:52.511,1.04422,1.04444,2.25,2.93
2013.04.17 16:29:53.362,1.04421,1.04444,2.18,2.33
2013.04.17 16:29:53.796,1.04424,1.04448,2.10,3.83
2013.04.17 16:29:53.927,1.04426,1.04448,2.25,2.25
2013.04.17 16:29:54.231,1.0443,1.04451,1.50,1.35
2013.04.17 16:29:54.572,1.04432,1.04444,1.50,1.50
2013.04.17 16:29:54.702,1.04426,1.04447,1.50,1.50
2013.04.17 16:29:54.831,1.04429,1.04448,1.50,1.43
2013.04.17 16:29:55.011,1.04428,1.04447,1.50,1.58
2013.04.17 16:29:55.131,1.04424,1.04446,2.25,1.50
2013.04.17 16:29:55.190,1.04424,1.04446,2.25,1.50
2013.04.17 16:29:55.251,1.04425,1.04448,1.50,2.33
2013.04.17 16:29:55.552,1.04428,1.04448,1.50,1.58
2013.04.17 16:29:55.671,1.04427,1.04444,1.50,2.25
2013.04.17 16:29:55.731,1.04422,1.04445,3.00,1.50
2013.04.17 16:29:55.862,1.0442,1.04444,1.50,4.58
2013.04.17 16:29:55.923,1.04418,1.04441,2.25,2.25
2013.04.17 16:29:56.743,1.04417,1.0444,2.25,1.65
2013.04.17 16:29:57.206,1.04419,1.04436,1.35,1.50
2013.04.17 16:29:57.521,1.04425,1.04443,2.85,1.50
2013.04.17 16:29:57.582,1.04427,1.04446,2.10,2.25
2013.04.17 16:29:57.703,1.04428,1.04448,2.10,2.25
2013.04.17 16:29:57.773,1.0443,1.04448,1.50,1.50
2013.04.17 16:29:57.844,1.04432,1.04452,2.25,1.50
2013.04.17 16:29:58.093,1.04435,1.04456,1.35,1.50
2013.04.17 16:29:58.162,1.04435,1.04457,3.53,1.50
2013.04.17 16:29:58.285,1.04438,1.04459,1.50,1.50
2013.04.17 16:29:58.352,1.04439,1.04461,1.50,1.50
2013.04.17 16:29:58.478,1.04443,1.04462,1.50,1.50
2013.04.17 16:29:58.782,1.04445,1.04466,1.50,1.50
2013.04.17 16:29:59.081,1.04441,1.04464,1.50,1.50
2013.04.17 16:29:59.322,1.04443,1.04466,2.18,1.65
2013.04.17 16:29:59.582,1.04443,1.04465,1.50,1.50
2013.04.17 16:30:00.071,1.04442,1.04464,2.25,1.50
2013.04.17 16:30:00.441,1.04447,1.04467,1.50,1.50
2013.04.17 16:30:00.865,1.04447,1.04469,2.25,1.50
2013.04.17 16:30:01.171,1.04451,1.0447,1.50,2.25
2013.04.17 16:30:01.492,1.04459,1.0447,1.50,2.25
2013.04.17 16:30:01.803,1.0447,1.04491,1.50,1.28
2013.04.17 16:30:01.993,1.04472,1.04492,1.88,2.25
2013.04.17 16:30:02.303,1.04476,1.04498,1.88,2.25
2013.04.17 16:30:02.494,1.0447,1.04492,1.13,1.50
2013.04.17 16:30:02.680,1.04468,1.04489,2.63,2.25
2013.04.17 16:30:02.983,1.04473,1.04494,1.50,2.25
2013.04.17 16:30:03.486,1.04474,1.04497,1.50,1.35
2013.04.17 16:30:03.562,1.04476,1.04498,1.50,3.60
2013.04.17 16:30:03.710,1.04479,1.04499,1.50,1.50
2013.04.17 16:30:03.844,1.04483,1.04504,1.50,1.50
2013.04.17 16:30:03.915,1.04485,1.04504,2.25,1.50
2013.04.17 16:30:04.302,1.04483,1.045,2.93,1.50
2013.04.17 16:30:04.423,1.04476,1.04498,1.50,1.50
2013.04.17 16:30:04.492,1.04474,1.04498,1.88,1.50
2013.04.17 16:30:04.742,1.04476,1.04499,1.50,1.50
2013.04.17 16:30:04.992,1.04476,1.04499,3.00,1.50
2013.04.17 16:30:05.294,1.04476,1.045,3.53,2.25
2013.04.17 16:30:05.482,1.04476,1.04497,1.35,1.50
2013.04.17 16:30:05.552,1.04476,1.04496,1.73,1.50
2013.04.17 16:30:05.853,1.04469,1.04485,2.18,1.50
2013.04.17 16:30:05.923,1.04465,1.04483,1.50,1.50
2013.04.17 16:30:05.992,1.04462,1.04481,1.35,1.50
2013.04.17 16:30:06.172,1.04458,1.04479,1.50,1.50
2013.04.17 16:30:07.692,1.04456,1.04478,3.00,1.50
2013.04.17 16:30:07.813,1.04456,1.04477,1.50,1.50
2013.04.17 16:30:07.882,1.04453,1.04476,2.25,1.50
2013.04.17 16:30:08.762,1.04457,1.04476,2.25,2.25
2013.04.17 16:30:09.015,1.0446,1.0448,1.35,2.25
2013.04.17 16:30:09.461,1.04462,1.04482,1.50,1.50
2013.04.17 16:30:09.642,1.04465,1.04485,1.50,1.50
2013.04.17 16:30:10.060,1.04467,1.04489,1.50,1.50
2013.04.17 16:30:11.940,1.04467,1.04488,1.50,2.25
2013.04.17 16:30:12.832,1.04472,1.04487,1.50,1.50
2013.04.17 16:30:13.131,1.04474,1.04496,1.58,2.10
2013.04.17 16:30:13.193,1.04473,1.04494,1.58,1.50
2013.04.17 16:30:13.261,1.04471,1.04494,2.33,5.18
2013.04.17 16:30:13.322,1.04471,1.04492,1.50,1.50
2013.04.17 16:30:13.382,1.04471,1.0449,1.50,2.93
2013.04.17 16:30:13.875,1.04467,1.04487,1.35,1.50
2013.04.17 16:30:13.952,1.04467,1.04488,2.10,2.25
2013.04.17 16:30:14.492,1.04467,1.04488,2.93,1.50
2013.04.17 16:30:14.803,1.04467,1.0449,3.60,1.50
2013.04.17 16:30:15.127,1.04477,1.04493,1.50,1.50
2013.04.17 16:30:15.442,1.04482,1.04501,1.50,1.65
2013.04.17 16:30:15.621,1.04483,1.04503,1.50,1.50
2013.04.17 16:30:15.923,1.04487,1.04507,1.50,2.10
2013.04.17 16:30:16.691,1.04488,1.0451,2.93,1.50
2013.04.17 16:30:16.813,1.04489,1.04512,1.50,1.50
2013.04.17 16:30:17.113,1.04486,1.04506,1.50,1.50
2013.04.17 16:30:17.362,1.04483,1.04506,3.00,1.50
2013.04.17 16:30:17.782,1.04486,1.04504,1.50,1.50
2013.04.17 16:30:18.270,1.04483,1.04499,1.50,2.25
2013.04.17 16:30:18.512,1.04485,1.04502,2.25,1.35
2013.04.17 16:30:18.571,1.04485,1.04504,2.25,1.88
2013.04.17 16:30:18.690,1.04487,1.04505,1.50,1.50
2013.04.17 16:30:18.870,1.04488,1.04505,2.25,1.50
2013.04.17 16:30:20.102,1.04489,1.04509,1.50,1.50
2013.04.17 16:30:20.400,1.04491,1.04511,1.50,1.35
2013.04.17 16:30:20.701,1.04491,1.04514,2.25,2.40
2013.04.17 16:30:20.823,1.04491,1.0451,2.25,1.35
2013.04.17 16:30:20.882,1.04489,1.0451,1.50,1.35
2013.04.17 16:30:20.942,1.04486,1.04509,2.25,2.25
2013.04.17 16:30:21.182,1.04486,1.04508,2.25,1.50
2013.04.17 16:30:21.520,1.04484,1.04506,1.50,1.50
2013.04.17 16:30:22.301,1.04484,1.04504,1.50,1.50
2013.04.17 16:30:22.619,1.04481,1.04499,1.50,1.50
2013.04.17 16:30:22.922,1.04475,1.04494,3.00,1.50
2013.04.17 16:30:23.227,1.04472,1.04491,1.50,1.50
2013.04.17 16:30:23.351,1.04471,1.04491,1.88,1.50
2013.04.17 16:30:23.771,1.04472,1.04493,1.50,2.25
2013.04.17 16:30:23.831,1.04473,1.04494,1.50,1.50
2013.04.17 16:30:24.551,1.04471,1.04493,1.50,2.25
2013.04.17 16:30:24.911,1.04469,1.0449,1.88,2.25
2013.04.17 16:30:25.273,1.0447,1.04491,1.88,2.10
2013.04.17 16:30:25.763,1.0447,1.04491,1.88,4.43
2013.04.17 16:30:25.831,1.04466,1.04489,1.50,1.65
2013.04.17 16:30:25.891,1.04464,1.04483,2.10,1.50
2013.04.17 16:30:26.432,1.04464,1.04485,1.50,1.50
2013.04.17 16:30:26.733,1.04471,1.0449,1.50,1.50
2013.04.17 16:30:26.860,1.04471,1.0449,1.50,1.50
2013.04.17 16:30:27.401,1.04471,1.0449,1.50,2.25
2013.04.17 16:30:27.520,1.04467,1.04485,1.50,1.50
2013.04.17 16:30:27.881,1.04462,1.04485,2.10,1.50
2013.04.17 16:30:28.062,1.0446,1.04482,2.25,1.13
2013.04.17 16:30:28.122,1.0446,1.04481,1.50,2.03
2013.04.17 16:30:28.182,1.04455,1.04476,2.25,1.50
2013.04.17 16:30:29.603,1.04455,1.04477,1.58,2.25
2013.04.17 16:30:29.722,1.04456,1.04478,1.50,3.00
2013.04.17 16:30:29.960,1.04458,1.0448,1.50,2.25
2013.04.17 16:30:31.681,1.04459,1.04482,1.50,2.25
2013.04.17 16:30:32.781,1.04459,1.04483,3.75,2.85
2013.04.17 16:30:32.960,1.04462,1.04485,1.50,1.50
2013.04.17 16:30:33.141,1.04462,1.04485,1.50,2.25
2013.04.17 16:30:33.796,1.04462,1.04485,2.25,3.00
2013.04.17 16:30:33.861,1.04462,1.04484,2.25,1.50
2013.04.17 16:30:35.042,1.04465,1.04485,2.25,2.25
2013.04.17 16:30:35.352,1.04475,1.04486,1.50,1.50
2013.04.17 16:30:35.481,1.04477,1.04498,2.25,1.50
2013.04.17 16:30:35.605,1.0448,1.045,1.50,1.65
2013.04.17 16:30:35.732,1.04483,1.04503,1.50,1.58
2013.04.17 16:30:35.792,1.04484,1.04505,1.50,2.10
2013.04.17 16:30:36.101,1.04487,1.04508,1.50,1.65
2013.04.17 16:30:38.826,1.04484,1.04506,2.25,1.50
2013.04.17 16:30:39.652,1.04486,1.04508,2.93,1.65
2013.04.17 16:30:40.751,1.04486,1.04508,1.50,2.40
2013.04.17 16:30:40.941,1.04485,1.04507,1.50,1.50
2013.04.17 16:30:41.183,1.04487,1.04507,1.50,1.50
2013.04.17 16:30:43.043,1.04487,1.04507,1.50,1.50
2013.04.17 16:30:43.641,1.04483,1.04503,1.50,1.50
2013.04.17 16:30:44.201,1.04483,1.04503,1.50,2.25
2013.04.17 16:30:44.261,1.04485,1.04503,1.88,2.25
2013.04.17 16:30:44.952,1.04485,1.04503,1.13,3.00
2013.04.17 16:30:45.191,1.04481,1.04498,1.13,2.25
2013.04.17 16:30:45.563,1.04481,1.04498,1.13,3.00
2013.04.17 16:30:45.692,1.04482,1.04503,1.13,2.10
2013.04.17 16:30:46.209,1.04481,1.04503,1.88,2.10
2013.04.17 16:30:47.101,1.04481,1.04503,1.50,2.10
2013.04.17 16:30:47.161,1.04481,1.04503,2.25,2.10
2013.04.17 16:30:47.744,1.04483,1.04505,3.00,1.50
2013.04.17 16:30:48.275,1.04481,1.04501,2.10,1.50
2013.04.17 16:30:48.341,1.0448,1.04501,1.50,1.50
2013.04.17 16:30:48.460,1.04478,1.04499,1.50,1.50
2013.04.17 16:30:48.981,1.04476,1.04499,1.35,2.25
2013.04.17 16:30:49.520,1.04475,1.04496,2.48,1.50
2013.04.17 16:30:51.373,1.04475,1.04493,2.25,2.85
2013.04.17 16:30:51.495,1.04472,1.04492,1.50,1.50
2013.04.17 16:30:51.681,1.04469,1.04489,1.35,1.50
2013.04.17 16:30:51.801,1.0447,1.04489,1.35,1.50
2013.04.17 16:30:51.862,1.0447,1.04494,3.60,1.50
2013.04.17 16:30:52.231,1.04472,1.04494,1.88,2.25
2013.04.17 16:30:52.783,1.04472,1.04494,2.63,2.25
2013.04.17 16:30:52.852,1.04475,1.04494,1.50,1.50
2013.04.17 16:30:56.751,1.04476,1.04498,1.13,1.50
2013.04.17 16:30:56.870,1.04476,1.04499,2.48,2.25
2013.04.17 16:30:58.444,1.04477,1.04499,1.73,2.25
2013.04.17 16:30:59.002,1.04479,1.04499,1.50,1.50
2013.04.17 16:31:01.328,1.0448,1.04501,1.13,1.50
2013.04.17 16:31:01.973,1.04481,1.04502,1.13,1.50
2013.04.17 16:31:02.153,1.04481,1.04504,2.63,2.85
2013.04.17 16:31:02.222,1.04482,1.04505,5.33,2.25
2013.04.17 16:31:02.282,1.04485,1.04507,1.88,2.25
2013.04.17 16:31:02.773,1.04486,1.04509,2.48,1.50
2013.04.17 16:31:03.308,1.04488,1.0451,1.50,1.50
2013.04.17 16:31:03.736,1.04488,1.0451,1.88,2.25
2013.04.17 16:31:03.982,1.04486,1.04505,2.85,1.50
2013.04.17 16:31:04.585,1.04486,1.04506,2.10,1.50
2013.04.17 16:31:06.471,1.04486,1.0451,3.98,2.25
2013.04.17 16:31:06.982,1.0449,1.0451,1.20,1.50
2013.04.17 16:31:07.231,1.04496,1.04513,1.73,1.50
2013.04.17 16:31:07.651,1.04498,1.04518,1.50,1.50
2013.04.17 16:31:07.771,1.04499,1.0452,1.50,1.50
2013.04.17 16:31:08.072,1.045,1.04522,2.25,1.50
2013.04.17 16:31:08.131,1.04501,1.04522,1.50,1.50
2013.04.17 16:31:08.467,1.04504,1.04525,2.25,1.35
2013.04.17 16:31:08.713,1.04506,1.04527,3.75,1.50
2013.04.17 16:31:08.901,1.0451,1.0453,1.50,2.25
2013.04.17 16:31:09.023,1.04507,1.04529,2.25,1.50
2013.04.17 16:31:09.204,1.04509,1.04529,1.50,1.50
2013.04.17 16:31:09.272,1.04509,1.04529,1.50,1.50
2013.04.17 16:31:09.631,1.04506,1.04527,1.50,2.25
2013.04.17 16:31:10.164,1.04505,1.04524,1.50,1.50
2013.04.17 16:31:11.362,1.0451,1.04529,2.18,1.50
2013.04.17 16:31:11.421,1.04511,1.04533,1.13,2.25
2013.04.17 16:31:11.841,1.04512,1.04535,1.50,2.25
2013.04.17 16:31:12.143,1.04516,1.04537,1.50,1.58
2013.04.17 16:31:12.211,1.04516,1.04539,1.50,2.25
2013.04.17 16:31:12.750,1.04516,1.04538,3.38,1.35
2013.04.17 16:31:12.811,1.04516,1.04538,2.63,2.10
2013.04.17 16:31:13.351,1.04514,1.04536,1.50,1.50
2013.04.17 16:31:13.890,1.04514,1.04533,1.50,1.50
2013.04.17 16:31:14.191,1.04511,1.04531,2.25,1.50
2013.04.17 16:31:14.314,1.0451,1.0453,1.50,1.50
2013.04.17 16:31:14.981,1.0451,1.04528,1.50,1.50
2013.04.17 16:31:15.802,1.04511,1.0453,1.50,1.50
2013.04.17 16:31:15.922,1.04512,1.04531,3.23,1.50
2013.04.17 16:31:16.281,1.04517,1.04538,1.50,1.50
2013.04.17 16:31:16.582,1.04516,1.04539,3.00,1.58
2013.04.17 16:31:17.002,1.04518,1.04541,3.00,2.40
2013.04.17 16:31:17.562,1.04519,1.04541,3.00,1.50
2013.04.17 16:31:17.921,1.04523,1.04545,1.50,1.50
2013.04.17 16:31:18.641,1.04522,1.04537,1.50,1.50
2013.04.17 16:31:18.881,1.0452,1.04535,2.10,2.25
2013.04.17 16:31:19.522,1.04521,1.04535,1.65,1.50
2013.04.17 16:31:19.581,1.04522,1.04537,2.40,1.50
2013.04.17 16:31:19.642,1.04522,1.0454,2.40,1.50
2013.04.17 16:31:19.701,1.04524,1.0454,1.73,1.50
2013.04.17 16:31:20.241,1.04526,1.0454,1.50,1.50
2013.04.17 16:31:20.661,1.04527,1.04548,2.25,1.50
2013.04.17 16:31:20.962,1.04528,1.0455,3.90,2.18
2013.04.17 16:31:21.388,1.04532,1.04551,1.50,3.60
2013.04.17 16:31:21.474,1.04522,1.04539,1.50,1.50
2013.04.17 16:31:21.687,1.04517,1.04539,1.50,1.50
2013.04.17 16:31:21.829,1.04517,1.04539,1.50,1.50
2013.04.17 16:31:22.273,1.04517,1.0454,2.25,1.50
2013.04.17 16:31:22.821,1.04517,1.04539,1.50,1.50
2013.04.17 16:31:23.097,1.04518,1.04542,2.25,1.50
2013.04.17 16:31:23.170,1.04518,1.04541,2.25,1.50
2013.04.17 16:31:23.471,1.04518,1.04542,2.25,1.50
2013.04.17 16:31:23.591,1.04518,1.04542,2.25,1.50
2013.04.17 16:31:24.462,1.04518,1.04542,2.25,1.50
2013.04.17 16:31:25.443,1.04517,1.0454,1.50,1.50
2013.04.17 16:31:25.513,1.04517,1.04538,1.50,1.50
2013.04.17 16:31:26.013,1.04518,1.04541,1.50,1.50
2013.04.17 16:31:26.682,1.04517,1.04538,1.50,1.50
2013.04.17 16:31:26.921,1.04518,1.04536,1.50,1.50
2013.04.17 16:31:27.043,1.04512,1.04532,1.50,1.50
2013.04.17 16:31:27.225,1.04507,1.04531,2.25,1.50
2013.04.17 16:31:28.408,1.04515,1.04533,2.25,1.50
2013.04.17 16:31:28.484,1.04521,1.04541,1.35,1.50
2013.04.17 16:31:28.672,1.04519,1.04537,1.58,1.50
2013.04.17 16:31:28.922,1.04516,1.04537,1.50,2.25
2013.04.17 16:31:30.112,1.04522,1.04537,1.35,1.50
2013.04.17 16:31:30.177,1.04521,1.04541,1.35,2.25
2013.04.17 16:31:31.141,1.04515,1.04522,2.18,2.25
2013.04.17 16:31:31.321,1.04503,1.04518,3.08,3.00
2013.04.17 16:31:31.381,1.04493,1.04512,1.50,1.50
2013.04.17 16:31:31.501,1.0449,1.0451,1.35,1.50
2013.04.17 16:31:31.861,1.04492,1.04513,2.33,1.50
2013.04.17 16:31:31.921,1.04492,1.04513,2.33,1.50
2013.04.17 16:31:31.982,1.04493,1.04515,1.50,2.25
2013.04.17 16:31:32.041,1.04492,1.04513,1.58,1.50
2013.04.17 16:31:32.162,1.04491,1.04511,1.58,2.25
2013.04.17 16:31:32.463,1.04485,1.04506,1.50,1.50
2013.04.17 16:31:32.787,1.04496,1.04512,1.50,1.65
2013.04.17 16:31:32.853,1.04497,1.04512,2.25,1.50
2013.04.17 16:31:33.041,1.045,1.04517,1.50,1.50
2013.04.17 16:31:34.000,1.04502,1.04516,2.93,1.50
2013.04.17 16:31:34.198,1.04506,1.04518,1.50,1.50
2013.04.17 16:31:34.268,1.04508,1.04521,1.50,1.88
2013.04.17 16:31:34.971,1.04511,1.04519,1.50,1.50
2013.04.17 16:31:35.043,1.04504,1.04526,2.25,1.50
2013.04.17 16:31:35.342,1.04503,1.04524,1.50,1.50
2013.04.17 16:31:35.821,1.04502,1.04524,3.60,1.50
2013.04.17 16:31:35.882,1.04504,1.04526,1.50,1.50
2013.04.17 16:31:36.192,1.04508,1.0453,1.13,1.50
2013.04.17 16:31:36.314,1.04511,1.04532,1.50,5.33
2013.04.17 16:31:36.382,1.04512,1.04532,1.13,4.58
2013.04.17 16:31:36.683,1.04521,1.04534,1.50,1.50
2013.04.17 16:31:36.812,1.04523,1.04541,1.80,2.25
2013.04.17 16:31:36.883,1.04526,1.04542,1.13,1.50
2013.04.17 16:31:36.954,1.04527,1.04545,1.13,2.25
2013.04.17 16:31:37.082,1.04527,1.04545,1.13,2.33
2013.04.17 16:31:37.322,1.04527,1.04546,1.13,1.50
2013.04.17 16:31:37.734,1.04526,1.04545,1.13,1.50
2013.04.17 16:31:38.067,1.04523,1.04545,1.13,1.50
2013.04.17 16:31:38.275,1.04526,1.04547,1.50,1.50
2013.04.17 16:31:38.544,1.04527,1.04548,3.00,1.50
2013.04.17 16:31:38.672,1.04527,1.04551,3.00,2.93
2013.04.17 16:31:41.362,1.04532,1.04555,2.25,1.50
2013.04.17 16:31:41.558,1.04531,1.04554,1.50,1.50
2013.04.17 16:31:41.695,1.04531,1.04553,1.50,1.50
2013.04.17 16:31:42.023,1.0453,1.04553,1.88,1.50
2013.04.17 16:31:42.151,1.0453,1.04553,1.50,2.25
2013.04.17 16:31:42.521,1.04529,1.0455,1.35,1.50
2013.04.17 16:31:43.043,1.04529,1.04552,2.10,2.25
2013.04.17 16:31:43.354,1.04538,1.04554,1.50,1.50
2013.04.17 16:31:43.486,1.04536,1.04558,1.50,1.50
2013.04.17 16:31:43.552,1.04535,1.04555,2.85,3.08
2013.04.17 16:31:43.613,1.04535,1.04555,1.50,2.33
2013.04.17 16:31:43.920,1.04532,1.04553,1.50,2.18
2013.04.17 16:31:44.222,1.04529,1.04549,1.13,2.10
2013.04.17 16:31:44.462,1.04527,1.04549,1.50,1.50
2013.04.17 16:31:44.535,1.04527,1.04549,1.50,1.58
2013.04.17 16:31:44.679,1.04529,1.04551,2.25,3.00
2013.04.17 16:31:44.861,1.04529,1.04549,1.50,1.50
2013.04.17 16:31:45.292,1.04528,1.04547,1.50,2.93
2013.04.17 16:31:45.653,1.04526,1.04542,1.50,1.50
2013.04.17 16:31:45.833,1.04527,1.04547,1.50,2.85
2013.04.17 16:31:45.951,1.04527,1.04547,1.50,1.50
2013.04.17 16:31:46.631,1.04527,1.0455,2.93,3.00
2013.04.17 16:31:47.583,1.04531,1.0455,1.50,1.50
2013.04.17 16:31:49.074,1.04531,1.04553,2.25,2.10
2013.04.17 16:31:49.707,1.04531,1.04554,3.00,1.58
2013.04.17 16:31:49.962,1.04532,1.04556,3.00,1.50
2013.04.17 16:31:50.024,1.04533,1.04557,1.50,1.50
2013.04.17 16:31:50.763,1.04534,1.04557,1.50,1.50
2013.04.17 16:31:51.705,1.04536,1.04558,2.25,2.85
2013.04.17 16:31:52.243,1.04537,1.04558,1.50,2.10
2013.04.17 16:31:52.563,1.04537,1.04558,1.50,2.85
2013.04.17 16:31:53.993,1.04537,1.04558,2.25,2.85
2013.04.17 16:31:54.221,1.04544,1.04558,1.50,2.10
2013.04.17 16:31:55.973,1.04544,1.04558,1.50,2.10
2013.04.17 16:31:56.292,1.04544,1.04558,1.50,2.10
2013.04.17 16:31:56.352,1.04538,1.04558,1.50,2.10
2013.04.17 16:31:56.902,1.04536,1.04558,1.50,2.85
2013.04.17 16:31:56.963,1.04533,1.04557,2.25,3.08
2013.04.17 16:31:58.441,1.04533,1.04555,1.50,1.50
2013.04.17 16:31:59.598,1.04535,1.04557,1.50,1.58
2013.04.17 16:32:00.052,1.04536,1.04558,2.25,2.18
2013.04.17 16:32:00.240,1.04537,1.04558,1.50,1.35
2013.04.17 16:32:00.780,1.04536,1.04557,2.25,1.50
2013.04.17 16:32:00.891,1.04536,1.04557,1.50,1.50
2013.04.17 16:32:02.611,1.04534,1.04557,2.85,2.25
2013.04.17 16:32:03.181,1.04534,1.04557,2.18,2.25
2013.04.17 16:32:03.483,1.04541,1.04564,1.50,2.85
2013.04.17 16:32:03.689,1.0454,1.04561,1.50,2.25
2013.04.17 16:32:05.141,1.04542,1.04563,1.50,2.25
2013.04.17 16:32:05.201,1.04543,1.04565,1.50,1.50
2013.04.17 16:32:05.913,1.04543,1.04566,1.50,1.50
2013.04.17 16:32:06.808,1.04545,1.04568,1.50,2.25
2013.04.17 16:32:07.161,1.04545,1.04565,1.50,1.50
2013.04.17 16:32:07.522,1.04547,1.04569,1.50,2.25
2013.04.17 16:32:08.130,1.04545,1.04569,3.00,2.25
2013.04.17 16:32:08.752,1.04547,1.04569,2.25,2.25
2013.04.17 16:32:08.871,1.04549,1.04569,1.50,1.50
2013.04.17 16:32:08.931,1.04549,1.04569,1.50,1.50
2013.04.17 16:32:09.466,1.04548,1.04569,1.50,2.25
2013.04.17 16:32:09.548,1.04546,1.04569,2.25,3.15
2013.04.17 16:32:09.628,1.04546,1.04566,1.50,2.25
2013.04.17 16:32:09.895,1.04544,1.04563,1.50,1.50
2013.04.17 16:32:10.023,1.04542,1.04563,1.50,1.50
2013.04.17 16:32:10.152,1.04542,1.04561,1.50,1.50
2013.04.17 16:32:10.462,1.04534,1.0455,1.50,1.50
2013.04.17 16:32:10.822,1.04524,1.04539,1.13,1.50
2013.04.17 16:32:10.882,1.04523,1.04539,1.50,2.25
2013.04.17 16:32:11.002,1.04523,1.04542,1.50,1.50
2013.04.17 16:32:11.062,1.04524,1.04544,2.10,1.50
2013.04.17 16:32:11.122,1.04526,1.04548,1.35,1.50
2013.04.17 16:32:11.301,1.04527,1.04549,2.25,1.50
2013.04.17 16:32:11.421,1.04527,1.04549,2.33,1.50
2013.04.17 16:32:11.983,1.04528,1.04549,2.48,1.50
2013.04.17 16:32:12.171,1.04532,1.04553,1.58,1.50
2013.04.17 16:32:12.291,1.04532,1.04554,2.33,1.50
2013.04.17 16:32:13.041,1.04529,1.04547,3.08,1.50
2013.04.17 16:32:13.282,1.04521,1.04541,1.50,2.25
2013.04.17 16:32:13.401,1.04518,1.04539,1.50,2.25
2013.04.17 16:32:13.462,1.04516,1.04539,1.50,3.00
2013.04.17 16:32:13.771,1.04514,1.04534,2.33,1.50
2013.04.17 16:32:14.689,1.04515,1.04537,3.68,2.25
2013.04.17 16:32:14.992,1.04521,1.04538,1.50,1.50
2013.04.17 16:32:15.112,1.04521,1.04539,1.50,1.50
2013.04.17 16:32:15.233,1.04521,1.04539,1.50,1.50
2013.04.17 16:32:15.485,1.04518,1.04539,2.10,1.50
2013.04.17 16:32:16.091,1.04518,1.0454,1.35,1.50
2013.04.17 16:32:16.272,1.04518,1.0454,2.10,1.58
2013.04.17 16:32:16.632,1.04516,1.04539,2.93,3.90
2013.04.17 16:32:16.692,1.04515,1.04538,3.00,1.50
2013.04.17 16:32:17.154,1.04516,1.04539,1.50,3.15
2013.04.17 16:32:17.690,1.04516,1.04539,2.25,3.15
2013.04.17 16:32:17.872,1.04518,1.0454,1.50,1.50
2013.04.17 16:32:18.352,1.0452,1.04541,1.50,1.50
2013.04.17 16:32:21.241,1.04522,1.04543,1.50,1.50
2013.04.17 16:32:21.602,1.04526,1.04546,1.50,1.35
2013.04.17 16:32:21.961,1.0453,1.04551,1.50,1.50
2013.04.17 16:32:22.273,1.04532,1.04554,2.25,1.50
2013.04.17 16:32:22.341,1.04534,1.04555,1.50,2.40
2013.04.17 16:32:22.762,1.04537,1.04558,1.50,1.65
2013.04.17 16:32:23.073,1.04536,1.04556,1.50,3.00
2013.04.17 16:32:23.131,1.04532,1.04554,1.50,2.25
2013.04.17 16:32:23.381,1.04531,1.04553,1.50,1.50
2013.04.17 16:32:23.890,1.0453,1.04551,1.50,1.50
2013.04.17 16:32:24.801,1.0453,1.04552,3.00,1.35
2013.04.17 16:32:24.862,1.04532,1.04554,1.50,1.58
2013.04.17 16:32:25.372,1.04533,1.04554,1.50,1.58
2013.04.17 16:32:25.701,1.04533,1.0455,2.25,1.50
2013.04.17 16:32:26.011,1.04522,1.04545,3.00,3.00
2013.04.17 16:32:26.071,1.04522,1.04543,2.25,1.50
2013.04.17 16:32:26.374,1.04523,1.04545,2.25,1.50
2013.04.17 16:32:27.109,1.04521,1.04543,2.25,1.50
2013.04.17 16:32:27.177,1.04523,1.04544,1.50,1.50
2013.04.17 16:32:28.220,1.04523,1.04544,1.50,1.50
2013.04.17 16:32:30.039,1.04525,1.04546,2.25,1.50
2013.04.17 16:32:30.340,1.04529,1.04552,2.25,3.38
2013.04.17 16:32:31.091,1.04532,1.04552,1.35,2.25
2013.04.17 16:32:31.450,1.04534,1.04556,1.50,1.50
2013.04.17 16:32:31.854,1.04532,1.04554,1.43,1.50
2013.04.17 16:32:32.411,1.04532,1.04554,4.43,1.50
2013.04.17 16:32:32.597,1.04532,1.04551,1.35,1.50
2013.04.17 16:32:32.664,1.0453,1.04551,2.10,1.50
2013.04.17 16:32:33.152,1.04528,1.04546,2.25,1.50
2013.04.17 16:32:33.331,1.04525,1.04544,2.25,1.50
2013.04.17 16:32:34.441,1.0453,1.04543,1.50,1.50
2013.04.17 16:32:34.743,1.04532,1.04549,2.25,1.50
2013.04.17 16:32:34.812,1.04532,1.0455,2.85,1.50
2013.04.17 16:32:34.873,1.04533,1.04549,1.35,1.50
2013.04.17 16:32:34.943,1.0453,1.04549,2.10,1.50
2013.04.17 16:32:35.072,1.0453,1.04549,1.35,2.25
2013.04.17 16:32:35.481,1.04528,1.04547,1.35,1.50
2013.04.17 16:32:35.822,1.04528,1.04548,1.35,1.50
2013.04.17 16:32:36.371,1.04529,1.04548,1.35,1.50
2013.04.17 16:32:37.252,1.04527,1.04548,2.10,1.50
2013.04.17 16:32:38.312,1.0453,1.04549,2.25,1.50
2013.04.17 16:32:38.492,1.04531,1.04551,1.43,1.50
2013.04.17 16:32:39.577,1.04535,1.04557,1.35,2.25
2013.04.17 16:32:40.401,1.04535,1.04556,1.35,1.50
2013.04.17 16:32:40.464,1.04537,1.04557,3.08,2.25
2013.04.17 16:32:41.021,1.04536,1.04556,1.35,1.50
2013.04.17 16:32:42.401,1.04535,1.04555,1.35,1.50
2013.04.17 16:32:42.930,1.04534,1.04554,1.35,3.00
2013.04.17 16:32:45.401,1.04532,1.04554,6.00,2.25
2013.04.17 16:32:45.581,1.04532,1.04553,1.50,2.25
2013.04.17 16:32:45.761,1.04528,1.04548,2.33,1.50
2013.04.17 16:32:46.243,1.04527,1.04546,1.50,1.50
2013.04.17 16:32:46.421,1.04523,1.04546,4.43,1.50
2013.04.17 16:32:49.223,1.04526,1.04546,1.50,1.50
2013.04.17 16:32:49.292,1.04526,1.04547,3.00,1.50
2013.04.17 16:32:49.472,1.04528,1.04548,1.50,1.50
2013.04.17 16:32:49.991,1.04527,1.04547,3.60,1.50
2013.04.17 16:32:50.051,1.04527,1.04549,4.35,1.50
2013.04.17 16:32:50.294,1.04527,1.04548,2.10,2.25
2013.04.17 16:32:51.082,1.04527,1.04548,2.10,2.25
2013.04.17 16:32:51.551,1.04529,1.04549,1.50,2.25
2013.04.17 16:32:53.193,1.04529,1.04549,2.25,1.50
2013.04.17 16:32:53.442,1.04529,1.04549,1.50,1.50
2013.04.17 16:32:53.562,1.04527,1.04549,2.93,2.25
2013.04.17 16:32:53.992,1.0453,1.04548,1.50,1.50
2013.04.17 16:32:55.182,1.0453,1.04549,2.25,2.25
2013.04.17 16:32:56.093,1.0453,1.0455,2.25,1.50
2013.04.17 16:32:58.153,1.0453,1.04552,2.25,1.50
2013.04.17 16:32:58.461,1.04533,1.04554,2.85,2.44
2013.04.17 16:32:58.971,1.04534,1.04554,1.50,1.50
2013.04.17 16:32:59.404,1.04535,1.04556,2.25,1.50
2013.04.17 16:32:59.591,1.04535,1.04556,1.50,1.50
2013.04.17 16:32:59.712,1.04537,1.04557,3.60,1.50
2013.04.17 16:32:59.830,1.04538,1.04559,1.50,1.50
2013.04.17 16:33:00.374,1.04538,1.04559,1.58,1.50
2013.04.17 16:33:00.851,1.04538,1.04559,2.33,1.50
2013.04.17 16:33:01.212,1.04544,1.04564,2.18,1.13
2013.04.17 16:33:01.681,1.04544,1.04565,2.10,1.50
2013.04.17 16:33:01.982,1.04546,1.04565,1.43,1.50
2013.04.17 16:33:02.043,1.04547,1.04566,1.58,1.50
2013.04.17 16:33:02.291,1.04547,1.04568,2.33,1.50
2013.04.17 16:33:02.792,1.04547,1.04568,3.08,1.50
2013.04.17 16:33:02.912,1.04549,1.04569,1.50,1.50
2013.04.17 16:33:03.092,1.04551,1.04574,2.85,2.25
2013.04.17 16:33:03.405,1.04551,1.04574,2.85,2.63
2013.04.17 16:33:04.593,1.04551,1.0457,2.10,1.50
2013.04.17 16:33:05.350,1.04555,1.0457,2.10,1.50
2013.04.17 16:33:05.471,1.04555,1.04573,4.35,1.50
2013.04.17 16:33:05.591,1.04555,1.0457,2.25,1.50
2013.04.17 16:33:05.892,1.04552,1.04573,2.33,1.50
2013.04.17 16:33:09.040,1.04552,1.04574,2.33,2.25
2013.04.17 16:33:09.161,1.04555,1.04575,1.50,1.50
2013.04.17 16:33:09.771,1.04556,1.04577,1.50,1.50
2013.04.17 16:33:12.960,1.04554,1.04577,1.58,2.25
2013.04.17 16:33:20.502,1.04555,1.04574,1.50,2.85
2013.04.17 16:33:20.863,1.04553,1.0456,1.50,1.50
2013.04.17 16:33:20.931,1.0455,1.04559,1.43,2.25
2013.04.17 16:33:20.993,1.04537,1.04559,1.50,3.00
2013.04.17 16:33:22.245,1.04537,1.04559,2.25,1.50
2013.04.17 16:33:22.311,1.04539,1.04562,1.50,2.33
2013.04.17 16:33:22.551,1.04537,1.04558,1.50,1.58
2013.04.17 16:33:22.733,1.04536,1.04557,1.50,1.50
2013.04.17 16:33:23.559,1.04534,1.04556,2.40,1.50
2013.04.17 16:33:23.665,1.04533,1.04556,1.65,1.50
2013.04.17 16:33:23.913,1.04536,1.04557,2.25,1.50
2013.04.17 16:33:23.972,1.04536,1.04559,3.00,3.68
2013.04.17 16:33:25.001,1.04538,1.04559,1.50,2.25
2013.04.17 16:33:25.546,1.0454,1.04559,1.50,1.50
2013.04.17 16:33:27.021,1.0454,1.04555,1.50,3.75
2013.04.17 16:33:27.261,1.04532,1.04551,1.50,2.33
2013.04.17 16:33:27.860,1.04526,1.04549,2.25,1.50
2013.04.17 16:33:29.233,1.04526,1.04549,1.50,2.25
2013.04.17 16:33:31.702,1.04527,1.04548,1.58,1.50
2013.04.17 16:33:31.761,1.0453,1.04548,2.10,1.50
2013.04.17 16:33:31.822,1.04535,1.04552,1.35,3.00
2013.04.17 16:33:32.062,1.04535,1.04555,2.10,1.50
2013.04.17 16:33:32.601,1.04534,1.04553,1.50,1.50
2013.04.17 16:33:33.482,1.04532,1.04553,3.00,1.50
2013.04.17 16:33:33.722,1.04526,1.04548,1.50,3.19
2013.04.17 16:33:34.614,1.04525,1.04546,1.88,1.50
2013.04.17 16:33:36.962,1.04526,1.04548,2.40,1.50
2013.04.17 16:33:37.022,1.04532,1.0455,1.50,2.25
2013.04.17 16:33:37.081,1.04532,1.04553,2.25,1.50
2013.04.17 16:33:37.141,1.04532,1.04554,3.00,1.50
2013.04.17 16:33:38.873,1.04532,1.04554,1.50,1.50
2013.04.17 16:33:39.182,1.04532,1.04554,2.25,1.65
2013.04.17 16:33:39.503,1.04529,1.04549,1.50,1.35
2013.04.17 16:33:39.632,1.04526,1.04549,3.00,2.10
2013.04.17 16:33:39.813,1.04526,1.04548,1.50,3.00
2013.04.17 16:33:40.343,1.04525,1.04547,1.50,1.58
2013.04.17 16:33:40.931,1.04525,1.04547,1.50,1.58
2013.04.17 16:33:42.035,1.04524,1.04544,1.50,1.50
2013.04.17 16:33:44.218,1.04524,1.04541,1.50,1.50
2013.04.17 16:33:44.973,1.04521,1.04543,2.93,3.23
2013.04.17 16:33:45.064,1.04514,1.04536,2.25,1.50
2013.04.17 16:33:45.302,1.04516,1.04538,1.50,2.25
2013.04.17 16:33:46.291,1.04516,1.04536,1.50,1.50
2013.04.17 16:33:47.087,1.04516,1.04538,1.50,2.25
2013.04.17 16:33:47.732,1.04517,1.04539,1.20,3.60
2013.04.17 16:33:48.091,1.04519,1.04539,1.35,1.50
2013.04.17 16:33:48.822,1.04519,1.04538,1.35,1.50
2013.04.17 16:33:51.334,1.04517,1.0454,2.25,2.25
2013.04.17 16:33:51.466,1.04521,1.0454,1.50,1.50
2013.04.17 16:33:51.783,1.04518,1.04539,1.65,1.50
2013.04.17 16:33:52.523,1.0452,1.04539,1.50,1.50
2013.04.17 16:33:52.832,1.04523,1.04544,2.93,1.50
2013.04.17 16:33:53.621,1.04522,1.04543,2.25,4.43
2013.04.17 16:33:53.681,1.04522,1.04543,1.50,4.43
2013.04.17 16:33:54.397,1.04522,1.04543,1.50,2.25
2013.04.17 16:33:54.461,1.04521,1.04541,1.50,1.50
2013.04.17 16:33:54.705,1.04519,1.04539,1.50,1.50
2013.04.17 16:33:54.773,1.04517,1.04539,2.25,1.50
2013.04.17 16:33:54.904,1.04517,1.04537,1.50,1.50
2013.04.17 16:33:55.045,1.04516,1.04538,2.25,2.25
2013.04.17 16:33:55.115,1.04516,1.04538,2.25,2.25
2013.04.17 16:33:55.185,1.04517,1.04539,1.50,2.25
2013.04.17 16:33:56.141,1.04517,1.04538,2.25,1.50
2013.04.17 16:33:57.251,1.04515,1.04536,2.18,1.50
2013.04.17 16:33:57.551,1.04516,1.04538,1.50,1.50
2013.04.17 16:33:57.671,1.04515,1.04536,2.10,1.50
2013.04.17 16:33:58.215,1.04513,1.04534,3.68,1.50
2013.04.17 16:33:58.285,1.04513,1.04534,3.98,1.50
2013.04.17 16:33:58.353,1.04517,1.04536,1.65,2.25
2013.04.17 16:33:58.671,1.04513,1.04533,3.00,1.50
2013.04.17 16:33:58.975,1.04509,1.04529,2.18,1.50
2013.04.17 16:33:59.184,1.04503,1.04524,1.50,1.50
2013.04.17 16:33:59.722,1.04503,1.04524,1.50,4.73
2013.04.17 16:34:00.452,1.04503,1.04522,1.50,1.50
2013.04.17 16:34:00.582,1.045,1.04522,1.50,2.25
2013.04.17 16:34:00.942,1.04499,1.0452,1.50,1.50
2013.04.17 16:34:01.446,1.04497,1.04518,3.08,1.50
2013.04.17 16:34:02.260,1.04502,1.04523,1.50,1.58
2013.04.17 16:34:02.585,1.04503,1.04525,1.50,1.50
2013.04.17 16:34:04.432,1.04503,1.04525,2.25,1.50
2013.04.17 16:34:04.611,1.04503,1.04522,1.50,1.50
2013.04.17 16:34:05.190,1.04503,1.04524,1.50,1.50
2013.04.17 16:34:05.372,1.04504,1.04526,1.50,2.25
2013.04.17 16:34:07.633,1.04502,1.04524,2.25,1.50
2013.04.17 16:34:08.835,1.04504,1.04524,1.35,1.50
2013.04.17 16:34:09.172,1.04506,1.04529,2.25,1.50
2013.04.17 16:34:09.511,1.04511,1.0453,2.85,1.50
2013.04.17 16:34:09.631,1.04513,1.04534,1.35,2.25
2013.04.17 16:34:09.871,1.04515,1.04534,1.50,1.50
2013.04.17 16:34:10.562,1.04515,1.04538,2.25,1.50
2013.04.17 16:34:11.384,1.04513,1.04534,1.43,1.50
2013.04.17 16:34:11.462,1.04513,1.04534,1.35,1.50
2013.04.17 16:34:18.413,1.0451,1.04532,1.50,1.50
2013.04.17 16:34:18.783,1.04507,1.04528,1.50,2.25
2013.04.17 16:34:18.842,1.04505,1.04526,3.00,1.50
2013.04.17 16:34:19.642,1.04507,1.04529,1.50,1.50
2013.04.17 16:34:20.541,1.04507,1.04529,2.25,1.50
2013.04.17 16:34:21.036,1.04516,1.04538,2.25,1.50
2013.04.17 16:34:21.222,1.04514,1.04536,2.85,1.50
2013.04.17 16:34:21.282,1.04517,1.04538,1.50,2.25
2013.04.17 16:34:23.441,1.04517,1.04538,3.00,2.25
2013.04.17 16:34:23.561,1.04522,1.04538,1.50,1.50
2013.04.17 16:34:23.682,1.04526,1.04542,1.50,1.50
2013.04.17 16:34:23.997,1.04524,1.04541,2.10,1.50
2013.04.17 16:34:24.063,1.04524,1.04541,1.35,1.50
2013.04.17 16:34:24.132,1.04519,1.04541,1.50,2.25
2013.04.17 16:34:24.191,1.04518,1.04541,1.50,3.75
2013.04.17 16:34:24.250,1.04518,1.04539,1.50,1.50
2013.04.17 16:34:24.681,1.04518,1.0454,1.50,1.50
2013.04.17 16:34:24.742,1.04518,1.04541,1.50,1.50
2013.04.17 16:34:25.676,1.04518,1.04541,1.50,3.00
2013.04.17 16:34:28.362,1.04517,1.04537,2.85,2.25
2013.04.17 16:34:28.541,1.04513,1.04534,2.25,1.50
2013.04.17 16:34:28.663,1.04513,1.04537,3.68,3.00
2013.04.17 16:34:30.328,1.04517,1.04538,1.50,1.50
2013.04.17 16:34:30.393,1.04517,1.04539,2.25,1.50
2013.04.17 16:34:30.702,1.04518,1.0454,1.50,1.50
2013.04.17 16:34:30.882,1.04517,1.0454,1.50,2.25
2013.04.17 16:34:31.862,1.04516,1.04538,2.25,1.50
2013.04.17 16:34:32.520,1.04516,1.04538,1.50,3.00
2013.04.17 16:34:32.592,1.04516,1.04538,1.50,5.25
2013.04.17 16:34:32.939,1.04516,1.04538,1.50,5.25
2013.04.17 16:34:34.111,1.04516,1.04533,1.50,1.35
2013.04.17 16:34:34.414,1.04509,1.04528,1.50,2.25
2013.04.17 16:34:34.482,1.04507,1.04524,1.50,3.00
2013.04.17 16:34:34.805,1.045,1.04523,1.50,2.85
2013.04.17 16:34:35.491,1.04503,1.04523,1.50,2.85
2013.04.17 16:34:35.568,1.04504,1.04525,1.50,1.50
2013.04.17 16:34:39.557,1.04506,1.04526,1.50,1.50
2013.04.17 16:34:39.801,1.04509,1.04528,1.50,2.25
2013.04.17 16:34:39.981,1.0451,1.04528,1.50,1.50
2013.04.17 16:34:40.044,1.04511,1.04532,1.50,2.93
2013.04.17 16:34:40.171,1.04511,1.04533,1.50,1.50
2013.04.17 16:34:42.671,1.04511,1.04532,1.50,2.33
2013.04.17 16:34:42.733,1.04509,1.04531,1.50,1.50
2013.04.17 16:34:42.912,1.04511,1.04531,1.50,1.50
2013.04.17 16:34:42.972,1.04511,1.04531,3.00,1.50
2013.04.17 16:34:43.332,1.04513,1.04535,1.50,1.69
2013.04.17 16:34:43.693,1.04516,1.04537,1.50,1.50
2013.04.17 16:34:44.252,1.04516,1.04538,1.65,1.50
2013.04.17 16:34:44.431,1.04519,1.04539,1.50,1.50
2013.04.17 16:34:44.561,1.04519,1.04539,1.50,1.50
2013.04.17 16:34:45.221,1.04519,1.04539,1.50,1.50
2013.04.17 16:34:46.710,1.04517,1.04538,1.35,1.50
2013.04.17 16:34:47.211,1.04517,1.04538,1.35,3.00
2013.04.17 16:34:47.270,1.04516,1.04537,1.58,1.50
2013.04.17 16:34:47.390,1.04517,1.04538,1.35,1.50
2013.04.17 16:34:48.031,1.04517,1.04539,1.50,1.50
2013.04.17 16:34:48.543,1.04517,1.04539,1.50,1.50
2013.04.17 16:34:49.642,1.04517,1.04539,1.50,1.50
2013.04.17 16:34:50.493,1.0452,1.0454,1.50,1.35
2013.04.17 16:34:50.561,1.04521,1.0454,1.50,1.35
2013.04.17 16:34:50.623,1.04525,1.04543,2.10,1.50
2013.04.17 16:34:50.742,1.04527,1.04547,1.50,1.13
2013.04.17 16:34:50.863,1.04529,1.04551,1.50,1.13
2013.04.17 16:34:51.532,1.04529,1.04551,1.50,1.50
2013.04.17 16:34:51.831,1.04533,1.04552,1.50,1.50
2013.04.17 16:34:53.251,1.04534,1.04556,1.50,1.50
2013.04.17 16:34:54.032,1.04537,1.04558,1.50,3.00
2013.04.17 16:34:54.214,1.04537,1.0456,1.50,2.25
2013.04.17 16:34:54.341,1.0454,1.04561,2.85,1.50
2013.04.17 16:34:54.462,1.04542,1.04564,1.50,1.50
2013.04.17 16:34:54.522,1.04541,1.04564,3.00,1.50
2013.04.17 16:34:54.582,1.04547,1.04564,2.10,1.50
2013.04.17 16:34:54.824,1.04555,1.04573,1.50,1.50
2013.04.17 16:34:54.892,1.04556,1.04573,1.50,1.50
2013.04.17 16:34:55.133,1.04557,1.04577,2.10,1.58
2013.04.17 16:34:55.201,1.04557,1.04577,3.68,1.50
2013.04.17 16:34:55.382,1.0456,1.04581,1.50,1.50
2013.04.17 16:34:55.562,1.04556,1.04579,2.25,1.50
2013.04.17 16:34:56.100,1.04558,1.0458,1.50,1.50
2013.04.17 16:34:57.553,1.04561,1.0458,1.50,1.50
2013.04.17 16:35:00.552,1.04561,1.0458,2.25,2.25
2013.04.17 16:35:00.792,1.04556,1.04577,1.50,2.25
2013.04.17 16:35:00.853,1.04555,1.04577,1.50,3.00
2013.04.17 16:35:05.341,1.04556,1.04577,1.50,4.50
2013.04.17 16:35:05.641,1.04555,1.04575,1.13,2.25
2013.04.17 16:35:05.880,1.04554,1.04574,2.63,1.50
2013.04.17 16:35:06.731,1.04554,1.04574,1.88,2.40
2013.04.17 16:35:06.851,1.04552,1.04574,1.13,3.15
2013.04.17 16:35:07.592,1.04552,1.04572,1.13,3.83
2013.04.17 16:35:07.711,1.04549,1.04569,5.25,1.50
2013.04.17 16:35:07.891,1.04549,1.04571,3.08,1.50
2013.04.17 16:35:07.951,1.04551,1.04572,2.25,3.75
2013.04.17 16:35:08.471,1.04551,1.04572,2.25,3.08
2013.04.17 16:35:09.313,1.04552,1.04573,1.50,3.00
2013.04.17 16:35:09.746,1.04551,1.04572,1.50,1.50
2013.04.17 16:35:09.813,1.04552,1.04573,1.50,3.00
2013.04.17 16:35:10.653,1.04551,1.04571,1.50,1.50
2013.04.17 16:35:10.970,1.04549,1.04569,1.13,1.50
2013.04.17 16:35:11.515,1.04552,1.04573,1.50,3.00
2013.04.17 16:35:12.040,1.04549,1.04571,1.50,1.50
2013.04.17 16:35:13.592,1.04549,1.04571,1.13,4.73
2013.04.17 16:35:14.059,1.0455,1.04568,1.65,1.50
2013.04.17 16:35:14.362,1.04566,1.04582,1.13,2.18
2013.04.17 16:35:14.666,1.04568,1.04589,1.50,1.50
2013.04.17 16:35:14.852,1.0457,1.04591,1.88,1.65
2013.04.17 16:35:14.912,1.0457,1.0459,1.13,1.73
2013.04.17 16:35:15.091,1.04566,1.04589,3.15,1.50
2013.04.17 16:35:15.151,1.04566,1.04589,3.90,1.50
2013.04.17 16:35:15.452,1.04568,1.04589,1.50,1.65
2013.04.17 16:35:15.512,1.04568,1.04591,1.50,4.88
2013.04.17 16:35:16.079,1.04568,1.0459,1.50,1.73
2013.04.17 16:35:16.953,1.04568,1.04591,1.50,2.70
2013.04.17 16:35:17.482,1.04568,1.04589,1.50,1.65
2013.04.17 16:35:17.541,1.04567,1.04589,1.50,1.65
2013.04.17 16:35:17.722,1.04568,1.04591,2.25,3.23
2013.04.17 16:35:18.024,1.04576,1.04595,1.50,2.25
2013.04.17 16:35:18.153,1.04576,1.04596,1.50,1.50
2013.04.17 16:35:18.344,1.04576,1.04597,1.50,2.25
2013.04.17 16:35:18.592,1.0458,1.04598,1.13,1.50
2013.04.17 16:35:18.773,1.04584,1.04601,1.13,1.50
2013.04.17 16:35:19.024,1.04589,1.04609,1.13,1.35
2013.04.17 16:35:19.582,1.04591,1.04612,1.50,2.25
2013.04.17 16:35:22.451,1.04592,1.04609,1.88,1.58
2013.04.17 16:35:22.572,1.04594,1.04611,1.50,1.35
2013.04.17 16:35:22.633,1.04595,1.04616,3.00,1.50
2013.04.17 16:35:22.812,1.04597,1.04619,1.88,3.83
2013.04.17 16:35:23.233,1.04595,1.04615,1.50,1.50
2013.04.17 16:35:23.542,1.04594,1.04614,1.13,2.48
2013.04.17 16:35:23.722,1.04593,1.04613,1.13,1.50
2013.04.17 16:35:23.842,1.04593,1.04613,1.13,1.50
2013.04.17 16:35:24.084,1.04594,1.04614,1.13,3.08
2013.04.17 16:35:24.406,1.04598,1.04614,1.13,1.50
2013.04.17 16:35:24.547,1.04598,1.04619,1.28,1.50
2013.04.17 16:35:24.672,1.04598,1.04619,1.28,1.50
2013.04.17 16:35:24.800,1.04599,1.04618,1.50,1.58
2013.04.17 16:35:24.937,1.04598,1.04616,1.13,2.25
2013.04.17 16:35:25.190,1.04596,1.04616,1.50,3.08
2013.04.17 16:35:27.165,1.04596,1.04616,1.35,1.50
2013.04.17 16:35:27.233,1.04596,1.04618,2.63,1.50
2013.04.17 16:35:27.293,1.04598,1.04618,3.75,1.50
2013.04.17 16:35:27.471,1.046,1.0462,1.50,1.50
2013.04.17 16:35:28.012,1.046,1.0462,1.88,3.83
2013.04.17 16:35:28.567,1.04602,1.0462,1.13,3.08
2013.04.17 16:35:29.852,1.04598,1.04619,1.13,2.25
2013.04.17 16:35:29.912,1.04597,1.04619,1.50,3.75
2013.04.17 16:35:30.271,1.04594,1.04616,1.88,2.33
2013.04.17 16:35:30.891,1.04596,1.04616,1.50,1.35
2013.04.17 16:35:33.132,1.04596,1.04616,1.50,1.35
2013.04.17 16:35:33.253,1.04593,1.04615,1.50,1.50
2013.04.17 16:35:33.675,1.04595,1.04616,1.50,2.10
2013.04.17 16:35:34.221,1.04595,1.04616,1.50,1.35
2013.04.17 16:35:34.743,1.04595,1.04616,1.50,2.18
2013.04.17 16:35:35.553,1.04595,1.04616,1.50,2.33
2013.04.17 16:35:35.681,1.04592,1.04614,1.50,3.23
2013.04.17 16:35:35.802,1.04588,1.04609,1.50,2.10
2013.04.17 16:35:35.872,1.04588,1.04603,1.50,1.35
2013.04.17 16:35:36.122,1.04584,1.04605,1.50,2.40
2013.04.17 16:35:36.442,1.04582,1.04602,2.25,3.75
2013.04.17 16:35:36.565,1.04579,1.04602,1.50,3.00
2013.04.17 16:35:36.636,1.04578,1.04599,2.18,1.50
2013.04.17 16:35:36.705,1.04576,1.04597,2.25,1.13
2013.04.17 16:35:36.773,1.04574,1.04594,1.50,2.18
2013.04.17 16:35:36.903,1.04571,1.04594,2.25,2.93
2013.04.17 16:35:37.751,1.04571,1.04593,1.50,1.50
2013.04.17 16:35:38.577,1.04571,1.04593,1.50,2.25
2013.04.17 16:35:38.908,1.04571,1.04593,1.50,2.25
2013.04.17 16:35:39.411,1.04571,1.04593,1.50,2.25
2013.04.17 16:35:41.820,1.04575,1.04593,1.50,1.50
2013.04.17 16:35:43.802,1.04573,1.04593,1.50,1.50
2013.04.17 16:35:44.292,1.04571,1.0459,2.93,1.50
2013.04.17 16:35:44.351,1.04567,1.04588,2.25,1.50
2013.04.17 16:35:44.471,1.04567,1.04587,1.50,1.50
2013.04.17 16:35:44.532,1.04565,1.04586,2.10,1.50
2013.04.17 16:35:45.021,1.04568,1.04587,2.25,1.50
2013.04.17 16:35:45.201,1.04569,1.04591,1.50,2.25
2013.04.17 16:35:45.261,1.04569,1.0459,1.50,1.50
2013.04.17 16:35:45.956,1.04569,1.04591,1.50,1.50
2013.04.17 16:35:46.636,1.04569,1.04591,1.50,1.50
2013.04.17 16:35:48.041,1.04569,1.04591,1.50,1.50
2013.04.17 16:35:48.816,1.04573,1.04592,1.50,1.50
2013.04.17 16:35:49.144,1.04575,1.04597,2.25,1.50
2013.04.17 16:35:49.391,1.04578,1.04599,1.50,3.00
2013.04.17 16:35:49.451,1.04578,1.04599,1.50,2.25
2013.04.17 16:35:50.652,1.04578,1.04599,1.50,1.50
2013.04.17 16:35:51.152,1.04579,1.04601,1.50,2.10
2013.04.17 16:35:51.273,1.04581,1.04601,2.25,2.10
2013.04.17 16:35:51.572,1.04582,1.04603,3.38,1.50
2013.04.17 16:35:51.691,1.04584,1.04605,2.25,1.50
2013.04.17 16:35:51.812,1.04586,1.04608,1.50,1.50
2013.04.17 16:35:52.052,1.04586,1.04608,1.50,2.25
2013.04.17 16:35:53.981,1.04583,1.04603,2.25,1.50
2013.04.17 16:35:54.442,1.04582,1.04604,1.50,1.50
2013.04.17 16:35:54.562,1.04582,1.04604,1.50,1.50
2013.04.17 16:35:55.051,1.04581,1.04604,3.00,1.50
2013.04.17 16:35:55.722,1.04582,1.04605,1.50,2.25
2013.04.17 16:35:56.571,1.04582,1.04607,4.43,1.50
2013.04.17 16:35:57.132,1.04584,1.04604,1.50,1.50
2013.04.17 16:35:57.505,1.04584,1.04605,1.50,1.50
2013.04.17 16:35:58.061,1.04584,1.04605,1.50,1.50
2013.04.17 16:35:59.125,1.04584,1.04602,1.50,2.10
2013.04.17 16:35:59.203,1.04581,1.04602,4.50,2.85
2013.04.17 16:35:59.262,1.04581,1.04602,3.75,3.60
2013.04.17 16:35:59.801,1.04578,1.046,1.50,1.50
2013.04.17 16:36:00.347,1.04578,1.046,1.50,1.50
2013.04.17 16:36:03.024,1.04578,1.04601,2.25,2.25
2013.04.17 16:36:03.672,1.04578,1.04601,2.85,2.25
2013.04.17 16:36:03.911,1.04581,1.04603,1.50,2.25
2013.04.17 16:36:04.431,1.04581,1.04603,2.33,1.50
2013.04.17 16:36:05.481,1.04581,1.04603,1.50,2.25
2013.04.17 16:36:06.791,1.04581,1.04602,1.50,2.40
2013.04.17 16:36:06.853,1.0458,1.04602,2.25,2.25
2013.04.17 16:36:09.102,1.04581,1.04601,2.25,1.50
2013.04.17 16:36:09.169,1.04585,1.04606,1.50,2.25
2013.04.17 16:36:09.236,1.04585,1.04607,1.50,3.00
2013.04.17 16:36:09.302,1.04586,1.04607,1.50,2.25
2013.04.17 16:36:09.851,1.04589,1.04608,1.50,1.50
2013.04.17 16:36:09.972,1.0459,1.04612,1.50,2.25
2013.04.17 16:36:10.190,1.0459,1.04612,1.50,2.25
2013.04.17 16:36:11.063,1.04587,1.04608,1.50,1.35
2013.04.17 16:36:11.135,1.04587,1.04606,1.50,1.50
2013.04.17 16:36:11.544,1.04586,1.04606,1.50,4.13
2013.04.17 16:36:11.619,1.04577,1.04598,1.50,2.25
2013.04.17 16:36:12.044,1.04578,1.046,1.50,1.50
2013.04.17 16:36:12.472,1.04574,1.04598,2.10,2.25
2013.04.17 16:36:12.655,1.04575,1.04599,1.50,1.50
2013.04.17 16:36:12.722,1.04576,1.04599,1.50,1.50
2013.04.17 16:36:14.304,1.04575,1.04595,1.50,1.50
2013.04.17 16:36:14.612,1.04576,1.04594,1.50,1.50
2013.04.17 16:36:15.152,1.04572,1.04594,2.25,2.10
2013.04.17 16:36:15.392,1.04577,1.04595,1.50,1.50
2013.04.17 16:36:15.513,1.04577,1.04598,4.35,3.00
2013.04.17 16:36:15.642,1.04577,1.04599,3.60,2.25
2013.04.17 16:36:15.886,1.04577,1.04598,3.75,1.50
2013.04.17 16:36:16.403,1.04577,1.04595,2.25,1.35
2013.04.17 16:36:16.711,1.04575,1.0459,2.18,2.10
2013.04.17 16:36:17.371,1.04575,1.04588,2.18,2.25
2013.04.17 16:36:17.434,1.04566,1.04587,1.50,1.50
2013.04.17 16:36:17.502,1.04564,1.04587,1.50,2.25
2013.04.17 16:36:17.565,1.04563,1.04584,1.50,2.25
2013.04.17 16:36:17.752,1.04561,1.04584,2.10,3.68
2013.04.17 16:36:17.992,1.04562,1.04584,1.73,1.50
2013.04.17 16:36:18.111,1.04563,1.04585,1.50,1.50
2013.04.17 16:36:18.411,1.04561,1.04584,2.10,1.50
2013.04.17 16:36:18.953,1.04561,1.04583,2.10,1.50
2013.04.17 16:36:19.143,1.04558,1.0458,2.25,2.25
2013.04.17 16:36:19.262,1.04556,1.04579,3.60,2.25
2013.04.17 16:36:19.321,1.04556,1.04578,2.10,1.50
2013.04.17 16:36:19.385,1.04556,1.04576,1.35,1.50
2013.04.17 16:36:19.451,1.04552,1.04574,2.25,3.19
2013.04.17 16:36:19.514,1.04552,1.04574,1.50,3.94
2013.04.17 16:36:19.834,1.04544,1.04568,2.18,3.00
2013.04.17 16:36:19.920,1.04543,1.04565,1.50,1.50
2013.04.17 16:36:20.255,1.04546,1.04567,1.50,1.65
2013.04.17 16:36:20.665,1.04538,1.04557,1.50,1.69
2013.04.17 16:36:20.732,1.04535,1.04557,1.50,1.69
2013.04.17 16:36:20.793,1.04536,1.04558,1.50,2.44
2013.04.17 16:36:21.282,1.0454,1.04559,1.50,1.50
2013.04.17 16:36:21.403,1.04541,1.04561,3.75,1.50
2013.04.17 16:36:21.973,1.04543,1.04565,1.50,1.50
2013.04.17 16:36:23.043,1.04541,1.04561,1.50,2.25
2013.04.17 16:36:23.443,1.04541,1.04561,1.50,2.44
2013.04.17 16:36:23.514,1.04541,1.04562,1.50,1.69
2013.04.17 16:36:24.653,1.04546,1.04563,1.50,2.25
2013.04.17 16:36:24.772,1.04546,1.04565,2.25,1.50
2013.04.17 16:36:24.986,1.04548,1.04571,1.50,1.50
2013.04.17 16:36:26.172,1.04552,1.04571,1.35,1.50
2013.04.17 16:36:26.413,1.04554,1.04575,2.25,1.50
2013.04.17 16:36:28.461,1.04553,1.04574,2.10,3.00
2013.04.17 16:36:28.522,1.04553,1.04574,1.35,3.75
2013.04.17 16:36:28.583,1.04551,1.04571,1.50,2.25
2013.04.17 16:36:29.130,1.04546,1.04565,2.25,2.25
2013.04.17 16:36:29.344,1.04545,1.04566,1.58,1.50
2013.04.17 16:36:29.723,1.04542,1.04563,1.50,1.65
2013.04.17 16:36:29.782,1.04541,1.04563,1.50,1.65
2013.04.17 16:36:29.911,1.0454,1.04563,1.50,2.93
2013.04.17 16:36:31.205,1.0454,1.04562,2.93,1.50
2013.04.17 16:36:33.523,1.04539,1.04562,1.50,1.50
2013.04.17 16:36:34.161,1.04538,1.04559,2.33,1.50
2013.04.17 16:36:34.946,1.04539,1.04562,1.58,1.50
2013.04.17 16:36:35.253,1.04546,1.04565,2.85,1.50
2013.04.17 16:36:35.611,1.04548,1.0457,2.25,1.50
2013.04.17 16:36:36.583,1.04548,1.04569,2.25,1.50
2013.04.17 16:36:37.311,1.04548,1.0457,2.25,1.50
2013.04.17 16:36:40.363,1.04548,1.04569,1.58,1.50
2013.04.17 16:36:40.542,1.04547,1.04566,1.50,1.50
2013.04.17 16:36:40.901,1.04539,1.04561,1.58,1.50
2013.04.17 16:36:41.531,1.0454,1.04564,1.50,2.25
2013.04.17 16:36:43.652,1.0454,1.04562,1.50,1.50
2013.04.17 16:36:44.122,1.04538,1.04558,1.35,1.50
2013.04.17 16:36:44.482,1.04536,1.04556,1.35,1.50
2013.04.17 16:36:44.603,1.04537,1.04557,2.25,1.50
2013.04.17 16:36:44.662,1.04538,1.04559,1.35,1.50
2013.04.17 16:36:44.723,1.04536,1.04559,2.48,3.00
2013.04.17 16:36:44.782,1.04536,1.04559,1.58,3.00
2013.04.17 16:36:45.092,1.04534,1.04553,1.35,1.50
2013.04.17 16:36:45.592,1.04532,1.04553,2.25,3.68
2013.04.17 16:36:45.713,1.0453,1.04553,3.08,4.43
2013.04.17 16:36:46.302,1.04527,1.04549,6.83,1.50
2013.04.17 16:36:46.362,1.04527,1.04548,6.75,1.50
2013.04.17 16:36:46.672,1.04532,1.04548,1.73,2.25
2013.04.17 16:36:46.794,1.0453,1.04548,1.73,1.50
2013.04.17 16:36:48.153,1.04524,1.04547,1.73,2.40
2013.04.17 16:36:48.954,1.04524,1.04544,1.58,1.50
2013.04.17 16:36:49.153,1.04523,1.0454,1.35,1.50
2013.04.17 16:36:49.572,1.04515,1.04537,1.73,1.50
2013.04.17 16:36:50.061,1.04516,1.04538,1.50,1.50
2013.04.17 16:36:50.509,1.04516,1.04537,1.50,1.50
2013.04.17 16:36:50.981,1.04516,1.04537,1.35,1.50
2013.04.17 16:36:51.832,1.04516,1.04538,1.58,2.25
2013.04.17 16:36:52.484,1.04516,1.04538,1.58,2.25
2013.04.17 16:36:53.675,1.04517,1.04539,1.65,3.00
2013.04.17 16:36:53.743,1.04519,1.04539,1.50,2.25
2013.04.17 16:36:53.805,1.04521,1.04541,1.50,1.50
2013.04.17 16:36:53.873,1.04527,1.04543,2.10,3.19
2013.04.17 16:36:53.935,1.04527,1.04543,2.25,3.19
2013.04.17 16:36:54.003,1.0453,1.04543,2.10,2.44
2013.04.17 16:36:54.552,1.04533,1.04554,1.50,1.13
2013.04.17 16:36:55.803,1.04533,1.04555,2.25,1.50
2013.04.17 16:36:55.873,1.04534,1.04555,1.50,1.50
2013.04.17 16:36:56.182,1.04536,1.04557,3.68,1.50
2013.04.17 16:36:57.382,1.04541,1.04561,2.40,1.35
2013.04.17 16:36:57.442,1.04544,1.04563,1.50,1.50
2013.04.17 16:36:57.802,1.04545,1.04567,2.10,1.65
2013.04.17 16:36:59.072,1.04547,1.04569,3.23,2.25
2013.04.17 16:36:59.132,1.04547,1.04569,2.85,1.65
2013.04.17 16:36:59.191,1.04547,1.04569,2.25,1.65
2013.04.17 16:36:59.581,1.04547,1.04569,2.25,1.65
2013.04.17 16:36:59.640,1.04549,1.04572,1.50,2.59
2013.04.17 16:37:00.183,1.04549,1.04572,1.50,2.40
2013.04.17 16:37:00.992,1.04549,1.04571,1.50,1.65
2013.04.17 16:37:01.172,1.04551,1.04571,1.35,2.40
2013.04.17 16:37:01.353,1.04554,1.04574,1.73,2.25
2013.04.17 16:37:01.651,1.04553,1.04574,1.50,1.50
2013.04.17 16:37:01.772,1.04554,1.04577,2.40,2.40
2013.04.17 16:37:01.891,1.04556,1.04578,1.65,1.50
2013.04.17 16:37:02.401,1.04556,1.04579,1.65,1.50
2013.04.17 16:37:02.461,1.04555,1.04578,1.65,1.50
2013.04.17 16:37:03.581,1.04558,1.0458,1.50,3.00
2013.04.17 16:37:04.692,1.04555,1.04578,2.40,1.50
2013.04.17 16:37:05.062,1.04553,1.04575,2.25,1.50
2013.04.17 16:37:06.371,1.04554,1.04575,1.13,2.25
2013.04.17 16:37:06.431,1.04553,1.04575,2.10,2.25
2013.04.17 16:37:06.552,1.04556,1.04575,2.85,1.50
2013.04.17 16:37:06.616,1.04557,1.04577,3.23,2.25
2013.04.17 16:37:06.803,1.04561,1.0458,2.78,1.50
2013.04.17 16:37:07.102,1.04562,1.04583,1.50,1.50
2013.04.17 16:37:07.164,1.04562,1.04583,2.25,2.25
2013.04.17 16:37:07.293,1.0456,1.04582,2.10,1.65
2013.04.17 16:37:11.062,1.04561,1.04582,1.50,3.00
2013.04.17 16:37:11.570,1.04561,1.04582,1.50,1.50
2013.04.17 16:37:11.872,1.04555,1.04575,2.18,2.59
2013.04.17 16:37:11.931,1.04552,1.04574,1.65,1.50
2013.04.17 16:37:12.110,1.0455,1.04571,1.35,1.50
2013.04.17 16:37:12.170,1.04549,1.04571,2.10,1.50
2013.04.17 16:37:13.080,1.0455,1.04571,1.35,1.50
2013.04.17 16:37:13.440,1.04555,1.04573,1.50,1.50
2013.04.17 16:37:14.549,1.04555,1.04576,1.50,2.25
2013.04.17 16:37:15.571,1.04557,1.04576,1.35,1.50
2013.04.17 16:37:15.631,1.04558,1.04578,2.10,1.50
2013.04.17 16:37:15.750,1.04558,1.04579,2.93,1.50
2013.04.17 16:37:15.870,1.0456,1.0458,2.18,1.50
2013.04.17 16:37:16.173,1.04567,1.04583,1.50,1.69
2013.04.17 16:37:16.241,1.04567,1.0459,1.50,3.00
2013.04.17 16:37:16.302,1.0457,1.0459,1.50,3.19
2013.04.17 16:37:16.420,1.04568,1.04589,1.35,1.50
2013.04.17 16:37:16.721,1.04569,1.04592,1.50,2.25
2013.04.17 16:37:17.261,1.04571,1.04594,2.25,2.25
2013.04.17 16:37:17.382,1.04572,1.04594,1.50,1.50
2013.04.17 16:37:17.691,1.04572,1.04593,1.50,1.50
2013.04.17 16:37:17.871,1.04567,1.04588,2.25,2.59
2013.04.17 16:37:17.992,1.04567,1.04585,1.50,1.50
2013.04.17 16:37:18.231,1.04562,1.04583,1.50,1.50
2013.04.17 16:37:18.350,1.04561,1.04583,2.10,3.00
2013.04.17 16:37:18.971,1.04563,1.04583,2.25,1.50
2013.04.17 16:37:19.330,1.04571,1.04589,1.50,1.13
2013.04.17 16:37:20.300,1.04569,1.04588,1.50,1.50
2013.04.17 16:37:21.023,1.04567,1.04588,1.50,2.25
2013.04.17 16:37:21.492,1.04568,1.04588,1.50,1.50
2013.04.17 16:37:21.801,1.04575,1.04591,1.50,1.50
2013.04.17 16:37:21.862,1.04575,1.04598,1.50,3.79
2013.04.17 16:37:22.043,1.04578,1.04598,1.50,1.35
2013.04.17 16:37:22.111,1.04579,1.04601,1.50,1.77
2013.04.17 16:37:22.230,1.04582,1.04604,1.50,2.25
2013.04.17 16:37:24.811,1.04582,1.04603,1.50,1.50
2013.04.17 16:37:25.299,1.0458,1.04601,1.50,1.50
2013.04.17 16:37:25.659,1.04582,1.04602,1.50,1.69
2013.04.17 16:37:26.434,1.04582,1.04602,1.50,1.69
2013.04.17 16:37:26.751,1.04583,1.04604,1.50,1.50
2013.04.17 16:37:26.870,1.04589,1.04605,1.50,1.50
2013.04.17 16:37:27.111,1.04592,1.04611,1.50,1.69
2013.04.17 16:37:27.712,1.0459,1.04611,1.50,1.69
2013.04.17 16:37:28.202,1.04588,1.0461,2.10,1.50
2013.04.17 16:37:28.391,1.04587,1.0461,2.10,2.25
2013.04.17 16:37:28.932,1.04587,1.04608,1.50,2.10
2013.04.17 16:37:29.292,1.04577,1.04598,1.50,2.18
2013.04.17 16:37:29.471,1.04573,1.04597,2.18,3.90
2013.04.17 16:37:29.531,1.04573,1.04594,2.18,1.69
2013.04.17 16:37:29.771,1.04572,1.04594,2.25,1.69
2013.04.17 16:37:30.172,1.04578,1.04598,1.50,2.78
2013.04.17 16:37:30.232,1.04578,1.046,1.50,2.44
2013.04.17 16:37:30.354,1.0458,1.046,1.50,2.44
2013.04.17 16:37:30.843,1.0458,1.04602,2.25,2.44
2013.04.17 16:37:31.091,1.0458,1.04601,1.50,1.73
2013.04.17 16:37:31.211,1.04578,1.046,1.50,1.50
2013.04.17 16:37:31.453,1.04579,1.04601,1.50,1.84
2013.04.17 16:37:31.961,1.04579,1.046,2.25,1.69
2013.04.17 16:37:32.141,1.0458,1.04602,1.50,2.10
2013.04.17 16:37:32.589,1.04582,1.04603,2.25,1.50
2013.04.17 16:37:32.987,1.04587,1.04609,1.50,1.50
2013.04.17 16:37:34.070,1.04587,1.04608,1.50,1.50
2013.04.17 16:37:34.603,1.04589,1.0461,1.50,2.25
2013.04.17 16:37:34.851,1.04597,1.04619,1.50,1.50
2013.04.17 16:37:34.911,1.04598,1.04621,1.50,1.50
2013.04.17 16:37:36.233,1.04598,1.04621,1.50,1.50
2013.04.17 16:37:36.813,1.046,1.04623,2.25,1.65
2013.04.17 16:37:37.550,1.046,1.04623,1.50,1.65
2013.04.17 16:37:37.851,1.04603,1.04626,2.25,2.44
2013.04.17 16:37:39.301,1.04601,1.04624,3.68,1.50
2013.04.17 16:37:39.420,1.04602,1.04625,1.50,1.50
2013.04.17 16:37:39.542,1.04604,1.04627,1.50,1.50
2013.04.17 16:37:40.173,1.04604,1.04627,1.50,1.50
2013.04.17 16:37:42.702,1.04604,1.04627,2.48,1.50
2013.04.17 16:37:42.760,1.04607,1.04629,1.43,1.50
2013.04.17 16:37:42.881,1.04611,1.04632,1.50,1.13
2013.04.17 16:37:43.394,1.04611,1.04632,1.50,1.13
2013.04.17 16:37:43.613,1.0461,1.04632,1.50,1.88
2013.04.17 16:37:43.984,1.04605,1.04628,1.50,2.10
2013.04.17 16:37:44.050,1.04605,1.04628,1.50,4.50
2013.04.17 16:37:44.171,1.04603,1.04625,1.50,1.50
2013.04.17 16:37:44.231,1.04602,1.04625,1.50,2.25
2013.04.17 16:37:44.802,1.04601,1.04623,1.50,1.50
2013.04.17 16:37:45.601,1.04597,1.04621,1.50,1.50
2013.04.17 16:37:45.900,1.04596,1.04619,3.00,1.50
2013.04.17 16:37:46.080,1.04597,1.0462,2.25,3.00
2013.04.17 16:37:46.141,1.04597,1.0462,1.50,3.75
2013.04.17 16:37:46.381,1.04592,1.04616,2.10,1.50
2013.04.17 16:37:46.501,1.04591,1.04615,3.00,1.50
2013.04.17 16:37:46.861,1.04587,1.0461,2.10,1.50
2013.04.17 16:37:47.221,1.04586,1.0461,1.50,1.50
2013.04.17 16:37:47.281,1.04586,1.04611,2.25,2.25
2013.04.17 16:37:47.760,1.04588,1.04613,1.50,5.44
2013.04.17 16:37:48.120,1.04591,1.04613,1.50,1.50
2013.04.17 16:37:48.480,1.04593,1.04615,1.50,1.35
2013.04.17 16:37:48.730,1.04595,1.04616,2.25,1.50
2013.04.17 16:37:48.794,1.04595,1.04618,2.25,1.50
2013.04.17 16:37:49.100,1.04603,1.04624,1.50,2.25
2013.04.17 16:37:49.220,1.04603,1.04627,2.25,2.25
2013.04.17 16:37:49.280,1.04604,1.04628,1.50,4.50
2013.04.17 16:37:49.828,1.04604,1.04627,1.50,1.65
2013.04.17 16:37:50.201,1.04606,1.04628,2.25,1.35
2013.04.17 16:37:50.980,1.04607,1.04628,1.50,2.85
2013.04.17 16:37:51.668,1.04607,1.04628,1.50,2.85
2013.04.17 16:37:51.970,1.04607,1.04626,1.50,1.50
2013.04.17 16:37:52.566,1.04605,1.04625,1.50,1.13
2013.04.17 16:37:52.882,1.04605,1.04625,1.50,1.13
2013.04.17 16:37:53.192,1.04604,1.04626,1.50,1.13
2013.04.17 16:37:53.671,1.04607,1.04628,1.50,1.35
2013.04.17 16:37:54.791,1.04607,1.04629,1.50,2.10
2013.04.17 16:37:55.402,1.04607,1.04629,3.00,2.10
2013.04.17 16:37:55.531,1.04611,1.04631,1.50,1.58
2013.04.17 16:37:55.911,1.04611,1.04631,1.50,1.50
2013.04.17 16:37:56.271,1.04619,1.04633,1.58,1.50
2013.04.17 16:37:56.510,1.04622,1.04644,1.50,1.50
2013.04.17 16:37:57.721,1.04622,1.04643,1.50,1.50
2013.04.17 16:37:58.601,1.04621,1.0464,1.50,1.50
2013.04.17 16:37:58.902,1.04617,1.04632,2.93,1.50
2013.04.17 16:37:59.091,1.04609,1.0463,1.50,1.50
2013.04.17 16:37:59.332,1.04609,1.04632,1.50,1.50
2013.04.17 16:37:59.512,1.0461,1.04632,1.50,1.88
2013.04.17 16:37:59.572,1.04608,1.0463,1.58,3.00
2013.04.17 16:37:59.644,1.04608,1.04628,1.50,1.50
2013.04.17 16:37:59.950,1.04605,1.04625,1.50,1.50
2013.04.17 16:38:00.012,1.04607,1.04627,1.65,1.50
2013.04.17 16:38:00.567,1.04612,1.0463,1.50,1.50
2013.04.17 16:38:00.647,1.04613,1.04636,3.60,1.50
2013.04.17 16:38:02.121,1.04612,1.04634,2.25,2.25
2013.04.17 16:38:02.184,1.04612,1.04634,1.50,3.75
2013.04.17 16:38:02.492,1.04608,1.0463,2.25,2.25
2013.04.17 16:38:02.551,1.04608,1.0463,2.25,2.25
2013.04.17 16:38:02.852,1.04604,1.04628,1.50,3.00
2013.04.17 16:38:03.221,1.04604,1.04628,3.00,2.10
2013.04.17 16:38:03.401,1.04607,1.04628,1.35,1.50
2013.04.17 16:38:03.760,1.04608,1.04629,1.50,1.50
2013.04.17 16:38:04.481,1.04608,1.04631,2.25,1.50
2013.04.17 16:38:04.602,1.04612,1.04634,1.43,3.00
2013.04.17 16:38:04.731,1.04613,1.04634,1.50,1.50
2013.04.17 16:38:04.850,1.04617,1.04637,1.50,1.50
2013.04.17 16:38:05.161,1.04617,1.04639,1.50,2.25
2013.04.17 16:38:08.161,1.04619,1.04639,2.33,2.25
2013.04.17 16:38:08.221,1.04619,1.04639,2.93,1.50
2013.04.17 16:38:10.255,1.04621,1.04641,1.50,1.50
2013.04.17 16:38:10.323,1.04623,1.04643,2.18,1.50
2013.04.17 16:38:10.751,1.04624,1.04644,1.43,1.50
2013.04.17 16:38:11.481,1.04625,1.04648,4.35,1.50
2013.04.17 16:38:11.601,1.04626,1.04648,1.35,1.50
2013.04.17 16:38:11.840,1.04626,1.04648,1.35,2.25
2013.04.17 16:38:11.961,1.04624,1.04646,1.50,3.00
2013.04.17 16:38:12.022,1.04623,1.04643,1.50,1.50
2013.04.17 16:38:12.081,1.04622,1.0464,1.50,1.50
2013.04.17 16:38:12.320,1.04615,1.04638,2.10,1.50
2013.04.17 16:38:12.500,1.04616,1.04641,3.00,1.65
2013.04.17 16:38:13.171,1.04619,1.04641,1.50,2.25
2013.04.17 16:38:13.623,1.04622,1.04643,1.50,1.50
2013.04.17 16:38:13.931,1.04624,1.04647,1.50,1.50
2013.04.17 16:38:14.177,1.04622,1.04645,1.58,1.50
2013.04.17 16:38:14.243,1.04624,1.04648,1.50,3.90
2013.04.17 16:38:14.561,1.04628,1.04648,1.50,2.63
2013.04.17 16:38:14.743,1.04632,1.04649,1.50,1.50
2013.04.17 16:38:14.872,1.04632,1.04652,1.50,1.50
2013.04.17 16:38:15.560,1.04632,1.04652,1.50,1.50
2013.04.17 16:38:15.941,1.04628,1.04649,1.50,1.50
2013.04.17 16:38:16.662,1.04626,1.04648,1.50,1.50
2013.04.17 16:38:16.960,1.04624,1.04649,3.15,3.00
2013.04.17 16:38:17.020,1.04624,1.04648,2.25,2.25
2013.04.17 16:38:17.321,1.04621,1.04644,3.00,1.50
2013.04.17 16:38:17.811,1.04621,1.04644,2.25,2.25
2013.04.17 16:38:18.197,1.04621,1.04643,3.00,1.50
2013.04.17 16:38:20.480,1.04624,1.04644,1.35,1.50
2013.04.17 16:38:20.803,1.04625,1.04646,1.50,1.50
2013.04.17 16:38:24.631,1.04624,1.04645,1.50,1.65
2013.04.17 16:38:24.871,1.04628,1.04646,1.50,1.35
2013.04.17 16:38:24.991,1.04628,1.0465,2.25,1.50
2013.04.17 16:38:25.491,1.04629,1.04652,3.08,2.25
2013.04.17 16:38:25.550,1.04629,1.04652,3.30,1.50
2013.04.17 16:38:26.075,1.04631,1.04653,1.58,1.50
2013.04.17 16:38:26.454,1.04628,1.04648,2.25,1.50
2013.04.17 16:38:26.531,1.04628,1.04648,2.25,1.50
2013.04.17 16:38:26.592,1.04628,1.04644,2.25,2.44
2013.04.17 16:38:26.781,1.0462,1.04641,1.50,1.50
2013.04.17 16:38:26.840,1.04617,1.04638,1.35,1.50
2013.04.17 16:38:26.902,1.04617,1.04638,1.35,1.65
2013.04.17 16:38:27.081,1.04613,1.04634,1.50,2.25
2013.04.17 16:38:27.620,1.04611,1.04632,1.50,1.50
2013.04.17 16:38:28.013,1.04611,1.04632,2.48,1.50
2013.04.17 16:38:28.141,1.04614,1.04638,1.50,3.00
2013.04.17 16:38:28.381,1.0462,1.04639,1.50,1.50
2013.04.17 16:38:28.441,1.04621,1.04641,1.65,1.88
2013.04.17 16:38:28.680,1.04622,1.04645,3.00,1.50
2013.04.17 16:38:29.401,1.04622,1.04644,2.10,2.25
2013.04.17 16:38:29.520,1.04619,1.04642,2.10,1.50
2013.04.17 16:38:29.732,1.04619,1.04643,2.85,2.25
2013.04.17 16:38:30.554,1.04621,1.04643,1.65,2.25
2013.04.17 16:38:30.860,1.04622,1.04646,3.00,2.10
2013.04.17 16:38:31.970,1.04624,1.04646,1.50,2.10
2013.04.17 16:38:32.053,1.04627,1.04651,1.50,2.25
2013.04.17 16:38:32.601,1.04627,1.0465,1.50,1.50
2013.04.17 16:38:32.902,1.04626,1.04649,1.50,5.40
2013.04.17 16:38:32.962,1.04626,1.04647,1.50,2.10
2013.04.17 16:38:33.081,1.04623,1.04645,1.50,2.25
2013.04.17 16:38:33.146,1.04622,1.04642,1.50,1.50
2013.04.17 16:38:33.213,1.04619,1.04642,2.10,1.50
2013.04.17 16:38:34.002,1.04626,1.04644,1.35,1.50
2013.04.17 16:38:34.074,1.04624,1.04644,1.50,1.50
2013.04.17 16:38:34.142,1.04624,1.04644,1.50,1.50
2013.04.17 16:38:35.122,1.04621,1.04643,3.75,1.50
2013.04.17 16:38:35.432,1.04621,1.04641,1.50,1.50
2013.04.17 16:38:35.491,1.04618,1.04641,2.25,3.00
2013.04.17 16:38:35.551,1.04618,1.04639,1.50,2.25
2013.04.17 16:38:35.611,1.04616,1.04639,1.35,2.25
2013.04.17 16:38:36.980,1.04617,1.04639,1.35,3.00
2013.04.17 16:38:37.101,1.04615,1.04637,1.35,1.50
2013.04.17 16:38:37.673,1.04616,1.04637,1.35,1.50
2013.04.17 16:38:38.194,1.04616,1.04638,1.35,1.50
2013.04.17 16:38:39.391,1.04615,1.04637,1.35,1.50
2013.04.17 16:38:40.112,1.04616,1.04638,3.00,1.50
2013.04.17 16:38:40.471,1.04622,1.04642,3.15,1.50
2013.04.17 16:38:40.651,1.04624,1.04647,1.65,1.50
2013.04.17 16:38:40.832,1.04624,1.04648,1.50,2.25
2013.04.17 16:38:41.321,1.04623,1.04647,1.50,1.50
2013.04.17 16:38:41.381,1.04623,1.04645,1.50,1.50
2013.04.17 16:38:44.582,1.04623,1.04644,1.50,2.25
2013.04.17 16:38:45.091,1.04622,1.04642,2.10,1.50
2013.04.17 16:38:45.450,1.04623,1.04642,3.15,1.50
2013.04.17 16:38:46.672,1.04623,1.04646,3.90,2.25
2013.04.17 16:38:50.612,1.04626,1.04646,1.50,2.25
2013.04.17 16:38:51.121,1.04624,1.04646,2.40,1.50
2013.04.17 16:38:52.452,1.04623,1.04646,3.00,1.50
2013.04.17 16:38:53.562,1.04623,1.04646,2.25,3.00
2013.04.17 16:38:55.432,1.04623,1.04643,1.50,2.25
2013.04.17 16:38:55.551,1.04621,1.0464,1.50,2.25
2013.04.17 16:38:55.611,1.04618,1.04639,2.85,1.50
2013.04.17 16:38:55.671,1.04615,1.04638,1.50,1.50
2013.04.17 16:38:59.220,1.04614,1.04638,1.65,3.00
2013.04.17 16:38:59.282,1.04613,1.04636,2.25,2.10
2013.04.17 16:38:59.341,1.04613,1.04634,2.25,1.50
2013.04.17 16:38:59.401,1.04613,1.04632,1.50,1.50
2013.04.17 16:38:59.462,1.04608,1.04631,1.50,1.65
2013.04.17 16:38:59.521,1.04606,1.04628,1.88,1.50
2013.04.17 16:38:59.700,1.04604,1.04624,1.50,1.50
2013.04.17 16:38:59.820,1.04599,1.04624,2.10,3.00
2013.04.17 16:39:00.150,1.04603,1.04626,2.25,1.50
2013.04.17 16:39:00.217,1.04607,1.04627,1.50,1.50
2013.04.17 16:39:00.544,1.04608,1.0463,1.50,1.50
2013.04.17 16:39:01.101,1.04609,1.04632,1.50,2.85
2013.04.17 16:39:01.979,1.0461,1.04632,1.50,2.85
2013.04.17 16:39:02.937,1.04608,1.0463,2.25,1.50
2013.04.17 16:39:03.240,1.04606,1.04628,2.25,1.50
2013.04.17 16:39:04.703,1.04605,1.04626,2.10,2.25
2013.04.17 16:39:05.016,1.04602,1.04625,2.93,1.50
2013.04.17 16:39:05.226,1.04602,1.04625,1.50,2.25
2013.04.17 16:39:05.735,1.04602,1.04623,1.50,2.25
2013.04.17 16:39:05.801,1.04602,1.04623,1.50,3.15
2013.04.17 16:39:06.406,1.04592,1.04615,2.10,3.00
2013.04.17 16:39:06.611,1.04592,1.04612,2.25,1.50
2013.04.17 16:39:06.876,1.04588,1.04612,1.35,2.25
2013.04.17 16:39:11.120,1.04588,1.04612,1.35,5.18
2013.04.17 16:39:11.700,1.04588,1.04608,1.35,1.50
2013.04.17 16:39:11.882,1.04582,1.04602,1.35,1.50
2013.04.17 16:39:14.202,1.0458,1.04602,1.35,2.18
2013.04.17 16:39:14.271,1.04577,1.04599,2.10,2.25
2013.04.17 16:39:14.494,1.04577,1.04599,2.10,3.00
2013.04.17 16:39:17.901,1.04577,1.04598,1.35,3.00
2013.04.17 16:39:18.140,1.04573,1.04595,1.50,1.50
2013.04.17 16:39:19.172,1.04574,1.04595,1.50,1.50
2013.04.17 16:39:19.291,1.04575,1.04595,1.50,1.50
2013.04.17 16:39:19.351,1.04575,1.04597,2.25,1.50
2013.04.17 16:39:20.430,1.04575,1.04598,1.50,1.50
2013.04.17 16:39:20.961,1.04574,1.04597,2.40,3.00
2013.04.17 16:39:21.081,1.04573,1.04596,2.25,2.25
2013.04.17 16:39:21.621,1.04573,1.04595,1.50,2.25
2013.04.17 16:39:21.925,1.04572,1.04593,1.58,2.93
2013.04.17 16:39:21.991,1.04572,1.04593,2.33,1.50
2013.04.17 16:39:22.862,1.04572,1.04594,2.25,1.50
2013.04.17 16:39:23.041,1.0457,1.04592,2.63,1.50
2013.04.17 16:39:24.172,1.04573,1.04592,1.65,1.50
2013.04.17 16:39:24.232,1.04572,1.04594,2.40,1.50
2013.04.17 16:39:24.472,1.04571,1.04593,2.40,1.50
2013.04.17 16:39:25.097,1.0457,1.04593,2.40,3.00
2013.04.17 16:39:25.801,1.0457,1.04592,3.90,1.50
2013.04.17 16:39:26.115,1.0457,1.04589,1.65,2.25
2013.04.17 16:39:26.568,1.0457,1.04585,1.65,1.50
2013.04.17 16:39:26.931,1.04568,1.04587,1.65,2.25
2013.04.17 16:39:27.860,1.04568,1.04589,1.65,1.50
2013.04.17 16:39:28.877,1.04566,1.04589,1.65,2.85
2013.04.17 16:39:28.960,1.04561,1.04584,1.65,2.25
2013.04.17 16:39:29.153,1.04562,1.04584,2.25,1.50
2013.04.17 16:39:29.720,1.04563,1.04586,2.40,1.50
2013.04.17 16:39:30.288,1.04563,1.04584,1.65,1.50
2013.04.17 16:39:31.113,1.04565,1.04585,1.50,1.50
2013.04.17 16:39:33.750,1.04565,1.04587,1.65,2.85
2013.04.17 16:39:35.840,1.04565,1.04585,1.65,2.25
2013.04.17 16:39:36.020,1.04561,1.04584,1.65,2.25
2013.04.17 16:39:36.850,1.04561,1.04583,1.65,1.50
2013.04.17 16:39:39.624,1.04561,1.04584,1.65,1.50
2013.04.17 16:39:39.752,1.04564,1.04584,2.63,1.50
2013.04.17 16:39:39.812,1.04568,1.04586,1.73,1.50
2013.04.17 16:39:40.011,1.04573,1.04592,2.18,1.13
2013.04.17 16:39:42.441,1.04575,1.04591,1.50,1.50
2013.04.17 16:39:42.501,1.04572,1.04594,1.50,1.50
2013.04.17 16:39:44.354,1.04572,1.04592,1.65,1.50
2013.04.17 16:39:44.901,1.0457,1.04589,1.65,1.50
2013.04.17 16:39:47.421,1.0457,1.04592,1.65,2.25
2013.04.17 16:39:47.480,1.04571,1.04593,1.50,2.25
2013.04.17 16:39:47.811,1.04572,1.04593,1.88,2.25
2013.04.17 16:39:50.581,1.04572,1.04592,1.73,1.50
2013.04.17 16:39:51.001,1.0457,1.04589,1.65,1.50
2013.04.17 16:39:53.064,1.04567,1.04589,4.73,1.50
2013.04.17 16:39:53.590,1.04567,1.04589,4.73,1.50
2013.04.17 16:39:54.133,1.04569,1.04589,3.38,1.50
2013.04.17 16:39:54.848,1.04571,1.04593,1.65,1.50
2013.04.17 16:39:56.272,1.0457,1.0459,1.50,1.50
2013.04.17 16:39:56.390,1.04567,1.04585,2.25,1.50
2013.04.17 16:39:56.570,1.04562,1.04583,1.73,1.50
2013.04.17 16:39:56.751,1.04562,1.04583,1.50,1.50
2013.04.17 16:39:58.290,1.04562,1.04581,1.50,1.50
2013.04.17 16:39:58.351,1.04562,1.04581,1.50,1.50
2013.04.17 16:39:58.591,1.04559,1.0458,1.35,1.50
2013.04.17 16:39:59.070,1.04561,1.04582,1.35,1.50
2013.04.17 16:40:00.570,1.04559,1.04581,2.10,1.50
2013.04.17 16:40:00.981,1.04559,1.04581,1.50,1.50
2013.04.17 16:40:01.101,1.04558,1.04579,1.50,1.73
2013.04.17 16:40:01.402,1.04557,1.04571,1.50,1.69
2013.04.17 16:40:01.712,1.04533,1.04554,1.13,3.60
2013.04.17 16:40:01.831,1.0453,1.04554,1.13,2.85
2013.04.17 16:40:01.951,1.04543,1.04554,2.86,2.85
2013.04.17 16:40:02.011,1.0454,1.04554,1.43,3.75
2013.04.17 16:40:02.071,1.04528,1.04553,1.50,1.65
2013.04.17 16:40:02.592,1.04527,1.0455,2.48,1.50
2013.04.17 16:40:03.752,1.04527,1.04549,2.48,1.50
2013.04.17 16:40:03.811,1.04527,1.04549,1.73,2.25
2013.04.17 16:40:04.110,1.04526,1.04549,3.00,1.50
2013.04.17 16:40:04.521,1.04526,1.04549,3.98,2.25
2013.04.17 16:40:04.800,1.04527,1.04549,1.73,1.50
2013.04.17 16:40:05.395,1.04527,1.04551,1.73,1.50
2013.04.17 16:40:05.582,1.04527,1.0455,1.35,2.25
2013.04.17 16:40:05.642,1.04526,1.04549,3.00,1.35
2013.04.17 16:40:06.002,1.04526,1.04545,1.50,1.50
2013.04.17 16:40:06.254,1.04521,1.04544,1.88,1.50
2013.04.17 16:40:07.021,1.04521,1.04543,2.25,1.50
2013.04.17 16:40:07.382,1.04519,1.0454,3.23,1.50
2013.04.17 16:40:07.791,1.04521,1.0454,2.48,1.50
2013.04.17 16:40:08.312,1.04521,1.0454,2.18,1.65
2013.04.17 16:40:08.382,1.04521,1.0454,1.50,2.25
2013.04.17 16:40:08.574,1.04515,1.04534,2.85,1.50
2013.04.17 16:40:08.701,1.04515,1.04534,1.58,1.50
2013.04.17 16:40:08.761,1.04515,1.04534,2.33,1.50
2013.04.17 16:40:08.822,1.04515,1.04537,2.33,1.50
2013.04.17 16:40:10.898,1.04515,1.04536,1.58,1.50
2013.04.17 16:40:11.500,1.04515,1.04534,2.33,1.50
2013.04.17 16:40:12.101,1.04514,1.04533,2.25,1.13
2013.04.17 16:40:12.402,1.04507,1.04527,2.18,1.65
2013.04.17 16:40:12.643,1.04503,1.04525,2.85,1.50
2013.04.17 16:40:13.092,1.04503,1.04525,1.73,1.50
2013.04.17 16:40:13.462,1.04503,1.04525,1.58,1.50
2013.04.17 16:40:14.231,1.04501,1.04525,3.08,1.50
2013.04.17 16:40:14.832,1.045,1.04521,2.25,1.50
2013.04.17 16:40:15.171,1.0449,1.04505,1.99,1.50
2013.04.17 16:40:15.294,1.0449,1.04508,2.74,1.50
2013.04.17 16:40:15.363,1.0449,1.04508,1.32,1.50
2013.04.17 16:40:15.441,1.04485,1.04508,1.47,1.50
2013.04.17 16:40:15.501,1.04484,1.04508,1.73,1.50
2013.04.17 16:40:15.741,1.04493,1.04514,1.50,3.00
2013.04.17 16:40:16.101,1.04496,1.04518,1.65,2.25
2013.04.17 16:40:16.971,1.04493,1.04518,2.25,3.15
2013.04.17 16:40:17.150,1.04493,1.04515,2.25,2.25
2013.04.17 16:40:17.593,1.04491,1.04513,2.25,2.25
2013.04.17 16:40:17.721,1.04489,1.04509,2.85,1.50
2013.04.17 16:40:17.960,1.04487,1.04508,2.25,2.25
2013.04.17 16:40:18.983,1.04485,1.04508,1.50,1.50
2013.04.17 16:40:19.050,1.04483,1.04505,4.35,3.00
2013.04.17 16:40:19.352,1.04472,1.04494,2.25,1.50
2013.04.17 16:40:19.531,1.04472,1.04494,1.50,1.50
2013.04.17 16:40:20.510,1.04472,1.04494,3.38,1.50
2013.04.17 16:40:20.849,1.04472,1.04494,3.38,1.50
2013.04.17 16:40:20.911,1.04472,1.04494,3.38,1.50
2013.04.17 16:40:21.162,1.04472,1.04494,3.38,1.50
2013.04.17 16:40:24.371,1.04472,1.04494,1.73,2.25
2013.04.17 16:40:24.431,1.04472,1.04493,1.20,1.50
2013.04.17 16:40:24.761,1.04475,1.04494,1.13,1.50
2013.04.17 16:40:24.821,1.04475,1.04494,1.13,1.50
2013.04.17 16:40:25.341,1.04481,1.04498,1.35,2.93
2013.04.17 16:40:25.418,1.04481,1.04503,2.25,1.50
2013.04.17 16:40:25.843,1.04485,1.04503,2.40,1.50
2013.04.17 16:40:26.091,1.04494,1.04512,1.50,1.50
2013.04.17 16:40:26.211,1.04494,1.04514,1.35,1.50
2013.04.17 16:40:26.342,1.04494,1.04513,2.25,1.50
2013.04.17 16:40:27.921,1.04495,1.04515,3.15,1.50
2013.04.17 16:40:27.982,1.04495,1.04516,3.15,1.50
2013.04.17 16:40:28.041,1.045,1.04518,3.15,2.25
2013.04.17 16:40:28.101,1.04502,1.04518,1.65,1.50
2013.04.17 16:40:28.281,1.04503,1.04518,1.13,1.50
2013.04.17 16:40:28.640,1.04506,1.04526,2.25,1.50
2013.04.17 16:40:28.761,1.04509,1.04528,1.88,1.50
2013.04.17 16:40:29.063,1.04517,1.04534,1.65,2.18
2013.04.17 16:40:29.133,1.04517,1.04539,1.65,1.50
2013.04.17 16:40:29.323,1.04517,1.04539,1.65,1.50
2013.04.17 16:40:29.631,1.04521,1.04543,3.90,2.93
2013.04.17 16:40:29.812,1.04528,1.04547,1.50,1.50
2013.04.17 16:40:30.121,1.04523,1.04544,1.50,1.50
2013.04.17 16:40:30.301,1.0452,1.04543,2.25,1.65
2013.04.17 16:40:30.482,1.04518,1.04539,1.50,1.50
2013.04.17 16:40:30.720,1.04518,1.04537,1.50,1.50
2013.04.17 16:40:30.841,1.04515,1.04537,1.50,2.25
2013.04.17 16:40:31.352,1.04515,1.04537,1.50,1.50
2013.04.17 16:40:32.240,1.04515,1.04537,1.50,2.25
2013.04.17 16:40:32.421,1.04511,1.04534,2.25,1.65
2013.04.17 16:40:32.541,1.04511,1.0453,1.50,1.50
2013.04.17 16:40:33.022,1.04508,1.04529,1.50,1.65
2013.04.17 16:40:33.380,1.04506,1.04528,1.50,1.50
2013.04.17 16:40:33.741,1.04509,1.04533,1.50,3.34
2013.04.17 16:40:34.372,1.04511,1.04533,2.25,1.50
2013.04.17 16:40:34.492,1.04512,1.04534,3.00,1.50
2013.04.17 16:40:34.730,1.04516,1.04538,1.65,1.69
2013.04.17 16:40:34.912,1.04517,1.04538,1.65,1.69
2013.04.17 16:40:35.102,1.04515,1.04538,2.40,1.50
2013.04.17 16:40:35.280,1.04515,1.04538,2.40,1.50
2013.04.17 16:40:35.905,1.04514,1.04536,2.25,1.50
2013.04.17 16:40:35.978,1.04514,1.04535,1.50,1.50
2013.04.17 16:40:36.352,1.04514,1.04538,3.00,2.25
2013.04.17 16:40:37.762,1.04514,1.04536,3.00,1.50
2013.04.17 16:40:42.513,1.04514,1.04538,3.00,2.25
2013.04.17 16:40:43.931,1.04514,1.04538,3.00,2.25
2013.04.17 16:40:44.410,1.04517,1.04539,2.25,1.50
2013.04.17 16:40:44.960,1.04518,1.0454,1.50,1.50
2013.04.17 16:40:46.481,1.04517,1.04534,1.50,1.32
2013.04.17 16:40:46.781,1.04501,1.04523,1.50,2.93
2013.04.17 16:40:46.841,1.04498,1.04521,3.08,1.50
2013.04.17 16:40:47.501,1.04497,1.04519,1.50,1.50
2013.04.17 16:40:48.041,1.04497,1.0452,1.35,1.50
2013.04.17 16:40:48.490,1.04497,1.0452,2.85,1.50
2013.04.17 16:40:48.791,1.04511,1.04529,3.00,1.88
2013.04.17 16:40:48.853,1.04515,1.04531,1.65,1.50
2013.04.17 16:40:48.911,1.04517,1.04533,1.35,1.50
2013.04.17 16:40:48.971,1.04514,1.04534,2.25,1.50
2013.04.17 16:40:49.091,1.04516,1.04538,1.35,1.50
2013.04.17 16:40:49.150,1.04516,1.04539,1.35,3.00
2013.04.17 16:40:50.821,1.04516,1.04534,1.35,2.33
2013.04.17 16:40:51.123,1.04508,1.04528,1.50,1.50
2013.04.17 16:40:51.191,1.04509,1.04533,1.50,3.60
2013.04.17 16:40:51.492,1.04513,1.04531,1.50,2.25
2013.04.17 16:40:51.562,1.04515,1.04533,1.50,2.25
2013.04.17 16:40:51.682,1.04516,1.04534,1.50,2.33
2013.04.17 16:40:51.861,1.04512,1.04533,1.65,2.25
2013.04.17 16:40:51.920,1.04512,1.04533,1.65,2.25
2013.04.17 16:40:53.210,1.04513,1.04532,1.50,2.25
2013.04.17 16:40:53.272,1.0451,1.04531,1.50,1.50
2013.04.17 16:40:53.342,1.0451,1.04529,1.50,2.25
2013.04.17 16:40:53.403,1.04507,1.04524,1.50,1.50
2013.04.17 16:40:53.591,1.04501,1.04516,1.35,1.50
2013.04.17 16:40:53.651,1.04496,1.04515,1.65,1.50
2013.04.17 16:40:53.711,1.04496,1.04513,1.65,1.50
2013.04.17 16:40:53.770,1.04496,1.04512,1.28,1.50
2013.04.17 16:40:53.832,1.04496,1.04512,1.28,1.50
2013.04.17 16:40:54.073,1.0449,1.04512,1.73,1.50
2013.04.17 16:40:54.251,1.04491,1.04513,1.65,1.50
2013.04.17 16:40:55.801,1.04492,1.04515,2.63,1.50
2013.04.17 16:40:55.980,1.04495,1.04517,1.50,1.35
2013.04.17 16:40:56.380,1.04495,1.04516,1.50,1.50
2013.04.17 16:40:56.983,1.04495,1.04517,1.50,1.35
2013.04.17 16:40:57.611,1.04495,1.04515,1.50,1.50
2013.04.17 16:40:58.331,1.04492,1.04513,1.65,1.50
2013.04.17 16:40:58.861,1.04492,1.04513,1.50,1.50
2013.04.17 16:40:59.657,1.04492,1.04513,1.50,2.44
2013.04.17 16:40:59.912,1.04484,1.04505,1.50,3.19
2013.04.17 16:41:00.094,1.04484,1.04504,1.50,1.65
2013.04.17 16:41:00.161,1.04483,1.04504,1.50,4.09
2013.04.17 16:41:00.223,1.04483,1.04502,1.50,2.25
2013.04.17 16:41:00.281,1.0448,1.04499,1.50,1.50
2013.04.17 16:41:00.400,1.04477,1.04497,1.35,1.13
2013.04.17 16:41:00.526,1.04475,1.04497,1.50,1.88
2013.04.17 16:41:04.001,1.04475,1.04495,1.50,1.13
2013.04.17 16:41:04.121,1.04473,1.04495,1.50,2.63
2013.04.17 16:41:04.362,1.04471,1.04492,1.65,1.84
2013.04.17 16:41:04.920,1.0447,1.04492,1.65,1.65
2013.04.17 16:41:05.126,1.04471,1.04493,1.65,1.65
2013.04.17 16:41:05.959,1.0447,1.04493,3.15,2.33
2013.04.17 16:41:06.261,1.0447,1.04491,1.65,1.50
2013.04.17 16:41:07.562,1.0447,1.04491,1.50,1.65
2013.04.17 16:41:07.631,1.0447,1.0449,1.50,1.13
2013.04.17 16:41:09.081,1.0447,1.0449,1.50,1.65
2013.04.17 16:41:09.762,1.04472,1.0449,1.50,1.50
2013.04.17 16:41:09.822,1.04472,1.04494,3.00,1.50
2013.04.17 16:41:10.000,1.04476,1.04496,1.50,1.50
2013.04.17 16:41:10.301,1.04476,1.04498,1.50,1.50
2013.04.17 16:41:10.881,1.04476,1.04498,2.25,2.25
2013.04.17 16:41:11.662,1.04476,1.04498,2.25,1.73
2013.04.17 16:41:12.023,1.04476,1.04496,1.50,1.13
2013.04.17 16:41:12.511,1.04473,1.04495,1.50,1.65
2013.04.17 16:41:12.967,1.04476,1.04494,1.50,1.35
2013.04.17 16:41:13.281,1.04477,1.04498,1.50,2.40
2013.04.17 16:41:13.841,1.04476,1.04497,2.25,1.28
2013.04.17 16:41:14.084,1.04472,1.04493,2.25,1.43
2013.04.17 16:41:14.274,1.04474,1.04494,1.50,1.50
2013.04.17 16:41:14.833,1.04473,1.04494,1.50,1.50
2013.04.17 16:41:15.022,1.04475,1.04496,1.13,3.08
2013.04.17 16:41:15.143,1.04478,1.04497,2.25,1.50
2013.04.17 16:41:15.273,1.04476,1.04495,2.25,1.50
2013.04.17 16:41:15.341,1.04476,1.04498,3.60,3.08
2013.04.17 16:41:15.401,1.04476,1.04498,3.00,1.58
2013.04.17 16:41:15.521,1.04476,1.04496,1.50,2.25
2013.04.17 16:41:15.641,1.04473,1.04494,1.50,1.50
2013.04.17 16:41:17.501,1.04475,1.04496,1.50,1.58
2013.04.17 16:41:17.802,1.04478,1.04497,1.50,4.58
2013.04.17 16:41:18.651,1.0448,1.04499,1.20,1.50
2013.04.17 16:41:18.891,1.0449,1.0451,1.50,1.43
2013.04.17 16:41:19.013,1.04486,1.0451,2.40,1.65
2013.04.17 16:41:19.323,1.04491,1.04512,1.35,3.38
2013.04.17 16:41:19.392,1.04491,1.04513,4.50,1.50
2013.04.17 16:41:19.573,1.04496,1.04518,3.00,1.50
2013.04.17 16:41:19.642,1.04497,1.04519,1.50,1.50
2013.04.17 16:41:19.821,1.04501,1.04521,1.50,1.65
2013.04.17 16:41:19.940,1.04501,1.04523,2.25,2.89
2013.04.17 16:41:20.252,1.04503,1.04523,3.00,1.50
2013.04.17 16:41:20.383,1.04505,1.04527,3.00,1.50
2013.04.17 16:41:20.691,1.04507,1.04529,1.50,2.85
2013.04.17 16:41:21.004,1.04507,1.04529,1.50,3.23
2013.04.17 16:41:21.252,1.04507,1.04529,1.50,2.10
2013.04.17 16:41:21.311,1.04508,1.04529,2.18,1.50
2013.04.17 16:41:21.551,1.04512,1.04534,2.40,2.18
2013.04.17 16:41:21.612,1.04513,1.04534,1.65,2.18
2013.04.17 16:41:21.868,1.04517,1.04538,2.25,1.13
2013.04.17 16:41:22.054,1.04517,1.04536,1.50,2.40
2013.04.17 16:41:22.363,1.04509,1.04524,1.50,1.09
2013.04.17 16:41:22.841,1.04507,1.04525,1.50,1.69
2013.04.17 16:41:23.101,1.04506,1.04526,1.50,1.69
2013.04.17 16:41:23.408,1.04511,1.04529,1.50,3.00
2013.04.17 16:41:23.473,1.04511,1.04531,1.50,2.25
2013.04.17 16:41:23.544,1.04511,1.04531,2.25,1.50
2013.04.17 16:41:23.850,1.04511,1.04533,2.25,1.65
2013.04.17 16:41:23.970,1.04511,1.04533,1.50,2.40
2013.04.17 16:41:24.091,1.0451,1.0453,1.50,1.50
2013.04.17 16:41:24.451,1.04507,1.04528,1.50,3.15
2013.04.17 16:41:24.752,1.04498,1.04516,1.50,1.13
2013.04.17 16:41:24.812,1.04497,1.04516,1.13,2.63
2013.04.17 16:41:24.991,1.04493,1.04514,1.50,2.25
2013.04.17 16:41:25.532,1.04496,1.04519,1.50,2.40
2013.04.17 16:41:25.654,1.04495,1.04516,2.25,2.25
2013.04.17 16:41:25.964,1.04492,1.04514,1.65,1.50
2013.04.17 16:41:26.811,1.04496,1.04515,2.10,1.50
2013.04.17 16:41:26.871,1.04496,1.04515,2.10,1.50
2013.04.17 16:41:27.372,1.04496,1.04518,2.10,2.40
2013.04.17 16:41:27.991,1.04499,1.04518,1.50,1.65
2013.04.17 16:41:28.053,1.04501,1.0452,1.65,2.44
2013.04.17 16:41:28.121,1.04501,1.04523,2.25,2.63
2013.04.17 16:41:28.480,1.04505,1.04525,1.50,1.69
2013.04.17 16:41:28.865,1.04506,1.04527,1.50,1.50
2013.04.17 16:41:29.031,1.04505,1.04527,1.50,2.25
2013.04.17 16:41:30.124,1.04506,1.04527,1.50,2.25
2013.04.17 16:41:30.432,1.04514,1.04528,1.35,1.50
2013.04.17 16:41:30.956,1.04511,1.04531,2.10,2.40
2013.04.17 16:41:31.094,1.0451,1.04528,1.50,1.50
2013.04.17 16:41:32.672,1.04505,1.04525,1.50,1.50
2013.04.17 16:41:32.851,1.04505,1.04525,1.50,1.50
2013.04.17 16:41:34.261,1.04505,1.04523,1.50,1.50
2013.04.17 16:41:34.577,1.04502,1.04512,1.50,1.50
2013.04.17 16:41:34.702,1.04489,1.04509,2.33,1.50
2013.04.17 16:41:34.835,1.04488,1.04508,1.50,1.50
2013.04.17 16:41:35.141,1.04489,1.04508,1.73,3.19
2013.04.17 16:41:35.512,1.04491,1.04514,2.25,1.50
2013.04.17 16:41:35.582,1.04491,1.04514,2.48,1.50
2013.04.17 16:41:35.640,1.04491,1.04514,2.33,1.50
2013.04.17 16:41:35.701,1.04492,1.04515,1.50,1.50
2013.04.17 16:41:36.305,1.04493,1.0451,1.50,2.10
2013.04.17 16:41:36.552,1.04486,1.04506,1.50,2.40
2013.04.17 16:41:36.803,1.04481,1.04505,2.10,1.65
2013.04.17 16:41:37.018,1.04482,1.04505,1.50,1.65
2013.04.17 16:41:37.711,1.04484,1.04505,1.50,1.65
2013.04.17 16:41:38.012,1.04487,1.04507,1.50,1.13
2013.04.17 16:41:38.311,1.04489,1.04509,1.50,1.50
2013.04.17 16:41:38.373,1.04489,1.04509,1.50,1.50
2013.04.17 16:41:39.190,1.04491,1.04514,2.25,2.93
2013.04.17 16:41:39.266,1.04491,1.04513,1.50,1.50
2013.04.17 16:41:39.451,1.04493,1.04513,1.73,1.50
2013.04.17 16:41:39.514,1.04496,1.04516,1.65,1.50
2013.04.17 16:41:39.581,1.04496,1.04514,1.58,1.13
2013.04.17 16:41:39.822,1.04496,1.04517,1.50,1.65
2013.04.17 16:41:40.851,1.04495,1.04517,3.00,1.65
2013.04.17 16:41:40.912,1.04496,1.04518,1.50,3.00
2013.04.17 16:41:41.032,1.04496,1.0452,3.38,3.00
2013.04.17 16:41:41.391,1.04504,1.04525,3.00,1.73
2013.04.17 16:41:41.871,1.04503,1.04523,1.65,2.63
2013.04.17 16:41:41.992,1.04503,1.04522,1.65,1.50
2013.04.17 16:41:42.515,1.04504,1.04522,1.50,1.50
2013.04.17 16:41:43.864,1.04504,1.04523,1.50,1.50
2013.04.17 16:41:44.051,1.04505,1.04522,1.65,1.50
2013.04.17 16:41:44.761,1.04506,1.04522,1.50,1.50
2013.04.17 16:41:44.880,1.04502,1.04522,2.25,1.50
2013.04.17 16:41:45.060,1.045,1.04519,3.08,1.50
2013.04.17 16:41:45.252,1.04499,1.04517,1.50,1.50
2013.04.17 16:41:45.554,1.04492,1.04511,2.33,2.25
2013.04.17 16:41:45.622,1.04491,1.04509,1.20,2.25
2013.04.17 16:41:45.682,1.04489,1.04507,2.25,1.13
2013.04.17 16:41:45.741,1.04489,1.04507,1.50,1.13
2013.04.17 16:41:45.884,1.04491,1.04507,1.50,1.13
2013.04.17 16:41:46.554,1.04491,1.04509,1.65,2.63
2013.04.17 16:41:46.981,1.04494,1.04509,1.50,2.63
2013.04.17 16:41:47.166,1.04494,1.04511,1.65,2.63
2013.04.17 16:41:48.135,1.04491,1.045,2.48,1.50
2013.04.17 16:41:48.203,1.04491,1.045,2.10,1.58
2013.04.17 16:41:48.273,1.04491,1.04498,1.50,1.88
2013.04.17 16:41:48.344,1.04479,1.04494,2.18,1.13
2013.04.17 16:41:48.416,1.04476,1.04493,1.50,1.13
2013.04.17 16:41:48.602,1.04471,1.04493,1.65,1.88
2013.04.17 16:41:48.845,1.04471,1.04493,2.40,1.13
2013.04.17 16:41:49.351,1.04471,1.04493,3.23,1.13
2013.04.17 16:41:50.421,1.04471,1.04492,1.73,1.50
2013.04.17 16:41:50.653,1.0447,1.04491,2.25,1.50
2013.04.17 16:41:50.782,1.04471,1.04492,2.25,1.65
2013.04.17 16:41:51.021,1.04471,1.04489,1.50,1.50
2013.04.17 16:41:51.404,1.04469,1.04488,1.58,1.50
2013.04.17 16:41:51.532,1.04467,1.04489,1.50,3.15
2013.04.17 16:41:51.591,1.04467,1.04486,1.50,1.13
2013.04.17 16:41:52.250,1.04467,1.04485,3.83,1.13
2013.04.17 16:41:53.101,1.04468,1.04489,3.23,1.88
2013.04.17 16:41:53.756,1.04472,1.04489,2.40,1.50
2013.04.17 16:41:54.003,1.04462,1.04482,1.50,1.65
2013.04.17 16:41:54.191,1.04463,1.04482,1.50,1.50
2013.04.17 16:41:54.511,1.04463,1.04482,1.50,1.50
2013.04.17 16:41:54.752,1.04463,1.04482,1.50,2.40
2013.04.17 16:41:54.993,1.04457,1.04479,1.65,1.65
2013.04.17 16:41:55.232,1.04454,1.04473,1.58,1.13
2013.04.17 16:41:55.541,1.04454,1.04474,1.50,1.28
2013.04.17 16:41:57.870,1.04455,1.04475,2.18,1.50
2013.04.17 16:41:58.051,1.04456,1.04476,2.25,2.25
2013.04.17 16:41:58.707,1.04457,1.04476,1.50,2.25
2013.04.17 16:41:59.091,1.04457,1.0448,1.88,2.25
2013.04.17 16:41:59.211,1.04458,1.04479,1.35,1.50
2013.04.17 16:41:59.270,1.04457,1.04479,2.25,1.50
2013.04.17 16:41:59.830,1.04457,1.04479,3.00,1.50
2013.04.17 16:42:00.402,1.04457,1.04479,3.00,1.50
2013.04.17 16:42:01.150,1.04456,1.04478,3.00,1.50
2013.04.17 16:42:02.202,1.04456,1.04474,1.35,1.50
2013.04.17 16:42:02.731,1.04452,1.04473,2.40,1.50
2013.04.17 16:42:02.970,1.04452,1.04473,2.25,2.25
2013.04.17 16:42:03.184,1.04449,1.04472,1.88,2.63
2013.04.17 16:42:03.491,1.04446,1.04457,1.88,1.50
2013.04.17 16:42:03.612,1.04438,1.04459,2.33,2.40
2013.04.17 16:42:04.529,1.04446,1.04458,2.63,1.50
2013.04.17 16:42:04.634,1.04438,1.04453,1.50,2.25
2013.04.17 16:42:04.963,1.04434,1.04453,3.83,1.50
2013.04.17 16:42:05.034,1.04434,1.04453,1.65,2.25
2013.04.17 16:42:05.602,1.0443,1.04451,2.63,2.25
2013.04.17 16:42:05.663,1.0443,1.0445,1.50,1.50
2013.04.17 16:42:05.733,1.04428,1.04449,1.88,1.50
2013.04.17 16:42:06.291,1.04426,1.04448,2.25,1.88
2013.04.17 16:42:06.592,1.04425,1.04447,3.53,1.88
2013.04.17 16:42:07.091,1.04424,1.04444,1.50,1.13
2013.04.17 16:42:07.271,1.04419,1.0444,2.25,1.88
2013.04.17 16:42:07.391,1.04422,1.0444,1.13,1.88
2013.04.17 16:42:07.931,1.04422,1.0444,1.13,1.13
2013.04.17 16:42:08.172,1.04416,1.04435,1.73,3.38
2013.04.17 16:42:08.416,1.0441,1.0443,1.65,1.13
2013.04.17 16:42:08.484,1.04409,1.04427,1.13,1.50
2013.04.17 16:42:08.895,1.04408,1.04423,1.28,1.50
2013.04.17 16:42:08.973,1.04392,1.04414,2.63,1.88
2013.04.17 16:42:09.042,1.04393,1.04413,2.25,1.50
2013.04.17 16:42:09.101,1.04391,1.04412,2.25,1.50
2013.04.17 16:42:09.222,1.04391,1.04414,3.75,2.63
2013.04.17 16:42:09.351,1.04391,1.04414,1.50,4.73
2013.04.17 16:42:09.653,1.04385,1.04404,1.50,1.50
2013.04.17 16:42:09.842,1.04385,1.04404,1.50,1.50
2013.04.17 16:42:10.203,1.04385,1.04403,1.50,1.65
2013.04.17 16:42:10.273,1.04379,1.04402,3.68,1.65
2013.04.17 16:42:10.341,1.04379,1.04397,2.93,1.13
2013.04.17 16:42:10.465,1.04377,1.04397,1.65,1.13
2013.04.17 16:42:10.534,1.04377,1.04397,1.88,1.13
2013.04.17 16:42:10.791,1.04377,1.04397,1.88,1.13
2013.04.17 16:42:11.031,1.04377,1.04397,1.50,1.13
2013.04.17 16:42:11.091,1.04372,1.04396,2.03,1.50
2013.04.17 16:42:11.746,1.04369,1.04388,1.65,1.50
2013.04.17 16:42:11.826,1.04368,1.04391,2.25,1.13
2013.04.17 16:42:11.898,1.04371,1.04391,1.88,1.13
2013.04.17 16:42:11.963,1.04372,1.04392,1.13,1.88
2013.04.17 16:42:12.213,1.04372,1.04389,1.28,1.13
2013.04.17 16:42:12.272,1.04367,1.04388,2.03,1.13
2013.04.17 16:42:12.334,1.04367,1.04387,2.03,1.13
2013.04.17 16:42:12.403,1.04367,1.04385,1.50,1.65
2013.04.17 16:42:12.591,1.04363,1.04384,2.25,1.50
2013.04.17 16:42:12.833,1.04362,1.04383,1.13,1.50
2013.04.17 16:42:12.953,1.04364,1.04383,1.13,1.50
2013.04.17 16:42:13.254,1.04373,1.04392,1.13,3.90
2013.04.17 16:42:13.385,1.04373,1.04392,1.13,1.13
2013.04.17 16:42:13.751,1.04371,1.04392,1.65,1.13
2013.04.17 16:42:13.874,1.0437,1.04392,2.25,1.13
2013.04.17 16:42:13.943,1.0437,1.04386,1.50,1.13
2013.04.17 16:42:14.181,1.04364,1.04383,1.43,1.50
2013.04.17 16:42:14.663,1.04365,1.04384,3.60,1.50
2013.04.17 16:42:14.794,1.04364,1.04385,2.10,1.50
2013.04.17 16:42:14.862,1.04364,1.04385,2.10,1.50
2013.04.17 16:42:15.052,1.04364,1.04383,2.25,2.63
2013.04.17 16:42:15.122,1.04364,1.04383,2.93,2.63
2013.04.17 16:42:15.421,1.04362,1.04383,4.43,2.25
2013.04.17 16:42:15.607,1.04362,1.04381,3.08,1.50
2013.04.17 16:42:15.732,1.0436,1.04379,1.50,1.50
2013.04.17 16:42:15.912,1.04359,1.04381,2.40,1.50
2013.04.17 16:42:16.511,1.04365,1.04382,2.25,2.03
2013.04.17 16:42:16.593,1.04367,1.0439,2.40,1.50
2013.04.17 16:42:16.664,1.0437,1.0439,1.50,1.13
2013.04.17 16:42:16.804,1.04366,1.04389,1.88,2.40
2013.04.17 16:42:16.874,1.04367,1.04389,2.25,2.40
2013.04.17 16:42:17.124,1.04369,1.04389,2.63,1.50
2013.04.17 16:42:17.445,1.04372,1.04394,3.38,1.50
2013.04.17 16:42:17.577,1.04379,1.04394,1.50,1.50
2013.04.17 16:42:17.646,1.04376,1.04398,2.85,1.65
2013.04.17 16:42:17.714,1.04376,1.04399,2.63,2.10
2013.04.17 16:42:17.905,1.04382,1.04403,2.40,1.50
2013.04.17 16:42:17.978,1.04383,1.04403,1.13,1.50
2013.04.17 16:42:18.325,1.04385,1.04407,2.48,2.18
2013.04.17 16:42:18.395,1.04386,1.04408,1.13,1.50
2013.04.17 16:42:18.463,1.04385,1.04408,3.98,1.50
2013.04.17 16:42:18.583,1.04387,1.04408,1.50,1.50
2013.04.17 16:42:18.894,1.04389,1.04411,1.88,1.50
2013.04.17 16:42:19.213,1.04386,1.04406,2.18,1.35
2013.04.17 16:42:19.282,1.04384,1.04405,1.50,1.50
2013.04.17 16:42:19.343,1.04383,1.04405,1.50,1.50
2013.04.17 16:42:19.534,1.0439,1.04405,1.50,1.50
2013.04.17 16:42:19.793,1.0439,1.04412,1.50,1.88
2013.04.17 16:42:19.925,1.04387,1.04408,1.50,1.65
2013.04.17 16:42:20.054,1.04387,1.04408,1.50,2.25
2013.04.17 16:42:20.252,1.04389,1.04411,4.73,1.50
2013.04.17 16:42:20.372,1.04391,1.04413,1.13,1.50
2013.04.17 16:42:20.904,1.04393,1.04413,1.50,3.00
2013.04.17 16:42:20.973,1.04393,1.0441,1.35,1.50
2013.04.17 16:42:21.163,1.04394,1.04414,1.50,1.50
2013.04.17 16:42:21.232,1.04394,1.04414,1.50,1.50
2013.04.17 16:42:21.353,1.04395,1.04418,1.13,1.50
2013.04.17 16:42:21.663,1.04401,1.04421,2.40,1.50
2013.04.17 16:42:22.630,1.04398,1.04418,2.10,1.50
2013.04.17 16:42:24.334,1.04393,1.04415,1.50,1.50
2013.04.17 16:42:25.081,1.04395,1.04418,1.65,2.25
2013.04.17 16:42:25.214,1.04398,1.0442,1.50,1.50
2013.04.17 16:42:25.282,1.04399,1.04422,1.50,1.73
2013.04.17 16:42:25.641,1.04397,1.04419,1.50,1.13
2013.04.17 16:42:25.942,1.04403,1.04424,1.50,1.13
2013.04.17 16:42:26.182,1.04403,1.04427,1.65,2.25
2013.04.17 16:42:26.481,1.04404,1.04427,1.50,2.25
2013.04.17 16:42:26.601,1.04403,1.04427,2.40,2.25
2013.04.17 16:42:26.780,1.04404,1.04428,2.40,1.65
2013.04.17 16:42:27.082,1.04411,1.04432,1.50,1.20
2013.04.17 16:42:27.392,1.04407,1.04423,2.18,1.58
2013.04.17 16:42:27.631,1.04399,1.04421,2.25,1.20
2013.04.17 16:42:28.171,1.04399,1.04422,2.25,1.88
2013.04.17 16:42:28.291,1.044,1.04423,1.50,1.13
2013.04.17 16:42:28.411,1.044,1.04424,2.40,3.08
2013.04.17 16:42:28.531,1.04402,1.04424,2.40,1.35
2013.04.17 16:42:28.592,1.04402,1.04425,2.63,2.33
2013.04.17 16:42:28.952,1.04405,1.04424,1.50,1.88
2013.04.17 16:42:29.071,1.044,1.04422,1.50,1.88
2013.04.17 16:42:29.191,1.044,1.0442,1.50,1.13
2013.04.17 16:42:29.673,1.04399,1.0442,1.50,1.13
2013.04.17 16:42:30.890,1.04397,1.04416,1.50,1.50
2013.04.17 16:42:31.011,1.04394,1.04416,1.50,3.23
2013.04.17 16:42:31.371,1.04396,1.04415,1.50,2.85
2013.04.17 16:42:31.613,1.0439,1.04408,1.50,2.40
2013.04.17 16:42:31.682,1.0439,1.04408,1.50,2.85
2013.04.17 16:42:31.803,1.04388,1.04406,1.50,1.50
2013.04.17 16:42:31.862,1.04387,1.04406,1.50,1.50
2013.04.17 16:42:31.922,1.04384,1.04405,1.50,2.25
2013.04.17 16:42:31.981,1.04382,1.04404,1.50,1.88
2013.04.17 16:42:32.462,1.04384,1.04404,2.10,1.65
2013.04.17 16:42:32.782,1.04388,1.04412,2.25,2.48
2013.04.17 16:42:33.386,1.04388,1.04412,2.25,1.73
2013.04.17 16:42:33.463,1.04386,1.04408,1.50,3.83
2013.04.17 16:42:34.254,1.04386,1.04409,1.50,2.33
2013.04.17 16:42:34.781,1.04386,1.04407,1.50,1.50
2013.04.17 16:42:35.131,1.04386,1.04406,1.50,1.13
2013.04.17 16:42:35.192,1.04384,1.04404,1.50,1.65
2013.04.17 16:42:35.312,1.0438,1.04402,1.50,1.65
2013.04.17 16:42:35.371,1.04378,1.04402,1.50,1.73
2013.04.17 16:42:36.002,1.0438,1.04404,1.88,2.40
2013.04.17 16:42:36.427,1.04383,1.04405,1.50,1.88
2013.04.17 16:42:36.737,1.04386,1.04408,2.25,3.23
2013.04.17 16:42:36.863,1.04386,1.04406,1.50,1.65
2013.04.17 16:42:36.982,1.04383,1.04406,3.00,1.65
2013.04.17 16:42:37.043,1.04384,1.04406,1.50,1.65
2013.04.17 16:42:37.102,1.04384,1.04406,1.50,1.50
2013.04.17 16:42:37.161,1.04384,1.04406,1.50,1.88
2013.04.17 16:42:37.281,1.04383,1.04404,4.50,1.13
2013.04.17 16:42:37.341,1.04383,1.04408,6.08,1.65
2013.04.17 16:42:37.712,1.04387,1.04409,1.65,3.00
2013.04.17 16:42:37.771,1.04388,1.0441,1.50,3.00
2013.04.17 16:42:38.131,1.04391,1.04413,2.18,1.88
2013.04.17 16:42:38.250,1.04392,1.04413,1.50,1.13
2013.04.17 16:42:38.553,1.04391,1.04411,1.50,1.65
2013.04.17 16:42:38.622,1.0439,1.0441,1.13,1.65
2013.04.17 16:42:38.993,1.04387,1.04408,1.35,1.50
2013.04.17 16:42:39.251,1.04388,1.04411,1.35,1.88
2013.04.17 16:42:40.090,1.04389,1.04412,2.25,1.65
2013.04.17 16:42:40.510,1.04389,1.04414,3.68,1.65
2013.04.17 16:42:40.695,1.04393,1.04415,2.40,1.58
2013.04.17 16:42:40.762,1.04396,1.04418,2.93,3.23
2013.04.17 16:42:40.827,1.04399,1.04418,1.50,1.65
2013.04.17 16:42:40.894,1.04399,1.04419,1.50,2.40
2013.04.17 16:42:41.401,1.044,1.0442,1.50,1.88
2013.04.17 16:42:42.158,1.04397,1.04419,1.13,1.65
2013.04.17 16:42:42.233,1.04396,1.04416,1.13,1.50
2013.04.17 16:42:42.308,1.04397,1.04419,1.13,1.65
2013.04.17 16:42:42.822,1.04397,1.0442,1.13,1.88
2013.04.17 16:42:43.011,1.04396,1.0442,2.03,1.65
2013.04.17 16:42:43.513,1.04396,1.04422,4.28,2.25
2013.04.17 16:42:44.082,1.04398,1.04422,1.13,2.25
2013.04.17 16:42:45.381,1.04398,1.04422,1.73,1.65
2013.04.17 16:42:45.505,1.04401,1.04423,2.63,1.50
2013.04.17 16:42:45.814,1.044,1.04422,3.38,1.13
2013.04.17 16:42:45.943,1.04401,1.04424,1.50,3.90
2013.04.17 16:42:46.002,1.04401,1.04424,1.50,3.30
2013.04.17 16:42:46.252,1.04403,1.04424,1.13,1.65
2013.04.17 16:42:46.553,1.04404,1.04422,1.88,1.13
2013.04.17 16:42:46.622,1.04405,1.04426,1.50,1.50
2013.04.17 16:42:46.684,1.04406,1.04426,1.50,1.50
2013.04.17 16:42:46.753,1.04407,1.04428,1.50,2.03
2013.04.17 16:42:47.272,1.04407,1.04429,1.50,2.25
2013.04.17 16:42:48.073,1.04405,1.04428,1.73,2.25
2013.04.17 16:42:48.382,1.04404,1.04428,1.88,4.50
2013.04.17 16:42:48.912,1.04404,1.04426,1.88,1.50
2013.04.17 16:42:49.503,1.04404,1.04424,1.88,1.65
2013.04.17 16:42:50.042,1.04404,1.04425,1.28,1.50
2013.04.17 16:42:50.103,1.04404,1.04425,1.13,1.50
2013.04.17 16:42:50.282,1.04404,1.04426,3.98,2.25
2013.04.17 16:42:50.583,1.04408,1.0443,2.25,2.40
2013.04.17 16:42:50.895,1.0441,1.0443,1.50,1.65
2013.04.17 16:42:50.964,1.0441,1.04429,1.50,1.50
2013.04.17 16:42:51.034,1.04412,1.0443,1.13,1.65
2013.04.17 16:42:51.898,1.04411,1.04428,1.13,1.35
2013.04.17 16:42:52.221,1.04405,1.04423,1.88,1.50
2013.04.17 16:42:52.343,1.04407,1.04426,1.35,2.25
2013.04.17 16:42:52.532,1.04404,1.04425,3.60,1.50
2013.04.17 16:42:52.832,1.04403,1.04422,1.50,1.50
2013.04.17 16:42:53.022,1.044,1.0442,1.88,1.58
2013.04.17 16:42:53.383,1.04403,1.04423,2.10,2.25
2013.04.17 16:42:53.442,1.04405,1.04423,1.88,1.50
2013.04.17 16:42:53.561,1.04407,1.04429,1.50,2.40
2013.04.17 16:42:54.111,1.04407,1.04429,1.50,1.65
2013.04.17 16:42:54.883,1.04406,1.04428,1.73,1.65
2013.04.17 16:42:56.113,1.04407,1.04428,1.13,1.65
2013.04.17 16:42:56.421,1.04407,1.04426,1.13,1.88
2013.04.17 16:42:56.781,1.04403,1.0442,1.13,1.50
2013.04.17 16:42:56.842,1.04401,1.0442,1.95,1.50
2013.04.17 16:42:57.962,1.04401,1.0442,1.13,1.65
2013.04.17 16:42:59.522,1.04401,1.04419,1.13,1.50
2013.04.17 16:42:59.882,1.04397,1.04414,2.10,1.50
2013.04.17 16:42:59.943,1.04397,1.04416,2.10,1.50
2013.04.17 16:43:01.463,1.04397,1.04418,2.25,1.50
2013.04.17 16:43:01.683,1.04396,1.04417,2.33,1.65
2013.04.17 16:43:02.457,1.04396,1.04416,1.50,1.50
2013.04.17 16:43:02.544,1.04394,1.04416,1.65,1.50
2013.04.17 16:43:03.102,1.04396,1.04416,2.33,1.50
2013.04.17 16:43:03.551,1.04395,1.04413,1.35,1.58
2013.04.17 16:43:03.670,1.04392,1.04413,2.10,1.50
2013.04.17 16:43:03.913,1.04394,1.04415,2.40,1.58
2013.04.17 16:43:04.272,1.04396,1.04413,2.33,1.50
2013.04.17 16:43:04.572,1.04398,1.04416,1.58,1.50
2013.04.17 16:43:05.843,1.04398,1.04415,1.35,1.50
2013.04.17 16:43:06.033,1.04398,1.04417,3.30,1.50
2013.04.17 16:43:06.175,1.04402,1.04418,2.33,1.50
2013.04.17 16:43:06.663,1.04402,1.04424,2.33,1.50
2013.04.17 16:43:06.721,1.04406,1.04425,2.10,1.50
2013.04.17 16:43:07.023,1.04408,1.04427,3.08,1.50
2013.04.17 16:43:07.273,1.04411,1.04433,2.48,1.50
2013.04.17 16:43:08.633,1.04412,1.04434,3.23,1.50
2013.04.17 16:43:09.360,1.04417,1.04434,2.84,1.50
2013.04.17 16:43:09.672,1.04422,1.04443,1.35,1.50
2013.04.17 16:43:09.912,1.04421,1.04441,3.08,1.50
2013.04.17 16:43:10.672,1.04417,1.04439,3.00,2.25
2013.04.17 16:43:11.301,1.04417,1.04439,3.00,2.25
2013.04.17 16:43:12.123,1.04418,1.04439,1.65,2.25
2013.04.17 16:43:12.481,1.04419,1.04439,2.70,2.25
2013.04.17 16:43:12.983,1.04428,1.04441,1.73,1.50
2013.04.17 16:43:13.113,1.04423,1.04441,1.50,1.50
2013.04.17 16:43:13.171,1.04425,1.04441,1.50,1.50
2013.04.17 16:43:13.471,1.04421,1.04441,3.23,1.50
2013.04.17 16:43:14.583,1.04421,1.04441,2.48,1.50
2013.04.17 16:43:15.883,1.04421,1.04441,2.40,1.50
2013.04.17 16:43:16.613,1.04426,1.04441,2.10,1.50
2013.04.17 16:43:16.683,1.04426,1.04445,2.85,1.50
2013.04.17 16:43:16.754,1.04427,1.04445,2.85,2.25
2013.04.17 16:43:16.953,1.04425,1.04445,1.50,1.65
2013.04.17 16:43:19.446,1.04426,1.04444,1.13,1.50
2013.04.17 16:43:20.372,1.04427,1.04449,3.90,1.50
2013.04.17 16:43:21.187,1.04429,1.04449,1.65,1.50
2013.04.17 16:43:21.375,1.04427,1.04448,1.50,2.40
2013.04.17 16:43:21.442,1.04426,1.04444,1.50,2.33
2013.04.17 16:43:21.561,1.04423,1.04442,1.13,1.65
2013.04.17 16:43:21.621,1.0442,1.04442,1.65,2.40
2013.04.17 16:43:22.087,1.04417,1.04441,5.67,1.65
2013.04.17 16:43:23.641,1.04418,1.04437,1.88,1.50
2013.04.17 16:43:23.701,1.04418,1.04439,1.88,1.50
2013.04.17 16:43:23.762,1.0442,1.04439,2.33,1.50
2013.04.17 16:43:24.010,1.04426,1.04443,1.65,1.50
2013.04.17 16:43:24.561,1.04427,1.04446,1.65,1.50
2013.04.17 16:43:25.081,1.04426,1.04446,2.40,1.50
2013.04.17 16:43:25.871,1.04423,1.04443,3.08,1.50
2013.04.17 16:43:25.932,1.04423,1.04442,2.25,1.65
2013.04.17 16:43:26.051,1.04418,1.0444,2.48,1.50
2013.04.17 16:43:27.153,1.04423,1.0444,2.18,1.50
2013.04.17 16:43:27.221,1.04424,1.0444,1.20,1.50
2013.04.17 16:43:27.642,1.04425,1.04443,1.88,1.50
2013.04.17 16:43:28.061,1.04417,1.04438,2.48,2.25
2013.04.17 16:43:28.622,1.04419,1.04438,1.58,1.50
2013.04.17 16:43:29.238,1.04419,1.04438,2.33,1.50
2013.04.17 16:43:30.852,1.04419,1.04438,3.08,1.50
2013.04.17 16:43:34.721,1.04419,1.04436,4.05,1.50
2013.04.17 16:43:34.781,1.04421,1.04438,1.13,1.50
2013.04.17 16:43:34.901,1.04424,1.04439,2.25,1.50
2013.04.17 16:43:35.211,1.0443,1.04447,3.30,1.50
2013.04.17 16:43:36.532,1.0443,1.04447,2.93,1.50
2013.04.17 16:43:37.671,1.04427,1.04444,3.30,1.50
2013.04.17 16:43:38.594,1.04431,1.04449,1.50,1.50
2013.04.17 16:43:38.661,1.04432,1.04449,1.13,1.50
2013.04.17 16:43:38.842,1.04432,1.04451,1.95,1.50
2013.04.17 16:43:38.961,1.04432,1.04454,2.70,1.50
2013.04.17 16:43:39.141,1.04435,1.04455,1.73,1.50
2013.04.17 16:43:39.562,1.04437,1.04458,1.28,2.93
2013.04.17 16:43:39.623,1.04439,1.0446,1.88,2.93
2013.04.17 16:43:39.692,1.04439,1.0446,1.88,1.50
2013.04.17 16:43:40.093,1.0444,1.04463,1.13,1.50
2013.04.17 16:43:40.621,1.04439,1.04458,3.00,1.50
2013.04.17 16:43:40.980,1.04437,1.04457,1.05,2.25
2013.04.17 16:43:41.350,1.04437,1.04459,1.05,2.25
2013.04.17 16:43:42.811,1.04436,1.04459,3.00,2.25
2013.04.17 16:43:45.751,1.04436,1.04454,1.50,1.50
2013.04.17 16:43:45.872,1.04433,1.04454,2.40,1.65
2013.04.17 16:43:45.992,1.04432,1.04454,2.25,1.65
2013.04.17 16:43:46.352,1.04434,1.04455,1.13,1.50
2013.04.17 16:43:46.542,1.04434,1.04455,1.65,1.50
2013.04.17 16:43:47.051,1.04433,1.04455,1.65,1.50
2013.04.17 16:43:47.612,1.04433,1.04455,1.65,1.50
2013.04.17 16:43:48.632,1.04435,1.04456,1.13,1.50
2013.04.17 16:43:48.871,1.04436,1.04459,3.15,1.65
2013.04.17 16:43:50.677,1.04439,1.04459,1.50,1.65
2013.04.17 16:43:50.803,1.04441,1.04459,1.50,1.65
2013.04.17 16:43:50.875,1.04441,1.04461,1.58,1.50
2013.04.17 16:43:50.944,1.04444,1.04462,1.50,1.13
2013.04.17 16:43:51.133,1.04447,1.04467,1.65,1.65
2013.04.17 16:43:51.204,1.04448,1.0447,3.68,1.13
2013.04.17 16:43:51.272,1.04449,1.04471,1.65,1.50
2013.04.17 16:43:51.403,1.04451,1.04473,1.65,2.25
2013.04.17 16:43:51.782,1.04452,1.04474,1.13,3.00
2013.04.17 16:43:52.332,1.04452,1.04476,3.45,1.50
2013.04.17 16:43:52.792,1.04451,1.04472,3.00,1.13
2013.04.17 16:43:53.734,1.0445,1.04471,1.50,2.40
2013.04.17 16:43:54.373,1.0445,1.04472,2.25,2.63
2013.04.17 16:43:54.731,1.0445,1.0447,1.50,1.65
2013.04.17 16:43:55.462,1.04447,1.0447,1.88,1.65
2013.04.17 16:43:55.584,1.0445,1.04472,1.50,2.63
2013.04.17 16:43:55.794,1.0445,1.04472,2.25,2.63
2013.04.17 16:43:56.222,1.0445,1.0447,1.50,1.65
2013.04.17 16:43:56.345,1.04447,1.04469,2.63,1.50
2013.04.17 16:43:56.902,1.04447,1.04469,2.63,1.50
2013.04.17 16:44:07.401,1.0445,1.04471,1.20,1.50
2013.04.17 16:44:07.462,1.0445,1.04473,2.93,3.00
2013.04.17 16:44:07.642,1.04453,1.04475,2.78,1.50
2013.04.17 16:44:08.207,1.04454,1.04477,1.05,2.18
2013.04.17 16:44:08.277,1.04455,1.04478,1.58,3.15
2013.04.17 16:44:08.822,1.04457,1.04478,1.80,2.40
2013.04.17 16:44:09.122,1.04472,1.04489,1.13,1.50
2013.04.17 16:44:09.542,1.04471,1.04493,1.65,1.50
2013.04.17 16:44:10.101,1.04494,1.04508,1.88,1.88
2013.04.17 16:44:10.165,1.04494,1.04508,2.25,1.13
2013.04.17 16:44:10.292,1.04496,1.04518,1.50,3.38
2013.04.17 16:44:10.412,1.04492,1.04519,1.28,1.65
2013.04.17 16:44:10.472,1.04491,1.04518,1.65,1.65
2013.04.17 16:44:10.591,1.04492,1.04518,1.13,1.50
2013.04.17 16:44:10.903,1.04482,1.04507,1.65,2.40
2013.04.17 16:44:11.212,1.04475,1.04499,2.25,2.25
2013.04.17 16:44:11.452,1.04473,1.04493,1.50,2.25
2013.04.17 16:44:11.570,1.0447,1.0449,1.65,1.50
2013.04.17 16:44:11.872,1.04467,1.04488,1.13,2.25
2013.04.17 16:44:12.832,1.04468,1.04492,1.88,1.65
2013.04.17 16:44:13.533,1.04468,1.04489,1.13,1.50
2013.04.17 16:44:13.843,1.04482,1.04493,3.98,1.50
2013.04.17 16:44:13.971,1.04486,1.04499,1.28,1.50
2013.04.17 16:44:14.031,1.04486,1.04508,1.28,1.50
2013.04.17 16:44:14.092,1.04488,1.0451,1.13,1.50
2013.04.17 16:44:14.224,1.0449,1.04514,1.50,2.40
2013.04.17 16:44:14.351,1.04489,1.04511,1.35,2.25
2013.04.17 16:44:14.992,1.04489,1.04509,1.35,1.50
2013.04.17 16:44:15.294,1.04487,1.04509,1.50,3.23
2013.04.17 16:44:15.437,1.04487,1.04505,1.88,1.13
2013.04.17 16:44:15.506,1.04485,1.04502,1.50,1.65
2013.04.17 16:44:15.576,1.04481,1.04501,3.75,1.65
2013.04.17 16:44:15.653,1.04481,1.04499,1.50,1.65
2013.04.17 16:44:15.721,1.04477,1.04498,1.50,3.15
2013.04.17 16:44:15.914,1.04469,1.04488,1.58,1.50
2013.04.17 16:44:16.042,1.04471,1.04487,2.93,1.50
2013.04.17 16:44:16.281,1.04471,1.04495,5.03,1.65
2013.04.17 16:44:16.341,1.04471,1.04495,4.13,3.30
2013.04.17 16:44:17.126,1.04467,1.04489,1.58,2.40
2013.04.17 16:44:17.193,1.04466,1.04489,3.83,3.15
2013.04.17 16:44:17.251,1.04466,1.04488,2.33,1.50
2013.04.17 16:44:17.552,1.04458,1.04479,3.00,1.50
2013.04.17 16:44:17.742,1.04458,1.0448,3.08,1.50
2013.04.17 16:44:17.932,1.04471,1.04491,1.88,1.50
2013.04.17 16:44:17.991,1.04471,1.04491,1.88,1.50
2013.04.17 16:44:18.232,1.04473,1.04491,2.55,1.50
2013.04.17 16:44:18.413,1.04473,1.04496,3.23,1.50
2013.04.17 16:44:18.472,1.04473,1.04496,1.35,1.65
2013.04.17 16:44:18.591,1.04472,1.04496,2.25,3.08
2013.04.17 16:44:20.442,1.04471,1.04492,1.73,1.50
2013.04.17 16:44:21.411,1.04472,1.04493,1.13,1.50
2013.04.17 16:44:22.072,1.04474,1.04492,1.13,2.25
2013.04.17 16:44:23.802,1.04474,1.04495,1.13,2.25
2013.04.17 16:44:24.312,1.04475,1.04495,1.88,1.50
2013.04.17 16:44:24.550,1.04476,1.04498,1.65,1.50
2013.04.17 16:44:24.610,1.04476,1.04499,1.65,3.00
2013.04.17 16:44:25.287,1.04477,1.04499,1.50,1.50
2013.04.17 16:44:25.594,1.04486,1.04499,1.50,1.50
2013.04.17 16:44:26.122,1.04491,1.04513,3.00,2.40
2013.04.17 16:44:26.821,1.04488,1.04513,2.25,5.48
2013.04.17 16:44:28.071,1.04488,1.04513,1.50,5.40
2013.04.17 16:44:28.881,1.04487,1.0451,3.00,1.65
2013.04.17 16:44:29.311,1.04487,1.04507,1.65,1.50
2013.04.17 16:44:29.853,1.04487,1.04507,1.50,1.65
2013.04.17 16:44:30.332,1.04483,1.04504,1.50,2.25
2013.04.17 16:44:30.633,1.04477,1.04498,2.03,1.50
2013.04.17 16:44:30.702,1.04477,1.04496,1.88,1.50
2013.04.17 16:44:30.762,1.04477,1.04496,1.13,1.50
2013.04.17 16:44:31.130,1.04476,1.04496,2.40,1.50
2013.04.17 16:44:32.232,1.04477,1.045,2.40,1.50
2013.04.17 16:44:34.341,1.04476,1.04498,2.40,1.50
2013.04.17 16:44:36.042,1.04476,1.04498,1.65,2.40
2013.04.17 16:44:36.881,1.04475,1.04496,1.65,1.50
2013.04.17 16:44:37.121,1.04473,1.04493,1.58,1.50
2013.04.17 16:44:37.242,1.04472,1.04492,2.33,1.35
2013.04.17 16:44:37.983,1.04466,1.04485,1.73,1.50
2013.04.17 16:44:38.652,1.04464,1.04487,1.65,2.40
2013.04.17 16:44:38.891,1.04464,1.04484,1.13,1.88
2013.04.17 16:44:39.193,1.04467,1.04487,2.25,1.50
2013.04.17 16:44:39.554,1.04478,1.04495,1.13,1.50
2013.04.17 16:44:39.621,1.04478,1.04498,1.95,1.13
2013.04.17 16:44:39.741,1.0448,1.04499,2.48,1.50
2013.04.17 16:44:39.802,1.04484,1.04504,1.88,2.25
2013.04.17 16:44:39.921,1.04485,1.04505,1.73,1.50
2013.04.17 16:44:39.981,1.04489,1.04505,3.38,1.50
2013.04.17 16:44:40.161,1.04491,1.0451,1.73,1.50
2013.04.17 16:44:40.645,1.04491,1.04507,1.13,1.50
2013.04.17 16:44:40.715,1.04488,1.04507,2.48,1.50
2013.04.17 16:44:40.783,1.04488,1.04506,1.50,1.50
2013.04.17 16:44:40.909,1.04481,1.04501,1.50,1.50
2013.04.17 16:44:40.976,1.0448,1.04499,1.50,2.40
2013.04.17 16:44:41.290,1.04477,1.04495,2.40,1.50
2013.04.17 16:44:41.605,1.04472,1.04492,1.65,2.25
2013.04.17 16:44:42.147,1.0447,1.04492,3.45,1.50
2013.04.17 16:44:42.511,1.04469,1.04489,1.65,2.25
2013.04.17 16:44:42.632,1.04466,1.04488,2.25,2.25
2013.04.17 16:44:42.981,1.04466,1.04486,1.13,1.50
2013.04.17 16:44:43.473,1.04468,1.04486,1.65,1.50
2013.04.17 16:44:43.601,1.0447,1.0449,2.63,1.50
2013.04.17 16:44:43.782,1.04471,1.04492,1.65,2.25
2013.04.17 16:44:44.129,1.04472,1.04493,1.65,2.25
2013.04.17 16:44:44.434,1.04475,1.04497,1.13,1.50
2013.04.17 16:44:45.132,1.04477,1.04497,1.65,1.50
2013.04.17 16:44:45.730,1.04475,1.04494,1.13,1.50
2013.04.17 16:44:46.601,1.04478,1.04498,1.58,1.50
2013.04.17 16:44:46.724,1.0448,1.04498,1.13,1.50
2013.04.17 16:44:47.032,1.04487,1.04501,3.23,2.18
2013.04.17 16:44:47.271,1.04487,1.04508,3.30,1.50
2013.04.17 16:44:48.601,1.04488,1.04507,1.20,1.50
2013.04.17 16:44:48.864,1.04489,1.04508,1.13,1.50
2013.04.17 16:44:48.933,1.04492,1.04509,1.13,1.50
2013.04.17 16:44:49.002,1.04492,1.0451,1.13,1.50
2013.04.17 16:44:49.713,1.04491,1.0451,1.50,1.50
2013.04.17 16:44:50.013,1.04488,1.04505,1.50,1.50
2013.04.17 16:44:50.144,1.04486,1.04504,1.73,2.25
2013.04.17 16:44:50.212,1.04486,1.04503,1.73,1.50
2013.04.17 16:44:50.511,1.04486,1.04499,1.50,1.50
2013.04.17 16:44:50.692,1.04486,1.04503,1.73,1.50
2013.04.17 16:44:51.134,1.04486,1.04505,2.25,1.50
2013.04.17 16:44:54.021,1.04487,1.04508,1.50,1.50
2013.04.17 16:44:54.140,1.04487,1.04508,1.50,1.50
2013.04.17 16:44:54.461,1.04487,1.04509,1.50,1.50
2013.04.17 16:44:54.671,1.04487,1.04509,1.65,1.50
2013.04.17 16:44:55.615,1.04487,1.04507,1.65,1.50
2013.04.17 16:44:56.054,1.04486,1.04508,2.63,1.50
2013.04.17 16:44:56.585,1.04485,1.04508,1.28,2.18
2013.04.17 16:44:57.101,1.04487,1.04507,1.65,1.50
2013.04.17 16:44:57.708,1.04487,1.04509,1.65,1.50
2013.04.17 16:44:57.891,1.04491,1.04511,1.13,1.50
2013.04.17 16:44:58.013,1.04493,1.04513,2.48,1.50
2013.04.17 16:44:58.082,1.04493,1.04516,3.30,1.50
2013.04.17 16:44:58.142,1.04496,1.04516,1.20,1.50
2013.04.17 16:44:58.440,1.04497,1.04519,2.40,1.50
2013.04.17 16:44:58.562,1.04501,1.04522,2.70,1.50
2013.04.17 16:44:58.622,1.04501,1.04523,2.70,1.50
2013.04.17 16:44:58.741,1.04505,1.04524,3.30,1.50
2013.04.17 16:44:59.102,1.04509,1.04529,2.48,3.68
2013.04.17 16:44:59.222,1.04509,1.04529,2.48,1.50
2013.04.17 16:44:59.283,1.0451,1.04531,1.13,1.50
2013.04.17 16:44:59.804,1.04527,1.04537,1.13,1.50
2013.04.17 16:44:59.893,1.04528,1.04539,2.40,1.50
2013.04.17 16:44:59.964,1.04529,1.04547,1.13,1.50
2013.04.17 16:45:00.033,1.04528,1.04551,2.78,4.43
2013.04.17 16:45:00.091,1.04528,1.04551,2.03,3.00
2013.04.17 16:45:00.273,1.0453,1.04553,1.50,2.25
2013.04.17 16:45:00.811,1.04531,1.04553,1.13,3.00
2013.04.17 16:45:01.323,1.0453,1.04551,2.25,1.50
2013.04.17 16:45:01.394,1.04528,1.0455,1.65,1.50
2013.04.17 16:45:01.772,1.04527,1.0455,1.65,1.50
2013.04.17 16:45:02.263,1.04525,1.04548,1.50,3.15
2013.04.17 16:45:02.332,1.04524,1.04543,2.40,2.25
2013.04.17 16:45:02.455,1.04522,1.04541,1.50,1.50
2013.04.17 16:45:02.582,1.04519,1.04541,3.00,1.50
2013.04.17 16:45:02.952,1.04519,1.04538,1.13,2.25
2013.04.17 16:45:03.311,1.04511,1.04528,1.50,1.50
2013.04.17 16:45:03.612,1.04506,1.04523,1.32,1.50
2013.04.17 16:45:03.914,1.04498,1.04522,1.50,1.50
2013.04.17 16:45:04.251,1.04498,1.04521,1.50,1.50
2013.04.17 16:45:04.832,1.04497,1.0452,1.50,2.25
2013.04.17 16:45:04.891,1.04497,1.04517,1.50,1.50
2013.04.17 16:45:05.368,1.04497,1.04517,1.50,1.50
2013.04.17 16:45:06.611,1.04494,1.04516,2.03,1.65
2013.04.17 16:45:06.731,1.04494,1.04513,1.50,1.65
2013.04.17 16:45:06.791,1.04494,1.04509,1.50,1.50
2013.04.17 16:45:06.911,1.04486,1.04509,1.58,3.00
2013.04.17 16:45:07.564,1.04488,1.04509,1.65,1.50
2013.04.17 16:45:07.697,1.0449,1.04512,1.50,2.40
2013.04.17 16:45:09.603,1.04492,1.04512,1.50,1.65
2013.04.17 16:45:12.042,1.04492,1.04513,1.58,2.10
2013.04.17 16:45:12.102,1.04492,1.04513,1.58,2.10
2013.04.17 16:45:12.640,1.04493,1.04514,1.65,1.50
2013.04.17 16:45:14.461,1.04492,1.04513,2.63,1.50
2013.04.17 16:45:15.126,1.04492,1.04511,1.88,1.50
2013.04.17 16:45:15.776,1.04492,1.04509,1.88,1.50
2013.04.17 16:45:16.035,1.04491,1.04509,2.33,1.50
2013.04.17 16:45:16.104,1.04491,1.04509,1.50,1.50
2013.04.17 16:45:16.293,1.0449,1.04509,2.85,1.50
2013.04.17 16:45:16.661,1.04487,1.04506,3.08,1.50
2013.04.17 16:45:16.723,1.04484,1.04503,1.58,2.10
2013.04.17 16:45:16.781,1.04484,1.04501,1.58,1.65
2013.04.17 16:45:16.842,1.04477,1.04497,1.50,1.50
2013.04.17 16:45:16.961,1.04474,1.04495,1.58,1.50
2013.04.17 16:45:17.021,1.04473,1.04495,3.15,2.25
2013.04.17 16:45:17.081,1.04473,1.04495,3.15,2.25
2013.04.17 16:45:17.622,1.04473,1.04494,1.65,1.50
2013.04.17 16:45:17.682,1.04474,1.04494,1.73,1.50
2013.04.17 16:45:17.983,1.04474,1.04495,5.18,1.65
2013.04.17 16:45:18.042,1.04474,1.04495,5.10,1.65
2013.04.17 16:45:18.385,1.04474,1.04495,2.85,1.65
2013.04.17 16:45:18.571,1.04476,1.04497,1.50,1.65
2013.04.17 16:45:18.932,1.04483,1.04503,1.50,1.88
2013.04.17 16:45:19.232,1.04483,1.04503,1.50,1.88
2013.04.17 16:45:19.412,1.04483,1.04503,1.50,1.88
2013.04.17 16:45:20.291,1.04483,1.04503,1.50,1.88
2013.04.17 16:45:20.903,1.04483,1.04503,1.13,1.50
2013.04.17 16:45:21.081,1.04482,1.04503,4.13,1.50
2013.04.17 16:45:22.137,1.04482,1.04502,2.63,1.50
2013.04.17 16:45:22.672,1.04481,1.04502,2.03,2.25
2013.04.17 16:45:22.792,1.04479,1.04498,1.88,1.50
2013.04.17 16:45:22.851,1.04476,1.04496,1.35,1.50
2013.04.17 16:45:23.211,1.04478,1.04498,1.50,2.25
2013.04.17 16:45:23.511,1.04479,1.04498,1.13,1.50
2013.04.17 16:45:23.992,1.04482,1.04501,1.65,1.50
2013.04.17 16:45:24.051,1.04482,1.04503,1.58,1.50
2013.04.17 16:45:24.112,1.04484,1.04504,1.50,2.25
2013.04.17 16:45:24.411,1.04487,1.04509,1.95,1.50
2013.04.17 16:45:25.268,1.04488,1.04509,1.50,1.50
2013.04.17 16:45:26.180,1.04488,1.04509,1.50,1.50
2013.04.17 16:45:26.895,1.04488,1.04509,1.58,1.50
2013.04.17 16:45:32.861,1.04489,1.04509,1.13,2.25
2013.04.17 16:45:32.923,1.0449,1.04509,2.25,2.25
2013.04.17 16:45:33.044,1.04489,1.04509,1.65,1.50
2013.04.17 16:45:33.232,1.04487,1.04508,1.73,2.40
2013.04.17 16:45:33.293,1.04486,1.04504,2.25,1.65
2013.04.17 16:45:33.475,1.04484,1.045,1.50,1.13
2013.04.17 16:45:33.604,1.04477,1.04496,1.13,1.13
2013.04.17 16:45:33.799,1.04475,1.04496,1.50,1.13
2013.04.17 16:45:33.865,1.04478,1.04495,1.35,1.65
2013.04.17 16:45:34.054,1.04478,1.04499,1.73,1.50
2013.04.17 16:45:34.124,1.0448,1.045,1.43,1.50
2013.04.17 16:45:34.611,1.04482,1.04499,2.25,1.50
2013.04.17 16:45:34.852,1.04483,1.04504,1.50,2.25
2013.04.17 16:45:35.271,1.04491,1.04504,2.10,2.25
2013.04.17 16:45:35.422,1.04492,1.04504,2.25,1.50
2013.04.17 16:45:35.485,1.04492,1.04505,2.25,1.58
2013.04.17 16:45:35.553,1.04491,1.04496,1.43,1.65
2013.04.17 16:45:35.622,1.04485,1.04495,2.86,1.13
2013.04.17 16:45:35.684,1.04477,1.04492,1.50,1.13
2013.04.17 16:45:35.757,1.04473,1.04489,2.18,2.40
2013.04.17 16:45:36.131,1.04462,1.04484,2.33,1.50
2013.04.17 16:45:36.251,1.04462,1.04483,2.70,1.50
2013.04.17 16:45:36.553,1.04455,1.04468,1.50,1.28
2013.04.17 16:45:36.744,1.04447,1.04465,1.50,3.19
2013.04.17 16:45:36.812,1.04444,1.04463,1.50,1.65
2013.04.17 16:45:36.872,1.04441,1.04461,1.47,1.50
2013.04.17 16:45:36.932,1.0444,1.04461,1.47,1.50
2013.04.17 16:45:36.993,1.04438,1.04458,2.82,1.13
2013.04.17 16:45:37.303,1.04437,1.04455,2.25,1.65
2013.04.17 16:45:37.492,1.04438,1.04455,2.40,1.50
2013.04.17 16:45:38.092,1.04437,1.04459,1.88,1.50
2013.04.17 16:45:38.332,1.04437,1.04459,1.88,1.50
2013.04.17 16:45:38.742,1.04437,1.04459,1.65,1.50
2013.04.17 16:45:38.922,1.04437,1.04459,1.65,1.50
2013.04.17 16:45:39.333,1.04437,1.04458,1.50,1.69
2013.04.17 16:45:39.405,1.04437,1.04457,1.65,1.50
2013.04.17 16:45:39.472,1.04436,1.04457,1.88,1.50
2013.04.17 16:45:40.112,1.04439,1.04462,1.65,1.50
2013.04.17 16:45:40.471,1.0444,1.04463,1.65,1.65
2013.04.17 16:45:40.773,1.04442,1.04465,1.50,2.40
2013.04.17 16:45:40.832,1.0444,1.04464,1.65,1.50
2013.04.17 16:45:41.892,1.04442,1.04464,1.35,2.44
2013.04.17 16:45:42.251,1.04444,1.04468,3.15,2.25
2013.04.17 16:45:42.552,1.04444,1.04468,3.15,2.25
2013.04.17 16:45:42.912,1.04444,1.04468,3.23,2.25
2013.04.17 16:45:43.224,1.04449,1.0447,1.13,2.25
2013.04.17 16:45:43.593,1.04447,1.0447,3.08,2.25
2013.04.17 16:45:43.653,1.04447,1.0447,3.83,2.25
2013.04.17 16:45:44.348,1.04447,1.0447,3.75,3.00
2013.04.17 16:45:44.842,1.04451,1.0447,1.50,2.25
2013.04.17 16:45:45.151,1.04452,1.04472,1.50,1.50
2013.04.17 16:45:45.751,1.04452,1.04472,1.50,1.65
2013.04.17 16:45:45.871,1.04448,1.0447,1.58,3.90
2013.04.17 16:45:46.114,1.04445,1.04465,1.50,1.50
2013.04.17 16:45:46.182,1.04445,1.04465,1.50,3.00
2013.04.17 16:45:46.242,1.04445,1.04465,1.50,3.00
2013.04.17 16:45:49.551,1.04446,1.04466,2.25,1.50
2013.04.17 16:45:49.792,1.04448,1.0447,2.25,1.50
2013.04.17 16:45:50.140,1.04451,1.04471,1.50,1.50
2013.04.17 16:45:51.052,1.04452,1.04472,1.50,1.50
2013.04.17 16:45:51.112,1.04452,1.04472,1.50,1.50
2013.04.17 16:45:51.204,1.04452,1.04472,1.50,1.50
2013.04.17 16:45:51.763,1.0445,1.04472,1.50,1.50
2013.04.17 16:45:52.372,1.04452,1.04472,2.10,1.50
2013.04.17 16:45:52.431,1.04452,1.04472,2.10,1.50
2013.04.17 16:45:52.493,1.04453,1.04472,2.10,1.50
2013.04.17 16:45:52.867,1.04455,1.04475,2.25,1.50
2013.04.17 16:45:53.281,1.04456,1.04479,2.25,2.40
2013.04.17 16:45:53.533,1.04456,1.04479,2.25,2.63
2013.04.17 16:45:54.071,1.04456,1.04475,1.50,1.65
2013.04.17 16:45:54.497,1.04458,1.04475,1.50,1.65
2013.04.17 16:45:54.823,1.0446,1.0448,1.50,1.65
2013.04.17 16:45:56.144,1.04461,1.04479,1.50,1.65
2013.04.17 16:45:56.572,1.04463,1.04483,1.50,2.40
2013.04.17 16:45:56.836,1.04463,1.04483,2.25,2.40
2013.04.17 16:45:56.904,1.04464,1.04483,2.25,1.65
2013.04.17 16:45:56.971,1.04468,1.04483,1.35,1.50
2013.04.17 16:45:57.031,1.04469,1.04488,1.50,1.50
2013.04.17 16:45:57.153,1.04471,1.04489,1.50,1.13
2013.04.17 16:45:59.071,1.04468,1.04489,1.35,1.50
2013.04.17 16:45:59.481,1.04468,1.04487,1.35,1.50
2013.04.17 16:46:00.010,1.04466,1.04484,3.60,1.50
2013.04.17 16:46:00.691,1.04467,1.04489,2.10,2.25
2013.04.17 16:46:00.751,1.04469,1.04489,1.58,2.25
2013.04.17 16:46:01.073,1.04474,1.04494,1.28,1.50
2013.04.17 16:46:01.143,1.04476,1.04495,1.35,1.50
2013.04.17 16:46:01.465,1.04472,1.04491,2.33,1.50
2013.04.17 16:46:01.534,1.04472,1.04494,2.33,1.50
2013.04.17 16:46:01.603,1.04472,1.04494,1.50,2.25
2013.04.17 16:46:01.724,1.0447,1.04487,3.83,1.50
2013.04.17 16:46:01.794,1.04472,1.04494,3.98,3.00
2013.04.17 16:46:01.983,1.04474,1.04492,1.13,1.50
2013.04.17 16:46:02.124,1.04473,1.04491,1.50,1.50
2013.04.17 16:46:02.312,1.04469,1.0449,2.10,1.50
2013.04.17 16:46:02.542,1.04469,1.04488,1.43,1.50
2013.04.17 16:46:02.844,1.04467,1.04484,1.50,1.50
2013.04.17 16:46:03.392,1.04467,1.04482,1.50,1.50
2013.04.17 16:46:03.873,1.0446,1.04478,1.13,1.50
2013.04.17 16:46:04.816,1.04459,1.04478,1.58,1.50
2013.04.17 16:46:06.802,1.04459,1.04476,1.43,1.50
2013.04.17 16:46:06.983,1.04456,1.04473,1.13,2.25
2013.04.17 16:46:07.163,1.04452,1.0447,1.73,1.50
2013.04.17 16:46:07.281,1.04449,1.04469,1.35,1.50
2013.04.17 16:46:07.402,1.04446,1.04469,3.19,1.50
2013.04.17 16:46:07.523,1.04446,1.04468,2.33,1.50
2013.04.17 16:46:07.882,1.04446,1.04468,1.50,1.50
2013.04.17 16:46:08.006,1.04444,1.04465,3.83,1.50
2013.04.17 16:46:08.219,1.04443,1.04462,2.44,1.50
2013.04.17 16:46:08.284,1.0444,1.04461,2.25,2.25
2013.04.17 16:46:08.413,1.04438,1.04457,1.50,1.50
2013.04.17 16:46:08.472,1.04437,1.04456,1.50,1.65
2013.04.17 16:46:08.533,1.04436,1.04456,2.25,1.65
2013.04.17 16:46:08.842,1.04433,1.04453,1.50,1.50
2013.04.17 16:46:08.963,1.04432,1.04452,1.50,1.50
2013.04.17 16:46:09.083,1.04428,1.0445,1.28,1.50
2013.04.17 16:46:09.152,1.04428,1.0445,1.28,1.50
2013.04.17 16:46:09.841,1.0443,1.0445,1.50,1.50
2013.04.17 16:46:10.022,1.0443,1.04452,2.25,1.50
2013.04.17 16:46:10.554,1.04431,1.04452,3.00,1.50
2013.04.17 16:46:10.682,1.04429,1.04449,2.48,1.50
2013.04.17 16:46:10.802,1.04428,1.04446,1.13,1.50
2013.04.17 16:46:11.112,1.04423,1.04439,1.65,1.50
2013.04.17 16:46:11.785,1.04422,1.04439,2.33,1.50
2013.04.17 16:46:11.997,1.04422,1.04439,1.65,1.50
2013.04.17 16:46:12.301,1.04414,1.04436,3.08,1.50
2013.04.17 16:46:12.972,1.04416,1.04436,1.50,1.50
2013.04.17 16:46:13.211,1.04416,1.04436,1.50,1.50
2013.04.17 16:46:14.133,1.04425,1.04443,2.40,1.50
2013.04.17 16:46:14.313,1.04429,1.04447,2.25,1.50
2013.04.17 16:46:14.374,1.04429,1.04447,2.48,1.50
2013.04.17 16:46:14.503,1.0443,1.04451,3.83,1.50
2013.04.17 16:46:14.681,1.04434,1.04452,2.18,1.50
2013.04.17 16:46:14.863,1.04434,1.04454,1.95,1.50
2013.04.17 16:46:14.932,1.04435,1.04454,2.25,2.25
2013.04.17 16:46:15.112,1.04433,1.04453,2.25,1.50
2013.04.17 16:46:15.472,1.04427,1.04446,4.13,1.50
2013.04.17 16:46:16.142,1.04427,1.04446,3.60,1.50
2013.04.17 16:46:16.501,1.04422,1.04438,3.45,1.50
2013.04.17 16:46:16.562,1.04422,1.04442,4.58,2.18
2013.04.17 16:46:16.621,1.04422,1.04443,3.30,2.25
2013.04.17 16:46:16.981,1.04426,1.04445,1.50,1.50
2013.04.17 16:46:20.002,1.04425,1.04438,1.35,1.50
2013.04.17 16:46:20.124,1.04421,1.04437,1.65,3.00
2013.04.17 16:46:20.197,1.0442,1.04437,1.88,3.00
2013.04.17 16:46:20.321,1.04415,1.04433,1.35,3.00
2013.04.17 16:46:20.441,1.04414,1.04429,1.35,1.50
2013.04.17 16:46:20.862,1.04409,1.04426,3.83,1.50
2013.04.17 16:46:20.922,1.04409,1.0443,4.58,1.50
2013.04.17 16:46:21.342,1.04413,1.04434,1.35,1.50
2013.04.17 16:46:21.892,1.04413,1.04434,1.73,1.50
2013.04.17 16:46:22.482,1.04418,1.04434,1.35,1.50
2013.04.17 16:46:22.553,1.0442,1.04437,1.65,1.50
2013.04.17 16:46:22.742,1.04423,1.04443,1.58,2.25
2013.04.17 16:46:23.483,1.04424,1.04443,1.73,1.50
2013.04.17 16:46:23.661,1.04425,1.04443,2.48,1.50
2013.04.17 16:46:24.201,1.04425,1.04443,2.48,1.50
2013.04.17 16:46:24.321,1.04425,1.04444,2.48,1.50
2013.04.17 16:46:24.960,1.04425,1.04444,2.48,1.50
2013.04.17 16:46:25.487,1.04425,1.04444,2.48,1.50
2013.04.17 16:46:26.122,1.04425,1.04444,2.48,1.50
2013.04.17 16:46:26.911,1.04425,1.04443,2.48,1.50
2013.04.17 16:46:27.431,1.04423,1.04443,2.85,1.50
2013.04.17 16:46:28.029,1.04423,1.04443,2.10,1.50
2013.04.17 16:46:30.492,1.04425,1.04443,1.58,1.50
2013.04.17 16:46:30.612,1.04426,1.04444,2.33,1.50
2013.04.17 16:46:30.861,1.04427,1.04446,1.43,1.50
2013.04.17 16:46:31.372,1.04431,1.04453,2.93,1.50
2013.04.17 16:46:31.735,1.04433,1.04453,1.35,1.50
2013.04.17 16:46:31.804,1.04434,1.04453,1.35,1.50
2013.04.17 16:46:31.933,1.04436,1.04453,2.33,1.50
2013.04.17 16:46:32.313,1.04441,1.04461,1.58,1.50
2013.04.17 16:46:32.802,1.0444,1.04461,2.85,1.50
2013.04.17 16:46:32.862,1.0444,1.04461,2.85,1.50
2013.04.17 16:46:33.420,1.0444,1.04461,2.18,1.50
2013.04.17 16:46:33.671,1.04438,1.04458,3.60,1.50
2013.04.17 16:46:35.851,1.0444,1.04458,3.23,1.50
2013.04.17 16:46:36.151,1.04438,1.04459,3.08,1.50
2013.04.17 16:46:36.894,1.04438,1.04459,1.50,2.40
2013.04.17 16:46:36.963,1.04438,1.04457,1.50,1.65
2013.04.17 16:46:37.035,1.04437,1.04453,1.50,1.50
2013.04.17 16:46:37.164,1.04432,1.04449,1.50,1.50
2013.04.17 16:46:38.792,1.04433,1.04449,1.35,1.50
2013.04.17 16:46:39.972,1.04431,1.04447,2.85,1.50
2013.04.17 16:46:40.031,1.04428,1.04447,2.25,2.40
2013.04.17 16:46:40.452,1.04426,1.04444,1.35,1.50
2013.04.17 16:46:40.882,1.04426,1.04442,1.35,2.25
2013.04.17 16:46:41.063,1.04419,1.04435,2.48,1.50
2013.04.17 16:46:41.138,1.04416,1.04435,4.13,1.50
2013.04.17 16:46:41.203,1.04416,1.04434,3.38,1.50
2013.04.17 16:46:41.322,1.04416,1.04434,1.35,1.50
2013.04.17 16:46:41.801,1.04416,1.04432,1.35,1.50
2013.04.17 16:46:42.341,1.04414,1.04432,1.43,1.50
2013.04.17 16:46:42.768,1.04416,1.04432,1.50,1.50
2013.04.17 16:46:43.082,1.04417,1.04436,1.65,1.50
2013.04.17 16:46:44.302,1.04415,1.04434,2.40,1.50
2013.04.17 16:46:44.544,1.04413,1.04433,2.48,1.50
2013.04.17 16:46:44.746,1.04413,1.0443,1.35,3.00
2013.04.17 16:46:44.815,1.0441,1.0443,1.80,3.00
2013.04.17 16:46:45.743,1.0441,1.04429,3.00,1.50
2013.04.17 16:46:46.343,1.0441,1.04429,4.50,1.50
2013.04.17 16:46:47.474,1.04413,1.04429,1.35,1.50
2013.04.17 16:46:47.781,1.04413,1.04429,1.35,1.50
2013.04.17 16:46:48.341,1.04413,1.04429,1.35,1.50
2013.04.17 16:46:48.863,1.04413,1.04433,2.85,1.50
2013.04.17 16:46:48.983,1.04413,1.04434,6.08,2.25
2013.04.17 16:46:49.535,1.04417,1.04434,1.50,1.50
2013.04.17 16:46:49.781,1.04417,1.04433,1.50,1.50
2013.04.17 16:46:50.323,1.04415,1.04433,1.35,1.50
2013.04.17 16:46:54.493,1.04413,1.0443,1.73,1.50
2013.04.17 16:46:54.626,1.04412,1.04426,1.73,1.50
2013.04.17 16:46:54.815,1.04405,1.0442,1.50,1.50
2013.04.17 16:46:55.004,1.04401,1.04418,2.25,2.25
2013.04.17 16:46:55.076,1.04401,1.04416,1.50,1.50
2013.04.17 16:46:55.145,1.04398,1.04414,1.58,1.50
2013.04.17 16:46:55.518,1.04397,1.04411,1.50,1.50
2013.04.17 16:46:55.837,1.0439,1.04407,1.35,1.50
2013.04.17 16:46:55.966,1.04394,1.04411,2.33,1.50
2013.04.17 16:46:56.213,1.04396,1.04413,3.68,1.50
2013.04.17 16:46:56.515,1.04399,1.04415,2.33,1.50
2013.04.17 16:46:56.988,1.04399,1.04415,2.33,1.50
2013.04.17 16:46:57.552,1.04396,1.04412,4.43,1.50
2013.04.17 16:46:57.733,1.04399,1.04416,2.18,1.50
2013.04.17 16:46:57.943,1.04399,1.04417,1.43,1.50
2013.04.17 16:46:58.214,1.04398,1.04414,2.33,1.50
2013.04.17 16:46:58.583,1.04396,1.04408,1.50,1.50
2013.04.17 16:46:58.646,1.04395,1.04408,1.50,1.50
2013.04.17 16:46:58.833,1.04389,1.04403,1.05,1.50
2013.04.17 16:46:58.892,1.04386,1.04403,4.95,1.50
2013.04.17 16:46:59.012,1.04386,1.04403,2.70,1.50
2013.04.17 16:46:59.255,1.04386,1.04396,1.50,1.50
2013.04.17 16:46:59.731,1.04356,1.04371,2.18,1.50
2013.04.17 16:46:59.797,1.04356,1.04369,1.43,2.10
2013.04.17 16:46:59.878,1.04353,1.0437,1.50,3.72
2013.04.17 16:47:00.015,1.04351,1.04365,2.18,2.25
2013.04.17 16:47:00.143,1.04351,1.04365,2.18,3.00
2013.04.17 16:47:00.213,1.04344,1.04362,1.58,1.50
2013.04.17 16:47:00.466,1.04344,1.04359,1.50,1.50
2013.04.17 16:47:00.665,1.04338,1.04357,1.58,1.50
2013.04.17 16:47:00.872,1.04329,1.04349,5.25,1.65
2013.04.17 16:47:00.933,1.04331,1.04346,1.50,2.40
2013.04.17 16:47:01.125,1.04307,1.04331,1.80,8.00
2013.04.17 16:47:01.196,1.04297,1.04316,1.20,1.50
2013.04.17 16:47:01.354,1.04292,1.04313,1.50,3.00
2013.04.17 16:47:01.676,1.04291,1.04299,1.50,1.50
2013.04.17 16:47:02.004,1.04289,1.04297,1.50,1.50
2013.04.17 16:47:02.075,1.04285,1.04297,2.93,1.50
2013.04.17 16:47:02.269,1.04284,1.04294,1.50,1.50
2013.04.17 16:47:02.397,1.0428,1.04299,1.50,2.07
2013.04.17 16:47:02.467,1.04278,1.04293,1.50,2.25
2013.04.17 16:47:02.593,1.04279,1.04293,1.50,2.25
2013.04.17 16:47:02.904,1.04277,1.04296,1.50,1.13
2013.04.17 16:47:04.062,1.04278,1.04299,1.50,1.50
2013.04.17 16:47:04.326,1.04277,1.04299,1.50,1.50
2013.04.17 16:47:04.615,1.04278,1.04299,3.98,2.25
2013.04.17 16:47:04.934,1.04286,1.04306,3.00,2.18
2013.04.17 16:47:05.243,1.04287,1.04309,1.50,2.25
2013.04.17 16:47:05.491,1.04292,1.04311,1.50,1.35
2013.04.17 16:47:05.733,1.04293,1.04309,1.58,1.50
2013.04.17 16:47:05.863,1.04297,1.04317,1.50,1.13
2013.04.17 16:47:06.054,1.04297,1.04318,3.00,1.50
2013.04.17 16:47:06.363,1.04297,1.04316,1.50,2.25
2013.04.17 16:47:06.813,1.04297,1.04316,1.35,2.25
2013.04.17 16:47:07.114,1.04299,1.04316,2.93,1.50
2013.04.17 16:47:07.434,1.04305,1.04319,3.60,1.50
2013.04.17 16:47:07.503,1.04305,1.04319,2.85,1.50
2013.04.17 16:47:07.624,1.04301,1.04319,2.93,2.25
2013.04.17 16:47:07.753,1.04301,1.04321,2.18,1.50
2013.04.17 16:47:07.874,1.04301,1.04323,2.18,3.00
2013.04.17 16:47:07.943,1.04301,1.04323,2.18,4.43
2013.04.17 16:47:08.254,1.04303,1.04323,1.35,1.50
2013.04.17 16:47:08.382,1.04304,1.04322,2.10,2.25
2013.04.17 16:47:08.503,1.04306,1.04325,1.35,2.25
2013.04.17 16:47:09.054,1.04306,1.04328,2.10,1.50
2013.04.17 16:47:09.242,1.04306,1.04326,2.10,1.50
2013.04.17 16:47:09.602,1.04309,1.04326,2.48,1.50
2013.04.17 16:47:10.240,1.0431,1.04327,5.18,1.50
2013.04.17 16:47:10.328,1.04316,1.04333,1.35,1.50
2013.04.17 16:47:10.453,1.04313,1.04332,2.10,1.50
2013.04.17 16:47:10.586,1.04313,1.04333,2.85,1.50
2013.04.17 16:47:10.775,1.04316,1.04333,1.35,2.18
2013.04.17 16:47:10.901,1.04316,1.04338,1.35,3.00
2013.04.17 16:47:11.202,1.04318,1.04338,1.35,1.50
2013.04.17 16:47:11.264,1.04318,1.04341,1.43,1.50
2013.04.17 16:47:11.453,1.04318,1.04336,2.18,1.50
2013.04.17 16:47:11.522,1.04318,1.04339,1.58,2.25
2013.04.17 16:47:11.767,1.04316,1.04337,1.58,1.65
2013.04.17 16:47:12.093,1.04307,1.04327,2.25,2.10
2013.04.17 16:47:12.412,1.04304,1.04318,1.50,2.25
2013.04.17 16:47:12.832,1.04303,1.04315,2.18,1.50
2013.04.17 16:47:12.895,1.04291,1.04314,5.18,1.50
2013.04.17 16:47:13.024,1.04293,1.04312,1.50,2.25
2013.04.17 16:47:13.092,1.04293,1.04312,1.50,2.44
2013.04.17 16:47:13.153,1.04293,1.04312,1.50,3.94
2013.04.17 16:47:13.694,1.04294,1.04311,1.43,1.50
2013.04.17 16:47:13.905,1.04296,1.04318,1.50,1.50
2013.04.17 16:47:13.974,1.04294,1.04318,1.35,3.08
2013.04.17 16:47:14.553,1.04293,1.04316,1.50,1.50
2013.04.17 16:47:14.861,1.04292,1.04313,1.35,1.50
2013.04.17 16:47:15.043,1.04289,1.0431,2.10,1.69
2013.04.17 16:47:15.295,1.04287,1.04308,2.10,1.50
2013.04.17 16:47:15.366,1.04287,1.04308,1.50,1.50
2013.04.17 16:47:15.503,1.04284,1.04307,2.85,1.50
2013.04.17 16:47:15.852,1.04294,1.04307,2.10,1.50
2013.04.17 16:47:15.912,1.04297,1.04316,2.85,1.13
2013.04.17 16:47:16.153,1.043,1.04321,3.00,1.50
2013.04.17 16:47:16.722,1.04301,1.04322,1.50,1.50
2013.04.17 16:47:16.902,1.043,1.04321,1.50,1.50
2013.04.17 16:47:17.265,1.04295,1.04308,2.18,1.50
2013.04.17 16:47:17.336,1.0429,1.04308,1.50,1.50
2013.04.17 16:47:17.403,1.04284,1.04304,1.35,1.50
2013.04.17 16:47:17.462,1.04283,1.04303,2.10,1.50
2013.04.17 16:47:17.768,1.04281,1.043,1.35,1.50
2013.04.17 16:47:17.906,1.04278,1.0429,1.50,1.43
2013.04.17 16:47:18.048,1.04271,1.04286,2.25,3.00
2013.04.17 16:47:18.187,1.04263,1.04281,2.18,2.25
2013.04.17 16:47:18.259,1.0426,1.04279,1.65,1.50
2013.04.17 16:47:18.633,1.04263,1.04278,1.73,1.50
2013.04.17 16:47:18.993,1.04268,1.04285,1.50,1.50
2013.04.17 16:47:19.065,1.04268,1.04287,1.50,1.50
2013.04.17 16:47:19.133,1.04268,1.0429,1.50,1.50
2013.04.17 16:47:19.434,1.04266,1.04281,1.50,1.50
2013.04.17 16:47:19.504,1.04265,1.04281,2.25,1.50
2013.04.17 16:47:19.572,1.04263,1.0428,1.35,1.50
2013.04.17 16:47:19.695,1.04258,1.0428,1.43,1.50
2013.04.17 16:47:19.884,1.04256,1.0428,1.50,1.50
2013.04.17 16:47:20.074,1.04256,1.04276,1.50,1.50
2013.04.17 16:47:20.321,1.04251,1.04273,1.50,1.50
2013.04.17 16:47:20.804,1.04252,1.04273,3.00,1.13
2013.04.17 16:47:21.116,1.04201,1.04239,1.65,6.56
2013.04.17 16:47:21.184,1.04188,1.04228,1.50,1.50
2013.04.17 16:47:21.253,1.04189,1.04223,1.50,1.50
2013.04.17 16:47:21.314,1.04188,1.04223,1.50,1.50
2013.04.17 16:47:21.445,1.04184,1.04219,2.18,4.50
2013.04.17 16:47:21.708,1.04168,1.04216,1.50,1.13
2013.04.17 16:47:21.774,1.04167,1.04218,1.50,1.13
2013.04.17 16:47:21.843,1.04167,1.04213,1.50,1.50
2013.04.17 16:47:21.962,1.04162,1.04217,3.94,2.25
2013.04.17 16:47:22.027,1.04162,1.04216,3.19,1.50
2013.04.17 16:47:22.894,1.04174,1.04207,2.78,2.25
2013.04.17 16:47:22.975,1.04175,1.04208,3.90,2.25
2013.04.17 16:47:23.175,1.04174,1.04206,1.13,1.50
2013.04.17 16:47:23.493,1.04169,1.04198,1.50,1.50
2013.04.17 16:47:23.853,1.04173,1.04203,2.25,1.28
2013.04.17 16:47:24.273,1.0417,1.04198,1.50,2.25
2013.04.17 16:47:24.332,1.04165,1.04197,1.20,2.40
2013.04.17 16:47:24.393,1.04165,1.04194,1.20,2.40
2013.04.17 16:47:24.535,1.04161,1.04189,1.50,2.18
2013.04.17 16:47:24.617,1.04159,1.04181,2.63,2.25
2013.04.17 16:47:24.700,1.04159,1.04181,1.50,3.00
2013.04.17 16:47:24.766,1.04159,1.04178,1.50,1.50
2013.04.17 16:47:24.835,1.04148,1.04176,1.50,2.40
2013.04.17 16:47:24.967,1.04151,1.04174,1.50,2.40
2013.04.17 16:47:25.105,1.04148,1.04171,1.50,1.50
2013.04.17 16:47:25.174,1.04146,1.04166,1.88,1.50
2013.04.17 16:47:25.616,1.04145,1.04168,1.50,1.50
2013.04.17 16:47:25.744,1.04147,1.04168,2.25,2.25
2013.04.17 16:47:26.065,1.04157,1.04177,1.50,1.58
2013.04.17 16:47:26.138,1.04153,1.04176,1.50,1.73
2013.04.17 16:47:26.278,1.04151,1.04173,1.50,1.50
2013.04.17 16:47:26.628,1.04149,1.04159,2.18,3.00
2013.04.17 16:47:26.824,1.04142,1.04163,1.50,1.50
2013.04.17 16:47:26.953,1.04142,1.04163,1.50,1.50
2013.04.17 16:47:27.088,1.04142,1.04163,1.35,2.25
2013.04.17 16:47:27.427,1.0415,1.04167,2.25,1.50
2013.04.17 16:47:27.493,1.04151,1.04171,1.50,1.50
2013.04.17 16:47:27.553,1.04154,1.04174,1.50,1.50
2013.04.17 16:47:27.612,1.04157,1.04174,1.50,1.50
2013.04.17 16:47:27.734,1.04157,1.04178,1.50,2.10
2013.04.17 16:47:28.241,1.04161,1.04181,2.25,1.50
2013.04.17 16:47:28.584,1.04163,1.04179,2.18,1.50
2013.04.17 16:47:28.783,1.04165,1.04181,1.50,1.65
2013.04.17 16:47:28.912,1.04161,1.0418,1.50,1.35
2013.04.17 16:47:29.032,1.04161,1.04181,1.50,1.50
2013.04.17 16:47:29.094,1.04151,1.04171,2.40,5.37
2013.04.17 16:47:29.352,1.0414,1.0416,1.50,1.50
2013.04.17 16:47:29.423,1.04145,1.04162,1.50,1.50
2013.04.17 16:47:29.736,1.0415,1.04165,1.50,2.18
2013.04.17 16:47:29.923,1.04156,1.04177,2.10,1.65
2013.04.17 16:47:30.281,1.04159,1.04178,2.25,1.50
2013.04.17 16:47:30.403,1.04162,1.0418,1.50,1.50
2013.04.17 16:47:30.525,1.04161,1.04183,2.25,2.25
2013.04.17 16:47:30.592,1.04161,1.04183,2.93,1.50
2013.04.17 16:47:31.073,1.04164,1.04173,1.50,1.50
2013.04.17 16:47:31.260,1.04159,1.04176,1.35,1.88
2013.04.17 16:47:31.335,1.0416,1.04176,1.50,1.50
2013.04.17 16:47:31.408,1.04164,1.04184,1.50,2.18
2013.04.17 16:47:31.484,1.04165,1.04185,2.25,2.25
2013.04.17 16:47:31.616,1.04169,1.04186,1.50,1.58
2013.04.17 16:47:31.744,1.0417,1.04189,2.25,1.35
2013.04.17 16:47:31.815,1.04171,1.04193,2.85,1.50
2013.04.17 16:47:31.882,1.04175,1.04193,1.50,1.50
2013.04.17 16:47:32.243,1.04185,1.04206,1.50,1.43
2013.04.17 16:47:32.374,1.0419,1.04208,1.50,1.50
2013.04.17 16:47:32.684,1.04201,1.04216,1.50,1.35
2013.04.17 16:47:32.826,1.04194,1.04217,3.68,1.58
2013.04.17 16:47:32.895,1.04194,1.04216,2.25,1.58
2013.04.17 16:47:32.967,1.04195,1.04216,2.25,1.58
2013.04.17 16:47:33.274,1.04205,1.04218,1.50,1.58
2013.04.17 16:47:33.583,1.04214,1.04228,1.50,3.00
2013.04.17 16:47:33.653,1.04219,1.04233,1.50,3.00
2013.04.17 16:47:33.775,1.04219,1.04233,1.50,2.25
2013.04.17 16:47:34.506,1.04215,1.0423,1.43,2.55
2013.04.17 16:47:34.595,1.04204,1.04228,3.68,2.25
2013.04.17 16:47:34.663,1.04208,1.04228,1.50,2.25
2013.04.17 16:47:34.843,1.04208,1.04232,1.50,3.15
2013.04.17 16:47:35.152,1.04209,1.04233,1.50,2.63
2013.04.17 16:47:35.656,1.04208,1.04227,2.25,1.50
2013.04.17 16:47:35.963,1.04204,1.04221,1.43,2.40
2013.04.17 16:47:36.214,1.04204,1.04219,1.43,1.13
2013.04.17 16:47:36.713,1.04204,1.04222,1.43,1.28
2013.04.17 16:47:36.833,1.04207,1.04223,1.50,1.50
2013.04.17 16:47:37.372,1.04202,1.04221,1.50,2.25
2013.04.17 16:47:38.334,1.04198,1.0422,1.50,3.00
2013.04.17 16:47:38.582,1.04197,1.04219,1.50,1.73
2013.04.17 16:47:39.661,1.04195,1.04216,1.50,2.25
2013.04.17 16:47:40.024,1.0419,1.04213,3.68,1.50
2013.04.17 16:47:40.092,1.0419,1.04212,3.00,1.50
2013.04.17 16:47:40.211,1.04191,1.04214,2.25,3.00
2013.04.17 16:47:40.754,1.04192,1.04214,1.35,1.50
2013.04.17 16:47:40.932,1.04195,1.04214,1.50,1.50
2013.04.17 16:47:41.234,1.04198,1.04216,1.50,1.50
2013.04.17 16:47:42.115,1.04196,1.04216,2.25,1.50
2013.04.17 16:47:42.363,1.04199,1.0422,1.50,2.25
2013.04.17 16:47:42.424,1.04199,1.0422,2.25,2.25
2013.04.17 16:47:42.732,1.04198,1.0422,1.50,3.00
2013.04.17 16:47:43.227,1.04195,1.04218,2.25,3.08
2013.04.17 16:47:43.534,1.04196,1.04216,1.50,1.43
2013.04.17 16:47:43.843,1.04196,1.04217,2.25,1.50
2013.04.17 16:47:44.176,1.04202,1.04218,1.50,1.43
2013.04.17 16:47:44.243,1.04198,1.04218,2.25,1.43
2013.04.17 16:47:44.314,1.04201,1.04219,2.25,1.73
2013.04.17 16:47:44.443,1.04201,1.04221,3.00,1.65
2013.04.17 16:47:44.992,1.04201,1.04219,1.50,1.50
2013.04.17 16:47:45.573,1.04201,1.04219,1.50,2.10
2013.04.17 16:47:45.873,1.04205,1.04224,1.50,1.65
2013.04.17 16:47:46.181,1.04212,1.04232,1.50,2.18
2013.04.17 16:47:46.312,1.04211,1.04231,1.50,1.50
2013.04.17 16:47:46.433,1.04212,1.04234,1.50,3.08
2013.04.17 16:47:46.733,1.04217,1.0424,1.50,1.50
2013.04.17 16:47:46.971,1.04218,1.04242,1.50,1.50
2013.04.17 16:47:47.092,1.0422,1.04242,2.25,1.50
2013.04.17 16:47:47.453,1.04222,1.04245,1.50,1.65
2013.04.17 16:47:47.631,1.04221,1.04243,1.35,1.50
2013.04.17 16:47:47.691,1.04221,1.04244,2.78,2.25
2013.04.17 16:47:48.233,1.04225,1.04247,1.35,3.08
2013.04.17 16:47:48.772,1.04224,1.04247,1.50,2.40
2013.04.17 16:47:48.892,1.04227,1.0425,3.00,1.50
2013.04.17 16:47:48.952,1.04229,1.04253,1.50,3.15
2013.04.17 16:47:50.285,1.04234,1.04255,1.50,2.40
2013.04.17 16:47:50.605,1.04242,1.04263,1.50,1.50
2013.04.17 16:47:50.922,1.04244,1.04267,1.50,1.88
2013.04.17 16:47:51.712,1.04244,1.04267,1.50,1.88
2013.04.17 16:47:52.072,1.0424,1.0426,2.18,1.50
2013.04.17 16:47:52.252,1.04235,1.04259,1.50,2.25
2013.04.17 16:47:52.614,1.04231,1.04256,4.80,2.25
2013.04.17 16:47:53.482,1.04231,1.04253,4.35,1.50
2013.04.17 16:47:53.662,1.04231,1.04252,2.85,1.50
2013.04.17 16:47:53.904,1.04231,1.04247,1.50,1.50
2013.04.17 16:47:54.023,1.04228,1.04247,1.50,2.25
2013.04.17 16:47:54.153,1.04222,1.04243,1.50,3.30
2013.04.17 16:47:54.214,1.04221,1.04239,1.50,1.50
2013.04.17 16:47:54.475,1.04217,1.0424,1.50,3.00
2013.04.17 16:47:54.544,1.04216,1.04239,1.35,1.50
2013.04.17 16:47:54.896,1.04223,1.04243,1.73,1.50
2013.04.17 16:47:55.222,1.04229,1.04242,2.25,1.50
2013.04.17 16:47:55.463,1.04228,1.04246,1.50,3.60
2013.04.17 16:47:55.524,1.04229,1.04245,1.50,1.35
2013.04.17 16:47:55.665,1.0423,1.04247,1.50,1.35
2013.04.17 16:47:55.886,1.04232,1.04247,2.18,1.35
2013.04.17 16:47:56.026,1.04233,1.0425,1.50,2.40
2013.04.17 16:47:56.683,1.04232,1.04242,2.18,2.78
2013.04.17 16:47:56.754,1.04221,1.04246,2.10,1.69
2013.04.17 16:47:56.887,1.04227,1.04247,2.25,2.44
2013.04.17 16:47:57.204,1.0424,1.04252,1.50,1.50
2013.04.17 16:47:57.332,1.04236,1.04255,1.50,1.65
2013.04.17 16:47:57.392,1.04234,1.04255,1.50,2.40
2013.04.17 16:47:57.873,1.0423,1.04253,1.35,1.50
2013.04.17 16:47:58.172,1.04232,1.04254,1.50,1.50
2013.04.17 16:47:59.795,1.04232,1.04255,2.25,1.50
2013.04.17 16:48:00.182,1.0423,1.04252,1.50,4.35
2013.04.17 16:48:00.256,1.0423,1.04247,1.50,1.35
2013.04.17 16:48:00.323,1.0423,1.04243,1.50,2.10
2013.04.17 16:48:00.623,1.04217,1.04238,2.70,1.35
2013.04.17 16:48:01.173,1.04215,1.04238,1.50,2.85
2013.04.17 16:48:01.291,1.04218,1.04237,1.50,1.50
2013.04.17 16:48:01.355,1.04217,1.04237,1.50,1.50
2013.04.17 16:48:01.429,1.04214,1.04237,1.50,1.50
2013.04.17 16:48:01.495,1.04213,1.04236,2.25,2.33
2013.04.17 16:48:01.802,1.04211,1.04229,1.50,1.65
2013.04.17 16:48:01.983,1.04208,1.04231,2.25,2.10
2013.04.17 16:48:02.042,1.0421,1.04233,2.18,2.25
2013.04.17 16:48:02.343,1.04212,1.04233,1.50,1.50
2013.04.17 16:48:02.463,1.04212,1.04234,1.50,3.15
2013.04.17 16:48:02.522,1.04212,1.04233,1.50,1.50
2013.04.17 16:48:02.884,1.04223,1.04235,1.50,1.50
2013.04.17 16:48:03.134,1.04227,1.0425,2.10,1.50
2013.04.17 16:48:03.264,1.04226,1.04247,1.50,1.50
2013.04.17 16:48:03.393,1.04225,1.04246,1.50,2.25
2013.04.17 16:48:03.753,1.0422,1.04242,2.63,1.50
2013.04.17 16:48:04.416,1.04223,1.04241,1.50,1.50
2013.04.17 16:48:05.573,1.04222,1.04244,3.83,1.50
2013.04.17 16:48:05.660,1.0422,1.04241,2.25,1.50
2013.04.17 16:48:05.795,1.04218,1.04238,1.20,1.50
2013.04.17 16:48:07.477,1.04216,1.04238,3.33,1.58
2013.04.17 16:48:07.724,1.04216,1.04235,2.95,1.50
2013.04.17 16:48:08.036,1.04215,1.04227,1.50,2.10
2013.04.17 16:48:08.283,1.04206,1.04222,1.13,2.25
2013.04.17 16:48:08.463,1.04204,1.04222,1.50,2.25
2013.04.17 16:48:08.582,1.04197,1.04221,2.25,3.15
2013.04.17 16:48:08.703,1.04196,1.04218,1.50,1.50
2013.04.17 16:48:09.012,1.04194,1.04216,3.00,1.50
2013.04.17 16:48:09.255,1.04193,1.04213,1.50,2.10
2013.04.17 16:48:09.388,1.0419,1.04211,1.50,1.35
2013.04.17 16:48:09.512,1.04188,1.04211,2.25,1.35
2013.04.17 16:48:10.173,1.04191,1.04211,1.50,1.35
2013.04.17 16:48:10.294,1.04195,1.04217,1.50,2.33
2013.04.17 16:48:10.429,1.04196,1.04215,2.25,1.35
2013.04.17 16:48:10.743,1.04203,1.04222,2.25,1.50
2013.04.17 16:48:10.872,1.04207,1.04226,2.25,1.50
2013.04.17 16:48:11.174,1.04217,1.04234,2.25,1.50
2013.04.17 16:48:11.246,1.04217,1.04237,2.25,2.10
2013.04.17 16:48:11.314,1.04218,1.04237,1.50,1.35
2013.04.17 16:48:11.502,1.04216,1.04238,1.88,1.35
2013.04.17 16:48:11.622,1.04215,1.04236,1.13,1.50
2013.04.17 16:48:12.161,1.04215,1.04233,1.13,1.50
2013.04.17 16:48:12.593,1.0422,1.04237,1.50,2.18
2013.04.17 16:48:12.916,1.04227,1.04248,2.70,1.50
2013.04.17 16:48:12.986,1.04231,1.04249,3.00,1.50
2013.04.17 16:48:13.292,1.04239,1.04253,1.50,1.50
2013.04.17 16:48:13.884,1.04234,1.04245,1.13,2.18
2013.04.17 16:48:13.963,1.04221,1.04228,1.43,1.35
2013.04.17 16:48:14.036,1.04213,1.04228,1.43,2.10
2013.04.17 16:48:14.105,1.04207,1.04229,1.50,1.50
2013.04.17 16:48:14.180,1.04206,1.04229,1.13,1.50
2013.04.17 16:48:14.249,1.04207,1.04231,1.50,2.25
2013.04.17 16:48:14.582,1.04208,1.04231,1.50,2.25
2013.04.17 16:48:15.292,1.04208,1.0423,2.25,1.50
2013.04.17 16:48:15.413,1.04211,1.04232,1.50,1.50
2013.04.17 16:48:15.601,1.04212,1.04234,2.93,2.25
2013.04.17 16:48:15.662,1.04218,1.04237,1.58,1.50
2013.04.17 16:48:15.722,1.04218,1.04239,1.58,1.50
2013.04.17 16:48:15.783,1.04218,1.0424,1.58,1.50
2013.04.17 16:48:15.916,1.04222,1.04241,1.05,1.50
2013.04.17 16:48:15.984,1.04223,1.04243,1.95,2.25
2013.04.17 16:48:16.412,1.04226,1.04249,2.25,1.50
2013.04.17 16:48:16.654,1.04224,1.04238,2.25,1.50
2013.04.17 16:48:16.963,1.04216,1.04231,1.50,1.50
2013.04.17 16:48:17.025,1.04211,1.04233,1.13,3.00
2013.04.17 16:48:17.094,1.0421,1.04228,1.50,1.88
2013.04.17 16:48:17.587,1.04203,1.04224,1.50,2.03
2013.04.17 16:48:17.915,1.04203,1.0422,1.50,1.13
2013.04.17 16:48:18.044,1.04198,1.04213,1.50,2.40
2013.04.17 16:48:18.114,1.04196,1.04212,1.50,1.65
2013.04.17 16:48:18.183,1.04193,1.04207,2.25,2.40
2013.04.17 16:48:18.483,1.04186,1.04206,1.50,1.50
2013.04.17 16:48:18.553,1.04187,1.0421,1.50,4.58
2013.04.17 16:48:18.612,1.04187,1.0421,2.25,3.15
2013.04.17 16:48:19.052,1.04187,1.04208,1.50,1.50
2013.04.17 16:48:19.359,1.04183,1.04204,1.50,1.35
2013.04.17 16:48:19.731,1.04189,1.04204,1.50,1.35
2013.04.17 16:48:19.913,1.04192,1.04214,1.50,1.35
2013.04.17 16:48:20.033,1.04193,1.04214,1.50,1.35
2013.04.17 16:48:20.213,1.04195,1.04217,1.50,1.43
2013.04.17 16:48:21.162,1.042,1.04218,1.50,1.35
2013.04.17 16:48:21.361,1.04208,1.04228,1.50,1.50
2013.04.17 16:48:21.553,1.04208,1.04229,3.38,1.50
2013.04.17 16:48:21.852,1.04217,1.0424,1.50,1.50
2013.04.17 16:48:22.294,1.04218,1.04239,1.13,1.35
2013.04.17 16:48:22.544,1.04213,1.04235,1.88,1.50
2013.04.17 16:48:22.732,1.04213,1.04233,1.13,2.10
2013.04.17 16:48:22.912,1.04206,1.04225,1.50,1.35
2013.04.17 16:48:23.032,1.04204,1.04227,1.50,1.35
2013.04.17 16:48:23.151,1.04203,1.04227,1.50,1.35
2013.04.17 16:48:23.333,1.04205,1.04228,1.50,2.93
2013.04.17 16:48:23.395,1.04206,1.04229,1.50,2.18
2013.04.17 16:48:23.524,1.04207,1.0423,2.25,1.50
2013.04.17 16:48:23.592,1.04208,1.04233,2.25,1.35
2013.04.17 16:48:23.893,1.04212,1.04235,2.25,3.60
2013.04.17 16:48:24.423,1.04212,1.04235,2.25,1.43
2013.04.17 16:48:24.602,1.04212,1.04236,1.50,3.08
2013.04.17 16:48:24.664,1.04213,1.04236,2.18,2.33
2013.04.17 16:48:24.854,1.04215,1.04237,1.50,1.35
2013.04.17 16:48:24.983,1.04217,1.0424,2.25,2.33
2013.04.17 16:48:25.162,1.04219,1.0424,2.63,1.50
2013.04.17 16:48:25.222,1.04221,1.0424,1.50,1.50
2013.04.17 16:48:25.342,1.04221,1.0424,1.50,1.50
2013.04.17 16:48:25.606,1.04222,1.04244,1.50,1.50
2013.04.17 16:48:26.168,1.04222,1.04246,3.00,2.18
2013.04.17 16:48:26.231,1.04223,1.04246,2.18,1.43
2013.04.17 16:48:26.413,1.04227,1.04248,1.50,1.50
2013.04.17 16:48:26.482,1.04228,1.04251,2.25,1.35
2013.04.17 16:48:26.543,1.04228,1.04251,2.25,1.35
2013.04.17 16:48:26.972,1.04231,1.04252,1.88,1.35
2013.04.17 16:48:27.332,1.04233,1.04255,1.50,1.50
2013.04.17 16:48:27.721,1.04231,1.04254,1.13,2.10
2013.04.17 16:48:28.554,1.04231,1.04255,1.88,1.50
2013.04.17 16:48:28.922,1.0423,1.04253,1.88,2.10
2013.04.17 16:48:29.223,1.04228,1.04251,1.50,1.50
2013.04.17 16:48:29.286,1.04226,1.04249,2.25,1.35
2013.04.17 16:48:29.471,1.04226,1.04248,1.50,3.68
2013.04.17 16:48:29.652,1.04222,1.04244,1.50,1.58
2013.04.17 16:48:29.832,1.0422,1.04243,1.35,1.50
2013.04.17 16:48:30.412,1.04221,1.04243,1.35,1.50
2013.04.17 16:48:30.923,1.04219,1.04243,1.50,3.60
2013.04.17 16:48:31.102,1.04219,1.04242,1.50,1.50
2013.04.17 16:48:31.643,1.04216,1.0424,2.10,1.50
2013.04.17 16:48:32.112,1.04219,1.04243,2.25,2.85
2013.04.17 16:48:32.483,1.04218,1.04238,1.50,1.50
2013.04.17 16:48:32.542,1.04216,1.04237,1.50,1.35
2013.04.17 16:48:32.662,1.04212,1.04237,2.25,2.85
2013.04.17 16:48:33.082,1.04212,1.04236,2.25,1.50
2013.04.17 16:48:33.692,1.04209,1.04233,2.18,1.50
2013.04.17 16:48:34.051,1.04208,1.04232,1.50,4.58
2013.04.17 16:48:34.171,1.04207,1.04231,2.63,1.43
2013.04.17 16:48:35.354,1.04206,1.04227,1.50,1.50
2013.04.17 16:48:35.663,1.04206,1.04226,1.50,1.35
2013.04.17 16:48:35.854,1.04201,1.04223,3.00,1.58
2013.04.17 16:48:35.982,1.04201,1.04224,3.00,1.50
2013.04.17 16:48:36.867,1.04206,1.04225,2.18,1.50
2013.04.17 16:48:36.953,1.04214,1.04235,2.25,3.68
2013.04.17 16:48:37.025,1.04216,1.04235,1.50,1.50
2013.04.17 16:48:37.272,1.04213,1.04235,1.50,1.50
2013.04.17 16:48:38.077,1.04215,1.04236,1.50,1.50
2013.04.17 16:48:38.462,1.04215,1.04236,1.50,2.33
2013.04.17 16:48:38.942,1.04216,1.04238,1.50,1.50
2013.04.17 16:48:39.393,1.04214,1.04233,1.50,1.58
2013.04.17 16:48:39.463,1.04212,1.0423,1.50,2.25
2013.04.17 16:48:39.582,1.04211,1.04233,1.50,2.25
2013.04.17 16:48:39.884,1.04209,1.04233,1.50,2.25
2013.04.17 16:48:40.192,1.04208,1.04232,3.98,1.50
2013.04.17 16:48:40.622,1.04209,1.04232,1.50,1.50
2013.04.17 16:48:41.542,1.04208,1.04232,2.10,1.50
2013.04.17 16:48:42.094,1.04208,1.04231,1.35,2.25
2013.04.17 16:48:43.733,1.04209,1.04232,3.00,1.50
2013.04.17 16:48:50.663,1.04211,1.04232,1.50,1.50
2013.04.17 16:48:50.736,1.04212,1.04236,2.25,4.13
2013.04.17 16:48:51.063,1.04216,1.04238,1.50,1.50
2013.04.17 16:48:51.193,1.04218,1.04241,1.50,2.85
2013.04.17 16:48:51.780,1.04218,1.04239,1.50,1.50
2013.04.17 16:48:52.863,1.04217,1.04239,1.50,1.50
2013.04.17 16:48:52.982,1.04216,1.04238,1.50,1.50
2013.04.17 16:48:54.991,1.04217,1.04241,3.00,2.10
2013.04.17 16:48:55.113,1.04217,1.04239,2.25,1.50
2013.04.17 16:48:55.422,1.04216,1.04232,1.50,2.10
2013.04.17 16:48:55.979,1.04212,1.04232,1.50,1.35
2013.04.17 16:48:56.754,1.0421,1.04231,1.50,1.50
2013.04.17 16:48:57.393,1.04211,1.04232,2.25,2.18
2013.04.17 16:48:57.461,1.04212,1.04232,1.50,1.43
2013.04.17 16:48:58.533,1.04212,1.04232,1.50,1.43
2013.04.17 16:48:59.172,1.04212,1.04232,1.50,1.43
2013.04.17 16:48:59.533,1.04215,1.04237,1.50,1.50
2013.04.17 16:48:59.592,1.04215,1.04238,1.50,1.50
2013.04.17 16:48:59.713,1.04214,1.04237,1.50,1.50
2013.04.17 16:49:00.253,1.04217,1.04238,2.25,1.35
2013.04.17 16:49:00.314,1.04219,1.04241,1.50,1.65
2013.04.17 16:49:00.382,1.04222,1.04243,1.50,3.68
2013.04.17 16:49:00.974,1.04222,1.04243,2.25,2.18
2013.04.17 16:49:01.283,1.04226,1.04246,1.50,1.50
2013.04.17 16:49:01.596,1.04232,1.0425,1.50,2.18
2013.04.17 16:49:01.783,1.04232,1.04252,1.58,1.50
2013.04.17 16:49:01.852,1.0423,1.04252,2.33,1.50
2013.04.17 16:49:01.976,1.04229,1.04251,1.58,1.35
2013.04.17 16:49:02.045,1.04229,1.0425,1.50,1.35
2013.04.17 16:49:02.629,1.04227,1.04249,1.50,1.50
2013.04.17 16:49:03.134,1.04227,1.04249,2.25,1.50
2013.04.17 16:49:03.663,1.04228,1.0425,1.50,1.50
2013.04.17 16:49:03.784,1.04231,1.0425,1.50,1.35
2013.04.17 16:49:04.103,1.04231,1.04253,2.25,3.68
2013.04.17 16:49:04.512,1.04231,1.04253,2.25,1.43
2013.04.17 16:49:04.634,1.04233,1.04254,1.50,1.58
2013.04.17 16:49:05.902,1.04234,1.04257,3.00,1.50
2013.04.17 16:49:05.963,1.04236,1.04258,1.50,1.35
2013.04.17 16:49:06.331,1.0424,1.04261,1.50,3.83
2013.04.17 16:49:06.963,1.04238,1.04258,1.50,1.35
2013.04.17 16:49:10.353,1.04237,1.04257,1.50,2.10
2013.04.17 16:49:10.412,1.04236,1.04257,1.50,1.35
2013.04.17 16:49:10.471,1.04235,1.04257,1.50,2.25
2013.04.17 16:49:11.149,1.04235,1.04254,2.25,1.50
2013.04.17 16:49:11.224,1.04237,1.04259,1.50,2.10
2013.04.17 16:49:11.770,1.04236,1.04258,1.50,2.25
2013.04.17 16:49:12.222,1.04233,1.04255,1.50,1.50
2013.04.17 16:49:12.582,1.04236,1.04257,1.50,2.25
2013.04.17 16:49:13.352,1.04236,1.04255,1.50,1.50
2013.04.17 16:49:13.533,1.04232,1.04253,1.50,1.50
2013.04.17 16:49:13.713,1.04231,1.04254,1.50,3.00
2013.04.17 16:49:13.832,1.04229,1.04251,1.50,1.65
2013.04.17 16:49:14.192,1.04225,1.04241,1.50,1.50
2013.04.17 16:49:14.732,1.04219,1.04241,2.25,1.50
2013.04.17 16:49:15.034,1.04219,1.04241,2.25,1.50
2013.04.17 16:49:15.161,1.04219,1.04241,1.50,1.50
2013.04.17 16:49:15.282,1.04218,1.0424,1.35,1.50
2013.04.17 16:49:15.612,1.04216,1.04237,1.50,2.18
2013.04.17 16:49:15.852,1.04214,1.04235,1.50,1.50
2013.04.17 16:49:16.355,1.04215,1.04238,2.25,1.50
2013.04.17 16:49:16.864,1.04219,1.0424,1.50,1.50
2013.04.17 16:49:17.172,1.04221,1.04244,1.50,1.50
2013.04.17 16:49:17.533,1.04223,1.04246,1.50,2.85
2013.04.17 16:49:17.892,1.04231,1.0425,1.50,2.10
2013.04.17 16:49:18.072,1.04231,1.04252,1.50,1.50
2013.04.17 16:49:18.788,1.04231,1.04252,1.50,1.50
2013.04.17 16:49:18.862,1.04227,1.04248,1.50,1.50
2013.04.17 16:49:19.242,1.04226,1.04248,1.50,1.50
2013.04.17 16:49:19.713,1.04226,1.04247,1.50,1.50
2013.04.17 16:49:20.011,1.04224,1.04246,1.50,1.73
2013.04.17 16:49:20.073,1.04223,1.04246,2.25,1.73
2013.04.17 16:49:20.191,1.04223,1.04245,1.50,2.25
2013.04.17 16:49:20.742,1.04222,1.04243,1.50,2.85
2013.04.17 16:49:21.643,1.04222,1.04244,3.00,1.35
2013.04.17 16:49:22.793,1.04222,1.04246,3.00,2.40
2013.04.17 16:49:23.332,1.04226,1.04247,1.50,3.00
2013.04.17 16:49:23.773,1.04224,1.04247,1.50,3.00
2013.04.17 16:49:23.891,1.04224,1.04247,1.50,3.00
2013.04.17 16:49:24.192,1.04222,1.04244,2.63,1.50
2013.04.17 16:49:24.382,1.04222,1.04244,1.50,1.50
2013.04.17 16:49:24.795,1.04223,1.04244,1.50,1.50
2013.04.17 16:49:24.864,1.04226,1.04247,2.25,3.00
2013.04.17 16:49:25.411,1.04226,1.04247,2.25,1.35
2013.04.17 16:49:26.095,1.04226,1.04249,3.00,1.50
2013.04.17 16:49:26.715,1.04227,1.04249,1.50,1.50
2013.04.17 16:49:26.912,1.04228,1.04251,2.25,2.10
2013.04.17 16:49:27.471,1.04227,1.0425,2.25,1.50
2013.04.17 16:49:28.016,1.0423,1.0425,1.50,1.50
2013.04.17 16:49:28.384,1.0423,1.04252,1.50,3.00
2013.04.17 16:49:28.752,1.04231,1.04254,1.50,2.40
2013.04.17 16:49:29.954,1.0423,1.04253,2.25,1.65
2013.04.17 16:49:30.322,1.0423,1.0425,1.50,1.50
2013.04.17 16:49:30.748,1.04229,1.04244,1.50,2.10
2013.04.17 16:49:30.814,1.04228,1.04244,1.50,3.00
2013.04.17 16:49:30.884,1.04227,1.0424,1.50,2.10
2013.04.17 16:49:31.257,1.04223,1.04237,2.18,3.68
2013.04.17 16:49:31.472,1.04219,1.04236,2.18,1.50
2013.04.17 16:49:31.531,1.04212,1.04235,1.50,1.50
2013.04.17 16:49:31.722,1.04214,1.04236,1.50,1.50
2013.04.17 16:49:32.493,1.04215,1.04236,1.50,1.35
2013.04.17 16:49:32.816,1.0421,1.0423,1.50,2.25
2013.04.17 16:49:32.943,1.04207,1.0423,2.10,1.50
2013.04.17 16:49:33.004,1.04207,1.0423,2.85,2.25
2013.04.17 16:49:33.435,1.04209,1.04231,1.50,1.50
2013.04.17 16:49:34.081,1.04209,1.04228,3.00,1.50
2013.04.17 16:49:34.421,1.04201,1.04221,1.58,1.50
2013.04.17 16:49:34.742,1.042,1.04221,1.50,2.25
2013.04.17 16:49:35.026,1.042,1.04221,1.50,2.25
2013.04.17 16:49:35.307,1.042,1.04219,1.50,2.18
2013.04.17 16:49:35.446,1.04196,1.04215,1.50,1.50
2013.04.17 16:49:35.514,1.04196,1.04213,1.50,3.68
2013.04.17 16:49:35.884,1.04197,1.04212,1.50,1.50
2013.04.17 16:49:36.014,1.04197,1.04219,1.50,2.10
2013.04.17 16:49:36.202,1.04196,1.04218,1.50,1.50
2013.04.17 16:49:36.755,1.04196,1.04215,1.50,1.50
2013.04.17 16:49:36.953,1.04192,1.04215,3.00,1.50
2013.04.17 16:49:37.372,1.04193,1.04215,1.65,1.50
2013.04.17 16:49:37.492,1.04195,1.04217,1.50,1.50
2013.04.17 16:49:37.552,1.04195,1.04219,1.50,2.10
2013.04.17 16:49:37.673,1.04195,1.04219,3.00,1.35
2013.04.17 16:49:38.072,1.04195,1.04217,2.25,1.50
2013.04.17 16:49:38.433,1.04194,1.04215,1.50,3.15
2013.04.17 16:49:38.792,1.04196,1.04218,2.25,2.25
2013.04.17 16:49:39.031,1.04198,1.04219,1.50,1.50
2013.04.17 16:49:39.752,1.04198,1.04219,1.50,1.50
2013.04.17 16:49:40.053,1.04201,1.04221,1.50,1.50
2013.04.17 16:49:41.046,1.04201,1.04222,2.25,1.50
2013.04.17 16:49:41.351,1.04199,1.04222,1.50,2.25
2013.04.17 16:49:41.683,1.04201,1.04222,1.50,3.75
2013.04.17 16:49:42.224,1.04201,1.04222,1.50,3.75
2013.04.17 16:49:42.762,1.04201,1.0422,1.50,1.50
2013.04.17 16:49:42.821,1.04199,1.04219,1.50,1.50
2013.04.17 16:49:43.364,1.04199,1.0422,1.50,1.50
2013.04.17 16:49:43.912,1.042,1.0422,1.50,1.50
2013.04.17 16:49:44.152,1.042,1.04218,1.50,1.35
2013.04.17 16:49:44.464,1.04192,1.04214,2.25,2.40
2013.04.17 16:49:44.522,1.04192,1.04214,2.25,2.40
2013.04.17 16:49:44.702,1.04194,1.04214,2.25,1.50
2013.04.17 16:49:45.062,1.04198,1.0422,2.10,1.50
2013.04.17 16:49:45.742,1.04198,1.0422,1.50,2.25
2013.04.17 16:49:46.103,1.04196,1.04217,1.50,1.50
2013.04.17 16:49:46.222,1.04197,1.04219,1.50,1.50
2013.04.17 16:49:46.867,1.04196,1.04219,1.50,1.50
2013.04.17 16:49:47.593,1.04197,1.04219,2.10,2.25
2013.04.17 16:49:47.903,1.04193,1.04206,2.93,3.08
2013.04.17 16:49:48.232,1.04193,1.042,2.86,1.50
2013.04.17 16:49:48.362,1.04177,1.042,1.50,3.00
2013.04.17 16:49:48.661,1.04177,1.042,1.50,2.40
2013.04.17 16:49:49.148,1.04168,1.04187,1.50,1.65
2013.04.17 16:49:49.454,1.04158,1.04178,1.50,1.65
2013.04.17 16:49:49.594,1.04155,1.04178,1.50,1.50
2013.04.17 16:49:49.785,1.0416,1.0418,1.50,1.50
2013.04.17 16:49:49.854,1.0416,1.0418,2.25,1.50
2013.04.17 16:49:49.924,1.04161,1.04182,1.50,1.50
2013.04.17 16:49:50.233,1.04159,1.04178,1.50,1.50
2013.04.17 16:49:50.777,1.04159,1.0418,1.50,3.00
2013.04.17 16:49:51.023,1.04159,1.04182,1.50,1.50
2013.04.17 16:49:51.563,1.0416,1.04179,1.50,1.50
2013.04.17 16:49:51.872,1.0416,1.04177,1.50,1.50
2013.04.17 16:49:52.622,1.0416,1.04182,2.25,1.50
2013.04.17 16:49:52.683,1.0416,1.04182,3.00,1.50
2013.04.17 16:49:53.043,1.04167,1.04185,1.50,1.43
2013.04.17 16:49:53.404,1.04164,1.04186,2.25,1.50
2013.04.17 16:49:53.472,1.04167,1.04186,1.50,1.50
2013.04.17 16:49:53.813,1.04167,1.04188,3.00,1.35
2013.04.17 16:49:54.351,1.04166,1.04188,2.25,2.25
2013.04.17 16:49:54.412,1.04166,1.04188,1.50,2.25
2013.04.17 16:49:54.822,1.04164,1.04185,3.23,1.50
2013.04.17 16:49:54.883,1.04165,1.04187,1.50,2.25
2013.04.17 16:49:55.423,1.04164,1.04186,1.13,2.25
2013.04.17 16:49:55.964,1.04163,1.04186,2.63,2.25
2013.04.17 16:49:56.213,1.04162,1.04184,2.63,3.00
2013.04.17 16:49:56.333,1.0416,1.04183,1.50,3.15
2013.04.17 16:49:56.401,1.04158,1.04181,2.25,1.50
2013.04.17 16:49:56.762,1.04159,1.04182,1.50,2.25
2013.04.17 16:49:57.395,1.04162,1.04182,1.50,1.35
2013.04.17 16:49:57.464,1.04158,1.04181,2.25,1.50
2013.04.17 16:49:57.592,1.04161,1.04182,1.50,3.00
2013.04.17 16:49:57.652,1.04159,1.0418,1.13,1.65
2013.04.17 16:49:57.981,1.04158,1.0418,1.50,2.40
2013.04.17 16:49:58.502,1.04156,1.04178,2.25,1.50
2013.04.17 16:49:58.805,1.04151,1.04172,1.35,1.50
2013.04.17 16:49:59.294,1.04152,1.04174,1.50,1.50
2013.04.17 16:49:59.663,1.04154,1.04175,1.50,1.50
2013.04.17 16:49:59.842,1.04151,1.04172,2.25,1.35
2013.04.17 16:49:59.901,1.04148,1.04169,2.25,1.50
2013.04.17 16:49:59.964,1.04148,1.04169,1.50,2.25
2013.04.17 16:50:00.033,1.04146,1.04163,1.50,1.50
2013.04.17 16:50:00.152,1.04142,1.04163,1.50,1.50
2013.04.17 16:50:00.452,1.04143,1.04165,1.43,1.50
2013.04.17 16:50:00.512,1.04143,1.04166,2.18,1.50
2013.04.17 16:50:00.754,1.04143,1.04166,2.18,1.50
2013.04.17 16:50:00.825,1.04144,1.04167,1.50,1.50
2013.04.17 16:50:01.131,1.04145,1.04164,1.50,1.50
2013.04.17 16:50:01.371,1.04144,1.04167,2.10,1.50
2013.04.17 16:50:02.342,1.04145,1.04167,1.50,2.25
2013.04.17 16:50:02.463,1.04145,1.04167,1.50,1.50
2013.04.17 16:50:02.764,1.04145,1.04168,1.50,1.50
2013.04.17 16:50:02.892,1.04146,1.04172,2.25,3.60
2013.04.17 16:50:03.251,1.04152,1.04172,1.58,2.85
2013.04.17 16:50:03.373,1.04152,1.04172,1.43,1.50
2013.04.17 16:50:03.433,1.04151,1.04173,3.00,1.50
2013.04.17 16:50:03.742,1.04151,1.04172,1.50,2.40
2013.04.17 16:50:04.080,1.04148,1.0417,1.50,1.50
2013.04.17 16:50:05.429,1.04148,1.04172,1.50,1.50
2013.04.17 16:50:06.052,1.04147,1.04171,2.25,2.93
2013.04.17 16:50:06.592,1.04146,1.0417,3.60,1.50
2013.04.17 16:50:06.782,1.04149,1.04171,1.35,2.25
2013.04.17 16:50:07.082,1.04146,1.04168,2.25,2.25
2013.04.17 16:50:07.141,1.04146,1.04168,2.25,2.25
2013.04.17 16:50:07.322,1.04146,1.04168,1.50,2.25
2013.04.17 16:50:07.662,1.04147,1.04167,1.50,1.50
2013.04.17 16:50:08.212,1.04147,1.04168,1.50,1.50
2013.04.17 16:50:08.633,1.04144,1.04168,2.10,1.50
2013.04.17 16:50:09.111,1.04144,1.04165,2.10,2.33
2013.04.17 16:50:09.172,1.04144,1.04161,1.35,1.50
2013.04.17 16:50:09.232,1.04142,1.04159,1.58,2.18
2013.04.17 16:50:09.594,1.04136,1.04157,3.00,1.50
2013.04.17 16:50:09.913,1.04136,1.04157,2.25,1.50
2013.04.17 16:50:10.532,1.04136,1.04157,1.35,3.68
2013.04.17 16:50:10.771,1.04136,1.04157,1.50,1.50
2013.04.17 16:50:10.956,1.04137,1.04155,1.50,2.18
2013.04.17 16:50:11.023,1.04137,1.0416,2.25,1.50
2013.04.17 16:50:11.206,1.04137,1.04158,1.50,2.25
2013.04.17 16:50:11.514,1.04132,1.04154,1.58,2.25
2013.04.17 16:50:11.585,1.04132,1.04154,2.33,1.50
2013.04.17 16:50:11.713,1.04134,1.04157,1.50,1.50
2013.04.17 16:50:12.193,1.04133,1.04155,2.25,1.50
2013.04.17 16:50:12.493,1.04136,1.04158,2.85,1.50
2013.04.17 16:50:12.552,1.04136,1.04157,2.18,1.50
2013.04.17 16:50:13.961,1.04137,1.04159,2.25,1.50
2013.04.17 16:50:15.614,1.04136,1.04157,1.35,1.50
2013.04.17 16:50:15.682,1.04134,1.04155,1.50,1.50
2013.04.17 16:50:15.742,1.04134,1.04154,1.50,1.50
2013.04.17 16:50:15.862,1.04129,1.04152,3.75,1.50
2013.04.17 16:50:16.341,1.04128,1.04151,1.50,2.18
2013.04.17 16:50:16.402,1.04129,1.0415,1.50,1.50
2013.04.17 16:50:16.952,1.0413,1.04154,1.50,3.68
2013.04.17 16:50:17.132,1.04131,1.04153,1.50,1.50
2013.04.17 16:50:17.435,1.04133,1.04156,2.10,2.25
2013.04.17 16:50:17.804,1.04136,1.04159,3.15,1.50
2013.04.17 16:50:17.875,1.04139,1.0416,2.25,1.50
2013.04.17 16:50:17.943,1.04142,1.04163,2.25,2.25
2013.04.17 16:50:18.001,1.04143,1.04163,1.50,1.50
2013.04.17 16:50:18.064,1.04146,1.04166,2.10,1.50
2013.04.17 16:50:18.135,1.04146,1.04168,2.25,1.50
2013.04.17 16:50:18.205,1.0415,1.04173,1.35,2.25
2013.04.17 16:50:18.391,1.04151,1.04176,1.50,1.50
2013.04.17 16:50:18.512,1.0415,1.04175,1.50,1.50
2013.04.17 16:50:19.120,1.04152,1.04176,1.50,2.25
2013.04.17 16:50:19.542,1.04152,1.04176,3.60,1.50
2013.04.17 16:50:19.794,1.04155,1.04177,2.25,1.50
2013.04.17 16:50:19.922,1.04155,1.04179,3.00,1.50
2013.04.17 16:50:19.982,1.04155,1.04179,3.00,1.65
2013.04.17 16:50:20.345,1.0416,1.04179,1.50,1.50
2013.04.17 16:50:20.474,1.04161,1.04184,2.25,2.25
2013.04.17 16:50:20.544,1.04163,1.04185,1.50,1.50
2013.04.17 16:50:21.083,1.0416,1.04184,2.18,2.25
2013.04.17 16:50:21.142,1.04159,1.04182,2.25,1.50
2013.04.17 16:50:21.323,1.04159,1.04181,1.50,1.35
2013.04.17 16:50:23.028,1.04158,1.04167,1.50,1.32
2013.04.17 16:50:23.214,1.04154,1.04162,1.50,3.00
2013.04.17 16:50:23.282,1.04148,1.0416,1.50,1.50
2013.04.17 16:50:23.405,1.04148,1.04162,1.50,2.25
2013.04.17 16:50:23.473,1.04146,1.04165,1.50,1.50
2013.04.17 16:50:23.772,1.04145,1.04165,1.50,3.00
2013.04.17 16:50:24.073,1.04142,1.04164,1.50,1.50
2013.04.17 16:50:24.251,1.04142,1.04164,2.25,2.25
2013.04.17 16:50:24.553,1.04142,1.04163,1.50,1.58
2013.04.17 16:50:24.624,1.04142,1.04164,1.50,3.08
2013.04.17 16:50:25.173,1.04142,1.04165,1.50,3.75
2013.04.17 16:50:25.305,1.04142,1.04162,1.50,2.48
2013.04.17 16:50:25.493,1.04141,1.04157,1.50,3.08
2013.04.17 16:50:25.563,1.04138,1.04157,1.50,2.85
2013.04.17 16:50:25.693,1.04139,1.04158,1.50,1.35
2013.04.17 16:50:26.054,1.04139,1.04161,1.50,4.50
2013.04.17 16:50:26.353,1.04139,1.04159,1.50,2.85
2013.04.17 16:50:26.832,1.04137,1.04158,1.50,2.74
2013.04.17 16:50:27.014,1.04131,1.04149,1.50,1.35
2013.04.17 16:50:27.213,1.04125,1.04149,1.50,2.10
2013.04.17 16:50:27.833,1.04127,1.04149,1.50,1.35
2013.04.17 16:50:27.893,1.04128,1.04149,2.25,1.35
2013.04.17 16:50:28.085,1.04131,1.0415,1.50,4.35
2013.04.17 16:50:28.155,1.04131,1.0415,1.50,1.50
2013.04.17 16:50:28.225,1.04131,1.0415,1.50,1.50
2013.04.17 16:50:28.534,1.04137,1.04158,1.50,1.50
2013.04.17 16:50:28.605,1.04137,1.04157,1.50,1.58
2013.04.17 16:50:28.813,1.04132,1.04156,1.50,1.50
2013.04.17 16:50:29.419,1.04135,1.04155,1.50,1.50
2013.04.17 16:50:29.622,1.04137,1.04159,1.50,2.25
2013.04.17 16:50:30.045,1.04138,1.0416,1.50,2.25
2013.04.17 16:50:30.354,1.0414,1.04157,1.50,1.50
2013.04.17 16:50:30.424,1.04142,1.04159,1.50,1.35
2013.04.17 16:50:30.613,1.04145,1.04164,2.25,2.25
2013.04.17 16:50:30.865,1.04151,1.04165,1.50,2.10
2013.04.17 16:50:30.933,1.04151,1.04165,2.18,1.35
2013.04.17 16:50:31.062,1.0415,1.04168,1.50,1.35
2013.04.17 16:50:31.245,1.0415,1.04168,1.50,2.10
2013.04.17 16:50:31.374,1.0415,1.04168,1.50,2.10
2013.04.17 16:50:32.064,1.04151,1.04171,1.50,3.00
2013.04.17 16:50:32.423,1.04153,1.04171,2.25,1.50
2013.04.17 16:50:32.784,1.04158,1.04176,2.25,1.35
2013.04.17 16:50:32.973,1.04154,1.04172,2.93,1.65
2013.04.17 16:50:33.298,1.04154,1.04172,2.18,1.73
2013.04.17 16:50:33.364,1.0415,1.04172,1.50,1.73
2013.04.17 16:50:34.692,1.04152,1.04175,1.50,2.33
2013.04.17 16:50:34.752,1.04153,1.04175,1.50,1.50
2013.04.17 16:50:35.483,1.04156,1.04177,1.50,1.50
2013.04.17 16:50:35.664,1.04152,1.04175,1.50,2.33
2013.04.17 16:50:35.733,1.04152,1.04174,1.50,3.23
2013.04.17 16:50:36.651,1.0415,1.04169,1.50,1.13
2013.04.17 16:50:36.962,1.0415,1.04171,3.68,1.13
2013.04.17 16:50:37.202,1.0415,1.04169,2.25,1.13
2013.04.17 16:50:37.744,1.04151,1.04171,1.50,1.13
2013.04.17 16:50:38.243,1.04151,1.04172,1.50,1.28
2013.04.17 16:50:38.302,1.0415,1.04172,1.50,2.03
2013.04.17 16:50:40.034,1.0415,1.04167,1.50,1.65
2013.04.17 16:50:40.342,1.04144,1.04167,1.50,2.25
2013.04.17 16:50:40.462,1.04141,1.04164,2.25,3.68
2013.04.17 16:50:40.582,1.04141,1.04163,2.25,2.18
2013.04.17 16:50:41.152,1.04139,1.04163,2.85,1.50
2013.04.17 16:50:41.212,1.04139,1.04163,2.10,1.50
2013.04.17 16:50:41.452,1.0414,1.04164,1.50,2.25
2013.04.17 16:50:41.795,1.04146,1.04166,1.50,1.50
2013.04.17 16:50:41.983,1.04141,1.04164,2.25,2.25
2013.04.17 16:50:42.105,1.0414,1.04162,2.40,1.58
2013.04.17 16:50:42.653,1.04139,1.04161,1.50,1.50
2013.04.17 16:50:42.954,1.04138,1.04156,1.50,2.18
2013.04.17 16:50:43.265,1.04126,1.04147,1.50,1.50
2013.04.17 16:50:43.571,1.04126,1.04147,1.50,1.50
2013.04.17 16:50:44.012,1.04127,1.0415,2.25,1.50
2013.04.17 16:50:44.484,1.04131,1.0415,1.50,1.35
2013.04.17 16:50:44.743,1.04128,1.0415,1.50,1.35
2013.04.17 16:50:44.817,1.04126,1.04148,1.50,1.50
2013.04.17 16:50:45.124,1.04125,1.04144,1.50,1.58
2013.04.17 16:50:45.379,1.04123,1.04146,3.00,1.35
2013.04.17 16:50:45.448,1.04123,1.04144,1.50,2.93
2013.04.17 16:50:45.774,1.04127,1.04147,2.25,1.35
2013.04.17 16:50:46.084,1.04131,1.04149,1.50,1.35
2013.04.17 16:50:46.214,1.04131,1.0415,1.50,1.50
2013.04.17 16:50:46.403,1.0413,1.04149,1.50,1.35
2013.04.17 16:50:46.702,1.04124,1.04145,1.13,4.65
2013.04.17 16:50:46.762,1.04122,1.04144,2.25,1.65
2013.04.17 16:50:47.313,1.04122,1.04144,1.50,1.50
2013.04.17 16:50:47.614,1.04125,1.04146,1.50,2.25
2013.04.17 16:50:47.674,1.04129,1.04147,2.25,2.25
2013.04.17 16:50:47.805,1.04132,1.0415,2.25,1.35
2013.04.17 16:50:47.873,1.04135,1.04155,1.50,3.60
2013.04.17 16:50:48.053,1.04135,1.04157,2.10,3.00
2013.04.17 16:50:48.116,1.04135,1.04157,1.35,2.33
2013.04.17 16:50:48.183,1.04136,1.04156,1.50,1.50
2013.04.17 16:50:48.242,1.04132,1.04155,2.25,1.50
2013.04.17 16:50:48.301,1.04132,1.04155,2.25,2.18
2013.04.17 16:50:48.604,1.04137,1.04153,1.50,1.50
2013.04.17 16:50:48.664,1.04137,1.04157,1.50,2.85
2013.04.17 16:50:48.734,1.04138,1.04158,1.35,1.50
2013.04.17 16:50:48.806,1.0414,1.04161,1.35,1.65
2013.04.17 16:50:49.113,1.04146,1.04164,1.50,1.35
2013.04.17 16:50:49.351,1.04144,1.04167,1.50,3.68
2013.04.17 16:50:50.122,1.04144,1.04166,1.50,2.25
2013.04.17 16:50:50.241,1.04142,1.04165,2.25,2.33
2013.04.17 16:50:50.483,1.04146,1.04169,3.00,1.50
2013.04.17 16:50:50.543,1.04146,1.0417,3.75,2.93
2013.04.17 16:50:50.937,1.0415,1.04173,2.25,1.35
2013.04.17 16:50:51.242,1.04151,1.04173,1.50,1.35
2013.04.17 16:50:51.694,1.04154,1.04176,1.50,2.25
2013.04.17 16:50:51.765,1.04156,1.04179,1.50,2.25
2013.04.17 16:50:51.892,1.04158,1.04181,1.50,3.60
2013.04.17 16:50:52.133,1.04158,1.04181,1.50,4.58
2013.04.17 16:50:52.495,1.04156,1.04174,2.25,1.35
2013.04.17 16:50:53.242,1.04158,1.04179,1.50,2.10
2013.04.17 16:50:53.756,1.04157,1.04177,1.50,1.50
2013.04.17 16:50:53.942,1.04154,1.04175,2.25,2.25
2013.04.17 16:50:54.121,1.04151,1.04173,1.50,1.50
2013.04.17 16:50:54.244,1.04151,1.04171,1.50,1.50
2013.04.17 16:50:54.313,1.04151,1.04171,1.50,1.50
2013.04.17 16:50:54.492,1.0415,1.0417,1.50,2.10
2013.04.17 16:50:54.729,1.04149,1.04169,1.50,1.50
2013.04.17 16:50:54.795,1.0415,1.04168,1.50,1.50
2013.04.17 16:50:54.924,1.0415,1.0417,1.50,1.43
2013.04.17 16:50:54.993,1.04147,1.0417,3.75,1.35
2013.04.17 16:50:55.172,1.04149,1.0417,2.25,2.10
2013.04.17 16:50:55.294,1.04147,1.04168,1.50,1.58
2013.04.17 16:50:56.145,1.04145,1.04164,1.50,1.50
2013.04.17 16:50:56.334,1.04146,1.04166,1.50,1.35
2013.04.17 16:50:56.702,1.04147,1.04168,1.50,1.50
2013.04.17 16:50:56.764,1.04146,1.04168,1.50,2.25
2013.04.17 16:50:56.833,1.04144,1.04167,1.50,3.00
2013.04.17 16:50:57.499,1.04144,1.04166,2.25,2.10
2013.04.17 16:50:57.682,1.04142,1.04164,1.50,1.50
2013.04.17 16:50:57.983,1.04141,1.04163,1.50,2.10
2013.04.17 16:50:58.041,1.04141,1.0416,1.50,1.58
2013.04.17 16:50:58.102,1.04139,1.04159,1.50,2.33
2013.04.17 16:50:58.223,1.04135,1.04159,2.85,3.00
2013.04.17 16:50:58.401,1.04135,1.04154,2.25,1.50
2013.04.17 16:50:58.522,1.04132,1.04153,2.25,2.25
2013.04.17 16:50:58.583,1.04131,1.04152,1.50,1.50
2013.04.17 16:50:59.082,1.0413,1.0415,1.50,1.50
2013.04.17 16:50:59.531,1.0413,1.0415,1.50,1.50
2013.04.17 16:50:59.713,1.0413,1.04152,1.50,1.50
2013.04.17 16:51:00.205,1.04138,1.04156,1.58,1.50
2013.04.17 16:51:00.462,1.04141,1.04162,1.50,1.50
2013.04.17 16:51:01.972,1.04139,1.0416,3.00,2.25
2013.04.17 16:51:02.032,1.04139,1.04157,1.50,1.50
2013.04.17 16:51:02.095,1.04138,1.04155,2.85,1.50
2013.04.17 16:51:02.344,1.04127,1.04145,1.50,2.25
2013.04.17 16:51:02.416,1.04123,1.04143,2.25,1.50
2013.04.17 16:51:02.546,1.04123,1.04145,1.50,1.50
2013.04.17 16:51:02.795,1.04126,1.04145,1.50,2.18
2013.04.17 16:51:02.863,1.04126,1.04145,1.50,1.50
2013.04.17 16:51:03.108,1.04123,1.04146,1.50,1.50
2013.04.17 16:51:03.675,1.04126,1.04146,1.50,1.50
2013.04.17 16:51:03.746,1.04126,1.04146,2.25,1.50
2013.04.17 16:51:03.872,1.04128,1.04149,1.50,2.85
2013.04.17 16:51:03.933,1.04128,1.04149,2.25,2.93
2013.04.17 16:51:04.275,1.04128,1.04145,2.25,1.50
2013.04.17 16:51:04.475,1.04126,1.04145,2.25,2.10
2013.04.17 16:51:04.544,1.04124,1.04144,2.25,2.85
2013.04.17 16:51:04.614,1.04123,1.04141,1.50,1.65
2013.04.17 16:51:04.930,1.04117,1.04139,1.50,1.50
2013.04.17 16:51:05.173,1.0412,1.04141,1.50,1.50
2013.04.17 16:51:05.372,1.04123,1.04143,1.50,2.25
2013.04.17 16:51:05.736,1.04124,1.04143,1.50,1.50
2013.04.17 16:51:05.805,1.04125,1.04143,1.50,1.50
2013.04.17 16:51:05.874,1.04127,1.04146,1.50,1.73
2013.04.17 16:51:06.063,1.04128,1.04147,1.50,2.40
2013.04.17 16:51:06.182,1.04127,1.04148,3.00,2.25
2013.04.17 16:51:06.243,1.04127,1.04148,3.00,1.35
2013.04.17 16:51:06.302,1.04127,1.04145,1.50,1.50
2013.04.17 16:51:06.782,1.04128,1.04149,1.50,1.58
2013.04.17 16:51:06.843,1.04128,1.0415,2.25,2.33
2013.04.17 16:51:07.085,1.0413,1.04153,1.50,1.43
2013.04.17 16:51:07.154,1.0413,1.04152,1.50,1.58
2013.04.17 16:51:07.222,1.04129,1.04152,3.00,1.58
2013.04.17 16:51:07.350,1.0413,1.04153,1.50,2.33
2013.04.17 16:51:07.417,1.04131,1.04153,2.25,2.25
2013.04.17 16:51:07.929,1.04136,1.04154,1.50,2.25
2013.04.17 16:51:08.007,1.04142,1.04162,1.50,1.50
2013.04.17 16:51:08.075,1.04142,1.04164,2.63,1.50
2013.04.17 16:51:08.442,1.04146,1.04165,1.65,1.50
2013.04.17 16:51:08.803,1.04146,1.04168,2.48,1.50
2013.04.17 16:51:09.282,1.04144,1.04166,1.50,1.50
2013.04.17 16:51:09.602,1.04144,1.04165,1.50,1.50
2013.04.17 16:51:09.722,1.04144,1.04164,1.50,2.10
2013.04.17 16:51:09.902,1.04144,1.04163,1.50,1.50
2013.04.17 16:51:10.271,1.04142,1.04162,1.50,1.50
2013.04.17 16:51:10.882,1.0414,1.04164,2.25,3.53
2013.04.17 16:51:11.001,1.04142,1.04164,1.50,2.10
2013.04.17 16:51:12.023,1.0414,1.04163,2.25,1.50
2013.04.17 16:51:12.084,1.0414,1.04163,1.50,2.25
2013.04.17 16:51:12.202,1.04138,1.04161,2.25,1.50
2013.04.17 16:51:12.262,1.04139,1.04163,2.18,3.08
2013.04.17 16:51:12.383,1.04137,1.04161,2.85,1.50
2013.04.17 16:51:12.564,1.04137,1.04161,2.25,2.10
2013.04.17 16:51:13.059,1.04139,1.04161,2.25,1.50
2013.04.17 16:51:13.686,1.04141,1.04162,1.50,1.35
2013.04.17 16:51:14.812,1.04139,1.04161,2.25,2.25
2013.04.17 16:51:15.172,1.04132,1.04156,1.50,1.35
2013.04.17 16:51:15.712,1.04134,1.04154,1.50,1.50
2013.04.17 16:51:16.072,1.04135,1.04156,1.50,2.18
2013.04.17 16:51:16.312,1.04134,1.04153,1.50,1.50
2013.04.17 16:51:16.947,1.04135,1.04154,1.50,1.35
2013.04.17 16:51:17.900,1.04135,1.04156,1.50,2.85
2013.04.17 16:51:19.378,1.04135,1.04157,1.50,2.85
2013.04.17 16:51:19.765,1.04137,1.04158,1.50,2.10
2013.04.17 16:51:20.012,1.04142,1.04162,1.50,1.50
2013.04.17 16:51:20.072,1.04142,1.04164,1.50,2.25
2013.04.17 16:51:20.492,1.04141,1.04161,1.50,1.35
2013.04.17 16:51:20.612,1.04138,1.04159,2.25,1.35
2013.04.17 16:51:21.702,1.0414,1.04159,1.50,1.50
2013.04.17 16:51:22.722,1.0414,1.04161,2.25,2.10
2013.04.17 16:51:23.231,1.0414,1.04161,1.50,2.10
2013.04.17 16:51:23.514,1.04137,1.04161,1.50,3.60
2013.04.17 16:51:24.062,1.04136,1.04159,2.25,1.50
2013.04.17 16:51:25.162,1.04137,1.04159,1.50,1.50
2013.04.17 16:51:26.426,1.04137,1.04158,1.50,2.25
2013.04.17 16:51:26.496,1.04137,1.04158,1.50,1.50
2013.04.17 16:51:26.622,1.04136,1.04158,2.25,1.50
2013.04.17 16:51:26.751,1.04136,1.04158,2.25,2.25
2013.04.17 16:51:27.053,1.04137,1.04156,1.50,1.50
2013.04.17 16:51:27.352,1.04137,1.0416,3.75,2.25
2013.04.17 16:51:27.412,1.04138,1.04161,1.50,2.10
2013.04.17 16:51:27.536,1.04138,1.0416,1.50,1.50
2013.04.17 16:51:27.903,1.04141,1.0416,1.69,1.50
2013.04.17 16:51:28.023,1.04138,1.04159,1.50,1.58
2013.04.17 16:51:28.082,1.04138,1.04158,1.50,1.58
2013.04.17 16:51:28.202,1.04135,1.04156,1.50,2.10
2013.04.17 16:51:28.323,1.04135,1.04154,1.50,1.50
2013.04.17 16:51:28.681,1.04134,1.0415,2.25,1.50
2013.04.17 16:51:28.742,1.04134,1.04154,2.25,2.25
2013.04.17 16:51:29.742,1.04132,1.04152,1.50,1.50
2013.04.17 16:51:29.923,1.04132,1.04149,1.50,1.50
2013.04.17 16:51:30.102,1.04125,1.04145,1.13,1.50
2013.04.17 16:51:30.642,1.04124,1.04147,1.50,1.50
2013.04.17 16:51:30.763,1.04123,1.04146,2.18,1.50
2013.04.17 16:51:30.823,1.0412,1.04145,4.77,1.50
2013.04.17 16:51:30.943,1.0412,1.04143,1.65,2.25
2013.04.17 16:51:31.124,1.04119,1.04142,1.35,1.50
2013.04.17 16:51:31.192,1.04117,1.0414,1.50,2.25
2013.04.17 16:51:31.372,1.04116,1.04139,1.50,2.25
2013.04.17 16:51:31.793,1.04113,1.04136,1.35,2.25
2013.04.17 16:51:31.852,1.04111,1.04134,1.50,2.25
2013.04.17 16:51:31.923,1.04108,1.04131,1.50,1.50
2013.04.17 16:51:32.044,1.04106,1.04128,1.50,1.50
2013.04.17 16:51:32.402,1.04107,1.04129,1.50,1.50
2013.04.17 16:51:32.643,1.04103,1.04127,1.50,1.50
2013.04.17 16:51:32.824,1.04111,1.04131,1.50,2.25
2013.04.17 16:51:32.893,1.04112,1.04135,2.25,1.50
2013.04.17 16:51:33.012,1.04115,1.04137,1.50,1.50
2013.04.17 16:51:34.092,1.04115,1.04138,1.50,3.00
2013.04.17 16:51:35.111,1.04117,1.0414,2.25,1.50
2013.04.17 16:51:35.443,1.04118,1.0414,1.50,1.50
2013.04.17 16:51:35.562,1.04117,1.04137,1.50,1.50
2013.04.17 16:51:36.352,1.04118,1.04136,1.50,3.00
2013.04.17 16:51:38.772,1.0412,1.04139,1.50,1.50
2013.04.17 16:51:39.011,1.04122,1.04141,1.50,2.33
2013.04.17 16:51:39.742,1.04122,1.04141,2.25,1.58
2013.04.17 16:51:40.273,1.04122,1.04141,2.25,1.58
2013.04.17 16:51:42.465,1.04122,1.04143,2.25,1.50
2013.04.17 16:51:42.835,1.04122,1.04136,1.50,2.25
2013.04.17 16:51:43.024,1.04121,1.04141,1.50,1.58
2013.04.17 16:51:43.094,1.04119,1.04139,1.50,6.00
2013.04.17 16:51:43.163,1.04118,1.04136,1.13,1.50
2013.04.17 16:51:43.222,1.04114,1.04136,1.50,1.50
2013.04.17 16:51:43.465,1.04117,1.04136,1.50,1.50
2013.04.17 16:51:43.771,1.04117,1.0414,1.50,1.35
2013.04.17 16:51:45.525,1.04118,1.0414,1.50,1.50
2013.04.17 16:51:45.812,1.04117,1.04139,1.50,2.25
2013.04.17 16:51:46.802,1.04118,1.04139,1.50,2.10
2013.04.17 16:51:47.172,1.04117,1.04137,1.50,1.50
2013.04.17 16:51:47.292,1.04116,1.04136,1.50,1.50
2013.04.17 16:51:47.792,1.04117,1.04136,1.50,1.50
2013.04.17 16:51:47.853,1.04116,1.04138,1.50,2.18
2013.04.17 16:51:47.921,1.04116,1.04139,2.25,4.43
2013.04.17 16:51:48.462,1.04116,1.04139,1.50,2.93
2013.04.17 16:51:49.193,1.04116,1.04139,1.50,2.93
2013.04.17 16:51:49.313,1.04116,1.04139,1.50,2.93
2013.04.17 16:51:50.683,1.04116,1.04139,1.50,2.93
2013.04.17 16:51:52.822,1.04117,1.04139,1.50,3.68
2013.04.17 16:51:53.124,1.04127,1.04149,1.50,1.50
2013.04.17 16:51:53.192,1.04128,1.04151,1.50,2.18
2013.04.17 16:51:53.493,1.0413,1.04151,1.50,1.35
2013.04.17 16:51:53.632,1.0413,1.04152,1.50,1.35
2013.04.17 16:51:54.413,1.04128,1.04151,2.63,1.35
2013.04.17 16:51:55.316,1.04127,1.04148,1.50,2.25
2013.04.17 16:51:56.468,1.04128,1.04149,1.50,1.50
2013.04.17 16:51:56.992,1.04129,1.04151,1.65,2.85
2013.04.17 16:51:57.052,1.04132,1.04151,1.50,1.35
2013.04.17 16:51:57.113,1.04134,1.04154,1.13,1.43
2013.04.17 16:51:57.183,1.04135,1.04155,1.50,1.50
2013.04.17 16:51:57.244,1.04136,1.04158,1.50,2.85
2013.04.17 16:51:57.423,1.04139,1.04158,1.13,1.50
2013.04.17 16:51:57.483,1.0414,1.04162,1.50,1.58
2013.04.17 16:51:57.673,1.04142,1.04163,1.50,1.50
2013.04.17 16:51:57.853,1.04143,1.04164,1.13,1.58
2013.04.17 16:51:58.091,1.04144,1.04162,1.13,1.50
2013.04.17 16:51:58.212,1.04143,1.04162,1.13,2.25
2013.04.17 16:51:58.453,1.04144,1.04166,1.13,2.10
2013.04.17 16:51:58.872,1.04145,1.04166,1.88,1.35
2013.04.17 16:52:03.653,1.04147,1.04166,1.88,2.10
2013.04.17 16:52:04.322,1.04145,1.04164,1.50,1.50
2013.04.17 16:52:04.743,1.04142,1.04163,1.88,2.25
2013.04.17 16:52:05.292,1.04144,1.04164,1.50,1.50
2013.04.17 16:52:05.924,1.04146,1.04168,1.50,1.50
2013.04.17 16:52:06.452,1.04147,1.04168,1.50,1.50
2013.04.17 16:52:07.612,1.04147,1.04169,1.50,2.10
2013.04.17 16:52:07.733,1.04151,1.04169,1.13,2.10
2013.04.17 16:52:08.033,1.04157,1.04178,1.50,2.93
2013.04.17 16:52:08.332,1.04159,1.0418,1.13,1.50
2013.04.17 16:52:08.884,1.04156,1.04179,2.63,2.25
2013.04.17 16:52:08.953,1.04156,1.04176,2.63,2.40
2013.04.17 16:52:09.482,1.04156,1.04177,1.88,1.50
2013.04.17 16:52:09.842,1.04156,1.04173,1.13,1.50
2013.04.17 16:52:10.643,1.04156,1.04173,1.13,1.50
2013.04.17 16:52:11.113,1.04156,1.04177,1.13,1.50
2013.04.17 16:52:11.353,1.04158,1.04181,1.50,2.25
2013.04.17 16:52:11.423,1.04159,1.04181,1.50,3.00
2013.04.17 16:52:11.732,1.04166,1.04186,1.88,1.50
2013.04.17 16:52:11.851,1.04166,1.04186,1.88,1.50
2013.04.17 16:52:13.133,1.04166,1.04186,1.88,1.50
2013.04.17 16:52:13.194,1.04166,1.04188,1.88,1.50
2013.04.17 16:52:13.315,1.04167,1.04185,1.13,2.25
2013.04.17 16:52:13.622,1.04161,1.04181,1.88,2.48
2013.04.17 16:52:14.275,1.04161,1.0418,1.88,1.50
2013.04.17 16:52:14.773,1.04161,1.0418,1.50,1.50
2013.04.17 16:52:16.114,1.0416,1.04181,1.50,3.23
2013.04.17 16:52:16.859,1.04164,1.04182,1.50,1.35
2013.04.17 16:52:16.982,1.04168,1.04187,1.35,2.33
2013.04.17 16:52:17.105,1.04172,1.0419,2.10,2.25
2013.04.17 16:52:17.416,1.04178,1.042,1.50,1.50
2013.04.17 16:52:17.482,1.0418,1.042,2.25,1.50
2013.04.17 16:52:17.843,1.04185,1.04208,1.50,4.58
2013.04.17 16:52:17.963,1.04185,1.04208,1.50,3.60
2013.04.17 16:52:18.144,1.04185,1.04207,1.50,2.25
2013.04.17 16:52:18.332,1.04185,1.04208,1.50,2.93
2013.04.17 16:52:18.453,1.04185,1.04208,1.50,2.93
2013.04.17 16:52:18.754,1.0418,1.04196,1.50,1.43
2013.04.17 16:52:18.992,1.04181,1.04197,1.50,2.25
2013.04.17 16:52:19.172,1.04178,1.04201,2.93,2.10
2013.04.17 16:52:19.232,1.04178,1.04201,2.93,2.10
2013.04.17 16:52:19.355,1.04177,1.04195,1.50,1.50
2013.04.17 16:52:19.426,1.04179,1.042,1.50,1.50
2013.04.17 16:52:19.498,1.0418,1.04201,1.50,3.75
2013.04.17 16:52:19.806,1.04186,1.04203,1.50,1.65
2013.04.17 16:52:19.875,1.04186,1.04208,1.50,2.14
2013.04.17 16:52:20.303,1.04186,1.04208,1.50,1.32
2013.04.17 16:52:21.224,1.04186,1.0421,1.50,2.25
2013.04.17 16:52:21.402,1.04189,1.04211,1.50,1.65
2013.04.17 16:52:21.642,1.04187,1.04211,3.75,1.65
2013.04.17 16:52:22.749,1.04177,1.042,3.00,1.58
2013.04.17 16:52:23.252,1.04177,1.04199,1.50,1.50
2013.04.17 16:52:23.633,1.0418,1.04202,2.25,2.25
2013.04.17 16:52:23.822,1.04181,1.04203,1.50,1.50
2013.04.17 16:52:23.883,1.04183,1.04204,1.50,3.90
2013.04.17 16:52:24.362,1.04186,1.04206,1.50,2.10
2013.04.17 16:52:24.542,1.04187,1.04207,1.50,1.17
2013.04.17 16:52:24.842,1.04187,1.04209,2.25,1.65
2013.04.17 16:52:25.385,1.04188,1.0421,1.35,1.50
2013.04.17 16:52:25.514,1.0419,1.04213,1.50,1.50
2013.04.17 16:52:25.693,1.0419,1.04213,3.75,1.50
2013.04.17 16:52:25.994,1.04196,1.04213,1.50,1.50
2013.04.17 16:52:26.503,1.04194,1.04214,1.50,1.50
2013.04.17 16:52:26.992,1.04193,1.04214,2.25,1.50
2013.04.17 16:52:27.352,1.04193,1.04212,2.25,1.35
2013.04.17 16:52:27.473,1.04191,1.04212,1.50,2.10
2013.04.17 16:52:27.534,1.0419,1.04212,3.00,2.78
2013.04.17 16:52:27.593,1.0419,1.04212,2.25,2.10
2013.04.17 16:52:28.245,1.0419,1.04212,1.50,2.10
2013.04.17 16:52:28.587,1.04189,1.04211,1.50,1.50
2013.04.17 16:52:29.652,1.0419,1.04212,1.50,1.35
2013.04.17 16:52:29.832,1.04193,1.04213,1.35,2.25
2013.04.17 16:52:29.893,1.04193,1.04215,2.85,1.50
2013.04.17 16:52:29.952,1.04194,1.04215,1.50,1.50
2013.04.17 16:52:30.014,1.04196,1.04218,2.25,2.10
2013.04.17 16:52:30.132,1.04198,1.04218,1.50,1.35
2013.04.17 16:52:30.798,1.04198,1.04218,1.50,1.35
2013.04.17 16:52:31.716,1.04201,1.0422,2.25,2.33
2013.04.17 16:52:31.796,1.04208,1.0423,2.18,1.50
2013.04.17 16:52:31.935,1.04208,1.04229,2.18,1.50
2013.04.17 16:52:32.062,1.04209,1.04228,1.50,1.50
2013.04.17 16:52:32.363,1.04206,1.04224,1.50,1.50
2013.04.17 16:52:32.434,1.04205,1.04224,1.58,1.50
2013.04.17 16:52:32.985,1.04203,1.04223,2.33,1.50
2013.04.17 16:52:33.534,1.04206,1.04226,3.00,1.50
2013.04.17 16:52:33.784,1.04211,1.04231,1.50,1.58
2013.04.17 16:52:33.962,1.04212,1.04233,1.50,1.50
2013.04.17 16:52:34.443,1.04213,1.04236,1.50,1.73
2013.04.17 16:52:35.194,1.04212,1.04233,1.50,1.50
2013.04.17 16:52:36.093,1.04214,1.04236,1.50,1.65
2013.04.17 16:52:37.332,1.04212,1.04233,2.25,1.50
2013.04.17 16:52:40.092,1.04214,1.04238,1.50,3.60
2013.04.17 16:52:42.353,1.04216,1.04238,1.50,2.85
2013.04.17 16:52:42.473,1.04217,1.04237,1.50,2.10
2013.04.17 16:52:42.713,1.04217,1.04238,1.50,2.85
2013.04.17 16:52:42.772,1.04216,1.04235,1.50,1.35
2013.04.17 16:52:42.952,1.04215,1.04237,1.50,1.58
2013.04.17 16:52:43.623,1.04212,1.04233,2.25,1.50
2013.04.17 16:52:43.862,1.0421,1.04232,2.25,1.50
2013.04.17 16:52:43.982,1.04209,1.04229,1.50,1.50
2013.04.17 16:52:44.345,1.04209,1.04229,1.35,1.50
2013.04.17 16:52:44.473,1.04206,1.04226,2.25,1.50
2013.04.17 16:52:44.953,1.04202,1.04224,3.08,1.50
2013.04.17 16:52:46.083,1.04206,1.04224,2.10,1.50
2013.04.17 16:52:46.385,1.04215,1.04229,1.50,2.18
2013.04.17 16:52:46.513,1.04219,1.04238,1.58,1.50
2013.04.17 16:52:46.573,1.04219,1.04239,1.58,2.25
2013.04.17 16:52:46.694,1.0422,1.04239,1.50,1.50
2013.04.17 16:52:46.815,1.04219,1.04239,1.50,1.35
2013.04.17 16:52:46.885,1.04216,1.04239,1.50,1.35
2013.04.17 16:52:47.312,1.04219,1.04239,2.25,1.35
2013.04.17 16:52:47.433,1.04219,1.04243,1.58,2.40
2013.04.17 16:52:47.852,1.04222,1.04243,1.50,1.50
2013.04.17 16:52:47.912,1.04224,1.04245,1.50,1.50
2013.04.17 16:52:49.122,1.04225,1.04247,1.50,1.73
2013.04.17 16:52:49.422,1.04229,1.04249,1.50,2.25
2013.04.17 16:52:49.482,1.04233,1.0425,1.35,1.32
2013.04.17 16:52:49.783,1.0424,1.04259,1.50,1.88
2013.04.17 16:52:49.962,1.0424,1.04264,1.50,3.00
2013.04.17 16:52:50.952,1.0424,1.04264,2.25,2.40
2013.04.17 16:52:51.371,1.04239,1.04262,1.35,1.50
2013.04.17 16:52:51.792,1.0424,1.04262,2.10,1.50
2013.04.17 16:52:52.113,1.04241,1.04264,1.50,1.35
2013.04.17 16:52:53.974,1.04242,1.04267,3.75,2.40
2013.04.17 16:52:54.734,1.0425,1.04267,1.50,1.65
2013.04.17 16:52:55.094,1.04259,1.04272,1.50,2.18
2013.04.17 16:52:55.403,1.04262,1.04283,3.00,1.35
2013.04.17 16:52:55.462,1.04262,1.04286,3.00,3.60
2013.04.17 16:52:55.642,1.04266,1.04283,1.35,1.58
2013.04.17 16:52:55.946,1.04274,1.04288,1.50,1.50
2013.04.17 16:52:56.013,1.04271,1.04292,1.50,1.50
2013.04.17 16:52:56.254,1.04271,1.04289,1.50,1.50
2013.04.17 16:52:56.815,1.04269,1.04291,1.50,1.50
2013.04.17 16:52:57.012,1.04269,1.04291,1.50,1.50
2013.04.17 16:52:57.900,1.04269,1.04289,1.50,1.50
2013.04.17 16:52:57.964,1.04267,1.04286,1.50,1.65
2013.04.17 16:52:58.322,1.04256,1.04273,2.48,1.50
2013.04.17 16:52:58.503,1.04251,1.04272,1.50,3.00
2013.04.17 16:52:58.682,1.04248,1.04268,1.50,1.50
2013.04.17 16:52:59.522,1.04248,1.04268,1.50,2.25
2013.04.17 16:52:59.882,1.04231,1.04254,2.25,2.25
2013.04.17 16:53:00.541,1.04232,1.04254,1.50,3.00
2013.04.17 16:53:01.022,1.04232,1.04256,2.25,2.25
2013.04.17 16:53:01.323,1.04235,1.04259,1.50,3.90
2013.04.17 16:53:01.502,1.04233,1.04258,1.50,1.73
2013.04.17 16:53:01.743,1.04232,1.04256,2.25,1.13
2013.04.17 16:53:01.872,1.04228,1.04253,1.50,1.65
2013.04.17 16:53:01.937,1.04227,1.04252,1.50,1.65
2013.04.17 16:53:02.481,1.04226,1.04249,1.50,1.50
2013.04.17 16:53:02.721,1.04225,1.04249,2.25,1.50
2013.04.17 16:53:03.262,1.04226,1.0425,1.50,1.50
2013.04.17 16:53:03.385,1.04225,1.0425,2.25,1.50
2013.04.17 16:53:03.632,1.04228,1.04253,1.50,2.25
2013.04.17 16:53:03.812,1.0423,1.04254,1.50,3.00
2013.04.17 16:53:04.113,1.0423,1.04253,1.50,2.25
2013.04.17 16:53:04.233,1.04228,1.0425,1.50,2.25
2013.04.17 16:53:04.784,1.04223,1.04244,3.15,1.35
2013.04.17 16:53:04.917,1.04224,1.04243,1.50,2.10
2013.04.17 16:53:05.163,1.04217,1.04238,2.25,1.35
2013.04.17 16:53:05.802,1.04211,1.04238,3.60,1.35
2013.04.17 16:53:06.374,1.04213,1.04238,1.50,1.35
2013.04.17 16:53:07.146,1.04211,1.04237,2.10,1.50
2013.04.17 16:53:08.140,1.04212,1.04237,1.50,1.50
2013.04.17 16:53:09.052,1.04212,1.04237,2.25,1.50
2013.04.17 16:53:09.413,1.04217,1.04238,1.50,1.35
2013.04.17 16:53:09.603,1.04218,1.04238,1.50,1.35
2013.04.17 16:53:09.770,1.04218,1.04238,1.50,1.35
2013.04.17 16:53:09.953,1.0422,1.0424,1.58,1.35
2013.04.17 16:53:10.254,1.0422,1.04239,1.50,1.50
2013.04.17 16:53:10.312,1.04218,1.04239,1.13,2.25
2013.04.17 16:53:10.492,1.04217,1.04239,1.50,3.60
2013.04.17 16:53:10.732,1.04217,1.04237,1.50,1.50
2013.04.17 16:53:10.854,1.04213,1.04235,1.88,1.58
2013.04.17 16:53:11.032,1.04212,1.04235,2.25,1.58
2013.04.17 16:53:11.152,1.04211,1.04234,2.63,2.25
2013.04.17 16:53:11.513,1.04211,1.04234,5.40,2.25
2013.04.17 16:53:11.573,1.04214,1.04234,2.10,1.50
2013.04.17 16:53:11.753,1.04217,1.04238,1.50,1.50
2013.04.17 16:53:11.954,1.04218,1.04239,1.50,1.50
2013.04.17 16:53:12.261,1.04218,1.04241,1.50,2.85
2013.04.17 16:53:12.834,1.04218,1.04241,1.50,2.10
2013.04.17 16:53:13.713,1.04218,1.04239,1.50,1.50
2013.04.17 16:53:13.952,1.04214,1.04235,2.25,1.43
2013.04.17 16:53:14.312,1.04211,1.04233,2.25,1.50
2013.04.17 16:53:14.834,1.04211,1.04233,1.50,2.25
2013.04.17 16:53:15.162,1.04211,1.04229,1.50,1.43
2013.04.17 16:53:15.282,1.04207,1.04226,1.50,2.33
2013.04.17 16:53:15.523,1.04202,1.04218,2.07,2.25
2013.04.17 16:53:15.644,1.04199,1.04214,1.32,1.35
2013.04.17 16:53:15.836,1.04193,1.04213,2.63,1.35
2013.04.17 16:53:15.903,1.04192,1.04213,1.50,1.35
2013.04.17 16:53:16.442,1.04193,1.04213,2.25,1.35
2013.04.17 16:53:16.564,1.04194,1.04216,2.25,1.50
2013.04.17 16:53:17.112,1.04196,1.04217,1.50,1.50
2013.04.17 16:53:18.096,1.04193,1.04214,1.50,1.50
2013.04.17 16:53:18.881,1.04195,1.04214,1.50,1.50
2013.04.17 16:53:19.183,1.04198,1.04217,1.50,1.35
2013.04.17 16:53:19.242,1.04198,1.04219,1.50,2.93
2013.04.17 16:53:19.362,1.04198,1.04219,1.50,2.18
2013.04.17 16:53:19.542,1.04198,1.04219,1.50,2.18
2013.04.17 16:53:20.193,1.04199,1.0422,1.50,1.50
2013.04.17 16:53:20.323,1.04201,1.04224,1.50,3.60
2013.04.17 16:53:20.982,1.04203,1.04224,1.50,2.25
2013.04.17 16:53:21.043,1.04205,1.04226,3.00,1.50
2013.04.17 16:53:21.222,1.04208,1.0423,1.50,1.50
2013.04.17 16:53:22.224,1.0421,1.0423,1.50,1.50
2013.04.17 16:53:22.982,1.0421,1.0423,1.88,1.43
2013.04.17 16:53:23.813,1.04212,1.04232,1.50,1.35
2013.04.17 16:53:24.595,1.04212,1.04232,1.50,2.85
2013.04.17 16:53:24.724,1.04216,1.04232,1.88,1.50
2013.04.17 16:53:24.782,1.04217,1.04238,1.88,2.25
2013.04.17 16:53:24.842,1.04218,1.04238,1.50,1.50
2013.04.17 16:53:25.022,1.04222,1.04243,1.13,1.65
2013.04.17 16:53:25.210,1.04227,1.04245,1.13,1.50
2013.04.17 16:53:25.454,1.04228,1.04248,1.13,1.50
2013.04.17 16:53:25.522,1.04231,1.04252,1.50,3.42
2013.04.17 16:53:25.643,1.04231,1.0425,1.50,2.40
2013.04.17 16:53:27.712,1.0423,1.04251,1.13,2.25
2013.04.17 16:53:28.382,1.0423,1.04251,1.13,1.50
2013.04.17 16:53:28.693,1.0423,1.0425,1.13,1.65
2013.04.17 16:53:31.272,1.04232,1.0425,1.13,1.65
2013.04.17 16:53:31.572,1.04232,1.04248,1.13,2.25
2013.04.17 16:53:31.753,1.04232,1.04249,1.13,1.50
2013.04.17 16:53:31.829,1.04232,1.04249,1.13,1.50
2013.04.17 16:53:33.113,1.04228,1.04246,1.13,2.25
2013.04.17 16:53:33.173,1.04228,1.04246,1.13,2.25
2013.04.17 16:53:33.234,1.04226,1.04244,1.50,1.50
2013.04.17 16:53:33.361,1.04224,1.04242,1.13,2.25
2013.04.17 16:53:33.482,1.04221,1.0424,1.50,1.50
2013.04.17 16:53:33.722,1.04217,1.04238,2.82,2.10
2013.04.17 16:53:33.784,1.04217,1.04238,2.07,2.85
2013.04.17 16:53:33.853,1.04218,1.04238,1.50,2.10
2013.04.17 16:53:33.971,1.04217,1.04238,2.82,2.85
2013.04.17 16:53:34.032,1.04217,1.04238,1.32,2.85
2013.04.17 16:53:34.392,1.04212,1.04236,1.50,3.68
2013.04.17 16:53:35.332,1.04212,1.04234,1.50,1.50
2013.04.17 16:53:35.996,1.04212,1.04234,1.50,1.50
2013.04.17 16:53:38.131,1.04213,1.04235,1.50,2.10
2013.04.17 16:53:38.633,1.04213,1.04235,1.50,1.50
2013.04.17 16:53:39.212,1.04213,1.04236,1.50,1.50
2013.04.17 16:53:39.882,1.04213,1.04235,1.50,1.50
2013.04.17 16:53:40.544,1.04213,1.04236,1.50,1.50
2013.04.17 16:53:42.212,1.04219,1.04238,1.50,3.00
2013.04.17 16:53:42.333,1.04221,1.04243,1.50,3.08
2013.04.17 16:53:42.393,1.04221,1.04243,1.50,2.33
2013.04.17 16:53:42.513,1.04223,1.04245,1.50,1.50
2013.04.17 16:53:42.816,1.04227,1.04248,1.50,2.82
2013.04.17 16:53:43.343,1.04225,1.04246,1.50,1.50
2013.04.17 16:53:43.402,1.04224,1.04246,1.50,1.50
2013.04.17 16:53:43.523,1.04223,1.04244,1.50,1.50
2013.04.17 16:53:44.029,1.04222,1.04244,1.50,2.25
2013.04.17 16:53:45.092,1.04221,1.04244,1.50,3.68
2013.04.17 16:53:45.654,1.04224,1.04243,1.35,2.25
2013.04.17 16:53:45.713,1.04224,1.04243,1.35,1.50
2013.04.17 16:53:45.835,1.04224,1.04245,2.10,2.25
2013.04.17 16:53:46.381,1.04223,1.04243,1.13,1.50
2013.04.17 16:53:47.129,1.04227,1.04244,1.35,1.50
2013.04.17 16:53:47.230,1.04231,1.0425,1.50,1.50
2013.04.17 16:53:47.732,1.04228,1.0425,3.75,2.25
2013.04.17 16:53:47.853,1.04229,1.04251,1.50,2.25
2013.04.17 16:53:48.392,1.04229,1.04252,1.50,2.25
2013.04.17 16:53:48.573,1.04229,1.0425,1.50,1.50
2013.04.17 16:53:48.932,1.04224,1.04241,1.35,1.50
2013.04.17 16:53:48.992,1.04221,1.04243,2.18,2.25
2013.04.17 16:53:49.232,1.04222,1.04243,1.88,1.50
2013.04.17 16:53:49.474,1.0422,1.04242,2.85,1.50
2013.04.17 16:53:49.663,1.0422,1.04242,1.35,2.25
2013.04.17 16:53:49.902,1.0422,1.04242,1.35,2.25
2013.04.17 16:53:51.048,1.04221,1.04243,1.50,2.25
2013.04.17 16:53:51.186,1.04223,1.04243,1.50,1.50
2013.04.17 16:53:51.393,1.04228,1.04249,1.35,3.00
2013.04.17 16:53:51.633,1.04224,1.04247,1.50,2.85
2013.04.17 16:53:51.813,1.04224,1.04247,1.50,2.85
2013.04.17 16:53:52.172,1.04224,1.04246,1.50,2.25
2013.04.17 16:53:52.474,1.04233,1.04247,1.50,1.35
2013.04.17 16:53:52.784,1.04246,1.04264,2.22,1.50
2013.04.17 16:53:52.904,1.04248,1.0427,1.50,1.50
2013.04.17 16:53:53.034,1.04246,1.04269,2.25,1.50
2013.04.17 16:53:53.644,1.04246,1.04269,1.65,2.25
2013.04.17 16:53:53.715,1.04246,1.04269,3.19,2.25
2013.04.17 16:53:53.843,1.04247,1.04269,3.15,1.50
2013.04.17 16:53:53.965,1.0425,1.04272,1.50,1.50
2013.04.17 16:53:54.650,1.04249,1.04269,1.50,1.50
2013.04.17 16:53:54.725,1.04251,1.0427,1.50,1.13
2013.04.17 16:53:54.794,1.04251,1.04272,1.50,1.13
2013.04.17 16:53:55.332,1.04251,1.04271,2.25,1.13
2013.04.17 16:53:56.103,1.04251,1.04272,2.25,1.13
2013.04.17 16:53:56.162,1.04252,1.04272,1.50,1.13
2013.04.17 16:53:56.663,1.04255,1.04272,1.50,1.13
2013.04.17 16:53:58.642,1.04255,1.04273,1.50,1.88
2013.04.17 16:53:59.003,1.04256,1.04273,1.50,1.13
2013.04.17 16:53:59.423,1.04259,1.04278,2.25,2.63
2013.04.17 16:53:59.482,1.04262,1.04278,1.50,1.88
2013.04.17 16:54:00.041,1.04263,1.04282,2.22,1.13
2013.04.17 16:54:00.363,1.04272,1.04288,1.50,1.13
2013.04.17 16:54:00.544,1.04272,1.04294,3.08,1.88
2013.04.17 16:54:00.853,1.04274,1.04294,1.50,1.13
2013.04.17 16:54:01.233,1.04272,1.04292,1.58,3.90
2013.04.17 16:54:01.414,1.04267,1.04288,2.25,1.50
2013.04.17 16:54:01.483,1.04267,1.04288,1.50,1.50
2013.04.17 16:54:01.605,1.04267,1.04288,1.50,1.50
2013.04.17 16:54:02.358,1.04267,1.04289,1.50,1.35
2013.04.17 16:54:02.483,1.04272,1.04291,2.25,1.50
2013.04.17 16:54:02.544,1.04273,1.04296,1.58,2.25
2013.04.17 16:54:02.722,1.04274,1.04296,1.50,1.50
2013.04.17 16:54:03.486,1.04274,1.04296,1.50,1.50
2013.04.17 16:54:04.472,1.04274,1.04297,1.50,1.50
2013.04.17 16:54:06.703,1.04274,1.04297,1.50,1.58
2013.04.17 16:54:07.844,1.04274,1.04296,1.50,1.58
2013.04.17 16:54:08.393,1.04278,1.04297,1.50,1.50
2013.04.17 16:54:08.512,1.04278,1.04298,1.50,1.35
2013.04.17 16:54:09.333,1.04278,1.04298,2.10,1.50
2013.04.17 16:54:09.634,1.0428,1.04302,2.10,1.50
2013.04.17 16:54:09.753,1.0428,1.04302,1.50,1.50
2013.04.17 16:54:09.993,1.04281,1.04303,1.50,1.50
2013.04.17 16:54:10.541,1.04281,1.04303,2.25,1.50
2013.04.17 16:54:10.872,1.04281,1.04303,2.25,1.50
2013.04.17 16:54:10.992,1.0428,1.043,1.50,1.50
2013.04.17 16:54:13.840,1.0428,1.04302,1.50,1.50
2013.04.17 16:54:13.918,1.04277,1.04299,1.50,1.50
2013.04.17 16:54:14.712,1.04277,1.04299,2.40,1.50
2013.04.17 16:54:14.846,1.0428,1.04302,1.50,1.50
2013.04.17 16:54:15.482,1.04283,1.04303,1.50,1.50
2013.04.17 16:54:15.602,1.04284,1.04304,1.50,2.10
2013.04.17 16:54:18.296,1.04286,1.04306,1.50,3.00
2013.04.17 16:54:18.782,1.04287,1.04309,2.25,2.85
2013.04.17 16:54:18.976,1.04287,1.04309,2.25,2.85
2013.04.17 16:54:19.168,1.0429,1.04309,2.25,2.85
2013.04.17 16:54:19.352,1.0429,1.04309,1.50,2.10
2013.04.17 16:54:20.959,1.0429,1.04307,1.50,1.35
2013.04.17 16:54:21.083,1.04287,1.04306,2.25,1.35
2013.04.17 16:54:21.324,1.04283,1.04304,1.50,1.58
2013.04.17 16:54:21.502,1.04281,1.04303,1.50,1.58
2013.04.17 16:54:22.164,1.04284,1.04304,1.50,1.50
2013.04.17 16:54:22.582,1.04281,1.04303,1.50,1.50
2013.04.17 16:54:24.722,1.04281,1.043,1.50,2.10
2013.04.17 16:54:24.843,1.04283,1.04304,1.50,2.25
2013.04.17 16:54:24.903,1.04284,1.04306,1.50,3.00
2013.04.17 16:54:25.441,1.04281,1.04301,1.50,1.35
2013.04.17 16:54:26.662,1.04281,1.04303,2.25,1.35
2013.04.17 16:54:26.722,1.04283,1.04306,1.50,2.25
2013.04.17 16:54:27.272,1.04285,1.04306,1.50,1.50
2013.04.17 16:54:29.582,1.04283,1.04306,3.00,1.50
2013.04.17 16:54:30.212,1.04284,1.04307,1.50,1.43
2013.04.17 16:54:30.272,1.04285,1.04307,1.50,1.43
2013.04.17 16:54:30.692,1.04288,1.04309,1.50,1.50
2013.04.17 16:54:31.101,1.04288,1.04308,1.50,1.35
2013.04.17 16:54:31.162,1.04287,1.04308,1.50,2.93
2013.04.17 16:54:31.222,1.04287,1.04306,1.50,2.18
2013.04.17 16:54:31.702,1.04283,1.04303,1.50,1.50
2013.04.17 16:54:32.083,1.04281,1.04301,1.50,2.85
2013.04.17 16:54:32.633,1.04277,1.04298,1.13,1.50
2013.04.17 16:54:35.322,1.04281,1.04302,1.50,1.32
2013.04.17 16:54:36.453,1.04281,1.04302,1.50,2.82
2013.04.17 16:54:36.811,1.04277,1.04298,2.10,2.25
2013.04.17 16:54:38.092,1.04279,1.04299,2.25,1.50
2013.04.17 16:54:38.633,1.04276,1.04298,2.63,2.25
2013.04.17 16:54:38.693,1.04275,1.04298,2.70,3.00
2013.04.17 16:54:38.872,1.04275,1.04296,1.13,1.50
2013.04.17 16:54:38.932,1.04274,1.04296,2.93,1.50
2013.04.17 16:54:40.101,1.04274,1.04293,1.88,3.00
2013.04.17 16:54:40.181,1.04267,1.04288,1.32,2.25
2013.04.17 16:54:40.695,1.04267,1.04287,1.32,1.50
2013.04.17 16:54:41.023,1.04267,1.04286,1.32,1.50
2013.04.17 16:54:41.202,1.04263,1.04283,1.13,1.50
2013.04.17 16:54:41.262,1.04262,1.04282,1.13,1.50
2013.04.17 16:54:41.382,1.04258,1.04281,1.13,2.93
2013.04.17 16:54:41.443,1.04256,1.04279,3.00,1.50
2013.04.17 16:54:41.502,1.04256,1.04279,1.50,3.68
2013.04.17 16:54:41.804,1.04256,1.0428,1.50,2.10
2013.04.17 16:54:42.921,1.04258,1.0428,1.50,2.10
2013.04.17 16:54:44.032,1.04258,1.0428,1.50,2.10
2013.04.17 16:54:44.961,1.04258,1.0428,1.50,2.10
2013.04.17 16:54:45.502,1.04261,1.0428,2.25,2.10
2013.04.17 16:54:45.623,1.04263,1.04282,1.35,2.07
2013.04.17 16:54:45.681,1.04263,1.04282,1.35,1.32
2013.04.17 16:54:46.613,1.0426,1.04282,1.58,2.07
2013.04.17 16:54:47.298,1.04259,1.04279,3.68,1.50
2013.04.17 16:54:47.613,1.04259,1.04275,1.58,1.50
2013.04.17 16:54:48.152,1.04254,1.04272,1.13,1.50
2013.04.17 16:54:48.454,1.0425,1.04272,1.35,3.90
2013.04.17 16:54:48.523,1.04249,1.04266,1.50,1.58
2013.04.17 16:54:48.823,1.04243,1.04262,1.35,1.50
2013.04.17 16:54:49.065,1.04238,1.04259,1.50,1.50
2013.04.17 16:54:49.383,1.04239,1.0426,2.25,2.18
2013.04.17 16:54:49.623,1.04239,1.04259,1.50,1.50
2013.04.17 16:54:49.742,1.04238,1.04259,2.25,1.50
2013.04.17 16:54:49.863,1.04238,1.04258,1.35,1.50
2013.04.17 16:54:50.367,1.04238,1.04258,1.35,1.50
2013.04.17 16:54:50.701,1.04238,1.04258,1.35,1.50
2013.04.17 16:54:51.557,1.04238,1.04258,1.35,1.50
2013.04.17 16:54:52.021,1.04238,1.04259,2.10,2.25
2013.04.17 16:54:52.227,1.04238,1.04257,1.35,1.50
2013.04.17 16:54:54.276,1.04238,1.04259,1.35,2.25
2013.04.17 16:54:56.911,1.04238,1.04259,1.35,1.50
2013.04.17 16:54:58.251,1.04239,1.04259,2.25,1.50
2013.04.17 16:54:58.552,1.04249,1.04267,1.50,2.89
2013.04.17 16:54:58.911,1.04258,1.04267,1.58,1.32
2013.04.17 16:54:59.212,1.0426,1.04268,1.35,1.32
2013.04.17 16:54:59.902,1.0426,1.04277,1.35,2.03
2013.04.17 16:55:00.033,1.0426,1.04282,1.35,2.25
2013.04.17 16:55:00.152,1.04258,1.04282,2.25,2.25
2013.04.17 16:55:00.694,1.04258,1.04279,1.35,1.50
2013.04.17 16:55:00.764,1.04258,1.04279,1.35,1.50
2013.04.17 16:55:01.073,1.04257,1.04276,1.13,1.50
2013.04.17 16:55:01.972,1.04255,1.04276,1.50,1.50
2013.04.17 16:55:02.214,1.04255,1.04275,1.35,2.18
2013.04.17 16:55:02.598,1.04251,1.04273,1.35,2.25
2013.04.17 16:55:03.002,1.04252,1.04275,2.25,1.50
2013.04.17 16:55:03.063,1.04252,1.04276,2.25,1.50
2013.04.17 16:55:03.772,1.04253,1.04276,1.50,1.50
2013.04.17 16:55:04.392,1.04254,1.04275,1.35,1.50
2013.04.17 16:55:04.603,1.04254,1.04275,1.35,1.50
2013.04.17 16:55:07.054,1.04254,1.04275,1.35,1.65
2013.04.17 16:55:09.251,1.04253,1.04275,1.50,1.65
2013.04.17 16:55:10.572,1.04253,1.04273,1.50,1.50
2013.04.17 16:55:10.632,1.04251,1.04272,1.88,2.40
2013.04.17 16:55:10.751,1.04248,1.0427,1.50,1.50
2013.04.17 16:55:11.072,1.04248,1.0427,1.88,1.50
2013.04.17 16:55:14.473,1.04253,1.04273,2.10,1.50
2013.04.17 16:55:14.543,1.04254,1.04276,1.58,2.07
2013.04.17 16:55:14.603,1.04254,1.04275,1.58,1.35
2013.04.17 16:55:14.963,1.04249,1.04264,2.33,1.50
2013.04.17 16:55:15.022,1.04249,1.04268,2.33,2.25
2013.04.17 16:55:15.082,1.04249,1.04269,3.08,2.25
2013.04.17 16:55:15.202,1.04253,1.04274,1.50,1.50
2013.04.17 16:55:15.502,1.04253,1.04274,1.50,1.50
2013.04.17 16:55:16.143,1.04253,1.04274,1.50,1.50
2013.04.17 16:55:16.503,1.04256,1.04277,1.35,2.25
2013.04.17 16:55:16.684,1.04258,1.0428,1.35,2.25
2013.04.17 16:55:16.753,1.0426,1.0428,1.35,1.50
2013.04.17 16:55:17.288,1.04261,1.04281,1.50,2.82
2013.04.17 16:55:17.831,1.0426,1.0428,1.35,1.50
2013.04.17 16:55:18.083,1.04263,1.04281,1.50,1.32
2013.04.17 16:55:18.532,1.04264,1.04285,1.35,2.25
2013.04.17 16:55:18.712,1.04264,1.04285,1.35,1.50
2013.04.17 16:55:19.236,1.04264,1.04285,2.10,1.50
2013.04.17 16:55:19.943,1.04265,1.04286,2.25,1.50
2013.04.17 16:55:20.062,1.04267,1.0429,2.25,1.50
2013.04.17 16:55:20.602,1.04266,1.04288,1.35,2.40
2013.04.17 16:55:21.593,1.04266,1.04286,1.35,1.50
2013.04.17 16:55:21.952,1.04264,1.04283,1.35,1.50
2013.04.17 16:55:22.252,1.04261,1.04283,2.18,2.40
2013.04.17 16:55:22.681,1.04261,1.04283,1.43,3.83
2013.04.17 16:55:23.132,1.04261,1.04279,1.35,2.22
2013.04.17 16:55:23.252,1.0426,1.04279,1.50,1.32
2013.04.17 16:55:23.753,1.0426,1.04279,1.50,1.32
2013.04.17 16:55:24.334,1.04258,1.04273,1.35,1.50
2013.04.17 16:55:24.523,1.04252,1.04273,2.18,1.50
2013.04.17 16:55:24.584,1.04255,1.04277,1.50,1.50
2013.04.17 16:55:24.712,1.04259,1.04279,2.10,2.07
2013.04.17 16:55:25.233,1.04263,1.04279,1.58,2.07
2013.04.17 16:55:25.472,1.04267,1.04289,2.93,2.25
2013.04.17 16:55:25.534,1.0427,1.0429,1.35,1.50
2013.04.17 16:55:25.722,1.04271,1.04293,1.50,1.50
2013.04.17 16:55:25.843,1.04272,1.04293,1.50,1.50
2013.04.17 16:55:25.902,1.04272,1.04295,2.25,1.50
2013.04.17 16:55:27.722,1.04273,1.04294,1.50,1.50
2013.04.17 16:55:28.262,1.04272,1.04293,1.50,2.25
2013.04.17 16:55:28.391,1.04272,1.04293,1.50,2.25
2013.04.17 16:55:28.692,1.04276,1.04298,2.25,1.50
2013.04.17 16:55:28.871,1.04276,1.04295,1.50,1.50
2013.04.17 16:55:28.932,1.04275,1.04295,1.35,1.50
2013.04.17 16:55:29.292,1.04269,1.04289,2.10,1.50
2013.04.17 16:55:29.593,1.04274,1.04294,1.50,1.50
2013.04.17 16:55:29.922,1.04278,1.04296,1.50,1.32
2013.04.17 16:55:30.511,1.04278,1.04296,1.50,1.32
2013.04.17 16:55:31.042,1.04275,1.04293,1.13,1.50
2013.04.17 16:55:31.343,1.04281,1.04294,1.35,1.50
2013.04.17 16:55:31.405,1.04281,1.04295,1.35,1.50
2013.04.17 16:55:31.532,1.04281,1.04298,1.35,1.50
2013.04.17 16:55:33.142,1.04283,1.043,1.35,1.50
2013.04.17 16:55:33.573,1.04283,1.04302,1.35,1.50
2013.04.17 16:55:33.634,1.04283,1.04304,1.35,1.50
2013.04.17 16:55:33.754,1.04284,1.04304,1.50,1.50
2013.04.17 16:55:33.826,1.04286,1.04307,1.50,1.65
2013.04.17 16:55:34.074,1.04283,1.04303,2.10,1.50
2013.04.17 16:55:34.623,1.04279,1.04299,1.13,2.25
2013.04.17 16:55:34.983,1.04278,1.04296,1.35,1.50
2013.04.17 16:55:35.483,1.04278,1.04296,1.35,1.50
2013.04.17 16:55:35.893,1.04278,1.04296,1.35,1.50
2013.04.17 16:55:37.234,1.04278,1.04296,1.35,1.50
2013.04.17 16:55:37.552,1.04278,1.04298,1.35,2.25
2013.04.17 16:55:38.511,1.04278,1.04298,2.10,2.25
2013.04.17 16:55:38.861,1.04278,1.04298,2.10,2.25
2013.04.17 16:55:38.922,1.04278,1.04297,1.50,2.40
2013.04.17 16:55:39.476,1.04275,1.04294,1.50,1.50
2013.04.17 16:55:39.932,1.04277,1.04298,1.35,1.65
2013.04.17 16:55:39.992,1.04278,1.04299,1.35,1.88
2013.04.17 16:55:40.302,1.04278,1.04299,1.35,1.88
2013.04.17 16:55:41.145,1.04281,1.04301,1.65,1.32
2013.04.17 16:55:41.756,1.04282,1.04304,1.50,1.69
2013.04.17 16:55:41.982,1.04282,1.04304,1.50,1.69
2013.04.17 16:55:42.992,1.04282,1.04304,1.50,1.13
2013.04.17 16:55:43.539,1.04282,1.04304,1.50,1.13
2013.04.17 16:55:44.772,1.04281,1.04302,1.50,1.65
2013.04.17 16:55:45.814,1.04281,1.043,1.35,1.50
2013.04.17 16:55:46.063,1.04277,1.04299,1.88,1.50
2013.04.17 16:55:46.423,1.04277,1.04297,1.35,3.38
2013.04.17 16:55:46.782,1.04273,1.04293,1.50,2.63
2013.04.17 16:55:46.843,1.04268,1.0429,1.65,1.13
2013.04.17 16:55:46.904,1.04267,1.04291,3.75,2.37
2013.04.17 16:55:47.324,1.04272,1.04292,1.35,2.40
2013.04.17 16:55:47.512,1.04272,1.04295,2.25,1.65
2013.04.17 16:55:47.703,1.04272,1.04295,3.00,1.65
2013.04.17 16:55:48.063,1.04277,1.04298,1.50,2.93
2013.04.17 16:55:48.386,1.0428,1.04299,1.50,1.32
2013.04.17 16:55:48.622,1.0428,1.04299,1.50,1.32
2013.04.17 16:55:48.943,1.0428,1.04302,1.50,2.40
2013.04.17 16:55:52.092,1.04282,1.04305,2.25,5.40
2013.04.17 16:55:52.755,1.04287,1.04305,1.50,4.65
2013.04.17 16:55:53.064,1.04304,1.04323,1.50,2.18
2013.04.17 16:55:53.393,1.04315,1.04329,2.25,1.50
2013.04.17 16:55:53.454,1.04315,1.04333,2.40,1.50
2013.04.17 16:55:53.524,1.04319,1.04338,2.25,1.50
2013.04.17 16:55:53.594,1.04319,1.04342,3.68,2.07
2013.04.17 16:55:54.132,1.0432,1.04344,1.50,1.50
2013.04.17 16:55:55.401,1.0432,1.04343,2.25,2.25
2013.04.17 16:55:55.462,1.0432,1.0434,1.50,4.13
2013.04.17 16:55:55.522,1.04318,1.0434,1.50,4.88
2013.04.17 16:55:56.062,1.04315,1.04338,1.65,2.40
2013.04.17 16:55:56.622,1.04315,1.04338,1.65,1.65
2013.04.17 16:55:57.263,1.04315,1.04338,1.65,1.65
2013.04.17 16:56:02.822,1.04319,1.04338,1.50,1.65
2013.04.17 16:56:03.243,1.04321,1.04341,2.25,1.50
2013.04.17 16:56:04.163,1.04321,1.0434,1.50,1.65
2013.04.17 16:56:06.033,1.04316,1.04337,1.50,1.02
2013.04.17 16:56:06.393,1.04304,1.04324,1.13,2.22
2013.04.17 16:56:06.572,1.04302,1.04324,1.50,2.22
2013.04.17 16:56:06.637,1.04302,1.04324,1.50,2.22
2013.04.17 16:56:06.703,1.04302,1.04324,1.50,2.97
2013.04.17 16:56:07.142,1.04305,1.04324,1.50,1.47
2013.04.17 16:56:08.143,1.04306,1.04327,1.32,1.50
2013.04.17 16:56:08.502,1.04314,1.04337,1.50,2.40
2013.04.17 16:56:08.881,1.04313,1.04335,1.50,1.50
2013.04.17 16:56:11.853,1.04313,1.04334,1.50,1.65
2013.04.17 16:56:12.211,1.04313,1.04335,1.50,1.32
2013.04.17 16:56:12.729,1.04313,1.04335,2.10,1.32
2013.04.17 16:56:13.032,1.04321,1.04341,2.25,1.50
2013.04.17 16:56:13.216,1.04322,1.04345,2.25,1.65
2013.04.17 16:56:14.243,1.04322,1.04343,1.50,1.65
2013.04.17 16:56:15.262,1.04322,1.04343,1.50,1.65
2013.04.17 16:56:15.636,1.04324,1.04345,1.88,1.50
2013.04.17 16:56:15.764,1.0433,1.04349,1.35,2.25
2013.04.17 16:56:15.882,1.0433,1.04351,2.10,1.50
2013.04.17 16:56:16.730,1.04331,1.04354,3.15,1.47
2013.04.17 16:56:16.982,1.04331,1.04354,3.15,2.97
2013.04.17 16:56:17.354,1.04331,1.04353,3.00,1.65
2013.04.17 16:56:17.753,1.04331,1.04353,2.25,1.65
2013.04.17 16:56:18.092,1.04331,1.04353,2.25,1.65
2013.04.17 16:56:18.402,1.04331,1.04353,1.50,4.58
2013.04.17 16:56:18.761,1.04331,1.04351,2.40,1.50
2013.04.17 16:56:19.523,1.04333,1.04354,1.50,1.88
2013.04.17 16:56:19.656,1.04333,1.04355,1.50,2.40
2013.04.17 16:56:20.523,1.04333,1.04355,1.50,1.65
2013.04.17 16:56:23.282,1.04333,1.04354,1.50,2.82
2013.04.17 16:56:23.344,1.04332,1.04352,1.50,1.50
2013.04.17 16:56:23.882,1.04329,1.04349,2.63,1.50
2013.04.17 16:56:25.413,1.04331,1.04352,1.50,3.57
2013.04.17 16:56:25.668,1.04331,1.04351,1.50,1.50
2013.04.17 16:56:28.972,1.04329,1.04349,2.25,1.50
2013.04.17 16:56:33.126,1.04333,1.04352,1.50,2.07
2013.04.17 16:56:34.922,1.04335,1.04353,1.50,4.24
2013.04.17 16:56:35.044,1.04332,1.04351,1.50,1.50
2013.04.17 16:56:35.173,1.04331,1.04349,1.50,1.50
2013.04.17 16:56:35.352,1.04332,1.04346,1.50,1.50
2013.04.17 16:56:35.472,1.04332,1.04347,1.50,1.50
2013.04.17 16:56:35.792,1.04333,1.04348,2.63,2.25
2013.04.17 16:56:35.973,1.04343,1.04356,2.10,1.50
2013.04.17 16:56:36.032,1.04343,1.0436,2.18,1.50
2013.04.17 16:56:36.091,1.04343,1.04361,2.18,1.50
2013.04.17 16:56:36.211,1.04343,1.04362,1.35,1.50
2013.04.17 16:56:36.272,1.04343,1.04363,2.48,1.50
2013.04.17 16:56:36.332,1.04343,1.04363,2.10,1.65
2013.04.17 16:56:36.392,1.04343,1.04359,1.50,1.32
2013.04.17 16:56:36.453,1.04341,1.04358,1.50,1.65
2013.04.17 16:56:36.572,1.04335,1.04354,1.28,2.25
2013.04.17 16:56:36.992,1.04334,1.04352,1.35,1.50
2013.04.17 16:56:39.415,1.04337,1.04352,1.50,1.50
2013.04.17 16:56:39.543,1.04337,1.04357,1.65,2.07
2013.04.17 16:56:39.663,1.04337,1.04357,1.65,2.07
2013.04.17 16:56:40.174,1.0434,1.04358,1.50,1.50
2013.04.17 16:56:40.454,1.04341,1.04359,3.83,1.50
2013.04.17 16:56:40.513,1.04346,1.04362,1.50,2.07
2013.04.17 16:56:40.574,1.04346,1.04362,2.85,1.32
2013.04.17 16:56:40.644,1.04346,1.04367,2.85,1.50
2013.04.17 16:56:40.714,1.04347,1.04367,1.20,1.50
2013.04.17 16:56:40.859,1.04351,1.0437,1.05,1.32
2013.04.17 16:56:40.926,1.04352,1.04371,2.33,1.32
2013.04.17 16:56:41.443,1.04352,1.04373,3.60,1.50
2013.04.17 16:56:42.022,1.04352,1.04373,2.85,1.50
2013.04.17 16:56:42.323,1.04352,1.04372,2.85,1.50
2013.04.17 16:56:42.742,1.04354,1.04372,2.25,1.50
2013.04.17 16:56:43.615,1.04354,1.04373,2.25,1.50
2013.04.17 16:56:44.142,1.04354,1.04376,2.33,1.50
2013.04.17 16:56:44.454,1.04353,1.04373,1.50,1.65
2013.04.17 16:56:44.711,1.0435,1.04371,1.88,1.69
2013.04.17 16:56:44.892,1.04347,1.04367,2.10,1.50
2013.04.17 16:56:46.323,1.04348,1.04367,1.50,1.65
2013.04.17 16:56:46.563,1.04346,1.04367,1.50,1.65
2013.04.17 16:56:47.224,1.04346,1.04367,1.65,1.50
2013.04.17 16:56:47.584,1.04345,1.04365,1.65,1.50
2013.04.17 16:56:49.081,1.04346,1.04367,1.65,1.50
2013.04.17 16:56:50.422,1.04346,1.04365,2.25,1.50
2013.04.17 16:56:50.543,1.04348,1.04368,1.58,2.40
2013.04.17 16:56:50.602,1.04352,1.04368,2.63,1.50
2013.04.17 16:56:50.665,1.04353,1.04371,1.65,1.32
2013.04.17 16:56:50.732,1.04353,1.04373,3.90,1.50
2013.04.17 16:56:50.792,1.04361,1.04376,1.35,1.50
2013.04.17 16:56:50.913,1.04361,1.04381,3.00,2.82
2013.04.17 16:56:51.506,1.04361,1.04381,4.58,1.32
2013.04.17 16:56:52.252,1.04362,1.04382,1.73,1.50
2013.04.17 16:56:52.432,1.04364,1.04385,1.58,1.50
2013.04.17 16:56:52.623,1.04364,1.04384,1.58,1.32
2013.04.17 16:56:52.863,1.04362,1.04383,1.50,2.82
2013.04.17 16:56:52.983,1.04363,1.04382,1.35,2.07
2013.04.17 16:56:53.162,1.04364,1.04387,3.23,2.40
2013.04.17 16:56:53.222,1.04365,1.04387,2.93,1.65
2013.04.17 16:56:53.583,1.04368,1.04389,1.50,2.40
2013.04.17 16:56:53.702,1.04367,1.04389,3.00,2.25
2013.04.17 16:56:54.502,1.04367,1.04389,3.00,1.50
2013.04.17 16:56:54.802,1.04367,1.04388,2.33,1.50
2013.04.17 16:56:55.042,1.04365,1.04382,2.07,1.50
2013.04.17 16:56:55.373,1.04365,1.04384,1.32,2.18
2013.04.17 16:56:55.436,1.04369,1.04386,1.13,1.50
2013.04.17 16:56:55.505,1.04369,1.04388,1.50,2.93
2013.04.17 16:56:55.572,1.04369,1.04388,2.10,1.50
2013.04.17 16:56:55.815,1.04369,1.04391,2.48,2.25
2013.04.17 16:56:56.002,1.0437,1.04392,3.23,1.65
2013.04.17 16:56:56.124,1.0437,1.04392,3.23,1.65
2013.04.17 16:56:56.732,1.04374,1.04392,6.23,1.50
2013.04.17 16:56:56.972,1.04377,1.04398,1.54,1.50
2013.04.17 16:56:57.479,1.04378,1.04396,1.47,1.50
2013.04.17 16:56:57.673,1.04378,1.04396,2.22,1.50
2013.04.17 16:56:57.865,1.04378,1.04396,1.47,1.50
2013.04.17 16:56:59.243,1.04378,1.04396,1.32,1.50
2013.04.17 16:56:59.362,1.04375,1.04394,2.25,1.50
2013.04.17 16:56:59.423,1.04374,1.04393,1.50,1.50
2013.04.17 16:56:59.662,1.04371,1.0439,1.58,1.50
2013.04.17 16:56:59.842,1.04371,1.04393,3.00,2.40
2013.04.17 16:57:00.323,1.04372,1.04393,1.50,2.25
2013.04.17 16:57:00.513,1.04374,1.04398,2.40,2.63
2013.04.17 16:57:00.633,1.04377,1.04398,1.50,1.20
2013.04.17 16:57:00.934,1.04371,1.04389,1.13,1.65
2013.04.17 16:57:01.005,1.0437,1.04388,1.13,1.65
2013.04.17 16:57:01.072,1.04367,1.04387,1.32,1.50
2013.04.17 16:57:01.193,1.04365,1.04387,3.94,1.50
2013.04.17 16:57:01.913,1.04368,1.04389,2.25,1.50
2013.04.17 16:57:02.271,1.04369,1.0439,1.50,1.65
2013.04.17 16:57:02.392,1.04369,1.04392,1.65,1.50
2013.04.17 16:57:03.005,1.04376,1.04394,2.25,1.50
2013.04.17 16:57:03.206,1.0438,1.04399,2.40,2.44
2013.04.17 16:57:03.333,1.04382,1.04402,1.50,1.32
2013.04.17 16:57:03.453,1.0438,1.04403,2.25,1.65
2013.04.17 16:57:03.981,1.04379,1.044,1.50,1.88
2013.04.17 16:57:04.223,1.04377,1.04398,3.00,1.65
2013.04.17 16:57:04.282,1.04377,1.04398,2.25,1.65
2013.04.17 16:57:04.343,1.04377,1.044,1.50,1.88
2013.04.17 16:57:04.461,1.04377,1.04398,1.50,1.65
2013.04.17 16:57:04.993,1.04377,1.04398,1.50,2.40
2013.04.17 16:57:05.352,1.04377,1.04398,3.00,1.50
2013.04.17 16:57:05.663,1.04376,1.04396,1.65,1.50
2013.04.17 16:57:05.903,1.04374,1.04395,1.50,1.50
2013.04.17 16:57:06.563,1.04373,1.04396,2.25,3.15
2013.04.17 16:57:07.083,1.04373,1.04394,1.50,1.50
2013.04.17 16:57:07.144,1.04373,1.04395,2.25,1.50
2013.04.17 16:57:07.455,1.04373,1.04392,1.35,1.65
2013.04.17 16:57:07.773,1.04374,1.04392,2.25,1.65
2013.04.17 16:57:07.894,1.04377,1.04396,1.50,1.50
2013.04.17 16:57:08.082,1.04377,1.04396,1.50,1.50
2013.04.17 16:57:09.783,1.04377,1.04398,1.50,2.25
2013.04.17 16:57:09.903,1.0438,1.04399,1.50,1.50
2013.04.17 16:57:10.024,1.04382,1.04402,1.50,1.13
2013.04.17 16:57:10.154,1.04382,1.04403,1.50,3.60
2013.04.17 16:57:10.214,1.0438,1.04403,1.65,3.60
2013.04.17 16:57:10.392,1.04382,1.04402,1.65,1.35
2013.04.17 16:57:10.939,1.04382,1.04404,1.65,2.40
2013.04.17 16:57:11.925,1.04381,1.04403,1.65,2.25
2013.04.17 16:57:12.054,1.04381,1.04401,1.65,2.25
2013.04.17 16:57:12.362,1.04378,1.04398,1.13,1.65
2013.04.17 16:57:12.803,1.04379,1.04401,1.35,1.65
2013.04.17 16:57:13.542,1.04379,1.04398,1.35,1.50
2013.04.17 16:57:14.054,1.04379,1.04398,1.35,2.25
2013.04.17 16:57:14.307,1.04379,1.04398,1.35,2.25
2013.04.17 16:57:14.773,1.04375,1.04398,1.65,2.40
2013.04.17 16:57:16.494,1.0438,1.044,2.85,1.50
2013.04.17 16:57:16.614,1.04382,1.04402,1.65,1.32
2013.04.17 16:57:16.856,1.0438,1.044,1.35,1.50
2013.04.17 16:57:17.442,1.0438,1.04398,1.35,1.50
2013.04.17 16:57:17.823,1.04378,1.04398,1.50,1.65
2013.04.17 16:57:17.883,1.04376,1.04396,1.28,1.50
2013.04.17 16:57:18.064,1.04377,1.04398,1.65,1.50
2013.04.17 16:57:18.311,1.04377,1.04398,2.03,1.50
2013.04.17 16:57:20.139,1.04377,1.04399,1.88,3.00
2013.04.17 16:57:20.272,1.04377,1.04399,1.88,3.00
2013.04.17 16:57:22.154,1.0438,1.04399,1.35,2.25
2013.04.17 16:57:22.467,1.04382,1.04404,1.50,1.50
2013.04.17 16:57:22.595,1.04385,1.04404,2.10,1.50
2013.04.17 16:57:22.666,1.04385,1.04406,2.85,2.22
2013.04.17 16:57:22.795,1.04385,1.04407,3.68,1.50
2013.04.17 16:57:23.164,1.04389,1.04409,1.92,1.50
2013.04.17 16:57:23.473,1.04403,1.04423,1.50,2.39
2013.04.17 16:57:23.713,1.04402,1.04424,4.35,1.65
2013.04.17 16:57:23.773,1.04401,1.04424,2.25,1.65
2013.04.17 16:57:24.674,1.04403,1.04424,1.50,1.50
2013.04.17 16:57:25.343,1.04403,1.04424,3.00,1.50
2013.04.17 16:57:26.227,1.04403,1.04424,1.50,1.50
2013.04.17 16:57:26.742,1.04403,1.04425,1.35,1.50
2013.04.17 16:57:28.200,1.04401,1.04422,2.25,1.65
2013.04.17 16:57:28.271,1.04401,1.04422,1.50,1.65
2013.04.17 16:57:28.452,1.04403,1.04423,1.50,2.40
2013.04.17 16:57:29.811,1.04403,1.04423,1.50,2.40
2013.04.17 16:57:30.112,1.04398,1.04419,1.35,1.50
2013.04.17 16:57:31.043,1.04399,1.04419,1.65,1.50
2013.04.17 16:57:32.104,1.044,1.0442,2.85,1.69
2013.04.17 16:57:32.543,1.044,1.04422,2.85,1.50
2013.04.17 16:57:32.783,1.044,1.04422,2.85,1.50
2013.04.17 16:57:33.142,1.044,1.04421,2.10,2.25
2013.04.17 16:57:34.422,1.044,1.04423,2.85,1.50
2013.04.17 16:57:35.022,1.044,1.04422,2.85,2.25
2013.04.17 16:57:35.384,1.044,1.04419,1.35,3.00
2013.04.17 16:57:35.696,1.04396,1.04413,1.35,1.50
2013.04.17 16:57:35.885,1.04393,1.04413,4.73,1.50
2013.04.17 16:57:36.072,1.04396,1.04413,1.35,1.50
2013.04.17 16:57:36.443,1.04393,1.04413,2.85,1.50
2013.04.17 16:57:37.546,1.04396,1.04413,1.35,1.50
2013.04.17 16:57:38.117,1.04396,1.04415,1.35,1.50
2013.04.17 16:57:38.182,1.04396,1.04417,2.85,1.69
2013.04.17 16:57:38.605,1.04398,1.04418,2.25,1.50
2013.04.17 16:57:38.746,1.04401,1.04422,2.10,1.69
2013.04.17 16:57:38.874,1.04402,1.04424,2.10,2.25
2013.04.17 16:57:39.223,1.04403,1.04424,1.50,1.50
2013.04.17 16:57:39.632,1.04404,1.04426,1.88,2.59
2013.04.17 16:57:40.315,1.04406,1.04426,1.13,1.50
2013.04.17 16:57:40.993,1.04406,1.04426,1.13,1.50
2013.04.17 16:57:42.556,1.04406,1.04424,1.13,1.69
2013.04.17 16:57:42.686,1.04406,1.04423,1.13,2.44
2013.04.17 16:57:45.173,1.04403,1.04422,1.13,1.50
2013.04.17 16:57:45.302,1.04402,1.04419,1.13,1.50
2013.04.17 16:57:45.484,1.04402,1.04418,1.13,1.50
2013.04.17 16:57:46.044,1.04401,1.04421,2.25,1.50
2013.04.17 16:57:46.894,1.04401,1.04421,2.25,1.50
2013.04.17 16:57:47.013,1.04403,1.04426,1.50,3.15
2013.04.17 16:57:47.073,1.04404,1.04426,2.10,1.50
2013.04.17 16:57:47.433,1.04406,1.04426,4.43,1.69
2013.04.17 16:57:47.667,1.04406,1.04428,3.68,1.69
2013.04.17 16:57:47.972,1.04408,1.04428,1.50,1.50
2013.04.17 16:57:48.033,1.04408,1.04428,1.50,1.50
2013.04.17 16:57:48.213,1.04409,1.0443,2.25,1.50
2013.04.17 16:57:48.573,1.04409,1.04428,2.93,1.65
2013.04.17 16:57:48.634,1.04407,1.04428,1.50,1.65
2013.04.17 16:57:48.811,1.04407,1.04429,1.50,1.65
2013.04.17 16:57:49.897,1.04407,1.04429,3.08,1.65
2013.04.17 16:57:50.704,1.04414,1.04433,1.50,1.50
2013.04.17 16:57:50.776,1.04414,1.04437,1.50,2.59
2013.04.17 16:57:50.844,1.04417,1.04438,1.35,2.25
2013.04.17 16:57:51.572,1.04415,1.04437,2.33,1.50
2013.04.17 16:57:52.111,1.04417,1.04437,1.35,2.44
2013.04.17 16:57:52.453,1.04417,1.04437,1.35,2.44
2013.04.17 16:57:53.023,1.04417,1.04436,1.35,2.25
2013.04.17 16:57:53.550,1.0441,1.0443,1.35,1.50
2013.04.17 16:57:53.732,1.04408,1.04429,1.50,2.40
2013.04.17 16:57:54.347,1.04407,1.04429,3.00,2.40
2013.04.17 16:57:55.253,1.04405,1.04428,3.98,1.50
2013.04.17 16:57:55.314,1.04405,1.04423,1.50,1.50
2013.04.17 16:57:55.374,1.04404,1.04423,1.88,2.25
2013.04.17 16:57:55.448,1.04401,1.0442,1.28,1.50
2013.04.17 16:57:55.632,1.04395,1.04418,2.25,1.50
2013.04.17 16:57:55.813,1.04395,1.04418,2.25,1.50
2013.04.17 16:57:56.117,1.0439,1.04414,2.97,2.25
2013.04.17 16:57:56.243,1.04389,1.0441,2.67,1.50
2013.04.17 16:57:56.602,1.04395,1.04409,1.50,1.50
2013.04.17 16:57:56.783,1.04396,1.04415,2.40,1.50
2013.04.17 16:57:56.902,1.04397,1.04417,2.40,1.50
2013.04.17 16:57:56.963,1.04397,1.04416,2.40,1.50
2013.04.17 16:57:57.442,1.04399,1.04418,1.50,1.50
2013.04.17 16:57:57.563,1.04391,1.04412,1.73,2.22
2013.04.17 16:57:57.633,1.04391,1.04412,2.33,2.07
2013.04.17 16:57:57.703,1.04391,1.04412,1.73,1.32
2013.04.17 16:57:57.785,1.04391,1.04413,1.35,1.50
2013.04.17 16:57:57.854,1.04393,1.04413,1.50,1.50
2013.04.17 16:57:58.044,1.04396,1.04418,1.50,1.65
2013.04.17 16:57:58.573,1.04395,1.04416,1.28,1.50
2013.04.17 16:57:58.632,1.04395,1.04416,1.28,1.50
2013.04.17 16:57:58.873,1.04395,1.04415,1.13,1.50
2013.04.17 16:57:59.112,1.04393,1.04415,3.60,1.50
2013.04.17 16:58:00.163,1.04394,1.04416,1.13,1.50
2013.04.17 16:58:00.224,1.04395,1.04416,1.13,1.50
2013.04.17 16:58:01.335,1.04397,1.04417,1.50,1.50
2013.04.17 16:58:01.483,1.04397,1.04418,1.50,1.65
2013.04.17 16:58:03.206,1.04397,1.04418,1.65,1.50
2013.04.17 16:58:03.452,1.04397,1.0442,3.15,1.65
2013.04.17 16:58:04.032,1.044,1.0442,1.50,1.65
2013.04.17 16:58:04.722,1.04398,1.0442,1.65,1.65
2013.04.17 16:58:05.092,1.04398,1.0442,1.65,1.65
2013.04.17 16:58:05.272,1.04398,1.0442,1.65,1.65
2013.04.17 16:58:05.515,1.04398,1.04421,1.88,1.50
2013.04.17 16:58:05.644,1.04401,1.04421,1.50,1.50
2013.04.17 16:58:05.779,1.04403,1.04424,1.65,2.25
2013.04.17 16:58:05.847,1.04403,1.04424,1.95,1.50
2013.04.17 16:58:06.153,1.04411,1.04431,1.58,2.25
2013.04.17 16:58:06.272,1.04411,1.04433,3.00,1.50
2013.04.17 16:58:06.695,1.04413,1.04434,1.50,1.50
2013.04.17 16:58:06.765,1.04413,1.04434,1.80,1.50
2013.04.17 16:58:07.072,1.04424,1.04444,2.18,1.69
2013.04.17 16:58:07.433,1.04419,1.04442,2.48,1.65
2013.04.17 16:58:07.493,1.04419,1.04442,2.48,2.40
2013.04.17 16:58:07.806,1.04419,1.0444,2.40,1.50
2013.04.17 16:58:08.132,1.04415,1.04437,1.13,1.65
2013.04.17 16:58:08.553,1.04419,1.0444,1.50,2.25
2013.04.17 16:58:08.613,1.04424,1.0444,2.25,1.50
2013.04.17 16:58:08.673,1.04424,1.04443,2.33,1.50
2013.04.17 16:58:08.792,1.04424,1.04444,3.08,1.50
2013.04.17 16:58:09.532,1.04428,1.04446,1.50,1.50
2013.04.17 16:58:09.653,1.04427,1.04448,2.93,1.50
2013.04.17 16:58:10.541,1.04432,1.04448,1.50,1.50
2013.04.17 16:58:10.617,1.0443,1.04453,2.48,1.65
2013.04.17 16:58:11.132,1.04431,1.04453,3.08,1.50
2013.04.17 16:58:11.313,1.04435,1.04458,3.68,1.50
2013.04.17 16:58:11.872,1.04436,1.04457,3.08,2.25
2013.04.17 16:58:12.294,1.04435,1.04456,2.25,1.50
2013.04.17 16:58:12.615,1.04432,1.04452,1.20,1.50
2013.04.17 16:58:13.114,1.04432,1.04452,1.73,1.50
2013.04.17 16:58:13.532,1.04432,1.04452,1.50,1.65
2013.04.17 16:58:13.843,1.04438,1.04457,2.55,2.25
2013.04.17 16:58:13.964,1.04441,1.04462,1.50,1.50
2013.04.17 16:58:14.443,1.04442,1.04464,3.75,1.95
2013.04.17 16:58:14.503,1.04442,1.04464,3.90,1.50
2013.04.17 16:58:14.693,1.04443,1.04466,2.33,1.65
2013.04.17 16:58:14.754,1.04445,1.04468,1.50,2.07
2013.04.17 16:58:14.992,1.04445,1.04467,1.50,1.28
2013.04.17 16:58:15.054,1.04443,1.04465,1.50,1.13
2013.04.17 16:58:15.245,1.04444,1.04467,1.50,1.80
2013.04.17 16:58:15.312,1.04445,1.04467,1.43,1.65
2013.04.17 16:58:15.732,1.04447,1.04467,1.50,1.20
2013.04.17 16:58:16.315,1.04444,1.04465,1.50,1.65
2013.04.17 16:58:16.502,1.04444,1.04463,1.50,1.09
2013.04.17 16:58:16.564,1.0444,1.04456,3.23,3.15
2013.04.17 16:58:16.873,1.04441,1.04453,1.13,2.25
2013.04.17 16:58:16.931,1.0443,1.04453,2.78,2.25
2013.04.17 16:58:17.439,1.04432,1.04457,2.40,4.73
2013.04.17 16:58:19.302,1.04437,1.04458,1.50,1.50
2013.04.17 16:58:19.657,1.0444,1.0446,1.50,1.50
2013.04.17 16:58:19.783,1.04442,1.04465,2.25,4.50
2013.04.17 16:58:20.083,1.0444,1.04463,1.50,2.40
2013.04.17 16:58:21.053,1.0444,1.04456,1.35,1.50
2013.04.17 16:58:21.125,1.0444,1.04458,1.35,1.50
2013.04.17 16:58:21.254,1.0444,1.04461,1.35,1.50
2013.04.17 16:58:23.245,1.0444,1.04461,1.32,1.50
2013.04.17 16:58:23.373,1.04441,1.04462,1.17,1.50
2013.04.17 16:58:23.493,1.04441,1.04461,2.67,1.65
2013.04.17 16:58:23.612,1.04441,1.04464,3.79,1.50
2013.04.17 16:58:23.793,1.04447,1.04468,1.50,1.88
2013.04.17 16:58:23.984,1.04447,1.04468,1.50,1.88
2013.04.17 16:58:24.112,1.04447,1.04469,1.50,1.65
2013.04.17 16:58:24.533,1.04446,1.04467,3.00,1.88
2013.04.17 16:58:25.063,1.04443,1.04466,1.50,2.70
2013.04.17 16:58:27.931,1.04446,1.04468,2.25,1.13
2013.04.17 16:58:28.075,1.0445,1.04469,2.25,3.00
2013.04.17 16:58:28.144,1.0445,1.0447,3.23,2.85
2013.04.17 16:58:28.464,1.04458,1.04475,1.13,1.50
2013.04.17 16:58:28.523,1.04458,1.04479,1.13,1.50
2013.04.17 16:58:28.644,1.04457,1.04475,2.25,1.50
2013.04.17 16:58:28.717,1.04456,1.04475,1.50,1.58
2013.04.17 16:58:28.783,1.04453,1.04474,1.50,1.73
2013.04.17 16:58:29.638,1.04451,1.04472,2.25,2.25
2013.04.17 16:58:30.192,1.04448,1.0447,1.50,1.65
2013.04.17 16:58:30.252,1.04447,1.04469,1.50,2.40
2013.04.17 16:58:30.624,1.04451,1.04469,1.35,1.65
2013.04.17 16:58:31.394,1.0446,1.04476,1.35,1.65
2013.04.17 16:58:31.800,1.04476,1.04483,1.35,1.43
2013.04.17 16:58:31.923,1.04476,1.04498,1.50,2.85
2013.04.17 16:58:32.000,1.04473,1.04497,1.58,2.25
2013.04.17 16:58:32.078,1.04473,1.04495,1.58,1.50
2013.04.17 16:58:32.144,1.04472,1.04489,1.50,2.25
2013.04.17 16:58:32.512,1.04467,1.04489,2.07,3.00
2013.04.17 16:58:33.093,1.04467,1.04489,1.50,3.15
2013.04.17 16:58:33.274,1.04467,1.04489,3.98,3.00
2013.04.17 16:58:33.393,1.04472,1.04491,1.65,1.50
2013.04.17 16:58:33.635,1.04475,1.04493,1.65,1.50
2013.04.17 16:58:33.763,1.04472,1.04494,1.95,2.25
2013.04.17 16:58:34.064,1.04472,1.04495,1.50,2.40
2013.04.17 16:58:34.434,1.0447,1.04493,2.25,2.25
2013.04.17 16:58:34.757,1.04466,1.04488,1.50,1.50
2013.04.17 16:58:35.944,1.04463,1.04485,2.40,1.50
2013.04.17 16:58:36.123,1.04461,1.04484,2.40,1.65
2013.04.17 16:58:37.575,1.04461,1.04484,1.50,1.88
2013.04.17 16:58:38.173,1.04461,1.04475,1.50,1.50
2013.04.17 16:58:38.260,1.04444,1.04465,1.35,1.13
2013.04.17 16:58:38.443,1.04444,1.04465,1.35,2.55
2013.04.17 16:58:38.682,1.04444,1.04467,2.10,1.50
2013.04.17 16:58:38.803,1.0445,1.04468,1.50,1.50
2013.04.17 16:58:38.864,1.04452,1.04469,1.50,1.13
2013.04.17 16:58:39.054,1.04455,1.04474,1.35,2.78
2013.04.17 16:58:39.124,1.04451,1.04472,1.13,1.50
2013.04.17 16:58:39.194,1.04451,1.04473,1.88,2.18
2013.04.17 16:58:39.262,1.04451,1.04474,1.88,2.40
2013.04.17 16:58:39.382,1.04453,1.04473,1.58,1.50
2013.04.17 16:58:39.743,1.0445,1.04471,1.65,1.65
2013.04.17 16:58:39.803,1.0445,1.0447,1.65,1.50
2013.04.17 16:58:39.922,1.04448,1.04469,1.80,1.50
2013.04.17 16:58:40.103,1.04446,1.04466,2.25,1.50
2013.04.17 16:58:40.285,1.04447,1.04465,1.88,1.50
2013.04.17 16:58:40.415,1.04449,1.04466,2.25,1.50
2013.04.17 16:58:40.545,1.0445,1.04472,3.00,1.65
2013.04.17 16:58:40.614,1.04453,1.04474,1.50,1.50
2013.04.17 16:58:40.803,1.04455,1.04476,1.88,1.50
2013.04.17 16:58:41.293,1.04452,1.04471,3.08,1.50
2013.04.17 16:58:41.834,1.04451,1.0447,1.50,1.50
2013.04.17 16:58:42.193,1.04446,1.04466,1.50,1.50
2013.04.17 16:58:42.313,1.04446,1.04466,1.50,1.50
2013.04.17 16:58:42.852,1.04446,1.04466,1.58,1.50
2013.04.17 16:58:43.112,1.04446,1.04465,1.50,1.50
2013.04.17 16:58:43.413,1.04446,1.04463,1.50,1.50
2013.04.17 16:58:43.933,1.04445,1.04463,2.10,1.50
2013.04.17 16:58:44.702,1.04441,1.04461,1.13,2.63
2013.04.17 16:58:44.773,1.04431,1.04455,3.83,2.25
2013.04.17 16:58:44.848,1.04431,1.04455,2.25,2.25
2013.04.17 16:58:45.153,1.04439,1.04458,2.40,1.88
2013.04.17 16:58:45.454,1.04446,1.04467,1.35,1.50
2013.04.17 16:58:45.513,1.04448,1.04468,1.35,1.13
2013.04.17 16:58:45.585,1.04447,1.04468,1.35,1.50
2013.04.17 16:58:45.713,1.04448,1.04471,1.35,2.25
2013.04.17 16:58:45.954,1.04447,1.04465,1.50,1.35
2013.04.17 16:58:46.023,1.04443,1.04465,2.25,1.50
2013.04.17 16:58:46.083,1.04443,1.0446,2.25,1.50
2013.04.17 16:58:47.533,1.04441,1.04462,1.50,1.50
2013.04.17 16:58:47.654,1.04443,1.04464,1.65,1.50
2013.04.17 16:58:47.843,1.04444,1.04465,2.25,2.25
2013.04.17 16:58:48.328,1.04446,1.04468,2.25,2.85
2013.04.17 16:58:48.651,1.04448,1.0447,1.50,1.50
2013.04.17 16:58:50.803,1.04449,1.04472,1.50,1.88
2013.04.17 16:58:50.867,1.0445,1.04472,2.33,1.50
2013.04.17 16:58:51.054,1.04452,1.04473,1.50,2.40
2013.04.17 16:58:52.536,1.04452,1.04473,1.65,1.50
2013.04.17 16:58:52.618,1.04458,1.04479,1.50,1.50
2013.04.17 16:58:53.143,1.0446,1.04481,1.58,1.50
2013.04.17 16:58:53.323,1.04461,1.04483,1.50,1.50
2013.04.17 16:58:53.383,1.04461,1.04484,1.50,2.85
2013.04.17 16:58:53.625,1.0446,1.04482,1.50,1.65
2013.04.17 16:58:53.754,1.04461,1.04482,1.50,1.65
2013.04.17 16:58:55.345,1.04462,1.04484,1.50,2.85
2013.04.17 16:58:55.658,1.04481,1.0449,2.10,1.50
2013.04.17 16:58:55.906,1.04482,1.04503,1.58,1.20
2013.04.17 16:58:55.977,1.04481,1.04503,1.35,3.00
2013.04.17 16:58:56.285,1.04481,1.045,1.35,1.50
2013.04.17 16:58:56.534,1.04477,1.045,1.43,1.50
2013.04.17 16:58:56.894,1.04488,1.04501,2.10,1.50
2013.04.17 16:58:56.964,1.04488,1.04504,2.48,1.50
2013.04.17 16:58:57.093,1.04484,1.04507,2.18,2.93
2013.04.17 16:58:57.154,1.04484,1.04507,2.10,2.93
2013.04.17 16:58:57.453,1.0448,1.04502,2.10,1.50
2013.04.17 16:58:57.635,1.04479,1.04502,2.25,1.65
2013.04.17 16:58:57.762,1.04479,1.04501,1.50,1.65
2013.04.17 16:58:58.664,1.04476,1.04498,1.50,1.13
2013.04.17 16:58:58.759,1.04475,1.04494,1.50,1.65
2013.04.17 16:58:58.884,1.04472,1.04494,3.00,2.40
2013.04.17 16:58:59.306,1.04474,1.04494,1.50,1.65
2013.04.17 16:58:59.435,1.04475,1.04497,1.50,1.50
2013.04.17 16:58:59.504,1.04475,1.04498,1.50,2.25
2013.04.17 16:58:59.683,1.04477,1.04498,2.33,1.50
2013.04.17 16:58:59.984,1.04482,1.045,1.50,2.40
2013.04.17 16:59:00.344,1.04477,1.045,1.50,1.65
2013.04.17 16:59:00.413,1.04476,1.04499,2.25,1.50
2013.04.17 16:59:00.473,1.04476,1.04499,2.25,1.50
2013.04.17 16:59:00.592,1.04476,1.04499,2.25,1.50
2013.04.17 16:59:01.013,1.04477,1.04498,1.50,1.50
2013.04.17 16:59:01.074,1.04477,1.04498,1.50,3.38
2013.04.17 16:59:01.387,1.04474,1.04495,1.50,1.65
2013.04.17 16:59:01.575,1.04472,1.04493,1.50,3.00
2013.04.17 16:59:01.861,1.04471,1.04492,1.50,1.50
2013.04.17 16:59:02.324,1.04471,1.0449,1.50,2.25
2013.04.17 16:59:02.454,1.04466,1.04487,1.50,1.65
2013.04.17 16:59:02.519,1.04466,1.04485,1.50,1.50
2013.04.17 16:59:02.659,1.04463,1.04483,1.35,1.50
2013.04.17 16:59:02.865,1.0446,1.04483,1.50,2.25
2013.04.17 16:59:03.534,1.0446,1.04482,1.50,1.13
2013.04.17 16:59:03.615,1.04455,1.04474,1.50,2.25
2013.04.17 16:59:03.757,1.04451,1.04473,1.50,2.25
2013.04.17 16:59:03.827,1.0445,1.04473,2.25,3.75
2013.04.17 16:59:04.473,1.0445,1.04473,2.33,3.00
2013.04.17 16:59:04.894,1.0445,1.04473,2.33,2.25
2013.04.17 16:59:05.872,1.04451,1.04473,1.50,3.75
2013.04.17 16:59:06.149,1.0445,1.0447,1.50,1.65
2013.04.17 16:59:06.394,1.04444,1.04464,1.50,1.65
2013.04.17 16:59:06.527,1.04441,1.04463,1.88,1.50
2013.04.17 16:59:06.595,1.04439,1.04462,2.25,1.50
2013.04.17 16:59:07.104,1.04439,1.04462,1.50,2.25
2013.04.17 16:59:09.153,1.04439,1.0446,2.25,1.50
2013.04.17 16:59:09.458,1.04439,1.04459,1.50,2.25
2013.04.17 16:59:09.587,1.04439,1.04459,1.50,2.25
2013.04.17 16:59:09.895,1.04436,1.04455,1.50,1.65
2013.04.17 16:59:10.203,1.04431,1.04452,1.88,1.50
2013.04.17 16:59:10.742,1.04431,1.04451,1.50,1.65
2013.04.17 16:59:11.229,1.04434,1.04453,2.33,1.65
2013.04.17 16:59:11.533,1.04443,1.04458,2.25,1.13
2013.04.17 16:59:11.836,1.04447,1.0447,2.25,1.50
2013.04.17 16:59:12.023,1.04447,1.0447,2.25,1.50
2013.04.17 16:59:12.263,1.04447,1.04469,1.50,1.50
2013.04.17 16:59:12.745,1.04445,1.04467,1.50,2.25
2013.04.17 16:59:14.137,1.04447,1.04468,1.50,1.35
2013.04.17 16:59:14.642,1.04447,1.04468,1.50,1.35
2013.04.17 16:59:16.154,1.04451,1.0447,1.50,2.10
2013.04.17 16:59:16.216,1.0445,1.0447,2.25,1.50
2013.04.17 16:59:16.284,1.04451,1.04471,1.50,1.35
2013.04.17 16:59:16.404,1.04452,1.04473,2.25,1.69
2013.04.17 16:59:16.523,1.04454,1.04476,1.50,2.10
2013.04.17 16:59:17.082,1.04454,1.04478,2.25,1.35
2013.04.17 16:59:21.374,1.04456,1.04479,1.50,2.40
2013.04.17 16:59:22.035,1.04456,1.04478,1.50,2.40
2013.04.17 16:59:22.563,1.04454,1.04476,1.50,2.40
2013.04.17 16:59:23.409,1.04453,1.04475,1.50,1.65
2013.04.17 16:59:24.177,1.04454,1.04475,1.50,1.65
2013.04.17 16:59:24.575,1.04456,1.04476,1.50,1.50
2013.04.17 16:59:24.833,1.04458,1.04476,1.50,1.50
2013.04.17 16:59:25.742,1.04458,1.04476,1.50,2.25
2013.04.17 16:59:26.103,1.04457,1.04476,1.50,2.25
2013.04.17 16:59:27.263,1.04458,1.04476,1.50,2.25
2013.04.17 16:59:27.699,1.04458,1.04477,1.50,1.50
2013.04.17 16:59:29.383,1.04459,1.04479,1.50,1.88
2013.04.17 16:59:29.503,1.04461,1.04479,1.50,1.50
2013.04.17 16:59:30.964,1.04463,1.04482,1.50,1.28
2013.04.17 16:59:31.240,1.04465,1.04484,1.50,1.13
2013.04.17 16:59:32.134,1.04464,1.04487,2.33,2.82
2013.04.17 16:59:32.216,1.04471,1.04488,2.33,1.50
2013.04.17 16:59:32.284,1.04471,1.04489,3.23,1.50
2013.04.17 16:59:32.403,1.04473,1.04495,1.50,1.88
2013.04.17 16:59:33.064,1.04473,1.04495,1.50,2.03
2013.04.17 16:59:33.303,1.04472,1.04494,1.50,1.65
2013.04.17 16:59:33.544,1.04474,1.04493,1.50,1.50
2013.04.17 16:59:34.093,1.0447,1.04492,1.50,1.50
2013.04.17 16:59:34.453,1.04473,1.04492,1.65,1.50
2013.04.17 16:59:34.893,1.04472,1.04492,2.25,1.50
2013.04.17 16:59:35.133,1.04476,1.04493,1.50,1.50
2013.04.17 16:59:36.073,1.04478,1.04496,1.50,1.50
2013.04.17 16:59:37.845,1.04478,1.04496,1.50,1.50
2013.04.17 16:59:37.985,1.04478,1.045,1.50,3.00
2013.04.17 16:59:39.446,1.04477,1.04499,2.85,1.50
2013.04.17 16:59:39.996,1.04476,1.04496,1.50,1.50
2013.04.17 16:59:40.853,1.04476,1.04495,1.50,2.25
2013.04.17 16:59:41.093,1.04474,1.04493,1.35,3.00
2013.04.17 16:59:41.573,1.04473,1.04492,2.10,1.50
2013.04.17 16:59:42.663,1.04469,1.04491,2.25,1.50
2013.04.17 16:59:43.273,1.04469,1.04491,1.50,1.50
2013.04.17 16:59:43.832,1.04469,1.04491,1.58,1.50
2013.04.17 16:59:44.135,1.04482,1.04493,2.93,1.50
2013.04.17 16:59:44.443,1.0449,1.04501,1.43,2.18
2013.04.17 16:59:44.743,1.0449,1.04509,1.43,1.50
2013.04.17 16:59:45.009,1.04491,1.04507,1.35,1.50
2013.04.17 16:59:45.254,1.04474,1.04496,2.33,1.50
2013.04.17 16:59:45.492,1.04473,1.04493,1.35,1.50
2013.04.17 16:59:45.613,1.04471,1.04492,3.08,1.13
2013.04.17 16:59:45.792,1.04471,1.04492,3.08,1.13
2013.04.17 16:59:46.142,1.04471,1.04491,2.33,1.88
2013.04.17 16:59:46.767,1.04468,1.04489,2.18,2.63
2013.04.17 16:59:46.835,1.04467,1.04488,1.35,1.88
2013.04.17 16:59:46.902,1.04466,1.04487,2.10,1.50
2013.04.17 16:59:47.202,1.04465,1.04487,3.08,1.50
2013.04.17 16:59:48.222,1.04465,1.04485,1.50,1.13
2013.04.17 16:59:48.772,1.04466,1.04485,2.10,1.13
2013.04.17 16:59:49.276,1.04466,1.04487,2.85,1.13
2013.04.17 16:59:49.734,1.04465,1.0448,1.50,1.13
2013.04.17 16:59:50.034,1.04457,1.04477,1.35,1.50
2013.04.17 16:59:50.512,1.04458,1.04479,1.43,1.50
2013.04.17 16:59:51.422,1.04458,1.04477,1.43,1.50
2013.04.17 16:59:51.772,1.04458,1.04476,1.43,1.50
2013.04.17 16:59:52.192,1.04456,1.04476,1.50,1.50
2013.04.17 16:59:52.433,1.04455,1.04473,1.50,2.44
2013.04.17 16:59:52.492,1.0445,1.04472,2.48,2.40
2013.04.17 16:59:52.862,1.04452,1.04474,2.25,1.13
2013.04.17 16:59:52.982,1.04452,1.04475,3.75,1.50
2013.04.17 16:59:53.102,1.04454,1.04476,1.73,1.50
2013.04.17 16:59:53.282,1.04455,1.04476,1.50,1.50
2013.04.17 16:59:53.603,1.04453,1.04475,2.33,1.50
2013.04.17 16:59:53.782,1.04456,1.04475,1.50,1.50
2013.04.17 16:59:54.653,1.04457,1.04478,1.50,2.25
2013.04.17 16:59:54.713,1.04457,1.04477,1.50,1.13
2013.04.17 16:59:54.832,1.04452,1.04474,1.50,1.13
2013.04.17 16:59:55.504,1.04453,1.04475,1.35,1.50
2013.04.17 16:59:55.562,1.04452,1.04474,1.35,1.50
2013.04.17 16:59:55.864,1.04451,1.0447,1.35,2.25
2013.04.17 16:59:56.283,1.04453,1.04472,1.35,2.25
2013.04.17 16:59:56.462,1.04455,1.04477,1.50,1.50
2013.04.17 16:59:56.645,1.04455,1.04477,1.50,1.50
2013.04.17 16:59:56.715,1.04455,1.04477,1.50,1.50
2013.04.17 16:59:56.953,1.04455,1.04477,1.50,2.33
2013.04.17 16:59:57.013,1.04455,1.04474,1.50,1.50
2013.04.17 16:59:57.252,1.04451,1.04472,1.50,1.50
2013.04.17 16:59:57.604,1.04451,1.04472,1.50,1.50
2013.04.17 16:59:57.852,1.04453,1.04474,1.43,1.50
2013.04.17 16:59:57.912,1.04453,1.04476,1.43,3.00
2013.04.17 16:59:58.272,1.04456,1.04476,1.35,2.25
2013.04.17 16:59:58.394,1.04456,1.04477,1.50,3.00
2013.04.17 16:59:58.513,1.04452,1.04474,2.25,1.50
2013.04.17 16:59:58.872,1.04455,1.04475,1.35,3.00
2013.04.17 16:59:59.112,1.04455,1.04476,2.10,2.25
2013.04.17 16:59:59.658,1.04453,1.04474,2.10,1.50
2013.04.17 16:59:59.725,1.04453,1.04475,1.35,2.25
2013.04.17 16:59:59.915,1.04448,1.0447,1.50,1.50
