2013.09.19 09:00:00.095,1.08638,1.08654,4.13,1.35
2013.09.19 09:00:00.397,1.08641,1.08657,3.94,1.80
2013.09.19 09:00:00.649,1.08641,1.08657,4.13,1.43
2013.09.19 09:00:01.475,1.08644,1.0866,2.63,1.43
2013.09.19 09:00:01.535,1.08644,1.08661,3.00,1.35
2013.09.19 09:00:01.715,1.08645,1.08663,3.04,2.18
2013.09.19 09:00:02.078,1.08646,1.08663,5.33,1.13
2013.09.19 09:00:04.788,1.08644,1.08657,2.18,1.43
2013.09.19 09:00:05.266,1.0864,1.08653,1.32,1.13
2013.09.19 09:00:05.326,1.08639,1.08648,1.43,1.13
2013.09.19 09:00:05.446,1.08635,1.08645,1.43,1.13
2013.09.19 09:00:05.748,1.0863,1.08645,1.13,1.05
2013.09.19 09:00:05.988,1.0863,1.08644,1.13,1.13
2013.09.19 09:00:08.068,1.08631,1.08645,2.63,1.05
2013.09.19 09:00:08.191,1.08632,1.08648,3.23,1.50
2013.09.19 09:00:08.257,1.08632,1.08648,3.61,1.50
2013.09.19 09:00:08.615,1.08634,1.08651,4.02,1.13
2013.09.19 09:00:08.968,1.08636,1.08652,4.06,1.13
2013.09.19 09:00:10.081,1.08638,1.08652,2.48,1.13
2013.09.19 09:00:10.160,1.08631,1.08646,2.18,1.13
2013.09.19 09:00:10.228,1.08631,1.08647,3.23,1.13
2013.09.19 09:00:10.408,1.08632,1.08649,6.08,1.50
2013.09.19 09:00:11.398,1.08634,1.08647,3.45,1.50
2013.09.19 09:00:11.695,1.08632,1.08645,1.43,1.13
2013.09.19 09:00:13.155,1.08632,1.08648,4.13,1.80
2013.09.19 09:00:14.196,1.08632,1.08649,7.28,1.80
2013.09.19 09:00:14.379,1.08639,1.0865,3.76,2.10
2013.09.19 09:00:14.447,1.08642,1.08658,2.63,2.74
2013.09.19 09:00:15.075,1.08642,1.08657,2.48,1.13
2013.09.19 09:00:15.376,1.08638,1.08652,1.32,1.43
2013.09.19 09:00:15.437,1.08638,1.08652,1.13,1.43
2013.09.19 09:00:15.556,1.08635,1.08651,3.68,1.50
2013.09.19 09:00:16.125,1.08635,1.08652,2.93,2.55
2013.09.19 09:00:16.675,1.08637,1.08652,2.63,2.18
2013.09.19 09:00:17.695,1.08635,1.08651,4.43,1.50
2013.09.19 09:00:19.956,1.08637,1.08651,3.31,1.13
2013.09.19 09:00:20.315,1.08637,1.08649,2.78,1.50
2013.09.19 09:00:21.051,1.08636,1.0865,2.18,1.50
2013.09.19 09:00:21.706,1.08636,1.08648,2.18,1.13
2013.09.19 09:00:21.968,1.08636,1.08648,1.43,1.13
2013.09.19 09:00:23.495,1.08637,1.08651,1.50,1.13
2013.09.19 09:00:24.398,1.08637,1.08647,1.50,1.13
2013.09.19 09:00:24.458,1.08633,1.08647,1.13,1.13
2013.09.19 09:00:24.827,1.08633,1.08646,1.88,1.35
2013.09.19 09:00:25.187,1.08633,1.08648,3.23,1.13
2013.09.19 09:00:25.666,1.08633,1.08647,1.13,2.10
2013.09.19 09:00:25.846,1.08633,1.08646,1.13,1.80
2013.09.19 09:00:26.412,1.08633,1.08646,1.50,1.80
2013.09.19 09:00:27.087,1.08633,1.08646,1.50,1.80
2013.09.19 09:00:28.285,1.08633,1.08647,1.50,1.13
2013.09.19 09:00:28.718,1.08633,1.08646,1.50,1.13
2013.09.19 09:00:29.265,1.08633,1.08642,1.13,1.13
2013.09.19 09:00:29.759,1.08632,1.08641,1.13,1.13
2013.09.19 09:00:30.286,1.0863,1.08641,1.13,1.13
2013.09.19 09:00:31.466,1.08631,1.08643,2.63,1.80
2013.09.19 09:00:31.647,1.08631,1.08646,2.63,1.05
2013.09.19 09:00:31.827,1.0863,1.08642,1.13,1.43
2013.09.19 09:00:32.366,1.08631,1.08644,2.63,1.50
2013.09.19 09:00:32.606,1.08631,1.08644,2.63,2.10
2013.09.19 09:00:32.726,1.08631,1.08644,2.63,2.18
2013.09.19 09:00:33.865,1.08631,1.08644,2.63,2.18
2013.09.19 09:00:37.685,1.08631,1.08643,2.63,1.43
2013.09.19 09:00:38.301,1.08631,1.08642,2.63,1.43
2013.09.19 09:00:38.845,1.08632,1.08642,2.63,1.43
2013.09.19 09:00:39.219,1.08631,1.08642,1.88,1.43
2013.09.19 09:00:39.337,1.08631,1.08642,1.13,2.18
2013.09.19 09:00:39.576,1.08631,1.08641,1.13,1.43
2013.09.19 09:00:40.165,1.08628,1.08641,1.32,1.43
2013.09.19 09:00:40.468,1.08628,1.08639,1.13,2.03
2013.09.19 09:00:40.705,1.08628,1.0864,1.13,2.78
2013.09.19 09:00:41.216,1.08628,1.08639,1.13,1.43
2013.09.19 09:00:41.278,1.08625,1.08639,1.32,2.10
2013.09.19 09:00:41.397,1.08623,1.08636,1.69,1.35
2013.09.19 09:00:41.516,1.08623,1.08637,1.69,1.05
2013.09.19 09:00:42.023,1.08623,1.08637,1.50,2.40
2013.09.19 09:00:42.977,1.08623,1.08635,1.50,1.43
2013.09.19 09:00:45.795,1.08623,1.08634,1.50,1.13
2013.09.19 09:00:46.157,1.08618,1.08632,1.50,1.35
2013.09.19 09:00:46.356,1.08617,1.08632,3.19,2.70
2013.09.19 09:00:46.756,1.08617,1.08631,2.25,1.35
2013.09.19 09:00:46.876,1.08618,1.08631,2.63,2.10
2013.09.19 09:00:46.935,1.08617,1.08632,3.19,2.10
2013.09.19 09:00:47.056,1.08614,1.08629,2.25,1.35
2013.09.19 09:00:47.238,1.08611,1.08625,3.19,1.43
2013.09.19 09:00:53.714,1.08611,1.08624,1.50,1.43
2013.09.19 09:00:53.835,1.08611,1.08624,2.25,2.48
2013.09.19 09:00:54.410,1.08611,1.08623,2.25,1.05
2013.09.19 09:00:54.483,1.08604,1.08619,1.32,1.73
2013.09.19 09:00:54.986,1.08604,1.08619,1.32,1.05
2013.09.19 09:00:55.225,1.08604,1.0862,3.42,1.13
2013.09.19 09:00:55.752,1.08603,1.08616,1.13,1.05
2013.09.19 09:00:56.896,1.08603,1.08616,1.13,1.80
2013.09.19 09:00:57.337,1.08603,1.08618,3.98,1.13
2013.09.19 09:00:57.875,1.08606,1.08621,3.98,1.13
2013.09.19 09:00:57.935,1.08606,1.08622,3.98,1.88
2013.09.19 09:00:59.975,1.08607,1.08622,4.58,1.88
2013.09.19 09:01:01.006,1.08608,1.08622,2.86,1.13
2013.09.19 09:01:04.075,1.08608,1.08622,5.48,1.13
2013.09.19 09:01:04.377,1.08609,1.08625,3.31,1.80
2013.09.19 09:01:05.787,1.08609,1.08625,3.30,1.80
2013.09.19 09:01:07.005,1.08609,1.08625,2.18,2.18
2013.09.19 09:01:08.172,1.08609,1.08624,1.50,1.73
2013.09.19 09:01:08.240,1.08609,1.08624,1.50,1.05
2013.09.19 09:01:08.545,1.08608,1.08619,1.50,1.05
2013.09.19 09:01:08.666,1.08608,1.08619,1.50,1.05
2013.09.19 09:01:08.786,1.08608,1.08622,1.50,1.05
2013.09.19 09:01:09.645,1.08608,1.08621,1.50,1.13
2013.09.19 09:01:10.137,1.08604,1.08618,2.82,1.13
2013.09.19 09:01:10.730,1.08604,1.08618,2.82,1.13
2013.09.19 09:01:12.226,1.08603,1.08617,3.38,1.13
2013.09.19 09:01:12.645,1.08603,1.08617,3.38,1.13
2013.09.19 09:01:13.707,1.08603,1.08617,2.63,1.13
2013.09.19 09:01:15.136,1.08603,1.08617,2.63,1.13
2013.09.19 09:01:16.678,1.08603,1.08618,2.63,1.80
2013.09.19 09:01:17.216,1.08603,1.08617,3.38,1.80
2013.09.19 09:01:20.395,1.08603,1.08618,3.38,1.05
2013.09.19 09:01:21.588,1.08604,1.08619,1.50,1.80
2013.09.19 09:01:21.723,1.08604,1.08621,4.05,1.35
2013.09.19 09:01:21.849,1.08606,1.08622,4.43,2.55
2013.09.19 09:01:24.655,1.08608,1.08622,5.11,1.50
2013.09.19 09:01:25.246,1.08608,1.08622,3.00,1.13
2013.09.19 09:01:29.175,1.08608,1.08622,4.43,1.88
2013.09.19 09:01:30.296,1.08608,1.08622,3.00,1.88
2013.09.19 09:01:30.415,1.08608,1.08623,3.75,1.43
2013.09.19 09:01:30.716,1.08608,1.08622,2.86,1.13
2013.09.19 09:01:30.776,1.08607,1.08621,2.18,1.13
2013.09.19 09:01:30.895,1.08607,1.08622,4.43,1.13
2013.09.19 09:01:31.621,1.08606,1.08621,1.13,1.88
2013.09.19 09:01:32.126,1.08604,1.08619,3.12,1.13
2013.09.19 09:01:36.286,1.08607,1.08621,3.00,1.80
2013.09.19 09:01:36.526,1.08606,1.0862,2.63,1.13
2013.09.19 09:01:36.827,1.08606,1.08621,3.38,2.48
2013.09.19 09:01:36.947,1.08608,1.08621,3.38,1.43
2013.09.19 09:01:37.007,1.08608,1.08622,3.75,1.43
2013.09.19 09:01:37.065,1.08608,1.08622,4.13,1.43
2013.09.19 09:01:38.106,1.08608,1.08622,1.50,1.50
2013.09.19 09:01:39.115,1.08609,1.08624,3.98,1.88
2013.09.19 09:01:40.446,1.08609,1.08626,5.11,1.88
2013.09.19 09:01:40.805,1.08609,1.08626,5.48,1.13
2013.09.19 09:01:42.925,1.0861,1.08626,4.43,1.50
2013.09.19 09:01:43.045,1.0861,1.08626,5.55,1.50
2013.09.19 09:01:43.405,1.0861,1.08626,4.06,1.50
2013.09.19 09:01:43.645,1.0861,1.08626,4.05,1.50
2013.09.19 09:01:44.147,1.0861,1.08625,2.63,1.43
2013.09.19 09:01:44.934,1.0861,1.08626,3.30,1.50
2013.09.19 09:01:47.055,1.0861,1.08625,2.25,1.80
2013.09.19 09:01:47.476,1.08607,1.08621,2.25,1.13
2013.09.19 09:01:47.716,1.08607,1.08621,3.00,1.13
2013.09.19 09:01:50.220,1.08607,1.08621,3.00,1.13
2013.09.19 09:01:50.769,1.08604,1.08618,3.68,1.13
2013.09.19 09:01:52.997,1.08604,1.08619,3.68,1.13
2013.09.19 09:01:54.066,1.08604,1.0862,3.68,1.13
2013.09.19 09:01:55.815,1.08604,1.08618,1.80,1.50
2013.09.19 09:02:06.698,1.08605,1.08617,3.53,1.13
2013.09.19 09:02:06.757,1.08607,1.08623,2.93,2.37
2013.09.19 09:02:06.937,1.08607,1.08623,4.92,1.43
2013.09.19 09:02:08.755,1.08609,1.08625,4.73,1.50
2013.09.19 09:02:21.385,1.0861,1.08623,2.63,1.13
2013.09.19 09:02:21.445,1.08612,1.08623,3.00,1.13
2013.09.19 09:02:21.565,1.08612,1.08628,4.13,1.43
2013.09.19 09:02:21.686,1.08615,1.08628,3.01,1.43
2013.09.19 09:02:22.165,1.08619,1.08633,2.63,1.43
2013.09.19 09:02:25.232,1.0862,1.08634,2.56,1.43
2013.09.19 09:02:25.302,1.0862,1.08638,5.30,1.80
2013.09.19 09:02:25.426,1.0862,1.08638,7.92,1.43
2013.09.19 09:02:25.607,1.08623,1.08638,6.20,1.43
2013.09.19 09:02:25.845,1.08623,1.0864,6.87,1.43
2013.09.19 09:02:26.736,1.08626,1.0864,3.57,1.43
2013.09.19 09:02:27.096,1.08628,1.08643,4.32,1.43
2013.09.19 09:02:28.815,1.08628,1.08642,5.63,1.50
2013.09.19 09:02:30.165,1.08631,1.08642,2.63,1.50
2013.09.19 09:02:30.806,1.08632,1.08647,1.50,2.18
2013.09.19 09:02:30.867,1.08634,1.08647,3.00,2.18
2013.09.19 09:02:30.928,1.08639,1.08651,3.38,1.35
2013.09.19 09:02:31.046,1.08639,1.08652,3.38,1.43
2013.09.19 09:02:31.613,1.0864,1.08655,4.88,1.43
2013.09.19 09:02:38.194,1.08646,1.08659,3.76,1.35
2013.09.19 09:02:38.326,1.08647,1.08661,3.12,2.03
2013.09.19 09:02:38.386,1.08648,1.08664,2.63,1.43
2013.09.19 09:02:38.626,1.0865,1.08665,3.31,1.43
2013.09.19 09:02:38.987,1.0865,1.08664,2.25,1.43
2013.09.19 09:02:39.226,1.08648,1.08664,1.80,2.10
2013.09.19 09:02:39.287,1.08648,1.08662,1.13,2.10
2013.09.19 09:02:39.647,1.08635,1.08647,1.50,1.73
2013.09.19 09:02:39.706,1.0863,1.08646,2.18,1.43
2013.09.19 09:02:40.186,1.08631,1.08647,3.30,1.43
2013.09.19 09:02:40.735,1.08633,1.08649,2.63,1.43
2013.09.19 09:02:40.919,1.08633,1.08649,2.25,1.43
2013.09.19 09:02:42.046,1.08633,1.0865,3.75,2.10
2013.09.19 09:02:42.287,1.08636,1.08652,3.42,1.88
2013.09.19 09:02:44.495,1.08637,1.08652,2.74,1.13
2013.09.19 09:02:44.555,1.08637,1.08652,4.10,1.13
2013.09.19 09:02:46.826,1.08638,1.08651,3.53,1.43
2013.09.19 09:02:46.886,1.08638,1.08651,1.43,1.43
2013.09.19 09:02:47.008,1.08634,1.08649,2.63,1.13
2013.09.19 09:02:47.825,1.08633,1.08648,2.18,1.13
2013.09.19 09:02:48.015,1.08633,1.08648,2.93,1.13
2013.09.19 09:02:49.235,1.08636,1.08648,2.63,1.43
2013.09.19 09:02:49.296,1.08636,1.08649,2.63,1.35
2013.09.19 09:02:49.415,1.08631,1.08647,1.43,1.05
2013.09.19 09:02:49.476,1.08631,1.08645,2.63,1.43
2013.09.19 09:02:49.975,1.08631,1.08645,1.50,1.80
2013.09.19 09:02:50.043,1.08626,1.08641,2.82,1.43
2013.09.19 09:02:50.595,1.08626,1.08639,1.13,1.80
2013.09.19 09:02:51.079,1.08631,1.08643,2.63,1.50
2013.09.19 09:02:51.208,1.08631,1.08643,2.63,1.50
2013.09.19 09:02:52.435,1.08629,1.08643,1.13,1.88
2013.09.19 09:02:53.506,1.0863,1.08647,3.15,1.80
2013.09.19 09:02:53.865,1.08633,1.08648,4.96,1.13
2013.09.19 09:02:55.928,1.08634,1.0865,5.33,1.13
2013.09.19 09:02:56.166,1.08636,1.08653,3.30,1.99
2013.09.19 09:02:58.215,1.0864,1.08653,2.63,1.43
2013.09.19 09:02:58.516,1.08641,1.08652,2.63,1.50
2013.09.19 09:02:58.575,1.08643,1.08652,2.63,1.50
2013.09.19 09:02:58.756,1.08642,1.08652,1.13,1.50
2013.09.19 09:02:58.816,1.0864,1.08652,1.05,1.88
2013.09.19 09:02:58.995,1.0864,1.08652,1.13,1.88
2013.09.19 09:02:59.590,1.0864,1.08651,1.13,1.13
2013.09.19 09:03:00.817,1.0864,1.08653,2.63,1.50
2013.09.19 09:03:00.937,1.08642,1.08652,2.63,1.50
2013.09.19 09:03:01.239,1.08642,1.08655,1.13,1.13
2013.09.19 09:03:01.420,1.08642,1.08657,1.13,1.13
2013.09.19 09:03:01.546,1.08641,1.08658,3.12,1.43
2013.09.19 09:03:01.727,1.0864,1.08655,1.88,2.18
2013.09.19 09:03:02.244,1.0864,1.08655,1.88,2.18
2013.09.19 09:03:02.626,1.0864,1.08656,1.13,1.13
2013.09.19 09:03:03.176,1.0864,1.08657,1.88,1.80
2013.09.19 09:03:05.555,1.0864,1.08654,1.50,1.13
2013.09.19 09:03:06.256,1.0864,1.08655,1.50,1.43
2013.09.19 09:03:07.356,1.08642,1.08654,3.45,1.13
2013.09.19 09:03:07.895,1.08641,1.08656,2.85,1.13
2013.09.19 09:03:08.936,1.08641,1.08655,3.23,1.13
2013.09.19 09:03:09.477,1.08643,1.08659,4.65,1.13
2013.09.19 09:03:09.659,1.08644,1.08659,3.46,1.13
2013.09.19 09:03:09.836,1.08647,1.08662,3.98,1.50
2013.09.19 09:03:09.955,1.08647,1.08662,3.16,1.13
2013.09.19 09:03:10.406,1.08651,1.08667,2.63,1.99
2013.09.19 09:03:10.466,1.08651,1.08667,2.63,1.80
2013.09.19 09:03:11.006,1.08651,1.08668,1.80,1.80
2013.09.19 09:03:11.545,1.08651,1.08664,3.42,1.05
2013.09.19 09:03:11.845,1.08647,1.0866,1.50,1.43
2013.09.19 09:03:11.905,1.08645,1.0866,1.43,1.13
2013.09.19 09:03:12.027,1.08645,1.0866,1.43,1.13
2013.09.19 09:03:12.585,1.08645,1.0866,2.18,2.25
2013.09.19 09:03:13.996,1.08646,1.08661,3.23,1.50
2013.09.19 09:03:14.067,1.08646,1.08662,3.91,1.88
2013.09.19 09:03:14.186,1.08649,1.08662,3.68,1.50
2013.09.19 09:03:14.924,1.0865,1.08666,2.48,1.13
2013.09.19 09:03:16.327,1.0865,1.08665,1.13,1.13
2013.09.19 09:03:16.806,1.0865,1.08666,2.56,1.13
2013.09.19 09:03:17.225,1.08651,1.08667,3.98,1.13
2013.09.19 09:03:17.768,1.08651,1.08667,5.33,1.13
2013.09.19 09:03:19.226,1.08651,1.08668,4.58,3.53
2013.09.19 09:03:19.286,1.08651,1.08665,1.80,1.13
2013.09.19 09:03:19.527,1.08646,1.08661,1.13,1.13
2013.09.19 09:03:19.886,1.08648,1.08662,2.86,1.13
2013.09.19 09:03:20.157,1.08646,1.08661,1.43,1.13
2013.09.19 09:03:20.855,1.08647,1.08664,3.23,1.50
2013.09.19 09:03:24.446,1.08649,1.08665,1.13,1.80
2013.09.19 09:03:24.746,1.08649,1.08664,1.43,1.13
2013.09.19 09:03:24.865,1.08649,1.08663,1.50,1.13
2013.09.19 09:03:25.448,1.08646,1.08661,1.32,1.50
2013.09.19 09:03:28.139,1.08646,1.08661,2.55,1.13
2013.09.19 09:03:29.320,1.08646,1.0866,4.36,1.50
2013.09.19 09:03:30.756,1.08646,1.0866,1.43,1.50
2013.09.19 09:03:32.007,1.08644,1.08657,1.43,1.13
2013.09.19 09:03:32.126,1.08643,1.08657,1.13,1.13
2013.09.19 09:03:32.666,1.08643,1.08657,1.13,2.55
2013.09.19 09:03:33.873,1.08643,1.08657,1.13,1.88
2013.09.19 09:03:36.698,1.08643,1.08659,4.05,1.88
2013.09.19 09:03:38.150,1.08648,1.0866,1.88,1.43
2013.09.19 09:03:38.216,1.08648,1.08662,3.00,1.43
2013.09.19 09:03:38.335,1.08652,1.08664,2.63,1.43
2013.09.19 09:03:38.460,1.08652,1.08668,3.68,2.48
2013.09.19 09:03:38.646,1.08651,1.08666,2.48,1.13
2013.09.19 09:03:38.708,1.08651,1.08665,1.80,1.13
2013.09.19 09:03:38.767,1.08651,1.08666,1.13,1.05
2013.09.19 09:03:39.009,1.08651,1.08666,2.63,1.05
2013.09.19 09:03:39.255,1.08651,1.08667,3.30,1.43
2013.09.19 09:03:40.147,1.08651,1.08667,3.30,2.18
2013.09.19 09:03:41.476,1.08651,1.08665,1.43,1.13
2013.09.19 09:03:42.018,1.08648,1.08662,1.99,1.50
2013.09.19 09:03:43.756,1.08648,1.08662,1.99,1.88
2013.09.19 09:03:44.656,1.08648,1.08662,1.13,1.50
2013.09.19 09:03:44.775,1.08656,1.08672,4.06,1.43
2013.09.19 09:03:44.896,1.08661,1.08673,3.01,1.50
2013.09.19 09:03:45.015,1.08661,1.08677,2.25,1.43
2013.09.19 09:03:45.557,1.08663,1.08679,4.24,1.05
2013.09.19 09:03:45.797,1.0867,1.08682,3.75,1.35
2013.09.19 09:03:46.037,1.08673,1.08689,4.88,1.13
2013.09.19 09:03:46.217,1.08674,1.0869,3.83,1.13
2013.09.19 09:03:46.757,1.08674,1.0869,1.50,1.50
2013.09.19 09:03:46.817,1.08673,1.0869,2.25,1.50
2013.09.19 09:03:46.876,1.08674,1.08689,2.26,1.35
2013.09.19 09:03:46.998,1.08677,1.0869,3.38,1.43
2013.09.19 09:03:47.118,1.08681,1.08694,3.01,1.35
2013.09.19 09:03:47.236,1.08683,1.08696,2.63,1.73
2013.09.19 09:03:47.535,1.08683,1.08694,2.63,1.35
2013.09.19 09:03:47.866,1.08683,1.08691,2.63,1.35
2013.09.19 09:03:47.927,1.08683,1.08691,1.13,2.03
2013.09.19 09:03:47.986,1.08683,1.08689,1.13,1.35
2013.09.19 09:03:48.107,1.08683,1.08692,1.13,1.35
2013.09.19 09:03:48.167,1.0868,1.08691,2.25,1.43
2013.09.19 09:03:48.406,1.08678,1.08688,1.50,1.43
2013.09.19 09:03:48.826,1.08675,1.08687,2.25,1.43
2013.09.19 09:03:48.886,1.08675,1.08685,2.25,1.43
2013.09.19 09:03:49.566,1.0867,1.08685,3.00,1.43
2013.09.19 09:03:49.795,1.0867,1.08685,3.00,1.43
2013.09.19 09:03:50.217,1.08672,1.08687,3.38,1.43
2013.09.19 09:03:50.346,1.08673,1.08688,4.13,1.35
2013.09.19 09:03:50.408,1.08675,1.08688,1.13,1.35
2013.09.19 09:03:50.658,1.08683,1.08694,2.63,1.54
2013.09.19 09:03:50.719,1.08683,1.08697,3.38,1.62
2013.09.19 09:03:50.788,1.08683,1.08698,3.38,1.54
2013.09.19 09:03:51.086,1.08683,1.08698,3.38,1.35
2013.09.19 09:03:51.147,1.08683,1.08699,3.38,1.05
2013.09.19 09:03:51.526,1.08683,1.08699,3.38,1.05
2013.09.19 09:03:51.646,1.08683,1.08699,3.38,1.05
2013.09.19 09:03:51.705,1.08683,1.08698,3.38,1.35
2013.09.19 09:03:52.865,1.08683,1.08697,3.38,1.43
2013.09.19 09:03:55.256,1.08683,1.087,3.38,1.35
2013.09.19 09:03:55.315,1.08683,1.08701,5.41,1.80
2013.09.19 09:03:55.556,1.08686,1.08702,2.63,2.48
2013.09.19 09:03:56.076,1.08686,1.08702,3.98,1.13
2013.09.19 09:03:57.275,1.08686,1.08702,2.63,2.55
2013.09.19 09:03:57.635,1.08686,1.08702,3.57,1.43
2013.09.19 09:03:57.816,1.08688,1.08705,4.05,1.05
2013.09.19 09:03:57.875,1.08688,1.08705,4.06,1.05
2013.09.19 09:03:58.237,1.08686,1.08701,1.69,1.35
2013.09.19 09:03:58.296,1.08686,1.08701,1.50,1.35
2013.09.19 09:03:58.859,1.08684,1.087,3.30,1.43
2013.09.19 09:03:59.039,1.08687,1.08703,3.31,1.13
2013.09.19 09:03:59.227,1.08688,1.08704,4.66,1.50
2013.09.19 09:03:59.617,1.08688,1.08707,6.75,1.43
2013.09.19 09:04:01.015,1.0869,1.08708,6.08,1.99
2013.09.19 09:04:01.089,1.08691,1.08708,2.86,1.99
2013.09.19 09:04:03.316,1.08691,1.08704,3.61,1.13
2013.09.19 09:04:03.555,1.08687,1.08699,1.43,1.13
2013.09.19 09:04:03.796,1.08684,1.08699,1.13,1.05
2013.09.19 09:04:04.345,1.08684,1.087,1.13,1.35
2013.09.19 09:04:04.646,1.08684,1.08697,1.13,1.35
2013.09.19 09:04:04.906,1.08684,1.08699,1.50,2.10
2013.09.19 09:04:04.966,1.08684,1.08699,2.26,2.10
2013.09.19 09:04:05.026,1.08687,1.08701,2.63,1.50
2013.09.19 09:04:05.085,1.08687,1.08701,2.63,1.50
2013.09.19 09:04:05.325,1.08687,1.08702,4.06,1.50
2013.09.19 09:04:06.817,1.08687,1.08702,3.31,1.50
2013.09.19 09:04:07.116,1.08684,1.08697,1.43,1.13
2013.09.19 09:04:07.236,1.08681,1.08694,1.35,1.50
2013.09.19 09:04:07.356,1.08681,1.08694,1.05,1.43
2013.09.19 09:04:08.445,1.08681,1.08696,1.13,1.43
2013.09.19 09:04:09.045,1.08681,1.08697,2.93,1.69
2013.09.19 09:04:10.815,1.08681,1.08696,1.88,1.43
2013.09.19 09:04:11.175,1.08679,1.08694,2.63,1.43
2013.09.19 09:04:11.447,1.08679,1.08694,3.38,1.43
2013.09.19 09:04:11.868,1.08679,1.08696,6.34,1.43
2013.09.19 09:04:12.226,1.08689,1.08699,3.30,1.35
2013.09.19 09:04:12.287,1.08689,1.08701,1.50,1.54
2013.09.19 09:04:12.408,1.08687,1.08702,1.13,2.18
2013.09.19 09:04:12.466,1.08687,1.08702,1.13,2.18
2013.09.19 09:04:12.586,1.08687,1.08702,1.80,1.50
2013.09.19 09:04:13.244,1.08687,1.08702,1.13,2.85
2013.09.19 09:04:13.319,1.08687,1.08703,1.88,1.43
2013.09.19 09:04:13.688,1.08688,1.08704,3.57,2.10
2013.09.19 09:04:13.808,1.0869,1.08706,3.01,2.85
2013.09.19 09:04:13.929,1.0869,1.08707,5.11,1.80
2013.09.19 09:04:14.238,1.08693,1.0871,2.55,2.48
2013.09.19 09:04:14.598,1.08693,1.08708,1.50,1.35
2013.09.19 09:04:15.196,1.08693,1.08707,1.50,2.18
2013.09.19 09:04:18.809,1.08691,1.08707,1.50,2.93
2013.09.19 09:04:19.116,1.08689,1.08704,1.13,1.32
2013.09.19 09:04:19.296,1.08689,1.08704,1.13,1.32
2013.09.19 09:04:19.846,1.08688,1.08703,1.43,1.92
2013.09.19 09:04:20.428,1.08687,1.08703,1.13,2.37
2013.09.19 09:04:20.977,1.08687,1.08702,1.13,1.50
2013.09.19 09:04:21.217,1.08687,1.08703,1.88,2.37
2013.09.19 09:04:21.396,1.08687,1.08703,3.61,1.32
2013.09.19 09:04:21.517,1.08688,1.08703,2.86,1.69
2013.09.19 09:04:22.076,1.08688,1.08703,1.50,1.69
2013.09.19 09:04:22.135,1.08688,1.08703,1.50,1.69
2013.09.19 09:04:22.318,1.08683,1.08701,2.55,2.18
2013.09.19 09:04:22.495,1.08683,1.087,2.55,1.80
2013.09.19 09:04:22.556,1.08683,1.08699,2.55,2.59
2013.09.19 09:04:23.096,1.08683,1.08697,1.50,2.10
2013.09.19 09:04:24.119,1.08682,1.08696,1.50,1.43
2013.09.19 09:04:25.219,1.08681,1.08696,1.50,1.43
2013.09.19 09:04:25.526,1.08681,1.08696,1.50,1.80
2013.09.19 09:04:25.777,1.08679,1.08692,2.25,2.18
2013.09.19 09:04:25.895,1.08679,1.08691,1.88,1.35
2013.09.19 09:04:26.256,1.08679,1.08693,1.88,1.43
2013.09.19 09:04:26.376,1.08679,1.08693,1.88,1.43
2013.09.19 09:04:26.915,1.08679,1.08694,3.68,1.50
2013.09.19 09:04:27.336,1.08684,1.08697,2.63,2.10
2013.09.19 09:04:27.516,1.08684,1.08699,2.63,2.55
2013.09.19 09:04:27.577,1.08685,1.08699,2.26,1.43
2013.09.19 09:04:27.817,1.08687,1.08702,3.01,1.43
2013.09.19 09:04:29.767,1.08687,1.08702,3.01,1.43
2013.09.19 09:04:32.125,1.08687,1.08702,3.38,1.43
2013.09.19 09:04:34.868,1.08686,1.087,1.50,1.35
2013.09.19 09:04:35.106,1.08686,1.08699,2.25,1.35
2013.09.19 09:04:35.349,1.08686,1.08698,1.50,1.35
2013.09.19 09:04:35.883,1.08685,1.08698,2.07,1.43
2013.09.19 09:04:36.436,1.08685,1.08697,1.88,1.43
2013.09.19 09:04:36.655,1.08685,1.08695,1.13,1.43
2013.09.19 09:04:37.191,1.08684,1.08694,1.88,1.35
2013.09.19 09:04:37.406,1.08683,1.08694,1.50,1.35
2013.09.19 09:04:37.646,1.08682,1.08692,1.13,2.10
2013.09.19 09:04:38.186,1.08679,1.08692,1.13,2.03
2013.09.19 09:04:38.305,1.08679,1.0869,1.13,1.35
2013.09.19 09:04:38.995,1.08679,1.08691,1.13,1.43
2013.09.19 09:04:39.415,1.08679,1.08689,1.13,1.50
2013.09.19 09:04:39.656,1.08675,1.08687,1.35,1.43
2013.09.19 09:04:39.776,1.08675,1.08686,1.35,1.35
2013.09.19 09:04:39.836,1.08671,1.08685,1.13,2.03
2013.09.19 09:04:39.956,1.08671,1.08683,1.13,1.35
2013.09.19 09:04:40.256,1.08668,1.08685,1.88,1.05
2013.09.19 09:04:40.816,1.08668,1.08685,1.88,1.43
2013.09.19 09:04:40.876,1.08668,1.08685,1.88,1.43
2013.09.19 09:04:41.777,1.08668,1.08685,1.88,1.43
2013.09.19 09:04:42.205,1.08668,1.08685,1.88,1.43
2013.09.19 09:04:43.047,1.08668,1.08686,4.96,2.74
2013.09.19 09:04:43.537,1.08668,1.08686,4.96,2.74
2013.09.19 09:04:44.075,1.08668,1.08683,1.50,1.80
2013.09.19 09:04:44.256,1.08668,1.08683,2.86,1.13
2013.09.19 09:04:44.565,1.08668,1.08683,2.86,1.13
2013.09.19 09:04:45.576,1.08668,1.08683,2.85,1.13
2013.09.19 09:04:46.509,1.08668,1.08684,3.91,1.50
2013.09.19 09:04:46.579,1.08669,1.08685,2.78,1.43
2013.09.19 09:04:47.095,1.08671,1.08686,2.78,1.43
2013.09.19 09:04:47.174,1.08676,1.08691,3.23,1.50
2013.09.19 09:04:48.276,1.08676,1.08689,3.23,1.50
2013.09.19 09:04:50.394,1.08678,1.08693,3.38,1.43
2013.09.19 09:04:50.836,1.08678,1.08695,4.06,1.43
2013.09.19 09:04:50.897,1.08679,1.08696,3.91,2.37
2013.09.19 09:04:50.957,1.0868,1.08696,3.45,1.50
2013.09.19 09:04:51.015,1.0868,1.08696,2.86,2.18
2013.09.19 09:04:51.256,1.0868,1.08696,1.43,2.55
2013.09.19 09:04:51.319,1.0868,1.08696,2.18,2.55
2013.09.19 09:04:51.446,1.0868,1.08696,2.78,1.50
2013.09.19 09:04:51.626,1.0868,1.08696,1.43,2.55
2013.09.19 09:04:51.685,1.0868,1.08696,2.18,2.18
2013.09.19 09:04:52.048,1.08682,1.08697,3.46,1.13
2013.09.19 09:04:52.225,1.0868,1.08697,2.18,2.55
2013.09.19 09:04:52.405,1.0868,1.08696,1.43,1.88
2013.09.19 09:04:52.706,1.08677,1.08688,1.13,1.50
2013.09.19 09:04:53.065,1.08672,1.08685,2.25,1.35
2013.09.19 09:04:53.197,1.08671,1.08686,1.50,1.43
2013.09.19 09:04:54.267,1.08671,1.08686,1.13,2.18
2013.09.19 09:04:54.352,1.08671,1.08685,1.13,1.50
2013.09.19 09:04:54.476,1.0867,1.08684,1.43,1.13
2013.09.19 09:04:54.538,1.08667,1.08682,2.18,1.50
2013.09.19 09:04:54.657,1.08663,1.08678,1.13,1.80
2013.09.19 09:04:54.836,1.08663,1.08679,2.18,1.80
2013.09.19 09:04:55.617,1.08662,1.08678,1.13,2.55
2013.09.19 09:04:56.496,1.08662,1.08678,1.13,1.50
2013.09.19 09:04:57.036,1.08664,1.0868,2.18,1.43
2013.09.19 09:04:57.518,1.08663,1.08677,1.13,2.25
2013.09.19 09:04:59.307,1.08663,1.08678,2.86,1.50
2013.09.19 09:04:59.366,1.08663,1.08678,2.86,1.50
2013.09.19 09:04:59.485,1.08663,1.08678,3.60,1.50
2013.09.19 09:05:01.405,1.08665,1.08678,3.53,1.50
2013.09.19 09:05:01.465,1.08665,1.08679,3.53,1.50
2013.09.19 09:05:02.016,1.08667,1.08681,2.48,2.25
2013.09.19 09:05:02.376,1.08667,1.08682,3.83,1.13
2013.09.19 09:05:02.735,1.08667,1.08682,4.50,1.13
2013.09.19 09:05:02.795,1.08667,1.08682,4.51,1.13
2013.09.19 09:05:05.785,1.08667,1.08682,2.48,1.88
2013.09.19 09:05:06.026,1.08667,1.08682,1.43,4.35
2013.09.19 09:05:06.618,1.08665,1.0868,1.50,2.48
2013.09.19 09:05:07.155,1.08665,1.0868,1.50,2.93
2013.09.19 09:05:07.215,1.08663,1.08679,2.18,1.13
2013.09.19 09:05:07.276,1.08663,1.08679,2.18,1.13
2013.09.19 09:05:07.817,1.08662,1.08677,1.13,1.43
2013.09.19 09:05:08.366,1.08662,1.08677,1.13,2.18
2013.09.19 09:05:08.606,1.08662,1.08677,1.13,2.93
2013.09.19 09:05:14.496,1.08662,1.08677,1.13,2.93
2013.09.19 09:05:14.617,1.08662,1.08677,3.75,2.18
2013.09.19 09:05:14.677,1.08663,1.08679,3.83,1.50
2013.09.19 09:05:14.737,1.08663,1.08681,4.77,1.43
2013.09.19 09:05:15.095,1.08668,1.08686,7.09,1.43
2013.09.19 09:05:15.155,1.08668,1.08687,6.72,2.48
2013.09.19 09:05:15.277,1.08671,1.08689,5.00,1.73
2013.09.19 09:05:15.515,1.08673,1.08689,3.57,1.35
2013.09.19 09:05:15.816,1.08675,1.08692,2.56,2.93
2013.09.19 09:05:15.995,1.08675,1.08692,2.56,2.18
2013.09.19 09:05:16.356,1.08678,1.08693,4.58,1.50
2013.09.19 09:05:16.418,1.08678,1.08692,3.83,1.50
2013.09.19 09:05:16.597,1.08674,1.08688,1.35,1.13
2013.09.19 09:05:16.657,1.08672,1.08687,1.50,1.50
2013.09.19 09:05:17.016,1.08672,1.0869,3.23,3.12
2013.09.19 09:05:17.256,1.08672,1.08689,3.23,1.13
2013.09.19 09:05:18.136,1.08672,1.08689,2.18,1.50
2013.09.19 09:05:18.498,1.08667,1.08682,1.69,2.10
2013.09.19 09:05:19.067,1.08667,1.08681,1.69,1.43
2013.09.19 09:05:19.396,1.08667,1.08683,1.50,2.93
2013.09.19 09:05:20.186,1.08665,1.08683,3.49,2.55
2013.09.19 09:05:20.425,1.08667,1.08683,4.73,1.50
2013.09.19 09:05:21.645,1.08667,1.08683,5.30,1.13
2013.09.19 09:05:22.126,1.08669,1.08683,1.50,1.13
2013.09.19 09:05:23.085,1.08669,1.08689,6.42,1.05
2013.09.19 09:05:23.146,1.0867,1.0869,5.75,1.43
2013.09.19 09:05:23.754,1.08675,1.08693,4.73,2.18
2013.09.19 09:05:23.937,1.08675,1.08689,1.43,1.13
2013.09.19 09:05:24.116,1.08673,1.08688,1.50,1.35
2013.09.19 09:05:24.175,1.08672,1.08687,1.50,1.43
2013.09.19 09:05:25.256,1.08672,1.08688,4.24,2.85
2013.09.19 09:05:25.316,1.08674,1.08688,7.13,1.50
2013.09.19 09:05:25.556,1.08677,1.08693,4.17,1.13
2013.09.19 09:05:25.735,1.08678,1.08696,3.98,2.18
2013.09.19 09:05:25.915,1.08678,1.08694,1.43,1.50
2013.09.19 09:05:26.276,1.08677,1.08692,2.82,2.93
2013.09.19 09:05:27.375,1.08675,1.08692,1.62,2.55
2013.09.19 09:05:27.856,1.08675,1.08692,1.43,3.68
2013.09.19 09:05:27.920,1.08675,1.0869,1.50,1.43
2013.09.19 09:05:30.128,1.08675,1.08689,1.43,1.50
2013.09.19 09:05:30.817,1.08675,1.08691,1.43,2.18
2013.09.19 09:05:30.937,1.08675,1.08692,1.43,1.88
2013.09.19 09:05:31.295,1.08679,1.08695,3.57,2.85
2013.09.19 09:05:31.596,1.08678,1.08689,1.43,1.13
2013.09.19 09:05:32.017,1.08673,1.08689,2.18,1.13
2013.09.19 09:05:32.137,1.08674,1.0869,3.98,1.50
2013.09.19 09:05:32.557,1.08674,1.08692,4.17,2.55
2013.09.19 09:05:34.205,1.08675,1.08692,2.75,1.43
2013.09.19 09:05:34.995,1.08674,1.0869,3.57,1.43
2013.09.19 09:05:36.965,1.08674,1.0869,2.82,1.43
2013.09.19 09:05:41.963,1.08674,1.08687,2.63,1.50
2013.09.19 09:05:42.149,1.08674,1.08686,1.50,1.50
2013.09.19 09:05:42.276,1.08668,1.08683,4.05,1.50
2013.09.19 09:05:42.869,1.08668,1.08682,3.38,1.43
2013.09.19 09:05:43.478,1.08668,1.08681,3.38,1.35
2013.09.19 09:05:44.418,1.08668,1.0868,3.38,1.43
2013.09.19 09:05:46.287,1.08668,1.0868,3.38,1.43
2013.09.19 09:05:46.619,1.08668,1.0868,3.38,1.43
2013.09.19 09:06:00.611,1.08664,1.0868,1.62,1.80
2013.09.19 09:06:00.798,1.08663,1.08677,3.04,1.13
2013.09.19 09:06:01.036,1.08661,1.08677,1.43,2.25
2013.09.19 09:06:01.536,1.08661,1.08676,1.43,1.50
2013.09.19 09:06:01.895,1.08659,1.08675,4.17,1.43
2013.09.19 09:06:02.444,1.08659,1.08675,3.49,1.43
2013.09.19 09:06:02.815,1.08659,1.08675,3.49,1.43
2013.09.19 09:06:03.636,1.08659,1.08676,3.50,1.43
2013.09.19 09:06:04.388,1.08659,1.08677,5.22,2.93
2013.09.19 09:06:04.507,1.08662,1.08677,4.05,2.25
2013.09.19 09:06:04.567,1.08665,1.08677,2.63,1.50
2013.09.19 09:06:04.746,1.08665,1.08678,1.13,1.50
2013.09.19 09:06:05.206,1.08665,1.0868,1.13,1.43
2013.09.19 09:06:06.017,1.08665,1.0868,1.13,1.43
2013.09.19 09:06:06.276,1.08663,1.08677,1.62,1.50
2013.09.19 09:06:06.395,1.08663,1.08677,1.62,1.50
2013.09.19 09:06:07.166,1.08662,1.08677,1.69,1.88
2013.09.19 09:06:07.495,1.08662,1.08676,1.69,1.43
2013.09.19 09:06:08.806,1.08659,1.08673,3.87,1.50
2013.09.19 09:06:08.986,1.08656,1.0867,3.30,1.43
2013.09.19 09:06:09.167,1.08654,1.0867,1.05,1.43
2013.09.19 09:06:09.686,1.08653,1.08668,1.62,1.43
2013.09.19 09:06:10.525,1.08651,1.08667,1.24,1.50
2013.09.19 09:06:10.585,1.08651,1.08667,1.24,1.50
2013.09.19 09:06:11.125,1.08649,1.08666,1.24,1.80
2013.09.19 09:06:11.666,1.08649,1.08665,3.34,1.50
2013.09.19 09:06:13.937,1.08649,1.08665,4.02,1.50
2013.09.19 09:06:14.355,1.0865,1.08665,3.60,1.50
2013.09.19 09:06:14.536,1.08651,1.08665,3.65,1.50
2013.09.19 09:06:14.596,1.08651,1.08665,3.83,1.50
2013.09.19 09:06:14.715,1.08651,1.08665,1.05,1.50
2013.09.19 09:06:15.447,1.08649,1.08665,2.29,1.50
2013.09.19 09:06:17.546,1.08648,1.08665,4.54,2.18
2013.09.19 09:06:17.926,1.08648,1.08664,3.87,1.50
2013.09.19 09:06:18.256,1.08648,1.08664,4.55,1.50
2013.09.19 09:06:18.316,1.08651,1.08664,4.28,1.50
2013.09.19 09:06:18.437,1.08652,1.08666,2.70,1.50
2013.09.19 09:06:18.496,1.08652,1.08666,1.35,1.50
2013.09.19 09:06:19.038,1.08651,1.08666,1.50,2.55
2013.09.19 09:06:19.721,1.0865,1.08665,1.05,1.50
2013.09.19 09:06:20.706,1.0865,1.08664,1.05,1.50
2013.09.19 09:06:21.245,1.08648,1.08664,4.62,1.50
2013.09.19 09:06:21.710,1.08649,1.08664,3.20,1.50
2013.09.19 09:06:21.836,1.08651,1.08665,3.12,1.50
2013.09.19 09:06:22.366,1.08651,1.08665,2.63,1.50
2013.09.19 09:06:29.290,1.08651,1.08667,1.50,2.18
2013.09.19 09:06:29.359,1.08651,1.08665,1.50,2.18
2013.09.19 09:06:29.716,1.08654,1.08672,5.22,2.78
2013.09.19 09:06:29.776,1.08656,1.08673,3.68,2.18
2013.09.19 09:06:29.837,1.08657,1.08674,3.00,3.15
2013.09.19 09:06:30.196,1.08657,1.08669,1.13,1.43
2013.09.19 09:06:30.255,1.08656,1.08669,1.88,1.43
2013.09.19 09:06:30.376,1.08653,1.08668,1.69,1.13
2013.09.19 09:06:30.557,1.08653,1.08666,1.13,1.43
2013.09.19 09:06:31.108,1.08653,1.08664,1.50,1.50
2013.09.19 09:06:31.796,1.08653,1.08664,2.18,1.50
2013.09.19 09:06:32.087,1.08653,1.08665,2.18,1.50
2013.09.19 09:06:32.208,1.08653,1.08667,3.68,1.50
2013.09.19 09:06:32.266,1.08653,1.08667,3.68,1.50
2013.09.19 09:06:32.896,1.08655,1.08672,3.68,2.93
2013.09.19 09:06:33.296,1.08655,1.08669,2.93,1.50
2013.09.19 09:06:34.977,1.08654,1.08667,1.35,1.88
2013.09.19 09:06:35.036,1.08654,1.08667,1.35,1.88
2013.09.19 09:06:35.216,1.08648,1.08662,2.85,1.13
2013.09.19 09:06:35.336,1.08646,1.08662,1.35,2.07
2013.09.19 09:06:35.575,1.08645,1.08662,2.40,2.74
2013.09.19 09:06:35.635,1.08644,1.08661,2.93,1.43
2013.09.19 09:06:40.237,1.08645,1.0866,2.18,1.50
2013.09.19 09:06:40.307,1.08648,1.08663,3.01,3.45
2013.09.19 09:06:40.486,1.08651,1.08665,3.75,1.50
2013.09.19 09:06:40.727,1.08652,1.0867,5.03,2.10
2013.09.19 09:06:41.229,1.08652,1.08666,1.13,1.50
2013.09.19 09:06:41.646,1.08652,1.08663,1.13,1.50
2013.09.19 09:06:42.166,1.08649,1.08664,1.05,1.88
2013.09.19 09:06:45.896,1.08649,1.08664,3.08,1.88
2013.09.19 09:06:45.955,1.08649,1.08664,3.08,1.88
2013.09.19 09:06:46.136,1.08648,1.08662,1.43,1.13
2013.09.19 09:06:46.258,1.08645,1.08661,1.05,1.43
2013.09.19 09:06:46.736,1.08644,1.0866,2.25,1.43
2013.09.19 09:06:47.047,1.08644,1.0866,3.01,1.43
2013.09.19 09:06:47.785,1.08644,1.08658,3.01,1.50
2013.09.19 09:06:48.276,1.08644,1.0866,2.25,2.18
2013.09.19 09:06:49.037,1.08644,1.08661,3.60,2.18
2013.09.19 09:06:49.558,1.08644,1.08661,3.60,2.18
2013.09.19 09:06:49.746,1.08644,1.08661,4.36,2.18
2013.09.19 09:06:50.361,1.08644,1.0866,2.25,1.43
2013.09.19 09:06:51.304,1.08644,1.0866,2.25,1.43
2013.09.19 09:06:53.816,1.08644,1.08661,4.36,2.18
2013.09.19 09:06:55.368,1.08645,1.08661,3.16,2.18
2013.09.19 09:06:55.546,1.08649,1.08661,3.68,1.43
2013.09.19 09:06:55.727,1.08652,1.08667,3.68,1.62
2013.09.19 09:06:55.907,1.08654,1.08671,2.55,1.43
2013.09.19 09:06:56.358,1.08654,1.08668,2.55,1.13
2013.09.19 09:06:56.418,1.08654,1.08668,1.05,1.13
2013.09.19 09:06:56.938,1.08652,1.08667,1.24,1.50
2013.09.19 09:06:58.366,1.08652,1.08667,1.13,1.88
2013.09.19 09:06:58.856,1.08651,1.08665,1.80,1.13
2013.09.19 09:06:59.699,1.08651,1.08665,1.80,1.88
2013.09.19 09:07:00.018,1.08651,1.08665,3.83,1.88
2013.09.19 09:07:04.027,1.0865,1.08665,1.05,1.88
2013.09.19 09:07:07.355,1.0865,1.08665,1.05,1.88
2013.09.19 09:07:07.686,1.0865,1.08662,1.05,1.88
2013.09.19 09:07:07.807,1.08647,1.08662,2.48,1.88
2013.09.19 09:07:07.868,1.08647,1.08662,3.23,1.88
2013.09.19 09:07:08.496,1.08646,1.08661,1.43,1.50
2013.09.19 09:07:09.045,1.08645,1.08661,1.80,1.43
2013.09.19 09:07:09.525,1.08645,1.08661,1.80,2.18
2013.09.19 09:07:10.788,1.08645,1.08661,1.80,2.18
2013.09.19 09:07:11.145,1.08645,1.08659,2.63,1.43
2013.09.19 09:07:11.725,1.08645,1.08661,1.13,2.18
2013.09.19 09:07:11.786,1.08645,1.08661,1.13,2.18
2013.09.19 09:07:11.966,1.08648,1.08664,1.50,1.35
2013.09.19 09:07:12.086,1.0865,1.08667,4.43,1.43
2013.09.19 09:07:12.566,1.08652,1.08668,4.43,1.43
2013.09.19 09:07:13.219,1.08652,1.08668,4.43,1.43
2013.09.19 09:07:13.637,1.08652,1.08667,4.43,1.50
2013.09.19 09:07:15.724,1.08652,1.08667,3.00,2.18
2013.09.19 09:07:17.326,1.08651,1.08665,1.13,1.80
2013.09.19 09:07:17.625,1.08649,1.08662,1.13,1.43
2013.09.19 09:07:17.925,1.08648,1.08664,1.88,2.18
2013.09.19 09:07:18.575,1.08648,1.08664,1.88,1.43
2013.09.19 09:07:19.366,1.08648,1.08662,3.76,1.50
2013.09.19 09:07:19.677,1.08647,1.08662,1.50,2.55
2013.09.19 09:07:19.736,1.08647,1.08662,1.50,4.09
2013.09.19 09:07:20.706,1.08645,1.0866,1.88,1.43
2013.09.19 09:07:24.846,1.08645,1.08661,1.13,2.18
2013.09.19 09:07:24.966,1.08647,1.08661,2.63,2.18
2013.09.19 09:07:25.149,1.08647,1.08661,2.63,1.43
2013.09.19 09:07:25.326,1.08647,1.08663,4.73,1.50
2013.09.19 09:07:25.838,1.08647,1.08664,4.73,1.80
2013.09.19 09:07:25.968,1.08647,1.08664,4.73,1.80
2013.09.19 09:07:26.027,1.08647,1.08662,4.73,1.13
2013.09.19 09:07:26.149,1.08647,1.08662,3.23,1.13
2013.09.19 09:07:26.655,1.08647,1.08662,3.31,1.13
2013.09.19 09:07:27.937,1.08648,1.08662,3.23,1.13
2013.09.19 09:07:28.014,1.08649,1.08664,2.56,1.13
2013.09.19 09:07:28.707,1.08649,1.08663,2.56,1.13
2013.09.19 09:07:29.067,1.08649,1.08664,1.13,1.05
2013.09.19 09:07:29.606,1.0865,1.08666,2.56,2.37
2013.09.19 09:07:30.145,1.0865,1.08667,4.05,2.74
2013.09.19 09:07:33.036,1.0865,1.08666,4.13,2.85
2013.09.19 09:07:33.576,1.08652,1.08667,2.56,2.07
2013.09.19 09:07:39.286,1.08652,1.08667,1.80,1.13
2013.09.19 09:07:39.346,1.08652,1.08667,1.80,1.13
2013.09.19 09:07:39.406,1.08652,1.08667,1.43,1.13
2013.09.19 09:07:39.465,1.08651,1.08667,3.68,1.80
2013.09.19 09:07:45.087,1.08651,1.08668,4.73,2.63
2013.09.19 09:07:45.146,1.08651,1.08668,4.73,2.63
2013.09.19 09:07:45.445,1.0865,1.08666,4.43,2.25
2013.09.19 09:07:45.626,1.0865,1.08666,4.43,1.50
2013.09.19 09:07:45.745,1.0865,1.08666,6.46,1.50
2013.09.19 09:07:46.485,1.08652,1.08668,3.68,2.18
2013.09.19 09:07:46.606,1.08653,1.08669,4.06,1.50
2013.09.19 09:07:47.146,1.08653,1.0867,3.60,2.18
2013.09.19 09:07:47.329,1.08653,1.0867,2.26,2.10
2013.09.19 09:07:47.992,1.08653,1.0867,2.25,2.10
2013.09.19 09:07:48.709,1.08653,1.08669,2.25,1.43
2013.09.19 09:07:49.156,1.08653,1.0867,2.55,2.10
2013.09.19 09:07:49.556,1.08654,1.0867,3.01,1.43
2013.09.19 09:07:49.915,1.08658,1.08676,4.54,1.35
2013.09.19 09:07:53.758,1.08659,1.08675,2.56,2.67
2013.09.19 09:07:53.819,1.08658,1.08673,1.50,1.13
2013.09.19 09:07:53.997,1.08657,1.08671,1.13,1.05
2013.09.19 09:07:54.176,1.08654,1.0867,1.43,1.80
2013.09.19 09:07:54.295,1.08652,1.08669,1.24,2.18
2013.09.19 09:07:55.326,1.08652,1.08669,1.99,2.93
2013.09.19 09:07:56.450,1.08652,1.08669,1.50,2.55
2013.09.19 09:07:58.035,1.08652,1.08667,1.50,1.13
2013.09.19 09:07:58.216,1.08652,1.08668,1.43,1.80
2013.09.19 09:07:58.575,1.08652,1.08669,2.93,1.80
2013.09.19 09:07:59.126,1.08652,1.08669,4.95,1.13
2013.09.19 09:07:59.246,1.08652,1.08669,4.39,1.88
2013.09.19 09:08:00.465,1.08653,1.08669,4.21,1.88
2013.09.19 09:08:00.766,1.08655,1.08669,3.45,1.13
2013.09.19 09:08:01.068,1.08655,1.08669,1.43,1.13
2013.09.19 09:08:01.245,1.08655,1.08671,1.43,2.18
2013.09.19 09:08:01.306,1.08655,1.08672,3.46,1.88
2013.09.19 09:08:01.486,1.08654,1.0867,2.63,1.43
2013.09.19 09:08:01.726,1.08653,1.08669,2.18,1.13
2013.09.19 09:08:02.088,1.08657,1.08672,5.33,1.50
2013.09.19 09:08:02.446,1.0866,1.08674,2.70,1.13
2013.09.19 09:08:02.507,1.08659,1.08674,1.35,1.13
2013.09.19 09:08:02.865,1.08659,1.08675,2.70,1.13
2013.09.19 09:08:02.986,1.0866,1.08675,3.38,1.13
2013.09.19 09:08:03.519,1.0866,1.08675,1.35,1.13
2013.09.19 09:08:06.626,1.08658,1.08673,2.29,1.13
2013.09.19 09:08:07.165,1.08658,1.08673,1.62,1.13
2013.09.19 09:08:08.108,1.08658,1.08673,1.62,1.13
2013.09.19 09:08:09.366,1.08658,1.08674,3.49,1.88
2013.09.19 09:08:09.726,1.08661,1.08678,4.06,1.80
2013.09.19 09:08:09.786,1.08663,1.08678,3.50,1.13
2013.09.19 09:08:10.450,1.08663,1.08677,2.18,1.13
2013.09.19 09:08:11.446,1.08663,1.08677,2.18,1.58
2013.09.19 09:08:11.506,1.08662,1.08677,2.85,1.50
2013.09.19 09:08:11.686,1.08661,1.08676,1.43,1.13
2013.09.19 09:08:12.096,1.08661,1.08676,3.60,1.13
2013.09.19 09:08:12.398,1.08661,1.08679,3.23,1.43
2013.09.19 09:08:12.817,1.08662,1.08678,4.43,2.25
2013.09.19 09:08:14.156,1.08662,1.08679,2.93,2.18
2013.09.19 09:08:14.216,1.08662,1.08679,2.93,2.18
2013.09.19 09:08:14.336,1.08663,1.0868,3.98,2.48
2013.09.19 09:08:14.617,1.08663,1.0868,5.40,1.80
2013.09.19 09:08:15.156,1.08666,1.08682,2.56,2.18
2013.09.19 09:08:15.596,1.08666,1.08682,1.13,1.43
2013.09.19 09:08:15.898,1.08666,1.0868,2.48,1.50
2013.09.19 09:08:16.411,1.08667,1.08681,2.48,1.50
2013.09.19 09:08:16.877,1.08667,1.08681,3.98,1.50
2013.09.19 09:08:17.117,1.08671,1.08683,4.28,1.50
2013.09.19 09:08:17.176,1.08671,1.08687,4.47,1.50
2013.09.19 09:08:17.358,1.08674,1.08692,5.03,2.74
2013.09.19 09:08:17.546,1.08676,1.08692,4.88,1.50
2013.09.19 09:08:18.056,1.08676,1.08693,3.68,2.18
2013.09.19 09:08:18.608,1.08676,1.08693,3.68,1.43
2013.09.19 09:08:20.546,1.08677,1.08694,2.85,1.43
2013.09.19 09:08:21.940,1.08677,1.08693,3.60,1.50
2013.09.19 09:08:22.258,1.08682,1.08696,4.58,1.50
2013.09.19 09:08:22.317,1.08682,1.08697,4.58,1.50
2013.09.19 09:08:22.439,1.08682,1.08698,4.43,1.73
2013.09.19 09:08:22.681,1.08683,1.08698,3.23,1.05
2013.09.19 09:08:22.986,1.08682,1.08695,2.93,1.13
2013.09.19 09:08:23.108,1.0868,1.08696,2.55,1.80
2013.09.19 09:08:23.467,1.0868,1.08695,2.18,1.13
2013.09.19 09:08:23.765,1.08679,1.08694,2.25,1.50
2013.09.19 09:08:24.637,1.08679,1.08693,1.50,1.50
2013.09.19 09:08:25.756,1.08679,1.08695,5.11,1.50
2013.09.19 09:08:26.946,1.0868,1.08697,3.68,2.18
2013.09.19 09:08:27.126,1.0868,1.08697,3.68,2.18
2013.09.19 09:08:27.186,1.08681,1.08697,3.76,1.43
2013.09.19 09:08:27.306,1.08682,1.08697,4.95,2.25
2013.09.19 09:08:27.904,1.08682,1.08697,2.25,1.50
2013.09.19 09:08:27.966,1.08682,1.08697,2.25,1.50
2013.09.19 09:08:28.387,1.08681,1.08694,1.13,2.18
2013.09.19 09:08:28.988,1.0868,1.08694,3.00,2.18
2013.09.19 09:08:29.796,1.0868,1.08694,1.13,2.18
2013.09.19 09:08:30.886,1.0868,1.08694,1.13,2.93
2013.09.19 09:08:32.855,1.08679,1.08694,1.13,2.93
2013.09.19 09:08:33.550,1.08679,1.08694,1.80,2.25
2013.09.19 09:08:34.397,1.08677,1.0869,2.63,1.13
2013.09.19 09:08:34.521,1.08674,1.08687,2.10,1.13
2013.09.19 09:08:34.648,1.08672,1.08687,2.10,1.88
2013.09.19 09:08:34.768,1.08671,1.08685,1.13,1.43
2013.09.19 09:08:34.949,1.08672,1.08687,2.48,1.50
2013.09.19 09:08:35.189,1.08675,1.0869,3.08,2.44
2013.09.19 09:08:35.496,1.08676,1.08692,3.68,3.87
2013.09.19 09:08:36.607,1.08676,1.08691,1.80,1.62
2013.09.19 09:08:36.667,1.08676,1.08688,1.43,1.13
2013.09.19 09:08:36.848,1.08672,1.08685,1.88,1.69
2013.09.19 09:08:37.497,1.08672,1.08685,1.95,1.69
2013.09.19 09:08:37.616,1.08672,1.08687,1.95,1.69
2013.09.19 09:08:37.977,1.08673,1.0869,4.13,2.44
2013.09.19 09:08:38.519,1.08673,1.0869,4.35,1.69
2013.09.19 09:08:38.641,1.08675,1.08691,5.03,1.69
2013.09.19 09:08:38.708,1.08676,1.08691,2.85,1.69
2013.09.19 09:08:39.016,1.08679,1.08696,5.33,1.13
2013.09.19 09:08:39.076,1.08679,1.08697,5.33,2.55
2013.09.19 09:08:39.256,1.08683,1.08696,2.48,1.13
2013.09.19 09:08:39.537,1.08683,1.08697,2.48,1.13
2013.09.19 09:08:40.037,1.08683,1.08696,1.43,1.13
2013.09.19 09:08:40.097,1.08683,1.08696,1.43,1.88
2013.09.19 09:08:41.967,1.08682,1.08696,1.13,1.88
2013.09.19 09:08:42.777,1.08679,1.0869,2.93,1.13
2013.09.19 09:08:42.896,1.08676,1.08687,1.88,1.13
2013.09.19 09:08:42.956,1.08676,1.08687,1.50,1.13
2013.09.19 09:08:43.137,1.08674,1.08687,1.13,1.88
2013.09.19 09:08:43.256,1.08671,1.08687,1.13,2.55
2013.09.19 09:08:43.376,1.08671,1.08687,1.13,2.37
2013.09.19 09:08:46.130,1.08671,1.08682,1.43,1.13
2013.09.19 09:08:46.197,1.0867,1.08677,1.05,1.13
2013.09.19 09:08:46.318,1.08665,1.08677,2.85,1.13
2013.09.19 09:08:46.437,1.08663,1.08677,1.13,1.13
2013.09.19 09:08:46.556,1.08663,1.08678,1.05,1.69
2013.09.19 09:08:46.917,1.0867,1.08686,4.06,1.99
2013.09.19 09:08:47.158,1.08673,1.08687,2.48,1.50
2013.09.19 09:08:47.611,1.08673,1.08687,1.80,1.50
2013.09.19 09:08:48.152,1.08673,1.08687,2.18,1.50
2013.09.19 09:08:51.539,1.08673,1.08687,2.55,1.13
2013.09.19 09:08:51.668,1.08673,1.08687,2.56,1.13
2013.09.19 09:08:51.910,1.08673,1.08687,2.86,1.13
2013.09.19 09:08:51.977,1.08673,1.08687,2.86,1.13
2013.09.19 09:08:53.407,1.08673,1.0869,3.98,1.32
2013.09.19 09:08:53.920,1.08675,1.0869,2.48,1.32
2013.09.19 09:08:57.957,1.08675,1.08689,1.13,1.88
2013.09.19 09:08:58.137,1.08673,1.08688,1.50,1.80
2013.09.19 09:08:58.378,1.08672,1.08687,1.13,2.82
2013.09.19 09:08:58.439,1.0867,1.08687,2.85,3.87
2013.09.19 09:08:58.497,1.0867,1.08685,1.43,1.13
2013.09.19 09:08:59.103,1.08668,1.08683,1.88,1.43
2013.09.19 09:08:59.606,1.08668,1.08683,1.13,2.18
2013.09.19 09:09:00.746,1.08668,1.08683,3.98,1.13
2013.09.19 09:09:01.106,1.08673,1.08683,3.83,1.13
2013.09.19 09:09:01.286,1.08673,1.08689,3.23,1.32
2013.09.19 09:09:01.679,1.08673,1.08687,1.43,1.50
2013.09.19 09:09:01.797,1.08673,1.08687,2.48,1.50
2013.09.19 09:09:01.857,1.08674,1.0869,3.83,1.69
2013.09.19 09:09:01.977,1.08674,1.0869,4.58,1.69
2013.09.19 09:09:02.856,1.08673,1.08687,3.23,1.13
2013.09.19 09:09:03.157,1.08665,1.08677,2.03,2.25
2013.09.19 09:09:03.216,1.08662,1.08677,1.35,2.25
2013.09.19 09:09:03.276,1.08659,1.08676,2.55,1.43
2013.09.19 09:09:03.397,1.08659,1.08676,4.58,1.13
2013.09.19 09:09:03.936,1.08659,1.08677,4.20,2.18
2013.09.19 09:09:04.496,1.08659,1.08677,3.83,1.50
2013.09.19 09:09:05.265,1.0866,1.08677,3.15,2.18
2013.09.19 09:09:05.448,1.08661,1.08677,2.48,1.50
2013.09.19 09:09:06.716,1.08661,1.08677,1.73,1.69
2013.09.19 09:09:06.935,1.08661,1.08677,1.73,1.69
2013.09.19 09:09:08.205,1.08661,1.08677,2.48,2.44
2013.09.19 09:09:10.186,1.08664,1.08677,3.30,1.69
2013.09.19 09:09:13.856,1.08664,1.08677,3.30,1.50
2013.09.19 09:09:15.788,1.08664,1.08681,3.98,1.32
2013.09.19 09:09:19.020,1.08667,1.08683,2.56,1.69
2013.09.19 09:09:19.148,1.08667,1.08682,2.56,1.69
2013.09.19 09:09:19.567,1.08667,1.08682,1.13,1.69
2013.09.19 09:09:19.987,1.08668,1.08682,3.61,1.50
2013.09.19 09:09:20.046,1.08668,1.08682,3.61,1.50
2013.09.19 09:09:25.706,1.08669,1.08684,2.26,1.62
2013.09.19 09:09:27.956,1.08669,1.08684,1.13,1.43
2013.09.19 09:09:28.077,1.08669,1.08682,1.13,1.50
2013.09.19 09:09:28.257,1.08668,1.08681,1.13,1.43
2013.09.19 09:09:28.924,1.08665,1.0868,1.50,1.50
2013.09.19 09:09:36.337,1.08665,1.0868,1.13,1.50
2013.09.19 09:09:36.904,1.08665,1.0868,1.13,1.50
2013.09.19 09:09:38.217,1.08665,1.08677,1.13,1.50
2013.09.19 09:09:41.457,1.08666,1.08681,2.93,1.50
2013.09.19 09:09:41.519,1.08666,1.08681,3.61,1.50
2013.09.19 09:09:41.699,1.08666,1.0868,2.48,1.50
2013.09.19 09:09:46.676,1.08666,1.0868,2.48,1.50
2013.09.19 09:09:46.868,1.08666,1.08681,3.61,1.50
2013.09.19 09:09:46.989,1.08667,1.08682,5.33,1.69
2013.09.19 09:09:47.049,1.08667,1.08682,2.78,1.69
2013.09.19 09:09:47.229,1.08661,1.08676,2.55,2.44
2013.09.19 09:09:47.477,1.08663,1.08677,3.98,1.69
2013.09.19 09:09:47.718,1.08668,1.08682,3.08,1.50
2013.09.19 09:09:47.777,1.08668,1.08683,1.80,1.50
2013.09.19 09:09:47.897,1.08668,1.08683,1.80,1.50
2013.09.19 09:09:48.016,1.08668,1.08683,1.80,1.50
2013.09.19 09:09:48.076,1.08668,1.08683,1.80,1.50
2013.09.19 09:09:48.335,1.08668,1.08683,1.80,1.50
2013.09.19 09:09:48.456,1.08668,1.08683,1.13,1.50
2013.09.19 09:09:53.349,1.08668,1.08683,1.88,1.13
2013.09.19 09:09:53.468,1.08668,1.0868,1.50,1.13
2013.09.19 09:09:53.588,1.08667,1.0868,1.50,1.13
2013.09.19 09:09:56.066,1.08666,1.08679,1.43,1.50
2013.09.19 09:09:56.366,1.08665,1.0868,2.48,1.13
2013.09.19 09:09:56.546,1.08665,1.0868,1.13,1.13
2013.09.19 09:09:56.727,1.08665,1.08679,2.48,1.50
2013.09.19 09:09:57.027,1.0867,1.0868,2.70,1.13
2013.09.19 09:09:57.090,1.0867,1.08683,2.70,1.13
2013.09.19 09:09:57.148,1.08669,1.08684,3.90,1.50
2013.09.19 09:09:57.774,1.08669,1.08684,5.25,1.50
2013.09.19 09:09:58.286,1.08669,1.08685,4.58,1.50
2013.09.19 09:10:02.967,1.08669,1.08683,3.79,1.13
2013.09.19 09:10:03.788,1.08666,1.08681,1.62,1.13
2013.09.19 09:10:03.866,1.08666,1.0868,3.64,1.88
2013.09.19 09:10:04.226,1.08666,1.08678,1.43,1.13
2013.09.19 09:10:04.346,1.08663,1.08678,2.37,1.13
2013.09.19 09:10:04.647,1.08663,1.08678,3.42,1.13
2013.09.19 09:10:04.706,1.08664,1.08677,4.17,1.13
2013.09.19 09:10:04.886,1.0867,1.08683,2.40,1.88
2013.09.19 09:10:05.246,1.08672,1.08686,2.89,1.50
2013.09.19 09:10:05.627,1.08674,1.08688,2.70,1.50
2013.09.19 09:10:05.749,1.08674,1.08687,2.70,1.50
2013.09.19 09:10:07.126,1.08674,1.08687,3.46,1.50
2013.09.19 09:10:07.686,1.08674,1.08689,3.46,1.13
2013.09.19 09:10:10.929,1.08675,1.08689,2.86,1.13
2013.09.19 09:10:11.496,1.08675,1.08689,1.50,1.13
2013.09.19 09:10:12.618,1.08673,1.08687,2.37,1.13
2013.09.19 09:10:12.738,1.08671,1.08686,2.37,1.05
2013.09.19 09:10:12.859,1.0867,1.08686,1.50,1.73
2013.09.19 09:10:12.989,1.08668,1.08684,1.32,1.35
2013.09.19 09:10:13.626,1.08668,1.08684,2.74,1.35
2013.09.19 09:10:15.486,1.08668,1.08685,3.49,1.35
2013.09.19 09:10:15.546,1.08668,1.08686,4.17,1.05
2013.09.19 09:10:15.956,1.08668,1.08686,3.98,2.18
2013.09.19 09:10:16.316,1.08664,1.08681,1.62,1.05
2013.09.19 09:10:17.263,1.08664,1.0868,1.50,1.13
2013.09.19 09:10:18.756,1.08664,1.0868,3.12,1.13
2013.09.19 09:10:18.937,1.08664,1.0868,4.47,1.13
2013.09.19 09:10:20.306,1.08667,1.08682,3.79,1.13
2013.09.19 09:10:20.426,1.08669,1.08685,4.25,1.80
2013.09.19 09:10:20.486,1.0867,1.08687,5.97,1.50
2013.09.19 09:10:20.666,1.08672,1.08688,3.80,1.13
2013.09.19 09:10:20.726,1.08672,1.08689,4.62,1.13
2013.09.19 09:10:21.026,1.08672,1.08689,2.37,1.13
2013.09.19 09:10:21.276,1.08671,1.08686,1.88,1.35
2013.09.19 09:10:21.577,1.08671,1.08686,1.13,1.43
2013.09.19 09:10:21.757,1.08671,1.08686,1.50,1.05
2013.09.19 09:10:22.116,1.08671,1.08687,2.93,2.18
2013.09.19 09:10:22.618,1.08671,1.08688,4.58,1.13
2013.09.19 09:10:23.246,1.08672,1.08687,2.85,1.13
2013.09.19 09:10:23.547,1.08671,1.08686,1.50,1.05
2013.09.19 09:10:23.607,1.08671,1.08686,1.88,1.05
2013.09.19 09:10:23.850,1.08671,1.08689,6.53,2.29
2013.09.19 09:10:24.336,1.08671,1.08687,2.93,3.30
2013.09.19 09:10:24.877,1.0867,1.08686,2.55,1.50
2013.09.19 09:10:25.577,1.0867,1.08682,1.80,1.13
2013.09.19 09:10:26.228,1.08668,1.08682,1.43,1.13
2013.09.19 09:10:27.297,1.08668,1.08682,2.18,1.13
2013.09.19 09:10:27.857,1.08666,1.08682,1.43,1.50
2013.09.19 09:10:27.917,1.08665,1.08677,1.35,1.13
2013.09.19 09:10:28.096,1.08663,1.08677,1.50,1.13
2013.09.19 09:10:28.637,1.08663,1.0868,3.23,2.82
2013.09.19 09:10:29.151,1.08664,1.0868,3.53,1.88
2013.09.19 09:10:29.221,1.08664,1.08682,4.21,2.07
2013.09.19 09:10:31.486,1.08665,1.08682,4.58,2.07
2013.09.19 09:10:31.666,1.08668,1.08682,2.70,1.88
2013.09.19 09:10:45.317,1.08669,1.08682,3.16,1.13
2013.09.19 09:10:45.497,1.08671,1.08687,4.51,1.50
2013.09.19 09:10:45.618,1.08673,1.08689,3.83,1.50
2013.09.19 09:10:45.737,1.08674,1.08691,2.59,1.43
2013.09.19 09:10:45.796,1.08674,1.08692,5.07,2.18
2013.09.19 09:10:46.328,1.08674,1.08692,4.40,2.18
2013.09.19 09:10:47.406,1.08675,1.08692,3.23,2.18
2013.09.19 09:10:48.087,1.08675,1.08692,3.23,2.93
2013.09.19 09:10:54.626,1.08675,1.08692,1.43,3.30
2013.09.19 09:10:55.597,1.08675,1.08692,2.86,1.88
2013.09.19 09:10:56.149,1.08676,1.08692,3.45,1.50
2013.09.19 09:10:57.086,1.08677,1.08693,2.86,2.25
2013.09.19 09:10:57.626,1.08677,1.08694,4.35,1.88
2013.09.19 09:10:57.807,1.08677,1.08693,3.31,2.55
2013.09.19 09:10:58.611,1.08677,1.08693,3.30,1.88
2013.09.19 09:10:59.157,1.08677,1.08693,3.98,1.88
2013.09.19 09:10:59.676,1.08677,1.08692,2.63,2.10
2013.09.19 09:10:59.737,1.08677,1.0869,1.88,1.05
2013.09.19 09:10:59.917,1.08671,1.08684,1.80,1.13
2013.09.19 09:11:00.156,1.08668,1.08684,1.88,2.18
2013.09.19 09:11:05.786,1.08667,1.08683,2.55,1.13
2013.09.19 09:11:06.877,1.08667,1.08683,1.88,1.05
2013.09.19 09:11:06.937,1.08667,1.08684,3.68,2.37
2013.09.19 09:11:07.476,1.08667,1.08684,3.68,2.74
2013.09.19 09:11:08.042,1.08667,1.08684,3.68,2.74
2013.09.19 09:11:08.916,1.08667,1.08682,1.50,1.35
2013.09.19 09:11:09.276,1.08663,1.08678,1.69,1.13
2013.09.19 09:11:09.397,1.08661,1.08677,1.80,1.80
2013.09.19 09:11:09.637,1.08658,1.08673,2.74,1.88
2013.09.19 09:11:09.817,1.08658,1.08671,1.32,1.13
2013.09.19 09:11:10.481,1.08657,1.0867,1.43,1.13
2013.09.19 09:11:10.549,1.08654,1.0867,1.32,1.80
2013.09.19 09:11:11.469,1.08654,1.0867,1.13,1.43
2013.09.19 09:11:11.769,1.08654,1.08672,2.48,1.80
2013.09.19 09:11:12.336,1.08655,1.08672,2.55,1.80
2013.09.19 09:11:12.926,1.08657,1.08672,2.56,1.13
2013.09.19 09:11:12.987,1.08657,1.08672,2.85,1.13
2013.09.19 09:11:13.766,1.08657,1.08672,1.88,1.80
2013.09.19 09:11:14.199,1.08656,1.08671,1.50,1.43
2013.09.19 09:11:14.498,1.08656,1.08672,3.23,1.80
2013.09.19 09:11:14.678,1.08656,1.08672,3.23,1.13
2013.09.19 09:11:16.759,1.08658,1.08672,4.58,1.13
2013.09.19 09:11:17.260,1.08658,1.08672,1.88,1.13
2013.09.19 09:11:20.956,1.08656,1.08672,1.13,1.80
2013.09.19 09:11:21.318,1.08656,1.08671,1.13,1.35
2013.09.19 09:11:21.916,1.08656,1.08671,1.13,1.35
2013.09.19 09:11:22.457,1.08656,1.08671,1.13,1.35
2013.09.19 09:11:23.142,1.08657,1.08672,2.48,1.13
2013.09.19 09:11:23.213,1.08658,1.08672,3.98,1.13
2013.09.19 09:11:23.590,1.08658,1.08672,1.13,1.13
2013.09.19 09:11:23.660,1.08658,1.08672,2.56,1.13
2013.09.19 09:11:23.837,1.08658,1.08672,2.55,1.13
2013.09.19 09:11:24.197,1.08658,1.08672,1.13,1.13
2013.09.19 09:11:24.396,1.08658,1.08672,1.80,1.13
2013.09.19 09:11:25.908,1.08658,1.08672,1.13,1.80
2013.09.19 09:11:26.029,1.08658,1.08672,1.13,1.80
2013.09.19 09:11:26.088,1.08658,1.08672,1.88,1.05
2013.09.19 09:11:26.148,1.08658,1.08673,4.13,1.35
2013.09.19 09:11:26.268,1.08659,1.08675,2.18,1.35
2013.09.19 09:11:26.387,1.08659,1.08677,2.86,3.23
2013.09.19 09:11:26.927,1.08662,1.0868,3.05,1.80
2013.09.19 09:11:27.908,1.08663,1.0868,2.56,1.05
2013.09.19 09:11:28.157,1.08663,1.08679,2.56,1.50
2013.09.19 09:11:28.924,1.08663,1.08679,2.56,1.50
2013.09.19 09:11:29.778,1.08663,1.08679,2.56,1.50
2013.09.19 09:11:29.896,1.08663,1.0868,3.31,1.80
2013.09.19 09:11:32.057,1.08663,1.08679,2.63,2.10
2013.09.19 09:11:33.046,1.08663,1.0868,3.31,1.80
2013.09.19 09:11:33.740,1.08663,1.08679,2.56,1.50
2013.09.19 09:11:34.326,1.08663,1.08679,2.63,2.10
2013.09.19 09:11:34.960,1.08664,1.08681,3.01,2.10
2013.09.19 09:11:36.879,1.08667,1.08681,3.68,1.43
2013.09.19 09:11:36.997,1.08668,1.08685,2.26,2.10
2013.09.19 09:11:38.106,1.08668,1.08686,2.93,2.48
2013.09.19 09:11:38.406,1.08669,1.08688,4.40,2.18
2013.09.19 09:11:38.527,1.08671,1.08688,2.18,1.43
2013.09.19 09:11:39.076,1.08671,1.08689,3.53,3.23
2013.09.19 09:11:39.579,1.08672,1.08689,2.48,2.55
2013.09.19 09:11:40.536,1.08673,1.08689,3.31,2.55
2013.09.19 09:11:42.646,1.08674,1.08689,2.56,1.13
2013.09.19 09:11:42.886,1.08674,1.08689,1.13,1.05
2013.09.19 09:11:49.277,1.08674,1.08689,3.23,1.13
2013.09.19 09:11:49.827,1.08675,1.08689,3.16,1.13
2013.09.19 09:11:49.887,1.08675,1.08692,3.16,2.07
2013.09.19 09:11:50.389,1.08677,1.08692,2.48,1.88
2013.09.19 09:11:56.817,1.08677,1.08692,2.48,1.88
2013.09.19 09:11:57.068,1.08671,1.08687,2.18,1.88
2013.09.19 09:11:57.307,1.0867,1.08684,1.80,1.13
2013.09.19 09:11:57.367,1.0867,1.08686,1.13,2.55
2013.09.19 09:11:57.608,1.08668,1.08685,2.93,1.43
2013.09.19 09:11:57.667,1.08668,1.08685,2.18,2.18
2013.09.19 09:11:58.415,1.08668,1.08685,2.93,1.43
2013.09.19 09:11:58.656,1.08668,1.08685,2.18,2.85
2013.09.19 09:11:59.159,1.08667,1.08682,1.50,1.43
2013.09.19 09:11:59.516,1.08664,1.08677,1.50,2.10
2013.09.19 09:12:00.050,1.08661,1.08677,1.80,1.88
2013.09.19 09:12:01.216,1.08661,1.08677,2.55,1.88
2013.09.19 09:12:01.576,1.08661,1.08677,3.15,1.88
2013.09.19 09:12:01.696,1.08662,1.08678,3.68,1.62
2013.09.19 09:12:01.756,1.08663,1.08678,2.56,1.13
2013.09.19 09:12:01.997,1.08665,1.08682,4.88,2.18
2013.09.19 09:12:02.236,1.08667,1.08683,2.85,1.43
2013.09.19 09:12:02.536,1.08667,1.08685,4.28,1.43
2013.09.19 09:12:02.596,1.08668,1.08685,2.48,1.80
2013.09.19 09:12:02.717,1.08673,1.08689,2.18,1.62
2013.09.19 09:12:02.957,1.08676,1.08693,3.53,1.43
2013.09.19 09:12:03.137,1.08674,1.08689,1.13,1.43
2013.09.19 09:12:03.197,1.08674,1.08688,2.40,1.13
2013.09.19 09:12:03.318,1.08674,1.08688,1.05,1.13
2013.09.19 09:12:03.437,1.08674,1.08688,2.70,1.13
2013.09.19 09:12:03.556,1.08673,1.08688,2.48,1.13
2013.09.19 09:12:03.617,1.08673,1.08688,3.83,1.13
2013.09.19 09:12:03.977,1.08674,1.08692,3.65,1.50
2013.09.19 09:12:04.516,1.08674,1.08692,3.65,1.50
2013.09.19 09:12:04.876,1.08672,1.08685,2.37,1.88
2013.09.19 09:12:05.177,1.08668,1.08683,1.05,2.44
2013.09.19 09:12:05.716,1.08667,1.08682,1.43,1.50
2013.09.19 09:12:05.896,1.08666,1.08682,1.05,1.50
2013.09.19 09:12:06.246,1.08665,1.08677,1.05,1.05
2013.09.19 09:12:06.547,1.08666,1.08681,3.15,1.50
2013.09.19 09:12:06.607,1.08667,1.08682,3.15,1.50
2013.09.19 09:12:06.966,1.08669,1.08686,3.23,1.88
2013.09.19 09:12:08.488,1.08669,1.08685,2.48,3.12
2013.09.19 09:12:08.727,1.08663,1.0868,3.30,1.80
2013.09.19 09:12:08.967,1.08663,1.0868,2.55,1.80
2013.09.19 09:12:09.027,1.08663,1.0868,1.80,1.80
2013.09.19 09:12:09.326,1.08663,1.0868,1.80,1.80
2013.09.19 09:12:10.367,1.08663,1.08679,3.23,1.50
2013.09.19 09:12:10.727,1.08667,1.08683,2.85,1.43
2013.09.19 09:12:10.787,1.08668,1.08686,4.20,1.13
2013.09.19 09:12:10.847,1.08669,1.08686,2.48,1.13
2013.09.19 09:12:11.786,1.0867,1.08688,2.86,2.74
2013.09.19 09:12:12.326,1.08672,1.08688,2.48,1.13
2013.09.19 09:12:12.627,1.08659,1.08676,2.55,1.43
2013.09.19 09:12:12.806,1.0866,1.08676,2.26,1.43
2013.09.19 09:12:13.356,1.08663,1.08682,5.15,2.93
2013.09.19 09:12:13.911,1.08665,1.08682,2.18,2.93
2013.09.19 09:12:14.549,1.08666,1.08682,2.48,2.25
2013.09.19 09:12:15.707,1.08666,1.08677,1.13,1.50
2013.09.19 09:12:16.066,1.08666,1.08682,2.56,2.18
2013.09.19 09:12:16.957,1.08666,1.08683,2.85,1.13
2013.09.19 09:12:19.607,1.08667,1.08683,4.20,1.13
2013.09.19 09:12:20.731,1.0867,1.08682,2.70,1.50
2013.09.19 09:12:20.797,1.0867,1.08682,5.10,1.50
2013.09.19 09:12:20.917,1.08671,1.08685,3.08,1.13
2013.09.19 09:12:21.037,1.08674,1.08685,3.38,1.13
2013.09.19 09:12:21.099,1.08675,1.08691,3.16,1.13
2013.09.19 09:12:21.287,1.08678,1.08693,3.83,1.13
2013.09.19 09:12:22.757,1.08678,1.08693,3.83,1.13
2013.09.19 09:12:23.955,1.08678,1.08696,5.63,2.37
2013.09.19 09:12:24.470,1.08678,1.08696,5.63,2.37
2013.09.19 09:12:25.197,1.08678,1.08692,4.88,1.50
2013.09.19 09:12:25.380,1.08676,1.08688,1.43,1.13
2013.09.19 09:12:25.556,1.08673,1.08687,1.05,1.50
2013.09.19 09:12:25.617,1.08673,1.08687,1.99,1.50
2013.09.19 09:12:25.676,1.08673,1.08687,1.24,1.50
2013.09.19 09:12:26.756,1.08673,1.08685,1.24,1.13
2013.09.19 09:12:27.260,1.08673,1.08685,1.99,1.13
2013.09.19 09:12:33.667,1.08671,1.08682,1.69,1.50
2013.09.19 09:12:33.966,1.08667,1.0868,1.35,1.13
2013.09.19 09:12:34.026,1.08666,1.08682,1.43,1.50
2013.09.19 09:12:35.267,1.08666,1.08682,2.18,1.50
2013.09.19 09:12:38.016,1.08666,1.08682,2.37,1.50
2013.09.19 09:12:38.557,1.08666,1.08682,2.37,1.50
2013.09.19 09:12:43.306,1.08666,1.08682,3.87,1.50
2013.09.19 09:12:43.366,1.08666,1.08682,3.19,2.85
2013.09.19 09:12:43.657,1.08666,1.08681,3.19,1.43
2013.09.19 09:12:43.777,1.08666,1.08682,4.25,1.50
2013.09.19 09:12:43.897,1.08667,1.08684,5.90,1.50
2013.09.19 09:12:44.257,1.08669,1.08685,5.52,1.13
2013.09.19 09:12:44.776,1.0867,1.08685,3.42,1.13
2013.09.19 09:12:47.026,1.0867,1.08684,3.42,1.13
2013.09.19 09:12:47.536,1.08669,1.08683,2.44,1.50
2013.09.19 09:12:48.140,1.08668,1.08683,1.69,1.50
2013.09.19 09:12:50.907,1.08668,1.08677,1.50,1.13
2013.09.19 09:12:50.966,1.08665,1.08677,1.50,1.13
2013.09.19 09:12:51.206,1.08662,1.08677,3.42,1.13
2013.09.19 09:12:52.035,1.08662,1.08677,3.12,1.13
2013.09.19 09:13:00.028,1.08662,1.08677,2.37,1.13
2013.09.19 09:13:01.039,1.08662,1.08675,2.37,1.50
2013.09.19 09:13:01.107,1.08661,1.0867,1.62,1.13
2013.09.19 09:13:01.286,1.08655,1.08668,2.29,1.13
2013.09.19 09:13:01.346,1.08655,1.0867,1.62,1.88
2013.09.19 09:13:01.707,1.08655,1.0867,5.15,1.50
2013.09.19 09:13:02.688,1.08655,1.0867,6.27,1.50
2013.09.19 09:13:03.407,1.08657,1.0867,4.92,1.50
2013.09.19 09:13:03.706,1.08659,1.08673,4.77,1.13
2013.09.19 09:13:09.756,1.0866,1.08673,4.73,1.13
2013.09.19 09:13:09.997,1.08661,1.08676,3.68,1.50
2013.09.19 09:13:10.057,1.08661,1.08676,5.37,1.50
2013.09.19 09:13:10.416,1.08664,1.08679,3.98,1.50
2013.09.19 09:13:10.716,1.08664,1.08679,3.98,1.50
2013.09.19 09:13:11.956,1.08664,1.0868,6.42,1.50
2013.09.19 09:13:12.807,1.08664,1.08679,6.04,1.13
2013.09.19 09:13:12.986,1.08664,1.08679,5.18,1.13
2013.09.19 09:13:15.107,1.08663,1.08673,1.43,1.13
2013.09.19 09:13:15.167,1.08663,1.08678,2.86,1.13
2013.09.19 09:13:15.407,1.08663,1.08678,4.55,1.50
2013.09.19 09:13:16.238,1.08663,1.08679,5.30,1.88
2013.09.19 09:13:17.777,1.08663,1.08673,2.18,1.13
2013.09.19 09:13:18.316,1.08661,1.08673,1.43,1.13
2013.09.19 09:13:19.111,1.08661,1.08673,2.18,1.13
2013.09.19 09:13:20.999,1.08659,1.08673,2.93,1.50
2013.09.19 09:13:21.298,1.08659,1.08672,2.25,1.50
2013.09.19 09:13:22.929,1.08659,1.08672,1.69,2.55
2013.09.19 09:13:23.005,1.08655,1.0867,2.44,1.50
2013.09.19 09:13:23.917,1.08655,1.08669,1.69,1.50
2013.09.19 09:13:27.077,1.08653,1.08666,3.57,1.13
2013.09.19 09:13:27.136,1.08653,1.08666,1.32,1.13
2013.09.19 09:13:28.806,1.08652,1.08665,1.69,1.50
2013.09.19 09:13:29.049,1.0865,1.08663,1.69,1.88
2013.09.19 09:13:29.168,1.08648,1.08662,3.19,2.55
2013.09.19 09:13:29.347,1.08647,1.08662,1.69,2.55
2013.09.19 09:13:30.466,1.08648,1.08662,3.94,1.50
2013.09.19 09:13:31.008,1.08648,1.08663,4.32,1.88
2013.09.19 09:13:32.067,1.08648,1.08663,4.54,1.50
2013.09.19 09:13:36.428,1.08648,1.08665,5.37,1.43
2013.09.19 09:13:36.956,1.08649,1.08665,3.42,1.50
2013.09.19 09:13:37.076,1.08649,1.08666,3.42,1.13
2013.09.19 09:13:37.738,1.08649,1.08665,3.42,1.50
2013.09.19 09:13:41.962,1.08649,1.08665,4.24,2.18
2013.09.19 09:13:51.117,1.08649,1.08664,5.00,1.50
2013.09.19 09:13:53.909,1.0865,1.08664,4.32,1.50
2013.09.19 09:13:54.577,1.08651,1.08665,5.07,1.50
2013.09.19 09:13:54.636,1.08653,1.08666,3.57,2.18
2013.09.19 09:13:54.936,1.08653,1.08667,3.57,2.18
2013.09.19 09:13:55.977,1.08653,1.08667,2.44,2.93
2013.09.19 09:13:56.715,1.08653,1.08665,2.44,1.43
2013.09.19 09:13:57.479,1.08653,1.08664,1.69,1.35
2013.09.19 09:13:57.539,1.08652,1.08664,1.69,1.35
2013.09.19 09:13:58.077,1.0865,1.08663,2.44,1.43
2013.09.19 09:13:59.966,1.0865,1.08664,3.57,1.35
2013.09.19 09:14:00.146,1.0865,1.08666,3.57,2.18
2013.09.19 09:14:00.326,1.08653,1.08667,3.94,2.10
2013.09.19 09:14:00.686,1.08654,1.08672,5.30,3.23
2013.09.19 09:14:01.516,1.08654,1.08671,4.92,1.05
2013.09.19 09:14:01.577,1.08654,1.08669,3.19,1.80
2013.09.19 09:14:01.696,1.08652,1.08667,2.44,2.48
2013.09.19 09:14:01.756,1.08652,1.08665,1.50,2.03
2013.09.19 09:14:01.936,1.08651,1.08666,2.07,1.35
2013.09.19 09:14:02.296,1.08651,1.08667,2.82,2.18
2013.09.19 09:14:02.928,1.08654,1.08668,3.94,1.35
2013.09.19 09:14:03.249,1.08654,1.08668,2.07,1.05
2013.09.19 09:14:03.308,1.08654,1.08669,1.13,2.78
2013.09.19 09:14:03.368,1.08654,1.08666,1.13,1.35
2013.09.19 09:14:03.428,1.08653,1.08666,2.44,1.05
2013.09.19 09:14:03.488,1.08653,1.08667,3.94,1.80
2013.09.19 09:14:03.608,1.08652,1.08667,3.00,2.55
2013.09.19 09:14:04.446,1.08652,1.08666,2.25,1.13
2013.09.19 09:14:04.956,1.08651,1.08663,2.44,1.13
2013.09.19 09:14:07.217,1.08649,1.08662,2.18,1.13
2013.09.19 09:14:07.397,1.08648,1.0866,1.35,1.13
2013.09.19 09:14:07.577,1.08646,1.0866,1.62,3.15
2013.09.19 09:14:09.267,1.08645,1.08658,1.32,1.43
2013.09.19 09:14:10.047,1.08645,1.08658,2.44,1.43
2013.09.19 09:14:15.631,1.08644,1.08658,3.94,1.43
2013.09.19 09:14:18.237,1.08644,1.08658,1.69,1.43
2013.09.19 09:14:20.901,1.08644,1.08657,1.69,2.10
2013.09.19 09:14:21.463,1.08643,1.08658,4.69,2.18
2013.09.19 09:14:22.019,1.08643,1.08658,4.50,2.18
2013.09.19 09:14:25.226,1.08643,1.08657,4.13,2.10
2013.09.19 09:14:25.700,1.08643,1.08658,5.07,2.18
2013.09.19 09:14:26.836,1.08643,1.08657,3.75,1.43
2013.09.19 09:14:26.897,1.08643,1.08656,3.75,2.10
2013.09.19 09:14:27.257,1.0864,1.08651,1.69,1.43
2013.09.19 09:14:27.317,1.08637,1.08651,1.69,2.18
2013.09.19 09:14:27.616,1.08637,1.08651,1.69,1.50
2013.09.19 09:14:28.217,1.08637,1.08651,3.80,1.13
2013.09.19 09:14:28.516,1.08637,1.08651,1.69,1.50
2013.09.19 09:14:29.087,1.08639,1.08654,3.87,1.13
2013.09.19 09:14:30.039,1.08639,1.08651,1.69,1.13
2013.09.19 09:14:30.098,1.08639,1.0865,1.69,1.13
2013.09.19 09:14:30.277,1.08634,1.08648,2.93,1.80
2013.09.19 09:14:31.257,1.08634,1.08648,3.00,1.80
2013.09.19 09:14:34.367,1.08633,1.08647,3.12,1.13
2013.09.19 09:14:34.666,1.08634,1.0865,4.17,1.13
2013.09.19 09:14:35.647,1.08635,1.0865,5.45,1.13
2013.09.19 09:14:36.187,1.08639,1.08651,3.45,1.13
2013.09.19 09:14:36.488,1.08641,1.08653,3.08,1.88
2013.09.19 09:14:37.015,1.08641,1.08653,4.13,1.13
2013.09.19 09:14:37.447,1.08641,1.08652,1.43,1.13
2013.09.19 09:14:37.806,1.08638,1.08652,1.62,1.88
2013.09.19 09:14:38.167,1.08637,1.0865,1.69,1.13
2013.09.19 09:14:38.346,1.08637,1.08651,1.43,1.13
2013.09.19 09:14:44.338,1.08639,1.08652,2.48,1.50
2013.09.19 09:14:44.457,1.0864,1.08655,3.98,1.50
2013.09.19 09:14:44.517,1.08643,1.08659,2.86,1.13
2013.09.19 09:14:44.577,1.08644,1.0866,4.13,1.13
2013.09.19 09:14:44.697,1.08646,1.0866,2.70,1.13
2013.09.19 09:14:44.996,1.08646,1.08662,3.64,1.50
2013.09.19 09:14:46.028,1.08648,1.08662,2.70,1.50
2013.09.19 09:14:46.387,1.0865,1.08663,2.70,1.88
2013.09.19 09:14:47.226,1.0865,1.08663,2.70,1.13
2013.09.19 09:14:47.767,1.08649,1.08662,1.62,1.50
2013.09.19 09:14:48.427,1.08649,1.08665,3.72,1.13
2013.09.19 09:14:48.487,1.08649,1.08665,4.39,1.13
2013.09.19 09:14:48.607,1.08651,1.08665,3.64,1.13
2013.09.19 09:14:48.966,1.08652,1.08667,4.40,1.50
2013.09.19 09:14:49.916,1.08653,1.08667,3.65,1.50
2013.09.19 09:14:50.819,1.08653,1.08667,3.65,1.50
2013.09.19 09:14:53.568,1.08654,1.08668,3.05,1.13
2013.09.19 09:14:54.476,1.08654,1.08667,1.69,1.50
2013.09.19 09:14:54.776,1.08655,1.08672,4.92,2.18
2013.09.19 09:14:54.896,1.08656,1.08672,3.87,2.18
2013.09.19 09:14:55.576,1.08657,1.08672,3.19,2.18
2013.09.19 09:14:56.597,1.08656,1.08671,2.37,1.13
2013.09.19 09:14:56.956,1.08653,1.08668,1.69,1.13
2013.09.19 09:14:57.016,1.08652,1.08668,2.37,1.13
2013.09.19 09:14:57.136,1.08652,1.08668,2.37,1.13
2013.09.19 09:14:57.197,1.08652,1.08666,3.12,1.13
2013.09.19 09:14:57.698,1.08654,1.08671,3.05,1.80
2013.09.19 09:14:58.487,1.08654,1.08666,3.05,1.13
2013.09.19 09:14:58.667,1.0865,1.08666,2.07,1.43
2013.09.19 09:14:59.207,1.0865,1.08668,3.42,1.80
2013.09.19 09:14:59.726,1.0865,1.08665,3.05,1.13
2013.09.19 09:15:00.946,1.08651,1.08665,3.64,1.13
2013.09.19 09:15:01.006,1.08651,1.08665,3.65,1.13
2013.09.19 09:15:02.499,1.08651,1.08665,1.43,1.13
2013.09.19 09:15:02.737,1.08651,1.08665,1.43,1.13
2013.09.19 09:15:04.806,1.08651,1.08665,1.43,1.13
2013.09.19 09:15:05.627,1.08651,1.08665,1.43,1.13
2013.09.19 09:15:07.207,1.08651,1.08664,1.43,1.88
2013.09.19 09:15:08.208,1.08651,1.08662,1.43,1.13
2013.09.19 09:15:08.387,1.08651,1.08662,1.43,1.13
2013.09.19 09:15:08.927,1.08651,1.0866,2.10,1.13
2013.09.19 09:15:09.047,1.08651,1.08661,2.10,1.13
2013.09.19 09:15:09.352,1.0865,1.08663,1.62,1.13
2013.09.19 09:15:09.662,1.08651,1.08663,3.45,1.13
2013.09.19 09:15:09.880,1.08651,1.08667,5.82,2.25
2013.09.19 09:15:09.947,1.08652,1.08667,5.15,2.25
2013.09.19 09:15:10.006,1.08652,1.08667,5.22,1.50
2013.09.19 09:15:10.067,1.08656,1.0867,4.43,1.43
2013.09.19 09:15:10.306,1.08656,1.08673,6.53,1.43
2013.09.19 09:15:10.428,1.08659,1.08675,4.13,1.13
2013.09.19 09:15:10.786,1.08661,1.08674,2.70,1.13
2013.09.19 09:15:11.087,1.08656,1.08666,1.43,1.13
2013.09.19 09:15:11.327,1.08654,1.08666,1.62,1.13
2013.09.19 09:15:11.568,1.08654,1.08669,2.37,1.13
2013.09.19 09:15:11.628,1.08654,1.08669,3.79,1.13
2013.09.19 09:15:11.927,1.08657,1.08669,2.89,1.13
2013.09.19 09:15:12.277,1.08657,1.0867,2.89,1.13
2013.09.19 09:15:12.396,1.08656,1.0867,3.04,1.13
2013.09.19 09:15:12.849,1.08657,1.0867,3.64,1.13
2013.09.19 09:15:13.779,1.08657,1.08669,4.39,1.13
2013.09.19 09:15:15.048,1.08657,1.08669,1.43,1.13
2013.09.19 09:15:20.227,1.08657,1.0867,4.32,1.13
2013.09.19 09:15:21.456,1.08658,1.08672,5.82,1.13
2013.09.19 09:15:21.517,1.08658,1.08672,5.75,1.50
2013.09.19 09:15:21.577,1.0866,1.08672,2.70,1.50
2013.09.19 09:15:21.757,1.08659,1.08672,2.29,1.50
2013.09.19 09:15:21.877,1.08659,1.08672,3.65,1.50
2013.09.19 09:15:22.379,1.08659,1.08672,1.43,1.50
2013.09.19 09:15:27.967,1.08659,1.08673,1.43,1.13
2013.09.19 09:15:29.316,1.08659,1.08673,1.54,1.13
2013.09.19 09:15:29.866,1.08657,1.08673,1.69,1.80
2013.09.19 09:15:31.030,1.08657,1.08669,1.43,1.13
2013.09.19 09:15:31.648,1.08651,1.08664,2.29,1.13
2013.09.19 09:15:31.926,1.08652,1.08664,2.89,1.13
2013.09.19 09:15:32.406,1.08651,1.08664,2.29,1.13
2013.09.19 09:15:34.523,1.08651,1.08664,2.37,1.13
2013.09.19 09:15:36.160,1.08652,1.08667,5.22,1.13
2013.09.19 09:15:36.218,1.08653,1.08667,2.97,1.13
2013.09.19 09:15:36.766,1.08654,1.08668,3.64,1.13
2013.09.19 09:15:41.557,1.08654,1.08671,5.90,1.13
2013.09.19 09:15:41.736,1.08655,1.08671,4.39,1.13
2013.09.19 09:15:49.508,1.08655,1.08671,1.50,1.13
2013.09.19 09:15:49.987,1.08655,1.08669,1.69,2.48
2013.09.19 09:15:50.107,1.08652,1.08664,1.69,1.13
2013.09.19 09:15:50.227,1.08649,1.08664,1.69,1.13
2013.09.19 09:15:50.288,1.08648,1.08663,1.69,1.13
2013.09.19 09:15:50.407,1.08647,1.08662,1.69,1.13
2013.09.19 09:15:50.707,1.08648,1.08664,1.13,1.43
2013.09.19 09:15:50.891,1.08651,1.08668,4.43,1.35
2013.09.19 09:15:50.959,1.08653,1.08668,4.88,1.35
2013.09.19 09:15:51.077,1.08653,1.08672,6.30,1.13
2013.09.19 09:15:51.427,1.08654,1.08672,4.24,1.13
2013.09.19 09:15:51.957,1.08655,1.08669,3.19,1.13
2013.09.19 09:15:53.808,1.08655,1.08669,2.44,1.13
2013.09.19 09:15:54.327,1.08653,1.08669,1.69,1.13
2013.09.19 09:15:55.009,1.08652,1.08668,2.44,1.50
2013.09.19 09:15:56.007,1.08651,1.08668,2.63,1.50
2013.09.19 09:15:56.437,1.08651,1.08668,5.07,2.18
2013.09.19 09:15:56.797,1.08651,1.08666,2.44,1.80
2013.09.19 09:15:57.347,1.08649,1.08664,1.69,1.80
2013.09.19 09:15:57.586,1.08649,1.08662,1.69,1.35
2013.09.19 09:15:57.646,1.08649,1.08664,1.69,2.48
2013.09.19 09:15:59.167,1.08648,1.08663,2.44,1.43
2013.09.19 09:16:00.817,1.08648,1.08664,6.79,1.50
2013.09.19 09:16:00.937,1.0865,1.08666,3.72,1.13
2013.09.19 09:16:01.554,1.08652,1.08666,2.29,1.13
2013.09.19 09:16:02.108,1.08651,1.08666,1.80,1.13
2013.09.19 09:16:02.467,1.08649,1.08663,3.00,1.13
2013.09.19 09:16:02.587,1.08648,1.08663,2.44,1.13
2013.09.19 09:16:04.646,1.08648,1.08662,1.69,1.43
2013.09.19 09:16:07.167,1.08648,1.08664,5.30,1.05
2013.09.19 09:16:10.067,1.0865,1.08666,3.12,2.18
2013.09.19 09:16:10.626,1.08652,1.08666,3.64,1.13
2013.09.19 09:16:13.866,1.08653,1.08669,5.11,1.13
2013.09.19 09:16:14.491,1.08653,1.0867,5.48,1.88
2013.09.19 09:16:14.887,1.08654,1.0867,5.33,1.88
2013.09.19 09:16:18.028,1.08655,1.0867,2.86,1.88
2013.09.19 09:16:18.329,1.08663,1.08673,4.62,1.35
2013.09.19 09:16:18.449,1.08665,1.08675,5.07,1.35
2013.09.19 09:16:18.628,1.08667,1.08682,4.69,2.10
2013.09.19 09:16:18.867,1.08667,1.08684,2.25,2.48
2013.09.19 09:16:19.169,1.08669,1.08684,3.45,1.13
2013.09.19 09:16:21.596,1.08669,1.08685,5.18,1.50
2013.09.19 09:16:21.897,1.08669,1.08686,5.71,2.18
2013.09.19 09:16:21.957,1.08669,1.08684,3.68,1.13
2013.09.19 09:16:22.499,1.08669,1.08685,4.95,1.13
2013.09.19 09:16:22.617,1.08669,1.08685,4.95,1.13
2013.09.19 09:16:22.858,1.08669,1.08684,3.61,1.13
2013.09.19 09:16:23.047,1.08668,1.08682,1.69,1.13
2013.09.19 09:16:23.107,1.08667,1.08682,1.69,1.13
2013.09.19 09:16:23.623,1.08666,1.08681,1.50,1.80
2013.09.19 09:16:25.316,1.08666,1.08681,2.44,1.80
2013.09.19 09:16:26.678,1.08666,1.08681,3.94,1.80
2013.09.19 09:16:26.799,1.08664,1.08678,2.37,1.50
2013.09.19 09:16:26.858,1.08664,1.08678,2.37,1.13
2013.09.19 09:16:27.410,1.08664,1.08678,1.32,2.18
2013.09.19 09:16:28.048,1.08664,1.08678,3.42,1.13
2013.09.19 09:16:31.147,1.08661,1.08674,2.18,1.43
2013.09.19 09:16:31.327,1.08658,1.08674,1.69,2.55
2013.09.19 09:16:31.836,1.08659,1.08674,3.80,1.13
2013.09.19 09:16:36.248,1.08659,1.08675,4.17,1.88
2013.09.19 09:16:39.226,1.0866,1.08675,4.25,1.88
2013.09.19 09:16:39.408,1.08664,1.08677,2.82,2.18
2013.09.19 09:16:39.530,1.08664,1.08678,2.82,2.18
2013.09.19 09:16:39.841,1.08666,1.08682,3.50,1.13
2013.09.19 09:16:39.909,1.08666,1.08681,3.50,1.13
2013.09.19 09:16:40.619,1.08667,1.08683,4.32,2.18
2013.09.19 09:16:40.808,1.08669,1.08684,3.57,2.55
2013.09.19 09:16:41.167,1.08673,1.08689,5.15,1.50
2013.09.19 09:16:41.940,1.08669,1.08682,1.88,1.13
2013.09.19 09:16:42.129,1.08669,1.08681,1.88,1.13
2013.09.19 09:16:42.636,1.08669,1.08681,1.50,1.13
2013.09.19 09:16:47.818,1.08668,1.08681,1.50,1.13
2013.09.19 09:16:47.879,1.08665,1.0868,2.85,2.25
2013.09.19 09:16:47.938,1.08663,1.08675,1.99,1.13
2013.09.19 09:16:48.177,1.08659,1.08672,1.43,1.13
2013.09.19 09:16:48.296,1.08659,1.08669,1.43,1.13
2013.09.19 09:16:48.478,1.08659,1.08672,1.43,1.13
2013.09.19 09:16:48.597,1.08659,1.08673,1.43,1.13
2013.09.19 09:16:48.657,1.08659,1.08672,3.68,1.13
2013.09.19 09:16:49.216,1.08659,1.08672,2.25,1.13
2013.09.19 09:16:49.337,1.08659,1.08672,2.25,1.13
2013.09.19 09:16:49.576,1.08659,1.08672,2.25,1.13
2013.09.19 09:16:49.757,1.08659,1.08672,2.25,1.13
2013.09.19 09:16:57.079,1.08659,1.08675,6.60,2.63
2013.09.19 09:16:58.157,1.0866,1.08675,3.68,1.13
2013.09.19 09:16:58.338,1.0866,1.08676,8.29,1.43
2013.09.19 09:16:58.640,1.08661,1.08675,3.87,1.13
2013.09.19 09:16:59.157,1.0866,1.08675,3.87,1.88
2013.09.19 09:16:59.516,1.0866,1.08672,1.69,1.13
2013.09.19 09:16:59.997,1.08659,1.08672,3.12,1.13
2013.09.19 09:17:00.057,1.08659,1.08672,1.69,1.13
2013.09.19 09:17:00.177,1.08658,1.08672,1.69,1.13
2013.09.19 09:17:00.359,1.08658,1.08672,1.69,1.13
2013.09.19 09:17:00.477,1.08657,1.08672,3.49,1.88
2013.09.19 09:17:00.597,1.08657,1.08672,3.49,1.88
2013.09.19 09:17:01.137,1.08657,1.08672,5.82,1.88
2013.09.19 09:17:01.501,1.08657,1.08672,4.39,1.88
2013.09.19 09:17:02.398,1.08657,1.08669,1.43,1.13
2013.09.19 09:17:02.517,1.08657,1.08669,1.62,1.13
2013.09.19 09:17:02.637,1.08656,1.08669,3.04,1.13
2013.09.19 09:17:03.237,1.08656,1.0867,3.87,1.50
2013.09.19 09:17:04.767,1.08656,1.0867,4.06,1.50
2013.09.19 09:17:04.898,1.08656,1.08671,4.25,1.50
2013.09.19 09:17:05.459,1.08656,1.08671,4.92,1.50
2013.09.19 09:17:06.038,1.08656,1.08671,4.92,1.50
2013.09.19 09:17:07.041,1.08656,1.08671,4.92,1.50
2013.09.19 09:17:17.248,1.08656,1.08666,2.25,1.50
2013.09.19 09:17:17.307,1.08654,1.08666,1.62,1.88
2013.09.19 09:17:17.427,1.08652,1.08666,1.62,1.88
2013.09.19 09:17:17.547,1.08652,1.08666,1.69,1.80
2013.09.19 09:17:18.177,1.08651,1.08666,1.69,1.80
2013.09.19 09:17:18.296,1.08649,1.08662,1.32,1.88
2013.09.19 09:17:18.417,1.08647,1.08661,2.44,1.13
2013.09.19 09:17:18.538,1.08646,1.0866,2.37,1.13
2013.09.19 09:17:18.838,1.08645,1.0866,2.44,1.88
2013.09.19 09:17:20.369,1.08645,1.0866,3.49,1.88
2013.09.19 09:17:20.498,1.08645,1.08661,8.52,1.88
2013.09.19 09:17:21.288,1.08646,1.0866,2.74,1.13
2013.09.19 09:17:23.778,1.08646,1.08661,3.49,1.13
2013.09.19 09:17:28.847,1.08646,1.08661,3.87,1.13
2013.09.19 09:17:29.087,1.08646,1.08658,2.44,1.13
2013.09.19 09:17:29.448,1.08647,1.08662,3.38,3.30
2013.09.19 09:17:29.567,1.08646,1.0866,2.18,2.18
2013.09.19 09:17:29.627,1.08645,1.08658,1.35,1.13
2013.09.19 09:17:29.688,1.08643,1.08657,2.37,1.13
2013.09.19 09:17:29.748,1.08643,1.08656,1.62,1.43
2013.09.19 09:17:30.107,1.08638,1.08652,1.69,2.55
2013.09.19 09:17:30.466,1.08635,1.08649,1.73,1.13
2013.09.19 09:17:30.958,1.08634,1.08648,1.62,1.13
2013.09.19 09:17:31.579,1.08631,1.08646,1.62,1.35
2013.09.19 09:17:31.712,1.0863,1.08647,2.74,2.18
2013.09.19 09:17:31.836,1.0863,1.08647,4.17,1.43
2013.09.19 09:17:32.337,1.08632,1.08647,5.11,1.50
2013.09.19 09:17:32.867,1.08633,1.08649,2.93,1.80
2013.09.19 09:17:33.237,1.08634,1.08649,2.86,1.13
2013.09.19 09:17:34.390,1.08634,1.08649,2.86,1.13
2013.09.19 09:17:35.031,1.08634,1.08649,3.23,1.13
2013.09.19 09:17:35.778,1.08634,1.08648,3.23,1.50
2013.09.19 09:17:36.288,1.08634,1.08649,3.61,1.13
2013.09.19 09:17:36.646,1.08636,1.08652,4.02,1.88
2013.09.19 09:17:36.706,1.08637,1.08652,2.48,1.88
2013.09.19 09:17:37.023,1.08637,1.08652,2.48,1.88
2013.09.19 09:17:38.681,1.08639,1.08655,2.93,2.25
2013.09.19 09:17:38.808,1.08642,1.08657,5.78,1.50
2013.09.19 09:17:39.366,1.08645,1.0866,2.86,1.50
2013.09.19 09:17:39.427,1.08645,1.0866,2.86,1.50
2013.09.19 09:17:39.927,1.08645,1.0866,2.37,1.50
2013.09.19 09:17:40.712,1.08646,1.0866,4.40,1.50
2013.09.19 09:17:41.422,1.08646,1.08661,4.40,1.13
2013.09.19 09:17:48.469,1.08649,1.08663,2.78,1.50
2013.09.19 09:17:48.768,1.08655,1.08668,2.78,1.50
2013.09.19 09:17:48.827,1.08655,1.08671,3.45,1.50
2013.09.19 09:17:49.307,1.08655,1.08671,3.46,1.50
2013.09.19 09:17:49.893,1.08655,1.08671,2.37,1.50
2013.09.19 09:17:50.486,1.08655,1.08671,2.74,1.50
2013.09.19 09:17:53.456,1.08655,1.08672,2.74,2.55
2013.09.19 09:17:54.487,1.08655,1.08672,3.49,2.55
2013.09.19 09:17:54.607,1.08655,1.08669,2.82,1.13
2013.09.19 09:17:55.022,1.08655,1.08669,2.07,1.13
2013.09.19 09:18:00.426,1.08653,1.08667,2.25,1.50
2013.09.19 09:18:00.667,1.08656,1.08671,4.05,1.43
2013.09.19 09:18:00.728,1.08657,1.08672,4.24,2.85
2013.09.19 09:18:01.343,1.08658,1.08673,3.05,1.88
2013.09.19 09:18:01.407,1.08658,1.08673,3.05,1.88
2013.09.19 09:18:01.908,1.08658,1.08673,1.69,1.88
2013.09.19 09:18:04.747,1.0866,1.08674,2.67,1.50
2013.09.19 09:18:07.530,1.0866,1.08674,1.99,1.50
2013.09.19 09:18:10.483,1.0866,1.08675,1.13,1.43
2013.09.19 09:18:10.554,1.08661,1.08677,4.21,1.50
2013.09.19 09:18:10.679,1.08661,1.08677,4.21,1.50
2013.09.19 09:18:11.958,1.08661,1.08676,2.18,1.50
2013.09.19 09:18:13.747,1.08661,1.08676,1.88,1.43
2013.09.19 09:18:13.807,1.08661,1.08676,1.50,1.05
2013.09.19 09:18:14.454,1.0866,1.08676,1.69,1.80
2013.09.19 09:18:15.000,1.0866,1.08677,4.17,2.18
2013.09.19 09:18:15.989,1.0866,1.08677,4.17,2.18
2013.09.19 09:18:16.528,1.08661,1.08677,3.12,1.13
2013.09.19 09:18:16.647,1.08661,1.08676,2.37,1.13
2013.09.19 09:18:19.027,1.08661,1.08678,4.54,1.43
2013.09.19 09:18:19.329,1.08663,1.0868,4.92,1.43
2013.09.19 09:18:20.011,1.08664,1.08679,3.42,1.13
2013.09.19 09:18:20.197,1.08664,1.08679,1.62,1.50
2013.09.19 09:18:20.317,1.08664,1.08679,3.42,1.13
2013.09.19 09:18:21.387,1.08664,1.08681,4.17,1.80
2013.09.19 09:18:22.929,1.08664,1.08681,4.17,1.80
2013.09.19 09:18:23.287,1.08664,1.08681,3.80,2.18
2013.09.19 09:18:24.317,1.08664,1.08679,2.44,1.13
2013.09.19 09:18:25.890,1.08664,1.08677,2.44,1.13
2013.09.19 09:18:26.417,1.08664,1.08679,3.80,1.13
2013.09.19 09:18:27.012,1.08667,1.08682,3.61,1.88
2013.09.19 09:18:27.587,1.08667,1.08682,3.61,1.88
2013.09.19 09:18:31.537,1.08667,1.08682,1.69,2.55
2013.09.19 09:18:41.407,1.08664,1.08679,3.12,1.13
2013.09.19 09:18:41.467,1.08664,1.08678,1.50,1.43
2013.09.19 09:18:41.921,1.08664,1.08678,1.50,1.43
2013.09.19 09:18:42.237,1.08663,1.08678,1.69,2.18
2013.09.19 09:18:43.328,1.08662,1.08678,2.37,2.18
2013.09.19 09:18:43.508,1.08661,1.08676,1.69,1.13
2013.09.19 09:18:43.932,1.08661,1.08673,1.50,1.13
2013.09.19 09:18:44.860,1.08661,1.08675,1.50,2.18
2013.09.19 09:18:44.928,1.08662,1.08675,4.36,1.43
2013.09.19 09:18:45.289,1.08664,1.08678,3.87,1.13
2013.09.19 09:18:45.649,1.08664,1.0868,2.85,1.43
2013.09.19 09:18:46.138,1.08664,1.08678,2.18,1.88
2013.09.19 09:18:46.497,1.08662,1.08677,1.50,2.18
2013.09.19 09:18:46.687,1.08662,1.08676,1.50,1.50
2013.09.19 09:18:46.933,1.08662,1.08677,2.18,1.50
2013.09.19 09:18:49.187,1.0866,1.08676,3.49,2.18
2013.09.19 09:18:49.427,1.0866,1.08676,3.49,2.18
2013.09.19 09:18:54.357,1.0866,1.08675,2.82,1.43
2013.09.19 09:18:54.537,1.08659,1.08672,1.54,1.13
2013.09.19 09:18:54.920,1.08655,1.0867,1.43,1.88
2013.09.19 09:18:55.248,1.08652,1.08667,2.85,2.25
2013.09.19 09:18:55.307,1.08652,1.08667,2.48,2.25
2013.09.19 09:18:55.429,1.08651,1.08667,1.80,2.93
2013.09.19 09:18:57.077,1.08651,1.08667,2.18,2.93
2013.09.19 09:19:00.507,1.08651,1.08667,1.43,2.93
2013.09.19 09:19:01.029,1.08651,1.08666,1.50,1.05
2013.09.19 09:19:01.860,1.08651,1.08666,1.50,1.05
2013.09.19 09:19:02.567,1.08651,1.08665,1.50,1.80
2013.09.19 09:19:03.538,1.08651,1.08665,1.50,2.55
2013.09.19 09:19:06.279,1.08651,1.08666,1.50,1.80
2013.09.19 09:19:06.589,1.08651,1.08666,1.50,2.55
2013.09.19 09:19:06.827,1.08651,1.08665,1.50,1.05
2013.09.19 09:19:08.860,1.08651,1.08666,1.50,1.80
2013.09.19 09:19:09.397,1.08651,1.08667,2.18,1.88
2013.09.19 09:19:09.577,1.08651,1.08667,2.85,1.88
2013.09.19 09:19:10.529,1.08651,1.08667,2.85,2.25
2013.09.19 09:19:11.337,1.08651,1.08666,2.85,1.13
2013.09.19 09:19:11.397,1.08651,1.08666,1.50,1.13
2013.09.19 09:19:11.457,1.08651,1.08667,1.50,2.93
2013.09.19 09:19:11.698,1.08651,1.08667,1.43,2.25
2013.09.19 09:19:12.003,1.0865,1.08665,2.18,1.13
2013.09.19 09:19:12.387,1.08651,1.08667,3.42,2.18
2013.09.19 09:19:12.939,1.08652,1.08667,3.80,1.13
2013.09.19 09:19:12.998,1.08652,1.08667,3.80,1.88
2013.09.19 09:19:13.237,1.08651,1.08667,1.62,2.55
2013.09.19 09:19:16.158,1.08649,1.08664,1.62,1.05
2013.09.19 09:19:16.217,1.08648,1.08658,1.13,1.13
2013.09.19 09:19:16.458,1.08645,1.08659,1.13,1.05
2013.09.19 09:19:17.357,1.08645,1.08661,2.10,1.50
2013.09.19 09:19:18.089,1.08645,1.08659,2.86,1.13
2013.09.19 09:19:19.657,1.08645,1.08661,2.86,1.13
2013.09.19 09:19:19.957,1.08647,1.08663,4.95,1.13
2013.09.19 09:19:20.637,1.08648,1.08664,2.86,1.13
2013.09.19 09:19:21.138,1.08648,1.08664,3.80,1.13
2013.09.19 09:19:23.957,1.08648,1.08662,2.18,1.13
2013.09.19 09:19:24.498,1.08647,1.08662,2.29,3.00
2013.09.19 09:19:25.088,1.08646,1.08662,2.37,3.00
2013.09.19 09:19:29.447,1.08646,1.08662,1.43,3.00
2013.09.19 09:19:30.227,1.08647,1.08662,2.48,1.50
2013.09.19 09:19:30.745,1.08648,1.08664,4.02,1.88
2013.09.19 09:19:32.744,1.08649,1.08664,3.98,1.13
2013.09.19 09:19:36.017,1.08649,1.08664,1.80,1.50
2013.09.19 09:19:36.197,1.08649,1.08665,4.58,1.88
2013.09.19 09:19:38.427,1.08649,1.08665,4.58,1.88
2013.09.19 09:19:38.649,1.08649,1.08664,3.83,1.50
2013.09.19 09:19:41.291,1.08649,1.08662,3.83,1.13
2013.09.19 09:19:41.362,1.08649,1.08662,1.05,1.50
2013.09.19 09:19:41.548,1.08648,1.08662,1.50,1.88
2013.09.19 09:19:42.121,1.08648,1.08662,2.85,1.88
2013.09.19 09:19:44.921,1.08648,1.08662,2.85,1.50
2013.09.19 09:19:45.174,1.08645,1.08659,1.43,1.13
2013.09.19 09:19:45.538,1.08646,1.08661,5.26,1.50
2013.09.19 09:19:46.008,1.08646,1.08659,2.78,1.13
2013.09.19 09:19:46.067,1.08645,1.08659,1.43,1.13
2013.09.19 09:19:46.127,1.08644,1.08658,1.43,1.80
2013.09.19 09:19:46.667,1.08642,1.08656,1.43,1.13
2013.09.19 09:19:49.258,1.08641,1.08655,1.35,2.25
2013.09.19 09:19:50.320,1.08641,1.08655,1.35,1.50
2013.09.19 09:19:51.897,1.0864,1.08655,1.43,1.50
2013.09.19 09:19:52.467,1.08643,1.08655,2.63,1.50
2013.09.19 09:19:52.527,1.08643,1.08655,1.88,1.50
2013.09.19 09:19:52.588,1.08643,1.08657,1.43,1.88
2013.09.19 09:19:52.648,1.08641,1.08657,2.74,1.13
2013.09.19 09:19:53.201,1.08642,1.08658,3.23,1.50
2013.09.19 09:19:53.928,1.08642,1.08658,3.98,1.50
2013.09.19 09:19:55.864,1.08642,1.08659,4.36,1.50
2013.09.19 09:19:56.298,1.08642,1.0866,4.43,1.62
2013.09.19 09:19:59.437,1.08642,1.08655,3.30,1.05
2013.09.19 09:19:59.499,1.08642,1.08655,1.05,1.05
2013.09.19 09:19:59.558,1.0864,1.08654,1.13,1.05
2013.09.19 09:19:59.977,1.08638,1.08653,1.88,1.05
2013.09.19 09:20:00.458,1.08638,1.08651,1.88,1.13
2013.09.19 09:20:00.519,1.08638,1.08653,1.88,1.80
2013.09.19 09:20:00.817,1.08641,1.08655,3.83,1.13
2013.09.19 09:20:02.227,1.08642,1.08658,3.61,1.13
2013.09.19 09:20:02.748,1.08643,1.08659,3.31,1.13
2013.09.19 09:20:03.500,1.08643,1.08659,3.31,1.13
2013.09.19 09:20:04.037,1.08642,1.08655,1.13,1.13
2013.09.19 09:20:07.168,1.08642,1.08657,1.13,1.50
2013.09.19 09:20:07.227,1.08642,1.08658,2.56,1.80
2013.09.19 09:20:09.587,1.08642,1.08658,3.98,1.13
2013.09.19 09:20:10.090,1.08642,1.08658,3.98,1.13
2013.09.19 09:20:16.007,1.08642,1.08658,3.23,1.88
2013.09.19 09:20:16.187,1.08642,1.08658,3.23,1.88
2013.09.19 09:20:16.748,1.08642,1.08657,2.86,1.50
2013.09.19 09:20:16.807,1.08641,1.08655,1.50,1.50
2013.09.19 09:20:17.049,1.08639,1.08655,1.05,1.13
2013.09.19 09:20:20.117,1.08639,1.08654,1.13,1.43
2013.09.19 09:20:20.359,1.08639,1.08657,5.11,3.87
2013.09.19 09:20:21.157,1.08639,1.08657,5.11,2.93
2013.09.19 09:20:23.057,1.08639,1.08655,1.50,2.48
2013.09.19 09:20:23.517,1.08639,1.08654,1.50,1.80
2013.09.19 09:20:24.049,1.08638,1.08653,2.25,1.05
2013.09.19 09:20:25.779,1.08638,1.08653,1.88,1.05
2013.09.19 09:20:26.077,1.08638,1.08655,2.56,2.55
2013.09.19 09:20:26.598,1.08639,1.08655,2.63,2.55
2013.09.19 09:20:27.239,1.08639,1.08655,2.63,2.55
2013.09.19 09:20:27.359,1.08639,1.08655,2.63,1.80
2013.09.19 09:20:27.900,1.08639,1.08655,1.50,1.80
2013.09.19 09:20:29.437,1.08639,1.08654,1.50,1.35
2013.09.19 09:20:30.558,1.08638,1.0865,1.88,1.05
2013.09.19 09:20:30.862,1.08633,1.08649,3.38,1.80
2013.09.19 09:20:30.928,1.08633,1.08649,2.63,3.15
2013.09.19 09:20:31.287,1.08635,1.08651,2.56,1.35
2013.09.19 09:20:32.678,1.08635,1.08652,3.31,3.23
2013.09.19 09:20:33.277,1.08635,1.08652,2.56,3.98
2013.09.19 09:20:33.985,1.08635,1.08651,1.13,1.35
2013.09.19 09:20:36.857,1.08635,1.0865,1.13,1.43
2013.09.19 09:20:39.598,1.08635,1.08651,1.13,2.10
2013.09.19 09:20:41.358,1.08635,1.08651,1.13,2.10
2013.09.19 09:20:42.958,1.08635,1.08651,1.88,2.10
2013.09.19 09:20:43.515,1.08635,1.08652,1.88,3.49
2013.09.19 09:20:44.031,1.08635,1.08652,1.88,3.49
2013.09.19 09:20:44.567,1.08636,1.08652,3.23,2.63
2013.09.19 09:20:45.134,1.08636,1.08652,3.23,1.88
2013.09.19 09:20:45.688,1.08637,1.08653,2.18,2.18
2013.09.19 09:20:46.209,1.08637,1.08652,1.43,1.50
2013.09.19 09:20:46.448,1.08638,1.08655,5.86,1.50
2013.09.19 09:20:47.108,1.08638,1.08655,5.86,1.50
2013.09.19 09:20:47.447,1.08638,1.08655,4.36,1.50
2013.09.19 09:20:47.787,1.08638,1.08655,3.61,2.25
2013.09.19 09:20:48.447,1.08638,1.08652,1.13,1.13
2013.09.19 09:20:48.838,1.08639,1.08654,2.63,1.43
2013.09.19 09:20:48.899,1.0864,1.08655,3.68,1.50
2013.09.19 09:20:49.078,1.08643,1.0866,2.18,2.37
2013.09.19 09:20:49.797,1.08642,1.08657,1.50,1.50
2013.09.19 09:20:50.428,1.08642,1.08657,1.50,1.50
2013.09.19 09:20:50.609,1.08642,1.0866,4.36,1.43
2013.09.19 09:20:51.809,1.08642,1.08657,3.98,1.43
2013.09.19 09:20:51.872,1.08641,1.08655,1.50,1.50
2013.09.19 09:20:51.937,1.08639,1.08654,1.50,1.35
2013.09.19 09:20:51.997,1.08638,1.08653,1.50,1.80
2013.09.19 09:20:52.117,1.08635,1.08651,2.25,1.35
2013.09.19 09:20:52.177,1.08633,1.0865,3.12,1.80
2013.09.19 09:20:52.297,1.08633,1.0865,2.18,1.80
2013.09.19 09:20:52.357,1.08633,1.0865,1.43,1.80
2013.09.19 09:20:53.549,1.08633,1.08648,1.50,1.43
2013.09.19 09:20:53.908,1.08629,1.08644,1.50,1.80
2013.09.19 09:20:54.267,1.08628,1.08644,1.28,1.80
2013.09.19 09:20:54.968,1.08626,1.08641,1.09,1.35
2013.09.19 09:20:55.087,1.08625,1.08641,2.07,1.35
2013.09.19 09:20:55.250,1.08625,1.08641,2.82,1.35
2013.09.19 09:20:55.608,1.08628,1.08641,4.47,1.35
2013.09.19 09:20:55.728,1.08628,1.08643,2.03,1.43
2013.09.19 09:20:55.971,1.08628,1.08642,2.22,2.10
2013.09.19 09:20:56.337,1.08624,1.0864,1.50,3.45
2013.09.19 09:20:56.876,1.08623,1.0864,3.12,2.10
2013.09.19 09:20:57.171,1.08623,1.0864,3.12,1.43
2013.09.19 09:20:58.379,1.08625,1.08641,2.93,2.18
2013.09.19 09:20:58.618,1.0863,1.08644,2.63,1.43
2013.09.19 09:20:58.738,1.0863,1.08645,3.31,1.50
2013.09.19 09:20:59.827,1.0863,1.08645,3.68,1.50
2013.09.19 09:21:00.249,1.0863,1.08644,1.88,1.50
2013.09.19 09:21:00.789,1.08628,1.08644,1.05,1.43
2013.09.19 09:21:01.657,1.08627,1.08642,2.29,1.13
2013.09.19 09:21:01.897,1.08624,1.08641,1.05,2.48
2013.09.19 09:21:02.317,1.08623,1.0864,2.18,1.43
2013.09.19 09:21:02.676,1.08621,1.08635,1.05,1.13
2013.09.19 09:21:02.737,1.08619,1.08635,1.05,1.80
2013.09.19 09:21:03.262,1.08619,1.08635,1.73,1.80
2013.09.19 09:21:03.998,1.08619,1.08635,2.48,1.88
2013.09.19 09:21:04.237,1.08617,1.08632,1.35,1.88
2013.09.19 09:21:04.358,1.08616,1.08632,1.80,1.88
2013.09.19 09:21:04.417,1.08616,1.08632,1.05,1.88
2013.09.19 09:21:04.769,1.08616,1.08632,1.05,1.88
2013.09.19 09:21:09.507,1.08616,1.08632,1.80,2.63
2013.09.19 09:21:14.349,1.08616,1.0863,1.05,1.50
2013.09.19 09:21:15.937,1.08616,1.0863,1.05,1.50
2013.09.19 09:21:16.494,1.08616,1.0863,1.05,1.50
2013.09.19 09:21:19.108,1.08616,1.0863,1.05,1.50
2013.09.19 09:21:19.998,1.08616,1.0863,1.05,1.50
2013.09.19 09:21:20.868,1.08616,1.08631,1.05,1.50
2013.09.19 09:21:21.879,1.08618,1.08632,2.63,1.88
2013.09.19 09:21:21.939,1.08618,1.08632,2.63,1.88
2013.09.19 09:21:21.999,1.08618,1.08632,1.13,1.88
2013.09.19 09:21:22.179,1.08618,1.08634,1.13,1.50
2013.09.19 09:21:22.238,1.08618,1.08635,2.93,1.43
2013.09.19 09:21:22.357,1.08618,1.08632,2.89,1.13
2013.09.19 09:21:22.783,1.08617,1.08632,1.43,1.88
2013.09.19 09:21:23.286,1.08617,1.08632,2.10,2.63
2013.09.19 09:21:24.029,1.08617,1.08632,2.48,2.63
2013.09.19 09:21:32.240,1.08622,1.08635,3.75,1.43
2013.09.19 09:21:32.417,1.08624,1.0864,3.00,2.18
2013.09.19 09:21:32.938,1.08624,1.0864,3.00,2.18
2013.09.19 09:21:33.239,1.08624,1.0864,3.76,2.18
2013.09.19 09:21:33.740,1.08624,1.08638,3.76,1.43
2013.09.19 09:21:34.747,1.08624,1.08639,3.75,1.43
2013.09.19 09:21:34.927,1.08624,1.08639,3.75,1.43
2013.09.19 09:21:35.391,1.08624,1.08639,3.00,1.43
2013.09.19 09:21:35.917,1.08624,1.08639,3.00,1.43
2013.09.19 09:21:36.277,1.08624,1.08639,3.00,1.43
2013.09.19 09:21:36.897,1.08625,1.0864,2.85,1.50
2013.09.19 09:21:42.878,1.08625,1.08638,1.13,1.13
2013.09.19 09:21:43.057,1.0862,1.08636,2.07,1.43
2013.09.19 09:21:43.117,1.0862,1.08636,2.07,1.43
2013.09.19 09:21:43.421,1.0862,1.08636,1.32,3.23
2013.09.19 09:21:43.488,1.0862,1.08634,2.10,1.50
2013.09.19 09:21:43.608,1.08617,1.08632,1.43,1.50
2013.09.19 09:21:43.729,1.08615,1.08632,1.05,3.79
2013.09.19 09:21:43.847,1.08614,1.08631,2.18,1.43
2013.09.19 09:21:44.087,1.08614,1.0863,2.55,1.13
2013.09.19 09:21:45.258,1.08614,1.0863,4.96,1.50
2013.09.19 09:21:45.867,1.08614,1.0863,4.20,1.50
2013.09.19 09:21:45.950,1.08614,1.0863,4.96,1.50
2013.09.19 09:21:46.635,1.08614,1.0863,4.21,1.50
2013.09.19 09:21:47.238,1.08614,1.0863,4.20,1.50
2013.09.19 09:21:47.358,1.08614,1.0863,6.23,1.50
2013.09.19 09:21:47.891,1.08615,1.0863,2.70,1.50
2013.09.19 09:21:48.218,1.08614,1.08629,1.05,1.13
2013.09.19 09:21:48.458,1.08613,1.08628,2.55,1.50
2013.09.19 09:21:48.987,1.08611,1.08626,1.43,1.13
2013.09.19 09:21:49.088,1.0861,1.08626,2.10,1.13
2013.09.19 09:21:49.798,1.0861,1.08626,3.98,1.88
2013.09.19 09:21:50.069,1.0861,1.08626,3.23,1.88
2013.09.19 09:21:51.358,1.0861,1.08625,1.13,2.18
2013.09.19 09:21:53.757,1.0861,1.08625,1.50,2.18
2013.09.19 09:21:56.012,1.08611,1.08625,2.63,1.43
2013.09.19 09:21:56.140,1.08613,1.08627,5.63,1.50
2013.09.19 09:21:56.198,1.08615,1.0863,2.70,1.50
2013.09.19 09:21:56.317,1.08614,1.08629,1.73,1.13
2013.09.19 09:21:56.679,1.08612,1.08627,1.99,1.50
2013.09.19 09:21:58.687,1.08612,1.08627,1.88,1.43
2013.09.19 09:21:58.868,1.08613,1.08627,3.76,1.43
2013.09.19 09:21:59.108,1.08615,1.08629,3.45,1.13
2013.09.19 09:21:59.167,1.08614,1.08627,1.80,1.50
2013.09.19 09:21:59.784,1.08612,1.08627,1.13,1.50
2013.09.19 09:22:01.397,1.08612,1.08627,3.68,1.50
2013.09.19 09:22:01.519,1.08614,1.08629,2.55,1.80
2013.09.19 09:22:01.758,1.08612,1.08627,1.80,1.50
2013.09.19 09:22:10.229,1.08614,1.08629,3.08,1.13
2013.09.19 09:22:10.288,1.08614,1.08628,3.08,1.50
2013.09.19 09:22:10.528,1.08615,1.08632,3.72,2.93
2013.09.19 09:22:11.068,1.08616,1.08632,2.18,2.18
2013.09.19 09:22:11.627,1.08616,1.0863,1.13,1.43
2013.09.19 09:22:11.897,1.08615,1.0863,1.13,1.43
2013.09.19 09:22:12.759,1.08615,1.08628,1.13,1.13
2013.09.19 09:22:12.997,1.08611,1.08627,1.99,1.13
2013.09.19 09:22:13.499,1.08609,1.08626,1.99,1.43
2013.09.19 09:22:13.727,1.08609,1.08626,1.99,2.18
2013.09.19 09:22:15.278,1.08609,1.08624,1.99,1.50
2013.09.19 09:22:17.149,1.0861,1.08626,5.48,1.13
2013.09.19 09:22:17.332,1.0861,1.08627,6.91,2.55
2013.09.19 09:22:17.861,1.08611,1.08627,8.44,1.50
2013.09.19 09:22:19.158,1.08613,1.08628,6.76,1.50
2013.09.19 09:22:19.697,1.08613,1.08627,2.18,1.50
2013.09.19 09:22:20.608,1.08612,1.08627,1.43,1.50
2013.09.19 09:22:21.560,1.08612,1.08627,1.80,1.88
2013.09.19 09:22:21.677,1.08612,1.08627,3.68,1.88
2013.09.19 09:22:21.738,1.08612,1.08627,2.56,1.13
2013.09.19 09:22:21.797,1.08613,1.08629,4.58,2.18
2013.09.19 09:22:22.317,1.08613,1.08628,1.50,1.88
2013.09.19 09:22:23.199,1.08612,1.08628,2.18,1.88
2013.09.19 09:22:23.558,1.08609,1.08626,3.83,2.93
2013.09.19 09:22:23.619,1.08609,1.08625,1.43,1.13
2013.09.19 09:22:27.048,1.08608,1.08622,1.50,1.50
2013.09.19 09:22:27.417,1.08608,1.08622,3.20,1.50
2013.09.19 09:22:27.973,1.08608,1.08622,3.20,1.50
2013.09.19 09:22:28.328,1.08608,1.08624,3.94,1.43
2013.09.19 09:22:28.388,1.08609,1.08625,3.68,1.35
2013.09.19 09:22:28.567,1.08611,1.08628,2.18,2.18
2013.09.19 09:22:29.199,1.08611,1.08627,2.18,1.50
2013.09.19 09:22:29.707,1.08611,1.08628,4.35,2.55
2013.09.19 09:22:29.888,1.08611,1.08628,6.38,1.13
2013.09.19 09:22:30.428,1.08611,1.08626,1.80,1.88
2013.09.19 09:22:39.458,1.08612,1.08627,3.23,1.50
2013.09.19 09:22:39.997,1.08612,1.08628,1.50,1.43
2013.09.19 09:22:40.988,1.08612,1.08627,3.31,1.50
2013.09.19 09:22:41.728,1.08613,1.08627,3.61,1.88
2013.09.19 09:22:41.788,1.08613,1.08626,2.18,1.50
2013.09.19 09:22:41.849,1.08611,1.08624,3.23,1.13
2013.09.19 09:22:42.148,1.08608,1.08624,1.88,1.80
2013.09.19 09:22:45.167,1.08609,1.08624,4.35,1.50
2013.09.19 09:22:49.901,1.08608,1.08623,2.25,1.43
2013.09.19 09:22:50.208,1.08608,1.08623,3.68,1.43
2013.09.19 09:22:50.509,1.08613,1.08627,4.13,1.50
2013.09.19 09:22:50.569,1.08613,1.08629,4.80,1.43
2013.09.19 09:22:51.207,1.08615,1.08632,3.68,2.18
2013.09.19 09:22:51.889,1.08615,1.08629,1.80,1.50
2013.09.19 09:22:52.797,1.08615,1.08629,1.43,1.50
2013.09.19 09:22:53.628,1.08614,1.08629,3.87,2.25
2013.09.19 09:22:54.557,1.08614,1.08629,3.87,2.25
2013.09.19 09:22:55.205,1.08614,1.08629,4.24,1.50
2013.09.19 09:22:55.921,1.08614,1.08629,3.57,2.18
2013.09.19 09:22:56.287,1.08614,1.08629,3.38,2.18
2013.09.19 09:22:58.807,1.08614,1.08629,3.38,2.18
2013.09.19 09:22:58.928,1.08615,1.08629,3.31,2.18
2013.09.19 09:23:00.397,1.08616,1.08629,3.38,1.50
2013.09.19 09:23:03.189,1.08617,1.08634,3.61,1.13
2013.09.19 09:23:03.588,1.08619,1.08635,3.68,2.18
2013.09.19 09:23:03.828,1.0862,1.08637,4.95,1.88
2013.09.19 09:23:04.068,1.08622,1.08638,4.35,2.18
2013.09.19 09:23:04.368,1.08625,1.08641,5.70,1.50
2013.09.19 09:23:05.427,1.08625,1.08641,3.68,1.50
2013.09.19 09:23:05.978,1.08625,1.0864,3.75,1.43
2013.09.19 09:23:06.527,1.08625,1.08637,2.63,1.43
2013.09.19 09:23:08.198,1.08625,1.08641,3.00,1.43
2013.09.19 09:23:08.618,1.08625,1.08641,3.75,2.18
2013.09.19 09:23:09.177,1.08625,1.08641,3.75,2.18
2013.09.19 09:23:14.128,1.08625,1.08641,3.75,2.10
2013.09.19 09:23:14.689,1.08625,1.0864,3.75,1.43
2013.09.19 09:23:17.768,1.08625,1.08642,5.11,1.50
2013.09.19 09:23:17.888,1.08625,1.08642,5.10,1.50
2013.09.19 09:23:18.247,1.08629,1.08645,3.75,2.18
2013.09.19 09:23:18.367,1.0863,1.08647,2.93,3.49
2013.09.19 09:23:19.089,1.0863,1.08646,2.63,1.43
2013.09.19 09:23:20.947,1.0863,1.08644,1.50,1.05
2013.09.19 09:23:21.074,1.0863,1.08642,1.50,1.43
2013.09.19 09:23:21.138,1.08627,1.08642,1.13,1.43
2013.09.19 09:23:21.200,1.08627,1.08642,1.13,2.78
2013.09.19 09:23:25.293,1.08626,1.0864,2.63,2.18
2013.09.19 09:23:27.967,1.08625,1.0864,3.30,1.50
2013.09.19 09:23:36.607,1.08624,1.08637,2.18,1.13
2013.09.19 09:23:36.787,1.0862,1.08634,3.30,1.43
2013.09.19 09:23:37.327,1.0862,1.08636,2.63,1.43
2013.09.19 09:23:37.447,1.0862,1.08637,3.68,2.85
2013.09.19 09:23:38.007,1.0862,1.08636,4.43,1.43
2013.09.19 09:23:38.590,1.0862,1.08636,4.43,1.43
2013.09.19 09:23:39.918,1.0862,1.08635,1.80,1.43
2013.09.19 09:23:39.977,1.0862,1.08634,1.13,1.43
2013.09.19 09:23:40.527,1.0862,1.08634,1.13,2.18
2013.09.19 09:23:41.798,1.0862,1.08634,1.13,2.18
2013.09.19 09:23:41.930,1.08619,1.08633,2.63,1.43
2013.09.19 09:23:43.519,1.08619,1.08633,1.13,2.18
2013.09.19 09:23:43.758,1.08619,1.08631,1.13,1.43
2013.09.19 09:23:50.049,1.08617,1.0863,1.13,1.50
2013.09.19 09:23:50.108,1.08617,1.08631,1.13,1.43
2013.09.19 09:23:50.697,1.08617,1.0863,1.13,1.43
2013.09.19 09:23:50.757,1.08617,1.0863,1.13,2.18
2013.09.19 09:23:51.298,1.08617,1.08628,1.13,1.43
2013.09.19 09:23:51.417,1.08617,1.0863,1.50,1.43
2013.09.19 09:23:52.407,1.08617,1.0863,3.00,1.43
2013.09.19 09:23:53.044,1.08617,1.0863,3.00,1.43
2013.09.19 09:23:55.906,1.08617,1.08631,3.00,1.43
2013.09.19 09:23:56.618,1.08617,1.0863,1.50,1.43
2013.09.19 09:23:56.813,1.08615,1.0863,2.25,2.18
2013.09.19 09:23:58.498,1.08615,1.0863,2.93,1.50
2013.09.19 09:23:59.784,1.08615,1.08629,2.25,1.50
2013.09.19 09:23:59.927,1.08615,1.0863,2.93,1.50
2013.09.19 09:24:00.047,1.08615,1.0863,2.25,2.18
2013.09.19 09:24:00.674,1.08615,1.08628,2.25,1.50
2013.09.19 09:24:00.797,1.08615,1.0863,3.00,1.43
2013.09.19 09:24:01.343,1.08615,1.08628,3.00,1.43
2013.09.19 09:24:02.757,1.08615,1.08627,3.00,1.50
2013.09.19 09:24:03.297,1.08615,1.0863,1.50,1.43
2013.09.19 09:24:04.028,1.08615,1.08627,1.50,1.50
2013.09.19 09:24:04.088,1.08612,1.08622,1.32,1.50
2013.09.19 09:24:04.448,1.08609,1.08622,2.55,1.50
2013.09.19 09:24:04.628,1.08609,1.08622,2.93,1.50
2013.09.19 09:24:05.177,1.08609,1.08624,1.88,2.18
2013.09.19 09:24:05.297,1.08609,1.08624,1.88,2.18
2013.09.19 09:24:05.817,1.08609,1.08622,2.25,1.50
2013.09.19 09:24:07.642,1.08609,1.08625,4.36,1.50
2013.09.19 09:24:07.951,1.08609,1.08619,1.13,1.50
2013.09.19 09:24:08.258,1.08596,1.08612,2.10,1.88
2013.09.19 09:24:08.439,1.08595,1.08612,1.43,2.55
2013.09.19 09:24:09.367,1.08594,1.08612,1.73,3.68
2013.09.19 09:24:10.258,1.08594,1.08612,3.08,3.68
2013.09.19 09:24:10.501,1.08595,1.08612,2.70,3.00
2013.09.19 09:24:10.693,1.08594,1.08612,2.48,2.93
2013.09.19 09:24:11.197,1.08594,1.08612,3.23,3.68
2013.09.19 09:24:11.627,1.08595,1.08612,3.46,2.25
2013.09.19 09:24:13.773,1.08595,1.08609,2.03,1.88
2013.09.19 09:24:13.839,1.08594,1.08607,1.73,1.50
2013.09.19 09:24:14.083,1.08591,1.08605,1.80,1.50
2013.09.19 09:24:14.269,1.08591,1.08606,1.13,1.43
2013.09.19 09:24:14.568,1.08593,1.08607,3.45,1.50
2013.09.19 09:24:15.089,1.08594,1.08607,3.83,1.50
2013.09.19 09:24:15.538,1.08593,1.08607,1.43,1.88
2013.09.19 09:24:15.897,1.08589,1.08604,2.18,1.50
2013.09.19 09:24:15.957,1.08589,1.08604,1.43,1.50
2013.09.19 09:24:16.077,1.08588,1.08602,2.10,1.50
2013.09.19 09:24:16.397,1.08589,1.08602,3.45,1.50
2013.09.19 09:24:16.637,1.08591,1.08606,3.45,2.63
2013.09.19 09:24:17.677,1.08592,1.08607,2.86,1.88
2013.09.19 09:24:18.311,1.08592,1.08607,3.23,1.50
2013.09.19 09:24:21.013,1.08592,1.08609,3.23,3.00
2013.09.19 09:24:22.138,1.08592,1.08608,2.18,1.88
2013.09.19 09:24:25.109,1.08592,1.08603,2.18,1.50
2013.09.19 09:24:25.661,1.08592,1.08604,1.80,1.50
2013.09.19 09:24:26.367,1.08592,1.08604,1.80,1.50
2013.09.19 09:24:26.795,1.08592,1.08604,1.43,1.50
2013.09.19 09:24:27.002,1.08592,1.08604,2.67,1.50
2013.09.19 09:24:27.709,1.08591,1.08604,2.18,1.50
2013.09.19 09:24:30.278,1.08591,1.08605,2.18,1.50
2013.09.19 09:24:30.397,1.08591,1.08604,3.68,1.50
2013.09.19 09:24:31.068,1.08591,1.08604,2.85,1.50
2013.09.19 09:24:31.817,1.08591,1.08604,1.50,2.18
2013.09.19 09:24:32.478,1.08591,1.08604,3.53,1.50
2013.09.19 09:24:32.778,1.08591,1.08606,6.57,1.50
2013.09.19 09:24:34.059,1.08592,1.08607,4.47,1.50
2013.09.19 09:24:34.218,1.08592,1.08607,3.72,1.50
2013.09.19 09:24:35.188,1.08593,1.08608,2.26,1.43
2013.09.19 09:24:35.248,1.08593,1.08607,1.50,1.50
2013.09.19 09:24:35.368,1.08593,1.08607,1.80,1.50
2013.09.19 09:24:35.729,1.08591,1.08605,1.50,1.13
2013.09.19 09:24:42.388,1.08591,1.08606,3.23,1.13
2013.09.19 09:24:46.738,1.08591,1.08605,1.88,1.43
2013.09.19 09:24:57.897,1.08591,1.08603,2.63,1.13
2013.09.19 09:24:57.958,1.08591,1.08604,1.13,1.50
2013.09.19 09:24:58.198,1.08591,1.08605,2.63,1.13
2013.09.19 09:24:58.257,1.08591,1.08605,2.63,1.13
2013.09.19 09:24:58.438,1.08591,1.08604,1.13,1.13
2013.09.19 09:25:00.468,1.08591,1.08604,1.13,1.13
2013.09.19 09:25:02.529,1.08591,1.08604,1.13,1.13
2013.09.19 09:25:02.608,1.0859,1.08603,2.18,1.13
2013.09.19 09:25:02.671,1.08588,1.08603,1.32,1.80
2013.09.19 09:25:02.738,1.08588,1.08603,1.24,1.13
2013.09.19 09:25:03.759,1.08588,1.08602,3.00,1.43
2013.09.19 09:25:03.818,1.08588,1.08602,3.75,2.18
2013.09.19 09:25:03.877,1.08588,1.08602,1.50,2.18
2013.09.19 09:25:04.238,1.08592,1.08604,5.18,2.03
2013.09.19 09:25:04.298,1.08592,1.08607,4.50,1.43
2013.09.19 09:25:04.418,1.08592,1.08607,3.23,1.50
2013.09.19 09:25:04.598,1.08591,1.08606,1.13,2.18
2013.09.19 09:25:04.958,1.08591,1.08606,2.93,2.25
2013.09.19 09:25:06.707,1.08589,1.08604,1.80,1.50
2013.09.19 09:25:06.947,1.08589,1.08603,1.05,1.50
2013.09.19 09:25:07.368,1.08591,1.08606,3.45,2.25
2013.09.19 09:25:07.607,1.0859,1.08606,2.18,1.50
2013.09.19 09:25:07.668,1.0859,1.08606,2.18,1.50
2013.09.19 09:25:09.200,1.0859,1.08606,2.18,1.50
2013.09.19 09:25:10.168,1.08591,1.08607,3.80,2.25
2013.09.19 09:25:10.821,1.08591,1.08607,3.80,2.25
2013.09.19 09:25:12.108,1.08591,1.08607,4.55,2.25
2013.09.19 09:25:13.178,1.08591,1.08607,4.55,2.25
2013.09.19 09:25:15.948,1.08592,1.08607,3.46,2.25
2013.09.19 09:25:18.408,1.08593,1.08607,2.10,2.25
2013.09.19 09:25:18.828,1.08597,1.0861,2.63,1.50
2013.09.19 09:25:18.888,1.08597,1.08611,3.68,1.50
2013.09.19 09:25:19.308,1.086,1.08612,3.46,1.50
2013.09.19 09:25:19.548,1.086,1.08612,1.43,1.50
2013.09.19 09:25:20.169,1.08598,1.08612,1.35,2.63
2013.09.19 09:25:20.468,1.08593,1.08607,1.50,1.50
2013.09.19 09:25:21.029,1.08593,1.08608,2.93,1.50
2013.09.19 09:25:24.709,1.08593,1.0861,3.61,1.43
2013.09.19 09:25:24.830,1.08599,1.0861,3.16,1.43
2013.09.19 09:25:24.888,1.08601,1.08615,4.35,1.43
2013.09.19 09:25:25.009,1.08601,1.08617,2.63,1.43
2013.09.19 09:25:25.068,1.08603,1.08621,2.56,1.35
2013.09.19 09:25:25.129,1.08603,1.0862,2.18,1.43
2013.09.19 09:25:25.428,1.08603,1.08622,4.96,1.43
2013.09.19 09:25:26.218,1.08605,1.08623,2.93,2.10
2013.09.19 09:25:26.733,1.08607,1.08624,2.93,1.54
2013.09.19 09:25:27.360,1.08607,1.08623,1.50,1.43
2013.09.19 09:25:28.228,1.08607,1.08622,1.50,1.50
2013.09.19 09:25:28.698,1.08607,1.08622,1.13,1.50
2013.09.19 09:25:30.718,1.08607,1.08621,1.13,1.43
2013.09.19 09:25:31.048,1.08605,1.08617,1.69,1.50
2013.09.19 09:25:31.609,1.08605,1.08617,1.13,1.50
2013.09.19 09:25:32.153,1.08605,1.08621,3.00,1.43
2013.09.19 09:25:33.738,1.08605,1.08617,3.01,1.50
2013.09.19 09:25:34.040,1.08603,1.08617,1.50,2.03
2013.09.19 09:25:34.161,1.08603,1.08616,1.13,1.35
2013.09.19 09:25:34.528,1.08602,1.08617,1.50,1.43
2013.09.19 09:25:35.107,1.08604,1.08617,2.18,1.50
2013.09.19 09:25:35.227,1.08604,1.08621,4.88,1.50
2013.09.19 09:25:35.874,1.08604,1.08621,4.51,1.50
2013.09.19 09:25:36.179,1.08607,1.08623,2.86,1.50
2013.09.19 09:25:36.538,1.0861,1.08626,2.48,1.43
2013.09.19 09:25:36.599,1.0861,1.08627,1.80,1.43
2013.09.19 09:25:39.237,1.08611,1.08628,3.30,2.18
2013.09.19 09:25:39.298,1.08611,1.08628,3.68,2.18
2013.09.19 09:25:39.659,1.08617,1.08633,3.31,2.18
2013.09.19 09:25:39.961,1.08617,1.08631,1.43,2.25
2013.09.19 09:25:40.080,1.08615,1.0863,1.43,1.50
2013.09.19 09:25:40.137,1.08613,1.08627,3.00,1.43
2013.09.19 09:25:41.050,1.08613,1.0863,2.93,1.43
2013.09.19 09:25:41.408,1.08615,1.08632,4.05,2.85
2013.09.19 09:25:42.157,1.08619,1.08637,2.85,2.37
2013.09.19 09:25:42.418,1.08622,1.08637,3.01,2.18
2013.09.19 09:25:42.927,1.08622,1.08636,3.01,1.43
2013.09.19 09:25:43.144,1.08622,1.08636,3.01,1.43
2013.09.19 09:25:44.578,1.08621,1.08634,1.43,1.43
2013.09.19 09:25:44.697,1.08619,1.08632,1.43,1.43
2013.09.19 09:25:45.389,1.08618,1.0863,2.25,1.43
2013.09.19 09:25:45.890,1.08618,1.0863,2.25,1.43
2013.09.19 09:25:46.505,1.08618,1.0863,2.25,1.43
2013.09.19 09:25:47.969,1.08618,1.08632,2.25,2.18
2013.09.19 09:25:48.269,1.0862,1.08635,3.38,1.43
2013.09.19 09:25:48.329,1.08621,1.08637,3.00,1.43
2013.09.19 09:25:48.449,1.08621,1.08637,2.63,1.43
2013.09.19 09:25:48.748,1.08623,1.08639,3.00,1.43
2013.09.19 09:25:48.928,1.08623,1.08639,3.01,1.43
2013.09.19 09:25:49.228,1.08623,1.08637,1.13,1.43
2013.09.19 09:25:49.911,1.08623,1.08635,1.13,1.50
2013.09.19 09:25:50.518,1.08625,1.08636,3.68,1.50
2013.09.19 09:25:50.578,1.08627,1.08637,3.01,1.43
2013.09.19 09:25:50.638,1.08627,1.08638,3.76,1.35
2013.09.19 09:25:50.819,1.08627,1.08641,1.43,1.50
2013.09.19 09:25:50.880,1.08626,1.08641,1.80,1.50
2013.09.19 09:25:51.058,1.08626,1.08643,1.13,2.29
2013.09.19 09:25:51.117,1.08626,1.08642,1.13,1.62
2013.09.19 09:25:51.178,1.08626,1.08642,3.75,2.78
2013.09.19 09:25:51.298,1.08628,1.08642,3.38,1.50
2013.09.19 09:25:51.659,1.0863,1.08646,2.86,1.50
2013.09.19 09:25:52.018,1.08627,1.08639,1.43,1.50
2013.09.19 09:25:52.558,1.08627,1.08638,1.13,1.50
2013.09.19 09:25:53.868,1.08626,1.08638,1.13,2.18
2013.09.19 09:25:56.028,1.08626,1.08641,2.25,1.43
2013.09.19 09:25:56.149,1.08628,1.08641,2.63,1.43
2013.09.19 09:25:56.568,1.08628,1.0864,1.13,1.50
2013.09.19 09:25:56.748,1.08626,1.08638,1.13,1.43
2013.09.19 09:25:57.422,1.08626,1.08637,1.13,1.50
2013.09.19 09:25:58.960,1.08626,1.08637,1.13,1.50
2013.09.19 09:25:59.380,1.08626,1.08642,4.25,1.50
2013.09.19 09:25:59.441,1.08626,1.08639,4.06,1.50
2013.09.19 09:25:59.798,1.08629,1.08639,2.63,1.50
2013.09.19 09:25:59.947,1.08629,1.08639,1.13,1.50
2013.09.19 09:26:00.187,1.08626,1.08637,1.88,1.50
2013.09.19 09:26:01.310,1.08625,1.08637,1.13,2.18
2013.09.19 09:26:03.549,1.08625,1.08637,1.13,2.18
2013.09.19 09:26:04.047,1.08625,1.08634,1.13,1.50
2013.09.19 09:26:07.633,1.08625,1.08635,1.13,1.50
2013.09.19 09:26:07.818,1.08625,1.08637,4.13,1.50
2013.09.19 09:26:07.878,1.08627,1.08642,3.01,3.45
2013.09.19 09:26:07.939,1.08627,1.08642,3.38,1.43
2013.09.19 09:26:08.179,1.08635,1.08647,4.06,1.43
2013.09.19 09:26:08.358,1.08636,1.08653,4.80,1.43
2013.09.19 09:26:09.437,1.08637,1.08652,3.38,2.78
2013.09.19 09:26:10.059,1.08637,1.0865,3.38,1.43
2013.09.19 09:26:10.307,1.08639,1.08652,3.00,1.43
2013.09.19 09:26:10.969,1.08639,1.08654,3.00,2.10
2013.09.19 09:26:11.029,1.0864,1.08655,3.01,1.35
2013.09.19 09:26:11.148,1.08644,1.08656,3.00,1.62
2013.09.19 09:26:11.208,1.08645,1.08657,3.38,1.43
2013.09.19 09:26:11.390,1.08645,1.0866,3.38,2.70
2013.09.19 09:26:11.449,1.08645,1.08661,3.38,2.10
2013.09.19 09:26:12.010,1.08645,1.08661,3.76,2.10
2013.09.19 09:26:13.259,1.0865,1.0866,2.63,1.43
2013.09.19 09:26:13.497,1.0865,1.0866,2.63,1.43
2013.09.19 09:26:13.852,1.0865,1.08661,2.63,1.35
2013.09.19 09:26:14.097,1.0865,1.08661,3.01,1.43
2013.09.19 09:26:14.611,1.0865,1.08662,2.63,1.43
2013.09.19 09:26:14.978,1.0865,1.08662,2.63,2.18
2013.09.19 09:26:15.518,1.0865,1.08662,2.25,2.18
2013.09.19 09:26:15.878,1.0865,1.08662,1.88,2.18
2013.09.19 09:26:17.303,1.0865,1.08659,1.88,1.50
2013.09.19 09:26:17.607,1.08648,1.08657,1.13,1.50
2013.09.19 09:26:17.849,1.08644,1.08657,2.25,1.43
2013.09.19 09:26:17.968,1.08644,1.08656,1.50,2.70
2013.09.19 09:26:18.480,1.08641,1.08655,1.88,1.43
2013.09.19 09:26:18.970,1.08641,1.08655,1.88,1.43
2013.09.19 09:26:19.890,1.08641,1.08654,3.38,2.10
2013.09.19 09:26:20.009,1.08641,1.08653,3.38,1.43
2013.09.19 09:26:20.568,1.08641,1.08651,3.00,1.50
2013.09.19 09:26:20.691,1.08641,1.08652,4.06,1.50
2013.09.19 09:26:23.945,1.08643,1.08653,3.01,1.50
2013.09.19 09:26:26.168,1.08642,1.08653,1.05,1.13
2013.09.19 09:26:27.167,1.08638,1.08653,1.50,1.80
2013.09.19 09:26:29.257,1.08638,1.08651,1.50,1.50
2013.09.19 09:26:29.378,1.08638,1.0865,3.01,1.50
2013.09.19 09:26:30.308,1.08638,1.0865,2.63,1.50
2013.09.19 09:26:30.431,1.08637,1.0865,1.73,1.88
2013.09.19 09:26:30.849,1.08636,1.08648,1.13,1.43
2013.09.19 09:26:31.230,1.08633,1.08648,1.13,1.43
2013.09.19 09:26:31.352,1.08629,1.08643,1.43,1.13
2013.09.19 09:26:31.418,1.08628,1.08643,1.35,1.13
2013.09.19 09:26:32.553,1.08629,1.08644,2.70,1.50
2013.09.19 09:26:34.311,1.08629,1.08644,1.35,2.25
2013.09.19 09:26:34.368,1.08629,1.08644,1.35,1.50
2013.09.19 09:26:34.947,1.08628,1.08644,3.23,1.50
2013.09.19 09:26:36.049,1.08628,1.08644,2.48,2.25
2013.09.19 09:26:42.288,1.08628,1.08644,3.23,1.50
2013.09.19 09:26:42.588,1.08629,1.08644,3.45,2.25
2013.09.19 09:26:42.951,1.0863,1.08646,4.95,1.50
2013.09.19 09:26:47.647,1.0863,1.08647,1.88,1.43
2013.09.19 09:26:48.208,1.0863,1.08644,2.63,1.50
2013.09.19 09:26:49.287,1.08628,1.08641,1.13,1.13
2013.09.19 09:27:07.627,1.08626,1.08639,1.13,1.43
2013.09.19 09:27:07.687,1.08625,1.08639,2.63,1.80
2013.09.19 09:27:07.868,1.08624,1.08635,1.88,1.13
2013.09.19 09:27:08.612,1.08624,1.08637,3.38,1.13
2013.09.19 09:27:08.858,1.08624,1.08637,3.75,1.13
2013.09.19 09:27:09.397,1.08628,1.08639,2.63,1.13
2013.09.19 09:27:14.458,1.08628,1.08637,1.13,1.13
2013.09.19 09:27:14.518,1.08626,1.08637,1.88,1.13
2013.09.19 09:27:19.447,1.08625,1.08637,3.00,1.88
2013.09.19 09:27:20.318,1.08625,1.08637,2.63,1.88
2013.09.19 09:27:21.887,1.08625,1.08637,1.13,1.50
2013.09.19 09:27:22.008,1.08623,1.08637,2.55,1.50
2013.09.19 09:27:22.779,1.08623,1.08637,1.50,1.88
2013.09.19 09:27:23.571,1.08622,1.08634,1.80,1.13
2013.09.19 09:27:30.148,1.08622,1.08634,1.80,1.13
2013.09.19 09:27:38.008,1.08622,1.08634,1.50,1.13
2013.09.19 09:27:39.211,1.08623,1.08637,3.38,1.88
2013.09.19 09:27:39.449,1.08625,1.08637,3.98,1.13
2013.09.19 09:27:40.187,1.08625,1.08637,3.98,1.13
2013.09.19 09:27:41.648,1.08625,1.08636,2.63,1.13
2013.09.19 09:27:51.900,1.08625,1.08637,1.13,1.13
2013.09.19 09:27:52.261,1.08627,1.08645,3.94,2.48
2013.09.19 09:27:53.015,1.08628,1.08644,2.45,2.10
2013.09.19 09:27:53.332,1.08623,1.08635,1.88,1.43
2013.09.19 09:27:53.580,1.08623,1.08636,1.13,1.43
2013.09.19 09:27:54.198,1.08623,1.08635,1.13,1.35
2013.09.19 09:27:54.618,1.08623,1.08634,1.13,1.43
2013.09.19 09:27:54.978,1.08618,1.0863,1.13,1.35
2013.09.19 09:27:55.038,1.08617,1.0863,1.13,1.35
2013.09.19 09:27:55.099,1.08616,1.08626,1.50,1.35
2013.09.19 09:27:55.458,1.08613,1.08626,1.50,1.35
2013.09.19 09:27:55.637,1.08613,1.08624,1.50,1.35
2013.09.19 09:27:56.330,1.08612,1.08624,1.50,2.03
2013.09.19 09:27:56.639,1.08612,1.08622,1.50,1.35
2013.09.19 09:28:01.320,1.08612,1.08626,1.88,2.03
2013.09.19 09:28:01.499,1.08612,1.08625,1.88,1.43
2013.09.19 09:28:02.448,1.08613,1.08626,3.38,1.35
2013.09.19 09:28:02.568,1.08613,1.08625,2.63,1.43
2013.09.19 09:28:05.738,1.08613,1.08625,1.88,1.43
2013.09.19 09:28:06.127,1.08613,1.08625,1.50,1.43
2013.09.19 09:28:06.678,1.08609,1.08623,1.13,1.43
2013.09.19 09:28:07.231,1.08609,1.08622,1.13,1.43
2013.09.19 09:28:07.768,1.08609,1.08622,1.13,1.43
2013.09.19 09:28:08.099,1.08609,1.0862,1.13,1.43
2013.09.19 09:28:08.651,1.08608,1.08618,1.88,2.03
2013.09.19 09:28:09.482,1.08608,1.08617,1.13,1.43
2013.09.19 09:28:09.798,1.08608,1.08618,2.63,1.35
2013.09.19 09:28:16.802,1.08607,1.08617,1.50,1.43
2013.09.19 09:28:22.044,1.08607,1.08617,2.63,1.43
2013.09.19 09:28:22.111,1.08608,1.08617,3.76,1.43
2013.09.19 09:28:22.474,1.0861,1.08624,2.63,1.43
2013.09.19 09:28:22.738,1.0861,1.08624,1.13,2.03
2013.09.19 09:28:22.798,1.08608,1.08619,2.44,1.43
2013.09.19 09:28:23.362,1.08605,1.08617,2.07,1.50
2013.09.19 09:28:23.440,1.08604,1.08615,1.13,1.43
2013.09.19 09:28:23.511,1.08604,1.08615,1.13,1.43
2013.09.19 09:28:25.540,1.08604,1.08613,1.50,1.43
2013.09.19 09:28:26.079,1.08604,1.08614,1.13,1.43
2013.09.19 09:28:26.391,1.08603,1.08611,1.13,1.43
2013.09.19 09:28:26.578,1.08599,1.0861,2.07,1.43
2013.09.19 09:28:26.638,1.08599,1.08611,1.69,1.43
2013.09.19 09:28:26.698,1.08598,1.08611,2.07,1.43
2013.09.19 09:28:27.239,1.08598,1.08612,1.32,1.50
2013.09.19 09:28:27.540,1.08598,1.08611,1.13,1.43
2013.09.19 09:28:27.838,1.08598,1.08608,1.50,1.43
2013.09.19 09:28:28.139,1.08598,1.08612,3.57,1.43
2013.09.19 09:28:28.259,1.08598,1.08612,4.32,1.50
2013.09.19 09:28:28.848,1.08598,1.08612,1.50,1.50
2013.09.19 09:28:29.088,1.08598,1.08615,1.50,1.43
2013.09.19 09:28:29.898,1.08598,1.08614,1.13,1.43
2013.09.19 09:28:30.257,1.08598,1.08614,1.50,1.43
2013.09.19 09:28:30.438,1.08598,1.08614,1.50,1.43
2013.09.19 09:28:30.679,1.08598,1.08612,2.85,1.50
2013.09.19 09:28:33.749,1.08599,1.08615,2.37,1.43
2013.09.19 09:28:34.048,1.08599,1.08615,2.37,1.43
2013.09.19 09:28:34.617,1.08603,1.0862,4.28,1.13
2013.09.19 09:28:34.928,1.08603,1.08617,2.18,1.50
2013.09.19 09:28:35.288,1.08602,1.08617,1.80,1.50
2013.09.19 09:28:37.060,1.08602,1.08617,1.13,2.18
2013.09.19 09:28:46.259,1.08604,1.08616,2.63,1.43
2013.09.19 09:28:46.440,1.08604,1.08618,1.13,1.43
2013.09.19 09:28:46.558,1.08604,1.08617,1.13,1.50
2013.09.19 09:28:46.738,1.08603,1.08617,1.62,1.50
2013.09.19 09:28:47.698,1.08601,1.08615,1.13,1.43
2013.09.19 09:28:48.678,1.08601,1.08615,1.13,1.43
2013.09.19 09:28:52.448,1.08601,1.08612,1.13,1.50
2013.09.19 09:28:56.851,1.08599,1.08612,1.80,1.88
2013.09.19 09:28:57.328,1.08597,1.08609,1.13,1.50
2013.09.19 09:28:57.451,1.08595,1.0861,1.80,1.50
2013.09.19 09:28:57.509,1.08594,1.0861,1.80,1.50
2013.09.19 09:28:57.689,1.08593,1.08609,1.24,2.55
2013.09.19 09:28:58.758,1.08591,1.08607,1.80,1.50
2013.09.19 09:29:00.128,1.08589,1.08603,1.99,1.50
2013.09.19 09:29:01.368,1.08589,1.08599,1.62,1.50
2013.09.19 09:29:05.048,1.08589,1.08603,1.43,1.50
2013.09.19 09:29:06.550,1.08591,1.08603,1.50,1.50
2013.09.19 09:29:06.671,1.08593,1.08608,4.50,1.43
2013.09.19 09:29:06.789,1.08595,1.08608,3.31,1.43
2013.09.19 09:29:06.849,1.08598,1.08609,5.18,1.43
2013.09.19 09:29:06.970,1.08598,1.08613,6.49,1.43
2013.09.19 09:29:07.029,1.08598,1.08615,5.82,1.35
2013.09.19 09:29:07.089,1.08602,1.08617,3.57,2.93
2013.09.19 09:29:08.198,1.08603,1.08618,3.95,1.80
2013.09.19 09:29:08.709,1.08602,1.08616,1.13,1.43
2013.09.19 09:29:08.999,1.08602,1.08614,1.13,1.50
2013.09.19 09:29:09.180,1.08599,1.08614,2.37,1.88
2013.09.19 09:29:09.239,1.08598,1.08608,1.54,1.13
2013.09.19 09:29:09.358,1.08595,1.08609,1.80,1.13
2013.09.19 09:29:09.859,1.08595,1.08611,1.50,1.43
2013.09.19 09:29:10.378,1.08596,1.08612,2.37,1.50
2013.09.19 09:29:10.621,1.08597,1.08612,3.46,1.50
2013.09.19 09:29:10.681,1.08597,1.08612,1.43,1.50
2013.09.19 09:29:10.801,1.08597,1.08612,1.43,1.88
2013.09.19 09:29:11.368,1.08596,1.08612,3.42,1.88
2013.09.19 09:29:11.968,1.08596,1.08612,2.67,1.50
2013.09.19 09:29:12.328,1.08599,1.08616,4.02,2.25
2013.09.19 09:29:12.871,1.08599,1.0861,2.67,1.50
2013.09.19 09:29:12.929,1.08599,1.0861,2.48,1.88
2013.09.19 09:29:13.048,1.08598,1.08612,1.13,2.55
2013.09.19 09:29:13.528,1.08598,1.08612,1.13,1.50
2013.09.19 09:29:13.788,1.08598,1.08612,1.80,1.50
2013.09.19 09:29:16.147,1.08596,1.08612,2.18,1.50
2013.09.19 09:29:17.787,1.08595,1.08611,2.63,1.43
2013.09.19 09:29:18.510,1.08595,1.08611,3.00,1.43
2013.09.19 09:29:19.568,1.08595,1.08612,3.75,2.48
2013.09.19 09:29:19.629,1.08597,1.08612,4.05,1.50
2013.09.19 09:29:19.691,1.08598,1.08612,3.38,1.50
2013.09.19 09:29:19.938,1.08601,1.08618,3.98,5.25
2013.09.19 09:29:20.978,1.08601,1.08612,4.05,1.50
2013.09.19 09:29:27.461,1.08601,1.08612,4.99,1.50
2013.09.19 09:29:28.292,1.08601,1.08613,5.37,1.50
2013.09.19 09:29:30.368,1.08603,1.08615,3.01,1.50
2013.09.19 09:29:33.448,1.08603,1.08612,3.68,1.50
2013.09.19 09:29:33.998,1.08603,1.08612,1.13,1.50
2013.09.19 09:29:39.798,1.08603,1.08613,3.01,1.50
2013.09.19 09:29:41.118,1.08606,1.08618,2.63,1.43
2013.09.19 09:29:41.478,1.08607,1.0862,3.01,1.50
2013.09.19 09:29:41.758,1.08607,1.08622,3.01,1.43
2013.09.19 09:29:41.878,1.08607,1.08622,2.82,2.18
2013.09.19 09:29:42.422,1.08608,1.08625,2.82,2.10
2013.09.19 09:29:42.489,1.08608,1.08624,1.13,1.43
2013.09.19 09:29:43.098,1.08609,1.08625,3.50,1.35
2013.09.19 09:29:43.730,1.08609,1.08626,3.50,2.10
2013.09.19 09:29:44.269,1.08611,1.08627,3.20,2.18
2013.09.19 09:29:44.390,1.08611,1.08627,3.20,2.18
2013.09.19 09:29:45.208,1.08611,1.08627,3.20,2.18
2013.09.19 09:29:45.331,1.08611,1.08627,3.57,2.18
2013.09.19 09:29:45.389,1.08611,1.08627,4.32,2.18
2013.09.19 09:29:45.510,1.08611,1.08622,1.13,1.50
2013.09.19 09:29:45.690,1.08611,1.08622,1.13,1.50
2013.09.19 09:29:46.218,1.08611,1.08622,1.13,1.50
2013.09.19 09:29:47.048,1.08611,1.08622,1.13,1.50
2013.09.19 09:29:48.667,1.08611,1.08622,2.63,1.50
2013.09.19 09:29:59.069,1.08612,1.08627,2.93,1.50
2013.09.19 09:29:59.429,1.08613,1.08628,2.26,1.50
2013.09.19 09:29:59.491,1.08615,1.08628,3.38,1.50
2013.09.19 09:29:59.670,1.08615,1.08629,3.38,1.50
2013.09.19 09:29:59.730,1.08615,1.08628,3.38,1.50
2013.09.19 09:29:59.789,1.08615,1.08627,3.38,1.50
2013.09.19 09:29:59.989,1.08615,1.0863,1.13,2.18
2013.09.19 09:30:01.628,1.08622,1.08631,4.35,1.50
2013.09.19 09:30:01.688,1.08623,1.08635,2.85,1.35
2013.09.19 09:30:01.868,1.08628,1.08638,3.01,2.03
2013.09.19 09:30:01.929,1.08631,1.08643,3.01,2.70
2013.09.19 09:30:01.988,1.08632,1.08644,3.01,1.35
2013.09.19 09:30:02.630,1.08632,1.08643,1.13,1.43
2013.09.19 09:30:03.350,1.08632,1.08643,1.13,1.43
2013.09.19 09:30:03.751,1.08632,1.08643,1.13,1.80
2013.09.19 09:30:12.159,1.08631,1.08637,1.50,1.50
2013.09.19 09:30:12.218,1.08628,1.0864,1.88,1.13
2013.09.19 09:30:12.778,1.08628,1.08641,2.63,2.18
2013.09.19 09:30:14.829,1.08625,1.08637,2.82,1.50
2013.09.19 09:30:15.189,1.08625,1.08638,2.44,1.50
2013.09.19 09:30:15.250,1.08625,1.08639,2.25,1.50
2013.09.19 09:30:15.369,1.08629,1.08643,2.25,1.43
2013.09.19 09:30:15.431,1.08632,1.08647,2.18,1.50
2013.09.19 09:30:15.489,1.08632,1.08647,1.13,1.50
2013.09.19 09:30:15.728,1.08632,1.08647,3.49,1.50
2013.09.19 09:30:15.789,1.08632,1.08647,3.50,1.50
2013.09.19 09:30:16.088,1.08632,1.08647,1.13,1.50
2013.09.19 09:30:16.509,1.0863,1.08642,2.37,1.50
2013.09.19 09:30:17.660,1.0863,1.08642,1.32,1.50
2013.09.19 09:30:17.718,1.08625,1.0864,1.50,2.18
2013.09.19 09:30:18.380,1.08623,1.08638,1.50,1.43
2013.09.19 09:30:18.449,1.08623,1.08638,1.50,2.18
2013.09.19 09:30:18.509,1.08622,1.08638,3.00,2.18
2013.09.19 09:30:19.536,1.08622,1.08637,1.13,1.50
2013.09.19 09:30:19.609,1.08626,1.08642,4.99,1.50
2013.09.19 09:30:19.738,1.08626,1.08642,4.99,1.50
2013.09.19 09:30:20.908,1.08628,1.08643,2.93,1.50
2013.09.19 09:30:21.089,1.08628,1.08642,2.93,1.50
2013.09.19 09:30:21.448,1.08628,1.08642,4.13,1.50
2013.09.19 09:30:21.508,1.08628,1.08643,4.13,1.43
2013.09.19 09:30:21.568,1.08628,1.08645,5.56,2.48
2013.09.19 09:30:22.136,1.08628,1.08645,6.23,1.80
2013.09.19 09:30:22.550,1.08628,1.08645,6.23,1.80
2013.09.19 09:30:24.051,1.08628,1.08642,4.13,1.50
2013.09.19 09:30:24.549,1.08632,1.08645,2.26,1.35
2013.09.19 09:30:24.728,1.08634,1.08647,2.63,2.10
2013.09.19 09:30:25.327,1.08634,1.08647,3.01,1.50
2013.09.19 09:30:25.748,1.08634,1.08647,1.88,2.18
2013.09.19 09:30:29.068,1.08634,1.08647,3.01,1.43
2013.09.19 09:30:29.437,1.08637,1.08648,3.01,1.50
2013.09.19 09:30:30.200,1.08636,1.08646,1.13,1.43
2013.09.19 09:30:33.900,1.08636,1.08651,2.18,1.62
2013.09.19 09:30:34.032,1.08636,1.08652,2.55,2.44
2013.09.19 09:30:34.338,1.08639,1.08657,5.03,1.73
2013.09.19 09:30:34.460,1.08641,1.08657,3.68,1.43
2013.09.19 09:30:34.819,1.08644,1.08661,2.85,1.24
2013.09.19 09:30:34.879,1.08644,1.08661,1.80,1.92
2013.09.19 09:30:35.360,1.08644,1.08661,1.13,1.35
2013.09.19 09:30:35.859,1.08644,1.08658,1.13,1.43
2013.09.19 09:30:35.919,1.08643,1.08658,1.13,2.10
2013.09.19 09:30:36.038,1.08642,1.08657,1.13,1.43
2013.09.19 09:30:36.100,1.08642,1.08657,1.13,2.18
2013.09.19 09:30:37.698,1.08642,1.08657,1.13,2.18
2013.09.19 09:30:42.985,1.08642,1.08657,1.13,2.18
2013.09.19 09:30:43.108,1.08642,1.08657,1.50,2.18
2013.09.19 09:30:43.408,1.08642,1.08657,4.36,1.50
2013.09.19 09:30:43.768,1.08645,1.08657,2.26,1.50
2013.09.19 09:30:44.008,1.08648,1.08662,2.56,1.50
2013.09.19 09:30:44.251,1.08648,1.08665,2.93,1.43
2013.09.19 09:30:44.775,1.08648,1.08666,4.28,2.48
2013.09.19 09:30:45.168,1.08649,1.08665,2.85,1.13
2013.09.19 09:30:45.528,1.08651,1.08666,4.05,1.43
2013.09.19 09:30:45.588,1.08653,1.08669,2.93,2.03
2013.09.19 09:30:45.708,1.08655,1.08671,4.28,1.50
2013.09.19 09:30:45.828,1.08657,1.08672,2.18,1.50
2013.09.19 09:30:46.189,1.08658,1.08674,3.38,1.43
2013.09.19 09:30:46.488,1.08658,1.08675,3.05,1.80
2013.09.19 09:30:46.671,1.08658,1.08675,2.26,1.73
2013.09.19 09:30:46.910,1.08658,1.08675,5.18,1.35
2013.09.19 09:30:47.088,1.08659,1.08677,3.04,2.18
2013.09.19 09:30:47.578,1.0866,1.08677,2.18,1.43
2013.09.19 09:30:47.938,1.08662,1.08678,3.68,1.43
2013.09.19 09:30:48.470,1.08662,1.08679,2.25,1.35
2013.09.19 09:30:48.768,1.08663,1.0868,3.61,1.43
2013.09.19 09:30:48.828,1.08663,1.08679,2.55,1.05
2013.09.19 09:30:49.189,1.08662,1.08674,1.13,2.03
2013.09.19 09:30:49.728,1.08658,1.08673,2.25,1.05
2013.09.19 09:30:49.788,1.08656,1.0867,2.07,1.05
2013.09.19 09:30:49.968,1.08654,1.08668,1.32,1.43
2013.09.19 09:30:50.028,1.08654,1.08668,1.13,1.43
2013.09.19 09:30:50.688,1.08654,1.0867,5.15,1.50
2013.09.19 09:30:51.261,1.08656,1.0867,4.20,1.50
2013.09.19 09:30:51.328,1.08656,1.0867,3.83,1.50
2013.09.19 09:30:51.839,1.08656,1.08667,1.13,1.50
2013.09.19 09:30:51.960,1.08656,1.08667,1.13,1.50
2013.09.19 09:30:53.168,1.08656,1.08669,1.80,1.88
2013.09.19 09:30:53.710,1.08656,1.08669,1.13,1.50
2013.09.19 09:30:53.891,1.08656,1.08671,1.13,1.13
2013.09.19 09:30:54.198,1.08656,1.08669,1.13,1.50
2013.09.19 09:30:55.031,1.08659,1.08669,2.56,1.50
2013.09.19 09:30:55.090,1.08659,1.08673,2.56,1.43
2013.09.19 09:30:55.629,1.0866,1.08676,2.63,2.18
2013.09.19 09:31:00.188,1.0866,1.08672,1.13,1.13
2013.09.19 09:31:00.309,1.0866,1.0867,1.13,1.13
2013.09.19 09:31:00.849,1.08657,1.0867,1.13,1.43
2013.09.19 09:31:00.969,1.08657,1.08671,1.13,1.73
2013.09.19 09:31:01.028,1.08657,1.08669,1.13,1.50
2013.09.19 09:31:01.088,1.08657,1.08669,1.13,1.50
2013.09.19 09:31:01.209,1.08658,1.08671,3.01,1.13
2013.09.19 09:31:01.749,1.08657,1.08668,1.13,1.43
2013.09.19 09:31:02.396,1.08657,1.08667,1.13,1.50
2013.09.19 09:31:04.409,1.08658,1.08672,2.26,2.48
2013.09.19 09:31:04.590,1.08659,1.08672,2.26,1.50
2013.09.19 09:31:05.130,1.08659,1.08672,1.13,1.13
2013.09.19 09:31:05.251,1.08659,1.08674,1.13,1.50
2013.09.19 09:31:05.731,1.08659,1.08675,2.56,1.88
2013.09.19 09:31:12.778,1.08659,1.08674,3.20,2.18
2013.09.19 09:31:12.958,1.08659,1.08672,3.20,1.50
2013.09.19 09:31:14.198,1.0866,1.08673,3.76,1.50
2013.09.19 09:31:14.258,1.0866,1.08673,4.43,1.50
2013.09.19 09:31:14.498,1.0866,1.08673,2.56,1.50
2013.09.19 09:31:18.107,1.0866,1.08673,1.13,1.50
2013.09.19 09:31:18.468,1.0866,1.08673,1.13,1.50
2013.09.19 09:31:22.118,1.0866,1.08674,2.18,1.50
2013.09.19 09:31:22.926,1.08662,1.08674,2.18,1.50
2013.09.19 09:31:23.837,1.08662,1.08674,2.18,1.50
2013.09.19 09:31:23.958,1.08663,1.08678,2.26,1.43
2013.09.19 09:31:24.078,1.08664,1.08677,4.58,1.50
2013.09.19 09:31:24.199,1.08666,1.08678,2.56,1.50
2013.09.19 09:31:24.258,1.08666,1.08679,2.93,1.88
2013.09.19 09:31:24.318,1.08666,1.08679,2.55,1.88
2013.09.19 09:31:24.498,1.08666,1.08679,1.13,1.80
2013.09.19 09:31:24.678,1.08666,1.08677,1.13,1.50
2013.09.19 09:31:25.278,1.08664,1.08677,1.13,1.50
2013.09.19 09:31:29.737,1.08664,1.08677,1.13,1.50
2013.09.19 09:31:32.158,1.08664,1.08675,1.13,1.43
2013.09.19 09:31:32.578,1.08664,1.08677,2.63,2.18
2013.09.19 09:31:32.938,1.08664,1.0868,3.57,1.05
2013.09.19 09:31:33.061,1.08666,1.08678,3.01,1.50
2013.09.19 09:31:33.121,1.08666,1.08678,3.68,1.50
2013.09.19 09:31:33.430,1.08669,1.08682,2.63,2.48
2013.09.19 09:31:33.552,1.08669,1.08682,1.13,3.23
2013.09.19 09:31:33.618,1.08669,1.08682,1.13,3.23
2013.09.19 09:31:34.160,1.08668,1.0868,1.88,1.05
2013.09.19 09:31:34.220,1.08668,1.08678,1.88,1.13
2013.09.19 09:31:34.279,1.08668,1.08678,1.88,1.80
2013.09.19 09:31:34.639,1.08668,1.08679,1.88,1.73
2013.09.19 09:31:34.762,1.08668,1.08678,1.13,1.80
2013.09.19 09:31:34.829,1.08668,1.08678,1.13,1.05
2013.09.19 09:31:34.890,1.08668,1.08678,1.88,1.13
2013.09.19 09:31:35.188,1.08668,1.08682,1.88,1.80
2013.09.19 09:31:35.369,1.08668,1.08682,1.88,1.80
2013.09.19 09:31:35.700,1.08668,1.0868,1.88,1.13
2013.09.19 09:31:36.058,1.08668,1.08681,1.13,1.13
2013.09.19 09:31:36.611,1.08669,1.08682,3.68,1.13
2013.09.19 09:31:38.748,1.08671,1.08684,3.23,1.13
2013.09.19 09:31:38.950,1.08673,1.08687,3.38,1.88
2013.09.19 09:31:39.009,1.08673,1.08687,3.38,1.88
2013.09.19 09:31:39.128,1.08673,1.08687,2.63,1.50
2013.09.19 09:31:39.770,1.08673,1.08687,3.98,1.88
2013.09.19 09:31:40.329,1.08675,1.08688,2.48,1.13
2013.09.19 09:31:41.178,1.08675,1.08687,1.13,1.50
2013.09.19 09:31:42.628,1.08675,1.08687,1.13,1.88
2013.09.19 09:31:43.170,1.08675,1.08687,1.13,1.50
2013.09.19 09:31:44.028,1.08675,1.08687,1.13,2.18
2013.09.19 09:31:44.533,1.08675,1.08685,1.13,1.43
2013.09.19 09:31:44.838,1.08675,1.08685,1.13,1.43
2013.09.19 09:31:45.174,1.08675,1.08685,1.13,1.43
2013.09.19 09:31:46.041,1.08674,1.08684,1.13,2.10
2013.09.19 09:31:46.160,1.08673,1.08683,1.13,2.10
2013.09.19 09:31:46.701,1.08668,1.08681,1.13,1.43
2013.09.19 09:31:46.878,1.08668,1.0868,1.13,1.35
2013.09.19 09:31:47.248,1.08668,1.08681,1.13,1.43
2013.09.19 09:31:47.829,1.08668,1.08682,1.13,1.43
2013.09.19 09:31:48.501,1.08668,1.08681,1.88,1.13
2013.09.19 09:31:49.008,1.08668,1.08679,1.88,1.43
2013.09.19 09:31:49.548,1.08668,1.08679,1.88,1.43
2013.09.19 09:31:50.568,1.08668,1.08679,1.88,1.43
2013.09.19 09:31:51.813,1.08663,1.08675,1.88,1.13
2013.09.19 09:31:51.878,1.08663,1.08675,1.88,1.13
2013.09.19 09:31:52.058,1.08663,1.08675,1.88,3.45
2013.09.19 09:31:52.578,1.08663,1.08674,1.88,1.43
2013.09.19 09:31:53.069,1.08663,1.08674,1.88,1.43
2013.09.19 09:31:55.980,1.08663,1.08675,1.88,1.43
2013.09.19 09:31:56.158,1.08663,1.08677,1.88,1.50
2013.09.19 09:31:56.278,1.08663,1.08677,1.88,2.18
2013.09.19 09:31:56.398,1.08663,1.08676,1.88,1.43
2013.09.19 09:31:57.089,1.08663,1.08677,1.88,1.50
2013.09.19 09:31:57.299,1.08663,1.08677,1.88,1.50
2013.09.19 09:31:57.459,1.08663,1.08679,1.88,1.99
2013.09.19 09:31:58.046,1.08663,1.08677,1.13,1.50
2013.09.19 09:31:58.168,1.08663,1.08677,1.13,1.50
2013.09.19 09:31:59.100,1.08663,1.08676,1.13,1.50
2013.09.19 09:31:59.278,1.08663,1.08677,3.31,1.50
2013.09.19 09:31:59.400,1.08663,1.0868,3.30,2.10
2013.09.19 09:31:59.578,1.08665,1.08681,2.55,1.05
2013.09.19 09:32:00.359,1.08665,1.08681,3.30,1.43
2013.09.19 09:32:06.959,1.08665,1.0868,1.50,1.43
2013.09.19 09:32:09.110,1.08665,1.08676,1.50,1.13
2013.09.19 09:32:09.170,1.08665,1.08676,1.50,1.80
2013.09.19 09:32:09.230,1.08665,1.08675,1.50,1.13
2013.09.19 09:32:09.291,1.08663,1.08674,1.50,1.05
2013.09.19 09:32:09.948,1.08663,1.08674,1.50,1.05
2013.09.19 09:32:10.520,1.08663,1.08674,1.50,1.80
2013.09.19 09:32:10.759,1.08663,1.08674,1.50,1.43
2013.09.19 09:32:12.468,1.08662,1.08674,1.88,1.43
2013.09.19 09:32:12.949,1.08658,1.08671,1.13,1.50
2013.09.19 09:32:13.309,1.08653,1.0867,2.55,2.55
2013.09.19 09:32:14.012,1.08653,1.08668,1.88,2.18
2013.09.19 09:32:14.370,1.08653,1.08667,2.56,1.50
2013.09.19 09:32:16.302,1.08653,1.0867,3.60,2.18
2013.09.19 09:32:16.669,1.08656,1.08672,2.48,1.50
2013.09.19 09:32:16.901,1.08656,1.08672,3.23,1.50
2013.09.19 09:32:17.209,1.08656,1.08672,3.23,1.50
2013.09.19 09:32:18.422,1.08658,1.08672,2.55,1.50
2013.09.19 09:32:18.658,1.08663,1.08677,4.06,1.50
2013.09.19 09:32:18.719,1.08664,1.08677,4.13,1.50
2013.09.19 09:32:19.025,1.08666,1.08682,2.55,1.13
2013.09.19 09:32:20.738,1.08666,1.08682,1.88,1.50
2013.09.19 09:32:23.869,1.08666,1.08683,1.88,2.18
2013.09.19 09:32:23.990,1.08667,1.08683,2.56,1.50
2013.09.19 09:32:24.228,1.08667,1.08683,3.23,1.50
2013.09.19 09:32:25.198,1.08668,1.08684,2.56,1.88
2013.09.19 09:32:25.458,1.08668,1.08684,2.18,2.25
2013.09.19 09:32:26.569,1.08668,1.08684,4.81,2.55
2013.09.19 09:32:26.810,1.08673,1.08689,2.85,1.43
2013.09.19 09:32:27.372,1.08674,1.08691,3.98,1.43
2013.09.19 09:32:27.828,1.08674,1.0869,2.93,1.50
2013.09.19 09:32:28.958,1.08674,1.0869,2.93,2.55
2013.09.19 09:32:29.321,1.08674,1.08691,1.50,2.85
2013.09.19 09:32:32.069,1.08674,1.08691,2.86,1.50
2013.09.19 09:32:32.339,1.08674,1.08692,2.86,2.55
2013.09.19 09:32:33.161,1.08674,1.08692,4.28,2.93
2013.09.19 09:32:34.628,1.08674,1.08692,5.41,2.18
2013.09.19 09:32:35.359,1.08675,1.08692,2.56,2.93
2013.09.19 09:32:37.115,1.08675,1.08692,2.56,2.93
2013.09.19 09:32:37.479,1.08677,1.08692,3.23,2.25
2013.09.19 09:32:40.797,1.08677,1.08692,3.23,1.50
2013.09.19 09:32:40.878,1.08681,1.08699,4.58,1.13
2013.09.19 09:32:41.828,1.08681,1.08697,4.58,1.50
2013.09.19 09:32:46.868,1.08681,1.08696,4.02,1.13
2013.09.19 09:32:47.549,1.08685,1.087,3.46,1.88
2013.09.19 09:32:47.791,1.0869,1.08707,2.48,2.10
2013.09.19 09:32:48.335,1.08692,1.0871,2.48,2.93
2013.09.19 09:32:49.018,1.08693,1.0871,2.56,1.05
2013.09.19 09:32:49.888,1.08693,1.0871,2.56,1.80
2013.09.19 09:32:50.258,1.08693,1.0871,2.56,1.80
2013.09.19 09:32:50.839,1.08693,1.08708,1.13,1.43
2013.09.19 09:32:53.289,1.08693,1.08707,1.13,1.50
2013.09.19 09:32:54.731,1.08693,1.08704,1.50,1.80
2013.09.19 09:32:54.800,1.08691,1.08704,1.69,2.18
2013.09.19 09:32:55.038,1.08689,1.08701,1.50,2.40
2013.09.19 09:32:55.398,1.08688,1.08701,1.50,1.05
2013.09.19 09:32:55.993,1.08688,1.08701,1.50,1.80
2013.09.19 09:32:56.119,1.08688,1.087,1.50,1.13
2013.09.19 09:32:56.388,1.08688,1.087,1.50,1.13
2013.09.19 09:32:56.969,1.08688,1.087,1.50,1.13
2013.09.19 09:32:57.089,1.08688,1.087,1.50,1.13
2013.09.19 09:32:57.928,1.08688,1.08697,1.50,1.43
2013.09.19 09:32:58.992,1.08683,1.08696,1.88,1.43
2013.09.19 09:32:59.059,1.08683,1.08696,1.88,1.43
2013.09.19 09:32:59.241,1.08683,1.08696,1.50,4.35
2013.09.19 09:32:59.479,1.08673,1.08686,2.44,1.43
2013.09.19 09:32:59.720,1.08669,1.08685,1.32,1.80
2013.09.19 09:33:01.218,1.0867,1.08687,2.55,2.18
2013.09.19 09:33:01.440,1.0867,1.08687,2.55,2.18
2013.09.19 09:33:02.098,1.0867,1.08685,1.88,1.43
2013.09.19 09:33:02.399,1.08671,1.08685,3.76,1.80
2013.09.19 09:33:04.478,1.08671,1.08682,4.35,1.50
2013.09.19 09:33:05.228,1.08669,1.08683,1.13,1.50
2013.09.19 09:33:05.731,1.08669,1.08682,1.13,1.50
2013.09.19 09:33:06.824,1.08669,1.08681,1.13,1.50
2013.09.19 09:33:06.960,1.08668,1.08679,1.24,1.13
2013.09.19 09:33:07.020,1.08666,1.08679,1.43,1.13
2013.09.19 09:33:07.558,1.08663,1.08679,1.43,1.50
2013.09.19 09:33:08.628,1.08663,1.08677,3.31,1.50
2013.09.19 09:33:09.861,1.08662,1.08675,1.13,1.13
2013.09.19 09:33:09.918,1.0866,1.08675,1.43,1.13
2013.09.19 09:33:10.098,1.08659,1.08675,1.13,1.05
2013.09.19 09:33:11.137,1.0866,1.08675,2.63,1.43
2013.09.19 09:33:12.501,1.0866,1.08672,2.93,1.13
2013.09.19 09:33:12.739,1.08658,1.08669,1.50,1.73
2013.09.19 09:33:12.858,1.08658,1.08672,1.88,1.35
2013.09.19 09:33:13.219,1.08655,1.0867,1.62,1.13
2013.09.19 09:33:17.489,1.08655,1.08672,1.13,2.55
2013.09.19 09:33:17.849,1.08657,1.08672,4.55,1.50
2013.09.19 09:33:17.970,1.08657,1.08672,1.13,1.50
2013.09.19 09:33:18.031,1.08657,1.08671,1.50,1.43
2013.09.19 09:33:18.279,1.08657,1.0867,1.50,2.18
2013.09.19 09:33:18.580,1.08655,1.08668,1.50,1.13
2013.09.19 09:33:18.701,1.08655,1.08666,1.43,1.13
2013.09.19 09:33:18.762,1.08655,1.08667,1.43,1.88
2013.09.19 09:33:19.299,1.08653,1.08667,1.80,1.50
2013.09.19 09:33:19.420,1.08653,1.08667,1.43,1.88
2013.09.19 09:33:19.481,1.08652,1.08667,1.43,2.25
2013.09.19 09:33:20.066,1.08648,1.08664,1.50,1.05
2013.09.19 09:33:20.785,1.08648,1.08664,1.50,1.80
2013.09.19 09:33:21.328,1.08647,1.08664,1.80,2.55
2013.09.19 09:33:21.630,1.08643,1.08659,2.18,1.43
2013.09.19 09:33:21.690,1.08643,1.08657,1.43,1.13
2013.09.19 09:33:22.000,1.08642,1.08656,1.32,1.05
2013.09.19 09:33:22.119,1.08639,1.08655,1.32,1.80
2013.09.19 09:33:22.240,1.08638,1.08655,2.37,2.18
2013.09.19 09:33:22.760,1.08638,1.08652,1.62,1.13
2013.09.19 09:33:24.038,1.08637,1.08653,1.43,2.18
2013.09.19 09:33:24.398,1.08638,1.08653,3.50,1.50
2013.09.19 09:33:24.958,1.08638,1.08654,5.00,1.13
2013.09.19 09:33:26.538,1.08638,1.08654,6.65,1.13
2013.09.19 09:33:27.214,1.08638,1.08655,4.92,1.43
2013.09.19 09:33:27.751,1.08637,1.08653,1.43,1.50
2013.09.19 09:33:27.928,1.08635,1.08652,1.43,2.18
2013.09.19 09:33:28.981,1.08634,1.0865,1.62,1.80
2013.09.19 09:33:29.163,1.08634,1.08648,1.62,1.13
2013.09.19 09:33:29.232,1.08634,1.0865,1.80,1.80
2013.09.19 09:33:29.299,1.08634,1.08649,3.53,1.13
2013.09.19 09:33:29.600,1.0864,1.08655,3.46,1.50
2013.09.19 09:33:30.594,1.0864,1.08656,3.46,1.13
2013.09.19 09:33:30.718,1.0864,1.08656,3.46,1.13
2013.09.19 09:33:30.840,1.0864,1.08656,3.46,1.13
2013.09.19 09:33:31.018,1.0864,1.08656,4.21,1.13
2013.09.19 09:33:31.569,1.08641,1.08656,2.85,1.13
2013.09.19 09:33:33.237,1.08643,1.08659,4.88,1.13
2013.09.19 09:33:33.302,1.08643,1.08659,1.50,1.80
2013.09.19 09:33:38.460,1.0864,1.08654,1.69,1.13
2013.09.19 09:33:38.639,1.08638,1.08654,1.43,2.48
2013.09.19 09:33:38.699,1.08638,1.08652,1.43,1.50
2013.09.19 09:33:38.941,1.08633,1.08648,1.43,1.13
2013.09.19 09:33:39.530,1.08633,1.08648,1.50,1.05
2013.09.19 09:33:40.498,1.08633,1.08648,1.50,1.80
2013.09.19 09:33:42.608,1.08633,1.08647,1.43,1.50
2013.09.19 09:33:43.128,1.08631,1.08647,1.80,1.50
2013.09.19 09:33:43.480,1.0863,1.08645,1.32,2.18
2013.09.19 09:33:43.599,1.08631,1.08647,2.48,1.88
2013.09.19 09:33:43.720,1.08631,1.08647,1.80,1.88
2013.09.19 09:33:44.079,1.08633,1.08651,3.23,1.99
2013.09.19 09:33:45.230,1.08635,1.08649,2.63,1.43
2013.09.19 09:33:45.351,1.08638,1.08654,2.56,1.43
2013.09.19 09:33:45.472,1.0864,1.08656,3.23,1.13
2013.09.19 09:33:45.599,1.08641,1.08659,5.89,1.43
2013.09.19 09:33:46.505,1.08643,1.0866,2.56,1.73
2013.09.19 09:33:47.648,1.08643,1.08659,2.56,1.43
2013.09.19 09:33:48.590,1.08643,1.08661,3.60,1.43
2013.09.19 09:33:49.129,1.08643,1.08661,3.60,2.18
2013.09.19 09:33:49.418,1.08643,1.08661,3.60,2.18
2013.09.19 09:33:49.969,1.08643,1.08657,1.80,1.50
2013.09.19 09:33:50.638,1.08643,1.08657,1.43,1.50
2013.09.19 09:33:52.089,1.08644,1.08661,3.83,1.13
2013.09.19 09:33:52.448,1.08647,1.08664,3.60,2.37
2013.09.19 09:33:52.568,1.08648,1.08665,3.60,1.80
2013.09.19 09:33:52.749,1.08652,1.08667,3.23,1.88
2013.09.19 09:33:52.809,1.08653,1.08668,3.90,1.13
2013.09.19 09:33:52.869,1.08655,1.08671,3.23,1.43
2013.09.19 09:33:52.990,1.08658,1.08673,2.93,1.43
2013.09.19 09:33:53.050,1.08659,1.08674,4.43,1.43
2013.09.19 09:33:53.110,1.08659,1.08676,4.43,1.73
2013.09.19 09:33:53.469,1.08663,1.08681,2.86,1.43
2013.09.19 09:33:53.530,1.08663,1.08681,2.86,1.05
2013.09.19 09:33:54.041,1.08663,1.08678,1.50,1.13
2013.09.19 09:33:55.398,1.08662,1.08678,2.37,1.50
2013.09.19 09:33:55.810,1.08662,1.08677,2.37,1.50
2013.09.19 09:33:56.169,1.08661,1.08672,1.43,1.50
2013.09.19 09:33:56.718,1.08658,1.08673,1.88,1.43
2013.09.19 09:33:57.028,1.08658,1.08673,1.88,1.43
2013.09.19 09:33:57.598,1.08658,1.08672,1.13,1.50
2013.09.19 09:33:57.658,1.08657,1.08669,1.62,1.50
2013.09.19 09:33:58.178,1.08655,1.0867,1.32,1.50
2013.09.19 09:33:58.478,1.08655,1.08667,1.32,1.50
2013.09.19 09:33:59.070,1.08655,1.08671,2.63,1.43
2013.09.19 09:33:59.129,1.08655,1.08671,3.00,1.43
2013.09.19 09:33:59.189,1.08656,1.08672,2.37,1.50
2013.09.19 09:34:00.050,1.08656,1.08671,1.13,1.43
2013.09.19 09:34:00.379,1.08657,1.08671,3.38,1.43
2013.09.19 09:34:00.971,1.08657,1.08674,4.25,1.80
2013.09.19 09:34:02.279,1.08658,1.08674,3.12,1.43
2013.09.19 09:34:02.339,1.08659,1.08674,3.15,1.13
2013.09.19 09:34:02.641,1.08659,1.08672,1.43,1.13
2013.09.19 09:34:03.179,1.08659,1.08675,3.46,1.13
2013.09.19 09:34:03.598,1.08661,1.08677,3.46,1.88
2013.09.19 09:34:03.660,1.08661,1.08677,3.46,2.25
2013.09.19 09:34:04.469,1.08661,1.08677,3.46,2.25
2013.09.19 09:34:12.748,1.08663,1.08673,2.48,1.50
2013.09.19 09:34:13.562,1.08663,1.08673,2.48,1.50
2013.09.19 09:34:15.439,1.08663,1.08677,3.23,1.50
2013.09.19 09:34:21.338,1.08663,1.08677,1.50,1.88
2013.09.19 09:34:21.851,1.08663,1.08673,1.13,1.50
2013.09.19 09:34:23.798,1.08661,1.08672,1.80,1.50
2013.09.19 09:34:23.859,1.08661,1.08671,1.05,1.50
2013.09.19 09:34:24.038,1.08661,1.08672,1.13,1.50
2013.09.19 09:34:24.278,1.08661,1.08672,1.13,1.50
2013.09.19 09:34:24.338,1.08661,1.08672,1.13,1.50
2013.09.19 09:34:24.699,1.0866,1.08672,1.50,1.50
2013.09.19 09:34:30.008,1.08659,1.08667,1.13,1.50
2013.09.19 09:34:30.248,1.08657,1.08667,1.13,1.50
2013.09.19 09:34:30.610,1.08657,1.08672,4.92,1.88
2013.09.19 09:34:30.738,1.08658,1.08672,2.75,1.88
2013.09.19 09:34:30.919,1.08658,1.08673,3.12,1.13
2013.09.19 09:34:30.979,1.08658,1.08673,3.12,1.13
2013.09.19 09:34:31.099,1.08658,1.08673,2.07,1.43
2013.09.19 09:34:31.731,1.08656,1.08669,1.50,1.43
2013.09.19 09:34:32.091,1.08655,1.08671,1.32,1.43
2013.09.19 09:34:32.209,1.08655,1.08671,1.32,1.43
2013.09.19 09:34:34.050,1.08655,1.08672,3.05,1.88
2013.09.19 09:34:34.195,1.08655,1.08672,3.05,1.88
2013.09.19 09:34:34.499,1.08655,1.08672,2.67,1.88
2013.09.19 09:34:34.559,1.08655,1.08672,2.67,1.88
2013.09.19 09:34:36.329,1.08655,1.08673,3.42,1.05
2013.09.19 09:34:36.629,1.08657,1.08673,2.63,1.43
2013.09.19 09:34:36.988,1.08657,1.08672,1.50,1.50
2013.09.19 09:34:37.349,1.08656,1.08669,1.88,1.50
2013.09.19 09:34:37.769,1.08654,1.08667,2.22,1.13
2013.09.19 09:34:37.949,1.08654,1.08669,4.40,1.50
2013.09.19 09:34:38.488,1.08656,1.08671,3.83,1.50
2013.09.19 09:34:39.060,1.08656,1.08671,3.08,1.50
2013.09.19 09:34:39.869,1.08656,1.08671,3.83,1.50
2013.09.19 09:34:41.183,1.08656,1.08671,4.02,1.50
2013.09.19 09:34:43.409,1.08656,1.08672,4.02,1.50
2013.09.19 09:34:43.589,1.08656,1.08671,4.02,1.50
2013.09.19 09:34:44.441,1.08656,1.08672,4.02,1.50
2013.09.19 09:34:46.369,1.08658,1.08674,2.75,1.50
2013.09.19 09:34:46.429,1.08658,1.08674,3.50,1.50
2013.09.19 09:34:46.791,1.08658,1.08674,2.75,1.50
2013.09.19 09:34:46.981,1.08658,1.08674,2.75,1.88
2013.09.19 09:34:50.058,1.08658,1.08677,5.44,1.80
2013.09.19 09:34:50.640,1.0866,1.08677,3.83,1.88
2013.09.19 09:34:51.028,1.0866,1.08675,3.83,1.50
2013.09.19 09:34:51.880,1.0866,1.08675,3.83,1.50
2013.09.19 09:34:53.420,1.0866,1.08675,1.13,1.43
2013.09.19 09:34:53.662,1.08662,1.08679,4.02,1.88
2013.09.19 09:34:54.307,1.08662,1.08677,4.02,1.50
2013.09.19 09:34:57.880,1.08664,1.08679,3.46,1.13
2013.09.19 09:34:58.239,1.08664,1.08679,3.46,1.13
2013.09.19 09:35:01.658,1.08665,1.08682,2.48,1.88
2013.09.19 09:35:01.780,1.08665,1.08682,2.48,1.88
2013.09.19 09:35:04.519,1.08665,1.08679,1.43,1.13
2013.09.19 09:35:04.638,1.08665,1.08681,1.80,1.13
2013.09.19 09:35:04.759,1.08665,1.08679,1.13,1.43
2013.09.19 09:35:04.939,1.08666,1.08681,3.83,1.13
2013.09.19 09:35:05.439,1.08671,1.08685,2.63,2.29
2013.09.19 09:35:05.743,1.08673,1.08689,2.93,1.13
2013.09.19 09:35:05.810,1.08673,1.08691,3.60,1.62
2013.09.19 09:35:06.789,1.08676,1.08692,2.78,1.80
2013.09.19 09:35:07.505,1.08675,1.08688,1.43,1.13
2013.09.19 09:35:07.831,1.08671,1.08677,2.85,1.13
2013.09.19 09:35:07.953,1.08663,1.08679,2.18,1.13
2013.09.19 09:35:09.219,1.08664,1.08681,3.31,2.74
2013.09.19 09:35:09.280,1.08664,1.08681,1.88,3.49
2013.09.19 09:35:09.519,1.08664,1.08681,1.80,2.74
2013.09.19 09:35:09.640,1.08664,1.08681,2.48,2.37
2013.09.19 09:35:09.999,1.08665,1.08682,3.61,1.69
2013.09.19 09:35:10.499,1.08665,1.08682,3.61,1.69
2013.09.19 09:35:24.699,1.08665,1.08682,1.80,1.50
2013.09.19 09:35:26.557,1.08665,1.0868,1.62,1.13
2013.09.19 09:35:26.679,1.08665,1.08681,1.99,2.10
2013.09.19 09:35:26.858,1.08665,1.08677,1.13,1.43
2013.09.19 09:35:27.233,1.08665,1.08682,2.48,2.55
2013.09.19 09:35:28.241,1.08665,1.08677,1.13,1.50
2013.09.19 09:35:29.290,1.08668,1.08678,2.63,1.43
2013.09.19 09:35:29.592,1.0867,1.08687,2.75,2.10
2013.09.19 09:35:29.989,1.0867,1.08688,3.79,1.80
2013.09.19 09:35:31.339,1.0867,1.08687,3.79,1.50
2013.09.19 09:35:32.588,1.08672,1.08688,5.52,1.50
2013.09.19 09:35:33.888,1.08674,1.08691,2.48,1.88
2013.09.19 09:35:39.688,1.08673,1.08688,1.62,2.55
2013.09.19 09:35:40.201,1.08672,1.08687,2.37,1.50
2013.09.19 09:35:42.450,1.08674,1.08691,2.74,2.55
2013.09.19 09:35:42.988,1.08675,1.08691,2.93,1.13
2013.09.19 09:35:43.118,1.08675,1.08691,2.93,1.13
2013.09.19 09:35:45.249,1.08675,1.08688,1.62,1.50
2013.09.19 09:35:45.309,1.08674,1.08687,1.92,1.13
2013.09.19 09:35:45.430,1.08674,1.08687,1.43,1.43
2013.09.19 09:35:45.848,1.08673,1.08686,1.13,1.35
2013.09.19 09:35:46.379,1.08673,1.08687,1.13,2.85
2013.09.19 09:35:46.581,1.08673,1.08686,1.13,1.43
2013.09.19 09:35:47.719,1.08673,1.08686,1.13,1.43
2013.09.19 09:35:48.138,1.08673,1.08688,2.26,1.43
2013.09.19 09:35:48.199,1.08673,1.08689,2.93,1.43
2013.09.19 09:35:48.378,1.08673,1.0869,3.61,1.43
2013.09.19 09:35:48.618,1.08673,1.0869,3.61,1.43
2013.09.19 09:35:55.110,1.08678,1.0869,2.63,2.03
2013.09.19 09:35:55.675,1.08678,1.0869,4.13,1.43
2013.09.19 09:35:55.742,1.08677,1.0869,1.13,1.43
2013.09.19 09:36:00.711,1.08677,1.08691,2.63,2.10
2013.09.19 09:36:00.947,1.08677,1.08691,2.63,2.10
2013.09.19 09:36:01.378,1.08677,1.08689,2.63,2.10
2013.09.19 09:36:02.779,1.08677,1.08688,1.88,1.43
2013.09.19 09:36:03.108,1.08674,1.08688,1.32,1.43
2013.09.19 09:36:03.239,1.08674,1.08688,2.07,1.43
2013.09.19 09:36:03.500,1.08674,1.08687,1.32,1.50
2013.09.19 09:36:04.053,1.08674,1.08688,2.07,1.43
2013.09.19 09:36:09.700,1.08674,1.0869,1.13,2.10
2013.09.19 09:36:10.274,1.08674,1.0869,2.75,1.43
2013.09.19 09:36:10.355,1.08675,1.08692,2.75,1.80
2013.09.19 09:36:13.210,1.08675,1.08687,4.02,1.50
2013.09.19 09:36:14.248,1.08676,1.08691,2.63,1.43
2013.09.19 09:36:14.309,1.08677,1.08692,2.75,2.18
2013.09.19 09:36:14.489,1.08677,1.08692,6.27,1.50
2013.09.19 09:36:15.589,1.08678,1.08695,3.49,1.43
2013.09.19 09:36:16.129,1.08678,1.08695,3.05,2.18
2013.09.19 09:36:16.309,1.08678,1.08694,3.05,1.13
2013.09.19 09:36:16.909,1.0868,1.08695,3.35,1.50
2013.09.19 09:36:16.969,1.08681,1.08697,4.40,1.88
2013.09.19 09:36:17.028,1.08681,1.08697,4.40,1.13
2013.09.19 09:36:17.449,1.08681,1.08696,4.40,1.13
2013.09.19 09:36:17.509,1.08681,1.08696,4.21,1.13
2013.09.19 09:36:17.629,1.08681,1.08694,1.50,1.13
2013.09.19 09:36:18.529,1.08678,1.08692,1.62,1.50
2013.09.19 09:36:19.029,1.08677,1.08692,3.57,2.18
2013.09.19 09:36:19.299,1.08683,1.08692,2.63,2.18
2013.09.19 09:36:19.659,1.08683,1.087,6.27,1.50
2013.09.19 09:36:19.900,1.08683,1.08701,5.52,2.48
2013.09.19 09:36:20.261,1.08683,1.08697,2.82,1.50
2013.09.19 09:36:20.889,1.08683,1.08701,5.52,1.50
2013.09.19 09:36:22.089,1.08683,1.08697,2.82,1.50
2013.09.19 09:36:22.853,1.08683,1.087,4.17,2.18
2013.09.19 09:36:24.141,1.08683,1.08697,5.33,1.50
2013.09.19 09:36:24.319,1.08682,1.08695,1.13,2.10
2013.09.19 09:36:24.379,1.08682,1.08695,1.13,3.38
2013.09.19 09:36:24.441,1.08682,1.08693,1.13,1.35
2013.09.19 09:36:24.741,1.08679,1.08693,1.13,1.35
2013.09.19 09:36:25.098,1.08679,1.08694,1.13,1.43
2013.09.19 09:36:25.569,1.08679,1.08694,1.13,1.43
2013.09.19 09:36:26.939,1.08679,1.08694,1.13,1.43
2013.09.19 09:36:28.819,1.08679,1.08695,1.13,1.43
2013.09.19 09:36:29.089,1.08679,1.08695,1.13,1.43
2013.09.19 09:36:29.269,1.0868,1.08697,2.37,2.78
2013.09.19 09:36:29.388,1.08681,1.08697,2.37,1.43
2013.09.19 09:36:29.909,1.08681,1.08697,2.37,2.18
2013.09.19 09:36:34.440,1.08681,1.08695,3.05,1.50
2013.09.19 09:36:34.741,1.08681,1.08697,3.05,1.50
2013.09.19 09:36:36.338,1.08681,1.08699,4.10,2.18
2013.09.19 09:36:37.139,1.08686,1.08698,1.13,1.50
2013.09.19 09:36:37.258,1.08691,1.08701,1.13,1.35
2013.09.19 09:36:37.319,1.08691,1.08703,1.13,1.50
2013.09.19 09:36:37.378,1.08691,1.08704,3.12,1.43
2013.09.19 09:36:37.558,1.08692,1.08708,2.75,1.43
2013.09.19 09:36:38.103,1.08693,1.0871,3.12,1.80
2013.09.19 09:36:38.708,1.08694,1.08711,2.67,1.13
2013.09.19 09:36:43.199,1.08695,1.08711,3.87,1.50
2013.09.19 09:36:47.520,1.08696,1.08712,2.56,1.50
2013.09.19 09:36:48.680,1.08696,1.08712,2.93,1.50
2013.09.19 09:36:50.189,1.08696,1.08712,2.93,1.50
2013.09.19 09:36:50.698,1.08696,1.08711,2.26,1.35
2013.09.19 09:36:51.119,1.08696,1.08708,1.50,1.35
2013.09.19 09:36:51.756,1.08696,1.08707,1.13,1.35
2013.09.19 09:36:52.520,1.08696,1.08705,1.13,1.50
2013.09.19 09:36:54.069,1.08696,1.08709,1.50,1.43
2013.09.19 09:36:54.368,1.08696,1.08709,1.13,1.43
2013.09.19 09:36:55.569,1.08696,1.08708,1.13,2.10
2013.09.19 09:36:55.809,1.08696,1.08705,1.13,1.43
2013.09.19 09:37:02.372,1.08696,1.08706,1.88,1.50
2013.09.19 09:37:04.482,1.08695,1.08705,1.50,1.13
2013.09.19 09:37:04.730,1.0869,1.08703,1.50,1.13
2013.09.19 09:37:05.248,1.08689,1.08703,1.13,1.13
2013.09.19 09:37:05.369,1.08687,1.08703,2.37,2.93
2013.09.19 09:37:06.178,1.08685,1.08702,1.99,1.80
2013.09.19 09:37:06.661,1.08684,1.08696,1.43,1.13
2013.09.19 09:37:06.720,1.08683,1.08695,1.32,1.13
2013.09.19 09:37:06.900,1.0868,1.08692,1.13,1.13
2013.09.19 09:37:07.020,1.08677,1.08691,1.88,1.80
2013.09.19 09:37:07.439,1.08677,1.08691,1.50,1.13
2013.09.19 09:37:11.991,1.08676,1.08686,1.35,1.13
2013.09.19 09:37:12.170,1.08676,1.08687,1.13,1.13
2013.09.19 09:37:12.722,1.08676,1.08691,1.13,1.05
2013.09.19 09:37:13.199,1.08675,1.08688,2.25,1.13
2013.09.19 09:37:13.858,1.08675,1.08691,3.31,1.62
2013.09.19 09:37:14.909,1.08677,1.08689,3.01,1.50
2013.09.19 09:37:14.968,1.08677,1.08691,3.01,1.43
2013.09.19 09:37:15.568,1.08678,1.08694,2.75,1.13
2013.09.19 09:37:18.761,1.08679,1.08695,3.98,1.13
2013.09.19 09:37:18.881,1.08679,1.08694,4.73,1.13
2013.09.19 09:37:19.001,1.08681,1.08696,4.28,2.18
2013.09.19 09:37:19.309,1.08684,1.087,3.23,1.13
2013.09.19 09:37:19.668,1.08684,1.08699,3.60,1.13
2013.09.19 09:37:21.059,1.08685,1.08699,4.21,1.13
2013.09.19 09:37:21.179,1.08685,1.08697,3.53,1.13
2013.09.19 09:37:22.398,1.08685,1.08697,2.93,1.13
2013.09.19 09:37:23.269,1.08685,1.087,3.31,1.13
2013.09.19 09:37:24.468,1.08685,1.08699,2.56,1.13
2013.09.19 09:37:29.678,1.08685,1.08697,2.18,1.13
2013.09.19 09:37:29.738,1.08685,1.08693,1.43,1.13
2013.09.19 09:37:29.859,1.08684,1.08694,1.13,1.13
2013.09.19 09:37:31.709,1.08684,1.08698,1.13,2.10
2013.09.19 09:37:32.368,1.08684,1.08695,1.13,1.13
2013.09.19 09:37:33.220,1.08678,1.08693,1.99,1.13
2013.09.19 09:37:33.746,1.08678,1.08693,1.99,1.13
2013.09.19 09:37:35.108,1.08678,1.08693,3.46,1.50
2013.09.19 09:37:36.548,1.08677,1.08691,2.10,1.13
2013.09.19 09:37:36.809,1.08681,1.08696,2.93,1.43
2013.09.19 09:37:36.929,1.08681,1.08691,1.50,1.13
2013.09.19 09:37:37.049,1.08678,1.08689,1.43,1.13
2013.09.19 09:37:37.589,1.08676,1.08687,1.43,1.13
2013.09.19 09:37:38.339,1.08676,1.08692,2.48,1.50
2013.09.19 09:37:38.398,1.08676,1.08691,2.48,1.50
2013.09.19 09:37:38.878,1.08678,1.08696,2.48,1.24
2013.09.19 09:37:39.879,1.08678,1.08694,3.60,1.13
2013.09.19 09:37:40.409,1.08678,1.08692,1.50,1.13
2013.09.19 09:37:40.949,1.08678,1.0869,1.50,1.13
2013.09.19 09:37:44.790,1.08676,1.08691,1.13,1.80
2013.09.19 09:37:45.458,1.08676,1.08691,1.13,2.55
2013.09.19 09:37:46.871,1.08677,1.08693,2.93,1.43
2013.09.19 09:37:47.979,1.08677,1.08692,1.88,1.43
2013.09.19 09:37:49.438,1.08674,1.0869,2.55,2.18
2013.09.19 09:37:52.919,1.08674,1.0869,2.26,2.10
2013.09.19 09:37:53.624,1.08674,1.0869,2.93,1.43
2013.09.19 09:37:55.692,1.08674,1.08689,2.26,1.35
2013.09.19 09:37:56.049,1.08674,1.08687,1.13,2.10
2013.09.19 09:37:56.169,1.08674,1.08687,1.13,2.10
2013.09.19 09:37:56.350,1.08674,1.08687,1.13,1.50
2013.09.19 09:37:57.340,1.08674,1.08688,1.13,1.13
2013.09.19 09:37:58.469,1.08674,1.08688,4.66,1.13
2013.09.19 09:37:58.529,1.08677,1.08692,2.93,1.50
2013.09.19 09:37:58.589,1.08677,1.08692,2.18,1.50
2013.09.19 09:38:05.859,1.08679,1.08696,2.93,1.43
2013.09.19 09:38:07.803,1.08684,1.08698,2.93,1.80
2013.09.19 09:38:07.872,1.08685,1.08702,2.48,2.55
2013.09.19 09:38:07.941,1.08687,1.08702,1.13,2.18
2013.09.19 09:38:08.060,1.08687,1.08702,1.13,1.43
2013.09.19 09:38:08.601,1.08687,1.08702,1.50,1.43
2013.09.19 09:38:08.660,1.08687,1.08701,1.13,1.80
2013.09.19 09:38:08.840,1.08686,1.087,1.13,1.50
2013.09.19 09:38:09.081,1.08686,1.087,1.13,2.10
2013.09.19 09:38:09.259,1.08686,1.087,1.13,2.10
2013.09.19 09:38:09.450,1.08686,1.08699,1.13,1.43
2013.09.19 09:38:09.510,1.08686,1.087,1.13,2.10
2013.09.19 09:38:10.051,1.08685,1.087,1.43,1.50
2013.09.19 09:38:11.010,1.08685,1.087,1.43,1.50
2013.09.19 09:38:11.069,1.08687,1.08701,1.13,1.43
2013.09.19 09:38:11.189,1.08687,1.08703,1.43,1.62
2013.09.19 09:38:11.250,1.0869,1.087,2.70,1.13
2013.09.19 09:38:11.369,1.08686,1.08697,1.73,1.13
2013.09.19 09:38:11.489,1.08683,1.08697,1.80,1.88
2013.09.19 09:38:11.608,1.08682,1.08697,1.05,1.88
2013.09.19 09:38:11.669,1.08682,1.08697,1.05,1.88
2013.09.19 09:38:12.209,1.0868,1.08695,1.05,1.13
2013.09.19 09:38:12.508,1.08679,1.08695,1.80,1.80
2013.09.19 09:38:13.481,1.08679,1.08695,2.55,3.30
2013.09.19 09:38:14.209,1.08679,1.08695,1.50,2.10
2013.09.19 09:38:14.770,1.08679,1.08694,1.50,1.50
2013.09.19 09:38:14.958,1.08679,1.08695,1.50,1.50
2013.09.19 09:38:15.501,1.08679,1.08694,1.43,1.50
2013.09.19 09:38:16.163,1.08679,1.08694,1.43,1.50
2013.09.19 09:38:18.189,1.08678,1.08694,3.68,2.18
2013.09.19 09:38:18.248,1.08678,1.08694,5.18,2.18
2013.09.19 09:38:19.099,1.08679,1.08693,4.92,1.50
2013.09.19 09:38:19.631,1.08679,1.08693,2.18,1.50
2013.09.19 09:38:20.728,1.08679,1.08693,2.18,1.50
2013.09.19 09:38:21.678,1.08679,1.08696,3.72,1.50
2013.09.19 09:38:22.190,1.08683,1.08699,4.58,1.13
2013.09.19 09:38:25.520,1.08684,1.087,3.80,2.25
2013.09.19 09:38:25.579,1.08684,1.087,3.80,2.25
2013.09.19 09:38:25.700,1.08685,1.087,2.75,2.25
2013.09.19 09:38:27.002,1.08685,1.08701,3.12,1.43
2013.09.19 09:38:27.469,1.08685,1.08701,3.12,1.43
2013.09.19 09:38:28.252,1.08685,1.08701,3.12,1.43
2013.09.19 09:38:28.878,1.08685,1.08701,2.93,1.43
2013.09.19 09:38:29.380,1.08685,1.08701,2.93,2.18
2013.09.19 09:38:32.729,1.08685,1.08701,2.56,1.80
2013.09.19 09:38:33.259,1.08685,1.08698,1.13,1.50
2013.09.19 09:38:34.110,1.08685,1.08697,1.13,1.50
2013.09.19 09:38:34.510,1.08685,1.08695,1.13,1.50
2013.09.19 09:38:43.579,1.08685,1.08695,1.13,1.50
2013.09.19 09:38:48.589,1.08685,1.08697,1.13,1.50
2013.09.19 09:38:49.132,1.08685,1.08702,2.18,3.53
2013.09.19 09:38:49.263,1.08684,1.08697,1.13,1.50
2013.09.19 09:38:49.332,1.08683,1.08697,1.50,1.50
2013.09.19 09:38:49.571,1.08682,1.08696,1.13,1.50
2013.09.19 09:38:50.409,1.08682,1.08693,1.13,1.50
2013.09.19 09:38:50.769,1.08683,1.08696,2.18,1.50
2013.09.19 09:38:51.298,1.08684,1.08696,3.01,1.50
2013.09.19 09:38:52.061,1.08684,1.08696,1.13,1.50
2013.09.19 09:38:53.389,1.08684,1.08696,1.13,1.50
2013.09.19 09:38:55.739,1.08684,1.08697,1.13,1.50
2013.09.19 09:38:56.280,1.08682,1.08693,1.13,1.50
2013.09.19 09:38:57.391,1.08681,1.08692,1.32,1.50
2013.09.19 09:38:57.750,1.08681,1.0869,1.32,1.50
2013.09.19 09:38:58.260,1.08681,1.08689,1.32,1.50
2013.09.19 09:39:02.851,1.08681,1.08691,1.13,1.50
2013.09.19 09:39:02.911,1.08681,1.08692,1.50,1.50
2013.09.19 09:39:03.689,1.08681,1.08696,4.20,1.50
2013.09.19 09:39:04.570,1.08681,1.08694,2.18,1.50
2013.09.19 09:39:06.840,1.08681,1.08691,1.13,1.50
2013.09.19 09:39:07.690,1.08681,1.08695,3.76,1.35
2013.09.19 09:39:07.930,1.08684,1.087,2.86,2.18
2013.09.19 09:39:08.049,1.08684,1.087,1.43,1.50
2013.09.19 09:39:08.228,1.08684,1.08701,5.33,1.43
2013.09.19 09:39:08.805,1.08685,1.08697,2.48,1.50
2013.09.19 09:39:09.499,1.08684,1.08697,1.69,1.50
2013.09.19 09:39:09.620,1.08684,1.08696,1.50,1.50
2013.09.19 09:39:09.979,1.08683,1.08696,1.80,1.50
2013.09.19 09:39:10.159,1.08683,1.08697,1.80,1.50
2013.09.19 09:39:10.481,1.08683,1.08697,1.13,1.50
2013.09.19 09:39:10.719,1.08683,1.08697,1.13,2.93
2013.09.19 09:39:11.679,1.08683,1.08697,1.13,2.93
2013.09.19 09:39:11.920,1.08683,1.08697,2.44,2.93
2013.09.19 09:39:11.979,1.08684,1.08699,3.05,1.43
2013.09.19 09:39:12.099,1.08686,1.08702,2.18,1.43
2013.09.19 09:39:12.519,1.0869,1.08706,2.63,2.10
2013.09.19 09:39:12.759,1.08691,1.08708,6.46,1.43
2013.09.19 09:39:12.879,1.08693,1.0871,3.23,2.74
2013.09.19 09:39:12.938,1.08693,1.0871,3.61,2.37
2013.09.19 09:39:13.179,1.08694,1.08712,2.86,2.18
2013.09.19 09:39:13.979,1.08694,1.08712,1.43,3.53
2013.09.19 09:39:14.100,1.08697,1.08712,2.74,3.53
2013.09.19 09:39:14.460,1.08705,1.0872,2.78,1.13
2013.09.19 09:39:14.640,1.08704,1.08719,1.43,1.13
2013.09.19 09:39:18.210,1.08704,1.08719,1.43,1.50
2013.09.19 09:39:18.570,1.08697,1.08712,1.88,1.43
2013.09.19 09:39:19.269,1.08697,1.08712,1.13,1.43
2013.09.19 09:39:20.789,1.087,1.08718,5.03,1.05
2013.09.19 09:39:21.356,1.08701,1.08718,5.29,1.43
2013.09.19 09:39:21.490,1.08703,1.0872,3.05,1.43
2013.09.19 09:39:23.309,1.08704,1.08721,3.80,1.35
2013.09.19 09:39:23.370,1.08705,1.08723,2.86,1.43
2013.09.19 09:39:23.550,1.08705,1.08722,1.50,2.85
2013.09.19 09:39:23.790,1.08705,1.0872,1.50,1.35
2013.09.19 09:39:24.299,1.08705,1.0872,1.50,1.35
2013.09.19 09:39:25.510,1.08706,1.0872,2.56,1.35
2013.09.19 09:39:25.692,1.08708,1.08725,3.42,1.35
2013.09.19 09:39:25.761,1.08709,1.08727,3.46,1.88
2013.09.19 09:39:26.069,1.08709,1.08726,1.43,1.43
2013.09.19 09:39:27.519,1.08709,1.08726,3.04,1.43
2013.09.19 09:39:28.059,1.0871,1.08728,3.23,1.43
2013.09.19 09:39:29.650,1.0871,1.08726,3.38,1.35
2013.09.19 09:39:29.771,1.0871,1.08727,2.55,2.18
2013.09.19 09:39:32.211,1.08716,1.08731,3.01,1.43
2013.09.19 09:39:32.572,1.08718,1.08736,2.75,1.35
2013.09.19 09:39:32.934,1.08718,1.08735,1.80,1.43
2013.09.19 09:39:33.479,1.08718,1.08735,1.80,1.43
2013.09.19 09:39:34.931,1.0872,1.08735,2.93,1.50
2013.09.19 09:39:36.180,1.0872,1.08737,2.93,2.18
2013.09.19 09:39:36.300,1.0872,1.08737,2.93,2.18
2013.09.19 09:39:37.349,1.0872,1.08737,2.93,2.18
2013.09.19 09:39:37.852,1.08721,1.08737,3.23,1.13
2013.09.19 09:39:38.370,1.08721,1.08737,2.25,1.73
2013.09.19 09:39:39.402,1.08723,1.08737,2.63,1.35
2013.09.19 09:39:39.461,1.08723,1.08739,2.63,2.97
2013.09.19 09:39:39.580,1.08724,1.08741,3.31,1.35
2013.09.19 09:39:39.760,1.08728,1.08745,3.12,1.35
2013.09.19 09:39:39.999,1.08729,1.08746,2.93,1.35
2013.09.19 09:39:40.059,1.0873,1.08747,2.55,1.35
2013.09.19 09:39:40.799,1.08731,1.08748,2.93,1.54
2013.09.19 09:39:41.310,1.08732,1.0875,3.23,2.82
2013.09.19 09:39:43.013,1.08732,1.08749,2.63,3.27
2013.09.19 09:39:47.964,1.08732,1.08745,1.50,1.24
2013.09.19 09:39:48.269,1.08738,1.08748,2.26,2.03
2013.09.19 09:39:48.330,1.08738,1.08754,5.37,2.03
2013.09.19 09:39:48.390,1.08741,1.08756,3.38,1.35
2013.09.19 09:39:48.449,1.08741,1.08758,5.07,1.35
2013.09.19 09:39:48.570,1.08745,1.0876,3.12,2.03
2013.09.19 09:39:48.930,1.08751,1.08767,2.26,2.10
2013.09.19 09:39:49.232,1.08752,1.08769,3.76,1.35
2013.09.19 09:39:49.649,1.08752,1.08767,1.13,1.35
2013.09.19 09:39:50.339,1.08752,1.08766,1.50,1.05
2013.09.19 09:39:50.759,1.08751,1.08765,1.13,1.80
2013.09.19 09:39:51.300,1.0875,1.08762,1.50,1.13
2013.09.19 09:39:51.359,1.08747,1.08762,2.18,2.44
2013.09.19 09:39:51.540,1.08742,1.08757,2.07,1.80
2013.09.19 09:39:51.599,1.08742,1.08757,1.13,1.80
2013.09.19 09:39:51.659,1.0874,1.08756,2.33,1.50
2013.09.19 09:39:51.839,1.08738,1.08753,1.88,1.05
2013.09.19 09:39:52.080,1.08738,1.08756,4.95,1.80
2013.09.19 09:39:52.410,1.08739,1.08756,2.85,1.80
2013.09.19 09:39:53.480,1.0874,1.08754,2.55,1.13
2013.09.19 09:39:53.539,1.0874,1.08754,1.80,1.13
2013.09.19 09:39:53.599,1.0874,1.08753,1.13,1.13
2013.09.19 09:39:53.660,1.08738,1.08753,1.80,1.13
2013.09.19 09:39:54.030,1.08739,1.08753,3.46,1.13
2013.09.19 09:39:54.209,1.08739,1.08756,2.18,2.18
2013.09.19 09:39:54.330,1.08739,1.08756,2.93,1.80
2013.09.19 09:39:54.809,1.08739,1.08753,1.13,1.43
2013.09.19 09:39:54.869,1.08738,1.08753,1.13,1.43
2013.09.19 09:39:55.409,1.08738,1.08753,2.25,1.43
2013.09.19 09:39:55.470,1.08738,1.08753,1.50,1.43
2013.09.19 09:39:55.590,1.0874,1.08754,2.26,2.18
2013.09.19 09:39:56.479,1.0874,1.08756,3.01,1.43
2013.09.19 09:39:57.819,1.08742,1.08759,3.68,1.80
2013.09.19 09:39:57.999,1.08744,1.0876,4.24,1.43
2013.09.19 09:39:58.598,1.08746,1.08762,2.55,2.18
2013.09.19 09:39:58.669,1.08747,1.08765,5.10,1.80
2013.09.19 09:39:59.489,1.0875,1.08765,2.63,1.80
2013.09.19 09:39:59.671,1.08751,1.08768,2.93,2.37
2013.09.19 09:39:59.849,1.08752,1.08767,4.65,1.50
2013.09.19 09:40:00.029,1.08756,1.08774,2.86,1.62
2013.09.19 09:40:00.559,1.08756,1.08774,2.86,1.62
2013.09.19 09:40:01.110,1.08756,1.08773,2.86,1.13
2013.09.19 09:40:01.412,1.08757,1.08767,3.08,1.13
2013.09.19 09:40:01.472,1.08755,1.0877,1.54,1.43
2013.09.19 09:40:01.540,1.08751,1.08767,2.37,1.13
2013.09.19 09:40:02.452,1.08751,1.08768,1.88,1.43
2013.09.19 09:40:02.994,1.08753,1.08769,2.63,1.35
2013.09.19 09:40:03.119,1.08753,1.0877,3.30,1.05
2013.09.19 09:40:03.239,1.08753,1.08771,5.33,1.80
2013.09.19 09:40:03.942,1.08755,1.08772,2.93,2.29
2013.09.19 09:40:04.299,1.08755,1.08773,3.60,1.80
2013.09.19 09:40:04.680,1.08758,1.08774,2.26,1.35
2013.09.19 09:40:05.099,1.0876,1.08777,3.16,2.78
2013.09.19 09:40:05.159,1.0876,1.08777,2.48,1.43
2013.09.19 09:40:05.290,1.0876,1.08777,1.13,2.78
2013.09.19 09:40:05.962,1.08761,1.08777,3.05,1.43
2013.09.19 09:40:06.261,1.08762,1.0878,2.93,4.20
2013.09.19 09:40:06.381,1.08762,1.08781,3.98,1.92
2013.09.19 09:40:06.561,1.08762,1.08779,2.56,1.35
2013.09.19 09:40:07.701,1.08762,1.08779,3.87,1.35
2013.09.19 09:40:08.330,1.08763,1.08778,2.45,1.43
2013.09.19 09:40:08.900,1.08763,1.08778,2.45,1.43
2013.09.19 09:40:09.523,1.08763,1.08779,3.91,2.18
2013.09.19 09:40:10.168,1.08765,1.08782,2.55,2.74
2013.09.19 09:40:11.261,1.08764,1.08778,1.43,1.43
2013.09.19 09:40:11.679,1.08763,1.08777,1.50,2.10
2013.09.19 09:40:11.859,1.08763,1.08778,1.13,1.43
2013.09.19 09:40:11.979,1.08764,1.08778,2.82,1.43
2013.09.19 09:40:12.039,1.08764,1.08778,2.82,1.43
2013.09.19 09:40:12.159,1.08764,1.08781,1.13,2.10
2013.09.19 09:40:12.339,1.08764,1.0878,2.45,1.43
2013.09.19 09:40:12.872,1.08764,1.08781,3.12,1.43
2013.09.19 09:40:14.149,1.08765,1.08781,3.42,1.13
2013.09.19 09:40:14.329,1.08765,1.0878,1.50,1.13
2013.09.19 09:40:15.862,1.08762,1.08777,1.99,1.50
2013.09.19 09:40:17.500,1.08762,1.08777,1.50,2.93
2013.09.19 09:40:17.560,1.08762,1.08777,1.50,2.93
2013.09.19 09:40:18.280,1.08762,1.08777,1.50,2.93
2013.09.19 09:40:18.399,1.08764,1.08777,2.63,2.18
2013.09.19 09:40:18.459,1.08764,1.08777,1.13,1.43
2013.09.19 09:40:19.172,1.08764,1.0878,3.61,1.50
2013.09.19 09:40:19.289,1.08764,1.0878,5.48,1.50
2013.09.19 09:40:19.528,1.08764,1.08781,1.50,1.43
2013.09.19 09:40:20.331,1.08764,1.08782,3.04,2.85
2013.09.19 09:40:20.511,1.08764,1.08779,2.85,1.50
2013.09.19 09:40:23.829,1.08766,1.08784,3.23,1.80
2013.09.19 09:40:24.199,1.08766,1.08782,1.13,2.48
2013.09.19 09:40:24.703,1.08766,1.0878,1.13,1.43
2013.09.19 09:40:25.253,1.08764,1.08777,1.50,2.78
2013.09.19 09:40:25.320,1.08763,1.08777,1.13,2.78
2013.09.19 09:40:25.500,1.08763,1.08777,1.13,1.43
2013.09.19 09:40:25.741,1.08763,1.08778,1.13,2.18
2013.09.19 09:40:25.919,1.08763,1.08776,1.13,2.03
2013.09.19 09:40:26.280,1.08761,1.08776,1.69,1.43
2013.09.19 09:40:28.499,1.08763,1.08776,2.26,1.43
2013.09.19 09:40:28.619,1.08763,1.08776,1.13,1.43
2013.09.19 09:40:32.570,1.08761,1.08774,1.32,1.43
2013.09.19 09:40:33.129,1.08761,1.08775,2.45,1.50
2013.09.19 09:40:33.308,1.08761,1.08777,2.82,1.43
2013.09.19 09:40:35.752,1.08761,1.08777,2.82,2.18
2013.09.19 09:40:46.879,1.08764,1.08779,3.20,1.43
2013.09.19 09:40:46.939,1.08764,1.0878,3.20,1.35
2013.09.19 09:40:47.119,1.08767,1.08782,4.13,1.50
2013.09.19 09:40:47.362,1.08768,1.08783,1.13,1.43
2013.09.19 09:40:47.660,1.08768,1.08782,2.56,1.50
2013.09.19 09:40:47.872,1.08768,1.08782,2.56,1.50
2013.09.19 09:40:48.679,1.08768,1.08782,2.56,1.50
2013.09.19 09:40:49.089,1.08768,1.08782,2.56,1.50
2013.09.19 09:40:49.599,1.08768,1.08782,2.56,1.50
2013.09.19 09:40:50.259,1.08768,1.08781,1.13,1.43
2013.09.19 09:40:50.771,1.08768,1.08779,1.13,1.43
2013.09.19 09:40:50.900,1.08768,1.08779,1.13,1.43
2013.09.19 09:40:53.789,1.08768,1.08782,1.13,2.55
2013.09.19 09:40:54.032,1.08768,1.08782,1.13,1.13
2013.09.19 09:40:54.531,1.08768,1.08782,1.13,1.88
2013.09.19 09:40:59.748,1.08767,1.08782,1.13,2.25
2013.09.19 09:41:01.593,1.08765,1.08778,1.80,1.50
2013.09.19 09:41:02.096,1.08765,1.0878,1.13,1.50
2013.09.19 09:41:02.519,1.08764,1.08778,1.43,2.25
2013.09.19 09:41:03.059,1.08762,1.08777,3.94,2.10
2013.09.19 09:41:03.339,1.08762,1.08776,3.94,1.43
2013.09.19 09:41:03.520,1.08762,1.08776,3.94,1.43
2013.09.19 09:41:03.830,1.08762,1.08777,3.94,2.85
2013.09.19 09:41:05.359,1.08763,1.08777,3.00,2.18
2013.09.19 09:41:05.780,1.08763,1.08777,3.00,2.18
2013.09.19 09:41:08.079,1.08763,1.08777,1.50,2.18
2013.09.19 09:41:17.020,1.08763,1.08777,1.13,1.43
2013.09.19 09:41:17.602,1.08763,1.08778,1.13,2.18
2013.09.19 09:41:18.154,1.08764,1.08779,2.26,1.35
2013.09.19 09:41:18.843,1.08764,1.0878,2.26,1.54
2013.09.19 09:41:19.029,1.08764,1.0878,2.26,1.35
2013.09.19 09:41:19.389,1.08765,1.08782,3.31,1.62
2013.09.19 09:41:19.449,1.08765,1.08782,2.63,2.97
2013.09.19 09:41:21.569,1.08768,1.08781,2.93,1.35
2013.09.19 09:41:21.691,1.08768,1.08784,4.43,1.35
2013.09.19 09:41:21.751,1.08771,1.08787,2.18,1.62
2013.09.19 09:41:22.469,1.08771,1.08787,1.50,2.10
2013.09.19 09:41:23.338,1.08771,1.08786,1.88,1.35
2013.09.19 09:41:23.866,1.08771,1.08787,1.88,2.10
2013.09.19 09:41:24.539,1.08771,1.08786,1.13,2.18
2013.09.19 09:41:24.660,1.0877,1.08784,1.88,1.43
2013.09.19 09:41:25.260,1.0877,1.08782,1.13,2.10
2013.09.19 09:41:26.049,1.0877,1.08782,1.13,1.43
2013.09.19 09:41:26.409,1.08771,1.08785,1.13,1.35
2013.09.19 09:41:26.529,1.08771,1.08787,1.13,2.18
2013.09.19 09:41:26.710,1.08772,1.08789,2.75,1.43
2013.09.19 09:41:26.860,1.08772,1.08789,2.74,1.43
2013.09.19 09:41:26.980,1.08772,1.08788,2.74,1.43
2013.09.19 09:41:27.281,1.08772,1.08787,2.82,1.43
2013.09.19 09:41:31.181,1.08772,1.08788,3.12,1.43
2013.09.19 09:41:31.363,1.08774,1.0879,4.24,1.43
2013.09.19 09:41:31.480,1.08777,1.08793,3.30,1.35
2013.09.19 09:41:31.839,1.08777,1.08791,1.13,2.18
2013.09.19 09:41:32.079,1.08777,1.08791,1.13,1.43
2013.09.19 09:41:32.411,1.08777,1.08791,1.13,2.18
2013.09.19 09:41:32.919,1.08776,1.08791,1.13,2.18
2013.09.19 09:41:33.469,1.08776,1.08787,1.13,1.13
2013.09.19 09:41:33.649,1.08776,1.08788,1.13,1.13
2013.09.19 09:41:34.010,1.08776,1.08788,1.13,1.05
2013.09.19 09:41:34.074,1.08776,1.08787,1.13,1.13
2013.09.19 09:41:34.139,1.08776,1.08788,1.13,1.13
2013.09.19 09:41:34.260,1.08773,1.08786,2.55,1.43
2013.09.19 09:41:34.319,1.08773,1.08785,1.88,1.43
2013.09.19 09:41:34.440,1.08773,1.08787,1.05,1.13
2013.09.19 09:41:35.039,1.08773,1.08787,1.88,1.05
2013.09.19 09:41:39.281,1.08773,1.08785,1.13,1.43
2013.09.19 09:41:41.321,1.08772,1.08783,1.13,1.43
2013.09.19 09:41:47.289,1.08774,1.08789,3.38,1.43
2013.09.19 09:41:47.350,1.08775,1.08788,1.13,1.50
2013.09.19 09:41:47.410,1.08776,1.08791,2.26,1.43
2013.09.19 09:41:47.530,1.08783,1.08795,2.26,2.03
2013.09.19 09:41:47.589,1.08783,1.08797,2.26,2.10
2013.09.19 09:41:48.119,1.08783,1.08798,2.26,1.43
2013.09.19 09:41:48.179,1.08783,1.08796,1.13,1.13
2013.09.19 09:41:48.419,1.0878,1.08794,1.80,1.43
2013.09.19 09:41:50.964,1.0878,1.08795,1.88,1.80
2013.09.19 09:41:51.490,1.08778,1.0879,1.50,1.80
2013.09.19 09:41:51.959,1.08778,1.0879,1.50,1.80
2013.09.19 09:41:55.460,1.08778,1.08791,1.88,1.73
2013.09.19 09:41:55.579,1.08778,1.08792,1.13,2.78
2013.09.19 09:41:55.640,1.08778,1.08792,2.63,1.43
2013.09.19 09:41:55.700,1.0878,1.08794,1.13,2.78
2013.09.19 09:41:55.759,1.08781,1.08797,2.63,2.78
2013.09.19 09:41:55.879,1.08781,1.08797,2.63,1.43
2013.09.19 09:41:56.239,1.08781,1.08796,1.88,1.50
2013.09.19 09:41:56.360,1.08781,1.08795,1.50,1.43
2013.09.19 09:41:56.600,1.08779,1.08792,1.88,1.43
2013.09.19 09:41:57.039,1.08778,1.08792,1.13,2.10
2013.09.19 09:41:57.100,1.08778,1.08792,1.13,1.43
2013.09.19 09:41:57.625,1.08778,1.08792,1.13,1.43
2013.09.19 09:41:58.170,1.08778,1.08792,1.13,1.43
2013.09.19 09:41:59.300,1.08778,1.08792,1.88,1.43
2013.09.19 09:41:59.909,1.08778,1.08793,3.23,1.13
2013.09.19 09:42:00.031,1.08778,1.08797,5.85,2.07
2013.09.19 09:42:00.210,1.08779,1.08795,2.55,1.13
2013.09.19 09:42:00.329,1.08779,1.08795,1.80,1.88
2013.09.19 09:42:01.079,1.08779,1.08792,1.80,1.50
2013.09.19 09:42:01.558,1.08779,1.08792,1.80,1.50
2013.09.19 09:42:02.201,1.08778,1.08792,1.80,1.50
2013.09.19 09:42:02.499,1.08777,1.08792,1.43,1.50
2013.09.19 09:42:02.800,1.08777,1.08792,1.80,1.50
2013.09.19 09:42:03.321,1.08777,1.08792,1.80,1.50
2013.09.19 09:42:03.909,1.08777,1.08792,1.43,1.50
2013.09.19 09:42:04.209,1.08777,1.08793,1.50,2.18
2013.09.19 09:42:04.630,1.08777,1.08792,1.50,1.35
2013.09.19 09:42:05.305,1.08776,1.08792,1.50,2.18
2013.09.19 09:42:05.380,1.08776,1.08791,1.13,1.88
2013.09.19 09:42:05.620,1.08776,1.08791,1.13,1.88
2013.09.19 09:42:06.629,1.08775,1.08788,1.88,1.13
2013.09.19 09:42:06.871,1.08775,1.08788,1.13,1.80
2013.09.19 09:42:08.889,1.08775,1.08788,1.88,1.80
2013.09.19 09:42:09.451,1.08775,1.08788,1.88,1.13
2013.09.19 09:42:09.693,1.08775,1.08789,1.88,1.43
2013.09.19 09:42:09.999,1.08775,1.08789,1.88,1.43
2013.09.19 09:42:10.660,1.08778,1.08795,3.05,1.80
2013.09.19 09:42:10.781,1.08779,1.08795,2.55,1.43
2013.09.19 09:42:11.639,1.0878,1.08799,2.85,1.54
2013.09.19 09:42:11.700,1.08781,1.08798,4.92,1.43
2013.09.19 09:42:11.879,1.08786,1.08803,4.81,1.43
2013.09.19 09:42:19.859,1.08786,1.08802,4.13,2.18
2013.09.19 09:42:20.807,1.08788,1.08802,2.26,2.18
2013.09.19 09:42:24.922,1.08787,1.08802,1.43,1.99
2013.09.19 09:42:25.040,1.08787,1.08801,1.05,1.13
2013.09.19 09:42:25.282,1.08787,1.088,1.88,1.13
2013.09.19 09:42:25.400,1.08786,1.08801,1.50,1.43
2013.09.19 09:42:25.819,1.08786,1.08802,1.13,3.23
2013.09.19 09:42:25.961,1.08786,1.08799,1.13,1.35
2013.09.19 09:42:26.320,1.08786,1.08801,1.13,2.10
2013.09.19 09:42:26.709,1.08785,1.08801,1.88,2.48
2013.09.19 09:42:30.929,1.08785,1.08799,1.50,1.13
2013.09.19 09:42:31.910,1.08785,1.08801,1.88,2.29
2013.09.19 09:42:32.240,1.08785,1.088,1.88,1.43
2013.09.19 09:42:33.539,1.08785,1.088,1.13,1.43
2013.09.19 09:42:34.428,1.08785,1.08801,2.74,1.43
2013.09.19 09:42:35.999,1.08785,1.08798,1.13,1.43
2013.09.19 09:42:36.849,1.08784,1.08797,1.50,1.43
2013.09.19 09:42:36.911,1.08784,1.08797,1.50,1.43
2013.09.19 09:42:37.330,1.08782,1.08793,1.13,1.35
2013.09.19 09:42:37.451,1.0878,1.08792,1.13,1.43
2013.09.19 09:42:39.891,1.08778,1.08792,2.18,1.13
2013.09.19 09:42:39.951,1.08778,1.08791,1.50,1.43
2013.09.19 09:42:40.010,1.08775,1.08791,1.32,1.80
2013.09.19 09:42:40.689,1.08775,1.08792,2.75,2.18
2013.09.19 09:42:40.991,1.08778,1.08795,4.35,1.32
2013.09.19 09:42:41.229,1.08778,1.08795,3.20,2.48
2013.09.19 09:42:41.621,1.08778,1.08794,1.88,2.03
2013.09.19 09:42:41.922,1.08775,1.0879,1.32,1.35
2013.09.19 09:42:42.059,1.08775,1.08791,1.32,1.05
2013.09.19 09:42:43.102,1.08776,1.08792,2.56,1.43
2013.09.19 09:42:43.350,1.08776,1.08791,1.50,1.05
2013.09.19 09:42:43.689,1.08775,1.08789,1.32,1.35
2013.09.19 09:42:44.149,1.08775,1.08789,2.82,1.35
2013.09.19 09:42:44.329,1.08777,1.08791,3.00,1.35
2013.09.19 09:42:44.450,1.08777,1.08793,3.00,2.10
2013.09.19 09:42:44.699,1.08777,1.08795,2.93,1.35
2013.09.19 09:42:44.820,1.08777,1.08794,1.50,1.43
2013.09.19 09:42:44.880,1.08778,1.08794,3.01,2.78
2013.09.19 09:42:45.468,1.08778,1.08792,1.88,2.10
2013.09.19 09:42:46.370,1.08778,1.08791,1.88,1.05
2013.09.19 09:42:47.020,1.08776,1.08788,1.13,2.48
2013.09.19 09:42:47.394,1.08776,1.08786,1.13,1.05
2013.09.19 09:42:49.890,1.08776,1.08786,1.13,1.35
2013.09.19 09:42:49.950,1.08776,1.08788,1.13,2.18
2013.09.19 09:42:51.109,1.08776,1.08792,1.50,2.18
2013.09.19 09:42:51.289,1.08776,1.08792,1.50,1.43
2013.09.19 09:42:52.070,1.08776,1.08792,2.25,3.53
2013.09.19 09:42:52.311,1.08776,1.08792,2.25,2.18
2013.09.19 09:42:52.372,1.08776,1.08791,2.25,1.35
2013.09.19 09:42:52.683,1.08776,1.0879,2.25,1.43
2013.09.19 09:42:55.059,1.08776,1.08791,1.88,1.35
2013.09.19 09:42:55.251,1.08776,1.0879,1.13,2.18
2013.09.19 09:42:55.789,1.08776,1.08789,1.13,2.18
2013.09.19 09:42:56.992,1.08773,1.08788,3.00,1.35
2013.09.19 09:42:57.060,1.08773,1.08789,3.68,1.43
2013.09.19 09:42:57.239,1.08773,1.08789,2.55,2.55
2013.09.19 09:42:57.729,1.08773,1.08787,1.88,1.13
2013.09.19 09:42:58.859,1.08773,1.08787,1.88,1.13
2013.09.19 09:42:59.309,1.08771,1.08782,1.50,1.13
2013.09.19 09:43:00.669,1.0877,1.08784,2.18,1.13
2013.09.19 09:43:02.102,1.08768,1.08784,1.80,1.13
2013.09.19 09:43:02.341,1.08768,1.08785,2.93,3.12
2013.09.19 09:43:02.949,1.08768,1.08785,4.36,1.99
2013.09.19 09:43:03.069,1.0877,1.08787,4.95,1.69
2013.09.19 09:43:03.601,1.08771,1.08788,3.60,1.88
2013.09.19 09:43:04.199,1.08771,1.08787,2.25,2.10
2013.09.19 09:43:08.229,1.08771,1.08787,1.88,2.10
2013.09.19 09:43:08.738,1.08772,1.08789,2.93,2.37
2013.09.19 09:43:09.052,1.08774,1.08791,2.18,1.43
2013.09.19 09:43:09.752,1.08775,1.08793,3.05,1.80
2013.09.19 09:43:10.300,1.08775,1.08793,3.80,1.80
2013.09.19 09:43:11.171,1.08776,1.08792,3.12,1.13
2013.09.19 09:43:11.260,1.08776,1.08792,3.12,1.13
2013.09.19 09:43:11.440,1.08776,1.0879,1.88,1.05
2013.09.19 09:43:11.959,1.08775,1.08787,1.13,1.13
2013.09.19 09:43:13.540,1.08773,1.08787,1.50,1.13
2013.09.19 09:43:13.721,1.08772,1.08786,1.13,1.05
2013.09.19 09:43:13.960,1.0877,1.08784,1.50,1.80
2013.09.19 09:43:14.561,1.0877,1.08785,2.63,1.80
2013.09.19 09:43:14.919,1.08771,1.08787,3.87,1.88
2013.09.19 09:43:15.221,1.08771,1.08787,5.37,1.88
2013.09.19 09:43:15.343,1.08772,1.08787,4.17,1.88
2013.09.19 09:43:15.649,1.08772,1.08787,2.67,1.88
2013.09.19 09:43:15.769,1.08772,1.08787,1.50,1.88
2013.09.19 09:43:15.949,1.08772,1.08787,3.79,1.88
2013.09.19 09:43:16.370,1.08773,1.08787,3.68,1.13
2013.09.19 09:43:16.730,1.08773,1.08787,2.25,2.55
2013.09.19 09:43:16.909,1.08773,1.08787,1.88,1.13
2013.09.19 09:43:17.210,1.08774,1.08787,2.10,1.50
2013.09.19 09:43:17.570,1.08781,1.08797,2.18,1.50
2013.09.19 09:43:17.630,1.08782,1.08797,2.40,1.50
2013.09.19 09:43:18.681,1.08781,1.08797,1.80,1.43
2013.09.19 09:43:19.219,1.08781,1.08797,2.26,1.43
2013.09.19 09:43:19.783,1.08782,1.08797,2.48,1.13
2013.09.19 09:43:20.331,1.08782,1.08797,3.23,1.50
2013.09.19 09:43:20.690,1.08782,1.08797,1.88,2.18
2013.09.19 09:43:21.262,1.08782,1.08797,1.88,2.18
2013.09.19 09:43:21.380,1.08782,1.08795,1.88,1.13
2013.09.19 09:43:25.209,1.08782,1.08796,1.80,1.13
2013.09.19 09:43:25.563,1.08783,1.08796,3.08,1.50
2013.09.19 09:43:25.930,1.08783,1.08797,4.58,1.13
2013.09.19 09:43:26.109,1.08783,1.08797,1.13,1.13
2013.09.19 09:43:26.169,1.08783,1.08797,1.13,1.13
2013.09.19 09:43:26.589,1.08783,1.08797,2.56,1.13
2013.09.19 09:43:26.710,1.08782,1.08792,2.10,1.13
2013.09.19 09:43:26.831,1.08779,1.08792,1.13,2.85
2013.09.19 09:43:26.890,1.08777,1.08792,1.88,2.85
2013.09.19 09:43:27.429,1.08777,1.08792,1.50,1.80
2013.09.19 09:43:27.991,1.08777,1.08794,3.61,1.99
2013.09.19 09:43:28.110,1.08778,1.08794,3.23,1.80
2013.09.19 09:43:28.170,1.0878,1.08794,2.56,1.05
2013.09.19 09:43:28.350,1.08782,1.08798,3.60,1.88
2013.09.19 09:43:28.771,1.08782,1.08796,3.23,1.13
2013.09.19 09:43:29.560,1.08782,1.08797,2.55,1.13
2013.09.19 09:43:30.460,1.08783,1.08798,2.93,1.43
2013.09.19 09:43:32.019,1.08783,1.08799,1.88,1.80
2013.09.19 09:43:36.809,1.08784,1.08797,2.85,1.13
2013.09.19 09:43:37.170,1.0878,1.08792,2.18,1.13
2013.09.19 09:43:37.229,1.0878,1.08792,2.18,1.13
2013.09.19 09:43:38.069,1.0878,1.08793,2.18,1.13
2013.09.19 09:43:38.701,1.08782,1.08796,3.31,1.05
2013.09.19 09:43:38.821,1.08783,1.08798,2.93,3.00
2013.09.19 09:43:39.299,1.08783,1.08798,2.63,1.05
2013.09.19 09:43:40.040,1.08783,1.08797,2.85,1.13
2013.09.19 09:43:40.400,1.08785,1.08802,2.55,3.49
2013.09.19 09:43:40.949,1.08785,1.08802,3.23,3.49
2013.09.19 09:43:41.521,1.08785,1.08802,3.23,2.82
2013.09.19 09:43:42.480,1.08785,1.08797,1.43,1.13
2013.09.19 09:43:42.719,1.08785,1.08801,2.55,2.29
2013.09.19 09:43:42.779,1.08785,1.08801,2.55,1.62
2013.09.19 09:43:43.310,1.08785,1.08798,3.23,1.13
2013.09.19 09:43:44.069,1.08785,1.08801,2.55,1.62
2013.09.19 09:43:44.589,1.08785,1.08802,3.23,4.32
2013.09.19 09:43:44.831,1.08785,1.08797,3.23,1.13
2013.09.19 09:43:44.921,1.08785,1.08802,3.23,4.32
2013.09.19 09:43:45.159,1.08785,1.08798,2.85,1.13
2013.09.19 09:43:48.350,1.08785,1.08798,2.93,1.13
2013.09.19 09:43:51.030,1.08785,1.08797,1.50,1.13
2013.09.19 09:43:51.149,1.08784,1.08797,2.18,1.69
2013.09.19 09:43:51.510,1.08781,1.08795,1.43,1.13
2013.09.19 09:43:51.570,1.08781,1.08797,1.43,2.37
2013.09.19 09:43:51.690,1.08781,1.08797,3.23,1.43
2013.09.19 09:43:52.110,1.08783,1.08798,3.23,1.13
2013.09.19 09:43:52.290,1.08785,1.08802,2.55,4.17
2013.09.19 09:43:52.409,1.08785,1.08799,3.23,1.13
2013.09.19 09:43:56.220,1.08784,1.08798,1.13,1.43
2013.09.19 09:43:57.502,1.08783,1.08798,1.50,1.80
2013.09.19 09:43:57.630,1.08782,1.08798,1.99,2.18
2013.09.19 09:43:58.691,1.08782,1.08797,4.32,1.43
2013.09.19 09:43:59.011,1.08781,1.08791,2.44,1.50
2013.09.19 09:43:59.070,1.08778,1.08789,1.62,1.13
2013.09.19 09:43:59.190,1.08776,1.08788,1.62,1.50
2013.09.19 09:43:59.311,1.08774,1.08788,1.80,1.13
2013.09.19 09:43:59.492,1.08774,1.08787,1.43,1.13
2013.09.19 09:44:01.050,1.08774,1.08787,1.50,1.13
2013.09.19 09:44:01.791,1.08774,1.08787,1.50,1.13
2013.09.19 09:44:02.950,1.08772,1.08787,1.88,1.13
2013.09.19 09:44:03.129,1.08769,1.08786,1.62,1.43
2013.09.19 09:44:03.620,1.08769,1.08786,1.62,1.43
2013.09.19 09:44:03.941,1.08769,1.08786,1.62,1.43
2013.09.19 09:44:04.974,1.0877,1.08785,2.48,1.13
2013.09.19 09:44:05.220,1.08769,1.08785,1.62,1.43
2013.09.19 09:44:05.729,1.08768,1.08784,3.19,1.43
2013.09.19 09:44:07.911,1.08768,1.08784,2.44,2.18
2013.09.19 09:44:16.851,1.08768,1.08784,3.61,1.50
2013.09.19 09:44:18.411,1.08769,1.08785,2.18,1.43
2013.09.19 09:44:18.591,1.08772,1.08789,2.56,2.18
2013.09.19 09:44:18.710,1.08772,1.08789,2.55,2.18
2013.09.19 09:44:19.071,1.08772,1.08789,3.42,1.80
2013.09.19 09:44:19.550,1.08773,1.08786,4.20,1.88
2013.09.19 09:44:19.730,1.08769,1.08783,1.32,1.43
2013.09.19 09:44:19.850,1.08769,1.08783,1.32,1.05
2013.09.19 09:44:19.911,1.08768,1.08782,1.69,2.10
2013.09.19 09:44:20.449,1.08768,1.08782,1.50,2.18
2013.09.19 09:44:20.931,1.08766,1.08782,2.55,2.93
2013.09.19 09:44:23.891,1.08766,1.08781,1.80,1.50
2013.09.19 09:44:28.021,1.08766,1.08781,1.13,2.18
2013.09.19 09:44:28.309,1.08766,1.08781,1.13,2.18
2013.09.19 09:44:28.840,1.08766,1.08781,1.13,2.18
2013.09.19 09:44:29.080,1.08766,1.08781,1.13,2.18
2013.09.19 09:44:30.020,1.08766,1.08779,1.13,1.13
2013.09.19 09:44:30.820,1.08766,1.08781,1.13,2.18
2013.09.19 09:44:33.389,1.08766,1.08781,1.13,2.18
2013.09.19 09:44:34.722,1.08766,1.08781,1.13,1.43
2013.09.19 09:44:35.080,1.08769,1.08786,2.48,1.43
2013.09.19 09:44:39.709,1.08769,1.08785,4.77,1.13
2013.09.19 09:44:40.779,1.0877,1.08786,3.23,1.50
2013.09.19 09:44:41.020,1.08772,1.08787,2.48,1.13
2013.09.19 09:44:41.080,1.08772,1.08787,3.83,1.13
2013.09.19 09:44:41.360,1.08773,1.0879,3.23,1.43
2013.09.19 09:44:41.553,1.08773,1.0879,3.23,1.43
2013.09.19 09:44:41.671,1.08774,1.0879,4.99,2.10
2013.09.19 09:44:41.972,1.08776,1.08792,2.56,1.13
2013.09.19 09:44:42.152,1.08775,1.0879,1.32,1.43
2013.09.19 09:44:42.341,1.08775,1.08789,1.32,1.13
2013.09.19 09:44:42.711,1.08775,1.0879,1.13,2.18
2013.09.19 09:44:43.473,1.08774,1.08787,1.50,2.18
2013.09.19 09:44:43.545,1.08771,1.08786,2.18,2.40
2013.09.19 09:44:43.729,1.08771,1.08784,1.13,1.43
2013.09.19 09:44:45.084,1.08768,1.08784,2.63,2.93
2013.09.19 09:44:45.330,1.08768,1.08781,1.13,1.43
2013.09.19 09:44:45.512,1.08768,1.08781,1.13,1.80
2013.09.19 09:44:45.630,1.08768,1.0878,1.13,1.43
2013.09.19 09:44:45.990,1.08768,1.08781,1.13,1.80
2013.09.19 09:44:46.112,1.08768,1.0878,1.13,1.13
2013.09.19 09:44:46.351,1.08768,1.08781,1.13,2.18
2013.09.19 09:44:46.531,1.08768,1.08784,3.30,2.18
2013.09.19 09:44:46.842,1.08768,1.08784,3.68,2.18
2013.09.19 09:44:47.399,1.08769,1.08784,3.95,1.43
2013.09.19 09:44:47.639,1.08769,1.08786,4.25,1.43
2013.09.19 09:44:48.702,1.08769,1.08786,3.50,2.55
2013.09.19 09:44:48.770,1.08771,1.08786,2.26,2.55
2013.09.19 09:44:48.830,1.08771,1.08786,1.88,2.55
2013.09.19 09:44:49.360,1.08771,1.08784,1.13,1.05
2013.09.19 09:44:49.820,1.08771,1.08786,1.13,2.55
2013.09.19 09:44:49.939,1.08771,1.08786,1.13,2.55
2013.09.19 09:44:50.470,1.08771,1.08786,2.56,1.13
2013.09.19 09:44:50.590,1.08772,1.08787,3.23,1.13
2013.09.19 09:44:50.650,1.08773,1.08787,4.20,1.13
2013.09.19 09:44:51.444,1.08773,1.08787,2.93,1.13
2013.09.19 09:44:52.981,1.08773,1.08788,4.95,1.13
2013.09.19 09:44:53.577,1.08773,1.08787,2.93,1.13
2013.09.19 09:44:53.829,1.08773,1.08789,3.60,1.50
2013.09.19 09:44:54.009,1.08774,1.0879,2.56,1.80
2013.09.19 09:44:54.759,1.08775,1.08791,2.55,2.74
2013.09.19 09:44:55.221,1.08775,1.08791,1.80,2.74
2013.09.19 09:44:57.615,1.08775,1.08789,1.05,1.13
2013.09.19 09:44:58.119,1.08774,1.08787,1.13,1.80
2013.09.19 09:44:59.950,1.08774,1.08787,1.13,2.55
2013.09.19 09:45:00.190,1.08769,1.08785,1.13,1.05
2013.09.19 09:45:00.370,1.08769,1.08786,3.01,2.29
2013.09.19 09:45:01.209,1.08772,1.08786,2.56,1.43
2013.09.19 09:45:01.389,1.08773,1.08789,2.56,1.80
2013.09.19 09:45:01.930,1.08774,1.0879,2.56,1.13
2013.09.19 09:45:03.260,1.08774,1.08791,3.31,2.55
2013.09.19 09:45:05.980,1.08775,1.08792,4.06,1.43
2013.09.19 09:45:07.944,1.08777,1.08792,2.56,1.50
2013.09.19 09:45:09.060,1.08777,1.08792,3.31,1.13
2013.09.19 09:45:09.700,1.08778,1.08792,2.63,1.80
2013.09.19 09:45:11.473,1.08778,1.08793,4.36,1.43
2013.09.19 09:45:11.601,1.08781,1.08797,2.56,2.07
2013.09.19 09:45:12.920,1.08782,1.08799,3.98,1.32
2013.09.19 09:45:13.160,1.08782,1.08799,3.98,1.69
2013.09.19 09:45:13.344,1.08782,1.08799,3.98,1.69
2013.09.19 09:45:13.412,1.08782,1.08799,3.98,1.32
2013.09.19 09:45:13.530,1.08783,1.088,4.21,2.07
2013.09.19 09:45:14.589,1.08783,1.08799,3.31,1.24
2013.09.19 09:45:14.771,1.08786,1.08801,3.45,2.93
2013.09.19 09:45:15.010,1.08786,1.088,1.50,1.35
2013.09.19 09:45:15.070,1.08788,1.08804,2.85,1.13
2013.09.19 09:45:15.250,1.08791,1.08807,2.55,2.48
2013.09.19 09:45:15.801,1.08791,1.08807,2.55,2.18
2013.09.19 09:45:16.349,1.08791,1.08806,1.43,1.13
2013.09.19 09:45:18.229,1.08791,1.08807,1.50,2.37
2013.09.19 09:45:20.621,1.08791,1.08804,1.50,1.13
2013.09.19 09:45:22.300,1.08791,1.08805,1.50,1.43
2013.09.19 09:45:27.119,1.08791,1.08807,1.50,2.93
2013.09.19 09:45:27.680,1.08791,1.08802,1.50,1.13
2013.09.19 09:45:28.040,1.08791,1.08807,1.50,3.53
2013.09.19 09:45:28.100,1.08791,1.08807,1.50,2.18
2013.09.19 09:45:28.640,1.08791,1.08807,3.60,1.13
2013.09.19 09:45:28.761,1.08791,1.08807,2.93,1.80
2013.09.19 09:45:29.130,1.08793,1.08809,4.50,1.92
2013.09.19 09:45:29.670,1.08794,1.08812,3.61,2.18
2013.09.19 09:45:29.729,1.08794,1.08812,3.98,2.18
2013.09.19 09:45:33.160,1.08797,1.08813,8.30,1.05
2013.09.19 09:45:33.220,1.08798,1.08816,5.60,1.35
2013.09.19 09:45:33.279,1.08799,1.08817,4.10,1.43
2013.09.19 09:45:33.581,1.088,1.08817,3.46,1.32
2013.09.19 09:45:33.713,1.08798,1.08815,4.05,1.80
2013.09.19 09:45:33.839,1.08798,1.08813,3.38,1.43
2013.09.19 09:45:34.519,1.08798,1.08813,4.13,1.43
2013.09.19 09:45:34.699,1.08799,1.08815,3.68,1.13
2013.09.19 09:45:35.060,1.088,1.08815,4.88,1.35
2013.09.19 09:45:35.302,1.088,1.08817,3.38,2.85
2013.09.19 09:45:35.479,1.088,1.08816,4.88,2.78
2013.09.19 09:45:36.020,1.088,1.08815,4.50,1.13
2013.09.19 09:45:36.079,1.088,1.08816,4.88,2.18
2013.09.19 09:45:36.320,1.088,1.08816,4.24,2.25
2013.09.19 09:45:36.680,1.088,1.08816,3.12,1.50
2013.09.19 09:45:37.159,1.088,1.08815,4.28,1.13
2013.09.19 09:45:38.529,1.088,1.08815,5.10,1.13
2013.09.19 09:45:39.103,1.088,1.08815,4.43,1.13
2013.09.19 09:45:39.549,1.088,1.08815,5.18,1.13
2013.09.19 09:45:40.080,1.08799,1.08815,2.18,2.37
2013.09.19 09:45:43.379,1.08797,1.08812,4.43,1.88
2013.09.19 09:45:47.539,1.08796,1.0881,2.10,1.13
2013.09.19 09:45:48.380,1.08796,1.0881,2.10,1.13
2013.09.19 09:45:48.440,1.08796,1.0881,2.10,1.50
2013.09.19 09:45:48.501,1.08796,1.0881,2.18,2.18
2013.09.19 09:45:48.741,1.0879,1.08806,3.49,1.80
2013.09.19 09:45:49.277,1.0879,1.08806,2.55,1.80
2013.09.19 09:45:49.821,1.0879,1.08805,2.55,1.13
2013.09.19 09:45:50.350,1.0879,1.08805,1.80,1.13
2013.09.19 09:45:50.970,1.0879,1.08805,3.23,1.88
2013.09.19 09:45:51.150,1.0879,1.08806,4.50,2.18
2013.09.19 09:45:51.661,1.08792,1.08808,3.75,2.37
2013.09.19 09:45:52.211,1.08792,1.08808,4.43,1.50
2013.09.19 09:45:52.511,1.08793,1.0881,6.83,1.69
2013.09.19 09:45:53.189,1.08792,1.08807,2.25,1.13
2013.09.19 09:45:53.691,1.08792,1.08807,3.00,1.88
2013.09.19 09:45:57.220,1.08792,1.08806,3.75,1.50
2013.09.19 09:45:57.579,1.08789,1.08804,1.13,1.80
2013.09.19 09:45:58.311,1.0879,1.08804,3.00,1.13
2013.09.19 09:45:58.671,1.08794,1.08808,2.48,1.50
2013.09.19 09:45:59.101,1.08795,1.08809,2.26,1.43
2013.09.19 09:45:59.621,1.08795,1.08809,2.63,1.43
2013.09.19 09:46:00.179,1.08795,1.08809,1.13,2.10
2013.09.19 09:46:00.420,1.08791,1.08802,2.18,1.13
2013.09.19 09:46:00.541,1.08791,1.08803,1.80,1.13
2013.09.19 09:46:00.600,1.08789,1.08803,1.13,1.80
2013.09.19 09:46:00.780,1.08788,1.08803,1.13,1.80
2013.09.19 09:46:02.100,1.08788,1.088,3.38,1.13
2013.09.19 09:46:02.159,1.08788,1.088,2.63,1.13
2013.09.19 09:46:03.850,1.0879,1.08805,2.63,1.43
2013.09.19 09:46:03.909,1.0879,1.08805,2.63,1.43
2013.09.19 09:46:04.029,1.0879,1.08804,1.50,1.88
2013.09.19 09:46:04.679,1.0879,1.08805,1.50,1.80
2013.09.19 09:46:05.093,1.0879,1.08804,1.13,1.50
2013.09.19 09:46:05.420,1.0879,1.08804,1.13,1.50
2013.09.19 09:46:06.499,1.0879,1.08804,2.48,1.50
2013.09.19 09:46:12.901,1.0879,1.08804,3.00,1.50
2013.09.19 09:46:13.140,1.08792,1.08807,2.26,2.18
2013.09.19 09:46:15.432,1.08792,1.08808,5.56,2.63
2013.09.19 09:46:15.551,1.08792,1.08806,4.06,1.13
2013.09.19 09:46:20.890,1.0879,1.08805,1.13,1.43
2013.09.19 09:46:21.562,1.0879,1.08804,1.50,1.50
2013.09.19 09:46:22.603,1.0879,1.08804,1.50,1.50
2013.09.19 09:46:22.664,1.0879,1.08804,1.50,1.50
2013.09.19 09:46:22.730,1.0879,1.08804,1.50,1.50
2013.09.19 09:46:23.082,1.0879,1.08804,1.13,1.50
2013.09.19 09:46:26.134,1.0879,1.08804,1.13,1.50
2013.09.19 09:46:26.559,1.08793,1.0881,4.32,1.43
2013.09.19 09:46:26.680,1.08793,1.08809,2.82,1.13
2013.09.19 09:46:27.040,1.08796,1.08813,4.32,1.13
2013.09.19 09:46:27.400,1.08799,1.08813,2.63,1.13
2013.09.19 09:46:27.881,1.08799,1.08812,1.13,1.13
2013.09.19 09:46:28.480,1.08799,1.08812,1.13,1.13
2013.09.19 09:46:28.540,1.08799,1.08813,1.13,1.13
2013.09.19 09:46:28.600,1.08799,1.08813,2.63,1.13
2013.09.19 09:46:29.019,1.08799,1.08812,1.13,1.13
2013.09.19 09:46:29.079,1.08799,1.08815,1.13,1.43
2013.09.19 09:46:29.380,1.08797,1.08808,1.13,1.13
2013.09.19 09:46:29.739,1.08794,1.08807,1.32,1.13
2013.09.19 09:46:30.822,1.08794,1.08807,1.13,1.13
2013.09.19 09:46:32.349,1.08794,1.08807,1.13,1.13
2013.09.19 09:46:34.332,1.08791,1.08805,3.12,1.13
2013.09.19 09:46:36.623,1.08791,1.08802,1.50,1.80
2013.09.19 09:46:36.680,1.08787,1.08802,1.35,1.80
2013.09.19 09:46:36.740,1.08785,1.08799,1.13,1.43
2013.09.19 09:46:37.800,1.08783,1.08799,1.43,2.18
2013.09.19 09:46:38.041,1.08784,1.088,2.75,1.35
2013.09.19 09:46:38.101,1.08785,1.088,3.57,1.35
2013.09.19 09:46:38.161,1.08788,1.08804,3.23,1.50
2013.09.19 09:46:38.220,1.08791,1.08806,2.63,2.10
2013.09.19 09:46:38.280,1.08791,1.08807,1.88,2.18
2013.09.19 09:46:38.820,1.08792,1.08808,5.75,1.13
2013.09.19 09:46:39.301,1.08795,1.08809,2.63,1.43
2013.09.19 09:46:39.660,1.08795,1.0881,2.37,1.13
2013.09.19 09:46:40.050,1.08795,1.08809,2.74,1.13
2013.09.19 09:46:40.111,1.08794,1.08809,1.32,3.30
2013.09.19 09:46:40.291,1.08793,1.08805,1.32,1.13
2013.09.19 09:46:45.670,1.08793,1.08805,1.13,1.05
2013.09.19 09:46:45.789,1.08793,1.08805,1.13,1.05
2013.09.19 09:46:45.970,1.08796,1.0881,3.38,2.48
2013.09.19 09:46:46.500,1.08796,1.0881,3.38,1.80
2013.09.19 09:46:46.559,1.08795,1.0881,1.32,1.80
2013.09.19 09:46:46.680,1.08795,1.08805,1.32,1.13
2013.09.19 09:46:46.980,1.08791,1.08805,1.50,1.13
2013.09.19 09:46:47.040,1.08791,1.08805,1.50,1.13
2013.09.19 09:46:47.160,1.08789,1.08802,1.80,1.13
2013.09.19 09:46:47.459,1.08788,1.08802,1.13,1.13
2013.09.19 09:46:47.819,1.08788,1.08803,1.13,2.18
2013.09.19 09:46:48.870,1.08788,1.08803,3.68,2.25
2013.09.19 09:46:49.170,1.0879,1.08803,2.86,1.50
2013.09.19 09:46:50.841,1.08791,1.08807,3.98,2.18
2013.09.19 09:46:51.080,1.08793,1.0881,3.15,1.13
2013.09.19 09:46:53.890,1.08793,1.08807,2.89,1.43
2013.09.19 09:46:53.950,1.08794,1.08809,3.65,2.78
2013.09.19 09:46:54.131,1.08796,1.08813,3.35,1.35
2013.09.19 09:46:54.251,1.08796,1.08815,6.04,2.48
2013.09.19 09:46:54.370,1.08798,1.08814,4.70,1.43
2013.09.19 09:46:55.149,1.08799,1.08817,2.86,1.43
2013.09.19 09:46:55.430,1.088,1.08818,2.56,1.92
2013.09.19 09:46:57.751,1.08802,1.08817,3.31,1.50
2013.09.19 09:46:57.990,1.08803,1.0882,5.22,1.50
2013.09.19 09:46:58.290,1.08803,1.08818,1.32,1.50
2013.09.19 09:47:00.080,1.08803,1.08818,1.13,1.50
2013.09.19 09:47:00.380,1.08802,1.08818,1.50,1.88
2013.09.19 09:47:02.479,1.08804,1.08818,2.63,2.18
2013.09.19 09:47:02.543,1.08804,1.08818,2.63,2.18
2013.09.19 09:47:03.680,1.08801,1.08814,1.43,1.80
2013.09.19 09:47:03.800,1.08798,1.08811,2.44,1.05
2013.09.19 09:47:03.861,1.08798,1.08812,1.13,1.80
2013.09.19 09:47:04.220,1.08798,1.08813,1.13,1.43
2013.09.19 09:47:04.521,1.08803,1.08814,2.63,1.43
2013.09.19 09:47:04.880,1.08808,1.08817,2.63,1.43
2013.09.19 09:47:05.420,1.08807,1.08821,1.13,1.35
2013.09.19 09:47:06.066,1.08807,1.0882,1.13,1.43
2013.09.19 09:47:12.759,1.08807,1.0882,1.13,1.43
2013.09.19 09:47:17.653,1.08798,1.08812,1.32,2.55
2013.09.19 09:47:17.842,1.08798,1.08812,1.13,2.48
2013.09.19 09:47:18.350,1.08798,1.0881,1.13,1.73
2013.09.19 09:47:18.669,1.08797,1.08809,1.13,1.80
2013.09.19 09:47:20.270,1.088,1.0881,3.31,1.43
2013.09.19 09:47:20.391,1.088,1.08817,3.38,2.03
2013.09.19 09:47:20.450,1.08803,1.08817,3.76,2.03
2013.09.19 09:47:20.632,1.08803,1.08818,1.13,1.43
2013.09.19 09:47:21.052,1.08803,1.08817,1.50,2.40
2013.09.19 09:47:21.569,1.08803,1.08815,1.50,1.43
2013.09.19 09:47:22.220,1.08803,1.08815,1.50,1.43
2013.09.19 09:47:23.359,1.08803,1.08815,1.50,1.43
2013.09.19 09:47:26.590,1.08803,1.08815,1.50,1.43
2013.09.19 09:47:26.710,1.088,1.08814,2.44,1.13
2013.09.19 09:47:27.190,1.08802,1.08815,1.13,1.73
2013.09.19 09:47:27.369,1.08802,1.08819,3.12,1.05
2013.09.19 09:47:27.610,1.08803,1.0882,2.75,1.05
2013.09.19 09:47:28.149,1.08805,1.08819,3.01,1.05
2013.09.19 09:47:28.330,1.08805,1.08821,3.20,1.05
2013.09.19 09:47:28.630,1.08805,1.08821,3.20,1.80
2013.09.19 09:47:28.930,1.08801,1.08812,1.13,1.13
2013.09.19 09:47:29.504,1.08801,1.08815,1.50,1.73
2013.09.19 09:47:29.811,1.08801,1.08815,1.13,1.43
2013.09.19 09:47:30.112,1.08801,1.08812,1.13,2.10
2013.09.19 09:47:30.231,1.08801,1.08814,1.13,1.35
2013.09.19 09:47:30.290,1.08801,1.08812,1.13,3.45
2013.09.19 09:47:30.534,1.08797,1.08809,1.13,1.43
2013.09.19 09:47:30.661,1.08797,1.08807,1.13,1.43
2013.09.19 09:47:34.269,1.08794,1.08807,1.13,2.18
2013.09.19 09:47:36.647,1.08792,1.08807,1.43,1.88
2013.09.19 09:47:36.830,1.08792,1.08807,1.43,5.55
2013.09.19 09:47:38.520,1.08791,1.08803,1.50,1.43
2013.09.19 09:47:38.640,1.08791,1.08808,2.55,1.24
2013.09.19 09:47:38.760,1.08791,1.08807,1.50,1.35
2013.09.19 09:47:39.292,1.08791,1.08807,2.63,2.10
2013.09.19 09:47:41.439,1.08791,1.08807,2.63,2.10
2013.09.19 09:47:45.919,1.08791,1.08807,1.50,2.78
2013.09.19 09:47:46.040,1.08791,1.08805,1.88,1.35
2013.09.19 09:47:47.231,1.08791,1.08804,1.13,2.18
2013.09.19 09:47:50.941,1.08791,1.08802,1.88,2.18
2013.09.19 09:47:55.250,1.08791,1.08805,2.63,2.10
2013.09.19 09:47:56.015,1.08791,1.08806,2.63,2.55
2013.09.19 09:47:57.131,1.08791,1.08805,2.63,2.10
2013.09.19 09:47:57.314,1.08791,1.08804,1.88,1.43
2013.09.19 09:47:57.863,1.0879,1.08803,1.50,1.50
2013.09.19 09:47:57.982,1.08788,1.08802,2.63,1.50
2013.09.19 09:48:01.650,1.08788,1.08802,3.19,2.63
2013.09.19 09:48:01.953,1.08788,1.08801,1.32,1.43
2013.09.19 09:48:02.010,1.08789,1.08802,2.63,2.10
2013.09.19 09:48:02.131,1.08789,1.08803,2.63,1.50
2013.09.19 09:48:02.610,1.0879,1.08807,4.92,1.80
2013.09.19 09:48:02.671,1.0879,1.08806,4.92,1.13
2013.09.19 09:48:03.211,1.0879,1.08806,4.92,1.88
2013.09.19 09:48:10.050,1.08791,1.08806,3.01,2.10
2013.09.19 09:48:10.110,1.08791,1.08805,1.69,1.13
2013.09.19 09:48:10.230,1.0879,1.088,1.13,1.13
2013.09.19 09:48:10.350,1.08788,1.08802,1.13,1.80
2013.09.19 09:48:10.589,1.08786,1.08798,1.13,1.05
2013.09.19 09:48:12.020,1.08786,1.088,1.13,3.15
2013.09.19 09:48:12.554,1.08786,1.088,1.13,1.80
2013.09.19 09:48:12.999,1.08786,1.08799,1.13,1.13
2013.09.19 09:48:14.171,1.08786,1.08797,1.13,1.13
2013.09.19 09:48:14.831,1.08785,1.08797,1.13,1.13
2013.09.19 09:48:16.090,1.08783,1.08797,1.80,1.13
2013.09.19 09:48:16.149,1.08783,1.08797,1.80,1.13
2013.09.19 09:48:17.140,1.08782,1.08795,1.13,1.13
2013.09.19 09:48:17.603,1.08782,1.08795,1.13,1.13
2013.09.19 09:48:24.990,1.0878,1.08793,1.13,1.05
2013.09.19 09:48:25.231,1.08777,1.0879,1.13,1.43
2013.09.19 09:48:25.290,1.08777,1.0879,1.13,1.43
2013.09.19 09:48:25.409,1.08777,1.0879,1.13,1.43
2013.09.19 09:48:26.231,1.08777,1.0879,1.13,1.43
2013.09.19 09:48:26.544,1.08777,1.0879,3.30,1.50
2013.09.19 09:48:26.612,1.08777,1.0879,3.68,1.50
2013.09.19 09:48:29.920,1.08777,1.0879,1.13,1.50
2013.09.19 09:48:30.160,1.08776,1.08789,1.50,1.43
2013.09.19 09:48:31.501,1.08776,1.0879,1.50,2.93
2013.09.19 09:48:35.234,1.08776,1.0879,1.80,2.25
2013.09.19 09:48:35.780,1.08776,1.08789,2.63,1.43
2013.09.19 09:48:54.256,1.08776,1.0879,2.63,1.50
2013.09.19 09:48:55.191,1.08776,1.08788,1.13,1.13
2013.09.19 09:48:55.313,1.08774,1.08787,1.13,1.43
2013.09.19 09:48:55.372,1.08774,1.08787,1.13,1.43
2013.09.19 09:48:55.560,1.08774,1.08789,2.48,1.50
2013.09.19 09:48:56.371,1.08773,1.08787,1.13,1.88
2013.09.19 09:48:56.987,1.0877,1.08785,1.13,2.10
2013.09.19 09:48:58.870,1.08768,1.08784,2.44,2.55
2013.09.19 09:48:59.410,1.08768,1.08782,1.32,1.50
2013.09.19 09:49:00.160,1.08768,1.08782,1.32,1.50
2013.09.19 09:49:00.671,1.08768,1.08784,1.13,2.18
2013.09.19 09:49:01.342,1.08768,1.08784,1.88,1.43
2013.09.19 09:49:01.702,1.08772,1.08785,2.93,1.50
2013.09.19 09:49:03.990,1.08773,1.08788,2.63,1.50
2013.09.19 09:49:06.379,1.08773,1.08788,1.80,1.50
2013.09.19 09:49:08.251,1.08773,1.08788,1.80,1.50
2013.09.19 09:49:10.516,1.08773,1.08788,1.13,2.25
2013.09.19 09:49:13.593,1.08773,1.08788,2.26,2.25
2013.09.19 09:49:18.012,1.08773,1.08788,1.50,2.25
2013.09.19 09:49:20.112,1.08773,1.0879,5.97,2.93
2013.09.19 09:49:20.470,1.08779,1.08796,5.59,2.25
2013.09.19 09:49:21.902,1.08779,1.08796,4.21,2.10
2013.09.19 09:49:22.021,1.08775,1.08785,1.50,1.43
2013.09.19 09:49:22.202,1.08772,1.08783,1.13,1.43
2013.09.19 09:49:22.862,1.08772,1.08787,2.56,1.50
2013.09.19 09:49:23.560,1.08773,1.08787,3.61,1.50
2013.09.19 09:49:23.648,1.08772,1.08787,1.13,2.18
2013.09.19 09:49:27.831,1.08771,1.08784,2.25,2.25
2013.09.19 09:49:33.692,1.0877,1.08782,1.88,1.43
2013.09.19 09:49:34.173,1.0877,1.08782,2.25,1.50
2013.09.19 09:49:34.712,1.08771,1.08786,4.24,1.50
2013.09.19 09:49:35.640,1.08773,1.08785,2.93,1.50
2013.09.19 09:49:35.700,1.08773,1.08786,3.68,1.50
2013.09.19 09:49:36.416,1.08773,1.08786,4.92,1.50
2013.09.19 09:49:38.230,1.08774,1.08789,4.81,1.50
2013.09.19 09:49:40.200,1.08776,1.08787,3.00,1.50
2013.09.19 09:49:43.940,1.08777,1.08792,3.31,2.18
2013.09.19 09:49:44.000,1.08778,1.08792,2.26,2.18
2013.09.19 09:49:44.120,1.0878,1.08792,2.56,1.50
2013.09.19 09:49:44.241,1.08782,1.088,5.40,2.55
2013.09.19 09:49:44.300,1.08784,1.088,2.26,1.43
2013.09.19 09:49:44.420,1.08784,1.08801,2.45,1.35
2013.09.19 09:49:44.600,1.08786,1.08803,2.18,2.18
2013.09.19 09:49:44.840,1.08786,1.08803,2.18,1.43
2013.09.19 09:49:45.170,1.08786,1.08803,1.13,2.85
2013.09.19 09:49:45.289,1.08786,1.08801,1.13,1.43
2013.09.19 09:49:46.099,1.08786,1.08797,1.13,1.50
2013.09.19 09:49:46.760,1.08786,1.08797,1.13,1.50
2013.09.19 09:49:47.110,1.08786,1.08797,1.13,1.50
2013.09.19 09:49:47.171,1.08784,1.08793,1.62,1.50
2013.09.19 09:49:47.290,1.08783,1.08793,1.62,1.50
2013.09.19 09:49:47.972,1.08782,1.08793,1.13,1.50
2013.09.19 09:49:48.272,1.08782,1.08791,1.13,1.50
2013.09.19 09:49:48.630,1.08776,1.0879,1.13,1.13
2013.09.19 09:49:48.691,1.08775,1.0879,1.43,1.13
2013.09.19 09:49:49.220,1.08774,1.08788,1.43,1.50
2013.09.19 09:49:49.906,1.08774,1.08789,5.45,2.25
2013.09.19 09:49:50.874,1.08774,1.08787,3.42,1.50
2013.09.19 09:49:51.122,1.08777,1.08792,5.37,1.50
2013.09.19 09:49:51.182,1.08779,1.08792,4.25,1.50
2013.09.19 09:49:51.301,1.08779,1.08792,4.62,1.50
2013.09.19 09:49:51.483,1.0878,1.08792,4.32,1.50
2013.09.19 09:49:51.791,1.0878,1.08793,3.95,1.43
2013.09.19 09:49:51.973,1.0878,1.08792,2.45,1.50
2013.09.19 09:49:52.030,1.0878,1.08793,1.69,1.43
2013.09.19 09:49:52.150,1.0878,1.08792,4.32,1.50
2013.09.19 09:49:52.451,1.0878,1.08793,3.00,1.50
2013.09.19 09:49:52.631,1.0878,1.08792,3.20,1.50
2013.09.19 09:49:52.690,1.0878,1.08793,3.57,1.43
2013.09.19 09:49:54.559,1.08781,1.08793,3.57,1.50
2013.09.19 09:49:57.600,1.08781,1.08797,3.87,2.93
2013.09.19 09:49:57.790,1.08781,1.08797,3.87,2.93
2013.09.19 09:50:00.268,1.08781,1.08797,3.87,2.93
2013.09.19 09:50:02.470,1.08782,1.08796,3.00,1.35
2013.09.19 09:50:02.531,1.08782,1.08795,3.60,1.43
2013.09.19 09:50:02.591,1.08782,1.08797,4.35,1.43
2013.09.19 09:50:02.771,1.08788,1.08804,2.93,1.65
2013.09.19 09:50:02.830,1.0879,1.08801,4.36,3.75
2013.09.19 09:50:03.345,1.08791,1.08807,3.53,1.50
2013.09.19 09:50:04.011,1.08792,1.08806,2.10,1.50
2013.09.19 09:50:04.550,1.08793,1.08807,3.45,1.50
2013.09.19 09:50:04.910,1.08793,1.08807,3.83,1.50
2013.09.19 09:50:05.881,1.08793,1.08807,4.20,1.50
2013.09.19 09:50:10.322,1.08794,1.08808,3.08,1.50
2013.09.19 09:50:10.860,1.08794,1.08808,1.05,1.50
2013.09.19 09:50:12.990,1.08794,1.08808,3.46,1.50
2013.09.19 09:50:13.540,1.08794,1.08808,2.48,1.50
2013.09.19 09:50:14.122,1.08794,1.0881,3.46,1.50
2013.09.19 09:50:15.990,1.08795,1.08808,2.48,1.50
2013.09.19 09:50:16.531,1.08794,1.08811,2.18,2.18
2013.09.19 09:50:17.981,1.08794,1.08808,2.37,1.50
2013.09.19 09:50:18.351,1.08794,1.08808,2.37,1.50
2013.09.19 09:50:18.590,1.08794,1.08807,1.80,1.13
2013.09.19 09:50:18.651,1.08792,1.08808,1.80,2.63
2013.09.19 09:50:18.831,1.08792,1.08807,3.45,1.50
2013.09.19 09:50:19.071,1.08792,1.08807,1.35,1.32
2013.09.19 09:50:19.154,1.08792,1.08806,1.35,1.13
2013.09.19 09:50:19.282,1.0879,1.08805,1.43,1.13
2013.09.19 09:50:19.761,1.08789,1.08803,1.13,1.43
2013.09.19 09:50:20.382,1.08789,1.08804,1.13,1.05
2013.09.19 09:50:20.442,1.08788,1.08804,2.18,1.13
2013.09.19 09:50:20.800,1.08788,1.08805,4.66,1.43
2013.09.19 09:50:21.041,1.08793,1.0881,3.12,1.35
2013.09.19 09:50:21.101,1.08793,1.0881,2.75,1.73
2013.09.19 09:50:21.282,1.08793,1.0881,3.42,2.18
2013.09.19 09:50:21.822,1.08793,1.08808,1.50,1.43
2013.09.19 09:50:23.511,1.08791,1.08808,3.87,2.55
2013.09.19 09:50:23.752,1.08791,1.08808,3.60,2.18
2013.09.19 09:50:24.109,1.08789,1.08805,1.43,1.13
2013.09.19 09:50:24.611,1.08789,1.08805,1.50,1.13
2013.09.19 09:50:26.000,1.08787,1.08802,1.43,1.13
2013.09.19 09:50:26.241,1.08788,1.08804,5.44,1.50
2013.09.19 09:50:27.010,1.08788,1.08805,3.42,1.88
2013.09.19 09:50:27.259,1.08788,1.08804,2.74,2.18
2013.09.19 09:50:27.850,1.08788,1.08804,2.74,2.18
2013.09.19 09:50:28.151,1.08793,1.08809,4.62,1.43
2013.09.19 09:50:28.211,1.08793,1.0881,4.62,1.35
2013.09.19 09:50:28.743,1.08794,1.0881,3.20,1.35
2013.09.19 09:50:28.991,1.08798,1.08816,4.28,1.35
2013.09.19 09:50:29.112,1.08798,1.08816,4.28,1.35
2013.09.19 09:50:29.650,1.08798,1.08814,1.13,1.43
2013.09.19 09:50:30.600,1.08798,1.08814,1.50,2.55
2013.09.19 09:50:31.160,1.08798,1.08811,1.13,1.43
2013.09.19 09:50:35.452,1.08798,1.08811,1.50,1.43
2013.09.19 09:50:35.820,1.08798,1.08815,2.26,1.35
2013.09.19 09:50:36.543,1.088,1.08817,2.85,1.43
2013.09.19 09:50:37.090,1.088,1.08818,2.86,3.04
2013.09.19 09:50:37.680,1.08801,1.08817,3.68,1.43
2013.09.19 09:50:38.220,1.08802,1.0882,2.93,3.04
2013.09.19 09:50:38.400,1.08802,1.08819,2.93,1.43
2013.09.19 09:50:39.701,1.08802,1.08817,2.25,1.43
2013.09.19 09:50:43.840,1.08803,1.08817,2.26,1.43
2013.09.19 09:50:44.672,1.08803,1.08817,2.26,1.43
2013.09.19 09:50:45.080,1.08804,1.08817,2.26,1.43
2013.09.19 09:50:48.060,1.08804,1.08817,1.50,1.43
2013.09.19 09:50:49.800,1.08803,1.08817,1.50,1.43
2013.09.19 09:50:55.839,1.08803,1.08818,1.50,1.35
2013.09.19 09:50:55.900,1.08803,1.08818,1.50,1.35
2013.09.19 09:50:56.140,1.08803,1.08819,2.55,1.05
2013.09.19 09:50:56.899,1.08803,1.08819,2.55,1.80
2013.09.19 09:50:59.572,1.08803,1.08821,2.56,1.43
2013.09.19 09:50:59.632,1.08804,1.08822,3.16,3.72
2013.09.19 09:50:59.701,1.08804,1.08817,3.83,1.13
2013.09.19 09:51:00.240,1.08802,1.08817,1.13,1.50
2013.09.19 09:51:00.795,1.08802,1.08817,1.13,3.23
2013.09.19 09:51:01.300,1.08802,1.08816,1.13,2.10
2013.09.19 09:51:01.659,1.08802,1.08816,1.13,2.10
2013.09.19 09:51:01.976,1.08802,1.08815,1.13,1.43
2013.09.19 09:51:02.780,1.08802,1.08815,1.13,1.43
2013.09.19 09:51:03.220,1.08802,1.08813,1.13,1.43
2013.09.19 09:51:04.130,1.088,1.08812,1.13,1.43
2013.09.19 09:51:04.341,1.088,1.08812,1.13,1.43
2013.09.19 09:51:08.200,1.088,1.0881,1.13,1.43
2013.09.19 09:51:09.120,1.088,1.0881,1.13,1.43
2013.09.19 09:51:09.180,1.088,1.0881,1.13,1.43
2013.09.19 09:51:16.764,1.08797,1.08808,1.13,1.50
2013.09.19 09:51:17.311,1.08797,1.08808,1.13,1.05
2013.09.19 09:51:17.430,1.08794,1.08806,1.13,1.13
2013.09.19 09:51:17.964,1.08794,1.08803,1.13,1.13
2013.09.19 09:51:20.071,1.08794,1.08802,1.13,1.50
2013.09.19 09:51:21.310,1.0879,1.08802,1.13,2.85
2013.09.19 09:51:21.730,1.0879,1.08802,1.50,1.50
2013.09.19 09:51:21.970,1.0879,1.08802,1.50,1.50
2013.09.19 09:51:22.331,1.08791,1.0881,4.20,3.12
2013.09.19 09:51:22.391,1.08791,1.0881,4.20,2.37
2013.09.19 09:51:25.323,1.08791,1.08807,1.50,2.78
2013.09.19 09:51:25.403,1.08791,1.08805,1.50,2.03
2013.09.19 09:51:25.971,1.08789,1.08804,1.88,1.35
2013.09.19 09:51:26.555,1.08788,1.08803,1.13,1.43
2013.09.19 09:51:27.890,1.08787,1.08803,2.07,2.18
2013.09.19 09:51:27.950,1.08787,1.08803,2.07,2.55
2013.09.19 09:51:28.251,1.08787,1.08801,1.50,1.13
2013.09.19 09:51:28.310,1.08786,1.08801,1.43,1.13
2013.09.19 09:51:28.729,1.08784,1.088,1.69,1.43
2013.09.19 09:51:30.035,1.08784,1.08799,2.25,1.35
2013.09.19 09:51:30.340,1.08784,1.08797,1.13,2.10
2013.09.19 09:51:30.861,1.08784,1.08798,1.50,1.43
2013.09.19 09:51:31.400,1.08784,1.08798,1.13,1.43
2013.09.19 09:51:31.640,1.08785,1.08801,3.95,2.10
2013.09.19 09:51:31.760,1.08785,1.08801,1.43,2.48
2013.09.19 09:51:31.940,1.08785,1.08801,1.43,1.43
2013.09.19 09:51:32.000,1.08785,1.088,1.50,1.54
2013.09.19 09:51:32.530,1.08781,1.08797,2.18,1.43
2013.09.19 09:51:33.681,1.08782,1.08798,3.00,1.43
2013.09.19 09:51:34.230,1.08782,1.08798,2.93,2.18
2013.09.19 09:51:36.831,1.08782,1.08797,1.50,1.50
2013.09.19 09:51:38.561,1.08782,1.08796,1.13,2.18
2013.09.19 09:51:42.332,1.08782,1.08798,2.26,2.18
2013.09.19 09:51:42.513,1.08783,1.088,2.56,1.05
2013.09.19 09:51:42.571,1.08783,1.08801,2.56,2.67
2013.09.19 09:51:49.290,1.08783,1.08799,3.31,1.05
2013.09.19 09:51:49.710,1.08783,1.088,3.31,2.37
2013.09.19 09:51:51.535,1.08784,1.088,2.63,1.62
2013.09.19 09:51:52.802,1.08784,1.088,1.88,1.62
2013.09.19 09:51:56.701,1.08787,1.08803,5.70,1.50
2013.09.19 09:51:57.240,1.08787,1.08804,5.90,1.13
2013.09.19 09:52:00.530,1.0879,1.08807,3.90,2.37
2013.09.19 09:52:01.070,1.08792,1.0881,3.83,2.25
2013.09.19 09:52:01.941,1.08793,1.0881,2.48,2.25
2013.09.19 09:52:02.951,1.08793,1.08808,1.05,1.50
2013.09.19 09:52:03.291,1.08792,1.08804,1.43,1.13
2013.09.19 09:52:03.410,1.08789,1.08804,1.13,1.13
2013.09.19 09:52:08.600,1.0879,1.08806,3.53,2.25
2013.09.19 09:52:09.140,1.08788,1.08803,2.18,1.13
2013.09.19 09:52:13.711,1.08788,1.08803,3.61,1.13
2013.09.19 09:52:17.043,1.08788,1.08803,2.86,1.13
2013.09.19 09:52:17.281,1.08784,1.08797,2.85,1.13
2013.09.19 09:52:18.780,1.08784,1.08798,2.86,1.13
2013.09.19 09:52:19.020,1.08782,1.08796,1.80,1.13
2013.09.19 09:52:19.933,1.0878,1.08795,1.05,1.50
2013.09.19 09:52:19.994,1.0878,1.08796,1.13,1.13
2013.09.19 09:52:20.061,1.08781,1.08796,2.48,1.13
2013.09.19 09:52:20.180,1.0878,1.08795,1.05,1.50
2013.09.19 09:52:21.620,1.0878,1.08795,2.48,1.88
2013.09.19 09:52:22.172,1.0878,1.08795,3.83,1.88
2013.09.19 09:52:25.511,1.0878,1.08796,4.95,1.50
2013.09.19 09:52:26.117,1.08782,1.08797,2.56,2.07
2013.09.19 09:52:27.224,1.08782,1.08797,2.93,1.50
2013.09.19 09:52:27.350,1.08783,1.08799,4.36,1.69
2013.09.19 09:52:27.900,1.08783,1.08799,3.23,2.07
2013.09.19 09:52:31.450,1.08784,1.088,2.93,1.69
2013.09.19 09:52:31.511,1.08785,1.08801,2.56,1.32
2013.09.19 09:52:31.751,1.08786,1.08802,3.01,2.37
2013.09.19 09:52:31.991,1.08787,1.08803,4.36,2.44
2013.09.19 09:52:32.940,1.08787,1.08803,4.36,2.44
2013.09.19 09:52:34.760,1.08787,1.08803,4.36,2.44
2013.09.19 09:52:38.081,1.08787,1.08802,2.86,1.50
2013.09.19 09:52:38.320,1.08784,1.08799,1.80,1.13
2013.09.19 09:52:39.291,1.08784,1.08799,2.55,1.13
2013.09.19 09:52:40.051,1.08782,1.08797,1.43,1.13
2013.09.19 09:52:42.239,1.08781,1.08796,1.13,2.25
2013.09.19 09:52:45.800,1.08781,1.08795,1.13,2.18
2013.09.19 09:52:46.350,1.0878,1.08795,1.13,2.55
2013.09.19 09:52:48.580,1.0878,1.08793,1.13,1.13
2013.09.19 09:52:49.140,1.08779,1.08791,1.50,1.13
2013.09.19 09:52:57.520,1.08776,1.08791,1.43,2.63
2013.09.19 09:52:57.880,1.08774,1.08789,1.13,2.55
2013.09.19 09:53:01.320,1.08774,1.08789,1.88,1.80
2013.09.19 09:53:03.080,1.08771,1.08786,1.62,1.13
2013.09.19 09:53:04.733,1.0877,1.08786,2.18,2.93
2013.09.19 09:53:04.852,1.08773,1.08786,2.40,1.88
2013.09.19 09:53:05.030,1.08771,1.08786,2.18,1.13
2013.09.19 09:53:05.581,1.08771,1.08786,2.18,1.50
2013.09.19 09:53:06.273,1.08771,1.08786,2.18,1.50
2013.09.19 09:53:06.660,1.08769,1.08784,2.18,1.13
2013.09.19 09:53:06.901,1.08769,1.0878,1.50,1.13
2013.09.19 09:53:07.145,1.08769,1.08783,1.13,1.43
2013.09.19 09:53:07.332,1.08769,1.08784,1.50,1.80
2013.09.19 09:53:08.702,1.08769,1.08786,2.18,2.63
2013.09.19 09:53:09.517,1.08769,1.08783,2.55,1.13
2013.09.19 09:53:11.160,1.08769,1.08781,2.18,1.13
2013.09.19 09:53:12.331,1.08765,1.08777,1.62,1.13
2013.09.19 09:53:12.390,1.08764,1.08774,2.18,1.13
2013.09.19 09:53:12.931,1.08762,1.08775,1.43,1.13
2013.09.19 09:53:14.032,1.08762,1.0878,2.93,3.23
2013.09.19 09:53:14.096,1.08763,1.0878,3.60,2.82
2013.09.19 09:53:14.224,1.08765,1.0878,3.23,1.13
2013.09.19 09:53:16.672,1.08766,1.08781,3.23,1.13
2013.09.19 09:53:17.693,1.08766,1.08783,4.88,2.44
2013.09.19 09:53:17.762,1.08767,1.08783,4.95,2.25
2013.09.19 09:53:18.062,1.08768,1.08783,4.39,1.13
2013.09.19 09:53:18.612,1.08768,1.08784,2.75,1.13
2013.09.19 09:53:19.602,1.08769,1.08784,2.67,1.13
2013.09.19 09:53:19.782,1.08771,1.08786,2.48,1.50
2013.09.19 09:53:20.922,1.08771,1.08786,3.23,1.50
2013.09.19 09:53:22.010,1.08771,1.08786,3.23,1.50
2013.09.19 09:53:23.871,1.08771,1.08786,3.23,1.50
2013.09.19 09:53:24.170,1.08771,1.08786,3.23,1.50
2013.09.19 09:53:29.390,1.08771,1.08787,3.61,1.50
2013.09.19 09:53:31.367,1.08772,1.08787,2.18,1.50
2013.09.19 09:53:34.743,1.08772,1.08787,1.43,1.50
2013.09.19 09:53:35.022,1.08772,1.08787,2.18,1.50
2013.09.19 09:53:36.901,1.08772,1.08785,1.13,1.43
2013.09.19 09:53:36.962,1.08769,1.08784,2.44,1.43
2013.09.19 09:53:37.022,1.08769,1.08784,1.13,1.43
2013.09.19 09:53:37.512,1.08769,1.08784,1.13,1.43
2013.09.19 09:53:40.401,1.08769,1.08784,1.13,1.43
2013.09.19 09:53:41.772,1.08769,1.08784,1.13,1.43
2013.09.19 09:53:42.823,1.08769,1.08783,1.13,1.50
2013.09.19 09:53:44.900,1.08769,1.08784,1.13,1.80
2013.09.19 09:53:45.810,1.08769,1.08784,1.50,2.18
2013.09.19 09:53:46.315,1.08767,1.08781,1.13,1.13
2013.09.19 09:53:49.022,1.08766,1.08781,1.05,1.88
2013.09.19 09:53:49.766,1.08765,1.0878,1.50,1.43
2013.09.19 09:53:50.071,1.08765,1.08781,1.88,1.05
2013.09.19 09:53:50.655,1.08765,1.08781,1.88,1.80
2013.09.19 09:53:51.450,1.08766,1.08781,3.83,1.88
2013.09.19 09:53:52.355,1.08766,1.08781,1.05,1.88
2013.09.19 09:53:54.421,1.08767,1.08781,2.86,1.50
2013.09.19 09:53:54.541,1.08767,1.08781,2.86,1.50
2013.09.19 09:53:57.092,1.08768,1.08782,2.48,1.50
2013.09.19 09:53:57.631,1.08767,1.08782,2.18,1.50
2013.09.19 09:53:58.111,1.08765,1.08774,1.35,1.13
2013.09.19 09:53:58.170,1.08765,1.08776,2.10,1.13
2013.09.19 09:53:58.531,1.08759,1.08774,1.32,1.13
2013.09.19 09:53:58.770,1.08759,1.08775,1.13,1.43
2013.09.19 09:53:59.761,1.08762,1.08777,3.79,1.50
2013.09.19 09:53:59.941,1.08764,1.08777,2.85,1.50
2013.09.19 09:54:00.060,1.08764,1.08777,1.73,1.50
2013.09.19 09:54:00.183,1.08763,1.08779,1.80,1.13
2013.09.19 09:54:00.241,1.08763,1.08776,1.05,1.13
2013.09.19 09:54:00.361,1.08762,1.08778,1.80,1.43
2013.09.19 09:54:00.721,1.08762,1.08779,2.93,2.10
2013.09.19 09:54:01.232,1.08762,1.08779,2.56,2.48
2013.09.19 09:54:01.551,1.08762,1.08776,1.43,1.13
2013.09.19 09:54:01.731,1.08762,1.08776,1.13,1.13
2013.09.19 09:54:01.790,1.08761,1.08776,2.07,1.13
2013.09.19 09:54:02.091,1.0876,1.08775,1.43,1.50
2013.09.19 09:54:02.270,1.08758,1.08774,2.37,1.50
2013.09.19 09:54:03.470,1.08758,1.08773,1.50,1.77
2013.09.19 09:54:07.093,1.08758,1.08773,2.56,1.50
2013.09.19 09:54:09.682,1.08758,1.08774,7.13,1.50
2013.09.19 09:54:09.983,1.08758,1.08773,7.81,1.50
2013.09.19 09:54:11.350,1.08758,1.08772,1.13,1.13
2013.09.19 09:54:11.410,1.08757,1.08771,1.43,1.13
2013.09.19 09:54:11.531,1.08757,1.08773,3.98,1.88
2013.09.19 09:54:12.321,1.08759,1.08774,4.21,1.13
2013.09.19 09:54:12.926,1.08759,1.08777,4.21,3.49
2013.09.19 09:54:14.060,1.08759,1.08774,1.88,1.43
2013.09.19 09:54:14.241,1.08761,1.08777,2.56,1.50
2013.09.19 09:54:14.420,1.08761,1.08778,3.79,1.80
2013.09.19 09:54:16.794,1.08765,1.08782,3.23,2.55
2013.09.19 09:54:17.121,1.08765,1.08782,3.34,1.80
2013.09.19 09:54:26.063,1.08766,1.08783,2.56,2.29
2013.09.19 09:54:26.850,1.08766,1.08781,1.13,1.50
2013.09.19 09:54:31.433,1.08765,1.08781,1.88,1.05
2013.09.19 09:54:31.611,1.08766,1.08784,4.21,1.43
2013.09.19 09:54:31.730,1.08766,1.08782,2.56,1.13
2013.09.19 09:54:32.342,1.08765,1.08779,1.80,1.13
2013.09.19 09:54:32.521,1.08765,1.08779,1.80,1.13
2013.09.19 09:54:33.001,1.08765,1.08778,1.80,1.13
2013.09.19 09:54:33.302,1.08765,1.08778,1.13,1.13
2013.09.19 09:54:33.602,1.08765,1.08777,1.13,1.13
2013.09.19 09:54:34.783,1.08765,1.08779,1.13,1.50
2013.09.19 09:54:36.726,1.08765,1.0878,1.88,1.43
2013.09.19 09:54:38.271,1.08765,1.08783,2.93,1.35
2013.09.19 09:54:38.570,1.08769,1.08784,2.56,1.50
2013.09.19 09:54:38.752,1.0877,1.08787,2.45,1.73
2013.09.19 09:54:39.291,1.0877,1.08785,2.82,1.35
2013.09.19 09:54:39.530,1.0877,1.08785,1.13,1.35
2013.09.19 09:54:41.380,1.0877,1.08785,2.45,1.50
2013.09.19 09:54:41.441,1.0877,1.08787,2.45,1.35
2013.09.19 09:54:41.741,1.0877,1.08785,2.26,2.18
2013.09.19 09:54:41.920,1.08771,1.08786,2.63,1.43
2013.09.19 09:54:47.880,1.08771,1.08786,2.82,2.18
2013.09.19 09:54:49.811,1.08775,1.08787,2.63,1.35
2013.09.19 09:54:50.363,1.08775,1.08791,3.76,1.35
2013.09.19 09:54:52.530,1.08775,1.0879,3.01,1.43
2013.09.19 09:54:52.651,1.08775,1.08788,1.50,1.35
2013.09.19 09:54:52.771,1.08775,1.0879,1.50,2.18
2013.09.19 09:54:53.130,1.08775,1.0879,1.13,2.10
2013.09.19 09:54:54.990,1.08775,1.0879,1.13,2.78
2013.09.19 09:54:55.422,1.08774,1.08788,1.13,1.35
2013.09.19 09:54:55.741,1.08774,1.08786,1.13,1.50
2013.09.19 09:54:56.221,1.08774,1.08786,1.13,1.43
2013.09.19 09:54:57.343,1.08774,1.08786,1.13,2.18
2013.09.19 09:54:57.414,1.08774,1.08787,1.13,1.50
2013.09.19 09:54:57.473,1.08774,1.08788,2.63,1.43
2013.09.19 09:55:05.271,1.08777,1.08793,2.63,2.10
2013.09.19 09:55:05.690,1.08777,1.0879,1.50,2.18
2013.09.19 09:55:06.700,1.08777,1.08794,3.80,2.25
2013.09.19 09:55:07.472,1.08777,1.08794,3.80,2.25
2013.09.19 09:55:07.531,1.08777,1.08794,4.17,2.25
2013.09.19 09:55:08.751,1.08777,1.08794,4.17,1.50
2013.09.19 09:55:09.051,1.08777,1.08793,1.13,2.18
2013.09.19 09:55:09.352,1.08772,1.08788,1.13,1.43
2013.09.19 09:55:09.591,1.08772,1.08786,1.13,1.43
2013.09.19 09:55:10.011,1.08767,1.08781,1.50,1.05
2013.09.19 09:55:10.132,1.08767,1.08775,1.50,1.05
2013.09.19 09:55:10.251,1.08766,1.08773,1.50,1.05
2013.09.19 09:55:10.312,1.08762,1.08772,1.43,1.05
2013.09.19 09:55:10.370,1.08762,1.08771,2.18,1.05
2013.09.19 09:55:10.551,1.08755,1.08767,1.13,1.43
2013.09.19 09:55:10.791,1.08755,1.08771,1.50,2.22
2013.09.19 09:55:10.850,1.08755,1.08772,3.00,2.78
2013.09.19 09:55:10.970,1.08755,1.08772,2.07,1.43
2013.09.19 09:55:11.030,1.08755,1.08772,1.69,1.43
2013.09.19 09:55:14.424,1.08759,1.08775,3.60,1.50
2013.09.19 09:55:16.461,1.08759,1.08774,1.88,1.43
2013.09.19 09:55:16.971,1.08759,1.08774,1.88,1.43
2013.09.19 09:55:23.390,1.08759,1.08774,1.88,1.43
2013.09.19 09:55:29.282,1.08759,1.08773,1.50,2.18
2013.09.19 09:55:29.761,1.08759,1.0877,1.13,1.43
2013.09.19 09:55:30.013,1.08755,1.0877,1.13,1.43
2013.09.19 09:55:30.772,1.08755,1.08769,1.13,1.69
2013.09.19 09:55:31.138,1.08755,1.08768,1.13,1.35
2013.09.19 09:55:31.381,1.08755,1.08767,1.13,1.43
2013.09.19 09:55:31.442,1.08755,1.08765,1.13,1.43
2013.09.19 09:55:31.561,1.08751,1.08765,1.50,1.43
2013.09.19 09:55:33.870,1.08751,1.08767,3.31,2.18
2013.09.19 09:55:34.244,1.08753,1.08768,5.55,1.43
2013.09.19 09:55:34.554,1.08756,1.08772,2.86,1.32
2013.09.19 09:55:35.763,1.08756,1.08768,1.13,1.13
2013.09.19 09:55:35.821,1.08754,1.08768,2.18,1.13
2013.09.19 09:55:35.941,1.08752,1.08767,1.13,1.88
2013.09.19 09:55:36.121,1.08747,1.08759,1.13,1.13
2013.09.19 09:55:36.181,1.08746,1.08756,2.55,1.13
2013.09.19 09:55:36.361,1.08743,1.08758,1.88,1.69
2013.09.19 09:55:36.661,1.08743,1.08756,1.43,1.69
2013.09.19 09:55:36.781,1.08743,1.08756,1.80,1.69
2013.09.19 09:55:37.021,1.08745,1.08757,6.08,1.69
2013.09.19 09:55:37.140,1.08747,1.08759,2.93,1.69
2013.09.19 09:55:37.201,1.08747,1.08759,1.88,1.69
2013.09.19 09:55:41.350,1.08747,1.08762,1.13,1.43
2013.09.19 09:55:41.470,1.08747,1.08758,1.13,1.43
2013.09.19 09:55:41.531,1.08745,1.08758,1.32,1.80
2013.09.19 09:55:41.591,1.08745,1.08758,1.92,1.13
2013.09.19 09:55:41.712,1.08744,1.08756,1.17,1.43
2013.09.19 09:55:41.774,1.08744,1.08756,1.13,1.43
2013.09.19 09:55:41.831,1.08744,1.08758,1.13,1.43
2013.09.19 09:55:41.951,1.08745,1.0876,3.00,1.35
2013.09.19 09:55:42.011,1.08745,1.0876,3.68,1.43
2013.09.19 09:55:43.491,1.08747,1.08762,2.63,1.13
2013.09.19 09:55:46.267,1.08747,1.08763,1.32,2.18
2013.09.19 09:55:46.344,1.08748,1.08763,2.63,1.50
2013.09.19 09:55:48.691,1.08747,1.08762,1.80,1.13
2013.09.19 09:55:48.811,1.08747,1.08761,1.50,1.73
2013.09.19 09:55:49.352,1.08745,1.08758,1.13,1.43
2013.09.19 09:55:49.955,1.08745,1.08758,1.13,1.43
2013.09.19 09:55:50.661,1.08741,1.08752,2.55,2.78
2013.09.19 09:55:50.721,1.08734,1.0875,1.80,1.05
2013.09.19 09:55:50.841,1.08734,1.0875,1.43,1.05
2013.09.19 09:55:51.401,1.08734,1.0875,1.13,1.35
2013.09.19 09:55:51.851,1.08734,1.08749,1.13,2.70
2013.09.19 09:55:52.221,1.08734,1.0875,1.13,1.35
2013.09.19 09:55:52.580,1.08732,1.08749,2.18,1.43
2013.09.19 09:55:52.701,1.08732,1.08749,2.18,1.43
2013.09.19 09:55:54.881,1.08733,1.08751,3.23,3.49
2013.09.19 09:55:58.384,1.08733,1.08749,2.55,1.05
2013.09.19 09:55:58.803,1.08734,1.0875,2.93,1.43
2013.09.19 09:55:59.160,1.08734,1.08749,1.50,1.50
2013.09.19 09:55:59.461,1.08734,1.08749,1.50,1.50
2013.09.19 09:56:01.980,1.08734,1.08751,3.98,1.50
2013.09.19 09:56:03.592,1.08734,1.08751,3.50,1.13
2013.09.19 09:56:03.772,1.08734,1.08751,3.49,1.13
2013.09.19 09:56:04.071,1.08735,1.08752,4.62,1.43
2013.09.19 09:56:05.701,1.08736,1.08751,3.12,1.13
2013.09.19 09:56:06.333,1.08736,1.08751,1.50,1.05
2013.09.19 09:56:09.950,1.08736,1.0875,1.73,1.13
2013.09.19 09:56:10.752,1.08736,1.08751,1.50,1.13
2013.09.19 09:56:11.050,1.08733,1.08748,1.13,1.35
2013.09.19 09:56:11.111,1.08732,1.08745,1.32,1.43
2013.09.19 09:56:11.171,1.08732,1.08746,1.13,1.35
2013.09.19 09:56:14.106,1.08732,1.08746,1.13,1.35
2013.09.19 09:56:16.041,1.08731,1.08747,1.88,1.24
2013.09.19 09:56:17.990,1.08731,1.08747,1.88,1.92
2013.09.19 09:56:18.747,1.08731,1.08746,1.88,1.35
2013.09.19 09:56:21.133,1.08731,1.08746,1.13,1.35
2013.09.19 09:56:21.370,1.08731,1.08747,1.13,1.24
2013.09.19 09:56:22.142,1.08732,1.08749,2.93,1.92
2013.09.19 09:56:24.822,1.08732,1.08748,1.80,1.62
2013.09.19 09:56:25.395,1.08733,1.08751,3.61,3.12
2013.09.19 09:56:25.950,1.08734,1.08751,2.93,2.37
2013.09.19 09:56:31.591,1.08734,1.08751,2.93,2.37
2013.09.19 09:56:36.950,1.08734,1.08749,1.50,1.35
2013.09.19 09:56:37.011,1.08734,1.08746,1.13,1.13
2013.09.19 09:56:37.131,1.08732,1.08746,1.50,1.43
2013.09.19 09:56:37.311,1.08728,1.08744,2.18,1.54
2013.09.19 09:56:38.050,1.08728,1.08744,1.50,1.54
2013.09.19 09:56:38.571,1.08728,1.08743,1.50,1.54
2013.09.19 09:56:43.121,1.08728,1.08745,6.05,1.43
2013.09.19 09:56:43.181,1.08729,1.08748,4.40,2.18
2013.09.19 09:56:44.624,1.0873,1.08744,2.85,1.13
2013.09.19 09:56:44.750,1.0873,1.08743,1.50,1.13
2013.09.19 09:56:45.353,1.0873,1.08744,1.50,1.13
2013.09.19 09:56:45.862,1.08731,1.08745,2.55,1.13
2013.09.19 09:56:46.391,1.08731,1.08747,2.55,1.13
2013.09.19 09:56:48.081,1.08731,1.08745,1.50,1.43
2013.09.19 09:56:48.600,1.0873,1.08745,1.80,1.13
2013.09.19 09:56:49.102,1.0873,1.08745,2.55,1.13
2013.09.19 09:56:50.113,1.0873,1.08745,1.43,1.13
2013.09.19 09:56:50.294,1.0873,1.08746,1.43,1.99
2013.09.19 09:56:50.883,1.08727,1.08743,1.13,1.43
2013.09.19 09:56:51.352,1.08727,1.08739,1.88,1.13
2013.09.19 09:56:51.471,1.08726,1.0874,1.43,2.85
2013.09.19 09:56:51.591,1.08724,1.08739,1.13,1.43
2013.09.19 09:56:51.831,1.08724,1.0874,1.80,1.13
2013.09.19 09:56:51.891,1.08724,1.08739,2.48,1.13
2013.09.19 09:56:52.070,1.08724,1.08739,1.80,1.13
2013.09.19 09:56:52.191,1.08724,1.08739,1.13,1.13
2013.09.19 09:56:52.371,1.08724,1.08739,1.88,1.13
2013.09.19 09:56:52.431,1.08724,1.0874,1.13,2.55
2013.09.19 09:56:52.971,1.08725,1.08741,2.56,1.43
2013.09.19 09:56:53.031,1.08725,1.08741,2.56,1.43
2013.09.19 09:56:53.091,1.08725,1.08739,2.56,1.13
2013.09.19 09:56:54.170,1.08725,1.08741,1.50,2.18
2013.09.19 09:56:54.481,1.08725,1.0874,1.50,1.13
2013.09.19 09:56:54.541,1.08725,1.08739,1.50,1.13
2013.09.19 09:56:55.006,1.08725,1.0874,2.18,2.25
2013.09.19 09:56:55.131,1.08725,1.08738,1.50,1.13
2013.09.19 09:56:55.551,1.08727,1.08742,3.83,1.50
2013.09.19 09:56:55.671,1.0873,1.08743,3.08,1.13
2013.09.19 09:56:55.732,1.0873,1.08745,3.83,1.13
2013.09.19 09:56:56.280,1.0873,1.08745,1.80,1.13
2013.09.19 09:56:59.133,1.0873,1.08746,1.50,1.43
2013.09.19 09:57:00.277,1.0873,1.08746,1.50,1.43
2013.09.19 09:57:02.682,1.0873,1.08745,1.50,2.25
2013.09.19 09:57:03.822,1.0873,1.08741,1.43,1.05
2013.09.19 09:57:04.340,1.08724,1.0874,1.69,1.05
2013.09.19 09:57:04.463,1.08724,1.0874,1.69,1.05
2013.09.19 09:57:04.642,1.08724,1.08739,5.52,1.13
2013.09.19 09:57:04.882,1.08726,1.08744,2.85,1.43
2013.09.19 09:57:05.061,1.08725,1.0874,1.50,1.05
2013.09.19 09:57:05.611,1.08725,1.08741,1.50,1.43
2013.09.19 09:57:06.161,1.08725,1.08742,1.50,1.43
2013.09.19 09:57:07.692,1.08725,1.08742,3.68,1.43
2013.09.19 09:57:08.191,1.08726,1.08741,3.16,1.13
2013.09.19 09:57:10.400,1.08725,1.08739,1.50,1.13
2013.09.19 09:57:11.591,1.08725,1.08741,3.79,1.13
2013.09.19 09:57:11.651,1.08725,1.08741,3.79,1.13
2013.09.19 09:57:12.011,1.08725,1.08739,4.02,1.13
2013.09.19 09:57:12.532,1.08726,1.08741,3.35,1.13
2013.09.19 09:57:13.423,1.08726,1.08742,3.90,1.13
2013.09.19 09:57:14.361,1.08726,1.08744,3.90,1.43
2013.09.19 09:57:14.542,1.08726,1.08742,2.85,2.25
2013.09.19 09:57:14.602,1.08726,1.08742,2.85,2.25
2013.09.19 09:57:14.783,1.08724,1.08739,1.43,1.05
2013.09.19 09:57:15.340,1.08723,1.08739,2.55,1.05
2013.09.19 09:57:17.351,1.08723,1.08739,2.55,1.05
2013.09.19 09:57:18.360,1.08723,1.08736,1.88,1.13
2013.09.19 09:57:20.400,1.08723,1.08737,1.88,1.13
2013.09.19 09:57:21.651,1.08723,1.08737,1.88,1.13
2013.09.19 09:57:23.701,1.08724,1.08739,2.56,1.13
2013.09.19 09:57:23.761,1.08724,1.08739,3.23,1.13
2013.09.19 09:57:24.181,1.08728,1.08742,4.02,1.13
2013.09.19 09:57:24.601,1.08727,1.08738,1.43,1.13
2013.09.19 09:57:25.353,1.08727,1.08739,1.13,1.13
2013.09.19 09:57:26.331,1.08724,1.08741,1.99,1.43
2013.09.19 09:57:26.982,1.08724,1.08739,1.13,1.80
2013.09.19 09:57:27.293,1.08724,1.08738,1.13,1.13
2013.09.19 09:57:27.752,1.08724,1.08739,1.13,1.80
2013.09.19 09:57:28.971,1.08722,1.08732,1.43,2.25
2013.09.19 09:57:29.091,1.08719,1.08729,2.78,3.90
2013.09.19 09:57:29.452,1.0871,1.08726,1.13,1.35
2013.09.19 09:57:29.811,1.0871,1.08726,1.13,1.35
2013.09.19 09:57:31.322,1.08709,1.08721,1.13,1.43
2013.09.19 09:57:31.742,1.08707,1.08719,1.13,1.43
2013.09.19 09:57:31.862,1.08707,1.08717,1.13,2.10
2013.09.19 09:57:32.513,1.08707,1.08717,1.13,1.43
2013.09.19 09:57:32.721,1.08707,1.08717,1.13,1.43
2013.09.19 09:57:33.251,1.08704,1.08714,1.13,1.43
2013.09.19 09:57:34.482,1.08704,1.08714,1.13,1.43
2013.09.19 09:57:34.671,1.08704,1.08715,1.13,1.35
2013.09.19 09:57:34.732,1.08704,1.08715,1.13,1.35
2013.09.19 09:57:35.031,1.08704,1.08717,1.13,2.85
2013.09.19 09:57:35.663,1.08704,1.08716,1.13,1.43
2013.09.19 09:57:35.781,1.08704,1.08715,1.13,1.43
2013.09.19 09:57:35.841,1.08701,1.08714,1.50,1.43
2013.09.19 09:57:35.901,1.087,1.08712,1.13,1.43
2013.09.19 09:57:35.962,1.087,1.08713,1.13,1.43
2013.09.19 09:57:37.011,1.087,1.08713,1.13,2.18
2013.09.19 09:57:37.372,1.087,1.08715,2.82,2.18
2013.09.19 09:57:38.312,1.087,1.08713,1.13,1.50
2013.09.19 09:57:38.492,1.087,1.08712,1.13,1.43
2013.09.19 09:57:39.053,1.08698,1.08711,1.13,1.43
2013.09.19 09:57:39.861,1.08698,1.08712,1.13,1.88
2013.09.19 09:57:40.162,1.08696,1.08712,1.13,2.48
2013.09.19 09:57:40.701,1.08693,1.08709,1.13,1.35
2013.09.19 09:57:42.272,1.08693,1.0871,2.56,2.18
2013.09.19 09:57:42.331,1.08693,1.0871,2.56,1.43
2013.09.19 09:57:42.691,1.08693,1.0871,2.55,1.80
2013.09.19 09:57:43.461,1.08693,1.08708,1.13,1.35
2013.09.19 09:57:45.543,1.08693,1.08709,2.93,1.43
2013.09.19 09:57:45.602,1.08694,1.08711,2.48,2.29
2013.09.19 09:57:45.723,1.08694,1.08705,1.69,1.80
2013.09.19 09:57:45.785,1.08691,1.08705,1.50,2.18
2013.09.19 09:57:45.852,1.08691,1.08705,1.50,2.18
2013.09.19 09:57:46.392,1.08686,1.08703,1.62,1.43
2013.09.19 09:57:46.751,1.08686,1.08702,1.13,1.35
2013.09.19 09:57:47.051,1.08686,1.08703,1.99,1.05
2013.09.19 09:57:47.902,1.08686,1.08701,1.43,1.13
2013.09.19 09:57:48.382,1.08685,1.087,1.13,2.48
2013.09.19 09:57:48.801,1.08685,1.08699,1.13,1.43
2013.09.19 09:57:48.921,1.08685,1.087,1.13,1.73
2013.09.19 09:57:49.331,1.08682,1.08697,1.13,2.10
2013.09.19 09:57:49.451,1.08682,1.08696,1.13,1.35
2013.09.19 09:57:49.571,1.0868,1.08692,1.13,2.18
2013.09.19 09:57:49.630,1.0868,1.08692,1.13,2.93
2013.09.19 09:57:49.933,1.0867,1.08686,3.79,1.13
2013.09.19 09:57:50.477,1.08669,1.08686,1.05,1.43
2013.09.19 09:57:50.661,1.08669,1.08686,1.05,1.43
2013.09.19 09:57:50.721,1.08669,1.08686,1.05,1.43
2013.09.19 09:57:50.843,1.08669,1.08686,4.36,1.43
2013.09.19 09:57:50.903,1.0867,1.08687,4.58,1.13
2013.09.19 09:57:51.151,1.0867,1.08688,4.58,1.43
2013.09.19 09:57:51.723,1.08672,1.08687,2.56,1.50
2013.09.19 09:57:52.512,1.08672,1.08687,2.56,1.50
2013.09.19 09:57:52.752,1.08673,1.0869,5.22,1.80
2013.09.19 09:57:52.931,1.08676,1.0869,5.11,1.43
2013.09.19 09:57:53.291,1.08679,1.08693,3.45,1.13
2013.09.19 09:57:53.732,1.08679,1.08693,1.35,1.13
2013.09.19 09:57:54.191,1.08679,1.08693,1.35,1.13
2013.09.19 09:57:54.613,1.08675,1.08687,2.10,1.13
2013.09.19 09:57:55.122,1.08674,1.08687,2.55,1.13
2013.09.19 09:57:55.992,1.08674,1.08684,2.55,1.13
2013.09.19 09:57:56.053,1.08674,1.08684,1.13,1.13
2013.09.19 09:57:56.112,1.08672,1.08684,1.43,1.13
2013.09.19 09:57:57.171,1.08672,1.08686,1.43,1.13
2013.09.19 09:58:00.361,1.08672,1.08687,1.43,1.13
2013.09.19 09:58:00.961,1.08672,1.08687,3.46,1.50
2013.09.19 09:58:01.021,1.08672,1.08685,1.43,1.13
2013.09.19 09:58:01.905,1.08671,1.08682,1.43,1.13
2013.09.19 09:58:01.986,1.08671,1.08682,1.43,1.13
2013.09.19 09:58:02.115,1.08671,1.08687,2.85,1.13
2013.09.19 09:58:02.663,1.08671,1.08687,2.86,1.50
2013.09.19 09:58:11.272,1.08672,1.08687,4.21,1.13
2013.09.19 09:58:14.022,1.08672,1.08687,2.86,1.13
2013.09.19 09:58:19.091,1.08672,1.08687,1.50,1.50
2013.09.19 09:58:19.402,1.08672,1.08686,1.50,1.13
2013.09.19 09:58:19.572,1.08672,1.08687,1.50,1.50
2013.09.19 09:58:19.631,1.08672,1.08686,1.50,1.13
2013.09.19 09:58:20.334,1.08671,1.08687,2.29,2.25
2013.09.19 09:58:20.691,1.08671,1.08687,3.79,1.50
2013.09.19 09:58:20.934,1.08673,1.08688,5.07,1.13
2013.09.19 09:58:21.004,1.08675,1.08691,3.53,1.13
2013.09.19 09:58:21.302,1.08678,1.08696,5.37,2.10
2013.09.19 09:58:21.481,1.0868,1.08698,4.40,1.43
2013.09.19 09:58:21.541,1.08682,1.087,3.12,2.85
2013.09.19 09:58:21.601,1.08683,1.08701,2.75,2.10
2013.09.19 09:58:22.232,1.08683,1.08701,4.62,1.35
2013.09.19 09:58:22.741,1.08683,1.087,4.62,1.05
2013.09.19 09:58:23.284,1.08684,1.087,2.26,1.05
2013.09.19 09:58:24.101,1.08684,1.08697,1.13,1.43
2013.09.19 09:58:24.602,1.08684,1.08696,1.13,1.35
2013.09.19 09:58:24.782,1.08682,1.08696,2.44,2.10
2013.09.19 09:58:24.841,1.08681,1.08695,2.44,1.43
2013.09.19 09:58:24.962,1.0868,1.08695,3.00,1.73
2013.09.19 09:58:25.021,1.0868,1.08693,1.88,1.35
2013.09.19 09:58:25.263,1.0868,1.08695,1.13,1.35
2013.09.19 09:58:26.532,1.08683,1.08696,3.01,1.35
2013.09.19 09:58:26.722,1.08688,1.08704,2.93,1.43
2013.09.19 09:58:26.783,1.08688,1.08703,1.13,1.13
2013.09.19 09:58:26.905,1.08688,1.08702,1.88,1.73
2013.09.19 09:58:26.972,1.08688,1.08701,1.13,1.43
2013.09.19 09:58:27.032,1.08685,1.08701,2.18,1.80
2013.09.19 09:58:27.091,1.08685,1.087,1.50,1.43
2013.09.19 09:58:27.152,1.08684,1.08699,1.50,1.13
2013.09.19 09:58:27.331,1.08683,1.08697,2.25,1.13
2013.09.19 09:58:27.871,1.08683,1.08699,3.68,1.50
2013.09.19 09:58:28.391,1.08683,1.08699,5.33,1.88
2013.09.19 09:58:28.921,1.08683,1.08697,4.96,1.13
2013.09.19 09:58:29.102,1.08683,1.08697,1.43,1.13
2013.09.19 09:58:29.656,1.0868,1.08696,2.07,1.05
2013.09.19 09:58:30.381,1.0868,1.08696,3.98,1.13
2013.09.19 09:58:30.653,1.0868,1.08694,3.98,1.13
2013.09.19 09:58:31.013,1.0868,1.08692,1.13,1.13
2013.09.19 09:58:31.073,1.08679,1.08692,2.37,1.13
2013.09.19 09:58:31.312,1.08678,1.08692,1.50,1.13
2013.09.19 09:58:31.801,1.08678,1.08692,1.88,1.13
2013.09.19 09:58:32.102,1.08675,1.08686,1.50,1.13
2013.09.19 09:58:32.162,1.08673,1.08686,1.43,1.13
2013.09.19 09:58:32.221,1.08672,1.08686,1.35,1.13
2013.09.19 09:58:32.402,1.0867,1.08686,2.93,1.13
2013.09.19 09:58:32.701,1.0867,1.08687,2.86,1.80
2013.09.19 09:58:33.003,1.08671,1.08687,3.64,1.50
2013.09.19 09:58:33.630,1.08671,1.08687,1.13,1.13
2013.09.19 09:58:34.611,1.08671,1.08687,2.56,1.50
2013.09.19 09:58:34.882,1.08671,1.08687,2.56,1.50
2013.09.19 09:58:35.302,1.08672,1.08687,2.48,1.88
2013.09.19 09:58:36.191,1.08672,1.08687,1.80,1.88
2013.09.19 09:58:36.701,1.08672,1.08687,1.80,1.88
2013.09.19 09:58:38.206,1.08673,1.08687,3.15,1.50
2013.09.19 09:58:38.273,1.08673,1.0869,4.09,1.35
2013.09.19 09:58:38.333,1.08674,1.08692,4.70,2.25
2013.09.19 09:58:38.394,1.08676,1.08692,2.70,1.50
2013.09.19 09:58:38.822,1.08676,1.0869,2.70,1.13
2013.09.19 09:58:39.062,1.08675,1.08691,2.48,1.13
2013.09.19 09:58:39.243,1.08675,1.08692,3.91,2.18
2013.09.19 09:58:39.426,1.08677,1.08693,4.43,1.88
2013.09.19 09:58:39.963,1.08678,1.08693,3.38,1.88
2013.09.19 09:58:40.871,1.08678,1.08694,5.07,1.50
2013.09.19 09:58:41.972,1.08678,1.08692,2.86,1.13
2013.09.19 09:58:42.272,1.08676,1.08692,2.70,2.55
2013.09.19 09:58:42.332,1.08675,1.08692,1.35,2.55
2013.09.19 09:58:44.193,1.08675,1.08692,1.80,2.93
2013.09.19 09:58:45.483,1.08675,1.08692,4.21,2.25
2013.09.19 09:58:45.663,1.08676,1.08692,2.85,2.25
2013.09.19 09:58:45.963,1.08676,1.08691,1.13,1.05
2013.09.19 09:58:46.184,1.08676,1.0869,1.13,1.88
2013.09.19 09:58:50.102,1.08675,1.08689,1.05,1.50
2013.09.19 09:58:50.733,1.08676,1.08692,4.17,1.88
2013.09.19 09:58:50.803,1.08676,1.08694,3.12,2.18
2013.09.19 09:58:52.224,1.08676,1.08692,2.07,2.18
2013.09.19 09:58:52.471,1.08675,1.08692,1.43,3.12
2013.09.19 09:58:52.952,1.08676,1.08691,2.56,1.43
2013.09.19 09:58:53.012,1.08677,1.08693,3.31,1.88
2013.09.19 09:58:53.443,1.0868,1.08698,3.05,1.43
2013.09.19 09:58:53.715,1.0868,1.08698,3.05,1.43
2013.09.19 09:58:54.262,1.08686,1.08703,2.48,1.62
2013.09.19 09:58:54.321,1.08686,1.08703,2.48,1.62
2013.09.19 09:58:54.758,1.08686,1.08702,1.13,1.43
2013.09.19 09:58:57.069,1.08686,1.08702,1.13,1.43
2013.09.19 09:58:58.252,1.08686,1.08701,1.13,1.50
2013.09.19 09:58:58.791,1.08685,1.08695,1.69,1.13
2013.09.19 09:58:58.911,1.08682,1.08694,1.80,1.13
2013.09.19 09:58:59.452,1.08679,1.08689,1.13,1.43
2013.09.19 09:58:59.512,1.08675,1.08689,1.13,1.80
2013.09.19 09:58:59.571,1.08675,1.08689,1.13,1.80
2013.09.19 09:58:59.991,1.08673,1.08689,1.13,1.43
2013.09.19 09:59:00.231,1.08675,1.08691,2.18,1.80
2013.09.19 09:59:00.531,1.08677,1.08693,4.95,1.50
2013.09.19 09:59:01.072,1.08681,1.08697,3.75,1.50
2013.09.19 09:59:01.591,1.08682,1.08697,3.83,1.50
2013.09.19 09:59:01.772,1.08684,1.087,3.15,1.13
2013.09.19 09:59:01.952,1.08685,1.08702,2.48,1.50
2013.09.19 09:59:02.510,1.08685,1.08702,2.48,1.50
2013.09.19 09:59:03.291,1.08687,1.08703,4.36,1.50
2013.09.19 09:59:03.952,1.08689,1.08706,2.56,1.24
2013.09.19 09:59:05.492,1.08693,1.08708,4.66,1.05
2013.09.19 09:59:05.851,1.08695,1.0871,3.31,1.13
2013.09.19 09:59:06.332,1.08695,1.08712,2.56,1.43
2013.09.19 09:59:06.452,1.08697,1.08713,3.53,1.43
2013.09.19 09:59:06.572,1.08697,1.08714,2.67,1.05
2013.09.19 09:59:06.691,1.087,1.08716,3.45,1.05
2013.09.19 09:59:06.811,1.08699,1.08711,1.13,1.35
2013.09.19 09:59:06.931,1.08695,1.0871,1.50,1.43
2013.09.19 09:59:06.991,1.08695,1.08708,1.50,1.05
2013.09.19 09:59:07.293,1.08693,1.08707,1.50,1.73
2013.09.19 09:59:07.471,1.0869,1.08707,1.69,2.85
2013.09.19 09:59:07.591,1.0869,1.08705,1.69,1.35
2013.09.19 09:59:07.952,1.08689,1.08704,1.69,2.18
2013.09.19 09:59:08.517,1.08689,1.08704,1.69,2.18
2013.09.19 09:59:08.586,1.08689,1.08704,1.69,2.18
2013.09.19 09:59:08.772,1.08689,1.08704,1.69,2.18
2013.09.19 09:59:08.955,1.08689,1.08704,1.62,1.50
2013.09.19 09:59:09.082,1.08689,1.08704,1.50,1.50
2013.09.19 09:59:09.431,1.08689,1.08704,1.50,1.50
2013.09.19 09:59:10.511,1.08689,1.08704,2.25,1.43
2013.09.19 09:59:10.631,1.08689,1.08704,3.20,1.43
2013.09.19 09:59:14.781,1.08687,1.08702,2.07,1.13
2013.09.19 09:59:15.081,1.08684,1.08699,3.23,1.13
2013.09.19 09:59:15.441,1.08681,1.08697,1.69,2.85
2013.09.19 09:59:16.311,1.08679,1.08693,1.69,1.43
2013.09.19 09:59:16.612,1.08677,1.08692,2.82,2.18
2013.09.19 09:59:17.893,1.08678,1.08692,3.95,1.43
2013.09.19 09:59:18.445,1.08678,1.08692,3.94,1.43
2013.09.19 09:59:18.823,1.08678,1.08692,3.57,1.43
2013.09.19 09:59:20.544,1.08678,1.08692,1.32,1.43
2013.09.19 09:59:20.662,1.08678,1.08693,2.07,1.43
2013.09.19 09:59:20.901,1.08678,1.08692,5.60,1.50
2013.09.19 09:59:23.113,1.08678,1.08692,1.69,1.50
2013.09.19 09:59:25.061,1.08678,1.0869,2.45,1.43
2013.09.19 09:59:25.422,1.08679,1.0869,3.57,1.43
2013.09.19 09:59:25.482,1.08679,1.08691,3.57,1.35
2013.09.19 09:59:25.541,1.08679,1.0869,3.20,1.43
2013.09.19 09:59:25.601,1.08677,1.0869,2.07,2.18
2013.09.19 09:59:25.843,1.08675,1.0869,3.49,1.50
2013.09.19 09:59:25.902,1.08678,1.0869,2.70,1.50
2013.09.19 09:59:26.261,1.08675,1.08686,1.43,1.50
2013.09.19 09:59:26.883,1.08677,1.08688,2.82,1.50
2013.09.19 09:59:27.002,1.08677,1.08692,3.79,1.50
2013.09.19 09:59:27.062,1.08677,1.08692,3.42,1.50
2013.09.19 09:59:27.904,1.08677,1.08692,3.42,1.50
2013.09.19 09:59:28.142,1.08677,1.08692,2.29,1.50
2013.09.19 09:59:28.331,1.08677,1.08692,3.04,1.50
2013.09.19 09:59:28.451,1.08677,1.08689,1.13,1.50
2013.09.19 09:59:29.703,1.08674,1.08689,3.12,2.25
2013.09.19 09:59:30.503,1.08674,1.08689,2.74,2.25
2013.09.19 09:59:30.921,1.08674,1.08689,3.49,2.25
2013.09.19 09:59:32.691,1.08675,1.08689,2.86,1.50
2013.09.19 09:59:32.883,1.08675,1.08689,2.86,1.50
2013.09.19 09:59:33.122,1.08679,1.08691,3.04,1.50
2013.09.19 09:59:33.182,1.08679,1.08691,3.05,1.50
2013.09.19 09:59:33.302,1.08679,1.08694,1.69,1.43
2013.09.19 09:59:33.541,1.08679,1.08696,4.24,1.43
2013.09.19 09:59:33.841,1.0868,1.08696,4.32,1.43
2013.09.19 09:59:33.901,1.0868,1.08697,4.32,2.10
2013.09.19 09:59:34.452,1.08682,1.08701,5.52,2.18
2013.09.19 09:59:37.452,1.08684,1.08699,3.12,1.50
2013.09.19 09:59:37.812,1.08692,1.08702,3.30,1.43
2013.09.19 09:59:38.231,1.08693,1.08708,2.63,1.43
2013.09.19 09:59:48.681,1.08696,1.08708,2.45,1.50
2013.09.19 09:59:49.792,1.08698,1.08708,2.82,1.43
2013.09.19 09:59:50.095,1.087,1.08713,4.32,1.43
2013.09.19 09:59:50.581,1.08699,1.08711,1.69,1.43
2013.09.19 09:59:51.424,1.08697,1.0871,2.82,1.43
2013.09.19 09:59:51.502,1.08695,1.08705,2.07,1.43
2013.09.19 09:59:56.480,1.08692,1.08706,1.32,1.80
2013.09.19 09:59:58.043,1.08692,1.08706,1.13,1.13
2013.09.19 09:59:58.443,1.08692,1.08707,1.32,3.30
2013.09.19 09:59:58.565,1.08692,1.08705,1.13,1.13
2013.09.19 09:59:58.684,1.08691,1.08704,2.44,1.50
2013.09.19 09:59:58.863,1.08691,1.08706,1.32,2.85
2013.09.19 09:59:59.044,1.08692,1.08704,3.20,1.50
2013.09.19 09:59:59.402,1.08697,1.08714,7.24,1.43
2013.09.19 09:59:59.462,1.087,1.08715,3.19,1.43
