2014.02.25 22:00:00.069,1.15268,1.15297,2.03,0.75
2014.02.25 22:00:00.301,1.15268,1.15302,2.03,2.78
2014.02.25 22:00:00.625,1.15262,1.15302,0.68,0.75
2014.02.25 22:00:00.728,1.15262,1.15297,0.68,0.75
2014.02.25 22:00:01.049,1.15265,1.15297,2.03,0.75
2014.02.25 22:00:01.517,1.15265,1.15292,2.03,0.75
2014.02.25 22:00:01.620,1.1526,1.15292,2.03,0.75
2014.02.25 22:00:01.934,1.1526,1.15287,2.03,0.75
2014.02.25 22:00:02.717,1.15258,1.15287,2.03,0.75
2014.02.25 22:00:03.290,1.15257,1.15287,0.98,0.75
2014.02.25 22:00:03.363,1.15257,1.15292,0.98,0.75
2014.02.25 22:00:03.940,1.15255,1.15291,0.98,0.98
2014.02.25 22:00:05.890,1.15257,1.15294,0.98,0.98
2014.02.25 22:00:10.900,1.15257,1.15292,0.98,0.98
2014.02.25 22:00:10.957,1.15254,1.15291,0.98,0.98
2014.02.25 22:00:13.101,1.15267,1.15291,0.68,0.98
2014.02.25 22:00:13.361,1.1527,1.15297,0.98,0.75
2014.02.25 22:00:14.807,1.15264,1.15297,0.98,0.75
2014.02.25 22:00:16.648,1.15266,1.15297,0.98,0.75
2014.02.25 22:00:17.125,1.15268,1.15297,0.98,0.75
2014.02.25 22:00:19.095,1.15268,1.15292,0.98,0.75
2014.02.25 22:00:19.201,1.15268,1.15297,0.98,0.75
2014.02.25 22:00:19.456,1.15265,1.15297,0.98,0.75
2014.02.25 22:00:20.681,1.15267,1.15297,0.98,0.75
2014.02.25 22:00:21.264,1.15268,1.15297,0.98,0.75
2014.02.25 22:00:22.063,1.15268,1.15287,0.98,0.75
2014.02.25 22:00:22.329,1.15268,1.15292,0.98,0.75
2014.02.25 22:00:22.581,1.15264,1.15292,0.98,0.75
2014.02.25 22:00:23.446,1.15263,1.15292,1.95,0.75
2014.02.25 22:00:23.826,1.15252,1.15292,0.98,0.75
2014.02.25 22:00:25.911,1.15252,1.15297,0.98,0.75
2014.02.25 22:00:33.872,1.15254,1.15297,0.98,0.75
2014.02.25 22:00:34.504,1.15255,1.15297,0.98,0.75
2014.02.25 22:00:38.340,1.15255,1.15292,0.98,0.75
2014.02.25 22:00:38.671,1.15253,1.15292,0.98,0.75
2014.02.25 22:00:38.771,1.1525,1.15292,0.98,0.75
2014.02.25 22:00:48.725,1.1525,1.15287,0.98,0.75
2014.02.25 22:00:48.826,1.15248,1.15287,0.98,0.75
2014.02.25 22:00:51.077,1.15253,1.15287,0.98,0.75
2014.02.25 22:00:51.583,1.15254,1.15287,0.98,0.75
2014.02.25 22:00:51.761,1.15254,1.15292,0.98,0.75
2014.02.25 22:00:51.985,1.15252,1.15292,0.98,0.75
2014.02.25 22:00:52.086,1.15249,1.15292,0.98,0.75
2014.02.25 22:00:59.906,1.15251,1.15292,0.98,0.75
2014.02.25 22:01:01.594,1.15251,1.15301,0.98,0.98
2014.02.25 22:01:01.754,1.15253,1.15302,0.98,1.73
2014.02.25 22:01:08.040,1.15253,1.15297,0.98,0.75
2014.02.25 22:01:08.292,1.15249,1.15297,0.98,0.75
2014.02.25 22:01:08.393,1.15249,1.15292,0.98,0.75
2014.02.25 22:01:08.766,1.15251,1.15292,0.98,0.75
2014.02.25 22:01:09.583,1.1525,1.15292,0.98,0.75
2014.02.25 22:01:10.273,1.15249,1.15292,0.98,0.75
2014.02.25 22:01:10.349,1.15249,1.15297,0.98,0.75
2014.02.25 22:01:12.110,1.15253,1.15297,0.75,0.75
2014.02.25 22:01:12.777,1.15249,1.15292,0.98,0.75
2014.02.25 22:01:19.150,1.15257,1.15292,0.98,0.75
2014.02.25 22:01:36.402,1.15255,1.15292,0.98,0.75
2014.02.25 22:01:36.456,1.1525,1.15292,0.98,0.75
2014.02.25 22:01:45.928,1.15251,1.15292,0.98,0.75
2014.02.25 22:01:46.585,1.15252,1.15292,0.98,0.75
2014.02.25 22:01:47.346,1.15252,1.15302,0.98,0.75
2014.02.25 22:01:51.159,1.15252,1.15307,0.98,0.75
2014.02.25 22:01:52.150,1.15252,1.15302,0.98,0.75
2014.02.25 22:01:53.823,1.15253,1.15302,0.75,0.75
2014.02.25 22:01:57.914,1.15253,1.15287,0.75,0.75
2014.02.25 22:02:01.938,1.15258,1.15292,0.75,0.75
2014.02.25 22:02:06.601,1.15253,1.15297,0.75,0.75
2014.02.25 22:02:13.489,1.15258,1.15302,0.75,0.75
2014.02.25 22:02:20.848,1.15267,1.15302,0.38,0.75
2014.02.25 22:02:21.151,1.15273,1.15307,0.75,0.75
2014.02.25 22:02:23.719,1.15267,1.15302,0.38,0.75
2014.02.25 22:02:23.820,1.15259,1.15302,0.98,0.75
2014.02.25 22:02:23.921,1.15257,1.15302,1.35,0.75
2014.02.25 22:02:24.479,1.15261,1.15302,0.38,0.75
2014.02.25 22:02:27.016,1.15257,1.15302,0.38,0.75
2014.02.25 22:02:28.141,1.15273,1.15302,0.38,0.75
2014.02.25 22:02:28.242,1.15278,1.15312,0.75,0.75
2014.02.25 22:02:28.595,1.15283,1.15317,0.75,0.75
2014.02.25 22:02:29.249,1.15278,1.15312,1.13,0.75
2014.02.25 22:02:33.388,1.15278,1.15311,0.75,0.38
2014.02.25 22:02:33.439,1.1526,1.15311,1.73,0.38
2014.02.25 22:02:33.540,1.15268,1.15302,0.75,0.75
2014.02.25 22:02:38.055,1.15278,1.15312,0.75,0.75
2014.02.25 22:02:38.361,1.15283,1.15317,0.75,0.75
2014.02.25 22:02:40.812,1.15269,1.15317,0.98,0.75
2014.02.25 22:02:40.963,1.15267,1.15317,0.98,0.75
2014.02.25 22:02:41.064,1.15265,1.15317,0.75,0.75
2014.02.25 22:02:41.655,1.15283,1.15317,0.75,0.75
2014.02.25 22:02:42.967,1.15283,1.15322,0.75,0.75
2014.02.25 22:02:43.118,1.1527,1.15322,0.98,0.75
2014.02.25 22:02:43.270,1.15268,1.15322,0.98,0.75
2014.02.25 22:02:43.421,1.15265,1.15322,0.75,0.75
2014.02.25 22:02:45.289,1.15265,1.1532,0.75,0.98
2014.02.25 22:02:45.620,1.15273,1.1532,0.75,0.98
2014.02.25 22:02:45.773,1.15273,1.15322,0.75,1.73
2014.02.25 22:02:47.529,1.15268,1.15322,1.13,1.13
2014.02.25 22:02:51.109,1.15268,1.15317,1.13,0.75
2014.02.25 22:03:15.307,1.15268,1.15312,0.38,0.75
2014.02.25 22:03:15.970,1.15263,1.15312,1.13,0.75
2014.02.25 22:03:20.169,1.15263,1.15307,1.13,0.75
2014.02.25 22:03:24.791,1.15268,1.15312,0.75,0.75
2014.02.25 22:03:27.737,1.15263,1.15312,1.13,0.75
2014.02.25 22:03:30.047,1.15268,1.15312,0.75,0.75
2014.02.25 22:04:30.315,1.15254,1.15316,1.68,1.13
2014.02.25 22:04:45.164,1.15264,1.15316,1.00,1.13
2014.02.25 22:04:57.216,1.15264,1.15314,1.00,1.30
2014.02.25 22:04:58.046,1.15264,1.15313,1.00,1.30
2014.02.25 22:05:03.326,1.15264,1.15318,1.00,1.68
2014.02.25 22:05:59.224,1.15264,1.15312,1.00,1.30
2014.02.25 22:06:00.911,1.15264,1.15313,1.00,1.95
2014.02.25 22:06:05.695,1.15264,1.15315,1.00,1.30
2014.02.25 22:06:06.203,1.15264,1.15317,1.00,1.68
2014.02.25 22:06:07.647,1.15264,1.15315,1.00,1.30
2014.02.25 22:06:15.187,1.15264,1.15317,1.00,1.68
2014.02.25 22:06:19.005,1.15264,1.15317,1.00,1.30
2014.02.25 22:06:21.154,1.15264,1.15319,1.00,1.30
2014.02.25 22:06:30.955,1.1526,1.15319,1.38,1.30
2014.02.25 22:06:31.488,1.15257,1.15321,1.68,1.30
2014.02.25 22:06:32.006,1.15259,1.15322,2.33,1.73
2014.02.25 22:06:34.826,1.15262,1.15325,1.35,1.73
2014.02.25 22:06:36.095,1.15259,1.15323,1.68,1.30
2014.02.25 22:06:36.425,1.15257,1.1532,1.68,1.30
2014.02.25 22:06:37.683,1.15259,1.15321,1.68,1.30
2014.02.25 22:06:38.406,1.15259,1.15322,1.68,1.30
2014.02.25 22:06:43.118,1.15258,1.1532,1.68,1.30
2014.02.25 22:06:47.079,1.15258,1.15322,1.68,1.30
2014.02.25 22:06:56.736,1.15258,1.15322,1.68,1.30
2014.02.25 22:06:57.895,1.15273,1.15322,1.00,1.00
2014.02.25 22:06:58.844,1.15273,1.15324,1.00,1.30
2014.02.25 22:06:59.535,1.15273,1.15325,1.00,1.30
2014.02.25 22:07:01.056,1.15273,1.15322,1.00,1.00
2014.02.25 22:07:08.415,1.15278,1.15326,1.00,1.30
2014.02.25 22:07:10.725,1.15278,1.15321,1.00,1.30
2014.02.25 22:07:10.885,1.15278,1.15325,1.00,1.30
2014.02.25 22:07:15.039,1.15268,1.15322,1.38,1.00
2014.02.25 22:07:15.140,1.15268,1.15322,1.00,1.00
2014.02.25 22:07:55.185,1.15268,1.15325,1.38,1.30
2014.02.25 22:07:56.400,1.15268,1.15322,1.38,1.00
2014.02.25 22:07:58.134,1.15273,1.15322,1.00,1.73
2014.02.25 22:07:59.122,1.15273,1.15322,1.38,1.73
2014.02.25 22:07:59.472,1.15273,1.15324,1.38,1.30
2014.02.25 22:07:59.981,1.15273,1.15325,1.38,1.30
2014.02.25 22:08:00.144,1.15278,1.15325,1.00,1.30
2014.02.25 22:08:02.511,1.15278,1.15327,1.00,1.00
2014.02.25 22:08:04.073,1.15283,1.15327,1.00,1.00
2014.02.25 22:08:25.424,1.15278,1.15327,1.00,1.00
2014.02.25 22:08:28.264,1.15278,1.15326,1.00,1.30
2014.02.25 22:08:28.749,1.15278,1.15322,1.00,1.00
2014.02.25 22:08:28.958,1.15263,1.15322,1.00,1.00
2014.02.25 22:08:32.123,1.15263,1.15317,1.00,1.00
2014.02.25 22:08:34.013,1.15262,1.15317,1.30,1.00
2014.02.25 22:08:34.221,1.1526,1.15317,1.30,1.00
2014.02.25 22:08:35.096,1.15263,1.15317,1.00,1.00
2014.02.25 22:08:36.084,1.15263,1.15312,1.00,1.00
2014.02.25 22:08:39.060,1.15263,1.15317,1.00,1.00
2014.02.25 22:08:40.042,1.15263,1.15312,1.00,1.00
2014.02.25 22:08:47.504,1.15263,1.15311,1.00,1.35
2014.02.25 22:08:48.172,1.15263,1.15312,1.00,1.00
2014.02.25 22:08:48.978,1.15258,1.15292,1.13,1.00
2014.02.25 22:08:50.937,1.15263,1.15312,1.00,1.73
2014.02.25 22:08:52.263,1.15258,1.15292,1.00,1.00
2014.02.25 22:08:53.289,1.15263,1.15312,1.00,2.10
2014.02.25 22:08:54.016,1.15263,1.15312,1.00,1.00
2014.02.25 22:08:55.663,1.1526,1.15292,1.00,1.00
2014.02.25 22:08:55.864,1.15258,1.15292,1.00,1.00
2014.02.25 22:08:58.104,1.15263,1.15302,1.00,1.00
2014.02.25 22:09:00.633,1.15258,1.15292,1.00,1.00
2014.02.25 22:09:02.048,1.15248,1.15287,1.00,1.00
2014.02.25 22:09:05.253,1.15248,1.15282,1.00,1.00
2014.02.25 22:09:06.041,1.15248,1.15287,1.00,1.00
2014.02.25 22:09:09.679,1.15253,1.15287,1.00,1.00
2014.02.25 22:09:11.193,1.15248,1.15282,1.00,1.00
2014.02.25 22:09:11.868,1.15253,1.15287,1.00,1.00
2014.02.25 22:09:14.373,1.15248,1.15295,1.00,1.00
2014.02.25 22:09:14.424,1.15248,1.15301,1.00,1.00
2014.02.25 22:09:16.431,1.15248,1.15307,1.13,1.00
2014.02.25 22:09:18.809,1.15248,1.15297,1.00,1.00
2014.02.25 22:09:21.533,1.15248,1.15282,1.00,1.00
2014.02.25 22:09:23.292,1.15248,1.15292,1.00,1.00
2014.02.25 22:09:23.393,1.15248,1.15296,1.00,1.00
2014.02.25 22:09:26.242,1.15258,1.15296,1.00,1.00
2014.02.25 22:09:28.582,1.15253,1.15287,1.00,1.00
2014.02.25 22:09:31.742,1.15248,1.15282,1.00,1.00
2014.02.25 22:09:32.045,1.15253,1.15287,1.00,1.00
2014.02.25 22:09:34.507,1.15248,1.15292,1.00,1.00
2014.02.25 22:09:34.608,1.15248,1.15296,1.00,1.00
2014.02.25 22:09:41.906,1.15248,1.15297,1.00,1.00
2014.02.25 22:10:00.286,1.15253,1.15292,1.00,1.00
2014.02.25 22:10:02.018,1.15253,1.15295,1.00,1.00
2014.02.25 22:10:02.120,1.15253,1.15292,1.00,1.00
2014.02.25 22:10:02.329,1.15253,1.15295,1.00,1.00
2014.02.25 22:10:02.466,1.15253,1.15292,1.00,1.00
2014.02.25 22:10:02.543,1.15253,1.15295,1.00,1.00
2014.02.25 22:10:02.685,1.15253,1.15292,1.00,1.00
2014.02.25 22:10:02.875,1.15253,1.15295,1.00,1.00
2014.02.25 22:10:03.026,1.15253,1.15292,1.00,1.00
2014.02.25 22:10:03.572,1.15258,1.15292,1.00,1.00
2014.02.25 22:10:03.644,1.15253,1.15295,1.00,1.00
2014.02.25 22:10:03.797,1.15253,1.15292,1.00,1.00
2014.02.25 22:10:04.016,1.15253,1.15295,1.00,1.00
2014.02.25 22:10:04.117,1.15253,1.15292,1.00,1.00
2014.02.25 22:10:04.631,1.15253,1.15295,1.00,1.00
2014.02.25 22:10:04.774,1.15253,1.15292,1.00,1.00
2014.02.25 22:10:05.092,1.15253,1.15295,1.00,1.00
2014.02.25 22:10:05.193,1.15253,1.15292,1.00,1.00
2014.02.25 22:10:06.831,1.15253,1.15295,1.00,1.00
2014.02.25 22:10:06.974,1.15253,1.15292,1.00,1.00
2014.02.25 22:10:07.745,1.15253,1.15295,1.00,1.00
2014.02.25 22:10:07.846,1.15253,1.15292,1.00,1.00
2014.02.25 22:10:09.065,1.15258,1.15292,1.00,1.00
2014.02.25 22:10:09.725,1.15253,1.15287,1.00,1.00
2014.02.25 22:10:09.861,1.15253,1.15292,1.00,1.00
2014.02.25 22:10:10.466,1.15253,1.15287,1.00,1.00
2014.02.25 22:10:10.605,1.15253,1.15292,1.00,1.00
2014.02.25 22:10:10.935,1.15253,1.15287,1.00,1.00
2014.02.25 22:10:11.044,1.15253,1.15292,1.00,1.00
2014.02.25 22:10:11.343,1.15253,1.15287,1.00,1.00
2014.02.25 22:10:11.495,1.15253,1.15292,1.00,1.00
2014.02.25 22:10:12.144,1.15253,1.15287,1.00,1.00
2014.02.25 22:10:12.245,1.15253,1.15292,1.00,1.00
2014.02.25 22:10:12.915,1.15253,1.15287,1.00,1.00
2014.02.25 22:10:13.024,1.15253,1.15292,1.00,1.00
2014.02.25 22:10:14.095,1.15253,1.15287,1.00,1.00
2014.02.25 22:10:14.248,1.15253,1.15292,1.00,1.00
2014.02.25 22:10:14.864,1.15253,1.15287,1.00,1.00
2014.02.25 22:10:15.003,1.15253,1.15292,1.00,1.00
2014.02.25 22:10:15.636,1.15253,1.15287,1.00,1.00
2014.02.25 22:10:16.093,1.15258,1.15292,1.00,1.00
2014.02.25 22:10:16.395,1.15253,1.15287,1.00,1.00
2014.02.25 22:10:16.753,1.15253,1.15291,1.00,1.00
2014.02.25 22:10:16.956,1.15248,1.15287,1.00,1.00
2014.02.25 22:10:17.309,1.15253,1.15291,1.00,1.00
2014.02.25 22:10:17.410,1.15248,1.15287,1.00,1.00
2014.02.25 22:10:17.633,1.15253,1.15291,1.00,1.00
2014.02.25 22:10:17.734,1.15248,1.15287,1.00,1.00
2014.02.25 22:10:17.836,1.15253,1.15287,1.00,1.00
2014.02.25 22:10:17.963,1.15253,1.15291,1.00,1.00
2014.02.25 22:10:18.064,1.15248,1.15287,1.00,1.00
2014.02.25 22:10:18.215,1.15253,1.15291,1.00,1.00
2014.02.25 22:10:20.049,1.15253,1.15287,1.00,1.00
2014.02.25 22:10:29.207,1.15253,1.15291,1.00,1.00
2014.02.25 22:10:29.943,1.15253,1.15292,1.00,1.00
2014.02.25 22:10:30.856,1.15258,1.15297,1.00,1.00
2014.02.25 22:10:34.112,1.15263,1.15297,1.00,1.00
2014.02.25 22:10:34.418,1.15258,1.15292,1.00,1.00
2014.02.25 22:10:41.282,1.15253,1.15287,1.00,1.00
2014.02.25 22:10:44.342,1.15253,1.15292,1.00,1.00
2014.02.25 22:10:46.127,1.15253,1.15287,1.00,1.00
2014.02.25 22:10:46.442,1.15248,1.15282,1.00,1.00
2014.02.25 22:10:56.355,1.15243,1.15277,1.00,1.00
2014.02.25 22:10:56.658,1.15238,1.15272,1.00,1.00
2014.02.25 22:10:58.882,1.15233,1.15267,1.00,1.00
2014.02.25 22:10:59.239,1.15238,1.15272,1.00,1.00
2014.02.25 22:10:59.766,1.15218,1.15252,1.00,1.00
2014.02.25 22:11:00.421,1.15223,1.15257,1.00,1.00
2014.02.25 22:11:00.883,1.15228,1.15262,1.00,1.00
2014.02.25 22:11:01.742,1.15223,1.15257,1.00,1.00
2014.02.25 22:11:03.061,1.15218,1.15252,1.00,1.00
2014.02.25 22:11:03.493,1.15223,1.15257,1.00,1.00
2014.02.25 22:11:03.804,1.15218,1.15252,1.00,1.00
2014.02.25 22:11:04.822,1.15223,1.15257,1.00,1.00
2014.02.25 22:11:05.241,1.15218,1.15252,1.00,1.00
2014.02.25 22:11:06.482,1.15223,1.15257,1.00,1.00
2014.02.25 22:11:06.936,1.15218,1.15252,1.00,1.00
2014.02.25 22:11:08.914,1.15223,1.15257,1.00,1.00
2014.02.25 22:11:09.099,1.15201,1.15257,1.30,1.13
2014.02.25 22:11:09.252,1.15201,1.15257,1.30,1.73
2014.02.25 22:11:09.412,1.15197,1.15253,1.00,1.90
2014.02.25 22:11:09.513,1.15197,1.15244,1.00,1.30
2014.02.25 22:11:10.251,1.15197,1.15242,1.00,1.30
2014.02.25 22:11:10.752,1.15197,1.15241,1.00,1.30
2014.02.25 22:11:11.112,1.15197,1.15239,1.00,1.30
2014.02.25 22:11:11.865,1.15197,1.15238,1.00,1.30
2014.02.25 22:11:13.745,1.15197,1.15241,1.00,1.30
2014.02.25 22:11:13.998,1.15179,1.15241,1.38,1.30
2014.02.25 22:11:14.099,1.15181,1.15244,1.68,1.30
2014.02.25 22:11:15.141,1.15183,1.15244,1.00,1.30
2014.02.25 22:11:15.975,1.15184,1.15248,1.30,1.30
2014.02.25 22:11:18.146,1.15198,1.15248,1.00,1.30
2014.02.25 22:11:18.705,1.15198,1.15249,1.00,1.73
2014.02.25 22:11:20.116,1.15193,1.15249,1.00,1.73
2014.02.25 22:11:24.117,1.15193,1.15249,1.60,1.73
2014.02.25 22:11:24.420,1.15228,1.15262,1.00,1.38
2014.02.25 22:11:26.161,1.15204,1.15262,1.68,1.38
2014.02.25 22:11:26.262,1.15204,1.15262,1.30,1.38
2014.02.25 22:11:26.313,1.15208,1.15262,1.00,1.38
2014.02.25 22:11:26.533,1.15198,1.15252,1.13,1.00
2014.02.25 22:11:33.302,1.15198,1.15245,1.00,1.00
2014.02.25 22:11:34.450,1.15198,1.15244,1.00,1.30
2014.02.25 22:11:35.731,1.15213,1.15244,1.00,1.30
2014.02.25 22:11:36.248,1.15213,1.15245,1.00,1.00
2014.02.25 22:11:37.031,1.15213,1.15247,1.00,1.00
2014.02.25 22:11:38.202,1.15198,1.15247,1.00,1.00
2014.02.25 22:11:38.253,1.15198,1.15244,1.00,1.00
2014.02.25 22:11:52.559,1.15203,1.15244,1.00,1.00
2014.02.25 22:11:57.490,1.15203,1.15248,1.00,1.00
2014.02.25 22:11:57.540,1.15208,1.15248,1.00,1.00
2014.02.25 22:12:01.400,1.15203,1.15248,1.00,1.00
2014.02.25 22:12:01.502,1.15208,1.15248,1.00,1.00
2014.02.25 22:12:02.901,1.15203,1.15248,1.00,1.00
2014.02.25 22:12:03.053,1.15208,1.15248,1.00,1.00
2014.02.25 22:12:08.181,1.15203,1.15242,1.00,1.00
2014.02.25 22:12:08.484,1.15203,1.15238,1.00,1.00
2014.02.25 22:12:09.032,1.15203,1.15237,1.00,1.00
2014.02.25 22:12:09.380,1.15208,1.15238,1.00,1.00
2014.02.25 22:12:20.389,1.15203,1.15238,1.00,1.00
2014.02.25 22:12:31.436,1.15198,1.15232,1.00,1.00
2014.02.25 22:12:34.402,1.15193,1.15232,1.00,1.00
2014.02.25 22:12:39.090,1.15193,1.15227,1.00,1.00
2014.02.25 22:12:42.060,1.15188,1.15227,1.00,1.00
2014.02.25 22:12:43.049,1.15188,1.15222,1.00,1.00
2014.02.25 22:12:44.160,1.15193,1.15227,1.00,1.00
2014.02.25 22:12:59.137,1.15188,1.15227,1.00,1.00
2014.02.25 22:13:00.111,1.15188,1.15222,1.00,1.00
2014.02.25 22:14:00.157,1.15182,1.15223,1.30,1.00
2014.02.25 22:14:04.325,1.15181,1.15223,1.30,1.00
2014.02.25 22:14:11.821,1.15183,1.15223,1.30,1.00
2014.02.25 22:14:18.319,1.15188,1.15212,1.00,1.00
2014.02.25 22:14:19.221,1.15188,1.15216,1.00,1.00
2014.02.25 22:14:19.322,1.15188,1.1522,1.00,1.00
2014.02.25 22:14:21.108,1.15181,1.15197,1.30,1.00
2014.02.25 22:14:21.260,1.15173,1.15197,1.00,1.00
2014.02.25 22:14:21.827,1.15178,1.15202,1.00,1.50
2014.02.25 22:14:24.028,1.15173,1.15202,1.00,1.00
2014.02.25 22:14:24.286,1.15173,1.15212,1.00,1.00
2014.02.25 22:14:27.967,1.15175,1.15212,1.30,1.00
2014.02.25 22:14:29.629,1.15177,1.15212,1.30,1.00
2014.02.25 22:14:29.781,1.15178,1.15216,1.30,1.00
2014.02.25 22:14:39.115,1.15178,1.15212,1.73,1.00
2014.02.25 22:14:42.875,1.15175,1.15212,1.30,1.00
2014.02.25 22:14:43.177,1.15173,1.15212,1.73,1.00
2014.02.25 22:14:51.497,1.15173,1.15212,2.10,1.00
2014.02.25 22:14:51.800,1.15193,1.15218,1.00,1.00
2014.02.25 22:14:56.070,1.15181,1.15218,1.30,1.00
2014.02.25 22:14:56.271,1.15181,1.1521,1.30,1.00
2014.02.25 22:14:56.429,1.15175,1.1521,1.30,1.00
2014.02.25 22:14:57.509,1.15173,1.1521,1.73,1.00
2014.02.25 22:14:59.137,1.15178,1.1521,1.00,1.00
2014.02.25 22:14:59.292,1.15173,1.1521,1.00,1.00
2014.02.25 22:15:02.565,1.15178,1.1521,1.00,1.00
2014.02.25 22:15:03.019,1.15178,1.15206,1.00,1.00
2014.02.25 22:15:03.790,1.15173,1.15206,1.00,1.00
2014.02.25 22:15:06.422,1.15183,1.15206,1.00,1.00
2014.02.25 22:15:06.926,1.15183,1.15207,1.00,1.00
2014.02.25 22:15:07.077,1.15183,1.15212,1.00,1.50
2014.02.25 22:15:07.795,1.15183,1.15207,1.00,1.00
2014.02.25 22:15:08.049,1.15183,1.15212,1.00,1.50
2014.02.25 22:15:08.312,1.15183,1.15207,1.00,1.00
2014.02.25 22:15:08.615,1.15183,1.15212,1.00,1.50
2014.02.25 22:15:09.827,1.15183,1.15207,1.00,1.00
2014.02.25 22:15:10.181,1.15183,1.15212,1.00,1.50
2014.02.25 22:15:11.141,1.15188,1.15212,1.00,1.50
2014.02.25 22:15:11.456,1.15183,1.15207,1.00,1.00
2014.02.25 22:15:11.607,1.15183,1.15212,1.00,1.50
2014.02.25 22:15:12.820,1.15183,1.15207,1.00,1.00
2014.02.25 22:15:13.218,1.15183,1.15212,1.00,1.50
2014.02.25 22:15:15.088,1.15188,1.15212,1.00,1.50
2014.02.25 22:15:22.018,1.15183,1.15207,1.00,1.00
2014.02.25 22:15:31.257,1.15183,1.15212,1.00,1.50
2014.02.25 22:15:31.917,1.15183,1.15207,1.00,1.00
2014.02.25 22:15:32.623,1.15183,1.15212,1.00,1.50
2014.02.25 22:15:33.909,1.15188,1.15212,1.00,1.50
2014.02.25 22:15:35.487,1.15183,1.15207,1.00,1.00
2014.02.25 22:15:35.790,1.15183,1.15212,1.00,1.50
2014.02.25 22:15:36.098,1.15183,1.15207,1.00,1.00
2014.02.25 22:15:36.586,1.15183,1.15212,1.00,1.50
2014.02.25 22:15:37.747,1.15188,1.15212,1.00,1.50
2014.02.25 22:15:40.410,1.15178,1.15212,1.00,1.00
2014.02.25 22:15:40.511,1.15178,1.15206,1.00,1.00
2014.02.25 22:15:41.268,1.15178,1.15202,1.00,1.00
2014.02.25 22:15:41.774,1.15178,1.15201,1.00,1.00
2014.02.25 22:15:45.892,1.15183,1.15201,1.00,1.00
2014.02.25 22:15:46.804,1.15178,1.15197,1.00,1.00
2014.02.25 22:15:48.798,1.15159,1.15201,1.30,1.00
2014.02.25 22:15:48.849,1.15159,1.1519,1.30,1.00
2014.02.25 22:15:49.152,1.15173,1.15196,1.00,1.00
2014.02.25 22:15:49.203,1.15156,1.15196,1.30,1.00
2014.02.25 22:15:49.304,1.15158,1.1519,1.00,1.00
2014.02.25 22:15:49.556,1.15163,1.15196,1.00,1.00
2014.02.25 22:15:49.658,1.15155,1.15196,1.30,1.00
2014.02.25 22:15:49.759,1.15163,1.15189,1.00,1.00
2014.02.25 22:15:49.861,1.15158,1.15193,1.00,1.00
2014.02.25 22:15:49.963,1.15152,1.15193,1.35,1.00
2014.02.25 22:15:50.064,1.15154,1.15193,1.30,1.00
2014.02.25 22:15:50.367,1.15158,1.15193,1.00,1.00
2014.02.25 22:15:51.507,1.15168,1.15193,1.00,1.00
2014.02.25 22:15:51.608,1.15163,1.15192,1.00,1.00
2014.02.25 22:15:52.164,1.15168,1.1519,1.00,1.00
2014.02.25 22:15:52.621,1.15163,1.15187,1.00,1.00
2014.02.25 22:15:53.277,1.15158,1.1519,1.00,1.00
2014.02.25 22:15:53.506,1.15163,1.15187,1.00,1.00
2014.02.25 22:15:53.710,1.15158,1.1519,1.00,1.00
2014.02.25 22:15:53.811,1.15163,1.15187,1.00,1.00
2014.02.25 22:15:54.064,1.15158,1.1519,1.00,1.00
2014.02.25 22:15:54.165,1.15153,1.1519,1.00,1.00
2014.02.25 22:15:54.269,1.15163,1.15187,1.00,1.00
2014.02.25 22:15:54.471,1.15153,1.1519,1.00,1.00
2014.02.25 22:15:54.724,1.15145,1.15172,1.30,1.00
2014.02.25 22:15:54.825,1.15145,1.15183,1.30,1.00
2014.02.25 22:15:54.876,1.15143,1.15183,1.00,1.00
2014.02.25 22:15:54.927,1.15143,1.1519,1.00,1.00
2014.02.25 22:15:55.028,1.15153,1.15182,1.00,1.00
2014.02.25 22:15:55.130,1.15148,1.1519,1.00,1.00
2014.02.25 22:15:55.281,1.15153,1.15182,1.00,1.00
2014.02.25 22:15:55.799,1.15153,1.15177,1.00,1.00
2014.02.25 22:15:56.998,1.15148,1.15177,1.00,1.00
2014.02.25 22:15:57.935,1.15158,1.15182,1.00,1.50
2014.02.25 22:15:58.238,1.15153,1.15182,1.00,1.50
2014.02.25 22:15:58.541,1.15158,1.15186,1.00,1.00
2014.02.25 22:15:58.793,1.15163,1.15192,1.00,1.50
2014.02.25 22:15:59.198,1.15168,1.15192,1.00,1.50
2014.02.25 22:16:04.262,1.15163,1.15192,1.00,1.00
2014.02.25 22:16:05.362,1.15168,1.15192,1.00,1.00
2014.02.25 22:16:05.715,1.15163,1.15192,1.00,1.00
2014.02.25 22:16:05.917,1.15158,1.15187,1.00,1.00
2014.02.25 22:16:06.473,1.15163,1.15192,1.00,1.00
2014.02.25 22:16:06.776,1.15158,1.15187,1.00,1.00
2014.02.25 22:16:08.000,1.15163,1.15192,1.00,1.00
2014.02.25 22:16:08.303,1.15168,1.15192,1.00,1.00
2014.02.25 22:16:08.808,1.15163,1.15192,1.00,1.00
2014.02.25 22:16:09.211,1.15168,1.15192,1.00,1.00
2014.02.25 22:16:09.872,1.15163,1.15192,1.00,1.00
2014.02.25 22:16:11.673,1.15168,1.15197,1.00,1.00
2014.02.25 22:16:11.976,1.15173,1.15197,1.00,1.00
2014.02.25 22:16:15.499,1.15178,1.15202,1.00,1.00
2014.02.25 22:16:15.701,1.15173,1.15202,1.00,1.00
2014.02.25 22:16:23.208,1.15173,1.15197,1.00,1.00
2014.02.25 22:16:25.822,1.15173,1.15202,1.00,1.00
2014.02.25 22:16:26.490,1.15178,1.15202,1.00,1.00
2014.02.25 22:16:26.843,1.15173,1.15202,1.00,1.00
2014.02.25 22:16:27.179,1.15178,1.15202,1.00,1.00
2014.02.25 22:16:27.817,1.15173,1.15202,1.00,1.00
2014.02.25 22:16:28.374,1.15178,1.15202,1.00,1.00
2014.02.25 22:16:32.642,1.15173,1.15202,1.00,1.00
2014.02.25 22:16:38.059,1.15178,1.15202,1.00,1.00
2014.02.25 22:17:06.782,1.15173,1.15197,1.00,1.00
2014.02.25 22:17:22.468,1.15168,1.15197,1.00,1.00
2014.02.25 22:17:24.119,1.15173,1.15197,1.00,1.00
2014.02.25 22:17:42.844,1.15178,1.15202,1.00,1.00
2014.02.25 22:17:44.355,1.15183,1.15202,1.00,1.00
2014.02.25 22:17:46.141,1.15178,1.15202,1.00,1.00
2014.02.25 22:17:51.757,1.15188,1.15204,1.00,1.00
2014.02.25 22:17:51.858,1.15188,1.15211,1.00,1.00
2014.02.25 22:17:55.905,1.15193,1.15211,1.00,1.00
2014.02.25 22:18:21.755,1.15198,1.15211,1.00,1.00
2014.02.25 22:18:21.985,1.15198,1.15217,1.00,1.00
2014.02.25 22:18:27.072,1.15193,1.15217,1.00,1.00
2014.02.25 22:18:27.275,1.15193,1.15214,1.00,1.00
2014.02.25 22:18:30.911,1.15188,1.15212,1.00,1.00
2014.02.25 22:18:35.111,1.15188,1.1521,1.00,1.00
2014.02.25 22:18:38.144,1.15188,1.15207,1.00,1.00
2014.02.25 22:18:42.104,1.15188,1.1521,1.00,1.00
2014.02.25 22:19:42.252,1.15173,1.1521,1.30,1.00
2014.02.25 22:20:02.113,1.15168,1.1521,1.30,1.00
2014.02.25 22:20:25.734,1.15168,1.15207,1.30,1.00
2014.02.25 22:20:26.824,1.15183,1.15207,1.00,1.50
2014.02.25 22:20:30.126,1.15188,1.15207,1.00,1.50
2014.02.25 22:20:30.674,1.15183,1.15207,1.00,1.50
2014.02.25 22:20:34.633,1.15183,1.15202,1.00,1.00
2014.02.25 22:20:39.913,1.15183,1.15207,1.00,1.50
2014.02.25 22:21:26.595,1.15188,1.15207,1.00,1.00
2014.02.25 22:21:26.899,1.15193,1.15212,1.00,1.00
2014.02.25 22:21:32.174,1.15183,1.15207,1.00,1.00
2014.02.25 22:21:32.539,1.15188,1.15207,1.00,1.00
2014.02.25 22:21:33.611,1.15188,1.15212,1.00,1.00
2014.02.25 22:21:37.113,1.15193,1.15212,1.00,1.00
2014.02.25 22:21:38.912,1.15188,1.15207,1.00,1.00
2014.02.25 22:21:40.232,1.15178,1.15207,1.00,1.00
2014.02.25 22:21:40.649,1.15178,1.15202,1.00,1.00
2014.02.25 22:21:41.622,1.15183,1.15202,1.00,1.00
2014.02.25 22:21:42.063,1.15173,1.15202,1.00,1.00
2014.02.25 22:21:42.215,1.15168,1.15192,1.30,1.00
2014.02.25 22:21:42.384,1.15163,1.15192,1.00,1.00
2014.02.25 22:21:42.435,1.15158,1.15195,1.00,1.00
2014.02.25 22:21:42.638,1.15158,1.15197,1.00,1.00
2014.02.25 22:21:43.382,1.15163,1.15197,1.00,1.00
2014.02.25 22:21:45.033,1.15158,1.15197,1.73,1.00
2014.02.25 22:21:46.836,1.15163,1.15197,1.00,1.00
2014.02.25 22:21:55.087,1.15163,1.15199,1.00,1.00
2014.02.25 22:21:56.472,1.15163,1.15197,1.00,1.00
2014.02.25 22:22:01.544,1.15158,1.15195,1.73,1.00
2014.02.25 22:22:03.074,1.15163,1.15195,1.00,1.00
2014.02.25 22:22:09.463,1.15173,1.15197,1.00,1.00
2014.02.25 22:22:10.371,1.15173,1.15201,1.00,1.00
2014.02.25 22:22:10.575,1.15173,1.15197,1.00,1.00
2014.02.25 22:22:11.261,1.15173,1.15201,1.00,1.00
2014.02.25 22:22:11.590,1.15173,1.15197,1.00,1.00
2014.02.25 22:22:12.975,1.15173,1.15201,1.00,1.00
2014.02.25 22:22:13.521,1.15173,1.15202,1.00,1.00
2014.02.25 22:22:16.052,1.15178,1.15202,1.00,1.00
2014.02.25 22:22:18.813,1.15183,1.15205,1.00,1.00
2014.02.25 22:22:18.914,1.15178,1.15202,1.00,1.00
2014.02.25 22:22:26.767,1.15168,1.15202,1.00,1.00
2014.02.25 22:22:26.868,1.15163,1.15187,1.00,1.00
2014.02.25 22:22:27.172,1.15168,1.15192,1.00,1.00
2014.02.25 22:22:27.526,1.15173,1.15197,1.00,1.00
2014.02.25 22:22:30.022,1.15168,1.15192,1.00,1.00
2014.02.25 22:22:31.243,1.15173,1.15197,1.00,1.00
2014.02.25 22:22:39.405,1.15168,1.15192,1.00,1.00
2014.02.25 22:22:39.709,1.15163,1.15187,1.00,1.00
2014.02.25 22:22:40.034,1.15168,1.15192,1.00,1.00
2014.02.25 22:22:40.338,1.15173,1.15197,1.00,1.00
2014.02.25 22:22:42.015,1.15178,1.15202,1.00,1.00
2014.02.25 22:23:10.307,1.15178,1.15197,1.00,1.00
2014.02.25 22:23:11.953,1.15183,1.15207,1.00,1.00
2014.02.25 22:23:16.132,1.15183,1.15208,1.00,1.00
2014.02.25 22:23:16.233,1.15183,1.15212,1.00,1.50
2014.02.25 22:23:17.650,1.15183,1.15207,1.00,1.00
2014.02.25 22:23:29.750,1.15188,1.15208,1.00,1.00
2014.02.25 22:23:35.140,1.15193,1.15208,1.00,1.00
2014.02.25 22:23:37.921,1.15193,1.15212,1.00,1.00
2014.02.25 22:23:38.880,1.15188,1.15212,1.00,1.00
2014.02.25 22:23:50.667,1.15193,1.15212,1.00,1.00
2014.02.25 22:23:54.293,1.15193,1.15216,1.00,1.00
2014.02.25 22:23:54.891,1.15193,1.15217,1.00,1.00
2014.02.25 22:23:56.040,1.15198,1.15217,1.00,1.00
2014.02.25 22:23:59.021,1.15193,1.15217,1.00,1.00
2014.02.25 22:24:59.273,1.15171,1.15225,1.68,1.00
2014.02.25 22:25:05.244,1.15173,1.15225,1.30,1.00
2014.02.25 22:25:08.923,1.15172,1.15225,1.35,1.00
2014.02.25 22:25:15.048,1.15188,1.15217,1.00,1.00
2014.02.25 22:25:18.144,1.15188,1.15212,1.00,1.00
2014.02.25 22:25:31.852,1.15183,1.15207,1.00,1.00
2014.02.25 22:26:32.053,1.15172,1.1522,1.30,1.00
2014.02.25 22:26:32.956,1.15171,1.1522,1.30,1.00
2014.02.25 22:26:33.007,1.15169,1.1522,1.35,1.00
2014.02.25 22:26:33.057,1.15171,1.1522,1.30,1.00
2014.02.25 22:27:00.865,1.15171,1.15214,1.30,1.00
2014.02.25 22:27:05.874,1.1517,1.15214,1.95,1.00
2014.02.25 22:27:26.360,1.15188,1.15207,1.00,1.00
2014.02.25 22:27:29.562,1.15188,1.15212,1.00,1.00
2014.02.25 22:27:36.445,1.15193,1.15215,1.00,1.00
2014.02.25 22:27:43.862,1.15193,1.15217,1.00,1.00
2014.02.25 22:27:56.936,1.15193,1.15215,1.00,1.00
2014.02.25 22:28:11.783,1.15193,1.15217,1.00,1.00
2014.02.25 22:28:16.330,1.15203,1.15222,1.00,1.00
2014.02.25 22:28:20.737,1.15198,1.15222,1.00,1.50
2014.02.25 22:28:25.984,1.15203,1.15222,1.00,1.00
2014.02.25 22:28:43.369,1.15203,1.15227,1.00,1.50
2014.02.25 22:28:45.125,1.15203,1.15222,1.00,1.00
2014.02.25 22:28:57.340,1.15198,1.15222,1.00,1.00
2014.02.25 22:28:57.442,1.15193,1.15217,1.00,1.00
2014.02.25 22:29:11.319,1.15208,1.15222,1.00,1.00
2014.02.25 22:29:11.421,1.15203,1.15227,1.00,1.00
2014.02.25 22:29:11.522,1.15198,1.15222,1.00,1.00
2014.02.25 22:29:27.735,1.15203,1.15224,1.00,1.00
2014.02.25 22:29:27.938,1.15198,1.15222,1.00,1.00
2014.02.25 22:29:38.687,1.15203,1.15222,1.00,1.00
2014.02.25 22:30:16.201,1.15208,1.15227,1.00,1.00
2014.02.25 22:31:16.201,1.15192,1.15229,1.30,1.73
2014.02.25 22:31:40.124,1.15208,1.15229,1.00,1.73
2014.02.25 22:31:40.844,1.15208,1.15227,1.00,1.30
2014.02.25 22:32:09.026,1.15208,1.15226,1.00,1.30
2014.02.25 22:32:09.744,1.15208,1.15225,1.00,1.30
2014.02.25 22:32:10.266,1.15208,1.15227,1.00,1.00
2014.02.25 22:32:14.425,1.15208,1.15225,1.00,1.30
2014.02.25 22:32:15.840,1.15208,1.15227,1.00,1.00
2014.02.25 22:32:41.130,1.15193,1.15229,1.30,1.73
2014.02.25 22:32:51.879,1.15194,1.15229,1.30,1.00
2014.02.25 22:32:55.024,1.15194,1.15231,1.30,1.30
2014.02.25 22:33:03.980,1.15192,1.15229,1.30,1.30
2014.02.25 22:33:07.046,1.15213,1.15229,1.00,1.30
2014.02.25 22:33:07.198,1.15213,1.15232,1.00,1.00
2014.02.25 22:33:46.084,1.15218,1.15235,1.00,1.30
2014.02.25 22:33:46.185,1.15213,1.15232,1.00,1.00
2014.02.25 22:34:22.396,1.15213,1.15237,1.00,1.73
2014.02.25 22:34:28.773,1.15204,1.15237,1.30,1.00
2014.02.25 22:34:29.127,1.15213,1.15237,1.00,1.00
2014.02.25 22:34:47.151,1.15204,1.15237,1.30,1.00
2014.02.25 22:34:47.455,1.15213,1.15237,1.00,1.73
2014.02.25 22:34:56.188,1.15218,1.15237,1.00,1.00
2014.02.25 22:34:59.660,1.15208,1.15232,1.00,1.00
2014.02.25 22:35:00.697,1.15208,1.15235,1.00,1.30
2014.02.25 22:35:00.748,1.15208,1.15237,1.00,1.00
2014.02.25 22:35:07.030,1.15213,1.15237,1.00,1.00
2014.02.25 22:35:07.510,1.15208,1.15232,1.00,1.00
2014.02.25 22:35:26.390,1.15208,1.15227,1.00,1.00
2014.02.25 22:35:31.791,1.15198,1.15222,1.00,1.00
2014.02.25 22:35:31.893,1.15195,1.15217,1.30,1.00
2014.02.25 22:35:31.995,1.15193,1.15217,1.00,1.00
2014.02.25 22:35:32.046,1.15188,1.15212,2.10,1.00
2014.02.25 22:35:32.148,1.15188,1.15212,1.00,1.00
2014.02.25 22:35:33.456,1.15193,1.15219,1.00,1.73
2014.02.25 22:35:34.884,1.15193,1.15217,1.00,1.00
2014.02.25 22:35:38.951,1.15203,1.15222,1.00,1.30
2014.02.25 22:35:39.129,1.15203,1.15227,1.00,1.00
2014.02.25 22:35:39.391,1.15198,1.15227,1.00,1.00
2014.02.25 22:35:54.769,1.15198,1.15222,1.00,1.00
2014.02.25 22:36:02.730,1.15203,1.15227,1.00,1.00
2014.02.25 22:36:04.559,1.15198,1.15222,1.00,1.00
2014.02.25 22:37:04.620,1.15189,1.15225,1.30,1.00
2014.02.25 22:37:07.452,1.15191,1.15225,1.30,1.00
2014.02.25 22:37:08.252,1.15192,1.15225,1.30,1.00
2014.02.25 22:37:15.993,1.15198,1.15217,1.00,1.00
2014.02.25 22:37:19.907,1.15198,1.15222,1.00,1.00
2014.02.25 22:37:20.237,1.15203,1.15222,1.00,1.00
2014.02.25 22:37:28.529,1.15208,1.15227,1.00,1.00
2014.02.25 22:37:28.732,1.15213,1.15235,1.00,1.73
2014.02.25 22:37:28.942,1.15213,1.15237,1.00,1.00
2014.02.25 22:37:30.917,1.15213,1.15232,1.00,1.00
2014.02.25 22:37:36.542,1.15208,1.15232,1.00,1.00
2014.02.25 22:37:42.684,1.15208,1.15227,1.00,1.00
2014.02.25 22:37:48.004,1.15213,1.15232,1.00,1.00
2014.02.25 22:37:48.559,1.15213,1.15231,1.00,1.30
2014.02.25 22:37:50.602,1.15208,1.15227,1.00,1.00
2014.02.25 22:37:50.754,1.15203,1.15227,1.00,1.00
2014.02.25 22:38:02.468,1.15203,1.15226,1.00,1.30
2014.02.25 22:38:03.445,1.15203,1.15227,1.00,1.00
2014.02.25 22:38:13.848,1.15198,1.15227,1.73,1.00
2014.02.25 22:38:13.950,1.15198,1.15222,1.73,1.00
2014.02.25 22:38:16.705,1.15203,1.15223,1.00,1.30
2014.02.25 22:38:16.806,1.15198,1.15222,1.00,1.00
2014.02.25 22:38:17.021,1.15203,1.15222,1.00,1.30
2014.02.25 22:38:17.173,1.15203,1.15224,1.00,1.30
2014.02.25 22:38:20.103,1.15198,1.15224,1.00,1.30
2014.02.25 22:38:21.066,1.15198,1.15222,1.00,1.00
2014.02.25 22:38:27.796,1.15203,1.15224,1.00,1.30
2014.02.25 22:38:31.188,1.15208,1.15224,1.00,1.30
2014.02.25 22:38:31.671,1.15208,1.1523,1.00,1.30
2014.02.25 22:38:31.933,1.15208,1.15228,1.00,1.30
2014.02.25 22:38:32.556,1.15208,1.1523,1.00,1.30
2014.02.25 22:38:32.811,1.15208,1.15232,1.00,1.00
2014.02.25 22:38:33.760,1.15213,1.15235,1.00,1.30
2014.02.25 22:38:35.077,1.15213,1.15237,1.00,1.00
2014.02.25 22:38:40.876,1.15213,1.15236,1.00,1.30
2014.02.25 22:38:41.914,1.15213,1.15232,1.00,1.00
2014.02.25 22:38:48.255,1.15218,1.15236,1.00,1.30
2014.02.25 22:38:49.137,1.15213,1.15232,1.00,1.00
2014.02.25 22:39:01.019,1.15213,1.15236,1.00,1.30
2014.02.25 22:39:01.844,1.15213,1.15237,1.00,1.73
2014.02.25 22:39:08.922,1.15213,1.15235,1.00,1.30
2014.02.25 22:39:13.006,1.15213,1.15232,1.00,1.00
2014.02.25 22:39:19.060,1.15208,1.15232,1.00,1.00
2014.02.25 22:39:20.756,1.15208,1.15227,1.00,1.00
2014.02.25 22:39:53.988,1.15208,1.15225,1.00,1.30
2014.02.25 22:40:20.756,1.15195,1.15225,1.30,1.30
2014.02.25 22:40:21.675,1.15195,1.15217,1.30,1.00
2014.02.25 22:40:21.980,1.15198,1.15217,1.00,1.30
2014.02.25 22:40:22.132,1.15198,1.15219,1.00,1.30
2014.02.25 22:40:29.353,1.15198,1.15221,1.00,1.30
2014.02.25 22:41:00.328,1.15198,1.15222,1.00,1.00
2014.02.25 22:41:00.823,1.15195,1.15222,1.30,1.00
2014.02.25 22:41:15.355,1.15198,1.15222,1.00,1.00
2014.02.25 22:41:43.304,1.15203,1.15222,1.00,1.00
2014.02.25 22:41:44.697,1.15208,1.15227,1.00,1.00
2014.02.25 22:41:52.085,1.15213,1.15234,1.00,1.30
2014.02.25 22:41:52.340,1.15213,1.15237,1.00,1.00
2014.02.25 22:41:58.996,1.15218,1.15237,1.00,1.00
2014.02.25 22:42:01.303,1.15218,1.15242,1.00,1.73
2014.02.25 22:42:01.825,1.15218,1.15242,1.00,3.00
2014.02.25 22:42:01.876,1.15211,1.15237,1.30,1.00
2014.02.25 22:42:01.977,1.15209,1.15237,1.30,1.00
2014.02.25 22:42:02.028,1.15208,1.15235,1.73,1.30
2014.02.25 22:42:02.333,1.15208,1.15232,1.00,1.00
2014.02.25 22:42:07.164,1.15213,1.15232,1.00,1.00
2014.02.25 22:42:11.802,1.15218,1.15237,1.00,1.00
2014.02.25 22:42:15.713,1.15213,1.15237,1.00,1.00
2014.02.25 22:42:19.122,1.15213,1.15232,1.00,1.00
2014.02.25 22:43:01.413,1.15209,1.15227,1.30,1.00
2014.02.25 22:43:01.990,1.15208,1.15227,1.00,1.00
2014.02.25 22:43:03.050,1.15203,1.15227,1.00,1.00
2014.02.25 22:43:04.125,1.15203,1.15222,1.00,1.00
2014.02.25 22:43:14.475,1.15202,1.15222,1.30,1.00
2014.02.25 22:43:14.628,1.15198,1.15222,1.80,1.00
2014.02.25 22:43:15.353,1.15198,1.15222,1.00,1.00
2014.02.25 22:43:15.605,1.152,1.15222,1.30,1.00
2014.02.25 22:43:20.875,1.15203,1.15222,1.00,1.00
2014.02.25 22:43:33.702,1.15208,1.15227,1.00,1.00
2014.02.25 22:43:42.392,1.15213,1.15232,1.00,1.00
2014.02.25 22:43:45.693,1.15212,1.15232,1.30,1.00
2014.02.25 22:43:46.351,1.15213,1.15237,1.00,1.00
2014.02.25 22:43:46.469,1.15218,1.15242,1.00,1.73
2014.02.25 22:43:51.522,1.15218,1.15237,1.00,1.00
2014.02.25 22:44:01.466,1.15214,1.15232,1.30,1.00
2014.02.25 22:44:02.007,1.15213,1.15232,1.00,1.00
2014.02.25 22:44:03.981,1.15218,1.15237,1.00,1.00
2014.02.25 22:44:06.943,1.15223,1.15243,1.00,1.30
2014.02.25 22:44:07.044,1.15218,1.15242,1.00,1.00
2014.02.25 22:44:07.297,1.15216,1.15237,1.73,1.00
2014.02.25 22:44:11.762,1.15223,1.15246,1.00,1.30
2014.02.25 22:44:12.267,1.15223,1.15247,1.73,1.00
2014.02.25 22:44:40.112,1.15225,1.15247,1.30,1.00
2014.02.25 22:44:40.163,1.15228,1.15256,1.00,1.30
2014.02.25 22:44:40.365,1.15228,1.15252,1.00,1.00
2014.02.25 22:45:00.834,1.15226,1.15252,1.30,1.00
2014.02.25 22:45:00.986,1.15224,1.15252,1.30,1.00
2014.02.25 22:45:04.249,1.15223,1.15251,1.00,1.30
2014.02.25 22:45:05.535,1.15223,1.15252,1.73,1.00
2014.02.25 22:45:08.789,1.15228,1.15253,1.00,1.30
2014.02.25 22:45:08.991,1.15228,1.15257,1.00,1.73
2014.02.25 22:45:11.051,1.15228,1.15252,1.00,1.00
2014.02.25 22:45:20.351,1.15229,1.15252,1.30,1.00
2014.02.25 22:45:28.454,1.15229,1.15257,1.65,1.00
2014.02.25 22:45:28.555,1.15229,1.15252,1.30,1.00
2014.02.25 22:45:29.151,1.1523,1.15252,1.30,1.00
2014.02.25 22:45:31.101,1.1523,1.15257,1.30,1.00
2014.02.25 22:45:31.304,1.1523,1.15252,1.30,1.00
2014.02.25 22:45:32.123,1.15231,1.15252,1.30,1.00
2014.02.25 22:45:34.482,1.15231,1.15257,1.30,1.00
2014.02.25 22:45:34.635,1.15233,1.15257,1.30,1.00
2014.02.25 22:45:35.923,1.15233,1.15262,2.40,1.00
2014.02.25 22:45:35.974,1.15236,1.15262,1.30,1.00
2014.02.25 22:45:36.285,1.15238,1.15262,1.30,1.00
2014.02.25 22:45:36.738,1.15236,1.15262,1.30,1.00
2014.02.25 22:45:37.914,1.15238,1.15262,1.30,1.00
2014.02.25 22:46:12.980,1.15248,1.15267,1.00,1.00
2014.02.25 22:47:13.102,1.15237,1.15267,1.30,1.30
2014.02.25 22:47:27.799,1.15243,1.15267,1.00,2.40
2014.02.25 22:47:28.104,1.15238,1.15262,1.00,2.40
2014.02.25 22:47:28.409,1.15243,1.15258,1.00,1.30
2014.02.25 22:47:29.720,1.15238,1.15258,1.00,1.30
2014.02.25 22:47:30.152,1.15228,1.15258,1.30,1.98
2014.02.25 22:47:30.202,1.15228,1.15256,1.30,1.28
2014.02.25 22:47:30.253,1.15226,1.15256,1.30,2.25
2014.02.25 22:47:30.406,1.15223,1.15253,1.73,1.30
2014.02.25 22:47:30.509,1.15223,1.15251,1.00,1.30
2014.02.25 22:47:32.590,1.15223,1.1525,1.00,1.30
2014.02.25 22:47:33.123,1.15223,1.15249,1.00,1.30
2014.02.25 22:47:33.376,1.15223,1.15251,1.00,1.30
2014.02.25 22:47:36.751,1.15223,1.15247,1.00,1.00
2014.02.25 22:47:44.628,1.15228,1.15249,1.00,1.30
2014.02.25 22:47:44.953,1.15228,1.15251,1.00,1.30
2014.02.25 22:47:57.831,1.15228,1.15252,1.00,1.73
2014.02.25 22:47:59.588,1.15233,1.15252,1.00,1.00
2014.02.25 22:48:05.331,1.15238,1.15255,1.00,1.30
2014.02.25 22:48:05.911,1.15238,1.15256,1.00,1.30
2014.02.25 22:48:05.962,1.15238,1.15259,1.00,1.30
2014.02.25 22:48:07.760,1.15233,1.15257,1.00,1.00
2014.02.25 22:48:33.827,1.15238,1.15259,1.00,1.30
2014.02.25 22:48:35.819,1.15233,1.15252,1.00,1.00
2014.02.25 22:48:36.375,1.15238,1.15256,1.00,1.30
2014.02.25 22:48:36.476,1.15233,1.15252,1.00,1.00
2014.02.25 22:48:36.578,1.15238,1.15256,1.00,1.30
2014.02.25 22:48:36.781,1.15233,1.15252,1.00,1.00
2014.02.25 22:48:36.917,1.15238,1.15256,1.00,1.30
2014.02.25 22:48:37.019,1.15233,1.15256,1.00,1.30
2014.02.25 22:48:37.223,1.15238,1.15256,1.00,1.30
2014.02.25 22:48:37.324,1.15233,1.15256,1.00,1.30
2014.02.25 22:48:38.826,1.15233,1.15255,1.00,1.30
2014.02.25 22:48:39.332,1.15233,1.15256,1.00,1.30
2014.02.25 22:48:40.397,1.15228,1.15252,1.00,1.00
2014.02.25 22:48:40.549,1.15233,1.15253,1.00,1.30
2014.02.25 22:48:40.651,1.15228,1.15252,1.00,1.00
2014.02.25 22:48:41.106,1.15233,1.15253,1.00,1.30
2014.02.25 22:48:41.207,1.15228,1.15252,1.00,1.00
2014.02.25 22:48:41.423,1.15233,1.15253,1.00,1.30
2014.02.25 22:48:41.524,1.15228,1.15252,1.00,1.00
2014.02.25 22:48:41.736,1.15233,1.15253,1.00,1.30
2014.02.25 22:48:41.847,1.15228,1.15252,1.00,1.00
2014.02.25 22:48:41.949,1.15233,1.15253,1.00,1.30
2014.02.25 22:48:42.051,1.15228,1.15252,1.00,1.00
2014.02.25 22:48:42.304,1.15233,1.15253,1.00,1.65
2014.02.25 22:48:42.642,1.15233,1.1525,1.00,1.30
2014.02.25 22:48:44.068,1.15228,1.1525,1.00,1.30
2014.02.25 22:48:44.169,1.15228,1.15247,1.00,1.30
2014.02.25 22:48:44.321,1.15228,1.15249,1.00,1.30
2014.02.25 22:48:44.372,1.15233,1.15249,1.00,1.30
2014.02.25 22:48:44.474,1.15228,1.15247,1.00,1.30
2014.02.25 22:48:44.727,1.15233,1.15248,1.00,1.30
2014.02.25 22:48:44.829,1.15228,1.15248,1.00,1.30
2014.02.25 22:48:44.982,1.15228,1.1525,1.00,1.30
2014.02.25 22:48:45.033,1.15233,1.15248,1.00,1.30
2014.02.25 22:48:45.134,1.15228,1.15248,1.00,1.30
2014.02.25 22:48:45.286,1.15233,1.15249,1.00,1.30
2014.02.25 22:48:45.387,1.15228,1.15248,1.00,1.30
2014.02.25 22:48:45.489,1.15228,1.15242,1.00,1.30
2014.02.25 22:48:45.944,1.15231,1.15243,1.00,1.30
2014.02.25 22:48:46.046,1.15228,1.15243,1.00,1.30
2014.02.25 22:48:46.227,1.15231,1.15243,1.00,1.30
2014.02.25 22:48:46.380,1.15228,1.15243,1.00,1.30
2014.02.25 22:48:46.481,1.15231,1.15243,1.00,1.30
2014.02.25 22:48:46.582,1.15228,1.15243,1.00,1.30
2014.02.25 22:48:46.787,1.15231,1.15243,1.00,1.30
2014.02.25 22:48:46.890,1.15228,1.15243,1.00,1.30
2014.02.25 22:48:47.142,1.15231,1.15243,1.00,1.30
2014.02.25 22:48:47.244,1.15228,1.15243,1.00,1.30
2014.02.25 22:48:47.700,1.15231,1.15243,1.00,1.30
2014.02.25 22:48:47.810,1.15228,1.15243,1.00,1.30
2014.02.25 22:48:48.012,1.15231,1.15243,1.00,1.30
2014.02.25 22:48:48.114,1.15228,1.15243,1.00,1.30
2014.02.25 22:48:48.367,1.15231,1.15243,1.00,1.30
2014.02.25 22:48:48.468,1.15228,1.15243,1.00,1.30
2014.02.25 22:48:48.569,1.1523,1.15242,1.00,1.30
2014.02.25 22:48:48.724,1.15228,1.15243,1.00,1.95
2014.02.25 22:48:48.877,1.15231,1.15243,1.00,1.30
2014.02.25 22:48:48.979,1.15228,1.15243,1.00,1.30
2014.02.25 22:48:49.247,1.15231,1.15243,1.00,1.30
2014.02.25 22:48:49.349,1.15228,1.15243,1.00,1.30
2014.02.25 22:48:49.760,1.15231,1.15243,1.00,1.30
2014.02.25 22:48:49.870,1.15228,1.15243,1.00,1.30
2014.02.25 22:48:50.123,1.15231,1.15243,1.00,1.30
2014.02.25 22:48:50.224,1.15228,1.15243,1.00,1.30
2014.02.25 22:48:50.426,1.15231,1.15243,1.00,1.30
2014.02.25 22:48:50.528,1.15228,1.15243,1.00,1.30
2014.02.25 22:48:50.983,1.15231,1.15243,1.00,1.30
2014.02.25 22:48:51.084,1.15228,1.15242,1.00,1.30
2014.02.25 22:48:51.236,1.15228,1.15245,1.00,1.98
2014.02.25 22:48:51.338,1.15231,1.15243,1.00,1.30
2014.02.25 22:48:51.439,1.15228,1.15242,1.00,1.30
2014.02.25 22:48:51.591,1.15228,1.15244,1.00,1.30
2014.02.25 22:48:51.642,1.15231,1.15243,1.00,1.30
2014.02.25 22:48:51.743,1.15228,1.15242,1.00,1.30
2014.02.25 22:48:51.844,1.1523,1.15242,1.00,1.30
2014.02.25 22:48:51.996,1.15228,1.15242,1.00,1.30
2014.02.25 22:48:52.148,1.15228,1.15244,1.00,1.65
2014.02.25 22:48:52.199,1.15232,1.15244,1.00,1.95
2014.02.25 22:48:52.300,1.15228,1.15243,1.00,1.65
2014.02.25 22:48:52.503,1.15231,1.15245,1.00,1.58
2014.02.25 22:48:52.655,1.15228,1.15242,1.00,1.30
2014.02.25 22:48:52.806,1.15228,1.15244,1.00,1.30
2014.02.25 22:48:52.857,1.15231,1.15244,1.00,1.30
2014.02.25 22:48:52.958,1.15228,1.15244,1.00,1.65
2014.02.25 22:48:53.047,1.15231,1.15244,1.00,1.65
2014.02.25 22:48:53.199,1.15228,1.15243,1.00,1.30
2014.02.25 22:48:53.402,1.15231,1.15242,1.00,1.30
2014.02.25 22:48:53.503,1.15228,1.15242,1.00,1.30
2014.02.25 22:48:53.707,1.15231,1.15242,1.00,1.30
2014.02.25 22:48:53.859,1.15228,1.15243,1.00,1.30
2014.02.25 22:48:54.271,1.15231,1.15242,1.00,1.30
2014.02.25 22:48:54.372,1.15228,1.15242,1.00,1.30
2014.02.25 22:48:54.628,1.15231,1.15242,1.00,1.30
2014.02.25 22:48:54.729,1.15228,1.15243,1.00,1.30
2014.02.25 22:48:54.958,1.15232,1.15242,1.00,1.30
2014.02.25 22:48:55.068,1.15228,1.15243,1.00,1.30
2014.02.25 22:48:55.138,1.15231,1.15243,1.00,1.30
2014.02.25 22:48:55.290,1.15228,1.15244,1.00,1.30
2014.02.25 22:48:55.391,1.15228,1.15242,1.00,1.30
2014.02.25 22:48:55.797,1.15231,1.15242,1.00,1.30
2014.02.25 22:48:55.950,1.15228,1.15243,1.00,1.30
2014.02.25 22:48:56.152,1.15231,1.15244,1.00,1.65
2014.02.25 22:49:03.697,1.15231,1.15244,1.00,1.98
2014.02.25 22:49:03.748,1.15228,1.15244,1.00,1.98
2014.02.25 22:49:03.900,1.15228,1.15241,1.00,1.30
2014.02.25 22:49:04.102,1.15228,1.15244,1.00,1.30
2014.02.25 22:49:04.204,1.15232,1.15244,1.00,1.30
2014.02.25 22:49:04.306,1.15228,1.15244,1.00,1.30
2014.02.25 22:49:04.508,1.15232,1.15244,1.00,1.30
2014.02.25 22:49:04.609,1.15228,1.15244,1.00,1.30
2014.02.25 22:49:04.864,1.15232,1.15244,1.00,1.30
2014.02.25 22:49:04.970,1.15228,1.15244,1.00,1.30
2014.02.25 22:49:05.071,1.15232,1.15244,1.00,1.30
2014.02.25 22:49:05.172,1.15228,1.15244,1.00,1.30
2014.02.25 22:49:05.375,1.15232,1.15244,1.00,1.30
2014.02.25 22:49:05.527,1.15228,1.15244,1.00,1.30
2014.02.25 22:49:05.729,1.15232,1.15244,1.00,1.30
2014.02.25 22:49:05.831,1.15228,1.15244,1.00,1.30
2014.02.25 22:49:06.041,1.15232,1.15244,1.00,1.30
2014.02.25 22:49:06.142,1.15228,1.15244,1.00,1.30
2014.02.25 22:49:06.294,1.15232,1.15244,1.00,1.30
2014.02.25 22:49:06.407,1.15228,1.15244,1.00,1.30
2014.02.25 22:49:06.576,1.15231,1.15244,1.00,1.30
2014.02.25 22:49:06.729,1.15228,1.15244,1.00,1.30
2014.02.25 22:49:06.931,1.15231,1.15244,1.00,1.30
2014.02.25 22:49:07.033,1.15228,1.15244,1.00,1.30
2014.02.25 22:49:07.487,1.15232,1.15244,1.00,1.30
2014.02.25 22:49:07.588,1.15228,1.15244,1.00,1.30
2014.02.25 22:49:07.790,1.15231,1.15243,1.00,1.30
2014.02.25 22:49:07.942,1.15228,1.15242,1.00,1.30
2014.02.25 22:49:08.043,1.15228,1.15244,1.00,1.30
2014.02.25 22:49:08.145,1.15232,1.15244,1.00,1.30
2014.02.25 22:49:08.246,1.15228,1.15244,1.00,1.30
2014.02.25 22:49:08.348,1.15231,1.15244,1.00,1.30
2014.02.25 22:49:08.449,1.15228,1.15244,1.00,1.30
2014.02.25 22:49:08.702,1.15231,1.15244,1.00,1.30
2014.02.25 22:49:08.804,1.15228,1.15244,1.00,1.30
2014.02.25 22:49:09.007,1.15231,1.15244,1.00,1.30
2014.02.25 22:49:09.109,1.15228,1.15244,1.00,1.95
2014.02.25 22:49:09.362,1.15231,1.15243,1.00,1.30
2014.02.25 22:49:09.463,1.15228,1.15243,1.00,1.30
2014.02.25 22:49:09.564,1.15231,1.15243,1.00,1.30
2014.02.25 22:49:09.615,1.15232,1.15245,1.00,1.65
2014.02.25 22:49:09.666,1.15228,1.15245,1.00,1.30
2014.02.25 22:49:09.919,1.15231,1.15243,1.00,1.30
2014.02.25 22:49:10.021,1.15228,1.15243,1.00,1.30
2014.02.25 22:49:10.123,1.15228,1.15245,1.00,1.65
2014.02.25 22:49:10.224,1.15232,1.15245,1.00,1.65
2014.02.25 22:49:10.325,1.15228,1.15243,1.00,1.30
2014.02.25 22:49:10.376,1.15228,1.15245,1.00,1.65
2014.02.25 22:49:10.478,1.15228,1.15243,1.00,1.30
2014.02.25 22:49:10.731,1.15228,1.15245,1.00,1.30
2014.02.25 22:49:10.782,1.15233,1.15245,1.00,1.30
2014.02.25 22:49:10.883,1.15228,1.15245,1.00,1.30
2014.02.25 22:49:11.136,1.15232,1.15245,1.00,1.30
2014.02.25 22:49:11.238,1.15228,1.15245,1.00,1.30
2014.02.25 22:49:11.454,1.15232,1.15245,1.00,1.65
2014.02.25 22:49:11.556,1.15228,1.15246,1.00,1.95
2014.02.25 22:49:11.657,1.15232,1.15243,1.00,1.30
2014.02.25 22:49:11.759,1.15228,1.15243,1.00,1.30
2014.02.25 22:49:11.911,1.15228,1.15246,1.00,1.98
2014.02.25 22:49:12.013,1.15232,1.15243,1.00,1.30
2014.02.25 22:49:12.115,1.15228,1.15245,1.00,1.30
2014.02.25 22:49:12.317,1.15232,1.15243,1.00,1.30
2014.02.25 22:49:12.469,1.15232,1.15245,1.00,1.65
2014.02.25 22:49:12.520,1.15228,1.15245,1.00,1.65
2014.02.25 22:49:12.672,1.15232,1.15244,1.00,1.30
2014.02.25 22:49:12.774,1.15228,1.15246,1.00,1.98
2014.02.25 22:49:12.876,1.15232,1.15244,1.00,1.30
2014.02.25 22:49:12.977,1.15228,1.15245,1.00,1.30
2014.02.25 22:49:13.180,1.15232,1.15246,1.00,1.98
2014.02.25 22:49:13.332,1.15228,1.15245,1.00,1.30
2014.02.25 22:49:13.557,1.15232,1.15245,1.00,1.30
2014.02.25 22:49:13.659,1.15228,1.15245,1.00,1.30
2014.02.25 22:49:14.063,1.15232,1.15245,1.00,1.65
2014.02.25 22:49:14.316,1.15228,1.15245,1.00,1.65
2014.02.25 22:49:14.433,1.15232,1.15245,1.00,1.30
2014.02.25 22:49:14.535,1.15228,1.15245,1.00,1.30
2014.02.25 22:49:14.737,1.15232,1.15244,1.00,1.30
2014.02.25 22:49:14.838,1.15228,1.15243,1.00,1.30
2014.02.25 22:49:14.940,1.15232,1.15245,1.00,1.65
2014.02.25 22:49:15.092,1.15228,1.15243,1.00,1.30
2014.02.25 22:49:15.294,1.15228,1.15246,1.00,1.30
2014.02.25 22:49:15.958,1.15228,1.15246,1.00,1.98
2014.02.25 22:49:16.161,1.15231,1.15243,1.00,1.30
2014.02.25 22:49:16.667,1.15232,1.15245,1.00,1.65
2014.02.25 22:49:16.920,1.15228,1.15244,1.00,1.30
2014.02.25 22:49:17.376,1.15233,1.15245,1.00,1.30
2014.02.25 22:49:17.477,1.15228,1.15245,1.00,1.30
2014.02.25 22:49:17.730,1.15233,1.15245,1.00,1.30
2014.02.25 22:49:17.831,1.15228,1.15245,1.00,1.30
2014.02.25 22:49:18.063,1.15233,1.15245,1.00,1.30
2014.02.25 22:49:18.165,1.15228,1.15245,1.00,1.30
2014.02.25 22:49:18.267,1.15233,1.15245,1.00,1.30
2014.02.25 22:49:18.368,1.15228,1.15245,1.00,1.30
2014.02.25 22:49:18.571,1.15231,1.15245,1.00,1.98
2014.02.25 22:49:18.722,1.15228,1.15243,1.00,1.30
2014.02.25 22:49:18.773,1.15228,1.15245,1.00,1.30
2014.02.25 22:49:18.927,1.15232,1.15245,1.00,1.30
2014.02.25 22:49:19.028,1.15228,1.15245,1.00,1.30
2014.02.25 22:49:19.231,1.15232,1.15245,1.00,1.30
2014.02.25 22:49:19.384,1.15228,1.15243,1.00,1.30
2014.02.25 22:49:19.485,1.15231,1.15243,1.00,1.30
2014.02.25 22:49:19.586,1.15228,1.15243,1.00,1.30
2014.02.25 22:49:19.796,1.15232,1.15243,1.00,1.30
2014.02.25 22:49:19.898,1.15228,1.15243,1.00,1.30
2014.02.25 22:49:20.153,1.15232,1.15243,1.00,1.30
2014.02.25 22:49:20.255,1.15228,1.15243,1.00,1.30
2014.02.25 22:49:20.658,1.15231,1.15243,1.00,1.30
2014.02.25 22:49:20.810,1.15228,1.15243,1.00,1.30
2014.02.25 22:49:20.861,1.15228,1.15245,1.00,1.30
2014.02.25 22:49:21.013,1.15231,1.15245,1.00,1.98
2014.02.25 22:49:21.115,1.15228,1.15243,1.00,1.30
2014.02.25 22:49:21.216,1.15228,1.15245,1.00,1.30
2014.02.25 22:49:21.318,1.15232,1.15245,1.00,1.30
2014.02.25 22:49:28.516,1.15232,1.15245,1.00,1.98
2014.02.25 22:49:28.618,1.15218,1.15245,1.00,1.98
2014.02.25 22:49:28.834,1.15218,1.15241,1.00,1.30
2014.02.25 22:49:31.796,1.1521,1.15241,1.30,1.30
2014.02.25 22:49:31.898,1.1521,1.15241,1.30,2.33
2014.02.25 22:49:32.202,1.15208,1.15235,1.00,1.30
2014.02.25 22:49:32.555,1.15205,1.15233,1.38,1.30
2014.02.25 22:49:32.657,1.15224,1.1524,1.00,1.58
2014.02.25 22:49:32.809,1.15232,1.15244,1.00,1.30
2014.02.25 22:49:33.320,1.15233,1.15245,1.00,1.30
2014.02.25 22:49:35.239,1.15232,1.15244,1.00,1.30
2014.02.25 22:49:35.844,1.15231,1.15243,1.00,1.30
2014.02.25 22:49:39.550,1.15232,1.15245,1.00,1.30
2014.02.25 22:49:45.140,1.15233,1.15247,1.00,1.30
2014.02.25 22:49:45.205,1.15233,1.15249,1.00,1.65
2014.02.25 22:49:46.859,1.15233,1.15251,1.00,1.30
2014.02.25 22:49:47.061,1.15221,1.15251,1.30,1.98
2014.02.25 22:49:47.162,1.15221,1.15248,1.30,1.35
2014.02.25 22:49:47.213,1.15218,1.15245,1.30,1.65
2014.02.25 22:49:47.314,1.15214,1.15244,1.30,1.30
2014.02.25 22:49:49.596,1.15217,1.15247,1.30,1.30
2014.02.25 22:49:50.295,1.15218,1.15247,1.43,1.30
2014.02.25 22:49:50.599,1.15222,1.15252,1.30,1.30
2014.02.25 22:49:56.736,1.15238,1.15252,1.00,1.30
2014.02.25 22:49:56.888,1.15238,1.15254,1.00,1.30
2014.02.25 22:49:57.040,1.15238,1.15259,1.00,1.30
2014.02.25 22:49:58.172,1.15238,1.1526,1.00,1.30
2014.02.25 22:49:58.698,1.15238,1.15261,1.00,1.65
2014.02.25 22:49:58.942,1.15238,1.15258,1.00,1.30
2014.02.25 22:50:00.720,1.15238,1.15258,1.00,1.98
2014.02.25 22:50:01.136,1.15238,1.15254,1.00,1.30
2014.02.25 22:50:09.807,1.15238,1.15254,1.00,1.98
2014.02.25 22:50:09.858,1.15228,1.15248,1.00,1.30
2014.02.25 22:50:10.011,1.15228,1.15246,1.00,1.98
2014.02.25 22:50:10.314,1.15228,1.15243,1.00,1.30
2014.02.25 22:50:11.171,1.15233,1.15243,1.00,1.30
2014.02.25 22:50:11.272,1.15233,1.15245,1.00,1.30
2014.02.25 22:50:11.842,1.15233,1.15246,1.00,1.30
2014.02.25 22:50:27.016,1.15233,1.15248,1.00,1.30
2014.02.25 22:50:33.020,1.15233,1.15249,1.00,1.30
2014.02.25 22:50:35.138,1.15237,1.15249,1.00,1.30
2014.02.25 22:50:35.346,1.15233,1.15249,1.00,1.30
2014.02.25 22:50:38.865,1.15237,1.15249,1.00,1.30
2014.02.25 22:50:39.578,1.15237,1.15248,1.00,1.30
2014.02.25 22:50:40.970,1.15238,1.1525,1.00,1.30
2014.02.25 22:50:41.102,1.15238,1.15252,1.00,1.30
2014.02.25 22:50:44.255,1.15233,1.15252,1.00,1.73
2014.02.25 22:50:45.943,1.15233,1.1525,1.00,1.30
2014.02.25 22:50:46.510,1.15233,1.15249,1.00,1.30
2014.02.25 22:50:46.849,1.15237,1.15249,1.00,1.30
2014.02.25 22:51:08.234,1.15233,1.15249,1.00,1.30
2014.02.25 22:51:08.784,1.15237,1.15249,1.00,1.30
2014.02.25 22:51:15.543,1.15241,1.15251,1.00,1.30
2014.02.25 22:51:15.801,1.15242,1.15253,1.00,1.30
2014.02.25 22:51:21.277,1.15243,1.15255,1.00,1.30
2014.02.25 22:51:25.966,1.15238,1.15255,1.00,1.30
2014.02.25 22:51:26.169,1.15238,1.15253,1.00,1.30
2014.02.25 22:51:27.861,1.15238,1.15252,1.00,1.30
2014.02.25 22:51:28.439,1.15238,1.15251,1.00,1.30
2014.02.25 22:51:31.048,1.15233,1.15251,1.00,1.30
2014.02.25 22:51:42.684,1.15238,1.15251,1.00,1.30
2014.02.25 22:51:42.990,1.15238,1.15254,1.00,1.30
2014.02.25 22:51:43.091,1.15238,1.15256,1.00,1.30
2014.02.25 22:52:03.148,1.15238,1.15255,1.00,1.30
2014.02.25 22:52:03.758,1.15238,1.15254,1.00,1.30
2014.02.25 22:52:03.809,1.15228,1.15254,1.00,1.30
2014.02.25 22:52:07.759,1.15228,1.15251,1.00,1.30
2014.02.25 22:52:08.306,1.15228,1.15252,1.00,1.30
2014.02.25 22:52:12.615,1.15222,1.15252,1.30,1.30
2014.02.25 22:52:12.716,1.15219,1.15249,1.30,1.30
2014.02.25 22:52:13.309,1.15218,1.15247,1.00,1.30
2014.02.25 22:52:15.080,1.15218,1.15246,1.00,1.30
2014.02.25 22:52:15.521,1.15218,1.15243,1.00,1.30
2014.02.25 22:52:20.793,1.15213,1.15242,1.73,1.00
2014.02.25 22:52:20.896,1.15218,1.1524,1.00,1.30
2014.02.25 22:52:21.149,1.15218,1.15242,1.00,1.30
2014.02.25 22:52:24.046,1.15213,1.15242,1.00,1.73
2014.02.25 22:52:24.249,1.15213,1.15239,1.00,1.30
2014.02.25 22:52:24.555,1.15218,1.15241,1.00,1.30
2014.02.25 22:52:28.673,1.15218,1.15243,1.00,1.30
2014.02.25 22:52:32.733,1.15223,1.15243,1.00,1.30
2014.02.25 22:52:32.987,1.15218,1.15243,1.00,1.30
2014.02.25 22:52:33.038,1.15218,1.15246,1.00,1.30
2014.02.25 22:52:33.139,1.15218,1.15244,1.00,1.30
2014.02.25 22:52:33.476,1.15218,1.15242,1.00,1.30
2014.02.25 22:52:33.839,1.15213,1.15242,1.88,1.30
2014.02.25 22:52:33.992,1.15213,1.15242,1.00,1.30
2014.02.25 22:52:42.299,1.15214,1.15242,1.30,1.00
2014.02.25 22:52:43.424,1.15218,1.15244,1.00,1.30
2014.02.25 22:52:59.352,1.15215,1.15242,1.50,1.00
2014.02.25 22:52:59.880,1.15214,1.15242,1.30,1.00
2014.02.25 22:53:02.468,1.15215,1.15242,1.30,1.00
2014.02.25 22:53:30.220,1.15213,1.15242,1.73,1.00
2014.02.25 22:53:30.797,1.15213,1.15242,2.40,1.00
2014.02.25 22:53:30.899,1.15216,1.15242,1.30,1.00
2014.02.25 22:53:31.575,1.15217,1.15242,1.30,1.00
2014.02.25 22:53:35.769,1.15215,1.15242,1.30,1.00
2014.02.25 22:53:35.972,1.15213,1.15242,2.85,1.00
2014.02.25 22:53:37.633,1.15213,1.15243,2.85,1.30
2014.02.25 22:53:38.952,1.15213,1.15242,2.85,1.00
2014.02.25 22:53:45.179,1.15213,1.1524,2.85,1.00
2014.02.25 22:53:45.281,1.15213,1.15242,2.10,1.00
2014.02.25 22:53:45.602,1.15214,1.15237,1.00,1.00
2014.02.25 22:53:48.128,1.15214,1.15242,1.13,1.00
2014.02.25 22:53:50.116,1.15215,1.15242,1.30,1.00
2014.02.25 22:53:52.545,1.15217,1.15242,1.30,1.00
2014.02.25 22:53:52.850,1.15221,1.15242,1.00,1.00
2014.02.25 22:53:52.900,1.15217,1.15242,2.10,1.00
2014.02.25 22:53:52.950,1.1522,1.15242,1.00,1.00
2014.02.25 22:53:53.051,1.15221,1.15246,1.00,1.30
2014.02.25 22:53:53.558,1.15221,1.15247,1.00,1.73
2014.02.25 22:53:55.719,1.15221,1.15242,1.00,1.00
2014.02.25 22:53:56.799,1.15219,1.15242,1.00,1.00
2014.02.25 22:53:56.903,1.15217,1.15242,1.73,1.00
2014.02.25 22:53:58.207,1.15217,1.15247,1.73,1.30
2014.02.25 22:54:00.038,1.15217,1.15247,1.98,1.30
2014.02.25 22:54:00.241,1.15222,1.15252,1.30,1.30
2014.02.25 22:54:03.771,1.15222,1.15251,1.30,1.30
2014.02.25 22:54:03.822,1.1522,1.1525,1.30,1.30
2014.02.25 22:54:30.553,1.1522,1.15247,1.30,1.00
2014.02.25 22:54:30.724,1.15218,1.15247,1.30,1.00
2014.02.25 22:54:35.087,1.15218,1.15242,1.30,1.00
2014.02.25 22:54:39.155,1.15216,1.15242,1.30,1.00
2014.02.25 22:54:40.864,1.15218,1.15242,1.30,1.00
2014.02.25 22:54:42.223,1.15218,1.15247,1.30,1.00
2014.02.25 22:54:49.132,1.15218,1.15242,1.73,1.00
2014.02.25 22:54:51.033,1.15218,1.15232,1.73,1.00
2014.02.25 22:54:51.991,1.15218,1.15237,1.73,1.00
2014.02.25 22:55:01.327,1.15217,1.15237,2.70,1.00
2014.02.25 22:55:43.711,1.15217,1.15242,1.30,1.00
2014.02.25 22:55:45.361,1.15218,1.15247,1.00,1.73
2014.02.25 22:55:45.775,1.15219,1.15249,1.30,1.30
2014.02.25 22:55:48.662,1.15219,1.15247,1.30,1.00
2014.02.25 22:55:51.172,1.15217,1.15247,1.30,1.73
2014.02.25 22:55:52.083,1.15217,1.15242,1.30,1.00
2014.02.25 22:55:56.121,1.15217,1.15237,1.30,1.00
2014.02.25 22:56:30.006,1.15217,1.15242,1.30,1.00
2014.02.25 22:56:31.338,1.15218,1.15247,1.00,1.30
2014.02.25 22:56:32.898,1.15218,1.15249,1.73,1.30
2014.02.25 22:56:34.072,1.15223,1.15249,1.00,1.30
2014.02.25 22:56:38.140,1.15228,1.15249,1.00,1.30
2014.02.25 22:56:53.240,1.15228,1.15248,1.00,1.30
2014.02.25 22:57:01.429,1.15228,1.15249,1.00,1.30
2014.02.25 22:57:01.945,1.15228,1.1525,1.00,1.30
2014.02.25 22:57:01.996,1.15228,1.15252,1.00,1.30
2014.02.25 22:57:26.002,1.15228,1.15251,1.00,1.30
2014.02.25 22:57:28.222,1.15223,1.15251,1.00,1.30
2014.02.25 22:57:30.911,1.15223,1.15252,1.00,1.73
2014.02.25 22:57:33.140,1.15223,1.15247,1.00,1.00
2014.02.25 22:57:40.178,1.15223,1.15252,1.00,1.73
2014.02.25 22:57:41.898,1.15223,1.15249,1.00,1.30
2014.02.25 22:58:00.307,1.15223,1.15252,1.00,1.43
2014.02.25 22:58:19.122,1.15218,1.15252,1.38,1.43
2014.02.25 22:58:21.129,1.15218,1.15247,1.38,1.00
2014.02.25 22:58:22.231,1.15218,1.15252,1.38,1.43
2014.02.25 22:58:26.048,1.15223,1.15252,1.00,1.00
2014.02.25 22:58:59.998,1.15223,1.15252,1.00,1.68
2014.02.25 22:59:00.049,1.15218,1.15247,1.00,1.00
2014.02.25 22:59:00.301,1.15223,1.15251,1.00,1.28
2014.02.25 22:59:00.402,1.15218,1.15247,1.00,1.00
2014.02.25 22:59:00.605,1.15223,1.15252,1.00,1.68
2014.02.25 22:59:27.883,1.15218,1.15247,1.00,1.00
2014.02.25 22:59:28.136,1.15223,1.15252,1.00,1.68
2014.02.25 22:59:29.444,1.15223,1.15252,1.00,1.00
2014.02.25 22:59:35.923,1.15218,1.15247,1.00,1.00
2014.02.25 22:59:36.241,1.15223,1.15252,1.00,1.00
2014.02.25 22:59:59.738,1.15218,1.15247,1.43,1.00
