2018.02.16 07:00:00.203,1.15028,1.15044,2.25,1.00
2018.02.16 07:00:00.653,1.15028,1.15041,1.00,1.00
2018.02.16 07:00:01.174,1.15032,1.15042,1.37,1.00
2018.02.16 07:00:01.227,1.15032,1.15044,1.62,1.00
2018.02.16 07:00:01.280,1.15036,1.15044,1.12,1.00
2018.02.16 07:00:01.333,1.15036,1.15047,1.12,1.00
2018.02.16 07:00:01.911,1.15038,1.15047,1.00,1.00
2018.02.16 07:00:01.964,1.15035,1.15047,1.50,1.00
2018.02.16 07:00:02.520,1.15038,1.15047,1.00,1.00
2018.02.16 07:00:03.038,1.15037,1.15049,1.00,1.00
2018.02.16 07:00:03.596,1.15038,1.15049,1.00,1.00
2018.02.16 07:00:04.359,1.15037,1.15049,1.00,1.00
2018.02.16 07:00:05.428,1.15035,1.15047,1.50,1.00
2018.02.16 07:00:05.737,1.15031,1.15041,1.00,1.00
2018.02.16 07:00:06.079,1.15027,1.15038,2.25,1.00
2018.02.16 07:00:06.590,1.15028,1.15039,1.50,1.00
2018.02.16 07:00:17.948,1.15026,1.15039,1.12,1.00
2018.02.16 07:00:19.602,1.15024,1.1504,2.44,1.00
2018.02.16 07:00:20.476,1.15023,1.15038,1.25,1.50
2018.02.16 07:00:20.583,1.15021,1.15038,1.50,2.25
2018.02.16 07:00:20.635,1.15021,1.15035,1.00,1.00
2018.02.16 07:00:20.739,1.15019,1.15035,1.12,1.12
2018.02.16 07:00:20.792,1.15017,1.15033,1.69,1.12
2018.02.16 07:00:21.295,1.15018,1.15032,1.19,1.00
2018.02.16 07:00:21.505,1.15027,1.1504,1.00,1.00
2018.02.16 07:00:21.559,1.15025,1.15042,1.87,1.12
2018.02.16 07:00:21.768,1.15026,1.15041,1.31,1.00
2018.02.16 07:00:22.039,1.15025,1.1504,1.56,1.00
2018.02.16 07:00:22.377,1.15026,1.15038,1.12,1.00
2018.02.16 07:00:23.074,1.15026,1.15037,1.12,1.00
2018.02.16 07:00:24.595,1.15022,1.15037,1.25,1.37
2018.02.16 07:00:24.649,1.15022,1.15038,1.69,1.00
2018.02.16 07:00:24.857,1.15019,1.15037,2.06,1.87
2018.02.16 07:00:24.998,1.15019,1.15035,2.06,1.00
2018.02.16 07:00:25.551,1.1502,1.15035,1.00,1.00
2018.02.16 07:00:26.077,1.15019,1.15035,2.81,1.00
2018.02.16 07:00:29.650,1.1502,1.15035,1.00,1.00
2018.02.16 07:00:30.262,1.15019,1.15035,2.06,1.50
2018.02.16 07:00:30.628,1.15017,1.15034,1.01,1.12
2018.02.16 07:00:30.681,1.15016,1.15032,1.39,1.00
2018.02.16 07:00:30.994,1.15017,1.15035,2.06,1.50
2018.02.16 07:00:35.027,1.15018,1.15034,1.00,1.00
2018.02.16 07:00:35.529,1.15017,1.15033,1.00,1.00
2018.02.16 07:00:36.062,1.15017,1.15032,1.00,1.00
2018.02.16 07:00:36.389,1.15022,1.15037,1.00,1.00
2018.02.16 07:00:36.905,1.15022,1.15038,1.00,2.25
2018.02.16 07:00:37.982,1.15023,1.15038,1.00,1.50
2018.02.16 07:00:38.034,1.1502,1.15037,1.87,1.00
2018.02.16 07:00:38.542,1.1502,1.15038,1.00,3.00
2018.02.16 07:00:39.105,1.1502,1.15037,1.50,1.50
2018.02.16 07:00:40.248,1.1502,1.15037,1.19,1.12
2018.02.16 07:00:40.300,1.15023,1.15038,1.00,2.62
2018.02.16 07:00:40.642,1.15022,1.15041,2.44,1.12
2018.02.16 07:00:41.981,1.15022,1.15041,2.44,1.12
2018.02.16 07:00:42.699,1.15023,1.1504,1.31,1.00
2018.02.16 07:00:43.053,1.15021,1.15036,1.75,1.00
2018.02.16 07:00:43.106,1.1502,1.15036,3.00,1.87
2018.02.16 07:00:43.229,1.15019,1.15036,1.00,1.37
2018.02.16 07:00:43.546,1.15015,1.15031,1.50,1.00
2018.02.16 07:00:44.019,1.15019,1.15032,1.00,1.20
2018.02.16 07:00:44.125,1.1502,1.15035,1.00,1.50
2018.02.16 07:00:44.665,1.15016,1.15032,2.25,1.00
2018.02.16 07:00:44.717,1.15016,1.15032,1.00,1.12
2018.02.16 07:00:45.694,1.15015,1.15032,1.50,1.50
2018.02.16 07:00:46.136,1.15015,1.15032,1.69,1.00
2018.02.16 07:00:47.282,1.15015,1.15032,1.00,1.50
2018.02.16 07:00:47.385,1.15015,1.1503,1.00,1.00
2018.02.16 07:00:47.918,1.15015,1.15031,1.00,1.00
2018.02.16 07:00:49.013,1.15014,1.15032,3.37,1.50
2018.02.16 07:00:49.999,1.15015,1.15031,1.00,1.00
2018.02.16 07:00:50.348,1.15016,1.15031,1.50,1.00
2018.02.16 07:00:51.284,1.15014,1.15029,1.62,1.00
2018.02.16 07:00:51.790,1.15014,1.15028,1.62,1.00
2018.02.16 07:00:52.616,1.15011,1.15028,1.25,3.19
2018.02.16 07:00:52.720,1.15011,1.15025,1.19,1.00
2018.02.16 07:00:52.825,1.15012,1.15027,1.69,1.00
2018.02.16 07:00:52.928,1.15012,1.15025,1.69,1.00
2018.02.16 07:00:53.394,1.15012,1.15027,1.69,1.00
2018.02.16 07:00:53.752,1.15012,1.15029,1.69,1.50
2018.02.16 07:00:55.424,1.15012,1.15028,1.69,1.00
2018.02.16 07:00:57.665,1.15012,1.15029,1.69,1.00
2018.02.16 07:00:58.311,1.15012,1.15028,1.69,1.00
2018.02.16 07:01:00.326,1.15016,1.15028,1.00,1.00
2018.02.16 07:01:00.764,1.15015,1.1503,1.50,1.00
2018.02.16 07:01:00.817,1.15019,1.1503,1.00,1.00
2018.02.16 07:01:00.873,1.15018,1.15033,1.75,1.00
2018.02.16 07:01:00.925,1.15018,1.15031,1.75,1.00
2018.02.16 07:01:01.181,1.15019,1.15034,1.50,1.00
2018.02.16 07:01:01.716,1.15018,1.15035,2.00,1.00
2018.02.16 07:01:01.885,1.15021,1.15036,1.69,1.12
2018.02.16 07:01:01.988,1.15027,1.15041,1.12,1.00
2018.02.16 07:01:02.092,1.15028,1.15043,1.00,1.12
2018.02.16 07:01:02.144,1.15029,1.15044,1.37,1.00
2018.02.16 07:01:02.656,1.1503,1.15042,1.31,1.00
2018.02.16 07:01:02.980,1.1503,1.15045,1.31,1.00
2018.02.16 07:01:03.499,1.15029,1.15045,1.56,1.00
2018.02.16 07:01:03.603,1.1503,1.15043,1.12,1.00
2018.02.16 07:01:04.104,1.15031,1.15045,1.00,1.12
2018.02.16 07:01:04.157,1.15037,1.15043,1.00,1.00
2018.02.16 07:01:04.469,1.15031,1.15048,1.31,1.00
2018.02.16 07:01:04.522,1.15034,1.15048,1.37,1.25
2018.02.16 07:01:04.747,1.1503,1.15045,1.50,1.00
2018.02.16 07:01:05.058,1.1503,1.15043,1.50,1.00
2018.02.16 07:01:05.593,1.1503,1.15042,1.69,1.00
2018.02.16 07:01:06.110,1.15031,1.15043,1.00,1.00
2018.02.16 07:01:06.430,1.15035,1.15044,1.00,1.00
2018.02.16 07:01:06.481,1.15035,1.15046,1.25,1.00
2018.02.16 07:01:06.584,1.15035,1.1505,1.31,1.00
2018.02.16 07:01:06.686,1.15035,1.15048,2.06,1.00
2018.02.16 07:01:06.942,1.15035,1.15048,1.37,1.00
2018.02.16 07:01:06.994,1.15034,1.15045,1.50,1.00
2018.02.16 07:01:07.045,1.15031,1.15045,1.50,1.00
2018.02.16 07:01:08.334,1.15031,1.15047,3.19,1.00
2018.02.16 07:01:08.852,1.15032,1.15046,1.31,1.00
2018.02.16 07:01:09.512,1.15031,1.15045,2.44,1.00
2018.02.16 07:01:09.664,1.15035,1.15045,1.12,1.00
2018.02.16 07:01:09.871,1.15032,1.15044,1.50,1.00
2018.02.16 07:01:09.972,1.15031,1.15043,1.12,1.00
2018.02.16 07:01:10.279,1.15028,1.15041,1.85,1.00
2018.02.16 07:01:10.381,1.15028,1.15041,1.12,1.00
2018.02.16 07:01:10.433,1.15028,1.15039,1.12,1.00
2018.02.16 07:01:10.688,1.15024,1.15039,1.57,1.00
2018.02.16 07:01:11.233,1.15024,1.15038,1.57,1.00
2018.02.16 07:01:12.019,1.15024,1.15036,1.50,1.00
2018.02.16 07:01:12.562,1.15024,1.15038,1.00,1.12
2018.02.16 07:01:12.667,1.15025,1.15038,1.07,1.00
2018.02.16 07:01:13.192,1.15025,1.15038,1.10,1.00
2018.02.16 07:01:13.503,1.15027,1.15038,1.00,1.00
2018.02.16 07:01:14.139,1.15027,1.15039,1.00,1.00
2018.02.16 07:01:15.878,1.15027,1.15038,1.25,1.00
2018.02.16 07:01:15.931,1.15027,1.15041,1.19,1.00
2018.02.16 07:01:16.191,1.1503,1.15042,1.69,1.00
2018.02.16 07:01:16.792,1.1503,1.15043,1.25,1.00
2018.02.16 07:01:18.470,1.1503,1.1504,1.00,1.00
2018.02.16 07:01:18.603,1.15026,1.15039,1.00,1.00
2018.02.16 07:01:21.075,1.15026,1.1504,1.69,1.00
2018.02.16 07:01:22.110,1.15028,1.1504,1.19,1.00
2018.02.16 07:01:22.558,1.15028,1.15043,1.19,1.00
2018.02.16 07:01:23.279,1.1503,1.15043,1.69,1.00
2018.02.16 07:01:23.385,1.15034,1.15043,1.00,1.00
2018.02.16 07:01:23.764,1.15034,1.15045,1.12,1.00
2018.02.16 07:01:24.285,1.15033,1.15048,1.50,1.00
2018.02.16 07:01:24.389,1.15033,1.15044,1.95,1.00
2018.02.16 07:01:24.442,1.15034,1.15046,1.00,1.00
2018.02.16 07:01:24.702,1.15031,1.15041,1.75,1.00
2018.02.16 07:01:24.806,1.15032,1.15043,1.75,1.00
2018.02.16 07:01:25.153,1.15035,1.15046,1.00,1.00
2018.02.16 07:01:25.685,1.15034,1.15045,1.12,1.00
2018.02.16 07:01:26.368,1.15035,1.15046,1.00,1.00
2018.02.16 07:01:26.952,1.15034,1.15046,1.12,1.00
2018.02.16 07:01:29.164,1.15034,1.15045,1.12,1.00
2018.02.16 07:01:29.546,1.15032,1.15042,1.12,1.00
2018.02.16 07:01:29.753,1.15031,1.1504,1.00,1.00
2018.02.16 07:01:30.861,1.1503,1.1504,1.50,1.00
2018.02.16 07:01:31.363,1.15031,1.1504,1.00,1.00
2018.02.16 07:01:31.803,1.15028,1.15041,1.56,1.00
2018.02.16 07:01:31.969,1.15026,1.15036,1.19,1.00
2018.02.16 07:01:32.177,1.15026,1.15039,1.19,1.00
2018.02.16 07:01:32.229,1.15029,1.15039,1.00,1.00
2018.02.16 07:01:32.720,1.15026,1.15039,1.00,1.00
2018.02.16 07:01:33.252,1.15027,1.15039,1.00,1.00
2018.02.16 07:01:34.752,1.15026,1.15041,1.69,1.00
2018.02.16 07:01:35.854,1.15031,1.15041,1.25,1.00
2018.02.16 07:01:35.960,1.1503,1.15044,1.31,1.00
2018.02.16 07:01:36.215,1.15031,1.15044,1.69,1.00
2018.02.16 07:01:36.995,1.15033,1.15045,1.31,1.00
2018.02.16 07:01:37.545,1.15032,1.15044,1.50,1.00
2018.02.16 07:01:38.152,1.15032,1.15044,1.00,1.00
2018.02.16 07:01:38.204,1.1503,1.15044,1.12,1.00
2018.02.16 07:01:38.689,1.15029,1.15042,2.25,1.00
2018.02.16 07:01:39.001,1.15029,1.1504,1.00,1.00
2018.02.16 07:01:39.565,1.1503,1.1504,1.00,1.00
2018.02.16 07:01:40.171,1.15029,1.1504,1.00,1.00
2018.02.16 07:01:40.565,1.15027,1.15037,1.37,1.00
2018.02.16 07:01:40.958,1.15026,1.15039,2.44,1.00
2018.02.16 07:01:41.622,1.15027,1.1504,1.56,1.00
2018.02.16 07:01:41.926,1.15027,1.15038,1.56,1.00
2018.02.16 07:01:43.989,1.15026,1.15039,2.44,1.00
2018.02.16 07:01:46.485,1.15027,1.15041,1.56,1.00
2018.02.16 07:01:46.536,1.1503,1.15041,1.00,1.00
2018.02.16 07:01:47.047,1.15029,1.1504,1.00,1.00
2018.02.16 07:01:47.202,1.15029,1.15042,1.00,1.00
2018.02.16 07:01:47.254,1.1503,1.15042,1.69,1.00
2018.02.16 07:01:47.357,1.1503,1.15044,2.44,1.00
2018.02.16 07:01:48.260,1.1503,1.15044,1.00,1.00
2018.02.16 07:01:48.314,1.1503,1.15042,1.00,1.00
2018.02.16 07:01:48.795,1.15027,1.15041,1.31,1.00
2018.02.16 07:01:48.901,1.15027,1.15037,1.12,1.00
2018.02.16 07:01:49.288,1.15024,1.15037,2.44,1.00
2018.02.16 07:01:50.198,1.15024,1.15038,2.44,1.00
2018.02.16 07:01:50.252,1.15025,1.15034,1.12,1.00
2018.02.16 07:01:50.304,1.15025,1.15036,1.12,1.00
2018.02.16 07:01:50.511,1.15025,1.15034,1.12,1.00
2018.02.16 07:01:50.615,1.15021,1.15035,2.25,1.00
2018.02.16 07:01:50.667,1.15021,1.15033,1.00,1.00
2018.02.16 07:01:51.377,1.15021,1.15034,2.44,1.00
2018.02.16 07:01:51.587,1.15025,1.15039,1.00,1.00
2018.02.16 07:01:51.796,1.15029,1.15039,1.00,1.00
2018.02.16 07:01:51.848,1.15028,1.15041,1.12,1.00
2018.02.16 07:01:52.109,1.15029,1.15044,1.62,1.00
2018.02.16 07:01:52.358,1.15034,1.15049,1.19,1.87
2018.02.16 07:01:52.410,1.15036,1.15051,1.69,1.00
2018.02.16 07:01:52.565,1.15037,1.15054,1.69,1.12
2018.02.16 07:01:52.667,1.1504,1.15054,1.12,1.00
2018.02.16 07:01:52.974,1.15043,1.15057,1.56,1.00
2018.02.16 07:01:53.285,1.15046,1.15059,1.69,1.00
2018.02.16 07:01:54.383,1.15042,1.15057,1.12,1.31
2018.02.16 07:01:54.435,1.1504,1.15049,1.87,1.00
2018.02.16 07:01:54.487,1.15035,1.15047,1.31,1.00
2018.02.16 07:01:54.538,1.15033,1.1504,2.25,1.00
2018.02.16 07:01:54.591,1.15026,1.15038,1.76,1.00
2018.02.16 07:01:54.646,1.15024,1.15038,1.00,1.00
2018.02.16 07:01:54.697,1.15023,1.15035,1.69,1.00
2018.02.16 07:01:55.233,1.15023,1.15034,1.50,1.00
2018.02.16 07:01:55.889,1.15024,1.15034,1.00,1.00
2018.02.16 07:01:56.391,1.15023,1.15034,1.50,1.00
2018.02.16 07:01:57.160,1.15024,1.15034,1.00,1.00
2018.02.16 07:01:57.983,1.15024,1.15035,1.00,1.00
2018.02.16 07:02:02.338,1.15024,1.15036,1.19,1.00
2018.02.16 07:02:02.390,1.15027,1.15039,1.25,1.00
2018.02.16 07:02:02.443,1.15025,1.15041,1.19,1.50
2018.02.16 07:02:02.496,1.15025,1.15036,1.00,1.00
2018.02.16 07:02:02.702,1.15024,1.15038,1.25,1.00
2018.02.16 07:02:02.755,1.15025,1.15039,1.19,1.00
2018.02.16 07:02:03.279,1.15024,1.1504,1.75,1.00
2018.02.16 07:02:03.880,1.15027,1.15042,1.31,1.00
2018.02.16 07:02:03.985,1.15028,1.15043,1.75,1.00
2018.02.16 07:02:04.335,1.15028,1.15045,2.25,1.50
2018.02.16 07:02:04.838,1.15031,1.15045,1.00,1.00
2018.02.16 07:02:05.379,1.1503,1.15046,1.12,1.12
2018.02.16 07:02:05.924,1.1503,1.15046,2.14,1.12
2018.02.16 07:02:06.467,1.15031,1.15045,1.19,1.00
2018.02.16 07:02:08.423,1.15028,1.15044,2.44,1.00
2018.02.16 07:02:11.144,1.1503,1.15044,1.31,1.00
2018.02.16 07:02:11.354,1.15032,1.15049,2.81,1.00
2018.02.16 07:02:11.865,1.15036,1.15051,1.00,1.00
2018.02.16 07:02:12.284,1.15036,1.15051,1.69,1.00
2018.02.16 07:02:12.646,1.15036,1.15049,1.69,1.00
2018.02.16 07:02:13.864,1.15036,1.15052,1.50,1.00
2018.02.16 07:02:14.069,1.15036,1.15049,1.69,1.00
2018.02.16 07:02:14.588,1.15036,1.1505,1.50,1.00
2018.02.16 07:02:15.043,1.15039,1.15053,1.00,1.00
2018.02.16 07:02:15.563,1.1504,1.15055,2.44,1.00
2018.02.16 07:02:15.903,1.15043,1.15057,1.00,1.00
2018.02.16 07:02:16.006,1.15042,1.15059,2.06,1.00
2018.02.16 07:02:16.058,1.15045,1.15058,1.50,1.00
2018.02.16 07:02:16.367,1.15049,1.15058,1.00,1.00
2018.02.16 07:02:16.610,1.15049,1.15063,1.12,1.00
2018.02.16 07:02:16.663,1.15052,1.15065,1.25,1.00
2018.02.16 07:02:16.716,1.15053,1.1507,1.69,1.00
2018.02.16 07:02:17.265,1.15054,1.15071,1.19,1.00
2018.02.16 07:02:18.057,1.15053,1.15068,1.57,1.50
2018.02.16 07:02:18.447,1.15051,1.15067,1.20,1.00
2018.02.16 07:02:18.501,1.1505,1.15065,1.45,1.00
2018.02.16 07:02:18.865,1.15048,1.15066,1.20,2.25
2018.02.16 07:02:19.692,1.15051,1.15067,1.00,1.50
2018.02.16 07:02:20.455,1.15051,1.15068,1.25,1.00
2018.02.16 07:02:20.995,1.15052,1.15068,1.00,1.00
2018.02.16 07:02:21.353,1.15053,1.15066,1.00,1.00
2018.02.16 07:02:22.570,1.15053,1.15068,1.00,1.00
2018.02.16 07:02:23.101,1.15052,1.15069,1.00,1.00
2018.02.16 07:02:24.497,1.15052,1.15066,1.00,1.00
2018.02.16 07:02:26.124,1.15052,1.15067,1.00,1.00
2018.02.16 07:02:26.440,1.15051,1.15065,1.00,1.00
2018.02.16 07:02:26.951,1.1505,1.15066,1.25,1.00
2018.02.16 07:02:27.484,1.15051,1.15066,1.00,1.50
2018.02.16 07:02:27.796,1.1505,1.15064,1.00,1.00
2018.02.16 07:02:28.211,1.1505,1.15062,1.00,1.00
2018.02.16 07:02:29.168,1.15047,1.15061,2.44,1.00
2018.02.16 07:02:29.977,1.15048,1.15062,1.50,1.00
2018.02.16 07:02:30.081,1.15044,1.15063,3.64,2.06
2018.02.16 07:02:30.133,1.15044,1.1506,2.89,1.00
2018.02.16 07:02:30.186,1.15043,1.15058,1.69,1.00
2018.02.16 07:02:30.238,1.15043,1.15056,1.69,1.00
2018.02.16 07:02:30.963,1.1504,1.15056,3.56,1.00
2018.02.16 07:02:32.547,1.1504,1.15057,3.94,1.00
2018.02.16 07:02:33.378,1.15041,1.15057,1.19,1.00
2018.02.16 07:02:33.925,1.15041,1.15056,1.19,1.00
2018.02.16 07:02:35.162,1.1504,1.15056,2.81,1.00
2018.02.16 07:02:35.743,1.1504,1.15056,2.81,1.00
2018.02.16 07:02:44.358,1.15041,1.15056,1.69,1.00
2018.02.16 07:02:47.982,1.15044,1.15057,1.12,1.00
2018.02.16 07:02:48.086,1.15046,1.1506,1.00,1.00
2018.02.16 07:02:48.296,1.15048,1.15061,1.00,1.00
2018.02.16 07:02:48.802,1.15048,1.15063,1.00,1.07
2018.02.16 07:02:49.264,1.15046,1.15061,1.12,1.50
2018.02.16 07:02:49.374,1.15046,1.15057,1.50,1.00
2018.02.16 07:02:49.529,1.15046,1.15059,1.00,1.00
2018.02.16 07:02:50.386,1.15048,1.1506,1.50,1.00
2018.02.16 07:02:50.750,1.15052,1.15063,1.00,1.07
2018.02.16 07:02:51.565,1.15051,1.15063,1.00,1.07
2018.02.16 07:02:51.721,1.15052,1.15067,1.50,2.25
2018.02.16 07:02:51.773,1.15051,1.15065,1.75,1.00
2018.02.16 07:02:52.496,1.15051,1.15064,1.75,1.50
2018.02.16 07:02:52.596,1.15049,1.15064,1.50,1.50
2018.02.16 07:02:52.647,1.15048,1.1506,1.00,1.00
2018.02.16 07:02:53.165,1.15049,1.1506,1.00,1.00
2018.02.16 07:02:53.825,1.15048,1.1506,1.00,1.00
2018.02.16 07:02:55.378,1.15047,1.1506,1.00,1.00
2018.02.16 07:02:55.531,1.15045,1.1506,1.00,1.00
2018.02.16 07:02:55.634,1.15044,1.15058,1.87,1.00
2018.02.16 07:02:55.988,1.15044,1.15056,1.12,1.00
2018.02.16 07:02:56.763,1.15043,1.15054,1.50,1.00
2018.02.16 07:02:57.019,1.15043,1.15056,1.50,1.00
2018.02.16 07:02:57.546,1.15044,1.15055,1.12,1.00
2018.02.16 07:02:58.164,1.15043,1.15056,1.50,1.00
2018.02.16 07:03:00.687,1.15044,1.15057,1.12,1.00
2018.02.16 07:03:02.695,1.15044,1.15056,1.12,1.00
2018.02.16 07:03:10.376,1.15045,1.15056,1.00,1.00
2018.02.16 07:03:11.130,1.15044,1.15058,1.50,1.25
2018.02.16 07:03:11.421,1.15045,1.15056,1.12,1.00
2018.02.16 07:03:11.658,1.15045,1.15058,1.12,1.00
2018.02.16 07:03:12.501,1.15045,1.15056,1.12,1.00
2018.02.16 07:03:14.734,1.15045,1.15058,1.87,1.00
2018.02.16 07:03:14.787,1.15045,1.15058,1.75,1.00
2018.02.16 07:03:14.839,1.15049,1.15062,1.00,1.25
2018.02.16 07:03:14.942,1.15049,1.15062,1.50,1.00
2018.02.16 07:03:15.466,1.15053,1.15061,1.00,1.00
2018.02.16 07:03:15.562,1.15053,1.15063,1.00,1.00
2018.02.16 07:03:16.265,1.15052,1.15064,1.00,1.00
2018.02.16 07:03:16.904,1.15053,1.15065,1.00,1.00
2018.02.16 07:03:17.380,1.1505,1.15062,1.37,1.25
2018.02.16 07:03:17.584,1.1505,1.15064,1.37,1.00
2018.02.16 07:03:17.905,1.1505,1.15064,2.25,1.00
2018.02.16 07:03:20.143,1.15052,1.15065,1.50,1.00
2018.02.16 07:03:26.824,1.1505,1.15065,1.37,1.19
2018.02.16 07:03:27.473,1.1505,1.15063,1.37,1.00
2018.02.16 07:03:27.526,1.15054,1.15063,1.50,1.00
2018.02.16 07:03:27.795,1.15055,1.15067,1.12,1.00
2018.02.16 07:03:28.604,1.15054,1.15067,1.50,1.19
2018.02.16 07:03:29.248,1.15054,1.15069,1.50,2.06
2018.02.16 07:03:29.353,1.15051,1.15064,1.50,1.00
2018.02.16 07:03:30.138,1.15053,1.15064,1.75,1.00
2018.02.16 07:03:31.849,1.15053,1.15065,1.75,1.00
2018.02.16 07:03:33.463,1.15053,1.15064,1.75,1.00
2018.02.16 07:03:34.361,1.15053,1.15065,1.75,1.00
2018.02.16 07:03:36.169,1.15053,1.15064,1.75,1.00
2018.02.16 07:03:36.223,1.15052,1.15064,1.00,1.00
2018.02.16 07:03:36.275,1.15052,1.15062,1.00,1.00
2018.02.16 07:03:38.320,1.15051,1.15062,1.87,1.00
2018.02.16 07:03:38.856,1.15052,1.15062,1.00,1.00
2018.02.16 07:03:39.658,1.15051,1.15062,1.87,1.00
2018.02.16 07:03:39.762,1.15054,1.15066,1.00,1.00
2018.02.16 07:03:39.868,1.15058,1.15069,1.00,1.00
2018.02.16 07:03:39.922,1.15058,1.15072,1.75,1.50
2018.02.16 07:03:40.079,1.15058,1.1507,1.75,1.50
2018.02.16 07:03:40.416,1.15058,1.15067,1.00,1.00
2018.02.16 07:03:41.371,1.15055,1.15065,1.75,1.00
2018.02.16 07:03:41.423,1.15055,1.15067,1.00,1.50
2018.02.16 07:03:42.678,1.15054,1.15067,1.00,1.50
2018.02.16 07:03:42.729,1.15054,1.15064,1.00,1.00
2018.02.16 07:03:43.036,1.15053,1.15066,1.00,1.00
2018.02.16 07:03:43.148,1.15055,1.15066,1.00,1.00
2018.02.16 07:03:43.663,1.15054,1.15067,1.00,1.50
2018.02.16 07:03:44.280,1.15055,1.15067,1.75,1.00
2018.02.16 07:03:44.333,1.15056,1.15069,1.50,1.00
2018.02.16 07:03:45.094,1.15057,1.1507,1.12,1.00
2018.02.16 07:03:45.146,1.15059,1.1507,1.00,1.00
2018.02.16 07:03:45.251,1.15059,1.15072,1.37,1.00
2018.02.16 07:03:45.876,1.15058,1.15071,1.50,1.00
2018.02.16 07:03:46.308,1.15058,1.15069,1.50,1.00
2018.02.16 07:03:47.031,1.15058,1.1507,1.50,1.00
2018.02.16 07:03:48.753,1.15058,1.15069,1.50,1.00
2018.02.16 07:03:55.239,1.15062,1.15069,1.00,1.00
2018.02.16 07:03:55.783,1.15062,1.1507,1.00,1.00
2018.02.16 07:04:02.488,1.15062,1.15072,1.00,1.00
2018.02.16 07:04:03.592,1.15062,1.1507,1.00,1.00
2018.02.16 07:04:04.281,1.1506,1.1507,1.12,1.00
2018.02.16 07:04:04.801,1.1506,1.15071,1.12,1.00
2018.02.16 07:04:05.327,1.1506,1.1507,1.12,1.00
2018.02.16 07:04:06.398,1.1506,1.15069,1.12,1.00
2018.02.16 07:04:08.235,1.15059,1.1507,1.50,1.00
2018.02.16 07:04:10.236,1.15062,1.1507,1.00,1.00
2018.02.16 07:04:10.784,1.15062,1.1507,1.37,1.00
2018.02.16 07:04:10.839,1.15065,1.15073,1.50,1.00
2018.02.16 07:04:10.945,1.15065,1.15075,1.00,1.50
2018.02.16 07:04:11.171,1.15065,1.15073,1.00,1.00
2018.02.16 07:04:11.629,1.15064,1.15071,1.00,1.00
2018.02.16 07:04:12.240,1.15065,1.15071,1.00,1.00
2018.02.16 07:04:12.344,1.15062,1.15071,1.50,1.00
2018.02.16 07:04:12.948,1.15061,1.1507,1.75,1.00
2018.02.16 07:04:16.370,1.15061,1.15071,1.75,1.00
2018.02.16 07:04:17.341,1.15064,1.15072,1.00,1.00
2018.02.16 07:04:19.074,1.15068,1.15073,1.12,1.00
2018.02.16 07:04:19.178,1.15067,1.15077,1.37,1.00
2018.02.16 07:04:19.393,1.15071,1.15078,1.00,1.00
2018.02.16 07:04:19.994,1.1507,1.1508,1.50,1.00
2018.02.16 07:04:20.048,1.15072,1.1508,1.00,1.00
2018.02.16 07:04:20.364,1.15075,1.15084,1.75,1.00
2018.02.16 07:04:20.418,1.15073,1.15082,1.50,1.00
2018.02.16 07:04:20.919,1.15074,1.15083,1.12,1.00
2018.02.16 07:04:21.442,1.15071,1.15082,2.25,1.00
2018.02.16 07:04:21.954,1.15074,1.15083,1.12,1.00
2018.02.16 07:04:22.606,1.15073,1.15084,1.37,1.00
2018.02.16 07:04:23.169,1.15073,1.15083,1.37,1.00
2018.02.16 07:04:23.705,1.15072,1.15082,1.50,1.00
2018.02.16 07:04:24.232,1.15071,1.15083,1.75,1.00
2018.02.16 07:04:24.385,1.15071,1.1508,1.75,1.00
2018.02.16 07:04:24.533,1.15071,1.15082,1.75,1.00
2018.02.16 07:04:24.891,1.15071,1.15081,1.00,2.25
2018.02.16 07:04:24.945,1.15071,1.15079,1.00,1.00
2018.02.16 07:04:25.334,1.15073,1.15081,1.50,1.00
2018.02.16 07:04:25.655,1.15071,1.15083,1.12,1.00
2018.02.16 07:04:25.710,1.15071,1.15079,1.12,1.00
2018.02.16 07:04:25.967,1.15066,1.15076,1.50,1.00
2018.02.16 07:04:26.487,1.15067,1.15077,1.12,1.00
2018.02.16 07:04:27.357,1.15067,1.15078,1.12,1.00
2018.02.16 07:04:30.294,1.15067,1.15076,1.12,1.00
2018.02.16 07:04:30.450,1.15063,1.15074,1.00,1.00
2018.02.16 07:04:30.504,1.15062,1.1507,1.00,1.00
2018.02.16 07:04:30.645,1.1506,1.1507,1.00,1.00
2018.02.16 07:04:32.199,1.1506,1.15071,1.00,1.00
2018.02.16 07:04:32.832,1.1506,1.15069,1.00,1.00
2018.02.16 07:04:33.582,1.15061,1.15069,1.00,1.00
2018.02.16 07:04:35.563,1.15061,1.15069,1.50,1.00
2018.02.16 07:04:35.615,1.15061,1.15071,1.50,1.00
2018.02.16 07:04:36.186,1.1506,1.1507,1.87,1.00
2018.02.16 07:04:36.929,1.1506,1.15071,1.87,1.00
2018.02.16 07:04:37.498,1.15061,1.1507,1.37,1.00
2018.02.16 07:04:38.205,1.1506,1.15069,1.75,1.00
2018.02.16 07:04:42.535,1.15061,1.1507,1.50,1.00
2018.02.16 07:04:43.621,1.15064,1.15074,1.00,1.00
2018.02.16 07:04:43.766,1.15063,1.15076,1.75,1.00
2018.02.16 07:04:46.131,1.15067,1.15075,1.00,1.00
2018.02.16 07:04:47.405,1.15066,1.15077,1.12,1.19
2018.02.16 07:04:48.068,1.15066,1.15075,1.12,1.00
2018.02.16 07:04:48.728,1.15067,1.15075,1.00,1.00
2018.02.16 07:04:50.808,1.15066,1.15075,1.12,1.00
2018.02.16 07:04:51.566,1.15066,1.15077,1.12,1.00
2018.02.16 07:04:52.955,1.15068,1.15077,1.00,1.00
2018.02.16 07:04:53.777,1.15068,1.15078,1.00,1.00
2018.02.16 07:04:55.729,1.15068,1.15078,1.00,1.19
2018.02.16 07:05:01.309,1.15069,1.15082,1.00,1.69
2018.02.16 07:05:01.361,1.15072,1.15082,1.00,1.69
2018.02.16 07:05:04.705,1.15071,1.1508,1.37,1.19
2018.02.16 07:05:05.770,1.1507,1.15078,1.50,1.00
2018.02.16 07:05:06.303,1.1507,1.15077,1.50,1.00
2018.02.16 07:05:07.478,1.15067,1.15077,1.37,1.69
2018.02.16 07:05:08.504,1.15068,1.15076,1.12,1.00
2018.02.16 07:05:08.614,1.15068,1.1508,1.00,1.19
2018.02.16 07:05:08.667,1.15066,1.15078,1.12,1.19
2018.02.16 07:05:08.719,1.15065,1.15079,1.37,1.19
2018.02.16 07:05:08.824,1.15068,1.15078,1.12,1.00
2018.02.16 07:05:09.237,1.15069,1.1508,1.00,1.25
2018.02.16 07:05:09.288,1.15069,1.1508,1.00,1.69
2018.02.16 07:05:09.885,1.15068,1.1508,1.12,1.69
2018.02.16 07:05:10.407,1.15069,1.1508,1.00,1.19
2018.02.16 07:05:11.875,1.15069,1.15081,1.00,1.25
2018.02.16 07:05:12.436,1.15069,1.15082,1.00,1.19
2018.02.16 07:05:13.235,1.15069,1.15082,1.00,1.00
2018.02.16 07:05:13.532,1.1507,1.15085,1.50,1.00
2018.02.16 07:05:13.585,1.15073,1.1509,1.69,1.87
2018.02.16 07:05:13.689,1.15078,1.15094,1.00,2.06
2018.02.16 07:05:14.003,1.15086,1.15103,1.37,1.31
2018.02.16 07:05:14.326,1.15089,1.15104,1.00,1.56
2018.02.16 07:05:15.101,1.15089,1.15103,1.00,1.31
2018.02.16 07:05:15.415,1.15086,1.15101,1.37,1.87
2018.02.16 07:05:15.732,1.15085,1.15101,1.50,1.19
2018.02.16 07:05:15.784,1.15085,1.15103,2.44,2.81
2018.02.16 07:05:16.277,1.15086,1.15102,1.37,2.62
2018.02.16 07:05:17.045,1.15091,1.15103,1.00,1.25
2018.02.16 07:05:17.570,1.1509,1.15104,1.00,2.44
2018.02.16 07:05:18.433,1.15089,1.15101,1.00,1.25
2018.02.16 07:05:18.623,1.15084,1.15099,1.87,1.81
2018.02.16 07:05:18.676,1.15082,1.151,1.12,4.12
2018.02.16 07:05:18.942,1.15082,1.15093,1.12,1.19
2018.02.16 07:05:18.996,1.1508,1.15095,1.50,1.69
2018.02.16 07:05:19.050,1.15078,1.1509,2.25,1.25
2018.02.16 07:05:19.103,1.15075,1.1509,1.75,1.25
2018.02.16 07:05:19.156,1.15074,1.15082,1.75,1.25
2018.02.16 07:05:19.208,1.15069,1.1508,1.00,1.00
2018.02.16 07:05:19.261,1.15066,1.15082,1.87,1.69
2018.02.16 07:05:19.780,1.15066,1.1508,1.50,1.19
2018.02.16 07:05:19.831,1.15068,1.15083,1.00,1.31
2018.02.16 07:05:19.934,1.1507,1.15086,1.37,2.06
2018.02.16 07:05:20.242,1.15071,1.15084,1.12,1.69
2018.02.16 07:05:20.293,1.15068,1.15082,1.00,1.25
2018.02.16 07:05:20.346,1.15066,1.1508,1.00,1.19
2018.02.16 07:05:20.449,1.15066,1.15082,1.00,1.31
2018.02.16 07:05:20.500,1.15069,1.15083,1.50,1.37
2018.02.16 07:05:20.552,1.15069,1.15084,1.00,1.25
2018.02.16 07:05:20.722,1.15069,1.15083,1.00,1.19
2018.02.16 07:05:20.824,1.15069,1.15085,1.50,1.19
2018.02.16 07:05:20.927,1.15075,1.15089,1.00,1.69
2018.02.16 07:05:21.234,1.15076,1.1509,1.50,1.19
2018.02.16 07:05:21.388,1.15078,1.15093,1.00,2.06
2018.02.16 07:05:21.440,1.15079,1.15095,1.50,1.19
2018.02.16 07:05:21.772,1.15082,1.15094,1.00,1.69
2018.02.16 07:05:22.300,1.15079,1.15097,2.25,1.19
2018.02.16 07:05:26.877,1.15081,1.15098,1.12,1.69
2018.02.16 07:05:30.233,1.15081,1.15098,1.75,1.69
2018.02.16 07:05:30.698,1.15082,1.15093,1.50,1.00
2018.02.16 07:05:30.804,1.15079,1.15093,1.50,1.69
2018.02.16 07:05:32.628,1.15079,1.15093,1.12,1.69
2018.02.16 07:05:33.797,1.15083,1.15093,1.00,1.25
2018.02.16 07:05:33.852,1.15083,1.15097,1.50,2.25
2018.02.16 07:05:38.022,1.15081,1.15097,1.50,2.44
2018.02.16 07:05:38.357,1.15084,1.15097,1.00,1.50
2018.02.16 07:05:41.792,1.15083,1.15096,1.50,1.00
2018.02.16 07:05:42.108,1.15083,1.15094,1.00,1.25
2018.02.16 07:05:44.655,1.15083,1.15092,1.00,1.00
2018.02.16 07:05:45.295,1.15083,1.15093,1.00,1.00
2018.02.16 07:05:52.302,1.15081,1.15095,1.00,1.62
2018.02.16 07:05:52.354,1.1508,1.15096,1.12,1.87
2018.02.16 07:05:52.405,1.15081,1.15096,2.25,1.25
2018.02.16 07:05:52.570,1.15085,1.15098,1.00,1.35
2018.02.16 07:05:53.307,1.15084,1.15099,1.12,2.85
2018.02.16 07:05:53.906,1.15085,1.15097,1.00,1.00
2018.02.16 07:05:55.987,1.15082,1.15097,1.75,1.00
2018.02.16 07:05:56.299,1.15081,1.15095,1.12,2.44
2018.02.16 07:05:56.828,1.15081,1.15096,1.12,1.69
2018.02.16 07:05:57.396,1.15082,1.15095,1.00,1.00
2018.02.16 07:05:57.886,1.15079,1.15094,1.50,1.19
2018.02.16 07:06:00.476,1.15076,1.15093,2.44,2.06
2018.02.16 07:06:17.750,1.15075,1.15091,2.06,1.12
2018.02.16 07:06:18.474,1.15078,1.15093,1.00,2.62
2018.02.16 07:06:18.527,1.15078,1.15093,1.12,1.87
2018.02.16 07:06:19.280,1.15078,1.15094,1.12,2.06
2018.02.16 07:06:22.077,1.15078,1.15093,1.87,1.00
2018.02.16 07:06:22.614,1.15078,1.15094,1.31,1.31
2018.02.16 07:06:22.906,1.15081,1.15097,1.12,1.69
2018.02.16 07:06:23.163,1.15081,1.15097,1.12,1.00
2018.02.16 07:06:23.740,1.15082,1.15098,1.00,2.25
2018.02.16 07:06:23.977,1.15084,1.15098,1.00,1.00
2018.02.16 07:06:24.134,1.15081,1.15098,1.12,1.19
2018.02.16 07:06:27.724,1.15081,1.15098,1.69,1.50
2018.02.16 07:06:28.240,1.15082,1.15098,1.00,1.50
2018.02.16 07:06:32.583,1.15081,1.15098,1.12,1.50
2018.02.16 07:06:34.088,1.15081,1.15098,1.12,2.85
2018.02.16 07:06:34.140,1.15081,1.15094,1.12,1.00
2018.02.16 07:06:34.245,1.15077,1.15094,1.12,3.37
2018.02.16 07:06:35.934,1.15078,1.15094,2.44,1.00
2018.02.16 07:06:37.141,1.15083,1.15098,2.25,1.50
2018.02.16 07:06:37.835,1.15085,1.151,1.00,1.50
2018.02.16 07:06:41.538,1.15082,1.15098,2.81,1.00
2018.02.16 07:06:42.150,1.15082,1.15099,2.25,1.12
2018.02.16 07:06:45.443,1.15082,1.15099,1.69,1.37
2018.02.16 07:06:45.747,1.15084,1.15097,1.87,1.37
2018.02.16 07:06:45.801,1.15086,1.151,1.19,1.50
2018.02.16 07:06:45.855,1.15083,1.15098,2.81,1.00
2018.02.16 07:06:45.911,1.15081,1.15096,1.12,1.12
2018.02.16 07:06:45.966,1.15078,1.15092,1.31,1.00
2018.02.16 07:06:46.018,1.1508,1.15096,1.25,2.62
2018.02.16 07:06:46.071,1.15083,1.15096,1.19,1.50
2018.02.16 07:06:46.206,1.15084,1.15098,1.25,1.00
2018.02.16 07:06:46.782,1.15084,1.15098,1.19,1.00
2018.02.16 07:06:47.568,1.15085,1.151,1.87,1.00
2018.02.16 07:06:47.621,1.15089,1.15102,1.19,1.87
2018.02.16 07:06:47.966,1.15086,1.15101,1.19,1.12
2018.02.16 07:06:48.383,1.15088,1.15101,1.19,1.12
2018.02.16 07:06:48.727,1.15091,1.15104,1.19,1.65
2018.02.16 07:06:49.572,1.15091,1.15105,1.19,1.20
2018.02.16 07:06:52.139,1.15091,1.15104,1.19,1.20
2018.02.16 07:06:52.859,1.15091,1.15105,1.19,1.20
2018.02.16 07:06:54.967,1.15091,1.15104,1.19,1.20
2018.02.16 07:06:56.366,1.15091,1.15102,1.00,1.00
2018.02.16 07:06:56.418,1.15087,1.15102,1.69,1.00
2018.02.16 07:06:56.521,1.1509,1.15103,1.19,1.00
2018.02.16 07:06:56.674,1.15089,1.15103,1.69,1.00
2018.02.16 07:06:57.189,1.15089,1.15103,1.25,1.00
2018.02.16 07:06:57.743,1.15087,1.15104,1.12,2.25
2018.02.16 07:06:59.190,1.15087,1.15103,1.12,1.00
2018.02.16 07:06:59.805,1.15086,1.15102,1.31,1.87
2018.02.16 07:07:00.120,1.15086,1.15102,1.12,1.87
2018.02.16 07:07:00.172,1.15084,1.151,2.44,1.00
2018.02.16 07:07:00.486,1.15086,1.15103,2.06,1.69
2018.02.16 07:07:00.539,1.15087,1.15104,3.37,1.50
2018.02.16 07:07:00.798,1.15086,1.15103,1.87,2.25
2018.02.16 07:07:01.060,1.15087,1.15104,1.87,2.25
2018.02.16 07:07:01.162,1.15086,1.15103,1.37,2.25
2018.02.16 07:07:01.752,1.15086,1.15102,1.25,1.31
2018.02.16 07:07:02.835,1.15084,1.151,2.06,1.50
2018.02.16 07:07:03.479,1.15084,1.151,1.69,1.50
2018.02.16 07:07:06.699,1.15085,1.15102,2.06,2.06
2018.02.16 07:07:07.203,1.15088,1.15103,1.00,1.87
2018.02.16 07:07:07.310,1.15093,1.15104,1.00,1.20
2018.02.16 07:07:07.471,1.15086,1.15102,1.12,1.50
2018.02.16 07:07:07.988,1.15083,1.151,3.37,2.25
2018.02.16 07:07:08.144,1.15083,1.15099,1.50,1.50
2018.02.16 07:07:10.310,1.15083,1.151,1.69,2.25
2018.02.16 07:07:10.430,1.15084,1.15101,3.19,1.87
2018.02.16 07:07:10.534,1.15087,1.15102,1.00,1.37
2018.02.16 07:07:11.051,1.15087,1.15102,1.50,1.00
2018.02.16 07:07:11.745,1.15088,1.15102,1.12,1.19
2018.02.16 07:07:13.932,1.15088,1.15102,1.12,1.00
2018.02.16 07:07:15.821,1.15088,1.15102,1.12,1.19
2018.02.16 07:07:17.664,1.15087,1.15102,1.50,1.25
2018.02.16 07:07:22.914,1.15087,1.151,1.50,1.69
2018.02.16 07:07:22.966,1.15084,1.151,1.12,2.44
2018.02.16 07:07:23.476,1.15083,1.151,1.12,1.19
2018.02.16 07:07:23.991,1.15084,1.151,1.00,1.44
2018.02.16 07:07:24.156,1.15087,1.151,1.12,1.19
2018.02.16 07:07:26.819,1.15088,1.15104,1.00,1.62
2018.02.16 07:07:26.872,1.15089,1.15104,1.87,1.57
2018.02.16 07:07:26.926,1.15091,1.15105,1.12,1.20
2018.02.16 07:07:26.979,1.15093,1.15105,1.00,1.20
2018.02.16 07:07:27.286,1.15095,1.15104,1.00,1.20
2018.02.16 07:07:28.948,1.15096,1.15105,1.00,1.20
2018.02.16 07:07:29.797,1.15098,1.15104,1.00,1.20
2018.02.16 07:07:30.342,1.15099,1.15108,1.00,1.42
2018.02.16 07:07:31.589,1.151,1.15114,1.00,1.50
2018.02.16 07:07:32.123,1.15099,1.15114,1.00,1.50
2018.02.16 07:07:32.635,1.151,1.15114,1.00,1.00
2018.02.16 07:07:32.856,1.15102,1.15117,1.50,2.06
2018.02.16 07:07:33.391,1.15104,1.15118,1.00,1.25
2018.02.16 07:07:34.307,1.15105,1.15118,1.00,1.00
2018.02.16 07:07:34.841,1.15104,1.15119,1.00,1.31
2018.02.16 07:07:35.238,1.15102,1.15116,1.50,1.00
2018.02.16 07:07:36.135,1.15101,1.15118,2.25,1.19
2018.02.16 07:07:37.454,1.15102,1.15118,1.50,1.69
2018.02.16 07:07:42.041,1.15101,1.15117,2.25,1.00
2018.02.16 07:07:42.912,1.15101,1.15118,2.25,1.25
2018.02.16 07:07:44.097,1.15101,1.15116,2.25,1.00
2018.02.16 07:07:44.200,1.15101,1.15118,2.25,1.25
2018.02.16 07:07:44.821,1.15102,1.15117,1.50,1.00
2018.02.16 07:07:45.739,1.151,1.15116,1.25,1.50
2018.02.16 07:07:45.792,1.15101,1.15116,2.06,1.00
2018.02.16 07:07:45.844,1.15103,1.15119,1.69,1.00
2018.02.16 07:07:45.897,1.15103,1.15118,1.50,1.31
2018.02.16 07:07:45.950,1.151,1.15114,2.25,1.00
2018.02.16 07:07:46.056,1.15097,1.15115,2.62,2.44
2018.02.16 07:07:46.212,1.15099,1.15115,1.00,1.50
2018.02.16 07:07:46.733,1.15098,1.15114,1.69,1.37
2018.02.16 07:07:47.242,1.15099,1.15114,1.00,1.37
2018.02.16 07:07:48.181,1.151,1.15114,1.00,1.37
2018.02.16 07:07:48.796,1.15101,1.15115,1.00,1.00
2018.02.16 07:07:48.900,1.15101,1.15117,1.00,2.25
2018.02.16 07:07:49.447,1.15101,1.15117,1.00,3.19
2018.02.16 07:07:50.510,1.15101,1.15117,1.87,1.69
2018.02.16 07:07:50.563,1.15105,1.15119,1.00,1.50
2018.02.16 07:07:50.872,1.15108,1.15123,1.00,1.19
2018.02.16 07:07:51.919,1.15107,1.15123,2.25,1.19
2018.02.16 07:07:52.292,1.15105,1.15118,1.00,1.19
2018.02.16 07:07:52.345,1.15105,1.15118,1.00,1.00
2018.02.16 07:07:52.397,1.15104,1.15119,1.25,1.19
2018.02.16 07:07:52.449,1.15104,1.15119,1.25,1.25
2018.02.16 07:07:52.502,1.15102,1.15119,2.62,1.25
2018.02.16 07:07:53.187,1.15102,1.15118,2.62,1.00
2018.02.16 07:07:53.791,1.15102,1.15119,2.62,1.25
2018.02.16 07:07:54.301,1.15103,1.15119,1.50,1.25
2018.02.16 07:07:54.366,1.15103,1.15119,1.50,1.19
2018.02.16 07:07:54.890,1.15104,1.15116,1.00,1.19
2018.02.16 07:07:55.440,1.15103,1.15116,1.50,1.19
2018.02.16 07:07:57.282,1.15103,1.15115,1.50,1.19
2018.02.16 07:07:57.606,1.151,1.15115,1.19,1.25
2018.02.16 07:07:57.833,1.151,1.15112,1.19,1.19
2018.02.16 07:07:58.262,1.151,1.15116,1.19,1.69
2018.02.16 07:08:00.771,1.15101,1.15113,1.00,1.25
2018.02.16 07:08:00.881,1.15099,1.15113,1.12,1.25
2018.02.16 07:08:00.985,1.15101,1.15113,1.00,1.25
2018.02.16 07:08:01.442,1.15102,1.15116,1.12,1.19
2018.02.16 07:08:01.962,1.15103,1.15116,1.00,1.19
2018.02.16 07:08:02.169,1.15102,1.15114,1.00,1.19
2018.02.16 07:08:03.044,1.15102,1.15113,1.00,1.19
2018.02.16 07:08:04.487,1.151,1.15112,1.00,1.19
2018.02.16 07:08:04.790,1.15101,1.15115,1.12,1.25
2018.02.16 07:08:05.017,1.15099,1.15113,2.62,1.12
2018.02.16 07:08:05.558,1.15099,1.15114,2.25,1.37
2018.02.16 07:08:06.387,1.15096,1.15111,1.37,1.25
2018.02.16 07:08:06.781,1.15092,1.15106,1.12,1.12
2018.02.16 07:08:07.167,1.1509,1.15106,2.25,1.31
2018.02.16 07:08:07.429,1.15091,1.15107,1.37,1.19
2018.02.16 07:08:07.958,1.15093,1.15107,1.69,1.19
2018.02.16 07:08:09.149,1.15094,1.15107,1.00,1.19
2018.02.16 07:08:09.308,1.15087,1.15102,3.00,1.00
2018.02.16 07:08:10.131,1.15087,1.15101,1.12,1.00
2018.02.16 07:08:10.285,1.15087,1.15104,1.12,1.69
2018.02.16 07:08:11.521,1.15089,1.15105,1.00,2.25
2018.02.16 07:08:12.019,1.15089,1.15105,1.87,1.12
2018.02.16 07:08:12.527,1.15089,1.15105,2.25,2.06
2018.02.16 07:08:13.808,1.15088,1.15105,2.10,3.37
2018.02.16 07:08:14.067,1.15089,1.15105,1.37,1.19
2018.02.16 07:08:15.188,1.15088,1.15102,2.25,1.19
2018.02.16 07:08:16.068,1.15093,1.15106,1.00,1.31
2018.02.16 07:08:16.571,1.15094,1.15108,1.12,1.19
2018.02.16 07:08:17.837,1.15093,1.15109,1.37,1.69
2018.02.16 07:08:20.621,1.15091,1.15108,2.25,1.69
2018.02.16 07:08:22.230,1.15092,1.15108,1.50,1.69
2018.02.16 07:08:27.062,1.15094,1.1511,1.12,1.31
2018.02.16 07:08:28.114,1.15093,1.15108,1.37,1.25
2018.02.16 07:08:28.631,1.15093,1.15106,1.37,1.19
2018.02.16 07:08:29.247,1.15094,1.15108,1.12,1.25
2018.02.16 07:08:29.916,1.15093,1.15109,1.37,2.25
2018.02.16 07:08:30.460,1.15094,1.15107,1.12,1.19
2018.02.16 07:08:31.609,1.15093,1.15109,1.50,1.31
2018.02.16 07:08:32.401,1.15094,1.15108,1.12,1.19
2018.02.16 07:08:35.570,1.15093,1.15104,1.50,1.25
2018.02.16 07:08:35.674,1.1509,1.15102,1.00,1.25
2018.02.16 07:08:36.199,1.15089,1.15102,1.87,1.25
2018.02.16 07:08:38.492,1.15091,1.15106,1.00,1.00
2018.02.16 07:08:38.545,1.15095,1.15104,1.00,1.25
2018.02.16 07:08:39.020,1.15095,1.15106,1.37,1.25
2018.02.16 07:08:39.123,1.15094,1.15106,1.00,1.25
2018.02.16 07:08:39.309,1.15092,1.15106,2.25,1.25
2018.02.16 07:08:39.597,1.15095,1.15106,1.37,1.25
2018.02.16 07:08:39.919,1.15092,1.15105,1.87,1.25
2018.02.16 07:08:40.123,1.15092,1.15105,2.25,1.25
2018.02.16 07:08:41.427,1.15093,1.15105,1.00,1.25
2018.02.16 07:08:41.674,1.15095,1.15105,1.50,1.25
2018.02.16 07:08:41.983,1.15092,1.15105,2.25,1.25
2018.02.16 07:08:44.131,1.15094,1.15105,1.50,1.25
2018.02.16 07:08:44.235,1.15094,1.15108,1.50,1.25
2018.02.16 07:08:47.941,1.15094,1.15104,1.87,1.25
2018.02.16 07:08:47.993,1.15094,1.15108,1.87,1.19
2018.02.16 07:08:48.511,1.15094,1.15107,1.50,1.19
2018.02.16 07:08:49.513,1.15095,1.15107,1.00,1.19
2018.02.16 07:08:50.025,1.15094,1.15107,1.00,1.19
2018.02.16 07:08:50.592,1.15095,1.15107,1.00,1.37
2018.02.16 07:08:52.497,1.15094,1.15107,1.00,1.69
2018.02.16 07:08:53.029,1.15094,1.15107,1.50,1.19
2018.02.16 07:08:53.236,1.15094,1.15105,1.50,1.19
2018.02.16 07:08:56.916,1.15095,1.15106,1.12,1.00
2018.02.16 07:08:57.021,1.15097,1.15111,1.00,1.69
2018.02.16 07:08:57.074,1.15098,1.15111,1.37,1.25
2018.02.16 07:09:02.286,1.15099,1.15111,1.00,1.50
2018.02.16 07:09:02.338,1.15092,1.15105,1.87,1.19
2018.02.16 07:09:02.709,1.15099,1.15106,1.00,1.19
2018.02.16 07:09:02.815,1.15105,1.15114,1.00,1.00
2018.02.16 07:09:02.867,1.15108,1.15121,1.00,2.06
2018.02.16 07:09:02.920,1.1511,1.15121,1.00,1.31
2018.02.16 07:09:02.979,1.15108,1.15122,1.87,1.69
2018.02.16 07:09:03.207,1.15104,1.1512,3.00,1.31
2018.02.16 07:09:03.312,1.15104,1.1512,3.37,1.19
2018.02.16 07:09:03.830,1.15107,1.15121,1.12,1.19
2018.02.16 07:09:04.678,1.15108,1.15121,1.00,1.19
2018.02.16 07:09:05.972,1.15109,1.15121,1.00,1.19
2018.02.16 07:09:06.483,1.15108,1.15121,1.00,1.44
2018.02.16 07:09:06.833,1.15105,1.15117,1.75,1.19
2018.02.16 07:09:07.138,1.15105,1.15115,1.75,1.19
2018.02.16 07:09:07.191,1.15105,1.15117,1.75,1.19
2018.02.16 07:09:08.720,1.15105,1.1512,1.75,1.19
2018.02.16 07:09:08.773,1.1511,1.1512,1.37,1.37
2018.02.16 07:09:09.292,1.1511,1.15121,1.37,1.37
2018.02.16 07:09:09.555,1.15114,1.15127,1.50,1.81
2018.02.16 07:09:10.057,1.15116,1.15132,1.12,2.25
2018.02.16 07:09:10.162,1.15117,1.15129,1.50,1.87
2018.02.16 07:09:10.266,1.15114,1.15128,1.12,1.87
2018.02.16 07:09:10.847,1.15113,1.15127,1.87,1.44
2018.02.16 07:09:10.950,1.1511,1.15127,2.25,1.87
2018.02.16 07:09:13.184,1.15111,1.15128,1.75,1.69
2018.02.16 07:09:13.393,1.15115,1.1513,1.75,1.69
2018.02.16 07:09:14.571,1.15115,1.15131,1.50,1.56
2018.02.16 07:09:15.284,1.15115,1.15131,1.12,1.56
2018.02.16 07:09:15.859,1.15116,1.15132,1.00,3.00
2018.02.16 07:09:16.446,1.15115,1.1513,1.12,1.31
2018.02.16 07:09:17.201,1.15116,1.1513,1.00,2.06
2018.02.16 07:09:17.711,1.15115,1.15129,1.12,1.19
2018.02.16 07:09:17.868,1.15111,1.15128,2.25,1.31
2018.02.16 07:09:17.974,1.15112,1.15126,1.12,1.00
2018.02.16 07:09:18.080,1.15112,1.15128,1.12,2.06
2018.02.16 07:09:19.462,1.15113,1.15128,1.00,1.31
2018.02.16 07:09:20.323,1.15112,1.15128,1.12,1.31
2018.02.16 07:09:21.327,1.15112,1.15129,1.31,2.25
2018.02.16 07:09:21.573,1.15115,1.15131,1.00,1.75
2018.02.16 07:09:21.627,1.15116,1.15133,2.44,1.12
2018.02.16 07:09:21.731,1.1512,1.15135,1.19,1.37
2018.02.16 07:09:21.835,1.15121,1.15138,1.19,1.87
2018.02.16 07:09:21.992,1.1512,1.15135,1.69,1.00
2018.02.16 07:09:22.808,1.15119,1.15134,2.00,1.00
2018.02.16 07:09:23.119,1.15119,1.15136,2.00,1.50
2018.02.16 07:09:23.715,1.1512,1.15135,1.69,1.00
2018.02.16 07:09:23.821,1.15121,1.15137,1.69,1.12
2018.02.16 07:09:24.426,1.15124,1.15142,1.69,2.25
2018.02.16 07:09:24.750,1.15127,1.15145,1.87,2.06
2018.02.16 07:09:24.857,1.15132,1.15146,1.00,2.25
2018.02.16 07:09:25.209,1.15133,1.15149,1.75,1.50
2018.02.16 07:09:25.288,1.15133,1.15146,1.50,1.49
2018.02.16 07:09:25.344,1.1513,1.15144,1.00,1.00
2018.02.16 07:09:25.395,1.15131,1.15142,1.00,1.00
2018.02.16 07:09:25.447,1.15128,1.15142,1.50,1.00
2018.02.16 07:09:25.498,1.15127,1.15141,1.00,1.00
2018.02.16 07:09:26.011,1.15124,1.1514,2.25,1.00
2018.02.16 07:09:26.063,1.15125,1.15142,1.50,1.87
2018.02.16 07:09:26.558,1.15125,1.15142,1.50,1.69
2018.02.16 07:09:26.661,1.15124,1.1514,1.87,1.31
2018.02.16 07:09:26.817,1.15124,1.15141,2.25,1.69
2018.02.16 07:09:27.335,1.15125,1.15141,1.50,1.00
2018.02.16 07:09:27.877,1.15124,1.15142,1.75,1.00
2018.02.16 07:09:28.393,1.15124,1.15142,1.50,1.19
2018.02.16 07:09:28.896,1.15124,1.1514,1.50,1.00
2018.02.16 07:09:29.000,1.15126,1.15143,1.50,1.25
2018.02.16 07:09:29.213,1.15129,1.15146,1.00,1.00
2018.02.16 07:09:29.529,1.15133,1.15151,1.12,3.00
2018.02.16 07:09:29.837,1.15135,1.1515,1.00,1.31
2018.02.16 07:09:29.889,1.15133,1.1515,1.87,1.00
2018.02.16 07:09:30.410,1.15134,1.15151,1.50,1.69
2018.02.16 07:09:30.903,1.15136,1.15152,1.00,1.69
2018.02.16 07:09:31.057,1.15132,1.1515,2.25,1.69
2018.02.16 07:09:31.109,1.15131,1.15149,2.62,1.00
2018.02.16 07:09:31.314,1.15132,1.1515,3.00,1.25
2018.02.16 07:09:31.417,1.15135,1.15152,1.87,1.12
2018.02.16 07:09:31.468,1.15138,1.15154,1.00,1.50
2018.02.16 07:09:31.818,1.15138,1.15154,1.00,1.19
2018.02.16 07:09:31.921,1.15138,1.15156,1.12,1.25
2018.02.16 07:09:32.075,1.15139,1.15154,1.00,1.19
2018.02.16 07:09:32.178,1.15141,1.15156,1.00,1.00
2018.02.16 07:09:32.233,1.15143,1.15159,1.00,1.00
2018.02.16 07:09:32.286,1.15147,1.15163,1.12,2.25
2018.02.16 07:09:32.852,1.15146,1.15161,1.50,1.50
2018.02.16 07:09:33.908,1.15146,1.15163,1.87,1.00
2018.02.16 07:09:33.961,1.15149,1.15164,1.00,1.25
2018.02.16 07:09:34.375,1.15145,1.1516,1.75,1.50
2018.02.16 07:09:34.553,1.15142,1.1516,2.06,1.00
2018.02.16 07:09:34.765,1.1514,1.15157,1.12,1.00
2018.02.16 07:09:34.818,1.15139,1.15157,2.44,1.50
2018.02.16 07:09:34.871,1.15139,1.15155,2.44,1.00
2018.02.16 07:09:35.875,1.15139,1.15157,2.44,1.50
2018.02.16 07:09:36.389,1.1514,1.15156,1.50,1.00
2018.02.16 07:09:36.938,1.1514,1.15157,1.00,1.00
2018.02.16 07:09:40.088,1.1514,1.15156,1.12,1.00
2018.02.16 07:09:40.397,1.15145,1.1516,1.00,1.12
2018.02.16 07:09:40.900,1.15145,1.15161,1.12,1.25
2018.02.16 07:09:41.408,1.15146,1.15161,1.00,1.25
2018.02.16 07:09:41.760,1.15141,1.15157,1.75,1.00
2018.02.16 07:09:41.814,1.1514,1.1516,4.31,2.25
2018.02.16 07:09:41.870,1.15141,1.15158,1.31,1.00
2018.02.16 07:09:42.234,1.15143,1.15159,2.00,1.00
2018.02.16 07:09:42.874,1.15144,1.15158,1.50,1.50
2018.02.16 07:09:43.576,1.15142,1.15157,1.00,1.00
2018.02.16 07:09:43.791,1.15141,1.15153,1.00,1.00
2018.02.16 07:09:43.845,1.15137,1.15154,1.00,1.00
2018.02.16 07:09:44.359,1.15136,1.15154,2.62,1.25
2018.02.16 07:09:44.566,1.15137,1.15154,1.75,1.69
2018.02.16 07:09:44.618,1.15141,1.15157,1.00,1.12
2018.02.16 07:09:44.723,1.15139,1.15154,1.37,1.00
2018.02.16 07:09:45.187,1.15139,1.15156,1.56,1.00
2018.02.16 07:09:47.215,1.15138,1.15154,2.25,1.00
2018.02.16 07:09:49.787,1.15138,1.15156,2.25,1.00
2018.02.16 07:09:49.839,1.15142,1.15156,1.00,1.00
2018.02.16 07:09:50.199,1.15138,1.15154,1.37,1.00
2018.02.16 07:09:50.251,1.15141,1.15156,1.00,1.50
2018.02.16 07:09:50.800,1.1514,1.15156,1.12,1.00
2018.02.16 07:09:51.498,1.15141,1.15156,1.00,1.00
2018.02.16 07:09:52.153,1.1514,1.15155,1.12,1.00
2018.02.16 07:09:53.206,1.15141,1.15155,1.00,1.00
2018.02.16 07:09:53.674,1.15137,1.15154,1.50,1.12
2018.02.16 07:09:54.777,1.15137,1.15153,1.37,1.00
2018.02.16 07:09:55.325,1.15137,1.15154,1.37,1.87
2018.02.16 07:09:59.920,1.15138,1.15153,1.12,1.00
2018.02.16 07:10:00.024,1.15138,1.1515,1.12,1.00
2018.02.16 07:10:00.232,1.15133,1.15149,1.87,1.00
2018.02.16 07:10:00.284,1.15132,1.15146,1.50,1.00
2018.02.16 07:10:00.337,1.15129,1.15147,1.69,1.50
2018.02.16 07:10:00.852,1.15129,1.15146,2.25,1.00
2018.02.16 07:10:02.382,1.15129,1.15144,1.00,1.00
2018.02.16 07:10:02.603,1.15126,1.15143,1.00,2.06
2018.02.16 07:10:02.868,1.15123,1.1514,2.25,2.44
2018.02.16 07:10:03.215,1.15119,1.15135,1.00,1.37
2018.02.16 07:10:03.267,1.1512,1.15136,1.00,1.00
2018.02.16 07:10:03.531,1.1512,1.15133,1.00,1.00
2018.02.16 07:10:03.585,1.15116,1.15134,1.31,1.87
2018.02.16 07:10:05.041,1.15117,1.15133,1.00,1.00
2018.02.16 07:10:05.614,1.15117,1.15134,1.00,1.12
2018.02.16 07:10:06.216,1.15117,1.15133,1.50,1.00
2018.02.16 07:10:06.713,1.15121,1.15138,1.37,1.12
2018.02.16 07:10:07.616,1.15123,1.15139,1.00,1.87
2018.02.16 07:10:08.852,1.15122,1.15139,1.12,1.62
2018.02.16 07:10:09.497,1.15123,1.15139,1.00,2.06
2018.02.16 07:10:10.047,1.15121,1.15138,1.37,3.37
2018.02.16 07:10:10.848,1.15115,1.15133,3.00,1.50
2018.02.16 07:10:11.155,1.15115,1.1513,1.00,1.12
2018.02.16 07:10:11.566,1.15112,1.15126,2.81,1.00
2018.02.16 07:10:11.619,1.15112,1.15128,1.50,1.00
2018.02.16 07:10:11.672,1.15111,1.15127,1.75,2.44
2018.02.16 07:10:11.725,1.1511,1.15128,1.50,3.00
2018.02.16 07:10:11.829,1.15115,1.1513,1.12,3.19
2018.02.16 07:10:12.040,1.15116,1.1513,1.00,1.50
2018.02.16 07:10:12.144,1.15116,1.15127,1.00,1.00
2018.02.16 07:10:12.355,1.15113,1.15132,1.75,4.50
2018.02.16 07:10:12.858,1.15114,1.15128,1.50,1.00
2018.02.16 07:10:12.910,1.15114,1.15131,1.50,2.25
2018.02.16 07:10:13.168,1.15114,1.1513,1.50,1.69
2018.02.16 07:10:13.420,1.15113,1.1513,1.75,1.19
2018.02.16 07:10:14.167,1.15114,1.15131,1.50,1.31
2018.02.16 07:10:14.528,1.15117,1.15132,1.00,1.69
2018.02.16 07:10:15.069,1.15116,1.15132,1.00,1.50
2018.02.16 07:10:15.494,1.15118,1.15135,1.37,2.06
2018.02.16 07:10:16.064,1.15122,1.15135,1.00,1.37
2018.02.16 07:10:16.117,1.15122,1.15138,1.50,1.87
2018.02.16 07:10:16.786,1.15118,1.15136,1.12,1.31
2018.02.16 07:10:17.516,1.15118,1.15136,1.87,1.12
2018.02.16 07:10:17.572,1.15122,1.15138,1.50,1.00
2018.02.16 07:10:18.702,1.15122,1.15141,1.50,2.44
2018.02.16 07:10:19.214,1.15122,1.15141,1.50,2.44
2018.02.16 07:10:20.102,1.15125,1.1514,1.12,1.25
2018.02.16 07:10:20.611,1.15126,1.1514,1.00,1.25
2018.02.16 07:10:21.246,1.15123,1.15138,1.75,1.00
2018.02.16 07:10:21.298,1.15122,1.15138,2.25,1.00
2018.02.16 07:10:22.492,1.15124,1.1514,1.00,1.56
2018.02.16 07:10:23.219,1.15125,1.15141,1.00,1.69
2018.02.16 07:10:23.803,1.15124,1.1514,1.00,1.56
2018.02.16 07:10:24.399,1.15125,1.1514,1.00,1.56
2018.02.16 07:10:25.007,1.15124,1.1514,1.00,1.37
2018.02.16 07:10:25.525,1.15125,1.1514,1.00,1.56
2018.02.16 07:10:28.518,1.15122,1.1514,1.87,2.06
2018.02.16 07:10:29.038,1.15123,1.1514,1.50,1.87
2018.02.16 07:10:29.091,1.15123,1.1514,1.87,2.06
2018.02.16 07:10:29.271,1.15121,1.15139,2.62,1.00
2018.02.16 07:10:29.324,1.15121,1.15136,1.00,1.00
2018.02.16 07:10:29.958,1.15121,1.15137,1.12,1.00
2018.02.16 07:10:30.267,1.15121,1.15139,1.87,1.69
2018.02.16 07:10:30.824,1.15122,1.15138,1.00,1.25
2018.02.16 07:10:31.041,1.15126,1.15138,1.25,1.00
2018.02.16 07:10:31.095,1.15128,1.15142,1.00,1.00
2018.02.16 07:10:31.415,1.15129,1.15144,1.56,1.37
2018.02.16 07:10:31.623,1.15129,1.15144,1.12,1.37
2018.02.16 07:10:31.883,1.15129,1.15144,1.37,1.37
2018.02.16 07:10:32.732,1.15129,1.15147,1.50,1.87
2018.02.16 07:10:32.785,1.15129,1.15147,1.12,1.87
2018.02.16 07:10:32.838,1.15132,1.15147,1.00,1.87
2018.02.16 07:10:32.892,1.15129,1.15147,2.06,1.37
2018.02.16 07:10:32.946,1.15129,1.15147,3.19,1.37
2018.02.16 07:10:33.104,1.15131,1.15148,1.50,1.00
2018.02.16 07:10:33.158,1.1513,1.15147,1.87,1.37
2018.02.16 07:10:33.474,1.1514,1.15156,1.19,1.50
2018.02.16 07:10:33.578,1.15134,1.1515,1.50,1.00
2018.02.16 07:10:33.635,1.15134,1.1515,2.06,1.00
2018.02.16 07:10:33.742,1.15132,1.1515,3.19,2.25
2018.02.16 07:10:33.847,1.15137,1.15148,1.19,1.00
2018.02.16 07:10:34.091,1.15139,1.15153,1.56,1.50
2018.02.16 07:10:34.144,1.15143,1.15152,1.19,1.12
2018.02.16 07:10:34.252,1.15143,1.15157,1.19,1.12
2018.02.16 07:10:34.462,1.15143,1.15158,1.56,1.37
2018.02.16 07:10:34.826,1.15144,1.15157,1.56,1.50
2018.02.16 07:10:36.063,1.15143,1.15157,1.50,1.50
2018.02.16 07:10:36.115,1.15143,1.15157,2.25,1.12
2018.02.16 07:10:36.167,1.15141,1.15155,1.37,1.00
2018.02.16 07:10:36.280,1.15139,1.15156,2.81,1.00
2018.02.16 07:10:36.335,1.15137,1.1515,1.00,1.37
2018.02.16 07:10:36.491,1.15135,1.15149,1.87,1.12
2018.02.16 07:10:37.186,1.15134,1.15149,1.25,1.12
2018.02.16 07:10:37.689,1.15133,1.15146,1.50,1.00
2018.02.16 07:10:38.271,1.15132,1.15147,1.56,1.12
2018.02.16 07:10:38.711,1.15132,1.15146,1.12,1.00
2018.02.16 07:10:39.089,1.15128,1.15146,1.87,1.69
2018.02.16 07:10:39.347,1.1513,1.15145,1.00,1.37
2018.02.16 07:10:39.451,1.15128,1.15145,2.06,1.37
2018.02.16 07:10:39.502,1.1513,1.15145,1.00,1.37
2018.02.16 07:10:39.997,1.1513,1.15142,1.00,1.75
2018.02.16 07:10:40.048,1.15127,1.15141,1.50,1.50
2018.02.16 07:10:40.204,1.1513,1.15144,1.50,1.50
2018.02.16 07:10:40.358,1.15133,1.15147,1.00,1.50
2018.02.16 07:10:41.083,1.15133,1.15148,1.50,1.12
2018.02.16 07:10:41.134,1.15138,1.1515,1.00,1.12
2018.02.16 07:10:41.186,1.15139,1.15151,1.50,3.00
2018.02.16 07:10:41.237,1.15139,1.15156,1.87,3.00
2018.02.16 07:10:41.289,1.1514,1.15155,1.00,1.00
2018.02.16 07:10:41.560,1.15139,1.15156,1.87,1.75
2018.02.16 07:10:43.010,1.15141,1.15155,1.00,1.00
2018.02.16 07:10:43.376,1.15144,1.15158,1.50,1.50
2018.02.16 07:10:43.430,1.15146,1.15159,1.00,1.00
2018.02.16 07:10:43.535,1.15144,1.15161,1.50,2.25
2018.02.16 07:10:43.588,1.15147,1.1516,1.50,1.50
2018.02.16 07:10:43.744,1.15148,1.15163,1.00,1.00
2018.02.16 07:10:44.004,1.15145,1.15163,2.25,1.69
2018.02.16 07:10:44.107,1.15145,1.15159,1.50,1.00
2018.02.16 07:10:44.159,1.15142,1.15158,1.37,1.00
2018.02.16 07:10:44.210,1.15142,1.15154,1.37,1.25
2018.02.16 07:10:44.263,1.15136,1.15153,2.44,1.50
2018.02.16 07:10:44.518,1.1514,1.15153,1.00,1.50
2018.02.16 07:10:44.620,1.15139,1.15153,1.87,1.00
2018.02.16 07:10:45.167,1.15139,1.15153,1.00,1.00
2018.02.16 07:10:46.110,1.15139,1.15153,1.69,1.00
2018.02.16 07:10:46.608,1.15137,1.15153,1.50,1.50
2018.02.16 07:10:46.660,1.15137,1.15151,1.00,1.00
2018.02.16 07:10:46.993,1.15135,1.15151,1.87,1.50
2018.02.16 07:10:47.460,1.15139,1.15153,1.00,1.37
2018.02.16 07:10:47.772,1.15142,1.15154,1.00,1.50
2018.02.16 07:10:47.876,1.15141,1.15154,1.56,1.00
2018.02.16 07:10:47.928,1.15146,1.15159,1.25,2.25
2018.02.16 07:10:48.032,1.15144,1.1516,1.50,1.12
2018.02.16 07:10:48.084,1.15142,1.15158,1.87,1.75
2018.02.16 07:10:49.489,1.15141,1.15158,1.00,1.75
2018.02.16 07:10:49.802,1.15136,1.15151,1.50,1.50
2018.02.16 07:10:50.173,1.15137,1.15151,1.69,1.50
2018.02.16 07:10:50.623,1.15142,1.15155,1.00,1.50
2018.02.16 07:10:50.726,1.15144,1.15158,1.69,1.12
2018.02.16 07:10:50.829,1.15146,1.15162,1.00,2.62
2018.02.16 07:10:52.083,1.15143,1.15162,3.75,1.94
2018.02.16 07:10:53.470,1.15144,1.15161,1.57,1.50
2018.02.16 07:10:53.522,1.15147,1.15161,1.00,1.50
2018.02.16 07:10:53.626,1.15147,1.15163,1.12,1.37
2018.02.16 07:10:53.730,1.15152,1.15163,1.37,1.37
2018.02.16 07:10:53.784,1.15155,1.15166,1.12,2.81
2018.02.16 07:10:53.889,1.15157,1.15168,1.12,2.06
2018.02.16 07:10:54.229,1.15156,1.1517,1.00,1.12
2018.02.16 07:10:54.745,1.15155,1.15171,2.44,1.37
2018.02.16 07:10:54.852,1.15154,1.15167,1.00,1.00
2018.02.16 07:10:54.906,1.15151,1.15166,1.12,1.50
2018.02.16 07:10:55.227,1.15153,1.15163,1.00,1.00
2018.02.16 07:10:55.279,1.15151,1.15166,2.25,2.62
2018.02.16 07:10:55.385,1.15149,1.15167,2.06,2.25
2018.02.16 07:10:55.489,1.15147,1.15163,1.31,1.50
2018.02.16 07:10:55.911,1.15149,1.15163,1.00,1.50
2018.02.16 07:10:56.573,1.15147,1.15162,1.31,1.00
2018.02.16 07:10:57.121,1.1515,1.15163,1.19,1.00
2018.02.16 07:10:57.330,1.1515,1.15165,1.56,1.12
2018.02.16 07:10:58.753,1.15152,1.15165,1.37,1.12
2018.02.16 07:10:58.873,1.15148,1.15166,2.62,1.37
2018.02.16 07:10:58.979,1.15147,1.15162,2.25,1.00
2018.02.16 07:10:59.032,1.15145,1.15162,1.87,1.50
2018.02.16 07:10:59.447,1.15144,1.15159,1.12,1.00
2018.02.16 07:10:59.828,1.15143,1.15156,1.00,1.12
2018.02.16 07:11:00.988,1.15141,1.15156,1.62,1.12
2018.02.16 07:11:01.041,1.15138,1.15154,1.37,1.50
2018.02.16 07:11:01.145,1.15136,1.15151,1.00,1.50
2018.02.16 07:11:01.751,1.15136,1.15151,1.19,1.50
2018.02.16 07:11:02.477,1.15135,1.15151,1.87,1.50
2018.02.16 07:11:02.981,1.15135,1.1515,1.87,1.37
2018.02.16 07:11:03.828,1.15135,1.1515,1.87,1.37
2018.02.16 07:11:03.881,1.1514,1.15155,1.25,1.50
2018.02.16 07:11:04.090,1.15141,1.15155,1.62,1.50
2018.02.16 07:11:04.639,1.15141,1.15154,1.50,1.00
2018.02.16 07:11:05.247,1.15141,1.15155,1.62,1.50
2018.02.16 07:11:05.777,1.15141,1.15155,1.62,1.50
2018.02.16 07:11:05.881,1.15141,1.15157,2.62,1.12
2018.02.16 07:11:08.773,1.15145,1.15158,1.56,1.00
2018.02.16 07:11:08.899,1.15146,1.15161,1.31,1.50
2018.02.16 07:11:09.059,1.15146,1.15161,1.19,1.50
2018.02.16 07:11:09.382,1.15148,1.15165,1.69,1.00
2018.02.16 07:11:11.036,1.15149,1.15166,1.19,2.25
2018.02.16 07:11:11.092,1.15149,1.15165,1.56,1.00
2018.02.16 07:11:11.618,1.15149,1.15166,2.06,1.87
2018.02.16 07:11:12.699,1.15149,1.15166,2.14,1.87
2018.02.16 07:11:13.232,1.15148,1.15166,3.26,1.87
2018.02.16 07:11:13.330,1.15148,1.15166,3.26,1.87
2018.02.16 07:11:13.486,1.15148,1.15166,1.25,2.62
2018.02.16 07:11:13.591,1.15145,1.15161,1.00,1.12
2018.02.16 07:11:13.957,1.15138,1.15155,2.06,1.00
2018.02.16 07:11:14.506,1.15139,1.15155,1.12,1.00
2018.02.16 07:11:15.315,1.1514,1.15155,1.00,1.00
2018.02.16 07:11:15.908,1.15139,1.15155,1.00,1.25
2018.02.16 07:11:16.519,1.15138,1.15153,1.00,1.00
2018.02.16 07:11:17.088,1.15138,1.15154,1.00,1.00
2018.02.16 07:11:17.613,1.15139,1.15154,1.00,1.50
2018.02.16 07:11:18.173,1.15137,1.15153,2.62,1.12
2018.02.16 07:11:19.373,1.15136,1.15153,1.69,1.75
2018.02.16 07:11:19.685,1.15136,1.15153,1.69,1.75
2018.02.16 07:11:20.682,1.15136,1.1515,1.31,1.00
2018.02.16 07:11:21.192,1.15136,1.15149,1.25,1.00
2018.02.16 07:11:22.565,1.15136,1.15149,1.19,1.00
2018.02.16 07:11:26.037,1.15133,1.15145,1.00,1.00
2018.02.16 07:11:26.140,1.1513,1.15146,2.06,1.00
2018.02.16 07:11:26.613,1.15128,1.15145,1.25,1.12
2018.02.16 07:11:26.665,1.15127,1.15143,1.12,1.00
2018.02.16 07:11:27.008,1.15125,1.15141,1.19,1.50
2018.02.16 07:11:28.395,1.15124,1.15141,1.69,1.69
2018.02.16 07:11:29.094,1.15123,1.15141,2.06,1.50
2018.02.16 07:11:29.548,1.15123,1.15141,1.12,1.50
2018.02.16 07:11:30.400,1.15123,1.15141,1.31,1.50
2018.02.16 07:11:31.875,1.15127,1.1514,1.44,1.37
2018.02.16 07:11:31.928,1.15128,1.15142,1.25,1.00
2018.02.16 07:11:31.980,1.15126,1.15142,2.06,1.00
2018.02.16 07:11:32.032,1.15126,1.15142,2.06,1.00
2018.02.16 07:11:32.506,1.15126,1.1514,1.31,1.00
2018.02.16 07:11:33.065,1.15125,1.15141,1.69,1.00
2018.02.16 07:11:33.774,1.15125,1.15142,1.19,1.19
2018.02.16 07:11:34.383,1.15125,1.15141,1.19,1.25
2018.02.16 07:11:34.974,1.15126,1.15141,1.19,1.00
2018.02.16 07:11:35.254,1.15129,1.15145,1.25,1.00
2018.02.16 07:11:36.697,1.15128,1.15145,1.69,1.00
2018.02.16 07:11:36.804,1.15127,1.15145,1.25,1.75
2018.02.16 07:11:37.117,1.15122,1.1514,4.31,1.50
2018.02.16 07:11:37.650,1.15124,1.1514,1.00,1.50
2018.02.16 07:11:38.914,1.15123,1.15139,2.62,1.12
2018.02.16 07:11:41.665,1.1512,1.15136,1.00,1.12
2018.02.16 07:11:41.977,1.15114,1.15131,3.19,1.00
2018.02.16 07:11:42.987,1.15114,1.15131,2.06,1.00
2018.02.16 07:11:43.196,1.15113,1.1513,1.69,1.50
2018.02.16 07:11:44.123,1.15113,1.1513,1.19,2.25
2018.02.16 07:11:44.174,1.15111,1.15125,1.19,1.12
2018.02.16 07:11:44.922,1.1511,1.15126,1.00,1.37
2018.02.16 07:11:45.445,1.15109,1.15126,1.31,1.37
2018.02.16 07:11:46.398,1.15109,1.15123,1.69,1.50
2018.02.16 07:11:46.452,1.15109,1.15125,2.06,1.50
2018.02.16 07:11:47.021,1.15109,1.15126,1.31,1.75
2018.02.16 07:11:47.900,1.15112,1.15129,1.25,1.12
2018.02.16 07:11:47.952,1.15112,1.15128,1.69,1.00
2018.02.16 07:11:48.485,1.15111,1.15129,2.44,1.12
2018.02.16 07:11:49.020,1.15112,1.15128,1.69,1.00
2018.02.16 07:11:49.072,1.15112,1.15128,1.19,1.00
2018.02.16 07:11:49.618,1.15112,1.15129,1.31,1.12
2018.02.16 07:11:49.773,1.15111,1.15127,1.62,1.75
2018.02.16 07:11:50.893,1.15111,1.15126,2.06,1.50
2018.02.16 07:11:51.208,1.15109,1.15122,1.00,1.00
2018.02.16 07:11:51.998,1.15108,1.15123,1.00,1.31
2018.02.16 07:11:52.822,1.15109,1.15122,1.00,1.00
2018.02.16 07:11:53.414,1.1511,1.15122,1.00,1.00
2018.02.16 07:11:53.960,1.15109,1.15123,1.00,1.12
2018.02.16 07:11:55.137,1.15112,1.15122,1.00,1.00
2018.02.16 07:11:55.673,1.15112,1.15119,1.00,1.12
2018.02.16 07:11:56.139,1.15109,1.15119,1.00,1.12
2018.02.16 07:11:56.725,1.15108,1.1512,1.00,1.37
2018.02.16 07:11:56.883,1.15109,1.15123,1.00,1.50
2018.02.16 07:11:58.064,1.15111,1.15125,1.00,1.00
2018.02.16 07:11:58.192,1.15114,1.1513,3.19,1.12
2018.02.16 07:11:58.246,1.15116,1.15131,1.69,1.37
2018.02.16 07:11:58.351,1.15118,1.15135,1.69,1.50
2018.02.16 07:11:58.507,1.15117,1.15136,3.56,2.44
2018.02.16 07:11:58.665,1.15118,1.15133,1.50,1.69
2018.02.16 07:11:58.876,1.15121,1.15136,1.50,1.00
2018.02.16 07:11:59.490,1.15121,1.15136,1.50,1.00
2018.02.16 07:12:00.191,1.15121,1.15136,1.50,1.00
2018.02.16 07:12:00.805,1.15121,1.15137,1.50,1.87
2018.02.16 07:12:01.302,1.15119,1.15135,1.12,2.62
2018.02.16 07:12:01.622,1.1512,1.15136,1.37,1.25
2018.02.16 07:12:02.173,1.1512,1.15137,1.37,1.12
2018.02.16 07:12:02.683,1.1512,1.15137,1.37,2.06
2018.02.16 07:12:05.443,1.1512,1.15137,1.00,2.44
2018.02.16 07:12:06.340,1.1512,1.15137,1.12,1.12
2018.02.16 07:12:07.721,1.15119,1.15135,2.25,1.19
2018.02.16 07:12:09.156,1.1512,1.15137,1.87,1.31
2018.02.16 07:12:09.483,1.1512,1.15135,2.81,1.19
2018.02.16 07:12:10.374,1.1512,1.15136,1.12,1.25
2018.02.16 07:12:10.427,1.1512,1.15134,1.12,1.25
2018.02.16 07:12:10.535,1.1512,1.15137,2.62,2.06
2018.02.16 07:12:11.073,1.1512,1.15137,1.87,1.31
2018.02.16 07:12:12.496,1.1512,1.15136,2.81,1.25
2018.02.16 07:12:14.453,1.1512,1.15135,2.81,1.25
2018.02.16 07:12:23.222,1.1512,1.15138,1.12,3.37
2018.02.16 07:12:24.859,1.1512,1.15138,1.12,3.37
2018.02.16 07:12:25.481,1.1512,1.15135,1.00,1.00
2018.02.16 07:12:26.279,1.1512,1.15136,1.50,1.69
2018.02.16 07:12:26.492,1.15121,1.15138,1.50,1.31
2018.02.16 07:12:26.805,1.15123,1.15137,1.12,1.19
2018.02.16 07:12:27.064,1.1512,1.15135,1.00,1.69
2018.02.16 07:12:27.208,1.15123,1.15136,1.00,1.00
2018.02.16 07:12:27.473,1.15116,1.15131,1.00,1.25
2018.02.16 07:12:28.022,1.15116,1.15132,1.50,1.00
2018.02.16 07:12:30.099,1.15116,1.1513,1.00,1.25
2018.02.16 07:12:30.495,1.15116,1.15132,1.00,1.69
2018.02.16 07:12:31.238,1.15116,1.15131,1.00,1.00
2018.02.16 07:12:31.765,1.15116,1.15132,2.25,1.00
2018.02.16 07:12:32.280,1.15117,1.15132,1.00,1.00
2018.02.16 07:12:37.259,1.15116,1.15131,1.00,1.00
2018.02.16 07:12:37.363,1.15115,1.1513,1.00,1.19
2018.02.16 07:12:37.586,1.15116,1.15132,2.25,1.69
2018.02.16 07:12:37.855,1.15118,1.15132,1.87,1.00
2018.02.16 07:12:39.240,1.15118,1.1513,1.00,1.25
2018.02.16 07:12:39.293,1.15116,1.1513,1.00,1.25
2018.02.16 07:12:39.400,1.15115,1.15127,1.12,1.19
2018.02.16 07:12:39.511,1.15112,1.15127,1.50,1.31
2018.02.16 07:12:40.246,1.15112,1.15129,3.00,1.69
2018.02.16 07:12:40.418,1.15113,1.1513,1.50,3.19
2018.02.16 07:12:41.419,1.15112,1.15128,2.25,1.44
2018.02.16 07:12:41.524,1.15108,1.15124,1.87,1.31
2018.02.16 07:12:41.787,1.15109,1.15122,1.00,1.19
2018.02.16 07:12:41.890,1.15106,1.1512,1.00,1.00
2018.02.16 07:12:42.423,1.15106,1.15121,1.00,1.31
2018.02.16 07:12:44.028,1.15105,1.15121,1.50,1.12
2018.02.16 07:12:44.081,1.1511,1.15123,1.50,1.75
2018.02.16 07:12:44.185,1.15111,1.15126,1.00,1.12
2018.02.16 07:12:44.444,1.15109,1.15124,3.07,1.00
2018.02.16 07:12:44.676,1.15113,1.1513,1.00,3.19
2018.02.16 07:12:44.781,1.15112,1.15127,3.00,1.25
2018.02.16 07:12:46.362,1.15112,1.15128,1.50,1.00
2018.02.16 07:12:46.970,1.15112,1.15127,1.50,1.00
2018.02.16 07:12:47.550,1.15112,1.15128,1.50,1.69
2018.02.16 07:12:48.675,1.15112,1.15127,1.50,1.00
2018.02.16 07:12:49.277,1.15111,1.15128,1.00,2.44
2018.02.16 07:12:49.828,1.1511,1.15127,1.87,1.50
2018.02.16 07:12:50.680,1.15111,1.15127,1.00,1.50
2018.02.16 07:12:51.327,1.15109,1.15128,3.00,2.44
2018.02.16 07:12:53.239,1.15109,1.15125,1.87,1.12
2018.02.16 07:12:57.568,1.15109,1.15126,3.00,1.62
2018.02.16 07:12:57.882,1.15107,1.15121,1.12,1.00
2018.02.16 07:12:58.913,1.15105,1.15122,1.75,1.00
2018.02.16 07:12:59.067,1.15105,1.15121,1.00,1.25
2018.02.16 07:12:59.175,1.15103,1.1512,2.25,1.25
2018.02.16 07:12:59.384,1.15103,1.15118,2.25,1.19
2018.02.16 07:12:59.819,1.15103,1.1512,2.25,1.25
2018.02.16 07:13:00.182,1.15103,1.15119,2.62,1.19
2018.02.16 07:13:00.337,1.15105,1.15121,1.00,1.87
2018.02.16 07:13:01.056,1.15106,1.15121,1.12,1.25
2018.02.16 07:13:03.233,1.15109,1.15123,1.00,1.19
2018.02.16 07:13:03.339,1.15107,1.15123,1.00,1.00
2018.02.16 07:13:03.571,1.15108,1.15127,5.32,2.06
2018.02.16 07:13:08.025,1.15113,1.15127,1.00,1.31
2018.02.16 07:13:08.356,1.15113,1.15125,1.50,1.19
2018.02.16 07:13:08.463,1.15113,1.15126,2.25,1.00
2018.02.16 07:13:08.515,1.15116,1.15126,1.00,1.00
2018.02.16 07:13:08.567,1.15116,1.1513,1.12,1.25
2018.02.16 07:13:08.825,1.15116,1.15129,1.12,1.19
2018.02.16 07:13:09.034,1.15113,1.1513,3.94,1.00
2018.02.16 07:13:09.561,1.15113,1.15131,2.25,2.44
2018.02.16 07:13:09.799,1.15113,1.15129,3.00,1.19
2018.02.16 07:13:10.185,1.15113,1.15129,1.87,1.31
2018.02.16 07:13:11.615,1.15112,1.15126,1.37,1.25
2018.02.16 07:13:12.128,1.15112,1.15128,1.37,1.19
2018.02.16 07:13:12.441,1.15112,1.15125,1.37,1.25
2018.02.16 07:13:13.071,1.15112,1.15127,1.37,1.19
2018.02.16 07:13:14.515,1.15112,1.15129,1.37,2.06
2018.02.16 07:13:14.619,1.15112,1.15127,1.87,1.25
2018.02.16 07:13:14.966,1.15115,1.15129,1.00,1.31
2018.02.16 07:13:15.329,1.15117,1.15131,1.19,1.69
2018.02.16 07:13:15.382,1.15119,1.15135,1.00,1.75
2018.02.16 07:13:15.437,1.1512,1.15136,1.25,2.44
2018.02.16 07:13:15.636,1.1512,1.15133,1.95,1.19
2018.02.16 07:13:15.691,1.15119,1.15133,2.44,1.25
2018.02.16 07:13:15.744,1.15119,1.1513,1.00,1.25
2018.02.16 07:13:16.005,1.15116,1.15129,1.00,1.19
2018.02.16 07:13:16.708,1.15114,1.15129,2.25,1.19
2018.02.16 07:13:16.813,1.15114,1.15131,1.00,1.50
2018.02.16 07:13:18.382,1.15116,1.15133,3.00,3.19
2018.02.16 07:13:18.587,1.15117,1.15136,1.75,2.44
2018.02.16 07:13:19.285,1.15118,1.15135,3.75,1.00
2018.02.16 07:13:20.426,1.15118,1.15131,1.12,1.37
2018.02.16 07:13:20.486,1.15113,1.1513,2.25,2.44
2018.02.16 07:13:20.545,1.15112,1.15125,2.25,1.25
2018.02.16 07:13:20.760,1.15108,1.15122,1.00,1.00
2018.02.16 07:13:21.279,1.15108,1.15125,1.50,2.00
2018.02.16 07:13:22.243,1.15106,1.15123,1.00,1.12
2018.02.16 07:13:22.366,1.15106,1.15122,1.00,2.44
2018.02.16 07:13:22.417,1.15106,1.15123,1.12,1.25
2018.02.16 07:13:22.665,1.15107,1.15123,1.37,1.00
2018.02.16 07:13:22.984,1.15109,1.15126,1.50,2.06
2018.02.16 07:13:23.336,1.15113,1.15129,1.37,1.00
2018.02.16 07:13:23.547,1.15112,1.15128,1.50,1.25
2018.02.16 07:13:23.653,1.15114,1.1513,1.19,1.50
2018.02.16 07:13:23.757,1.15115,1.15133,3.19,1.56
2018.02.16 07:13:23.809,1.15118,1.15133,1.00,1.56
2018.02.16 07:13:24.137,1.15119,1.15133,1.19,2.06
2018.02.16 07:13:24.798,1.15121,1.15133,1.00,1.56
2018.02.16 07:13:26.153,1.1512,1.15133,1.00,1.62
2018.02.16 07:13:27.322,1.15121,1.15134,1.00,2.44
2018.02.16 07:13:29.481,1.1512,1.15133,1.00,2.06
2018.02.16 07:13:29.667,1.15118,1.15131,1.00,1.00
2018.02.16 07:13:29.719,1.15113,1.15125,1.00,2.06
2018.02.16 07:13:30.268,1.15111,1.15125,1.19,2.06
2018.02.16 07:13:30.819,1.15111,1.15125,1.19,2.06
2018.02.16 07:13:30.898,1.15111,1.15125,1.00,2.06
2018.02.16 07:13:31.659,1.15111,1.15126,1.00,1.87
2018.02.16 07:13:32.820,1.15111,1.15122,1.00,1.12
2018.02.16 07:13:33.349,1.1511,1.15122,1.00,1.12
2018.02.16 07:13:33.893,1.15111,1.15123,1.00,1.37
2018.02.16 07:13:34.408,1.15108,1.15124,2.06,1.50
2018.02.16 07:13:35.438,1.15111,1.15125,1.00,1.00
2018.02.16 07:13:36.537,1.15111,1.15124,1.25,1.00
2018.02.16 07:13:37.149,1.15111,1.15124,1.69,1.00
2018.02.16 07:13:37.655,1.15113,1.15125,1.19,1.00
2018.02.16 07:13:38.260,1.1511,1.15125,1.69,1.00
2018.02.16 07:13:38.312,1.1511,1.15123,1.00,1.00
2018.02.16 07:13:38.661,1.1511,1.15125,1.19,1.69
2018.02.16 07:13:39.756,1.1511,1.15125,1.19,1.69
2018.02.16 07:13:40.279,1.1511,1.15125,1.19,1.25
2018.02.16 07:13:40.797,1.15113,1.15125,1.00,1.00
2018.02.16 07:13:46.469,1.15112,1.15125,1.12,1.00
2018.02.16 07:13:47.061,1.1511,1.15124,1.31,1.00
2018.02.16 07:13:47.393,1.1511,1.15122,1.00,1.00
2018.02.16 07:13:47.719,1.15103,1.15117,1.44,1.50
2018.02.16 07:13:48.789,1.15102,1.15117,1.19,1.50
2018.02.16 07:13:49.994,1.15101,1.15117,2.81,1.50
2018.02.16 07:13:50.584,1.15102,1.15117,1.19,1.50
2018.02.16 07:13:51.342,1.15102,1.15117,1.19,1.50
2018.02.16 07:13:52.275,1.15101,1.15117,2.44,1.50
2018.02.16 07:13:52.928,1.15101,1.15117,2.32,1.50
2018.02.16 07:13:53.320,1.15101,1.15117,2.81,1.50
2018.02.16 07:13:53.966,1.15102,1.15117,1.19,1.50
2018.02.16 07:13:54.224,1.151,1.15115,1.31,1.00
2018.02.16 07:13:54.758,1.15099,1.15114,1.50,1.50
2018.02.16 07:13:55.010,1.15097,1.15112,2.62,1.00
2018.02.16 07:13:57.018,1.15097,1.15111,1.12,1.00
2018.02.16 07:13:57.120,1.15095,1.15107,1.75,1.00
2018.02.16 07:13:57.224,1.15094,1.15107,1.12,1.00
2018.02.16 07:13:57.688,1.15094,1.15109,2.06,1.00
2018.02.16 07:13:57.998,1.15094,1.15107,2.06,1.00
2018.02.16 07:13:58.523,1.15094,1.15107,1.00,1.00
2018.02.16 07:13:59.844,1.15093,1.15107,2.06,1.00
2018.02.16 07:14:00.061,1.15093,1.15108,1.37,1.00
2018.02.16 07:14:00.218,1.15089,1.15107,1.62,2.44
2018.02.16 07:14:00.271,1.15089,1.15106,1.31,1.12
2018.02.16 07:14:00.428,1.1509,1.15107,1.37,1.50
2018.02.16 07:14:00.534,1.15092,1.15109,1.87,1.37
2018.02.16 07:14:01.105,1.15092,1.1511,2.25,2.44
2018.02.16 07:14:01.651,1.15093,1.1511,1.50,1.50
2018.02.16 07:14:02.203,1.15093,1.1511,1.00,1.50
2018.02.16 07:14:05.934,1.15093,1.1511,1.69,1.50
2018.02.16 07:14:06.484,1.15093,1.1511,1.69,1.50
2018.02.16 07:14:07.667,1.15094,1.1511,2.44,1.50
2018.02.16 07:14:07.775,1.15097,1.15113,1.31,1.00
2018.02.16 07:14:07.951,1.15097,1.15114,1.31,1.50
2018.02.16 07:14:08.266,1.151,1.15114,1.19,1.00
2018.02.16 07:14:09.151,1.151,1.15116,1.19,1.00
2018.02.16 07:14:09.785,1.15102,1.15117,1.69,1.00
2018.02.16 07:14:09.838,1.15103,1.1512,1.87,1.37
2018.02.16 07:14:12.207,1.151,1.15118,2.25,1.19
2018.02.16 07:14:12.309,1.15098,1.15114,1.69,1.00
2018.02.16 07:14:12.781,1.15098,1.15114,1.19,1.00
2018.02.16 07:14:13.325,1.15099,1.15117,1.19,2.00
2018.02.16 07:14:16.197,1.15099,1.15115,1.25,1.25
2018.02.16 07:14:16.507,1.15098,1.15113,1.00,1.00
2018.02.16 07:14:16.664,1.15095,1.15114,3.56,2.00
2018.02.16 07:14:17.767,1.15095,1.15114,1.69,1.75
2018.02.16 07:14:18.013,1.15096,1.15114,1.69,1.75
2018.02.16 07:14:18.168,1.15096,1.15114,3.37,1.00
2018.02.16 07:14:18.325,1.15094,1.15107,2.00,1.00
2018.02.16 07:14:18.479,1.15093,1.15106,1.00,1.00
2018.02.16 07:14:18.532,1.15089,1.15104,1.69,2.06
2018.02.16 07:14:18.586,1.15086,1.15103,2.81,1.69
2018.02.16 07:14:19.447,1.15087,1.15104,1.69,1.94
2018.02.16 07:14:19.999,1.15088,1.15104,1.00,2.44
2018.02.16 07:14:20.260,1.15086,1.15102,1.12,2.06
2018.02.16 07:14:20.775,1.15085,1.15102,1.50,2.81
2018.02.16 07:14:20.828,1.15085,1.15102,1.50,1.31
2018.02.16 07:14:20.880,1.15085,1.15102,1.50,2.06
2018.02.16 07:14:21.395,1.15084,1.15101,1.94,1.00
2018.02.16 07:14:21.751,1.15084,1.15101,2.06,1.00
2018.02.16 07:14:21.804,1.15085,1.15101,1.69,1.00
2018.02.16 07:14:22.391,1.15084,1.15102,1.94,1.31
2018.02.16 07:14:23.741,1.15088,1.15105,1.56,1.31
2018.02.16 07:14:24.056,1.15088,1.15107,3.19,2.44
2018.02.16 07:14:24.452,1.15088,1.15107,2.06,1.50
2018.02.16 07:14:24.659,1.15086,1.15101,1.75,1.00
2018.02.16 07:14:24.762,1.15085,1.15102,1.31,1.50
2018.02.16 07:14:25.510,1.15084,1.15101,2.81,2.06
2018.02.16 07:14:25.564,1.15084,1.151,1.50,1.19
2018.02.16 07:14:25.672,1.1508,1.15097,2.44,1.19
2018.02.16 07:14:25.730,1.1508,1.15096,1.12,1.25
2018.02.16 07:14:26.255,1.15079,1.15095,1.62,1.12
2018.02.16 07:14:26.308,1.15081,1.15099,1.62,1.56
2018.02.16 07:14:27.279,1.15084,1.15101,1.00,1.50
2018.02.16 07:14:27.331,1.15084,1.15101,1.69,2.25
2018.02.16 07:14:27.489,1.15088,1.15104,1.87,2.44
2018.02.16 07:14:27.541,1.15088,1.15105,2.06,1.00
2018.02.16 07:14:28.097,1.15088,1.15105,1.87,1.00
2018.02.16 07:14:28.600,1.15087,1.15106,2.81,1.69
2018.02.16 07:14:30.246,1.15087,1.15103,2.62,1.00
2018.02.16 07:14:30.778,1.15087,1.15104,1.87,1.00
2018.02.16 07:14:31.408,1.15087,1.15103,2.81,1.00
2018.02.16 07:14:32.032,1.15085,1.151,2.25,1.00
2018.02.16 07:14:32.083,1.15085,1.151,1.69,1.25
2018.02.16 07:14:32.135,1.15087,1.151,1.37,1.25
2018.02.16 07:14:32.980,1.15088,1.15102,1.12,1.25
2018.02.16 07:14:33.083,1.15088,1.15104,1.31,1.31
2018.02.16 07:14:33.626,1.1509,1.15104,1.25,1.12
2018.02.16 07:14:33.883,1.15088,1.15104,1.12,1.31
2018.02.16 07:14:34.681,1.15089,1.15104,1.19,1.12
2018.02.16 07:14:34.928,1.1509,1.15106,1.69,1.25
2018.02.16 07:14:36.004,1.1509,1.15106,1.69,1.69
2018.02.16 07:14:36.778,1.15088,1.15104,1.25,1.00
2018.02.16 07:14:37.776,1.15087,1.15104,2.25,1.50
2018.02.16 07:14:38.189,1.15087,1.15105,2.44,2.25
2018.02.16 07:14:39.144,1.1509,1.15105,1.00,1.00
2018.02.16 07:14:39.726,1.1509,1.15105,1.19,1.00
2018.02.16 07:14:40.674,1.1509,1.15105,1.19,1.00
2018.02.16 07:14:40.780,1.15092,1.15109,1.25,3.37
2018.02.16 07:14:40.935,1.15092,1.15109,1.69,2.25
2018.02.16 07:14:41.959,1.15093,1.15109,1.00,1.69
2018.02.16 07:14:43.604,1.15096,1.1511,1.31,1.75
2018.02.16 07:14:43.657,1.15098,1.15115,1.19,1.69
2018.02.16 07:14:43.710,1.15101,1.15115,1.00,1.50
2018.02.16 07:14:44.253,1.15101,1.15117,1.00,1.19
2018.02.16 07:14:44.763,1.151,1.15118,2.25,2.06
2018.02.16 07:14:45.041,1.151,1.15118,2.25,2.06
2018.02.16 07:14:45.197,1.15101,1.15117,1.19,1.00
2018.02.16 07:14:45.745,1.15102,1.15117,1.25,1.19
2018.02.16 07:14:47.134,1.151,1.15117,1.50,1.00
2018.02.16 07:14:47.530,1.15099,1.15116,3.56,1.25
2018.02.16 07:14:47.837,1.15099,1.15116,1.00,3.19
2018.02.16 07:14:48.375,1.15098,1.15116,1.00,1.69
2018.02.16 07:14:50.663,1.15099,1.15116,1.00,3.19
2018.02.16 07:14:50.974,1.15097,1.15111,1.12,1.00
2018.02.16 07:14:51.507,1.15095,1.15112,1.19,1.69
2018.02.16 07:14:51.866,1.15096,1.15112,1.44,1.00
2018.02.16 07:14:52.157,1.15094,1.15112,2.25,1.50
2018.02.16 07:15:00.257,1.15094,1.15111,3.94,1.00
2018.02.16 07:15:00.361,1.15094,1.15108,2.62,1.00
2018.02.16 07:15:01.012,1.15093,1.15109,1.25,3.00
2018.02.16 07:15:02.444,1.15093,1.15109,1.87,2.25
2018.02.16 07:15:02.716,1.15094,1.1511,1.87,1.00
2018.02.16 07:15:02.923,1.15092,1.15108,1.87,1.00
2018.02.16 07:15:03.232,1.15094,1.15111,1.50,1.12
2018.02.16 07:15:03.404,1.15098,1.15112,1.00,1.00
2018.02.16 07:15:03.457,1.15097,1.15114,1.25,1.00
2018.02.16 07:15:04.318,1.15097,1.15114,1.19,1.00
2018.02.16 07:15:05.469,1.15096,1.15112,1.50,1.00
2018.02.16 07:15:06.937,1.15095,1.15112,2.25,1.75
2018.02.16 07:15:08.240,1.15093,1.15109,2.62,1.00
2018.02.16 07:15:08.795,1.15094,1.1511,1.50,1.12
2018.02.16 07:15:08.901,1.15096,1.15112,1.50,1.00
2018.02.16 07:15:09.317,1.15098,1.15114,1.12,3.37
2018.02.16 07:15:10.267,1.151,1.15111,1.19,1.00
2018.02.16 07:15:10.319,1.151,1.15114,1.12,1.00
2018.02.16 07:15:10.370,1.15102,1.15116,1.00,1.12
2018.02.16 07:15:11.861,1.151,1.15117,1.31,1.50
2018.02.16 07:15:12.503,1.15098,1.15116,2.62,1.12
2018.02.16 07:15:13.048,1.151,1.15115,1.00,1.00
2018.02.16 07:15:13.439,1.151,1.15116,1.50,1.00
2018.02.16 07:15:14.716,1.151,1.15115,1.00,1.00
2018.02.16 07:15:14.819,1.15098,1.15115,2.06,2.25
2018.02.16 07:15:16.314,1.15097,1.15112,1.00,1.00
2018.02.16 07:15:16.574,1.15095,1.15112,1.12,1.12
2018.02.16 07:15:16.627,1.15093,1.1511,1.87,1.69
2018.02.16 07:15:16.783,1.15091,1.15108,1.87,1.31
2018.02.16 07:15:17.436,1.1509,1.15107,1.31,1.50
2018.02.16 07:15:17.754,1.15091,1.15106,1.87,1.12
2018.02.16 07:15:17.914,1.15095,1.15112,1.87,1.69
2018.02.16 07:15:19.211,1.15095,1.15108,1.00,1.25
2018.02.16 07:15:19.318,1.15089,1.15103,1.00,1.00
2018.02.16 07:15:19.528,1.15087,1.15103,2.44,1.00
2018.02.16 07:15:19.738,1.15092,1.15108,2.25,2.62
2018.02.16 07:15:19.917,1.15095,1.15111,1.19,1.75
2018.02.16 07:15:19.969,1.15094,1.15113,2.81,2.25
2018.02.16 07:15:20.465,1.15097,1.15113,1.19,1.50
2018.02.16 07:15:21.006,1.15098,1.15114,4.50,1.00
2018.02.16 07:15:22.479,1.15099,1.15114,2.06,1.00
2018.02.16 07:15:23.042,1.15101,1.15114,1.12,1.00
2018.02.16 07:15:23.095,1.15097,1.15115,2.62,1.12
2018.02.16 07:15:23.198,1.15101,1.15116,1.50,2.62
2018.02.16 07:15:23.735,1.15102,1.15116,1.25,1.50
2018.02.16 07:15:26.337,1.15101,1.15118,1.31,1.75
2018.02.16 07:15:27.028,1.15101,1.15117,1.00,1.75
2018.02.16 07:15:27.080,1.15097,1.15112,1.31,1.25
2018.02.16 07:15:27.185,1.15094,1.1511,1.31,1.12
2018.02.16 07:15:27.289,1.15096,1.15108,1.00,1.00
2018.02.16 07:15:27.342,1.15092,1.15109,2.06,1.00
2018.02.16 07:15:27.883,1.15092,1.15108,2.06,1.00
2018.02.16 07:15:28.546,1.15092,1.15109,1.87,1.00
2018.02.16 07:15:30.778,1.15094,1.15111,1.69,1.37
2018.02.16 07:15:30.830,1.15094,1.15111,1.31,1.37
2018.02.16 07:15:31.039,1.15093,1.15108,1.00,1.00
2018.02.16 07:15:31.251,1.15087,1.15103,1.25,1.25
2018.02.16 07:15:31.886,1.15088,1.15103,1.31,1.87
2018.02.16 07:15:31.990,1.15089,1.15105,1.00,1.12
2018.02.16 07:15:32.437,1.15089,1.15105,1.25,1.31
2018.02.16 07:15:32.833,1.15089,1.15105,1.25,1.31
2018.02.16 07:15:33.429,1.15088,1.15105,3.19,1.12
2018.02.16 07:15:33.637,1.15089,1.15107,1.87,3.37
2018.02.16 07:15:34.743,1.1509,1.15107,1.00,1.69
2018.02.16 07:15:35.838,1.1509,1.15106,1.00,1.00
2018.02.16 07:15:35.891,1.15094,1.15108,1.00,1.00
2018.02.16 07:15:35.944,1.15094,1.15111,1.69,1.50
2018.02.16 07:15:35.997,1.15095,1.15111,1.19,1.12
2018.02.16 07:15:36.797,1.15094,1.15111,3.19,1.12
2018.02.16 07:15:37.409,1.15094,1.15112,2.44,2.25
2018.02.16 07:15:37.829,1.15092,1.1511,3.00,2.44
2018.02.16 07:15:37.934,1.15092,1.15108,1.50,1.19
2018.02.16 07:15:38.465,1.15092,1.15108,1.00,1.00
2018.02.16 07:15:39.219,1.15092,1.15108,1.00,1.44
2018.02.16 07:15:39.323,1.1509,1.15107,1.25,1.69
2018.02.16 07:15:39.894,1.15088,1.15106,2.44,1.31
2018.02.16 07:15:40.026,1.15087,1.15102,2.06,1.00
2018.02.16 07:15:40.766,1.15087,1.15102,1.31,1.00
2018.02.16 07:15:41.270,1.15087,1.15103,1.25,1.12
2018.02.16 07:15:41.812,1.15087,1.15102,2.44,1.00
2018.02.16 07:15:42.418,1.15088,1.15105,1.25,2.25
2018.02.16 07:15:44.492,1.15088,1.15105,1.87,1.87
2018.02.16 07:15:45.606,1.1509,1.15106,1.87,1.50
2018.02.16 07:15:46.431,1.1509,1.15107,1.50,1.87
2018.02.16 07:15:46.820,1.15092,1.15108,1.00,2.44
2018.02.16 07:15:47.348,1.1509,1.15106,1.69,1.69
2018.02.16 07:15:47.452,1.15089,1.15105,1.25,1.69
2018.02.16 07:15:52.797,1.15091,1.15106,1.50,1.00
2018.02.16 07:15:52.901,1.15091,1.15107,1.00,1.31
2018.02.16 07:15:53.004,1.15089,1.15106,1.50,1.00
2018.02.16 07:15:53.108,1.15088,1.15104,1.25,1.00
2018.02.16 07:15:59.929,1.15087,1.15104,1.87,3.00
2018.02.16 07:16:01.226,1.15086,1.15104,3.56,2.06
2018.02.16 07:16:03.473,1.15087,1.15104,1.12,2.25
2018.02.16 07:16:04.838,1.15087,1.15104,1.44,2.06
2018.02.16 07:16:05.355,1.15087,1.15104,1.12,2.06
2018.02.16 07:16:06.774,1.15087,1.15104,1.12,1.87
2018.02.16 07:16:10.285,1.15087,1.15104,1.62,1.31
2018.02.16 07:16:11.763,1.15087,1.15104,1.37,3.37
2018.02.16 07:16:11.819,1.15086,1.15104,3.37,1.69
2018.02.16 07:16:13.288,1.15087,1.15104,2.44,1.12
2018.02.16 07:16:14.961,1.15087,1.15104,2.44,1.12
2018.02.16 07:16:15.866,1.15089,1.15104,1.44,1.12
2018.02.16 07:16:15.969,1.15091,1.15107,1.50,1.00
2018.02.16 07:16:16.954,1.15092,1.15107,1.00,1.00
2018.02.16 07:16:17.484,1.15093,1.15108,1.00,1.00
2018.02.16 07:16:18.727,1.15092,1.15108,2.44,1.00
2018.02.16 07:16:18.848,1.15091,1.15106,1.00,1.00
2018.02.16 07:16:19.185,1.1509,1.15106,1.25,1.50
2018.02.16 07:16:21.661,1.1509,1.15106,1.44,1.50
2018.02.16 07:16:22.179,1.15092,1.15106,1.00,1.00
2018.02.16 07:16:22.834,1.15092,1.15109,1.00,3.19
2018.02.16 07:16:23.802,1.1509,1.15107,1.69,1.31
2018.02.16 07:16:24.807,1.1509,1.15107,2.06,1.12
2018.02.16 07:16:25.459,1.1509,1.15106,2.06,1.00
2018.02.16 07:16:26.133,1.1509,1.15106,2.25,1.00
2018.02.16 07:16:27.481,1.1509,1.15107,1.31,1.75
2018.02.16 07:16:27.586,1.15092,1.15107,1.12,1.00
2018.02.16 07:16:27.638,1.15093,1.15106,1.19,1.00
2018.02.16 07:16:27.691,1.15094,1.15108,1.25,1.12
2018.02.16 07:16:27.743,1.15094,1.1511,2.44,1.00
2018.02.16 07:16:28.160,1.15094,1.15111,2.44,1.50
2018.02.16 07:16:28.732,1.15093,1.15111,2.44,1.31
2018.02.16 07:16:28.785,1.15091,1.15108,1.87,1.37
2018.02.16 07:16:30.016,1.15091,1.15107,1.57,1.12
2018.02.16 07:16:30.345,1.15094,1.15113,3.45,2.25
2018.02.16 07:16:30.980,1.15095,1.15113,1.20,2.25
2018.02.16 07:16:32.604,1.15095,1.15112,2.32,1.50
2018.02.16 07:16:34.761,1.15099,1.15113,1.00,2.25
2018.02.16 07:16:34.932,1.15102,1.15116,1.00,1.00
2018.02.16 07:16:35.477,1.15102,1.15117,1.00,1.12
2018.02.16 07:16:37.150,1.15102,1.15116,1.00,1.00
2018.02.16 07:16:38.233,1.151,1.15117,2.32,1.12
2018.02.16 07:16:38.287,1.15099,1.15115,1.20,1.12
2018.02.16 07:16:38.761,1.15098,1.15115,1.57,1.69
2018.02.16 07:16:39.276,1.15098,1.15115,1.00,1.69
2018.02.16 07:16:39.893,1.15098,1.15115,1.50,2.62
2018.02.16 07:16:40.486,1.15098,1.15115,1.50,2.62
2018.02.16 07:16:40.747,1.15097,1.15114,1.29,2.06
2018.02.16 07:16:40.800,1.15096,1.15111,1.00,1.12
2018.02.16 07:16:41.319,1.15095,1.15111,1.31,1.12
2018.02.16 07:16:41.992,1.15095,1.15111,1.31,1.12
2018.02.16 07:16:42.508,1.15096,1.15114,2.14,2.25
2018.02.16 07:16:42.614,1.15099,1.15113,1.00,1.00
2018.02.16 07:16:42.917,1.15093,1.15109,2.51,1.00
2018.02.16 07:16:43.559,1.15093,1.15109,2.70,1.00
2018.02.16 07:16:45.090,1.15093,1.15109,1.95,1.19
2018.02.16 07:16:46.468,1.15092,1.15109,2.06,1.87
2018.02.16 07:16:46.672,1.15094,1.1511,1.00,1.75
2018.02.16 07:16:47.044,1.15097,1.15109,1.00,1.50
2018.02.16 07:16:47.096,1.15098,1.15113,1.00,2.06
2018.02.16 07:16:47.608,1.15097,1.15113,2.89,1.31
2018.02.16 07:16:47.912,1.151,1.15115,1.00,2.81
2018.02.16 07:16:48.445,1.15099,1.15115,1.00,3.19
2018.02.16 07:16:49.370,1.15097,1.15115,2.14,3.37
2018.02.16 07:16:49.631,1.15097,1.15115,2.51,2.44
2018.02.16 07:16:50.237,1.15095,1.1511,1.95,1.12
2018.02.16 07:16:50.342,1.15095,1.1511,1.19,1.12
2018.02.16 07:16:50.479,1.15095,1.1511,1.19,1.87
2018.02.16 07:16:51.148,1.15095,1.1511,1.19,1.87
2018.02.16 07:16:51.398,1.15093,1.15107,1.07,1.12
2018.02.16 07:16:51.450,1.15092,1.15104,1.25,1.00
2018.02.16 07:16:51.773,1.15092,1.15107,1.87,1.00
2018.02.16 07:16:51.825,1.15092,1.15109,1.95,2.25
2018.02.16 07:16:52.029,1.15095,1.15109,1.76,1.12
2018.02.16 07:16:53.282,1.15095,1.15109,1.76,1.12
2018.02.16 07:16:54.118,1.15094,1.15108,1.01,1.00
2018.02.16 07:16:54.651,1.15092,1.15108,1.19,1.00
2018.02.16 07:16:55.144,1.15096,1.1511,1.25,1.12
2018.02.16 07:16:55.682,1.15095,1.15111,1.01,1.87
2018.02.16 07:16:56.586,1.15097,1.15111,1.25,1.37
2018.02.16 07:16:56.843,1.15095,1.15112,1.87,1.69
2018.02.16 07:16:57.624,1.15094,1.1511,1.00,1.00
2018.02.16 07:16:57.780,1.15093,1.15111,1.50,3.56
2018.02.16 07:17:01.171,1.15092,1.15109,1.12,1.81
2018.02.16 07:17:02.285,1.15091,1.15106,1.39,1.50
2018.02.16 07:17:02.553,1.15091,1.15108,3.56,1.87
2018.02.16 07:17:03.788,1.15092,1.15108,1.76,1.00
2018.02.16 07:17:03.894,1.15096,1.15111,1.00,1.50
2018.02.16 07:17:03.998,1.15097,1.15113,1.00,1.00
2018.02.16 07:17:04.101,1.15096,1.15111,1.00,1.12
2018.02.16 07:17:11.789,1.15096,1.15112,2.25,1.50
2018.02.16 07:17:13.100,1.15096,1.15114,3.64,2.81
2018.02.16 07:17:13.622,1.15097,1.15113,2.14,1.00
2018.02.16 07:17:14.638,1.15097,1.15113,2.14,1.00
2018.02.16 07:17:14.794,1.151,1.15113,1.50,1.00
2018.02.16 07:17:14.983,1.15103,1.15118,1.69,1.50
2018.02.16 07:17:15.138,1.15103,1.1512,3.26,1.50
2018.02.16 07:17:16.920,1.15105,1.15121,2.44,1.00
2018.02.16 07:17:17.024,1.15107,1.15124,1.44,2.32
2018.02.16 07:17:17.169,1.1511,1.15126,1.12,2.70
2018.02.16 07:17:18.293,1.15112,1.15129,1.12,1.01
2018.02.16 07:17:18.814,1.15112,1.15128,1.20,1.89
2018.02.16 07:17:19.182,1.1511,1.15125,1.50,1.95
2018.02.16 07:17:20.039,1.15108,1.15125,2.14,1.47
2018.02.16 07:17:20.569,1.1511,1.15126,1.50,1.20
2018.02.16 07:17:20.858,1.15106,1.15124,1.26,2.06
2018.02.16 07:17:20.961,1.15107,1.15124,1.62,2.00
2018.02.16 07:17:21.114,1.15106,1.15124,1.12,2.44
2018.02.16 07:17:24.437,1.15105,1.1512,1.01,1.00
2018.02.16 07:17:24.936,1.15105,1.1512,1.01,1.00
2018.02.16 07:17:25.186,1.15105,1.1512,1.01,1.00
2018.02.16 07:17:25.435,1.15105,1.1512,1.01,1.00
2018.02.16 07:17:25.962,1.15105,1.1512,1.01,1.00
2018.02.16 07:17:28.198,1.15109,1.15124,1.25,2.32
2018.02.16 07:17:28.250,1.15109,1.15124,2.44,1.57
2018.02.16 07:17:29.640,1.1511,1.15126,1.37,2.51
2018.02.16 07:17:30.162,1.15112,1.15128,2.51,1.76
2018.02.16 07:17:30.687,1.15115,1.15129,1.00,1.20
2018.02.16 07:17:31.338,1.15114,1.15129,1.57,1.45
2018.02.16 07:17:32.125,1.15114,1.15129,3.26,1.45
2018.02.16 07:17:32.981,1.15113,1.15129,2.32,1.45
2018.02.16 07:17:33.576,1.15115,1.15129,1.31,1.95
2018.02.16 07:17:33.947,1.15112,1.15129,1.95,1.45
2018.02.16 07:17:34.207,1.15111,1.15125,1.20,1.45
2018.02.16 07:17:34.997,1.15111,1.15126,1.01,1.45
2018.02.16 07:17:35.529,1.1511,1.15125,1.29,1.45
2018.02.16 07:17:37.138,1.1511,1.15125,1.01,1.45
2018.02.16 07:17:38.808,1.1511,1.15125,2.32,1.45
2018.02.16 07:17:38.861,1.15114,1.15125,1.00,1.45
2018.02.16 07:17:39.171,1.15116,1.1513,1.20,1.95
2018.02.16 07:17:39.519,1.15118,1.1513,1.50,1.20
2018.02.16 07:17:40.138,1.15117,1.15135,1.50,2.92
2018.02.16 07:17:42.149,1.15115,1.15132,4.20,1.95
2018.02.16 07:17:42.747,1.15116,1.1513,1.00,1.64
2018.02.16 07:17:42.851,1.15111,1.15127,1.95,1.26
2018.02.16 07:17:44.838,1.15111,1.15128,2.14,1.57
2018.02.16 07:17:45.418,1.15111,1.15127,2.14,1.95
2018.02.16 07:17:45.523,1.15108,1.15123,1.50,1.00
2018.02.16 07:17:45.753,1.15105,1.15121,1.10,2.00
2018.02.16 07:17:47.109,1.15104,1.15122,1.00,2.44
2018.02.16 07:17:47.655,1.15103,1.15119,1.31,1.31
2018.02.16 07:17:48.258,1.15104,1.15121,1.31,2.44
2018.02.16 07:17:50.719,1.15104,1.15122,1.39,3.19
2018.02.16 07:17:51.453,1.15104,1.15122,1.39,2.44
2018.02.16 07:17:52.292,1.15104,1.15118,1.10,1.00
2018.02.16 07:17:52.818,1.15103,1.15117,2.14,1.00
2018.02.16 07:17:53.408,1.15103,1.15118,1.87,1.00
2018.02.16 07:17:54.618,1.15103,1.15117,1.87,1.00
2018.02.16 07:17:55.608,1.15103,1.15118,1.95,1.00
2018.02.16 07:17:56.213,1.15103,1.15121,2.14,2.62
2018.02.16 07:17:58.578,1.15103,1.1512,2.89,1.69
2018.02.16 07:18:00.089,1.15104,1.15121,1.00,2.25
2018.02.16 07:18:00.846,1.15105,1.15121,1.31,3.56
2018.02.16 07:18:01.341,1.15103,1.1512,2.89,1.69
2018.02.16 07:18:01.394,1.15103,1.15118,1.20,1.19
2018.02.16 07:18:01.638,1.15101,1.15117,1.50,1.69
2018.02.16 07:18:02.144,1.15101,1.15116,1.31,1.12
2018.02.16 07:18:02.689,1.15101,1.15116,1.12,1.12
2018.02.16 07:18:04.418,1.15101,1.15116,1.12,1.31
2018.02.16 07:18:04.676,1.15096,1.15112,1.00,3.00
2018.02.16 07:18:05.143,1.15096,1.15113,1.50,1.69
2018.02.16 07:18:05.247,1.15097,1.15115,2.44,2.81
2018.02.16 07:18:07.747,1.15098,1.15116,1.87,2.06
2018.02.16 07:18:08.221,1.15101,1.15116,1.25,1.12
2018.02.16 07:18:08.801,1.15101,1.15118,1.25,1.19
2018.02.16 07:18:10.197,1.15101,1.15118,1.69,1.69
2018.02.16 07:18:10.568,1.15098,1.15115,3.56,1.19
2018.02.16 07:18:11.110,1.15098,1.15113,1.00,1.00
2018.02.16 07:18:11.457,1.15097,1.1511,1.00,1.19
2018.02.16 07:18:11.661,1.15095,1.15111,1.00,1.69
2018.02.16 07:18:12.441,1.15095,1.1511,1.19,1.12
2018.02.16 07:18:13.206,1.15095,1.15113,2.25,1.31
2018.02.16 07:18:14.762,1.15096,1.15114,1.87,3.19
2018.02.16 07:18:15.072,1.15095,1.1511,2.44,1.00
2018.02.16 07:18:15.228,1.15093,1.15111,2.25,1.69
2018.02.16 07:18:18.155,1.15094,1.15111,2.44,1.69
2018.02.16 07:18:18.208,1.15097,1.15111,1.00,1.69
2018.02.16 07:18:18.366,1.15098,1.15115,1.25,3.94
2018.02.16 07:18:18.422,1.15098,1.15112,1.00,1.44
2018.02.16 07:18:18.610,1.15096,1.15111,1.00,1.50
2018.02.16 07:18:19.122,1.15093,1.15112,2.25,3.75
2018.02.16 07:18:19.543,1.15092,1.15108,1.87,1.19
2018.02.16 07:18:19.992,1.15091,1.15108,3.19,1.69
2018.02.16 07:18:20.543,1.15092,1.15108,1.00,1.69
2018.02.16 07:18:20.804,1.1509,1.15103,1.25,1.19
2018.02.16 07:18:20.942,1.15089,1.15105,2.06,1.50
2018.02.16 07:18:22.150,1.1509,1.15106,1.00,2.44
2018.02.16 07:18:22.927,1.1509,1.15104,1.00,1.31
2018.02.16 07:18:23.519,1.15088,1.15104,1.50,1.31
2018.02.16 07:18:24.283,1.15088,1.15102,1.31,1.19
2018.02.16 07:18:24.335,1.15088,1.15105,1.12,2.62
2018.02.16 07:18:24.482,1.15089,1.15102,1.00,1.19
2018.02.16 07:18:25.169,1.15086,1.15101,3.19,1.25
2018.02.16 07:18:26.596,1.15086,1.151,1.75,1.19
2018.02.16 07:18:27.045,1.15086,1.151,1.00,1.19
2018.02.16 07:18:29.579,1.15084,1.151,1.50,1.19
2018.02.16 07:18:30.111,1.15085,1.151,1.20,1.19
2018.02.16 07:18:30.651,1.15084,1.15101,2.89,1.31
2018.02.16 07:18:30.704,1.15091,1.15105,1.57,1.87
2018.02.16 07:18:30.756,1.15091,1.15106,1.10,1.50
2018.02.16 07:18:30.808,1.15091,1.15107,2.14,1.25
2018.02.16 07:18:31.320,1.15094,1.15112,1.87,2.06
2018.02.16 07:18:33.448,1.15095,1.15112,1.50,1.56
2018.02.16 07:18:33.501,1.15095,1.15112,1.50,1.56
2018.02.16 07:18:34.023,1.15094,1.15112,3.26,1.56
2018.02.16 07:18:36.326,1.15095,1.15112,2.14,2.06
2018.02.16 07:18:36.830,1.15095,1.1511,1.07,1.19
2018.02.16 07:18:36.935,1.15094,1.15109,1.50,1.19
2018.02.16 07:18:37.090,1.15092,1.15109,1.57,1.69
2018.02.16 07:18:38.249,1.15092,1.1511,1.10,2.44
2018.02.16 07:18:38.453,1.15092,1.15109,1.20,1.69
2018.02.16 07:18:38.659,1.15095,1.15112,2.51,2.81
2018.02.16 07:18:39.431,1.15095,1.1511,3.26,1.19
2018.02.16 07:18:48.389,1.15095,1.15112,2.25,3.00
2018.02.16 07:18:50.291,1.15096,1.15113,1.10,3.94
2018.02.16 07:18:50.446,1.15096,1.15112,1.10,1.31
2018.02.16 07:18:53.528,1.15096,1.15112,2.44,1.31
2018.02.16 07:18:53.580,1.15096,1.15112,4.01,1.12
2018.02.16 07:18:53.731,1.15099,1.15116,1.20,2.44
2018.02.16 07:18:54.259,1.15099,1.15116,1.57,2.44
2018.02.16 07:18:54.803,1.151,1.15116,1.20,1.69
2018.02.16 07:18:55.343,1.151,1.15116,1.45,1.69
2018.02.16 07:18:56.590,1.15099,1.15116,2.51,1.69
2018.02.16 07:18:56.988,1.15098,1.15112,1.39,1.69
2018.02.16 07:18:57.041,1.15096,1.15112,1.20,2.62
2018.02.16 07:18:57.093,1.15093,1.15108,1.37,1.00
2018.02.16 07:18:57.145,1.15093,1.15108,1.00,1.00
2018.02.16 07:18:57.658,1.15092,1.15107,1.69,1.00
2018.02.16 07:18:58.636,1.15092,1.15108,1.57,1.00
2018.02.16 07:18:59.909,1.15092,1.15107,1.20,1.00
2018.02.16 07:19:00.748,1.15092,1.15108,1.20,1.00
2018.02.16 07:19:01.989,1.15092,1.15107,1.69,1.00
2018.02.16 07:19:02.558,1.15094,1.15107,1.00,1.00
2018.02.16 07:19:03.093,1.15092,1.15107,1.76,1.00
2018.02.16 07:19:04.612,1.15094,1.1511,1.62,1.12
2018.02.16 07:19:15.657,1.15095,1.15112,2.25,2.25
2018.02.16 07:19:15.761,1.15095,1.15111,1.50,1.87
2018.02.16 07:19:15.865,1.15094,1.1511,1.00,1.19
2018.02.16 07:19:16.132,1.15093,1.15109,1.50,2.25
2018.02.16 07:19:16.695,1.15092,1.15109,1.00,3.94
2018.02.16 07:19:18.174,1.15091,1.15107,1.00,2.25
2018.02.16 07:19:18.279,1.15088,1.15105,5.81,1.50
2018.02.16 07:19:18.332,1.1509,1.15105,1.00,1.00
2018.02.16 07:19:18.741,1.15092,1.15106,1.00,1.00
2018.02.16 07:19:19.071,1.15093,1.15108,1.19,1.69
2018.02.16 07:19:19.176,1.15094,1.1511,1.31,1.12
2018.02.16 07:19:22.088,1.15093,1.15108,1.50,1.00
2018.02.16 07:19:22.244,1.15089,1.15105,1.69,1.37
2018.02.16 07:19:24.340,1.1509,1.15106,1.12,1.19
2018.02.16 07:19:24.881,1.15091,1.15106,1.00,1.19
2018.02.16 07:19:25.318,1.15093,1.1511,2.62,1.31
2018.02.16 07:19:27.387,1.15094,1.1511,1.31,1.12
2018.02.16 07:19:27.440,1.15096,1.15112,1.37,1.19
2018.02.16 07:19:29.046,1.15096,1.15111,1.37,1.19
2018.02.16 07:19:30.129,1.15094,1.15108,1.00,1.19
2018.02.16 07:19:31.189,1.15094,1.15111,1.00,2.44
2018.02.16 07:19:32.194,1.15091,1.15109,2.06,1.19
2018.02.16 07:19:32.658,1.15091,1.15108,1.00,1.25
2018.02.16 07:19:32.711,1.15091,1.15106,1.50,1.19
2018.02.16 07:19:36.536,1.15091,1.15106,1.12,1.00
2018.02.16 07:19:36.589,1.15093,1.15108,1.19,1.50
2018.02.16 07:19:36.797,1.15091,1.15107,3.56,1.19
2018.02.16 07:19:37.111,1.15091,1.15106,1.00,1.19
2018.02.16 07:19:37.621,1.15091,1.15107,1.00,1.19
2018.02.16 07:19:38.015,1.15093,1.15108,1.00,2.44
2018.02.16 07:19:40.510,1.15092,1.15108,1.25,1.69
2018.02.16 07:19:41.064,1.15092,1.15108,1.19,2.44
2018.02.16 07:19:43.040,1.15092,1.15108,1.19,1.50
2018.02.16 07:19:43.681,1.15093,1.15108,1.19,1.50
2018.02.16 07:19:44.068,1.15094,1.15111,1.69,1.87
2018.02.16 07:19:44.172,1.15094,1.15111,3.94,1.25
2018.02.16 07:19:44.599,1.15094,1.15111,2.81,1.69
2018.02.16 07:19:44.703,1.15093,1.15109,1.50,1.19
2018.02.16 07:19:45.040,1.15092,1.15108,1.00,2.81
2018.02.16 07:19:45.660,1.15092,1.15107,1.00,1.87
2018.02.16 07:19:46.451,1.15091,1.15107,1.00,2.06
2018.02.16 07:19:49.319,1.1509,1.15106,2.06,1.00
2018.02.16 07:19:49.653,1.15095,1.15108,1.50,1.19
2018.02.16 07:19:50.098,1.15096,1.15112,1.12,1.44
2018.02.16 07:19:52.065,1.15095,1.15113,1.50,2.81
2018.02.16 07:19:55.221,1.15097,1.15111,1.50,1.19
2018.02.16 07:19:55.274,1.15097,1.15113,1.00,1.50
2018.02.16 07:19:55.926,1.15098,1.15115,1.50,1.69
2018.02.16 07:19:56.449,1.15097,1.15113,1.00,2.44
2018.02.16 07:19:56.511,1.15096,1.15111,1.19,1.19
2018.02.16 07:19:56.697,1.15095,1.1511,2.25,1.19
2018.02.16 07:19:57.219,1.15096,1.1511,1.00,1.19
2018.02.16 07:20:00.526,1.15095,1.15108,1.69,1.19
2018.02.16 07:20:00.680,1.15092,1.15108,2.25,1.69
2018.02.16 07:20:01.250,1.15092,1.15108,1.87,1.69
2018.02.16 07:20:03.365,1.15093,1.15108,1.50,1.69
2018.02.16 07:20:03.418,1.15096,1.15109,1.00,1.19
2018.02.16 07:20:03.733,1.15099,1.15115,2.06,2.44
2018.02.16 07:20:03.786,1.15101,1.15116,1.25,1.69
2018.02.16 07:20:03.840,1.15103,1.15117,1.00,1.69
2018.02.16 07:20:03.892,1.15101,1.15117,1.00,1.69
2018.02.16 07:20:03.945,1.15103,1.15119,1.00,3.37
2018.02.16 07:20:03.997,1.15103,1.15118,1.12,1.12
2018.02.16 07:20:04.514,1.15104,1.15119,1.00,2.06
2018.02.16 07:20:05.752,1.151,1.15116,1.12,1.31
2018.02.16 07:20:05.804,1.15099,1.15113,1.00,1.69
2018.02.16 07:20:06.477,1.15098,1.15113,1.00,1.69
2018.02.16 07:20:06.788,1.15096,1.15107,1.50,1.19
2018.02.16 07:20:06.894,1.15094,1.15107,1.00,1.19
2018.02.16 07:20:07.491,1.15094,1.15109,1.25,1.31
2018.02.16 07:20:08.320,1.15093,1.15109,2.62,1.31
2018.02.16 07:20:08.871,1.15094,1.15109,1.00,1.31
2018.02.16 07:20:09.472,1.15093,1.15109,1.87,1.31
2018.02.16 07:20:10.005,1.15095,1.1511,1.00,1.62
2018.02.16 07:20:10.318,1.15097,1.15112,1.50,1.69
2018.02.16 07:20:15.359,1.15097,1.15109,1.50,1.00
2018.02.16 07:20:15.462,1.15091,1.15105,1.87,1.19
2018.02.16 07:20:15.564,1.15089,1.15105,1.00,1.19
2018.02.16 07:20:17.141,1.15089,1.15103,1.00,1.19
2018.02.16 07:20:17.825,1.15088,1.15099,1.00,1.19
2018.02.16 07:20:17.877,1.15086,1.15099,1.00,1.19
2018.02.16 07:20:19.288,1.15085,1.15099,2.25,1.19
2018.02.16 07:20:19.825,1.15086,1.15099,1.00,1.19
2018.02.16 07:20:19.879,1.15088,1.15103,1.69,1.00
2018.02.16 07:20:19.932,1.15092,1.15103,1.00,1.00
2018.02.16 07:20:19.984,1.15091,1.15108,1.50,1.19
2018.02.16 07:20:20.357,1.15094,1.15108,1.00,1.19
2018.02.16 07:20:20.410,1.15091,1.15106,1.37,1.19
2018.02.16 07:20:20.465,1.15089,1.15105,3.00,1.19
2018.02.16 07:20:20.571,1.15088,1.15105,2.44,2.62
2018.02.16 07:20:22.602,1.15087,1.15102,1.00,1.62
2018.02.16 07:20:22.655,1.15084,1.151,2.81,1.00
2018.02.16 07:20:22.863,1.15083,1.15099,1.50,1.19
2018.02.16 07:20:24.049,1.15083,1.15099,1.50,1.25
2018.02.16 07:20:24.835,1.15083,1.15099,1.69,1.69
2018.02.16 07:20:25.262,1.15082,1.15099,1.87,3.00
2018.02.16 07:20:26.921,1.15081,1.15094,1.37,1.19
2018.02.16 07:20:26.974,1.15079,1.15094,1.31,1.19
2018.02.16 07:20:27.027,1.15079,1.15093,1.12,1.69
2018.02.16 07:20:27.611,1.15077,1.15094,1.50,1.69
2018.02.16 07:20:28.907,1.1508,1.15096,1.00,2.81
2018.02.16 07:20:29.415,1.1508,1.15097,1.00,3.19
2018.02.16 07:20:32.591,1.15081,1.15095,1.50,1.19
2018.02.16 07:20:33.100,1.15081,1.15097,1.00,1.69
2018.02.16 07:20:33.612,1.15082,1.15097,1.00,1.19
2018.02.16 07:20:34.715,1.15081,1.15097,2.44,1.19
2018.02.16 07:20:34.870,1.15081,1.15095,1.50,1.19
2018.02.16 07:20:35.181,1.15078,1.15092,1.31,1.19
2018.02.16 07:20:36.928,1.15077,1.15092,2.44,1.25
2018.02.16 07:20:39.198,1.15081,1.15095,1.25,1.69
2018.02.16 07:20:39.300,1.15081,1.15097,1.25,2.44
2018.02.16 07:20:39.403,1.15085,1.15098,1.37,1.00
2018.02.16 07:20:39.532,1.15084,1.15101,1.50,1.31
2018.02.16 07:20:39.739,1.15084,1.15101,1.00,1.69
2018.02.16 07:20:40.241,1.15084,1.151,1.50,1.19
2018.02.16 07:20:40.808,1.15085,1.15101,2.62,1.19
2018.02.16 07:20:41.855,1.15086,1.15102,1.75,1.25
2018.02.16 07:20:41.912,1.15086,1.15102,1.75,1.31
2018.02.16 07:20:42.022,1.15084,1.15099,2.62,1.19
2018.02.16 07:20:42.896,1.15086,1.15101,1.00,1.25
2018.02.16 07:20:43.430,1.15086,1.151,1.00,1.00
2018.02.16 07:20:43.987,1.15087,1.15101,1.50,1.19
2018.02.16 07:20:44.643,1.15086,1.15101,1.00,1.19
2018.02.16 07:20:45.354,1.15087,1.15101,1.00,1.19
2018.02.16 07:20:45.881,1.15086,1.15101,1.00,1.19
2018.02.16 07:20:46.087,1.15084,1.151,2.25,1.31
2018.02.16 07:20:46.621,1.15085,1.151,1.00,2.06
2018.02.16 07:20:48.460,1.15084,1.151,1.50,2.06
2018.02.16 07:20:48.750,1.15084,1.15099,1.50,1.56
2018.02.16 07:20:49.268,1.15084,1.15099,1.50,1.19
2018.02.16 07:20:51.816,1.15085,1.15099,1.00,1.19
2018.02.16 07:20:52.646,1.15088,1.15102,1.50,1.25
2018.02.16 07:20:52.698,1.15088,1.15103,3.00,1.19
2018.02.16 07:20:54.076,1.15088,1.15103,2.62,1.31
2018.02.16 07:20:54.597,1.15088,1.15103,1.00,1.31
2018.02.16 07:20:55.207,1.15089,1.15103,1.00,1.31
2018.02.16 07:20:58.560,1.1509,1.15103,1.00,1.31
2018.02.16 07:21:01.473,1.15092,1.15103,1.00,1.31
2018.02.16 07:21:03.278,1.15091,1.15103,1.00,1.19
2018.02.16 07:21:05.219,1.15092,1.15106,1.00,1.31
2018.02.16 07:21:07.150,1.15093,1.15107,1.00,1.69
2018.02.16 07:21:07.677,1.15094,1.15108,1.12,1.19
2018.02.16 07:21:08.841,1.15096,1.1511,1.00,1.75
2018.02.16 07:21:08.993,1.15099,1.15112,1.00,2.06
2018.02.16 07:21:09.710,1.15098,1.15112,1.00,2.06
2018.02.16 07:21:10.278,1.15098,1.15113,1.00,1.50
2018.02.16 07:21:14.193,1.15101,1.15116,1.00,1.12
2018.02.16 07:21:14.698,1.151,1.15115,1.00,1.00
2018.02.16 07:21:15.251,1.15101,1.15116,1.00,1.12
2018.02.16 07:21:15.768,1.151,1.15116,1.00,1.12
2018.02.16 07:21:16.384,1.151,1.15115,1.00,1.00
2018.02.16 07:21:17.081,1.151,1.15115,1.00,1.19
2018.02.16 07:21:18.371,1.15099,1.15115,2.25,1.19
2018.02.16 07:21:22.086,1.15099,1.15116,1.95,1.31
2018.02.16 07:21:28.758,1.15098,1.15115,2.32,1.00
2018.02.16 07:21:28.810,1.15097,1.15113,1.70,1.12
2018.02.16 07:21:31.899,1.15096,1.15114,1.45,1.69
2018.02.16 07:21:32.597,1.15096,1.15114,1.45,1.69
2018.02.16 07:21:33.260,1.15096,1.15113,2.14,1.12
2018.02.16 07:21:36.280,1.15096,1.15114,1.00,1.69
2018.02.16 07:21:37.337,1.15096,1.15114,1.37,1.69
2018.02.16 07:21:37.442,1.15101,1.15116,1.00,1.00
2018.02.16 07:21:38.210,1.15101,1.15117,3.00,1.00
2018.02.16 07:21:40.926,1.15101,1.15114,1.00,1.00
2018.02.16 07:21:40.980,1.15098,1.15114,1.87,1.25
2018.02.16 07:21:41.084,1.15097,1.15114,1.50,1.75
2018.02.16 07:21:42.275,1.15098,1.15114,1.00,2.62
2018.02.16 07:21:45.588,1.15097,1.15114,1.00,2.81
2018.02.16 07:21:46.132,1.15096,1.15112,1.50,1.12
2018.02.16 07:21:49.089,1.15093,1.15103,1.00,1.25
2018.02.16 07:21:49.143,1.15088,1.15103,1.37,1.25
2018.02.16 07:21:49.199,1.15087,1.151,1.00,1.50
2018.02.16 07:21:49.307,1.15084,1.151,3.56,1.00
2018.02.16 07:21:49.465,1.15088,1.15103,1.00,1.69
2018.02.16 07:21:49.778,1.1509,1.15105,1.87,1.19
2018.02.16 07:21:51.689,1.1509,1.15105,2.06,1.19
2018.02.16 07:21:52.069,1.15089,1.15105,1.94,1.19
2018.02.16 07:21:54.623,1.1509,1.15108,1.69,1.69
2018.02.16 07:21:54.728,1.15093,1.1511,1.00,2.00
2018.02.16 07:21:55.330,1.15094,1.1511,1.12,1.31
2018.02.16 07:21:56.253,1.15094,1.15111,1.12,3.75
2018.02.16 07:21:56.306,1.15094,1.1511,1.12,1.31
2018.02.16 07:21:56.630,1.15093,1.15109,1.87,1.19
2018.02.16 07:21:57.175,1.15093,1.15109,2.81,1.00
2018.02.16 07:22:00.156,1.15095,1.15109,1.00,1.00
2018.02.16 07:22:00.659,1.15095,1.15111,1.25,1.56
2018.02.16 07:22:01.655,1.15095,1.15111,1.19,1.56
2018.02.16 07:22:05.967,1.15098,1.15114,1.00,2.44
2018.02.16 07:22:06.020,1.15098,1.15113,1.87,1.00
2018.02.16 07:22:06.228,1.15101,1.15117,1.00,2.44
2018.02.16 07:22:19.737,1.15102,1.15117,1.12,1.25
2018.02.16 07:22:21.350,1.15102,1.15117,1.50,1.19
2018.02.16 07:22:24.597,1.15102,1.15117,1.00,1.19
2018.02.16 07:22:26.061,1.15099,1.15114,1.50,1.44
2018.02.16 07:22:26.114,1.15098,1.15113,1.00,1.19
2018.02.16 07:22:26.484,1.151,1.15115,1.00,1.69
2018.02.16 07:22:26.537,1.15103,1.15117,1.00,2.62
2018.02.16 07:22:26.693,1.15106,1.15122,1.20,1.31
2018.02.16 07:22:26.796,1.15106,1.15122,1.57,1.31
2018.02.16 07:22:27.145,1.15105,1.15122,3.07,2.06
2018.02.16 07:22:28.457,1.15106,1.15122,1.95,2.44
2018.02.16 07:22:30.346,1.15107,1.15122,1.00,2.06
2018.02.16 07:22:30.503,1.15108,1.15125,1.57,2.51
2018.02.16 07:22:30.556,1.15108,1.15125,1.57,2.51
2018.02.16 07:22:30.712,1.15107,1.15124,1.82,1.44
2018.02.16 07:22:30.921,1.15103,1.1512,1.20,1.44
2018.02.16 07:22:31.050,1.15104,1.15119,1.10,1.00
2018.02.16 07:22:31.102,1.15106,1.15121,1.10,1.19
2018.02.16 07:22:31.650,1.15105,1.15121,1.95,1.25
2018.02.16 07:22:32.169,1.15106,1.1512,1.20,1.19
2018.02.16 07:22:32.425,1.15103,1.15121,2.25,1.19
2018.02.16 07:22:32.928,1.15103,1.15121,1.50,1.69
2018.02.16 07:22:33.457,1.15104,1.15121,1.00,1.69
2018.02.16 07:22:33.574,1.15103,1.1512,3.00,1.19
2018.02.16 07:22:33.781,1.15104,1.15121,1.50,2.62
2018.02.16 07:22:34.600,1.15103,1.15121,2.25,1.87
2018.02.16 07:22:34.756,1.15104,1.15121,1.00,1.87
2018.02.16 07:22:34.887,1.15104,1.15121,1.00,1.87
2018.02.16 07:22:35.418,1.15104,1.15121,1.50,2.62
2018.02.16 07:22:35.728,1.15104,1.15121,1.00,5.44
2018.02.16 07:22:36.271,1.15103,1.15119,1.50,1.19
2018.02.16 07:22:36.586,1.15098,1.15115,3.00,2.81
2018.02.16 07:22:36.639,1.15095,1.15113,2.25,3.94
2018.02.16 07:22:36.742,1.15095,1.15112,3.00,2.44
2018.02.16 07:22:38.307,1.15099,1.15113,1.00,2.06
2018.02.16 07:22:38.360,1.15095,1.15112,4.87,1.31
2018.02.16 07:22:38.464,1.15095,1.15112,3.00,2.25
2018.02.16 07:22:43.559,1.15098,1.15115,1.50,4.12
2018.02.16 07:22:44.431,1.151,1.15115,1.00,1.94
2018.02.16 07:22:46.232,1.15098,1.15115,1.00,1.94
2018.02.16 07:22:48.455,1.15099,1.15115,1.00,1.94
2018.02.16 07:22:48.983,1.15099,1.15115,1.00,1.94
2018.02.16 07:22:55.584,1.15099,1.15111,1.00,2.44
2018.02.16 07:22:55.688,1.15093,1.15107,1.00,1.44
2018.02.16 07:22:55.861,1.1509,1.15104,2.62,1.19
2018.02.16 07:22:55.925,1.15087,1.15104,1.00,3.19
2018.02.16 07:22:56.242,1.15089,1.15104,1.00,2.44
2018.02.16 07:22:56.596,1.15095,1.15109,1.50,1.19
2018.02.16 07:22:57.176,1.15097,1.1511,1.00,1.69
2018.02.16 07:22:57.514,1.15096,1.15108,1.12,1.19
2018.02.16 07:22:58.076,1.15097,1.15108,1.00,1.19
2018.02.16 07:22:58.819,1.15096,1.15108,1.12,1.19
2018.02.16 07:22:58.979,1.15098,1.1511,1.00,1.19
2018.02.16 07:22:59.526,1.15099,1.15111,1.00,1.87
2018.02.16 07:23:00.766,1.15099,1.15108,1.00,1.19
2018.02.16 07:23:01.054,1.15096,1.15108,1.00,1.19
2018.02.16 07:23:01.597,1.15095,1.15108,1.12,1.19
2018.02.16 07:23:02.864,1.15096,1.15108,1.00,1.19
2018.02.16 07:23:02.967,1.15096,1.15111,1.00,1.31
2018.02.16 07:23:04.551,1.15095,1.15111,1.12,1.19
2018.02.16 07:23:06.391,1.15095,1.15111,1.12,1.69
2018.02.16 07:23:07.034,1.15095,1.15108,1.12,1.19
2018.02.16 07:23:07.772,1.15096,1.15111,1.00,1.19
2018.02.16 07:23:07.826,1.15098,1.15112,1.50,1.69
2018.02.16 07:23:08.137,1.15098,1.1511,1.50,1.19
2018.02.16 07:23:08.339,1.15095,1.15109,2.62,1.69
2018.02.16 07:23:08.655,1.15096,1.15109,1.50,1.19
2018.02.16 07:23:09.185,1.15098,1.15111,1.00,1.69
2018.02.16 07:23:10.744,1.15096,1.15107,2.25,1.44
2018.02.16 07:23:11.539,1.15093,1.15107,1.50,1.69
2018.02.16 07:23:12.518,1.15094,1.15107,1.00,2.06
2018.02.16 07:23:13.199,1.1509,1.15104,1.50,1.19
2018.02.16 07:23:13.303,1.1509,1.15103,1.00,2.47
2018.02.16 07:23:13.356,1.15088,1.15103,1.12,2.06
2018.02.16 07:23:13.531,1.1509,1.15102,1.00,1.69
2018.02.16 07:23:13.864,1.15093,1.15104,1.12,1.44
2018.02.16 07:23:13.968,1.15092,1.15106,1.37,2.81
2018.02.16 07:23:14.719,1.15093,1.15107,1.12,2.06
2018.02.16 07:23:14.772,1.15094,1.15107,1.75,1.69
2018.02.16 07:23:16.585,1.15094,1.15107,1.75,1.69
2018.02.16 07:23:19.381,1.15091,1.15107,1.37,1.69
2018.02.16 07:23:21.824,1.15092,1.15108,1.75,1.31
2018.02.16 07:23:21.929,1.15099,1.15113,1.00,1.50
2018.02.16 07:23:22.127,1.151,1.15117,1.50,2.62
2018.02.16 07:23:23.143,1.15101,1.15117,1.12,2.06
2018.02.16 07:23:23.198,1.15108,1.15118,1.00,1.00
2018.02.16 07:23:23.351,1.15113,1.15128,1.12,2.14
2018.02.16 07:23:24.211,1.15112,1.15128,2.25,1.64
2018.02.16 07:23:24.405,1.1511,1.15123,1.75,1.44
2018.02.16 07:23:24.457,1.15108,1.15123,2.25,2.06
2018.02.16 07:23:24.969,1.15102,1.15117,1.12,1.44
2018.02.16 07:23:25.256,1.15102,1.15117,1.12,1.87
2018.02.16 07:23:27.741,1.15101,1.15117,1.57,1.25
2018.02.16 07:23:27.867,1.15106,1.15122,3.07,2.06
2018.02.16 07:23:28.378,1.15106,1.15121,1.85,1.19
2018.02.16 07:23:30.879,1.15109,1.15124,1.00,3.26
2018.02.16 07:23:30.997,1.15107,1.15121,1.57,1.44
2018.02.16 07:23:31.308,1.15106,1.1512,1.00,1.62
2018.02.16 07:23:31.933,1.15107,1.1512,1.00,1.87
2018.02.16 07:23:32.312,1.15105,1.15119,1.00,1.44
2018.02.16 07:23:32.416,1.15105,1.15117,1.00,1.19
2018.02.16 07:23:33.316,1.15104,1.15119,2.32,1.19
2018.02.16 07:23:34.262,1.15104,1.1512,2.32,1.19
2018.02.16 07:23:34.778,1.15105,1.15119,1.00,1.44
2018.02.16 07:23:36.181,1.15105,1.15119,1.00,1.25
2018.02.16 07:23:36.233,1.15105,1.15119,1.00,1.44
2018.02.16 07:23:36.959,1.15105,1.15119,1.00,1.44
2018.02.16 07:23:37.560,1.15104,1.15118,2.32,1.19
2018.02.16 07:23:37.786,1.15106,1.15121,1.00,1.25
2018.02.16 07:23:37.924,1.1511,1.15121,1.37,1.19
2018.02.16 07:23:38.078,1.15107,1.1512,1.00,1.31
2018.02.16 07:23:38.129,1.15107,1.1512,1.00,1.31
2018.02.16 07:23:38.779,1.15107,1.1512,1.50,1.19
2018.02.16 07:23:39.292,1.15107,1.15119,1.50,1.19
2018.02.16 07:23:39.398,1.15105,1.15118,1.50,1.56
2018.02.16 07:23:39.452,1.15107,1.15117,1.00,1.25
2018.02.16 07:23:39.560,1.15107,1.15121,1.00,1.69
2018.02.16 07:23:39.682,1.1511,1.15124,1.50,1.39
2018.02.16 07:23:39.990,1.15104,1.15118,1.12,1.25
2018.02.16 07:23:40.095,1.15105,1.15117,1.00,1.19
2018.02.16 07:23:40.251,1.15102,1.15117,1.12,1.19
2018.02.16 07:23:40.656,1.15102,1.15116,1.12,1.25
2018.02.16 07:23:41.994,1.15101,1.15117,3.00,1.19
2018.02.16 07:23:44.770,1.15103,1.15119,2.25,1.00
2018.02.16 07:23:45.487,1.15103,1.15119,2.25,1.44
2018.02.16 07:23:47.628,1.15103,1.15119,1.75,1.19
2018.02.16 07:23:47.992,1.15106,1.1512,1.12,1.19
2018.02.16 07:23:48.662,1.15104,1.15119,2.62,1.12
2018.02.16 07:23:53.133,1.15102,1.15116,1.12,1.00
2018.02.16 07:23:55.824,1.151,1.15116,3.19,1.19
2018.02.16 07:23:55.876,1.15104,1.15117,1.00,1.25
2018.02.16 07:23:55.931,1.15104,1.15119,2.62,1.00
2018.02.16 07:23:56.445,1.15107,1.15122,1.75,1.69
2018.02.16 07:23:57.234,1.15105,1.15119,1.50,1.19
2018.02.16 07:23:58.473,1.15105,1.1512,1.00,1.00
2018.02.16 07:23:58.526,1.15105,1.15118,1.00,1.25
2018.02.16 07:23:58.577,1.15102,1.15118,2.44,1.25
2018.02.16 07:23:58.630,1.15102,1.15117,1.50,1.19
2018.02.16 07:23:58.945,1.151,1.15113,1.00,1.25
2018.02.16 07:24:02.627,1.15098,1.15113,1.12,1.25
2018.02.16 07:24:02.681,1.15096,1.15111,1.75,3.00
2018.02.16 07:24:02.734,1.15096,1.1511,1.00,1.50
2018.02.16 07:24:02.790,1.15093,1.15107,1.00,1.69
2018.02.16 07:24:03.331,1.15092,1.15107,1.00,1.69
2018.02.16 07:24:03.866,1.15091,1.15107,1.50,1.25
2018.02.16 07:24:04.436,1.15093,1.15107,1.00,1.25
2018.02.16 07:24:04.746,1.1509,1.15106,2.00,1.19
2018.02.16 07:24:08.362,1.15093,1.15108,1.00,2.25
2018.02.16 07:24:08.888,1.15093,1.15108,1.00,1.50
2018.02.16 07:24:09.460,1.15092,1.15108,1.12,1.44
2018.02.16 07:24:09.785,1.15091,1.15106,1.50,1.19
2018.02.16 07:24:10.185,1.1509,1.15103,1.12,1.19
2018.02.16 07:24:11.601,1.15088,1.15101,1.37,1.00
2018.02.16 07:24:11.654,1.15087,1.15102,1.00,1.19
2018.02.16 07:24:11.706,1.15088,1.15102,1.00,1.00
2018.02.16 07:24:13.578,1.15088,1.15103,1.50,1.12
2018.02.16 07:24:16.243,1.15089,1.15106,2.25,1.69
2018.02.16 07:24:16.745,1.15088,1.15104,1.00,1.19
2018.02.16 07:24:17.165,1.1509,1.15105,1.00,1.31
2018.02.16 07:24:17.217,1.15089,1.15106,3.00,1.19
2018.02.16 07:24:17.322,1.15091,1.15108,1.87,2.44
2018.02.16 07:24:17.525,1.15095,1.1511,1.00,2.62
2018.02.16 07:24:17.840,1.15095,1.1511,2.25,1.19
2018.02.16 07:24:17.944,1.15095,1.1511,1.00,1.69
2018.02.16 07:24:18.357,1.15096,1.15111,1.00,1.19
2018.02.16 07:24:18.902,1.15095,1.15109,1.75,1.25
2018.02.16 07:24:19.973,1.15096,1.15109,1.50,1.19
2018.02.16 07:24:20.129,1.15096,1.15113,3.19,1.87
2018.02.16 07:24:20.741,1.15096,1.15111,1.50,1.00
2018.02.16 07:24:20.793,1.15093,1.15108,2.06,1.25
2018.02.16 07:24:21.125,1.15096,1.1511,1.00,2.06
2018.02.16 07:24:21.367,1.15096,1.15113,1.50,3.56
2018.02.16 07:24:21.470,1.15099,1.15112,1.00,1.00
2018.02.16 07:24:21.624,1.15094,1.1511,2.62,1.00
2018.02.16 07:24:24.085,1.15094,1.15111,2.62,1.87
2018.02.16 07:24:24.601,1.15094,1.1511,2.62,1.00
2018.02.16 07:24:24.704,1.15093,1.1511,1.69,2.44
2018.02.16 07:24:24.808,1.15096,1.1511,1.00,1.50
2018.02.16 07:24:25.015,1.15098,1.15113,1.00,3.19
2018.02.16 07:24:25.526,1.15097,1.15112,1.00,2.06
2018.02.16 07:24:27.338,1.15098,1.15112,1.00,1.62
2018.02.16 07:24:28.288,1.15099,1.15114,1.00,3.19
2018.02.16 07:24:28.815,1.15098,1.15111,1.00,1.12
2018.02.16 07:24:29.998,1.15097,1.15111,1.00,1.12
2018.02.16 07:24:31.303,1.15096,1.15111,1.12,1.12
2018.02.16 07:24:31.613,1.15092,1.15106,1.50,1.37
2018.02.16 07:24:31.943,1.15092,1.15108,1.50,2.62
2018.02.16 07:24:32.458,1.15093,1.15109,1.00,1.56
2018.02.16 07:24:32.990,1.15092,1.15109,1.87,1.81
2018.02.16 07:24:33.531,1.15092,1.15109,1.87,1.62
2018.02.16 07:24:33.819,1.15096,1.15112,1.00,2.25
2018.02.16 07:24:34.147,1.15091,1.15108,2.62,1.50
2018.02.16 07:24:34.653,1.15091,1.15108,3.00,1.00
2018.02.16 07:24:35.230,1.15093,1.15109,1.50,2.62
2018.02.16 07:24:35.742,1.15093,1.15108,1.69,1.00
2018.02.16 07:24:37.104,1.15094,1.15109,1.00,2.62
2018.02.16 07:24:37.858,1.15093,1.15108,1.50,1.00
2018.02.16 07:24:38.361,1.15094,1.1511,1.25,1.37
2018.02.16 07:24:39.201,1.15093,1.15111,2.44,2.44
2018.02.16 07:24:39.306,1.15095,1.15111,1.00,2.44
2018.02.16 07:24:39.997,1.15096,1.15111,1.12,1.75
2018.02.16 07:24:42.157,1.15098,1.15111,1.00,2.25
2018.02.16 07:24:42.210,1.151,1.15113,1.00,1.00
2018.02.16 07:24:42.262,1.151,1.15115,1.00,1.00
2018.02.16 07:24:42.802,1.151,1.15116,1.37,1.25
2018.02.16 07:24:46.051,1.15098,1.15114,1.25,1.50
2018.02.16 07:24:46.676,1.15098,1.15113,1.00,1.25
2018.02.16 07:24:47.190,1.15097,1.15114,1.50,1.87
2018.02.16 07:24:49.113,1.15097,1.15112,1.00,1.00
2018.02.16 07:24:49.268,1.15095,1.15111,1.00,1.00
2018.02.16 07:24:50.149,1.15095,1.1511,1.00,1.00
2018.02.16 07:24:50.201,1.15095,1.15108,1.00,1.00
2018.02.16 07:24:51.784,1.15093,1.15108,2.44,1.00
2018.02.16 07:24:52.338,1.15093,1.15108,2.44,1.00
2018.02.16 07:24:54.103,1.15092,1.15108,1.50,1.50
2018.02.16 07:24:54.650,1.15091,1.15108,2.25,1.50
2018.02.16 07:24:54.703,1.15092,1.15106,1.00,1.00
2018.02.16 07:24:55.024,1.15094,1.15108,1.25,1.50
2018.02.16 07:24:55.354,1.15097,1.15112,2.44,1.12
2018.02.16 07:24:55.880,1.15098,1.15114,4.31,1.19
2018.02.16 07:24:56.389,1.151,1.15115,1.50,1.31
2018.02.16 07:24:56.957,1.15101,1.15116,1.25,1.19
2018.02.16 07:24:57.390,1.15098,1.15111,1.12,1.19
2018.02.16 07:24:57.538,1.15095,1.15111,1.50,1.19
2018.02.16 07:25:00.849,1.15094,1.15108,1.82,1.00
2018.02.16 07:25:01.792,1.15094,1.15111,1.85,1.44
2018.02.16 07:25:02.792,1.15094,1.15111,2.32,1.44
2018.02.16 07:25:03.331,1.15095,1.1511,1.00,1.69
2018.02.16 07:25:03.726,1.15095,1.1511,1.57,1.50
2018.02.16 07:25:03.893,1.15095,1.15112,1.95,1.00
2018.02.16 07:25:04.048,1.15097,1.15113,2.14,2.06
2018.02.16 07:25:04.385,1.15104,1.1512,4.20,1.31
2018.02.16 07:25:04.991,1.15104,1.1512,3.07,1.31
2018.02.16 07:25:05.526,1.15104,1.15119,1.57,1.31
2018.02.16 07:25:07.925,1.15104,1.15118,2.32,1.00
2018.02.16 07:25:08.315,1.15104,1.15116,1.50,1.19
2018.02.16 07:25:09.960,1.15103,1.15115,1.00,1.25
2018.02.16 07:25:10.013,1.15101,1.15115,1.10,1.00
2018.02.16 07:25:10.065,1.151,1.15117,2.14,1.00
2018.02.16 07:25:10.172,1.15103,1.1512,2.89,1.87
2018.02.16 07:25:10.424,1.15105,1.15122,2.32,1.25
2018.02.16 07:25:10.750,1.15109,1.15122,1.00,1.19
2018.02.16 07:25:11.295,1.1511,1.15123,1.00,1.00
2018.02.16 07:25:11.937,1.1511,1.15124,1.57,1.00
2018.02.16 07:25:12.506,1.1511,1.15124,1.57,1.00
2018.02.16 07:25:14.025,1.15115,1.15128,1.50,1.76
2018.02.16 07:25:14.654,1.15117,1.1513,1.00,2.70
2018.02.16 07:25:18.136,1.15118,1.15128,1.00,1.95
2018.02.16 07:25:21.466,1.15114,1.15127,1.75,2.14
2018.02.16 07:25:21.519,1.15112,1.15126,1.37,1.57
2018.02.16 07:25:21.622,1.15111,1.15127,1.75,3.07
2018.02.16 07:25:22.993,1.15111,1.15125,1.37,1.95
2018.02.16 07:25:23.148,1.15112,1.15123,1.12,1.56
2018.02.16 07:25:25.130,1.15109,1.15122,1.75,1.56
2018.02.16 07:25:25.485,1.15109,1.15121,1.00,1.31
2018.02.16 07:25:26.098,1.15109,1.15121,1.00,1.56
2018.02.16 07:25:30.213,1.15109,1.15122,1.37,1.44
2018.02.16 07:25:30.737,1.1511,1.15122,1.12,1.12
2018.02.16 07:25:30.951,1.15116,1.15127,1.00,1.76
2018.02.16 07:25:31.500,1.15115,1.1513,1.50,2.14
2018.02.16 07:25:32.001,1.15116,1.1513,1.12,2.32
2018.02.16 07:25:33.093,1.15115,1.15129,1.50,1.57
2018.02.16 07:25:33.937,1.15116,1.15129,1.12,1.82
2018.02.16 07:25:34.532,1.15115,1.15129,1.50,1.70
2018.02.16 07:25:35.363,1.15116,1.15129,1.12,1.82
2018.02.16 07:25:35.517,1.15112,1.15126,1.37,1.45
2018.02.16 07:25:35.620,1.15112,1.15126,1.37,1.51
2018.02.16 07:25:35.775,1.15115,1.15128,1.37,2.51
2018.02.16 07:25:36.344,1.15116,1.15128,1.12,2.14
2018.02.16 07:25:37.334,1.15115,1.1513,1.37,2.89
2018.02.16 07:25:38.153,1.15116,1.15129,1.12,2.51
2018.02.16 07:25:40.940,1.15115,1.15129,1.37,2.70
2018.02.16 07:25:43.178,1.15116,1.15129,1.12,2.14
2018.02.16 07:25:43.817,1.15115,1.1513,1.37,1.45
2018.02.16 07:25:44.762,1.15118,1.15133,1.00,2.55
2018.02.16 07:25:44.815,1.15122,1.15135,1.00,1.87
2018.02.16 07:25:45.367,1.15121,1.15136,1.87,1.19
2018.02.16 07:25:45.625,1.15122,1.15136,1.50,1.12
2018.02.16 07:25:45.732,1.15126,1.15135,1.37,1.19
2018.02.16 07:25:45.786,1.15124,1.15137,1.12,1.87
2018.02.16 07:25:45.839,1.15123,1.15139,1.50,2.81
2018.02.16 07:25:45.893,1.15126,1.15139,1.00,1.19
2018.02.16 07:25:46.792,1.15129,1.15142,1.75,1.62
2018.02.16 07:25:47.676,1.1513,1.1514,1.00,1.00
2018.02.16 07:25:47.999,1.15126,1.15138,1.12,2.00
2018.02.16 07:25:48.785,1.15123,1.15135,1.00,2.44
2018.02.16 07:25:49.100,1.15123,1.15136,1.00,1.42
2018.02.16 07:25:49.253,1.15125,1.15138,1.00,4.54
2018.02.16 07:25:49.804,1.15124,1.15137,1.00,1.44
2018.02.16 07:25:50.774,1.15125,1.15134,1.00,1.44
2018.02.16 07:25:50.843,1.15123,1.15133,1.00,1.31
2018.02.16 07:25:50.950,1.15119,1.15132,1.12,1.56
2018.02.16 07:25:51.513,1.15119,1.15132,1.12,1.56
2018.02.16 07:25:52.279,1.15118,1.15132,2.25,1.62
2018.02.16 07:25:57.366,1.15118,1.15135,2.25,3.00
2018.02.16 07:25:57.418,1.15121,1.15135,1.00,3.00
2018.02.16 07:25:57.521,1.15122,1.15136,1.00,2.06
2018.02.16 07:25:58.178,1.15122,1.15134,1.00,1.19
2018.02.16 07:25:58.491,1.15119,1.15133,1.12,1.69
2018.02.16 07:25:59.023,1.15119,1.1513,1.50,1.19
2018.02.16 07:25:59.608,1.15118,1.15129,1.00,1.19
2018.02.16 07:25:59.714,1.15115,1.15127,1.00,1.87
2018.02.16 07:25:59.940,1.15112,1.15128,1.87,1.87
2018.02.16 07:25:59.992,1.15113,1.15129,1.00,1.19
2018.02.16 07:26:00.045,1.15115,1.15129,1.00,1.19
2018.02.16 07:26:00.303,1.15113,1.15129,1.12,1.31
2018.02.16 07:26:00.567,1.15113,1.15128,1.12,1.19
2018.02.16 07:26:00.825,1.15111,1.15127,1.00,2.44
2018.02.16 07:26:01.197,1.15106,1.15121,3.26,1.19
2018.02.16 07:26:01.249,1.15106,1.15121,1.10,1.19
2018.02.16 07:26:01.405,1.15105,1.15121,1.50,1.00
2018.02.16 07:26:01.559,1.15107,1.15121,1.00,1.00
2018.02.16 07:26:02.434,1.15107,1.1512,1.69,1.00
2018.02.16 07:26:02.785,1.15104,1.1512,4.31,1.19
2018.02.16 07:26:06.844,1.15102,1.15119,1.62,1.69
2018.02.16 07:26:07.494,1.15103,1.15118,1.31,1.25
2018.02.16 07:26:08.156,1.15103,1.15119,1.12,1.69
2018.02.16 07:26:08.584,1.15103,1.15118,1.31,1.19
2018.02.16 07:26:08.792,1.15097,1.15114,3.56,1.31
2018.02.16 07:26:10.238,1.15099,1.15115,1.25,1.25
2018.02.16 07:26:10.397,1.151,1.15117,1.31,1.87
2018.02.16 07:26:10.451,1.15106,1.15119,1.00,1.00
2018.02.16 07:26:10.505,1.15107,1.15122,1.00,1.19
2018.02.16 07:26:11.126,1.15108,1.15124,1.50,1.87
2018.02.16 07:26:12.643,1.1511,1.15124,1.12,1.00
2018.02.16 07:26:12.751,1.15114,1.15128,1.50,1.25
2018.02.16 07:26:12.906,1.15113,1.15128,1.00,1.69
2018.02.16 07:26:12.959,1.15111,1.15128,1.50,2.81
2018.02.16 07:26:13.848,1.15112,1.15126,1.00,1.44
2018.02.16 07:26:15.459,1.15111,1.15126,1.00,1.69
2018.02.16 07:26:16.255,1.15111,1.15126,2.25,1.00
2018.02.16 07:26:16.766,1.15112,1.15126,1.10,1.00
2018.02.16 07:26:21.611,1.15111,1.15126,3.45,1.00
2018.02.16 07:26:22.123,1.15112,1.15126,1.00,1.00
2018.02.16 07:26:23.103,1.15113,1.15126,1.25,1.00
2018.02.16 07:26:23.661,1.15112,1.15126,1.00,1.00
2018.02.16 07:26:27.005,1.15112,1.15126,1.32,1.00
2018.02.16 07:26:28.102,1.15114,1.15129,1.69,1.19
2018.02.16 07:26:28.280,1.15113,1.15129,2.14,1.19
2018.02.16 07:26:28.792,1.15114,1.15129,1.00,1.19
2018.02.16 07:26:29.345,1.15116,1.15129,1.00,1.00
2018.02.16 07:26:29.790,1.15115,1.15129,1.00,1.19
2018.02.16 07:26:30.322,1.15113,1.15128,1.50,1.19
2018.02.16 07:26:30.852,1.15112,1.15128,2.32,1.19
2018.02.16 07:26:35.784,1.15112,1.15128,1.85,1.44
2018.02.16 07:26:35.836,1.15112,1.15127,1.75,1.44
2018.02.16 07:26:35.992,1.15109,1.15126,2.14,1.19
2018.02.16 07:26:36.200,1.15112,1.15126,1.50,1.25
2018.02.16 07:26:36.732,1.15111,1.15126,1.95,1.19
2018.02.16 07:26:37.693,1.15111,1.15126,2.70,1.25
2018.02.16 07:26:39.143,1.15112,1.15126,1.50,1.19
2018.02.16 07:26:41.185,1.15112,1.15126,1.50,2.81
2018.02.16 07:26:41.290,1.15108,1.15125,2.70,1.69
2018.02.16 07:26:41.344,1.15111,1.15126,1.00,1.87
2018.02.16 07:26:41.671,1.15111,1.15128,1.76,1.31
2018.02.16 07:26:41.978,1.15112,1.15128,1.37,3.19
2018.02.16 07:26:43.012,1.15112,1.15126,1.37,1.31
2018.02.16 07:26:46.034,1.15112,1.15127,1.00,1.69
2018.02.16 07:26:46.086,1.15109,1.15124,1.50,1.25
2018.02.16 07:26:47.508,1.1511,1.15124,1.00,1.31
2018.02.16 07:26:48.504,1.15109,1.15124,1.00,1.12
2018.02.16 07:26:49.179,1.15109,1.15123,1.00,1.00
2018.02.16 07:26:51.871,1.15109,1.15124,1.00,1.87
2018.02.16 07:26:52.297,1.15109,1.15124,2.14,1.00
2018.02.16 07:26:52.831,1.15109,1.15124,1.76,1.00
2018.02.16 07:26:53.523,1.15113,1.15127,1.00,1.00
2018.02.16 07:26:53.868,1.15114,1.15127,1.50,1.19
2018.02.16 07:26:54.360,1.15115,1.1513,1.12,2.06
2018.02.16 07:26:54.413,1.15118,1.1513,1.00,1.31
2018.02.16 07:26:54.936,1.15117,1.1513,1.12,1.25
2018.02.16 07:26:55.481,1.15118,1.1513,1.00,1.44
2018.02.16 07:26:55.620,1.15113,1.1513,2.51,2.44
2018.02.16 07:26:57.654,1.15113,1.15128,1.50,1.19
2018.02.16 07:26:58.725,1.15113,1.15128,1.50,1.25
2018.02.16 07:27:01.197,1.15114,1.15128,1.12,2.06
2018.02.16 07:27:01.302,1.1511,1.15127,2.06,1.62
2018.02.16 07:27:06.211,1.1511,1.15124,1.47,2.06
2018.02.16 07:27:06.318,1.15106,1.15122,3.64,1.00
2018.02.16 07:27:06.423,1.15106,1.15122,1.57,1.19
2018.02.16 07:27:07.050,1.15104,1.1512,1.57,1.12
2018.02.16 07:27:07.156,1.15107,1.15119,1.00,1.00
2018.02.16 07:27:07.261,1.15108,1.15123,1.50,1.56
2018.02.16 07:27:07.581,1.15109,1.15123,1.75,1.19
2018.02.16 07:27:07.722,1.15109,1.15126,1.75,1.69
2018.02.16 07:27:08.251,1.15109,1.15125,1.85,1.25
2018.02.16 07:27:08.917,1.1511,1.15126,1.50,1.00
2018.02.16 07:27:12.216,1.15111,1.15126,1.12,1.44
2018.02.16 07:27:13.092,1.15111,1.15126,2.06,1.19
2018.02.16 07:27:14.315,1.15112,1.15126,1.00,1.19
2018.02.16 07:27:15.640,1.15111,1.15126,1.12,1.19
2018.02.16 07:27:16.078,1.15113,1.15129,1.31,1.69
2018.02.16 07:27:16.130,1.15116,1.15129,1.00,1.25
2018.02.16 07:27:16.181,1.15113,1.15129,1.50,1.25
2018.02.16 07:27:16.233,1.15115,1.15129,1.69,1.25
2018.02.16 07:27:16.634,1.15117,1.15133,1.00,1.00
2018.02.16 07:27:16.841,1.15119,1.15133,1.00,1.00
2018.02.16 07:27:17.362,1.15118,1.15133,1.50,1.00
2018.02.16 07:27:17.873,1.15119,1.15133,1.00,1.00
2018.02.16 07:27:20.576,1.15118,1.15133,1.50,1.00
2018.02.16 07:27:23.518,1.15116,1.15133,2.62,2.44
2018.02.16 07:27:25.759,1.15114,1.1513,1.12,1.00
2018.02.16 07:27:33.101,1.15115,1.1513,1.00,1.00
2018.02.16 07:27:33.416,1.1512,1.15134,1.00,1.25
2018.02.16 07:27:35.330,1.15119,1.15135,1.50,1.19
2018.02.16 07:27:35.438,1.15119,1.15135,1.50,1.19
2018.02.16 07:27:36.353,1.1512,1.15135,1.00,1.31
2018.02.16 07:27:36.873,1.15122,1.15136,1.00,1.19
2018.02.16 07:27:36.926,1.15122,1.15137,1.50,1.00
2018.02.16 07:27:37.186,1.15122,1.15137,1.00,2.06
2018.02.16 07:27:37.238,1.1512,1.15137,1.00,2.44
2018.02.16 07:27:37.290,1.1512,1.15137,1.00,3.00
2018.02.16 07:27:37.569,1.1512,1.15136,1.00,1.25
2018.02.16 07:27:37.623,1.15121,1.15137,1.69,1.12
2018.02.16 07:27:37.936,1.15124,1.15137,1.31,1.00
2018.02.16 07:27:39.488,1.1512,1.15137,3.07,1.19
2018.02.16 07:27:39.592,1.15119,1.15136,2.25,2.44
2018.02.16 07:27:40.302,1.15119,1.15135,1.12,1.31
2018.02.16 07:27:43.201,1.15121,1.15135,1.50,1.00
2018.02.16 07:27:43.735,1.1512,1.15136,2.44,1.00
2018.02.16 07:27:46.169,1.15121,1.15136,1.50,2.44
2018.02.16 07:27:46.416,1.15118,1.15134,1.87,1.00
2018.02.16 07:27:47.986,1.15119,1.15134,1.00,1.00
2018.02.16 07:27:48.042,1.15122,1.15136,1.00,1.62
2018.02.16 07:27:48.167,1.15123,1.15137,1.00,1.25
2018.02.16 07:27:48.273,1.15125,1.1514,1.50,3.19
2018.02.16 07:27:49.025,1.15122,1.15139,1.50,1.19
2018.02.16 07:27:49.555,1.15123,1.15139,1.31,1.50
2018.02.16 07:27:50.089,1.15123,1.15139,1.31,1.12
2018.02.16 07:27:50.590,1.15123,1.1514,2.06,1.69
2018.02.16 07:27:50.996,1.15123,1.1514,2.44,1.25
2018.02.16 07:27:52.073,1.15124,1.1514,1.50,1.19
2018.02.16 07:27:52.206,1.1512,1.15137,1.37,1.69
2018.02.16 07:27:54.390,1.1512,1.15137,2.25,1.12
2018.02.16 07:27:54.976,1.15123,1.15137,1.00,1.12
2018.02.16 07:27:55.311,1.15124,1.1514,1.75,1.19
2018.02.16 07:27:55.573,1.15124,1.1514,1.00,2.44
2018.02.16 07:27:55.780,1.15123,1.15139,1.00,2.06
2018.02.16 07:27:55.896,1.15123,1.15137,1.00,1.19
2018.02.16 07:27:56.001,1.1512,1.15135,1.20,1.69
2018.02.16 07:27:56.055,1.1512,1.15135,1.20,1.00
2018.02.16 07:27:56.107,1.1512,1.15134,1.12,1.44
2018.02.16 07:27:56.211,1.15117,1.15134,1.01,2.25
2018.02.16 07:27:56.315,1.15119,1.15134,1.37,1.00
2018.02.16 07:27:56.522,1.15117,1.15134,1.50,2.25
2018.02.16 07:27:57.502,1.1512,1.15134,2.44,1.00
2018.02.16 07:27:57.554,1.15121,1.15136,1.87,1.00
2018.02.16 07:27:58.083,1.1512,1.15137,2.25,1.87
2018.02.16 07:27:58.457,1.15124,1.15137,1.00,1.00
2018.02.16 07:27:58.983,1.15123,1.15137,1.00,1.00
2018.02.16 07:27:59.330,1.15123,1.1514,1.75,1.69
2018.02.16 07:27:59.383,1.15121,1.15139,1.87,1.31
2018.02.16 07:28:00.083,1.15121,1.15137,1.87,1.25
2018.02.16 07:28:02.320,1.1512,1.15137,1.50,1.19
2018.02.16 07:28:02.867,1.1512,1.15137,1.50,1.69
2018.02.16 07:28:03.197,1.15119,1.15135,1.00,2.06
2018.02.16 07:28:04.314,1.15118,1.1513,1.50,1.19
2018.02.16 07:28:04.926,1.15116,1.15132,2.25,1.19
2018.02.16 07:28:05.275,1.15114,1.1513,1.12,2.62
2018.02.16 07:28:05.327,1.15113,1.15129,1.50,1.31
2018.02.16 07:28:06.400,1.15115,1.15129,1.00,1.12
2018.02.16 07:28:06.658,1.15116,1.15131,1.00,1.25
2018.02.16 07:28:06.890,1.15114,1.15131,1.50,1.87
2018.02.16 07:28:06.994,1.15112,1.15129,1.00,2.81
2018.02.16 07:28:07.566,1.15112,1.15129,1.12,2.06
2018.02.16 07:28:08.106,1.15111,1.15129,3.00,1.87
2018.02.16 07:28:08.262,1.15112,1.15129,1.12,2.06
2018.02.16 07:28:12.899,1.15111,1.15128,1.50,1.00
2018.02.16 07:28:13.445,1.1511,1.15127,3.19,1.25
2018.02.16 07:28:18.811,1.15109,1.15128,2.44,2.25
2018.02.16 07:28:18.864,1.15109,1.15128,2.06,2.62
2018.02.16 07:28:19.520,1.15111,1.15127,1.56,1.19
2018.02.16 07:28:19.626,1.15112,1.15129,2.06,1.56
2018.02.16 07:28:19.678,1.15114,1.15129,1.00,1.56
2018.02.16 07:28:19.919,1.15112,1.15129,1.31,1.56
2018.02.16 07:28:20.580,1.15113,1.15129,1.25,2.06
2018.02.16 07:28:23.177,1.15113,1.15129,1.62,1.56
2018.02.16 07:28:23.694,1.15114,1.15129,1.19,2.06
2018.02.16 07:28:23.849,1.15113,1.15129,1.00,1.62
2018.02.16 07:28:24.371,1.1511,1.15127,1.69,1.87
2018.02.16 07:28:24.479,1.15109,1.15125,1.69,1.37
2018.02.16 07:28:24.802,1.15113,1.15128,1.31,1.19
2018.02.16 07:28:27.215,1.15113,1.15128,1.31,1.19
2018.02.16 07:28:27.319,1.15112,1.15128,1.37,1.31
2018.02.16 07:28:28.702,1.1511,1.15127,2.81,1.00
2018.02.16 07:28:28.754,1.15113,1.15129,1.12,1.00
2018.02.16 07:28:28.858,1.15112,1.15128,1.87,1.19
2018.02.16 07:28:29.196,1.15117,1.1513,1.00,1.00
2018.02.16 07:28:29.249,1.15114,1.1513,1.69,1.00
2018.02.16 07:28:29.558,1.15114,1.1513,1.50,1.87
2018.02.16 07:28:29.870,1.15114,1.15129,1.50,1.25
2018.02.16 07:28:30.537,1.15115,1.15129,1.00,1.25
2018.02.16 07:28:30.708,1.15117,1.1513,1.00,1.00
2018.02.16 07:28:30.937,1.15118,1.15134,1.12,1.31
2018.02.16 07:28:31.505,1.15119,1.15134,1.00,1.31
2018.02.16 07:28:32.009,1.1512,1.15134,1.25,1.31
2018.02.16 07:28:32.163,1.1512,1.15135,1.62,1.00
2018.02.16 07:28:34.268,1.1512,1.15136,1.37,1.50
2018.02.16 07:28:34.424,1.15121,1.15136,1.12,1.62
2018.02.16 07:28:34.579,1.15121,1.15136,1.12,1.87
2018.02.16 07:28:35.000,1.15124,1.15138,1.12,1.25
2018.02.16 07:28:35.317,1.15121,1.15136,1.75,1.44
2018.02.16 07:28:35.369,1.15121,1.15138,1.75,3.56
2018.02.16 07:28:36.568,1.1512,1.15136,1.00,1.44
2018.02.16 07:28:37.324,1.15119,1.15136,1.00,1.87
2018.02.16 07:28:40.032,1.1512,1.15134,1.00,3.41
2018.02.16 07:28:40.238,1.15118,1.15133,1.00,1.30
2018.02.16 07:28:40.394,1.1512,1.15134,1.25,1.00
2018.02.16 07:28:41.469,1.15119,1.15134,1.00,1.25
2018.02.16 07:28:41.753,1.15117,1.15134,1.50,1.69
2018.02.16 07:28:41.804,1.15118,1.15134,1.75,1.12
2018.02.16 07:28:41.906,1.15117,1.15134,1.12,1.62
2018.02.16 07:28:45.395,1.15117,1.15134,1.69,1.37
2018.02.16 07:28:45.715,1.15121,1.15135,1.12,1.00
2018.02.16 07:28:47.694,1.15119,1.15135,2.00,1.87
2018.02.16 07:28:47.746,1.15118,1.15135,1.69,2.25
2018.02.16 07:28:48.232,1.15117,1.15131,1.37,1.19
2018.02.16 07:28:48.284,1.15115,1.15131,1.75,2.10
2018.02.16 07:28:48.767,1.1512,1.15132,1.00,1.00
2018.02.16 07:28:48.870,1.15122,1.15136,1.12,1.25
2018.02.16 07:28:48.922,1.15121,1.15136,2.25,1.19
2018.02.16 07:28:48.976,1.15121,1.15136,1.50,1.00
2018.02.16 07:28:49.554,1.15123,1.15136,1.00,1.00
2018.02.16 07:28:49.606,1.15125,1.15138,1.00,1.12
2018.02.16 07:28:49.657,1.15125,1.1514,1.50,1.00
2018.02.16 07:28:52.767,1.15126,1.1514,1.00,1.00
2018.02.16 07:28:53.169,1.15122,1.15138,3.00,1.00
2018.02.16 07:28:53.789,1.15122,1.15138,2.25,1.00
2018.02.16 07:28:53.883,1.15123,1.15141,1.12,2.81
2018.02.16 07:28:55.112,1.15122,1.15141,2.44,4.31
2018.02.16 07:28:55.682,1.15122,1.15138,2.44,1.25
2018.02.16 07:28:55.786,1.15123,1.15138,2.44,1.00
2018.02.16 07:28:56.210,1.15123,1.1514,1.87,1.87
2018.02.16 07:28:57.816,1.15123,1.1514,2.06,1.87
2018.02.16 07:28:58.325,1.15122,1.1514,2.62,2.06
2018.02.16 07:28:58.430,1.1512,1.15137,2.06,1.25
2018.02.16 07:28:58.638,1.15123,1.15138,1.12,1.25
2018.02.16 07:28:58.796,1.15125,1.15142,1.50,2.25
2018.02.16 07:28:59.347,1.15126,1.15142,1.12,2.25
2018.02.16 07:28:59.877,1.15125,1.15142,1.50,2.06
2018.02.16 07:29:00.386,1.15126,1.15142,1.12,2.25
2018.02.16 07:29:05.129,1.15125,1.15142,1.87,1.12
2018.02.16 07:29:05.790,1.15126,1.15143,2.00,2.62
2018.02.16 07:29:06.859,1.15125,1.15143,2.25,1.87
2018.02.16 07:29:08.083,1.15126,1.15143,1.12,2.62
2018.02.16 07:29:08.292,1.15125,1.15141,1.50,1.44
2018.02.16 07:29:08.579,1.15125,1.15141,1.50,1.25
2018.02.16 07:29:09.143,1.15125,1.1514,1.50,1.00
2018.02.16 07:29:10.799,1.15123,1.1514,1.37,1.87
2018.02.16 07:29:10.903,1.15123,1.15138,1.37,1.69
2018.02.16 07:29:11.007,1.1512,1.15136,1.37,1.12
2018.02.16 07:29:12.100,1.15122,1.15136,1.19,1.31
2018.02.16 07:29:12.762,1.15122,1.15138,1.69,1.19
2018.02.16 07:29:13.116,1.15124,1.15138,1.00,1.19
2018.02.16 07:29:13.248,1.15124,1.15138,1.00,1.25
2018.02.16 07:29:13.753,1.15123,1.15138,1.00,1.25
2018.02.16 07:29:16.232,1.15123,1.15137,1.00,1.19
2018.02.16 07:29:16.774,1.15124,1.15137,1.00,1.19
2018.02.16 07:29:17.114,1.15119,1.15133,1.50,1.19
2018.02.16 07:29:19.190,1.15121,1.15133,1.00,1.19
2018.02.16 07:29:22.784,1.1512,1.15133,1.12,1.19
2018.02.16 07:29:23.588,1.1512,1.15133,1.37,1.19
2018.02.16 07:29:23.640,1.15123,1.15137,1.00,1.87
2018.02.16 07:29:24.922,1.15123,1.15136,1.00,1.19
2018.02.16 07:29:25.281,1.15116,1.15132,1.12,1.87
2018.02.16 07:29:26.735,1.15116,1.15132,1.37,1.19
2018.02.16 07:29:27.499,1.1512,1.15133,1.50,1.19
2018.02.16 07:29:30.292,1.15122,1.15133,1.00,1.19
2018.02.16 07:29:30.345,1.15122,1.15135,1.00,1.69
2018.02.16 07:29:30.501,1.15122,1.15135,2.25,1.69
2018.02.16 07:29:30.962,1.15122,1.15134,1.50,1.19
2018.02.16 07:29:31.483,1.15123,1.15133,1.37,1.19
2018.02.16 07:29:33.786,1.15122,1.15134,1.50,1.25
2018.02.16 07:29:34.054,1.15119,1.15137,1.50,2.81
2018.02.16 07:29:34.864,1.15119,1.15137,1.50,3.19
2018.02.16 07:29:35.020,1.15122,1.15137,1.37,1.25
2018.02.16 07:29:35.347,1.15119,1.15135,1.75,1.50
2018.02.16 07:29:35.400,1.15118,1.15135,3.00,1.31
2018.02.16 07:29:35.556,1.15118,1.15134,1.50,1.19
2018.02.16 07:29:35.764,1.15117,1.15133,1.00,1.69
2018.02.16 07:29:35.867,1.15114,1.15132,1.75,1.31
2018.02.16 07:29:39.342,1.15115,1.15131,1.50,1.19
2018.02.16 07:29:39.842,1.15113,1.15129,1.75,1.69
2018.02.16 07:29:39.893,1.15112,1.15129,1.50,2.06
2018.02.16 07:29:40.048,1.15111,1.15126,1.12,1.19
2018.02.16 07:29:40.100,1.15109,1.15125,1.00,1.69
2018.02.16 07:29:41.190,1.1511,1.15125,1.12,1.19
2018.02.16 07:29:41.708,1.15111,1.15125,1.00,1.00
2018.02.16 07:29:45.031,1.1511,1.15125,1.12,1.00
2018.02.16 07:29:45.453,1.15113,1.15125,1.00,1.00
2018.02.16 07:29:46.069,1.15113,1.15128,1.00,1.69
2018.02.16 07:29:49.224,1.15113,1.15128,1.00,1.69
2018.02.16 07:29:50.717,1.1511,1.15127,1.12,2.81
2018.02.16 07:29:51.150,1.1511,1.15125,1.12,1.69
2018.02.16 07:29:51.202,1.15106,1.15124,1.50,1.19
2018.02.16 07:29:52.938,1.15107,1.15122,1.12,1.00
2018.02.16 07:29:53.551,1.1511,1.15125,1.50,1.19
2018.02.16 07:29:53.605,1.1511,1.15125,1.50,1.00
2018.02.16 07:29:53.658,1.15112,1.15127,1.50,1.31
2018.02.16 07:29:54.941,1.15113,1.15127,1.12,2.06
2018.02.16 07:29:55.519,1.15112,1.15127,1.50,1.25
2018.02.16 07:29:58.883,1.15113,1.1513,1.12,2.06
2018.02.16 07:30:00.022,1.15113,1.15128,1.12,1.00
2018.02.16 07:30:00.709,1.15115,1.1513,1.75,1.69
2018.02.16 07:30:00.952,1.15114,1.1513,2.25,2.06
2018.02.16 07:30:01.058,1.15116,1.15133,1.75,3.00
2018.02.16 07:30:01.526,1.15115,1.1513,1.37,1.19
2018.02.16 07:30:01.886,1.15113,1.15128,1.12,1.19
2018.02.16 07:30:01.989,1.15112,1.15128,1.50,2.44
2018.02.16 07:30:02.042,1.1511,1.15126,1.20,1.25
2018.02.16 07:30:03.147,1.15115,1.15129,1.50,1.00
2018.02.16 07:30:03.781,1.15116,1.15132,2.51,1.00
2018.02.16 07:30:04.305,1.15117,1.15132,1.07,1.00
2018.02.16 07:30:04.844,1.15116,1.15132,1.07,1.25
2018.02.16 07:30:05.373,1.15116,1.15132,1.57,1.25
2018.02.16 07:30:05.847,1.15119,1.15132,1.50,1.25
2018.02.16 07:30:06.168,1.15119,1.15132,1.50,1.69
2018.02.16 07:30:06.373,1.15119,1.15132,1.00,1.12
2018.02.16 07:30:06.424,1.15115,1.1513,1.20,1.00
2018.02.16 07:30:06.527,1.15115,1.1513,1.20,2.06
2018.02.16 07:30:06.733,1.15116,1.1513,1.00,1.25
2018.02.16 07:30:06.835,1.15115,1.1513,1.12,1.19
2018.02.16 07:30:07.366,1.15116,1.15129,1.00,1.44
2018.02.16 07:30:07.892,1.15114,1.15129,1.50,1.19
2018.02.16 07:30:08.543,1.15114,1.15129,1.50,1.19
2018.02.16 07:30:09.112,1.15113,1.15129,2.32,1.19
2018.02.16 07:30:09.746,1.15113,1.15127,2.25,1.00
2018.02.16 07:30:10.054,1.15113,1.15125,2.25,1.00
2018.02.16 07:30:10.108,1.15113,1.15127,2.25,1.00
2018.02.16 07:30:10.575,1.1511,1.15127,3.45,1.69
2018.02.16 07:30:11.196,1.15109,1.15125,1.95,1.00
2018.02.16 07:30:11.456,1.15109,1.15125,1.12,2.06
2018.02.16 07:30:11.845,1.1511,1.15125,1.00,2.06
2018.02.16 07:30:12.303,1.1511,1.15125,1.50,1.25
2018.02.16 07:30:12.365,1.1511,1.15125,1.50,1.19
2018.02.16 07:30:13.542,1.15109,1.15125,1.85,1.69
2018.02.16 07:30:13.698,1.15108,1.15123,1.10,1.19
2018.02.16 07:30:14.411,1.15107,1.15123,2.06,1.19
2018.02.16 07:30:14.839,1.15109,1.15123,1.25,1.00
2018.02.16 07:30:16.872,1.15107,1.15123,2.51,1.00
2018.02.16 07:30:17.466,1.15108,1.15123,1.07,1.00
2018.02.16 07:30:19.244,1.15108,1.15123,1.10,1.00
2018.02.16 07:30:20.016,1.15107,1.15123,2.06,1.00
2018.02.16 07:30:21.385,1.15106,1.15122,3.19,1.00
2018.02.16 07:30:22.059,1.15106,1.15122,3.19,1.69
2018.02.16 07:30:22.373,1.15103,1.15118,1.50,1.19
2018.02.16 07:30:22.703,1.15107,1.15119,1.12,1.19
2018.02.16 07:30:23.324,1.15107,1.1512,1.12,1.19
2018.02.16 07:30:23.482,1.15103,1.15117,2.25,1.19
2018.02.16 07:30:23.689,1.15106,1.1512,1.25,1.69
2018.02.16 07:30:24.028,1.15109,1.15122,1.69,1.69
2018.02.16 07:30:25.047,1.15109,1.15122,1.50,1.00
2018.02.16 07:30:25.798,1.15108,1.15122,1.75,1.69
2018.02.16 07:30:25.904,1.15107,1.15122,2.00,1.00
2018.02.16 07:30:30.517,1.15107,1.15122,1.12,1.00
2018.02.16 07:30:30.575,1.15105,1.15121,1.25,1.69
2018.02.16 07:30:30.889,1.15102,1.15117,1.00,1.19
2018.02.16 07:30:31.438,1.15101,1.15117,1.00,1.19
2018.02.16 07:30:31.753,1.15105,1.1512,1.00,2.06
2018.02.16 07:30:34.352,1.15105,1.15121,1.50,2.06
2018.02.16 07:30:34.457,1.15107,1.15121,1.00,1.00
2018.02.16 07:30:34.974,1.15106,1.15121,1.00,1.12
2018.02.16 07:30:36.119,1.15106,1.15121,1.00,1.50
2018.02.16 07:30:36.461,1.15106,1.1512,1.00,2.44
2018.02.16 07:30:38.803,1.15105,1.15121,1.25,1.25
2018.02.16 07:30:38.855,1.15105,1.15121,2.00,1.25
2018.02.16 07:30:42.294,1.15105,1.15121,1.12,1.31
2018.02.16 07:30:43.096,1.15106,1.15121,1.50,1.25
2018.02.16 07:30:44.490,1.15106,1.15121,1.00,2.44
2018.02.16 07:30:44.598,1.15105,1.15119,1.50,1.19
2018.02.16 07:30:44.651,1.151,1.15117,2.44,1.31
2018.02.16 07:30:45.164,1.151,1.15116,2.06,1.69
2018.02.16 07:30:45.676,1.151,1.15116,2.06,1.69
2018.02.16 07:30:46.224,1.15104,1.15116,1.00,1.00
2018.02.16 07:30:46.763,1.15104,1.15117,1.69,1.00
2018.02.16 07:30:47.304,1.15105,1.15117,1.50,1.00
2018.02.16 07:30:48.333,1.15105,1.15119,1.25,1.25
2018.02.16 07:30:48.875,1.15104,1.15119,1.69,1.25
2018.02.16 07:30:49.426,1.15103,1.15119,2.44,1.69
2018.02.16 07:30:49.955,1.15105,1.15119,1.25,1.00
2018.02.16 07:30:50.267,1.15109,1.15122,2.06,1.00
2018.02.16 07:30:50.884,1.15108,1.15122,3.19,1.19
2018.02.16 07:30:51.469,1.15108,1.15122,3.19,1.00
2018.02.16 07:30:51.574,1.1511,1.15126,1.75,1.50
2018.02.16 07:30:52.609,1.1511,1.15126,2.44,1.19
2018.02.16 07:30:53.140,1.15114,1.15126,1.50,1.00
2018.02.16 07:30:54.148,1.15114,1.15128,1.50,1.25
2018.02.16 07:30:54.680,1.15117,1.15131,1.00,1.00
2018.02.16 07:30:55.009,1.15113,1.15127,1.37,1.25
2018.02.16 07:30:56.017,1.15113,1.15127,1.62,1.69
2018.02.16 07:30:56.396,1.15114,1.15129,1.75,1.25
2018.02.16 07:30:57.307,1.15115,1.15125,1.50,1.19
2018.02.16 07:30:57.359,1.15112,1.15125,1.00,1.19
2018.02.16 07:30:57.463,1.15109,1.15123,1.31,1.25
2018.02.16 07:30:57.515,1.15111,1.15123,1.00,1.25
2018.02.16 07:30:58.135,1.15111,1.15124,1.37,1.19
2018.02.16 07:30:58.667,1.15109,1.15121,1.75,1.19
2018.02.16 07:30:58.771,1.15106,1.15121,2.44,1.19
2018.02.16 07:30:59.062,1.15107,1.15123,1.62,1.50
2018.02.16 07:30:59.323,1.15107,1.15123,1.62,1.19
2018.02.16 07:31:00.236,1.15108,1.15123,1.87,1.19
2018.02.16 07:31:00.548,1.15109,1.15124,1.69,1.00
2018.02.16 07:31:00.857,1.15112,1.15125,1.00,1.00
2018.02.16 07:31:01.841,1.15111,1.15125,1.00,1.25
2018.02.16 07:31:02.420,1.15112,1.15125,1.00,1.25
2018.02.16 07:31:03.138,1.15112,1.15123,1.00,1.19
2018.02.16 07:31:03.192,1.15108,1.15123,2.25,1.19
2018.02.16 07:31:03.297,1.15107,1.15123,1.37,1.69
2018.02.16 07:31:03.928,1.15107,1.15121,1.37,1.19
2018.02.16 07:31:05.604,1.15107,1.15119,1.37,1.19
2018.02.16 07:31:09.194,1.15107,1.1512,1.37,1.19
2018.02.16 07:31:09.913,1.15107,1.15123,1.37,1.44
2018.02.16 07:31:11.446,1.15107,1.15123,1.37,1.81
2018.02.16 07:31:12.106,1.15107,1.15123,1.37,1.81
2018.02.16 07:31:12.158,1.15106,1.15123,1.50,1.19
2018.02.16 07:31:13.725,1.15109,1.15123,1.00,1.19
2018.02.16 07:31:14.229,1.1511,1.15123,1.00,1.19
2018.02.16 07:31:14.864,1.15109,1.15123,1.00,1.19
2018.02.16 07:31:17.208,1.1511,1.15123,1.00,1.19
2018.02.16 07:31:17.919,1.15109,1.15124,1.00,2.06
2018.02.16 07:31:18.528,1.1511,1.15124,1.00,2.06
2018.02.16 07:31:20.720,1.15109,1.15124,1.00,2.81
2018.02.16 07:31:21.449,1.1511,1.15124,1.00,2.62
2018.02.16 07:31:23.116,1.15107,1.1512,2.62,1.19
2018.02.16 07:31:23.170,1.15107,1.15123,1.12,5.06
2018.02.16 07:31:23.223,1.15107,1.15122,1.00,1.31
2018.02.16 07:31:23.404,1.15107,1.15123,1.00,4.12
2018.02.16 07:31:24.482,1.15106,1.15122,1.50,1.69
2018.02.16 07:31:24.586,1.15107,1.15123,1.12,1.69
2018.02.16 07:31:24.638,1.15107,1.15122,1.50,1.19
2018.02.16 07:31:24.847,1.15107,1.15123,1.25,1.69
2018.02.16 07:31:27.493,1.15107,1.15122,1.00,1.19
2018.02.16 07:31:27.648,1.15107,1.1512,1.00,1.19
2018.02.16 07:31:28.157,1.15106,1.1512,1.50,1.19
2018.02.16 07:31:28.489,1.15109,1.15123,1.50,1.69
2018.02.16 07:31:29.163,1.15109,1.15123,1.50,1.25
2018.02.16 07:31:29.429,1.1511,1.15126,1.12,1.31
2018.02.16 07:31:29.532,1.15113,1.15127,1.75,1.69
2018.02.16 07:31:30.393,1.15113,1.15126,1.75,1.19
2018.02.16 07:31:30.444,1.15113,1.15126,1.00,1.19
2018.02.16 07:31:30.981,1.15111,1.15126,1.37,1.19
2018.02.16 07:31:31.790,1.15109,1.15123,1.25,1.19
2018.02.16 07:31:32.321,1.15108,1.15123,2.81,1.19
2018.02.16 07:31:34.806,1.15109,1.15123,1.00,1.19
2018.02.16 07:31:36.687,1.15108,1.15122,1.12,1.19
2018.02.16 07:31:37.002,1.15104,1.15118,1.75,1.19
2018.02.16 07:31:40.111,1.15104,1.15118,1.94,1.19
2018.02.16 07:31:40.319,1.15099,1.15115,2.62,1.19
2018.02.16 07:31:40.829,1.15097,1.15114,3.00,1.25
2018.02.16 07:31:40.882,1.15097,1.15113,2.81,1.19
2018.02.16 07:31:40.935,1.15097,1.15114,3.00,1.25
2018.02.16 07:31:41.039,1.151,1.15114,1.50,1.25
2018.02.16 07:31:41.604,1.15101,1.15114,1.00,1.25
2018.02.16 07:31:41.657,1.15101,1.15117,1.00,1.69
2018.02.16 07:31:42.200,1.15101,1.15117,1.69,1.69
2018.02.16 07:31:42.742,1.151,1.15114,1.87,1.19
2018.02.16 07:31:43.267,1.15101,1.15113,1.00,1.19
2018.02.16 07:31:43.855,1.15101,1.15114,1.00,1.19
2018.02.16 07:31:44.378,1.151,1.15114,1.87,1.19
2018.02.16 07:31:47.631,1.15102,1.15114,1.00,1.00
2018.02.16 07:31:47.976,1.15102,1.15117,1.75,1.19
2018.02.16 07:31:48.540,1.15101,1.15117,1.25,1.19
2018.02.16 07:31:48.646,1.15102,1.15117,1.19,1.25
2018.02.16 07:31:49.111,1.15101,1.15117,1.69,1.69
2018.02.16 07:31:49.785,1.15101,1.15117,1.69,1.69
2018.02.16 07:31:50.319,1.15101,1.15117,1.25,1.69
2018.02.16 07:31:50.656,1.15099,1.15114,1.25,1.19
2018.02.16 07:31:51.135,1.15104,1.15114,1.12,1.25
2018.02.16 07:31:51.190,1.15105,1.15116,1.00,1.00
2018.02.16 07:31:51.889,1.15102,1.15115,2.00,1.19
2018.02.16 07:31:52.226,1.15102,1.15114,1.00,1.19
2018.02.16 07:31:52.690,1.15103,1.15116,1.25,1.12
2018.02.16 07:31:53.216,1.15104,1.15116,1.00,1.00
2018.02.16 07:31:54.255,1.15104,1.15119,1.50,1.25
2018.02.16 07:31:55.095,1.15104,1.15119,1.50,2.62
2018.02.16 07:31:55.596,1.15104,1.1512,1.12,1.69
2018.02.16 07:31:56.132,1.15105,1.1512,1.00,1.69
2018.02.16 07:31:57.137,1.15102,1.15118,1.69,1.69
2018.02.16 07:31:57.189,1.15101,1.15118,1.25,1.69
2018.02.16 07:31:57.342,1.15103,1.15118,1.69,1.50
2018.02.16 07:31:57.649,1.15105,1.15119,1.69,1.00
2018.02.16 07:31:57.771,1.15105,1.15122,1.69,1.25
2018.02.16 07:31:57.823,1.15106,1.15122,1.12,1.69
2018.02.16 07:31:59.338,1.15104,1.15121,1.75,2.44
2018.02.16 07:32:02.129,1.15103,1.15121,1.87,3.00
2018.02.16 07:32:02.285,1.15101,1.15115,2.62,1.00
2018.02.16 07:32:02.810,1.15104,1.15116,1.00,1.00
2018.02.16 07:32:03.122,1.15104,1.15116,1.37,1.00
2018.02.16 07:32:03.174,1.15104,1.1512,2.44,1.19
2018.02.16 07:32:03.720,1.15106,1.1512,1.87,1.25
2018.02.16 07:32:03.853,1.15104,1.1512,1.12,2.06
2018.02.16 07:32:05.402,1.15102,1.15117,1.00,1.19
2018.02.16 07:32:05.455,1.151,1.15117,1.19,2.44
2018.02.16 07:32:05.507,1.15099,1.15117,1.50,5.62
2018.02.16 07:32:05.843,1.15102,1.15117,1.37,1.25
2018.02.16 07:32:06.218,1.15106,1.1512,1.12,1.12
2018.02.16 07:32:06.749,1.15106,1.15122,1.12,1.31
2018.02.16 07:32:07.519,1.15107,1.15122,1.00,1.69
2018.02.16 07:32:07.826,1.15105,1.15119,1.50,1.19
2018.02.16 07:32:08.721,1.15104,1.15119,1.75,1.19
2018.02.16 07:32:09.233,1.15105,1.15119,1.69,1.00
2018.02.16 07:32:09.588,1.1511,1.15122,1.00,1.00
2018.02.16 07:32:10.189,1.15109,1.15122,1.69,1.00
2018.02.16 07:32:12.565,1.15108,1.15122,1.12,1.00
2018.02.16 07:32:13.133,1.15109,1.15122,1.00,1.00
2018.02.16 07:32:14.426,1.15108,1.15122,1.12,1.00
2018.02.16 07:32:14.736,1.15105,1.15122,1.69,1.69
2018.02.16 07:32:14.788,1.15107,1.15122,1.25,2.25
2018.02.16 07:32:19.856,1.15108,1.15122,1.00,1.00
2018.02.16 07:32:22.452,1.15107,1.15122,1.12,1.25
2018.02.16 07:32:22.837,1.15106,1.15122,1.50,1.31
2018.02.16 07:32:24.503,1.15107,1.15122,1.12,1.12
2018.02.16 07:32:25.022,1.15106,1.15121,1.00,1.31
2018.02.16 07:32:25.681,1.15109,1.15121,1.00,1.19
2018.02.16 07:32:26.230,1.15108,1.15123,1.50,1.19
2018.02.16 07:32:30.020,1.15108,1.15123,1.50,1.19
2018.02.16 07:32:31.218,1.15105,1.15121,1.12,1.50
2018.02.16 07:32:31.531,1.15107,1.15121,1.12,1.19
2018.02.16 07:32:34.487,1.15106,1.15121,1.50,1.25
2018.02.16 07:32:35.054,1.15107,1.15121,2.06,1.25
2018.02.16 07:32:35.628,1.15106,1.15121,3.56,1.25
2018.02.16 07:32:36.245,1.15106,1.15121,1.50,1.19
2018.02.16 07:32:38.227,1.15105,1.15121,1.69,1.19
2018.02.16 07:32:38.279,1.15104,1.15121,2.81,1.19
2018.02.16 07:32:38.782,1.15105,1.15121,1.00,1.87
2018.02.16 07:32:40.116,1.15104,1.1512,1.50,1.69
2018.02.16 07:32:40.220,1.15104,1.1512,1.69,1.00
2018.02.16 07:32:42.131,1.15105,1.1512,1.12,1.00
2018.02.16 07:32:43.962,1.15105,1.1512,2.06,1.19
2018.02.16 07:32:44.849,1.15107,1.1512,1.00,1.00
2018.02.16 07:32:45.262,1.15108,1.15123,1.25,1.19
2018.02.16 07:32:46.822,1.15108,1.15123,1.69,1.19
2018.02.16 07:32:47.332,1.15108,1.15123,1.00,1.25
2018.02.16 07:32:51.471,1.15108,1.15123,1.69,1.25
2018.02.16 07:32:52.475,1.15108,1.15123,1.25,1.25
2018.02.16 07:32:54.881,1.15108,1.15123,1.69,1.25
2018.02.16 07:32:55.439,1.15113,1.15126,1.25,1.19
2018.02.16 07:32:55.836,1.15116,1.1513,1.12,1.19
2018.02.16 07:32:58.205,1.15115,1.1513,1.37,1.25
2018.02.16 07:32:58.835,1.15116,1.1513,1.12,1.19
2018.02.16 07:32:59.384,1.15116,1.1513,1.12,1.19
2018.02.16 07:32:59.572,1.15116,1.15131,1.12,1.25
2018.02.16 07:33:02.600,1.15115,1.15131,1.37,1.19
2018.02.16 07:33:05.493,1.15114,1.1513,2.25,1.31
2018.02.16 07:33:08.081,1.15114,1.1513,2.25,1.31
2018.02.16 07:33:09.854,1.15114,1.15131,2.25,2.25
2018.02.16 07:33:10.197,1.15112,1.15129,1.00,1.87
2018.02.16 07:33:10.508,1.1511,1.15126,1.87,1.69
2018.02.16 07:33:12.953,1.15109,1.15127,1.00,2.44
2018.02.16 07:33:13.507,1.1511,1.15127,1.00,2.44
2018.02.16 07:33:14.018,1.15109,1.15126,1.50,1.69
2018.02.16 07:33:14.529,1.1511,1.15126,1.00,1.69
2018.02.16 07:33:16.334,1.15109,1.15126,1.50,1.69
2018.02.16 07:33:17.089,1.1511,1.15126,1.00,1.69
2018.02.16 07:33:17.629,1.15109,1.15126,1.50,1.69
2018.02.16 07:33:19.084,1.15108,1.15127,2.62,3.19
2018.02.16 07:33:19.441,1.15109,1.15126,2.25,1.19
2018.02.16 07:33:19.543,1.15109,1.15126,1.87,1.69
2018.02.16 07:33:22.010,1.1511,1.15126,1.00,1.50
2018.02.16 07:33:22.535,1.1511,1.15126,1.50,1.69
2018.02.16 07:33:22.588,1.15113,1.15127,1.00,1.25
2018.02.16 07:33:23.107,1.15112,1.15128,1.00,1.31
2018.02.16 07:33:25.107,1.15116,1.1513,1.00,1.00
2018.02.16 07:33:25.423,1.1511,1.15126,2.44,2.44
2018.02.16 07:33:25.528,1.1511,1.15126,2.06,1.25
2018.02.16 07:33:26.390,1.15111,1.15126,1.12,1.19
2018.02.16 07:33:28.024,1.15109,1.15126,1.50,1.31
2018.02.16 07:33:28.753,1.15109,1.15126,1.50,1.31
2018.02.16 07:33:31.205,1.15109,1.15126,2.25,1.00
2018.02.16 07:33:33.486,1.15109,1.15126,2.25,1.69
2018.02.16 07:33:34.015,1.15109,1.15126,2.25,1.50
2018.02.16 07:33:36.755,1.15109,1.15126,1.50,1.19
2018.02.16 07:33:39.274,1.15109,1.15126,2.25,1.50
2018.02.16 07:33:39.797,1.15109,1.15126,2.25,1.69
2018.02.16 07:33:40.087,1.15109,1.15124,1.00,1.25
2018.02.16 07:33:40.730,1.1511,1.15124,1.00,1.00
2018.02.16 07:33:41.142,1.15108,1.15124,1.50,1.00
2018.02.16 07:33:41.332,1.1511,1.15124,1.00,1.00
2018.02.16 07:33:42.070,1.15109,1.15124,1.00,1.00
2018.02.16 07:33:43.536,1.15109,1.15124,2.25,1.00
2018.02.16 07:33:47.404,1.15108,1.15124,1.75,1.19
2018.02.16 07:33:47.507,1.15108,1.15124,1.00,2.06
2018.02.16 07:33:47.771,1.15106,1.15123,2.62,1.25
2018.02.16 07:33:48.367,1.15107,1.15123,1.00,1.69
2018.02.16 07:33:48.895,1.15106,1.15123,1.50,1.62
2018.02.16 07:33:49.438,1.15107,1.15123,1.00,2.06
2018.02.16 07:33:50.384,1.15106,1.15123,1.50,2.06
2018.02.16 07:33:51.160,1.15106,1.15121,1.00,1.00
2018.02.16 07:33:51.994,1.15106,1.15122,1.00,1.12
2018.02.16 07:33:52.444,1.15106,1.1512,1.00,1.19
2018.02.16 07:33:52.601,1.15104,1.1512,1.50,1.69
2018.02.16 07:33:52.807,1.15103,1.15118,1.25,1.87
2018.02.16 07:33:54.408,1.15102,1.15117,1.00,1.31
2018.02.16 07:33:54.718,1.15099,1.15115,1.69,2.25
2018.02.16 07:33:57.536,1.15099,1.15114,1.50,1.50
2018.02.16 07:33:58.234,1.15098,1.15114,2.25,1.50
2018.02.16 07:34:02.106,1.15101,1.15115,1.00,2.44
2018.02.16 07:34:02.639,1.15101,1.15115,1.00,1.19
2018.02.16 07:34:02.751,1.15099,1.15114,1.50,1.62
2018.02.16 07:34:07.289,1.151,1.15114,1.00,1.37
2018.02.16 07:34:07.344,1.15101,1.15115,1.00,1.31
2018.02.16 07:34:07.878,1.15103,1.15116,1.00,1.19
2018.02.16 07:34:08.404,1.15102,1.15116,1.50,1.19
2018.02.16 07:34:14.459,1.151,1.15116,1.87,1.56
2018.02.16 07:34:15.026,1.15101,1.15116,1.00,1.56
2018.02.16 07:34:15.540,1.15103,1.15116,3.00,1.37
2018.02.16 07:34:15.646,1.15104,1.15119,1.12,1.19
2018.02.16 07:34:16.158,1.15102,1.15119,1.75,1.69
2018.02.16 07:34:16.413,1.15102,1.15118,1.25,1.19
2018.02.16 07:34:16.985,1.15101,1.15118,1.25,1.69
2018.02.16 07:34:25.899,1.15101,1.15117,1.19,1.69
2018.02.16 07:34:27.893,1.15101,1.15117,1.19,1.69
2018.02.16 07:34:28.080,1.151,1.15117,1.69,2.44
2018.02.16 07:34:28.237,1.15097,1.15113,1.87,1.19
2018.02.16 07:34:28.949,1.15095,1.1511,1.69,1.19
2018.02.16 07:34:29.105,1.15095,1.1511,1.25,1.19
2018.02.16 07:34:29.815,1.15094,1.1511,3.19,1.19
2018.02.16 07:34:30.280,1.15095,1.15111,1.25,1.19
2018.02.16 07:34:30.892,1.15096,1.15111,1.00,1.19
2018.02.16 07:34:31.458,1.15095,1.15111,1.25,1.19
2018.02.16 07:34:31.893,1.15095,1.1511,1.25,1.19
2018.02.16 07:34:32.109,1.15095,1.15111,1.25,2.62
2018.02.16 07:34:32.396,1.15095,1.1511,1.25,1.19
2018.02.16 07:34:32.637,1.15095,1.15111,1.25,1.87
2018.02.16 07:34:32.689,1.15097,1.15111,1.25,1.25
2018.02.16 07:34:33.220,1.15096,1.15111,2.25,1.00
2018.02.16 07:34:34.504,1.15096,1.15111,1.50,1.69
2018.02.16 07:34:34.806,1.15098,1.15114,2.81,1.25
2018.02.16 07:34:35.063,1.15098,1.15114,1.69,1.19
2018.02.16 07:34:35.594,1.15099,1.15114,1.00,1.19
2018.02.16 07:34:36.116,1.15098,1.15114,1.12,1.19
2018.02.16 07:34:36.448,1.151,1.15114,1.00,1.19
2018.02.16 07:34:38.057,1.15098,1.15114,1.69,1.19
2018.02.16 07:34:38.720,1.15097,1.15113,1.39,1.19
2018.02.16 07:34:39.026,1.15094,1.15111,2.89,1.31
2018.02.16 07:34:39.492,1.15093,1.15108,1.01,1.19
2018.02.16 07:34:39.804,1.1509,1.15105,1.69,1.69
2018.02.16 07:34:39.857,1.15088,1.15105,2.51,1.31
2018.02.16 07:34:40.360,1.15088,1.15105,3.26,1.31
2018.02.16 07:34:41.189,1.1509,1.15104,1.00,1.19
2018.02.16 07:34:41.404,1.1509,1.15105,1.50,1.25
2018.02.16 07:34:41.656,1.1509,1.15104,1.00,1.87
2018.02.16 07:34:41.709,1.1509,1.15105,1.00,2.81
2018.02.16 07:34:41.813,1.15092,1.15105,1.50,1.50
2018.02.16 07:34:41.866,1.15092,1.15107,1.12,1.19
2018.02.16 07:34:42.356,1.15093,1.15109,1.31,1.62
2018.02.16 07:34:42.408,1.15095,1.15111,1.12,2.44
2018.02.16 07:34:42.921,1.15094,1.15111,2.70,1.69
2018.02.16 07:34:43.516,1.15093,1.15108,2.04,1.00
2018.02.16 07:34:43.723,1.15092,1.15109,3.26,1.50
2018.02.16 07:34:44.063,1.15095,1.15109,1.00,1.50
2018.02.16 07:34:44.575,1.15093,1.15108,1.76,1.00
2018.02.16 07:34:45.130,1.15094,1.15109,1.25,1.00
2018.02.16 07:34:45.570,1.15094,1.1511,1.69,1.25
2018.02.16 07:34:46.996,1.15094,1.1511,1.50,1.44
2018.02.16 07:34:47.048,1.15094,1.1511,1.00,1.87
2018.02.16 07:34:47.587,1.15094,1.1511,1.50,1.44
2018.02.16 07:34:47.639,1.15094,1.1511,1.50,1.12
2018.02.16 07:34:50.888,1.15098,1.1511,1.25,1.00
2018.02.16 07:34:50.995,1.15099,1.15113,1.31,1.00
2018.02.16 07:34:53.235,1.15097,1.15113,1.00,1.50
2018.02.16 07:34:53.778,1.15098,1.15113,1.25,1.50
2018.02.16 07:34:53.831,1.151,1.15113,1.00,1.50
2018.02.16 07:34:54.148,1.151,1.15113,2.25,1.00
2018.02.16 07:34:57.412,1.15098,1.15113,1.57,1.25
2018.02.16 07:34:57.613,1.15098,1.15112,1.50,1.19
2018.02.16 07:34:58.126,1.15098,1.15112,1.50,1.25
2018.02.16 07:35:00.183,1.15095,1.15112,3.45,1.31
2018.02.16 07:35:00.602,1.15097,1.15112,1.19,1.87
2018.02.16 07:35:00.913,1.15099,1.15115,1.31,1.12
2018.02.16 07:35:01.121,1.15102,1.15116,1.50,1.00
2018.02.16 07:35:02.226,1.15102,1.15116,1.50,1.19
2018.02.16 07:35:03.319,1.15102,1.15116,1.00,1.00
2018.02.16 07:35:04.423,1.15105,1.15119,1.00,1.00
2018.02.16 07:35:04.529,1.15109,1.15124,1.00,1.69
2018.02.16 07:35:05.069,1.15109,1.15124,1.57,1.25
2018.02.16 07:35:05.368,1.15112,1.15125,1.00,1.19
2018.02.16 07:35:06.170,1.15111,1.15125,1.12,1.19
2018.02.16 07:35:07.572,1.15112,1.15125,1.00,1.19
2018.02.16 07:35:08.482,1.15111,1.15127,1.12,1.69
2018.02.16 07:35:08.586,1.15111,1.15127,1.12,1.19
2018.02.16 07:35:09.227,1.15112,1.15127,1.69,1.19
2018.02.16 07:35:09.332,1.15112,1.15129,1.76,2.06
2018.02.16 07:35:09.718,1.15112,1.15127,1.00,1.69
2018.02.16 07:35:10.007,1.1511,1.15127,1.57,1.69
2018.02.16 07:35:10.663,1.1511,1.15126,1.76,1.00
2018.02.16 07:35:11.084,1.15113,1.15126,1.00,1.00
2018.02.16 07:35:11.189,1.15112,1.15128,2.89,1.50
2018.02.16 07:35:11.294,1.15111,1.15128,3.26,1.19
2018.02.16 07:35:11.457,1.15111,1.15128,1.87,1.19
2018.02.16 07:35:11.645,1.15113,1.15126,1.76,1.00
2018.02.16 07:35:11.698,1.15113,1.15129,1.76,1.00
2018.02.16 07:35:12.260,1.15113,1.15129,1.87,1.62
2018.02.16 07:35:13.006,1.15112,1.15129,3.26,1.56
2018.02.16 07:35:13.111,1.15111,1.15126,2.06,2.06
2018.02.16 07:35:13.493,1.15113,1.15129,1.31,1.31
2018.02.16 07:35:13.989,1.15113,1.15129,2.70,1.31
2018.02.16 07:35:20.653,1.15114,1.1513,1.39,1.69
2018.02.16 07:35:21.204,1.15114,1.1513,1.57,1.69
2018.02.16 07:35:22.241,1.15114,1.1513,2.32,1.37
2018.02.16 07:35:27.269,1.15117,1.15131,1.00,1.00
2018.02.16 07:35:27.378,1.15117,1.15132,1.75,1.25
2018.02.16 07:35:27.482,1.15116,1.15132,2.14,1.44
2018.02.16 07:35:27.696,1.15119,1.15132,1.00,1.19
2018.02.16 07:35:28.006,1.15123,1.15134,1.25,1.00
2018.02.16 07:35:28.160,1.1512,1.15134,2.70,1.00
2018.02.16 07:35:28.263,1.15123,1.15134,1.00,1.00
2018.02.16 07:35:34.995,1.15122,1.15134,1.00,1.25
2018.02.16 07:35:35.154,1.15124,1.15137,1.31,1.00
2018.02.16 07:35:35.210,1.15125,1.15139,1.69,1.00
2018.02.16 07:35:35.263,1.1513,1.15142,1.50,1.35
2018.02.16 07:35:35.420,1.1513,1.15144,1.50,1.00
2018.02.16 07:35:35.937,1.15131,1.15145,1.12,1.00
2018.02.16 07:35:36.074,1.15133,1.15149,1.37,1.72
2018.02.16 07:35:36.388,1.1513,1.15147,2.62,2.44
2018.02.16 07:35:36.904,1.15134,1.15149,1.00,4.12
2018.02.16 07:35:37.010,1.15135,1.15149,2.62,1.25
2018.02.16 07:35:37.172,1.15133,1.1515,1.75,3.41
2018.02.16 07:35:37.313,1.15132,1.15146,1.37,1.49
2018.02.16 07:35:37.466,1.15131,1.15147,1.00,2.62
2018.02.16 07:35:37.773,1.15129,1.15147,2.06,1.87
2018.02.16 07:35:38.030,1.15129,1.15143,1.87,2.29
2018.02.16 07:35:38.186,1.15126,1.15143,1.31,1.87
2018.02.16 07:35:38.717,1.15124,1.15142,2.81,1.50
2018.02.16 07:35:44.004,1.15124,1.15141,1.50,1.12
2018.02.16 07:35:44.315,1.15126,1.15142,1.12,3.41
2018.02.16 07:35:44.419,1.15123,1.1514,3.37,1.56
2018.02.16 07:35:45.234,1.15123,1.1514,2.44,1.69
2018.02.16 07:35:45.887,1.15123,1.15141,1.69,2.62
2018.02.16 07:35:45.991,1.15123,1.1514,1.12,2.44
2018.02.16 07:35:46.640,1.15123,1.15138,1.12,3.22
2018.02.16 07:35:47.299,1.15123,1.15138,1.12,3.22
2018.02.16 07:35:48.457,1.15122,1.15138,1.37,3.22
2018.02.16 07:35:49.384,1.1512,1.15136,3.00,1.44
2018.02.16 07:35:49.939,1.15119,1.15135,1.12,1.87
2018.02.16 07:35:50.324,1.1512,1.15135,2.44,1.44
2018.02.16 07:35:50.932,1.1512,1.15135,1.25,1.25
2018.02.16 07:35:52.291,1.1512,1.15134,1.25,1.00
2018.02.16 07:35:52.901,1.1512,1.15135,1.50,1.25
2018.02.16 07:35:53.624,1.15119,1.15135,4.31,1.25
2018.02.16 07:35:54.174,1.1512,1.15135,1.00,1.25
2018.02.16 07:35:55.573,1.1512,1.15134,1.50,1.54
2018.02.16 07:35:56.158,1.1512,1.15135,1.00,1.37
2018.02.16 07:35:56.703,1.15117,1.15133,1.00,1.44
2018.02.16 07:35:56.808,1.15114,1.15129,1.37,1.25
2018.02.16 07:35:57.491,1.15113,1.1513,1.37,2.06
2018.02.16 07:35:58.961,1.15113,1.15129,1.00,1.25
2018.02.16 07:35:59.208,1.15112,1.15127,1.31,1.25
2018.02.16 07:35:59.750,1.15113,1.15127,1.00,1.00
2018.02.16 07:36:01.509,1.15113,1.15127,1.00,1.87
2018.02.16 07:36:01.695,1.15109,1.15123,1.00,1.50
2018.02.16 07:36:01.747,1.1511,1.15125,1.87,1.31
2018.02.16 07:36:03.720,1.15111,1.15125,1.31,1.12
2018.02.16 07:36:04.500,1.15114,1.15125,1.00,1.00
2018.02.16 07:36:04.562,1.15113,1.15129,1.37,1.69
2018.02.16 07:36:05.107,1.15113,1.15129,1.31,1.69
2018.02.16 07:36:05.449,1.15114,1.15129,2.25,1.00
2018.02.16 07:36:05.659,1.15115,1.15131,1.69,1.87
2018.02.16 07:36:07.132,1.15115,1.15131,1.00,1.12
2018.02.16 07:36:08.653,1.15115,1.15131,1.69,1.87
2018.02.16 07:36:09.148,1.15115,1.15131,1.00,2.44
2018.02.16 07:36:09.692,1.15115,1.15131,1.62,2.44
2018.02.16 07:36:12.401,1.15114,1.15131,3.75,2.44
2018.02.16 07:36:12.533,1.15115,1.15131,3.00,1.50
2018.02.16 07:36:12.740,1.15116,1.15131,1.00,1.44
2018.02.16 07:36:12.893,1.15114,1.15128,1.62,1.00
2018.02.16 07:36:13.200,1.15113,1.15128,1.50,1.19
2018.02.16 07:36:14.640,1.15112,1.15128,1.50,1.19
2018.02.16 07:36:15.629,1.15113,1.15128,2.06,1.00
2018.02.16 07:36:16.125,1.15115,1.15128,1.00,1.00
2018.02.16 07:36:17.688,1.15113,1.15127,1.12,1.19
2018.02.16 07:36:18.259,1.15113,1.15127,2.44,1.00
2018.02.16 07:36:22.714,1.15113,1.15128,1.87,1.25
2018.02.16 07:36:22.873,1.15108,1.15124,1.87,1.12
2018.02.16 07:36:22.925,1.15108,1.15124,1.31,2.06
2018.02.16 07:36:25.418,1.1511,1.15122,1.87,1.00
2018.02.16 07:36:25.576,1.15112,1.15128,2.06,2.06
2018.02.16 07:36:26.395,1.15113,1.15128,1.31,1.19
2018.02.16 07:36:27.311,1.15112,1.15128,4.12,1.25
2018.02.16 07:36:29.233,1.15111,1.15124,1.25,1.12
2018.02.16 07:36:29.545,1.15113,1.15125,1.00,1.00
2018.02.16 07:36:29.812,1.15113,1.15128,1.00,1.50
2018.02.16 07:36:32.837,1.15112,1.15128,2.62,1.50
2018.02.16 07:36:34.435,1.15112,1.15127,2.81,1.00
2018.02.16 07:36:36.728,1.15113,1.15128,1.69,1.25
2018.02.16 07:36:36.780,1.15113,1.15128,2.44,1.00
2018.02.16 07:36:37.340,1.15114,1.15129,2.25,1.00
2018.02.16 07:36:42.313,1.15113,1.15129,3.56,1.12
2018.02.16 07:36:42.627,1.15119,1.15131,1.00,1.00
2018.02.16 07:36:50.192,1.15116,1.15131,3.19,1.69
2018.02.16 07:36:50.244,1.15116,1.15131,2.25,1.31
2018.02.16 07:36:50.486,1.15118,1.15133,2.25,1.00
2018.02.16 07:36:51.251,1.15119,1.15133,2.06,1.00
2018.02.16 07:36:51.609,1.15123,1.15138,2.44,1.87
2018.02.16 07:36:51.712,1.15123,1.15138,2.06,1.87
2018.02.16 07:36:51.920,1.15121,1.15136,1.25,2.29
2018.02.16 07:36:51.972,1.15121,1.15136,1.25,2.29
2018.02.16 07:36:52.695,1.1512,1.15136,1.12,4.54
2018.02.16 07:36:53.228,1.15121,1.15136,1.00,1.87
2018.02.16 07:36:55.597,1.15121,1.15136,1.00,1.12
2018.02.16 07:36:55.701,1.15121,1.15136,2.44,1.25
2018.02.16 07:36:56.281,1.15123,1.15138,1.50,1.12
2018.02.16 07:36:56.588,1.15126,1.15139,1.00,1.37
2018.02.16 07:36:56.809,1.15126,1.15142,2.44,1.00
2018.02.16 07:36:59.488,1.15129,1.15142,1.00,1.00
2018.02.16 07:36:59.693,1.15127,1.15142,2.25,1.25
2018.02.16 07:36:59.746,1.15129,1.15142,1.00,1.00
2018.02.16 07:37:00.059,1.15129,1.15145,1.00,2.25
2018.02.16 07:37:00.217,1.1513,1.15146,1.19,1.87
2018.02.16 07:37:00.577,1.15133,1.15147,1.00,1.00
2018.02.16 07:37:01.191,1.15132,1.15148,2.44,1.00
2018.02.16 07:37:01.912,1.15133,1.1515,2.00,1.69
2018.02.16 07:37:02.263,1.15133,1.1515,2.25,1.69
2018.02.16 07:37:02.658,1.15131,1.15149,3.00,1.31
2018.02.16 07:37:03.172,1.15133,1.1515,1.12,2.44
2018.02.16 07:37:03.407,1.15133,1.1515,1.12,2.44
2018.02.16 07:37:04.327,1.15132,1.15149,1.69,1.50
2018.02.16 07:37:05.518,1.15132,1.15149,1.00,4.12
2018.02.16 07:37:06.024,1.15129,1.15147,2.62,1.37
2018.02.16 07:37:06.419,1.15126,1.15143,1.69,2.44
2018.02.16 07:37:06.543,1.15126,1.1514,1.00,1.25
2018.02.16 07:37:06.649,1.15123,1.1514,1.00,2.44
2018.02.16 07:37:06.963,1.15123,1.15139,1.62,1.25
2018.02.16 07:37:07.274,1.15132,1.15144,1.19,1.00
2018.02.16 07:37:07.325,1.15132,1.15146,1.69,1.00
2018.02.16 07:37:07.377,1.1513,1.15146,1.31,2.62
2018.02.16 07:37:07.479,1.15126,1.15144,3.56,1.00
2018.02.16 07:37:08.022,1.15127,1.15143,1.19,1.00
2018.02.16 07:37:08.353,1.15127,1.1514,1.00,1.00
2018.02.16 07:37:08.784,1.15123,1.15141,2.06,1.31
2018.02.16 07:37:09.331,1.15124,1.15139,1.37,1.69
2018.02.16 07:37:09.543,1.15123,1.15139,1.25,1.69
2018.02.16 07:37:10.429,1.15124,1.15139,1.00,1.69
2018.02.16 07:37:11.039,1.15122,1.15139,1.12,2.62
2018.02.16 07:37:15.098,1.1512,1.15136,3.56,1.25
2018.02.16 07:37:17.595,1.1512,1.15136,1.87,1.69
2018.02.16 07:37:18.124,1.15119,1.15133,1.12,1.00
2018.02.16 07:37:19.439,1.15117,1.15133,1.75,1.69
2018.02.16 07:37:19.492,1.15117,1.15131,1.00,1.31
2018.02.16 07:37:19.755,1.15119,1.15133,1.00,1.50
2018.02.16 07:37:19.810,1.15119,1.15133,1.50,1.00
2018.02.16 07:37:20.245,1.15121,1.15136,1.12,1.19
2018.02.16 07:37:21.904,1.15122,1.15136,1.00,1.19
2018.02.16 07:37:22.113,1.15118,1.15136,1.50,1.50
2018.02.16 07:37:22.576,1.15117,1.15134,2.25,1.00
2018.02.16 07:37:22.983,1.15117,1.15132,1.00,1.12
2018.02.16 07:37:23.774,1.15117,1.15132,3.00,1.12
2018.02.16 07:37:24.304,1.15117,1.15132,2.06,1.12
2018.02.16 07:37:24.948,1.15119,1.15132,1.37,1.00
2018.02.16 07:37:25.657,1.15119,1.15134,1.25,1.00
2018.02.16 07:37:26.686,1.15118,1.15134,2.62,1.00
2018.02.16 07:37:26.894,1.15119,1.15134,1.62,1.00
2018.02.16 07:37:27.667,1.15119,1.15134,1.62,1.19
2018.02.16 07:37:28.490,1.15119,1.15134,1.25,1.19
2018.02.16 07:37:29.013,1.15119,1.15134,1.37,1.19
2018.02.16 07:37:34.180,1.15118,1.15134,2.44,1.19
2018.02.16 07:37:35.742,1.15118,1.15134,2.44,1.19
2018.02.16 07:37:36.250,1.15119,1.15134,1.50,1.25
2018.02.16 07:37:37.960,1.15119,1.15134,1.25,1.25
2018.02.16 07:37:38.464,1.15118,1.15134,1.12,2.44
2018.02.16 07:37:38.847,1.15116,1.15131,2.44,1.25
2018.02.16 07:37:43.630,1.15116,1.15131,1.95,1.25
2018.02.16 07:37:43.787,1.15112,1.15129,1.20,2.25
2018.02.16 07:37:44.382,1.15111,1.15127,1.39,1.00
2018.02.16 07:37:44.435,1.15111,1.15125,1.29,1.12
2018.02.16 07:37:44.677,1.15113,1.15129,1.62,1.69
2018.02.16 07:37:45.093,1.15115,1.1513,1.87,1.50
2018.02.16 07:37:45.605,1.15117,1.15131,2.06,1.00
2018.02.16 07:37:46.118,1.15117,1.15131,2.32,1.00
2018.02.16 07:37:46.979,1.15117,1.15131,2.32,1.00
2018.02.16 07:37:47.084,1.15117,1.15131,1.39,1.00
2018.02.16 07:37:47.971,1.1512,1.15134,1.50,1.25
2018.02.16 07:37:48.578,1.1512,1.15134,1.50,1.19
2018.02.16 07:37:48.884,1.15118,1.15134,1.31,1.31
2018.02.16 07:37:49.640,1.15116,1.15131,1.19,1.69
2018.02.16 07:37:50.176,1.15116,1.15131,1.31,1.25
2018.02.16 07:37:51.234,1.15117,1.15131,1.00,1.25
2018.02.16 07:37:53.754,1.15116,1.15131,1.00,1.00
2018.02.16 07:37:53.806,1.1512,1.15131,1.50,1.50
2018.02.16 07:37:53.859,1.15119,1.15133,1.50,1.10
2018.02.16 07:37:54.207,1.1512,1.15133,1.00,1.19
2018.02.16 07:37:54.260,1.15118,1.15133,1.00,1.19
2018.02.16 07:37:55.809,1.15118,1.15133,1.00,1.00
2018.02.16 07:37:57.587,1.15117,1.15133,1.50,1.25
2018.02.16 07:37:57.651,1.15117,1.15133,1.12,2.00
2018.02.16 07:37:57.808,1.15113,1.15129,1.31,1.12
2018.02.16 07:37:57.914,1.1511,1.15127,1.87,2.25
2018.02.16 07:37:58.240,1.15112,1.15127,1.00,2.44
2018.02.16 07:37:59.781,1.1511,1.15127,2.06,2.70
2018.02.16 07:38:00.314,1.1511,1.15126,1.31,1.62
2018.02.16 07:38:01.424,1.15114,1.15126,1.00,1.37
2018.02.16 07:38:01.477,1.15112,1.15127,1.69,1.00
2018.02.16 07:38:01.529,1.15112,1.15127,1.69,1.19
2018.02.16 07:38:02.333,1.15111,1.15127,1.69,1.29
2018.02.16 07:38:02.859,1.1511,1.15126,3.37,1.00
2018.02.16 07:38:03.393,1.15112,1.15129,1.25,2.70
2018.02.16 07:38:05.251,1.15112,1.15128,1.69,1.31
2018.02.16 07:38:05.878,1.15112,1.15129,1.00,2.70
2018.02.16 07:38:09.476,1.15111,1.15129,1.12,2.51
2018.02.16 07:38:09.806,1.1511,1.15126,1.69,1.19
2018.02.16 07:38:09.968,1.15109,1.15125,1.12,1.37
2018.02.16 07:38:10.686,1.1511,1.15125,1.00,1.37
2018.02.16 07:38:11.997,1.15109,1.15126,1.69,2.06
2018.02.16 07:38:15.032,1.15109,1.15126,1.69,1.87
2018.02.16 07:38:15.281,1.15108,1.15126,3.19,1.20
2018.02.16 07:38:15.408,1.15106,1.15122,1.87,1.75
2018.02.16 07:38:15.515,1.15104,1.1512,1.69,1.50
2018.02.16 07:38:16.978,1.15105,1.15121,2.06,1.50
2018.02.16 07:38:17.422,1.15108,1.15122,1.19,1.75
2018.02.16 07:38:17.474,1.15108,1.15123,1.69,1.50
2018.02.16 07:38:19.896,1.15106,1.15123,2.25,2.62
2018.02.16 07:38:20.203,1.15106,1.15121,1.00,1.85
2018.02.16 07:38:20.254,1.15102,1.1512,2.06,2.89
2018.02.16 07:38:21.022,1.15103,1.1512,1.69,2.06
2018.02.16 07:38:21.190,1.15102,1.1512,1.31,2.44
2018.02.16 07:38:22.869,1.15102,1.15119,1.94,1.25
2018.02.16 07:38:23.657,1.15103,1.1512,2.62,1.12
2018.02.16 07:38:23.709,1.15103,1.15118,1.50,1.00
2018.02.16 07:38:23.867,1.15101,1.15116,1.00,1.31
2018.02.16 07:38:24.626,1.15101,1.15116,1.00,1.39
2018.02.16 07:38:25.287,1.151,1.15116,1.12,1.20
2018.02.16 07:38:25.873,1.15101,1.15114,1.00,1.00
2018.02.16 07:38:25.977,1.15103,1.15116,1.00,1.00
2018.02.16 07:38:26.029,1.15103,1.1512,2.25,1.10
2018.02.16 07:38:26.567,1.15104,1.1512,1.00,1.00
2018.02.16 07:38:27.235,1.15105,1.1512,1.00,1.00
2018.02.16 07:38:27.390,1.15103,1.1512,2.81,1.00
2018.02.16 07:38:33.545,1.15107,1.15122,1.12,1.50
2018.02.16 07:38:34.175,1.15108,1.15121,1.75,1.00
2018.02.16 07:38:36.465,1.15109,1.15123,1.37,1.10
2018.02.16 07:38:36.570,1.15111,1.15125,2.06,1.31
2018.02.16 07:38:36.675,1.15113,1.15127,1.00,1.00
2018.02.16 07:38:36.780,1.15113,1.15125,1.00,1.01
2018.02.16 07:38:37.144,1.15112,1.15128,2.06,1.50
2018.02.16 07:38:37.899,1.15114,1.15129,1.25,1.20
2018.02.16 07:38:37.951,1.15117,1.15129,1.00,1.00
2018.02.16 07:38:38.084,1.15117,1.15133,1.69,1.50
2018.02.16 07:38:38.585,1.15118,1.15133,1.50,1.50
2018.02.16 07:38:39.138,1.15118,1.15133,1.62,1.20
2018.02.16 07:38:40.103,1.15117,1.15133,4.31,1.19
2018.02.16 07:38:40.577,1.15117,1.15132,4.31,1.25
2018.02.16 07:38:40.840,1.15117,1.15128,1.37,1.19
2018.02.16 07:38:40.893,1.15114,1.15128,1.69,1.31
2018.02.16 07:38:41.164,1.15115,1.1513,2.44,1.69
2018.02.16 07:38:41.526,1.15113,1.1513,2.62,1.95
2018.02.16 07:38:41.844,1.15115,1.15129,1.19,1.25
2018.02.16 07:38:42.358,1.15116,1.1513,1.00,1.00
2018.02.16 07:38:42.618,1.15114,1.1513,1.00,1.69
2018.02.16 07:38:43.133,1.15115,1.1513,1.00,1.76
2018.02.16 07:38:43.856,1.15114,1.15129,1.50,1.29
2018.02.16 07:38:46.226,1.15114,1.1513,1.00,1.76
2018.02.16 07:38:46.329,1.15115,1.1513,1.19,1.76
2018.02.16 07:38:46.898,1.15116,1.1513,2.06,1.25
2018.02.16 07:38:47.204,1.15119,1.15131,1.00,1.25
2018.02.16 07:38:47.564,1.15117,1.1513,1.19,1.19
2018.02.16 07:38:47.736,1.15116,1.15129,1.12,1.19
2018.02.16 07:38:47.787,1.15116,1.15131,1.12,1.76
2018.02.16 07:38:48.319,1.15116,1.15131,1.87,1.25
2018.02.16 07:38:48.550,1.15117,1.15129,1.19,1.19
2018.02.16 07:38:48.706,1.15117,1.15131,1.00,1.76
2018.02.16 07:38:49.207,1.15114,1.15131,2.81,1.76
2018.02.16 07:38:50.136,1.15114,1.15129,2.06,1.31
2018.02.16 07:38:50.674,1.15114,1.15129,1.12,3.26
2018.02.16 07:38:52.358,1.15114,1.15129,1.12,1.39
2018.02.16 07:38:54.504,1.15112,1.15126,1.19,1.19
2018.02.16 07:38:55.024,1.15111,1.15126,1.31,1.19
2018.02.16 07:38:55.566,1.15111,1.15126,2.06,1.19
2018.02.16 07:38:55.888,1.15113,1.15127,2.06,1.69
2018.02.16 07:38:57.030,1.15114,1.15127,1.56,1.19
2018.02.16 07:38:57.559,1.15115,1.15126,1.00,1.19
2018.02.16 07:38:57.873,1.15112,1.15128,3.00,1.01
2018.02.16 07:38:58.382,1.15113,1.15126,1.00,1.25
2018.02.16 07:38:59.087,1.15109,1.15123,1.87,1.25
2018.02.16 07:38:59.140,1.15109,1.15123,1.12,1.25
2018.02.16 07:39:01.736,1.15107,1.15123,3.56,1.69
2018.02.16 07:39:01.891,1.15106,1.15118,1.87,1.19
2018.02.16 07:39:01.942,1.15104,1.15118,1.37,1.19
2018.02.16 07:39:01.993,1.15103,1.15118,1.69,1.19
2018.02.16 07:39:02.045,1.15103,1.15116,1.69,1.19
2018.02.16 07:39:02.257,1.15103,1.15117,1.00,1.01
2018.02.16 07:39:02.615,1.15105,1.15117,1.12,1.00
2018.02.16 07:39:02.871,1.15105,1.15119,1.37,1.12
2018.02.16 07:39:03.906,1.15105,1.15119,1.31,1.87
2018.02.16 07:39:05.399,1.15105,1.15119,1.25,2.81
2018.02.16 07:39:07.005,1.15105,1.15119,1.62,1.12
2018.02.16 07:39:07.999,1.15105,1.15119,1.31,1.31
2018.02.16 07:39:10.634,1.15103,1.15117,1.50,1.20
2018.02.16 07:39:10.687,1.15101,1.15117,1.00,2.51
2018.02.16 07:39:11.829,1.151,1.15117,1.50,2.62
2018.02.16 07:39:11.989,1.15102,1.15117,1.69,1.01
2018.02.16 07:39:12.346,1.15102,1.15117,1.37,1.01
2018.02.16 07:39:12.996,1.15102,1.15117,1.69,1.25
2018.02.16 07:39:13.452,1.15102,1.15117,2.06,1.19
2018.02.16 07:39:16.572,1.15102,1.15117,1.69,1.19
2018.02.16 07:39:17.083,1.15102,1.15117,1.87,1.19
2018.02.16 07:39:20.296,1.15104,1.15117,1.12,1.62
2018.02.16 07:39:20.622,1.15105,1.15119,1.62,1.31
2018.02.16 07:39:23.389,1.15105,1.15119,1.56,1.31
2018.02.16 07:39:23.443,1.15108,1.1512,1.31,1.25
2018.02.16 07:39:23.495,1.15108,1.15122,1.12,1.00
2018.02.16 07:39:23.552,1.15112,1.15125,1.37,1.00
2018.02.16 07:39:23.710,1.15111,1.15125,1.00,1.19
2018.02.16 07:39:24.003,1.15112,1.15127,3.19,1.76
2018.02.16 07:39:24.315,1.15114,1.15127,1.50,1.19
2018.02.16 07:39:24.923,1.15115,1.15127,1.12,1.00
2018.02.16 07:39:25.429,1.15112,1.15129,3.19,1.26
2018.02.16 07:39:26.535,1.15113,1.15129,1.25,2.92
2018.02.16 07:39:26.587,1.15113,1.15126,1.00,1.19
2018.02.16 07:39:27.090,1.15115,1.15126,1.00,1.00
2018.02.16 07:39:28.058,1.15114,1.15126,1.00,1.00
2018.02.16 07:39:28.574,1.15113,1.15126,1.12,1.19
2018.02.16 07:39:29.277,1.15111,1.15124,1.50,1.25
2018.02.16 07:39:32.322,1.15111,1.15124,1.50,1.19
2018.02.16 07:39:32.904,1.15113,1.15126,1.12,1.19
2018.02.16 07:39:33.480,1.15114,1.15126,1.00,1.19
2018.02.16 07:39:35.223,1.15113,1.15126,2.62,1.19
2018.02.16 07:39:35.748,1.15114,1.15126,1.00,1.19
2018.02.16 07:39:36.263,1.15113,1.15126,2.62,1.19
2018.02.16 07:39:40.082,1.15112,1.15126,1.37,1.19
2018.02.16 07:39:40.784,1.15112,1.15126,1.37,1.19
2018.02.16 07:39:44.664,1.15114,1.15126,1.00,1.19
2018.02.16 07:39:47.106,1.15114,1.15127,1.00,1.25
2018.02.16 07:39:47.210,1.15116,1.15129,1.00,1.87
2018.02.16 07:39:48.692,1.15118,1.15133,2.25,1.87
2018.02.16 07:39:49.469,1.1512,1.15133,1.00,1.87
2018.02.16 07:39:50.170,1.15119,1.15133,2.44,1.19
2018.02.16 07:39:50.523,1.15122,1.15133,1.50,1.19
2018.02.16 07:39:50.628,1.15121,1.15133,1.00,1.19
2018.02.16 07:39:51.645,1.15122,1.15133,1.00,1.19
2018.02.16 07:39:51.750,1.15117,1.1513,2.62,2.06
2018.02.16 07:39:51.854,1.15114,1.15124,1.50,1.19
2018.02.16 07:39:51.964,1.15111,1.15124,1.00,1.37
2018.02.16 07:39:52.015,1.15108,1.15123,1.00,1.87
2018.02.16 07:39:52.378,1.15106,1.15123,1.50,3.07
2018.02.16 07:39:52.430,1.15106,1.15119,1.12,1.19
2018.02.16 07:39:52.587,1.15103,1.1512,2.27,3.64
2018.02.16 07:39:52.782,1.15103,1.15119,1.71,3.00
2018.02.16 07:39:53.404,1.15104,1.15118,1.00,1.29
2018.02.16 07:39:53.749,1.15105,1.15118,2.25,1.00
2018.02.16 07:39:53.811,1.15106,1.15121,1.12,1.01
2018.02.16 07:39:54.325,1.15107,1.15121,1.12,1.00
2018.02.16 07:39:56.863,1.15107,1.15121,2.81,1.00
2018.02.16 07:39:57.385,1.15109,1.15122,1.31,1.12
2018.02.16 07:39:58.000,1.1511,1.15123,1.25,1.00
2018.02.16 07:39:59.182,1.15109,1.15123,1.69,1.00
2018.02.16 07:39:59.501,1.15103,1.15117,1.00,1.76
2018.02.16 07:40:00.035,1.15102,1.15117,1.00,1.76
2018.02.16 07:40:01.002,1.15102,1.15117,1.25,1.01
2018.02.16 07:40:01.513,1.15101,1.15117,2.81,1.01
2018.02.16 07:40:02.040,1.15101,1.15117,2.81,1.26
2018.02.16 07:40:04.338,1.15101,1.15116,1.62,1.39
2018.02.16 07:40:04.444,1.15098,1.15114,2.62,1.70
2018.02.16 07:40:04.722,1.151,1.15114,1.00,1.70
2018.02.16 07:40:05.278,1.15099,1.15114,1.00,1.70
2018.02.16 07:40:05.850,1.151,1.15114,1.00,1.39
2018.02.16 07:40:06.371,1.151,1.15114,1.00,1.07
2018.02.16 07:40:06.902,1.15099,1.15114,3.94,1.10
2018.02.16 07:40:08.023,1.15101,1.15114,1.50,1.10
2018.02.16 07:40:08.551,1.151,1.15114,1.50,1.10
2018.02.16 07:40:09.447,1.15099,1.15114,2.44,1.01
2018.02.16 07:40:10.154,1.151,1.15113,1.50,1.00
2018.02.16 07:40:10.671,1.15099,1.15114,1.50,2.89
2018.02.16 07:40:10.983,1.15094,1.15109,1.25,1.64
2018.02.16 07:40:11.534,1.15095,1.1511,1.00,1.76
2018.02.16 07:40:12.915,1.151,1.15111,1.00,1.39
2018.02.16 07:40:12.968,1.151,1.15114,1.50,2.14
2018.02.16 07:40:13.020,1.15098,1.15114,1.12,2.51
2018.02.16 07:40:13.125,1.15101,1.15114,1.00,1.57
2018.02.16 07:40:13.650,1.151,1.15114,1.62,1.10
2018.02.16 07:40:14.972,1.151,1.15114,1.37,1.39
2018.02.16 07:40:15.172,1.151,1.15114,1.37,1.01
2018.02.16 07:40:15.373,1.151,1.15114,1.37,1.39
2018.02.16 07:40:15.648,1.151,1.15114,1.37,1.01
2018.02.16 07:40:16.122,1.15099,1.15114,3.00,1.39
2018.02.16 07:40:16.630,1.15099,1.15114,2.25,1.39
2018.02.16 07:40:18.424,1.15099,1.15114,1.50,1.39
2018.02.16 07:40:18.931,1.15099,1.15114,1.50,1.39
2018.02.16 07:40:22.263,1.15097,1.15111,1.00,1.19
2018.02.16 07:40:22.953,1.15096,1.15111,1.12,1.39
2018.02.16 07:40:24.739,1.15096,1.15111,2.06,1.39
2018.02.16 07:40:25.647,1.15095,1.15111,5.06,1.39
2018.02.16 07:40:25.841,1.15098,1.15112,1.00,1.64
2018.02.16 07:40:26.153,1.15099,1.15112,2.25,1.29
2018.02.16 07:40:28.212,1.151,1.15112,1.50,1.01
2018.02.16 07:40:28.420,1.15096,1.15111,1.12,1.29
2018.02.16 07:40:32.553,1.15097,1.15111,1.00,1.39
2018.02.16 07:40:33.187,1.15095,1.1511,1.69,1.39
2018.02.16 07:40:35.135,1.15095,1.1511,1.87,1.01
2018.02.16 07:40:41.598,1.15096,1.1511,1.12,1.32
2018.02.16 07:40:42.672,1.15095,1.15111,2.25,2.14
2018.02.16 07:40:43.095,1.15102,1.15113,1.00,1.45
2018.02.16 07:40:43.147,1.15104,1.15116,1.00,2.32
2018.02.16 07:40:43.689,1.15104,1.15116,1.00,1.00
2018.02.16 07:40:43.747,1.15104,1.15118,1.00,1.10
2018.02.16 07:40:45.246,1.15103,1.15118,2.62,2.51
2018.02.16 07:40:45.349,1.15104,1.15116,1.00,1.07
2018.02.16 07:40:45.802,1.151,1.15114,1.69,1.00
2018.02.16 07:40:45.956,1.15101,1.15114,1.31,1.00
2018.02.16 07:40:46.109,1.151,1.15114,2.44,1.00
2018.02.16 07:40:49.017,1.15099,1.15114,2.44,1.20
2018.02.16 07:40:49.933,1.15099,1.15114,2.44,1.10
2018.02.16 07:40:50.484,1.15099,1.15113,2.44,1.00
2018.02.16 07:40:50.987,1.151,1.15113,1.50,1.07
2018.02.16 07:40:52.527,1.151,1.15113,1.50,1.10
2018.02.16 07:40:53.930,1.15101,1.15115,1.12,1.20
2018.02.16 07:40:54.782,1.151,1.15115,1.50,1.39
2018.02.16 07:40:56.661,1.151,1.15115,1.50,1.70
2018.02.16 07:40:57.525,1.151,1.15115,1.50,1.39
2018.02.16 07:40:59.108,1.151,1.15115,1.50,1.20
2018.02.16 07:40:59.616,1.151,1.15115,1.50,1.20
2018.02.16 07:41:02.338,1.151,1.15115,1.50,1.57
2018.02.16 07:41:02.605,1.15099,1.15112,1.25,1.10
2018.02.16 07:41:06.377,1.15098,1.15112,1.12,1.00
2018.02.16 07:41:06.745,1.15095,1.15109,1.00,1.07
2018.02.16 07:41:06.797,1.15093,1.15108,2.81,1.10
2018.02.16 07:41:07.416,1.15093,1.15108,1.12,1.07
2018.02.16 07:41:08.153,1.15093,1.15107,1.12,1.20
2018.02.16 07:41:08.706,1.15097,1.15107,1.00,1.07
2018.02.16 07:41:09.330,1.15094,1.15107,1.00,1.39
2018.02.16 07:41:09.436,1.1509,1.15102,2.25,1.20
2018.02.16 07:41:09.884,1.1509,1.15105,2.25,2.32
2018.02.16 07:41:10.404,1.15089,1.15107,3.00,1.95
2018.02.16 07:41:10.991,1.15089,1.15106,3.75,2.32
2018.02.16 07:41:11.201,1.15087,1.15102,1.25,1.47
2018.02.16 07:41:11.795,1.15087,1.15102,1.25,1.57
2018.02.16 07:41:12.622,1.15088,1.15103,1.00,1.95
2018.02.16 07:41:12.895,1.15086,1.15101,1.12,1.01
2018.02.16 07:41:12.947,1.15084,1.151,1.25,1.95
2018.02.16 07:41:13.485,1.15084,1.15099,1.44,1.20
2018.02.16 07:41:14.010,1.15084,1.15099,1.44,1.57
2018.02.16 07:41:14.534,1.15084,1.15099,1.31,1.07
2018.02.16 07:41:15.050,1.15084,1.15099,1.69,1.20
2018.02.16 07:41:15.295,1.15086,1.15102,1.00,1.95
2018.02.16 07:41:16.546,1.15087,1.15102,1.37,1.07
2018.02.16 07:41:17.054,1.15087,1.15102,1.37,1.20
2018.02.16 07:41:17.299,1.15086,1.15102,1.12,1.20
2018.02.16 07:41:17.561,1.15088,1.15102,1.25,1.00
2018.02.16 07:41:17.713,1.15089,1.15105,1.12,1.20
2018.02.16 07:41:18.244,1.15089,1.15105,1.31,1.57
2018.02.16 07:41:18.402,1.15088,1.15105,1.69,3.64
2018.02.16 07:41:18.749,1.15088,1.15105,1.00,3.86
2018.02.16 07:41:19.261,1.15088,1.15101,1.00,1.00
2018.02.16 07:41:19.773,1.15088,1.15102,1.19,1.10
2018.02.16 07:41:20.392,1.15088,1.15102,1.25,1.10
2018.02.16 07:41:20.738,1.15087,1.15101,1.00,1.20
2018.02.16 07:41:21.127,1.15084,1.15101,2.06,2.14
2018.02.16 07:41:21.440,1.15082,1.15098,2.62,1.07
2018.02.16 07:41:22.167,1.15083,1.15098,1.25,1.07
2018.02.16 07:41:23.116,1.15083,1.15099,1.25,2.14
2018.02.16 07:41:24.578,1.15083,1.15098,2.06,1.07
2018.02.16 07:41:25.104,1.15083,1.15099,2.06,1.45
2018.02.16 07:41:25.668,1.15082,1.15099,3.94,1.45
2018.02.16 07:41:26.192,1.15082,1.15099,2.62,1.70
2018.02.16 07:41:26.810,1.1508,1.15098,1.31,3.82
2018.02.16 07:41:27.369,1.15079,1.15098,3.56,3.26
2018.02.16 07:41:27.904,1.15079,1.15098,3.94,3.86
2018.02.16 07:41:28.634,1.1508,1.15097,1.50,1.70
2018.02.16 07:41:29.762,1.1508,1.15097,1.50,1.70
2018.02.16 07:41:30.304,1.1508,1.15097,1.50,1.70
2018.02.16 07:41:32.791,1.1508,1.15098,2.25,3.11
2018.02.16 07:41:33.306,1.1508,1.15098,2.25,2.74
2018.02.16 07:41:33.920,1.1508,1.15098,2.25,1.39
2018.02.16 07:41:36.010,1.1508,1.15098,2.62,1.39
2018.02.16 07:41:36.767,1.1508,1.15097,1.69,1.29
2018.02.16 07:41:37.375,1.1508,1.15097,1.69,1.29
2018.02.16 07:41:37.686,1.15078,1.15094,2.25,1.19
2018.02.16 07:41:38.048,1.15081,1.15095,1.25,1.12
2018.02.16 07:41:38.367,1.1508,1.15096,1.87,2.25
2018.02.16 07:41:39.575,1.15081,1.15095,1.37,1.12
2018.02.16 07:41:40.110,1.15081,1.15095,1.44,1.12
2018.02.16 07:41:41.647,1.15087,1.15095,1.00,1.00
2018.02.16 07:41:41.812,1.15092,1.15106,1.19,1.76
2018.02.16 07:41:41.864,1.15091,1.15105,1.44,1.19
2018.02.16 07:41:42.223,1.15088,1.15104,1.19,1.56
2018.02.16 07:41:42.275,1.15086,1.15103,1.81,1.39
2018.02.16 07:41:42.523,1.15085,1.151,1.50,1.07
2018.02.16 07:41:42.678,1.15085,1.151,1.00,1.69
2018.02.16 07:41:43.186,1.15085,1.151,1.50,1.50
2018.02.16 07:41:43.859,1.15085,1.151,1.87,1.50
2018.02.16 07:41:44.440,1.15086,1.151,1.69,1.00
2018.02.16 07:41:44.965,1.15086,1.151,1.00,1.00
2018.02.16 07:41:45.292,1.15098,1.15112,1.31,1.00
2018.02.16 07:41:45.643,1.15096,1.15109,1.37,1.00
2018.02.16 07:41:45.859,1.15095,1.15109,1.44,1.00
2018.02.16 07:41:45.911,1.15095,1.15107,1.19,1.00
2018.02.16 07:41:45.963,1.15095,1.15106,1.12,1.00
2018.02.16 07:41:46.066,1.15095,1.15107,1.25,1.87
2018.02.16 07:41:46.222,1.15095,1.15106,1.12,1.00
2018.02.16 07:41:46.836,1.15095,1.15106,1.44,1.00
2018.02.16 07:41:47.009,1.15095,1.1511,1.12,1.50
2018.02.16 07:41:47.448,1.15094,1.15109,1.12,1.44
2018.02.16 07:41:47.500,1.15093,1.1511,1.50,1.50
2018.02.16 07:41:47.552,1.15094,1.1511,1.31,1.39
2018.02.16 07:41:48.074,1.15094,1.1511,1.31,1.39
2018.02.16 07:41:48.345,1.15093,1.1511,1.62,5.74
2018.02.16 07:41:48.557,1.15094,1.1511,2.25,2.14
2018.02.16 07:41:49.108,1.15095,1.1511,1.44,2.06
2018.02.16 07:41:49.214,1.15094,1.1511,1.50,1.95
2018.02.16 07:41:49.476,1.15096,1.1511,1.00,1.12
2018.02.16 07:41:49.985,1.15096,1.1511,1.00,1.20
2018.02.16 07:41:51.239,1.15094,1.15109,1.50,1.00
2018.02.16 07:41:51.550,1.15095,1.15109,1.25,1.69
2018.02.16 07:41:52.080,1.15093,1.15108,1.87,1.00
2018.02.16 07:41:52.594,1.15093,1.15108,1.87,1.07
2018.02.16 07:41:53.100,1.15092,1.15108,1.87,1.32
2018.02.16 07:41:53.999,1.15093,1.15108,1.00,1.32
2018.02.16 07:41:55.206,1.15092,1.15108,1.87,1.01
2018.02.16 07:41:55.664,1.15092,1.15106,1.44,1.00
2018.02.16 07:41:58.357,1.15094,1.15106,1.12,1.00
2018.02.16 07:41:58.671,1.15095,1.15108,1.50,1.00
2018.02.16 07:42:00.499,1.15095,1.1511,2.25,1.25
2018.02.16 07:42:01.025,1.15095,1.15109,1.44,1.00
2018.02.16 07:42:01.131,1.15098,1.1511,1.87,1.00
2018.02.16 07:42:01.341,1.15101,1.15116,1.31,2.25
2018.02.16 07:42:01.448,1.15103,1.15116,1.12,1.50
2018.02.16 07:42:01.647,1.15105,1.15121,1.00,1.20
2018.02.16 07:42:01.807,1.15104,1.1512,1.50,1.01
2018.02.16 07:42:02.115,1.15102,1.15119,1.62,1.66
2018.02.16 07:42:02.421,1.15103,1.15118,2.62,1.20
2018.02.16 07:42:02.940,1.15104,1.15118,1.00,1.20
2018.02.16 07:42:03.866,1.15103,1.15118,1.31,1.20
2018.02.16 07:42:04.539,1.15102,1.15118,2.25,1.20
2018.02.16 07:42:06.117,1.15102,1.15118,1.37,1.76
2018.02.16 07:42:06.977,1.15102,1.15118,1.62,1.76
2018.02.16 07:42:08.181,1.15099,1.15116,1.50,2.32
2018.02.16 07:42:08.337,1.151,1.15116,1.44,2.51
2018.02.16 07:42:09.446,1.15101,1.15116,1.12,2.14
2018.02.16 07:42:11.035,1.15102,1.15116,1.12,2.14
2018.02.16 07:42:11.086,1.15099,1.15116,2.25,2.14
2018.02.16 07:42:14.023,1.151,1.15116,1.44,1.70
2018.02.16 07:42:14.273,1.15102,1.15116,1.12,1.76
2018.02.16 07:42:14.376,1.15101,1.15116,1.12,2.14
2018.02.16 07:42:17.805,1.15099,1.15114,1.50,1.57
2018.02.16 07:42:21.337,1.15099,1.15114,1.87,1.57
2018.02.16 07:42:24.886,1.15102,1.15114,1.19,1.50
2018.02.16 07:42:24.938,1.15099,1.15113,2.06,1.12
2018.02.16 07:42:27.379,1.15099,1.15114,1.31,1.50
2018.02.16 07:42:27.433,1.15097,1.1511,1.62,1.31
2018.02.16 07:42:27.699,1.15098,1.15112,1.25,1.50
2018.02.16 07:42:27.858,1.151,1.15112,1.00,1.07
2018.02.16 07:42:28.381,1.151,1.15112,1.00,1.00
2018.02.16 07:42:28.901,1.151,1.15113,1.25,1.87
2018.02.16 07:42:29.414,1.15102,1.15115,1.44,1.10
2018.02.16 07:42:29.939,1.151,1.15115,2.06,1.00
2018.02.16 07:42:30.501,1.151,1.15115,1.69,1.10
2018.02.16 07:42:31.079,1.151,1.15116,1.50,1.95
2018.02.16 07:42:31.894,1.15101,1.15115,2.00,1.10
2018.02.16 07:42:32.404,1.15101,1.15116,1.81,1.87
2018.02.16 07:42:32.917,1.15101,1.15115,2.00,1.00
2018.02.16 07:42:33.420,1.15102,1.15116,1.56,1.87
2018.02.16 07:42:34.075,1.15103,1.15115,1.69,1.00
2018.02.16 07:42:34.478,1.15103,1.15115,2.44,1.00
2018.02.16 07:42:36.573,1.15103,1.15115,2.06,1.00
2018.02.16 07:42:37.091,1.15101,1.15115,1.25,1.00
2018.02.16 07:42:37.673,1.15099,1.15116,2.25,2.14
2018.02.16 07:42:38.211,1.151,1.15115,1.44,1.29
2018.02.16 07:42:38.978,1.151,1.15115,1.44,1.29
2018.02.16 07:42:39.493,1.15097,1.15114,1.31,2.44
2018.02.16 07:42:40.016,1.15097,1.15111,1.50,1.00
2018.02.16 07:42:40.891,1.15097,1.15111,1.31,1.10
2018.02.16 07:42:42.100,1.15098,1.15111,1.00,1.00
2018.02.16 07:42:42.516,1.15093,1.15109,2.62,1.69
2018.02.16 07:42:42.568,1.15093,1.15108,2.44,1.32
2018.02.16 07:42:42.620,1.15095,1.15109,1.31,2.14
2018.02.16 07:42:42.673,1.15095,1.15109,1.50,1.00
2018.02.16 07:42:42.757,1.15095,1.15109,1.69,1.50
2018.02.16 07:42:43.648,1.15096,1.15111,1.69,1.26
2018.02.16 07:42:44.024,1.15099,1.15112,2.81,1.00
2018.02.16 07:42:44.557,1.15099,1.15113,1.31,1.10
2018.02.16 07:42:45.104,1.15099,1.15113,1.87,1.10
2018.02.16 07:42:45.769,1.15099,1.15113,1.44,1.10
2018.02.16 07:42:46.752,1.15099,1.15113,1.12,1.10
2018.02.16 07:42:46.857,1.15099,1.15111,1.12,1.10
2018.02.16 07:42:47.441,1.15097,1.15111,2.06,1.07
2018.02.16 07:42:48.041,1.15097,1.15111,1.37,1.10
2018.02.16 07:42:50.359,1.15096,1.15111,1.50,1.07
2018.02.16 07:42:53.556,1.15096,1.15111,1.50,1.07
2018.02.16 07:42:54.112,1.15096,1.15111,1.50,1.20
2018.02.16 07:42:55.522,1.15095,1.15111,2.25,1.07
2018.02.16 07:42:56.273,1.15095,1.15111,2.62,1.10
2018.02.16 07:42:59.199,1.15096,1.15111,1.50,1.57
2018.02.16 07:42:59.560,1.15096,1.15111,1.44,1.07
2018.02.16 07:43:00.104,1.15096,1.15111,1.31,1.07
2018.02.16 07:43:01.416,1.15096,1.15111,1.31,1.07
2018.02.16 07:43:02.531,1.15096,1.15111,1.50,1.10
2018.02.16 07:43:03.073,1.15096,1.15111,2.44,1.10
2018.02.16 07:43:03.695,1.15098,1.15111,1.62,1.10
2018.02.16 07:43:03.748,1.151,1.15114,1.37,1.57
2018.02.16 07:43:03.930,1.15102,1.15116,1.50,1.12
2018.02.16 07:43:04.294,1.15101,1.15108,1.00,1.29
2018.02.16 07:43:04.347,1.15094,1.15104,1.37,2.14
2018.02.16 07:43:04.401,1.15088,1.15098,2.25,1.07
2018.02.16 07:43:04.454,1.15087,1.15098,1.00,1.32
2018.02.16 07:43:04.761,1.15083,1.15099,1.12,1.57
2018.02.16 07:43:04.966,1.1508,1.15096,1.50,1.26
2018.02.16 07:43:05.069,1.15079,1.15093,1.25,1.00
2018.02.16 07:43:05.592,1.15079,1.15094,1.25,1.25
2018.02.16 07:43:06.111,1.1508,1.15093,1.00,1.00
2018.02.16 07:43:06.637,1.15078,1.15094,2.81,1.00
2018.02.16 07:43:06.689,1.15078,1.15094,1.31,2.00
2018.02.16 07:43:07.203,1.15077,1.15093,1.87,2.32
2018.02.16 07:43:07.804,1.15077,1.15093,1.69,1.95
2018.02.16 07:43:08.114,1.15079,1.15093,1.00,2.25
2018.02.16 07:43:09.316,1.15079,1.15093,1.19,1.57
2018.02.16 07:43:11.658,1.15079,1.15093,1.19,1.57
2018.02.16 07:43:12.227,1.15078,1.15093,1.00,2.32
2018.02.16 07:43:13.350,1.15078,1.15093,1.00,2.32
2018.02.16 07:43:13.884,1.15078,1.15093,1.00,2.32
2018.02.16 07:43:14.509,1.15078,1.15093,1.19,2.32
2018.02.16 07:43:15.045,1.15078,1.15093,1.25,2.32
2018.02.16 07:43:16.153,1.15078,1.15093,1.56,1.57
2018.02.16 07:43:16.826,1.15078,1.15093,1.00,2.51
2018.02.16 07:43:16.877,1.15076,1.15093,3.00,3.07
2018.02.16 07:43:16.979,1.15076,1.15093,2.62,3.45
2018.02.16 07:43:17.978,1.15076,1.15091,1.25,1.01
2018.02.16 07:43:18.136,1.15075,1.15092,2.81,2.14
2018.02.16 07:43:19.344,1.15075,1.15091,1.19,2.51
2018.02.16 07:43:20.061,1.15075,1.15091,1.00,2.14
2018.02.16 07:43:20.547,1.15078,1.15091,1.00,1.07
2018.02.16 07:43:20.791,1.15079,1.15093,1.25,1.57
2018.02.16 07:43:20.845,1.15077,1.15088,1.00,1.00
2018.02.16 07:43:21.385,1.15073,1.15088,1.19,1.01
2018.02.16 07:43:21.647,1.15071,1.15087,2.06,1.32
2018.02.16 07:43:21.700,1.15071,1.15087,1.50,1.32
2018.02.16 07:43:22.213,1.15071,1.15086,1.31,1.10
2018.02.16 07:43:22.595,1.1507,1.15086,3.75,1.10
2018.02.16 07:43:23.148,1.15071,1.15088,3.75,2.14
2018.02.16 07:43:23.551,1.15072,1.15088,2.25,1.87
2018.02.16 07:43:23.605,1.15072,1.15088,1.87,2.06
2018.02.16 07:43:23.658,1.15074,1.1509,2.06,1.94
2018.02.16 07:43:23.711,1.15074,1.1509,1.87,2.06
2018.02.16 07:43:24.268,1.15074,1.1509,1.87,1.12
2018.02.16 07:43:24.790,1.15074,1.15089,1.69,1.00
2018.02.16 07:43:25.155,1.15074,1.1509,2.25,1.12
2018.02.16 07:43:26.426,1.15075,1.1509,2.81,1.00
2018.02.16 07:43:27.416,1.15076,1.15091,1.12,1.00
2018.02.16 07:43:27.896,1.15075,1.15092,2.19,2.44
2018.02.16 07:43:28.754,1.15077,1.15093,2.06,1.69
2018.02.16 07:43:28.909,1.15076,1.15091,1.87,1.19
2018.02.16 07:43:29.028,1.15075,1.15091,2.06,1.19
2018.02.16 07:43:29.714,1.15076,1.15092,1.31,1.69
2018.02.16 07:43:30.024,1.15076,1.15093,3.75,1.19
2018.02.16 07:43:30.778,1.15076,1.15093,2.62,1.19
2018.02.16 07:43:30.943,1.15081,1.15094,1.50,1.00
2018.02.16 07:43:30.995,1.15083,1.15098,3.94,1.75
2018.02.16 07:43:31.097,1.15084,1.15098,1.44,1.75
2018.02.16 07:43:32.226,1.15083,1.15098,2.06,2.25
2018.02.16 07:43:32.507,1.15083,1.15098,1.50,2.25
2018.02.16 07:43:34.239,1.15082,1.15098,1.50,2.25
2018.02.16 07:43:37.704,1.15081,1.15098,1.44,2.44
2018.02.16 07:43:39.032,1.15082,1.15098,1.87,2.44
2018.02.16 07:43:39.770,1.15083,1.15098,1.19,1.69
2018.02.16 07:43:40.375,1.15083,1.15098,2.62,1.25
2018.02.16 07:43:41.096,1.15083,1.15098,2.62,1.25
2018.02.16 07:43:42.576,1.15083,1.15098,1.19,1.19
2018.02.16 07:43:43.164,1.15083,1.15098,1.87,1.25
2018.02.16 07:43:43.675,1.15083,1.15098,1.87,1.19
2018.02.16 07:43:43.728,1.15083,1.15098,2.25,1.19
2018.02.16 07:43:44.147,1.15081,1.15095,1.44,1.25
2018.02.16 07:43:45.248,1.1508,1.15095,2.62,1.00
2018.02.16 07:43:46.080,1.15081,1.15098,1.50,2.44
2018.02.16 07:43:46.402,1.15081,1.15094,1.44,1.25
2018.02.16 07:43:47.580,1.1508,1.15095,1.50,1.19
2018.02.16 07:43:48.687,1.15081,1.15095,1.25,1.25
2018.02.16 07:43:48.739,1.15081,1.15095,1.31,1.25
2018.02.16 07:43:50.552,1.15081,1.15096,1.25,1.31
2018.02.16 07:43:52.319,1.15082,1.15096,1.00,1.31
2018.02.16 07:43:53.078,1.15081,1.15096,1.12,1.31
2018.02.16 07:43:53.670,1.15081,1.15096,1.44,2.06
2018.02.16 07:43:54.200,1.15081,1.15096,1.12,1.31
2018.02.16 07:43:54.252,1.15081,1.15096,1.81,1.31
2018.02.16 07:43:54.512,1.15081,1.15096,1.44,2.06
2018.02.16 07:43:57.281,1.1508,1.15096,2.62,2.06
2018.02.16 07:43:57.383,1.15082,1.15096,1.50,2.06
2018.02.16 07:44:00.461,1.15079,1.15095,2.81,2.44
2018.02.16 07:44:00.565,1.15077,1.1509,1.50,1.37
2018.02.16 07:44:01.764,1.15076,1.1509,1.31,1.37
2018.02.16 07:44:02.075,1.15077,1.15091,2.25,2.25
2018.02.16 07:44:02.279,1.15077,1.15091,1.87,2.25
2018.02.16 07:44:02.636,1.15076,1.15091,1.75,2.44
2018.02.16 07:44:02.954,1.1508,1.15091,1.44,1.00
2018.02.16 07:44:03.110,1.1508,1.15093,1.19,1.00
2018.02.16 07:44:03.635,1.1508,1.15092,1.44,1.00
2018.02.16 07:44:05.473,1.1508,1.15094,1.44,1.69
2018.02.16 07:44:06.230,1.15079,1.15093,1.31,2.00
2018.02.16 07:44:06.282,1.15079,1.1509,1.12,1.12
2018.02.16 07:44:06.489,1.15077,1.15088,1.37,1.50
2018.02.16 07:44:07.023,1.15077,1.15087,1.37,1.00
2018.02.16 07:44:07.632,1.15077,1.15087,1.50,1.00
2018.02.16 07:44:08.981,1.15077,1.15087,1.12,1.00
2018.02.16 07:44:09.036,1.15074,1.15087,1.81,1.00
2018.02.16 07:44:09.089,1.15073,1.15084,1.87,1.00
2018.02.16 07:44:09.144,1.15072,1.15083,1.37,1.00
2018.02.16 07:44:09.854,1.15071,1.15084,1.50,1.50
2018.02.16 07:44:10.406,1.15071,1.15084,1.50,1.50
2018.02.16 07:44:11.018,1.15071,1.15084,1.44,1.50
2018.02.16 07:44:11.737,1.1507,1.15083,1.75,1.00
2018.02.16 07:44:12.098,1.1507,1.15081,1.75,1.00
2018.02.16 07:44:12.757,1.1507,1.15081,1.75,1.00
2018.02.16 07:44:13.429,1.1507,1.15082,1.56,1.00
2018.02.16 07:44:13.688,1.1507,1.15082,1.19,1.00
2018.02.16 07:44:14.211,1.1507,1.15081,1.19,1.00
2018.02.16 07:44:14.382,1.15072,1.15081,1.19,1.00
2018.02.16 07:44:14.538,1.15069,1.15082,1.87,1.00
2018.02.16 07:44:15.279,1.15069,1.15082,1.12,1.00
2018.02.16 07:44:15.811,1.15069,1.15082,1.44,1.00
2018.02.16 07:44:16.148,1.15073,1.15081,1.44,1.00
2018.02.16 07:44:16.202,1.15073,1.15084,1.37,1.37
2018.02.16 07:44:16.359,1.15073,1.15086,1.87,1.12
2018.02.16 07:44:16.514,1.15074,1.15087,1.31,1.50
2018.02.16 07:44:16.939,1.15076,1.1509,1.44,1.87
2018.02.16 07:44:17.907,1.15077,1.1509,1.69,1.87
2018.02.16 07:44:18.521,1.15078,1.1509,1.00,1.87
2018.02.16 07:44:19.358,1.15076,1.15088,1.19,1.00
2018.02.16 07:44:19.517,1.15077,1.1509,2.25,1.00
2018.02.16 07:44:20.555,1.15078,1.15092,1.19,1.50
2018.02.16 07:44:21.050,1.15078,1.15092,3.19,1.00
2018.02.16 07:44:21.571,1.15082,1.15094,1.12,2.25
2018.02.16 07:44:22.313,1.15082,1.15094,1.50,2.25
2018.02.16 07:44:22.416,1.15079,1.15091,2.25,1.25
2018.02.16 07:44:22.555,1.15076,1.1509,2.44,1.12
2018.02.16 07:44:23.377,1.15076,1.15091,2.06,1.37
2018.02.16 07:44:23.714,1.15074,1.15086,2.81,1.00
2018.02.16 07:44:24.256,1.15074,1.15086,2.25,1.00
2018.02.16 07:44:24.802,1.15075,1.15087,1.19,1.12
2018.02.16 07:44:26.635,1.15075,1.15086,1.44,1.00
2018.02.16 07:44:27.183,1.15074,1.15087,1.87,1.12
2018.02.16 07:44:28.151,1.15073,1.15086,1.44,1.00
2018.02.16 07:44:28.653,1.15071,1.15087,3.00,1.87
2018.02.16 07:44:31.564,1.15071,1.15087,3.00,2.06
2018.02.16 07:44:32.098,1.15071,1.15087,2.25,2.06
2018.02.16 07:44:32.412,1.15071,1.15087,1.81,2.44
2018.02.16 07:44:33.044,1.15071,1.15086,1.37,1.75
2018.02.16 07:44:34.138,1.15071,1.15087,1.81,2.44
2018.02.16 07:44:35.717,1.15072,1.15086,1.50,1.75
2018.02.16 07:44:35.770,1.15075,1.15087,1.25,1.87
2018.02.16 07:44:36.528,1.15076,1.15087,1.00,1.87
2018.02.16 07:44:36.771,1.15077,1.1509,1.87,1.50
2018.02.16 07:44:36.878,1.15077,1.1509,1.25,1.69
2018.02.16 07:44:37.057,1.15076,1.15089,1.19,1.50
2018.02.16 07:44:37.582,1.15077,1.1509,1.50,3.00
2018.02.16 07:44:37.928,1.15079,1.15091,1.31,1.37
2018.02.16 07:44:39.915,1.15076,1.15092,3.00,1.69
2018.02.16 07:44:40.071,1.15073,1.15089,4.69,1.00
2018.02.16 07:44:40.124,1.15073,1.15088,3.00,1.50
2018.02.16 07:44:40.636,1.15072,1.15086,2.44,1.00
2018.02.16 07:44:41.286,1.15072,1.15083,1.19,1.75
2018.02.16 07:44:41.339,1.15069,1.15081,1.81,1.12
2018.02.16 07:44:41.723,1.15072,1.15083,1.87,1.75
2018.02.16 07:44:41.778,1.15071,1.15083,2.62,1.00
2018.02.16 07:44:41.886,1.15071,1.15081,1.44,1.00
2018.02.16 07:44:42.005,1.1507,1.15084,1.37,1.25
2018.02.16 07:44:42.058,1.15069,1.15085,1.19,2.06
2018.02.16 07:44:42.536,1.15071,1.15083,1.19,1.50
2018.02.16 07:44:42.692,1.15077,1.15089,1.12,1.12
2018.02.16 07:44:43.001,1.15075,1.1509,1.00,2.66
2018.02.16 07:44:43.341,1.1507,1.15084,1.37,1.50
2018.02.16 07:44:43.779,1.15075,1.15084,1.25,1.00
2018.02.16 07:44:43.996,1.15085,1.15095,1.25,1.00
2018.02.16 07:44:44.055,1.15086,1.15098,1.19,1.87
2018.02.16 07:44:44.110,1.15085,1.15098,1.12,1.87
2018.02.16 07:44:45.633,1.15088,1.15101,1.25,1.00
2018.02.16 07:44:45.739,1.1509,1.15103,1.50,1.12
2018.02.16 07:44:46.222,1.1509,1.15102,1.44,1.00
2018.02.16 07:44:46.754,1.1509,1.15105,1.50,2.25
2018.02.16 07:44:46.955,1.15088,1.15102,1.75,1.00
2018.02.16 07:44:47.010,1.15086,1.151,1.87,1.00
2018.02.16 07:44:47.063,1.15084,1.15101,3.00,1.25
2018.02.16 07:44:47.168,1.15084,1.15097,1.50,1.37
2018.02.16 07:44:50.087,1.15082,1.15097,1.87,1.62
2018.02.16 07:44:50.714,1.15082,1.15097,1.50,1.62
2018.02.16 07:44:53.462,1.15082,1.15098,1.81,2.44
2018.02.16 07:44:54.273,1.15082,1.15098,1.19,2.44
2018.02.16 07:44:54.326,1.15081,1.15094,1.50,1.00
2018.02.16 07:44:54.883,1.15081,1.15095,1.50,1.69
2018.02.16 07:44:55.143,1.15083,1.15097,1.50,1.50
2018.02.16 07:44:55.403,1.15086,1.15097,1.69,1.00
2018.02.16 07:44:55.455,1.15088,1.151,1.44,1.87
2018.02.16 07:44:55.846,1.15086,1.15101,1.44,2.25
2018.02.16 07:44:55.901,1.15087,1.15097,1.25,1.00
2018.02.16 07:44:56.162,1.15085,1.15101,1.31,2.44
2018.02.16 07:44:56.215,1.15089,1.15101,1.19,1.50
2018.02.16 07:44:56.371,1.15091,1.15105,1.69,1.25
2018.02.16 07:44:56.784,1.15091,1.15105,2.25,1.19
2018.02.16 07:44:56.886,1.15091,1.15105,2.25,1.25
2018.02.16 07:44:57.196,1.15092,1.15106,1.50,1.54
2018.02.16 07:44:59.583,1.15093,1.15106,1.12,1.54
2018.02.16 07:45:00.129,1.15094,1.15106,1.25,1.00
2018.02.16 07:45:01.587,1.15093,1.15108,1.62,2.25
2018.02.16 07:45:01.909,1.15108,1.15124,2.25,2.06
2018.02.16 07:45:02.463,1.15109,1.15123,1.50,1.12
2018.02.16 07:45:02.517,1.15108,1.15123,1.37,1.31
2018.02.16 07:45:02.621,1.15108,1.15123,1.44,1.31
2018.02.16 07:45:03.161,1.15106,1.15123,1.75,2.25
2018.02.16 07:45:04.798,1.15105,1.15121,1.50,1.37
2018.02.16 07:45:05.660,1.15104,1.15118,1.81,1.12
2018.02.16 07:45:05.868,1.15101,1.15118,1.81,1.31
2018.02.16 07:45:05.920,1.15101,1.15117,1.87,1.00
2018.02.16 07:45:06.232,1.15104,1.15117,1.12,1.00
2018.02.16 07:45:06.568,1.15105,1.1512,3.19,1.75
2018.02.16 07:45:06.672,1.15105,1.1512,3.19,1.00
2018.02.16 07:45:07.214,1.15105,1.1512,2.00,1.00
2018.02.16 07:45:08.253,1.15105,1.1512,2.00,1.00
2018.02.16 07:45:09.900,1.15105,1.15121,2.00,1.12
2018.02.16 07:45:11.199,1.15104,1.15121,3.37,1.12
2018.02.16 07:45:12.485,1.15107,1.15123,2.00,2.25
2018.02.16 07:45:12.537,1.15107,1.15123,2.06,1.87
2018.02.16 07:45:13.263,1.15109,1.15125,2.25,3.04
2018.02.16 07:45:14.578,1.15109,1.15125,1.31,1.69
2018.02.16 07:45:14.683,1.1511,1.15126,2.44,1.69
2018.02.16 07:45:14.735,1.15113,1.15126,1.87,1.69
2018.02.16 07:45:14.788,1.1511,1.15126,1.69,1.19
2018.02.16 07:45:14.842,1.15108,1.15124,1.81,1.37
2018.02.16 07:45:14.894,1.15107,1.15124,1.50,1.87
2018.02.16 07:45:14.992,1.15107,1.15123,2.06,1.12
2018.02.16 07:45:15.045,1.1511,1.15126,1.87,1.31
2018.02.16 07:45:15.149,1.15113,1.15128,1.19,2.62
2018.02.16 07:45:15.307,1.15109,1.15127,2.44,1.31
2018.02.16 07:45:15.410,1.15113,1.15128,1.19,3.37
2018.02.16 07:45:15.462,1.15113,1.15128,1.44,1.69
2018.02.16 07:45:15.740,1.15114,1.1513,1.25,1.12
2018.02.16 07:45:16.033,1.15119,1.15132,1.00,1.87
2018.02.16 07:45:16.139,1.15119,1.15135,1.69,1.25
2018.02.16 07:45:16.660,1.15119,1.15136,1.69,1.31
2018.02.16 07:45:16.766,1.15118,1.15132,1.75,1.44
2018.02.16 07:45:16.819,1.15118,1.15133,1.31,1.62
2018.02.16 07:45:16.873,1.15121,1.15135,1.00,1.94
2018.02.16 07:45:16.926,1.15121,1.15135,1.00,1.00
2018.02.16 07:45:17.030,1.15119,1.15136,1.81,2.25
2018.02.16 07:45:17.083,1.15119,1.15136,2.25,1.50
2018.02.16 07:45:17.742,1.15119,1.15136,2.25,1.50
2018.02.16 07:45:18.358,1.1512,1.15137,1.00,1.87
2018.02.16 07:45:18.412,1.15124,1.1514,1.00,3.19
2018.02.16 07:45:18.466,1.15125,1.1514,1.19,1.50
2018.02.16 07:45:18.520,1.15127,1.15143,1.81,1.00
2018.02.16 07:45:18.746,1.15125,1.15143,2.06,2.25
2018.02.16 07:45:19.628,1.15125,1.15142,1.87,1.19
2018.02.16 07:45:19.936,1.15122,1.15137,1.00,1.19
2018.02.16 07:45:21.665,1.1512,1.15134,1.12,1.00
2018.02.16 07:45:22.048,1.15122,1.15134,1.25,1.00
2018.02.16 07:45:22.101,1.1512,1.15135,1.00,1.12
2018.02.16 07:45:22.154,1.15116,1.15134,1.81,2.44
2018.02.16 07:45:22.207,1.15116,1.1513,1.87,1.00
2018.02.16 07:45:22.311,1.15116,1.15132,1.87,1.25
2018.02.16 07:45:22.469,1.15116,1.15132,1.12,1.19
2018.02.16 07:45:23.022,1.15116,1.15132,1.00,2.81
2018.02.16 07:45:23.711,1.15116,1.15132,1.00,1.31
2018.02.16 07:45:24.236,1.15116,1.15132,1.25,1.12
2018.02.16 07:45:24.780,1.15116,1.15132,1.00,1.44
2018.02.16 07:45:24.885,1.15116,1.15132,1.50,1.12
2018.02.16 07:45:24.938,1.15114,1.15131,3.19,2.04
2018.02.16 07:45:25.251,1.15117,1.15133,1.12,1.19
2018.02.16 07:45:25.304,1.15117,1.15134,1.12,2.10
2018.02.16 07:45:25.846,1.15118,1.15134,1.00,1.44
2018.02.16 07:45:26.369,1.15117,1.15135,1.12,2.25
2018.02.16 07:45:26.967,1.15117,1.15135,1.31,2.25
2018.02.16 07:45:27.077,1.15118,1.15133,1.00,2.06
2018.02.16 07:45:27.182,1.15114,1.15131,1.19,2.62
2018.02.16 07:45:27.924,1.1511,1.15127,2.81,1.81
2018.02.16 07:45:28.030,1.15113,1.15128,2.81,1.75
2018.02.16 07:45:28.084,1.15113,1.1513,2.25,1.25
2018.02.16 07:45:29.969,1.15114,1.15131,2.06,1.91
2018.02.16 07:45:30.517,1.15116,1.1513,1.50,1.19
2018.02.16 07:45:30.843,1.15116,1.15131,1.44,1.16
2018.02.16 07:45:30.998,1.15116,1.15132,2.62,1.31
2018.02.16 07:45:33.455,1.15115,1.15129,1.12,1.00
2018.02.16 07:45:33.507,1.15115,1.1513,1.87,1.00
2018.02.16 07:45:33.750,1.15115,1.1513,1.19,1.00
2018.02.16 07:45:34.268,1.15114,1.15129,1.87,1.25
2018.02.16 07:45:34.681,1.15113,1.15127,1.12,1.12
2018.02.16 07:45:35.537,1.15114,1.15128,1.25,1.00
2018.02.16 07:45:35.661,1.15114,1.1513,1.19,1.12
2018.02.16 07:45:35.983,1.15116,1.15129,1.44,1.00
2018.02.16 07:45:36.639,1.15116,1.1513,1.19,1.12
2018.02.16 07:45:37.378,1.15116,1.15129,1.44,1.00
2018.02.16 07:45:38.282,1.15116,1.15129,1.44,1.00
2018.02.16 07:45:38.673,1.15121,1.15135,1.50,2.25
2018.02.16 07:45:38.777,1.15125,1.15141,2.44,1.00
2018.02.16 07:45:38.882,1.15126,1.15142,1.87,1.31
2018.02.16 07:45:39.889,1.15126,1.15143,2.06,2.29
2018.02.16 07:45:39.993,1.15126,1.15141,2.06,1.69
2018.02.16 07:45:40.098,1.15124,1.1514,1.44,1.50
2018.02.16 07:45:40.405,1.15124,1.1514,1.44,1.31
2018.02.16 07:45:40.852,1.15124,1.1514,2.25,1.12
2018.02.16 07:45:42.163,1.15126,1.1514,1.81,1.12
2018.02.16 07:45:44.606,1.15125,1.1514,3.56,1.31
2018.02.16 07:45:44.722,1.15125,1.1514,2.62,1.31
2018.02.16 07:45:45.560,1.15125,1.15136,1.00,1.44
2018.02.16 07:45:45.614,1.15119,1.15132,2.44,1.00
2018.02.16 07:45:46.748,1.15116,1.15132,1.69,1.31
2018.02.16 07:45:47.261,1.15116,1.15131,1.50,1.00
2018.02.16 07:45:47.770,1.15116,1.15132,1.31,1.31
2018.02.16 07:45:48.019,1.15116,1.15131,1.87,1.00
2018.02.16 07:45:48.538,1.15119,1.15134,1.12,1.75
2018.02.16 07:45:48.883,1.15119,1.15133,1.44,1.50
2018.02.16 07:45:49.038,1.15123,1.15139,3.00,1.25
2018.02.16 07:45:49.290,1.15123,1.15141,2.81,2.25
2018.02.16 07:45:49.902,1.15123,1.1514,4.12,1.00
2018.02.16 07:45:50.434,1.15125,1.15141,1.25,2.25
2018.02.16 07:45:52.648,1.15125,1.1514,1.87,1.00
2018.02.16 07:45:53.263,1.15125,1.15141,1.87,1.50
2018.02.16 07:45:53.926,1.15125,1.1514,1.87,1.00
2018.02.16 07:45:54.586,1.15125,1.15141,1.87,1.50
2018.02.16 07:45:55.149,1.15125,1.1514,1.87,1.00
2018.02.16 07:45:56.007,1.15124,1.15139,1.19,1.69
2018.02.16 07:45:56.112,1.15123,1.1514,1.87,1.19
2018.02.16 07:45:56.536,1.15123,1.1514,3.37,1.19
2018.02.16 07:45:56.743,1.15119,1.15135,1.69,1.25
2018.02.16 07:45:56.905,1.15119,1.15135,1.69,1.19
2018.02.16 07:45:58.044,1.15121,1.15135,1.25,1.19
2018.02.16 07:45:58.200,1.15121,1.15137,1.00,2.25
2018.02.16 07:45:58.253,1.15121,1.15137,1.31,2.25
2018.02.16 07:45:58.306,1.15121,1.15136,1.00,1.31
2018.02.16 07:46:00.617,1.15119,1.15134,1.44,1.56
2018.02.16 07:46:01.181,1.15118,1.15134,1.87,1.56
2018.02.16 07:46:01.493,1.15117,1.15134,1.31,2.06
2018.02.16 07:46:02.497,1.15116,1.15133,3.00,2.06
2018.02.16 07:46:05.136,1.15116,1.15133,1.56,3.00
2018.02.16 07:46:05.342,1.15124,1.1514,1.19,2.19
2018.02.16 07:46:05.446,1.15122,1.15137,1.50,1.00
2018.02.16 07:46:05.803,1.15122,1.15137,1.50,1.19
2018.02.16 07:46:06.764,1.1512,1.15135,1.87,1.19
2018.02.16 07:46:06.817,1.15119,1.15133,1.75,1.25
2018.02.16 07:46:06.870,1.15116,1.15134,1.87,3.75
2018.02.16 07:46:07.380,1.15116,1.15133,1.87,1.94
2018.02.16 07:46:07.484,1.15116,1.15129,1.00,1.19
2018.02.16 07:46:08.139,1.15114,1.15129,1.12,1.19
2018.02.16 07:46:09.849,1.15114,1.15129,1.81,1.19
2018.02.16 07:46:10.314,1.15115,1.15131,1.31,2.44
2018.02.16 07:46:10.858,1.15115,1.1513,1.31,1.25
2018.02.16 07:46:11.393,1.15115,1.15129,1.50,1.00
2018.02.16 07:46:11.833,1.15115,1.15129,1.87,1.00
2018.02.16 07:46:12.354,1.15115,1.1513,1.69,1.25
2018.02.16 07:46:12.900,1.15115,1.15129,1.50,1.00
2018.02.16 07:46:12.951,1.15115,1.15129,1.50,1.00
2018.02.16 07:46:13.817,1.15115,1.1513,1.31,1.25
2018.02.16 07:46:13.871,1.1512,1.1513,1.00,1.00
2018.02.16 07:46:13.977,1.1512,1.15133,1.44,1.00
2018.02.16 07:46:16.369,1.15118,1.15133,1.25,2.06
2018.02.16 07:46:16.423,1.15117,1.15128,1.12,1.25
2018.02.16 07:46:16.476,1.15113,1.15129,1.69,1.31
2018.02.16 07:46:16.996,1.15114,1.1513,1.25,1.12
2018.02.16 07:46:17.602,1.15113,1.15131,1.69,2.19
2018.02.16 07:46:17.756,1.15113,1.15127,1.25,2.00
2018.02.16 07:46:18.757,1.15111,1.15127,2.25,2.00
2018.02.16 07:46:19.891,1.15111,1.15126,1.44,1.50
2018.02.16 07:46:21.879,1.15113,1.15128,1.44,1.50
2018.02.16 07:46:22.384,1.15113,1.15128,1.37,1.12
2018.02.16 07:46:23.267,1.15115,1.15131,2.25,1.31
2018.02.16 07:46:23.582,1.15118,1.15134,1.31,1.69
2018.02.16 07:46:24.105,1.15119,1.15135,1.87,1.56
2018.02.16 07:46:24.824,1.1512,1.15135,1.00,1.56
2018.02.16 07:46:25.867,1.15118,1.15135,3.00,1.56
2018.02.16 07:46:26.373,1.15118,1.15135,3.00,1.66
2018.02.16 07:46:27.053,1.15118,1.15133,1.31,1.20
2018.02.16 07:46:27.856,1.1512,1.15134,1.69,1.39
2018.02.16 07:46:27.958,1.1512,1.15135,1.87,1.37
2018.02.16 07:46:28.480,1.1512,1.15135,1.44,1.37
2018.02.16 07:46:29.027,1.15119,1.15135,1.44,1.66
2018.02.16 07:46:31.313,1.15118,1.15134,1.31,1.39
2018.02.16 07:46:31.827,1.15118,1.15133,1.31,1.29
2018.02.16 07:46:33.197,1.15118,1.15132,1.19,1.01
2018.02.16 07:46:36.893,1.15121,1.15134,1.12,1.82
2018.02.16 07:46:36.998,1.15123,1.15138,1.00,1.76
2018.02.16 07:46:37.172,1.15125,1.15139,1.87,1.00
2018.02.16 07:46:37.486,1.15128,1.15143,1.31,1.69
2018.02.16 07:46:38.480,1.15128,1.15142,1.50,1.25
2018.02.16 07:46:39.826,1.15128,1.15143,1.31,2.06
2018.02.16 07:46:40.250,1.15126,1.15142,1.87,1.76
2018.02.16 07:46:40.408,1.15126,1.15139,1.00,1.25
2018.02.16 07:46:40.957,1.15123,1.15139,2.62,1.69
2018.02.16 07:46:41.347,1.15126,1.15139,1.00,1.50
2018.02.16 07:46:41.733,1.15126,1.15141,2.25,1.00
2018.02.16 07:46:41.785,1.15128,1.15144,1.87,3.19
2018.02.16 07:46:41.992,1.15128,1.15143,1.31,1.69
2018.02.16 07:46:43.006,1.1513,1.15145,1.00,2.44
2018.02.16 07:46:43.212,1.1513,1.15143,1.00,1.19
2018.02.16 07:46:43.263,1.15128,1.15142,1.00,1.25
2018.02.16 07:46:43.965,1.15127,1.15142,1.12,1.69
2018.02.16 07:46:45.029,1.1513,1.15144,1.19,1.00
2018.02.16 07:46:45.296,1.15129,1.15144,1.69,1.25
2018.02.16 07:46:46.043,1.15129,1.15144,1.00,1.44
2018.02.16 07:46:46.642,1.15128,1.15144,1.50,1.70
2018.02.16 07:46:47.308,1.15128,1.15144,1.50,3.86
2018.02.16 07:46:49.443,1.15128,1.15144,1.00,1.20
2018.02.16 07:46:50.586,1.15128,1.15145,1.00,1.57
2018.02.16 07:46:50.958,1.15129,1.15145,1.00,2.70
2018.02.16 07:46:51.010,1.15127,1.15145,2.06,2.70
2018.02.16 07:46:51.824,1.15127,1.15145,2.06,1.57
2018.02.16 07:46:52.357,1.15127,1.15145,2.06,1.57
2018.02.16 07:46:52.685,1.15128,1.15143,1.25,1.44
2018.02.16 07:46:53.015,1.15128,1.15144,1.25,2.14
2018.02.16 07:46:53.168,1.15127,1.15141,1.00,2.44
2018.02.16 07:46:53.219,1.15125,1.15141,1.12,2.44
2018.02.16 07:46:53.271,1.15125,1.15137,1.00,1.00
2018.02.16 07:46:53.790,1.15124,1.15137,1.00,1.00
2018.02.16 07:46:54.140,1.15126,1.15142,1.00,1.12
2018.02.16 07:46:54.243,1.15128,1.15143,1.00,1.00
2018.02.16 07:46:54.684,1.15128,1.15143,1.50,1.50
2018.02.16 07:46:57.536,1.15127,1.15142,1.00,1.19
2018.02.16 07:46:58.206,1.15126,1.15142,2.25,1.19
2018.02.16 07:47:00.677,1.15126,1.15142,2.25,1.29
2018.02.16 07:47:01.953,1.15127,1.15143,1.00,1.24
2018.02.16 07:47:02.492,1.15128,1.15143,1.00,1.99
2018.02.16 07:47:03.416,1.15127,1.15141,1.00,1.19
2018.02.16 07:47:03.520,1.15125,1.15141,1.12,3.07
2018.02.16 07:47:03.911,1.15126,1.15141,1.25,1.87
2018.02.16 07:47:07.354,1.15126,1.1514,1.25,1.56
2018.02.16 07:47:08.409,1.15126,1.1514,1.25,1.56
2018.02.16 07:47:08.865,1.15124,1.1514,2.62,1.57
2018.02.16 07:47:10.367,1.15126,1.1514,1.00,1.01
2018.02.16 07:47:13.393,1.15127,1.1514,1.00,1.69
2018.02.16 07:47:13.706,1.15126,1.1514,1.00,2.51
2018.02.16 07:47:13.837,1.15122,1.15137,1.87,1.19
2018.02.16 07:47:13.890,1.15121,1.15136,1.87,1.25
2018.02.16 07:47:14.100,1.15121,1.15136,1.00,1.19
2018.02.16 07:47:14.782,1.15122,1.15136,1.00,1.19
2018.02.16 07:47:15.630,1.1512,1.15135,1.25,2.44
2018.02.16 07:47:16.142,1.15121,1.15134,1.00,1.69
2018.02.16 07:47:17.098,1.15121,1.15134,1.00,1.69
2018.02.16 07:47:17.523,1.15118,1.15132,1.00,1.00
2018.02.16 07:47:17.574,1.1512,1.15134,1.12,1.50
2018.02.16 07:47:18.108,1.1512,1.15135,1.12,1.69
2018.02.16 07:47:18.611,1.1512,1.15134,1.31,1.19
2018.02.16 07:47:19.122,1.15119,1.15134,2.06,1.29
2018.02.16 07:47:19.678,1.15121,1.15134,1.00,1.19
2018.02.16 07:47:20.205,1.15121,1.15134,1.00,2.04
2018.02.16 07:47:20.482,1.15118,1.15133,1.00,1.69
2018.02.16 07:47:20.588,1.15118,1.15131,1.00,2.44
2018.02.16 07:47:20.640,1.15114,1.15127,1.00,1.25
2018.02.16 07:47:20.889,1.15118,1.1513,1.25,1.00
2018.02.16 07:47:20.992,1.1512,1.15133,1.12,1.25
2018.02.16 07:47:23.669,1.15122,1.15133,1.25,1.00
2018.02.16 07:47:23.722,1.15122,1.15135,3.19,1.00
2018.02.16 07:47:23.879,1.15124,1.15137,1.12,1.10
2018.02.16 07:47:24.037,1.15125,1.15139,1.31,1.25
2018.02.16 07:47:24.092,1.15126,1.15139,1.50,1.25
2018.02.16 07:47:24.198,1.15126,1.15141,3.00,1.25
2018.02.16 07:47:26.056,1.15125,1.15139,1.00,1.07
2018.02.16 07:47:26.216,1.15123,1.15138,1.69,1.61
2018.02.16 07:47:26.369,1.15122,1.15134,1.00,1.00
2018.02.16 07:47:27.113,1.15119,1.15133,1.87,1.00
2018.02.16 07:47:27.781,1.15119,1.15134,2.25,1.87
2018.02.16 07:47:28.417,1.15119,1.15134,1.62,1.87
2018.02.16 07:47:28.920,1.15119,1.15134,1.25,1.87
2018.02.16 07:47:30.444,1.15119,1.15133,1.19,1.00
2018.02.16 07:47:30.994,1.15118,1.15133,1.69,1.25
2018.02.16 07:47:31.149,1.15117,1.15133,1.25,1.44
2018.02.16 07:47:31.612,1.15114,1.15129,2.44,1.00
2018.02.16 07:47:32.180,1.15115,1.15129,1.25,1.00
2018.02.16 07:47:35.346,1.15114,1.15129,1.00,1.31
2018.02.16 07:47:35.862,1.15112,1.15128,1.37,1.87
2018.02.16 07:47:36.563,1.15112,1.15128,1.87,1.00
2018.02.16 07:47:37.082,1.15113,1.15128,1.12,1.50
2018.02.16 07:47:37.595,1.15113,1.15128,1.25,1.69
2018.02.16 07:47:37.647,1.15111,1.15126,1.00,2.44
2018.02.16 07:47:40.025,1.15111,1.15125,2.25,1.19
2018.02.16 07:47:41.095,1.15111,1.15126,2.06,2.06
2018.02.16 07:47:41.230,1.15111,1.15126,2.06,2.06
2018.02.16 07:47:41.606,1.15112,1.15125,1.31,1.00
2018.02.16 07:47:41.659,1.15113,1.15127,1.00,1.25
2018.02.16 07:47:41.817,1.15112,1.15125,2.06,1.19
2018.02.16 07:47:42.367,1.15113,1.15125,1.00,1.19
2018.02.16 07:47:43.072,1.15113,1.15127,1.69,1.25
2018.02.16 07:47:43.180,1.15113,1.15129,1.69,2.44
2018.02.16 07:47:43.234,1.15112,1.15126,2.06,1.25
2018.02.16 07:47:43.584,1.15114,1.15126,1.00,1.19
2018.02.16 07:47:44.731,1.1511,1.15122,1.12,1.25
2018.02.16 07:47:47.000,1.1511,1.15124,1.31,1.25
2018.02.16 07:47:47.155,1.15112,1.15125,1.19,1.25
2018.02.16 07:47:47.376,1.15113,1.15128,2.06,1.69
2018.02.16 07:47:47.889,1.15115,1.15128,1.00,1.69
2018.02.16 07:47:49.768,1.15115,1.15127,1.00,1.25
2018.02.16 07:47:49.821,1.15113,1.15127,1.12,1.12
2018.02.16 07:47:50.324,1.15114,1.15127,1.19,1.25
2018.02.16 07:47:51.176,1.15114,1.15127,1.00,1.25
2018.02.16 07:47:52.088,1.15113,1.15127,1.31,1.25
2018.02.16 07:47:52.594,1.15113,1.15127,1.31,1.25
2018.02.16 07:47:53.581,1.15112,1.15127,2.44,1.25
2018.02.16 07:47:54.671,1.15112,1.15124,2.44,1.25
2018.02.16 07:47:55.108,1.15112,1.15126,1.69,1.25
2018.02.16 07:47:57.773,1.15112,1.15124,1.50,1.25
2018.02.16 07:47:57.877,1.15109,1.15124,1.69,1.31
2018.02.16 07:47:58.559,1.15108,1.15123,1.31,1.00
2018.02.16 07:48:00.440,1.15107,1.15124,1.56,2.06
2018.02.16 07:48:01.032,1.15107,1.15122,1.56,1.25
2018.02.16 07:48:01.461,1.15109,1.15123,1.19,1.00
2018.02.16 07:48:01.892,1.15111,1.15125,1.31,1.19
2018.02.16 07:48:02.047,1.15111,1.15126,1.31,1.69
2018.02.16 07:48:02.153,1.15109,1.15124,3.19,1.25
2018.02.16 07:48:02.376,1.15114,1.15128,1.00,1.31
2018.02.16 07:48:02.885,1.15114,1.15128,1.00,2.06
2018.02.16 07:48:03.090,1.15115,1.1513,1.87,1.19
2018.02.16 07:48:03.143,1.15116,1.15131,1.69,1.25
2018.02.16 07:48:03.275,1.15117,1.15131,1.69,1.00
2018.02.16 07:48:03.700,1.15115,1.15131,2.25,2.06
2018.02.16 07:48:03.805,1.1512,1.15133,1.00,2.44
2018.02.16 07:48:03.960,1.1512,1.15134,1.00,1.25
2018.02.16 07:48:04.514,1.1512,1.15134,1.00,2.44
2018.02.16 07:48:04.669,1.15116,1.15131,3.00,1.00
2018.02.16 07:48:04.720,1.15116,1.15131,1.69,1.69
2018.02.16 07:48:05.521,1.15116,1.15129,1.12,1.19
2018.02.16 07:48:06.671,1.15116,1.15131,1.25,1.25
2018.02.16 07:48:06.723,1.15119,1.15131,1.00,1.25
2018.02.16 07:48:07.233,1.15118,1.15131,1.50,1.25
2018.02.16 07:48:07.800,1.15118,1.15131,1.50,1.69
2018.02.16 07:48:08.423,1.15119,1.15131,1.00,1.69
2018.02.16 07:48:08.731,1.15113,1.15127,4.12,1.25
2018.02.16 07:48:08.782,1.15112,1.15127,2.44,1.25
2018.02.16 07:48:09.522,1.15113,1.15128,1.69,1.25
2018.02.16 07:48:10.194,1.15113,1.15126,1.00,1.19
2018.02.16 07:48:10.701,1.15112,1.15126,2.25,1.19
2018.02.16 07:48:11.257,1.15112,1.15127,1.87,1.19
2018.02.16 07:48:11.796,1.15111,1.15125,1.50,1.25
2018.02.16 07:48:12.333,1.1511,1.15126,1.69,1.12
2018.02.16 07:48:12.691,1.15113,1.15126,1.00,1.12
2018.02.16 07:48:13.252,1.15111,1.15126,1.87,1.12
2018.02.16 07:48:13.463,1.15112,1.15129,1.37,1.20
2018.02.16 07:48:15.291,1.15112,1.15127,1.00,1.62
2018.02.16 07:48:15.636,1.15106,1.15123,2.00,1.69
2018.02.16 07:48:15.845,1.15104,1.15119,1.25,1.00
2018.02.16 07:48:15.951,1.15106,1.1512,1.12,1.25
2018.02.16 07:48:16.494,1.15106,1.1512,1.00,1.29
2018.02.16 07:48:17.046,1.15107,1.15122,1.25,1.76
2018.02.16 07:48:17.576,1.15106,1.15122,2.06,1.19
2018.02.16 07:48:17.892,1.15106,1.15123,3.19,1.26
2018.02.16 07:48:17.947,1.15107,1.15123,1.69,1.26
2018.02.16 07:48:18.474,1.15107,1.15121,1.12,1.00
2018.02.16 07:48:18.681,1.15108,1.15123,1.25,1.00
2018.02.16 07:48:18.783,1.15111,1.15123,1.00,1.00
2018.02.16 07:48:19.806,1.15111,1.15125,1.00,2.06
2018.02.16 07:48:21.878,1.15111,1.15124,1.25,1.10
2018.02.16 07:48:22.513,1.1511,1.15124,1.25,1.10
2018.02.16 07:48:27.364,1.15111,1.15124,1.25,1.25
2018.02.16 07:48:27.469,1.15115,1.15124,1.25,1.00
2018.02.16 07:48:27.978,1.15112,1.15125,2.06,1.00
2018.02.16 07:48:28.078,1.15115,1.15127,1.25,1.20
2018.02.16 07:48:28.184,1.15112,1.15127,1.31,1.39
2018.02.16 07:48:28.237,1.15111,1.15126,1.19,1.01
2018.02.16 07:48:28.392,1.15111,1.15126,1.25,1.01
2018.02.16 07:48:28.895,1.15112,1.15126,1.00,1.01
2018.02.16 07:48:29.255,1.15114,1.15128,1.69,2.32
2018.02.16 07:48:29.358,1.15115,1.15129,1.31,2.14
2018.02.16 07:48:29.460,1.15113,1.15127,1.69,1.45
2018.02.16 07:48:30.005,1.15115,1.1513,1.25,1.39
2018.02.16 07:48:30.057,1.15113,1.15128,2.44,1.50
2018.02.16 07:48:30.421,1.15111,1.15128,4.12,1.69
2018.02.16 07:48:30.628,1.15111,1.15124,1.31,1.50
2018.02.16 07:48:32.225,1.15112,1.15125,1.25,1.87
2018.02.16 07:48:32.278,1.15112,1.15127,1.25,2.06
2018.02.16 07:48:32.517,1.15114,1.15127,1.00,1.87
2018.02.16 07:48:33.726,1.15118,1.15131,1.00,2.70
2018.02.16 07:48:34.065,1.15115,1.15129,1.44,1.50
2018.02.16 07:48:34.394,1.15113,1.15129,1.44,1.95
2018.02.16 07:48:34.896,1.15115,1.15126,1.00,1.37
2018.02.16 07:48:37.594,1.15112,1.15126,1.00,1.87
2018.02.16 07:48:37.646,1.1511,1.15124,1.25,1.10
2018.02.16 07:48:37.746,1.1511,1.15123,1.19,1.50
2018.02.16 07:48:38.581,1.1511,1.15124,1.25,2.70
2018.02.16 07:48:38.962,1.15114,1.15125,1.00,3.07
2018.02.16 07:48:39.066,1.15114,1.15127,1.56,1.00
2018.02.16 07:48:40.916,1.15113,1.15127,1.00,1.69
2018.02.16 07:48:40.971,1.15111,1.15124,2.06,1.50
2018.02.16 07:48:41.026,1.1511,1.15122,1.25,1.12
2018.02.16 07:48:41.564,1.1511,1.15121,1.19,1.00
2018.02.16 07:48:41.878,1.15108,1.15122,1.25,1.12
2018.02.16 07:48:42.460,1.15108,1.15121,1.19,1.00
2018.02.16 07:48:42.979,1.15108,1.15121,1.25,1.00
2018.02.16 07:48:43.243,1.15106,1.15119,1.25,1.12
2018.02.16 07:48:43.556,1.15104,1.15116,1.69,2.32
2018.02.16 07:48:43.660,1.15104,1.15117,1.69,1.12
2018.02.16 07:48:43.712,1.15106,1.15117,1.00,1.12
2018.02.16 07:48:44.250,1.15104,1.15116,1.19,1.00
2018.02.16 07:48:44.790,1.15106,1.15119,1.00,1.85
2018.02.16 07:48:45.339,1.15105,1.15119,1.19,2.32
2018.02.16 07:48:45.814,1.15105,1.15119,1.25,1.85
2018.02.16 07:48:46.216,1.15106,1.15119,1.19,2.25
2018.02.16 07:48:46.372,1.15107,1.15119,1.25,1.12
2018.02.16 07:48:46.885,1.15108,1.15119,1.00,1.12
2018.02.16 07:48:47.572,1.15107,1.15119,1.25,1.12
2018.02.16 07:48:48.672,1.15107,1.15119,1.19,1.12
2018.02.16 07:48:49.323,1.15106,1.15119,1.19,1.12
2018.02.16 07:48:49.910,1.15106,1.1512,1.25,1.87
2018.02.16 07:48:50.405,1.15106,1.15119,1.19,1.12
2018.02.16 07:48:50.458,1.15106,1.15121,1.25,2.32
2018.02.16 07:48:50.671,1.15104,1.15117,1.50,1.00
2018.02.16 07:48:50.724,1.15104,1.15117,1.31,1.10
2018.02.16 07:48:51.119,1.15101,1.15114,1.25,1.12
2018.02.16 07:48:51.644,1.15099,1.15113,1.19,1.10
2018.02.16 07:48:51.806,1.15097,1.15111,1.44,1.12
2018.02.16 07:48:52.323,1.15096,1.15109,1.19,1.00
2018.02.16 07:48:52.637,1.151,1.15112,1.00,2.70
2018.02.16 07:48:52.690,1.151,1.15112,1.00,1.12
2018.02.16 07:48:53.208,1.15099,1.15113,1.69,1.50
2018.02.16 07:48:53.388,1.15101,1.15111,1.19,1.00
2018.02.16 07:48:53.441,1.15101,1.15113,1.19,1.00
2018.02.16 07:48:53.699,1.151,1.15113,2.06,1.00
2018.02.16 07:48:54.204,1.15101,1.15113,1.00,1.10
2018.02.16 07:48:54.638,1.15099,1.15111,1.25,1.10
2018.02.16 07:48:55.163,1.15099,1.15112,1.00,2.51
2018.02.16 07:48:55.218,1.15096,1.15112,1.50,2.14
2018.02.16 07:48:55.273,1.15098,1.15112,2.44,1.57
2018.02.16 07:48:55.585,1.15098,1.15109,1.00,1.57
2018.02.16 07:48:55.816,1.15098,1.15112,1.25,1.95
2018.02.16 07:48:56.075,1.151,1.15111,1.00,1.00
2018.02.16 07:48:56.588,1.15098,1.15111,1.19,1.10
2018.02.16 07:48:57.732,1.15099,1.15111,1.19,1.00
2018.02.16 07:48:58.711,1.15099,1.15112,1.25,1.87
2018.02.16 07:48:59.256,1.15099,1.15111,1.19,1.00
2018.02.16 07:48:59.360,1.15097,1.15112,1.25,1.95
2018.02.16 07:48:59.412,1.15099,1.15112,1.00,1.95
2018.02.16 07:49:00.017,1.151,1.15112,1.00,1.95
2018.02.16 07:49:00.069,1.15097,1.15112,1.19,1.95
2018.02.16 07:49:00.720,1.15098,1.15111,1.25,1.00
2018.02.16 07:49:01.573,1.15098,1.15112,1.00,1.95
2018.02.16 07:49:02.093,1.15099,1.15111,1.19,1.00
2018.02.16 07:49:02.402,1.15102,1.15114,1.00,2.32
2018.02.16 07:49:02.581,1.15099,1.15114,1.25,2.32
2018.02.16 07:49:03.095,1.15099,1.15113,1.19,1.57
2018.02.16 07:49:03.852,1.15099,1.15113,1.25,1.57
2018.02.16 07:49:04.896,1.15099,1.15113,1.19,1.57
2018.02.16 07:49:05.431,1.15099,1.15114,1.31,2.32
2018.02.16 07:49:06.198,1.15097,1.15111,1.69,1.00
2018.02.16 07:49:07.095,1.15098,1.15111,1.00,1.00
2018.02.16 07:49:08.609,1.15096,1.15111,2.06,1.10
2018.02.16 07:49:09.146,1.15096,1.1511,2.06,1.10
2018.02.16 07:49:10.190,1.15096,1.1511,1.69,1.07
2018.02.16 07:49:10.708,1.15097,1.1511,1.69,1.10
2018.02.16 07:49:11.030,1.15098,1.1511,1.19,1.00
2018.02.16 07:49:11.735,1.15098,1.15111,1.19,1.50
2018.02.16 07:49:12.050,1.15102,1.15113,1.00,1.00
2018.02.16 07:49:12.102,1.15099,1.15114,1.12,1.01
2018.02.16 07:49:12.156,1.15098,1.15112,1.62,1.57
2018.02.16 07:49:12.263,1.15096,1.1511,1.00,1.10
2018.02.16 07:49:12.368,1.15095,1.1511,1.25,1.82
2018.02.16 07:49:13.010,1.15094,1.15109,1.44,2.32
2018.02.16 07:49:13.546,1.15095,1.15109,1.00,1.57
2018.02.16 07:49:14.809,1.15094,1.15109,1.50,1.57
2018.02.16 07:49:16.151,1.15094,1.15109,1.31,2.32
2018.02.16 07:49:17.155,1.15095,1.15109,1.69,1.50
2018.02.16 07:49:17.845,1.15095,1.1511,1.69,1.85
2018.02.16 07:49:18.794,1.15095,1.15109,1.19,1.50
2018.02.16 07:49:19.830,1.15094,1.15109,1.87,1.50
2018.02.16 07:49:22.821,1.15095,1.15109,1.87,1.50
2018.02.16 07:49:23.377,1.15095,1.1511,1.87,2.25
2018.02.16 07:49:24.056,1.15095,1.15109,1.87,1.50
2018.02.16 07:49:24.950,1.15095,1.1511,1.50,2.25
2018.02.16 07:49:26.949,1.15093,1.1511,3.19,2.25
2018.02.16 07:49:27.760,1.15094,1.15109,1.25,1.50
2018.02.16 07:49:28.421,1.15094,1.15109,1.19,1.50
2018.02.16 07:49:29.146,1.15097,1.15109,1.31,1.12
2018.02.16 07:49:29.488,1.15097,1.15111,1.50,2.25
2018.02.16 07:49:30.039,1.15097,1.15112,1.31,3.75
2018.02.16 07:49:31.221,1.15097,1.15111,1.50,2.25
2018.02.16 07:49:32.588,1.15097,1.15112,1.31,3.75
2018.02.16 07:49:32.793,1.15096,1.15107,1.25,1.00
2018.02.16 07:49:33.001,1.15092,1.15106,1.31,1.00
2018.02.16 07:49:33.492,1.15092,1.15103,1.25,1.00
2018.02.16 07:49:34.642,1.15092,1.15104,1.00,1.00
2018.02.16 07:49:34.850,1.15089,1.15103,2.06,1.00
2018.02.16 07:49:34.902,1.15091,1.15103,1.25,1.50
2018.02.16 07:49:35.447,1.1509,1.15103,1.25,1.00
2018.02.16 07:49:36.482,1.1509,1.15103,1.62,1.00
2018.02.16 07:49:36.716,1.15103,1.15115,1.25,1.12
2018.02.16 07:49:36.819,1.15104,1.15116,1.31,1.50
2018.02.16 07:49:36.975,1.15103,1.15118,1.31,1.37
2018.02.16 07:49:37.129,1.15103,1.15118,1.00,1.75
2018.02.16 07:49:37.720,1.15102,1.15117,1.69,1.75
2018.02.16 07:49:38.431,1.15102,1.15117,1.87,2.25
2018.02.16 07:49:38.760,1.15104,1.15114,1.56,1.00
2018.02.16 07:49:39.282,1.15105,1.15118,1.00,1.75
2018.02.16 07:49:39.493,1.15107,1.15119,1.19,1.00
2018.02.16 07:49:39.652,1.1511,1.15121,1.00,1.50
2018.02.16 07:49:39.966,1.15109,1.15121,1.00,1.75
2018.02.16 07:49:40.767,1.15109,1.15121,1.00,1.00
2018.02.16 07:49:40.819,1.15111,1.15123,1.00,1.87
2018.02.16 07:49:41.133,1.15115,1.15125,1.25,1.50
2018.02.16 07:49:41.611,1.15118,1.15128,1.25,1.12
2018.02.16 07:49:42.079,1.15121,1.15132,1.00,2.25
2018.02.16 07:49:42.132,1.15121,1.15133,1.25,1.12
2018.02.16 07:49:42.646,1.15121,1.15134,1.00,1.12
2018.02.16 07:49:44.484,1.15121,1.15134,1.00,1.50
2018.02.16 07:49:44.592,1.15121,1.15131,1.31,1.00
2018.02.16 07:49:44.768,1.15123,1.15137,1.12,3.00
2018.02.16 07:49:46.063,1.15121,1.15133,1.25,1.12
2018.02.16 07:49:46.219,1.15118,1.15131,1.25,1.50
2018.02.16 07:49:46.956,1.15118,1.1513,1.19,1.00
2018.02.16 07:49:50.018,1.15118,1.15131,1.25,1.50
2018.02.16 07:49:50.587,1.15118,1.1513,1.19,1.00
2018.02.16 07:49:51.587,1.15118,1.15131,1.25,1.87
2018.02.16 07:49:52.929,1.15119,1.15131,1.12,1.50
2018.02.16 07:49:52.982,1.15122,1.15131,1.00,1.00
2018.02.16 07:49:53.541,1.15121,1.15131,1.00,1.00
2018.02.16 07:49:55.294,1.1512,1.15131,1.25,1.00
2018.02.16 07:49:55.815,1.15117,1.1513,1.31,1.00
2018.02.16 07:49:56.762,1.15116,1.15131,2.06,2.06
2018.02.16 07:49:57.975,1.15116,1.1513,1.62,1.19
2018.02.16 07:49:59.442,1.15116,1.15131,1.62,2.62
2018.02.16 07:50:00.646,1.15116,1.1513,1.56,1.00
2018.02.16 07:50:01.174,1.15117,1.15131,1.25,1.50
2018.02.16 07:50:01.683,1.15117,1.1513,1.19,1.00
2018.02.16 07:50:02.294,1.15117,1.15131,1.25,1.50
2018.02.16 07:50:02.804,1.15118,1.15131,1.00,1.37
2018.02.16 07:50:03.345,1.15117,1.1513,2.06,1.12
2018.02.16 07:50:03.928,1.15117,1.1513,1.69,1.12
2018.02.16 07:50:04.531,1.15116,1.1513,1.19,1.12
2018.02.16 07:50:04.584,1.15116,1.15128,1.00,1.12
2018.02.16 07:50:05.656,1.15113,1.15125,1.00,1.00
2018.02.16 07:50:06.252,1.15112,1.15125,1.25,1.50
2018.02.16 07:50:07.017,1.15111,1.15125,2.06,1.50
2018.02.16 07:50:08.289,1.15113,1.15125,1.00,1.50
2018.02.16 07:50:08.672,1.15115,1.15124,1.25,1.00
2018.02.16 07:50:09.277,1.15115,1.15125,1.00,1.50
2018.02.16 07:50:10.239,1.15115,1.15127,1.25,1.12
2018.02.16 07:50:10.590,1.15113,1.15127,1.69,1.12
2018.02.16 07:50:11.102,1.15114,1.15127,1.12,1.12
2018.02.16 07:50:15.055,1.15113,1.15127,1.25,1.12
2018.02.16 07:50:15.617,1.15112,1.15127,1.50,1.12
2018.02.16 07:50:16.936,1.15116,1.15128,1.12,2.25
2018.02.16 07:50:17.044,1.15117,1.15131,1.00,1.50
2018.02.16 07:50:17.096,1.15119,1.15131,1.19,1.00
2018.02.16 07:50:17.253,1.15118,1.15132,1.69,1.12
2018.02.16 07:50:17.928,1.15118,1.15131,1.25,1.00
2018.02.16 07:50:18.435,1.15117,1.15132,1.25,1.12
2018.02.16 07:50:20.446,1.15117,1.15131,1.25,1.00
2018.02.16 07:50:21.407,1.15118,1.15131,1.25,1.00
2018.02.16 07:50:27.646,1.15117,1.15129,1.00,1.00
2018.02.16 07:50:27.906,1.15115,1.15129,1.00,1.00
2018.02.16 07:50:28.427,1.15114,1.15128,1.19,1.25
2018.02.16 07:50:28.648,1.15117,1.1513,1.00,1.87
2018.02.16 07:50:28.961,1.15117,1.15132,1.62,1.50
2018.02.16 07:50:29.066,1.15116,1.1513,2.06,1.00
2018.02.16 07:50:29.547,1.15119,1.15132,1.00,2.25
2018.02.16 07:50:29.651,1.15116,1.1513,2.44,1.25
2018.02.16 07:50:29.858,1.15114,1.15132,4.31,1.50
2018.02.16 07:50:31.665,1.15116,1.15132,1.00,1.50
2018.02.16 07:50:32.215,1.15117,1.15132,1.00,1.50
2018.02.16 07:50:33.356,1.15118,1.15131,1.19,1.12
2018.02.16 07:50:33.407,1.15116,1.15132,1.25,1.50
2018.02.16 07:50:34.387,1.15116,1.15131,1.19,1.12
2018.02.16 07:50:34.491,1.15115,1.15132,1.31,2.44
2018.02.16 07:50:34.804,1.15115,1.15131,1.19,2.00
2018.02.16 07:50:35.581,1.15115,1.15129,1.25,1.37
2018.02.16 07:50:36.223,1.15114,1.15129,1.25,1.50
2018.02.16 07:50:36.739,1.15115,1.15129,1.25,1.37
2018.02.16 07:50:37.894,1.15114,1.15129,1.50,1.50
2018.02.16 07:50:38.467,1.15112,1.15128,2.25,1.31
2018.02.16 07:50:38.777,1.15112,1.15125,1.87,1.50
2018.02.16 07:50:41.099,1.15113,1.15128,1.00,1.69
2018.02.16 07:50:43.207,1.15113,1.15128,1.19,2.44
2018.02.16 07:50:43.866,1.15112,1.15128,1.69,2.44
2018.02.16 07:50:44.431,1.15113,1.15128,2.25,1.69
2018.02.16 07:50:44.688,1.15115,1.15131,1.81,1.50
2018.02.16 07:50:45.016,1.15115,1.15128,1.62,1.12
2018.02.16 07:50:46.757,1.15115,1.15129,1.25,1.50
2018.02.16 07:50:47.496,1.15115,1.15128,1.19,1.12
2018.02.16 07:50:48.078,1.15115,1.15128,1.25,1.31
2018.02.16 07:50:48.604,1.15116,1.15131,1.25,3.19
2018.02.16 07:50:48.852,1.15118,1.15131,1.00,1.12
2018.02.16 07:50:49.403,1.15117,1.1513,3.19,1.00
2018.02.16 07:50:51.611,1.15117,1.15131,1.69,1.12
2018.02.16 07:50:51.988,1.15116,1.1513,2.06,1.69
2018.02.16 07:50:52.293,1.15115,1.15127,1.69,1.25
2018.02.16 07:50:52.815,1.15114,1.15126,1.25,1.19
2018.02.16 07:50:54.407,1.15113,1.15126,2.44,1.19
2018.02.16 07:50:55.271,1.15113,1.15126,1.69,1.19
2018.02.16 07:50:55.535,1.15114,1.15127,1.19,1.00
2018.02.16 07:50:56.110,1.15115,1.15127,1.19,1.00
2018.02.16 07:50:56.647,1.15117,1.15128,1.00,1.00
2018.02.16 07:50:56.700,1.15117,1.15131,1.87,1.87
2018.02.16 07:50:57.229,1.15119,1.15131,1.12,1.12
2018.02.16 07:50:57.455,1.1512,1.15133,1.62,1.50
2018.02.16 07:50:58.494,1.15119,1.15134,1.62,1.50
2018.02.16 07:50:59.128,1.15119,1.15133,1.50,1.00
2018.02.16 07:50:59.709,1.1512,1.15134,1.00,1.50
2018.02.16 07:51:00.776,1.15119,1.15134,1.31,1.50
2018.02.16 07:51:03.060,1.15118,1.15133,1.69,1.25
2018.02.16 07:51:04.091,1.15119,1.15132,1.00,1.00
2018.02.16 07:51:04.144,1.15117,1.15131,1.00,1.69
2018.02.16 07:51:05.070,1.15116,1.15131,2.44,2.44
2018.02.16 07:51:06.163,1.15118,1.15131,1.00,1.00
2018.02.16 07:51:06.267,1.15118,1.15133,1.87,1.50
2018.02.16 07:51:06.319,1.15119,1.15133,1.19,1.00
2018.02.16 07:51:06.529,1.15122,1.15136,1.00,1.25
2018.02.16 07:51:06.738,1.15123,1.15137,1.50,1.00
2018.02.16 07:51:10.669,1.15125,1.15137,1.00,1.25
2018.02.16 07:51:10.774,1.15123,1.15137,1.25,1.25
2018.02.16 07:51:11.250,1.15121,1.15137,1.25,1.25
2018.02.16 07:51:11.884,1.15121,1.15137,1.19,1.69
2018.02.16 07:51:12.398,1.15121,1.15137,1.25,1.25
2018.02.16 07:51:15.989,1.15121,1.15137,1.37,1.25
2018.02.16 07:51:16.295,1.15123,1.15137,1.31,1.69
2018.02.16 07:51:16.660,1.15124,1.1514,2.62,1.25
2018.02.16 07:51:16.866,1.15127,1.15141,3.00,1.00
2018.02.16 07:51:17.021,1.15129,1.15143,1.25,1.87
2018.02.16 07:51:17.228,1.15131,1.15145,1.12,2.25
2018.02.16 07:51:18.229,1.15131,1.15145,1.44,1.50
2018.02.16 07:51:18.848,1.15131,1.15146,1.25,1.75
2018.02.16 07:51:21.805,1.15129,1.15146,1.69,2.44
2018.02.16 07:51:24.492,1.15128,1.15146,3.19,3.19
2018.02.16 07:51:25.161,1.1513,1.15146,1.00,3.19
2018.02.16 07:51:26.444,1.1513,1.15145,1.00,1.00
2018.02.16 07:51:27.163,1.1513,1.15145,1.37,1.00
2018.02.16 07:51:27.862,1.15131,1.15145,1.19,1.00
2018.02.16 07:51:28.916,1.15131,1.15146,2.81,1.00
2018.02.16 07:51:29.309,1.15132,1.15145,1.00,1.69
2018.02.16 07:51:29.523,1.1513,1.15145,2.62,3.19
2018.02.16 07:51:30.002,1.15133,1.15146,1.25,1.12
2018.02.16 07:51:30.328,1.15127,1.15142,1.50,2.62
2018.02.16 07:51:30.379,1.15127,1.15143,1.87,4.69
2018.02.16 07:51:30.636,1.15127,1.15139,1.25,1.50
2018.02.16 07:51:30.943,1.15129,1.15139,1.00,1.50
2018.02.16 07:51:31.506,1.15129,1.15138,1.00,1.00
2018.02.16 07:51:32.125,1.15128,1.15139,1.25,1.00
2018.02.16 07:51:32.605,1.15126,1.15139,1.87,1.00
2018.02.16 07:51:32.849,1.15124,1.15137,1.25,1.00
2018.02.16 07:51:33.160,1.1512,1.15132,1.12,1.00
2018.02.16 07:51:33.639,1.1512,1.15132,1.69,1.75
2018.02.16 07:51:34.178,1.15122,1.15134,1.00,1.50
2018.02.16 07:51:34.232,1.15119,1.1513,1.25,1.00
2018.02.16 07:51:34.766,1.15116,1.15129,1.62,1.50
2018.02.16 07:51:35.075,1.15115,1.15129,3.19,1.50
2018.02.16 07:51:35.457,1.15115,1.15126,1.31,1.00
2018.02.16 07:51:35.561,1.15116,1.15129,2.06,1.00
2018.02.16 07:51:35.613,1.15118,1.15129,1.00,1.00
2018.02.16 07:51:35.987,1.15121,1.15133,1.00,3.00
2018.02.16 07:51:36.141,1.15119,1.15131,1.25,1.12
2018.02.16 07:51:36.656,1.15118,1.15131,1.50,1.12
2018.02.16 07:51:37.208,1.15118,1.1513,1.69,1.00
2018.02.16 07:51:37.730,1.15118,1.15131,1.62,1.12
2018.02.16 07:51:38.359,1.1512,1.15133,1.37,1.50
2018.02.16 07:51:38.727,1.15121,1.15136,1.25,1.00
2018.02.16 07:51:39.037,1.15118,1.15134,2.44,1.87
2018.02.16 07:51:39.568,1.15118,1.15133,1.25,1.12
2018.02.16 07:51:40.117,1.15119,1.15133,1.00,1.12
2018.02.16 07:51:41.603,1.15117,1.15133,3.19,1.12
2018.02.16 07:51:42.344,1.15117,1.15134,3.19,2.44
2018.02.16 07:51:44.340,1.15117,1.15133,2.44,1.12
2018.02.16 07:51:44.815,1.1512,1.15134,1.00,1.87
2018.02.16 07:51:45.340,1.15118,1.15135,2.44,3.19
2018.02.16 07:51:45.679,1.15118,1.15131,1.31,1.12
2018.02.16 07:51:47.595,1.15117,1.15132,1.31,3.19
2018.02.16 07:51:48.009,1.1512,1.15131,1.25,1.12
2018.02.16 07:51:48.164,1.15119,1.15134,1.12,1.00
2018.02.16 07:51:48.415,1.15122,1.15138,1.25,2.25
2018.02.16 07:51:48.988,1.15121,1.15135,1.31,1.50
2018.02.16 07:51:50.483,1.1512,1.15135,1.00,1.50
2018.02.16 07:51:51.035,1.1512,1.15134,1.62,1.12
2018.02.16 07:51:51.893,1.1512,1.15135,1.37,1.50
2018.02.16 07:51:54.924,1.15124,1.15134,1.00,1.12
2018.02.16 07:51:55.033,1.15125,1.15137,1.31,1.00
2018.02.16 07:51:55.196,1.15127,1.15139,1.19,1.37
2018.02.16 07:51:55.304,1.15123,1.15138,1.50,1.00
2018.02.16 07:51:55.357,1.15123,1.15137,1.69,1.50
2018.02.16 07:51:55.513,1.15121,1.15135,1.25,1.00
2018.02.16 07:51:56.019,1.15119,1.15134,1.56,1.12
2018.02.16 07:51:56.378,1.15119,1.15134,1.31,1.12
2018.02.16 07:51:57.415,1.15118,1.15135,3.56,1.50
2018.02.16 07:51:57.727,1.1512,1.15132,1.31,1.00
2018.02.16 07:51:58.128,1.15119,1.15133,1.37,1.37
2018.02.16 07:51:58.443,1.15121,1.15135,1.19,2.81
2018.02.16 07:51:58.496,1.15121,1.15135,1.19,2.06
2018.02.16 07:51:59.018,1.15123,1.15135,1.00,2.06
2018.02.16 07:51:59.329,1.15125,1.15135,1.00,1.12
2018.02.16 07:51:59.433,1.15123,1.15135,1.12,1.12
2018.02.16 07:52:00.120,1.1512,1.15133,2.06,1.00
2018.02.16 07:52:00.224,1.1512,1.15133,1.31,1.00
2018.02.16 07:52:00.813,1.15119,1.15134,2.44,1.10
2018.02.16 07:52:01.564,1.15119,1.15133,1.69,1.00
2018.02.16 07:52:01.855,1.15121,1.15134,1.62,1.00
2018.02.16 07:52:02.468,1.15123,1.15134,1.50,1.00
2018.02.16 07:52:02.630,1.15121,1.15134,1.69,1.00
2018.02.16 07:52:03.131,1.15121,1.15133,1.69,1.00
2018.02.16 07:52:04.155,1.15122,1.15136,1.37,1.01
2018.02.16 07:52:05.391,1.1512,1.15135,1.87,1.20
2018.02.16 07:52:05.565,1.1512,1.15135,1.87,1.45
2018.02.16 07:52:06.166,1.1512,1.15134,1.37,1.57
2018.02.16 07:52:07.557,1.15119,1.15133,1.12,1.37
2018.02.16 07:52:08.468,1.15117,1.15134,2.44,2.51
2018.02.16 07:52:10.587,1.1512,1.15134,1.37,1.25
2018.02.16 07:52:11.095,1.15121,1.15135,2.06,1.25
2018.02.16 07:52:11.306,1.1512,1.15134,1.31,1.69
2018.02.16 07:52:11.616,1.15118,1.1513,1.00,1.07
2018.02.16 07:52:11.872,1.15117,1.15131,1.00,1.45
2018.02.16 07:52:12.431,1.15117,1.1513,2.21,1.10
2018.02.16 07:52:12.795,1.15115,1.15127,1.25,1.00
2018.02.16 07:52:12.848,1.15117,1.1513,1.25,1.57
2018.02.16 07:52:13.004,1.15117,1.1513,1.50,1.20
2018.02.16 07:52:13.517,1.15116,1.1513,1.00,1.45
2018.02.16 07:52:14.041,1.15115,1.1513,1.00,1.45
2018.02.16 07:52:14.628,1.15114,1.1513,1.12,1.45
2018.02.16 07:52:14.934,1.15117,1.1513,1.87,1.20
2018.02.16 07:52:15.240,1.15117,1.1513,2.06,1.00
2018.02.16 07:52:15.804,1.15118,1.15131,1.65,1.57
2018.02.16 07:52:16.172,1.15121,1.15133,1.25,1.57
2018.02.16 07:52:16.687,1.15121,1.15134,1.84,1.57
2018.02.16 07:52:18.013,1.15121,1.15133,1.62,1.00
2018.02.16 07:52:18.328,1.15118,1.15134,2.59,1.50
2018.02.16 07:52:18.867,1.15119,1.15133,1.69,1.10
2018.02.16 07:52:19.379,1.15119,1.15133,1.25,1.10
2018.02.16 07:52:20.234,1.15119,1.15133,1.19,1.10
2018.02.16 07:52:20.544,1.15118,1.15132,1.52,1.76
2018.02.16 07:52:20.596,1.15116,1.1513,1.25,1.00
2018.02.16 07:52:20.758,1.15114,1.15129,1.25,1.01
2018.02.16 07:52:21.429,1.15113,1.15129,1.25,1.32
2018.02.16 07:52:21.976,1.15111,1.15125,1.62,1.37
2018.02.16 07:52:22.590,1.1511,1.15125,2.25,1.47
2018.02.16 07:52:23.772,1.1511,1.15125,1.50,1.95
2018.02.16 07:52:24.577,1.1511,1.15122,1.37,1.50
2018.02.16 07:52:24.841,1.15109,1.15122,2.25,1.00
2018.02.16 07:52:25.079,1.15111,1.15126,1.87,2.32
2018.02.16 07:52:25.183,1.15111,1.15126,1.87,1.57
2018.02.16 07:52:25.696,1.15111,1.15125,1.31,1.00
2018.02.16 07:52:26.320,1.15112,1.15126,1.00,1.57
2018.02.16 07:52:29.639,1.15111,1.15125,1.50,1.00
2018.02.16 07:52:30.223,1.1511,1.15125,1.69,1.75
2018.02.16 07:52:30.833,1.1511,1.15125,1.87,1.87
2018.02.16 07:52:31.188,1.15111,1.15125,1.19,1.87
2018.02.16 07:52:33.465,1.1511,1.15124,1.50,1.01
2018.02.16 07:52:33.853,1.15109,1.15125,2.06,2.04
2018.02.16 07:52:35.316,1.15109,1.15124,1.44,1.69
2018.02.16 07:52:35.917,1.15109,1.15124,1.00,1.69
2018.02.16 07:52:36.235,1.15108,1.15124,4.50,1.69
2018.02.16 07:52:37.047,1.1511,1.15124,1.69,1.69
2018.02.16 07:52:41.056,1.15109,1.15123,1.19,1.31
2018.02.16 07:52:41.108,1.15108,1.15123,1.50,1.31
2018.02.16 07:52:42.330,1.1511,1.15124,1.69,2.25
2018.02.16 07:52:42.435,1.15109,1.15123,1.87,1.12
2018.02.16 07:52:42.961,1.15112,1.15124,1.87,1.00
2018.02.16 07:52:43.064,1.15112,1.15129,1.87,3.26
2018.02.16 07:52:43.704,1.15112,1.15129,1.50,3.26
2018.02.16 07:52:43.915,1.15113,1.15128,1.19,1.50
2018.02.16 07:52:45.193,1.15113,1.15128,1.50,1.50
2018.02.16 07:52:47.007,1.15115,1.1513,2.25,2.32
2018.02.16 07:52:47.059,1.15115,1.1513,2.25,1.00
2018.02.16 07:52:47.217,1.15115,1.15128,1.19,1.00
2018.02.16 07:52:47.544,1.15111,1.15124,1.87,1.12
2018.02.16 07:52:47.856,1.15115,1.15127,1.87,1.12
2018.02.16 07:52:48.174,1.15115,1.15127,1.37,1.75
2018.02.16 07:52:50.631,1.15115,1.15128,1.00,1.75
2018.02.16 07:52:51.064,1.15116,1.15127,1.44,1.75
2018.02.16 07:52:51.117,1.15116,1.1513,1.44,2.25
2018.02.16 07:52:54.181,1.15115,1.1513,1.69,2.25
2018.02.16 07:52:54.574,1.15116,1.15129,3.94,1.50
2018.02.16 07:52:54.994,1.15118,1.1513,1.12,1.10
2018.02.16 07:52:55.756,1.15117,1.1513,1.56,1.00
2018.02.16 07:52:56.288,1.15116,1.15129,1.81,1.50
2018.02.16 07:52:56.809,1.15119,1.15132,1.81,1.12
2018.02.16 07:52:57.656,1.15117,1.15131,1.62,1.75
2018.02.16 07:52:57.708,1.15117,1.1513,3.37,1.50
2018.02.16 07:52:57.966,1.15112,1.15127,4.12,1.00
2018.02.16 07:52:58.018,1.1511,1.15123,3.56,1.00
2018.02.16 07:52:58.070,1.1511,1.15123,2.06,1.00
2018.02.16 07:52:59.123,1.15112,1.15123,1.19,1.00
2018.02.16 07:52:59.794,1.15112,1.15124,1.31,1.50
2018.02.16 07:53:00.221,1.15115,1.15124,1.12,1.00
2018.02.16 07:53:00.273,1.15115,1.15127,1.12,1.50
2018.02.16 07:53:00.378,1.15113,1.15124,1.62,1.00
2018.02.16 07:53:00.722,1.15116,1.15129,1.00,2.70
2018.02.16 07:53:00.830,1.15116,1.15129,1.69,1.57
2018.02.16 07:53:00.934,1.15118,1.15131,1.81,1.00
2018.02.16 07:53:01.442,1.15119,1.15132,1.62,1.12
2018.02.16 07:53:03.506,1.15118,1.15132,1.81,1.12
2018.02.16 07:53:04.083,1.15118,1.15134,2.44,1.57
2018.02.16 07:53:04.630,1.15118,1.15134,1.56,2.32
2018.02.16 07:53:05.563,1.15119,1.15133,1.37,1.47
2018.02.16 07:53:05.666,1.15118,1.15132,1.69,1.12
2018.02.16 07:53:06.312,1.15118,1.15132,1.00,1.20
2018.02.16 07:53:09.644,1.15117,1.15133,1.62,1.45
2018.02.16 07:53:11.366,1.15117,1.15133,2.06,1.57
2018.02.16 07:53:11.941,1.15117,1.15133,1.50,1.45
2018.02.16 07:53:12.755,1.15116,1.15131,1.81,1.57
2018.02.16 07:53:14.608,1.15117,1.15131,1.31,1.00
2018.02.16 07:53:15.136,1.15117,1.15131,1.19,1.00
2018.02.16 07:53:15.658,1.15117,1.15131,1.62,1.00
2018.02.16 07:53:16.202,1.15117,1.15131,1.62,1.10
2018.02.16 07:53:19.028,1.15116,1.15131,1.87,1.10
2018.02.16 07:53:21.394,1.15115,1.15131,3.94,1.07
2018.02.16 07:53:21.902,1.15117,1.15131,1.31,1.00
2018.02.16 07:53:22.444,1.15117,1.15131,1.31,1.10
2018.02.16 07:53:24.651,1.15117,1.15131,1.31,1.57
2018.02.16 07:53:25.328,1.15117,1.1513,1.25,1.37
2018.02.16 07:53:30.289,1.15117,1.15131,1.31,1.10
2018.02.16 07:53:35.436,1.15116,1.15131,3.56,1.00
2018.02.16 07:53:37.473,1.15116,1.15131,2.62,1.00
2018.02.16 07:53:37.525,1.15114,1.15129,3.37,1.00
2018.02.16 07:53:37.577,1.15114,1.15129,3.37,1.00
2018.02.16 07:53:37.953,1.15119,1.15129,2.81,1.00
2018.02.16 07:53:38.005,1.15121,1.15132,1.25,1.12
2018.02.16 07:53:38.108,1.15122,1.15136,1.25,1.95
2018.02.16 07:53:38.782,1.15122,1.15136,1.19,1.87
2018.02.16 07:53:39.366,1.15122,1.15136,1.25,1.31
2018.02.16 07:53:40.329,1.15123,1.15136,1.19,1.87
2018.02.16 07:53:40.642,1.15124,1.15139,1.00,1.19
2018.02.16 07:53:40.694,1.15124,1.15138,1.00,1.76
2018.02.16 07:53:41.001,1.15122,1.15135,1.25,2.25
2018.02.16 07:53:41.530,1.1512,1.15135,3.56,1.00
2018.02.16 07:53:43.139,1.15118,1.15135,4.50,2.00
2018.02.16 07:53:43.744,1.15118,1.15131,1.62,1.00
2018.02.16 07:53:47.500,1.15119,1.15132,1.12,1.00
2018.02.16 07:53:47.867,1.15119,1.15132,1.62,1.85
2018.02.16 07:53:47.971,1.15118,1.15133,1.69,1.00
2018.02.16 07:53:48.507,1.15119,1.15133,1.19,1.57
2018.02.16 07:53:48.727,1.15117,1.15133,3.00,1.57
2018.02.16 07:53:49.596,1.15118,1.15131,1.19,1.00
2018.02.16 07:53:49.959,1.15117,1.15129,1.00,1.37
2018.02.16 07:53:50.685,1.15116,1.15129,1.00,1.37
2018.02.16 07:53:52.419,1.15115,1.15129,1.69,1.47
2018.02.16 07:53:56.079,1.15117,1.15128,1.12,1.20
2018.02.16 07:53:56.269,1.1512,1.15133,1.87,1.12
2018.02.16 07:53:56.796,1.15122,1.15135,1.00,1.75
2018.02.16 07:53:57.196,1.15119,1.15133,1.37,1.00
2018.02.16 07:53:57.249,1.15117,1.15131,1.12,1.19
2018.02.16 07:53:57.301,1.15116,1.15131,1.12,2.06
2018.02.16 07:53:57.595,1.15114,1.15131,1.69,2.14
2018.02.16 07:53:58.271,1.15114,1.15131,1.25,1.64
2018.02.16 07:53:58.425,1.15118,1.15132,1.00,1.00
2018.02.16 07:53:58.735,1.15119,1.15134,1.69,1.76
2018.02.16 07:53:59.322,1.15119,1.15134,1.19,2.44
2018.02.16 07:53:59.818,1.15121,1.15136,1.69,1.07
2018.02.16 07:53:59.973,1.15123,1.15136,1.00,1.25
2018.02.16 07:54:00.279,1.15122,1.15135,1.87,1.19
2018.02.16 07:54:04.646,1.15121,1.15135,2.25,1.19
2018.02.16 07:54:04.959,1.1512,1.15133,1.00,1.31
2018.02.16 07:54:05.286,1.1512,1.15131,1.00,1.69
2018.02.16 07:54:05.544,1.15116,1.15131,1.62,1.69
2018.02.16 07:54:06.283,1.15115,1.15128,1.37,1.25
2018.02.16 07:54:06.657,1.15114,1.15129,1.31,1.31
2018.02.16 07:54:07.235,1.15112,1.15129,3.00,1.39
2018.02.16 07:54:09.282,1.15112,1.1513,3.75,1.76
2018.02.16 07:54:09.438,1.15112,1.15127,2.62,1.69
2018.02.16 07:54:09.820,1.15112,1.15129,3.19,1.39
2018.02.16 07:54:11.813,1.15114,1.15129,1.37,2.14
2018.02.16 07:54:11.998,1.15113,1.15129,1.12,1.39
2018.02.16 07:54:14.159,1.15112,1.15129,4.69,1.39
2018.02.16 07:54:20.994,1.15111,1.15126,1.50,1.34
2018.02.16 07:54:21.046,1.15109,1.15124,2.25,1.25
2018.02.16 07:54:21.098,1.15107,1.15123,1.50,2.17
2018.02.16 07:54:21.425,1.15106,1.15121,1.31,1.57
2018.02.16 07:54:22.781,1.15104,1.1512,4.12,1.47
2018.02.16 07:54:23.305,1.15104,1.15121,1.50,1.57
2018.02.16 07:54:23.902,1.15105,1.15121,1.00,1.57
2018.02.16 07:54:24.561,1.15104,1.15121,1.00,1.57
2018.02.16 07:54:26.788,1.15104,1.1512,1.37,1.47
2018.02.16 07:54:27.917,1.15104,1.15121,1.25,1.57
2018.02.16 07:54:28.528,1.15103,1.1512,2.81,1.81
2018.02.16 07:54:29.060,1.15103,1.1512,3.00,1.57
2018.02.16 07:54:29.703,1.15103,1.15118,3.75,1.29
2018.02.16 07:54:32.153,1.15104,1.15118,1.25,1.00
2018.02.16 07:54:32.205,1.15104,1.15118,1.25,1.69
2018.02.16 07:54:32.754,1.15102,1.15116,1.19,1.19
2018.02.16 07:54:33.168,1.15102,1.15116,1.25,1.19
2018.02.16 07:54:33.736,1.15101,1.15116,2.44,1.19
2018.02.16 07:54:34.292,1.151,1.15116,3.75,1.29
2018.02.16 07:54:34.787,1.15102,1.15116,1.00,1.19
2018.02.16 07:54:35.075,1.15106,1.15122,1.12,1.29
2018.02.16 07:54:35.622,1.15103,1.15117,2.62,1.00
2018.02.16 07:54:35.677,1.15103,1.15117,1.12,1.20
2018.02.16 07:54:35.833,1.15101,1.15117,2.62,1.20
2018.02.16 07:54:36.070,1.15102,1.15116,1.44,1.00
2018.02.16 07:54:36.696,1.15102,1.15117,1.00,1.12
2018.02.16 07:54:37.086,1.15105,1.15117,1.00,1.12
2018.02.16 07:54:37.241,1.15103,1.15117,1.00,1.20
2018.02.16 07:54:37.694,1.15101,1.15117,1.12,1.20
2018.02.16 07:54:38.036,1.151,1.15117,1.69,2.51
2018.02.16 07:54:38.587,1.151,1.15114,1.00,1.12
2018.02.16 07:54:38.957,1.15105,1.15117,1.50,1.87
2018.02.16 07:54:39.010,1.15107,1.15117,1.50,1.00
2018.02.16 07:54:39.062,1.15109,1.15121,1.00,1.50
2018.02.16 07:54:39.189,1.15109,1.15121,1.31,1.00
2018.02.16 07:54:39.242,1.15108,1.15124,4.31,1.69
2018.02.16 07:54:39.765,1.15108,1.15124,1.69,2.06
2018.02.16 07:54:40.284,1.15109,1.15126,3.19,1.39
2018.02.16 07:54:40.793,1.1511,1.15126,1.25,2.14
2018.02.16 07:54:41.041,1.1511,1.15126,1.31,1.20
2018.02.16 07:54:41.094,1.15112,1.15126,1.00,1.12
2018.02.16 07:54:41.839,1.15113,1.15126,1.00,1.12
2018.02.16 07:54:42.355,1.15112,1.15127,1.25,2.44
2018.02.16 07:54:43.237,1.15114,1.15126,1.00,1.31
2018.02.16 07:54:43.497,1.15109,1.15127,1.50,4.01
2018.02.16 07:54:43.550,1.15109,1.15125,1.25,1.19
2018.02.16 07:54:44.097,1.15108,1.15125,2.06,1.76
2018.02.16 07:54:44.617,1.15111,1.15127,3.94,1.37
2018.02.16 07:54:44.932,1.15109,1.15123,1.00,1.31
2018.02.16 07:54:45.246,1.15114,1.15127,1.00,1.37
2018.02.16 07:54:45.298,1.15114,1.1513,1.25,2.14
2018.02.16 07:54:45.420,1.15114,1.15129,1.25,1.50
2018.02.16 07:54:45.525,1.15113,1.1513,1.69,3.07
2018.02.16 07:54:46.321,1.15113,1.1513,2.81,3.07
2018.02.16 07:54:47.034,1.15113,1.1513,2.81,2.89
2018.02.16 07:54:47.189,1.15113,1.1513,2.81,2.89
2018.02.16 07:54:47.705,1.15113,1.1513,1.87,2.89
2018.02.16 07:54:48.436,1.15113,1.1513,1.50,2.89
2018.02.16 07:54:48.945,1.15113,1.1513,2.06,2.89
2018.02.16 07:54:49.709,1.15114,1.15129,1.50,1.31
2018.02.16 07:54:50.496,1.15114,1.1513,1.31,1.87
2018.02.16 07:54:50.812,1.15109,1.15124,2.25,1.56
2018.02.16 07:54:51.619,1.15109,1.15124,1.19,1.66
2018.02.16 07:54:51.966,1.15108,1.15122,1.00,1.19
2018.02.16 07:54:52.274,1.15112,1.15125,1.00,2.25
2018.02.16 07:54:52.376,1.15111,1.15127,1.25,1.31
2018.02.16 07:54:52.921,1.15112,1.15127,1.69,2.06
2018.02.16 07:54:53.477,1.15113,1.15127,1.19,1.31
2018.02.16 07:54:54.007,1.15111,1.15124,1.25,1.00
2018.02.16 07:54:54.342,1.15112,1.15127,1.81,1.31
2018.02.16 07:54:57.280,1.1511,1.15123,1.37,1.00
2018.02.16 07:54:57.437,1.15107,1.15122,1.87,1.69
2018.02.16 07:54:57.993,1.15107,1.15123,1.25,1.94
2018.02.16 07:54:59.275,1.15106,1.15123,1.00,2.62
2018.02.16 07:54:59.637,1.15106,1.15119,1.25,1.19
2018.02.16 07:54:59.953,1.15108,1.15119,1.00,1.19
2018.02.16 07:55:02.308,1.15105,1.15119,2.06,1.19
2018.02.16 07:55:02.410,1.15105,1.1512,2.06,1.00
2018.02.16 07:55:02.513,1.15105,1.15117,1.31,1.00
2018.02.16 07:55:02.710,1.15101,1.15115,1.00,1.00
2018.02.16 07:55:02.863,1.15101,1.15112,1.00,1.00
2018.02.16 07:55:03.017,1.15097,1.1511,2.14,1.00
2018.02.16 07:55:03.324,1.15095,1.1511,1.12,1.25
2018.02.16 07:55:03.527,1.15093,1.1511,1.76,2.00
2018.02.16 07:55:04.307,1.15093,1.15109,1.76,1.50
2018.02.16 07:55:05.212,1.15093,1.1511,1.69,2.00
2018.02.16 07:55:05.595,1.15092,1.15104,1.07,1.12
2018.02.16 07:55:05.648,1.15091,1.15104,1.00,1.12
2018.02.16 07:55:05.700,1.15094,1.15104,1.00,1.12
2018.02.16 07:55:05.754,1.15093,1.15106,2.47,1.12
2018.02.16 07:55:05.808,1.15095,1.1511,1.00,2.44
2018.02.16 07:55:05.934,1.15097,1.15106,1.00,1.19
2018.02.16 07:55:06.140,1.15092,1.15107,1.10,1.37
2018.02.16 07:55:06.191,1.15094,1.15105,1.87,1.19
2018.02.16 07:55:06.246,1.15095,1.15109,1.00,1.19
2018.02.16 07:55:06.629,1.15093,1.15106,1.01,1.31
2018.02.16 07:55:06.945,1.15093,1.15108,2.32,1.94
2018.02.16 07:55:07.232,1.15093,1.1511,4.76,1.62
2018.02.16 07:55:07.750,1.15094,1.1511,1.00,1.81
2018.02.16 07:55:08.364,1.15095,1.1511,1.25,1.62
2018.02.16 07:55:08.562,1.15096,1.15112,1.50,1.00
2018.02.16 07:55:09.063,1.15098,1.15111,1.00,1.00
2018.02.16 07:55:09.742,1.15099,1.15111,1.25,1.00
2018.02.16 07:55:09.795,1.151,1.15112,1.44,1.00
2018.02.16 07:55:09.903,1.15104,1.15118,1.00,1.12
2018.02.16 07:55:09.956,1.15102,1.15117,2.14,1.19
2018.02.16 07:55:10.062,1.15101,1.15118,1.50,1.37
2018.02.16 07:55:10.168,1.15101,1.15118,1.50,3.00
2018.02.16 07:55:10.222,1.151,1.15115,1.19,1.37
2018.02.16 07:55:10.362,1.15099,1.15116,1.50,3.37
2018.02.16 07:55:10.622,1.15099,1.15113,1.00,1.19
2018.02.16 07:55:10.776,1.15097,1.15112,1.00,1.31
2018.02.16 07:55:10.943,1.15096,1.15111,1.00,1.19
2018.02.16 07:55:11.149,1.15093,1.1511,1.95,1.69
2018.02.16 07:55:11.251,1.15096,1.15111,1.00,1.75
2018.02.16 07:55:11.354,1.15098,1.15114,1.44,1.31
2018.02.16 07:55:11.961,1.15099,1.15116,2.44,1.94
2018.02.16 07:55:13.633,1.15102,1.15117,1.25,2.44
2018.02.16 07:55:13.739,1.15102,1.15117,2.25,1.00
2018.02.16 07:55:14.246,1.15103,1.15117,1.00,1.00
2018.02.16 07:55:14.842,1.15103,1.15116,1.25,1.00
2018.02.16 07:55:15.385,1.15103,1.15117,1.69,1.00
2018.02.16 07:55:15.925,1.15101,1.15115,1.10,1.19
2018.02.16 07:55:15.977,1.15099,1.15113,3.00,1.25
2018.02.16 07:55:16.081,1.15099,1.15113,1.12,2.00
2018.02.16 07:55:16.601,1.15098,1.15112,1.00,1.87
2018.02.16 07:55:17.119,1.15098,1.15114,1.01,2.44
2018.02.16 07:55:17.406,1.151,1.15114,1.00,1.00
2018.02.16 07:55:17.458,1.151,1.15113,1.00,1.75
2018.02.16 07:55:17.561,1.15101,1.15115,1.10,1.12
2018.02.16 07:55:17.868,1.15104,1.15115,1.00,1.25
2018.02.16 07:55:18.257,1.15105,1.1512,1.12,1.75
2018.02.16 07:55:18.363,1.15105,1.15119,1.00,1.25
2018.02.16 07:55:18.571,1.15104,1.15118,1.00,1.69
2018.02.16 07:55:19.077,1.15104,1.15118,1.00,1.19
2018.02.16 07:55:19.581,1.15103,1.15119,1.20,3.37
2018.02.16 07:55:20.094,1.15104,1.15118,1.00,1.19
2018.02.16 07:55:20.339,1.15102,1.15118,2.14,1.19
2018.02.16 07:55:20.441,1.15104,1.15118,1.00,1.19
2018.02.16 07:55:20.800,1.15103,1.15115,1.00,1.19
2018.02.16 07:55:21.399,1.15101,1.15115,1.00,1.19
2018.02.16 07:55:21.451,1.15101,1.15112,1.00,1.19
2018.02.16 07:55:21.504,1.15098,1.15112,1.57,1.19
2018.02.16 07:55:22.451,1.15098,1.15113,2.06,1.31
2018.02.16 07:55:22.555,1.151,1.15115,1.62,1.50
2018.02.16 07:55:22.914,1.15101,1.15116,1.69,1.69
2018.02.16 07:55:23.325,1.15102,1.15117,1.69,1.19
2018.02.16 07:55:23.643,1.15101,1.15118,2.81,1.69
2018.02.16 07:55:23.748,1.15105,1.1512,1.00,2.62
2018.02.16 07:55:24.213,1.15104,1.15117,1.00,1.00
2018.02.16 07:55:24.738,1.15101,1.15117,1.00,2.25
2018.02.16 07:55:25.320,1.151,1.15116,1.00,2.06
2018.02.16 07:55:25.745,1.15103,1.15117,1.00,1.12
2018.02.16 07:55:25.799,1.15103,1.1512,3.19,1.19
2018.02.16 07:55:25.902,1.15103,1.1512,1.69,1.50
2018.02.16 07:55:26.209,1.15103,1.1512,1.50,1.69
2018.02.16 07:55:26.362,1.15104,1.1512,1.50,1.25
2018.02.16 07:55:26.911,1.15104,1.1512,1.00,1.19
2018.02.16 07:55:27.176,1.15103,1.15118,2.25,1.19
2018.02.16 07:55:27.279,1.15099,1.15116,2.89,1.50
2018.02.16 07:55:27.558,1.151,1.15113,1.00,1.00
2018.02.16 07:55:28.067,1.15098,1.15113,1.57,1.25
2018.02.16 07:55:28.689,1.15099,1.15115,1.12,1.50
2018.02.16 07:55:31.188,1.15098,1.15115,2.89,1.31
2018.02.16 07:55:31.695,1.15099,1.15115,1.57,1.31
2018.02.16 07:55:32.850,1.15099,1.15115,1.07,1.31
2018.02.16 07:55:33.400,1.15099,1.15115,1.95,1.31
2018.02.16 07:55:33.695,1.151,1.15118,1.76,1.54
2018.02.16 07:55:33.799,1.15104,1.15118,1.00,1.25
2018.02.16 07:55:34.111,1.15106,1.1512,1.00,1.19
2018.02.16 07:55:34.724,1.15105,1.15118,1.00,1.19
2018.02.16 07:55:35.263,1.15104,1.15118,1.50,1.69
2018.02.16 07:55:35.844,1.15105,1.15118,1.00,1.19
2018.02.16 07:55:36.145,1.15107,1.15118,1.00,1.00
2018.02.16 07:55:36.250,1.15104,1.15117,1.50,1.19
2018.02.16 07:55:36.303,1.15102,1.15116,2.62,1.19
2018.02.16 07:55:36.891,1.15102,1.15116,1.87,1.19
2018.02.16 07:55:40.010,1.15102,1.15113,1.87,1.19
2018.02.16 07:55:40.218,1.151,1.15112,1.00,1.19
2018.02.16 07:55:40.322,1.15098,1.1511,1.20,1.69
2018.02.16 07:55:40.427,1.15094,1.15108,1.95,1.19
2018.02.16 07:55:40.941,1.15094,1.15108,1.87,1.44
2018.02.16 07:55:41.548,1.15094,1.15106,1.12,1.19
2018.02.16 07:55:42.253,1.15093,1.15106,1.00,1.19
2018.02.16 07:55:42.940,1.15094,1.15106,1.00,1.19
2018.02.16 07:55:43.475,1.15094,1.15107,1.00,1.69
2018.02.16 07:55:43.985,1.15095,1.15106,1.00,1.19
2018.02.16 07:55:44.338,1.15093,1.15106,1.87,1.19
2018.02.16 07:55:44.391,1.15094,1.15107,1.00,1.12
2018.02.16 07:55:45.204,1.15096,1.15111,1.69,1.12
2018.02.16 07:55:45.256,1.15098,1.15113,1.25,1.00
2018.02.16 07:55:45.308,1.151,1.15113,1.00,1.00
2018.02.16 07:55:45.515,1.15103,1.15117,1.50,1.25
2018.02.16 07:55:45.669,1.15103,1.15114,1.50,1.00
2018.02.16 07:55:45.866,1.151,1.15114,3.00,1.00
2018.02.16 07:55:46.394,1.151,1.15114,1.37,1.69
2018.02.16 07:55:46.554,1.15098,1.15113,1.00,1.25
2018.02.16 07:55:47.153,1.15101,1.15114,1.12,1.19
2018.02.16 07:55:47.207,1.151,1.15116,2.25,1.69
2018.02.16 07:55:47.625,1.15103,1.15116,1.37,1.25
2018.02.16 07:55:47.983,1.15103,1.15115,1.37,1.19
2018.02.16 07:55:48.034,1.15101,1.15115,1.00,1.50
2018.02.16 07:55:48.086,1.15098,1.15115,3.00,1.50
2018.02.16 07:55:48.282,1.15099,1.15112,1.12,1.19
2018.02.16 07:55:49.099,1.15096,1.15107,1.12,1.19
2018.02.16 07:55:49.277,1.15089,1.15105,1.50,1.12
2018.02.16 07:55:49.482,1.1509,1.15105,1.50,1.87
2018.02.16 07:55:50.255,1.15089,1.15104,1.00,1.19
2018.02.16 07:55:52.516,1.15089,1.15104,1.07,1.44
2018.02.16 07:55:52.827,1.15094,1.15108,1.20,1.50
2018.02.16 07:55:52.959,1.15098,1.15111,1.00,1.00
2018.02.16 07:55:53.553,1.15096,1.15111,1.39,1.00
2018.02.16 07:55:53.853,1.15103,1.1511,1.00,1.12
2018.02.16 07:55:54.176,1.15128,1.15138,1.76,1.00
2018.02.16 07:55:54.233,1.15132,1.15145,1.01,2.25
2018.02.16 07:55:54.386,1.15134,1.15145,1.10,1.12
2018.02.16 07:55:54.440,1.15132,1.15147,1.00,1.19
2018.02.16 07:55:54.493,1.15135,1.15151,1.07,1.44
2018.02.16 07:55:54.547,1.15134,1.15151,1.00,1.00
2018.02.16 07:55:54.600,1.15132,1.15149,2.14,1.00
2018.02.16 07:55:55.000,1.1513,1.15147,1.25,1.69
2018.02.16 07:55:55.312,1.15129,1.15149,1.24,3.56
2018.02.16 07:55:55.594,1.15128,1.15148,2.14,2.25
2018.02.16 07:55:55.855,1.15128,1.15146,1.12,1.37
2018.02.16 07:55:56.271,1.15125,1.15143,1.75,1.19
2018.02.16 07:55:56.325,1.15125,1.15142,1.50,1.00
2018.02.16 07:55:56.482,1.15127,1.15145,1.56,1.75
2018.02.16 07:55:56.547,1.15128,1.15145,1.62,1.00
2018.02.16 07:55:56.599,1.15128,1.15147,2.06,1.00
2018.02.16 07:55:56.703,1.15128,1.15146,1.50,1.19
2018.02.16 07:55:57.417,1.15124,1.15144,2.25,3.00
2018.02.16 07:55:57.792,1.15124,1.15142,1.00,1.37
2018.02.16 07:55:58.390,1.15124,1.15142,1.00,1.87
2018.02.16 07:55:58.442,1.15121,1.15139,2.00,1.19
2018.02.16 07:55:58.792,1.15121,1.15137,1.00,1.19
2018.02.16 07:55:59.218,1.15121,1.15135,1.00,1.19
2018.02.16 07:55:59.271,1.15119,1.15134,1.00,1.37
2018.02.16 07:55:59.325,1.15119,1.1513,1.00,1.19
2018.02.16 07:55:59.379,1.15116,1.15132,1.12,1.19
2018.02.16 07:55:59.485,1.15117,1.15134,1.00,1.12
2018.02.16 07:55:59.590,1.15117,1.15133,1.00,1.19
2018.02.16 07:55:59.729,1.15117,1.15134,1.00,1.94
2018.02.16 07:55:59.784,1.15113,1.15131,2.14,1.87
2018.02.16 07:56:00.043,1.15113,1.15131,1.70,1.87
2018.02.16 07:56:00.358,1.15111,1.15129,3.82,1.31
2018.02.16 07:56:00.693,1.15111,1.15127,1.95,1.19
2018.02.16 07:56:00.797,1.1511,1.15126,1.45,1.00
2018.02.16 07:56:01.158,1.1511,1.15127,1.25,1.87
2018.02.16 07:56:01.314,1.15111,1.15127,1.44,2.44
2018.02.16 07:56:01.840,1.1511,1.15127,1.44,2.62
2018.02.16 07:56:02.188,1.15108,1.15124,1.25,1.00
2018.02.16 07:56:02.295,1.1511,1.15127,1.31,2.62
2018.02.16 07:56:02.723,1.1511,1.15127,1.12,1.69
2018.02.16 07:56:03.328,1.1511,1.15127,2.25,1.19
2018.02.16 07:56:03.902,1.15112,1.15127,1.25,1.00
2018.02.16 07:56:04.461,1.15111,1.15127,1.12,1.00
2018.02.16 07:56:04.776,1.15115,1.1513,2.29,1.00
2018.02.16 07:56:04.883,1.15118,1.15135,1.12,2.25
2018.02.16 07:56:04.935,1.1512,1.15136,1.12,1.44
2018.02.16 07:56:05.457,1.15119,1.15136,3.19,1.37
2018.02.16 07:56:05.769,1.15119,1.15137,2.06,1.44
2018.02.16 07:56:05.874,1.15122,1.15138,1.87,1.19
2018.02.16 07:56:05.978,1.15119,1.15138,1.87,1.37
2018.02.16 07:56:06.519,1.15119,1.15137,2.06,1.37
2018.02.16 07:56:07.200,1.15119,1.15137,1.87,1.50
2018.02.16 07:56:07.334,1.15123,1.15138,1.25,1.44
2018.02.16 07:56:07.539,1.1512,1.15137,1.30,3.37
2018.02.16 07:56:07.591,1.15118,1.15135,2.06,1.50
2018.02.16 07:56:07.881,1.15118,1.15134,2.62,1.12
2018.02.16 07:56:07.985,1.1512,1.15137,1.00,2.19
2018.02.16 07:56:08.244,1.15121,1.15136,1.00,1.25
2018.02.16 07:56:08.948,1.15125,1.15138,1.00,1.44
2018.02.16 07:56:09.563,1.15125,1.15139,1.00,3.56
2018.02.16 07:56:09.865,1.15126,1.15139,1.00,1.25
2018.02.16 07:56:10.229,1.15126,1.15145,2.44,4.31
2018.02.16 07:56:10.555,1.15133,1.1515,1.75,1.37
2018.02.16 07:56:13.023,1.15133,1.1515,1.75,1.50
2018.02.16 07:56:13.128,1.15131,1.15149,1.00,1.50
2018.02.16 07:56:14.104,1.15131,1.15149,1.50,2.44
2018.02.16 07:56:14.722,1.15131,1.15149,1.50,2.25
2018.02.16 07:56:15.245,1.15131,1.15148,2.06,1.62
2018.02.16 07:56:17.114,1.1513,1.15148,4.12,1.19
2018.02.16 07:56:17.676,1.1513,1.15148,4.12,1.37
2018.02.16 07:56:18.211,1.1513,1.15148,4.87,1.37
2018.02.16 07:56:20.716,1.15131,1.15148,1.50,1.37
2018.02.16 07:56:22.769,1.15131,1.15147,2.25,1.37
2018.02.16 07:56:23.293,1.15131,1.15147,2.25,1.37
2018.02.16 07:56:23.345,1.15129,1.15145,1.31,1.56
2018.02.16 07:56:23.657,1.15127,1.15141,1.31,1.44
2018.02.16 07:56:24.695,1.15128,1.15144,1.37,1.31
2018.02.16 07:56:24.801,1.1513,1.15145,1.44,2.25
2018.02.16 07:56:25.251,1.15131,1.15145,1.00,1.44
2018.02.16 07:56:26.052,1.15131,1.15146,1.69,1.44
2018.02.16 07:56:26.991,1.15135,1.15148,1.05,1.25
2018.02.16 07:56:27.044,1.15139,1.1515,1.87,1.00
2018.02.16 07:56:27.150,1.1514,1.15155,1.00,2.62
2018.02.16 07:56:27.202,1.15139,1.15154,1.31,1.87
2018.02.16 07:56:27.617,1.15137,1.15152,1.19,1.50
2018.02.16 07:56:27.839,1.15134,1.1515,1.69,1.44
2018.02.16 07:56:28.439,1.15136,1.1515,1.00,1.19
2018.02.16 07:56:28.948,1.15136,1.1515,1.00,1.00
2018.02.16 07:56:30.126,1.15134,1.15149,1.00,1.25
2018.02.16 07:56:30.285,1.15136,1.1515,1.19,1.25
2018.02.16 07:56:31.226,1.15135,1.15151,1.69,1.50
2018.02.16 07:56:31.744,1.15136,1.15151,1.25,2.00
2018.02.16 07:56:32.636,1.15135,1.15151,1.69,2.00
2018.02.16 07:56:33.150,1.15136,1.15151,1.25,2.44
2018.02.16 07:56:33.701,1.15135,1.15151,1.76,1.94
2018.02.16 07:56:34.340,1.15136,1.15151,1.25,2.19
2018.02.16 07:56:34.860,1.15137,1.15151,1.00,2.19
2018.02.16 07:56:35.240,1.15136,1.1515,1.00,1.87
2018.02.16 07:56:35.597,1.15138,1.15151,1.00,1.19
2018.02.16 07:56:35.649,1.15137,1.15153,1.00,2.62
2018.02.16 07:56:35.753,1.15138,1.15151,1.00,1.44
2018.02.16 07:56:36.083,1.15135,1.15149,1.62,1.44
2018.02.16 07:56:36.387,1.15134,1.1515,3.26,1.37
2018.02.16 07:56:36.914,1.15135,1.1515,1.85,1.37
2018.02.16 07:56:37.134,1.15134,1.15149,3.45,1.19
2018.02.16 07:56:37.394,1.15135,1.1515,1.75,1.44
2018.02.16 07:56:37.913,1.15135,1.15151,2.32,1.37
2018.02.16 07:56:38.119,1.15135,1.15151,2.32,1.37
2018.02.16 07:56:38.680,1.15135,1.15152,2.32,2.25
2018.02.16 07:56:39.394,1.15135,1.15151,2.25,1.37
2018.02.16 07:56:40.717,1.15134,1.1515,4.01,1.44
2018.02.16 07:56:42.441,1.15132,1.15147,2.32,2.81
2018.02.16 07:56:42.494,1.15132,1.15147,1.69,1.87
2018.02.16 07:56:43.028,1.15133,1.15146,1.00,1.37
2018.02.16 07:56:43.454,1.15131,1.15146,1.12,1.87
2018.02.16 07:56:44.131,1.15127,1.15144,1.26,2.25
2018.02.16 07:56:44.743,1.15126,1.15144,3.07,2.25
2018.02.16 07:56:45.004,1.15126,1.15142,2.51,1.69
2018.02.16 07:56:45.455,1.15126,1.15142,1.31,1.87
2018.02.16 07:56:45.983,1.15125,1.1514,3.07,1.37
2018.02.16 07:56:46.492,1.15126,1.1514,1.19,1.37
2018.02.16 07:56:46.913,1.15125,1.1514,1.25,1.44
2018.02.16 07:56:46.966,1.15125,1.15136,1.00,1.25
2018.02.16 07:56:47.278,1.15123,1.15133,1.00,2.44
2018.02.16 07:56:47.330,1.15117,1.15133,2.85,2.44
2018.02.16 07:56:47.383,1.15118,1.15133,2.81,1.00
2018.02.16 07:56:47.487,1.15122,1.15136,1.37,1.69
2018.02.16 07:56:47.847,1.15121,1.15136,1.50,1.69
2018.02.16 07:56:48.103,1.15121,1.15137,1.69,1.12
2018.02.16 07:56:48.155,1.15123,1.15137,1.00,1.12
2018.02.16 07:56:48.999,1.15124,1.15137,1.00,1.25
2018.02.16 07:56:49.189,1.15121,1.15137,1.00,1.25
2018.02.16 07:56:49.345,1.15121,1.15137,2.06,1.87
2018.02.16 07:56:49.851,1.1512,1.15136,1.69,2.44
2018.02.16 07:56:50.175,1.1512,1.15136,1.37,2.44
2018.02.16 07:56:50.520,1.15127,1.15139,1.00,1.50
2018.02.16 07:56:50.779,1.15126,1.15142,1.44,1.31
2018.02.16 07:56:50.881,1.15127,1.15137,1.25,1.00
2018.02.16 07:56:50.933,1.15125,1.15138,1.25,2.00
2018.02.16 07:56:51.037,1.15125,1.15138,1.50,1.50
2018.02.16 07:56:51.176,1.15125,1.15134,1.00,1.00
2018.02.16 07:56:51.228,1.15121,1.15134,1.87,1.00
2018.02.16 07:56:51.835,1.15121,1.15135,1.12,1.12
2018.02.16 07:56:52.856,1.1512,1.15134,1.37,1.00
2018.02.16 07:56:53.117,1.15122,1.15138,1.37,2.62
2018.02.16 07:56:53.222,1.15125,1.1514,1.69,1.31
2018.02.16 07:56:53.672,1.15125,1.15139,1.00,1.87
2018.02.16 07:56:53.777,1.15121,1.15138,2.06,2.44
2018.02.16 07:56:54.295,1.15121,1.15137,2.25,1.56
2018.02.16 07:56:54.871,1.15123,1.15137,1.00,1.56
2018.02.16 07:56:55.304,1.15121,1.15137,1.44,1.94
2018.02.16 07:56:55.805,1.15121,1.15137,2.62,1.94
2018.02.16 07:56:55.858,1.15124,1.15137,1.25,1.00
2018.02.16 07:56:56.796,1.15124,1.15138,1.87,1.00
2018.02.16 07:56:57.056,1.15125,1.1514,2.81,1.50
2018.02.16 07:56:57.224,1.15127,1.15142,1.44,1.19
2018.02.16 07:56:57.749,1.15127,1.15143,2.44,1.31
2018.02.16 07:56:58.382,1.15127,1.15144,3.19,1.69
2018.02.16 07:56:58.826,1.15131,1.15143,1.00,1.31
2018.02.16 07:56:59.313,1.15128,1.15144,3.37,1.69
2018.02.16 07:56:59.878,1.1513,1.15144,1.00,2.62
2018.02.16 07:57:00.392,1.1513,1.15144,1.00,1.69
2018.02.16 07:57:00.808,1.1513,1.15146,2.06,1.87
2018.02.16 07:57:02.404,1.1513,1.15146,1.12,1.87
2018.02.16 07:57:02.681,1.15132,1.15147,1.87,1.56
2018.02.16 07:57:03.862,1.15132,1.15144,1.00,1.19
2018.02.16 07:57:03.915,1.15131,1.15145,1.12,1.87
2018.02.16 07:57:04.209,1.15132,1.15149,2.25,2.62
2018.02.16 07:57:04.464,1.15135,1.15149,1.00,1.69
2018.02.16 07:57:04.899,1.15133,1.15149,1.25,2.06
2018.02.16 07:57:04.951,1.15133,1.15146,1.00,1.00
2018.02.16 07:57:05.487,1.15131,1.15145,1.87,1.12
2018.02.16 07:57:05.644,1.15131,1.15145,1.00,1.50
2018.02.16 07:57:06.189,1.1513,1.15143,1.50,1.25
2018.02.16 07:57:06.536,1.15131,1.15146,1.12,1.69
2018.02.16 07:57:07.712,1.15131,1.15145,1.87,1.31
2018.02.16 07:57:08.292,1.15131,1.15146,1.25,1.87
2018.02.16 07:57:08.549,1.15131,1.15145,1.69,1.31
2018.02.16 07:57:08.982,1.15129,1.15141,1.00,1.31
2018.02.16 07:57:09.526,1.15128,1.15141,1.00,1.31
2018.02.16 07:57:10.170,1.15129,1.15141,1.25,1.12
2018.02.16 07:57:10.684,1.15129,1.15144,1.20,2.25
2018.02.16 07:57:11.274,1.15129,1.15144,1.10,1.50
2018.02.16 07:57:11.989,1.15129,1.15144,1.20,2.06
2018.02.16 07:57:12.527,1.15131,1.15144,1.50,2.06
2018.02.16 07:57:13.824,1.15131,1.15144,1.00,1.25
2018.02.16 07:57:14.393,1.15131,1.15145,1.00,1.69
2018.02.16 07:57:15.434,1.15129,1.15142,1.10,1.19
2018.02.16 07:57:15.612,1.15128,1.15144,1.69,2.44
2018.02.16 07:57:15.664,1.15131,1.15146,1.31,1.44
2018.02.16 07:57:16.259,1.15131,1.15147,1.12,2.44
2018.02.16 07:57:19.065,1.15132,1.15147,1.00,1.50
2018.02.16 07:57:20.815,1.15133,1.15147,1.25,1.12
2018.02.16 07:57:21.568,1.15132,1.15148,1.01,1.69
2018.02.16 07:57:23.035,1.15132,1.15147,2.62,1.12
2018.02.16 07:57:26.029,1.15134,1.15147,1.00,1.12
2018.02.16 07:57:26.530,1.15133,1.15148,1.12,1.69
2018.02.16 07:57:32.571,1.15133,1.15146,1.50,1.00
2018.02.16 07:57:33.169,1.15133,1.15146,1.00,1.19
2018.02.16 07:57:33.329,1.15131,1.15146,1.87,1.19
2018.02.16 07:57:33.772,1.15131,1.15148,3.75,1.50
2018.02.16 07:57:33.824,1.15135,1.15148,1.00,1.50
2018.02.16 07:57:34.383,1.15134,1.15148,1.00,1.69
2018.02.16 07:57:34.696,1.15133,1.15145,1.00,1.44
2018.02.16 07:57:34.749,1.15131,1.15144,1.00,1.19
2018.02.16 07:57:35.262,1.1513,1.15144,1.00,1.44
2018.02.16 07:57:35.880,1.1513,1.15145,1.00,1.20
2018.02.16 07:57:37.140,1.1513,1.15143,1.00,1.31
2018.02.16 07:57:38.215,1.15131,1.15143,1.00,1.19
2018.02.16 07:57:38.267,1.15133,1.15147,1.00,1.95
2018.02.16 07:57:39.766,1.15132,1.15146,1.00,1.19
2018.02.16 07:57:40.746,1.15133,1.15146,1.00,1.19
2018.02.16 07:57:41.445,1.15131,1.15146,1.00,1.29
2018.02.16 07:57:41.807,1.15126,1.1514,2.62,1.50
2018.02.16 07:57:41.859,1.15125,1.1514,1.25,1.87
2018.02.16 07:57:41.964,1.15122,1.15138,4.12,1.69
2018.02.16 07:57:42.124,1.15122,1.15138,1.50,2.51
2018.02.16 07:57:42.176,1.15122,1.15138,1.50,2.89
2018.02.16 07:57:42.702,1.15122,1.15135,1.00,1.44
2018.02.16 07:57:43.364,1.15121,1.15135,1.50,1.44
2018.02.16 07:57:43.896,1.15121,1.15135,1.50,1.37
2018.02.16 07:57:44.230,1.15115,1.15126,1.00,1.25
2018.02.16 07:57:44.338,1.15111,1.15125,1.81,1.19
2018.02.16 07:57:44.443,1.15112,1.15126,1.19,1.12
2018.02.16 07:57:44.603,1.15116,1.15129,1.00,1.69
2018.02.16 07:57:45.338,1.15116,1.15131,1.00,1.37
2018.02.16 07:57:46.078,1.15118,1.15133,1.25,1.69
2018.02.16 07:57:46.629,1.1512,1.15134,1.00,1.69
2018.02.16 07:57:47.199,1.1512,1.15134,1.37,1.19
2018.02.16 07:57:47.574,1.15119,1.15136,1.50,1.69
2018.02.16 07:57:48.130,1.15119,1.15135,1.69,1.87
2018.02.16 07:57:48.183,1.15123,1.15137,1.00,1.50
2018.02.16 07:57:48.726,1.15123,1.15137,1.00,1.19
2018.02.16 07:57:49.336,1.15123,1.15139,1.00,5.44
2018.02.16 07:57:49.598,1.15119,1.15137,1.87,2.44
2018.02.16 07:57:49.651,1.1512,1.15133,1.37,1.19
2018.02.16 07:57:49.704,1.15118,1.15134,1.50,1.37
2018.02.16 07:57:49.867,1.1512,1.15134,2.25,1.19
2018.02.16 07:57:52.119,1.15119,1.15137,2.62,2.62
2018.02.16 07:57:52.380,1.15118,1.15135,3.19,1.44
2018.02.16 07:57:53.812,1.15119,1.15135,1.25,1.57
2018.02.16 07:57:55.099,1.15119,1.15134,1.44,1.37
2018.02.16 07:57:55.513,1.15117,1.1513,1.00,1.00
2018.02.16 07:57:55.667,1.15114,1.15131,2.25,2.44
2018.02.16 07:57:56.177,1.15115,1.15132,1.87,1.76
2018.02.16 07:57:56.885,1.15116,1.15132,1.87,1.12
2018.02.16 07:57:58.260,1.15117,1.15133,1.25,1.57
2018.02.16 07:57:58.995,1.15115,1.15131,1.19,1.00
2018.02.16 07:57:59.152,1.15117,1.15133,2.44,1.12
2018.02.16 07:57:59.693,1.15119,1.15135,1.44,1.69
2018.02.16 07:58:00.039,1.15122,1.15137,2.06,1.19
2018.02.16 07:58:00.195,1.1512,1.15136,2.81,1.00
2018.02.16 07:58:00.351,1.1512,1.15135,1.37,1.62
2018.02.16 07:58:00.621,1.1512,1.15135,1.25,1.50
2018.02.16 07:58:01.388,1.1512,1.15136,1.87,2.62
2018.02.16 07:58:02.009,1.1512,1.15134,1.12,1.31
2018.02.16 07:58:02.452,1.1512,1.15134,1.00,1.31
2018.02.16 07:58:03.177,1.1512,1.15134,2.62,1.19
2018.02.16 07:58:03.231,1.1512,1.15136,2.81,1.00
2018.02.16 07:58:03.283,1.1512,1.15135,1.25,1.87
2018.02.16 07:58:03.816,1.15118,1.15133,1.37,1.19
2018.02.16 07:58:04.029,1.15121,1.15135,1.00,2.44
2018.02.16 07:58:04.135,1.15121,1.15135,1.87,1.50
2018.02.16 07:58:04.686,1.15121,1.15135,1.87,1.50
2018.02.16 07:58:05.310,1.15121,1.15135,1.87,1.50
2018.02.16 07:58:07.365,1.15122,1.15135,1.25,1.50
2018.02.16 07:58:07.969,1.15121,1.15134,1.87,1.25
2018.02.16 07:58:09.142,1.15121,1.15135,1.12,1.69
2018.02.16 07:58:09.864,1.15122,1.15136,1.12,1.19
2018.02.16 07:58:10.601,1.15122,1.15136,3.00,1.19
2018.02.16 07:58:11.386,1.15127,1.15138,1.00,1.19
2018.02.16 07:58:11.713,1.15127,1.15142,1.31,2.06
2018.02.16 07:58:12.228,1.15124,1.15136,1.25,1.00
2018.02.16 07:58:12.751,1.1512,1.15133,1.25,1.25
2018.02.16 07:58:12.857,1.1512,1.15133,1.00,1.19
2018.02.16 07:58:13.642,1.15117,1.1513,1.25,1.19
2018.02.16 07:58:13.748,1.15117,1.15132,1.00,1.44
2018.02.16 07:58:15.252,1.15118,1.15132,1.44,1.19
2018.02.16 07:58:15.755,1.15118,1.15134,1.00,1.69
2018.02.16 07:58:16.145,1.15116,1.15131,1.00,1.31
2018.02.16 07:58:16.581,1.15114,1.15129,2.62,1.19
2018.02.16 07:58:17.132,1.15114,1.15129,1.25,1.69
2018.02.16 07:58:17.725,1.15114,1.15128,1.37,1.19
2018.02.16 07:58:18.237,1.15114,1.15128,1.12,1.19
2018.02.16 07:58:18.761,1.15114,1.15128,1.12,1.69
2018.02.16 07:58:19.634,1.15113,1.15129,1.12,2.44
2018.02.16 07:58:20.045,1.15112,1.15126,1.44,1.31
2018.02.16 07:58:20.582,1.15112,1.15125,1.37,1.19
2018.02.16 07:58:21.206,1.1511,1.15124,2.44,1.56
2018.02.16 07:58:21.701,1.15111,1.15125,1.37,1.69
2018.02.16 07:58:22.027,1.15113,1.15127,1.37,1.19
2018.02.16 07:58:22.236,1.15113,1.15127,1.37,1.19
2018.02.16 07:58:22.841,1.15113,1.15127,1.44,1.19
2018.02.16 07:58:22.957,1.15113,1.15127,1.12,1.19
2018.02.16 07:58:24.012,1.15114,1.15127,1.00,1.19
2018.02.16 07:58:24.543,1.15114,1.15127,2.62,1.19
2018.02.16 07:58:24.595,1.15114,1.15131,2.62,1.44
2018.02.16 07:58:25.124,1.15115,1.15131,1.44,1.19
2018.02.16 07:58:27.823,1.15115,1.15132,1.87,2.44
2018.02.16 07:58:34.383,1.15118,1.15133,1.31,1.12
2018.02.16 07:58:34.489,1.15119,1.15136,2.25,2.44
2018.02.16 07:58:35.032,1.15121,1.15135,1.00,1.37
2018.02.16 07:58:35.376,1.15122,1.15137,1.37,2.14
2018.02.16 07:58:35.429,1.15125,1.1514,1.44,1.19
2018.02.16 07:58:35.943,1.15125,1.15141,1.44,3.19
2018.02.16 07:58:37.481,1.15124,1.15139,2.25,1.69
2018.02.16 07:58:38.156,1.15124,1.15139,1.50,1.69
2018.02.16 07:58:38.352,1.15124,1.15139,1.50,1.37
2018.02.16 07:58:38.864,1.15126,1.15141,1.44,1.25
2018.02.16 07:58:39.020,1.15126,1.15142,1.69,2.06
2018.02.16 07:58:39.508,1.15128,1.15142,1.12,1.44
2018.02.16 07:58:39.653,1.15127,1.15143,2.44,1.44
2018.02.16 07:58:40.356,1.15128,1.15144,2.25,1.50
2018.02.16 07:58:44.838,1.15126,1.15142,1.00,1.87
2018.02.16 07:58:45.148,1.15128,1.15144,2.25,1.31
2018.02.16 07:58:45.497,1.15128,1.15142,1.50,1.00
2018.02.16 07:58:46.296,1.15127,1.15142,1.87,1.19
2018.02.16 07:58:46.979,1.15128,1.15143,1.00,1.25
2018.02.16 07:58:47.616,1.15128,1.15143,1.37,1.25
2018.02.16 07:58:48.216,1.15128,1.15143,1.50,1.25
2018.02.16 07:58:48.928,1.15127,1.15142,2.62,1.00
2018.02.16 07:58:49.497,1.15128,1.15143,1.00,1.25
2018.02.16 07:58:49.549,1.15128,1.15143,1.00,1.69
2018.02.16 07:58:50.345,1.15127,1.15142,2.06,1.44
2018.02.16 07:58:50.606,1.15125,1.1514,1.50,1.69
2018.02.16 07:58:51.115,1.15124,1.15136,1.37,1.19
2018.02.16 07:58:51.352,1.15124,1.15138,1.37,1.19
2018.02.16 07:58:52.354,1.15123,1.15137,2.25,1.19
2018.02.16 07:58:52.407,1.1512,1.15134,1.00,1.19
2018.02.16 07:58:52.463,1.15118,1.15131,1.87,1.19
2018.02.16 07:58:52.571,1.15116,1.15131,1.25,1.19
2018.02.16 07:58:52.623,1.1512,1.15134,1.31,1.39
2018.02.16 07:58:52.677,1.15123,1.15137,1.00,1.31
2018.02.16 07:58:52.781,1.15124,1.15139,1.37,1.19
2018.02.16 07:58:52.937,1.15125,1.1514,1.25,2.06
2018.02.16 07:58:53.053,1.15126,1.15139,1.87,1.00
2018.02.16 07:58:53.105,1.15127,1.15142,1.87,1.69
2018.02.16 07:58:53.311,1.15129,1.15142,2.25,1.00
2018.02.16 07:58:53.721,1.1513,1.15145,1.69,1.50
2018.02.16 07:58:53.825,1.15133,1.15147,1.25,2.44
2018.02.16 07:58:54.084,1.15134,1.15149,3.00,1.00
2018.02.16 07:58:54.585,1.15134,1.15149,2.81,1.00
2018.02.16 07:58:55.515,1.15134,1.15148,1.87,1.19
2018.02.16 07:58:55.877,1.15132,1.15145,1.50,1.19
2018.02.16 07:58:56.030,1.15129,1.15143,1.31,1.19
2018.02.16 07:58:56.277,1.15129,1.15145,1.44,2.44
2018.02.16 07:58:56.579,1.15128,1.15145,1.25,1.69
2018.02.16 07:58:57.094,1.15129,1.15145,1.19,2.44
2018.02.16 07:58:57.437,1.15129,1.15145,1.19,2.44
2018.02.16 07:59:00.167,1.15129,1.15145,1.69,1.69
2018.02.16 07:59:00.219,1.15129,1.15145,1.87,1.69
2018.02.16 07:59:00.375,1.15132,1.15145,1.25,1.00
2018.02.16 07:59:00.427,1.15134,1.15149,1.00,1.69
2018.02.16 07:59:00.930,1.15133,1.15149,1.69,2.81
2018.02.16 07:59:02.348,1.1513,1.15147,1.75,1.44
2018.02.16 07:59:02.575,1.15131,1.15147,1.87,1.25
2018.02.16 07:59:02.728,1.15134,1.1515,1.87,2.62
2018.02.16 07:59:03.688,1.15134,1.1515,1.37,2.25
2018.02.16 07:59:04.210,1.15134,1.1515,1.37,3.00
2018.02.16 07:59:04.736,1.15135,1.1515,1.25,1.12
2018.02.16 07:59:05.487,1.15135,1.1515,1.37,1.87
2018.02.16 07:59:07.002,1.15135,1.1515,2.25,1.00
2018.02.16 07:59:07.548,1.15136,1.15151,1.00,1.00
2018.02.16 07:59:08.216,1.15136,1.1515,2.25,1.00
2018.02.16 07:59:08.817,1.15136,1.15151,2.25,1.19
2018.02.16 07:59:09.348,1.15136,1.15151,2.25,1.19
2018.02.16 07:59:10.117,1.15136,1.1515,2.44,1.25
2018.02.16 07:59:10.171,1.15137,1.15152,1.87,1.31
2018.02.16 07:59:10.678,1.15136,1.15151,2.06,1.25
2018.02.16 07:59:11.802,1.15136,1.1515,1.31,1.19
2018.02.16 07:59:12.432,1.15136,1.1515,1.12,1.19
2018.02.16 07:59:13.914,1.15136,1.15152,1.12,2.81
2018.02.16 07:59:18.300,1.15141,1.15153,1.37,1.37
2018.02.16 07:59:18.470,1.1514,1.15156,2.81,1.00
2018.02.16 07:59:18.841,1.1514,1.15156,2.29,1.00
2018.02.16 07:59:18.946,1.15142,1.15156,1.00,1.00
2018.02.16 07:59:19.452,1.15142,1.15156,1.44,1.00
2018.02.16 07:59:19.872,1.15144,1.15158,1.44,1.50
2018.02.16 07:59:19.925,1.15142,1.15158,3.19,1.69
2018.02.16 07:59:20.312,1.15142,1.15157,1.12,1.31
2018.02.16 07:59:20.469,1.1514,1.15157,3.41,2.06
2018.02.16 07:59:21.359,1.15143,1.15157,1.00,1.00
2018.02.16 07:59:21.751,1.15141,1.15156,1.00,1.87
2018.02.16 07:59:21.804,1.15138,1.15154,2.25,1.44
2018.02.16 07:59:21.855,1.15137,1.15153,1.12,1.25
2018.02.16 07:59:22.370,1.15138,1.15153,1.69,1.25
2018.02.16 07:59:22.913,1.15137,1.15153,1.50,1.00
2018.02.16 07:59:23.322,1.15135,1.15151,1.91,2.25
2018.02.16 07:59:23.904,1.15132,1.15148,2.62,1.00
2018.02.16 07:59:23.957,1.15131,1.15148,2.44,1.87
2018.02.16 07:59:24.734,1.15132,1.15148,1.50,2.06
2018.02.16 07:59:24.905,1.15131,1.15148,3.19,1.37
2018.02.16 07:59:25.364,1.1513,1.15146,1.25,2.25
2018.02.16 07:59:26.373,1.15129,1.15146,2.62,1.50
2018.02.16 07:59:26.678,1.15129,1.15146,3.19,1.50
2018.02.16 07:59:26.834,1.15129,1.15146,1.87,1.50
2018.02.16 07:59:27.335,1.1513,1.15146,1.12,2.25
2018.02.16 07:59:27.438,1.15133,1.15146,1.05,1.50
2018.02.16 07:59:27.489,1.15133,1.15146,1.30,1.50
2018.02.16 07:59:27.999,1.15133,1.15147,1.42,1.12
2018.02.16 07:59:29.617,1.15136,1.1515,1.50,1.50
2018.02.16 07:59:29.721,1.15137,1.15152,1.25,1.00
2018.02.16 07:59:30.324,1.15134,1.15151,3.19,1.87
2018.02.16 07:59:30.428,1.15134,1.15149,1.87,1.44
2018.02.16 07:59:30.758,1.15135,1.15148,1.50,1.00
2018.02.16 07:59:31.021,1.15137,1.15151,1.12,1.50
2018.02.16 07:59:31.177,1.15138,1.15153,1.00,1.12
2018.02.16 07:59:31.281,1.15136,1.15153,1.19,1.50
2018.02.16 07:59:31.829,1.15135,1.15151,2.06,1.12
2018.02.16 07:59:32.136,1.15139,1.15153,1.25,1.00
2018.02.16 07:59:32.760,1.15139,1.15154,1.25,1.12
2018.02.16 07:59:32.915,1.15138,1.15154,1.44,1.75
2018.02.16 07:59:33.842,1.15138,1.15152,1.12,1.37
2018.02.16 07:59:34.361,1.15135,1.15147,1.12,1.00
2018.02.16 07:59:34.414,1.15133,1.15148,1.00,1.50
2018.02.16 07:59:35.574,1.15133,1.15147,1.50,1.12
2018.02.16 07:59:36.482,1.15135,1.15149,1.19,1.00
2018.02.16 07:59:37.120,1.15136,1.15149,1.19,1.00
2018.02.16 07:59:37.353,1.15132,1.15148,2.25,1.87
2018.02.16 07:59:37.984,1.15132,1.15147,1.81,1.37
2018.02.16 07:59:38.141,1.15132,1.15148,1.12,2.25
2018.02.16 07:59:38.194,1.15133,1.15147,1.87,1.00
2018.02.16 07:59:38.246,1.15133,1.15148,1.25,1.00
2018.02.16 07:59:38.299,1.1513,1.15148,1.62,2.44
2018.02.16 07:59:38.626,1.15132,1.15144,1.12,1.37
2018.02.16 07:59:38.730,1.15133,1.15145,1.12,1.12
2018.02.16 07:59:39.525,1.15134,1.15146,1.31,1.75
2018.02.16 07:59:39.577,1.15137,1.1515,1.44,1.00
2018.02.16 07:59:39.683,1.15134,1.1515,1.72,1.69
2018.02.16 07:59:39.839,1.15138,1.1515,1.00,1.00
2018.02.16 07:59:40.294,1.15134,1.1515,1.61,1.69
2018.02.16 07:59:40.759,1.15134,1.15147,2.85,1.00
2018.02.16 07:59:41.272,1.15134,1.15148,2.10,1.00
2018.02.16 07:59:41.904,1.15134,1.15147,2.10,1.00
2018.02.16 07:59:42.322,1.15134,1.1515,2.25,1.50
2018.02.16 07:59:42.376,1.15136,1.15151,2.44,1.00
2018.02.16 07:59:42.754,1.15136,1.15152,1.50,1.00
2018.02.16 07:59:43.169,1.15134,1.1515,2.81,1.25
2018.02.16 07:59:43.502,1.15133,1.15148,1.50,1.00
2018.02.16 07:59:44.017,1.15133,1.15148,1.12,1.00
2018.02.16 07:59:44.736,1.15133,1.15148,1.50,1.19
2018.02.16 07:59:45.056,1.15131,1.15145,1.31,1.50
2018.02.16 07:59:46.237,1.15132,1.15145,1.12,1.50
2018.02.16 07:59:46.791,1.15131,1.15145,1.50,1.50
2018.02.16 07:59:47.133,1.1513,1.15145,1.87,1.00
2018.02.16 07:59:47.653,1.15131,1.15145,1.44,1.00
2018.02.16 07:59:48.166,1.15131,1.15145,1.44,1.00
2018.02.16 07:59:48.218,1.15131,1.15145,1.25,1.00
2018.02.16 07:59:49.630,1.1513,1.15145,1.75,1.00
2018.02.16 07:59:50.173,1.15132,1.15147,1.44,1.56
2018.02.16 07:59:50.326,1.15131,1.15147,2.06,1.56
2018.02.16 07:59:50.858,1.15132,1.15147,1.12,1.56
2018.02.16 07:59:51.376,1.15133,1.15147,1.12,1.19
2018.02.16 07:59:51.879,1.15133,1.15148,1.31,1.19
2018.02.16 07:59:52.158,1.15134,1.15151,1.69,2.62
2018.02.16 07:59:52.261,1.15136,1.15151,1.44,1.25
2018.02.16 07:59:52.889,1.15137,1.15153,1.31,2.44
2018.02.16 07:59:52.942,1.15139,1.15153,2.25,1.25
2018.02.16 07:59:53.306,1.15139,1.15156,2.62,2.06
2018.02.16 07:59:54.284,1.1514,1.15155,1.31,1.19
2018.02.16 07:59:54.540,1.15136,1.15154,2.44,2.44
2018.02.16 07:59:54.895,1.15139,1.15155,2.25,2.06
2018.02.16 07:59:54.947,1.1514,1.15156,1.00,1.00
2018.02.16 07:59:54.999,1.15142,1.15157,1.00,1.25
2018.02.16 07:59:55.101,1.1514,1.15157,1.00,2.25
2018.02.16 07:59:55.152,1.1514,1.15155,1.00,1.19
2018.02.16 07:59:55.817,1.15141,1.15157,1.25,1.12
2018.02.16 07:59:56.072,1.15142,1.15157,1.25,1.31
2018.02.16 07:59:56.123,1.15142,1.15158,1.25,3.37
2018.02.16 07:59:56.549,1.15143,1.15158,2.62,1.00
2018.02.16 07:59:56.652,1.15146,1.15163,1.69,2.25
2018.02.16 07:59:57.654,1.15145,1.15162,1.75,1.25
2018.02.16 07:59:57.973,1.15145,1.15159,1.75,1.19
2018.02.16 07:59:58.966,1.15144,1.15159,1.50,1.19
2018.02.16 07:59:59.185,1.15147,1.15162,1.00,1.50
2018.02.16 07:59:59.508,1.15144,1.15161,2.00,1.19
