2016.12.08 05:00:00.051,1.12685,1.12706,1.25,2.44
2016.12.08 05:00:00.152,1.12685,1.12704,1.25,1.00
2016.12.08 05:00:00.456,1.1269,1.12704,1.25,1.00
2016.12.08 05:00:00.558,1.12688,1.12708,1.69,1.69
2016.12.08 05:00:00.841,1.12687,1.12705,1.00,1.25
2016.12.08 05:00:01.144,1.12686,1.12703,1.25,1.00
2016.12.08 05:00:01.449,1.12675,1.12693,1.69,1.00
2016.12.08 05:00:02.019,1.12675,1.12694,1.00,1.69
2016.12.08 05:00:02.550,1.12674,1.12693,1.69,1.25
2016.12.08 05:00:03.525,1.12673,1.12691,1.00,1.25
2016.12.08 05:00:03.897,1.1267,1.12688,1.50,1.25
2016.12.08 05:00:04.202,1.12673,1.1269,1.25,1.25
2016.12.08 05:00:06.118,1.1267,1.12689,1.25,1.19
2016.12.08 05:00:06.169,1.1267,1.12686,1.00,1.00
2016.12.08 05:00:06.270,1.12668,1.12686,1.25,1.00
2016.12.08 05:00:06.574,1.12666,1.12684,1.50,1.25
2016.12.08 05:00:07.080,1.12664,1.12684,1.69,1.69
2016.12.08 05:00:09.103,1.12664,1.12683,1.19,1.00
2016.12.08 05:00:09.407,1.12659,1.12677,1.69,1.00
2016.12.08 05:00:09.508,1.12658,1.12677,1.25,1.69
2016.12.08 05:00:09.559,1.12659,1.12677,1.19,1.00
2016.12.08 05:00:10.071,1.12659,1.12677,1.25,1.00
2016.12.08 05:00:10.791,1.12658,1.12678,1.69,1.00
2016.12.08 05:00:11.311,1.12657,1.12677,1.69,1.69
2016.12.08 05:00:11.615,1.12657,1.12675,1.19,1.00
2016.12.08 05:00:12.160,1.1266,1.12675,1.19,1.00
2016.12.08 05:00:12.553,1.12657,1.12675,1.00,1.69
2016.12.08 05:00:12.604,1.12661,1.12675,1.25,1.00
2016.12.08 05:00:12.960,1.12661,1.12673,1.25,1.00
2016.12.08 05:00:13.163,1.12655,1.12673,1.69,1.00
2016.12.08 05:00:13.317,1.12658,1.12674,1.25,1.50
2016.12.08 05:00:13.909,1.12658,1.12676,1.25,1.50
2016.12.08 05:00:15.406,1.12658,1.12672,1.25,1.00
2016.12.08 05:00:15.719,1.1266,1.12672,1.19,1.00
2016.12.08 05:00:15.930,1.12658,1.12672,1.25,1.00
2016.12.08 05:00:19.846,1.12655,1.1267,1.25,1.00
2016.12.08 05:00:19.999,1.12652,1.12667,1.00,1.00
2016.12.08 05:00:21.262,1.12652,1.12669,1.00,1.50
2016.12.08 05:00:21.908,1.12652,1.12668,1.00,1.50
2016.12.08 05:00:22.257,1.12652,1.12666,1.50,1.00
2016.12.08 05:00:22.864,1.12651,1.12666,1.25,1.00
2016.12.08 05:00:23.175,1.12652,1.12668,1.00,1.00
2016.12.08 05:00:23.511,1.12655,1.12667,1.19,1.00
2016.12.08 05:00:23.845,1.12653,1.12667,1.00,1.00
2016.12.08 05:00:27.627,1.12653,1.12669,1.69,1.00
2016.12.08 05:00:27.678,1.12655,1.12669,1.00,1.50
2016.12.08 05:00:28.082,1.12657,1.12668,1.19,1.00
2016.12.08 05:00:30.852,1.12657,1.12665,1.19,1.00
2016.12.08 05:00:30.903,1.1265,1.12666,1.75,1.00
2016.12.08 05:00:30.954,1.1265,1.12666,1.12,1.00
2016.12.08 05:00:31.461,1.12651,1.12665,1.00,1.00
2016.12.08 05:00:32.264,1.12651,1.12662,1.00,1.00
2016.12.08 05:00:32.366,1.12649,1.12663,1.00,1.00
2016.12.08 05:00:33.703,1.12648,1.12662,2.06,1.00
2016.12.08 05:00:33.754,1.1265,1.12664,1.00,1.25
2016.12.08 05:00:33.956,1.12649,1.1266,1.00,1.25
2016.12.08 05:00:34.058,1.12646,1.1266,1.25,1.00
2016.12.08 05:00:34.689,1.12646,1.12662,1.69,1.19
2016.12.08 05:00:35.260,1.12646,1.12662,1.69,1.19
2016.12.08 05:00:36.403,1.12647,1.12662,1.00,1.19
2016.12.08 05:00:41.914,1.12651,1.12662,1.00,1.19
2016.12.08 05:00:41.965,1.12651,1.12665,1.00,2.44
2016.12.08 05:00:42.956,1.1265,1.12664,1.00,1.25
2016.12.08 05:00:59.182,1.12649,1.12662,1.12,1.19
2016.12.08 05:00:59.334,1.12646,1.12662,2.06,1.69
2016.12.08 05:01:00.695,1.12645,1.12659,2.06,1.00
2016.12.08 05:01:00.897,1.12643,1.12658,1.12,1.19
2016.12.08 05:01:01.704,1.12642,1.12658,1.25,1.69
2016.12.08 05:01:01.755,1.12642,1.12655,1.00,1.19
2016.12.08 05:01:02.059,1.12642,1.12657,1.25,1.19
2016.12.08 05:01:05.028,1.12643,1.12658,1.19,1.00
2016.12.08 05:01:05.840,1.12643,1.12657,1.69,1.00
2016.12.08 05:01:06.353,1.12642,1.12656,1.69,1.00
2016.12.08 05:01:06.892,1.12643,1.12657,1.25,1.25
2016.12.08 05:01:07.436,1.12642,1.12656,1.69,1.00
2016.12.08 05:01:08.398,1.12642,1.12655,1.19,1.00
2016.12.08 05:01:09.161,1.12642,1.12655,1.25,1.00
2016.12.08 05:01:09.670,1.12641,1.12655,1.25,1.00
2016.12.08 05:01:10.725,1.12642,1.12656,1.00,1.00
2016.12.08 05:01:12.729,1.12641,1.12655,1.25,1.00
2016.12.08 05:01:14.420,1.12642,1.12656,1.00,1.00
2016.12.08 05:01:23.384,1.1264,1.12656,1.69,1.00
2016.12.08 05:01:27.459,1.1264,1.12656,2.44,1.25
2016.12.08 05:01:40.461,1.1264,1.12656,1.19,1.00
2016.12.08 05:01:44.494,1.12639,1.12653,1.50,1.69
2016.12.08 05:01:44.698,1.12637,1.12652,1.00,1.69
2016.12.08 05:01:44.749,1.12636,1.1265,1.12,1.19
2016.12.08 05:01:44.844,1.12634,1.12649,1.00,1.19
2016.12.08 05:01:45.466,1.12632,1.12649,1.31,1.69
2016.12.08 05:01:46.507,1.12633,1.12647,1.00,1.00
2016.12.08 05:01:47.062,1.12633,1.12647,1.00,1.69
2016.12.08 05:01:47.367,1.1263,1.12644,1.00,1.19
2016.12.08 05:01:47.874,1.12628,1.12644,1.19,1.69
2016.12.08 05:01:48.457,1.12631,1.12644,1.00,1.69
2016.12.08 05:01:48.771,1.12628,1.12644,1.19,1.69
2016.12.08 05:01:49.088,1.12631,1.12644,1.00,1.69
2016.12.08 05:01:49.245,1.12628,1.12644,1.19,1.69
2016.12.08 05:01:49.757,1.12631,1.12644,1.00,1.69
2016.12.08 05:01:50.392,1.12628,1.12644,1.19,1.69
2016.12.08 05:01:50.894,1.12629,1.12644,1.19,1.25
2016.12.08 05:01:51.363,1.12627,1.12641,1.87,1.19
2016.12.08 05:01:51.566,1.12623,1.12639,2.25,1.25
2016.12.08 05:01:52.091,1.12624,1.12639,1.00,1.25
2016.12.08 05:01:52.443,1.12622,1.12638,2.44,1.00
2016.12.08 05:01:52.494,1.12622,1.12637,2.25,1.19
2016.12.08 05:01:52.878,1.12621,1.12638,2.81,1.69
2016.12.08 05:01:52.929,1.12623,1.12638,1.25,1.00
2016.12.08 05:01:53.470,1.12624,1.12638,1.00,1.00
2016.12.08 05:01:53.520,1.12624,1.1264,1.50,1.00
2016.12.08 05:01:53.944,1.12624,1.12642,2.06,1.00
2016.12.08 05:01:54.933,1.12624,1.1264,2.44,1.00
2016.12.08 05:01:55.133,1.12626,1.12643,1.25,1.00
2016.12.08 05:01:55.592,1.1263,1.12646,1.00,1.50
2016.12.08 05:01:56.108,1.12631,1.12647,1.00,1.00
2016.12.08 05:01:56.423,1.12632,1.12647,1.19,1.00
2016.12.08 05:01:56.885,1.12632,1.12649,1.19,1.00
2016.12.08 05:01:58.054,1.12632,1.12646,1.69,1.00
2016.12.08 05:01:59.326,1.1263,1.12644,1.50,1.00
2016.12.08 05:01:59.593,1.12626,1.12643,1.19,1.00
2016.12.08 05:02:00.094,1.12626,1.12642,1.69,1.00
2016.12.08 05:02:00.538,1.12626,1.1264,1.50,1.00
2016.12.08 05:02:02.181,1.12627,1.12641,1.00,1.00
2016.12.08 05:02:04.342,1.12628,1.12642,1.00,1.00
2016.12.08 05:02:05.950,1.12628,1.12644,1.00,1.00
2016.12.08 05:02:06.413,1.1263,1.12646,1.00,1.00
2016.12.08 05:02:06.719,1.12634,1.12648,1.00,1.00
2016.12.08 05:02:07.382,1.12634,1.1265,1.25,1.00
2016.12.08 05:02:07.996,1.12635,1.12651,1.12,1.00
2016.12.08 05:02:18.844,1.12635,1.12649,1.12,1.00
2016.12.08 05:02:20.873,1.12633,1.12647,2.25,1.00
2016.12.08 05:02:21.010,1.12633,1.12647,1.87,1.00
2016.12.08 05:02:21.062,1.1263,1.12645,3.19,1.00
2016.12.08 05:02:21.849,1.1263,1.12644,2.44,1.00
2016.12.08 05:02:22.378,1.12631,1.12645,1.75,1.00
2016.12.08 05:02:25.095,1.1263,1.12644,2.44,1.00
2016.12.08 05:02:25.629,1.1263,1.12645,2.44,1.00
2016.12.08 05:02:29.444,1.1263,1.12645,2.44,1.00
2016.12.08 05:02:29.989,1.1263,1.12646,1.69,1.00
2016.12.08 05:02:30.541,1.12632,1.12646,1.00,1.00
2016.12.08 05:02:31.353,1.1263,1.12646,1.69,1.00
2016.12.08 05:02:31.962,1.12632,1.12646,1.00,1.00
2016.12.08 05:02:32.515,1.1263,1.12646,1.69,1.00
2016.12.08 05:02:33.228,1.12632,1.12646,1.00,1.00
2016.12.08 05:02:33.842,1.1263,1.12646,1.69,1.00
2016.12.08 05:02:35.640,1.1263,1.12644,1.69,1.00
2016.12.08 05:02:36.141,1.12629,1.12645,1.94,1.50
2016.12.08 05:02:37.784,1.12629,1.12643,2.44,1.00
2016.12.08 05:02:38.068,1.12628,1.12642,1.31,1.00
2016.12.08 05:02:39.020,1.12628,1.12643,1.31,1.00
2016.12.08 05:02:40.077,1.12628,1.12644,1.31,1.00
2016.12.08 05:02:40.387,1.12631,1.12644,1.25,1.00
2016.12.08 05:02:41.066,1.12628,1.12644,1.12,1.00
2016.12.08 05:02:43.677,1.12628,1.12642,1.12,1.00
2016.12.08 05:02:45.811,1.12629,1.12643,1.00,1.00
2016.12.08 05:02:45.913,1.1263,1.12645,1.00,1.69
2016.12.08 05:02:46.674,1.12631,1.12645,1.00,1.00
2016.12.08 05:02:51.056,1.1263,1.12645,1.25,1.00
2016.12.08 05:02:52.117,1.1263,1.12646,1.69,1.50
2016.12.08 05:02:54.779,1.12631,1.12646,1.00,1.00
2016.12.08 05:02:55.308,1.1263,1.12646,2.06,1.00
2016.12.08 05:02:58.405,1.1263,1.12644,2.06,1.00
2016.12.08 05:02:59.777,1.12632,1.12644,1.00,1.00
2016.12.08 05:02:59.889,1.12632,1.12646,1.00,1.00
2016.12.08 05:03:00.901,1.12632,1.12644,1.25,1.00
2016.12.08 05:03:01.984,1.1263,1.12644,1.12,1.00
2016.12.08 05:03:02.086,1.12632,1.12644,1.00,1.00
2016.12.08 05:03:02.372,1.1263,1.12644,1.12,1.00
2016.12.08 05:03:02.972,1.12632,1.12644,1.00,1.00
2016.12.08 05:03:03.073,1.1263,1.12644,1.12,1.00
2016.12.08 05:03:03.593,1.12631,1.12644,1.00,1.00
2016.12.08 05:03:04.321,1.1263,1.12644,1.12,1.00
2016.12.08 05:03:04.486,1.1263,1.1264,1.12,1.00
2016.12.08 05:03:06.480,1.1263,1.12641,1.12,1.00
2016.12.08 05:03:08.418,1.12629,1.12643,2.44,1.50
2016.12.08 05:03:08.953,1.12627,1.12641,2.44,1.00
2016.12.08 05:03:09.055,1.12627,1.12641,1.69,1.00
2016.12.08 05:03:10.150,1.12627,1.1264,2.25,1.00
2016.12.08 05:03:10.669,1.12627,1.12641,2.25,1.50
2016.12.08 05:03:11.212,1.12627,1.12641,1.00,1.00
2016.12.08 05:03:11.263,1.12626,1.12643,1.25,1.69
2016.12.08 05:03:11.674,1.12621,1.12634,1.75,1.00
2016.12.08 05:03:11.776,1.12619,1.12632,1.75,1.00
2016.12.08 05:03:11.827,1.12623,1.12636,1.00,1.00
2016.12.08 05:03:11.878,1.12626,1.12639,1.00,1.25
2016.12.08 05:03:12.132,1.12623,1.12638,1.31,1.00
2016.12.08 05:03:12.335,1.12622,1.12635,1.50,1.25
2016.12.08 05:03:12.385,1.12622,1.12635,1.12,1.25
2016.12.08 05:03:12.657,1.12618,1.12635,1.69,1.25
2016.12.08 05:03:13.702,1.12618,1.12635,1.25,1.69
2016.12.08 05:03:14.207,1.12619,1.12635,1.00,1.25
2016.12.08 05:03:14.712,1.12618,1.12634,1.31,1.00
2016.12.08 05:03:15.232,1.12618,1.12635,2.06,1.69
2016.12.08 05:03:16.247,1.1262,1.12634,1.00,1.00
2016.12.08 05:03:17.669,1.12619,1.12635,1.00,1.69
2016.12.08 05:03:18.215,1.12618,1.12634,1.87,1.00
2016.12.08 05:03:18.518,1.1262,1.12634,1.00,1.00
2016.12.08 05:03:19.048,1.12621,1.12635,1.00,1.00
2016.12.08 05:03:19.690,1.12619,1.12636,1.37,1.69
2016.12.08 05:03:23.142,1.12619,1.12635,1.37,1.00
2016.12.08 05:03:24.310,1.12625,1.12636,1.00,1.25
2016.12.08 05:03:24.361,1.12625,1.12639,1.00,1.50
2016.12.08 05:03:24.413,1.12627,1.12639,1.00,1.00
2016.12.08 05:03:24.515,1.12628,1.12643,1.00,1.69
2016.12.08 05:03:25.325,1.12627,1.12643,1.00,2.44
2016.12.08 05:03:25.912,1.12626,1.12643,1.12,2.44
2016.12.08 05:03:26.471,1.12626,1.12642,1.50,1.00
2016.12.08 05:03:29.418,1.12626,1.1264,1.00,1.00
2016.12.08 05:03:29.723,1.12614,1.12629,2.00,1.00
2016.12.08 05:03:29.775,1.12613,1.12629,1.75,1.19
2016.12.08 05:03:29.866,1.12615,1.1263,1.31,1.87
2016.12.08 05:03:30.018,1.12616,1.12632,1.25,1.00
2016.12.08 05:03:30.647,1.12616,1.12633,1.00,2.06
2016.12.08 05:03:30.729,1.12617,1.12633,1.19,1.50
2016.12.08 05:03:30.931,1.12618,1.12635,1.19,1.00
2016.12.08 05:03:31.338,1.12618,1.12637,1.69,1.50
2016.12.08 05:03:31.643,1.12618,1.12635,1.31,1.00
2016.12.08 05:03:32.325,1.12618,1.12633,1.31,1.00
2016.12.08 05:03:32.682,1.12618,1.12635,1.31,1.00
2016.12.08 05:03:32.734,1.12621,1.12635,1.19,1.00
2016.12.08 05:03:33.267,1.12617,1.12632,2.44,1.00
2016.12.08 05:03:33.871,1.12617,1.12632,1.25,1.00
2016.12.08 05:03:34.394,1.12617,1.12631,1.25,1.00
2016.12.08 05:03:34.897,1.12617,1.12634,1.25,1.50
2016.12.08 05:03:34.999,1.1262,1.12634,1.19,1.00
2016.12.08 05:03:35.884,1.1262,1.12633,1.19,1.00
2016.12.08 05:03:38.699,1.1262,1.12635,1.19,1.00
2016.12.08 05:03:39.368,1.1262,1.12634,1.19,1.00
2016.12.08 05:03:40.353,1.12617,1.12632,2.06,1.00
2016.12.08 05:03:40.506,1.12617,1.1263,1.69,1.00
2016.12.08 05:03:41.542,1.12617,1.12631,1.69,1.00
2016.12.08 05:03:42.516,1.12617,1.1263,1.19,1.00
2016.12.08 05:03:44.014,1.12617,1.12631,1.69,1.00
2016.12.08 05:03:44.065,1.1262,1.12634,1.69,1.00
2016.12.08 05:03:44.116,1.1262,1.12636,1.69,1.00
2016.12.08 05:03:44.222,1.1262,1.12634,1.19,1.00
2016.12.08 05:03:47.056,1.12629,1.12634,1.00,1.00
2016.12.08 05:03:47.353,1.12636,1.12643,1.00,1.00
2016.12.08 05:03:47.454,1.12638,1.12643,1.00,1.00
2016.12.08 05:03:47.707,1.12639,1.12647,1.00,1.00
2016.12.08 05:03:47.809,1.12641,1.12647,1.00,1.00
2016.12.08 05:03:48.114,1.12643,1.12648,1.00,1.00
2016.12.08 05:03:48.165,1.12642,1.12648,1.00,1.00
2016.12.08 05:03:48.267,1.12631,1.12645,1.87,1.00
2016.12.08 05:03:48.369,1.12628,1.12645,1.69,1.00
2016.12.08 05:03:48.442,1.12633,1.12647,1.00,1.00
2016.12.08 05:03:48.579,1.12633,1.12649,1.00,1.17
2016.12.08 05:03:48.631,1.12635,1.12653,1.69,1.92
2016.12.08 05:03:48.683,1.12635,1.12653,1.69,1.12
2016.12.08 05:03:48.735,1.12637,1.12655,1.00,2.25
2016.12.08 05:03:49.040,1.12634,1.1265,1.00,2.06
2016.12.08 05:03:49.361,1.12641,1.1265,1.00,2.06
2016.12.08 05:03:49.976,1.12641,1.12648,1.00,1.00
2016.12.08 05:03:50.288,1.12635,1.1265,1.00,1.31
2016.12.08 05:03:50.351,1.12637,1.12652,1.00,1.69
2016.12.08 05:03:50.453,1.12635,1.12651,1.00,1.37
2016.12.08 05:03:50.959,1.12635,1.12651,1.00,1.00
2016.12.08 05:03:51.060,1.12642,1.12651,1.00,1.00
2016.12.08 05:03:51.301,1.12642,1.12653,1.00,1.25
2016.12.08 05:03:52.062,1.12643,1.12653,1.00,1.25
2016.12.08 05:03:53.560,1.12642,1.12654,1.00,1.69
2016.12.08 05:03:54.076,1.12641,1.12654,1.00,1.69
2016.12.08 05:03:54.315,1.12639,1.12654,1.00,1.69
2016.12.08 05:03:54.889,1.1264,1.12654,1.00,1.69
2016.12.08 05:03:55.142,1.1264,1.12655,1.00,1.50
2016.12.08 05:03:55.658,1.1264,1.12656,1.00,2.44
2016.12.08 05:03:56.288,1.1264,1.12655,1.00,1.00
2016.12.08 05:03:56.641,1.1264,1.12653,1.00,1.00
2016.12.08 05:03:58.178,1.12639,1.12653,1.00,1.00
2016.12.08 05:03:58.845,1.12638,1.12653,1.50,1.00
2016.12.08 05:04:01.851,1.12638,1.12652,1.00,1.00
2016.12.08 05:04:10.735,1.12638,1.12651,1.25,1.00
2016.12.08 05:04:11.326,1.12637,1.12651,1.00,1.00
2016.12.08 05:04:11.479,1.12632,1.12649,1.50,1.25
2016.12.08 05:04:11.529,1.12634,1.12648,1.00,1.00
2016.12.08 05:04:11.974,1.12631,1.12646,1.69,1.00
2016.12.08 05:04:12.260,1.12629,1.12645,1.69,1.00
2016.12.08 05:04:12.506,1.12627,1.12641,1.25,1.00
2016.12.08 05:04:12.840,1.12627,1.12639,1.25,1.00
2016.12.08 05:04:15.736,1.12627,1.12641,1.69,1.00
2016.12.08 05:04:16.242,1.12627,1.1264,1.25,1.00
2016.12.08 05:04:16.893,1.12627,1.12639,1.25,1.00
2016.12.08 05:04:17.338,1.1263,1.12642,1.25,1.00
2016.12.08 05:04:17.439,1.1263,1.12644,1.25,1.00
2016.12.08 05:04:17.987,1.1263,1.12643,1.25,1.00
2016.12.08 05:04:18.038,1.1263,1.1264,1.25,1.00
2016.12.08 05:04:18.089,1.1263,1.12643,1.25,1.00
2016.12.08 05:04:18.241,1.12631,1.12644,1.19,1.00
2016.12.08 05:04:18.342,1.12631,1.12647,1.19,1.00
2016.12.08 05:04:18.805,1.12629,1.12647,1.69,1.69
2016.12.08 05:04:18.907,1.12631,1.12647,1.25,1.00
2016.12.08 05:04:19.531,1.12631,1.12646,1.25,1.00
2016.12.08 05:04:20.375,1.1263,1.12644,1.25,1.00
2016.12.08 05:04:20.679,1.12629,1.12642,1.25,1.00
2016.12.08 05:04:25.128,1.12629,1.12641,1.25,1.00
2016.12.08 05:04:25.280,1.12627,1.12641,1.00,1.00
2016.12.08 05:04:29.205,1.12628,1.12642,1.00,1.00
2016.12.08 05:04:29.357,1.12629,1.12644,1.00,1.69
2016.12.08 05:04:31.700,1.12629,1.12643,1.00,1.00
2016.12.08 05:04:34.178,1.1263,1.12643,1.25,1.00
2016.12.08 05:04:34.569,1.12627,1.12643,2.44,1.00
2016.12.08 05:04:34.749,1.12629,1.12643,1.37,1.00
2016.12.08 05:04:36.573,1.12629,1.12645,2.25,1.00
2016.12.08 05:04:37.623,1.12632,1.12647,1.00,1.00
2016.12.08 05:04:37.926,1.12634,1.12647,1.00,1.00
2016.12.08 05:04:38.231,1.12634,1.12645,1.00,1.00
2016.12.08 05:04:38.432,1.12634,1.12647,1.00,1.50
2016.12.08 05:04:38.898,1.12634,1.12645,1.00,1.00
2016.12.08 05:04:39.858,1.12634,1.12644,1.00,1.00
2016.12.08 05:04:41.429,1.12634,1.12647,1.00,1.00
2016.12.08 05:04:41.783,1.12633,1.12645,1.12,1.00
2016.12.08 05:04:42.050,1.12633,1.12648,1.12,1.00
2016.12.08 05:04:42.151,1.12633,1.12646,1.12,1.00
2016.12.08 05:04:42.831,1.12633,1.12644,1.12,1.00
2016.12.08 05:04:42.933,1.12635,1.12649,1.50,1.00
2016.12.08 05:04:43.380,1.12637,1.1265,1.12,1.00
2016.12.08 05:04:43.634,1.12638,1.12652,1.00,1.25
2016.12.08 05:04:43.736,1.1264,1.12652,1.00,1.00
2016.12.08 05:04:43.837,1.12638,1.12652,1.00,1.00
2016.12.08 05:04:44.381,1.12637,1.12652,1.12,1.00
2016.12.08 05:04:44.987,1.1264,1.12652,1.00,1.00
2016.12.08 05:04:45.038,1.1264,1.12654,1.00,1.69
2016.12.08 05:04:45.140,1.12642,1.12656,1.00,1.00
2016.12.08 05:04:45.444,1.12644,1.12657,1.00,1.00
2016.12.08 05:04:46.105,1.12644,1.12658,1.00,1.25
2016.12.08 05:04:48.250,1.12643,1.12658,1.00,1.00
2016.12.08 05:04:48.937,1.12644,1.12659,1.00,1.00
2016.12.08 05:04:49.787,1.12644,1.12657,1.00,1.00
2016.12.08 05:04:50.091,1.12642,1.12655,1.00,1.00
2016.12.08 05:04:50.756,1.12642,1.12656,1.00,1.00
2016.12.08 05:04:55.651,1.12641,1.12656,1.69,1.00
2016.12.08 05:04:56.174,1.12641,1.12657,1.69,1.50
2016.12.08 05:05:01.086,1.12641,1.12656,1.69,1.00
2016.12.08 05:05:01.391,1.12644,1.12658,1.00,1.50
2016.12.08 05:05:02.104,1.12645,1.12658,1.00,1.50
2016.12.08 05:05:04.190,1.12645,1.12656,1.00,1.00
2016.12.08 05:05:04.241,1.12642,1.12657,1.37,1.00
2016.12.08 05:05:04.394,1.12641,1.12655,1.12,1.00
2016.12.08 05:05:04.702,1.12639,1.12653,1.50,1.00
2016.12.08 05:05:05.287,1.1264,1.12653,1.00,1.00
2016.12.08 05:05:05.820,1.1264,1.12654,1.50,1.00
2016.12.08 05:05:06.931,1.1264,1.12655,1.50,1.50
2016.12.08 05:05:07.235,1.12642,1.12656,1.00,1.00
2016.12.08 05:05:13.151,1.12641,1.12656,1.25,1.00
2016.12.08 05:05:13.761,1.1264,1.12656,1.50,1.00
2016.12.08 05:05:14.348,1.1264,1.12656,1.50,1.69
2016.12.08 05:05:14.931,1.1264,1.12654,1.50,1.00
2016.12.08 05:05:15.677,1.12639,1.12654,1.00,1.00
2016.12.08 05:05:16.516,1.12639,1.12653,1.00,1.00
2016.12.08 05:05:16.618,1.12639,1.12655,1.00,1.25
2016.12.08 05:05:16.758,1.12642,1.12656,1.00,1.69
2016.12.08 05:05:17.604,1.12641,1.12655,1.12,1.25
2016.12.08 05:05:18.215,1.1264,1.12654,1.50,1.00
2016.12.08 05:05:19.925,1.12642,1.12657,1.00,1.00
2016.12.08 05:05:21.499,1.12641,1.12655,1.87,1.00
2016.12.08 05:05:21.803,1.12643,1.12657,1.00,1.00
2016.12.08 05:05:23.881,1.12641,1.12657,2.06,1.00
2016.12.08 05:05:24.469,1.12639,1.12655,2.44,1.00
2016.12.08 05:05:24.772,1.12639,1.12653,1.31,1.00
2016.12.08 05:05:25.209,1.12641,1.12655,1.00,1.00
2016.12.08 05:05:25.259,1.12642,1.12657,1.00,1.00
2016.12.08 05:05:25.462,1.12644,1.1266,1.87,1.00
2016.12.08 05:05:25.513,1.12646,1.1266,1.00,1.00
2016.12.08 05:05:26.221,1.12647,1.1266,1.00,1.00
2016.12.08 05:05:27.126,1.12646,1.1266,1.50,1.00
2016.12.08 05:05:29.999,1.12649,1.12663,1.00,1.50
2016.12.08 05:05:30.522,1.12649,1.12663,1.87,1.00
2016.12.08 05:05:30.879,1.1265,1.12666,1.50,1.69
2016.12.08 05:05:31.390,1.12651,1.12666,1.69,1.00
2016.12.08 05:05:31.901,1.12652,1.12667,1.00,1.69
2016.12.08 05:05:32.820,1.12652,1.12667,1.50,1.00
2016.12.08 05:05:33.425,1.12652,1.12666,1.00,1.00
2016.12.08 05:05:34.941,1.12652,1.12667,1.00,1.54
2016.12.08 05:05:35.448,1.12653,1.12667,1.00,1.25
2016.12.08 05:05:38.619,1.12653,1.12669,1.00,1.00
2016.12.08 05:05:44.080,1.12653,1.12668,1.00,1.00
2016.12.08 05:05:44.232,1.1265,1.12666,2.25,1.00
2016.12.08 05:05:45.100,1.12651,1.12666,1.50,1.00
2016.12.08 05:05:45.675,1.12651,1.12667,1.50,1.25
2016.12.08 05:05:46.261,1.12652,1.12667,1.50,1.25
2016.12.08 05:05:46.413,1.12655,1.12667,1.00,1.00
2016.12.08 05:05:46.464,1.12653,1.12667,1.87,1.00
2016.12.08 05:05:46.515,1.12657,1.1267,1.00,1.25
2016.12.08 05:05:46.719,1.12662,1.12676,1.50,1.12
2016.12.08 05:05:46.770,1.12664,1.12676,1.00,1.00
2016.12.08 05:05:47.076,1.12666,1.1268,1.00,1.69
2016.12.08 05:05:47.229,1.12668,1.12681,1.00,1.19
2016.12.08 05:05:47.381,1.12666,1.12681,1.00,1.19
2016.12.08 05:05:47.891,1.12665,1.12681,1.00,1.19
2016.12.08 05:05:47.942,1.12667,1.12683,1.00,1.00
2016.12.08 05:05:48.145,1.1267,1.12685,1.00,1.12
2016.12.08 05:05:48.348,1.12672,1.12689,1.69,1.12
2016.12.08 05:05:48.471,1.12672,1.12686,1.25,1.00
2016.12.08 05:05:48.556,1.12673,1.12689,1.00,1.00
2016.12.08 05:05:48.609,1.12675,1.12689,1.25,1.00
2016.12.08 05:05:48.660,1.12673,1.12689,1.00,1.00
2016.12.08 05:05:51.097,1.12674,1.12689,1.00,1.00
2016.12.08 05:05:51.148,1.12674,1.12689,1.37,1.00
2016.12.08 05:05:51.200,1.12674,1.12689,1.00,1.00
2016.12.08 05:05:51.765,1.12674,1.12689,2.06,1.00
2016.12.08 05:05:52.096,1.12674,1.12691,2.06,1.00
2016.12.08 05:05:52.349,1.12675,1.12689,1.62,1.00
2016.12.08 05:05:52.857,1.12675,1.12689,1.31,1.00
2016.12.08 05:05:53.247,1.12676,1.12691,1.00,1.00
2016.12.08 05:05:53.772,1.12675,1.1269,1.31,1.00
2016.12.08 05:05:54.295,1.12674,1.12689,2.06,1.00
2016.12.08 05:05:54.550,1.12675,1.12692,1.25,1.69
2016.12.08 05:05:55.595,1.12675,1.12689,1.25,1.00
2016.12.08 05:05:56.133,1.12675,1.1269,1.25,1.00
2016.12.08 05:05:57.249,1.12671,1.12686,1.87,1.69
2016.12.08 05:05:57.452,1.1267,1.12686,1.87,1.00
2016.12.08 05:05:57.621,1.1267,1.12686,1.17,1.00
2016.12.08 05:05:57.967,1.12666,1.1268,1.67,1.00
2016.12.08 05:05:58.249,1.12665,1.1268,1.27,1.00
2016.12.08 05:05:58.807,1.12665,1.1268,1.30,1.00
2016.12.08 05:06:00.249,1.12667,1.12681,1.00,1.00
2016.12.08 05:06:00.351,1.12673,1.12685,1.25,1.87
2016.12.08 05:06:00.402,1.12673,1.1269,1.19,1.12
2016.12.08 05:06:00.453,1.12676,1.12693,1.25,1.62
2016.12.08 05:06:00.504,1.12676,1.12693,1.25,1.31
2016.12.08 05:06:00.808,1.12678,1.12693,1.19,1.00
2016.12.08 05:06:01.314,1.12678,1.12693,1.27,1.00
2016.12.08 05:06:01.858,1.12678,1.12694,1.27,1.00
2016.12.08 05:06:02.380,1.12679,1.12694,1.25,1.00
2016.12.08 05:06:02.718,1.12679,1.12694,1.33,1.00
2016.12.08 05:06:04.642,1.12679,1.12694,1.33,1.00
2016.12.08 05:06:04.945,1.12678,1.12696,1.77,1.00
2016.12.08 05:06:06.418,1.12678,1.12692,1.08,1.00
2016.12.08 05:06:06.733,1.12679,1.12694,1.08,1.25
2016.12.08 05:06:07.595,1.12679,1.12693,1.08,1.00
2016.12.08 05:06:08.199,1.12678,1.12692,1.08,1.00
2016.12.08 05:06:08.351,1.12678,1.12692,1.08,1.00
2016.12.08 05:06:08.896,1.12678,1.12693,1.08,1.00
2016.12.08 05:06:10.002,1.12678,1.12692,1.08,1.00
2016.12.08 05:06:10.053,1.12678,1.12692,1.17,1.00
2016.12.08 05:06:10.923,1.12677,1.12694,1.69,1.25
2016.12.08 05:06:11.498,1.12678,1.12694,1.00,1.25
2016.12.08 05:06:14.073,1.12678,1.12692,1.50,1.00
2016.12.08 05:06:18.428,1.12677,1.12692,1.25,1.00
2016.12.08 05:06:19.063,1.12677,1.12692,1.00,1.19
2016.12.08 05:06:22.114,1.12675,1.12691,2.06,1.25
2016.12.08 05:06:22.431,1.12678,1.12691,1.00,1.25
2016.12.08 05:06:25.253,1.12678,1.12687,1.00,1.19
2016.12.08 05:06:25.401,1.12673,1.12685,1.00,1.69
2016.12.08 05:06:25.503,1.12669,1.12685,1.50,1.69
2016.12.08 05:06:25.707,1.12668,1.12681,1.75,1.19
2016.12.08 05:06:25.809,1.12668,1.12681,1.00,1.19
2016.12.08 05:06:25.981,1.12666,1.1268,1.00,1.25
2016.12.08 05:06:26.487,1.12664,1.12681,1.19,1.69
2016.12.08 05:06:27.146,1.12666,1.12681,1.00,1.69
2016.12.08 05:06:28.226,1.12664,1.1268,1.19,1.25
2016.12.08 05:06:28.378,1.12664,1.12678,1.19,1.00
2016.12.08 05:06:33.981,1.12667,1.12681,1.69,1.00
2016.12.08 05:06:34.511,1.12666,1.12682,1.19,1.25
2016.12.08 05:06:35.109,1.12666,1.12681,1.19,1.00
2016.12.08 05:06:39.092,1.12667,1.12683,1.25,1.69
2016.12.08 05:06:40.762,1.12664,1.12676,3.00,1.19
2016.12.08 05:06:40.914,1.1266,1.12674,1.94,1.00
2016.12.08 05:06:41.444,1.1266,1.12674,1.19,1.00
2016.12.08 05:06:41.994,1.12659,1.12672,1.19,1.00
2016.12.08 05:06:42.299,1.1266,1.12673,1.19,1.00
2016.12.08 05:06:42.502,1.12658,1.12673,1.19,1.00
2016.12.08 05:06:43.170,1.12658,1.12674,1.19,1.25
2016.12.08 05:06:43.745,1.1266,1.12674,1.00,1.25
2016.12.08 05:06:43.846,1.12663,1.12677,1.00,1.25
2016.12.08 05:06:44.252,1.12666,1.1268,1.00,1.25
2016.12.08 05:06:51.201,1.12665,1.12679,1.69,1.00
2016.12.08 05:06:51.548,1.12661,1.12676,1.50,1.00
2016.12.08 05:06:51.599,1.12662,1.12677,1.69,1.00
2016.12.08 05:06:55.414,1.12662,1.12678,2.44,1.25
2016.12.08 05:06:55.959,1.12664,1.12678,1.25,1.00
2016.12.08 05:07:00.453,1.12665,1.12681,1.69,1.25
2016.12.08 05:07:00.505,1.12668,1.12682,1.00,1.00
2016.12.08 05:07:00.658,1.12669,1.12685,1.19,1.25
2016.12.08 05:07:01.168,1.1267,1.12685,1.62,1.25
2016.12.08 05:07:01.416,1.12672,1.12688,1.62,1.69
2016.12.08 05:07:04.629,1.12669,1.12686,2.00,1.25
2016.12.08 05:07:04.935,1.12669,1.12684,2.00,1.00
2016.12.08 05:07:05.450,1.1267,1.12684,1.69,1.00
2016.12.08 05:07:06.041,1.12671,1.12685,1.31,1.00
2016.12.08 05:07:06.092,1.12671,1.12688,1.31,1.00
2016.12.08 05:07:06.143,1.12673,1.12688,1.19,1.00
2016.12.08 05:07:06.998,1.12675,1.12689,1.25,1.00
2016.12.08 05:07:07.302,1.12675,1.12691,2.44,1.00
2016.12.08 05:07:07.683,1.12675,1.1269,1.50,1.25
2016.12.08 05:07:08.227,1.12675,1.1269,1.69,1.00
2016.12.08 05:07:08.748,1.12675,1.12689,1.69,1.00
2016.12.08 05:07:09.529,1.12676,1.1269,1.25,1.00
2016.12.08 05:07:09.833,1.12674,1.12688,1.69,1.00
2016.12.08 05:07:10.356,1.12674,1.12688,1.19,1.00
2016.12.08 05:07:10.901,1.12673,1.12687,1.69,1.00
2016.12.08 05:07:11.410,1.12674,1.12688,1.31,1.00
2016.12.08 05:07:12.299,1.12672,1.12685,2.06,1.00
2016.12.08 05:07:12.806,1.12672,1.12686,1.25,1.00
2016.12.08 05:07:13.339,1.12672,1.12686,1.69,1.00
2016.12.08 05:07:13.516,1.12672,1.12688,1.69,1.00
2016.12.08 05:07:14.068,1.12672,1.12687,1.19,1.00
2016.12.08 05:07:18.495,1.12675,1.12689,1.00,1.00
2016.12.08 05:07:18.799,1.12675,1.12689,2.44,1.00
2016.12.08 05:07:19.517,1.12676,1.1269,1.31,1.00
2016.12.08 05:07:24.547,1.12678,1.12693,1.00,1.69
2016.12.08 05:07:25.094,1.12678,1.12692,1.00,1.69
2016.12.08 05:07:25.480,1.12674,1.12689,1.37,1.25
2016.12.08 05:07:25.683,1.12673,1.12689,1.25,1.25
2016.12.08 05:07:33.149,1.12673,1.12689,1.19,1.00
2016.12.08 05:07:51.863,1.12674,1.1269,1.25,1.00
2016.12.08 05:07:51.914,1.12676,1.1269,1.00,1.00
2016.12.08 05:07:52.558,1.12676,1.1269,1.19,1.00
2016.12.08 05:07:52.932,1.12674,1.12691,1.25,1.25
2016.12.08 05:07:53.755,1.12675,1.12689,1.00,1.00
2016.12.08 05:07:54.589,1.12675,1.12691,1.00,1.25
2016.12.08 05:07:55.161,1.12675,1.12691,1.19,1.00
2016.12.08 05:07:55.709,1.12677,1.12691,1.00,1.00
2016.12.08 05:08:03.081,1.12676,1.1269,1.00,1.00
2016.12.08 05:08:11.261,1.12674,1.1269,1.50,1.00
2016.12.08 05:08:12.241,1.12674,1.12689,1.00,1.00
2016.12.08 05:08:12.743,1.12674,1.1269,1.50,1.00
2016.12.08 05:08:15.524,1.12675,1.12691,1.00,1.00
2016.12.08 05:08:21.818,1.12676,1.12692,1.00,1.69
2016.12.08 05:08:21.919,1.12675,1.12689,1.50,1.00
2016.12.08 05:08:22.234,1.12676,1.1269,1.31,1.00
2016.12.08 05:08:22.689,1.12675,1.12689,1.00,1.00
2016.12.08 05:08:23.213,1.12673,1.12689,2.06,1.00
2016.12.08 05:08:24.241,1.12674,1.1269,1.25,1.25
2016.12.08 05:08:24.757,1.12674,1.12689,1.25,1.00
2016.12.08 05:08:29.341,1.12674,1.12689,1.69,1.00
2016.12.08 05:08:29.645,1.12676,1.12691,1.69,1.00
2016.12.08 05:08:40.344,1.12677,1.12693,1.19,1.69
2016.12.08 05:08:41.290,1.12676,1.12692,2.06,1.00
2016.12.08 05:08:49.757,1.12676,1.1269,2.06,1.00
2016.12.08 05:08:54.548,1.12677,1.12691,1.19,1.00
2016.12.08 05:08:55.064,1.12676,1.12692,1.69,1.00
2016.12.08 05:08:55.579,1.12676,1.12692,1.19,1.00
2016.12.08 05:08:58.638,1.12675,1.12693,2.44,1.00
2016.12.08 05:09:00.492,1.12675,1.12692,1.69,1.19
2016.12.08 05:09:01.807,1.12676,1.12692,1.00,1.69
2016.12.08 05:09:02.801,1.12677,1.12692,1.50,1.19
2016.12.08 05:09:02.902,1.12679,1.12693,1.00,1.00
2016.12.08 05:09:07.814,1.12678,1.12692,1.00,1.19
2016.12.08 05:09:07.865,1.12676,1.12692,1.00,1.69
2016.12.08 05:09:14.770,1.12676,1.12691,1.00,1.00
2016.12.08 05:09:16.649,1.12677,1.12694,1.00,1.50
2016.12.08 05:09:16.954,1.12676,1.12692,1.50,1.69
2016.12.08 05:09:21.696,1.12677,1.12692,1.12,1.19
2016.12.08 05:09:24.360,1.12678,1.12692,1.00,1.19
2016.12.08 05:09:27.812,1.12678,1.12692,1.19,1.00
2016.12.08 05:09:35.708,1.12678,1.12694,1.19,1.25
2016.12.08 05:09:36.013,1.12679,1.12696,1.69,1.25
2016.12.08 05:09:37.707,1.12681,1.12695,1.25,1.00
2016.12.08 05:09:37.960,1.12682,1.12699,1.19,1.00
2016.12.08 05:09:40.341,1.12684,1.12699,1.00,1.00
2016.12.08 05:09:40.493,1.12682,1.12697,1.25,1.25
2016.12.08 05:09:40.696,1.12674,1.1269,1.31,1.00
2016.12.08 05:09:41.316,1.12674,1.1269,1.00,2.06
2016.12.08 05:09:41.496,1.12672,1.12689,2.06,1.25
2016.12.08 05:09:41.796,1.12673,1.1269,1.19,1.12
2016.12.08 05:09:42.312,1.12674,1.12692,2.44,1.69
2016.12.08 05:09:43.206,1.12677,1.12691,1.00,1.25
2016.12.08 05:09:47.501,1.12676,1.1269,1.00,1.00
2016.12.08 05:09:50.161,1.12676,1.1269,1.00,1.69
2016.12.08 05:09:50.664,1.12675,1.12689,1.31,1.25
2016.12.08 05:09:51.287,1.12675,1.12689,1.31,1.00
2016.12.08 05:09:52.609,1.12674,1.12691,2.44,1.25
2016.12.08 05:09:55.779,1.12675,1.12689,1.12,1.00
2016.12.08 05:09:56.319,1.12674,1.12688,1.69,1.00
2016.12.08 05:09:56.731,1.12674,1.1269,1.69,1.25
2016.12.08 05:10:05.612,1.12673,1.1269,3.19,1.69
2016.12.08 05:10:18.054,1.12676,1.1269,1.00,1.69
2016.12.08 05:10:18.649,1.12676,1.1269,1.00,1.25
2016.12.08 05:10:19.327,1.12674,1.1269,1.31,1.25
2016.12.08 05:10:22.479,1.12674,1.1269,1.31,1.25
2016.12.08 05:10:25.480,1.12674,1.1269,1.31,1.50
2016.12.08 05:10:28.958,1.12674,1.12689,1.31,1.00
2016.12.08 05:10:29.262,1.12673,1.12686,1.19,1.00
2016.12.08 05:10:29.313,1.1267,1.12686,2.81,1.00
2016.12.08 05:10:33.972,1.12671,1.12687,1.69,1.00
2016.12.08 05:10:35.407,1.12671,1.12687,1.25,2.44
2016.12.08 05:10:35.458,1.12671,1.12687,1.69,1.69
2016.12.08 05:10:36.163,1.12674,1.12689,1.00,2.06
2016.12.08 05:10:36.214,1.12675,1.12689,1.25,1.31
2016.12.08 05:10:36.366,1.12675,1.12691,1.69,1.00
2016.12.08 05:10:36.417,1.12679,1.12692,1.00,1.12
2016.12.08 05:10:36.671,1.12681,1.12697,1.25,1.50
2016.12.08 05:10:37.160,1.12683,1.12697,1.19,1.00
2016.12.08 05:10:38.547,1.12681,1.12697,1.25,1.00
2016.12.08 05:10:39.053,1.1268,1.12696,1.19,1.00
2016.12.08 05:10:39.105,1.12677,1.12693,2.81,1.00
2016.12.08 05:10:41.324,1.1268,1.12694,1.19,1.00
2016.12.08 05:10:42.292,1.1268,1.12695,1.19,1.00
2016.12.08 05:10:43.878,1.1268,1.12694,1.19,1.00
2016.12.08 05:10:49.082,1.12678,1.12691,1.19,1.00
2016.12.08 05:10:49.133,1.12676,1.12691,1.25,1.00
2016.12.08 05:10:49.234,1.12675,1.12689,2.06,1.00
2016.12.08 05:10:49.751,1.12675,1.12689,1.00,1.00
2016.12.08 05:10:50.061,1.12672,1.12687,1.69,1.25
2016.12.08 05:10:50.216,1.12674,1.1269,1.19,1.50
2016.12.08 05:10:54.690,1.12674,1.12689,1.19,1.00
2016.12.08 05:10:58.148,1.12674,1.12691,1.19,1.25
2016.12.08 05:10:59.000,1.12674,1.12691,1.19,1.69
2016.12.08 05:11:02.895,1.12675,1.12691,1.69,1.00
2016.12.08 05:11:04.337,1.12677,1.12691,1.00,1.00
2016.12.08 05:11:04.691,1.12674,1.1269,2.81,1.69
2016.12.08 05:11:05.249,1.12674,1.12688,1.00,1.19
2016.12.08 05:11:05.666,1.12674,1.12689,1.19,1.25
2016.12.08 05:11:06.022,1.12673,1.12689,1.00,1.69
2016.12.08 05:11:10.556,1.12674,1.12689,1.69,1.25
2016.12.08 05:11:11.073,1.12676,1.1269,1.00,1.19
2016.12.08 05:11:11.603,1.12675,1.1269,1.31,1.19
2016.12.08 05:11:28.408,1.12675,1.12691,1.12,1.19
2016.12.08 05:11:39.631,1.12677,1.12691,1.00,1.69
2016.12.08 05:11:40.434,1.12677,1.1269,1.00,1.19
2016.12.08 05:11:41.991,1.12675,1.1269,1.31,1.19
2016.12.08 05:11:46.501,1.12674,1.12688,1.69,1.00
2016.12.08 05:11:46.654,1.12672,1.12688,1.69,1.69
2016.12.08 05:11:47.162,1.12672,1.12687,1.00,1.19
2016.12.08 05:11:47.718,1.12671,1.12687,1.87,1.69
2016.12.08 05:11:49.423,1.12669,1.12684,1.69,1.19
2016.12.08 05:11:49.625,1.12669,1.12684,1.25,1.19
2016.12.08 05:11:49.727,1.12668,1.12681,1.00,1.19
2016.12.08 05:11:50.087,1.12666,1.12679,1.00,1.19
2016.12.08 05:11:55.979,1.12667,1.1268,1.00,1.19
2016.12.08 05:11:56.504,1.12666,1.1268,1.00,1.69
2016.12.08 05:11:57.782,1.12667,1.1268,1.00,1.19
2016.12.08 05:11:58.286,1.12666,1.1268,1.00,1.19
2016.12.08 05:11:59.363,1.12666,1.12678,1.00,1.19
2016.12.08 05:11:59.414,1.12663,1.12678,2.81,1.19
2016.12.08 05:12:00.435,1.12662,1.12675,1.00,1.19
2016.12.08 05:12:02.602,1.12664,1.12675,1.00,1.19
2016.12.08 05:12:02.653,1.12663,1.12677,1.00,1.00
2016.12.08 05:12:03.661,1.12663,1.12679,1.00,1.19
2016.12.08 05:12:09.438,1.12663,1.12679,1.19,1.00
2016.12.08 05:12:09.640,1.12666,1.12682,1.19,1.69
2016.12.08 05:12:11.842,1.12663,1.12681,1.69,1.19
2016.12.08 05:12:12.356,1.12664,1.12679,1.25,1.00
2016.12.08 05:12:12.926,1.12664,1.12678,1.25,1.00
2016.12.08 05:12:17.535,1.12664,1.1268,1.25,1.25
2016.12.08 05:12:18.070,1.12665,1.12681,1.00,1.69
2016.12.08 05:12:19.432,1.12667,1.12681,1.00,1.69
2016.12.08 05:12:19.936,1.12667,1.12681,1.00,1.25
2016.12.08 05:12:20.557,1.12665,1.12681,1.19,1.25
2016.12.08 05:12:25.156,1.12664,1.12678,1.00,1.19
2016.12.08 05:12:25.665,1.12663,1.12678,1.25,1.19
2016.12.08 05:12:26.254,1.12664,1.12678,1.00,1.19
2016.12.08 05:12:30.600,1.12663,1.12679,1.25,1.19
2016.12.08 05:12:33.354,1.12665,1.12679,1.00,1.69
2016.12.08 05:12:33.625,1.12666,1.1268,1.00,1.69
2016.12.08 05:12:34.159,1.12666,1.1268,1.25,1.00
2016.12.08 05:12:34.362,1.12666,1.12682,1.25,1.25
2016.12.08 05:12:47.933,1.12667,1.12683,1.69,1.19
2016.12.08 05:12:48.470,1.12667,1.12681,1.69,1.00
2016.12.08 05:12:48.898,1.12666,1.1268,1.00,1.00
2016.12.08 05:12:54.796,1.12666,1.12682,1.00,1.69
2016.12.08 05:12:56.785,1.12666,1.1268,1.00,1.00
2016.12.08 05:13:04.087,1.12665,1.12679,1.25,1.00
2016.12.08 05:13:05.811,1.12665,1.12681,1.25,1.25
2016.12.08 05:13:06.448,1.12665,1.12681,1.19,1.69
2016.12.08 05:13:06.656,1.12664,1.12678,1.25,1.25
2016.12.08 05:13:06.960,1.12654,1.12668,2.00,1.69
2016.12.08 05:13:07.062,1.12652,1.12666,3.19,1.00
2016.12.08 05:13:07.793,1.12652,1.12665,1.00,2.44
2016.12.08 05:13:08.044,1.12649,1.12665,1.69,1.00
2016.12.08 05:13:08.594,1.12651,1.12665,1.00,1.00
2016.12.08 05:13:08.645,1.12649,1.12663,1.69,1.00
2016.12.08 05:13:08.951,1.12647,1.12661,2.25,1.69
2016.12.08 05:13:09.154,1.12642,1.12658,1.62,1.69
2016.12.08 05:13:09.757,1.12642,1.12658,1.25,1.69
2016.12.08 05:13:10.863,1.12643,1.12659,1.25,1.00
2016.12.08 05:13:11.120,1.12645,1.12659,1.00,1.00
2016.12.08 05:13:11.772,1.12642,1.12658,1.69,1.00
2016.12.08 05:13:12.183,1.12641,1.12657,1.25,1.00
2016.12.08 05:13:12.785,1.12642,1.12658,1.00,1.69
2016.12.08 05:13:13.702,1.12642,1.12657,1.00,1.00
2016.12.08 05:13:14.318,1.12642,1.12656,1.00,1.00
2016.12.08 05:13:15.058,1.12641,1.12656,1.25,1.00
2016.12.08 05:13:15.261,1.12642,1.12654,1.00,1.00
2016.12.08 05:13:15.359,1.12639,1.12655,1.12,1.25
2016.12.08 05:13:15.838,1.1264,1.12655,1.19,1.00
2016.12.08 05:13:16.345,1.12641,1.12657,1.25,1.19
2016.12.08 05:13:16.776,1.12643,1.12659,1.19,1.25
2016.12.08 05:13:22.645,1.12646,1.1266,1.00,1.19
2016.12.08 05:13:22.697,1.12647,1.12663,1.00,2.44
2016.12.08 05:13:22.748,1.12649,1.12663,1.19,1.37
2016.12.08 05:13:22.800,1.12649,1.12663,1.19,1.00
2016.12.08 05:13:23.104,1.12646,1.12658,1.69,1.00
2016.12.08 05:13:23.408,1.12642,1.12656,1.69,1.00
2016.12.08 05:13:24.647,1.12641,1.12655,1.12,1.00
2016.12.08 05:13:25.190,1.1264,1.12654,1.00,1.25
2016.12.08 05:13:25.876,1.12638,1.12654,2.06,1.25
2016.12.08 05:13:27.134,1.12639,1.12655,1.25,1.00
2016.12.08 05:13:27.184,1.12641,1.12655,1.00,1.00
2016.12.08 05:13:27.387,1.12638,1.12656,2.06,1.00
2016.12.08 05:13:28.189,1.1264,1.12654,1.00,1.00
2016.12.08 05:13:28.696,1.1264,1.12655,1.19,1.00
2016.12.08 05:13:28.746,1.12638,1.12655,1.31,1.00
2016.12.08 05:13:28.797,1.1264,1.12654,1.00,1.00
2016.12.08 05:13:29.427,1.12639,1.12655,1.19,1.00
2016.12.08 05:13:29.731,1.12638,1.12654,1.12,1.00
2016.12.08 05:13:30.232,1.12637,1.12654,1.69,1.00
2016.12.08 05:13:30.283,1.12637,1.12653,1.69,1.19
2016.12.08 05:13:30.810,1.12639,1.12653,1.25,1.00
2016.12.08 05:13:31.404,1.1264,1.12654,1.00,1.00
2016.12.08 05:13:31.903,1.12637,1.12655,2.44,1.69
2016.12.08 05:13:32.207,1.12639,1.12654,1.19,1.25
2016.12.08 05:13:32.751,1.12641,1.12655,1.00,1.19
2016.12.08 05:13:33.301,1.12638,1.12653,1.00,1.69
2016.12.08 05:13:33.452,1.12637,1.12652,1.50,1.19
2016.12.08 05:13:33.756,1.12637,1.12652,1.00,1.25
2016.12.08 05:13:34.306,1.12636,1.12652,1.69,1.25
2016.12.08 05:13:35.180,1.12637,1.1265,1.00,1.19
2016.12.08 05:13:36.302,1.12636,1.12651,1.00,1.69
2016.12.08 05:13:36.911,1.12637,1.12651,1.00,1.69
2016.12.08 05:13:37.573,1.12636,1.12651,1.00,1.69
2016.12.08 05:13:39.681,1.12641,1.1265,1.00,1.19
2016.12.08 05:13:39.916,1.12637,1.1265,1.00,1.19
2016.12.08 05:13:40.097,1.12642,1.12651,1.00,1.69
2016.12.08 05:13:40.408,1.12637,1.12649,1.00,1.25
2016.12.08 05:13:41.784,1.12636,1.12649,1.00,1.25
2016.12.08 05:13:50.931,1.12636,1.12652,1.69,1.25
2016.12.08 05:13:51.815,1.12637,1.12652,1.00,1.25
2016.12.08 05:13:54.159,1.12636,1.1265,1.00,1.25
2016.12.08 05:13:54.637,1.12634,1.1265,1.25,1.25
2016.12.08 05:13:54.739,1.12636,1.12651,1.00,1.19
2016.12.08 05:13:55.508,1.12635,1.12651,1.00,1.19
2016.12.08 05:13:56.095,1.12634,1.1265,1.25,1.25
2016.12.08 05:13:56.399,1.12633,1.12647,1.69,1.00
2016.12.08 05:13:57.174,1.12635,1.12649,1.00,1.00
2016.12.08 05:13:58.501,1.12642,1.12655,1.00,2.44
2016.12.08 05:13:58.756,1.12651,1.12664,1.19,1.00
2016.12.08 05:13:59.467,1.12651,1.12667,1.19,1.19
2016.12.08 05:13:59.919,1.12654,1.1267,1.69,1.00
2016.12.08 05:14:00.021,1.12657,1.12674,1.19,1.56
2016.12.08 05:14:01.888,1.12657,1.12671,1.31,1.00
2016.12.08 05:14:02.413,1.12654,1.12668,1.75,1.00
2016.12.08 05:14:02.565,1.12651,1.12667,2.06,1.00
2016.12.08 05:14:03.082,1.12651,1.12667,2.06,1.00
2016.12.08 05:14:03.792,1.12652,1.12667,1.00,1.00
2016.12.08 05:14:04.489,1.12653,1.12667,1.25,1.00
2016.12.08 05:14:07.569,1.12656,1.12669,1.25,1.00
2016.12.08 05:14:07.721,1.12657,1.12672,1.00,1.00
2016.12.08 05:14:08.192,1.12658,1.12674,1.25,1.50
2016.12.08 05:14:08.243,1.12657,1.12672,1.25,1.00
2016.12.08 05:14:08.345,1.12657,1.12674,1.25,1.69
2016.12.08 05:14:08.404,1.12659,1.12674,1.25,1.00
2016.12.08 05:14:08.910,1.12659,1.12673,1.25,1.00
2016.12.08 05:14:09.164,1.12659,1.12675,1.25,1.87
2016.12.08 05:14:09.958,1.12659,1.12674,1.25,1.00
2016.12.08 05:14:10.536,1.1266,1.12674,1.00,1.00
2016.12.08 05:14:11.038,1.12659,1.12673,1.69,1.00
2016.12.08 05:14:11.753,1.12659,1.12674,1.69,1.00
2016.12.08 05:14:12.278,1.12659,1.12675,1.69,1.00
2016.12.08 05:14:15.217,1.12659,1.12674,1.69,1.00
2016.12.08 05:14:15.901,1.1266,1.12674,1.00,1.00
2016.12.08 05:14:16.493,1.12659,1.12673,2.44,1.00
2016.12.08 05:14:17.179,1.12659,1.12672,1.69,1.00
2016.12.08 05:14:18.931,1.12658,1.12672,1.00,1.00
2016.12.08 05:14:21.019,1.12658,1.12671,1.00,1.00
2016.12.08 05:14:21.618,1.12657,1.12671,2.44,1.00
2016.12.08 05:14:24.160,1.12657,1.1267,1.25,1.00
2016.12.08 05:14:24.689,1.12657,1.12671,1.25,1.00
2016.12.08 05:14:25.256,1.12657,1.12672,1.25,1.00
2016.12.08 05:14:31.839,1.12658,1.12672,1.00,1.00
2016.12.08 05:14:32.994,1.12659,1.12673,1.00,1.00
2016.12.08 05:14:33.373,1.12657,1.12673,1.69,1.00
2016.12.08 05:14:35.533,1.12658,1.12674,1.00,1.25
2016.12.08 05:14:35.598,1.1266,1.12672,1.19,1.00
2016.12.08 05:14:36.163,1.1266,1.12673,1.19,1.00
2016.12.08 05:14:39.797,1.1266,1.12675,1.19,1.00
2016.12.08 05:14:40.318,1.1266,1.12676,2.06,1.00
2016.12.08 05:14:40.523,1.12662,1.12676,1.19,1.00
2016.12.08 05:14:42.006,1.12662,1.12677,1.19,1.00
2016.12.08 05:14:44.059,1.12664,1.12677,1.25,1.00
2016.12.08 05:14:44.110,1.12661,1.12675,1.69,1.00
2016.12.08 05:14:44.745,1.12661,1.12674,1.25,1.00
2016.12.08 05:14:45.258,1.12662,1.12675,1.00,1.00
2016.12.08 05:14:45.878,1.12662,1.12676,1.50,1.00
2016.12.08 05:14:46.602,1.12662,1.12674,1.00,1.00
2016.12.08 05:14:47.117,1.12661,1.12674,1.25,1.00
2016.12.08 05:14:48.903,1.12661,1.12675,1.25,1.00
2016.12.08 05:14:49.207,1.12663,1.12676,1.25,1.00
2016.12.08 05:14:49.858,1.12663,1.12677,1.25,1.00
2016.12.08 05:14:51.250,1.12661,1.12674,1.69,1.00
2016.12.08 05:14:51.808,1.12661,1.12675,2.44,1.00
2016.12.08 05:14:52.130,1.12663,1.12675,1.25,1.00
2016.12.08 05:14:52.667,1.12663,1.12676,1.25,1.00
2016.12.08 05:14:53.685,1.12663,1.12678,1.25,1.00
2016.12.08 05:14:53.754,1.12665,1.12681,1.69,3.00
2016.12.08 05:14:53.856,1.12667,1.12681,1.19,1.00
2016.12.08 05:14:54.008,1.12667,1.12683,1.69,1.00
2016.12.08 05:14:55.188,1.12668,1.12683,1.19,1.00
2016.12.08 05:14:55.401,1.12666,1.12682,1.31,1.00
2016.12.08 05:14:55.604,1.12667,1.1268,1.00,1.00
2016.12.08 05:14:56.149,1.12666,1.1268,1.31,1.00
2016.12.08 05:15:05.493,1.12667,1.1268,1.00,1.00
2016.12.08 05:15:06.041,1.12666,1.1268,1.12,1.00
2016.12.08 05:15:09.139,1.12667,1.12681,1.00,1.00
2016.12.08 05:15:10.051,1.12666,1.1268,1.00,1.00
2016.12.08 05:15:10.474,1.12668,1.12684,1.00,1.25
2016.12.08 05:15:10.626,1.12671,1.12685,1.00,1.00
2016.12.08 05:15:10.677,1.12671,1.12688,1.00,2.44
2016.12.08 05:15:10.728,1.12669,1.12683,1.50,1.00
2016.12.08 05:15:11.660,1.12667,1.12683,1.00,1.00
2016.12.08 05:15:13.069,1.12669,1.12683,1.00,1.00
2016.12.08 05:15:14.174,1.1267,1.12684,1.00,1.00
2016.12.08 05:15:14.629,1.12671,1.12686,1.19,1.00
2016.12.08 05:15:14.680,1.12672,1.12688,1.25,1.69
2016.12.08 05:15:14.883,1.1267,1.12684,1.50,1.00
2016.12.08 05:15:15.086,1.12667,1.12681,1.87,1.00
2016.12.08 05:15:15.188,1.12669,1.12683,1.00,1.25
2016.12.08 05:15:15.375,1.12669,1.12685,1.25,1.69
2016.12.08 05:15:15.426,1.12673,1.12687,1.00,1.12
2016.12.08 05:15:19.654,1.12673,1.12689,1.00,1.50
2016.12.08 05:15:19.757,1.12671,1.12687,1.69,1.00
2016.12.08 05:15:20.162,1.12669,1.12685,1.00,1.25
2016.12.08 05:15:20.587,1.12668,1.12684,1.00,1.19
2016.12.08 05:15:21.182,1.12667,1.12683,1.00,1.25
2016.12.08 05:15:21.684,1.12666,1.12683,1.12,1.25
2016.12.08 05:15:22.952,1.12667,1.12683,1.00,1.25
2016.12.08 05:15:26.021,1.12666,1.12682,1.12,1.00
2016.12.08 05:15:26.505,1.12665,1.1268,1.69,1.00
2016.12.08 05:15:27.014,1.12665,1.1268,1.25,1.00
2016.12.08 05:15:27.618,1.12665,1.12681,1.69,1.00
2016.12.08 05:15:28.714,1.12664,1.1268,3.00,1.69
2016.12.08 05:15:29.024,1.12665,1.12681,1.00,1.00
2016.12.08 05:15:34.179,1.12665,1.12681,1.37,1.00
2016.12.08 05:15:34.719,1.12666,1.12681,1.31,1.00
2016.12.08 05:15:37.621,1.12666,1.1268,2.06,1.00
2016.12.08 05:15:41.592,1.12666,1.1268,1.50,1.00
2016.12.08 05:15:51.692,1.12666,1.12682,1.00,1.69
2016.12.08 05:15:53.758,1.12667,1.12682,1.00,1.69
2016.12.08 05:15:54.430,1.12664,1.12678,1.00,1.00
2016.12.08 05:15:54.757,1.12666,1.12678,1.00,1.00
2016.12.08 05:15:55.151,1.12664,1.12678,1.00,1.00
2016.12.08 05:15:55.306,1.12664,1.1268,1.00,1.00
2016.12.08 05:15:57.144,1.12663,1.12679,1.00,1.00
2016.12.08 05:15:57.975,1.12667,1.12679,1.00,1.00
2016.12.08 05:15:58.561,1.12667,1.12683,1.00,1.00
2016.12.08 05:15:59.535,1.12669,1.12683,1.00,1.00
2016.12.08 05:16:00.861,1.12666,1.12682,2.25,1.25
2016.12.08 05:16:00.912,1.12666,1.12679,1.50,1.00
2016.12.08 05:16:01.696,1.12665,1.12679,1.69,1.00
2016.12.08 05:16:14.895,1.12666,1.12679,1.00,1.00
2016.12.08 05:16:15.410,1.12665,1.12679,1.00,1.00
2016.12.08 05:16:16.178,1.12667,1.12679,1.00,1.00
2016.12.08 05:16:16.399,1.12665,1.12679,1.00,1.00
2016.12.08 05:16:18.880,1.12667,1.12679,1.00,1.00
2016.12.08 05:16:19.481,1.12665,1.12679,1.00,1.00
2016.12.08 05:16:24.588,1.12667,1.12679,1.00,1.00
2016.12.08 05:16:25.941,1.12665,1.12679,1.00,1.00
2016.12.08 05:16:55.279,1.12663,1.12679,1.69,1.00
2016.12.08 05:17:00.904,1.12661,1.12675,2.25,1.00
2016.12.08 05:17:01.207,1.12659,1.12674,1.31,1.00
2016.12.08 05:17:03.534,1.12656,1.1267,1.37,1.00
2016.12.08 05:17:03.654,1.12655,1.12669,1.00,1.00
2016.12.08 05:17:03.756,1.12654,1.12667,1.25,1.00
2016.12.08 05:17:04.267,1.12653,1.12667,1.00,1.00
2016.12.08 05:17:15.130,1.12655,1.12671,1.69,2.06
2016.12.08 05:17:15.650,1.12655,1.1267,1.19,1.00
2016.12.08 05:17:16.158,1.12657,1.12671,1.69,1.00
2016.12.08 05:17:21.261,1.12659,1.12673,1.00,1.19
2016.12.08 05:17:30.255,1.12659,1.12673,1.31,1.00
2016.12.08 05:17:31.245,1.1266,1.12674,1.00,1.00
2016.12.08 05:17:32.698,1.12661,1.12674,1.00,1.00
2016.12.08 05:17:33.261,1.1266,1.12674,1.00,1.00
2016.12.08 05:17:33.584,1.12665,1.12679,1.00,1.25
2016.12.08 05:17:33.788,1.12666,1.12682,1.69,1.25
2016.12.08 05:17:33.941,1.12666,1.12682,1.69,1.69
2016.12.08 05:17:34.364,1.12666,1.12682,2.44,1.25
2016.12.08 05:17:35.133,1.12666,1.12682,1.00,1.69
2016.12.08 05:17:35.285,1.12667,1.12683,1.25,1.19
2016.12.08 05:17:35.429,1.12669,1.12686,1.25,2.44
2016.12.08 05:17:35.784,1.12669,1.12683,1.31,1.00
2016.12.08 05:17:40.350,1.12669,1.12685,1.31,1.25
2016.12.08 05:17:42.014,1.12669,1.12685,1.69,1.25
2016.12.08 05:17:42.745,1.12669,1.12684,1.69,1.00
2016.12.08 05:17:53.324,1.12669,1.12684,1.25,1.00
2016.12.08 05:17:54.807,1.12669,1.12685,1.31,1.25
2016.12.08 05:17:58.533,1.12669,1.12685,1.69,1.25
2016.12.08 05:17:59.070,1.1267,1.12684,1.00,1.00
2016.12.08 05:18:50.607,1.12671,1.12685,1.00,1.25
2016.12.08 05:18:51.141,1.12669,1.12685,1.62,1.25
2016.12.08 05:18:55.459,1.12669,1.12685,2.06,1.19
2016.12.08 05:19:00.553,1.12674,1.12688,1.25,1.25
2016.12.08 05:19:01.091,1.12673,1.12687,1.69,1.00
2016.12.08 05:19:01.816,1.12674,1.12688,1.25,1.25
2016.12.08 05:19:02.822,1.1267,1.12687,1.62,1.69
2016.12.08 05:19:03.474,1.1267,1.12684,1.62,1.00
2016.12.08 05:19:09.432,1.1267,1.12684,1.25,1.00
2016.12.08 05:19:15.691,1.1267,1.12685,1.25,1.25
2016.12.08 05:19:16.244,1.1267,1.12684,1.25,1.00
2016.12.08 05:19:26.330,1.12671,1.12685,1.00,1.25
2016.12.08 05:19:26.482,1.12667,1.12682,2.06,1.00
2016.12.08 05:19:26.996,1.12667,1.12683,1.50,1.69
2016.12.08 05:19:27.199,1.12665,1.12679,1.00,1.00
2016.12.08 05:19:27.503,1.12667,1.12679,1.00,1.00
2016.12.08 05:19:28.298,1.12663,1.12679,1.69,1.00
2016.12.08 05:19:29.917,1.12664,1.1268,1.25,1.00
2016.12.08 05:19:30.100,1.12666,1.1268,1.00,1.25
2016.12.08 05:19:30.240,1.12664,1.1268,1.25,1.25
2016.12.08 05:19:30.341,1.12664,1.12678,1.25,1.00
2016.12.08 05:19:30.721,1.12662,1.12677,1.00,1.19
2016.12.08 05:19:31.339,1.12662,1.12677,1.00,1.00
2016.12.08 05:19:31.987,1.12662,1.12678,1.00,1.25
2016.12.08 05:19:33.407,1.12665,1.1268,1.00,1.31
2016.12.08 05:19:34.400,1.12664,1.1268,1.25,1.25
2016.12.08 05:19:45.509,1.12663,1.12676,1.50,1.00
2016.12.08 05:19:45.662,1.12662,1.12676,1.25,1.00
2016.12.08 05:19:46.467,1.12661,1.12675,1.25,1.25
2016.12.08 05:19:51.858,1.12664,1.12678,1.00,1.25
2016.12.08 05:19:51.910,1.12664,1.1268,1.69,2.06
2016.12.08 05:19:53.582,1.12666,1.1268,1.00,1.25
2016.12.08 05:19:54.476,1.12666,1.1268,1.69,1.00
2016.12.08 05:19:57.534,1.12664,1.12676,1.00,1.00
2016.12.08 05:19:57.585,1.12664,1.12679,1.00,1.50
2016.12.08 05:19:58.313,1.12666,1.1268,1.00,1.25
2016.12.08 05:20:00.781,1.12667,1.12681,1.00,1.00
2016.12.08 05:20:01.889,1.12667,1.12683,1.00,1.69
2016.12.08 05:20:10.082,1.12668,1.12683,1.00,1.19
2016.12.08 05:20:12.565,1.12666,1.12682,1.00,1.25
2016.12.08 05:20:13.154,1.12665,1.12681,1.69,1.00
2016.12.08 05:20:21.551,1.12666,1.12682,1.00,1.00
2016.12.08 05:20:31.150,1.12667,1.12682,1.00,1.00
2016.12.08 05:20:32.151,1.12667,1.12681,1.00,1.00
2016.12.08 05:20:33.147,1.12667,1.12682,1.00,1.00
2016.12.08 05:20:33.300,1.12671,1.12684,1.25,1.12
2016.12.08 05:20:33.401,1.1267,1.12686,1.25,1.25
2016.12.08 05:20:34.335,1.12671,1.12687,1.00,1.69
2016.12.08 05:20:34.894,1.12671,1.12687,1.00,1.00
2016.12.08 05:20:35.308,1.12671,1.12685,1.00,1.00
2016.12.08 05:20:35.631,1.12673,1.12688,1.25,1.00
2016.12.08 05:20:35.888,1.12671,1.12686,1.00,1.00
2016.12.08 05:20:37.099,1.12671,1.12687,1.00,1.00
2016.12.08 05:20:42.112,1.12673,1.12687,1.00,1.00
2016.12.08 05:20:49.915,1.12674,1.12688,1.00,1.00
2016.12.08 05:20:50.220,1.1268,1.12695,1.00,1.50
2016.12.08 05:20:50.578,1.12682,1.12696,1.00,1.00
2016.12.08 05:20:50.797,1.12683,1.12699,1.50,1.31
2016.12.08 05:20:50.999,1.12685,1.12699,1.00,1.00
2016.12.08 05:20:51.190,1.12686,1.12701,1.69,1.00
2016.12.08 05:20:51.795,1.12686,1.127,1.00,1.00
2016.12.08 05:20:52.387,1.12683,1.12698,1.50,1.00
2016.12.08 05:20:52.690,1.12683,1.127,1.00,1.31
2016.12.08 05:20:53.786,1.12681,1.12695,2.25,1.00
2016.12.08 05:20:54.091,1.12678,1.12694,1.00,1.25
2016.12.08 05:20:54.142,1.12677,1.12691,1.87,1.00
2016.12.08 05:20:54.244,1.12678,1.12694,1.00,1.69
2016.12.08 05:20:54.677,1.12682,1.12696,1.00,1.00
2016.12.08 05:20:55.183,1.12683,1.12697,1.69,1.00
2016.12.08 05:20:55.982,1.12683,1.12698,1.69,1.00
2016.12.08 05:20:57.242,1.12683,1.12699,1.69,1.12
2016.12.08 05:20:58.521,1.12682,1.12699,1.00,1.31
2016.12.08 05:20:59.768,1.12682,1.12698,1.00,1.00
2016.12.08 05:21:08.496,1.12684,1.12698,1.00,1.00
2016.12.08 05:21:11.894,1.12688,1.12702,1.00,1.87
2016.12.08 05:21:12.047,1.12685,1.12701,1.25,1.12
2016.12.08 05:21:12.951,1.12687,1.12701,1.00,1.12
2016.12.08 05:21:15.838,1.12689,1.12703,1.25,1.75
2016.12.08 05:21:15.940,1.12689,1.12703,1.25,1.00
2016.12.08 05:21:16.627,1.12689,1.12705,1.25,1.19
2016.12.08 05:21:20.699,1.12685,1.12699,1.50,1.00
2016.12.08 05:21:20.851,1.12681,1.12697,1.69,1.25
2016.12.08 05:21:21.726,1.12683,1.12697,1.00,1.25
2016.12.08 05:21:24.717,1.12682,1.12699,1.25,1.69
2016.12.08 05:21:25.021,1.12683,1.12699,1.19,1.00
2016.12.08 05:21:25.801,1.12684,1.12698,1.25,1.00
2016.12.08 05:21:27.804,1.12682,1.12698,1.25,1.25
2016.12.08 05:21:30.206,1.12684,1.12698,1.00,1.25
2016.12.08 05:21:44.020,1.12685,1.12699,1.25,1.12
2016.12.08 05:21:49.366,1.12685,1.12699,1.69,1.00
2016.12.08 05:21:52.667,1.1269,1.12701,1.00,1.19
2016.12.08 05:21:52.915,1.12694,1.12706,1.19,1.00
2016.12.08 05:21:52.966,1.12692,1.12706,1.69,1.00
2016.12.08 05:21:53.495,1.12694,1.12708,1.00,1.69
2016.12.08 05:21:54.079,1.12695,1.12708,1.00,1.19
2016.12.08 05:22:00.677,1.12693,1.12708,1.25,1.19
2016.12.08 05:22:01.520,1.12697,1.12709,1.00,1.00
2016.12.08 05:22:01.672,1.12697,1.12711,1.25,1.00
2016.12.08 05:22:02.188,1.12697,1.12711,1.19,1.00
2016.12.08 05:22:02.694,1.12697,1.12713,1.00,1.69
2016.12.08 05:22:03.231,1.12696,1.12712,1.00,1.25
2016.12.08 05:22:09.487,1.12696,1.1271,1.00,1.00
2016.12.08 05:22:09.801,1.1269,1.12706,1.62,1.25
2016.12.08 05:22:10.341,1.1269,1.12706,1.25,1.25
2016.12.08 05:22:10.594,1.12693,1.12707,1.25,1.00
2016.12.08 05:22:12.318,1.12692,1.12706,1.19,1.00
2016.12.08 05:22:12.936,1.12691,1.12707,1.69,1.00
2016.12.08 05:22:13.460,1.12694,1.12708,1.00,1.31
2016.12.08 05:22:20.357,1.1269,1.12704,1.69,1.00
2016.12.08 05:22:21.238,1.12691,1.12705,1.00,1.00
2016.12.08 05:22:21.902,1.12689,1.12705,1.25,1.00
2016.12.08 05:22:27.968,1.12689,1.12703,1.25,1.00
2016.12.08 05:22:28.121,1.12692,1.12708,1.25,2.62
2016.12.08 05:22:28.172,1.12693,1.12708,1.19,1.87
2016.12.08 05:22:28.720,1.12693,1.12708,1.19,1.00
2016.12.08 05:22:29.047,1.12692,1.12708,1.00,1.69
2016.12.08 05:22:31.317,1.12694,1.12708,1.00,1.69
2016.12.08 05:22:32.552,1.12696,1.12711,1.00,2.06
2016.12.08 05:22:32.654,1.12695,1.12711,1.69,1.31
2016.12.08 05:22:33.219,1.12695,1.1271,1.19,1.00
2016.12.08 05:22:33.506,1.12697,1.12712,1.19,1.25
2016.12.08 05:22:33.609,1.12699,1.12715,1.00,1.69
2016.12.08 05:22:33.863,1.12699,1.12712,1.00,1.00
2016.12.08 05:22:33.914,1.12697,1.12712,1.00,1.25
2016.12.08 05:22:34.419,1.12696,1.12712,1.00,1.25
2016.12.08 05:22:34.644,1.12698,1.12714,1.69,1.50
2016.12.08 05:22:35.926,1.12699,1.12713,1.00,1.19
2016.12.08 05:22:37.327,1.127,1.12714,1.00,1.19
2016.12.08 05:22:39.594,1.12702,1.12716,1.00,1.69
2016.12.08 05:22:40.109,1.12704,1.12718,1.00,1.19
2016.12.08 05:22:40.261,1.127,1.12714,1.87,1.19
2016.12.08 05:22:41.237,1.12701,1.12715,1.00,1.69
2016.12.08 05:22:41.792,1.12701,1.12715,1.00,1.25
2016.12.08 05:22:44.103,1.12701,1.12717,1.00,1.25
2016.12.08 05:22:47.303,1.12701,1.12715,1.00,1.00
2016.12.08 05:22:48.108,1.12703,1.12717,1.00,1.25
2016.12.08 05:22:54.459,1.127,1.12714,2.06,1.00
2016.12.08 05:22:54.868,1.12699,1.12715,1.00,1.19
2016.12.08 05:22:55.683,1.127,1.12716,1.25,1.56
2016.12.08 05:22:55.937,1.12697,1.12714,1.69,1.19
2016.12.08 05:22:56.241,1.12691,1.12707,1.69,1.19
2016.12.08 05:22:56.992,1.12693,1.12709,1.25,1.31
2016.12.08 05:23:04.053,1.12694,1.12708,1.00,1.25
2016.12.08 05:23:04.557,1.12693,1.12707,1.25,1.00
2016.12.08 05:23:05.528,1.12692,1.12708,1.19,1.25
2016.12.08 05:23:06.068,1.12694,1.12708,1.00,1.25
2016.12.08 05:23:40.836,1.12694,1.1271,1.69,1.31
2016.12.08 05:23:47.905,1.12694,1.1271,1.00,1.12
2016.12.08 05:23:47.956,1.12697,1.12712,1.00,3.00
2016.12.08 05:23:48.260,1.127,1.12716,1.00,1.12
2016.12.08 05:23:48.616,1.12703,1.12719,1.00,2.25
2016.12.08 05:23:49.658,1.12702,1.12718,1.00,1.50
2016.12.08 05:23:49.761,1.12702,1.12718,1.00,1.12
2016.12.08 05:23:51.542,1.12705,1.12719,1.00,1.37
2016.12.08 05:23:52.059,1.12705,1.12719,1.00,1.00
2016.12.08 05:23:57.085,1.12705,1.12721,1.00,1.12
2016.12.08 05:23:58.473,1.12704,1.12721,1.00,1.12
2016.12.08 05:24:07.768,1.12704,1.1272,1.00,1.00
2016.12.08 05:24:07.820,1.12706,1.12725,1.50,3.56
2016.12.08 05:24:07.922,1.12708,1.12726,1.50,1.50
2016.12.08 05:24:08.023,1.12708,1.12727,1.50,1.69
2016.12.08 05:24:08.074,1.12711,1.12727,1.00,2.06
2016.12.08 05:24:09.098,1.12712,1.12728,1.00,1.37
2016.12.08 05:24:09.715,1.12712,1.12728,1.00,1.00
2016.12.08 05:24:20.455,1.12714,1.12728,1.00,1.00
2016.12.08 05:24:25.557,1.12715,1.12731,1.00,3.00
2016.12.08 05:24:26.092,1.12714,1.1273,1.00,1.00
2016.12.08 05:24:26.597,1.12714,1.12728,1.00,1.00
2016.12.08 05:24:27.102,1.12715,1.12729,1.00,1.00
2016.12.08 05:24:28.096,1.12716,1.12731,1.00,1.31
2016.12.08 05:24:28.613,1.12716,1.1273,1.00,1.00
2016.12.08 05:24:29.114,1.12714,1.1273,1.00,1.00
2016.12.08 05:24:29.165,1.12714,1.12728,1.00,1.00
2016.12.08 05:24:30.104,1.12712,1.12728,1.50,1.00
2016.12.08 05:24:35.353,1.12714,1.12728,1.00,1.00
2016.12.08 05:24:35.657,1.12716,1.1273,1.00,1.00
2016.12.08 05:24:36.522,1.12716,1.12734,1.00,1.50
2016.12.08 05:24:36.573,1.12719,1.12735,1.00,1.75
2016.12.08 05:24:36.725,1.12721,1.12737,2.44,1.62
2016.12.08 05:24:37.235,1.12721,1.12737,1.69,1.25
2016.12.08 05:24:37.764,1.12723,1.12737,1.00,1.25
2016.12.08 05:24:40.478,1.12724,1.12738,1.00,1.19
2016.12.08 05:24:41.945,1.12725,1.12739,1.00,1.69
2016.12.08 05:24:42.047,1.12725,1.12739,1.00,1.25
2016.12.08 05:24:42.460,1.12731,1.12739,1.19,1.00
2016.12.08 05:24:42.563,1.12733,1.12742,1.69,1.00
2016.12.08 05:24:42.701,1.12732,1.12747,1.19,1.00
2016.12.08 05:24:42.753,1.12728,1.12746,2.48,1.56
2016.12.08 05:24:42.956,1.12731,1.12747,1.67,1.25
2016.12.08 05:24:43.479,1.12733,1.12749,1.00,1.69
2016.12.08 05:24:43.890,1.12737,1.1275,1.00,1.00
2016.12.08 05:24:43.992,1.12737,1.12753,1.00,1.56
2016.12.08 05:24:44.043,1.12739,1.12755,1.00,1.56
2016.12.08 05:24:44.094,1.12739,1.12755,1.00,1.31
2016.12.08 05:24:44.927,1.12739,1.12755,1.25,1.12
2016.12.08 05:24:45.459,1.12739,1.12755,1.69,1.31
2016.12.08 05:24:46.229,1.12739,1.12754,1.19,1.00
2016.12.08 05:24:47.202,1.12739,1.12753,1.69,1.00
2016.12.08 05:24:47.522,1.12735,1.12751,2.06,1.00
2016.12.08 05:24:48.494,1.12734,1.1275,1.69,1.00
2016.12.08 05:24:48.696,1.12732,1.12749,1.31,1.19
2016.12.08 05:24:49.238,1.12732,1.12747,1.19,1.00
2016.12.08 05:24:50.058,1.12732,1.12745,1.19,1.00
2016.12.08 05:24:50.643,1.12731,1.12745,1.00,1.00
2016.12.08 05:24:51.227,1.12731,1.12746,1.00,1.00
2016.12.08 05:24:52.138,1.12731,1.12745,1.00,1.00
2016.12.08 05:24:54.063,1.12731,1.12747,1.00,1.25
2016.12.08 05:24:55.078,1.12733,1.12747,1.00,1.25
2016.12.08 05:24:55.563,1.1273,1.12746,1.25,1.19
2016.12.08 05:24:55.614,1.12728,1.12744,1.87,1.69
2016.12.08 05:24:55.706,1.12727,1.12744,1.31,1.69
2016.12.08 05:24:55.808,1.12729,1.12744,1.00,1.69
2016.12.08 05:24:56.142,1.12732,1.12746,1.00,1.25
2016.12.08 05:24:57.313,1.12731,1.12746,1.25,1.25
2016.12.08 05:24:57.617,1.12724,1.1274,2.25,1.25
2016.12.08 05:24:57.921,1.12724,1.12738,1.00,1.00
2016.12.08 05:24:58.484,1.12722,1.12738,1.69,1.00
2016.12.08 05:24:59.675,1.12722,1.12737,1.19,1.00
2016.12.08 05:24:59.725,1.12721,1.12736,1.00,1.00
2016.12.08 05:24:59.877,1.12722,1.12736,1.19,1.00
2016.12.08 05:25:00.704,1.12722,1.12737,1.19,1.00
2016.12.08 05:25:01.337,1.12724,1.12738,1.19,1.00
2016.12.08 05:25:02.793,1.12724,1.12738,1.69,1.00
2016.12.08 05:25:03.305,1.12725,1.12738,1.19,1.00
2016.12.08 05:25:05.495,1.12727,1.12741,1.19,2.25
2016.12.08 05:25:05.648,1.12728,1.12742,1.69,1.00
2016.12.08 05:25:05.699,1.12728,1.1274,1.19,1.00
2016.12.08 05:25:05.750,1.12726,1.1274,1.00,1.00
2016.12.08 05:25:05.903,1.12726,1.12743,1.00,1.00
2016.12.08 05:25:06.581,1.12728,1.12742,1.00,1.00
2016.12.08 05:25:06.896,1.12726,1.12742,1.00,1.00
2016.12.08 05:25:07.496,1.12727,1.12743,1.00,1.00
2016.12.08 05:25:08.553,1.12727,1.12743,1.60,1.00
2016.12.08 05:25:08.605,1.12736,1.12744,1.19,1.00
2016.12.08 05:25:08.656,1.12736,1.12746,1.19,1.00
2016.12.08 05:25:08.758,1.1274,1.12746,1.19,1.00
2016.12.08 05:25:08.860,1.1274,1.12753,1.19,1.12
2016.12.08 05:25:08.961,1.1274,1.12754,1.19,2.25
2016.12.08 05:25:09.114,1.12742,1.12754,1.19,2.25
2016.12.08 05:25:09.692,1.12742,1.12754,1.19,1.00
2016.12.08 05:25:09.743,1.12742,1.12756,1.19,1.12
2016.12.08 05:25:10.501,1.12741,1.12756,1.00,1.12
2016.12.08 05:25:11.439,1.1274,1.12753,1.19,1.00
2016.12.08 05:25:11.871,1.1274,1.12757,1.69,1.69
2016.12.08 05:25:12.261,1.12735,1.12749,1.69,1.00
2016.12.08 05:25:12.565,1.12739,1.12751,1.19,1.00
2016.12.08 05:25:12.667,1.12739,1.12756,1.19,1.31
2016.12.08 05:25:16.270,1.12741,1.12755,1.19,1.00
2016.12.08 05:25:16.320,1.12741,1.12758,1.19,1.69
2016.12.08 05:25:16.371,1.12743,1.12758,1.19,1.00
2016.12.08 05:25:16.523,1.12744,1.1276,1.25,3.00
2016.12.08 05:25:16.928,1.12746,1.1276,1.19,1.00
2016.12.08 05:25:17.081,1.12748,1.12764,1.25,1.37
2016.12.08 05:25:17.379,1.1275,1.12764,1.19,1.00
2016.12.08 05:25:17.687,1.12752,1.12764,1.19,1.00
2016.12.08 05:25:17.739,1.12752,1.12766,1.19,1.12
2016.12.08 05:25:18.164,1.12753,1.12769,1.19,1.87
2016.12.08 05:25:18.417,1.12756,1.12769,1.19,1.00
2016.12.08 05:25:18.682,1.12754,1.1277,1.25,1.50
2016.12.08 05:25:19.252,1.12753,1.12769,1.19,1.00
2016.12.08 05:25:19.760,1.12749,1.12768,2.81,1.54
2016.12.08 05:25:19.987,1.12749,1.12765,1.69,1.00
2016.12.08 05:25:21.670,1.12749,1.12765,1.00,1.25
2016.12.08 05:25:22.229,1.12749,1.12765,1.69,1.00
2016.12.08 05:25:22.573,1.12747,1.12761,1.69,1.00
2016.12.08 05:25:22.877,1.12747,1.12759,1.00,1.25
2016.12.08 05:25:22.928,1.12743,1.12759,1.19,1.25
2016.12.08 05:25:22.979,1.12743,1.12757,1.19,1.00
2016.12.08 05:25:23.950,1.12743,1.12756,1.19,1.00
2016.12.08 05:25:25.776,1.12743,1.12755,1.19,1.00
2016.12.08 05:25:30.916,1.12739,1.12755,1.19,1.00
2016.12.08 05:25:32.443,1.12741,1.12755,1.00,1.00
2016.12.08 05:25:36.395,1.12741,1.12757,1.00,1.25
2016.12.08 05:25:37.842,1.12743,1.12757,1.00,1.25
2016.12.08 05:25:38.162,1.12745,1.12759,1.00,1.19
2016.12.08 05:25:41.179,1.12744,1.12759,1.00,1.19
2016.12.08 05:25:42.201,1.12743,1.12759,1.00,1.69
2016.12.08 05:25:44.401,1.12742,1.12756,1.00,1.00
2016.12.08 05:25:45.335,1.12743,1.12757,1.00,1.25
2016.12.08 05:25:46.318,1.12741,1.12757,1.00,1.25
2016.12.08 05:25:48.231,1.12745,1.12759,1.00,1.69
2016.12.08 05:25:48.776,1.12745,1.12759,1.00,1.25
2016.12.08 05:25:49.402,1.12744,1.12758,1.25,1.00
2016.12.08 05:25:52.198,1.12744,1.1276,1.25,2.06
2016.12.08 05:25:53.744,1.12743,1.12757,1.69,1.00
2016.12.08 05:25:53.845,1.12742,1.12757,1.00,1.00
2016.12.08 05:25:54.150,1.1274,1.12756,1.87,1.25
2016.12.08 05:25:55.219,1.12739,1.12755,1.25,1.00
2016.12.08 05:25:56.386,1.12738,1.12754,1.31,1.00
2016.12.08 05:25:57.126,1.12739,1.12755,1.25,1.00
2016.12.08 05:25:59.149,1.12739,1.12753,1.25,1.25
2016.12.08 05:25:59.813,1.12738,1.12752,1.19,1.00
2016.12.08 05:26:01.116,1.12739,1.12753,1.25,1.25
2016.12.08 05:26:01.432,1.12736,1.1275,2.06,1.00
2016.12.08 05:26:02.103,1.12737,1.12751,1.00,1.00
2016.12.08 05:26:04.199,1.12737,1.12753,1.00,1.25
2016.12.08 05:26:05.021,1.12738,1.12754,1.69,1.00
2016.12.08 05:26:07.731,1.1274,1.12756,1.25,2.06
2016.12.08 05:26:08.873,1.1274,1.12756,1.69,1.00
2016.12.08 05:26:10.696,1.12741,1.12757,1.25,1.25
2016.12.08 05:26:15.148,1.12741,1.12756,1.25,1.00
2016.12.08 05:26:15.552,1.1274,1.12753,1.19,1.00
2016.12.08 05:26:15.603,1.12739,1.12753,1.00,1.00
2016.12.08 05:26:17.775,1.12741,1.12757,1.25,2.81
2016.12.08 05:26:19.519,1.12742,1.12757,1.00,1.19
2016.12.08 05:26:19.570,1.12742,1.12758,1.19,1.12
2016.12.08 05:26:27.424,1.12744,1.12758,1.00,1.00
2016.12.08 05:26:29.932,1.12743,1.12757,1.25,1.00
2016.12.08 05:26:30.624,1.12745,1.12761,1.00,1.19
2016.12.08 05:26:30.710,1.12749,1.12762,1.00,1.00
2016.12.08 05:26:30.862,1.12749,1.12765,1.19,1.87
2016.12.08 05:26:30.913,1.1275,1.12764,1.19,1.00
2016.12.08 05:26:31.015,1.12751,1.12767,1.00,2.06
2016.12.08 05:26:31.555,1.12751,1.12767,1.31,1.00
2016.12.08 05:26:32.075,1.12752,1.12768,1.00,1.25
2016.12.08 05:26:34.532,1.12752,1.12768,1.69,1.00
2016.12.08 05:26:41.416,1.12756,1.1277,1.00,1.69
2016.12.08 05:26:41.720,1.12759,1.12773,1.25,1.00
2016.12.08 05:26:42.258,1.12759,1.12773,1.19,1.00
2016.12.08 05:26:42.560,1.12759,1.12775,1.19,1.00
2016.12.08 05:26:43.069,1.1276,1.12776,1.25,1.00
2016.12.08 05:26:43.802,1.12761,1.12777,1.00,1.25
2016.12.08 05:26:45.765,1.12761,1.12777,1.19,1.00
2016.12.08 05:26:46.264,1.1276,1.12775,1.00,1.00
2016.12.08 05:26:46.568,1.12759,1.12773,1.00,1.25
2016.12.08 05:26:47.077,1.12759,1.12773,1.19,1.00
2016.12.08 05:26:47.703,1.12757,1.12773,1.00,1.31
2016.12.08 05:26:48.286,1.12757,1.12771,1.00,1.00
2016.12.08 05:26:48.944,1.12756,1.1277,1.00,1.00
2016.12.08 05:26:49.283,1.12752,1.12766,2.44,1.00
2016.12.08 05:26:49.587,1.12754,1.12768,1.69,1.50
2016.12.08 05:26:50.683,1.12751,1.12768,1.69,1.25
2016.12.08 05:26:50.734,1.12751,1.12766,1.69,1.00
2016.12.08 05:26:50.835,1.12752,1.12769,1.69,1.19
2016.12.08 05:26:51.921,1.12754,1.12769,1.19,1.00
2016.12.08 05:26:52.469,1.12753,1.12768,1.00,1.25
2016.12.08 05:26:52.622,1.1275,1.12768,1.69,1.31
2016.12.08 05:26:52.724,1.12753,1.12769,1.19,1.69
2016.12.08 05:26:53.181,1.12754,1.1277,1.25,1.00
2016.12.08 05:26:54.017,1.12755,1.1277,1.00,1.00
2016.12.08 05:26:54.119,1.12755,1.12769,1.00,1.19
2016.12.08 05:26:54.655,1.12751,1.12769,1.69,1.19
2016.12.08 05:26:54.707,1.12751,1.12765,1.00,1.31
2016.12.08 05:26:54.859,1.12748,1.12765,1.00,1.69
2016.12.08 05:26:55.369,1.12747,1.12765,1.25,1.69
2016.12.08 05:26:55.918,1.1275,1.12767,1.00,2.06
2016.12.08 05:26:56.879,1.12751,1.12767,1.00,1.19
2016.12.08 05:26:57.506,1.12752,1.12767,1.00,1.19
2016.12.08 05:26:57.845,1.12748,1.12764,1.00,1.25
2016.12.08 05:26:57.896,1.12748,1.12762,1.00,1.19
2016.12.08 05:26:58.098,1.12748,1.12765,1.69,1.25
2016.12.08 05:26:58.633,1.12749,1.12766,1.50,1.19
2016.12.08 05:26:58.840,1.12752,1.12766,1.00,1.69
2016.12.08 05:26:59.480,1.1275,1.12764,1.00,1.00
2016.12.08 05:26:59.582,1.12748,1.12764,1.69,1.00
2016.12.08 05:26:59.785,1.12751,1.12764,1.00,1.00
2016.12.08 05:26:59.957,1.12748,1.12764,1.25,1.00
2016.12.08 05:27:00.042,1.12748,1.12764,1.00,1.19
2016.12.08 05:27:00.376,1.12752,1.12763,1.00,1.19
2016.12.08 05:27:00.750,1.12748,1.12763,1.00,1.19
2016.12.08 05:27:01.646,1.12746,1.12763,1.56,1.69
2016.12.08 05:27:01.697,1.12746,1.12758,1.37,1.25
2016.12.08 05:27:01.950,1.12742,1.12758,1.25,1.25
2016.12.08 05:27:02.052,1.12741,1.12756,1.69,1.00
2016.12.08 05:27:02.355,1.12739,1.12756,1.69,1.69
2016.12.08 05:27:04.579,1.12742,1.12755,1.00,1.31
2016.12.08 05:27:05.494,1.1274,1.12755,1.00,1.19
2016.12.08 05:27:06.889,1.12741,1.12755,1.00,1.19
2016.12.08 05:27:07.404,1.12741,1.12756,1.00,2.06
2016.12.08 05:27:07.905,1.12742,1.12756,1.00,2.06
2016.12.08 05:27:09.423,1.12739,1.12754,1.00,1.19
2016.12.08 05:27:09.474,1.12742,1.12754,1.00,1.19
2016.12.08 05:27:14.383,1.12736,1.12747,1.12,1.00
2016.12.08 05:27:14.437,1.12736,1.12747,1.12,2.06
2016.12.08 05:27:14.589,1.12732,1.12748,2.44,1.87
2016.12.08 05:27:14.640,1.12733,1.12749,1.25,1.31
2016.12.08 05:27:14.691,1.12734,1.12751,1.69,1.75
2016.12.08 05:27:14.742,1.12734,1.12751,1.69,1.00
2016.12.08 05:27:14.894,1.12737,1.12753,1.00,1.25
2016.12.08 05:27:15.443,1.12738,1.12754,1.00,1.69
2016.12.08 05:27:16.350,1.12741,1.12757,1.00,3.19
2016.12.08 05:27:17.352,1.12742,1.12757,1.00,1.19
2016.12.08 05:27:19.991,1.12741,1.12755,1.00,1.19
2016.12.08 05:27:20.093,1.12739,1.12754,1.00,1.19
2016.12.08 05:27:20.500,1.12739,1.12752,1.00,1.19
2016.12.08 05:27:20.886,1.12742,1.12756,1.00,1.69
2016.12.08 05:27:22.439,1.12742,1.12757,1.25,1.19
2016.12.08 05:27:22.491,1.12745,1.12757,1.00,1.19
2016.12.08 05:27:26.072,1.12745,1.12761,1.50,2.06
2016.12.08 05:27:26.124,1.12748,1.12762,1.00,2.06
2016.12.08 05:27:26.329,1.12748,1.12765,1.50,2.06
2016.12.08 05:27:27.111,1.1275,1.12764,1.00,1.19
2016.12.08 05:27:28.526,1.12749,1.12765,1.00,1.19
2016.12.08 05:27:32.015,1.12749,1.12765,1.25,1.00
2016.12.08 05:27:32.680,1.12749,1.12766,1.25,1.25
2016.12.08 05:27:33.024,1.1275,1.12764,1.00,1.00
2016.12.08 05:27:38.738,1.12751,1.12765,1.00,1.00
2016.12.08 05:27:39.802,1.1275,1.12764,1.00,1.00
2016.12.08 05:27:40.138,1.12753,1.12767,1.25,1.00
2016.12.08 05:27:40.444,1.12757,1.12773,1.25,2.10
2016.12.08 05:27:40.495,1.12757,1.12771,1.00,1.19
2016.12.08 05:27:40.597,1.12755,1.12769,1.31,1.00
2016.12.08 05:27:41.337,1.12754,1.12768,1.19,1.00
2016.12.08 05:27:41.909,1.12756,1.12771,1.19,1.00
2016.12.08 05:27:42.062,1.12756,1.12773,1.19,1.69
2016.12.08 05:27:42.898,1.12757,1.12771,1.25,1.00
2016.12.08 05:27:43.204,1.12754,1.12769,1.19,1.00
2016.12.08 05:27:43.616,1.12756,1.12771,1.19,1.12
2016.12.08 05:27:44.331,1.12756,1.1277,1.69,1.00
2016.12.08 05:27:44.663,1.12756,1.12772,1.69,1.25
2016.12.08 05:27:45.860,1.12756,1.12771,1.19,1.00
2016.12.08 05:27:46.365,1.12759,1.12773,1.00,1.00
2016.12.08 05:27:46.416,1.1276,1.12775,1.00,1.69
2016.12.08 05:27:46.669,1.12764,1.12777,1.19,1.00
2016.12.08 05:27:47.670,1.12764,1.12779,1.19,1.00
2016.12.08 05:27:47.923,1.12766,1.12778,1.19,1.00
2016.12.08 05:27:48.227,1.12766,1.12781,1.19,1.00
2016.12.08 05:27:48.557,1.12766,1.12777,1.19,1.00
2016.12.08 05:27:48.661,1.12761,1.12776,1.50,1.69
2016.12.08 05:27:48.763,1.12759,1.12776,1.19,1.69
2016.12.08 05:27:49.331,1.1276,1.12775,1.12,1.19
2016.12.08 05:27:49.871,1.12759,1.12775,1.69,1.69
2016.12.08 05:27:49.937,1.12761,1.12775,1.00,1.19
2016.12.08 05:27:49.995,1.12761,1.12778,1.25,1.25
2016.12.08 05:27:50.198,1.12762,1.1278,1.19,2.06
2016.12.08 05:27:50.641,1.12762,1.12777,1.19,1.00
2016.12.08 05:27:51.175,1.12762,1.12778,1.19,1.00
2016.12.08 05:27:51.276,1.12761,1.12777,1.12,1.69
2016.12.08 05:27:51.827,1.1276,1.12777,1.00,1.69
2016.12.08 05:27:52.810,1.12761,1.12777,1.00,1.69
2016.12.08 05:27:53.686,1.12765,1.1278,1.00,1.69
2016.12.08 05:27:53.941,1.12765,1.12784,2.81,1.69
2016.12.08 05:27:54.194,1.12765,1.12782,2.06,1.19
2016.12.08 05:27:54.499,1.12766,1.12779,1.00,1.19
2016.12.08 05:27:55.921,1.12765,1.12779,1.00,1.19
2016.12.08 05:27:58.586,1.12764,1.12779,1.87,1.19
2016.12.08 05:27:59.035,1.12763,1.12777,1.00,1.69
2016.12.08 05:27:59.187,1.12763,1.12777,1.00,1.00
2016.12.08 05:27:59.637,1.12767,1.12781,1.25,1.00
2016.12.08 05:28:00.159,1.12767,1.12782,1.25,1.00
2016.12.08 05:28:01.521,1.12767,1.12783,1.25,1.25
2016.12.08 05:28:01.822,1.1277,1.12786,1.69,1.00
2016.12.08 05:28:02.449,1.1277,1.12785,1.69,1.00
2016.12.08 05:28:03.479,1.12768,1.12781,1.31,1.00
2016.12.08 05:28:03.549,1.12766,1.1278,1.69,1.00
2016.12.08 05:28:04.241,1.12768,1.12784,1.19,1.19
2016.12.08 05:28:04.342,1.12768,1.12781,1.19,1.00
2016.12.08 05:28:04.393,1.12766,1.12781,1.31,1.00
2016.12.08 05:28:04.796,1.12771,1.12784,1.25,1.00
2016.12.08 05:28:04.978,1.12773,1.12788,1.19,1.00
2016.12.08 05:28:05.130,1.1277,1.12788,1.69,1.19
2016.12.08 05:28:05.973,1.12772,1.12788,1.00,1.19
2016.12.08 05:28:06.475,1.12772,1.12788,1.69,1.25
2016.12.08 05:28:06.863,1.12774,1.12788,1.19,1.00
2016.12.08 05:28:06.966,1.12774,1.1279,1.19,1.25
2016.12.08 05:28:07.381,1.12771,1.1279,2.81,1.19
2016.12.08 05:28:07.735,1.12775,1.12792,1.69,1.50
2016.12.08 05:28:08.191,1.12773,1.12791,1.31,1.19
2016.12.08 05:28:08.725,1.12774,1.12791,1.00,1.19
2016.12.08 05:28:09.384,1.12775,1.12791,1.00,1.19
2016.12.08 05:28:10.306,1.12777,1.12791,1.00,1.19
2016.12.08 05:28:10.413,1.12777,1.12793,2.44,1.25
2016.12.08 05:28:10.464,1.12781,1.12793,1.00,1.25
2016.12.08 05:28:10.667,1.12775,1.12791,1.19,1.12
2016.12.08 05:28:10.873,1.12772,1.1279,1.69,2.81
2016.12.08 05:28:11.261,1.12775,1.1279,1.19,2.25
2016.12.08 05:28:11.514,1.12774,1.1279,1.19,1.00
2016.12.08 05:28:11.667,1.12777,1.12789,1.00,1.00
2016.12.08 05:28:11.768,1.12774,1.12789,1.19,1.00
2016.12.08 05:28:11.819,1.12775,1.12791,1.25,2.06
2016.12.08 05:28:11.921,1.12777,1.12791,1.19,1.00
2016.12.08 05:28:12.457,1.12777,1.12792,1.19,1.25
2016.12.08 05:28:13.166,1.12788,1.12796,1.19,3.37
2016.12.08 05:28:13.217,1.12788,1.12795,1.00,1.50
2016.12.08 05:28:13.268,1.12791,1.128,1.19,1.75
2016.12.08 05:28:13.415,1.12791,1.12798,1.19,1.00
2016.12.08 05:28:13.494,1.12791,1.12806,1.00,2.06
2016.12.08 05:28:13.545,1.12786,1.12804,2.06,1.69
2016.12.08 05:28:14.224,1.12785,1.12802,1.31,1.00
2016.12.08 05:28:14.904,1.12785,1.12804,1.31,2.44
2016.12.08 05:28:15.282,1.12791,1.12804,1.00,1.69
2016.12.08 05:28:15.390,1.12786,1.12803,1.19,1.25
2016.12.08 05:28:16.078,1.12786,1.12802,1.69,1.00
2016.12.08 05:28:16.421,1.12787,1.12797,1.00,1.19
2016.12.08 05:28:16.473,1.12779,1.12797,2.06,1.19
2016.12.08 05:28:16.524,1.12778,1.12796,1.69,1.19
2016.12.08 05:28:16.575,1.12781,1.12796,1.00,1.25
2016.12.08 05:28:16.676,1.12778,1.12796,1.25,1.69
2016.12.08 05:28:17.661,1.12777,1.12794,1.25,1.19
2016.12.08 05:28:18.290,1.12779,1.12794,1.00,1.19
2016.12.08 05:28:18.341,1.12779,1.12797,1.19,1.99
2016.12.08 05:28:18.886,1.12781,1.12797,1.00,1.19
2016.12.08 05:28:19.041,1.12779,1.12792,1.00,1.19
2016.12.08 05:28:19.239,1.12777,1.12792,1.69,1.19
2016.12.08 05:28:19.341,1.12779,1.12792,1.00,1.19
2016.12.08 05:28:19.392,1.12779,1.12795,1.00,1.69
2016.12.08 05:28:19.969,1.12778,1.12796,1.25,2.06
2016.12.08 05:28:20.484,1.12778,1.12794,1.00,1.19
2016.12.08 05:28:20.788,1.12782,1.12794,1.00,1.69
2016.12.08 05:28:20.992,1.12779,1.12795,1.19,1.19
2016.12.08 05:28:21.493,1.12781,1.12794,1.00,1.19
2016.12.08 05:28:22.675,1.12782,1.12794,1.00,1.19
2016.12.08 05:28:23.300,1.12777,1.12793,1.00,1.19
2016.12.08 05:28:23.792,1.12782,1.12793,1.00,1.19
2016.12.08 05:28:24.589,1.12776,1.12793,1.50,1.19
2016.12.08 05:28:24.885,1.12782,1.12793,1.00,1.19
2016.12.08 05:28:25.284,1.12776,1.12793,1.50,1.19
2016.12.08 05:28:25.862,1.12781,1.12793,1.00,1.19
2016.12.08 05:28:26.263,1.12777,1.12793,1.50,1.69
2016.12.08 05:28:26.663,1.12781,1.12793,1.00,1.69
2016.12.08 05:28:26.890,1.12781,1.12795,1.00,2.06
2016.12.08 05:28:27.345,1.12781,1.12798,1.69,2.06
2016.12.08 05:28:27.497,1.12786,1.12798,1.00,1.19
2016.12.08 05:28:28.102,1.12783,1.12798,1.25,1.19
2016.12.08 05:28:28.398,1.12787,1.12798,1.00,1.19
2016.12.08 05:28:29.299,1.12786,1.12801,1.25,1.31
2016.12.08 05:28:29.847,1.12787,1.12801,1.00,1.69
2016.12.08 05:28:30.959,1.12786,1.128,1.25,1.25
2016.12.08 05:28:32.984,1.12787,1.12801,1.00,1.69
2016.12.08 05:28:35.427,1.12786,1.128,1.25,1.25
2016.12.08 05:28:35.478,1.12783,1.12798,1.00,1.25
2016.12.08 05:28:35.782,1.12787,1.12798,1.00,1.25
2016.12.08 05:28:36.122,1.12782,1.12798,1.00,1.25
2016.12.08 05:28:36.399,1.12786,1.12798,1.00,1.25
2016.12.08 05:28:37.192,1.12784,1.12798,1.00,1.25
2016.12.08 05:28:37.395,1.12781,1.12798,2.06,1.25
2016.12.08 05:28:37.446,1.12781,1.12794,1.12,1.00
2016.12.08 05:28:38.780,1.12782,1.12795,1.00,1.19
2016.12.08 05:28:38.881,1.1278,1.12795,1.00,1.19
2016.12.08 05:28:41.599,1.12781,1.12795,1.00,1.19
2016.12.08 05:28:42.184,1.12779,1.12795,1.00,1.69
2016.12.08 05:28:43.004,1.12781,1.12795,1.00,1.69
2016.12.08 05:28:43.727,1.12779,1.12795,1.00,1.69
2016.12.08 05:28:45.127,1.12782,1.12795,1.00,1.69
2016.12.08 05:28:45.587,1.12779,1.12795,1.00,1.69
2016.12.08 05:28:46.403,1.12781,1.12795,1.00,1.69
2016.12.08 05:28:46.731,1.12779,1.12793,1.00,1.00
2016.12.08 05:28:47.816,1.12779,1.12795,1.00,1.69
2016.12.08 05:28:48.808,1.12781,1.12795,1.00,1.69
2016.12.08 05:28:49.392,1.12779,1.12795,1.00,1.69
2016.12.08 05:28:50.814,1.12782,1.12795,1.00,1.69
2016.12.08 05:28:51.195,1.12779,1.12795,1.00,1.69
2016.12.08 05:28:52.296,1.12781,1.12795,1.00,1.69
2016.12.08 05:28:52.805,1.12775,1.12788,1.75,1.00
2016.12.08 05:28:52.915,1.12772,1.12788,1.87,1.19
2016.12.08 05:28:53.393,1.12775,1.12789,1.00,1.00
2016.12.08 05:28:53.495,1.12776,1.12792,1.00,2.44
2016.12.08 05:28:53.647,1.12779,1.12792,1.00,2.06
2016.12.08 05:28:53.748,1.12777,1.12791,1.00,1.00
2016.12.08 05:28:53.901,1.12779,1.12793,1.00,1.00
2016.12.08 05:28:54.331,1.12776,1.12792,1.50,1.00
2016.12.08 05:28:54.483,1.12774,1.12787,1.00,1.00
2016.12.08 05:28:54.685,1.12768,1.12784,1.69,1.00
2016.12.08 05:28:54.889,1.1277,1.12787,1.69,1.31
2016.12.08 05:28:55.092,1.12772,1.12788,1.25,2.25
2016.12.08 05:28:55.447,1.12772,1.12789,1.69,1.25
2016.12.08 05:28:55.498,1.12772,1.12787,1.25,1.00
2016.12.08 05:28:55.762,1.12773,1.12789,1.00,1.00
2016.12.08 05:28:56.356,1.12774,1.12789,1.00,1.00
2016.12.08 05:28:56.702,1.12772,1.12791,2.44,3.94
2016.12.08 05:28:56.904,1.12774,1.12789,1.00,1.00
2016.12.08 05:28:57.871,1.12774,1.12788,1.00,1.00
2016.12.08 05:28:58.938,1.12772,1.12786,1.25,1.00
2016.12.08 05:28:59.469,1.12771,1.12786,1.00,1.00
2016.12.08 05:28:59.990,1.12772,1.12786,1.00,1.00
2016.12.08 05:29:01.103,1.12769,1.12779,1.00,1.00
2016.12.08 05:29:01.204,1.12767,1.12783,1.50,1.37
2016.12.08 05:29:01.407,1.12767,1.12785,1.69,1.87
2016.12.08 05:29:01.913,1.12771,1.12785,1.00,1.00
2016.12.08 05:29:02.677,1.1277,1.12787,1.00,2.06
2016.12.08 05:29:02.779,1.12768,1.12785,1.50,1.00
2016.12.08 05:29:02.931,1.12772,1.12786,1.00,1.00
2016.12.08 05:29:04.671,1.12773,1.12787,1.00,1.00
2016.12.08 05:29:04.873,1.12775,1.12791,1.00,1.00
2016.12.08 05:29:05.241,1.12777,1.12793,1.00,1.69
2016.12.08 05:29:05.548,1.12782,1.12795,1.00,1.00
2016.12.08 05:29:05.650,1.12779,1.12795,2.06,1.00
2016.12.08 05:29:07.651,1.12779,1.12794,1.19,1.00
2016.12.08 05:29:08.724,1.12781,1.12796,1.00,1.00
2016.12.08 05:29:08.775,1.12784,1.12797,1.00,1.12
2016.12.08 05:29:08.827,1.12782,1.12798,1.69,1.00
2016.12.08 05:29:08.979,1.12782,1.12794,1.00,1.00
2016.12.08 05:29:09.030,1.12778,1.12794,3.19,1.00
2016.12.08 05:29:09.435,1.12777,1.12787,1.12,1.00
2016.12.08 05:29:10.160,1.12772,1.12788,1.00,1.31
2016.12.08 05:29:12.782,1.12774,1.12791,1.69,2.44
2016.12.08 05:29:13.179,1.12772,1.12787,2.06,1.00
2016.12.08 05:29:13.230,1.12771,1.12783,1.00,1.00
2016.12.08 05:29:13.281,1.12771,1.12785,1.00,1.00
2016.12.08 05:29:13.332,1.12772,1.12789,2.44,1.31
2016.12.08 05:29:13.898,1.12771,1.12788,1.25,1.25
2016.12.08 05:29:16.282,1.12773,1.1279,1.25,1.69
2016.12.08 05:29:16.586,1.12774,1.1279,1.19,1.00
2016.12.08 05:29:16.940,1.12772,1.1279,1.50,1.69
2016.12.08 05:29:16.990,1.12772,1.12787,1.00,1.00
2016.12.08 05:29:17.193,1.12771,1.12789,2.06,1.00
2016.12.08 05:29:17.244,1.12777,1.12789,1.00,1.00
2016.12.08 05:29:17.346,1.12772,1.12788,1.00,1.25
2016.12.08 05:29:17.944,1.12772,1.12787,1.00,1.00
2016.12.08 05:29:18.471,1.12771,1.12787,1.25,1.00
2016.12.08 05:29:18.699,1.12771,1.12789,1.50,1.69
2016.12.08 05:29:18.851,1.12777,1.12789,1.00,1.69
2016.12.08 05:29:20.546,1.12773,1.12789,1.69,1.00
2016.12.08 05:29:20.698,1.12774,1.12791,1.19,1.87
2016.12.08 05:29:21.147,1.12772,1.12789,1.00,1.00
2016.12.08 05:29:21.544,1.12771,1.12787,1.31,1.00
2016.12.08 05:29:22.063,1.12772,1.12787,1.00,1.69
2016.12.08 05:29:22.619,1.12772,1.12789,1.00,1.69
2016.12.08 05:29:23.217,1.12772,1.12788,1.00,1.00
2016.12.08 05:29:23.419,1.12772,1.12786,1.00,1.69
2016.12.08 05:29:23.676,1.12771,1.12788,2.44,1.69
2016.12.08 05:29:24.101,1.12772,1.12784,1.00,1.00
2016.12.08 05:29:24.159,1.12769,1.12782,1.00,1.00
2016.12.08 05:29:24.261,1.12771,1.12782,1.00,1.00
2016.12.08 05:29:24.363,1.12766,1.12782,1.25,1.00
2016.12.08 05:29:25.721,1.12766,1.12781,1.00,1.12
2016.12.08 05:29:25.772,1.12766,1.12779,1.00,1.00
2016.12.08 05:29:26.285,1.12767,1.1278,1.00,1.00
2016.12.08 05:29:27.351,1.12762,1.1278,3.19,1.00
2016.12.08 05:29:27.877,1.12767,1.1278,1.00,1.00
2016.12.08 05:29:28.282,1.12762,1.1278,2.44,1.00
2016.12.08 05:29:28.670,1.12765,1.12781,1.00,1.00
2016.12.08 05:29:28.822,1.12767,1.12785,1.00,2.44
2016.12.08 05:29:28.873,1.12767,1.12782,1.00,1.00
2016.12.08 05:29:29.405,1.12767,1.12782,1.00,1.37
2016.12.08 05:29:31.519,1.12767,1.1278,1.00,1.00
2016.12.08 05:29:33.989,1.12766,1.1278,1.50,1.00
2016.12.08 05:29:34.430,1.12768,1.12784,1.00,3.00
2016.12.08 05:29:34.582,1.12766,1.1278,1.00,1.00
2016.12.08 05:29:35.286,1.12764,1.1278,1.25,1.00
2016.12.08 05:29:35.590,1.12766,1.1278,1.00,1.00
2016.12.08 05:29:38.370,1.12764,1.1278,1.25,1.00
2016.12.08 05:29:39.565,1.12766,1.1278,1.00,1.00
2016.12.08 05:29:39.965,1.12764,1.1278,1.25,1.00
2016.12.08 05:29:40.701,1.12767,1.1278,1.00,1.00
2016.12.08 05:29:41.034,1.12766,1.12777,1.00,1.00
2016.12.08 05:29:41.085,1.12762,1.12777,1.00,1.50
2016.12.08 05:29:41.584,1.12764,1.12778,1.00,1.12
2016.12.08 05:29:41.899,1.12765,1.1278,1.69,1.00
2016.12.08 05:29:42.202,1.12762,1.12779,2.06,1.25
2016.12.08 05:29:42.253,1.12762,1.12776,2.06,1.00
2016.12.08 05:29:42.906,1.12764,1.12778,1.00,1.00
2016.12.08 05:29:43.058,1.12762,1.12777,1.25,1.00
2016.12.08 05:29:43.109,1.12762,1.12772,1.00,1.00
2016.12.08 05:29:43.621,1.12761,1.12772,1.00,1.00
2016.12.08 05:29:44.213,1.12759,1.12772,1.25,1.00
2016.12.08 05:29:44.676,1.12762,1.12772,1.00,1.00
2016.12.08 05:29:45.902,1.12762,1.12773,1.00,1.00
2016.12.08 05:29:46.495,1.12762,1.12772,1.00,1.00
2016.12.08 05:29:46.597,1.12752,1.12767,1.50,1.00
2016.12.08 05:29:46.648,1.12754,1.1277,1.00,1.69
2016.12.08 05:29:46.699,1.12752,1.1277,2.25,3.19
2016.12.08 05:29:46.751,1.12754,1.1277,1.00,2.81
2016.12.08 05:29:47.055,1.12756,1.1277,1.00,1.37
2016.12.08 05:29:47.319,1.12756,1.12772,2.44,1.12
2016.12.08 05:29:47.565,1.12758,1.12775,1.00,1.62
2016.12.08 05:29:47.869,1.12761,1.12776,1.00,2.62
2016.12.08 05:29:48.373,1.12762,1.12776,1.00,2.62
2016.12.08 05:29:49.155,1.12762,1.12777,1.00,3.19
2016.12.08 05:29:49.459,1.12762,1.12775,1.00,1.00
2016.12.08 05:29:49.510,1.12763,1.12777,1.00,1.00
2016.12.08 05:29:49.561,1.12766,1.12777,1.25,1.00
2016.12.08 05:29:49.612,1.12765,1.12779,1.00,1.00
2016.12.08 05:29:49.663,1.12767,1.12779,1.19,1.00
2016.12.08 05:29:49.815,1.12772,1.12786,1.19,1.00
2016.12.08 05:29:50.249,1.1277,1.12787,1.25,1.00
2016.12.08 05:29:50.655,1.12771,1.12789,1.50,2.44
2016.12.08 05:29:50.715,1.12771,1.12787,1.00,1.00
2016.12.08 05:29:51.265,1.12772,1.12787,1.00,1.00
2016.12.08 05:29:52.038,1.12772,1.12788,1.00,1.00
2016.12.08 05:29:52.394,1.12768,1.12785,2.06,1.25
2016.12.08 05:29:53.026,1.12768,1.12785,1.25,1.25
2016.12.08 05:29:54.330,1.1277,1.12785,1.00,1.25
2016.12.08 05:29:55.075,1.1277,1.12786,1.00,1.00
2016.12.08 05:29:57.840,1.12771,1.12786,1.00,1.00
2016.12.08 05:29:59.107,1.12772,1.12786,1.00,1.00
2016.12.08 05:29:59.620,1.12771,1.12786,1.00,1.00
2016.12.08 05:30:00.149,1.12771,1.12787,1.50,1.25
2016.12.08 05:30:00.556,1.12771,1.12785,1.50,1.69
2016.12.08 05:30:00.873,1.12762,1.12774,1.00,1.50
2016.12.08 05:30:00.925,1.12758,1.12774,2.44,1.00
2016.12.08 05:30:01.178,1.12761,1.12776,1.00,1.19
2016.12.08 05:30:01.232,1.12761,1.12777,1.00,1.00
2016.12.08 05:30:01.773,1.12762,1.12778,1.00,1.00
2016.12.08 05:30:02.027,1.12762,1.12773,1.00,1.00
2016.12.08 05:30:02.129,1.12756,1.12774,1.00,1.69
2016.12.08 05:30:02.373,1.12758,1.12775,1.69,1.69
2016.12.08 05:30:03.082,1.12758,1.12775,1.00,1.19
2016.12.08 05:30:03.449,1.12761,1.12775,1.00,1.19
2016.12.08 05:30:03.802,1.12758,1.12775,1.00,1.19
2016.12.08 05:30:04.151,1.12762,1.12775,1.00,1.19
2016.12.08 05:30:04.202,1.12758,1.12775,1.00,1.19
2016.12.08 05:30:05.017,1.12757,1.12773,1.50,1.00
2016.12.08 05:30:05.603,1.12757,1.12773,1.00,1.69
2016.12.08 05:30:06.117,1.12761,1.12773,1.00,1.69
2016.12.08 05:30:06.319,1.12757,1.12773,1.50,1.69
2016.12.08 05:30:06.805,1.12761,1.12773,1.00,1.69
2016.12.08 05:30:06.907,1.12756,1.12771,1.00,1.00
2016.12.08 05:30:07.550,1.12756,1.12769,1.00,1.25
2016.12.08 05:30:08.251,1.12757,1.12769,1.00,1.25
2016.12.08 05:30:08.405,1.12757,1.12771,1.00,1.25
2016.12.08 05:30:08.961,1.12756,1.12772,1.00,1.19
2016.12.08 05:30:10.829,1.12756,1.1277,1.50,1.00
2016.12.08 05:30:11.353,1.12757,1.12771,1.00,1.25
2016.12.08 05:30:12.285,1.12757,1.1277,1.00,1.25
2016.12.08 05:30:12.797,1.12756,1.1277,1.00,1.25
2016.12.08 05:30:13.312,1.12757,1.1277,1.00,1.25
2016.12.08 05:30:15.065,1.12756,1.1277,1.50,1.69
2016.12.08 05:30:18.452,1.12755,1.1277,1.00,1.25
2016.12.08 05:30:18.981,1.12755,1.12769,1.00,1.00
2016.12.08 05:30:20.334,1.12756,1.12769,1.00,1.00
2016.12.08 05:30:22.642,1.12755,1.12769,1.00,1.00
2016.12.08 05:30:24.164,1.12753,1.12767,1.69,1.00
2016.12.08 05:30:24.508,1.1275,1.12764,1.00,1.25
2016.12.08 05:30:26.669,1.1275,1.12766,1.00,1.00
2016.12.08 05:30:29.402,1.12753,1.12767,1.00,1.25
2016.12.08 05:30:29.918,1.12752,1.12766,1.00,1.00
2016.12.08 05:30:30.545,1.1275,1.12766,1.00,1.00
2016.12.08 05:30:30.646,1.12754,1.12768,1.00,1.69
2016.12.08 05:30:31.239,1.12754,1.12768,1.00,1.00
2016.12.08 05:30:31.805,1.12754,1.1277,1.00,1.69
2016.12.08 05:30:33.715,1.12753,1.1277,1.00,1.69
2016.12.08 05:30:34.019,1.12748,1.12764,1.00,1.69
2016.12.08 05:30:34.339,1.12751,1.12764,1.00,1.69
2016.12.08 05:30:35.224,1.12751,1.1276,1.00,1.00
2016.12.08 05:30:35.275,1.12748,1.12762,1.00,1.25
2016.12.08 05:30:35.377,1.12746,1.12761,1.25,1.00
2016.12.08 05:30:35.479,1.12744,1.12759,1.00,1.00
2016.12.08 05:30:35.834,1.12742,1.12757,1.00,1.00
2016.12.08 05:30:35.885,1.12743,1.12759,1.00,1.00
2016.12.08 05:30:36.292,1.12745,1.12761,1.00,1.00
2016.12.08 05:30:36.596,1.12745,1.12759,1.00,1.00
2016.12.08 05:30:37.562,1.12744,1.1276,2.44,1.00
2016.12.08 05:30:38.170,1.12746,1.12762,1.00,1.69
2016.12.08 05:30:38.326,1.12748,1.12764,1.00,3.19
2016.12.08 05:30:39.016,1.12752,1.12765,1.00,1.12
2016.12.08 05:30:39.219,1.12752,1.12768,1.00,1.37
2016.12.08 05:30:39.786,1.12752,1.12768,1.00,1.00
2016.12.08 05:30:40.501,1.12752,1.12767,1.00,1.00
2016.12.08 05:30:41.239,1.12752,1.12768,1.00,1.00
2016.12.08 05:30:41.847,1.12753,1.12769,1.00,1.69
2016.12.08 05:30:47.506,1.12756,1.12771,1.00,1.00
2016.12.08 05:30:48.066,1.12756,1.1277,1.00,1.25
2016.12.08 05:30:49.145,1.12757,1.1277,1.00,1.25
2016.12.08 05:30:50.648,1.12757,1.12773,1.00,2.06
2016.12.08 05:30:51.973,1.12757,1.12773,1.19,1.00
2016.12.08 05:30:52.520,1.12758,1.12773,1.19,1.00
2016.12.08 05:30:52.571,1.12757,1.12773,1.00,1.69
2016.12.08 05:30:53.120,1.12757,1.12773,1.00,1.69
2016.12.08 05:30:53.170,1.12758,1.12773,1.19,1.00
2016.12.08 05:30:53.368,1.12757,1.12773,1.00,1.00
2016.12.08 05:30:53.769,1.12759,1.12773,1.00,1.00
2016.12.08 05:30:56.227,1.12761,1.12776,1.00,1.00
2016.12.08 05:30:57.265,1.12761,1.12775,1.00,1.00
2016.12.08 05:30:58.254,1.12761,1.12775,1.69,1.00
2016.12.08 05:31:00.608,1.12761,1.12775,1.00,1.00
2016.12.08 05:31:00.672,1.12756,1.1277,1.12,1.00
2016.12.08 05:31:00.774,1.12754,1.1277,1.00,1.69
2016.12.08 05:31:01.654,1.12754,1.12768,1.00,1.00
2016.12.08 05:31:02.322,1.12755,1.12769,1.00,1.00
2016.12.08 05:31:03.625,1.12756,1.12772,1.00,1.50
2016.12.08 05:31:04.197,1.12756,1.12771,1.00,1.25
2016.12.08 05:31:04.714,1.12756,1.1277,1.00,1.00
2016.12.08 05:31:08.583,1.12757,1.1277,1.00,1.00
2016.12.08 05:31:10.385,1.12756,1.1277,1.00,1.00
2016.12.08 05:31:13.376,1.12755,1.12769,1.00,1.00
2016.12.08 05:31:15.337,1.12756,1.1277,1.00,1.00
2016.12.08 05:31:18.283,1.12755,1.12769,1.00,1.00
2016.12.08 05:31:18.824,1.12756,1.12769,1.00,1.00
2016.12.08 05:31:19.049,1.12756,1.12767,1.00,1.00
2016.12.08 05:31:19.100,1.12752,1.12767,1.25,1.00
2016.12.08 05:31:19.634,1.12752,1.12768,1.69,1.00
2016.12.08 05:31:20.123,1.12754,1.1277,1.00,1.12
2016.12.08 05:31:20.427,1.12753,1.12768,1.25,1.00
2016.12.08 05:31:20.737,1.12755,1.1277,1.00,1.69
2016.12.08 05:31:21.484,1.12754,1.1277,1.69,1.00
2016.12.08 05:31:23.380,1.12754,1.12772,1.31,1.69
2016.12.08 05:31:23.440,1.12756,1.1277,1.00,1.00
2016.12.08 05:31:24.370,1.12758,1.12772,1.00,1.69
2016.12.08 05:31:26.384,1.12755,1.12771,1.50,1.25
2016.12.08 05:31:26.435,1.12755,1.12769,1.00,1.00
2016.12.08 05:31:27.336,1.12753,1.12769,1.12,1.00
2016.12.08 05:31:29.372,1.12755,1.12769,1.00,1.00
2016.12.08 05:31:30.581,1.12757,1.12771,1.00,1.00
2016.12.08 05:31:35.217,1.12755,1.12771,1.00,1.00
2016.12.08 05:31:41.073,1.12757,1.12771,1.00,1.00
2016.12.08 05:31:41.611,1.12756,1.1277,1.00,1.00
2016.12.08 05:31:42.149,1.12757,1.12771,1.00,1.00
2016.12.08 05:31:44.196,1.12758,1.12772,1.00,1.00
2016.12.08 05:31:44.596,1.12758,1.12774,1.00,1.00
2016.12.08 05:31:55.712,1.12759,1.12775,1.00,1.69
2016.12.08 05:31:55.763,1.12761,1.12777,1.00,1.00
2016.12.08 05:31:56.067,1.12763,1.12777,1.00,1.00
2016.12.08 05:31:56.503,1.12761,1.12777,1.00,1.00
2016.12.08 05:31:57.486,1.12763,1.12777,1.00,1.00
2016.12.08 05:31:58.021,1.12762,1.12776,1.69,1.00
2016.12.08 05:32:02.706,1.1276,1.12776,1.87,1.00
2016.12.08 05:32:04.283,1.1276,1.12775,2.62,1.00
2016.12.08 05:32:05.191,1.1276,1.12774,1.12,1.00
2016.12.08 05:32:05.465,1.1276,1.12776,1.12,1.00
2016.12.08 05:32:05.770,1.12763,1.12778,1.00,1.00
2016.12.08 05:32:07.147,1.12763,1.12779,1.00,1.00
2016.12.08 05:32:08.785,1.12762,1.12779,1.00,1.00
2016.12.08 05:32:09.091,1.12755,1.12771,1.12,1.00
2016.12.08 05:32:09.443,1.12753,1.12769,1.12,1.69
2016.12.08 05:32:10.377,1.12753,1.12767,1.00,1.00
2016.12.08 05:32:11.320,1.12757,1.12767,1.00,1.00
2016.12.08 05:32:12.408,1.12753,1.12767,1.00,1.00
2016.12.08 05:32:12.821,1.12757,1.12767,1.00,1.00
2016.12.08 05:32:17.825,1.12753,1.12767,1.00,1.00
2016.12.08 05:32:18.027,1.12756,1.12767,1.00,1.00
2016.12.08 05:32:18.533,1.12753,1.12767,1.00,1.00
2016.12.08 05:32:18.826,1.12757,1.12767,1.00,1.00
2016.12.08 05:32:19.331,1.12753,1.12767,1.00,1.00
2016.12.08 05:32:19.567,1.12756,1.12767,1.00,1.00
2016.12.08 05:32:20.355,1.12753,1.12767,1.00,1.00
2016.12.08 05:32:21.362,1.12757,1.12767,1.00,1.00
2016.12.08 05:32:21.629,1.12753,1.12767,1.00,1.00
2016.12.08 05:32:21.969,1.12756,1.12767,1.00,1.00
2016.12.08 05:32:23.532,1.12753,1.12767,1.00,1.00
2016.12.08 05:32:23.872,1.12756,1.12767,1.00,1.00
2016.12.08 05:32:24.032,1.12753,1.12767,1.00,1.00
2016.12.08 05:32:24.133,1.12756,1.12767,1.00,1.00
2016.12.08 05:32:24.733,1.12753,1.12767,1.00,1.00
2016.12.08 05:32:29.841,1.12753,1.12769,1.00,1.00
2016.12.08 05:32:29.959,1.12753,1.12767,1.00,1.00
2016.12.08 05:32:31.034,1.12753,1.12769,1.00,1.00
2016.12.08 05:32:32.246,1.12756,1.12769,1.00,1.00
2016.12.08 05:32:32.493,1.12753,1.12769,1.00,1.00
2016.12.08 05:32:34.442,1.12753,1.12767,1.00,1.69
2016.12.08 05:32:35.157,1.12752,1.12766,1.00,1.00
2016.12.08 05:32:35.846,1.12754,1.12769,1.00,1.25
2016.12.08 05:32:35.897,1.12756,1.12769,1.00,1.00
2016.12.08 05:32:36.427,1.12756,1.1277,1.00,1.00
2016.12.08 05:32:36.758,1.12754,1.1277,1.00,1.00
2016.12.08 05:32:36.809,1.12756,1.1277,1.00,1.00
2016.12.08 05:32:37.267,1.12754,1.1277,1.00,1.69
2016.12.08 05:32:37.534,1.12754,1.12768,1.00,1.00
2016.12.08 05:32:38.808,1.12757,1.12772,1.69,1.00
2016.12.08 05:32:38.947,1.12759,1.12775,1.69,1.37
2016.12.08 05:32:39.100,1.12759,1.12774,1.00,1.25
2016.12.08 05:32:39.759,1.12759,1.12775,1.00,1.12
2016.12.08 05:32:40.306,1.1276,1.12776,1.00,1.69
2016.12.08 05:32:40.454,1.1276,1.12774,1.00,1.00
2016.12.08 05:32:41.112,1.12758,1.12775,1.69,1.00
2016.12.08 05:32:42.153,1.12758,1.12774,1.69,1.00
2016.12.08 05:32:44.157,1.12758,1.12775,1.69,1.00
2016.12.08 05:32:44.324,1.1276,1.12774,1.00,1.00
2016.12.08 05:32:46.335,1.12758,1.12775,1.69,1.00
2016.12.08 05:32:46.872,1.1276,1.12774,1.00,1.00
2016.12.08 05:32:47.684,1.12758,1.12769,1.00,1.00
2016.12.08 05:32:47.785,1.12756,1.12769,1.12,1.00
2016.12.08 05:32:47.887,1.12757,1.12771,1.00,1.00
2016.12.08 05:32:48.735,1.12757,1.12768,1.00,1.25
2016.12.08 05:32:51.688,1.12757,1.12772,1.00,1.69
2016.12.08 05:32:51.739,1.12757,1.1277,1.00,1.00
2016.12.08 05:32:52.471,1.12757,1.12771,1.00,1.00
2016.12.08 05:32:53.000,1.12758,1.12774,1.00,2.06
2016.12.08 05:32:53.551,1.12758,1.12774,1.69,1.12
2016.12.08 05:32:57.215,1.12759,1.12773,1.25,1.00
2016.12.08 05:32:57.725,1.12759,1.12775,1.25,2.06
2016.12.08 05:32:58.233,1.12759,1.12773,1.25,1.00
2016.12.08 05:32:59.224,1.12759,1.12774,1.25,1.12
2016.12.08 05:33:03.444,1.12757,1.12772,1.00,1.00
2016.12.08 05:33:03.966,1.12755,1.12772,1.69,1.00
2016.12.08 05:33:05.416,1.12759,1.12774,1.00,1.12
2016.12.08 05:33:05.949,1.12758,1.12773,1.25,1.00
2016.12.08 05:33:07.124,1.12758,1.12772,1.25,1.00
2016.12.08 05:33:11.099,1.12756,1.12773,1.69,1.00
2016.12.08 05:33:12.100,1.12756,1.12772,1.69,1.00
2016.12.08 05:33:15.517,1.12759,1.12774,1.00,1.00
2016.12.08 05:33:16.773,1.12759,1.12773,1.00,1.00
2016.12.08 05:33:17.604,1.12765,1.12776,1.00,1.12
2016.12.08 05:33:17.756,1.12768,1.12784,1.25,2.06
2016.12.08 05:33:17.834,1.12768,1.12784,1.69,1.00
2016.12.08 05:33:18.160,1.12775,1.12786,1.25,1.50
2016.12.08 05:33:18.262,1.12775,1.12789,1.00,1.50
2016.12.08 05:33:18.466,1.12773,1.12786,1.25,1.00
2016.12.08 05:33:18.669,1.1277,1.12784,1.00,1.69
2016.12.08 05:33:19.800,1.12773,1.12786,1.00,1.00
2016.12.08 05:33:20.125,1.12774,1.1279,1.00,1.69
2016.12.08 05:33:21.771,1.12776,1.1279,1.00,1.69
2016.12.08 05:33:23.037,1.12775,1.12789,1.00,1.00
2016.12.08 05:33:24.946,1.12776,1.1279,1.00,1.69
2016.12.08 05:33:27.258,1.12775,1.1279,1.00,1.69
2016.12.08 05:33:27.456,1.12772,1.12788,1.12,1.00
2016.12.08 05:33:27.981,1.12772,1.12789,1.00,1.00
2016.12.08 05:33:28.497,1.12772,1.12788,1.00,1.00
2016.12.08 05:33:29.626,1.12773,1.12788,1.00,1.00
2016.12.08 05:33:30.358,1.1278,1.1279,1.00,1.00
2016.12.08 05:33:30.411,1.12775,1.1279,1.69,1.00
2016.12.08 05:33:30.921,1.12775,1.12791,1.00,1.25
2016.12.08 05:33:31.346,1.12777,1.12792,1.00,1.19
2016.12.08 05:33:32.363,1.12776,1.12792,1.00,1.19
2016.12.08 05:33:34.437,1.12773,1.12789,2.44,1.25
2016.12.08 05:33:34.952,1.12772,1.12788,1.69,1.00
2016.12.08 05:33:35.405,1.12772,1.12786,1.69,1.00
2016.12.08 05:33:37.364,1.12773,1.12787,1.19,1.00
2016.12.08 05:33:39.649,1.12773,1.12789,1.19,1.31
2016.12.08 05:33:39.902,1.12776,1.12791,1.00,1.75
2016.12.08 05:33:40.105,1.12779,1.12793,1.00,1.00
2016.12.08 05:33:40.207,1.12779,1.12795,2.44,1.00
2016.12.08 05:33:40.462,1.12777,1.12794,2.06,1.19
2016.12.08 05:33:40.968,1.12779,1.12796,1.69,1.69
2016.12.08 05:33:41.515,1.12781,1.12795,1.00,1.00
2016.12.08 05:33:42.069,1.1278,1.12795,1.25,1.00
2016.12.08 05:33:42.306,1.1279,1.12797,1.19,1.00
2016.12.08 05:33:42.408,1.12792,1.12799,1.00,1.00
2016.12.08 05:33:42.459,1.12795,1.128,1.00,1.00
2016.12.08 05:33:42.541,1.12796,1.12813,1.00,2.44
2016.12.08 05:33:43.418,1.12797,1.12811,1.00,1.25
2016.12.08 05:33:43.469,1.12794,1.12811,1.19,1.69
2016.12.08 05:33:43.703,1.12797,1.12811,1.00,1.69
2016.12.08 05:33:43.861,1.12794,1.12811,1.69,1.25
2016.12.08 05:33:45.562,1.12795,1.12808,1.00,1.19
2016.12.08 05:33:45.726,1.12792,1.12808,1.25,1.25
2016.12.08 05:33:45.818,1.12791,1.12806,1.19,1.00
2016.12.08 05:33:45.869,1.12791,1.12808,1.19,1.25
2016.12.08 05:33:45.921,1.12794,1.12808,1.19,1.00
2016.12.08 05:33:46.090,1.12794,1.12812,1.19,2.06
2016.12.08 05:33:46.191,1.1279,1.12809,2.44,1.19
2016.12.08 05:33:46.496,1.1279,1.12807,1.69,1.69
2016.12.08 05:33:46.856,1.12791,1.12808,1.19,1.31
2016.12.08 05:33:48.310,1.12788,1.12806,1.56,1.25
2016.12.08 05:33:49.490,1.12791,1.12807,1.19,1.31
2016.12.08 05:33:49.692,1.12792,1.1281,1.19,1.69
2016.12.08 05:33:49.794,1.12795,1.12812,1.19,2.81
2016.12.08 05:33:52.618,1.12797,1.12812,1.00,1.19
2016.12.08 05:33:53.983,1.12795,1.1281,1.31,1.25
2016.12.08 05:33:56.716,1.12794,1.1281,1.00,1.19
2016.12.08 05:33:56.768,1.12798,1.12814,1.00,3.19
2016.12.08 05:33:56.920,1.12798,1.12816,1.69,3.56
2016.12.08 05:33:56.972,1.12795,1.12814,1.25,1.19
2016.12.08 05:33:57.174,1.12796,1.12815,1.19,1.31
2016.12.08 05:33:57.478,1.12798,1.12816,1.69,2.44
2016.12.08 05:33:57.781,1.12795,1.12813,1.69,1.19
2016.12.08 05:34:01.372,1.12797,1.12813,1.00,1.19
2016.12.08 05:34:02.020,1.12797,1.12815,1.25,1.31
2016.12.08 05:34:04.398,1.12797,1.12811,1.25,1.00
2016.12.08 05:34:05.254,1.12795,1.12811,2.06,1.19
2016.12.08 05:34:06.724,1.12792,1.12806,1.31,1.25
2016.12.08 05:34:07.259,1.12791,1.12805,1.69,1.00
2016.12.08 05:34:16.969,1.12791,1.12806,1.19,1.25
2016.12.08 05:34:18.395,1.12791,1.12804,1.19,1.00
2016.12.08 05:34:18.446,1.1279,1.12804,1.00,1.25
2016.12.08 05:34:18.547,1.12787,1.12803,1.69,1.00
2016.12.08 05:34:18.599,1.12786,1.128,1.00,1.00
2016.12.08 05:34:19.245,1.12786,1.128,1.69,1.00
2016.12.08 05:34:19.751,1.12788,1.12802,1.00,1.37
2016.12.08 05:34:21.278,1.1279,1.12804,1.00,2.00
2016.12.08 05:34:21.329,1.1279,1.12804,1.00,1.69
2016.12.08 05:34:21.834,1.1279,1.12806,1.00,2.44
2016.12.08 05:34:22.239,1.12788,1.12799,1.19,1.00
2016.12.08 05:34:22.290,1.12786,1.12798,1.00,1.19
2016.12.08 05:34:22.341,1.12782,1.12798,1.69,1.69
2016.12.08 05:34:23.126,1.12784,1.12798,1.00,1.19
2016.12.08 05:34:23.593,1.12782,1.12796,1.25,1.00
2016.12.08 05:34:23.695,1.12779,1.12793,1.69,1.00
2016.12.08 05:34:27.291,1.12779,1.12793,1.00,1.00
2016.12.08 05:34:29.203,1.12775,1.12791,1.69,1.50
2016.12.08 05:34:29.254,1.12774,1.12788,1.69,1.00
2016.12.08 05:34:29.559,1.12772,1.12786,1.25,1.00
2016.12.08 05:34:33.170,1.12773,1.12787,1.00,1.25
2016.12.08 05:34:33.808,1.12774,1.12788,1.00,1.00
2016.12.08 05:34:40.705,1.12775,1.12791,1.25,1.50
2016.12.08 05:34:40.756,1.12779,1.12792,1.00,1.69
2016.12.08 05:34:41.008,1.12785,1.12799,1.00,1.25
2016.12.08 05:34:42.002,1.12783,1.12799,1.00,1.25
2016.12.08 05:34:48.605,1.12784,1.128,1.00,1.31
2016.12.08 05:34:48.657,1.12786,1.128,1.00,1.31
2016.12.08 05:34:49.180,1.12785,1.128,1.00,1.19
2016.12.08 05:34:49.231,1.12785,1.12801,1.25,1.19
2016.12.08 05:34:49.585,1.12786,1.12801,1.19,1.00
2016.12.08 05:34:50.202,1.12786,1.12802,1.69,1.00
2016.12.08 05:34:50.801,1.12786,1.12802,1.00,1.25
2016.12.08 05:34:53.884,1.12783,1.12799,2.44,1.25
2016.12.08 05:34:54.808,1.12783,1.12797,1.69,1.00
2016.12.08 05:34:55.825,1.12783,1.12799,1.69,1.25
2016.12.08 05:34:56.973,1.12783,1.12799,1.00,1.19
2016.12.08 05:34:57.756,1.12782,1.12798,1.00,1.25
2016.12.08 05:34:58.210,1.12784,1.12798,1.00,1.25
2016.12.08 05:34:58.792,1.12782,1.12798,1.00,1.25
2016.12.08 05:35:00.672,1.12782,1.12796,1.00,1.00
2016.12.08 05:35:01.187,1.12783,1.12799,1.00,1.19
2016.12.08 05:35:01.736,1.12783,1.12797,1.25,1.00
2016.12.08 05:35:08.423,1.12781,1.12797,1.25,1.25
2016.12.08 05:35:08.474,1.12781,1.12795,1.25,1.00
2016.12.08 05:35:11.191,1.12782,1.12798,1.00,1.69
2016.12.08 05:35:11.692,1.12781,1.12797,1.69,1.00
2016.12.08 05:35:18.929,1.1278,1.12796,1.69,1.25
2016.12.08 05:35:20.590,1.12782,1.12796,1.69,1.00
2016.12.08 05:35:21.249,1.12782,1.12796,1.25,1.25
2016.12.08 05:35:21.800,1.12781,1.12795,1.19,1.00
2016.12.08 05:35:22.307,1.12781,1.12797,1.19,1.69
2016.12.08 05:35:23.107,1.12781,1.12795,1.19,1.00
2016.12.08 05:35:25.541,1.12781,1.12795,1.00,1.25
2016.12.08 05:35:26.077,1.12781,1.12795,1.00,1.19
2016.12.08 05:35:26.243,1.12779,1.12793,1.00,1.69
2016.12.08 05:35:26.395,1.12777,1.12791,1.00,1.19
2016.12.08 05:35:26.598,1.12777,1.1279,1.00,1.19
2016.12.08 05:35:26.751,1.12775,1.12789,1.00,1.19
2016.12.08 05:35:30.279,1.12775,1.12789,1.25,1.00
2016.12.08 05:35:30.944,1.12775,1.12789,1.00,1.19
2016.12.08 05:35:37.569,1.12775,1.12789,1.25,1.00
2016.12.08 05:35:38.139,1.12775,1.12791,1.25,1.19
2016.12.08 05:35:38.811,1.12776,1.12792,1.00,1.69
2016.12.08 05:35:40.104,1.12779,1.12793,1.00,1.31
2016.12.08 05:35:40.357,1.12779,1.12795,1.69,1.19
2016.12.08 05:35:41.123,1.12781,1.12795,1.00,1.19
2016.12.08 05:35:42.719,1.12782,1.12796,1.00,1.69
2016.12.08 05:35:48.514,1.12782,1.12796,1.00,1.25
2016.12.08 05:35:53.598,1.12781,1.12799,1.69,1.69
2016.12.08 05:35:53.649,1.12784,1.12799,1.69,1.00
2016.12.08 05:35:53.956,1.12789,1.12803,1.12,1.37
2016.12.08 05:35:54.007,1.12789,1.12803,1.00,1.00
2016.12.08 05:35:54.510,1.12789,1.12801,1.00,1.25
2016.12.08 05:35:54.612,1.12786,1.12801,1.00,1.25
2016.12.08 05:35:55.278,1.12785,1.12801,1.00,1.69
2016.12.08 05:35:55.962,1.12787,1.12801,1.00,1.69
2016.12.08 05:35:56.520,1.12787,1.12803,1.69,1.12
2016.12.08 05:35:56.773,1.12786,1.12802,1.69,1.00
2016.12.08 05:35:57.534,1.12787,1.12803,1.00,1.12
2016.12.08 05:35:58.049,1.12788,1.12804,1.00,1.00
2016.12.08 05:35:58.575,1.12789,1.12805,1.00,3.19
2016.12.08 05:35:58.872,1.12789,1.12803,1.00,1.00
2016.12.08 05:36:01.197,1.12792,1.12806,1.00,2.25
2016.12.08 05:36:01.601,1.12791,1.12808,1.69,1.25
2016.12.08 05:36:01.652,1.12794,1.12808,1.00,1.25
2016.12.08 05:36:02.163,1.12793,1.12807,1.00,1.00
2016.12.08 05:36:02.962,1.12793,1.12809,1.00,2.06
2016.12.08 05:36:03.215,1.12795,1.12811,1.00,1.12
2016.12.08 05:36:03.486,1.12797,1.12811,1.00,1.00
2016.12.08 05:36:04.008,1.12798,1.12813,1.00,1.69
2016.12.08 05:36:04.521,1.12797,1.12813,1.00,1.69
2016.12.08 05:36:07.568,1.128,1.12816,1.00,1.37
2016.12.08 05:36:07.720,1.12801,1.12818,1.00,1.50
2016.12.08 05:36:08.059,1.12804,1.1282,1.00,1.00
2016.12.08 05:36:08.363,1.12807,1.12821,1.87,1.00
2016.12.08 05:36:08.588,1.12808,1.12823,1.12,1.00
2016.12.08 05:36:09.069,1.1281,1.12827,1.50,2.44
2016.12.08 05:36:09.120,1.12813,1.12827,1.50,1.69
2016.12.08 05:36:09.323,1.12816,1.12832,1.50,1.25
2016.12.08 05:36:09.374,1.12819,1.12833,1.00,1.00
2016.12.08 05:36:09.526,1.12819,1.12837,1.50,1.69
2016.12.08 05:36:09.679,1.12825,1.12839,1.00,1.00
2016.12.08 05:36:09.901,1.12826,1.12844,1.69,1.25
2016.12.08 05:36:09.956,1.12829,1.12845,1.25,1.50
2016.12.08 05:36:10.007,1.12829,1.12845,1.25,1.00
2016.12.08 05:36:10.108,1.12839,1.12846,1.00,1.50
2016.12.08 05:36:10.412,1.1284,1.12846,1.00,1.00
2016.12.08 05:36:10.564,1.12845,1.1285,1.00,1.00
2016.12.08 05:36:10.666,1.12846,1.12853,1.00,2.06
2016.12.08 05:36:11.200,1.12845,1.12854,1.00,1.69
2016.12.08 05:36:11.461,1.12847,1.12854,1.00,1.00
2016.12.08 05:36:11.562,1.12846,1.12856,1.00,1.69
2016.12.08 05:36:11.664,1.12844,1.12857,1.00,1.25
2016.12.08 05:36:12.019,1.12842,1.12858,1.00,1.69
2016.12.08 05:36:12.424,1.1284,1.12856,1.69,1.00
2016.12.08 05:36:12.847,1.12838,1.12855,1.69,1.25
2016.12.08 05:36:12.898,1.12839,1.12857,1.19,1.69
2016.12.08 05:36:13.201,1.12838,1.12857,1.69,1.69
2016.12.08 05:36:13.405,1.1284,1.12857,1.00,1.25
2016.12.08 05:36:13.729,1.12839,1.12854,1.00,1.25
2016.12.08 05:36:13.780,1.12837,1.12854,1.50,1.25
2016.12.08 05:36:13.882,1.12837,1.12847,1.00,1.25
2016.12.08 05:36:13.933,1.12833,1.12846,1.00,1.25
2016.12.08 05:36:14.034,1.12826,1.12842,1.35,1.25
2016.12.08 05:36:14.136,1.12825,1.12842,1.00,1.25
2016.12.08 05:36:14.238,1.12822,1.12839,1.00,1.69
2016.12.08 05:36:14.543,1.12821,1.12837,1.00,1.25
2016.12.08 05:36:14.996,1.12821,1.12839,1.69,1.00
2016.12.08 05:36:15.047,1.12826,1.12843,1.00,2.06
2016.12.08 05:36:15.199,1.12826,1.12846,1.69,2.06
2016.12.08 05:36:15.250,1.12828,1.12845,1.19,1.00
2016.12.08 05:36:15.301,1.12827,1.12845,1.00,2.06
2016.12.08 05:36:15.563,1.12829,1.12847,1.00,2.06
2016.12.08 05:36:15.614,1.12831,1.12847,1.00,1.31
2016.12.08 05:36:15.948,1.12834,1.1285,1.00,1.25
2016.12.08 05:36:16.049,1.12834,1.12852,1.69,1.69
2016.12.08 05:36:17.025,1.12836,1.12854,1.25,1.50
2016.12.08 05:36:17.407,1.12833,1.12851,2.06,1.19
2016.12.08 05:36:17.660,1.1283,1.12848,1.69,1.00
2016.12.08 05:36:18.166,1.12828,1.12845,2.06,1.25
2016.12.08 05:36:18.470,1.12837,1.12853,1.25,2.25
2016.12.08 05:36:18.976,1.12836,1.12853,1.25,1.69
2016.12.08 05:36:19.424,1.12832,1.12849,1.25,1.69
2016.12.08 05:36:19.879,1.1283,1.12848,1.00,1.25
2016.12.08 05:36:21.105,1.1283,1.12845,1.00,1.25
2016.12.08 05:36:21.410,1.12835,1.12853,1.69,2.00
2016.12.08 05:36:21.764,1.12842,1.12857,1.00,1.87
2016.12.08 05:36:21.916,1.12843,1.12858,1.00,1.31
2016.12.08 05:36:21.967,1.12843,1.12861,1.25,1.50
2016.12.08 05:36:22.018,1.12842,1.12856,1.19,2.10
2016.12.08 05:36:22.272,1.12844,1.12858,1.69,1.00
2016.12.08 05:36:22.323,1.12847,1.12864,1.00,1.62
2016.12.08 05:36:22.439,1.12848,1.12866,1.19,2.06
2016.12.08 05:36:22.490,1.12847,1.12865,1.12,1.25
2016.12.08 05:36:22.845,1.12842,1.1286,2.44,1.25
2016.12.08 05:36:23.048,1.12839,1.12859,1.69,1.69
2016.12.08 05:36:23.303,1.12843,1.12858,1.69,1.00
2016.12.08 05:36:23.561,1.12846,1.12865,1.25,1.69
2016.12.08 05:36:23.612,1.12845,1.12862,1.31,1.25
2016.12.08 05:36:23.916,1.12848,1.12861,1.19,1.00
2016.12.08 05:36:23.967,1.12846,1.12864,1.69,1.25
2016.12.08 05:36:24.323,1.12847,1.12866,1.31,1.00
2016.12.08 05:36:24.576,1.1285,1.12866,1.19,1.00
2016.12.08 05:36:24.882,1.12859,1.12877,1.25,1.87
2016.12.08 05:36:25.035,1.12859,1.1287,1.25,1.00
2016.12.08 05:36:25.136,1.12854,1.12872,2.44,1.69
2016.12.08 05:36:25.340,1.12859,1.12875,1.19,1.12
2016.12.08 05:36:25.571,1.12859,1.12877,1.69,1.00
2016.12.08 05:36:25.764,1.12856,1.12873,1.19,1.00
2016.12.08 05:36:25.815,1.12856,1.12873,1.25,1.00
2016.12.08 05:36:25.866,1.12856,1.1287,1.25,1.00
2016.12.08 05:36:26.119,1.12851,1.1287,2.44,1.00
2016.12.08 05:36:26.272,1.12851,1.1287,1.69,1.12
2016.12.08 05:36:26.339,1.12851,1.12868,1.69,1.00
2016.12.08 05:36:26.593,1.12853,1.12871,1.31,1.25
2016.12.08 05:36:26.645,1.12851,1.12868,1.12,1.25
2016.12.08 05:36:26.847,1.12844,1.12863,2.00,1.69
2016.12.08 05:36:26.899,1.12848,1.12865,1.25,1.69
2016.12.08 05:36:27.000,1.12846,1.12863,2.06,1.25
2016.12.08 05:36:27.103,1.12848,1.12865,1.00,1.00
2016.12.08 05:36:27.503,1.12844,1.12859,1.87,1.19
2016.12.08 05:36:27.554,1.12844,1.12862,2.81,1.25
2016.12.08 05:36:27.606,1.12844,1.1286,1.87,1.19
2016.12.08 05:36:27.657,1.12844,1.12864,3.19,1.31
2016.12.08 05:36:27.860,1.12844,1.12864,1.69,1.69
2016.12.08 05:36:29.390,1.1285,1.12864,1.00,1.69
2016.12.08 05:36:29.647,1.12853,1.12872,1.00,1.31
2016.12.08 05:36:29.749,1.12851,1.12869,1.37,1.25
2016.12.08 05:36:31.406,1.1285,1.12868,1.69,1.25
2016.12.08 05:36:31.598,1.1285,1.12868,1.69,1.25
2016.12.08 05:36:32.346,1.1285,1.12867,1.25,1.00
2016.12.08 05:36:33.323,1.12853,1.12867,1.25,1.00
2016.12.08 05:36:33.579,1.12849,1.12867,1.31,1.00
2016.12.08 05:36:34.682,1.12849,1.12867,2.44,1.00
2016.12.08 05:36:35.054,1.12847,1.12865,1.75,1.25
2016.12.08 05:36:35.359,1.12841,1.12858,1.75,1.00
2016.12.08 05:36:35.477,1.12846,1.12862,1.00,1.00
2016.12.08 05:36:35.630,1.12846,1.12864,1.37,1.19
2016.12.08 05:36:35.887,1.12848,1.12865,1.69,1.25
2016.12.08 05:36:36.467,1.12848,1.12863,1.00,1.25
2016.12.08 05:36:36.568,1.12846,1.12863,1.00,1.25
2016.12.08 05:36:37.101,1.12847,1.12864,1.31,1.69
2016.12.08 05:36:38.165,1.12846,1.12859,1.37,1.25
2016.12.08 05:36:38.419,1.12835,1.1285,1.00,1.00
2016.12.08 05:36:38.470,1.12833,1.1285,1.00,1.00
2016.12.08 05:36:38.918,1.12837,1.12852,1.25,1.00
2016.12.08 05:36:39.236,1.12832,1.12844,1.50,1.00
2016.12.08 05:36:39.389,1.12824,1.12842,2.00,1.00
2016.12.08 05:36:39.490,1.12824,1.12842,1.31,1.00
2016.12.08 05:36:39.748,1.12826,1.12844,1.00,1.19
2016.12.08 05:36:39.952,1.12827,1.12847,2.06,2.06
2016.12.08 05:36:40.104,1.1283,1.12848,1.69,1.00
2016.12.08 05:36:40.508,1.12831,1.12846,1.00,1.25
2016.12.08 05:36:40.794,1.12828,1.12847,1.62,1.25
2016.12.08 05:36:40.895,1.12826,1.12843,2.25,1.00
2016.12.08 05:36:40.997,1.12826,1.12843,1.12,1.00
2016.12.08 05:36:41.514,1.12825,1.12843,1.00,1.00
2016.12.08 05:36:41.565,1.12831,1.12845,1.25,1.00
2016.12.08 05:36:41.819,1.12838,1.12856,1.69,1.12
2016.12.08 05:36:42.342,1.12838,1.12857,1.69,1.25
2016.12.08 05:36:43.111,1.12839,1.12855,1.00,1.25
2016.12.08 05:36:43.162,1.12841,1.12858,1.69,1.00
2016.12.08 05:36:43.212,1.12843,1.12859,1.00,1.00
2016.12.08 05:36:43.415,1.12846,1.12863,1.25,1.31
2016.12.08 05:36:44.972,1.12846,1.1286,1.31,1.00
2016.12.08 05:36:45.175,1.12841,1.12859,1.69,1.00
2016.12.08 05:36:45.689,1.12842,1.1286,1.12,2.44
2016.12.08 05:36:46.484,1.12842,1.12854,1.00,1.00
2016.12.08 05:36:46.587,1.12836,1.12854,1.12,1.50
2016.12.08 05:36:46.688,1.12837,1.12851,1.00,1.25
2016.12.08 05:36:46.950,1.12837,1.12854,1.00,1.50
2016.12.08 05:36:47.254,1.12839,1.12855,1.00,1.25
2016.12.08 05:36:47.456,1.12841,1.12859,1.00,3.19
2016.12.08 05:36:48.057,1.12841,1.12859,1.00,1.69
2016.12.08 05:36:48.182,1.12843,1.12861,1.69,1.87
2016.12.08 05:36:48.485,1.12845,1.12863,1.00,2.81
2016.12.08 05:36:51.194,1.12843,1.12862,2.06,1.00
2016.12.08 05:36:51.398,1.12842,1.1286,2.25,1.00
2016.12.08 05:36:51.803,1.12847,1.12862,1.00,1.37
2016.12.08 05:36:51.905,1.12847,1.12865,1.00,3.19
2016.12.08 05:36:52.007,1.12847,1.12865,1.00,1.69
2016.12.08 05:36:52.365,1.12846,1.1286,1.00,1.25
2016.12.08 05:36:52.518,1.1284,1.12858,1.00,1.25
2016.12.08 05:36:52.620,1.12842,1.12859,1.25,1.25
2016.12.08 05:36:53.126,1.12844,1.12859,1.00,1.25
2016.12.08 05:36:53.177,1.12846,1.12862,1.00,1.00
2016.12.08 05:36:53.383,1.12844,1.1286,1.25,1.00
2016.12.08 05:36:53.874,1.12849,1.12862,1.00,1.00
2016.12.08 05:36:53.925,1.12849,1.12865,1.00,3.00
2016.12.08 05:36:54.078,1.12852,1.12867,1.25,1.87
2016.12.08 05:36:54.455,1.12849,1.12866,1.00,1.25
2016.12.08 05:36:54.618,1.12847,1.12866,1.69,1.25
2016.12.08 05:36:54.719,1.12849,1.12866,1.19,1.25
2016.12.08 05:36:55.282,1.12849,1.12865,1.19,1.50
2016.12.08 05:36:56.407,1.12849,1.12863,1.19,1.00
2016.12.08 05:36:56.931,1.1285,1.12862,1.25,1.00
2016.12.08 05:36:57.237,1.1285,1.12864,1.25,1.50
2016.12.08 05:36:57.772,1.1285,1.12865,1.19,1.00
2016.12.08 05:36:58.304,1.1285,1.12863,1.19,1.00
2016.12.08 05:36:58.879,1.1285,1.12864,1.19,1.00
2016.12.08 05:36:59.664,1.1285,1.12865,1.19,1.00
2016.12.08 05:36:59.994,1.12848,1.12863,1.19,1.00
2016.12.08 05:37:00.491,1.12848,1.1286,1.19,1.00
2016.12.08 05:37:00.542,1.12846,1.1286,1.19,1.00
2016.12.08 05:37:01.499,1.12846,1.12862,1.19,1.50
2016.12.08 05:37:01.550,1.12846,1.1286,1.19,1.00
2016.12.08 05:37:01.602,1.12843,1.12859,1.19,1.00
2016.12.08 05:37:01.670,1.12843,1.12857,1.19,1.00
2016.12.08 05:37:01.973,1.12841,1.12857,1.00,1.50
2016.12.08 05:37:02.607,1.1284,1.12856,1.25,1.00
2016.12.08 05:37:03.210,1.12841,1.12857,1.00,1.00
2016.12.08 05:37:04.104,1.12839,1.12855,1.00,1.00
2016.12.08 05:37:05.513,1.12838,1.12856,1.00,1.25
2016.12.08 05:37:06.019,1.12836,1.12854,2.06,1.00
2016.12.08 05:37:06.547,1.12836,1.12853,1.00,1.69
2016.12.08 05:37:07.048,1.12835,1.12853,1.00,1.69
2016.12.08 05:37:07.641,1.12834,1.12852,1.25,1.00
2016.12.08 05:37:07.984,1.12836,1.1285,1.00,1.00
2016.12.08 05:37:08.872,1.12832,1.12846,1.12,1.25
2016.12.08 05:37:09.176,1.12826,1.1284,1.50,1.00
2016.12.08 05:37:09.687,1.12825,1.12842,1.31,1.19
2016.12.08 05:37:10.997,1.12826,1.12842,1.00,1.19
2016.12.08 05:37:11.399,1.12828,1.12845,1.00,2.06
2016.12.08 05:37:11.501,1.1283,1.12844,1.00,1.19
2016.12.08 05:37:11.552,1.1283,1.12845,1.00,1.25
2016.12.08 05:37:11.805,1.12831,1.12848,1.00,1.25
2016.12.08 05:37:12.358,1.12832,1.12849,1.00,1.19
2016.12.08 05:37:12.997,1.12833,1.12849,1.00,1.69
2016.12.08 05:37:14.699,1.12832,1.12849,1.00,1.69
2016.12.08 05:37:15.698,1.12833,1.12849,1.00,1.69
2016.12.08 05:37:17.009,1.12834,1.12849,1.00,1.19
2016.12.08 05:37:17.060,1.12834,1.1285,1.25,2.06
2016.12.08 05:37:18.298,1.12834,1.12848,1.25,1.00
2016.12.08 05:37:18.505,1.12834,1.1285,1.25,1.25
2016.12.08 05:37:19.268,1.12836,1.1285,1.00,1.69
2016.12.08 05:37:20.726,1.12838,1.1285,1.00,1.25
2016.12.08 05:37:20.777,1.1284,1.12853,1.00,1.00
2016.12.08 05:37:20.828,1.1284,1.12856,1.00,2.06
2016.12.08 05:37:20.879,1.12838,1.12852,1.37,1.00
2016.12.08 05:37:20.930,1.1284,1.12856,1.00,1.19
2016.12.08 05:37:20.982,1.1284,1.12857,1.69,2.81
2016.12.08 05:37:21.377,1.12843,1.12858,1.25,1.00
2016.12.08 05:37:21.529,1.12839,1.12856,2.06,1.00
2016.12.08 05:37:21.630,1.12841,1.12859,2.81,1.00
2016.12.08 05:37:21.732,1.12846,1.12859,1.00,1.00
2016.12.08 05:37:22.281,1.12845,1.1286,1.12,1.25
2016.12.08 05:37:22.629,1.12845,1.12858,1.12,1.00
2016.12.08 05:37:23.146,1.12844,1.1286,1.87,1.69
2016.12.08 05:37:23.197,1.12847,1.12862,1.00,1.50
2016.12.08 05:37:23.504,1.1285,1.12865,1.12,1.25
2016.12.08 05:37:23.757,1.12847,1.12863,2.06,1.00
2016.12.08 05:37:23.808,1.12851,1.12863,1.25,1.00
2016.12.08 05:37:23.859,1.12848,1.12863,1.25,1.00
2016.12.08 05:37:23.961,1.12848,1.1286,1.25,1.00
2016.12.08 05:37:24.063,1.12847,1.12863,1.12,2.44
2016.12.08 05:37:24.216,1.1285,1.12864,1.25,1.00
2016.12.08 05:37:24.368,1.12851,1.12868,1.25,1.00
2016.12.08 05:37:24.801,1.12852,1.1287,1.50,1.69
2016.12.08 05:37:24.970,1.12852,1.12871,3.00,1.69
2016.12.08 05:37:25.721,1.12855,1.12871,1.00,1.69
2016.12.08 05:37:25.876,1.1286,1.12878,1.00,1.25
2016.12.08 05:37:25.928,1.12863,1.12878,1.50,1.00
2016.12.08 05:37:25.979,1.12864,1.12881,1.25,1.00
2016.12.08 05:37:26.081,1.12865,1.12882,1.37,1.00
2016.12.08 05:37:26.386,1.1286,1.12877,1.62,1.00
2016.12.08 05:37:26.484,1.1286,1.12879,1.62,1.69
2016.12.08 05:37:26.686,1.12859,1.12879,2.81,1.69
2016.12.08 05:37:26.737,1.12859,1.12877,1.31,1.00
2016.12.08 05:37:27.041,1.12862,1.1288,1.25,1.50
2016.12.08 05:37:27.377,1.12867,1.12885,1.62,1.00
2016.12.08 05:37:27.479,1.12867,1.12885,2.06,1.00
2016.12.08 05:37:27.531,1.12867,1.12881,1.12,1.19
2016.12.08 05:37:27.583,1.12863,1.12877,1.50,1.69
2016.12.08 05:37:27.684,1.1286,1.12877,1.56,1.69
2016.12.08 05:37:27.786,1.12862,1.12879,1.25,1.50
2016.12.08 05:37:27.837,1.12862,1.12877,1.25,1.00
2016.12.08 05:37:28.059,1.12862,1.12879,1.25,1.50
2016.12.08 05:37:28.508,1.12859,1.12876,1.25,1.00
2016.12.08 05:37:28.610,1.12855,1.12875,2.44,2.44
2016.12.08 05:37:28.711,1.12857,1.12874,1.25,1.37
2016.12.08 05:37:29.217,1.12856,1.12871,1.25,1.12
2016.12.08 05:37:29.531,1.12858,1.12874,1.25,1.12
2016.12.08 05:37:30.497,1.1286,1.12876,1.25,1.50
2016.12.08 05:37:30.599,1.1286,1.12876,1.25,1.12
2016.12.08 05:37:31.105,1.12858,1.12877,1.00,2.06
2016.12.08 05:37:31.308,1.1286,1.12878,1.25,2.44
2016.12.08 05:37:31.847,1.12859,1.12876,1.00,1.25
2016.12.08 05:37:32.638,1.12859,1.12874,1.00,1.25
2016.12.08 05:37:32.791,1.12854,1.12871,1.37,1.25
2016.12.08 05:37:32.842,1.12852,1.12868,1.00,1.25
2016.12.08 05:37:33.322,1.1285,1.12868,1.69,1.25
2016.12.08 05:37:34.931,1.12852,1.12868,1.00,1.25
2016.12.08 05:37:35.185,1.12852,1.1287,1.69,1.69
2016.12.08 05:37:35.744,1.12852,1.12869,1.69,1.00
2016.12.08 05:37:35.846,1.12851,1.12869,1.50,1.69
2016.12.08 05:37:36.477,1.12852,1.12869,1.25,1.87
2016.12.08 05:37:36.930,1.12852,1.12866,1.00,1.00
2016.12.08 05:37:37.133,1.12848,1.12865,2.06,1.00
2016.12.08 05:37:37.449,1.12851,1.12865,1.25,1.50
2016.12.08 05:37:37.645,1.12848,1.12864,1.25,1.00
2016.12.08 05:37:37.971,1.1285,1.12864,1.25,1.00
2016.12.08 05:37:38.073,1.1285,1.12866,1.25,1.50
2016.12.08 05:37:38.564,1.12848,1.12866,2.06,2.44
2016.12.08 05:37:38.999,1.1285,1.12866,1.00,1.69
2016.12.08 05:37:39.460,1.1285,1.12868,1.69,1.25
2016.12.08 05:37:39.961,1.12849,1.12864,1.00,1.50
2016.12.08 05:37:40.169,1.12845,1.12863,1.69,1.31
2016.12.08 05:37:40.372,1.12847,1.12865,1.25,3.19
2016.12.08 05:37:40.428,1.12847,1.12865,1.25,2.44
2016.12.08 05:37:40.782,1.12846,1.12863,1.12,1.25
2016.12.08 05:37:41.317,1.12846,1.12862,1.00,1.00
2016.12.08 05:37:42.750,1.12845,1.12863,1.25,2.81
2016.12.08 05:37:43.427,1.12842,1.12857,1.50,1.00
2016.12.08 05:37:43.579,1.12846,1.12861,1.25,1.69
2016.12.08 05:37:43.681,1.12846,1.12859,1.00,1.19
2016.12.08 05:37:44.381,1.12843,1.12859,1.00,1.19
2016.12.08 05:37:45.412,1.12844,1.12861,1.69,1.00
2016.12.08 05:37:45.914,1.12844,1.12862,1.69,1.25
2016.12.08 05:37:46.455,1.12846,1.12862,1.00,1.69
2016.12.08 05:37:47.783,1.12845,1.12861,1.25,1.00
2016.12.08 05:37:47.835,1.12843,1.1286,1.31,1.19
2016.12.08 05:37:48.709,1.12845,1.1286,1.00,1.19
2016.12.08 05:37:49.250,1.12843,1.12859,1.19,1.25
2016.12.08 05:37:49.453,1.1284,1.12857,2.44,1.00
2016.12.08 05:37:49.607,1.12839,1.12855,1.94,1.69
2016.12.08 05:37:50.201,1.12846,1.12855,1.25,1.00
2016.12.08 05:37:50.303,1.12844,1.1286,1.69,1.75
2016.12.08 05:37:50.354,1.12844,1.12861,1.69,2.44
2016.12.08 05:37:50.428,1.12846,1.12861,1.19,1.12
2016.12.08 05:37:51.026,1.12847,1.12863,1.19,1.25
2016.12.08 05:37:51.581,1.12844,1.12859,1.69,1.00
2016.12.08 05:37:51.733,1.12842,1.12858,1.94,1.25
2016.12.08 05:37:52.240,1.12842,1.12857,1.19,1.00
2016.12.08 05:37:53.306,1.12841,1.12858,1.19,1.25
2016.12.08 05:37:55.574,1.12841,1.12857,2.44,1.00
2016.12.08 05:37:55.748,1.12843,1.12859,1.19,1.00
2016.12.08 05:37:55.799,1.12844,1.12862,1.69,3.94
2016.12.08 05:37:56.335,1.12845,1.12862,1.19,1.00
2016.12.08 05:37:57.194,1.12847,1.12861,1.25,1.00
2016.12.08 05:38:03.368,1.12848,1.12864,1.19,1.50
2016.12.08 05:38:04.427,1.12848,1.12863,1.19,1.00
2016.12.08 05:38:05.109,1.12846,1.1286,1.69,1.00
2016.12.08 05:38:05.161,1.12848,1.12862,1.25,1.00
2016.12.08 05:38:05.364,1.1285,1.12865,1.00,1.69
2016.12.08 05:38:05.686,1.12852,1.12866,1.00,1.00
2016.12.08 05:38:06.322,1.12852,1.12867,1.00,1.25
2016.12.08 05:38:07.400,1.12852,1.12866,1.00,1.00
2016.12.08 05:38:08.263,1.12853,1.12867,1.00,1.25
2016.12.08 05:38:09.223,1.12851,1.12867,1.00,1.25
2016.12.08 05:38:09.861,1.12849,1.12863,1.50,1.69
2016.12.08 05:38:10.372,1.12848,1.12862,1.00,1.25
2016.12.08 05:38:10.989,1.12846,1.12862,1.19,1.25
2016.12.08 05:38:11.503,1.12846,1.1286,1.00,1.69
2016.12.08 05:38:11.857,1.12847,1.12861,1.50,1.25
2016.12.08 05:38:14.020,1.12845,1.12862,1.00,1.69
2016.12.08 05:38:14.071,1.12842,1.12858,1.87,1.25
2016.12.08 05:38:14.173,1.12841,1.12857,1.69,1.00
2016.12.08 05:38:15.219,1.12842,1.12857,1.00,1.00
2016.12.08 05:38:16.075,1.12841,1.12857,1.31,1.00
2016.12.08 05:38:18.321,1.12841,1.12857,1.87,1.69
2016.12.08 05:38:20.223,1.12843,1.12858,1.25,1.50
2016.12.08 05:38:22.141,1.12844,1.12858,1.00,1.00
2016.12.08 05:38:22.395,1.12847,1.12863,1.25,1.19
2016.12.08 05:38:22.808,1.12848,1.12864,1.69,1.25
2016.12.08 05:38:26.236,1.12848,1.12863,1.19,1.00
2016.12.08 05:38:26.743,1.12848,1.12862,1.00,1.00
2016.12.08 05:38:27.300,1.1285,1.12864,1.00,1.25
2016.12.08 05:38:27.922,1.12849,1.12863,1.00,1.00
2016.12.08 05:38:29.173,1.12848,1.12862,1.00,1.00
2016.12.08 05:38:30.216,1.12849,1.12863,1.25,1.00
2016.12.08 05:38:30.557,1.12852,1.12866,1.25,1.00
2016.12.08 05:38:30.861,1.12853,1.12868,1.19,1.50
2016.12.08 05:38:31.445,1.12853,1.12867,1.19,1.00
2016.12.08 05:38:31.993,1.12853,1.12866,1.19,1.00
2016.12.08 05:38:32.786,1.12854,1.12867,1.19,1.00
2016.12.08 05:38:33.039,1.12855,1.12869,1.69,1.00
2016.12.08 05:38:33.752,1.12856,1.1287,1.25,1.00
2016.12.08 05:38:34.121,1.12856,1.12872,1.25,1.00
2016.12.08 05:38:34.172,1.12859,1.12873,1.00,1.00
2016.12.08 05:38:34.640,1.1286,1.12873,1.19,1.00
2016.12.08 05:38:35.115,1.12864,1.12877,1.19,1.37
2016.12.08 05:38:35.217,1.12864,1.12879,1.19,1.00
2016.12.08 05:38:35.318,1.12861,1.12872,1.00,1.00
2016.12.08 05:38:35.581,1.12848,1.12863,1.00,1.19
2016.12.08 05:38:35.632,1.12846,1.12861,1.12,1.25
2016.12.08 05:38:35.932,1.12844,1.12861,1.00,1.00
2016.12.08 05:38:36.084,1.12845,1.12863,1.00,1.50
2016.12.08 05:38:36.407,1.12847,1.12863,1.00,1.00
2016.12.08 05:38:36.976,1.12846,1.12862,1.00,1.00
2016.12.08 05:38:37.449,1.12844,1.1286,1.50,1.00
2016.12.08 05:38:37.651,1.12842,1.12859,1.25,1.00
2016.12.08 05:38:37.702,1.12842,1.12857,1.00,1.25
2016.12.08 05:38:38.821,1.12841,1.12857,1.00,1.25
2016.12.08 05:38:38.923,1.12838,1.12855,1.31,1.00
2016.12.08 05:38:38.974,1.12838,1.12853,1.12,1.25
2016.12.08 05:38:39.278,1.12836,1.12852,1.00,1.00
2016.12.08 05:38:39.961,1.12838,1.12854,1.25,1.00
2016.12.08 05:38:40.417,1.12836,1.12853,1.12,1.25
2016.12.08 05:38:42.042,1.12837,1.12853,1.00,1.69
2016.12.08 05:38:42.629,1.12837,1.12856,1.25,1.31
2016.12.08 05:38:42.774,1.12839,1.12856,1.00,1.31
2016.12.08 05:38:43.078,1.12837,1.12853,1.00,1.25
2016.12.08 05:38:45.750,1.12836,1.12852,1.31,1.00
2016.12.08 05:38:46.179,1.12837,1.12855,1.00,2.25
2016.12.08 05:38:46.231,1.1284,1.12856,1.69,1.12
2016.12.08 05:38:46.838,1.12838,1.12854,1.00,1.69
2016.12.08 05:38:51.152,1.12839,1.12853,1.00,1.00
2016.12.08 05:38:51.203,1.12836,1.12851,1.00,1.00
2016.12.08 05:38:51.709,1.12835,1.12851,1.00,1.00
2016.12.08 05:38:52.221,1.12836,1.12851,1.00,1.00
2016.12.08 05:38:53.222,1.12835,1.12851,1.00,1.00
2016.12.08 05:38:53.722,1.12837,1.12851,1.00,1.00
2016.12.08 05:38:53.867,1.12835,1.12851,1.00,1.00
2016.12.08 05:38:55.090,1.12834,1.12851,1.00,1.00
2016.12.08 05:38:56.680,1.12834,1.1285,1.00,1.00
2016.12.08 05:38:57.240,1.12834,1.12851,1.00,1.00
2016.12.08 05:39:02.456,1.12833,1.1285,1.69,1.00
2016.12.08 05:39:02.507,1.12835,1.1285,1.00,1.00
2016.12.08 05:39:02.813,1.12832,1.12847,1.00,1.00
2016.12.08 05:39:02.863,1.12833,1.1285,1.00,2.44
2016.12.08 05:39:03.714,1.12832,1.12849,1.00,1.00
2016.12.08 05:39:06.528,1.12832,1.12848,1.00,1.00
2016.12.08 05:39:06.678,1.12837,1.1285,1.00,1.00
2016.12.08 05:39:07.037,1.12833,1.12851,1.12,1.00
2016.12.08 05:39:07.357,1.12835,1.12852,1.00,1.69
2016.12.08 05:39:07.660,1.12837,1.12852,1.00,1.69
2016.12.08 05:39:07.863,1.12835,1.12852,1.00,2.44
2016.12.08 05:39:08.077,1.12835,1.1285,1.69,1.00
2016.12.08 05:39:08.904,1.12833,1.1285,2.81,1.00
2016.12.08 05:39:09.448,1.12833,1.12849,1.19,1.00
2016.12.08 05:39:13.735,1.12835,1.12849,1.00,1.00
2016.12.08 05:39:14.736,1.12834,1.12849,1.25,1.00
2016.12.08 05:39:15.224,1.12834,1.12851,1.25,1.69
2016.12.08 05:39:15.762,1.12835,1.12852,1.25,1.12
2016.12.08 05:39:16.584,1.12832,1.12851,2.06,1.25
2016.12.08 05:39:16.647,1.12834,1.12849,1.25,1.00
2016.12.08 05:39:16.849,1.12834,1.12851,1.25,1.00
2016.12.08 05:39:17.377,1.12834,1.12851,1.69,1.00
2016.12.08 05:39:17.901,1.12835,1.12852,1.25,1.12
2016.12.08 05:39:19.015,1.12834,1.12851,1.00,1.25
2016.12.08 05:39:19.066,1.12834,1.12847,1.00,1.00
2016.12.08 05:39:19.218,1.12829,1.12844,1.69,1.00
2016.12.08 05:39:19.421,1.12827,1.12844,1.69,1.00
2016.12.08 05:39:19.675,1.12827,1.12846,1.69,1.50
2016.12.08 05:39:20.184,1.12828,1.12847,1.25,1.69
2016.12.08 05:39:21.059,1.1283,1.12847,1.00,1.69
2016.12.08 05:39:25.234,1.1283,1.12847,1.69,1.00
2016.12.08 05:39:25.762,1.1283,1.12848,2.06,1.00
2016.12.08 05:39:27.160,1.12832,1.12847,1.00,1.00
2016.12.08 05:39:27.211,1.12832,1.12849,1.00,1.00
2016.12.08 05:39:30.849,1.12831,1.12848,1.00,1.69
2016.12.08 05:39:31.712,1.12832,1.12848,1.00,1.25
2016.12.08 05:39:35.157,1.12833,1.12848,1.00,1.25
2016.12.08 05:39:35.863,1.12833,1.12849,1.00,1.00
2016.12.08 05:39:38.174,1.12832,1.12847,1.12,1.00
2016.12.08 05:39:39.216,1.12831,1.12847,2.06,1.00
2016.12.08 05:39:40.317,1.12834,1.12848,1.00,1.00
2016.12.08 05:39:43.661,1.12832,1.12849,2.44,1.00
2016.12.08 05:39:47.243,1.12833,1.12848,1.12,1.00
2016.12.08 05:39:47.661,1.12831,1.12848,1.69,1.00
2016.12.08 05:39:48.355,1.12833,1.12847,1.00,1.00
2016.12.08 05:39:48.457,1.12833,1.12849,1.00,1.00
2016.12.08 05:39:50.875,1.12833,1.12847,1.00,1.00
2016.12.08 05:39:51.847,1.1283,1.12843,1.75,1.00
2016.12.08 05:39:51.949,1.12828,1.12843,2.44,1.00
2016.12.08 05:39:52.101,1.12829,1.12845,1.50,1.00
2016.12.08 05:39:52.348,1.1283,1.12847,1.50,1.69
2016.12.08 05:39:54.951,1.12831,1.12846,1.12,1.00
2016.12.08 05:39:55.467,1.12831,1.12847,2.06,1.00
2016.12.08 05:39:57.658,1.12832,1.12848,1.00,1.00
2016.12.08 05:39:58.298,1.12833,1.12849,1.25,1.50
2016.12.08 05:39:59.079,1.12834,1.12848,1.00,1.00
2016.12.08 05:40:00.077,1.12833,1.12848,1.69,1.00
2016.12.08 05:40:00.689,1.12833,1.1285,1.25,1.50
2016.12.08 05:40:00.791,1.12835,1.1285,1.19,1.50
2016.12.08 05:40:00.893,1.12831,1.12846,1.69,1.00
2016.12.08 05:40:00.944,1.1283,1.12844,2.25,1.00
2016.12.08 05:40:01.096,1.12828,1.12843,1.00,1.00
2016.12.08 05:40:01.671,1.12827,1.12842,1.25,1.00
2016.12.08 05:40:03.919,1.12827,1.12841,1.25,1.00
2016.12.08 05:40:05.573,1.12827,1.12842,1.25,1.00
2016.12.08 05:40:06.354,1.12828,1.12842,1.00,1.00
2016.12.08 05:40:13.171,1.12826,1.12842,1.31,1.00
2016.12.08 05:40:13.272,1.12829,1.12842,1.25,1.00
2016.12.08 05:40:15.056,1.12829,1.12843,1.25,1.00
2016.12.08 05:40:15.419,1.12829,1.12841,1.25,1.00
2016.12.08 05:40:16.058,1.12829,1.12843,1.25,1.00
2016.12.08 05:40:17.224,1.12829,1.12842,1.25,1.00
2016.12.08 05:40:17.325,1.12829,1.12844,1.25,1.00
2016.12.08 05:40:18.371,1.12829,1.12842,1.25,1.00
2016.12.08 05:40:18.988,1.12829,1.12844,2.06,1.00
2016.12.08 05:40:19.770,1.12829,1.12846,2.06,1.69
2016.12.08 05:40:21.025,1.12829,1.12844,2.06,1.00
2016.12.08 05:40:24.974,1.12828,1.12842,1.00,1.00
2016.12.08 05:40:26.007,1.12829,1.12843,1.00,1.00
2016.12.08 05:40:28.543,1.12827,1.12844,1.12,1.00
2016.12.08 05:40:29.525,1.12829,1.12843,1.00,1.00
2016.12.08 05:40:29.844,1.12824,1.12838,2.44,1.00
2016.12.08 05:40:29.978,1.12827,1.12843,1.00,1.25
2016.12.08 05:40:30.029,1.12825,1.12841,1.69,1.00
2016.12.08 05:40:30.333,1.12826,1.12841,1.19,1.00
2016.12.08 05:40:30.841,1.12827,1.12842,1.25,1.00
2016.12.08 05:40:31.315,1.12825,1.1284,1.19,1.25
2016.12.08 05:40:32.564,1.12827,1.12841,1.69,1.00
2016.12.08 05:40:33.075,1.12827,1.12843,1.69,1.19
2016.12.08 05:40:35.649,1.12827,1.12841,1.69,1.00
2016.12.08 05:40:37.954,1.12828,1.12844,1.69,1.31
2016.12.08 05:40:38.157,1.12831,1.12847,1.25,3.19
2016.12.08 05:40:38.676,1.12831,1.12845,1.25,1.00
2016.12.08 05:40:39.091,1.1283,1.12847,1.19,1.00
2016.12.08 05:40:39.594,1.1283,1.12846,1.00,1.25
2016.12.08 05:40:39.645,1.1283,1.12846,1.69,1.00
2016.12.08 05:40:40.194,1.12831,1.12847,1.19,1.25
2016.12.08 05:40:42.972,1.12831,1.12846,1.00,1.25
2016.12.08 05:40:44.249,1.12832,1.12846,1.00,1.25
2016.12.08 05:40:46.336,1.12833,1.12847,1.00,1.19
2016.12.08 05:40:58.348,1.12831,1.12847,1.50,1.69
2016.12.08 05:40:58.979,1.12832,1.12847,1.00,1.19
2016.12.08 05:41:00.148,1.12834,1.12847,1.00,1.19
2016.12.08 05:41:00.675,1.12835,1.12847,1.00,1.19
2016.12.08 05:41:00.743,1.12835,1.12849,1.00,1.69
2016.12.08 05:41:01.324,1.12834,1.12848,1.00,1.25
2016.12.08 05:41:04.580,1.12833,1.12849,1.00,1.19
2016.12.08 05:41:05.772,1.12831,1.12846,3.94,1.00
2016.12.08 05:41:06.333,1.12832,1.12847,1.25,1.00
2016.12.08 05:41:06.892,1.12833,1.12847,1.00,1.00
2016.12.08 05:41:07.462,1.12833,1.12847,1.00,1.69
2016.12.08 05:41:08.582,1.12834,1.12848,1.00,1.00
2016.12.08 05:41:08.633,1.12837,1.12851,1.00,3.00
2016.12.08 05:41:08.684,1.12837,1.12851,1.00,1.87
2016.12.08 05:41:08.887,1.12837,1.12853,1.19,1.00
2016.12.08 05:41:09.090,1.12837,1.12849,1.00,1.00
2016.12.08 05:41:09.142,1.12833,1.12849,1.69,1.00
2016.12.08 05:41:09.497,1.12833,1.12846,1.00,1.25
2016.12.08 05:41:09.704,1.12831,1.12846,1.00,1.25
2016.12.08 05:41:10.284,1.12831,1.12845,1.00,1.00
2016.12.08 05:41:10.805,1.12829,1.12845,1.69,1.00
2016.12.08 05:41:13.823,1.12829,1.12845,1.19,1.00
2016.12.08 05:41:17.558,1.1283,1.12846,1.69,1.00
2016.12.08 05:41:24.849,1.12831,1.12847,1.25,1.00
2016.12.08 05:41:24.912,1.12832,1.12848,1.69,1.12
2016.12.08 05:41:25.317,1.12831,1.12845,1.69,1.00
2016.12.08 05:41:25.626,1.12829,1.12843,1.00,1.00
2016.12.08 05:41:26.603,1.1283,1.12844,1.00,1.00
2016.12.08 05:41:27.279,1.12829,1.12845,1.00,1.69
2016.12.08 05:41:27.625,1.12828,1.12843,2.44,1.00
2016.12.08 05:41:32.357,1.12829,1.12843,1.00,1.00
2016.12.08 05:41:32.408,1.12829,1.12845,1.00,1.69
2016.12.08 05:41:32.458,1.12831,1.12845,1.00,1.69
2016.12.08 05:41:36.631,1.12829,1.12845,1.00,1.69
2016.12.08 05:41:36.833,1.12831,1.12845,1.00,1.00
2016.12.08 05:41:38.125,1.12832,1.12846,1.00,1.00
2016.12.08 05:41:39.389,1.12831,1.12845,1.00,1.00
2016.12.08 05:41:40.591,1.12831,1.12847,1.00,1.00
2016.12.08 05:41:44.374,1.1283,1.12846,2.44,1.00
2016.12.08 05:41:46.276,1.1283,1.12847,2.44,1.00
2016.12.08 05:41:47.595,1.1283,1.12846,2.44,1.00
2016.12.08 05:41:49.902,1.12829,1.12845,2.44,1.00
2016.12.08 05:41:53.435,1.12831,1.12849,1.25,2.44
2016.12.08 05:41:53.739,1.12834,1.12848,2.06,1.00
2016.12.08 05:41:53.790,1.12836,1.12852,1.00,1.87
2016.12.08 05:41:53.892,1.12835,1.12851,1.37,2.00
2016.12.08 05:41:53.994,1.12835,1.12848,1.00,1.00
2016.12.08 05:41:54.096,1.12835,1.12851,1.00,4.31
2016.12.08 05:41:54.147,1.12835,1.12851,1.00,3.19
2016.12.08 05:41:54.248,1.12835,1.12851,1.69,1.00
2016.12.08 05:41:54.768,1.12836,1.12852,1.62,1.00
2016.12.08 05:41:55.318,1.12836,1.12852,1.31,1.00
2016.12.08 05:41:55.877,1.12837,1.12851,1.00,1.00
2016.12.08 05:41:56.758,1.12836,1.12853,1.31,1.25
2016.12.08 05:41:58.173,1.12836,1.12852,1.62,1.00
2016.12.08 05:41:58.690,1.12838,1.12852,1.00,1.00
2016.12.08 05:41:59.160,1.12838,1.12854,1.00,1.00
2016.12.08 05:42:00.293,1.12838,1.12855,1.00,1.00
2016.12.08 05:42:01.149,1.12838,1.12854,1.00,1.00
2016.12.08 05:42:01.918,1.12837,1.12852,1.31,1.00
2016.12.08 05:42:04.043,1.12836,1.12852,1.12,1.00
2016.12.08 05:42:04.651,1.12836,1.12852,1.37,1.00
2016.12.08 05:42:05.270,1.12837,1.12853,1.00,1.00
2016.12.08 05:42:05.781,1.12838,1.12855,1.69,1.62
2016.12.08 05:42:05.886,1.12839,1.12856,1.25,1.12
2016.12.08 05:42:07.869,1.12842,1.12856,1.00,1.12
2016.12.08 05:42:08.072,1.12843,1.12859,1.31,1.00
2016.12.08 05:42:08.839,1.12844,1.12859,1.00,1.00
2016.12.08 05:42:09.702,1.12844,1.12858,1.25,1.00
2016.12.08 05:42:10.212,1.12845,1.12859,1.69,1.00
2016.12.08 05:42:15.269,1.12842,1.12856,1.31,1.00
2016.12.08 05:42:24.328,1.12844,1.12857,1.25,1.00
2016.12.08 05:42:24.871,1.12844,1.12856,1.25,1.00
2016.12.08 05:42:27.840,1.12845,1.12858,1.25,1.00
2016.12.08 05:42:28.093,1.12845,1.1286,1.25,1.50
2016.12.08 05:42:30.352,1.12845,1.12859,1.25,1.00
2016.12.08 05:42:32.386,1.12845,1.12858,1.25,1.00
2016.12.08 05:42:36.196,1.12845,1.12859,1.25,1.00
2016.12.08 05:42:37.197,1.12845,1.1286,1.25,1.00
2016.12.08 05:42:39.231,1.12845,1.12859,1.25,1.00
2016.12.08 05:42:44.324,1.12846,1.1286,1.69,1.00
2016.12.08 05:42:44.843,1.12845,1.12859,1.69,1.00
2016.12.08 05:42:45.210,1.12845,1.12861,1.25,1.50
2016.12.08 05:42:45.262,1.12847,1.12862,1.25,1.50
2016.12.08 05:42:46.047,1.12849,1.12865,1.25,1.50
2016.12.08 05:42:46.597,1.1285,1.12864,1.00,1.00
2016.12.08 05:42:47.492,1.12849,1.12865,1.25,1.00
2016.12.08 05:42:50.105,1.1285,1.12866,1.00,1.00
2016.12.08 05:42:51.440,1.1285,1.12865,1.00,1.00
2016.12.08 05:42:54.039,1.12849,1.12865,1.69,1.00
2016.12.08 05:42:54.336,1.12853,1.12867,1.25,1.00
2016.12.08 05:42:54.847,1.12853,1.12868,1.69,1.00
2016.12.08 05:42:56.758,1.12853,1.12867,1.25,1.00
2016.12.08 05:42:57.712,1.12853,1.12865,1.25,1.00
2016.12.08 05:42:57.995,1.12853,1.12867,1.25,1.00
2016.12.08 05:42:58.655,1.12853,1.12869,1.25,1.00
2016.12.08 05:43:00.036,1.12853,1.12869,1.19,1.00
2016.12.08 05:43:00.087,1.12854,1.12869,1.25,1.00
2016.12.08 05:43:05.326,1.12854,1.12864,1.25,1.00
2016.12.08 05:43:05.408,1.12848,1.12863,1.50,1.00
2016.12.08 05:43:05.509,1.12846,1.1286,1.75,1.00
2016.12.08 05:43:05.611,1.12846,1.1286,1.00,1.00
2016.12.08 05:43:06.465,1.12845,1.1286,1.00,1.50
2016.12.08 05:43:07.064,1.12844,1.1286,1.00,1.50
2016.12.08 05:43:07.115,1.12842,1.12857,1.21,1.00
2016.12.08 05:43:07.418,1.12841,1.12854,1.00,1.00
2016.12.08 05:43:07.722,1.12834,1.12848,1.69,1.00
2016.12.08 05:43:08.368,1.12833,1.12848,1.37,2.44
2016.12.08 05:43:08.967,1.12833,1.12848,1.25,1.00
2016.12.08 05:43:09.493,1.12832,1.12848,1.12,1.50
2016.12.08 05:43:10.048,1.12832,1.12847,1.87,1.25
2016.12.08 05:43:10.554,1.12832,1.12846,1.50,1.25
2016.12.08 05:43:12.102,1.12831,1.12844,1.00,1.25
2016.12.08 05:43:12.547,1.12833,1.12848,1.00,1.69
2016.12.08 05:43:13.053,1.1283,1.12846,1.12,1.25
2016.12.08 05:43:13.431,1.1283,1.12845,1.31,1.00
2016.12.08 05:43:13.482,1.1283,1.12847,2.06,1.00
2016.12.08 05:43:14.561,1.12832,1.12847,1.00,1.50
2016.12.08 05:43:14.612,1.12832,1.12845,1.00,1.25
2016.12.08 05:43:15.309,1.12832,1.12846,1.00,1.25
2016.12.08 05:43:17.046,1.12831,1.12845,1.00,1.00
2016.12.08 05:43:17.129,1.12829,1.12845,1.77,1.00
2016.12.08 05:43:17.681,1.12829,1.12844,1.11,1.00
2016.12.08 05:43:18.198,1.12829,1.12845,1.00,1.00
2016.12.08 05:43:20.257,1.1283,1.12846,1.00,2.44
2016.12.08 05:43:20.671,1.12832,1.12846,1.00,1.25
2016.12.08 05:43:21.266,1.12831,1.12846,1.50,1.25
2016.12.08 05:43:24.083,1.12832,1.12846,1.00,1.25
2016.12.08 05:43:24.602,1.12831,1.12843,1.00,1.25
2016.12.08 05:43:25.119,1.12832,1.12843,1.00,1.25
2016.12.08 05:43:26.859,1.12831,1.12843,1.00,1.25
2016.12.08 05:43:29.746,1.12833,1.12846,1.00,1.25
2016.12.08 05:43:30.203,1.12834,1.12849,1.00,2.06
2016.12.08 05:43:30.383,1.12836,1.12849,1.00,1.31
2016.12.08 05:43:30.944,1.12836,1.12851,1.00,1.50
2016.12.08 05:43:31.090,1.12836,1.12849,1.00,1.25
2016.12.08 05:43:31.200,1.12834,1.12849,1.00,1.25
2016.12.08 05:43:34.167,1.12836,1.12849,1.00,1.25
2016.12.08 05:43:59.868,1.12835,1.12849,1.00,1.25
2016.12.08 05:44:02.207,1.12835,1.12848,1.00,1.50
2016.12.08 05:44:03.282,1.12834,1.12848,1.00,2.44
2016.12.08 05:44:03.824,1.12834,1.12846,1.00,1.00
2016.12.08 05:44:05.262,1.12834,1.12848,1.00,3.19
2016.12.08 05:44:07.312,1.12837,1.12848,1.00,1.00
2016.12.08 05:44:07.918,1.12835,1.12847,1.00,1.25
2016.12.08 05:44:08.070,1.12833,1.12847,1.50,1.25
2016.12.08 05:44:10.992,1.1283,1.12844,1.54,1.00
2016.12.08 05:44:11.297,1.12827,1.12837,1.00,1.00
2016.12.08 05:44:12.112,1.12827,1.12836,1.00,1.00
2016.12.08 05:44:12.214,1.12823,1.12834,1.00,1.69
2016.12.08 05:44:12.275,1.12821,1.12833,1.00,1.00
2016.12.08 05:44:12.401,1.12818,1.12831,1.19,1.00
2016.12.08 05:44:12.706,1.12817,1.12828,1.00,1.00
2016.12.08 05:44:12.757,1.12817,1.1283,1.00,1.50
2016.12.08 05:44:12.859,1.12819,1.1283,1.00,1.50
2016.12.08 05:44:13.418,1.12818,1.1283,1.00,1.50
2016.12.08 05:44:13.722,1.12822,1.12833,1.00,1.50
2016.12.08 05:44:13.924,1.12826,1.12839,1.00,1.50
2016.12.08 05:44:14.451,1.12826,1.12838,1.12,1.00
2016.12.08 05:44:14.857,1.12827,1.12841,1.00,1.25
2016.12.08 05:44:15.264,1.12829,1.12841,1.00,1.25
2016.12.08 05:44:15.467,1.12827,1.12842,1.50,1.69
2016.12.08 05:44:15.518,1.12829,1.12842,1.42,1.25
2016.12.08 05:44:15.772,1.12832,1.12845,1.00,1.25
2016.12.08 05:44:15.823,1.12832,1.12845,1.42,1.25
2016.12.08 05:44:15.975,1.12832,1.12847,1.92,1.50
2016.12.08 05:44:16.504,1.12833,1.12847,1.42,2.44
2016.12.08 05:44:16.622,1.12833,1.12845,1.00,1.69
2016.12.08 05:44:16.923,1.12834,1.12847,1.42,1.50
2016.12.08 05:44:17.278,1.12835,1.12849,1.17,1.50
2016.12.08 05:44:17.749,1.12837,1.12849,1.00,1.50
2016.12.08 05:44:18.003,1.12832,1.12846,1.06,1.00
2016.12.08 05:44:18.509,1.1283,1.12846,1.59,1.00
2016.12.08 05:44:19.282,1.12831,1.12846,1.11,1.00
2016.12.08 05:44:19.333,1.12831,1.12843,1.00,1.00
2016.12.08 05:44:20.136,1.12831,1.12842,1.00,1.00
2016.12.08 05:44:20.332,1.12827,1.12842,1.59,1.00
2016.12.08 05:44:20.882,1.12827,1.12842,1.59,1.00
2016.12.08 05:44:21.584,1.12826,1.12842,2.34,1.00
2016.12.08 05:44:22.410,1.12826,1.12842,2.34,1.69
2016.12.08 05:44:22.562,1.12831,1.12843,1.00,1.50
2016.12.08 05:44:22.867,1.12831,1.12847,1.00,1.50
2016.12.08 05:44:22.918,1.12835,1.12847,1.00,1.50
2016.12.08 05:44:23.416,1.12837,1.12849,1.00,1.50
2016.12.08 05:44:23.467,1.12837,1.12851,1.00,1.00
2016.12.08 05:44:23.873,1.12839,1.12852,1.00,1.19
2016.12.08 05:44:24.015,1.12835,1.12848,1.00,1.00
2016.12.08 05:44:24.117,1.12832,1.12847,1.50,1.25
2016.12.08 05:44:24.484,1.12832,1.12844,1.00,1.25
2016.12.08 05:44:25.189,1.12831,1.12844,1.00,1.25
2016.12.08 05:44:25.727,1.1283,1.12844,1.50,1.25
2016.12.08 05:44:26.031,1.12829,1.12842,1.00,1.25
2016.12.08 05:44:26.334,1.12827,1.12835,1.00,1.25
2016.12.08 05:44:26.385,1.12827,1.12837,1.00,1.50
2016.12.08 05:44:26.588,1.12827,1.1284,1.50,1.50
2016.12.08 05:44:27.122,1.12831,1.1284,1.00,1.50
2016.12.08 05:44:27.338,1.12827,1.1284,1.00,1.00
2016.12.08 05:44:27.541,1.12827,1.12838,1.00,1.25
2016.12.08 05:44:27.743,1.12823,1.12837,1.00,1.00
2016.12.08 05:44:28.062,1.12826,1.12837,1.00,1.00
2016.12.08 05:44:29.955,1.12827,1.12837,1.00,1.00
2016.12.08 05:44:30.006,1.12829,1.12841,1.00,1.50
2016.12.08 05:44:30.108,1.12831,1.12841,1.00,1.50
2016.12.08 05:44:30.210,1.12831,1.12843,1.00,1.00
2016.12.08 05:44:30.261,1.12832,1.12846,1.00,1.69
2016.12.08 05:44:30.789,1.12832,1.12846,1.00,1.00
2016.12.08 05:44:30.954,1.12833,1.12846,1.69,1.00
2016.12.08 05:44:31.319,1.12831,1.12844,1.87,1.00
2016.12.08 05:44:31.421,1.12829,1.12842,1.75,1.25
2016.12.08 05:44:31.573,1.12828,1.12841,1.00,1.00
2016.12.08 05:44:32.345,1.12826,1.12838,1.00,1.25
2016.12.08 05:44:33.648,1.12825,1.12838,1.00,1.69
2016.12.08 05:44:33.953,1.12827,1.12841,1.00,1.31
2016.12.08 05:44:34.004,1.12829,1.12842,1.00,2.44
2016.12.08 05:44:34.307,1.12832,1.12846,1.00,1.00
2016.12.08 05:44:34.815,1.12831,1.12846,1.12,1.25
2016.12.08 05:44:34.868,1.12831,1.12837,1.12,1.25
2016.12.08 05:44:34.940,1.12827,1.12839,1.00,1.00
2016.12.08 05:44:35.143,1.12824,1.12839,1.00,1.00
2016.12.08 05:44:35.756,1.12824,1.1284,1.00,1.69
2016.12.08 05:44:35.960,1.12827,1.1284,1.00,1.69
2016.12.08 05:44:36.504,1.12828,1.1284,1.00,1.25
2016.12.08 05:44:37.027,1.12829,1.1284,1.00,1.25
2016.12.08 05:44:37.611,1.12828,1.1284,1.50,1.25
2016.12.08 05:44:37.763,1.12826,1.12839,1.00,1.00
2016.12.08 05:44:37.945,1.12824,1.1284,1.12,1.12
2016.12.08 05:44:38.046,1.12826,1.1284,1.00,1.00
2016.12.08 05:44:38.571,1.12824,1.1284,1.12,1.12
2016.12.08 05:44:39.144,1.12827,1.1284,1.00,1.12
2016.12.08 05:44:39.562,1.12824,1.1284,1.12,2.06
2016.12.08 05:44:40.130,1.12826,1.1284,1.00,2.06
2016.12.08 05:44:41.669,1.12826,1.12841,1.50,1.12
2016.12.08 05:44:42.247,1.12827,1.12841,1.00,1.87
2016.12.08 05:44:42.551,1.12827,1.12838,1.50,1.25
2016.12.08 05:44:43.165,1.12826,1.12838,1.50,1.25
2016.12.08 05:44:46.537,1.12827,1.12838,1.00,1.25
2016.12.08 05:44:47.083,1.12826,1.12838,1.00,1.25
2016.12.08 05:44:47.949,1.12827,1.12838,1.00,1.25
2016.12.08 05:44:48.202,1.12831,1.12844,1.00,2.06
2016.12.08 05:44:48.456,1.12831,1.12846,1.50,1.25
2016.12.08 05:44:48.980,1.12831,1.12847,1.50,1.69
2016.12.08 05:44:49.506,1.12832,1.12847,1.00,1.25
2016.12.08 05:44:49.799,1.12834,1.12848,1.00,1.25
2016.12.08 05:44:50.104,1.12836,1.1285,1.00,1.25
2016.12.08 05:44:50.424,1.12826,1.12839,1.00,1.19
2016.12.08 05:44:51.036,1.12827,1.12839,1.00,1.19
2016.12.08 05:44:53.477,1.1283,1.12843,1.00,1.25
2016.12.08 05:44:53.711,1.12831,1.12846,1.00,1.69
2016.12.08 05:44:53.965,1.12829,1.12843,1.50,1.25
2016.12.08 05:44:54.782,1.12828,1.12836,1.00,1.25
2016.12.08 05:44:54.833,1.12826,1.12835,1.50,1.25
2016.12.08 05:44:55.087,1.12822,1.12835,1.00,1.25
2016.12.08 05:44:56.200,1.12821,1.12835,1.50,1.25
2016.12.08 05:44:56.747,1.12822,1.12835,1.00,1.25
2016.12.08 05:44:57.329,1.12821,1.12835,1.50,1.25
2016.12.08 05:44:59.462,1.12823,1.12836,1.00,2.81
2016.12.08 05:44:59.766,1.12826,1.12836,1.00,1.25
2016.12.08 05:45:00.304,1.12825,1.12836,1.00,1.25
2016.12.08 05:45:00.355,1.12824,1.12839,1.00,1.25
2016.12.08 05:45:00.442,1.12827,1.1284,1.00,1.50
2016.12.08 05:45:00.594,1.12827,1.12843,1.00,1.00
2016.12.08 05:45:00.646,1.12827,1.12833,1.00,1.25
2016.12.08 05:45:00.799,1.12821,1.12833,1.37,1.25
2016.12.08 05:45:00.850,1.12821,1.12833,1.00,1.25
2016.12.08 05:45:01.455,1.12817,1.12829,1.87,1.25
2016.12.08 05:45:01.979,1.12817,1.12829,1.00,1.25
2016.12.08 05:45:02.348,1.12818,1.12832,1.00,1.25
2016.12.08 05:45:02.901,1.12821,1.12832,1.00,1.25
2016.12.08 05:45:05.468,1.12819,1.12832,1.50,1.25
2016.12.08 05:45:06.176,1.12822,1.12832,1.00,1.25
2016.12.08 05:45:06.696,1.12819,1.12832,1.00,1.25
2016.12.08 05:45:07.162,1.12822,1.12832,1.00,1.25
2016.12.08 05:45:07.781,1.12818,1.12832,1.00,1.25
2016.12.08 05:45:08.212,1.12821,1.12832,1.00,1.25
2016.12.08 05:45:08.664,1.12818,1.12832,1.00,1.25
2016.12.08 05:45:09.213,1.12816,1.12829,2.25,1.25
2016.12.08 05:45:11.382,1.12817,1.12829,1.00,1.25
2016.12.08 05:45:21.209,1.12816,1.12829,1.00,1.25
2016.12.08 05:45:22.925,1.12816,1.1283,1.50,1.19
2016.12.08 05:45:23.229,1.12813,1.12827,1.50,1.25
2016.12.08 05:45:23.379,1.12817,1.12827,1.00,1.25
2016.12.08 05:45:23.594,1.12813,1.12827,1.50,1.25
2016.12.08 05:45:23.870,1.12811,1.12823,2.25,1.69
2016.12.08 05:45:23.972,1.12809,1.12823,1.00,1.00
2016.12.08 05:45:24.124,1.12808,1.1282,1.00,1.25
2016.12.08 05:45:24.175,1.12806,1.1282,1.00,1.25
2016.12.08 05:45:24.478,1.12804,1.1282,1.00,1.69
2016.12.08 05:45:25.008,1.12807,1.1282,1.00,1.25
2016.12.08 05:45:26.282,1.12809,1.12823,1.00,1.00
2016.12.08 05:45:26.485,1.12811,1.12824,1.00,1.25
2016.12.08 05:45:26.789,1.12814,1.12827,1.00,1.25
2016.12.08 05:45:27.654,1.12812,1.12827,1.00,1.25
2016.12.08 05:45:27.980,1.1281,1.12821,1.00,1.25
2016.12.08 05:45:28.132,1.12807,1.12821,1.37,1.69
2016.12.08 05:45:28.184,1.12809,1.12823,1.00,4.31
2016.12.08 05:45:28.236,1.12809,1.12822,1.00,1.19
2016.12.08 05:45:28.540,1.12807,1.12821,1.50,1.25
2016.12.08 05:45:29.219,1.12806,1.12819,1.00,1.25
2016.12.08 05:45:29.525,1.12804,1.12819,1.12,1.56
2016.12.08 05:45:29.692,1.12804,1.1282,1.12,2.06
2016.12.08 05:45:30.196,1.12805,1.1282,1.00,1.31
2016.12.08 05:45:35.309,1.12807,1.1282,1.00,1.31
2016.12.08 05:45:35.360,1.12805,1.1282,1.00,1.25
2016.12.08 05:45:36.236,1.12804,1.1282,1.00,1.25
2016.12.08 05:45:36.543,1.12806,1.1282,1.00,1.25
2016.12.08 05:45:38.692,1.12804,1.1282,1.50,1.69
2016.12.08 05:45:38.997,1.12799,1.12815,1.50,1.69
2016.12.08 05:45:39.504,1.12801,1.12814,1.00,1.25
2016.12.08 05:45:40.010,1.12802,1.12814,1.00,1.25
2016.12.08 05:45:43.417,1.12801,1.12814,1.50,1.25
2016.12.08 05:45:43.847,1.12801,1.12812,1.00,1.25
2016.12.08 05:45:44.452,1.12802,1.12812,1.00,1.25
2016.12.08 05:45:45.521,1.12799,1.12812,1.00,1.25
2016.12.08 05:46:00.235,1.12798,1.12812,1.00,1.69
2016.12.08 05:46:00.736,1.12799,1.12812,1.00,1.25
2016.12.08 05:46:01.409,1.12799,1.12811,1.00,1.25
2016.12.08 05:46:01.917,1.12799,1.12812,1.00,1.25
2016.12.08 05:46:05.221,1.12797,1.12809,2.25,1.25
2016.12.08 05:46:05.684,1.12797,1.12807,1.00,1.25
2016.12.08 05:46:06.838,1.12795,1.12807,1.00,1.25
2016.12.08 05:46:10.576,1.12794,1.12806,1.00,1.25
2016.12.08 05:46:10.678,1.12796,1.12803,1.00,1.25
2016.12.08 05:46:10.753,1.12793,1.12803,1.00,1.19
2016.12.08 05:46:10.855,1.1279,1.12803,1.50,1.19
2016.12.08 05:46:10.957,1.1279,1.12805,1.00,2.44
2016.12.08 05:46:11.289,1.12793,1.12805,1.00,1.19
2016.12.08 05:46:12.839,1.12792,1.12805,1.00,1.19
2016.12.08 05:46:13.434,1.12795,1.12807,1.00,1.69
2016.12.08 05:46:14.767,1.12795,1.12806,1.00,1.19
2016.12.08 05:46:16.902,1.12794,1.12806,1.00,1.19
2016.12.08 05:46:17.211,1.12796,1.12806,1.00,1.19
2016.12.08 05:46:17.822,1.12795,1.12806,1.00,1.19
2016.12.08 05:46:18.277,1.12793,1.12806,1.00,1.19
2016.12.08 05:46:21.389,1.12792,1.12803,1.00,1.19
2016.12.08 05:46:21.490,1.12788,1.128,1.00,1.19
2016.12.08 05:46:21.592,1.12787,1.12797,1.12,1.19
2016.12.08 05:46:21.907,1.12783,1.12793,1.00,1.19
2016.12.08 05:46:22.858,1.12782,1.12793,1.00,1.19
2016.12.08 05:46:23.349,1.12782,1.12796,1.00,1.25
2016.12.08 05:46:23.551,1.12786,1.12797,1.00,2.44
2016.12.08 05:46:23.760,1.12789,1.12801,1.00,1.50
2016.12.08 05:46:24.671,1.12789,1.12803,1.00,1.69
2016.12.08 05:46:25.184,1.12792,1.12803,1.00,1.69
2016.12.08 05:46:25.711,1.12792,1.12803,1.00,1.50
2016.12.08 05:46:26.085,1.12792,1.12806,1.00,1.19
2016.12.08 05:46:26.593,1.12793,1.12806,1.00,1.19
2016.12.08 05:46:28.952,1.12792,1.12806,1.00,1.19
2016.12.08 05:46:31.157,1.12794,1.12806,1.00,1.19
2016.12.08 05:46:32.099,1.12794,1.12803,1.00,1.19
2016.12.08 05:46:34.922,1.12791,1.12798,1.00,1.19
2016.12.08 05:46:34.973,1.12791,1.128,1.00,1.31
2016.12.08 05:46:35.024,1.12787,1.12797,1.75,1.25
2016.12.08 05:46:35.075,1.12787,1.12797,1.00,1.25
2016.12.08 05:46:35.602,1.12787,1.12798,1.00,1.25
2016.12.08 05:46:36.925,1.12785,1.12796,1.00,1.19
2016.12.08 05:46:37.027,1.12787,1.12798,1.00,1.25
2016.12.08 05:46:38.127,1.12792,1.128,1.00,1.19
2016.12.08 05:46:38.178,1.12792,1.12803,1.00,1.19
2016.12.08 05:46:46.386,1.12794,1.12803,1.00,1.19
2016.12.08 05:46:46.515,1.12794,1.12806,1.00,1.56
2016.12.08 05:46:47.037,1.12794,1.12806,1.00,1.19
2016.12.08 05:46:48.416,1.12792,1.12806,1.50,1.19
2016.12.08 05:46:48.800,1.12794,1.12806,1.00,1.19
2016.12.08 05:46:53.000,1.12792,1.12806,1.00,1.19
2016.12.08 05:46:53.722,1.12795,1.12806,1.00,1.19
2016.12.08 05:46:53.874,1.12795,1.12808,1.00,1.69
2016.12.08 05:46:54.346,1.12796,1.1281,1.50,1.00
2016.12.08 05:46:54.861,1.12798,1.12811,1.00,1.69
2016.12.08 05:46:55.684,1.12799,1.12812,1.00,1.19
2016.12.08 05:46:56.218,1.128,1.12812,1.00,1.19
2016.12.08 05:47:00.621,1.12804,1.12816,1.00,1.69
2016.12.08 05:47:01.187,1.12804,1.12818,1.00,1.19
2016.12.08 05:47:01.723,1.12805,1.12818,1.00,1.19
2016.12.08 05:47:02.998,1.12806,1.12818,1.00,1.19
2016.12.08 05:47:03.573,1.12805,1.12818,1.00,1.19
2016.12.08 05:47:03.779,1.12803,1.12818,1.00,1.19
2016.12.08 05:47:03.830,1.12803,1.12816,1.00,1.19
2016.12.08 05:47:04.995,1.12801,1.12816,1.00,1.69
2016.12.08 05:47:05.046,1.12801,1.12813,1.00,1.19
2016.12.08 05:47:09.798,1.12799,1.12813,1.00,1.19
2016.12.08 05:47:10.979,1.12801,1.12813,1.00,1.19
2016.12.08 05:47:11.030,1.12801,1.12814,1.00,1.25
2016.12.08 05:47:11.081,1.12804,1.12814,1.00,1.25
2016.12.08 05:47:11.132,1.12802,1.12818,1.00,1.31
2016.12.08 05:47:11.183,1.12809,1.1282,1.00,3.56
2016.12.08 05:47:11.739,1.12809,1.12823,1.00,1.69
2016.12.08 05:47:11.960,1.12811,1.12823,1.00,1.25
2016.12.08 05:47:15.213,1.12812,1.12823,1.00,1.25
2016.12.08 05:47:15.264,1.12812,1.12826,1.00,2.44
2016.12.08 05:47:15.968,1.12814,1.12826,1.00,2.44
2016.12.08 05:47:18.763,1.12813,1.12825,1.00,1.25
2016.12.08 05:47:19.340,1.12814,1.12825,1.00,1.25
2016.12.08 05:47:21.314,1.12813,1.12826,1.00,2.44
2016.12.08 05:47:21.819,1.12811,1.12826,1.00,2.44
2016.12.08 05:47:23.006,1.12809,1.12825,1.00,2.44
2016.12.08 05:47:23.057,1.12807,1.12819,1.12,1.25
2016.12.08 05:47:23.311,1.12799,1.12815,1.25,1.69
2016.12.08 05:47:23.363,1.12799,1.12812,1.00,1.19
2016.12.08 05:47:24.007,1.12798,1.12812,1.00,1.19
2016.12.08 05:47:24.361,1.12799,1.12814,1.00,1.69
2016.12.08 05:47:25.435,1.12798,1.12814,1.25,2.44
2016.12.08 05:47:25.740,1.128,1.12814,1.00,1.25
2016.12.08 05:47:26.109,1.12802,1.12814,1.00,1.00
2016.12.08 05:47:26.160,1.12798,1.12814,1.00,2.62
2016.12.08 05:47:26.687,1.12797,1.12813,1.50,1.31
2016.12.08 05:47:27.105,1.12799,1.12813,1.00,2.06
2016.12.08 05:47:29.536,1.12799,1.12812,1.00,1.19
2016.12.08 05:47:29.902,1.12799,1.12813,1.00,2.06
2016.12.08 05:47:30.234,1.12799,1.12811,1.00,1.00
2016.12.08 05:47:30.337,1.12799,1.12813,1.00,2.06
2016.12.08 05:47:37.279,1.12797,1.12812,1.00,1.00
2016.12.08 05:47:37.330,1.12797,1.1281,1.00,1.25
2016.12.08 05:47:38.018,1.12796,1.1281,1.00,1.25
2016.12.08 05:47:38.344,1.12796,1.12813,1.50,2.06
2016.12.08 05:47:38.964,1.12797,1.12813,1.50,2.06
2016.12.08 05:47:42.077,1.12796,1.12813,1.00,2.06
2016.12.08 05:47:42.840,1.12797,1.12812,1.00,1.31
2016.12.08 05:47:44.298,1.12798,1.12812,1.00,1.25
2016.12.08 05:47:48.540,1.12797,1.12813,1.00,1.19
2016.12.08 05:47:48.591,1.12799,1.12813,1.00,1.69
2016.12.08 05:47:51.643,1.12798,1.12812,1.00,1.25
2016.12.08 05:47:52.191,1.12799,1.12813,1.00,1.69
2016.12.08 05:47:52.548,1.12799,1.12813,1.00,1.69
2016.12.08 05:47:52.649,1.12797,1.12809,1.00,1.25
2016.12.08 05:47:56.616,1.12795,1.12809,1.00,1.25
2016.12.08 05:47:57.138,1.12794,1.12809,1.00,1.25
2016.12.08 05:47:57.662,1.12795,1.12809,1.00,1.25
2016.12.08 05:47:57.928,1.12795,1.12806,1.00,1.25
2016.12.08 05:47:58.080,1.12796,1.1281,1.00,1.19
2016.12.08 05:47:58.616,1.12795,1.12808,1.00,1.25
2016.12.08 05:48:02.197,1.12794,1.12808,1.00,1.25
2016.12.08 05:48:02.727,1.12795,1.12809,1.00,1.19
2016.12.08 05:48:03.536,1.12797,1.12809,1.00,1.19
2016.12.08 05:48:03.840,1.128,1.12812,1.00,1.19
2016.12.08 05:48:05.638,1.12797,1.12811,1.00,1.25
2016.12.08 05:48:05.690,1.12795,1.1281,1.50,1.25
2016.12.08 05:48:05.812,1.12795,1.12808,1.00,1.25
2016.12.08 05:48:06.679,1.12794,1.12808,1.00,1.25
2016.12.08 05:48:08.144,1.12793,1.12808,1.00,1.25
2016.12.08 05:48:08.670,1.12794,1.1281,1.00,1.69
2016.12.08 05:48:10.079,1.12797,1.1281,1.00,1.19
2016.12.08 05:48:10.582,1.12791,1.12808,2.25,1.25
2016.12.08 05:48:10.634,1.12794,1.12808,1.00,1.19
2016.12.08 05:48:11.137,1.12797,1.12809,1.00,1.19
2016.12.08 05:48:20.543,1.12796,1.12809,1.00,1.19
2016.12.08 05:48:21.249,1.12795,1.12809,1.00,1.69
2016.12.08 05:48:27.204,1.12796,1.12809,1.00,1.19
2016.12.08 05:48:28.221,1.12797,1.12809,1.00,1.19
2016.12.08 05:48:31.045,1.12796,1.12809,1.00,1.19
2016.12.08 05:48:40.460,1.12796,1.1281,1.00,1.69
2016.12.08 05:48:41.339,1.12794,1.1281,1.00,2.44
2016.12.08 05:48:42.433,1.12794,1.12807,1.00,1.25
2016.12.08 05:48:43.520,1.12797,1.1281,1.00,1.12
2016.12.08 05:48:44.061,1.12797,1.12811,1.00,2.44
2016.12.08 05:48:45.093,1.12797,1.1281,1.00,1.00
2016.12.08 05:48:48.218,1.12795,1.1281,1.00,1.50
2016.12.08 05:48:49.141,1.12795,1.12811,1.00,2.44
2016.12.08 05:48:49.694,1.12797,1.12811,1.00,2.44
2016.12.08 05:48:50.196,1.12796,1.12811,1.00,2.44
2016.12.08 05:48:50.670,1.12793,1.12809,1.19,2.25
2016.12.08 05:48:51.218,1.12793,1.12808,1.19,1.00
2016.12.08 05:48:54.287,1.12795,1.12808,1.00,1.00
2016.12.08 05:48:54.389,1.12795,1.12811,1.00,3.56
2016.12.08 05:48:54.844,1.12797,1.12811,1.69,1.50
2016.12.08 05:48:55.148,1.12804,1.12818,1.25,1.87
2016.12.08 05:48:55.312,1.12804,1.12818,1.25,1.00
2016.12.08 05:48:55.363,1.12805,1.12821,1.19,1.00
2016.12.08 05:48:55.571,1.12805,1.12821,1.50,1.69
2016.12.08 05:48:55.977,1.12808,1.12821,1.00,1.19
2016.12.08 05:48:56.420,1.12809,1.12823,1.00,2.44
2016.12.08 05:48:56.774,1.12811,1.12823,1.00,1.19
2016.12.08 05:49:01.512,1.12808,1.12821,1.12,1.19
2016.12.08 05:49:01.613,1.12806,1.12821,1.00,1.69
2016.12.08 05:49:01.665,1.12806,1.12818,1.50,1.19
2016.12.08 05:49:01.766,1.12803,1.12818,1.50,1.19
2016.12.08 05:49:02.272,1.128,1.12816,1.50,1.69
2016.12.08 05:49:02.323,1.128,1.12814,1.50,1.19
2016.12.08 05:49:02.959,1.12799,1.12814,1.00,1.19
2016.12.08 05:49:03.471,1.128,1.12814,1.00,1.19
2016.12.08 05:49:04.911,1.12801,1.12816,1.00,1.19
2016.12.08 05:49:05.320,1.12803,1.12817,1.00,2.06
2016.12.08 05:49:05.422,1.12804,1.12819,1.25,1.25
2016.12.08 05:49:07.279,1.12805,1.12819,1.00,1.69
2016.12.08 05:49:07.330,1.12807,1.12819,1.00,1.25
2016.12.08 05:49:07.533,1.12809,1.12823,1.00,1.69
2016.12.08 05:49:08.096,1.1281,1.12823,1.00,1.19
2016.12.08 05:49:08.980,1.12812,1.12823,1.00,1.19
2016.12.08 05:49:09.831,1.12812,1.12823,1.00,1.00
2016.12.08 05:49:09.924,1.12813,1.12827,1.00,3.19
2016.12.08 05:49:12.344,1.12814,1.12826,1.00,1.25
2016.12.08 05:49:12.818,1.12812,1.12826,1.00,1.69
2016.12.08 05:49:13.021,1.12816,1.12826,1.19,1.50
2016.12.08 05:49:13.072,1.12811,1.12824,1.00,1.25
2016.12.08 05:49:13.224,1.12809,1.12824,1.00,1.25
2016.12.08 05:49:13.656,1.12811,1.12824,1.00,1.00
2016.12.08 05:49:14.177,1.12812,1.12825,1.00,1.25
2016.12.08 05:49:14.790,1.12812,1.12822,1.00,1.25
2016.12.08 05:49:14.906,1.12809,1.12821,1.37,1.25
2016.12.08 05:49:15.418,1.12809,1.12821,1.00,1.25
2016.12.08 05:49:17.918,1.12809,1.12823,1.00,1.69
2016.12.08 05:49:19.149,1.12812,1.12823,1.00,1.25
2016.12.08 05:49:21.055,1.12809,1.12823,1.00,1.25
2016.12.08 05:49:21.388,1.12811,1.12823,1.00,1.25
2016.12.08 05:49:24.483,1.12811,1.12822,1.50,1.25
2016.12.08 05:49:25.456,1.12809,1.12822,1.00,1.25
2016.12.08 05:49:25.756,1.12811,1.12822,1.00,1.25
2016.12.08 05:49:26.024,1.12809,1.12822,1.00,1.25
2016.12.08 05:49:26.557,1.12809,1.12821,1.00,1.25
2016.12.08 05:49:36.960,1.1281,1.12824,1.00,3.19
2016.12.08 05:49:37.112,1.12812,1.12824,1.00,2.44
2016.12.08 05:49:37.523,1.1281,1.12824,1.00,1.25
2016.12.08 05:49:38.442,1.12811,1.12824,1.00,1.25
2016.12.08 05:49:41.731,1.12812,1.12827,1.00,1.25
2016.12.08 05:49:41.900,1.12815,1.12829,1.00,1.69
2016.12.08 05:49:42.204,1.12812,1.12826,1.50,1.00
2016.12.08 05:49:42.721,1.12813,1.12825,1.00,1.25
2016.12.08 05:49:43.032,1.12807,1.12819,1.00,1.19
2016.12.08 05:49:43.235,1.12803,1.12817,1.50,1.19
2016.12.08 05:49:43.927,1.12805,1.12817,1.00,1.19
2016.12.08 05:49:44.448,1.12805,1.12818,1.00,1.19
2016.12.08 05:49:46.230,1.12804,1.12818,1.00,1.19
2016.12.08 05:49:46.990,1.12807,1.12818,1.00,1.19
2016.12.08 05:49:47.041,1.12807,1.12822,1.00,3.19
2016.12.08 05:49:47.551,1.12808,1.12821,1.00,1.00
2016.12.08 05:49:48.074,1.12808,1.12822,1.50,1.50
2016.12.08 05:49:48.668,1.12808,1.12823,1.50,1.25
2016.12.08 05:49:49.200,1.1281,1.12823,1.00,1.25
2016.12.08 05:49:50.738,1.12816,1.12826,1.00,1.00
2016.12.08 05:49:50.790,1.12816,1.12828,1.00,1.00
2016.12.08 05:49:50.891,1.12816,1.1283,2.25,1.69
2016.12.08 05:49:51.338,1.12818,1.12831,1.00,1.19
2016.12.08 05:49:51.815,1.12821,1.12834,1.00,1.50
2016.12.08 05:49:52.328,1.12821,1.12836,1.00,1.19
2016.12.08 05:49:52.832,1.12823,1.12836,1.00,1.19
2016.12.08 05:49:54.896,1.1282,1.12836,1.00,1.69
2016.12.08 05:49:54.947,1.12818,1.12833,1.00,1.69
2016.12.08 05:49:55.488,1.12817,1.12833,1.12,1.69
2016.12.08 05:49:55.800,1.12817,1.12831,1.00,1.25
2016.12.08 05:50:00.393,1.12818,1.12832,1.00,1.25
2016.12.08 05:50:04.020,1.12818,1.12831,1.00,1.25
2016.12.08 05:50:04.944,1.12816,1.12827,1.50,1.25
2016.12.08 05:50:05.385,1.12816,1.12825,1.00,1.25
2016.12.08 05:50:05.560,1.12813,1.12825,1.00,1.25
2016.12.08 05:50:05.661,1.12813,1.12823,1.00,1.25
2016.12.08 05:50:06.134,1.12813,1.12827,1.00,1.69
2016.12.08 05:50:06.185,1.12813,1.12823,1.00,1.25
2016.12.08 05:50:06.709,1.12812,1.12823,1.50,1.25
2016.12.08 05:50:07.035,1.12812,1.1282,1.50,1.25
2016.12.08 05:50:07.196,1.12812,1.12825,1.50,1.25
2016.12.08 05:50:07.247,1.12815,1.12826,1.00,1.25
2016.12.08 05:50:07.552,1.12813,1.12824,1.00,1.25
2016.12.08 05:50:08.192,1.12813,1.12826,1.00,1.25
2016.12.08 05:50:09.256,1.12813,1.12828,1.00,1.69
2016.12.08 05:50:09.413,1.12814,1.12825,1.00,1.25
2016.12.08 05:50:12.132,1.12813,1.12827,1.00,1.25
2016.12.08 05:50:13.346,1.12814,1.12827,1.00,1.25
2016.12.08 05:50:16.257,1.12812,1.12827,1.50,1.25
2016.12.08 05:50:18.612,1.12813,1.12827,1.00,1.25
2016.12.08 05:50:23.768,1.12814,1.12827,1.00,1.25
2016.12.08 05:50:24.308,1.12813,1.12827,1.00,1.25
2016.12.08 05:50:26.255,1.12815,1.12827,1.00,1.25
2016.12.08 05:50:26.306,1.12813,1.12827,1.00,1.25
2016.12.08 05:50:29.267,1.12815,1.12829,1.00,1.25
2016.12.08 05:50:29.570,1.12819,1.12831,1.00,1.00
2016.12.08 05:50:29.621,1.12819,1.12833,1.00,1.25
2016.12.08 05:50:31.588,1.12819,1.12835,1.00,1.50
2016.12.08 05:50:32.158,1.1282,1.12835,1.00,1.50
2016.12.08 05:50:33.513,1.1282,1.12834,1.00,1.00
2016.12.08 05:50:34.713,1.1282,1.12835,1.00,1.50
2016.12.08 05:50:35.091,1.12822,1.12834,1.00,1.00
2016.12.08 05:50:35.630,1.12821,1.12835,1.00,1.50
2016.12.08 05:50:36.138,1.12821,1.12834,1.00,1.00
2016.12.08 05:50:38.538,1.12821,1.12835,1.00,1.50
2016.12.08 05:50:39.068,1.12822,1.12835,1.00,1.50
2016.12.08 05:50:39.574,1.12821,1.12834,1.00,1.00
2016.12.08 05:50:40.233,1.12822,1.12834,1.00,1.00
2016.12.08 05:50:41.471,1.12821,1.12834,1.00,1.00
2016.12.08 05:50:43.585,1.12822,1.12834,1.00,1.00
2016.12.08 05:50:44.774,1.12821,1.12834,1.00,1.00
2016.12.08 05:50:45.914,1.12822,1.12834,1.00,1.00
2016.12.08 05:50:46.626,1.12821,1.12834,1.00,1.00
2016.12.08 05:50:47.131,1.12822,1.12834,1.00,1.00
2016.12.08 05:50:48.709,1.12822,1.12835,1.00,1.50
2016.12.08 05:50:49.273,1.12822,1.12834,1.50,1.00
2016.12.08 05:50:49.813,1.12823,1.12835,1.00,1.50
2016.12.08 05:50:50.347,1.12822,1.12836,1.50,2.44
2016.12.08 05:50:52.364,1.12822,1.1283,1.00,1.69
2016.12.08 05:50:52.416,1.12817,1.12827,1.12,1.25
2016.12.08 05:50:52.467,1.12817,1.12829,1.00,3.19
2016.12.08 05:50:52.518,1.12815,1.12829,1.00,3.19
2016.12.08 05:50:53.383,1.12814,1.12829,1.00,2.44
2016.12.08 05:50:53.906,1.12813,1.12829,1.00,2.44
2016.12.08 05:50:54.030,1.12813,1.12827,1.00,1.25
2016.12.08 05:50:55.348,1.12814,1.12829,1.00,1.50
2016.12.08 05:50:55.586,1.12817,1.12829,1.00,1.50
2016.12.08 05:50:55.790,1.12814,1.12829,1.00,1.50
2016.12.08 05:50:56.212,1.12817,1.12829,1.00,1.50
2016.12.08 05:50:57.288,1.12815,1.12829,1.00,1.50
2016.12.08 05:50:58.122,1.12816,1.12829,1.00,1.50
2016.12.08 05:50:59.121,1.12815,1.12829,1.00,1.50
2016.12.08 05:51:02.941,1.12816,1.12829,1.00,2.25
2016.12.08 05:51:03.501,1.12817,1.12829,1.00,2.25
2016.12.08 05:51:04.342,1.12815,1.12829,1.00,2.25
2016.12.08 05:51:04.494,1.12813,1.12827,1.00,1.69
2016.12.08 05:51:04.696,1.12808,1.12824,1.50,1.25
2016.12.08 05:51:04.899,1.12811,1.12823,1.00,1.25
2016.12.08 05:51:05.051,1.12811,1.12826,1.00,2.06
2016.12.08 05:51:05.153,1.12813,1.12826,1.00,2.44
2016.12.08 05:51:05.500,1.12807,1.12824,1.50,1.25
2016.12.08 05:51:06.056,1.12809,1.12824,1.00,1.69
2016.12.08 05:51:14.853,1.1281,1.12824,1.00,1.25
2016.12.08 05:51:15.080,1.12812,1.12824,1.00,1.25
2016.12.08 05:51:15.132,1.12812,1.12826,1.00,1.87
2016.12.08 05:51:15.713,1.12812,1.12827,1.12,1.25
2016.12.08 05:51:16.311,1.12813,1.12827,1.00,1.25
2016.12.08 05:51:16.859,1.12814,1.12827,1.00,1.25
2016.12.08 05:51:20.001,1.12814,1.12829,1.00,1.00
2016.12.08 05:51:21.162,1.12813,1.12829,1.00,1.50
2016.12.08 05:51:39.595,1.12815,1.12829,1.00,2.44
2016.12.08 05:51:46.020,1.12817,1.12829,1.00,2.44
2016.12.08 05:51:47.534,1.12814,1.12827,1.00,1.25
2016.12.08 05:51:47.585,1.12812,1.12827,1.50,1.25
2016.12.08 05:51:48.158,1.12812,1.12826,1.00,1.69
2016.12.08 05:51:48.671,1.12812,1.12827,1.00,1.25
2016.12.08 05:51:50.546,1.12813,1.12827,1.00,1.25
2016.12.08 05:51:51.081,1.12814,1.12827,1.00,1.25
2016.12.08 05:51:51.285,1.12816,1.12827,1.00,1.25
2016.12.08 05:51:51.336,1.12816,1.12829,1.00,1.50
2016.12.08 05:51:58.164,1.12815,1.12829,1.00,2.25
2016.12.08 05:52:01.651,1.12814,1.12829,1.00,1.50
2016.12.08 05:52:04.455,1.12815,1.12829,1.00,1.50
2016.12.08 05:52:05.447,1.12817,1.12829,1.00,1.00
2016.12.08 05:52:05.986,1.12817,1.1283,1.00,1.25
2016.12.08 05:52:09.411,1.12817,1.12829,1.00,1.25
2016.12.08 05:52:10.238,1.12815,1.12829,1.00,1.25
2016.12.08 05:52:13.373,1.12816,1.12829,1.00,1.25
2016.12.08 05:52:13.449,1.12818,1.12829,1.00,1.25
2016.12.08 05:52:15.757,1.12821,1.12833,1.00,1.31
2016.12.08 05:52:16.320,1.12822,1.12833,1.00,1.25
2016.12.08 05:52:20.491,1.12821,1.12833,1.00,1.25
2016.12.08 05:52:22.069,1.12822,1.12833,1.00,1.25
2016.12.08 05:52:23.270,1.12821,1.12833,1.00,1.25
2016.12.08 05:52:23.832,1.12822,1.12833,1.00,1.25
2016.12.08 05:52:24.482,1.12821,1.12833,1.00,1.25
2016.12.08 05:52:26.023,1.12822,1.12833,1.00,1.25
2016.12.08 05:52:27.844,1.12822,1.12836,1.50,1.00
2016.12.08 05:52:29.602,1.12821,1.12836,1.50,1.50
2016.12.08 05:52:31.679,1.12822,1.12836,1.00,1.50
2016.12.08 05:52:32.231,1.12821,1.12836,1.50,1.50
2016.12.08 05:52:34.919,1.12822,1.12836,1.00,1.50
2016.12.08 05:52:35.488,1.12821,1.12836,1.00,1.50
2016.12.08 05:52:35.806,1.1282,1.1283,1.00,1.69
2016.12.08 05:52:35.908,1.12814,1.12828,1.37,1.69
2016.12.08 05:52:36.397,1.12821,1.12832,1.00,1.87
2016.12.08 05:52:36.550,1.12821,1.12834,1.00,1.31
2016.12.08 05:52:43.790,1.12822,1.12834,1.00,1.25
2016.12.08 05:52:51.904,1.12821,1.12834,1.00,1.25
2016.12.08 05:52:54.457,1.12821,1.12835,1.00,1.69
2016.12.08 05:52:57.532,1.12819,1.12835,1.00,1.69
2016.12.08 05:52:58.204,1.12821,1.12835,1.00,1.69
2016.12.08 05:52:59.268,1.12818,1.12832,1.50,1.25
2016.12.08 05:52:59.622,1.12816,1.12832,1.12,1.69
2016.12.08 05:53:00.242,1.12818,1.12832,1.00,1.69
2016.12.08 05:53:01.593,1.12819,1.12832,1.00,1.25
2016.12.08 05:53:01.756,1.12819,1.12834,1.00,1.25
2016.12.08 05:53:02.294,1.12819,1.12833,1.00,1.25
2016.12.08 05:53:06.337,1.12819,1.12832,1.00,1.00
2016.12.08 05:53:06.388,1.12819,1.12835,1.00,2.44
2016.12.08 05:53:08.813,1.12821,1.12835,1.00,1.25
2016.12.08 05:53:09.118,1.12823,1.12835,1.00,1.25
2016.12.08 05:53:14.193,1.12823,1.12838,1.00,2.44
2016.12.08 05:53:21.711,1.12823,1.12835,1.00,1.25
2016.12.08 05:53:21.762,1.12821,1.12835,1.50,1.69
2016.12.08 05:53:21.813,1.12821,1.12832,1.00,1.00
2016.12.08 05:53:21.864,1.12818,1.12832,1.87,1.00
2016.12.08 05:53:22.289,1.12816,1.12832,1.00,2.25
2016.12.08 05:53:22.341,1.12816,1.12829,1.00,1.25
2016.12.08 05:53:22.645,1.12815,1.12827,1.00,1.25
2016.12.08 05:53:22.847,1.12813,1.12827,1.00,1.25
2016.12.08 05:53:25.183,1.12812,1.12827,1.00,1.25
2016.12.08 05:53:28.218,1.12812,1.12825,1.00,1.00
2016.12.08 05:53:28.370,1.12808,1.12822,1.00,1.00
2016.12.08 05:53:28.501,1.12808,1.12819,1.00,1.50
2016.12.08 05:53:28.552,1.12806,1.12819,1.50,1.50
2016.12.08 05:53:30.255,1.12807,1.12819,1.00,1.50
2016.12.08 05:53:30.753,1.12807,1.12822,1.50,1.25
2016.12.08 05:53:30.956,1.12811,1.12822,1.00,1.25
2016.12.08 05:53:32.964,1.12807,1.12821,1.50,1.25
2016.12.08 05:53:33.752,1.12813,1.12825,1.00,1.00
2016.12.08 05:53:33.904,1.12811,1.12826,1.87,1.25
2016.12.08 05:53:34.107,1.12811,1.12823,1.12,1.25
2016.12.08 05:53:34.258,1.12812,1.12826,1.00,2.44
2016.12.08 05:53:34.701,1.12814,1.12827,1.00,1.50
2016.12.08 05:53:35.233,1.12815,1.12827,1.00,1.50
2016.12.08 05:53:36.037,1.12813,1.12827,1.12,2.44
2016.12.08 05:53:38.603,1.12813,1.12826,1.12,1.00
2016.12.08 05:53:38.705,1.12811,1.12826,1.00,1.69
2016.12.08 05:53:39.245,1.1281,1.12826,1.00,2.44
2016.12.08 05:53:39.648,1.1281,1.12824,1.00,1.00
2016.12.08 05:53:39.952,1.12809,1.12822,1.00,1.25
2016.12.08 05:53:41.706,1.12807,1.12819,1.00,1.25
2016.12.08 05:53:42.212,1.12806,1.12819,1.00,1.00
2016.12.08 05:53:42.721,1.12806,1.1282,1.50,1.50
2016.12.08 05:53:43.229,1.12807,1.1282,1.00,1.50
2016.12.08 05:53:43.884,1.12806,1.1282,1.00,1.50
2016.12.08 05:53:44.410,1.12807,1.1282,1.50,1.50
2016.12.08 05:53:45.493,1.12808,1.1282,1.00,1.50
2016.12.08 05:53:45.697,1.12813,1.12826,1.00,1.00
2016.12.08 05:53:45.779,1.12813,1.12829,1.50,2.44
2016.12.08 05:53:45.831,1.12816,1.12829,1.00,1.25
2016.12.08 05:53:46.642,1.12815,1.12829,1.00,1.69
2016.12.08 05:53:47.159,1.12815,1.12828,1.00,1.25
2016.12.08 05:53:47.759,1.12814,1.12828,1.00,1.25
2016.12.08 05:53:47.810,1.12812,1.12827,1.50,1.00
2016.12.08 05:53:48.065,1.12808,1.12819,1.75,1.25
2016.12.08 05:53:48.116,1.12808,1.12821,1.50,1.25
2016.12.08 05:53:48.217,1.12811,1.12822,1.00,2.81
2016.12.08 05:53:48.370,1.12811,1.12826,1.50,1.25
2016.12.08 05:53:48.910,1.12812,1.12826,1.00,1.25
2016.12.08 05:53:49.465,1.12812,1.12827,1.00,1.25
2016.12.08 05:53:55.252,1.12814,1.12827,1.00,1.25
2016.12.08 05:53:57.280,1.12814,1.1283,1.00,1.00
2016.12.08 05:53:57.331,1.1282,1.1283,1.00,1.50
2016.12.08 05:53:57.434,1.1282,1.12832,1.00,1.25
2016.12.08 05:53:57.943,1.12821,1.12833,1.00,1.25
2016.12.08 05:54:00.847,1.12824,1.12836,1.00,1.50
2016.12.08 05:54:01.150,1.12826,1.12839,1.00,1.50
2016.12.08 05:54:01.403,1.1283,1.12839,1.00,1.00
2016.12.08 05:54:01.454,1.1283,1.12842,1.00,1.69
2016.12.08 05:54:04.750,1.12831,1.12842,1.00,1.25
2016.12.08 05:54:04.952,1.12831,1.12844,1.00,1.00
2016.12.08 05:54:05.364,1.12833,1.12844,1.00,1.00
2016.12.08 05:54:05.561,1.12829,1.12844,1.00,1.50
2016.12.08 05:54:05.713,1.12831,1.12844,1.00,1.50
2016.12.08 05:54:07.361,1.12829,1.12844,1.00,1.00
2016.12.08 05:54:08.982,1.1283,1.12844,1.00,1.00
2016.12.08 05:54:13.839,1.12831,1.12844,1.00,1.50
2016.12.08 05:54:14.795,1.12832,1.12844,1.00,1.00
2016.12.08 05:54:20.442,1.1283,1.12844,1.00,1.50
2016.12.08 05:54:20.493,1.12829,1.12841,1.00,1.25
2016.12.08 05:54:20.595,1.12831,1.12844,1.00,1.00
2016.12.08 05:54:20.959,1.12829,1.12843,1.00,1.00
2016.12.08 05:54:24.305,1.12827,1.12843,1.00,1.00
2016.12.08 05:54:24.419,1.12827,1.12841,1.00,1.00
2016.12.08 05:54:28.612,1.12827,1.12839,1.00,1.25
2016.12.08 05:54:29.839,1.12824,1.12838,1.00,1.19
2016.12.08 05:54:30.086,1.12824,1.12835,1.00,1.25
2016.12.08 05:54:30.658,1.12823,1.12835,1.00,1.25
2016.12.08 05:54:34.865,1.12827,1.12835,1.00,1.25
2016.12.08 05:54:35.147,1.12823,1.12835,1.00,1.25
2016.12.08 05:54:35.658,1.12822,1.12835,1.50,1.25
2016.12.08 05:54:36.740,1.12823,1.12838,1.00,1.25
2016.12.08 05:54:37.043,1.12825,1.12838,1.00,1.25
2016.12.08 05:54:37.347,1.12827,1.12839,1.00,1.25
2016.12.08 05:54:38.038,1.12824,1.12836,1.12,1.25
2016.12.08 05:54:39.949,1.12825,1.12836,1.00,1.25
2016.12.08 05:54:40.152,1.12826,1.12839,1.00,1.25
2016.12.08 05:54:40.658,1.12825,1.12839,1.00,1.25
2016.12.08 05:54:40.924,1.12827,1.12839,1.00,1.25
2016.12.08 05:54:42.654,1.12831,1.12841,1.00,1.69
2016.12.08 05:54:42.705,1.12831,1.12844,1.00,2.25
2016.12.08 05:54:42.945,1.12836,1.12847,1.00,1.87
2016.12.08 05:54:43.147,1.12834,1.12848,1.00,1.69
2016.12.08 05:54:43.350,1.12834,1.12846,1.00,1.25
2016.12.08 05:54:43.604,1.12831,1.12846,1.00,1.25
2016.12.08 05:54:44.842,1.12833,1.12846,1.00,1.25
2016.12.08 05:54:45.541,1.12831,1.12846,1.00,1.25
2016.12.08 05:54:48.848,1.12831,1.12845,1.50,1.25
2016.12.08 05:54:48.899,1.12831,1.12841,1.00,1.00
2016.12.08 05:54:48.951,1.12827,1.1284,2.25,1.25
2016.12.08 05:54:49.002,1.12827,1.12837,1.50,1.00
2016.12.08 05:54:49.054,1.12823,1.12837,1.00,1.00
2016.12.08 05:54:50.471,1.12821,1.12837,1.50,2.44
2016.12.08 05:54:50.599,1.12822,1.12837,1.00,2.44
2016.12.08 05:54:50.754,1.12817,1.12833,1.00,2.44
2016.12.08 05:54:50.855,1.12817,1.12829,1.87,1.25
2016.12.08 05:54:50.957,1.12817,1.12831,1.00,1.25
2016.12.08 05:54:51.008,1.12817,1.12833,1.12,1.00
2016.12.08 05:54:51.363,1.12814,1.1283,1.12,1.00
2016.12.08 05:54:51.465,1.12812,1.1283,3.00,1.00
2016.12.08 05:54:51.668,1.12814,1.12829,1.00,1.25
2016.12.08 05:54:51.854,1.12812,1.1283,1.50,1.00
2016.12.08 05:54:52.255,1.12815,1.1283,1.00,1.00
2016.12.08 05:54:52.670,1.12813,1.1283,1.00,1.00
2016.12.08 05:54:52.722,1.12812,1.12824,1.00,1.00
2016.12.08 05:54:53.026,1.12812,1.12817,1.00,1.25
2016.12.08 05:54:53.078,1.12804,1.12817,1.37,1.69
2016.12.08 05:54:53.179,1.12803,1.12814,1.37,1.25
2016.12.08 05:54:53.230,1.12803,1.12814,1.12,1.25
2016.12.08 05:54:53.281,1.12806,1.12818,1.00,1.19
2016.12.08 05:54:53.485,1.12804,1.12818,1.00,1.19
2016.12.08 05:54:53.625,1.12804,1.1282,1.00,1.50
2016.12.08 05:54:54.268,1.12804,1.12817,1.00,1.00
2016.12.08 05:54:54.370,1.12804,1.1282,1.00,1.50
2016.12.08 05:54:55.051,1.12803,1.12819,1.00,1.00
2016.12.08 05:54:55.203,1.12802,1.12814,1.12,1.25
2016.12.08 05:54:55.254,1.128,1.12814,1.00,1.25
2016.12.08 05:54:55.817,1.128,1.12815,1.00,1.25
2016.12.08 05:54:55.968,1.12801,1.12817,1.50,1.00
2016.12.08 05:54:56.514,1.12802,1.12818,1.12,1.69
2016.12.08 05:54:57.054,1.12803,1.12818,1.00,1.25
2016.12.08 05:54:58.120,1.12802,1.12817,1.00,1.19
2016.12.08 05:54:58.222,1.12803,1.12819,1.00,2.11
2016.12.08 05:54:58.819,1.12803,1.12818,1.00,1.25
2016.12.08 05:54:59.086,1.12805,1.12818,1.00,1.25
2016.12.08 05:54:59.339,1.12806,1.12821,1.00,1.69
2016.12.08 05:54:59.441,1.12806,1.1282,1.00,1.19
2016.12.08 05:55:03.299,1.1281,1.12823,1.00,1.19
2016.12.08 05:55:03.451,1.12811,1.12824,1.00,1.87
2016.12.08 05:55:03.604,1.12812,1.12827,1.00,2.06
2016.12.08 05:55:04.212,1.12812,1.12822,1.00,1.25
2016.12.08 05:55:04.364,1.12806,1.12821,1.50,1.19
2016.12.08 05:55:04.567,1.12804,1.12819,1.00,1.25
2016.12.08 05:55:04.771,1.12803,1.12815,1.12,1.25
2016.12.08 05:55:05.190,1.12803,1.12819,1.12,1.31
2016.12.08 05:55:05.470,1.12805,1.12819,1.00,1.69
2016.12.08 05:55:05.904,1.12803,1.12819,1.12,2.44
2016.12.08 05:55:07.953,1.12805,1.12821,1.00,1.29
2016.12.08 05:55:08.257,1.12812,1.12824,1.00,1.25
2016.12.08 05:55:08.510,1.12812,1.12827,1.00,1.19
2016.12.08 05:55:08.561,1.12815,1.12828,1.00,1.00
2016.12.08 05:55:09.016,1.12815,1.1283,1.00,1.25
2016.12.08 05:55:09.083,1.12817,1.1283,1.00,1.25
2016.12.08 05:55:09.601,1.12818,1.12831,1.00,1.25
2016.12.08 05:55:09.992,1.12816,1.12831,1.00,1.25
2016.12.08 05:55:11.190,1.12816,1.1283,1.00,1.19
2016.12.08 05:55:12.095,1.12814,1.12828,1.50,1.69
2016.12.08 05:55:12.399,1.12814,1.12825,1.00,1.25
2016.12.08 05:55:12.874,1.12812,1.12827,1.00,1.19
2016.12.08 05:55:15.709,1.12811,1.12822,1.00,1.25
2016.12.08 05:55:15.862,1.12809,1.12822,1.00,1.25
2016.12.08 05:55:16.313,1.12811,1.12822,1.00,1.25
2016.12.08 05:55:16.501,1.12807,1.1282,1.00,1.19
2016.12.08 05:55:16.856,1.12804,1.12819,1.00,1.25
2016.12.08 05:55:17.452,1.12804,1.12818,1.00,1.00
2016.12.08 05:55:17.659,1.12804,1.12818,1.00,1.19
2016.12.08 05:55:17.711,1.12804,1.12818,1.00,1.69
2016.12.08 05:55:19.567,1.12804,1.12817,1.00,1.50
2016.12.08 05:55:19.668,1.12802,1.12817,1.00,1.00
2016.12.08 05:55:20.173,1.12803,1.12816,1.00,1.25
2016.12.08 05:55:20.708,1.12803,1.12816,1.00,1.19
2016.12.08 05:55:21.026,1.12803,1.12816,1.00,1.25
2016.12.08 05:55:21.177,1.12803,1.12814,1.00,1.25
2016.12.08 05:55:21.396,1.12803,1.12817,1.00,2.44
2016.12.08 05:55:22.728,1.12801,1.12812,1.50,1.25
2016.12.08 05:55:22.830,1.12798,1.1281,1.00,1.25
2016.12.08 05:55:23.339,1.12797,1.1281,1.00,1.25
2016.12.08 05:55:24.250,1.12798,1.1281,1.00,1.25
2016.12.08 05:55:25.065,1.12796,1.1281,1.50,1.25
2016.12.08 05:55:25.977,1.12794,1.1281,1.12,1.69
2016.12.08 05:55:26.029,1.12793,1.12807,1.50,1.25
2016.12.08 05:55:26.181,1.12792,1.12807,1.00,2.44
2016.12.08 05:55:26.484,1.1279,1.12804,1.00,1.69
2016.12.08 05:55:26.792,1.1279,1.12801,1.00,1.25
2016.12.08 05:55:27.129,1.12792,1.12801,1.00,1.25
2016.12.08 05:55:27.331,1.12789,1.12801,1.00,1.25
2016.12.08 05:55:27.574,1.12791,1.12801,1.00,1.25
2016.12.08 05:55:27.731,1.12787,1.12801,1.50,1.25
2016.12.08 05:55:27.832,1.12788,1.12803,1.69,1.00
2016.12.08 05:55:28.868,1.12788,1.128,1.00,1.25
2016.12.08 05:55:29.392,1.12788,1.12802,1.00,1.25
2016.12.08 05:55:30.102,1.12791,1.12805,1.00,2.44
2016.12.08 05:55:30.638,1.12792,1.12803,1.00,1.25
2016.12.08 05:55:30.740,1.12792,1.12806,1.50,1.69
2016.12.08 05:55:30.993,1.12792,1.12804,1.50,1.25
2016.12.08 05:55:31.380,1.12792,1.12806,1.00,1.69
2016.12.08 05:55:32.882,1.12792,1.12805,1.50,1.25
2016.12.08 05:55:33.394,1.12793,1.12806,1.00,1.69
2016.12.08 05:55:34.095,1.12793,1.12807,1.00,2.25
2016.12.08 05:55:34.989,1.12793,1.12806,1.00,1.00
2016.12.08 05:55:38.590,1.12792,1.12806,1.50,1.69
2016.12.08 05:55:39.224,1.12792,1.12805,1.00,1.25
2016.12.08 05:55:39.427,1.12792,1.12803,1.50,1.25
2016.12.08 05:55:39.478,1.12794,1.12806,1.00,1.69
2016.12.08 05:55:39.630,1.12794,1.12804,1.00,1.19
2016.12.08 05:55:39.681,1.12794,1.12808,1.00,2.81
2016.12.08 05:55:40.465,1.12792,1.12807,1.00,1.31
2016.12.08 05:55:41.079,1.12794,1.12807,1.00,1.25
2016.12.08 05:55:41.788,1.12794,1.12808,1.00,1.00
2016.12.08 05:55:42.327,1.12794,1.12809,1.00,2.06
2016.12.08 05:55:44.538,1.12794,1.12808,1.00,1.00
2016.12.08 05:55:44.843,1.12791,1.12803,1.00,1.25
2016.12.08 05:55:45.393,1.12792,1.12803,1.00,1.25
2016.12.08 05:55:45.444,1.12788,1.12803,1.00,1.25
2016.12.08 05:55:45.709,1.12791,1.12803,1.00,1.25
2016.12.08 05:55:46.040,1.12788,1.12803,1.00,1.25
2016.12.08 05:55:46.257,1.12791,1.12803,1.00,1.25
2016.12.08 05:55:46.549,1.12789,1.12803,1.00,1.25
2016.12.08 05:55:46.711,1.12792,1.12803,1.00,1.25
2016.12.08 05:55:47.114,1.12789,1.12803,1.00,1.69
2016.12.08 05:55:47.215,1.12789,1.12801,1.00,1.00
2016.12.08 05:55:47.317,1.12789,1.12803,1.00,2.44
2016.12.08 05:55:47.754,1.12792,1.12803,1.00,1.00
2016.12.08 05:55:47.958,1.12794,1.12807,1.00,1.31
2016.12.08 05:55:48.111,1.12795,1.12809,1.00,1.19
2016.12.08 05:55:48.213,1.12797,1.12809,1.00,1.19
2016.12.08 05:55:48.264,1.12797,1.12811,1.00,1.25
2016.12.08 05:55:48.781,1.12797,1.12811,1.00,1.69
2016.12.08 05:55:49.502,1.12797,1.12806,1.00,1.25
2016.12.08 05:55:49.706,1.12797,1.1281,1.00,2.44
2016.12.08 05:55:50.211,1.12797,1.1281,1.50,1.69
2016.12.08 05:55:51.159,1.12798,1.1281,1.00,1.69
2016.12.08 05:55:51.665,1.12797,1.1281,1.00,1.69
2016.12.08 05:55:51.716,1.12795,1.12807,1.00,1.25
2016.12.08 05:55:51.767,1.12796,1.1281,1.00,2.44
2016.12.08 05:55:52.318,1.12797,1.1281,1.00,2.44
2016.12.08 05:55:53.362,1.12797,1.12812,1.50,1.25
2016.12.08 05:55:53.467,1.12804,1.12816,1.00,1.50
2016.12.08 05:55:53.518,1.12804,1.12818,1.00,1.00
2016.12.08 05:55:53.570,1.12806,1.12817,1.00,1.19
2016.12.08 05:55:53.723,1.12804,1.12817,1.00,1.19
2016.12.08 05:55:54.620,1.12805,1.12817,1.00,1.19
2016.12.08 05:55:54.946,1.12807,1.1282,1.00,1.50
2016.12.08 05:55:55.472,1.12807,1.12821,1.00,1.25
2016.12.08 05:55:56.025,1.12807,1.1282,1.00,1.25
2016.12.08 05:55:56.127,1.12806,1.12817,1.00,1.19
2016.12.08 05:55:56.926,1.12803,1.12817,1.00,1.19
2016.12.08 05:55:57.366,1.12806,1.12817,1.00,1.19
2016.12.08 05:55:57.868,1.12805,1.12817,1.00,1.19
2016.12.08 05:55:57.919,1.12803,1.12817,1.00,1.19
2016.12.08 05:55:58.073,1.12802,1.12815,1.50,1.19
2016.12.08 05:55:58.642,1.12803,1.12815,1.00,1.19
2016.12.08 05:56:01.990,1.12802,1.12815,1.00,1.19
2016.12.08 05:56:02.506,1.12803,1.12817,1.00,1.19
2016.12.08 05:56:02.557,1.12807,1.12819,1.00,1.69
2016.12.08 05:56:02.608,1.12804,1.12819,1.50,1.69
2016.12.08 05:56:02.659,1.12807,1.12817,1.00,1.19
2016.12.08 05:56:02.710,1.12807,1.12821,1.00,1.19
2016.12.08 05:56:02.863,1.12811,1.12822,1.00,1.00
2016.12.08 05:56:03.044,1.12811,1.12825,1.00,3.56
2016.12.08 05:56:03.586,1.12812,1.12826,1.00,1.25
2016.12.08 05:56:04.305,1.12809,1.12826,2.44,1.25
2016.12.08 05:56:04.356,1.12808,1.12821,1.75,1.00
2016.12.08 05:56:04.510,1.12807,1.12819,1.00,1.25
2016.12.08 05:56:04.612,1.12805,1.12819,1.00,1.25
2016.12.08 05:56:07.272,1.12804,1.12819,1.50,1.25
2016.12.08 05:56:07.323,1.12807,1.1282,1.00,1.25
2016.12.08 05:56:07.628,1.12807,1.12818,1.00,1.25
2016.12.08 05:56:08.901,1.12807,1.12814,1.00,1.25
2016.12.08 05:56:08.952,1.12807,1.12816,1.00,1.69
2016.12.08 05:56:09.004,1.12807,1.12812,1.00,1.19
2016.12.08 05:56:09.055,1.12801,1.12812,1.00,1.19
2016.12.08 05:56:09.156,1.12796,1.12812,1.50,2.06
2016.12.08 05:56:09.283,1.12796,1.12812,1.12,1.69
2016.12.08 05:56:09.789,1.12796,1.1281,1.00,1.25
2016.12.08 05:56:10.351,1.12795,1.1281,1.00,1.25
2016.12.08 05:56:10.865,1.12796,1.1281,1.00,1.25
2016.12.08 05:56:11.244,1.12794,1.1281,1.00,1.69
2016.12.08 05:56:11.771,1.12794,1.12808,1.00,1.00
2016.12.08 05:56:12.449,1.12796,1.1281,1.00,1.69
2016.12.08 05:56:13.529,1.12797,1.1281,1.00,1.25
2016.12.08 05:56:14.408,1.12795,1.1281,1.00,1.25
2016.12.08 05:56:14.914,1.12796,1.1281,1.00,1.25
2016.12.08 05:56:15.462,1.12797,1.1281,1.00,1.25
2016.12.08 05:56:15.969,1.12798,1.12812,1.00,1.00
2016.12.08 05:56:16.020,1.12798,1.12814,1.00,1.00
2016.12.08 05:56:16.536,1.12799,1.12815,1.00,1.69
2016.12.08 05:56:17.422,1.12799,1.12813,1.00,1.00
2016.12.08 05:56:18.276,1.128,1.12814,1.00,1.00
2016.12.08 05:56:19.001,1.128,1.12814,1.00,1.69
2016.12.08 05:56:19.311,1.12805,1.12817,1.00,1.19
2016.12.08 05:56:19.412,1.12805,1.12818,1.00,2.44
2016.12.08 05:56:19.718,1.12805,1.12816,1.00,1.19
2016.12.08 05:56:20.201,1.12805,1.12818,1.00,1.69
2016.12.08 05:56:20.612,1.12805,1.12816,1.00,1.19
2016.12.08 05:56:21.006,1.12803,1.12816,1.00,1.19
2016.12.08 05:56:21.412,1.12804,1.12817,1.00,1.25
2016.12.08 05:56:21.463,1.12802,1.12816,1.50,1.25
2016.12.08 05:56:21.514,1.12802,1.12814,1.50,1.25
2016.12.08 05:56:21.868,1.128,1.12814,1.00,1.69
2016.12.08 05:56:22.374,1.128,1.12814,1.00,1.69
2016.12.08 05:56:22.843,1.12797,1.1281,3.00,1.19
2016.12.08 05:56:22.945,1.12797,1.1281,1.50,1.19
2016.12.08 05:56:23.577,1.12797,1.12812,1.50,1.69
2016.12.08 05:56:23.894,1.12798,1.12811,1.00,1.19
2016.12.08 05:56:24.512,1.12798,1.12812,1.00,1.25
2016.12.08 05:56:24.825,1.12798,1.12811,1.00,1.19
2016.12.08 05:56:25.182,1.12798,1.12812,1.00,1.25
2016.12.08 05:56:25.334,1.12798,1.1281,1.00,1.19
2016.12.08 05:56:27.074,1.12798,1.12811,1.00,1.25
2016.12.08 05:56:27.605,1.12799,1.12811,1.00,1.19
2016.12.08 05:56:28.093,1.12799,1.12813,1.00,1.25
2016.12.08 05:56:30.149,1.12804,1.12814,1.00,1.25
2016.12.08 05:56:30.200,1.12804,1.12817,1.00,1.69
2016.12.08 05:56:30.706,1.12805,1.12817,1.00,1.25
2016.12.08 05:56:31.861,1.12804,1.12817,1.12,1.25
2016.12.08 05:56:32.399,1.12804,1.12819,1.12,1.19
2016.12.08 05:56:32.652,1.12805,1.12821,1.50,2.06
2016.12.08 05:56:32.754,1.12805,1.1282,1.87,1.19
2016.12.08 05:56:33.519,1.12806,1.1282,1.00,1.19
2016.12.08 05:56:33.829,1.12802,1.12818,2.25,1.19
2016.12.08 05:56:33.879,1.12802,1.12818,1.87,1.19
2016.12.08 05:56:34.541,1.12805,1.12818,1.00,1.19
2016.12.08 05:56:34.743,1.12805,1.12819,1.00,2.06
2016.12.08 05:56:39.912,1.12809,1.12819,1.00,1.25
2016.12.08 05:56:39.963,1.12809,1.12822,1.00,2.06
2016.12.08 05:56:40.065,1.1281,1.12825,1.00,1.69
2016.12.08 05:56:40.283,1.12812,1.12825,1.00,1.31
2016.12.08 05:56:40.599,1.1281,1.12825,1.00,1.25
2016.12.08 05:56:40.816,1.12808,1.12823,1.00,1.00
2016.12.08 05:56:41.120,1.1281,1.12824,1.00,1.69
2016.12.08 05:56:42.062,1.12811,1.12824,1.00,1.25
2016.12.08 05:56:42.607,1.12808,1.12822,1.50,1.25
2016.12.08 05:56:42.809,1.12806,1.1282,1.00,1.25
2016.12.08 05:56:43.260,1.12806,1.12818,1.00,1.25
2016.12.08 05:56:43.568,1.12808,1.12818,1.00,1.25
2016.12.08 05:56:44.093,1.12809,1.12818,1.00,1.25
2016.12.08 05:56:44.601,1.12808,1.12818,1.00,1.25
2016.12.08 05:56:45.135,1.12809,1.12818,1.00,1.25
2016.12.08 05:56:45.974,1.12806,1.12818,1.50,1.25
2016.12.08 05:56:46.484,1.12807,1.12818,1.50,1.25
2016.12.08 05:56:46.535,1.12809,1.12821,1.00,1.25
2016.12.08 05:56:46.688,1.12807,1.12819,2.25,1.19
2016.12.08 05:56:47.202,1.12807,1.12818,1.00,1.19
2016.12.08 05:56:47.687,1.12805,1.12818,1.00,1.19
2016.12.08 05:56:48.587,1.12806,1.12818,1.00,1.19
2016.12.08 05:56:49.088,1.12807,1.12818,1.00,1.19
2016.12.08 05:56:49.392,1.12805,1.12818,1.00,1.19
2016.12.08 05:56:49.701,1.12807,1.12818,1.00,1.19
2016.12.08 05:56:49.752,1.1281,1.12821,1.00,1.25
2016.12.08 05:56:50.258,1.12811,1.12823,1.00,1.19
2016.12.08 05:56:50.630,1.12809,1.12823,1.00,1.19
2016.12.08 05:56:50.732,1.12811,1.12823,1.00,1.19
2016.12.08 05:56:51.086,1.12813,1.12826,1.00,1.19
2016.12.08 05:56:53.119,1.12815,1.12826,1.00,1.19
2016.12.08 05:56:53.170,1.12816,1.12828,1.00,1.25
2016.12.08 05:56:54.105,1.12817,1.12828,1.00,1.25
2016.12.08 05:56:58.424,1.12812,1.12828,1.87,1.19
2016.12.08 05:56:58.577,1.12811,1.12822,2.25,1.25
2016.12.08 05:56:58.628,1.12811,1.12822,1.00,1.25
2016.12.08 05:56:58.730,1.12811,1.12824,1.00,1.25
2016.12.08 05:56:59.511,1.12812,1.12826,1.00,1.25
2016.12.08 05:57:00.715,1.12812,1.12822,1.00,1.25
2016.12.08 05:57:00.931,1.12808,1.12819,1.00,1.25
2016.12.08 05:57:01.789,1.12807,1.12819,1.00,1.25
2016.12.08 05:57:02.296,1.12806,1.12819,1.00,1.25
2016.12.08 05:57:02.448,1.12805,1.12816,1.12,1.25
2016.12.08 05:57:02.752,1.12803,1.12813,1.00,1.25
2016.12.08 05:57:03.057,1.128,1.1281,1.00,1.25
2016.12.08 05:57:03.623,1.12799,1.1281,1.00,1.25
2016.12.08 05:57:06.852,1.128,1.1281,1.00,1.25
2016.12.08 05:57:07.004,1.128,1.12812,1.00,1.25
2016.12.08 05:57:07.271,1.12802,1.12815,1.00,1.62
2016.12.08 05:57:07.574,1.12804,1.12815,1.00,1.25
2016.12.08 05:57:09.761,1.12805,1.12815,1.00,1.25
2016.12.08 05:57:10.740,1.12802,1.12813,1.00,1.25
2016.12.08 05:57:10.843,1.128,1.12813,1.00,1.25
2016.12.08 05:57:11.045,1.12802,1.12813,1.00,1.62
2016.12.08 05:57:11.570,1.12801,1.12813,1.00,1.25
2016.12.08 05:57:12.075,1.128,1.12813,1.00,1.25
2016.12.08 05:57:12.669,1.12798,1.12813,2.25,1.25
2016.12.08 05:57:12.974,1.12799,1.12809,1.00,1.25
2016.12.08 05:57:15.924,1.12797,1.12809,1.00,1.25
2016.12.08 05:57:17.057,1.12799,1.12809,1.00,1.25
2016.12.08 05:57:17.260,1.12799,1.12813,1.00,1.00
2016.12.08 05:57:17.311,1.12799,1.12811,1.00,1.25
2016.12.08 05:57:17.846,1.128,1.12811,1.00,1.25
2016.12.08 05:57:18.347,1.12799,1.12811,1.00,1.25
2016.12.08 05:57:20.413,1.12802,1.12811,1.00,1.25
2016.12.08 05:57:20.471,1.12802,1.12814,1.00,1.31
2016.12.08 05:57:20.691,1.12805,1.12816,1.00,1.62
2016.12.08 05:57:21.202,1.12805,1.12816,1.00,1.25
2016.12.08 05:57:23.731,1.12808,1.12819,1.00,1.62
2016.12.08 05:57:24.259,1.12808,1.12822,1.00,1.37
2016.12.08 05:57:24.360,1.12808,1.12819,1.00,1.19
2016.12.08 05:57:25.864,1.12805,1.12815,1.75,1.25
2016.12.08 05:57:25.966,1.12801,1.12813,1.75,1.25
2016.12.08 05:57:26.067,1.12802,1.12813,1.00,1.25
2016.12.08 05:57:27.074,1.12806,1.12819,1.00,1.62
2016.12.08 05:57:27.176,1.12806,1.12819,1.50,1.25
2016.12.08 05:57:27.328,1.12806,1.12817,1.12,1.25
2016.12.08 05:57:27.379,1.12804,1.12817,1.00,1.25
2016.12.08 05:57:30.114,1.12807,1.1282,1.00,1.62
2016.12.08 05:57:30.165,1.12807,1.12821,1.00,1.25
2016.12.08 05:57:30.295,1.1281,1.12821,1.00,1.31
2016.12.08 05:57:30.802,1.1281,1.12821,1.00,1.19
2016.12.08 05:57:31.665,1.1281,1.12823,1.00,1.31
2016.12.08 05:57:32.575,1.12807,1.12823,1.12,1.25
2016.12.08 05:57:32.626,1.12806,1.12818,1.50,1.00
2016.12.08 05:57:32.879,1.12802,1.12817,1.87,1.25
2016.12.08 05:57:33.603,1.12804,1.12817,1.00,1.25
2016.12.08 05:57:34.611,1.12802,1.12817,1.12,1.25
2016.12.08 05:57:38.028,1.12804,1.12818,1.00,1.00
2016.12.08 05:57:38.331,1.12806,1.12818,1.00,1.00
2016.12.08 05:57:39.035,1.12806,1.12819,1.00,1.69
2016.12.08 05:57:39.611,1.12808,1.12821,1.00,1.25
2016.12.08 05:57:39.813,1.12806,1.12821,2.62,1.25
2016.12.08 05:57:39.864,1.12807,1.12819,1.00,1.25
2016.12.08 05:57:40.247,1.12806,1.12822,1.50,1.69
2016.12.08 05:57:40.298,1.12809,1.12823,1.00,1.31
2016.12.08 05:57:40.602,1.12812,1.12823,1.00,1.25
2016.12.08 05:57:41.191,1.12811,1.12823,1.00,1.25
2016.12.08 05:57:41.900,1.12811,1.12821,1.00,1.00
2016.12.08 05:57:42.102,1.12806,1.12821,2.25,1.25
2016.12.08 05:57:42.828,1.12806,1.12821,1.50,1.25
2016.12.08 05:57:43.374,1.12807,1.12821,1.00,1.25
2016.12.08 05:57:44.903,1.12806,1.12821,1.50,1.25
2016.12.08 05:57:45.191,1.12808,1.12821,1.00,1.25
2016.12.08 05:57:46.174,1.12806,1.12817,1.00,1.25
2016.12.08 05:57:46.404,1.12799,1.12811,1.50,1.25
2016.12.08 05:57:46.506,1.12802,1.12815,1.00,1.62
2016.12.08 05:57:46.557,1.12802,1.12815,1.00,1.31
2016.12.08 05:57:47.199,1.12802,1.12813,1.00,1.25
2016.12.08 05:57:48.193,1.12802,1.12814,1.00,1.25
2016.12.08 05:57:48.784,1.12805,1.12817,1.00,1.62
2016.12.08 05:57:49.116,1.12805,1.12817,1.00,1.25
2016.12.08 05:57:49.711,1.12804,1.12817,1.00,1.25
2016.12.08 05:57:50.216,1.12805,1.12817,1.00,1.25
2016.12.08 05:57:54.349,1.12803,1.12817,1.50,1.25
2016.12.08 05:57:54.933,1.12803,1.12816,1.00,1.25
2016.12.08 05:57:55.451,1.12804,1.12816,1.00,1.25
2016.12.08 05:57:56.180,1.12803,1.12816,1.00,1.25
2016.12.08 05:57:56.753,1.12804,1.12816,1.00,1.31
2016.12.08 05:57:57.003,1.12802,1.12816,2.25,1.31
2016.12.08 05:57:57.055,1.12802,1.12811,1.50,1.25
2016.12.08 05:57:57.227,1.12799,1.1281,1.00,1.25
2016.12.08 05:57:57.684,1.12798,1.12806,1.00,1.25
2016.12.08 05:57:57.787,1.12797,1.1281,1.00,1.19
2016.12.08 05:57:57.838,1.128,1.12809,1.00,1.19
2016.12.08 05:57:57.939,1.12802,1.12815,1.00,1.69
2016.12.08 05:57:57.990,1.12806,1.12811,1.00,1.25
2016.12.08 05:57:58.041,1.12806,1.12816,1.00,1.56
2016.12.08 05:57:58.193,1.12807,1.12818,1.00,1.25
2016.12.08 05:57:58.742,1.12806,1.12818,2.25,1.25
2016.12.08 05:57:59.296,1.12809,1.12818,1.00,1.25
2016.12.08 05:57:59.900,1.1281,1.12821,1.00,1.25
2016.12.08 05:58:00.486,1.12809,1.12821,1.00,1.25
2016.12.08 05:58:02.901,1.12811,1.12821,1.00,1.25
2016.12.08 05:58:03.407,1.12812,1.12821,1.00,1.25
2016.12.08 05:58:03.953,1.12812,1.12822,1.00,1.25
2016.12.08 05:58:04.302,1.12814,1.12822,1.00,1.25
2016.12.08 05:58:04.482,1.12814,1.12824,1.00,1.25
2016.12.08 05:58:06.262,1.12814,1.12825,1.00,1.31
2016.12.08 05:58:07.803,1.12816,1.12825,1.00,1.31
2016.12.08 05:58:07.904,1.12818,1.1283,1.00,1.25
2016.12.08 05:58:07.955,1.12821,1.1283,1.00,1.25
2016.12.08 05:58:08.006,1.12821,1.12832,1.00,1.31
2016.12.08 05:58:11.148,1.12825,1.12836,1.00,1.62
2016.12.08 05:58:11.698,1.12825,1.12836,1.00,1.25
2016.12.08 05:58:13.337,1.12822,1.12835,1.50,1.00
2016.12.08 05:58:13.387,1.12822,1.12832,2.25,1.25
2016.12.08 05:58:13.635,1.1282,1.1283,1.00,1.25
2016.12.08 05:58:13.889,1.1282,1.12832,1.00,1.25
2016.12.08 05:58:14.478,1.12821,1.12833,1.00,1.31
2016.12.08 05:58:14.882,1.12823,1.12833,1.00,1.31
2016.12.08 05:58:17.214,1.12822,1.12833,1.00,1.31
2016.12.08 05:58:17.899,1.12823,1.12835,1.00,1.62
2016.12.08 05:58:18.411,1.12824,1.12835,1.00,1.25
2016.12.08 05:58:19.081,1.12825,1.12835,1.00,1.25
2016.12.08 05:58:19.183,1.12825,1.12837,1.00,1.25
2016.12.08 05:58:19.234,1.12823,1.12837,1.12,1.25
2016.12.08 05:58:19.285,1.12823,1.12833,1.12,1.19
2016.12.08 05:58:19.336,1.12823,1.12837,1.12,1.56
2016.12.08 05:58:19.858,1.12824,1.12837,1.00,1.19
2016.12.08 05:58:20.316,1.12826,1.12837,1.00,1.31
2016.12.08 05:58:20.809,1.12824,1.12837,1.00,1.19
2016.12.08 05:58:20.911,1.12824,1.12835,1.00,1.19
2016.12.08 05:58:21.228,1.12826,1.12837,1.00,1.31
2016.12.08 05:58:21.381,1.12825,1.1284,1.00,1.31
2016.12.08 05:58:21.684,1.12825,1.12837,1.00,1.25
2016.12.08 05:58:22.206,1.12826,1.12837,1.00,1.25
2016.12.08 05:58:22.886,1.12826,1.1284,1.00,2.06
2016.12.08 05:58:31.784,1.12824,1.1284,1.00,1.19
2016.12.08 05:58:38.083,1.12825,1.1284,1.00,1.19
2016.12.08 05:58:38.185,1.12825,1.12842,1.00,2.06
2016.12.08 05:58:38.336,1.12828,1.12842,1.00,2.06
2016.12.08 05:58:38.590,1.12829,1.12845,1.00,1.69
2016.12.08 05:58:38.906,1.12832,1.12845,1.00,1.25
2016.12.08 05:58:39.108,1.12833,1.12848,1.00,1.62
2016.12.08 05:58:39.288,1.12833,1.12849,1.50,1.00
2016.12.08 05:58:39.541,1.12839,1.12852,1.00,1.31
2016.12.08 05:58:39.693,1.12837,1.12852,1.00,1.25
2016.12.08 05:58:39.795,1.1284,1.12852,1.00,1.25
2016.12.08 05:58:41.435,1.1284,1.12856,1.00,1.31
2016.12.08 05:58:41.536,1.12844,1.12856,1.00,1.31
2016.12.08 05:58:41.840,1.12841,1.12853,1.00,1.25
2016.12.08 05:58:42.823,1.1284,1.12853,1.00,1.25
2016.12.08 05:58:43.982,1.12839,1.12853,1.00,1.69
2016.12.08 05:58:44.905,1.12839,1.12853,1.00,2.06
2016.12.08 05:58:47.259,1.12839,1.12853,1.00,2.06
2016.12.08 05:58:47.570,1.12841,1.12853,1.00,1.19
2016.12.08 05:58:47.621,1.12841,1.12855,1.00,2.06
2016.12.08 05:58:48.025,1.12844,1.12858,1.00,2.06
2016.12.08 05:58:48.589,1.12843,1.12857,1.00,1.25
2016.12.08 05:58:50.639,1.12842,1.12857,1.00,1.25
2016.12.08 05:58:50.943,1.12844,1.1286,1.00,1.19
2016.12.08 05:58:51.492,1.12845,1.12859,1.00,1.25
2016.12.08 05:58:53.661,1.12847,1.1286,1.00,1.19
2016.12.08 05:58:53.863,1.12848,1.12864,1.00,2.06
2016.12.08 05:58:53.914,1.12845,1.1286,1.12,1.00
2016.12.08 05:58:54.488,1.12845,1.1286,1.00,1.69
2016.12.08 05:58:55.002,1.12846,1.1286,1.00,1.69
2016.12.08 05:58:55.530,1.12845,1.1286,1.00,1.19
2016.12.08 05:58:56.086,1.12846,1.1286,1.00,1.19
2016.12.08 05:58:56.490,1.12848,1.12862,1.00,1.69
2016.12.08 05:59:00.361,1.12847,1.12862,1.00,1.19
2016.12.08 05:59:01.201,1.12848,1.12862,1.00,1.19
2016.12.08 05:59:01.635,1.1285,1.12862,1.00,1.19
2016.12.08 05:59:02.355,1.12847,1.12862,1.37,1.19
2016.12.08 05:59:02.406,1.12846,1.12859,1.50,1.19
2016.12.08 05:59:02.507,1.12843,1.12858,1.00,1.69
2016.12.08 05:59:02.609,1.12842,1.12856,1.00,1.69
2016.12.08 05:59:02.914,1.12842,1.12853,1.00,1.19
2016.12.08 05:59:03.116,1.1284,1.12853,1.00,1.19
2016.12.08 05:59:03.370,1.12838,1.1285,1.00,1.19
2016.12.08 05:59:03.876,1.12837,1.1285,1.00,1.19
2016.12.08 05:59:04.880,1.12839,1.1285,1.00,1.19
2016.12.08 05:59:05.092,1.12842,1.12854,1.00,1.19
2016.12.08 05:59:05.244,1.12842,1.12856,1.00,1.25
2016.12.08 05:59:05.750,1.12843,1.12859,1.25,1.31
2016.12.08 05:59:05.902,1.12843,1.12857,1.00,1.19
2016.12.08 05:59:06.263,1.12846,1.12857,1.00,1.19
2016.12.08 05:59:07.324,1.12845,1.12857,1.00,1.19
2016.12.08 05:59:07.426,1.12846,1.12858,1.00,1.25
2016.12.08 05:59:10.358,1.12848,1.12858,1.00,1.25
2016.12.08 05:59:11.180,1.12847,1.12858,1.00,1.25
2016.12.08 05:59:11.231,1.12848,1.1286,1.00,1.25
2016.12.08 05:59:12.085,1.1285,1.1286,1.00,1.25
2016.12.08 05:59:12.827,1.12851,1.1286,1.00,1.25
2016.12.08 05:59:14.081,1.12851,1.12864,1.00,1.25
2016.12.08 05:59:14.586,1.12852,1.12864,1.00,1.25
2016.12.08 05:59:18.152,1.12853,1.12865,1.00,1.25
2016.12.08 05:59:18.667,1.12853,1.12864,1.00,1.25
2016.12.08 05:59:19.203,1.12852,1.12864,1.35,1.25
2016.12.08 05:59:19.305,1.12854,1.12869,1.00,1.31
2016.12.08 05:59:19.458,1.12854,1.1287,1.00,1.25
2016.12.08 05:59:19.559,1.12858,1.12872,1.00,1.50
2016.12.08 05:59:19.914,1.12855,1.12871,1.25,1.00
2016.12.08 05:59:20.446,1.12854,1.12869,1.12,1.25
2016.12.08 05:59:22.621,1.12854,1.12869,1.00,1.69
2016.12.08 05:59:23.412,1.12855,1.12869,1.00,2.06
2016.12.08 05:59:23.980,1.12854,1.12869,1.35,1.69
2016.12.08 05:59:24.591,1.12855,1.12869,1.00,2.06
2016.12.08 05:59:26.448,1.12853,1.12869,1.60,1.31
2016.12.08 05:59:27.250,1.12853,1.12867,1.00,1.19
2016.12.08 05:59:27.301,1.12851,1.12865,1.35,1.00
2016.12.08 05:59:27.453,1.12846,1.12866,3.41,1.50
2016.12.08 05:59:27.504,1.12846,1.12866,2.29,1.87
2016.12.08 05:59:27.808,1.12849,1.12863,1.60,1.25
2016.12.08 05:59:28.010,1.12849,1.12863,1.00,1.25
2016.12.08 05:59:28.112,1.12846,1.12861,1.35,1.25
2016.12.08 05:59:28.163,1.12847,1.12861,1.60,1.25
2016.12.08 05:59:28.214,1.12848,1.12863,1.60,1.00
2016.12.08 05:59:28.525,1.12851,1.12865,1.60,1.25
2016.12.08 05:59:29.391,1.12849,1.12865,1.60,1.25
2016.12.08 05:59:29.442,1.12847,1.12862,1.12,1.19
2016.12.08 05:59:29.847,1.12849,1.12863,1.00,1.19
2016.12.08 05:59:29.948,1.12849,1.12864,1.00,1.12
2016.12.08 05:59:30.454,1.12849,1.12865,1.00,1.25
2016.12.08 05:59:31.056,1.1285,1.12866,1.00,2.62
2016.12.08 05:59:31.594,1.12849,1.12865,1.00,1.00
2016.12.08 05:59:32.499,1.12851,1.12865,1.00,1.00
2016.12.08 05:59:32.807,1.12853,1.12866,1.00,2.44
2016.12.08 05:59:33.113,1.12852,1.12863,1.00,1.25
2016.12.08 05:59:33.367,1.12849,1.12861,1.00,1.25
2016.12.08 05:59:34.258,1.1285,1.12861,1.00,1.25
2016.12.08 05:59:34.444,1.12848,1.12861,1.00,1.25
2016.12.08 05:59:35.412,1.12849,1.12861,1.00,1.25
2016.12.08 05:59:35.619,1.1285,1.12863,1.00,1.25
2016.12.08 05:59:36.195,1.12852,1.12863,1.00,1.25
2016.12.08 05:59:37.500,1.12853,1.12863,1.00,1.25
2016.12.08 05:59:37.581,1.12854,1.12867,1.00,1.25
2016.12.08 05:59:37.682,1.12855,1.12869,1.00,1.25
2016.12.08 05:59:37.733,1.12859,1.12869,1.00,1.25
2016.12.08 05:59:38.037,1.12861,1.12871,1.00,1.25
2016.12.08 05:59:38.659,1.12857,1.12871,1.12,1.25
2016.12.08 05:59:38.710,1.12854,1.12868,2.25,1.25
2016.12.08 05:59:38.913,1.12851,1.12863,1.12,1.25
2016.12.08 05:59:39.970,1.12853,1.12866,1.00,1.25
2016.12.08 05:59:40.123,1.12857,1.12868,1.00,1.25
2016.12.08 05:59:41.128,1.1286,1.12874,1.00,1.25
2016.12.08 05:59:41.668,1.12861,1.12874,1.00,1.19
2016.12.08 05:59:42.209,1.12863,1.12874,1.00,1.19
2016.12.08 05:59:42.761,1.12861,1.12874,1.00,1.19
2016.12.08 05:59:43.098,1.12863,1.12878,1.00,2.06
2016.12.08 05:59:43.609,1.12864,1.12878,1.00,1.19
2016.12.08 05:59:43.660,1.12867,1.12878,1.00,1.19
2016.12.08 05:59:43.711,1.12867,1.12879,1.00,1.25
2016.12.08 05:59:44.118,1.12866,1.12881,1.00,1.25
2016.12.08 05:59:44.220,1.12863,1.12877,1.87,1.25
2016.12.08 05:59:44.373,1.12863,1.12876,1.12,1.25
2016.12.08 05:59:44.424,1.12861,1.12874,1.37,1.25
2016.12.08 05:59:44.957,1.12861,1.12874,1.00,1.25
2016.12.08 05:59:46.669,1.1286,1.12874,1.00,1.25
2016.12.08 05:59:47.139,1.12864,1.12877,1.00,1.00
2016.12.08 05:59:47.678,1.12864,1.12878,1.00,1.25
2016.12.08 05:59:48.301,1.12865,1.12878,1.00,1.25
2016.12.08 05:59:49.276,1.12864,1.12878,1.00,1.25
2016.12.08 05:59:49.738,1.12869,1.1288,1.00,1.00
2016.12.08 05:59:49.789,1.12869,1.12883,1.00,1.69
2016.12.08 05:59:50.297,1.1287,1.12882,1.00,1.25
2016.12.08 05:59:50.348,1.12867,1.12882,1.37,1.25
2016.12.08 05:59:50.932,1.12867,1.12881,1.37,1.25
2016.12.08 05:59:51.458,1.12869,1.12882,1.00,1.25
2016.12.08 05:59:51.812,1.12872,1.12882,1.00,1.25
2016.12.08 05:59:51.864,1.12872,1.12886,1.00,1.25
2016.12.08 05:59:52.016,1.1287,1.12886,1.12,1.19
2016.12.08 05:59:52.067,1.1287,1.12888,1.12,1.69
2016.12.08 05:59:52.220,1.12869,1.12882,1.75,1.19
2016.12.08 05:59:52.271,1.12871,1.12887,1.30,1.19
2016.12.08 05:59:52.456,1.12874,1.12887,1.00,1.19
2016.12.08 05:59:55.092,1.12875,1.12887,1.00,1.19
2016.12.08 05:59:55.511,1.12873,1.12887,1.00,1.19
2016.12.08 05:59:56.134,1.12875,1.12887,1.00,1.19
2016.12.08 05:59:57.046,1.12878,1.12889,1.00,1.19
2016.12.08 05:59:57.148,1.1288,1.12892,1.00,1.31
2016.12.08 05:59:57.485,1.12872,1.12889,1.75,1.31
2016.12.08 05:59:57.587,1.12872,1.1288,1.50,1.25
2016.12.08 05:59:57.638,1.12872,1.12883,1.00,1.25
2016.12.08 05:59:57.942,1.12871,1.12882,1.00,1.19
2016.12.08 05:59:57.993,1.12867,1.12882,1.37,1.19
2016.12.08 05:59:58.145,1.12867,1.12884,1.00,1.31
2016.12.08 05:59:58.850,1.12869,1.12884,1.00,1.25
2016.12.08 05:59:59.843,1.12869,1.12885,1.00,2.44
