2010.02.22 17:00:00.771,0.8456,0.8458,2.50,4.00
2010.02.22 17:00:01.498,0.8456,0.8458,2.50,1.00
2010.02.22 17:00:01.713,0.8456,0.8458,2.50,1.00
2010.02.22 17:00:02.478,0.8456,0.8458,2.50,2.90
2010.02.22 17:00:02.839,0.8456,0.8458,2.50,3.10
2010.02.22 17:00:03.312,0.8456,0.8458,2.50,3.90
2010.02.22 17:00:03.554,0.84555,0.84575,6.20,1.00
2010.02.22 17:00:04.054,0.84555,0.84575,4.10,1.00
2010.02.22 17:00:04.424,0.84555,0.84575,3.00,2.50
2010.02.22 17:00:04.837,0.84555,0.8458,3.00,14.60
2010.02.22 17:00:06.488,0.8456,0.8458,2.50,13.60
2010.02.22 17:00:06.743,0.8456,0.8458,2.50,9.60
2010.02.22 17:00:07.400,0.8456,0.8458,2.50,5.60
2010.02.22 17:00:08.324,0.84565,0.8458,2.50,1.00
2010.02.22 17:00:08.846,0.84565,0.84585,2.50,9.60
2010.02.22 17:00:09.148,0.84565,0.84585,2.50,1.60
2010.02.22 17:00:11.855,0.8456,0.8458,4.60,1.00
2010.02.22 17:00:13.550,0.84565,0.8458,2.50,1.00
2010.02.22 17:00:13.966,0.84565,0.84585,2.50,2.30
2010.02.22 17:00:14.325,0.84565,0.84585,2.50,1.50
2010.02.22 17:00:14.785,0.84565,0.84585,4.60,1.00
2010.02.22 17:00:17.019,0.8457,0.84585,4.10,1.00
2010.02.22 17:00:17.207,0.8457,0.8459,4.60,1.00
2010.02.22 17:00:18.307,0.8457,0.8459,5.40,1.00
2010.02.22 17:00:18.517,0.8457,0.8459,4.60,1.00
2010.02.22 17:00:19.044,0.8457,0.84585,2.50,1.00
2010.02.22 17:00:19.254,0.84565,0.84585,4.60,1.00
2010.02.22 17:00:21.811,0.84565,0.84585,4.60,1.00
2010.02.22 17:00:22.079,0.84565,0.84585,7.00,1.00
2010.02.22 17:00:22.219,0.8457,0.84585,2.50,1.00
2010.02.22 17:00:22.359,0.8457,0.8459,2.50,3.20
2010.02.22 17:00:23.516,0.8457,0.8459,4.10,3.20
2010.02.22 17:00:28.269,0.84565,0.84585,4.60,1.00
2010.02.22 17:00:28.948,0.84565,0.84585,4.60,1.00
2010.02.22 17:00:30.123,0.84565,0.84585,4.10,1.00
2010.02.22 17:00:31.105,0.84565,0.84585,2.50,1.00
2010.02.22 17:00:31.334,0.8456,0.8458,3.00,1.00
2010.02.22 17:00:32.848,0.84565,0.84585,2.50,3.20
2010.02.22 17:00:33.262,0.84565,0.84585,2.50,1.00
2010.02.22 17:00:40.719,0.84565,0.8458,2.50,1.00
2010.02.22 17:00:41.198,0.8456,0.8458,8.00,1.00
2010.02.22 17:00:41.548,0.84555,0.84575,2.50,2.10
2010.02.22 17:00:41.985,0.84555,0.84575,4.10,1.00
2010.02.22 17:00:42.341,0.84555,0.84575,6.20,1.00
2010.02.22 17:00:42.695,0.84555,0.84575,6.20,1.00
2010.02.22 17:00:43.364,0.84555,0.84575,6.20,1.00
2010.02.22 17:00:44.333,0.84555,0.84575,11.10,1.00
2010.02.22 17:00:44.582,0.84555,0.84575,6.20,1.00
2010.02.22 17:00:47.917,0.84555,0.84575,2.50,1.70
2010.02.22 17:00:48.245,0.8455,0.84575,5.40,4.30
2010.02.22 17:00:48.689,0.8455,0.84575,7.10,4.10
2010.02.22 17:00:49.049,0.84555,0.8458,4.60,3.50
2010.02.22 17:00:49.477,0.84555,0.8458,6.20,3.50
2010.02.22 17:00:52.895,0.84555,0.8458,7.00,3.50
2010.02.22 17:00:53.438,0.8456,0.8458,3.00,1.00
2010.02.22 17:00:55.987,0.8456,0.8458,1.00,2.70
2010.02.22 17:00:57.274,0.8456,0.8458,3.00,1.00
2010.02.22 17:00:57.536,0.8456,0.8458,4.60,1.00
2010.02.22 17:00:57.903,0.8457,0.8459,3.60,8.10
2010.02.22 17:00:58.363,0.8457,0.8459,3.60,4.50
2010.02.22 17:00:58.597,0.8457,0.84595,6.20,6.00
2010.02.22 17:01:00.376,0.84575,0.8459,2.00,1.00
2010.02.22 17:01:00.724,0.84575,0.84585,2.00,1.00
2010.02.22 17:01:01.116,0.84575,0.84585,1.00,1.00
2010.02.22 17:01:01.449,0.84565,0.84585,4.60,1.00
2010.02.22 17:01:03.068,0.84565,0.84585,2.00,2.70
2010.02.22 17:01:03.511,0.8456,0.84585,4.60,2.70
2010.02.22 17:01:06.004,0.8456,0.84585,8.60,2.70
2010.02.22 17:01:07.204,0.8456,0.84585,9.40,2.70
2010.02.22 17:01:07.506,0.84565,0.84585,2.50,1.00
2010.02.22 17:01:09.175,0.84565,0.84585,4.60,1.00
2010.02.22 17:01:10.397,0.84575,0.8459,2.50,1.00
2010.02.22 17:01:10.616,0.8457,0.8459,2.50,1.00
2010.02.22 17:01:12.378,0.84575,0.8459,2.50,1.00
2010.02.22 17:01:12.874,0.8456,0.84585,14.30,3.50
2010.02.22 17:01:12.977,0.84565,0.84585,2.50,1.00
2010.02.22 17:01:13.793,0.84565,0.84585,4.60,1.00
2010.02.22 17:01:14.637,0.8457,0.84585,2.50,1.00
2010.02.22 17:01:15.806,0.84565,0.84585,7.80,2.50
2010.02.22 17:01:16.113,0.8456,0.8458,4.60,1.00
2010.02.22 17:01:16.340,0.8456,0.84585,4.60,9.10
2010.02.22 17:01:16.902,0.8456,0.84585,4.60,5.10
2010.02.22 17:01:17.126,0.84565,0.84585,2.50,1.00
2010.02.22 17:01:17.710,0.84565,0.8458,2.50,1.00
2010.02.22 17:01:18.065,0.8456,0.8458,2.50,1.00
2010.02.22 17:01:21.372,0.8456,0.84585,2.50,14.60
2010.02.22 17:01:21.540,0.8456,0.84585,2.50,13.80
2010.02.22 17:01:28.097,0.8456,0.84585,2.50,16.20
2010.02.22 17:01:28.624,0.84555,0.8458,3.00,5.10
2010.02.22 17:01:29.038,0.84555,0.8458,2.50,6.20
2010.02.22 17:01:29.306,0.84555,0.8458,2.50,14.60
2010.02.22 17:01:33.977,0.84555,0.8458,2.50,13.80
2010.02.22 17:01:34.166,0.84555,0.8458,5.10,13.80
2010.02.22 17:01:34.359,0.8456,0.8458,2.50,2.80
2010.02.22 17:01:37.230,0.8456,0.8458,2.50,3.60
2010.02.22 17:01:37.603,0.8455,0.84575,3.00,4.30
2010.02.22 17:01:37.948,0.8455,0.84575,3.00,2.70
2010.02.22 17:01:38.570,0.8455,0.84575,3.80,2.70
2010.02.22 17:01:40.870,0.84555,0.8458,3.00,12.20
2010.02.22 17:01:41.224,0.8456,0.8458,2.50,9.20
2010.02.22 17:01:41.899,0.8456,0.8458,2.50,5.20
2010.02.22 17:01:43.318,0.8456,0.8458,2.50,5.60
2010.02.22 17:01:43.491,0.84555,0.8458,3.90,8.20
2010.02.22 17:01:43.556,0.84555,0.8458,3.90,9.00
2010.02.22 17:01:44.191,0.84555,0.8458,3.00,13.00
2010.02.22 17:01:51.626,0.84555,0.8458,3.00,12.20
2010.02.22 17:01:51.833,0.84555,0.8458,3.00,11.80
2010.02.22 17:01:53.253,0.84555,0.8458,3.00,12.60
2010.02.22 17:02:03.069,0.84555,0.8458,3.00,13.00
2010.02.22 17:02:05.429,0.84555,0.8458,3.00,9.00
2010.02.22 17:02:07.637,0.84555,0.8458,3.00,8.20
2010.02.22 17:02:10.943,0.84555,0.84585,3.00,15.50
2010.02.22 17:02:11.464,0.8456,0.8458,2.50,5.20
2010.02.22 17:02:11.818,0.8456,0.8458,2.50,1.00
2010.02.22 17:02:12.561,0.84555,0.8458,3.90,4.60
2010.02.22 17:02:12.924,0.84555,0.8458,2.50,14.60
2010.02.22 17:02:14.126,0.84555,0.8458,2.50,13.80
2010.02.22 17:02:17.169,0.84555,0.8458,2.50,14.60
2010.02.22 17:02:22.845,0.84555,0.8458,2.50,13.80
2010.02.22 17:02:23.203,0.8456,0.8458,2.50,1.00
2010.02.22 17:02:27.004,0.84555,0.8458,6.20,2.70
2010.02.22 17:02:28.188,0.84555,0.8458,7.00,2.70
2010.02.22 17:02:28.539,0.8456,0.8458,2.50,1.00
2010.02.22 17:02:34.209,0.84555,0.8458,6.20,2.70
2010.02.22 17:02:34.471,0.84555,0.84575,4.10,1.00
2010.02.22 17:02:37.647,0.84555,0.8458,4.10,5.40
2010.02.22 17:02:38.049,0.84555,0.8458,7.00,2.70
2010.02.22 17:02:38.171,0.84555,0.8458,6.20,2.70
2010.02.22 17:02:39.108,0.8456,0.8458,2.50,1.00
2010.02.22 17:02:39.960,0.84565,0.8458,2.50,1.00
2010.02.22 17:02:40.559,0.84565,0.84585,2.50,4.10
2010.02.22 17:02:40.909,0.84565,0.84585,4.60,1.00
2010.02.22 17:02:43.091,0.84565,0.84585,2.50,1.00
2010.02.22 17:02:44.818,0.8456,0.84585,3.00,2.70
2010.02.22 17:02:45.616,0.8456,0.84585,3.00,5.10
2010.02.22 17:02:46.793,0.8456,0.84585,3.00,2.70
2010.02.22 17:03:07.176,0.84565,0.84585,2.50,1.00
2010.02.22 17:03:07.951,0.84565,0.84585,2.50,6.80
2010.02.22 17:03:08.126,0.84565,0.84585,2.50,2.80
2010.02.22 17:03:08.477,0.84565,0.8458,2.50,1.00
2010.02.22 17:03:09.054,0.84565,0.84585,2.50,2.80
2010.02.22 17:03:09.410,0.8456,0.8458,2.50,1.00
2010.02.22 17:03:16.067,0.84555,0.8458,6.20,2.70
2010.02.22 17:03:17.685,0.8456,0.8458,1.00,2.50
2010.02.22 17:03:17.977,0.84565,0.84585,2.50,1.00
2010.02.22 17:03:18.376,0.8457,0.8459,2.50,8.00
2010.02.22 17:03:18.540,0.8457,0.84595,2.50,9.40
2010.02.22 17:03:18.693,0.8457,0.84595,2.50,13.80
2010.02.22 17:03:19.409,0.8457,0.84595,2.50,9.80
2010.02.22 17:03:28.537,0.8456,0.84585,8.60,2.50
2010.02.22 17:03:28.780,0.8456,0.84585,4.60,2.50
2010.02.22 17:03:29.205,0.8456,0.84585,5.50,2.50
2010.02.22 17:03:29.455,0.84565,0.8459,2.50,14.60
2010.02.22 17:03:31.350,0.84565,0.8459,2.50,15.40
2010.02.22 17:03:31.511,0.8456,0.84585,4.60,2.50
2010.02.22 17:03:35.452,0.84555,0.84585,16.70,2.70
2010.02.22 17:03:36.072,0.8456,0.84585,12.60,2.70
2010.02.22 17:03:36.294,0.8456,0.84585,3.00,2.70
2010.02.22 17:03:37.120,0.8456,0.84585,1.00,4.30
2010.02.22 17:03:37.477,0.8456,0.84585,2.50,15.80
2010.02.22 17:03:37.835,0.84555,0.84585,7.00,15.80
2010.02.22 17:03:38.421,0.84555,0.8458,7.00,1.00
2010.02.22 17:03:38.622,0.84555,0.8458,8.60,2.70
2010.02.22 17:03:38.819,0.84555,0.8458,4.60,2.70
2010.02.22 17:03:40.437,0.84555,0.8458,4.60,6.70
2010.02.22 17:03:40.740,0.84555,0.8458,4.60,1.00
2010.02.22 17:03:42.986,0.84555,0.8458,4.60,2.70
2010.02.22 17:03:43.564,0.84555,0.8458,3.10,2.50
2010.02.22 17:03:43.744,0.8456,0.8458,3.80,2.50
2010.02.22 17:03:44.252,0.84565,0.8458,2.00,2.50
2010.02.22 17:03:44.603,0.84565,0.8459,2.50,10.20
2010.02.22 17:03:44.951,0.8456,0.84585,2.50,4.90
2010.02.22 17:03:45.679,0.8456,0.84585,3.00,4.90
2010.02.22 17:03:48.429,0.8456,0.8458,2.50,5.10
2010.02.22 17:03:50.693,0.8456,0.8458,2.50,1.00
2010.02.22 17:03:50.881,0.8456,0.84585,2.50,7.60
2010.02.22 17:03:51.606,0.8456,0.8458,2.50,2.40
2010.02.22 17:03:51.798,0.8456,0.84585,2.50,13.40
2010.02.22 17:03:51.987,0.8456,0.84585,2.50,12.20
2010.02.22 17:03:52.596,0.8456,0.84585,2.50,16.20
2010.02.22 17:03:52.972,0.8456,0.84585,2.50,15.80
2010.02.22 17:03:53.330,0.84565,0.84585,2.50,4.00
2010.02.22 17:03:53.907,0.8456,0.8458,2.50,1.00
2010.02.22 17:03:54.923,0.8456,0.84585,2.50,15.80
2010.02.22 17:03:55.277,0.8456,0.84585,2.50,7.80
2010.02.22 17:03:55.670,0.8456,0.8458,2.50,1.00
2010.02.22 17:03:59.047,0.8456,0.8458,2.50,1.20
2010.02.22 17:04:01.766,0.8456,0.8458,2.50,1.00
2010.02.22 17:04:04.108,0.8456,0.8458,4.60,2.50
2010.02.22 17:04:05.978,0.8456,0.84585,6.30,10.50
2010.02.22 17:04:06.201,0.84565,0.8459,2.50,10.70
2010.02.22 17:04:06.620,0.84565,0.8459,4.60,10.70
2010.02.22 17:04:06.827,0.84565,0.8459,4.60,6.70
2010.02.22 17:04:09.033,0.84565,0.84585,4.60,1.00
2010.02.22 17:04:09.298,0.84565,0.84585,2.00,2.70
2010.02.22 17:04:11.822,0.84565,0.8459,5.40,2.50
2010.02.22 17:04:13.061,0.84565,0.8459,4.60,2.50
2010.02.22 17:04:14.622,0.84565,0.8459,8.60,2.50
2010.02.22 17:04:14.812,0.8457,0.84595,2.50,9.40
2010.02.22 17:04:15.769,0.8457,0.84595,2.50,13.80
2010.02.22 17:04:17.459,0.8457,0.84595,2.50,13.40
2010.02.22 17:04:17.800,0.8457,0.84595,3.00,13.40
2010.02.22 17:04:18.394,0.8457,0.84595,3.00,5.40
2010.02.22 17:04:18.876,0.8457,0.84595,3.00,5.20
2010.02.22 17:04:21.070,0.8457,0.84595,3.80,4.10
2010.02.22 17:04:21.421,0.8458,0.84605,2.50,13.80
2010.02.22 17:04:25.548,0.8458,0.84605,2.50,14.60
2010.02.22 17:04:26.128,0.8458,0.846,2.50,4.00
2010.02.22 17:04:26.374,0.84575,0.846,5.50,6.50
2010.02.22 17:04:26.597,0.84575,0.846,5.50,10.50
2010.02.22 17:04:28.493,0.84575,0.846,5.30,8.00
2010.02.22 17:04:28.630,0.8458,0.846,2.50,4.00
2010.02.22 17:04:30.259,0.8458,0.846,2.50,8.10
2010.02.22 17:04:30.608,0.84575,0.846,3.00,13.40
2010.02.22 17:04:30.920,0.84575,0.846,3.00,13.20
2010.02.22 17:04:31.356,0.84575,0.846,3.00,10.70
2010.02.22 17:04:31.663,0.84575,0.846,3.00,6.70
2010.02.22 17:04:31.997,0.84575,0.846,4.60,8.00
2010.02.22 17:04:33.169,0.8458,0.846,2.50,8.00
2010.02.22 17:04:33.545,0.8458,0.846,2.50,4.00
2010.02.22 17:04:33.942,0.8458,0.84605,2.50,13.80
2010.02.22 17:04:34.010,0.84575,0.84605,4.60,16.20
2010.02.22 17:04:34.327,0.84575,0.846,4.60,4.00
2010.02.22 17:04:34.647,0.84575,0.84605,4.60,16.20
2010.02.22 17:04:35.540,0.84575,0.846,4.60,6.50
2010.02.22 17:04:37.828,0.84575,0.846,4.60,4.00
2010.02.22 17:04:38.187,0.8458,0.846,2.50,4.00
2010.02.22 17:04:38.873,0.8458,0.84605,2.50,13.40
2010.02.22 17:04:39.187,0.84575,0.846,4.60,4.30
2010.02.22 17:04:40.895,0.84575,0.846,4.70,4.10
2010.02.22 17:04:41.370,0.8458,0.846,1.40,2.50
2010.02.22 17:04:41.664,0.8458,0.84605,3.00,11.80
2010.02.22 17:04:43.624,0.8458,0.84605,3.00,11.70
2010.02.22 17:04:43.714,0.8458,0.84605,3.00,11.80
2010.02.22 17:04:44.249,0.8458,0.84605,3.00,11.60
2010.02.22 17:04:44.384,0.84585,0.84605,2.50,8.00
2010.02.22 17:04:44.451,0.8459,0.84605,2.50,1.00
2010.02.22 17:04:44.848,0.84585,0.84605,1.00,3.80
2010.02.22 17:04:45.202,0.8458,0.84605,4.60,7.80
2010.02.22 17:04:46.169,0.84585,0.84605,2.50,5.20
2010.02.22 17:04:46.492,0.84585,0.8461,2.50,13.40
2010.02.22 17:04:46.819,0.8458,0.8461,7.90,13.80
2010.02.22 17:04:47.403,0.8458,0.846,1.00,2.50
2010.02.22 17:04:47.548,0.8458,0.846,1.00,2.70
2010.02.22 17:04:47.895,0.84575,0.84605,9.40,7.60
2010.02.22 17:04:48.241,0.84575,0.84605,9.40,6.80
2010.02.22 17:04:48.919,0.8458,0.84605,2.00,4.10
2010.02.22 17:04:49.264,0.84575,0.846,9.80,2.50
2010.02.22 17:04:49.441,0.84575,0.846,9.40,2.50
2010.02.22 17:04:49.622,0.84575,0.846,5.40,2.50
2010.02.22 17:04:54.039,0.84575,0.846,9.40,2.50
2010.02.22 17:04:54.278,0.8458,0.846,1.00,2.50
2010.02.22 17:04:54.849,0.84575,0.846,5.80,4.10
2010.02.22 17:04:55.209,0.84575,0.846,5.80,2.50
2010.02.22 17:04:55.563,0.84575,0.84605,5.40,14.50
2010.02.22 17:04:57.402,0.84575,0.846,5.40,2.70
2010.02.22 17:04:59.979,0.84575,0.846,5.40,2.50
2010.02.22 17:05:01.483,0.8458,0.84605,4.10,9.40
2010.02.22 17:05:03.655,0.8458,0.84605,4.60,6.70
2010.02.22 17:05:04.440,0.8458,0.84605,4.60,2.70
2010.02.22 17:05:05.768,0.8458,0.84605,5.40,2.70
2010.02.22 17:05:09.934,0.8458,0.84605,4.60,2.70
2010.02.22 17:05:11.197,0.8458,0.84605,7.00,2.70
2010.02.22 17:05:11.705,0.84585,0.84605,2.00,2.70
2010.02.22 17:05:13.627,0.84585,0.84605,4.60,1.00
2010.02.22 17:05:14.757,0.84585,0.84605,1.00,2.70
2010.02.22 17:05:15.186,0.8458,0.84605,6.20,2.70
2010.02.22 17:05:15.541,0.8458,0.84605,11.00,2.70
2010.02.22 17:05:15.845,0.8458,0.84605,7.00,2.70
2010.02.22 17:05:16.911,0.8458,0.84605,6.20,2.70
2010.02.22 17:05:17.476,0.8459,0.8461,2.50,6.70
2010.02.22 17:05:17.975,0.8459,0.8461,2.50,2.70
2010.02.22 17:05:18.716,0.84585,0.84605,4.60,1.00
2010.02.22 17:05:20.736,0.84585,0.84605,2.00,2.70
2010.02.22 17:05:20.975,0.84585,0.84605,4.60,1.00
2010.02.22 17:05:26.670,0.8458,0.84605,12.60,2.70
2010.02.22 17:05:27.313,0.84585,0.84605,2.50,1.00
2010.02.22 17:05:27.597,0.84585,0.84605,3.00,1.00
2010.02.22 17:05:28.634,0.84585,0.8461,3.00,13.80
2010.02.22 17:05:30.180,0.84585,0.8461,3.00,13.60
2010.02.22 17:05:30.502,0.84585,0.8461,3.00,9.20
2010.02.22 17:05:30.820,0.84585,0.8461,3.00,13.20
2010.02.22 17:05:31.179,0.84585,0.8461,3.00,14.00
2010.02.22 17:05:31.445,0.84585,0.84605,3.00,1.00
2010.02.22 17:05:34.994,0.84585,0.8461,3.00,13.80
2010.02.22 17:05:35.443,0.84585,0.8461,7.00,12.20
2010.02.22 17:05:35.603,0.84585,0.84605,4.60,1.00
2010.02.22 17:05:35.906,0.84585,0.84605,3.00,1.00
2010.02.22 17:05:36.051,0.84585,0.84605,2.50,1.00
2010.02.22 17:05:41.036,0.84585,0.84605,2.50,1.00
2010.02.22 17:05:41.271,0.8458,0.84605,4.60,2.70
2010.02.22 17:05:41.750,0.8458,0.84605,5.40,2.70
2010.02.22 17:05:42.020,0.84585,0.84605,1.00,2.70
2010.02.22 17:05:42.865,0.84585,0.846,1.00,1.00
2010.02.22 17:05:43.205,0.8458,0.846,2.00,2.70
2010.02.22 17:05:47.373,0.8458,0.846,1.60,2.70
2010.02.22 17:05:47.946,0.8458,0.846,2.50,1.00
2010.02.22 17:05:48.898,0.84575,0.846,11.90,2.70
2010.02.22 17:05:49.285,0.8458,0.846,2.50,1.00
2010.02.22 17:05:49.808,0.8458,0.846,4.60,1.00
2010.02.22 17:05:50.068,0.8458,0.846,2.00,2.70
2010.02.22 17:05:50.689,0.8458,0.846,4.60,1.00
2010.02.22 17:05:51.877,0.8458,0.846,2.00,2.70
2010.02.22 17:05:55.404,0.8458,0.84595,3.60,1.00
2010.02.22 17:05:55.574,0.8458,0.846,2.50,4.30
2010.02.22 17:05:56.133,0.84575,0.84595,8.60,4.10
2010.02.22 17:05:56.298,0.8457,0.84595,5.40,12.30
2010.02.22 17:05:56.753,0.84575,0.84595,2.50,8.10
2010.02.22 17:05:57.111,0.84575,0.84595,3.80,1.00
2010.02.22 17:05:58.242,0.84575,0.84595,3.00,1.00
2010.02.22 17:05:58.608,0.84575,0.84595,1.00,2.70
2010.02.22 17:06:00.638,0.84575,0.846,4.60,4.30
2010.02.22 17:06:01.107,0.84575,0.846,4.70,4.10
2010.02.22 17:06:01.392,0.84575,0.846,4.60,4.30
2010.02.22 17:06:10.448,0.8458,0.846,2.50,1.70
2010.02.22 17:06:10.654,0.8458,0.84605,2.50,13.40
2010.02.22 17:06:11.594,0.8458,0.84605,2.50,5.40
2010.02.22 17:06:13.684,0.84585,0.84605,2.50,2.70
2010.02.22 17:06:13.948,0.8458,0.84605,6.50,5.20
2010.02.22 17:06:14.521,0.8458,0.84605,2.50,5.20
2010.02.22 17:06:16.721,0.8458,0.846,2.50,1.60
2010.02.22 17:06:16.919,0.84575,0.846,12.70,4.10
2010.02.22 17:06:17.121,0.84575,0.846,4.70,4.10
2010.02.22 17:06:40.137,0.8458,0.84605,3.00,10.70
2010.02.22 17:06:40.659,0.8458,0.84605,3.00,3.50
2010.02.22 17:06:40.823,0.84585,0.84605,2.50,3.30
2010.02.22 17:06:54.363,0.84585,0.84605,2.50,1.00
2010.02.22 17:06:54.507,0.84585,0.8461,3.00,16.20
2010.02.22 17:06:54.663,0.84585,0.8461,3.00,14.20
2010.02.22 17:06:55.858,0.8459,0.84605,2.50,1.00
2010.02.22 17:07:06.864,0.8459,0.8461,2.50,10.80
2010.02.22 17:07:07.385,0.84585,0.84605,3.00,1.00
2010.02.22 17:07:07.544,0.84585,0.84605,2.50,1.00
2010.02.22 17:07:08.122,0.84585,0.84605,3.00,1.00
2010.02.22 17:07:09.203,0.84585,0.84605,4.60,1.00
2010.02.22 17:07:09.546,0.8459,0.8461,4.60,1.00
2010.02.22 17:07:09.881,0.84585,0.8461,6.20,4.30
2010.02.22 17:07:10.600,0.8459,0.8461,2.50,5.20
2010.02.22 17:07:10.931,0.84585,0.8461,3.00,8.60
2010.02.22 17:07:11.261,0.84585,0.84605,3.00,1.00
2010.02.22 17:07:11.623,0.84585,0.84605,1.00,2.70
2010.02.22 17:07:11.975,0.8458,0.84605,2.50,5.40
2010.02.22 17:07:18.414,0.8458,0.846,2.50,1.00
2010.02.22 17:07:18.767,0.8458,0.846,2.50,1.00
2010.02.22 17:07:18.863,0.8458,0.84605,2.50,13.40
2010.02.22 17:07:18.963,0.8458,0.84605,2.50,9.40
2010.02.22 17:07:19.063,0.8458,0.84605,2.50,5.40
2010.02.22 17:07:23.609,0.8458,0.84605,2.50,3.80
2010.02.22 17:07:23.989,0.84585,0.84605,1.20,2.70
2010.02.22 17:07:24.166,0.84585,0.84605,3.00,1.00
2010.02.22 17:07:25.555,0.8458,0.84605,2.50,2.70
2010.02.22 17:07:25.894,0.8458,0.84605,2.50,4.30
2010.02.22 17:07:26.543,0.8458,0.84605,2.50,5.40
2010.02.22 17:07:26.792,0.8458,0.84605,2.50,3.80
2010.02.22 17:07:29.619,0.8458,0.84605,3.60,3.80
2010.02.22 17:07:29.718,0.84585,0.84605,2.50,1.00
2010.02.22 17:07:30.494,0.84585,0.84605,3.00,1.00
2010.02.22 17:07:32.149,0.84585,0.84605,3.80,1.00
2010.02.22 17:07:32.511,0.84585,0.84605,3.00,1.00
2010.02.22 17:07:32.872,0.84585,0.84605,1.00,2.70
2010.02.22 17:07:33.601,0.84585,0.84605,3.00,1.00
2010.02.22 17:07:34.336,0.84585,0.84605,1.00,2.70
2010.02.22 17:07:34.934,0.8458,0.84605,4.60,2.70
2010.02.22 17:07:36.254,0.8458,0.84605,5.40,2.70
2010.02.22 17:07:36.492,0.84585,0.84605,4.60,1.00
2010.02.22 17:07:43.044,0.84585,0.84605,1.00,2.70
2010.02.22 17:07:43.170,0.8458,0.84605,4.60,2.70
2010.02.22 17:07:44.411,0.84585,0.84605,3.00,1.00
2010.02.22 17:07:45.021,0.84585,0.84605,4.60,1.00
2010.02.22 17:07:46.482,0.8458,0.84605,6.40,2.70
2010.02.22 17:07:46.652,0.8458,0.84605,3.00,2.70
2010.02.22 17:07:50.678,0.8458,0.84605,4.60,2.70
2010.02.22 17:07:51.377,0.8458,0.84605,8.60,2.70
2010.02.22 17:07:51.727,0.8458,0.84605,4.60,2.70
2010.02.22 17:07:55.299,0.8458,0.84605,3.00,2.70
2010.02.22 17:07:56.240,0.8458,0.84605,3.00,6.70
2010.02.22 17:07:59.622,0.8458,0.84605,3.80,6.70
2010.02.22 17:07:59.939,0.8459,0.84605,1.00,4.00
2010.02.22 17:08:00.259,0.8459,0.8461,3.00,1.00
2010.02.22 17:08:02.146,0.84585,0.8461,3.00,6.20
2010.02.22 17:08:02.550,0.8459,0.8461,2.50,14.20
2010.02.22 17:08:02.703,0.8459,0.8461,2.50,10.70
2010.02.22 17:08:02.849,0.8459,0.8461,2.50,2.70
2010.02.22 17:08:04.217,0.8459,0.8461,2.50,6.70
2010.02.22 17:08:04.427,0.8459,0.8461,2.50,2.70
2010.02.22 17:08:10.513,0.84585,0.8461,6.20,2.70
2010.02.22 17:08:10.685,0.84585,0.8461,4.60,2.70
2010.02.22 17:08:10.853,0.84585,0.84605,4.60,1.00
2010.02.22 17:08:13.395,0.84585,0.84605,5.40,1.00
2010.02.22 17:08:13.593,0.84585,0.84605,4.60,1.00
2010.02.22 17:08:39.601,0.84585,0.8461,5.40,2.70
2010.02.22 17:08:39.666,0.84585,0.8461,8.60,2.70
2010.02.22 17:08:40.057,0.84585,0.8461,12.60,2.70
2010.02.22 17:08:40.407,0.84585,0.84605,4.60,1.00
2010.02.22 17:08:42.470,0.8459,0.8461,2.50,3.50
2010.02.22 17:08:42.524,0.84585,0.84605,15.20,1.00
2010.02.22 17:08:42.664,0.84585,0.84605,8.60,1.00
2010.02.22 17:08:43.117,0.84585,0.846,1.00,2.70
2010.02.22 17:08:43.487,0.8458,0.846,2.50,4.10
2010.02.22 17:08:43.833,0.84575,0.846,3.00,12.30
2010.02.22 17:08:44.248,0.84575,0.84595,3.00,8.00
2010.02.22 17:08:45.257,0.84575,0.846,3.00,13.40
2010.02.22 17:08:45.654,0.84575,0.846,4.80,15.00
2010.02.22 17:08:45.979,0.8457,0.84595,4.10,8.30
2010.02.22 17:08:46.299,0.8457,0.84595,4.10,9.90
2010.02.22 17:08:46.565,0.8457,0.84595,4.30,10.80
2010.02.22 17:08:47.207,0.84575,0.846,2.50,15.80
2010.02.22 17:08:47.477,0.84575,0.846,2.50,15.00
2010.02.22 17:08:47.760,0.84575,0.846,5.40,10.70
2010.02.22 17:08:48.381,0.8458,0.846,2.50,8.00
2010.02.22 17:08:50.125,0.84585,0.846,2.50,8.00
2010.02.22 17:08:50.455,0.8458,0.846,2.50,8.00
2010.02.22 17:08:55.970,0.84585,0.846,2.50,8.00
2010.02.22 17:08:56.294,0.84585,0.846,2.50,4.00
2010.02.22 17:08:56.337,0.84585,0.84605,2.50,13.40
2010.02.22 17:08:57.557,0.8458,0.846,2.50,4.00
2010.02.22 17:08:58.082,0.8458,0.846,2.50,8.00
2010.02.22 17:08:58.661,0.8458,0.846,2.50,4.00
2010.02.22 17:09:00.107,0.8458,0.846,2.50,4.80
2010.02.22 17:09:00.465,0.8458,0.84595,2.50,1.00
2010.02.22 17:09:00.622,0.8458,0.846,2.50,8.00
2010.02.22 17:09:01.108,0.8458,0.846,2.50,4.00
2010.02.22 17:09:02.960,0.8458,0.846,2.50,8.00
2010.02.22 17:09:04.438,0.84585,0.846,2.50,8.00
2010.02.22 17:09:04.679,0.84585,0.84605,3.00,1.00
2010.02.22 17:09:05.484,0.8459,0.8461,2.50,1.00
2010.02.22 17:09:09.343,0.8459,0.8461,2.50,2.70
2010.02.22 17:09:17.245,0.8459,0.84605,2.50,1.00
2010.02.22 17:09:26.699,0.84585,0.8461,5.70,4.60
2010.02.22 17:09:26.941,0.8458,0.846,4.60,1.00
2010.02.22 17:09:29.676,0.8458,0.84605,4.60,11.80
2010.02.22 17:09:29.917,0.8458,0.846,4.60,1.00
2010.02.22 17:09:30.461,0.8458,0.846,4.60,1.00
2010.02.22 17:09:36.788,0.84575,0.84595,9.40,1.00
2010.02.22 17:09:37.116,0.84575,0.84595,5.40,1.00
2010.02.22 17:09:37.441,0.84575,0.84595,5.40,4.10
2010.02.22 17:09:38.230,0.84575,0.84595,5.40,1.00
2010.02.22 17:09:38.514,0.84575,0.84595,5.40,4.10
2010.02.22 17:09:41.132,0.84575,0.84595,5.40,8.10
2010.02.22 17:09:45.001,0.8458,0.84595,2.50,8.10
2010.02.22 17:09:45.220,0.84575,0.84595,5.40,8.10
2010.02.22 17:09:46.943,0.8458,0.84595,4.10,8.10
2010.02.22 17:09:47.145,0.84575,0.84595,5.40,1.00
2010.02.22 17:09:47.932,0.84585,0.84595,2.50,4.00
2010.02.22 17:09:48.621,0.84585,0.846,2.50,8.10
2010.02.22 17:09:48.971,0.84585,0.846,2.50,8.50
2010.02.22 17:09:51.291,0.84585,0.846,2.50,4.50
2010.02.22 17:09:51.457,0.84585,0.846,2.50,8.50
2010.02.22 17:09:58.268,0.8458,0.846,2.50,10.70
2010.02.22 17:10:00.867,0.84575,0.84595,4.60,1.00
2010.02.22 17:10:01.142,0.84575,0.84595,4.60,8.10
2010.02.22 17:10:01.425,0.84575,0.84595,2.00,3.10
2010.02.22 17:10:02.102,0.84575,0.84595,4.60,1.00
2010.02.22 17:10:05.463,0.84575,0.84595,4.60,1.00
2010.02.22 17:10:10.266,0.84575,0.84595,7.00,1.00
2010.02.22 17:10:10.326,0.8458,0.84595,2.50,1.00
2010.02.22 17:10:10.576,0.8458,0.84595,3.80,1.00
2010.02.22 17:10:10.885,0.8458,0.84595,5.40,1.00
2010.02.22 17:10:27.357,0.84585,0.84595,1.60,1.00
2010.02.22 17:10:27.522,0.8459,0.846,2.50,1.00
2010.02.22 17:10:28.350,0.8459,0.8461,2.50,8.50
2010.02.22 17:10:28.701,0.8459,0.8461,2.50,8.10
2010.02.22 17:10:29.403,0.8459,0.8461,3.00,1.00
2010.02.22 17:10:30.022,0.8459,0.8461,3.00,4.10
2010.02.22 17:10:30.252,0.84585,0.8461,3.80,3.80
2010.02.22 17:10:30.496,0.8459,0.84605,2.50,1.00
2010.02.22 17:10:30.732,0.84585,0.84605,3.00,1.00
2010.02.22 17:10:33.008,0.8459,0.84605,2.50,1.00
2010.02.22 17:10:33.139,0.8459,0.8461,2.50,9.20
2010.02.22 17:10:33.793,0.8459,0.84605,2.50,1.00
2010.02.22 17:10:37.110,0.84585,0.846,4.60,1.00
2010.02.22 17:10:39.533,0.8458,0.846,3.00,1.00
2010.02.22 17:10:39.840,0.8458,0.846,2.50,4.30
2010.02.22 17:10:40.647,0.8458,0.846,2.50,5.40
2010.02.22 17:10:53.363,0.8458,0.846,2.50,1.20
2010.02.22 17:10:53.726,0.8458,0.84605,7.00,3.80
2010.02.22 17:10:54.529,0.8458,0.84605,7.00,4.20
2010.02.22 17:10:56.050,0.84585,0.84605,1.60,4.20
2010.02.22 17:10:56.218,0.84585,0.84605,4.10,1.60
2010.02.22 17:10:56.388,0.8459,0.84605,2.50,1.00
2010.02.22 17:10:57.068,0.84585,0.84605,7.10,1.00
2010.02.22 17:10:57.397,0.8458,0.846,9.40,1.00
2010.02.22 17:10:59.493,0.8458,0.846,5.40,1.00
2010.02.22 17:11:00.821,0.84585,0.84605,4.60,1.00
2010.02.22 17:11:02.087,0.84585,0.84605,4.60,2.70
2010.02.22 17:11:02.716,0.84585,0.84605,4.60,1.00
2010.02.22 17:11:02.955,0.84585,0.8461,4.60,5.80
2010.02.22 17:11:03.196,0.8459,0.8461,2.50,3.80
2010.02.22 17:11:07.300,0.8459,0.8461,2.50,5.40
2010.02.22 17:11:08.074,0.8459,0.8461,2.50,3.80
2010.02.22 17:11:11.172,0.84585,0.84605,5.40,1.00
2010.02.22 17:11:13.857,0.84585,0.84605,7.00,1.00
2010.02.22 17:11:18.255,0.84585,0.84605,4.10,1.00
2010.02.22 17:11:20.454,0.8459,0.84605,2.50,1.00
2010.02.22 17:11:21.038,0.8459,0.84605,3.00,1.00
2010.02.22 17:11:22.012,0.8459,0.84605,1.00,1.00
2010.02.22 17:11:22.096,0.84585,0.846,4.60,1.00
2010.02.22 17:11:22.602,0.84585,0.84605,2.50,1.00
2010.02.22 17:11:22.946,0.84585,0.84605,2.50,4.10
2010.02.22 17:11:24.040,0.84585,0.84605,2.50,1.00
2010.02.22 17:11:24.625,0.84595,0.8461,4.10,8.00
2010.02.22 17:11:25.249,0.84595,0.84615,4.10,8.10
2010.02.22 17:11:25.605,0.84595,0.84615,6.20,8.50
2010.02.22 17:11:26.672,0.84595,0.8461,2.50,1.00
2010.02.22 17:11:27.305,0.8459,0.8461,12.50,1.00
2010.02.22 17:11:27.718,0.84595,0.8461,2.50,1.00
2010.02.22 17:11:28.926,0.8459,0.8461,4.60,1.00
2010.02.22 17:11:29.727,0.8459,0.8461,4.60,4.10
2010.02.22 17:11:30.441,0.8459,0.8461,5.40,4.10
2010.02.22 17:11:30.722,0.84595,0.8461,2.50,1.00
2010.02.22 17:11:31.383,0.84595,0.8461,5.70,1.00
2010.02.22 17:11:31.512,0.84595,0.84615,6.20,8.10
2010.02.22 17:11:33.316,0.84595,0.8462,6.20,4.10
2010.02.22 17:11:33.677,0.84595,0.8462,6.20,4.00
2010.02.22 17:11:35.215,0.84595,0.8462,7.00,4.00
2010.02.22 17:11:35.432,0.84605,0.84625,2.50,10.70
2010.02.22 17:11:35.805,0.84605,0.84625,2.50,6.70
2010.02.22 17:11:36.023,0.84605,0.84625,2.50,2.70
2010.02.22 17:11:41.329,0.84605,0.84625,2.50,10.70
2010.02.22 17:11:42.578,0.846,0.8462,3.00,2.70
2010.02.22 17:11:44.154,0.846,0.8462,3.00,1.00
2010.02.22 17:11:44.991,0.846,0.84625,3.00,11.80
2010.02.22 17:11:45.422,0.846,0.84625,3.00,3.80
2010.02.22 17:11:46.509,0.846,0.8462,3.00,1.00
2010.02.22 17:11:47.541,0.84605,0.84625,2.50,1.20
2010.02.22 17:11:47.972,0.84605,0.84625,2.50,1.00
2010.02.22 17:11:48.303,0.84605,0.8462,2.50,1.00
2010.02.22 17:11:49.130,0.846,0.8462,8.60,1.00
2010.02.22 17:11:50.262,0.846,0.84615,1.00,1.00
2010.02.22 17:11:51.556,0.846,0.84615,8.40,1.00
2010.02.22 17:11:54.676,0.846,0.84615,11.00,1.00
2010.02.22 17:11:56.228,0.846,0.84615,3.00,1.00
2010.02.22 17:11:57.225,0.846,0.8462,3.00,1.00
2010.02.22 17:11:57.531,0.846,0.8462,7.00,1.00
2010.02.22 17:11:59.086,0.8461,0.84625,2.50,1.00
2010.02.22 17:12:03.678,0.84605,0.8462,1.00,1.00
2010.02.22 17:12:03.981,0.846,0.8462,4.60,1.00
2010.02.22 17:12:04.504,0.846,0.8462,3.00,1.00
2010.02.22 17:12:06.201,0.846,0.8462,4.60,1.00
2010.02.22 17:12:07.223,0.846,0.84625,5.50,4.10
2010.02.22 17:12:07.542,0.846,0.8462,4.60,1.00
2010.02.22 17:12:07.859,0.846,0.8462,3.00,1.00
2010.02.22 17:12:09.566,0.846,0.8462,7.00,1.00
2010.02.22 17:12:09.923,0.846,0.8462,9.50,1.00
2010.02.22 17:12:09.987,0.846,0.8462,8.60,1.00
2010.02.22 17:12:10.950,0.8461,0.8463,4.60,1.00
2010.02.22 17:12:11.519,0.84615,0.84635,2.50,8.10
2010.02.22 17:12:11.888,0.84615,0.8464,3.00,11.80
2010.02.22 17:12:12.267,0.84615,0.8464,3.00,7.80
2010.02.22 17:12:12.624,0.84615,0.84635,3.00,1.00
2010.02.22 17:12:13.565,0.8461,0.84635,1.00,6.70
2010.02.22 17:12:13.914,0.84605,0.84625,5.40,1.00
2010.02.22 17:12:15.876,0.84605,0.8463,5.40,6.70
2010.02.22 17:12:16.237,0.84605,0.8463,5.40,11.30
2010.02.22 17:12:17.100,0.84605,0.8463,5.40,2.70
2010.02.22 17:12:19.288,0.84605,0.84625,5.40,1.00
2010.02.22 17:12:21.044,0.8461,0.84625,1.00,1.00
2010.02.22 17:12:21.709,0.84605,0.84625,5.40,1.00
2010.02.22 17:12:24.815,0.84615,0.8463,2.50,1.00
2010.02.22 17:12:24.895,0.84615,0.84625,2.50,1.00
2010.02.22 17:12:25.048,0.8461,0.84625,1.00,1.00
2010.02.22 17:12:25.125,0.84605,0.84625,9.40,1.00
2010.02.22 17:12:25.167,0.84605,0.84625,5.40,1.00
2010.02.22 17:12:27.997,0.84605,0.84625,13.40,1.00
2010.02.22 17:12:28.130,0.84605,0.84625,5.40,1.00
2010.02.22 17:12:30.665,0.84615,0.8463,2.50,1.00
2010.02.22 17:12:32.331,0.8461,0.8463,7.90,1.00
2010.02.22 17:12:33.062,0.8461,0.8463,7.90,1.00
2010.02.22 17:12:33.743,0.846,0.84615,11.80,2.50
2010.02.22 17:12:34.103,0.84605,0.84625,2.50,8.10
2010.02.22 17:12:34.454,0.84605,0.84625,2.50,1.00
2010.02.22 17:12:36.632,0.84605,0.8462,2.50,1.00
2010.02.22 17:12:36.753,0.846,0.8462,7.00,1.00
2010.02.22 17:12:36.873,0.846,0.8462,5.40,1.00
2010.02.22 17:12:37.960,0.846,0.8462,4.60,1.00
2010.02.22 17:12:38.545,0.846,0.84615,3.00,1.00
2010.02.22 17:12:39.463,0.84595,0.84615,4.10,1.00
2010.02.22 17:12:39.916,0.8459,0.84615,15.00,2.70
2010.02.22 17:12:40.246,0.8459,0.84615,9.40,2.70
2010.02.22 17:12:41.956,0.8459,0.84615,9.40,1.00
2010.02.22 17:12:43.046,0.8459,0.8461,9.40,1.00
2010.02.22 17:12:43.524,0.8459,0.8461,5.40,1.00
2010.02.22 17:12:43.700,0.8459,0.8461,9.40,1.00
2010.02.22 17:12:45.054,0.8459,0.8461,9.40,1.00
2010.02.22 17:12:45.638,0.8459,0.8461,5.40,1.00
2010.02.22 17:12:46.108,0.84595,0.8461,2.50,1.00
2010.02.22 17:12:46.634,0.84595,0.84615,2.50,8.50
2010.02.22 17:12:46.958,0.846,0.84615,2.50,8.10
2010.02.22 17:12:48.274,0.846,0.84615,2.50,4.10
2010.02.22 17:12:48.765,0.84595,0.8461,2.50,1.00
2010.02.22 17:12:53.044,0.846,0.8461,2.50,1.00
2010.02.22 17:12:56.381,0.84595,0.84615,2.50,1.90
2010.02.22 17:12:56.680,0.84595,0.84615,2.50,1.20
2010.02.22 17:12:57.123,0.8459,0.84615,2.50,5.40
2010.02.22 17:12:57.464,0.8459,0.8461,2.50,1.60
2010.02.22 17:12:58.229,0.8459,0.8461,2.50,1.20
2010.02.22 17:12:58.575,0.8459,0.8461,2.50,5.20
2010.02.22 17:13:00.049,0.8459,0.84605,2.50,1.00
2010.02.22 17:13:02.640,0.84595,0.8461,2.50,1.00
2010.02.22 17:13:03.468,0.846,0.8461,2.50,1.00
2010.02.22 17:13:10.406,0.846,0.84615,2.50,1.00
2010.02.22 17:13:15.456,0.846,0.84615,2.50,4.10
2010.02.22 17:13:17.982,0.846,0.84615,2.50,8.10
2010.02.22 17:13:18.109,0.846,0.84615,2.50,4.10
2010.02.22 17:13:18.440,0.846,0.8461,2.50,1.00
2010.02.22 17:13:27.025,0.84605,0.8461,2.50,1.00
2010.02.22 17:13:27.139,0.846,0.8461,2.50,1.00
2010.02.22 17:13:33.923,0.846,0.84615,2.50,4.10
2010.02.22 17:13:34.223,0.846,0.84615,2.50,1.00
2010.02.22 17:13:35.786,0.84595,0.84615,4.60,4.10
2010.02.22 17:13:35.993,0.84595,0.84615,4.60,1.00
2010.02.22 17:13:36.284,0.84595,0.84615,4.60,4.50
2010.02.22 17:13:37.359,0.84595,0.84615,4.60,1.00
2010.02.22 17:13:38.761,0.84595,0.84615,4.60,1.00
2010.02.22 17:13:39.119,0.846,0.84615,3.00,1.00
2010.02.22 17:13:39.942,0.84605,0.84615,2.50,1.00
2010.02.22 17:13:40.092,0.846,0.84615,2.50,8.10
2010.02.22 17:13:40.240,0.846,0.84615,2.50,4.10
2010.02.22 17:13:44.231,0.846,0.84615,2.50,1.00
2010.02.22 17:13:44.820,0.846,0.84615,2.50,4.10
2010.02.22 17:13:46.732,0.84595,0.84615,4.60,1.00
2010.02.22 17:13:47.013,0.84595,0.84615,4.60,4.10
2010.02.22 17:13:47.506,0.84595,0.84615,4.60,1.00
2010.02.22 17:13:49.117,0.84595,0.84615,4.60,4.10
2010.02.22 17:13:50.718,0.84595,0.84615,4.60,1.00
2010.02.22 17:13:52.681,0.84595,0.84615,4.60,4.10
2010.02.22 17:13:54.119,0.846,0.84615,2.50,1.00
2010.02.22 17:13:55.538,0.846,0.84615,3.00,1.00
2010.02.22 17:13:58.164,0.846,0.84615,1.00,1.00
2010.02.22 17:13:59.792,0.846,0.8461,3.00,1.00
2010.02.22 17:14:05.277,0.846,0.84615,3.00,1.00
2010.02.22 17:14:09.438,0.84595,0.84615,11.00,1.00
2010.02.22 17:14:09.563,0.84595,0.84615,3.00,1.00
2010.02.22 17:14:14.480,0.84595,0.8461,3.00,1.00
2010.02.22 17:14:14.938,0.84595,0.8461,4.60,1.00
2010.02.22 17:14:17.752,0.84595,0.84615,4.60,1.00
2010.02.22 17:14:21.063,0.84605,0.84615,2.50,1.00
2010.02.22 17:14:21.315,0.8461,0.84615,2.50,1.00
2010.02.22 17:14:21.813,0.84605,0.84615,2.50,1.00
2010.02.22 17:14:22.214,0.846,0.84615,2.50,1.00
2010.02.22 17:14:22.529,0.846,0.8461,2.50,1.00
2010.02.22 17:14:23.434,0.8461,0.84615,2.50,1.00
2010.02.22 17:14:25.276,0.8461,0.8462,2.50,1.00
2010.02.22 17:14:25.374,0.8461,0.8462,2.50,1.00
2010.02.22 17:14:25.555,0.8461,0.84615,2.50,1.00
2010.02.22 17:14:26.238,0.8461,0.8462,2.50,1.00
2010.02.22 17:14:29.682,0.84605,0.8462,2.50,1.00
2010.02.22 17:14:32.749,0.8461,0.8462,2.50,1.00
2010.02.22 17:14:32.917,0.84625,0.84635,2.50,16.00
2010.02.22 17:14:33.079,0.84625,0.84635,2.50,8.00
2010.02.22 17:14:33.474,0.84625,0.84645,2.50,1.00
2010.02.22 17:14:33.824,0.8462,0.84645,4.60,1.00
2010.02.22 17:14:34.276,0.84635,0.84645,2.50,4.40
2010.02.22 17:14:34.511,0.84625,0.84635,4.60,1.00
2010.02.22 17:14:35.089,0.84625,0.8464,4.60,1.00
2010.02.22 17:14:35.317,0.84625,0.8464,4.60,8.00
2010.02.22 17:14:35.667,0.8463,0.8464,2.50,4.00
2010.02.22 17:14:36.452,0.84625,0.84645,4.60,10.50
2010.02.22 17:14:36.674,0.84625,0.8464,2.50,1.00
2010.02.22 17:14:37.221,0.84625,0.8464,2.50,4.00
2010.02.22 17:14:37.445,0.84625,0.8464,3.30,1.00
2010.02.22 17:14:37.792,0.84625,0.8464,2.50,1.00
2010.02.22 17:14:38.248,0.84625,0.8464,2.50,4.10
2010.02.22 17:14:38.611,0.8463,0.8464,2.50,4.00
2010.02.22 17:14:39.586,0.8463,0.8464,2.50,8.10
2010.02.22 17:14:39.762,0.84625,0.8464,2.50,8.10
2010.02.22 17:14:39.941,0.84625,0.84635,2.50,1.00
2010.02.22 17:14:40.355,0.8462,0.84635,2.50,4.10
2010.02.22 17:14:40.540,0.8462,0.84635,2.50,8.10
2010.02.22 17:14:41.435,0.8462,0.8463,2.50,4.00
2010.02.22 17:14:41.787,0.8462,0.84635,2.50,8.10
2010.02.22 17:14:42.570,0.8462,0.84635,2.50,1.00
2010.02.22 17:14:43.413,0.8462,0.84635,2.50,8.10
2010.02.22 17:14:43.651,0.8462,0.84635,2.50,1.00
2010.02.22 17:14:46.520,0.8462,0.84635,2.50,1.70
2010.02.22 17:14:46.711,0.84615,0.84635,2.50,1.70
2010.02.22 17:14:51.685,0.84615,0.84635,2.50,2.10
2010.02.22 17:14:52.146,0.84615,0.8463,2.50,1.00
2010.02.22 17:14:53.014,0.84625,0.8464,2.50,4.50
2010.02.22 17:14:53.203,0.84625,0.8464,2.50,8.50
2010.02.22 17:14:53.805,0.84625,0.8464,2.50,1.00
2010.02.22 17:14:58.593,0.84635,0.84645,2.50,4.10
2010.02.22 17:15:00.024,0.84635,0.84645,2.50,1.00
2010.02.22 17:15:01.915,0.84625,0.8464,4.60,1.00
2010.02.22 17:15:02.297,0.84625,0.8464,4.10,1.00
2010.02.22 17:15:02.483,0.84625,0.8464,2.50,1.00
2010.02.22 17:15:03.285,0.8463,0.8464,2.50,1.00
2010.02.22 17:15:05.827,0.84625,0.8464,2.50,1.00
2010.02.22 17:15:06.646,0.8462,0.8464,12.60,1.00
2010.02.22 17:15:11.325,0.8462,0.8463,4.00,1.00
2010.02.22 17:15:11.465,0.8461,0.8463,10.50,1.10
2010.02.22 17:15:12.021,0.8461,0.8462,2.50,1.00
2010.02.22 17:15:13.763,0.8461,0.84625,2.50,3.20
2010.02.22 17:15:14.223,0.8461,0.84625,2.50,2.80
2010.02.22 17:15:14.489,0.84615,0.84625,2.50,8.00
2010.02.22 17:15:14.715,0.84615,0.8463,2.50,12.40
2010.02.22 17:15:15.910,0.84615,0.8463,2.50,8.40
2010.02.22 17:15:16.211,0.84615,0.8463,2.50,2.80
2010.02.22 17:15:16.517,0.84615,0.8463,2.50,5.10
2010.02.22 17:15:17.172,0.8461,0.8463,2.50,5.10
2010.02.22 17:15:18.280,0.8461,0.8463,2.50,5.20
2010.02.22 17:15:18.634,0.8461,0.8463,2.50,1.20
2010.02.22 17:15:18.990,0.84615,0.8463,2.50,1.10
2010.02.22 17:15:19.344,0.84615,0.84635,2.50,4.40
2010.02.22 17:15:24.801,0.84615,0.8463,2.50,1.00
2010.02.22 17:15:26.641,0.84615,0.84635,2.50,4.80
2010.02.22 17:15:26.906,0.84615,0.84635,2.50,4.40
2010.02.22 17:15:30.879,0.84625,0.84635,2.50,1.00
2010.02.22 17:15:31.963,0.8462,0.84635,2.50,1.00
2010.02.22 17:15:32.202,0.84615,0.84635,2.50,1.00
2010.02.22 17:15:32.879,0.8461,0.8463,2.50,1.00
2010.02.22 17:15:33.602,0.8461,0.84635,2.50,11.70
2010.02.22 17:15:34.028,0.8461,0.84635,2.50,9.20
2010.02.22 17:15:34.269,0.84615,0.8463,2.50,1.00
2010.02.22 17:15:35.173,0.8461,0.84625,2.50,1.00
2010.02.22 17:15:37.954,0.84605,0.8463,12.10,1.00
2010.02.22 17:15:38.453,0.8461,0.8463,2.50,2.80
2010.02.22 17:15:41.098,0.8462,0.8463,2.50,1.00
2010.02.22 17:15:44.006,0.84615,0.8463,2.50,1.00
2010.02.22 17:15:44.191,0.8461,0.8463,3.60,1.00
2010.02.22 17:15:44.358,0.8461,0.8463,2.50,1.00
2010.02.22 17:15:44.889,0.8462,0.8463,2.50,1.00
2010.02.22 17:15:45.062,0.8461,0.8463,6.50,1.00
2010.02.22 17:15:45.417,0.8461,0.8463,2.50,1.00
2010.02.22 17:15:51.521,0.84615,0.8463,2.50,1.00
2010.02.22 17:15:52.249,0.8461,0.8463,2.50,1.00
2010.02.22 17:15:59.459,0.84615,0.8463,2.50,1.00
2010.02.22 17:16:00.379,0.8461,0.8463,2.50,1.00
2010.02.22 17:16:00.737,0.8461,0.8463,2.50,4.30
2010.02.22 17:16:02.093,0.8461,0.8463,2.50,1.70
2010.02.22 17:16:02.382,0.8461,0.8463,2.50,1.00
2010.02.22 17:16:06.658,0.8461,0.8463,2.50,1.00
2010.02.22 17:16:07.658,0.8461,0.8463,2.50,4.10
2010.02.22 17:16:07.866,0.84605,0.8463,4.60,4.10
2010.02.22 17:16:10.077,0.84605,0.84625,4.60,1.00
2010.02.22 17:16:11.043,0.84605,0.8463,4.60,4.10
2010.02.22 17:16:13.273,0.84605,0.8463,4.60,3.30
2010.02.22 17:16:13.414,0.8461,0.8463,2.50,3.30
2010.02.22 17:16:16.242,0.8461,0.84625,2.50,1.00
2010.02.22 17:16:16.425,0.84605,0.8463,4.60,3.30
2010.02.22 17:16:18.740,0.84615,0.8463,2.50,1.00
2010.02.22 17:16:21.361,0.8461,0.8463,2.50,1.00
2010.02.22 17:16:23.454,0.8461,0.84625,2.50,1.00
2010.02.22 17:16:23.863,0.8461,0.8463,2.50,1.00
2010.02.22 17:16:24.421,0.84605,0.84625,4.60,1.60
2010.02.22 17:16:24.632,0.84605,0.84625,2.50,1.70
2010.02.22 17:16:24.927,0.84605,0.84625,2.50,1.60
2010.02.22 17:16:25.537,0.84605,0.84625,2.50,1.70
2010.02.22 17:16:26.194,0.84605,0.84625,2.50,1.60
2010.02.22 17:16:26.527,0.8461,0.84625,2.50,1.60
2010.02.22 17:16:27.604,0.84605,0.84625,2.50,1.70
2010.02.22 17:16:30.683,0.84605,0.8462,2.50,1.00
2010.02.22 17:16:33.602,0.84605,0.8462,2.50,1.70
2010.02.22 17:16:34.305,0.84595,0.8461,6.50,1.70
2010.02.22 17:16:34.949,0.84585,0.846,1.00,4.30
2010.02.22 17:16:35.212,0.84585,0.84595,1.00,1.00
2010.02.22 17:16:35.685,0.8458,0.84595,2.50,1.00
2010.02.22 17:16:36.031,0.8458,0.846,2.50,5.10
2010.02.22 17:16:37.009,0.8458,0.846,4.00,3.50
2010.02.22 17:16:37.361,0.84585,0.84605,4.60,1.00
2010.02.22 17:16:37.774,0.84585,0.8461,4.60,4.30
2010.02.22 17:16:38.106,0.84585,0.8461,5.40,2.70
2010.02.22 17:16:40.766,0.84585,0.8461,4.60,2.70
2010.02.22 17:16:41.126,0.84585,0.8461,4.60,4.30
2010.02.22 17:16:41.804,0.84585,0.8461,3.60,7.80
2010.02.22 17:16:41.893,0.84585,0.8461,2.50,7.80
2010.02.22 17:16:41.982,0.84585,0.8461,2.50,8.60
2010.02.22 17:16:42.630,0.84585,0.8461,2.50,12.60
2010.02.22 17:16:42.725,0.84585,0.84605,2.50,1.70
2010.02.22 17:16:43.408,0.8458,0.84605,2.50,6.20
2010.02.22 17:16:44.382,0.8458,0.84605,2.50,6.00
2010.02.22 17:16:44.653,0.8458,0.84605,3.00,6.20
2010.02.22 17:16:45.526,0.8458,0.84605,3.00,6.00
2010.02.22 17:16:45.798,0.8458,0.84605,3.10,6.00
2010.02.22 17:16:46.382,0.8459,0.8461,2.50,17.00
2010.02.22 17:16:46.744,0.8459,0.8461,2.50,2.50
2010.02.22 17:16:50.961,0.84585,0.8461,4.70,4.10
2010.02.22 17:16:51.746,0.84585,0.8461,4.60,4.10
2010.02.22 17:16:52.089,0.84585,0.8461,4.60,4.30
2010.02.22 17:16:52.763,0.84585,0.8461,4.70,4.10
2010.02.22 17:16:53.025,0.84585,0.8461,4.60,4.90
2010.02.22 17:16:53.290,0.84585,0.8461,4.60,13.30
2010.02.22 17:16:54.836,0.8458,0.84605,4.60,2.70
2010.02.22 17:16:55.439,0.8458,0.84605,4.60,2.50
2010.02.22 17:16:56.618,0.84575,0.84605,15.30,2.70
2010.02.22 17:16:56.891,0.8458,0.84605,4.60,2.50
2010.02.22 17:16:57.548,0.8458,0.84605,4.60,2.70
2010.02.22 17:16:57.843,0.8458,0.84605,4.60,2.50
2010.02.22 17:16:58.148,0.84585,0.84605,2.50,1.60
2010.02.22 17:16:58.459,0.84585,0.8461,7.30,6.50
2010.02.22 17:16:58.897,0.84585,0.8461,8.10,6.50
2010.02.22 17:16:59.121,0.8459,0.84615,2.50,15.80
2010.02.22 17:17:00.012,0.8459,0.84615,2.50,16.20
2010.02.22 17:17:02.069,0.84595,0.84615,2.50,8.50
2010.02.22 17:17:02.203,0.84595,0.84615,2.50,8.40
2010.02.22 17:17:02.871,0.84595,0.84615,2.50,1.00
2010.02.22 17:17:03.207,0.84595,0.8462,2.50,15.40
2010.02.22 17:17:04.756,0.8459,0.8461,4.10,4.00
2010.02.22 17:17:05.054,0.84595,0.84615,2.50,10.80
2010.02.22 17:17:06.161,0.84595,0.84615,2.50,8.90
2010.02.22 17:17:06.513,0.8459,0.84615,2.50,4.90
2010.02.22 17:17:07.245,0.8459,0.84605,1.00,1.00
2010.02.22 17:17:07.764,0.84585,0.84605,4.60,1.00
2010.02.22 17:17:08.031,0.84585,0.84605,1.00,2.70
2010.02.22 17:17:08.521,0.84585,0.84605,1.00,2.50
2010.02.22 17:17:08.828,0.8458,0.8461,8.60,7.00
2010.02.22 17:17:09.450,0.8458,0.8461,5.40,15.00
2010.02.22 17:17:09.809,0.8458,0.8461,4.60,15.00
2010.02.22 17:17:10.156,0.8458,0.8461,5.40,14.20
2010.02.22 17:17:10.255,0.8458,0.8461,5.70,14.00
2010.02.22 17:17:10.357,0.8458,0.8461,9.50,6.20
2010.02.22 17:17:10.543,0.8458,0.8461,9.50,10.20
2010.02.22 17:17:10.633,0.8458,0.8461,5.50,14.20
2010.02.22 17:17:11.021,0.8458,0.8461,4.60,14.60
2010.02.22 17:17:14.573,0.8458,0.84605,4.10,1.10
2010.02.22 17:17:15.129,0.8458,0.84605,2.50,2.70
2010.02.22 17:17:15.184,0.8458,0.84605,2.50,2.80
2010.02.22 17:17:17.741,0.8458,0.84605,2.50,2.70
2010.02.22 17:17:20.525,0.84585,0.84605,2.50,5.10
2010.02.22 17:17:21.116,0.8459,0.8461,2.50,1.10
2010.02.22 17:17:21.813,0.84585,0.8461,4.60,3.60
2010.02.22 17:17:22.166,0.8459,0.8461,2.50,1.10
2010.02.22 17:17:23.417,0.84595,0.84615,2.50,12.40
2010.02.22 17:17:23.693,0.84595,0.84615,2.50,1.70
2010.02.22 17:17:26.768,0.8459,0.84615,5.50,4.30
2010.02.22 17:17:26.992,0.84585,0.8461,14.20,6.20
2010.02.22 17:17:27.214,0.84585,0.8461,6.20,6.20
2010.02.22 17:17:27.675,0.8459,0.8461,2.50,1.20
2010.02.22 17:17:29.878,0.8459,0.8461,2.50,1.10
2010.02.22 17:17:31.197,0.84595,0.84615,2.50,10.70
2010.02.22 17:17:31.551,0.8459,0.84615,3.00,10.20
2010.02.22 17:17:31.688,0.8459,0.84615,3.00,14.20
2010.02.22 17:17:32.253,0.8459,0.84615,3.00,6.20
2010.02.22 17:17:32.539,0.84595,0.84615,2.50,6.20
2010.02.22 17:17:37.201,0.8459,0.84615,3.00,6.20
2010.02.22 17:17:37.885,0.8459,0.84615,2.50,7.80
2010.02.22 17:17:38.460,0.846,0.84615,2.50,1.10
2010.02.22 17:17:39.030,0.846,0.8462,2.50,15.80
2010.02.22 17:17:39.475,0.846,0.8462,2.50,15.00
2010.02.22 17:17:44.197,0.846,0.8462,2.50,13.40
2010.02.22 17:17:44.898,0.8461,0.8462,2.50,4.00
2010.02.22 17:17:45.565,0.8461,0.84625,2.50,8.00
2010.02.22 17:17:45.812,0.8462,0.84635,2.50,8.00
2010.02.22 17:17:46.568,0.8462,0.8464,2.50,13.20
2010.02.22 17:17:47.265,0.84615,0.8463,2.50,1.00
2010.02.22 17:17:47.635,0.8461,0.8463,2.50,1.00
2010.02.22 17:17:49.843,0.8461,0.84625,2.50,1.00
2010.02.22 17:17:50.855,0.84615,0.8463,2.50,1.00
2010.02.22 17:17:51.263,0.8461,0.84625,2.50,1.00
2010.02.22 17:17:51.523,0.8461,0.8463,3.60,1.00
2010.02.22 17:17:52.061,0.8461,0.8463,3.60,1.00
2010.02.22 17:17:52.166,0.8461,0.8463,2.50,1.00
2010.02.22 17:17:52.262,0.84615,0.8463,2.50,1.00
2010.02.22 17:17:52.363,0.8461,0.84625,2.50,1.00
2010.02.22 17:17:52.656,0.8461,0.84635,4.40,12.10
2010.02.22 17:17:53.024,0.84615,0.84635,2.50,9.60
2010.02.22 17:17:53.128,0.84615,0.8464,2.50,13.40
2010.02.22 17:17:53.478,0.8462,0.8464,2.50,10.80
2010.02.22 17:17:53.826,0.84615,0.8464,2.50,13.40
2010.02.22 17:17:54.217,0.8462,0.8464,2.50,10.80
2010.02.22 17:17:54.505,0.84615,0.84635,2.50,4.10
2010.02.22 17:17:55.111,0.84615,0.8464,2.50,13.40
2010.02.22 17:17:57.392,0.84615,0.8464,2.50,14.20
2010.02.22 17:17:58.670,0.84615,0.8464,2.50,13.40
2010.02.22 17:17:59.427,0.84615,0.8464,2.50,15.00
2010.02.22 17:17:59.778,0.84605,0.8463,6.80,2.70
2010.02.22 17:18:00.326,0.8461,0.84635,2.50,6.20
2010.02.22 17:18:00.461,0.8461,0.84635,2.50,14.20
2010.02.22 17:18:03.783,0.84605,0.8463,5.60,4.10
2010.02.22 17:18:04.250,0.8461,0.8463,2.50,1.00
2010.02.22 17:18:07.034,0.8461,0.84625,2.50,1.00
2010.02.22 17:18:07.170,0.8461,0.8463,2.50,8.90
2010.02.22 17:18:07.581,0.8461,0.8463,2.50,4.90
2010.02.22 17:18:11.178,0.8461,0.84625,2.50,1.00
2010.02.22 17:18:13.192,0.84615,0.8463,2.50,4.10
2010.02.22 17:18:13.772,0.84615,0.8463,2.50,1.00
2010.02.22 17:18:14.121,0.84615,0.84635,2.50,5.20
2010.02.22 17:18:14.473,0.84615,0.84635,2.50,1.20
2010.02.22 17:18:15.672,0.84615,0.84635,2.50,1.00
2010.02.22 17:18:16.602,0.84615,0.84635,7.00,1.00
2010.02.22 17:18:16.959,0.84625,0.84645,2.50,11.50
2010.02.22 17:18:18.712,0.8462,0.8464,3.00,2.40
2010.02.22 17:18:19.439,0.8462,0.8464,3.00,2.50
2010.02.22 17:18:20.099,0.8462,0.8464,2.50,1.00
2010.02.22 17:18:20.229,0.8462,0.8464,2.50,4.90
2010.02.22 17:18:20.487,0.8462,0.8464,2.50,6.50
2010.02.22 17:18:21.063,0.8462,0.84635,2.50,1.00
2010.02.22 17:18:21.414,0.84615,0.84635,2.50,1.00
2010.02.22 17:18:22.163,0.84615,0.84635,2.50,11.50
2010.02.22 17:18:22.522,0.84615,0.84635,2.50,7.50
2010.02.22 17:18:23.258,0.84615,0.84635,2.50,11.50
2010.02.22 17:18:24.318,0.84615,0.84635,2.50,7.50
2010.02.22 17:18:28.551,0.84615,0.8463,2.50,1.00
2010.02.22 17:18:29.017,0.84615,0.84635,2.50,7.50
2010.02.22 17:18:29.307,0.84615,0.84635,2.50,3.50
2010.02.22 17:18:34.177,0.84615,0.8463,2.50,1.00
2010.02.22 17:18:41.147,0.84615,0.84635,2.50,3.50
2010.02.22 17:18:42.303,0.84615,0.8463,2.50,1.00
2010.02.22 17:18:42.794,0.8461,0.8463,3.00,1.00
2010.02.22 17:18:51.099,0.8461,0.84635,3.00,6.10
2010.02.22 17:18:51.189,0.8461,0.84635,3.00,6.20
2010.02.22 17:18:51.877,0.8461,0.8463,3.00,1.00
2010.02.22 17:18:52.300,0.8461,0.8463,3.00,1.00
2010.02.22 17:18:52.425,0.8461,0.8463,2.50,3.60
2010.02.22 17:18:52.545,0.84605,0.8463,2.50,6.20
2010.02.22 17:18:53.076,0.846,0.84625,3.00,4.60
2010.02.22 17:18:56.111,0.846,0.8462,3.00,1.00
2010.02.22 17:18:57.389,0.846,0.84625,3.00,4.60
2010.02.22 17:18:58.937,0.846,0.8462,3.00,1.00
2010.02.22 17:18:59.870,0.84595,0.8462,11.60,3.50
2010.02.22 17:19:00.206,0.8459,0.84615,4.60,5.10
2010.02.22 17:19:00.409,0.84595,0.84615,2.50,2.50
2010.02.22 17:19:01.860,0.84595,0.84615,2.50,2.40
2010.02.22 17:19:02.680,0.84595,0.8462,2.50,10.20
2010.02.22 17:19:02.903,0.84595,0.8462,2.50,4.60
2010.02.22 17:19:03.166,0.84595,0.8462,2.70,4.40
2010.02.22 17:19:03.774,0.846,0.84625,3.00,14.20
2010.02.22 17:19:04.116,0.84615,0.8463,2.40,4.00
2010.02.22 17:19:04.577,0.84625,0.84635,2.50,5.10
2010.02.22 17:19:04.894,0.84625,0.84645,2.50,10.70
2010.02.22 17:19:05.490,0.84625,0.8465,2.50,16.70
2010.02.22 17:19:05.827,0.84625,0.84645,2.50,6.80
2010.02.22 17:19:06.785,0.84625,0.84645,2.50,11.60
2010.02.22 17:19:07.108,0.84625,0.84645,2.50,6.80
2010.02.22 17:19:07.487,0.84625,0.84645,2.50,2.80
2010.02.22 17:19:07.814,0.84625,0.84645,2.50,11.60
2010.02.22 17:19:08.172,0.84625,0.8464,2.50,2.70
2010.02.22 17:19:08.627,0.8462,0.8464,2.50,6.70
2010.02.22 17:19:10.354,0.84615,0.8464,7.00,5.20
2010.02.22 17:19:10.545,0.84615,0.84635,1.00,5.10
2010.02.22 17:19:11.516,0.84615,0.84635,3.00,1.00
2010.02.22 17:19:12.211,0.84615,0.84635,1.00,2.70
2010.02.22 17:19:16.769,0.84615,0.84635,4.60,1.00
2010.02.22 17:19:24.843,0.84625,0.8464,2.50,1.60
2010.02.22 17:19:25.571,0.84625,0.84645,2.50,2.70
2010.02.22 17:19:25.779,0.84625,0.84645,2.50,6.70
2010.02.22 17:19:25.989,0.8462,0.84645,1.60,9.40
2010.02.22 17:19:26.521,0.84615,0.84635,2.50,1.00
2010.02.22 17:19:26.898,0.84615,0.8464,2.50,15.90
2010.02.22 17:19:28.815,0.84615,0.8464,2.50,15.80
2010.02.22 17:19:29.492,0.84605,0.8462,5.00,7.80
2010.02.22 17:19:29.732,0.8459,0.84605,2.50,1.00
2010.02.22 17:19:30.308,0.8458,0.846,10.60,2.70
2010.02.22 17:19:30.524,0.8458,0.84605,4.60,4.00
2010.02.22 17:19:30.879,0.8459,0.84615,3.80,13.10
2010.02.22 17:19:31.647,0.84595,0.8462,2.50,13.20
2010.02.22 17:19:32.368,0.8459,0.84615,9.40,2.70
2010.02.22 17:19:32.709,0.8459,0.84615,3.00,6.70
2010.02.22 17:19:33.070,0.8459,0.84615,2.50,11.80
2010.02.22 17:19:33.796,0.8459,0.84615,2.50,9.40
2010.02.22 17:19:34.615,0.8459,0.84615,2.50,13.40
2010.02.22 17:19:34.960,0.8459,0.84615,3.30,13.40
2010.02.22 17:19:35.671,0.846,0.8462,3.30,8.10
2010.02.22 17:19:35.874,0.846,0.84625,3.30,13.40
2010.02.22 17:19:36.309,0.846,0.84625,3.80,10.70
2010.02.22 17:19:37.121,0.846,0.84625,3.00,10.70
2010.02.22 17:19:37.781,0.84595,0.8462,4.60,8.30
2010.02.22 17:19:38.501,0.84595,0.8462,4.60,12.30
2010.02.22 17:19:38.852,0.84595,0.8462,4.60,4.30
2010.02.22 17:19:49.098,0.84595,0.8462,5.00,4.30
2010.02.22 17:19:49.327,0.846,0.8462,2.50,4.30
2010.02.22 17:19:57.311,0.846,0.8462,2.50,1.60
2010.02.22 17:19:57.554,0.846,0.84625,2.50,14.20
2010.02.22 17:20:04.203,0.84605,0.84625,2.50,14.20
2010.02.22 17:20:04.328,0.846,0.84625,2.50,14.20
2010.02.22 17:20:04.690,0.846,0.84625,6.20,2.70
2010.02.22 17:20:05.316,0.84605,0.84625,2.50,6.70
2010.02.22 17:20:05.931,0.84605,0.84625,2.50,2.70
2010.02.22 17:20:15.498,0.84605,0.8462,2.50,1.60
2010.02.22 17:20:16.015,0.846,0.8462,4.60,4.10
2010.02.22 17:20:16.196,0.84605,0.84625,2.50,6.70
2010.02.22 17:20:16.378,0.84605,0.84625,2.50,2.70
2010.02.22 17:20:17.697,0.846,0.8462,6.20,2.50
2010.02.22 17:20:20.120,0.84605,0.8462,1.90,2.50
2010.02.22 17:20:20.444,0.8461,0.8463,2.50,2.50
2010.02.22 17:20:21.003,0.8461,0.8463,3.00,2.50
2010.02.22 17:20:23.591,0.8461,0.8463,2.50,4.10
2010.02.22 17:20:24.137,0.8461,0.8463,2.50,2.50
2010.02.22 17:20:29.406,0.84605,0.84625,3.00,1.00
2010.02.22 17:20:29.932,0.84605,0.84625,1.00,2.70
2010.02.22 17:20:30.135,0.846,0.84625,7.00,6.70
2010.02.22 17:20:31.344,0.846,0.84625,7.00,2.70
2010.02.22 17:20:33.301,0.846,0.8462,4.60,2.50
2010.02.22 17:20:33.783,0.846,0.8462,5.40,2.50
2010.02.22 17:20:33.917,0.846,0.8462,5.80,2.50
2010.02.22 17:20:34.048,0.84605,0.8463,2.50,13.40
2010.02.22 17:20:35.141,0.84605,0.8463,2.50,9.40
2010.02.22 17:20:37.069,0.84605,0.8463,2.50,5.40
2010.02.22 17:20:39.270,0.84605,0.8463,2.50,6.20
2010.02.22 17:20:40.621,0.84605,0.8463,2.50,5.40
2010.02.22 17:20:41.261,0.84605,0.8463,3.60,5.20
2010.02.22 17:20:41.323,0.8461,0.8463,2.50,2.50
2010.02.22 17:20:45.915,0.84615,0.8463,1.00,2.50
2010.02.22 17:20:46.067,0.8462,0.84635,2.50,1.60
2010.02.22 17:20:46.501,0.8462,0.8464,2.50,5.20
2010.02.22 17:20:49.737,0.8462,0.8464,2.50,6.80
2010.02.22 17:20:50.031,0.8462,0.8464,4.10,1.60
2010.02.22 17:20:50.576,0.8462,0.84645,4.10,3.80
2010.02.22 17:20:50.710,0.8462,0.84645,4.60,3.80
2010.02.22 17:20:50.821,0.8462,0.84645,4.60,7.80
2010.02.22 17:20:51.152,0.8462,0.8464,2.00,2.50
2010.02.22 17:20:51.273,0.8462,0.8464,1.00,2.50
2010.02.22 17:20:51.391,0.84615,0.8464,5.40,2.50
2010.02.22 17:20:59.031,0.84615,0.8464,13.40,2.50
2010.02.22 17:21:03.268,0.84615,0.8464,9.40,2.50
2010.02.22 17:21:03.616,0.84615,0.8464,13.80,2.50
2010.02.22 17:21:05.840,0.84615,0.8464,5.80,2.50
2010.02.22 17:21:06.190,0.84615,0.8464,13.80,2.50
2010.02.22 17:21:08.654,0.84615,0.84635,13.80,1.00
2010.02.22 17:21:08.856,0.84615,0.8464,13.80,2.50
2010.02.22 17:21:09.055,0.84615,0.8464,9.80,6.50
2010.02.22 17:21:09.554,0.84615,0.8464,9.80,2.50
2010.02.22 17:21:09.896,0.84615,0.8464,5.40,2.50
2010.02.22 17:21:10.563,0.84615,0.8464,5.80,2.50
2010.02.22 17:21:11.525,0.84615,0.8464,13.80,2.50
2010.02.22 17:21:12.153,0.84615,0.84645,13.80,4.60
2010.02.22 17:21:12.590,0.84615,0.84645,14.60,4.60
2010.02.22 17:21:12.817,0.84615,0.84645,9.80,8.60
2010.02.22 17:21:14.365,0.84615,0.8464,5.40,2.70
2010.02.22 17:21:17.748,0.84615,0.8464,10.20,4.30
2010.02.22 17:21:18.125,0.84615,0.8464,10.60,2.50
2010.02.22 17:21:18.457,0.8462,0.84645,2.50,3.80
2010.02.22 17:21:19.115,0.8462,0.84645,2.50,7.80
2010.02.22 17:21:20.115,0.8462,0.84645,4.60,7.80
2010.02.22 17:21:23.097,0.8462,0.84645,4.60,8.60
2010.02.22 17:21:25.593,0.8462,0.84645,4.60,12.60
2010.02.22 17:21:25.719,0.8462,0.8464,4.60,1.60
2010.02.22 17:21:26.204,0.8461,0.8463,7.00,4.30
2010.02.22 17:21:26.351,0.84605,0.8463,3.40,5.40
2010.02.22 17:21:26.482,0.84605,0.8463,3.00,5.40
2010.02.22 17:21:26.612,0.8461,0.8463,2.50,2.70
2010.02.22 17:21:27.356,0.8461,0.84635,2.50,14.00
2010.02.22 17:21:27.661,0.8461,0.84635,2.50,6.00
2010.02.22 17:21:28.017,0.8461,0.84635,2.50,5.20
2010.02.22 17:21:29.211,0.8461,0.84635,3.00,5.20
2010.02.22 17:21:29.903,0.8461,0.84635,3.00,9.20
2010.02.22 17:21:35.578,0.84615,0.8464,2.50,13.20
2010.02.22 17:21:36.452,0.8461,0.84635,3.00,3.60
2010.02.22 17:21:36.801,0.8461,0.84635,3.00,7.60
2010.02.22 17:21:37.248,0.8461,0.84635,2.50,7.60
2010.02.22 17:21:38.908,0.8461,0.84635,3.00,8.40
2010.02.22 17:21:39.243,0.84605,0.8463,5.50,2.50
2010.02.22 17:21:40.329,0.8461,0.84635,2.50,10.20
2010.02.22 17:21:42.047,0.84605,0.8463,10.30,2.50
2010.02.22 17:21:42.285,0.84605,0.8463,5.50,2.50
2010.02.22 17:21:43.188,0.84605,0.8463,2.50,6.20
2010.02.22 17:21:43.694,0.846,0.84625,10.20,2.50
2010.02.22 17:21:43.737,0.846,0.84625,5.40,2.50
2010.02.22 17:21:47.129,0.846,0.84625,4.60,2.50
2010.02.22 17:21:47.763,0.846,0.84625,5.00,2.50
2010.02.22 17:21:49.806,0.846,0.84625,4.60,2.50
2010.02.22 17:21:57.238,0.846,0.84625,5.00,2.70
2010.02.22 17:21:57.585,0.846,0.84625,4.60,2.70
2010.02.22 17:21:59.403,0.846,0.84625,4.60,2.50
2010.02.22 17:22:07.662,0.846,0.84625,2.00,6.70
2010.02.22 17:22:07.924,0.84595,0.84625,9.80,9.40
2010.02.22 17:22:10.691,0.84595,0.84625,13.80,5.40
2010.02.22 17:22:14.345,0.84595,0.84625,14.20,5.40
2010.02.22 17:22:17.136,0.84595,0.84625,10.60,9.40
2010.02.22 17:22:17.480,0.84595,0.84625,14.60,5.40
2010.02.22 17:22:22.494,0.84595,0.84625,15.00,5.40
2010.02.22 17:22:24.221,0.846,0.84625,7.40,2.50
2010.02.22 17:22:24.327,0.84605,0.8463,2.50,15.80
2010.02.22 17:22:38.591,0.84605,0.8463,2.50,11.80
2010.02.22 17:22:47.470,0.84605,0.8463,2.50,15.80
2010.02.22 17:22:47.820,0.84605,0.8463,2.50,11.80
2010.02.22 17:22:50.368,0.84605,0.8463,2.50,11.60
2010.02.22 17:22:55.021,0.84605,0.8463,2.50,15.60
2010.02.22 17:22:55.616,0.84605,0.8463,2.50,11.60
2010.02.22 17:23:00.761,0.84605,0.8463,2.50,10.80
2010.02.22 17:23:01.206,0.84605,0.8463,2.50,5.20
2010.02.22 17:23:01.387,0.84605,0.8463,3.00,3.60
2010.02.22 17:23:02.120,0.84605,0.8463,7.00,3.60
2010.02.22 17:23:09.856,0.84605,0.8463,7.00,1.10
2010.02.22 17:23:10.216,0.8462,0.84645,2.50,9.80
2010.02.22 17:23:11.239,0.84615,0.8464,4.60,2.70
2010.02.22 17:23:11.559,0.84615,0.8464,4.60,10.70
2010.02.22 17:23:12.249,0.84615,0.8464,4.60,6.50
2010.02.22 17:23:12.560,0.84615,0.8464,4.60,6.70
2010.02.22 17:23:12.859,0.84615,0.8464,4.60,2.70
2010.02.22 17:23:13.824,0.84615,0.8464,4.60,3.10
2010.02.22 17:23:14.077,0.84615,0.8464,4.60,7.10
2010.02.22 17:23:14.324,0.84615,0.8464,4.60,11.10
2010.02.22 17:23:15.642,0.84615,0.8464,4.60,7.10
2010.02.22 17:23:16.162,0.84615,0.8464,4.60,11.10
2010.02.22 17:23:16.581,0.84615,0.8464,4.60,7.10
2010.02.22 17:23:18.073,0.84615,0.8464,4.60,11.10
2010.02.22 17:23:20.352,0.84625,0.8464,1.00,11.10
2010.02.22 17:23:20.934,0.84625,0.8464,3.30,8.00
2010.02.22 17:23:21.250,0.8462,0.8465,4.60,14.60
2010.02.22 17:23:22.370,0.84615,0.8465,16.90,16.20
2010.02.22 17:23:22.587,0.8462,0.8464,4.60,1.00
2010.02.22 17:23:22.810,0.84615,0.8464,4.60,3.80
2010.02.22 17:23:23.487,0.84615,0.8464,4.60,7.80
2010.02.22 17:23:24.663,0.84615,0.8464,2.50,7.80
2010.02.22 17:23:25.766,0.8461,0.84635,9.40,2.50
2010.02.22 17:23:26.614,0.8461,0.84635,6.80,2.50
2010.02.22 17:23:27.136,0.8461,0.8463,4.80,2.50
2010.02.22 17:23:27.489,0.84605,0.84635,15.90,3.60
2010.02.22 17:23:27.835,0.84605,0.8463,15.80,2.50
2010.02.22 17:23:28.213,0.84605,0.8463,14.20,2.50
2010.02.22 17:23:28.528,0.84605,0.8463,13.40,2.50
2010.02.22 17:23:28.840,0.84605,0.8463,9.40,2.50
2010.02.22 17:23:29.092,0.84605,0.8463,7.00,3.60
2010.02.22 17:23:29.336,0.84605,0.8463,3.00,3.60
2010.02.22 17:23:30.147,0.84605,0.8463,13.40,2.50
2010.02.22 17:23:30.634,0.84605,0.8463,12.60,2.50
2010.02.22 17:23:30.970,0.84605,0.8463,13.40,2.50
2010.02.22 17:23:31.894,0.84605,0.8463,9.40,2.50
2010.02.22 17:23:32.041,0.84605,0.8463,5.40,2.50
2010.02.22 17:23:32.402,0.8461,0.84635,3.30,13.40
2010.02.22 17:23:33.012,0.8461,0.84635,7.00,2.70
2010.02.22 17:23:33.631,0.8461,0.84635,1.00,6.20
2010.02.22 17:23:34.880,0.8461,0.84635,3.00,6.00
2010.02.22 17:23:35.863,0.8461,0.84635,4.60,6.00
2010.02.22 17:23:36.063,0.8461,0.84635,7.10,2.50
2010.02.22 17:23:37.265,0.84615,0.84635,1.00,2.50
2010.02.22 17:23:37.439,0.84615,0.8464,2.70,15.60
2010.02.22 17:23:38.300,0.84615,0.8464,2.70,7.60
2010.02.22 17:23:38.883,0.84615,0.8464,2.70,11.60
2010.02.22 17:23:39.963,0.84615,0.8464,4.30,6.80
2010.02.22 17:23:41.168,0.8462,0.84645,2.50,13.40
2010.02.22 17:23:42.195,0.84615,0.8464,7.00,2.70
2010.02.22 17:23:43.287,0.84615,0.8464,7.10,2.50
2010.02.22 17:23:43.550,0.8462,0.84645,2.50,14.20
2010.02.22 17:23:43.809,0.8462,0.84645,2.50,13.40
2010.02.22 17:23:46.606,0.8462,0.84645,2.50,9.40
2010.02.22 17:23:46.705,0.8462,0.84645,2.50,5.40
2010.02.22 17:23:46.905,0.8462,0.84645,2.50,9.40
2010.02.22 17:23:47.254,0.8462,0.84645,2.50,13.40
2010.02.22 17:23:47.558,0.8462,0.84645,2.70,5.20
2010.02.22 17:23:47.856,0.8462,0.84645,2.70,6.00
2010.02.22 17:23:49.124,0.8462,0.84645,2.70,5.20
2010.02.22 17:23:49.326,0.8462,0.84645,2.70,13.20
2010.02.22 17:23:49.540,0.8462,0.84645,2.70,9.20
2010.02.22 17:23:53.576,0.8462,0.84645,2.70,5.20
2010.02.22 17:23:54.385,0.84625,0.84645,1.00,5.20
2010.02.22 17:23:55.899,0.8462,0.84645,2.70,5.20
2010.02.22 17:23:56.377,0.8462,0.84645,3.10,3.60
2010.02.22 17:23:56.737,0.84625,0.84645,1.00,3.60
2010.02.22 17:23:57.127,0.84625,0.84645,1.00,3.60
2010.02.22 17:23:57.249,0.84625,0.84645,1.00,7.60
2010.02.22 17:23:57.598,0.84625,0.84645,2.70,4.00
2010.02.22 17:23:57.945,0.84625,0.8465,2.70,11.50
2010.02.22 17:23:58.297,0.84625,0.8465,2.50,14.00
2010.02.22 17:23:58.647,0.84625,0.8465,2.50,13.20
2010.02.22 17:23:59.881,0.8462,0.84645,4.40,5.20
2010.02.22 17:24:00.447,0.8462,0.84645,2.50,6.20
2010.02.22 17:24:00.639,0.8462,0.84645,2.50,14.20
2010.02.22 17:24:04.865,0.84615,0.8464,5.40,4.10
2010.02.22 17:24:05.648,0.84615,0.8464,5.40,8.10
2010.02.22 17:24:06.786,0.84615,0.8464,5.40,10.70
2010.02.22 17:24:06.924,0.84615,0.8464,5.40,8.10
2010.02.22 17:24:07.724,0.84615,0.8464,5.40,4.00
2010.02.22 17:24:10.684,0.84615,0.8464,4.10,11.60
2010.02.22 17:24:11.108,0.84615,0.8464,2.50,13.40
2010.02.22 17:24:11.323,0.8461,0.8464,5.40,13.40
2010.02.22 17:24:16.726,0.8461,0.8464,5.50,13.20
2010.02.22 17:24:17.003,0.8461,0.8464,4.70,14.00
2010.02.22 17:24:18.709,0.8461,0.8464,6.30,14.00
2010.02.22 17:24:19.169,0.84615,0.8464,1.00,14.00
2010.02.22 17:24:19.431,0.84615,0.8464,2.70,11.50
2010.02.22 17:24:20.260,0.84615,0.8464,2.50,14.00
2010.02.22 17:24:20.550,0.8461,0.8464,4.60,14.20
2010.02.22 17:24:24.226,0.8461,0.8464,4.70,14.00
2010.02.22 17:24:24.493,0.84615,0.8464,2.50,14.00
2010.02.22 17:24:25.436,0.84615,0.8464,2.50,2.50
2010.02.22 17:24:25.792,0.84615,0.8464,2.50,14.00
2010.02.22 17:24:26.757,0.8461,0.8464,6.30,14.00
2010.02.22 17:24:27.481,0.8461,0.84635,4.60,2.50
2010.02.22 17:24:29.639,0.8461,0.8463,2.00,2.50
2010.02.22 17:24:29.880,0.84605,0.84625,2.00,2.50
2010.02.22 17:24:31.427,0.84605,0.84625,1.00,2.50
2010.02.22 17:24:31.518,0.846,0.84625,13.40,2.50
2010.02.22 17:24:32.307,0.846,0.84625,12.60,2.50
2010.02.22 17:24:33.031,0.846,0.84625,14.20,2.50
2010.02.22 17:24:33.332,0.84605,0.8463,2.50,5.40
2010.02.22 17:24:33.626,0.84605,0.8463,6.50,5.40
2010.02.22 17:24:37.659,0.84605,0.8463,2.50,6.20
2010.02.22 17:24:37.984,0.84605,0.8463,2.50,5.40
2010.02.22 17:24:38.357,0.84605,0.8463,6.50,5.40
2010.02.22 17:24:39.648,0.84605,0.84625,4.00,2.50
2010.02.22 17:24:40.321,0.84605,0.8463,2.50,5.40
2010.02.22 17:24:41.907,0.84605,0.8463,3.00,5.40
2010.02.22 17:24:45.803,0.84605,0.8463,3.00,4.30
2010.02.22 17:24:45.986,0.84605,0.8463,3.00,2.70
2010.02.22 17:24:46.162,0.84605,0.8463,7.00,2.70
2010.02.22 17:24:48.297,0.84605,0.84625,1.00,2.50
2010.02.22 17:24:53.453,0.84605,0.8463,6.00,2.50
2010.02.22 17:24:53.680,0.84605,0.8463,10.00,2.50
2010.02.22 17:24:57.767,0.84605,0.8463,10.80,2.50
2010.02.22 17:24:58.347,0.84605,0.8463,10.80,2.70
2010.02.22 17:24:58.505,0.84605,0.84625,8.00,2.50
2010.02.22 17:24:59.028,0.846,0.84625,15.10,2.50
2010.02.22 17:24:59.388,0.846,0.84625,11.10,2.50
2010.02.22 17:24:59.949,0.84605,0.84625,1.60,2.50
2010.02.22 17:25:00.173,0.84605,0.8463,7.00,2.70
2010.02.22 17:25:00.791,0.84605,0.8463,11.00,2.70
2010.02.22 17:25:00.918,0.8461,0.8463,1.00,2.50
2010.02.22 17:25:01.016,0.8461,0.8463,1.00,2.70
2010.02.22 17:25:01.601,0.84605,0.8463,7.00,2.70
2010.02.22 17:25:02.239,0.84605,0.8463,7.10,2.50
2010.02.22 17:25:02.628,0.84605,0.8463,11.10,2.50
2010.02.22 17:25:02.984,0.84605,0.8463,3.00,3.80
2010.02.22 17:25:05.151,0.84605,0.8463,3.00,2.70
2010.02.22 17:25:05.390,0.84605,0.8463,4.60,10.70
2010.02.22 17:25:06.976,0.84605,0.8463,4.60,11.80
2010.02.22 17:25:07.167,0.84605,0.8463,3.00,11.80
2010.02.22 17:25:07.532,0.84605,0.84625,1.00,2.50
2010.02.22 17:25:07.897,0.846,0.8462,1.00,2.50
2010.02.22 17:25:08.249,0.846,0.8462,2.00,6.50
2010.02.22 17:25:09.417,0.846,0.8462,2.80,6.50
2010.02.22 17:25:09.690,0.846,0.8462,4.40,2.50
2010.02.22 17:25:10.251,0.8461,0.8463,1.60,10.50
2010.02.22 17:25:10.659,0.8461,0.84635,1.60,13.40
2010.02.22 17:25:11.118,0.8461,0.8463,1.60,2.50
2010.02.22 17:25:12.579,0.84605,0.8463,7.10,6.50
2010.02.22 17:25:12.932,0.8461,0.8463,1.60,2.50
2010.02.22 17:25:16.582,0.8461,0.8463,2.40,2.50
2010.02.22 17:25:17.629,0.84605,0.8463,11.10,2.50
2010.02.22 17:25:17.905,0.8461,0.8463,2.40,2.50
2010.02.22 17:25:19.123,0.846,0.84615,4.00,1.00
2010.02.22 17:25:19.348,0.84595,0.84615,4.80,2.70
2010.02.22 17:25:19.821,0.84595,0.8461,1.00,2.50
2010.02.22 17:25:20.056,0.8459,0.84615,7.00,3.10
2010.02.22 17:25:20.409,0.8459,0.84615,4.60,4.30
2010.02.22 17:25:21.395,0.8459,0.84615,7.00,2.70
2010.02.22 17:25:21.656,0.84595,0.84615,1.00,2.70
2010.02.22 17:25:22.287,0.84595,0.84615,1.00,3.10
2010.02.22 17:25:23.606,0.84595,0.84615,2.80,1.00
2010.02.22 17:25:24.061,0.84595,0.84615,2.80,2.50
2010.02.22 17:25:24.339,0.84605,0.84625,2.50,1.10
2010.02.22 17:25:24.743,0.846,0.84625,3.00,9.40
2010.02.22 17:25:25.454,0.846,0.84625,3.00,5.40
2010.02.22 17:25:28.889,0.846,0.84625,3.00,9.40
2010.02.22 17:25:29.054,0.846,0.84625,3.00,13.40
2010.02.22 17:25:37.092,0.846,0.84625,3.00,9.40
2010.02.22 17:25:37.437,0.846,0.84625,3.00,5.40
2010.02.22 17:25:37.967,0.846,0.84625,3.00,5.20
2010.02.22 17:25:40.040,0.846,0.84625,1.00,5.20
2010.02.22 17:25:41.751,0.846,0.8462,1.00,1.60
2010.02.22 17:25:42.034,0.84595,0.84615,8.00,4.10
2010.02.22 17:25:42.562,0.8459,0.84615,12.70,4.10
2010.02.22 17:25:42.917,0.8459,0.84615,4.70,4.10
2010.02.22 17:25:43.264,0.8459,0.8461,1.00,2.50
2010.02.22 17:25:43.673,0.8459,0.84615,1.00,3.60
2010.02.22 17:25:44.026,0.8459,0.84615,9.40,3.60
2010.02.22 17:25:44.690,0.84595,0.84615,1.00,3.60
2010.02.22 17:25:45.434,0.84595,0.84615,1.00,2.50
2010.02.22 17:25:45.941,0.84595,0.84615,1.00,2.50
2010.02.22 17:25:49.978,0.8459,0.84615,15.00,2.50
2010.02.22 17:25:51.389,0.84595,0.84615,1.00,2.50
2010.02.22 17:25:51.515,0.8459,0.84615,15.00,2.50
2010.02.22 17:25:51.954,0.8459,0.84615,11.00,2.50
2010.02.22 17:25:52.014,0.8459,0.84615,15.00,2.50
2010.02.22 17:25:52.065,0.8459,0.84615,11.00,2.50
2010.02.22 17:25:53.923,0.84595,0.84615,1.00,2.50
2010.02.22 17:25:54.456,0.8459,0.84615,11.40,2.50
2010.02.22 17:25:54.627,0.8459,0.84615,11.00,2.50
2010.02.22 17:25:55.657,0.84595,0.84615,1.00,2.50
2010.02.22 17:25:57.991,0.84595,0.84615,2.40,2.50
2010.02.22 17:25:58.285,0.84595,0.8462,7.00,4.30
2010.02.22 17:25:59.507,0.84595,0.8462,7.10,4.10
2010.02.22 17:25:59.702,0.84595,0.8462,7.00,2.70
2010.02.22 17:25:59.899,0.846,0.8462,2.00,2.50
2010.02.22 17:26:00.631,0.84595,0.8462,15.00,4.20
2010.02.22 17:26:00.816,0.84595,0.8462,7.00,4.30
2010.02.22 17:26:02.887,0.84595,0.8462,7.10,1.60
2010.02.22 17:26:09.150,0.84595,0.8462,11.10,1.60
2010.02.22 17:26:09.269,0.84595,0.8462,7.10,1.60
2010.02.22 17:26:11.701,0.84595,0.8462,7.00,1.70
2010.02.22 17:26:11.746,0.84595,0.8462,11.10,1.60
2010.02.22 17:26:12.052,0.84595,0.8462,7.10,1.60
2010.02.22 17:26:23.412,0.84595,0.8462,11.10,1.60
2010.02.22 17:26:23.756,0.84595,0.8462,7.10,1.60
2010.02.22 17:26:37.863,0.84595,0.8462,7.90,1.60
2010.02.22 17:26:38.007,0.84595,0.8462,7.10,1.60
2010.02.22 17:26:40.732,0.84595,0.8462,11.10,1.60
2010.02.22 17:26:40.846,0.846,0.84625,1.00,7.60
2010.02.22 17:26:40.985,0.846,0.84625,4.30,5.20
2010.02.22 17:26:41.375,0.846,0.84625,4.70,3.60
2010.02.22 17:26:42.002,0.846,0.84625,3.10,5.20
2010.02.22 17:26:42.261,0.846,0.84625,2.50,7.80
2010.02.22 17:26:52.217,0.846,0.84625,3.00,5.10
2010.02.22 17:27:02.718,0.846,0.8462,6.00,2.50
2010.02.22 17:27:03.015,0.846,0.84625,15.00,1.00
2010.02.22 17:27:05.792,0.846,0.84625,11.00,1.00
2010.02.22 17:27:06.148,0.84605,0.84625,4.00,1.00
2010.02.22 17:27:06.613,0.84605,0.84625,8.00,1.00
2010.02.22 17:27:06.757,0.84605,0.8463,4.00,7.60
2010.02.22 17:27:13.264,0.84605,0.8463,4.00,7.80
2010.02.22 17:27:13.927,0.84605,0.8463,8.00,7.80
2010.02.22 17:27:14.175,0.84605,0.8463,4.00,7.60
2010.02.22 17:27:14.424,0.84605,0.8463,8.00,7.60
2010.02.22 17:27:14.879,0.84605,0.8463,4.00,5.20
2010.02.22 17:27:15.131,0.84605,0.84635,12.60,6.30
2010.02.22 17:27:15.485,0.84605,0.8463,12.60,2.50
2010.02.22 17:27:16.215,0.84605,0.8463,11.00,7.60
2010.02.22 17:27:16.727,0.84605,0.8463,7.00,7.60
2010.02.22 17:27:17.169,0.8461,0.8463,2.50,4.30
2010.02.22 17:27:17.411,0.84615,0.8464,8.10,4.30
2010.02.22 17:27:17.956,0.84615,0.8464,4.60,4.30
2010.02.22 17:27:18.186,0.84615,0.84635,4.00,2.50
2010.02.22 17:27:18.541,0.8461,0.84635,12.60,2.70
2010.02.22 17:27:21.513,0.8461,0.84635,12.60,2.50
2010.02.22 17:27:21.924,0.8461,0.84635,12.60,2.70
2010.02.22 17:27:23.494,0.8461,0.84635,12.60,2.50
2010.02.22 17:27:23.652,0.8461,0.84635,8.60,2.50
2010.02.22 17:27:23.813,0.8461,0.84635,8.60,2.70
2010.02.22 17:27:27.742,0.8461,0.84635,8.60,2.50
2010.02.22 17:27:28.285,0.84615,0.8464,2.50,9.40
2010.02.22 17:27:28.530,0.84615,0.8464,2.50,5.40
2010.02.22 17:27:28.995,0.8461,0.8464,12.60,7.80
2010.02.22 17:27:30.914,0.8461,0.8464,12.60,8.80
2010.02.22 17:27:31.138,0.8461,0.84635,12.60,2.50
2010.02.22 17:27:31.724,0.8461,0.84635,12.60,2.70
2010.02.22 17:27:35.636,0.8461,0.8463,6.00,2.50
2010.02.22 17:27:35.877,0.8461,0.8463,1.00,2.50
2010.02.22 17:27:40.032,0.8461,0.84635,3.00,6.00
2010.02.22 17:27:40.809,0.8461,0.84635,7.00,6.00
2010.02.22 17:27:41.805,0.8461,0.8463,7.00,1.00
2010.02.22 17:27:43.182,0.8461,0.84635,11.00,5.40
2010.02.22 17:27:43.393,0.8461,0.8463,11.00,1.00
2010.02.22 17:27:43.782,0.8461,0.8463,7.00,1.00
2010.02.22 17:27:45.195,0.8461,0.8463,11.00,1.00
2010.02.22 17:27:46.090,0.84615,0.84635,4.10,1.00
2010.02.22 17:27:46.602,0.84615,0.84635,2.50,1.00
2010.02.22 17:27:49.821,0.8461,0.84635,4.60,1.00
2010.02.22 17:27:49.981,0.8461,0.8463,4.60,1.00
2010.02.22 17:27:52.735,0.8461,0.8463,5.50,1.00
2010.02.22 17:27:53.090,0.8461,0.84635,9.50,1.00
2010.02.22 17:27:53.437,0.8461,0.84635,4.60,1.00
2010.02.22 17:27:53.792,0.8461,0.84635,11.00,2.70
2010.02.22 17:27:55.290,0.8461,0.8463,8.40,2.70
2010.02.22 17:28:00.467,0.8461,0.8463,8.40,2.50
2010.02.22 17:28:00.759,0.84615,0.8463,8.00,2.50
2010.02.22 17:28:00.857,0.84615,0.84635,8.80,2.70
2010.02.22 17:28:00.947,0.84615,0.84635,1.00,2.70
2010.02.22 17:28:01.126,0.8461,0.84635,12.60,2.70
2010.02.22 17:28:03.128,0.8461,0.8463,6.00,2.50
2010.02.22 17:28:03.307,0.8461,0.8463,6.00,2.70
2010.02.22 17:28:03.825,0.8461,0.8463,8.60,1.00
2010.02.22 17:28:04.333,0.8461,0.84635,8.60,2.70
2010.02.22 17:28:05.955,0.8461,0.84635,8.60,1.00
2010.02.22 17:28:06.097,0.8461,0.84635,9.40,1.00
2010.02.22 17:28:06.235,0.8461,0.84635,13.40,1.00
2010.02.22 17:28:10.554,0.84615,0.8464,2.50,5.40
2010.02.22 17:28:15.689,0.8461,0.8464,14.40,5.20
2010.02.22 17:28:15.855,0.84615,0.8464,6.50,5.20
2010.02.22 17:28:20.249,0.84615,0.8464,2.50,5.20
2010.02.22 17:28:24.328,0.84615,0.8464,2.50,5.40
2010.02.22 17:29:07.926,0.8461,0.84635,15.10,2.70
2010.02.22 17:29:08.306,0.84615,0.84635,2.50,1.00
2010.02.22 17:29:08.471,0.84615,0.8464,2.50,5.40
2010.02.22 17:29:19.007,0.84615,0.8464,5.40,1.00
2010.02.22 17:29:19.668,0.84615,0.8464,2.80,1.00
2010.02.22 17:29:20.972,0.84615,0.8464,5.40,1.00
2010.02.22 17:29:21.405,0.84615,0.8464,9.40,1.00
2010.02.22 17:29:21.427,0.84615,0.8464,5.40,1.00
2010.02.22 17:29:41.391,0.8462,0.8464,1.60,8.10
2010.02.22 17:29:41.663,0.8462,0.8464,2.80,1.00
2010.02.22 17:29:43.799,0.8462,0.8464,2.00,1.00
2010.02.22 17:29:54.120,0.84615,0.8464,5.40,2.70
2010.02.22 17:29:54.286,0.84615,0.8464,4.60,2.70
2010.02.22 17:29:54.616,0.84615,0.8464,5.00,2.70
2010.02.22 17:29:54.945,0.84615,0.8464,4.60,2.70
2010.02.22 17:30:00.106,0.8462,0.84645,2.50,13.40
2010.02.22 17:30:00.554,0.8462,0.84645,2.50,5.40
2010.02.22 17:30:00.668,0.8462,0.84645,3.80,3.80
2010.02.22 17:30:00.954,0.8462,0.8464,3.80,1.00
2010.02.22 17:30:01.243,0.8462,0.84645,3.80,3.80
2010.02.22 17:30:01.811,0.8462,0.84645,5.40,2.70
2010.02.22 17:30:03.408,0.8462,0.84645,4.60,1.70
2010.02.22 17:30:03.762,0.8462,0.84645,4.60,4.30
2010.02.22 17:30:05.923,0.84625,0.8465,4.10,13.40
2010.02.22 17:30:06.099,0.84625,0.8465,6.60,10.70
2010.02.22 17:30:06.658,0.84625,0.8465,6.60,2.70
2010.02.22 17:30:08.391,0.84625,0.8465,6.20,2.70
2010.02.22 17:30:08.946,0.84625,0.8465,6.60,2.70
2010.02.22 17:30:09.876,0.84625,0.8465,6.20,2.70
2010.02.22 17:30:10.051,0.84625,0.8465,3.60,6.70
2010.02.22 17:30:11.143,0.84625,0.8465,6.20,6.70
2010.02.22 17:30:12.095,0.84625,0.8465,3.60,6.70
2010.02.22 17:30:12.831,0.8462,0.84645,4.60,4.30
2010.02.22 17:30:13.185,0.8462,0.84645,4.60,12.30
2010.02.22 17:30:16.129,0.8462,0.8464,1.00,2.50
2010.02.22 17:30:17.082,0.8462,0.84645,3.10,15.60
2010.02.22 17:30:17.334,0.84625,0.84645,1.60,1.00
2010.02.22 17:30:17.683,0.84625,0.8465,1.60,15.80
2010.02.22 17:30:18.030,0.84625,0.84645,1.60,1.00
2010.02.22 17:30:20.390,0.8462,0.84645,4.60,5.10
2010.02.22 17:30:20.839,0.8462,0.84645,3.00,14.20
2010.02.22 17:30:23.994,0.84625,0.84645,1.60,1.10
2010.02.22 17:30:24.197,0.8463,0.84655,2.50,1.90
2010.02.22 17:30:26.225,0.8463,0.84655,2.50,1.10
2010.02.22 17:30:29.155,0.84625,0.8465,9.60,5.40
2010.02.22 17:30:29.328,0.8462,0.8465,13.40,5.40
2010.02.22 17:30:29.923,0.8462,0.8465,13.80,5.40
2010.02.22 17:30:31.111,0.84625,0.84645,1.60,2.50
2010.02.22 17:30:31.578,0.84625,0.8465,1.60,7.80
2010.02.22 17:30:32.770,0.84625,0.84645,1.60,1.00
2010.02.22 17:30:33.301,0.8462,0.84645,12.60,4.30
2010.02.22 17:30:33.719,0.8462,0.84645,4.60,4.30
2010.02.22 17:30:34.068,0.8462,0.84635,4.60,1.00
2010.02.22 17:30:34.140,0.8462,0.84635,1.00,1.00
2010.02.22 17:30:34.493,0.84615,0.8464,2.50,10.70
2010.02.22 17:30:34.839,0.84615,0.8464,2.50,13.40
2010.02.22 17:30:38.026,0.8461,0.84635,5.90,2.50
2010.02.22 17:30:38.383,0.8461,0.84635,4.60,10.70
2010.02.22 17:30:38.741,0.84615,0.8464,4.10,15.80
2010.02.22 17:30:39.383,0.84615,0.84635,4.60,1.00
2010.02.22 17:30:39.749,0.84615,0.8464,4.60,15.00
2010.02.22 17:30:40.048,0.84615,0.8464,4.60,13.40
2010.02.22 17:30:40.339,0.84615,0.84635,4.60,1.00
2010.02.22 17:30:40.627,0.84615,0.8464,4.60,13.40
2010.02.22 17:30:41.327,0.84615,0.84635,4.60,1.00
2010.02.22 17:30:44.264,0.84615,0.8464,4.60,13.40
2010.02.22 17:30:47.112,0.8462,0.8464,1.00,13.40
2010.02.22 17:30:47.668,0.8463,0.8464,2.50,8.00
2010.02.22 17:30:48.028,0.8463,0.84655,2.50,11.30
2010.02.22 17:30:49.086,0.84625,0.84655,5.10,14.00
2010.02.22 17:30:50.152,0.84625,0.84655,5.90,10.70
2010.02.22 17:30:51.347,0.84625,0.8464,4.00,2.50
2010.02.22 17:30:51.827,0.84625,0.8464,4.00,5.20
2010.02.22 17:30:51.935,0.84615,0.8464,2.50,5.20
2010.02.22 17:30:52.051,0.84615,0.8464,6.50,5.20
2010.02.22 17:30:52.548,0.84615,0.8464,2.50,5.40
2010.02.22 17:30:54.901,0.84615,0.8464,2.50,5.20
2010.02.22 17:30:55.606,0.84615,0.8464,10.90,5.20
2010.02.22 17:30:56.080,0.84615,0.8464,6.90,5.20
2010.02.22 17:30:57.318,0.84615,0.8464,6.90,6.20
2010.02.22 17:30:57.448,0.84615,0.84635,4.40,2.50
2010.02.22 17:30:57.521,0.84615,0.84635,4.40,3.30
2010.02.22 17:30:57.922,0.84615,0.84635,4.00,3.30
2010.02.22 17:30:58.279,0.8461,0.84635,6.90,6.00
2010.02.22 17:30:59.725,0.8461,0.84635,7.30,6.00
2010.02.22 17:31:07.715,0.84615,0.84635,1.00,6.00
2010.02.22 17:31:08.092,0.84615,0.84635,1.00,6.00
2010.02.22 17:31:08.241,0.84615,0.8464,3.10,5.20
2010.02.22 17:31:08.534,0.84615,0.8464,6.50,5.20
2010.02.22 17:31:09.054,0.84615,0.8464,2.90,5.20
2010.02.22 17:31:09.341,0.84615,0.8464,10.90,5.20
2010.02.22 17:31:10.378,0.84615,0.8464,2.90,5.20
2010.02.22 17:31:26.142,0.84615,0.8464,2.90,3.60
2010.02.22 17:31:26.409,0.84615,0.8464,3.40,3.60
2010.02.22 17:31:28.400,0.84615,0.8464,3.00,3.60
2010.02.22 17:31:29.038,0.84615,0.84635,1.00,2.50
2010.02.22 17:31:29.265,0.8461,0.84635,8.20,2.50
2010.02.22 17:31:29.383,0.8461,0.84635,7.40,2.50
2010.02.22 17:31:29.602,0.8461,0.84635,11.40,2.50
2010.02.22 17:31:29.823,0.8461,0.84635,12.20,2.50
2010.02.22 17:31:38.398,0.8461,0.84635,11.40,2.50
2010.02.22 17:31:49.590,0.8461,0.84635,12.20,2.50
2010.02.22 17:31:53.724,0.8461,0.84635,11.40,2.50
2010.02.22 17:31:57.734,0.8461,0.84635,12.20,2.50
2010.02.22 17:31:57.956,0.8461,0.84635,12.30,2.50
2010.02.22 17:31:58.179,0.8461,0.84635,9.10,2.50
2010.02.22 17:31:58.898,0.8461,0.84635,13.10,2.50
2010.02.22 17:31:59.216,0.8461,0.84635,12.30,2.50
2010.02.22 17:31:59.987,0.84615,0.8464,3.90,5.20
2010.02.22 17:32:00.695,0.84615,0.8464,4.70,3.60
2010.02.22 17:32:02.778,0.84615,0.8464,4.20,3.60
2010.02.22 17:32:03.333,0.84615,0.8464,3.40,3.60
2010.02.22 17:32:07.893,0.84615,0.8464,3.50,3.60
2010.02.22 17:32:08.608,0.84615,0.8464,3.90,3.60
2010.02.22 17:32:10.824,0.84615,0.8464,3.50,3.60
2010.02.22 17:32:11.074,0.84615,0.84645,4.30,16.50
2010.02.22 17:32:11.858,0.84615,0.8464,4.20,3.60
2010.02.22 17:32:11.903,0.84615,0.8464,3.40,3.60
2010.02.22 17:32:17.368,0.84615,0.8464,3.50,3.60
2010.02.22 17:32:21.228,0.84615,0.8464,3.40,3.60
2010.02.22 17:32:22.331,0.84615,0.8464,4.20,3.60
2010.02.22 17:32:23.942,0.84625,0.8464,2.50,1.10
2010.02.22 17:32:24.234,0.84625,0.84645,2.50,8.00
2010.02.22 17:32:24.744,0.84625,0.84645,2.50,4.00
2010.02.22 17:32:25.336,0.84625,0.84645,2.90,4.00
2010.02.22 17:32:26.190,0.84625,0.84645,2.50,8.00
2010.02.22 17:32:26.393,0.84625,0.84645,2.50,9.10
2010.02.22 17:32:26.440,0.8462,0.84645,1.00,10.70
2010.02.22 17:32:29.714,0.8462,0.84645,1.00,6.70
2010.02.22 17:32:29.857,0.8462,0.84645,1.00,2.70
2010.02.22 17:32:37.893,0.8462,0.84645,1.00,6.70
2010.02.22 17:32:38.605,0.84625,0.84645,2.50,5.60
2010.02.22 17:32:39.060,0.84625,0.8465,2.50,13.20
2010.02.22 17:32:42.361,0.84625,0.8465,2.50,14.00
2010.02.22 17:32:42.793,0.84625,0.84645,2.50,1.10
2010.02.22 17:32:43.173,0.84625,0.84645,2.50,2.70
2010.02.22 17:32:44.285,0.84625,0.84645,2.70,2.70
2010.02.22 17:32:52.608,0.84625,0.8465,2.70,5.20
2010.02.22 17:32:52.953,0.84625,0.8465,3.10,5.20
2010.02.22 17:32:54.464,0.84625,0.8465,2.70,10.00
2010.02.22 17:32:54.572,0.84625,0.8465,2.70,14.00
2010.02.22 17:32:55.629,0.84625,0.8465,2.70,13.20
2010.02.22 17:33:04.371,0.84625,0.8465,3.90,10.70
2010.02.22 17:33:04.845,0.84625,0.8465,2.70,13.20
2010.02.22 17:33:05.025,0.84625,0.8465,2.70,5.20
2010.02.22 17:33:05.549,0.84625,0.8465,2.70,13.20
2010.02.22 17:33:07.248,0.84625,0.8465,2.70,14.00
2010.02.22 17:33:07.898,0.84625,0.8465,3.10,13.20
2010.02.22 17:33:10.024,0.84625,0.8465,3.90,13.20
2010.02.22 17:33:10.146,0.84625,0.8465,3.90,10.70
2010.02.22 17:33:10.270,0.84625,0.8465,5.90,2.70
2010.02.22 17:33:12.028,0.84625,0.8465,5.90,6.70
2010.02.22 17:33:14.891,0.84625,0.8465,5.10,6.70
2010.02.22 17:33:17.024,0.84625,0.8465,5.10,2.70
2010.02.22 17:33:17.363,0.84625,0.8465,5.10,6.70
2010.02.22 17:33:24.361,0.84625,0.8465,5.10,2.70
2010.02.22 17:33:25.473,0.84625,0.8465,3.10,5.20
2010.02.22 17:33:25.834,0.84625,0.8465,2.50,13.20
2010.02.22 17:33:26.214,0.84625,0.8465,4.10,13.20
2010.02.22 17:33:26.572,0.84625,0.8465,2.50,13.20
2010.02.22 17:33:26.983,0.8463,0.8465,1.00,11.60
2010.02.22 17:33:27.440,0.8463,0.8465,1.00,8.00
2010.02.22 17:33:27.648,0.8463,0.84655,3.10,11.50
2010.02.22 17:33:28.432,0.8463,0.84655,3.10,3.50
2010.02.22 17:33:30.011,0.8463,0.84655,2.50,7.50
2010.02.22 17:33:31.068,0.8463,0.84655,2.50,10.00
2010.02.22 17:33:31.576,0.8463,0.84655,2.50,14.00
2010.02.22 17:33:39.010,0.84625,0.8465,2.50,3.60
2010.02.22 17:33:39.248,0.84625,0.8465,2.50,13.20
2010.02.22 17:33:41.903,0.84625,0.8465,2.70,13.20
2010.02.22 17:33:42.317,0.84625,0.8465,3.50,13.20
2010.02.22 17:33:42.393,0.84625,0.84645,4.70,5.20
2010.02.22 17:33:42.923,0.84625,0.84645,2.70,5.20
2010.02.22 17:33:43.280,0.8462,0.84645,2.70,6.00
2010.02.22 17:33:44.035,0.84615,0.84645,5.10,14.20
2010.02.22 17:33:48.616,0.84615,0.84645,4.70,14.20
2010.02.22 17:33:51.132,0.8462,0.84645,1.00,14.00
2010.02.22 17:33:51.629,0.8462,0.84645,2.70,13.20
2010.02.22 17:33:51.733,0.8462,0.84645,2.70,9.20
2010.02.22 17:33:52.237,0.8462,0.84645,2.70,5.20
2010.02.22 17:33:55.566,0.8462,0.84645,2.70,6.00
2010.02.22 17:34:00.345,0.8462,0.84645,2.70,5.20
2010.02.22 17:34:17.282,0.84625,0.84645,2.70,2.70
2010.02.22 17:34:17.686,0.84625,0.8465,2.70,14.00
2010.02.22 17:34:17.872,0.84625,0.84655,3.50,14.00
2010.02.22 17:34:18.615,0.84625,0.84655,5.10,14.00
2010.02.22 17:34:18.963,0.84625,0.84655,5.50,14.00
2010.02.22 17:34:20.285,0.84625,0.84645,3.10,2.50
2010.02.22 17:34:22.885,0.84625,0.84645,3.00,2.50
2010.02.22 17:34:23.417,0.8462,0.84645,9.50,2.50
2010.02.22 17:34:23.713,0.84615,0.8463,2.00,4.10
2010.02.22 17:34:24.321,0.84605,0.8463,9.10,4.10
2010.02.22 17:34:24.683,0.8461,0.8463,2.50,1.00
2010.02.22 17:34:27.329,0.8461,0.84635,2.50,14.40
2010.02.22 17:34:27.535,0.8461,0.84635,2.50,14.00
2010.02.22 17:34:28.935,0.8461,0.84635,3.10,11.60
2010.02.22 17:34:29.290,0.84615,0.8464,2.50,13.20
2010.02.22 17:34:29.958,0.84615,0.84635,2.50,4.00
2010.02.22 17:34:30.854,0.84615,0.8464,2.50,5.20
2010.02.22 17:34:31.209,0.84615,0.8464,10.50,6.00
2010.02.22 17:34:32.558,0.84615,0.8464,2.50,14.00
2010.02.22 17:34:32.879,0.84615,0.8464,2.50,6.00
2010.02.22 17:34:33.108,0.84615,0.8464,2.50,14.00
2010.02.22 17:34:34.416,0.84615,0.8464,2.50,6.00
2010.02.22 17:34:35.045,0.84615,0.8464,2.70,6.00
2010.02.22 17:34:35.363,0.84615,0.8464,3.10,3.60
2010.02.22 17:34:40.222,0.84615,0.8464,3.10,5.20
2010.02.22 17:34:40.394,0.84615,0.8464,2.70,6.00
2010.02.22 17:34:40.568,0.84615,0.8464,6.70,6.00
2010.02.22 17:34:41.085,0.84615,0.8464,2.70,6.00
2010.02.22 17:34:41.865,0.84615,0.8464,2.50,6.00
2010.02.22 17:34:47.742,0.84615,0.8464,2.50,10.00
2010.02.22 17:35:01.617,0.84615,0.8464,2.50,10.40
2010.02.22 17:35:01.738,0.84615,0.84635,2.50,1.00
2010.02.22 17:35:02.884,0.8461,0.84635,3.50,6.00
2010.02.22 17:35:03.430,0.8461,0.8463,3.50,3.50
2010.02.22 17:35:03.656,0.84605,0.8463,2.50,6.00
2010.02.22 17:35:04.541,0.84605,0.8463,2.60,6.00
2010.02.22 17:35:04.795,0.84605,0.8463,2.70,6.00
2010.02.22 17:35:15.216,0.84605,0.8463,2.70,5.20
2010.02.22 17:35:15.325,0.84605,0.8463,4.70,2.50
2010.02.22 17:35:16.030,0.84605,0.8463,12.70,2.50
2010.02.22 17:35:18.234,0.84605,0.8463,13.10,2.50
2010.02.22 17:35:19.130,0.8461,0.84635,2.50,7.00
2010.02.22 17:35:19.476,0.84605,0.8463,13.90,2.50
2010.02.22 17:35:26.912,0.84605,0.8463,5.90,2.50
2010.02.22 17:35:27.562,0.84605,0.8463,5.10,2.50
2010.02.22 17:35:29.737,0.84605,0.8463,5.90,2.50
2010.02.22 17:35:31.666,0.84605,0.8463,9.10,2.50
2010.02.22 17:35:32.647,0.84605,0.8463,13.10,2.50
2010.02.22 17:35:33.115,0.84605,0.8463,13.90,2.50
2010.02.22 17:35:35.336,0.8461,0.8463,1.00,2.50
2010.02.22 17:35:35.844,0.8461,0.84635,3.40,8.40
2010.02.22 17:35:36.180,0.8461,0.84635,3.50,3.60
2010.02.22 17:35:36.525,0.8461,0.84635,7.10,3.60
2010.02.22 17:35:36.924,0.8461,0.84635,7.10,4.40
2010.02.22 17:35:37.143,0.8461,0.84635,7.50,4.40
2010.02.22 17:35:37.966,0.8461,0.84635,3.50,4.40
2010.02.22 17:35:38.990,0.8461,0.84635,3.50,6.00
2010.02.22 17:35:39.175,0.8461,0.84635,3.10,6.00
2010.02.22 17:35:39.612,0.8461,0.84635,2.90,6.00
2010.02.22 17:35:40.205,0.84605,0.8463,13.90,2.50
2010.02.22 17:35:40.561,0.8461,0.8463,2.50,1.10
2010.02.22 17:35:41.872,0.8461,0.84635,2.90,14.00
2010.02.22 17:35:42.227,0.8461,0.84635,3.10,10.00
2010.02.22 17:35:42.783,0.8461,0.84635,3.50,4.40
2010.02.22 17:35:43.911,0.84615,0.84635,1.00,3.60
2010.02.22 17:35:44.526,0.8461,0.84635,3.50,4.40
2010.02.22 17:35:44.971,0.8461,0.84635,3.10,6.00
2010.02.22 17:35:45.994,0.8461,0.8463,2.50,1.10
2010.02.22 17:35:49.006,0.84605,0.8463,4.30,3.60
2010.02.22 17:35:49.243,0.84605,0.8463,3.50,3.60
2010.02.22 17:35:54.880,0.8461,0.84635,2.50,14.00
2010.02.22 17:35:55.066,0.8461,0.84635,2.90,14.00
2010.02.22 17:35:55.586,0.8461,0.84635,2.90,10.00
2010.02.22 17:35:55.761,0.8461,0.84635,2.90,6.00
2010.02.22 17:35:55.927,0.8461,0.84635,3.10,6.00
2010.02.22 17:35:56.282,0.8461,0.84635,3.50,2.50
2010.02.22 17:35:56.861,0.8461,0.84635,3.50,3.30
2010.02.22 17:35:57.046,0.8461,0.84635,2.70,6.00
2010.02.22 17:36:00.385,0.84605,0.8463,13.90,2.50
2010.02.22 17:36:00.688,0.84605,0.8463,13.10,2.50
2010.02.22 17:36:01.288,0.84605,0.8463,9.10,2.50
2010.02.22 17:36:01.838,0.8461,0.84635,2.50,6.00
2010.02.22 17:36:04.892,0.8461,0.84635,2.50,7.00
2010.02.22 17:36:05.046,0.84605,0.8463,13.10,2.50
2010.02.22 17:36:13.862,0.84605,0.8463,9.10,2.50
2010.02.22 17:36:15.822,0.84605,0.8463,13.10,2.50
2010.02.22 17:36:16.071,0.84605,0.8463,9.10,2.50
2010.02.22 17:36:16.322,0.84605,0.8463,13.10,2.50
2010.02.22 17:36:21.498,0.84605,0.8463,9.10,2.50
2010.02.22 17:36:21.780,0.84605,0.8463,8.70,2.50
2010.02.22 17:36:26.022,0.846,0.8463,16.40,2.50
2010.02.22 17:36:27.842,0.8461,0.84635,2.50,14.00
2010.02.22 17:36:27.952,0.8461,0.84635,3.30,14.00
2010.02.22 17:36:28.771,0.8461,0.84635,2.50,6.00
2010.02.22 17:36:30.308,0.8461,0.84635,3.30,6.00
2010.02.22 17:36:32.262,0.84615,0.84635,4.60,2.50
2010.02.22 17:36:32.486,0.8462,0.8464,1.00,8.00
2010.02.22 17:36:32.979,0.8462,0.84645,3.50,3.60
2010.02.22 17:36:33.199,0.8462,0.84645,3.50,2.50
2010.02.22 17:36:34.206,0.8462,0.84645,5.10,2.50
2010.02.22 17:36:34.557,0.8462,0.84645,5.50,2.50
2010.02.22 17:36:38.417,0.8462,0.8465,5.50,14.00
2010.02.22 17:36:41.684,0.8462,0.8465,9.50,6.00
2010.02.22 17:36:42.265,0.8462,0.8465,9.90,10.00
2010.02.22 17:36:44.159,0.8462,0.8465,11.50,10.00
2010.02.22 17:36:44.515,0.8462,0.8465,14.70,6.00
2010.02.22 17:36:44.768,0.8462,0.8465,13.90,6.00
2010.02.22 17:36:45.574,0.8462,0.8465,9.90,6.00
2010.02.22 17:36:48.855,0.8462,0.8465,9.80,6.20
2010.02.22 17:36:49.184,0.8462,0.8465,9.40,6.20
2010.02.22 17:36:49.516,0.8462,0.8465,5.40,14.20
2010.02.22 17:36:50.519,0.8462,0.84645,3.00,1.10
2010.02.22 17:36:52.229,0.8462,0.84645,3.00,3.60
2010.02.22 17:36:52.420,0.8462,0.84645,4.20,7.60
2010.02.22 17:36:52.864,0.8462,0.84645,4.20,3.60
2010.02.22 17:36:53.844,0.8462,0.84645,4.30,3.60
2010.02.22 17:36:56.431,0.8462,0.84645,3.80,3.60
2010.02.22 17:36:57.480,0.8462,0.84645,4.20,3.60
2010.02.22 17:36:58.122,0.8462,0.84645,3.40,3.60
2010.02.22 17:36:58.313,0.8462,0.84645,3.00,3.60
2010.02.22 17:36:58.387,0.84615,0.84645,9.90,9.20
2010.02.22 17:36:58.734,0.84615,0.84645,5.90,13.20
2010.02.22 17:36:59.083,0.84615,0.84645,5.10,14.00
2010.02.22 17:36:59.443,0.84615,0.8464,4.60,2.50
2010.02.22 17:36:59.814,0.84615,0.8464,3.00,5.20
2010.02.22 17:37:00.044,0.84615,0.8464,3.50,5.20
2010.02.22 17:37:00.470,0.84615,0.8464,7.50,5.20
2010.02.22 17:37:01.200,0.84615,0.8464,7.40,5.20
2010.02.22 17:37:02.895,0.84615,0.8464,8.20,5.20
2010.02.22 17:37:03.021,0.84615,0.8464,12.20,5.20
2010.02.22 17:37:03.152,0.84615,0.8464,11.40,5.20
2010.02.22 17:37:03.501,0.84615,0.8464,7.40,5.20
2010.02.22 17:37:09.479,0.84615,0.8464,11.40,5.20
2010.02.22 17:37:10.211,0.84615,0.8464,7.40,5.20
2010.02.22 17:37:11.264,0.84615,0.8464,6.90,5.20
2010.02.22 17:37:11.450,0.84615,0.8464,2.90,5.20
2010.02.22 17:37:16.415,0.84615,0.8464,2.90,6.00
2010.02.22 17:37:16.698,0.8461,0.84635,13.10,2.50
2010.02.22 17:37:16.993,0.8461,0.84635,13.80,3.30
2010.02.22 17:37:17.854,0.8461,0.84635,13.90,2.50
2010.02.22 17:37:18.124,0.84615,0.84635,1.00,2.50
2010.02.22 17:37:25.817,0.84615,0.8464,1.00,6.20
2010.02.22 17:37:25.938,0.84615,0.8464,1.00,5.20
2010.02.22 17:37:26.058,0.8461,0.8464,14.60,5.20
2010.02.22 17:37:26.406,0.8461,0.8464,14.70,5.20
2010.02.22 17:37:27.176,0.84615,0.8464,1.00,3.60
2010.02.22 17:37:27.327,0.84615,0.8464,1.00,3.60
2010.02.22 17:37:27.853,0.84615,0.8464,1.00,4.40
2010.02.22 17:37:27.908,0.84615,0.84635,1.00,1.00
2010.02.22 17:37:27.975,0.84615,0.84635,1.20,2.70
2010.02.22 17:37:28.043,0.84615,0.84635,3.00,2.50
2010.02.22 17:37:28.443,0.8462,0.8464,2.50,11.60
2010.02.22 17:37:28.781,0.84615,0.8464,4.40,3.60
2010.02.22 17:37:29.101,0.84615,0.8464,1.00,3.60
2010.02.22 17:37:29.810,0.84615,0.84645,7.40,12.70
2010.02.22 17:37:30.160,0.84615,0.8464,11.00,3.60
2010.02.22 17:37:31.213,0.8462,0.8464,2.50,1.10
2010.02.22 17:37:31.562,0.8462,0.84645,3.10,3.60
2010.02.22 17:37:32.149,0.8462,0.84645,7.10,3.60
2010.02.22 17:37:33.637,0.8462,0.84645,7.00,3.60
2010.02.22 17:37:33.895,0.8462,0.84645,1.00,3.60
2010.02.22 17:37:34.825,0.8462,0.84645,3.00,3.60
2010.02.22 17:37:35.131,0.8462,0.84645,13.50,2.50
2010.02.22 17:37:38.067,0.8462,0.84645,13.40,2.50
2010.02.22 17:37:38.301,0.8463,0.8465,2.50,1.10
2010.02.22 17:37:38.666,0.8463,0.84655,3.10,8.00
2010.02.22 17:37:39.369,0.8463,0.8466,3.10,15.00
2010.02.22 17:37:41.494,0.84635,0.8466,2.70,15.00
2010.02.22 17:37:41.843,0.84635,0.8466,2.70,14.00
2010.02.22 17:37:43.465,0.84635,0.8466,5.20,13.20
2010.02.22 17:37:43.635,0.8464,0.8466,2.70,2.70
2010.02.22 17:37:44.410,0.84635,0.8466,2.70,14.00
2010.02.22 17:37:45.510,0.84635,0.8466,2.70,10.00
2010.02.22 17:37:45.869,0.84635,0.8466,2.70,14.00
2010.02.22 17:37:48.544,0.84635,0.8466,5.50,6.70
2010.02.22 17:37:49.063,0.84635,0.8466,6.30,2.50
2010.02.22 17:37:49.196,0.84635,0.84665,6.70,11.60
2010.02.22 17:37:49.656,0.8464,0.84665,3.00,7.60
2010.02.22 17:37:49.770,0.8464,0.84665,3.00,11.60
2010.02.22 17:37:49.872,0.8464,0.84665,5.40,11.60
2010.02.22 17:37:49.984,0.8464,0.84665,7.10,9.10
2010.02.22 17:37:50.095,0.8464,0.84665,7.90,4.00
2010.02.22 17:37:50.511,0.8464,0.8467,7.50,14.80
2010.02.22 17:37:51.444,0.8464,0.84665,3.00,6.50
2010.02.22 17:37:52.615,0.8464,0.84665,3.00,2.50
2010.02.22 17:37:53.430,0.8464,0.84665,3.00,6.50
2010.02.22 17:37:54.132,0.8464,0.84665,3.10,10.50
2010.02.22 17:37:54.770,0.8464,0.84665,3.10,6.50
2010.02.22 17:37:55.172,0.8464,0.84665,3.00,6.50
2010.02.22 17:37:55.466,0.8464,0.84665,3.00,10.50
2010.02.22 17:37:55.726,0.8464,0.84665,3.10,10.50
2010.02.22 17:37:55.981,0.8464,0.84665,3.50,10.50
2010.02.22 17:37:56.673,0.8464,0.84665,3.10,6.50
2010.02.22 17:37:56.902,0.8464,0.84665,3.50,6.50
2010.02.22 17:37:57.124,0.8464,0.84665,3.50,8.00
2010.02.22 17:37:57.681,0.8464,0.8467,3.50,15.60
2010.02.22 17:37:57.868,0.8464,0.84665,3.50,4.00
2010.02.22 17:37:58.801,0.8464,0.84665,3.50,6.50
2010.02.22 17:37:59.159,0.8464,0.84665,3.10,10.50
2010.02.22 17:37:59.500,0.8464,0.84665,3.10,6.50
2010.02.22 17:38:09.220,0.8464,0.84665,7.50,4.00
2010.02.22 17:38:09.541,0.84645,0.8467,5.40,10.50
2010.02.22 17:38:10.163,0.84645,0.8467,5.40,6.50
2010.02.22 17:38:10.483,0.84645,0.8467,5.80,2.50
2010.02.22 17:38:11.911,0.84645,0.8467,5.90,2.50
2010.02.22 17:38:16.607,0.8465,0.84675,4.30,13.20
2010.02.22 17:38:16.792,0.8465,0.84675,4.70,5.20
2010.02.22 17:38:16.978,0.8465,0.84675,5.10,5.20
2010.02.22 17:38:17.650,0.8465,0.8467,2.00,2.50
2010.02.22 17:38:17.768,0.8465,0.8467,1.00,2.50
2010.02.22 17:38:17.887,0.84645,0.8467,5.40,2.50
2010.02.22 17:38:18.411,0.84645,0.8467,5.80,2.50
2010.02.22 17:38:18.530,0.84645,0.8467,5.00,2.50
2010.02.22 17:38:18.655,0.84645,0.8467,4.60,2.50
2010.02.22 17:38:19.342,0.8464,0.84665,9.40,2.50
2010.02.22 17:38:19.696,0.8464,0.8467,9.90,9.20
2010.02.22 17:38:21.429,0.8464,0.84665,1.00,2.70
2010.02.22 17:38:23.339,0.8464,0.8466,1.00,2.50
2010.02.22 17:38:24.030,0.8464,0.8466,1.00,2.50
2010.02.22 17:38:25.424,0.84635,0.8466,9.10,2.50
2010.02.22 17:38:25.655,0.84635,0.8466,4.70,2.50
2010.02.22 17:38:26.113,0.84635,0.8466,5.10,2.50
2010.02.22 17:38:32.692,0.84635,0.8466,4.70,2.50
2010.02.22 17:38:34.321,0.84635,0.8466,4.60,2.70
2010.02.22 17:38:34.681,0.84635,0.84655,4.60,2.50
2010.02.22 17:38:44.455,0.84635,0.84655,5.40,2.50
2010.02.22 17:38:47.296,0.84635,0.84655,8.60,2.50
2010.02.22 17:38:47.601,0.84635,0.84655,4.60,2.50
2010.02.22 17:38:49.188,0.8464,0.8466,3.00,2.50
2010.02.22 17:38:51.167,0.8464,0.8466,7.00,2.50
2010.02.22 17:38:51.635,0.8464,0.8466,2.50,2.50
2010.02.22 17:38:51.863,0.84635,0.8466,12.70,2.50
2010.02.22 17:38:55.157,0.8464,0.8466,2.70,2.50
2010.02.22 17:38:55.514,0.84645,0.84665,1.00,4.60
2010.02.22 17:38:55.780,0.84645,0.84665,1.00,2.50
2010.02.22 17:38:56.158,0.84645,0.8467,3.10,4.10
2010.02.22 17:38:56.428,0.84645,0.8467,4.70,2.50
2010.02.22 17:38:57.027,0.84645,0.8467,5.50,2.50
2010.02.22 17:38:57.218,0.8465,0.84675,2.50,5.40
2010.02.22 17:38:58.087,0.84645,0.8467,16.10,2.50
2010.02.22 17:38:58.217,0.84645,0.8467,14.30,2.50
2010.02.22 17:38:58.345,0.84645,0.8467,12.70,2.50
2010.02.22 17:39:07.230,0.8465,0.8467,2.50,2.50
2010.02.22 17:39:07.932,0.84645,0.8467,12.70,2.50
2010.02.22 17:39:09.547,0.8465,0.8467,2.50,2.50
2010.02.22 17:39:10.301,0.84645,0.8467,12.70,2.50
2010.02.22 17:39:12.269,0.84645,0.8467,12.60,2.70
2010.02.22 17:39:12.844,0.84645,0.8467,12.70,2.50
2010.02.22 17:39:13.052,0.8465,0.8467,2.50,2.50
2010.02.22 17:39:17.154,0.84645,0.8467,13.70,2.50
2010.02.22 17:39:17.199,0.84645,0.8467,12.70,2.50
2010.02.22 17:39:17.699,0.8465,0.8467,1.70,2.50
2010.02.22 17:39:17.750,0.8465,0.8467,2.20,2.50
2010.02.22 17:39:17.799,0.8465,0.84675,4.70,4.30
2010.02.22 17:39:18.192,0.8465,0.84675,4.70,3.50
2010.02.22 17:39:18.522,0.8465,0.84675,8.70,2.50
2010.02.22 17:39:19.847,0.8465,0.84675,4.70,2.50
2010.02.22 17:39:21.981,0.8465,0.8467,2.00,2.50
2010.02.22 17:39:22.331,0.84645,0.8467,12.70,2.50
2010.02.22 17:39:23.255,0.8465,0.8467,2.50,2.50
2010.02.22 17:39:32.326,0.8465,0.8467,2.50,4.10
2010.02.22 17:39:32.403,0.8465,0.8467,2.50,5.20
2010.02.22 17:39:32.850,0.84645,0.8467,8.60,6.40
2010.02.22 17:39:32.946,0.84645,0.84665,4.60,2.50
2010.02.22 17:39:34.041,0.8465,0.84675,2.70,2.50
2010.02.22 17:39:34.696,0.8465,0.84675,7.10,2.50
2010.02.22 17:39:42.882,0.84655,0.84675,2.50,2.50
2010.02.22 17:39:44.830,0.8465,0.84675,7.10,2.50
2010.02.22 17:39:47.241,0.84655,0.8468,2.50,8.70
2010.02.22 17:39:48.572,0.8465,0.84675,11.10,2.50
2010.02.22 17:39:50.096,0.84655,0.84675,2.50,2.50
2010.02.22 17:39:50.801,0.8465,0.84675,12.70,2.50
2010.02.22 17:39:52.244,0.84655,0.84675,1.00,2.50
2010.02.22 17:39:52.349,0.84655,0.84675,1.00,2.50
2010.02.22 17:39:55.479,0.84655,0.84675,2.70,2.50
2010.02.22 17:39:56.511,0.84655,0.84675,1.00,2.50
2010.02.22 17:39:58.530,0.84655,0.84675,4.10,2.50
2010.02.22 17:39:59.140,0.84655,0.84675,4.10,4.30
2010.02.22 17:39:59.455,0.84655,0.84675,1.00,2.50
2010.02.22 17:40:01.453,0.8465,0.84665,8.60,2.50
2010.02.22 17:40:01.868,0.8465,0.84665,8.60,4.10
2010.02.22 17:40:02.159,0.8466,0.8468,2.50,3.60
2010.02.22 17:40:04.478,0.8465,0.84675,11.10,6.20
2010.02.22 17:40:04.725,0.84655,0.84675,1.00,3.60
2010.02.22 17:40:06.362,0.84655,0.8468,1.00,5.20
2010.02.22 17:40:06.573,0.84655,0.84675,2.50,2.50
2010.02.22 17:40:07.137,0.8466,0.8468,2.50,5.20
2010.02.22 17:40:08.577,0.8466,0.8468,2.50,6.20
2010.02.22 17:40:08.924,0.8465,0.8467,7.10,2.50
2010.02.22 17:40:09.271,0.8465,0.8467,8.70,2.50
2010.02.22 17:40:11.308,0.8465,0.8467,12.70,2.50
2010.02.22 17:40:26.904,0.8465,0.8467,12.60,2.50
2010.02.22 17:40:27.704,0.8465,0.8467,8.60,2.50
2010.02.22 17:40:29.283,0.8465,0.8467,8.70,2.50
2010.02.22 17:40:29.624,0.8465,0.8467,12.70,2.50
2010.02.22 17:40:31.354,0.8465,0.84665,8.10,2.50
2010.02.22 17:40:31.749,0.8465,0.8467,10.50,2.50
2010.02.22 17:40:32.064,0.84645,0.84665,13.50,2.50
2010.02.22 17:40:35.726,0.8465,0.84675,4.60,2.50
2010.02.22 17:40:36.227,0.8465,0.84675,12.70,2.50
2010.02.22 17:40:36.554,0.8465,0.84675,8.60,2.50
2010.02.22 17:40:38.097,0.8465,0.84675,12.60,2.50
2010.02.22 17:40:38.286,0.84655,0.84675,1.00,2.50
2010.02.22 17:40:38.684,0.84655,0.84675,2.00,2.50
2010.02.22 17:40:39.033,0.84655,0.84675,10.20,2.50
2010.02.22 17:40:39.797,0.84655,0.84675,6.20,2.50
2010.02.22 17:40:40.145,0.84655,0.84675,10.20,2.50
2010.02.22 17:40:41.081,0.84655,0.84675,6.20,2.50
2010.02.22 17:40:42.450,0.84655,0.84675,2.20,2.50
2010.02.22 17:40:43.528,0.84655,0.84675,1.00,2.50
2010.02.22 17:40:43.698,0.84655,0.84675,4.10,2.50
2010.02.22 17:40:44.471,0.84655,0.84675,1.00,2.50
2010.02.22 17:40:51.256,0.84655,0.8467,1.00,2.50
2010.02.22 17:40:51.834,0.8465,0.8467,4.00,2.50
2010.02.22 17:40:52.179,0.84645,0.8467,12.70,2.50
2010.02.22 17:40:53.722,0.84645,0.8467,10.20,2.50
2010.02.22 17:40:54.070,0.84645,0.8467,10.00,2.50
2010.02.22 17:40:54.715,0.84645,0.8467,10.20,2.50
2010.02.22 17:40:54.943,0.84645,0.8467,12.70,2.50
2010.02.22 17:40:55.183,0.84645,0.8467,12.60,2.50
2010.02.22 17:40:55.975,0.84645,0.84665,13.40,2.50
2010.02.22 17:40:56.160,0.84645,0.84665,9.40,2.50
2010.02.22 17:40:56.572,0.8464,0.84665,19.50,2.50
2010.02.22 17:40:56.771,0.84645,0.84665,9.40,2.50
2010.02.22 17:40:57.123,0.84645,0.84665,10.00,2.50
2010.02.22 17:40:57.478,0.84645,0.84665,2.00,2.50
2010.02.22 17:40:58.162,0.84645,0.84665,6.00,2.50
2010.02.22 17:40:58.417,0.84645,0.84665,2.00,2.50
2010.02.22 17:40:58.668,0.84645,0.84665,4.70,2.50
2010.02.22 17:40:58.929,0.84645,0.84665,2.20,2.50
2010.02.22 17:40:59.904,0.84645,0.8466,2.20,2.50
2010.02.22 17:41:00.261,0.84645,0.84665,2.00,2.50
2010.02.22 17:41:01.424,0.8464,0.84665,15.10,2.50
2010.02.22 17:41:01.777,0.8464,0.84665,11.10,2.50
2010.02.22 17:41:04.493,0.84645,0.8467,4.70,3.50
2010.02.22 17:41:04.728,0.84645,0.8467,5.50,2.50
2010.02.22 17:41:08.060,0.84645,0.8467,9.50,2.50
2010.02.22 17:41:08.467,0.84645,0.8467,13.50,2.50
2010.02.22 17:41:10.375,0.84645,0.84675,13.50,5.20
2010.02.22 17:41:12.036,0.8465,0.84675,1.00,5.20
2010.02.22 17:41:12.288,0.8465,0.84675,5.50,2.50
2010.02.22 17:41:13.872,0.8465,0.8468,5.50,13.20
2010.02.22 17:41:14.085,0.8465,0.8468,9.50,9.20
2010.02.22 17:41:14.666,0.8465,0.84675,5.50,2.50
2010.02.22 17:41:15.034,0.8465,0.84675,2.80,2.50
2010.02.22 17:41:16.028,0.8465,0.84675,2.00,3.50
2010.02.22 17:41:16.392,0.84645,0.8467,9.50,2.50
2010.02.22 17:41:16.852,0.84645,0.8467,5.50,2.50
2010.02.22 17:41:17.164,0.84645,0.8467,9.50,2.50
2010.02.22 17:41:17.362,0.84645,0.8467,13.50,2.50
2010.02.22 17:41:19.491,0.84645,0.8467,9.50,2.50
2010.02.22 17:41:23.636,0.84645,0.8467,13.50,2.50
2010.02.22 17:41:32.314,0.84645,0.84665,9.20,2.50
2010.02.22 17:41:32.507,0.84645,0.84665,4.40,2.50
2010.02.22 17:41:33.073,0.84645,0.8466,4.00,2.50
2010.02.22 17:41:33.263,0.8464,0.8466,2.20,2.50
2010.02.22 17:41:34.900,0.8464,0.8466,2.00,2.50
2010.02.22 17:41:35.216,0.8464,0.8466,1.00,2.50
2010.02.22 17:41:38.378,0.8464,0.8466,1.00,2.50
2010.02.22 17:41:38.430,0.8464,0.8466,1.00,2.50
2010.02.22 17:41:39.623,0.84635,0.8466,13.90,2.50
2010.02.22 17:41:41.241,0.8464,0.8466,1.60,2.50
2010.02.22 17:41:41.436,0.84645,0.84665,2.70,2.50
2010.02.22 17:41:57.746,0.84645,0.84665,3.10,2.50
2010.02.22 17:41:57.959,0.84645,0.84665,4.70,2.50
2010.02.22 17:42:04.130,0.84645,0.84665,4.60,2.50
2010.02.22 17:42:10.311,0.84645,0.84665,4.70,2.50
2010.02.22 17:42:22.612,0.84645,0.84665,4.60,2.50
2010.02.22 17:42:40.630,0.84645,0.84665,2.00,2.50
2010.02.22 17:42:43.250,0.8464,0.84665,6.30,4.10
2010.02.22 17:42:43.393,0.8464,0.84665,2.50,12.00
2010.02.22 17:42:43.431,0.84635,0.8466,7.10,2.50
2010.02.22 17:42:45.139,0.84635,0.84655,1.70,2.50
2010.02.22 17:42:45.656,0.8463,0.8465,1.00,2.50
2010.02.22 17:42:46.281,0.84625,0.8465,10.20,2.50
2010.02.22 17:42:46.641,0.84625,0.8465,2.20,2.50
2010.02.22 17:42:47.850,0.84625,0.8464,2.20,2.50
2010.02.22 17:42:48.338,0.84625,0.8465,2.20,2.50
2010.02.22 17:42:49.077,0.84625,0.8464,2.20,2.50
2010.02.22 17:42:49.259,0.84625,0.8464,2.00,2.50
2010.02.22 17:42:49.750,0.84625,0.8464,1.00,2.50
2010.02.22 17:42:50.086,0.84615,0.8464,13.40,2.50
2010.02.22 17:42:51.404,0.84615,0.8464,15.00,2.50
2010.02.22 17:42:52.096,0.8462,0.84645,9.50,2.50
2010.02.22 17:42:54.168,0.8462,0.84645,13.50,2.50
2010.02.22 17:42:56.372,0.8462,0.84645,13.40,2.50
2010.02.22 17:43:03.323,0.84625,0.84645,4.00,2.50
2010.02.22 17:43:03.484,0.8462,0.84645,13.40,2.50
2010.02.22 17:43:03.654,0.8462,0.84645,9.40,2.50
2010.02.22 17:43:19.370,0.84625,0.84645,1.00,2.50
2010.02.22 17:43:19.567,0.84625,0.84645,5.10,2.50
2010.02.22 17:43:21.062,0.84625,0.84645,4.90,2.50
2010.02.22 17:43:28.882,0.84625,0.84645,5.10,2.50
2010.02.22 17:43:29.728,0.8463,0.8465,2.50,3.60
2010.02.22 17:43:34.869,0.84635,0.84655,1.60,6.50
2010.02.22 17:43:35.049,0.84635,0.84655,2.40,2.50
2010.02.22 17:43:42.718,0.84635,0.84655,1.00,4.10
2010.02.22 17:43:42.787,0.84635,0.84655,2.40,2.50
2010.02.22 17:43:53.226,0.84635,0.84655,2.40,2.70
2010.02.22 17:43:53.405,0.84635,0.84655,2.40,2.50
2010.02.22 17:44:03.823,0.84635,0.84655,2.40,3.60
2010.02.22 17:44:03.963,0.8463,0.84655,5.90,5.20
2010.02.22 17:44:04.099,0.8463,0.84655,5.50,5.20
2010.02.22 17:44:05.333,0.84625,0.84655,15.60,6.20
2010.02.22 17:44:05.898,0.8463,0.8465,3.10,8.10
2010.02.22 17:44:06.250,0.8462,0.8464,3.90,2.50
2010.02.22 17:44:06.610,0.8462,0.8464,3.50,2.50
2010.02.22 17:44:10.359,0.8462,0.8464,1.00,2.50
2010.02.22 17:44:10.550,0.8462,0.8464,1.00,3.60
2010.02.22 17:44:11.489,0.8462,0.8464,2.70,3.60
2010.02.22 17:44:11.758,0.8462,0.8464,3.50,3.60
2010.02.22 17:44:15.049,0.8462,0.8464,3.50,1.10
2010.02.22 17:44:15.320,0.8462,0.8464,3.50,3.60
2010.02.22 17:44:15.592,0.8462,0.8464,3.50,2.50
2010.02.22 17:44:18.859,0.8462,0.8464,2.70,2.50
2010.02.22 17:44:18.925,0.8462,0.8464,3.50,2.50
2010.02.22 17:44:19.365,0.8462,0.8464,1.00,4.10
2010.02.22 17:44:21.405,0.84615,0.8464,11.10,5.20
2010.02.22 17:44:21.588,0.84615,0.84635,6.70,2.50
2010.02.22 17:44:21.948,0.8462,0.8464,2.50,7.80
2010.02.22 17:44:22.246,0.8462,0.8464,2.50,6.80
2010.02.22 17:44:29.040,0.8462,0.8464,2.50,7.80
2010.02.22 17:44:29.064,0.8462,0.8464,2.50,6.80
2010.02.22 17:44:59.355,0.8461,0.8463,6.30,2.50
2010.02.22 17:44:59.512,0.84615,0.84635,2.70,2.50
2010.02.22 17:45:01.760,0.8462,0.8464,2.50,11.80
2010.02.22 17:45:01.922,0.8462,0.8464,2.70,5.10
2010.02.22 17:45:02.270,0.8462,0.84645,3.50,9.20
2010.02.22 17:45:02.810,0.84615,0.8464,9.50,2.50
2010.02.22 17:45:03.167,0.84615,0.8464,5.50,2.50
2010.02.22 17:45:06.951,0.84615,0.8464,5.50,3.50
2010.02.22 17:45:07.299,0.84615,0.84635,2.00,2.50
2010.02.22 17:45:08.395,0.84615,0.8464,4.60,13.40
2010.02.22 17:45:08.478,0.84615,0.8464,5.40,12.60
2010.02.22 17:45:08.558,0.84615,0.8464,5.40,11.60
2010.02.22 17:45:10.363,0.8462,0.8464,2.50,8.00
2010.02.22 17:45:11.185,0.8462,0.8464,2.50,4.00
2010.02.22 17:45:11.534,0.8462,0.84645,2.50,13.20
2010.02.22 17:45:12.805,0.84615,0.8464,5.40,2.50
2010.02.22 17:45:15.893,0.84615,0.8464,9.50,2.50
2010.02.22 17:45:16.052,0.84615,0.8464,13.50,2.50
2010.02.22 17:45:20.745,0.84615,0.8464,15.10,2.50
2010.02.22 17:45:21.139,0.8462,0.8464,1.00,2.50
2010.02.22 17:45:21.295,0.8462,0.8464,2.50,4.10
2010.02.22 17:45:24.053,0.8462,0.8464,2.50,2.50
2010.02.22 17:45:27.219,0.84625,0.8464,1.00,2.50
2010.02.22 17:45:27.576,0.84625,0.84645,2.50,6.50
2010.02.22 17:45:27.924,0.8462,0.84645,3.50,2.50
2010.02.22 17:45:28.432,0.8462,0.84645,3.50,3.60
2010.02.22 17:45:28.466,0.8462,0.84645,3.50,5.20
2010.02.22 17:45:29.522,0.84615,0.84635,1.00,2.50
2010.02.22 17:45:31.145,0.84615,0.84635,1.00,2.50
2010.02.22 17:45:36.359,0.84615,0.84635,1.00,2.50
2010.02.22 17:45:36.511,0.84615,0.8464,7.50,5.10
2010.02.22 17:45:37.071,0.8462,0.84645,2.50,13.20
2010.02.22 17:45:37.427,0.8462,0.84645,3.10,3.60
2010.02.22 17:45:38.220,0.8462,0.84645,2.50,6.00
2010.02.22 17:45:39.080,0.84625,0.84645,2.70,5.20
2010.02.22 17:45:40.886,0.84625,0.84645,2.70,6.00
2010.02.22 17:45:41.153,0.8462,0.84645,6.50,6.00
2010.02.22 17:45:41.413,0.8462,0.84645,2.50,6.00
2010.02.22 17:45:42.766,0.8462,0.84645,2.70,6.00
2010.02.22 17:45:43.569,0.8462,0.8464,1.00,2.50
2010.02.22 17:45:43.764,0.8462,0.8464,2.70,1.10
2010.02.22 17:45:44.222,0.8462,0.8464,1.00,4.10
2010.02.22 17:45:44.426,0.8462,0.84645,2.70,9.20
2010.02.22 17:45:45.604,0.8462,0.84645,2.70,10.00
2010.02.22 17:45:45.961,0.8462,0.84645,2.70,6.00
2010.02.22 17:45:46.758,0.84625,0.84645,3.30,1.10
2010.02.22 17:45:47.023,0.8463,0.84655,3.50,6.00
2010.02.22 17:45:47.559,0.84635,0.84655,2.50,1.10
2010.02.22 17:45:47.799,0.84635,0.8466,2.50,6.20
2010.02.22 17:45:48.151,0.84635,0.8466,3.00,5.20
2010.02.22 17:45:51.044,0.84635,0.8466,3.80,5.20
2010.02.22 17:45:51.974,0.84635,0.8466,5.40,3.60
2010.02.22 17:45:52.327,0.84635,0.8466,13.40,2.50
2010.02.22 17:45:53.107,0.8464,0.84665,11.00,1.00
2010.02.22 17:45:56.035,0.8464,0.84665,11.00,2.70
2010.02.22 17:45:56.265,0.84635,0.8466,14.20,2.70
2010.02.22 17:45:56.528,0.84635,0.8466,13.40,2.70
2010.02.22 17:45:58.541,0.84635,0.8466,12.60,2.70
2010.02.22 17:45:58.786,0.84635,0.8466,6.50,5.20
2010.02.22 17:45:58.906,0.8463,0.84665,13.50,17.50
2010.02.22 17:45:59.369,0.8463,0.8466,11.90,5.20
2010.02.22 17:45:59.496,0.8463,0.8466,7.90,6.00
2010.02.22 17:45:59.851,0.8463,0.8466,7.90,10.00
2010.02.22 17:46:01.782,0.8463,0.8466,3.90,14.00
2010.02.22 17:46:02.960,0.8463,0.8466,3.90,13.20
2010.02.22 17:46:03.560,0.8463,0.8466,7.90,9.20
2010.02.22 17:46:06.487,0.8463,0.84655,7.90,2.50
2010.02.22 17:46:06.710,0.8463,0.84655,7.80,2.50
2010.02.22 17:46:20.554,0.8463,0.84655,7.00,2.50
2010.02.22 17:46:20.809,0.8463,0.84655,3.00,4.10
2010.02.22 17:46:29.594,0.8463,0.8465,2.50,1.60
2010.02.22 17:46:30.075,0.84625,0.84645,4.10,4.10
2010.02.22 17:46:30.371,0.84625,0.84645,1.00,4.10
2010.02.22 17:46:31.035,0.84625,0.84645,1.00,8.10
2010.02.22 17:46:31.385,0.84625,0.84645,1.00,4.10
2010.02.22 17:46:35.419,0.8463,0.84645,2.50,1.60
2010.02.22 17:46:35.693,0.8463,0.8465,2.70,6.70
2010.02.22 17:46:35.960,0.8463,0.8465,2.70,2.70
2010.02.22 17:46:36.228,0.8463,0.8465,2.70,6.70
2010.02.22 17:46:38.026,0.8463,0.8465,2.70,2.70
2010.02.22 17:46:38.241,0.84625,0.8465,2.70,5.20
2010.02.22 17:46:46.820,0.84625,0.84645,2.70,1.60
2010.02.22 17:46:47.001,0.84625,0.84645,1.00,4.10
2010.02.22 17:47:05.316,0.84625,0.84645,2.70,1.60
2010.02.22 17:47:07.570,0.84625,0.84645,1.00,4.10
2010.02.22 17:47:16.204,0.84625,0.8465,2.70,7.00
2010.02.22 17:47:16.338,0.84625,0.8465,2.70,5.20
2010.02.22 17:47:17.000,0.84625,0.8465,3.50,5.20
2010.02.22 17:47:17.141,0.8463,0.8465,2.70,2.70
2010.02.22 17:47:18.426,0.8463,0.8465,2.70,1.10
2010.02.22 17:47:18.616,0.8463,0.84655,2.70,6.80
2010.02.22 17:47:21.346,0.8464,0.8466,2.70,15.00
2010.02.22 17:47:22.057,0.8464,0.8466,2.70,13.20
2010.02.22 17:47:22.393,0.8464,0.8466,2.70,5.20
2010.02.22 17:47:40.960,0.8464,0.8466,2.70,6.00
2010.02.22 17:47:41.258,0.8463,0.8466,13.50,6.00
2010.02.22 17:47:41.859,0.8463,0.8466,5.90,14.00
2010.02.22 17:47:45.376,0.8463,0.8466,5.50,14.00
2010.02.22 17:47:46.083,0.8463,0.8466,4.70,14.00
2010.02.22 17:47:46.645,0.8463,0.8466,5.50,14.00
2010.02.22 17:47:49.655,0.8463,0.8465,2.50,2.50
2010.02.22 17:47:50.776,0.84625,0.84645,3.80,2.50
2010.02.22 17:47:51.074,0.8462,0.84645,6.70,6.80
2010.02.22 17:47:51.705,0.8462,0.84645,2.70,6.80
2010.02.22 17:47:54.093,0.8462,0.84645,2.70,7.60
2010.02.22 17:47:54.542,0.8462,0.8464,2.70,1.10
2010.02.22 17:47:55.505,0.84625,0.8464,1.00,1.10
2010.02.22 17:47:56.175,0.84625,0.84645,1.00,6.80
2010.02.22 17:48:10.973,0.8462,0.84645,11.10,6.80
2010.02.22 17:48:11.189,0.8462,0.84645,11.10,6.80
2010.02.22 17:48:11.368,0.8462,0.8464,10.50,3.60
2010.02.22 17:48:11.553,0.8462,0.8464,6.70,3.60
2010.02.22 17:48:11.961,0.8462,0.8464,2.70,3.60
2010.02.22 17:48:13.825,0.8463,0.8464,2.50,1.10
2010.02.22 17:48:14.029,0.8463,0.8465,2.70,10.50
2010.02.22 17:48:14.809,0.8463,0.8465,6.70,2.50
2010.02.22 17:48:15.952,0.8463,0.8465,2.70,2.50
2010.02.22 17:48:20.044,0.84625,0.8465,8.20,7.60
2010.02.22 17:48:20.394,0.8462,0.84645,11.90,6.80
2010.02.22 17:48:20.839,0.8462,0.84645,3.90,6.80
2010.02.22 17:48:21.149,0.8462,0.84645,3.10,6.80
2010.02.22 17:48:21.955,0.8462,0.8464,3.10,2.50
2010.02.22 17:48:22.313,0.8462,0.8464,2.70,2.50
2010.02.22 17:48:22.667,0.8462,0.8464,2.70,5.20
2010.02.22 17:48:23.385,0.8462,0.8464,2.70,2.50
2010.02.22 17:48:29.264,0.8462,0.84645,2.70,7.60
2010.02.22 17:48:30.676,0.8462,0.84645,3.10,7.60
2010.02.22 17:48:31.256,0.84625,0.84645,2.50,6.80
2010.02.22 17:48:31.534,0.84625,0.84645,4.30,5.20
2010.02.22 17:48:31.812,0.84625,0.84645,4.10,5.20
2010.02.22 17:48:32.737,0.84625,0.84645,4.30,2.70
2010.02.22 17:48:42.469,0.84625,0.84645,1.00,6.80
2010.02.22 17:48:53.072,0.84625,0.84645,2.70,4.30
2010.02.22 17:48:54.794,0.8463,0.84645,2.50,2.70
2010.02.22 17:48:55.162,0.8463,0.8465,2.70,2.50
2010.02.22 17:48:55.848,0.8463,0.8465,3.50,2.50
2010.02.22 17:48:56.169,0.8463,0.8465,2.70,2.50
2010.02.22 17:48:58.753,0.84625,0.84645,2.50,4.10
2010.02.22 17:48:58.970,0.8462,0.8464,2.70,2.50
2010.02.22 17:49:01.203,0.8462,0.84645,2.70,6.80
2010.02.22 17:49:01.610,0.8462,0.84645,3.50,6.80
2010.02.22 17:49:04.102,0.8462,0.84645,7.50,6.80
2010.02.22 17:49:04.731,0.8462,0.84645,6.70,6.80
2010.02.22 17:49:05.936,0.8462,0.84645,7.50,6.80
2010.02.22 17:49:06.917,0.8462,0.84645,6.70,6.80
2010.02.22 17:49:07.765,0.8462,0.84645,7.50,6.80
2010.02.22 17:49:08.288,0.8462,0.84645,3.50,6.80
2010.02.22 17:49:09.140,0.8462,0.8464,3.50,2.50
2010.02.22 17:49:09.478,0.8462,0.8464,2.50,2.50
2010.02.22 17:49:11.782,0.8462,0.8464,6.70,2.50
2010.02.22 17:49:12.867,0.8462,0.8464,2.70,2.50
2010.02.22 17:49:14.076,0.8462,0.8464,1.00,2.50
2010.02.22 17:49:14.300,0.84615,0.8464,15.50,4.10
2010.02.22 17:49:14.509,0.84615,0.8464,10.70,4.10
2010.02.22 17:49:15.567,0.8462,0.8464,1.00,4.10
2010.02.22 17:49:15.864,0.84615,0.8464,14.70,4.10
2010.02.22 17:49:16.222,0.84615,0.8464,11.50,4.10
2010.02.22 17:49:16.568,0.84615,0.8464,15.50,4.10
2010.02.22 17:49:17.012,0.84615,0.8464,14.70,4.10
2010.02.22 17:49:17.947,0.84615,0.8464,16.50,4.10
2010.02.22 17:49:18.156,0.84615,0.8464,14.70,4.10
2010.02.22 17:49:18.415,0.8462,0.8464,2.70,4.10
2010.02.22 17:49:19.023,0.8462,0.8464,2.70,1.60
2010.02.22 17:49:19.288,0.84625,0.84645,4.30,2.50
2010.02.22 17:49:21.330,0.84625,0.84645,2.70,2.50
2010.02.22 17:49:21.686,0.8462,0.84645,11.10,3.60
2010.02.22 17:49:22.367,0.8462,0.84645,7.10,3.60
2010.02.22 17:49:22.402,0.8462,0.84645,3.10,3.60
2010.02.22 17:49:31.329,0.8462,0.84645,3.10,7.60
2010.02.22 17:49:31.759,0.8462,0.84645,3.10,11.60
2010.02.22 17:49:35.583,0.8462,0.8464,3.10,1.60
2010.02.22 17:49:35.840,0.84615,0.8464,6.30,4.10
2010.02.22 17:49:38.046,0.84615,0.84635,2.70,2.50
2010.02.22 17:49:39.365,0.84615,0.84635,1.00,2.50
2010.02.22 17:49:39.607,0.8461,0.84635,5.50,2.50
2010.02.22 17:49:40.623,0.8461,0.8464,9.50,8.70
2010.02.22 17:49:47.289,0.8461,0.84635,8.70,2.50
2010.02.22 17:49:47.625,0.8461,0.84635,4.70,2.50
2010.02.22 17:49:50.920,0.84615,0.84635,1.00,2.50
2010.02.22 17:50:05.621,0.8461,0.84635,4.70,2.50
2010.02.22 17:50:06.121,0.8461,0.84635,4.70,2.50
2010.02.22 17:50:21.107,0.8461,0.84635,5.50,2.50
2010.02.22 17:50:21.257,0.8461,0.84635,9.50,2.50
2010.02.22 17:50:23.720,0.8461,0.84635,5.50,2.50
2010.02.22 17:50:23.871,0.84615,0.84635,1.00,2.50
2010.02.22 17:50:32.727,0.8461,0.84635,9.50,2.50
2010.02.22 17:50:38.812,0.8461,0.84635,7.50,5.20
2010.02.22 17:50:39.076,0.8461,0.84635,2.70,5.20
2010.02.22 17:50:39.326,0.8461,0.84635,3.50,5.20
2010.02.22 17:50:40.315,0.8461,0.84635,2.70,9.20
2010.02.22 17:50:40.664,0.8461,0.84635,2.70,5.20
2010.02.22 17:50:41.666,0.8461,0.84635,2.50,9.40
2010.02.22 17:50:41.897,0.8461,0.84635,2.50,5.40
2010.02.22 17:50:43.083,0.8461,0.8463,2.50,2.50
2010.02.22 17:50:47.244,0.8461,0.8463,2.50,3.60
2010.02.22 17:50:48.443,0.8461,0.8463,2.50,5.20
2010.02.22 17:50:48.681,0.84605,0.8463,7.20,3.60
2010.02.22 17:50:48.914,0.8461,0.8463,2.50,5.20
2010.02.22 17:50:51.432,0.8461,0.8463,2.50,3.60
2010.02.22 17:50:53.344,0.8461,0.84635,2.50,9.40
2010.02.22 17:50:53.664,0.8461,0.84635,2.50,13.40
2010.02.22 17:50:55.255,0.8461,0.8463,2.50,2.50
2010.02.22 17:50:55.993,0.8461,0.8463,2.50,2.70
2010.02.22 17:50:56.214,0.84605,0.84625,6.30,2.50
2010.02.22 17:50:56.770,0.8461,0.8463,2.50,2.50
2010.02.22 17:51:03.157,0.84605,0.84625,5.40,2.50
2010.02.22 17:51:07.458,0.84605,0.8463,5.40,3.60
2010.02.22 17:51:07.645,0.84605,0.8463,5.40,2.70
2010.02.22 17:51:12.473,0.84605,0.84625,4.60,2.50
2010.02.22 17:51:14.609,0.84605,0.84625,3.00,2.50
2010.02.22 17:51:14.815,0.84605,0.84625,2.70,2.50
2010.02.22 17:51:15.252,0.84605,0.84625,2.50,2.50
2010.02.22 17:51:15.915,0.84605,0.84625,2.70,2.50
2010.02.22 17:51:17.077,0.84605,0.84625,2.50,2.50
2010.02.22 17:51:19.574,0.84605,0.84625,2.70,2.50
2010.02.22 17:51:24.186,0.84605,0.84625,2.50,2.50
2010.02.22 17:51:37.515,0.846,0.8462,3.10,2.50
2010.02.22 17:51:40.490,0.846,0.84625,3.10,3.60
2010.02.22 17:51:43.449,0.846,0.8462,3.10,2.50
2010.02.22 17:51:49.166,0.846,0.8462,2.70,2.50
2010.02.22 17:52:01.174,0.846,0.84625,2.70,14.80
2010.02.22 17:52:01.505,0.84595,0.8462,11.10,4.90
2010.02.22 17:52:01.833,0.846,0.84625,2.70,15.60
2010.02.22 17:52:02.481,0.846,0.8462,2.70,2.50
2010.02.22 17:52:04.456,0.846,0.8462,2.50,6.50
2010.02.22 17:52:04.707,0.846,0.8462,2.50,2.50
2010.02.22 17:52:08.634,0.84595,0.84615,7.00,4.90
2010.02.22 17:52:08.799,0.84595,0.84615,3.50,3.30
2010.02.22 17:52:08.969,0.8459,0.84615,3.10,3.50
2010.02.22 17:52:09.380,0.8459,0.84615,3.10,6.50
2010.02.22 17:52:09.615,0.8459,0.84615,3.90,2.50
2010.02.22 17:52:09.836,0.8459,0.84615,11.90,2.50
2010.02.22 17:52:19.379,0.8459,0.84615,7.90,2.50
2010.02.22 17:52:24.691,0.8459,0.84615,4.60,2.50
2010.02.22 17:52:24.843,0.84595,0.8462,2.50,10.00
2010.02.22 17:52:24.995,0.84595,0.8462,2.50,9.20
2010.02.22 17:52:25.140,0.84595,0.8462,2.50,5.20
2010.02.22 17:52:25.507,0.84595,0.8462,2.70,5.20
2010.02.22 17:52:27.232,0.84595,0.8462,3.50,5.20
2010.02.22 17:52:27.373,0.846,0.8462,1.00,5.20
2010.02.22 17:52:27.851,0.846,0.8462,2.70,2.70
2010.02.22 17:52:34.704,0.846,0.84625,6.70,5.60
2010.02.22 17:52:34.946,0.846,0.84625,10.70,5.60
2010.02.22 17:52:35.297,0.846,0.84625,6.70,5.20
2010.02.22 17:52:38.324,0.846,0.84625,2.70,5.20
2010.02.22 17:52:39.694,0.846,0.84625,2.70,5.60
2010.02.22 17:52:44.594,0.846,0.84625,2.70,6.00
2010.02.22 17:52:45.257,0.846,0.84625,2.70,5.60
2010.02.22 17:52:45.961,0.846,0.8462,1.00,2.50
2010.02.22 17:52:46.317,0.84595,0.8462,5.50,2.50
2010.02.22 17:52:46.637,0.84595,0.8462,5.50,2.90
2010.02.22 17:52:51.562,0.84595,0.8462,6.30,2.90
2010.02.22 17:52:52.099,0.8461,0.84625,2.50,11.50
2010.02.22 17:52:52.299,0.84615,0.84625,2.50,8.00
2010.02.22 17:52:52.841,0.8461,0.8463,1.00,4.00
2010.02.22 17:52:53.051,0.84605,0.8463,6.30,2.50
2010.02.22 17:52:53.740,0.84605,0.8463,5.50,2.50
2010.02.22 17:52:54.089,0.84605,0.8463,4.70,3.30
2010.02.22 17:52:55.076,0.84605,0.8463,5.50,2.50
2010.02.22 17:52:56.228,0.84605,0.84625,3.00,2.50
2010.02.22 17:52:56.384,0.84605,0.84625,2.50,2.90
2010.02.22 17:52:56.533,0.846,0.84625,5.70,2.90
2010.02.22 17:52:56.685,0.846,0.84625,1.20,2.90
2010.02.22 17:52:57.404,0.84595,0.84625,10.70,8.00
2010.02.22 17:52:57.553,0.84595,0.84625,10.30,9.60
2010.02.22 17:52:57.901,0.84595,0.84625,10.30,10.00
2010.02.22 17:52:58.259,0.846,0.84625,2.70,10.00
2010.02.22 17:52:58.883,0.846,0.84625,2.70,5.60
2010.02.22 17:52:59.162,0.846,0.84625,2.70,9.60
2010.02.22 17:53:00.971,0.846,0.84625,3.50,10.00
2010.02.22 17:53:01.321,0.846,0.84625,2.70,10.00
2010.02.22 17:53:03.180,0.846,0.84625,3.50,9.60
2010.02.22 17:53:03.509,0.846,0.84625,2.70,5.60
2010.02.22 17:53:04.121,0.84595,0.8463,10.30,18.10
2010.02.22 17:53:04.458,0.84595,0.84625,6.30,14.60
2010.02.22 17:53:08.715,0.84595,0.8462,5.40,2.50
2010.02.22 17:53:08.921,0.84595,0.8462,4.60,2.90
2010.02.22 17:53:12.240,0.84595,0.84615,2.00,2.50
2010.02.22 17:53:13.083,0.8459,0.84615,4.80,6.40
2010.02.22 17:53:13.809,0.8459,0.84615,6.50,6.60
2010.02.22 17:53:14.186,0.84585,0.8461,8.60,1.00
2010.02.22 17:53:15.278,0.84585,0.8461,4.60,1.00
2010.02.22 17:53:19.345,0.8459,0.8461,2.50,1.00
2010.02.22 17:53:19.734,0.8459,0.84615,2.50,14.40
2010.02.22 17:53:24.164,0.8459,0.84615,3.00,2.90
2010.02.22 17:53:24.506,0.8459,0.84615,3.80,2.90
2010.02.22 17:53:28.441,0.8459,0.84615,2.50,2.50
2010.02.22 17:53:29.045,0.8459,0.84615,2.50,5.20
2010.02.22 17:53:29.653,0.8459,0.8461,1.00,2.50
2010.02.22 17:53:31.276,0.84585,0.8461,5.40,2.50
2010.02.22 17:53:33.327,0.84585,0.8461,5.50,2.50
2010.02.22 17:53:37.044,0.84585,0.8461,3.80,3.60
2010.02.22 17:53:37.215,0.84585,0.8461,3.80,4.40
2010.02.22 17:53:39.868,0.84585,0.8461,3.80,3.60
2010.02.22 17:53:40.913,0.84585,0.8461,3.00,4.80
2010.02.22 17:53:41.274,0.8458,0.84605,9.50,2.50
2010.02.22 17:53:41.960,0.8458,0.84605,6.30,2.50
2010.02.22 17:53:42.282,0.84585,0.8461,2.50,10.80
2010.02.22 17:53:42.758,0.84585,0.8461,2.50,6.80
2010.02.22 17:53:44.939,0.84585,0.8461,2.50,6.00
2010.02.22 17:53:45.496,0.8458,0.84605,10.30,2.50
2010.02.22 17:53:46.520,0.8458,0.84605,7.90,4.00
2010.02.22 17:53:46.763,0.8458,0.84605,3.00,4.00
2010.02.22 17:53:51.878,0.8458,0.84605,3.10,4.00
2010.02.22 17:53:52.388,0.8458,0.84605,3.00,4.00
2010.02.22 17:53:53.115,0.8458,0.84605,3.00,8.00
2010.02.22 17:53:53.457,0.8458,0.84605,3.00,4.00
2010.02.22 17:53:59.497,0.8458,0.84605,3.00,8.00
2010.02.22 17:53:59.634,0.8458,0.84605,3.00,4.00
2010.02.22 17:54:02.963,0.84585,0.8461,2.70,14.40
2010.02.22 17:54:03.639,0.84585,0.84605,2.00,2.50
2010.02.22 17:54:05.755,0.8458,0.84605,14.30,2.50
2010.02.22 17:54:07.928,0.8458,0.84605,10.30,2.50
2010.02.22 17:54:09.498,0.8458,0.84605,9.50,2.50
2010.02.22 17:54:12.708,0.84585,0.84605,1.00,2.50
2010.02.22 17:54:13.023,0.84585,0.8461,2.70,6.00
2010.02.22 17:54:13.514,0.84585,0.8461,2.70,5.20
2010.02.22 17:54:21.447,0.84585,0.84605,1.70,2.50
2010.02.22 17:54:22.062,0.8459,0.8461,2.50,2.70
2010.02.22 17:54:36.579,0.8459,0.84615,2.50,10.90
2010.02.22 17:54:36.812,0.8459,0.84615,2.50,11.10
2010.02.22 17:54:36.993,0.84585,0.8461,5.70,2.50
2010.02.22 17:54:41.116,0.84585,0.8461,4.90,2.50
2010.02.22 17:54:41.567,0.84595,0.8461,1.00,2.50
2010.02.22 17:54:41.808,0.8459,0.8461,7.50,2.50
2010.02.22 17:54:42.368,0.84595,0.84615,2.50,1.00
2010.02.22 17:54:55.380,0.84595,0.8462,2.50,13.80
2010.02.22 17:54:55.744,0.84595,0.8462,2.50,9.80
2010.02.22 17:54:59.689,0.84595,0.8462,2.50,7.10
2010.02.22 17:55:01.370,0.84595,0.8462,2.50,11.10
2010.02.22 17:55:01.694,0.84595,0.84615,2.50,1.00
2010.02.22 17:55:02.896,0.84605,0.8462,2.50,1.20
2010.02.22 17:55:03.575,0.84605,0.84625,2.50,2.90
2010.02.22 17:55:09.587,0.846,0.84625,2.70,2.90
2010.02.22 17:55:10.134,0.846,0.84625,2.50,11.10
2010.02.22 17:55:10.645,0.846,0.84625,2.50,3.70
2010.02.22 17:55:12.477,0.846,0.84625,2.50,3.90
2010.02.22 17:55:24.116,0.846,0.84625,2.50,3.10
2010.02.22 17:55:24.505,0.846,0.84625,2.50,3.90
2010.02.22 17:55:25.425,0.846,0.8462,2.50,1.00
2010.02.22 17:55:26.038,0.84595,0.8462,2.50,11.10
2010.02.22 17:55:26.637,0.84595,0.84615,2.50,1.00
2010.02.22 17:55:29.346,0.84595,0.8462,2.50,11.80
2010.02.22 17:55:29.555,0.84595,0.8462,2.50,11.70
2010.02.22 17:55:31.761,0.84595,0.84615,2.50,1.00
2010.02.22 17:55:31.907,0.84595,0.8462,2.50,11.90
2010.02.22 17:55:32.323,0.84595,0.84615,2.50,2.50
2010.02.22 17:55:32.615,0.84595,0.84615,2.50,4.10
2010.02.22 17:55:59.003,0.84595,0.84615,3.10,4.10
2010.02.22 17:55:59.521,0.846,0.84625,4.10,8.20
2010.02.22 17:55:59.765,0.84595,0.8462,5.40,2.70
2010.02.22 17:56:00.010,0.84595,0.8462,4.60,2.70
2010.02.22 17:56:00.249,0.84595,0.8462,4.60,3.50
2010.02.22 17:56:00.489,0.84595,0.8462,4.70,3.30
2010.02.22 17:56:01.075,0.84595,0.8462,4.70,2.50
2010.02.22 17:56:06.610,0.846,0.84625,4.30,7.20
2010.02.22 17:56:07.180,0.84605,0.84625,4.10,2.50
2010.02.22 17:56:07.469,0.84605,0.84625,2.50,2.50
2010.02.22 17:56:08.194,0.84605,0.84625,2.50,5.20
2010.02.22 17:56:11.392,0.84605,0.84625,2.50,5.60
2010.02.22 17:56:11.842,0.84605,0.84625,2.50,5.20
2010.02.22 17:56:12.049,0.84605,0.84625,2.50,5.60
2010.02.22 17:56:16.480,0.84605,0.84625,2.50,5.20
2010.02.22 17:56:16.771,0.84605,0.84625,2.70,6.70
2010.02.22 17:56:17.395,0.84605,0.84625,2.70,8.00
2010.02.22 17:56:18.344,0.84605,0.84625,2.50,8.00
2010.02.22 17:56:18.654,0.84605,0.84625,2.50,10.50
2010.02.22 17:56:21.791,0.84605,0.84625,2.50,2.50
2010.02.22 17:56:22.899,0.84605,0.8463,2.50,14.60
2010.02.22 17:56:23.203,0.84605,0.8463,2.70,13.60
2010.02.22 17:56:26.682,0.8461,0.8463,2.50,10.90
2010.02.22 17:56:26.893,0.8461,0.8463,2.50,6.50
2010.02.22 17:56:27.348,0.8461,0.8463,2.50,2.90
2010.02.22 17:56:28.623,0.84615,0.84635,2.50,9.80
2010.02.22 17:56:29.007,0.84615,0.84635,2.50,6.20
2010.02.22 17:56:29.302,0.84615,0.84635,2.50,7.00
2010.02.22 17:56:31.261,0.84615,0.84635,2.50,6.60
2010.02.22 17:56:31.518,0.84615,0.84635,2.50,6.40
2010.02.22 17:56:31.779,0.84615,0.84635,2.50,5.60
2010.02.22 17:56:33.434,0.84615,0.84635,2.70,5.60
2010.02.22 17:56:37.193,0.8462,0.8464,2.50,11.20
2010.02.22 17:56:37.660,0.8462,0.8464,2.50,16.00
2010.02.22 17:56:43.075,0.8462,0.8464,2.50,16.80
2010.02.22 17:56:43.287,0.8462,0.8464,2.50,17.00
2010.02.22 17:56:43.605,0.8461,0.8463,3.30,2.50
2010.02.22 17:56:43.915,0.84615,0.84635,2.50,5.60
2010.02.22 17:56:44.221,0.84615,0.84635,2.50,9.60
2010.02.22 17:56:45.109,0.8461,0.84635,2.70,14.40
2010.02.22 17:56:48.745,0.8461,0.8463,2.70,2.50
2010.02.22 17:56:48.976,0.84605,0.8463,4.70,2.50
2010.02.22 17:56:49.208,0.84605,0.8463,3.10,3.60
2010.02.22 17:56:49.680,0.8461,0.8463,2.50,4.00
2010.02.22 17:56:50.296,0.8461,0.84635,2.70,16.20
2010.02.22 17:56:50.615,0.84615,0.84635,2.50,14.40
2010.02.22 17:56:51.274,0.84615,0.84635,2.50,2.90
2010.02.22 17:56:51.972,0.84615,0.84635,2.50,8.00
2010.02.22 17:56:58.482,0.84615,0.84635,2.50,12.00
2010.02.22 17:56:59.857,0.8461,0.8463,2.50,2.50
2010.02.22 17:57:00.206,0.8461,0.8463,2.50,2.90
2010.02.22 17:57:05.088,0.8461,0.84635,4.30,14.40
2010.02.22 17:57:05.212,0.8461,0.84635,4.30,13.60
2010.02.22 17:57:10.133,0.84615,0.84635,2.50,12.00
2010.02.22 17:57:10.376,0.84615,0.84635,2.50,8.00
2010.02.22 17:57:13.030,0.84615,0.84635,2.50,12.00
2010.02.22 17:57:18.383,0.84615,0.84635,2.70,12.00
2010.02.22 17:57:19.074,0.84615,0.84635,2.70,8.00
2010.02.22 17:57:20.282,0.84615,0.84635,2.50,8.00
2010.02.22 17:57:20.458,0.84615,0.84635,2.50,12.00
2010.02.22 17:57:30.762,0.84615,0.84635,2.50,8.00
2010.02.22 17:57:31.223,0.84615,0.84635,2.50,4.00
2010.02.22 17:57:35.504,0.84615,0.8464,2.50,17.30
2010.02.22 17:57:36.344,0.84615,0.84635,2.50,4.00
2010.02.22 17:57:39.839,0.84615,0.84635,2.50,5.60
2010.02.22 17:57:39.998,0.84605,0.84625,10.70,2.50
2010.02.22 17:57:40.157,0.84605,0.84625,10.50,5.20
2010.02.22 17:57:40.307,0.84605,0.84625,2.50,5.20
2010.02.22 17:57:40.464,0.84605,0.84625,2.50,5.60
2010.02.22 17:57:43.570,0.84605,0.84625,2.50,2.90
2010.02.22 17:57:44.182,0.84605,0.84625,2.70,2.90
2010.02.22 17:57:44.972,0.84605,0.84625,2.70,2.50
2010.02.22 17:58:08.576,0.84605,0.84625,6.70,2.50
2010.02.22 17:58:09.329,0.84605,0.84625,2.70,2.50
2010.02.22 17:58:11.865,0.846,0.8462,4.30,2.50
2010.02.22 17:58:12.516,0.846,0.84625,9.00,5.20
2010.02.22 17:58:15.557,0.84605,0.84625,2.50,4.10
2010.02.22 17:58:15.663,0.84605,0.84625,2.50,2.50
2010.02.22 17:58:15.879,0.84605,0.84625,2.70,2.50
2010.02.22 17:58:23.286,0.84605,0.84625,2.50,2.50
2010.02.22 17:58:27.431,0.84605,0.84625,2.50,5.20
2010.02.22 17:58:35.042,0.84605,0.84625,2.70,5.20
2010.02.22 17:58:38.090,0.84605,0.84625,1.00,5.20
2010.02.22 17:58:38.241,0.846,0.84625,2.50,9.20
2010.02.22 17:58:38.390,0.846,0.84625,2.50,13.20
2010.02.22 17:58:39.064,0.84605,0.84625,2.70,13.20
2010.02.22 17:58:39.426,0.84605,0.84625,2.50,9.20
2010.02.22 17:58:43.206,0.84605,0.84625,2.50,13.20
2010.02.22 17:58:43.857,0.84605,0.84625,2.50,5.20
2010.02.22 17:58:55.268,0.8462,0.8464,6.50,12.10
2010.02.22 17:58:55.913,0.8463,0.8465,2.50,5.20
2010.02.22 17:58:56.267,0.84625,0.8465,5.10,3.30
2010.02.22 17:58:56.674,0.84625,0.84645,1.00,5.20
2010.02.22 17:58:57.040,0.8462,0.84645,2.70,6.80
2010.02.22 17:58:57.390,0.8462,0.84645,2.70,10.80
2010.02.22 17:58:57.739,0.8462,0.84645,2.70,6.80
2010.02.22 17:58:58.105,0.8462,0.8464,2.70,1.10
2010.02.22 17:58:58.390,0.8462,0.8464,2.70,5.20
2010.02.22 17:58:59.006,0.84615,0.84635,2.70,2.50
2010.02.22 17:59:01.806,0.84615,0.84635,2.70,5.20
2010.02.22 17:59:02.830,0.8462,0.84635,2.50,1.60
2010.02.22 17:59:03.108,0.8462,0.8464,2.70,5.20
2010.02.22 17:59:03.823,0.8462,0.8464,2.50,5.20
2010.02.22 17:59:05.144,0.8462,0.8464,2.70,5.20
2010.02.22 17:59:05.999,0.84625,0.8464,1.00,2.70
2010.02.22 17:59:07.542,0.8462,0.8464,2.70,2.70
2010.02.22 17:59:08.835,0.8462,0.84635,1.00,2.50
2010.02.22 17:59:09.127,0.8462,0.84635,2.70,2.40
2010.02.22 17:59:09.748,0.8462,0.84635,2.70,1.10
2010.02.22 17:59:10.099,0.8462,0.84635,2.50,1.10
2010.02.22 17:59:11.304,0.8462,0.84635,2.60,1.10
2010.02.22 17:59:11.582,0.84625,0.84635,2.70,1.10
2010.02.22 17:59:12.073,0.84625,0.8464,2.70,2.70
2010.02.22 17:59:12.439,0.84625,0.8464,2.50,2.70
2010.02.22 17:59:12.790,0.84625,0.84645,2.70,12.30
2010.02.22 17:59:13.519,0.84625,0.84645,2.70,4.30
2010.02.22 17:59:19.451,0.84625,0.8464,1.00,1.60
2010.02.22 17:59:19.636,0.8462,0.8464,2.70,6.80
2010.02.22 17:59:19.822,0.8462,0.8464,2.70,7.60
2010.02.22 17:59:20.381,0.8462,0.8464,2.70,11.60
2010.02.22 17:59:20.556,0.8462,0.8464,2.70,7.60
2010.02.22 17:59:20.906,0.84625,0.8464,1.00,2.70
2010.02.22 17:59:29.566,0.84625,0.8464,1.00,6.00
2010.02.22 17:59:29.722,0.84615,0.8464,2.70,14.00
2010.02.22 17:59:30.148,0.84615,0.8464,2.70,10.00
2010.02.22 17:59:30.440,0.84615,0.84635,2.70,6.00
2010.02.22 17:59:30.730,0.84615,0.84635,2.70,10.00
2010.02.22 17:59:31.262,0.84615,0.84635,2.70,6.00
2010.02.22 17:59:33.566,0.84615,0.84635,2.70,5.20
2010.02.22 17:59:34.260,0.84615,0.84635,2.70,6.00
2010.02.22 17:59:34.482,0.8461,0.8463,1.00,2.50
2010.02.22 17:59:34.849,0.8461,0.8463,1.00,3.60
2010.02.22 17:59:35.200,0.8461,0.8463,1.00,5.20
2010.02.22 17:59:36.411,0.8461,0.8463,1.00,6.00
2010.02.22 17:59:37.112,0.8461,0.8463,2.70,5.20
2010.02.22 17:59:37.393,0.8461,0.8463,2.70,2.50
2010.02.22 17:59:38.045,0.84615,0.8463,2.50,1.10
2010.02.22 17:59:38.342,0.84615,0.8463,2.70,1.10
2010.02.22 17:59:40.887,0.8461,0.8463,1.00,6.00
2010.02.22 17:59:42.120,0.8461,0.8463,2.70,5.20
2010.02.22 17:59:45.576,0.8461,0.8463,2.70,2.50
2010.02.22 17:59:49.954,0.8462,0.84635,2.70,4.00
2010.02.22 17:59:50.122,0.8462,0.8464,2.70,5.20
2010.02.22 17:59:55.603,0.84625,0.84645,3.10,6.50
2010.02.22 17:59:55.960,0.8463,0.8465,2.70,1.60
2010.02.22 17:59:56.319,0.8463,0.84655,2.70,9.20
2010.02.22 17:59:57.083,0.84635,0.84655,2.50,6.70
2010.02.22 17:59:57.413,0.84635,0.84655,2.50,5.10
2010.02.22 17:59:59.114,0.8464,0.84655,2.50,4.00
2010.02.22 17:59:59.187,0.8464,0.8466,2.70,6.50
2010.02.22 17:59:59.255,0.8464,0.8466,2.70,2.50
2010.02.22 17:59:59.966,0.8464,0.8466,1.00,5.70
