2018.01.10 22:00:00.056,1.13888,1.13944,0.94,0.75
2018.01.10 22:00:00.108,1.1389,1.13944,0.19,0.75
2018.01.10 22:00:00.412,1.13929,1.13944,0.75,0.75
2018.01.10 22:00:01.100,1.13929,1.13949,0.75,0.75
2018.01.10 22:00:01.151,1.13926,1.13949,0.37,0.75
2018.01.10 22:00:01.202,1.13908,1.13949,0.37,0.75
2018.01.10 22:00:01.253,1.13905,1.13949,0.37,0.75
2018.01.10 22:00:01.304,1.13898,1.13949,0.75,0.75
2018.01.10 22:00:01.415,1.13907,1.13949,0.37,0.75
2018.01.10 22:00:01.517,1.13904,1.13949,0.37,0.75
2018.01.10 22:00:01.618,1.13899,1.13949,0.75,0.75
2018.01.10 22:00:02.304,1.13899,1.13948,0.75,0.75
2018.01.10 22:00:03.323,1.139,1.13948,0.75,0.75
2018.01.10 22:00:03.964,1.139,1.13949,0.75,0.75
2018.01.10 22:00:04.589,1.139,1.13954,0.75,0.75
2018.01.10 22:00:06.295,1.13891,1.13954,0.37,0.75
2018.01.10 22:00:06.346,1.13886,1.13948,0.37,0.75
2018.01.10 22:00:07.827,1.13886,1.13949,0.37,0.75
2018.01.10 22:00:07.929,1.13878,1.13943,0.37,0.75
2018.01.10 22:00:08.424,1.13903,1.13943,0.37,0.75
2018.01.10 22:00:09.426,1.13886,1.13943,0.75,0.75
2018.01.10 22:00:09.477,1.13884,1.13943,0.75,0.75
2018.01.10 22:00:13.298,1.13883,1.13943,0.37,0.75
2018.01.10 22:00:17.026,1.13883,1.13944,0.37,0.75
2018.01.10 22:00:25.795,1.13883,1.13944,0.37,0.75
2018.01.10 22:00:30.433,1.13883,1.13939,0.37,0.75
2018.01.10 22:00:30.564,1.13904,1.13939,0.37,0.75
2018.01.10 22:00:31.582,1.13879,1.13939,0.75,0.75
2018.01.10 22:00:40.852,1.13879,1.13939,0.75,0.75
2018.01.10 22:00:46.953,1.1388,1.13939,0.37,0.75
2018.01.10 22:01:02.111,1.1388,1.13939,0.37,0.75
2018.01.10 22:01:02.639,1.13879,1.13939,0.75,0.75
2018.01.10 22:01:05.235,1.13879,1.13938,0.75,0.75
2018.01.10 22:01:37.595,1.13879,1.13939,0.37,0.75
2018.01.10 22:01:42.166,1.1388,1.13939,0.37,0.75
2018.01.10 22:01:58.211,1.13876,1.13939,0.37,0.75
2018.01.10 22:01:58.734,1.13875,1.13938,0.75,0.75
2018.01.10 22:01:58.785,1.13883,1.13938,0.75,0.75
2018.01.10 22:02:09.520,1.13883,1.13939,0.75,0.75
2018.01.10 22:02:09.723,1.13875,1.13939,0.75,0.75
2018.01.10 22:02:16.403,1.13871,1.13956,0.75,0.75
2018.01.10 22:02:51.042,1.13835,1.13878,0.10,0.37
2018.01.10 22:02:57.252,1.13835,1.13878,0.10,0.37
2018.01.10 22:04:01.952,1.13835,1.13898,0.10,1.87
2018.01.10 22:04:02.612,1.13835,1.13894,0.10,1.00
2018.01.10 22:04:05.150,1.13835,1.13897,0.10,1.00
2018.01.10 22:04:06.904,1.13835,1.13897,0.10,1.12
2018.01.10 22:04:06.956,1.13835,1.13898,0.10,1.50
2018.01.10 22:04:07.570,1.13835,1.13898,0.10,1.00
2018.01.10 22:04:13.478,1.13835,1.13898,0.10,1.19
2018.01.10 22:04:31.891,1.13835,1.139,0.10,1.31
2018.01.10 22:04:39.856,1.13835,1.13901,0.10,1.31
2018.01.10 22:04:40.425,1.13835,1.13901,0.10,1.31
2018.01.10 22:04:54.905,1.13835,1.139,0.10,1.31
2018.01.10 22:05:09.914,1.13835,1.13901,0.10,1.31
2018.01.10 22:05:24.933,1.13835,1.13898,0.10,1.31
2018.01.10 22:05:39.884,1.13835,1.13899,0.10,1.69
2018.01.10 22:05:45.334,1.13835,1.13903,0.10,1.94
2018.01.10 22:05:59.096,1.13835,1.13881,0.10,1.00
2018.01.10 22:05:59.197,1.13835,1.13891,0.10,1.69
2018.01.10 22:06:00.349,1.13835,1.13894,0.10,1.00
2018.01.10 22:06:01.485,1.13835,1.13897,0.10,1.69
2018.01.10 22:06:10.545,1.13835,1.13897,0.10,1.12
2018.01.10 22:06:10.597,1.13835,1.13897,0.10,1.12
2018.01.10 22:06:12.589,1.13835,1.13898,0.10,2.62
2018.01.10 22:06:12.640,1.13835,1.13896,0.10,1.00
2018.01.10 22:06:14.826,1.13835,1.13894,0.10,1.00
2018.01.10 22:06:29.159,1.13835,1.13895,0.10,2.06
2018.01.10 22:06:29.743,1.13835,1.13895,0.10,2.06
2018.01.10 22:06:30.612,1.13835,1.13882,0.10,1.00
2018.01.10 22:06:31.393,1.13835,1.13883,0.10,1.00
2018.01.10 22:06:34.103,1.13835,1.13887,0.10,1.00
2018.01.10 22:06:36.270,1.13835,1.13888,0.10,1.00
2018.01.10 22:06:37.347,1.13835,1.13881,0.10,1.00
2018.01.10 22:06:41.728,1.13835,1.13891,0.10,1.00
2018.01.10 22:06:41.783,1.13835,1.13882,0.10,1.00
2018.01.10 22:06:44.135,1.13835,1.13886,0.10,1.00
2018.01.10 22:06:46.304,1.13835,1.13889,0.10,1.00
2018.01.10 22:06:52.198,1.13835,1.13879,0.10,1.69
2018.01.10 22:06:56.601,1.13835,1.13879,0.10,1.50
2018.01.10 22:06:57.527,1.13835,1.13877,0.10,2.25
2018.01.10 22:06:59.852,1.13835,1.13883,0.10,1.69
2018.01.10 22:07:01.084,1.13835,1.13883,0.10,1.69
2018.01.10 22:07:05.862,1.13835,1.13883,0.10,1.69
2018.01.10 22:07:06.449,1.13835,1.13883,0.10,1.69
2018.01.10 22:07:06.901,1.13835,1.13883,0.10,1.69
2018.01.10 22:07:08.685,1.13835,1.13884,0.10,1.94
2018.01.10 22:07:10.019,1.13835,1.13884,0.10,1.94
2018.01.10 22:07:10.556,1.13835,1.13884,0.10,1.94
2018.01.10 22:07:11.126,1.13835,1.13875,0.10,1.19
2018.01.10 22:07:11.733,1.13835,1.13868,0.10,1.94
2018.01.10 22:07:12.140,1.13835,1.13868,0.10,1.94
2018.01.10 22:07:14.042,1.13835,1.13868,0.10,1.94
2018.01.10 22:07:14.715,1.13835,1.13868,0.10,1.94
2018.01.10 22:07:15.858,1.13835,1.13873,0.10,1.94
2018.01.10 22:07:22.165,1.13835,1.13875,0.10,1.31
2018.01.10 22:07:24.568,1.13835,1.13875,0.10,1.12
2018.01.10 22:07:24.783,1.13835,1.13875,0.10,1.31
2018.01.10 22:07:26.542,1.13835,1.13873,0.10,1.19
2018.01.10 22:07:27.725,1.13835,1.13873,0.10,1.19
2018.01.10 22:07:28.398,1.13835,1.13884,0.10,1.94
2018.01.10 22:07:29.852,1.13835,1.13893,0.10,1.00
2018.01.10 22:07:30.030,1.13835,1.13898,0.10,1.12
2018.01.10 22:07:34.593,1.13835,1.13895,0.10,1.00
2018.01.10 22:07:34.832,1.13835,1.13897,0.10,1.00
2018.01.10 22:07:35.389,1.13854,1.13891,1.00,1.45
2018.01.10 22:07:44.589,1.13856,1.13891,1.00,1.45
2018.01.10 22:07:45.667,1.13863,1.13892,1.00,1.45
2018.01.10 22:07:50.154,1.13863,1.13902,1.00,1.45
2018.01.10 22:07:50.206,1.13869,1.13902,1.00,1.45
2018.01.10 22:07:58.595,1.13869,1.13905,1.00,1.45
2018.01.10 22:08:04.420,1.1387,1.13905,1.00,1.45
2018.01.10 22:08:07.530,1.13872,1.13905,1.00,1.45
2018.01.10 22:08:15.076,1.1385,1.13905,1.07,1.45
2018.01.10 22:08:15.601,1.13859,1.13905,1.00,1.45
2018.01.10 22:08:16.603,1.1386,1.13905,1.00,1.45
2018.01.10 22:08:29.206,1.13862,1.13905,1.00,1.45
2018.01.10 22:08:29.948,1.13863,1.13905,1.00,1.45
2018.01.10 22:08:31.561,1.13861,1.13905,1.00,1.45
2018.01.10 22:08:39.077,1.13863,1.13905,1.00,1.45
2018.01.10 22:08:40.625,1.13868,1.13902,1.00,1.45
2018.01.10 22:08:43.426,1.13867,1.13902,1.00,1.45
2018.01.10 22:08:47.720,1.13849,1.13902,1.45,1.45
2018.01.10 22:08:53.183,1.13858,1.13902,1.00,1.45
2018.01.10 22:08:57.424,1.13859,1.13902,1.00,1.45
2018.01.10 22:09:01.015,1.13863,1.13902,1.00,1.45
2018.01.10 22:09:07.427,1.13864,1.13902,1.00,1.45
2018.01.10 22:09:15.424,1.13863,1.13902,1.00,1.45
2018.01.10 22:09:18.287,1.1386,1.13902,1.00,1.45
2018.01.10 22:09:18.870,1.13861,1.13902,1.00,1.45
2018.01.10 22:09:40.643,1.13861,1.13913,1.00,1.00
2018.01.10 22:09:42.959,1.13861,1.13919,1.00,1.19
2018.01.10 22:09:44.452,1.13861,1.13915,1.00,1.00
2018.01.10 22:09:44.988,1.1386,1.13915,1.00,1.00
2018.01.10 22:09:45.550,1.1386,1.13917,1.00,1.25
2018.01.10 22:09:53.378,1.13857,1.13891,1.00,1.45
2018.01.10 22:09:54.879,1.13858,1.13891,1.00,1.45
2018.01.10 22:09:54.981,1.13855,1.13891,1.00,1.45
2018.01.10 22:09:56.446,1.13867,1.13926,0.75,1.00
2018.01.10 22:09:56.498,1.13867,1.13928,0.75,1.00
2018.01.10 22:09:58.131,1.13875,1.13929,1.00,1.00
2018.01.10 22:09:59.127,1.13875,1.13928,1.00,1.00
2018.01.10 22:09:59.435,1.13881,1.13929,1.00,1.00
2018.01.10 22:10:01.178,1.13885,1.13929,1.00,1.00
2018.01.10 22:10:02.301,1.13888,1.13929,1.00,1.00
2018.01.10 22:10:05.649,1.13888,1.13934,1.00,1.00
2018.01.10 22:10:07.540,1.13887,1.13934,1.00,1.00
2018.01.10 22:10:08.185,1.13887,1.13938,1.00,1.00
2018.01.10 22:10:09.359,1.13891,1.13938,0.75,1.00
2018.01.10 22:10:10.457,1.13893,1.13938,0.75,1.00
2018.01.10 22:10:16.660,1.13904,1.13938,0.75,1.00
2018.01.10 22:10:19.087,1.1387,1.13938,1.00,1.00
2018.01.10 22:10:19.338,1.1388,1.13938,1.00,1.00
2018.01.10 22:10:19.586,1.13868,1.13938,1.00,1.00
2018.01.10 22:10:19.846,1.13878,1.13938,1.00,1.00
2018.01.10 22:10:20.000,1.13868,1.13938,1.00,1.00
2018.01.10 22:10:20.240,1.13879,1.13938,1.00,1.00
2018.01.10 22:10:20.474,1.13871,1.13938,1.00,1.00
2018.01.10 22:10:20.738,1.1388,1.13938,1.00,1.00
2018.01.10 22:10:20.987,1.13869,1.13938,1.00,1.00
2018.01.10 22:10:21.237,1.1388,1.13938,1.00,1.00
2018.01.10 22:10:21.587,1.13885,1.13938,1.00,1.00
2018.01.10 22:10:22.105,1.13897,1.13938,0.75,1.00
2018.01.10 22:10:22.389,1.13884,1.13938,1.00,1.00
2018.01.10 22:10:22.606,1.13898,1.13938,0.75,1.00
2018.01.10 22:10:22.768,1.13869,1.13938,1.00,1.00
2018.01.10 22:10:22.878,1.13886,1.13938,1.00,1.00
2018.01.10 22:10:23.235,1.13895,1.13938,0.75,1.00
2018.01.10 22:10:23.288,1.13868,1.13938,1.00,1.00
2018.01.10 22:10:23.391,1.13886,1.13938,1.00,1.00
2018.01.10 22:10:23.653,1.13868,1.13938,1.00,1.00
2018.01.10 22:10:23.937,1.13895,1.13938,0.75,1.00
2018.01.10 22:10:24.087,1.13869,1.13938,1.00,1.00
2018.01.10 22:10:24.313,1.13878,1.13938,1.00,1.00
2018.01.10 22:10:24.630,1.13908,1.13938,0.75,1.00
2018.01.10 22:10:24.784,1.13881,1.13938,1.00,1.00
2018.01.10 22:10:24.892,1.13899,1.13938,1.00,1.00
2018.01.10 22:10:25.187,1.13881,1.13938,1.00,1.00
2018.01.10 22:10:25.409,1.13908,1.13938,0.75,1.00
2018.01.10 22:10:25.688,1.13881,1.13938,1.00,1.00
2018.01.10 22:10:25.884,1.13898,1.13938,1.00,1.00
2018.01.10 22:10:26.069,1.13881,1.13938,1.00,1.00
2018.01.10 22:10:26.339,1.13891,1.13938,1.00,1.00
2018.01.10 22:10:26.493,1.13881,1.13933,1.00,1.00
2018.01.10 22:10:26.721,1.13888,1.13934,1.00,1.00
2018.01.10 22:10:26.979,1.13877,1.13934,1.00,1.00
2018.01.10 22:10:27.238,1.13888,1.13934,1.00,1.00
2018.01.10 22:10:27.587,1.13893,1.13934,1.00,1.00
2018.01.10 22:10:27.794,1.13878,1.13934,1.00,1.00
2018.01.10 22:10:27.897,1.13894,1.13934,1.00,1.00
2018.01.10 22:10:28.236,1.13905,1.13934,0.75,1.00
2018.01.10 22:10:28.288,1.13877,1.13934,1.00,1.00
2018.01.10 22:10:28.417,1.13895,1.13934,1.00,1.00
2018.01.10 22:10:28.744,1.13924,1.13939,0.75,1.00
2018.01.10 22:10:28.795,1.13895,1.13939,1.12,1.00
2018.01.10 22:10:28.955,1.13912,1.13939,1.00,1.00
2018.01.10 22:10:29.058,1.13907,1.13939,1.00,1.00
2018.01.10 22:10:29.261,1.13895,1.13939,1.12,1.00
2018.01.10 22:10:29.410,1.13911,1.13939,1.00,1.00
2018.01.10 22:10:29.693,1.13895,1.13939,1.12,1.00
2018.01.10 22:10:29.943,1.13925,1.13939,0.75,1.00
2018.01.10 22:10:30.172,1.13894,1.13939,1.37,1.00
2018.01.10 22:10:30.400,1.13921,1.13939,0.75,1.00
2018.01.10 22:10:30.687,1.13894,1.13939,1.87,1.00
2018.01.10 22:10:30.944,1.13924,1.13939,0.75,1.00
2018.01.10 22:10:31.061,1.13924,1.13944,1.00,1.00
2018.01.10 22:10:31.250,1.13909,1.13944,1.95,1.00
2018.01.10 22:10:31.443,1.1393,1.13944,1.00,1.00
2018.01.10 22:10:31.644,1.1391,1.13944,1.07,1.00
2018.01.10 22:10:31.936,1.1393,1.13944,1.00,1.00
2018.01.10 22:10:32.049,1.1391,1.13944,1.57,1.00
2018.01.10 22:10:32.442,1.13921,1.13944,1.00,1.00
2018.01.10 22:10:32.494,1.13905,1.13944,1.57,1.00
2018.01.10 22:10:32.712,1.13905,1.13944,1.57,1.00
2018.01.10 22:10:32.872,1.13905,1.13944,2.32,1.00
2018.01.10 22:10:33.138,1.13921,1.13944,1.00,1.00
2018.01.10 22:10:33.292,1.13916,1.13944,1.00,1.00
2018.01.10 22:10:33.343,1.13905,1.13944,2.32,1.00
2018.01.10 22:10:33.903,1.13906,1.13944,1.45,1.00
2018.01.10 22:10:34.038,1.13917,1.13944,1.00,1.00
2018.01.10 22:10:34.286,1.13905,1.13944,2.32,1.00
2018.01.10 22:10:34.491,1.13905,1.13944,2.32,1.00
2018.01.10 22:10:35.136,1.13913,1.13944,1.10,1.00
2018.01.10 22:10:35.892,1.13906,1.13944,1.45,1.00
2018.01.10 22:10:36.470,1.13916,1.13944,1.00,1.00
2018.01.10 22:10:36.583,1.1391,1.13944,1.07,1.00
2018.01.10 22:10:37.039,1.13906,1.13944,1.00,1.00
2018.01.10 22:10:37.628,1.13905,1.13944,1.31,1.00
2018.01.10 22:10:37.679,1.13907,1.13944,1.00,1.00
2018.01.10 22:10:38.393,1.13906,1.13944,1.00,1.00
2018.01.10 22:10:38.990,1.13902,1.13939,1.75,1.00
2018.01.10 22:10:39.042,1.13891,1.13939,1.75,1.00
2018.01.10 22:10:39.093,1.13891,1.13939,1.00,1.00
2018.01.10 22:10:40.096,1.13888,1.13939,1.00,1.00
2018.01.10 22:10:40.198,1.13885,1.13939,1.00,1.00
2018.01.10 22:10:41.067,1.13884,1.13939,1.00,1.00
2018.01.10 22:10:41.338,1.13886,1.13939,1.00,1.00
2018.01.10 22:10:42.097,1.13884,1.13939,1.00,1.00
2018.01.10 22:10:42.488,1.13886,1.13939,1.00,1.00
2018.01.10 22:10:43.023,1.13885,1.13939,1.50,1.00
2018.01.10 22:10:43.178,1.13883,1.13939,1.25,1.00
2018.01.10 22:10:43.691,1.13884,1.13939,1.00,1.00
2018.01.10 22:10:43.743,1.13886,1.13939,1.00,1.00
2018.01.10 22:10:43.846,1.13883,1.13939,1.00,1.00
2018.01.10 22:10:44.271,1.13885,1.13939,1.00,1.00
2018.01.10 22:10:44.322,1.13883,1.13939,1.25,1.00
2018.01.10 22:10:45.040,1.13886,1.13939,1.00,1.00
2018.01.10 22:10:45.335,1.13884,1.13939,1.00,1.00
2018.01.10 22:10:45.851,1.13883,1.13939,1.25,1.00
2018.01.10 22:10:46.087,1.13885,1.13939,1.00,1.00
2018.01.10 22:10:46.190,1.13883,1.13939,1.25,1.00
2018.01.10 22:10:47.318,1.13884,1.13939,1.00,1.00
2018.01.10 22:10:47.848,1.13883,1.13939,1.25,1.00
2018.01.10 22:10:48.089,1.13886,1.13939,1.00,1.00
2018.01.10 22:10:48.247,1.13883,1.13939,1.00,1.00
2018.01.10 22:10:48.453,1.13886,1.13939,1.00,1.00
2018.01.10 22:10:48.709,1.13883,1.13939,1.25,1.00
2018.01.10 22:10:49.723,1.13884,1.13939,1.00,1.00
2018.01.10 22:10:50.240,1.13883,1.13939,1.25,1.00
2018.01.10 22:10:50.761,1.13884,1.13939,1.00,1.00
2018.01.10 22:10:51.296,1.13883,1.13939,1.25,1.00
2018.01.10 22:10:54.105,1.13883,1.13939,1.26,1.00
2018.01.10 22:10:54.545,1.13887,1.13939,1.07,1.00
2018.01.10 22:10:54.750,1.13883,1.13939,1.07,1.00
2018.01.10 22:10:55.292,1.13884,1.13939,1.07,1.00
2018.01.10 22:10:55.440,1.13884,1.13939,1.07,1.00
2018.01.10 22:10:55.961,1.13883,1.13939,1.32,1.00
2018.01.10 22:10:56.440,1.13883,1.13939,1.20,1.00
2018.01.10 22:10:56.994,1.13884,1.13939,1.07,1.00
2018.01.10 22:10:57.550,1.13884,1.13939,1.07,1.00
2018.01.10 22:10:57.669,1.13884,1.13939,1.07,1.00
2018.01.10 22:10:57.840,1.13883,1.13939,1.20,1.00
2018.01.10 22:10:57.993,1.13884,1.13939,1.07,1.00
2018.01.10 22:10:58.612,1.13885,1.13939,1.07,1.00
2018.01.10 22:10:59.147,1.13883,1.13939,1.07,1.00
2018.01.10 22:10:59.301,1.13883,1.13939,1.20,1.00
2018.01.10 22:10:59.557,1.13884,1.13939,1.07,1.00
2018.01.10 22:10:59.660,1.13884,1.13939,1.07,1.00
2018.01.10 22:11:00.233,1.13883,1.13939,1.45,1.00
2018.01.10 22:11:00.573,1.13884,1.13939,1.45,1.00
2018.01.10 22:11:00.855,1.13884,1.13939,1.20,1.00
2018.01.10 22:11:01.610,1.13884,1.13939,1.45,1.00
2018.01.10 22:11:02.122,1.13884,1.13939,1.07,1.00
2018.01.10 22:11:02.297,1.13884,1.13939,1.45,1.00
2018.01.10 22:11:02.400,1.13883,1.13939,1.39,1.00
2018.01.10 22:11:02.948,1.13883,1.13939,1.45,1.00
2018.01.10 22:11:03.484,1.13883,1.13939,1.45,1.00
2018.01.10 22:11:03.543,1.13883,1.13939,1.45,1.00
2018.01.10 22:11:04.057,1.13883,1.13939,1.70,1.00
2018.01.10 22:11:04.211,1.13884,1.13939,1.07,1.00
2018.01.10 22:11:04.446,1.13884,1.13939,1.07,1.00
2018.01.10 22:11:04.964,1.13883,1.13939,1.39,1.00
2018.01.10 22:11:05.443,1.13883,1.13939,1.70,1.00
2018.01.10 22:11:05.545,1.13884,1.13939,1.20,1.00
2018.01.10 22:11:05.732,1.13885,1.13939,1.07,1.00
2018.01.10 22:11:05.897,1.13883,1.13939,1.07,1.00
2018.01.10 22:11:06.511,1.13884,1.13939,1.07,1.00
2018.01.10 22:11:06.614,1.13883,1.13939,1.07,1.00
2018.01.10 22:11:06.896,1.13883,1.13939,1.20,1.00
2018.01.10 22:11:07.357,1.13883,1.13939,1.45,1.00
2018.01.10 22:11:07.511,1.13883,1.13939,1.45,1.00
2018.01.10 22:11:07.718,1.13883,1.13939,1.45,1.00
2018.01.10 22:11:07.770,1.13883,1.13939,1.45,1.00
2018.01.10 22:11:08.094,1.13883,1.13939,1.20,1.00
2018.01.10 22:11:08.311,1.13883,1.13939,1.45,1.00
2018.01.10 22:11:09.006,1.13879,1.13939,1.45,1.00
2018.01.10 22:11:09.523,1.13885,1.13939,1.20,1.00
2018.01.10 22:11:09.625,1.13885,1.13939,1.07,1.00
2018.01.10 22:11:09.853,1.13885,1.13939,1.20,1.00
2018.01.10 22:11:10.145,1.13884,1.13939,1.07,1.00
2018.01.10 22:11:10.248,1.13881,1.13939,1.20,1.00
2018.01.10 22:11:10.802,1.13884,1.13939,1.20,1.00
2018.01.10 22:11:11.345,1.13884,1.13939,1.45,1.00
2018.01.10 22:11:11.499,1.13884,1.13943,1.07,1.00
2018.01.10 22:11:11.551,1.13884,1.13938,1.07,1.00
2018.01.10 22:11:12.142,1.13883,1.13938,1.20,1.00
2018.01.10 22:11:12.644,1.13884,1.13938,1.07,1.00
2018.01.10 22:11:12.964,1.13884,1.13938,1.07,1.00
2018.01.10 22:11:13.067,1.13883,1.13938,1.07,1.00
2018.01.10 22:11:13.694,1.13883,1.13938,1.07,1.00
2018.01.10 22:11:14.043,1.13883,1.13938,1.20,1.00
2018.01.10 22:11:14.096,1.13886,1.13938,1.07,1.00
2018.01.10 22:11:14.320,1.13883,1.13938,1.07,1.00
2018.01.10 22:11:14.844,1.13884,1.13938,1.20,1.00
2018.01.10 22:11:15.408,1.13884,1.13938,1.07,1.00
2018.01.10 22:11:15.929,1.13884,1.13938,1.07,1.00
2018.01.10 22:11:16.309,1.13884,1.13938,1.20,1.00
2018.01.10 22:11:16.413,1.13884,1.13938,1.07,1.00
2018.01.10 22:11:16.544,1.13884,1.13938,1.07,1.00
2018.01.10 22:11:16.890,1.13884,1.13938,1.07,1.00
2018.01.10 22:11:17.044,1.13883,1.13938,1.20,1.00
2018.01.10 22:11:17.399,1.13884,1.13938,1.07,1.00
2018.01.10 22:11:19.291,1.13884,1.13938,1.07,1.00
2018.01.10 22:11:19.842,1.13884,1.13938,1.07,1.00
2018.01.10 22:11:20.570,1.13884,1.13938,1.07,1.00
2018.01.10 22:11:23.294,1.13884,1.13938,1.07,1.00
2018.01.10 22:11:23.600,1.13884,1.13938,1.07,1.00
2018.01.10 22:11:23.703,1.13884,1.13938,1.07,1.00
2018.01.10 22:11:25.539,1.13884,1.13938,1.07,1.00
2018.01.10 22:11:26.086,1.13884,1.13938,1.07,1.00
2018.01.10 22:11:26.693,1.13884,1.13938,1.07,1.00
2018.01.10 22:11:27.937,1.13884,1.13938,1.07,1.00
2018.01.10 22:11:28.635,1.13884,1.13938,1.07,1.00
2018.01.10 22:11:29.142,1.13884,1.13938,1.07,1.00
2018.01.10 22:11:29.244,1.13883,1.13938,1.07,1.00
2018.01.10 22:11:31.637,1.13883,1.13938,1.07,1.00
2018.01.10 22:11:31.990,1.13883,1.13938,1.20,1.00
2018.01.10 22:11:32.580,1.13883,1.13938,1.20,1.00
2018.01.10 22:11:32.904,1.13883,1.13938,1.45,1.00
2018.01.10 22:11:32.955,1.13883,1.13938,1.07,1.00
2018.01.10 22:11:33.363,1.13884,1.13938,1.20,1.00
2018.01.10 22:11:33.983,1.13884,1.13938,1.07,1.00
2018.01.10 22:11:34.900,1.13888,1.13938,1.07,1.00
2018.01.10 22:11:35.235,1.13892,1.13938,1.00,1.00
2018.01.10 22:11:36.143,1.13891,1.13938,1.00,1.00
2018.01.10 22:11:38.090,1.1389,1.13938,1.00,1.00
2018.01.10 22:11:38.474,1.13892,1.13938,1.00,1.00
2018.01.10 22:11:39.487,1.1389,1.13938,1.00,1.00
2018.01.10 22:11:39.845,1.13884,1.13938,1.07,1.00
2018.01.10 22:11:39.898,1.13884,1.13938,1.07,1.00
2018.01.10 22:11:39.950,1.13884,1.13938,1.10,1.00
2018.01.10 22:11:40.694,1.13886,1.13938,1.07,1.00
2018.01.10 22:11:40.849,1.13885,1.13938,1.00,1.00
2018.01.10 22:11:41.394,1.13884,1.13938,1.10,1.00
2018.01.10 22:11:41.889,1.13894,1.13938,1.00,1.00
2018.01.10 22:11:42.197,1.13894,1.13934,1.00,1.00
2018.01.10 22:11:46.285,1.13893,1.13934,1.00,1.00
2018.01.10 22:11:47.439,1.13895,1.13934,1.00,1.00
2018.01.10 22:11:48.158,1.13894,1.13934,1.00,1.00
2018.01.10 22:11:49.487,1.13893,1.13934,1.00,1.00
2018.01.10 22:11:50.607,1.13895,1.13934,1.00,1.00
2018.01.10 22:11:51.238,1.13891,1.13934,1.00,1.00
2018.01.10 22:11:51.290,1.13887,1.13934,1.00,1.00
2018.01.10 22:11:51.541,1.13891,1.13934,1.00,1.00
2018.01.10 22:11:51.787,1.13888,1.13934,1.00,1.00
2018.01.10 22:11:51.991,1.13891,1.13934,1.00,1.00
2018.01.10 22:11:53.147,1.13889,1.13934,1.00,1.00
2018.01.10 22:11:54.292,1.1389,1.13934,1.00,1.00
2018.01.10 22:11:54.488,1.13888,1.13934,1.00,1.00
2018.01.10 22:11:54.737,1.1389,1.13934,1.00,1.00
2018.01.10 22:11:54.954,1.13888,1.13934,1.00,1.00
2018.01.10 22:11:55.236,1.1389,1.13934,1.00,1.00
2018.01.10 22:11:55.388,1.13888,1.13934,1.00,1.00
2018.01.10 22:11:55.616,1.1389,1.13934,1.00,1.00
2018.01.10 22:11:56.273,1.13889,1.13934,1.00,1.00
2018.01.10 22:11:56.934,1.1389,1.13934,1.00,1.00
2018.01.10 22:12:00.042,1.13891,1.13934,1.00,1.00
2018.01.10 22:12:00.247,1.13888,1.13934,1.00,1.00
2018.01.10 22:12:00.614,1.1389,1.13934,1.00,1.00
2018.01.10 22:12:02.086,1.13889,1.13934,1.00,1.00
2018.01.10 22:12:02.905,1.13889,1.13933,1.00,1.00
2018.01.10 22:12:03.711,1.13889,1.13934,1.00,1.00
2018.01.10 22:12:04.246,1.1389,1.13934,1.00,1.00
2018.01.10 22:12:04.736,1.13888,1.13934,1.00,1.00
2018.01.10 22:12:04.954,1.1389,1.13934,1.00,1.00
2018.01.10 22:12:05.439,1.13888,1.13934,1.00,1.00
2018.01.10 22:12:06.611,1.13889,1.13934,1.00,1.00
2018.01.10 22:12:07.325,1.13893,1.13934,1.00,1.00
2018.01.10 22:12:07.635,1.13904,1.13939,1.07,1.00
2018.01.10 22:12:09.885,1.13903,1.13939,1.07,1.00
2018.01.10 22:12:10.238,1.13904,1.13939,1.07,1.00
2018.01.10 22:12:10.341,1.13904,1.13939,1.07,1.00
2018.01.10 22:12:10.885,1.13902,1.13939,1.07,1.00
2018.01.10 22:12:14.940,1.13903,1.13939,1.07,1.00
2018.01.10 22:12:15.647,1.13903,1.13939,1.07,1.00
2018.01.10 22:12:17.690,1.13902,1.13939,1.07,1.00
2018.01.10 22:12:18.991,1.13903,1.13939,1.07,1.00
2018.01.10 22:12:21.786,1.13898,1.13939,1.20,1.00
2018.01.10 22:12:22.991,1.13902,1.13939,1.07,1.00
2018.01.10 22:12:25.490,1.13902,1.13939,1.07,1.00
2018.01.10 22:12:26.488,1.139,1.13939,1.07,1.00
2018.01.10 22:12:26.593,1.13901,1.13934,1.07,1.00
2018.01.10 22:12:27.143,1.13901,1.13934,1.10,1.00
2018.01.10 22:12:27.737,1.13903,1.13934,1.00,1.00
2018.01.10 22:12:27.992,1.13901,1.13934,1.10,1.00
2018.01.10 22:12:28.643,1.13902,1.13934,1.00,1.00
2018.01.10 22:12:29.188,1.13903,1.13934,1.00,1.00
2018.01.10 22:12:29.345,1.139,1.13934,1.07,1.00
2018.01.10 22:12:29.991,1.139,1.13934,1.10,1.00
2018.01.10 22:12:30.043,1.13902,1.13934,1.00,1.00
2018.01.10 22:12:30.268,1.13899,1.13934,1.07,1.00
2018.01.10 22:12:30.524,1.13903,1.13934,1.00,1.00
2018.01.10 22:12:30.686,1.13899,1.13934,1.07,1.00
2018.01.10 22:12:31.197,1.13899,1.13934,1.10,1.00
2018.01.10 22:12:31.300,1.13901,1.13934,1.10,1.00
2018.01.10 22:12:32.868,1.13899,1.13934,1.00,1.00
2018.01.10 22:12:33.138,1.13901,1.13934,1.00,1.00
2018.01.10 22:12:33.639,1.13902,1.13934,1.00,1.00
2018.01.10 22:12:34.292,1.13899,1.13934,1.00,1.00
2018.01.10 22:12:34.587,1.13903,1.13934,1.00,1.00
2018.01.10 22:12:34.794,1.13901,1.13934,1.00,1.00
2018.01.10 22:12:35.390,1.139,1.13934,1.00,1.00
2018.01.10 22:12:35.442,1.13902,1.13934,1.00,1.00
2018.01.10 22:12:36.092,1.13899,1.13934,1.07,1.00
2018.01.10 22:12:36.195,1.13899,1.13934,1.10,1.00
2018.01.10 22:12:36.344,1.13902,1.13934,1.00,1.00
2018.01.10 22:12:36.987,1.139,1.13934,1.10,1.00
2018.01.10 22:12:37.287,1.13903,1.13934,1.00,1.00
2018.01.10 22:12:37.491,1.13901,1.13934,1.00,1.00
2018.01.10 22:12:38.238,1.13902,1.13934,1.00,1.00
2018.01.10 22:12:38.442,1.139,1.13934,1.00,1.00
2018.01.10 22:12:38.638,1.13902,1.13934,1.00,1.00
2018.01.10 22:12:38.896,1.13899,1.13934,1.10,1.00
2018.01.10 22:12:38.999,1.13901,1.13934,1.10,1.00
2018.01.10 22:12:39.289,1.13899,1.13934,1.10,1.00
2018.01.10 22:12:39.436,1.13902,1.13934,1.00,1.00
2018.01.10 22:12:39.787,1.139,1.13934,1.10,1.00
2018.01.10 22:12:40.334,1.13901,1.13934,1.00,1.00
2018.01.10 22:12:41.089,1.13899,1.13934,1.00,1.00
2018.01.10 22:12:41.336,1.13903,1.13934,1.00,1.00
2018.01.10 22:12:41.490,1.139,1.13934,1.00,1.00
2018.01.10 22:12:41.739,1.13902,1.13934,1.00,1.00
2018.01.10 22:12:42.290,1.13901,1.13934,1.00,1.00
2018.01.10 22:12:42.694,1.13903,1.13934,1.00,1.00
2018.01.10 22:12:43.200,1.13902,1.13934,1.00,1.00
2018.01.10 22:12:43.357,1.13899,1.13934,1.00,1.00
2018.01.10 22:12:43.638,1.13902,1.13934,1.00,1.00
2018.01.10 22:12:43.791,1.139,1.13934,1.00,1.00
2018.01.10 22:12:43.894,1.13902,1.13934,1.00,1.00
2018.01.10 22:12:44.152,1.13903,1.13944,1.00,1.00
2018.01.10 22:12:44.204,1.13903,1.13947,1.00,1.00
2018.01.10 22:12:44.459,1.13894,1.13947,1.69,1.00
2018.01.10 22:12:44.511,1.13901,1.13946,1.00,1.00
2018.01.10 22:12:45.110,1.13902,1.13947,1.00,1.00
2018.01.10 22:12:45.162,1.139,1.13947,1.00,1.00
2018.01.10 22:12:45.419,1.13903,1.13947,1.00,1.00
2018.01.10 22:12:45.726,1.13902,1.13945,1.00,1.00
2018.01.10 22:12:46.069,1.139,1.13945,1.00,1.00
2018.01.10 22:12:46.218,1.13894,1.13945,1.00,1.00
2018.01.10 22:12:46.339,1.13898,1.13947,1.00,1.00
2018.01.10 22:12:46.469,1.13895,1.13947,1.00,1.00
2018.01.10 22:12:46.739,1.13898,1.13946,1.00,1.00
2018.01.10 22:12:46.960,1.13894,1.13946,1.00,1.00
2018.01.10 22:12:47.016,1.13894,1.13944,1.00,1.00
2018.01.10 22:12:47.426,1.13903,1.13944,1.50,1.00
2018.01.10 22:12:48.517,1.13904,1.13944,1.00,1.00
2018.01.10 22:12:49.037,1.13903,1.13944,1.00,1.00
2018.01.10 22:12:49.540,1.13904,1.13944,1.50,1.00
2018.01.10 22:12:50.087,1.13903,1.13944,1.00,1.00
2018.01.10 22:12:50.675,1.13902,1.13944,1.00,1.00
2018.01.10 22:12:51.036,1.13904,1.13944,1.00,1.00
2018.01.10 22:12:51.088,1.13902,1.13944,1.00,1.00
2018.01.10 22:12:51.339,1.13904,1.13944,1.00,1.00
2018.01.10 22:12:51.569,1.13899,1.13944,1.69,1.00
2018.01.10 22:12:51.848,1.13894,1.13944,1.69,1.00
2018.01.10 22:12:52.104,1.13892,1.13944,1.00,1.50
2018.01.10 22:12:52.338,1.13895,1.13944,1.00,1.00
2018.01.10 22:12:52.543,1.13891,1.13944,1.19,1.00
2018.01.10 22:12:52.595,1.13891,1.13944,1.00,1.00
2018.01.10 22:12:52.800,1.13895,1.13944,1.00,1.00
2018.01.10 22:12:52.957,1.13892,1.13943,1.50,1.00
2018.01.10 22:12:53.210,1.13894,1.13944,1.00,1.00
2018.01.10 22:12:53.534,1.13887,1.13943,1.19,1.50
2018.01.10 22:12:53.586,1.13887,1.13943,1.00,1.50
2018.01.10 22:12:54.335,1.13886,1.13943,1.00,1.25
2018.01.10 22:12:54.387,1.13886,1.13941,1.00,1.00
2018.01.10 22:12:54.991,1.13886,1.13943,1.00,1.69
2018.01.10 22:12:55.337,1.13887,1.1394,1.00,1.00
2018.01.10 22:12:55.493,1.13887,1.13943,1.00,1.69
2018.01.10 22:12:56.146,1.13887,1.13939,1.00,1.00
2018.01.10 22:12:56.440,1.13887,1.13943,1.00,1.00
2018.01.10 22:12:56.686,1.13887,1.1394,1.00,1.00
2018.01.10 22:12:56.924,1.13887,1.13943,1.00,1.69
2018.01.10 22:12:57.078,1.13887,1.1394,1.00,1.00
2018.01.10 22:12:57.313,1.13887,1.13943,1.00,1.69
2018.01.10 22:12:57.570,1.13887,1.1394,1.00,1.00
2018.01.10 22:12:57.797,1.13886,1.13943,1.00,1.19
2018.01.10 22:12:57.951,1.13886,1.1394,1.00,1.25
2018.01.10 22:12:58.272,1.13886,1.13943,1.00,1.00
2018.01.10 22:12:58.458,1.13887,1.13939,1.00,1.00
2018.01.10 22:12:58.684,1.13887,1.13942,1.00,1.19
2018.01.10 22:12:59.208,1.13886,1.13943,1.00,1.69
2018.01.10 22:12:59.259,1.13887,1.13943,1.00,1.00
2018.01.10 22:12:59.362,1.13886,1.13941,1.00,1.00
2018.01.10 22:12:59.886,1.13886,1.1394,1.00,1.00
2018.01.10 22:13:00.172,1.13887,1.13943,1.00,1.00
2018.01.10 22:13:00.275,1.13887,1.13939,1.00,1.00
2018.01.10 22:13:00.503,1.13887,1.13942,1.00,1.19
2018.01.10 22:13:01.234,1.13886,1.13943,1.00,1.19
2018.01.10 22:13:01.287,1.13887,1.13939,1.00,1.00
2018.01.10 22:13:01.567,1.13887,1.13942,1.00,1.19
2018.01.10 22:13:01.686,1.13887,1.13939,1.00,1.00
2018.01.10 22:13:01.898,1.13887,1.13942,1.00,1.19
2018.01.10 22:13:02.440,1.13886,1.13943,1.00,1.69
2018.01.10 22:13:02.542,1.13886,1.13939,1.00,1.00
2018.01.10 22:13:02.838,1.13886,1.13943,1.00,1.00
2018.01.10 22:13:02.940,1.13887,1.13939,1.00,1.00
2018.01.10 22:13:03.272,1.13887,1.13943,1.00,1.00
2018.01.10 22:13:03.375,1.13887,1.13939,1.00,1.00
2018.01.10 22:13:04.000,1.13887,1.13942,1.00,1.19
2018.01.10 22:13:04.103,1.13888,1.13949,1.00,1.00
2018.01.10 22:13:04.257,1.13888,1.13939,1.00,1.00
2018.01.10 22:13:04.513,1.13888,1.13942,1.00,1.19
2018.01.10 22:13:05.188,1.13887,1.1394,1.00,1.00
2018.01.10 22:13:05.739,1.13887,1.13941,1.00,1.00
2018.01.10 22:13:06.272,1.13887,1.1394,1.00,1.00
2018.01.10 22:13:06.821,1.13888,1.13949,1.00,1.00
2018.01.10 22:13:07.095,1.13887,1.13941,1.00,1.25
2018.01.10 22:13:07.326,1.13888,1.13949,1.00,1.00
2018.01.10 22:13:07.445,1.13888,1.1394,1.00,1.00
2018.01.10 22:13:07.747,1.13887,1.13949,1.00,1.00
2018.01.10 22:13:07.938,1.13887,1.1394,1.00,1.00
2018.01.10 22:13:08.239,1.13887,1.13949,1.00,1.00
2018.01.10 22:13:08.485,1.13888,1.13939,1.00,1.00
2018.01.10 22:13:09.136,1.13888,1.13942,1.00,1.19
2018.01.10 22:13:09.594,1.13888,1.13949,1.00,1.00
2018.01.10 22:13:09.646,1.13887,1.1394,1.00,1.00
2018.01.10 22:13:09.936,1.13887,1.13949,1.00,1.00
2018.01.10 22:13:10.152,1.13887,1.13941,1.00,1.00
2018.01.10 22:13:10.438,1.13887,1.13949,1.00,1.00
2018.01.10 22:13:10.541,1.13893,1.13943,1.00,1.00
2018.01.10 22:13:10.644,1.13888,1.1394,1.00,1.00
2018.01.10 22:13:10.890,1.13888,1.13943,1.00,1.19
2018.01.10 22:13:11.437,1.13887,1.13944,1.00,1.19
2018.01.10 22:13:11.591,1.13888,1.13949,1.00,1.00
2018.01.10 22:13:11.643,1.13887,1.13941,1.00,1.00
2018.01.10 22:13:12.385,1.13888,1.13943,1.00,1.19
2018.01.10 22:13:12.741,1.13888,1.1394,1.00,1.00
2018.01.10 22:13:12.793,1.13888,1.13943,1.00,1.19
2018.01.10 22:13:13.083,1.13888,1.13939,1.00,1.00
2018.01.10 22:13:13.285,1.13888,1.13942,1.00,1.19
2018.01.10 22:13:13.337,1.13887,1.13949,1.00,1.00
2018.01.10 22:13:13.440,1.13887,1.1394,1.00,1.00
2018.01.10 22:13:13.722,1.13887,1.13949,1.00,1.00
2018.01.10 22:13:13.773,1.13892,1.13945,1.00,1.00
2018.01.10 22:13:14.138,1.13888,1.1394,1.00,1.00
2018.01.10 22:13:14.689,1.13887,1.13944,1.00,1.19
2018.01.10 22:13:15.171,1.13887,1.13949,1.00,1.00
2018.01.10 22:13:15.274,1.13887,1.1394,1.25,1.25
2018.01.10 22:13:15.590,1.13893,1.13945,1.00,1.00
2018.01.10 22:13:15.764,1.13887,1.13941,1.00,1.00
2018.01.10 22:13:16.375,1.13887,1.1394,1.25,1.25
2018.01.10 22:13:16.427,1.13887,1.13949,1.25,1.00
2018.01.10 22:13:16.479,1.13891,1.13944,1.00,1.00
2018.01.10 22:13:16.786,1.13887,1.1394,1.00,1.00
2018.01.10 22:13:16.889,1.1389,1.13944,1.00,1.00
2018.01.10 22:13:16.940,1.13887,1.13938,1.19,1.00
2018.01.10 22:13:16.992,1.13887,1.13938,1.00,1.00
2018.01.10 22:13:17.217,1.1389,1.13944,1.00,1.00
2018.01.10 22:13:17.435,1.13886,1.13941,1.69,1.00
2018.01.10 22:13:17.486,1.13886,1.13941,1.69,1.25
2018.01.10 22:13:17.840,1.13886,1.13939,1.69,1.00
2018.01.10 22:13:18.137,1.13889,1.13944,1.00,1.00
2018.01.10 22:13:18.189,1.13893,1.13941,1.00,1.00
2018.01.10 22:13:18.240,1.1389,1.13944,1.00,1.00
2018.01.10 22:13:18.343,1.13887,1.13937,1.19,1.00
2018.01.10 22:13:18.599,1.1389,1.13944,1.00,1.00
2018.01.10 22:13:18.836,1.13887,1.13935,1.19,1.00
2018.01.10 22:13:18.888,1.13887,1.13935,1.00,1.00
2018.01.10 22:13:19.116,1.13889,1.13944,1.00,1.00
2018.01.10 22:13:19.270,1.13887,1.13936,1.00,1.00
2018.01.10 22:13:19.538,1.13889,1.13944,1.00,1.00
2018.01.10 22:13:19.642,1.13886,1.13937,1.69,1.00
2018.01.10 22:13:19.695,1.13886,1.13937,1.69,1.25
2018.01.10 22:13:19.939,1.1389,1.13944,1.00,1.00
2018.01.10 22:13:20.137,1.13887,1.13938,1.19,1.00
2018.01.10 22:13:20.388,1.13886,1.13942,1.50,1.19
2018.01.10 22:13:20.440,1.1389,1.13944,1.00,1.00
2018.01.10 22:13:20.749,1.13887,1.13939,1.00,1.00
2018.01.10 22:13:20.948,1.1389,1.13944,1.00,1.00
2018.01.10 22:13:21.189,1.13886,1.13939,1.50,1.00
2018.01.10 22:13:21.427,1.13889,1.13944,1.25,1.00
2018.01.10 22:13:21.637,1.13887,1.13938,1.19,1.00
2018.01.10 22:13:21.689,1.13887,1.13938,1.00,1.00
2018.01.10 22:13:21.890,1.13889,1.13944,1.00,1.19
2018.01.10 22:13:21.942,1.13889,1.13944,1.00,1.00
2018.01.10 22:13:22.044,1.13887,1.13937,1.19,1.00
2018.01.10 22:13:22.340,1.1389,1.13944,1.00,1.00
2018.01.10 22:13:22.552,1.13887,1.13939,1.00,1.00
2018.01.10 22:13:22.836,1.1389,1.13944,1.00,1.00
2018.01.10 22:13:23.079,1.13886,1.1394,1.50,1.00
2018.01.10 22:13:23.391,1.1389,1.13944,1.00,1.00
2018.01.10 22:13:23.787,1.13887,1.13939,1.00,1.19
2018.01.10 22:13:23.839,1.13889,1.13944,1.00,1.00
2018.01.10 22:13:23.941,1.13887,1.13937,1.19,1.00
2018.01.10 22:13:24.188,1.13887,1.1394,1.00,1.19
2018.01.10 22:13:24.240,1.1389,1.13944,1.00,1.00
2018.01.10 22:13:24.437,1.13886,1.13941,1.69,1.00
2018.01.10 22:13:24.488,1.13886,1.13941,1.69,1.25
2018.01.10 22:13:24.738,1.1389,1.13944,1.00,1.00
2018.01.10 22:13:25.088,1.13886,1.1394,1.50,1.19
2018.01.10 22:13:25.140,1.13889,1.13944,1.25,1.00
2018.01.10 22:13:25.339,1.13887,1.13937,1.19,1.00
2018.01.10 22:13:25.392,1.13887,1.13937,1.00,1.00
2018.01.10 22:13:25.596,1.13889,1.13944,1.00,1.19
2018.01.10 22:13:25.648,1.13889,1.13944,1.25,1.00
2018.01.10 22:13:25.751,1.13887,1.13941,1.00,1.00
2018.01.10 22:13:26.140,1.1389,1.13944,1.00,1.00
2018.01.10 22:13:26.294,1.13887,1.13943,1.00,1.00
2018.01.10 22:13:26.494,1.13889,1.13944,1.00,1.00
2018.01.10 22:13:26.785,1.13886,1.13944,1.50,1.00
2018.01.10 22:13:27.319,1.13887,1.13943,1.00,1.00
2018.01.10 22:13:27.427,1.13889,1.13944,1.25,1.00
2018.01.10 22:13:27.683,1.13887,1.13944,1.00,1.00
2018.01.10 22:13:28.138,1.13889,1.13944,1.00,1.00
2018.01.10 22:13:28.189,1.13887,1.13943,1.00,1.00
2018.01.10 22:13:28.481,1.1389,1.13944,1.00,1.00
2018.01.10 22:13:28.638,1.13886,1.13943,1.69,1.00
2018.01.10 22:13:28.690,1.13886,1.13943,1.50,1.00
2018.01.10 22:13:28.922,1.13889,1.13944,1.25,1.00
2018.01.10 22:13:29.077,1.13886,1.13944,1.69,1.69
2018.01.10 22:13:29.129,1.13892,1.13943,1.00,1.00
2018.01.10 22:13:29.334,1.1389,1.13944,1.00,1.00
2018.01.10 22:13:29.579,1.13886,1.13944,1.69,1.00
2018.01.10 22:13:29.786,1.13888,1.13944,1.00,1.00
2018.01.10 22:13:30.191,1.13891,1.13944,1.00,1.25
2018.01.10 22:13:30.396,1.13888,1.13943,1.00,1.00
2018.01.10 22:13:30.709,1.13891,1.13944,1.00,1.00
2018.01.10 22:13:30.949,1.13887,1.13944,1.25,1.00
2018.01.10 22:13:31.337,1.1389,1.13944,1.00,1.00
2018.01.10 22:13:31.388,1.13887,1.13944,1.25,1.00
2018.01.10 22:13:31.610,1.13891,1.13944,1.00,1.00
2018.01.10 22:13:31.867,1.13888,1.13944,1.00,1.00
2018.01.10 22:13:32.123,1.1389,1.13944,1.25,1.00
2018.01.10 22:13:32.277,1.13887,1.13943,1.00,1.00
2018.01.10 22:13:32.538,1.1389,1.13944,1.25,1.00
2018.01.10 22:13:32.787,1.13888,1.13944,1.00,1.00
2018.01.10 22:13:32.992,1.1389,1.13944,1.25,1.00
2018.01.10 22:13:33.169,1.13887,1.13943,1.25,1.25
2018.01.10 22:13:33.427,1.13891,1.13944,1.00,1.00
2018.01.10 22:13:33.735,1.13888,1.13941,1.00,1.00
2018.01.10 22:13:34.043,1.13886,1.13936,1.50,1.00
2018.01.10 22:13:34.986,1.13886,1.13942,1.00,1.19
2018.01.10 22:13:35.038,1.13869,1.13938,1.00,1.00
2018.01.10 22:13:35.569,1.13868,1.13938,2.06,1.00
2018.01.10 22:13:36.111,1.13868,1.13937,1.87,1.00
2018.01.10 22:13:36.622,1.13868,1.13938,1.87,1.00
2018.01.10 22:13:36.887,1.13868,1.13935,1.87,1.00
2018.01.10 22:13:37.045,1.13868,1.13938,1.87,1.00
2018.01.10 22:13:38.669,1.13888,1.13938,1.00,1.00
2018.01.10 22:13:41.241,1.13891,1.13943,1.00,1.19
2018.01.10 22:13:41.386,1.13893,1.13943,1.00,1.00
2018.01.10 22:13:41.437,1.13889,1.13941,1.19,1.00
2018.01.10 22:13:41.489,1.13889,1.13941,1.00,1.00
2018.01.10 22:13:41.694,1.13894,1.13943,1.00,1.19
2018.01.10 22:13:41.848,1.13891,1.13942,1.00,1.00
2018.01.10 22:13:42.098,1.13893,1.13943,1.00,1.00
2018.01.10 22:13:42.253,1.1389,1.13942,1.25,1.25
2018.01.10 22:13:42.509,1.13893,1.13943,1.00,1.00
2018.01.10 22:13:43.395,1.13891,1.13942,1.00,1.00
2018.01.10 22:13:43.447,1.13893,1.13943,1.00,1.00
2018.01.10 22:13:43.910,1.13895,1.13943,1.00,1.00
2018.01.10 22:13:44.065,1.13893,1.13943,1.00,1.00
2018.01.10 22:13:44.286,1.13895,1.13943,1.00,1.00
2018.01.10 22:13:44.440,1.13893,1.13943,1.00,1.00
2018.01.10 22:13:44.720,1.13895,1.13943,1.00,1.00
2018.01.10 22:13:44.977,1.13893,1.13943,1.25,1.00
2018.01.10 22:13:45.243,1.13895,1.13943,1.00,1.00
2018.01.10 22:13:45.733,1.13893,1.13943,1.00,1.00
2018.01.10 22:13:46.212,1.13895,1.13943,1.00,1.00
2018.01.10 22:13:47.037,1.13898,1.13943,1.00,1.00
2018.01.10 22:13:47.344,1.13905,1.13943,1.00,1.00
2018.01.10 22:13:48.374,1.13903,1.13943,1.00,1.00
2018.01.10 22:13:48.644,1.13906,1.13943,1.00,1.00
2018.01.10 22:13:49.298,1.13905,1.13943,1.00,1.00
2018.01.10 22:13:49.838,1.13906,1.13943,1.00,1.00
2018.01.10 22:13:50.095,1.13904,1.13943,1.00,1.00
2018.01.10 22:13:50.834,1.13905,1.13943,1.00,1.00
2018.01.10 22:13:51.343,1.13906,1.13943,1.00,1.00
2018.01.10 22:13:51.600,1.13904,1.13943,1.00,1.00
2018.01.10 22:13:52.492,1.13907,1.13943,1.00,1.00
2018.01.10 22:13:53.055,1.13904,1.13943,1.00,1.00
2018.01.10 22:13:53.559,1.13902,1.13943,1.00,1.00
2018.01.10 22:13:53.612,1.13902,1.13938,1.00,1.00
2018.01.10 22:13:53.938,1.13904,1.13938,1.00,1.00
2018.01.10 22:13:54.047,1.13902,1.13938,1.00,1.00
2018.01.10 22:13:54.100,1.13905,1.13938,1.00,1.00
2018.01.10 22:13:54.288,1.13903,1.13938,1.00,1.00
2018.01.10 22:13:54.522,1.13905,1.13938,1.00,1.00
2018.01.10 22:13:54.885,1.13902,1.13938,1.00,1.00
2018.01.10 22:13:54.938,1.13904,1.13938,1.00,1.00
2018.01.10 22:13:55.092,1.13901,1.13938,1.00,1.00
2018.01.10 22:13:55.324,1.13905,1.13938,1.00,1.00
2018.01.10 22:13:55.477,1.13902,1.13938,1.00,1.00
2018.01.10 22:13:55.995,1.139,1.13938,1.00,1.00
2018.01.10 22:13:56.240,1.13902,1.13938,1.00,1.00
2018.01.10 22:13:56.342,1.13899,1.13938,1.69,1.00
2018.01.10 22:13:56.599,1.13902,1.13938,1.00,1.00
2018.01.10 22:13:56.804,1.13899,1.13944,1.00,1.00
2018.01.10 22:13:56.856,1.13895,1.13944,1.25,1.00
2018.01.10 22:13:57.112,1.13897,1.13944,1.00,1.00
2018.01.10 22:13:57.622,1.13896,1.13944,1.00,1.00
2018.01.10 22:13:58.335,1.13897,1.13944,1.00,1.00
2018.01.10 22:13:58.386,1.13895,1.13944,1.25,1.00
2018.01.10 22:13:58.637,1.13897,1.13944,1.00,1.00
2018.01.10 22:13:58.846,1.13895,1.13944,1.25,1.00
2018.01.10 22:13:59.145,1.13897,1.13944,1.00,1.50
2018.01.10 22:13:59.457,1.13894,1.13944,1.00,1.00
2018.01.10 22:13:59.611,1.13897,1.13944,1.00,1.00
2018.01.10 22:13:59.765,1.13895,1.13944,1.00,1.00
2018.01.10 22:13:59.986,1.13897,1.13944,1.00,1.00
2018.01.10 22:14:00.140,1.13893,1.13944,1.19,1.00
2018.01.10 22:14:00.192,1.13893,1.13944,1.00,1.00
2018.01.10 22:14:00.398,1.13896,1.13944,1.00,1.00
2018.01.10 22:14:00.949,1.13897,1.13944,1.00,1.00
2018.01.10 22:14:01.245,1.13895,1.13944,1.25,1.00
2018.01.10 22:14:01.936,1.13897,1.13944,1.00,1.00
2018.01.10 22:14:02.091,1.13894,1.13944,1.00,1.00
2018.01.10 22:14:02.288,1.13896,1.13944,1.00,1.00
2018.01.10 22:14:02.800,1.13897,1.13944,1.00,1.00
2018.01.10 22:14:02.955,1.13894,1.13944,1.00,1.00
2018.01.10 22:14:03.215,1.13896,1.13944,1.00,1.00
2018.01.10 22:14:03.472,1.13894,1.13944,1.00,1.00
2018.01.10 22:14:03.720,1.13897,1.13944,1.00,1.00
2018.01.10 22:14:03.986,1.13894,1.13944,1.00,1.00
2018.01.10 22:14:04.191,1.13896,1.13944,1.00,1.00
2018.01.10 22:14:04.346,1.13892,1.13944,1.25,1.00
2018.01.10 22:14:04.586,1.13894,1.13944,1.00,1.00
2018.01.10 22:14:05.120,1.13896,1.13944,1.25,1.00
2018.01.10 22:14:05.841,1.13894,1.13944,1.25,1.00
2018.01.10 22:14:06.112,1.13896,1.13944,1.25,1.00
2018.01.10 22:14:06.270,1.13894,1.13944,1.00,1.00
2018.01.10 22:14:06.489,1.13897,1.13944,1.00,1.00
2018.01.10 22:14:06.644,1.13893,1.13944,1.00,1.00
2018.01.10 22:14:06.908,1.13896,1.13944,1.00,1.00
2018.01.10 22:14:07.062,1.13893,1.13944,1.25,1.00
2018.01.10 22:14:07.285,1.13895,1.13944,1.00,1.00
2018.01.10 22:14:07.830,1.13896,1.13944,1.00,1.00
2018.01.10 22:14:08.343,1.13897,1.13944,1.00,1.00
2018.01.10 22:14:08.547,1.13895,1.13944,1.00,1.00
2018.01.10 22:14:08.804,1.13897,1.13944,1.00,1.07
2018.01.10 22:14:09.112,1.13897,1.13944,1.07,1.10
2018.01.10 22:14:09.340,1.13895,1.13944,1.39,1.10
2018.01.10 22:14:09.853,1.13897,1.13944,1.07,1.00
2018.01.10 22:14:10.031,1.13895,1.13944,1.19,1.00
2018.01.10 22:14:10.697,1.13897,1.13944,1.00,1.00
2018.01.10 22:14:10.749,1.13899,1.13944,1.00,1.00
2018.01.10 22:14:10.852,1.13895,1.13944,1.00,1.00
2018.01.10 22:14:11.006,1.13895,1.13944,1.20,1.10
2018.01.10 22:14:11.109,1.13898,1.13944,1.00,1.00
2018.01.10 22:14:11.585,1.13896,1.13944,1.25,1.00
2018.01.10 22:14:12.087,1.13898,1.13944,1.00,1.00
2018.01.10 22:14:12.139,1.13896,1.13944,1.25,1.00
2018.01.10 22:14:12.431,1.13898,1.13944,1.00,1.00
2018.01.10 22:14:12.586,1.13896,1.13944,1.00,1.00
2018.01.10 22:14:12.822,1.13898,1.13944,1.00,1.00
2018.01.10 22:14:13.335,1.13896,1.13944,1.00,1.00
2018.01.10 22:14:13.841,1.13897,1.13944,1.00,1.00
2018.01.10 22:14:14.353,1.13899,1.13944,1.00,1.00
2018.01.10 22:14:14.405,1.13897,1.13944,1.00,1.00
2018.01.10 22:14:14.457,1.13894,1.13944,1.19,1.00
2018.01.10 22:14:14.710,1.13897,1.13944,1.00,1.00
2018.01.10 22:14:15.376,1.13895,1.13944,1.00,1.00
2018.01.10 22:14:15.592,1.13897,1.13944,1.00,1.00
2018.01.10 22:14:16.356,1.13896,1.13944,1.00,1.00
2018.01.10 22:14:16.700,1.13899,1.13944,1.00,1.00
2018.01.10 22:14:16.751,1.13895,1.13944,1.00,1.00
2018.01.10 22:14:17.008,1.13897,1.13944,1.00,1.00
2018.01.10 22:14:17.269,1.13895,1.13944,1.00,1.00
2018.01.10 22:14:17.538,1.13898,1.13944,1.00,1.00
2018.01.10 22:14:17.769,1.13895,1.13944,1.00,1.00
2018.01.10 22:14:18.025,1.13898,1.13944,1.00,1.00
2018.01.10 22:14:18.180,1.13894,1.13944,1.00,1.00
2018.01.10 22:14:18.391,1.13897,1.13944,1.00,1.00
2018.01.10 22:14:18.964,1.13899,1.13944,1.00,1.00
2018.01.10 22:14:19.183,1.13896,1.13944,1.00,1.00
2018.01.10 22:14:19.490,1.13899,1.13944,1.00,1.00
2018.01.10 22:14:19.653,1.13895,1.13944,1.00,1.00
2018.01.10 22:14:19.938,1.13897,1.13944,1.00,1.00
2018.01.10 22:14:20.092,1.13895,1.13944,1.00,1.00
2018.01.10 22:14:20.320,1.13898,1.13944,1.00,1.00
2018.01.10 22:14:20.577,1.13896,1.13944,1.00,1.00
2018.01.10 22:14:20.838,1.13898,1.13944,1.00,1.00
2018.01.10 22:14:21.453,1.13895,1.13944,1.00,1.00
2018.01.10 22:14:21.738,1.13897,1.13944,1.00,1.00
2018.01.10 22:14:22.247,1.13896,1.13944,1.00,1.00
2018.01.10 22:14:22.451,1.13894,1.13944,1.00,1.00
2018.01.10 22:14:22.710,1.13897,1.13944,1.00,1.00
2018.01.10 22:14:22.865,1.13894,1.13944,1.00,1.00
2018.01.10 22:14:23.136,1.13897,1.13944,1.00,1.00
2018.01.10 22:14:23.290,1.13894,1.13944,1.00,1.00
2018.01.10 22:14:23.496,1.13898,1.13944,1.00,1.00
2018.01.10 22:14:23.645,1.13895,1.13944,1.25,1.00
2018.01.10 22:14:23.897,1.13898,1.13944,1.00,1.00
2018.01.10 22:14:24.187,1.13896,1.13944,1.00,1.00
2018.01.10 22:14:24.494,1.13898,1.13944,1.00,1.00
2018.01.10 22:14:24.546,1.13895,1.13944,1.25,1.00
2018.01.10 22:14:24.802,1.13898,1.13944,1.00,1.00
2018.01.10 22:14:25.059,1.13896,1.13944,1.00,1.00
2018.01.10 22:14:25.469,1.13894,1.13944,1.25,1.00
2018.01.10 22:14:25.725,1.13897,1.13944,1.00,1.00
2018.01.10 22:14:26.241,1.13898,1.13944,1.00,1.00
2018.01.10 22:14:26.766,1.13897,1.13944,1.00,1.00
2018.01.10 22:14:27.303,1.13898,1.13944,1.00,1.00
2018.01.10 22:14:27.355,1.13896,1.13944,1.00,1.00
2018.01.10 22:14:27.842,1.13898,1.13944,1.00,1.00
2018.01.10 22:14:28.124,1.13896,1.13944,1.00,1.00
2018.01.10 22:14:28.279,1.13898,1.13944,1.00,1.00
2018.01.10 22:14:28.566,1.13896,1.13944,1.00,1.00
2018.01.10 22:14:29.075,1.13897,1.13944,1.00,1.00
2018.01.10 22:14:29.589,1.13898,1.13944,1.00,1.00
2018.01.10 22:14:29.743,1.13895,1.13944,1.25,1.00
2018.01.10 22:14:29.999,1.13898,1.13944,1.00,1.00
2018.01.10 22:14:30.531,1.13903,1.13944,1.00,1.00
2018.01.10 22:14:30.634,1.13897,1.13944,1.00,1.00
2018.01.10 22:14:30.686,1.13892,1.13944,1.00,1.00
2018.01.10 22:14:30.886,1.13894,1.13944,1.00,1.00
2018.01.10 22:14:31.187,1.13905,1.13944,1.00,1.00
2018.01.10 22:14:31.239,1.13894,1.13944,1.25,1.00
2018.01.10 22:14:31.797,1.13902,1.13944,1.00,1.00
2018.01.10 22:14:32.053,1.13895,1.13944,1.25,1.00
2018.01.10 22:14:32.259,1.13904,1.13944,1.25,1.00
2018.01.10 22:14:32.362,1.13896,1.13944,1.19,1.00
2018.01.10 22:14:32.413,1.13896,1.13944,1.25,1.00
2018.01.10 22:14:32.791,1.13902,1.13944,1.19,1.00
2018.01.10 22:14:32.842,1.13902,1.13944,1.00,1.00
2018.01.10 22:14:33.048,1.13896,1.13944,1.00,1.00
2018.01.10 22:14:33.337,1.13904,1.13944,1.00,1.00
2018.01.10 22:14:33.441,1.13893,1.13944,1.00,1.00
2018.01.10 22:14:33.492,1.13903,1.13944,1.00,1.00
2018.01.10 22:14:33.595,1.13893,1.13944,1.19,1.00
2018.01.10 22:14:33.647,1.13893,1.13944,1.00,1.00
2018.01.10 22:14:33.801,1.13901,1.13944,1.25,1.00
2018.01.10 22:14:33.903,1.13897,1.13944,1.00,1.00
2018.01.10 22:14:33.955,1.13894,1.13944,1.00,1.00
2018.01.10 22:14:34.215,1.13903,1.13944,1.00,1.00
2018.01.10 22:14:34.266,1.13894,1.13944,1.00,1.00
2018.01.10 22:14:34.319,1.13904,1.13944,1.00,1.00
2018.01.10 22:14:34.371,1.13886,1.13944,1.00,1.00
2018.01.10 22:14:34.627,1.13903,1.13944,1.00,1.00
2018.01.10 22:14:34.811,1.13886,1.13944,1.00,1.00
2018.01.10 22:14:35.016,1.13891,1.13944,1.19,1.00
2018.01.10 22:14:35.325,1.13894,1.13944,1.00,1.00
2018.01.10 22:14:35.490,1.13903,1.13944,1.00,1.00
2018.01.10 22:14:35.593,1.13891,1.13944,1.00,1.00
2018.01.10 22:14:35.644,1.13903,1.13944,1.25,1.00
2018.01.10 22:14:35.696,1.13897,1.13944,1.00,1.00
2018.01.10 22:14:35.748,1.13894,1.13944,1.00,1.00
2018.01.10 22:14:36.027,1.13903,1.13944,1.25,1.00
2018.01.10 22:14:36.079,1.13892,1.13944,1.25,1.00
2018.01.10 22:14:36.131,1.13897,1.13944,1.19,1.00
2018.01.10 22:14:36.183,1.13893,1.13944,1.19,1.00
2018.01.10 22:14:36.398,1.13903,1.13944,1.00,1.00
2018.01.10 22:14:36.655,1.13893,1.13944,1.00,1.00
2018.01.10 22:14:36.707,1.13903,1.13944,1.00,1.00
2018.01.10 22:14:36.810,1.13893,1.13943,1.25,1.00
2018.01.10 22:14:36.933,1.13903,1.13943,1.00,1.00
2018.01.10 22:14:36.985,1.13893,1.13943,1.00,1.00
2018.01.10 22:14:37.037,1.13903,1.13943,1.00,1.00
2018.01.10 22:14:37.088,1.13887,1.13943,1.00,1.00
2018.01.10 22:14:37.307,1.13903,1.13943,1.00,1.00
2018.01.10 22:14:37.564,1.13893,1.13943,1.00,1.00
2018.01.10 22:14:37.723,1.13904,1.13943,1.00,1.00
2018.01.10 22:14:37.826,1.13902,1.13943,1.00,1.00
2018.01.10 22:14:37.878,1.13905,1.13934,1.00,1.00
2018.01.10 22:14:38.225,1.13903,1.13934,1.00,1.00
2018.01.10 22:14:38.740,1.13902,1.13934,1.25,1.00
2018.01.10 22:14:39.659,1.13905,1.13934,1.00,1.00
2018.01.10 22:14:39.814,1.13901,1.13934,1.00,1.00
2018.01.10 22:14:40.085,1.13906,1.13934,1.00,1.00
2018.01.10 22:14:40.239,1.139,1.13934,1.19,1.00
2018.01.10 22:14:40.290,1.139,1.13934,1.00,1.00
2018.01.10 22:14:40.342,1.13903,1.13934,1.00,1.00
2018.01.10 22:14:40.752,1.139,1.13934,1.25,1.00
2018.01.10 22:14:41.083,1.13905,1.13934,1.00,1.00
2018.01.10 22:14:41.237,1.139,1.13934,1.19,1.00
2018.01.10 22:14:41.289,1.139,1.13934,1.25,1.00
2018.01.10 22:14:41.679,1.13883,1.13929,1.69,1.00
2018.01.10 22:14:41.732,1.13883,1.13929,1.00,1.00
2018.01.10 22:14:41.786,1.13878,1.13929,1.12,1.00
2018.01.10 22:14:42.442,1.1388,1.13929,1.00,1.00
2018.01.10 22:14:42.676,1.13877,1.13929,1.00,1.00
2018.01.10 22:14:42.728,1.13874,1.13929,1.00,1.00
2018.01.10 22:14:42.780,1.13878,1.13929,1.00,1.00
2018.01.10 22:14:42.883,1.13876,1.13929,1.00,1.00
2018.01.10 22:14:42.986,1.13879,1.13929,1.00,1.00
2018.01.10 22:14:44.368,1.13884,1.13918,1.00,1.00
2018.01.10 22:14:44.729,1.13882,1.13918,1.00,1.00
2018.01.10 22:14:50.555,1.13878,1.13918,1.00,1.00
2018.01.10 22:14:52.181,1.13882,1.13918,1.00,1.00
2018.01.10 22:15:00.088,1.1388,1.13918,1.25,1.00
2018.01.10 22:15:00.141,1.13877,1.13918,1.00,1.00
2018.01.10 22:15:00.244,1.13879,1.13918,1.00,1.00
2018.01.10 22:15:00.814,1.1388,1.13918,1.00,1.00
2018.01.10 22:15:01.497,1.13879,1.13918,1.00,1.00
2018.01.10 22:15:02.061,1.13877,1.13918,1.25,1.00
2018.01.10 22:15:05.770,1.13879,1.13918,1.25,1.00
2018.01.10 22:15:10.620,1.13875,1.13918,1.25,1.00
2018.01.10 22:15:10.816,1.1386,1.13909,2.25,1.00
2018.01.10 22:15:10.868,1.1386,1.13907,1.00,1.00
2018.01.10 22:15:10.920,1.13841,1.13907,1.00,1.00
2018.01.10 22:15:14.496,1.13841,1.13909,1.00,1.00
2018.01.10 22:15:41.872,1.13841,1.13909,1.45,1.00
2018.01.10 22:15:42.053,1.13841,1.13909,1.45,1.00
2018.01.10 22:15:42.156,1.13841,1.13909,1.45,1.00
2018.01.10 22:15:42.931,1.13841,1.13909,1.45,1.00
2018.01.10 22:15:43.419,1.13841,1.13904,1.45,1.00
2018.01.10 22:15:44.585,1.13841,1.13904,1.45,1.00
2018.01.10 22:15:45.177,1.13841,1.13904,1.45,1.00
2018.01.10 22:15:46.296,1.1384,1.13898,1.45,1.00
2018.01.10 22:15:46.348,1.13835,1.13898,0.55,1.00
2018.01.10 22:15:46.400,1.13835,1.13898,0.55,1.00
2018.01.10 22:15:46.503,1.13835,1.13898,0.55,1.00
2018.01.10 22:15:46.811,1.13835,1.13898,0.17,1.00
2018.01.10 22:15:47.537,1.13835,1.13898,0.17,1.00
2018.01.10 22:15:47.641,1.13835,1.13898,0.17,1.00
2018.01.10 22:15:48.186,1.13835,1.13898,0.17,1.50
2018.01.10 22:15:49.137,1.13835,1.13884,0.17,1.00
2018.01.10 22:15:49.189,1.13835,1.13884,0.17,1.00
2018.01.10 22:15:49.827,1.13835,1.13884,0.10,1.00
2018.01.10 22:15:57.385,1.13835,1.13883,0.10,1.00
2018.01.10 22:15:58.147,1.13835,1.13883,0.17,1.00
2018.01.10 22:15:58.750,1.13835,1.13883,0.10,1.00
2018.01.10 22:16:00.966,1.13835,1.13897,0.10,1.00
2018.01.10 22:16:01.069,1.13835,1.13899,0.17,1.50
2018.01.10 22:16:01.728,1.13835,1.13899,0.17,1.00
2018.01.10 22:16:02.902,1.13835,1.13898,0.17,1.00
2018.01.10 22:16:03.413,1.13835,1.13897,0.17,1.00
2018.01.10 22:16:05.055,1.13835,1.13898,0.17,1.00
2018.01.10 22:16:05.366,1.13835,1.13899,0.17,1.00
2018.01.10 22:16:06.065,1.13835,1.13899,0.17,1.00
2018.01.10 22:16:06.662,1.13835,1.13899,0.17,1.00
2018.01.10 22:16:06.994,1.13835,1.13899,0.17,1.00
2018.01.10 22:16:07.306,1.13836,1.13899,1.45,1.07
2018.01.10 22:16:07.916,1.13836,1.13899,1.45,1.07
2018.01.10 22:16:07.967,1.13835,1.13899,1.55,1.07
2018.01.10 22:16:08.126,1.13835,1.13897,0.55,1.07
2018.01.10 22:16:08.697,1.13836,1.13899,1.45,1.07
2018.01.10 22:16:10.312,1.13835,1.13904,0.17,1.00
2018.01.10 22:16:10.941,1.13835,1.13904,0.67,1.00
2018.01.10 22:16:11.095,1.13835,1.13904,0.17,1.00
2018.01.10 22:16:11.677,1.13835,1.13904,0.17,1.00
2018.01.10 22:16:12.075,1.13835,1.13899,0.17,1.00
2018.01.10 22:16:12.776,1.13835,1.13903,0.67,1.00
2018.01.10 22:16:13.138,1.13835,1.13903,0.17,1.00
2018.01.10 22:16:13.190,1.13835,1.13903,0.67,1.00
2018.01.10 22:16:13.396,1.13835,1.13903,0.17,1.00
2018.01.10 22:16:13.918,1.13835,1.13903,0.17,1.00
2018.01.10 22:16:14.073,1.13835,1.13903,0.17,1.00
2018.01.10 22:16:14.493,1.13835,1.13903,0.17,1.00
2018.01.10 22:16:14.700,1.13835,1.13903,0.67,1.00
2018.01.10 22:16:14.804,1.13835,1.13903,0.10,1.00
2018.01.10 22:16:14.907,1.13835,1.13903,0.17,1.00
2018.01.10 22:16:15.217,1.13835,1.13903,0.55,1.00
2018.01.10 22:16:15.320,1.13835,1.13903,0.17,1.00
2018.01.10 22:16:15.424,1.13835,1.13902,0.17,1.00
2018.01.10 22:16:15.566,1.13835,1.13902,0.17,1.50
2018.01.10 22:16:15.670,1.13835,1.13903,0.17,1.00
2018.01.10 22:16:16.290,1.13835,1.139,0.17,1.00
2018.01.10 22:16:16.599,1.13835,1.13903,0.17,1.00
2018.01.10 22:16:16.652,1.13835,1.13901,0.17,1.00
2018.01.10 22:16:16.943,1.13835,1.13903,0.17,1.00
2018.01.10 22:16:17.161,1.13835,1.13901,0.17,1.00
2018.01.10 22:16:17.367,1.13835,1.13901,0.17,1.50
2018.01.10 22:16:17.470,1.13835,1.13901,0.17,1.00
2018.01.10 22:16:17.791,1.13835,1.13899,0.17,1.00
2018.01.10 22:16:17.947,1.13835,1.13899,0.17,1.00
2018.01.10 22:16:18.282,1.13835,1.13896,0.10,1.00
2018.01.10 22:16:18.787,1.13835,1.13895,0.10,1.00
2018.01.10 22:16:19.095,1.13835,1.13893,0.10,1.50
2018.01.10 22:16:19.148,1.13835,1.13896,0.10,1.50
2018.01.10 22:16:19.200,1.13835,1.13891,0.10,1.00
2018.01.10 22:16:19.509,1.13835,1.13888,0.10,1.00
2018.01.10 22:16:19.561,1.13835,1.1389,0.10,1.00
2018.01.10 22:16:19.767,1.13835,1.13887,0.10,1.00
2018.01.10 22:16:20.086,1.13835,1.13889,0.10,1.00
2018.01.10 22:16:20.138,1.13835,1.13891,0.10,1.00
2018.01.10 22:16:20.190,1.13835,1.13885,0.10,1.00
2018.01.10 22:16:20.549,1.13835,1.13888,0.10,1.00
2018.01.10 22:16:20.601,1.13835,1.13891,0.10,1.00
2018.01.10 22:16:20.653,1.13835,1.13888,0.10,1.00
2018.01.10 22:16:21.071,1.13835,1.13884,0.10,1.00
2018.01.10 22:16:21.381,1.13835,1.13886,0.10,1.00
2018.01.10 22:16:21.691,1.13835,1.13884,0.10,1.00
2018.01.10 22:16:21.744,1.13835,1.13886,0.10,1.50
2018.01.10 22:16:21.796,1.13835,1.13884,0.10,1.00
2018.01.10 22:16:22.325,1.13835,1.13885,0.10,1.00
2018.01.10 22:16:22.654,1.13835,1.13882,0.10,1.00
2018.01.10 22:16:22.706,1.13835,1.13886,0.10,1.00
2018.01.10 22:16:22.912,1.13835,1.13888,0.10,1.00
2018.01.10 22:16:22.964,1.13835,1.13882,0.10,1.00
2018.01.10 22:16:23.444,1.13835,1.1388,0.10,1.00
2018.01.10 22:16:23.600,1.13835,1.13884,0.10,1.00
2018.01.10 22:16:23.652,1.13835,1.13887,0.10,1.00
2018.01.10 22:16:23.705,1.13835,1.13889,0.10,1.00
2018.01.10 22:16:23.757,1.13835,1.13879,0.10,1.00
2018.01.10 22:16:23.809,1.13835,1.13881,0.10,1.00
2018.01.10 22:16:24.008,1.13835,1.13884,0.10,1.00
2018.01.10 22:16:24.060,1.13835,1.13887,0.10,1.00
2018.01.10 22:16:24.163,1.13835,1.13889,0.10,1.00
2018.01.10 22:16:24.269,1.13835,1.13886,0.10,1.00
2018.01.10 22:16:24.528,1.13835,1.13889,0.10,1.00
2018.01.10 22:16:24.580,1.13835,1.13891,0.10,1.50
2018.01.10 22:16:24.689,1.13835,1.13887,0.10,1.00
2018.01.10 22:16:24.895,1.13835,1.13889,0.10,1.00
2018.01.10 22:16:24.999,1.13835,1.13892,0.10,1.00
2018.01.10 22:16:25.186,1.13835,1.13889,0.10,1.00
2018.01.10 22:16:25.496,1.13835,1.13893,0.17,1.00
2018.01.10 22:16:25.651,1.13835,1.13891,0.17,1.00
2018.01.10 22:16:25.703,1.13835,1.13891,0.10,1.00
2018.01.10 22:16:25.755,1.13835,1.13889,0.55,1.07
2018.01.10 22:16:26.098,1.13835,1.13888,1.55,1.00
2018.01.10 22:16:26.151,1.13835,1.13888,0.55,1.10
2018.01.10 22:16:26.409,1.13835,1.1389,0.55,1.57
2018.01.10 22:16:26.461,1.13835,1.13888,0.55,1.00
2018.01.10 22:16:27.038,1.13835,1.13888,0.55,1.57
2018.01.10 22:16:27.141,1.13835,1.13888,0.55,1.57
2018.01.10 22:16:27.297,1.13835,1.13891,0.67,1.00
2018.01.10 22:16:27.349,1.13835,1.13887,1.55,1.00
2018.01.10 22:16:27.452,1.13835,1.13887,0.55,1.00
2018.01.10 22:16:27.607,1.13835,1.13889,0.55,1.57
2018.01.10 22:16:27.711,1.13835,1.13889,1.55,1.57
2018.01.10 22:16:28.216,1.13835,1.1389,1.55,1.00
2018.01.10 22:16:28.536,1.13835,1.13888,0.55,1.00
2018.01.10 22:16:28.691,1.13835,1.13887,0.17,1.00
2018.01.10 22:16:28.794,1.13835,1.13879,0.55,1.00
2018.01.10 22:16:29.241,1.13835,1.13879,0.55,1.00
2018.01.10 22:16:29.773,1.13835,1.13879,0.55,1.00
2018.01.10 22:16:30.297,1.13835,1.13879,0.55,1.00
2018.01.10 22:16:30.811,1.13835,1.13879,0.55,1.00
2018.01.10 22:16:31.017,1.13835,1.13879,0.55,1.00
2018.01.10 22:16:31.121,1.13835,1.13879,0.55,1.00
2018.01.10 22:16:31.643,1.13835,1.13879,0.55,1.00
2018.01.10 22:16:31.746,1.13835,1.13879,0.55,1.00
2018.01.10 22:16:31.953,1.13835,1.13879,0.55,1.00
2018.01.10 22:16:32.252,1.13835,1.13879,0.55,1.00
2018.01.10 22:16:32.355,1.13835,1.13879,0.55,1.00
2018.01.10 22:16:32.562,1.13835,1.13879,0.55,1.00
2018.01.10 22:16:32.769,1.13835,1.13879,0.55,1.00
2018.01.10 22:16:32.948,1.13835,1.13879,0.55,1.00
2018.01.10 22:16:33.242,1.13835,1.13879,0.55,1.50
2018.01.10 22:16:33.294,1.13835,1.13879,0.67,1.00
2018.01.10 22:16:33.346,1.13835,1.13879,0.55,1.00
2018.01.10 22:16:33.450,1.13835,1.13879,0.55,1.50
2018.01.10 22:16:33.502,1.13835,1.13877,0.55,1.00
2018.01.10 22:16:33.708,1.13835,1.13879,0.55,1.00
2018.01.10 22:16:33.811,1.13835,1.13879,0.55,1.00
2018.01.10 22:16:34.121,1.13835,1.13878,0.67,1.00
2018.01.10 22:16:34.292,1.13835,1.13879,0.55,1.00
2018.01.10 22:16:34.601,1.13835,1.13877,0.67,1.00
2018.01.10 22:16:34.705,1.13835,1.13879,0.55,1.00
2018.01.10 22:16:35.188,1.13835,1.13879,0.55,1.00
2018.01.10 22:16:35.292,1.13835,1.13879,0.55,1.00
2018.01.10 22:16:35.600,1.13835,1.13879,0.55,1.00
2018.01.10 22:16:36.091,1.13835,1.13879,0.55,1.00
2018.01.10 22:16:36.194,1.13835,1.13879,0.55,1.00
2018.01.10 22:16:36.512,1.13835,1.13879,0.55,1.00
2018.01.10 22:16:36.717,1.13835,1.13879,0.55,1.00
2018.01.10 22:16:36.923,1.13835,1.13879,0.55,1.00
2018.01.10 22:16:37.135,1.13835,1.13879,0.55,1.00
2018.01.10 22:16:37.393,1.13835,1.13879,0.55,1.00
2018.01.10 22:16:37.496,1.13835,1.13879,0.55,1.00
2018.01.10 22:16:38.016,1.13835,1.13879,0.55,1.00
2018.01.10 22:16:38.990,1.13828,1.13879,1.45,1.00
2018.01.10 22:16:39.493,1.13829,1.13879,1.45,1.00
2018.01.10 22:16:39.801,1.13827,1.13879,1.45,1.00
2018.01.10 22:16:39.938,1.13828,1.13879,1.45,1.00
2018.01.10 22:16:40.469,1.13829,1.13879,1.45,1.00
2018.01.10 22:16:40.777,1.13828,1.13879,1.45,1.00
2018.01.10 22:16:41.035,1.1383,1.13879,1.45,1.00
2018.01.10 22:16:41.240,1.13828,1.13879,1.45,1.00
2018.01.10 22:16:41.744,1.13827,1.13879,1.45,1.00
2018.01.10 22:16:41.847,1.13828,1.13879,1.45,1.00
2018.01.10 22:16:42.052,1.13827,1.13879,1.45,1.00
2018.01.10 22:16:42.259,1.13829,1.13879,1.45,1.00
2018.01.10 22:16:42.954,1.13829,1.13879,1.45,1.00
2018.01.10 22:16:43.418,1.13828,1.13879,1.45,1.00
2018.01.10 22:16:43.892,1.13829,1.13879,1.45,1.00
2018.01.10 22:16:44.426,1.13828,1.13879,1.45,1.00
2018.01.10 22:16:44.582,1.13827,1.13879,1.45,1.00
2018.01.10 22:16:44.687,1.13829,1.13879,1.45,1.00
2018.01.10 22:16:44.791,1.13832,1.13888,1.45,1.07
2018.01.10 22:16:44.844,1.13815,1.13883,1.20,1.00
2018.01.10 22:16:44.947,1.13812,1.13882,1.20,1.00
2018.01.10 22:16:45.101,1.13816,1.13886,1.20,1.00
2018.01.10 22:16:45.205,1.13817,1.13887,1.20,1.00
2018.01.10 22:16:45.572,1.13814,1.13886,1.20,1.00
2018.01.10 22:16:45.700,1.13818,1.13889,1.20,1.50
2018.01.10 22:16:45.803,1.13816,1.13889,1.20,1.50
2018.01.10 22:16:45.858,1.13816,1.13889,1.20,1.50
2018.01.10 22:16:46.167,1.13816,1.1389,1.20,1.00
2018.01.10 22:16:46.270,1.13816,1.13889,1.20,1.00
2018.01.10 22:16:46.489,1.1382,1.13892,1.20,1.00
2018.01.10 22:16:46.593,1.13818,1.1389,1.20,1.50
2018.01.10 22:16:46.645,1.13818,1.1389,1.20,1.50
2018.01.10 22:16:47.171,1.13818,1.13889,1.20,1.50
2018.01.10 22:16:47.447,1.13818,1.13892,1.20,1.50
2018.01.10 22:16:47.737,1.13818,1.13888,1.20,1.00
2018.01.10 22:16:48.079,1.13818,1.13891,1.20,1.00
2018.01.10 22:16:48.213,1.13818,1.13888,1.20,1.00
2018.01.10 22:16:48.317,1.13819,1.13888,1.20,1.00
2018.01.10 22:16:48.370,1.13818,1.13879,1.20,1.00
2018.01.10 22:16:48.688,1.13832,1.13879,1.45,1.00
2018.01.10 22:16:49.083,1.1383,1.13879,1.45,1.00
2018.01.10 22:16:49.339,1.13828,1.13879,1.45,1.00
2018.01.10 22:16:49.595,1.13831,1.13879,1.45,1.00
2018.01.10 22:16:49.891,1.13828,1.13879,1.45,1.00
2018.01.10 22:16:50.136,1.13831,1.13879,1.45,1.00
2018.01.10 22:16:50.644,1.13829,1.13879,1.45,1.00
2018.01.10 22:16:51.145,1.13829,1.13874,1.45,1.00
2018.01.10 22:16:51.658,1.13828,1.13874,1.45,1.00
2018.01.10 22:16:52.286,1.13826,1.13874,1.45,1.00
2018.01.10 22:16:52.895,1.13826,1.13874,1.45,1.00
2018.01.10 22:16:52.998,1.13826,1.13879,1.45,1.50
2018.01.10 22:16:53.153,1.13811,1.13879,1.20,1.00
2018.01.10 22:16:53.205,1.13811,1.13885,1.20,1.00
2018.01.10 22:16:53.257,1.13808,1.1388,1.20,1.00
2018.01.10 22:16:53.567,1.13832,1.1389,1.45,1.07
2018.01.10 22:16:53.985,1.13833,1.1389,1.45,1.10
2018.01.10 22:16:54.294,1.13833,1.13888,1.45,1.00
2018.01.10 22:16:54.397,1.13834,1.1389,1.45,1.10
2018.01.10 22:16:54.501,1.13836,1.13897,1.45,1.07
2018.01.10 22:16:54.606,1.13833,1.13889,1.45,1.00
2018.01.10 22:16:54.813,1.13835,1.13892,1.45,1.07
2018.01.10 22:16:54.917,1.13836,1.13894,1.45,1.07
2018.01.10 22:16:54.969,1.13836,1.13888,1.45,1.00
2018.01.10 22:16:55.022,1.13834,1.13888,1.45,1.00
2018.01.10 22:16:55.229,1.13819,1.13893,1.20,1.00
2018.01.10 22:16:55.332,1.1382,1.13895,1.20,1.00
2018.01.10 22:16:55.650,1.13822,1.13888,1.20,1.00
2018.01.10 22:16:55.702,1.13822,1.13892,1.20,1.00
2018.01.10 22:16:55.756,1.13822,1.13895,1.20,1.00
2018.01.10 22:16:56.065,1.13813,1.1389,1.20,1.00
2018.01.10 22:16:56.117,1.13813,1.13895,1.20,1.00
2018.01.10 22:16:56.272,1.13813,1.13891,1.20,1.00
2018.01.10 22:16:56.487,1.13813,1.13893,1.20,1.00
2018.01.10 22:16:56.592,1.13813,1.13897,1.20,1.50
2018.01.10 22:16:56.645,1.13813,1.13894,1.20,1.00
2018.01.10 22:16:56.987,1.13813,1.13892,1.20,1.00
2018.01.10 22:16:57.244,1.13813,1.13895,1.20,1.50
2018.01.10 22:16:57.296,1.13813,1.13892,1.20,1.00
2018.01.10 22:16:57.506,1.13815,1.13895,1.45,1.50
2018.01.10 22:16:57.558,1.13815,1.13889,1.45,1.00
2018.01.10 22:16:57.609,1.13815,1.13894,1.45,1.00
2018.01.10 22:16:57.754,1.13815,1.13891,1.45,1.00
2018.01.10 22:16:58.197,1.13813,1.13894,1.20,1.00
2018.01.10 22:16:58.249,1.13813,1.13894,1.20,1.00
2018.01.10 22:16:58.416,1.13813,1.13892,1.20,1.00
2018.01.10 22:16:58.570,1.13813,1.13895,1.20,1.50
2018.01.10 22:16:58.674,1.13837,1.13895,1.45,1.57
2018.01.10 22:16:58.981,1.13838,1.13892,1.45,1.00
2018.01.10 22:16:59.088,1.13837,1.13892,1.45,1.00
2018.01.10 22:16:59.595,1.13836,1.13892,1.45,1.10
2018.01.10 22:16:59.810,1.13837,1.13895,1.45,1.57
2018.01.10 22:16:59.988,1.13836,1.13892,1.45,1.10
2018.01.10 22:17:00.040,1.13816,1.13892,1.45,1.00
2018.01.10 22:17:00.091,1.13836,1.13892,1.45,1.10
2018.01.10 22:17:00.439,1.13837,1.13892,1.45,1.10
2018.01.10 22:17:00.492,1.13816,1.13892,1.45,1.00
2018.01.10 22:17:00.793,1.13816,1.13894,1.45,1.50
2018.01.10 22:17:00.947,1.13815,1.13891,1.45,1.00
2018.01.10 22:17:00.999,1.13815,1.13891,1.45,1.00
2018.01.10 22:17:01.242,1.13815,1.13894,1.45,1.00
2018.01.10 22:17:01.396,1.13815,1.13892,1.45,1.00
2018.01.10 22:17:01.708,1.13815,1.13888,1.45,1.00
2018.01.10 22:17:02.020,1.13816,1.13887,1.45,1.00
2018.01.10 22:17:02.272,1.13816,1.13891,1.45,1.00
2018.01.10 22:17:02.537,1.13815,1.13888,1.45,1.00
2018.01.10 22:17:02.691,1.13816,1.1389,1.45,1.00
2018.01.10 22:17:03.143,1.13816,1.13892,1.45,1.00
2018.01.10 22:17:03.741,1.13816,1.13892,1.45,1.00
2018.01.10 22:17:03.939,1.13815,1.13888,1.45,1.00
2018.01.10 22:17:04.187,1.13816,1.13891,1.45,1.00
2018.01.10 22:17:04.937,1.13815,1.13895,1.45,1.00
2018.01.10 22:17:05.186,1.13816,1.13892,1.45,1.00
2018.01.10 22:17:05.442,1.13816,1.13895,1.45,1.00
2018.01.10 22:17:05.545,1.13815,1.13889,1.45,1.00
2018.01.10 22:17:05.750,1.13815,1.13896,1.45,1.00
2018.01.10 22:17:05.801,1.13815,1.13898,1.95,1.00
2018.01.10 22:17:06.336,1.13815,1.13893,1.45,1.00
2018.01.10 22:17:06.547,1.13816,1.13896,1.45,1.00
2018.01.10 22:17:06.804,1.13815,1.13894,1.45,1.00
2018.01.10 22:17:07.187,1.13815,1.13891,1.45,1.00
2018.01.10 22:17:07.238,1.13815,1.13894,1.45,1.00
2018.01.10 22:17:07.740,1.13813,1.13893,1.20,1.00
2018.01.10 22:17:07.792,1.13813,1.13891,1.20,1.00
2018.01.10 22:17:07.895,1.13813,1.13893,1.20,1.50
2018.01.10 22:17:08.049,1.13813,1.13893,1.20,1.50
2018.01.10 22:17:08.222,1.13813,1.13896,1.20,1.50
2018.01.10 22:17:08.274,1.13813,1.13888,1.20,1.00
2018.01.10 22:17:08.526,1.13813,1.13893,1.20,1.50
2018.01.10 22:17:08.578,1.13813,1.13891,1.20,1.00
2018.01.10 22:17:09.125,1.13811,1.13891,1.82,1.00
2018.01.10 22:17:09.630,1.1381,1.1389,1.95,1.00
2018.01.10 22:17:09.681,1.1381,1.1389,1.95,1.00
2018.01.10 22:17:10.288,1.1381,1.13891,1.95,1.00
2018.01.10 22:17:10.391,1.13811,1.13885,1.82,1.00
2018.01.10 22:17:10.692,1.1381,1.13883,1.95,1.00
2018.01.10 22:17:11.057,1.13811,1.13888,1.45,1.00
2018.01.10 22:17:11.289,1.13811,1.13885,1.20,1.00
2018.01.10 22:17:11.737,1.13811,1.13885,1.20,1.00
2018.01.10 22:17:11.945,1.13811,1.13889,1.20,1.00
2018.01.10 22:17:12.262,1.13811,1.13885,1.95,1.00
2018.01.10 22:17:12.833,1.13811,1.13883,1.95,1.00
2018.01.10 22:17:12.988,1.13811,1.13888,1.95,1.00
2018.01.10 22:17:13.139,1.13811,1.1389,1.95,1.00
2018.01.10 22:17:13.293,1.13811,1.13885,1.95,1.00
2018.01.10 22:17:13.837,1.13811,1.13881,1.20,1.00
2018.01.10 22:17:13.941,1.13811,1.13888,1.20,1.00
2018.01.10 22:17:14.044,1.13811,1.13891,1.20,1.00
2018.01.10 22:17:14.096,1.13811,1.13891,1.20,1.00
2018.01.10 22:17:14.449,1.13811,1.13886,1.20,1.00
2018.01.10 22:17:14.707,1.13811,1.13886,1.20,1.00
2018.01.10 22:17:14.810,1.13811,1.13881,1.95,1.00
2018.01.10 22:17:14.940,1.13811,1.13894,1.95,1.50
2018.01.10 22:17:15.043,1.13811,1.13894,1.95,1.50
2018.01.10 22:17:15.353,1.13811,1.13885,1.45,1.00
2018.01.10 22:17:15.665,1.13811,1.13885,1.82,1.00
2018.01.10 22:17:15.978,1.1381,1.13888,1.45,1.00
2018.01.10 22:17:16.514,1.13806,1.13887,1.45,1.00
2018.01.10 22:17:17.038,1.13806,1.13888,1.45,1.00
2018.01.10 22:17:17.727,1.13808,1.13887,1.45,1.00
2018.01.10 22:17:18.237,1.13808,1.13888,1.45,1.00
2018.01.10 22:17:20.511,1.13809,1.13888,1.45,1.00
2018.01.10 22:17:21.039,1.13806,1.13888,1.95,1.00
2018.01.10 22:17:21.290,1.13809,1.13888,1.45,1.00
2018.01.10 22:17:21.994,1.1381,1.13888,1.45,1.00
2018.01.10 22:17:22.046,1.13806,1.13888,1.95,1.00
2018.01.10 22:17:22.635,1.13809,1.13888,1.45,1.00
2018.01.10 22:17:23.181,1.13809,1.13888,1.45,1.00
2018.01.10 22:17:23.788,1.13807,1.13888,1.45,1.00
2018.01.10 22:17:24.737,1.13808,1.13889,1.45,1.00
2018.01.10 22:17:25.335,1.13808,1.13889,1.95,1.00
2018.01.10 22:17:25.986,1.1381,1.13888,1.45,1.00
2018.01.10 22:17:26.496,1.13809,1.13888,1.45,1.00
2018.01.10 22:17:27.039,1.13808,1.13887,1.45,1.00
2018.01.10 22:17:27.544,1.1381,1.13888,1.45,1.00
2018.01.10 22:17:28.118,1.1381,1.13888,1.45,1.00
2018.01.10 22:17:28.864,1.13808,1.13889,1.45,1.00
2018.01.10 22:17:29.396,1.13809,1.13888,1.45,1.00
2018.01.10 22:17:29.940,1.13808,1.13888,1.45,1.00
2018.01.10 22:17:30.687,1.13809,1.13889,1.45,1.00
2018.01.10 22:17:31.237,1.13809,1.13888,1.45,1.00
2018.01.10 22:17:31.749,1.1381,1.13888,1.45,1.00
2018.01.10 22:17:32.138,1.13809,1.13887,1.45,1.00
2018.01.10 22:17:32.337,1.13809,1.13889,1.45,1.00
2018.01.10 22:17:32.843,1.1381,1.13889,1.45,1.00
2018.01.10 22:17:33.386,1.13809,1.13889,1.95,1.00
2018.01.10 22:17:33.888,1.13809,1.13889,1.95,1.00
2018.01.10 22:17:34.430,1.13809,1.13889,1.45,1.00
2018.01.10 22:17:34.993,1.13809,1.13888,1.45,1.00
2018.01.10 22:17:35.096,1.13809,1.13888,1.45,1.00
2018.01.10 22:17:35.148,1.13809,1.13888,1.45,1.00
2018.01.10 22:17:35.688,1.13809,1.13888,1.45,1.00
2018.01.10 22:17:36.203,1.13808,1.13889,1.57,1.00
2018.01.10 22:17:36.256,1.13808,1.13889,1.57,1.00
2018.01.10 22:17:36.638,1.13808,1.13891,1.57,1.00
2018.01.10 22:17:36.819,1.13808,1.13888,1.57,1.00
2018.01.10 22:17:37.349,1.13808,1.13888,1.57,1.00
2018.01.10 22:17:37.695,1.13808,1.13885,1.57,1.50
2018.01.10 22:17:38.198,1.13808,1.13886,1.57,1.50
2018.01.10 22:17:38.889,1.13807,1.13885,1.95,1.00
2018.01.10 22:17:39.307,1.13807,1.13885,1.95,1.00
2018.01.10 22:17:39.359,1.13807,1.13883,1.95,1.00
2018.01.10 22:17:39.703,1.13807,1.13883,1.95,1.00
2018.01.10 22:17:39.989,1.13807,1.13883,1.95,1.50
2018.01.10 22:17:40.092,1.13807,1.13883,1.95,1.00
2018.01.10 22:17:40.145,1.13807,1.13884,1.95,1.00
2018.01.10 22:17:40.537,1.13807,1.13887,1.95,1.00
2018.01.10 22:17:40.693,1.13807,1.13885,1.95,1.00
2018.01.10 22:17:40.902,1.13807,1.13887,1.95,1.00
2018.01.10 22:17:41.005,1.13807,1.13887,1.95,1.00
2018.01.10 22:17:41.535,1.13807,1.13887,1.95,1.50
2018.01.10 22:17:41.987,1.13807,1.13884,1.95,1.00
2018.01.10 22:17:42.090,1.13807,1.13884,1.95,1.00
2018.01.10 22:17:42.142,1.13807,1.13884,1.95,1.00
2018.01.10 22:17:42.465,1.13807,1.13884,1.95,1.00
2018.01.10 22:17:42.942,1.13829,1.13884,1.45,1.50
2018.01.10 22:17:43.209,1.13807,1.13884,1.95,1.00
2018.01.10 22:17:43.786,1.13807,1.13884,1.95,1.00
2018.01.10 22:17:44.065,1.13829,1.13884,1.45,1.50
2018.01.10 22:17:44.234,1.13807,1.13884,1.95,1.50
2018.01.10 22:17:44.490,1.13807,1.13886,1.95,1.00
2018.01.10 22:17:44.904,1.13807,1.13884,1.95,1.00
2018.01.10 22:17:45.628,1.13807,1.13885,1.95,1.00
2018.01.10 22:17:45.843,1.13807,1.13887,1.95,1.00
2018.01.10 22:17:45.895,1.13807,1.13883,1.95,1.00
2018.01.10 22:17:46.139,1.13808,1.13886,1.20,1.50
2018.01.10 22:17:46.351,1.13808,1.13884,1.20,1.00
2018.01.10 22:17:46.561,1.13808,1.13884,1.20,1.00
2018.01.10 22:17:46.613,1.13808,1.13885,1.20,1.00
2018.01.10 22:17:46.819,1.13808,1.13884,1.20,1.00
2018.01.10 22:17:46.871,1.13808,1.13884,1.20,1.00
2018.01.10 22:17:47.236,1.13808,1.13884,1.20,1.00
2018.01.10 22:17:47.288,1.13808,1.13884,1.20,1.50
2018.01.10 22:17:47.541,1.13808,1.13886,1.20,1.50
2018.01.10 22:17:47.593,1.13808,1.13886,1.20,1.50
2018.01.10 22:17:47.696,1.13808,1.13885,1.20,1.00
2018.01.10 22:17:48.237,1.13808,1.13886,1.20,1.00
2018.01.10 22:17:48.786,1.13808,1.13885,1.20,1.00
2018.01.10 22:17:49.297,1.13808,1.13886,1.20,1.00
2018.01.10 22:17:49.401,1.13808,1.13886,1.20,1.00
2018.01.10 22:17:49.587,1.13808,1.13886,1.20,1.50
2018.01.10 22:17:49.844,1.13808,1.13886,1.20,1.00
2018.01.10 22:17:50.001,1.13808,1.13885,1.20,1.50
2018.01.10 22:17:50.053,1.13808,1.13885,1.20,1.50
2018.01.10 22:17:50.537,1.13808,1.13884,1.20,1.00
2018.01.10 22:17:50.737,1.13808,1.13886,1.20,1.00
2018.01.10 22:17:50.994,1.13808,1.13886,1.20,1.00
2018.01.10 22:17:51.202,1.13808,1.13886,1.20,1.00
2018.01.10 22:17:51.511,1.13829,1.13886,1.45,1.50
2018.01.10 22:17:51.922,1.13808,1.13885,1.20,1.00
2018.01.10 22:17:52.082,1.13808,1.13885,1.20,1.00
2018.01.10 22:17:52.135,1.1383,1.13886,1.45,1.57
2018.01.10 22:17:52.186,1.13808,1.13886,1.20,1.50
2018.01.10 22:17:52.290,1.13828,1.13883,1.45,1.00
2018.01.10 22:17:52.341,1.13808,1.13883,1.20,1.00
2018.01.10 22:17:52.393,1.13829,1.13883,1.45,1.00
2018.01.10 22:17:52.445,1.13808,1.13883,1.20,1.00
2018.01.10 22:17:52.497,1.13829,1.13884,1.45,1.00
2018.01.10 22:17:52.549,1.13808,1.13886,1.20,1.00
2018.01.10 22:17:52.601,1.1383,1.13886,1.45,1.00
2018.01.10 22:17:52.653,1.13808,1.13886,1.20,1.00
2018.01.10 22:17:52.705,1.1383,1.13886,1.45,1.00
2018.01.10 22:17:52.757,1.13808,1.13886,1.20,1.50
2018.01.10 22:17:52.809,1.13829,1.13886,1.45,1.57
2018.01.10 22:17:52.861,1.13808,1.13886,1.20,1.50
2018.01.10 22:17:52.913,1.13829,1.13886,1.45,1.57
2018.01.10 22:17:53.016,1.13808,1.13886,1.20,1.50
2018.01.10 22:17:53.068,1.1383,1.13886,1.45,1.10
2018.01.10 22:17:53.119,1.13808,1.13886,1.20,1.00
2018.01.10 22:17:53.171,1.1383,1.13886,1.45,1.10
2018.01.10 22:17:53.223,1.13808,1.13886,1.20,1.00
2018.01.10 22:17:53.275,1.1383,1.13886,1.45,1.10
2018.01.10 22:17:53.326,1.13808,1.13886,1.20,1.00
2018.01.10 22:17:53.378,1.1383,1.13886,1.45,1.10
2018.01.10 22:17:53.430,1.13808,1.13886,1.20,1.00
2018.01.10 22:17:53.481,1.13829,1.13886,1.45,1.00
2018.01.10 22:17:53.533,1.13808,1.13886,1.20,1.00
2018.01.10 22:17:53.585,1.13829,1.13886,1.45,1.00
2018.01.10 22:17:53.762,1.13808,1.13886,1.20,1.00
2018.01.10 22:17:53.814,1.13829,1.13886,1.45,1.00
2018.01.10 22:17:53.866,1.13808,1.13886,1.20,1.00
2018.01.10 22:17:53.918,1.1383,1.13885,1.45,1.00
2018.01.10 22:17:53.970,1.13808,1.13885,1.20,1.00
2018.01.10 22:17:54.021,1.1383,1.13885,1.45,1.00
2018.01.10 22:17:54.073,1.13808,1.13885,1.20,1.00
2018.01.10 22:17:54.176,1.13829,1.13885,1.45,1.00
2018.01.10 22:17:54.228,1.13808,1.13885,1.20,1.00
2018.01.10 22:17:54.279,1.1383,1.13885,1.45,1.00
2018.01.10 22:17:54.331,1.13808,1.13885,1.20,1.00
2018.01.10 22:17:54.383,1.1383,1.13885,1.45,1.00
2018.01.10 22:17:54.434,1.13808,1.13885,1.20,1.00
2018.01.10 22:17:54.486,1.1383,1.13885,1.45,1.00
2018.01.10 22:17:54.589,1.13808,1.13885,1.20,1.00
2018.01.10 22:17:54.640,1.1383,1.13885,1.45,1.00
2018.01.10 22:17:54.693,1.13808,1.13885,1.20,1.00
2018.01.10 22:17:54.745,1.1383,1.13885,1.45,1.00
2018.01.10 22:17:54.797,1.13808,1.13885,1.20,1.00
2018.01.10 22:17:54.848,1.1383,1.13885,1.45,1.00
2018.01.10 22:17:54.900,1.13808,1.13885,1.20,1.00
2018.01.10 22:17:54.952,1.13829,1.13883,1.45,1.00
2018.01.10 22:17:55.003,1.13808,1.13883,1.20,1.00
2018.01.10 22:17:55.055,1.13829,1.13883,1.45,1.00
2018.01.10 22:17:55.109,1.13808,1.13883,1.20,1.00
2018.01.10 22:17:55.160,1.13828,1.13883,1.45,1.00
2018.01.10 22:17:55.212,1.13808,1.13885,1.20,1.00
2018.01.10 22:17:55.264,1.13828,1.13885,1.45,1.00
2018.01.10 22:17:55.367,1.13808,1.13885,1.20,1.00
2018.01.10 22:17:55.419,1.13828,1.13885,1.45,1.00
2018.01.10 22:17:55.471,1.13808,1.13884,1.20,1.00
2018.01.10 22:17:55.523,1.13828,1.13884,1.45,1.00
2018.01.10 22:17:55.575,1.13808,1.13884,1.20,1.00
2018.01.10 22:17:55.626,1.13829,1.13884,1.45,1.00
2018.01.10 22:17:55.678,1.13808,1.13884,1.20,1.00
2018.01.10 22:17:55.840,1.1383,1.13886,1.45,1.10
2018.01.10 22:17:55.892,1.13808,1.13886,1.20,1.00
2018.01.10 22:17:55.944,1.13829,1.13886,1.45,1.00
2018.01.10 22:17:55.996,1.13808,1.13886,1.20,1.00
2018.01.10 22:17:56.047,1.13829,1.13886,1.45,1.00
2018.01.10 22:17:56.099,1.13808,1.13885,1.20,1.00
2018.01.10 22:17:56.151,1.1383,1.13885,1.45,1.00
2018.01.10 22:17:56.203,1.13808,1.13885,1.20,1.00
2018.01.10 22:17:56.306,1.1383,1.13885,1.45,1.00
2018.01.10 22:17:56.358,1.13808,1.13882,1.20,1.00
2018.01.10 22:17:56.462,1.13829,1.13882,1.45,1.00
2018.01.10 22:17:56.786,1.13827,1.13882,1.45,1.00
2018.01.10 22:17:57.039,1.13827,1.13884,1.45,1.00
2018.01.10 22:17:57.194,1.13808,1.13874,1.20,1.00
2018.01.10 22:17:57.247,1.13807,1.13869,1.45,1.00
2018.01.10 22:17:57.401,1.13807,1.13872,1.45,1.00
2018.01.10 22:17:57.505,1.13807,1.13876,1.45,1.00
2018.01.10 22:17:57.781,1.13807,1.13875,1.45,1.00
2018.01.10 22:17:57.936,1.13807,1.13877,1.45,1.00
2018.01.10 22:17:57.988,1.13807,1.13878,1.45,1.00
2018.01.10 22:17:58.293,1.13807,1.13874,1.45,1.00
2018.01.10 22:17:58.395,1.13807,1.13876,1.45,1.00
2018.01.10 22:17:58.447,1.13807,1.13882,1.45,1.50
2018.01.10 22:17:58.499,1.13807,1.13882,1.45,1.00
2018.01.10 22:17:58.808,1.13807,1.13877,1.45,1.00
2018.01.10 22:17:58.868,1.13807,1.13881,1.45,1.50
2018.01.10 22:17:58.972,1.13807,1.13882,1.45,1.00
2018.01.10 22:17:59.282,1.13807,1.13876,1.45,1.00
2018.01.10 22:17:59.430,1.13807,1.13881,1.45,1.00
2018.01.10 22:17:59.841,1.13807,1.13884,1.45,1.50
2018.01.10 22:18:00.241,1.13807,1.13882,1.45,1.00
2018.01.10 22:18:00.798,1.13807,1.13882,1.45,1.00
2018.01.10 22:18:01.299,1.13807,1.13883,1.45,1.00
2018.01.10 22:18:01.854,1.13807,1.13883,1.45,1.00
2018.01.10 22:18:02.339,1.13807,1.13882,1.45,1.00
2018.01.10 22:18:02.843,1.13807,1.13883,1.45,1.00
2018.01.10 22:18:02.948,1.13807,1.13883,1.45,1.50
2018.01.10 22:18:03.000,1.13807,1.13883,1.45,1.50
2018.01.10 22:18:03.348,1.13807,1.13883,1.45,1.00
2018.01.10 22:18:03.915,1.13807,1.13883,1.45,1.00
2018.01.10 22:18:04.241,1.13807,1.13885,1.45,1.50
2018.01.10 22:18:04.744,1.13807,1.13884,1.45,1.00
2018.01.10 22:18:05.392,1.13807,1.13885,1.45,1.50
2018.01.10 22:18:05.444,1.13807,1.13883,1.45,1.00
2018.01.10 22:18:05.855,1.13807,1.13885,1.45,1.00
2018.01.10 22:18:06.153,1.13807,1.13883,1.45,1.00
2018.01.10 22:18:06.343,1.13807,1.13886,1.45,1.00
2018.01.10 22:18:07.034,1.13806,1.13885,1.57,1.00
2018.01.10 22:18:07.086,1.13806,1.13882,1.57,1.00
2018.01.10 22:18:07.837,1.13806,1.13882,1.57,1.00
2018.01.10 22:18:07.940,1.13806,1.13885,1.57,1.50
2018.01.10 22:18:08.692,1.13806,1.13885,1.57,1.50
2018.01.10 22:18:08.886,1.13806,1.13885,1.57,1.50
2018.01.10 22:18:09.240,1.13806,1.13885,1.57,1.00
2018.01.10 22:18:09.739,1.13806,1.13881,1.57,1.00
2018.01.10 22:18:10.287,1.13806,1.13881,1.57,1.00
2018.01.10 22:18:10.595,1.13806,1.13878,1.57,1.00
2018.01.10 22:18:10.647,1.13806,1.13878,1.45,1.00
2018.01.10 22:18:10.751,1.13806,1.13875,1.45,1.00
2018.01.10 22:18:10.906,1.13806,1.13878,1.45,1.00
2018.01.10 22:18:11.152,1.13806,1.13874,1.45,1.00
2018.01.10 22:18:11.205,1.13806,1.13873,1.45,1.00
2018.01.10 22:18:11.309,1.13806,1.13875,1.45,1.00
2018.01.10 22:18:11.516,1.13806,1.13878,1.45,1.00
2018.01.10 22:18:11.568,1.13806,1.13872,1.45,1.00
2018.01.10 22:18:11.621,1.13806,1.13871,1.45,1.00
2018.01.10 22:18:11.841,1.13806,1.13875,1.45,1.00
2018.01.10 22:18:11.945,1.13806,1.13871,1.45,1.00
2018.01.10 22:18:12.002,1.13806,1.1387,1.45,1.00
2018.01.10 22:18:12.105,1.13806,1.1387,1.45,1.00
2018.01.10 22:18:12.209,1.13806,1.13874,1.45,1.00
2018.01.10 22:18:12.312,1.13806,1.13876,1.45,1.00
2018.01.10 22:18:12.364,1.13806,1.13876,1.45,1.00
2018.01.10 22:18:12.674,1.13806,1.13872,1.45,1.00
2018.01.10 22:18:12.726,1.13806,1.13874,1.45,1.00
2018.01.10 22:18:12.890,1.13806,1.13871,1.45,1.00
2018.01.10 22:18:13.133,1.13806,1.13875,1.45,1.00
2018.01.10 22:18:13.185,1.13806,1.13877,1.45,1.00
2018.01.10 22:18:13.237,1.13806,1.13877,1.45,1.50
2018.01.10 22:18:13.289,1.13806,1.13873,1.45,1.50
2018.01.10 22:18:13.341,1.13806,1.13872,1.45,1.00
2018.01.10 22:18:13.548,1.13806,1.13875,1.45,1.50
2018.01.10 22:18:13.600,1.13806,1.13877,1.45,1.00
2018.01.10 22:18:13.853,1.13806,1.13878,1.45,1.00
2018.01.10 22:18:14.640,1.13806,1.13878,1.45,1.00
2018.01.10 22:18:15.202,1.13806,1.13879,1.45,1.00
2018.01.10 22:18:15.731,1.13806,1.13879,1.45,1.00
2018.01.10 22:18:16.673,1.13806,1.1388,1.45,1.00
2018.01.10 22:18:17.279,1.13806,1.1388,1.45,1.00
2018.01.10 22:18:20.465,1.13806,1.13879,1.45,1.00
2018.01.10 22:18:21.490,1.13806,1.13877,1.45,1.00
2018.01.10 22:18:21.645,1.13806,1.13877,1.45,1.00
2018.01.10 22:18:21.788,1.13806,1.13879,1.45,1.50
2018.01.10 22:18:21.840,1.13806,1.13875,1.45,1.00
2018.01.10 22:18:22.149,1.13806,1.13872,1.45,1.00
2018.01.10 22:18:22.201,1.13806,1.13871,1.45,1.00
2018.01.10 22:18:22.407,1.13806,1.13875,1.45,1.00
2018.01.10 22:18:22.523,1.13806,1.13876,1.45,1.00
2018.01.10 22:18:22.833,1.13806,1.13872,1.45,1.00
2018.01.10 22:18:22.993,1.13806,1.13876,1.45,1.00
2018.01.10 22:18:23.148,1.13806,1.13873,1.45,1.50
2018.01.10 22:18:23.252,1.13806,1.13873,1.45,1.50
2018.01.10 22:18:23.562,1.13806,1.13873,1.45,1.00
2018.01.10 22:18:23.665,1.13806,1.13872,1.45,1.00
2018.01.10 22:18:23.769,1.13806,1.13872,1.45,1.00
2018.01.10 22:18:23.906,1.13806,1.13875,1.45,1.00
2018.01.10 22:18:24.010,1.13806,1.13875,1.45,1.00
2018.01.10 22:18:24.372,1.13806,1.13874,1.45,1.00
2018.01.10 22:18:24.545,1.13806,1.13871,1.45,1.00
2018.01.10 22:18:24.598,1.13806,1.13871,1.45,1.00
2018.01.10 22:18:24.840,1.13806,1.13873,1.45,1.00
2018.01.10 22:18:24.893,1.13806,1.13873,1.45,1.00
2018.01.10 22:18:25.099,1.13806,1.13873,1.45,1.00
2018.01.10 22:18:25.305,1.13806,1.13873,1.45,1.00
2018.01.10 22:18:25.409,1.13806,1.13877,1.45,1.00
2018.01.10 22:18:25.615,1.13806,1.13877,1.45,1.00
2018.01.10 22:18:26.193,1.13806,1.13877,1.45,1.00
2018.01.10 22:18:26.640,1.13806,1.13877,1.45,1.50
2018.01.10 22:18:26.692,1.13806,1.13875,1.45,1.00
2018.01.10 22:18:27.005,1.13806,1.13873,1.45,1.00
2018.01.10 22:18:27.322,1.13806,1.13874,1.45,1.00
2018.01.10 22:18:27.425,1.13806,1.13872,1.45,1.00
2018.01.10 22:18:27.580,1.13806,1.13872,1.45,1.00
2018.01.10 22:18:27.786,1.13806,1.13871,1.45,1.00
2018.01.10 22:18:27.889,1.13806,1.13871,1.45,1.50
2018.01.10 22:18:28.044,1.13806,1.13874,1.45,1.00
2018.01.10 22:18:28.097,1.13806,1.13874,1.45,1.00
2018.01.10 22:18:28.148,1.13806,1.13874,1.45,1.00
2018.01.10 22:18:28.354,1.13806,1.13875,1.45,1.00
2018.01.10 22:18:29.170,1.13806,1.13876,1.45,1.50
2018.01.10 22:18:30.178,1.13806,1.13876,1.45,1.00
2018.01.10 22:18:30.487,1.13806,1.13874,1.45,1.00
2018.01.10 22:18:31.200,1.13806,1.13874,1.45,1.00
2018.01.10 22:18:31.355,1.13806,1.13874,1.45,1.00
2018.01.10 22:18:31.458,1.13806,1.13874,1.45,1.00
2018.01.10 22:18:31.664,1.13806,1.13874,1.45,1.00
2018.01.10 22:18:31.767,1.13806,1.13874,1.45,1.00
2018.01.10 22:18:32.444,1.13806,1.13873,1.45,1.00
2018.01.10 22:18:33.535,1.13807,1.13876,1.45,1.00
2018.01.10 22:18:33.639,1.13807,1.13876,1.45,1.50
2018.01.10 22:18:34.087,1.13807,1.13874,1.45,1.00
2018.01.10 22:18:34.397,1.13807,1.13877,1.45,1.00
2018.01.10 22:18:34.449,1.13807,1.13872,1.45,1.00
2018.01.10 22:18:34.809,1.13802,1.13873,1.45,1.00
2018.01.10 22:18:34.861,1.13802,1.13873,1.45,1.00
2018.01.10 22:18:35.074,1.13802,1.13872,1.45,1.00
2018.01.10 22:18:35.332,1.13802,1.13873,1.45,1.50
2018.01.10 22:18:35.591,1.13802,1.13871,1.45,1.00
2018.01.10 22:18:35.686,1.13802,1.13873,1.45,1.50
2018.01.10 22:18:36.201,1.13802,1.13873,1.45,1.50
2018.01.10 22:18:36.732,1.13802,1.13873,1.45,1.00
2018.01.10 22:18:37.905,1.13802,1.13871,1.45,1.00
2018.01.10 22:18:38.132,1.13801,1.13873,1.45,1.00
2018.01.10 22:18:38.390,1.13801,1.13873,1.45,1.50
2018.01.10 22:18:38.544,1.13801,1.13873,1.45,1.50
2018.01.10 22:18:39.059,1.13801,1.13872,1.45,1.00
2018.01.10 22:18:39.111,1.13801,1.13874,1.45,1.50
2018.01.10 22:18:39.287,1.13801,1.13871,1.45,1.00
2018.01.10 22:18:39.493,1.13801,1.13873,1.45,1.50
2018.01.10 22:18:39.597,1.13801,1.13874,1.45,1.50
2018.01.10 22:18:39.905,1.13801,1.13872,1.45,1.00
2018.01.10 22:18:39.958,1.13801,1.13874,1.45,1.50
2018.01.10 22:18:40.010,1.13801,1.13874,1.45,1.00
2018.01.10 22:18:40.161,1.13801,1.1387,1.45,1.00
2018.01.10 22:18:40.439,1.13801,1.13874,1.45,1.50
2018.01.10 22:18:40.542,1.13801,1.13872,1.45,1.00
2018.01.10 22:18:40.821,1.13801,1.13873,1.45,1.00
2018.01.10 22:18:40.924,1.13801,1.13873,1.45,1.00
2018.01.10 22:18:41.402,1.13801,1.13872,1.45,1.00
2018.01.10 22:18:41.454,1.13801,1.13869,1.45,1.00
2018.01.10 22:18:41.506,1.13801,1.13869,1.45,1.00
2018.01.10 22:18:41.737,1.13801,1.1387,1.45,1.00
2018.01.10 22:18:42.242,1.13801,1.1387,1.45,1.00
2018.01.10 22:18:43.587,1.13801,1.13871,1.45,1.00
2018.01.10 22:18:44.106,1.13801,1.1387,1.45,1.00
2018.01.10 22:18:44.263,1.13801,1.13872,1.45,1.00
2018.01.10 22:18:44.315,1.13801,1.13872,1.45,1.00
2018.01.10 22:18:44.785,1.13801,1.13872,1.45,1.00
2018.01.10 22:18:45.014,1.13801,1.1387,1.45,1.00
2018.01.10 22:18:45.323,1.13801,1.13871,1.45,1.00
2018.01.10 22:18:45.529,1.13801,1.13873,1.45,1.00
2018.01.10 22:18:46.586,1.13801,1.13872,1.45,1.00
2018.01.10 22:18:47.092,1.13801,1.13873,1.45,1.00
2018.01.10 22:18:47.640,1.13801,1.13874,1.45,1.50
2018.01.10 22:18:48.184,1.13801,1.13873,1.45,1.00
2018.01.10 22:18:49.940,1.13801,1.13874,1.45,1.50
2018.01.10 22:18:50.489,1.13801,1.13873,1.45,1.00
2018.01.10 22:18:51.039,1.13801,1.13874,1.45,1.50
2018.01.10 22:18:51.338,1.13801,1.13872,1.45,1.00
2018.01.10 22:18:53.614,1.13801,1.13874,1.45,1.00
2018.01.10 22:18:53.880,1.13801,1.13874,1.45,1.00
2018.01.10 22:18:55.579,1.13801,1.13874,1.45,1.00
2018.01.10 22:18:56.055,1.13801,1.13874,1.45,1.00
2018.01.10 22:18:56.945,1.13801,1.13874,1.45,1.00
2018.01.10 22:18:57.453,1.13804,1.13874,1.20,1.00
2018.01.10 22:19:00.833,1.13807,1.13879,1.20,1.50
2018.01.10 22:19:01.337,1.13805,1.13879,1.20,1.50
2018.01.10 22:19:02.850,1.13806,1.13879,1.20,1.50
2018.01.10 22:19:02.954,1.13806,1.13879,1.20,1.50
2018.01.10 22:19:04.052,1.13807,1.13878,1.20,1.00
2018.01.10 22:19:04.554,1.13805,1.13878,1.20,1.00
2018.01.10 22:19:05.192,1.13804,1.13878,1.20,1.00
2018.01.10 22:19:05.696,1.13806,1.13878,1.20,1.00
2018.01.10 22:19:06.012,1.13804,1.13878,1.20,1.00
2018.01.10 22:19:06.124,1.13806,1.13878,1.20,1.00
2018.01.10 22:19:06.563,1.13806,1.13878,1.20,1.00
2018.01.10 22:19:07.097,1.13804,1.13879,1.20,1.50
2018.01.10 22:19:07.149,1.13804,1.13879,1.20,1.50
2018.01.10 22:19:07.252,1.13806,1.13879,1.20,1.50
2018.01.10 22:19:08.343,1.13804,1.13879,1.20,1.50
2018.01.10 22:19:09.137,1.13806,1.13879,1.20,1.00
2018.01.10 22:19:09.986,1.13804,1.13878,1.20,1.00
2018.01.10 22:19:10.535,1.13806,1.13878,1.20,1.00
2018.01.10 22:19:11.187,1.13804,1.13878,1.20,1.00
2018.01.10 22:19:11.338,1.13804,1.13878,1.20,1.00
2018.01.10 22:19:11.554,1.13802,1.13876,1.20,1.00
2018.01.10 22:19:12.837,1.13803,1.13876,1.20,1.00
2018.01.10 22:19:12.940,1.13803,1.13876,1.20,1.00
2018.01.10 22:19:13.338,1.13804,1.13879,1.20,2.25
2018.01.10 22:19:15.289,1.13806,1.13878,1.20,1.00
2018.01.10 22:19:17.334,1.13806,1.13879,1.20,2.25
2018.01.10 22:19:18.344,1.13806,1.13878,1.20,1.00
2018.01.10 22:19:19.138,1.13805,1.13879,1.20,1.50
2018.01.10 22:19:19.735,1.13805,1.13878,1.20,1.00
2018.01.10 22:19:20.387,1.13804,1.13879,1.20,2.25
2018.01.10 22:19:21.577,1.13804,1.13878,1.20,1.00
2018.01.10 22:19:22.567,1.13804,1.13879,1.20,2.25
2018.01.10 22:19:28.506,1.13806,1.13879,1.20,2.25
2018.01.10 22:19:29.718,1.13806,1.13879,1.20,2.25
2018.01.10 22:19:30.385,1.13806,1.13878,1.20,1.00
2018.01.10 22:19:30.935,1.13806,1.13879,1.20,1.50
2018.01.10 22:19:31.442,1.13806,1.13879,1.20,2.25
2018.01.10 22:19:33.077,1.13805,1.13878,1.20,1.00
2018.01.10 22:19:33.229,1.13805,1.13878,1.20,1.00
2018.01.10 22:19:33.461,1.13805,1.13879,1.20,2.25
2018.01.10 22:19:37.741,1.13806,1.13879,1.20,2.25
2018.01.10 22:19:38.286,1.13805,1.13879,1.20,2.25
2018.01.10 22:19:38.456,1.13805,1.13879,1.20,1.50
2018.01.10 22:19:39.007,1.13805,1.13879,1.20,3.00
2018.01.10 22:19:39.702,1.13801,1.13879,1.45,2.25
2018.01.10 22:19:39.805,1.13801,1.13879,1.45,2.25
2018.01.10 22:19:40.388,1.13801,1.13879,1.45,2.25
2018.01.10 22:19:40.635,1.13811,1.1388,1.20,1.00
2018.01.10 22:19:42.115,1.13812,1.1388,1.20,1.00
2018.01.10 22:19:44.484,1.13812,1.1388,1.20,1.00
2018.01.10 22:19:46.464,1.13812,1.1388,1.20,1.00
2018.01.10 22:19:46.935,1.13812,1.13882,1.20,1.00
2018.01.10 22:19:47.257,1.13811,1.13882,2.25,1.00
2018.01.10 22:19:47.324,1.13811,1.13882,2.70,1.00
2018.01.10 22:20:00.269,1.13812,1.13878,1.20,1.00
2018.01.10 22:20:00.641,1.13806,1.13878,2.70,1.00
2018.01.10 22:20:00.693,1.13802,1.13868,1.51,1.00
2018.01.10 22:20:00.798,1.13796,1.13865,2.70,1.00
2018.01.10 22:20:00.851,1.13796,1.13866,2.70,1.00
2018.01.10 22:20:00.902,1.13796,1.13857,1.95,1.00
2018.01.10 22:20:01.006,1.13796,1.13855,1.26,1.00
2018.01.10 22:20:01.264,1.13796,1.13855,1.26,1.00
2018.01.10 22:20:01.368,1.13796,1.13855,1.26,1.00
2018.01.10 22:20:01.883,1.13796,1.13855,1.29,1.00
2018.01.10 22:20:02.038,1.13796,1.13855,1.10,1.00
2018.01.10 22:20:02.609,1.13796,1.13855,1.26,1.00
2018.01.10 22:20:02.661,1.13796,1.13855,1.26,1.00
2018.01.10 22:20:02.816,1.13796,1.13855,1.32,1.00
2018.01.10 22:20:02.868,1.13796,1.13855,1.32,1.00
2018.01.10 22:20:03.407,1.13796,1.13855,1.25,1.00
2018.01.10 22:20:03.459,1.13796,1.13855,1.32,1.00
2018.01.10 22:20:03.614,1.13796,1.13858,1.82,1.00
2018.01.10 22:20:03.666,1.13796,1.13861,1.95,1.00
2018.01.10 22:20:03.925,1.13796,1.13857,1.32,1.00
2018.01.10 22:20:04.282,1.13796,1.1386,1.32,1.00
2018.01.10 22:20:04.334,1.13796,1.13857,1.20,1.00
2018.01.10 22:20:04.438,1.13796,1.13857,1.07,1.00
2018.01.10 22:20:04.541,1.13796,1.13859,1.57,1.00
2018.01.10 22:20:04.593,1.13796,1.13861,1.95,1.00
2018.01.10 22:20:04.762,1.13796,1.13861,1.26,1.00
2018.01.10 22:20:04.814,1.13796,1.13858,1.26,1.00
2018.01.10 22:20:05.073,1.13796,1.1386,2.32,1.00
2018.01.10 22:20:05.338,1.13796,1.13856,1.07,1.00
2018.01.10 22:20:05.539,1.13796,1.13859,1.26,1.00
2018.01.10 22:20:05.695,1.13796,1.13856,1.07,1.00
2018.01.10 22:20:05.954,1.13796,1.13859,1.07,1.00
2018.01.10 22:20:06.006,1.13796,1.13859,1.26,1.00
2018.01.10 22:20:06.321,1.13796,1.13855,1.07,1.00
2018.01.10 22:20:06.425,1.13796,1.13857,1.07,1.00
2018.01.10 22:20:06.528,1.13796,1.13861,1.26,1.00
2018.01.10 22:20:06.580,1.13796,1.13853,1.07,1.00
2018.01.10 22:20:06.838,1.13796,1.13857,1.10,1.00
2018.01.10 22:20:06.890,1.13793,1.13857,1.20,1.00
2018.01.10 22:20:06.943,1.13794,1.1386,1.95,1.00
2018.01.10 22:20:06.995,1.13792,1.13857,1.45,1.00
2018.01.10 22:20:07.306,1.13794,1.13858,1.20,1.00
2018.01.10 22:20:07.358,1.13793,1.13861,1.64,1.00
2018.01.10 22:20:08.265,1.13793,1.13861,1.64,1.00
2018.01.10 22:20:08.316,1.13792,1.13856,1.64,1.00
2018.01.10 22:20:08.967,1.13797,1.13857,1.07,1.00
2018.01.10 22:20:09.662,1.13797,1.13857,1.07,1.00
2018.01.10 22:20:12.715,1.13797,1.13862,1.00,1.00
2018.01.10 22:20:12.921,1.13797,1.13863,1.07,1.00
2018.01.10 22:20:12.973,1.13797,1.13864,1.00,1.00
2018.01.10 22:20:13.025,1.13797,1.13861,1.00,1.00
2018.01.10 22:20:13.078,1.13797,1.13863,1.00,1.00
2018.01.10 22:20:13.555,1.13797,1.13863,1.07,1.00
2018.01.10 22:20:14.120,1.13797,1.13862,1.07,1.00
2018.01.10 22:20:14.686,1.13796,1.13862,1.07,1.00
2018.01.10 22:20:16.670,1.13796,1.13862,1.07,1.50
2018.01.10 22:20:17.191,1.13796,1.1386,1.00,1.00
2018.01.10 22:20:17.987,1.13796,1.13861,1.00,1.00
2018.01.10 22:20:19.477,1.13792,1.13859,1.00,1.00
2018.01.10 22:20:20.007,1.13792,1.1386,1.00,1.00
2018.01.10 22:20:20.680,1.13792,1.13859,1.00,1.00
2018.01.10 22:20:21.258,1.13792,1.1386,1.00,1.00
2018.01.10 22:20:22.334,1.13792,1.1386,1.32,1.00
2018.01.10 22:20:22.386,1.13792,1.13861,1.01,1.00
2018.01.10 22:20:25.736,1.13788,1.13861,1.85,1.00
2018.01.10 22:20:25.788,1.13791,1.13859,1.75,1.00
2018.01.10 22:20:25.840,1.13786,1.13859,1.82,1.00
2018.01.10 22:20:27.579,1.13787,1.13859,1.85,1.00
2018.01.10 22:20:29.233,1.13789,1.13862,1.20,1.00
2018.01.10 22:20:29.897,1.13792,1.13861,1.20,1.00
2018.01.10 22:20:30.237,1.13787,1.13857,1.20,1.00
2018.01.10 22:20:30.376,1.13787,1.13862,1.20,1.00
2018.01.10 22:20:30.821,1.13796,1.1386,1.45,1.20
2018.01.10 22:20:31.041,1.13799,1.13865,1.45,1.20
2018.01.10 22:20:31.145,1.13801,1.13865,1.45,1.07
2018.01.10 22:20:31.324,1.13796,1.13859,1.45,1.07
2018.01.10 22:20:31.537,1.13786,1.13867,1.20,1.00
2018.01.10 22:20:31.590,1.13786,1.13869,1.20,1.00
2018.01.10 22:20:31.642,1.13785,1.13865,1.20,1.00
2018.01.10 22:20:31.952,1.13798,1.13854,1.45,1.00
2018.01.10 22:20:32.005,1.13789,1.13858,1.20,1.00
2018.01.10 22:20:32.109,1.13785,1.1386,1.20,1.00
2018.01.10 22:20:32.163,1.13785,1.13862,1.20,1.00
2018.01.10 22:20:32.268,1.13796,1.13854,1.45,1.07
2018.01.10 22:20:32.526,1.13786,1.13862,1.20,1.00
2018.01.10 22:20:32.579,1.13786,1.13862,1.20,1.00
2018.01.10 22:20:32.682,1.13786,1.13862,1.20,1.00
2018.01.10 22:20:32.985,1.13793,1.13852,1.45,1.10
2018.01.10 22:20:33.037,1.13785,1.13861,1.20,1.00
2018.01.10 22:20:33.141,1.13785,1.13857,1.20,1.00
2018.01.10 22:20:33.401,1.13785,1.13854,1.20,1.00
2018.01.10 22:20:33.453,1.13783,1.13861,1.20,1.00
2018.01.10 22:20:33.602,1.13783,1.13861,1.20,1.00
2018.01.10 22:20:33.941,1.13777,1.13863,1.20,1.00
2018.01.10 22:20:34.147,1.13775,1.13856,1.49,1.00
2018.01.10 22:20:34.199,1.13775,1.13855,1.49,1.00
2018.01.10 22:20:34.421,1.13776,1.13858,1.20,1.00
2018.01.10 22:20:34.473,1.13776,1.13863,1.20,1.00
2018.01.10 22:20:34.577,1.13777,1.13852,1.20,1.00
2018.01.10 22:20:34.629,1.13777,1.13854,1.20,1.00
2018.01.10 22:20:34.770,1.13777,1.13854,1.20,1.00
2018.01.10 22:20:34.890,1.13779,1.13854,1.20,1.00
2018.01.10 22:20:34.942,1.13776,1.13858,1.20,1.00
2018.01.10 22:20:34.995,1.13775,1.1385,1.49,1.00
2018.01.10 22:20:35.047,1.13775,1.1385,1.49,1.00
2018.01.10 22:20:35.238,1.13777,1.13856,1.20,1.00
2018.01.10 22:20:35.290,1.13776,1.13861,1.20,1.00
2018.01.10 22:20:35.342,1.13778,1.13863,1.20,1.00
2018.01.10 22:20:35.651,1.13775,1.13856,1.49,1.00
2018.01.10 22:20:35.704,1.13776,1.1386,1.20,1.50
2018.01.10 22:20:35.756,1.13778,1.13862,1.20,1.00
2018.01.10 22:20:35.808,1.13778,1.13867,1.20,1.00
2018.01.10 22:20:35.912,1.13778,1.13865,1.20,1.00
2018.01.10 22:20:36.119,1.13777,1.13858,1.75,1.00
2018.01.10 22:20:36.223,1.13778,1.13858,1.75,1.00
2018.01.10 22:20:36.342,1.13778,1.13863,1.75,1.00
2018.01.10 22:20:36.446,1.13786,1.13854,1.20,1.00
2018.01.10 22:20:36.707,1.13779,1.13858,1.20,1.50
2018.01.10 22:20:36.759,1.1378,1.13855,1.20,1.00
2018.01.10 22:20:36.811,1.1378,1.1386,1.20,1.50
2018.01.10 22:20:36.864,1.13784,1.13855,1.20,1.00
2018.01.10 22:20:37.122,1.13778,1.13858,1.20,1.00
2018.01.10 22:20:37.175,1.1378,1.13861,1.20,1.00
2018.01.10 22:20:37.228,1.1378,1.13861,1.20,1.00
2018.01.10 22:20:37.280,1.13778,1.13851,1.20,1.00
2018.01.10 22:20:37.332,1.13778,1.13851,1.20,1.00
2018.01.10 22:20:37.491,1.13782,1.13854,1.20,1.50
2018.01.10 22:20:37.543,1.13778,1.13857,1.20,1.00
2018.01.10 22:20:37.782,1.13778,1.13848,1.20,1.00
2018.01.10 22:20:37.989,1.13778,1.13848,1.20,1.00
2018.01.10 22:20:38.041,1.13779,1.13856,1.20,1.00
2018.01.10 22:20:38.093,1.13779,1.13859,1.20,1.50
2018.01.10 22:20:38.272,1.1378,1.13849,1.20,1.00
2018.01.10 22:20:38.542,1.13776,1.13857,1.75,1.00
2018.01.10 22:20:38.787,1.13781,1.13855,1.51,1.50
2018.01.10 22:20:39.045,1.13779,1.13857,1.20,1.00
2018.01.10 22:20:39.251,1.13781,1.13853,1.20,1.00
2018.01.10 22:20:39.531,1.13777,1.13858,1.20,1.50
2018.01.10 22:20:39.783,1.13778,1.13855,1.20,1.00
2018.01.10 22:20:40.176,1.13776,1.1385,1.75,1.00
2018.01.10 22:20:40.435,1.13775,1.13858,1.85,1.00
2018.01.10 22:20:40.685,1.13778,1.13855,1.75,1.50
2018.01.10 22:20:40.904,1.13776,1.13854,1.75,1.00
2018.01.10 22:20:40.956,1.13775,1.13856,0.85,1.00
2018.01.10 22:20:41.059,1.13775,1.13853,1.85,1.00
2018.01.10 22:20:41.342,1.13775,1.13858,0.85,1.50
2018.01.10 22:20:41.445,1.13776,1.13853,1.75,1.50
2018.01.10 22:20:41.703,1.13778,1.13856,1.75,1.00
2018.01.10 22:20:41.755,1.13775,1.13857,1.85,1.00
2018.01.10 22:20:43.945,1.13775,1.13855,0.85,1.00
2018.01.10 22:20:43.998,1.13776,1.13867,1.75,1.50
2018.01.10 22:20:44.501,1.13777,1.13866,1.75,1.00
2018.01.10 22:20:45.035,1.13778,1.13869,1.75,1.00
2018.01.10 22:20:45.468,1.13777,1.13869,1.75,1.00
2018.01.10 22:20:46.559,1.13778,1.13869,2.25,1.00
2018.01.10 22:20:46.868,1.13778,1.1387,1.00,1.00
2018.01.10 22:20:46.920,1.13775,1.13863,0.10,1.00
2018.01.10 22:20:47.986,1.13775,1.13866,0.10,1.00
2018.01.10 22:20:49.817,1.13775,1.13869,0.10,1.50
2018.01.10 22:20:50.516,1.13775,1.13866,0.10,1.00
2018.01.10 22:20:51.287,1.1379,1.13879,1.00,1.25
2018.01.10 22:20:51.340,1.13789,1.13885,1.00,1.25
2018.01.10 22:20:51.958,1.13792,1.13886,1.00,1.00
2018.01.10 22:21:00.298,1.1379,1.13886,1.19,1.00
2018.01.10 22:21:00.638,1.13792,1.13885,1.19,1.00
2018.01.10 22:21:00.939,1.13793,1.13885,1.69,1.00
2018.01.10 22:21:02.117,1.13794,1.13885,1.19,1.00
2018.01.10 22:21:02.759,1.13793,1.13889,1.50,1.69
2018.01.10 22:21:02.811,1.13793,1.13889,1.50,1.50
2018.01.10 22:21:03.371,1.13793,1.13887,1.50,1.00
2018.01.10 22:21:04.181,1.13793,1.13889,1.50,1.50
2018.01.10 22:21:04.980,1.13793,1.13886,1.19,1.00
2018.01.10 22:21:06.553,1.13793,1.13886,1.75,1.00
2018.01.10 22:21:06.605,1.13796,1.13889,1.25,1.50
2018.01.10 22:21:07.163,1.13796,1.13889,1.19,1.50
2018.01.10 22:21:10.643,1.13796,1.13889,1.25,1.50
2018.01.10 22:21:14.444,1.13796,1.13887,1.20,1.00
2018.01.10 22:21:14.772,1.13794,1.13879,1.64,1.00
2018.01.10 22:21:15.415,1.13795,1.13879,1.20,1.00
2018.01.10 22:21:15.930,1.13795,1.13879,1.20,1.00
2018.01.10 22:21:16.163,1.13795,1.13878,1.20,1.00
2018.01.10 22:21:16.215,1.13794,1.13875,1.95,1.00
2018.01.10 22:21:16.635,1.13794,1.13877,1.95,1.00
2018.01.10 22:21:17.832,1.13795,1.13884,1.64,1.00
2018.01.10 22:21:18.385,1.13795,1.13883,1.64,1.00
2018.01.10 22:21:18.869,1.13797,1.13885,1.20,1.00
2018.01.10 22:21:19.271,1.13794,1.13885,1.94,1.00
2018.01.10 22:21:19.718,1.13798,1.13885,1.07,1.00
2018.01.10 22:21:19.910,1.13794,1.13885,1.94,1.00
2018.01.10 22:21:21.405,1.13794,1.13887,1.69,1.00
2018.01.10 22:21:22.405,1.13794,1.13887,1.76,1.00
2018.01.10 22:21:23.235,1.13794,1.13887,1.31,1.00
2018.01.10 22:21:23.848,1.13794,1.13887,1.87,1.00
2018.01.10 22:21:24.235,1.13794,1.13887,1.01,1.50
2018.01.10 22:21:25.553,1.13794,1.13884,1.89,1.00
2018.01.10 22:21:27.262,1.13794,1.13884,1.89,1.00
2018.01.10 22:21:27.366,1.13795,1.13884,1.20,1.00
2018.01.10 22:21:28.351,1.13795,1.13884,1.20,1.00
2018.01.10 22:21:29.106,1.13795,1.13884,1.20,1.00
2018.01.10 22:21:30.140,1.13795,1.13884,1.20,1.00
2018.01.10 22:21:30.648,1.13794,1.13884,1.76,1.00
2018.01.10 22:21:31.462,1.13796,1.13884,1.20,1.00
2018.01.10 22:21:32.474,1.13796,1.13885,1.20,1.50
2018.01.10 22:21:40.582,1.13797,1.13885,1.20,1.00
2018.01.10 22:21:41.260,1.13797,1.13884,1.20,1.00
2018.01.10 22:21:41.668,1.13797,1.13883,1.20,1.00
2018.01.10 22:21:42.075,1.13798,1.13883,1.20,1.00
2018.01.10 22:21:42.579,1.13798,1.13883,1.20,1.00
2018.01.10 22:21:43.238,1.13798,1.13883,1.20,1.00
2018.01.10 22:21:43.930,1.13801,1.13883,1.20,1.00
2018.01.10 22:21:45.766,1.13799,1.13883,1.20,1.00
2018.01.10 22:21:46.354,1.13799,1.13883,1.20,1.00
2018.01.10 22:21:47.232,1.13799,1.13883,1.20,1.00
2018.01.10 22:21:47.891,1.13799,1.13883,1.20,1.00
2018.01.10 22:21:57.846,1.13801,1.13883,1.20,1.00
2018.01.10 22:22:02.131,1.13798,1.13883,1.20,1.00
2018.01.10 22:22:02.298,1.13796,1.13883,2.32,1.00
2018.01.10 22:22:03.542,1.13798,1.13883,1.20,1.00
2018.01.10 22:22:06.309,1.13793,1.13873,1.75,1.00
2018.01.10 22:22:06.674,1.13795,1.13873,1.75,1.00
2018.01.10 22:22:07.572,1.13788,1.13873,1.68,1.00
2018.01.10 22:22:07.727,1.13788,1.13873,2.43,2.25
2018.01.10 22:22:08.036,1.1379,1.13865,1.18,1.00
2018.01.10 22:22:08.646,1.13795,1.13865,1.75,1.00
2018.01.10 22:22:08.976,1.13796,1.13865,1.75,1.00
2018.01.10 22:22:10.555,1.13796,1.13865,1.75,1.00
2018.01.10 22:22:10.886,1.1379,1.13865,1.75,1.00
2018.01.10 22:22:11.074,1.13789,1.13864,2.25,1.00
2018.01.10 22:22:11.126,1.13792,1.13864,1.75,1.00
2018.01.10 22:22:11.281,1.13788,1.13864,1.19,1.00
2018.01.10 22:22:11.436,1.13788,1.13864,1.75,1.00
2018.01.10 22:22:11.746,1.13795,1.13865,1.95,1.00
2018.01.10 22:22:11.850,1.13789,1.13864,1.82,1.00
2018.01.10 22:22:11.954,1.13789,1.13864,1.75,1.00
2018.01.10 22:22:12.212,1.13795,1.13864,1.75,1.00
2018.01.10 22:22:12.519,1.13804,1.13864,1.75,1.00
2018.01.10 22:22:13.060,1.138,1.13865,1.75,1.00
2018.01.10 22:22:13.266,1.13801,1.13864,1.20,1.00
2018.01.10 22:22:13.576,1.13805,1.13863,1.51,1.00
2018.01.10 22:22:13.680,1.13801,1.13863,1.95,1.00
2018.01.10 22:22:13.835,1.13804,1.13863,1.82,1.00
2018.01.10 22:22:14.181,1.13805,1.13863,1.64,1.50
2018.01.10 22:22:14.638,1.13804,1.13863,1.95,1.00
2018.01.10 22:22:14.742,1.13806,1.13863,1.64,1.00
2018.01.10 22:22:14.794,1.13798,1.13863,1.75,1.00
2018.01.10 22:22:14.846,1.13803,1.13863,1.70,1.00
2018.01.10 22:22:15.361,1.13805,1.13863,1.70,1.00
2018.01.10 22:22:15.886,1.13801,1.13863,1.45,1.00
2018.01.10 22:22:16.193,1.13804,1.13863,1.70,1.00
2018.01.10 22:22:16.504,1.13802,1.13863,1.64,1.00
2018.01.10 22:22:16.557,1.13804,1.13864,1.70,1.00
2018.01.10 22:22:17.341,1.13804,1.13864,1.70,1.00
2018.01.10 22:22:17.886,1.13805,1.13864,1.95,1.00
2018.01.10 22:22:18.195,1.13806,1.13864,1.45,1.00
2018.01.10 22:22:18.247,1.13804,1.13864,1.64,1.00
2018.01.10 22:22:18.493,1.13806,1.13864,1.95,1.00
2018.01.10 22:22:19.017,1.13808,1.13863,1.20,1.00
2018.01.10 22:22:19.563,1.13807,1.13863,1.20,1.00
2018.01.10 22:22:19.862,1.13802,1.13863,1.45,1.00
2018.01.10 22:22:19.966,1.13806,1.13863,1.95,1.00
2018.01.10 22:22:20.172,1.13802,1.13864,1.64,1.00
2018.01.10 22:22:20.429,1.13807,1.13864,1.20,1.00
2018.01.10 22:22:20.996,1.13805,1.13864,1.70,1.00
2018.01.10 22:22:21.514,1.13804,1.13864,1.64,1.00
2018.01.10 22:22:22.048,1.13803,1.13864,1.95,1.00
2018.01.10 22:22:22.357,1.13806,1.13864,1.64,1.00
2018.01.10 22:22:22.409,1.13804,1.13864,1.95,1.00
2018.01.10 22:22:23.199,1.13804,1.13864,1.95,1.00
2018.01.10 22:22:23.301,1.13805,1.13864,1.64,1.00
2018.01.10 22:22:24.019,1.13806,1.13863,1.95,1.00
2018.01.10 22:22:24.072,1.13804,1.13863,1.45,1.00
2018.01.10 22:22:24.175,1.13801,1.13863,2.14,1.00
2018.01.10 22:22:24.432,1.13806,1.13863,1.20,1.00
2018.01.10 22:22:24.588,1.13803,1.13863,1.45,1.00
2018.01.10 22:22:24.905,1.13807,1.13863,1.20,1.00
2018.01.10 22:22:25.009,1.13802,1.13863,1.95,1.00
2018.01.10 22:22:25.267,1.13809,1.13863,1.45,1.00
2018.01.10 22:22:25.321,1.13806,1.13863,1.20,1.00
2018.01.10 22:22:25.424,1.13806,1.13863,1.95,1.00
2018.01.10 22:22:25.528,1.13803,1.13863,1.64,1.00
2018.01.10 22:22:25.883,1.13805,1.13863,1.64,1.00
2018.01.10 22:22:26.009,1.13805,1.13866,1.64,1.00
2018.01.10 22:22:26.061,1.13804,1.13866,1.64,1.00
2018.01.10 22:22:26.164,1.13807,1.13866,1.20,1.00
2018.01.10 22:22:26.490,1.13803,1.13866,1.64,1.00
2018.01.10 22:22:26.696,1.13806,1.13866,1.95,1.00
2018.01.10 22:22:26.800,1.13803,1.13866,1.64,1.00
2018.01.10 22:22:27.090,1.13806,1.13866,1.95,1.00
2018.01.10 22:22:27.247,1.13804,1.13866,1.70,1.00
2018.01.10 22:22:27.350,1.13804,1.13863,1.70,1.00
2018.01.10 22:22:27.648,1.13804,1.13866,1.70,1.00
2018.01.10 22:22:27.854,1.13806,1.13864,1.20,1.00
2018.01.10 22:22:28.162,1.13804,1.13866,1.64,1.00
2018.01.10 22:22:28.214,1.13806,1.13866,1.64,1.00
2018.01.10 22:22:28.574,1.13805,1.13866,2.14,1.00
2018.01.10 22:22:28.873,1.13808,1.13866,1.20,1.00
2018.01.10 22:22:28.977,1.13805,1.13866,2.14,1.00
2018.01.10 22:22:29.383,1.1381,1.13866,1.20,1.00
2018.01.10 22:22:30.021,1.1381,1.13866,1.20,1.00
2018.01.10 22:22:31.247,1.1381,1.13866,1.20,1.00
2018.01.10 22:22:31.783,1.13811,1.13866,1.64,1.00
2018.01.10 22:22:32.117,1.13815,1.13866,1.64,1.00
2018.01.10 22:22:32.449,1.13814,1.13866,1.20,1.00
2018.01.10 22:22:32.832,1.1381,1.13866,1.45,1.00
2018.01.10 22:22:33.563,1.13827,1.13866,1.45,1.00
2018.01.10 22:22:36.599,1.13826,1.13863,1.45,1.00
2018.01.10 22:22:40.938,1.13808,1.13863,1.64,1.07
2018.01.10 22:22:40.990,1.13805,1.13863,1.75,1.00
2018.01.10 22:22:42.945,1.13803,1.13863,1.82,1.50
2018.01.10 22:22:42.997,1.13801,1.13861,1.19,1.00
2018.01.10 22:22:43.050,1.13794,1.13856,1.82,1.00
2018.01.10 22:22:43.102,1.13793,1.13856,1.82,1.00
2018.01.10 22:22:43.154,1.13791,1.13852,1.82,1.00
2018.01.10 22:22:43.613,1.13792,1.13848,1.82,1.00
2018.01.10 22:22:45.715,1.1379,1.13848,1.82,1.00
2018.01.10 22:22:46.385,1.1379,1.13848,1.82,1.00
2018.01.10 22:22:46.731,1.13794,1.13848,1.82,1.00
2018.01.10 22:22:47.042,1.13795,1.13852,1.82,1.00
2018.01.10 22:22:47.431,1.13796,1.13852,1.20,1.00
2018.01.10 22:22:47.488,1.13795,1.13852,1.82,1.00
2018.01.10 22:22:48.167,1.13795,1.13852,1.82,1.00
2018.01.10 22:22:48.785,1.13797,1.13851,1.82,1.00
2018.01.10 22:22:49.309,1.13798,1.13851,1.82,1.00
2018.01.10 22:22:49.857,1.13792,1.13844,1.20,1.00
2018.01.10 22:22:49.909,1.1379,1.13844,2.32,1.00
2018.01.10 22:22:50.013,1.13787,1.13843,1.82,1.00
2018.01.10 22:22:50.065,1.13775,1.13826,0.10,1.00
2018.01.10 22:22:50.377,1.13775,1.13824,0.10,1.00
2018.01.10 22:22:52.142,1.13775,1.13827,0.10,2.25
2018.01.10 22:22:53.309,1.13775,1.13826,0.10,1.00
2018.01.10 22:22:53.842,1.13775,1.13827,0.10,1.00
2018.01.10 22:22:55.812,1.13775,1.13826,0.10,1.12
2018.01.10 22:23:04.484,1.13775,1.1382,0.10,1.00
2018.01.10 22:23:05.005,1.13775,1.13857,0.10,1.50
2018.01.10 22:23:05.057,1.13775,1.13857,0.10,1.00
2018.01.10 22:23:05.109,1.13775,1.13861,0.10,1.75
2018.01.10 22:23:05.212,1.13775,1.13857,0.10,1.00
2018.01.10 22:23:05.316,1.13775,1.13862,0.20,1.75
2018.01.10 22:23:05.926,1.13775,1.13861,0.17,1.75
2018.01.10 22:23:06.641,1.13776,1.1386,1.07,1.50
2018.01.10 22:23:06.745,1.13777,1.13857,1.07,1.00
2018.01.10 22:23:06.797,1.13779,1.13862,1.00,1.00
2018.01.10 22:23:06.966,1.13779,1.13864,1.07,1.00
2018.01.10 22:23:10.575,1.13781,1.13864,1.10,1.75
2018.01.10 22:23:10.931,1.13782,1.13864,1.07,1.75
2018.01.10 22:23:11.743,1.13783,1.13864,1.07,1.75
2018.01.10 22:23:12.731,1.13783,1.13864,1.10,1.75
2018.01.10 22:23:17.196,1.13783,1.13864,1.07,1.75
2018.01.10 22:23:17.505,1.13789,1.13864,1.07,1.75
2018.01.10 22:23:18.771,1.13785,1.13864,1.07,1.75
2018.01.10 22:23:19.648,1.13785,1.13852,1.00,1.00
2018.01.10 22:23:20.111,1.1378,1.13852,1.07,1.00
2018.01.10 22:23:20.692,1.13783,1.13852,1.07,1.00
2018.01.10 22:23:20.897,1.13781,1.13852,1.07,1.00
2018.01.10 22:23:21.107,1.13775,1.13839,0.10,1.00
2018.01.10 22:23:21.417,1.13775,1.13834,0.10,1.00
2018.01.10 22:23:22.368,1.13775,1.13832,0.10,1.00
2018.01.10 22:23:25.367,1.13775,1.13832,0.17,1.00
2018.01.10 22:23:25.903,1.13775,1.13832,0.20,1.00
2018.01.10 22:23:26.422,1.13775,1.1383,0.10,1.00
2018.01.10 22:23:26.938,1.13775,1.1383,0.17,1.00
2018.01.10 22:23:28.341,1.13775,1.1383,0.20,1.00
2018.01.10 22:23:46.714,1.13775,1.13825,0.10,1.00
2018.01.10 22:23:52.174,1.13775,1.13824,0.10,1.00
2018.01.10 22:24:08.198,1.13775,1.13824,0.55,1.00
2018.01.10 22:24:08.250,1.13775,1.13824,0.67,1.25
2018.01.10 22:24:08.354,1.13775,1.13822,0.55,1.00
2018.01.10 22:24:08.906,1.13775,1.13822,0.55,1.00
2018.01.10 22:24:09.397,1.13779,1.13822,1.45,1.00
2018.01.10 22:24:09.502,1.13775,1.13822,0.17,1.00
2018.01.10 22:24:09.708,1.13779,1.13822,1.45,1.00
2018.01.10 22:24:10.278,1.13775,1.13822,0.17,1.00
2018.01.10 22:24:11.116,1.13779,1.13822,1.45,1.00
2018.01.10 22:24:11.588,1.13775,1.13822,0.17,1.00
2018.01.10 22:24:12.031,1.13775,1.13822,0.55,1.00
2018.01.10 22:24:12.134,1.13775,1.13822,0.17,1.00
2018.01.10 22:24:12.512,1.13775,1.13822,0.67,1.00
2018.01.10 22:24:13.038,1.13775,1.13822,0.17,1.00
2018.01.10 22:24:13.339,1.13775,1.13822,0.10,1.00
2018.01.10 22:24:15.391,1.13775,1.13822,0.55,1.94
2018.01.10 22:24:15.701,1.13775,1.13817,0.55,1.00
2018.01.10 22:24:15.960,1.13775,1.13821,0.55,1.12
2018.01.10 22:24:16.180,1.13775,1.13817,0.55,1.00
2018.01.10 22:24:16.447,1.13775,1.13821,0.55,1.12
2018.01.10 22:24:16.552,1.13775,1.13817,0.55,1.00
2018.01.10 22:24:16.758,1.13775,1.1382,0.55,1.31
2018.01.10 22:24:16.810,1.13775,1.13815,0.55,1.00
2018.01.10 22:24:17.140,1.13775,1.13815,0.55,1.00
2018.01.10 22:24:17.651,1.13775,1.13815,0.55,1.00
2018.01.10 22:24:17.806,1.13775,1.13815,0.55,1.00
2018.01.10 22:24:18.012,1.13775,1.13815,0.55,1.00
2018.01.10 22:24:18.115,1.13775,1.13815,0.55,1.00
2018.01.10 22:24:18.218,1.13775,1.13815,0.55,1.00
2018.01.10 22:24:18.640,1.13775,1.13815,0.55,1.00
2018.01.10 22:24:19.229,1.13775,1.13815,0.55,1.00
2018.01.10 22:24:19.774,1.13775,1.13815,0.55,1.00
2018.01.10 22:24:20.341,1.13775,1.13815,0.55,1.25
2018.01.10 22:24:20.803,1.13775,1.13815,0.55,1.00
2018.01.10 22:24:21.039,1.13775,1.13815,0.55,1.00
2018.01.10 22:24:21.558,1.13775,1.13815,0.55,1.00
2018.01.10 22:24:22.075,1.13775,1.13815,0.55,1.00
2018.01.10 22:24:22.541,1.13775,1.13822,0.55,1.19
2018.01.10 22:24:22.826,1.13775,1.13822,0.55,1.00
2018.01.10 22:24:22.877,1.13775,1.13822,0.55,1.19
2018.01.10 22:24:23.206,1.13775,1.13822,0.55,1.00
2018.01.10 22:24:23.386,1.13775,1.13822,0.55,1.00
2018.01.10 22:24:23.555,1.13775,1.13822,0.55,1.00
2018.01.10 22:24:24.191,1.13775,1.13822,0.55,1.19
2018.01.10 22:24:24.730,1.13778,1.13826,1.45,1.25
2018.01.10 22:24:25.042,1.13778,1.13822,1.45,1.00
2018.01.10 22:24:25.571,1.13777,1.13822,1.45,1.00
2018.01.10 22:24:26.093,1.13777,1.13822,1.45,1.00
2018.01.10 22:24:26.631,1.13776,1.13822,1.45,1.00
2018.01.10 22:24:26.790,1.13778,1.13822,1.45,1.00
2018.01.10 22:24:27.143,1.13776,1.13822,1.45,1.00
2018.01.10 22:24:27.297,1.13778,1.13822,1.45,1.00
2018.01.10 22:24:27.401,1.13776,1.13822,1.45,1.00
2018.01.10 22:24:27.789,1.13779,1.13822,1.45,1.00
2018.01.10 22:24:28.312,1.13782,1.13829,1.45,1.19
2018.01.10 22:24:28.417,1.13782,1.13829,1.45,1.25
2018.01.10 22:24:28.520,1.13783,1.13829,1.45,1.25
2018.01.10 22:24:28.970,1.13783,1.13829,1.45,1.19
2018.01.10 22:24:29.193,1.13783,1.13829,1.45,1.00
2018.01.10 22:24:29.459,1.13783,1.13829,1.45,1.19
2018.01.10 22:24:29.569,1.13782,1.13829,1.45,1.19
2018.01.10 22:24:29.745,1.13782,1.13829,1.45,1.25
2018.01.10 22:24:29.958,1.13782,1.13829,1.45,1.19
2018.01.10 22:24:30.237,1.13782,1.13829,1.45,1.00
2018.01.10 22:24:30.447,1.13782,1.13829,1.45,1.19
2018.01.10 22:24:30.690,1.13781,1.13829,1.45,1.00
2018.01.10 22:24:31.314,1.13782,1.13829,1.45,1.00
2018.01.10 22:24:31.547,1.1378,1.13829,1.45,1.19
2018.01.10 22:24:32.100,1.13781,1.13829,1.45,1.19
2018.01.10 22:24:32.625,1.13783,1.13829,1.45,1.25
2018.01.10 22:24:33.145,1.13782,1.13829,1.45,1.25
2018.01.10 22:24:33.352,1.13783,1.13829,1.45,1.00
2018.01.10 22:24:33.673,1.13781,1.13829,1.45,1.19
2018.01.10 22:24:33.827,1.13782,1.13829,1.45,1.00
2018.01.10 22:24:34.345,1.13783,1.13829,1.45,1.00
2018.01.10 22:24:34.889,1.13782,1.13829,1.45,1.00
2018.01.10 22:24:35.438,1.13783,1.13829,1.45,1.00
2018.01.10 22:24:36.354,1.13782,1.13829,1.45,1.25
2018.01.10 22:24:36.883,1.13783,1.13829,1.45,1.25
2018.01.10 22:24:37.444,1.13781,1.13829,1.45,1.25
2018.01.10 22:24:37.771,1.13783,1.13829,1.45,1.19
2018.01.10 22:24:38.036,1.13781,1.13829,1.45,1.00
2018.01.10 22:24:38.398,1.13782,1.13829,1.45,1.19
2018.01.10 22:24:38.941,1.13783,1.13829,1.45,1.19
2018.01.10 22:24:39.323,1.13782,1.13829,1.45,1.25
2018.01.10 22:24:39.588,1.13781,1.13829,1.45,1.19
2018.01.10 22:24:39.840,1.13782,1.13829,1.45,1.25
2018.01.10 22:24:40.427,1.13783,1.13829,1.45,1.25
2018.01.10 22:24:41.091,1.13782,1.13829,1.45,1.25
2018.01.10 22:24:41.244,1.13781,1.13829,1.45,1.19
2018.01.10 22:24:41.542,1.13782,1.13829,1.45,1.25
2018.01.10 22:24:42.060,1.13783,1.13829,1.45,1.25
2018.01.10 22:24:42.597,1.13782,1.13829,1.45,1.25
2018.01.10 22:24:42.649,1.13782,1.13829,1.45,1.19
2018.01.10 22:24:43.181,1.13783,1.13829,1.45,1.19
2018.01.10 22:24:43.724,1.13781,1.13829,1.45,1.19
2018.01.10 22:24:43.778,1.13784,1.13841,1.00,1.75
2018.01.10 22:24:43.831,1.13805,1.13856,1.45,1.75
2018.01.10 22:24:43.884,1.13795,1.13859,1.00,1.75
2018.01.10 22:24:43.988,1.13787,1.13841,1.50,1.75
2018.01.10 22:24:44.092,1.13788,1.13845,1.00,1.75
2018.01.10 22:24:44.144,1.13789,1.13847,1.00,1.75
2018.01.10 22:24:44.247,1.13789,1.13844,1.00,1.75
2018.01.10 22:24:44.572,1.13789,1.13848,1.00,1.75
2018.01.10 22:24:44.624,1.13792,1.13854,1.07,1.75
2018.01.10 22:24:44.677,1.13791,1.13853,1.07,1.75
2018.01.10 22:24:44.831,1.13791,1.13853,1.00,1.75
2018.01.10 22:24:44.883,1.13791,1.13853,1.07,1.75
2018.01.10 22:24:45.186,1.13788,1.13845,1.57,1.75
2018.01.10 22:24:45.492,1.13792,1.13855,1.07,1.75
2018.01.10 22:24:45.544,1.13789,1.13847,2.32,1.75
2018.01.10 22:24:45.893,1.13807,1.13854,1.45,1.75
2018.01.10 22:24:45.945,1.13791,1.13855,1.07,1.75
2018.01.10 22:24:46.048,1.1379,1.13848,1.07,1.75
2018.01.10 22:24:46.363,1.13809,1.13857,1.45,1.75
2018.01.10 22:24:46.673,1.1381,1.1385,1.45,1.75
2018.01.10 22:24:46.726,1.13815,1.13858,1.45,1.75
2018.01.10 22:24:46.778,1.13801,1.13862,1.07,1.75
2018.01.10 22:24:46.830,1.13814,1.13862,1.45,1.75
2018.01.10 22:24:46.882,1.13803,1.13862,1.07,1.75
2018.01.10 22:24:46.934,1.13815,1.13865,1.45,1.75
2018.01.10 22:24:47.038,1.13804,1.13864,1.07,1.75
2018.01.10 22:24:47.091,1.13814,1.13857,1.45,1.75
2018.01.10 22:24:47.298,1.13817,1.13863,1.45,1.75
2018.01.10 22:24:47.556,1.13814,1.13861,1.45,1.75
2018.01.10 22:24:47.819,1.13816,1.13865,1.45,1.75
2018.01.10 22:24:48.041,1.13817,1.1386,1.45,1.75
2018.01.10 22:24:48.299,1.13814,1.13861,1.45,1.75
2018.01.10 22:24:48.352,1.13818,1.13863,1.45,1.75
2018.01.10 22:24:48.456,1.13802,1.13863,1.07,1.75
2018.01.10 22:24:48.508,1.13818,1.13863,1.45,1.75
2018.01.10 22:24:48.560,1.13799,1.13858,1.45,1.75
2018.01.10 22:24:48.612,1.13814,1.13858,1.45,1.75
2018.01.10 22:24:48.819,1.13816,1.13862,1.45,1.75
2018.01.10 22:24:48.975,1.13817,1.13857,1.45,1.75
2018.01.10 22:24:49.181,1.13815,1.13857,1.45,1.75
2018.01.10 22:24:49.233,1.13817,1.13862,1.45,1.75
2018.01.10 22:24:49.285,1.13801,1.13864,1.45,1.75
2018.01.10 22:24:49.337,1.13818,1.13864,1.45,1.75
2018.01.10 22:24:49.446,1.13803,1.13864,1.07,1.75
2018.01.10 22:24:49.498,1.13813,1.13857,1.45,1.75
2018.01.10 22:24:49.602,1.13817,1.13863,1.45,1.75
2018.01.10 22:24:49.655,1.13821,1.13863,1.45,1.75
2018.01.10 22:24:49.707,1.13825,1.13872,1.45,1.75
2018.01.10 22:24:49.760,1.13825,1.13876,1.45,1.75
2018.01.10 22:24:49.814,1.13827,1.13877,1.45,1.75
2018.01.10 22:24:50.124,1.1383,1.13874,1.45,1.75
2018.01.10 22:24:50.331,1.1383,1.13877,1.45,1.75
2018.01.10 22:24:50.383,1.13832,1.13877,1.45,1.75
2018.01.10 22:24:50.692,1.13831,1.13875,1.45,1.75
2018.01.10 22:24:50.796,1.13831,1.13878,1.45,1.75
2018.01.10 22:24:50.912,1.13832,1.13878,1.45,1.75
2018.01.10 22:24:51.388,1.13829,1.13878,1.45,1.75
2018.01.10 22:24:51.547,1.13829,1.13881,1.45,1.75
2018.01.10 22:24:51.599,1.13828,1.13879,1.45,1.75
2018.01.10 22:24:52.144,1.1383,1.13878,1.45,1.75
2018.01.10 22:24:52.685,1.13829,1.13878,1.45,1.75
2018.01.10 22:24:53.224,1.13829,1.13877,1.45,1.75
2018.01.10 22:24:53.533,1.13827,1.13878,1.45,1.75
2018.01.10 22:24:53.584,1.13827,1.13874,1.45,1.75
2018.01.10 22:24:53.636,1.13824,1.13873,1.45,1.75
2018.01.10 22:24:53.747,1.1382,1.13871,1.45,1.75
2018.01.10 22:24:53.953,1.13818,1.1387,1.45,1.75
2018.01.10 22:24:54.261,1.13817,1.1387,1.45,1.75
2018.01.10 22:24:54.784,1.13817,1.1387,1.45,1.75
2018.01.10 22:24:54.887,1.13807,1.13869,1.00,1.75
2018.01.10 22:24:54.939,1.13818,1.13869,1.45,1.75
2018.01.10 22:24:55.150,1.13801,1.13869,1.12,1.75
2018.01.10 22:24:55.386,1.13797,1.13862,1.00,1.75
2018.01.10 22:24:55.592,1.13795,1.13867,1.37,1.75
2018.01.10 22:24:55.646,1.13809,1.13862,1.45,1.75
2018.01.10 22:24:55.698,1.13794,1.1386,1.00,1.75
2018.01.10 22:24:55.802,1.13794,1.13858,1.00,1.75
2018.01.10 22:24:56.128,1.13794,1.13861,1.00,1.75
2018.01.10 22:24:56.232,1.13808,1.13858,1.45,1.75
2018.01.10 22:24:56.284,1.13794,1.13857,1.00,1.75
2018.01.10 22:24:56.490,1.13794,1.13859,1.00,1.75
2018.01.10 22:24:56.542,1.13809,1.13859,1.45,1.75
2018.01.10 22:24:56.593,1.13793,1.13859,1.00,1.75
2018.01.10 22:24:56.645,1.13809,1.13855,1.45,1.75
2018.01.10 22:24:56.697,1.13795,1.13854,1.00,1.75
2018.01.10 22:24:57.099,1.13793,1.13852,1.00,1.75
2018.01.10 22:24:57.318,1.13794,1.13858,1.00,1.75
2018.01.10 22:24:57.370,1.13809,1.13859,1.45,1.75
2018.01.10 22:24:57.422,1.13794,1.13859,1.00,1.75
2018.01.10 22:24:57.474,1.13808,1.13858,1.45,1.75
2018.01.10 22:24:57.526,1.13795,1.1386,1.00,1.75
2018.01.10 22:24:57.579,1.13794,1.13856,1.00,1.75
2018.01.10 22:24:57.836,1.13795,1.1386,1.00,1.75
2018.01.10 22:24:58.042,1.13794,1.13857,1.00,1.75
2018.01.10 22:24:58.336,1.13795,1.1386,1.00,1.75
2018.01.10 22:24:58.491,1.13794,1.13852,1.00,1.75
2018.01.10 22:24:58.714,1.13794,1.13858,1.00,1.75
2018.01.10 22:24:58.964,1.13793,1.13857,1.00,1.75
2018.01.10 22:24:59.290,1.13795,1.13859,1.00,1.75
2018.01.10 22:25:00.687,1.13795,1.1386,1.00,1.75
2018.01.10 22:25:01.088,1.13792,1.13854,1.50,1.75
2018.01.10 22:25:05.157,1.13784,1.13858,1.50,1.82
2018.01.10 22:25:05.213,1.13783,1.13856,1.31,1.51
2018.01.10 22:25:05.757,1.13783,1.13855,1.31,1.82
2018.01.10 22:25:06.245,1.1379,1.13854,1.45,1.95
2018.01.10 22:25:06.400,1.13785,1.13856,1.25,1.75
2018.01.10 22:25:09.147,1.13785,1.13855,1.00,1.75
2018.01.10 22:25:10.129,1.13789,1.13855,1.00,1.75
2018.01.10 22:25:10.557,1.13803,1.13855,1.45,1.75
2018.01.10 22:25:11.561,1.13802,1.13855,1.45,1.75
2018.01.10 22:25:11.664,1.13804,1.13855,1.45,1.75
2018.01.10 22:25:14.729,1.13806,1.13855,1.45,1.75
2018.01.10 22:25:16.623,1.13803,1.13855,1.45,1.75
2018.01.10 22:25:16.675,1.13805,1.13855,1.45,1.75
2018.01.10 22:25:16.830,1.13793,1.13859,1.45,1.75
2018.01.10 22:25:16.882,1.1379,1.13857,1.45,1.75
2018.01.10 22:25:17.513,1.1379,1.13857,1.45,1.75
2018.01.10 22:25:17.668,1.1379,1.13864,1.00,1.75
2018.01.10 22:25:17.720,1.1379,1.13863,1.45,1.75
2018.01.10 22:25:17.772,1.1379,1.13863,1.00,1.75
2018.01.10 22:25:19.292,1.13791,1.13864,1.45,1.75
2018.01.10 22:25:20.133,1.1379,1.13864,1.95,1.75
2018.01.10 22:25:20.465,1.1379,1.13867,2.14,1.75
2018.01.10 22:25:20.882,1.13793,1.13867,1.45,1.75
2018.01.10 22:25:22.105,1.13789,1.13866,2.89,1.75
2018.01.10 22:25:22.157,1.13789,1.13866,3.07,1.75
2018.01.10 22:25:22.321,1.13789,1.13866,3.64,1.75
2018.01.10 22:25:22.425,1.13789,1.13866,3.64,1.75
2018.01.10 22:25:23.798,1.13792,1.13864,1.95,1.75
2018.01.10 22:25:25.532,1.13792,1.13864,2.70,1.75
2018.01.10 22:25:29.350,1.13792,1.13864,1.95,1.75
2018.01.10 22:25:31.884,1.13792,1.13864,1.50,1.75
2018.01.10 22:25:31.936,1.13792,1.13865,1.95,1.75
2018.01.10 22:25:31.989,1.138,1.13868,1.45,1.75
2018.01.10 22:25:32.041,1.138,1.13868,1.45,1.75
2018.01.10 22:25:32.380,1.138,1.1387,1.45,1.75
2018.01.10 22:25:34.167,1.138,1.13871,1.45,1.75
2018.01.10 22:25:34.686,1.13796,1.13871,1.70,1.75
2018.01.10 22:25:35.634,1.13796,1.13871,1.45,1.75
2018.01.10 22:25:35.737,1.13796,1.13871,1.45,1.75
2018.01.10 22:25:36.341,1.13796,1.13871,1.45,1.75
2018.01.10 22:25:36.875,1.13796,1.13871,1.45,1.75
2018.01.10 22:25:37.498,1.13795,1.13871,1.95,1.75
2018.01.10 22:25:39.149,1.13796,1.13868,1.45,1.75
2018.01.10 22:25:39.508,1.13795,1.13868,1.95,1.75
2018.01.10 22:25:40.789,1.13795,1.13868,1.95,1.75
2018.01.10 22:25:41.423,1.13795,1.13868,1.95,1.75
2018.01.10 22:25:41.961,1.13795,1.13869,1.45,1.75
2018.01.10 22:25:42.540,1.13791,1.13869,1.64,1.75
2018.01.10 22:25:43.460,1.13791,1.13867,1.64,1.75
2018.01.10 22:25:49.873,1.13793,1.13868,1.70,1.75
2018.01.10 22:25:50.039,1.13793,1.13868,1.70,1.75
2018.01.10 22:25:50.142,1.13793,1.13868,1.70,1.75
2018.01.10 22:25:50.244,1.13793,1.13868,1.70,1.75
2018.01.10 22:25:50.717,1.13793,1.13868,1.70,1.75
2018.01.10 22:25:51.218,1.13793,1.1387,1.45,1.75
2018.01.10 22:25:52.087,1.13793,1.1387,1.45,1.75
2018.01.10 22:25:53.253,1.13793,1.1387,1.45,1.75
2018.01.10 22:25:54.970,1.13793,1.1387,1.45,1.75
2018.01.10 22:25:55.022,1.13795,1.13873,1.20,1.75
2018.01.10 22:25:55.074,1.13796,1.13875,1.64,1.51
2018.01.10 22:25:56.135,1.13796,1.13875,1.64,1.00
2018.01.10 22:25:56.831,1.13797,1.13875,1.64,1.00
2018.01.10 22:25:57.171,1.13797,1.13874,1.64,1.75
2018.01.10 22:26:02.165,1.13797,1.13874,1.64,1.75
2018.01.10 22:26:07.645,1.13799,1.13875,1.20,1.50
2018.01.10 22:26:08.454,1.13799,1.13875,1.20,1.50
2018.01.10 22:26:08.937,1.13801,1.13875,1.70,1.75
2018.01.10 22:26:09.168,1.13799,1.13875,1.95,1.75
2018.01.10 22:26:09.685,1.13797,1.13875,1.95,2.25
2018.01.10 22:26:10.091,1.13797,1.13875,1.95,2.25
2018.01.10 22:26:10.340,1.13797,1.13875,1.95,2.25
2018.01.10 22:26:11.557,1.13798,1.13875,1.64,2.25
2018.01.10 22:26:12.103,1.13797,1.13872,1.64,1.75
2018.01.10 22:26:12.642,1.13797,1.13871,1.70,1.75
2018.01.10 22:26:13.231,1.13797,1.13871,1.70,1.75
2018.01.10 22:26:13.313,1.13797,1.13875,1.45,1.00
2018.01.10 22:26:13.939,1.13797,1.13875,1.45,1.00
2018.01.10 22:26:14.494,1.13797,1.13875,1.45,1.00
2018.01.10 22:26:14.546,1.13797,1.13875,1.45,1.00
2018.01.10 22:26:15.144,1.13797,1.13875,1.45,1.00
2018.01.10 22:26:16.438,1.13797,1.13875,1.45,1.00
2018.01.10 22:26:16.959,1.13796,1.13875,1.45,1.00
2018.01.10 22:26:17.285,1.13797,1.13875,1.45,1.00
2018.01.10 22:26:17.790,1.13797,1.13875,1.45,1.00
2018.01.10 22:26:18.349,1.13796,1.13875,1.95,1.00
2018.01.10 22:26:18.996,1.13797,1.13875,1.45,1.00
2018.01.10 22:26:19.535,1.13806,1.13875,1.82,1.00
2018.01.10 22:26:20.040,1.13806,1.13875,1.95,1.00
2018.01.10 22:26:20.584,1.13805,1.13875,1.95,1.00
2018.01.10 22:26:20.831,1.13806,1.13875,1.20,1.00
2018.01.10 22:26:20.985,1.13805,1.13875,1.95,1.00
2018.01.10 22:26:21.788,1.13806,1.13875,1.20,1.00
2018.01.10 22:26:22.391,1.13806,1.13875,1.20,1.00
2018.01.10 22:26:23.236,1.13807,1.13875,1.51,1.00
2018.01.10 22:26:23.785,1.13805,1.13875,1.95,1.00
2018.01.10 22:26:24.037,1.13806,1.13875,1.20,1.00
2018.01.10 22:26:24.291,1.13805,1.13875,1.95,1.00
2018.01.10 22:26:24.535,1.13806,1.13875,1.95,1.00
2018.01.10 22:26:25.062,1.13806,1.13875,1.82,1.00
2018.01.10 22:26:26.137,1.13809,1.13875,1.82,1.00
2018.01.10 22:26:26.240,1.13809,1.13875,1.82,1.00
2018.01.10 22:26:26.548,1.13809,1.13875,1.82,1.00
2018.01.10 22:26:26.937,1.13809,1.13875,1.82,1.00
2018.01.10 22:26:27.037,1.13809,1.13875,1.82,1.00
2018.01.10 22:26:27.592,1.13809,1.13875,1.82,1.00
2018.01.10 22:26:28.294,1.13809,1.13875,1.82,1.00
2018.01.10 22:26:28.511,1.13813,1.13875,1.85,1.00
2018.01.10 22:26:29.041,1.13813,1.13875,1.82,1.00
2018.01.10 22:26:30.210,1.13814,1.13878,1.82,1.75
2018.01.10 22:26:30.521,1.13816,1.13878,1.82,1.75
2018.01.10 22:26:30.988,1.13818,1.13878,1.82,1.75
2018.01.10 22:26:31.689,1.13816,1.13878,1.75,1.75
2018.01.10 22:26:34.452,1.13814,1.13878,1.75,1.75
2018.01.10 22:26:34.555,1.13817,1.13878,1.75,1.75
2018.01.10 22:26:34.863,1.13815,1.13878,1.75,1.75
2018.01.10 22:26:35.424,1.13814,1.13878,1.75,1.75
2018.01.10 22:26:35.579,1.13817,1.13878,1.75,1.75
2018.01.10 22:26:36.307,1.13816,1.13878,1.75,1.75
2018.01.10 22:26:36.871,1.13815,1.13878,1.75,1.75
2018.01.10 22:26:41.046,1.13813,1.13878,1.75,1.75
2018.01.10 22:26:45.652,1.13813,1.13878,1.75,1.75
2018.01.10 22:26:45.806,1.13811,1.13878,1.75,1.75
2018.01.10 22:26:46.901,1.13812,1.13878,1.75,1.75
2018.01.10 22:26:49.080,1.13815,1.13878,1.75,1.75
2018.01.10 22:26:49.969,1.13816,1.13879,1.75,1.87
2018.01.10 22:26:50.278,1.13821,1.13879,1.75,1.87
2018.01.10 22:26:52.327,1.1382,1.13879,1.75,1.87
2018.01.10 22:26:54.654,1.13818,1.13879,1.75,1.87
2018.01.10 22:26:58.299,1.13819,1.13879,1.75,1.87
2018.01.10 22:27:16.428,1.13825,1.13879,1.75,1.87
2018.01.10 22:27:16.740,1.13828,1.13879,1.82,1.00
2018.01.10 22:27:17.049,1.1383,1.13879,1.75,1.00
2018.01.10 22:27:18.944,1.13831,1.13879,1.75,1.00
2018.01.10 22:27:21.078,1.13826,1.13879,1.75,1.00
2018.01.10 22:27:24.769,1.13826,1.13881,1.75,1.00
2018.01.10 22:27:30.475,1.13824,1.13881,1.75,1.00
2018.01.10 22:27:32.110,1.13823,1.13881,1.75,1.00
2018.01.10 22:27:35.203,1.13825,1.13881,1.75,1.00
2018.01.10 22:27:35.878,1.13823,1.13881,1.75,1.00
2018.01.10 22:27:37.365,1.13823,1.13881,1.75,1.00
2018.01.10 22:27:38.666,1.13822,1.13881,1.75,1.00
2018.01.10 22:27:41.307,1.13825,1.13881,1.75,1.00
2018.01.10 22:27:46.722,1.13823,1.13881,1.75,1.00
2018.01.10 22:27:47.656,1.13823,1.13877,1.75,1.00
2018.01.10 22:27:48.714,1.13818,1.13877,1.75,1.00
2018.01.10 22:27:51.717,1.13817,1.13877,1.75,1.00
2018.01.10 22:28:00.956,1.13818,1.13877,1.75,1.00
2018.01.10 22:28:04.205,1.13817,1.13877,1.75,1.00
2018.01.10 22:28:04.724,1.13818,1.13877,1.75,1.00
2018.01.10 22:28:06.421,1.13818,1.13877,1.75,1.00
2018.01.10 22:28:09.971,1.13818,1.13877,1.75,1.00
2018.01.10 22:28:10.503,1.13817,1.13877,1.75,1.00
2018.01.10 22:28:20.618,1.13818,1.13877,1.75,1.00
2018.01.10 22:28:23.143,1.13818,1.13877,1.75,1.00
2018.01.10 22:28:28.425,1.13816,1.13877,1.75,1.00
2018.01.10 22:28:28.477,1.13816,1.1388,1.75,1.00
2018.01.10 22:28:29.033,1.13814,1.13879,1.75,1.00
2018.01.10 22:28:30.555,1.13812,1.13879,1.82,1.00
2018.01.10 22:28:33.872,1.13812,1.13883,1.82,1.00
2018.01.10 22:28:34.085,1.13813,1.13884,1.82,1.00
2018.01.10 22:28:37.175,1.13815,1.13884,1.20,1.00
2018.01.10 22:28:37.227,1.13815,1.13886,1.20,1.00
2018.01.10 22:28:37.334,1.13815,1.13886,1.20,1.00
2018.01.10 22:28:37.387,1.13816,1.13889,1.64,1.50
2018.01.10 22:28:37.943,1.13816,1.13889,1.64,1.50
2018.01.10 22:28:38.486,1.13816,1.13889,1.19,1.50
2018.01.10 22:28:38.538,1.13815,1.13889,1.25,1.50
2018.01.10 22:28:38.590,1.13816,1.13889,1.45,1.50
2018.01.10 22:28:39.263,1.13816,1.13889,1.45,1.50
2018.01.10 22:28:39.379,1.13816,1.13889,1.45,1.50
2018.01.10 22:28:41.127,1.13815,1.13889,1.64,1.50
2018.01.10 22:28:42.592,1.13814,1.13889,1.64,1.50
2018.01.10 22:28:42.798,1.13812,1.13889,1.51,1.00
2018.01.10 22:28:43.730,1.13812,1.13889,1.20,1.00
2018.01.10 22:28:45.740,1.13829,1.13892,1.75,1.00
2018.01.10 22:28:46.248,1.1383,1.13892,1.75,1.00
2018.01.10 22:28:50.042,1.13829,1.13892,1.75,1.00
2018.01.10 22:28:50.351,1.13835,1.13894,1.75,1.00
2018.01.10 22:28:51.442,1.13835,1.13895,1.75,1.50
2018.01.10 22:28:53.983,1.13836,1.13895,1.75,1.50
2018.01.10 22:28:54.258,1.13836,1.139,1.75,1.00
2018.01.10 22:28:58.729,1.13837,1.139,1.75,1.00
2018.01.10 22:29:13.407,1.13839,1.139,1.75,1.00
2018.01.10 22:29:14.212,1.13839,1.139,1.75,1.00
2018.01.10 22:29:15.488,1.13839,1.139,1.75,1.00
2018.01.10 22:29:23.037,1.13836,1.139,1.45,1.07
2018.01.10 22:29:23.357,1.13839,1.13901,1.45,1.57
2018.01.10 22:29:25.387,1.1384,1.13901,1.45,1.57
2018.01.10 22:29:26.547,1.13837,1.13901,1.45,1.57
2018.01.10 22:29:26.651,1.1384,1.13901,1.45,1.57
2018.01.10 22:29:31.549,1.13837,1.13901,1.45,1.57
2018.01.10 22:29:31.652,1.13838,1.13901,1.45,1.57
2018.01.10 22:29:36.546,1.13839,1.139,1.45,1.26
2018.01.10 22:29:39.761,1.13839,1.13898,1.45,1.00
2018.01.10 22:29:41.591,1.13839,1.13898,1.45,1.10
2018.01.10 22:29:43.590,1.13839,1.139,1.45,1.01
2018.01.10 22:29:44.299,1.13839,1.13903,1.45,2.51
2018.01.10 22:29:45.851,1.13839,1.13903,1.45,2.32
2018.01.10 22:29:46.547,1.13839,1.13903,1.45,3.45
2018.01.10 22:29:46.650,1.13839,1.13903,1.45,2.32
2018.01.10 22:29:47.565,1.13839,1.13903,1.45,2.32
2018.01.10 22:29:49.258,1.1384,1.13903,1.45,2.32
2018.01.10 22:29:50.396,1.13841,1.139,1.45,1.20
2018.01.10 22:29:51.548,1.13841,1.13899,1.45,1.32
2018.01.10 22:29:52.069,1.13843,1.13899,1.45,1.01
2018.01.10 22:29:56.563,1.13841,1.13899,1.45,1.32
2018.01.10 22:29:56.747,1.13842,1.13899,1.45,1.25
2018.01.10 22:29:58.251,1.13843,1.13899,1.45,1.25
2018.01.10 22:30:00.080,1.13842,1.13897,1.45,1.00
2018.01.10 22:30:00.392,1.13847,1.139,1.45,1.25
2018.01.10 22:30:00.930,1.13849,1.13901,1.45,1.19
2018.01.10 22:30:01.479,1.13847,1.13901,1.45,1.19
2018.01.10 22:30:01.872,1.13848,1.13901,1.45,1.19
2018.01.10 22:30:02.554,1.13846,1.13901,1.45,1.75
2018.01.10 22:30:03.826,1.13845,1.139,1.70,1.69
2018.01.10 22:30:04.347,1.13846,1.13898,1.45,1.19
2018.01.10 22:30:04.807,1.13854,1.13896,1.45,1.25
2018.01.10 22:30:06.542,1.13854,1.13894,1.45,1.00
2018.01.10 22:30:07.060,1.13854,1.13894,1.45,1.00
2018.01.10 22:30:10.348,1.13854,1.13894,1.45,1.00
2018.01.10 22:30:10.400,1.13863,1.13904,1.45,1.19
2018.01.10 22:30:10.453,1.13865,1.13905,1.45,1.25
2018.01.10 22:30:11.093,1.13867,1.13905,1.45,1.00
2018.01.10 22:30:11.405,1.13868,1.13906,1.45,1.00
2018.01.10 22:30:11.825,1.13866,1.13908,1.45,1.25
2018.01.10 22:30:12.009,1.13866,1.13907,1.45,1.00
2018.01.10 22:30:12.061,1.13866,1.13907,1.45,1.25
2018.01.10 22:30:12.113,1.13865,1.13905,1.45,1.00
2018.01.10 22:30:12.165,1.13864,1.13905,1.70,1.00
2018.01.10 22:30:12.688,1.13864,1.13906,1.70,1.12
2018.01.10 22:30:13.483,1.13864,1.13905,1.45,1.00
2018.01.10 22:30:13.638,1.13862,1.13902,1.45,1.00
2018.01.10 22:30:13.690,1.13862,1.13902,1.45,1.00
2018.01.10 22:30:14.288,1.13862,1.13901,1.70,1.00
2018.01.10 22:30:16.804,1.13862,1.13901,1.70,1.25
2018.01.10 22:30:17.704,1.13866,1.13905,1.45,1.44
2018.01.10 22:30:17.756,1.13867,1.13906,1.45,1.44
2018.01.10 22:30:18.229,1.13867,1.13906,1.45,1.19
2018.01.10 22:30:18.855,1.13868,1.13906,1.45,1.00
2018.01.10 22:30:20.058,1.13868,1.13906,1.45,1.00
2018.01.10 22:30:20.266,1.13863,1.13906,1.45,1.25
2018.01.10 22:30:20.725,1.13864,1.13905,1.45,1.00
2018.01.10 22:30:21.323,1.13865,1.13904,1.45,1.00
2018.01.10 22:30:21.435,1.13865,1.13904,1.45,1.00
2018.01.10 22:30:21.940,1.13865,1.13904,1.45,1.00
2018.01.10 22:30:22.444,1.13864,1.13904,1.45,1.00
2018.01.10 22:30:23.228,1.13864,1.13904,1.45,1.00
2018.01.10 22:30:23.280,1.13866,1.13907,1.45,1.31
2018.01.10 22:30:23.436,1.13866,1.13907,1.45,1.12
2018.01.10 22:30:23.983,1.13867,1.13908,1.70,1.19
2018.01.10 22:30:24.297,1.13869,1.1391,1.45,1.69
2018.01.10 22:30:24.558,1.13871,1.13909,1.45,1.00
2018.01.10 22:30:24.713,1.1387,1.13911,1.70,1.19
2018.01.10 22:30:25.232,1.1387,1.13911,1.45,1.00
2018.01.10 22:30:25.337,1.13868,1.1391,1.64,1.00
2018.01.10 22:30:25.949,1.13868,1.1391,1.45,1.00
2018.01.10 22:30:26.548,1.13868,1.1391,1.45,1.00
2018.01.10 22:30:27.264,1.13868,1.1391,1.70,1.25
2018.01.10 22:30:27.925,1.13868,1.1391,1.70,1.25
2018.01.10 22:30:28.718,1.13868,1.1391,1.45,1.00
2018.01.10 22:30:28.821,1.13869,1.13908,1.45,1.00
2018.01.10 22:30:29.580,1.13869,1.13907,1.45,1.00
2018.01.10 22:30:29.900,1.13869,1.13906,1.45,1.00
2018.01.10 22:30:30.051,1.13869,1.13906,1.45,1.00
2018.01.10 22:30:30.566,1.13866,1.13907,1.45,1.00
2018.01.10 22:30:31.160,1.13866,1.13907,1.45,1.00
2018.01.10 22:30:31.882,1.13868,1.13906,1.45,1.00
2018.01.10 22:30:32.692,1.13868,1.13906,1.45,1.00
2018.01.10 22:30:32.745,1.13869,1.13908,1.70,1.25
2018.01.10 22:30:33.216,1.13869,1.13908,1.70,1.25
2018.01.10 22:30:34.160,1.1387,1.13909,1.45,1.00
2018.01.10 22:30:34.857,1.1387,1.13909,1.45,1.00
2018.01.10 22:30:36.561,1.1387,1.13909,1.45,1.00
2018.01.10 22:30:36.665,1.1387,1.13909,1.45,1.00
2018.01.10 22:30:37.370,1.13869,1.13906,1.45,1.00
2018.01.10 22:30:37.558,1.13869,1.13905,1.45,1.00
2018.01.10 22:30:38.450,1.13867,1.13905,1.45,1.00
2018.01.10 22:30:39.003,1.13868,1.13907,1.45,1.19
2018.01.10 22:30:39.535,1.13868,1.13907,1.45,1.00
2018.01.10 22:30:39.730,1.13868,1.13904,1.20,1.00
2018.01.10 22:30:40.040,1.13867,1.13903,1.20,1.19
2018.01.10 22:30:40.726,1.13867,1.13903,1.45,1.19
2018.01.10 22:30:41.100,1.13867,1.13903,1.07,1.19
2018.01.10 22:30:41.204,1.13867,1.13903,1.45,1.19
2018.01.10 22:30:41.509,1.13867,1.13903,1.20,1.19
2018.01.10 22:30:41.561,1.13867,1.13903,1.07,1.19
2018.01.10 22:30:41.892,1.13863,1.13901,1.82,1.00
2018.01.10 22:30:42.290,1.13863,1.13901,1.82,1.00
2018.01.10 22:30:42.638,1.13867,1.13906,1.01,1.19
2018.01.10 22:30:43.165,1.13866,1.13906,2.07,1.00
2018.01.10 22:30:44.739,1.13868,1.13905,1.45,1.00
2018.01.10 22:30:46.567,1.13868,1.13905,1.70,1.00
2018.01.10 22:30:47.109,1.13866,1.13906,2.07,1.25
2018.01.10 22:30:49.017,1.13866,1.13906,2.07,1.25
2018.01.10 22:30:49.790,1.13866,1.13906,2.07,1.25
2018.01.10 22:30:50.450,1.13866,1.13906,2.32,1.25
2018.01.10 22:30:51.010,1.13866,1.13907,2.14,1.25
2018.01.10 22:30:56.817,1.13866,1.13907,2.07,1.12
2018.01.10 22:30:57.876,1.13865,1.13906,2.07,1.25
2018.01.10 22:30:58.136,1.13869,1.13909,1.64,1.25
2018.01.10 22:30:58.188,1.13869,1.13909,1.64,1.00
2018.01.10 22:30:58.241,1.13869,1.13909,1.29,1.00
2018.01.10 22:30:58.396,1.13865,1.13905,1.57,1.00
2018.01.10 22:30:58.448,1.13865,1.13905,1.45,1.00
2018.01.10 22:30:59.026,1.13864,1.13904,1.70,1.00
2018.01.10 22:31:00.597,1.13865,1.13904,1.32,1.00
2018.01.10 22:31:01.970,1.13864,1.13904,1.51,1.00
2018.01.10 22:31:02.392,1.13864,1.13903,2.07,1.00
2018.01.10 22:31:02.905,1.13864,1.13904,2.51,1.00
2018.01.10 22:31:10.343,1.13865,1.13904,1.82,1.00
2018.01.10 22:31:11.016,1.13865,1.13905,2.32,1.00
2018.01.10 22:31:11.544,1.13865,1.13902,1.82,1.00
2018.01.10 22:31:11.649,1.13866,1.13904,1.82,1.00
2018.01.10 22:31:12.654,1.13866,1.13904,1.82,1.00
2018.01.10 22:31:12.912,1.13866,1.13902,1.82,1.00
2018.01.10 22:31:13.051,1.13866,1.13905,1.82,1.50
2018.01.10 22:31:20.440,1.13866,1.13905,2.32,1.50
2018.01.10 22:31:22.466,1.13866,1.13904,2.32,1.00
2018.01.10 22:31:34.146,1.1387,1.13907,1.75,1.00
2018.01.10 22:31:34.198,1.13868,1.1391,1.95,1.00
2018.01.10 22:31:34.845,1.13871,1.13911,1.19,1.00
2018.01.10 22:31:36.595,1.13871,1.13911,1.26,1.00
2018.01.10 22:31:37.101,1.1387,1.13912,1.57,1.00
2018.01.10 22:31:42.413,1.13871,1.13909,1.26,1.00
2018.01.10 22:31:44.965,1.1387,1.13909,1.19,1.00
2018.01.10 22:31:52.510,1.1387,1.13909,1.25,1.00
2018.01.10 22:31:53.817,1.13869,1.13908,1.19,1.00
2018.01.10 22:31:54.538,1.13869,1.13908,1.26,1.00
2018.01.10 22:31:56.183,1.13869,1.13907,1.29,1.00
2018.01.10 22:31:56.747,1.13869,1.13908,1.29,1.00
2018.01.10 22:31:57.344,1.1387,1.13908,1.29,1.00
2018.01.10 22:31:58.533,1.1387,1.13908,1.57,1.00
2018.01.10 22:31:59.395,1.13871,1.13909,1.19,1.00
2018.01.10 22:31:59.940,1.13869,1.1391,1.82,1.00
2018.01.10 22:32:01.170,1.13869,1.1391,1.25,1.25
2018.01.10 22:32:01.427,1.13869,1.1391,1.25,1.51
2018.01.10 22:32:04.072,1.13869,1.13907,1.00,1.00
2018.01.10 22:32:05.871,1.13868,1.13907,1.25,1.25
2018.01.10 22:32:06.408,1.13869,1.13908,1.25,1.12
2018.01.10 22:32:08.415,1.13869,1.13908,1.25,1.32
2018.01.10 22:32:08.974,1.13868,1.13907,1.25,1.12
2018.01.10 22:32:10.640,1.13868,1.13906,1.25,1.25
2018.01.10 22:32:13.108,1.13868,1.13906,1.00,1.19
2018.01.10 22:32:13.630,1.13869,1.13907,1.25,1.44
2018.01.10 22:32:14.150,1.13869,1.13907,1.07,1.19
2018.01.10 22:32:14.687,1.13869,1.13907,1.00,1.19
2018.01.10 22:32:15.245,1.1387,1.13907,1.10,1.25
2018.01.10 22:32:18.676,1.1387,1.13907,1.32,1.00
2018.01.10 22:32:19.178,1.1387,1.13907,1.25,1.00
2018.01.10 22:32:19.722,1.1387,1.13907,1.32,1.00
2018.01.10 22:32:20.324,1.1387,1.13907,1.01,1.25
2018.01.10 22:32:22.697,1.1387,1.13906,1.00,1.00
2018.01.10 22:32:24.423,1.1387,1.13908,1.00,1.12
2018.01.10 22:32:26.230,1.1387,1.13907,1.00,1.19
2018.01.10 22:32:33.207,1.13867,1.13903,1.00,1.50
2018.01.10 22:32:33.260,1.13865,1.13903,1.00,1.50
2018.01.10 22:32:33.356,1.13862,1.13903,1.32,1.75
2018.01.10 22:32:33.409,1.13868,1.13905,1.00,1.75
2018.01.10 22:32:34.512,1.13868,1.13906,1.00,1.75
2018.01.10 22:32:39.787,1.13868,1.13907,1.00,1.85
2018.01.10 22:32:44.979,1.13869,1.13907,1.00,1.85
2018.01.10 22:32:59.681,1.13866,1.13907,1.19,1.75
2018.01.10 22:32:59.733,1.13869,1.13907,1.00,1.75
2018.01.10 22:33:03.016,1.13867,1.13907,1.19,1.75
2018.01.10 22:33:03.071,1.13859,1.13904,1.32,1.75
2018.01.10 22:33:04.577,1.13858,1.13904,1.32,1.75
2018.01.10 22:33:04.670,1.13858,1.13904,1.32,1.85
2018.01.10 22:33:05.527,1.13858,1.13904,1.01,1.82
2018.01.10 22:33:10.441,1.1386,1.13904,1.00,1.82
2018.01.10 22:33:10.598,1.13854,1.13901,1.32,2.07
2018.01.10 22:33:11.531,1.13855,1.139,1.01,1.57
2018.01.10 22:33:14.469,1.13855,1.139,1.32,1.50
2018.01.10 22:33:17.997,1.13857,1.13901,1.00,1.82
2018.01.10 22:33:18.049,1.13855,1.139,1.10,1.57
2018.01.10 22:33:18.101,1.13857,1.139,1.00,1.57
2018.01.10 22:33:18.592,1.13859,1.13901,1.00,1.75
2018.01.10 22:33:18.895,1.13856,1.13901,1.51,1.82
2018.01.10 22:33:19.398,1.13858,1.13901,1.01,1.29
2018.01.10 22:33:19.605,1.1386,1.13902,1.00,1.57
2018.01.10 22:33:20.150,1.13859,1.13902,1.07,1.75
2018.01.10 22:33:20.305,1.13858,1.13901,1.00,1.75
2018.01.10 22:33:20.460,1.13857,1.13901,1.10,1.26
2018.01.10 22:33:20.512,1.13859,1.13902,1.00,1.50
2018.01.10 22:33:20.792,1.13857,1.13902,1.10,1.85
2018.01.10 22:33:21.089,1.1386,1.13901,1.00,1.50
2018.01.10 22:33:21.297,1.13857,1.13902,1.25,2.32
2018.01.10 22:33:21.452,1.13856,1.13902,1.20,1.76
2018.01.10 22:33:21.504,1.1386,1.13901,1.00,1.19
2018.01.10 22:33:21.814,1.13856,1.13902,1.51,3.07
2018.01.10 22:33:21.970,1.13859,1.13902,1.25,1.76
2018.01.10 22:33:22.250,1.13856,1.13902,1.51,2.51
2018.01.10 22:33:22.588,1.13861,1.13902,1.00,1.19
2018.01.10 22:33:22.793,1.13856,1.13902,1.32,2.32
2018.01.10 22:33:22.845,1.13856,1.13902,1.26,1.29
2018.01.10 22:33:22.897,1.13861,1.13901,1.00,1.19
2018.01.10 22:33:23.155,1.13858,1.13901,1.10,1.57
2018.01.10 22:33:23.259,1.1386,1.13902,1.25,1.57
2018.01.10 22:33:23.620,1.13857,1.13902,1.26,1.57
2018.01.10 22:33:23.672,1.13861,1.13902,1.00,1.76
2018.01.10 22:33:23.724,1.13861,1.13902,1.00,1.44
2018.01.10 22:33:23.930,1.1386,1.13902,1.10,1.50
2018.01.10 22:33:24.033,1.13858,1.13901,1.25,1.19
2018.01.10 22:33:24.178,1.13861,1.13901,1.00,1.29
2018.01.10 22:33:24.487,1.13858,1.13901,1.10,1.19
2018.01.10 22:33:24.591,1.1386,1.13903,1.00,2.07
2018.01.10 22:33:24.864,1.13857,1.13902,1.01,1.85
2018.01.10 22:33:24.968,1.13861,1.13902,1.00,1.57
2018.01.10 22:33:25.226,1.13858,1.13902,1.32,1.75
2018.01.10 22:33:25.456,1.13857,1.13901,1.01,1.57
2018.01.10 22:33:25.509,1.1386,1.13901,1.00,1.50
2018.01.10 22:33:25.797,1.13857,1.13902,1.29,2.32
2018.01.10 22:33:25.850,1.13857,1.13901,1.01,1.26
2018.01.10 22:33:25.902,1.13861,1.13901,1.00,1.26
2018.01.10 22:33:26.144,1.13857,1.13902,1.07,1.75
2018.01.10 22:33:26.249,1.13856,1.13902,1.01,1.82
2018.01.10 22:33:26.353,1.13857,1.13901,1.07,1.29
2018.01.10 22:33:26.869,1.1386,1.13901,1.00,1.19
2018.01.10 22:33:27.208,1.13857,1.13902,1.32,2.32
2018.01.10 22:33:27.736,1.13858,1.13901,1.10,1.50
2018.01.10 22:33:28.047,1.13857,1.13902,1.51,1.75
2018.01.10 22:33:28.099,1.13855,1.13901,1.51,1.50
2018.01.10 22:33:28.254,1.13856,1.13902,1.76,1.44
2018.01.10 22:33:28.306,1.1386,1.13902,1.00,1.19
2018.01.10 22:33:28.620,1.13858,1.13901,1.10,2.32
2018.01.10 22:33:28.672,1.1386,1.13902,1.25,1.51
2018.01.10 22:33:28.938,1.13858,1.13901,1.26,1.50
2018.01.10 22:33:28.990,1.13858,1.13901,1.26,1.50
2018.01.10 22:33:29.094,1.1386,1.13902,1.10,1.19
2018.01.10 22:33:29.352,1.13858,1.13901,1.01,1.50
2018.01.10 22:33:29.661,1.1386,1.13901,1.10,1.50
2018.01.10 22:33:29.867,1.13858,1.13901,1.00,1.50
2018.01.10 22:33:30.088,1.1386,1.13902,1.00,1.57
2018.01.10 22:33:30.426,1.13857,1.13902,1.01,3.07
2018.01.10 22:33:30.478,1.1386,1.13902,1.00,1.26
2018.01.10 22:33:30.797,1.13857,1.13901,1.26,1.57
2018.01.10 22:33:30.850,1.1385,1.13899,1.19,1.75
2018.01.10 22:33:30.904,1.13842,1.13891,1.56,1.75
2018.01.10 22:33:31.215,1.13828,1.13879,1.82,2.32
2018.01.10 22:33:31.319,1.13829,1.13879,1.95,1.26
2018.01.10 22:33:31.527,1.13827,1.13885,2.25,2.44
2018.01.10 22:33:31.580,1.13822,1.13883,2.25,1.75
2018.01.10 22:33:31.684,1.13827,1.13878,1.75,1.75
2018.01.10 22:33:31.736,1.1383,1.13882,1.82,2.70
2018.01.10 22:33:31.788,1.13827,1.13878,1.75,1.75
2018.01.10 22:33:32.109,1.13833,1.1388,1.75,1.26
2018.01.10 22:33:32.162,1.13836,1.13886,1.75,1.39
2018.01.10 22:33:32.215,1.13839,1.1389,1.75,1.69
2018.01.10 22:33:32.267,1.13841,1.1389,1.75,1.19
2018.01.10 22:33:32.505,1.13843,1.13893,1.75,2.25
2018.01.10 22:33:32.834,1.13843,1.1389,1.75,1.56
2018.01.10 22:33:33.528,1.13843,1.13882,1.75,1.37
2018.01.10 22:33:33.684,1.13845,1.13894,1.75,1.19
2018.01.10 22:33:33.944,1.13847,1.13895,1.75,1.19
2018.01.10 22:33:34.292,1.13846,1.13882,1.75,1.37
2018.01.10 22:33:34.769,1.13848,1.1389,2.25,1.37
2018.01.10 22:33:35.139,1.13849,1.13898,1.75,1.19
2018.01.10 22:33:35.192,1.13852,1.13898,1.75,1.00
2018.01.10 22:33:35.543,1.13851,1.13894,1.75,1.37
2018.01.10 22:33:35.853,1.13853,1.13894,2.25,1.37
2018.01.10 22:33:36.480,1.13851,1.13881,1.00,1.00
2018.01.10 22:33:36.532,1.13825,1.13864,1.00,1.87
2018.01.10 22:33:36.586,1.1382,1.13862,0.10,1.50
2018.01.10 22:33:36.638,1.1382,1.13857,0.10,1.75
2018.01.10 22:33:37.162,1.1382,1.13859,0.10,1.75
2018.01.10 22:33:37.286,1.1382,1.13861,0.10,1.75
2018.01.10 22:33:37.954,1.1382,1.1386,0.10,1.75
2018.01.10 22:33:38.110,1.1382,1.13863,0.10,1.87
2018.01.10 22:33:38.622,1.1382,1.13863,0.10,1.12
2018.01.10 22:33:38.779,1.1382,1.13864,0.35,1.12
2018.01.10 22:33:39.089,1.1382,1.13866,0.22,1.12
2018.01.10 22:33:40.094,1.1382,1.13864,0.10,1.12
2018.01.10 22:33:40.405,1.1382,1.13854,0.10,1.75
2018.01.10 22:33:40.458,1.1382,1.13859,0.10,1.75
2018.01.10 22:33:40.562,1.1382,1.13861,0.10,1.75
2018.01.10 22:33:41.081,1.1382,1.13862,0.10,1.75
2018.01.10 22:33:41.607,1.1382,1.13863,0.10,1.75
2018.01.10 22:33:41.763,1.1382,1.13866,0.35,1.12
2018.01.10 22:33:41.869,1.1382,1.13868,0.85,1.12
2018.01.10 22:33:41.922,1.1382,1.13868,0.29,1.12
2018.01.10 22:33:42.446,1.1382,1.13868,0.29,1.55
2018.01.10 22:33:42.896,1.1382,1.1386,0.10,1.42
2018.01.10 22:33:42.948,1.1382,1.13862,0.10,1.42
2018.01.10 22:33:43.472,1.1382,1.13863,0.10,2.25
2018.01.10 22:33:44.477,1.1382,1.13862,0.10,1.75
2018.01.10 22:33:44.529,1.1382,1.13869,1.14,2.25
2018.01.10 22:33:44.582,1.1383,1.13869,1.75,1.00
2018.01.10 22:33:44.637,1.13838,1.13889,1.75,1.75
2018.01.10 22:33:44.691,1.13838,1.139,1.75,1.75
2018.01.10 22:33:44.743,1.13847,1.13898,1.75,1.75
2018.01.10 22:33:44.796,1.13841,1.13904,1.75,1.75
2018.01.10 22:33:44.848,1.13851,1.13904,1.75,1.75
2018.01.10 22:33:44.952,1.13848,1.13909,1.75,2.06
2018.01.10 22:33:45.004,1.13856,1.13907,1.75,1.75
2018.01.10 22:33:45.161,1.13847,1.13897,1.75,1.75
2018.01.10 22:33:45.214,1.13853,1.13904,1.75,1.75
2018.01.10 22:33:45.319,1.13851,1.13917,1.75,1.75
2018.01.10 22:33:45.418,1.13852,1.13917,1.75,1.42
2018.01.10 22:33:45.576,1.13859,1.1392,1.75,1.61
2018.01.10 22:33:45.887,1.13862,1.13926,1.75,1.28
2018.01.10 22:33:46.196,1.13871,1.13924,1.75,1.09
2018.01.10 22:33:46.249,1.13865,1.13936,1.00,1.75
2018.01.10 22:33:46.300,1.13867,1.13936,1.00,1.37
2018.01.10 22:33:46.611,1.13861,1.13922,1.75,1.28
2018.01.10 22:33:46.931,1.13867,1.13928,1.87,1.62
2018.01.10 22:33:46.983,1.13865,1.13928,1.75,1.94
2018.01.10 22:33:47.494,1.13865,1.13925,1.75,1.19
2018.01.10 22:33:47.598,1.13864,1.13925,1.75,2.00
2018.01.10 22:33:47.909,1.13859,1.13909,1.75,2.00
2018.01.10 22:33:47.961,1.13854,1.13915,1.82,1.94
2018.01.10 22:33:48.013,1.13857,1.13908,1.75,1.75
2018.01.10 22:33:48.065,1.13851,1.13915,1.87,1.94
2018.01.10 22:33:48.117,1.13853,1.13913,1.75,1.94
2018.01.10 22:33:50.089,1.1385,1.13912,1.85,1.94
2018.01.10 22:33:50.698,1.13849,1.13912,1.85,1.94
2018.01.10 22:33:51.602,1.13854,1.13915,1.75,1.75
2018.01.10 22:33:56.841,1.13863,1.13914,1.75,1.75
2018.01.10 22:33:56.892,1.1385,1.13926,1.45,1.81
2018.01.10 22:33:56.994,1.1385,1.13927,1.07,1.87
2018.01.10 22:33:57.924,1.13851,1.13926,1.07,1.19
2018.01.10 22:33:58.095,1.13851,1.13926,1.00,1.19
2018.01.10 22:33:58.791,1.13851,1.13927,1.20,1.87
2018.01.10 22:33:59.314,1.13867,1.1392,1.42,1.94
2018.01.10 22:33:59.656,1.13867,1.1392,1.75,1.94
2018.01.10 22:34:00.357,1.13862,1.13923,1.75,1.94
2018.01.10 22:34:00.408,1.13858,1.13918,1.75,1.94
2018.01.10 22:34:00.718,1.13872,1.13923,1.75,1.19
2018.01.10 22:34:00.822,1.13864,1.13925,1.75,1.75
2018.01.10 22:34:00.874,1.13859,1.13922,1.75,1.75
2018.01.10 22:34:00.927,1.13855,1.13921,1.75,1.94
2018.01.10 22:34:01.105,1.13859,1.13921,1.12,1.94
2018.01.10 22:34:01.432,1.13849,1.1391,1.12,1.19
2018.01.10 22:34:01.537,1.13849,1.1391,1.12,2.00
2018.01.10 22:34:04.310,1.13847,1.13909,1.75,1.75
2018.01.10 22:34:08.316,1.13846,1.13909,1.75,1.75
2018.01.10 22:34:08.368,1.13845,1.13907,1.75,1.75
2018.01.10 22:34:08.791,1.13842,1.13905,1.75,1.75
2018.01.10 22:34:10.539,1.13842,1.13904,1.75,1.75
2018.01.10 22:34:11.061,1.13842,1.13903,1.75,1.75
2018.01.10 22:34:12.356,1.1384,1.13902,1.75,1.75
2018.01.10 22:34:12.409,1.13837,1.13901,1.75,1.75
2018.01.10 22:34:14.491,1.13839,1.13901,1.75,1.75
2018.01.10 22:34:14.598,1.13837,1.13899,1.75,1.75
2018.01.10 22:34:15.371,1.13836,1.13897,1.75,1.75
2018.01.10 22:34:17.734,1.13833,1.13886,1.75,1.75
2018.01.10 22:34:17.786,1.13823,1.13884,1.82,1.75
2018.01.10 22:34:17.839,1.13821,1.13884,1.82,1.94
2018.01.10 22:34:17.995,1.1382,1.13881,0.36,1.75
2018.01.10 22:34:18.310,1.1382,1.13872,0.10,2.00
2018.01.10 22:34:19.852,1.1382,1.13872,0.10,1.19
2018.01.10 22:34:20.242,1.1382,1.13872,0.10,2.00
2018.01.10 22:34:26.300,1.13824,1.13873,1.20,1.75
2018.01.10 22:34:26.355,1.13824,1.13876,1.01,1.75
2018.01.10 22:34:28.595,1.13825,1.13875,1.82,1.75
2018.01.10 22:34:31.304,1.13824,1.13877,2.07,1.87
2018.01.10 22:34:35.511,1.13824,1.13875,1.01,1.75
2018.01.10 22:34:37.342,1.13824,1.13874,2.07,1.75
2018.01.10 22:34:37.816,1.13823,1.13878,1.45,1.31
2018.01.10 22:34:38.178,1.13824,1.13874,1.01,1.75
2018.01.10 22:34:40.052,1.13822,1.13877,1.37,1.12
2018.01.10 22:34:42.199,1.13824,1.13875,1.19,1.75
2018.01.10 22:34:44.793,1.13822,1.13878,1.37,2.06
2018.01.10 22:34:46.438,1.13821,1.13878,1.95,1.19
2018.01.10 22:34:47.982,1.13822,1.1388,1.45,1.75
2018.01.10 22:34:52.781,1.13825,1.13876,1.94,1.75
2018.01.10 22:34:54.179,1.13826,1.13874,1.19,1.75
2018.01.10 22:34:54.705,1.13823,1.13874,2.62,1.75
2018.01.10 22:34:56.411,1.13824,1.13876,1.75,1.75
2018.01.10 22:34:58.310,1.13824,1.13876,2.44,1.75
2018.01.10 22:35:00.069,1.13822,1.1388,1.70,2.00
2018.01.10 22:35:00.589,1.13822,1.1388,1.45,2.00
2018.01.10 22:35:06.382,1.13823,1.13874,2.07,1.75
2018.01.10 22:35:08.682,1.13822,1.13874,2.07,1.75
2018.01.10 22:35:09.490,1.13822,1.13874,2.07,1.75
2018.01.10 22:35:10.531,1.13824,1.13876,1.75,1.75
2018.01.10 22:35:10.639,1.13821,1.13878,1.37,2.00
2018.01.10 22:35:13.384,1.1382,1.13878,1.47,1.75
2018.01.10 22:35:13.436,1.13821,1.13878,2.07,1.95
2018.01.10 22:35:13.975,1.13821,1.13877,2.07,1.51
2018.01.10 22:35:17.035,1.13822,1.13878,1.89,1.20
2018.01.10 22:35:17.793,1.1382,1.13877,2.67,1.82
2018.01.10 22:35:26.613,1.13823,1.13873,1.70,1.85
2018.01.10 22:35:28.192,1.1382,1.13878,2.67,1.95
2018.01.10 22:35:30.365,1.1382,1.1387,1.92,1.75
2018.01.10 22:35:30.417,1.13824,1.13872,1.45,2.32
2018.01.10 22:35:32.596,1.13822,1.1387,2.14,1.75
2018.01.10 22:35:33.307,1.13822,1.1387,2.14,1.85
2018.01.10 22:35:36.499,1.13822,1.13871,1.82,1.85
2018.01.10 22:35:38.788,1.13825,1.13874,1.76,1.82
2018.01.10 22:35:38.841,1.13825,1.1387,1.64,1.75
2018.01.10 22:35:39.047,1.13825,1.13874,1.01,1.82
2018.01.10 22:35:39.382,1.13828,1.13876,1.45,1.82
2018.01.10 22:35:39.641,1.13829,1.13876,1.26,1.82
2018.01.10 22:35:39.747,1.13829,1.13876,1.45,1.85
2018.01.10 22:35:39.902,1.13828,1.13875,1.51,1.75
2018.01.10 22:35:40.110,1.13825,1.13875,1.45,1.75
2018.01.10 22:35:40.163,1.13826,1.13876,1.82,1.85
2018.01.10 22:35:40.490,1.13825,1.13874,2.14,1.75
2018.01.10 22:35:41.070,1.13831,1.13877,1.26,1.75
2018.01.10 22:35:41.173,1.13831,1.13877,1.39,1.75
2018.01.10 22:35:41.392,1.13824,1.13873,1.76,1.75
2018.01.10 22:35:41.444,1.1383,1.13877,1.07,1.82
2018.01.10 22:35:41.754,1.13825,1.13874,1.45,1.75
2018.01.10 22:35:41.807,1.13827,1.13875,1.01,1.75
2018.01.10 22:35:42.115,1.13829,1.13875,1.07,1.75
2018.01.10 22:35:42.688,1.13827,1.13875,1.01,1.75
2018.01.10 22:35:43.236,1.13826,1.13874,1.82,1.75
2018.01.10 22:35:43.742,1.13825,1.13874,2.32,1.75
2018.01.10 22:35:43.990,1.13825,1.13874,1.76,1.75
2018.01.10 22:35:44.137,1.13825,1.13874,1.76,1.75
2018.01.10 22:35:44.240,1.13825,1.13874,1.76,1.75
2018.01.10 22:35:44.344,1.13826,1.13875,1.39,1.75
2018.01.10 22:35:44.622,1.13826,1.13874,1.45,1.75
2018.01.10 22:35:44.674,1.13826,1.13874,1.82,1.75
2018.01.10 22:35:44.931,1.13826,1.13874,1.45,1.75
2018.01.10 22:35:45.137,1.13825,1.13874,1.39,1.75
2018.01.10 22:35:45.310,1.13825,1.13874,1.39,1.75
2018.01.10 22:35:45.837,1.13826,1.13874,1.82,1.75
2018.01.10 22:35:45.890,1.13828,1.13876,1.76,1.85
2018.01.10 22:35:46.198,1.13825,1.13874,1.95,1.75
2018.01.10 22:35:46.961,1.13826,1.13874,1.82,1.75
2018.01.10 22:35:47.013,1.13825,1.13874,1.95,1.75
2018.01.10 22:35:47.538,1.13825,1.13874,1.76,1.75
2018.01.10 22:35:47.952,1.13825,1.13873,2.14,1.75
2018.01.10 22:35:48.206,1.13825,1.13873,1.76,1.75
2018.01.10 22:35:48.440,1.13825,1.13873,1.76,1.75
2018.01.10 22:35:48.767,1.13825,1.13876,1.76,1.75
2018.01.10 22:35:48.973,1.13825,1.13876,1.01,1.75
2018.01.10 22:35:49.180,1.13825,1.13876,1.76,1.75
2018.01.10 22:35:49.440,1.13825,1.13876,1.76,1.75
2018.01.10 22:35:49.687,1.13825,1.13876,1.76,1.75
2018.01.10 22:35:49.992,1.13825,1.13876,1.76,1.75
2018.01.10 22:35:50.096,1.13826,1.13876,1.01,1.75
2018.01.10 22:35:50.345,1.13826,1.13876,1.01,1.75
2018.01.10 22:35:50.602,1.13826,1.13876,1.76,1.75
2018.01.10 22:35:50.942,1.13826,1.13876,2.14,1.75
2018.01.10 22:35:50.994,1.13827,1.13876,1.45,1.75
2018.01.10 22:35:51.252,1.13826,1.13876,1.70,1.75
2018.01.10 22:35:51.591,1.13831,1.13877,1.89,1.75
2018.01.10 22:35:51.694,1.13829,1.13877,1.89,1.75
2018.01.10 22:35:51.865,1.1383,1.13877,1.26,1.85
2018.01.10 22:35:52.141,1.13826,1.13875,1.01,1.75
2018.01.10 22:35:52.194,1.13824,1.13874,1.95,1.75
2018.01.10 22:35:52.246,1.13825,1.13875,1.01,1.75
2018.01.10 22:35:53.530,1.13825,1.13874,1.01,1.75
2018.01.10 22:35:54.057,1.13825,1.13873,1.45,1.75
2018.01.10 22:35:54.686,1.13825,1.13874,1.76,1.75
2018.01.10 22:35:55.020,1.13825,1.13874,2.14,1.75
2018.01.10 22:35:55.555,1.13826,1.13875,2.14,1.75
2018.01.10 22:35:55.945,1.13826,1.13874,1.45,1.75
2018.01.10 22:35:55.997,1.13826,1.13874,1.82,1.75
2018.01.10 22:35:56.357,1.13826,1.13874,1.45,1.75
2018.01.10 22:35:56.574,1.1383,1.13878,1.57,1.75
2018.01.10 22:35:57.054,1.13831,1.13878,1.64,1.75
2018.01.10 22:35:57.286,1.13826,1.13875,1.20,1.75
2018.01.10 22:35:57.338,1.13827,1.13875,1.01,1.75
2018.01.10 22:35:57.441,1.13827,1.13878,1.39,1.85
2018.01.10 22:35:57.669,1.1383,1.13878,1.89,1.75
2018.01.10 22:35:57.721,1.13829,1.13876,1.45,1.75
2018.01.10 22:35:57.825,1.13826,1.13874,1.26,1.75
2018.01.10 22:35:57.988,1.13829,1.13877,1.89,1.75
2018.01.10 22:35:58.360,1.13829,1.13877,1.57,1.75
2018.01.10 22:35:58.413,1.1383,1.13877,1.45,1.75
2018.01.10 22:35:58.883,1.13833,1.13878,1.39,1.75
2018.01.10 22:35:59.636,1.13833,1.13878,1.26,1.75
2018.01.10 22:35:59.998,1.13833,1.13878,1.64,1.75
2018.01.10 22:36:00.102,1.13827,1.13876,2.32,1.75
2018.01.10 22:36:00.258,1.13832,1.13878,1.39,1.75
2018.01.10 22:36:00.568,1.13829,1.13878,1.95,1.75
2018.01.10 22:36:00.621,1.13829,1.13876,1.82,1.75
2018.01.10 22:36:00.673,1.13834,1.13879,1.07,1.82
2018.01.10 22:36:00.725,1.13834,1.13879,1.39,1.75
2018.01.10 22:36:01.047,1.13826,1.13875,2.32,1.75
2018.01.10 22:36:01.151,1.13833,1.13879,1.32,1.75
2018.01.10 22:36:01.255,1.13832,1.13879,1.82,1.75
2018.01.10 22:36:01.494,1.13826,1.13874,1.45,1.75
2018.01.10 22:36:01.547,1.13833,1.13879,1.07,1.82
2018.01.10 22:36:01.598,1.13833,1.13879,1.70,1.75
2018.01.10 22:36:01.906,1.13829,1.13876,1.82,1.75
2018.01.10 22:36:02.060,1.13832,1.1388,1.39,1.75
2018.01.10 22:36:02.254,1.13833,1.1388,1.19,1.75
2018.01.10 22:36:02.306,1.13833,1.1388,1.64,1.75
2018.01.10 22:36:03.189,1.13834,1.1388,1.70,1.75
2018.01.10 22:36:03.293,1.13826,1.13875,1.95,1.75
2018.01.10 22:36:03.345,1.13834,1.1388,1.07,1.82
2018.01.10 22:36:03.655,1.13833,1.1388,1.64,1.75
2018.01.10 22:36:04.192,1.13833,1.1388,1.64,1.75
2018.01.10 22:36:04.700,1.13834,1.1388,1.89,1.75
2018.01.10 22:36:05.205,1.13834,1.13879,1.39,1.75
2018.01.10 22:36:06.235,1.13832,1.13878,1.64,1.75
2018.01.10 22:36:06.390,1.13834,1.1388,1.39,1.75
2018.01.10 22:36:06.597,1.13835,1.13878,1.39,1.75
2018.01.10 22:36:06.649,1.13829,1.13876,1.45,1.75
2018.01.10 22:36:06.814,1.13828,1.13876,2.07,1.75
2018.01.10 22:36:06.866,1.13831,1.13878,1.64,1.75
2018.01.10 22:36:07.401,1.13833,1.13883,1.95,2.32
2018.01.10 22:36:07.939,1.13835,1.13883,1.26,1.85
2018.01.10 22:36:09.685,1.13835,1.13883,1.70,1.82
2018.01.10 22:36:10.103,1.13832,1.13881,1.01,1.57
2018.01.10 22:36:10.310,1.1383,1.13879,1.26,1.85
2018.01.10 22:36:10.517,1.13828,1.13879,1.76,2.32
2018.01.10 22:36:10.620,1.13829,1.13878,2.14,1.82
2018.01.10 22:36:10.672,1.1383,1.1388,1.82,1.82
2018.01.10 22:36:10.790,1.13829,1.1388,1.76,2.32
2018.01.10 22:36:10.894,1.13827,1.13877,2.07,1.57
2018.01.10 22:36:10.946,1.13827,1.13876,1.26,1.85
2018.01.10 22:36:11.463,1.13826,1.13877,1.95,2.51
2018.01.10 22:36:14.798,1.13827,1.13878,1.01,1.75
2018.01.10 22:36:15.106,1.1383,1.13878,1.07,1.85
2018.01.10 22:36:15.236,1.13827,1.13878,1.01,1.75
2018.01.10 22:36:15.390,1.13827,1.13878,1.39,1.85
2018.01.10 22:36:15.700,1.13828,1.13878,1.82,1.85
2018.01.10 22:36:15.803,1.13827,1.13878,1.39,1.85
2018.01.10 22:36:15.906,1.13827,1.13878,1.39,1.85
2018.01.10 22:36:16.434,1.13827,1.13877,2.07,1.75
2018.01.10 22:36:17.202,1.13826,1.13877,2.14,1.85
2018.01.10 22:36:17.692,1.13828,1.13879,1.39,1.82
2018.01.10 22:36:18.257,1.13828,1.13879,1.39,1.82
2018.01.10 22:36:18.310,1.13828,1.13878,1.39,1.85
2018.01.10 22:36:18.362,1.13827,1.13877,1.82,1.75
2018.01.10 22:36:18.892,1.13827,1.13878,2.14,2.32
2018.01.10 22:36:19.392,1.13829,1.13878,1.39,1.50
2018.01.10 22:36:19.636,1.13831,1.1388,1.39,2.07
2018.01.10 22:36:19.894,1.13833,1.13881,1.51,1.82
2018.01.10 22:36:20.202,1.13831,1.1388,1.70,1.85
2018.01.10 22:36:20.408,1.13832,1.13881,1.95,1.57
2018.01.10 22:36:20.919,1.13833,1.13882,2.14,1.57
2018.01.10 22:36:21.988,1.13833,1.13882,2.14,1.57
2018.01.10 22:36:22.647,1.13833,1.13882,2.14,1.57
2018.01.10 22:36:23.295,1.13833,1.1388,1.82,1.19
2018.01.10 22:36:24.242,1.13832,1.13881,3.07,1.69
2018.01.10 22:36:24.346,1.13833,1.13883,2.32,2.51
2018.01.10 22:36:24.552,1.13834,1.13882,1.01,1.76
2018.01.10 22:36:25.095,1.13834,1.13881,1.70,1.57
2018.01.10 22:36:25.638,1.13835,1.13882,1.70,1.57
2018.01.10 22:36:26.142,1.13835,1.13882,1.01,1.50
2018.01.10 22:36:26.658,1.13835,1.13882,1.45,1.75
2018.01.10 22:36:27.191,1.13834,1.13883,2.89,2.32
2018.01.10 22:36:27.741,1.13833,1.13881,1.39,1.20
2018.01.10 22:36:28.289,1.13833,1.1388,2.14,1.19
2018.01.10 22:36:28.877,1.13833,1.13883,2.32,2.07
2018.01.10 22:36:29.419,1.13835,1.1388,1.26,1.19
2018.01.10 22:36:29.943,1.13835,1.1388,1.26,1.19
2018.01.10 22:36:30.460,1.13834,1.13882,1.26,1.01
2018.01.10 22:36:30.512,1.13834,1.13882,1.39,1.01
2018.01.10 22:36:30.644,1.13834,1.13883,1.39,1.76
2018.01.10 22:36:30.748,1.13834,1.1388,1.70,1.19
2018.01.10 22:36:31.300,1.13834,1.13881,1.01,1.57
2018.01.10 22:36:31.815,1.13834,1.13883,1.70,2.07
2018.01.10 22:36:32.353,1.13833,1.13882,2.14,2.32
2018.01.10 22:36:32.845,1.13834,1.13882,2.14,1.76
2018.01.10 22:36:33.094,1.13834,1.13882,1.26,1.57
2018.01.10 22:36:33.522,1.13833,1.1388,2.14,1.57
2018.01.10 22:36:33.842,1.13834,1.13882,1.82,1.85
2018.01.10 22:36:33.946,1.13833,1.13881,2.14,1.85
2018.01.10 22:36:34.051,1.13833,1.13881,2.14,1.85
2018.01.10 22:36:34.411,1.13833,1.13881,2.14,1.85
2018.01.10 22:36:34.514,1.13834,1.13882,1.82,2.32
2018.01.10 22:36:34.803,1.13834,1.1388,1.45,1.50
2018.01.10 22:36:35.405,1.13834,1.13882,1.57,2.51
2018.01.10 22:36:35.664,1.13833,1.1388,1.76,1.50
2018.01.10 22:36:35.977,1.13834,1.13882,1.57,2.32
2018.01.10 22:36:36.291,1.13834,1.1388,1.26,1.50
2018.01.10 22:36:36.394,1.13833,1.13882,3.07,1.82
2018.01.10 22:36:36.601,1.13834,1.13884,1.57,2.51
2018.01.10 22:36:37.113,1.13832,1.13881,3.07,1.50
2018.01.10 22:36:37.216,1.13829,1.13877,1.39,1.75
2018.01.10 22:36:37.269,1.13832,1.13879,1.29,1.01
2018.01.10 22:36:37.321,1.13831,1.1388,1.01,1.57
2018.01.10 22:36:37.373,1.13832,1.13881,1.76,1.57
2018.01.10 22:36:37.528,1.13829,1.13877,1.76,1.19
2018.01.10 22:36:38.013,1.13827,1.13877,1.57,2.32
2018.01.10 22:36:38.116,1.13825,1.13876,1.95,2.32
2018.01.10 22:36:38.169,1.13829,1.13878,2.32,1.76
2018.01.10 22:36:38.478,1.13827,1.13876,1.76,2.32
2018.01.10 22:36:39.001,1.13827,1.13875,1.51,1.82
2018.01.10 22:36:39.053,1.13827,1.13875,1.51,1.57
2018.01.10 22:36:39.208,1.13828,1.1388,1.82,2.32
2018.01.10 22:36:39.312,1.13827,1.13876,1.76,1.75
2018.01.10 22:36:39.538,1.13826,1.13875,1.95,1.57
2018.01.10 22:36:39.590,1.13829,1.13877,1.57,1.01
2018.01.10 22:36:39.892,1.13826,1.13875,1.45,1.82
2018.01.10 22:36:40.194,1.13828,1.13876,1.26,2.32
2018.01.10 22:36:40.895,1.13827,1.13875,1.76,1.82
2018.01.10 22:36:40.998,1.13828,1.13878,2.51,2.51
2018.01.10 22:36:41.050,1.1383,1.13878,1.26,1.76
2018.01.10 22:36:41.229,1.13826,1.13876,2.32,2.25
2018.01.10 22:36:41.281,1.13826,1.13875,1.45,1.82
2018.01.10 22:36:41.489,1.13827,1.13877,1.76,2.32
2018.01.10 22:36:41.541,1.13827,1.13877,1.76,2.32
2018.01.10 22:36:41.850,1.13826,1.13875,1.76,2.32
2018.01.10 22:36:41.954,1.13827,1.13875,1.01,1.57
2018.01.10 22:36:42.058,1.13827,1.13876,1.69,1.75
2018.01.10 22:36:42.303,1.13826,1.13875,1.51,1.82
2018.01.10 22:36:42.458,1.13828,1.13876,1.26,2.07
2018.01.10 22:36:42.510,1.13829,1.13876,1.01,1.26
2018.01.10 22:36:42.843,1.13825,1.13874,1.45,1.82
2018.01.10 22:36:43.396,1.13827,1.13875,1.70,1.82
2018.01.10 22:36:43.885,1.13829,1.13877,1.29,2.14
2018.01.10 22:36:43.937,1.13828,1.13877,1.76,1.76
2018.01.10 22:36:43.989,1.13828,1.13877,1.76,2.32
2018.01.10 22:36:44.337,1.13828,1.13879,1.76,2.32
2018.01.10 22:36:44.544,1.13827,1.13876,1.01,2.32
2018.01.10 22:36:44.647,1.13826,1.13874,1.51,1.57
2018.01.10 22:36:44.786,1.13828,1.13876,1.45,1.26
2018.01.10 22:36:44.838,1.13829,1.13876,1.01,1.01
2018.01.10 22:36:45.149,1.13827,1.13875,1.01,1.82
2018.01.10 22:36:45.671,1.13828,1.13876,1.51,2.32
2018.01.10 22:36:46.029,1.13826,1.13875,1.76,2.32
2018.01.10 22:36:46.081,1.13828,1.13877,1.76,1.82
2018.01.10 22:36:46.328,1.13825,1.13876,2.32,2.51
2018.01.10 22:36:46.590,1.13829,1.13877,1.01,2.07
2018.01.10 22:36:46.840,1.13826,1.13875,2.14,2.25
2018.01.10 22:36:46.892,1.13826,1.13875,1.01,2.32
2018.01.10 22:36:47.098,1.13827,1.13876,1.70,2.07
2018.01.10 22:36:47.298,1.13826,1.13875,1.89,2.32
2018.01.10 22:36:47.505,1.13827,1.13875,2.14,1.57
2018.01.10 22:36:48.021,1.13827,1.13875,2.51,1.01
2018.01.10 22:36:48.549,1.13829,1.13877,1.45,2.51
2018.01.10 22:36:48.653,1.13826,1.13875,1.51,1.82
2018.01.10 22:36:48.897,1.13827,1.13875,1.76,1.57
2018.01.10 22:36:49.206,1.13826,1.13875,1.70,1.82
2018.01.10 22:36:49.361,1.13829,1.13877,1.45,1.57
2018.01.10 22:36:49.516,1.13828,1.13877,1.01,1.82
2018.01.10 22:36:49.670,1.13828,1.13877,3.37,1.44
2018.01.10 22:36:49.722,1.1383,1.13876,1.26,1.29
2018.01.10 22:36:50.152,1.1383,1.13878,1.82,1.51
2018.01.10 22:36:50.204,1.13831,1.13876,1.26,1.01
2018.01.10 22:36:50.764,1.13831,1.13879,1.26,1.26
2018.01.10 22:36:50.816,1.13831,1.1388,1.26,1.76
2018.01.10 22:36:50.980,1.13829,1.13877,1.01,1.26
2018.01.10 22:36:51.451,1.13827,1.13876,1.70,1.57
2018.01.10 22:36:51.555,1.1383,1.13877,1.01,1.26
2018.01.10 22:36:51.839,1.13828,1.13876,2.07,1.57
2018.01.10 22:36:52.423,1.13826,1.13876,2.14,1.82
2018.01.10 22:36:52.844,1.13828,1.13875,1.26,1.29
2018.01.10 22:36:53.305,1.13829,1.13877,2.51,1.45
2018.01.10 22:36:53.356,1.13831,1.13879,1.01,1.82
2018.01.10 22:36:53.542,1.13827,1.13876,1.01,1.76
2018.01.10 22:36:54.176,1.1383,1.13877,1.29,1.76
2018.01.10 22:36:54.443,1.13827,1.13876,1.76,1.57
2018.01.10 22:36:55.159,1.13827,1.13875,2.51,1.29
2018.01.10 22:36:55.537,1.13827,1.13875,1.51,1.57
2018.01.10 22:36:55.691,1.1383,1.13877,1.26,1.26
2018.01.10 22:36:55.743,1.1383,1.13878,1.76,1.45
2018.01.10 22:36:55.897,1.1383,1.13876,1.01,1.26
2018.01.10 22:36:56.001,1.13828,1.13875,1.26,1.29
2018.01.10 22:36:56.156,1.13828,1.13877,2.07,1.51
2018.01.10 22:36:56.488,1.13828,1.13876,1.26,2.07
2018.01.10 22:36:56.592,1.1383,1.13879,1.26,1.76
2018.01.10 22:36:56.841,1.13827,1.13876,1.01,1.57
2018.01.10 22:36:57.281,1.13829,1.13877,1.76,1.29
2018.01.10 22:36:57.333,1.13827,1.13876,1.57,2.25
2018.01.10 22:36:57.488,1.1383,1.13878,1.01,1.51
2018.01.10 22:36:57.696,1.13827,1.13876,3.07,1.57
2018.01.10 22:36:57.748,1.13827,1.13875,1.51,1.57
2018.01.10 22:36:57.800,1.13828,1.13877,1.64,2.00
2018.01.10 22:36:58.142,1.1383,1.13879,2.14,1.75
2018.01.10 22:36:58.348,1.13833,1.1388,1.89,1.85
2018.01.10 22:36:58.400,1.13834,1.13881,2.32,1.57
2018.01.10 22:36:58.452,1.13835,1.13881,1.57,1.19
2018.01.10 22:36:59.044,1.13836,1.13883,1.51,1.85
2018.01.10 22:36:59.357,1.13837,1.13883,2.32,1.50
2018.01.10 22:36:59.844,1.13838,1.13883,1.32,1.50
2018.01.10 22:36:59.948,1.13838,1.13883,1.32,1.50
2018.01.10 22:37:00.051,1.13837,1.13882,1.95,1.19
2018.01.10 22:37:00.383,1.13837,1.13883,2.32,1.50
2018.01.10 22:37:01.598,1.13836,1.13883,2.51,1.57
2018.01.10 22:37:02.148,1.13838,1.13884,1.32,1.85
2018.01.10 22:37:02.840,1.13837,1.13882,1.26,1.50
2018.01.10 22:37:03.346,1.13837,1.13883,1.32,1.85
2018.01.10 22:37:03.938,1.13837,1.13883,1.32,1.85
2018.01.10 22:37:04.208,1.13836,1.13883,1.95,1.85
2018.01.10 22:37:04.350,1.13838,1.13881,1.07,1.19
2018.01.10 22:37:04.590,1.13838,1.13884,1.01,2.32
2018.01.10 22:37:04.751,1.13836,1.13881,2.32,1.19
2018.01.10 22:37:05.289,1.13837,1.13883,1.95,1.69
2018.01.10 22:37:05.880,1.13838,1.13884,1.95,1.82
2018.01.10 22:37:06.439,1.13838,1.13884,1.26,1.85
2018.01.10 22:37:06.961,1.13838,1.13884,1.51,1.82
2018.01.10 22:37:07.493,1.13838,1.13884,1.20,1.82
2018.01.10 22:37:08.149,1.13838,1.13884,1.51,2.07
2018.01.10 22:37:08.725,1.13837,1.13883,1.95,1.50
2018.01.10 22:37:09.480,1.13838,1.13885,1.51,2.51
2018.01.10 22:37:10.153,1.13837,1.13883,1.95,1.50
2018.01.10 22:37:10.464,1.13838,1.13885,1.51,2.32
2018.01.10 22:37:10.636,1.13838,1.13883,1.51,1.50
2018.01.10 22:37:11.166,1.13839,1.13884,1.32,1.01
2018.01.10 22:37:11.598,1.13838,1.13887,1.07,1.32
2018.01.10 22:37:11.821,1.13838,1.13884,1.26,1.76
2018.01.10 22:37:12.189,1.13838,1.13885,1.51,1.82
2018.01.10 22:37:12.786,1.13837,1.13883,1.95,1.50
2018.01.10 22:37:13.298,1.13837,1.13883,1.95,1.50
2018.01.10 22:37:13.839,1.13837,1.13885,1.95,2.32
2018.01.10 22:37:13.942,1.13837,1.13885,2.32,2.32
2018.01.10 22:37:14.534,1.13837,1.13885,1.51,1.82
2018.01.10 22:37:15.541,1.13837,1.13884,1.95,1.82
2018.01.10 22:37:16.043,1.13838,1.13883,1.32,1.57
2018.01.10 22:37:16.653,1.13837,1.13884,1.45,1.76
2018.01.10 22:37:17.545,1.13837,1.13883,2.32,1.57
2018.01.10 22:37:18.087,1.13838,1.13885,1.51,1.82
2018.01.10 22:37:18.591,1.13837,1.13884,2.32,2.07
2018.01.10 22:37:19.141,1.13838,1.13884,1.32,1.85
2018.01.10 22:37:19.562,1.13832,1.13881,1.19,1.75
2018.01.10 22:37:19.792,1.1382,1.1387,1.04,1.75
2018.01.10 22:37:19.845,1.1382,1.13871,0.10,1.75
2018.01.10 22:37:19.897,1.13824,1.13875,1.50,1.75
2018.01.10 22:37:20.156,1.1382,1.13874,0.35,1.75
2018.01.10 22:37:20.209,1.13821,1.13874,1.75,1.75
2018.01.10 22:37:20.261,1.1382,1.13873,0.10,1.75
2018.01.10 22:37:20.365,1.13821,1.13874,1.75,1.75
2018.01.10 22:37:20.624,1.1382,1.13873,0.10,1.75
2018.01.10 22:37:20.676,1.1382,1.13872,0.10,1.75
2018.01.10 22:37:21.038,1.1382,1.13873,0.10,1.75
2018.01.10 22:37:21.141,1.1382,1.13872,0.10,1.75
2018.01.10 22:37:21.645,1.1382,1.13873,0.10,1.75
2018.01.10 22:37:22.155,1.1382,1.13872,0.10,1.75
2018.01.10 22:37:22.687,1.1382,1.13871,0.10,1.75
2018.01.10 22:37:23.225,1.1382,1.13872,0.10,1.75
2018.01.10 22:37:23.538,1.1382,1.13874,0.10,1.75
2018.01.10 22:37:23.643,1.1382,1.1387,0.10,1.75
2018.01.10 22:37:23.817,1.1382,1.13872,0.10,1.75
2018.01.10 22:37:24.489,1.1382,1.13875,0.10,1.75
2018.01.10 22:37:25.617,1.1382,1.13875,0.10,1.75
2018.01.10 22:37:25.772,1.1382,1.13878,1.04,1.94
2018.01.10 22:37:26.041,1.1382,1.13878,0.10,1.94
2018.01.10 22:37:26.145,1.1382,1.13879,1.04,1.94
2018.01.10 22:37:26.664,1.1382,1.13878,0.29,1.94
2018.01.10 22:37:27.143,1.1382,1.1388,1.04,1.94
2018.01.10 22:37:27.195,1.1382,1.13873,1.95,1.75
2018.01.10 22:37:27.248,1.1382,1.13878,1.04,1.94
2018.01.10 22:37:27.402,1.1382,1.13879,0.35,1.94
2018.01.10 22:37:27.911,1.1382,1.13878,0.29,1.94
2018.01.10 22:37:28.639,1.1382,1.13878,0.35,1.94
2018.01.10 22:37:28.692,1.1382,1.13872,0.10,1.75
2018.01.10 22:37:28.745,1.1382,1.13876,0.29,1.75
2018.01.10 22:37:28.797,1.1382,1.13876,0.10,1.75
2018.01.10 22:37:30.137,1.1382,1.13877,0.10,1.94
2018.01.10 22:37:32.614,1.1382,1.13875,0.10,2.00
2018.01.10 22:37:33.025,1.1382,1.13873,0.10,1.75
2018.01.10 22:37:34.680,1.1382,1.13874,0.10,1.75
2018.01.10 22:37:45.772,1.1382,1.13872,0.10,1.75
2018.01.10 22:37:47.551,1.1382,1.13873,0.10,1.75
2018.01.10 22:37:47.655,1.1382,1.13878,0.29,2.00
2018.01.10 22:37:49.908,1.1382,1.13881,0.35,2.44
2018.01.10 22:37:49.961,1.1382,1.1388,1.10,1.75
2018.01.10 22:37:50.013,1.1382,1.13881,1.10,1.75
2018.01.10 22:37:50.066,1.13821,1.13882,1.75,2.44
2018.01.10 22:37:50.118,1.1382,1.13883,3.10,1.94
2018.01.10 22:37:55.593,1.1382,1.13883,3.10,1.94
2018.01.10 22:37:55.645,1.1382,1.13881,1.10,2.25
2018.01.10 22:37:55.880,1.1382,1.13881,0.54,1.69
2018.01.10 22:37:56.614,1.1382,1.13881,0.54,2.44
2018.01.10 22:37:58.263,1.13821,1.1388,1.75,1.19
2018.01.10 22:37:58.315,1.13821,1.13884,1.75,2.06
2018.01.10 22:37:58.367,1.1382,1.13882,2.20,1.94
2018.01.10 22:37:58.676,1.13825,1.13883,1.75,1.19
2018.01.10 22:38:02.002,1.13824,1.13886,1.75,1.94
2018.01.10 22:38:02.514,1.13824,1.13883,1.75,1.19
2018.01.10 22:38:05.400,1.13823,1.13886,2.32,2.44
2018.01.10 22:38:12.610,1.13823,1.13886,1.75,2.44
2018.01.10 22:38:16.715,1.13821,1.13882,2.00,1.19
2018.01.10 22:38:17.028,1.13821,1.13882,2.00,2.00
2018.01.10 22:38:17.235,1.13824,1.13886,2.32,1.44
2018.01.10 22:38:17.287,1.13825,1.13884,1.75,1.75
2018.01.10 22:38:17.339,1.13823,1.13886,2.32,1.12
2018.01.10 22:38:17.469,1.13831,1.13881,1.75,1.75
2018.01.10 22:38:17.522,1.13824,1.13887,1.85,2.44
2018.01.10 22:38:17.575,1.13824,1.13885,1.75,1.75
2018.01.10 22:38:17.629,1.1382,1.13884,2.14,1.94
2018.01.10 22:38:17.733,1.13821,1.13881,2.00,2.00
2018.01.10 22:38:17.785,1.13821,1.13883,1.75,1.75
2018.01.10 22:38:17.942,1.13823,1.13884,1.75,1.75
2018.01.10 22:38:18.150,1.13822,1.13887,2.32,2.44
2018.01.10 22:38:18.254,1.13825,1.13884,1.75,1.19
2018.01.10 22:38:20.461,1.13822,1.13875,1.75,1.75
2018.01.10 22:38:20.513,1.1382,1.13874,0.10,1.75
2018.01.10 22:38:20.772,1.1382,1.13872,0.10,1.75
2018.01.10 22:38:21.033,1.1382,1.13874,0.10,1.94
2018.01.10 22:38:21.573,1.1382,1.13873,0.10,2.00
2018.01.10 22:38:21.781,1.1382,1.13866,0.10,1.82
2018.01.10 22:38:21.833,1.1382,1.13869,0.10,1.75
2018.01.10 22:38:22.715,1.1382,1.1387,0.10,1.75
2018.01.10 22:38:22.767,1.1382,1.13867,0.10,1.75
2018.01.10 22:38:23.285,1.1382,1.13869,0.10,1.75
2018.01.10 22:38:24.971,1.1382,1.13868,0.10,1.51
2018.01.10 22:38:25.024,1.1382,1.13871,0.10,1.75
2018.01.10 22:38:25.563,1.1382,1.1387,0.10,1.75
2018.01.10 22:38:26.081,1.1382,1.13869,0.10,1.75
2018.01.10 22:38:26.237,1.1382,1.13867,0.10,1.75
2018.01.10 22:38:26.495,1.1382,1.13868,0.10,1.75
2018.01.10 22:38:27.806,1.1382,1.1387,0.10,1.75
2018.01.10 22:38:27.858,1.1382,1.13865,0.10,1.75
2018.01.10 22:38:27.911,1.1382,1.13867,0.10,1.75
2018.01.10 22:38:28.951,1.1382,1.13865,0.10,1.75
2018.01.10 22:38:29.003,1.1382,1.13869,0.10,1.75
2018.01.10 22:38:30.921,1.1382,1.1387,0.10,2.00
2018.01.10 22:38:31.929,1.1382,1.13868,0.29,1.75
2018.01.10 22:38:36.137,1.1382,1.13872,0.10,1.75
2018.01.10 22:38:36.189,1.1382,1.13868,0.29,1.75
2018.01.10 22:38:36.241,1.1382,1.13872,0.10,1.75
2018.01.10 22:38:37.499,1.1382,1.13871,0.10,1.75
2018.01.10 22:38:38.161,1.1382,1.13869,0.29,1.95
2018.01.10 22:38:38.471,1.1382,1.13871,0.85,1.95
2018.01.10 22:38:39.619,1.1382,1.13871,0.85,1.75
2018.01.10 22:38:42.665,1.1382,1.1387,0.95,1.20
2018.01.10 22:38:43.211,1.1382,1.13871,1.14,1.95
2018.01.10 22:38:43.771,1.1382,1.13871,1.04,1.95
2018.01.10 22:38:45.143,1.1382,1.13871,1.14,1.95
2018.01.10 22:38:45.719,1.1382,1.13871,0.95,1.20
2018.01.10 22:38:46.239,1.1382,1.1387,0.92,1.51
2018.01.10 22:38:46.904,1.1382,1.13872,1.95,1.95
2018.01.10 22:38:47.556,1.1382,1.13871,2.92,1.51
2018.01.10 22:38:50.992,1.13821,1.13872,1.82,1.20
2018.01.10 22:38:52.680,1.13823,1.13874,1.75,1.20
2018.01.10 22:38:52.731,1.13823,1.13876,1.75,1.75
2018.01.10 22:38:52.783,1.13823,1.13874,1.85,1.20
2018.01.10 22:38:52.887,1.13823,1.13876,1.75,1.75
2018.01.10 22:38:53.231,1.1382,1.13871,1.04,2.19
2018.01.10 22:38:53.386,1.1382,1.13869,0.29,1.75
2018.01.10 22:38:53.438,1.1382,1.13867,0.35,1.20
2018.01.10 22:38:53.542,1.1382,1.13868,0.29,1.20
2018.01.10 22:38:54.187,1.1382,1.13868,0.29,1.82
2018.01.10 22:38:55.292,1.1382,1.1387,0.29,2.44
2018.01.10 22:38:55.498,1.1382,1.13867,0.35,1.01
2018.01.10 22:38:55.808,1.1382,1.13869,1.04,1.75
2018.01.10 22:38:56.118,1.1382,1.13868,0.35,1.82
2018.01.10 22:38:56.281,1.1382,1.13868,0.29,1.51
2018.01.10 22:38:56.333,1.1382,1.13869,0.29,2.00
2018.01.10 22:38:56.385,1.1382,1.13868,0.29,1.26
2018.01.10 22:38:56.437,1.1382,1.13869,0.29,1.75
2018.01.10 22:38:56.489,1.1382,1.13867,0.29,1.82
2018.01.10 22:38:56.541,1.1382,1.13869,0.29,1.75
2018.01.10 22:38:56.593,1.1382,1.13868,0.29,1.20
2018.01.10 22:38:56.748,1.1382,1.13869,0.29,1.75
2018.01.10 22:38:56.903,1.1382,1.13868,0.29,1.82
2018.01.10 22:38:57.058,1.1382,1.13867,0.10,1.82
2018.01.10 22:38:57.301,1.1382,1.13868,0.29,1.95
2018.01.10 22:38:57.405,1.1382,1.13867,0.10,1.75
2018.01.10 22:38:57.457,1.1382,1.13868,0.29,1.20
2018.01.10 22:38:57.509,1.1382,1.13868,0.35,1.82
2018.01.10 22:38:57.561,1.1382,1.13869,0.29,1.75
2018.01.10 22:38:57.675,1.1382,1.13868,0.29,1.20
2018.01.10 22:38:57.795,1.1382,1.13869,0.29,1.75
2018.01.10 22:38:57.850,1.1382,1.13866,0.35,1.82
2018.01.10 22:38:57.953,1.1382,1.13867,0.10,1.82
2018.01.10 22:38:58.006,1.1382,1.13868,0.29,1.82
2018.01.10 22:38:58.058,1.1382,1.1387,0.29,1.75
2018.01.10 22:38:58.163,1.1382,1.13869,0.85,1.95
2018.01.10 22:38:58.215,1.1382,1.13867,0.10,1.82
2018.01.10 22:38:58.267,1.1382,1.13868,0.29,1.95
2018.01.10 22:38:58.423,1.1382,1.1387,0.29,1.75
2018.01.10 22:38:58.476,1.1382,1.13868,0.29,1.95
2018.01.10 22:38:58.527,1.1382,1.1387,1.29,1.75
2018.01.10 22:38:58.578,1.1382,1.13869,1.04,1.95
2018.01.10 22:38:58.630,1.1382,1.13867,0.10,1.82
2018.01.10 22:38:58.681,1.1382,1.1387,0.29,2.00
2018.01.10 22:38:59.019,1.1382,1.13869,1.04,1.95
2018.01.10 22:38:59.420,1.1382,1.13866,0.35,1.75
2018.01.10 22:38:59.524,1.1382,1.13869,1.04,1.75
2018.01.10 22:38:59.577,1.1382,1.13867,0.10,1.75
2018.01.10 22:38:59.629,1.1382,1.1387,0.29,1.75
2018.01.10 22:38:59.991,1.1382,1.13867,1.04,1.51
2018.01.10 22:39:00.043,1.1382,1.13868,0.29,1.75
2018.01.10 22:39:00.369,1.1382,1.13866,0.35,1.82
2018.01.10 22:39:00.425,1.1382,1.1387,0.29,1.75
2018.01.10 22:39:00.477,1.1382,1.13868,0.35,1.95
2018.01.10 22:39:00.914,1.1382,1.13868,1.04,1.75
2018.01.10 22:39:01.241,1.1382,1.13868,0.29,1.95
2018.01.10 22:39:01.296,1.1382,1.1387,1.04,1.75
2018.01.10 22:39:01.348,1.1382,1.13867,0.10,1.75
2018.01.10 22:39:01.504,1.1382,1.13867,0.29,1.19
2018.01.10 22:39:01.762,1.1382,1.13867,0.10,1.82
2018.01.10 22:39:02.071,1.1382,1.13868,0.29,1.95
2018.01.10 22:39:02.382,1.1382,1.13868,0.95,1.01
2018.01.10 22:39:02.535,1.1382,1.13868,1.95,1.76
2018.01.10 22:39:02.916,1.13821,1.13868,2.44,1.07
2018.01.10 22:39:03.142,1.13821,1.13867,1.85,1.26
2018.01.10 22:39:03.297,1.13822,1.13871,2.25,1.69
2018.01.10 22:39:03.507,1.13822,1.13866,1.50,1.01
2018.01.10 22:39:03.818,1.13823,1.13872,1.50,1.50
2018.01.10 22:39:04.025,1.13822,1.13867,1.57,1.29
2018.01.10 22:39:04.329,1.13824,1.13873,1.50,1.50
2018.01.10 22:39:04.433,1.13824,1.13866,1.01,1.00
2018.01.10 22:39:04.641,1.13823,1.13871,1.50,1.69
2018.01.10 22:39:04.833,1.13823,1.13866,1.25,1.32
2018.01.10 22:39:05.143,1.13823,1.13873,1.75,1.50
2018.01.10 22:39:05.337,1.13821,1.13868,1.82,1.26
2018.01.10 22:39:05.492,1.13824,1.13871,1.19,1.75
2018.01.10 22:39:05.701,1.13821,1.13871,1.82,2.32
2018.01.10 22:39:06.117,1.13824,1.13872,1.50,1.44
2018.01.10 22:39:06.221,1.13823,1.13869,1.29,1.26
2018.01.10 22:39:06.523,1.13823,1.1387,1.50,1.50
2018.01.10 22:39:06.874,1.13824,1.13871,1.19,1.26
2018.01.10 22:39:06.926,1.13824,1.13873,1.26,2.07
2018.01.10 22:39:07.136,1.13822,1.1387,1.19,1.57
2018.01.10 22:39:07.396,1.13824,1.13871,1.19,1.50
2018.01.10 22:39:08.264,1.13824,1.13872,1.75,1.69
2018.01.10 22:39:08.579,1.13824,1.13869,1.29,1.26
2018.01.10 22:39:10.103,1.13824,1.13873,1.50,1.87
2018.01.10 22:39:10.448,1.13823,1.13869,1.50,1.26
2018.01.10 22:39:10.539,1.13823,1.13869,1.50,1.19
2018.01.10 22:39:10.592,1.13824,1.13873,1.19,2.06
2018.01.10 22:39:10.798,1.13824,1.13871,1.25,1.75
2018.01.10 22:39:11.189,1.13824,1.13871,1.25,1.95
2018.01.10 22:39:11.344,1.13824,1.1387,1.25,1.50
2018.01.10 22:39:11.886,1.13825,1.13872,1.19,1.94
2018.01.10 22:39:12.413,1.13824,1.13872,1.50,2.00
2018.01.10 22:39:12.938,1.13825,1.13873,1.50,2.62
2018.01.10 22:39:13.148,1.13824,1.1387,1.19,1.19
2018.01.10 22:39:13.340,1.13824,1.1387,1.75,1.19
2018.01.10 22:39:13.689,1.13825,1.13871,1.25,1.76
2018.01.10 22:39:15.636,1.13824,1.1387,1.50,1.19
2018.01.10 22:39:15.940,1.13825,1.1387,1.25,1.19
2018.01.10 22:39:16.450,1.13825,1.13871,1.19,1.75
2018.01.10 22:39:17.723,1.13823,1.1387,1.50,1.57
2018.01.10 22:39:18.343,1.13824,1.13869,1.19,1.19
2018.01.10 22:39:18.589,1.13824,1.13871,1.19,1.95
2018.01.10 22:39:18.743,1.13824,1.13869,1.19,1.19
2018.01.10 22:39:20.394,1.13824,1.13871,1.19,1.20
2018.01.10 22:39:20.693,1.13825,1.13871,1.19,1.75
2018.01.10 22:39:20.891,1.13825,1.13871,1.19,1.20
2018.01.10 22:39:21.051,1.13824,1.1387,1.29,1.57
2018.01.10 22:39:21.582,1.13823,1.13871,1.19,1.75
2018.01.10 22:39:22.438,1.13824,1.1387,1.19,1.19
2018.01.10 22:39:23.443,1.13827,1.13871,1.00,1.37
2018.01.10 22:39:23.754,1.13829,1.13869,1.00,1.00
2018.01.10 22:39:24.255,1.13829,1.1387,1.00,1.12
2018.01.10 22:39:24.802,1.13829,1.13869,1.00,1.00
2018.01.10 22:39:25.341,1.1383,1.13869,1.00,1.00
2018.01.10 22:39:25.950,1.13829,1.13869,1.25,1.00
2018.01.10 22:39:26.494,1.1383,1.13869,1.00,1.00
2018.01.10 22:39:27.014,1.13829,1.13869,1.25,1.00
2018.01.10 22:39:30.788,1.13829,1.1387,1.00,1.00
2018.01.10 22:39:31.713,1.13829,1.1387,1.00,1.19
2018.01.10 22:39:33.097,1.13824,1.13871,1.26,2.32
2018.01.10 22:39:33.439,1.13821,1.1387,1.29,1.82
2018.01.10 22:39:33.492,1.1382,1.1387,1.92,1.95
2018.01.10 22:39:34.839,1.1382,1.1387,1.92,1.95
2018.01.10 22:39:36.094,1.1382,1.13869,1.85,1.20
2018.01.10 22:39:36.464,1.1382,1.13857,0.10,1.20
2018.01.10 22:39:36.622,1.1382,1.13861,0.10,1.70
2018.01.10 22:39:36.725,1.1382,1.13858,0.10,1.07
2018.01.10 22:39:37.110,1.1382,1.13863,0.10,1.82
2018.01.10 22:39:37.338,1.1382,1.13859,0.10,2.07
2018.01.10 22:39:37.493,1.1382,1.1386,0.10,1.20
2018.01.10 22:39:37.740,1.1382,1.13858,0.10,1.20
2018.01.10 22:39:37.844,1.1382,1.13858,0.10,1.01
2018.01.10 22:39:37.896,1.1382,1.1386,0.10,1.20
2018.01.10 22:39:38.183,1.1382,1.13857,0.10,1.20
2018.01.10 22:39:38.235,1.1382,1.13858,0.10,1.01
2018.01.10 22:39:38.287,1.1382,1.13857,0.10,1.20
2018.01.10 22:39:38.544,1.1382,1.13864,1.29,1.01
2018.01.10 22:39:38.596,1.13821,1.13864,1.75,1.01
2018.01.10 22:39:38.648,1.1382,1.13865,0.85,1.45
2018.01.10 22:39:38.701,1.1382,1.13863,0.10,1.95
2018.01.10 22:39:39.013,1.1382,1.13863,0.35,1.64
2018.01.10 22:39:39.065,1.1382,1.13864,0.10,1.20
2018.01.10 22:39:39.325,1.1382,1.1386,0.10,1.75
2018.01.10 22:39:39.523,1.1382,1.13863,0.10,1.75
2018.01.10 22:39:39.730,1.1382,1.13859,0.10,1.75
2018.01.10 22:39:40.242,1.1382,1.13858,0.10,1.95
2018.01.10 22:39:40.345,1.1382,1.1386,0.10,1.95
2018.01.10 22:39:41.088,1.1382,1.13858,0.10,1.82
2018.01.10 22:39:41.295,1.1382,1.1386,0.10,1.95
2018.01.10 22:39:41.531,1.1382,1.13858,0.10,1.82
2018.01.10 22:39:41.790,1.1382,1.13862,0.10,1.75
2018.01.10 22:39:42.048,1.1382,1.13858,0.10,1.82
2018.01.10 22:39:42.337,1.1382,1.13861,0.10,1.75
2018.01.10 22:39:42.389,1.1382,1.13863,0.10,1.75
2018.01.10 22:39:42.518,1.1382,1.1386,0.10,1.82
2018.01.10 22:39:42.992,1.1382,1.13863,0.10,1.19
2018.01.10 22:39:43.044,1.1382,1.1386,0.10,1.75
2018.01.10 22:39:43.696,1.1382,1.13861,0.10,1.95
2018.01.10 22:39:44.146,1.1382,1.13858,0.10,1.82
2018.01.10 22:39:44.236,1.1382,1.13859,0.10,1.82
2018.01.10 22:39:44.973,1.1382,1.13861,0.10,2.14
2018.01.10 22:39:45.501,1.1382,1.13859,0.10,1.82
2018.01.10 22:39:45.811,1.1382,1.13861,0.10,2.14
2018.01.10 22:39:46.393,1.1382,1.1386,0.10,1.82
2018.01.10 22:39:46.446,1.1382,1.13858,0.10,1.82
2018.01.10 22:39:46.739,1.1382,1.1386,0.10,1.20
2018.01.10 22:39:47.203,1.1382,1.13863,0.10,1.51
2018.01.10 22:39:47.307,1.1382,1.13861,0.10,1.20
2018.01.10 22:39:47.926,1.1382,1.1386,0.10,1.95
2018.01.10 22:39:47.978,1.1382,1.13862,0.10,1.20
2018.01.10 22:39:48.838,1.1382,1.13862,0.10,1.01
2018.01.10 22:39:49.150,1.1382,1.13861,0.10,2.32
2018.01.10 22:39:49.614,1.1382,1.13858,0.10,1.82
2018.01.10 22:39:49.770,1.1382,1.13859,0.10,1.82
2018.01.10 22:39:50.440,1.1382,1.13858,0.10,1.82
2018.01.10 22:39:51.147,1.1382,1.13859,0.10,2.07
2018.01.10 22:39:51.537,1.1382,1.13857,0.10,1.82
2018.01.10 22:39:51.641,1.1382,1.13858,0.10,1.57
2018.01.10 22:39:52.170,1.1382,1.13859,0.10,1.82
2018.01.10 22:39:52.905,1.1382,1.13859,0.10,1.82
2018.01.10 22:39:53.009,1.1382,1.1386,0.10,1.51
2018.01.10 22:39:53.542,1.1382,1.13861,0.10,1.32
2018.01.10 22:39:54.191,1.1382,1.13862,0.35,1.32
2018.01.10 22:39:54.296,1.1382,1.13863,0.35,1.39
2018.01.10 22:39:54.508,1.1382,1.13862,1.35,1.26
2018.01.10 22:39:55.024,1.13821,1.13862,1.00,1.26
2018.01.10 22:39:55.336,1.13821,1.13863,1.25,1.07
2018.01.10 22:39:55.545,1.1382,1.13864,0.10,1.39
2018.01.10 22:39:56.056,1.1382,1.13863,0.10,1.51
2018.01.10 22:39:56.598,1.1382,1.13862,0.10,1.26
2018.01.10 22:39:57.206,1.1382,1.13864,0.35,1.76
2018.01.10 22:39:57.309,1.1382,1.13862,0.35,1.26
2018.01.10 22:39:58.001,1.1382,1.13863,0.10,1.39
2018.01.10 22:39:58.104,1.13821,1.13862,1.00,1.07
2018.01.10 22:39:58.301,1.1382,1.13862,0.35,1.07
2018.01.10 22:39:58.816,1.1382,1.13863,0.10,1.95
2018.01.10 22:39:59.022,1.1382,1.13861,1.10,1.26
2018.01.10 22:39:59.708,1.1382,1.13861,0.10,1.32
2018.01.10 22:39:59.811,1.1382,1.13862,0.10,1.26
2018.01.10 22:39:59.914,1.1382,1.13863,0.10,1.26
2018.01.10 22:40:00.679,1.1382,1.13861,1.10,1.07
2018.01.10 22:40:01.006,1.1382,1.13862,0.10,1.26
2018.01.10 22:40:01.059,1.1382,1.13862,1.10,1.07
2018.01.10 22:40:01.404,1.1382,1.13863,0.10,1.57
2018.01.10 22:40:01.719,1.1382,1.13863,0.10,1.32
2018.01.10 22:40:02.401,1.1382,1.13861,0.10,1.26
2018.01.10 22:40:03.110,1.1382,1.13863,0.10,1.51
2018.01.10 22:40:03.624,1.1382,1.13864,0.10,1.39
2018.01.10 22:40:04.776,1.1382,1.13864,0.10,1.26
2018.01.10 22:40:04.993,1.1382,1.13864,0.10,1.39
2018.01.10 22:40:05.611,1.1382,1.13863,1.10,1.26
2018.01.10 22:40:06.344,1.1382,1.13864,0.10,1.39
2018.01.10 22:40:06.894,1.1382,1.13863,1.10,1.26
2018.01.10 22:40:07.196,1.1382,1.13863,0.10,1.39
2018.01.10 22:40:07.517,1.1382,1.13865,0.10,2.14
2018.01.10 22:40:07.620,1.1382,1.13863,0.10,1.51
2018.01.10 22:40:08.138,1.1382,1.13864,0.35,1.51
2018.01.10 22:40:09.039,1.1382,1.13863,1.35,1.26
2018.01.10 22:40:09.449,1.1382,1.13864,0.10,1.64
2018.01.10 22:40:09.964,1.1382,1.13864,0.10,1.39
2018.01.10 22:40:10.742,1.1382,1.13864,0.10,1.20
2018.01.10 22:40:11.073,1.1382,1.13863,1.10,1.26
2018.01.10 22:40:11.229,1.1382,1.13865,0.10,2.14
2018.01.10 22:40:11.487,1.1382,1.13864,0.10,1.26
2018.01.10 22:40:11.643,1.1382,1.13863,0.10,1.95
2018.01.10 22:40:11.989,1.1382,1.13863,1.35,1.26
2018.01.10 22:40:12.137,1.1382,1.13863,0.35,1.39
2018.01.10 22:40:12.395,1.1382,1.13864,0.10,1.51
2018.01.10 22:40:12.746,1.1382,1.13864,0.10,1.64
2018.01.10 22:40:13.211,1.1382,1.13863,1.10,1.26
2018.01.10 22:40:13.455,1.1382,1.13863,0.10,1.20
2018.01.10 22:40:13.661,1.1382,1.13863,0.10,1.26
2018.01.10 22:40:14.125,1.1382,1.13863,0.10,1.64
2018.01.10 22:40:14.231,1.1382,1.13863,0.10,1.26
2018.01.10 22:40:14.810,1.1382,1.13863,1.35,1.26
2018.01.10 22:40:15.369,1.1382,1.13863,0.10,1.57
2018.01.10 22:40:15.948,1.1382,1.13862,1.10,1.20
2018.01.10 22:40:16.109,1.13821,1.13861,1.00,1.07
2018.01.10 22:40:16.315,1.1382,1.13863,0.10,1.57
2018.01.10 22:40:16.418,1.1382,1.13861,1.35,1.32
2018.01.10 22:40:16.590,1.1382,1.13861,1.35,1.32
2018.01.10 22:40:16.797,1.13821,1.13862,1.00,1.10
2018.01.10 22:40:17.105,1.13821,1.13867,1.19,1.45
2018.01.10 22:40:21.954,1.1382,1.13867,1.39,1.26
2018.01.10 22:40:26.607,1.13824,1.13868,1.00,1.57
2018.01.10 22:40:27.150,1.13824,1.13871,1.26,2.32
2018.01.10 22:40:28.386,1.13826,1.1387,1.00,1.85
2018.01.10 22:40:29.550,1.13826,1.1387,1.00,1.29
2018.01.10 22:40:32.952,1.13824,1.13871,1.51,1.76
2018.01.10 22:40:34.591,1.13824,1.13871,1.51,1.29
2018.01.10 22:40:34.695,1.13824,1.13873,1.64,1.85
2018.01.10 22:40:34.747,1.13827,1.13876,1.57,1.20
2018.01.10 22:40:34.799,1.13826,1.13879,1.39,1.64
2018.01.10 22:40:34.851,1.13826,1.13879,1.82,1.20
2018.01.10 22:40:35.200,1.13828,1.13875,1.10,1.95
2018.01.10 22:40:35.512,1.13828,1.13874,1.32,1.82
2018.01.10 22:40:35.739,1.13828,1.13877,1.20,1.20
2018.01.10 22:40:35.792,1.13829,1.13881,1.20,1.82
2018.01.10 22:40:36.307,1.13829,1.13882,1.75,1.75
2018.01.10 22:40:36.360,1.13831,1.13884,1.75,1.75
2018.01.10 22:40:36.670,1.13828,1.13879,2.32,1.75
2018.01.10 22:40:36.853,1.1383,1.13882,1.75,1.75
2018.01.10 22:40:37.134,1.13826,1.13884,1.76,1.94
2018.01.10 22:40:37.186,1.13828,1.13879,2.07,1.75
2018.01.10 22:40:37.391,1.1383,1.13882,1.94,1.75
2018.01.10 22:40:37.547,1.1383,1.13882,1.94,1.75
2018.01.10 22:40:37.600,1.1383,1.13889,1.95,1.75
2018.01.10 22:40:37.652,1.1383,1.13892,2.14,1.75
2018.01.10 22:40:37.705,1.13832,1.13895,1.45,1.75
2018.01.10 22:40:37.861,1.13839,1.13897,1.45,1.75
2018.01.10 22:40:38.016,1.13841,1.139,1.45,1.75
2018.01.10 22:40:38.650,1.13842,1.13902,1.76,1.87
2018.01.10 22:40:38.857,1.13843,1.13903,1.76,1.12
2018.01.10 22:40:39.271,1.13843,1.13904,1.47,1.12
2018.01.10 22:40:40.191,1.13842,1.13903,1.76,1.12
2018.01.10 22:40:41.541,1.13842,1.13904,1.45,1.12
2018.01.10 22:40:43.546,1.13842,1.13904,2.04,1.12
2018.01.10 22:40:43.955,1.1384,1.13902,1.01,1.75
2018.01.10 22:40:44.290,1.13842,1.13902,1.01,1.75
2018.01.10 22:40:44.343,1.1384,1.13902,1.01,1.75
2018.01.10 22:40:44.540,1.13842,1.13902,1.19,1.75
2018.01.10 22:40:44.828,1.1384,1.13902,1.01,1.75
2018.01.10 22:40:45.078,1.13842,1.13902,2.07,1.75
2018.01.10 22:40:45.340,1.13838,1.13904,1.94,1.75
2018.01.10 22:40:45.443,1.13842,1.13903,1.94,1.75
2018.01.10 22:40:45.547,1.13841,1.13905,1.94,1.75
2018.01.10 22:40:45.701,1.13846,1.13897,1.51,1.82
2018.01.10 22:40:45.754,1.13837,1.13899,1.94,1.75
2018.01.10 22:40:45.806,1.13836,1.139,1.31,1.75
2018.01.10 22:40:45.973,1.13838,1.139,1.94,1.75
2018.01.10 22:40:46.585,1.13841,1.13902,1.94,1.75
2018.01.10 22:40:46.703,1.13838,1.13902,1.94,1.75
2018.01.10 22:40:46.956,1.13842,1.13902,1.19,1.75
2018.01.10 22:40:47.187,1.13837,1.13903,1.94,1.75
2018.01.10 22:40:47.342,1.13839,1.13903,1.94,1.75
2018.01.10 22:40:47.634,1.13837,1.13903,1.94,1.75
2018.01.10 22:40:47.789,1.13842,1.13902,1.19,1.75
2018.01.10 22:40:47.994,1.13838,1.13902,1.94,1.75
2018.01.10 22:40:48.290,1.13841,1.13901,1.94,1.75
2018.01.10 22:40:48.540,1.13835,1.13902,1.94,1.75
2018.01.10 22:40:48.592,1.13833,1.13898,1.94,1.75
2018.01.10 22:40:48.994,1.13841,1.139,1.94,2.06
2018.01.10 22:40:49.258,1.13839,1.13901,1.94,1.94
2018.01.10 22:40:49.795,1.13838,1.13902,1.94,1.94
2018.01.10 22:40:50.509,1.13837,1.13901,1.94,1.94
2018.01.10 22:40:50.664,1.13838,1.13902,1.94,1.94
2018.01.10 22:40:50.888,1.13838,1.13901,1.94,1.94
2018.01.10 22:40:51.650,1.13838,1.13898,1.94,1.19
2018.01.10 22:40:52.151,1.13838,1.13897,1.94,1.19
2018.01.10 22:40:53.041,1.13838,1.139,1.94,1.94
2018.01.10 22:40:53.608,1.13836,1.139,1.94,1.94
2018.01.10 22:40:54.317,1.13836,1.13898,1.94,1.94
2018.01.10 22:40:55.439,1.13835,1.13897,1.94,1.19
2018.01.10 22:40:55.740,1.13833,1.13895,1.94,1.75
2018.01.10 22:40:56.246,1.13832,1.13894,1.94,1.75
2018.01.10 22:40:58.941,1.13831,1.13894,2.06,1.75
2018.01.10 22:41:00.438,1.13831,1.13895,2.06,1.75
2018.01.10 22:41:02.415,1.13831,1.13896,2.44,1.75
2018.01.10 22:41:03.090,1.13835,1.13899,1.94,1.94
2018.01.10 22:41:03.465,1.13839,1.13899,1.19,1.94
2018.01.10 22:41:03.984,1.1384,1.13901,1.19,1.94
2018.01.10 22:41:04.238,1.13837,1.13899,1.94,1.94
2018.01.10 22:41:05.386,1.1384,1.13898,1.19,1.19
2018.01.10 22:41:06.538,1.13837,1.13902,1.94,1.94
2018.01.10 22:41:07.224,1.13838,1.13901,1.94,1.94
2018.01.10 22:41:07.276,1.1384,1.13901,1.94,1.94
2018.01.10 22:41:07.437,1.13838,1.13901,1.94,1.94
2018.01.10 22:41:07.990,1.1384,1.13899,1.94,1.19
2018.01.10 22:41:08.243,1.13838,1.13901,1.94,1.94
2018.01.10 22:41:08.647,1.13837,1.13903,1.94,1.94
2018.01.10 22:41:08.851,1.13839,1.13902,1.94,1.94
2018.01.10 22:41:09.090,1.13837,1.13903,1.94,1.94
2018.01.10 22:41:09.258,1.13841,1.13903,1.94,1.94
2018.01.10 22:41:09.516,1.1384,1.13904,1.94,1.94
2018.01.10 22:41:09.799,1.13843,1.13904,1.94,1.94
2018.01.10 22:41:10.297,1.13842,1.13906,1.94,1.94
2018.01.10 22:41:10.607,1.1384,1.13901,1.94,2.00
2018.01.10 22:41:10.711,1.13836,1.13898,1.94,1.19
2018.01.10 22:41:10.763,1.13843,1.13896,1.75,1.75
2018.01.10 22:41:11.003,1.13839,1.13899,1.94,1.19
2018.01.10 22:41:11.055,1.13837,1.13899,1.94,1.19
2018.01.10 22:41:11.158,1.13842,1.13899,1.19,1.19
2018.01.10 22:41:11.443,1.13836,1.13902,1.94,1.94
2018.01.10 22:41:11.897,1.13839,1.13899,1.94,1.19
2018.01.10 22:41:12.042,1.13839,1.13902,1.94,1.94
2018.01.10 22:41:12.337,1.13839,1.13899,1.94,1.19
2018.01.10 22:41:12.531,1.13839,1.13902,1.94,1.94
2018.01.10 22:41:12.738,1.13836,1.13902,1.94,1.94
2018.01.10 22:41:12.842,1.13839,1.13902,1.94,1.94
2018.01.10 22:41:13.385,1.1384,1.13899,1.94,1.19
2018.01.10 22:41:13.437,1.13838,1.13903,1.94,1.94
2018.01.10 22:41:13.645,1.13836,1.13898,1.94,1.94
2018.01.10 22:41:13.985,1.13841,1.13898,2.00,1.19
2018.01.10 22:41:14.241,1.13838,1.13898,1.94,1.19
2018.01.10 22:41:14.498,1.13837,1.13897,1.94,1.19
2018.01.10 22:41:14.908,1.13839,1.13897,1.94,1.19
2018.01.10 22:41:14.961,1.13835,1.13901,2.44,1.94
2018.01.10 22:41:15.964,1.13837,1.139,1.94,1.94
2018.01.10 22:41:16.495,1.13837,1.13901,1.94,1.94
2018.01.10 22:41:17.544,1.13835,1.139,1.94,1.94
2018.01.10 22:41:17.597,1.13836,1.13898,1.94,2.00
2018.01.10 22:41:18.277,1.13837,1.13898,1.94,2.00
2018.01.10 22:41:18.759,1.1384,1.13897,1.19,1.75
2018.01.10 22:41:19.040,1.13837,1.13898,1.94,1.94
2018.01.10 22:41:19.267,1.13841,1.139,1.19,1.94
2018.01.10 22:41:19.596,1.13839,1.13889,1.39,1.82
2018.01.10 22:41:20.202,1.13839,1.13889,1.01,1.82
2018.01.10 22:41:21.341,1.13838,1.13889,1.01,1.82
2018.01.10 22:41:21.875,1.13838,1.13889,1.01,1.82
2018.01.10 22:41:22.184,1.13838,1.13889,1.70,1.82
2018.01.10 22:41:22.839,1.13837,1.13888,2.14,1.82
2018.01.10 22:41:27.547,1.13837,1.13888,1.01,1.82
2018.01.10 22:41:28.552,1.13837,1.13888,1.70,1.82
2018.01.10 22:42:10.561,1.13835,1.13887,2.14,1.82
2018.01.10 22:42:31.656,1.13836,1.13886,1.01,1.20
2018.01.10 22:42:31.713,1.13833,1.13883,2.07,1.82
2018.01.10 22:42:32.023,1.13828,1.13876,1.26,1.85
2018.01.10 22:42:32.671,1.13826,1.13876,1.20,1.82
2018.01.10 22:42:32.774,1.13825,1.13876,1.82,1.82
2018.01.10 22:42:36.147,1.13825,1.13876,1.70,1.82
2018.01.10 22:42:37.217,1.13825,1.13876,1.39,1.82
2018.01.10 22:42:37.269,1.13825,1.13876,1.26,1.82
2018.01.10 22:42:37.374,1.13825,1.13873,1.26,1.75
2018.01.10 22:42:40.578,1.13824,1.13873,1.26,1.82
2018.01.10 22:42:45.740,1.13824,1.13873,1.64,1.75
2018.01.10 22:42:45.793,1.13827,1.13876,1.95,1.82
2018.01.10 22:42:45.845,1.13828,1.13878,1.82,1.75
2018.01.10 22:42:45.898,1.13829,1.1388,1.39,1.82
2018.01.10 22:42:46.054,1.1383,1.1388,1.64,1.82
2018.01.10 22:42:46.637,1.13832,1.1388,1.57,1.85
2018.01.10 22:42:46.740,1.13832,1.13881,2.14,1.82
2018.01.10 22:42:47.607,1.13832,1.13883,2.89,1.82
2018.01.10 22:42:54.127,1.13832,1.13881,2.14,1.82
2018.01.10 22:42:54.668,1.13832,1.13881,2.07,1.85
2018.01.10 22:42:59.511,1.13831,1.13881,1.57,1.85
2018.01.10 22:43:03.216,1.13831,1.13881,1.82,1.82
2018.01.10 22:43:03.268,1.13833,1.13884,1.82,1.82
2018.01.10 22:43:03.371,1.13835,1.13885,1.82,1.82
2018.01.10 22:43:03.527,1.13838,1.13888,1.82,1.82
2018.01.10 22:43:03.631,1.13839,1.13889,1.82,1.20
2018.01.10 22:43:04.182,1.13839,1.1389,1.82,2.32
2018.01.10 22:43:05.719,1.1384,1.1389,1.82,1.82
2018.01.10 22:43:06.937,1.1384,1.1389,1.82,1.95
2018.01.10 22:43:10.510,1.1384,1.1389,1.82,1.95
2018.01.10 22:43:12.497,1.13841,1.1389,1.82,1.95
2018.01.10 22:43:21.946,1.13841,1.13892,1.82,1.70
2018.01.10 22:43:25.733,1.13841,1.13891,1.82,1.57
2018.01.10 22:43:27.537,1.1384,1.13891,1.82,2.14
2018.01.10 22:43:30.507,1.13841,1.13891,1.82,2.14
2018.01.10 22:43:46.756,1.1384,1.1389,1.01,1.76
2018.01.10 22:43:51.546,1.13842,1.1389,1.82,1.76
2018.01.10 22:44:24.789,1.13842,1.13891,1.82,2.07
2018.01.10 22:44:25.793,1.13843,1.13891,1.82,1.45
2018.01.10 22:44:26.467,1.13843,1.13891,1.85,1.57
2018.01.10 22:44:27.777,1.13842,1.1389,1.82,1.26
2018.01.10 22:44:27.926,1.13842,1.1389,1.82,1.26
2018.01.10 22:44:28.848,1.13842,1.1389,1.85,1.26
2018.01.10 22:44:31.486,1.13841,1.13891,1.85,1.95
2018.01.10 22:44:32.026,1.13841,1.1389,1.82,1.51
2018.01.10 22:44:32.630,1.13841,1.13891,1.82,1.82
2018.01.10 22:44:33.264,1.13841,1.13891,1.85,1.95
2018.01.10 22:44:42.114,1.13841,1.13891,1.82,1.82
2018.01.10 22:44:42.621,1.13842,1.13891,1.82,1.95
2018.01.10 22:44:45.536,1.13842,1.13891,1.85,1.76
2018.01.10 22:44:46.167,1.1384,1.13891,2.07,1.95
2018.01.10 22:44:47.631,1.1384,1.1389,2.07,1.01
2018.01.10 22:44:48.379,1.13843,1.13892,1.82,1.01
2018.01.10 22:44:48.483,1.13856,1.13906,1.75,1.50
2018.01.10 22:44:48.536,1.13857,1.13905,1.75,1.25
2018.01.10 22:44:48.849,1.13859,1.13907,1.75,1.20
2018.01.10 22:44:49.363,1.13859,1.13906,1.75,1.07
2018.01.10 22:44:49.415,1.13859,1.13904,1.75,1.07
2018.01.10 22:44:49.655,1.13859,1.13904,1.75,1.07
2018.01.10 22:44:49.860,1.13857,1.13904,1.75,1.00
2018.01.10 22:44:50.555,1.13857,1.13907,1.75,1.94
2018.01.10 22:44:53.386,1.13858,1.13907,1.75,1.94
2018.01.10 22:44:53.998,1.13859,1.13906,1.75,1.62
2018.01.10 22:44:54.747,1.13859,1.13906,1.75,1.37
2018.01.10 22:45:05.162,1.13859,1.13907,1.75,1.44
2018.01.10 22:45:05.511,1.13859,1.13906,1.75,1.19
2018.01.10 22:45:05.823,1.13859,1.13903,1.75,1.19
2018.01.10 22:45:10.960,1.13866,1.13903,1.75,1.26
2018.01.10 22:45:17.870,1.13868,1.13902,1.75,1.39
2018.01.10 22:45:27.586,1.13865,1.13902,1.75,1.39
2018.01.10 22:45:27.641,1.13863,1.13901,1.75,1.64
2018.01.10 22:45:27.693,1.13865,1.13903,1.75,1.26
2018.01.10 22:45:28.003,1.13867,1.13904,1.75,1.26
2018.01.10 22:45:31.786,1.13867,1.13904,1.75,1.26
2018.01.10 22:45:32.451,1.13868,1.13904,1.75,1.64
2018.01.10 22:45:32.813,1.13865,1.13901,1.75,1.39
2018.01.10 22:45:33.427,1.13864,1.13902,1.75,1.64
2018.01.10 22:45:36.477,1.13866,1.13902,1.75,1.64
2018.01.10 22:45:46.447,1.13865,1.13902,1.75,1.26
2018.01.10 22:45:52.546,1.13864,1.13903,1.75,1.39
2018.01.10 22:45:53.947,1.13862,1.13899,1.75,1.26
2018.01.10 22:45:54.000,1.13862,1.13904,1.75,1.20
2018.01.10 22:45:54.140,1.1386,1.13903,1.75,1.57
2018.01.10 22:45:54.817,1.1386,1.13903,1.75,2.32
2018.01.10 22:45:55.076,1.13859,1.13903,1.75,1.57
2018.01.10 22:45:56.875,1.13859,1.13903,1.75,1.82
2018.01.10 22:46:00.021,1.13859,1.13903,1.75,1.64
2018.01.10 22:46:01.545,1.13859,1.13901,1.75,1.64
2018.01.10 22:46:01.700,1.13859,1.13903,1.75,1.45
2018.01.10 22:46:03.803,1.13857,1.13903,1.75,1.45
2018.01.10 22:46:04.657,1.13856,1.13903,1.75,2.14
2018.01.10 22:46:04.709,1.13856,1.13901,1.75,1.64
2018.01.10 22:46:05.023,1.13854,1.139,1.75,2.14
2018.01.10 22:46:07.614,1.13854,1.13898,1.75,1.64
2018.01.10 22:46:22.856,1.13854,1.139,1.75,2.32
2018.01.10 22:46:23.428,1.13854,1.139,1.75,1.89
2018.01.10 22:46:24.002,1.13854,1.139,1.75,2.32
2018.01.10 22:46:24.606,1.13854,1.13898,1.75,1.64
2018.01.10 22:46:28.187,1.13852,1.13898,2.00,1.64
2018.01.10 22:46:28.240,1.13852,1.13895,1.75,1.64
2018.01.10 22:46:33.180,1.13852,1.13895,1.75,1.64
2018.01.10 22:46:45.081,1.1385,1.13894,2.00,1.26
2018.01.10 22:46:50.855,1.1385,1.13895,1.75,1.39
2018.01.10 22:46:54.905,1.1385,1.13894,2.00,1.26
2018.01.10 22:47:00.565,1.13851,1.13894,1.75,1.64
2018.01.10 22:47:05.279,1.13851,1.13893,1.75,1.39
2018.01.10 22:47:05.877,1.13851,1.13887,1.75,1.25
2018.01.10 22:47:07.226,1.13848,1.13886,1.75,1.25
2018.01.10 22:47:07.418,1.13847,1.13886,1.75,1.32
2018.01.10 22:47:10.552,1.13845,1.13886,1.75,1.32
2018.01.10 22:47:11.157,1.13845,1.13886,1.75,1.32
2018.01.10 22:47:12.552,1.13846,1.13886,1.75,1.32
2018.01.10 22:47:16.377,1.13845,1.13886,1.75,1.32
2018.01.10 22:47:16.920,1.13845,1.13886,1.75,1.39
2018.01.10 22:47:17.381,1.13843,1.13884,1.75,1.45
2018.01.10 22:47:18.509,1.13843,1.13888,1.75,1.45
2018.01.10 22:47:19.041,1.13842,1.13888,1.75,1.70
2018.01.10 22:47:19.582,1.13842,1.13888,1.75,1.70
2018.01.10 22:47:27.208,1.13842,1.13888,1.75,1.70
2018.01.10 22:47:27.282,1.13842,1.13888,1.75,1.70
2018.01.10 22:47:27.824,1.13842,1.13883,1.75,1.00
2018.01.10 22:47:27.877,1.13842,1.13883,1.75,1.07
2018.01.10 22:47:28.718,1.13842,1.13883,1.75,1.20
2018.01.10 22:47:30.509,1.13841,1.13882,1.75,1.32
2018.01.10 22:47:31.041,1.13841,1.13882,1.75,1.39
2018.01.10 22:47:31.691,1.13841,1.13882,1.75,1.70
2018.01.10 22:47:31.743,1.13841,1.13882,1.75,1.32
2018.01.10 22:47:32.582,1.13841,1.13882,1.75,1.39
2018.01.10 22:47:33.835,1.13841,1.13882,1.75,1.76
2018.01.10 22:47:39.519,1.13841,1.13882,1.75,1.39
2018.01.10 22:47:41.653,1.13841,1.13882,1.75,1.32
2018.01.10 22:47:41.756,1.13845,1.13882,1.75,1.32
2018.01.10 22:47:42.011,1.13846,1.13887,1.75,1.07
2018.01.10 22:47:42.632,1.13846,1.13889,1.75,1.39
2018.01.10 22:47:44.539,1.13846,1.13889,1.75,1.45
2018.01.10 22:47:45.530,1.13846,1.13889,1.75,1.20
2018.01.10 22:47:45.998,1.13848,1.13889,1.75,1.45
2018.01.10 22:47:49.831,1.13848,1.13889,1.75,1.20
2018.01.10 22:47:50.304,1.13848,1.13889,1.75,1.00
2018.01.10 22:47:52.958,1.13848,1.1389,1.75,1.25
2018.01.10 22:48:00.019,1.13848,1.1389,1.75,1.44
2018.01.10 22:48:00.823,1.13847,1.1389,1.12,1.39
2018.01.10 22:48:00.926,1.13849,1.13889,1.12,1.32
2018.01.10 22:48:01.431,1.13849,1.13889,1.12,1.07
2018.01.10 22:48:01.753,1.13847,1.13891,1.12,1.20
2018.01.10 22:48:03.248,1.13847,1.13891,1.12,1.39
2018.01.10 22:48:03.376,1.13847,1.13891,1.12,1.32
2018.01.10 22:48:04.190,1.13847,1.13891,1.20,1.25
2018.01.10 22:48:07.305,1.13849,1.13891,1.44,1.01
2018.01.10 22:48:07.357,1.13849,1.13891,1.44,1.32
2018.01.10 22:48:07.988,1.13849,1.1389,1.44,1.07
2018.01.10 22:48:08.483,1.13847,1.1389,1.20,1.00
2018.01.10 22:48:15.023,1.13847,1.13889,1.20,1.19
2018.01.10 22:48:16.410,1.13847,1.1389,1.20,1.69
2018.01.10 22:48:21.787,1.13846,1.1389,1.89,1.87
2018.01.10 22:48:22.341,1.13846,1.13889,1.89,1.00
2018.01.10 22:48:30.967,1.13844,1.13884,1.89,1.00
2018.01.10 22:48:31.645,1.13844,1.13883,1.89,1.00
2018.01.10 22:48:33.735,1.13843,1.13882,1.01,1.00
2018.01.10 22:48:35.132,1.13844,1.13881,1.20,1.00
2018.01.10 22:48:35.634,1.13844,1.13881,1.20,1.00
2018.01.10 22:48:42.149,1.13843,1.13881,1.51,1.00
2018.01.10 22:48:43.785,1.13842,1.13881,1.20,1.00
2018.01.10 22:48:48.543,1.13843,1.13881,1.20,1.00
2018.01.10 22:48:50.539,1.13842,1.13881,1.51,1.00
2018.01.10 22:48:58.977,1.13844,1.13882,1.20,1.00
2018.01.10 22:49:00.216,1.13842,1.1388,1.20,1.00
2018.01.10 22:49:00.268,1.13842,1.13882,1.20,1.00
2018.01.10 22:49:02.397,1.13844,1.13883,1.01,1.00
2018.01.10 22:49:02.564,1.13847,1.13885,1.07,1.00
2018.01.10 22:49:03.339,1.13848,1.13885,1.45,1.00
2018.01.10 22:49:05.698,1.13848,1.13885,1.20,1.00
2018.01.10 22:49:06.308,1.13848,1.13885,1.45,1.00
2018.01.10 22:49:06.933,1.13848,1.13887,1.45,1.00
2018.01.10 22:49:07.088,1.1385,1.13887,1.07,1.00
2018.01.10 22:49:07.630,1.13848,1.13886,1.20,1.00
2018.01.10 22:49:08.337,1.1385,1.13886,1.07,1.00
2018.01.10 22:49:12.105,1.13848,1.13886,1.82,1.00
2018.01.10 22:49:12.502,1.13847,1.13883,1.20,1.00
2018.01.10 22:49:14.268,1.13848,1.13886,1.51,1.00
2018.01.10 22:49:14.372,1.13852,1.13889,1.82,1.00
2018.01.10 22:49:14.683,1.13853,1.13893,1.39,1.19
2018.01.10 22:49:15.274,1.13852,1.13893,1.39,1.19
2018.01.10 22:49:15.782,1.13852,1.13892,1.39,1.19
2018.01.10 22:49:16.146,1.1385,1.13889,1.39,1.00
2018.01.10 22:49:16.670,1.13849,1.13889,1.39,1.00
2018.01.10 22:49:22.176,1.13849,1.13889,1.39,1.00
2018.01.10 22:49:22.279,1.13849,1.13889,1.39,1.00
2018.01.10 22:49:22.940,1.13849,1.13888,1.39,1.00
2018.01.10 22:49:23.322,1.13854,1.13892,1.76,1.19
2018.01.10 22:49:23.780,1.13856,1.13894,1.01,1.19
2018.01.10 22:49:24.471,1.13856,1.13894,1.70,1.19
2018.01.10 22:49:25.602,1.13855,1.13894,1.70,1.19
2018.01.10 22:49:26.163,1.13863,1.13902,1.64,1.19
2018.01.10 22:49:26.215,1.13867,1.13906,1.19,1.19
2018.01.10 22:49:26.268,1.13865,1.13904,1.01,1.19
2018.01.10 22:49:26.321,1.13865,1.13906,1.01,1.69
2018.01.10 22:49:26.508,1.13865,1.13907,1.01,1.19
2018.01.10 22:49:29.088,1.13866,1.13908,1.01,1.19
2018.01.10 22:49:29.193,1.13858,1.13898,1.37,1.19
2018.01.10 22:49:29.347,1.1386,1.13899,1.01,1.37
2018.01.10 22:49:29.875,1.13858,1.139,1.01,1.37
2018.01.10 22:49:30.480,1.13856,1.13899,1.01,1.69
2018.01.10 22:49:30.739,1.13849,1.13894,1.01,1.19
2018.01.10 22:49:30.978,1.13848,1.13892,1.01,1.25
2018.01.10 22:49:31.340,1.13845,1.13891,1.01,1.25
2018.01.10 22:49:31.494,1.13845,1.13889,1.01,1.00
2018.01.10 22:49:32.010,1.13845,1.13891,1.01,1.25
2018.01.10 22:49:32.062,1.13848,1.1389,1.01,1.00
2018.01.10 22:49:32.788,1.13848,1.13891,1.01,1.25
2018.01.10 22:49:33.262,1.13848,1.13891,1.01,1.25
2018.01.10 22:49:35.619,1.13848,1.13891,1.01,1.00
2018.01.10 22:49:38.382,1.13846,1.13891,1.01,2.44
2018.01.10 22:49:38.433,1.13846,1.13891,1.01,2.44
2018.01.10 22:49:46.905,1.13846,1.13891,1.01,2.51
2018.01.10 22:49:54.538,1.13847,1.13889,1.01,1.00
2018.01.10 22:49:58.550,1.13847,1.1389,1.01,1.25
2018.01.10 22:50:01.956,1.13848,1.1389,1.01,1.00
2018.01.10 22:50:04.053,1.13847,1.13891,1.01,2.44
2018.01.10 22:50:05.714,1.13847,1.13889,1.01,1.00
2018.01.10 22:50:08.253,1.13848,1.1389,1.01,1.00
2018.01.10 22:50:13.344,1.13848,1.13891,1.01,1.12
2018.01.10 22:50:15.073,1.13847,1.13892,1.01,1.01
2018.01.10 22:50:17.170,1.13847,1.13891,1.01,1.00
2018.01.10 22:50:19.883,1.13847,1.13892,1.01,1.01
2018.01.10 22:50:20.264,1.13848,1.13891,1.01,1.19
2018.01.10 22:50:20.574,1.13849,1.13893,1.01,1.69
2018.01.10 22:50:38.853,1.13851,1.13894,1.01,1.19
2018.01.10 22:50:46.902,1.13849,1.13893,1.01,1.19
2018.01.10 22:51:04.859,1.13852,1.13894,1.01,1.19
2018.01.10 22:51:05.548,1.13852,1.13894,1.76,1.19
2018.01.10 22:51:06.821,1.1385,1.13894,1.76,1.44
2018.01.10 22:51:07.413,1.1385,1.13895,1.01,1.37
2018.01.10 22:51:07.517,1.13846,1.13887,1.19,1.75
2018.01.10 22:51:07.569,1.13838,1.1388,1.29,1.00
2018.01.10 22:51:07.621,1.13836,1.13881,1.45,1.12
2018.01.10 22:51:07.674,1.13839,1.13885,1.82,1.94
2018.01.10 22:51:07.726,1.13842,1.13886,1.51,1.69
2018.01.10 22:51:07.778,1.13847,1.13888,1.19,1.10
2018.01.10 22:51:08.038,1.13856,1.13901,1.01,1.45
2018.01.10 22:51:08.142,1.13858,1.13902,1.94,2.14
2018.01.10 22:51:08.451,1.1386,1.13901,1.47,1.19
2018.01.10 22:51:08.555,1.13862,1.13902,1.37,1.00
2018.01.10 22:51:08.868,1.13862,1.13904,1.37,1.50
2018.01.10 22:51:10.329,1.13861,1.13904,1.76,1.19
2018.01.10 22:51:10.833,1.13863,1.13904,1.37,1.19
2018.01.10 22:51:12.327,1.13863,1.13905,1.47,1.44
2018.01.10 22:51:12.855,1.13863,1.13905,1.47,1.44
2018.01.10 22:51:16.659,1.13863,1.13904,1.01,1.19
2018.01.10 22:51:17.839,1.13864,1.13905,1.47,1.19
2018.01.10 22:51:18.124,1.13863,1.13906,1.76,1.44
2018.01.10 22:51:18.704,1.13864,1.13907,1.45,1.44
2018.01.10 22:51:18.893,1.13861,1.13904,1.01,1.19
2018.01.10 22:51:19.050,1.13858,1.139,1.37,1.10
2018.01.10 22:51:19.102,1.13856,1.139,1.37,1.26
2018.01.10 22:51:19.412,1.1385,1.13893,1.45,1.25
2018.01.10 22:51:19.570,1.13852,1.13897,1.69,1.07
2018.01.10 22:51:19.622,1.13855,1.13898,1.01,1.01
2018.01.10 22:51:19.674,1.13855,1.139,1.01,1.95
2018.01.10 22:51:19.977,1.13857,1.139,1.01,1.00
2018.01.10 22:51:20.287,1.13861,1.139,1.47,1.19
2018.01.10 22:51:20.391,1.1386,1.139,1.01,1.19
2018.01.10 22:51:21.256,1.13861,1.139,1.76,1.19
2018.01.10 22:51:21.565,1.13863,1.13902,1.45,1.19
2018.01.10 22:51:21.720,1.13864,1.13903,1.76,1.19
2018.01.10 22:51:23.832,1.13865,1.13903,1.01,1.19
2018.01.10 22:51:25.591,1.13862,1.13902,1.76,1.44
2018.01.10 22:51:25.939,1.13862,1.139,1.01,1.19
2018.01.10 22:51:26.360,1.1386,1.139,1.01,1.19
2018.01.10 22:51:26.902,1.13859,1.13901,1.01,1.19
2018.01.10 22:51:27.765,1.13857,1.13902,2.04,1.29
2018.01.10 22:51:28.077,1.1386,1.13903,1.94,1.29
2018.01.10 22:51:28.181,1.13858,1.13902,2.04,1.69
2018.01.10 22:51:29.796,1.13858,1.13902,2.04,1.69
2018.01.10 22:51:33.086,1.13858,1.13899,1.01,1.19
2018.01.10 22:51:33.527,1.13856,1.13899,2.04,1.69
2018.01.10 22:51:33.641,1.13856,1.13898,1.94,1.19
2018.01.10 22:51:33.847,1.13855,1.13898,1.01,1.19
2018.01.10 22:51:39.337,1.13856,1.13899,1.01,1.69
2018.01.10 22:51:56.958,1.13854,1.13899,1.01,1.20
2018.01.10 22:51:57.600,1.13853,1.13898,1.69,1.45
2018.01.10 22:52:14.855,1.13852,1.13896,1.69,1.26
2018.01.10 22:52:18.812,1.13852,1.13896,1.94,1.51
2018.01.10 22:52:22.648,1.13849,1.13897,1.76,2.32
2018.01.10 22:52:22.752,1.13847,1.13895,1.94,1.51
2018.01.10 22:52:23.611,1.13849,1.13895,1.19,1.51
2018.01.10 22:52:24.365,1.13847,1.13891,1.94,1.29
2018.01.10 22:52:37.382,1.13846,1.13891,2.04,1.26
2018.01.10 22:52:41.895,1.13845,1.13892,2.04,1.45
2018.01.10 22:52:42.264,1.13845,1.13892,2.04,1.45
2018.01.10 22:52:46.564,1.13845,1.13892,1.01,1.45
2018.01.10 22:52:52.200,1.13844,1.13891,2.04,1.51
2018.01.10 22:52:52.839,1.13845,1.1389,1.01,1.32
2018.01.10 22:52:53.168,1.13845,1.1389,1.76,1.32
2018.01.10 22:53:02.085,1.13845,1.13889,1.69,1.01
2018.01.10 22:53:02.430,1.13845,1.13889,1.69,1.32
2018.01.10 22:53:07.938,1.13845,1.13892,1.76,1.76
2018.01.10 22:53:08.474,1.13845,1.1389,1.76,1.57
2018.01.10 22:53:09.185,1.13845,1.1389,2.14,1.50
2018.01.10 22:53:16.138,1.13845,1.1389,1.69,1.26
2018.01.10 22:53:16.646,1.13845,1.1389,1.01,1.29
2018.01.10 22:53:20.569,1.13845,1.13891,1.01,1.51
2018.01.10 22:53:31.937,1.13844,1.13891,1.76,1.01
2018.01.10 22:53:34.374,1.13844,1.13886,1.26,1.00
2018.01.10 22:53:34.426,1.1384,1.13881,1.01,1.25
2018.01.10 22:53:34.479,1.1384,1.1388,1.01,1.19
2018.01.10 22:53:34.635,1.13836,1.13878,1.01,1.19
2018.01.10 22:53:35.225,1.13835,1.13876,1.01,1.19
2018.01.10 22:53:47.727,1.13836,1.13877,1.01,1.19
2018.01.10 22:53:58.523,1.13834,1.13877,2.51,1.00
2018.01.10 22:54:02.148,1.13834,1.13877,2.51,1.10
2018.01.10 22:54:31.528,1.13834,1.13875,1.76,1.00
2018.01.10 22:54:31.714,1.13834,1.13877,1.69,1.25
2018.01.10 22:54:32.589,1.13834,1.13876,1.69,1.00
2018.01.10 22:54:38.767,1.13834,1.13877,1.47,1.25
2018.01.10 22:54:39.882,1.13835,1.13877,1.37,1.12
2018.01.10 22:54:40.619,1.13834,1.13877,1.37,1.25
2018.01.10 22:54:45.622,1.13834,1.13877,1.37,1.07
2018.01.10 22:54:46.232,1.13834,1.13877,1.37,1.10
2018.01.10 22:54:54.453,1.13834,1.13877,1.37,1.29
2018.01.10 22:54:55.149,1.13833,1.13877,1.76,1.26
2018.01.10 22:55:12.854,1.13833,1.13875,1.01,1.00
2018.01.10 22:55:15.604,1.13833,1.13877,1.01,1.51
2018.01.10 22:55:24.802,1.13832,1.13874,1.76,1.25
2018.01.10 22:55:26.738,1.13833,1.13875,1.47,1.19
2018.01.10 22:55:27.259,1.13832,1.13875,1.76,1.19
2018.01.10 22:55:30.547,1.13832,1.13877,1.76,1.37
2018.01.10 22:55:32.760,1.13832,1.13876,1.76,1.44
2018.01.10 22:55:42.285,1.13832,1.13877,1.76,1.37
2018.01.10 22:55:46.921,1.13832,1.13875,1.76,1.19
2018.01.10 22:55:52.079,1.13832,1.13875,1.01,1.25
2018.01.10 22:55:52.182,1.13833,1.13877,1.47,1.19
2018.01.10 22:55:52.723,1.13833,1.13877,1.45,1.44
2018.01.10 22:56:04.875,1.13833,1.13873,1.51,1.00
2018.01.10 22:56:06.957,1.13833,1.13875,1.20,1.44
2018.01.10 22:56:09.897,1.13832,1.13875,1.45,1.12
2018.01.10 22:56:12.226,1.13834,1.1388,1.20,1.01
2018.01.10 22:56:12.539,1.13838,1.13885,1.01,1.01
2018.01.10 22:56:12.592,1.13838,1.13889,1.01,1.82
2018.01.10 22:56:12.697,1.13841,1.1389,1.01,1.26
2018.01.10 22:56:12.801,1.13842,1.13891,1.01,1.76
2018.01.10 22:56:13.111,1.13847,1.13894,1.76,1.01
2018.01.10 22:56:13.455,1.1385,1.13898,1.69,1.01
2018.01.10 22:56:13.809,1.13855,1.13895,1.19,1.26
2018.01.10 22:56:13.980,1.13854,1.13893,1.19,1.00
2018.01.10 22:56:18.017,1.13853,1.13893,1.44,1.01
2018.01.10 22:56:18.531,1.13853,1.13892,1.44,1.00
2018.01.10 22:56:18.586,1.13857,1.13893,1.37,1.00
2018.01.10 22:56:18.897,1.13861,1.13895,1.19,1.00
2018.01.10 22:56:20.234,1.13862,1.13897,1.19,1.25
2018.01.10 22:56:20.338,1.13862,1.13899,1.37,1.00
2018.01.10 22:56:20.390,1.13864,1.13903,1.37,1.12
2018.01.10 22:56:20.702,1.13863,1.13901,1.37,1.00
2018.01.10 22:56:21.057,1.13862,1.13897,1.44,1.00
2018.01.10 22:56:21.707,1.1386,1.13896,1.44,1.00
2018.01.10 22:56:22.276,1.13858,1.13895,1.37,1.00
2018.01.10 22:56:22.637,1.13857,1.13893,1.37,1.00
2018.01.10 22:56:25.745,1.13857,1.13894,1.37,1.00
2018.01.10 22:56:26.436,1.13858,1.13894,1.37,1.00
2018.01.10 22:56:27.854,1.13858,1.13895,1.37,1.00
2018.01.10 22:56:28.414,1.13858,1.13893,1.37,1.00
2018.01.10 22:56:30.176,1.13858,1.13896,1.37,1.19
2018.01.10 22:56:30.228,1.13858,1.13896,1.37,1.00
2018.01.10 22:56:32.864,1.13858,1.13897,1.37,1.25
2018.01.10 22:56:39.031,1.13858,1.13896,1.37,1.00
2018.01.10 22:56:43.891,1.13859,1.13896,1.19,1.00
2018.01.10 22:56:47.070,1.13859,1.13895,1.19,1.25
2018.01.10 22:56:47.595,1.13859,1.13894,1.19,1.25
2018.01.10 22:56:48.227,1.13859,1.13893,1.19,1.25
2018.01.10 22:56:50.849,1.13858,1.13893,1.44,1.25
2018.01.10 22:56:52.198,1.1386,1.13893,1.19,1.00
2018.01.10 22:56:52.250,1.13861,1.13897,1.19,1.00
2018.01.10 22:56:52.302,1.13863,1.13897,1.19,1.00
2018.01.10 22:56:52.654,1.13866,1.13903,1.37,1.00
2018.01.10 22:56:52.706,1.13869,1.13905,1.19,1.19
2018.01.10 22:56:53.017,1.13867,1.13898,1.19,1.00
2018.01.10 22:56:53.069,1.13871,1.13904,1.19,1.25
2018.01.10 22:56:53.122,1.13872,1.13906,1.19,1.00
2018.01.10 22:56:53.433,1.1387,1.13906,1.44,1.25
2018.01.10 22:56:53.486,1.13875,1.13908,1.19,1.19
2018.01.10 22:56:53.644,1.13873,1.1391,1.19,1.00
2018.01.10 22:56:53.696,1.13873,1.13902,1.19,1.00
2018.01.10 22:56:53.748,1.1387,1.13902,1.44,1.00
2018.01.10 22:56:54.005,1.13872,1.13905,1.19,1.19
2018.01.10 22:56:54.316,1.13873,1.13908,1.19,1.19
2018.01.10 22:56:54.368,1.13874,1.13909,1.19,1.25
2018.01.10 22:56:54.626,1.13871,1.13909,1.01,1.44
2018.01.10 22:56:54.884,1.13871,1.13905,1.01,1.00
2018.01.10 22:56:55.142,1.13871,1.13907,1.01,1.12
2018.01.10 22:56:55.245,1.13867,1.13905,2.04,1.00
2018.01.10 22:56:55.347,1.13866,1.13905,2.04,1.25
2018.01.10 22:56:55.450,1.13864,1.13902,1.01,1.00
2018.01.10 22:56:55.502,1.13863,1.13901,1.01,1.00
2018.01.10 22:56:55.554,1.13863,1.13899,1.01,1.00
2018.01.10 22:56:56.002,1.13858,1.13898,2.04,1.00
2018.01.10 22:56:56.106,1.13857,1.13898,1.01,1.00
2018.01.10 22:56:56.262,1.13857,1.13896,1.01,1.00
2018.01.10 22:56:56.610,1.13857,1.13894,1.01,1.00
2018.01.10 22:56:58.303,1.13857,1.13895,1.01,1.00
2018.01.10 22:57:02.987,1.13857,1.13898,1.01,1.19
2018.01.10 22:57:03.816,1.13857,1.13898,1.01,1.00
2018.01.10 22:57:14.224,1.13855,1.13899,2.04,1.25
2018.01.10 22:57:17.229,1.13855,1.13896,2.04,1.00
2018.01.10 22:57:17.752,1.13855,1.13899,2.04,1.19
2018.01.10 22:57:17.804,1.13855,1.13899,2.04,1.25
2018.01.10 22:57:18.340,1.13855,1.13898,2.04,1.00
2018.01.10 22:57:21.546,1.13858,1.13898,1.19,1.00
2018.01.10 22:57:22.419,1.13858,1.13897,1.19,1.00
2018.01.10 22:57:30.814,1.13856,1.13898,2.04,1.25
2018.01.10 22:57:45.849,1.13857,1.13899,1.01,1.00
2018.01.10 22:57:47.185,1.13858,1.13898,1.01,1.00
2018.01.10 22:57:47.289,1.13861,1.13902,1.01,1.44
2018.01.10 22:57:47.600,1.13868,1.13905,1.01,1.12
2018.01.10 22:57:47.756,1.13869,1.13907,1.76,1.25
2018.01.10 22:57:47.860,1.13871,1.13908,1.01,1.00
2018.01.10 22:57:48.016,1.13871,1.1391,1.01,1.25
2018.01.10 22:57:48.537,1.13873,1.13909,1.76,1.00
2018.01.10 22:57:49.042,1.13873,1.13911,1.01,1.44
2018.01.10 22:57:49.516,1.13871,1.1391,2.04,1.19
2018.01.10 22:57:49.724,1.13864,1.13903,1.82,1.12
2018.01.10 22:57:49.777,1.13864,1.13901,1.01,1.00
2018.01.10 22:57:49.830,1.13859,1.13901,1.82,1.69
2018.01.10 22:57:49.882,1.13857,1.139,2.25,1.39
2018.01.10 22:57:49.938,1.13855,1.139,1.75,1.31
2018.01.10 22:57:50.250,1.13848,1.13896,1.75,1.44
2018.01.10 22:57:50.302,1.13847,1.13895,1.75,1.37
2018.01.10 22:57:50.355,1.13844,1.13893,1.75,2.14
2018.01.10 22:57:50.460,1.13844,1.13892,1.75,1.82
2018.01.10 22:57:50.512,1.13842,1.13892,1.94,1.37
2018.01.10 22:57:50.661,1.13842,1.13888,1.94,1.07
2018.01.10 22:57:50.713,1.1384,1.1389,2.04,1.82
2018.01.10 22:57:51.211,1.13843,1.13891,2.00,1.82
2018.01.10 22:57:51.315,1.13843,1.13892,1.94,1.45
2018.01.10 22:57:51.625,1.13846,1.13892,1.75,1.51
2018.01.10 22:57:52.295,1.13848,1.13891,1.19,1.26
2018.01.10 22:57:52.572,1.13848,1.13891,1.19,1.26
2018.01.10 22:57:52.826,1.13845,1.13891,1.01,1.26
2018.01.10 22:57:53.121,1.13844,1.13891,2.04,1.26
2018.01.10 22:57:53.841,1.13844,1.13891,2.04,1.26
2018.01.10 22:57:54.369,1.13845,1.1389,1.01,1.26
2018.01.10 22:58:01.080,1.13844,1.13891,2.04,1.26
2018.01.10 22:58:02.889,1.13845,1.13892,1.94,1.51
2018.01.10 22:58:03.199,1.13847,1.13893,2.44,1.51
2018.01.10 22:58:04.951,1.13849,1.13898,1.94,2.14
2018.01.10 22:58:05.055,1.13852,1.13899,1.94,1.26
2018.01.10 22:58:05.261,1.13854,1.139,1.94,1.26
2018.01.10 22:58:05.365,1.13854,1.13899,3.26,1.29
2018.01.10 22:58:07.246,1.13861,1.13899,1.19,1.32
2018.01.10 22:58:07.350,1.13861,1.139,1.69,1.00
2018.01.10 22:58:07.401,1.13862,1.139,1.75,1.00
2018.01.10 22:58:07.558,1.13867,1.13907,1.19,1.64
2018.01.10 22:58:08.232,1.13868,1.13907,1.19,1.62
2018.01.10 22:58:10.537,1.13864,1.13906,2.04,1.62
2018.01.10 22:58:10.680,1.13864,1.13904,1.94,1.31
2018.01.10 22:58:11.196,1.13864,1.13903,1.94,1.19
2018.01.10 22:58:11.466,1.13862,1.13902,1.94,1.19
2018.01.10 22:58:11.967,1.13861,1.139,2.04,1.25
2018.01.10 22:58:13.137,1.13861,1.139,1.94,1.25
2018.01.10 22:58:13.735,1.13861,1.13899,2.04,1.00
2018.01.10 22:58:15.388,1.13861,1.13901,2.04,1.19
2018.01.10 22:58:15.938,1.13861,1.13899,2.04,1.00
2018.01.10 22:58:16.496,1.13859,1.139,1.94,1.25
2018.01.10 22:58:16.548,1.13859,1.13899,1.94,1.19
2018.01.10 22:58:16.753,1.1386,1.13901,2.04,1.19
2018.01.10 22:58:16.805,1.1386,1.139,1.94,1.19
2018.01.10 22:58:17.416,1.1386,1.139,1.94,1.44
2018.01.10 22:58:19.548,1.13861,1.13899,1.94,1.00
2018.01.10 22:58:20.076,1.1386,1.13899,1.94,1.19
2018.01.10 22:58:20.662,1.13859,1.13898,2.04,1.19
2018.01.10 22:58:21.261,1.13857,1.13894,1.01,1.25
2018.01.10 22:58:21.313,1.13857,1.13895,1.01,1.37
2018.01.10 22:58:21.478,1.13854,1.13892,2.04,1.19
2018.01.10 22:58:21.786,1.13853,1.13888,1.01,1.00
2018.01.10 22:58:21.993,1.1385,1.13887,1.01,1.00
2018.01.10 22:58:22.410,1.1385,1.13888,1.01,1.00
2018.01.10 22:58:22.835,1.13849,1.13889,1.94,1.44
2018.01.10 22:58:22.887,1.1385,1.13889,1.01,1.12
2018.01.10 22:58:22.990,1.13851,1.13891,1.01,1.19
2018.01.10 22:58:23.042,1.13851,1.13893,1.01,1.44
2018.01.10 22:58:23.253,1.13852,1.13894,1.94,1.47
2018.01.10 22:58:23.562,1.13856,1.13895,1.94,1.37
2018.01.10 22:58:23.823,1.13856,1.13896,1.94,1.19
2018.01.10 22:58:24.388,1.13858,1.13896,1.01,1.25
2018.01.10 22:58:25.746,1.1386,1.13899,1.94,1.19
2018.01.10 22:58:25.850,1.13861,1.139,1.94,1.25
2018.01.10 22:58:26.364,1.13864,1.13903,1.94,1.37
2018.01.10 22:58:27.988,1.13864,1.13904,1.94,1.44
2018.01.10 22:58:31.271,1.13865,1.13899,1.19,1.00
2018.01.10 22:58:32.125,1.13865,1.139,1.19,1.12
2018.01.10 22:58:34.461,1.13862,1.139,1.94,1.25
2018.01.10 22:58:39.828,1.13862,1.139,1.94,1.25
2018.01.10 22:58:42.371,1.13864,1.13903,1.94,1.44
2018.01.10 22:58:44.929,1.13866,1.13903,1.19,1.19
2018.01.10 22:58:53.893,1.13864,1.13904,1.94,1.19
2018.01.10 22:58:55.901,1.13866,1.13913,1.01,1.01
2018.01.10 22:58:56.883,1.13866,1.13908,1.01,1.25
2018.01.10 22:58:57.546,1.13865,1.13907,1.01,1.00
2018.01.10 22:58:59.768,1.13864,1.13905,2.04,1.19
2018.01.10 22:59:01.591,1.13864,1.13905,2.04,1.25
2018.01.10 22:59:02.143,1.13865,1.13905,1.01,1.19
2018.01.10 22:59:06.777,1.13865,1.13904,1.94,1.19
2018.01.10 22:59:07.094,1.13865,1.13904,1.94,1.25
2018.01.10 22:59:12.209,1.13865,1.13906,1.94,1.19
2018.01.10 22:59:12.312,1.13867,1.13907,1.94,1.44
2018.01.10 22:59:20.678,1.13865,1.13906,2.04,1.19
2018.01.10 22:59:21.339,1.13865,1.13903,1.94,1.19
2018.01.10 22:59:22.050,1.13864,1.13903,1.94,1.19
2018.01.10 22:59:25.558,1.13864,1.13903,2.04,1.25
2018.01.10 22:59:28.841,1.1386,1.13897,1.94,1.00
2018.01.10 22:59:28.895,1.13855,1.13891,1.44,1.00
2018.01.10 22:59:28.950,1.13847,1.13886,1.62,1.00
2018.01.10 22:59:29.093,1.13838,1.13881,2.07,1.00
2018.01.10 22:59:29.153,1.13838,1.13877,1.37,1.00
2018.01.10 22:59:29.206,1.13834,1.13876,1.01,1.00
2018.01.10 22:59:29.310,1.13833,1.13874,1.94,1.00
2018.01.10 22:59:29.567,1.13829,1.13875,1.94,1.07
2018.01.10 22:59:29.619,1.13829,1.13875,1.94,1.45
2018.01.10 22:59:30.132,1.13829,1.13872,1.94,1.07
2018.01.10 22:59:30.694,1.13829,1.13872,1.94,1.39
2018.01.10 22:59:31.356,1.13829,1.13873,1.94,1.45
2018.01.10 22:59:31.857,1.13829,1.13873,1.94,1.20
2018.01.10 22:59:32.217,1.13829,1.13874,2.44,1.39
2018.01.10 22:59:32.372,1.13835,1.13882,1.94,1.89
2018.01.10 22:59:32.424,1.13836,1.13882,2.44,1.70
2018.01.10 22:59:32.570,1.1384,1.13882,1.94,1.00
2018.01.10 22:59:32.622,1.13841,1.13889,3.19,1.51
2018.01.10 22:59:32.726,1.13845,1.13894,2.44,1.69
2018.01.10 22:59:32.778,1.13846,1.13896,2.04,1.82
2018.01.10 22:59:33.087,1.13851,1.13898,1.94,1.64
2018.01.10 22:59:33.191,1.13852,1.139,2.44,1.89
2018.01.10 22:59:33.345,1.13858,1.13901,1.19,1.45
2018.01.10 22:59:33.397,1.13856,1.13901,1.94,1.07
2018.01.10 22:59:33.500,1.13856,1.13902,1.94,1.07
2018.01.10 22:59:33.707,1.13858,1.13902,1.94,1.07
2018.01.10 22:59:33.965,1.1386,1.13904,2.44,1.32
2018.01.10 22:59:34.273,1.1386,1.13905,2.44,1.26
2018.01.10 22:59:34.735,1.13863,1.13906,2.44,1.20
2018.01.10 22:59:34.942,1.13863,1.13906,2.44,1.26
2018.01.10 22:59:35.096,1.13863,1.13906,2.44,1.10
2018.01.10 22:59:35.586,1.13863,1.13906,1.94,1.07
2018.01.10 22:59:35.898,1.13864,1.13906,1.94,1.07
2018.01.10 22:59:36.639,1.13864,1.13906,1.94,1.10
2018.01.10 22:59:36.691,1.13863,1.13906,1.01,1.10
2018.01.10 22:59:36.795,1.13861,1.13904,2.04,1.12
2018.01.10 22:59:37.356,1.13861,1.13903,1.94,1.00
2018.01.10 22:59:37.511,1.13857,1.13901,1.94,1.01
2018.01.10 22:59:37.563,1.13857,1.13898,1.94,1.00
2018.01.10 22:59:37.885,1.13854,1.13896,1.94,1.01
2018.01.10 22:59:38.091,1.13849,1.13894,1.94,1.32
2018.01.10 22:59:38.143,1.13847,1.13895,1.01,1.26
2018.01.10 22:59:38.195,1.13846,1.13892,1.94,1.07
2018.01.10 22:59:38.415,1.13845,1.13889,1.01,1.07
2018.01.10 22:59:38.467,1.13843,1.13889,2.51,1.07
2018.01.10 22:59:38.674,1.13842,1.13886,1.94,1.07
2018.01.10 22:59:38.749,1.13842,1.13886,1.94,1.07
2018.01.10 22:59:39.492,1.13842,1.13885,1.94,1.07
2018.01.10 22:59:40.039,1.13842,1.13885,1.69,1.07
2018.01.10 22:59:41.349,1.13842,1.13885,1.94,1.07
2018.01.10 22:59:42.216,1.13841,1.13884,2.04,1.10
2018.01.10 22:59:42.753,1.13842,1.13884,1.94,1.07
2018.01.10 22:59:42.805,1.13842,1.13885,1.94,1.10
2018.01.10 22:59:47.200,1.13851,1.13892,1.19,1.01
2018.01.10 22:59:47.253,1.13858,1.13892,1.19,1.00
2018.01.10 22:59:47.356,1.13864,1.13904,2.04,1.25
2018.01.10 22:59:47.408,1.13866,1.13904,2.04,1.00
2018.01.10 22:59:47.461,1.13867,1.1391,1.94,1.25
2018.01.10 22:59:47.513,1.13867,1.13904,1.94,1.00
2018.01.10 22:59:47.565,1.13866,1.13905,1.94,1.00
2018.01.10 22:59:47.618,1.13863,1.13903,1.94,1.00
2018.01.10 22:59:47.670,1.13862,1.13902,1.94,1.00
2018.01.10 22:59:47.722,1.13861,1.139,1.94,1.00
2018.01.10 22:59:47.898,1.13856,1.13898,1.94,1.00
2018.01.10 22:59:47.950,1.13854,1.13896,2.04,1.00
2018.01.10 22:59:48.107,1.1385,1.13896,1.01,1.32
2018.01.10 22:59:48.159,1.1385,1.13894,1.01,1.07
2018.01.10 22:59:48.262,1.13848,1.13896,2.04,2.51
2018.01.10 22:59:48.314,1.13848,1.13891,1.94,1.07
2018.01.10 22:59:48.470,1.13845,1.13892,2.04,1.26
2018.01.10 22:59:48.521,1.13845,1.13892,2.04,1.39
2018.01.10 22:59:48.676,1.13845,1.13892,2.04,2.14
2018.01.10 22:59:49.398,1.13845,1.13892,1.94,2.14
2018.01.10 22:59:50.189,1.13844,1.13891,1.01,1.39
2018.01.10 22:59:52.420,1.13843,1.13888,2.04,1.07
2018.01.10 22:59:53.352,1.13843,1.13888,2.04,1.10
2018.01.10 22:59:57.229,1.13845,1.1389,1.01,1.69
2018.01.10 22:59:57.333,1.13852,1.13895,1.01,1.19
2018.01.10 22:59:57.386,1.13856,1.13898,1.01,1.19
2018.01.10 22:59:57.541,1.13863,1.13906,1.76,1.57
2018.01.10 22:59:57.645,1.13865,1.13906,1.01,1.00
2018.01.10 22:59:58.160,1.13868,1.13907,1.01,1.25
2018.01.10 22:59:58.623,1.13866,1.13907,1.01,1.00
2018.01.10 22:59:59.281,1.13863,1.13906,2.04,1.10
2018.01.10 22:59:59.333,1.1386,1.13901,1.94,1.25
2018.01.10 22:59:59.541,1.13851,1.13891,2.19,1.00
2018.01.10 22:59:59.593,1.13851,1.13889,1.94,1.00
