2011.07.12 07:00:00.203,0.95352,0.95374,1.73,3.00
2011.07.12 07:00:00.534,0.95346,0.9537,1.88,1.35
2011.07.12 07:00:00.646,0.95346,0.9537,1.88,1.35
2011.07.12 07:00:00.864,0.95341,0.95363,1.35,1.50
2011.07.12 07:00:01.107,0.95339,0.9536,1.50,1.50
2011.07.12 07:00:01.236,0.95337,0.95359,1.88,1.50
2011.07.12 07:00:01.468,0.95338,0.95358,1.88,1.35
2011.07.12 07:00:01.839,0.9534,0.95359,1.13,2.63
2011.07.12 07:00:01.960,0.9534,0.95361,1.13,2.25
2011.07.12 07:00:02.514,0.9534,0.95363,1.73,2.63
2011.07.12 07:00:02.625,0.9534,0.95363,1.73,2.63
2011.07.12 07:00:03.394,0.9534,0.95364,1.73,2.63
2011.07.12 07:00:03.726,0.95342,0.95364,1.35,2.63
2011.07.12 07:00:03.836,0.95343,0.95364,1.13,2.63
2011.07.12 07:00:04.268,0.95343,0.95363,1.13,1.13
2011.07.12 07:00:04.389,0.95343,0.95363,1.13,1.13
2011.07.12 07:00:04.615,0.9534,0.95364,1.73,2.63
2011.07.12 07:00:05.164,0.9534,0.95364,1.73,2.63
2011.07.12 07:00:05.385,0.9534,0.95362,1.13,1.35
2011.07.12 07:00:05.714,0.95336,0.95362,2.63,1.35
2011.07.12 07:00:06.045,0.95337,0.95362,1.88,1.35
2011.07.12 07:00:07.145,0.95337,0.95362,6.38,2.10
2011.07.12 07:00:07.254,0.95337,0.95362,6.38,1.35
2011.07.12 07:00:07.365,0.95337,0.95362,2.63,1.35
2011.07.12 07:00:07.696,0.9534,0.95363,1.35,2.63
2011.07.12 07:00:08.243,0.9534,0.95363,1.73,2.63
2011.07.12 07:00:09.255,0.95342,0.95363,1.13,2.63
2011.07.12 07:00:09.367,0.95342,0.95363,7.88,2.63
2011.07.12 07:00:09.699,0.95342,0.95363,4.50,2.63
2011.07.12 07:00:09.817,0.9534,0.95363,1.36,2.63
2011.07.12 07:00:09.925,0.95338,0.95363,7.73,2.63
2011.07.12 07:00:11.154,0.95339,0.95364,1.13,2.63
2011.07.12 07:00:11.375,0.95339,0.95364,1.13,2.63
2011.07.12 07:00:12.219,0.95337,0.95358,1.88,3.23
2011.07.12 07:00:12.338,0.95334,0.95359,1.50,4.35
2011.07.12 07:00:12.896,0.95332,0.95354,1.36,1.88
2011.07.12 07:00:13.444,0.95332,0.95354,1.36,2.63
2011.07.12 07:00:14.655,0.95332,0.95354,1.36,1.88
2011.07.12 07:00:15.877,0.95331,0.95354,1.73,1.88
2011.07.12 07:00:16.095,0.9533,0.95354,2.86,2.63
2011.07.12 07:00:16.424,0.95332,0.95354,1.36,2.63
2011.07.12 07:00:16.787,0.95332,0.95354,1.36,1.88
2011.07.12 07:00:17.116,0.95332,0.95354,1.36,1.88
2011.07.12 07:00:17.894,0.95336,0.95354,1.50,1.88
2011.07.12 07:00:18.117,0.95338,0.95363,1.13,3.60
2011.07.12 07:00:18.234,0.95338,0.95363,1.88,3.23
2011.07.12 07:00:18.345,0.9534,0.95363,1.50,2.48
2011.07.12 07:00:18.678,0.95338,0.95363,4.88,1.35
2011.07.12 07:00:18.908,0.95334,0.95359,4.13,2.10
2011.07.12 07:00:19.026,0.95334,0.95354,2.63,1.88
2011.07.12 07:00:19.373,0.95335,0.95354,2.10,1.88
2011.07.12 07:00:19.872,0.95336,0.95361,1.50,2.25
2011.07.12 07:00:20.205,0.95337,0.95362,1.50,2.25
2011.07.12 07:00:20.314,0.95337,0.95364,1.50,3.23
2011.07.12 07:00:20.863,0.95337,0.95363,3.38,2.63
2011.07.12 07:00:22.455,0.95342,0.95363,1.13,1.88
2011.07.12 07:00:22.783,0.95345,0.95364,1.50,1.88
2011.07.12 07:00:23.334,0.95345,0.95363,1.50,1.88
2011.07.12 07:00:27.454,0.95343,0.95363,1.51,1.88
2011.07.12 07:00:27.673,0.95345,0.95363,1.50,1.88
2011.07.12 07:00:27.896,0.95341,0.95363,1.36,2.63
2011.07.12 07:00:28.775,0.95342,0.95363,1.88,1.88
2011.07.12 07:00:29.106,0.95345,0.95363,1.36,1.88
2011.07.12 07:00:29.795,0.95346,0.95363,1.36,1.88
2011.07.12 07:00:30.724,0.95346,0.95363,1.36,1.88
2011.07.12 07:00:31.604,0.95346,0.95363,1.36,1.88
2011.07.12 07:00:32.375,0.95346,0.95363,1.36,1.88
2011.07.12 07:00:32.953,0.95347,0.95371,1.51,1.88
2011.07.12 07:00:33.504,0.95347,0.95363,1.51,1.88
2011.07.12 07:00:34.056,0.95351,0.95363,1.35,1.88
2011.07.12 07:00:34.165,0.95351,0.95372,1.35,1.50
2011.07.12 07:00:34.398,0.95351,0.95371,1.36,1.50
2011.07.12 07:00:34.953,0.95351,0.95371,1.36,1.50
2011.07.12 07:00:35.286,0.95345,0.95371,1.36,2.25
2011.07.12 07:00:35.615,0.95344,0.95366,2.11,1.13
2011.07.12 07:00:36.211,0.95346,0.95364,1.13,1.50
2011.07.12 07:00:37.123,0.95345,0.95364,1.73,1.50
2011.07.12 07:00:38.125,0.95347,0.95364,1.50,1.50
2011.07.12 07:00:38.634,0.95349,0.95364,1.50,1.50
2011.07.12 07:00:42.293,0.95348,0.95364,1.50,1.50
2011.07.12 07:00:42.623,0.95349,0.95364,1.50,1.50
2011.07.12 07:00:45.545,0.9535,0.95372,2.25,1.50
2011.07.12 07:00:45.655,0.95351,0.95371,1.73,1.50
2011.07.12 07:00:46.223,0.95351,0.95372,1.73,1.50
2011.07.12 07:00:46.793,0.95351,0.95374,1.73,2.25
2011.07.12 07:00:47.355,0.95353,0.95374,1.35,1.88
2011.07.12 07:00:47.684,0.9535,0.95374,2.85,2.63
2011.07.12 07:00:47.795,0.95349,0.95374,1.88,2.63
2011.07.12 07:00:48.364,0.95348,0.95374,1.13,1.13
2011.07.12 07:00:48.914,0.95348,0.95371,1.13,2.85
2011.07.12 07:00:49.243,0.95348,0.95371,1.13,1.35
2011.07.12 07:00:49.794,0.95347,0.95371,3.38,1.35
2011.07.12 07:00:51.243,0.95347,0.95371,2.63,2.85
2011.07.12 07:00:52.975,0.95349,0.95371,1.35,2.25
2011.07.12 07:00:53.643,0.9535,0.95372,1.35,2.25
2011.07.12 07:00:54.585,0.9535,0.95372,1.35,2.25
2011.07.12 07:00:56.734,0.9535,0.95373,1.35,2.63
2011.07.12 07:00:57.176,0.95347,0.95373,3.23,2.63
2011.07.12 07:00:57.618,0.95348,0.95373,2.10,3.75
2011.07.12 07:00:57.738,0.95348,0.95373,2.10,3.00
2011.07.12 07:00:57.957,0.95347,0.95373,3.23,2.63
2011.07.12 07:00:58.337,0.95347,0.95373,2.48,2.63
2011.07.12 07:00:58.447,0.95349,0.95373,2.10,2.63
2011.07.12 07:00:59.094,0.95351,0.95375,1.73,1.50
2011.07.12 07:00:59.206,0.95352,0.95375,2.48,1.50
2011.07.12 07:00:59.424,0.95356,0.95378,1.50,1.50
2011.07.12 07:01:00.001,0.95356,0.95373,1.50,1.88
2011.07.12 07:01:00.334,0.95358,0.95373,1.50,1.88
2011.07.12 07:01:00.556,0.95356,0.95373,1.13,1.88
2011.07.12 07:01:00.666,0.95358,0.95373,1.13,1.88
2011.07.12 07:01:01.061,0.95354,0.95381,1.50,1.88
2011.07.12 07:01:01.395,0.95354,0.95381,3.60,1.88
2011.07.12 07:01:01.957,0.95356,0.95381,2.48,1.50
2011.07.12 07:01:02.397,0.95357,0.95381,2.48,1.50
2011.07.12 07:01:02.844,0.95357,0.95383,3.98,3.00
2011.07.12 07:01:03.394,0.95358,0.95383,1.50,3.00
2011.07.12 07:01:03.508,0.95357,0.95383,1.73,3.00
2011.07.12 07:01:03.837,0.95357,0.95383,3.23,2.63
2011.07.12 07:01:04.054,0.95359,0.95383,1.35,2.63
2011.07.12 07:01:04.493,0.95358,0.95383,2.25,2.63
2011.07.12 07:01:04.824,0.9536,0.95384,1.50,3.60
2011.07.12 07:01:05.551,0.95362,0.95383,1.50,1.88
2011.07.12 07:01:05.678,0.95363,0.95387,3.38,1.13
2011.07.12 07:01:06.018,0.95366,0.95383,1.13,1.88
2011.07.12 07:01:06.139,0.95368,0.95391,1.50,1.50
2011.07.12 07:01:06.365,0.95371,0.95393,2.10,1.50
2011.07.12 07:01:06.477,0.95369,0.95392,1.35,1.50
2011.07.12 07:01:07.026,0.95368,0.95393,2.25,1.50
2011.07.12 07:01:07.574,0.95368,0.9539,1.50,1.50
2011.07.12 07:01:07.972,0.95369,0.9539,1.50,1.50
2011.07.12 07:01:08.186,0.95369,0.9539,1.50,1.50
2011.07.12 07:01:08.736,0.95369,0.9539,1.13,1.50
2011.07.12 07:01:09.285,0.9537,0.9539,1.35,1.50
2011.07.12 07:01:09.504,0.95367,0.9539,3.23,1.50
2011.07.12 07:01:09.725,0.95368,0.9539,1.35,1.50
2011.07.12 07:01:10.273,0.95367,0.9539,4.35,1.50
2011.07.12 07:01:10.796,0.95367,0.9539,4.35,1.50
2011.07.12 07:01:11.169,0.95371,0.95394,2.10,1.88
2011.07.12 07:01:11.397,0.95371,0.95394,2.85,1.13
2011.07.12 07:01:13.375,0.9537,0.95393,2.10,2.63
2011.07.12 07:01:13.598,0.95369,0.95392,1.50,1.13
2011.07.12 07:01:14.072,0.95366,0.95387,1.88,1.50
2011.07.12 07:01:14.185,0.95366,0.95387,1.88,1.50
2011.07.12 07:01:15.355,0.95366,0.95387,1.88,1.50
2011.07.12 07:01:15.687,0.95358,0.95381,3.23,1.50
2011.07.12 07:01:15.905,0.95359,0.95381,1.50,1.50
2011.07.12 07:01:16.016,0.95356,0.95381,2.63,1.50
2011.07.12 07:01:16.563,0.95356,0.95381,1.88,1.50
2011.07.12 07:01:17.552,0.95356,0.95379,1.35,1.50
2011.07.12 07:01:17.778,0.95359,0.95383,2.10,1.13
2011.07.12 07:01:18.335,0.95359,0.95383,2.85,1.13
2011.07.12 07:01:18.894,0.95359,0.95383,2.10,1.13
2011.07.12 07:01:19.465,0.95361,0.95384,1.35,2.25
2011.07.12 07:01:20.013,0.95361,0.95385,2.10,1.88
2011.07.12 07:01:20.456,0.95363,0.95384,1.35,1.88
2011.07.12 07:01:20.565,0.95363,0.95386,2.10,1.50
2011.07.12 07:01:20.895,0.95367,0.95386,1.88,1.50
2011.07.12 07:01:21.774,0.95367,0.95387,1.88,2.25
2011.07.12 07:01:22.435,0.95363,0.95387,1.35,3.75
2011.07.12 07:01:22.784,0.95361,0.95387,2.48,3.75
2011.07.12 07:01:22.896,0.95361,0.95384,2.10,2.63
2011.07.12 07:01:24.374,0.95359,0.95384,3.38,3.38
2011.07.12 07:01:25.117,0.95359,0.95384,3.38,3.38
2011.07.12 07:01:25.994,0.9536,0.95384,2.48,3.38
2011.07.12 07:01:26.543,0.9536,0.95384,2.48,3.38
2011.07.12 07:01:27.644,0.95361,0.95384,1.50,3.38
2011.07.12 07:01:27.975,0.95363,0.95384,1.35,3.38
2011.07.12 07:01:28.304,0.95365,0.95384,1.35,1.88
2011.07.12 07:01:28.634,0.95366,0.95386,2.48,3.00
2011.07.12 07:01:29.599,0.95362,0.95385,2.10,1.13
2011.07.12 07:01:30.156,0.95363,0.95383,1.50,1.88
2011.07.12 07:01:30.600,0.95364,0.95387,1.13,2.25
2011.07.12 07:01:30.824,0.95366,0.95391,1.35,4.13
2011.07.12 07:01:31.375,0.95368,0.95391,1.50,2.25
2011.07.12 07:01:31.704,0.9537,0.95392,1.51,1.50
2011.07.12 07:01:31.925,0.9537,0.95392,2.11,1.50
2011.07.12 07:01:32.474,0.95373,0.95391,1.35,1.50
2011.07.12 07:01:33.024,0.9537,0.95391,2.26,1.50
2011.07.12 07:01:33.498,0.95371,0.95394,1.35,2.63
2011.07.12 07:01:34.295,0.95372,0.95394,1.35,2.63
2011.07.12 07:01:35.176,0.95372,0.95394,1.35,1.88
2011.07.12 07:01:35.505,0.9537,0.95394,1.35,3.38
2011.07.12 07:01:36.165,0.95371,0.95394,1.50,3.38
2011.07.12 07:01:36.496,0.95373,0.95394,1.50,1.88
2011.07.12 07:01:37.044,0.95368,0.95394,3.23,1.88
2011.07.12 07:01:37.625,0.95368,0.95393,1.35,1.13
2011.07.12 07:01:37.954,0.95368,0.95395,1.35,1.13
2011.07.12 07:01:38.503,0.95368,0.95394,1.35,1.88
2011.07.12 07:01:41.024,0.95374,0.95394,1.50,1.88
2011.07.12 07:01:41.464,0.95371,0.95396,1.50,2.63
2011.07.12 07:01:42.014,0.95371,0.95394,1.50,2.63
2011.07.12 07:01:42.236,0.95368,0.95393,1.50,1.88
2011.07.12 07:01:42.641,0.95366,0.9539,2.63,1.13
2011.07.12 07:01:42.755,0.95362,0.95391,1.88,3.38
2011.07.12 07:01:43.304,0.95366,0.95391,1.88,3.00
2011.07.12 07:01:43.634,0.95366,0.95391,1.88,1.50
2011.07.12 07:01:43.964,0.95368,0.9539,1.35,1.50
2011.07.12 07:01:45.424,0.95368,0.9539,1.35,1.50
2011.07.12 07:01:48.074,0.95368,0.95391,2.10,2.25
2011.07.12 07:01:48.624,0.95368,0.95392,2.10,2.25
2011.07.12 07:01:49.194,0.95367,0.95391,1.35,2.25
2011.07.12 07:01:50.323,0.95367,0.95392,1.35,2.25
2011.07.12 07:01:54.283,0.95367,0.9539,1.35,1.50
2011.07.12 07:01:55.053,0.95367,0.9539,1.35,1.50
2011.07.12 07:01:56.313,0.95367,0.9539,1.35,1.50
2011.07.12 07:01:57.635,0.95367,0.9539,1.35,1.50
2011.07.12 07:02:00.193,0.95366,0.9539,2.63,1.50
2011.07.12 07:02:00.524,0.95367,0.95386,2.85,1.50
2011.07.12 07:02:01.864,0.95367,0.95386,1.88,1.50
2011.07.12 07:02:02.416,0.95364,0.95384,1.35,2.63
2011.07.12 07:02:02.527,0.95358,0.95383,1.13,1.50
2011.07.12 07:02:02.635,0.95357,0.95381,1.88,1.50
2011.07.12 07:02:03.183,0.95357,0.95381,1.88,1.88
2011.07.12 07:02:03.844,0.95357,0.95381,1.88,1.13
2011.07.12 07:02:04.394,0.95357,0.9538,1.88,1.50
2011.07.12 07:02:05.515,0.95357,0.9538,1.88,1.50
2011.07.12 07:02:06.066,0.95356,0.9538,1.88,1.50
2011.07.12 07:02:06.395,0.95356,0.9538,2.48,1.50
2011.07.12 07:02:06.615,0.95356,0.9538,1.88,1.50
2011.07.12 07:02:08.975,0.95356,0.9538,1.88,1.50
2011.07.12 07:02:09.305,0.95357,0.9538,2.10,1.50
2011.07.12 07:02:10.076,0.95359,0.9538,1.50,1.50
2011.07.12 07:02:10.404,0.95358,0.9538,2.10,1.50
2011.07.12 07:02:12.563,0.95358,0.9538,2.10,1.50
2011.07.12 07:02:12.674,0.95358,0.9538,1.50,1.50
2011.07.12 07:02:12.786,0.95358,0.9538,2.10,1.50
2011.07.12 07:02:13.607,0.95357,0.9538,1.88,1.50
2011.07.12 07:02:14.924,0.95357,0.9538,2.48,1.50
2011.07.12 07:02:15.365,0.95355,0.9538,2.48,1.50
2011.07.12 07:02:16.845,0.95356,0.9538,2.48,1.50
2011.07.12 07:02:16.955,0.95356,0.9538,3.38,1.50
2011.07.12 07:02:17.064,0.95356,0.9538,3.98,1.50
2011.07.12 07:02:17.293,0.95357,0.9538,1.50,1.50
2011.07.12 07:02:17.404,0.95357,0.9538,1.50,1.50
2011.07.12 07:02:17.847,0.95356,0.95376,2.48,2.25
2011.07.12 07:02:17.966,0.95356,0.95376,1.88,2.25
2011.07.12 07:02:18.077,0.95348,0.95374,2.26,1.13
2011.07.12 07:02:18.296,0.95349,0.95373,2.11,1.50
2011.07.12 07:02:18.405,0.95349,0.95373,1.51,2.63
2011.07.12 07:02:18.627,0.95352,0.95373,1.35,1.50
2011.07.12 07:02:18.954,0.9535,0.95373,1.13,1.13
2011.07.12 07:02:20.286,0.95353,0.95373,2.11,1.13
2011.07.12 07:02:20.396,0.95355,0.95373,1.36,1.13
2011.07.12 07:02:20.948,0.95355,0.95377,1.73,2.25
2011.07.12 07:02:21.175,0.95355,0.95376,1.73,2.25
2011.07.12 07:02:21.724,0.95356,0.95381,2.48,3.38
2011.07.12 07:02:22.387,0.95357,0.9538,1.51,1.50
2011.07.12 07:02:22.496,0.95356,0.9538,5.11,1.50
2011.07.12 07:02:22.604,0.95357,0.9538,1.51,1.50
2011.07.12 07:02:23.155,0.95356,0.95381,2.63,1.50
2011.07.12 07:02:23.704,0.95356,0.95381,2.63,1.50
2011.07.12 07:02:24.255,0.95356,0.95381,2.63,3.00
2011.07.12 07:02:24.843,0.95356,0.95381,4.73,3.00
2011.07.12 07:02:25.398,0.95356,0.95381,4.73,1.50
2011.07.12 07:02:25.844,0.95356,0.9538,3.98,1.50
2011.07.12 07:02:25.958,0.95354,0.9538,1.73,1.50
2011.07.12 07:02:26.079,0.95351,0.95374,3.23,3.38
2011.07.12 07:02:26.305,0.95352,0.95374,1.13,2.63
2011.07.12 07:02:26.748,0.95356,0.95377,2.10,1.50
2011.07.12 07:02:27.415,0.95356,0.95382,4.73,1.50
2011.07.12 07:02:28.185,0.95356,0.95381,1.13,1.88
2011.07.12 07:02:28.407,0.95356,0.95381,1.13,1.50
2011.07.12 07:02:28.847,0.9535,0.95376,5.63,1.50
2011.07.12 07:02:29.286,0.95347,0.95373,2.63,1.13
2011.07.12 07:02:29.506,0.95348,0.95374,2.26,2.63
2011.07.12 07:02:29.834,0.95348,0.95374,2.26,2.63
2011.07.12 07:02:30.276,0.95349,0.95372,1.36,1.13
2011.07.12 07:02:30.885,0.95347,0.95372,1.36,1.13
2011.07.12 07:02:31.986,0.95347,0.95372,2.48,1.13
2011.07.12 07:02:32.314,0.95347,0.95372,3.38,1.13
2011.07.12 07:02:32.879,0.95348,0.95373,1.13,2.63
2011.07.12 07:02:33.896,0.9535,0.95373,2.48,2.63
2011.07.12 07:02:34.348,0.95357,0.95373,1.50,1.13
2011.07.12 07:02:34.576,0.95357,0.95373,1.50,1.13
2011.07.12 07:02:35.127,0.95356,0.9538,1.88,1.13
2011.07.12 07:02:35.458,0.95356,0.95381,1.88,3.38
2011.07.12 07:02:36.344,0.95358,0.95383,2.10,1.13
2011.07.12 07:02:36.454,0.95357,0.95384,1.50,2.63
2011.07.12 07:02:36.915,0.95359,0.95384,2.10,2.63
2011.07.12 07:02:37.674,0.95359,0.95382,2.10,1.50
2011.07.12 07:02:38.574,0.95356,0.95383,3.76,1.88
2011.07.12 07:02:38.685,0.95356,0.95383,2.86,1.35
2011.07.12 07:02:39.017,0.95359,0.9538,2.10,1.50
2011.07.12 07:02:39.125,0.95359,0.95382,2.10,1.50
2011.07.12 07:02:39.565,0.95361,0.95384,1.50,2.63
2011.07.12 07:02:40.006,0.95363,0.95384,2.10,2.63
2011.07.12 07:02:40.225,0.95363,0.95384,2.48,2.63
2011.07.12 07:02:40.730,0.9536,0.95384,1.35,2.63
2011.07.12 07:02:42.063,0.9536,0.95384,1.73,2.63
2011.07.12 07:02:42.175,0.95362,0.95384,2.48,2.63
2011.07.12 07:02:44.486,0.95362,0.95384,1.73,2.63
2011.07.12 07:02:45.394,0.95361,0.95383,1.35,1.50
2011.07.12 07:02:45.508,0.95356,0.95381,3.00,1.35
2011.07.12 07:02:45.846,0.95356,0.95378,1.88,1.35
2011.07.12 07:02:46.181,0.95344,0.95354,1.50,3.98
2011.07.12 07:02:46.518,0.95329,0.95347,1.50,1.88
2011.07.12 07:02:46.635,0.95319,0.95343,1.13,2.63
2011.07.12 07:02:46.965,0.9532,0.95344,2.48,2.63
2011.07.12 07:02:47.297,0.9532,0.95339,3.76,1.13
2011.07.12 07:02:47.711,0.95314,0.95335,1.50,2.63
2011.07.12 07:02:48.046,0.95318,0.95334,1.73,2.63
2011.07.12 07:02:48.160,0.95322,0.95342,1.73,2.25
2011.07.12 07:02:48.277,0.95322,0.95341,1.73,2.25
2011.07.12 07:02:48.826,0.95324,0.95347,1.73,2.25
2011.07.12 07:02:48.935,0.95327,0.95351,1.88,2.25
2011.07.12 07:02:49.159,0.95327,0.95352,2.25,2.25
2011.07.12 07:02:49.384,0.95326,0.95354,2.86,1.13
2011.07.12 07:02:49.934,0.95327,0.95354,2.48,2.63
2011.07.12 07:02:50.376,0.95328,0.95351,1.50,1.50
2011.07.12 07:02:50.485,0.95326,0.95351,2.25,1.50
2011.07.12 07:02:51.187,0.95326,0.95354,2.26,3.98
2011.07.12 07:02:51.300,0.95326,0.95354,1.88,6.23
2011.07.12 07:02:51.747,0.95324,0.95345,1.50,1.35
2011.07.12 07:02:52.073,0.95324,0.9535,1.88,1.50
2011.07.12 07:02:52.184,0.95324,0.9535,1.88,1.50
2011.07.12 07:02:52.294,0.95326,0.9535,1.88,1.50
2011.07.12 07:02:54.494,0.95326,0.9535,1.88,1.88
2011.07.12 07:02:55.200,0.95326,0.9535,1.88,1.50
2011.07.12 07:02:55.649,0.95319,0.95344,2.63,1.35
2011.07.12 07:02:56.094,0.95321,0.95344,1.13,3.23
2011.07.12 07:02:56.644,0.95321,0.95344,3.23,2.63
2011.07.12 07:02:56.868,0.95319,0.95343,3.38,1.13
2011.07.12 07:02:56.987,0.95326,0.95347,1.88,1.13
2011.07.12 07:02:57.095,0.95317,0.95344,1.13,1.13
2011.07.12 07:02:57.425,0.95316,0.95343,1.88,1.73
2011.07.12 07:02:57.974,0.95317,0.95343,1.51,3.23
2011.07.12 07:02:58.083,0.95317,0.95343,1.51,3.23
2011.07.12 07:02:58.529,0.95318,0.95343,1.13,2.63
2011.07.12 07:02:59.195,0.95318,0.95344,3.38,1.13
2011.07.12 07:02:59.525,0.95318,0.95343,1.88,3.23
2011.07.12 07:02:59.744,0.95318,0.95343,2.48,2.63
2011.07.12 07:03:00.314,0.95318,0.95343,1.73,2.63
2011.07.12 07:03:00.645,0.95318,0.95343,1.73,2.63
2011.07.12 07:03:01.545,0.95318,0.95343,1.13,2.63
2011.07.12 07:03:02.106,0.95317,0.95341,3.75,2.63
2011.07.12 07:03:02.434,0.95317,0.95341,3.75,2.63
2011.07.12 07:03:02.985,0.95317,0.95344,2.48,1.73
2011.07.12 07:03:03.426,0.95317,0.95337,3.75,2.85
2011.07.12 07:03:03.759,0.95303,0.95316,1.88,2.25
2011.07.12 07:03:03.986,0.9529,0.95314,1.88,1.13
2011.07.12 07:03:04.207,0.95291,0.95314,1.73,2.63
2011.07.12 07:03:04.316,0.95294,0.95314,3.00,2.63
2011.07.12 07:03:04.726,0.95295,0.95313,1.73,2.63
2011.07.12 07:03:04.837,0.95294,0.95313,1.50,1.88
2011.07.12 07:03:04.947,0.95294,0.95313,1.88,1.88
2011.07.12 07:03:05.275,0.95295,0.95313,3.61,1.88
2011.07.12 07:03:05.606,0.95297,0.95324,1.73,2.63
2011.07.12 07:03:05.830,0.95303,0.95323,1.50,2.63
2011.07.12 07:03:05.946,0.95303,0.95323,1.35,2.63
2011.07.12 07:03:06.056,0.95303,0.95323,1.35,2.63
2011.07.12 07:03:06.496,0.95304,0.95324,2.10,2.63
2011.07.12 07:03:06.826,0.95304,0.95324,2.86,1.13
2011.07.12 07:03:07.411,0.95302,0.95323,2.26,1.13
2011.07.12 07:03:07.634,0.95302,0.95323,2.25,2.63
2011.07.12 07:03:07.746,0.95302,0.95323,1.50,2.63
2011.07.12 07:03:08.077,0.95299,0.95323,1.73,2.63
2011.07.12 07:03:08.624,0.95299,0.95323,1.73,2.63
2011.07.12 07:03:08.845,0.95299,0.95323,1.73,2.63
2011.07.12 07:03:09.397,0.95295,0.95321,1.13,3.23
2011.07.12 07:03:09.725,0.95291,0.95317,1.73,3.33
2011.07.12 07:03:10.086,0.95289,0.95313,2.11,2.63
2011.07.12 07:03:10.306,0.95288,0.95313,1.88,2.63
2011.07.12 07:03:10.745,0.95287,0.95314,4.73,4.50
2011.07.12 07:03:10.964,0.95287,0.95303,4.73,1.88
2011.07.12 07:03:11.406,0.95288,0.95305,1.73,1.13
2011.07.12 07:03:11.626,0.95289,0.95313,1.73,2.63
2011.07.12 07:03:11.735,0.95289,0.95313,3.23,2.63
2011.07.12 07:03:12.175,0.95298,0.95313,1.73,2.25
2011.07.12 07:03:12.288,0.95295,0.9532,1.50,1.88
2011.07.12 07:03:12.406,0.95293,0.95316,1.73,1.50
2011.07.12 07:03:12.515,0.9529,0.95316,4.73,2.25
2011.07.12 07:03:13.534,0.95291,0.95309,1.73,1.50
2011.07.12 07:03:13.878,0.95276,0.95303,1.36,2.63
2011.07.12 07:03:14.217,0.95277,0.95293,1.73,1.88
2011.07.12 07:03:14.325,0.95277,0.95293,2.48,1.88
2011.07.12 07:03:14.437,0.95278,0.95303,2.48,2.63
2011.07.12 07:03:14.547,0.95279,0.95303,2.86,3.38
2011.07.12 07:03:14.658,0.95279,0.95293,3.23,1.88
2011.07.12 07:03:14.904,0.95278,0.95304,1.88,3.38
2011.07.12 07:03:15.174,0.95276,0.95303,1.50,1.50
2011.07.12 07:03:15.292,0.95275,0.95293,3.75,1.13
2011.07.12 07:03:15.515,0.9527,0.95294,3.75,2.63
2011.07.12 07:03:15.626,0.95274,0.95294,3.00,2.63
2011.07.12 07:03:15.956,0.95276,0.95294,3.00,1.88
2011.07.12 07:03:16.293,0.95271,0.95294,5.10,2.63
2011.07.12 07:03:16.515,0.95269,0.95291,1.51,1.50
2011.07.12 07:03:16.741,0.95269,0.95292,1.50,3.23
2011.07.12 07:03:16.857,0.95268,0.95292,1.50,2.48
2011.07.12 07:03:17.186,0.95268,0.95292,3.75,1.73
2011.07.12 07:03:17.301,0.95267,0.95292,2.63,1.73
2011.07.12 07:03:17.417,0.95269,0.95292,2.25,1.73
2011.07.12 07:03:17.748,0.95269,0.95292,1.50,4.35
2011.07.12 07:03:18.193,0.95269,0.95284,2.25,1.50
2011.07.12 07:03:18.745,0.95269,0.95284,1.50,1.50
2011.07.12 07:03:19.368,0.95271,0.95284,1.50,1.50
2011.07.12 07:03:19.926,0.95275,0.95284,2.48,1.50
2011.07.12 07:03:20.147,0.95275,0.95294,2.48,1.88
2011.07.12 07:03:20.696,0.95273,0.95293,6.23,1.88
2011.07.12 07:03:21.577,0.95271,0.95293,4.88,1.88
2011.07.12 07:03:21.686,0.95273,0.953,3.98,1.50
2011.07.12 07:03:22.016,0.95273,0.95296,1.73,1.13
2011.07.12 07:03:22.431,0.95278,0.95293,1.50,1.88
2011.07.12 07:03:22.918,0.9528,0.95293,1.50,1.88
2011.07.12 07:03:23.044,0.9528,0.95304,1.50,2.63
2011.07.12 07:03:23.159,0.95279,0.953,4.50,1.50
2011.07.12 07:03:23.388,0.95276,0.953,1.50,1.50
2011.07.12 07:03:23.504,0.95276,0.95294,1.13,1.88
2011.07.12 07:03:23.833,0.95276,0.95294,2.48,1.88
2011.07.12 07:03:24.498,0.9528,0.95294,2.48,1.88
2011.07.12 07:03:24.616,0.95278,0.95303,3.00,3.23
2011.07.12 07:03:25.126,0.95275,0.95301,3.00,1.50
2011.07.12 07:03:25.457,0.95275,0.95294,1.50,1.88
2011.07.12 07:03:30.405,0.95273,0.95292,3.23,1.50
2011.07.12 07:03:30.517,0.95273,0.9529,1.50,1.35
2011.07.12 07:03:30.637,0.95263,0.95286,2.63,1.50
2011.07.12 07:03:31.001,0.95263,0.95283,3.60,2.63
2011.07.12 07:03:31.119,0.95263,0.95283,5.48,2.63
2011.07.12 07:03:31.458,0.95268,0.95291,1.35,2.25
2011.07.12 07:03:32.017,0.95267,0.95292,2.63,2.25
2011.07.12 07:03:32.237,0.95268,0.95291,1.73,2.25
2011.07.12 07:03:32.455,0.95268,0.95293,1.73,2.63
2011.07.12 07:03:32.677,0.95271,0.95293,2.10,2.63
2011.07.12 07:03:33.008,0.95275,0.95293,2.10,1.88
2011.07.12 07:03:33.375,0.95278,0.95301,1.36,1.13
2011.07.12 07:03:33.490,0.95278,0.95303,1.36,2.63
2011.07.12 07:03:33.605,0.95278,0.95303,1.36,2.63
2011.07.12 07:03:33.936,0.95281,0.95303,2.48,2.63
2011.07.12 07:03:34.265,0.95279,0.95303,5.26,2.63
2011.07.12 07:03:34.705,0.95279,0.95303,1.36,2.63
2011.07.12 07:03:35.035,0.95284,0.95303,1.50,2.63
2011.07.12 07:03:35.584,0.95283,0.95303,1.88,2.63
2011.07.12 07:03:36.134,0.95283,0.95303,1.50,2.63
2011.07.12 07:03:36.894,0.95282,0.95303,1.36,2.63
2011.07.12 07:03:37.546,0.95282,0.95303,1.73,2.63
2011.07.12 07:03:37.985,0.95278,0.95303,1.88,2.63
2011.07.12 07:03:38.643,0.95278,0.95303,1.88,2.63
2011.07.12 07:03:39.194,0.95279,0.95303,1.50,2.63
2011.07.12 07:03:39.966,0.95279,0.95306,1.88,2.10
2011.07.12 07:03:40.404,0.95278,0.95303,1.88,1.13
2011.07.12 07:03:40.625,0.95279,0.95304,2.48,3.38
2011.07.12 07:03:40.735,0.95278,0.95304,2.48,2.63
2011.07.12 07:03:41.082,0.95287,0.95305,1.88,1.50
2011.07.12 07:03:42.075,0.95287,0.95308,1.88,1.50
2011.07.12 07:03:42.405,0.95287,0.95309,1.88,2.10
2011.07.12 07:03:42.515,0.95287,0.95309,1.88,2.10
2011.07.12 07:03:43.065,0.95287,0.95309,1.88,2.85
2011.07.12 07:03:43.285,0.95279,0.95303,3.61,1.13
2011.07.12 07:03:43.616,0.95277,0.95302,1.88,2.25
2011.07.12 07:03:43.944,0.95276,0.95302,2.48,2.25
2011.07.12 07:03:44.055,0.95276,0.95302,2.48,3.38
2011.07.12 07:03:44.893,0.95277,0.95301,1.88,2.85
2011.07.12 07:03:45.444,0.95277,0.95301,1.88,1.35
2011.07.12 07:03:45.998,0.95277,0.95302,1.88,3.00
2011.07.12 07:03:46.445,0.95277,0.953,1.88,1.50
2011.07.12 07:03:46.666,0.95277,0.95301,1.88,1.35
2011.07.12 07:03:47.228,0.95277,0.95301,2.48,2.25
2011.07.12 07:03:47.566,0.95278,0.95303,1.35,3.38
2011.07.12 07:03:48.775,0.95277,0.95302,2.63,1.35
2011.07.12 07:03:50.576,0.95277,0.95302,2.63,1.35
2011.07.12 07:03:50.908,0.95277,0.953,1.13,1.50
2011.07.12 07:03:51.368,0.95275,0.95293,1.13,1.88
2011.07.12 07:03:51.596,0.95276,0.95302,1.13,3.60
2011.07.12 07:03:51.815,0.95277,0.953,2.63,1.50
2011.07.12 07:03:52.364,0.95277,0.953,2.63,1.50
2011.07.12 07:03:52.585,0.95277,0.95301,2.63,1.35
2011.07.12 07:03:52.806,0.95278,0.95301,2.25,2.10
2011.07.12 07:03:53.464,0.95276,0.95301,2.63,1.35
2011.07.12 07:03:53.904,0.95276,0.95303,2.63,1.73
2011.07.12 07:03:54.125,0.95276,0.95301,2.63,1.35
2011.07.12 07:03:54.615,0.95276,0.95299,1.13,1.88
2011.07.12 07:03:55.205,0.95276,0.953,2.63,2.48
2011.07.12 07:03:55.535,0.95276,0.95297,1.88,2.21
2011.07.12 07:03:55.864,0.95269,0.95293,1.88,1.88
2011.07.12 07:03:56.415,0.95269,0.95296,1.88,3.23
2011.07.12 07:03:56.745,0.95276,0.95297,1.35,1.88
2011.07.12 07:03:57.315,0.95273,0.95293,2.48,1.88
2011.07.12 07:03:57.756,0.95276,0.95293,1.13,1.88
2011.07.12 07:03:58.305,0.95275,0.95293,2.10,1.88
2011.07.12 07:03:58.526,0.95273,0.95296,1.51,1.88
2011.07.12 07:03:58.745,0.95277,0.953,1.88,1.73
2011.07.12 07:03:58.856,0.95277,0.95301,2.63,4.50
2011.07.12 07:03:59.294,0.95277,0.95303,1.13,1.88
2011.07.12 07:03:59.779,0.95281,0.95303,1.13,1.88
2011.07.12 07:04:00.337,0.95282,0.95306,1.50,1.73
2011.07.12 07:04:00.935,0.9528,0.95304,1.51,1.73
2011.07.12 07:04:01.285,0.95281,0.95303,1.13,2.48
2011.07.12 07:04:01.506,0.95281,0.95303,1.13,2.48
2011.07.12 07:04:01.835,0.95281,0.95303,1.13,2.48
2011.07.12 07:04:03.747,0.95282,0.95303,2.48,1.88
2011.07.12 07:04:04.186,0.95284,0.95312,2.48,3.98
2011.07.12 07:04:04.296,0.95285,0.95312,1.13,2.10
2011.07.12 07:04:04.518,0.95287,0.9531,1.88,2.63
2011.07.12 07:04:05.074,0.95287,0.95308,1.88,1.46
2011.07.12 07:04:05.405,0.95284,0.95304,1.35,1.13
2011.07.12 07:04:05.765,0.95281,0.95304,1.13,2.63
2011.07.12 07:04:05.989,0.95281,0.95304,5.11,2.63
2011.07.12 07:04:06.546,0.95284,0.95304,3.01,1.88
2011.07.12 07:04:06.985,0.95285,0.95304,1.13,1.88
2011.07.12 07:04:07.209,0.95286,0.9531,4.13,1.35
2011.07.12 07:04:07.327,0.95287,0.95311,1.51,1.35
2011.07.12 07:04:07.549,0.95288,0.9531,1.88,1.35
2011.07.12 07:04:08.265,0.95288,0.9531,1.88,1.35
2011.07.12 07:04:08.391,0.95287,0.9531,1.88,1.35
2011.07.12 07:04:08.996,0.95286,0.9531,1.88,1.35
2011.07.12 07:04:09.436,0.95287,0.9531,5.26,1.35
2011.07.12 07:04:09.766,0.95289,0.95317,1.51,1.73
2011.07.12 07:04:09.874,0.95296,0.95317,1.88,1.73
2011.07.12 07:04:10.210,0.95276,0.95294,5.63,1.50
2011.07.12 07:04:10.327,0.95276,0.95294,1.88,1.50
2011.07.12 07:04:11.209,0.95276,0.95295,1.88,1.50
2011.07.12 07:04:11.936,0.95289,0.95301,2.48,1.50
2011.07.12 07:04:12.049,0.95284,0.95307,1.73,1.50
2011.07.12 07:04:12.166,0.95287,0.95307,2.63,1.50
2011.07.12 07:04:12.499,0.95288,0.95308,2.48,1.50
2011.07.12 07:04:12.837,0.95292,0.9531,2.10,1.50
2011.07.12 07:04:13.055,0.95292,0.95313,2.48,1.50
2011.07.12 07:04:13.860,0.95294,0.95314,4.36,1.88
2011.07.12 07:04:13.979,0.95297,0.95317,1.36,1.50
2011.07.12 07:04:14.657,0.95297,0.95319,1.88,2.63
2011.07.12 07:04:14.986,0.95288,0.95306,1.50,1.50
2011.07.12 07:04:15.207,0.95286,0.95306,2.85,2.25
2011.07.12 07:04:15.316,0.95284,0.95306,3.98,1.50
2011.07.12 07:04:15.538,0.95287,0.95305,1.88,1.50
2011.07.12 07:04:15.875,0.95287,0.95309,1.73,2.25
2011.07.12 07:04:16.812,0.95286,0.95306,1.88,1.50
2011.07.12 07:04:17.365,0.95286,0.95303,1.88,2.25
2011.07.12 07:04:17.586,0.95286,0.95304,1.88,2.25
2011.07.12 07:04:17.806,0.95286,0.95301,1.88,1.50
2011.07.12 07:04:18.246,0.95286,0.95303,2.48,1.50
2011.07.12 07:04:18.796,0.95286,0.95303,1.88,1.50
2011.07.12 07:04:19.016,0.95287,0.95303,2.10,1.50
2011.07.12 07:04:19.348,0.953,0.95316,1.35,1.50
2011.07.12 07:04:19.466,0.953,0.95321,1.73,2.25
2011.07.12 07:04:19.575,0.953,0.95322,1.73,3.00
2011.07.12 07:04:19.796,0.953,0.95322,1.73,1.50
2011.07.12 07:04:20.188,0.95307,0.95322,1.88,1.50
2011.07.12 07:04:20.746,0.95307,0.95323,1.88,1.50
2011.07.12 07:04:21.735,0.95307,0.95323,1.88,2.25
2011.07.12 07:04:21.956,0.95307,0.95324,1.88,1.50
2011.07.12 07:04:22.396,0.95307,0.95331,1.88,2.25
2011.07.12 07:04:23.154,0.95307,0.95332,2.63,1.88
2011.07.12 07:04:23.706,0.9531,0.95333,1.73,1.88
2011.07.12 07:04:24.035,0.95307,0.95333,3.98,1.13
2011.07.12 07:04:25.155,0.95307,0.95334,2.11,3.23
2011.07.12 07:04:25.487,0.95311,0.95334,1.13,1.13
2011.07.12 07:04:25.820,0.95315,0.95341,1.50,2.10
2011.07.12 07:04:25.938,0.95315,0.95341,1.13,2.48
2011.07.12 07:04:26.397,0.95313,0.95333,1.13,1.88
2011.07.12 07:04:27.057,0.9531,0.95334,2.26,1.13
2011.07.12 07:04:27.280,0.95309,0.95331,1.35,1.88
2011.07.12 07:04:27.397,0.95309,0.95326,1.35,1.13
2011.07.12 07:04:27.618,0.95298,0.95323,4.50,3.60
2011.07.12 07:04:27.736,0.95298,0.95323,1.50,4.35
2011.07.12 07:04:27.956,0.95296,0.95323,3.23,1.35
2011.07.12 07:04:28.849,0.953,0.95322,2.25,1.35
2011.07.12 07:04:29.405,0.95296,0.95324,3.00,3.23
2011.07.12 07:04:29.953,0.95297,0.95323,3.75,1.35
2011.07.12 07:04:30.517,0.95298,0.95324,1.35,2.63
2011.07.12 07:04:31.315,0.95296,0.95323,2.63,1.35
2011.07.12 07:04:31.431,0.95299,0.95324,1.73,2.63
2011.07.12 07:04:32.038,0.953,0.95324,1.35,1.88
2011.07.12 07:04:33.366,0.95303,0.95324,1.13,1.88
2011.07.12 07:04:33.699,0.95303,0.95327,2.25,1.13
2011.07.12 07:04:33.817,0.95307,0.95327,2.25,1.50
2011.07.12 07:04:34.350,0.95307,0.9533,1.13,1.50
2011.07.12 07:04:34.908,0.95307,0.95328,2.63,1.50
2011.07.12 07:04:35.466,0.95307,0.95328,1.88,1.50
2011.07.12 07:04:36.018,0.95307,0.95326,1.88,1.50
2011.07.12 07:04:38.053,0.95307,0.95329,1.13,1.50
2011.07.12 07:04:39.264,0.95307,0.95329,2.63,1.50
2011.07.12 07:04:39.706,0.95307,0.95327,2.63,4.50
2011.07.12 07:04:40.036,0.95301,0.95323,1.51,1.50
2011.07.12 07:04:40.146,0.953,0.95323,1.51,1.50
2011.07.12 07:04:40.256,0.95303,0.95324,1.13,2.63
2011.07.12 07:04:40.587,0.95304,0.95324,1.35,1.88
2011.07.12 07:04:41.214,0.953,0.95324,1.35,2.63
2011.07.12 07:04:41.434,0.95298,0.95322,1.50,1.35
2011.07.12 07:04:41.764,0.95299,0.95324,2.25,3.38
2011.07.12 07:04:42.424,0.95299,0.95324,1.13,1.88
2011.07.12 07:04:43.195,0.95303,0.95324,1.35,1.88
2011.07.12 07:04:44.566,0.953,0.95324,1.13,1.88
2011.07.12 07:04:44.682,0.95299,0.95324,1.50,2.63
2011.07.12 07:04:45.236,0.95299,0.95323,2.25,1.50
2011.07.12 07:04:45.917,0.95296,0.95323,2.63,1.50
2011.07.12 07:04:47.357,0.95296,0.95323,2.63,1.88
2011.07.12 07:04:47.908,0.95299,0.95325,4.50,2.85
2011.07.12 07:04:48.311,0.95297,0.95322,6.75,1.35
2011.07.12 07:04:48.536,0.95297,0.95322,2.63,2.10
2011.07.12 07:04:49.085,0.95299,0.95323,1.35,3.38
2011.07.12 07:04:49.636,0.95299,0.95323,1.35,2.63
2011.07.12 07:04:50.186,0.953,0.95325,1.13,1.13
2011.07.12 07:04:50.516,0.95307,0.95327,1.88,3.60
2011.07.12 07:04:51.344,0.95307,0.95328,1.88,1.50
2011.07.12 07:04:51.895,0.95307,0.9533,1.88,1.88
2011.07.12 07:04:53.436,0.95307,0.9533,1.88,1.50
2011.07.12 07:04:53.658,0.95308,0.95332,1.35,3.38
2011.07.12 07:04:53.995,0.95308,0.95332,1.35,2.63
2011.07.12 07:04:54.587,0.95308,0.95332,1.35,1.88
2011.07.12 07:04:55.023,0.95308,0.95332,1.35,1.88
2011.07.12 07:04:56.377,0.95307,0.95331,2.63,1.35
2011.07.12 07:04:57.255,0.95307,0.95332,2.63,1.50
2011.07.12 07:04:58.244,0.95307,0.95332,2.63,2.25
2011.07.12 07:04:59.823,0.95307,0.95333,2.63,2.63
2011.07.12 07:05:00.356,0.95307,0.95332,1.88,1.50
2011.07.12 07:05:00.684,0.95307,0.95328,1.13,1.35
2011.07.12 07:05:01.070,0.95304,0.95319,2.25,1.13
2011.07.12 07:05:01.189,0.95301,0.95327,1.35,1.50
2011.07.12 07:05:01.416,0.95301,0.95326,1.35,1.88
2011.07.12 07:05:01.746,0.95296,0.9532,2.63,1.73
2011.07.12 07:05:02.447,0.95296,0.9532,2.63,1.35
2011.07.12 07:05:02.779,0.95296,0.95323,2.63,3.23
2011.07.12 07:05:03.116,0.95296,0.95323,3.23,1.13
2011.07.12 07:05:03.445,0.95296,0.95323,2.63,2.48
2011.07.12 07:05:04.109,0.95296,0.95322,2.63,1.73
2011.07.12 07:05:04.227,0.95294,0.95313,1.51,1.13
2011.07.12 07:05:04.446,0.95289,0.95312,2.25,1.35
2011.07.12 07:05:04.557,0.95288,0.95312,4.35,1.50
2011.07.12 07:05:05.180,0.95287,0.95314,1.13,3.23
2011.07.12 07:05:05.406,0.95286,0.95312,2.63,1.35
2011.07.12 07:05:05.735,0.95287,0.95312,1.13,1.35
2011.07.12 07:05:06.507,0.95286,0.95311,2.63,2.48
2011.07.12 07:05:06.838,0.95286,0.95311,1.73,1.13
2011.07.12 07:05:07.169,0.9529,0.95314,1.35,1.88
2011.07.12 07:05:07.511,0.95296,0.95321,1.35,3.38
2011.07.12 07:05:07.628,0.95297,0.9532,1.35,1.13
2011.07.12 07:05:08.039,0.95297,0.95322,1.35,2.25
2011.07.12 07:05:08.267,0.95297,0.95319,1.88,1.35
2011.07.12 07:05:08.596,0.95297,0.95319,1.88,1.35
2011.07.12 07:05:08.927,0.95293,0.95321,5.48,1.35
2011.07.12 07:05:09.144,0.95297,0.95321,1.13,2.10
2011.07.12 07:05:09.364,0.95297,0.95321,2.63,3.60
2011.07.12 07:05:09.694,0.95299,0.95322,1.13,1.50
2011.07.12 07:05:10.904,0.95299,0.95323,3.23,2.63
2011.07.12 07:05:11.516,0.95299,0.95323,1.35,2.63
2011.07.12 07:05:12.495,0.95299,0.95323,1.35,3.00
2011.07.12 07:05:12.824,0.95297,0.95322,3.00,1.50
2011.07.12 07:05:13.264,0.95298,0.95322,1.13,1.50
2011.07.12 07:05:13.374,0.95299,0.95323,1.13,2.63
2011.07.12 07:05:13.705,0.95301,0.95323,1.35,1.88
2011.07.12 07:05:14.364,0.95301,0.95323,1.35,1.88
2011.07.12 07:05:14.915,0.95301,0.95325,1.35,1.88
2011.07.12 07:05:15.735,0.95301,0.95323,1.35,1.88
2011.07.12 07:05:16.506,0.95298,0.95324,2.48,1.13
2011.07.12 07:05:16.779,0.95301,0.95325,1.35,1.13
2011.07.12 07:05:17.365,0.95301,0.95323,1.35,1.88
2011.07.12 07:05:18.194,0.95301,0.95323,1.35,1.88
2011.07.12 07:05:18.773,0.95301,0.95323,1.35,1.88
2011.07.12 07:05:19.656,0.95301,0.95323,1.35,1.88
2011.07.12 07:05:20.033,0.95306,0.95327,1.13,2.85
2011.07.12 07:05:20.146,0.95304,0.95328,1.13,2.25
2011.07.12 07:05:20.694,0.95306,0.9533,2.63,1.35
2011.07.12 07:05:21.213,0.95306,0.95331,3.23,3.00
2011.07.12 07:05:21.323,0.95306,0.95331,3.23,3.00
2011.07.12 07:05:25.555,0.95306,0.9533,1.88,1.13
2011.07.12 07:05:26.327,0.95306,0.9533,1.88,1.13
2011.07.12 07:05:26.874,0.95306,0.9533,1.88,1.88
2011.07.12 07:05:27.425,0.95306,0.9533,1.88,1.88
2011.07.12 07:05:27.851,0.95306,0.95331,2.63,3.60
2011.07.12 07:05:28.297,0.95306,0.95331,2.63,1.35
2011.07.12 07:05:30.207,0.95306,0.95331,3.38,2.85
2011.07.12 07:05:30.537,0.95306,0.95331,3.38,2.85
2011.07.12 07:05:31.084,0.95306,0.95331,3.38,1.35
2011.07.12 07:05:31.740,0.95309,0.95333,1.13,3.38
2011.07.12 07:05:31.856,0.9531,0.95333,1.13,3.38
2011.07.12 07:05:32.187,0.95318,0.95341,3.98,2.25
2011.07.12 07:05:32.517,0.95325,0.95348,1.88,1.35
2011.07.12 07:05:32.637,0.95327,0.9535,2.11,1.50
2011.07.12 07:05:32.754,0.9533,0.95354,3.76,2.63
2011.07.12 07:05:33.305,0.9533,0.95353,3.76,2.63
2011.07.12 07:05:33.744,0.95329,0.95354,1.13,2.63
2011.07.12 07:05:34.075,0.95334,0.95361,2.48,1.50
2011.07.12 07:05:34.623,0.95336,0.95363,2.48,1.50
2011.07.12 07:05:35.724,0.95336,0.95361,1.88,1.73
2011.07.12 07:05:36.505,0.95336,0.95361,1.88,1.35
2011.07.12 07:05:36.614,0.95336,0.95364,3.23,3.75
2011.07.12 07:05:37.124,0.95337,0.95362,1.88,1.13
2011.07.12 07:05:37.675,0.95337,0.95359,1.88,1.50
2011.07.12 07:05:37.895,0.95337,0.95362,1.88,1.88
2011.07.12 07:05:38.117,0.95337,0.95359,1.88,2.10
2011.07.12 07:05:41.808,0.95337,0.95359,1.88,1.88
2011.07.12 07:05:42.254,0.95337,0.95359,1.88,1.88
2011.07.12 07:05:44.338,0.95337,0.95359,2.48,1.88
2011.07.12 07:05:45.043,0.95337,0.95359,1.88,1.73
2011.07.12 07:05:45.487,0.95337,0.95359,1.88,3.23
2011.07.12 07:05:45.855,0.95329,0.95353,2.10,1.50
2011.07.12 07:05:46.404,0.95328,0.95353,3.60,1.50
2011.07.12 07:05:46.516,0.95326,0.95353,6.98,2.10
2011.07.12 07:05:46.628,0.95328,0.95353,1.35,1.50
2011.07.12 07:05:46.965,0.95327,0.95354,2.11,2.63
2011.07.12 07:05:47.075,0.95326,0.95353,3.23,1.35
2011.07.12 07:05:47.184,0.95326,0.95353,3.23,1.35
2011.07.12 07:05:48.396,0.95326,0.9535,2.85,1.50
2011.07.12 07:05:49.049,0.95326,0.95353,2.85,1.35
2011.07.12 07:05:49.608,0.95326,0.95353,2.48,1.35
2011.07.12 07:05:50.057,0.95326,0.95353,2.48,2.85
2011.07.12 07:05:50.389,0.95326,0.95345,1.88,1.35
2011.07.12 07:05:50.725,0.95326,0.95344,1.88,1.50
2011.07.12 07:05:51.560,0.95317,0.95343,2.48,2.63
2011.07.12 07:05:52.727,0.95317,0.95343,2.48,2.63
2011.07.12 07:05:53.055,0.95313,0.9533,1.50,1.50
2011.07.12 07:05:53.166,0.95308,0.9533,1.50,1.50
2011.07.12 07:05:53.275,0.95306,0.9533,2.25,1.13
2011.07.12 07:05:53.828,0.95296,0.95321,3.23,1.13
2011.07.12 07:05:54.166,0.95296,0.95322,6.23,2.25
2011.07.12 07:05:54.859,0.95297,0.95321,1.36,2.25
2011.07.12 07:05:55.415,0.95296,0.95322,3.23,1.50
2011.07.12 07:05:55.528,0.95294,0.95318,8.26,1.35
2011.07.12 07:05:55.976,0.95297,0.95322,1.13,2.25
2011.07.12 07:05:56.086,0.95297,0.95321,4.13,2.25
2011.07.12 07:05:56.965,0.95296,0.95323,3.76,1.73
2011.07.12 07:05:57.075,0.95296,0.95323,3.01,1.35
2011.07.12 07:05:57.758,0.95298,0.95323,1.13,3.23
2011.07.12 07:05:57.878,0.95298,0.95323,1.13,3.23
2011.07.12 07:05:58.767,0.95297,0.95323,3.98,2.63
2011.07.12 07:05:58.877,0.95297,0.95319,1.88,1.35
2011.07.12 07:05:58.986,0.95297,0.95319,1.88,1.35
2011.07.12 07:05:59.534,0.95297,0.95319,1.88,1.35
2011.07.12 07:06:00.084,0.95297,0.9532,1.88,3.75
2011.07.12 07:06:01.189,0.95297,0.95321,1.88,2.63
2011.07.12 07:06:01.745,0.95288,0.95316,1.50,1.35
2011.07.12 07:06:02.075,0.95296,0.95316,1.88,2.85
2011.07.12 07:06:02.515,0.95287,0.95314,1.73,2.63
2011.07.12 07:06:03.065,0.95287,0.95314,4.73,2.63
2011.07.12 07:06:03.426,0.95293,0.95316,1.50,1.35
2011.07.12 07:06:03.646,0.95296,0.95321,1.88,3.60
2011.07.12 07:06:03.868,0.95296,0.95321,2.25,1.35
2011.07.12 07:06:04.100,0.95296,0.95321,8.25,1.35
2011.07.12 07:06:04.216,0.95301,0.95323,3.23,1.50
2011.07.12 07:06:04.327,0.95301,0.95329,3.23,1.13
2011.07.12 07:06:04.657,0.95301,0.95325,1.13,1.35
2011.07.12 07:06:04.986,0.95301,0.95329,1.35,2.10
2011.07.12 07:06:05.094,0.95301,0.95329,2.10,2.10
2011.07.12 07:06:05.314,0.95307,0.95329,1.88,2.10
2011.07.12 07:06:05.865,0.95307,0.95329,1.88,1.50
2011.07.12 07:06:06.087,0.953,0.95327,3.76,1.35
2011.07.12 07:06:06.549,0.95302,0.95323,1.36,1.88
2011.07.12 07:06:06.898,0.95306,0.9533,1.88,1.73
2011.07.12 07:06:08.258,0.95307,0.9533,2.85,1.13
2011.07.12 07:06:08.595,0.95306,0.95334,5.11,3.23
2011.07.12 07:06:08.925,0.95306,0.95331,4.88,1.35
2011.07.12 07:06:09.637,0.95307,0.95325,1.88,2.48
2011.07.12 07:06:09.755,0.95296,0.95321,1.88,1.13
2011.07.12 07:06:09.867,0.95296,0.95321,1.88,1.13
2011.07.12 07:06:10.305,0.95296,0.95321,2.48,1.13
2011.07.12 07:06:10.856,0.95297,0.95323,2.48,2.63
2011.07.12 07:06:11.295,0.95293,0.95315,3.61,1.50
2011.07.12 07:06:11.626,0.95293,0.95313,2.10,1.50
2011.07.12 07:06:11.954,0.95294,0.95313,1.50,1.50
2011.07.12 07:06:12.504,0.95293,0.95313,1.50,1.50
2011.07.12 07:06:13.216,0.95294,0.95313,1.50,1.50
2011.07.12 07:06:13.436,0.95289,0.95313,2.26,2.85
2011.07.12 07:06:13.547,0.95289,0.95308,1.50,2.63
2011.07.12 07:06:13.657,0.95287,0.95308,1.88,1.88
2011.07.12 07:06:13.764,0.95287,0.95305,1.88,1.13
2011.07.12 07:06:14.093,0.95281,0.95305,1.13,1.73
2011.07.12 07:06:14.431,0.95286,0.95306,1.88,1.35
2011.07.12 07:06:14.546,0.9528,0.95306,3.75,1.35
2011.07.12 07:06:14.656,0.9528,0.95304,3.75,1.13
2011.07.12 07:06:14.984,0.95281,0.95304,2.48,1.13
2011.07.12 07:06:15.205,0.95282,0.95304,1.73,2.63
2011.07.12 07:06:15.315,0.95287,0.95311,1.88,2.63
2011.07.12 07:06:15.425,0.95287,0.95311,1.88,1.13
2011.07.12 07:06:15.832,0.95287,0.95312,1.88,2.63
2011.07.12 07:06:16.055,0.95287,0.95312,1.88,2.63
2011.07.12 07:06:16.389,0.95283,0.95306,1.51,2.10
2011.07.12 07:06:16.511,0.95287,0.95312,1.88,2.25
2011.07.12 07:06:16.736,0.95287,0.95311,1.88,2.25
2011.07.12 07:06:17.618,0.95289,0.95313,1.13,2.63
2011.07.12 07:06:17.958,0.95295,0.95319,1.13,1.50
2011.07.12 07:06:18.078,0.95296,0.95323,2.48,1.50
2011.07.12 07:06:18.306,0.95299,0.95325,1.36,1.88
2011.07.12 07:06:18.752,0.95299,0.95324,1.73,2.63
2011.07.12 07:06:19.635,0.95299,0.95324,1.13,2.63
2011.07.12 07:06:20.516,0.95298,0.95324,1.35,2.63
2011.07.12 07:06:20.955,0.95296,0.95323,5.63,1.35
2011.07.12 07:06:21.596,0.95302,0.95323,3.23,1.13
2011.07.12 07:06:21.710,0.95308,0.95332,1.35,1.13
2011.07.12 07:06:21.825,0.95307,0.95334,1.36,2.85
2011.07.12 07:06:21.935,0.95306,0.95334,6.23,2.85
2011.07.12 07:06:22.376,0.95307,0.9533,1.88,1.13
2011.07.12 07:06:22.706,0.95302,0.95329,2.11,1.50
2011.07.12 07:06:23.259,0.95307,0.95333,2.48,2.63
2011.07.12 07:06:23.379,0.95307,0.95333,3.23,2.63
2011.07.12 07:06:23.496,0.95307,0.95334,5.11,3.60
2011.07.12 07:06:24.044,0.95307,0.95334,5.11,3.60
2011.07.12 07:06:24.580,0.95309,0.95334,2.86,2.63
2011.07.12 07:06:24.697,0.95309,0.95331,2.25,1.50
2011.07.12 07:06:25.025,0.95314,0.95341,2.85,1.35
2011.07.12 07:06:25.355,0.95316,0.95342,1.13,1.50
2011.07.12 07:06:26.235,0.95316,0.95343,2.63,1.50
2011.07.12 07:06:26.567,0.9531,0.95331,1.88,1.35
2011.07.12 07:06:26.785,0.95308,0.95328,1.50,1.13
2011.07.12 07:06:26.895,0.95306,0.95328,2.25,1.13
2011.07.12 07:06:27.118,0.95304,0.95326,1.88,1.35
2011.07.12 07:06:27.602,0.95306,0.95328,2.25,1.50
2011.07.12 07:06:27.935,0.95306,0.95332,5.25,1.35
2011.07.12 07:06:28.155,0.95306,0.95332,2.25,1.35
2011.07.12 07:06:28.708,0.95306,0.95334,6.23,3.23
2011.07.12 07:06:29.045,0.95309,0.95334,1.88,3.23
2011.07.12 07:06:29.707,0.95309,0.95333,1.88,1.13
2011.07.12 07:06:31.367,0.95309,0.95332,1.88,3.23
2011.07.12 07:06:31.806,0.95309,0.95332,1.88,2.25
2011.07.12 07:06:31.916,0.95309,0.95332,1.50,3.00
2011.07.12 07:06:32.028,0.95306,0.95328,2.85,1.13
2011.07.12 07:06:32.259,0.95306,0.95327,2.25,1.73
2011.07.12 07:06:32.599,0.95299,0.95321,4.13,1.35
2011.07.12 07:06:32.935,0.95298,0.95323,2.26,1.35
2011.07.12 07:06:33.458,0.95299,0.95323,1.88,1.35
2011.07.12 07:06:33.586,0.95302,0.95324,1.13,2.63
2011.07.12 07:06:33.705,0.95309,0.9533,2.11,2.25
2011.07.12 07:06:34.036,0.95311,0.95333,1.36,1.13
2011.07.12 07:06:34.147,0.9531,0.95333,3.61,1.13
2011.07.12 07:06:34.478,0.9531,0.95334,4.88,2.63
2011.07.12 07:06:34.588,0.95311,0.95334,1.36,2.63
2011.07.12 07:06:34.705,0.95312,0.95334,1.73,2.63
2011.07.12 07:06:35.145,0.95314,0.95343,1.13,3.98
2011.07.12 07:06:35.694,0.95316,0.95343,3.98,1.50
2011.07.12 07:06:36.241,0.95316,0.95343,3.98,1.50
2011.07.12 07:06:36.363,0.95316,0.95342,1.88,1.13
2011.07.12 07:06:36.475,0.95316,0.95342,1.88,1.13
2011.07.12 07:06:37.247,0.95313,0.95335,2.25,1.13
2011.07.12 07:06:37.687,0.95314,0.95333,1.50,3.60
2011.07.12 07:06:37.798,0.95309,0.95333,1.88,3.60
2011.07.12 07:06:38.358,0.95308,0.95332,1.88,1.13
2011.07.12 07:06:38.795,0.95306,0.95332,1.88,1.13
2011.07.12 07:06:39.564,0.95306,0.95332,1.88,1.13
2011.07.12 07:06:40.140,0.95306,0.95332,1.88,1.13
2011.07.12 07:06:42.076,0.95306,0.95334,5.86,3.00
2011.07.12 07:06:42.516,0.95308,0.9533,1.50,1.35
2011.07.12 07:06:42.626,0.95309,0.9533,1.50,1.35
2011.07.12 07:06:42.736,0.95307,0.9533,1.88,1.35
2011.07.12 07:06:43.901,0.95307,0.95333,2.48,3.75
2011.07.12 07:06:44.128,0.95307,0.95333,3.23,3.00
2011.07.12 07:06:44.576,0.95307,0.95333,3.23,2.63
2011.07.12 07:06:44.795,0.95308,0.95333,1.36,2.63
2011.07.12 07:06:45.125,0.95307,0.95333,3.23,2.63
2011.07.12 07:06:45.786,0.95307,0.95331,2.48,1.13
2011.07.12 07:06:45.895,0.95307,0.9533,2.48,1.13
2011.07.12 07:06:46.224,0.95304,0.95331,1.36,1.13
2011.07.12 07:06:46.780,0.95307,0.95333,2.85,2.63
2011.07.12 07:06:47.308,0.95308,0.95333,1.35,1.13
2011.07.12 07:06:47.422,0.95307,0.95333,8.11,2.63
2011.07.12 07:06:47.650,0.95307,0.95333,2.25,3.38
2011.07.12 07:06:47.987,0.95305,0.95332,1.36,1.13
2011.07.12 07:06:48.427,0.95306,0.9533,1.88,1.13
2011.07.12 07:06:48.755,0.95306,0.95325,1.88,1.35
2011.07.12 07:06:48.978,0.95306,0.95323,1.88,1.50
2011.07.12 07:06:49.207,0.95299,0.95324,2.48,1.13
2011.07.12 07:06:49.754,0.95299,0.95323,2.48,2.63
2011.07.12 07:06:50.536,0.95299,0.95323,1.88,2.63
2011.07.12 07:06:50.656,0.95306,0.95331,1.88,1.88
2011.07.12 07:06:51.205,0.95306,0.95332,1.13,1.73
2011.07.12 07:06:51.648,0.95307,0.95332,1.13,1.35
2011.07.12 07:06:51.768,0.95308,0.95332,2.63,1.35
2011.07.12 07:06:51.885,0.95309,0.95334,2.48,2.63
2011.07.12 07:06:52.216,0.9531,0.95333,1.36,1.88
2011.07.12 07:06:52.547,0.95314,0.95333,1.36,1.88
2011.07.12 07:06:52.655,0.95314,0.95341,1.36,1.35
2011.07.12 07:06:52.987,0.95317,0.95338,1.88,1.35
2011.07.12 07:06:53.425,0.95317,0.95337,2.63,3.23
2011.07.12 07:06:53.965,0.95317,0.95336,1.88,1.35
2011.07.12 07:06:54.518,0.9531,0.95334,1.51,1.73
2011.07.12 07:06:54.737,0.9531,0.95333,1.13,1.13
2011.07.12 07:06:55.177,0.9531,0.95337,1.35,3.75
2011.07.12 07:06:55.504,0.95316,0.95339,1.88,1.50
2011.07.12 07:06:56.494,0.95316,0.95339,1.88,1.50
2011.07.12 07:06:56.825,0.95316,0.95342,1.88,3.60
2011.07.12 07:06:57.335,0.95316,0.95339,1.88,1.35
2011.07.12 07:06:57.559,0.95316,0.95341,2.63,2.25
2011.07.12 07:06:58.114,0.95317,0.95342,2.63,1.35
2011.07.12 07:06:58.447,0.95311,0.95334,1.51,1.88
2011.07.12 07:06:58.556,0.95309,0.95333,3.61,2.63
2011.07.12 07:06:58.776,0.95309,0.95333,2.25,3.23
2011.07.12 07:06:59.324,0.9531,0.95333,4.35,1.88
2011.07.12 07:06:59.657,0.95311,0.95336,2.63,1.50
2011.07.12 07:07:00.217,0.95316,0.95337,1.88,1.35
2011.07.12 07:07:00.656,0.95317,0.95333,1.88,1.13
2011.07.12 07:07:00.962,0.95306,0.95331,2.48,1.88
2011.07.12 07:07:01.188,0.95302,0.95325,1.51,3.98
2011.07.12 07:07:01.306,0.953,0.95324,1.36,1.13
2011.07.12 07:07:01.527,0.95297,0.95325,6.61,1.35
2011.07.12 07:07:01.746,0.95307,0.95325,1.88,1.35
2011.07.12 07:07:02.188,0.95303,0.95329,1.50,1.35
2011.07.12 07:07:02.626,0.95306,0.95329,1.88,1.35
2011.07.12 07:07:03.068,0.95306,0.95331,3.60,1.50
2011.07.12 07:07:03.627,0.95306,0.95331,5.48,1.50
2011.07.12 07:07:04.177,0.95306,0.95334,3.60,3.00
2011.07.12 07:07:04.396,0.95306,0.95334,3.60,3.00
2011.07.12 07:07:04.725,0.95306,0.9533,1.35,1.13
2011.07.12 07:07:05.058,0.95297,0.95323,1.73,2.63
2011.07.12 07:07:05.176,0.95296,0.95321,1.51,1.35
2011.07.12 07:07:05.288,0.95294,0.9532,4.13,1.88
2011.07.12 07:07:05.406,0.95293,0.95317,2.63,2.10
2011.07.12 07:07:05.736,0.95294,0.95318,2.85,1.13
2011.07.12 07:07:06.064,0.95297,0.9532,2.63,2.25
2011.07.12 07:07:06.396,0.95297,0.95321,2.63,1.50
2011.07.12 07:07:07.033,0.95297,0.9532,2.63,1.35
2011.07.12 07:07:07.585,0.95296,0.95321,1.13,2.25
2011.07.12 07:07:08.027,0.95293,0.95322,1.35,3.98
2011.07.12 07:07:08.245,0.95293,0.95321,1.35,2.63
2011.07.12 07:07:08.354,0.95293,0.95313,1.35,1.88
2011.07.12 07:07:09.344,0.95293,0.95313,1.35,1.88
2011.07.12 07:07:09.676,0.95303,0.95313,2.10,1.88
2011.07.12 07:07:09.789,0.95301,0.95324,2.10,2.63
2011.07.12 07:07:09.907,0.95307,0.95324,1.35,1.88
2011.07.12 07:07:10.016,0.95307,0.95332,1.35,1.88
2011.07.12 07:07:10.127,0.95309,0.95334,1.13,2.63
2011.07.12 07:07:10.346,0.9531,0.95333,1.13,2.63
2011.07.12 07:07:10.694,0.95308,0.95334,1.13,1.13
2011.07.12 07:07:11.246,0.95307,0.95334,1.36,1.13
2011.07.12 07:07:11.685,0.95307,0.95331,1.88,1.73
2011.07.12 07:07:12.534,0.95303,0.95331,3.23,1.73
2011.07.12 07:07:12.865,0.95301,0.95323,1.73,2.63
2011.07.12 07:07:13.563,0.953,0.95323,3.23,2.63
2011.07.12 07:07:13.680,0.95297,0.95323,3.01,2.63
2011.07.12 07:07:14.127,0.95298,0.95323,1.13,1.88
2011.07.12 07:07:14.456,0.95297,0.95323,3.38,2.63
2011.07.12 07:07:15.005,0.953,0.95323,1.13,2.63
2011.07.12 07:07:15.670,0.95297,0.95323,1.13,2.85
2011.07.12 07:07:15.790,0.95293,0.9532,3.23,1.73
2011.07.12 07:07:16.018,0.9529,0.95318,2.85,1.50
2011.07.12 07:07:16.126,0.9529,0.95314,1.13,1.73
2011.07.12 07:07:16.457,0.95289,0.95313,2.26,1.88
2011.07.12 07:07:17.006,0.95289,0.95313,1.13,1.88
2011.07.12 07:07:17.377,0.95289,0.95313,1.13,1.88
2011.07.12 07:07:17.716,0.95291,0.95313,1.36,1.13
2011.07.12 07:07:18.048,0.95294,0.95315,1.73,1.13
2011.07.12 07:07:18.390,0.95299,0.95318,1.36,1.13
2011.07.12 07:07:18.508,0.95299,0.95323,2.86,2.63
2011.07.12 07:07:18.735,0.95299,0.95323,2.11,2.63
2011.07.12 07:07:18.847,0.95298,0.95322,1.13,1.35
2011.07.12 07:07:18.957,0.95297,0.95316,1.88,2.10
2011.07.12 07:07:19.178,0.95286,0.95312,2.63,1.88
2011.07.12 07:07:19.297,0.95286,0.95311,1.88,4.50
2011.07.12 07:07:19.766,0.95281,0.95308,1.13,1.35
2011.07.12 07:07:19.883,0.95279,0.95303,1.35,1.50
2011.07.12 07:07:20.218,0.95274,0.95303,1.51,3.60
2011.07.12 07:07:20.668,0.95276,0.95295,1.88,1.35
2011.07.12 07:07:20.898,0.95276,0.95297,1.88,3.00
2011.07.12 07:07:21.126,0.95276,0.953,1.88,1.50
2011.07.12 07:07:21.239,0.95278,0.95301,1.73,1.50
2011.07.12 07:07:21.578,0.95282,0.95307,1.50,2.25
2011.07.12 07:07:21.916,0.95286,0.95306,1.88,1.50
2011.07.12 07:07:22.515,0.95285,0.95309,1.13,1.35
2011.07.12 07:07:23.067,0.95284,0.95308,2.26,1.13
2011.07.12 07:07:23.177,0.95284,0.95307,2.26,1.88
2011.07.12 07:07:23.506,0.95278,0.95298,1.13,1.13
2011.07.12 07:07:23.835,0.95277,0.95299,2.25,1.13
2011.07.12 07:07:24.055,0.95277,0.95298,2.25,2.48
2011.07.12 07:07:25.156,0.95277,0.953,2.63,1.73
2011.07.12 07:07:25.694,0.95277,0.95298,2.63,1.35
2011.07.12 07:07:25.918,0.95277,0.95299,2.63,1.35
2011.07.12 07:07:26.036,0.95277,0.95301,3.38,1.73
2011.07.12 07:07:26.367,0.95279,0.95303,2.63,3.98
2011.07.12 07:07:26.475,0.9528,0.95303,1.13,2.48
2011.07.12 07:07:27.250,0.9528,0.95302,1.13,1.35
2011.07.12 07:07:27.367,0.95279,0.95302,2.63,1.35
2011.07.12 07:07:27.808,0.95278,0.95301,2.63,1.73
2011.07.12 07:07:28.204,0.95275,0.95297,1.50,1.50
2011.07.12 07:07:28.427,0.95277,0.95299,2.63,1.13
2011.07.12 07:07:29.524,0.95277,0.953,1.88,2.10
2011.07.12 07:07:29.744,0.95277,0.953,1.88,2.10
2011.07.12 07:07:30.076,0.9528,0.95302,3.38,2.25
2011.07.12 07:07:30.186,0.95279,0.95302,2.10,1.50
2011.07.12 07:07:30.408,0.95282,0.95306,1.50,1.35
2011.07.12 07:07:30.524,0.95287,0.95306,1.88,2.10
2011.07.12 07:07:31.074,0.95278,0.95304,3.38,1.13
2011.07.12 07:07:31.563,0.95274,0.95301,1.88,2.85
2011.07.12 07:07:31.678,0.95274,0.95301,1.13,1.35
2011.07.12 07:07:31.789,0.95276,0.95298,1.88,1.88
2011.07.12 07:07:32.460,0.95274,0.95293,1.50,1.88
2011.07.12 07:07:32.797,0.95276,0.95293,1.13,1.88
2011.07.12 07:07:32.906,0.95276,0.95293,1.13,1.88
2011.07.12 07:07:33.127,0.95279,0.95293,1.50,1.88
2011.07.12 07:07:33.681,0.95279,0.95293,2.63,1.88
2011.07.12 07:07:34.040,0.95279,0.95302,1.13,1.73
2011.07.12 07:07:34.268,0.95279,0.95295,2.63,1.13
2011.07.12 07:07:34.709,0.95279,0.953,1.50,3.00
2011.07.12 07:07:34.937,0.95276,0.95299,1.13,1.50
2011.07.12 07:07:35.485,0.95276,0.95297,1.13,1.13
2011.07.12 07:07:35.815,0.95276,0.95298,1.13,1.88
2011.07.12 07:07:35.925,0.95276,0.953,1.13,3.38
2011.07.12 07:07:36.036,0.95272,0.95293,1.13,1.88
2011.07.12 07:07:36.145,0.95271,0.95293,1.13,1.88
2011.07.12 07:07:37.157,0.95277,0.95296,1.88,1.88
2011.07.12 07:07:37.816,0.95274,0.953,1.35,1.50
2011.07.12 07:07:37.926,0.95276,0.95302,1.13,1.88
2011.07.12 07:07:38.366,0.95281,0.9531,1.35,1.35
2011.07.12 07:07:38.477,0.95283,0.9531,1.13,1.35
2011.07.12 07:07:38.696,0.95283,0.95303,1.13,1.88
2011.07.12 07:07:39.246,0.95281,0.95303,1.73,1.88
2011.07.12 07:07:39.688,0.95287,0.9531,1.88,1.35
2011.07.12 07:07:39.907,0.95289,0.95313,2.85,2.63
2011.07.12 07:07:40.478,0.95291,0.95316,1.13,1.73
2011.07.12 07:07:40.602,0.95289,0.95315,1.88,1.13
2011.07.12 07:07:40.937,0.95293,0.9532,1.35,1.35
2011.07.12 07:07:41.155,0.95294,0.9532,1.50,1.35
2011.07.12 07:07:41.705,0.95296,0.9532,2.25,1.35
2011.07.12 07:07:41.925,0.95296,0.9532,2.25,1.35
2011.07.12 07:07:42.476,0.95299,0.95324,1.35,2.63
2011.07.12 07:07:42.696,0.95301,0.95326,1.50,1.50
2011.07.12 07:07:42.807,0.95304,0.95329,2.10,1.50
2011.07.12 07:07:42.915,0.95304,0.95329,2.10,1.50
2011.07.12 07:07:43.024,0.95306,0.95329,1.88,1.50
2011.07.12 07:07:44.266,0.95306,0.9533,2.63,2.25
2011.07.12 07:07:44.599,0.95299,0.95321,1.88,1.50
2011.07.12 07:07:45.016,0.95297,0.95317,1.88,1.50
2011.07.12 07:07:45.565,0.95297,0.95318,1.88,1.50
2011.07.12 07:07:46.114,0.95296,0.95319,1.88,1.50
2011.07.12 07:07:46.687,0.95296,0.95318,1.88,1.13
2011.07.12 07:07:47.127,0.9529,0.95317,1.73,2.63
2011.07.12 07:07:47.238,0.95287,0.95313,2.63,1.73
2011.07.12 07:07:47.457,0.95287,0.95309,1.88,1.35
2011.07.12 07:07:47.814,0.95287,0.95306,1.88,1.35
2011.07.12 07:07:48.036,0.95282,0.95306,1.13,1.35
2011.07.12 07:07:48.147,0.95284,0.95307,1.35,2.25
2011.07.12 07:07:48.476,0.95287,0.95311,1.88,2.48
2011.07.12 07:07:48.804,0.95287,0.95311,1.88,2.48
2011.07.12 07:07:49.244,0.95287,0.95311,1.88,2.10
2011.07.12 07:07:49.808,0.95287,0.95306,1.88,1.13
2011.07.12 07:07:49.916,0.95284,0.95306,3.23,1.88
2011.07.12 07:07:50.025,0.95284,0.95308,1.35,1.88
2011.07.12 07:07:50.136,0.95284,0.95303,2.10,2.63
2011.07.12 07:07:50.990,0.95283,0.95303,1.50,1.88
2011.07.12 07:07:51.875,0.95284,0.95303,1.50,1.88
2011.07.12 07:07:52.426,0.95284,0.95303,1.88,1.88
2011.07.12 07:07:52.534,0.95284,0.9531,1.88,4.73
2011.07.12 07:07:52.865,0.95287,0.9531,1.88,4.73
2011.07.12 07:07:53.196,0.95287,0.9531,1.88,1.73
2011.07.12 07:07:54.328,0.95284,0.95309,2.25,1.13
2011.07.12 07:07:55.216,0.95286,0.95307,1.88,1.73
2011.07.12 07:07:55.766,0.95286,0.95307,1.88,1.73
2011.07.12 07:07:58.296,0.95286,0.95299,1.88,2.48
2011.07.12 07:07:58.410,0.95278,0.95301,2.25,1.50
2011.07.12 07:07:58.528,0.95278,0.953,1.88,1.50
2011.07.12 07:07:59.087,0.95279,0.95303,3.60,1.13
2011.07.12 07:07:59.306,0.95286,0.95312,1.73,1.88
2011.07.12 07:07:59.415,0.95287,0.95311,1.88,1.50
2011.07.12 07:07:59.757,0.95287,0.95313,1.88,3.38
2011.07.12 07:08:00.087,0.95287,0.95312,1.88,1.50
2011.07.12 07:08:00.642,0.95287,0.95312,2.63,1.50
2011.07.12 07:08:00.760,0.95288,0.95313,1.88,3.00
2011.07.12 07:08:01.356,0.95289,0.95313,1.88,3.60
2011.07.12 07:08:01.688,0.95288,0.95313,1.88,3.00
2011.07.12 07:08:02.246,0.95288,0.95308,1.88,2.85
2011.07.12 07:08:02.468,0.95286,0.95307,1.13,1.35
2011.07.12 07:08:03.001,0.95286,0.95309,1.13,1.50
2011.07.12 07:08:03.340,0.95284,0.95309,3.38,1.50
2011.07.12 07:08:03.897,0.95287,0.95309,1.88,1.50
2011.07.12 07:08:06.128,0.95287,0.95302,2.25,2.48
2011.07.12 07:08:06.348,0.95278,0.95302,1.13,3.23
2011.07.12 07:08:06.468,0.95276,0.95299,2.25,1.50
2011.07.12 07:08:06.917,0.95276,0.95299,2.25,1.50
2011.07.12 07:08:07.417,0.95276,0.95299,2.25,1.50
2011.07.12 07:08:07.638,0.95276,0.953,2.63,2.10
2011.07.12 07:08:08.076,0.95276,0.953,2.63,2.10
2011.07.12 07:08:08.580,0.95276,0.953,3.98,1.50
2011.07.12 07:08:10.125,0.95276,0.95298,1.88,1.50
2011.07.12 07:08:10.784,0.95269,0.95294,2.10,1.50
2011.07.12 07:08:11.114,0.95269,0.95293,1.73,2.63
2011.07.12 07:08:11.638,0.95267,0.95292,2.63,1.35
2011.07.12 07:08:12.250,0.95268,0.95293,1.13,1.50
2011.07.12 07:08:12.620,0.95266,0.95293,2.48,1.88
2011.07.12 07:08:12.738,0.95267,0.95293,1.35,1.88
2011.07.12 07:08:13.416,0.95266,0.95289,1.88,1.35
2011.07.12 07:08:14.079,0.95266,0.95289,1.88,1.35
2011.07.12 07:08:14.735,0.95267,0.95289,1.88,1.35
2011.07.12 07:08:15.286,0.95267,0.9529,2.63,2.10
2011.07.12 07:08:15.847,0.95267,0.95289,1.88,2.10
2011.07.12 07:08:15.958,0.95267,0.95288,1.88,3.23
2011.07.12 07:08:16.288,0.9526,0.95284,1.13,1.35
2011.07.12 07:08:16.808,0.95267,0.95282,1.88,1.35
2011.07.12 07:08:17.579,0.95263,0.95284,1.50,3.38
2011.07.12 07:08:18.137,0.95268,0.9529,1.50,1.73
2011.07.12 07:08:18.246,0.95272,0.95291,2.48,2.25
2011.07.12 07:08:18.466,0.95272,0.95292,2.48,1.88
2011.07.12 07:08:18.907,0.9527,0.95291,3.23,1.50
2011.07.12 07:08:19.498,0.95267,0.95291,1.36,1.50
2011.07.12 07:08:19.620,0.95266,0.95291,1.13,2.63
2011.07.12 07:08:19.957,0.95262,0.95283,1.51,1.88
2011.07.12 07:08:20.066,0.9526,0.95283,1.50,2.63
2011.07.12 07:08:20.176,0.95259,0.95283,1.35,2.63
2011.07.12 07:08:20.286,0.9526,0.95283,2.85,2.63
2011.07.12 07:08:20.728,0.95263,0.95286,1.50,2.63
2011.07.12 07:08:20.956,0.95263,0.95286,2.25,1.88
2011.07.12 07:08:21.286,0.95265,0.95283,2.85,1.88
2011.07.12 07:08:21.396,0.95265,0.95283,2.25,1.88
2011.07.12 07:08:21.727,0.95266,0.95283,1.35,1.88
2011.07.12 07:08:22.176,0.95267,0.95283,1.35,1.88
2011.07.12 07:08:22.293,0.95269,0.95294,2.25,3.38
2011.07.12 07:08:22.850,0.9527,0.95293,1.35,1.88
2011.07.12 07:08:23.408,0.9527,0.95294,1.35,2.25
2011.07.12 07:08:23.965,0.95272,0.95294,1.35,1.88
2011.07.12 07:08:24.514,0.95272,0.95294,1.35,2.63
2011.07.12 07:08:25.347,0.95273,0.95296,1.35,1.13
2011.07.12 07:08:25.897,0.95277,0.95298,1.88,1.13
2011.07.12 07:08:26.444,0.95276,0.953,2.63,1.50
2011.07.12 07:08:26.995,0.95276,0.953,2.48,1.50
2011.07.12 07:08:27.216,0.95276,0.953,1.88,1.50
2011.07.12 07:08:28.298,0.95276,0.95299,1.88,1.50
2011.07.12 07:08:28.856,0.95275,0.95294,1.13,1.73
2011.07.12 07:08:29.185,0.95267,0.95291,2.63,1.13
2011.07.12 07:08:29.738,0.95269,0.95291,1.88,1.50
2011.07.12 07:08:30.075,0.95266,0.9529,2.63,1.50
2011.07.12 07:08:30.574,0.95267,0.95292,2.63,1.50
2011.07.12 07:08:30.909,0.95266,0.95289,1.73,1.13
2011.07.12 07:08:31.468,0.95267,0.95293,1.88,4.35
2011.07.12 07:08:31.808,0.95268,0.95292,2.48,1.13
2011.07.12 07:08:33.380,0.95269,0.95292,1.73,2.63
2011.07.12 07:08:33.719,0.95269,0.95294,2.85,2.63
2011.07.12 07:08:33.835,0.95271,0.95294,1.73,1.88
2011.07.12 07:08:35.156,0.95274,0.95294,1.13,1.88
2011.07.12 07:08:35.486,0.95276,0.95301,2.10,1.13
2011.07.12 07:08:36.545,0.95276,0.95295,3.60,1.50
2011.07.12 07:08:37.060,0.95279,0.95296,1.88,1.50
2011.07.12 07:08:37.395,0.95281,0.95297,1.50,1.50
2011.07.12 07:08:37.724,0.95277,0.95298,3.60,1.50
2011.07.12 07:08:38.274,0.95277,0.95296,2.85,1.50
2011.07.12 07:08:39.264,0.95277,0.95294,1.88,1.50
2011.07.12 07:08:40.795,0.95277,0.95294,1.88,2.25
2011.07.12 07:08:41.458,0.95274,0.95291,1.13,1.50
2011.07.12 07:08:41.786,0.95267,0.95285,1.35,1.50
2011.07.12 07:08:42.466,0.95268,0.95285,1.73,1.50
2011.07.12 07:08:42.686,0.95268,0.95288,1.73,1.50
2011.07.12 07:08:43.234,0.95271,0.95289,1.13,1.50
2011.07.12 07:08:43.566,0.95271,0.95289,1.73,1.50
2011.07.12 07:08:44.289,0.95274,0.95289,1.13,1.50
2011.07.12 07:08:44.518,0.9527,0.95288,3.75,1.50
2011.07.12 07:08:44.858,0.95267,0.95286,2.63,1.50
2011.07.12 07:08:45.188,0.95267,0.95284,2.63,1.50
2011.07.12 07:08:45.514,0.95267,0.95282,1.88,1.50
2011.07.12 07:08:47.384,0.95267,0.95288,1.88,1.50
2011.07.12 07:08:47.493,0.95267,0.95289,1.88,1.13
2011.07.12 07:08:48.044,0.95267,0.95289,1.88,1.13
2011.07.12 07:08:48.706,0.95265,0.95289,1.13,1.13
2011.07.12 07:08:49.037,0.95263,0.95286,1.13,3.23
2011.07.12 07:08:49.147,0.9526,0.95284,1.35,1.88
2011.07.12 07:08:49.587,0.95258,0.95285,8.26,1.13
2011.07.12 07:08:50.165,0.9526,0.95284,1.35,1.50
2011.07.12 07:08:50.270,0.9526,0.95284,1.35,1.88
2011.07.12 07:08:50.386,0.9526,0.95283,1.35,1.88
2011.07.12 07:08:51.485,0.95258,0.95283,2.63,1.13
2011.07.12 07:08:52.035,0.95257,0.95284,2.48,2.63
2011.07.12 07:08:52.805,0.95257,0.95284,3.23,2.63
2011.07.12 07:08:53.588,0.95257,0.95284,1.50,6.60
2011.07.12 07:08:53.917,0.95259,0.95281,1.50,1.35
2011.07.12 07:08:54.136,0.95256,0.9528,1.88,1.35
2011.07.12 07:08:54.464,0.95256,0.9528,2.63,1.35
2011.07.12 07:08:55.795,0.95256,0.95281,2.63,3.60
2011.07.12 07:08:56.127,0.95256,0.95278,1.88,1.13
2011.07.12 07:08:56.456,0.95252,0.95275,2.25,1.50
2011.07.12 07:08:56.845,0.95253,0.95275,1.35,1.88
2011.07.12 07:08:57.397,0.95249,0.95274,2.25,3.38
2011.07.12 07:08:57.507,0.95249,0.95272,1.50,1.50
2011.07.12 07:08:57.839,0.95246,0.95271,3.23,1.88
2011.07.12 07:08:58.175,0.95246,0.9527,1.73,1.13
2011.07.12 07:08:58.840,0.95246,0.95268,2.63,1.35
2011.07.12 07:08:59.069,0.95242,0.95267,1.35,1.50
2011.07.12 07:08:59.497,0.95239,0.95265,3.38,1.35
2011.07.12 07:08:59.612,0.9524,0.95267,1.35,1.50
2011.07.12 07:08:59.724,0.95239,0.95264,1.73,2.63
2011.07.12 07:08:59.835,0.95241,0.95264,1.35,1.88
2011.07.12 07:09:00.165,0.95247,0.95267,1.88,1.50
2011.07.12 07:09:00.715,0.95247,0.95266,1.88,1.50
2011.07.12 07:09:01.134,0.95241,0.95258,1.13,3.71
2011.07.12 07:09:01.255,0.95233,0.95246,1.50,1.50
2011.07.12 07:09:01.372,0.95226,0.95244,1.88,2.25
2011.07.12 07:09:01.490,0.95219,0.95243,1.88,1.13
2011.07.12 07:09:01.609,0.95222,0.95243,2.10,1.13
2011.07.12 07:09:02.374,0.95226,0.95247,1.88,1.50
2011.07.12 07:09:02.937,0.95225,0.95252,1.36,2.25
2011.07.12 07:09:03.050,0.95227,0.95252,1.88,2.25
2011.07.12 07:09:03.169,0.95229,0.95252,1.51,2.25
2011.07.12 07:09:03.507,0.95228,0.95251,1.51,2.25
2011.07.12 07:09:03.837,0.95228,0.95252,1.50,2.25
2011.07.12 07:09:04.515,0.95226,0.95251,3.38,2.25
2011.07.12 07:09:05.214,0.95228,0.95252,1.36,2.25
2011.07.12 07:09:05.546,0.9523,0.95254,1.36,1.13
2011.07.12 07:09:05.986,0.95233,0.95256,1.51,2.25
2011.07.12 07:09:06.206,0.95234,0.95257,2.48,2.25
2011.07.12 07:09:06.868,0.95229,0.95254,2.48,1.13
2011.07.12 07:09:07.314,0.95227,0.95251,3.01,2.25
2011.07.12 07:09:07.923,0.95227,0.95252,2.25,2.25
2011.07.12 07:09:08.033,0.95232,0.95252,2.25,1.13
2011.07.12 07:09:08.150,0.95232,0.95256,1.88,1.88
2011.07.12 07:09:08.267,0.95227,0.95251,1.51,1.13
2011.07.12 07:09:08.379,0.95226,0.95251,2.63,1.13
2011.07.12 07:09:08.832,0.9523,0.95252,1.35,2.25
2011.07.12 07:09:08.950,0.95234,0.95255,2.10,1.13
2011.07.12 07:09:09.070,0.95232,0.95256,1.36,2.25
2011.07.12 07:09:09.186,0.95233,0.95257,1.13,2.25
2011.07.12 07:09:09.519,0.95236,0.95256,1.88,2.25
2011.07.12 07:09:09.933,0.9523,0.95254,1.36,1.13
2011.07.12 07:09:10.487,0.9523,0.95253,1.35,2.63
2011.07.12 07:09:11.036,0.95229,0.95253,1.35,2.63
2011.07.12 07:09:11.256,0.9523,0.95256,3.23,2.63
2011.07.12 07:09:11.585,0.9523,0.95257,1.36,3.23
2011.07.12 07:09:11.695,0.9523,0.95253,1.36,1.88
2011.07.12 07:09:12.294,0.9523,0.95254,1.36,1.13
2011.07.12 07:09:12.390,0.95236,0.95256,1.50,2.25
2011.07.12 07:09:13.004,0.9523,0.95254,1.36,1.13
2011.07.12 07:09:13.121,0.9523,0.95255,2.11,1.13
2011.07.12 07:09:13.679,0.9523,0.95257,2.11,4.35
2011.07.12 07:09:14.015,0.95237,0.95257,1.88,2.48
2011.07.12 07:09:14.238,0.95237,0.95257,1.88,1.13
2011.07.12 07:09:14.817,0.95237,0.95262,1.13,2.25
2011.07.12 07:09:15.156,0.95236,0.95261,3.38,2.25
2011.07.12 07:09:16.365,0.95236,0.95262,1.88,2.25
2011.07.12 07:09:16.916,0.95236,0.95261,1.88,2.25
2011.07.12 07:09:17.378,0.95236,0.9526,1.88,1.50
2011.07.12 07:09:18.046,0.95234,0.95255,2.25,1.13
2011.07.12 07:09:18.158,0.95236,0.95255,1.88,1.13
2011.07.12 07:09:18.277,0.95236,0.95259,2.63,1.50
2011.07.12 07:09:18.386,0.95236,0.95252,1.88,1.73
2011.07.12 07:09:18.497,0.95228,0.95252,4.36,1.13
2011.07.12 07:09:18.605,0.95228,0.95254,2.10,1.13
2011.07.12 07:09:18.717,0.95228,0.95253,1.50,1.35
2011.07.12 07:09:19.160,0.95226,0.95254,2.86,3.00
2011.07.12 07:09:19.702,0.95226,0.95253,1.73,1.13
2011.07.12 07:09:20.038,0.95227,0.95255,2.86,1.13
2011.07.12 07:09:20.476,0.95237,0.95256,1.88,3.71
2011.07.12 07:09:20.586,0.95229,0.95256,1.73,2.21
2011.07.12 07:09:20.698,0.95235,0.95255,2.10,1.46
2011.07.12 07:09:21.028,0.95237,0.95256,2.48,1.50
2011.07.12 07:09:21.151,0.95238,0.95256,1.35,1.50
2011.07.12 07:09:21.487,0.95232,0.95256,3.60,2.25
2011.07.12 07:09:21.706,0.9523,0.95256,2.48,2.63
2011.07.12 07:09:22.199,0.95226,0.95253,3.60,1.50
2011.07.12 07:09:22.754,0.95226,0.9525,3.60,1.50
2011.07.12 07:09:23.417,0.95226,0.9525,4.35,1.50
2011.07.12 07:09:23.748,0.95237,0.95251,1.88,2.25
2011.07.12 07:09:23.966,0.95227,0.95253,1.35,1.88
2011.07.12 07:09:24.430,0.95226,0.95252,2.48,1.50
2011.07.12 07:09:24.546,0.95226,0.95252,1.88,2.10
2011.07.12 07:09:24.944,0.95223,0.95245,4.73,1.50
2011.07.12 07:09:25.061,0.95224,0.95249,1.73,1.50
2011.07.12 07:09:25.399,0.95224,0.95249,2.48,1.13
2011.07.12 07:09:25.519,0.95223,0.9525,3.23,1.50
2011.07.12 07:09:25.639,0.95228,0.95251,1.35,4.13
2011.07.12 07:09:25.977,0.95226,0.95251,2.85,1.50
2011.07.12 07:09:26.307,0.95232,0.95253,1.35,1.88
2011.07.12 07:09:26.856,0.9523,0.95254,2.85,3.38
2011.07.12 07:09:26.967,0.9523,0.95254,1.35,3.38
2011.07.12 07:09:27.395,0.95227,0.95253,1.35,1.13
2011.07.12 07:09:27.948,0.95229,0.95253,2.10,3.38
2011.07.12 07:09:28.177,0.95232,0.95253,1.35,1.13
2011.07.12 07:09:28.395,0.95232,0.95253,1.35,1.13
2011.07.12 07:09:29.497,0.9523,0.95254,1.50,3.38
2011.07.12 07:09:29.718,0.95228,0.95254,2.48,3.38
2011.07.12 07:09:30.634,0.95228,0.95254,2.48,3.38
2011.07.12 07:09:30.970,0.95232,0.95254,2.85,2.63
2011.07.12 07:09:31.093,0.95234,0.95257,2.48,2.25
2011.07.12 07:09:31.424,0.95236,0.95261,1.13,2.25
2011.07.12 07:09:31.537,0.95238,0.95261,1.35,2.25
2011.07.12 07:09:31.866,0.95237,0.9526,1.35,1.50
2011.07.12 07:09:32.415,0.95237,0.95261,2.63,3.75
2011.07.12 07:09:33.075,0.95237,0.95261,3.23,2.25
2011.07.12 07:09:33.659,0.95237,0.95263,2.63,3.38
2011.07.12 07:09:33.778,0.9524,0.95263,1.35,1.88
2011.07.12 07:09:34.106,0.95239,0.95263,2.11,2.63
2011.07.12 07:09:34.327,0.9524,0.95264,1.36,2.63
2011.07.12 07:09:34.439,0.95247,0.95264,1.13,1.88
2011.07.12 07:09:34.556,0.95249,0.95273,2.10,1.88
2011.07.12 07:09:34.776,0.95246,0.95273,1.36,1.50
2011.07.12 07:09:35.216,0.95246,0.9527,2.48,1.50
2011.07.12 07:09:35.436,0.95246,0.9527,2.48,1.50
2011.07.12 07:09:36.006,0.95246,0.95269,1.13,1.50
2011.07.12 07:09:37.106,0.95246,0.95269,1.13,1.88
2011.07.12 07:09:37.437,0.95242,0.95263,1.35,1.88
2011.07.12 07:09:37.655,0.95239,0.95263,2.25,1.88
2011.07.12 07:09:38.097,0.95238,0.95263,2.48,2.63
2011.07.12 07:09:38.851,0.95238,0.95263,1.73,1.50
2011.07.12 07:09:38.966,0.95236,0.95262,2.63,1.50
2011.07.12 07:09:39.958,0.95236,0.95255,1.88,1.35
2011.07.12 07:09:40.406,0.95229,0.95255,2.63,1.35
2011.07.12 07:09:40.626,0.95236,0.95255,1.88,1.35
2011.07.12 07:09:41.294,0.95237,0.95255,1.88,1.35
2011.07.12 07:09:41.517,0.95237,0.95256,1.88,3.38
2011.07.12 07:09:41.735,0.95237,0.95259,1.88,1.88
2011.07.12 07:09:41.956,0.95237,0.95259,1.88,1.88
2011.07.12 07:09:42.506,0.95236,0.95256,1.50,1.13
2011.07.12 07:09:44.051,0.95236,0.95261,1.36,2.25
2011.07.12 07:09:44.162,0.95238,0.95264,3.23,2.63
2011.07.12 07:09:44.716,0.95239,0.95263,2.86,2.63
2011.07.12 07:09:45.486,0.95239,0.95263,1.36,2.63
2011.07.12 07:09:45.816,0.95237,0.95259,1.35,1.13
2011.07.12 07:09:46.364,0.95237,0.95263,1.35,1.50
2011.07.12 07:09:46.913,0.95238,0.95263,1.50,1.50
2011.07.12 07:09:47.026,0.95236,0.95262,2.48,2.63
2011.07.12 07:09:47.356,0.95237,0.95262,1.35,2.25
2011.07.12 07:09:47.577,0.9524,0.95261,2.85,1.50
2011.07.12 07:09:47.688,0.95236,0.95259,1.88,1.88
2011.07.12 07:09:47.795,0.95233,0.95259,1.35,1.88
2011.07.12 07:09:48.125,0.95234,0.95261,1.73,2.25
2011.07.12 07:09:48.987,0.95232,0.95254,1.51,1.73
2011.07.12 07:09:49.316,0.95227,0.95249,1.88,1.50
2011.07.12 07:09:49.538,0.95227,0.95249,3.98,1.50
2011.07.12 07:09:49.842,0.95226,0.95249,1.88,1.50
2011.07.12 07:09:49.961,0.95226,0.95248,1.88,1.88
2011.07.12 07:09:50.295,0.95223,0.95245,1.13,1.50
2011.07.12 07:09:50.626,0.95222,0.95243,2.10,1.88
2011.07.12 07:09:50.845,0.95224,0.95243,2.10,1.88
2011.07.12 07:09:51.616,0.95224,0.95251,2.48,3.00
2011.07.12 07:09:51.948,0.95226,0.95252,3.98,2.25
2011.07.12 07:09:52.276,0.95227,0.95252,2.85,2.25
2011.07.12 07:09:52.862,0.95227,0.95252,2.10,2.25
2011.07.12 07:09:57.175,0.95221,0.95244,1.73,2.63
2011.07.12 07:09:57.289,0.95226,0.95242,2.48,1.50
2011.07.12 07:09:57.685,0.9523,0.95242,2.85,1.50
2011.07.12 07:09:57.805,0.95234,0.95253,2.48,1.13
2011.07.12 07:09:57.920,0.95234,0.95253,2.48,1.13
2011.07.12 07:09:58.476,0.95237,0.95261,2.85,2.25
2011.07.12 07:09:58.699,0.95237,0.95262,2.85,2.25
2011.07.12 07:09:58.927,0.95237,0.95262,2.25,4.13
2011.07.12 07:09:59.037,0.95232,0.95258,2.48,1.50
2011.07.12 07:09:59.259,0.95231,0.95253,1.13,6.23
2011.07.12 07:09:59.377,0.95231,0.95249,1.13,4.50
2011.07.12 07:09:59.596,0.95218,0.95243,1.13,2.63
2011.07.12 07:10:00.135,0.95218,0.95243,1.88,1.50
2011.07.12 07:10:00.587,0.95219,0.95243,1.50,2.63
2011.07.12 07:10:00.919,0.95222,0.95243,1.13,1.88
2011.07.12 07:10:01.577,0.95222,0.95243,1.51,1.88
2011.07.12 07:10:01.907,0.95224,0.95243,1.50,1.50
2011.07.12 07:10:02.382,0.9522,0.95243,1.50,1.13
2011.07.12 07:10:03.047,0.95221,0.95244,3.76,2.63
2011.07.12 07:10:03.157,0.95222,0.95244,1.51,1.88
2011.07.12 07:10:03.266,0.95222,0.95248,3.38,1.35
2011.07.12 07:10:03.380,0.95222,0.95246,3.01,1.35
2011.07.12 07:10:03.719,0.95225,0.9525,1.13,1.50
2011.07.12 07:10:04.056,0.95228,0.95254,1.13,2.63
2011.07.12 07:10:04.727,0.9523,0.95254,1.13,2.63
2011.07.12 07:10:05.058,0.95233,0.95255,2.10,1.13
2011.07.12 07:10:05.165,0.95236,0.95262,1.88,2.85
2011.07.12 07:10:05.276,0.95236,0.95262,1.88,2.85
2011.07.12 07:10:05.606,0.95233,0.95257,1.13,3.98
2011.07.12 07:10:05.938,0.95234,0.95254,1.73,1.13
2011.07.12 07:10:06.266,0.95233,0.95253,2.48,1.88
2011.07.12 07:10:06.817,0.9524,0.95253,1.35,2.63
2011.07.12 07:10:07.220,0.95237,0.95259,1.13,4.13
2011.07.12 07:10:07.343,0.95233,0.95254,2.48,2.63
2011.07.12 07:10:07.899,0.95229,0.95254,4.35,2.63
2011.07.12 07:10:08.454,0.95229,0.95254,1.88,3.23
2011.07.12 07:10:08.674,0.95228,0.95254,1.88,3.23
2011.07.12 07:10:09.008,0.95235,0.95253,1.35,2.63
2011.07.12 07:10:09.349,0.9524,0.95264,2.48,2.63
2011.07.12 07:10:09.465,0.9524,0.95264,2.48,2.63
2011.07.12 07:10:09.908,0.95242,0.95264,1.36,2.63
2011.07.12 07:10:10.251,0.95245,0.95264,1.51,1.88
2011.07.12 07:10:10.477,0.95244,0.95264,2.25,1.88
2011.07.12 07:10:11.025,0.9524,0.95263,1.35,1.50
2011.07.12 07:10:11.575,0.9524,0.95264,1.35,3.38
2011.07.12 07:10:12.018,0.95238,0.95262,2.10,1.50
2011.07.12 07:10:12.689,0.95238,0.95262,1.50,1.50
2011.07.12 07:10:12.814,0.95232,0.95259,3.23,1.50
2011.07.12 07:10:13.196,0.95232,0.95255,2.10,1.13
2011.07.12 07:10:13.317,0.95229,0.95253,1.35,1.50
2011.07.12 07:10:13.429,0.95229,0.95253,1.88,3.38
2011.07.12 07:10:13.551,0.95228,0.95253,4.35,3.38
2011.07.12 07:10:13.889,0.95235,0.95253,2.48,1.13
2011.07.12 07:10:14.008,0.95238,0.9526,1.35,1.13
2011.07.12 07:10:14.227,0.95238,0.95253,1.36,1.88
2011.07.12 07:10:14.446,0.95239,0.95264,2.26,2.63
2011.07.12 07:10:15.067,0.95239,0.95264,4.13,2.63
2011.07.12 07:10:15.175,0.95246,0.95263,1.13,1.88
2011.07.12 07:10:15.498,0.95246,0.95263,3.23,1.88
2011.07.12 07:10:16.196,0.95248,0.95271,1.35,1.50
2011.07.12 07:10:16.743,0.95248,0.95271,1.35,1.50
2011.07.12 07:10:17.076,0.95248,0.95271,1.35,1.50
2011.07.12 07:10:17.651,0.95248,0.95273,3.23,2.63
2011.07.12 07:10:18.207,0.95249,0.95273,1.88,2.63
2011.07.12 07:10:18.426,0.95253,0.95273,2.48,2.63
2011.07.12 07:10:18.755,0.95254,0.95273,2.10,1.13
2011.07.12 07:10:19.085,0.95253,0.95278,1.50,4.13
2011.07.12 07:10:19.195,0.95253,0.95273,1.50,1.13
2011.07.12 07:10:20.095,0.95253,0.95273,2.25,1.13
2011.07.12 07:10:20.415,0.95256,0.9528,2.85,1.50
2011.07.12 07:10:20.747,0.95258,0.95281,1.50,1.13
2011.07.12 07:10:20.966,0.95259,0.95283,1.50,2.63
2011.07.12 07:10:21.075,0.95258,0.95283,3.61,2.63
2011.07.12 07:10:21.408,0.95261,0.95283,1.35,2.63
2011.07.12 07:10:21.744,0.95264,0.95283,3.23,2.63
2011.07.12 07:10:22.296,0.95265,0.95283,2.86,1.13
2011.07.12 07:10:22.846,0.95265,0.95284,1.51,2.63
2011.07.12 07:10:23.188,0.95265,0.95283,1.13,3.00
2011.07.12 07:10:23.299,0.95264,0.95281,1.88,1.13
2011.07.12 07:10:23.528,0.95259,0.95278,1.88,1.50
2011.07.12 07:10:23.646,0.95259,0.95273,1.50,1.13
2011.07.12 07:10:23.759,0.95254,0.95273,2.10,1.13
2011.07.12 07:10:23.878,0.95255,0.95273,2.10,1.13
2011.07.12 07:10:23.997,0.95256,0.95273,2.10,1.13
2011.07.12 07:10:24.218,0.95256,0.95279,1.35,1.50
2011.07.12 07:10:24.547,0.95257,0.95281,2.10,1.50
2011.07.12 07:10:24.655,0.95256,0.95281,2.85,1.50
2011.07.12 07:10:25.390,0.95256,0.95279,2.85,1.50
2011.07.12 07:10:25.717,0.95256,0.95279,1.35,1.50
2011.07.12 07:10:25.937,0.95254,0.95276,2.48,1.13
2011.07.12 07:10:26.488,0.95254,0.95274,2.48,1.88
2011.07.12 07:10:27.564,0.95254,0.95278,2.85,1.50
2011.07.12 07:10:27.896,0.95257,0.95279,1.73,1.50
2011.07.12 07:10:28.318,0.95255,0.95276,1.13,1.35
2011.07.12 07:10:28.878,0.95254,0.9528,2.48,5.63
2011.07.12 07:10:29.097,0.95257,0.9528,2.48,1.50
2011.07.12 07:10:30.306,0.95257,0.9528,2.48,1.50
2011.07.12 07:10:30.854,0.95257,0.95279,2.48,1.50
2011.07.12 07:10:31.296,0.95256,0.9528,2.10,1.50
2011.07.12 07:10:31.742,0.95256,0.9528,2.10,4.50
2011.07.12 07:10:31.860,0.95254,0.95276,2.48,1.13
2011.07.12 07:10:32.415,0.95254,0.95273,2.48,2.63
2011.07.12 07:10:32.636,0.95254,0.95273,1.50,1.50
2011.07.12 07:10:32.748,0.9525,0.95273,3.23,1.50
2011.07.12 07:10:33.295,0.9525,0.95272,1.73,1.50
2011.07.12 07:10:33.845,0.95248,0.95271,1.88,1.88
2011.07.12 07:10:34.065,0.95248,0.95271,1.88,1.88
2011.07.12 07:10:34.178,0.95249,0.95272,2.10,1.50
2011.07.12 07:10:34.509,0.95253,0.95277,2.48,1.50
2011.07.12 07:10:34.906,0.95265,0.95283,2.10,2.63
2011.07.12 07:10:35.348,0.95271,0.95294,2.10,3.00
2011.07.12 07:10:35.567,0.95268,0.95294,2.48,2.63
2011.07.12 07:10:35.786,0.95271,0.95293,2.86,2.63
2011.07.12 07:10:35.896,0.95271,0.95294,1.36,1.13
2011.07.12 07:10:36.117,0.95267,0.95294,2.11,1.50
2011.07.12 07:10:36.664,0.95267,0.95294,1.36,3.00
2011.07.12 07:10:36.885,0.95266,0.95291,2.63,1.73
2011.07.12 07:10:37.202,0.95265,0.9529,1.73,1.50
2011.07.12 07:10:37.755,0.95267,0.95293,2.48,2.63
2011.07.12 07:10:38.307,0.95267,0.95293,2.48,2.63
2011.07.12 07:10:38.415,0.95268,0.95293,1.35,2.63
2011.07.12 07:10:38.747,0.95267,0.95293,2.48,3.00
2011.07.12 07:10:39.617,0.95265,0.95291,2.11,2.63
2011.07.12 07:10:39.946,0.95265,0.95284,2.10,2.63
2011.07.12 07:10:40.166,0.95265,0.95284,2.85,1.88
2011.07.12 07:10:40.618,0.95265,0.95292,3.23,1.50
2011.07.12 07:10:40.945,0.95267,0.95291,2.48,1.13
2011.07.12 07:10:41.498,0.95267,0.95291,2.48,1.13
2011.07.12 07:10:41.606,0.95267,0.95291,1.88,1.13
2011.07.12 07:10:43.255,0.95267,0.95291,1.88,1.73
2011.07.12 07:10:43.864,0.95267,0.95291,1.88,1.73
2011.07.12 07:10:43.976,0.95267,0.95291,1.88,1.73
2011.07.12 07:10:44.859,0.95267,0.95291,1.88,1.88
2011.07.12 07:10:45.195,0.95267,0.95292,2.85,1.13
2011.07.12 07:10:45.636,0.95268,0.95292,2.10,1.13
2011.07.12 07:10:45.968,0.95273,0.95295,2.10,1.50
2011.07.12 07:10:46.313,0.95275,0.95297,1.73,1.46
2011.07.12 07:10:46.432,0.95278,0.95303,1.50,1.50
2011.07.12 07:10:46.656,0.95278,0.95303,1.50,1.50
2011.07.12 07:10:46.766,0.95278,0.95303,2.10,1.50
2011.07.12 07:10:46.986,0.95276,0.95302,3.23,1.13
2011.07.12 07:10:47.206,0.95276,0.95294,1.88,1.35
2011.07.12 07:10:47.536,0.95267,0.95294,1.36,1.88
2011.07.12 07:10:47.755,0.95266,0.95294,2.48,1.13
2011.07.12 07:10:48.197,0.95266,0.95294,3.23,2.63
2011.07.12 07:10:48.625,0.95266,0.95294,2.48,2.63
2011.07.12 07:10:48.957,0.95266,0.95291,2.85,1.13
2011.07.12 07:10:49.204,0.95267,0.95291,1.73,1.13
2011.07.12 07:10:51.545,0.95268,0.95292,1.13,1.13
2011.07.12 07:10:52.098,0.9527,0.95294,1.13,3.38
2011.07.12 07:10:52.654,0.9527,0.95294,1.13,2.63
2011.07.12 07:10:53.205,0.95269,0.95294,3.01,2.63
2011.07.12 07:10:54.125,0.9527,0.95294,1.51,2.63
2011.07.12 07:10:54.676,0.95273,0.95293,1.35,1.88
2011.07.12 07:10:55.335,0.95273,0.95294,1.13,1.13
2011.07.12 07:10:55.665,0.95277,0.95298,1.88,1.35
2011.07.12 07:10:56.104,0.95277,0.95298,1.88,1.35
2011.07.12 07:10:58.675,0.95273,0.95293,1.13,1.13
2011.07.12 07:10:59.118,0.95275,0.95303,1.36,4.50
2011.07.12 07:10:59.229,0.95279,0.95304,1.88,1.50
2011.07.12 07:10:59.633,0.9528,0.95304,2.48,1.13
2011.07.12 07:10:59.949,0.95289,0.95303,2.10,2.63
2011.07.12 07:11:00.070,0.95289,0.95314,2.10,3.00
2011.07.12 07:11:00.296,0.95287,0.95314,3.23,2.63
2011.07.12 07:11:00.738,0.95289,0.95314,2.48,2.63
2011.07.12 07:11:01.299,0.95289,0.95309,1.36,1.50
2011.07.12 07:11:01.639,0.95285,0.95293,1.88,2.10
2011.07.12 07:11:01.757,0.95278,0.95293,2.25,3.23
2011.07.12 07:11:01.868,0.95278,0.9529,1.50,1.73
2011.07.12 07:11:01.989,0.95273,0.95289,1.88,1.88
2011.07.12 07:11:02.216,0.95268,0.9529,1.99,1.35
2011.07.12 07:11:02.540,0.95268,0.9529,1.99,1.35
2011.07.12 07:11:03.098,0.95267,0.95291,2.37,2.10
2011.07.12 07:11:03.318,0.95267,0.95291,2.37,1.35
2011.07.12 07:11:03.759,0.95271,0.95296,1.62,2.10
2011.07.12 07:11:04.316,0.95277,0.95296,1.88,1.50
2011.07.12 07:11:04.644,0.95272,0.95296,1.10,1.50
2011.07.12 07:11:04.757,0.95271,0.95296,2.00,2.10
2011.07.12 07:11:04.976,0.95271,0.95296,2.00,2.10
2011.07.12 07:11:05.527,0.95273,0.95294,1.10,2.63
2011.07.12 07:11:05.745,0.95274,0.95303,3.35,1.88
2011.07.12 07:11:06.087,0.95277,0.95303,1.88,1.50
2011.07.12 07:11:06.418,0.9528,0.95304,1.36,2.63
2011.07.12 07:11:06.527,0.9528,0.95304,1.36,2.63
2011.07.12 07:11:07.517,0.9528,0.95304,1.36,2.63
2011.07.12 07:11:07.750,0.95278,0.95304,2.63,3.23
2011.07.12 07:11:08.305,0.95279,0.95303,1.51,2.63
2011.07.12 07:11:08.858,0.9528,0.95303,2.85,2.63
2011.07.12 07:11:09.234,0.95283,0.95309,1.50,1.35
2011.07.12 07:11:09.456,0.95283,0.95309,1.51,1.35
2011.07.12 07:11:10.005,0.95286,0.95311,2.48,1.50
2011.07.12 07:11:10.349,0.95286,0.95311,2.48,1.88
2011.07.12 07:11:10.575,0.95286,0.95311,1.88,1.88
2011.07.12 07:11:11.125,0.95287,0.95311,1.88,1.50
2011.07.12 07:11:11.455,0.95287,0.95313,1.88,3.38
2011.07.12 07:11:11.678,0.95292,0.95313,1.88,1.50
2011.07.12 07:11:11.896,0.95292,0.95314,1.88,1.50
2011.07.12 07:11:12.226,0.95293,0.95314,1.88,1.50
2011.07.12 07:11:12.585,0.95297,0.95323,2.10,1.50
2011.07.12 07:11:13.025,0.95298,0.95324,2.48,2.63
2011.07.12 07:11:13.465,0.95299,0.95323,2.48,2.63
2011.07.12 07:11:13.795,0.95298,0.95323,2.48,2.63
2011.07.12 07:11:14.130,0.95299,0.9532,1.50,1.13
2011.07.12 07:11:14.467,0.95295,0.95321,1.35,1.13
2011.07.12 07:11:15.015,0.95295,0.95321,1.36,1.88
2011.07.12 07:11:15.675,0.95296,0.95321,1.88,1.88
2011.07.12 07:11:16.009,0.95296,0.95321,1.88,3.00
2011.07.12 07:11:16.346,0.95296,0.95321,1.88,1.50
2011.07.12 07:11:17.007,0.95293,0.9532,2.10,5.63
2011.07.12 07:11:17.226,0.95294,0.95319,1.50,1.13
2011.07.12 07:11:17.775,0.95292,0.95321,1.73,2.48
2011.07.12 07:11:17.886,0.95294,0.95322,2.25,3.38
2011.07.12 07:11:17.996,0.95294,0.95322,1.88,3.38
2011.07.12 07:11:18.578,0.95299,0.95323,2.10,1.50
2011.07.12 07:11:18.697,0.95299,0.95324,2.10,1.13
2011.07.12 07:11:19.761,0.95303,0.95323,1.50,2.63
2011.07.12 07:11:19.993,0.95296,0.95319,4.36,1.50
2011.07.12 07:11:20.107,0.95296,0.95319,1.36,1.50
2011.07.12 07:11:20.329,0.95299,0.95323,2.48,3.75
2011.07.12 07:11:20.555,0.95298,0.95323,3.61,2.63
2011.07.12 07:11:20.776,0.95298,0.95318,3.01,1.50
2011.07.12 07:11:23.000,0.95297,0.95317,1.88,1.50
2011.07.12 07:11:23.225,0.95297,0.95317,1.88,1.50
2011.07.12 07:11:23.996,0.95291,0.95312,2.25,1.50
2011.07.12 07:11:24.325,0.95291,0.95311,1.88,1.50
2011.07.12 07:11:24.765,0.95292,0.95311,2.25,1.50
2011.07.12 07:11:24.876,0.95294,0.95313,1.88,3.38
2011.07.12 07:11:24.987,0.95294,0.95313,3.38,3.38
2011.07.12 07:11:25.316,0.95296,0.95313,1.88,1.50
2011.07.12 07:11:25.757,0.95296,0.9531,1.88,1.50
2011.07.12 07:11:26.085,0.95296,0.95316,4.73,1.50
2011.07.12 07:11:26.198,0.95303,0.95316,1.73,1.50
2011.07.12 07:11:26.416,0.95297,0.95313,3.00,1.50
2011.07.12 07:11:26.525,0.95296,0.95313,1.88,1.50
2011.07.12 07:11:27.022,0.95297,0.95312,1.88,1.50
2011.07.12 07:11:27.246,0.95297,0.95312,1.88,1.50
2011.07.12 07:11:27.796,0.95296,0.95311,2.48,1.50
2011.07.12 07:11:28.459,0.95296,0.95315,2.48,1.50
2011.07.12 07:11:28.906,0.95296,0.95315,2.86,1.50
2011.07.12 07:11:29.017,0.95299,0.95315,2.10,1.50
2011.07.12 07:11:29.565,0.95299,0.95318,2.86,1.50
2011.07.12 07:11:29.897,0.95304,0.95322,2.25,1.50
2011.07.12 07:11:30.271,0.95299,0.9532,3.38,1.50
2011.07.12 07:11:30.394,0.95296,0.95311,1.88,1.50
2011.07.12 07:11:30.620,0.95291,0.95307,2.25,1.50
2011.07.12 07:11:30.957,0.95289,0.95305,1.88,1.50
2011.07.12 07:11:31.286,0.95286,0.95304,1.88,1.50
2011.07.12 07:11:31.397,0.95287,0.95304,2.10,1.50
2011.07.12 07:11:31.835,0.95289,0.95307,3.23,1.50
2011.07.12 07:11:32.056,0.95291,0.95312,2.85,1.50
2011.07.12 07:11:32.167,0.95296,0.95313,2.48,1.50
2011.07.12 07:11:32.279,0.95298,0.95314,2.85,2.63
2011.07.12 07:11:32.397,0.95298,0.95319,4.35,1.50
2011.07.12 07:11:32.617,0.95299,0.95318,2.48,1.50
2011.07.12 07:11:33.148,0.95298,0.95318,3.61,1.50
2011.07.12 07:11:33.686,0.95298,0.95318,2.85,1.50
2011.07.12 07:11:34.020,0.95306,0.95318,1.13,1.50
2011.07.12 07:11:34.253,0.95306,0.95326,1.88,1.13
2011.07.12 07:11:34.369,0.953,0.95312,1.36,1.50
2011.07.12 07:11:34.488,0.95299,0.95319,2.10,1.50
2011.07.12 07:11:34.596,0.95298,0.95319,3.75,1.50
2011.07.12 07:11:35.036,0.953,0.95318,1.88,1.50
2011.07.12 07:11:35.147,0.953,0.9532,1.88,2.25
2011.07.12 07:11:35.259,0.95298,0.9532,1.88,2.25
2011.07.12 07:11:35.653,0.95291,0.95309,1.88,1.50
2011.07.12 07:11:35.987,0.95288,0.95309,2.85,1.50
2011.07.12 07:11:36.427,0.95287,0.95309,2.86,1.50
2011.07.12 07:11:37.308,0.95286,0.95306,2.48,1.50
2011.07.12 07:11:37.638,0.9529,0.95306,2.10,1.50
2011.07.12 07:11:38.668,0.9529,0.95309,3.98,1.50
2011.07.12 07:11:39.107,0.95288,0.95307,1.36,1.50
2011.07.12 07:11:39.436,0.95288,0.95309,1.36,1.50
2011.07.12 07:11:39.878,0.95287,0.95307,3.23,1.50
2011.07.12 07:11:40.206,0.95286,0.95304,2.86,1.50
2011.07.12 07:11:40.317,0.95286,0.95306,2.86,1.50
2011.07.12 07:11:40.645,0.95287,0.95307,2.48,1.50
2011.07.12 07:11:41.197,0.95289,0.95308,1.35,1.50
2011.07.12 07:11:41.600,0.95286,0.95307,4.73,1.50
2011.07.12 07:11:42.486,0.9529,0.95307,2.86,1.50
2011.07.12 07:11:42.597,0.9529,0.9531,2.86,1.50
2011.07.12 07:11:42.705,0.9529,0.95311,2.86,1.50
2011.07.12 07:11:43.255,0.95296,0.95313,1.50,1.50
2011.07.12 07:11:43.697,0.95296,0.95314,1.50,1.13
2011.07.12 07:11:43.918,0.95295,0.95318,1.13,1.50
2011.07.12 07:11:44.027,0.95295,0.95318,3.38,1.50
2011.07.12 07:11:44.685,0.95297,0.95319,2.63,1.50
2011.07.12 07:11:44.795,0.95297,0.95323,2.63,3.00
2011.07.12 07:11:45.365,0.95296,0.95324,3.38,2.63
2011.07.12 07:11:45.698,0.95298,0.95324,1.88,2.63
2011.07.12 07:11:45.917,0.95298,0.95324,2.63,2.63
2011.07.12 07:11:46.028,0.95301,0.95324,2.48,2.63
2011.07.12 07:11:46.464,0.95304,0.95324,2.10,2.63
2011.07.12 07:11:47.015,0.95299,0.95324,2.86,2.63
2011.07.12 07:11:47.784,0.95299,0.95324,2.11,2.63
2011.07.12 07:11:48.884,0.95299,0.95324,2.11,2.63
2011.07.12 07:11:48.994,0.953,0.95324,1.50,2.63
2011.07.12 07:11:49.104,0.95299,0.95324,2.11,2.63
2011.07.12 07:11:49.950,0.95299,0.95324,2.48,2.63
2011.07.12 07:11:50.289,0.95302,0.95324,2.10,2.63
2011.07.12 07:11:50.406,0.95298,0.95324,1.73,2.63
2011.07.12 07:11:50.517,0.95297,0.95324,2.48,2.63
2011.07.12 07:11:50.850,0.95298,0.95324,2.10,2.63
2011.07.12 07:11:51.188,0.95296,0.95312,1.88,1.50
2011.07.12 07:11:51.846,0.95296,0.9531,1.88,1.50
2011.07.12 07:11:52.396,0.95296,0.95312,1.88,2.25
2011.07.12 07:11:52.971,0.95296,0.95312,1.88,1.50
2011.07.12 07:11:53.093,0.95288,0.95308,4.73,1.50
2011.07.12 07:11:53.210,0.95288,0.95308,2.48,1.50
2011.07.12 07:11:53.765,0.95287,0.95308,1.88,2.25
2011.07.12 07:11:54.316,0.95286,0.95307,1.13,1.50
2011.07.12 07:11:54.648,0.95287,0.95306,2.48,1.50
2011.07.12 07:11:55.196,0.95287,0.95308,2.86,1.50
2011.07.12 07:11:55.829,0.95288,0.95309,1.73,1.50
2011.07.12 07:11:56.386,0.95288,0.9531,2.48,1.50
2011.07.12 07:11:56.606,0.95288,0.9531,2.11,1.50
2011.07.12 07:11:56.940,0.95286,0.95307,1.73,1.50
2011.07.12 07:11:57.281,0.9528,0.95301,1.13,1.50
2011.07.12 07:11:57.400,0.95278,0.95301,1.73,1.50
2011.07.12 07:11:57.518,0.95276,0.95299,2.86,1.50
2011.07.12 07:11:58.203,0.95276,0.95296,2.48,1.50
2011.07.12 07:11:58.538,0.95276,0.95296,1.88,1.50
2011.07.12 07:11:59.086,0.95276,0.95296,2.48,1.50
2011.07.12 07:11:59.634,0.95276,0.95296,3.60,1.50
2011.07.12 07:12:00.188,0.95277,0.95293,1.88,1.13
2011.07.12 07:12:00.517,0.95273,0.9529,1.25,1.50
2011.07.12 07:12:00.934,0.95269,0.95287,2.74,1.50
2011.07.12 07:12:01.536,0.95268,0.95287,2.59,1.50
2011.07.12 07:12:02.196,0.95265,0.95284,1.09,1.88
2011.07.12 07:12:02.526,0.9527,0.95289,1.24,1.50
2011.07.12 07:12:02.638,0.95273,0.9529,5.97,1.50
2011.07.12 07:12:02.966,0.95278,0.95299,4.50,1.50
2011.07.12 07:12:03.077,0.95281,0.953,1.73,1.50
2011.07.12 07:12:03.296,0.95285,0.95303,2.48,2.25
2011.07.12 07:12:03.408,0.95287,0.95305,1.13,1.50
2011.07.12 07:12:03.687,0.95289,0.9531,1.50,1.50
2011.07.12 07:12:03.811,0.95294,0.95309,1.50,1.50
2011.07.12 07:12:04.367,0.95289,0.95309,2.48,1.50
2011.07.12 07:12:04.698,0.95292,0.9531,1.36,1.50
2011.07.12 07:12:05.272,0.95292,0.9531,1.36,1.50
2011.07.12 07:12:05.827,0.95292,0.95312,1.36,2.25
2011.07.12 07:12:05.938,0.95293,0.95313,1.51,3.38
2011.07.12 07:12:06.512,0.95308,0.95324,4.50,1.50
2011.07.12 07:12:06.634,0.95317,0.95333,1.13,3.00
2011.07.12 07:12:06.748,0.95325,0.9534,1.13,3.00
2011.07.12 07:12:06.858,0.95325,0.95343,1.13,1.88
2011.07.12 07:12:07.307,0.95325,0.95344,3.00,1.88
2011.07.12 07:12:08.077,0.95324,0.95344,1.13,3.00
2011.07.12 07:12:08.298,0.9532,0.95342,1.13,3.23
2011.07.12 07:12:08.408,0.95319,0.95336,1.50,2.10
2011.07.12 07:12:08.527,0.95315,0.95336,1.50,3.23
2011.07.12 07:12:08.636,0.95314,0.95333,1.88,1.13
2011.07.12 07:12:09.189,0.95314,0.95334,1.88,1.73
2011.07.12 07:12:09.636,0.95314,0.95334,1.88,3.23
2011.07.12 07:12:10.295,0.95313,0.95334,1.88,2.63
2011.07.12 07:12:11.506,0.95314,0.95335,2.25,1.35
2011.07.12 07:12:11.618,0.95314,0.95338,2.25,2.10
2011.07.12 07:12:11.947,0.95317,0.95339,2.85,1.50
2011.07.12 07:12:12.167,0.95322,0.95345,2.63,1.73
2011.07.12 07:12:12.615,0.95327,0.95347,1.88,1.50
2011.07.12 07:12:12.729,0.95327,0.95353,2.25,3.23
2011.07.12 07:12:13.067,0.95328,0.95353,1.88,3.23
2011.07.12 07:12:13.510,0.95328,0.95351,2.25,1.50
2011.07.12 07:12:13.627,0.95328,0.9535,1.88,1.13
2011.07.12 07:12:13.960,0.95329,0.95345,1.50,2.48
2011.07.12 07:12:14.078,0.95324,0.95345,2.25,2.48
2011.07.12 07:12:14.189,0.95323,0.95342,2.25,2.48
2011.07.12 07:12:14.527,0.95324,0.95342,1.50,2.48
2011.07.12 07:12:14.637,0.95324,0.95342,1.50,2.10
2011.07.12 07:12:14.746,0.95319,0.95342,2.25,2.10
2011.07.12 07:12:14.966,0.95319,0.95342,3.75,2.48
2011.07.12 07:12:15.421,0.95318,0.95342,1.88,1.73
2011.07.12 07:12:15.978,0.95318,0.95341,1.88,1.13
2011.07.12 07:12:16.197,0.95318,0.95339,1.88,1.35
2011.07.12 07:12:16.421,0.95318,0.95343,3.23,1.50
2011.07.12 07:12:16.647,0.95324,0.95343,1.50,1.50
2011.07.12 07:12:17.197,0.95323,0.95344,1.88,1.88
2011.07.12 07:12:17.747,0.95323,0.95344,1.88,2.63
2011.07.12 07:12:18.236,0.95327,0.95344,1.13,1.88
2011.07.12 07:12:18.349,0.95328,0.95351,1.88,1.35
2011.07.12 07:12:18.907,0.95329,0.95351,2.25,3.75
2011.07.12 07:12:19.677,0.95329,0.9535,2.25,1.50
2011.07.12 07:12:20.009,0.95328,0.95348,1.50,5.25
2011.07.12 07:12:20.127,0.95323,0.95341,1.50,1.13
2011.07.12 07:12:20.240,0.95319,0.95338,1.50,1.50
2011.07.12 07:12:20.649,0.95317,0.95338,1.88,3.75
2011.07.12 07:12:20.774,0.95308,0.95334,4.35,1.50
2011.07.12 07:12:21.002,0.95309,0.95332,2.25,3.75
2011.07.12 07:12:21.420,0.95302,0.95315,1.88,3.75
2011.07.12 07:12:21.648,0.95296,0.95319,1.88,1.50
2011.07.12 07:12:21.767,0.95294,0.95319,1.88,1.50
2011.07.12 07:12:22.096,0.95297,0.95321,2.63,1.73
2011.07.12 07:12:22.208,0.95297,0.95321,1.88,1.13
2011.07.12 07:12:22.568,0.95297,0.95321,3.98,1.13
2011.07.12 07:12:22.788,0.95299,0.95323,1.73,1.88
2011.07.12 07:12:23.129,0.95305,0.95323,2.48,1.13
2011.07.12 07:12:23.471,0.95305,0.9532,1.88,1.50
2011.07.12 07:12:23.587,0.95303,0.95327,1.35,2.25
2011.07.12 07:12:23.702,0.95314,0.95327,1.35,2.25
2011.07.12 07:12:24.622,0.95313,0.9533,4.50,3.75
2011.07.12 07:12:24.744,0.95305,0.95329,2.85,3.75
2011.07.12 07:12:24.860,0.95305,0.95332,3.60,5.25
2011.07.12 07:12:25.196,0.95305,0.95327,1.35,1.13
2011.07.12 07:12:25.749,0.95304,0.95323,2.48,1.13
2011.07.12 07:12:25.859,0.95299,0.95322,3.76,1.50
2011.07.12 07:12:25.978,0.95299,0.95322,2.26,1.50
2011.07.12 07:12:26.087,0.95297,0.9532,2.25,1.50
2011.07.12 07:12:26.307,0.95297,0.95318,1.88,1.50
2011.07.12 07:12:26.807,0.95297,0.95314,1.88,1.50
2011.07.12 07:12:26.917,0.95293,0.95313,1.50,2.63
2011.07.12 07:12:27.249,0.95294,0.9531,1.50,1.13
2011.07.12 07:12:27.477,0.95289,0.95309,3.38,1.50
2011.07.12 07:12:27.919,0.95285,0.95307,1.88,1.50
2011.07.12 07:12:28.037,0.95286,0.95312,1.35,1.50
2011.07.12 07:12:28.150,0.95289,0.95313,2.48,3.38
2011.07.12 07:12:28.865,0.95283,0.95309,2.10,1.13
2011.07.12 07:12:28.977,0.95283,0.95309,2.48,1.13
2011.07.12 07:12:29.199,0.95282,0.953,1.88,1.35
2011.07.12 07:12:29.317,0.9528,0.953,1.88,1.88
2011.07.12 07:12:29.649,0.95278,0.95302,3.38,1.50
2011.07.12 07:12:30.208,0.95278,0.95302,5.48,1.50
2011.07.12 07:12:30.428,0.95278,0.95303,2.10,2.63
2011.07.12 07:12:31.130,0.95279,0.95302,1.35,1.50
2011.07.12 07:12:31.254,0.95279,0.95304,1.50,3.38
2011.07.12 07:12:32.026,0.95279,0.95304,3.75,2.63
2011.07.12 07:12:32.576,0.95279,0.95304,3.23,3.00
2011.07.12 07:12:33.223,0.95279,0.95301,1.50,1.88
2011.07.12 07:12:33.344,0.95279,0.95303,1.50,1.50
2011.07.12 07:12:33.898,0.9528,0.95304,1.36,2.63
2011.07.12 07:12:34.009,0.9528,0.95304,2.11,2.63
2011.07.12 07:12:34.238,0.95283,0.95311,1.73,1.50
2011.07.12 07:12:34.578,0.9528,0.95303,1.51,2.63
2011.07.12 07:12:34.907,0.95279,0.95304,3.23,1.13
2011.07.12 07:12:35.711,0.95278,0.95304,2.63,3.23
2011.07.12 07:12:35.940,0.95279,0.95307,2.63,1.73
2011.07.12 07:12:36.060,0.95283,0.95308,1.88,1.50
2011.07.12 07:12:36.289,0.95287,0.9531,2.63,2.25
2011.07.12 07:12:36.408,0.95287,0.9531,1.88,1.88
2011.07.12 07:12:36.955,0.95284,0.9531,1.13,1.88
2011.07.12 07:12:37.724,0.95287,0.9531,1.88,1.88
2011.07.12 07:12:38.285,0.95287,0.95308,1.88,1.13
2011.07.12 07:12:38.403,0.95281,0.95303,3.61,2.63
2011.07.12 07:12:38.518,0.95285,0.95303,1.88,2.63
2011.07.12 07:12:38.846,0.95281,0.95303,2.48,2.63
2011.07.12 07:12:39.178,0.95291,0.95312,1.88,1.50
2011.07.12 07:12:39.399,0.95292,0.95313,1.88,1.35
2011.07.12 07:12:39.518,0.95289,0.95313,1.88,1.35
2011.07.12 07:12:39.626,0.95287,0.95313,1.88,1.35
2011.07.12 07:12:39.847,0.95288,0.95313,1.88,1.35
2011.07.12 07:12:39.957,0.95288,0.95313,1.88,1.35
2011.07.12 07:12:40.290,0.95286,0.95311,4.35,1.50
2011.07.12 07:12:40.881,0.95286,0.95313,6.23,1.35
2011.07.12 07:12:41.002,0.95292,0.95314,1.88,2.63
2011.07.12 07:12:41.115,0.95288,0.95314,3.98,2.63
2011.07.12 07:12:41.228,0.95286,0.95314,2.63,3.23
2011.07.12 07:12:41.447,0.95287,0.95313,2.26,2.63
2011.07.12 07:12:41.775,0.95287,0.95313,1.88,3.75
2011.07.12 07:12:42.108,0.95287,0.95313,1.88,3.75
2011.07.12 07:12:42.216,0.95287,0.95313,1.88,3.75
2011.07.12 07:12:43.095,0.95287,0.95312,1.88,1.35
2011.07.12 07:12:43.680,0.95287,0.95304,1.88,1.13
2011.07.12 07:12:43.901,0.9528,0.95302,3.23,1.50
2011.07.12 07:12:44.019,0.9528,0.95306,1.36,1.13
2011.07.12 07:12:44.139,0.95278,0.95303,2.63,2.63
2011.07.12 07:12:44.368,0.95279,0.95303,1.50,3.38
2011.07.12 07:12:44.917,0.95278,0.95303,2.10,4.13
2011.07.12 07:12:45.248,0.95279,0.95303,1.88,2.63
2011.07.12 07:12:45.366,0.95281,0.95303,1.88,2.63
2011.07.12 07:12:45.476,0.95281,0.95303,2.48,2.63
2011.07.12 07:12:45.588,0.95283,0.95303,1.88,2.63
2011.07.12 07:12:45.918,0.95293,0.9531,1.88,1.50
2011.07.12 07:12:46.036,0.95293,0.95314,1.88,3.38
2011.07.12 07:12:46.149,0.95292,0.95314,1.73,1.88
2011.07.12 07:12:46.377,0.95295,0.95314,1.88,1.88
2011.07.12 07:12:46.743,0.95287,0.95313,4.73,2.63
2011.07.12 07:12:47.296,0.95287,0.95313,1.88,3.60
2011.07.12 07:12:47.517,0.9528,0.95309,5.48,1.35
2011.07.12 07:12:47.737,0.95279,0.95305,1.35,1.13
2011.07.12 07:12:48.396,0.95278,0.95303,1.51,2.63
2011.07.12 07:12:48.615,0.95279,0.95303,1.88,2.63
2011.07.12 07:12:49.058,0.9528,0.95303,2.48,1.13
2011.07.12 07:12:49.396,0.9528,0.95304,4.36,2.63
2011.07.12 07:12:49.946,0.9528,0.95304,4.36,2.63
2011.07.12 07:12:50.165,0.95281,0.95304,1.73,1.13
2011.07.12 07:12:51.045,0.9528,0.95304,2.48,2.63
2011.07.12 07:12:51.486,0.95279,0.95306,1.13,1.35
2011.07.12 07:12:51.925,0.95278,0.95304,2.25,1.50
2011.07.12 07:12:52.037,0.9528,0.95303,1.13,2.63
2011.07.12 07:12:52.146,0.95278,0.95302,1.50,1.50
2011.07.12 07:12:52.257,0.95278,0.95302,2.25,1.50
2011.07.12 07:12:52.806,0.95278,0.95302,1.50,2.25
2011.07.12 07:12:53.393,0.95278,0.95302,1.50,1.50
2011.07.12 07:12:54.635,0.95278,0.95302,1.50,1.50
2011.07.12 07:12:54.746,0.95278,0.95302,1.50,1.50
2011.07.12 07:12:55.405,0.95279,0.95304,1.13,2.63
2011.07.12 07:12:55.519,0.95279,0.95303,1.88,1.13
2011.07.12 07:12:55.967,0.95279,0.95303,4.73,2.63
2011.07.12 07:12:56.296,0.95279,0.95308,2.48,1.35
2011.07.12 07:12:56.837,0.95279,0.95308,3.98,5.48
2011.07.12 07:12:56.946,0.95279,0.95303,1.35,1.13
2011.07.12 07:12:57.495,0.95279,0.95303,2.10,2.63
2011.07.12 07:12:58.781,0.95279,0.95303,1.50,1.50
2011.07.12 07:12:58.899,0.95279,0.95303,1.50,1.50
2011.07.12 07:12:59.339,0.95278,0.95302,1.50,1.50
2011.07.12 07:12:59.713,0.95278,0.95299,1.50,1.50
2011.07.12 07:13:00.485,0.95278,0.953,1.50,1.50
2011.07.12 07:13:01.148,0.95278,0.95301,1.50,2.10
2011.07.12 07:13:01.535,0.95278,0.95301,1.50,2.48
2011.07.12 07:13:02.048,0.95279,0.95297,1.50,1.35
2011.07.12 07:13:02.389,0.95279,0.95293,1.50,1.88
2011.07.12 07:13:02.949,0.95278,0.95298,1.50,1.35
2011.07.12 07:13:03.067,0.95278,0.95298,1.50,1.35
2011.07.12 07:13:03.290,0.95278,0.95299,1.50,1.35
2011.07.12 07:13:03.737,0.95278,0.95296,1.50,1.13
2011.07.12 07:13:03.846,0.95279,0.95299,1.50,1.13
2011.07.12 07:13:04.178,0.95279,0.95296,1.50,1.13
2011.07.12 07:13:04.877,0.95278,0.95293,1.50,1.88
2011.07.12 07:13:05.755,0.95278,0.95293,1.50,1.88
2011.07.12 07:13:06.304,0.95278,0.95293,1.50,1.88
2011.07.12 07:13:06.854,0.95278,0.95293,1.50,1.88
2011.07.12 07:13:07.186,0.95278,0.95292,1.50,1.13
2011.07.12 07:13:08.237,0.9527,0.95293,1.19,2.63
2011.07.12 07:13:08.349,0.95273,0.95293,1.80,1.88
2011.07.12 07:13:08.907,0.95277,0.95294,1.69,1.88
2011.07.12 07:13:09.017,0.95277,0.95302,1.69,1.73
2011.07.12 07:13:09.236,0.9528,0.95303,1.35,2.63
2011.07.12 07:13:09.346,0.95283,0.95304,2.10,2.63
2011.07.12 07:13:09.927,0.95289,0.9531,1.35,1.50
2011.07.12 07:13:10.042,0.9529,0.95313,1.50,2.63
2011.07.12 07:13:10.376,0.95289,0.95314,2.10,3.38
2011.07.12 07:13:10.598,0.95286,0.95309,2.63,1.50
2011.07.12 07:13:10.941,0.95286,0.95308,1.13,1.46
2011.07.12 07:13:11.059,0.95286,0.95311,3.23,1.13
2011.07.12 07:13:11.616,0.95289,0.95313,1.35,2.63
2011.07.12 07:13:13.435,0.95287,0.95313,2.48,2.63
2011.07.12 07:13:13.879,0.95287,0.9531,2.48,1.50
2011.07.12 07:13:13.996,0.95287,0.9531,1.88,1.50
2011.07.12 07:13:14.326,0.95286,0.9531,1.73,1.50
2011.07.12 07:13:15.110,0.95286,0.95311,2.48,1.50
2011.07.12 07:13:15.228,0.95287,0.95311,1.35,1.50
2011.07.12 07:13:15.670,0.95288,0.95312,2.48,1.50
2011.07.12 07:13:15.899,0.95288,0.95313,1.88,3.38
2011.07.12 07:13:16.017,0.95291,0.95313,1.88,3.38
2011.07.12 07:13:16.347,0.95287,0.95309,1.88,1.73
2011.07.12 07:13:16.786,0.95287,0.95306,1.88,1.88
2011.07.12 07:13:17.115,0.95287,0.95306,1.88,1.50
2011.07.12 07:13:17.562,0.95287,0.95308,1.88,1.13
2011.07.12 07:13:18.117,0.95287,0.95308,1.88,1.13
2011.07.12 07:13:18.227,0.95281,0.95308,2.10,1.13
2011.07.12 07:13:18.338,0.95281,0.95308,1.35,1.13
2011.07.12 07:13:18.448,0.95281,0.95309,3.23,1.50
2011.07.12 07:13:18.558,0.95281,0.9531,3.23,2.48
2011.07.12 07:13:18.778,0.95286,0.95309,1.88,1.35
2011.07.12 07:13:18.996,0.95286,0.95309,1.88,2.10
2011.07.12 07:13:19.439,0.95286,0.95309,1.88,1.35
2011.07.12 07:13:20.007,0.95283,0.95304,3.98,1.13
2011.07.12 07:13:20.228,0.95283,0.95304,2.11,2.63
2011.07.12 07:13:20.445,0.95283,0.95304,1.36,2.63
2011.07.12 07:13:21.105,0.95283,0.95304,1.36,2.63
2011.07.12 07:13:21.657,0.95282,0.95304,2.86,2.63
2011.07.12 07:13:21.986,0.95282,0.95304,2.11,2.63
2011.07.12 07:13:22.204,0.95282,0.95308,2.10,1.88
2011.07.12 07:13:22.428,0.95278,0.95304,4.17,2.63
2011.07.12 07:13:22.806,0.95284,0.95308,1.88,4.50
2011.07.12 07:13:22.916,0.95284,0.95308,2.63,1.50
2011.07.12 07:13:23.026,0.95282,0.95307,1.35,1.50
2011.07.12 07:13:23.354,0.95282,0.95303,1.35,1.50
2011.07.12 07:13:23.575,0.95279,0.95303,3.38,3.75
2011.07.12 07:13:23.687,0.95277,0.95303,3.42,3.75
2011.07.12 07:13:24.236,0.95277,0.95298,2.82,1.50
2011.07.12 07:13:25.253,0.95274,0.9529,1.05,1.50
2011.07.12 07:13:25.587,0.95266,0.95291,1.99,1.50
2011.07.12 07:13:25.809,0.95264,0.9529,1.71,3.75
2011.07.12 07:13:26.037,0.95263,0.9529,1.25,1.35
2011.07.12 07:13:26.586,0.95267,0.95292,1.99,2.10
2011.07.12 07:13:26.806,0.95267,0.95292,1.99,1.35
2011.07.12 07:13:27.760,0.9527,0.95294,1.99,2.10
2011.07.12 07:13:28.209,0.95266,0.95293,2.37,1.50
2011.07.12 07:13:28.658,0.95266,0.95293,3.12,1.50
2011.07.12 07:13:29.205,0.95268,0.95294,1.47,5.63
2011.07.12 07:13:29.755,0.95268,0.95293,1.47,1.50
2011.07.12 07:13:29.869,0.95267,0.95293,1.62,1.50
2011.07.12 07:13:30.246,0.95266,0.9529,2.74,1.50
2011.07.12 07:13:30.365,0.95254,0.9528,3.35,1.73
2011.07.12 07:13:30.919,0.9526,0.95282,2.48,2.25
2011.07.12 07:13:31.039,0.95262,0.95282,1.13,2.25
2011.07.12 07:13:31.267,0.95263,0.95282,2.48,2.25
2011.07.12 07:13:31.488,0.95263,0.95284,2.48,2.63
2011.07.12 07:13:31.927,0.95264,0.95283,2.85,2.63
2011.07.12 07:13:32.927,0.95264,0.95283,1.35,1.88
2011.07.12 07:13:33.476,0.95263,0.95283,1.35,2.63
2011.07.12 07:13:33.586,0.95264,0.95283,1.35,2.63
2011.07.12 07:13:33.806,0.95264,0.95286,2.10,2.96
2011.07.12 07:13:34.466,0.9527,0.95284,4.35,2.63
2011.07.12 07:13:34.685,0.95276,0.95292,2.10,1.13
2011.07.12 07:13:34.906,0.95274,0.95294,2.48,1.13
2011.07.12 07:13:35.309,0.95274,0.95293,2.48,2.63
2011.07.12 07:13:35.650,0.95284,0.95311,4.36,2.25
2011.07.12 07:13:35.766,0.95284,0.95313,4.36,2.63
2011.07.12 07:13:37.198,0.95285,0.95313,3.23,2.63
2011.07.12 07:13:38.202,0.95285,0.95311,2.48,2.63
2011.07.12 07:13:38.539,0.95282,0.95303,3.61,2.63
2011.07.12 07:13:39.098,0.95278,0.95303,5.25,3.00
2011.07.12 07:13:39.320,0.95276,0.95301,1.88,1.13
2011.07.12 07:13:39.654,0.95276,0.95301,1.88,1.13
2011.07.12 07:13:40.095,0.95276,0.95301,1.88,1.88
2011.07.12 07:13:40.646,0.95277,0.95297,1.88,1.50
2011.07.12 07:13:41.001,0.95269,0.95293,1.50,1.35
2011.07.12 07:13:41.457,0.95267,0.95292,1.88,1.13
2011.07.12 07:13:41.571,0.95266,0.9529,1.88,1.73
2011.07.12 07:13:41.906,0.95261,0.95284,2.48,2.63
2011.07.12 07:13:42.018,0.95261,0.95284,2.48,2.63
2011.07.12 07:13:42.346,0.95263,0.95284,2.86,2.63
2011.07.12 07:13:42.566,0.95261,0.95284,1.51,2.63
2011.07.12 07:13:43.117,0.95262,0.95284,1.13,2.63
2011.07.12 07:13:43.567,0.95264,0.95284,1.36,2.63
2011.07.12 07:13:43.677,0.95262,0.95284,2.11,2.63
2011.07.12 07:13:44.007,0.95264,0.95284,2.48,2.63
2011.07.12 07:13:44.446,0.95267,0.95291,1.35,2.25
2011.07.12 07:13:44.666,0.95266,0.95291,5.10,1.50
2011.07.12 07:13:44.997,0.95266,0.95291,1.13,1.50
2011.07.12 07:13:45.215,0.95266,0.95291,2.63,1.50
2011.07.12 07:13:45.719,0.95266,0.95291,2.63,1.50
2011.07.12 07:13:46.498,0.95266,0.95291,1.88,2.10
2011.07.12 07:13:48.704,0.9526,0.95284,1.73,1.88
2011.07.12 07:13:49.038,0.95257,0.95281,2.25,1.50
2011.07.12 07:13:49.587,0.95257,0.95277,2.25,1.50
2011.07.12 07:13:50.136,0.95257,0.95276,2.25,1.50
2011.07.12 07:13:51.093,0.95255,0.95273,1.41,1.88
2011.07.12 07:13:51.427,0.95255,0.95277,1.04,2.25
2011.07.12 07:13:51.539,0.95252,0.95276,1.88,3.00
2011.07.12 07:13:51.659,0.95254,0.95277,1.80,3.60
2011.07.12 07:13:51.887,0.95254,0.95278,3.52,1.13
2011.07.12 07:13:52.327,0.95262,0.95284,1.04,2.63
2011.07.12 07:13:52.658,0.95256,0.95281,4.04,1.35
2011.07.12 07:13:53.098,0.95253,0.95277,3.10,1.73
2011.07.12 07:13:53.704,0.95253,0.95276,2.35,2.63
2011.07.12 07:13:53.818,0.95256,0.95277,2.07,3.38
2011.07.12 07:13:54.149,0.95257,0.95282,2.67,2.25
2011.07.12 07:13:54.267,0.95258,0.95282,2.29,1.50
2011.07.12 07:13:54.815,0.95259,0.95281,1.32,2.25
2011.07.12 07:13:55.368,0.95258,0.95281,1.17,2.25
2011.07.12 07:13:55.916,0.95257,0.95281,1.32,1.35
2011.07.12 07:13:56.721,0.95259,0.95281,1.69,1.50
2011.07.12 07:13:56.842,0.95256,0.95272,1.51,4.50
2011.07.12 07:13:57.070,0.95239,0.95257,2.25,1.35
2011.07.12 07:13:57.191,0.95229,0.95255,2.25,1.35
2011.07.12 07:13:57.309,0.95228,0.95253,1.50,1.50
2011.07.12 07:13:57.867,0.95229,0.95253,1.50,1.13
2011.07.12 07:13:57.980,0.95231,0.95254,3.00,2.63
2011.07.12 07:13:58.319,0.95236,0.95251,1.88,1.35
2011.07.12 07:13:59.271,0.95236,0.95261,1.88,2.25
2011.07.12 07:13:59.607,0.95236,0.95263,1.51,3.23
2011.07.12 07:13:59.938,0.95221,0.95242,3.38,1.50
2011.07.12 07:14:00.047,0.95221,0.95239,3.00,1.35
2011.07.12 07:14:00.156,0.95209,0.95238,3.61,1.50
2011.07.12 07:14:00.597,0.95211,0.95239,1.88,1.35
2011.07.12 07:14:00.928,0.95213,0.95233,2.48,2.63
2011.07.12 07:14:02.508,0.95216,0.95237,1.88,1.50
2011.07.12 07:14:02.620,0.95211,0.95234,1.73,1.13
2011.07.12 07:14:03.068,0.95208,0.9523,2.10,1.13
2011.07.12 07:14:03.399,0.95188,0.95215,2.48,4.35
2011.07.12 07:14:03.520,0.95188,0.95212,1.50,1.35
2011.07.12 07:14:04.098,0.95184,0.95211,1.35,1.50
2011.07.12 07:14:04.207,0.95183,0.95211,3.23,1.50
2011.07.12 07:14:04.426,0.95184,0.95211,2.85,3.00
2011.07.12 07:14:04.977,0.95187,0.95211,1.13,1.50
2011.07.12 07:14:05.417,0.95187,0.95212,2.85,1.50
2011.07.12 07:14:05.528,0.95188,0.95214,1.13,1.88
2011.07.12 07:14:05.749,0.95188,0.95214,1.13,1.73
2011.07.12 07:14:06.103,0.9519,0.95216,1.13,2.48
2011.07.12 07:14:06.439,0.95197,0.95216,1.88,1.50
2011.07.12 07:14:06.997,0.95197,0.95217,1.88,2.25
2011.07.12 07:14:07.435,0.95197,0.95217,1.88,2.25
2011.07.12 07:14:07.550,0.9519,0.95216,1.88,1.50
2011.07.12 07:14:07.885,0.9519,0.95216,2.48,1.13
2011.07.12 07:14:08.216,0.95192,0.95214,1.50,1.88
2011.07.12 07:14:08.658,0.9519,0.95214,1.13,2.48
2011.07.12 07:14:08.988,0.95188,0.95214,1.88,2.48
2011.07.12 07:14:09.490,0.95187,0.95211,1.50,1.50
2011.07.12 07:14:09.715,0.9519,0.95211,1.50,1.50
2011.07.12 07:14:10.155,0.95187,0.95211,1.13,1.50
2011.07.12 07:14:10.706,0.9519,0.95211,3.01,1.50
2011.07.12 07:14:11.255,0.9519,0.95212,3.61,1.50
2011.07.12 07:14:11.605,0.9519,0.95212,4.36,1.50
2011.07.12 07:14:11.828,0.95186,0.95212,4.88,1.88
2011.07.12 07:14:12.047,0.95187,0.95212,1.13,1.50
2011.07.12 07:14:12.600,0.95187,0.95215,6.00,1.73
2011.07.12 07:14:12.717,0.95188,0.95215,1.13,1.73
2011.07.12 07:14:13.157,0.95187,0.95215,5.11,1.50
2011.07.12 07:14:13.271,0.95195,0.95216,6.38,1.35
2011.07.12 07:14:13.496,0.9519,0.95219,3.75,2.48
2011.07.12 07:14:13.722,0.9519,0.95213,4.13,1.50
2011.07.12 07:14:14.104,0.95187,0.95213,1.88,2.85
2011.07.12 07:14:14.326,0.95187,0.95213,3.23,2.25
2011.07.12 07:14:14.658,0.95192,0.95213,3.98,1.88
2011.07.12 07:14:15.207,0.95193,0.95214,1.73,1.88
2011.07.12 07:14:15.831,0.95195,0.95213,1.88,1.88
2011.07.12 07:14:16.388,0.95195,0.95214,1.51,1.50
2011.07.12 07:14:16.715,0.952,0.95214,2.10,1.50
2011.07.12 07:14:16.832,0.95201,0.95224,3.61,1.88
2011.07.12 07:14:16.949,0.95209,0.95229,1.88,1.35
2011.07.12 07:14:17.072,0.95208,0.95232,1.13,1.88
2011.07.12 07:14:17.299,0.95208,0.95234,1.13,3.23
2011.07.12 07:14:17.420,0.95212,0.95234,1.13,2.48
2011.07.12 07:14:17.536,0.95212,0.95234,1.13,1.88
2011.07.12 07:14:17.866,0.95209,0.95237,1.73,2.48
2011.07.12 07:14:18.786,0.95208,0.95234,1.73,1.88
2011.07.12 07:14:19.336,0.95208,0.95234,2.48,1.88
2011.07.12 07:14:19.857,0.9521,0.95234,1.73,1.88
2011.07.12 07:14:20.297,0.95212,0.95234,1.13,1.88
2011.07.12 07:14:20.845,0.95212,0.95234,1.88,1.88
2011.07.12 07:14:21.175,0.95213,0.95234,1.35,1.88
2011.07.12 07:14:21.616,0.9521,0.95235,3.60,1.88
2011.07.12 07:14:21.727,0.95209,0.95233,2.25,1.88
2011.07.12 07:14:22.214,0.95213,0.95234,1.73,1.88
2011.07.12 07:14:22.765,0.95213,0.95234,1.73,1.88
2011.07.12 07:14:23.426,0.95215,0.95234,1.13,1.88
2011.07.12 07:14:24.867,0.95214,0.95234,1.13,1.88
2011.07.12 07:14:25.089,0.95212,0.95234,1.50,1.88
2011.07.12 07:14:25.544,0.9521,0.95234,1.35,1.88
2011.07.12 07:14:26.098,0.95209,0.95233,2.63,2.48
2011.07.12 07:14:26.765,0.95209,0.95237,2.63,2.10
2011.07.12 07:14:26.878,0.95209,0.95237,4.13,2.10
2011.07.12 07:14:27.316,0.95211,0.95237,1.13,1.35
2011.07.12 07:14:27.428,0.95213,0.95237,1.13,1.35
2011.07.12 07:14:28.210,0.95211,0.95237,1.13,1.35
2011.07.12 07:14:28.440,0.95208,0.95231,1.88,2.10
2011.07.12 07:14:28.667,0.95205,0.95229,1.50,2.10
2011.07.12 07:14:29.105,0.95204,0.95223,1.50,1.88
2011.07.12 07:14:29.875,0.95203,0.95223,3.00,1.88
2011.07.12 07:14:30.549,0.95203,0.95223,3.00,1.88
2011.07.12 07:14:30.886,0.95205,0.95229,1.13,1.35
2011.07.12 07:14:31.326,0.95203,0.95225,6.00,1.13
2011.07.12 07:14:31.876,0.95204,0.95223,1.50,1.88
2011.07.12 07:14:32.928,0.95203,0.95228,1.13,1.50
2011.07.12 07:14:33.035,0.95204,0.95228,1.13,1.50
2011.07.12 07:14:33.364,0.95206,0.95228,1.88,1.50
2011.07.12 07:14:33.805,0.95206,0.95228,1.88,1.50
2011.07.12 07:14:34.025,0.95206,0.95227,1.88,1.35
2011.07.12 07:14:34.357,0.95197,0.95222,1.88,1.35
2011.07.12 07:14:34.688,0.95193,0.95218,1.35,1.50
2011.07.12 07:14:34.796,0.95191,0.95215,1.35,1.13
2011.07.12 07:14:35.348,0.95193,0.95213,2.48,1.88
2011.07.12 07:14:35.895,0.95197,0.95213,1.35,1.88
2011.07.12 07:14:36.228,0.95189,0.95215,1.51,1.88
2011.07.12 07:14:36.666,0.95191,0.95214,2.85,1.88
2011.07.12 07:14:38.028,0.95194,0.95214,1.36,1.88
2011.07.12 07:14:38.358,0.95198,0.9522,2.10,1.13
2011.07.12 07:14:38.918,0.95198,0.95222,1.35,2.25
2011.07.12 07:14:39.576,0.95197,0.95221,2.85,2.25
2011.07.12 07:14:39.795,0.95197,0.95222,2.85,3.38
2011.07.12 07:14:39.905,0.95197,0.95214,2.85,1.88
2011.07.12 07:14:40.457,0.95196,0.95214,1.35,1.88
2011.07.12 07:14:41.017,0.95198,0.9522,1.35,1.13
2011.07.12 07:14:41.125,0.95198,0.95221,1.35,2.25
2011.07.12 07:14:41.787,0.952,0.95222,2.10,2.25
2011.07.12 07:14:41.900,0.952,0.95222,3.23,1.50
2011.07.12 07:14:42.455,0.95203,0.95223,1.35,1.88
2011.07.12 07:14:43.062,0.95202,0.95223,1.35,1.88
2011.07.12 07:14:43.977,0.95198,0.95223,3.61,2.63
2011.07.12 07:14:44.530,0.95198,0.95223,1.73,2.63
2011.07.12 07:14:45.087,0.95196,0.95223,2.10,3.00
2011.07.12 07:14:45.196,0.95194,0.95221,3.23,1.35
2011.07.12 07:14:45.869,0.95196,0.95221,2.48,2.25
2011.07.12 07:14:46.428,0.95196,0.95221,2.48,2.25
2011.07.12 07:14:47.089,0.95202,0.95222,2.48,5.25
2011.07.12 07:14:47.208,0.95205,0.95222,1.35,2.25
2011.07.12 07:14:47.317,0.95205,0.95222,1.35,1.50
2011.07.12 07:14:47.757,0.95205,0.95225,2.48,1.13
2011.07.12 07:14:48.472,0.95204,0.95224,3.98,1.88
2011.07.12 07:14:48.587,0.95203,0.95226,1.51,2.25
2011.07.12 07:14:48.709,0.952,0.95226,1.88,2.25
2011.07.12 07:14:48.829,0.95199,0.95226,1.73,2.25
2011.07.12 07:14:49.055,0.95199,0.95224,2.48,1.13
2011.07.12 07:14:49.829,0.95199,0.95224,3.23,2.63
2011.07.12 07:14:50.280,0.95197,0.95221,2.25,1.35
2011.07.12 07:14:50.401,0.95194,0.9522,2.63,1.13
2011.07.12 07:14:50.996,0.95197,0.9522,1.88,1.50
2011.07.12 07:14:51.107,0.95197,0.9522,2.25,1.50
2011.07.12 07:14:51.436,0.95198,0.95221,1.13,1.50
2011.07.12 07:14:51.877,0.95205,0.95223,2.48,1.88
2011.07.12 07:14:52.098,0.95211,0.95229,1.50,2.25
2011.07.12 07:14:52.329,0.9521,0.95233,1.36,1.88
2011.07.12 07:14:52.886,0.9521,0.95233,1.35,2.63
2011.07.12 07:14:53.789,0.95208,0.95232,1.73,1.50
2011.07.12 07:14:53.904,0.95207,0.95232,2.10,1.50
2011.07.12 07:14:54.019,0.95206,0.95231,1.88,1.35
2011.07.12 07:14:54.468,0.95203,0.95228,1.50,1.13
2011.07.12 07:14:54.580,0.95201,0.95223,1.50,1.50
2011.07.12 07:14:54.700,0.95196,0.95222,1.88,3.75
2011.07.12 07:14:55.041,0.95196,0.95222,2.85,3.75
2011.07.12 07:14:55.157,0.95196,0.95223,1.88,1.50
2011.07.12 07:14:55.269,0.95196,0.95223,1.88,1.13
2011.07.12 07:14:56.060,0.95197,0.95223,1.88,3.00
2011.07.12 07:14:56.274,0.95197,0.95223,2.63,3.00
2011.07.12 07:14:56.496,0.95199,0.95223,3.00,2.63
2011.07.12 07:14:56.826,0.95206,0.95232,2.11,1.50
2011.07.12 07:14:57.155,0.95207,0.95234,1.36,2.63
2011.07.12 07:14:57.265,0.95207,0.95234,1.36,2.63
2011.07.12 07:14:58.258,0.95211,0.95234,1.13,1.13
2011.07.12 07:14:58.369,0.95213,0.95234,1.50,1.50
2011.07.12 07:14:58.487,0.9521,0.95234,1.36,1.50
2011.07.12 07:14:58.831,0.95208,0.95234,1.36,2.63
2011.07.12 07:14:59.170,0.95217,0.95236,2.48,1.46
2011.07.12 07:14:59.622,0.95217,0.95243,3.98,2.63
2011.07.12 07:14:59.741,0.95216,0.95243,1.36,2.63
2011.07.12 07:14:59.966,0.95213,0.95235,2.48,1.13
2011.07.12 07:15:00.407,0.95211,0.95233,2.48,1.13
2011.07.12 07:15:01.052,0.9521,0.95234,2.86,2.63
2011.07.12 07:15:01.480,0.9521,0.95234,1.88,2.63
2011.07.12 07:15:01.597,0.95208,0.95234,4.36,2.63
2011.07.12 07:15:02.149,0.95207,0.95233,1.73,2.63
2011.07.12 07:15:02.266,0.95207,0.95233,2.48,2.63
2011.07.12 07:15:02.707,0.9521,0.95234,2.10,2.63
2011.07.12 07:15:03.039,0.95217,0.95236,1.13,1.50
2011.07.12 07:15:03.429,0.95224,0.95248,1.50,1.88
2011.07.12 07:15:03.549,0.95223,0.95251,2.48,2.63
2011.07.12 07:15:03.891,0.95223,0.95244,1.36,1.88
2011.07.12 07:15:04.338,0.9522,0.95244,1.13,2.63
2011.07.12 07:15:04.778,0.95216,0.95242,2.63,1.35
2011.07.12 07:15:05.012,0.95213,0.95237,1.35,1.13
2011.07.12 07:15:05.280,0.95211,0.95237,2.10,1.13
2011.07.12 07:15:05.404,0.95215,0.95241,1.13,1.35
2011.07.12 07:15:05.741,0.95217,0.95242,1.50,4.50
2011.07.12 07:15:06.077,0.95218,0.95242,1.35,1.50
2011.07.12 07:15:06.297,0.95216,0.95241,1.13,1.50
2011.07.12 07:15:06.846,0.95217,0.95241,1.50,1.50
2011.07.12 07:15:07.287,0.95217,0.95241,3.00,1.50
2011.07.12 07:15:08.089,0.95217,0.95241,1.88,1.50
2011.07.12 07:15:08.210,0.95214,0.95241,2.11,1.50
2011.07.12 07:15:08.329,0.95214,0.95242,3.23,1.13
2011.07.12 07:15:08.665,0.95216,0.95244,1.13,3.60
2011.07.12 07:15:08.996,0.95216,0.95234,1.13,1.50
2011.07.12 07:15:09.440,0.95218,0.95243,1.36,2.63
2011.07.12 07:15:09.967,0.95217,0.95244,1.51,3.60
2011.07.12 07:15:10.521,0.95218,0.95243,1.51,2.63
2011.07.12 07:15:10.857,0.9522,0.95243,1.88,1.88
2011.07.12 07:15:11.079,0.95222,0.95244,1.73,1.88
2011.07.12 07:15:11.636,0.95224,0.95248,1.73,1.13
2011.07.12 07:15:11.746,0.95227,0.95252,1.88,1.35
2011.07.12 07:15:12.076,0.95227,0.95252,1.88,1.35
2011.07.12 07:15:12.299,0.95228,0.95253,1.73,2.63
2011.07.12 07:15:12.781,0.9523,0.95254,1.13,2.63
2011.07.12 07:15:13.338,0.9523,0.95253,4.13,1.88
2011.07.12 07:15:13.448,0.95232,0.95253,1.51,1.88
2011.07.12 07:15:13.996,0.95232,0.95254,1.51,2.63
2011.07.12 07:15:14.549,0.95232,0.95254,1.50,2.63
2011.07.12 07:15:15.710,0.95231,0.95254,1.51,2.63
2011.07.12 07:15:16.076,0.95231,0.95258,2.26,1.35
2011.07.12 07:15:16.299,0.95239,0.95258,1.88,1.35
2011.07.12 07:15:16.418,0.95231,0.95258,4.51,1.35
2011.07.12 07:15:16.638,0.95236,0.95258,1.88,1.35
2011.07.12 07:15:18.061,0.95236,0.95259,1.88,1.88
2011.07.12 07:15:18.838,0.95236,0.95257,1.88,1.88
2011.07.12 07:15:19.059,0.95229,0.95253,1.35,1.13
2011.07.12 07:15:19.288,0.95232,0.95254,3.60,1.13
2011.07.12 07:15:19.730,0.95235,0.9526,1.13,1.35
2011.07.12 07:15:19.848,0.95233,0.95255,1.88,1.35
2011.07.12 07:15:20.357,0.9523,0.95258,1.35,1.50
2011.07.12 07:15:20.685,0.95229,0.95258,3.98,1.50
2011.07.12 07:15:20.908,0.9523,0.95254,1.36,1.13
2011.07.12 07:15:21.237,0.95231,0.95258,1.35,1.50
2011.07.12 07:15:21.566,0.95231,0.9526,1.35,1.35
2011.07.12 07:15:22.117,0.95228,0.95252,1.51,1.35
2011.07.12 07:15:22.919,0.95226,0.95252,1.88,1.35
2011.07.12 07:15:23.476,0.95226,0.95252,1.88,1.35
2011.07.12 07:15:23.808,0.95226,0.95252,1.88,1.35
2011.07.12 07:15:24.028,0.95226,0.95252,2.63,1.35
2011.07.12 07:15:24.575,0.95226,0.95252,1.88,1.35
2011.07.12 07:15:25.455,0.95226,0.95252,2.63,1.35
2011.07.12 07:15:25.792,0.95232,0.95259,1.13,2.10
2011.07.12 07:15:26.348,0.95237,0.95259,1.88,1.35
2011.07.12 07:15:26.568,0.95238,0.95262,1.13,1.50
2011.07.12 07:15:26.897,0.95239,0.95263,1.13,2.63
2011.07.12 07:15:27.118,0.95239,0.95264,1.13,3.38
2011.07.12 07:15:27.339,0.95236,0.95261,3.00,1.35
2011.07.12 07:15:27.776,0.95236,0.95261,3.00,1.35
2011.07.12 07:15:28.335,0.95236,0.95261,1.13,1.35
2011.07.12 07:15:28.887,0.95237,0.95261,1.88,1.73
2011.07.12 07:15:29.106,0.95237,0.95259,1.88,1.88
2011.07.12 07:15:29.656,0.95233,0.95255,1.13,1.50
2011.07.12 07:15:29.768,0.95228,0.95253,1.73,1.88
2011.07.12 07:15:30.320,0.95229,0.95254,1.88,1.88
2011.07.12 07:15:30.940,0.95234,0.95254,2.10,1.88
2011.07.12 07:15:31.168,0.95237,0.95262,1.35,1.50
2011.07.12 07:15:31.501,0.95239,0.95263,3.76,1.35
2011.07.12 07:15:31.732,0.95249,0.95269,1.88,2.63
2011.07.12 07:15:31.850,0.9525,0.95272,1.88,1.88
2011.07.12 07:15:31.968,0.95251,0.95272,3.75,1.88
2011.07.12 07:15:32.077,0.9525,0.95272,3.75,1.88
2011.07.12 07:15:32.188,0.95254,0.95271,1.88,1.50
2011.07.12 07:15:32.409,0.95254,0.95273,1.88,1.50
2011.07.12 07:15:32.640,0.9525,0.95274,1.13,3.38
2011.07.12 07:15:32.758,0.9525,0.95274,1.50,2.63
2011.07.12 07:15:33.172,0.95246,0.95274,5.11,3.00
2011.07.12 07:15:33.510,0.95248,0.9527,2.63,2.48
2011.07.12 07:15:33.631,0.95246,0.95273,3.75,1.73
2011.07.12 07:15:33.751,0.95246,0.9527,3.00,1.13
2011.07.12 07:15:33.869,0.95243,0.95262,3.38,1.50
2011.07.12 07:15:34.244,0.95245,0.95273,6.61,2.63
2011.07.12 07:15:34.361,0.95247,0.95273,2.85,3.00
2011.07.12 07:15:34.483,0.95247,0.95271,1.13,1.73
2011.07.12 07:15:34.821,0.95246,0.95271,1.13,1.35
2011.07.12 07:15:35.273,0.9525,0.95273,2.10,2.63
2011.07.12 07:15:35.394,0.9525,0.95273,2.86,1.88
2011.07.12 07:15:35.620,0.95251,0.9528,1.73,2.10
2011.07.12 07:15:35.849,0.95251,0.95273,2.48,2.63
2011.07.12 07:15:36.628,0.95251,0.95273,1.88,2.63
2011.07.12 07:15:37.067,0.95249,0.95273,3.38,2.63
2011.07.12 07:15:37.179,0.95249,0.95273,2.63,2.63
2011.07.12 07:15:37.741,0.95249,0.95273,1.13,2.63
2011.07.12 07:15:38.408,0.95249,0.95273,1.13,2.63
2011.07.12 07:15:38.957,0.95247,0.95273,6.23,2.63
2011.07.12 07:15:39.399,0.95247,0.9527,3.76,1.35
2011.07.12 07:15:39.519,0.95247,0.9527,1.88,1.35
2011.07.12 07:15:39.860,0.9525,0.95269,2.10,1.50
2011.07.12 07:15:40.342,0.9525,0.95273,2.10,2.63
2011.07.12 07:15:40.459,0.95247,0.95273,2.85,2.63
2011.07.12 07:15:40.570,0.95247,0.95268,2.48,1.13
2011.07.12 07:15:40.690,0.95243,0.9527,1.13,1.35
2011.07.12 07:15:40.809,0.95239,0.95269,7.35,1.50
2011.07.12 07:15:41.370,0.95239,0.95264,2.48,1.13
2011.07.12 07:15:41.487,0.95237,0.95263,2.25,2.63
2011.07.12 07:15:41.597,0.95237,0.95263,2.25,2.63
2011.07.12 07:15:42.037,0.95237,0.95263,5.10,2.63
2011.07.12 07:15:42.366,0.9524,0.95263,2.48,2.63
2011.07.12 07:15:43.000,0.95238,0.95263,2.48,2.63
2011.07.12 07:15:43.446,0.95238,0.95265,2.48,1.50
2011.07.12 07:15:43.887,0.95237,0.95258,1.88,1.50
2011.07.12 07:15:44.105,0.95237,0.95258,1.88,1.50
2011.07.12 07:15:45.078,0.95236,0.95256,2.10,1.50
2011.07.12 07:15:45.312,0.95241,0.95263,2.48,1.50
2011.07.12 07:15:45.431,0.95241,0.95264,2.48,3.00
2011.07.12 07:15:45.771,0.95236,0.95258,1.88,1.50
2011.07.12 07:15:45.890,0.95236,0.95258,1.88,1.50
2011.07.12 07:15:46.119,0.95228,0.95251,1.51,1.35
2011.07.12 07:15:46.239,0.95224,0.95242,2.63,1.50
2011.07.12 07:15:46.358,0.95218,0.95242,5.11,1.50
2011.07.12 07:15:46.479,0.95218,0.95236,2.25,2.10
2011.07.12 07:15:46.698,0.95211,0.95232,1.88,2.10
2011.07.12 07:15:46.919,0.95211,0.95231,1.88,1.50
2011.07.12 07:15:47.434,0.95214,0.9524,2.10,1.50
2011.07.12 07:15:47.770,0.95218,0.95235,1.35,2.25
2011.07.12 07:15:48.107,0.9522,0.95239,2.48,1.88
2011.07.12 07:15:48.217,0.95226,0.95239,1.35,1.88
2011.07.12 07:15:48.437,0.95229,0.95245,2.48,1.88
2011.07.12 07:15:48.546,0.95231,0.95245,2.48,1.88
2011.07.12 07:15:48.657,0.95228,0.95246,3.23,1.88
2011.07.12 07:15:48.765,0.95228,0.95252,3.23,2.63
2011.07.12 07:15:49.316,0.95228,0.95253,2.10,2.63
2011.07.12 07:15:50.020,0.95228,0.95253,2.85,2.63
2011.07.12 07:15:50.247,0.95225,0.95251,2.10,1.50
2011.07.12 07:15:50.470,0.95223,0.95249,2.11,1.50
2011.07.12 07:15:50.589,0.95222,0.95244,2.11,1.88
2011.07.12 07:15:50.818,0.95224,0.95244,2.10,2.63
2011.07.12 07:15:51.036,0.95224,0.9525,2.10,1.50
2011.07.12 07:15:51.148,0.95227,0.9525,1.35,1.50
2011.07.12 07:15:51.479,0.95223,0.95249,1.35,1.50
2011.07.12 07:15:51.707,0.95222,0.95244,1.35,1.88
2011.07.12 07:15:52.333,0.95223,0.95243,1.13,1.50
2011.07.12 07:15:55.456,0.95232,0.95243,2.48,1.50
2011.07.12 07:15:55.574,0.95231,0.95243,2.63,1.50
2011.07.12 07:15:55.694,0.95232,0.95254,1.13,2.63
2011.07.12 07:15:55.809,0.95229,0.95253,1.13,1.50
2011.07.12 07:15:55.929,0.95228,0.9525,1.88,2.63
2011.07.12 07:15:56.158,0.95221,0.95248,2.63,1.88
2011.07.12 07:15:56.378,0.95221,0.95246,2.63,1.83
2011.07.12 07:15:56.929,0.95219,0.95243,1.88,1.35
2011.07.12 07:15:57.039,0.95214,0.9524,4.51,1.50
2011.07.12 07:15:57.267,0.95216,0.9524,1.13,2.25
2011.07.12 07:15:58.407,0.95217,0.9524,2.63,1.50
2011.07.12 07:15:58.848,0.95217,0.95243,3.23,3.38
2011.07.12 07:15:58.956,0.95217,0.95243,5.10,2.63
2011.07.12 07:15:59.067,0.9522,0.95244,1.35,3.75
2011.07.12 07:15:59.286,0.95219,0.95243,1.35,2.63
2011.07.12 07:15:59.619,0.95219,0.95244,4.35,1.50
2011.07.12 07:16:00.166,0.9522,0.95247,1.36,1.13
2011.07.12 07:16:00.276,0.95226,0.95248,2.63,1.13
2011.07.12 07:16:00.496,0.95226,0.95248,2.63,1.13
2011.07.12 07:16:00.938,0.95226,0.95248,1.13,1.13
2011.07.12 07:16:01.383,0.95227,0.95249,1.13,1.88
2011.07.12 07:16:01.837,0.95227,0.95253,1.13,3.00
2011.07.12 07:16:02.388,0.95228,0.95253,1.35,2.25
2011.07.12 07:16:02.939,0.95228,0.95251,1.35,3.00
2011.07.12 07:16:03.280,0.95217,0.95242,2.63,1.50
2011.07.12 07:16:03.506,0.95217,0.95242,3.23,3.38
2011.07.12 07:16:04.057,0.95217,0.95241,3.23,1.50
2011.07.12 07:16:05.157,0.95217,0.95242,2.63,1.13
2011.07.12 07:16:05.708,0.95217,0.95243,2.63,2.63
2011.07.12 07:16:05.819,0.95217,0.95243,2.63,2.25
2011.07.12 07:16:06.159,0.95217,0.95243,2.63,2.25
2011.07.12 07:16:06.629,0.95217,0.95242,2.63,1.73
2011.07.12 07:16:06.857,0.95217,0.95242,2.63,1.73
2011.07.12 07:16:07.517,0.95217,0.95242,2.63,2.48
2011.07.12 07:16:08.285,0.95217,0.95241,2.63,1.13
2011.07.12 07:16:08.830,0.95217,0.9524,2.63,1.73
2011.07.12 07:16:09.389,0.95217,0.95239,1.88,1.88
2011.07.12 07:16:09.730,0.95217,0.95242,2.63,1.13
2011.07.12 07:16:10.067,0.95217,0.95243,2.63,3.60
2011.07.12 07:16:10.395,0.95217,0.95243,2.63,3.60
2011.07.12 07:16:10.836,0.95217,0.95242,3.00,1.13
2011.07.12 07:16:11.663,0.95221,0.95243,1.35,1.88
2011.07.12 07:16:11.998,0.95225,0.95243,1.35,1.88
2011.07.12 07:16:12.547,0.95225,0.95244,1.35,1.88
2011.07.12 07:16:12.877,0.95221,0.95236,1.13,3.00
2011.07.12 07:16:13.210,0.95215,0.95239,1.13,2.10
2011.07.12 07:16:13.333,0.95217,0.95239,1.13,1.13
2011.07.12 07:16:13.448,0.95218,0.95241,1.35,1.50
2011.07.12 07:16:13.777,0.95219,0.95244,1.13,1.88
2011.07.12 07:16:14.679,0.95218,0.95244,3.23,2.63
2011.07.12 07:16:15.018,0.95219,0.95242,2.63,2.48
2011.07.12 07:16:15.457,0.95219,0.95243,2.85,1.88
2011.07.12 07:16:16.336,0.95224,0.95243,1.35,1.88
2011.07.12 07:16:18.818,0.9522,0.95243,1.36,1.88
2011.07.12 07:16:19.039,0.95217,0.9524,2.63,1.13
2011.07.12 07:16:19.147,0.95216,0.95242,1.13,3.23
2011.07.12 07:16:19.367,0.95216,0.95244,1.13,5.10
2011.07.12 07:16:19.805,0.95217,0.95242,2.63,1.73
2011.07.12 07:16:20.296,0.95213,0.95233,2.85,1.88
2011.07.12 07:16:20.847,0.9521,0.95238,4.73,1.50
2011.07.12 07:16:20.956,0.95215,0.95238,1.35,1.13
2011.07.12 07:16:21.505,0.95215,0.95234,1.35,1.88
2011.07.12 07:16:22.056,0.95215,0.95234,1.35,1.88
2011.07.12 07:16:23.129,0.95212,0.95234,1.35,1.88
2011.07.12 07:16:23.249,0.95212,0.95234,1.35,1.88
2011.07.12 07:16:23.700,0.95212,0.95234,1.35,1.88
2011.07.12 07:16:24.036,0.95212,0.95234,1.35,1.88
2011.07.12 07:16:24.586,0.95212,0.95234,1.35,1.88
2011.07.12 07:16:25.027,0.95212,0.95234,2.10,1.88
2011.07.12 07:16:25.528,0.95209,0.95234,1.35,4.50
2011.07.12 07:16:25.638,0.95212,0.95234,1.50,3.75
2011.07.12 07:16:26.186,0.95208,0.95233,1.35,1.88
2011.07.12 07:16:27.066,0.95208,0.95233,1.35,3.00
2011.07.12 07:16:27.622,0.95207,0.95233,2.63,3.60
2011.07.12 07:16:28.068,0.95207,0.95231,2.63,1.88
2011.07.12 07:16:29.936,0.95207,0.95233,2.63,3.60
2011.07.12 07:16:30.157,0.95209,0.95233,1.35,1.88
2011.07.12 07:16:30.662,0.95209,0.95233,1.35,1.88
2011.07.12 07:16:30.777,0.95209,0.95233,1.35,2.25
2011.07.12 07:16:30.997,0.95207,0.9523,2.63,1.13
2011.07.12 07:16:31.327,0.95207,0.95227,1.13,1.08
2011.07.12 07:16:31.657,0.95201,0.95223,1.35,1.88
2011.07.12 07:16:31.986,0.95201,0.95223,1.35,1.88
2011.07.12 07:16:33.307,0.95201,0.95223,1.35,1.88
2011.07.12 07:16:33.416,0.95197,0.95223,3.23,1.88
2011.07.12 07:16:33.804,0.95197,0.95223,3.23,1.88
2011.07.12 07:16:33.923,0.95197,0.95223,1.73,2.25
2011.07.12 07:16:34.478,0.95197,0.95223,3.23,3.00
2011.07.12 07:16:34.920,0.95199,0.95223,1.35,3.00
2011.07.12 07:16:35.041,0.95199,0.95223,1.35,3.00
2011.07.12 07:16:35.596,0.95199,0.95223,1.35,2.25
2011.07.12 07:16:35.707,0.95199,0.95223,1.35,2.25
2011.07.12 07:16:36.606,0.95199,0.95223,2.11,1.88
2011.07.12 07:16:36.936,0.952,0.9522,1.51,1.50
2011.07.12 07:16:37.158,0.952,0.95223,1.50,2.63
2011.07.12 07:16:37.268,0.95197,0.95223,3.23,1.88
2011.07.12 07:16:37.487,0.95197,0.95223,3.23,2.25
2011.07.12 07:16:37.706,0.95197,0.95222,2.63,1.13
2011.07.12 07:16:38.256,0.95197,0.95218,2.63,1.13
2011.07.12 07:16:38.365,0.95191,0.95213,2.11,1.88
2011.07.12 07:16:38.808,0.95192,0.95213,1.36,1.88
2011.07.12 07:16:39.343,0.95194,0.95213,2.11,1.88
2011.07.12 07:16:39.462,0.95199,0.95218,1.35,1.50
2011.07.12 07:16:39.579,0.95196,0.95217,4.13,1.13
2011.07.12 07:16:39.699,0.95197,0.95214,2.63,1.13
2011.07.12 07:16:40.042,0.95188,0.95214,2.63,1.35
2011.07.12 07:16:40.157,0.9519,0.95217,1.35,3.38
2011.07.12 07:16:40.269,0.9519,0.95218,1.35,1.35
2011.07.12 07:16:40.706,0.95197,0.95219,2.63,2.48
2011.07.12 07:16:41.697,0.95197,0.95219,2.63,1.88
2011.07.12 07:16:42.581,0.95197,0.95219,2.63,1.13
2011.07.12 07:16:42.917,0.95193,0.95214,1.36,1.88
2011.07.12 07:16:43.251,0.95193,0.95214,1.36,1.13
2011.07.12 07:16:43.371,0.95192,0.95211,1.50,1.73
2011.07.12 07:16:43.708,0.95196,0.95213,2.10,1.50
2011.07.12 07:16:43.927,0.95194,0.95218,1.35,1.50
2011.07.12 07:16:44.036,0.95195,0.95219,1.35,1.13
2011.07.12 07:16:44.367,0.95189,0.95214,1.13,1.88
2011.07.12 07:16:44.477,0.95188,0.95214,2.48,1.88
2011.07.12 07:16:44.806,0.95188,0.95214,1.35,2.25
2011.07.12 07:16:45.355,0.95188,0.95214,1.35,3.00
2011.07.12 07:16:46.055,0.95187,0.95213,2.63,3.00
2011.07.12 07:16:46.387,0.95196,0.95213,1.13,3.38
2011.07.12 07:16:46.499,0.95197,0.95218,2.85,2.63
2011.07.12 07:16:46.733,0.952,0.95222,3.23,1.50
2011.07.12 07:16:46.849,0.95208,0.95231,1.35,1.50
2011.07.12 07:16:47.079,0.95216,0.95234,1.35,1.88
2011.07.12 07:16:47.407,0.95216,0.95237,1.35,1.13
2011.07.12 07:16:47.516,0.95216,0.95243,1.35,1.50
2011.07.12 07:16:47.626,0.95216,0.95244,1.35,3.23
2011.07.12 07:16:47.958,0.95217,0.95237,2.63,1.73
2011.07.12 07:16:48.067,0.95213,0.95236,5.25,1.50
2011.07.12 07:16:48.289,0.95211,0.95232,1.13,1.13
2011.07.12 07:16:48.407,0.95209,0.95232,2.26,1.13
2011.07.12 07:16:48.520,0.95206,0.95231,3.23,1.50
2011.07.12 07:16:48.995,0.95204,0.95228,1.51,1.13
2011.07.12 07:16:49.339,0.95188,0.95213,2.25,1.50
2011.07.12 07:16:49.569,0.9519,0.95213,1.35,1.88
2011.07.12 07:16:50.116,0.9519,0.95215,1.35,1.13
2011.07.12 07:16:50.666,0.9519,0.95214,1.35,1.88
2011.07.12 07:16:52.096,0.95188,0.95214,2.25,1.88
2011.07.12 07:16:53.123,0.95197,0.95223,3.75,1.88
2011.07.12 07:16:53.571,0.95198,0.95223,1.36,1.88
2011.07.12 07:16:53.797,0.95197,0.95223,2.63,2.48
2011.07.12 07:16:54.019,0.95197,0.95223,2.63,3.23
2011.07.12 07:16:54.358,0.95197,0.9522,2.63,1.50
2011.07.12 07:16:55.239,0.95197,0.95217,2.63,1.35
2011.07.12 07:16:55.827,0.95187,0.95214,1.35,1.13
2011.07.12 07:16:55.942,0.95187,0.95214,1.35,1.88
2011.07.12 07:16:56.276,0.95187,0.95214,1.36,1.88
2011.07.12 07:16:56.610,0.95196,0.95221,1.50,1.50
2011.07.12 07:16:56.726,0.95197,0.95223,1.13,1.88
2011.07.12 07:16:57.059,0.95199,0.95224,1.35,1.88
2011.07.12 07:16:57.497,0.95207,0.95234,1.35,2.63
2011.07.12 07:16:58.155,0.95207,0.95234,1.35,1.88
2011.07.12 07:16:58.746,0.95208,0.95234,1.35,1.13
2011.07.12 07:16:59.186,0.95207,0.95229,2.63,1.35
2011.07.12 07:16:59.518,0.95201,0.95225,1.35,5.63
2011.07.12 07:16:59.736,0.95199,0.95225,1.13,4.88
2011.07.12 07:17:00.068,0.95198,0.95224,2.63,3.38
2011.07.12 07:17:00.398,0.95198,0.95224,1.35,3.00
2011.07.12 07:17:00.870,0.95201,0.95224,1.13,1.13
2011.07.12 07:17:01.426,0.95199,0.95226,1.73,1.13
2011.07.12 07:17:01.536,0.95206,0.95227,2.63,1.13
2011.07.12 07:17:02.216,0.95209,0.95233,1.13,3.00
2011.07.12 07:17:02.765,0.95208,0.95233,1.13,3.23
2011.07.12 07:17:03.097,0.95208,0.95234,1.13,1.13
2011.07.12 07:17:03.208,0.95209,0.95234,2.63,1.13
2011.07.12 07:17:03.813,0.95211,0.95234,1.13,3.00
2011.07.12 07:17:04.699,0.95211,0.95235,1.50,1.50
2011.07.12 07:17:04.817,0.95214,0.95235,1.13,1.50
2011.07.12 07:17:05.366,0.95216,0.95235,2.63,1.50
2011.07.12 07:17:05.920,0.95211,0.95234,1.13,1.50
2011.07.12 07:17:06.258,0.95207,0.95232,2.63,1.13
2011.07.12 07:17:06.585,0.95207,0.95232,2.63,1.13
2011.07.12 07:17:06.806,0.95207,0.95232,2.63,1.88
2011.07.12 07:17:07.028,0.95207,0.9523,2.63,1.35
2011.07.12 07:17:07.482,0.95199,0.95221,2.25,1.13
2011.07.12 07:17:07.602,0.95196,0.95221,2.63,1.13
2011.07.12 07:17:07.937,0.95197,0.95219,2.63,1.50
2011.07.12 07:17:08.488,0.95197,0.95219,2.63,1.50
2011.07.12 07:17:08.818,0.95191,0.95218,1.35,1.13
2011.07.12 07:17:09.148,0.95196,0.95222,1.13,1.50
2011.07.12 07:17:09.476,0.95196,0.9522,1.13,1.35
2011.07.12 07:17:09.806,0.95197,0.95219,2.63,1.35
2011.07.12 07:17:10.299,0.95197,0.9522,2.63,2.48
2011.07.12 07:17:10.541,0.95197,0.95216,1.13,1.13
2011.07.12 07:17:10.660,0.95197,0.95218,1.13,1.88
2011.07.12 07:17:11.000,0.95197,0.95214,1.13,1.73
2011.07.12 07:17:11.229,0.95186,0.95212,2.63,1.13
2011.07.12 07:17:11.567,0.95186,0.95212,2.63,1.88
2011.07.12 07:17:12.886,0.95186,0.95212,1.13,1.88
2011.07.12 07:17:12.998,0.95186,0.95212,1.50,1.50
2011.07.12 07:17:13.329,0.95187,0.95214,1.35,3.75
2011.07.12 07:17:14.206,0.95186,0.95214,3.23,3.75
2011.07.12 07:17:15.274,0.95192,0.95214,1.50,2.63
2011.07.12 07:17:15.496,0.95187,0.95214,1.13,2.48
2011.07.12 07:17:15.609,0.95187,0.95214,1.73,1.88
2011.07.12 07:17:16.171,0.95187,0.95211,3.75,1.35
2011.07.12 07:17:16.293,0.95186,0.9521,2.63,1.50
2011.07.12 07:17:16.410,0.95186,0.95213,2.63,1.88
2011.07.12 07:17:16.640,0.95187,0.95213,3.75,1.13
2011.07.12 07:17:17.196,0.95186,0.95213,2.63,1.13
2011.07.12 07:17:18.778,0.95199,0.95221,2.25,2.63
2011.07.12 07:17:18.888,0.95199,0.95221,2.26,1.88
2011.07.12 07:17:19.329,0.95197,0.95221,2.63,1.88
2011.07.12 07:17:19.557,0.95197,0.95221,2.63,3.00
2011.07.12 07:17:20.058,0.95197,0.9522,2.63,2.25
2011.07.12 07:17:20.388,0.95196,0.9522,2.63,1.50
2011.07.12 07:17:20.828,0.95198,0.95224,2.25,2.63
2011.07.12 07:17:20.938,0.95201,0.95225,1.50,2.63
2011.07.12 07:17:21.047,0.95205,0.95228,1.35,1.50
2011.07.12 07:17:21.269,0.95206,0.95234,1.13,3.60
2011.07.12 07:17:21.927,0.95207,0.95233,2.63,2.85
2011.07.12 07:17:22.258,0.95207,0.95232,2.63,3.23
2011.07.12 07:17:22.366,0.95207,0.95229,2.63,1.73
2011.07.12 07:17:23.596,0.95207,0.95227,2.63,1.73
2011.07.12 07:17:23.708,0.95206,0.95227,1.13,2.48
2011.07.12 07:17:23.925,0.95206,0.95227,1.13,2.48
2011.07.12 07:17:24.038,0.95206,0.95227,2.63,2.10
2011.07.12 07:17:24.586,0.95211,0.95227,1.50,1.13
2011.07.12 07:17:24.806,0.95208,0.95227,1.50,1.13
2011.07.12 07:17:25.467,0.9521,0.95228,2.25,1.73
2011.07.12 07:17:25.797,0.9521,0.95226,1.50,1.13
2011.07.12 07:17:25.910,0.95206,0.95224,1.88,1.13
2011.07.12 07:17:26.486,0.95204,0.95223,1.50,1.50
2011.07.12 07:17:26.819,0.95205,0.95224,1.50,1.88
2011.07.12 07:17:27.050,0.9521,0.95224,1.50,1.88
2011.07.12 07:17:27.388,0.9521,0.95224,1.50,1.88
2011.07.12 07:17:28.766,0.95211,0.95224,1.50,1.88
2011.07.12 07:17:29.097,0.95206,0.95224,1.50,2.25
2011.07.12 07:17:29.206,0.95206,0.95223,1.50,1.35
2011.07.12 07:17:29.631,0.95197,0.95221,2.63,1.13
2011.07.12 07:17:30.186,0.95197,0.95219,2.63,1.13
2011.07.12 07:17:31.067,0.95197,0.95217,2.63,1.50
2011.07.12 07:17:31.398,0.95197,0.95215,2.63,1.73
2011.07.12 07:17:31.618,0.95197,0.95213,2.63,1.88
2011.07.12 07:17:31.729,0.95197,0.95211,2.63,2.48
2011.07.12 07:17:32.397,0.95187,0.95207,2.63,1.13
2011.07.12 07:17:32.507,0.95187,0.95207,2.63,1.13
2011.07.12 07:17:33.166,0.95186,0.95207,2.63,1.13
2011.07.12 07:17:33.716,0.95187,0.95207,2.63,1.13
2011.07.12 07:17:35.267,0.95187,0.95209,2.63,1.50
2011.07.12 07:17:35.379,0.95187,0.95209,2.63,1.50
2011.07.12 07:17:35.935,0.95187,0.95207,2.63,1.13
2011.07.12 07:17:36.157,0.95187,0.95207,2.63,1.13
2011.07.12 07:17:36.488,0.95187,0.95204,2.63,2.48
2011.07.12 07:17:36.882,0.95176,0.95202,3.23,1.13
2011.07.12 07:17:37.329,0.95176,0.95198,3.23,1.13
2011.07.12 07:17:37.451,0.95176,0.95195,3.23,1.13
2011.07.12 07:17:38.010,0.95174,0.95193,1.35,1.88
2011.07.12 07:17:38.126,0.95176,0.95202,1.13,2.10
2011.07.12 07:17:38.239,0.95176,0.95204,1.13,2.85
2011.07.12 07:17:38.467,0.95187,0.95211,1.35,2.63
2011.07.12 07:17:38.580,0.95187,0.95214,1.73,1.88
2011.07.12 07:17:38.920,0.95193,0.95221,1.36,3.98
2011.07.12 07:17:39.298,0.95193,0.95221,1.36,3.98
2011.07.12 07:17:39.412,0.95193,0.95221,1.36,4.35
2011.07.12 07:17:39.639,0.95197,0.95221,2.63,3.98
2011.07.12 07:17:39.859,0.95197,0.95215,2.63,1.35
2011.07.12 07:17:40.189,0.95187,0.95209,2.63,1.73
2011.07.12 07:17:40.747,0.95186,0.95209,1.13,1.13
2011.07.12 07:17:40.966,0.95186,0.95209,2.25,1.50
2011.07.12 07:17:41.409,0.95186,0.95209,2.25,1.73
2011.07.12 07:17:41.627,0.95187,0.9521,1.13,1.35
2011.07.12 07:17:42.062,0.95186,0.95208,2.63,1.73
2011.07.12 07:17:42.511,0.95186,0.95208,2.63,1.73
2011.07.12 07:17:43.176,0.95186,0.95209,2.63,1.88
2011.07.12 07:17:44.468,0.95186,0.95209,2.63,1.13
2011.07.12 07:17:44.688,0.95186,0.95213,2.63,5.25
2011.07.12 07:17:44.908,0.95187,0.95213,1.13,4.50
2011.07.12 07:17:45.237,0.95177,0.95201,2.25,1.13
2011.07.12 07:17:45.457,0.95176,0.95199,3.75,2.10
2011.07.12 07:17:45.803,0.95167,0.95192,2.63,1.73
2011.07.12 07:17:45.917,0.95167,0.95189,1.88,1.13
2011.07.12 07:17:46.357,0.95166,0.95189,2.63,1.73
2011.07.12 07:17:46.907,0.95165,0.95187,1.13,1.13
2011.07.12 07:17:47.239,0.95167,0.95187,1.88,1.13
2011.07.12 07:17:48.017,0.95167,0.95186,1.88,1.88
2011.07.12 07:17:48.481,0.95156,0.95184,4.13,2.25
2011.07.12 07:17:48.599,0.95156,0.95182,2.63,1.73
2011.07.12 07:17:48.826,0.95156,0.95182,2.63,1.88
2011.07.12 07:17:49.378,0.95156,0.95182,2.63,2.10
2011.07.12 07:17:49.928,0.95158,0.95183,1.50,2.25
2011.07.12 07:17:50.257,0.95156,0.9518,2.63,1.13
2011.07.12 07:17:51.137,0.9516,0.95183,1.35,1.50
2011.07.12 07:17:51.468,0.95164,0.95189,1.35,2.21
2011.07.12 07:17:51.577,0.95163,0.9519,1.13,2.10
2011.07.12 07:17:51.688,0.95167,0.95193,3.00,3.38
2011.07.12 07:17:51.907,0.95167,0.95193,3.00,3.38
2011.07.12 07:17:52.650,0.9517,0.95196,1.13,1.13
2011.07.12 07:17:53.206,0.9517,0.95194,1.35,2.63
2011.07.12 07:17:53.535,0.9517,0.95192,1.35,1.50
2011.07.12 07:17:53.866,0.95168,0.95192,1.13,1.50
2011.07.12 07:17:54.527,0.95168,0.95192,1.13,1.50
2011.07.12 07:17:54.635,0.95168,0.95192,1.13,1.50
2011.07.12 07:17:55.648,0.95172,0.95195,1.13,1.50
2011.07.12 07:17:56.217,0.95166,0.95187,2.63,4.35
2011.07.12 07:17:56.330,0.95166,0.95186,1.88,1.13
2011.07.12 07:17:56.451,0.95157,0.95186,1.35,1.13
2011.07.12 07:17:56.787,0.95167,0.95186,1.88,1.88
2011.07.12 07:17:57.335,0.95167,0.95187,1.88,1.35
2011.07.12 07:17:58.217,0.95167,0.95187,1.88,1.50
2011.07.12 07:17:58.928,0.95167,0.95187,1.88,2.25
2011.07.12 07:17:59.256,0.95167,0.95187,1.13,1.50
2011.07.12 07:17:59.366,0.95167,0.95191,1.13,2.25
2011.07.12 07:17:59.699,0.95167,0.95189,1.13,2.48
2011.07.12 07:18:00.041,0.95156,0.95183,2.63,1.13
2011.07.12 07:18:00.157,0.95156,0.95182,2.63,1.13
2011.07.12 07:18:00.490,0.95151,0.95178,1.35,1.50
2011.07.12 07:18:00.716,0.95156,0.95178,1.13,1.50
2011.07.12 07:18:01.286,0.95156,0.95176,1.88,1.50
2011.07.12 07:18:01.837,0.95156,0.95175,1.88,2.25
2011.07.12 07:18:02.390,0.95156,0.95172,1.88,1.50
2011.07.12 07:18:04.369,0.95154,0.9518,1.13,1.50
2011.07.12 07:18:04.931,0.95156,0.9518,1.88,5.63
2011.07.12 07:18:05.267,0.95156,0.95176,1.88,1.50
2011.07.12 07:18:05.818,0.95156,0.95178,1.88,2.10
2011.07.12 07:18:05.929,0.95152,0.95173,1.13,2.10
2011.07.12 07:18:06.408,0.95146,0.95171,2.63,1.73
2011.07.12 07:18:06.741,0.95146,0.95166,1.88,1.35
2011.07.12 07:18:07.077,0.95136,0.95161,2.63,1.13
2011.07.12 07:18:07.408,0.95136,0.95159,2.63,1.88
2011.07.12 07:18:07.849,0.95139,0.95163,1.50,1.88
2011.07.12 07:18:08.077,0.95139,0.95163,1.50,1.88
2011.07.12 07:18:08.409,0.95145,0.95164,1.50,1.13
2011.07.12 07:18:08.950,0.95143,0.95163,1.13,1.88
2011.07.12 07:18:09.180,0.95141,0.95163,1.73,1.88
2011.07.12 07:18:09.297,0.95141,0.95163,1.13,1.88
2011.07.12 07:18:09.627,0.95147,0.95169,1.88,2.63
2011.07.12 07:18:10.287,0.95147,0.95169,1.88,1.88
2011.07.12 07:18:11.817,0.95147,0.95165,1.88,1.13
2011.07.12 07:18:12.038,0.95137,0.95164,1.13,1.13
2011.07.12 07:18:12.258,0.95138,0.95165,1.13,2.25
2011.07.12 07:18:12.478,0.95141,0.95165,1.13,1.50
2011.07.12 07:18:12.589,0.95146,0.95169,1.88,1.50
2011.07.12 07:18:12.930,0.95142,0.95162,1.51,1.46
2011.07.12 07:18:13.158,0.95138,0.95162,1.50,2.63
2011.07.12 07:18:13.268,0.95136,0.95161,1.88,1.50
2011.07.12 07:18:13.830,0.9513,0.95157,1.35,1.13
2011.07.12 07:18:13.950,0.9513,0.95157,1.35,1.88
2011.07.12 07:18:14.182,0.9514,0.95158,3.00,1.50
2011.07.12 07:18:14.410,0.95131,0.95162,7.88,1.50
2011.07.12 07:18:14.528,0.95139,0.95165,1.13,2.25
2011.07.12 07:18:14.857,0.95139,0.95166,1.73,1.13
2011.07.12 07:18:15.187,0.9514,0.95164,1.36,1.88
2011.07.12 07:18:15.626,0.9514,0.95164,1.36,1.88
2011.07.12 07:18:16.390,0.95147,0.95168,1.88,1.35
2011.07.12 07:18:16.506,0.95142,0.95164,1.88,1.88
2011.07.12 07:18:17.280,0.95143,0.95164,1.35,1.88
2011.07.12 07:18:17.727,0.95143,0.95164,3.60,1.88
2011.07.12 07:18:17.947,0.95148,0.95172,1.13,2.25
2011.07.12 07:18:18.521,0.95148,0.95173,1.13,1.50
2011.07.12 07:18:19.297,0.95148,0.95174,1.13,3.98
2011.07.12 07:18:19.517,0.95146,0.95172,1.88,1.88
2011.07.12 07:18:19.848,0.95146,0.95167,1.88,1.13
2011.07.12 07:18:20.068,0.95137,0.95162,2.63,1.13
2011.07.12 07:18:20.177,0.95136,0.95159,2.63,1.50
2011.07.12 07:18:20.399,0.95134,0.95159,1.13,1.50
2011.07.12 07:18:20.506,0.95134,0.95159,1.50,1.50
2011.07.12 07:18:20.616,0.95134,0.95159,1.50,1.50
2011.07.12 07:18:21.522,0.95137,0.9516,3.00,1.35
2011.07.12 07:18:21.746,0.95138,0.95162,1.73,2.25
2011.07.12 07:18:21.861,0.95137,0.9516,2.85,1.50
2011.07.12 07:18:22.197,0.95137,0.95157,2.25,1.35
2011.07.12 07:18:22.420,0.95129,0.95154,6.00,1.13
2011.07.12 07:18:22.540,0.95132,0.95154,1.13,1.13
2011.07.12 07:18:22.767,0.95131,0.95154,1.88,1.13
2011.07.12 07:18:22.879,0.95137,0.95157,1.88,1.50
2011.07.12 07:18:23.793,0.95126,0.95149,2.63,1.13
2011.07.12 07:18:23.914,0.95127,0.95148,1.13,1.50
2011.07.12 07:18:24.140,0.95128,0.95153,1.13,1.50
2011.07.12 07:18:24.807,0.95127,0.95153,1.13,1.50
2011.07.12 07:18:25.358,0.95126,0.95153,2.63,2.25
2011.07.12 07:18:25.689,0.95126,0.9515,2.63,1.35
2011.07.12 07:18:26.353,0.95126,0.95152,2.63,2.25
2011.07.12 07:18:26.907,0.95126,0.95153,2.63,2.63
2011.07.12 07:18:27.239,0.95127,0.95152,2.63,1.50
2011.07.12 07:18:27.576,0.95126,0.95153,3.23,1.50
2011.07.12 07:18:28.017,0.95127,0.95153,1.13,1.50
2011.07.12 07:18:28.126,0.95127,0.95152,1.13,1.35
2011.07.12 07:18:28.461,0.95125,0.95149,1.13,1.88
2011.07.12 07:18:29.015,0.95127,0.95146,1.88,1.50
2011.07.12 07:18:29.456,0.95121,0.95143,1.88,2.63
2011.07.12 07:18:30.109,0.95121,0.95144,1.35,1.88
2011.07.12 07:18:30.447,0.95125,0.95143,1.13,1.50
2011.07.12 07:18:31.106,0.95127,0.95143,1.50,1.50
2011.07.12 07:18:31.219,0.95128,0.95151,1.35,1.50
2011.07.12 07:18:31.340,0.95132,0.95151,1.13,1.50
2011.07.12 07:18:31.459,0.95133,0.95153,1.50,2.63
2011.07.12 07:18:31.686,0.95135,0.95156,1.35,1.08
2011.07.12 07:18:32.235,0.95135,0.95154,2.48,1.88
2011.07.12 07:18:32.895,0.95135,0.95154,1.88,1.88
2011.07.12 07:18:33.471,0.9513,0.95154,1.13,1.88
2011.07.12 07:18:34.027,0.9513,0.95154,2.10,1.88
2011.07.12 07:18:34.576,0.95128,0.95154,1.50,4.13
2011.07.12 07:18:34.907,0.95132,0.95154,2.10,2.63
2011.07.12 07:18:35.020,0.95132,0.95154,2.85,2.63
2011.07.12 07:18:35.141,0.95132,0.95156,1.13,1.13
2011.07.12 07:18:35.259,0.95133,0.95157,1.51,1.46
2011.07.12 07:18:35.816,0.95137,0.95157,1.36,1.46
2011.07.12 07:18:36.337,0.95137,0.95157,1.13,1.46
2011.07.12 07:18:37.007,0.95137,0.95156,1.88,1.46
2011.07.12 07:18:37.555,0.95133,0.95156,1.51,1.50
2011.07.12 07:18:37.776,0.95131,0.95154,4.51,1.88
2011.07.12 07:18:38.105,0.95134,0.95154,1.35,1.88
2011.07.12 07:18:38.657,0.95136,0.95154,1.50,1.88
2011.07.12 07:18:39.274,0.95134,0.95154,4.51,1.88
2011.07.12 07:18:39.608,0.95139,0.95157,1.36,1.46
2011.07.12 07:18:40.377,0.95139,0.95157,1.73,1.46
2011.07.12 07:18:40.926,0.95139,0.95157,1.73,1.46
2011.07.12 07:18:41.256,0.95139,0.95157,1.36,1.46
2011.07.12 07:18:42.136,0.95136,0.95156,1.88,1.50
2011.07.12 07:18:42.756,0.95133,0.95157,1.50,2.21
2011.07.12 07:18:42.867,0.95133,0.95154,1.50,1.88
2011.07.12 07:18:43.419,0.95132,0.95154,1.35,2.63
2011.07.12 07:18:43.867,0.95134,0.95156,3.23,2.21
2011.07.12 07:18:44.418,0.95138,0.95157,1.13,1.46
2011.07.12 07:18:44.531,0.95135,0.95157,4.51,2.21
2011.07.12 07:18:44.759,0.95133,0.95154,2.63,1.88
2011.07.12 07:18:45.298,0.95134,0.95154,1.13,1.88
2011.07.12 07:18:45.409,0.95134,0.95154,1.13,1.88
2011.07.12 07:18:46.188,0.95134,0.95154,1.13,1.88
2011.07.12 07:18:46.518,0.95134,0.95154,1.13,1.88
2011.07.12 07:18:46.739,0.95133,0.95154,1.13,1.88
2011.07.12 07:18:47.295,0.95134,0.95154,1.13,1.88
2011.07.12 07:18:47.625,0.95134,0.95154,1.13,1.88
2011.07.12 07:18:48.395,0.95133,0.95154,1.13,1.88
2011.07.12 07:18:49.369,0.95133,0.95154,1.13,1.88
2011.07.12 07:18:49.928,0.95128,0.95154,2.63,1.88
2011.07.12 07:18:50.146,0.9513,0.95154,1.35,2.63
2011.07.12 07:18:50.758,0.9513,0.95154,1.35,2.63
2011.07.12 07:18:50.867,0.9513,0.95154,1.35,2.63
2011.07.12 07:18:51.416,0.9513,0.95154,1.35,1.88
2011.07.12 07:18:52.193,0.95131,0.95156,1.13,2.58
2011.07.12 07:18:52.745,0.95132,0.95154,1.13,1.88
2011.07.12 07:18:53.187,0.95137,0.95157,1.13,1.46
2011.07.12 07:18:53.296,0.95137,0.95157,1.13,1.46
2011.07.12 07:18:53.855,0.95137,0.95157,2.63,1.46
2011.07.12 07:18:54.301,0.95137,0.95153,2.63,1.13
2011.07.12 07:18:54.418,0.95129,0.95152,2.25,1.88
2011.07.12 07:18:54.638,0.95126,0.95152,2.63,1.50
2011.07.12 07:18:54.746,0.95126,0.95153,3.00,1.13
2011.07.12 07:18:55.078,0.95126,0.95153,3.00,1.73
2011.07.12 07:18:55.507,0.95127,0.95154,1.73,2.63
2011.07.12 07:18:55.626,0.95126,0.95154,3.01,2.25
2011.07.12 07:18:55.958,0.95122,0.95146,1.13,2.25
2011.07.12 07:18:56.069,0.95122,0.95142,1.13,1.13
2011.07.12 07:18:56.297,0.95118,0.95136,1.13,1.13
2011.07.12 07:18:56.738,0.95113,0.95138,1.13,1.35
2011.07.12 07:18:57.069,0.95117,0.95139,1.13,1.73
2011.07.12 07:18:57.401,0.95116,0.95141,3.23,1.13
2011.07.12 07:18:57.518,0.95116,0.95144,3.60,3.60
2011.07.12 07:18:57.628,0.95118,0.95144,3.75,2.85
2011.07.12 07:18:57.736,0.95118,0.95144,3.75,2.85
2011.07.12 07:18:57.849,0.95122,0.95144,1.13,2.85
2011.07.12 07:18:58.302,0.95122,0.95144,1.13,1.88
2011.07.12 07:18:58.529,0.95123,0.95151,3.76,1.13
2011.07.12 07:18:58.641,0.95123,0.95151,3.76,1.50
2011.07.12 07:18:59.197,0.95126,0.95144,1.13,1.88
2011.07.12 07:18:59.530,0.95129,0.95144,2.26,1.88
2011.07.12 07:18:59.976,0.95131,0.95153,1.13,1.88
2011.07.12 07:19:00.086,0.95131,0.95153,1.13,1.88
2011.07.12 07:19:00.855,0.9513,0.95154,1.13,1.88
2011.07.12 07:19:01.125,0.95118,0.95147,2.63,6.23
2011.07.12 07:19:01.678,0.95117,0.95143,1.35,1.13
2011.07.12 07:19:02.996,0.95117,0.95141,2.63,1.50
2011.07.12 07:19:03.217,0.95117,0.95142,1.13,2.25
2011.07.12 07:19:03.327,0.95117,0.95142,1.13,1.50
2011.07.12 07:19:03.547,0.95121,0.95143,1.13,1.88
2011.07.12 07:19:03.822,0.95121,0.95146,1.13,2.25
2011.07.12 07:19:03.944,0.95131,0.95147,1.35,1.88
2011.07.12 07:19:04.169,0.95129,0.95154,1.13,1.88
2011.07.12 07:19:04.498,0.95126,0.95143,1.13,1.13
2011.07.12 07:19:04.608,0.95122,0.95147,1.50,1.50
2011.07.12 07:19:04.829,0.95119,0.95148,1.13,1.88
2011.07.12 07:19:09.011,0.95087,0.95113,1.13,3.75
2011.07.12 07:19:09.134,0.95087,0.95114,1.35,1.88
2011.07.12 07:19:09.468,0.95086,0.95114,3.23,2.25
2011.07.12 07:19:10.018,0.95087,0.95113,3.23,1.88
2011.07.12 07:19:11.891,0.95098,0.95116,1.50,1.13
2011.07.12 07:19:12.230,0.95103,0.95123,1.50,2.25
2011.07.12 07:19:12.566,0.95102,0.95123,1.50,1.88
2011.07.12 07:19:12.790,0.95098,0.95121,1.50,3.23
2011.07.12 07:19:12.909,0.95098,0.9512,1.50,3.38
2011.07.12 07:19:13.470,0.95102,0.95119,1.50,2.85
2011.07.12 07:19:13.809,0.95098,0.95117,1.50,1.35
2011.07.12 07:19:14.153,0.951,0.95119,1.50,4.73
2011.07.12 07:19:14.268,0.95102,0.9512,1.50,2.48
2011.07.12 07:19:15.154,0.95102,0.95121,1.50,1.50
2011.07.12 07:19:15.490,0.95104,0.95123,1.50,1.35
2011.07.12 07:19:15.827,0.95105,0.95124,1.50,2.48
2011.07.12 07:19:16.824,0.95097,0.95115,1.13,1.88
2011.07.12 07:19:17.047,0.95088,0.95113,3.75,1.88
2011.07.12 07:19:17.598,0.95087,0.95113,3.23,1.88
2011.07.12 07:19:17.929,0.95087,0.95111,2.63,2.48
2011.07.12 07:19:18.269,0.95078,0.95107,1.13,1.73
2011.07.12 07:19:18.826,0.95078,0.95104,1.73,1.88
2011.07.12 07:19:19.161,0.95087,0.95114,1.13,1.13
2011.07.12 07:19:19.746,0.95086,0.95114,1.13,2.63
2011.07.12 07:19:19.863,0.95084,0.95112,1.50,1.13
2011.07.12 07:19:19.982,0.95086,0.95109,1.35,1.13
2011.07.12 07:19:20.101,0.95087,0.95117,3.23,4.73
2011.07.12 07:19:20.217,0.95088,0.95114,1.35,1.88
2011.07.12 07:19:20.768,0.95087,0.95113,2.63,1.88
2011.07.12 07:19:21.866,0.95087,0.95113,4.13,1.88
2011.07.12 07:19:22.198,0.95087,0.95113,2.63,2.85
2011.07.12 07:19:22.779,0.95087,0.95113,2.63,2.85
2011.07.12 07:19:23.327,0.95086,0.95111,2.63,1.73
2011.07.12 07:19:23.658,0.95088,0.95114,1.35,2.25
2011.07.12 07:19:23.878,0.95088,0.95114,1.35,1.88
2011.07.12 07:19:25.197,0.95094,0.95119,1.35,1.50
2011.07.12 07:19:25.529,0.95097,0.95119,2.25,1.13
2011.07.12 07:19:26.102,0.95097,0.95121,2.25,1.50
2011.07.12 07:19:26.777,0.95098,0.95123,1.73,1.50
2011.07.12 07:19:26.887,0.95098,0.95124,1.73,1.88
2011.07.12 07:19:27.880,0.95105,0.95129,1.13,2.10
2011.07.12 07:19:28.108,0.95116,0.95137,1.50,1.13
2011.07.12 07:19:28.219,0.95116,0.95138,2.10,1.88
2011.07.12 07:19:28.339,0.95116,0.95141,1.50,3.75
2011.07.12 07:19:28.568,0.95115,0.95139,2.63,1.88
2011.07.12 07:19:28.890,0.95113,0.95123,1.50,1.88
2011.07.12 07:19:29.025,0.95106,0.95119,1.51,3.38
2011.07.12 07:19:29.140,0.95106,0.95119,1.51,3.75
2011.07.12 07:19:29.480,0.95106,0.95115,1.51,1.13
2011.07.12 07:19:29.709,0.9509,0.95114,1.35,1.88
2011.07.12 07:19:30.038,0.95094,0.95113,1.35,1.88
2011.07.12 07:19:30.477,0.95096,0.95124,1.50,3.23
2011.07.12 07:19:30.588,0.95096,0.95124,1.50,2.63
2011.07.12 07:19:31.719,0.95097,0.95124,1.35,1.88
2011.07.12 07:19:32.051,0.95108,0.95133,1.35,3.00
2011.07.12 07:19:32.501,0.95117,0.95137,2.63,1.13
2011.07.12 07:19:32.946,0.95107,0.95134,3.23,2.25
2011.07.12 07:19:33.496,0.95108,0.95134,1.35,1.88
2011.07.12 07:19:34.668,0.95106,0.95133,2.63,4.88
2011.07.12 07:19:34.782,0.95107,0.9513,2.63,1.35
2011.07.12 07:19:35.009,0.95107,0.95129,2.63,2.10
2011.07.12 07:19:35.236,0.95106,0.95129,1.13,4.88
2011.07.12 07:19:35.455,0.95107,0.95127,2.63,1.88
2011.07.12 07:19:36.005,0.95107,0.95129,2.63,7.35
2011.07.12 07:19:36.115,0.95107,0.95129,2.63,6.75
2011.07.12 07:19:36.337,0.95096,0.95124,6.75,1.88
2011.07.12 07:19:36.900,0.95097,0.95123,3.23,1.88
2011.07.12 07:19:37.457,0.95097,0.95122,1.73,1.88
2011.07.12 07:19:37.786,0.95087,0.95113,2.63,1.88
2011.07.12 07:19:38.227,0.95086,0.95113,1.13,5.10
2011.07.12 07:19:38.556,0.95086,0.95113,2.63,1.73
2011.07.12 07:19:38.778,0.95086,0.95114,3.23,2.48
2011.07.12 07:19:39.106,0.95089,0.95116,1.13,2.10
2011.07.12 07:19:39.328,0.95099,0.95121,1.73,1.50
2011.07.12 07:19:39.437,0.95099,0.95123,1.13,1.88
2011.07.12 07:19:39.548,0.95099,0.95124,1.13,1.88
2011.07.12 07:19:39.990,0.95108,0.95126,1.13,1.50
2011.07.12 07:19:40.113,0.95108,0.95133,1.73,1.88
2011.07.12 07:19:41.108,0.95107,0.95132,3.00,2.25
2011.07.12 07:19:41.655,0.95107,0.95132,2.63,3.60
2011.07.12 07:19:41.988,0.95107,0.95128,2.63,1.13
2011.07.12 07:19:42.211,0.95107,0.95128,1.13,3.00
2011.07.12 07:19:42.329,0.95096,0.95123,2.63,1.73
2011.07.12 07:19:42.666,0.95097,0.95121,2.63,4.13
2011.07.12 07:19:42.997,0.95097,0.95116,2.63,1.73
2011.07.12 07:19:43.777,0.95098,0.9512,1.13,1.88
2011.07.12 07:19:44.000,0.95099,0.95124,1.35,2.25
2011.07.12 07:19:44.340,0.95101,0.95128,1.13,1.73
2011.07.12 07:19:44.459,0.95107,0.95133,1.13,6.38
2011.07.12 07:19:44.569,0.95107,0.95133,1.13,5.63
2011.07.12 07:19:44.689,0.95107,0.95133,1.50,1.88
2011.07.12 07:19:45.130,0.95117,0.95137,1.73,1.88
2011.07.12 07:19:45.248,0.95117,0.95143,1.73,2.63
2011.07.12 07:19:45.356,0.95117,0.95143,3.60,1.88
2011.07.12 07:19:45.578,0.95126,0.9515,1.13,1.88
2011.07.12 07:19:45.687,0.95122,0.9515,1.13,1.13
2011.07.12 07:19:46.017,0.95118,0.95146,2.25,1.13
2011.07.12 07:19:46.129,0.95117,0.95145,3.75,1.35
2011.07.12 07:19:46.526,0.95116,0.95144,2.63,3.23
2011.07.12 07:19:46.644,0.9511,0.95135,1.50,1.88
2011.07.12 07:19:46.761,0.95108,0.95137,1.13,1.88
2011.07.12 07:19:47.095,0.95108,0.95133,1.13,1.88
2011.07.12 07:19:48.198,0.95108,0.95133,1.13,1.88
2011.07.12 07:19:48.529,0.95108,0.95134,1.13,2.63
2011.07.12 07:19:48.639,0.95108,0.95134,1.13,1.88
2011.07.12 07:19:49.187,0.95108,0.95133,1.13,1.88
2011.07.12 07:19:50.938,0.95108,0.95133,1.13,1.88
2011.07.12 07:19:51.485,0.95108,0.95134,1.13,1.88
2011.07.12 07:19:53.399,0.95115,0.95134,1.13,1.88
2011.07.12 07:19:53.737,0.95116,0.95134,1.35,1.88
2011.07.12 07:19:54.068,0.95117,0.95133,1.13,1.88
2011.07.12 07:19:54.616,0.95116,0.95144,1.73,2.25
2011.07.12 07:19:56.398,0.95118,0.95134,1.13,1.88
2011.07.12 07:19:56.726,0.95118,0.95144,1.13,1.88
2011.07.12 07:19:56.947,0.95118,0.95143,1.13,1.88
2011.07.12 07:19:57.497,0.95123,0.95144,1.50,1.88
2011.07.12 07:19:57.719,0.95125,0.95144,1.13,1.88
2011.07.12 07:19:58.276,0.95126,0.95153,1.13,7.13
2011.07.12 07:19:58.717,0.95133,0.95154,1.13,1.88
2011.07.12 07:20:00.165,0.95132,0.95154,1.13,1.88
2011.07.12 07:20:00.719,0.95133,0.95153,1.73,2.63
2011.07.12 07:20:00.910,0.95125,0.95148,1.13,1.50
2011.07.12 07:20:01.139,0.95117,0.95147,3.60,3.60
2011.07.12 07:20:01.249,0.95117,0.95144,3.00,2.10
2011.07.12 07:20:01.371,0.95117,0.9514,2.63,2.48
2011.07.12 07:20:01.601,0.95109,0.95132,1.13,1.35
2011.07.12 07:20:01.721,0.95109,0.95132,1.13,1.35
2011.07.12 07:20:01.838,0.95102,0.95131,1.35,2.25
2011.07.12 07:20:01.948,0.95106,0.95131,1.13,1.88
2011.07.12 07:20:02.345,0.95114,0.95133,1.13,1.88
2011.07.12 07:20:02.683,0.95117,0.95143,3.75,1.88
2011.07.12 07:20:03.239,0.95116,0.95144,2.63,2.25
2011.07.12 07:20:03.467,0.95119,0.95144,1.13,1.88
2011.07.12 07:20:03.907,0.95119,0.95144,1.35,1.88
2011.07.12 07:20:04.126,0.95119,0.95144,1.35,1.88
2011.07.12 07:20:04.567,0.95118,0.95144,4.35,1.88
2011.07.12 07:20:05.347,0.95118,0.95134,3.60,2.25
2011.07.12 07:20:05.458,0.95113,0.95132,1.50,1.35
2011.07.12 07:20:05.677,0.95107,0.95134,2.63,1.50
2011.07.12 07:20:06.046,0.95098,0.95127,5.25,1.88
2011.07.12 07:20:06.157,0.95096,0.95124,2.63,1.88
2011.07.12 07:20:06.266,0.95096,0.95124,2.63,1.88
2011.07.12 07:20:06.599,0.95096,0.95124,1.13,2.25
2011.07.12 07:20:06.927,0.95099,0.95123,1.13,1.88
2011.07.12 07:20:07.476,0.95099,0.95123,1.13,1.88
2011.07.12 07:20:08.936,0.95103,0.95123,1.13,1.88
2011.07.12 07:20:09.268,0.95112,0.95133,1.13,1.88
2011.07.12 07:20:09.486,0.95112,0.95133,1.13,1.88
2011.07.12 07:20:09.957,0.95125,0.9514,2.25,1.88
2011.07.12 07:20:10.179,0.95127,0.95147,1.73,1.50
2011.07.12 07:20:10.302,0.95132,0.95153,1.73,2.25
2011.07.12 07:20:10.639,0.95133,0.95153,1.13,2.25
2011.07.12 07:20:11.089,0.95137,0.95156,2.25,1.08
2011.07.12 07:20:11.431,0.95104,0.95125,4.50,1.35
2011.07.12 07:20:11.768,0.95091,0.95119,1.36,3.60
2011.07.12 07:20:12.046,0.95089,0.95114,1.35,1.88
2011.07.12 07:20:12.277,0.95094,0.95123,1.13,2.10
2011.07.12 07:20:13.156,0.95096,0.95124,3.23,2.48
2011.07.12 07:20:13.707,0.95096,0.95124,3.23,5.85
2011.07.12 07:20:14.480,0.95096,0.95123,2.63,1.35
2011.07.12 07:20:15.104,0.95096,0.95123,2.63,1.35
2011.07.12 07:20:15.629,0.95096,0.95123,2.63,2.48
2011.07.12 07:20:15.799,0.95098,0.95123,1.35,1.88
2011.07.12 07:20:16.357,0.95096,0.95118,2.63,1.35
2011.07.12 07:20:16.468,0.95096,0.95122,2.63,2.85
2011.07.12 07:20:16.583,0.95098,0.95124,1.35,2.63
2011.07.12 07:20:16.697,0.95098,0.95124,1.35,1.88
2011.07.12 07:20:17.247,0.95098,0.95124,1.35,2.25
2011.07.12 07:20:17.688,0.95093,0.95113,1.13,3.00
2011.07.12 07:20:17.798,0.95084,0.95115,1.51,2.63
2011.07.12 07:20:18.258,0.95092,0.95115,1.35,1.88
2011.07.12 07:20:18.587,0.95099,0.95123,1.35,2.63
2011.07.12 07:20:19.137,0.95107,0.95122,3.00,1.88
2011.07.12 07:20:19.686,0.95107,0.95128,3.00,3.98
2011.07.12 07:20:21.548,0.95107,0.95127,1.50,3.23
2011.07.12 07:20:21.662,0.95109,0.95124,1.50,2.25
2011.07.12 07:20:21.890,0.95104,0.95124,1.50,6.23
2011.07.12 07:20:22.445,0.95104,0.95121,1.50,3.00
2011.07.12 07:20:22.996,0.95104,0.95124,1.50,6.60
2011.07.12 07:20:23.546,0.95104,0.95121,1.50,3.00
2011.07.12 07:20:24.567,0.95104,0.95124,1.50,6.60
2011.07.12 07:20:30.052,0.95104,0.95122,1.50,2.48
2011.07.12 07:20:31.380,0.95109,0.95124,1.50,2.63
2011.07.12 07:20:31.608,0.95109,0.95126,1.50,1.88
2011.07.12 07:20:32.047,0.95111,0.95126,1.50,1.88
2011.07.12 07:20:32.155,0.95111,0.95131,1.50,2.63
2011.07.12 07:20:32.927,0.9511,0.9513,1.50,4.35
2011.07.12 07:20:33.038,0.95109,0.95125,1.50,1.88
2011.07.12 07:20:33.382,0.95109,0.95123,1.50,2.25
2011.07.12 07:20:33.727,0.95103,0.95123,1.50,3.23
2011.07.12 07:20:34.276,0.95108,0.95122,1.50,1.50
2011.07.12 07:20:34.826,0.95108,0.95122,1.50,1.50
2011.07.12 07:20:35.157,0.95108,0.95124,1.50,1.88
2011.07.12 07:20:35.487,0.95108,0.95124,1.50,1.88
2011.07.12 07:20:35.817,0.95108,0.95124,1.50,1.88
2011.07.12 07:20:36.161,0.95107,0.95125,1.50,1.13
2011.07.12 07:20:36.486,0.95107,0.95125,1.50,1.13
2011.07.12 07:20:38.027,0.95107,0.95125,1.50,1.73
2011.07.12 07:20:38.688,0.95107,0.95124,1.50,1.35
2011.07.12 07:20:39.198,0.95108,0.95124,1.50,1.13
2011.07.12 07:20:39.638,0.95105,0.95122,1.50,1.73
2011.07.12 07:20:39.748,0.95104,0.95122,1.50,1.73
2011.07.12 07:20:40.077,0.95099,0.95118,1.50,1.50
2011.07.12 07:20:40.409,0.95096,0.95116,1.50,1.50
2011.07.12 07:20:40.966,0.95093,0.95113,2.25,1.88
2011.07.12 07:20:41.295,0.95096,0.95114,1.50,1.73
2011.07.12 07:20:41.628,0.9511,0.95121,1.50,4.50
2011.07.12 07:20:41.737,0.9511,0.95122,1.50,2.25
2011.07.12 07:20:41.959,0.95114,0.95128,1.50,1.50
2011.07.12 07:20:42.383,0.95111,0.95131,1.50,1.73
2011.07.12 07:20:42.719,0.9511,0.95128,1.50,1.13
2011.07.12 07:20:43.277,0.95111,0.95129,1.50,1.13
2011.07.12 07:20:43.877,0.95111,0.95128,1.50,1.73
2011.07.12 07:20:44.205,0.95109,0.95127,1.50,1.88
2011.07.12 07:20:48.930,0.95111,0.95128,1.50,1.13
2011.07.12 07:20:49.052,0.95111,0.9513,1.50,1.13
2011.07.12 07:20:49.765,0.95114,0.95132,2.25,1.50
2011.07.12 07:20:49.889,0.9512,0.95137,1.50,1.13
2011.07.12 07:20:50.110,0.95118,0.95137,1.50,1.13
2011.07.12 07:20:50.231,0.9512,0.95136,1.50,2.25
2011.07.12 07:20:50.459,0.95117,0.95137,2.25,3.00
2011.07.12 07:20:51.016,0.95117,0.95134,2.25,1.50
2011.07.12 07:20:51.240,0.95119,0.95136,1.50,2.25
2011.07.12 07:20:51.578,0.95124,0.95143,1.50,2.63
2011.07.12 07:20:51.917,0.95128,0.95143,1.50,1.88
2011.07.12 07:20:52.467,0.95128,0.95144,1.50,2.63
2011.07.12 07:20:53.126,0.95129,0.95144,1.50,1.88
2011.07.12 07:20:53.676,0.95129,0.95144,1.50,1.88
2011.07.12 07:20:54.889,0.95129,0.95144,1.50,1.88
2011.07.12 07:20:55.332,0.95126,0.95144,1.50,2.63
2011.07.12 07:20:55.669,0.95128,0.95144,1.50,1.88
2011.07.12 07:20:58.979,0.95129,0.95147,2.25,1.13
2011.07.12 07:20:59.099,0.95135,0.95152,1.50,1.50
2011.07.12 07:20:59.318,0.95135,0.95156,2.25,3.38
2011.07.12 07:21:00.038,0.95136,0.95156,1.50,2.63
2011.07.12 07:21:00.699,0.95138,0.95153,1.50,1.88
2011.07.12 07:21:01.115,0.95138,0.95153,1.50,2.25
2011.07.12 07:21:01.460,0.9513,0.9515,1.50,3.38
2011.07.12 07:21:01.687,0.9513,0.95152,1.50,3.00
2011.07.12 07:21:02.016,0.95132,0.95152,1.50,1.88
2011.07.12 07:21:02.568,0.95135,0.95153,1.50,1.13
2011.07.12 07:21:03.560,0.95133,0.95151,1.50,2.48
2011.07.12 07:21:03.791,0.95129,0.95149,1.50,1.13
2011.07.12 07:21:03.908,0.95129,0.95149,1.50,1.13
2011.07.12 07:21:04.019,0.95129,0.9515,1.50,1.13
2011.07.12 07:21:04.348,0.95129,0.95147,1.50,1.50
2011.07.12 07:21:04.457,0.95127,0.95146,1.50,1.50
2011.07.12 07:21:04.569,0.95126,0.95142,2.63,1.13
2011.07.12 07:21:05.129,0.95126,0.95143,1.13,2.10
2011.07.12 07:21:05.251,0.95127,0.95143,1.50,2.10
2011.07.12 07:21:05.807,0.95127,0.95143,3.38,1.50
2011.07.12 07:21:06.360,0.95128,0.95143,1.50,1.50
2011.07.12 07:21:06.587,0.9513,0.95147,2.25,1.50
2011.07.12 07:21:06.697,0.95132,0.95148,1.50,1.50
2011.07.12 07:21:07.027,0.9513,0.95149,1.50,2.63
2011.07.12 07:21:07.247,0.9513,0.95146,1.50,3.00
2011.07.12 07:21:07.576,0.95127,0.95144,1.50,1.50
2011.07.12 07:21:08.876,0.95128,0.95142,1.50,1.50
2011.07.12 07:21:09.427,0.95126,0.95142,1.50,2.21
2011.07.12 07:21:09.976,0.95126,0.95141,1.50,1.46
2011.07.12 07:21:10.089,0.95126,0.95141,2.25,1.46
2011.07.12 07:21:10.966,0.95128,0.95142,1.50,2.21
2011.07.12 07:21:11.924,0.95126,0.95141,1.50,1.46
2011.07.12 07:21:12.256,0.9513,0.95142,1.50,1.46
2011.07.12 07:21:13.138,0.95132,0.95142,1.50,1.46
2011.07.12 07:21:13.469,0.95131,0.95149,1.50,1.88
2011.07.12 07:21:13.590,0.95131,0.95149,1.50,1.13
2011.07.12 07:21:14.147,0.95131,0.95151,1.50,2.63
2011.07.12 07:21:14.826,0.95133,0.95152,1.50,2.85
2011.07.12 07:21:15.487,0.95135,0.95153,1.50,1.88
2011.07.12 07:21:15.928,0.95138,0.95154,1.50,1.88
2011.07.12 07:21:16.496,0.95138,0.95156,1.50,2.48
2011.07.12 07:21:16.972,0.95138,0.95156,1.50,3.60
2011.07.12 07:21:17.618,0.9514,0.95156,1.50,2.25
2011.07.12 07:21:17.949,0.95138,0.95157,2.25,1.13
2011.07.12 07:21:18.389,0.9514,0.95156,1.50,1.50
2011.07.12 07:21:18.607,0.95141,0.95159,1.50,1.13
2011.07.12 07:21:18.717,0.95141,0.9516,1.50,1.88
2011.07.12 07:21:19.266,0.95144,0.95163,1.50,1.88
2011.07.12 07:21:19.377,0.95144,0.95164,1.50,2.63
2011.07.12 07:21:19.488,0.95144,0.95164,2.25,1.88
2011.07.12 07:21:19.972,0.95147,0.95167,1.50,4.88
2011.07.12 07:21:20.526,0.95147,0.95164,1.50,1.88
2011.07.12 07:21:22.996,0.95146,0.95164,1.50,1.88
2011.07.12 07:21:23.643,0.95145,0.95164,1.50,1.88
2011.07.12 07:21:23.870,0.95144,0.95164,1.50,2.85
2011.07.12 07:21:24.100,0.95144,0.95162,1.50,1.35
2011.07.12 07:21:25.857,0.95147,0.95164,1.50,2.63
2011.07.12 07:21:26.187,0.95145,0.95164,1.50,2.25
2011.07.12 07:21:27.374,0.95145,0.95163,1.50,1.13
2011.07.12 07:21:27.928,0.95148,0.95164,1.50,3.38
2011.07.12 07:21:28.147,0.95148,0.95164,1.50,1.88
2011.07.12 07:21:28.810,0.95151,0.9517,1.50,1.35
2011.07.12 07:21:29.148,0.95154,0.95174,1.50,3.75
2011.07.12 07:21:29.258,0.95152,0.95174,1.50,3.00
2011.07.12 07:21:29.697,0.95154,0.95174,1.50,1.35
2011.07.12 07:21:30.326,0.95154,0.95174,1.50,7.35
2011.07.12 07:21:30.446,0.95148,0.9517,1.50,1.73
2011.07.12 07:21:30.889,0.95148,0.95166,1.50,1.88
2011.07.12 07:21:31.108,0.95148,0.95166,1.50,1.88
2011.07.12 07:21:31.441,0.95147,0.95164,4.13,1.13
2011.07.12 07:21:31.780,0.95142,0.95159,1.13,1.88
2011.07.12 07:21:32.336,0.95146,0.95159,1.88,1.88
2011.07.12 07:21:32.776,0.9514,0.95159,1.50,1.88
2011.07.12 07:21:34.447,0.95141,0.95159,1.50,1.50
2011.07.12 07:21:34.670,0.95143,0.95159,1.50,1.50
2011.07.12 07:21:34.789,0.95139,0.95159,1.50,1.73
2011.07.12 07:21:35.011,0.95137,0.95157,1.88,1.13
2011.07.12 07:21:35.567,0.95136,0.95156,2.63,1.88
2011.07.12 07:21:36.117,0.95136,0.95154,2.63,1.88
2011.07.12 07:21:36.340,0.9514,0.95154,1.50,1.88
2011.07.12 07:21:36.982,0.95145,0.95154,1.50,1.88
2011.07.12 07:21:37.537,0.95144,0.95163,2.25,2.25
2011.07.12 07:21:37.867,0.95143,0.95164,1.50,2.10
2011.07.12 07:21:38.417,0.9514,0.9516,1.50,1.13
2011.07.12 07:21:38.527,0.9514,0.9516,1.50,1.13
2011.07.12 07:21:38.858,0.9514,0.95161,1.50,1.50
2011.07.12 07:21:39.309,0.95142,0.95161,1.50,1.88
2011.07.12 07:21:39.430,0.95142,0.95157,1.50,4.50
2011.07.12 07:21:39.661,0.95131,0.95158,1.51,3.00
2011.07.12 07:21:39.779,0.95131,0.95158,3.98,1.88
2011.07.12 07:21:39.890,0.95131,0.95157,2.10,1.13
2011.07.12 07:21:40.340,0.95136,0.95154,1.13,1.50
2011.07.12 07:21:40.679,0.95131,0.95151,1.50,1.13
2011.07.12 07:21:41.008,0.95129,0.95147,1.50,1.13
2011.07.12 07:21:41.227,0.95129,0.95147,1.50,1.13
2011.07.12 07:21:42.659,0.95127,0.95147,4.13,1.13
2011.07.12 07:21:45.236,0.95127,0.95147,2.63,1.13
2011.07.12 07:21:45.457,0.95127,0.95146,2.63,1.13
2011.07.12 07:21:45.897,0.95127,0.95144,2.63,1.13
2011.07.12 07:21:46.538,0.95121,0.95143,1.50,5.25
2011.07.12 07:21:46.650,0.9512,0.95141,2.25,3.38
2011.07.12 07:21:46.769,0.9512,0.95141,1.50,3.38
2011.07.12 07:21:47.318,0.9512,0.95143,1.50,1.88
2011.07.12 07:21:47.647,0.95125,0.95143,1.50,1.88
2011.07.12 07:21:48.088,0.95126,0.95146,1.50,3.00
2011.07.12 07:21:48.420,0.95133,0.95152,1.50,3.23
2011.07.12 07:21:48.649,0.95134,0.95152,1.50,2.25
2011.07.12 07:21:48.983,0.95133,0.95152,1.50,1.50
2011.07.12 07:21:49.106,0.95133,0.95151,1.50,1.50
2011.07.12 07:21:49.768,0.95134,0.95152,1.50,2.25
2011.07.12 07:21:50.352,0.95134,0.95151,1.50,1.50
2011.07.12 07:21:50.916,0.95134,0.95152,1.50,2.25
2011.07.12 07:21:51.449,0.95134,0.95151,1.50,1.50
2011.07.12 07:21:51.849,0.95132,0.95152,1.50,2.25
2011.07.12 07:21:52.400,0.9513,0.95151,1.50,1.88
2011.07.12 07:21:52.772,0.95128,0.9515,2.25,3.00
2011.07.12 07:21:52.887,0.95128,0.9515,1.50,3.00
2011.07.12 07:21:53.547,0.95128,0.95148,1.50,1.13
2011.07.12 07:21:54.338,0.95129,0.9515,1.50,3.00
2011.07.12 07:21:54.448,0.95131,0.95151,1.50,2.48
2011.07.12 07:21:55.326,0.95131,0.95152,1.50,2.63
2011.07.12 07:21:55.438,0.95129,0.95151,1.50,1.88
2011.07.12 07:21:57.209,0.9513,0.95151,1.50,1.13
2011.07.12 07:21:57.656,0.95131,0.95151,1.50,2.63
2011.07.12 07:21:57.989,0.95133,0.95154,1.50,3.23
2011.07.12 07:21:58.098,0.95134,0.95154,1.50,1.88
2011.07.12 07:21:58.429,0.95136,0.95156,2.25,2.10
2011.07.12 07:21:58.659,0.95136,0.95154,1.50,1.35
2011.07.12 07:21:59.249,0.95136,0.95154,2.25,1.35
2011.07.12 07:21:59.472,0.95136,0.95154,1.50,1.35
2011.07.12 07:22:00.160,0.95136,0.95154,1.50,3.23
2011.07.12 07:22:00.609,0.95136,0.95154,2.25,2.63
2011.07.12 07:22:00.829,0.95136,0.95154,1.50,2.63
2011.07.12 07:22:01.527,0.95136,0.95154,1.50,1.35
2011.07.12 07:22:02.547,0.95136,0.95156,2.25,5.63
2011.07.12 07:22:02.656,0.95135,0.95156,1.50,1.88
2011.07.12 07:22:02.768,0.95137,0.95159,1.50,1.50
2011.07.12 07:22:03.098,0.95144,0.95165,1.50,2.10
2011.07.12 07:22:03.427,0.95148,0.95167,1.50,1.88
2011.07.12 07:22:03.757,0.95152,0.95166,1.50,1.50
2011.07.12 07:22:04.308,0.95149,0.95166,1.50,1.50
2011.07.12 07:22:04.856,0.95148,0.95167,1.50,2.48
2011.07.12 07:22:05.078,0.95146,0.95166,2.63,1.73
2011.07.12 07:22:08.238,0.95147,0.9516,1.88,1.13
2011.07.12 07:22:08.347,0.95139,0.9516,1.50,1.13
2011.07.12 07:22:08.790,0.95139,0.9516,1.50,1.13
2011.07.12 07:22:09.732,0.95139,0.9516,1.50,1.13
2011.07.12 07:22:09.850,0.9514,0.9516,1.50,1.73
2011.07.12 07:22:10.079,0.9514,0.95158,1.50,1.50
2011.07.12 07:22:10.517,0.95137,0.95156,1.50,1.73
2011.07.12 07:22:12.909,0.95138,0.95159,1.50,1.73
2011.07.12 07:22:13.357,0.95138,0.95159,1.50,3.23
2011.07.12 07:22:15.205,0.95138,0.95159,1.50,3.23
2011.07.12 07:22:16.108,0.95138,0.95159,1.50,3.23
2011.07.12 07:22:16.326,0.95138,0.95159,1.50,3.23
2011.07.12 07:22:17.956,0.95137,0.95158,2.25,2.48
2011.07.12 07:22:18.399,0.95137,0.95159,1.50,3.23
2011.07.12 07:22:18.949,0.95139,0.95159,1.50,1.13
2011.07.12 07:22:19.176,0.95139,0.95159,1.50,1.13
2011.07.12 07:22:19.721,0.95138,0.95159,1.50,1.13
2011.07.12 07:22:20.496,0.95139,0.95159,1.50,1.13
2011.07.12 07:22:20.716,0.95139,0.95159,1.50,1.13
2011.07.12 07:22:21.157,0.95139,0.95159,1.50,1.13
2011.07.12 07:22:22.838,0.95138,0.95159,1.50,1.73
2011.07.12 07:22:23.403,0.95136,0.95159,3.38,2.48
2011.07.12 07:22:23.955,0.95137,0.95159,2.63,3.60
2011.07.12 07:22:24.397,0.95137,0.95159,2.63,3.60
2011.07.12 07:22:25.978,0.95137,0.95159,1.13,4.35
2011.07.12 07:22:26.088,0.95137,0.95153,1.13,1.35
2011.07.12 07:22:26.648,0.95126,0.95151,2.63,4.73
2011.07.12 07:22:26.977,0.95127,0.95147,2.63,1.35
2011.07.12 07:22:27.306,0.95116,0.95145,2.63,3.23
2011.07.12 07:22:27.417,0.95126,0.95143,1.50,1.73
2011.07.12 07:22:27.968,0.95124,0.95145,1.13,1.13
2011.07.12 07:22:28.297,0.95124,0.9515,1.13,3.38
2011.07.12 07:22:28.408,0.95127,0.95151,1.13,2.85
2011.07.12 07:22:28.959,0.95126,0.95151,2.63,2.25
2011.07.12 07:22:29.398,0.95126,0.95151,2.63,1.13
2011.07.12 07:22:29.999,0.95126,0.9515,2.63,1.13
2011.07.12 07:22:30.546,0.95127,0.95152,2.63,2.63
2011.07.12 07:22:30.768,0.95127,0.95152,2.63,4.50
2011.07.12 07:22:31.318,0.95126,0.9515,2.63,1.13
2011.07.12 07:22:31.428,0.95126,0.95146,2.63,1.35
2011.07.12 07:22:31.648,0.95126,0.95146,2.63,1.35
2011.07.12 07:22:31.762,0.95126,0.95149,2.63,4.13
2011.07.12 07:22:32.091,0.95126,0.95148,2.63,1.13
2011.07.12 07:22:32.321,0.95116,0.95146,2.63,2.63
2011.07.12 07:22:32.439,0.95116,0.95144,3.23,1.13
2011.07.12 07:22:32.549,0.95116,0.95141,3.23,1.88
2011.07.12 07:22:32.766,0.95116,0.95142,3.23,1.88
2011.07.12 07:22:33.426,0.95126,0.95141,2.63,1.88
2011.07.12 07:22:34.419,0.95126,0.95142,2.63,2.25
2011.07.12 07:22:34.528,0.95126,0.95146,2.63,3.75
2011.07.12 07:22:34.751,0.95119,0.95146,3.76,2.25
2011.07.12 07:22:34.977,0.95126,0.95146,2.63,2.25
2011.07.12 07:22:35.526,0.95129,0.95152,1.13,1.88
2011.07.12 07:22:35.752,0.95127,0.95152,3.23,1.13
2011.07.12 07:22:36.093,0.95127,0.95147,3.23,1.13
2011.07.12 07:22:36.319,0.95126,0.95141,2.63,1.50
2011.07.12 07:22:36.648,0.95127,0.95141,1.88,1.50
2011.07.12 07:22:36.867,0.95127,0.95141,2.25,1.50
2011.07.12 07:22:37.637,0.95127,0.95141,1.13,1.50
2011.07.12 07:22:37.857,0.95127,0.95147,1.13,1.88
2011.07.12 07:22:38.078,0.95127,0.95147,1.13,1.88
2011.07.12 07:22:38.591,0.95127,0.95147,2.63,1.88
2011.07.12 07:22:39.146,0.95127,0.95147,2.63,1.88
2011.07.12 07:22:39.258,0.95127,0.95147,2.63,1.88
2011.07.12 07:22:40.027,0.95127,0.95147,2.63,1.88
2011.07.12 07:22:40.470,0.95127,0.95147,1.88,1.88
2011.07.12 07:22:40.919,0.95127,0.95147,3.23,1.88
2011.07.12 07:22:41.248,0.95132,0.95146,1.13,1.88
2011.07.12 07:22:41.578,0.95131,0.95152,1.35,1.88
2011.07.12 07:22:41.887,0.95136,0.95151,1.13,1.50
2011.07.12 07:22:42.004,0.95138,0.95166,1.13,1.13
2011.07.12 07:22:42.119,0.95138,0.95163,1.13,2.25
2011.07.12 07:22:43.437,0.95147,0.95167,2.63,3.00
2011.07.12 07:22:44.337,0.95147,0.95167,2.63,2.63
2011.07.12 07:22:44.448,0.95147,0.95166,1.13,1.50
2011.07.12 07:22:45.326,0.95147,0.95167,2.63,1.88
2011.07.12 07:22:46.200,0.95147,0.95167,2.63,2.48
2011.07.12 07:22:46.779,0.95144,0.95168,1.50,1.13
2011.07.12 07:22:47.327,0.95146,0.95168,2.63,2.85
2011.07.12 07:22:47.546,0.95146,0.95168,2.63,2.85
2011.07.12 07:22:47.989,0.95146,0.9517,2.63,1.50
2011.07.12 07:22:48.098,0.95146,0.9517,3.23,1.13
2011.07.12 07:22:48.210,0.95149,0.9517,1.35,1.13
2011.07.12 07:22:48.878,0.95149,0.9517,1.35,1.13
2011.07.12 07:22:49.425,0.95149,0.9517,1.35,1.13
2011.07.12 07:22:49.947,0.95146,0.9517,2.63,2.25
2011.07.12 07:22:50.499,0.95146,0.95169,2.63,1.13
2011.07.12 07:22:51.260,0.95147,0.95171,1.35,2.25
2011.07.12 07:22:51.597,0.95147,0.95171,1.35,2.25
2011.07.12 07:22:52.148,0.95148,0.95171,2.25,1.50
2011.07.12 07:22:52.258,0.95148,0.95174,2.25,3.38
2011.07.12 07:22:53.369,0.95147,0.95174,1.35,3.38
2011.07.12 07:22:53.587,0.95146,0.95174,3.01,2.63
2011.07.12 07:22:55.556,0.95154,0.95176,1.13,1.73
2011.07.12 07:22:56.106,0.95147,0.95176,1.73,1.73
2011.07.12 07:22:56.217,0.95147,0.95173,1.73,1.13
2011.07.12 07:22:56.436,0.95148,0.95175,4.13,1.13
2011.07.12 07:22:57.041,0.95148,0.95176,2.26,3.38
2011.07.12 07:22:57.164,0.95154,0.95177,2.25,1.50
2011.07.12 07:22:57.497,0.95156,0.95181,2.63,2.25
2011.07.12 07:22:58.477,0.95156,0.95181,2.63,1.50
2011.07.12 07:22:58.590,0.95156,0.95175,2.63,1.13
2011.07.12 07:22:58.816,0.95149,0.95178,1.13,4.35
2011.07.12 07:22:59.035,0.95151,0.95174,1.35,1.88
2011.07.12 07:22:59.147,0.95156,0.95178,1.13,1.50
2011.07.12 07:22:59.696,0.95157,0.95176,1.88,3.00
2011.07.12 07:22:59.917,0.95157,0.95179,2.63,2.25
2011.07.12 07:23:00.273,0.95158,0.95181,1.35,1.88
2011.07.12 07:23:00.390,0.95154,0.95181,2.11,3.00
2011.07.12 07:23:00.510,0.95155,0.95181,1.13,2.63
2011.07.12 07:23:00.627,0.95157,0.95182,2.63,2.63
2011.07.12 07:23:00.958,0.95166,0.95182,1.88,1.88
2011.07.12 07:23:02.417,0.95166,0.95182,1.88,1.50
2011.07.12 07:23:02.526,0.95166,0.95185,1.88,1.88
2011.07.12 07:23:03.407,0.95166,0.95185,1.88,1.88
2011.07.12 07:23:04.054,0.95166,0.95184,1.88,1.13
2011.07.12 07:23:04.936,0.95166,0.95187,1.88,3.38
2011.07.12 07:23:05.379,0.95166,0.95184,1.88,1.88
2011.07.12 07:23:05.719,0.95157,0.95184,2.25,4.13
2011.07.12 07:23:06.381,0.95157,0.9518,1.88,1.88
2011.07.12 07:23:06.719,0.95152,0.95176,1.35,1.50
2011.07.12 07:23:07.047,0.95147,0.95173,3.23,4.13
2011.07.12 07:23:07.364,0.95156,0.95172,1.88,1.13
2011.07.12 07:23:08.031,0.95147,0.95172,1.35,2.63
2011.07.12 07:23:08.590,0.95147,0.95171,1.35,2.25
2011.07.12 07:23:08.710,0.95154,0.95171,3.23,2.25
2011.07.12 07:23:08.828,0.95153,0.95171,1.50,2.25
2011.07.12 07:23:08.938,0.95151,0.95172,2.10,5.25
2011.07.12 07:23:09.050,0.95156,0.95172,2.10,1.50
2011.07.12 07:23:09.278,0.95159,0.95175,1.50,1.13
2011.07.12 07:23:09.499,0.95154,0.95175,1.13,1.13
2011.07.12 07:23:10.058,0.95157,0.95176,1.88,1.88
2011.07.12 07:23:10.582,0.95152,0.95174,1.13,1.13
2011.07.12 07:23:11.136,0.95157,0.95174,1.88,1.13
2011.07.12 07:23:11.907,0.95156,0.95175,1.88,1.13
2011.07.12 07:23:13.029,0.95156,0.95176,1.88,1.88
2011.07.12 07:23:14.515,0.95156,0.95177,1.88,2.63
2011.07.12 07:23:16.537,0.95156,0.9518,2.63,1.50
2011.07.12 07:23:17.707,0.95156,0.95179,2.63,1.50
2011.07.12 07:23:20.278,0.95156,0.9518,2.63,1.50
2011.07.12 07:23:21.156,0.95156,0.95179,1.88,1.50
2011.07.12 07:23:21.487,0.95139,0.95163,1.51,1.73
2011.07.12 07:23:21.952,0.9513,0.95147,1.50,3.75
2011.07.12 07:23:22.074,0.95121,0.9515,2.11,4.50
2011.07.12 07:23:22.299,0.95126,0.9515,1.13,4.88
2011.07.12 07:23:22.627,0.95126,0.95146,1.13,1.50
2011.07.12 07:23:22.958,0.9512,0.95143,1.35,1.88
2011.07.12 07:23:23.067,0.95126,0.95146,1.13,1.50
2011.07.12 07:23:23.836,0.95126,0.95146,2.63,2.25
2011.07.12 07:23:24.606,0.95126,0.95146,2.63,2.25
2011.07.12 07:23:25.150,0.95126,0.95146,2.63,2.25
2011.07.12 07:23:26.857,0.95126,0.95147,2.63,1.50
2011.07.12 07:23:27.076,0.95126,0.95147,2.63,1.50
2011.07.12 07:23:27.410,0.95121,0.95144,1.51,1.13
2011.07.12 07:23:27.530,0.95123,0.95146,1.13,2.48
2011.07.12 07:23:27.648,0.95128,0.95147,1.50,2.10
2011.07.12 07:23:27.761,0.95131,0.95151,1.35,1.50
2011.07.12 07:23:27.991,0.95131,0.95155,1.36,1.13
2011.07.12 07:23:28.415,0.95136,0.95156,1.13,1.88
2011.07.12 07:23:30.253,0.95135,0.95155,1.13,1.13
2011.07.12 07:23:30.838,0.95137,0.95154,1.88,3.75
2011.07.12 07:23:31.170,0.95129,0.9515,1.13,1.50
2011.07.12 07:23:31.598,0.95126,0.95146,2.63,1.88
2011.07.12 07:23:32.148,0.95126,0.95151,3.00,1.50
2011.07.12 07:23:32.257,0.95126,0.95151,4.36,1.50
2011.07.12 07:23:32.806,0.95126,0.95151,4.36,1.50
2011.07.12 07:23:33.326,0.95126,0.95152,4.36,1.50
2011.07.12 07:23:34.709,0.95126,0.95151,3.98,1.50
2011.07.12 07:23:35.040,0.95126,0.95145,1.50,1.13
2011.07.12 07:23:35.158,0.95116,0.95141,2.63,1.73
2011.07.12 07:23:35.623,0.95116,0.95137,2.63,1.13
2011.07.12 07:23:35.849,0.95116,0.95138,2.63,3.60
2011.07.12 07:23:36.177,0.95116,0.95136,2.63,1.13
2011.07.12 07:23:41.337,0.95116,0.95136,2.63,1.13
2011.07.12 07:23:41.450,0.95116,0.95136,2.63,1.13
2011.07.12 07:23:42.029,0.95116,0.95138,2.63,2.10
2011.07.12 07:23:46.447,0.95116,0.95136,2.63,5.63
2011.07.12 07:23:47.237,0.95116,0.95136,2.63,5.63
2011.07.12 07:23:49.356,0.95116,0.95136,2.63,4.88
2011.07.12 07:23:49.466,0.95116,0.95136,2.63,4.88
2011.07.12 07:23:49.605,0.95116,0.95136,2.63,4.88
2011.07.12 07:23:53.126,0.95116,0.95136,2.63,2.63
2011.07.12 07:23:53.920,0.95117,0.95136,2.63,1.13
2011.07.12 07:23:54.037,0.95117,0.95136,2.63,1.13
2011.07.12 07:23:55.356,0.95117,0.95136,1.88,1.13
2011.07.12 07:23:55.906,0.95116,0.95136,2.63,2.63
2011.07.12 07:23:56.567,0.95116,0.95136,2.63,2.25
2011.07.12 07:23:56.920,0.95117,0.9514,1.13,1.88
2011.07.12 07:23:59.227,0.95117,0.9514,2.63,1.13
2011.07.12 07:24:00.973,0.95116,0.9514,1.13,1.88
2011.07.12 07:24:01.309,0.95116,0.95139,1.13,2.63
2011.07.12 07:24:01.955,0.95116,0.95138,1.88,1.50
2011.07.12 07:24:02.728,0.95116,0.95135,2.63,1.46
2011.07.12 07:24:03.059,0.95107,0.95131,3.38,1.13
2011.07.12 07:24:03.389,0.95109,0.95133,1.35,1.88
2011.07.12 07:24:03.895,0.95116,0.95136,2.63,1.88
2011.07.12 07:24:04.447,0.95116,0.95137,1.88,2.25
2011.07.12 07:24:04.889,0.95116,0.95138,1.88,1.88
2011.07.12 07:24:05.765,0.95116,0.95139,2.63,1.13
2011.07.12 07:24:06.319,0.95116,0.95139,2.63,1.88
2011.07.12 07:24:07.021,0.95116,0.95139,2.63,1.88
2011.07.12 07:24:08.656,0.95116,0.95138,2.63,1.13
2011.07.12 07:24:08.989,0.95116,0.9514,2.63,3.00
2011.07.12 07:24:09.426,0.95116,0.9514,2.63,2.63
2011.07.12 07:24:10.308,0.95116,0.9514,2.63,2.63
2011.07.12 07:24:10.849,0.95116,0.95134,1.13,2.10
2011.07.12 07:24:10.965,0.95107,0.95131,2.63,2.10
2011.07.12 07:24:11.080,0.95107,0.95127,2.63,1.13
2011.07.12 07:24:11.420,0.95107,0.95125,2.63,1.73
2011.07.12 07:24:11.979,0.95099,0.95125,1.73,1.13
2011.07.12 07:24:12.307,0.95098,0.95121,1.35,1.13
2011.07.12 07:24:12.418,0.95098,0.95122,1.35,1.13
2011.07.12 07:24:12.528,0.95097,0.95123,2.63,2.25
2011.07.12 07:24:13.731,0.95097,0.95123,2.63,3.00
2011.07.12 07:24:14.288,0.95097,0.95123,2.63,3.00
2011.07.12 07:24:14.838,0.95097,0.95123,3.61,1.88
2011.07.12 07:24:15.386,0.95098,0.95123,1.51,1.88
2011.07.12 07:24:15.497,0.95098,0.95126,1.51,2.85
2011.07.12 07:24:15.721,0.95099,0.95127,1.13,1.88
2011.07.12 07:24:16.059,0.95106,0.95122,1.13,6.23
2011.07.12 07:24:16.169,0.95097,0.95122,2.63,3.23
2011.07.12 07:24:16.276,0.95097,0.95122,2.63,1.13
2011.07.12 07:24:16.393,0.95097,0.95121,2.63,1.88
2011.07.12 07:24:18.297,0.95097,0.95119,2.63,1.13
2011.07.12 07:24:18.847,0.95097,0.95117,2.63,1.50
2011.07.12 07:24:19.837,0.95097,0.9512,2.63,1.73
2011.07.12 07:24:21.267,0.95097,0.95119,2.63,1.13
2011.07.12 07:24:21.610,0.95097,0.95119,2.63,1.13
2011.07.12 07:24:22.678,0.95097,0.95119,2.63,1.13
2011.07.12 07:24:23.007,0.95097,0.95119,2.63,1.13
2011.07.12 07:24:23.230,0.95097,0.95117,2.63,1.50
2011.07.12 07:24:23.346,0.95097,0.95117,2.63,1.50
2011.07.12 07:24:23.896,0.95097,0.95118,2.63,3.00
2011.07.12 07:24:24.119,0.95097,0.95121,2.63,2.25
2011.07.12 07:24:24.447,0.95094,0.95121,1.50,3.60
2011.07.12 07:24:25.043,0.95093,0.95113,1.35,1.88
2011.07.12 07:24:25.161,0.95096,0.95119,1.13,1.50
2011.07.12 07:24:25.280,0.95095,0.95107,1.13,1.13
2011.07.12 07:24:25.400,0.95096,0.95114,1.13,1.73
2011.07.12 07:24:25.628,0.95093,0.95115,1.35,1.50
2011.07.12 07:24:25.848,0.95087,0.9511,1.13,1.73
2011.07.12 07:24:26.289,0.95091,0.95113,1.35,1.50
2011.07.12 07:24:26.397,0.95092,0.95116,1.13,3.00
2011.07.12 07:24:26.509,0.95096,0.95118,2.63,1.50
2011.07.12 07:24:26.621,0.95099,0.95121,1.73,2.25
2011.07.12 07:24:26.849,0.95102,0.95125,1.13,4.50
2011.07.12 07:24:26.964,0.95102,0.95127,1.13,1.50
2011.07.12 07:24:27.079,0.95106,0.95128,2.63,1.50
2011.07.12 07:24:27.640,0.95106,0.95127,1.88,1.50
2011.07.12 07:24:27.750,0.95106,0.95125,1.88,1.73
2011.07.12 07:24:27.870,0.95106,0.95127,1.88,3.98
2011.07.12 07:24:28.429,0.95106,0.95126,1.88,1.13
2011.07.12 07:24:28.651,0.95106,0.95125,2.63,1.13
2011.07.12 07:24:29.206,0.95106,0.95125,1.13,1.13
2011.07.12 07:24:29.761,0.95107,0.95127,2.63,1.50
2011.07.12 07:24:30.501,0.95102,0.95127,1.73,1.13
2011.07.12 07:24:30.620,0.951,0.95115,1.13,4.50
2011.07.12 07:24:30.961,0.95088,0.95108,1.88,1.13
2011.07.12 07:24:31.079,0.95087,0.95107,2.25,1.50
2011.07.12 07:24:31.410,0.95087,0.95111,2.48,1.88
2011.07.12 07:24:31.531,0.95088,0.95112,1.35,2.63
2011.07.12 07:24:31.758,0.95088,0.95112,1.35,1.13
2011.07.12 07:24:32.307,0.95087,0.95113,1.13,1.88
2011.07.12 07:24:33.075,0.95088,0.95113,1.35,1.88
2011.07.12 07:24:33.877,0.95088,0.95114,1.73,3.00
2011.07.12 07:24:35.607,0.95088,0.95114,1.35,3.00
2011.07.12 07:24:36.157,0.95088,0.95114,1.73,2.25
2011.07.12 07:24:36.657,0.95087,0.95113,1.50,1.13
2011.07.12 07:24:36.878,0.95087,0.95111,1.50,1.13
2011.07.12 07:24:37.099,0.95086,0.95107,1.88,1.13
2011.07.12 07:24:37.536,0.95087,0.95108,1.50,2.25
2011.07.12 07:24:39.859,0.95087,0.95109,2.25,1.50
2011.07.12 07:24:40.078,0.95086,0.95111,1.13,4.13
2011.07.12 07:24:40.186,0.95087,0.95111,1.13,1.13
2011.07.12 07:24:40.679,0.95087,0.95111,3.00,1.13
2011.07.12 07:24:41.006,0.95087,0.95111,3.00,1.88
2011.07.12 07:24:41.227,0.95087,0.95111,3.00,1.88
2011.07.12 07:24:41.777,0.95087,0.9511,3.00,1.88
2011.07.12 07:24:42.328,0.95087,0.95107,1.88,1.73
2011.07.12 07:24:42.876,0.95086,0.9511,2.63,8.85
2011.07.12 07:24:43.448,0.95086,0.95107,1.88,1.73
2011.07.12 07:24:44.310,0.95086,0.9511,2.63,3.98
2011.07.12 07:24:44.762,0.95086,0.9511,2.63,1.13
2011.07.12 07:24:44.986,0.95088,0.95113,2.25,2.48
2011.07.12 07:24:45.429,0.95089,0.95111,2.25,1.35
2011.07.12 07:24:45.758,0.95089,0.95107,1.50,1.13
2011.07.12 07:24:46.088,0.95088,0.95109,2.25,2.63
2011.07.12 07:24:46.307,0.95088,0.95108,2.25,1.50
2011.07.12 07:24:46.424,0.95086,0.95106,1.88,3.23
2011.07.12 07:24:46.536,0.95086,0.95106,1.88,3.23
2011.07.12 07:24:47.084,0.95083,0.95104,1.13,1.88
2011.07.12 07:24:47.201,0.95083,0.95103,1.13,1.50
2011.07.12 07:24:47.540,0.95088,0.95111,1.13,1.13
2011.07.12 07:24:47.658,0.95089,0.95114,1.13,1.73
2011.07.12 07:24:47.987,0.95097,0.95114,1.88,1.13
2011.07.12 07:24:50.077,0.95097,0.95116,1.88,4.35
2011.07.12 07:24:50.407,0.95097,0.95114,2.63,1.13
2011.07.12 07:24:50.627,0.95097,0.95114,1.88,1.13
2011.07.12 07:24:50.849,0.95097,0.95114,1.88,1.13
2011.07.12 07:24:51.294,0.95096,0.95116,3.00,2.10
2011.07.12 07:24:51.415,0.95102,0.95118,1.50,1.50
2011.07.12 07:24:51.747,0.95106,0.95119,1.88,1.35
2011.07.12 07:24:54.267,0.95107,0.95119,1.50,1.50
2011.07.12 07:24:54.777,0.95107,0.95119,1.50,1.50
2011.07.12 07:24:55.107,0.95107,0.95119,1.50,1.50
2011.07.12 07:24:55.436,0.95107,0.95117,1.50,1.50
2011.07.12 07:24:55.769,0.95096,0.95113,1.88,1.73
2011.07.12 07:24:55.877,0.95096,0.95113,1.88,1.73
2011.07.12 07:24:56.206,0.95096,0.95113,1.88,2.48
2011.07.12 07:24:56.647,0.95094,0.95117,1.50,1.35
2011.07.12 07:24:57.197,0.95097,0.95117,1.88,1.35
2011.07.12 07:24:59.260,0.95097,0.95115,1.88,1.13
2011.07.12 07:24:59.807,0.95097,0.95114,1.88,1.73
2011.07.12 07:25:00.360,0.95097,0.95112,1.88,1.50
2011.07.12 07:25:00.579,0.95089,0.95112,1.50,1.50
2011.07.12 07:25:00.687,0.95089,0.95112,1.88,1.50
2011.07.12 07:25:01.301,0.95096,0.95112,1.88,1.50
2011.07.12 07:25:01.424,0.95096,0.95113,1.88,1.50
2011.07.12 07:25:01.809,0.95096,0.9512,1.88,1.88
2011.07.12 07:25:02.031,0.95096,0.95122,3.98,2.25
2011.07.12 07:25:02.259,0.95106,0.95122,1.88,1.50
2011.07.12 07:25:02.370,0.95106,0.95123,1.88,1.50
2011.07.12 07:25:02.951,0.95107,0.95123,1.88,1.88
2011.07.12 07:25:03.179,0.95107,0.9512,1.88,1.13
2011.07.12 07:25:03.287,0.95099,0.9512,1.88,1.13
2011.07.12 07:25:03.397,0.95101,0.9512,1.13,1.13
2011.07.12 07:25:03.508,0.95099,0.9512,1.88,1.13
2011.07.12 07:25:03.618,0.95099,0.9512,1.88,1.13
2011.07.12 07:25:03.729,0.95098,0.95119,2.25,1.88
2011.07.12 07:25:03.838,0.95097,0.95117,1.88,1.13
2011.07.12 07:25:05.218,0.95097,0.95119,1.88,1.50
2011.07.12 07:25:05.438,0.95097,0.95116,1.88,1.50
2011.07.12 07:25:05.986,0.95097,0.95116,1.88,1.13
2011.07.12 07:25:07.197,0.95097,0.95116,1.88,1.13
2011.07.12 07:25:07.418,0.95098,0.95121,1.73,1.50
2011.07.12 07:25:07.528,0.951,0.95121,1.35,1.50
2011.07.12 07:25:07.748,0.95109,0.95128,2.10,1.50
2011.07.12 07:25:08.146,0.9511,0.95138,1.13,1.88
2011.07.12 07:25:08.368,0.95113,0.95138,2.25,1.50
2011.07.12 07:25:08.478,0.95113,0.9514,2.25,3.38
2011.07.12 07:25:08.587,0.95113,0.95141,4.35,1.50
2011.07.12 07:25:08.917,0.95121,0.95143,1.50,3.23
2011.07.12 07:25:09.246,0.95116,0.95141,2.25,2.63
2011.07.12 07:25:10.127,0.95116,0.9514,2.25,1.50
2011.07.12 07:25:10.568,0.95117,0.95142,3.01,1.35
2011.07.12 07:25:10.971,0.95119,0.95142,1.13,1.35
2011.07.12 07:25:11.298,0.9512,0.95143,1.13,1.13
2011.07.12 07:25:11.412,0.95118,0.95143,2.25,1.88
2011.07.12 07:25:12.297,0.95119,0.95139,1.88,1.35
2011.07.12 07:25:12.519,0.95117,0.95135,1.88,1.50
2011.07.12 07:25:12.740,0.95113,0.95135,1.50,1.88
2011.07.12 07:25:12.857,0.95109,0.9513,2.48,1.50
2011.07.12 07:25:13.515,0.95109,0.95131,3.23,1.50
2011.07.12 07:25:14.257,0.95108,0.9513,3.23,1.50
2011.07.12 07:25:14.916,0.95109,0.9513,2.48,1.50
2011.07.12 07:25:15.028,0.95108,0.9513,2.10,1.50
2011.07.12 07:25:16.876,0.95106,0.95128,1.88,1.50
2011.07.12 07:25:16.990,0.95106,0.95121,1.88,1.50
2011.07.12 07:25:17.223,0.95098,0.95121,1.88,1.13
2011.07.12 07:25:17.337,0.95098,0.95119,1.88,1.13
2011.07.12 07:25:17.670,0.95099,0.95121,2.63,1.13
2011.07.12 07:25:17.790,0.95099,0.95123,2.63,1.73
2011.07.12 07:25:18.017,0.95107,0.95123,1.88,1.35
2011.07.12 07:25:18.332,0.95107,0.95121,1.88,1.73
2011.07.12 07:25:18.559,0.95099,0.95119,1.50,1.13
2011.07.12 07:25:19.107,0.95097,0.95119,2.25,1.13
2011.07.12 07:25:19.771,0.95097,0.9512,2.25,2.25
2011.07.12 07:25:19.892,0.95097,0.95117,1.88,3.60
2011.07.12 07:25:20.012,0.95089,0.95115,2.25,1.73
2011.07.12 07:25:20.243,0.95089,0.95111,1.50,1.13
2011.07.12 07:25:20.359,0.95088,0.95109,1.88,1.13
2011.07.12 07:25:20.468,0.95087,0.95108,1.88,2.48
2011.07.12 07:25:21.022,0.95086,0.95103,1.50,1.13
2011.07.12 07:25:21.472,0.95081,0.95105,1.50,3.23
2011.07.12 07:25:21.701,0.95081,0.95108,1.13,1.13
2011.07.12 07:25:21.819,0.95082,0.9511,1.13,5.48
2011.07.12 07:25:22.394,0.95086,0.9511,2.63,1.88
2011.07.12 07:25:22.515,0.95087,0.95113,1.13,2.63
2011.07.12 07:25:22.959,0.95087,0.95113,3.00,1.88
2011.07.12 07:25:23.618,0.95091,0.95114,1.13,3.38
2011.07.12 07:25:23.950,0.95089,0.9511,2.25,1.13
2011.07.12 07:25:25.278,0.95088,0.95111,2.26,1.50
2011.07.12 07:25:25.833,0.95088,0.95113,2.26,3.23
2011.07.12 07:25:26.279,0.95088,0.95109,1.50,1.50
2011.07.12 07:25:26.608,0.95086,0.95106,1.13,3.00
2011.07.12 07:25:27.050,0.95088,0.95104,1.35,1.88
2011.07.12 07:25:27.171,0.95088,0.95111,1.35,1.50
2011.07.12 07:25:27.290,0.95089,0.95113,1.35,1.88
2011.07.12 07:25:27.410,0.95087,0.95114,2.25,1.88
2011.07.12 07:25:27.530,0.95091,0.95113,2.10,1.88
2011.07.12 07:25:28.204,0.95096,0.95114,1.13,1.88
2011.07.12 07:25:28.871,0.951,0.95114,2.86,1.50
2011.07.12 07:25:28.990,0.951,0.95114,1.51,1.50
2011.07.12 07:25:29.219,0.951,0.95123,1.51,1.88
2011.07.12 07:25:29.661,0.95102,0.95123,1.50,1.88
2011.07.12 07:25:30.001,0.95104,0.95123,2.63,1.88
2011.07.12 07:25:30.836,0.95107,0.9513,1.13,1.13
2011.07.12 07:25:30.951,0.95107,0.95123,1.13,1.88
2011.07.12 07:25:31.729,0.95104,0.95123,1.35,1.88
2011.07.12 07:25:31.851,0.95103,0.9512,1.88,1.50
2011.07.12 07:25:31.968,0.95097,0.95121,3.01,2.63
2011.07.12 07:25:32.298,0.95098,0.95122,1.13,1.13
2011.07.12 07:25:32.518,0.95098,0.95121,1.13,1.50
2011.07.12 07:25:32.741,0.95094,0.95117,2.63,2.48
2011.07.12 07:25:32.968,0.95091,0.95114,1.13,1.88
2011.07.12 07:25:33.077,0.9509,0.95114,1.13,1.13
2011.07.12 07:25:33.576,0.95091,0.95113,1.35,4.13
2011.07.12 07:25:33.692,0.95091,0.95113,1.35,1.88
2011.07.12 07:25:34.246,0.95091,0.95113,1.35,1.88
2011.07.12 07:25:34.358,0.95091,0.95112,1.35,4.50
2011.07.12 07:25:34.471,0.95088,0.95109,2.25,1.50
2011.07.12 07:25:34.699,0.95084,0.95109,3.23,2.25
2011.07.12 07:25:35.141,0.95087,0.95113,1.73,1.50
2011.07.12 07:25:35.259,0.95091,0.95114,1.35,1.88
2011.07.12 07:25:36.136,0.9509,0.95113,2.26,1.88
2011.07.12 07:25:36.885,0.95093,0.95113,2.10,1.88
2011.07.12 07:25:37.230,0.95089,0.95113,2.25,3.00
2011.07.12 07:25:37.349,0.95089,0.95113,1.50,4.13
2011.07.12 07:25:37.567,0.95089,0.95113,2.85,4.13
2011.07.12 07:25:37.897,0.95087,0.95113,1.13,4.13
2011.07.12 07:25:38.116,0.95087,0.95113,1.13,3.38
2011.07.12 07:25:38.446,0.9509,0.95114,2.48,3.38
2011.07.12 07:25:38.557,0.95093,0.95113,1.35,1.88
2011.07.12 07:25:39.220,0.95091,0.95113,1.73,1.88
2011.07.12 07:25:39.340,0.95093,0.95113,2.85,1.88
2011.07.12 07:25:39.459,0.95092,0.95113,1.13,1.88
2011.07.12 07:25:40.056,0.95094,0.95113,2.10,1.88
2011.07.12 07:25:40.176,0.95091,0.95114,3.23,3.38
2011.07.12 07:25:40.510,0.95089,0.95113,1.13,3.60
2011.07.12 07:25:40.629,0.95089,0.95113,2.63,1.88
2011.07.12 07:25:40.957,0.95089,0.95113,1.50,1.50
2011.07.12 07:25:41.071,0.95094,0.95113,2.48,1.50
2011.07.12 07:25:41.301,0.95099,0.95124,2.10,7.13
2011.07.12 07:25:41.529,0.95098,0.9512,1.13,1.13
2011.07.12 07:25:41.638,0.95098,0.95123,1.73,3.00
2011.07.12 07:25:41.858,0.95097,0.95119,2.48,1.13
2011.07.12 07:25:42.189,0.95097,0.95118,2.63,1.50
2011.07.12 07:25:42.846,0.95094,0.95115,2.10,1.13
2011.07.12 07:25:43.440,0.95094,0.95114,3.23,1.88
2011.07.12 07:25:43.562,0.95095,0.95114,2.85,2.63
2011.07.12 07:25:44.119,0.95099,0.95123,1.73,4.13
2011.07.12 07:25:44.228,0.95099,0.95123,1.73,3.38
2011.07.12 07:25:44.339,0.95099,0.95123,1.73,2.63
2011.07.12 07:25:44.777,0.951,0.95123,2.10,2.63
2011.07.12 07:25:45.329,0.95101,0.95123,1.35,1.88
2011.07.12 07:25:46.557,0.95101,0.95123,1.35,1.88
2011.07.12 07:25:46.998,0.95101,0.95123,1.35,1.88
2011.07.12 07:25:47.734,0.95103,0.95124,1.35,1.88
2011.07.12 07:25:48.506,0.95103,0.95124,1.73,1.88
2011.07.12 07:25:50.047,0.951,0.95124,2.10,2.63
2011.07.12 07:25:51.261,0.951,0.95122,2.10,2.25
2011.07.12 07:25:51.619,0.95095,0.9512,1.50,2.25
2011.07.12 07:25:51.744,0.95092,0.95116,1.35,4.50
2011.07.12 07:25:52.078,0.95093,0.95113,1.35,1.88
2011.07.12 07:25:52.626,0.95093,0.95113,1.35,1.88
2011.07.12 07:25:53.068,0.95092,0.95113,1.35,1.88
2011.07.12 07:25:53.178,0.95092,0.95113,1.35,1.88
2011.07.12 07:25:53.729,0.95089,0.95113,2.85,1.88
2011.07.12 07:25:54.126,0.95088,0.95113,3.23,2.63
2011.07.12 07:25:54.471,0.95084,0.95106,1.35,1.13
2011.07.12 07:25:55.030,0.95082,0.95103,2.10,1.88
2011.07.12 07:25:55.367,0.95087,0.95107,1.88,2.25
2011.07.12 07:25:55.697,0.95083,0.95109,1.73,1.50
2011.07.12 07:25:55.918,0.95085,0.95111,3.60,1.50
2011.07.12 07:25:56.247,0.9509,0.95113,2.48,1.13
2011.07.12 07:25:56.662,0.95088,0.95114,2.63,4.50
2011.07.12 07:25:56.999,0.95092,0.95114,2.10,2.63
2011.07.12 07:25:57.113,0.95094,0.95114,2.10,2.63
2011.07.12 07:25:57.338,0.95095,0.95121,2.10,1.50
2011.07.12 07:25:57.890,0.95095,0.95123,2.48,1.50
2011.07.12 07:25:58.337,0.95096,0.9512,1.88,1.50
2011.07.12 07:25:58.668,0.95096,0.95114,1.88,1.50
2011.07.12 07:25:59.120,0.95091,0.95114,1.35,1.50
2011.07.12 07:26:00.658,0.95089,0.9511,2.25,1.50
2011.07.12 07:26:00.770,0.95089,0.9511,1.88,1.50
2011.07.12 07:26:01.109,0.95089,0.95109,1.50,1.88
2011.07.12 07:26:01.330,0.95087,0.95108,1.88,1.50
2011.07.12 07:26:01.703,0.95082,0.95107,1.35,1.13
2011.07.12 07:26:02.095,0.95087,0.95102,1.88,1.50
2011.07.12 07:26:02.653,0.95087,0.95103,1.88,1.50
2011.07.12 07:26:02.771,0.95077,0.95101,2.85,1.50
2011.07.12 07:26:03.328,0.95077,0.95095,1.88,2.25
2011.07.12 07:26:03.663,0.95072,0.95098,1.35,3.38
2011.07.12 07:26:03.779,0.95076,0.95098,1.88,2.63
2011.07.12 07:26:03.889,0.95076,0.95099,3.98,1.50
2011.07.12 07:26:04.238,0.95077,0.95099,2.48,1.50
2011.07.12 07:26:04.676,0.95077,0.95099,1.88,1.50
2011.07.12 07:26:05.227,0.95077,0.95099,1.88,4.50
2011.07.12 07:26:05.449,0.95077,0.95092,1.88,1.50
2011.07.12 07:26:05.560,0.95071,0.95091,1.50,1.13
2011.07.12 07:26:05.681,0.95065,0.95089,2.11,1.50
2011.07.12 07:26:05.909,0.95066,0.95091,2.25,2.25
2011.07.12 07:26:06.017,0.95066,0.95091,1.88,2.25
2011.07.12 07:26:06.128,0.95066,0.95091,1.88,2.25
2011.07.12 07:26:06.238,0.95066,0.95091,3.98,2.25
2011.07.12 07:26:06.349,0.95066,0.95091,1.88,2.25
2011.07.12 07:26:06.567,0.95066,0.95091,1.88,1.50
2011.07.12 07:26:08.079,0.95064,0.95084,1.35,4.50
2011.07.12 07:26:08.412,0.95049,0.9507,1.35,1.13
2011.07.12 07:26:08.639,0.95046,0.95065,1.88,1.13
2011.07.12 07:26:09.186,0.95047,0.95065,1.88,1.88
2011.07.12 07:26:09.514,0.95047,0.95063,1.88,1.50
2011.07.12 07:26:10.299,0.95047,0.95065,1.88,2.10
2011.07.12 07:26:10.627,0.95041,0.9506,1.13,1.50
2011.07.12 07:26:10.738,0.9504,0.95061,1.13,2.63
2011.07.12 07:26:11.177,0.95038,0.95061,2.63,1.88
2011.07.12 07:26:11.506,0.95038,0.95061,2.63,1.88
2011.07.12 07:26:11.837,0.95038,0.95061,2.25,4.13
2011.07.12 07:26:11.949,0.95038,0.9506,1.50,1.50
2011.07.12 07:26:12.057,0.95036,0.9506,1.88,1.50
2011.07.12 07:26:12.579,0.95036,0.95058,3.00,3.38
2011.07.12 07:26:12.799,0.95036,0.95058,2.63,3.38
2011.07.12 07:26:13.790,0.95037,0.95053,1.88,1.13
2011.07.12 07:26:14.337,0.95029,0.95053,2.25,2.63
2011.07.12 07:26:14.448,0.95039,0.95053,2.10,1.50
2011.07.12 07:26:14.556,0.95037,0.95053,1.13,1.50
2011.07.12 07:26:14.671,0.95054,0.95066,1.50,1.50
2011.07.12 07:26:14.789,0.95064,0.95073,1.88,3.00
2011.07.12 07:26:15.068,0.95064,0.95083,1.88,7.13
2011.07.12 07:26:15.186,0.95079,0.95092,2.85,1.88
2011.07.12 07:26:15.300,0.95079,0.95104,1.35,3.75
2011.07.12 07:26:15.636,0.95079,0.95106,2.10,4.50
2011.07.12 07:26:15.967,0.95081,0.95106,2.10,3.75
2011.07.12 07:26:16.407,0.95079,0.95106,3.23,3.75
2011.07.12 07:26:16.958,0.95082,0.95108,2.10,3.38
2011.07.12 07:26:17.179,0.95083,0.95108,2.10,3.38
2011.07.12 07:26:17.671,0.9508,0.95101,2.48,2.25
2011.07.12 07:26:18.668,0.95082,0.95102,1.35,1.50
2011.07.12 07:26:19.218,0.95078,0.95101,2.11,2.63
2011.07.12 07:26:19.549,0.95086,0.95101,2.10,1.50
2011.07.12 07:26:19.767,0.95086,0.95106,2.10,2.25
2011.07.12 07:26:20.307,0.95087,0.95107,2.48,3.00
2011.07.12 07:26:20.426,0.95086,0.95106,3.23,1.50
2011.07.12 07:26:20.759,0.95088,0.95114,1.73,3.00
2011.07.12 07:26:20.870,0.95089,0.95113,2.48,1.13
2011.07.12 07:26:21.319,0.95078,0.95102,2.11,2.63
2011.07.12 07:26:21.429,0.95077,0.95096,4.35,1.50
2011.07.12 07:26:21.539,0.95076,0.95097,1.88,1.50
2011.07.12 07:26:21.649,0.95076,0.95097,1.88,1.50
2011.07.12 07:26:21.868,0.95076,0.95096,1.88,1.50
2011.07.12 07:26:21.980,0.95076,0.95093,1.88,3.75
2011.07.12 07:26:22.538,0.95076,0.95093,1.88,4.50
2011.07.12 07:26:22.840,0.95067,0.95091,3.23,3.75
2011.07.12 07:26:22.962,0.95066,0.95091,2.63,4.50
2011.07.12 07:26:23.298,0.95057,0.95085,3.23,1.73
2011.07.12 07:26:23.412,0.95056,0.95081,2.63,2.25
2011.07.12 07:26:23.752,0.95058,0.95079,2.10,1.50
2011.07.12 07:26:23.869,0.9506,0.95083,1.35,2.63
2011.07.12 07:26:23.980,0.9506,0.95083,1.35,2.63
2011.07.12 07:26:24.098,0.95062,0.95083,1.35,1.88
2011.07.12 07:26:24.540,0.95061,0.95083,2.25,1.88
2011.07.12 07:26:24.758,0.95061,0.95085,2.85,1.13
2011.07.12 07:26:25.091,0.95066,0.95086,1.88,1.50
2011.07.12 07:26:25.427,0.95066,0.95085,1.88,1.50
2011.07.12 07:26:25.949,0.95066,0.95085,1.88,1.50
2011.07.12 07:26:26.388,0.95066,0.95083,1.88,1.13
2011.07.12 07:26:26.717,0.95066,0.95085,1.88,2.25
2011.07.12 07:26:27.053,0.95062,0.95086,2.48,3.38
2011.07.12 07:26:27.277,0.95062,0.95088,2.48,2.63
2011.07.12 07:26:27.498,0.95058,0.95084,1.51,4.88
2011.07.12 07:26:27.718,0.95059,0.95081,1.50,1.88
2011.07.12 07:26:27.829,0.95056,0.9508,2.25,1.50
2011.07.12 07:26:27.940,0.95053,0.95078,3.23,1.50
2011.07.12 07:26:28.526,0.95051,0.95073,2.85,1.88
2011.07.12 07:26:28.863,0.9505,0.95073,2.10,3.38
2011.07.12 07:26:29.092,0.95047,0.95071,4.35,1.50
2011.07.12 07:26:29.321,0.95047,0.95068,1.88,1.50
2011.07.12 07:26:29.550,0.95046,0.95061,1.88,1.50
2011.07.12 07:26:29.661,0.95039,0.95061,2.10,1.50
2011.07.12 07:26:29.888,0.95039,0.95061,2.10,1.50
2011.07.12 07:26:30.000,0.95037,0.95058,2.63,1.13
2011.07.12 07:26:30.338,0.95036,0.95055,1.88,1.50
2011.07.12 07:26:30.763,0.95036,0.95052,1.88,1.50
2011.07.12 07:26:30.884,0.95036,0.95055,1.88,1.50
2011.07.12 07:26:31.107,0.95035,0.95055,1.35,1.50
2011.07.12 07:26:31.678,0.95036,0.95057,2.48,2.25
2011.07.12 07:26:32.337,0.95035,0.95057,2.10,1.50
2011.07.12 07:26:32.887,0.95036,0.95057,2.48,1.50
2011.07.12 07:26:35.510,0.95039,0.95057,2.48,1.50
2011.07.12 07:26:35.951,0.95042,0.95061,1.35,1.50
2011.07.12 07:26:36.069,0.95041,0.95062,1.35,1.50
2011.07.12 07:26:36.288,0.95041,0.95063,1.73,1.88
2011.07.12 07:26:36.507,0.95042,0.95063,1.35,1.88
2011.07.12 07:26:36.618,0.95042,0.95063,1.35,1.88
2011.07.12 07:26:38.138,0.95042,0.95063,1.35,1.50
2011.07.12 07:26:38.358,0.95042,0.95062,1.35,1.50
2011.07.12 07:26:38.470,0.95041,0.95063,1.35,2.63
2011.07.12 07:26:38.699,0.95037,0.95062,1.73,3.38
2011.07.12 07:26:38.807,0.95035,0.95059,1.73,1.50
2011.07.12 07:26:39.797,0.95039,0.95057,1.35,1.50
2011.07.12 07:26:40.742,0.95038,0.95057,2.10,1.50
2011.07.12 07:26:40.971,0.95038,0.95059,2.10,1.13
2011.07.12 07:26:41.089,0.95042,0.9506,2.10,1.50
2011.07.12 07:26:41.198,0.95042,0.95062,2.10,1.50
2011.07.12 07:26:41.641,0.95043,0.95067,2.10,5.25
2011.07.12 07:26:41.762,0.95045,0.95068,2.11,1.13
2011.07.12 07:26:41.987,0.95045,0.95069,3.23,3.00
2011.07.12 07:26:42.098,0.95051,0.95069,2.10,3.00
2011.07.12 07:26:42.430,0.95051,0.95071,2.10,1.88
2011.07.12 07:26:42.549,0.9505,0.95071,1.35,1.88
2011.07.12 07:26:42.879,0.9505,0.95073,1.35,1.88
2011.07.12 07:26:43.700,0.9505,0.95073,1.35,1.88
2011.07.12 07:26:43.818,0.95049,0.95073,1.35,3.38
2011.07.12 07:26:44.367,0.95049,0.95072,1.35,1.50
2011.07.12 07:26:44.587,0.9505,0.95071,1.35,1.50
2011.07.12 07:26:45.027,0.95047,0.9507,2.48,1.50
2011.07.12 07:26:45.356,0.95047,0.95069,3.23,1.50
2011.07.12 07:26:45.768,0.95047,0.95069,3.23,1.50
2011.07.12 07:26:46.327,0.95047,0.95067,2.48,1.50
2011.07.12 07:26:46.658,0.95047,0.95069,3.23,1.50
2011.07.12 07:26:46.989,0.95049,0.95071,1.13,1.50
2011.07.12 07:26:47.317,0.95049,0.95074,2.25,1.13
2011.07.12 07:26:47.868,0.9505,0.95073,1.13,1.88
2011.07.12 07:26:48.378,0.9505,0.95074,1.13,1.88
2011.07.12 07:26:48.488,0.9505,0.95076,1.13,3.75
2011.07.12 07:26:48.597,0.9505,0.95075,1.13,1.13
2011.07.12 07:26:49.149,0.95049,0.95074,1.35,2.63
2011.07.12 07:26:49.259,0.95049,0.95073,1.35,3.75
2011.07.12 07:26:49.368,0.95049,0.95073,1.35,4.50
2011.07.12 07:26:49.698,0.95049,0.95073,1.35,3.75
2011.07.12 07:26:50.471,0.95048,0.95072,1.35,1.50
2011.07.12 07:26:50.976,0.9505,0.95071,1.50,1.13
2011.07.12 07:26:51.202,0.95046,0.95066,2.48,1.50
2011.07.12 07:26:51.432,0.95047,0.95071,1.35,1.50
2011.07.12 07:26:51.771,0.95051,0.95072,1.50,1.50
2011.07.12 07:26:52.110,0.95051,0.95069,2.10,1.50
2011.07.12 07:26:52.342,0.9506,0.95077,2.25,1.50
2011.07.12 07:26:52.464,0.9507,0.95077,1.35,1.50
2011.07.12 07:26:52.582,0.9507,0.95082,1.35,1.50
2011.07.12 07:26:52.972,0.95069,0.95086,1.50,1.50
2011.07.12 07:26:53.098,0.95073,0.95093,1.50,2.63
2011.07.12 07:26:53.208,0.95073,0.95093,2.25,1.88
2011.07.12 07:26:53.439,0.95069,0.9509,1.50,1.13
2011.07.12 07:26:53.659,0.95067,0.95088,1.88,1.50
2011.07.12 07:26:53.990,0.95067,0.9509,2.63,1.50
2011.07.12 07:26:54.439,0.95067,0.95088,1.88,1.50
2011.07.12 07:26:55.596,0.95065,0.95089,2.10,1.50
2011.07.12 07:26:55.927,0.95067,0.9509,4.13,1.50
2011.07.12 07:26:56.259,0.95073,0.95096,2.25,1.88
2011.07.12 07:26:56.478,0.95077,0.95099,1.88,1.50
2011.07.12 07:26:57.370,0.95075,0.95099,2.48,1.50
2011.07.12 07:26:57.491,0.95077,0.95099,1.35,1.50
2011.07.12 07:26:57.942,0.95077,0.95101,1.35,1.50
2011.07.12 07:26:58.277,0.95079,0.95104,2.25,3.38
2011.07.12 07:26:58.501,0.95083,0.95107,2.10,3.00
2011.07.12 07:26:59.062,0.95087,0.95106,1.88,1.13
2011.07.12 07:26:59.399,0.95087,0.95103,1.88,3.00
2011.07.12 07:26:59.508,0.95078,0.95103,1.35,3.75
2011.07.12 07:26:59.619,0.95078,0.95102,1.35,1.13
2011.07.12 07:26:59.972,0.95077,0.95097,2.48,1.50
2011.07.12 07:27:00.192,0.95073,0.95095,1.50,1.50
2011.07.12 07:27:00.419,0.9507,0.95093,1.88,1.50
2011.07.12 07:27:00.749,0.95073,0.95094,1.13,1.13
2011.07.12 07:27:01.094,0.95076,0.951,4.13,1.50
2011.07.12 07:27:01.212,0.95076,0.95102,4.13,1.88
2011.07.12 07:27:01.768,0.95077,0.95102,2.25,1.50
2011.07.12 07:27:02.100,0.95077,0.95102,2.25,1.50
2011.07.12 07:27:02.642,0.9508,0.95103,1.35,1.88
2011.07.12 07:27:03.749,0.95086,0.95103,1.50,1.50
2011.07.12 07:27:04.299,0.9508,0.95104,1.35,1.50
2011.07.12 07:27:04.407,0.95081,0.95104,2.48,1.50
2011.07.12 07:27:04.867,0.95086,0.95108,1.88,1.50
2011.07.12 07:27:05.202,0.9509,0.95107,2.48,1.50
2011.07.12 07:27:05.320,0.95091,0.95111,1.35,2.25
2011.07.12 07:27:06.098,0.95091,0.95113,1.35,3.38
2011.07.12 07:27:06.539,0.95094,0.95116,1.13,1.50
2011.07.12 07:27:06.760,0.95099,0.95122,1.13,2.63
2011.07.12 07:27:06.866,0.95099,0.95122,3.38,1.88
2011.07.12 07:27:06.979,0.95099,0.95127,3.38,3.00
2011.07.12 07:27:07.086,0.95099,0.95126,2.25,1.50
2011.07.12 07:27:07.501,0.95106,0.95125,1.50,1.13
2011.07.12 07:27:07.842,0.951,0.95124,1.35,1.88
2011.07.12 07:27:07.960,0.95104,0.95124,2.10,1.13
2011.07.12 07:27:08.297,0.95106,0.95129,1.73,1.50
2011.07.12 07:27:08.628,0.95107,0.95132,2.48,3.00
2011.07.12 07:27:08.959,0.95109,0.95131,1.13,3.00
2011.07.12 07:27:09.069,0.95107,0.95131,3.38,3.00
2011.07.12 07:27:09.397,0.95107,0.95131,2.63,1.73
2011.07.12 07:27:09.835,0.95107,0.95131,2.63,1.73
2011.07.12 07:27:10.340,0.95107,0.95133,2.63,2.63
2011.07.12 07:27:10.448,0.95107,0.95133,3.38,2.63
2011.07.12 07:27:10.998,0.95107,0.95133,2.63,2.63
2011.07.12 07:27:11.551,0.95107,0.95133,3.38,2.63
2011.07.12 07:27:12.110,0.95107,0.9513,1.13,1.13
2011.07.12 07:27:12.898,0.95107,0.95131,1.73,1.50
2011.07.12 07:27:13.245,0.95107,0.95132,2.63,1.13
2011.07.12 07:27:13.473,0.95107,0.95131,2.63,2.81
2011.07.12 07:27:13.811,0.95098,0.95123,2.26,1.50
2011.07.12 07:27:14.367,0.95099,0.95123,1.36,1.13
2011.07.12 07:27:14.916,0.95099,0.95123,1.36,1.88
2011.07.12 07:27:15.466,0.95099,0.95123,2.86,2.63
2011.07.12 07:27:16.367,0.95099,0.95123,2.26,2.63
2011.07.12 07:27:17.368,0.95102,0.95123,2.25,1.88
2011.07.12 07:27:19.388,0.95112,0.95126,1.35,2.25
2011.07.12 07:27:19.505,0.95114,0.95132,1.50,3.00
2011.07.12 07:27:19.731,0.95114,0.95135,1.50,2.25
2011.07.12 07:27:19.847,0.95115,0.95131,1.50,1.88
2011.07.12 07:27:19.958,0.95117,0.95133,1.35,1.88
2011.07.12 07:27:20.177,0.95117,0.95137,1.13,2.25
2011.07.12 07:27:20.288,0.95118,0.95137,1.50,1.50
2011.07.12 07:27:20.731,0.95119,0.95141,1.35,2.63
2011.07.12 07:27:20.851,0.95122,0.95141,1.50,2.25
2011.07.12 07:27:21.301,0.95122,0.95141,1.50,2.25
2011.07.12 07:27:21.767,0.95118,0.95139,1.50,1.35
2011.07.12 07:27:21.887,0.95117,0.95138,2.63,1.50
2011.07.12 07:27:22.327,0.95117,0.95137,3.38,1.50
2011.07.12 07:27:22.987,0.95117,0.95135,1.88,1.35
2011.07.12 07:27:23.100,0.95113,0.95133,1.50,1.88
2011.07.12 07:27:23.767,0.95114,0.95133,1.50,2.63
2011.07.12 07:27:24.599,0.95114,0.95133,1.50,2.63
2011.07.12 07:27:25.587,0.95115,0.95133,1.50,1.88
2011.07.12 07:27:26.360,0.95114,0.95133,1.50,1.88
2011.07.12 07:27:26.908,0.95117,0.95137,2.63,2.25
2011.07.12 07:27:27.240,0.95112,0.95133,1.50,1.13
2011.07.12 07:27:27.457,0.95115,0.95134,1.50,1.88
2011.07.12 07:27:27.898,0.95117,0.95136,2.85,1.88
2011.07.12 07:27:28.264,0.9512,0.95143,1.50,3.75
2011.07.12 07:27:28.488,0.9512,0.95143,1.50,3.38
2011.07.12 07:27:28.596,0.95123,0.95143,1.50,3.38
2011.07.12 07:27:29.809,0.95119,0.95142,1.35,1.50
2011.07.12 07:27:29.921,0.95118,0.9514,1.50,2.48
2011.07.12 07:27:30.039,0.95117,0.95136,1.88,1.50
2011.07.12 07:27:30.369,0.95117,0.95131,1.88,1.35
2011.07.12 07:27:30.747,0.95106,0.95127,2.63,1.13
2011.07.12 07:27:31.299,0.95107,0.95125,1.88,1.50
2011.07.12 07:27:31.849,0.95107,0.95127,2.63,1.35
2011.07.12 07:27:32.068,0.95107,0.9513,3.38,2.25
2011.07.12 07:27:32.287,0.95109,0.95131,2.25,1.35
2011.07.12 07:27:32.727,0.95109,0.95131,2.25,1.50
2011.07.12 07:27:33.513,0.9511,0.95133,1.50,3.75
2011.07.12 07:27:33.739,0.95108,0.95131,2.25,1.13
2011.07.12 07:27:33.852,0.95108,0.95133,2.25,5.25
2011.07.12 07:27:33.969,0.95109,0.95132,1.50,2.63
2011.07.12 07:27:34.299,0.95108,0.9513,1.50,1.50
2011.07.12 07:27:34.630,0.95119,0.95133,1.50,1.13
2011.07.12 07:27:34.739,0.95119,0.95141,1.50,2.25
2011.07.12 07:27:34.961,0.95123,0.95143,2.10,1.13
2011.07.12 07:27:35.518,0.95126,0.95144,3.38,1.13
2011.07.12 07:27:35.627,0.95126,0.95144,3.38,1.13
2011.07.12 07:27:35.849,0.95122,0.9514,1.50,1.13
2011.07.12 07:27:36.071,0.95119,0.9514,1.50,1.13
2011.07.12 07:27:36.598,0.95117,0.9514,2.63,1.88
2011.07.12 07:27:36.933,0.95117,0.9514,3.98,1.50
2011.07.12 07:27:37.380,0.9512,0.95142,2.25,1.88
2011.07.12 07:27:37.488,0.95121,0.95143,2.85,1.88
2011.07.12 07:27:38.073,0.95123,0.95144,1.13,1.88
2011.07.12 07:27:38.776,0.95127,0.9515,1.13,1.50
2011.07.12 07:27:39.001,0.95127,0.95151,1.13,2.25
2011.07.12 07:27:39.557,0.95128,0.95154,1.35,2.63
2011.07.12 07:27:39.998,0.95128,0.95154,1.73,2.63
2011.07.12 07:27:40.329,0.95128,0.95154,1.50,3.38
2011.07.12 07:27:40.919,0.95127,0.95153,2.48,1.50
2011.07.12 07:27:41.509,0.95129,0.95153,1.35,1.50
2011.07.12 07:27:42.760,0.95127,0.95152,1.13,1.88
2011.07.12 07:27:42.988,0.95126,0.95152,1.88,1.88
2011.07.12 07:27:43.319,0.95126,0.95146,1.88,1.35
2011.07.12 07:27:43.650,0.95119,0.95142,1.50,1.50
2011.07.12 07:27:43.770,0.95117,0.95141,1.88,1.50
2011.07.12 07:27:44.327,0.95117,0.9514,1.88,1.50
2011.07.12 07:27:44.822,0.95116,0.95138,1.88,1.13
2011.07.12 07:27:45.169,0.95116,0.95138,1.88,1.88
2011.07.12 07:27:45.718,0.95109,0.95135,3.75,1.13
2011.07.12 07:27:46.047,0.95109,0.95136,3.75,1.13
2011.07.12 07:27:46.491,0.95115,0.95133,1.35,1.88
2011.07.12 07:27:46.826,0.95116,0.95141,1.13,1.13
2011.07.12 07:27:47.048,0.95116,0.95141,1.13,1.73
2011.07.12 07:27:47.448,0.95117,0.95137,1.88,2.25
2011.07.12 07:27:47.780,0.95111,0.9513,1.13,1.88
2011.07.12 07:27:48.009,0.95106,0.9513,2.63,1.88
2011.07.12 07:27:48.117,0.95106,0.9513,2.63,1.13
2011.07.12 07:27:48.339,0.95107,0.95128,2.63,1.88
2011.07.12 07:27:48.669,0.95101,0.9513,1.88,1.13
2011.07.12 07:27:48.997,0.95107,0.9513,2.25,1.35
2011.07.12 07:27:49.468,0.95107,0.95133,1.13,3.23
2011.07.12 07:27:49.578,0.95107,0.95133,1.13,2.48
2011.07.12 07:27:50.110,0.9511,0.95134,1.36,1.50
2011.07.12 07:27:50.658,0.95108,0.95133,2.63,2.63
2011.07.12 07:27:50.876,0.95108,0.95133,2.63,2.63
2011.07.12 07:27:51.539,0.95109,0.95133,1.13,4.50
2011.07.12 07:27:51.758,0.95113,0.95133,1.13,1.88
2011.07.12 07:27:51.867,0.95117,0.95141,1.13,1.50
2011.07.12 07:27:52.198,0.95117,0.95143,3.60,2.63
2011.07.12 07:27:52.418,0.95117,0.95143,3.60,2.63
2011.07.12 07:27:52.527,0.95119,0.95143,1.13,1.13
2011.07.12 07:27:53.041,0.9512,0.95144,1.35,2.63
2011.07.12 07:27:53.598,0.9512,0.95144,1.13,1.88
2011.07.12 07:27:54.519,0.95126,0.95144,1.50,1.13
2011.07.12 07:27:54.960,0.95126,0.95144,1.50,1.13
2011.07.12 07:27:55.188,0.95125,0.95144,1.13,1.13
2011.07.12 07:27:55.304,0.95131,0.9515,1.35,1.50
2011.07.12 07:27:55.420,0.95131,0.95153,1.73,2.63
2011.07.12 07:27:55.757,0.95137,0.95154,1.50,2.25
2011.07.12 07:27:56.169,0.95139,0.95156,2.48,1.13
2011.07.12 07:27:56.280,0.95142,0.95162,1.35,2.25
2011.07.12 07:27:56.399,0.95142,0.95167,1.35,4.13
2011.07.12 07:27:56.727,0.95147,0.95168,1.88,2.63
2011.07.12 07:27:57.278,0.95147,0.95167,1.88,1.50
2011.07.12 07:27:57.827,0.95147,0.95166,1.88,2.63
2011.07.12 07:27:58.607,0.95147,0.95165,1.88,3.38
2011.07.12 07:27:59.628,0.95141,0.95162,2.10,2.63
2011.07.12 07:27:59.741,0.95136,0.9516,2.63,1.50
2011.07.12 07:28:00.301,0.95141,0.95161,1.35,1.50
2011.07.12 07:28:00.418,0.95137,0.95162,2.63,2.25
2011.07.12 07:28:00.639,0.95137,0.95161,1.88,3.00
2011.07.12 07:28:00.861,0.9514,0.95161,1.73,1.50
2011.07.12 07:28:01.211,0.95147,0.95166,1.88,2.25
2011.07.12 07:28:01.329,0.95147,0.95166,1.88,2.25
2011.07.12 07:28:01.771,0.95141,0.95163,1.36,1.13
2011.07.12 07:28:02.109,0.95137,0.95163,2.63,1.13
2011.07.12 07:28:02.658,0.95136,0.95164,3.01,3.38
2011.07.12 07:28:03.035,0.95136,0.95164,3.01,3.38
2011.07.12 07:28:03.586,0.95137,0.95163,3.23,3.38
2011.07.12 07:28:03.921,0.95137,0.95159,2.63,1.13
2011.07.12 07:28:04.478,0.95137,0.95158,1.88,2.48
2011.07.12 07:28:04.917,0.95131,0.95156,1.13,1.50
2011.07.12 07:28:05.466,0.95137,0.95156,1.88,1.50
2011.07.12 07:28:06.018,0.95137,0.95159,1.88,1.50
2011.07.12 07:28:07.582,0.95137,0.95161,2.63,2.25
2011.07.12 07:28:07.699,0.95137,0.95163,3.38,1.88
2011.07.12 07:28:08.247,0.95138,0.95163,1.51,2.63
2011.07.12 07:28:09.257,0.95138,0.95163,1.51,2.63
2011.07.12 07:28:09.699,0.95144,0.95163,2.10,1.88
2011.07.12 07:28:10.058,0.95144,0.95166,2.48,1.50
2011.07.12 07:28:10.176,0.95143,0.95172,3.38,2.25
2011.07.12 07:28:10.288,0.95146,0.95171,1.88,2.25
2011.07.12 07:28:10.729,0.95147,0.95171,1.88,3.75
2011.07.12 07:28:13.548,0.95151,0.95172,1.73,2.25
2011.07.12 07:28:13.660,0.95152,0.95172,1.50,1.50
2011.07.12 07:28:13.889,0.95157,0.95171,1.88,1.50
2011.07.12 07:28:14.108,0.95147,0.95171,4.50,1.50
2011.07.12 07:28:14.223,0.95147,0.95171,3.23,2.25
2011.07.12 07:28:16.322,0.95148,0.95171,1.35,2.25
2011.07.12 07:28:16.659,0.95146,0.95171,3.60,2.25
2011.07.12 07:28:17.209,0.95148,0.95174,1.88,3.38
2011.07.12 07:28:17.427,0.95149,0.95174,1.13,1.13
2011.07.12 07:28:17.758,0.95157,0.95177,1.88,3.00
2011.07.12 07:28:18.307,0.95157,0.95176,1.88,2.25
2011.07.12 07:28:18.857,0.95157,0.95177,1.88,3.00
2011.07.12 07:28:19.498,0.95157,0.95177,1.88,3.60
2011.07.12 07:28:19.615,0.95157,0.95176,1.88,2.25
2011.07.12 07:28:20.388,0.95157,0.95172,1.88,1.50
2011.07.12 07:28:20.829,0.95157,0.95174,1.88,1.88
2011.07.12 07:28:20.936,0.95147,0.95173,1.88,1.13
2011.07.12 07:28:21.489,0.95147,0.95173,2.85,2.63
2011.07.12 07:28:21.600,0.95147,0.95173,2.85,2.63
2011.07.12 07:28:22.161,0.95147,0.95173,2.85,1.13
2011.07.12 07:28:22.931,0.95146,0.95174,4.73,3.38
2011.07.12 07:28:23.394,0.95147,0.95173,2.25,1.13
2011.07.12 07:28:23.948,0.95147,0.95173,2.25,2.63
2011.07.12 07:28:24.938,0.95157,0.95173,1.50,1.13
2011.07.12 07:28:25.817,0.95157,0.95173,1.50,1.13
2011.07.12 07:28:28.587,0.95157,0.95173,1.50,1.13
2011.07.12 07:28:29.799,0.9515,0.95174,2.11,1.13
2011.07.12 07:28:29.909,0.9515,0.95174,2.11,1.13
2011.07.12 07:28:30.348,0.95156,0.95174,1.50,1.13
2011.07.12 07:28:30.678,0.95147,0.9517,1.88,1.50
2011.07.12 07:28:31.241,0.95146,0.9517,3.38,1.50
2011.07.12 07:28:33.758,0.95146,0.9517,3.38,1.50
2011.07.12 07:28:33.869,0.95146,0.9517,2.63,1.50
2011.07.12 07:28:34.198,0.95146,0.9517,3.38,1.50
2011.07.12 07:28:34.418,0.95146,0.9517,4.13,1.50
2011.07.12 07:28:34.857,0.95157,0.9517,1.88,1.50
2011.07.12 07:28:36.400,0.95147,0.9517,2.63,2.85
2011.07.12 07:28:36.517,0.95147,0.95169,1.88,1.35
2011.07.12 07:28:37.066,0.95145,0.95169,1.13,1.50
2011.07.12 07:28:38.573,0.95146,0.95169,1.88,1.50
2011.07.12 07:28:39.116,0.95146,0.95167,1.88,1.50
2011.07.12 07:28:39.448,0.95146,0.9517,1.88,1.88
2011.07.12 07:28:39.888,0.95146,0.95172,2.25,1.50
2011.07.12 07:28:40.766,0.95147,0.95172,1.88,1.50
2011.07.12 07:28:41.208,0.95147,0.95169,1.88,1.35
2011.07.12 07:28:41.754,0.9514,0.95167,1.88,1.13
2011.07.12 07:28:42.308,0.95147,0.95167,1.88,1.13
2011.07.12 07:28:42.969,0.95147,0.9517,1.88,5.10
2011.07.12 07:28:43.957,0.95147,0.95172,2.48,1.50
2011.07.12 07:28:45.179,0.95147,0.95172,1.88,1.50
2011.07.12 07:28:48.386,0.95147,0.95172,1.88,1.50
2011.07.12 07:28:48.609,0.95149,0.95173,2.48,2.63
2011.07.12 07:28:49.085,0.95152,0.95178,3.38,1.13
2011.07.12 07:28:49.419,0.95152,0.95177,1.88,1.50
2011.07.12 07:28:50.407,0.95156,0.95178,1.88,1.50
2011.07.12 07:28:50.630,0.95156,0.95169,1.88,1.13
2011.07.12 07:28:50.739,0.95146,0.95169,3.23,1.88
2011.07.12 07:28:50.848,0.95146,0.95169,2.63,1.88
2011.07.12 07:28:51.069,0.95148,0.9517,1.35,1.50
2011.07.12 07:28:51.180,0.95156,0.95171,1.50,1.50
2011.07.12 07:28:52.671,0.95147,0.9517,2.86,1.50
2011.07.12 07:28:53.117,0.95157,0.95173,1.88,1.50
2011.07.12 07:28:53.446,0.95157,0.95171,1.88,1.50
2011.07.12 07:28:53.998,0.95157,0.95171,1.88,1.50
2011.07.12 07:28:54.218,0.95146,0.95167,1.88,1.50
2011.07.12 07:28:54.329,0.95146,0.95164,1.50,1.88
2011.07.12 07:28:54.659,0.95165,0.95171,3.00,1.13
2011.07.12 07:28:54.769,0.95165,0.9518,3.00,1.13
2011.07.12 07:28:54.879,0.95166,0.95173,1.88,1.73
2011.07.12 07:28:54.989,0.95151,0.95172,1.51,3.60
2011.07.12 07:28:55.100,0.95149,0.95167,5.25,1.13
2011.07.12 07:28:55.523,0.95139,0.95166,4.35,1.50
2011.07.12 07:28:55.645,0.95137,0.95162,3.38,1.13
2011.07.12 07:28:55.978,0.95136,0.95163,2.25,1.50
2011.07.12 07:28:56.420,0.95139,0.95167,4.13,1.13
2011.07.12 07:28:56.538,0.95146,0.95167,2.63,1.13
2011.07.12 07:28:57.088,0.95147,0.95167,1.88,1.13
2011.07.12 07:28:57.418,0.95146,0.95162,1.88,1.50
2011.07.12 07:28:57.639,0.95146,0.95167,1.88,1.73
2011.07.12 07:28:57.748,0.95146,0.95167,1.88,1.73
2011.07.12 07:28:58.297,0.95146,0.95163,1.88,1.13
2011.07.12 07:28:58.737,0.95136,0.95154,2.48,1.50
2011.07.12 07:28:58.849,0.95137,0.95153,1.88,1.35
2011.07.12 07:28:59.256,0.95129,0.9516,2.86,2.10
2011.07.12 07:28:59.367,0.95137,0.9516,1.88,1.35
2011.07.12 07:28:59.478,0.95137,0.95161,1.88,3.38
2011.07.12 07:29:00.028,0.95132,0.95161,1.73,2.63
2011.07.12 07:29:00.636,0.95137,0.95161,1.88,1.13
2011.07.12 07:29:01.160,0.95137,0.95162,1.88,1.50
2011.07.12 07:29:01.707,0.95137,0.95161,1.88,1.13
2011.07.12 07:29:02.039,0.95142,0.95159,4.50,1.35
2011.07.12 07:29:02.372,0.95152,0.95174,2.48,1.50
2011.07.12 07:29:02.707,0.95153,0.95181,1.35,2.63
2011.07.12 07:29:03.489,0.95157,0.95181,1.50,3.38
2011.07.12 07:29:03.602,0.95157,0.95181,1.50,3.75
2011.07.12 07:29:04.049,0.95147,0.95166,1.88,2.25
2011.07.12 07:29:04.158,0.95147,0.95164,1.88,1.50
2011.07.12 07:29:04.270,0.9514,0.95164,1.51,1.50
2011.07.12 07:29:04.387,0.95139,0.95164,1.36,1.50
2011.07.12 07:29:04.609,0.95138,0.95157,1.50,1.50
2011.07.12 07:29:05.049,0.95136,0.95152,1.88,1.50
2011.07.12 07:29:05.377,0.95129,0.95152,1.88,1.50
2011.07.12 07:29:05.487,0.95129,0.95152,1.88,1.50
2011.07.12 07:29:05.599,0.95128,0.95154,4.88,2.63
2011.07.12 07:29:05.708,0.95129,0.95154,1.88,2.63
2011.07.12 07:29:05.817,0.95132,0.95159,1.13,1.13
2011.07.12 07:29:06.146,0.95136,0.95159,1.88,1.13
2011.07.12 07:29:06.840,0.95136,0.95158,1.88,2.63
2011.07.12 07:29:07.058,0.95136,0.95158,1.88,1.88
2011.07.12 07:29:07.390,0.95134,0.95159,1.73,1.13
2011.07.12 07:29:07.607,0.95137,0.95162,1.88,3.00
2011.07.12 07:29:08.379,0.95137,0.95163,1.36,1.50
2011.07.12 07:29:08.488,0.95138,0.95163,1.51,1.50
2011.07.12 07:29:08.599,0.95142,0.95165,1.35,1.50
2011.07.12 07:29:08.929,0.9514,0.95168,1.36,1.13
2011.07.12 07:29:09.037,0.9514,0.95168,1.36,1.13
2011.07.12 07:29:09.421,0.95139,0.95167,1.36,3.75
2011.07.12 07:29:09.537,0.95138,0.95163,1.73,1.13
2011.07.12 07:29:09.757,0.95147,0.95163,1.50,1.13
2011.07.12 07:29:10.199,0.95147,0.95163,1.50,1.13
2011.07.12 07:29:10.306,0.95141,0.95164,2.10,2.63
2011.07.12 07:29:10.530,0.95141,0.95164,3.38,1.88
2011.07.12 07:29:10.649,0.95143,0.95168,1.13,1.13
2011.07.12 07:29:11.087,0.95156,0.95172,1.88,1.50
2011.07.12 07:29:12.745,0.9515,0.95174,2.11,1.50
2011.07.12 07:29:12.863,0.95154,0.95177,2.48,2.25
2011.07.12 07:29:13.090,0.95154,0.95177,2.48,2.25
2011.07.12 07:29:13.540,0.95156,0.95181,1.88,2.25
2011.07.12 07:29:14.089,0.95156,0.95182,1.88,2.25
2011.07.12 07:29:14.417,0.95156,0.95181,1.88,2.25
2011.07.12 07:29:14.528,0.95156,0.95181,2.63,2.25
2011.07.12 07:29:14.748,0.95156,0.95181,1.88,2.25
2011.07.12 07:29:14.859,0.95156,0.95181,1.88,4.50
2011.07.12 07:29:15.407,0.95157,0.9518,1.88,4.35
2011.07.12 07:29:17.158,0.95157,0.9518,1.88,5.63
2011.07.12 07:29:18.146,0.9515,0.95179,1.51,2.48
2011.07.12 07:29:18.699,0.95156,0.95179,1.88,4.88
2011.07.12 07:29:19.274,0.95147,0.95173,2.63,1.13
2011.07.12 07:29:19.388,0.95147,0.95173,1.88,1.13
2011.07.12 07:29:19.938,0.95147,0.95171,1.88,1.13
2011.07.12 07:29:20.161,0.95147,0.95169,1.88,1.13
2011.07.12 07:29:20.389,0.95147,0.95169,1.88,1.13
2011.07.12 07:29:20.611,0.95142,0.95164,2.25,3.23
2011.07.12 07:29:20.731,0.95138,0.95162,3.00,1.35
2011.07.12 07:29:21.068,0.95138,0.95164,2.48,1.13
2011.07.12 07:29:21.178,0.9514,0.95164,1.36,1.13
2011.07.12 07:29:21.962,0.9514,0.95163,1.73,1.88
2011.07.12 07:29:22.286,0.9514,0.95163,1.73,2.63
2011.07.12 07:29:22.399,0.95147,0.95163,1.50,1.13
2011.07.12 07:29:22.947,0.95147,0.95162,1.88,1.13
2011.07.12 07:29:23.059,0.95137,0.95162,3.38,3.23
2011.07.12 07:29:23.173,0.95137,0.95161,3.23,1.50
2011.07.12 07:29:23.511,0.9515,0.95164,1.50,1.13
2011.07.12 07:29:23.631,0.95157,0.95175,1.35,1.50
2011.07.12 07:29:23.749,0.95157,0.95182,2.11,2.25
2011.07.12 07:29:24.077,0.95157,0.95183,3.98,2.63
2011.07.12 07:29:24.517,0.95157,0.95183,3.23,2.63
2011.07.12 07:29:25.127,0.95157,0.95182,3.23,1.50
2011.07.12 07:29:25.677,0.95157,0.95179,1.88,1.13
2011.07.12 07:29:25.898,0.95157,0.95179,1.88,1.13
2011.07.12 07:29:26.118,0.95157,0.95181,1.88,1.50
2011.07.12 07:29:26.558,0.95156,0.95181,1.88,2.48
2011.07.12 07:29:26.887,0.95156,0.95174,1.88,1.13
2011.07.12 07:29:27.481,0.95147,0.95174,3.01,1.13
2011.07.12 07:29:28.037,0.95156,0.95174,1.50,1.50
2011.07.12 07:29:28.919,0.95156,0.9518,2.63,1.50
2011.07.12 07:29:30.568,0.95156,0.95181,2.63,3.00
2011.07.12 07:29:35.130,0.95157,0.95182,1.13,1.50
2011.07.12 07:29:35.626,0.95162,0.95182,1.50,1.50
2011.07.12 07:29:35.849,0.95159,0.95178,1.50,1.35
2011.07.12 07:29:35.958,0.95159,0.95177,1.50,1.13
2011.07.12 07:29:36.288,0.95156,0.95176,1.88,1.50
2011.07.12 07:29:36.618,0.95156,0.95174,3.38,1.50
2011.07.12 07:29:36.949,0.95162,0.95175,1.88,1.50
2011.07.12 07:29:37.060,0.95162,0.95183,1.88,1.13
2011.07.12 07:29:37.288,0.95166,0.95184,1.50,2.63
2011.07.12 07:29:37.508,0.95164,0.95184,1.50,3.75
2011.07.12 07:29:37.617,0.95164,0.95184,1.50,3.75
2011.07.12 07:29:38.028,0.95164,0.95184,1.50,3.75
2011.07.12 07:29:38.947,0.95164,0.95184,1.50,3.38
2011.07.12 07:29:39.167,0.95165,0.95184,1.50,3.38
2011.07.12 07:29:39.387,0.95165,0.95184,1.50,3.38
2011.07.12 07:29:40.839,0.95165,0.95184,1.50,3.38
2011.07.12 07:29:40.950,0.95166,0.95188,1.13,1.50
2011.07.12 07:29:41.170,0.9517,0.95188,1.50,1.35
2011.07.12 07:29:41.595,0.95166,0.95186,1.50,2.48
2011.07.12 07:29:42.149,0.95166,0.95185,3.38,1.35
2011.07.12 07:29:42.368,0.95166,0.95189,3.38,1.88
2011.07.12 07:29:42.700,0.95173,0.95191,1.50,1.50
2011.07.12 07:29:42.818,0.95173,0.95191,1.50,1.50
2011.07.12 07:29:42.928,0.95173,0.95193,1.50,2.85
2011.07.12 07:29:43.918,0.95173,0.95193,1.50,2.63
2011.07.12 07:29:44.423,0.95173,0.95193,1.50,1.88
2011.07.12 07:29:44.542,0.95173,0.95193,1.50,1.13
2011.07.12 07:29:45.097,0.95176,0.95194,1.50,1.88
2011.07.12 07:29:46.418,0.95176,0.95194,1.50,1.88
2011.07.12 07:29:46.638,0.95175,0.95196,1.50,2.10
2011.07.12 07:29:47.322,0.95179,0.95198,2.25,2.63
2011.07.12 07:29:47.445,0.95187,0.95207,1.50,4.13
2011.07.12 07:29:47.561,0.95189,0.95207,1.35,4.13
2011.07.12 07:29:47.682,0.95193,0.95211,1.50,1.88
2011.07.12 07:29:47.799,0.95194,0.95216,1.50,4.50
2011.07.12 07:29:47.908,0.95195,0.95217,1.50,1.13
2011.07.12 07:29:48.241,0.95196,0.95216,2.63,5.25
2011.07.12 07:29:48.469,0.95193,0.95214,1.13,1.50
2011.07.12 07:29:49.018,0.95195,0.95214,1.50,3.38
2011.07.12 07:29:49.348,0.95196,0.95215,1.50,1.50
2011.07.12 07:29:50.353,0.95197,0.95214,1.50,2.63
2011.07.12 07:29:50.467,0.95197,0.95217,1.50,2.10
2011.07.12 07:29:50.688,0.95197,0.95217,1.50,2.10
2011.07.12 07:29:51.129,0.952,0.95219,1.50,1.50
2011.07.12 07:29:51.239,0.952,0.95219,1.50,1.50
2011.07.12 07:29:51.349,0.952,0.95221,1.50,2.63
2011.07.12 07:29:52.228,0.952,0.95221,1.50,1.88
2011.07.12 07:29:52.666,0.95202,0.95223,1.50,1.13
2011.07.12 07:29:53.348,0.95201,0.95223,1.50,1.13
2011.07.12 07:29:53.933,0.952,0.95223,1.50,1.13
2011.07.12 07:29:54.273,0.95198,0.9522,1.50,1.35
2011.07.12 07:29:54.611,0.95207,0.95227,1.50,3.38
2011.07.12 07:29:54.946,0.95201,0.95223,1.50,1.13
2011.07.12 07:29:55.060,0.95206,0.95224,1.50,1.50
2011.07.12 07:29:55.388,0.95206,0.95223,1.50,1.13
2011.07.12 07:29:55.828,0.95202,0.95223,1.50,1.50
2011.07.12 07:29:57.414,0.952,0.95222,1.50,1.88
2011.07.12 07:29:57.747,0.952,0.9522,1.50,1.50
2011.07.12 07:29:58.081,0.95202,0.95222,1.50,1.13
2011.07.12 07:29:58.199,0.952,0.95222,1.50,1.13
2011.07.12 07:29:58.307,0.952,0.95223,1.50,2.85
2011.07.12 07:29:58.750,0.952,0.9522,1.50,1.50
2011.07.12 07:29:59.078,0.95199,0.95219,1.50,1.50
2011.07.12 07:30:02.579,0.95199,0.95217,1.50,1.88
2011.07.12 07:30:02.803,0.95195,0.95216,1.13,1.13
2011.07.12 07:30:03.467,0.95191,0.95213,1.50,1.50
2011.07.12 07:30:03.688,0.95192,0.95213,1.50,2.63
2011.07.12 07:30:04.257,0.95192,0.95213,1.50,2.63
2011.07.12 07:30:05.589,0.95192,0.95213,1.50,3.38
2011.07.12 07:30:05.808,0.95192,0.95213,1.50,3.38
2011.07.12 07:30:06.357,0.95192,0.95213,1.50,3.38
2011.07.12 07:30:06.798,0.95187,0.95209,1.88,1.13
2011.07.12 07:30:07.167,0.95173,0.95186,1.50,1.13
2011.07.12 07:30:07.280,0.95168,0.95181,1.88,1.50
2011.07.12 07:30:07.405,0.95157,0.95179,2.63,1.88
2011.07.12 07:30:07.519,0.95157,0.95175,1.50,1.13
2011.07.12 07:30:07.741,0.95147,0.9517,2.63,1.50
2011.07.12 07:30:07.858,0.95147,0.95167,2.63,1.13
2011.07.12 07:30:08.189,0.95137,0.95161,2.63,1.13
2011.07.12 07:30:08.738,0.95137,0.9516,2.63,3.00
2011.07.12 07:30:09.290,0.95137,0.95156,1.88,1.50
2011.07.12 07:30:09.716,0.95136,0.95157,1.88,1.50
2011.07.12 07:30:09.830,0.95137,0.95159,3.23,3.38
2011.07.12 07:30:09.951,0.95137,0.95161,3.23,3.38
2011.07.12 07:30:10.072,0.95136,0.95161,1.13,1.88
2011.07.12 07:30:10.190,0.95137,0.95163,5.63,1.88
2011.07.12 07:30:10.309,0.95137,0.95163,5.63,1.88
2011.07.12 07:30:11.078,0.95137,0.95163,2.63,1.88
2011.07.12 07:30:11.629,0.95146,0.95166,2.63,1.88
2011.07.12 07:30:12.171,0.95146,0.95166,2.63,1.88
2011.07.12 07:30:12.402,0.95146,0.95165,1.88,1.35
2011.07.12 07:30:12.519,0.95146,0.95161,1.88,1.50
2011.07.12 07:30:13.069,0.95139,0.95161,1.13,2.25
2011.07.12 07:30:13.509,0.95137,0.95163,2.63,3.38
2011.07.12 07:30:13.840,0.95137,0.95163,2.63,2.63
2011.07.12 07:30:14.390,0.95138,0.95163,1.35,2.63
2011.07.12 07:30:15.953,0.95137,0.95163,5.63,1.88
2011.07.12 07:30:16.288,0.95137,0.95163,2.63,1.88
2011.07.12 07:30:16.828,0.95137,0.95163,2.63,1.88
2011.07.12 07:30:17.538,0.95146,0.95164,1.50,1.13
2011.07.12 07:30:17.759,0.95137,0.95161,2.63,1.13
2011.07.12 07:30:17.980,0.95147,0.95161,1.50,1.88
2011.07.12 07:30:18.867,0.95147,0.95163,1.50,3.38
2011.07.12 07:30:19.202,0.95145,0.95166,1.13,1.88
2011.07.12 07:30:19.429,0.95145,0.95166,1.13,1.88
2011.07.12 07:30:19.978,0.95146,0.95161,1.50,3.00
2011.07.12 07:30:20.308,0.95146,0.9516,1.50,1.50
2011.07.12 07:30:20.416,0.95136,0.9516,2.63,1.50
2011.07.12 07:30:21.669,0.95136,0.95156,2.63,1.88
2011.07.12 07:30:22.055,0.95129,0.95155,1.13,4.50
2011.07.12 07:30:22.171,0.95127,0.95152,2.63,3.38
2011.07.12 07:30:22.509,0.95127,0.95147,1.88,1.35
2011.07.12 07:30:23.056,0.95126,0.95147,1.88,1.35
2011.07.12 07:30:23.756,0.95126,0.95147,1.88,1.73
2011.07.12 07:30:24.826,0.95126,0.95147,1.88,1.73
2011.07.12 07:30:25.377,0.95124,0.95146,1.13,1.50
2011.07.12 07:30:25.820,0.95127,0.95142,1.88,1.88
2011.07.12 07:30:25.929,0.95116,0.95141,3.38,1.50
2011.07.12 07:30:26.607,0.95117,0.95142,2.63,2.25
2011.07.12 07:30:26.827,0.95117,0.95143,3.38,4.35
2011.07.12 07:30:26.937,0.95117,0.95143,3.38,4.35
2011.07.12 07:30:27.270,0.95118,0.95143,5.48,1.88
2011.07.12 07:30:27.719,0.95126,0.95145,1.50,1.13
2011.07.12 07:30:27.937,0.95119,0.95145,2.25,2.10
2011.07.12 07:30:33.447,0.95137,0.95156,1.88,6.38
2011.07.12 07:30:34.135,0.95133,0.95155,1.13,2.63
2011.07.12 07:30:34.780,0.95136,0.95154,1.50,1.88
2011.07.12 07:30:35.770,0.95136,0.95154,1.50,1.50
2011.07.12 07:30:37.647,0.95136,0.95157,1.88,3.38
2011.07.12 07:30:38.225,0.95136,0.95155,1.88,1.13
2011.07.12 07:30:38.340,0.95127,0.95154,1.36,4.88
2011.07.12 07:30:38.451,0.95127,0.95152,1.13,3.00
2011.07.12 07:30:38.571,0.95126,0.9515,3.61,1.50
2011.07.12 07:30:38.688,0.95126,0.95153,3.23,1.50
2011.07.12 07:30:38.909,0.95126,0.95153,3.23,1.88
2011.07.12 07:30:39.350,0.95126,0.95152,2.63,1.50
2011.07.12 07:30:39.897,0.95126,0.9515,2.63,1.50
2011.07.12 07:30:40.229,0.95126,0.95148,2.63,1.50
2011.07.12 07:30:40.778,0.95126,0.95149,2.63,2.25
2011.07.12 07:30:41.328,0.95126,0.95149,1.88,2.25
2011.07.12 07:30:42.009,0.95126,0.95146,1.88,1.88
2011.07.12 07:30:42.557,0.95127,0.95146,1.88,3.38
2011.07.12 07:30:43.106,0.95126,0.95146,1.88,3.38
2011.07.12 07:30:43.907,0.95126,0.95146,1.88,3.75
2011.07.12 07:30:45.007,0.95126,0.95144,1.88,1.13
2011.07.12 07:30:45.716,0.95126,0.95144,1.88,1.13
2011.07.12 07:30:45.831,0.95126,0.95144,1.88,1.50
2011.07.12 07:30:46.497,0.95126,0.95146,1.88,1.50
2011.07.12 07:30:48.409,0.95126,0.95142,1.50,2.25
2011.07.12 07:30:49.069,0.95126,0.95137,1.50,1.88
2011.07.12 07:30:49.697,0.95126,0.95137,1.50,1.88
2011.07.12 07:30:50.028,0.95126,0.95141,1.50,1.50
2011.07.12 07:30:50.138,0.9512,0.95141,1.13,1.50
2011.07.12 07:30:50.248,0.95124,0.95146,1.13,2.25
2011.07.12 07:30:50.359,0.95126,0.95147,2.10,2.25
2011.07.12 07:30:50.469,0.95125,0.95147,2.63,2.25
2011.07.12 07:30:50.578,0.95127,0.95149,1.88,1.13
2011.07.12 07:30:50.689,0.95127,0.95151,1.88,2.63
2011.07.12 07:30:51.238,0.95126,0.9515,1.88,1.13
2011.07.12 07:30:52.567,0.95126,0.9515,2.63,1.13
2011.07.12 07:30:52.787,0.95126,0.9515,1.88,1.13
2011.07.12 07:30:53.008,0.95126,0.9515,2.63,1.13
2011.07.12 07:30:53.448,0.95126,0.95148,2.63,1.13
2011.07.12 07:30:53.777,0.95116,0.95143,2.63,1.50
2011.07.12 07:30:53.887,0.95116,0.95142,2.63,1.50
2011.07.12 07:30:53.997,0.95116,0.95142,2.63,1.50
2011.07.12 07:30:55.127,0.95116,0.95142,3.00,1.50
2011.07.12 07:30:55.788,0.95116,0.95144,3.01,3.38
2011.07.12 07:30:56.357,0.95117,0.95144,1.35,3.00
2011.07.12 07:30:57.507,0.95124,0.95144,2.48,3.00
2011.07.12 07:30:57.619,0.95122,0.95146,2.63,1.13
2011.07.12 07:30:57.727,0.95121,0.95147,3.76,1.88
2011.07.12 07:30:58.281,0.95127,0.95149,1.88,1.13
2011.07.12 07:30:58.509,0.95129,0.95151,3.00,2.25
2011.07.12 07:30:58.729,0.95131,0.95154,6.23,1.13
2011.07.12 07:30:58.841,0.95134,0.95157,1.35,2.25
2011.07.12 07:30:58.960,0.95134,0.95157,1.35,1.88
2011.07.12 07:30:59.406,0.95129,0.95154,2.26,1.88
2011.07.12 07:30:59.627,0.95136,0.95154,1.50,1.13
2011.07.12 07:31:00.621,0.95134,0.95156,1.13,1.50
2011.07.12 07:31:00.960,0.95136,0.9516,1.13,1.13
2011.07.12 07:31:01.180,0.95137,0.95161,2.63,2.25
2011.07.12 07:31:01.510,0.95137,0.95162,1.13,1.88
2011.07.12 07:31:01.857,0.95137,0.95161,2.63,2.63
2011.07.12 07:31:01.970,0.95137,0.9516,2.63,1.13
2011.07.12 07:31:02.550,0.95137,0.9516,2.63,2.85
2011.07.12 07:31:02.880,0.95126,0.9515,3.38,1.73
2011.07.12 07:31:03.212,0.95126,0.95153,2.63,3.38
2011.07.12 07:31:03.879,0.95128,0.95152,2.63,1.50
2011.07.12 07:31:03.989,0.95132,0.95152,2.63,1.88
2011.07.12 07:31:04.537,0.95137,0.95151,1.88,1.88
2011.07.12 07:31:05.527,0.95137,0.95152,1.88,1.88
2011.07.12 07:31:05.860,0.95137,0.95152,1.88,1.50
2011.07.12 07:31:06.079,0.95137,0.95156,2.63,1.50
2011.07.12 07:31:06.300,0.95138,0.95161,1.73,1.88
2011.07.12 07:31:06.419,0.95138,0.95161,1.73,1.50
2011.07.12 07:31:06.529,0.95138,0.95161,1.73,1.50
2011.07.12 07:31:06.858,0.95147,0.95161,1.88,1.50
2011.07.12 07:31:07.407,0.95147,0.95162,1.88,1.88
2011.07.12 07:31:09.168,0.95137,0.95162,4.50,1.50
2011.07.12 07:31:09.278,0.95137,0.95162,4.13,1.50
2011.07.12 07:31:09.498,0.95137,0.95161,4.13,1.13
2011.07.12 07:31:09.828,0.95136,0.95158,2.63,1.13
2011.07.12 07:31:10.379,0.95136,0.95157,2.63,1.13
2011.07.12 07:31:10.710,0.95136,0.9516,2.63,1.50
2011.07.12 07:31:11.118,0.95136,0.95161,2.63,1.88
2011.07.12 07:31:11.698,0.95137,0.95163,2.63,3.60
2011.07.12 07:31:13.006,0.95137,0.95163,2.63,2.63
2011.07.12 07:31:13.558,0.95137,0.95163,2.63,2.63
2011.07.12 07:31:13.671,0.95137,0.95162,2.63,1.50
2011.07.12 07:31:14.251,0.95137,0.95162,3.23,2.25
2011.07.12 07:31:14.808,0.95137,0.95162,3.23,2.25
2011.07.12 07:31:15.140,0.95137,0.95163,3.23,2.63
2011.07.12 07:31:15.686,0.95137,0.95163,3.23,2.63
2011.07.12 07:31:17.482,0.95137,0.95163,2.63,3.38
2011.07.12 07:31:18.038,0.95137,0.95163,3.00,1.88
2011.07.12 07:31:18.808,0.95137,0.95163,3.00,1.88
2011.07.12 07:31:18.917,0.95137,0.95163,3.00,2.63
2011.07.12 07:31:19.138,0.95137,0.95163,3.00,1.88
2011.07.12 07:31:19.887,0.95138,0.95163,1.13,1.88
2011.07.12 07:31:20.228,0.95149,0.95172,1.73,1.50
2011.07.12 07:31:20.557,0.9515,0.95171,1.36,1.50
2011.07.12 07:31:20.778,0.95151,0.95172,1.35,1.50
2011.07.12 07:31:21.768,0.95148,0.95172,1.36,1.50
2011.07.12 07:31:22.317,0.95147,0.95171,2.63,2.25
2011.07.12 07:31:22.775,0.95147,0.9517,1.88,2.25
2011.07.12 07:31:22.888,0.95147,0.95169,1.88,1.50
2011.07.12 07:31:23.438,0.95146,0.95169,1.13,1.50
2011.07.12 07:31:25.089,0.95146,0.95168,1.88,1.88
2011.07.12 07:31:25.795,0.95146,0.95168,2.63,1.88
2011.07.12 07:31:26.348,0.95146,0.95167,1.88,1.50
2011.07.12 07:31:26.877,0.95146,0.95167,1.88,1.88
2011.07.12 07:31:27.208,0.95139,0.95164,1.50,1.13
2011.07.12 07:31:27.757,0.95139,0.95163,1.50,2.63
2011.07.12 07:31:28.087,0.95139,0.95163,2.10,2.63
2011.07.12 07:31:28.680,0.95138,0.95159,2.25,1.13
2011.07.12 07:31:29.008,0.95129,0.95155,2.25,2.25
2011.07.12 07:31:29.228,0.95132,0.95155,1.13,1.50
2011.07.12 07:31:29.447,0.95129,0.95153,2.25,1.13
2011.07.12 07:31:29.780,0.9513,0.95154,1.73,2.63
2011.07.12 07:31:30.218,0.95138,0.95155,1.13,1.13
2011.07.12 07:31:30.441,0.95147,0.9517,1.36,1.88
2011.07.12 07:31:30.560,0.95148,0.95171,1.35,2.25
2011.07.12 07:31:30.671,0.9515,0.95172,2.48,2.25
2011.07.12 07:31:31.246,0.9515,0.95174,1.13,1.88
2011.07.12 07:31:31.359,0.9515,0.95174,1.13,1.88
2011.07.12 07:31:31.910,0.95151,0.95176,1.51,1.88
2011.07.12 07:31:32.030,0.95157,0.95176,1.88,1.50
2011.07.12 07:31:32.254,0.95149,0.95176,2.85,2.63
2011.07.12 07:31:32.371,0.95149,0.95176,3.00,5.25
2011.07.12 07:31:32.708,0.95147,0.95172,1.13,2.25
2011.07.12 07:31:33.235,0.95147,0.95171,1.13,1.50
2011.07.12 07:31:33.800,0.95148,0.95172,1.35,1.50
2011.07.12 07:31:34.398,0.95148,0.95171,1.35,1.50
2011.07.12 07:31:34.947,0.95148,0.95172,1.35,1.50
2011.07.12 07:31:35.499,0.95146,0.9517,2.63,1.13
2011.07.12 07:31:35.829,0.9514,0.95166,1.35,1.13
2011.07.12 07:31:36.343,0.95144,0.95168,1.13,1.73
2011.07.12 07:31:36.899,0.95145,0.95169,1.13,1.35
2011.07.12 07:31:37.228,0.95145,0.95163,1.13,1.50
2011.07.12 07:31:38.330,0.95139,0.95164,1.51,1.13
2011.07.12 07:31:38.547,0.95137,0.95164,1.13,1.13
2011.07.12 07:31:39.432,0.95137,0.95162,2.63,3.23
2011.07.12 07:31:39.769,0.95129,0.95158,6.23,1.13
2011.07.12 07:31:39.878,0.95132,0.95159,1.13,1.35
2011.07.12 07:31:40.426,0.95136,0.9516,1.13,1.73
2011.07.12 07:31:41.860,0.95136,0.95159,1.88,1.35
2011.07.12 07:31:43.399,0.95136,0.95157,1.88,1.13
2011.07.12 07:31:43.838,0.95129,0.95153,2.26,1.88
2011.07.12 07:31:44.608,0.95132,0.95153,3.23,1.88
2011.07.12 07:31:45.381,0.95137,0.95161,1.13,3.00
2011.07.12 07:31:45.500,0.95138,0.95163,1.13,3.38
2011.07.12 07:31:45.608,0.9514,0.95163,1.51,1.88
2011.07.12 07:31:45.721,0.9514,0.95163,2.63,1.88
2011.07.12 07:31:45.838,0.95141,0.95171,2.63,1.88
2011.07.12 07:31:46.189,0.95148,0.95171,1.35,1.13
2011.07.12 07:31:46.300,0.95146,0.95171,2.63,1.50
2011.07.12 07:31:46.411,0.95147,0.95173,1.88,1.88
2011.07.12 07:31:46.530,0.95148,0.95173,1.51,2.25
2011.07.12 07:31:46.759,0.95148,0.95173,1.51,2.48
2011.07.12 07:31:47.307,0.95148,0.95174,4.51,2.48
2011.07.12 07:31:47.421,0.95148,0.95174,1.51,1.88
2011.07.12 07:31:47.539,0.95148,0.95163,1.51,1.88
2011.07.12 07:31:47.759,0.95144,0.95163,2.25,1.88
2011.07.12 07:31:48.510,0.95143,0.95163,2.63,1.88
2011.07.12 07:31:48.841,0.95141,0.95168,1.50,1.50
2011.07.12 07:31:49.290,0.9514,0.95164,1.13,1.88
2011.07.12 07:31:49.513,0.95136,0.95159,1.50,1.13
2011.07.12 07:31:49.851,0.95125,0.95148,1.50,1.35
2011.07.12 07:31:49.971,0.95125,0.95152,1.35,3.38
2011.07.12 07:31:50.202,0.95123,0.95148,1.35,1.13
2011.07.12 07:31:50.538,0.95122,0.95148,1.35,1.50
2011.07.12 07:31:50.979,0.95127,0.9515,2.10,1.46
2011.07.12 07:31:51.208,0.95132,0.95161,1.36,4.88
2011.07.12 07:31:51.427,0.95137,0.95161,1.35,1.13
2011.07.12 07:31:51.977,0.95137,0.95162,1.35,1.88
2011.07.12 07:31:52.308,0.95138,0.95163,1.50,2.63
2011.07.12 07:31:52.638,0.95138,0.95164,1.51,1.50
2011.07.12 07:31:52.857,0.95137,0.95164,3.38,1.88
2011.07.12 07:31:54.119,0.9514,0.95164,1.35,2.25
2011.07.12 07:31:55.039,0.9514,0.95165,1.35,1.50
2011.07.12 07:31:55.586,0.9514,0.95164,1.35,2.25
2011.07.12 07:31:55.810,0.95145,0.95166,1.50,1.13
2011.07.12 07:31:56.139,0.9515,0.95172,1.35,1.50
2011.07.12 07:31:56.249,0.9515,0.95174,2.25,3.38
2011.07.12 07:31:56.689,0.95155,0.95177,2.25,2.25
2011.07.12 07:31:56.798,0.95155,0.95177,2.25,1.88
2011.07.12 07:31:57.132,0.95155,0.95173,2.25,1.88
2011.07.12 07:31:57.470,0.95155,0.95173,2.25,1.88
2011.07.12 07:31:57.998,0.95155,0.95173,2.25,1.88
2011.07.12 07:31:58.658,0.95156,0.95181,2.63,6.00
2011.07.12 07:31:59.211,0.95153,0.95179,1.36,1.13
2011.07.12 07:31:59.327,0.95153,0.95179,1.36,1.13
2011.07.12 07:31:59.877,0.95153,0.95174,1.36,1.88
2011.07.12 07:32:00.099,0.95151,0.95174,2.10,1.88
2011.07.12 07:32:00.650,0.95151,0.95177,1.36,1.50
2011.07.12 07:32:00.992,0.95164,0.95181,2.10,2.63
2011.07.12 07:32:01.376,0.95174,0.95194,1.35,1.88
2011.07.12 07:32:01.600,0.95169,0.95193,2.63,2.25
2011.07.12 07:32:02.053,0.95171,0.95194,1.35,1.88
2011.07.12 07:32:02.389,0.95168,0.95194,1.35,2.63
2011.07.12 07:32:02.503,0.95168,0.95192,1.35,1.50
2011.07.12 07:32:02.621,0.95171,0.95194,1.35,2.63
2011.07.12 07:32:02.738,0.95171,0.95196,1.35,3.00
2011.07.12 07:32:03.068,0.95171,0.95196,1.35,1.13
2011.07.12 07:32:03.519,0.95178,0.95201,1.36,1.50
2011.07.12 07:32:03.741,0.95178,0.95204,1.35,2.25
2011.07.12 07:32:04.078,0.95178,0.95203,1.35,1.13
2011.07.12 07:32:04.188,0.95178,0.95203,1.35,1.13
2011.07.12 07:32:04.518,0.95179,0.95201,2.63,1.13
2011.07.12 07:32:04.740,0.95182,0.95203,1.50,1.88
2011.07.12 07:32:04.958,0.95179,0.95206,2.25,2.10
2011.07.12 07:32:05.289,0.95179,0.95202,1.50,1.13
2011.07.12 07:32:05.618,0.95179,0.952,1.50,1.13
2011.07.12 07:32:05.727,0.95179,0.952,1.50,1.13
2011.07.12 07:32:06.201,0.95176,0.95199,2.63,1.50
2011.07.12 07:32:06.542,0.95177,0.95199,1.13,1.50
2011.07.12 07:32:06.769,0.95177,0.95198,1.13,1.13
2011.07.12 07:32:07.537,0.95177,0.95198,2.63,1.13
2011.07.12 07:32:07.757,0.95177,0.95198,2.63,1.13
2011.07.12 07:32:08.087,0.95177,0.95198,2.63,1.13
2011.07.12 07:32:08.418,0.95177,0.95197,2.63,1.13
2011.07.12 07:32:08.748,0.95177,0.95195,2.63,1.50
2011.07.12 07:32:09.194,0.95169,0.95194,1.50,3.60
2011.07.12 07:32:09.752,0.95169,0.95192,1.50,1.13
2011.07.12 07:32:11.080,0.95169,0.95192,1.50,2.48
2011.07.12 07:32:11.933,0.95167,0.95191,3.38,2.63
2011.07.12 07:32:12.049,0.95167,0.9519,3.38,1.50
2011.07.12 07:32:13.039,0.95167,0.9519,3.38,1.50
2011.07.12 07:32:13.477,0.95167,0.95189,3.38,2.85
2011.07.12 07:32:14.940,0.95166,0.95187,2.63,2.58
2011.07.12 07:32:15.049,0.95166,0.95186,2.63,1.13
2011.07.12 07:32:15.159,0.95161,0.95185,1.50,1.35
2011.07.12 07:32:15.764,0.95157,0.95177,1.13,1.13
2011.07.12 07:32:15.993,0.95149,0.95177,3.60,1.73
2011.07.12 07:32:16.111,0.95149,0.95176,1.35,1.88
2011.07.12 07:32:16.448,0.95149,0.95174,1.35,2.25
2011.07.12 07:32:16.777,0.95149,0.95174,2.63,2.25
2011.07.12 07:32:16.887,0.9515,0.95174,1.35,2.25
2011.07.12 07:32:17.220,0.9515,0.95174,1.35,2.25
2011.07.12 07:32:17.658,0.9515,0.95174,1.35,1.88
2011.07.12 07:32:17.989,0.95156,0.95179,1.13,1.50
2011.07.12 07:32:18.318,0.95149,0.95173,1.73,1.88
2011.07.12 07:32:19.149,0.95149,0.95173,1.73,1.88
2011.07.12 07:32:19.259,0.95149,0.95173,3.23,1.88
2011.07.12 07:32:19.481,0.95149,0.95173,1.73,1.88
2011.07.12 07:32:19.818,0.95149,0.95173,2.85,1.88
2011.07.12 07:32:20.700,0.95147,0.95173,2.63,1.88
2011.07.12 07:32:21.331,0.95147,0.95175,3.00,1.50
2011.07.12 07:32:22.308,0.95147,0.95174,2.25,1.88
2011.07.12 07:32:22.638,0.95147,0.95175,4.13,1.50
2011.07.12 07:32:22.749,0.95147,0.95175,6.00,1.13
2011.07.12 07:32:23.298,0.95149,0.95174,2.86,1.88
2011.07.12 07:32:24.229,0.95157,0.95179,2.63,1.73
2011.07.12 07:32:25.508,0.95157,0.95179,2.63,1.13
2011.07.12 07:32:26.059,0.95157,0.9518,2.63,1.35
2011.07.12 07:32:26.388,0.95158,0.95183,3.23,2.63
2011.07.12 07:32:26.501,0.95162,0.95184,2.63,1.13
2011.07.12 07:32:26.837,0.95166,0.95187,2.63,1.50
2011.07.12 07:32:27.388,0.95166,0.95187,2.63,1.50
2011.07.12 07:32:28.181,0.95167,0.95187,2.63,1.50
2011.07.12 07:32:28.849,0.95167,0.95187,2.63,1.88
2011.07.12 07:32:29.178,0.95158,0.95185,1.35,1.50
2011.07.12 07:32:29.727,0.95158,0.95183,1.35,1.88
2011.07.12 07:32:30.169,0.95156,0.95182,3.23,1.13
2011.07.12 07:32:30.278,0.95156,0.95182,3.23,1.88
2011.07.12 07:32:30.719,0.95157,0.95181,1.13,1.13
2011.07.12 07:32:31.150,0.95153,0.95177,2.25,1.13
2011.07.12 07:32:31.371,0.9515,0.95177,1.35,2.63
2011.07.12 07:32:32.150,0.95148,0.95173,1.35,1.13
2011.07.12 07:32:32.858,0.95148,0.95174,1.35,3.75
2011.07.12 07:32:33.408,0.95148,0.95174,1.35,3.75
2011.07.12 07:32:34.236,0.95148,0.95174,1.35,2.25
2011.07.12 07:32:34.569,0.95153,0.95174,1.35,1.88
2011.07.12 07:32:35.119,0.95153,0.95173,2.10,1.88
2011.07.12 07:32:35.228,0.95154,0.95173,1.50,1.88
2011.07.12 07:32:35.449,0.95153,0.95173,1.35,1.88
2011.07.12 07:32:37.007,0.95153,0.95173,1.35,1.88
2011.07.12 07:32:37.338,0.95147,0.95173,2.63,1.88
2011.07.12 07:32:38.957,0.95151,0.95174,1.35,1.50
2011.07.12 07:32:39.179,0.95151,0.95176,1.35,5.25
2011.07.12 07:32:39.288,0.95151,0.95176,1.35,2.63
2011.07.12 07:32:39.836,0.95151,0.95173,1.35,1.88
2011.07.12 07:32:40.168,0.95151,0.95173,1.35,1.13
2011.07.12 07:32:40.685,0.95153,0.95176,2.63,1.50
2011.07.12 07:32:40.805,0.95156,0.95181,2.63,2.63
2011.07.12 07:32:41.030,0.95157,0.9518,2.63,1.13
2011.07.12 07:32:41.253,0.95157,0.95181,2.63,3.23
2011.07.12 07:32:41.371,0.95156,0.95182,2.63,2.48
2011.07.12 07:32:41.930,0.95156,0.9518,2.63,1.13
2011.07.12 07:32:42.378,0.95156,0.95178,2.63,1.73
2011.07.12 07:32:42.819,0.95156,0.95178,2.63,1.50
2011.07.12 07:32:43.245,0.95156,0.95176,2.63,2.10
2011.07.12 07:32:43.368,0.95156,0.95173,2.63,1.13
2011.07.12 07:32:43.921,0.95146,0.95174,4.50,3.00
2011.07.12 07:32:44.148,0.95147,0.95174,1.35,3.00
2011.07.12 07:32:44.480,0.95147,0.95174,1.35,3.00
2011.07.12 07:32:44.809,0.95147,0.95174,1.35,3.00
2011.07.12 07:32:45.359,0.95147,0.95174,1.35,3.00
2011.07.12 07:32:45.579,0.95147,0.95174,1.35,3.00
2011.07.12 07:32:46.111,0.95147,0.95173,1.35,1.13
2011.07.12 07:32:46.234,0.95146,0.95172,2.63,1.73
2011.07.12 07:32:46.347,0.95146,0.95172,2.63,2.48
2011.07.12 07:32:46.681,0.95146,0.95174,2.63,3.60
2011.07.12 07:32:47.241,0.95147,0.95173,2.63,4.35
2011.07.12 07:32:47.798,0.95147,0.95172,2.63,1.73
2011.07.12 07:32:48.240,0.95147,0.95172,2.63,1.73
2011.07.12 07:32:48.620,0.95157,0.95173,1.13,1.35
2011.07.12 07:32:48.747,0.95161,0.95186,1.35,1.50
2011.07.12 07:32:49.188,0.95166,0.95186,2.63,1.13
2011.07.12 07:32:49.629,0.95167,0.95189,2.63,1.50
2011.07.12 07:32:49.847,0.95167,0.95195,4.13,1.88
2011.07.12 07:32:49.958,0.95176,0.95195,1.50,1.50
2011.07.12 07:32:51.971,0.95175,0.95196,1.13,1.13
2011.07.12 07:32:52.307,0.95177,0.95196,2.63,1.13
2011.07.12 07:32:53.409,0.95177,0.95196,2.63,1.13
2011.07.12 07:32:54.070,0.95177,0.95196,1.88,1.13
2011.07.12 07:32:55.023,0.95175,0.95196,1.13,1.13
2011.07.12 07:32:55.249,0.95176,0.95196,1.13,1.13
2011.07.12 07:32:55.797,0.95176,0.95196,1.88,1.13
2011.07.12 07:32:57.786,0.95176,0.95196,1.88,1.13
2011.07.12 07:32:59.886,0.95169,0.95193,2.26,1.88
2011.07.12 07:33:00.437,0.95168,0.95193,1.35,1.88
2011.07.12 07:33:00.987,0.95168,0.95194,1.35,3.38
2011.07.12 07:33:02.237,0.95166,0.95194,4.35,4.13
2011.07.12 07:33:02.894,0.95166,0.95193,3.60,1.13
2011.07.12 07:33:03.016,0.95162,0.95186,1.50,1.73
2011.07.12 07:33:03.242,0.95158,0.95185,1.35,1.88
2011.07.12 07:33:03.580,0.95158,0.95183,1.35,2.25
2011.07.12 07:33:04.024,0.95163,0.95183,1.35,1.88
2011.07.12 07:33:04.361,0.95165,0.95183,1.50,1.88
2011.07.12 07:33:04.700,0.95164,0.95183,1.73,1.88
2011.07.12 07:33:04.808,0.95167,0.95191,1.13,2.63
2011.07.12 07:33:05.329,0.95166,0.95191,2.63,1.50
2011.07.12 07:33:05.442,0.95166,0.95192,2.63,4.35
2011.07.12 07:33:05.561,0.95166,0.95193,2.63,2.10
2011.07.12 07:33:05.789,0.95167,0.95194,1.35,1.88
2011.07.12 07:33:05.900,0.95167,0.95194,1.35,1.88
2011.07.12 07:33:06.121,0.95167,0.95196,3.60,2.21
2011.07.12 07:33:06.238,0.95167,0.95197,3.61,2.10
2011.07.12 07:33:06.567,0.95177,0.95198,1.88,3.23
2011.07.12 07:33:08.422,0.95177,0.95197,1.88,1.88
2011.07.12 07:33:08.544,0.95168,0.95194,1.51,1.73
2011.07.12 07:33:08.992,0.95176,0.95193,2.48,1.88
2011.07.12 07:33:09.219,0.95178,0.95201,1.35,1.88
2011.07.12 07:33:09.548,0.95181,0.95204,1.36,1.88
2011.07.12 07:33:09.659,0.95181,0.95206,1.36,2.63
2011.07.12 07:33:09.771,0.9518,0.95202,1.13,1.50
2011.07.12 07:33:10.108,0.95179,0.95206,1.35,1.50
2011.07.12 07:33:10.547,0.95179,0.95204,1.35,1.88
2011.07.12 07:33:11.419,0.9518,0.95204,1.35,1.13
2011.07.12 07:33:11.750,0.9518,0.95203,1.35,2.25
2011.07.12 07:33:11.857,0.9518,0.95203,1.35,2.25
2011.07.12 07:33:13.641,0.9518,0.95204,1.35,1.88
2011.07.12 07:33:13.869,0.95184,0.95207,1.35,2.63
2011.07.12 07:33:13.983,0.95184,0.95206,1.36,1.88
2011.07.12 07:33:14.213,0.95187,0.95204,1.13,1.13
2011.07.12 07:33:14.439,0.95178,0.95204,1.50,1.50
2011.07.12 07:33:14.660,0.95177,0.95203,1.13,3.38
2011.07.12 07:33:14.998,0.95176,0.95203,3.00,1.88
2011.07.12 07:33:15.329,0.95176,0.95204,3.01,3.00
2011.07.12 07:33:15.767,0.95176,0.95204,3.01,3.38
2011.07.12 07:33:16.468,0.95176,0.95204,2.63,6.75
2011.07.12 07:33:16.961,0.95176,0.95203,4.13,1.13
2011.07.12 07:33:17.298,0.95177,0.95197,1.88,1.13
2011.07.12 07:33:17.740,0.95176,0.95186,1.13,1.50
2011.07.12 07:33:18.075,0.95156,0.95178,1.88,1.35
2011.07.12 07:33:18.191,0.95156,0.95178,1.13,1.73
2011.07.12 07:33:18.747,0.95156,0.9518,2.63,2.63
2011.07.12 07:33:18.857,0.95156,0.9518,2.63,1.88
2011.07.12 07:33:19.427,0.95156,0.95179,2.63,1.50
2011.07.12 07:33:20.153,0.95156,0.95179,2.63,1.73
2011.07.12 07:33:20.380,0.95156,0.95179,2.63,1.73
2011.07.12 07:33:20.929,0.95155,0.95176,1.13,1.73
2011.07.12 07:33:21.041,0.95149,0.95174,2.26,2.85
2011.07.12 07:33:21.163,0.95146,0.95172,2.63,1.88
2011.07.12 07:33:21.281,0.95146,0.95168,2.63,1.50
2011.07.12 07:33:21.402,0.95139,0.95167,6.01,1.73
2011.07.12 07:33:21.629,0.95139,0.95168,1.13,1.35
2011.07.12 07:33:21.849,0.95139,0.95168,2.63,1.73
2011.07.12 07:33:22.289,0.95147,0.95168,2.63,1.73
2011.07.12 07:33:22.837,0.95147,0.95168,2.63,1.13
2011.07.12 07:33:23.377,0.95148,0.95171,1.35,1.88
2011.07.12 07:33:24.808,0.95148,0.95172,1.35,1.50
2011.07.12 07:33:25.467,0.95148,0.95172,1.35,1.50
2011.07.12 07:33:26.017,0.95148,0.95171,1.35,1.50
2011.07.12 07:33:26.820,0.95146,0.95172,2.63,2.48
2011.07.12 07:33:28.387,0.95147,0.95173,1.35,1.13
2011.07.12 07:33:28.939,0.95147,0.95173,1.73,1.88
2011.07.12 07:33:29.269,0.95158,0.95181,1.35,3.75
2011.07.12 07:33:29.381,0.95158,0.95184,1.35,5.63
2011.07.12 07:33:29.498,0.95158,0.95183,1.35,1.88
2011.07.12 07:33:30.057,0.9516,0.95184,1.13,1.88
2011.07.12 07:33:30.175,0.95156,0.95181,3.38,1.35
2011.07.12 07:33:30.510,0.95157,0.95181,1.88,4.35
2011.07.12 07:33:30.622,0.95152,0.95174,1.13,2.10
2011.07.12 07:33:30.961,0.95147,0.95168,2.63,1.13
2011.07.12 07:33:31.191,0.95147,0.95168,2.63,1.13
2011.07.12 07:33:31.420,0.95147,0.95169,2.63,1.50
2011.07.12 07:33:31.638,0.95147,0.9517,2.63,3.75
2011.07.12 07:33:33.020,0.95146,0.95171,2.63,1.13
2011.07.12 07:33:33.350,0.95148,0.95174,1.13,4.73
2011.07.12 07:33:33.460,0.9515,0.95174,3.23,3.38
2011.07.12 07:33:33.788,0.95154,0.9518,2.10,1.50
2011.07.12 07:33:33.897,0.95152,0.95174,1.36,2.63
2011.07.12 07:33:34.117,0.95152,0.95174,1.36,1.88
2011.07.12 07:33:34.450,0.95144,0.95173,4.73,5.63
2011.07.12 07:33:34.668,0.95146,0.95173,1.13,1.13
2011.07.12 07:33:34.998,0.95147,0.95173,2.63,1.88
2011.07.12 07:33:35.547,0.95147,0.95173,3.23,3.00
2011.07.12 07:33:36.099,0.95147,0.95173,3.23,3.75
2011.07.12 07:33:36.658,0.95147,0.95173,3.23,3.75
2011.07.12 07:33:36.770,0.95147,0.95173,3.23,3.38
2011.07.12 07:33:36.992,0.95147,0.9517,2.63,1.13
2011.07.12 07:33:37.330,0.95147,0.95171,2.63,2.10
2011.07.12 07:33:37.439,0.95147,0.95171,1.13,2.85
2011.07.12 07:33:37.549,0.95146,0.95171,1.13,2.48
2011.07.12 07:33:38.207,0.95146,0.9517,2.63,1.50
2011.07.12 07:33:38.317,0.95146,0.95169,2.63,1.50
2011.07.12 07:33:38.867,0.95146,0.95169,2.63,1.50
2011.07.12 07:33:39.360,0.95146,0.95169,2.63,1.13
2011.07.12 07:33:40.509,0.95146,0.9517,2.63,1.50
2011.07.12 07:33:40.837,0.95146,0.9517,2.63,1.13
2011.07.12 07:33:41.497,0.95146,0.9517,2.63,1.13
2011.07.12 07:33:41.940,0.95154,0.95172,1.35,2.25
2011.07.12 07:33:42.269,0.95161,0.95177,2.10,1.50
2011.07.12 07:33:42.382,0.95159,0.95181,1.35,1.88
2011.07.12 07:33:42.500,0.95162,0.95181,1.13,1.50
2011.07.12 07:33:42.827,0.95166,0.95183,1.35,1.88
2011.07.12 07:33:42.967,0.95166,0.95189,1.73,1.13
2011.07.12 07:33:43.082,0.95167,0.95191,1.13,1.13
2011.07.12 07:33:43.418,0.95167,0.95192,2.63,2.25
2011.07.12 07:33:43.748,0.95167,0.95191,2.63,1.50
2011.07.12 07:33:44.299,0.95171,0.95192,1.35,1.50
2011.07.12 07:33:44.629,0.95177,0.95199,1.73,1.50
2011.07.12 07:33:44.739,0.95179,0.95201,1.35,2.25
2011.07.12 07:33:44.960,0.95179,0.95203,1.35,1.88
2011.07.12 07:33:45.400,0.95184,0.95203,2.10,1.50
2011.07.12 07:33:45.965,0.95184,0.95204,2.10,2.63
2011.07.12 07:33:46.085,0.95174,0.95199,1.50,1.88
2011.07.12 07:33:46.308,0.95174,0.95197,1.50,1.50
2011.07.12 07:33:47.082,0.9517,0.95194,3.38,1.88
2011.07.12 07:33:47.419,0.95171,0.95199,1.13,5.25
2011.07.12 07:33:47.638,0.95176,0.95199,2.63,6.38
2011.07.12 07:33:48.190,0.95171,0.95194,1.13,1.88
2011.07.12 07:33:49.919,0.95171,0.95194,1.13,1.88
2011.07.12 07:33:50.030,0.95171,0.95194,1.13,1.88
2011.07.12 07:33:53.138,0.95171,0.95194,1.35,1.88
2011.07.12 07:33:53.908,0.9517,0.95194,2.85,2.63
2011.07.12 07:33:56.449,0.95167,0.95192,2.63,1.50
2011.07.12 07:33:56.779,0.95167,0.95192,2.63,3.00
2011.07.12 07:33:57.110,0.95166,0.9519,2.63,1.35
2011.07.12 07:33:57.440,0.95164,0.95185,1.13,1.88
2011.07.12 07:33:57.767,0.95158,0.95184,2.25,2.25
2011.07.12 07:33:58.317,0.95159,0.95184,2.25,3.00
2011.07.12 07:34:01.101,0.95156,0.95181,3.23,1.13
2011.07.12 07:34:01.438,0.95157,0.95181,1.13,2.63
2011.07.12 07:34:01.950,0.95156,0.9518,3.98,1.13
2011.07.12 07:34:02.163,0.95156,0.95182,3.23,1.88
2011.07.12 07:34:02.718,0.95156,0.95183,3.23,1.88
2011.07.12 07:34:03.269,0.95156,0.95184,3.60,3.38
2011.07.12 07:34:05.158,0.95156,0.95182,4.13,1.88
2011.07.12 07:34:05.728,0.95157,0.9518,1.13,1.13
2011.07.12 07:34:06.608,0.95156,0.95178,2.63,1.13
2011.07.12 07:34:06.719,0.95156,0.95178,2.63,1.88
2011.07.12 07:34:07.928,0.95156,0.95178,2.63,1.88
2011.07.12 07:34:08.479,0.95157,0.95181,1.35,2.63
2011.07.12 07:34:08.916,0.95157,0.95181,1.35,3.38
2011.07.12 07:34:10.938,0.95157,0.9518,1.35,1.50
2011.07.12 07:34:11.266,0.95158,0.95182,1.35,1.88
2011.07.12 07:34:11.596,0.95158,0.95183,1.35,2.63
2011.07.12 07:34:11.925,0.95158,0.95184,1.35,2.63
2011.07.12 07:34:12.409,0.95157,0.95184,1.73,3.38
2011.07.12 07:34:12.637,0.95159,0.95184,3.23,3.38
2011.07.12 07:34:12.748,0.95159,0.95184,2.63,3.38
2011.07.12 07:34:13.295,0.9516,0.95184,1.13,2.63
2011.07.12 07:34:13.516,0.9516,0.95184,1.13,2.63
2011.07.12 07:34:13.845,0.9516,0.95184,3.23,2.63
2011.07.12 07:34:14.285,0.9516,0.95184,2.63,2.63
2011.07.12 07:34:14.505,0.95159,0.95184,3.98,2.63
2011.07.12 07:34:14.727,0.95156,0.95182,1.88,1.50
2011.07.12 07:34:14.839,0.95156,0.95177,1.35,5.25
2011.07.12 07:34:15.232,0.95145,0.95166,1.13,1.73
2011.07.12 07:34:15.786,0.95146,0.95169,1.88,1.88
2011.07.12 07:34:15.896,0.95146,0.95169,1.88,1.13
2011.07.12 07:34:16.007,0.95146,0.95171,2.85,1.50
2011.07.12 07:34:16.118,0.95146,0.95172,3.60,2.25
2011.07.12 07:34:16.337,0.9515,0.95173,2.48,2.63
2011.07.12 07:34:16.556,0.95151,0.95173,2.11,2.63
2011.07.12 07:34:17.334,0.95151,0.95174,2.11,2.63
2011.07.12 07:34:18.655,0.95156,0.95179,1.88,1.50
2011.07.12 07:34:19.106,0.95156,0.95179,1.88,1.50
2011.07.12 07:34:19.985,0.95158,0.95179,2.10,1.50
2011.07.12 07:34:20.317,0.95156,0.95181,1.35,1.50
2011.07.12 07:34:20.985,0.95157,0.95181,1.88,1.50
2011.07.12 07:34:21.376,0.95151,0.95178,2.26,1.50
2011.07.12 07:34:21.926,0.95151,0.95175,1.13,1.50
2011.07.12 07:34:22.036,0.95149,0.95174,2.10,2.63
2011.07.12 07:34:23.279,0.9515,0.95174,1.13,2.63
2011.07.12 07:34:23.969,0.95153,0.95174,2.10,2.63
2011.07.12 07:34:24.209,0.95153,0.95178,1.50,1.13
2011.07.12 07:34:24.330,0.95154,0.95178,1.13,1.88
2011.07.12 07:34:24.887,0.95149,0.95175,1.13,2.63
2011.07.12 07:34:25.327,0.95147,0.95173,2.63,2.63
2011.07.12 07:34:25.877,0.95149,0.95173,1.35,3.38
2011.07.12 07:34:25.988,0.95151,0.95173,2.10,1.50
2011.07.12 07:34:26.316,0.95157,0.95177,1.35,2.25
2011.07.12 07:34:26.425,0.95157,0.95182,2.25,2.63
2011.07.12 07:34:26.839,0.95157,0.95181,2.25,2.25
2011.07.12 07:34:26.956,0.95157,0.95181,1.35,2.25
2011.07.12 07:34:27.066,0.95156,0.95181,4.13,2.25
2011.07.12 07:34:27.746,0.95157,0.95181,1.50,2.25
2011.07.12 07:34:28.645,0.95157,0.95182,2.48,2.63
2011.07.12 07:34:28.980,0.95157,0.95181,1.88,3.00
2011.07.12 07:34:29.321,0.95157,0.95175,1.88,1.50
2011.07.12 07:34:29.437,0.95148,0.95173,3.00,1.50
2011.07.12 07:34:29.768,0.95148,0.95173,2.25,1.50
2011.07.12 07:34:29.880,0.95148,0.95173,2.25,3.38
2011.07.12 07:34:30.438,0.95148,0.95172,1.35,1.50
2011.07.12 07:34:31.099,0.95144,0.95171,1.50,3.75
2011.07.12 07:34:31.218,0.9514,0.95164,1.51,2.63
2011.07.12 07:34:31.338,0.95139,0.95163,2.10,3.00
2011.07.12 07:34:31.557,0.95137,0.9516,1.88,2.63
2011.07.12 07:34:31.887,0.95137,0.9516,3.75,1.50
2011.07.12 07:34:32.108,0.95137,0.95162,2.63,3.00
2011.07.12 07:34:34.054,0.95137,0.95161,2.63,1.88
2011.07.12 07:34:34.386,0.9514,0.95164,1.50,1.50
2011.07.12 07:34:34.716,0.95146,0.95171,1.13,1.50
2011.07.12 07:34:34.826,0.95149,0.95172,1.13,1.88
2011.07.12 07:34:35.047,0.95155,0.95174,2.10,1.13
2011.07.12 07:34:35.155,0.95155,0.95177,2.10,1.13
2011.07.12 07:34:35.376,0.95157,0.95181,2.48,1.50
2011.07.12 07:34:35.597,0.9516,0.95181,2.10,1.50
2011.07.12 07:34:35.705,0.95156,0.95181,1.50,3.00
2011.07.12 07:34:36.146,0.95156,0.95181,1.88,3.00
2011.07.12 07:34:36.793,0.95156,0.95182,2.48,2.63
2011.07.12 07:34:38.338,0.95156,0.95181,1.88,3.00
2011.07.12 07:34:38.555,0.95156,0.95181,1.88,2.63
2011.07.12 07:34:39.105,0.95156,0.95178,1.88,1.50
2011.07.12 07:34:40.931,0.95156,0.95178,1.88,1.88
2011.07.12 07:34:42.736,0.95146,0.95171,3.76,1.35
2011.07.12 07:34:43.177,0.95146,0.95171,4.73,1.50
2011.07.12 07:34:43.287,0.95147,0.95171,1.88,1.50
2011.07.12 07:34:43.395,0.95147,0.95171,1.88,1.50
2011.07.12 07:34:46.285,0.95146,0.95171,1.88,1.50
2011.07.12 07:34:46.848,0.95147,0.95171,1.88,1.50
2011.07.12 07:34:47.286,0.95147,0.9517,1.88,1.13
2011.07.12 07:34:47.946,0.95144,0.95171,1.73,1.50
2011.07.12 07:34:48.275,0.95146,0.95169,1.88,1.50
2011.07.12 07:34:48.384,0.95146,0.95168,1.88,1.50
2011.07.12 07:34:49.995,0.95146,0.95166,1.88,2.25
2011.07.12 07:34:51.234,0.95141,0.95165,1.13,1.50
2011.07.12 07:34:51.564,0.9514,0.95164,1.35,2.63
2011.07.12 07:34:52.009,0.95139,0.95163,1.88,1.50
2011.07.12 07:34:52.348,0.95137,0.95157,1.88,1.13
2011.07.12 07:34:52.798,0.95139,0.9516,2.10,3.38
2011.07.12 07:34:53.159,0.9515,0.9516,2.10,1.13
2011.07.12 07:34:53.274,0.95149,0.95159,2.48,1.88
2011.07.12 07:34:53.391,0.95149,0.95166,1.36,1.88
2011.07.12 07:34:53.621,0.95151,0.95174,3.75,1.88
2011.07.12 07:34:53.848,0.9516,0.9518,2.25,1.50
2011.07.12 07:34:53.957,0.9516,0.95181,2.63,2.25
2011.07.12 07:34:54.071,0.95166,0.95187,1.35,3.00
2011.07.12 07:34:54.626,0.95167,0.95192,1.36,2.63
2011.07.12 07:34:54.737,0.95167,0.95192,1.36,2.63
2011.07.12 07:34:54.845,0.95166,0.95192,1.73,2.25
2011.07.12 07:34:55.467,0.95168,0.95193,1.35,2.63
2011.07.12 07:34:55.795,0.95169,0.95194,1.36,2.63
2011.07.12 07:34:57.839,0.95168,0.95193,1.50,1.88
2011.07.12 07:34:57.956,0.95167,0.95193,2.48,1.88
2011.07.12 07:34:58.504,0.95167,0.95193,2.48,1.88
2011.07.12 07:34:58.835,0.95171,0.95194,2.10,2.63
2011.07.12 07:34:59.056,0.95172,0.95193,2.11,1.13
2011.07.12 07:34:59.168,0.95175,0.95193,2.48,1.13
2011.07.12 07:34:59.659,0.95178,0.95203,3.23,2.63
2011.07.12 07:34:59.999,0.9518,0.95203,2.48,2.63
2011.07.12 07:35:00.448,0.95184,0.95203,2.48,1.13
2011.07.12 07:35:00.776,0.95183,0.95203,1.88,1.13
2011.07.12 07:35:00.886,0.95184,0.95203,1.88,2.25
2011.07.12 07:35:01.267,0.95183,0.95203,1.88,1.50
2011.07.12 07:35:01.672,0.95179,0.95201,1.88,1.50
2011.07.12 07:35:02.259,0.95179,0.95201,1.88,1.50
2011.07.12 07:35:02.600,0.95173,0.95187,1.88,1.13
2011.07.12 07:35:02.719,0.95163,0.95184,2.25,1.35
2011.07.12 07:35:02.839,0.95163,0.95183,2.25,1.73
2011.07.12 07:35:03.177,0.95166,0.9518,1.88,1.50
2011.07.12 07:35:03.287,0.95158,0.9518,1.88,1.50
2011.07.12 07:35:03.952,0.95158,0.95183,1.88,3.38
2011.07.12 07:35:04.179,0.95159,0.95183,1.50,1.50
2011.07.12 07:35:04.736,0.95159,0.95184,2.25,2.63
2011.07.12 07:35:04.848,0.95159,0.95184,1.50,3.00
2011.07.12 07:35:04.972,0.95156,0.95183,3.00,1.88
2011.07.12 07:35:05.306,0.95156,0.9518,2.25,1.13
2011.07.12 07:35:06.075,0.95156,0.9518,2.25,1.88
2011.07.12 07:35:06.561,0.95158,0.9518,2.48,1.50
2011.07.12 07:35:06.681,0.95159,0.95184,2.48,1.13
2011.07.12 07:35:06.910,0.95159,0.95184,2.48,1.13
2011.07.12 07:35:07.137,0.95164,0.95183,1.50,2.63
2011.07.12 07:35:07.685,0.95163,0.95183,1.88,2.63
2011.07.12 07:35:08.016,0.9516,0.95184,1.35,2.63
2011.07.12 07:35:08.345,0.95158,0.95177,1.88,1.13
2011.07.12 07:35:08.458,0.95159,0.95184,2.48,2.63
2011.07.12 07:35:08.894,0.95158,0.95184,1.88,3.00
2011.07.12 07:35:09.445,0.95159,0.95184,1.88,3.00
2011.07.12 07:35:09.774,0.95158,0.95183,1.88,1.13
2011.07.12 07:35:10.302,0.95158,0.95183,4.88,1.13
2011.07.12 07:35:10.875,0.95158,0.95183,1.88,1.13
2011.07.12 07:35:11.425,0.95158,0.95183,1.88,1.13
2011.07.12 07:35:11.975,0.95158,0.95183,1.88,1.13
2011.07.12 07:35:12.529,0.95156,0.95182,1.88,1.50
2011.07.12 07:35:12.756,0.95156,0.9518,1.88,1.50
2011.07.12 07:35:13.305,0.95157,0.95177,1.88,1.88
2011.07.12 07:35:13.854,0.95153,0.95174,1.50,2.63
2011.07.12 07:35:14.167,0.95154,0.95174,1.88,2.63
2011.07.12 07:35:14.275,0.95155,0.95174,2.10,1.88
2011.07.12 07:35:14.386,0.95153,0.95174,1.50,2.63
2011.07.12 07:35:14.497,0.95154,0.95174,1.88,2.63
2011.07.12 07:35:14.826,0.95155,0.95174,2.85,2.63
2011.07.12 07:35:15.156,0.95156,0.9518,2.85,1.50
2011.07.12 07:35:15.377,0.95156,0.9518,2.85,1.50
2011.07.12 07:35:15.820,0.95156,0.9518,1.88,1.50
2011.07.12 07:35:16.160,0.95156,0.95177,2.25,1.73
2011.07.12 07:35:16.280,0.95153,0.95175,4.50,1.13
2011.07.12 07:35:16.839,0.95153,0.95174,3.38,2.63
2011.07.12 07:35:17.506,0.95156,0.95174,2.10,2.63
2011.07.12 07:35:17.728,0.95157,0.95182,1.35,1.88
2011.07.12 07:35:18.067,0.95165,0.95188,2.25,2.25
2011.07.12 07:35:18.290,0.95171,0.95193,1.88,1.50
2011.07.12 07:35:18.517,0.95173,0.95199,1.88,1.50
2011.07.12 07:35:18.628,0.95176,0.95199,1.50,1.50
2011.07.12 07:35:18.960,0.95175,0.95202,2.48,4.88
2011.07.12 07:35:19.080,0.95179,0.95202,1.88,1.50
2011.07.12 07:35:19.200,0.95185,0.95203,2.10,1.13
2011.07.12 07:35:19.616,0.95189,0.95213,2.63,2.63
2011.07.12 07:35:19.729,0.95194,0.95214,1.50,1.13
2011.07.12 07:35:20.067,0.95193,0.95207,1.50,1.13
2011.07.12 07:35:20.399,0.95188,0.95204,1.50,1.13
2011.07.12 07:35:20.957,0.95187,0.95205,1.88,1.50
2011.07.12 07:35:21.289,0.95184,0.95204,1.88,2.63
2011.07.12 07:35:21.593,0.95185,0.95204,2.48,1.88
2011.07.12 07:35:22.145,0.95189,0.95204,1.50,2.63
2011.07.12 07:35:22.916,0.95188,0.9521,2.48,1.50
2011.07.12 07:35:23.026,0.95189,0.9521,1.50,1.50
2011.07.12 07:35:23.357,0.95188,0.9521,2.48,1.50
2011.07.12 07:35:23.687,0.95194,0.95212,1.50,1.50
2011.07.12 07:35:24.237,0.95194,0.95211,1.50,1.13
2011.07.12 07:35:24.707,0.95187,0.9521,2.25,4.13
2011.07.12 07:35:24.823,0.95183,0.95207,2.85,1.13
2011.07.12 07:35:25.376,0.95186,0.95206,1.88,1.13
2011.07.12 07:35:25.709,0.95179,0.95203,2.48,2.63
2011.07.12 07:35:27.146,0.95178,0.95203,4.35,2.63
2011.07.12 07:35:27.605,0.95182,0.95203,1.50,1.88
2011.07.12 07:35:27.718,0.95179,0.95203,3.98,2.63
2011.07.12 07:35:28.050,0.95187,0.95207,2.10,1.50
2011.07.12 07:35:28.276,0.95183,0.95208,1.35,1.50
2011.07.12 07:35:28.496,0.95187,0.95209,2.25,1.13
2011.07.12 07:35:29.046,0.95187,0.95208,2.25,1.50
2011.07.12 07:35:29.159,0.95187,0.95208,2.25,1.50
2011.07.12 07:35:29.498,0.95187,0.95209,1.88,3.75
2011.07.12 07:35:29.937,0.95187,0.95207,1.88,3.75
2011.07.12 07:35:30.374,0.95187,0.95207,1.88,1.13
2011.07.12 07:35:30.930,0.95187,0.95202,1.88,3.75
2011.07.12 07:35:31.608,0.95187,0.95205,2.48,2.25
2011.07.12 07:35:31.717,0.95187,0.95206,1.88,1.50
2011.07.12 07:35:32.266,0.95187,0.95205,1.88,3.75
2011.07.12 07:35:32.597,0.95187,0.95204,1.88,3.75
2011.07.12 07:35:33.656,0.95187,0.95203,1.88,3.75
2011.07.12 07:35:34.097,0.95179,0.95202,2.48,4.13
2011.07.12 07:35:34.316,0.95179,0.95201,1.50,1.13
2011.07.12 07:35:34.535,0.95176,0.95198,2.63,1.13
2011.07.12 07:35:34.645,0.95176,0.95198,2.25,1.13
2011.07.12 07:35:35.196,0.95176,0.952,4.35,1.50
2011.07.12 07:35:36.514,0.95176,0.95198,2.85,3.75
2011.07.12 07:35:37.099,0.95176,0.95198,3.23,3.75
2011.07.12 07:35:37.439,0.95177,0.952,1.13,3.75
2011.07.12 07:35:37.885,0.95177,0.95202,3.38,3.75
2011.07.12 07:35:38.216,0.95177,0.95202,2.63,3.75
2011.07.12 07:35:38.766,0.95177,0.95203,2.63,2.63
2011.07.12 07:35:39.645,0.95177,0.95203,2.63,2.63
2011.07.12 07:35:40.205,0.95177,0.952,1.88,3.75
2011.07.12 07:35:41.207,0.95177,0.95199,1.88,3.75
2011.07.12 07:35:41.317,0.95177,0.95199,6.38,3.75
2011.07.12 07:35:41.536,0.95179,0.95198,3.00,1.35
2011.07.12 07:35:41.651,0.95177,0.95197,1.88,4.88
2011.07.12 07:35:41.878,0.95167,0.9519,1.88,1.73
2011.07.12 07:35:41.987,0.95167,0.95188,1.88,3.75
2011.07.12 07:35:42.537,0.95166,0.9519,1.88,2.48
2011.07.12 07:35:43.206,0.95166,0.95188,1.88,3.75
2011.07.12 07:35:43.757,0.95167,0.95189,1.88,3.75
2011.07.12 07:35:44.304,0.95167,0.95185,1.88,3.75
2011.07.12 07:35:45.887,0.95167,0.95186,1.88,1.50
2011.07.12 07:35:46.000,0.95167,0.95186,1.88,1.50
2011.07.12 07:35:46.337,0.95165,0.95188,2.48,2.63
2011.07.12 07:35:46.812,0.95163,0.95187,1.88,1.13
2011.07.12 07:35:46.931,0.95158,0.95185,2.48,1.13
2011.07.12 07:35:47.160,0.95159,0.95184,2.10,1.13
2011.07.12 07:35:47.717,0.95159,0.95184,3.98,1.13
2011.07.12 07:35:48.158,0.95163,0.95184,2.10,2.63
2011.07.12 07:35:48.706,0.95166,0.95187,2.48,2.25
2011.07.12 07:35:49.276,0.95167,0.95186,1.88,2.25
2011.07.12 07:35:49.609,0.95167,0.95187,2.48,2.25
2011.07.12 07:35:49.835,0.95167,0.95192,4.35,2.25
2011.07.12 07:35:50.495,0.95167,0.95191,5.10,2.25
2011.07.12 07:35:50.828,0.95167,0.95192,4.35,2.25
2011.07.12 07:35:51.045,0.95167,0.95192,3.75,2.25
2011.07.12 07:35:52.566,0.95167,0.95191,3.75,2.25
2011.07.12 07:35:53.005,0.95169,0.95193,2.10,2.63
2011.07.12 07:35:53.447,0.95169,0.95193,2.48,2.63
2011.07.12 07:35:54.104,0.95169,0.95193,2.48,2.63
2011.07.12 07:35:55.119,0.95169,0.95193,2.11,2.63
2011.07.12 07:35:55.569,0.95171,0.95193,2.10,2.63
2011.07.12 07:35:55.798,0.95171,0.95193,2.10,2.63
2011.07.12 07:35:56.676,0.95171,0.95193,2.10,2.63
2011.07.12 07:35:57.861,0.95182,0.95202,2.10,2.25
2011.07.12 07:35:58.195,0.95186,0.95206,1.88,2.25
2011.07.12 07:35:58.856,0.95182,0.95203,1.35,2.63
2011.07.12 07:35:59.075,0.95178,0.95203,1.35,3.00
2011.07.12 07:35:59.185,0.95177,0.95203,2.48,1.50
2011.07.12 07:36:00.615,0.95177,0.95202,2.48,1.50
2011.07.12 07:36:01.377,0.95177,0.95203,2.48,2.63
2011.07.12 07:36:02.073,0.95174,0.952,3.98,1.13
2011.07.12 07:36:02.192,0.95172,0.952,3.76,1.13
2011.07.12 07:36:02.310,0.95171,0.95198,1.36,1.50
2011.07.12 07:36:02.869,0.95168,0.95194,3.23,2.63
2011.07.12 07:36:03.317,0.95172,0.95194,2.10,2.63
2011.07.12 07:36:03.865,0.95173,0.95194,1.35,1.88
2011.07.12 07:36:04.435,0.9517,0.95194,1.35,1.88
2011.07.12 07:36:06.026,0.9517,0.95194,1.35,2.63
2011.07.12 07:36:06.797,0.95168,0.95192,1.13,1.13
2011.07.12 07:36:06.905,0.95168,0.95192,1.13,1.88
2011.07.12 07:36:07.016,0.95166,0.95192,3.23,1.88
2011.07.12 07:36:07.455,0.95167,0.95192,2.63,2.63
2011.07.12 07:36:08.147,0.95167,0.95192,2.63,2.25
2011.07.12 07:36:08.695,0.95167,0.95192,2.63,1.50
2011.07.12 07:36:09.386,0.95168,0.95192,1.51,1.50
2011.07.12 07:36:09.719,0.95176,0.95201,2.10,3.00
2011.07.12 07:36:10.103,0.9518,0.95203,1.35,2.63
2011.07.12 07:36:10.436,0.95181,0.95201,1.13,1.13
2011.07.12 07:36:10.768,0.95179,0.95198,1.13,1.50
2011.07.12 07:36:10.986,0.95179,0.95201,2.63,1.50
2011.07.12 07:36:11.097,0.95179,0.95201,2.25,2.25
2011.07.12 07:36:11.317,0.95179,0.952,2.25,2.25
2011.07.12 07:36:12.084,0.95178,0.952,2.25,1.50
2011.07.12 07:36:12.634,0.95178,0.95201,2.25,2.25
2011.07.12 07:36:13.188,0.95179,0.95201,1.50,2.25
2011.07.12 07:36:13.525,0.9518,0.95203,1.13,1.88
2011.07.12 07:36:14.078,0.95181,0.95204,1.13,2.63
2011.07.12 07:36:14.407,0.95184,0.95204,1.50,3.38
2011.07.12 07:36:14.740,0.95187,0.95212,1.50,6.38
2011.07.12 07:36:14.856,0.95193,0.95212,1.50,2.25
2011.07.12 07:36:14.967,0.95195,0.95213,1.50,1.88
2011.07.12 07:36:15.517,0.95195,0.95214,1.50,2.63
2011.07.12 07:36:15.848,0.95192,0.95212,1.50,1.13
2011.07.12 07:36:16.572,0.95192,0.95212,1.50,1.13
2011.07.12 07:36:16.905,0.95192,0.95212,1.50,1.13
2011.07.12 07:36:17.967,0.95192,0.95207,1.50,1.13
2011.07.12 07:36:18.077,0.95186,0.95207,3.38,1.13
2011.07.12 07:36:18.298,0.9518,0.952,1.51,1.50
2011.07.12 07:36:18.416,0.95177,0.95199,4.13,1.13
2011.07.12 07:36:18.530,0.95177,0.952,4.13,1.88
2011.07.12 07:36:18.649,0.9518,0.952,1.50,1.88
2011.07.12 07:36:18.988,0.95179,0.95199,1.50,1.13
2011.07.12 07:36:20.109,0.95178,0.95195,1.50,1.13
2011.07.12 07:36:20.337,0.9517,0.95191,1.50,2.25
2011.07.12 07:36:20.448,0.95167,0.9519,3.00,4.88
2011.07.12 07:36:20.558,0.95167,0.95187,2.25,1.50
2011.07.12 07:36:20.676,0.95166,0.95186,1.50,1.13
2011.07.12 07:36:21.008,0.95168,0.95184,1.50,2.63
2011.07.12 07:36:21.556,0.95169,0.95184,1.50,1.88
2011.07.12 07:36:21.996,0.95173,0.95184,1.50,1.88
2011.07.12 07:36:22.481,0.95173,0.95192,1.50,2.25
2011.07.12 07:36:23.146,0.95172,0.95192,1.50,2.25
2011.07.12 07:36:23.255,0.95173,0.95192,1.50,1.50
2011.07.12 07:36:23.804,0.95173,0.95193,1.50,3.75
2011.07.12 07:36:24.465,0.95174,0.95193,1.50,3.75
2011.07.12 07:36:26.890,0.95174,0.95193,1.50,3.75
2011.07.12 07:36:27.226,0.95174,0.95193,1.50,3.38
2011.07.12 07:36:27.338,0.95174,0.95193,1.50,3.75
2011.07.12 07:36:28.777,0.95172,0.95193,1.50,1.88
2011.07.12 07:36:28.890,0.9517,0.95191,1.50,1.50
2011.07.12 07:36:29.119,0.95169,0.9519,1.50,2.10
2011.07.12 07:36:29.348,0.95169,0.9519,1.50,2.10
2011.07.12 07:36:29.894,0.9517,0.9519,1.50,2.10
2011.07.12 07:36:31.796,0.95177,0.95193,1.50,1.50
2011.07.12 07:36:33.666,0.95177,0.95193,1.50,1.88
2011.07.12 07:36:34.318,0.95173,0.95193,1.50,3.38
2011.07.12 07:36:34.645,0.95176,0.95192,1.50,1.50
2011.07.12 07:36:35.566,0.95174,0.95192,1.50,1.50
2011.07.12 07:36:36.445,0.95175,0.95192,1.50,1.50
2011.07.12 07:36:36.995,0.95174,0.95192,1.50,1.50
2011.07.12 07:36:37.547,0.95174,0.95193,1.50,2.63
2011.07.12 07:36:37.961,0.95169,0.95193,3.00,4.13
2011.07.12 07:36:38.078,0.95169,0.95191,2.85,1.50
2011.07.12 07:36:38.296,0.95169,0.95193,2.85,3.38
2011.07.12 07:36:38.626,0.95168,0.95191,2.25,1.50
2011.07.12 07:36:39.287,0.95168,0.95191,2.85,1.50
2011.07.12 07:36:39.838,0.95169,0.9519,2.85,1.50
2011.07.12 07:36:40.056,0.95169,0.9519,2.85,1.50
2011.07.12 07:36:40.166,0.95169,0.9519,2.10,2.25
2011.07.12 07:36:40.276,0.95169,0.95191,2.10,1.50
2011.07.12 07:36:40.898,0.95167,0.9519,1.88,1.50
2011.07.12 07:36:42.437,0.95166,0.95187,1.88,1.50
2011.07.12 07:36:42.986,0.95166,0.95187,1.88,1.50
2011.07.12 07:36:43.536,0.95166,0.9519,1.88,5.63
2011.07.12 07:36:44.887,0.95166,0.9519,2.48,1.50
2011.07.12 07:36:45.436,0.95167,0.95193,2.63,1.88
2011.07.12 07:36:47.919,0.95166,0.95189,2.63,1.13
2011.07.12 07:36:48.256,0.95167,0.95189,1.88,1.88
2011.07.12 07:36:48.914,0.95165,0.95189,1.35,1.88
2011.07.12 07:36:49.024,0.95162,0.95189,2.10,1.88
2011.07.12 07:36:49.685,0.95167,0.95188,1.88,1.13
2011.07.12 07:36:50.256,0.95167,0.95189,1.88,1.88
2011.07.12 07:36:50.916,0.95169,0.95189,1.35,1.13
2011.07.12 07:36:51.137,0.95169,0.95194,2.10,3.38
2011.07.12 07:36:51.359,0.95177,0.95197,1.13,3.75
2011.07.12 07:36:51.587,0.95177,0.95199,2.10,1.50
2011.07.12 07:36:51.805,0.95177,0.95201,2.10,3.75
2011.07.12 07:36:52.349,0.95177,0.95201,3.23,3.75
2011.07.12 07:36:53.057,0.95176,0.952,2.63,1.88
2011.07.12 07:36:53.167,0.95176,0.95199,1.88,1.13
2011.07.12 07:36:53.494,0.95176,0.95199,1.88,1.13
2011.07.12 07:36:54.386,0.95174,0.95197,1.13,1.88
2011.07.12 07:36:54.935,0.95176,0.95196,1.88,1.46
2011.07.12 07:36:56.207,0.95176,0.95199,1.88,1.50
2011.07.12 07:36:56.318,0.95176,0.95201,2.63,1.50
2011.07.12 07:36:56.426,0.95176,0.95203,2.63,1.88
2011.07.12 07:36:56.867,0.95179,0.95203,1.88,1.88
2011.07.12 07:36:57.305,0.95179,0.95202,2.63,1.50
2011.07.12 07:36:57.635,0.9518,0.95202,1.13,1.50
2011.07.12 07:36:58.184,0.9518,0.95202,1.13,1.50
2011.07.12 07:37:01.405,0.95177,0.95202,1.36,1.88
2011.07.12 07:37:01.747,0.95176,0.95201,4.13,1.50
2011.07.12 07:37:01.856,0.95176,0.95201,3.38,1.50
2011.07.12 07:37:02.187,0.95178,0.95202,1.36,1.50
2011.07.12 07:37:02.757,0.95179,0.95203,1.51,1.88
2011.07.12 07:37:03.086,0.95178,0.95203,2.11,2.63
2011.07.12 07:37:03.603,0.95178,0.95202,1.36,1.50
2011.07.12 07:37:04.436,0.95178,0.95202,2.11,1.50
2011.07.12 07:37:04.876,0.95181,0.95204,1.88,2.63
2011.07.12 07:37:05.097,0.95184,0.95209,3.01,1.50
2011.07.12 07:37:05.207,0.95187,0.95211,1.13,3.00
2011.07.12 07:37:05.427,0.95188,0.95212,2.11,2.25
2011.07.12 07:37:05.758,0.95188,0.95211,2.11,1.50
2011.07.12 07:37:06.084,0.95188,0.95212,2.11,1.50
2011.07.12 07:37:06.580,0.95186,0.95211,4.88,1.50
2011.07.12 07:37:08.308,0.95192,0.95212,1.73,1.50
2011.07.12 07:37:08.636,0.95192,0.95215,1.88,1.50
2011.07.12 07:37:09.423,0.9519,0.95214,2.11,1.13
2011.07.12 07:37:09.978,0.95189,0.95214,1.36,1.13
2011.07.12 07:37:10.195,0.95197,0.95215,1.88,1.13
2011.07.12 07:37:10.305,0.95189,0.95213,1.36,2.63
2011.07.12 07:37:12.038,0.95189,0.95213,2.11,2.63
2011.07.12 07:37:12.807,0.95189,0.95213,2.48,2.63
2011.07.12 07:37:16.010,0.95191,0.95218,3.76,1.13
2011.07.12 07:37:16.126,0.95191,0.95217,1.88,4.88
2011.07.12 07:37:16.349,0.95191,0.95217,2.11,1.13
2011.07.12 07:37:16.942,0.95191,0.95213,2.11,2.63
2011.07.12 07:37:17.507,0.95192,0.95213,1.51,1.88
2011.07.12 07:37:18.326,0.95191,0.95213,1.36,2.63
2011.07.12 07:37:18.835,0.9519,0.95213,2.11,2.63
2011.07.12 07:37:21.365,0.9519,0.95213,2.11,1.88
2011.07.12 07:37:21.919,0.95191,0.95213,1.36,1.88
2011.07.12 07:37:22.737,0.95191,0.95213,1.36,1.88
2011.07.12 07:37:23.306,0.95191,0.95214,1.36,1.13
2011.07.12 07:37:23.745,0.95197,0.95217,1.88,1.13
2011.07.12 07:37:23.858,0.95197,0.95219,1.88,1.50
2011.07.12 07:37:24.186,0.95194,0.95222,1.73,2.25
2011.07.12 07:37:26.116,0.95197,0.95221,2.63,1.13
2011.07.12 07:37:26.446,0.95196,0.95218,1.88,1.88
2011.07.12 07:37:27.034,0.95197,0.95218,1.88,1.88
2011.07.12 07:37:27.920,0.95197,0.95215,1.88,2.85
2011.07.12 07:37:28.038,0.95191,0.95213,3.00,1.73
2011.07.12 07:37:28.157,0.95188,0.95209,2.25,1.13
2011.07.12 07:37:28.488,0.95184,0.95208,1.13,1.73
2011.07.12 07:37:29.280,0.95184,0.95207,1.13,1.13
2011.07.12 07:37:29.396,0.95181,0.95204,1.35,1.88
2011.07.12 07:37:30.417,0.95181,0.95204,1.35,2.25
2011.07.12 07:37:30.859,0.95176,0.95201,2.63,1.88
2011.07.12 07:37:31.085,0.95176,0.95198,2.63,1.50
2011.07.12 07:37:31.416,0.95171,0.95201,1.73,3.23
2011.07.12 07:37:31.636,0.95173,0.95201,1.13,2.48
2011.07.12 07:37:31.745,0.95177,0.95201,2.25,2.85
2011.07.12 07:37:32.186,0.95177,0.95196,2.25,1.13
2011.07.12 07:37:32.296,0.95177,0.95201,2.25,2.10
2011.07.12 07:37:32.516,0.95177,0.95201,1.13,1.73
2011.07.12 07:37:33.085,0.95176,0.95201,2.63,1.73
2011.07.12 07:37:35.646,0.95177,0.95203,2.63,3.23
2011.07.12 07:37:37.537,0.95178,0.95203,1.35,1.88
2011.07.12 07:37:38.935,0.95178,0.952,1.35,1.13
2011.07.12 07:37:39.156,0.95176,0.95201,1.50,1.35
2011.07.12 07:37:39.268,0.95176,0.95203,1.13,2.10
2011.07.12 07:37:39.376,0.95176,0.95203,1.13,1.73
2011.07.12 07:37:39.706,0.95176,0.95203,1.13,1.73
2011.07.12 07:37:39.925,0.95177,0.95201,2.63,1.88
2011.07.12 07:37:41.702,0.95177,0.95201,2.63,1.73
2011.07.12 07:37:41.928,0.95177,0.95201,2.63,1.73
2011.07.12 07:37:42.806,0.95177,0.95196,2.63,1.35
2011.07.12 07:37:43.244,0.95175,0.95196,1.13,2.48
2011.07.12 07:37:43.795,0.95174,0.95193,2.25,1.13
2011.07.12 07:37:45.162,0.95169,0.95194,2.86,1.88
2011.07.12 07:37:45.714,0.95171,0.95194,1.51,1.88
2011.07.12 07:37:47.499,0.95176,0.95195,1.50,1.13
2011.07.12 07:37:48.073,0.95176,0.95194,1.50,1.13
2011.07.12 07:37:48.635,0.95177,0.95196,1.88,1.88
2011.07.12 07:37:49.189,0.95177,0.95194,1.88,1.50
2011.07.12 07:37:49.307,0.95177,0.95193,1.88,1.13
2011.07.12 07:37:49.416,0.9517,0.95193,1.50,3.75
2011.07.12 07:37:50.540,0.95167,0.95191,3.38,1.73
2011.07.12 07:37:50.875,0.95166,0.95191,2.63,1.73
2011.07.12 07:37:52.527,0.95166,0.9519,2.63,1.13
2011.07.12 07:37:53.415,0.95166,0.9519,2.63,1.13
2011.07.12 07:37:53.641,0.95169,0.95194,1.13,2.63
2011.07.12 07:37:54.200,0.95176,0.952,1.88,1.13
2011.07.12 07:37:54.428,0.95176,0.95201,2.63,1.50
2011.07.12 07:37:54.647,0.95177,0.95204,2.63,1.35
2011.07.12 07:37:54.867,0.95177,0.95204,2.63,2.10
2011.07.12 07:37:56.369,0.95177,0.95203,2.63,2.48
2011.07.12 07:37:57.507,0.95179,0.95203,1.51,2.48
2011.07.12 07:38:04.496,0.95177,0.95198,3.38,1.50
2011.07.12 07:38:04.608,0.95177,0.95201,2.63,1.50
2011.07.12 07:38:04.719,0.95176,0.95201,1.13,1.35
2011.07.12 07:38:04.836,0.95176,0.952,1.13,1.88
2011.07.12 07:38:05.167,0.95176,0.95197,1.13,1.73
2011.07.12 07:38:05.278,0.95174,0.95198,1.13,2.25
2011.07.12 07:38:05.914,0.95176,0.95199,1.13,1.50
2011.07.12 07:38:06.262,0.95167,0.95194,1.35,1.50
2011.07.12 07:38:06.377,0.95167,0.95193,1.35,1.13
2011.07.12 07:38:06.926,0.95167,0.95193,3.23,3.00
2011.07.12 07:38:07.368,0.9517,0.95197,1.35,2.63
2011.07.12 07:38:07.479,0.95171,0.95198,3.75,1.13
2011.07.12 07:38:08.035,0.95176,0.95198,2.63,1.13
2011.07.12 07:38:08.710,0.95176,0.95198,1.88,1.13
2011.07.12 07:38:09.158,0.95176,0.95199,1.88,1.50
2011.07.12 07:38:09.377,0.9518,0.95203,3.00,3.23
2011.07.12 07:38:09.706,0.9518,0.95204,3.76,1.88
2011.07.12 07:38:10.914,0.95179,0.95204,2.86,1.88
2011.07.12 07:38:11.135,0.9518,0.95204,1.13,1.88
2011.07.12 07:38:11.686,0.9518,0.95204,1.13,1.88
2011.07.12 07:38:11.962,0.9518,0.95204,1.13,1.88
2011.07.12 07:38:12.956,0.95181,0.95204,1.13,3.00
2011.07.12 07:38:13.175,0.95181,0.95204,1.13,2.63
2011.07.12 07:38:13.395,0.95181,0.95204,1.13,2.63
2011.07.12 07:38:14.075,0.95181,0.95204,1.13,2.63
2011.07.12 07:38:14.405,0.95181,0.95204,1.13,2.63
2011.07.12 07:38:14.955,0.9518,0.95204,1.13,2.63
2011.07.12 07:38:15.529,0.9518,0.95204,1.13,1.88
2011.07.12 07:38:16.749,0.95184,0.95208,1.35,1.88
2011.07.12 07:38:16.861,0.95184,0.95208,1.35,1.13
2011.07.12 07:38:16.977,0.95185,0.9521,1.35,1.50
2011.07.12 07:38:17.305,0.95186,0.95212,2.63,1.13
2011.07.12 07:38:17.855,0.95186,0.95212,2.63,1.88
2011.07.12 07:38:18.076,0.95186,0.95211,2.63,1.13
2011.07.12 07:38:18.406,0.95186,0.9521,2.63,1.35
2011.07.12 07:38:19.745,0.95186,0.9521,2.63,2.10
2011.07.12 07:38:20.076,0.95187,0.9521,1.13,2.10
2011.07.12 07:38:20.296,0.95187,0.9521,1.13,2.85
2011.07.12 07:38:20.735,0.95186,0.9521,2.63,2.10
2011.07.12 07:38:21.118,0.95188,0.9521,1.35,1.50
2011.07.12 07:38:21.226,0.95189,0.95214,2.25,4.13
2011.07.12 07:38:21.445,0.95188,0.95214,5.48,1.13
2011.07.12 07:38:21.996,0.95191,0.95213,1.13,1.88
2011.07.12 07:38:22.435,0.95191,0.95213,1.13,1.88
2011.07.12 07:38:22.656,0.95191,0.95213,1.13,1.88
2011.07.12 07:38:24.225,0.95191,0.95213,1.13,1.88
2011.07.12 07:38:24.777,0.95191,0.95213,1.13,1.88
2011.07.12 07:38:24.999,0.95188,0.95211,1.88,2.10
2011.07.12 07:38:25.120,0.95186,0.95209,3.38,1.35
2011.07.12 07:38:25.239,0.95186,0.95209,1.88,1.35
2011.07.12 07:38:25.465,0.95183,0.95203,2.63,1.88
2011.07.12 07:38:25.576,0.95181,0.95203,1.50,1.88
2011.07.12 07:38:26.049,0.95179,0.95203,3.75,1.88
2011.07.12 07:38:26.379,0.95179,0.95203,3.38,1.88
2011.07.12 07:38:26.678,0.95179,0.95203,1.13,2.25
2011.07.12 07:38:27.336,0.95179,0.95203,2.63,4.13
2011.07.12 07:38:27.558,0.95179,0.95203,1.13,4.13
2011.07.12 07:38:28.106,0.95179,0.95203,2.25,3.38
2011.07.12 07:38:28.216,0.95179,0.95203,2.25,3.38
2011.07.12 07:38:28.765,0.95177,0.952,2.63,2.10
2011.07.12 07:38:29.109,0.95177,0.952,2.63,2.10
2011.07.12 07:38:29.666,0.95177,0.95196,2.63,1.50
2011.07.12 07:38:29.996,0.95177,0.95198,1.13,1.50
2011.07.12 07:38:30.105,0.95177,0.95198,2.63,1.50
2011.07.12 07:38:30.657,0.95177,0.95197,1.88,1.50
2011.07.12 07:38:31.797,0.95177,0.952,1.88,3.60
2011.07.12 07:38:32.618,0.95177,0.95198,1.88,1.13
2011.07.12 07:38:32.947,0.95178,0.95201,1.13,1.50
2011.07.12 07:38:33.059,0.95181,0.95203,1.73,1.88
2011.07.12 07:38:33.288,0.95185,0.9521,1.13,1.35
2011.07.12 07:38:33.508,0.95186,0.95211,2.85,2.25
2011.07.12 07:38:34.057,0.95186,0.95213,4.13,1.35
2011.07.12 07:38:34.170,0.95186,0.95212,1.88,1.13
2011.07.12 07:38:34.288,0.95186,0.95212,2.63,1.13
2011.07.12 07:38:34.611,0.95186,0.95213,2.63,3.60
2011.07.12 07:38:34.839,0.9519,0.95214,2.25,1.35
2011.07.12 07:38:35.180,0.95197,0.9522,1.88,2.10
2011.07.12 07:38:35.296,0.95196,0.9522,1.13,1.35
2011.07.12 07:38:36.395,0.95197,0.9522,2.63,2.10
2011.07.12 07:38:36.616,0.95197,0.9522,3.00,1.50
2011.07.12 07:38:36.946,0.95199,0.95223,2.10,2.63
2011.07.12 07:38:37.567,0.95197,0.95222,2.25,1.50
2011.07.12 07:38:38.008,0.95197,0.9522,2.48,1.13
2011.07.12 07:38:38.228,0.95188,0.95216,2.63,1.73
2011.07.12 07:38:38.665,0.95188,0.95213,2.25,1.13
2011.07.12 07:38:39.216,0.95187,0.95213,1.13,1.50
2011.07.12 07:38:39.659,0.95186,0.95212,2.63,2.10
2011.07.12 07:38:39.995,0.95186,0.95213,3.00,2.10
2011.07.12 07:38:40.548,0.95193,0.95214,1.88,1.35
2011.07.12 07:38:40.659,0.95191,0.95216,1.13,1.50
2011.07.12 07:38:41.074,0.95196,0.95218,1.88,2.10
2011.07.12 07:38:41.409,0.95198,0.9522,1.13,1.50
2011.07.12 07:38:41.519,0.95198,0.95224,1.13,2.63
2011.07.12 07:38:41.857,0.95196,0.95223,3.76,2.10
2011.07.12 07:38:42.189,0.95197,0.95219,1.88,1.35
2011.07.12 07:38:42.636,0.95197,0.95221,1.13,1.13
2011.07.12 07:38:43.560,0.952,0.95221,1.88,1.13
2011.07.12 07:38:43.680,0.95197,0.95221,1.13,1.13
2011.07.12 07:38:44.354,0.95198,0.95222,2.25,1.13
2011.07.12 07:38:44.470,0.95198,0.95224,3.23,3.00
2011.07.12 07:38:44.591,0.952,0.95224,1.73,1.13
2011.07.12 07:38:46.366,0.952,0.95224,3.60,1.88
2011.07.12 07:38:46.587,0.95199,0.95223,1.50,1.50
2011.07.12 07:38:46.921,0.95196,0.9522,2.25,1.35
2011.07.12 07:38:47.041,0.95196,0.95223,3.23,1.50
2011.07.12 07:38:47.155,0.95196,0.95223,3.23,1.50
2011.07.12 07:38:47.706,0.95197,0.95221,1.88,2.10
2011.07.12 07:38:49.039,0.95194,0.95218,1.13,1.88
2011.07.12 07:38:49.646,0.95197,0.95216,1.88,1.50
2011.07.12 07:38:50.197,0.95197,0.95215,1.88,1.50
2011.07.12 07:38:50.746,0.95197,0.95217,1.88,2.63
2011.07.12 07:38:51.188,0.95197,0.95215,1.88,1.88
2011.07.12 07:38:51.516,0.95197,0.95215,1.88,1.50
2011.07.12 07:38:52.736,0.95197,0.95215,1.88,1.50
2011.07.12 07:38:53.286,0.95197,0.95215,3.38,1.50
2011.07.12 07:38:53.619,0.95199,0.95217,1.50,2.63
2011.07.12 07:38:53.737,0.95198,0.95217,1.50,2.63
2011.07.12 07:38:54.068,0.952,0.95221,1.50,2.25
2011.07.12 07:38:54.397,0.952,0.95222,1.50,1.50
2011.07.12 07:38:54.946,0.95201,0.9522,1.50,1.50
2011.07.12 07:38:55.562,0.952,0.9522,1.50,2.48
2011.07.12 07:38:55.684,0.9519,0.95213,1.88,3.75
2011.07.12 07:38:55.911,0.9519,0.95211,1.88,3.23
2011.07.12 07:38:56.031,0.95183,0.95207,3.38,1.13
2011.07.12 07:38:56.146,0.95183,0.95207,1.88,1.13
2011.07.12 07:38:56.585,0.95187,0.95208,1.88,1.13
2011.07.12 07:38:56.918,0.95187,0.95207,1.88,1.13
2011.07.12 07:38:57.025,0.95187,0.95207,1.88,1.13
2011.07.12 07:38:57.661,0.95186,0.95212,1.13,1.13
2011.07.12 07:38:58.215,0.95186,0.95213,2.63,1.35
2011.07.12 07:38:58.324,0.95186,0.95213,1.88,1.35
2011.07.12 07:38:58.656,0.95181,0.95206,1.88,1.13
2011.07.12 07:38:58.985,0.95178,0.95206,3.23,1.88
2011.07.12 07:38:59.535,0.95186,0.95208,1.88,1.13
2011.07.12 07:39:01.360,0.95179,0.95206,1.35,3.00
2011.07.12 07:39:01.478,0.95178,0.95206,2.48,3.00
2011.07.12 07:39:02.057,0.95178,0.95204,2.48,2.63
2011.07.12 07:39:02.281,0.95186,0.95204,1.35,2.63
2011.07.12 07:39:02.506,0.95186,0.95211,1.35,4.50
2011.07.12 07:39:03.056,0.95187,0.95211,2.63,2.25
2011.07.12 07:39:03.500,0.95194,0.95213,2.10,1.13
2011.07.12 07:39:03.834,0.95194,0.95213,2.10,1.13
2011.07.12 07:39:03.934,0.95196,0.95213,2.48,1.13
2011.07.12 07:39:04.050,0.95196,0.95214,5.48,1.13
2011.07.12 07:39:04.173,0.95198,0.95223,1.35,1.50
2011.07.12 07:39:04.510,0.95194,0.95216,2.25,1.13
2011.07.12 07:39:04.737,0.95192,0.95213,3.38,4.73
2011.07.12 07:39:04.847,0.95192,0.95209,1.88,2.10
2011.07.12 07:39:05.179,0.95191,0.95204,1.88,1.50
2011.07.12 07:39:05.750,0.9519,0.95208,1.88,4.50
2011.07.12 07:39:05.872,0.95187,0.95206,1.88,1.13
2011.07.12 07:39:06.980,0.95187,0.95208,2.10,2.25
2011.07.12 07:39:07.210,0.95193,0.95214,2.48,1.50
2011.07.12 07:39:07.441,0.95197,0.95216,1.50,1.50
2011.07.12 07:39:07.559,0.95199,0.95221,2.11,2.63
2011.07.12 07:39:07.897,0.95196,0.95224,7.13,3.60
2011.07.12 07:39:08.196,0.95196,0.95223,4.88,1.35
2011.07.12 07:39:08.317,0.9519,0.95215,1.73,1.13
2011.07.12 07:39:08.431,0.95189,0.95215,2.48,1.13
2011.07.12 07:39:08.768,0.95188,0.95209,1.88,1.13
2011.07.12 07:39:08.988,0.95187,0.9521,1.13,1.88
2011.07.12 07:39:09.210,0.95193,0.95209,2.48,1.50
2011.07.12 07:39:09.439,0.95194,0.95217,1.88,1.50
2011.07.12 07:39:09.556,0.95194,0.95218,1.13,1.50
2011.07.12 07:39:09.775,0.95196,0.95218,1.13,1.88
2011.07.12 07:39:10.225,0.95197,0.95218,2.25,1.50
2011.07.12 07:39:10.671,0.95188,0.95213,2.63,1.50
2011.07.12 07:39:11.007,0.95188,0.95211,2.48,1.13
2011.07.12 07:39:11.338,0.95188,0.9521,2.48,1.88
2011.07.12 07:39:11.886,0.95187,0.95208,1.88,1.13
2011.07.12 07:39:12.545,0.95186,0.95208,2.25,1.13
2011.07.12 07:39:13.097,0.95186,0.95211,3.61,1.88
2011.07.12 07:39:13.661,0.95194,0.95213,2.10,1.50
2011.07.12 07:39:13.778,0.95194,0.95214,2.10,2.63
2011.07.12 07:39:14.326,0.95197,0.9522,2.48,3.38
2011.07.12 07:39:14.877,0.95197,0.9522,2.48,3.38
2011.07.12 07:39:14.991,0.95196,0.95223,2.85,3.75
2011.07.12 07:39:15.546,0.95197,0.95223,2.85,3.75
2011.07.12 07:39:16.095,0.95197,0.95223,2.85,3.75
2011.07.12 07:39:16.576,0.95197,0.95223,2.85,3.75
2011.07.12 07:39:17.103,0.952,0.95223,1.35,2.63
2011.07.12 07:39:18.096,0.952,0.95223,2.85,2.63
2011.07.12 07:39:18.425,0.95204,0.95223,1.88,1.88
2011.07.12 07:39:19.194,0.95203,0.95232,2.26,1.88
2011.07.12 07:39:19.638,0.9521,0.95234,2.10,2.63
2011.07.12 07:39:19.758,0.95209,0.95234,1.50,2.63
2011.07.12 07:39:20.214,0.95209,0.95228,1.50,1.13
2011.07.12 07:39:20.545,0.95207,0.95227,2.48,1.13
2011.07.12 07:39:20.876,0.95207,0.95226,2.48,1.50
2011.07.12 07:39:21.429,0.95204,0.95224,1.35,1.13
2011.07.12 07:39:21.547,0.95204,0.95226,3.23,1.50
2011.07.12 07:39:21.657,0.95204,0.95225,2.85,1.13
2011.07.12 07:39:22.207,0.95206,0.95226,1.88,1.50
2011.07.12 07:39:22.647,0.95206,0.95229,2.85,1.50
2011.07.12 07:39:22.756,0.95206,0.95231,2.85,1.50
2011.07.12 07:39:22.867,0.95206,0.95233,3.23,1.13
2011.07.12 07:39:23.252,0.95209,0.95233,1.88,1.13
2011.07.12 07:39:23.689,0.95209,0.95233,3.23,2.63
2011.07.12 07:39:24.469,0.95214,0.95234,2.48,1.13
2011.07.12 07:39:25.025,0.95218,0.95238,1.35,1.13
2011.07.12 07:39:25.136,0.95218,0.95243,2.85,1.88
2011.07.12 07:39:25.885,0.95219,0.95243,1.50,3.75
2011.07.12 07:39:26.329,0.95218,0.95241,2.25,1.13
2011.07.12 07:39:26.440,0.95218,0.95243,1.88,2.25
2011.07.12 07:39:26.778,0.95214,0.9524,3.75,1.50
2011.07.12 07:39:27.326,0.95213,0.95237,2.25,1.13
2011.07.12 07:39:27.888,0.95216,0.95236,1.88,1.50
2011.07.12 07:39:29.702,0.95216,0.95236,1.88,1.13
2011.07.12 07:39:30.146,0.95216,0.95236,1.88,1.88
2011.07.12 07:39:31.798,0.95208,0.95231,2.10,1.13
2011.07.12 07:39:32.016,0.95208,0.95229,2.10,1.50
2011.07.12 07:39:33.559,0.95215,0.95233,1.13,1.50
2011.07.12 07:39:33.899,0.95219,0.95243,2.10,2.63
2011.07.12 07:39:34.116,0.9522,0.95244,1.35,2.63
2011.07.12 07:39:34.667,0.9522,0.95243,1.35,1.13
2011.07.12 07:39:35.217,0.9522,0.95243,1.35,1.88
2011.07.12 07:39:36.466,0.9522,0.95243,1.35,2.63
2011.07.12 07:39:37.017,0.95221,0.95243,1.35,1.88
2011.07.12 07:39:37.347,0.95223,0.95247,1.13,1.88
2011.07.12 07:39:37.566,0.95228,0.9525,1.35,3.75
2011.07.12 07:39:37.675,0.95228,0.95252,1.35,1.88
2011.07.12 07:39:38.558,0.95228,0.95254,1.35,3.38
2011.07.12 07:39:39.159,0.95226,0.95252,3.01,1.13
2011.07.12 07:39:39.500,0.95224,0.95246,1.50,1.50
2011.07.12 07:39:39.839,0.95225,0.95249,1.35,1.50
2011.07.12 07:39:40.181,0.95234,0.95261,2.48,1.88
2011.07.12 07:39:40.301,0.95237,0.95262,2.10,7.50
2011.07.12 07:39:40.527,0.95237,0.95261,2.11,2.25
2011.07.12 07:39:41.066,0.95239,0.95262,1.50,1.13
2011.07.12 07:39:41.726,0.95239,0.95262,1.88,1.13
2011.07.12 07:39:42.936,0.95238,0.95263,1.88,3.75
2011.07.12 07:39:43.268,0.95239,0.95263,1.50,4.50
2011.07.12 07:39:43.599,0.95228,0.95249,3.23,1.13
2011.07.12 07:39:43.706,0.95228,0.95247,3.23,1.50
2011.07.12 07:39:44.287,0.95224,0.95247,2.25,1.13
2011.07.12 07:39:44.507,0.95224,0.95249,2.25,1.13
2011.07.12 07:39:44.835,0.95223,0.95248,2.63,1.13
2011.07.12 07:39:44.948,0.95226,0.95249,2.63,1.13
2011.07.12 07:39:45.832,0.95227,0.95253,2.48,2.25
2011.07.12 07:39:46.379,0.95231,0.95254,1.73,1.88
2011.07.12 07:39:46.502,0.95236,0.95258,2.25,1.88
2011.07.12 07:39:46.727,0.95236,0.95263,2.63,1.50
2011.07.12 07:39:47.058,0.95238,0.95264,1.50,3.00
2011.07.12 07:39:47.275,0.95236,0.95263,2.63,1.13
2011.07.12 07:39:48.047,0.95237,0.95263,2.63,3.00
2011.07.12 07:39:49.568,0.95236,0.95262,1.73,1.50
2011.07.12 07:39:49.897,0.95237,0.95262,2.48,1.50
2011.07.12 07:39:50.447,0.95237,0.95263,3.23,6.75
2011.07.12 07:39:50.775,0.95237,0.95263,3.23,6.38
2011.07.12 07:39:51.325,0.95237,0.95263,3.23,3.38
2011.07.12 07:39:51.767,0.95237,0.95257,1.88,1.13
2011.07.12 07:39:52.098,0.95231,0.95254,1.50,1.88
2011.07.12 07:39:52.463,0.95225,0.95251,2.48,6.00
2011.07.12 07:39:52.686,0.95225,0.95243,2.10,1.88
2011.07.12 07:39:52.906,0.95225,0.9525,2.48,2.63
2011.07.12 07:39:53.235,0.95225,0.95249,2.48,2.63
2011.07.12 07:39:53.676,0.95221,0.95243,1.35,1.88
2011.07.12 07:39:54.225,0.95221,0.95243,1.35,2.63
2011.07.12 07:39:55.217,0.95219,0.95244,1.73,3.00
2011.07.12 07:39:55.876,0.9522,0.95244,1.73,2.63
2011.07.12 07:39:55.986,0.95219,0.95244,2.48,2.63
2011.07.12 07:39:56.096,0.95222,0.95244,2.48,2.63
2011.07.12 07:39:56.537,0.95222,0.95244,2.10,2.63
2011.07.12 07:39:56.646,0.95219,0.95242,3.61,1.13
2011.07.12 07:39:56.756,0.95217,0.9524,1.36,1.50
2011.07.12 07:39:56.866,0.95216,0.95239,2.48,1.50
2011.07.12 07:39:57.085,0.95215,0.95239,2.10,2.21
2011.07.12 07:39:57.307,0.95216,0.95239,2.48,1.50
2011.07.12 07:39:57.965,0.95217,0.9524,3.23,1.50
2011.07.12 07:39:58.297,0.95214,0.95238,2.48,1.88
2011.07.12 07:39:58.640,0.95211,0.95235,3.23,1.13
2011.07.12 07:39:58.760,0.9521,0.95234,1.35,1.13
2011.07.12 07:39:59.097,0.95209,0.95232,2.25,1.13
2011.07.12 07:39:59.536,0.95206,0.95231,1.13,1.50
2011.07.12 07:40:00.857,0.95205,0.95231,1.13,1.50
2011.07.12 07:40:01.329,0.95205,0.95231,2.10,2.25
2011.07.12 07:40:01.897,0.95207,0.95232,2.48,2.25
2011.07.12 07:40:02.445,0.95207,0.95228,1.88,1.50
2011.07.12 07:40:05.557,0.95207,0.95228,2.25,1.50
2011.07.12 07:40:06.116,0.95209,0.95233,1.13,2.63
2011.07.12 07:40:06.236,0.95209,0.95234,2.85,1.13
2011.07.12 07:40:06.348,0.95208,0.95234,3.61,2.63
2011.07.12 07:40:06.678,0.95211,0.95233,1.73,1.13
2011.07.12 07:40:07.224,0.95211,0.95234,1.73,1.88
2011.07.12 07:40:07.579,0.95211,0.95234,1.73,2.63
2011.07.12 07:40:08.347,0.95211,0.95234,1.13,2.63
2011.07.12 07:40:08.979,0.9521,0.95234,1.13,4.13
2011.07.12 07:40:09.429,0.95211,0.95234,1.13,2.63
2011.07.12 07:40:09.989,0.95214,0.95235,1.88,1.50
2011.07.12 07:40:10.328,0.95218,0.95244,1.35,2.63
2011.07.12 07:40:10.766,0.9522,0.95243,1.35,2.63
2011.07.12 07:40:11.180,0.95224,0.95246,1.35,1.13
2011.07.12 07:40:11.553,0.95223,0.95248,1.35,4.50
2011.07.12 07:40:11.674,0.95227,0.95249,1.88,3.00
2011.07.12 07:40:12.666,0.95227,0.95246,1.88,1.46
2011.07.12 07:40:13.217,0.95227,0.95248,2.48,2.21
2011.07.12 07:40:13.549,0.95228,0.95252,1.35,2.25
2011.07.12 07:40:14.255,0.95229,0.95253,1.35,2.63
2011.07.12 07:40:14.373,0.95231,0.95253,1.35,2.63
2011.07.12 07:40:14.927,0.95227,0.95253,1.13,1.88
2011.07.12 07:40:15.384,0.95228,0.95251,1.13,1.13
2011.07.12 07:40:15.717,0.95224,0.95243,1.50,1.88
2011.07.12 07:40:15.828,0.95222,0.95243,1.35,1.88
2011.07.12 07:40:16.240,0.95223,0.95243,1.73,1.88
2011.07.12 07:40:16.575,0.95225,0.95243,1.35,1.88
2011.07.12 07:40:17.030,0.95225,0.95243,1.36,1.88
2011.07.12 07:40:17.147,0.95227,0.95252,2.63,1.13
2011.07.12 07:40:17.588,0.95227,0.95253,2.63,3.00
2011.07.12 07:40:18.138,0.95227,0.95253,3.76,2.63
2011.07.12 07:40:18.249,0.9523,0.95253,1.13,2.63
2011.07.12 07:40:18.578,0.95235,0.95257,1.35,1.13
2011.07.12 07:40:19.126,0.95235,0.95253,1.36,1.88
2011.07.12 07:40:19.787,0.95233,0.95253,3.01,1.13
2011.07.12 07:40:19.896,0.95231,0.95253,1.35,1.13
2011.07.12 07:40:20.177,0.9523,0.95253,1.35,1.13
2011.07.12 07:40:20.288,0.95228,0.95253,2.48,3.75
2011.07.12 07:40:20.617,0.95229,0.95254,1.35,2.63
2011.07.12 07:40:21.058,0.95229,0.95254,1.51,5.25
2011.07.12 07:40:21.610,0.95229,0.9525,1.88,1.50
2011.07.12 07:40:21.948,0.95225,0.95248,1.35,1.50
2011.07.12 07:40:22.276,0.95224,0.95244,1.13,1.88
2011.07.12 07:40:22.807,0.95223,0.95244,1.88,1.88
2011.07.12 07:40:23.138,0.95225,0.95244,1.36,1.88
2011.07.12 07:40:23.686,0.95225,0.95247,1.73,1.13
2011.07.12 07:40:24.017,0.95222,0.95243,2.26,1.88
2011.07.12 07:40:24.128,0.95222,0.95243,1.51,2.63
2011.07.12 07:40:24.351,0.95219,0.95243,3.38,3.38
2011.07.12 07:40:24.468,0.95218,0.95241,1.50,1.50
2011.07.12 07:40:24.796,0.95216,0.95239,1.13,1.13
2011.07.12 07:40:25.194,0.95216,0.95235,2.48,1.13
2011.07.12 07:40:25.526,0.95213,0.95234,3.23,2.63
2011.07.12 07:40:25.857,0.95214,0.95234,2.48,2.63
2011.07.12 07:40:26.300,0.95214,0.95234,1.88,2.63
2011.07.12 07:40:26.967,0.95214,0.95234,1.88,2.63
2011.07.12 07:40:27.518,0.95214,0.95234,2.48,1.88
2011.07.12 07:40:27.964,0.95215,0.95239,1.73,1.13
2011.07.12 07:40:28.298,0.95217,0.95233,1.35,1.88
2011.07.12 07:40:28.626,0.95216,0.95237,1.51,1.13
2011.07.12 07:40:28.959,0.95216,0.95233,1.88,1.88
2011.07.12 07:40:29.399,0.9522,0.95243,2.85,1.13
2011.07.12 07:40:30.068,0.95223,0.95244,1.88,2.63
2011.07.12 07:40:30.588,0.95225,0.95249,1.73,1.50
2011.07.12 07:40:30.932,0.95234,0.95254,1.35,1.88
2011.07.12 07:40:31.929,0.95236,0.9526,1.73,1.50
2011.07.12 07:40:32.266,0.9524,0.95262,1.13,1.50
2011.07.12 07:40:32.378,0.9524,0.95262,1.13,1.13
2011.07.12 07:40:32.596,0.9524,0.95262,1.51,1.13
2011.07.12 07:40:33.329,0.95241,0.95263,1.50,2.25
2011.07.12 07:40:33.659,0.9524,0.95262,1.73,1.13
2011.07.12 07:40:33.889,0.9524,0.95262,3.23,1.13
2011.07.12 07:40:34.229,0.95233,0.95254,3.38,1.13
2011.07.12 07:40:34.349,0.95233,0.95254,1.88,2.63
2011.07.12 07:40:34.467,0.95233,0.95256,1.88,1.50
2011.07.12 07:40:34.907,0.95233,0.95253,2.26,1.88
2011.07.12 07:40:35.127,0.95237,0.95261,3.98,3.75
2011.07.12 07:40:35.350,0.95237,0.95258,4.13,4.50
2011.07.12 07:40:35.760,0.95236,0.95251,1.51,1.13
2011.07.12 07:40:35.864,0.95229,0.95248,1.88,1.50
2011.07.12 07:40:36.087,0.95229,0.95248,1.88,1.50
2011.07.12 07:40:36.638,0.95228,0.95249,2.25,2.25
2011.07.12 07:40:36.967,0.95232,0.95253,1.73,2.25
2011.07.12 07:40:37.186,0.95233,0.95254,1.13,1.50
2011.07.12 07:40:37.407,0.95236,0.95258,2.48,1.13
2011.07.12 07:40:37.847,0.95239,0.95262,4.35,1.13
2011.07.12 07:40:37.955,0.95239,0.95262,3.23,1.13
2011.07.12 07:40:38.734,0.95239,0.9526,2.48,1.13
2011.07.12 07:40:39.077,0.95234,0.95256,3.60,1.88
2011.07.12 07:40:39.738,0.95237,0.95256,2.25,1.13
2011.07.12 07:40:40.177,0.95237,0.95259,1.13,1.13
2011.07.12 07:40:40.506,0.95236,0.95259,2.25,1.50
2011.07.12 07:40:40.836,0.95236,0.95255,1.88,1.50
2011.07.12 07:40:41.168,0.95236,0.95256,4.35,1.50
2011.07.12 07:40:41.281,0.95239,0.95258,1.50,1.13
2011.07.12 07:40:41.401,0.95241,0.95265,1.50,1.88
2011.07.12 07:40:41.519,0.95243,0.95268,3.75,3.75
2011.07.12 07:40:41.936,0.95251,0.9527,1.13,1.88
2011.07.12 07:40:42.389,0.95256,0.9527,1.35,1.88
2011.07.12 07:40:42.617,0.95258,0.95273,1.13,1.88
2011.07.12 07:40:43.167,0.95254,0.95274,1.35,2.25
2011.07.12 07:40:43.715,0.95254,0.95273,1.88,1.13
2011.07.12 07:40:45.229,0.95253,0.95274,2.25,3.00
2011.07.12 07:40:45.349,0.95254,0.95274,1.50,2.25
2011.07.12 07:40:45.688,0.95253,0.95269,1.50,1.88
2011.07.12 07:40:45.800,0.95248,0.95267,1.88,1.13
2011.07.12 07:40:46.028,0.95249,0.95265,1.50,1.88
2011.07.12 07:40:46.137,0.95244,0.95265,2.25,1.88
2011.07.12 07:40:46.689,0.95241,0.95263,1.50,3.00
2011.07.12 07:40:47.265,0.95239,0.95259,2.63,1.13
2011.07.12 07:40:47.596,0.95237,0.95258,2.25,1.13
2011.07.12 07:40:48.258,0.95238,0.95258,1.35,1.50
2011.07.12 07:40:48.586,0.95241,0.95263,1.50,3.00
2011.07.12 07:40:49.796,0.95241,0.95263,1.50,2.25
2011.07.12 07:40:50.165,0.95243,0.95263,1.88,2.25
2011.07.12 07:40:50.718,0.95244,0.95264,1.88,2.25
2011.07.12 07:40:51.377,0.95243,0.95262,1.50,1.13
2011.07.12 07:40:51.930,0.95244,0.95262,1.50,1.13
2011.07.12 07:40:52.266,0.95239,0.95262,2.25,1.13
2011.07.12 07:40:52.378,0.95239,0.95262,2.25,1.13
2011.07.12 07:40:52.740,0.95239,0.95263,3.00,3.00
2011.07.12 07:40:53.078,0.95239,0.95263,1.50,3.00
2011.07.12 07:40:53.627,0.95238,0.95262,3.00,1.13
2011.07.12 07:40:54.178,0.95238,0.95258,2.25,1.13
2011.07.12 07:40:54.950,0.95238,0.95255,1.50,1.13
2011.07.12 07:40:55.067,0.95233,0.95255,3.38,1.88
2011.07.12 07:40:55.178,0.95233,0.95251,1.88,1.13
2011.07.12 07:40:55.396,0.95233,0.95251,1.50,1.13
2011.07.12 07:40:55.616,0.95233,0.95252,1.88,1.88
2011.07.12 07:40:56.183,0.95221,0.95243,1.13,1.50
2011.07.12 07:40:56.300,0.9522,0.95243,1.13,1.88
2011.07.12 07:40:56.530,0.9522,0.95243,1.13,3.00
2011.07.12 07:40:56.976,0.95223,0.95243,1.13,2.25
2011.07.12 07:40:57.417,0.95224,0.95243,1.13,1.88
2011.07.12 07:40:57.749,0.95219,0.95243,4.73,2.63
2011.07.12 07:40:57.859,0.9522,0.95241,1.35,1.13
2011.07.12 07:40:57.980,0.95217,0.95239,1.13,1.13
2011.07.12 07:40:58.313,0.95215,0.95234,1.35,1.13
2011.07.12 07:40:58.434,0.95211,0.95234,1.73,1.50
2011.07.12 07:40:58.548,0.9521,0.95234,1.50,1.88
2011.07.12 07:40:58.990,0.9521,0.95233,1.35,1.13
2011.07.12 07:40:59.546,0.95211,0.9523,1.13,2.10
2011.07.12 07:40:59.878,0.95203,0.95223,2.25,3.38
2011.07.12 07:41:00.098,0.95199,0.95223,1.50,3.38
2011.07.12 07:41:00.428,0.95199,0.95223,1.50,2.63
2011.07.12 07:41:00.905,0.95203,0.95223,1.50,3.00
2011.07.12 07:41:01.216,0.952,0.95214,1.35,1.13
2011.07.12 07:41:01.334,0.95193,0.95214,1.50,2.63
2011.07.12 07:41:01.997,0.95188,0.95211,1.88,1.50
2011.07.12 07:41:02.217,0.95189,0.95206,1.88,1.13
2011.07.12 07:41:03.319,0.95186,0.95202,2.25,1.13
2011.07.12 07:41:03.685,0.95186,0.95203,1.88,1.13
2011.07.12 07:41:03.912,0.95187,0.95207,1.88,1.13
2011.07.12 07:41:04.469,0.95187,0.95207,1.88,1.13
2011.07.12 07:41:05.016,0.95187,0.95206,2.25,1.13
2011.07.12 07:41:05.240,0.95191,0.95206,2.10,1.13
2011.07.12 07:41:05.359,0.95186,0.95207,2.25,1.50
2011.07.12 07:41:05.586,0.95189,0.9521,1.13,1.88
2011.07.12 07:41:05.699,0.95189,0.95212,1.50,1.13
2011.07.12 07:41:06.556,0.95189,0.95213,1.13,2.25
2011.07.12 07:41:07.106,0.95188,0.9521,3.60,1.13
2011.07.12 07:41:07.217,0.95188,0.9521,2.85,1.13
2011.07.12 07:41:07.546,0.95186,0.95209,2.25,1.13
2011.07.12 07:41:08.096,0.95188,0.95211,1.13,1.50
2011.07.12 07:41:09.315,0.95188,0.95211,1.73,1.50
2011.07.12 07:41:11.036,0.95187,0.95209,1.13,1.13
2011.07.12 07:41:11.258,0.95187,0.95211,3.23,1.88
2011.07.12 07:41:11.475,0.95187,0.95212,3.60,1.13
2011.07.12 07:41:12.027,0.95189,0.95211,1.73,1.13
2011.07.12 07:41:12.137,0.95188,0.95211,3.60,1.13
2011.07.12 07:41:12.248,0.95189,0.95211,1.13,1.13
2011.07.12 07:41:13.200,0.95189,0.95211,3.75,1.13
2011.07.12 07:41:13.790,0.95189,0.95211,2.10,1.13
2011.07.12 07:41:15.258,0.9519,0.95213,1.35,1.13
2011.07.12 07:41:15.809,0.95193,0.95214,2.25,2.63
2011.07.12 07:41:16.149,0.95195,0.95218,1.50,1.13
2011.07.12 07:41:16.380,0.95199,0.95222,3.98,1.50
2011.07.12 07:41:17.011,0.95205,0.95224,1.13,1.88
2011.07.12 07:41:18.336,0.95205,0.95224,1.13,1.88
2011.07.12 07:41:18.447,0.95205,0.95229,1.50,1.13
2011.07.12 07:41:18.775,0.95207,0.95229,2.25,1.13
2011.07.12 07:41:19.326,0.95207,0.95226,1.88,1.13
2011.07.12 07:41:19.656,0.95207,0.95225,1.88,1.50
2011.07.12 07:41:19.877,0.95207,0.95225,1.88,1.88
2011.07.12 07:41:19.988,0.95207,0.95225,1.88,2.25
2011.07.12 07:41:20.096,0.95197,0.95221,1.51,1.13
2011.07.12 07:41:20.211,0.95198,0.95221,1.13,1.13
2011.07.12 07:41:20.328,0.95197,0.95221,1.50,1.13
2011.07.12 07:41:20.548,0.95197,0.95221,1.13,2.25
2011.07.12 07:41:21.276,0.95194,0.95215,2.25,1.13
2011.07.12 07:41:21.825,0.95197,0.95215,1.88,1.13
2011.07.12 07:41:22.366,0.95197,0.95215,1.88,1.13
2011.07.12 07:41:22.947,0.95196,0.95219,2.63,1.50
2011.07.12 07:41:23.060,0.95198,0.9522,2.10,1.13
2011.07.12 07:41:23.179,0.95202,0.9522,1.50,1.13
2011.07.12 07:41:23.507,0.95206,0.95229,2.25,1.13
2011.07.12 07:41:24.013,0.95206,0.95222,1.88,1.13
2011.07.12 07:41:24.126,0.95199,0.95221,1.88,1.13
2011.07.12 07:41:24.242,0.95197,0.95218,3.00,3.23
2011.07.12 07:41:24.582,0.95184,0.952,2.25,1.13
2011.07.12 07:41:24.698,0.95182,0.952,2.25,1.13
2011.07.12 07:41:24.809,0.95182,0.95201,2.63,1.13
2011.07.12 07:41:24.919,0.95181,0.95203,1.13,2.25
2011.07.12 07:41:25.257,0.95183,0.95205,1.13,1.13
2011.07.12 07:41:25.745,0.95187,0.95204,1.88,2.25
2011.07.12 07:41:26.187,0.95183,0.95203,1.13,2.25
2011.07.12 07:41:26.551,0.95186,0.95206,2.25,1.50
2011.07.12 07:41:26.777,0.95184,0.95207,1.13,2.25
2011.07.12 07:41:27.327,0.95187,0.95208,2.25,1.50
2011.07.12 07:41:27.879,0.95187,0.95209,2.85,1.50
2011.07.12 07:41:27.988,0.95187,0.9521,2.85,1.88
2011.07.12 07:41:28.535,0.95187,0.9521,2.85,1.13
2011.07.12 07:41:29.621,0.9519,0.95211,2.48,1.13
2011.07.12 07:41:29.743,0.95188,0.95211,1.13,1.13
2011.07.12 07:41:29.860,0.95186,0.95209,2.25,1.13
2011.07.12 07:41:30.198,0.95186,0.9521,2.85,1.13
2011.07.12 07:41:30.749,0.95187,0.9521,3.00,1.13
2011.07.12 07:41:32.406,0.95189,0.95211,1.13,1.13
2011.07.12 07:41:34.726,0.95189,0.95211,1.36,1.13
2011.07.12 07:41:36.649,0.95187,0.95209,3.60,1.13
2011.07.12 07:41:39.277,0.95187,0.9521,2.85,1.13
2011.07.12 07:41:39.499,0.95186,0.95206,1.88,1.50
2011.07.12 07:41:39.609,0.95186,0.95206,1.88,1.13
2011.07.12 07:41:40.177,0.95187,0.95205,1.88,1.13
2011.07.12 07:41:40.506,0.95187,0.95208,2.25,1.13
2011.07.12 07:41:40.725,0.95183,0.95207,1.88,1.13
2011.07.12 07:41:41.166,0.95186,0.95206,2.25,1.13
2011.07.12 07:41:41.497,0.95193,0.95217,2.25,2.25
2011.07.12 07:41:41.607,0.95196,0.95221,1.88,3.00
2011.07.12 07:41:41.719,0.95199,0.95221,2.11,2.25
2011.07.12 07:41:41.838,0.952,0.95221,1.35,1.50
2011.07.12 07:41:41.948,0.952,0.95224,2.48,2.63
2011.07.12 07:41:42.553,0.95202,0.95225,1.35,1.13
2011.07.12 07:41:43.545,0.95207,0.95225,1.88,1.13
2011.07.12 07:41:43.876,0.95207,0.95223,1.88,1.13
2011.07.12 07:41:44.427,0.95197,0.95219,2.25,1.13
2011.07.12 07:41:44.759,0.95196,0.9522,2.63,1.13
2011.07.12 07:41:44.991,0.9521,0.95221,2.10,1.50
2011.07.12 07:41:45.218,0.95217,0.95232,2.10,1.50
2011.07.12 07:41:45.728,0.9522,0.95244,1.50,3.00
2011.07.12 07:41:45.838,0.95225,0.95244,1.35,2.25
2011.07.12 07:41:45.950,0.95227,0.95249,1.88,1.83
2011.07.12 07:41:46.070,0.95229,0.95249,2.48,1.13
2011.07.12 07:41:46.190,0.95231,0.95254,2.10,1.13
2011.07.12 07:41:46.308,0.95232,0.95257,1.35,1.50
2011.07.12 07:41:46.668,0.95232,0.95253,1.35,1.88
2011.07.12 07:41:46.784,0.95229,0.95254,2.63,1.13
2011.07.12 07:41:47.338,0.95229,0.95253,4.50,1.50
2011.07.12 07:41:48.002,0.95229,0.95245,1.50,4.35
2011.07.12 07:41:48.339,0.95219,0.95243,1.88,2.63
2011.07.12 07:41:48.569,0.95219,0.95243,2.63,2.63
2011.07.12 07:41:48.788,0.95219,0.95241,2.25,2.85
2011.07.12 07:41:49.242,0.95219,0.95242,2.25,2.63
2011.07.12 07:41:49.363,0.95219,0.95238,1.88,1.50
2011.07.12 07:41:49.479,0.95213,0.95238,3.23,1.50
2011.07.12 07:41:49.600,0.95216,0.95238,1.13,1.50
2011.07.12 07:41:50.244,0.95214,0.95239,2.63,1.88
2011.07.12 07:41:50.577,0.95213,0.95235,4.13,1.35
2011.07.12 07:41:50.908,0.9521,0.95233,2.25,1.50
2011.07.12 07:41:51.458,0.9521,0.95233,1.50,2.25
2011.07.12 07:41:51.788,0.95212,0.95233,2.63,1.88
2011.07.12 07:41:52.400,0.95215,0.95233,1.13,1.88
2011.07.12 07:41:53.069,0.95217,0.95238,2.63,1.13
2011.07.12 07:41:53.191,0.95217,0.95239,3.23,1.88
2011.07.12 07:41:53.528,0.9522,0.95243,1.88,3.38
2011.07.12 07:41:54.077,0.95222,0.95244,1.13,2.25
2011.07.12 07:41:55.416,0.95222,0.95243,1.13,1.88
2011.07.12 07:41:55.637,0.9522,0.95243,2.85,1.88
2011.07.12 07:41:55.970,0.9522,0.95238,1.13,1.88
2011.07.12 07:41:56.307,0.9522,0.95242,1.13,1.13
2011.07.12 07:41:56.526,0.95219,0.95242,2.10,1.13
2011.07.12 07:41:56.856,0.9522,0.95242,1.13,1.13
2011.07.12 07:41:57.296,0.95218,0.95241,2.10,1.13
2011.07.12 07:41:57.655,0.95218,0.95242,2.85,1.13
2011.07.12 07:41:58.646,0.95218,0.95242,4.13,1.13
2011.07.12 07:41:59.196,0.9522,0.95243,1.13,1.88
2011.07.12 07:42:00.198,0.95218,0.95243,3.38,1.13
2011.07.12 07:42:00.636,0.9522,0.95244,1.50,3.00
2011.07.12 07:42:00.748,0.95222,0.95244,2.63,2.63
2011.07.12 07:42:01.315,0.95225,0.95247,4.13,1.13
2011.07.12 07:42:01.649,0.95227,0.9525,1.50,1.88
2011.07.12 07:42:01.769,0.95226,0.95249,3.98,1.13
2011.07.12 07:42:01.998,0.95227,0.95247,1.13,1.13
2011.07.12 07:42:02.331,0.95228,0.95249,1.13,4.13
2011.07.12 07:42:02.450,0.95226,0.95248,1.35,1.50
2011.07.12 07:42:02.678,0.95224,0.95241,2.63,1.13
2011.07.12 07:42:03.010,0.95221,0.95242,1.50,1.13
2011.07.12 07:42:03.538,0.9522,0.95242,1.50,1.13
2011.07.12 07:42:03.866,0.95223,0.95244,2.63,1.50
2011.07.12 07:42:04.195,0.95222,0.95243,1.50,1.13
2011.07.12 07:42:04.747,0.95221,0.95245,1.50,1.13
2011.07.12 07:42:04.965,0.95223,0.95244,1.50,1.50
2011.07.12 07:42:05.407,0.95226,0.95244,1.88,1.50
2011.07.12 07:42:05.738,0.9522,0.9524,1.13,1.13
2011.07.12 07:42:06.351,0.95227,0.95241,1.88,1.13
2011.07.12 07:42:06.769,0.95227,0.95236,1.88,1.13
2011.07.12 07:42:06.891,0.95216,0.95236,2.63,1.13
2011.07.12 07:42:07.451,0.95222,0.95239,1.88,1.13
2011.07.12 07:42:07.571,0.95222,0.95239,1.88,1.13
2011.07.12 07:42:07.688,0.95218,0.95239,1.13,1.13
2011.07.12 07:42:07.908,0.95217,0.95239,3.38,1.13
2011.07.12 07:42:08.457,0.95218,0.95237,3.00,1.13
2011.07.12 07:42:08.790,0.95227,0.95237,1.88,1.13
2011.07.12 07:42:09.016,0.95218,0.95237,3.00,1.13
2011.07.12 07:42:09.580,0.95218,0.95237,2.63,1.13
2011.07.12 07:42:09.921,0.95218,0.95235,2.63,2.25
2011.07.12 07:42:10.147,0.95216,0.95232,1.88,2.25
2011.07.12 07:42:10.478,0.95213,0.9523,1.88,1.50
2011.07.12 07:42:10.589,0.95213,0.95226,1.50,1.13
2011.07.12 07:42:10.707,0.95209,0.95224,1.88,1.13
2011.07.12 07:42:11.258,0.95208,0.95226,2.25,1.13
2011.07.12 07:42:11.588,0.95208,0.95228,2.25,1.50
2011.07.12 07:42:11.918,0.95209,0.95232,5.48,1.13
2011.07.12 07:42:12.136,0.95211,0.95232,1.73,1.13
2011.07.12 07:42:12.356,0.95213,0.95233,1.13,2.25
2011.07.12 07:42:12.816,0.95217,0.95234,1.88,1.13
2011.07.12 07:42:13.367,0.95217,0.95232,1.88,1.13
2011.07.12 07:42:14.469,0.95208,0.9523,2.63,1.35
2011.07.12 07:42:14.590,0.95209,0.95227,1.50,1.13
2011.07.12 07:42:14.707,0.95206,0.95227,2.25,1.13
2011.07.12 07:42:15.429,0.95206,0.95225,2.25,1.88
2011.07.12 07:42:15.656,0.95206,0.95225,2.25,1.88
2011.07.12 07:42:15.989,0.952,0.95206,1.88,1.13
2011.07.12 07:42:16.109,0.95193,0.95205,2.25,1.13
2011.07.12 07:42:16.217,0.95192,0.95205,3.00,1.88
2011.07.12 07:42:16.330,0.95186,0.95205,3.00,1.50
2011.07.12 07:42:16.450,0.95188,0.95208,1.13,1.13
2011.07.12 07:42:16.790,0.95194,0.95213,2.85,1.13
2011.07.12 07:42:16.910,0.95196,0.95217,1.35,1.50
2011.07.12 07:42:17.247,0.95198,0.9522,2.25,1.13
2011.07.12 07:42:17.777,0.952,0.9522,1.13,1.13
2011.07.12 07:42:18.328,0.95203,0.95221,1.13,1.88
2011.07.12 07:42:18.658,0.95206,0.95222,1.88,1.13
2011.07.12 07:42:18.876,0.95206,0.95227,2.63,1.13
2011.07.12 07:42:19.319,0.95206,0.95227,2.63,2.10
2011.07.12 07:42:19.646,0.95206,0.95222,1.88,1.13
2011.07.12 07:42:21.100,0.95206,0.95224,1.88,1.13
2011.07.12 07:42:21.662,0.95208,0.95231,1.35,1.13
2011.07.12 07:42:21.782,0.9521,0.95231,1.13,1.73
2011.07.12 07:42:21.902,0.95206,0.9523,1.50,1.13
2011.07.12 07:42:22.019,0.95206,0.95227,1.50,1.13
2011.07.12 07:42:22.129,0.95206,0.95226,2.63,1.35
2011.07.12 07:42:22.246,0.95206,0.95228,3.00,1.13
2011.07.12 07:42:22.797,0.95209,0.95228,1.13,1.13
2011.07.12 07:42:23.399,0.95206,0.95227,2.63,1.73
2011.07.12 07:42:23.731,0.95204,0.95219,1.50,2.85
2011.07.12 07:42:23.852,0.95204,0.95219,1.50,2.10
2011.07.12 07:42:24.080,0.95198,0.95217,1.50,1.13
2011.07.12 07:42:24.636,0.95199,0.95218,2.25,1.50
2011.07.12 07:42:24.858,0.95198,0.9522,2.25,2.10
2011.07.12 07:42:25.298,0.95194,0.95213,3.23,1.13
2011.07.12 07:42:25.662,0.95191,0.95212,1.73,1.13
2011.07.12 07:42:25.784,0.95188,0.95209,1.13,1.13
2011.07.12 07:42:25.897,0.95187,0.95209,2.63,1.50
2011.07.12 07:42:26.228,0.95176,0.95198,3.00,1.13
2011.07.12 07:42:26.336,0.95177,0.95198,3.00,1.13
2011.07.12 07:42:26.559,0.95179,0.95202,1.13,1.13
2011.07.12 07:42:26.676,0.9518,0.95202,1.13,1.13
2011.07.12 07:42:26.896,0.95187,0.95202,1.88,1.13
2011.07.12 07:42:27.228,0.95187,0.952,1.88,1.13
2011.07.12 07:42:27.669,0.95187,0.95206,1.88,1.13
2011.07.12 07:42:27.790,0.95187,0.95209,2.25,1.13
2011.07.12 07:42:28.019,0.95188,0.95209,2.63,1.13
2011.07.12 07:42:28.341,0.95188,0.95209,2.63,1.13
2011.07.12 07:42:28.690,0.95188,0.95207,1.50,1.13
2011.07.12 07:42:29.140,0.95186,0.95205,2.25,1.13
2011.07.12 07:42:29.687,0.95186,0.95205,2.25,1.13
2011.07.12 07:42:30.239,0.95186,0.95205,1.88,1.13
2011.07.12 07:42:30.677,0.95186,0.95206,1.88,1.13
2011.07.12 07:42:31.207,0.95187,0.95206,1.88,1.13
2011.07.12 07:42:31.540,0.95183,0.95204,1.50,1.50
2011.07.12 07:42:31.877,0.95177,0.95196,2.63,1.13
2011.07.12 07:42:32.099,0.95169,0.95189,3.60,1.13
2011.07.12 07:42:32.316,0.95167,0.95188,2.25,1.13
2011.07.12 07:42:32.771,0.95167,0.95188,3.00,1.13
2011.07.12 07:42:32.888,0.95167,0.95188,1.13,1.13
2011.07.12 07:42:33.548,0.95167,0.95189,1.13,1.13
2011.07.12 07:42:34.097,0.95167,0.95188,1.13,1.13
2011.07.12 07:42:34.316,0.95167,0.95188,1.13,1.13
2011.07.12 07:42:36.112,0.95168,0.95188,1.13,1.13
2011.07.12 07:42:36.558,0.95166,0.95191,4.73,1.88
2011.07.12 07:42:36.781,0.95167,0.95185,3.00,1.13
2011.07.12 07:42:36.899,0.95167,0.95185,2.63,1.13
2011.07.12 07:42:37.129,0.95156,0.95177,3.76,1.13
2011.07.12 07:42:37.600,0.95157,0.95174,1.88,1.13
2011.07.12 07:42:38.046,0.95157,0.95172,1.88,1.13
2011.07.12 07:42:38.707,0.95157,0.95175,2.25,1.35
2011.07.12 07:42:38.927,0.95153,0.95176,1.88,2.10
2011.07.12 07:42:39.259,0.95159,0.9518,1.13,1.50
2011.07.12 07:42:39.486,0.95159,0.95182,1.13,1.13
2011.07.12 07:42:39.706,0.95157,0.9518,3.60,1.13
2011.07.12 07:42:39.931,0.95157,0.95178,1.50,1.13
2011.07.12 07:42:40.335,0.95154,0.95175,2.25,1.13
2011.07.12 07:42:40.452,0.95157,0.95175,2.25,1.13
2011.07.12 07:42:41.117,0.95157,0.95175,1.88,1.13
2011.07.12 07:42:41.667,0.95157,0.95175,1.88,1.13
2011.07.12 07:42:41.777,0.95159,0.95178,1.50,1.13
2011.07.12 07:42:42.110,0.95165,0.95189,2.25,1.50
2011.07.12 07:42:42.448,0.95169,0.95193,2.25,1.13
2011.07.12 07:42:42.777,0.95183,0.95202,1.50,4.13
2011.07.12 07:42:42.887,0.95183,0.95204,1.50,1.13
2011.07.12 07:42:43.107,0.95188,0.95213,1.13,2.63
2011.07.12 07:42:43.563,0.95187,0.95213,2.63,2.63
2011.07.12 07:42:44.448,0.95186,0.95208,1.88,1.13
2011.07.12 07:42:46.749,0.95186,0.95209,1.88,1.50
2011.07.12 07:42:47.087,0.95186,0.95212,1.13,2.63
2011.07.12 07:42:47.306,0.95186,0.95212,1.13,2.63
2011.07.12 07:42:47.855,0.95187,0.95213,1.88,2.63
2011.07.12 07:42:50.042,0.95186,0.95214,3.23,2.63
2011.07.12 07:42:50.164,0.95188,0.95214,1.35,2.63
2011.07.12 07:42:50.280,0.9519,0.95214,1.35,2.63
2011.07.12 07:42:50.507,0.9519,0.95214,1.35,2.63
2011.07.12 07:42:51.276,0.95197,0.95216,1.88,1.13
2011.07.12 07:42:51.607,0.95189,0.95212,1.50,1.35
2011.07.12 07:42:51.717,0.95187,0.95212,1.88,1.35
2011.07.12 07:42:51.827,0.95187,0.95212,1.88,2.10
2011.07.12 07:42:52.392,0.95187,0.95204,1.88,1.13
2011.07.12 07:42:53.170,0.95179,0.95204,1.36,1.13
2011.07.12 07:42:53.617,0.95181,0.95203,1.50,1.13
2011.07.12 07:42:53.838,0.95183,0.95204,2.48,2.63
2011.07.12 07:42:54.058,0.95188,0.95212,1.50,1.50
2011.07.12 07:42:54.497,0.95189,0.95213,1.73,1.13
2011.07.12 07:42:54.608,0.95191,0.95213,1.13,1.13
2011.07.12 07:42:54.720,0.9519,0.9521,1.13,1.13
2011.07.12 07:42:55.059,0.95188,0.9521,1.73,1.13
2011.07.12 07:42:55.496,0.95187,0.9521,2.11,1.13
2011.07.12 07:42:55.937,0.95188,0.9521,1.73,1.13
2011.07.12 07:42:56.707,0.95191,0.9521,2.48,1.13
2011.07.12 07:42:56.818,0.95192,0.95214,1.35,2.63
2011.07.12 07:42:56.929,0.95192,0.95214,1.73,2.63
2011.07.12 07:42:57.157,0.95194,0.95214,1.13,1.13
2011.07.12 07:42:57.486,0.95193,0.95213,1.88,1.13
2011.07.12 07:42:57.706,0.95189,0.95213,2.48,1.13
2011.07.12 07:42:58.709,0.95186,0.95209,3.00,1.13
2011.07.12 07:42:58.817,0.95186,0.95208,2.25,1.13
2011.07.12 07:42:59.588,0.95187,0.95208,2.25,1.13
2011.07.12 07:43:00.246,0.95187,0.95209,2.25,1.13
2011.07.12 07:43:00.579,0.9519,0.95211,1.88,1.13
2011.07.12 07:43:00.908,0.95193,0.95218,2.11,1.13
2011.07.12 07:43:01.603,0.95196,0.95218,2.25,1.13
2011.07.12 07:43:02.146,0.95196,0.95217,2.25,1.13
2011.07.12 07:43:02.477,0.95196,0.95214,2.25,1.13
2011.07.12 07:43:03.028,0.9519,0.95211,1.50,1.13
2011.07.12 07:43:03.137,0.95188,0.95211,2.10,1.13
2011.07.12 07:43:03.356,0.95187,0.95211,1.13,1.13
2011.07.12 07:43:03.686,0.95186,0.95211,4.50,1.13
2011.07.12 07:43:04.273,0.95189,0.95209,1.13,1.50
2011.07.12 07:43:04.826,0.95188,0.95209,1.13,1.50
2011.07.12 07:43:05.049,0.95188,0.95209,1.50,1.50
2011.07.12 07:43:05.378,0.95189,0.95213,3.61,1.13
2011.07.12 07:43:05.598,0.95188,0.95208,1.13,1.13
2011.07.12 07:43:05.820,0.95187,0.95202,1.88,1.13
2011.07.12 07:43:06.155,0.95187,0.95203,1.88,1.13
2011.07.12 07:43:06.690,0.95187,0.95203,1.88,1.13
2011.07.12 07:43:07.168,0.95187,0.95203,1.88,1.13
2011.07.12 07:43:07.498,0.95187,0.95206,2.25,1.13
2011.07.12 07:43:08.048,0.95186,0.95207,2.63,1.13
2011.07.12 07:43:08.160,0.95186,0.95205,1.88,1.35
2011.07.12 07:43:08.498,0.9518,0.95203,1.88,1.13
2011.07.12 07:43:09.045,0.95179,0.95204,3.00,3.00
2011.07.12 07:43:09.746,0.95179,0.95204,3.00,2.63
2011.07.12 07:43:09.855,0.95183,0.95206,1.13,1.50
2011.07.12 07:43:10.186,0.95187,0.95206,1.88,1.13
2011.07.12 07:43:10.517,0.95181,0.95206,1.35,1.13
2011.07.12 07:43:10.627,0.95184,0.95203,1.13,1.13
2011.07.12 07:43:11.508,0.95188,0.95204,1.13,1.88
2011.07.12 07:43:11.947,0.95183,0.95202,1.50,1.13
2011.07.12 07:43:12.306,0.9518,0.952,1.13,1.13
2011.07.12 07:43:12.637,0.95179,0.95199,1.13,1.13
2011.07.12 07:43:12.746,0.9518,0.952,1.13,1.13
2011.07.12 07:43:13.187,0.95178,0.95202,2.25,1.13
2011.07.12 07:43:13.516,0.95179,0.95199,1.88,1.13
2011.07.12 07:43:13.737,0.95176,0.95198,2.25,1.13
2011.07.12 07:43:13.958,0.95176,0.95196,2.25,1.13
2011.07.12 07:43:14.067,0.95176,0.95196,2.25,1.13
2011.07.12 07:43:14.616,0.95172,0.95193,1.13,2.25
2011.07.12 07:43:15.167,0.95176,0.95193,1.35,2.25
2011.07.12 07:43:15.525,0.95176,0.95193,1.35,1.50
2011.07.12 07:43:15.747,0.95177,0.95198,2.25,1.13
2011.07.12 07:43:16.187,0.95177,0.95196,1.88,1.13
2011.07.12 07:43:16.628,0.95175,0.95197,1.73,1.50
2011.07.12 07:43:16.738,0.95174,0.95193,1.50,1.88
2011.07.12 07:43:16.958,0.95174,0.95193,1.13,2.63
2011.07.12 07:43:17.176,0.95171,0.95192,1.88,1.13
2011.07.12 07:43:17.398,0.95171,0.95192,1.13,1.13
2011.07.12 07:43:17.506,0.95168,0.95191,1.88,1.13
2011.07.12 07:43:18.057,0.95168,0.9519,2.63,1.50
2011.07.12 07:43:18.169,0.95172,0.95191,1.13,1.50
2011.07.12 07:43:18.278,0.95168,0.95191,2.25,1.13
2011.07.12 07:43:18.499,0.95168,0.95185,2.25,1.13
2011.07.12 07:43:18.912,0.95166,0.9519,1.50,1.88
2011.07.12 07:43:19.141,0.95167,0.95187,1.88,1.13
2011.07.12 07:43:19.590,0.95167,0.95185,1.88,1.13
2011.07.12 07:43:20.148,0.95162,0.95182,1.13,1.13
2011.07.12 07:43:20.696,0.95162,0.95184,1.13,3.00
2011.07.12 07:43:21.364,0.95163,0.95185,1.13,1.13
2011.07.12 07:43:21.485,0.95159,0.9518,3.23,1.13
2011.07.12 07:43:21.820,0.95161,0.95182,1.13,1.13
2011.07.12 07:43:21.940,0.95159,0.9518,2.48,1.13
2011.07.12 07:43:22.167,0.95161,0.95182,1.13,1.13
2011.07.12 07:43:22.607,0.95156,0.95174,3.76,1.13
2011.07.12 07:43:22.828,0.9515,0.95172,1.13,1.13
2011.07.12 07:43:23.047,0.95151,0.95173,1.13,1.13
2011.07.12 07:43:23.378,0.95149,0.95173,1.51,3.00
2011.07.12 07:43:23.598,0.95149,0.95168,1.13,1.13
2011.07.12 07:43:24.293,0.95147,0.95167,1.50,1.13
2011.07.12 07:43:24.414,0.9515,0.95171,1.35,1.50
2011.07.12 07:43:24.530,0.95146,0.95167,3.60,1.13
2011.07.12 07:43:24.980,0.95151,0.95167,2.10,1.13
2011.07.12 07:43:25.212,0.95153,0.95174,2.10,1.13
2011.07.12 07:43:25.328,0.95155,0.95176,1.13,2.63
2011.07.12 07:43:25.439,0.95155,0.95176,2.10,1.13
2011.07.12 07:43:25.769,0.95156,0.95176,1.35,2.25
2011.07.12 07:43:26.107,0.95156,0.95174,1.88,1.13
2011.07.12 07:43:26.896,0.95151,0.9517,3.00,1.13
2011.07.12 07:43:27.012,0.95149,0.9517,1.88,1.13
2011.07.12 07:43:27.570,0.95149,0.9517,1.73,1.13
2011.07.12 07:43:28.276,0.9515,0.95172,1.73,1.13
2011.07.12 07:43:28.609,0.95153,0.95173,1.73,2.63
2011.07.12 07:43:28.830,0.95151,0.95173,1.13,1.13
2011.07.12 07:43:29.386,0.95151,0.95172,1.13,1.13
2011.07.12 07:43:29.605,0.9515,0.95171,1.13,1.13
2011.07.12 07:43:31.439,0.95147,0.95169,2.48,1.13
2011.07.12 07:43:31.778,0.95149,0.9517,2.48,1.13
2011.07.12 07:43:31.888,0.95158,0.95171,4.50,1.13
2011.07.12 07:43:32.114,0.95162,0.95172,1.73,1.50
2011.07.12 07:43:32.227,0.95162,0.95176,2.10,1.88
2011.07.12 07:43:32.337,0.95167,0.95185,1.88,1.13
2011.07.12 07:43:32.559,0.95167,0.95186,2.85,2.25
2011.07.12 07:43:33.520,0.95165,0.95184,1.73,2.25
2011.07.12 07:43:34.069,0.95164,0.95184,1.73,1.88
2011.07.12 07:43:34.616,0.95165,0.95185,1.35,1.13
2011.07.12 07:43:35.165,0.95167,0.95185,1.88,1.13
2011.07.12 07:43:35.938,0.9517,0.95187,3.23,2.25
2011.07.12 07:43:36.157,0.95171,0.95192,1.73,1.13
2011.07.12 07:43:36.266,0.95176,0.9519,1.88,1.13
2011.07.12 07:43:36.626,0.95179,0.9519,2.10,1.13
2011.07.12 07:43:36.981,0.95186,0.95201,1.13,1.50
2011.07.12 07:43:37.099,0.95187,0.95206,1.35,1.88
2011.07.12 07:43:37.209,0.95187,0.95207,1.73,2.25
2011.07.12 07:43:37.648,0.95184,0.95205,1.13,1.88
2011.07.12 07:43:37.761,0.9518,0.95202,3.38,1.50
2011.07.12 07:43:37.877,0.9518,0.95202,1.50,2.25
2011.07.12 07:43:37.987,0.95177,0.95195,1.50,1.13
2011.07.12 07:43:38.208,0.95176,0.95194,2.25,1.13
2011.07.12 07:43:38.428,0.95176,0.95194,2.25,1.13
2011.07.12 07:43:38.967,0.95183,0.95191,2.10,1.13
2011.07.12 07:43:39.408,0.95182,0.95203,2.85,1.13
2011.07.12 07:43:39.517,0.95183,0.95203,1.73,1.13
2011.07.12 07:43:40.179,0.95186,0.95202,2.25,2.10
2011.07.12 07:43:40.299,0.95177,0.95201,2.63,5.85
2011.07.12 07:43:40.517,0.95176,0.95196,1.88,1.13
2011.07.12 07:43:40.629,0.95176,0.95195,1.88,1.13
2011.07.12 07:43:40.957,0.95177,0.95193,1.88,1.13
2011.07.12 07:43:42.026,0.95177,0.95193,1.88,1.13
2011.07.12 07:43:43.981,0.95177,0.95192,1.35,1.50
2011.07.12 07:43:44.100,0.95177,0.95192,2.85,1.50
2011.07.12 07:43:44.219,0.95174,0.95197,2.86,1.13
2011.07.12 07:43:44.439,0.95176,0.95201,3.98,3.75
2011.07.12 07:43:44.557,0.95183,0.95201,1.13,2.25
2011.07.12 07:43:44.998,0.95183,0.95206,1.73,1.13
2011.07.12 07:43:45.545,0.95184,0.95206,1.35,1.13
2011.07.12 07:43:45.659,0.95184,0.95204,1.35,1.13
2011.07.12 07:43:45.877,0.95187,0.95204,1.88,1.13
2011.07.12 07:43:47.129,0.95187,0.9521,2.63,1.88
2011.07.12 07:43:47.239,0.95187,0.95211,2.63,4.50
2011.07.12 07:43:47.346,0.95187,0.95211,2.63,3.00
2011.07.12 07:43:47.895,0.95187,0.9521,2.63,1.13
2011.07.12 07:43:48.668,0.95187,0.95209,2.63,1.50
2011.07.12 07:43:48.997,0.95183,0.95205,1.13,1.50
2011.07.12 07:43:49.107,0.95183,0.95204,1.13,2.25
2011.07.12 07:43:49.523,0.95183,0.95204,1.13,2.25
2011.07.12 07:43:49.640,0.95183,0.95204,1.13,2.25
2011.07.12 07:43:50.196,0.95183,0.95204,1.13,3.00
2011.07.12 07:43:50.775,0.95183,0.95204,1.13,2.25
2011.07.12 07:43:51.330,0.95184,0.95207,1.13,2.63
2011.07.12 07:43:52.217,0.95186,0.95206,2.63,1.13
2011.07.12 07:43:52.436,0.95186,0.95207,2.63,1.13
2011.07.12 07:43:53.537,0.95186,0.95206,2.63,1.13
2011.07.12 07:43:54.966,0.95186,0.95206,1.88,1.13
2011.07.12 07:43:55.738,0.95184,0.95204,1.13,2.25
2011.07.12 07:43:55.850,0.9518,0.95202,1.51,1.13
2011.07.12 07:43:56.172,0.95177,0.95198,2.48,1.13
2011.07.12 07:43:56.295,0.95173,0.95193,1.13,1.13
2011.07.12 07:43:56.629,0.95174,0.95194,1.50,2.63
2011.07.12 07:43:57.071,0.95178,0.95197,1.13,1.13
2011.07.12 07:43:57.188,0.95175,0.95197,1.13,1.13
2011.07.12 07:43:57.298,0.95178,0.95198,1.13,1.13
2011.07.12 07:43:57.630,0.95176,0.95198,2.63,1.50
2011.07.12 07:43:57.860,0.95176,0.95196,2.63,1.13
2011.07.12 07:43:58.542,0.95176,0.95196,2.85,1.50
2011.07.12 07:43:58.659,0.95176,0.95198,4.35,1.13
2011.07.12 07:43:58.767,0.95177,0.95198,1.73,1.13
2011.07.12 07:43:58.987,0.95181,0.95198,4.50,1.13
2011.07.12 07:43:59.317,0.95184,0.95207,3.98,2.63
2011.07.12 07:43:59.647,0.95187,0.95207,2.85,2.25
2011.07.12 07:43:59.755,0.95187,0.95208,2.85,1.13
2011.07.12 07:44:01.001,0.95188,0.95209,1.13,1.13
2011.07.12 07:44:01.340,0.9519,0.95209,2.10,1.13
2011.07.12 07:44:01.459,0.95188,0.95209,1.73,1.13
2011.07.12 07:44:01.702,0.95187,0.95208,1.13,1.13
2011.07.12 07:44:01.820,0.95185,0.95206,1.13,1.13
2011.07.12 07:44:01.942,0.95188,0.95206,5.10,1.13
2011.07.12 07:44:02.169,0.95191,0.95213,3.98,1.13
2011.07.12 07:44:02.288,0.9519,0.95212,1.73,1.13
2011.07.12 07:44:02.897,0.95189,0.9521,3.23,1.13
2011.07.12 07:44:03.011,0.95186,0.95207,4.35,1.13
2011.07.12 07:44:03.679,0.95187,0.95207,2.25,1.13
2011.07.12 07:44:04.238,0.95185,0.95205,1.13,3.75
2011.07.12 07:44:04.459,0.95179,0.952,1.73,1.13
2011.07.12 07:44:05.299,0.95176,0.95198,3.60,1.13
2011.07.12 07:44:06.066,0.95176,0.95198,2.85,1.13
2011.07.12 07:44:06.737,0.95176,0.95194,2.85,1.13
2011.07.12 07:44:06.959,0.95176,0.95194,2.25,1.13
2011.07.12 07:44:07.179,0.95178,0.95199,1.73,1.88
2011.07.12 07:44:07.399,0.9518,0.95201,2.10,1.13
2011.07.12 07:44:07.523,0.95191,0.95203,1.35,1.13
2011.07.12 07:44:07.750,0.95193,0.95215,2.10,1.50
2011.07.12 07:44:07.868,0.95197,0.95217,1.73,3.00
2011.07.12 07:44:07.980,0.95197,0.95219,1.73,1.13
2011.07.12 07:44:08.466,0.95199,0.95219,1.13,1.13
2011.07.12 07:44:08.805,0.95202,0.95226,2.85,2.63
2011.07.12 07:44:08.921,0.95204,0.95225,1.73,1.13
2011.07.12 07:44:09.477,0.95204,0.95224,1.73,3.00
2011.07.12 07:44:10.028,0.95204,0.95224,1.73,2.25
2011.07.12 07:44:10.140,0.95206,0.95224,3.23,1.88
2011.07.12 07:44:10.260,0.95207,0.9523,1.35,1.13
2011.07.12 07:44:10.378,0.95207,0.95227,1.35,1.13
2011.07.12 07:44:10.710,0.9521,0.95231,1.35,3.00
2011.07.12 07:44:10.938,0.9521,0.95232,2.48,1.13
2011.07.12 07:44:11.254,0.9521,0.95232,3.23,1.13
2011.07.12 07:44:11.374,0.95209,0.95231,1.13,1.13
2011.07.12 07:44:11.708,0.95208,0.95227,2.10,1.13
2011.07.12 07:44:12.256,0.95206,0.95228,2.25,1.13
2011.07.12 07:44:12.369,0.95207,0.95231,3.23,1.50
2011.07.12 07:44:12.809,0.95207,0.95232,2.48,1.13
2011.07.12 07:44:13.029,0.95207,0.95232,2.48,1.13
2011.07.12 07:44:13.256,0.95206,0.95232,3.98,1.13
2011.07.12 07:44:13.656,0.95209,0.95234,1.35,3.00
2011.07.12 07:44:13.771,0.95211,0.95234,1.35,2.63
2011.07.12 07:44:14.606,0.95211,0.95233,1.36,2.63
2011.07.12 07:44:15.539,0.95217,0.95238,1.35,1.50
2011.07.12 07:44:15.648,0.95218,0.95238,1.73,1.50
2011.07.12 07:44:15.760,0.95221,0.95239,2.85,1.50
2011.07.12 07:44:15.990,0.95226,0.95244,2.48,3.00
2011.07.12 07:44:16.219,0.95228,0.95252,1.50,3.00
2011.07.12 07:44:16.339,0.95228,0.95252,2.25,2.25
2011.07.12 07:44:16.449,0.95226,0.95249,1.35,1.13
2011.07.12 07:44:16.779,0.95224,0.95244,4.35,2.63
2011.07.12 07:44:17.997,0.95224,0.95244,3.23,2.63
2011.07.12 07:44:18.218,0.95221,0.95243,1.73,1.13
2011.07.12 07:44:18.328,0.95218,0.95241,2.63,1.13
2011.07.12 07:44:19.316,0.95217,0.9524,3.98,1.50
2011.07.12 07:44:19.648,0.95219,0.95239,1.50,1.50
2011.07.12 07:44:20.193,0.95218,0.95234,1.13,1.13
2011.07.12 07:44:20.316,0.95219,0.9524,1.35,1.50
2011.07.12 07:44:20.432,0.95219,0.9524,1.73,1.13
2011.07.12 07:44:20.766,0.95226,0.9524,1.88,1.13
2011.07.12 07:44:21.100,0.95226,0.95243,1.88,1.50
2011.07.12 07:44:21.439,0.95232,0.95244,2.10,1.13
2011.07.12 07:44:21.659,0.95233,0.95251,1.73,1.50
2011.07.12 07:44:21.767,0.95233,0.95251,2.10,1.50
2011.07.12 07:44:21.878,0.95234,0.95258,1.73,1.13
2011.07.12 07:44:21.987,0.95237,0.95259,2.63,1.50
2011.07.12 07:44:22.207,0.9524,0.95261,1.13,1.88
2011.07.12 07:44:22.426,0.9524,0.95261,1.13,1.13
2011.07.12 07:44:22.646,0.95246,0.95261,1.88,1.13
2011.07.12 07:44:23.497,0.95246,0.95265,1.88,1.88
2011.07.12 07:44:24.050,0.95246,0.95262,1.88,1.13
2011.07.12 07:44:24.381,0.95246,0.95255,1.88,1.13
2011.07.12 07:44:24.721,0.95237,0.95253,1.88,1.88
2011.07.12 07:44:24.840,0.95237,0.95251,1.88,1.50
2011.07.12 07:44:24.960,0.95226,0.95249,2.85,1.88
2011.07.12 07:44:25.081,0.95226,0.95244,2.85,1.13
2011.07.12 07:44:25.664,0.95226,0.95239,1.88,1.13
2011.07.12 07:44:25.998,0.95217,0.95238,4.13,1.13
2011.07.12 07:44:26.440,0.95217,0.95234,2.48,1.13
2011.07.12 07:44:26.559,0.95217,0.95235,2.85,1.50
2011.07.12 07:44:26.668,0.95217,0.95234,2.48,1.13
2011.07.12 07:44:26.998,0.95217,0.95233,1.88,1.13
2011.07.12 07:44:27.216,0.95216,0.95234,2.25,1.13
2011.07.12 07:44:27.660,0.95216,0.95234,2.86,1.13
2011.07.12 07:44:28.023,0.95216,0.95235,1.88,1.13
2011.07.12 07:44:28.597,0.95217,0.95231,1.88,1.13
2011.07.12 07:44:29.810,0.95217,0.9523,1.88,1.13
2011.07.12 07:44:30.812,0.95217,0.95233,1.88,1.13
2011.07.12 07:44:31.918,0.95217,0.95233,1.88,1.13
2011.07.12 07:44:32.247,0.95217,0.95236,1.88,1.13
2011.07.12 07:44:32.467,0.95217,0.95236,1.88,1.13
2011.07.12 07:44:33.018,0.95213,0.95235,2.11,1.50
2011.07.12 07:44:33.349,0.95221,0.95241,1.73,2.63
2011.07.12 07:44:33.457,0.95221,0.95241,1.73,1.13
2011.07.12 07:44:34.026,0.95223,0.95244,1.13,1.13
2011.07.12 07:44:34.139,0.95226,0.95244,1.88,1.13
2011.07.12 07:44:35.137,0.95226,0.95241,1.88,1.13
2011.07.12 07:44:35.579,0.95221,0.95239,1.13,1.13
2011.07.12 07:44:35.689,0.95219,0.95238,1.13,2.63
2011.07.12 07:44:35.918,0.95217,0.95239,2.48,1.13
2011.07.12 07:44:36.136,0.95217,0.95239,4.36,1.13
2011.07.12 07:44:36.428,0.95226,0.95239,1.88,1.13
2011.07.12 07:44:36.537,0.95226,0.95239,1.88,1.13
2011.07.12 07:44:37.806,0.95227,0.95241,1.88,1.13
2011.07.12 07:44:38.356,0.95226,0.95241,1.50,1.13
2011.07.12 07:44:38.797,0.95226,0.95241,1.50,1.13
2011.07.12 07:44:39.020,0.95226,0.95238,1.50,1.13
2011.07.12 07:44:39.140,0.95218,0.95238,1.13,1.13
2011.07.12 07:44:39.257,0.95217,0.95238,2.26,1.13
2011.07.12 07:44:39.588,0.95217,0.95237,2.26,1.50
2011.07.12 07:44:40.164,0.95216,0.95237,2.86,1.50
2011.07.12 07:44:40.286,0.95213,0.95235,1.88,1.88
2011.07.12 07:44:40.508,0.95213,0.9523,1.13,1.13
2011.07.12 07:44:41.055,0.95217,0.9523,1.88,1.88
2011.07.12 07:44:42.257,0.95217,0.9523,1.88,1.88
2011.07.12 07:44:43.026,0.95217,0.9523,1.88,1.88
2011.07.12 07:44:43.495,0.95206,0.95227,2.85,1.88
2011.07.12 07:44:43.828,0.95206,0.95229,3.23,1.88
2011.07.12 07:44:43.937,0.95206,0.95229,3.23,1.13
2011.07.12 07:44:44.596,0.95211,0.95231,1.13,1.13
2011.07.12 07:44:47.756,0.95213,0.95233,3.38,1.50
2011.07.12 07:44:48.306,0.95216,0.95235,2.63,1.13
2011.07.12 07:44:48.637,0.95216,0.95233,1.88,1.13
2011.07.12 07:44:48.968,0.95216,0.95234,2.85,1.13
2011.07.12 07:44:49.516,0.95216,0.95234,2.86,1.13
2011.07.12 07:44:50.317,0.95216,0.95237,2.86,1.13
2011.07.12 07:44:50.978,0.95218,0.95237,2.10,1.13
2011.07.12 07:44:51.308,0.95224,0.95247,2.48,3.00
2011.07.12 07:44:51.529,0.95226,0.95248,1.73,1.13
2011.07.12 07:44:52.077,0.95227,0.9524,1.88,1.13
2011.07.12 07:44:52.636,0.95227,0.9524,1.88,1.13
2011.07.12 07:44:53.926,0.95226,0.9524,1.88,1.13
2011.07.12 07:44:55.777,0.95226,0.95238,1.88,1.50
2011.07.12 07:44:56.390,0.95218,0.95238,2.85,1.50
2011.07.12 07:44:56.740,0.95226,0.95238,1.88,1.50
2011.07.12 07:44:57.301,0.95216,0.95236,2.85,1.50
2011.07.12 07:44:57.418,0.95216,0.95236,2.85,1.50
2011.07.12 07:44:57.528,0.95216,0.95235,2.85,1.13
2011.07.12 07:44:58.078,0.95216,0.95234,1.88,1.88
2011.07.12 07:44:58.299,0.95216,0.95234,1.88,1.88
2011.07.12 07:44:59.026,0.95209,0.9523,1.73,1.50
2011.07.12 07:44:59.247,0.95209,0.9523,2.10,1.50
2011.07.12 07:44:59.467,0.95216,0.9523,1.50,1.50
2011.07.12 07:44:59.577,0.95216,0.9523,1.50,1.50
2011.07.12 07:45:00.128,0.95209,0.9523,1.35,1.50
2011.07.12 07:45:00.876,0.95209,0.9523,2.10,1.50
2011.07.12 07:45:01.429,0.95209,0.95232,2.86,1.50
2011.07.12 07:45:01.759,0.95212,0.95233,1.13,1.13
2011.07.12 07:45:03.107,0.95213,0.95234,2.86,2.63
2011.07.12 07:45:03.218,0.95214,0.95237,2.48,1.50
2011.07.12 07:45:03.658,0.95217,0.95238,2.85,1.13
2011.07.12 07:45:03.877,0.95217,0.95238,2.85,1.13
2011.07.12 07:45:04.427,0.95217,0.95234,1.88,1.13
2011.07.12 07:45:04.981,0.95212,0.95232,1.13,1.50
2011.07.12 07:45:05.098,0.95209,0.95232,2.11,1.88
2011.07.12 07:45:05.211,0.95217,0.95232,1.88,1.88
2011.07.12 07:45:05.693,0.95217,0.95231,1.88,1.13
2011.07.12 07:45:05.806,0.95209,0.9523,1.73,1.13
2011.07.12 07:45:06.247,0.95209,0.9523,3.60,1.50
2011.07.12 07:45:06.357,0.95212,0.9523,1.35,1.50
2011.07.12 07:45:06.908,0.95217,0.95233,1.88,1.88
2011.07.12 07:45:07.236,0.95217,0.95233,1.88,1.88
2011.07.12 07:45:07.787,0.95217,0.9523,1.88,1.50
2011.07.12 07:45:08.451,0.95209,0.9523,1.50,1.50
2011.07.12 07:45:09.009,0.95209,0.9523,1.88,1.50
2011.07.12 07:45:09.558,0.95209,0.95229,1.13,1.50
2011.07.12 07:45:09.891,0.95213,0.95229,2.85,1.50
2011.07.12 07:45:10.123,0.95217,0.95237,2.48,1.50
2011.07.12 07:45:10.241,0.95217,0.95237,2.85,1.50
2011.07.12 07:45:10.360,0.95217,0.95238,2.25,1.13
2011.07.12 07:45:10.588,0.95216,0.95238,3.00,1.13
2011.07.12 07:45:11.139,0.95217,0.95235,1.88,1.13
2011.07.12 07:45:11.713,0.95219,0.95239,1.13,1.88
2011.07.12 07:45:12.398,0.9522,0.9524,1.88,1.13
2011.07.12 07:45:12.620,0.95221,0.95241,1.88,1.50
2011.07.12 07:45:13.067,0.95224,0.95243,3.00,1.50
2011.07.12 07:45:13.397,0.95224,0.95243,1.50,1.13
2011.07.12 07:45:13.838,0.95224,0.95243,3.00,1.50
2011.07.12 07:45:14.616,0.95226,0.95252,6.38,1.88
2011.07.12 07:45:14.733,0.95226,0.95247,3.38,1.73
2011.07.12 07:45:14.851,0.95225,0.95243,1.51,1.13
2011.07.12 07:45:15.080,0.95223,0.95243,1.13,1.13
2011.07.12 07:45:15.199,0.9522,0.95243,1.13,1.13
2011.07.12 07:45:15.494,0.95219,0.9524,3.38,1.13
2011.07.12 07:45:15.612,0.95218,0.9524,1.13,1.13
2011.07.12 07:45:16.288,0.95224,0.95242,1.13,1.50
2011.07.12 07:45:17.657,0.95217,0.95238,1.13,1.13
2011.07.12 07:45:17.771,0.95217,0.95241,1.51,1.50
2011.07.12 07:45:18.109,0.95239,0.95251,1.35,2.25
2011.07.12 07:45:18.441,0.95253,0.9527,2.11,1.13
2011.07.12 07:45:18.783,0.95251,0.95273,1.13,1.35
2011.07.12 07:45:18.903,0.95251,0.95271,1.13,1.13
2011.07.12 07:45:19.130,0.95248,0.95268,1.13,1.88
2011.07.12 07:45:19.249,0.95247,0.95267,3.00,1.13
2011.07.12 07:45:20.018,0.95246,0.95266,3.00,1.13
2011.07.12 07:45:20.359,0.95246,0.95266,2.25,1.88
2011.07.12 07:45:20.701,0.95246,0.95266,2.63,1.50
2011.07.12 07:45:20.928,0.95247,0.95268,1.51,1.50
2011.07.12 07:45:21.370,0.95247,0.95271,3.38,1.13
2011.07.12 07:45:21.488,0.95247,0.95268,3.01,1.13
2011.07.12 07:45:21.600,0.95248,0.95268,1.13,1.13
2011.07.12 07:45:21.939,0.95248,0.9526,1.13,1.50
2011.07.12 07:45:22.160,0.95245,0.95264,1.13,1.50
2011.07.12 07:45:22.278,0.95245,0.95268,1.50,1.50
2011.07.12 07:45:22.678,0.95246,0.95268,2.25,1.50
2011.07.12 07:45:23.120,0.95246,0.95263,1.88,1.88
2011.07.12 07:45:23.569,0.95246,0.95261,1.88,1.50
2011.07.12 07:45:23.678,0.95246,0.95262,1.88,2.25
2011.07.12 07:45:23.897,0.95246,0.95263,1.88,1.13
2011.07.12 07:45:24.557,0.95246,0.95264,2.25,1.88
2011.07.12 07:45:24.959,0.95246,0.95264,2.25,1.50
2011.07.12 07:45:25.341,0.95247,0.9527,1.50,1.88
2011.07.12 07:45:25.896,0.95247,0.9527,1.13,1.88
2011.07.12 07:45:26.118,0.95247,0.9527,3.00,1.88
2011.07.12 07:45:26.556,0.95247,0.95267,2.63,1.13
2011.07.12 07:45:26.997,0.95247,0.95268,3.00,1.88
2011.07.12 07:45:27.108,0.95247,0.95268,3.00,1.50
2011.07.12 07:45:27.437,0.95248,0.95268,1.13,1.13
2011.07.12 07:45:27.909,0.95246,0.95267,2.25,1.13
2011.07.12 07:45:28.458,0.95247,0.95265,2.25,1.50
2011.07.12 07:45:29.776,0.95247,0.95267,2.25,1.50
2011.07.12 07:45:30.919,0.95248,0.95267,1.13,1.50
2011.07.12 07:45:31.356,0.95247,0.95269,2.63,1.88
2011.07.12 07:45:32.127,0.95247,0.95269,2.63,1.50
2011.07.12 07:45:32.238,0.95247,0.95269,4.13,1.50
2011.07.12 07:45:33.006,0.95248,0.9527,1.51,1.13
2011.07.12 07:45:33.560,0.95253,0.95272,1.13,1.88
2011.07.12 07:45:34.076,0.95253,0.95273,1.50,1.13
2011.07.12 07:45:34.422,0.95264,0.95283,1.36,1.13
2011.07.12 07:45:34.759,0.95265,0.95287,2.11,1.13
2011.07.12 07:45:34.978,0.95267,0.95283,1.36,2.63
2011.07.12 07:45:35.090,0.95267,0.95284,2.48,1.13
2011.07.12 07:45:35.317,0.95268,0.95284,1.73,1.13
2011.07.12 07:45:35.536,0.95268,0.95288,1.73,1.13
2011.07.12 07:45:35.647,0.95268,0.95288,1.73,1.13
2011.07.12 07:45:35.866,0.95268,0.95288,1.73,1.13
2011.07.12 07:45:36.531,0.95266,0.95292,3.38,3.00
2011.07.12 07:45:36.882,0.9527,0.95292,1.35,1.50
2011.07.12 07:45:37.004,0.9527,0.95292,1.35,1.50
2011.07.12 07:45:37.450,0.95271,0.95292,1.13,1.13
2011.07.12 07:45:37.572,0.95271,0.95294,1.13,3.00
2011.07.12 07:45:37.910,0.95271,0.95294,1.51,3.00
2011.07.12 07:45:38.031,0.95271,0.95292,1.13,1.13
2011.07.12 07:45:38.258,0.95266,0.95285,2.63,1.35
2011.07.12 07:45:38.367,0.95265,0.95285,1.51,1.35
2011.07.12 07:45:38.479,0.95259,0.95277,1.13,1.13
2011.07.12 07:45:38.709,0.95256,0.95275,3.01,1.13
2011.07.12 07:45:38.817,0.95257,0.95275,1.88,1.73
2011.07.12 07:45:39.343,0.95256,0.95276,2.26,1.13
2011.07.12 07:45:39.677,0.95261,0.95281,1.13,2.25
2011.07.12 07:45:40.006,0.95261,0.95282,1.13,2.25
2011.07.12 07:45:40.579,0.95264,0.95283,1.51,1.13
2011.07.12 07:45:40.801,0.95273,0.95289,1.35,1.50
2011.07.12 07:45:41.030,0.95282,0.95294,1.50,1.50
2011.07.12 07:45:41.152,0.95287,0.95301,1.13,2.25
2011.07.12 07:45:41.271,0.95286,0.95308,1.13,2.63
2011.07.12 07:45:41.627,0.95287,0.95308,2.25,1.50
2011.07.12 07:45:41.958,0.95287,0.95309,2.85,1.88
2011.07.12 07:45:42.287,0.95289,0.9531,2.85,1.50
2011.07.12 07:45:42.509,0.95286,0.95306,2.26,1.13
2011.07.12 07:45:43.281,0.95287,0.95303,1.88,1.13
2011.07.12 07:45:43.619,0.9528,0.95299,1.50,1.13
2011.07.12 07:45:43.840,0.9528,0.95301,1.88,1.50
2011.07.12 07:45:44.303,0.95287,0.95308,2.26,1.50
2011.07.12 07:45:44.639,0.95286,0.95306,1.13,1.50
2011.07.12 07:45:44.980,0.95279,0.95296,1.50,1.13
2011.07.12 07:45:45.318,0.95276,0.95289,1.88,1.13
2011.07.12 07:45:45.647,0.95276,0.95289,1.88,1.13
2011.07.12 07:45:46.308,0.95277,0.95291,1.50,1.13
2011.07.12 07:45:46.527,0.95277,0.95289,1.88,1.13
2011.07.12 07:45:47.077,0.95277,0.95289,1.88,1.13
2011.07.12 07:45:47.407,0.95277,0.95289,1.88,1.13
2011.07.12 07:45:47.957,0.95277,0.95293,1.88,1.50
2011.07.12 07:45:48.066,0.95277,0.95293,2.25,1.50
2011.07.12 07:45:48.396,0.95277,0.95294,1.88,1.88
2011.07.12 07:45:48.946,0.95271,0.95293,1.51,1.13
2011.07.12 07:45:49.606,0.95277,0.95293,1.88,1.13
2011.07.12 07:45:50.747,0.95277,0.95294,1.88,1.13
2011.07.12 07:45:50.859,0.95277,0.95294,1.88,1.13
2011.07.12 07:45:51.078,0.95277,0.95295,1.88,1.13
2011.07.12 07:45:51.599,0.95277,0.95294,1.88,1.13
2011.07.12 07:45:52.367,0.95277,0.95295,1.13,1.13
2011.07.12 07:45:52.477,0.95277,0.95295,1.88,1.13
2011.07.12 07:45:53.201,0.95277,0.95295,1.51,1.13
2011.07.12 07:45:53.419,0.9528,0.953,1.13,1.13
2011.07.12 07:45:53.636,0.9528,0.953,1.13,1.13
2011.07.12 07:45:53.749,0.9528,0.953,1.13,1.13
2011.07.12 07:45:54.296,0.95286,0.95303,1.50,1.13
2011.07.12 07:45:54.628,0.95286,0.953,1.50,1.13
2011.07.12 07:45:55.066,0.95286,0.95301,1.88,1.13
2011.07.12 07:45:57.177,0.95286,0.95306,2.25,2.25
2011.07.12 07:45:57.400,0.95287,0.95308,3.60,1.50
2011.07.12 07:45:57.627,0.95287,0.9531,2.86,1.13
2011.07.12 07:45:57.736,0.95287,0.9531,2.11,1.13
2011.07.12 07:45:58.286,0.95289,0.9531,2.11,1.13
2011.07.12 07:45:58.727,0.95289,0.95313,3.61,1.13
2011.07.12 07:45:59.081,0.95291,0.95311,1.51,1.13
2011.07.12 07:45:59.635,0.9529,0.9531,1.13,1.13
2011.07.12 07:45:59.967,0.95289,0.9531,2.25,1.13
2011.07.12 07:46:00.576,0.95288,0.9531,2.25,1.13
2011.07.12 07:46:00.797,0.95288,0.9531,3.00,1.13
2011.07.12 07:46:01.019,0.95289,0.95311,4.73,1.50
2011.07.12 07:46:01.560,0.95297,0.95312,1.88,1.13
2011.07.12 07:46:02.065,0.95296,0.95308,1.88,1.13
2011.07.12 07:46:02.293,0.95296,0.95313,1.50,1.13
2011.07.12 07:46:02.897,0.95296,0.9531,1.88,1.13
2011.07.12 07:46:03.012,0.95296,0.9531,1.50,1.13
2011.07.12 07:46:03.349,0.95294,0.9531,2.25,1.13
2011.07.12 07:46:03.676,0.95297,0.95312,1.88,1.13
2011.07.12 07:46:06.822,0.95297,0.95308,1.50,1.13
2011.07.12 07:46:07.179,0.95288,0.95306,1.88,1.88
2011.07.12 07:46:07.294,0.95286,0.95304,2.63,1.50
2011.07.12 07:46:07.407,0.95286,0.95302,1.88,1.50
2011.07.12 07:46:07.739,0.95278,0.95298,2.25,1.35
2011.07.12 07:46:07.968,0.95278,0.95294,1.50,1.50
2011.07.12 07:46:08.519,0.95277,0.95293,1.88,1.13
2011.07.12 07:46:08.849,0.95277,0.95293,2.25,1.13
2011.07.12 07:46:09.910,0.95277,0.95293,1.88,1.13
2011.07.12 07:46:10.938,0.95277,0.95293,1.88,1.13
2011.07.12 07:46:12.257,0.95277,0.95293,1.88,1.13
2011.07.12 07:46:12.918,0.95277,0.95293,1.88,1.13
2011.07.12 07:46:13.297,0.95274,0.95293,1.50,1.13
2011.07.12 07:46:13.419,0.95268,0.95289,2.26,1.13
2011.07.12 07:46:13.761,0.95269,0.95284,1.88,1.13
2011.07.12 07:46:13.877,0.95266,0.95286,2.25,1.13
2011.07.12 07:46:14.318,0.95266,0.95286,2.25,1.13
2011.07.12 07:46:14.541,0.95266,0.95285,2.63,1.13
2011.07.12 07:46:14.659,0.95266,0.95285,2.63,1.13
2011.07.12 07:46:14.987,0.95267,0.9528,2.25,1.13
2011.07.12 07:46:15.465,0.95267,0.95285,2.63,1.50
2011.07.12 07:46:15.578,0.95267,0.95285,3.38,1.50
2011.07.12 07:46:15.688,0.95267,0.95285,3.75,1.50
2011.07.12 07:46:16.020,0.95269,0.95288,2.63,1.13
2011.07.12 07:46:16.137,0.95269,0.9529,2.26,1.13
2011.07.12 07:46:16.578,0.95269,0.95289,1.13,2.63
2011.07.12 07:46:16.797,0.95269,0.9529,2.63,1.13
2011.07.12 07:46:17.016,0.95269,0.95291,3.38,1.50
2011.07.12 07:46:17.819,0.9527,0.95292,1.51,1.13
2011.07.12 07:46:18.479,0.95271,0.95293,1.36,3.00
2011.07.12 07:46:18.917,0.95273,0.95293,3.38,2.63
2011.07.12 07:46:20.126,0.95277,0.95296,2.25,1.13
2011.07.12 07:46:20.678,0.95277,0.95296,1.50,1.13
2011.07.12 07:46:20.790,0.95278,0.95298,2.25,1.50
2011.07.12 07:46:21.123,0.95278,0.95299,1.88,1.88
2011.07.12 07:46:21.467,0.95276,0.95298,2.63,1.13
2011.07.12 07:46:22.916,0.95273,0.95298,2.63,1.88
2011.07.12 07:46:24.979,0.95277,0.95298,2.25,1.88
2011.07.12 07:46:25.528,0.95276,0.95298,1.73,1.50
2011.07.12 07:46:25.747,0.95274,0.95298,2.26,2.25
2011.07.12 07:46:26.079,0.95276,0.95298,3.00,2.85
2011.07.12 07:46:26.308,0.95276,0.95296,2.25,1.50
2011.07.12 07:46:26.858,0.95277,0.95294,1.88,1.50
2011.07.12 07:46:28.578,0.95277,0.95292,1.88,1.50
2011.07.12 07:46:28.796,0.95277,0.95292,1.88,1.50
2011.07.12 07:46:29.236,0.95269,0.95292,1.88,1.50
2011.07.12 07:46:31.352,0.95269,0.95289,2.26,1.13
2011.07.12 07:46:31.869,0.95282,0.95289,2.10,1.13
2011.07.12 07:46:32.200,0.95283,0.95305,1.88,1.50
2011.07.12 07:46:32.319,0.95283,0.95305,2.86,1.50
2011.07.12 07:46:32.536,0.95284,0.95309,3.76,1.50
2011.07.12 07:46:32.756,0.95289,0.9531,1.88,1.50
2011.07.12 07:46:32.866,0.95289,0.95311,1.88,1.50
2011.07.12 07:46:33.087,0.95289,0.95311,2.63,1.50
2011.07.12 07:46:33.417,0.95289,0.95308,1.88,1.13
2011.07.12 07:46:34.569,0.95288,0.95308,2.25,1.50
2011.07.12 07:46:35.701,0.95289,0.95308,1.88,1.50
2011.07.12 07:46:36.037,0.95287,0.95305,1.50,1.50
2011.07.12 07:46:36.257,0.95278,0.95298,2.25,1.50
2011.07.12 07:46:36.367,0.95278,0.95298,2.25,1.50
2011.07.12 07:46:36.882,0.95277,0.95298,3.00,1.50
2011.07.12 07:46:37.880,0.95276,0.95298,2.48,1.50
2011.07.12 07:46:38.107,0.95277,0.95298,1.50,1.50
2011.07.12 07:46:38.659,0.95282,0.95302,1.50,1.50
2011.07.12 07:46:38.770,0.95283,0.95305,2.48,2.63
2011.07.12 07:46:38.886,0.95283,0.95305,2.48,2.63
2011.07.12 07:46:39.108,0.95287,0.95308,2.25,1.50
2011.07.12 07:46:39.678,0.95288,0.9531,1.35,1.13
2011.07.12 07:46:39.791,0.95289,0.95311,2.48,1.88
2011.07.12 07:46:40.017,0.95288,0.95313,3.23,3.75
2011.07.12 07:46:40.353,0.95277,0.9529,7.51,1.13
2011.07.12 07:46:40.579,0.95278,0.9529,1.88,1.88
2011.07.12 07:46:40.689,0.9527,0.95285,2.25,1.13
2011.07.12 07:46:41.020,0.95263,0.95283,3.60,2.63
2011.07.12 07:46:41.357,0.95263,0.95283,2.85,2.63
2011.07.12 07:46:42.078,0.95266,0.95281,1.88,1.50
2011.07.12 07:46:42.520,0.95266,0.95281,1.13,1.50
2011.07.12 07:46:42.639,0.95271,0.95288,1.73,1.50
2011.07.12 07:46:42.863,0.9527,0.95286,1.50,2.10
2011.07.12 07:46:42.982,0.95266,0.95281,2.25,1.13
2011.07.12 07:46:43.099,0.95267,0.95281,2.25,1.13
2011.07.12 07:46:43.657,0.95266,0.95281,2.25,1.13
2011.07.12 07:46:44.121,0.95266,0.95284,2.25,1.13
2011.07.12 07:46:44.233,0.95266,0.95284,2.25,1.13
2011.07.12 07:46:44.461,0.95266,0.95282,2.25,1.50
2011.07.12 07:46:44.800,0.95266,0.9528,2.25,1.13
2011.07.12 07:46:45.132,0.95259,0.95275,2.63,2.25
2011.07.12 07:46:45.251,0.95259,0.95269,1.50,1.13
2011.07.12 07:46:45.369,0.95256,0.95274,2.25,1.50
2011.07.12 07:46:45.592,0.95258,0.95278,1.50,1.88
2011.07.12 07:46:45.709,0.95258,0.95279,1.50,1.13
2011.07.12 07:46:45.829,0.95262,0.95281,1.13,1.50
2011.07.12 07:46:46.341,0.9526,0.95282,1.50,1.88
2011.07.12 07:46:46.678,0.95258,0.95279,2.26,1.13
2011.07.12 07:46:47.121,0.95259,0.95279,1.35,1.50
2011.07.12 07:46:47.350,0.95261,0.95281,1.13,1.13
2011.07.12 07:46:48.119,0.95261,0.95284,1.51,3.00
2011.07.12 07:46:48.450,0.95263,0.95284,3.98,3.00
2011.07.12 07:46:48.558,0.95265,0.95284,1.51,2.63
2011.07.12 07:46:49.192,0.95264,0.95285,2.25,1.88
2011.07.12 07:46:49.312,0.9526,0.95283,1.88,1.13
2011.07.12 07:46:49.540,0.95259,0.95283,2.86,1.13
2011.07.12 07:46:49.769,0.9526,0.95284,1.88,2.63
2011.07.12 07:46:50.337,0.95263,0.95284,3.23,2.63
2011.07.12 07:46:50.560,0.95263,0.95284,4.35,2.63
2011.07.12 07:46:51.006,0.95267,0.95286,2.48,1.50
2011.07.12 07:46:51.515,0.95268,0.95289,1.13,1.88
2011.07.12 07:46:52.487,0.95267,0.95289,4.35,1.88
2011.07.12 07:46:52.926,0.95271,0.95289,1.13,1.13
2011.07.12 07:46:53.038,0.95273,0.95291,1.13,3.00
2011.07.12 07:46:53.258,0.95271,0.95292,1.50,1.50
2011.07.12 07:46:53.366,0.9527,0.95289,1.13,1.13
2011.07.12 07:46:53.587,0.95268,0.95289,1.13,1.13
2011.07.12 07:46:53.916,0.95268,0.95289,2.63,1.13
2011.07.12 07:46:54.247,0.95268,0.95289,1.51,1.13
2011.07.12 07:46:54.567,0.95265,0.95287,1.88,1.13
2011.07.12 07:46:55.230,0.95266,0.95287,2.26,1.13
2011.07.12 07:46:55.678,0.95269,0.95287,1.35,1.13
2011.07.12 07:46:56.006,0.9527,0.95291,1.51,2.10
2011.07.12 07:46:56.337,0.95267,0.95286,1.51,1.13
2011.07.12 07:46:56.779,0.95268,0.95289,1.36,1.50
2011.07.12 07:46:56.889,0.95271,0.9529,1.13,1.50
2011.07.12 07:46:57.221,0.95272,0.95294,1.13,1.13
2011.07.12 07:46:57.449,0.95276,0.95294,1.13,1.88
2011.07.12 07:46:58.160,0.95278,0.95294,1.13,1.88
2011.07.12 07:46:58.380,0.95274,0.95294,1.13,1.13
2011.07.12 07:46:58.502,0.95274,0.95292,2.63,1.13
2011.07.12 07:46:58.731,0.95275,0.95294,1.13,1.13
2011.07.12 07:46:58.963,0.95284,0.95303,1.88,5.25
2011.07.12 07:46:59.078,0.95284,0.95303,1.88,1.13
2011.07.12 07:46:59.630,0.95284,0.95303,2.26,2.25
2011.07.12 07:47:00.936,0.95282,0.95302,1.51,1.13
2011.07.12 07:47:01.652,0.95281,0.95303,1.88,2.63
2011.07.12 07:47:01.882,0.95283,0.95303,1.13,2.63
2011.07.12 07:47:02.767,0.95283,0.95302,1.88,1.13
2011.07.12 07:47:03.316,0.95282,0.95302,1.13,1.13
2011.07.12 07:47:04.341,0.95281,0.95301,1.13,1.13
2011.07.12 07:47:04.856,0.9528,0.95301,1.88,1.13
2011.07.12 07:47:05.078,0.9528,0.953,1.51,2.85
2011.07.12 07:47:05.297,0.95278,0.95295,1.50,1.13
2011.07.12 07:47:05.407,0.95273,0.95295,3.76,1.13
2011.07.12 07:47:05.738,0.95286,0.95297,2.85,1.50
2011.07.12 07:47:05.848,0.95283,0.95297,4.88,1.50
2011.07.12 07:47:05.958,0.95292,0.95302,1.50,3.00
2011.07.12 07:47:06.069,0.95296,0.95311,2.10,3.75
2011.07.12 07:47:06.288,0.95296,0.9532,4.73,1.13
2011.07.12 07:47:06.509,0.95296,0.95316,2.63,1.13
2011.07.12 07:47:06.987,0.95293,0.95309,2.63,1.50
2011.07.12 07:47:07.320,0.95278,0.95297,2.26,1.50
2011.07.12 07:47:07.441,0.95278,0.95292,1.50,1.50
2011.07.12 07:47:07.560,0.95273,0.95291,1.88,1.13
2011.07.12 07:47:07.679,0.95273,0.9529,1.88,1.13
2011.07.12 07:47:07.898,0.95269,0.95288,1.88,1.50
2011.07.12 07:47:08.117,0.95268,0.95288,2.25,1.88
2011.07.12 07:47:08.556,0.95268,0.95289,2.26,1.50
2011.07.12 07:47:08.669,0.95269,0.9529,1.51,1.13
2011.07.12 07:47:08.898,0.95272,0.95291,1.13,1.50
2011.07.12 07:47:09.447,0.95273,0.95293,3.00,1.13
2011.07.12 07:47:10.018,0.95277,0.95298,2.25,1.13
2011.07.12 07:47:10.347,0.9528,0.95301,1.13,1.13
2011.07.12 07:47:10.678,0.95289,0.95308,2.10,1.50
2011.07.12 07:47:10.789,0.95293,0.95311,2.10,1.50
2011.07.12 07:47:10.899,0.95293,0.95314,1.36,2.63
2011.07.12 07:47:11.009,0.95294,0.95313,2.63,2.63
2011.07.12 07:47:11.226,0.95294,0.95313,3.01,1.88
2011.07.12 07:47:11.447,0.95298,0.95313,1.88,1.88
2011.07.12 07:47:12.347,0.95298,0.95313,2.63,2.63
2011.07.12 07:47:12.677,0.95299,0.95316,1.50,1.50
2011.07.12 07:47:13.400,0.95298,0.95311,1.50,1.13
2011.07.12 07:47:13.738,0.95293,0.9531,1.50,1.13
2011.07.12 07:47:14.069,0.95285,0.95305,1.51,1.13
2011.07.12 07:47:14.620,0.95289,0.95309,1.13,1.88
2011.07.12 07:47:14.851,0.95291,0.95314,1.13,6.00
2011.07.12 07:47:15.406,0.95292,0.95314,1.73,2.63
2011.07.12 07:47:15.878,0.95292,0.95314,2.11,2.63
2011.07.12 07:47:16.817,0.95293,0.95314,2.11,2.63
2011.07.12 07:47:17.369,0.95293,0.95314,1.73,2.63
2011.07.12 07:47:17.590,0.95294,0.95316,2.10,2.25
2011.07.12 07:47:17.708,0.95294,0.95314,1.50,1.35
2011.07.12 07:47:17.819,0.95291,0.95311,1.88,1.13
2011.07.12 07:47:17.927,0.95294,0.9531,1.88,1.50
2011.07.12 07:47:18.038,0.9529,0.9531,1.50,1.50
2011.07.12 07:47:18.359,0.95287,0.9531,3.00,1.50
2011.07.12 07:47:18.839,0.95282,0.95302,1.13,1.13
2011.07.12 07:47:19.060,0.95279,0.95302,1.13,1.13
2011.07.12 07:47:19.399,0.95278,0.95302,1.51,1.13
2011.07.12 07:47:19.662,0.95279,0.953,1.50,1.50
2011.07.12 07:47:20.106,0.95279,0.953,1.13,1.50
2011.07.12 07:47:20.330,0.95277,0.953,1.51,1.50
2011.07.12 07:47:20.669,0.95277,0.953,1.51,1.50
2011.07.12 07:47:21.267,0.95276,0.95298,3.00,2.10
2011.07.12 07:47:21.379,0.95276,0.95295,1.88,1.13
2011.07.12 07:47:21.719,0.95276,0.95298,3.23,1.88
2011.07.12 07:47:21.829,0.95277,0.95298,1.13,1.50
2011.07.12 07:47:22.817,0.95277,0.95298,1.13,1.50
2011.07.12 07:47:23.037,0.95276,0.95298,3.98,1.50
2011.07.12 07:47:23.367,0.95277,0.95298,1.50,1.50
2011.07.12 07:47:23.588,0.9528,0.95302,2.10,1.50
2011.07.12 07:47:24.021,0.9528,0.953,1.73,1.13
2011.07.12 07:47:24.919,0.9528,0.953,1.13,1.13
2011.07.12 07:47:25.249,0.9528,0.95303,1.73,3.75
2011.07.12 07:47:25.796,0.9528,0.95303,1.73,3.75
2011.07.12 07:47:26.348,0.95278,0.95298,1.88,1.13
2011.07.12 07:47:26.678,0.95277,0.95297,2.25,1.50
2011.07.12 07:47:27.030,0.95277,0.95297,2.25,1.50
2011.07.12 07:47:27.502,0.95273,0.95294,2.86,1.13
2011.07.12 07:47:27.619,0.95274,0.95294,1.13,1.13
2011.07.12 07:47:28.168,0.95274,0.95294,1.13,2.63
2011.07.12 07:47:28.980,0.95274,0.95285,1.13,1.35
2011.07.12 07:47:29.307,0.95264,0.95283,3.01,2.63
2011.07.12 07:47:29.424,0.95257,0.95281,2.63,1.50
2011.07.12 07:47:29.651,0.95253,0.95276,1.50,1.50
2011.07.12 07:47:29.770,0.95255,0.95271,1.35,1.13
2011.07.12 07:47:29.889,0.95255,0.95274,1.13,1.13
2011.07.12 07:47:30.218,0.95254,0.95274,1.13,2.63
2011.07.12 07:47:30.331,0.95251,0.95274,1.73,2.63
2011.07.12 07:47:30.778,0.95255,0.95274,1.35,2.63
2011.07.12 07:47:31.110,0.95255,0.95276,1.36,1.13
2011.07.12 07:47:31.229,0.95256,0.95277,2.26,1.50
2011.07.12 07:47:31.341,0.95257,0.95277,2.85,1.50
2011.07.12 07:47:31.782,0.9526,0.95279,1.35,1.88
2011.07.12 07:47:31.904,0.9526,0.95279,1.35,2.63
2011.07.12 07:47:32.497,0.95264,0.95283,1.13,3.38
2011.07.12 07:47:32.938,0.95264,0.95283,1.50,3.38
2011.07.12 07:47:33.049,0.95267,0.95287,1.35,1.50
2011.07.12 07:47:33.159,0.95268,0.95287,1.50,1.50
2011.07.12 07:47:33.376,0.9527,0.95292,1.35,1.50
2011.07.12 07:47:33.597,0.95271,0.95293,1.73,1.13
2011.07.12 07:47:34.769,0.95272,0.95292,1.51,1.13
2011.07.12 07:47:34.884,0.95267,0.95289,2.26,1.13
2011.07.12 07:47:36.207,0.95266,0.95287,2.26,1.13
2011.07.12 07:47:38.707,0.95266,0.95289,3.98,1.88
2011.07.12 07:47:39.371,0.95266,0.95289,3.23,1.88
2011.07.12 07:47:39.488,0.95266,0.95287,2.86,1.13
2011.07.12 07:47:39.819,0.95264,0.95283,1.73,1.50
2011.07.12 07:47:40.039,0.95266,0.95279,1.88,1.13
2011.07.12 07:47:40.147,0.95258,0.95279,1.13,1.13
2011.07.12 07:47:40.257,0.95257,0.95279,1.36,1.13
2011.07.12 07:47:40.476,0.95258,0.95279,1.13,1.50
2011.07.12 07:47:40.843,0.95262,0.95282,1.73,1.13
2011.07.12 07:47:40.958,0.95267,0.95284,1.88,1.50
2011.07.12 07:47:41.728,0.9526,0.95283,1.35,1.13
2011.07.12 07:47:42.837,0.9526,0.95283,1.36,1.88
2011.07.12 07:47:43.858,0.9526,0.95283,1.73,1.88
2011.07.12 07:47:44.739,0.9526,0.95283,1.36,1.13
2011.07.12 07:47:44.849,0.95261,0.95283,1.35,1.13
2011.07.12 07:47:45.176,0.9526,0.95283,1.36,3.00
2011.07.12 07:47:45.838,0.95259,0.95282,2.11,1.13
2011.07.12 07:47:46.716,0.95259,0.95282,2.11,1.13
2011.07.12 07:47:48.156,0.95266,0.95282,1.88,1.13
2011.07.12 07:47:49.367,0.95266,0.95287,2.25,4.88
2011.07.12 07:47:49.789,0.95272,0.95291,3.23,3.00
2011.07.12 07:47:49.899,0.95272,0.95297,2.48,3.38
2011.07.12 07:47:50.131,0.95274,0.95293,1.36,2.63
2011.07.12 07:47:50.470,0.95271,0.95293,1.51,2.63
2011.07.12 07:47:50.588,0.95271,0.95293,1.50,2.63
2011.07.12 07:47:50.699,0.95268,0.95292,1.73,1.13
2011.07.12 07:47:50.808,0.95267,0.95292,2.86,1.13
2011.07.12 07:47:50.917,0.95267,0.9529,2.48,1.13
2011.07.12 07:47:51.467,0.95266,0.9529,2.86,1.88
2011.07.12 07:47:51.579,0.95266,0.95287,2.26,1.13
2011.07.12 07:47:51.688,0.95266,0.95287,2.25,1.88
2011.07.12 07:47:52.018,0.95266,0.95283,1.88,1.13
2011.07.12 07:47:52.476,0.95259,0.95283,3.98,1.13
2011.07.12 07:47:52.592,0.95267,0.95283,1.88,1.13
2011.07.12 07:47:52.819,0.95267,0.95285,1.88,1.50
2011.07.12 07:47:52.932,0.95266,0.95285,1.13,1.50
2011.07.12 07:47:53.156,0.95266,0.95288,1.13,1.50
2011.07.12 07:47:53.378,0.95267,0.95288,2.25,1.50
2011.07.12 07:47:53.489,0.95267,0.95286,2.25,1.13
2011.07.12 07:47:54.366,0.95267,0.95283,1.88,1.50
2011.07.12 07:47:55.136,0.95267,0.95283,1.88,1.50
2011.07.12 07:47:55.945,0.95267,0.95287,2.25,1.13
2011.07.12 07:47:56.282,0.95267,0.95287,2.25,1.13
2011.07.12 07:47:56.838,0.95268,0.95289,1.13,1.13
2011.07.12 07:47:58.710,0.95267,0.95285,2.26,1.13
2011.07.12 07:47:59.226,0.95267,0.95289,2.26,1.88
2011.07.12 07:48:00.217,0.95267,0.95289,2.86,1.13
2011.07.12 07:48:00.437,0.95268,0.9529,1.13,1.13
2011.07.12 07:48:01.160,0.95268,0.9529,1.73,1.13
2011.07.12 07:48:01.283,0.9527,0.9529,1.13,1.13
2011.07.12 07:48:01.830,0.9527,0.9529,1.13,1.13
2011.07.12 07:48:01.949,0.9527,0.9529,1.13,1.13
2011.07.12 07:48:02.059,0.9527,0.9529,1.13,1.13
2011.07.12 07:48:04.119,0.95275,0.95294,1.13,1.13
2011.07.12 07:48:04.886,0.95277,0.95294,1.88,1.13
2011.07.12 07:48:06.328,0.95277,0.95296,2.25,1.13
2011.07.12 07:48:06.437,0.95277,0.95296,2.25,1.13
2011.07.12 07:48:06.658,0.95277,0.95299,1.36,1.50
2011.07.12 07:48:08.397,0.9528,0.95301,1.13,1.13
2011.07.12 07:48:08.729,0.95284,0.95305,1.13,1.13
2011.07.12 07:48:09.211,0.95287,0.95306,2.26,1.13
2011.07.12 07:48:09.442,0.95286,0.95306,1.51,1.13
2011.07.12 07:48:09.996,0.95286,0.95306,2.25,1.13
2011.07.12 07:48:10.216,0.95286,0.95306,2.25,1.13
2011.07.12 07:48:10.767,0.95286,0.95306,2.25,1.13
2011.07.12 07:48:11.519,0.95286,0.95305,2.25,1.50
2011.07.12 07:48:12.067,0.95286,0.95307,2.25,1.13
2011.07.12 07:48:12.177,0.95286,0.95307,2.25,1.13
2011.07.12 07:48:12.789,0.95286,0.95307,3.00,1.13
2011.07.12 07:48:13.117,0.95286,0.95308,3.01,1.13
2011.07.12 07:48:13.996,0.95286,0.95308,3.01,1.13
2011.07.12 07:48:15.087,0.95287,0.9531,1.36,1.13
2011.07.12 07:48:15.306,0.95287,0.9531,1.36,1.13
2011.07.12 07:48:16.758,0.95286,0.9531,4.36,1.13
2011.07.12 07:48:16.980,0.95286,0.95309,1.73,1.50
2011.07.12 07:48:17.319,0.95286,0.95304,1.13,1.13
2011.07.12 07:48:17.982,0.95286,0.95304,1.13,2.63
2011.07.12 07:48:18.542,0.95283,0.95304,2.48,2.63
2011.07.12 07:48:18.657,0.95282,0.95304,1.36,2.63
2011.07.12 07:48:19.207,0.95281,0.95304,1.36,2.63
2011.07.12 07:48:20.307,0.95281,0.95304,2.11,2.63
2011.07.12 07:48:20.527,0.95284,0.95304,1.13,2.63
2011.07.12 07:48:20.746,0.95284,0.95304,1.13,2.63
2011.07.12 07:48:21.645,0.95284,0.95304,1.35,2.63
2011.07.12 07:48:21.866,0.95284,0.95304,2.11,2.63
2011.07.12 07:48:22.196,0.95284,0.95304,2.86,2.63
2011.07.12 07:48:22.748,0.95284,0.95304,2.85,2.63
2011.07.12 07:48:22.966,0.95284,0.95304,1.88,2.63
2011.07.12 07:48:23.516,0.95283,0.95304,1.13,2.63
2011.07.12 07:48:24.206,0.95282,0.95302,1.51,1.13
2011.07.12 07:48:24.318,0.95279,0.95301,1.73,1.50
2011.07.12 07:48:24.538,0.95277,0.95295,2.63,1.13
2011.07.12 07:48:25.028,0.95277,0.95295,1.88,1.13
2011.07.12 07:48:25.145,0.95267,0.95285,2.25,1.50
2011.07.12 07:48:25.588,0.95267,0.95285,2.25,1.50
2011.07.12 07:48:26.248,0.95267,0.9529,2.25,1.50
2011.07.12 07:48:26.796,0.95267,0.9529,2.26,1.50
2011.07.12 07:48:27.128,0.95272,0.9529,2.25,1.50
2011.07.12 07:48:27.888,0.95269,0.95293,1.51,2.10
2011.07.12 07:48:28.000,0.95269,0.95293,1.13,1.50
2011.07.12 07:48:28.120,0.95269,0.95293,1.13,1.50
2011.07.12 07:48:28.349,0.95269,0.95293,2.26,1.50
2011.07.12 07:48:28.571,0.95269,0.95293,1.13,1.88
2011.07.12 07:48:28.690,0.95269,0.95293,1.13,2.25
2011.07.12 07:48:28.807,0.95268,0.95293,2.86,1.88
2011.07.12 07:48:29.317,0.95277,0.95294,1.88,1.13
2011.07.12 07:48:30.417,0.95277,0.95294,1.88,1.13
2011.07.12 07:48:33.209,0.95277,0.95296,2.25,1.50
2011.07.12 07:48:33.319,0.95277,0.95294,1.88,1.13
2011.07.12 07:48:33.870,0.95277,0.95292,1.88,1.50
2011.07.12 07:48:34.999,0.95276,0.95297,2.25,3.00
2011.07.12 07:48:35.726,0.95276,0.95296,2.25,2.63
2011.07.12 07:48:36.276,0.95273,0.95294,3.23,2.63
2011.07.12 07:48:36.906,0.95273,0.95294,3.23,2.63
2011.07.12 07:48:37.511,0.95273,0.95294,3.23,2.63
2011.07.12 07:48:38.906,0.95273,0.95294,3.23,2.63
2011.07.12 07:48:39.126,0.95273,0.95294,3.23,2.63
2011.07.12 07:48:39.699,0.9527,0.95294,3.01,1.50
2011.07.12 07:48:40.230,0.9527,0.95294,1.36,1.50
2011.07.12 07:48:40.352,0.95269,0.95292,4.73,1.50
2011.07.12 07:48:40.688,0.95267,0.9529,5.48,1.88
2011.07.12 07:48:40.799,0.95269,0.9529,2.48,1.88
2011.07.12 07:48:40.910,0.95271,0.95292,1.73,1.13
2011.07.12 07:48:41.141,0.9527,0.95292,1.73,1.13
2011.07.12 07:48:41.262,0.95273,0.95295,2.48,1.13
2011.07.12 07:48:41.377,0.95276,0.95295,1.73,1.13
2011.07.12 07:48:41.710,0.95276,0.95295,2.11,1.13
2011.07.12 07:48:42.476,0.95276,0.95293,2.11,2.25
2011.07.12 07:48:42.917,0.95276,0.95293,1.36,1.50
2011.07.12 07:48:43.249,0.95277,0.95293,1.51,1.50
2011.07.12 07:48:43.641,0.95276,0.95293,1.50,1.50
2011.07.12 07:48:43.980,0.95274,0.95293,1.13,2.25
2011.07.12 07:48:44.289,0.95267,0.9529,3.61,1.13
2011.07.12 07:48:44.731,0.9527,0.95292,1.73,1.13
2011.07.12 07:48:45.067,0.95272,0.95292,1.13,1.13
2011.07.12 07:48:45.838,0.95271,0.95292,1.88,1.13
2011.07.12 07:48:46.060,0.95271,0.95292,1.88,1.13
2011.07.12 07:48:46.401,0.95276,0.95294,1.13,1.13
2011.07.12 07:48:46.523,0.95277,0.95298,1.13,1.13
2011.07.12 07:48:46.641,0.9528,0.95299,1.88,1.13
2011.07.12 07:48:47.197,0.9528,0.95301,1.13,1.73
2011.07.12 07:48:47.858,0.95277,0.95297,1.51,1.13
2011.07.12 07:48:48.079,0.95273,0.95291,2.25,1.13
2011.07.12 07:48:48.300,0.95269,0.95289,3.01,1.13
2011.07.12 07:48:48.782,0.95263,0.95286,1.51,1.50
2011.07.12 07:48:48.899,0.95261,0.95282,1.35,1.13
2011.07.12 07:48:49.058,0.9526,0.95281,1.73,1.13
2011.07.12 07:48:49.606,0.95258,0.9528,2.48,1.88
2011.07.12 07:48:49.938,0.95259,0.9528,1.50,1.50
2011.07.12 07:48:50.160,0.95261,0.9528,1.13,1.50
2011.07.12 07:48:51.486,0.9526,0.9528,1.13,1.88
2011.07.12 07:48:51.818,0.95261,0.9528,1.13,1.88
2011.07.12 07:48:52.355,0.9526,0.9528,1.13,1.88
2011.07.12 07:48:52.691,0.95262,0.95282,1.13,1.13
2011.07.12 07:48:53.278,0.95264,0.95282,1.13,1.50
2011.07.12 07:48:53.720,0.95265,0.95284,1.73,1.13
2011.07.12 07:48:55.593,0.95265,0.95284,1.13,3.75
2011.07.12 07:48:56.151,0.95266,0.95284,1.35,1.88
2011.07.12 07:48:56.377,0.95266,0.95287,1.35,1.50
2011.07.12 07:48:56.488,0.95266,0.95287,3.23,1.13
2011.07.12 07:48:56.597,0.95266,0.95287,3.23,1.13
2011.07.12 07:48:57.258,0.95266,0.95287,2.48,1.50
2011.07.12 07:48:57.587,0.95266,0.95286,2.63,1.88
2011.07.12 07:48:57.917,0.95266,0.95286,2.63,2.25
2011.07.12 07:48:58.029,0.95267,0.95286,1.13,1.88
2011.07.12 07:48:58.575,0.95265,0.95284,1.13,2.25
2011.07.12 07:49:01.241,0.95267,0.95284,1.13,1.88
2011.07.12 07:49:01.808,0.95267,0.95283,1.50,1.50
2011.07.12 07:49:02.356,0.95267,0.95283,2.11,1.50
2011.07.12 07:49:08.318,0.9527,0.9529,2.48,1.88
2011.07.12 07:49:08.647,0.95276,0.95293,1.13,2.63
2011.07.12 07:49:08.758,0.95277,0.95294,1.13,1.88
2011.07.12 07:49:09.278,0.9528,0.95301,1.13,3.00
2011.07.12 07:49:09.400,0.9528,0.95301,1.13,1.13
2011.07.12 07:49:09.961,0.95282,0.95303,1.13,3.00
2011.07.12 07:49:10.298,0.95279,0.95303,1.88,1.13
2011.07.12 07:49:10.740,0.95277,0.95299,1.13,1.13
2011.07.12 07:49:10.858,0.95276,0.95299,2.85,1.13
2011.07.12 07:49:11.500,0.9528,0.95298,1.13,1.50
2011.07.12 07:49:11.625,0.9528,0.953,1.13,1.50
2011.07.12 07:49:11.740,0.95281,0.95301,1.13,1.13
2011.07.12 07:49:12.080,0.95283,0.95301,1.13,1.13
2011.07.12 07:49:12.517,0.95279,0.95301,1.88,1.13
2011.07.12 07:49:12.739,0.95279,0.953,1.13,1.13
2011.07.12 07:49:13.287,0.95279,0.953,1.13,1.13
2011.07.12 07:49:13.837,0.95279,0.953,1.13,1.13
2011.07.12 07:49:14.470,0.95283,0.95302,1.13,1.13
2011.07.12 07:49:15.027,0.95283,0.95303,1.13,1.13
2011.07.12 07:49:15.247,0.95283,0.95304,1.13,2.25
2011.07.12 07:49:15.690,0.95286,0.95309,1.13,1.88
2011.07.12 07:49:15.909,0.95287,0.95309,1.13,1.13
2011.07.12 07:49:16.126,0.95287,0.95308,3.00,1.13
2011.07.12 07:49:18.079,0.95287,0.9531,2.86,1.88
2011.07.12 07:49:18.411,0.95287,0.9531,3.23,1.13
2011.07.12 07:49:18.528,0.9529,0.9531,1.13,1.13
2011.07.12 07:49:18.643,0.95291,0.9531,3.23,1.13
2011.07.12 07:49:18.759,0.95294,0.95313,1.73,1.88
2011.07.12 07:49:18.870,0.95294,0.95317,2.10,2.63
2011.07.12 07:49:19.427,0.95297,0.95317,3.00,1.13
2011.07.12 07:49:19.768,0.95297,0.95315,1.88,1.13
2011.07.12 07:49:19.878,0.95293,0.95315,1.35,1.50
2011.07.12 07:49:20.408,0.95292,0.95312,1.73,1.88
2011.07.12 07:49:21.277,0.95292,0.95312,1.13,1.88
2011.07.12 07:49:23.088,0.9529,0.95309,1.35,1.13
2011.07.12 07:49:23.199,0.95288,0.95309,1.88,1.13
2011.07.12 07:49:23.751,0.95287,0.95308,1.73,1.13
2011.07.12 07:49:23.980,0.95287,0.95307,3.00,1.13
2011.07.12 07:49:24.889,0.95286,0.95305,3.00,1.50
2011.07.12 07:49:24.997,0.95286,0.95305,2.63,1.88
2011.07.12 07:49:25.548,0.95284,0.95304,1.13,3.00
2011.07.12 07:49:26.976,0.95284,0.95304,1.13,3.00
2011.07.12 07:49:27.195,0.95284,0.95304,1.13,3.00
2011.07.12 07:49:29.769,0.95282,0.95303,1.13,1.13
2011.07.12 07:49:30.316,0.95282,0.95303,1.13,1.13
2011.07.12 07:49:30.870,0.95286,0.95305,1.35,1.50
2011.07.12 07:49:30.988,0.95286,0.95306,1.35,1.46
2011.07.12 07:49:31.319,0.9529,0.95308,1.13,1.13
2011.07.12 07:49:32.607,0.9529,0.95308,1.13,1.13
2011.07.12 07:49:32.940,0.95289,0.9531,1.73,1.13
2011.07.12 07:49:33.161,0.95294,0.95313,1.13,3.00
2011.07.12 07:49:34.020,0.95294,0.95312,1.13,1.13
2011.07.12 07:49:34.139,0.95292,0.95312,1.13,1.13
2011.07.12 07:49:34.713,0.95293,0.95312,1.13,1.13
2011.07.12 07:49:35.484,0.95292,0.9531,1.13,1.13
2011.07.12 07:49:35.706,0.95288,0.95308,1.13,1.13
2011.07.12 07:49:36.258,0.95287,0.95308,3.00,1.13
2011.07.12 07:49:36.367,0.95287,0.95308,3.00,1.13
2011.07.12 07:49:37.138,0.95289,0.9531,1.13,1.88
2011.07.12 07:49:37.686,0.95289,0.95309,1.13,1.73
2011.07.12 07:49:37.797,0.95284,0.95306,2.26,2.48
2011.07.12 07:49:38.576,0.95282,0.95303,1.13,3.00
2011.07.12 07:49:39.128,0.95282,0.95303,1.13,2.25
2011.07.12 07:49:41.736,0.95284,0.95303,1.13,3.38
2011.07.12 07:49:42.177,0.95284,0.95303,1.13,2.63
2011.07.12 07:49:42.736,0.95283,0.95303,1.13,1.13
2011.07.12 07:49:42.958,0.95286,0.95304,4.35,1.50
2011.07.12 07:49:43.070,0.95287,0.95308,1.73,1.13
2011.07.12 07:49:43.188,0.9529,0.95309,1.13,1.13
2011.07.12 07:49:43.298,0.9529,0.9531,1.13,1.13
2011.07.12 07:49:43.407,0.95293,0.95311,1.13,1.13
2011.07.12 07:49:43.629,0.95296,0.95314,1.13,2.63
2011.07.12 07:49:43.740,0.95296,0.95314,1.13,2.63
2011.07.12 07:49:43.970,0.95297,0.95318,1.13,1.13
2011.07.12 07:49:44.090,0.95298,0.9532,1.13,1.88
2011.07.12 07:49:44.648,0.95297,0.95319,2.63,1.35
2011.07.12 07:49:44.869,0.95296,0.95313,1.50,1.13
2011.07.12 07:49:44.979,0.95294,0.95314,1.13,1.88
2011.07.12 07:49:45.451,0.95296,0.95314,1.88,1.13
2011.07.12 07:49:45.678,0.95294,0.95314,1.13,3.00
2011.07.12 07:49:45.791,0.95291,0.95314,1.13,1.13
2011.07.12 07:49:46.128,0.95302,0.95322,1.13,2.63
2011.07.12 07:49:46.897,0.953,0.95322,1.73,1.13
2011.07.12 07:49:47.227,0.95302,0.95323,1.13,3.38
2011.07.12 07:49:47.776,0.95302,0.95323,1.13,3.75
2011.07.12 07:49:48.248,0.953,0.95319,2.11,1.13
2011.07.12 07:49:48.578,0.95294,0.95315,1.73,1.13
2011.07.12 07:49:48.689,0.95294,0.95317,1.73,1.50
2011.07.12 07:49:48.797,0.953,0.95318,1.13,1.50
2011.07.12 07:49:49.018,0.953,0.9532,1.13,2.63
2011.07.12 07:49:49.348,0.95299,0.9532,1.35,1.88
2011.07.12 07:49:49.568,0.953,0.9532,2.11,1.13
2011.07.12 07:49:49.678,0.953,0.95323,1.88,1.50
2011.07.12 07:49:50.008,0.95304,0.95324,1.35,3.38
2011.07.12 07:49:50.666,0.95306,0.95326,2.25,1.50
2011.07.12 07:49:50.997,0.95306,0.95324,2.25,1.50
2011.07.12 07:49:51.107,0.95306,0.95324,2.25,1.50
2011.07.12 07:49:51.738,0.95303,0.9532,1.13,1.50
2011.07.12 07:49:51.851,0.95299,0.95318,1.13,1.13
2011.07.12 07:49:52.407,0.95299,0.95316,1.13,1.50
2011.07.12 07:49:53.838,0.95299,0.95318,1.13,2.25
2011.07.12 07:49:54.059,0.95301,0.9532,1.13,1.88
2011.07.12 07:49:54.278,0.95301,0.9532,2.10,1.50
2011.07.12 07:49:54.718,0.95309,0.95324,1.35,3.38
2011.07.12 07:49:54.828,0.95308,0.95327,1.73,1.50
2011.07.12 07:49:54.938,0.95308,0.95327,1.13,1.50
2011.07.12 07:49:55.048,0.9531,0.9533,1.13,1.88
2011.07.12 07:49:55.448,0.9531,0.95328,1.13,1.73
2011.07.12 07:49:55.780,0.95306,0.95323,2.63,1.13
2011.07.12 07:49:55.903,0.95298,0.95319,2.63,1.73
2011.07.12 07:49:56.022,0.95298,0.95318,2.63,1.88
2011.07.12 07:49:56.359,0.95297,0.95314,1.88,1.88
2011.07.12 07:49:56.579,0.95297,0.95313,1.88,1.88
2011.07.12 07:49:56.907,0.95297,0.95313,1.88,1.88
2011.07.12 07:49:58.048,0.95297,0.95315,2.25,1.88
2011.07.12 07:49:58.378,0.95297,0.95314,1.88,1.50
2011.07.12 07:49:58.488,0.95293,0.95312,1.13,1.50
2011.07.12 07:49:58.599,0.95288,0.95307,2.25,1.50
2011.07.12 07:49:58.929,0.95294,0.95313,1.13,1.88
2011.07.12 07:49:59.039,0.95295,0.95313,1.13,1.88
2011.07.12 07:49:59.479,0.95297,0.95316,1.13,3.75
2011.07.12 07:50:00.147,0.95299,0.95321,1.13,3.00
2011.07.12 07:50:00.491,0.95297,0.95316,2.25,1.13
2011.07.12 07:50:00.846,0.95297,0.95314,2.25,1.50
2011.07.12 07:50:01.396,0.95297,0.95314,2.25,1.50
2011.07.12 07:50:01.850,0.95297,0.95314,2.63,1.50
2011.07.12 07:50:02.188,0.95296,0.95315,2.85,1.13
2011.07.12 07:50:02.740,0.95296,0.95315,2.26,1.13
2011.07.12 07:50:03.291,0.95291,0.95313,2.11,1.88
2011.07.12 07:50:03.415,0.95289,0.95312,1.13,1.13
2011.07.12 07:50:03.748,0.95293,0.95313,2.48,1.50
2011.07.12 07:50:04.081,0.95298,0.95317,1.36,2.25
2011.07.12 07:50:04.308,0.95303,0.95321,1.13,1.50
2011.07.12 07:50:04.420,0.95305,0.95323,2.48,1.13
2011.07.12 07:50:04.650,0.95302,0.95323,1.73,1.13
2011.07.12 07:50:05.098,0.95306,0.95325,1.88,1.88
2011.07.12 07:50:05.459,0.95306,0.95328,1.36,1.13
2011.07.12 07:50:05.568,0.95306,0.95328,1.36,1.13
2011.07.12 07:50:05.903,0.95303,0.95325,3.01,1.13
2011.07.12 07:50:06.239,0.95298,0.95321,2.63,1.13
2011.07.12 07:50:06.349,0.95298,0.95321,2.26,1.13
2011.07.12 07:50:06.458,0.953,0.95321,1.13,1.13
2011.07.12 07:50:06.678,0.95307,0.95321,1.88,1.13
2011.07.12 07:50:07.338,0.953,0.95321,1.13,1.13
2011.07.12 07:50:07.686,0.95299,0.95319,1.13,1.88
2011.07.12 07:50:08.020,0.95305,0.95321,2.63,1.50
2011.07.12 07:50:08.138,0.95303,0.95323,1.35,1.50
2011.07.12 07:50:08.686,0.95306,0.95324,1.88,1.88
2011.07.12 07:50:08.798,0.95306,0.95322,1.88,1.13
2011.07.12 07:50:09.567,0.95298,0.95319,1.13,1.13
2011.07.12 07:50:09.900,0.95296,0.95316,1.35,1.13
2011.07.12 07:50:10.020,0.95294,0.95311,2.25,1.13
2011.07.12 07:50:10.131,0.95307,0.95318,1.35,2.25
2011.07.12 07:50:10.249,0.95303,0.95322,3.75,1.13
2011.07.12 07:50:10.359,0.95299,0.95322,1.88,1.13
2011.07.12 07:50:10.668,0.95303,0.95326,1.35,3.75
2011.07.12 07:50:10.785,0.95304,0.95321,1.13,1.13
2011.07.12 07:50:10.900,0.95303,0.95321,1.51,1.13
2011.07.12 07:50:11.451,0.95297,0.95317,3.76,1.13
2011.07.12 07:50:11.573,0.95297,0.95315,1.88,1.50
2011.07.12 07:50:12.127,0.95297,0.95313,1.88,1.50
2011.07.12 07:50:12.972,0.95297,0.95315,1.88,1.50
2011.07.12 07:50:13.888,0.95297,0.95315,3.01,1.50
2011.07.12 07:50:14.220,0.95298,0.95317,1.51,1.13
2011.07.12 07:50:14.337,0.95298,0.95317,1.51,1.13
2011.07.12 07:50:14.667,0.95297,0.9532,4.88,1.13
2011.07.12 07:50:15.485,0.953,0.9532,1.13,1.13
2011.07.12 07:50:15.733,0.95303,0.95324,1.13,1.13
2011.07.12 07:50:16.076,0.95302,0.95321,1.13,1.13
2011.07.12 07:50:16.190,0.95298,0.95321,1.13,1.13
2011.07.12 07:50:16.422,0.95301,0.95324,1.35,3.75
2011.07.12 07:50:16.764,0.95299,0.95319,1.13,1.50
2011.07.12 07:50:17.208,0.95297,0.95321,1.35,1.13
2011.07.12 07:50:17.539,0.95298,0.95321,1.51,1.88
2011.07.12 07:50:18.417,0.95298,0.95321,2.11,1.50
2011.07.12 07:50:19.001,0.95299,0.9532,3.23,1.13
2011.07.12 07:50:19.115,0.95301,0.95324,2.11,1.13
2011.07.12 07:50:19.667,0.95307,0.95324,1.88,1.13
2011.07.12 07:50:20.220,0.95307,0.95321,1.88,1.13
2011.07.12 07:50:20.668,0.95307,0.95318,1.88,1.13
2011.07.12 07:50:21.110,0.95299,0.95316,1.51,1.13
2011.07.12 07:50:21.228,0.95299,0.95315,1.51,1.13
2011.07.12 07:50:21.778,0.95297,0.95317,1.13,1.13
2011.07.12 07:50:22.219,0.95306,0.95317,1.88,1.13
2011.07.12 07:50:22.577,0.95298,0.95315,2.26,1.50
2011.07.12 07:50:22.695,0.95297,0.95313,1.88,1.13
2011.07.12 07:50:23.028,0.95294,0.95311,1.88,1.88
2011.07.12 07:50:23.248,0.95294,0.95311,2.26,1.13
2011.07.12 07:50:23.360,0.95297,0.95314,1.88,2.25
2011.07.12 07:50:23.481,0.95297,0.95314,1.88,1.13
2011.07.12 07:50:23.599,0.95297,0.95318,3.00,1.13
2011.07.12 07:50:23.711,0.95299,0.95319,1.13,1.50
2011.07.12 07:50:24.049,0.95296,0.95318,2.26,1.73
2011.07.12 07:50:24.159,0.95296,0.95316,2.25,1.13
2011.07.12 07:50:25.056,0.95296,0.95315,3.00,1.50
2011.07.12 07:50:25.389,0.95297,0.95317,1.13,1.13
2011.07.12 07:50:25.501,0.95297,0.95317,1.13,1.13
2011.07.12 07:50:25.730,0.95298,0.9532,1.13,1.13
2011.07.12 07:50:26.057,0.95303,0.9532,1.13,1.13
2011.07.12 07:50:26.167,0.95298,0.9532,2.63,1.13
2011.07.12 07:50:26.717,0.953,0.9532,1.13,1.13
2011.07.12 07:50:27.050,0.953,0.9532,1.13,1.13
2011.07.12 07:50:27.399,0.95301,0.95321,1.13,1.13
2011.07.12 07:50:27.618,0.95306,0.95326,2.63,1.73
2011.07.12 07:50:28.608,0.95306,0.95323,1.88,1.88
2011.07.12 07:50:28.716,0.95302,0.95323,1.13,2.25
2011.07.12 07:50:29.378,0.95301,0.95323,1.13,1.88
2011.07.12 07:50:29.490,0.95298,0.95322,3.01,1.35
2011.07.12 07:50:29.817,0.95296,0.95313,2.63,1.13
2011.07.12 07:50:29.928,0.95296,0.95312,2.63,1.13
2011.07.12 07:50:30.383,0.9529,0.95311,1.51,1.13
2011.07.12 07:50:30.939,0.95287,0.95308,1.13,1.13
2011.07.12 07:50:31.367,0.95287,0.95308,3.01,1.13
2011.07.12 07:50:31.698,0.95283,0.95305,2.86,1.13
2011.07.12 07:50:32.246,0.95287,0.95302,1.88,1.13
2011.07.12 07:50:32.578,0.95287,0.95303,2.25,1.50
2011.07.12 07:50:32.688,0.95286,0.95304,1.50,2.25
2011.07.12 07:50:32.907,0.95286,0.95309,1.36,1.13
2011.07.12 07:50:33.017,0.95287,0.95309,2.25,1.13
2011.07.12 07:50:33.426,0.95289,0.95311,1.13,1.13
2011.07.12 07:50:33.649,0.95288,0.95309,1.88,1.13
2011.07.12 07:50:33.981,0.95288,0.9531,1.13,1.13
2011.07.12 07:50:34.208,0.95289,0.95311,1.13,1.50
2011.07.12 07:50:34.756,0.95291,0.95313,1.88,1.88
2011.07.12 07:50:34.868,0.95292,0.95313,1.13,3.75
2011.07.12 07:50:35.857,0.95292,0.95313,1.50,3.38
2011.07.12 07:50:36.380,0.95293,0.95313,1.13,1.88
2011.07.12 07:50:36.721,0.95295,0.95314,1.13,1.13
2011.07.12 07:50:37.939,0.95297,0.95316,2.25,1.13
2011.07.12 07:50:38.706,0.95297,0.95316,1.88,1.13
2011.07.12 07:50:39.389,0.95297,0.95312,1.88,1.35
2011.07.12 07:50:39.504,0.95295,0.95312,1.13,2.25
2011.07.12 07:50:39.618,0.95295,0.95313,1.13,1.50
2011.07.12 07:50:39.949,0.95292,0.95312,1.13,1.13
2011.07.12 07:50:40.171,0.95288,0.95309,2.26,1.50
2011.07.12 07:50:40.289,0.95284,0.95304,2.26,1.35
2011.07.12 07:50:40.508,0.95279,0.95296,1.13,2.10
2011.07.12 07:50:40.728,0.95273,0.95292,2.63,1.13
2011.07.12 07:50:42.046,0.95273,0.95294,1.13,4.35
2011.07.12 07:50:42.606,0.95273,0.95293,1.13,1.88
2011.07.12 07:50:45.098,0.9527,0.95292,1.88,1.13
2011.07.12 07:50:45.573,0.95267,0.95289,1.13,1.13
2011.07.12 07:50:46.019,0.95264,0.95287,1.51,1.35
2011.07.12 07:50:46.464,0.95258,0.95279,3.01,1.13
2011.07.12 07:50:46.582,0.95258,0.95279,1.13,1.13
2011.07.12 07:50:47.028,0.95258,0.9528,1.13,1.13
2011.07.12 07:50:47.934,0.95258,0.95278,1.13,1.13
2011.07.12 07:50:50.011,0.95254,0.9527,3.75,1.50
2011.07.12 07:50:50.221,0.95249,0.95266,1.50,1.13
2011.07.12 07:50:50.490,0.95249,0.9527,1.88,1.13
2011.07.12 07:50:50.821,0.95247,0.9527,3.23,1.13
2011.07.12 07:50:51.160,0.95251,0.9527,1.13,1.13
2011.07.12 07:50:51.279,0.95251,0.95274,1.51,1.13
2011.07.12 07:50:51.389,0.95249,0.9527,2.63,1.13
2011.07.12 07:50:51.926,0.95254,0.95274,1.35,1.13
2011.07.12 07:50:52.138,0.95254,0.95274,2.10,1.13
2011.07.12 07:50:52.249,0.95254,0.95272,1.73,4.50
2011.07.12 07:50:52.687,0.95253,0.95275,1.88,1.13
2011.07.12 07:50:52.911,0.95253,0.95268,1.13,1.13
2011.07.12 07:50:53.249,0.95247,0.95269,1.51,1.13
2011.07.12 07:50:53.358,0.95247,0.95269,3.01,1.13
2011.07.12 07:50:53.907,0.9525,0.9527,1.36,1.50
2011.07.12 07:50:54.237,0.95251,0.95271,1.73,2.25
2011.07.12 07:50:54.786,0.95251,0.95272,1.73,2.25
2011.07.12 07:50:55.658,0.95251,0.9527,1.73,1.13
2011.07.12 07:50:55.766,0.95251,0.9527,1.73,1.13
2011.07.12 07:50:56.317,0.95247,0.95269,2.86,1.13
2011.07.12 07:50:57.086,0.95247,0.95266,2.86,1.13
2011.07.12 07:50:57.309,0.95247,0.95265,2.48,1.13
2011.07.12 07:50:57.638,0.95239,0.95262,2.26,2.25
2011.07.12 07:50:57.967,0.95241,0.95262,1.13,1.50
2011.07.12 07:50:58.517,0.95239,0.95262,1.73,2.25
2011.07.12 07:50:58.630,0.95243,0.95263,2.48,3.38
2011.07.12 07:50:58.941,0.95246,0.95267,1.35,2.25
2011.07.12 07:50:59.387,0.95247,0.95266,2.26,1.13
2011.07.12 07:51:00.379,0.95241,0.95265,1.73,3.00
2011.07.12 07:51:00.489,0.95246,0.95265,1.88,1.13
2011.07.12 07:51:01.149,0.95246,0.95265,1.88,1.13
2011.07.12 07:51:02.928,0.9525,0.95268,1.13,1.50
2011.07.12 07:51:03.149,0.95246,0.95264,2.63,1.13
2011.07.12 07:51:03.699,0.95246,0.95265,1.88,1.13
2011.07.12 07:51:04.419,0.95246,0.95266,1.88,1.13
2011.07.12 07:51:04.535,0.95246,0.95266,3.01,1.13
2011.07.12 07:51:06.518,0.95252,0.95267,2.10,1.13
2011.07.12 07:51:06.847,0.95249,0.95272,2.11,2.25
2011.07.12 07:51:07.244,0.9525,0.95272,1.13,2.63
2011.07.12 07:51:07.466,0.95251,0.95272,1.88,2.63
2011.07.12 07:51:08.569,0.95249,0.95268,1.73,1.13
2011.07.12 07:51:08.790,0.95246,0.95267,3.01,1.13
2011.07.12 07:51:09.242,0.95248,0.95268,1.73,1.13
2011.07.12 07:51:09.358,0.95248,0.95272,2.11,1.50
2011.07.12 07:51:09.581,0.9525,0.95273,3.23,1.13
2011.07.12 07:51:10.032,0.95249,0.95273,2.48,1.13
2011.07.12 07:51:10.481,0.95249,0.95271,3.98,1.13
2011.07.12 07:51:11.038,0.95248,0.95271,1.13,1.88
2011.07.12 07:51:11.588,0.95254,0.95267,1.35,1.50
2011.07.12 07:51:11.700,0.95251,0.95267,2.10,1.50
2011.07.12 07:51:11.818,0.95248,0.95268,1.13,1.13
2011.07.12 07:51:11.931,0.95248,0.95271,1.73,1.13
2011.07.12 07:51:12.377,0.95248,0.9527,1.73,1.50
2011.07.12 07:51:12.597,0.95247,0.95267,2.48,1.13
2011.07.12 07:51:13.037,0.95246,0.95267,2.86,1.13
2011.07.12 07:51:13.449,0.95246,0.95267,2.86,1.13
2011.07.12 07:51:14.106,0.9525,0.95267,4.50,1.13
2011.07.12 07:51:14.438,0.95249,0.95274,1.36,2.25
2011.07.12 07:51:14.546,0.95247,0.95274,1.36,2.25
2011.07.12 07:51:14.655,0.95248,0.95274,2.86,4.13
2011.07.12 07:51:14.984,0.9525,0.95273,2.11,1.13
2011.07.12 07:51:15.094,0.9525,0.95273,2.86,1.13
2011.07.12 07:51:15.566,0.9525,0.95271,2.48,1.13
2011.07.12 07:51:15.675,0.9525,0.95271,2.48,1.13
2011.07.12 07:51:16.597,0.9525,0.95268,1.36,1.13
2011.07.12 07:51:16.935,0.9526,0.95281,2.85,2.25
2011.07.12 07:51:17.267,0.95267,0.95281,1.50,2.25
2011.07.12 07:51:22.014,0.95267,0.95281,1.88,1.50
2011.07.12 07:51:22.238,0.95256,0.95276,2.25,1.50
2011.07.12 07:51:22.356,0.95256,0.95275,1.88,1.13
2011.07.12 07:51:22.897,0.95256,0.95274,1.88,2.63
2011.07.12 07:51:25.006,0.95256,0.95272,1.88,1.88
2011.07.12 07:51:25.335,0.95256,0.95269,1.88,1.13
2011.07.12 07:51:25.557,0.95248,0.95269,1.13,1.88
2011.07.12 07:51:27.707,0.95246,0.95268,4.73,1.50
2011.07.12 07:51:27.814,0.95249,0.95268,1.13,1.50
2011.07.12 07:51:28.146,0.95247,0.95268,1.73,1.50
2011.07.12 07:51:28.496,0.95249,0.95268,1.13,1.50
2011.07.12 07:51:29.487,0.95249,0.95268,3.00,1.50
2011.07.12 07:51:30.077,0.95254,0.95271,1.13,1.50
2011.07.12 07:51:30.194,0.95254,0.95272,1.50,2.25
2011.07.12 07:51:30.305,0.95254,0.95273,1.13,3.00
2011.07.12 07:51:30.525,0.95257,0.95273,1.88,1.88
2011.07.12 07:51:31.734,0.95257,0.95273,1.88,1.13
2011.07.12 07:51:32.284,0.95257,0.95272,1.88,1.13
2011.07.12 07:51:33.604,0.95252,0.95271,1.36,1.13
2011.07.12 07:51:33.825,0.95252,0.95271,1.13,1.13
2011.07.12 07:51:33.935,0.95253,0.95272,1.13,1.13
2011.07.12 07:51:34.266,0.95258,0.95279,1.13,2.63
2011.07.12 07:51:34.375,0.95256,0.95277,2.48,1.50
2011.07.12 07:51:35.696,0.95258,0.9528,1.13,1.13
2011.07.12 07:51:36.027,0.9526,0.95284,1.88,1.88
2011.07.12 07:51:36.358,0.95266,0.95285,1.13,1.50
2011.07.12 07:51:36.479,0.95266,0.95289,3.00,1.88
2011.07.12 07:51:36.595,0.95266,0.95289,3.60,1.88
2011.07.12 07:51:37.478,0.95269,0.95288,1.13,1.13
2011.07.12 07:51:37.927,0.95272,0.95291,1.51,2.25
2011.07.12 07:51:38.257,0.95281,0.95302,1.73,4.50
2011.07.12 07:51:38.366,0.95281,0.95302,1.73,1.13
2011.07.12 07:51:38.478,0.95282,0.95304,1.13,1.13
2011.07.12 07:51:38.707,0.9529,0.9531,1.13,2.63
2011.07.12 07:51:38.814,0.9529,0.9531,1.13,1.88
2011.07.12 07:51:38.926,0.95288,0.9531,1.35,1.88
2011.07.12 07:51:39.653,0.95289,0.95309,1.13,1.13
2011.07.12 07:51:39.775,0.95292,0.95313,1.13,3.00
2011.07.12 07:51:39.995,0.95297,0.95316,1.13,1.50
2011.07.12 07:51:40.109,0.95297,0.95316,1.13,1.50
2011.07.12 07:51:40.336,0.953,0.95321,1.13,1.13
2011.07.12 07:51:41.054,0.95301,0.95321,1.13,1.88
2011.07.12 07:51:41.605,0.95301,0.95322,1.13,1.88
2011.07.12 07:51:42.047,0.95299,0.95321,1.73,2.63
2011.07.12 07:51:42.374,0.95299,0.95321,1.13,3.38
2011.07.12 07:51:42.937,0.953,0.95321,1.13,1.88
2011.07.12 07:51:43.160,0.953,0.95321,1.13,1.50
2011.07.12 07:51:43.389,0.95302,0.95324,1.73,1.13
2011.07.12 07:51:43.614,0.95306,0.95324,1.88,1.13
2011.07.12 07:51:43.945,0.95301,0.9532,1.13,1.13
2011.07.12 07:51:44.274,0.953,0.9532,1.88,1.13
2011.07.12 07:51:45.134,0.953,0.95321,1.88,1.13
2011.07.12 07:51:47.256,0.953,0.95322,1.13,1.13
2011.07.12 07:51:47.474,0.953,0.9532,1.13,1.13
2011.07.12 07:51:47.805,0.95301,0.95321,1.13,1.50
2011.07.12 07:51:47.917,0.95301,0.95321,1.13,1.50
2011.07.12 07:51:48.134,0.95302,0.95323,1.13,1.88
2011.07.12 07:51:48.244,0.95302,0.95323,1.50,1.88
2011.07.12 07:51:48.575,0.95299,0.9532,3.00,1.13
2011.07.12 07:51:48.793,0.95299,0.9532,2.63,1.13
2011.07.12 07:51:49.345,0.95301,0.95322,1.50,1.50
2011.07.12 07:51:49.565,0.95301,0.95323,2.86,3.38
2011.07.12 07:51:49.675,0.95303,0.95323,2.10,3.38
2011.07.12 07:51:50.036,0.95308,0.95328,1.13,1.88
2011.07.12 07:51:50.584,0.95311,0.95329,1.13,1.50
2011.07.12 07:51:50.805,0.95311,0.95329,1.13,1.50
2011.07.12 07:51:51.245,0.9531,0.95329,1.13,1.50
2011.07.12 07:51:51.796,0.95311,0.95329,1.13,1.50
2011.07.12 07:51:52.236,0.95307,0.95327,3.60,1.13
2011.07.12 07:51:52.456,0.95307,0.95326,2.25,1.50
2011.07.12 07:51:52.895,0.95305,0.95324,1.50,1.50
2011.07.12 07:51:53.224,0.95306,0.95322,2.63,1.50
2011.07.12 07:51:53.576,0.95306,0.95322,1.88,1.50
2011.07.12 07:51:53.692,0.95306,0.95325,2.25,1.50
2011.07.12 07:51:54.248,0.95306,0.95323,1.88,1.13
2011.07.12 07:51:54.589,0.95306,0.95323,1.88,2.25
2011.07.12 07:51:54.709,0.95296,0.95317,2.63,1.13
2011.07.12 07:51:54.936,0.95294,0.95315,1.13,1.50
2011.07.12 07:51:55.049,0.95292,0.95315,1.88,1.88
2011.07.12 07:51:55.276,0.95297,0.95316,2.25,1.13
2011.07.12 07:51:55.495,0.95297,0.95317,2.25,1.50
2011.07.12 07:51:55.606,0.95299,0.9532,1.13,1.13
2011.07.12 07:51:55.717,0.95301,0.9532,2.48,1.13
2011.07.12 07:51:56.181,0.95304,0.95324,2.10,1.13
2011.07.12 07:51:56.301,0.95307,0.95327,2.25,2.25
2011.07.12 07:51:57.185,0.95307,0.95325,1.88,1.13
2011.07.12 07:51:57.518,0.95307,0.95325,1.88,1.50
2011.07.12 07:51:58.075,0.95307,0.95321,1.88,1.13
2011.07.12 07:51:58.297,0.95299,0.95318,1.13,1.13
2011.07.12 07:51:58.736,0.953,0.95318,1.13,1.13
2011.07.12 07:51:58.955,0.95298,0.95318,1.13,1.13
2011.07.12 07:51:59.487,0.95298,0.95319,1.13,1.13
2011.07.12 07:52:00.150,0.95297,0.9532,1.50,1.13
2011.07.12 07:52:00.488,0.95306,0.95324,1.51,1.88
2011.07.12 07:52:00.920,0.95316,0.95337,2.10,2.63
2011.07.12 07:52:01.096,0.95318,0.95341,1.13,3.23
2011.07.12 07:52:01.324,0.95316,0.95336,3.00,1.50
2011.07.12 07:52:01.656,0.95314,0.95335,3.00,1.13
2011.07.12 07:52:02.416,0.95316,0.95334,2.25,1.50
2011.07.12 07:52:02.636,0.95316,0.95334,2.25,1.50
2011.07.12 07:52:03.077,0.95316,0.95334,2.25,1.50
2011.07.12 07:52:03.625,0.95316,0.95335,2.85,1.50
2011.07.12 07:52:03.735,0.95316,0.95335,3.00,1.50
2011.07.12 07:52:03.955,0.95316,0.95335,1.88,1.13
2011.07.12 07:52:04.067,0.95316,0.95335,1.88,1.13
2011.07.12 07:52:04.615,0.95316,0.95333,1.88,1.13
2011.07.12 07:52:04.724,0.95316,0.95335,2.25,1.13
2011.07.12 07:52:05.275,0.95316,0.95333,1.88,1.13
2011.07.12 07:52:05.845,0.95316,0.95336,2.25,1.50
2011.07.12 07:52:06.285,0.95316,0.95336,2.25,1.50
2011.07.12 07:52:06.834,0.95316,0.95335,2.25,1.13
2011.07.12 07:52:07.623,0.95316,0.95334,2.25,1.13
2011.07.12 07:52:07.954,0.95316,0.95334,2.25,1.13
2011.07.12 07:52:09.448,0.95316,0.95333,1.88,1.13
2011.07.12 07:52:09.785,0.9531,0.95332,1.13,1.13
2011.07.12 07:52:10.007,0.95309,0.95331,1.88,1.88
2011.07.12 07:52:11.435,0.95309,0.95331,1.88,1.88
2011.07.12 07:52:11.985,0.95307,0.95325,1.88,1.13
2011.07.12 07:52:12.205,0.95305,0.95325,1.88,1.13
2011.07.12 07:52:12.317,0.95304,0.95325,1.51,1.13
2011.07.12 07:52:12.755,0.95304,0.95324,1.13,3.38
2011.07.12 07:52:12.867,0.95304,0.95323,1.13,1.35
2011.07.12 07:52:12.975,0.95301,0.95321,1.13,1.13
2011.07.12 07:52:13.385,0.95306,0.95321,1.50,1.88
2011.07.12 07:52:15.146,0.95306,0.95321,1.50,1.13
2011.07.12 07:52:15.733,0.95306,0.95321,1.50,1.88
2011.07.12 07:52:16.187,0.95299,0.95316,2.25,1.13
2011.07.12 07:52:16.722,0.953,0.95321,1.13,1.13
2011.07.12 07:52:16.836,0.95301,0.95321,1.13,1.13
2011.07.12 07:52:17.496,0.95301,0.95322,1.88,2.48
2011.07.12 07:52:17.827,0.95302,0.95323,1.50,2.10
2011.07.12 07:52:17.940,0.95303,0.95322,1.13,1.13
2011.07.12 07:52:18.166,0.95301,0.95322,2.25,1.13
2011.07.12 07:52:18.385,0.95298,0.95321,4.51,1.50
2011.07.12 07:52:18.606,0.95298,0.9532,2.63,1.13
2011.07.12 07:52:19.173,0.95299,0.95319,1.88,1.88
2011.07.12 07:52:19.725,0.95298,0.95322,3.23,1.50
2011.07.12 07:52:20.055,0.95299,0.95322,3.98,1.88
2011.07.12 07:52:20.607,0.95299,0.95322,2.10,1.50
2011.07.12 07:52:20.717,0.953,0.95322,1.35,1.50
2011.07.12 07:52:20.831,0.95304,0.95324,2.48,4.13
2011.07.12 07:52:21.439,0.953,0.95325,1.51,1.13
2011.07.12 07:52:21.563,0.95308,0.9533,4.88,1.50
2011.07.12 07:52:21.677,0.95311,0.95332,1.35,1.50
2011.07.12 07:52:21.786,0.95314,0.95334,1.13,2.63
2011.07.12 07:52:22.006,0.95316,0.95334,2.85,1.88
2011.07.12 07:52:22.335,0.95316,0.95324,1.35,1.88
2011.07.12 07:52:22.447,0.95317,0.95335,2.25,1.88
2011.07.12 07:52:22.555,0.95317,0.95334,1.88,1.13
2011.07.12 07:52:22.885,0.95325,0.95346,1.51,3.00
2011.07.12 07:52:23.108,0.95329,0.95347,1.13,1.88
2011.07.12 07:52:23.446,0.95328,0.95347,1.88,2.63
2011.07.12 07:52:23.942,0.95322,0.95344,1.88,2.48
2011.07.12 07:52:24.278,0.95319,0.95343,2.63,3.75
2011.07.12 07:52:24.727,0.95321,0.95332,1.50,2.48
2011.07.12 07:52:24.836,0.95321,0.95334,1.50,1.13
2011.07.12 07:52:25.054,0.95318,0.95333,1.50,3.00
2011.07.12 07:52:25.165,0.95322,0.95336,1.50,1.50
2011.07.12 07:52:25.385,0.95314,0.95336,4.13,1.50
2011.07.12 07:52:26.731,0.9532,0.9534,1.50,1.35
2011.07.12 07:52:26.850,0.95317,0.95337,3.38,1.13
2011.07.12 07:52:27.079,0.95316,0.95334,1.50,1.50
2011.07.12 07:52:27.416,0.95317,0.95334,1.88,1.50
2011.07.12 07:52:27.966,0.95316,0.95335,1.88,1.13
2011.07.12 07:52:28.516,0.95314,0.95335,3.01,1.13
2011.07.12 07:52:28.737,0.95314,0.95335,2.11,1.13
2011.07.12 07:52:29.274,0.9532,0.95337,1.35,1.50
2011.07.12 07:52:29.393,0.95334,0.95352,1.13,1.13
2011.07.12 07:52:29.616,0.95336,0.95354,1.88,1.13
2011.07.12 07:52:30.058,0.95336,0.95356,2.26,1.13
2011.07.12 07:52:30.400,0.95336,0.95356,1.88,1.13
2011.07.12 07:52:30.630,0.95333,0.95353,1.13,1.13
2011.07.12 07:52:30.858,0.95331,0.9535,1.13,1.13
2011.07.12 07:52:30.977,0.95326,0.95347,4.36,1.13
2011.07.12 07:52:31.088,0.95326,0.95343,1.88,1.13
2011.07.12 07:52:31.426,0.95326,0.95341,1.88,1.13
2011.07.12 07:52:32.081,0.95321,0.9534,1.51,1.13
2011.07.12 07:52:32.418,0.95318,0.95338,1.13,1.13
2011.07.12 07:52:32.542,0.95316,0.95337,2.25,1.35
2011.07.12 07:52:32.656,0.95316,0.95335,1.88,1.13
2011.07.12 07:52:32.986,0.95312,0.95335,1.51,1.13
2011.07.12 07:52:33.096,0.95313,0.95335,1.51,1.13
2011.07.12 07:52:33.756,0.95317,0.95333,1.88,1.13
2011.07.12 07:52:34.415,0.95314,0.95333,1.50,2.10
2011.07.12 07:52:34.857,0.95314,0.95334,1.13,1.50
2011.07.12 07:52:34.970,0.95316,0.95335,2.26,1.13
2011.07.12 07:52:35.305,0.95317,0.95337,1.51,1.88
2011.07.12 07:52:35.417,0.95316,0.95337,2.63,1.88
2011.07.12 07:52:35.746,0.95317,0.95337,1.88,1.88
2011.07.12 07:52:35.855,0.95319,0.95337,1.13,1.13
2011.07.12 07:52:36.075,0.95318,0.95339,1.13,1.88
2011.07.12 07:52:36.350,0.95318,0.95339,1.50,1.50
2011.07.12 07:52:36.578,0.95323,0.95342,1.13,1.88
2011.07.12 07:52:36.807,0.95319,0.95342,2.26,1.88
2011.07.12 07:52:37.339,0.95319,0.95339,1.13,1.13
2011.07.12 07:52:37.468,0.95313,0.95335,2.26,1.35
2011.07.12 07:52:37.806,0.95319,0.95338,1.13,2.25
2011.07.12 07:52:38.136,0.9532,0.95343,2.11,1.13
2011.07.12 07:52:38.356,0.95323,0.95344,2.63,1.13
2011.07.12 07:52:38.468,0.95326,0.95347,1.13,1.50
2011.07.12 07:52:38.586,0.95327,0.95348,1.13,1.13
2011.07.12 07:52:38.806,0.95326,0.95345,1.88,1.13
2011.07.12 07:52:40.062,0.95326,0.95343,1.88,1.35
2011.07.12 07:52:40.397,0.95317,0.95334,2.63,1.13
2011.07.12 07:52:40.509,0.95317,0.95333,1.88,1.88
2011.07.12 07:52:40.844,0.95313,0.95333,1.50,1.88
2011.07.12 07:52:41.395,0.95314,0.95333,1.50,1.88
2011.07.12 07:52:41.725,0.95317,0.95335,2.25,1.50
2011.07.12 07:52:41.948,0.95317,0.95337,3.00,1.13
2011.07.12 07:52:42.176,0.95317,0.95339,2.25,1.88
2011.07.12 07:52:42.395,0.95319,0.9534,1.13,1.13
2011.07.12 07:52:42.757,0.95327,0.95339,1.88,1.13
2011.07.12 07:52:43.194,0.95321,0.95342,1.13,1.50
2011.07.12 07:52:43.745,0.95319,0.95341,2.26,1.50
2011.07.12 07:52:43.854,0.95319,0.9534,1.88,1.13
2011.07.12 07:52:43.966,0.95319,0.95341,1.51,1.50
2011.07.12 07:52:44.184,0.95321,0.95341,1.13,1.88
2011.07.12 07:52:44.772,0.95321,0.95342,1.13,1.88
2011.07.12 07:52:45.327,0.95321,0.95342,1.13,1.50
2011.07.12 07:52:45.759,0.95323,0.95344,1.51,1.13
2011.07.12 07:52:46.210,0.95333,0.95348,4.35,2.25
2011.07.12 07:52:46.439,0.95339,0.95363,1.51,2.58
2011.07.12 07:52:46.558,0.95342,0.95367,1.36,3.00
2011.07.12 07:52:46.896,0.95355,0.95371,1.50,2.25
2011.07.12 07:52:47.120,0.95356,0.95375,1.50,1.50
2011.07.12 07:52:47.347,0.95356,0.95376,1.51,2.25
2011.07.12 07:52:47.676,0.95358,0.95376,1.50,3.00
2011.07.12 07:52:47.785,0.95358,0.95376,1.50,3.00
2011.07.12 07:52:48.353,0.95359,0.95373,1.50,2.48
2011.07.12 07:52:48.471,0.95353,0.95371,1.50,1.35
2011.07.12 07:52:48.587,0.95356,0.95371,1.50,1.35
2011.07.12 07:52:48.917,0.95361,0.95378,1.50,1.88
2011.07.12 07:52:49.468,0.95362,0.95379,1.50,1.35
2011.07.12 07:52:49.810,0.95363,0.95379,1.50,2.10
2011.07.12 07:52:49.927,0.95363,0.9538,1.50,1.35
2011.07.12 07:52:50.366,0.95362,0.95383,1.50,1.50
2011.07.12 07:52:50.839,0.95361,0.95381,1.51,1.35
2011.07.12 07:52:50.959,0.95359,0.9538,1.51,1.88
2011.07.12 07:52:51.083,0.95357,0.95374,1.50,1.35
2011.07.12 07:52:51.199,0.95354,0.95374,1.50,2.10
2011.07.12 07:52:51.318,0.95354,0.95374,1.50,3.98
2011.07.12 07:52:52.024,0.95354,0.95373,1.50,1.50
2011.07.12 07:52:52.244,0.95353,0.95373,1.50,1.50
2011.07.12 07:52:52.465,0.95354,0.95373,1.50,1.50
2011.07.12 07:52:52.577,0.95362,0.95376,1.50,1.50
2011.07.12 07:52:52.685,0.95362,0.95381,1.50,1.50
2011.07.12 07:52:53.926,0.95363,0.95383,1.50,2.85
2011.07.12 07:52:54.474,0.95363,0.95383,1.50,2.10
2011.07.12 07:52:55.245,0.95362,0.95383,1.50,3.98
2011.07.12 07:52:55.465,0.95363,0.95383,1.50,3.38
2011.07.12 07:52:56.018,0.95362,0.95383,1.50,1.50
2011.07.12 07:52:56.478,0.95361,0.9538,1.50,1.50
2011.07.12 07:52:56.916,0.95361,0.95376,1.50,1.50
2011.07.12 07:52:57.796,0.9536,0.95379,1.50,1.50
2011.07.12 07:52:57.910,0.95357,0.95376,3.38,1.13
2011.07.12 07:52:58.245,0.95352,0.95369,1.50,1.13
2011.07.12 07:52:58.355,0.95352,0.95371,2.25,1.13
2011.07.12 07:52:58.464,0.95352,0.95374,2.25,1.88
2011.07.12 07:52:58.576,0.95356,0.95373,1.50,1.13
2011.07.12 07:52:59.327,0.95356,0.95376,3.38,2.25
2011.07.12 07:52:59.550,0.95357,0.95379,1.50,1.73
2011.07.12 07:52:59.665,0.95357,0.95379,1.50,1.73
2011.07.12 07:53:00.545,0.95355,0.95379,1.88,2.10
2011.07.12 07:53:00.766,0.95357,0.95379,1.13,1.35
2011.07.12 07:53:01.345,0.95357,0.95377,2.63,1.50
2011.07.12 07:53:01.676,0.95354,0.95374,1.13,1.35
2011.07.12 07:53:02.153,0.95361,0.9538,1.50,1.50
2011.07.12 07:53:02.820,0.95357,0.95379,1.88,1.50
2011.07.12 07:53:02.936,0.95357,0.95379,1.88,1.50
2011.07.12 07:53:03.159,0.95357,0.95378,1.88,1.35
2011.07.12 07:53:03.277,0.95357,0.95375,1.88,1.35
2011.07.12 07:53:03.501,0.95347,0.95366,2.25,1.13
2011.07.12 07:53:03.618,0.95343,0.95364,1.88,1.13
2011.07.12 07:53:04.128,0.95347,0.95366,2.63,2.63
2011.07.12 07:53:04.249,0.95347,0.9537,1.13,1.13
2011.07.12 07:53:04.370,0.95347,0.9537,1.13,1.13
2011.07.12 07:53:04.597,0.95349,0.95367,1.50,1.88
2011.07.12 07:53:04.928,0.9535,0.9537,1.13,2.25
2011.07.12 07:53:05.155,0.95347,0.9537,3.01,3.00
2011.07.12 07:53:05.598,0.95349,0.95373,1.36,2.63
2011.07.12 07:53:05.716,0.9535,0.95373,2.11,2.63
2011.07.12 07:53:06.315,0.95353,0.95374,1.88,1.13
2011.07.12 07:53:06.432,0.95349,0.9537,1.13,1.13
2011.07.12 07:53:06.548,0.95347,0.95371,3.98,1.13
2011.07.12 07:53:06.671,0.95351,0.95373,1.88,1.13
2011.07.12 07:53:07.226,0.95351,0.95372,1.13,1.13
2011.07.12 07:53:07.666,0.95351,0.95373,1.13,3.00
2011.07.12 07:53:08.544,0.95355,0.95375,2.26,1.13
2011.07.12 07:53:08.767,0.95356,0.95377,1.13,2.63
2011.07.12 07:53:08.988,0.95356,0.95379,1.13,1.50
2011.07.12 07:53:09.107,0.95354,0.95379,1.73,2.25
2011.07.12 07:53:09.437,0.95351,0.95374,2.86,1.13
2011.07.12 07:53:09.655,0.95349,0.95373,1.36,3.38
2011.07.12 07:53:10.316,0.95349,0.9537,1.50,1.50
2011.07.12 07:53:10.536,0.95349,0.95373,2.85,3.38
2011.07.12 07:53:11.081,0.95349,0.95373,1.51,2.63
2011.07.12 07:53:11.529,0.95347,0.95372,2.48,1.50
2011.07.12 07:53:11.976,0.95348,0.95373,1.36,2.63
2011.07.12 07:53:12.196,0.95348,0.95373,2.11,2.63
2011.07.12 07:53:12.636,0.95348,0.95369,1.51,1.35
2011.07.12 07:53:12.968,0.9535,0.95373,1.51,1.35
2011.07.12 07:53:13.325,0.95357,0.95374,1.35,1.13
2011.07.12 07:53:13.549,0.9535,0.95372,1.51,1.35
2011.07.12 07:53:13.669,0.95348,0.95371,2.26,1.35
2011.07.12 07:53:13.787,0.95352,0.95374,2.48,3.38
2011.07.12 07:53:13.896,0.95357,0.95375,1.13,2.25
2011.07.12 07:53:14.009,0.95354,0.95375,1.13,2.85
2011.07.12 07:53:14.347,0.95357,0.95376,3.98,1.50
2011.07.12 07:53:14.566,0.95355,0.95376,2.25,1.50
2011.07.12 07:53:15.005,0.95357,0.95378,1.88,1.50
2011.07.12 07:53:15.976,0.95354,0.95379,1.73,3.38
2011.07.12 07:53:16.308,0.95349,0.95368,2.63,1.50
2011.07.12 07:53:16.535,0.95346,0.95366,1.88,1.50
2011.07.12 07:53:16.977,0.95345,0.95365,1.13,1.50
2011.07.12 07:53:17.525,0.95346,0.95368,2.63,1.50
2011.07.12 07:53:17.892,0.95341,0.95369,4.36,2.25
2011.07.12 07:53:18.009,0.95346,0.95369,1.88,2.25
2011.07.12 07:53:18.348,0.95339,0.95362,1.51,1.73
2011.07.12 07:53:18.467,0.95335,0.95355,3.61,1.50
2011.07.12 07:53:18.686,0.95338,0.9536,1.36,1.50
2011.07.12 07:53:19.126,0.95341,0.95364,1.51,1.13
2011.07.12 07:53:19.346,0.95338,0.95363,1.36,1.50
2011.07.12 07:53:19.676,0.95335,0.95355,1.50,4.50
2011.07.12 07:53:20.510,0.95329,0.95352,3.61,1.50
2011.07.12 07:53:20.939,0.9533,0.95354,1.51,2.63
2011.07.12 07:53:21.170,0.95342,0.95354,4.50,2.63
2011.07.12 07:53:21.289,0.95342,0.9536,1.50,1.88
2011.07.12 07:53:21.407,0.95349,0.95361,4.50,1.88
2011.07.12 07:53:21.518,0.95349,0.95365,4.50,3.75
2011.07.12 07:53:21.638,0.95353,0.95365,4.50,3.75
2011.07.12 07:53:21.756,0.95353,0.95371,4.50,2.25
2011.07.12 07:53:21.977,0.95353,0.95372,4.50,3.00
2011.07.12 07:53:22.085,0.95352,0.95372,3.75,3.00
2011.07.12 07:53:22.307,0.95351,0.95374,1.35,1.13
2011.07.12 07:53:22.747,0.95348,0.95366,4.50,1.50
2011.07.12 07:53:23.324,0.95341,0.95363,1.51,1.50
2011.07.12 07:53:23.436,0.95339,0.9536,3.01,1.50
2011.07.12 07:53:23.547,0.95342,0.9536,4.50,1.50
2011.07.12 07:53:23.878,0.95342,0.95363,5.25,1.50
2011.07.12 07:53:24.585,0.95341,0.95363,1.35,3.75
2011.07.12 07:53:24.698,0.95339,0.95359,3.01,1.50
2011.07.12 07:53:25.037,0.95327,0.95348,2.10,1.50
2011.07.12 07:53:25.147,0.95326,0.9535,3.00,3.38
2011.07.12 07:53:25.367,0.95329,0.95354,1.51,2.63
2011.07.12 07:53:25.834,0.95342,0.95362,1.50,1.88
2011.07.12 07:53:25.950,0.95343,0.95363,1.50,1.88
2011.07.12 07:53:26.067,0.95345,0.95371,1.36,1.50
2011.07.12 07:53:26.395,0.95354,0.95373,2.25,1.88
2011.07.12 07:53:26.506,0.95356,0.95373,1.50,1.88
2011.07.12 07:53:26.947,0.95349,0.95373,3.76,3.38
2011.07.12 07:53:27.166,0.95347,0.95372,4.13,1.50
2011.07.12 07:53:27.391,0.95346,0.95365,2.63,1.50
2011.07.12 07:53:27.838,0.95346,0.9536,1.13,1.50
2011.07.12 07:53:27.958,0.95337,0.95358,2.63,1.50
2011.07.12 07:53:28.286,0.95336,0.95357,2.63,1.50
2011.07.12 07:53:28.645,0.95332,0.95355,3.23,1.50
2011.07.12 07:53:28.757,0.95335,0.95356,1.73,1.50
2011.07.12 07:53:29.416,0.95336,0.95355,1.88,1.50
2011.07.12 07:53:29.635,0.95336,0.95354,1.88,2.25
2011.07.12 07:53:30.079,0.95336,0.95346,1.88,6.00
2011.07.12 07:53:30.202,0.95323,0.95343,1.51,1.13
2011.07.12 07:53:30.321,0.95318,0.95337,4.50,2.25
2011.07.12 07:53:30.547,0.95316,0.95339,2.63,1.50
2011.07.12 07:53:30.768,0.95317,0.95339,2.63,1.50
2011.07.12 07:53:31.327,0.95317,0.95339,2.63,1.50
2011.07.12 07:53:31.879,0.95316,0.95339,1.13,1.50
2011.07.12 07:53:31.999,0.95316,0.95339,1.13,1.50
2011.07.12 07:53:32.555,0.95316,0.9534,2.63,1.50
2011.07.12 07:53:32.886,0.95317,0.9534,2.63,4.35
2011.07.12 07:53:33.107,0.95314,0.95338,3.01,3.75
2011.07.12 07:53:33.324,0.95315,0.95338,1.13,1.50
2011.07.12 07:53:33.895,0.95317,0.95336,1.88,1.50
2011.07.12 07:53:34.587,0.95313,0.95331,1.36,1.88
2011.07.12 07:53:34.699,0.95308,0.95335,2.26,2.10
2011.07.12 07:53:35.256,0.95314,0.95336,1.35,1.50
2011.07.12 07:53:35.368,0.95317,0.95339,1.88,1.50
2011.07.12 07:53:35.926,0.95317,0.95339,2.63,1.50
2011.07.12 07:53:37.376,0.95317,0.95336,1.35,1.50
2011.07.12 07:53:37.598,0.95315,0.95333,2.11,2.63
2011.07.12 07:53:37.707,0.95311,0.9533,1.51,2.48
2011.07.12 07:53:37.816,0.95303,0.9533,6.01,3.98
2011.07.12 07:53:37.925,0.95304,0.95327,2.26,1.50
2011.07.12 07:53:38.257,0.95304,0.95323,1.50,2.63
2011.07.12 07:53:38.596,0.95294,0.95314,2.25,1.50
2011.07.12 07:53:39.036,0.95295,0.95317,2.25,1.50
2011.07.12 07:53:39.255,0.95299,0.95321,1.35,1.50
2011.07.12 07:53:40.385,0.95297,0.95322,1.36,1.50
2011.07.12 07:53:40.824,0.95297,0.95319,1.13,1.35
2011.07.12 07:53:41.375,0.95296,0.9532,2.48,1.50
2011.07.12 07:53:41.927,0.95296,0.95316,1.88,1.35
2011.07.12 07:53:42.036,0.9529,0.95313,1.13,1.13
2011.07.12 07:53:42.457,0.95294,0.95316,1.35,1.50
2011.07.12 07:53:42.571,0.9529,0.95314,1.36,1.13
2011.07.12 07:53:42.907,0.95288,0.95308,2.26,1.88
2011.07.12 07:53:43.247,0.95279,0.95303,2.25,1.35
2011.07.12 07:53:43.359,0.95276,0.95301,4.13,1.35
2011.07.12 07:53:43.476,0.95278,0.95302,3.75,1.35
2011.07.12 07:53:43.588,0.95287,0.95304,2.10,2.63
2011.07.12 07:53:43.928,0.953,0.95305,1.88,1.88
2011.07.12 07:53:44.046,0.953,0.9532,3.01,3.75
2011.07.12 07:53:44.158,0.95302,0.95327,2.63,2.25
2011.07.12 07:53:44.388,0.95308,0.95329,3.38,1.50
2011.07.12 07:53:44.727,0.95313,0.9534,5.48,1.50
2011.07.12 07:53:44.836,0.95317,0.95339,2.63,2.10
2011.07.12 07:53:45.215,0.95305,0.95329,4.51,1.13
2011.07.12 07:53:45.326,0.95305,0.95326,1.51,1.13
2011.07.12 07:53:45.659,0.95303,0.95323,2.63,1.13
2011.07.12 07:53:46.217,0.95302,0.95323,1.51,1.13
2011.07.12 07:53:46.767,0.95303,0.95328,1.36,1.50
2011.07.12 07:53:46.876,0.95308,0.9533,1.88,2.10
2011.07.12 07:53:47.098,0.9531,0.95336,1.36,1.50
2011.07.12 07:53:47.807,0.95317,0.95341,1.51,1.50
2011.07.12 07:53:48.027,0.95317,0.95337,1.51,1.35
2011.07.12 07:53:48.138,0.95316,0.95336,1.13,2.10
2011.07.12 07:53:48.357,0.95314,0.95333,1.50,2.25
2011.07.12 07:53:48.466,0.95308,0.95325,1.51,2.10
2011.07.12 07:53:48.577,0.95307,0.95325,1.13,2.10
2011.07.12 07:53:48.687,0.95304,0.95321,1.51,1.35
2011.07.12 07:53:48.805,0.95299,0.95321,3.01,1.35
2011.07.12 07:53:48.917,0.95299,0.9532,1.13,1.13
2011.07.12 07:53:49.465,0.95297,0.95318,3.01,1.13
2011.07.12 07:53:50.019,0.95296,0.95319,3.23,1.13
2011.07.12 07:53:50.141,0.95299,0.95323,4.13,1.88
2011.07.12 07:53:50.258,0.95302,0.95323,1.13,1.88
2011.07.12 07:53:50.485,0.95306,0.95323,1.88,1.88
2011.07.12 07:53:50.925,0.95306,0.95321,1.88,1.13
2011.07.12 07:53:51.149,0.95299,0.9532,1.13,1.73
2011.07.12 07:53:51.265,0.95297,0.9532,1.50,1.73
2011.07.12 07:53:51.485,0.95297,0.95316,2.63,1.13
2011.07.12 07:53:51.710,0.9529,0.95309,1.51,1.13
2011.07.12 07:53:51.826,0.95286,0.95309,1.13,2.25
2011.07.12 07:53:51.936,0.95285,0.95304,3.00,1.13
2011.07.12 07:53:52.047,0.95283,0.95304,4.13,1.88
2011.07.12 07:53:52.265,0.95287,0.95303,1.88,1.13
2011.07.12 07:53:53.060,0.95287,0.95304,1.88,1.50
2011.07.12 07:53:53.177,0.95282,0.95302,1.51,1.88
2011.07.12 07:53:53.505,0.95277,0.95297,3.38,1.13
2011.07.12 07:53:53.728,0.95277,0.95296,1.88,1.13
2011.07.12 07:53:53.851,0.95277,0.95293,1.88,1.13
2011.07.12 07:53:54.076,0.9527,0.95289,2.26,1.13
2011.07.12 07:53:54.190,0.9527,0.95288,1.51,1.13
2011.07.12 07:53:54.309,0.95269,0.95288,1.50,1.13
2011.07.12 07:53:54.542,0.95268,0.95292,1.51,1.50
2011.07.12 07:53:54.877,0.9527,0.9529,2.11,1.13
2011.07.12 07:53:55.344,0.95276,0.95298,1.36,1.50
2011.07.12 07:53:55.676,0.95277,0.95296,2.63,1.13
2011.07.12 07:53:56.117,0.95279,0.95297,1.13,1.13
2011.07.12 07:53:56.810,0.95277,0.95299,3.01,1.13
2011.07.12 07:53:57.377,0.95278,0.95301,1.73,1.13
2011.07.12 07:53:57.697,0.95277,0.95301,2.63,3.00
2011.07.12 07:53:58.178,0.95276,0.95299,3.61,1.13
2011.07.12 07:53:58.734,0.95279,0.95302,1.88,1.13
2011.07.12 07:53:58.959,0.9528,0.95302,1.13,1.13
2011.07.12 07:53:59.735,0.9528,0.95302,1.13,1.13
2011.07.12 07:54:00.726,0.95282,0.95303,1.73,1.88
2011.07.12 07:54:00.837,0.95283,0.95306,1.13,3.00
2011.07.12 07:54:01.165,0.95294,0.95314,1.73,2.63
2011.07.12 07:54:01.277,0.95294,0.95316,1.73,1.88
2011.07.12 07:54:01.459,0.95298,0.95316,1.13,1.13
2011.07.12 07:54:01.802,0.95296,0.95318,1.88,1.35
2011.07.12 07:54:01.920,0.95293,0.95312,1.13,2.48
2011.07.12 07:54:02.036,0.9529,0.95312,1.51,2.25
2011.07.12 07:54:02.147,0.9529,0.95312,1.51,1.50
2011.07.12 07:54:02.258,0.95286,0.95307,2.63,2.10
2011.07.12 07:54:02.377,0.95286,0.95307,2.63,2.85
2011.07.12 07:54:02.488,0.95286,0.95301,1.88,1.13
2011.07.12 07:54:03.069,0.95282,0.95305,1.51,1.13
2011.07.12 07:54:03.627,0.95286,0.95305,2.63,1.13
2011.07.12 07:54:04.507,0.95286,0.95305,3.00,1.13
2011.07.12 07:54:05.056,0.95286,0.95303,1.88,1.13
2011.07.12 07:54:05.278,0.95286,0.95306,2.25,1.88
2011.07.12 07:54:05.655,0.95286,0.95304,1.88,1.13
2011.07.12 07:54:06.023,0.95284,0.95303,1.35,2.63
2011.07.12 07:54:06.142,0.95277,0.95298,2.86,1.13
2011.07.12 07:54:06.258,0.9528,0.95302,1.73,1.50
2011.07.12 07:54:06.378,0.95284,0.95304,1.13,2.25
2011.07.12 07:54:06.485,0.95284,0.95304,1.13,2.25
2011.07.12 07:54:07.475,0.95284,0.95306,1.50,1.13
2011.07.12 07:54:07.696,0.95287,0.95306,2.25,1.13
2011.07.12 07:54:09.268,0.95287,0.95306,2.25,1.13
2011.07.12 07:54:09.846,0.95287,0.95307,2.25,1.88
2011.07.12 07:54:10.397,0.95287,0.95306,1.88,1.13
2011.07.12 07:54:11.056,0.95287,0.95307,2.25,2.25
2011.07.12 07:54:11.607,0.95287,0.95308,2.25,1.88
2011.07.12 07:54:12.077,0.95289,0.95307,2.10,1.50
2011.07.12 07:54:12.406,0.95292,0.9531,1.13,1.50
2011.07.12 07:54:12.515,0.95292,0.9531,1.13,1.50
2011.07.12 07:54:12.626,0.95291,0.9531,1.50,1.13
2011.07.12 07:54:12.736,0.95291,0.95306,1.50,2.10
2011.07.12 07:54:13.066,0.95285,0.953,1.88,1.88
2011.07.12 07:54:13.178,0.95284,0.953,1.35,1.50
2011.07.12 07:54:13.408,0.95284,0.95303,2.10,1.50
2011.07.12 07:54:14.141,0.95286,0.95306,3.00,1.88
2011.07.12 07:54:14.262,0.95284,0.95303,1.13,1.50
2011.07.12 07:54:14.377,0.95284,0.95301,2.63,1.50
2011.07.12 07:54:14.487,0.95284,0.95302,1.88,1.13
2011.07.12 07:54:14.596,0.95284,0.95303,1.88,1.50
2011.07.12 07:54:14.926,0.95283,0.95303,2.48,1.50
2011.07.12 07:54:15.038,0.95283,0.95303,1.88,1.88
2011.07.12 07:54:15.158,0.95287,0.95303,1.88,1.13
2011.07.12 07:54:15.495,0.95289,0.95305,2.10,2.63
2011.07.12 07:54:15.607,0.95292,0.95308,1.88,1.50
2011.07.12 07:54:15.730,0.95293,0.95312,1.13,1.50
2011.07.12 07:54:16.091,0.95293,0.95314,1.13,1.13
2011.07.12 07:54:16.426,0.95293,0.95312,1.50,1.50
2011.07.12 07:54:16.756,0.95288,0.95308,2.25,1.50
2011.07.12 07:54:16.865,0.95287,0.95305,2.25,1.50
2011.07.12 07:54:16.976,0.95286,0.95302,1.88,1.88
2011.07.12 07:54:17.414,0.95279,0.95301,3.38,1.50
2011.07.12 07:54:17.635,0.9528,0.95299,1.50,1.50
2011.07.12 07:54:17.854,0.9528,0.95301,1.13,1.50
2011.07.12 07:54:19.326,0.95279,0.95299,1.13,1.50
2011.07.12 07:54:19.436,0.95278,0.95299,1.13,1.88
2011.07.12 07:54:19.545,0.95278,0.95298,1.13,1.13
2011.07.12 07:54:20.096,0.95276,0.95296,2.25,2.25
2011.07.12 07:54:20.855,0.95276,0.95297,4.35,1.50
2011.07.12 07:54:21.409,0.95278,0.95298,1.13,2.25
2011.07.12 07:54:21.526,0.95279,0.95298,1.13,1.50
2011.07.12 07:54:21.636,0.95279,0.95299,1.13,1.13
2011.07.12 07:54:22.078,0.95281,0.95303,4.13,1.88
2011.07.12 07:54:22.310,0.95283,0.95303,1.13,1.13
2011.07.12 07:54:22.648,0.9529,0.95309,1.13,2.25
2011.07.12 07:54:23.339,0.95294,0.95314,1.73,1.50
2011.07.12 07:54:24.007,0.95293,0.95313,2.48,1.88
2011.07.12 07:54:24.335,0.95296,0.95315,1.88,1.13
2011.07.12 07:54:24.444,0.95296,0.95316,1.88,1.88
2011.07.12 07:54:24.555,0.95296,0.95316,3.98,1.88
2011.07.12 07:54:24.885,0.95297,0.9532,1.36,1.13
2011.07.12 07:54:25.390,0.95297,0.95319,2.85,1.13
2011.07.12 07:54:25.509,0.95297,0.95318,2.25,1.13
2011.07.12 07:54:25.629,0.95298,0.95321,2.48,1.88
2011.07.12 07:54:26.189,0.95297,0.95317,2.25,1.88
2011.07.12 07:54:26.749,0.95297,0.95316,2.25,2.25
2011.07.12 07:54:27.088,0.95297,0.95318,2.25,1.13
2011.07.12 07:54:27.207,0.95297,0.95319,2.85,1.13
2011.07.12 07:54:27.319,0.95301,0.95319,2.10,1.13
2011.07.12 07:54:27.813,0.95299,0.95322,1.13,1.35
2011.07.12 07:54:27.926,0.95297,0.95319,2.26,1.13
2011.07.12 07:54:28.037,0.95297,0.95319,1.88,2.48
2011.07.12 07:54:28.146,0.95294,0.95313,3.76,1.13
2011.07.12 07:54:28.255,0.9529,0.95313,1.13,1.13
2011.07.12 07:54:28.367,0.95287,0.95307,1.51,1.13
2011.07.12 07:54:28.476,0.95286,0.95305,3.38,1.13
2011.07.12 07:54:28.586,0.95286,0.95303,2.25,1.50
2011.07.12 07:54:28.915,0.95287,0.953,1.88,1.50
2011.07.12 07:54:29.135,0.95287,0.95302,1.88,1.50
2011.07.12 07:54:29.249,0.95287,0.95302,2.25,1.50
2011.07.12 07:54:29.874,0.95293,0.95309,2.85,1.50
2011.07.12 07:54:30.099,0.95295,0.95314,1.73,1.88
2011.07.12 07:54:30.218,0.95295,0.95314,2.10,1.88
2011.07.12 07:54:30.996,0.95298,0.95319,2.85,2.25
2011.07.12 07:54:31.217,0.953,0.95318,1.35,1.50
2011.07.12 07:54:31.550,0.95307,0.95326,1.13,1.50
2011.07.12 07:54:32.106,0.95306,0.95323,1.13,1.88
2011.07.12 07:54:32.481,0.95305,0.95312,1.13,2.10
2011.07.12 07:54:32.607,0.95289,0.95303,1.50,1.50
2011.07.12 07:54:32.830,0.95289,0.95301,1.50,1.50
2011.07.12 07:54:33.170,0.95284,0.95298,1.50,1.13
2011.07.12 07:54:33.287,0.95283,0.95296,1.50,1.50
2011.07.12 07:54:33.506,0.95283,0.95292,1.50,1.13
2011.07.12 07:54:33.616,0.95279,0.95293,1.50,1.50
2011.07.12 07:54:34.057,0.95279,0.95293,1.13,1.50
2011.07.12 07:54:34.168,0.95282,0.95296,1.73,1.50
2011.07.12 07:54:34.287,0.95282,0.95302,1.73,1.50
2011.07.12 07:54:34.398,0.95285,0.95303,2.48,1.13
2011.07.12 07:54:34.887,0.95285,0.95308,5.86,1.88
2011.07.12 07:54:35.325,0.95287,0.95309,1.36,1.13
2011.07.12 07:54:35.767,0.95286,0.95309,2.25,1.88
2011.07.12 07:54:35.880,0.95284,0.95306,1.50,1.50
2011.07.12 07:54:36.217,0.95283,0.95301,1.13,1.13
2011.07.12 07:54:36.949,0.95279,0.95299,3.60,1.13
2011.07.12 07:54:37.297,0.95278,0.95294,1.88,1.50
2011.07.12 07:54:37.625,0.95276,0.95296,1.35,2.63
2011.07.12 07:54:37.849,0.95281,0.95296,2.25,1.50
2011.07.12 07:54:38.189,0.95292,0.95311,1.50,1.50
2011.07.12 07:54:38.308,0.95289,0.95311,2.63,1.88
2011.07.12 07:54:38.603,0.9529,0.95311,1.73,1.13
2011.07.12 07:54:38.719,0.9529,0.9531,1.73,1.50
2011.07.12 07:54:39.187,0.95291,0.95312,1.35,4.50
2011.07.12 07:54:39.399,0.95291,0.9531,4.35,1.13
2011.07.12 07:54:39.516,0.9529,0.9531,1.13,1.13
2011.07.12 07:54:40.069,0.95292,0.95311,1.13,1.13
2011.07.12 07:54:40.188,0.95289,0.9531,5.86,1.50
2011.07.12 07:54:40.416,0.95292,0.95313,1.73,2.63
2011.07.12 07:54:40.528,0.95294,0.95313,1.13,2.25
2011.07.12 07:54:41.086,0.95296,0.95313,2.25,1.50
2011.07.12 07:54:41.197,0.95292,0.9531,1.13,1.13
2011.07.12 07:54:41.307,0.95291,0.95306,1.13,2.25
2011.07.12 07:54:41.860,0.95288,0.95306,1.13,3.00
2011.07.12 07:54:41.981,0.95285,0.95302,1.13,1.50
2011.07.12 07:54:42.097,0.95283,0.953,3.38,1.50
2011.07.12 07:54:42.425,0.95285,0.95298,1.13,1.50
2011.07.12 07:54:42.758,0.95279,0.95298,2.63,1.50
2011.07.12 07:54:42.982,0.95277,0.95295,2.25,1.50
2011.07.12 07:54:43.100,0.95277,0.95292,1.88,1.13
2011.07.12 07:54:43.436,0.95277,0.95288,1.88,1.50
2011.07.12 07:54:44.144,0.95268,0.95285,1.88,1.50
2011.07.12 07:54:44.261,0.95267,0.95281,1.88,1.13
2011.07.12 07:54:44.597,0.95263,0.95279,1.13,2.25
2011.07.12 07:54:44.924,0.95259,0.95279,2.63,2.25
2011.07.12 07:54:45.476,0.95263,0.95279,1.50,1.50
2011.07.12 07:54:45.807,0.95264,0.9528,1.50,1.50
2011.07.12 07:54:45.919,0.95271,0.95283,1.13,3.38
2011.07.12 07:54:46.146,0.95271,0.95287,1.50,1.50
2011.07.12 07:54:46.260,0.95271,0.95287,1.13,1.50
2011.07.12 07:54:46.624,0.95274,0.95293,2.25,2.25
2011.07.12 07:54:46.742,0.95276,0.95296,1.13,1.50
2011.07.12 07:54:46.856,0.95277,0.95296,1.13,1.50
2011.07.12 07:54:47.076,0.95279,0.95296,1.13,1.50
2011.07.12 07:54:47.297,0.95279,0.95293,1.13,1.50
2011.07.12 07:54:47.626,0.9528,0.95296,1.50,2.25
2011.07.12 07:54:47.738,0.95283,0.95298,1.13,1.50
2011.07.12 07:54:47.847,0.95283,0.953,1.13,2.25
2011.07.12 07:54:47.959,0.95283,0.953,1.88,2.25
2011.07.12 07:54:48.515,0.95283,0.953,1.13,2.25
2011.07.12 07:54:49.047,0.9528,0.953,1.13,1.50
2011.07.12 07:54:49.595,0.9528,0.953,1.50,1.50
2011.07.12 07:54:49.926,0.95286,0.95301,1.50,1.50
2011.07.12 07:54:50.036,0.95286,0.95303,1.50,2.25
2011.07.12 07:54:50.586,0.95286,0.95303,2.63,2.63
2011.07.12 07:54:50.695,0.95286,0.95303,1.88,1.88
2011.07.12 07:54:50.805,0.95283,0.95303,1.88,1.13
2011.07.12 07:54:51.026,0.95281,0.953,1.13,1.13
2011.07.12 07:54:51.136,0.9528,0.953,1.13,1.13
2011.07.12 07:54:51.687,0.95281,0.95298,1.50,1.13
2011.07.12 07:54:51.801,0.95279,0.95298,1.13,1.13
2011.07.12 07:54:52.139,0.95281,0.95298,3.00,1.13
2011.07.12 07:54:52.479,0.95286,0.95305,1.13,1.50
2011.07.12 07:54:53.038,0.95286,0.95306,3.00,1.88
2011.07.12 07:54:53.597,0.95287,0.95306,2.63,1.88
2011.07.12 07:54:53.704,0.95287,0.95306,2.63,1.88
2011.07.12 07:54:54.481,0.95287,0.95306,3.00,1.88
2011.07.12 07:54:54.928,0.95287,0.95308,3.00,2.25
2011.07.12 07:54:55.365,0.95293,0.95312,1.13,1.50
2011.07.12 07:54:55.807,0.95293,0.95313,1.13,4.50
2011.07.12 07:54:56.355,0.95295,0.95313,1.50,2.25
2011.07.12 07:54:56.689,0.95304,0.95318,1.13,1.88
2011.07.12 07:54:57.092,0.95308,0.95327,1.88,2.25
2011.07.12 07:54:57.210,0.95308,0.95327,1.13,1.88
2011.07.12 07:54:57.546,0.95307,0.95329,1.13,1.88
2011.07.12 07:54:57.767,0.95307,0.95327,1.13,1.88
2011.07.12 07:54:58.206,0.95306,0.95323,1.88,1.13
2011.07.12 07:54:58.538,0.95298,0.9532,1.51,1.73
2011.07.12 07:54:58.993,0.95297,0.95317,2.25,1.13
2011.07.12 07:54:59.113,0.95297,0.95311,1.88,1.35
2011.07.12 07:54:59.666,0.95291,0.95315,2.63,1.13
2011.07.12 07:55:00.219,0.95297,0.95315,1.88,1.13
2011.07.12 07:55:00.559,0.9529,0.95304,1.51,1.88
2011.07.12 07:55:00.789,0.95284,0.95302,1.88,3.38
2011.07.12 07:55:01.310,0.95286,0.95301,1.88,1.35
2011.07.12 07:55:02.018,0.95286,0.95307,1.88,4.35
2011.07.12 07:55:02.246,0.95286,0.95307,3.00,3.23
2011.07.12 07:55:02.359,0.95286,0.95307,3.00,2.85
2011.07.12 07:55:02.478,0.95289,0.95309,1.13,1.13
2011.07.12 07:55:02.928,0.95293,0.95316,1.13,1.50
2011.07.12 07:55:03.047,0.95294,0.95316,1.13,1.13
2011.07.12 07:55:03.379,0.95304,0.95321,1.13,1.88
2011.07.12 07:55:03.497,0.95305,0.95324,1.13,2.25
2011.07.12 07:55:03.610,0.95306,0.95324,1.73,2.25
2011.07.12 07:55:04.100,0.9531,0.9533,1.13,1.50
2011.07.12 07:55:04.226,0.95306,0.95328,1.50,1.13
2011.07.12 07:55:04.337,0.95306,0.95328,2.63,1.13
2011.07.12 07:55:04.779,0.95306,0.95321,1.88,1.13
2011.07.12 07:55:05.122,0.95301,0.95321,1.13,1.13
2011.07.12 07:55:05.236,0.95299,0.95321,1.13,1.13
2011.07.12 07:55:05.567,0.95302,0.95322,1.13,1.88
2011.07.12 07:55:05.677,0.95302,0.95322,1.13,1.88
2011.07.12 07:55:05.789,0.95303,0.95324,1.13,1.13
2011.07.12 07:55:06.316,0.95303,0.95323,1.13,3.00
2011.07.12 07:55:06.658,0.95298,0.95319,1.88,1.13
2011.07.12 07:55:06.886,0.95298,0.95319,1.13,1.13
2011.07.12 07:55:07.438,0.95296,0.95316,3.01,1.13
2011.07.12 07:55:07.985,0.95296,0.95316,3.01,1.13
2011.07.12 07:55:09.507,0.95297,0.95315,2.63,1.13
2011.07.12 07:55:09.859,0.95297,0.95312,1.88,1.13
2011.07.12 07:55:12.046,0.95296,0.9532,3.01,1.13
2011.07.12 07:55:12.156,0.95296,0.9532,1.51,1.13
2011.07.12 07:55:12.375,0.95299,0.9532,1.13,1.13
2011.07.12 07:55:12.485,0.953,0.9532,1.13,1.13
2011.07.12 07:55:12.832,0.95302,0.9532,1.13,1.73
2011.07.12 07:55:12.947,0.95297,0.9532,3.38,1.73
2011.07.12 07:55:13.057,0.95297,0.95316,2.63,1.13
2011.07.12 07:55:13.495,0.95297,0.95316,1.88,1.13
2011.07.12 07:55:13.605,0.95297,0.95316,1.88,1.13
2011.07.12 07:55:13.936,0.95299,0.95322,1.13,1.50
2011.07.12 07:55:14.045,0.95299,0.95319,1.13,1.13
2011.07.12 07:55:14.157,0.95298,0.95316,1.13,1.35
2011.07.12 07:55:14.374,0.95294,0.95316,2.26,1.35
2011.07.12 07:55:14.818,0.95299,0.9532,1.51,1.35
2011.07.12 07:55:15.174,0.95298,0.9532,2.26,1.35
2011.07.12 07:55:15.753,0.95298,0.95318,1.51,1.35
2011.07.12 07:55:15.979,0.95297,0.95318,1.13,1.35
2011.07.12 07:55:16.647,0.95296,0.95317,3.76,1.35
2011.07.12 07:55:17.198,0.953,0.9532,1.35,1.50
2011.07.12 07:55:17.426,0.95302,0.95322,1.13,1.35
2011.07.12 07:55:17.645,0.95304,0.95327,1.51,2.63
2011.07.12 07:55:17.757,0.95307,0.9533,1.50,3.98
2011.07.12 07:55:18.112,0.95311,0.9533,1.13,1.35
2011.07.12 07:55:18.995,0.95308,0.9533,3.01,1.35
2011.07.12 07:55:19.215,0.95308,0.95327,1.88,1.13
2011.07.12 07:55:20.657,0.95308,0.95327,3.00,1.13
2011.07.12 07:55:20.917,0.9531,0.95331,1.13,2.48
2011.07.12 07:55:21.700,0.95312,0.95333,4.13,2.25
2011.07.12 07:55:21.928,0.95319,0.95334,1.50,1.50
2011.07.12 07:55:22.049,0.95317,0.95336,2.25,1.50
2011.07.12 07:55:22.169,0.95317,0.95337,1.13,3.23
2011.07.12 07:55:22.288,0.95318,0.95337,1.13,2.25
2011.07.12 07:55:22.408,0.95318,0.95339,1.13,1.50
2011.07.12 07:55:22.871,0.95319,0.9534,1.13,2.63
2011.07.12 07:55:23.739,0.95319,0.95339,1.13,1.50
2011.07.12 07:55:24.237,0.95317,0.95338,2.63,1.13
2011.07.12 07:55:24.354,0.95316,0.95332,1.50,1.13
2011.07.12 07:55:24.576,0.95316,0.95335,1.13,2.48
2011.07.12 07:55:25.346,0.95316,0.95336,3.98,1.50
2011.07.12 07:55:25.460,0.95318,0.95339,1.13,1.88
2011.07.12 07:55:25.798,0.95318,0.95338,1.13,1.13
2011.07.12 07:55:26.135,0.95323,0.95346,1.13,1.13
2011.07.12 07:55:26.477,0.95327,0.95346,2.63,1.13
2011.07.12 07:55:26.592,0.95326,0.95344,1.88,1.13
2011.07.12 07:55:27.365,0.95327,0.95343,1.88,1.13
2011.07.12 07:55:27.695,0.95326,0.95343,1.88,1.13
2011.07.12 07:55:28.025,0.95326,0.95344,2.25,1.13
2011.07.12 07:55:28.464,0.95326,0.95346,3.00,1.13
2011.07.12 07:55:28.794,0.95326,0.95346,3.01,1.13
2011.07.12 07:55:28.905,0.95326,0.95346,3.01,1.13
2011.07.12 07:55:29.455,0.95329,0.95347,1.13,1.13
2011.07.12 07:55:29.816,0.95336,0.95347,1.50,1.13
2011.07.12 07:55:30.147,0.95336,0.95347,1.50,1.13
2011.07.12 07:55:30.255,0.95327,0.95347,3.01,1.13
2011.07.12 07:55:30.476,0.95327,0.95347,2.26,1.13
2011.07.12 07:55:31.332,0.95328,0.95347,2.11,1.13
2011.07.12 07:55:31.821,0.95337,0.95358,2.25,1.35
2011.07.12 07:55:32.039,0.95339,0.95356,1.13,1.50
2011.07.12 07:55:33.311,0.95338,0.95361,2.11,1.88
2011.07.12 07:55:33.849,0.95337,0.95361,2.63,1.50
2011.07.12 07:55:34.077,0.95342,0.95362,2.10,1.13
2011.07.12 07:55:34.303,0.95346,0.95366,2.86,1.13
2011.07.12 07:55:34.892,0.95347,0.95368,3.01,1.13
2011.07.12 07:55:35.237,0.95347,0.95365,2.25,1.50
2011.07.12 07:55:35.569,0.95343,0.95365,2.11,1.50
2011.07.12 07:55:35.688,0.95342,0.95361,1.13,1.13
2011.07.12 07:55:35.809,0.95338,0.95354,2.26,1.50
2011.07.12 07:55:36.353,0.95335,0.95358,1.13,1.50
2011.07.12 07:55:36.474,0.95341,0.95363,2.10,2.25
2011.07.12 07:55:36.589,0.95343,0.95363,1.73,1.50
2011.07.12 07:55:36.708,0.95343,0.95363,1.73,1.13
2011.07.12 07:55:36.827,0.95344,0.95368,2.48,1.50
2011.07.12 07:55:36.935,0.95344,0.95368,2.48,1.50
2011.07.12 07:55:37.375,0.95347,0.95366,2.25,1.13
2011.07.12 07:55:37.819,0.95342,0.95363,1.13,1.13
2011.07.12 07:55:37.937,0.9534,0.95362,2.48,1.50
2011.07.12 07:55:38.048,0.95343,0.95362,1.35,1.50
2011.07.12 07:55:38.168,0.95342,0.95367,2.48,1.13
2011.07.12 07:55:38.397,0.95344,0.95367,4.13,1.13
2011.07.12 07:55:39.003,0.9535,0.9537,1.13,1.13
2011.07.12 07:55:39.120,0.9535,0.9537,1.13,1.13
2011.07.12 07:55:39.459,0.9535,0.9537,1.13,1.13
2011.07.12 07:55:39.581,0.95346,0.95366,1.13,1.13
2011.07.12 07:55:39.700,0.9534,0.95357,1.51,2.48
2011.07.12 07:55:39.820,0.95338,0.95355,1.51,1.35
2011.07.12 07:55:39.936,0.95337,0.95351,1.51,2.85
2011.07.12 07:55:40.048,0.95328,0.95346,2.26,1.13
2011.07.12 07:55:40.166,0.95328,0.95346,2.26,1.13
2011.07.12 07:55:40.386,0.95326,0.95346,2.25,1.13
2011.07.12 07:55:40.496,0.95326,0.95346,2.25,1.13
2011.07.12 07:55:40.716,0.95326,0.95346,3.98,1.13
2011.07.12 07:55:40.937,0.95331,0.9535,1.13,1.13
2011.07.12 07:55:41.155,0.95328,0.95354,3.98,3.75
2011.07.12 07:55:41.487,0.95329,0.95349,1.51,1.13
2011.07.12 07:55:41.837,0.95328,0.95347,1.88,1.13
2011.07.12 07:55:41.950,0.95327,0.95347,2.26,1.13
2011.07.12 07:55:42.177,0.95327,0.95349,2.25,1.88
2011.07.12 07:55:42.288,0.95327,0.95349,2.63,1.50
2011.07.12 07:55:42.520,0.95328,0.95351,2.11,1.13
2011.07.12 07:55:42.876,0.95336,0.95352,1.88,1.50
2011.07.12 07:55:43.206,0.9534,0.95355,2.10,1.13
2011.07.12 07:55:43.429,0.95338,0.95359,1.73,1.50
2011.07.12 07:55:43.547,0.95338,0.95359,2.63,1.50
2011.07.12 07:55:43.660,0.95347,0.95358,1.88,1.35
2011.07.12 07:55:44.158,0.95337,0.95345,1.88,1.13
2011.07.12 07:55:44.339,0.95333,0.9534,1.88,1.13
2011.07.12 07:55:44.457,0.9532,0.95339,2.63,1.13
2011.07.12 07:55:44.898,0.9532,0.95342,2.48,1.50
2011.07.12 07:55:45.128,0.95318,0.95338,3.00,1.13
2011.07.12 07:55:45.238,0.95327,0.95339,1.88,1.13
2011.07.12 07:55:45.579,0.95327,0.95343,1.88,1.50
2011.07.12 07:55:45.919,0.95323,0.95345,2.11,1.13
2011.07.12 07:55:46.610,0.95326,0.95342,1.88,1.13
2011.07.12 07:55:46.732,0.95323,0.95339,1.13,1.50
2011.07.12 07:55:47.285,0.95323,0.95339,1.13,1.50
2011.07.12 07:55:47.728,0.95327,0.9534,1.88,1.50
2011.07.12 07:55:48.056,0.95321,0.95338,1.13,1.50
2011.07.12 07:55:48.605,0.95319,0.95336,1.73,1.50
2011.07.12 07:55:49.158,0.95319,0.95336,1.73,1.50
2011.07.12 07:55:49.522,0.95329,0.9535,1.13,1.88
2011.07.12 07:55:49.856,0.95332,0.95348,1.13,1.50
2011.07.12 07:55:50.298,0.95331,0.95351,1.13,1.13
2011.07.12 07:55:50.637,0.95334,0.95351,1.13,1.50
2011.07.12 07:55:50.968,0.95336,0.95352,1.36,1.13
2011.07.12 07:55:51.186,0.95339,0.95355,1.13,1.50
2011.07.12 07:55:51.405,0.95339,0.95355,1.13,1.50
2011.07.12 07:55:51.625,0.95339,0.9536,1.13,1.13
2011.07.12 07:55:51.997,0.9534,0.95363,1.36,2.63
2011.07.12 07:55:52.112,0.95343,0.95363,1.13,2.63
2011.07.12 07:55:52.230,0.95342,0.95363,2.48,2.63
2011.07.12 07:55:52.349,0.95342,0.95364,2.48,1.13
2011.07.12 07:55:53.128,0.95348,0.95368,1.13,1.13
2011.07.12 07:55:53.235,0.95348,0.95368,1.13,1.13
2011.07.12 07:55:53.454,0.95348,0.95368,1.13,1.13
2011.07.12 07:55:53.894,0.95348,0.95368,1.13,1.13
2011.07.12 07:55:54.441,0.95346,0.95367,3.61,1.13
2011.07.12 07:55:55.109,0.95347,0.95369,1.13,1.50
2011.07.12 07:55:55.448,0.95346,0.95365,5.63,1.13
2011.07.12 07:55:55.565,0.95343,0.95365,1.36,1.13
2011.07.12 07:55:56.115,0.95347,0.9536,1.88,1.13
2011.07.12 07:55:56.661,0.95337,0.95351,2.63,1.50
2011.07.12 07:55:56.781,0.95337,0.9535,1.88,2.25
2011.07.12 07:55:57.118,0.95336,0.95351,3.00,1.50
2011.07.12 07:55:57.448,0.95334,0.95349,3.76,1.13
2011.07.12 07:55:57.776,0.9533,0.95347,1.13,1.50
2011.07.12 07:55:57.997,0.9533,0.95348,1.51,1.50
2011.07.12 07:55:58.328,0.95337,0.95352,1.13,1.50
2011.07.12 07:55:58.666,0.95337,0.95355,2.25,1.50
2011.07.12 07:55:58.777,0.95337,0.95355,2.85,1.50
2011.07.12 07:55:59.066,0.95337,0.95355,2.86,1.50
2011.07.12 07:55:59.185,0.95336,0.95353,2.63,1.50
2011.07.12 07:55:59.739,0.95336,0.95353,1.88,1.50
2011.07.12 07:56:00.775,0.95336,0.95353,1.88,1.88
2011.07.12 07:56:01.329,0.95336,0.95351,1.88,1.50
2011.07.12 07:56:01.712,0.95327,0.95348,1.13,2.25
2011.07.12 07:56:02.124,0.95326,0.95345,2.63,1.13
2011.07.12 07:56:02.252,0.95327,0.9534,1.13,1.50
2011.07.12 07:56:02.587,0.95319,0.95338,4.73,1.50
2011.07.12 07:56:02.805,0.95319,0.95337,3.98,1.50
2011.07.12 07:56:03.026,0.95319,0.95339,4.36,1.50
2011.07.12 07:56:03.247,0.95323,0.95339,1.50,1.50
2011.07.12 07:56:04.344,0.95323,0.95341,1.13,1.50
2011.07.12 07:56:05.005,0.95327,0.9534,1.88,1.50
2011.07.12 07:56:05.336,0.95327,0.95341,2.25,1.50
2011.07.12 07:56:05.447,0.95327,0.95345,2.26,2.25
2011.07.12 07:56:05.665,0.95327,0.95345,2.26,1.50
2011.07.12 07:56:05.778,0.95327,0.95346,4.13,1.50
2011.07.12 07:56:05.885,0.95328,0.95347,1.88,1.50
2011.07.12 07:56:05.995,0.95337,0.95348,1.88,1.50
2011.07.12 07:56:06.105,0.95337,0.95349,1.88,1.50
2011.07.12 07:56:06.869,0.95337,0.95348,1.88,1.50
2011.07.12 07:56:07.320,0.95337,0.95347,1.88,1.50
2011.07.12 07:56:07.987,0.95337,0.95345,1.88,1.50
2011.07.12 07:56:08.977,0.95331,0.95347,1.13,2.25
2011.07.12 07:56:09.201,0.95331,0.95349,2.26,1.50
2011.07.12 07:56:09.743,0.95337,0.95353,2.26,1.50
2011.07.12 07:56:10.188,0.95337,0.95353,2.26,1.50
2011.07.12 07:56:10.417,0.95337,0.95352,2.26,1.50
2011.07.12 07:56:10.640,0.95334,0.95352,1.36,1.50
2011.07.12 07:56:11.194,0.95336,0.95351,2.26,1.50
2011.07.12 07:56:11.530,0.95349,0.9536,2.26,2.63
2011.07.12 07:56:11.646,0.95349,0.95359,2.26,1.50
2011.07.12 07:56:11.759,0.95349,0.95366,2.26,1.50
2011.07.12 07:56:11.881,0.95356,0.95371,3.01,2.25
2011.07.12 07:56:12.272,0.95361,0.95377,1.50,1.50
2011.07.12 07:56:12.389,0.95362,0.95379,1.51,1.50
2011.07.12 07:56:12.506,0.95363,0.95383,1.13,1.13
2011.07.12 07:56:12.728,0.95361,0.95383,2.26,1.13
2011.07.12 07:56:12.946,0.95356,0.95377,4.36,1.50
2011.07.12 07:56:13.277,0.95348,0.95374,2.48,1.50
2011.07.12 07:56:13.496,0.95347,0.95365,3.23,1.50
2011.07.12 07:56:13.719,0.95347,0.95369,1.88,1.50
2011.07.12 07:56:14.057,0.9534,0.95363,2.10,1.50
2011.07.12 07:56:14.412,0.95338,0.95363,2.26,1.50
2011.07.12 07:56:14.529,0.95339,0.95363,1.51,1.50
2011.07.12 07:56:14.758,0.9534,0.95364,2.26,2.63
2011.07.12 07:56:15.098,0.95344,0.95365,2.48,1.50
2011.07.12 07:56:15.656,0.95347,0.95359,1.88,1.50
2011.07.12 07:56:16.316,0.95347,0.95362,1.88,1.50
2011.07.12 07:56:16.537,0.95346,0.95362,3.23,1.50
2011.07.12 07:56:16.649,0.95346,0.95367,3.61,1.50
2011.07.12 07:56:17.008,0.95346,0.95368,2.63,1.50
2011.07.12 07:56:17.231,0.95349,0.95368,1.36,1.50
2011.07.12 07:56:17.676,0.95347,0.95368,1.88,1.50
2011.07.12 07:56:17.787,0.95346,0.9536,1.88,1.50
2011.07.12 07:56:18.004,0.95339,0.95359,6.01,1.50
2011.07.12 07:56:18.118,0.95336,0.95356,1.88,1.50
2011.07.12 07:56:18.238,0.95336,0.95351,1.88,2.25
2011.07.12 07:56:18.356,0.95336,0.95349,1.88,1.50
2011.07.12 07:56:18.688,0.95328,0.95348,1.88,3.00
2011.07.12 07:56:19.057,0.95328,0.95344,1.88,1.50
2011.07.12 07:56:19.174,0.95326,0.95341,1.88,2.25
2011.07.12 07:56:19.290,0.95323,0.95338,1.50,1.50
2011.07.12 07:56:19.517,0.95323,0.95338,1.88,1.50
2011.07.12 07:56:19.958,0.95327,0.9534,1.88,2.25
2011.07.12 07:56:20.514,0.95327,0.9534,1.88,1.50
2011.07.12 07:56:20.735,0.95327,0.95343,1.13,1.50
2011.07.12 07:56:21.066,0.95336,0.95356,2.63,1.50
2011.07.12 07:56:21.286,0.95336,0.95356,2.63,1.50
2011.07.12 07:56:21.834,0.95346,0.95357,1.88,1.50
2011.07.12 07:56:22.167,0.95346,0.95357,1.88,1.50
2011.07.12 07:56:22.276,0.9534,0.95357,1.36,1.50
2011.07.12 07:56:22.702,0.95343,0.95363,1.36,2.25
2011.07.12 07:56:22.932,0.95343,0.95365,1.36,1.50
2011.07.12 07:56:23.158,0.95338,0.9536,2.85,1.50
2011.07.12 07:56:23.269,0.95335,0.95356,1.13,1.35
2011.07.12 07:56:23.390,0.95335,0.95354,1.13,1.50
2011.07.12 07:56:23.510,0.95337,0.95354,1.88,1.50
2011.07.12 07:56:23.739,0.95327,0.95345,2.63,1.50
2011.07.12 07:56:23.967,0.95326,0.95341,1.88,1.50
2011.07.12 07:56:24.186,0.95326,0.95339,1.88,1.50
2011.07.12 07:56:24.736,0.95326,0.9534,1.88,1.50
2011.07.12 07:56:25.460,0.95327,0.95341,1.88,2.25
2011.07.12 07:56:26.018,0.95327,0.95339,1.88,1.50
2011.07.12 07:56:26.349,0.95333,0.95354,3.60,1.50
2011.07.12 07:56:26.686,0.95336,0.95357,6.98,1.50
2011.07.12 07:56:27.017,0.95336,0.95358,2.63,1.50
2011.07.12 07:56:27.456,0.95336,0.95352,2.48,1.50
2011.07.12 07:56:27.565,0.95336,0.95352,1.88,1.88
2011.07.12 07:56:28.645,0.95336,0.9535,1.88,2.25
2011.07.12 07:56:29.198,0.95336,0.9535,1.88,1.50
2011.07.12 07:56:29.536,0.95336,0.95346,1.88,1.50
2011.07.12 07:56:30.087,0.95337,0.95347,1.88,1.50
2011.07.12 07:56:30.526,0.95329,0.95348,1.13,2.25
2011.07.12 07:56:30.635,0.95329,0.95348,1.13,2.25
2011.07.12 07:56:31.075,0.95329,0.95345,3.23,1.50
2011.07.12 07:56:31.495,0.95335,0.95347,5.10,1.50
2011.07.12 07:56:31.835,0.95336,0.95355,1.13,1.50
2011.07.12 07:56:32.056,0.95337,0.95355,2.26,1.50
2011.07.12 07:56:32.167,0.95337,0.95353,2.26,1.50
2011.07.12 07:56:32.277,0.95337,0.95352,2.26,1.50
2011.07.12 07:56:32.826,0.95336,0.95353,2.26,1.50
2011.07.12 07:56:33.375,0.95337,0.95353,2.26,2.25
2011.07.12 07:56:33.815,0.95333,0.95352,2.48,1.50
2011.07.12 07:56:33.925,0.95333,0.95352,2.86,1.50
2011.07.12 07:56:34.442,0.95337,0.9535,2.25,2.63
2011.07.12 07:56:34.561,0.95337,0.95349,1.88,1.50
2011.07.12 07:56:34.791,0.95337,0.95343,1.88,2.25
2011.07.12 07:56:34.906,0.95327,0.95341,2.63,1.50
2011.07.12 07:56:35.018,0.95326,0.95336,2.63,2.63
2011.07.12 07:56:35.251,0.95317,0.95334,3.00,1.50
2011.07.12 07:56:35.697,0.95318,0.95336,1.88,2.63
2011.07.12 07:56:35.808,0.95318,0.95336,2.86,1.88
2011.07.12 07:56:36.146,0.95321,0.9534,1.13,3.38
2011.07.12 07:56:36.367,0.9532,0.95338,1.13,2.63
2011.07.12 07:56:36.697,0.9532,0.95334,1.13,1.50
2011.07.12 07:56:37.001,0.95318,0.95336,1.36,1.88
2011.07.12 07:56:37.123,0.95318,0.95337,2.48,2.63
2011.07.12 07:56:37.349,0.95318,0.95338,2.11,1.50
2011.07.12 07:56:37.577,0.95324,0.95341,1.13,1.50
2011.07.12 07:56:37.689,0.9533,0.9535,1.51,1.13
2011.07.12 07:56:37.806,0.95332,0.95351,1.51,1.50
2011.07.12 07:56:37.918,0.95334,0.95355,2.85,1.50
2011.07.12 07:56:38.258,0.95341,0.95361,1.36,1.50
2011.07.12 07:56:38.485,0.95347,0.95361,1.88,1.50
2011.07.12 07:56:38.818,0.95347,0.9536,1.88,1.50
2011.07.12 07:56:39.049,0.95336,0.95353,1.88,1.13
2011.07.12 07:56:39.165,0.95336,0.9535,1.88,1.50
2011.07.12 07:56:39.495,0.95329,0.95348,1.51,1.50
2011.07.12 07:56:39.880,0.95327,0.95346,2.25,3.38
2011.07.12 07:56:39.997,0.95327,0.95343,2.25,1.50
2011.07.12 07:56:40.547,0.95327,0.95344,2.25,4.13
2011.07.12 07:56:40.655,0.95327,0.95344,2.25,4.13
2011.07.12 07:56:41.095,0.95327,0.95344,2.25,4.13
2011.07.12 07:56:41.425,0.95327,0.95344,3.01,1.50
2011.07.12 07:56:42.196,0.95327,0.95337,1.88,1.88
2011.07.12 07:56:42.787,0.95327,0.95339,1.88,1.50
2011.07.12 07:56:43.005,0.95327,0.95343,2.25,3.38
2011.07.12 07:56:43.664,0.95327,0.95342,2.25,1.50
2011.07.12 07:56:43.886,0.95327,0.95342,2.25,3.38
2011.07.12 07:56:44.105,0.95327,0.95345,2.26,3.38
2011.07.12 07:56:44.985,0.95327,0.9534,1.88,1.13
2011.07.12 07:56:45.316,0.95327,0.95336,1.88,1.50
2011.07.12 07:56:45.773,0.95328,0.95345,1.51,1.50
2011.07.12 07:56:46.108,0.95325,0.9534,3.76,1.35
2011.07.12 07:56:46.340,0.95317,0.9533,1.51,1.50
2011.07.12 07:56:46.459,0.95315,0.9533,3.01,1.50
2011.07.12 07:56:46.688,0.95306,0.95318,1.88,1.88
2011.07.12 07:56:46.795,0.95306,0.95317,1.88,1.50
2011.07.12 07:56:47.236,0.95299,0.95319,1.13,1.50
2011.07.12 07:56:47.455,0.95301,0.9532,1.50,3.38
2011.07.12 07:56:48.005,0.95301,0.95319,1.50,1.88
2011.07.12 07:56:48.118,0.95301,0.95317,1.51,1.88
2011.07.12 07:56:48.460,0.95301,0.95319,1.51,2.63
2011.07.12 07:56:48.688,0.95301,0.95319,1.88,1.88
2011.07.12 07:56:48.908,0.95299,0.95318,1.50,3.60
2011.07.12 07:56:49.251,0.95298,0.95316,1.36,1.50
2011.07.12 07:56:49.585,0.95303,0.95318,1.73,2.63
2011.07.12 07:56:50.025,0.95306,0.95321,2.25,1.50
2011.07.12 07:56:50.568,0.95306,0.95316,1.88,1.88
2011.07.12 07:56:50.929,0.95306,0.95322,2.26,2.63
2011.07.12 07:56:51.486,0.95302,0.95322,1.51,2.63
2011.07.12 07:56:51.596,0.95302,0.95322,2.26,1.88
2011.07.12 07:56:51.711,0.95303,0.95316,1.88,4.50
2011.07.12 07:56:51.829,0.95302,0.95319,1.50,1.35
2011.07.12 07:56:52.058,0.95297,0.95321,2.63,2.85
2011.07.12 07:56:52.386,0.95297,0.95315,2.63,2.63
2011.07.12 07:56:52.498,0.95297,0.95313,2.63,2.21
2011.07.12 07:56:52.606,0.95295,0.95311,1.13,1.50
2011.07.12 07:56:52.828,0.95286,0.95309,3.38,1.13
2011.07.12 07:56:52.946,0.95286,0.95304,3.00,1.13
2011.07.12 07:56:53.057,0.95286,0.95301,3.00,1.88
2011.07.12 07:56:53.484,0.95283,0.95299,1.50,1.88
2011.07.12 07:56:54.038,0.95286,0.95302,1.88,1.88
2011.07.12 07:56:54.145,0.95286,0.95299,1.88,1.88
2011.07.12 07:56:54.695,0.95286,0.95298,1.88,1.88
2011.07.12 07:56:55.247,0.95278,0.95298,1.88,2.25
2011.07.12 07:56:55.357,0.95276,0.95293,2.63,2.25
2011.07.12 07:56:55.686,0.95269,0.9529,1.13,1.13
2011.07.12 07:56:55.795,0.9527,0.9529,1.13,1.13
2011.07.12 07:56:56.295,0.95272,0.9529,1.13,1.13
2011.07.12 07:56:57.176,0.95272,0.95285,1.13,1.88
2011.07.12 07:56:57.508,0.95268,0.95286,1.13,1.88
2011.07.12 07:56:57.630,0.95267,0.95283,2.63,1.13
2011.07.12 07:56:57.968,0.95258,0.95273,1.51,1.88
2011.07.12 07:56:58.077,0.95256,0.95273,2.86,1.88
2011.07.12 07:56:58.960,0.95257,0.95273,1.88,2.25
2011.07.12 07:56:59.078,0.95257,0.95269,1.88,1.88
2011.07.12 07:56:59.431,0.95257,0.95273,2.25,2.63
2011.07.12 07:57:00.649,0.95254,0.9527,1.51,1.88
2011.07.12 07:57:00.986,0.95241,0.95259,1.51,2.25
2011.07.12 07:57:01.206,0.95237,0.95257,3.00,2.25
2011.07.12 07:57:01.725,0.95241,0.95256,1.35,1.88
2011.07.12 07:57:02.058,0.95243,0.95259,1.13,1.88
2011.07.12 07:57:02.534,0.95243,0.95257,1.88,2.85
2011.07.12 07:57:02.649,0.95236,0.95255,2.63,1.73
2011.07.12 07:57:02.876,0.95236,0.95249,2.63,2.25
2011.07.12 07:57:03.098,0.95237,0.95249,1.88,2.63
2011.07.12 07:57:03.316,0.95237,0.95251,1.88,1.88
2011.07.12 07:57:03.646,0.95237,0.95249,2.25,1.88
2011.07.12 07:57:03.757,0.95237,0.95256,2.85,1.50
2011.07.12 07:57:03.867,0.95237,0.95256,1.88,1.50
2011.07.12 07:57:04.196,0.95237,0.9525,1.88,1.88
2011.07.12 07:57:05.511,0.95245,0.95254,1.50,1.88
2011.07.12 07:57:05.628,0.95241,0.95255,1.35,2.63
2011.07.12 07:57:05.747,0.95241,0.9526,1.36,1.88
2011.07.12 07:57:05.859,0.9524,0.9526,1.73,1.88
2011.07.12 07:57:06.307,0.95246,0.95258,1.88,1.88
2011.07.12 07:57:06.855,0.95246,0.9526,1.88,1.88
2011.07.12 07:57:07.191,0.95247,0.9526,2.48,1.88
2011.07.12 07:57:07.306,0.95247,0.95267,3.61,1.88
2011.07.12 07:57:07.417,0.95249,0.95268,2.86,1.88
2011.07.12 07:57:07.959,0.95256,0.95272,1.88,1.88
2011.07.12 07:57:08.297,0.95256,0.95271,1.88,1.13
2011.07.12 07:57:08.408,0.95252,0.95271,1.13,2.63
2011.07.12 07:57:08.532,0.95249,0.95267,1.13,1.88
2011.07.12 07:57:08.651,0.95246,0.95267,2.26,1.88
2011.07.12 07:57:08.769,0.95246,0.95261,1.88,1.88
2011.07.12 07:57:09.106,0.95239,0.95255,1.13,1.88
2011.07.12 07:57:09.548,0.95239,0.95254,1.13,2.25
2011.07.12 07:57:09.666,0.95238,0.9525,1.13,1.88
2011.07.12 07:57:10.128,0.95232,0.95239,1.36,1.88
2011.07.12 07:57:10.241,0.95228,0.95249,2.11,2.25
2011.07.12 07:57:10.687,0.95231,0.95249,1.36,2.25
2011.07.12 07:57:10.799,0.9523,0.95249,1.73,2.25
2011.07.12 07:57:10.920,0.95228,0.95246,1.88,2.25
2011.07.12 07:57:11.148,0.95227,0.95243,1.88,1.88
2011.07.12 07:57:11.488,0.95227,0.95243,2.25,1.88
2011.07.12 07:57:11.608,0.95227,0.95246,2.25,2.25
2011.07.12 07:57:11.836,0.95227,0.95245,2.63,1.88
2011.07.12 07:57:12.269,0.95227,0.95246,2.63,2.25
2011.07.12 07:57:12.394,0.95223,0.95244,1.35,1.50
2011.07.12 07:57:12.508,0.95226,0.95242,1.50,2.25
2011.07.12 07:57:12.847,0.95232,0.95241,1.13,1.50
2011.07.12 07:57:12.955,0.95232,0.95252,1.13,5.25
2011.07.12 07:57:13.065,0.95232,0.95252,1.13,5.25
2011.07.12 07:57:13.395,0.95237,0.95252,1.88,4.88
2011.07.12 07:57:13.726,0.95237,0.95251,1.88,1.88
2011.07.12 07:57:14.166,0.95237,0.95251,1.88,3.00
2011.07.12 07:57:14.279,0.95228,0.95248,1.13,1.13
2011.07.12 07:57:14.397,0.95227,0.95247,2.26,1.13
2011.07.12 07:57:14.505,0.95227,0.95246,2.26,1.13
2011.07.12 07:57:14.837,0.95226,0.95243,2.63,1.88
2011.07.12 07:57:15.818,0.95225,0.95244,2.11,1.88
2011.07.12 07:57:16.156,0.95228,0.95246,2.48,1.88
2011.07.12 07:57:16.706,0.95228,0.95246,2.11,1.13
2011.07.12 07:57:16.817,0.95227,0.95246,1.73,1.13
2011.07.12 07:57:17.967,0.95226,0.95247,3.61,1.50
2011.07.12 07:57:18.495,0.95226,0.95247,3.61,1.50
2011.07.12 07:57:18.606,0.95228,0.95247,2.11,1.50
2011.07.12 07:57:19.157,0.95228,0.95247,2.11,1.50
2011.07.12 07:57:19.704,0.95228,0.95247,2.11,1.50
2011.07.12 07:57:20.807,0.95228,0.95248,2.48,1.88
2011.07.12 07:57:20.918,0.95231,0.95248,1.73,1.13
2011.07.12 07:57:21.501,0.95231,0.95249,1.73,1.13
2011.07.12 07:57:22.067,0.95231,0.95249,1.13,1.13
2011.07.12 07:57:22.616,0.95231,0.95248,1.13,1.13
2011.07.12 07:57:24.162,0.95234,0.95254,1.13,1.50
2011.07.12 07:57:24.716,0.95237,0.95254,3.01,1.13
2011.07.12 07:57:24.829,0.95239,0.95255,1.35,1.13
2011.07.12 07:57:25.168,0.95238,0.95256,2.48,1.50
2011.07.12 07:57:25.717,0.95239,0.95256,2.48,1.50
2011.07.12 07:57:26.047,0.95241,0.95256,1.13,1.50
2011.07.12 07:57:26.377,0.95241,0.9526,1.13,1.88
2011.07.12 07:57:27.726,0.95243,0.95259,1.13,1.50
2011.07.12 07:57:27.836,0.95243,0.9526,1.13,1.13
2011.07.12 07:57:29.156,0.95248,0.9526,1.35,1.13
2011.07.12 07:57:29.266,0.95248,0.95261,2.11,1.50
2011.07.12 07:57:29.378,0.9525,0.95265,1.36,1.13
2011.07.12 07:57:30.017,0.95251,0.95269,1.13,1.50
2011.07.12 07:57:30.241,0.95254,0.9527,1.13,1.50
2011.07.12 07:57:30.362,0.95254,0.95272,1.13,3.00
2011.07.12 07:57:30.703,0.95249,0.95269,1.51,1.13
2011.07.12 07:57:31.040,0.95242,0.95259,2.63,1.50
2011.07.12 07:57:31.267,0.95238,0.95252,1.51,1.13
2011.07.12 07:57:31.749,0.95237,0.9525,1.88,1.13
2011.07.12 07:57:31.989,0.95228,0.9525,2.25,2.63
2011.07.12 07:57:32.106,0.95229,0.95248,1.73,1.50
2011.07.12 07:57:32.217,0.95229,0.95249,1.73,1.50
2011.07.12 07:57:32.547,0.95232,0.95249,1.73,1.50
2011.07.12 07:57:32.767,0.95237,0.95255,1.13,1.13
2011.07.12 07:57:32.876,0.95237,0.95257,1.51,2.63
2011.07.12 07:57:33.207,0.95244,0.95261,1.13,3.75
2011.07.12 07:57:33.318,0.95244,0.95259,1.13,1.13
2011.07.12 07:57:33.547,0.95244,0.95259,1.51,1.50
2011.07.12 07:57:34.114,0.95244,0.95261,1.51,1.50
2011.07.12 07:57:34.227,0.95243,0.95261,1.13,4.13
2011.07.12 07:57:34.558,0.95242,0.95261,1.73,2.25
2011.07.12 07:57:35.617,0.95241,0.95261,1.51,1.13
2011.07.12 07:57:35.729,0.95241,0.95257,1.13,1.88
2011.07.12 07:57:35.846,0.95241,0.9526,1.13,1.50
2011.07.12 07:57:36.176,0.95243,0.95261,2.48,2.25
2011.07.12 07:57:36.565,0.95249,0.95264,1.73,1.13
2011.07.12 07:57:36.678,0.95252,0.95267,1.13,1.88
2011.07.12 07:57:36.789,0.95251,0.95267,2.11,2.25
2011.07.12 07:57:37.126,0.95248,0.95266,1.88,1.50
2011.07.12 07:57:37.567,0.95251,0.95266,1.13,3.00
2011.07.12 07:57:38.226,0.95255,0.9527,1.35,1.13
2011.07.12 07:57:38.338,0.95255,0.95271,2.11,2.25
2011.07.12 07:57:38.721,0.95255,0.95272,2.86,2.25
2011.07.12 07:57:39.388,0.95255,0.95273,1.73,2.25
2011.07.12 07:57:39.939,0.95257,0.95273,2.48,2.63
2011.07.12 07:57:40.278,0.95259,0.95277,1.73,1.50
2011.07.12 07:57:40.393,0.95258,0.95275,1.88,1.50
2011.07.12 07:57:40.509,0.95256,0.95275,1.13,1.50
2011.07.12 07:57:41.068,0.95254,0.95273,1.13,2.63
2011.07.12 07:57:41.660,0.95253,0.95273,1.13,3.38
2011.07.12 07:57:41.887,0.95253,0.95269,1.13,1.50
2011.07.12 07:57:42.107,0.95252,0.95272,2.85,1.50
2011.07.12 07:57:42.436,0.95255,0.95273,2.48,1.88
2011.07.12 07:57:42.770,0.95251,0.95267,1.50,1.13
2011.07.12 07:57:42.890,0.95246,0.95264,3.01,1.50
2011.07.12 07:57:43.007,0.95246,0.95264,2.63,4.73
2011.07.12 07:57:43.552,0.9524,0.95258,1.50,1.50
2011.07.12 07:57:43.675,0.95237,0.95253,2.26,1.50
2011.07.12 07:57:43.788,0.95238,0.95256,1.13,1.50
2011.07.12 07:57:43.910,0.95237,0.95255,1.51,1.13
2011.07.12 07:57:44.356,0.95239,0.95255,1.73,1.50
2011.07.12 07:57:44.578,0.9524,0.95258,4.13,1.50
2011.07.12 07:57:44.807,0.95243,0.95262,1.13,1.50
2011.07.12 07:57:45.135,0.95243,0.95261,1.88,1.50
2011.07.12 07:57:45.705,0.95256,0.95273,1.13,1.50
2011.07.12 07:57:45.928,0.9526,0.95279,1.13,1.50
2011.07.12 07:57:46.268,0.95257,0.95276,1.73,1.50
2011.07.12 07:57:46.380,0.95257,0.95276,1.73,1.50
2011.07.12 07:57:46.499,0.95257,0.95277,1.73,2.25
2011.07.12 07:57:46.731,0.95259,0.95279,1.73,1.50
2011.07.12 07:57:46.955,0.95259,0.95279,1.73,1.50
2011.07.12 07:57:47.505,0.95259,0.95279,1.73,1.50
2011.07.12 07:57:48.057,0.95261,0.9528,1.13,2.25
2011.07.12 07:57:48.543,0.95266,0.95284,1.35,2.63
2011.07.12 07:57:48.659,0.95266,0.95284,2.86,1.13
2011.07.12 07:57:48.886,0.95267,0.95286,2.86,1.50
2011.07.12 07:57:48.995,0.95269,0.95284,1.36,1.50
2011.07.12 07:57:49.326,0.95271,0.95289,2.48,1.50
2011.07.12 07:57:49.437,0.95271,0.9529,2.48,1.50
2011.07.12 07:57:49.544,0.95276,0.9529,1.88,1.50
2011.07.12 07:57:49.877,0.95276,0.9529,1.88,2.25
2011.07.12 07:57:51.106,0.95268,0.95284,3.23,1.50
2011.07.12 07:57:51.330,0.95266,0.95283,1.88,2.25
2011.07.12 07:57:51.447,0.95266,0.95281,2.26,1.50
2011.07.12 07:57:51.559,0.95266,0.95281,1.88,1.50
2011.07.12 07:57:52.114,0.95266,0.95281,1.88,2.25
2011.07.12 07:57:53.741,0.95266,0.95284,3.23,1.88
2011.07.12 07:57:53.858,0.95268,0.95284,2.10,1.88
2011.07.12 07:57:53.977,0.95269,0.95287,1.36,1.13
2011.07.12 07:57:54.308,0.95272,0.95289,1.35,1.50
2011.07.12 07:57:54.748,0.95276,0.95292,2.10,1.50
2011.07.12 07:57:54.869,0.95273,0.95288,2.10,1.13
2011.07.12 07:57:54.988,0.95268,0.95284,1.50,1.13
2011.07.12 07:57:55.098,0.95264,0.9528,1.13,1.50
2011.07.12 07:57:55.215,0.95263,0.95279,2.63,1.50
2011.07.12 07:57:55.328,0.95263,0.95272,1.13,1.50
2011.07.12 07:57:55.658,0.95259,0.95271,1.88,1.50
2011.07.12 07:57:55.875,0.95257,0.9527,2.63,1.50
2011.07.12 07:57:56.388,0.95249,0.95268,2.10,1.50
2011.07.12 07:57:56.947,0.95248,0.95267,1.35,1.50
2011.07.12 07:57:57.057,0.95247,0.95266,2.85,2.25
2011.07.12 07:57:57.716,0.95247,0.95264,1.35,1.88
2011.07.12 07:57:58.046,0.95235,0.95252,1.73,1.50
2011.07.12 07:57:58.658,0.95244,0.95259,1.13,1.50
2011.07.12 07:57:58.877,0.95244,0.95263,1.13,1.50
2011.07.12 07:57:58.989,0.95244,0.95263,1.13,1.50
2011.07.12 07:57:59.218,0.95246,0.95263,1.13,1.50
2011.07.12 07:57:59.766,0.95246,0.95263,1.13,1.50
2011.07.12 07:58:00.096,0.95245,0.95263,1.13,1.50
2011.07.12 07:58:00.427,0.95243,0.95263,3.98,1.50
2011.07.12 07:58:00.646,0.95243,0.95263,3.98,1.50
2011.07.12 07:58:01.235,0.95242,0.95261,1.73,1.50
2011.07.12 07:58:01.738,0.95241,0.95263,3.01,2.25
2011.07.12 07:58:02.515,0.95244,0.95261,1.35,1.50
2011.07.12 07:58:02.625,0.95244,0.95261,1.35,1.50
2011.07.12 07:58:03.176,0.9524,0.95261,1.51,1.88
2011.07.12 07:58:03.396,0.95238,0.95257,3.01,1.50
2011.07.12 07:58:03.728,0.95253,0.95263,2.25,1.88
2011.07.12 07:58:04.093,0.95258,0.95276,1.51,2.63
2011.07.12 07:58:04.428,0.95253,0.95269,1.35,1.50
2011.07.12 07:58:04.976,0.95253,0.95269,1.35,1.50
2011.07.12 07:58:05.419,0.95253,0.95269,1.35,1.50
2011.07.12 07:58:05.647,0.95254,0.95273,1.35,1.50
2011.07.12 07:58:06.025,0.95255,0.95272,1.35,1.50
2011.07.12 07:58:06.139,0.95253,0.95272,1.50,2.25
2011.07.12 07:58:06.264,0.95248,0.95264,2.25,1.50
2011.07.12 07:58:06.817,0.95247,0.95262,1.88,1.13
2011.07.12 07:58:06.928,0.95247,0.95263,2.63,1.50
2011.07.12 07:58:07.155,0.95247,0.95263,2.48,1.50
2011.07.12 07:58:09.547,0.95247,0.95264,3.23,2.25
2011.07.12 07:58:09.766,0.95247,0.95265,3.23,2.25
2011.07.12 07:58:09.877,0.95247,0.95265,3.23,2.25
2011.07.12 07:58:10.575,0.95248,0.95265,1.35,2.25
2011.07.12 07:58:11.056,0.95252,0.95265,1.50,1.50
2011.07.12 07:58:11.386,0.95258,0.95275,1.50,3.38
2011.07.12 07:58:11.754,0.95264,0.95275,2.48,1.88
2011.07.12 07:58:12.200,0.95264,0.95283,3.23,2.63
2011.07.12 07:58:12.539,0.95262,0.95281,1.13,1.50
2011.07.12 07:58:12.883,0.95252,0.9526,1.88,1.13
2011.07.12 07:58:13.107,0.95238,0.95257,3.23,1.50
2011.07.12 07:58:13.330,0.95242,0.95262,1.73,1.50
2011.07.12 07:58:13.556,0.9524,0.95259,3.23,1.50
2011.07.12 07:58:14.136,0.95242,0.95261,1.73,4.13
2011.07.12 07:58:14.469,0.95245,0.95264,1.13,1.50
2011.07.12 07:58:14.697,0.95244,0.95262,2.26,1.13
2011.07.12 07:58:15.027,0.95243,0.95259,1.51,1.50
2011.07.12 07:58:15.358,0.95251,0.95259,2.10,2.25
2011.07.12 07:58:15.578,0.95252,0.95272,2.11,3.75
2011.07.12 07:58:15.806,0.95251,0.9527,2.11,1.13
2011.07.12 07:58:15.918,0.95251,0.95267,2.10,1.50
2011.07.12 07:58:16.136,0.95248,0.95267,2.26,1.50
2011.07.12 07:58:16.709,0.95248,0.95266,2.25,1.50
2011.07.12 07:58:17.050,0.95243,0.95261,2.10,1.50
2011.07.12 07:58:17.169,0.95239,0.95263,2.11,1.50
2011.07.12 07:58:17.290,0.95238,0.95255,1.50,1.50
2011.07.12 07:58:17.628,0.95236,0.95255,2.63,1.50
2011.07.12 07:58:17.847,0.95232,0.9525,2.48,1.50
2011.07.12 07:58:17.958,0.95229,0.95246,1.36,1.13
2011.07.12 07:58:18.079,0.95228,0.95245,1.50,1.13
2011.07.12 07:58:18.196,0.95225,0.95242,1.88,1.50
2011.07.12 07:58:18.831,0.95226,0.95242,1.88,1.50
2011.07.12 07:58:19.278,0.95226,0.95243,1.50,1.50
2011.07.12 07:58:19.608,0.95226,0.95244,1.73,2.63
2011.07.12 07:58:19.940,0.9522,0.95236,1.35,1.13
2011.07.12 07:58:20.275,0.95215,0.95232,2.26,1.50
2011.07.12 07:58:20.392,0.95214,0.95234,1.13,2.63
2011.07.12 07:58:20.617,0.95214,0.95234,1.13,3.75
2011.07.12 07:58:21.208,0.95211,0.95227,1.73,1.50
2011.07.12 07:58:21.538,0.95207,0.95225,2.11,1.50
2011.07.12 07:58:21.869,0.95211,0.95229,2.48,1.50
2011.07.12 07:58:21.987,0.9521,0.95231,2.48,2.25
2011.07.12 07:58:22.094,0.95214,0.95231,1.13,2.25
2011.07.12 07:58:22.425,0.95214,0.95231,1.13,1.50
2011.07.12 07:58:22.536,0.95215,0.95233,2.48,1.88
2011.07.12 07:58:22.647,0.95215,0.95233,2.48,1.13
2011.07.12 07:58:23.197,0.95217,0.95237,3.61,1.50
2011.07.12 07:58:23.307,0.9522,0.95237,1.88,1.50
2011.07.12 07:58:23.675,0.9522,0.95239,1.13,1.50
2011.07.12 07:58:23.900,0.95227,0.95238,1.88,1.88
2011.07.12 07:58:24.126,0.95219,0.95236,2.25,1.50
2011.07.12 07:58:24.566,0.95215,0.95233,1.13,1.13
2011.07.12 07:58:24.895,0.95213,0.95231,1.13,1.50
2011.07.12 07:58:25.226,0.95217,0.95232,1.88,2.25
2011.07.12 07:58:25.558,0.95222,0.95237,1.73,1.50
2011.07.12 07:58:25.669,0.95222,0.95241,1.13,3.38
2011.07.12 07:58:25.789,0.95218,0.95238,1.13,1.13
2011.07.12 07:58:25.910,0.95216,0.95236,2.48,1.13
2011.07.12 07:58:26.371,0.95216,0.95233,2.25,1.50
2011.07.12 07:58:26.487,0.95216,0.95233,1.88,1.50
2011.07.12 07:58:27.257,0.95216,0.95233,1.88,2.25
2011.07.12 07:58:27.476,0.95218,0.95238,1.13,1.50
2011.07.12 07:58:27.698,0.95216,0.95228,1.13,1.50
2011.07.12 07:58:27.818,0.95216,0.95234,1.13,2.21
2011.07.12 07:58:28.146,0.95216,0.95234,1.50,1.50
2011.07.12 07:58:28.684,0.95218,0.95239,2.48,1.88
2011.07.12 07:58:29.021,0.9523,0.95249,1.51,1.13
2011.07.12 07:58:29.138,0.95233,0.95251,1.13,1.13
2011.07.12 07:58:29.257,0.95236,0.95251,1.51,1.13
2011.07.12 07:58:29.367,0.95236,0.95256,1.51,1.50
2011.07.12 07:58:29.479,0.95241,0.95259,1.13,1.13
2011.07.12 07:58:30.825,0.95241,0.95259,1.51,1.50
2011.07.12 07:58:31.154,0.95243,0.95261,1.36,2.25
2011.07.12 07:58:31.599,0.95244,0.95263,1.73,2.63
2011.07.12 07:58:32.088,0.95242,0.95262,1.51,1.13
2011.07.12 07:58:32.206,0.95239,0.95258,1.13,1.50
2011.07.12 07:58:32.316,0.95239,0.95257,1.13,1.50
2011.07.12 07:58:32.645,0.95239,0.95257,1.13,1.50
2011.07.12 07:58:33.306,0.95239,0.95257,1.73,1.50
2011.07.12 07:58:33.856,0.95236,0.95258,3.23,1.50
2011.07.12 07:58:34.405,0.95239,0.95257,1.13,1.50
2011.07.12 07:58:35.306,0.95239,0.95257,1.88,1.50
2011.07.12 07:58:35.856,0.95239,0.95258,1.88,1.50
2011.07.12 07:58:36.406,0.95239,0.95259,1.13,1.50
2011.07.12 07:58:36.848,0.95238,0.95257,1.13,1.50
2011.07.12 07:58:37.286,0.95237,0.95252,2.25,1.50
2011.07.12 07:58:37.394,0.95237,0.95252,2.25,1.50
2011.07.12 07:58:37.616,0.95233,0.9525,1.50,1.13
2011.07.12 07:58:38.047,0.95234,0.95245,1.50,1.50
2011.07.12 07:58:38.164,0.95237,0.9525,2.25,1.50
2011.07.12 07:58:38.494,0.9523,0.95251,2.10,2.25
2011.07.12 07:58:38.717,0.95232,0.95251,1.13,2.63
2011.07.12 07:58:38.827,0.95232,0.95249,1.13,1.50
2011.07.12 07:58:39.158,0.95227,0.95244,3.01,1.50
2011.07.12 07:58:39.376,0.95227,0.95245,1.13,1.50
2011.07.12 07:58:39.487,0.95229,0.95246,1.13,1.50
2011.07.12 07:58:40.046,0.95229,0.95247,1.13,1.50
2011.07.12 07:58:40.578,0.95229,0.95246,1.13,1.50
2011.07.12 07:58:41.129,0.95226,0.95246,2.25,2.25
2011.07.12 07:58:41.248,0.95231,0.95246,1.73,1.50
2011.07.12 07:58:41.368,0.95231,0.95249,1.73,1.50
2011.07.12 07:58:42.257,0.95232,0.95251,1.13,2.25
2011.07.12 07:58:42.585,0.95232,0.95251,1.13,2.25
2011.07.12 07:58:43.137,0.95231,0.9525,1.13,2.25
2011.07.12 07:58:44.216,0.95231,0.9525,1.73,1.50
2011.07.12 07:58:44.765,0.95233,0.95251,1.13,1.50
2011.07.12 07:58:45.536,0.95229,0.95249,2.10,1.50
2011.07.12 07:58:47.137,0.95229,0.95248,2.48,1.50
2011.07.12 07:58:47.656,0.9523,0.95249,2.10,1.50
2011.07.12 07:58:48.096,0.95231,0.9525,1.13,1.50
2011.07.12 07:58:48.206,0.95231,0.9525,1.13,1.50
2011.07.12 07:58:50.108,0.95228,0.95242,1.50,1.13
2011.07.12 07:58:50.437,0.95222,0.95241,1.73,1.50
2011.07.12 07:58:52.196,0.95224,0.95241,1.13,1.50
2011.07.12 07:58:53.129,0.95224,0.95241,1.13,1.50
2011.07.12 07:58:55.117,0.95225,0.95244,1.13,4.13
2011.07.12 07:58:55.796,0.95224,0.95243,1.13,1.50
2011.07.12 07:58:55.905,0.95222,0.95242,1.73,1.50
2011.07.12 07:58:56.125,0.95223,0.95242,1.73,2.25
2011.07.12 07:58:56.944,0.9523,0.95248,1.13,1.50
2011.07.12 07:58:58.935,0.95229,0.95248,1.13,1.50
2011.07.12 07:58:59.155,0.95229,0.95246,1.35,1.13
2011.07.12 07:58:59.486,0.95227,0.95246,3.38,2.25
2011.07.12 07:58:59.836,0.95228,0.95246,1.13,1.50
2011.07.12 07:59:00.608,0.95227,0.95247,1.50,2.25
2011.07.12 07:59:00.719,0.95229,0.95248,3.61,1.50
2011.07.12 07:59:00.950,0.95235,0.95252,2.25,1.50
2011.07.12 07:59:01.289,0.95236,0.95255,1.13,1.50
2011.07.12 07:59:01.528,0.95236,0.95256,3.01,1.50
2011.07.12 07:59:01.769,0.95239,0.95257,2.86,1.50
2011.07.12 07:59:01.999,0.95239,0.95258,2.48,1.50
2011.07.12 07:59:02.589,0.95239,0.95258,2.48,1.50
2011.07.12 07:59:03.150,0.95239,0.95257,1.50,2.25
2011.07.12 07:59:03.268,0.95236,0.95257,5.26,2.25
2011.07.12 07:59:04.149,0.95236,0.95257,5.86,1.50
2011.07.12 07:59:04.377,0.95242,0.95261,1.13,1.50
2011.07.12 07:59:04.487,0.95244,0.95263,1.13,1.50
2011.07.12 07:59:04.707,0.95244,0.95266,1.88,1.13
2011.07.12 07:59:05.263,0.95247,0.95265,1.88,1.13
2011.07.12 07:59:05.501,0.95247,0.95269,2.86,1.13
2011.07.12 07:59:05.620,0.95247,0.95269,1.73,1.13
2011.07.12 07:59:05.742,0.9525,0.95271,2.25,2.25
2011.07.12 07:59:05.859,0.95249,0.95269,4.13,1.13
2011.07.12 07:59:06.088,0.95247,0.95269,1.13,1.13
2011.07.12 07:59:06.636,0.95247,0.95269,1.88,1.13
2011.07.12 07:59:07.886,0.95249,0.9527,2.63,1.50
2011.07.12 07:59:08.110,0.95253,0.95274,1.13,2.63
2011.07.12 07:59:08.339,0.95255,0.95273,1.13,2.63
2011.07.12 07:59:08.678,0.95249,0.95273,2.26,1.13
2011.07.12 07:59:09.006,0.95248,0.95271,1.36,1.13
2011.07.12 07:59:09.335,0.95248,0.9527,2.11,1.50
2011.07.12 07:59:09.666,0.95249,0.9527,3.23,1.50
2011.07.12 07:59:10.018,0.95253,0.9527,1.13,1.50
2011.07.12 07:59:10.356,0.95254,0.95276,2.26,2.25
2011.07.12 07:59:10.466,0.95257,0.95276,2.25,2.63
2011.07.12 07:59:10.796,0.95257,0.95272,1.88,1.13
2011.07.12 07:59:11.128,0.95251,0.95274,1.88,3.00
2011.07.12 07:59:11.606,0.95251,0.95274,2.26,2.63
2011.07.12 07:59:12.047,0.95254,0.95274,1.73,2.63
2011.07.12 07:59:12.267,0.95255,0.95274,2.48,1.88
2011.07.12 07:59:12.986,0.95258,0.95274,1.13,1.88
2011.07.12 07:59:13.317,0.95257,0.95278,3.76,1.35
2011.07.12 07:59:13.429,0.95257,0.95276,1.51,1.50
2011.07.12 07:59:13.667,0.95251,0.95271,1.13,1.13
2011.07.12 07:59:13.895,0.95249,0.95271,1.13,1.13
2011.07.12 07:59:16.048,0.95248,0.9527,2.48,1.50
2011.07.12 07:59:16.157,0.95246,0.95268,1.13,1.50
2011.07.12 07:59:16.268,0.95243,0.95263,2.48,1.13
2011.07.12 07:59:16.486,0.95242,0.95263,2.11,1.13
2011.07.12 07:59:16.817,0.9524,0.95263,3.61,3.00
2011.07.12 07:59:18.087,0.95239,0.95262,2.11,1.13
2011.07.12 07:59:18.306,0.95239,0.9526,1.73,1.88
2011.07.12 07:59:18.525,0.95237,0.95257,1.88,1.13
2011.07.12 07:59:19.075,0.95236,0.95254,1.13,2.25
2011.07.12 07:59:19.625,0.95235,0.95254,1.13,2.25
2011.07.12 07:59:20.840,0.95237,0.95254,1.13,1.88
2011.07.12 07:59:20.957,0.95238,0.95254,1.13,1.88
2011.07.12 07:59:21.069,0.95241,0.9526,1.13,1.50
2011.07.12 07:59:21.406,0.95241,0.95262,1.13,1.88
2011.07.12 07:59:21.849,0.95243,0.95263,1.13,1.50
2011.07.12 07:59:22.189,0.95244,0.95263,1.13,1.50
2011.07.12 07:59:22.526,0.95251,0.9527,1.13,2.63
2011.07.12 07:59:23.248,0.9525,0.9527,1.13,1.13
2011.07.12 07:59:24.564,0.95251,0.9527,1.13,1.13
2011.07.12 07:59:25.839,0.95252,0.95273,1.13,3.75
2011.07.12 07:59:25.953,0.95254,0.95273,1.13,3.75
2011.07.12 07:59:26.505,0.95255,0.95275,1.13,2.25
2011.07.12 07:59:26.836,0.95256,0.95277,2.63,1.13
2011.07.12 07:59:27.385,0.95255,0.95276,1.13,1.13
2011.07.12 07:59:27.498,0.95257,0.9528,2.48,3.00
2011.07.12 07:59:27.608,0.95261,0.95281,1.13,1.50
2011.07.12 07:59:27.719,0.95261,0.95283,1.13,3.00
2011.07.12 07:59:27.950,0.95262,0.95284,1.73,1.88
2011.07.12 07:59:28.070,0.95263,0.95284,1.73,2.25
2011.07.12 07:59:28.574,0.95256,0.9528,2.63,1.50
2011.07.12 07:59:28.908,0.95255,0.9527,1.13,1.50
2011.07.12 07:59:29.458,0.95253,0.9527,1.73,1.50
2011.07.12 07:59:29.567,0.95252,0.9527,1.73,1.50
2011.07.12 07:59:29.896,0.95251,0.95267,1.13,1.50
2011.07.12 07:59:30.229,0.95246,0.95262,1.13,1.13
2011.07.12 07:59:30.457,0.95244,0.9526,1.13,1.50
2011.07.12 07:59:30.786,0.95244,0.9526,1.13,1.50
2011.07.12 07:59:31.274,0.95244,0.9526,1.13,1.50
2011.07.12 07:59:31.829,0.95239,0.95258,1.51,1.13
2011.07.12 07:59:31.947,0.95237,0.95258,2.26,1.88
2011.07.12 07:59:32.277,0.95232,0.95252,1.13,2.63
2011.07.12 07:59:32.388,0.95232,0.95248,1.13,1.50
2011.07.12 07:59:33.165,0.95232,0.95248,1.13,1.50
2011.07.12 07:59:35.496,0.95232,0.9525,1.13,2.25
2011.07.12 07:59:35.825,0.95229,0.95248,1.50,1.13
2011.07.12 07:59:36.157,0.95227,0.95239,1.13,1.50
2011.07.12 07:59:36.379,0.95221,0.95237,1.13,1.50
2011.07.12 07:59:36.604,0.95221,0.95237,1.13,1.50
2011.07.12 07:59:39.077,0.95221,0.95237,1.13,1.50
2011.07.12 07:59:39.932,0.95221,0.95237,1.13,1.50
2011.07.12 07:59:40.709,0.95217,0.95232,1.13,1.50
2011.07.12 07:59:41.048,0.95216,0.95229,1.13,1.50
2011.07.12 07:59:41.600,0.95215,0.95232,1.13,1.50
2011.07.12 07:59:41.832,0.95217,0.95232,1.13,1.50
2011.07.12 07:59:42.173,0.95223,0.95233,1.13,1.88
2011.07.12 07:59:42.472,0.95223,0.9524,1.88,1.50
2011.07.12 07:59:42.593,0.95228,0.95244,1.13,1.13
2011.07.12 07:59:43.149,0.95231,0.95247,1.13,1.50
2011.07.12 07:59:43.489,0.95241,0.95253,1.13,1.88
2011.07.12 07:59:43.718,0.95243,0.95259,1.13,1.50
2011.07.12 07:59:43.827,0.95243,0.9526,1.13,1.50
2011.07.12 07:59:43.937,0.95243,0.9526,1.13,1.50
2011.07.12 07:59:44.046,0.95243,0.9526,1.13,1.50
2011.07.12 07:59:44.156,0.95245,0.95261,1.13,1.50
2011.07.12 07:59:44.486,0.95249,0.95264,1.13,2.63
2011.07.12 07:59:44.707,0.95251,0.95266,1.13,1.50
2011.07.12 07:59:44.816,0.95252,0.9527,1.13,1.50
2011.07.12 07:59:45.037,0.95252,0.95267,1.88,1.50
2011.07.12 07:59:46.285,0.95249,0.95267,1.88,1.50
2011.07.12 07:59:46.617,0.95247,0.95262,1.50,1.13
2011.07.12 07:59:46.729,0.95245,0.95262,1.13,1.13
2011.07.12 07:59:46.956,0.9524,0.95259,1.13,2.25
2011.07.12 07:59:47.289,0.95238,0.95257,1.50,1.73
2011.07.12 07:59:47.684,0.95233,0.95248,1.50,1.50
2011.07.12 07:59:48.020,0.95228,0.95244,1.13,1.50
2011.07.12 07:59:48.907,0.95226,0.95244,2.26,1.50
2011.07.12 07:59:49.018,0.95226,0.95244,2.63,1.50
2011.07.12 07:59:49.138,0.95228,0.95248,1.73,1.50
2011.07.12 07:59:49.257,0.95228,0.95247,1.73,1.13
2011.07.12 07:59:49.367,0.95228,0.95245,1.13,1.50
2011.07.12 07:59:50.323,0.9523,0.95246,1.35,1.50
2011.07.12 07:59:50.443,0.95232,0.95251,2.48,1.50
2011.07.12 07:59:50.559,0.95235,0.95254,1.13,1.13
2011.07.12 07:59:50.676,0.95234,0.95254,1.88,1.13
2011.07.12 07:59:50.786,0.95234,0.95255,2.25,2.63
2011.07.12 07:59:50.899,0.95234,0.95255,1.50,2.25
2011.07.12 07:59:51.019,0.95233,0.95252,1.88,1.50
2011.07.12 07:59:51.907,0.95232,0.95251,1.51,1.50
2011.07.12 07:59:52.456,0.95231,0.95249,1.13,1.50
2011.07.12 07:59:56.201,0.9523,0.95249,1.88,1.50
2011.07.12 07:59:56.325,0.95227,0.95243,1.13,1.13
2011.07.12 07:59:56.440,0.95227,0.95242,1.13,1.50
2011.07.12 07:59:56.775,0.95225,0.95242,1.13,1.50
2011.07.12 07:59:57.326,0.95225,0.95242,1.13,1.50
2011.07.12 07:59:57.986,0.95225,0.95239,1.13,1.50
2011.07.12 07:59:58.098,0.9522,0.95238,1.13,1.50
2011.07.12 07:59:58.217,0.9522,0.95238,1.13,1.50
2011.07.12 07:59:58.437,0.95217,0.95236,2.11,1.50
2011.07.12 07:59:58.767,0.95215,0.95235,1.50,1.13
2011.07.12 07:59:59.099,0.95212,0.95232,1.13,1.13
2011.07.12 07:59:59.447,0.95214,0.95234,1.13,3.00
2011.07.12 07:59:59.996,0.95214,0.95234,1.13,2.25
