2008.08.26 11:00:04.946,0.99115,0.9913,6.70,1.00
2008.08.26 11:00:05.510,0.99135,0.9914,1.10,1.00
2008.08.26 11:00:17.881,0.9914,0.9915,1.00,1.00
2008.08.26 11:00:18.221,0.9914,0.9916,1.60,3.70
2008.08.26 11:00:18.896,0.9914,0.9915,1.60,1.00
2008.08.26 11:00:19.372,0.9914,0.9916,1.60,3.70
2008.08.26 11:00:19.612,0.9914,0.9916,1.60,1.00
2008.08.26 11:00:19.748,0.9914,0.9916,1.60,3.70
2008.08.26 11:00:19.884,0.9914,0.9915,1.60,1.00
2008.08.26 11:00:21.320,0.99135,0.9915,3.30,1.00
2008.08.26 11:00:21.440,0.9914,0.9916,1.40,1.80
2008.08.26 11:00:21.560,0.9914,0.9916,2.10,1.00
2008.08.26 11:00:21.964,0.9914,0.9916,1.60,4.00
2008.08.26 11:00:22.252,0.9914,0.9916,1.00,4.00
2008.08.26 11:00:22.540,0.9914,0.9915,1.00,1.00
2008.08.26 11:00:23.120,0.9914,0.9915,1.00,1.80
2008.08.26 11:00:23.708,0.99135,0.9914,1.10,1.00
2008.08.26 11:00:30.996,0.9915,0.99155,1.00,2.00
2008.08.26 11:00:31.720,0.99145,0.9915,1.10,1.00
2008.08.26 11:00:32.308,0.9915,0.99155,1.00,1.20
2008.08.26 11:00:32.849,0.9913,0.9914,8.70,1.00
2008.08.26 11:00:34.460,0.9914,0.99145,1.00,1.10
2008.08.26 11:00:48.287,0.9915,0.99155,1.00,2.00
2008.08.26 11:00:49.233,0.99145,0.9915,1.10,1.00
2008.08.26 11:00:55.237,0.9915,0.9916,1.00,1.80
2008.08.26 11:00:55.303,0.9915,0.9916,1.00,1.00
2008.08.26 11:00:58.316,0.9915,0.99165,1.40,1.20
2008.08.26 11:00:58.992,0.9915,0.9917,1.40,1.80
2008.08.26 11:00:59.172,0.9915,0.9917,2.10,1.00
2008.08.26 11:00:59.352,0.9915,0.9917,1.40,4.00
2008.08.26 11:00:59.532,0.9915,0.9917,1.40,1.80
2008.08.26 11:01:00.204,0.9915,0.9917,2.10,1.00
2008.08.26 11:01:00.628,0.9915,0.9917,1.40,1.40
2008.08.26 11:01:00.772,0.9915,0.9917,1.40,1.80
2008.08.26 11:01:09.039,0.9915,0.9917,1.40,1.40
2008.08.26 11:01:09.245,0.9915,0.9917,2.10,1.00
2008.08.26 11:01:10.044,0.9915,0.9917,2.10,1.80
2008.08.26 11:01:10.236,0.9915,0.9917,6.30,1.80
2008.08.26 11:01:10.720,0.9915,0.9917,6.30,3.70
2008.08.26 11:01:10.820,0.9915,0.9917,2.10,3.70
2008.08.26 11:01:11.216,0.9915,0.9917,1.40,4.00
2008.08.26 11:01:11.516,0.9915,0.99165,1.40,1.20
2008.08.26 11:01:12.150,0.9915,0.99165,1.00,1.20
2008.08.26 11:01:12.752,0.9915,0.9916,1.00,1.00
2008.08.26 11:01:13.248,0.9914,0.9916,2.10,1.00
2008.08.26 11:01:14.700,0.9914,0.9916,1.60,1.00
2008.08.26 11:01:15.196,0.9914,0.9916,1.60,1.40
2008.08.26 11:01:15.276,0.9914,0.9916,1.60,1.80
2008.08.26 11:01:16.120,0.9914,0.9916,1.00,1.80
2008.08.26 11:01:16.686,0.9914,0.9916,1.60,1.00
2008.08.26 11:01:16.760,0.9914,0.9916,1.60,1.00
2008.08.26 11:01:17.751,0.9914,0.9916,1.60,1.80
2008.08.26 11:01:18.681,0.9914,0.9916,1.60,4.00
2008.08.26 11:01:18.950,0.9914,0.9915,1.00,1.20
2008.08.26 11:01:19.217,0.9914,0.99155,1.00,1.20
2008.08.26 11:01:20.424,0.9914,0.9916,1.00,1.40
2008.08.26 11:01:20.537,0.9914,0.9916,1.60,1.00
2008.08.26 11:01:21.049,0.9914,0.9916,2.10,1.00
2008.08.26 11:01:21.780,0.9915,0.9916,1.00,1.00
2008.08.26 11:01:22.131,0.9914,0.9916,6.30,1.00
2008.08.26 11:01:22.251,0.9914,0.9916,6.30,1.80
2008.08.26 11:01:22.602,0.9914,0.9916,2.10,1.80
2008.08.26 11:01:22.954,0.9914,0.9916,1.40,1.80
2008.08.26 11:01:23.294,0.9914,0.9916,1.40,4.00
2008.08.26 11:01:26.441,0.9914,0.9916,1.40,1.80
2008.08.26 11:01:26.504,0.9914,0.99155,1.40,1.20
2008.08.26 11:01:27.628,0.9914,0.99155,1.00,1.20
2008.08.26 11:01:28.252,0.9914,0.99155,1.00,3.50
2008.08.26 11:01:29.237,0.9913,0.9915,2.10,3.70
2008.08.26 11:01:29.378,0.9913,0.9915,2.10,1.00
2008.08.26 11:01:31.960,0.9914,0.9915,1.00,1.00
2008.08.26 11:01:37.024,0.9914,0.9915,1.60,1.00
2008.08.26 11:01:37.200,0.9915,0.99155,1.00,1.10
2008.08.26 11:01:37.876,0.9914,0.9915,1.00,1.00
2008.08.26 11:01:38.328,0.9915,0.99155,1.00,1.10
2008.08.26 11:01:39.004,0.9915,0.9916,1.00,1.80
2008.08.26 11:01:39.344,0.9914,0.9916,6.30,1.80
2008.08.26 11:01:39.433,0.9914,0.9915,5.90,1.00
2008.08.26 11:01:39.860,0.9914,0.9915,7.00,1.00
2008.08.26 11:01:40.037,0.9914,0.99155,6.30,1.20
2008.08.26 11:01:40.534,0.9914,0.9915,5.40,1.00
2008.08.26 11:01:40.778,0.9914,0.9915,8.60,1.00
2008.08.26 11:01:41.033,0.9914,0.9915,3.20,1.80
2008.08.26 11:01:41.273,0.9913,0.9915,9.50,1.80
2008.08.26 11:01:41.510,0.9913,0.9914,9.10,1.00
2008.08.26 11:01:44.430,0.9912,0.9913,30.70,1.00
2008.08.26 11:01:44.720,0.9913,0.9914,8.60,1.00
2008.08.26 11:01:45.224,0.9913,0.9914,8.60,1.80
2008.08.26 11:01:45.859,0.9912,0.9914,11.70,1.80
2008.08.26 11:01:46.025,0.9912,0.9913,7.00,1.00
2008.08.26 11:01:46.533,0.9912,0.9913,1.00,1.00
2008.08.26 11:01:46.772,0.9911,0.9913,2.10,1.00
2008.08.26 11:01:47.012,0.9911,0.99125,6.30,1.20
2008.08.26 11:01:47.488,0.9911,0.99125,1.40,1.20
2008.08.26 11:01:47.728,0.9911,0.99125,6.30,1.20
2008.08.26 11:01:48.407,0.9911,0.9913,6.30,1.80
2008.08.26 11:01:48.744,0.9912,0.9913,1.00,1.80
2008.08.26 11:01:49.423,0.9912,0.99125,1.00,1.00
2008.08.26 11:01:49.762,0.9911,0.99125,1.40,1.20
2008.08.26 11:01:50.605,0.9911,0.9913,1.40,1.80
2008.08.26 11:01:51.081,0.9912,0.9913,1.00,1.20
2008.08.26 11:01:51.436,0.9911,0.99115,1.40,1.20
2008.08.26 11:01:51.616,0.9911,0.99115,1.40,1.00
2008.08.26 11:01:51.796,0.9911,0.99125,1.40,1.20
2008.08.26 11:01:52.524,0.9912,0.99125,1.00,1.20
2008.08.26 11:01:52.708,0.9911,0.9913,2.70,1.00
2008.08.26 11:01:53.384,0.9911,0.9913,2.10,1.30
2008.08.26 11:01:53.732,0.9911,0.9913,2.10,1.00
2008.08.26 11:01:53.952,0.9911,0.9913,2.10,2.00
2008.08.26 11:01:54.172,0.9911,0.9912,1.40,1.00
2008.08.26 11:01:54.392,0.9911,0.9912,1.40,1.20
2008.08.26 11:01:55.160,0.9911,0.99125,1.40,1.20
2008.08.26 11:01:56.628,0.9911,0.99125,1.00,1.20
2008.08.26 11:01:57.516,0.9911,0.9913,1.00,3.30
2008.08.26 11:01:57.712,0.9911,0.9913,1.00,2.40
2008.08.26 11:02:00.184,0.9911,0.9913,1.40,2.40
2008.08.26 11:02:01.602,0.9911,0.9912,1.00,1.00
2008.08.26 11:02:02.292,0.9911,0.9912,1.00,1.80
2008.08.26 11:02:04.556,0.9911,0.9912,1.00,1.40
2008.08.26 11:02:04.605,0.9911,0.9912,1.00,1.00
2008.08.26 11:02:06.356,0.9911,0.9913,1.40,1.80
2008.08.26 11:02:06.902,0.9911,0.9913,2.10,1.00
2008.08.26 11:02:09.551,0.9911,0.9913,2.10,1.00
2008.08.26 11:02:09.756,0.9911,0.9913,1.40,1.80
2008.08.26 11:02:12.220,0.9911,0.9913,1.00,1.80
2008.08.26 11:02:12.356,0.9911,0.9913,2.10,1.70
2008.08.26 11:02:12.409,0.9911,0.9913,2.10,1.30
2008.08.26 11:02:12.456,0.9911,0.9913,2.10,1.00
2008.08.26 11:02:12.592,0.9911,0.9913,4.10,1.00
2008.08.26 11:02:12.689,0.9911,0.9913,4.10,1.00
2008.08.26 11:02:12.780,0.9911,0.9912,3.70,1.00
2008.08.26 11:02:13.233,0.9911,0.9913,2.10,1.00
2008.08.26 11:02:16.477,0.9911,0.9913,1.40,1.40
2008.08.26 11:02:16.561,0.9911,0.9913,1.40,1.80
2008.08.26 11:02:16.884,0.9911,0.9913,1.40,2.40
2008.08.26 11:02:17.320,0.9911,0.9912,1.40,1.00
2008.08.26 11:02:17.507,0.9911,0.9912,1.40,1.20
2008.08.26 11:02:17.860,0.9911,0.99115,1.00,1.20
2008.08.26 11:02:18.040,0.9911,0.99115,1.00,1.00
2008.08.26 11:02:18.377,0.9911,0.9912,1.40,1.20
2008.08.26 11:02:19.488,0.9911,0.99125,1.40,1.20
2008.08.26 11:02:19.704,0.9911,0.99125,1.40,1.70
2008.08.26 11:02:19.922,0.9911,0.9912,1.00,1.80
2008.08.26 11:02:20.456,0.9911,0.99125,1.40,1.00
2008.08.26 11:02:20.781,0.9911,0.9912,1.40,1.20
2008.08.26 11:02:21.696,0.9911,0.9912,1.00,1.80
2008.08.26 11:02:22.476,0.9911,0.9912,1.00,1.00
2008.08.26 11:02:23.872,0.9911,0.99125,1.40,1.20
2008.08.26 11:02:24.380,0.9911,0.9912,1.00,1.00
2008.08.26 11:02:25.205,0.9911,0.9912,5.90,1.00
2008.08.26 11:02:25.319,0.9911,0.9912,7.00,1.00
2008.08.26 11:02:25.465,0.9912,0.99125,1.00,1.10
2008.08.26 11:02:26.020,0.9912,0.9913,1.00,1.80
2008.08.26 11:02:26.500,0.9912,0.9913,1.00,1.40
2008.08.26 11:02:26.808,0.9912,0.9913,1.00,1.00
2008.08.26 11:02:30.468,0.9912,0.9913,1.60,1.00
2008.08.26 11:02:31.350,0.99125,0.9913,1.00,1.00
2008.08.26 11:02:31.504,0.9912,0.9913,1.60,1.00
2008.08.26 11:02:32.212,0.9912,0.9913,1.00,1.00
2008.08.26 11:02:35.155,0.9912,0.9913,1.00,3.70
2008.08.26 11:02:35.245,0.99115,0.9912,1.10,1.40
2008.08.26 11:02:35.367,0.9911,0.9912,1.00,1.40
2008.08.26 11:02:35.596,0.9911,0.9912,1.00,1.80
2008.08.26 11:02:35.680,0.9911,0.9912,1.00,1.00
2008.08.26 11:02:35.785,0.9911,0.9912,1.00,1.40
2008.08.26 11:02:35.887,0.9911,0.9912,1.00,1.80
2008.08.26 11:02:36.592,0.9911,0.9912,1.00,1.00
2008.08.26 11:02:37.132,0.9911,0.9912,1.00,1.80
2008.08.26 11:02:38.296,0.991,0.9912,6.30,1.80
2008.08.26 11:02:38.557,0.991,0.99115,1.40,1.20
2008.08.26 11:02:39.072,0.991,0.99115,1.00,1.20
2008.08.26 11:02:42.442,0.991,0.99115,1.40,1.20
2008.08.26 11:02:43.049,0.991,0.99115,1.00,1.20
2008.08.26 11:02:43.775,0.991,0.99115,1.40,1.20
2008.08.26 11:02:45.339,0.991,0.99115,2.10,1.00
2008.08.26 11:02:45.420,0.991,0.9912,2.10,1.80
2008.08.26 11:02:46.976,0.991,0.99125,2.10,1.20
2008.08.26 11:02:47.157,0.9911,0.99125,1.00,1.20
2008.08.26 11:02:47.439,0.9911,0.9912,1.00,1.00
2008.08.26 11:02:49.194,0.9911,0.99125,1.00,1.20
2008.08.26 11:02:49.784,0.9911,0.99125,1.40,1.20
2008.08.26 11:02:49.984,0.9911,0.9913,1.40,1.80
2008.08.26 11:02:52.295,0.9911,0.99125,1.40,1.00
2008.08.26 11:02:52.412,0.9911,0.99125,1.40,1.20
2008.08.26 11:02:52.532,0.9911,0.9913,1.40,1.80
2008.08.26 11:02:52.652,0.9911,0.9913,1.00,1.80
2008.08.26 11:02:54.128,0.9911,0.9913,2.10,1.30
2008.08.26 11:02:54.692,0.9911,0.9912,1.00,1.00
2008.08.26 11:02:55.252,0.9911,0.9913,1.00,4.00
2008.08.26 11:02:55.903,0.9911,0.9913,1.00,1.80
2008.08.26 11:02:56.848,0.991,0.9912,2.10,1.00
2008.08.26 11:02:58.840,0.991,0.9913,2.10,1.80
2008.08.26 11:02:59.841,0.991,0.9913,2.10,1.40
2008.08.26 11:03:00.172,0.9911,0.9913,1.00,1.30
2008.08.26 11:03:00.232,0.9911,0.9913,1.00,2.00
2008.08.26 11:03:00.404,0.9911,0.99125,1.00,1.00
2008.08.26 11:03:00.464,0.991,0.99125,4.10,1.20
2008.08.26 11:03:00.712,0.9911,0.99125,1.00,1.20
2008.08.26 11:03:00.960,0.9911,0.9912,1.00,1.00
2008.08.26 11:03:01.453,0.9911,0.9913,2.10,3.70
2008.08.26 11:03:01.660,0.9911,0.9913,2.10,1.00
2008.08.26 11:03:01.856,0.9911,0.99135,2.10,1.20
2008.08.26 11:03:02.436,0.9911,0.9913,2.10,1.00
2008.08.26 11:03:03.047,0.9911,0.99135,2.10,1.20
2008.08.26 11:03:03.980,0.9911,0.9913,2.10,1.00
2008.08.26 11:03:06.284,0.9912,0.9913,1.00,1.00
2008.08.26 11:03:06.552,0.9911,0.9913,2.10,1.00
2008.08.26 11:03:07.404,0.9911,0.9913,1.40,1.80
2008.08.26 11:03:07.551,0.9911,0.9913,1.00,1.80
2008.08.26 11:03:07.696,0.9911,0.9913,1.60,1.00
2008.08.26 11:03:08.133,0.9911,0.9913,2.10,1.00
2008.08.26 11:03:08.977,0.9912,0.99135,1.00,1.20
2008.08.26 11:03:09.316,0.9912,0.9914,2.10,3.70
2008.08.26 11:03:09.656,0.9912,0.99135,1.00,1.20
2008.08.26 11:03:09.996,0.9911,0.9912,1.60,1.00
2008.08.26 11:03:10.241,0.9911,0.9912,1.00,1.00
2008.08.26 11:03:10.485,0.9911,0.99125,1.40,1.20
2008.08.26 11:03:10.729,0.9911,0.9913,1.40,1.80
2008.08.26 11:03:11.211,0.9911,0.99125,1.40,1.20
2008.08.26 11:03:11.728,0.9911,0.9913,1.60,1.00
2008.08.26 11:03:12.248,0.9911,0.9913,1.00,1.80
2008.08.26 11:03:12.716,0.9911,0.9913,1.40,1.80
2008.08.26 11:03:13.368,0.9911,0.9913,2.10,1.00
2008.08.26 11:03:15.572,0.9911,0.9913,1.40,1.40
2008.08.26 11:03:15.688,0.9911,0.9913,1.40,1.80
2008.08.26 11:03:16.480,0.9911,0.9913,1.00,1.80
2008.08.26 11:03:16.808,0.9911,0.9913,1.60,1.00
2008.08.26 11:03:17.136,0.9911,0.9913,2.10,1.00
2008.08.26 11:03:18.703,0.9911,0.9913,4.10,1.00
2008.08.26 11:03:19.035,0.9912,0.99135,1.00,1.20
2008.08.26 11:03:19.370,0.9912,0.99135,2.10,1.00
2008.08.26 11:03:19.709,0.9912,0.9914,2.10,3.70
2008.08.26 11:03:20.048,0.9912,0.99135,1.00,1.20
2008.08.26 11:03:20.736,0.9911,0.9913,1.40,1.80
2008.08.26 11:03:25.025,0.9912,0.99135,1.00,1.20
2008.08.26 11:03:25.637,0.9911,0.9913,2.10,1.00
2008.08.26 11:03:26.360,0.9912,0.9914,1.00,4.00
2008.08.26 11:03:29.520,0.9912,0.99135,1.00,1.20
2008.08.26 11:03:31.223,0.9912,0.9913,1.00,1.20
2008.08.26 11:03:31.854,0.9912,0.9913,1.00,1.00
2008.08.26 11:03:32.052,0.9912,0.99135,1.00,1.20
2008.08.26 11:03:34.383,0.9912,0.99135,1.00,1.00
2008.08.26 11:03:34.835,0.9912,0.9914,1.00,4.00
2008.08.26 11:03:35.615,0.9912,0.99135,1.00,1.20
2008.08.26 11:03:36.271,0.9911,0.9913,2.10,1.00
2008.08.26 11:03:37.585,0.9912,0.9913,1.00,1.00
2008.08.26 11:03:37.804,0.9912,0.9914,1.40,4.00
2008.08.26 11:03:39.024,0.9912,0.9914,2.10,3.70
2008.08.26 11:03:39.700,0.9913,0.99145,1.00,3.50
2008.08.26 11:03:40.244,0.9913,0.99145,1.00,1.20
2008.08.26 11:03:40.607,0.9913,0.9915,2.10,4.00
2008.08.26 11:03:41.139,0.9913,0.9915,1.00,4.00
2008.08.26 11:03:42.052,0.9914,0.9915,1.00,3.50
2008.08.26 11:03:42.279,0.9914,0.99155,1.00,4.30
2008.08.26 11:03:42.504,0.9913,0.9914,1.00,3.50
2008.08.26 11:03:42.955,0.9913,0.99145,1.00,4.30
2008.08.26 11:03:43.404,0.9912,0.9914,2.10,3.70
2008.08.26 11:03:43.632,0.9912,0.9914,1.00,4.00
2008.08.26 11:03:44.196,0.9911,0.9913,2.10,1.00
2008.08.26 11:03:45.502,0.9911,0.99135,2.10,1.20
2008.08.26 11:03:45.808,0.9912,0.9914,1.00,3.50
2008.08.26 11:03:46.116,0.9912,0.9914,2.10,1.00
2008.08.26 11:03:46.279,0.9912,0.9915,2.10,4.00
2008.08.26 11:03:47.081,0.9913,0.9915,1.00,4.00
2008.08.26 11:03:47.196,0.9913,0.9914,1.00,3.20
2008.08.26 11:03:47.427,0.9913,0.9915,1.00,4.00
2008.08.26 11:03:47.775,0.9912,0.9914,2.10,3.20
2008.08.26 11:03:47.892,0.9913,0.9914,1.00,3.20
2008.08.26 11:03:48.013,0.9913,0.9915,1.00,4.00
2008.08.26 11:03:49.148,0.9913,0.9914,1.00,3.20
2008.08.26 11:03:49.476,0.9913,0.99145,1.00,1.20
2008.08.26 11:03:50.129,0.9913,0.9915,1.00,4.00
2008.08.26 11:03:51.316,0.9913,0.9915,1.00,1.80
2008.08.26 11:03:51.508,0.9912,0.9914,2.10,1.00
2008.08.26 11:03:52.640,0.9913,0.9914,1.00,4.80
2008.08.26 11:03:53.110,0.9913,0.9914,1.00,3.50
2008.08.26 11:03:53.559,0.9912,0.9914,2.10,4.00
2008.08.26 11:03:53.991,0.9912,0.99135,1.00,1.20
2008.08.26 11:03:55.553,0.9911,0.9913,2.10,1.00
2008.08.26 11:03:56.000,0.9912,0.9914,1.00,4.00
2008.08.26 11:03:56.143,0.9912,0.9914,1.00,1.80
2008.08.26 11:03:56.575,0.9912,0.9914,1.00,4.00
2008.08.26 11:03:57.336,0.9912,0.9914,2.10,4.00
2008.08.26 11:03:57.627,0.9912,0.99135,1.00,1.20
2008.08.26 11:03:57.919,0.9912,0.9914,1.00,4.00
2008.08.26 11:03:58.948,0.9912,0.9913,1.00,1.00
2008.08.26 11:03:59.143,0.9912,0.99135,1.00,1.00
2008.08.26 11:03:59.336,0.9911,0.9913,2.10,1.30
2008.08.26 11:04:00.595,0.9912,0.99135,1.00,1.20
2008.08.26 11:04:00.928,0.9912,0.9914,1.00,4.00
2008.08.26 11:04:03.009,0.9913,0.9914,1.00,1.20
2008.08.26 11:04:03.320,0.9913,0.99145,1.00,4.30
2008.08.26 11:04:03.629,0.9912,0.9914,1.00,4.00
2008.08.26 11:04:03.935,0.9912,0.99135,1.00,1.00
2008.08.26 11:04:04.271,0.9911,0.99135,2.10,1.20
2008.08.26 11:04:05.255,0.9911,0.9913,2.10,1.00
2008.08.26 11:04:05.568,0.9913,0.99135,1.00,1.90
2008.08.26 11:04:05.723,0.9913,0.99135,1.00,1.00
2008.08.26 11:04:05.979,0.99135,0.9914,1.00,3.20
2008.08.26 11:04:06.236,0.9914,0.9915,1.00,8.80
2008.08.26 11:04:06.495,0.9913,0.9914,2.10,3.20
2008.08.26 11:04:06.752,0.9914,0.9915,1.00,8.80
2008.08.26 11:04:07.331,0.9913,0.9914,2.10,3.20
2008.08.26 11:04:07.651,0.9913,0.9915,2.10,12.40
2008.08.26 11:04:07.972,0.9913,0.9915,1.40,7.20
2008.08.26 11:04:08.232,0.9913,0.9914,1.00,3.70
2008.08.26 11:04:08.744,0.9913,0.9915,2.10,3.70
2008.08.26 11:04:10.475,0.9913,0.9914,1.40,3.20
2008.08.26 11:04:10.707,0.9913,0.9914,1.00,3.20
2008.08.26 11:04:10.824,0.9912,0.9914,2.10,3.70
2008.08.26 11:04:12.147,0.9913,0.99145,1.00,1.20
2008.08.26 11:04:12.204,0.9913,0.9915,1.00,4.00
2008.08.26 11:04:12.991,0.9913,0.9915,1.40,4.00
2008.08.26 11:04:13.436,0.99135,0.9915,1.00,3.70
2008.08.26 11:04:13.775,0.9913,0.99145,1.40,1.20
2008.08.26 11:04:14.396,0.9913,0.9915,2.10,4.00
2008.08.26 11:04:15.248,0.9913,0.9914,2.10,3.20
2008.08.26 11:04:15.756,0.9913,0.9914,1.60,3.70
2008.08.26 11:04:16.672,0.9913,0.9914,1.00,3.70
2008.08.26 11:04:17.767,0.9912,0.9914,2.10,3.70
2008.08.26 11:04:17.872,0.9912,0.9914,2.10,4.00
2008.08.26 11:04:18.306,0.9912,0.9914,1.40,4.00
2008.08.26 11:04:19.757,0.9912,0.9914,1.40,1.80
2008.08.26 11:04:20.014,0.9912,0.99135,1.40,1.00
2008.08.26 11:04:20.255,0.9912,0.99135,1.40,1.20
2008.08.26 11:04:21.215,0.9912,0.9914,1.40,4.00
2008.08.26 11:04:21.408,0.9912,0.9914,1.40,3.50
2008.08.26 11:04:21.591,0.9912,0.9914,1.40,1.20
2008.08.26 11:04:22.511,0.9913,0.9914,1.00,1.20
2008.08.26 11:04:22.991,0.9913,0.99145,1.00,1.20
2008.08.26 11:04:23.476,0.9913,0.9915,1.00,4.00
2008.08.26 11:04:24.657,0.9913,0.9915,1.00,1.80
2008.08.26 11:04:24.947,0.9913,0.9915,1.00,4.00
2008.08.26 11:04:25.239,0.9913,0.99145,1.00,3.50
2008.08.26 11:04:26.108,0.9912,0.9914,2.10,3.70
2008.08.26 11:04:26.396,0.9912,0.9914,2.10,1.00
2008.08.26 11:04:26.963,0.9912,0.9914,2.10,3.70
2008.08.26 11:04:35.260,0.9912,0.9913,1.00,2.00
2008.08.26 11:04:35.415,0.9911,0.9913,2.10,2.00
2008.08.26 11:04:35.719,0.9911,0.9912,1.00,1.00
2008.08.26 11:04:35.871,0.9911,0.9912,1.00,1.80
2008.08.26 11:04:36.196,0.991,0.9912,1.40,1.80
2008.08.26 11:04:36.439,0.991,0.9912,1.40,1.20
2008.08.26 11:04:36.919,0.991,0.99125,2.10,1.20
2008.08.26 11:04:37.675,0.991,0.9912,2.10,1.00
2008.08.26 11:04:37.951,0.991,0.9912,2.10,1.80
2008.08.26 11:04:38.233,0.991,0.9912,2.10,1.20
2008.08.26 11:04:38.875,0.991,0.99125,2.10,1.20
2008.08.26 11:04:39.355,0.991,0.9913,2.10,4.00
2008.08.26 11:04:39.695,0.991,0.9913,2.10,1.80
2008.08.26 11:04:40.031,0.991,0.99125,2.10,1.20
2008.08.26 11:04:41.502,0.991,0.99125,4.10,1.20
2008.08.26 11:04:42.477,0.991,0.99125,2.10,1.20
2008.08.26 11:04:42.806,0.991,0.99125,4.10,1.20
2008.08.26 11:04:43.435,0.991,0.9913,4.10,1.80
2008.08.26 11:04:43.684,0.991,0.9913,2.10,1.80
2008.08.26 11:04:43.807,0.991,0.9913,4.10,1.80
2008.08.26 11:04:44.145,0.991,0.99125,4.80,1.20
2008.08.26 11:04:45.396,0.991,0.99125,1.60,1.20
2008.08.26 11:04:45.588,0.991,0.99125,2.10,1.20
2008.08.26 11:04:46.640,0.991,0.9913,2.10,4.00
2008.08.26 11:04:46.776,0.991,0.9913,2.10,1.80
2008.08.26 11:04:47.339,0.99105,0.9913,1.00,1.80
2008.08.26 11:04:48.410,0.991,0.9913,4.10,1.80
2008.08.26 11:04:48.575,0.991,0.99125,4.10,1.20
2008.08.26 11:04:49.823,0.9911,0.9913,1.00,1.80
2008.08.26 11:04:50.795,0.9911,0.9913,1.40,1.80
2008.08.26 11:04:52.025,0.9911,0.9913,1.00,1.80
2008.08.26 11:04:52.647,0.99105,0.9913,1.00,1.80
2008.08.26 11:04:53.099,0.99105,0.99125,1.00,1.20
2008.08.26 11:04:54.763,0.99105,0.99125,1.00,1.00
2008.08.26 11:04:54.987,0.99105,0.9913,1.00,1.80
2008.08.26 11:04:55.435,0.99105,0.9913,1.00,4.00
2008.08.26 11:04:55.659,0.991,0.9912,1.60,1.20
2008.08.26 11:04:56.039,0.991,0.9912,1.00,1.80
2008.08.26 11:04:56.507,0.9909,0.99115,2.10,1.20
2008.08.26 11:04:56.819,0.991,0.99115,1.00,1.20
2008.08.26 11:04:57.156,0.991,0.99115,4.10,1.20
2008.08.26 11:04:58.052,0.991,0.9912,4.10,1.30
2008.08.26 11:04:59.003,0.9911,0.99125,1.00,1.00
2008.08.26 11:05:02.559,0.9911,0.9913,1.00,4.00
2008.08.26 11:05:03.989,0.991,0.9912,2.10,1.00
2008.08.26 11:05:04.520,0.9911,0.9913,1.00,4.00
2008.08.26 11:05:04.743,0.9911,0.9913,1.00,3.70
2008.08.26 11:05:05.175,0.991,0.9913,2.10,3.70
2008.08.26 11:05:05.392,0.9911,0.9913,1.00,3.70
2008.08.26 11:05:05.612,0.9911,0.9913,2.10,3.70
2008.08.26 11:05:05.979,0.9911,0.9913,1.00,1.80
2008.08.26 11:05:08.280,0.991,0.9913,2.10,1.80
2008.08.26 11:05:10.295,0.9911,0.9913,1.00,1.80
2008.08.26 11:05:11.955,0.9911,0.9913,2.10,1.30
2008.08.26 11:05:12.177,0.9911,0.9913,2.10,1.70
2008.08.26 11:05:12.296,0.9911,0.9913,1.00,1.80
2008.08.26 11:05:13.268,0.9911,0.9913,1.00,1.40
2008.08.26 11:05:13.519,0.9911,0.9913,2.10,1.30
2008.08.26 11:05:15.613,0.9912,0.9913,1.00,1.00
2008.08.26 11:05:17.195,0.9911,0.9913,1.00,1.20
2008.08.26 11:05:17.571,0.9911,0.9913,1.00,1.80
2008.08.26 11:05:17.691,0.9911,0.99125,1.00,1.20
2008.08.26 11:05:18.623,0.9911,0.9912,1.00,1.00
2008.08.26 11:05:18.835,0.9911,0.9912,1.00,1.20
2008.08.26 11:05:22.323,0.9911,0.99125,1.00,1.00
2008.08.26 11:05:22.780,0.9911,0.99125,1.00,1.20
2008.08.26 11:05:23.711,0.9911,0.9913,1.00,1.80
2008.08.26 11:05:24.335,0.9911,0.99125,1.00,1.00
2008.08.26 11:05:24.491,0.9911,0.99125,1.00,1.20
2008.08.26 11:05:25.387,0.9911,0.9913,1.00,1.80
2008.08.26 11:05:27.407,0.99105,0.9911,1.00,1.00
2008.08.26 11:05:27.911,0.991,0.9911,3.70,1.00
2008.08.26 11:05:28.455,0.991,0.9911,1.00,1.00
2008.08.26 11:05:28.999,0.991,0.9912,2.10,1.80
2008.08.26 11:05:29.335,0.991,0.9912,2.10,1.00
2008.08.26 11:05:35.258,0.991,0.9911,1.60,1.00
2008.08.26 11:05:35.597,0.99105,0.9911,1.00,1.00
2008.08.26 11:05:36.324,0.991,0.9911,4.80,1.00
2008.08.26 11:05:36.860,0.991,0.9912,4.10,1.00
2008.08.26 11:05:37.092,0.991,0.9912,2.10,1.00
2008.08.26 11:05:38.344,0.991,0.9912,4.10,1.00
2008.08.26 11:05:39.251,0.991,0.9912,4.10,1.80
2008.08.26 11:05:39.643,0.991,0.9912,1.40,4.00
2008.08.26 11:05:39.899,0.991,0.9912,4.10,1.80
2008.08.26 11:05:40.895,0.991,0.9912,4.10,1.00
2008.08.26 11:05:41.263,0.991,0.9912,2.10,1.40
2008.08.26 11:05:41.633,0.991,0.9912,1.40,1.40
2008.08.26 11:05:41.819,0.991,0.9912,1.40,1.80
2008.08.26 11:05:42.251,0.991,0.9912,2.10,1.80
2008.08.26 11:05:42.899,0.991,0.9912,4.10,1.80
2008.08.26 11:05:43.180,0.991,0.9912,2.10,1.80
2008.08.26 11:05:43.464,0.9909,0.9911,2.10,1.00
2008.08.26 11:05:44.704,0.991,0.9911,1.00,1.00
2008.08.26 11:05:45.352,0.991,0.99105,1.00,1.20
2008.08.26 11:05:45.875,0.9909,0.99105,1.40,1.20
2008.08.26 11:05:46.128,0.9909,0.991,1.00,1.00
2008.08.26 11:05:46.885,0.9909,0.99105,4.10,1.20
2008.08.26 11:05:47.535,0.9909,0.9911,2.10,1.00
2008.08.26 11:05:48.484,0.991,0.9911,3.70,1.00
2008.08.26 11:05:48.759,0.9911,0.9912,1.00,1.80
2008.08.26 11:05:49.037,0.991,0.9912,4.10,1.80
2008.08.26 11:05:49.712,0.9911,0.9912,1.00,1.20
2008.08.26 11:05:50.047,0.9911,0.9913,1.00,4.00
2008.08.26 11:05:51.527,0.991,0.9912,2.10,1.00
2008.08.26 11:05:52.084,0.991,0.9912,4.10,1.80
2008.08.26 11:05:53.529,0.991,0.9912,1.00,4.00
2008.08.26 11:05:53.884,0.9909,0.9912,2.10,4.00
2008.08.26 11:05:54.063,0.991,0.9912,1.00,1.80
2008.08.26 11:05:54.577,0.991,0.9912,1.00,1.40
2008.08.26 11:05:54.916,0.991,0.9912,1.60,1.80
2008.08.26 11:05:55.253,0.991,0.9912,2.10,1.80
2008.08.26 11:05:56.433,0.991,0.9912,1.40,1.80
2008.08.26 11:05:56.923,0.991,0.9912,4.10,1.80
2008.08.26 11:05:57.411,0.9911,0.99125,1.00,1.20
2008.08.26 11:05:58.475,0.991,0.9912,4.10,1.00
2008.08.26 11:05:59.063,0.9911,0.99125,1.00,1.20
2008.08.26 11:06:00.210,0.991,0.9912,2.10,1.00
2008.08.26 11:06:00.524,0.991,0.9912,4.10,1.00
2008.08.26 11:06:00.839,0.9911,0.9912,1.00,1.00
2008.08.26 11:06:01.319,0.9911,0.99125,1.40,1.00
2008.08.26 11:06:01.415,0.9911,0.9913,1.40,1.80
2008.08.26 11:06:01.844,0.9911,0.9913,2.10,1.00
2008.08.26 11:06:01.945,0.9911,0.9913,2.10,1.00
2008.08.26 11:06:02.727,0.9911,0.9913,1.40,1.80
2008.08.26 11:06:04.323,0.9911,0.9913,1.40,1.40
2008.08.26 11:06:04.539,0.9911,0.9913,2.10,1.00
2008.08.26 11:06:04.755,0.9911,0.9913,1.40,1.80
2008.08.26 11:06:09.123,0.9911,0.9913,2.10,1.00
2008.08.26 11:06:13.591,0.9912,0.99135,1.00,1.20
2008.08.26 11:06:13.707,0.9912,0.9914,1.00,4.00
2008.08.26 11:06:14.020,0.9911,0.9913,2.10,1.00
2008.08.26 11:06:14.999,0.9912,0.99135,1.00,1.20
2008.08.26 11:06:15.295,0.9911,0.9913,2.10,1.00
2008.08.26 11:06:15.591,0.9911,0.9913,1.40,1.80
2008.08.26 11:06:20.495,0.9911,0.9913,2.10,1.00
2008.08.26 11:06:20.791,0.9912,0.99135,1.00,1.20
2008.08.26 11:06:25.290,0.9912,0.9913,1.00,1.00
2008.08.26 11:06:25.351,0.9912,0.9913,1.00,1.20
2008.08.26 11:06:28.540,0.9911,0.9913,1.40,1.80
2008.08.26 11:06:29.067,0.9911,0.9913,1.40,4.00
2008.08.26 11:06:30.780,0.9911,0.9913,1.40,1.80
2008.08.26 11:06:31.219,0.9911,0.9913,1.40,4.00
2008.08.26 11:06:31.707,0.9911,0.9912,1.00,1.00
2008.08.26 11:06:32.719,0.9911,0.9912,1.00,1.40
2008.08.26 11:06:32.831,0.9911,0.9912,1.00,1.80
2008.08.26 11:06:33.179,0.9911,0.9912,1.40,1.20
2008.08.26 11:06:33.404,0.9911,0.99125,1.40,1.20
2008.08.26 11:06:34.819,0.9911,0.9912,1.00,1.00
2008.08.26 11:06:39.043,0.991,0.9912,2.10,1.00
2008.08.26 11:06:40.516,0.991,0.9912,4.10,1.00
2008.08.26 11:06:40.692,0.991,0.9912,4.80,1.00
2008.08.26 11:06:41.518,0.991,0.9912,4.10,1.00
2008.08.26 11:06:42.451,0.9911,0.9912,1.00,1.00
2008.08.26 11:06:43.912,0.991,0.9912,2.10,1.00
2008.08.26 11:06:44.791,0.991,0.9912,2.10,1.80
2008.08.26 11:06:45.464,0.991,0.9911,1.00,1.00
2008.08.26 11:06:48.369,0.991,0.9912,2.10,1.80
2008.08.26 11:06:49.778,0.991,0.9912,4.10,1.80
2008.08.26 11:06:50.263,0.99105,0.9911,1.00,1.00
2008.08.26 11:06:50.567,0.991,0.99115,1.40,1.20
2008.08.26 11:06:50.871,0.991,0.9912,2.10,1.80
2008.08.26 11:06:51.450,0.991,0.9912,2.10,1.00
2008.08.26 11:06:51.997,0.991,0.9912,2.10,3.70
2008.08.26 11:06:52.360,0.991,0.9912,2.10,4.00
2008.08.26 11:06:52.583,0.991,0.9911,1.00,1.00
2008.08.26 11:06:54.111,0.9909,0.9911,2.10,1.00
2008.08.26 11:06:54.463,0.991,0.9911,1.00,1.00
2008.08.26 11:06:55.255,0.9909,0.9911,2.10,1.00
2008.08.26 11:06:55.520,0.9909,0.9911,3.70,1.00
2008.08.26 11:06:55.723,0.9911,0.9912,1.00,3.50
2008.08.26 11:06:56.131,0.991,0.9912,1.00,4.00
2008.08.26 11:06:56.539,0.991,0.9912,1.40,4.00
2008.08.26 11:06:56.891,0.991,0.9912,4.10,1.80
2008.08.26 11:07:08.379,0.9911,0.9912,1.00,1.80
2008.08.26 11:07:12.335,0.9911,0.9912,1.40,1.20
2008.08.26 11:07:12.455,0.9911,0.99125,1.40,1.20
2008.08.26 11:07:13.586,0.9911,0.9912,1.00,1.00
2008.08.26 11:07:14.231,0.991,0.9912,2.10,1.00
2008.08.26 11:07:14.725,0.991,0.99115,1.40,1.20
2008.08.26 11:07:16.027,0.991,0.9912,2.10,1.80
2008.08.26 11:07:16.398,0.991,0.9912,2.10,4.00
2008.08.26 11:07:16.583,0.991,0.9912,1.40,4.00
2008.08.26 11:07:16.675,0.991,0.9911,1.00,1.00
2008.08.26 11:07:16.859,0.991,0.9911,1.00,1.80
2008.08.26 11:07:17.042,0.991,0.9911,1.00,1.00
2008.08.26 11:07:17.335,0.991,0.99115,1.40,1.20
2008.08.26 11:07:17.627,0.991,0.9912,2.10,1.00
2008.08.26 11:07:19.235,0.991,0.9912,1.40,1.80
2008.08.26 11:07:19.391,0.991,0.9912,4.10,1.80
2008.08.26 11:07:19.703,0.991,0.9912,4.10,1.40
2008.08.26 11:07:19.858,0.991,0.9912,4.10,1.00
2008.08.26 11:07:20.016,0.991,0.9912,9.50,1.00
2008.08.26 11:07:20.175,0.9911,0.9912,1.00,1.00
2008.08.26 11:07:20.511,0.9911,0.99125,1.40,1.20
2008.08.26 11:07:20.847,0.9911,0.9913,1.40,1.80
2008.08.26 11:07:21.182,0.9911,0.9912,1.00,1.00
2008.08.26 11:07:22.190,0.9911,0.9913,1.40,4.00
2008.08.26 11:07:22.947,0.9911,0.9912,1.00,1.00
2008.08.26 11:07:24.619,0.9911,0.9913,1.40,1.80
2008.08.26 11:07:24.879,0.9911,0.99125,1.00,1.20
2008.08.26 11:07:25.139,0.991,0.9912,9.50,1.00
2008.08.26 11:07:25.399,0.991,0.9912,6.30,1.00
2008.08.26 11:07:25.735,0.991,0.9912,4.10,1.00
2008.08.26 11:07:26.406,0.991,0.9912,4.10,1.80
2008.08.26 11:07:26.659,0.991,0.9912,1.40,1.80
2008.08.26 11:07:29.362,0.991,0.9912,2.10,1.00
2008.08.26 11:07:34.395,0.991,0.9911,1.40,1.20
2008.08.26 11:07:34.559,0.9911,0.9912,1.00,1.70
2008.08.26 11:07:35.207,0.9911,0.9912,1.00,1.00
2008.08.26 11:07:36.719,0.99105,0.9911,1.80,1.00
2008.08.26 11:07:37.755,0.9911,0.9912,1.00,1.00
2008.08.26 11:07:38.261,0.9911,0.9912,1.00,1.40
2008.08.26 11:07:38.549,0.9911,0.9912,1.00,1.80
2008.08.26 11:07:38.830,0.9911,0.99115,1.00,1.00
2008.08.26 11:07:39.115,0.9911,0.99115,1.00,1.20
2008.08.26 11:07:41.771,0.991,0.99115,1.40,1.20
2008.08.26 11:07:41.891,0.991,0.9911,1.00,1.00
2008.08.26 11:07:42.011,0.991,0.9911,1.00,1.80
2008.08.26 11:07:44.466,0.991,0.9911,1.40,1.20
2008.08.26 11:07:46.273,0.991,0.99115,1.40,1.20
2008.08.26 11:07:46.739,0.9911,0.99115,1.00,1.20
2008.08.26 11:07:47.423,0.9911,0.9912,1.00,1.80
2008.08.26 11:07:47.759,0.9911,0.9912,1.00,1.00
2008.08.26 11:07:54.583,0.9911,0.9913,1.40,1.80
2008.08.26 11:07:54.859,0.9911,0.9913,2.10,1.80
2008.08.26 11:07:56.708,0.9911,0.9912,1.00,1.00
2008.08.26 11:07:58.471,0.9911,0.99125,1.40,1.20
2008.08.26 11:07:59.190,0.9911,0.9913,2.10,1.00
2008.08.26 11:07:59.551,0.9911,0.9913,2.10,3.70
2008.08.26 11:07:59.887,0.9911,0.9912,1.60,1.00
2008.08.26 11:08:00.224,0.9911,0.9912,1.00,1.00
2008.08.26 11:08:02.391,0.99105,0.9911,1.10,1.00
2008.08.26 11:08:03.351,0.991,0.9911,1.60,1.00
2008.08.26 11:08:04.192,0.991,0.9911,1.00,1.00
2008.08.26 11:08:06.663,0.9909,0.9911,4.10,1.00
2008.08.26 11:08:06.911,0.9909,0.9911,4.10,1.40
2008.08.26 11:08:07.023,0.9909,0.9911,4.10,1.80
2008.08.26 11:08:09.807,0.9909,0.9911,2.10,3.70
2008.08.26 11:08:10.151,0.9909,0.9911,4.10,1.80
2008.08.26 11:08:11.813,0.9909,0.9911,1.40,1.80
2008.08.26 11:08:11.895,0.991,0.9911,1.00,1.20
2008.08.26 11:08:11.931,0.991,0.9911,1.00,3.50
2008.08.26 11:08:12.032,0.991,0.9911,1.00,1.20
2008.08.26 11:08:12.864,0.991,0.99105,1.40,1.20
2008.08.26 11:08:13.513,0.991,0.99105,1.40,1.00
2008.08.26 11:08:13.676,0.991,0.99115,1.40,1.20
2008.08.26 11:08:13.838,0.991,0.9911,1.00,1.00
2008.08.26 11:08:17.418,0.991,0.9911,1.00,1.40
2008.08.26 11:08:17.553,0.991,0.9911,1.00,1.00
2008.08.26 11:08:17.686,0.991,0.9911,1.00,1.00
2008.08.26 11:08:17.950,0.9909,0.9911,4.80,1.00
2008.08.26 11:08:18.678,0.99085,0.9911,6.60,1.00
2008.08.26 11:08:19.272,0.991,0.9911,1.00,1.00
2008.08.26 11:08:19.450,0.9909,0.9911,9.50,1.00
2008.08.26 11:08:19.626,0.9909,0.9911,4.10,1.00
2008.08.26 11:08:19.802,0.9909,0.99115,4.10,1.20
2008.08.26 11:08:20.893,0.9909,0.99115,9.50,1.20
2008.08.26 11:08:21.138,0.991,0.99115,1.00,1.20
2008.08.26 11:08:21.628,0.991,0.9912,1.00,4.00
2008.08.26 11:08:21.992,0.991,0.9912,3.70,1.80
2008.08.26 11:08:22.541,0.991,0.9912,1.00,4.00
2008.08.26 11:08:23.047,0.991,0.9911,1.00,1.00
2008.08.26 11:08:23.279,0.991,0.9911,1.00,1.80
2008.08.26 11:08:25.059,0.991,0.9911,1.00,1.00
2008.08.26 11:08:25.522,0.991,0.99115,1.00,1.20
2008.08.26 11:08:26.188,0.991,0.9912,1.00,4.00
2008.08.26 11:08:26.386,0.991,0.9912,1.00,1.80
2008.08.26 11:08:26.586,0.991,0.9912,3.70,1.80
2008.08.26 11:08:26.786,0.991,0.9911,1.00,1.00
2008.08.26 11:08:26.986,0.9909,0.9911,4.10,1.00
2008.08.26 11:08:27.290,0.991,0.9911,1.00,1.00
2008.08.26 11:08:27.442,0.991,0.9911,1.00,3.70
2008.08.26 11:08:27.748,0.991,0.9911,1.00,1.00
2008.08.26 11:08:27.899,0.991,0.9911,1.00,1.40
2008.08.26 11:08:28.248,0.991,0.9911,1.00,1.80
2008.08.26 11:08:28.588,0.991,0.99115,1.00,1.20
2008.08.26 11:08:28.927,0.991,0.9911,1.00,1.00
2008.08.26 11:08:29.172,0.991,0.9911,3.70,1.00
2008.08.26 11:08:29.415,0.991,0.9911,1.00,1.20
2008.08.26 11:08:30.147,0.991,0.9911,1.60,1.00
2008.08.26 11:08:30.483,0.991,0.9912,1.60,3.70
2008.08.26 11:08:30.819,0.99085,0.99115,6.60,1.20
2008.08.26 11:08:31.155,0.99085,0.9911,6.60,1.20
2008.08.26 11:08:31.448,0.991,0.9911,3.20,1.20
2008.08.26 11:08:31.740,0.991,0.99115,3.20,1.20
2008.08.26 11:08:32.322,0.99085,0.99115,6.60,1.20
2008.08.26 11:08:32.418,0.99095,0.99115,1.00,1.20
2008.08.26 11:08:32.706,0.991,0.99115,3.20,1.20
2008.08.26 11:08:32.802,0.99095,0.99115,1.00,1.20
2008.08.26 11:08:32.899,0.99095,0.9911,1.00,1.00
2008.08.26 11:08:32.994,0.9909,0.9911,3.70,1.80
2008.08.26 11:08:33.427,0.9909,0.9911,3.70,1.20
2008.08.26 11:08:34.290,0.9909,0.9911,1.00,1.20
2008.08.26 11:08:35.922,0.9909,0.9911,1.00,4.00
2008.08.26 11:08:36.362,0.9909,0.99105,1.00,1.20
2008.08.26 11:08:36.598,0.9909,0.9911,1.00,1.80
2008.08.26 11:08:36.835,0.9909,0.9911,1.00,1.20
2008.08.26 11:08:37.307,0.9909,0.9911,1.60,1.20
2008.08.26 11:08:37.542,0.9909,0.99115,1.60,1.20
2008.08.26 11:08:38.190,0.9909,0.99115,1.00,1.20
2008.08.26 11:08:38.434,0.9909,0.99105,1.00,1.00
2008.08.26 11:08:38.834,0.9909,0.99105,1.00,1.20
2008.08.26 11:08:40.155,0.9908,0.99105,1.60,1.20
2008.08.26 11:08:40.395,0.99075,0.99105,3.30,1.20
2008.08.26 11:08:41.067,0.9908,0.99095,1.00,1.20
2008.08.26 11:08:41.738,0.9908,0.991,1.00,1.20
2008.08.26 11:08:42.218,0.9908,0.991,1.60,1.20
2008.08.26 11:08:42.698,0.9908,0.99105,1.60,1.20
2008.08.26 11:08:43.995,0.9908,0.991,1.60,1.20
2008.08.26 11:08:44.522,0.9908,0.99105,1.60,1.20
2008.08.26 11:08:44.786,0.9908,0.99105,2.10,1.20
2008.08.26 11:08:45.477,0.9909,0.99105,1.00,1.20
2008.08.26 11:08:50.186,0.9909,0.9911,1.00,4.00
2008.08.26 11:08:51.102,0.9909,0.9911,3.70,1.80
2008.08.26 11:08:51.326,0.9909,0.9911,4.10,1.80
2008.08.26 11:08:53.014,0.9909,0.9911,4.10,1.20
2008.08.26 11:08:53.658,0.9909,0.9911,3.70,1.00
2008.08.26 11:08:53.978,0.9909,0.99115,3.70,1.20
2008.08.26 11:08:54.256,0.991,0.99115,4.10,1.20
2008.08.26 11:08:55.092,0.991,0.9912,1.00,4.00
2008.08.26 11:08:55.411,0.991,0.9912,4.10,1.80
2008.08.26 11:08:56.365,0.9911,0.99125,1.00,1.20
2008.08.26 11:08:56.958,0.9911,0.9913,1.00,4.00
2008.08.26 11:08:57.254,0.9911,0.9913,1.00,2.40
2008.08.26 11:08:57.510,0.991,0.9912,2.10,1.00
2008.08.26 11:08:58.279,0.991,0.9912,4.10,1.80
2008.08.26 11:08:59.119,0.991,0.99115,4.10,1.20
2008.08.26 11:08:59.398,0.991,0.99115,1.40,1.00
2008.08.26 11:08:59.678,0.991,0.9912,1.40,4.00
2008.08.26 11:09:01.134,0.991,0.9912,4.10,1.80
2008.08.26 11:09:02.398,0.991,0.9912,4.10,1.20
2008.08.26 11:09:02.698,0.991,0.99125,4.10,1.20
2008.08.26 11:09:03.035,0.991,0.9912,4.10,1.20
2008.08.26 11:09:03.371,0.991,0.9912,2.10,1.00
2008.08.26 11:09:03.706,0.991,0.9913,2.10,1.80
2008.08.26 11:09:07.350,0.9911,0.9913,1.00,1.80
2008.08.26 11:09:07.870,0.9911,0.9913,1.60,1.00
2008.08.26 11:09:12.526,0.9911,0.9913,1.00,1.80
2008.08.26 11:09:16.260,0.991,0.9913,2.10,1.80
2008.08.26 11:09:19.400,0.991,0.99125,2.10,1.00
2008.08.26 11:09:19.538,0.991,0.99125,4.10,1.20
2008.08.26 11:09:20.348,0.991,0.99125,2.10,1.20
2008.08.26 11:09:20.682,0.991,0.9913,2.10,1.80
2008.08.26 11:09:20.962,0.9911,0.9913,1.00,1.80
2008.08.26 11:09:23.305,0.9911,0.9912,1.00,1.20
2008.08.26 11:09:23.602,0.9911,0.99125,1.00,1.20
2008.08.26 11:09:24.372,0.991,0.9912,4.10,1.00
2008.08.26 11:09:26.423,0.991,0.9912,4.10,1.40
2008.08.26 11:09:27.262,0.991,0.9912,4.10,1.00
2008.08.26 11:09:27.406,0.991,0.9912,2.10,1.00
2008.08.26 11:09:29.595,0.991,0.9912,4.10,1.00
2008.08.26 11:09:29.983,0.991,0.9911,5.90,1.00
2008.08.26 11:09:30.318,0.99095,0.9911,6.60,1.00
2008.08.26 11:09:30.654,0.9911,0.99125,1.00,1.20
2008.08.26 11:09:31.326,0.9911,0.9913,1.00,1.80
2008.08.26 11:09:31.641,0.9911,0.9913,1.40,1.80
2008.08.26 11:09:31.866,0.9911,0.9913,1.40,4.00
2008.08.26 11:09:32.090,0.9911,0.9913,1.00,1.80
2008.08.26 11:09:33.820,0.991,0.9912,3.10,1.30
2008.08.26 11:09:34.167,0.991,0.9912,3.70,1.30
2008.08.26 11:09:34.288,0.9911,0.9913,1.00,1.80
2008.08.26 11:09:34.890,0.9911,0.9913,2.00,1.80
2008.08.26 11:09:35.130,0.9911,0.9913,1.40,1.80
2008.08.26 11:09:36.160,0.9911,0.9913,1.40,9.10
2008.08.26 11:09:36.395,0.9911,0.9913,2.10,3.70
2008.08.26 11:09:36.884,0.9911,0.9913,2.10,1.00
2008.08.26 11:09:37.894,0.9912,0.99135,1.00,1.20
2008.08.26 11:09:38.263,0.9912,0.9914,1.00,4.00
2008.08.26 11:09:38.587,0.9912,0.9914,1.40,4.00
2008.08.26 11:09:38.910,0.9912,0.9914,2.10,3.70
2008.08.26 11:09:39.234,0.9912,0.9914,1.40,4.00
2008.08.26 11:09:40.709,0.9912,0.9914,1.00,4.00
2008.08.26 11:09:42.035,0.9912,0.9914,1.00,1.80
2008.08.26 11:09:42.442,0.9912,0.99135,1.00,1.20
2008.08.26 11:09:42.642,0.9912,0.9914,1.00,4.00
2008.08.26 11:09:42.842,0.9911,0.9913,2.10,1.00
2008.08.26 11:09:43.658,0.9912,0.9914,1.00,4.00
2008.08.26 11:09:43.874,0.9912,0.99135,1.00,1.20
2008.08.26 11:09:46.583,0.9911,0.9913,4.10,1.00
2008.08.26 11:09:46.775,0.9911,0.9913,2.10,1.00
2008.08.26 11:09:47.370,0.9911,0.9913,4.10,1.00
2008.08.26 11:09:47.562,0.9911,0.9913,2.10,1.00
2008.08.26 11:09:47.946,0.9912,0.9914,1.00,4.00
2008.08.26 11:09:48.523,0.9912,0.99135,1.00,1.20
2008.08.26 11:09:49.675,0.9911,0.9913,2.10,1.00
2008.08.26 11:09:51.330,0.9912,0.9914,1.00,4.00
2008.08.26 11:09:56.218,0.9912,0.9914,1.00,1.80
2008.08.26 11:09:56.395,0.9912,0.9914,4.10,1.80
2008.08.26 11:09:56.714,0.9912,0.9914,2.10,1.80
2008.08.26 11:09:56.969,0.9912,0.99135,1.00,1.20
2008.08.26 11:09:57.225,0.9912,0.9914,1.00,1.80
2008.08.26 11:09:57.474,0.9912,0.99135,1.00,1.20
2008.08.26 11:09:57.968,0.9911,0.9913,3.70,1.00
2008.08.26 11:09:58.452,0.9912,0.99135,1.00,1.20
2008.08.26 11:09:58.937,0.9912,0.9914,1.00,4.00
2008.08.26 11:09:59.334,0.9912,0.99135,1.00,1.20
2008.08.26 11:09:59.726,0.9912,0.9914,4.10,1.30
2008.08.26 11:09:59.922,0.9913,0.99145,1.00,1.00
2008.08.26 11:10:02.322,0.9912,0.9914,4.10,1.30
2008.08.26 11:10:02.822,0.9913,0.99145,1.00,1.00
2008.08.26 11:10:03.930,0.9913,0.99135,1.00,1.20
2008.08.26 11:10:04.002,0.9912,0.99135,1.00,1.20
2008.08.26 11:10:04.218,0.9912,0.9914,1.00,4.00
2008.08.26 11:10:05.223,0.9912,0.9914,2.10,1.30
2008.08.26 11:10:05.558,0.9912,0.9914,2.10,3.70
2008.08.26 11:10:05.895,0.9912,0.9914,4.10,1.30
2008.08.26 11:10:06.230,0.9912,0.9914,2.10,3.70
2008.08.26 11:10:16.031,0.9913,0.99145,1.00,1.00
2008.08.26 11:10:16.376,0.9914,0.9915,2.70,5.60
2008.08.26 11:10:16.714,0.9915,0.99155,2.00,6.30
2008.08.26 11:10:17.054,0.9915,0.9916,2.10,1.80
2008.08.26 11:10:17.162,0.9915,0.9916,2.10,2.10
2008.08.26 11:10:17.271,0.9915,0.9916,2.10,7.50
2008.08.26 11:10:17.595,0.9916,0.9917,1.00,18.50
2008.08.26 11:10:18.160,0.99165,0.9917,1.00,14.50
2008.08.26 11:10:18.843,0.9916,0.9917,2.10,14.80
2008.08.26 11:10:19.082,0.9916,0.9917,2.10,14.00
2008.08.26 11:10:19.562,0.9915,0.9916,2.80,7.50
2008.08.26 11:10:20.042,0.99145,0.9916,3.30,5.40
2008.08.26 11:10:20.658,0.99155,0.9916,1.70,5.40
2008.08.26 11:10:20.966,0.9916,0.9917,1.00,14.80
2008.08.26 11:10:21.202,0.9916,0.9917,1.00,11.20
2008.08.26 11:10:21.674,0.9915,0.9916,2.10,1.00
2008.08.26 11:10:21.921,0.9915,0.99165,4.10,1.00
2008.08.26 11:10:22.602,0.9916,0.99165,3.20,1.20
2008.08.26 11:10:22.942,0.99145,0.9916,4.00,1.00
2008.08.26 11:10:23.314,0.9914,0.9915,4.40,1.00
2008.08.26 11:10:23.667,0.9915,0.99155,4.30,1.10
2008.08.26 11:10:24.008,0.99155,0.9916,1.00,1.30
2008.08.26 11:10:24.551,0.99155,0.9916,1.00,3.70
2008.08.26 11:10:24.911,0.99155,0.9916,1.00,1.30
2008.08.26 11:10:25.438,0.9915,0.9916,1.00,1.00
2008.08.26 11:10:25.774,0.9914,0.9916,2.10,1.00
2008.08.26 11:10:26.110,0.9915,0.9917,2.10,9.10
2008.08.26 11:10:26.395,0.9915,0.9916,2.10,3.20
2008.08.26 11:10:26.678,0.9915,0.9916,1.00,3.70
2008.08.26 11:10:27.246,0.9915,0.9917,1.00,11.60
2008.08.26 11:10:27.470,0.9915,0.9917,1.00,9.40
2008.08.26 11:10:27.918,0.9915,0.99165,1.00,3.50
2008.08.26 11:10:28.482,0.9915,0.99165,1.00,4.30
2008.08.26 11:10:29.318,0.9914,0.9916,2.10,3.70
2008.08.26 11:10:30.494,0.9915,0.99165,1.00,1.00
2008.08.26 11:10:31.174,0.9915,0.99165,1.00,1.20
2008.08.26 11:10:31.410,0.9915,0.99165,1.00,1.00
2008.08.26 11:10:31.882,0.9914,0.9916,2.70,1.00
2008.08.26 11:10:32.118,0.9914,0.9916,4.10,1.30
2008.08.26 11:10:32.872,0.9914,0.99155,4.10,1.20
2008.08.26 11:10:33.206,0.9913,0.9914,8.40,1.00
2008.08.26 11:10:33.546,0.9914,0.9915,3.20,1.30
2008.08.26 11:10:33.902,0.9914,0.99145,3.20,1.20
2008.08.26 11:10:34.243,0.9913,0.99145,4.10,1.20
2008.08.26 11:10:34.450,0.9913,0.9914,3.20,1.00
2008.08.26 11:10:35.285,0.9912,0.9914,4.10,1.00
2008.08.26 11:10:35.826,0.9912,0.9914,2.10,3.70
2008.08.26 11:10:36.354,0.9913,0.99145,1.00,1.00
2008.08.26 11:10:36.630,0.9913,0.9915,1.00,1.80
2008.08.26 11:10:36.919,0.9913,0.9915,2.10,3.70
2008.08.26 11:10:37.194,0.9913,0.9915,2.10,1.30
2008.08.26 11:10:37.758,0.9913,0.99155,2.10,1.00
2008.08.26 11:10:38.046,0.99135,0.99155,1.60,1.00
2008.08.26 11:10:38.341,0.99135,0.99155,1.60,1.20
2008.08.26 11:10:38.486,0.9913,0.99155,6.30,1.20
2008.08.26 11:10:38.826,0.9914,0.9915,1.00,1.00
2008.08.26 11:10:39.166,0.9914,0.9915,1.00,4.00
2008.08.26 11:10:39.506,0.9914,0.9915,1.00,1.00
2008.08.26 11:10:39.882,0.9913,0.9915,2.10,1.00
2008.08.26 11:10:40.856,0.9915,0.9916,1.00,4.10
2008.08.26 11:10:43.678,0.9915,0.9917,2.10,3.70
2008.08.26 11:10:44.006,0.9916,0.9917,1.00,1.00
2008.08.26 11:10:44.662,0.9915,0.9917,2.10,1.30
2008.08.26 11:10:44.930,0.99155,0.9917,1.00,1.30
2008.08.26 11:10:45.198,0.9915,0.9917,3.20,1.80
2008.08.26 11:10:45.466,0.9915,0.9916,3.20,1.30
2008.08.26 11:10:45.734,0.9915,0.9916,4.10,1.00
2008.08.26 11:10:46.030,0.9915,0.9917,4.10,1.80
2008.08.26 11:10:46.326,0.9915,0.9916,1.00,1.00
2008.08.26 11:10:46.634,0.9915,0.99165,1.00,1.00
2008.08.26 11:10:48.650,0.9915,0.9916,2.10,1.00
2008.08.26 11:10:49.779,0.9914,0.9916,2.10,1.30
2008.08.26 11:10:49.946,0.9914,0.9916,1.00,1.40
2008.08.26 11:10:50.114,0.9914,0.9916,1.00,1.80
2008.08.26 11:10:50.283,0.9914,0.9916,2.10,3.70
2008.08.26 11:10:50.450,0.9914,0.9916,2.10,1.30
2008.08.26 11:10:52.705,0.9914,0.99165,2.10,1.00
2008.08.26 11:10:52.940,0.9914,0.99165,4.10,1.00
2008.08.26 11:10:53.363,0.9915,0.99165,1.00,1.00
2008.08.26 11:10:53.390,0.9915,0.9916,1.00,1.00
2008.08.26 11:10:53.418,0.9915,0.9916,2.10,1.00
2008.08.26 11:10:54.565,0.9915,0.9916,1.00,1.00
2008.08.26 11:10:55.166,0.9915,0.99165,1.00,1.00
2008.08.26 11:10:55.818,0.9915,0.99165,1.00,4.30
2008.08.26 11:10:56.090,0.9914,0.9916,2.10,3.70
2008.08.26 11:10:56.450,0.9914,0.9916,1.00,4.00
2008.08.26 11:11:00.471,0.9914,0.99155,1.00,1.00
2008.08.26 11:11:00.606,0.9914,0.99155,1.00,1.20
2008.08.26 11:11:00.742,0.9914,0.99155,1.00,3.50
2008.08.26 11:11:07.490,0.9914,0.99155,1.00,4.30
2008.08.26 11:11:08.451,0.9913,0.9915,2.10,3.70
2008.08.26 11:11:08.798,0.9913,0.9915,1.00,4.00
2008.08.26 11:11:09.123,0.9913,0.9915,2.10,3.70
2008.08.26 11:11:09.446,0.9914,0.99155,1.00,4.30
2008.08.26 11:11:12.194,0.9913,0.9915,2.10,3.70
2008.08.26 11:11:13.199,0.9913,0.9915,2.10,4.00
2008.08.26 11:11:13.450,0.9913,0.9915,2.10,3.70
2008.08.26 11:11:14.636,0.9913,0.9915,2.10,4.00
2008.08.26 11:11:18.382,0.9913,0.9915,2.10,3.70
2008.08.26 11:11:18.680,0.9914,0.99155,1.00,4.30
2008.08.26 11:11:19.319,0.9914,0.9915,1.00,4.00
2008.08.26 11:11:19.366,0.9914,0.9915,2.10,4.00
2008.08.26 11:11:19.415,0.9914,0.9915,2.10,1.00
2008.08.26 11:11:19.463,0.9914,0.9916,2.10,2.40
2008.08.26 11:11:19.561,0.9914,0.9916,2.10,4.00
2008.08.26 11:11:19.866,0.9914,0.9916,2.10,3.70
2008.08.26 11:11:20.106,0.9914,0.9916,4.10,1.30
2008.08.26 11:11:20.644,0.9915,0.99165,1.00,1.00
2008.08.26 11:11:22.155,0.9915,0.99165,1.00,1.20
2008.08.26 11:11:23.018,0.9915,0.9917,1.00,1.80
2008.08.26 11:11:23.054,0.9915,0.9917,1.00,4.00
2008.08.26 11:11:23.366,0.9915,0.9917,2.10,3.70
2008.08.26 11:11:25.642,0.9915,0.9917,2.10,4.00
2008.08.26 11:11:26.242,0.9915,0.9917,2.10,3.70
2008.08.26 11:11:26.634,0.9915,0.9917,4.10,1.30
2008.08.26 11:11:26.830,0.9915,0.9917,2.10,1.30
2008.08.26 11:11:27.418,0.9915,0.9917,2.10,1.00
2008.08.26 11:11:28.006,0.9915,0.9917,2.10,1.30
2008.08.26 11:11:28.794,0.9916,0.9917,1.00,1.00
2008.08.26 11:11:29.507,0.9916,0.9917,1.00,1.30
2008.08.26 11:11:29.627,0.9915,0.9917,2.10,1.30
2008.08.26 11:11:30.379,0.9915,0.9917,2.10,1.00
2008.08.26 11:11:30.986,0.9916,0.9917,1.00,1.00
2008.08.26 11:11:34.554,0.9916,0.9917,1.00,1.30
2008.08.26 11:11:34.782,0.9915,0.9917,2.10,3.70
2008.08.26 11:11:35.370,0.9915,0.9917,2.10,4.00
2008.08.26 11:11:36.730,0.9915,0.9917,4.10,1.80
2008.08.26 11:11:37.292,0.9915,0.9917,2.10,1.30
2008.08.26 11:11:37.571,0.9915,0.9917,2.10,1.00
2008.08.26 11:11:37.850,0.9916,0.9917,1.00,1.00
2008.08.26 11:11:38.189,0.9916,0.9917,3.70,1.00
2008.08.26 11:11:38.442,0.9917,0.99185,1.00,1.20
2008.08.26 11:11:39.038,0.9917,0.9919,2.10,1.30
2008.08.26 11:11:39.769,0.9918,0.9919,1.00,1.00
2008.08.26 11:11:39.814,0.9918,0.9919,2.10,1.00
2008.08.26 11:11:40.118,0.9918,0.9919,1.00,1.00
2008.08.26 11:11:40.310,0.9918,0.99195,1.00,1.00
2008.08.26 11:11:40.406,0.9917,0.9919,2.10,3.70
2008.08.26 11:11:43.602,0.9917,0.9919,2.10,4.00
2008.08.26 11:11:44.517,0.9917,0.9919,2.10,3.70
2008.08.26 11:11:46.022,0.9917,0.9919,4.10,1.30
2008.08.26 11:11:46.442,0.9918,0.99195,1.00,1.00
2008.08.26 11:11:46.626,0.9918,0.9919,1.00,1.00
2008.08.26 11:11:46.810,0.9918,0.992,1.00,4.00
2008.08.26 11:11:47.362,0.9918,0.992,2.10,4.00
2008.08.26 11:11:48.702,0.9918,0.992,2.10,1.80
2008.08.26 11:11:49.042,0.9918,0.992,4.10,1.80
2008.08.26 11:11:49.382,0.9918,0.992,2.10,1.30
2008.08.26 11:11:50.104,0.9919,0.99205,1.00,1.00
2008.08.26 11:11:50.958,0.9918,0.992,2.10,1.30
2008.08.26 11:11:51.266,0.9918,0.992,4.10,1.30
2008.08.26 11:11:51.863,0.9918,0.992,2.10,1.80
2008.08.26 11:11:52.151,0.9918,0.9919,1.00,1.00
2008.08.26 11:11:52.438,0.9917,0.9919,2.10,1.00
2008.08.26 11:11:52.586,0.9918,0.992,2.10,1.70
2008.08.26 11:11:52.734,0.9918,0.992,2.10,3.70
2008.08.26 11:11:52.882,0.9918,0.992,2.10,1.30
2008.08.26 11:11:53.814,0.9918,0.992,1.00,1.40
2008.08.26 11:11:54.154,0.9918,0.99195,1.00,1.20
2008.08.26 11:11:56.457,0.9918,0.99195,1.00,1.00
2008.08.26 11:11:57.178,0.9918,0.9919,1.00,1.20
2008.08.26 11:11:57.358,0.9917,0.9919,1.00,1.80
2008.08.26 11:11:57.754,0.9917,0.9919,1.00,1.20
2008.08.26 11:11:57.970,0.9917,0.9919,4.10,1.20
2008.08.26 11:11:58.618,0.9917,0.9919,4.10,1.30
2008.08.26 11:11:58.958,0.9917,0.9918,1.00,1.00
2008.08.26 11:11:59.803,0.9917,0.9918,1.00,1.00
2008.08.26 11:12:00.130,0.9917,0.9918,1.00,4.00
2008.08.26 11:12:00.294,0.9917,0.9918,2.10,3.20
2008.08.26 11:12:00.459,0.9917,0.99185,2.10,2.90
2008.08.26 11:12:00.635,0.9917,0.99185,1.00,3.20
2008.08.26 11:12:00.974,0.9916,0.9917,4.30,1.00
2008.08.26 11:12:01.314,0.9916,0.9917,4.30,1.30
2008.08.26 11:12:01.654,0.9916,0.9917,3.20,1.30
2008.08.26 11:12:01.994,0.9915,0.9916,8.60,1.00
2008.08.26 11:12:02.335,0.9915,0.9916,3.20,1.00
2008.08.26 11:12:02.675,0.9916,0.99165,3.20,1.10
2008.08.26 11:12:02.838,0.9915,0.9917,1.00,4.00
2008.08.26 11:12:03.166,0.9915,0.9917,2.10,3.70
2008.08.26 11:12:04.339,0.99155,0.9917,1.00,1.00
2008.08.26 11:12:05.222,0.99155,0.9917,1.00,1.30
2008.08.26 11:12:05.358,0.9915,0.9917,4.30,1.30
2008.08.26 11:12:05.494,0.9915,0.9917,1.00,3.70
2008.08.26 11:12:05.990,0.9915,0.9916,1.00,1.00
2008.08.26 11:12:06.214,0.9915,0.9916,1.60,1.00
2008.08.26 11:12:10.258,0.9915,0.9917,1.60,3.70
2008.08.26 11:12:10.914,0.9915,0.9917,2.70,1.00
2008.08.26 11:12:11.078,0.9915,0.99175,4.10,1.20
2008.08.26 11:12:11.429,0.9916,0.99175,1.00,1.00
2008.08.26 11:12:11.618,0.9916,0.9918,1.00,4.00
2008.08.26 11:12:12.177,0.9915,0.9918,2.10,4.00
2008.08.26 11:12:12.786,0.9915,0.9917,2.10,1.00
2008.08.26 11:12:13.193,0.9916,0.9917,1.00,1.00
2008.08.26 11:12:13.757,0.9916,0.9917,1.60,1.00
2008.08.26 11:12:14.077,0.9916,0.9917,1.60,3.70
2008.08.26 11:12:14.847,0.99155,0.9916,1.80,1.00
2008.08.26 11:12:16.538,0.9915,0.9916,1.60,1.00
2008.08.26 11:12:16.994,0.99155,0.9916,1.00,1.00
2008.08.26 11:12:18.438,0.9915,0.9917,2.10,1.00
2008.08.26 11:12:18.562,0.9916,0.9917,1.00,1.00
2008.08.26 11:12:18.686,0.9916,0.9917,1.60,3.70
2008.08.26 11:12:19.026,0.9916,0.99165,1.60,1.10
2008.08.26 11:12:19.366,0.9916,0.9918,4.10,1.80
2008.08.26 11:12:19.978,0.9916,0.9917,1.40,3.20
2008.08.26 11:12:20.114,0.99155,0.9916,1.80,1.00
2008.08.26 11:12:20.518,0.9917,0.99175,1.00,1.10
2008.08.26 11:12:21.128,0.9916,0.9917,1.00,1.00
2008.08.26 11:12:22.774,0.99155,0.9916,1.80,1.00
2008.08.26 11:12:23.242,0.9916,0.9917,1.00,1.00
2008.08.26 11:12:23.822,0.9916,0.9917,1.60,1.00
2008.08.26 11:12:24.741,0.9916,0.9918,4.10,1.00
2008.08.26 11:12:25.059,0.9916,0.9918,2.10,1.00
2008.08.26 11:12:26.514,0.9916,0.9918,4.10,1.80
2008.08.26 11:12:27.034,0.9916,0.9918,1.60,1.80
2008.08.26 11:12:27.218,0.9916,0.9918,1.00,1.80
2008.08.26 11:12:27.402,0.9916,0.9918,1.00,4.00
2008.08.26 11:12:28.130,0.9915,0.9918,2.10,4.00
2008.08.26 11:12:28.622,0.9916,0.9918,1.00,4.00
2008.08.26 11:12:29.118,0.9916,0.9918,1.00,4.00
2008.08.26 11:12:29.354,0.9916,0.9918,1.00,4.00
2008.08.26 11:12:29.591,0.9915,0.9918,2.10,4.00
2008.08.26 11:12:29.826,0.9915,0.9918,2.10,1.80
2008.08.26 11:12:30.201,0.9915,0.9918,2.10,4.00
2008.08.26 11:12:31.061,0.9915,0.9918,2.10,1.80
2008.08.26 11:12:31.402,0.9915,0.9918,2.10,2.40
2008.08.26 11:12:31.742,0.9915,0.99175,4.10,1.20
2008.08.26 11:12:32.082,0.9915,0.99175,2.70,1.20
2008.08.26 11:12:32.201,0.9916,0.9918,1.00,1.30
2008.08.26 11:12:32.622,0.99165,0.9918,1.00,1.30
2008.08.26 11:12:33.717,0.9916,0.9918,1.00,1.30
2008.08.26 11:12:34.779,0.99165,0.9918,1.00,1.30
2008.08.26 11:12:37.122,0.9916,0.9918,1.00,1.30
2008.08.26 11:12:38.333,0.9916,0.9918,1.00,3.70
2008.08.26 11:12:38.482,0.9915,0.9918,3.10,4.00
2008.08.26 11:12:38.823,0.9916,0.9917,1.00,1.00
2008.08.26 11:12:39.905,0.9915,0.9917,3.10,1.00
2008.08.26 11:12:41.222,0.9916,0.9917,1.00,1.00
2008.08.26 11:12:42.570,0.9916,0.9918,4.10,1.00
2008.08.26 11:12:42.834,0.9917,0.9918,1.00,1.30
2008.08.26 11:12:43.342,0.9916,0.9918,3.10,1.30
2008.08.26 11:12:43.594,0.9917,0.9918,1.00,1.30
2008.08.26 11:12:44.641,0.9916,0.9918,3.10,1.30
2008.08.26 11:12:44.983,0.9916,0.9918,3.10,1.70
2008.08.26 11:12:45.076,0.9916,0.9918,2.00,1.80
2008.08.26 11:12:45.232,0.9916,0.9918,2.00,4.00
2008.08.26 11:12:45.333,0.99165,0.9917,1.00,1.00
2008.08.26 11:12:45.369,0.9916,0.9917,1.00,1.00
2008.08.26 11:12:46.670,0.9915,0.9917,4.80,1.00
2008.08.26 11:12:47.009,0.9916,0.9917,1.00,1.00
2008.08.26 11:12:48.337,0.99155,0.9916,2.60,1.00
2008.08.26 11:12:49.126,0.99145,0.9916,4.30,1.00
2008.08.26 11:12:49.445,0.9915,0.9916,1.60,1.00
2008.08.26 11:12:49.766,0.9915,0.9917,3.60,1.80
2008.08.26 11:12:50.086,0.9915,0.9917,4.80,1.00
2008.08.26 11:12:55.624,0.9916,0.9917,1.00,1.00
2008.08.26 11:12:56.151,0.9916,0.9917,1.60,1.00
2008.08.26 11:12:56.782,0.9916,0.9917,4.80,1.00
2008.08.26 11:12:57.123,0.9917,0.9918,4.10,1.00
2008.08.26 11:12:57.462,0.9917,0.9918,3.20,1.00
2008.08.26 11:12:57.569,0.9917,0.9918,3.70,1.00
2008.08.26 11:12:57.677,0.9917,0.9918,1.00,1.00
2008.08.26 11:12:57.786,0.9917,0.9918,1.00,1.40
2008.08.26 11:12:57.908,0.9917,0.9918,1.60,1.00
2008.08.26 11:12:59.122,0.9917,0.9918,4.80,1.00
2008.08.26 11:12:59.734,0.9917,0.9918,1.60,1.00
2008.08.26 11:12:59.857,0.9917,0.9918,1.00,1.00
2008.08.26 11:13:00.230,0.9917,0.9919,1.00,1.80
2008.08.26 11:13:00.474,0.99175,0.9919,1.00,1.80
2008.08.26 11:13:01.050,0.9918,0.9919,1.00,1.20
2008.08.26 11:13:01.351,0.9918,0.992,4.10,1.30
2008.08.26 11:13:02.340,0.9919,0.99205,1.00,1.00
2008.08.26 11:13:02.679,0.9919,0.99205,2.00,1.00
2008.08.26 11:13:02.818,0.9919,0.992,2.00,1.00
2008.08.26 11:13:02.958,0.9919,0.992,2.10,1.00
2008.08.26 11:13:03.238,0.9919,0.9921,2.10,4.00
2008.08.26 11:13:03.378,0.9919,0.9921,2.10,1.80
2008.08.26 11:13:03.658,0.9919,0.9921,4.10,1.80
2008.08.26 11:13:03.998,0.9919,0.9921,2.10,1.80
2008.08.26 11:13:04.934,0.9919,0.9921,4.10,1.80
2008.08.26 11:13:05.447,0.9919,0.9921,2.10,4.00
2008.08.26 11:13:05.703,0.9919,0.99205,1.00,1.20
2008.08.26 11:13:07.418,0.9919,0.99205,1.00,1.00
2008.08.26 11:13:08.106,0.9919,0.9921,1.00,1.80
2008.08.26 11:13:08.809,0.9919,0.9921,4.10,1.80
2008.08.26 11:13:09.308,0.9919,0.9921,2.10,1.30
2008.08.26 11:13:10.959,0.992,0.99215,1.00,1.00
2008.08.26 11:13:11.295,0.992,0.9921,1.00,1.00
2008.08.26 11:13:11.630,0.992,0.9921,2.10,1.00
2008.08.26 11:13:12.466,0.992,0.9922,2.10,1.80
2008.08.26 11:13:13.033,0.992,0.9922,2.00,1.80
2008.08.26 11:13:15.643,0.992,0.9921,2.00,1.00
2008.08.26 11:13:16.142,0.992,0.99215,2.00,1.00
2008.08.26 11:13:16.610,0.992,0.99215,2.00,1.20
2008.08.26 11:13:16.935,0.992,0.9922,2.00,1.80
2008.08.26 11:13:19.321,0.992,0.9922,2.10,1.80
2008.08.26 11:13:19.477,0.992,0.9922,4.10,1.80
2008.08.26 11:13:19.557,0.992,0.9922,2.00,1.70
2008.08.26 11:13:19.637,0.992,0.9922,2.00,1.30
2008.08.26 11:13:20.133,0.9921,0.99225,1.00,1.00
2008.08.26 11:13:21.085,0.992,0.9922,2.10,3.70
2008.08.26 11:13:21.263,0.992,0.9922,2.10,1.30
2008.08.26 11:13:21.938,0.992,0.9921,2.00,1.00
2008.08.26 11:13:22.622,0.992,0.99215,1.00,1.00
2008.08.26 11:13:23.979,0.992,0.99215,1.00,4.30
2008.08.26 11:13:24.267,0.992,0.9921,1.00,3.50
2008.08.26 11:13:24.555,0.992,0.99215,1.00,1.00
2008.08.26 11:13:24.681,0.9919,0.9921,2.10,1.30
2008.08.26 11:13:25.373,0.9919,0.9921,2.10,3.70
2008.08.26 11:13:26.281,0.9919,0.9921,1.00,3.70
2008.08.26 11:13:26.468,0.9919,0.9921,1.00,4.00
2008.08.26 11:13:27.146,0.9919,0.9921,4.10,1.80
2008.08.26 11:13:29.249,0.9919,0.9921,2.10,1.80
2008.08.26 11:13:29.721,0.9919,0.9921,2.00,1.80
2008.08.26 11:13:29.849,0.992,0.9921,1.00,1.20
2008.08.26 11:13:30.501,0.992,0.99215,1.00,1.00
2008.08.26 11:13:33.448,0.992,0.9921,1.00,1.00
2008.08.26 11:13:33.983,0.992,0.99215,2.10,2.20
2008.08.26 11:13:34.298,0.9919,0.9921,2.10,1.80
2008.08.26 11:13:34.933,0.9919,0.9921,1.00,4.00
2008.08.26 11:13:35.077,0.9919,0.99205,1.00,1.00
2008.08.26 11:13:35.221,0.9919,0.99205,1.00,1.20
2008.08.26 11:13:35.506,0.9919,0.9921,1.00,4.00
2008.08.26 11:13:35.799,0.9919,0.992,1.00,1.00
2008.08.26 11:13:35.941,0.9919,0.99205,1.00,1.00
2008.08.26 11:13:38.879,0.9919,0.99205,1.00,1.20
2008.08.26 11:13:39.164,0.9919,0.9921,1.00,2.40
2008.08.26 11:13:39.518,0.9919,0.99205,1.00,1.20
2008.08.26 11:13:40.793,0.9919,0.9921,1.00,6.20
2008.08.26 11:13:40.909,0.9919,0.99205,1.00,1.20
2008.08.26 11:13:42.449,0.9919,0.9921,1.00,4.00
2008.08.26 11:13:42.885,0.9919,0.9921,2.10,3.70
2008.08.26 11:13:43.213,0.9919,0.9921,2.10,1.00
2008.08.26 11:13:43.397,0.9919,0.9921,2.10,1.30
2008.08.26 11:13:43.581,0.9919,0.9921,3.70,1.30
2008.08.26 11:13:43.765,0.992,0.9921,1.00,1.00
2008.08.26 11:13:51.061,0.992,0.99215,1.00,1.00
2008.08.26 11:13:51.401,0.992,0.9921,1.00,1.00
2008.08.26 11:13:51.741,0.992,0.9921,2.10,1.00
2008.08.26 11:13:52.082,0.992,0.9922,2.10,1.30
2008.08.26 11:13:53.422,0.992,0.9922,1.00,1.80
2008.08.26 11:13:54.227,0.992,0.9922,2.10,1.30
2008.08.26 11:13:55.497,0.992,0.9922,2.10,3.70
2008.08.26 11:13:55.949,0.992,0.9922,1.00,4.00
2008.08.26 11:13:56.177,0.992,0.9921,1.00,1.00
2008.08.26 11:13:56.741,0.992,0.9922,1.00,1.80
2008.08.26 11:13:57.081,0.992,0.9922,2.10,1.30
2008.08.26 11:13:57.693,0.992,0.9922,2.10,3.70
2008.08.26 11:13:57.777,0.992,0.9922,1.00,4.00
2008.08.26 11:13:57.941,0.992,0.9922,1.00,1.80
2008.08.26 11:13:58.945,0.992,0.9922,2.10,1.30
2008.08.26 11:13:59.857,0.992,0.9922,2.10,3.70
2008.08.26 11:13:59.965,0.992,0.9922,1.00,3.70
2008.08.26 11:14:00.027,0.992,0.9922,1.00,4.00
2008.08.26 11:14:00.530,0.992,0.9921,1.00,1.00
2008.08.26 11:14:02.476,0.992,0.9922,1.00,4.00
2008.08.26 11:14:02.932,0.992,0.9921,1.00,1.00
2008.08.26 11:14:03.025,0.9919,0.9921,2.10,1.30
2008.08.26 11:14:03.081,0.9919,0.9921,4.10,1.30
2008.08.26 11:14:04.438,0.9919,0.9921,4.10,1.80
2008.08.26 11:14:04.658,0.9919,0.9921,1.00,4.00
2008.08.26 11:14:04.718,0.99185,0.992,1.00,1.00
2008.08.26 11:14:05.137,0.9918,0.992,4.80,1.00
2008.08.26 11:14:05.702,0.99175,0.992,6.60,1.00
2008.08.26 11:14:05.965,0.9919,0.9921,4.10,1.80
2008.08.26 11:14:06.226,0.9919,0.992,3.70,1.00
2008.08.26 11:14:06.486,0.99195,0.992,1.00,1.00
2008.08.26 11:14:06.746,0.99195,0.9921,1.00,1.00
2008.08.26 11:14:07.430,0.992,0.9922,1.00,1.80
2008.08.26 11:14:08.035,0.992,0.9922,2.10,1.30
2008.08.26 11:14:18.391,0.992,0.9921,2.10,1.00
2008.08.26 11:14:19.661,0.992,0.9921,1.00,1.00
2008.08.26 11:14:19.921,0.992,0.9922,1.00,4.00
2008.08.26 11:14:21.373,0.992,0.9922,2.10,1.70
2008.08.26 11:14:21.561,0.992,0.9922,2.10,1.30
2008.08.26 11:14:21.881,0.9919,0.9922,2.10,1.80
2008.08.26 11:14:22.517,0.99195,0.9921,1.00,1.00
2008.08.26 11:14:22.854,0.992,0.9922,1.00,1.80
2008.08.26 11:14:23.352,0.992,0.9922,1.00,1.30
2008.08.26 11:14:23.810,0.992,0.9922,1.00,1.80
2008.08.26 11:14:24.098,0.992,0.9921,1.00,1.00
2008.08.26 11:14:24.387,0.992,0.9922,1.60,2.00
2008.08.26 11:14:24.674,0.992,0.9922,1.60,1.00
2008.08.26 11:14:24.939,0.992,0.9921,1.00,1.00
2008.08.26 11:14:26.939,0.992,0.9922,2.10,1.30
2008.08.26 11:14:27.613,0.992,0.9922,1.00,1.30
2008.08.26 11:14:28.097,0.99205,0.9922,1.00,1.30
2008.08.26 11:14:28.564,0.992,0.9922,1.00,1.30
2008.08.26 11:14:29.761,0.992,0.9922,1.00,1.80
2008.08.26 11:14:30.454,0.992,0.9922,1.00,1.30
2008.08.26 11:14:31.817,0.99205,0.9922,1.00,1.30
2008.08.26 11:14:33.757,0.992,0.9922,1.00,1.40
2008.08.26 11:14:33.953,0.992,0.9922,1.00,1.80
2008.08.26 11:14:35.221,0.992,0.9922,1.00,1.30
2008.08.26 11:14:37.575,0.992,0.9921,1.00,1.00
2008.08.26 11:14:39.982,0.992,0.9921,1.00,1.30
2008.08.26 11:14:41.063,0.9919,0.9921,2.10,1.30
2008.08.26 11:14:41.569,0.99195,0.992,1.00,1.00
2008.08.26 11:14:41.909,0.9919,0.992,1.00,1.00
2008.08.26 11:14:42.450,0.99195,0.992,1.00,1.00
2008.08.26 11:14:43.604,0.9919,0.992,1.00,1.00
2008.08.26 11:14:44.150,0.9919,0.992,4.30,1.00
2008.08.26 11:14:44.941,0.9919,0.9921,2.10,1.30
2008.08.26 11:14:45.282,0.99195,0.992,1.00,1.00
2008.08.26 11:14:46.021,0.9919,0.9921,2.10,1.30
2008.08.26 11:14:46.225,0.992,0.9921,1.00,1.00
2008.08.26 11:14:47.769,0.992,0.9922,2.10,4.00
2008.08.26 11:14:47.945,0.992,0.9922,2.10,1.80
2008.08.26 11:14:48.293,0.992,0.9921,2.10,1.00
2008.08.26 11:14:48.933,0.992,0.9921,1.00,1.30
2008.08.26 11:14:49.402,0.992,0.99215,1.00,1.00
2008.08.26 11:14:49.797,0.992,0.9921,2.10,1.00
2008.08.26 11:14:49.997,0.992,0.9922,2.10,1.80
2008.08.26 11:14:50.197,0.992,0.9922,2.10,3.70
2008.08.26 11:14:50.605,0.992,0.9921,2.10,1.00
2008.08.26 11:14:51.025,0.992,0.9922,2.10,1.30
2008.08.26 11:14:54.025,0.992,0.9922,2.10,1.70
2008.08.26 11:14:54.173,0.992,0.9922,1.00,1.80
2008.08.26 11:14:55.470,0.992,0.9921,1.00,1.00
2008.08.26 11:14:55.738,0.992,0.9922,1.00,1.80
2008.08.26 11:14:55.853,0.992,0.9922,2.10,1.80
2008.08.26 11:14:56.433,0.992,0.9922,2.10,1.30
2008.08.26 11:14:57.633,0.992,0.9921,1.00,1.00
2008.08.26 11:14:58.310,0.992,0.9922,1.00,1.80
2008.08.26 11:14:58.625,0.9919,0.9921,2.10,1.00
2008.08.26 11:14:58.846,0.99205,0.9921,1.00,1.00
2008.08.26 11:14:59.658,0.992,0.99215,1.00,1.20
2008.08.26 11:15:00.485,0.992,0.9922,2.10,1.30
2008.08.26 11:15:00.641,0.992,0.9921,2.10,1.00
2008.08.26 11:15:01.253,0.992,0.99215,2.10,1.00
2008.08.26 11:15:01.409,0.992,0.99215,1.00,1.00
2008.08.26 11:15:02.424,0.992,0.9921,1.00,1.00
2008.08.26 11:15:03.921,0.992,0.99215,1.00,1.00
2008.08.26 11:15:04.149,0.992,0.9921,1.00,1.00
2008.08.26 11:15:05.161,0.992,0.99215,1.00,1.00
2008.08.26 11:15:07.095,0.9919,0.9921,2.10,1.30
2008.08.26 11:15:07.434,0.9919,0.9921,4.10,1.30
2008.08.26 11:15:07.618,0.9919,0.99215,3.60,1.00
2008.08.26 11:15:07.991,0.9919,0.99215,2.70,1.00
2008.08.26 11:15:08.353,0.9919,0.9921,2.70,1.30
2008.08.26 11:15:08.539,0.9919,0.9921,4.10,1.30
2008.08.26 11:15:08.847,0.9919,0.9921,2.10,1.30
2008.08.26 11:15:09.171,0.9919,0.9921,4.10,1.30
2008.08.26 11:15:09.781,0.9919,0.9921,2.10,3.70
2008.08.26 11:15:10.995,0.9919,0.9921,2.10,4.00
2008.08.26 11:15:11.389,0.9919,0.9921,2.10,3.70
2008.08.26 11:15:12.370,0.9919,0.9921,2.10,1.30
2008.08.26 11:15:12.727,0.9919,0.9921,2.10,3.70
2008.08.26 11:15:18.625,0.9919,0.9921,2.10,4.00
2008.08.26 11:15:20.063,0.9919,0.99205,2.10,1.00
2008.08.26 11:15:20.257,0.9919,0.992,2.10,3.20
2008.08.26 11:15:20.453,0.9919,0.9921,2.10,4.00
2008.08.26 11:15:20.841,0.9919,0.9921,1.00,1.80
2008.08.26 11:15:20.965,0.9919,0.9921,2.10,4.00
2008.08.26 11:15:21.693,0.9919,0.99205,1.00,1.20
2008.08.26 11:15:21.817,0.9919,0.99205,1.00,1.00
2008.08.26 11:15:22.168,0.9919,0.99205,1.00,1.20
2008.08.26 11:15:23.087,0.99205,0.9921,1.00,1.30
2008.08.26 11:15:23.310,0.99205,0.9921,1.00,1.00
2008.08.26 11:15:23.533,0.992,0.9922,2.10,1.30
2008.08.26 11:15:26.433,0.9921,0.9922,1.00,1.30
2008.08.26 11:15:26.877,0.9921,0.9922,2.10,1.00
2008.08.26 11:15:27.774,0.9921,0.9923,2.10,3.70
2008.08.26 11:15:28.453,0.99215,0.9923,1.00,3.70
2008.08.26 11:15:28.573,0.9921,0.9923,1.00,3.70
2008.08.26 11:15:28.913,0.9921,0.9922,1.00,1.00
2008.08.26 11:15:29.141,0.992,0.9922,2.10,1.00
2008.08.26 11:15:30.154,0.992,0.9922,1.40,1.80
2008.08.26 11:15:30.389,0.992,0.99215,1.40,1.20
2008.08.26 11:15:30.626,0.9919,0.9921,4.10,1.00
2008.08.26 11:15:32.841,0.9919,0.9921,2.10,1.00
2008.08.26 11:15:33.326,0.992,0.9922,1.00,2.40
2008.08.26 11:15:33.865,0.9919,0.9921,2.10,1.00
2008.08.26 11:15:34.222,0.9919,0.9921,2.10,1.30
2008.08.26 11:15:35.413,0.9919,0.9921,2.10,1.00
2008.08.26 11:15:35.849,0.992,0.99215,1.00,1.20
2008.08.26 11:15:36.069,0.992,0.9922,1.00,4.00
2008.08.26 11:15:37.331,0.992,0.9921,1.00,1.00
2008.08.26 11:15:37.902,0.9919,0.9921,2.10,1.30
2008.08.26 11:15:38.473,0.99195,0.9921,1.00,1.30
2008.08.26 11:15:38.622,0.9919,0.9921,4.30,1.30
2008.08.26 11:15:39.985,0.9919,0.9921,1.00,1.30
2008.08.26 11:15:40.161,0.9919,0.992,1.00,1.00
2008.08.26 11:15:40.510,0.9918,0.99205,4.10,1.00
2008.08.26 11:15:40.719,0.9918,0.992,4.10,1.30
2008.08.26 11:15:41.143,0.9918,0.9919,4.30,1.00
2008.08.26 11:15:41.352,0.9918,0.9919,1.00,1.00
2008.08.26 11:15:41.557,0.9917,0.9919,4.10,1.00
2008.08.26 11:15:41.898,0.9917,0.9919,4.80,1.00
2008.08.26 11:15:42.238,0.99165,0.9919,7.50,1.00
2008.08.26 11:15:42.577,0.9917,0.992,4.10,1.80
2008.08.26 11:15:42.721,0.9917,0.992,2.70,1.80
2008.08.26 11:15:42.865,0.9918,0.992,1.00,1.80
2008.08.26 11:15:43.290,0.9917,0.99195,4.10,1.20
2008.08.26 11:15:43.434,0.9917,0.992,2.10,1.80
2008.08.26 11:15:43.913,0.9918,0.9919,1.00,1.00
2008.08.26 11:15:44.265,0.9918,0.9919,4.10,1.00
2008.08.26 11:15:44.736,0.9918,0.992,4.10,1.80
2008.08.26 11:15:45.161,0.9918,0.992,4.30,1.80
2008.08.26 11:15:45.312,0.9918,0.992,3.20,6.20
2008.08.26 11:15:45.457,0.9918,0.992,3.20,1.80
2008.08.26 11:15:45.604,0.9917,0.992,2.10,1.80
2008.08.26 11:15:46.189,0.9918,0.992,1.00,1.30
2008.08.26 11:15:48.024,0.9918,0.9919,1.00,1.00
2008.08.26 11:15:48.325,0.9917,0.9919,2.10,1.00
2008.08.26 11:15:48.481,0.99175,0.9919,1.00,1.00
2008.08.26 11:15:49.333,0.99175,0.99195,1.00,1.00
2008.08.26 11:15:50.737,0.99175,0.9919,1.00,1.00
2008.08.26 11:15:53.085,0.99165,0.99195,2.80,1.00
2008.08.26 11:15:53.170,0.9917,0.99195,1.00,1.00
2008.08.26 11:15:53.333,0.9917,0.99195,4.30,1.00
2008.08.26 11:15:53.418,0.9918,0.9919,1.00,1.00
2008.08.26 11:15:56.277,0.9918,0.992,1.00,6.20
2008.08.26 11:15:56.729,0.9917,0.992,2.10,4.00
2008.08.26 11:15:57.549,0.9917,0.9919,2.10,1.00
2008.08.26 11:15:58.238,0.9917,0.992,2.10,9.40
2008.08.26 11:15:58.602,0.9917,0.992,2.10,6.20
2008.08.26 11:15:58.965,0.9917,0.992,2.10,4.00
2008.08.26 11:15:59.089,0.9917,0.9919,2.10,1.00
2008.08.26 11:15:59.565,0.9918,0.99195,3.20,1.00
2008.08.26 11:15:59.892,0.9918,0.9919,3.20,1.30
2008.08.26 11:16:00.221,0.9918,0.99195,1.00,1.00
2008.08.26 11:16:01.234,0.9917,0.9918,4.90,1.00
2008.08.26 11:16:01.910,0.9917,0.9919,4.10,1.80
2008.08.26 11:16:02.361,0.9917,0.9919,4.10,1.30
2008.08.26 11:16:03.722,0.9917,0.9919,2.10,3.70
2008.08.26 11:16:03.799,0.9917,0.9919,2.10,4.00
2008.08.26 11:16:04.393,0.9917,0.9919,1.00,4.00
2008.08.26 11:16:06.001,0.99165,0.9917,1.00,1.00
2008.08.26 11:16:06.177,0.9916,0.9917,1.00,1.00
2008.08.26 11:16:06.353,0.9915,0.9917,2.10,1.00
2008.08.26 11:16:06.529,0.9916,0.9917,1.00,1.00
2008.08.26 11:16:06.837,0.9916,0.99175,1.40,1.00
2008.08.26 11:16:07.145,0.9916,0.9918,2.10,1.00
2008.08.26 11:16:07.453,0.9916,0.9919,2.10,2.40
2008.08.26 11:16:08.185,0.9917,0.9919,1.00,1.70
2008.08.26 11:16:08.408,0.9917,0.9918,2.10,1.00
2008.08.26 11:16:09.149,0.9917,0.99185,1.00,1.00
2008.08.26 11:16:09.798,0.9917,0.9918,1.00,1.00
2008.08.26 11:16:10.033,0.9918,0.9919,1.00,5.20
2008.08.26 11:16:10.505,0.9917,0.9918,2.10,1.00
2008.08.26 11:16:11.488,0.9917,0.9919,2.10,3.70
2008.08.26 11:16:11.941,0.9917,0.9919,4.10,1.30
2008.08.26 11:16:12.261,0.9918,0.99195,1.00,1.00
2008.08.26 11:16:15.267,0.9918,0.9919,1.00,1.00
2008.08.26 11:16:16.669,0.9918,0.99195,1.00,1.00
2008.08.26 11:16:17.943,0.9918,0.99195,1.00,1.20
2008.08.26 11:16:18.202,0.9918,0.99195,1.00,1.00
2008.08.26 11:16:19.889,0.9918,0.99195,1.00,1.20
2008.08.26 11:16:20.881,0.9919,0.99195,1.00,1.20
2008.08.26 11:16:21.493,0.9918,0.99195,4.10,1.00
2008.08.26 11:16:21.801,0.9918,0.9919,2.10,1.00
2008.08.26 11:16:22.061,0.9918,0.9919,1.00,1.00
2008.08.26 11:16:22.993,0.9918,0.992,1.00,4.00
2008.08.26 11:16:24.834,0.9918,0.99195,1.00,1.20
2008.08.26 11:16:25.041,0.9918,0.99195,4.10,1.20
2008.08.26 11:16:25.249,0.9918,0.992,4.10,1.80
2008.08.26 11:16:25.468,0.9918,0.992,1.00,4.00
2008.08.26 11:16:27.474,0.9918,0.99195,1.00,1.20
2008.08.26 11:16:28.020,0.9918,0.992,1.00,4.00
2008.08.26 11:16:28.953,0.9917,0.992,2.10,4.00
2008.08.26 11:16:29.399,0.9917,0.992,4.10,1.80
2008.08.26 11:16:29.633,0.9917,0.99195,4.10,1.20
2008.08.26 11:16:30.860,0.9917,0.99195,2.10,1.20
2008.08.26 11:16:31.393,0.9918,0.99195,3.20,1.20
2008.08.26 11:16:36.968,0.9917,0.99195,2.10,1.20
2008.08.26 11:16:37.382,0.9917,0.99195,4.10,1.20
2008.08.26 11:16:38.393,0.9917,0.9919,4.10,1.00
2008.08.26 11:16:38.748,0.9917,0.99195,4.10,1.20
2008.08.26 11:16:39.093,0.9917,0.99195,2.10,1.20
2008.08.26 11:16:39.397,0.9917,0.992,2.10,4.00
2008.08.26 11:16:39.717,0.9917,0.992,2.10,1.80
2008.08.26 11:16:40.153,0.9917,0.9919,2.10,1.00
2008.08.26 11:16:40.373,0.9918,0.9919,4.10,1.00
2008.08.26 11:16:40.593,0.9918,0.9919,2.10,1.00
2008.08.26 11:16:41.605,0.9918,0.992,1.00,1.80
2008.08.26 11:16:42.168,0.9918,0.992,2.10,1.80
2008.08.26 11:16:44.482,0.9918,0.992,4.10,1.40
2008.08.26 11:16:44.736,0.9918,0.992,2.10,1.00
2008.08.26 11:16:45.345,0.9919,0.992,3.20,1.00
2008.08.26 11:16:45.449,0.9918,0.992,2.10,1.00
2008.08.26 11:16:46.501,0.9918,0.992,4.10,1.00
2008.08.26 11:16:47.301,0.9918,0.992,4.10,1.80
2008.08.26 11:16:47.540,0.9918,0.992,2.10,1.80
2008.08.26 11:16:47.781,0.9918,0.992,4.10,1.40
2008.08.26 11:16:48.020,0.9918,0.992,2.10,1.30
2008.08.26 11:16:48.269,0.9918,0.99205,2.10,1.00
2008.08.26 11:16:50.317,0.9919,0.99205,3.20,1.00
2008.08.26 11:16:50.441,0.9918,0.99205,4.10,1.00
2008.08.26 11:16:50.804,0.9918,0.99205,4.10,1.20
2008.08.26 11:16:50.945,0.9918,0.9921,2.10,1.80
2008.08.26 11:16:54.160,0.9918,0.9921,2.10,2.40
2008.08.26 11:16:54.793,0.9919,0.9921,1.00,2.40
2008.08.26 11:16:55.012,0.9919,0.992,1.00,1.00
2008.08.26 11:16:55.664,0.9918,0.992,2.10,1.30
2008.08.26 11:16:55.884,0.9918,0.992,2.10,1.80
2008.08.26 11:16:57.137,0.9918,0.9919,1.00,1.00
2008.08.26 11:16:57.814,0.9918,0.99195,1.00,1.00
2008.08.26 11:17:00.609,0.9919,0.99195,1.00,1.00
2008.08.26 11:17:00.845,0.9919,0.99205,1.00,1.00
2008.08.26 11:17:00.965,0.9918,0.992,2.10,1.30
2008.08.26 11:17:02.216,0.9918,0.992,2.10,1.80
2008.08.26 11:17:05.365,0.9918,0.992,2.10,4.00
2008.08.26 11:17:06.894,0.9918,0.99195,1.00,1.20
2008.08.26 11:17:07.325,0.9918,0.99195,1.00,1.00
2008.08.26 11:17:07.549,0.9919,0.99195,1.00,1.00
2008.08.26 11:17:07.766,0.9919,0.99195,1.00,1.20
2008.08.26 11:17:08.201,0.9918,0.992,1.00,1.80
2008.08.26 11:17:08.441,0.9918,0.99195,1.00,1.20
2008.08.26 11:17:09.393,0.9919,0.99195,1.00,1.20
2008.08.26 11:17:09.635,0.9919,0.99195,1.00,1.00
2008.08.26 11:17:09.844,0.9918,0.992,1.00,4.00
2008.08.26 11:17:10.067,0.9918,0.9919,1.00,1.00
2008.08.26 11:17:10.465,0.9918,0.9919,1.00,4.00
2008.08.26 11:17:10.645,0.9917,0.9919,1.00,4.00
2008.08.26 11:17:11.837,0.9917,0.9919,1.00,1.80
2008.08.26 11:17:12.081,0.9917,0.99185,4.10,1.20
2008.08.26 11:17:12.325,0.9917,0.99185,1.00,1.20
2008.08.26 11:17:13.002,0.9917,0.99195,2.10,4.30
2008.08.26 11:17:13.342,0.9918,0.992,1.00,4.00
2008.08.26 11:17:13.649,0.9918,0.992,1.60,3.70
2008.08.26 11:17:13.815,0.9918,0.992,1.00,3.70
2008.08.26 11:17:13.971,0.9918,0.992,1.60,3.70
2008.08.26 11:17:14.277,0.9919,0.992,1.00,3.70
2008.08.26 11:17:14.749,0.9919,0.9921,1.60,11.30
2008.08.26 11:17:15.069,0.9919,0.9921,1.00,11.60
2008.08.26 11:17:15.649,0.9919,0.99205,2.10,3.50
2008.08.26 11:17:15.912,0.9919,0.99205,1.40,3.50
2008.08.26 11:17:16.177,0.9919,0.99205,1.40,1.20
2008.08.26 11:17:16.441,0.9919,0.992,1.00,1.00
2008.08.26 11:17:16.744,0.9918,0.992,2.10,1.00
2008.08.26 11:17:17.649,0.9919,0.992,1.00,1.00
2008.08.26 11:17:17.988,0.9919,0.9921,2.10,2.00
2008.08.26 11:17:18.328,0.9919,0.9921,1.00,2.40
2008.08.26 11:17:18.669,0.9918,0.992,2.10,1.00
2008.08.26 11:17:19.392,0.9918,0.992,1.40,1.80
2008.08.26 11:17:19.576,0.9919,0.992,1.00,1.20
2008.08.26 11:17:20.124,0.9919,0.9921,1.00,4.00
2008.08.26 11:17:20.673,0.9919,0.9921,1.00,1.80
2008.08.26 11:17:21.168,0.9919,0.9921,1.00,4.00
2008.08.26 11:17:21.392,0.9919,0.9921,1.00,6.20
2008.08.26 11:17:22.220,0.9919,0.992,1.00,1.20
2008.08.26 11:17:22.556,0.9919,0.992,1.00,1.00
2008.08.26 11:17:22.893,0.9919,0.99205,1.00,3.50
2008.08.26 11:17:23.329,0.9919,0.992,1.00,3.50
2008.08.26 11:17:23.909,0.9919,0.992,1.00,1.20
2008.08.26 11:17:24.124,0.9919,0.99205,1.00,1.20
2008.08.26 11:17:24.765,0.9919,0.9921,1.00,4.00
2008.08.26 11:17:24.981,0.9919,0.9921,2.00,4.00
2008.08.26 11:17:25.190,0.9919,0.9921,2.10,3.70
2008.08.26 11:17:25.397,0.992,0.99215,1.00,1.20
2008.08.26 11:17:25.605,0.992,0.99215,1.00,1.00
2008.08.26 11:17:29.391,0.992,0.99215,1.00,1.20
2008.08.26 11:17:34.137,0.992,0.9921,1.00,1.20
2008.08.26 11:17:34.621,0.992,0.99215,1.00,1.20
2008.08.26 11:17:35.411,0.992,0.9922,1.00,1.80
2008.08.26 11:17:35.553,0.992,0.99215,1.00,1.20
2008.08.26 11:17:36.329,0.992,0.9922,1.00,4.00
2008.08.26 11:17:36.732,0.992,0.99215,1.00,1.00
2008.08.26 11:17:36.937,0.992,0.99215,1.00,1.20
2008.08.26 11:17:37.365,0.992,0.9922,1.00,4.00
2008.08.26 11:17:38.236,0.9919,0.9921,2.10,1.00
2008.08.26 11:17:39.388,0.992,0.99215,1.00,1.20
2008.08.26 11:17:39.619,0.992,0.99215,1.00,1.00
2008.08.26 11:17:39.840,0.9919,0.9921,2.10,1.30
2008.08.26 11:17:40.300,0.9919,0.9921,2.10,1.00
2008.08.26 11:17:41.566,0.992,0.99215,1.00,1.20
2008.08.26 11:17:43.396,0.9919,0.9921,2.10,1.00
2008.08.26 11:17:45.647,0.9919,0.9921,2.10,1.30
2008.08.26 11:17:49.008,0.9919,0.9921,4.10,1.30
2008.08.26 11:17:49.075,0.99205,0.9921,1.00,1.30
2008.08.26 11:17:49.358,0.992,0.9921,2.10,1.00
2008.08.26 11:17:49.402,0.992,0.9922,2.10,2.70
2008.08.26 11:17:49.440,0.992,0.9922,2.10,1.30
2008.08.26 11:17:50.216,0.992,0.9922,2.10,1.00
2008.08.26 11:17:51.509,0.992,0.9922,2.10,1.00
2008.08.26 11:17:51.705,0.992,0.9922,2.10,1.80
2008.08.26 11:17:52.187,0.992,0.9922,2.10,4.00
2008.08.26 11:17:52.604,0.992,0.9922,1.00,4.00
2008.08.26 11:17:53.745,0.992,0.9922,1.00,1.80
2008.08.26 11:17:56.522,0.992,0.9922,1.00,6.20
2008.08.26 11:17:57.668,0.992,0.9921,1.00,1.00
2008.08.26 11:18:08.753,0.992,0.9922,1.00,6.20
2008.08.26 11:18:13.390,0.9921,0.9922,1.00,5.60
2008.08.26 11:18:13.893,0.9921,0.9922,1.00,2.40
2008.08.26 11:18:14.156,0.9921,0.9922,1.00,1.20
2008.08.26 11:18:16.368,0.99195,0.9921,2.50,1.00
2008.08.26 11:18:16.744,0.9921,0.9922,1.00,1.20
2008.08.26 11:18:18.744,0.992,0.9922,1.00,4.00
2008.08.26 11:18:18.888,0.992,0.9922,1.00,6.20
2008.08.26 11:18:23.493,0.992,0.9922,1.00,4.00
2008.08.26 11:18:23.832,0.992,0.9922,2.10,1.80
2008.08.26 11:18:24.412,0.9921,0.9922,1.00,1.20
2008.08.26 11:18:25.048,0.9921,0.9922,1.00,1.00
2008.08.26 11:18:25.158,0.9921,0.9922,1.00,1.00
2008.08.26 11:18:26.369,0.9921,0.9923,1.00,4.00
2008.08.26 11:18:26.852,0.9921,0.9923,2.00,4.00
2008.08.26 11:18:27.281,0.9922,0.9923,1.00,3.50
2008.08.26 11:18:27.839,0.9922,0.99235,1.00,4.30
2008.08.26 11:18:31.618,0.9921,0.9923,2.10,3.70
2008.08.26 11:18:32.037,0.9922,0.99225,1.00,1.00
2008.08.26 11:18:32.523,0.9922,0.99225,1.00,1.20
2008.08.26 11:18:32.908,0.9921,0.99225,1.00,1.20
2008.08.26 11:18:33.408,0.9921,0.9922,1.00,1.20
2008.08.26 11:18:33.748,0.9922,0.9923,1.00,3.60
2008.08.26 11:18:34.088,0.9922,0.99225,1.00,1.20
2008.08.26 11:18:35.145,0.9922,0.99235,1.00,1.00
2008.08.26 11:18:35.665,0.9922,0.99235,1.00,4.30
2008.08.26 11:18:35.864,0.9922,0.9923,1.00,3.50
2008.08.26 11:18:37.747,0.9922,0.99225,1.00,1.20
2008.08.26 11:18:38.628,0.9921,0.99225,1.00,1.20
2008.08.26 11:18:45.406,0.992,0.9922,2.10,1.00
2008.08.26 11:18:46.068,0.9921,0.99225,1.00,1.20
2008.08.26 11:18:46.421,0.9921,0.9922,1.00,1.00
2008.08.26 11:18:46.677,0.992,0.9922,2.10,3.70
2008.08.26 11:18:48.373,0.992,0.9922,1.00,4.00
2008.08.26 11:18:48.856,0.992,0.9922,1.00,1.80
2008.08.26 11:18:49.964,0.992,0.9922,2.10,1.30
2008.08.26 11:18:50.593,0.992,0.9922,2.10,1.80
2008.08.26 11:18:51.089,0.992,0.9922,2.10,1.70
2008.08.26 11:18:51.152,0.992,0.9922,2.10,1.30
2008.08.26 11:18:53.114,0.9921,0.9922,1.00,1.00
2008.08.26 11:18:53.436,0.9921,0.9923,2.10,3.70
2008.08.26 11:18:54.360,0.9921,0.9923,1.00,4.00
2008.08.26 11:18:57.725,0.9921,0.99225,1.00,1.20
2008.08.26 11:18:58.461,0.9921,0.9923,2.10,3.70
2008.08.26 11:18:58.980,0.9921,0.9923,1.00,4.00
2008.08.26 11:19:00.765,0.9921,0.9923,1.00,1.80
2008.08.26 11:19:00.792,0.9921,0.99225,1.00,1.20
2008.08.26 11:19:01.308,0.9921,0.9923,1.00,4.00
2008.08.26 11:19:02.024,0.9921,0.99225,1.00,1.20
2008.08.26 11:19:02.300,0.9921,0.9923,1.00,1.80
2008.08.26 11:19:02.576,0.9921,0.9923,1.00,4.00
2008.08.26 11:19:02.852,0.9921,0.99225,1.00,1.00
2008.08.26 11:19:03.128,0.9921,0.99225,1.00,1.20
2008.08.26 11:19:04.296,0.9921,0.9923,1.00,4.00
2008.08.26 11:19:05.236,0.9921,0.9923,2.10,4.00
2008.08.26 11:19:05.708,0.9921,0.9923,1.00,4.00
2008.08.26 11:19:06.868,0.9921,0.9923,2.10,4.00
2008.08.26 11:19:07.064,0.9921,0.9923,1.00,4.00
2008.08.26 11:19:07.492,0.9921,0.99225,1.00,1.20
2008.08.26 11:19:07.728,0.992,0.9922,2.10,1.00
2008.08.26 11:19:08.196,0.992,0.9922,2.10,1.80
2008.08.26 11:19:08.848,0.992,0.9922,1.00,1.80
2008.08.26 11:19:10.576,0.992,0.99215,1.00,1.20
2008.08.26 11:19:10.872,0.992,0.9922,1.00,1.80
2008.08.26 11:19:11.741,0.992,0.99215,1.00,1.20
2008.08.26 11:19:11.988,0.9921,0.99215,1.00,1.20
2008.08.26 11:19:12.236,0.99205,0.9921,1.60,1.00
2008.08.26 11:19:12.485,0.9921,0.99225,1.00,1.00
2008.08.26 11:19:15.696,0.992,0.9922,2.10,1.30
2008.08.26 11:19:15.868,0.992,0.9922,1.00,1.40
2008.08.26 11:19:15.956,0.992,0.9922,1.00,1.80
2008.08.26 11:19:16.045,0.992,0.9921,1.00,1.00
2008.08.26 11:19:19.197,0.9919,0.9921,2.10,1.30
2008.08.26 11:19:19.728,0.9919,0.9921,2.10,3.70
2008.08.26 11:19:20.088,0.9919,0.9921,1.00,4.00
2008.08.26 11:19:20.428,0.9919,0.992,1.00,1.00
2008.08.26 11:19:21.104,0.9918,0.992,2.10,1.30
2008.08.26 11:19:21.192,0.9918,0.992,2.10,3.70
2008.08.26 11:19:21.280,0.9918,0.992,2.10,1.00
2008.08.26 11:19:21.545,0.992,0.9921,1.00,1.20
2008.08.26 11:19:21.716,0.99185,0.992,1.70,1.00
2008.08.26 11:19:22.224,0.9919,0.9921,1.00,4.00
2008.08.26 11:19:22.564,0.9919,0.992,1.00,1.00
2008.08.26 11:19:23.613,0.992,0.9921,1.00,4.10
2008.08.26 11:19:23.798,0.992,0.9921,1.00,3.50
2008.08.26 11:19:23.982,0.992,0.9921,1.00,1.20
2008.08.26 11:19:24.659,0.992,0.9921,1.00,1.00
2008.08.26 11:19:25.727,0.992,0.9921,2.10,1.00
2008.08.26 11:19:26.440,0.992,0.9922,2.10,1.30
2008.08.26 11:19:28.616,0.992,0.9921,2.10,1.00
2008.08.26 11:19:28.853,0.992,0.99215,2.10,1.00
2008.08.26 11:19:29.094,0.9919,0.992,2.10,1.00
2008.08.26 11:19:32.262,0.992,0.99215,1.00,1.00
2008.08.26 11:19:33.380,0.992,0.9921,1.00,1.00
2008.08.26 11:19:35.841,0.992,0.9922,1.00,1.80
2008.08.26 11:19:36.040,0.992,0.9922,2.10,1.30
2008.08.26 11:19:36.489,0.992,0.9922,4.10,1.30
2008.08.26 11:19:36.773,0.9921,0.99225,1.00,1.00
2008.08.26 11:19:37.336,0.992,0.9921,1.70,1.00
2008.08.26 11:19:37.773,0.9921,0.9922,1.00,1.00
2008.08.26 11:19:37.922,0.9921,0.9922,1.00,1.20
2008.08.26 11:19:38.068,0.9921,0.99225,1.00,1.20
2008.08.26 11:19:38.216,0.9921,0.9923,2.10,3.70
2008.08.26 11:19:40.305,0.9922,0.99235,1.00,5.80
2008.08.26 11:19:40.572,0.9922,0.99235,1.00,4.30
2008.08.26 11:19:40.708,0.9921,0.9922,2.10,1.00
2008.08.26 11:19:41.148,0.9921,0.9923,2.10,3.70
2008.08.26 11:19:43.368,0.9921,0.9923,1.00,4.00
2008.08.26 11:19:43.708,0.9921,0.9923,2.10,3.70
2008.08.26 11:19:44.048,0.9921,0.99235,2.10,3.50
2008.08.26 11:19:44.309,0.99215,0.9923,1.00,3.20
2008.08.26 11:19:44.568,0.99215,0.9923,1.00,4.00
2008.08.26 11:19:44.828,0.9921,0.9923,2.10,3.20
2008.08.26 11:19:45.386,0.9922,0.9923,1.00,3.20
2008.08.26 11:19:45.661,0.9922,0.9923,1.00,1.00
2008.08.26 11:19:45.949,0.9921,0.9924,2.10,3.70
2008.08.26 11:19:46.237,0.9921,0.9924,2.10,4.00
2008.08.26 11:19:46.699,0.9921,0.9923,2.10,1.00
2008.08.26 11:19:47.336,0.9921,0.9923,2.10,1.30
2008.08.26 11:19:47.601,0.9921,0.9923,2.10,1.00
2008.08.26 11:19:48.124,0.9922,0.9923,1.00,3.20
2008.08.26 11:19:48.968,0.9922,0.9924,1.00,2.40
2008.08.26 11:19:49.270,0.9921,0.9923,2.10,1.00
2008.08.26 11:19:49.568,0.9921,0.9923,2.10,1.30
2008.08.26 11:19:49.757,0.9921,0.9923,2.10,1.00
2008.08.26 11:19:49.944,0.9921,0.9923,2.10,3.70
2008.08.26 11:19:50.500,0.9922,0.9923,1.00,1.00
2008.08.26 11:19:51.080,0.9922,0.9924,1.00,2.40
2008.08.26 11:19:53.300,0.9922,0.9924,2.10,2.40
2008.08.26 11:19:53.520,0.9922,0.9923,2.10,1.00
2008.08.26 11:19:55.906,0.9922,0.9923,1.00,1.00
2008.08.26 11:19:57.355,0.9921,0.9923,2.10,1.00
2008.08.26 11:19:57.846,0.9921,0.9923,2.10,1.30
2008.08.26 11:19:58.765,0.9921,0.9923,2.10,1.00
2008.08.26 11:19:59.106,0.9922,0.99235,1.00,1.20
2008.08.26 11:19:59.445,0.9922,0.9923,1.00,3.20
2008.08.26 11:20:00.255,0.9921,0.9923,2.10,3.70
2008.08.26 11:20:00.523,0.9921,0.9923,2.10,1.00
2008.08.26 11:20:00.791,0.9922,0.9924,1.00,4.00
2008.08.26 11:20:01.324,0.9922,0.9924,2.10,1.30
2008.08.26 11:20:01.928,0.9923,0.9924,1.00,1.30
2008.08.26 11:20:03.272,0.9923,0.9924,1.00,3.70
2008.08.26 11:20:03.560,0.9923,0.9924,1.00,1.30
2008.08.26 11:20:04.548,0.9922,0.9924,2.10,1.30
2008.08.26 11:20:05.141,0.9922,0.9924,2.10,3.70
2008.08.26 11:20:05.524,0.9922,0.9923,1.00,1.00
2008.08.26 11:20:06.020,0.9923,0.99245,1.00,4.30
2008.08.26 11:20:06.100,0.9923,0.99245,1.00,5.80
2008.08.26 11:20:06.808,0.9923,0.99245,1.00,4.30
2008.08.26 11:20:08.717,0.99225,0.9923,1.70,1.00
2008.08.26 11:20:10.347,0.9923,0.99245,1.00,9.70
2008.08.26 11:20:10.552,0.9923,0.99245,1.00,4.30
2008.08.26 11:20:12.048,0.9923,0.99245,1.00,5.80
2008.08.26 11:20:12.568,0.9922,0.9924,2.10,3.70
2008.08.26 11:20:12.876,0.9922,0.9924,2.10,4.00
2008.08.26 11:20:13.184,0.99205,0.9922,2.80,1.00
2008.08.26 11:20:13.492,0.9921,0.9923,4.10,1.30
2008.08.26 11:20:13.801,0.9921,0.9923,2.10,3.70
2008.08.26 11:20:14.316,0.9921,0.9923,2.10,1.30
2008.08.26 11:20:14.572,0.9921,0.9923,4.10,1.30
2008.08.26 11:20:14.829,0.9921,0.9923,2.10,3.70
2008.08.26 11:20:15.257,0.9921,0.9923,1.00,4.00
2008.08.26 11:20:15.469,0.9921,0.9923,4.10,1.80
2008.08.26 11:20:18.880,0.9922,0.9923,1.00,1.80
2008.08.26 11:20:19.384,0.9921,0.9923,4.10,1.30
2008.08.26 11:20:19.664,0.9921,0.9923,2.10,1.30
2008.08.26 11:20:20.517,0.9921,0.9923,4.10,1.00
2008.08.26 11:20:21.464,0.9921,0.9923,4.10,1.30
2008.08.26 11:20:21.834,0.9922,0.9923,1.60,1.30
2008.08.26 11:20:21.928,0.9922,0.99235,2.70,1.20
2008.08.26 11:20:22.024,0.99225,0.99235,1.60,1.20
2008.08.26 11:20:22.120,0.9922,0.99235,1.00,3.50
2008.08.26 11:20:22.478,0.9922,0.9923,2.10,3.20
2008.08.26 11:20:22.816,0.9923,0.9924,1.00,3.80
2008.08.26 11:20:23.156,0.9922,0.9923,1.70,1.00
2008.08.26 11:20:23.432,0.9922,0.9923,2.10,3.20
2008.08.26 11:20:23.708,0.9922,0.9924,2.10,2.70
2008.08.26 11:20:23.984,0.9922,0.9924,2.10,1.30
2008.08.26 11:20:24.272,0.9922,0.99245,2.10,1.00
2008.08.26 11:20:24.608,0.99235,0.9924,1.00,1.00
2008.08.26 11:20:24.948,0.9923,0.9924,2.10,1.00
2008.08.26 11:20:25.288,0.9923,0.9924,1.00,1.00
2008.08.26 11:20:25.760,0.9922,0.9923,4.10,1.00
2008.08.26 11:20:26.228,0.9922,0.9923,5.00,1.00
2008.08.26 11:20:26.388,0.9922,0.9923,4.10,1.00
2008.08.26 11:20:26.712,0.9922,0.9923,2.10,1.00
2008.08.26 11:20:27.356,0.9922,0.9923,1.00,1.30
2008.08.26 11:20:27.616,0.992,0.9923,3.10,1.40
2008.08.26 11:20:27.876,0.992,0.9923,2.10,1.80
2008.08.26 11:20:28.132,0.9921,0.9923,2.70,1.80
2008.08.26 11:20:28.711,0.9922,0.9923,1.00,3.50
2008.08.26 11:20:29.351,0.9922,0.9923,2.10,3.20
2008.08.26 11:20:29.691,0.9922,0.9924,2.10,3.70
2008.08.26 11:20:30.031,0.99225,0.9923,1.00,1.00
2008.08.26 11:20:30.371,0.9922,0.9924,2.10,1.30
2008.08.26 11:20:30.735,0.99225,0.9924,1.00,1.30
2008.08.26 11:20:30.916,0.9921,0.9924,2.10,1.80
2008.08.26 11:20:31.097,0.9921,0.9923,2.10,1.00
2008.08.26 11:20:31.465,0.9921,0.9923,2.10,1.20
2008.08.26 11:20:31.794,0.9921,0.9923,2.10,1.80
2008.08.26 11:20:32.121,0.9921,0.9923,1.00,1.80
2008.08.26 11:20:32.448,0.9921,0.9923,2.10,1.30
2008.08.26 11:20:32.956,0.9921,0.9923,2.10,3.70
2008.08.26 11:20:34.384,0.9921,0.9923,1.00,4.00
2008.08.26 11:20:34.832,0.9921,0.9922,1.00,1.00
2008.08.26 11:20:36.340,0.9921,0.9923,1.00,9.40
2008.08.26 11:20:36.568,0.9921,0.9923,2.10,4.00
2008.08.26 11:20:36.796,0.9921,0.9922,2.10,1.00
2008.08.26 11:20:37.368,0.9921,0.9922,1.00,1.00
2008.08.26 11:20:37.957,0.9921,0.99225,1.00,1.00
2008.08.26 11:20:38.297,0.9921,0.9922,2.10,1.00
2008.08.26 11:20:38.639,0.9922,0.99235,1.00,4.30
2008.08.26 11:20:38.982,0.9922,0.99235,1.00,1.00
2008.08.26 11:20:44.264,0.9922,0.9923,1.00,1.00
2008.08.26 11:20:45.164,0.9922,0.99235,1.00,4.30
2008.08.26 11:20:45.592,0.9921,0.9923,2.10,3.70
2008.08.26 11:20:46.548,0.99215,0.9922,1.00,1.00
2008.08.26 11:20:47.017,0.9921,0.9923,2.10,3.70
2008.08.26 11:20:48.732,0.99215,0.9922,1.00,1.00
2008.08.26 11:20:49.404,0.992,0.9921,1.50,1.00
2008.08.26 11:20:49.744,0.99215,0.9922,1.00,1.00
2008.08.26 11:20:50.081,0.9921,0.9922,1.00,1.00
2008.08.26 11:20:50.480,0.992,0.9922,2.10,1.00
2008.08.26 11:20:52.072,0.99215,0.9922,1.00,1.00
2008.08.26 11:20:52.412,0.992,0.9922,2.10,1.00
2008.08.26 11:20:53.088,0.99205,0.9922,1.00,1.00
2008.08.26 11:20:53.668,0.992,0.9922,4.80,1.00
2008.08.26 11:20:54.160,0.992,0.9922,1.60,1.00
2008.08.26 11:20:54.404,0.992,0.9922,1.00,1.30
2008.08.26 11:20:54.704,0.9919,0.9921,4.10,1.30
2008.08.26 11:20:55.308,0.9919,0.992,4.30,1.00
2008.08.26 11:20:56.040,0.9919,0.992,3.20,1.00
2008.08.26 11:20:56.632,0.9919,0.992,4.30,1.00
2008.08.26 11:20:56.936,0.9919,0.9921,2.10,4.00
2008.08.26 11:20:57.328,0.9919,0.9921,1.00,4.00
2008.08.26 11:20:57.560,0.992,0.9921,1.00,1.20
2008.08.26 11:20:57.796,0.992,0.9921,1.00,1.00
2008.08.26 11:20:58.277,0.992,0.9922,1.00,17.00
2008.08.26 11:20:58.540,0.992,0.9922,1.00,2.90
2008.08.26 11:20:58.809,0.992,0.9922,2.70,1.80
2008.08.26 11:20:59.657,0.992,0.9922,2.10,1.30
2008.08.26 11:21:01.220,0.9921,0.9922,1.00,1.00
2008.08.26 11:21:02.832,0.992,0.9922,2.10,1.30
2008.08.26 11:21:03.107,0.992,0.9921,2.10,1.00
2008.08.26 11:21:03.476,0.992,0.9922,2.10,1.30
2008.08.26 11:21:07.644,0.992,0.9922,1.00,1.80
2008.08.26 11:21:08.272,0.992,0.9921,1.00,1.00
2008.08.26 11:21:11.087,0.9919,0.9921,2.10,1.30
2008.08.26 11:21:11.556,0.992,0.9921,1.00,1.00
2008.08.26 11:21:11.720,0.992,0.99215,1.00,1.00
2008.08.26 11:21:12.156,0.992,0.9921,1.00,1.00
2008.08.26 11:21:13.280,0.9919,0.9921,2.10,1.30
2008.08.26 11:21:14.792,0.992,0.9921,1.00,1.00
2008.08.26 11:21:15.468,0.992,0.9921,1.00,4.00
2008.08.26 11:21:15.780,0.992,0.9921,1.00,1.00
2008.08.26 11:21:17.684,0.992,0.9921,2.10,1.00
2008.08.26 11:21:17.988,0.992,0.9921,1.00,1.00
2008.08.26 11:21:18.752,0.9919,0.9921,2.10,1.30
2008.08.26 11:21:19.134,0.992,0.9921,1.00,1.00
2008.08.26 11:21:19.600,0.99195,0.992,1.00,1.00
2008.08.26 11:21:19.949,0.9919,0.992,8.60,1.00
2008.08.26 11:21:20.621,0.99195,0.992,1.00,1.00
2008.08.26 11:21:23.920,0.992,0.9921,1.00,1.30
2008.08.26 11:21:24.161,0.99205,0.9921,1.00,1.30
2008.08.26 11:21:24.644,0.992,0.9921,2.10,1.00
2008.08.26 11:21:26.052,0.992,0.9922,2.10,1.30
2008.08.26 11:21:26.992,0.992,0.9922,2.10,3.70
2008.08.26 11:21:27.964,0.992,0.9922,2.10,1.30
2008.08.26 11:21:28.972,0.992,0.9921,2.10,1.00
2008.08.26 11:21:35.932,0.992,0.9922,2.10,1.30
2008.08.26 11:21:36.137,0.992,0.9922,3.70,1.30
2008.08.26 11:21:36.755,0.9921,0.9922,1.00,1.30
2008.08.26 11:21:37.004,0.9921,0.9922,2.10,1.00
2008.08.26 11:21:37.525,0.9921,0.9922,1.00,1.00
2008.08.26 11:21:40.810,0.992,0.9922,2.10,1.30
2008.08.26 11:21:43.696,0.992,0.9922,2.10,1.00
2008.08.26 11:21:45.121,0.992,0.9922,2.10,1.30
2008.08.26 11:22:09.308,0.992,0.9922,2.10,3.70
2008.08.26 11:22:09.584,0.992,0.9922,6.30,1.80
2008.08.26 11:22:09.866,0.992,0.9922,6.30,1.40
2008.08.26 11:22:10.105,0.992,0.9922,3.70,1.30
2008.08.26 11:22:10.580,0.9921,0.9922,1.00,1.30
2008.08.26 11:22:15.813,0.992,0.9922,6.30,1.30
2008.08.26 11:22:19.872,0.992,0.9922,2.10,1.30
2008.08.26 11:22:21.203,0.992,0.9922,3.70,1.30
2008.08.26 11:22:21.717,0.9921,0.9922,1.00,1.30
2008.08.26 11:22:24.360,0.992,0.9922,2.10,1.30
2008.08.26 11:22:25.420,0.992,0.9922,2.10,1.00
2008.08.26 11:22:25.680,0.992,0.9923,2.10,4.00
2008.08.26 11:22:27.414,0.992,0.9922,2.10,1.00
2008.08.26 11:22:29.268,0.992,0.9922,2.10,1.30
2008.08.26 11:22:29.519,0.9921,0.9923,2.10,3.70
2008.08.26 11:22:30.795,0.9921,0.9923,3.10,3.70
2008.08.26 11:22:30.968,0.9922,0.9923,1.00,4.00
2008.08.26 11:22:31.144,0.9922,0.9923,2.10,4.00
2008.08.26 11:22:31.319,0.9922,0.9923,2.10,3.20
2008.08.26 11:22:31.493,0.9922,0.9923,2.10,5.40
2008.08.26 11:22:31.908,0.9922,0.9923,2.10,3.20
2008.08.26 11:22:32.120,0.9922,0.9924,4.10,1.30
2008.08.26 11:22:32.324,0.9922,0.9923,2.10,1.00
2008.08.26 11:22:32.528,0.9922,0.9923,1.00,1.30
2008.08.26 11:22:33.504,0.99215,0.9922,1.00,1.00
2008.08.26 11:22:34.143,0.992,0.9922,2.10,1.00
2008.08.26 11:22:34.463,0.992,0.9922,2.10,1.30
2008.08.26 11:22:35.036,0.9921,0.9922,1.00,1.30
2008.08.26 11:22:35.540,0.99215,0.9922,1.00,1.30
2008.08.26 11:22:36.916,0.992,0.9922,2.10,1.30
2008.08.26 11:22:37.464,0.99205,0.9922,1.60,1.30
2008.08.26 11:22:37.596,0.99205,0.9922,2.70,1.30
2008.08.26 11:22:37.923,0.9921,0.9922,2.00,1.00
2008.08.26 11:22:38.256,0.9922,0.9923,1.00,1.30
2008.08.26 11:22:38.707,0.9921,0.9922,2.10,1.00
2008.08.26 11:22:39.307,0.9922,0.9923,1.00,1.30
2008.08.26 11:22:39.992,0.9921,0.9922,2.10,1.00
2008.08.26 11:22:41.813,0.9921,0.9923,2.10,1.80
2008.08.26 11:22:43.116,0.9921,0.9923,2.10,1.70
2008.08.26 11:22:43.360,0.9921,0.9923,2.10,1.30
2008.08.26 11:22:43.603,0.9921,0.9923,2.10,3.70
2008.08.26 11:22:44.319,0.9921,0.9922,1.00,1.00
2008.08.26 11:22:45.220,0.99215,0.9922,1.00,1.00
2008.08.26 11:22:45.628,0.9921,0.9922,1.00,1.00
2008.08.26 11:22:46.891,0.99215,0.9922,1.00,1.00
2008.08.26 11:22:48.421,0.9921,0.9922,1.00,1.00
2008.08.26 11:22:49.031,0.9921,0.9923,2.10,3.70
2008.08.26 11:22:49.243,0.9921,0.99235,2.10,1.00
2008.08.26 11:22:49.455,0.9921,0.9923,1.00,1.20
2008.08.26 11:22:49.667,0.9921,0.9923,2.10,1.00
2008.08.26 11:22:50.428,0.9922,0.9923,1.00,1.00
2008.08.26 11:22:50.768,0.9922,0.99245,1.00,1.00
2008.08.26 11:22:51.405,0.9922,0.99245,4.30,1.00
2008.08.26 11:22:51.549,0.99215,0.99245,6.00,1.00
2008.08.26 11:22:51.824,0.9922,0.99245,1.60,1.00
2008.08.26 11:22:52.102,0.9922,0.99245,3.70,1.00
2008.08.26 11:22:52.302,0.9922,0.9924,3.70,1.00
2008.08.26 11:22:53.227,0.9922,0.9923,3.70,1.00
2008.08.26 11:22:53.525,0.9922,0.9923,2.70,1.00
2008.08.26 11:22:54.116,0.9922,0.9923,2.10,1.00
2008.08.26 11:22:56.863,0.9922,0.9923,1.00,1.00
2008.08.26 11:22:57.880,0.9921,0.9923,2.10,1.30
2008.08.26 11:23:00.695,0.9921,0.9923,2.10,3.70
2008.08.26 11:23:01.732,0.9921,0.9923,2.10,1.30
2008.08.26 11:23:02.672,0.9921,0.9923,2.10,3.70
2008.08.26 11:23:04.221,0.9921,0.9922,1.00,1.00
2008.08.26 11:23:04.428,0.992,0.9922,2.10,1.00
2008.08.26 11:23:04.988,0.99205,0.99225,1.60,1.00
2008.08.26 11:23:05.331,0.992,0.9922,2.10,1.30
2008.08.26 11:23:06.807,0.992,0.9922,3.70,1.30
2008.08.26 11:23:07.158,0.9921,0.9922,1.00,1.00
2008.08.26 11:23:08.260,0.9922,0.9923,1.00,3.20
2008.08.26 11:23:11.119,0.9921,0.9922,2.10,1.00
2008.08.26 11:23:12.455,0.9921,0.9923,2.10,1.30
2008.08.26 11:23:13.335,0.9922,0.9923,1.00,1.00
2008.08.26 11:23:15.308,0.9921,0.9923,2.10,1.30
2008.08.26 11:23:19.328,0.99215,0.9923,1.00,1.30
2008.08.26 11:23:19.697,0.9921,0.9923,2.10,3.70
2008.08.26 11:23:23.847,0.9921,0.9922,2.10,1.00
2008.08.26 11:23:29.020,0.9922,0.99235,1.00,1.70
2008.08.26 11:23:30.124,0.9922,0.9923,1.00,1.00
2008.08.26 11:23:30.460,0.9922,0.9923,1.00,4.00
2008.08.26 11:23:30.796,0.9921,0.9923,2.10,3.70
2008.08.26 11:23:30.999,0.9922,0.9923,1.00,3.70
2008.08.26 11:23:31.203,0.9922,0.9923,2.10,1.00
2008.08.26 11:23:31.611,0.9922,0.9923,1.00,1.30
2008.08.26 11:23:32.388,0.992,0.9922,8.50,1.00
2008.08.26 11:23:32.788,0.9922,0.9923,1.00,3.70
2008.08.26 11:23:33.160,0.99225,0.9923,1.00,1.30
2008.08.26 11:23:33.527,0.9922,0.9923,1.00,1.30
2008.08.26 11:23:35.004,0.9921,0.9923,2.10,3.70
2008.08.26 11:23:42.269,0.9921,0.9923,2.10,1.00
2008.08.26 11:23:42.510,0.9922,0.99235,1.00,1.20
2008.08.26 11:23:42.615,0.9922,0.99235,1.00,1.00
2008.08.26 11:23:43.288,0.9922,0.9923,2.10,1.00
2008.08.26 11:23:44.312,0.9922,0.9923,1.00,1.00
2008.08.26 11:23:44.524,0.9921,0.9923,2.10,1.30
2008.08.26 11:23:44.947,0.9922,0.9923,1.00,1.30
2008.08.26 11:23:45.680,0.9921,0.9923,2.10,1.30
2008.08.26 11:23:45.939,0.9922,0.9923,1.00,1.30
2008.08.26 11:23:46.431,0.9921,0.9922,4.10,1.00
2008.08.26 11:23:46.664,0.9921,0.9923,2.10,1.30
2008.08.26 11:23:46.780,0.9921,0.9923,2.10,3.70
2008.08.26 11:23:47.019,0.9921,0.9923,2.10,1.30
2008.08.26 11:23:47.135,0.9922,0.9923,1.00,1.30
2008.08.26 11:23:47.619,0.9921,0.9923,2.10,1.30
2008.08.26 11:23:50.366,0.9921,0.9923,2.10,1.00
2008.08.26 11:23:51.507,0.9922,0.9923,1.00,1.00
2008.08.26 11:23:53.888,0.9921,0.9923,2.10,1.00
2008.08.26 11:23:55.123,0.9922,0.9923,1.00,1.00
2008.08.26 11:23:55.460,0.9922,0.9923,1.00,1.30
2008.08.26 11:23:55.796,0.9921,0.9923,2.10,1.30
2008.08.26 11:23:56.740,0.9922,0.9923,1.00,1.30
2008.08.26 11:23:57.932,0.9922,0.9923,1.00,1.00
2008.08.26 11:23:58.883,0.99215,0.9923,1.00,1.00
2008.08.26 11:23:59.325,0.9921,0.9923,2.10,1.00
2008.08.26 11:24:03.547,0.9921,0.9923,2.10,3.70
2008.08.26 11:24:04.188,0.9921,0.9923,2.10,4.00
2008.08.26 11:24:04.523,0.9921,0.9923,1.00,4.00
2008.08.26 11:24:04.859,0.992,0.9922,2.10,1.00
2008.08.26 11:24:05.643,0.9921,0.9922,1.00,1.00
2008.08.26 11:24:07.179,0.992,0.9922,2.10,1.00
2008.08.26 11:24:07.628,0.9921,0.9923,1.00,1.80
2008.08.26 11:24:08.219,0.9921,0.9923,4.10,1.80
2008.08.26 11:24:08.765,0.9922,0.9924,2.10,3.70
2008.08.26 11:24:09.453,0.9921,0.9923,2.10,1.00
2008.08.26 11:24:10.063,0.9922,0.99225,1.00,1.10
2008.08.26 11:24:10.367,0.9921,0.9922,4.80,1.00
2008.08.26 11:24:10.671,0.9921,0.9923,4.10,1.00
2008.08.26 11:24:10.851,0.9921,0.9923,2.10,3.70
2008.08.26 11:24:11.212,0.9921,0.9923,2.10,1.00
2008.08.26 11:24:12.999,0.99215,0.9922,1.00,1.00
2008.08.26 11:24:13.403,0.9922,0.99225,1.00,1.10
2008.08.26 11:24:13.560,0.99215,0.9922,1.00,1.00
2008.08.26 11:24:14.236,0.9922,0.9923,1.00,1.00
2008.08.26 11:24:14.573,0.99225,0.9923,1.00,1.00
2008.08.26 11:24:15.260,0.9922,0.9924,1.00,6.20
2008.08.26 11:24:15.596,0.9922,0.9924,2.10,4.00
2008.08.26 11:24:15.923,0.9923,0.9924,1.00,1.00
2008.08.26 11:24:17.515,0.9923,0.9925,1.00,9.40
2008.08.26 11:24:17.667,0.9923,0.9925,1.00,4.00
2008.08.26 11:24:17.971,0.9923,0.9925,1.00,9.40
2008.08.26 11:24:18.275,0.9923,0.9925,1.00,1.80
2008.08.26 11:24:18.427,0.99235,0.9925,1.00,1.30
2008.08.26 11:24:18.579,0.9923,0.9925,1.00,3.70
2008.08.26 11:24:19.071,0.9922,0.99245,2.10,1.00
2008.08.26 11:24:19.407,0.9922,0.9924,2.10,1.30
2008.08.26 11:24:19.743,0.9922,0.9924,2.10,1.80
2008.08.26 11:24:20.417,0.9922,0.9924,2.10,1.30
2008.08.26 11:24:20.757,0.9922,0.9924,2.10,1.80
2008.08.26 11:24:21.184,0.9922,0.9924,2.10,1.40
2008.08.26 11:24:21.269,0.9922,0.9924,2.10,1.30
2008.08.26 11:24:21.612,0.9922,0.9924,2.10,1.80
2008.08.26 11:24:22.547,0.9922,0.9924,1.00,1.80
2008.08.26 11:24:23.067,0.9922,0.9924,1.00,1.20
2008.08.26 11:24:23.208,0.99225,0.9924,1.00,1.00
2008.08.26 11:24:23.327,0.99225,0.9924,1.00,1.00
2008.08.26 11:24:23.823,0.99225,0.9924,1.00,4.00
2008.08.26 11:24:24.159,0.9922,0.99245,1.00,4.30
2008.08.26 11:24:24.495,0.9922,0.9924,1.00,3.70
2008.08.26 11:24:25.489,0.9922,0.9923,1.00,1.00
2008.08.26 11:24:26.155,0.9921,0.9923,2.10,1.00
2008.08.26 11:24:26.743,0.9921,0.9923,2.10,1.30
2008.08.26 11:24:27.659,0.9921,0.9923,2.10,3.70
2008.08.26 11:24:30.551,0.9921,0.9923,2.10,1.30
2008.08.26 11:24:38.348,0.9922,0.9923,1.00,1.30
2008.08.26 11:24:38.774,0.9922,0.9923,1.00,1.00
2008.08.26 11:24:41.763,0.9922,0.9923,4.30,1.00
2008.08.26 11:24:41.995,0.9922,0.9923,1.00,1.00
2008.08.26 11:24:42.857,0.9922,0.9923,1.00,1.30
2008.08.26 11:24:43.020,0.99225,0.9923,1.00,1.00
2008.08.26 11:24:43.183,0.9921,0.9923,2.10,1.00
2008.08.26 11:24:43.344,0.9921,0.9923,2.10,3.70
2008.08.26 11:24:43.991,0.9922,0.9923,1.00,3.70
2008.08.26 11:24:44.575,0.9922,0.9923,1.00,1.30
2008.08.26 11:24:44.835,0.9922,0.9923,1.00,3.70
2008.08.26 11:24:45.095,0.9922,0.9923,1.00,1.30
2008.08.26 11:24:45.357,0.99225,0.9923,1.00,1.30
2008.08.26 11:24:45.683,0.9921,0.9923,2.10,1.00
2008.08.26 11:24:47.728,0.99225,0.9923,1.00,1.00
2008.08.26 11:24:51.243,0.9922,0.9923,1.00,1.00
2008.08.26 11:24:52.968,0.9921,0.9923,2.10,1.00
2008.08.26 11:24:54.988,0.9921,0.9923,2.10,1.30
2008.08.26 11:24:55.808,0.9921,0.9922,2.10,1.00
2008.08.26 11:24:56.080,0.9921,0.9923,2.10,1.30
2008.08.26 11:24:56.135,0.9921,0.9923,4.10,1.30
2008.08.26 11:24:56.611,0.9921,0.9923,2.10,1.30
2008.08.26 11:24:56.967,0.9921,0.9923,2.10,3.70
2008.08.26 11:24:57.335,0.9921,0.9922,2.10,1.00
2008.08.26 11:24:57.519,0.9921,0.9922,1.00,1.00
2008.08.26 11:24:57.899,0.992,0.9922,2.10,1.30
2008.08.26 11:24:58.419,0.9921,0.9922,1.00,1.00
2008.08.26 11:24:58.766,0.9921,0.9922,2.10,1.00
2008.08.26 11:24:59.103,0.992,0.9922,2.10,1.30
2008.08.26 11:24:59.535,0.992,0.9921,6.30,1.00
2008.08.26 11:24:59.747,0.992,0.9921,5.40,1.30
2008.08.26 11:25:01.320,0.992,0.9921,6.30,1.00
2008.08.26 11:25:01.687,0.992,0.9921,5.40,1.30
2008.08.26 11:25:03.307,0.992,0.9921,1.00,1.30
2008.08.26 11:25:10.872,0.992,0.9921,1.00,1.00
2008.08.26 11:25:11.811,0.992,0.9921,1.00,1.30
2008.08.26 11:25:12.285,0.992,0.9921,1.00,1.00
2008.08.26 11:25:12.401,0.992,0.9921,1.60,1.00
2008.08.26 11:25:12.736,0.992,0.9922,1.40,1.80
2008.08.26 11:25:17.355,0.992,0.9922,1.40,1.30
2008.08.26 11:25:24.027,0.992,0.9922,1.40,1.40
2008.08.26 11:25:24.119,0.992,0.9922,1.40,1.80
2008.08.26 11:25:24.225,0.992,0.9922,1.40,1.30
2008.08.26 11:25:24.747,0.992,0.9922,1.40,2.70
2008.08.26 11:25:25.083,0.992,0.9922,1.40,1.30
2008.08.26 11:25:28.004,0.992,0.9922,1.40,1.70
2008.08.26 11:25:28.128,0.992,0.9922,1.40,1.80
2008.08.26 11:25:28.500,0.992,0.9922,1.40,1.30
2008.08.26 11:25:28.623,0.992,0.9922,2.10,1.30
2008.08.26 11:25:32.032,0.992,0.9921,2.10,1.00
2008.08.26 11:25:32.191,0.992,0.9921,1.40,1.00
2008.08.26 11:25:33.075,0.992,0.9921,1.60,1.30
2008.08.26 11:25:33.255,0.992,0.9921,1.00,1.30
2008.08.26 11:25:36.455,0.992,0.9921,1.00,1.80
2008.08.26 11:25:39.123,0.992,0.9921,1.00,1.30
2008.08.26 11:25:40.415,0.992,0.9921,1.60,1.30
2008.08.26 11:25:40.751,0.992,0.9921,1.40,1.00
2008.08.26 11:25:42.619,0.992,0.99215,1.40,1.00
2008.08.26 11:25:44.019,0.992,0.9921,1.00,1.30
2008.08.26 11:25:44.607,0.992,0.99215,1.40,1.00
2008.08.26 11:25:44.663,0.992,0.99215,1.40,1.20
2008.08.26 11:25:45.001,0.992,0.9922,2.10,2.70
2008.08.26 11:25:45.340,0.992,0.9922,2.10,1.30
2008.08.26 11:25:46.123,0.992,0.9922,1.40,1.30
2008.08.26 11:25:46.574,0.992,0.9921,1.40,1.00
2008.08.26 11:25:46.800,0.992,0.9922,1.40,1.30
2008.08.26 11:25:50.247,0.992,0.9922,1.40,2.70
2008.08.26 11:25:52.665,0.992,0.9921,1.40,1.00
2008.08.26 11:25:58.132,0.992,0.9922,1.40,2.90
2008.08.26 11:25:58.927,0.992,0.9922,1.40,1.80
2008.08.26 11:25:59.831,0.992,0.9922,1.40,4.00
2008.08.26 11:26:07.280,0.992,0.9922,1.40,6.20
2008.08.26 11:26:07.378,0.992,0.9921,1.40,1.00
2008.08.26 11:26:07.571,0.992,0.99215,1.40,1.00
2008.08.26 11:26:07.667,0.992,0.99215,1.00,1.00
2008.08.26 11:26:07.981,0.992,0.9921,1.00,1.00
2008.08.26 11:26:13.482,0.9919,0.9921,2.10,1.30
2008.08.26 11:26:13.963,0.9919,0.9921,2.10,3.70
2008.08.26 11:26:14.058,0.9919,0.9921,6.30,4.00
2008.08.26 11:26:14.156,0.9919,0.992,5.40,1.00
2008.08.26 11:26:14.471,0.9919,0.9921,6.30,4.00
2008.08.26 11:26:14.789,0.992,0.9921,1.00,1.80
2008.08.26 11:26:15.107,0.992,0.99215,2.10,2.20
2008.08.26 11:26:15.423,0.992,0.9921,1.00,1.30
2008.08.26 11:26:15.887,0.9919,0.9921,2.10,1.30
2008.08.26 11:26:17.875,0.992,0.9921,1.00,1.30
2008.08.26 11:26:18.270,0.992,0.9921,2.10,1.00
2008.08.26 11:26:21.611,0.992,0.9921,1.00,1.00
2008.08.26 11:26:24.407,0.992,0.99215,1.00,1.00
2008.08.26 11:26:25.780,0.992,0.9921,1.00,1.00
2008.08.26 11:26:28.416,0.992,0.9921,1.40,1.00
2008.08.26 11:26:28.996,0.992,0.99215,1.40,1.00
2008.08.26 11:26:29.363,0.992,0.99215,1.00,1.00
2008.08.26 11:26:29.729,0.9919,0.9921,9.50,1.30
2008.08.26 11:26:32.639,0.9919,0.9921,9.50,1.70
2008.08.26 11:26:32.791,0.9919,0.9921,9.50,1.80
2008.08.26 11:26:33.798,0.9921,0.99215,2.70,2.80
2008.08.26 11:26:33.913,0.9921,0.99215,1.80,2.80
2008.08.26 11:26:34.018,0.9921,0.99215,1.80,2.80
2008.08.26 11:26:34.037,0.9921,0.99215,1.80,2.60
2008.08.26 11:26:35.752,0.9921,0.99215,1.20,2.60
2008.08.26 11:26:36.099,0.9919,0.9921,9.50,1.30
2008.08.26 11:26:36.711,0.992,0.99215,1.00,1.00
2008.08.26 11:26:37.059,0.992,0.99215,2.10,1.00
2008.08.26 11:26:37.178,0.992,0.9921,2.10,1.00
2008.08.26 11:26:37.528,0.992,0.9922,2.10,1.30
2008.08.26 11:26:39.792,0.9921,0.9922,1.00,1.30
2008.08.26 11:26:40.095,0.992,0.9922,2.10,1.30
2008.08.26 11:26:40.844,0.9921,0.9922,1.00,1.30
2008.08.26 11:26:41.180,0.9921,0.9922,2.10,1.00
2008.08.26 11:26:42.147,0.9921,0.9922,1.00,1.00
2008.08.26 11:26:42.591,0.992,0.9922,2.10,1.30
2008.08.26 11:26:45.206,0.9921,0.9922,1.00,1.00
2008.08.26 11:26:46.095,0.992,0.9922,2.10,1.30
2008.08.26 11:26:46.298,0.992,0.9922,3.70,1.30
2008.08.26 11:26:46.503,0.9921,0.9922,1.00,1.00
2008.08.26 11:26:46.758,0.9921,0.9922,2.10,1.00
2008.08.26 11:26:47.740,0.9921,0.9922,1.00,1.00
2008.08.26 11:26:48.827,0.9921,0.9922,2.10,1.00
2008.08.26 11:26:52.283,0.9921,0.9923,2.10,4.00
2008.08.26 11:26:53.356,0.9922,0.9923,1.00,1.20
2008.08.26 11:26:53.976,0.9922,0.9923,1.00,1.00
2008.08.26 11:26:54.279,0.9922,0.9924,4.10,1.30
2008.08.26 11:26:54.578,0.9922,0.9924,2.10,1.30
2008.08.26 11:26:55.179,0.9923,0.9924,2.10,1.00
2008.08.26 11:26:56.378,0.9923,0.9924,1.00,1.30
2008.08.26 11:26:59.398,0.9923,0.9924,2.10,1.00
2008.08.26 11:26:59.464,0.9923,0.9925,2.10,6.20
2008.08.26 11:26:59.607,0.9923,0.9925,2.10,1.80
2008.08.26 11:27:00.040,0.9923,0.9925,2.10,1.20
2008.08.26 11:27:00.186,0.9924,0.9925,1.00,1.00
2008.08.26 11:27:00.618,0.9923,0.9925,2.10,1.00
2008.08.26 11:27:06.610,0.9924,0.9925,1.00,1.00
2008.08.26 11:27:07.005,0.9924,0.9925,2.10,1.00
2008.08.26 11:27:07.204,0.9924,0.9925,4.10,1.00
2008.08.26 11:27:07.306,0.9924,0.9925,2.10,1.00
2008.08.26 11:27:10.456,0.9925,0.9926,1.00,3.60
2008.08.26 11:27:10.874,0.9924,0.9925,1.00,1.00
2008.08.26 11:27:12.099,0.99245,0.9925,1.00,1.00
2008.08.26 11:27:13.382,0.9924,0.9925,1.00,1.00
2008.08.26 11:27:13.927,0.9924,0.99255,1.00,1.00
2008.08.26 11:27:14.059,0.9923,0.99255,2.10,1.00
2008.08.26 11:27:14.201,0.9923,0.99255,2.10,4.30
2008.08.26 11:27:14.335,0.9923,0.9925,2.10,3.70
2008.08.26 11:27:14.733,0.9923,0.9925,2.10,4.00
2008.08.26 11:27:15.000,0.9923,0.9925,4.10,1.70
2008.08.26 11:27:15.266,0.9924,0.99255,1.00,1.00
2008.08.26 11:27:17.694,0.9924,0.99255,4.10,1.00
2008.08.26 11:27:17.923,0.9924,0.99255,1.00,1.00
2008.08.26 11:27:18.219,0.9924,0.99255,2.10,1.00
2008.08.26 11:27:18.259,0.9924,0.9925,2.10,1.00
2008.08.26 11:27:18.328,0.9924,0.9925,1.00,1.00
2008.08.26 11:27:18.642,0.9924,0.9925,2.10,1.00
2008.08.26 11:27:21.005,0.9924,0.9926,2.10,1.30
2008.08.26 11:27:21.287,0.9924,0.9925,2.10,1.00
2008.08.26 11:27:21.567,0.9924,0.9925,1.00,1.00
2008.08.26 11:27:22.084,0.9924,0.9925,2.10,1.00
2008.08.26 11:27:24.218,0.9924,0.9926,2.10,1.00
2008.08.26 11:27:25.742,0.9925,0.9926,1.00,1.00
2008.08.26 11:27:32.879,0.9925,0.9926,1.00,1.30
2008.08.26 11:27:33.510,0.9924,0.9926,2.10,1.30
2008.08.26 11:27:36.255,0.9925,0.9926,1.00,1.30
2008.08.26 11:27:36.594,0.9924,0.9926,2.10,1.30
2008.08.26 11:27:38.217,0.9924,0.9926,2.10,3.70
2008.08.26 11:27:38.418,0.9924,0.9926,1.00,3.70
2008.08.26 11:27:38.468,0.9924,0.9926,1.00,4.00
2008.08.26 11:27:38.970,0.9924,0.9926,1.00,1.80
2008.08.26 11:27:39.146,0.9924,0.9926,2.10,1.30
2008.08.26 11:27:46.979,0.9924,0.9926,2.10,1.00
2008.08.26 11:27:50.354,0.9925,0.9926,1.00,1.00
2008.08.26 11:27:50.974,0.99255,0.9926,1.00,1.00
2008.08.26 11:27:51.216,0.9925,0.9927,2.10,1.30
2008.08.26 11:27:51.455,0.9926,0.99275,1.00,1.00
2008.08.26 11:27:51.936,0.9926,0.9927,1.00,1.00
2008.08.26 11:27:52.590,0.9925,0.9927,4.10,1.30
2008.08.26 11:27:52.754,0.9925,0.9927,2.10,1.30
2008.08.26 11:27:52.919,0.9925,0.9927,2.10,3.70
2008.08.26 11:27:53.082,0.9925,0.9927,1.00,4.00
2008.08.26 11:27:54.583,0.9925,0.9927,4.10,1.80
2008.08.26 11:27:54.966,0.9925,0.9927,4.10,1.70
2008.08.26 11:27:55.030,0.9925,0.9927,4.10,1.30
2008.08.26 11:27:58.062,0.9925,0.9927,4.10,1.80
2008.08.26 11:28:00.402,0.9925,0.9927,1.00,1.80
2008.08.26 11:28:00.663,0.9926,0.9927,1.00,1.20
2008.08.26 11:28:00.922,0.9925,0.9927,1.40,1.20
2008.08.26 11:28:01.183,0.9925,0.99275,4.10,1.00
2008.08.26 11:28:01.862,0.9925,0.9927,2.10,1.30
2008.08.26 11:28:02.202,0.9925,0.9927,4.10,1.30
2008.08.26 11:28:02.430,0.9925,0.9927,2.10,1.30
2008.08.26 11:28:03.991,0.9925,0.9926,2.10,1.00
2008.08.26 11:28:04.099,0.9925,0.99265,2.10,1.00
2008.08.26 11:28:04.206,0.9925,0.99265,1.00,1.00
2008.08.26 11:28:04.314,0.9925,0.99265,1.00,1.20
2008.08.26 11:28:04.640,0.9925,0.9927,2.10,1.20
2008.08.26 11:28:04.750,0.9925,0.9927,1.00,1.20
2008.08.26 11:28:05.908,0.9925,0.99265,1.40,1.20
2008.08.26 11:28:06.247,0.9924,0.9926,3.70,1.00
2008.08.26 11:28:06.896,0.9925,0.9927,1.00,4.00
2008.08.26 11:28:07.111,0.9925,0.9927,2.10,3.70
2008.08.26 11:28:07.326,0.9926,0.99275,1.00,3.50
2008.08.26 11:28:07.655,0.9926,0.99275,1.00,1.20
2008.08.26 11:28:07.988,0.9926,0.9927,1.00,1.00
2008.08.26 11:28:08.321,0.9925,0.9927,2.10,1.00
2008.08.26 11:28:08.471,0.9926,0.9927,1.00,1.00
2008.08.26 11:28:08.767,0.9926,0.9928,2.10,3.70
2008.08.26 11:28:09.210,0.9926,0.99285,2.10,1.00
2008.08.26 11:28:09.602,0.9926,0.9928,2.10,1.00
2008.08.26 11:28:10.090,0.9926,0.99285,2.10,1.00
2008.08.26 11:28:10.334,0.9926,0.9928,2.10,1.30
2008.08.26 11:28:11.016,0.9927,0.9928,1.00,1.00
2008.08.26 11:28:11.694,0.9927,0.9928,2.10,1.00
2008.08.26 11:28:12.712,0.9927,0.9928,1.00,1.00
2008.08.26 11:28:12.999,0.9926,0.9928,4.10,1.30
2008.08.26 11:28:13.419,0.9926,0.9928,2.10,1.30
2008.08.26 11:28:13.735,0.9926,0.9928,2.10,1.70
2008.08.26 11:28:14.368,0.9926,0.9928,2.10,3.70
2008.08.26 11:28:14.875,0.9926,0.9928,4.10,1.80
2008.08.26 11:28:15.781,0.9927,0.9928,1.00,1.20
2008.08.26 11:28:16.123,0.9927,0.99275,1.00,1.20
2008.08.26 11:28:16.463,0.9926,0.9928,2.10,1.80
2008.08.26 11:28:16.802,0.9926,0.99275,1.00,1.20
2008.08.26 11:28:17.752,0.9926,0.9928,1.00,1.80
2008.08.26 11:28:18.014,0.9926,0.9928,2.10,1.30
2008.08.26 11:28:19.966,0.9926,0.9928,4.10,1.30
2008.08.26 11:28:20.374,0.9926,0.9927,4.30,1.00
2008.08.26 11:28:20.510,0.9926,0.9927,3.20,1.00
2008.08.26 11:28:20.988,0.99255,0.9926,1.00,1.00
2008.08.26 11:28:21.330,0.9925,0.9927,2.10,1.00
2008.08.26 11:28:21.910,0.9925,0.9926,1.60,1.00
2008.08.26 11:28:22.398,0.9925,0.9927,2.10,1.00
2008.08.26 11:28:22.638,0.9925,0.9927,2.10,4.00
2008.08.26 11:28:22.895,0.9925,0.9927,2.10,1.80
2008.08.26 11:28:23.022,0.9925,0.9926,1.60,1.00
2008.08.26 11:28:23.278,0.9925,0.9926,4.80,1.00
2008.08.26 11:28:23.534,0.99245,0.9926,6.60,1.00
2008.08.26 11:28:25.782,0.9925,0.9927,4.10,1.00
2008.08.26 11:28:26.463,0.9926,0.9927,1.00,1.00
2008.08.26 11:28:26.802,0.9926,0.99275,1.00,1.20
2008.08.26 11:28:27.030,0.9925,0.9927,2.10,1.00
2008.08.26 11:28:30.286,0.9926,0.9928,1.00,1.80
2008.08.26 11:28:31.250,0.9925,0.9928,2.10,4.00
2008.08.26 11:28:31.932,0.9926,0.9928,1.60,1.00
2008.08.26 11:28:32.470,0.9926,0.9928,1.00,1.30
2008.08.26 11:28:32.831,0.9926,0.9928,1.00,3.70
2008.08.26 11:28:33.011,0.9925,0.99275,2.70,1.20
2008.08.26 11:28:33.178,0.9926,0.99275,1.00,1.20
2008.08.26 11:28:33.498,0.99265,0.99275,1.00,1.00
2008.08.26 11:28:33.582,0.99265,0.9928,1.00,1.00
2008.08.26 11:28:34.002,0.9926,0.9928,2.10,1.00
2008.08.26 11:28:36.654,0.9926,0.9928,4.10,1.80
2008.08.26 11:28:37.273,0.9926,0.99285,4.10,1.20
2008.08.26 11:28:37.511,0.9926,0.9928,2.10,3.20
2008.08.26 11:28:37.746,0.9926,0.9929,4.10,1.80
2008.08.26 11:28:37.982,0.9927,0.9929,2.10,1.30
2008.08.26 11:28:38.418,0.9927,0.9929,4.10,1.00
2008.08.26 11:28:38.619,0.9927,0.9928,3.20,1.00
2008.08.26 11:28:38.831,0.9926,0.9928,2.10,1.00
2008.08.26 11:28:50.299,0.9927,0.9929,1.00,1.80
2008.08.26 11:28:54.134,0.9927,0.9929,2.10,1.80
2008.08.26 11:28:56.078,0.9927,0.9929,1.40,1.80
2008.08.26 11:28:57.070,0.9927,0.9929,2.10,1.80
2008.08.26 11:28:59.502,0.9927,0.9929,2.10,4.00
2008.08.26 11:28:59.591,0.9927,0.99285,1.40,1.20
2008.08.26 11:28:59.766,0.9927,0.99285,1.00,1.20
2008.08.26 11:29:00.014,0.9927,0.9929,1.00,1.80
2008.08.26 11:29:10.191,0.9927,0.9929,1.40,1.80
2008.08.26 11:29:10.454,0.9927,0.9929,2.10,3.70
2008.08.26 11:29:10.718,0.9927,0.9929,2.10,1.00
2008.08.26 11:29:15.438,0.9927,0.9929,2.10,1.30
2008.08.26 11:29:16.222,0.9927,0.9929,1.00,1.80
2008.08.26 11:29:16.914,0.9927,0.99285,1.00,1.20
2008.08.26 11:29:17.618,0.9927,0.9929,1.00,1.80
2008.08.26 11:29:18.606,0.9927,0.99285,1.00,1.00
2008.08.26 11:29:19.001,0.9927,0.99285,1.00,1.20
2008.08.26 11:29:19.838,0.9927,0.99285,1.00,1.00
2008.08.26 11:29:19.914,0.9927,0.9929,1.00,1.80
2008.08.26 11:29:20.538,0.9927,0.9929,1.00,4.00
2008.08.26 11:29:20.703,0.9926,0.9928,2.10,1.00
2008.08.26 11:29:21.386,0.9926,0.9929,2.10,2.40
2008.08.26 11:29:21.737,0.9926,0.99285,2.10,1.20
2008.08.26 11:29:21.986,0.9926,0.9928,1.40,1.80
2008.08.26 11:29:22.482,0.9926,0.9928,2.10,1.00
2008.08.26 11:29:22.730,0.9926,0.99285,2.10,1.20
2008.08.26 11:29:23.330,0.9926,0.9928,2.10,1.20
2008.08.26 11:29:23.506,0.9926,0.99285,2.10,1.20
2008.08.26 11:29:23.688,0.9926,0.9928,2.10,1.00
2008.08.26 11:29:24.078,0.9926,0.9928,4.10,1.80
2008.08.26 11:29:24.510,0.9926,0.9928,1.40,1.80
2008.08.26 11:29:24.726,0.9926,0.9928,4.10,1.80
2008.08.26 11:29:24.942,0.9926,0.9928,4.10,1.00
2008.08.26 11:29:25.222,0.9926,0.99285,4.10,1.20
2008.08.26 11:29:25.782,0.9927,0.99285,1.00,1.20
2008.08.26 11:29:26.062,0.9926,0.9928,4.10,1.80
2008.08.26 11:29:26.310,0.9926,0.9928,2.10,4.00
2008.08.26 11:29:26.563,0.9926,0.9928,1.00,4.00
2008.08.26 11:29:27.692,0.9926,0.9928,1.00,3.70
2008.08.26 11:29:28.031,0.9927,0.9929,1.00,4.00
2008.08.26 11:29:28.370,0.9928,0.993,1.00,11.60
2008.08.26 11:29:28.706,0.9929,0.993,1.00,11.00
2008.08.26 11:29:28.842,0.9929,0.99305,1.00,11.80
2008.08.26 11:29:28.978,0.9929,0.99305,1.00,12.80
2008.08.26 11:29:29.046,0.9929,0.993,1.00,11.00
2008.08.26 11:29:29.418,0.9929,0.993,1.00,1.20
2008.08.26 11:29:29.654,0.9929,0.99305,1.00,1.00
2008.08.26 11:29:29.890,0.9929,0.99305,1.00,2.50
2008.08.26 11:29:30.127,0.9929,0.99305,1.00,4.30
2008.08.26 11:29:30.434,0.9928,0.993,4.10,1.30
2008.08.26 11:29:30.742,0.9928,0.993,4.10,1.00
2008.08.26 11:29:31.050,0.9928,0.9929,1.60,1.00
2008.08.26 11:29:31.698,0.9928,0.9929,1.00,1.00
2008.08.26 11:29:33.783,0.9928,0.993,1.40,1.80
2008.08.26 11:29:34.266,0.9928,0.99295,1.40,1.20
2008.08.26 11:29:34.791,0.9928,0.9929,1.40,1.20
2008.08.26 11:29:34.886,0.9928,0.993,1.40,6.20
2008.08.26 11:29:34.982,0.9928,0.993,1.00,6.20
2008.08.26 11:29:35.078,0.9928,0.993,1.00,1.80
2008.08.26 11:29:35.270,0.9928,0.993,1.00,4.00
2008.08.26 11:29:35.782,0.9928,0.993,1.40,4.00
2008.08.26 11:29:36.102,0.9928,0.993,2.10,1.00
2008.08.26 11:29:37.350,0.9928,0.993,2.10,3.70
2008.08.26 11:29:37.843,0.9928,0.993,2.10,1.00
2008.08.26 11:29:38.030,0.9928,0.993,1.40,4.00
2008.08.26 11:29:38.219,0.9928,0.9929,1.00,1.00
2008.08.26 11:29:38.963,0.9927,0.9929,2.10,1.00
2008.08.26 11:29:39.771,0.9927,0.9929,2.10,1.00
2008.08.26 11:29:40.122,0.9927,0.9929,2.10,1.80
2008.08.26 11:29:41.298,0.9927,0.9929,2.10,1.00
2008.08.26 11:29:41.978,0.9928,0.9929,1.00,1.00
2008.08.26 11:29:43.023,0.9928,0.9929,1.60,1.00
2008.08.26 11:29:44.735,0.9928,0.9929,4.80,1.00
2008.08.26 11:29:45.139,0.99285,0.9929,1.00,1.00
2008.08.26 11:29:45.342,0.9928,0.99285,1.50,1.00
2008.08.26 11:29:45.750,0.9928,0.9929,1.00,1.00
2008.08.26 11:29:46.158,0.99285,0.9929,1.00,1.00
2008.08.26 11:29:46.698,0.9928,0.993,2.10,1.00
2008.08.26 11:29:47.038,0.9929,0.993,1.00,1.00
2008.08.26 11:29:51.734,0.9928,0.993,4.10,1.00
2008.08.26 11:29:54.716,0.9929,0.99305,1.00,1.20
2008.08.26 11:29:55.023,0.9929,0.9931,1.00,1.80
2008.08.26 11:29:55.182,0.9929,0.9931,1.00,2.40
2008.08.26 11:29:55.248,0.9929,0.99305,1.00,1.00
2008.08.26 11:29:55.278,0.9929,0.99305,1.00,1.20
2008.08.26 11:29:55.511,0.9928,0.993,2.10,1.00
2008.08.26 11:29:57.491,0.9928,0.99305,2.10,1.20
2008.08.26 11:29:57.790,0.9928,0.9931,2.10,1.80
2008.08.26 11:29:58.755,0.9929,0.9931,1.00,1.80
2008.08.26 11:29:59.761,0.9929,0.99305,1.00,1.00
2008.08.26 11:29:59.882,0.9929,0.99305,1.00,1.20
2008.08.26 11:30:02.699,0.9928,0.993,2.10,1.00
2008.08.26 11:30:02.894,0.9928,0.993,2.10,1.80
2008.08.26 11:30:03.766,0.9928,0.993,1.40,1.80
2008.08.26 11:30:05.146,0.9928,0.993,6.30,1.80
2008.08.26 11:30:05.314,0.9929,0.993,1.00,1.00
2008.08.26 11:30:06.962,0.9928,0.993,4.10,1.00
2008.08.26 11:30:09.200,0.9928,0.9929,4.80,1.00
2008.08.26 11:30:09.566,0.9928,0.9929,3.70,1.00
2008.08.26 11:30:10.890,0.9928,0.9929,4.80,1.00
2008.08.26 11:30:11.294,0.9928,0.9929,3.70,1.00
2008.08.26 11:30:12.709,0.9928,0.9929,4.80,1.00
2008.08.26 11:30:14.598,0.9928,0.993,4.10,1.80
2008.08.26 11:30:14.726,0.9928,0.993,2.10,1.00
2008.08.26 11:30:15.126,0.9929,0.9931,2.10,1.80
2008.08.26 11:30:15.382,0.9929,0.9931,4.10,1.80
2008.08.26 11:30:15.510,0.993,0.9931,3.20,1.80
2008.08.26 11:30:15.798,0.993,0.9932,2.10,3.70
2008.08.26 11:30:16.098,0.993,0.9931,1.00,1.00
2008.08.26 11:30:16.674,0.9929,0.9931,2.10,1.00
2008.08.26 11:30:19.515,0.9929,0.9931,4.10,1.40
2008.08.26 11:30:19.554,0.9929,0.9931,4.10,1.80
2008.08.26 11:30:20.265,0.9929,0.9931,2.10,1.80
2008.08.26 11:30:20.750,0.993,0.99305,1.00,1.20
2008.08.26 11:30:21.340,0.9929,0.993,1.00,1.20
2008.08.26 11:30:21.678,0.9929,0.99305,1.00,1.20
2008.08.26 11:30:23.146,0.9929,0.993,1.00,1.20
2008.08.26 11:30:27.054,0.9929,0.99305,1.00,1.20
2008.08.26 11:30:27.813,0.9929,0.9931,1.00,1.80
2008.08.26 11:30:29.474,0.9929,0.99305,1.00,1.20
2008.08.26 11:30:31.591,0.9929,0.99305,1.40,1.20
2008.08.26 11:30:31.870,0.9929,0.9931,1.40,1.80
2008.08.26 11:30:32.429,0.9929,0.9931,2.10,1.80
2008.08.26 11:30:33.050,0.9929,0.9931,2.10,1.00
2008.08.26 11:30:33.391,0.9929,0.9931,2.10,1.30
2008.08.26 11:30:34.494,0.9928,0.993,2.10,1.00
2008.08.26 11:30:35.002,0.9928,0.993,4.10,1.00
2008.08.26 11:30:35.207,0.9929,0.99305,1.00,1.20
2008.08.26 11:30:36.146,0.9929,0.99305,1.40,1.20
2008.08.26 11:30:36.503,0.9929,0.9931,2.10,1.00
2008.08.26 11:30:38.674,0.9929,0.9931,2.10,3.70
2008.08.26 11:30:39.037,0.9929,0.993,1.00,1.00
2008.08.26 11:30:39.366,0.9928,0.993,4.10,1.00
2008.08.26 11:30:39.513,0.9928,0.993,2.10,1.00
2008.08.26 11:30:39.678,0.9928,0.993,4.10,1.00
2008.08.26 11:30:39.825,0.9928,0.993,4.10,1.00
2008.08.26 11:30:39.901,0.9928,0.993,4.10,1.80
2008.08.26 11:30:40.602,0.9928,0.993,4.10,1.00
2008.08.26 11:30:40.931,0.9929,0.99305,1.00,1.20
2008.08.26 11:30:41.490,0.9928,0.993,2.10,1.00
2008.08.26 11:30:41.963,0.9928,0.993,4.10,1.00
2008.08.26 11:30:42.433,0.9928,0.993,2.10,1.80
2008.08.26 11:30:43.066,0.9928,0.993,2.10,1.00
2008.08.26 11:30:43.382,0.9928,0.993,4.10,1.00
2008.08.26 11:30:44.590,0.9929,0.99305,1.00,1.20
2008.08.26 11:30:44.870,0.9929,0.993,1.00,1.00
2008.08.26 11:30:44.964,0.9928,0.993,4.10,1.00
2008.08.26 11:30:45.386,0.9928,0.993,4.10,1.80
2008.08.26 11:30:45.473,0.9928,0.993,4.10,1.40
2008.08.26 11:30:45.562,0.9928,0.993,4.10,1.00
2008.08.26 11:30:49.372,0.9928,0.9929,1.00,1.00
2008.08.26 11:30:49.665,0.9928,0.9929,3.70,1.00
2008.08.26 11:30:49.749,0.9928,0.993,4.10,1.00
2008.08.26 11:30:53.734,0.9928,0.9929,4.80,1.00
2008.08.26 11:30:53.979,0.99275,0.9929,6.60,1.00
2008.08.26 11:30:54.526,0.9929,0.99305,1.00,1.20
2008.08.26 11:30:55.140,0.9929,0.9931,1.00,1.80
2008.08.26 11:30:56.676,0.9929,0.9931,1.40,1.80
2008.08.26 11:30:57.118,0.9929,0.9931,2.10,1.80
2008.08.26 11:30:57.566,0.9929,0.9931,1.40,1.80
2008.08.26 11:30:58.242,0.9929,0.9931,1.40,1.40
2008.08.26 11:30:58.693,0.9929,0.9931,2.10,1.00
2008.08.26 11:31:00.650,0.993,0.9931,1.00,1.00
2008.08.26 11:31:05.281,0.9929,0.9931,2.10,1.00
2008.08.26 11:31:20.197,0.9929,0.9931,2.10,3.70
2008.08.26 11:31:20.367,0.9929,0.993,1.60,1.00
2008.08.26 11:31:20.534,0.9928,0.993,4.10,1.00
2008.08.26 11:31:23.937,0.9928,0.993,2.10,1.00
2008.08.26 11:31:26.441,0.9928,0.993,4.10,1.00
2008.08.26 11:31:27.617,0.9928,0.993,2.10,1.00
2008.08.26 11:31:28.106,0.9928,0.993,4.10,1.00
2008.08.26 11:31:29.471,0.9928,0.993,4.10,1.80
2008.08.26 11:31:31.151,0.9928,0.99295,4.10,1.20
2008.08.26 11:31:31.583,0.9928,0.9929,1.00,1.20
2008.08.26 11:31:33.550,0.9928,0.9929,1.00,1.00
2008.08.26 11:31:33.758,0.9927,0.9929,4.10,1.40
2008.08.26 11:31:33.966,0.9927,0.9929,2.10,1.80
2008.08.26 11:31:35.210,0.9927,0.9929,4.10,1.80
2008.08.26 11:31:35.713,0.9928,0.9929,1.00,1.20
2008.08.26 11:31:36.142,0.9928,0.99295,1.00,1.20
2008.08.26 11:31:37.302,0.9928,0.9929,1.00,1.20
2008.08.26 11:31:37.918,0.9928,0.99295,1.00,1.20
2008.08.26 11:31:38.086,0.9927,0.9929,2.10,1.00
2008.08.26 11:31:38.922,0.9927,0.9929,2.10,1.80
2008.08.26 11:31:42.015,0.9927,0.9929,4.10,1.80
2008.08.26 11:31:42.620,0.9927,0.9929,2.10,1.80
2008.08.26 11:31:42.853,0.9927,0.9929,1.40,1.40
2008.08.26 11:31:42.973,0.9927,0.9929,2.10,1.00
2008.08.26 11:31:44.107,0.9928,0.99295,1.00,1.00
2008.08.26 11:31:44.262,0.9928,0.99295,1.00,1.20
2008.08.26 11:31:45.313,0.9927,0.9929,2.10,1.00
2008.08.26 11:31:46.639,0.9927,0.9929,2.10,1.00
2008.08.26 11:31:46.857,0.9927,0.9929,2.10,1.80
2008.08.26 11:31:48.378,0.9927,0.9929,2.10,1.40
2008.08.26 11:31:48.537,0.9927,0.9929,2.10,1.30
2008.08.26 11:31:49.130,0.9927,0.9929,2.10,1.00
2008.08.26 11:31:49.277,0.9927,0.99285,1.00,1.20
2008.08.26 11:31:49.425,0.9927,0.99285,1.40,1.20
2008.08.26 11:31:49.842,0.9927,0.9928,1.00,1.00
2008.08.26 11:31:50.110,0.9927,0.99285,1.40,1.20
2008.08.26 11:31:50.438,0.9927,0.9929,1.40,1.80
2008.08.26 11:31:50.716,0.9927,0.9929,2.10,1.00
2008.08.26 11:31:51.029,0.9927,0.9929,2.10,1.30
2008.08.26 11:31:51.348,0.9927,0.9929,2.10,1.70
2008.08.26 11:31:51.666,0.9927,0.9929,1.00,1.80
2008.08.26 11:31:51.999,0.9927,0.99285,1.00,1.20
2008.08.26 11:31:52.673,0.9926,0.9928,2.10,1.00
2008.08.26 11:32:00.757,0.9926,0.99285,2.10,1.20
2008.08.26 11:32:01.641,0.9926,0.99285,3.70,1.20
2008.08.26 11:32:01.983,0.9927,0.9929,2.10,1.30
2008.08.26 11:32:02.495,0.9927,0.9929,4.10,1.30
2008.08.26 11:32:02.761,0.9928,0.99295,1.00,1.00
2008.08.26 11:32:03.372,0.9928,0.9929,1.00,1.00
2008.08.26 11:32:04.046,0.9928,0.99295,1.00,1.00
2008.08.26 11:32:05.651,0.9928,0.99295,1.00,1.20
2008.08.26 11:32:06.037,0.9928,0.993,1.00,1.80
2008.08.26 11:32:06.881,0.9928,0.99295,1.00,1.00
2008.08.26 11:32:07.221,0.9928,0.99295,1.00,1.20
2008.08.26 11:32:07.434,0.9928,0.99295,1.00,1.00
2008.08.26 11:32:07.542,0.9927,0.9929,2.10,1.00
2008.08.26 11:32:08.169,0.9927,0.9929,1.40,1.40
2008.08.26 11:32:08.613,0.9927,0.9929,1.40,1.80
2008.08.26 11:32:09.806,0.9927,0.9929,4.10,1.80
2008.08.26 11:32:10.135,0.9927,0.9929,1.40,1.80
2008.08.26 11:32:10.601,0.9927,0.9929,2.10,1.80
2008.08.26 11:32:11.613,0.9927,0.9929,1.00,1.80
2008.08.26 11:32:13.494,0.9927,0.9929,1.00,1.40
2008.08.26 11:32:13.640,0.9927,0.9929,2.10,3.70
2008.08.26 11:32:13.925,0.9927,0.9929,1.00,4.00
2008.08.26 11:32:14.069,0.9927,0.99285,1.00,1.20
2008.08.26 11:32:14.685,0.9926,0.9928,2.10,1.00
2008.08.26 11:32:15.059,0.9927,0.99285,1.00,1.20
2008.08.26 11:32:15.245,0.9927,0.9929,1.00,1.80
2008.08.26 11:32:15.617,0.9927,0.99285,1.00,1.20
2008.08.26 11:32:16.013,0.9927,0.9929,1.00,1.80
2008.08.26 11:32:16.409,0.9927,0.9929,2.10,1.30
2008.08.26 11:32:16.970,0.9927,0.9929,1.00,1.80
2008.08.26 11:32:18.374,0.9927,0.9929,1.00,4.00
2008.08.26 11:32:18.657,0.9927,0.9929,1.00,1.80
2008.08.26 11:32:20.281,0.9927,0.9929,2.10,1.80
2008.08.26 11:32:22.993,0.9927,0.9928,1.00,1.00
2008.08.26 11:32:23.269,0.9927,0.9928,1.00,1.30
2008.08.26 11:32:23.545,0.9926,0.9928,3.20,1.80
2008.08.26 11:32:24.731,0.9925,0.99275,2.10,1.20
2008.08.26 11:32:25.561,0.9925,0.9927,4.10,1.00
2008.08.26 11:32:34.398,0.9925,0.9927,2.10,3.70
2008.08.26 11:32:36.402,0.9925,0.9927,2.10,1.00
2008.08.26 11:32:55.083,0.9925,0.9927,2.10,3.70
2008.08.26 11:33:01.789,0.9925,0.9927,1.40,3.70
2008.08.26 11:33:01.910,0.9925,0.9927,1.40,4.00
2008.08.26 11:33:03.229,0.9925,0.9927,1.40,3.70
2008.08.26 11:33:03.405,0.9925,0.9927,4.10,1.00
2008.08.26 11:33:11.641,0.9925,0.9927,4.10,1.30
2008.08.26 11:33:12.869,0.9925,0.9927,4.10,1.80
2008.08.26 11:33:13.037,0.9925,0.9927,1.00,4.00
2008.08.26 11:33:13.369,0.9924,0.9926,2.10,1.00
2008.08.26 11:33:22.353,0.9924,0.9926,4.10,1.00
2008.08.26 11:33:23.858,0.9924,0.9926,2.10,1.00
2008.08.26 11:33:24.113,0.9925,0.9927,1.00,4.00
2008.08.26 11:33:24.369,0.9925,0.9927,2.10,3.70
2008.08.26 11:33:25.303,0.9925,0.9927,1.00,4.00
2008.08.26 11:33:25.512,0.9925,0.9927,1.00,1.30
2008.08.26 11:33:26.010,0.9925,0.9927,1.00,1.70
2008.08.26 11:33:26.306,0.9924,0.9927,2.10,1.80
2008.08.26 11:33:27.382,0.9925,0.9927,4.30,1.30
2008.08.26 11:33:27.681,0.9925,0.9927,1.00,1.30
2008.08.26 11:33:27.981,0.9925,0.9927,4.30,1.30
2008.08.26 11:33:28.141,0.9925,0.9927,1.00,1.30
2008.08.26 11:33:28.321,0.9925,0.9927,1.00,1.40
2008.08.26 11:33:28.537,0.9925,0.9927,1.00,1.80
2008.08.26 11:33:28.709,0.9925,0.9927,1.00,4.00
2008.08.26 11:33:29.049,0.9924,0.9927,2.10,1.80
2008.08.26 11:33:29.390,0.9924,0.99265,2.10,1.20
2008.08.26 11:33:30.066,0.9924,0.9927,2.10,1.80
2008.08.26 11:33:30.462,0.9924,0.9927,2.10,1.40
2008.08.26 11:33:30.521,0.9925,0.9927,1.00,1.30
2008.08.26 11:33:31.959,0.9925,0.9927,1.00,3.70
2008.08.26 11:33:32.482,0.9924,0.9927,2.10,4.00
2008.08.26 11:33:32.742,0.9925,0.9926,1.00,1.00
2008.08.26 11:33:33.750,0.9925,0.9927,1.60,3.70
2008.08.26 11:33:33.846,0.9925,0.9927,1.60,1.00
2008.08.26 11:33:34.566,0.9925,0.9927,4.80,1.00
2008.08.26 11:33:34.869,0.9925,0.9927,4.10,1.00
2008.08.26 11:33:37.710,0.9925,0.9927,2.10,1.00
2008.08.26 11:33:38.561,0.9926,0.9927,1.00,1.00
2008.08.26 11:33:39.666,0.9925,0.9927,2.10,1.00
2008.08.26 11:33:42.421,0.9925,0.9927,2.10,1.30
2008.08.26 11:33:42.765,0.9925,0.9927,1.60,1.00
2008.08.26 11:33:52.121,0.9925,0.9927,1.60,1.80
2008.08.26 11:33:52.571,0.99245,0.9926,1.00,1.00
2008.08.26 11:33:52.853,0.9925,0.9926,3.20,1.00
2008.08.26 11:33:53.111,0.99235,0.9926,3.30,1.00
2008.08.26 11:33:53.366,0.99245,0.9926,1.00,1.00
2008.08.26 11:33:53.621,0.99245,0.9927,1.00,4.00
2008.08.26 11:33:53.905,0.99235,0.99265,6.60,1.20
2008.08.26 11:33:54.190,0.9924,0.99265,4.80,1.20
2008.08.26 11:33:54.759,0.9924,0.9926,4.80,1.00
2008.08.26 11:33:54.975,0.99245,0.9926,1.00,1.00
2008.08.26 11:33:55.292,0.9924,0.9926,2.10,1.00
2008.08.26 11:33:56.193,0.9924,0.99265,2.10,1.20
2008.08.26 11:33:56.533,0.9924,0.9927,2.10,4.00
2008.08.26 11:33:56.873,0.9924,0.9927,3.70,4.00
2008.08.26 11:33:57.461,0.9925,0.9927,1.00,4.00
2008.08.26 11:33:57.757,0.9924,0.9926,2.10,1.00
2008.08.26 11:34:00.453,0.9925,0.9927,1.00,4.00
2008.08.26 11:34:02.013,0.9925,0.99265,1.00,1.20
2008.08.26 11:34:03.989,0.9925,0.9927,1.00,4.00
2008.08.26 11:34:06.251,0.9925,0.9926,1.00,1.00
2008.08.26 11:34:06.354,0.9924,0.9926,4.10,1.20
2008.08.26 11:34:06.476,0.9924,0.9926,2.10,1.20
2008.08.26 11:34:06.593,0.9924,0.9926,2.10,3.50
2008.08.26 11:34:06.713,0.9924,0.9926,1.40,1.20
2008.08.26 11:34:06.833,0.9925,0.99255,1.00,1.20
2008.08.26 11:34:07.293,0.9924,0.9926,2.10,1.00
2008.08.26 11:34:07.633,0.9924,0.9926,1.40,1.80
2008.08.26 11:34:08.553,0.9924,0.9926,1.40,1.20
2008.08.26 11:34:08.781,0.9924,0.99265,2.10,1.20
2008.08.26 11:34:09.666,0.9924,0.9926,1.40,3.50
2008.08.26 11:34:09.941,0.9924,0.9926,1.40,4.00
2008.08.26 11:34:10.219,0.9924,0.9926,1.40,1.40
2008.08.26 11:34:10.317,0.9924,0.99265,2.10,1.20
2008.08.26 11:34:10.609,0.9924,0.9926,1.40,1.20
2008.08.26 11:34:10.805,0.9924,0.9926,4.10,1.20
2008.08.26 11:34:11.625,0.9925,0.9927,1.00,3.50
2008.08.26 11:34:11.965,0.9925,0.99265,1.00,1.20
2008.08.26 11:34:12.305,0.9924,0.9926,4.10,1.00
2008.08.26 11:34:12.957,0.9925,0.9927,1.00,1.80
2008.08.26 11:34:14.997,0.9925,0.9927,1.00,3.50
2008.08.26 11:34:15.237,0.9925,0.99265,1.00,1.20
2008.08.26 11:34:15.477,0.9925,0.9927,1.00,1.20
2008.08.26 11:34:15.713,0.9925,0.9927,1.00,3.50
2008.08.26 11:34:16.181,0.9925,0.99265,1.00,1.20
2008.08.26 11:34:17.089,0.9925,0.99265,1.00,1.00
2008.08.26 11:34:17.601,0.9925,0.99265,1.00,1.20
2008.08.26 11:34:17.949,0.9925,0.99265,1.00,2.00
2008.08.26 11:34:18.125,0.9925,0.9926,1.00,1.20
2008.08.26 11:34:18.302,0.9926,0.99265,1.00,1.80
2008.08.26 11:34:18.901,0.9925,0.9926,1.00,1.20
2008.08.26 11:34:19.217,0.9924,0.9926,4.10,1.80
2008.08.26 11:34:19.429,0.9924,0.9926,4.10,1.40
2008.08.26 11:34:19.717,0.9924,0.9926,2.10,1.00
2008.08.26 11:34:20.005,0.9925,0.99265,1.00,1.00
2008.08.26 11:34:20.294,0.9925,0.99265,1.00,1.20
2008.08.26 11:34:20.581,0.9924,0.9926,4.10,1.00
2008.08.26 11:34:20.757,0.9924,0.9926,2.10,1.00
2008.08.26 11:34:21.105,0.9924,0.9927,2.10,4.00
2008.08.26 11:34:21.281,0.9924,0.9927,3.70,4.00
2008.08.26 11:34:21.648,0.9925,0.9927,1.00,4.00
2008.08.26 11:34:22.590,0.9924,0.99265,2.10,1.20
2008.08.26 11:34:22.906,0.9924,0.9927,2.10,4.00
2008.08.26 11:34:23.066,0.9924,0.99265,2.10,1.20
2008.08.26 11:34:25.569,0.9924,0.99265,2.10,1.00
2008.08.26 11:34:25.581,0.9924,0.9927,2.10,4.00
2008.08.26 11:34:25.863,0.9925,0.9927,1.00,4.00
2008.08.26 11:34:27.261,0.9925,0.9927,1.00,6.20
2008.08.26 11:34:27.857,0.9925,0.9927,1.00,4.00
2008.08.26 11:34:31.377,0.9925,0.99265,1.00,1.20
2008.08.26 11:34:31.795,0.9924,0.9926,2.70,1.00
2008.08.26 11:34:32.135,0.9925,0.9927,1.00,4.00
2008.08.26 11:34:32.725,0.9925,0.9927,4.10,1.80
2008.08.26 11:34:33.485,0.9924,0.9926,3.70,1.00
2008.08.26 11:34:34.500,0.9924,0.9926,2.10,1.00
2008.08.26 11:34:37.565,0.9925,0.9926,3.20,1.00
2008.08.26 11:34:38.009,0.9925,0.9926,4.30,1.00
2008.08.26 11:34:39.617,0.9925,0.9927,4.10,1.30
2008.08.26 11:34:40.657,0.9925,0.99275,4.10,1.00
2008.08.26 11:34:40.941,0.9925,0.9927,2.10,1.00
2008.08.26 11:34:41.353,0.9926,0.9927,1.00,1.00
2008.08.26 11:34:41.561,0.9926,0.9928,1.00,4.00
2008.08.26 11:34:44.093,0.9925,0.9927,2.10,1.00
2008.08.26 11:34:44.650,0.99255,0.9926,1.00,1.00
2008.08.26 11:34:47.655,0.9925,0.9927,2.10,1.00
2008.08.26 11:34:48.052,0.9926,0.9928,1.00,4.00
2008.08.26 11:34:48.251,0.9926,0.9928,1.00,2.90
2008.08.26 11:34:48.462,0.9926,0.9927,1.00,3.20
2008.08.26 11:34:48.649,0.99255,0.9926,1.00,1.00
2008.08.26 11:34:50.789,0.9926,0.9928,1.00,6.20
2008.08.26 11:34:51.113,0.9926,0.9928,1.00,4.00
2008.08.26 11:34:51.277,0.9925,0.9928,2.10,9.40
2008.08.26 11:34:52.577,0.9925,0.9928,2.10,11.60
2008.08.26 11:34:53.124,0.9925,0.9927,2.10,1.00
2008.08.26 11:34:54.997,0.9925,0.9927,2.10,5.90
2008.08.26 11:34:55.546,0.9925,0.9927,2.10,1.30
2008.08.26 11:34:56.449,0.9925,0.9927,2.10,1.70
2008.08.26 11:34:56.737,0.9925,0.9927,4.10,1.30
2008.08.26 11:34:57.322,0.9925,0.9927,4.10,1.80
2008.08.26 11:34:57.608,0.9925,0.9927,4.10,1.30
2008.08.26 11:34:57.883,0.9925,0.9927,2.10,3.70
2008.08.26 11:34:58.130,0.9925,0.9927,4.10,1.30
2008.08.26 11:34:58.689,0.9925,0.9927,4.10,1.70
2008.08.26 11:34:58.873,0.9925,0.9927,4.10,1.80
2008.08.26 11:34:59.593,0.9925,0.9927,4.10,1.30
2008.08.26 11:35:00.665,0.9925,0.9927,2.10,4.00
2008.08.26 11:35:00.965,0.9925,0.9927,1.00,4.00
2008.08.26 11:35:01.101,0.9924,0.9926,2.10,1.00
2008.08.26 11:35:04.628,0.9924,0.9926,2.10,3.70
2008.08.26 11:35:05.274,0.9924,0.9926,1.40,4.00
2008.08.26 11:35:05.925,0.9924,0.9926,1.00,4.00
2008.08.26 11:35:08.298,0.9924,0.9926,1.40,4.00
2008.08.26 11:35:08.605,0.9924,0.99265,2.10,3.50
2008.08.26 11:35:08.761,0.9924,0.99265,2.10,1.20
2008.08.26 11:35:10.185,0.9924,0.99265,2.10,3.50
2008.08.26 11:35:10.393,0.9924,0.9926,1.40,3.50
2008.08.26 11:35:10.601,0.9924,0.9926,4.10,1.20
2008.08.26 11:35:11.257,0.9924,0.9926,4.10,1.00
2008.08.26 11:35:11.501,0.9924,0.9927,2.10,2.90
2008.08.26 11:35:11.745,0.9924,0.9926,1.40,4.00
2008.08.26 11:35:11.989,0.9924,0.99255,1.00,1.20
2008.08.26 11:35:12.177,0.9924,0.9926,4.10,1.30
2008.08.26 11:35:12.549,0.9924,0.9926,4.10,1.70
2008.08.26 11:35:12.737,0.9924,0.9926,4.10,1.80
2008.08.26 11:35:13.385,0.9924,0.9925,1.00,1.00
2008.08.26 11:35:13.940,0.9924,0.9926,1.00,9.40
2008.08.26 11:35:14.221,0.9924,0.9926,4.10,1.80
2008.08.26 11:35:15.325,0.9924,0.9926,4.10,1.30
2008.08.26 11:35:17.092,0.9924,0.9926,4.10,1.70
2008.08.26 11:35:17.281,0.9924,0.9926,4.10,1.80
2008.08.26 11:35:17.801,0.9924,0.9926,4.10,1.30
2008.08.26 11:35:18.137,0.9924,0.9926,4.10,1.70
2008.08.26 11:35:18.473,0.9924,0.9926,1.00,4.00
2008.08.26 11:35:18.645,0.9924,0.9926,1.00,6.20
2008.08.26 11:35:18.827,0.9924,0.99255,1.00,1.20
2008.08.26 11:35:19.087,0.9923,0.9925,4.10,1.00
2008.08.26 11:35:20.709,0.9923,0.9925,2.10,3.70
2008.08.26 11:35:20.837,0.9923,0.9925,4.10,1.00
2008.08.26 11:35:21.337,0.9923,0.9925,2.10,1.00
2008.08.26 11:35:22.226,0.9924,0.9926,1.00,1.80
2008.08.26 11:35:22.485,0.9924,0.9926,2.10,4.00
2008.08.26 11:35:23.016,0.9924,0.9926,1.00,1.80
2008.08.26 11:35:23.554,0.9924,0.9926,2.10,1.80
2008.08.26 11:35:23.821,0.9924,0.9926,2.10,4.00
2008.08.26 11:35:24.126,0.9924,0.9926,2.10,1.80
2008.08.26 11:35:24.428,0.9924,0.99255,1.00,1.20
2008.08.26 11:35:25.033,0.9924,0.9926,1.00,4.00
2008.08.26 11:35:25.300,0.9924,0.99255,1.00,1.20
2008.08.26 11:35:25.569,0.9923,0.9925,4.10,1.00
2008.08.26 11:35:26.381,0.9923,0.9925,2.10,1.00
2008.08.26 11:35:27.029,0.9924,0.9925,1.00,1.00
2008.08.26 11:35:27.333,0.9924,0.9926,1.00,1.80
2008.08.26 11:35:27.665,0.9924,0.9926,1.00,4.00
2008.08.26 11:35:27.868,0.9924,0.9926,1.00,1.80
2008.08.26 11:35:30.597,0.9924,0.9925,1.00,1.00
2008.08.26 11:35:31.598,0.9924,0.9926,1.40,4.00
2008.08.26 11:35:32.078,0.9924,0.9926,1.40,1.80
2008.08.26 11:35:32.275,0.9924,0.9926,2.10,1.00
2008.08.26 11:35:32.489,0.9924,0.9926,2.10,1.00
2008.08.26 11:35:33.376,0.9924,0.9926,2.10,3.70
2008.08.26 11:35:33.593,0.9924,0.9926,2.10,4.00
2008.08.26 11:35:36.333,0.9924,0.9926,4.10,1.00
2008.08.26 11:35:36.449,0.9924,0.9926,2.10,3.70
2008.08.26 11:35:36.942,0.9924,0.9926,2.10,4.00
2008.08.26 11:35:38.178,0.9924,0.9926,2.10,3.70
2008.08.26 11:35:39.600,0.9924,0.9926,1.60,3.70
2008.08.26 11:35:39.746,0.9924,0.9926,1.60,1.00
2008.08.26 11:35:39.986,0.9924,0.9926,1.00,1.20
2008.08.26 11:35:40.225,0.9924,0.9926,3.70,1.20
2008.08.26 11:35:40.465,0.9924,0.9926,3.70,1.00
2008.08.26 11:35:40.705,0.99245,0.9927,1.00,3.50
2008.08.26 11:35:40.946,0.99245,0.99265,1.00,1.20
2008.08.26 11:35:41.249,0.9924,0.99265,2.10,1.20
2008.08.26 11:35:42.201,0.9924,0.99265,2.10,3.50
2008.08.26 11:35:42.321,0.9924,0.9926,1.00,4.00
2008.08.26 11:35:42.556,0.9924,0.9926,1.00,1.80
2008.08.26 11:35:42.677,0.9923,0.9926,2.10,1.80
2008.08.26 11:35:43.937,0.9923,0.9926,2.10,4.00
2008.08.26 11:35:44.309,0.9924,0.9926,4.10,1.80
2008.08.26 11:35:45.228,0.9924,0.9926,4.10,1.40
2008.08.26 11:35:45.457,0.9924,0.9926,2.10,1.30
2008.08.26 11:35:47.169,0.9924,0.99265,2.10,1.00
2008.08.26 11:35:47.213,0.9924,0.9926,2.10,1.00
2008.08.26 11:35:47.496,0.99245,0.9926,1.00,1.00
2008.08.26 11:35:47.787,0.9924,0.9926,1.00,1.70
2008.08.26 11:35:47.985,0.9924,0.99265,1.00,2.00
2008.08.26 11:35:48.324,0.9924,0.9926,1.00,1.20
2008.08.26 11:35:49.001,0.9924,0.99265,1.00,1.00
2008.08.26 11:35:51.979,0.9924,0.9926,1.00,1.00
2008.08.26 11:35:52.204,0.9924,0.99265,1.00,2.00
2008.08.26 11:35:52.332,0.9924,0.99265,1.00,1.00
2008.08.26 11:35:54.840,0.9923,0.9926,2.10,1.20
2008.08.26 11:35:55.141,0.9923,0.9926,2.10,1.80
2008.08.26 11:35:55.444,0.9923,0.9926,2.10,1.40
2008.08.26 11:35:55.748,0.9924,0.9926,1.00,1.30
2008.08.26 11:35:55.964,0.9923,0.9926,2.10,1.80
2008.08.26 11:35:56.392,0.9923,0.9926,3.10,1.80
2008.08.26 11:35:58.656,0.9923,0.9926,2.10,1.80
2008.08.26 11:36:04.728,0.9923,0.9926,3.70,1.80
2008.08.26 11:36:05.044,0.9924,0.9925,1.00,1.00
2008.08.26 11:36:05.177,0.9924,0.99255,1.00,1.20
2008.08.26 11:36:05.617,0.9924,0.9926,1.00,1.80
2008.08.26 11:36:06.229,0.9924,0.99255,1.00,1.20
2008.08.26 11:36:07.244,0.9924,0.9926,1.00,8.30
2008.08.26 11:36:07.809,0.9924,0.9926,1.00,11.60
2008.08.26 11:36:08.009,0.9924,0.99255,1.00,1.20
2008.08.26 11:36:08.730,0.9923,0.9926,2.10,6.20
2008.08.26 11:36:09.394,0.9924,0.9926,1.00,6.20
2008.08.26 11:36:09.836,0.9924,0.9926,1.00,5.60
2008.08.26 11:36:10.062,0.9924,0.9926,1.00,7.80
2008.08.26 11:36:10.505,0.9924,0.9926,1.00,5.60
2008.08.26 11:36:12.266,0.9924,0.9926,1.00,6.20
2008.08.26 11:36:12.996,0.9923,0.9926,2.10,6.20
2008.08.26 11:36:13.865,0.9924,0.9926,1.00,6.20
2008.08.26 11:36:14.140,0.9924,0.9926,1.00,8.30
2008.08.26 11:36:14.429,0.9923,0.9926,2.10,2.90
2008.08.26 11:36:14.704,0.9924,0.9926,1.00,1.80
2008.08.26 11:36:14.980,0.9924,0.9926,2.10,1.80
2008.08.26 11:36:15.547,0.9924,0.9926,1.00,4.00
2008.08.26 11:36:15.829,0.9923,0.9926,2.10,1.80
2008.08.26 11:36:16.113,0.9924,0.9926,1.00,1.80
2008.08.26 11:36:16.339,0.9923,0.9926,2.10,1.80
2008.08.26 11:36:16.864,0.9923,0.9926,2.10,4.00
2008.08.26 11:36:17.458,0.9923,0.9925,2.10,1.00
2008.08.26 11:36:19.148,0.9924,0.9925,1.00,1.00
2008.08.26 11:36:19.608,0.9923,0.9925,2.10,1.00
2008.08.26 11:36:20.665,0.9923,0.9926,2.10,4.00
2008.08.26 11:36:24.064,0.9923,0.99255,2.10,1.20
2008.08.26 11:36:25.141,0.9923,0.9926,2.10,1.80
2008.08.26 11:36:25.592,0.9923,0.9926,2.10,1.20
2008.08.26 11:36:28.292,0.9924,0.9926,1.00,1.20
2008.08.26 11:36:28.600,0.9924,0.9926,1.00,3.50
2008.08.26 11:36:28.828,0.9923,0.9926,2.80,4.00
2008.08.26 11:36:29.056,0.99235,0.9926,1.00,4.00
2008.08.26 11:36:29.284,0.9923,0.9926,2.10,4.00
2008.08.26 11:36:29.512,0.9923,0.99255,2.10,1.20
2008.08.26 11:36:30.252,0.9923,0.99255,2.10,5.60
2008.08.26 11:36:30.513,0.9923,0.99255,2.10,6.40
2008.08.26 11:36:31.554,0.9923,0.99255,2.00,6.40
2008.08.26 11:36:31.812,0.9923,0.9925,2.10,9.40
2008.08.26 11:36:32.369,0.9923,0.9925,4.80,4.00
2008.08.26 11:36:32.649,0.9923,0.9925,4.80,1.00
2008.08.26 11:36:32.929,0.9923,0.99255,3.60,1.00
2008.08.26 11:36:33.280,0.9923,0.9925,3.60,1.00
2008.08.26 11:36:33.618,0.9923,0.99255,4.10,1.20
2008.08.26 11:36:34.461,0.9923,0.99255,4.10,1.00
2008.08.26 11:36:35.129,0.9923,0.99255,2.10,1.00
2008.08.26 11:36:46.128,0.9923,0.9924,2.10,1.00
2008.08.26 11:36:46.509,0.9923,0.9925,2.10,1.20
2008.08.26 11:36:46.693,0.9923,0.9925,2.10,3.50
2008.08.26 11:36:47.048,0.9923,0.9925,2.10,4.00
2008.08.26 11:36:47.228,0.9923,0.9925,2.10,3.70
2008.08.26 11:36:52.540,0.9923,0.9925,4.10,1.30
2008.08.26 11:36:53.256,0.9923,0.99255,4.10,1.00
2008.08.26 11:36:53.869,0.9923,0.99255,2.70,1.00
2008.08.26 11:36:54.178,0.9923,0.99255,4.10,1.00
2008.08.26 11:36:54.789,0.9923,0.9925,4.10,1.20
2008.08.26 11:36:54.940,0.99225,0.9925,6.00,1.20
2008.08.26 11:36:55.249,0.99225,0.9925,2.80,1.20
2008.08.26 11:36:55.472,0.9923,0.9925,1.00,1.20
2008.08.26 11:36:55.697,0.9923,0.9925,3.20,1.20
2008.08.26 11:36:55.920,0.9923,0.99255,4.30,1.00
2008.08.26 11:36:56.145,0.9923,0.9925,4.30,1.30
2008.08.26 11:36:56.704,0.9923,0.9925,4.10,1.80
2008.08.26 11:36:58.351,0.9923,0.9925,1.00,4.00
2008.08.26 11:36:58.556,0.9922,0.9924,2.10,1.00
2008.08.26 11:36:58.764,0.9923,0.9924,1.00,1.00
2008.08.26 11:36:59.176,0.9923,0.9925,1.60,3.70
2008.08.26 11:36:59.793,0.9923,0.9925,2.10,3.70
2008.08.26 11:37:05.956,0.9923,0.9925,2.10,4.00
2008.08.26 11:37:06.520,0.9923,0.9925,2.10,3.70
2008.08.26 11:37:15.324,0.9923,0.9925,2.10,4.00
2008.08.26 11:37:15.944,0.9923,0.9925,2.10,3.70
2008.08.26 11:37:16.833,0.9923,0.9925,2.10,4.00
2008.08.26 11:37:27.693,0.9923,0.9925,2.10,1.80
2008.08.26 11:37:27.792,0.9923,0.9925,2.10,1.20
2008.08.26 11:37:27.892,0.9923,0.99255,2.10,1.20
2008.08.26 11:37:27.993,0.9923,0.99255,2.10,3.50
2008.08.26 11:37:28.095,0.9923,0.9925,2.10,3.50
2008.08.26 11:37:28.433,0.9923,0.9925,2.10,1.20
2008.08.26 11:37:29.388,0.9923,0.99255,2.10,1.20
2008.08.26 11:37:29.932,0.9923,0.99255,2.10,3.50
2008.08.26 11:37:30.213,0.9923,0.9925,2.10,1.20
2008.08.26 11:37:30.396,0.9923,0.9925,2.10,3.50
2008.08.26 11:37:31.056,0.9923,0.9925,2.10,4.00
2008.08.26 11:37:33.272,0.9923,0.99255,2.10,4.30
2008.08.26 11:37:33.500,0.9923,0.99255,2.10,1.00
2008.08.26 11:37:33.724,0.9923,0.99255,2.10,4.30
2008.08.26 11:37:34.532,0.9923,0.9925,2.10,4.00
2008.08.26 11:37:38.064,0.9923,0.9925,2.10,3.70
2008.08.26 11:37:38.920,0.9923,0.9925,2.10,4.00
2008.08.26 11:37:43.836,0.9923,0.9925,1.00,4.00
2008.08.26 11:37:47.589,0.9923,0.9925,1.40,4.00
2008.08.26 11:37:48.068,0.9923,0.9925,4.10,1.80
2008.08.26 11:37:48.776,0.9924,0.9926,1.00,9.40
2008.08.26 11:37:48.940,0.9924,0.9926,1.00,4.00
2008.08.26 11:37:51.922,0.9924,0.9925,1.00,1.00
2008.08.26 11:37:52.314,0.9924,0.99255,1.00,1.00
2008.08.26 11:37:53.980,0.9924,0.99255,1.00,1.20
2008.08.26 11:38:01.912,0.9924,0.99255,1.00,1.00
2008.08.26 11:38:04.336,0.9923,0.9925,2.10,1.30
2008.08.26 11:38:04.560,0.9923,0.9925,1.00,1.80
2008.08.26 11:38:04.993,0.9923,0.9925,2.10,1.80
2008.08.26 11:38:05.404,0.9923,0.9925,2.10,1.70
2008.08.26 11:38:05.608,0.9923,0.9925,2.10,1.30
2008.08.26 11:38:06.484,0.9923,0.9925,2.10,1.80
2008.08.26 11:38:06.708,0.9923,0.9925,4.10,1.80
2008.08.26 11:38:07.148,0.9924,0.99255,1.00,1.00
2008.08.26 11:38:13.193,0.9923,0.9925,4.10,1.30
2008.08.26 11:38:13.993,0.9923,0.9925,2.10,1.30
2008.08.26 11:38:14.330,0.9924,0.9925,1.00,1.00
2008.08.26 11:38:14.685,0.9924,0.99255,1.00,1.00
2008.08.26 11:38:15.024,0.9923,0.9925,4.10,1.30
2008.08.26 11:38:16.544,0.9923,0.9925,2.10,3.70
2008.08.26 11:38:18.097,0.9923,0.9925,1.00,4.00
2008.08.26 11:38:19.716,0.9923,0.9925,4.10,1.30
2008.08.26 11:38:20.061,0.9924,0.99255,1.00,1.00
2008.08.26 11:38:22.310,0.9924,0.99255,1.00,4.30
2008.08.26 11:38:23.414,0.9924,0.99255,1.00,1.00
2008.08.26 11:38:36.560,0.9924,0.99255,1.00,4.30
2008.08.26 11:38:38.060,0.9924,0.99255,1.00,1.00
2008.08.26 11:38:38.268,0.9924,0.9925,1.00,1.00
2008.08.26 11:38:38.472,0.9923,0.9925,2.10,1.00
2008.08.26 11:38:39.612,0.9923,0.9925,4.10,1.00
2008.08.26 11:38:39.924,0.9923,0.9925,2.10,1.00
2008.08.26 11:38:41.376,0.9924,0.9925,1.00,1.00
2008.08.26 11:38:41.552,0.9923,0.9925,2.10,1.00
2008.08.26 11:38:42.085,0.9924,0.9925,1.00,1.00
2008.08.26 11:38:42.440,0.9924,0.9926,2.10,3.70
2008.08.26 11:38:50.014,0.9924,0.9926,2.10,1.30
2008.08.26 11:38:50.592,0.9924,0.9926,2.10,3.70
2008.08.26 11:38:50.736,0.9924,0.9926,2.10,1.30
2008.08.26 11:39:00.417,0.9925,0.9926,2.10,1.00
2008.08.26 11:39:00.537,0.9925,0.9927,2.10,5.90
2008.08.26 11:39:00.656,0.9925,0.9927,1.00,5.90
2008.08.26 11:39:00.776,0.99255,0.9927,1.00,1.30
2008.08.26 11:39:00.896,0.9925,0.9927,1.00,1.30
2008.08.26 11:39:01.016,0.9925,0.9927,4.30,1.30
2008.08.26 11:39:01.496,0.9925,0.9927,2.10,1.30
2008.08.26 11:39:02.473,0.9925,0.9927,2.10,3.70
2008.08.26 11:39:03.586,0.9925,0.9927,4.10,1.30
2008.08.26 11:39:04.912,0.9925,0.9927,2.10,1.30
2008.08.26 11:39:05.247,0.9925,0.9927,2.10,1.00
2008.08.26 11:39:05.584,0.9926,0.9927,1.00,1.00
2008.08.26 11:39:05.808,0.9925,0.9927,2.10,1.00
2008.08.26 11:39:06.260,0.9926,0.9927,1.00,1.00
2008.08.26 11:39:06.484,0.9926,0.9928,2.10,9.10
2008.08.26 11:39:07.040,0.9926,0.9928,2.10,1.30
2008.08.26 11:39:07.706,0.9927,0.9928,4.10,1.00
2008.08.26 11:39:07.828,0.9927,0.9929,4.10,1.80
2008.08.26 11:39:08.188,0.9927,0.9929,4.10,1.30
2008.08.26 11:39:08.549,0.9927,0.9928,4.30,1.00
2008.08.26 11:39:09.344,0.9927,0.9929,4.10,1.30
2008.08.26 11:39:09.877,0.9927,0.9929,1.00,1.30
2008.08.26 11:39:11.220,0.9927,0.9929,1.60,1.00
2008.08.26 11:39:11.606,0.9927,0.9929,1.60,1.00
2008.08.26 11:39:11.880,0.9927,0.9929,1.60,1.80
2008.08.26 11:39:12.117,0.99275,0.9929,1.00,1.00
2008.08.26 11:39:12.592,0.9927,0.9929,2.10,1.30
2008.08.26 11:39:13.368,0.9927,0.9929,4.10,1.30
2008.08.26 11:39:13.590,0.9927,0.9929,1.00,3.70
2008.08.26 11:39:15.252,0.9927,0.9929,4.30,1.30
2008.08.26 11:39:15.481,0.9927,0.9929,4.10,1.30
2008.08.26 11:39:15.594,0.9927,0.9929,2.10,3.70
2008.08.26 11:39:15.719,0.9927,0.9929,1.00,4.00
2008.08.26 11:39:15.832,0.9927,0.9929,2.10,3.70
2008.08.26 11:39:15.944,0.9927,0.9929,1.00,4.00
2008.08.26 11:39:16.184,0.9926,0.9929,2.10,4.00
2008.08.26 11:39:16.424,0.9927,0.9929,1.00,4.00
2008.08.26 11:39:16.920,0.9926,0.9927,3.80,1.00
2008.08.26 11:39:17.160,0.9925,0.9927,5.40,3.70
2008.08.26 11:39:17.683,0.9925,0.9927,2.10,3.70
2008.08.26 11:39:17.940,0.99255,0.9927,1.00,1.00
2008.08.26 11:39:18.196,0.9925,0.9927,4.80,1.00
2008.08.26 11:39:18.501,0.9925,0.9927,4.10,1.00
2008.08.26 11:39:19.880,0.9925,0.9927,2.10,1.30
2008.08.26 11:39:20.564,0.9925,0.9927,4.10,1.30
2008.08.26 11:39:20.786,0.9925,0.9927,2.10,1.30
2008.08.26 11:39:23.020,0.9925,0.9927,4.10,1.30
2008.08.26 11:39:24.349,0.9925,0.99275,4.10,1.00
2008.08.26 11:39:24.872,0.9927,0.9928,1.00,5.70
2008.08.26 11:39:25.206,0.9926,0.9927,3.20,1.00
2008.08.26 11:39:25.373,0.9925,0.9927,2.10,1.00
2008.08.26 11:39:25.679,0.9926,0.9927,1.60,1.00
2008.08.26 11:39:25.980,0.9926,0.9928,2.10,1.00
2008.08.26 11:39:26.280,0.99265,0.9928,1.00,1.30
2008.08.26 11:39:26.586,0.99265,0.9927,1.00,1.00
2008.08.26 11:39:26.853,0.9925,0.9927,2.10,1.00
2008.08.26 11:39:27.121,0.9925,0.9927,4.10,1.00
2008.08.26 11:39:27.389,0.9925,0.9927,4.80,1.00
2008.08.26 11:39:27.696,0.99255,0.9927,1.00,1.00
2008.08.26 11:39:28.001,0.9925,0.9927,4.80,1.00
2008.08.26 11:39:28.311,0.9926,0.99275,3.20,1.20
2008.08.26 11:39:28.617,0.99255,0.9928,1.00,2.40
2008.08.26 11:39:28.913,0.9925,0.9928,2.10,2.40
2008.08.26 11:39:29.500,0.9925,0.9927,2.10,1.00
2008.08.26 11:39:30.624,0.9926,0.9927,1.00,1.00
2008.08.26 11:39:30.740,0.9926,0.9927,1.00,1.30
2008.08.26 11:39:31.628,0.99255,0.9927,1.00,1.30
2008.08.26 11:39:31.804,0.99255,0.9926,1.00,3.20
2008.08.26 11:39:31.980,0.9924,0.99255,1.50,1.00
2008.08.26 11:39:32.156,0.99245,0.99255,1.00,1.00
2008.08.26 11:39:32.332,0.99245,0.9926,1.00,1.00
2008.08.26 11:39:32.508,0.9925,0.9926,1.00,1.00
2008.08.26 11:39:34.256,0.9925,0.9926,1.00,3.70
2008.08.26 11:39:34.440,0.9924,0.9925,1.50,1.00
2008.08.26 11:39:34.916,0.99245,0.9925,1.00,1.00
2008.08.26 11:39:35.500,0.9924,0.9925,1.00,1.00
2008.08.26 11:39:35.792,0.9926,0.99265,1.00,4.20
2008.08.26 11:39:36.056,0.9926,0.99265,1.00,1.10
2008.08.26 11:39:36.189,0.99255,0.9926,1.00,1.00
2008.08.26 11:39:36.908,0.9924,0.9926,2.10,1.00
2008.08.26 11:39:37.540,0.9924,0.9926,2.10,4.00
2008.08.26 11:39:39.300,0.9924,0.9926,4.10,1.80
2008.08.26 11:39:39.756,0.9924,0.9926,4.10,1.00
2008.08.26 11:39:40.092,0.9924,0.9926,2.10,1.00
2008.08.26 11:39:41.259,0.9924,0.9926,2.10,3.70
2008.08.26 11:39:41.376,0.9924,0.9926,2.10,4.00
2008.08.26 11:39:42.060,0.9924,0.9926,1.40,4.00
2008.08.26 11:39:42.413,0.9924,0.9926,2.10,4.00
2008.08.26 11:39:42.748,0.9924,0.9926,2.10,1.00
2008.08.26 11:39:45.768,0.9925,0.9926,1.00,1.00
2008.08.26 11:39:48.622,0.9925,0.9926,1.60,1.00
2008.08.26 11:39:51.253,0.9925,0.9926,1.00,1.00
2008.08.26 11:39:52.139,0.9924,0.9926,2.10,1.00
2008.08.26 11:39:52.932,0.9924,0.9926,2.10,3.70
2008.08.26 11:39:53.606,0.9924,0.9926,1.00,4.00
2008.08.26 11:39:53.788,0.9924,0.99255,1.00,1.20
2008.08.26 11:39:53.967,0.9923,0.9925,2.10,1.00
2008.08.26 11:39:56.434,0.9924,0.9925,1.00,1.00
2008.08.26 11:39:56.672,0.9923,0.9925,2.10,1.00
2008.08.26 11:39:56.748,0.9924,0.9925,1.00,1.00
2008.08.26 11:39:58.314,0.9923,0.9925,2.10,3.70
2008.08.26 11:39:59.036,0.9924,0.9925,1.00,3.70
2008.08.26 11:39:59.228,0.99235,0.9925,1.00,3.70
2008.08.26 11:39:59.618,0.9923,0.9925,2.10,3.70
2008.08.26 11:40:04.351,0.9923,0.9925,1.60,3.70
2008.08.26 11:40:04.815,0.99235,0.9925,1.00,3.70
2008.08.26 11:40:06.616,0.9923,0.9925,2.10,3.70
2008.08.26 11:40:06.789,0.9923,0.9925,2.10,1.00
2008.08.26 11:40:08.247,0.9924,0.9926,1.00,4.00
2008.08.26 11:40:10.991,0.9923,0.9925,2.10,1.00
2008.08.26 11:40:11.097,0.9923,0.9925,2.10,3.70
2008.08.26 11:40:12.389,0.99235,0.9925,1.00,3.70
2008.08.26 11:40:16.268,0.9923,0.9925,2.10,3.70
2008.08.26 11:40:17.496,0.9923,0.9925,2.10,1.00
2008.08.26 11:40:17.832,0.9924,0.9925,1.00,1.00
2008.08.26 11:40:18.167,0.9924,0.9926,1.00,4.00
2008.08.26 11:40:20.142,0.9924,0.9926,2.10,4.00
2008.08.26 11:40:22.160,0.99235,0.9925,1.00,1.00
2008.08.26 11:40:22.752,0.9923,0.9925,4.80,1.00
2008.08.26 11:40:23.048,0.9923,0.9925,4.10,1.20
2008.08.26 11:40:23.207,0.9923,0.9926,2.10,2.40
2008.08.26 11:40:23.368,0.9923,0.9925,2.10,1.00
2008.08.26 11:40:23.528,0.9923,0.9925,2.10,3.70
2008.08.26 11:40:24.519,0.9923,0.9925,2.10,1.00
2008.08.26 11:40:25.040,0.9924,0.9926,4.10,1.80
2008.08.26 11:40:25.591,0.9924,0.9926,4.10,1.30
2008.08.26 11:40:27.172,0.9924,0.9926,2.10,3.70
2008.08.26 11:40:27.459,0.9924,0.9926,1.00,1.40
2008.08.26 11:40:27.743,0.9924,0.99255,1.00,1.20
2008.08.26 11:40:28.616,0.9924,0.9926,1.00,4.00
2008.08.26 11:40:28.811,0.9923,0.9925,2.10,1.00
2008.08.26 11:40:29.419,0.9923,0.9926,2.10,4.00
2008.08.26 11:40:30.932,0.9924,0.9926,1.00,3.70
2008.08.26 11:40:32.475,0.9923,0.9926,2.10,3.70
2008.08.26 11:40:32.518,0.9923,0.9926,2.10,4.00
2008.08.26 11:40:33.955,0.9924,0.9926,1.00,4.00
2008.08.26 11:40:35.406,0.9924,0.9926,1.00,3.70
2008.08.26 11:40:35.631,0.9924,0.9926,4.30,1.30
2008.08.26 11:40:36.019,0.9924,0.9926,4.10,1.30
2008.08.26 11:40:36.347,0.9924,0.9926,2.10,3.70
2008.08.26 11:40:36.676,0.9924,0.9926,2.10,9.10
2008.08.26 11:40:37.175,0.9924,0.9926,2.10,4.00
2008.08.26 11:40:37.512,0.9924,0.9926,1.00,4.00
2008.08.26 11:40:40.243,0.9924,0.9926,2.10,4.00
2008.08.26 11:40:40.340,0.9924,0.9926,2.10,3.70
2008.08.26 11:40:41.019,0.9924,0.9926,2.10,4.00
2008.08.26 11:40:41.227,0.9924,0.9925,2.10,3.20
2008.08.26 11:40:41.342,0.9924,0.9925,1.00,3.70
2008.08.26 11:40:41.455,0.9924,0.9925,1.00,1.00
2008.08.26 11:40:41.796,0.9924,0.99255,1.00,1.20
2008.08.26 11:40:42.132,0.9924,0.99255,1.00,1.00
2008.08.26 11:40:42.244,0.9924,0.9926,1.00,1.80
2008.08.26 11:40:44.007,0.9924,0.9926,1.00,4.00
2008.08.26 11:40:44.771,0.9924,0.9926,2.10,3.70
2008.08.26 11:40:45.684,0.9924,0.9926,1.00,4.00
2008.08.26 11:40:48.612,0.9925,0.9926,1.00,1.20
2008.08.26 11:40:49.191,0.9925,0.9926,1.00,1.70
2008.08.26 11:40:49.351,0.9925,0.9926,1.00,1.00
2008.08.26 11:40:53.067,0.9925,0.9926,1.00,4.00
2008.08.26 11:40:55.893,0.9925,0.99265,1.00,4.30
2008.08.26 11:41:02.303,0.9925,0.99265,1.00,1.00
2008.08.26 11:41:03.051,0.9924,0.99265,2.10,4.30
2008.08.26 11:41:05.231,0.9924,0.9926,2.10,3.70
2008.08.26 11:41:08.267,0.9924,0.9926,1.00,3.70
2008.08.26 11:41:08.401,0.9924,0.9926,1.00,4.00
2008.08.26 11:41:10.737,0.9924,0.99255,1.00,1.20
2008.08.26 11:41:12.817,0.9924,0.9926,1.00,9.40
2008.08.26 11:41:13.100,0.9924,0.9926,4.10,6.20
2008.08.26 11:41:13.371,0.9924,0.9926,4.10,5.90
2008.08.26 11:41:13.643,0.9924,0.9926,4.10,1.00
2008.08.26 11:41:13.843,0.9924,0.9926,2.10,1.00
2008.08.26 11:41:14.043,0.9924,0.9926,2.10,3.70
2008.08.26 11:41:14.443,0.9924,0.9926,2.10,1.00
2008.08.26 11:41:14.859,0.9925,0.9926,1.00,1.00
2008.08.26 11:41:15.592,0.9925,0.9926,1.00,3.70
2008.08.26 11:41:17.284,0.9925,0.9926,1.00,1.00
2008.08.26 11:41:27.535,0.9925,0.9926,1.60,1.00
2008.08.26 11:41:27.816,0.9925,0.9926,1.00,1.00
2008.08.26 11:41:28.098,0.9926,0.99265,1.00,1.10
2008.08.26 11:41:28.576,0.9926,0.9927,1.00,3.70
2008.08.26 11:41:29.248,0.9926,0.9927,1.60,1.00
2008.08.26 11:41:31.084,0.9926,0.9927,1.00,1.00
2008.08.26 11:41:32.137,0.99255,0.9926,1.80,1.00
2008.08.26 11:41:33.184,0.9925,0.9927,2.10,3.70
2008.08.26 11:41:33.780,0.9925,0.9926,1.60,1.00
2008.08.26 11:41:34.711,0.9925,0.9926,1.00,1.00
2008.08.26 11:41:35.779,0.9924,0.9926,2.10,1.00
2008.08.26 11:41:36.055,0.9925,0.9926,1.00,1.00
2008.08.26 11:41:36.951,0.9924,0.9926,2.10,1.00
2008.08.26 11:41:37.123,0.9925,0.9926,1.00,1.00
2008.08.26 11:41:37.295,0.9924,0.9926,2.10,1.00
2008.08.26 11:41:38.736,0.9924,0.9926,2.10,3.70
2008.08.26 11:41:39.095,0.9924,0.9926,2.10,1.30
2008.08.26 11:41:39.455,0.9924,0.9926,2.10,1.00
2008.08.26 11:41:39.641,0.9924,0.9926,3.70,1.00
2008.08.26 11:41:39.922,0.9925,0.9927,1.00,9.40
2008.08.26 11:41:40.199,0.9925,0.9927,2.10,1.30
2008.08.26 11:41:42.784,0.9925,0.9927,2.10,3.70
2008.08.26 11:41:44.195,0.9926,0.9927,1.00,3.70
2008.08.26 11:41:44.555,0.9925,0.9927,2.10,3.70
2008.08.26 11:41:44.735,0.9925,0.9927,4.10,1.30
2008.08.26 11:41:45.767,0.9924,0.9927,2.10,1.80
2008.08.26 11:41:47.875,0.9924,0.99265,2.10,1.00
2008.08.26 11:41:48.067,0.9924,0.99265,2.10,1.20
2008.08.26 11:41:48.259,0.9924,0.99265,2.10,1.00
2008.08.26 11:41:48.455,0.9924,0.9927,2.10,1.80
2008.08.26 11:41:49.271,0.9924,0.9927,3.10,1.80
2008.08.26 11:41:49.495,0.9925,0.9927,1.00,1.80
2008.08.26 11:41:50.391,0.9925,0.9927,2.10,1.30
2008.08.26 11:41:55.800,0.9925,0.9927,2.10,1.00
2008.08.26 11:41:56.040,0.9925,0.9927,2.10,1.30
2008.08.26 11:41:57.039,0.9925,0.9927,2.10,1.00
2008.08.26 11:41:58.860,0.9925,0.9926,1.00,3.20
2008.08.26 11:41:59.059,0.9924,0.9926,2.10,3.20
2008.08.26 11:41:59.259,0.99245,0.9925,1.00,1.00
2008.08.26 11:41:59.859,0.99245,0.9926,1.00,1.00
2008.08.26 11:42:01.744,0.9924,0.9926,2.10,1.00
2008.08.26 11:42:05.340,0.9924,0.9926,2.10,1.00
2008.08.26 11:42:05.623,0.9924,0.9926,2.10,1.80
2008.08.26 11:42:06.320,0.9924,0.9926,1.40,1.80
2008.08.26 11:42:06.545,0.9924,0.9926,2.10,1.80
2008.08.26 11:42:06.713,0.9924,0.9926,2.10,1.00
2008.08.26 11:42:06.827,0.9924,0.9926,2.10,1.00
2008.08.26 11:42:11.831,0.9924,0.9926,1.40,1.80
2008.08.26 11:42:12.279,0.9924,0.9926,4.10,1.40
2008.08.26 11:42:12.392,0.9924,0.9926,4.10,1.00
2008.08.26 11:42:13.330,0.9924,0.9926,2.10,3.70
2008.08.26 11:42:13.551,0.9925,0.99265,1.00,1.20
2008.08.26 11:42:13.773,0.9925,0.9927,1.00,9.40
2008.08.26 11:42:13.991,0.9925,0.9927,1.00,4.00
2008.08.26 11:42:14.441,0.9925,0.9927,2.10,1.30
2008.08.26 11:42:14.669,0.9925,0.9927,2.10,1.00
2008.08.26 11:42:14.895,0.9925,0.9927,2.10,1.30
2008.08.26 11:42:18.307,0.9925,0.9927,2.10,1.70
2008.08.26 11:42:18.423,0.9925,0.9927,1.00,1.80
2008.08.26 11:42:18.735,0.9925,0.9927,4.10,1.80
2008.08.26 11:42:19.049,0.9925,0.9927,2.10,3.70
2008.08.26 11:42:19.613,0.9925,0.9927,2.10,4.00
2008.08.26 11:42:19.860,0.9925,0.9926,1.00,1.00
2008.08.26 11:42:20.347,0.9925,0.9926,1.00,3.70
2008.08.26 11:42:20.616,0.9924,0.9926,2.10,3.70
2008.08.26 11:42:20.876,0.9924,0.9926,2.10,1.00
2008.08.26 11:42:38.077,0.9924,0.9926,2.10,1.30
2008.08.26 11:42:39.011,0.99245,0.9926,1.00,2.00
2008.08.26 11:42:39.324,0.9924,0.9926,4.30,1.30
2008.08.26 11:42:39.947,0.9924,0.9926,2.10,1.30
2008.08.26 11:42:40.199,0.9924,0.9926,2.10,3.70
2008.08.26 11:42:40.451,0.9924,0.9926,2.10,1.00
2008.08.26 11:42:43.750,0.9925,0.9927,1.00,4.00
2008.08.26 11:42:44.089,0.9925,0.9927,4.10,1.80
2008.08.26 11:42:44.424,0.9925,0.9927,4.10,1.00
2008.08.26 11:42:44.676,0.9926,0.99275,1.00,1.00
2008.08.26 11:42:44.911,0.9926,0.9928,4.10,1.80
2008.08.26 11:42:45.150,0.9927,0.9928,1.00,3.50
2008.08.26 11:42:45.388,0.9927,0.9928,1.00,1.20
2008.08.26 11:42:45.868,0.9927,0.99285,1.00,1.20
2008.08.26 11:42:46.112,0.99275,0.9929,1.00,2.00
2008.08.26 11:42:46.355,0.99275,0.9928,1.00,1.00
2008.08.26 11:42:46.601,0.99275,0.9928,1.00,1.00
2008.08.26 11:42:46.939,0.9927,0.9928,1.00,1.30
2008.08.26 11:42:47.275,0.9926,0.9928,2.10,3.70
2008.08.26 11:42:47.611,0.9926,0.9928,4.10,1.00
2008.08.26 11:42:47.871,0.9926,0.9928,2.10,3.70
2008.08.26 11:42:48.940,0.9926,0.9928,2.10,1.00
2008.08.26 11:42:49.780,0.9927,0.9928,1.00,1.00
2008.08.26 11:42:50.451,0.9926,0.9928,2.10,1.00
2008.08.26 11:42:52.039,0.9926,0.9928,2.10,3.70
2008.08.26 11:42:52.179,0.99265,0.9927,1.00,1.00
2008.08.26 11:42:52.459,0.9926,0.9928,1.00,3.70
2008.08.26 11:42:52.931,0.9926,0.9927,1.00,1.00
2008.08.26 11:42:53.263,0.9926,0.9927,1.00,3.70
2008.08.26 11:42:53.595,0.9925,0.9927,1.60,3.70
2008.08.26 11:42:53.929,0.99245,0.9927,1.00,4.00
2008.08.26 11:42:54.175,0.9925,0.9926,1.00,1.00
2008.08.26 11:42:54.415,0.99245,0.9926,1.00,1.00
2008.08.26 11:42:54.953,0.9924,0.9926,1.60,1.00
2008.08.26 11:42:55.543,0.9924,0.9926,1.60,1.40
2008.08.26 11:42:55.839,0.9924,0.9926,2.10,1.00
2008.08.26 11:42:56.327,0.9925,0.9927,2.10,1.30
2008.08.26 11:42:56.571,0.9925,0.9927,2.10,3.70
2008.08.26 11:42:56.817,0.9925,0.9927,1.00,4.00
2008.08.26 11:42:56.953,0.9924,0.9926,2.10,1.00
2008.08.26 11:42:57.671,0.9924,0.9926,4.10,1.00
2008.08.26 11:42:58.711,0.9924,0.9926,4.10,1.80
2008.08.26 11:42:59.141,0.9924,0.9926,2.10,1.00
2008.08.26 11:42:59.315,0.9924,0.9926,2.10,1.00
2008.08.26 11:43:01.451,0.9925,0.9926,1.00,1.20
2008.08.26 11:43:02.159,0.9924,0.9926,4.10,1.80
2008.08.26 11:43:03.771,0.9924,0.9926,4.10,1.00
2008.08.26 11:43:04.087,0.9924,0.9926,2.10,3.70
2008.08.26 11:43:04.311,0.9924,0.9926,4.10,1.00
2008.08.26 11:43:04.983,0.9924,0.9926,2.10,1.00
2008.08.26 11:43:05.447,0.9924,0.9926,4.10,1.00
2008.08.26 11:43:07.655,0.9924,0.9926,4.10,1.30
2008.08.26 11:43:07.875,0.9924,0.9926,4.10,1.00
2008.08.26 11:43:09.375,0.9924,0.9926,2.00,1.00
2008.08.26 11:43:09.799,0.9925,0.99265,1.00,1.20
2008.08.26 11:43:10.171,0.9925,0.9927,1.00,4.00
2008.08.26 11:43:10.591,0.9924,0.9926,4.10,1.00
2008.08.26 11:43:10.928,0.9925,0.9927,1.00,4.00
2008.08.26 11:43:11.599,0.9925,0.9927,1.00,1.80
2008.08.26 11:43:12.016,0.9925,0.9927,1.00,4.00
2008.08.26 11:43:13.515,0.9925,0.9926,1.00,4.00
2008.08.26 11:43:13.703,0.9925,0.99265,1.00,4.30
2008.08.26 11:43:14.343,0.9924,0.9926,2.10,3.70
2008.08.26 11:43:16.318,0.9924,0.9925,2.10,1.00
2008.08.26 11:43:16.680,0.9924,0.9926,2.10,3.70
2008.08.26 11:43:17.219,0.9924,0.9926,2.10,4.00
2008.08.26 11:43:17.519,0.9925,0.9926,1.00,1.20
2008.08.26 11:43:18.115,0.9925,0.99265,1.00,1.00
2008.08.26 11:43:18.391,0.9924,0.9926,2.10,1.30
2008.08.26 11:43:18.943,0.9924,0.9926,2.10,3.70
2008.08.26 11:43:19.220,0.9924,0.9926,1.00,4.00
2008.08.26 11:43:22.796,0.9924,0.9926,2.10,3.70
2008.08.26 11:43:22.948,0.9924,0.99255,1.00,1.20
2008.08.26 11:43:23.099,0.9924,0.9926,1.00,4.00
2008.08.26 11:43:24.382,0.9923,0.9925,2.10,1.00
2008.08.26 11:43:24.587,0.9923,0.9925,3.10,1.00
2008.08.26 11:43:24.791,0.9924,0.99255,1.00,1.20
2008.08.26 11:43:25.200,0.9924,0.99255,1.00,1.00
2008.08.26 11:43:25.537,0.9924,0.9926,1.00,4.00
2008.08.26 11:43:25.872,0.9924,0.9926,2.00,1.80
2008.08.26 11:43:30.926,0.9924,0.9926,1.40,4.00
2008.08.26 11:43:31.699,0.9924,0.9926,2.10,4.00
2008.08.26 11:43:31.863,0.9924,0.9926,1.00,4.00
2008.08.26 11:43:32.355,0.9924,0.9926,2.10,4.00
2008.08.26 11:43:33.295,0.9924,0.9926,4.10,1.80
2008.08.26 11:43:33.419,0.9924,0.9926,4.10,1.00
2008.08.26 11:43:33.544,0.9924,0.9926,4.10,1.00
2008.08.26 11:43:34.216,0.9925,0.99265,1.00,1.20
2008.08.26 11:43:34.887,0.9925,0.9927,1.00,6.20
2008.08.26 11:43:35.983,0.9925,0.9927,1.00,9.40
2008.08.26 11:43:36.181,0.9925,0.99265,1.00,1.20
2008.08.26 11:43:36.547,0.9925,0.99265,1.00,1.00
2008.08.26 11:43:36.731,0.9925,0.9927,1.00,6.20
2008.08.26 11:43:37.987,0.9925,0.9927,1.00,9.40
2008.08.26 11:43:38.355,0.9925,0.99265,1.00,1.20
2008.08.26 11:43:38.555,0.9924,0.9926,4.10,1.00
2008.08.26 11:43:38.813,0.9924,0.9926,2.10,3.70
2008.08.26 11:43:39.132,0.9925,0.99265,1.00,3.50
2008.08.26 11:43:39.447,0.9925,0.99265,1.00,1.20
2008.08.26 11:43:39.767,0.9925,0.9926,2.10,1.00
2008.08.26 11:43:40.027,0.9925,0.9926,1.00,1.00
2008.08.26 11:43:40.287,0.9926,0.99265,1.00,1.20
2008.08.26 11:43:40.807,0.9926,0.99265,1.00,1.00
2008.08.26 11:43:41.079,0.9925,0.9926,1.00,1.00
2008.08.26 11:43:41.623,0.9924,0.9926,2.10,1.00
2008.08.26 11:43:42.447,0.9924,0.99265,2.10,1.00
2008.08.26 11:43:42.631,0.9924,0.9926,2.00,3.50
2008.08.26 11:43:43.343,0.9924,0.9926,2.00,1.20
2008.08.26 11:43:43.679,0.9924,0.9926,2.00,1.80
2008.08.26 11:43:44.575,0.9924,0.9926,1.00,1.80
2008.08.26 11:43:44.855,0.9924,0.9926,1.00,1.40
2008.08.26 11:43:45.136,0.9924,0.9925,1.00,1.00
2008.08.26 11:43:45.860,0.9924,0.99255,1.00,1.00
2008.08.26 11:43:48.011,0.9923,0.9924,2.50,1.00
2008.08.26 11:43:48.399,0.9924,0.99255,1.00,6.40
2008.08.26 11:43:49.275,0.9924,0.99255,1.00,1.00
2008.08.26 11:43:49.948,0.9924,0.99255,1.00,4.30
2008.08.26 11:43:51.236,0.9924,0.99255,1.00,1.00
2008.08.26 11:43:53.211,0.9923,0.9925,4.10,1.30
2008.08.26 11:43:53.463,0.9923,0.9925,2.10,1.30
2008.08.26 11:43:54.472,0.9923,0.9925,2.10,3.70
2008.08.26 11:43:54.595,0.9924,0.99255,1.00,4.30
2008.08.26 11:43:57.480,0.9923,0.9925,2.10,3.70
2008.08.26 11:43:58.967,0.9923,0.99245,1.00,1.00
2008.08.26 11:43:59.851,0.9923,0.99245,1.00,1.20
2008.08.26 11:44:00.451,0.9923,0.9925,1.00,1.80
2008.08.26 11:44:04.099,0.9923,0.9925,1.00,6.20
2008.08.26 11:44:04.424,0.9923,0.9924,1.00,1.00
2008.08.26 11:44:06.023,0.9923,0.9925,1.00,4.00
2008.08.26 11:44:09.867,0.9923,0.9925,1.00,1.80
2008.08.26 11:44:10.216,0.9923,0.9925,2.00,1.80
2008.08.26 11:44:10.562,0.9923,0.9925,4.10,1.80
2008.08.26 11:44:10.735,0.9924,0.99255,1.00,1.00
2008.08.26 11:44:15.595,0.9924,0.9925,1.00,1.00
2008.08.26 11:44:16.770,0.9924,0.99255,1.00,1.00
2008.08.26 11:44:18.727,0.9924,0.99255,1.00,1.20
2008.08.26 11:44:19.095,0.9924,0.99255,1.00,1.00
2008.08.26 11:44:24.644,0.9924,0.9925,1.00,1.00
2008.08.26 11:44:24.982,0.9924,0.99255,1.00,1.00
2008.08.26 11:44:27.288,0.9924,0.9925,1.00,1.00
2008.08.26 11:44:27.900,0.9924,0.99255,1.00,1.00
2008.08.26 11:44:28.307,0.9924,0.9925,1.00,1.00
2008.08.26 11:44:31.125,0.9924,0.99255,1.00,1.00
2008.08.26 11:44:33.927,0.9924,0.9925,1.00,1.00
2008.08.26 11:44:34.322,0.9924,0.9926,1.00,9.40
2008.08.26 11:44:36.108,0.9924,0.9925,1.00,1.00
2008.08.26 11:44:36.795,0.9924,0.9926,1.00,9.40
2008.08.26 11:44:38.011,0.9924,0.9926,1.00,4.00
2008.08.26 11:44:38.235,0.9924,0.9925,1.00,1.00
2008.08.26 11:44:38.535,0.9924,0.99255,1.00,1.00
2008.08.26 11:44:38.955,0.9924,0.99255,1.00,1.20
2008.08.26 11:44:43.556,0.9924,0.99255,1.00,1.00
2008.08.26 11:44:46.856,0.9924,0.99255,1.00,1.20
2008.08.26 11:44:54.302,0.9924,0.9926,1.00,1.80
2008.08.26 11:44:54.466,0.9924,0.9926,1.00,9.40
2008.08.26 11:44:57.647,0.9924,0.9926,2.10,9.40
2008.08.26 11:44:58.006,0.9924,0.9926,2.10,4.00
2008.08.26 11:44:59.183,0.9924,0.9926,1.00,4.00
2008.08.26 11:44:59.523,0.9924,0.9926,2.10,9.40
2008.08.26 11:44:59.862,0.9924,0.9926,2.10,4.00
2008.08.26 11:45:00.449,0.9924,0.9926,2.10,9.40
2008.08.26 11:45:00.754,0.9924,0.9926,1.00,9.40
2008.08.26 11:45:01.363,0.9925,0.9926,1.00,5.60
2008.08.26 11:45:01.563,0.9925,0.9926,1.00,1.00
2008.08.26 11:45:01.772,0.9924,0.9926,2.10,1.30
2008.08.26 11:45:02.358,0.9924,0.9926,4.10,1.30
2008.08.26 11:45:03.487,0.9924,0.9926,2.10,1.30
2008.08.26 11:45:05.271,0.9924,0.9926,2.10,1.70
2008.08.26 11:45:05.535,0.9924,0.9926,1.00,1.80
2008.08.26 11:45:06.327,0.9924,0.9926,2.10,1.70
2008.08.26 11:45:06.475,0.9924,0.9926,2.10,1.30
2008.08.26 11:45:06.771,0.9925,0.99265,1.00,1.00
2008.08.26 11:45:08.701,0.99245,0.9925,1.70,1.00
2008.08.26 11:45:08.907,0.9924,0.9925,2.10,1.00
2008.08.26 11:45:09.723,0.9924,0.9925,1.00,1.00
2008.08.26 11:45:13.698,0.9924,0.9926,1.00,6.20
2008.08.26 11:45:13.790,0.9924,0.9926,1.00,1.80
2008.08.26 11:45:14.491,0.9924,0.99255,1.00,1.20
2008.08.26 11:45:14.820,0.9924,0.99255,1.00,1.00
2008.08.26 11:45:15.071,0.9924,0.9926,1.00,4.00
2008.08.26 11:45:15.323,0.9924,0.9926,2.10,4.00
2008.08.26 11:45:15.587,0.9924,0.9926,2.10,1.80
2008.08.26 11:45:15.834,0.9924,0.9926,2.10,1.30
2008.08.26 11:45:16.176,0.9924,0.9926,1.00,1.80
2008.08.26 11:45:17.194,0.9924,0.9925,1.00,1.00
2008.08.26 11:45:19.700,0.9924,0.99255,1.00,1.00
2008.08.26 11:45:20.034,0.9924,0.9925,1.00,1.00
2008.08.26 11:45:21.958,0.9924,0.99255,1.00,1.00
2008.08.26 11:45:22.546,0.9924,0.9926,1.00,6.20
2008.08.26 11:45:22.930,0.9924,0.9926,1.00,1.40
2008.08.26 11:45:23.046,0.9924,0.9926,2.10,1.30
2008.08.26 11:45:23.142,0.9924,0.9926,2.10,1.70
2008.08.26 11:45:23.238,0.9924,0.9926,1.00,1.80
2008.08.26 11:45:27.502,0.9924,0.9926,2.10,1.80
2008.08.26 11:45:28.036,0.9924,0.9926,2.10,4.00
2008.08.26 11:45:28.080,0.9924,0.9926,1.00,4.00
2008.08.26 11:45:29.021,0.9924,0.9926,1.00,1.80
2008.08.26 11:45:29.151,0.9924,0.99255,1.00,1.20
2008.08.26 11:45:31.551,0.9924,0.9926,1.00,4.00
2008.08.26 11:45:31.730,0.9924,0.99255,1.00,1.20
2008.08.26 11:45:32.148,0.9924,0.9926,1.00,1.80
2008.08.26 11:45:32.513,0.9924,0.9926,1.00,4.00
2008.08.26 11:45:36.256,0.9924,0.9925,1.00,1.00
2008.08.26 11:45:37.176,0.9924,0.9925,1.00,1.20
2008.08.26 11:45:37.707,0.9924,0.9925,1.00,3.50
2008.08.26 11:45:38.462,0.9923,0.9925,2.10,4.00
2008.08.26 11:45:38.883,0.9923,0.9925,1.00,1.80
2008.08.26 11:45:39.259,0.9923,0.99245,1.00,1.20
2008.08.26 11:45:39.966,0.9923,0.9925,4.10,1.80
2008.08.26 11:45:40.431,0.9924,0.9925,1.00,1.20
2008.08.26 11:45:40.654,0.9923,0.9925,2.10,4.00
2008.08.26 11:45:41.648,0.9923,0.9925,4.10,1.80
2008.08.26 11:45:42.539,0.9923,0.9925,4.10,1.40
2008.08.26 11:45:42.767,0.9923,0.9925,4.10,1.30
2008.08.26 11:45:43.738,0.9924,0.99255,1.00,1.00
2008.08.26 11:45:49.813,0.99235,0.9924,1.70,1.00
2008.08.26 11:45:50.030,0.9923,0.9924,2.10,1.00
2008.08.26 11:45:50.251,0.9923,0.99245,1.00,1.00
2008.08.26 11:45:50.470,0.9922,0.9924,2.10,1.30
2008.08.26 11:45:53.538,0.9922,0.9924,2.10,3.70
2008.08.26 11:45:53.589,0.9922,0.9924,1.00,3.70
2008.08.26 11:45:53.754,0.9922,0.9924,1.00,4.00
2008.08.26 11:45:55.078,0.9921,0.9923,2.10,1.00
2008.08.26 11:45:55.814,0.9921,0.9924,2.10,4.00
2008.08.26 11:45:56.182,0.9922,0.9924,1.00,1.30
2008.08.26 11:45:56.864,0.9922,0.99245,2.10,1.00
2008.08.26 11:45:58.299,0.9922,0.99245,4.10,1.00
2008.08.26 11:45:58.348,0.9923,0.99245,1.00,1.00
2008.08.26 11:45:58.442,0.9922,0.9924,3.70,1.00
2008.08.26 11:45:58.539,0.9923,0.9924,1.00,1.00
2008.08.26 11:45:58.742,0.9923,0.99255,1.00,1.00
2008.08.26 11:45:58.898,0.9923,0.99255,2.10,1.00
2008.08.26 11:46:00.834,0.9923,0.9925,2.10,1.20
2008.08.26 11:46:00.938,0.9923,0.9925,2.10,3.50
2008.08.26 11:46:01.042,0.9923,0.9925,2.10,1.20
2008.08.26 11:46:01.147,0.9923,0.9925,2.10,5.60
2008.08.26 11:46:01.354,0.9923,0.99255,2.10,6.40
2008.08.26 11:46:01.983,0.9923,0.99255,1.00,6.40
2008.08.26 11:46:02.480,0.9923,0.99255,1.00,11.20
2008.08.26 11:46:02.977,0.9922,0.99245,2.10,1.20
2008.08.26 11:46:03.494,0.9922,0.99245,2.10,3.50
2008.08.26 11:46:03.637,0.9922,0.9924,2.10,3.50
2008.08.26 11:46:04.255,0.9922,0.9924,2.10,4.00
2008.08.26 11:46:04.539,0.9922,0.9924,2.10,3.70
2008.08.26 11:46:04.824,0.9922,0.9924,2.10,1.00
2008.08.26 11:46:05.274,0.9923,0.99245,1.00,1.20
2008.08.26 11:46:05.778,0.9922,0.9924,4.10,1.30
2008.08.26 11:46:05.946,0.9922,0.9924,2.10,3.70
2008.08.26 11:46:06.114,0.9922,0.9924,2.10,4.00
2008.08.26 11:46:07.305,0.9922,0.9924,1.00,4.00
2008.08.26 11:46:11.067,0.9921,0.9923,2.10,1.00
2008.08.26 11:46:11.499,0.9922,0.9924,1.00,4.00
2008.08.26 11:46:11.607,0.9922,0.9924,1.00,1.80
2008.08.26 11:46:11.951,0.9922,0.9924,1.00,1.40
2008.08.26 11:46:12.291,0.9922,0.9924,2.10,1.30
2008.08.26 11:46:13.014,0.9922,0.9924,2.10,3.70
2008.08.26 11:46:13.270,0.9922,0.9924,2.10,4.00
2008.08.26 11:46:13.398,0.9922,0.9924,1.00,4.00
2008.08.26 11:46:13.526,0.9922,0.9924,1.00,3.50
2008.08.26 11:46:13.994,0.9922,0.9924,1.00,1.20
2008.08.26 11:46:14.675,0.9922,0.99245,2.10,1.00
2008.08.26 11:46:15.397,0.9922,0.99245,2.10,1.20
2008.08.26 11:46:18.734,0.9922,0.9925,2.10,4.00
2008.08.26 11:46:19.566,0.9922,0.9924,3.70,1.00
2008.08.26 11:46:19.906,0.9922,0.9924,3.60,1.20
2008.08.26 11:46:20.122,0.9922,0.9924,2.70,1.20
2008.08.26 11:46:20.338,0.9922,0.9924,2.10,1.20
2008.08.26 11:46:20.554,0.9922,0.9924,4.10,1.20
2008.08.26 11:46:20.999,0.9922,0.9924,2.00,1.20
2008.08.26 11:46:21.486,0.9923,0.9924,1.00,1.00
2008.08.26 11:46:21.730,0.9923,0.9925,1.00,4.00
2008.08.26 11:46:22.218,0.9923,0.9925,1.00,1.80
2008.08.26 11:46:26.425,0.9923,0.9925,1.00,6.20
2008.08.26 11:46:27.444,0.9923,0.9925,1.00,1.80
2008.08.26 11:46:31.407,0.9923,0.9925,1.00,4.00
2008.08.26 11:46:31.638,0.9923,0.9925,1.00,1.80
2008.08.26 11:46:31.754,0.9923,0.99245,1.00,1.20
2008.08.26 11:46:39.335,0.9924,0.99255,1.00,1.00
2008.08.26 11:46:39.675,0.9923,0.9925,2.10,3.70
2008.08.26 11:46:40.015,0.9923,0.99245,1.00,1.20
2008.08.26 11:46:41.069,0.9923,0.9925,1.00,1.80
2008.08.26 11:46:41.747,0.9923,0.9925,4.10,1.30
2008.08.26 11:46:42.083,0.9924,0.99255,1.00,1.00
2008.08.26 11:46:45.754,0.9924,0.99255,1.00,4.30
2008.08.26 11:46:46.163,0.9924,0.99255,1.00,1.00
2008.08.26 11:46:46.774,0.9923,0.9925,4.10,1.30
2008.08.26 11:46:46.978,0.9923,0.9925,2.10,1.30
2008.08.26 11:46:47.379,0.9923,0.9925,1.00,1.80
2008.08.26 11:46:47.779,0.9923,0.9925,1.00,4.00
2008.08.26 11:46:48.271,0.9923,0.9925,2.10,4.00
2008.08.26 11:46:48.354,0.9923,0.9925,2.10,3.70
2008.08.26 11:46:49.039,0.9924,0.99255,1.00,4.30
2008.08.26 11:46:50.731,0.9924,0.9925,1.00,3.50
2008.08.26 11:46:50.958,0.9923,0.9924,1.00,1.00
2008.08.26 11:46:51.374,0.9922,0.9924,4.10,1.00
2008.08.26 11:46:51.714,0.9922,0.99245,4.10,1.20
2008.08.26 11:46:52.054,0.9922,0.9925,2.10,9.40
2008.08.26 11:46:52.394,0.9922,0.99245,2.10,1.00
2008.08.26 11:46:52.634,0.9922,0.99245,2.10,1.20
2008.08.26 11:46:54.935,0.9922,0.99245,2.10,1.00
2008.08.26 11:46:55.842,0.9922,0.9924,2.10,1.80
2008.08.26 11:46:57.739,0.9922,0.9924,2.10,1.40
2008.08.26 11:46:57.923,0.9922,0.9924,2.10,1.30
2008.08.26 11:46:58.107,0.9922,0.9924,2.10,3.70
2008.08.26 11:46:58.307,0.9922,0.9923,1.00,3.70
2008.08.26 11:46:58.506,0.9921,0.9923,2.10,3.70
2008.08.26 11:46:58.906,0.9921,0.9923,2.10,4.00
2008.08.26 11:47:03.131,0.9921,0.9922,1.00,1.00
2008.08.26 11:47:03.386,0.992,0.9922,2.10,1.00
2008.08.26 11:47:03.826,0.992,0.9922,2.10,1.80
2008.08.26 11:47:04.046,0.9921,0.99225,1.00,1.00
2008.08.26 11:47:04.486,0.992,0.9922,2.10,1.30
2008.08.26 11:47:04.754,0.992,0.9922,2.10,3.70
2008.08.26 11:47:06.998,0.992,0.9922,2.10,1.30
2008.08.26 11:47:08.030,0.992,0.9922,2.10,1.70
2008.08.26 11:47:08.114,0.992,0.9922,1.00,1.80
2008.08.26 11:47:08.686,0.9921,0.9922,1.00,1.20
2008.08.26 11:47:09.090,0.9921,0.99225,1.00,2.00
2008.08.26 11:47:09.174,0.9921,0.99225,1.00,1.00
2008.08.26 11:47:10.194,0.9921,0.9922,1.00,1.20
2008.08.26 11:47:10.716,0.992,0.9922,2.10,1.30
2008.08.26 11:47:10.891,0.992,0.9922,1.00,1.80
2008.08.26 11:47:11.646,0.9921,0.9922,1.00,1.20
2008.08.26 11:47:11.850,0.9921,0.99225,1.00,1.00
2008.08.26 11:47:12.459,0.9921,0.9923,1.00,9.40
2008.08.26 11:47:12.678,0.9921,0.9923,1.00,4.00
2008.08.26 11:47:13.114,0.9921,0.99225,1.00,1.00
2008.08.26 11:47:13.478,0.9921,0.9923,2.10,3.70
2008.08.26 11:47:14.455,0.9921,0.99225,1.00,1.20
2008.08.26 11:47:15.686,0.9921,0.9923,2.10,3.70
2008.08.26 11:47:16.122,0.9921,0.9923,1.00,3.70
2008.08.26 11:47:16.306,0.9921,0.9923,1.00,4.00
2008.08.26 11:47:16.830,0.992,0.9922,2.10,1.00
2008.08.26 11:47:20.538,0.9921,0.9922,1.00,1.00
2008.08.26 11:47:21.090,0.992,0.9922,2.10,1.00
2008.08.26 11:47:26.285,0.992,0.9922,3.70,1.00
2008.08.26 11:47:26.598,0.992,0.9922,4.80,1.00
2008.08.26 11:47:26.914,0.9921,0.9923,2.10,4.00
2008.08.26 11:47:27.230,0.9921,0.9923,1.00,4.00
2008.08.26 11:47:29.552,0.9921,0.9923,2.10,4.00
2008.08.26 11:47:29.891,0.9922,0.9923,1.00,1.20
2008.08.26 11:47:30.232,0.9922,0.99235,1.00,4.30
2008.08.26 11:47:30.570,0.9921,0.9923,2.10,3.70
2008.08.26 11:47:30.766,0.9921,0.9923,2.10,4.00
2008.08.26 11:47:31.633,0.9921,0.9923,2.10,1.80
2008.08.26 11:47:31.814,0.9922,0.9923,1.00,1.00
2008.08.26 11:47:34.310,0.9922,0.9923,1.00,4.00
2008.08.26 11:47:34.982,0.9923,0.9924,1.00,8.10
2008.08.26 11:47:35.322,0.9922,0.9923,2.10,1.00
2008.08.26 11:47:35.982,0.9922,0.9923,1.00,1.00
2008.08.26 11:47:37.370,0.9922,0.9924,1.00,9.40
2008.08.26 11:47:37.863,0.9922,0.99235,1.00,1.20
2008.08.26 11:47:38.090,0.9922,0.9924,1.00,6.20
2008.08.26 11:47:39.478,0.9922,0.9924,1.00,9.40
2008.08.26 11:47:40.036,0.9922,0.9924,1.00,6.20
2008.08.26 11:47:42.071,0.9922,0.9924,1.00,4.00
2008.08.26 11:47:42.299,0.9922,0.9924,2.10,1.30
2008.08.26 11:47:42.527,0.9923,0.99245,1.00,4.30
2008.08.26 11:47:42.754,0.9923,0.99245,1.00,1.00
2008.08.26 11:47:43.102,0.9923,0.9924,1.00,1.00
2008.08.26 11:47:45.682,0.9923,0.99245,1.00,1.00
2008.08.26 11:47:46.046,0.9922,0.9924,2.10,5.90
2008.08.26 11:47:46.370,0.9922,0.9923,2.10,1.00
2008.08.26 11:47:46.695,0.9922,0.9923,1.00,1.00
2008.08.26 11:47:49.141,0.9922,0.9924,1.00,4.00
2008.08.26 11:47:54.518,0.9922,0.9924,2.10,3.70
2008.08.26 11:47:55.086,0.9922,0.9924,2.10,4.00
2008.08.26 11:47:55.350,0.9922,0.9924,1.00,4.00
2008.08.26 11:47:58.570,0.9922,0.9924,2.10,3.70
2008.08.26 11:47:58.886,0.9923,0.99245,1.00,4.30
2008.08.26 11:48:00.155,0.9922,0.9923,1.00,3.20
2008.08.26 11:48:00.455,0.9921,0.9923,2.10,3.70
2008.08.26 11:48:00.756,0.99215,0.9923,1.60,1.00
2008.08.26 11:48:01.070,0.9923,0.9924,1.00,1.20
2008.08.26 11:48:01.333,0.9923,0.9924,1.00,1.00
2008.08.26 11:48:01.595,0.9922,0.9924,2.10,3.70
2008.08.26 11:48:02.114,0.9922,0.9923,1.00,3.70
2008.08.26 11:48:02.392,0.9922,0.9923,1.00,4.00
2008.08.26 11:48:02.666,0.9921,0.9923,1.00,4.00
2008.08.26 11:48:03.215,0.9922,0.9923,1.00,4.00
2008.08.26 11:48:04.034,0.9922,0.9923,1.00,1.00
2008.08.26 11:48:06.747,0.9922,0.99235,1.00,1.00
2008.08.26 11:48:07.160,0.9921,0.9923,2.10,1.30
2008.08.26 11:48:07.812,0.9922,0.99235,1.00,1.00
2008.08.26 11:48:08.035,0.9922,0.9923,1.00,1.00
2008.08.26 11:48:10.091,0.9921,0.9923,2.10,1.30
2008.08.26 11:48:10.502,0.9922,0.9923,1.00,1.00
2008.08.26 11:48:11.380,0.9922,0.99235,1.00,1.00
2008.08.26 11:48:12.424,0.9922,0.99235,1.00,1.20
2008.08.26 11:48:13.102,0.9922,0.9924,1.00,4.00
2008.08.26 11:48:13.243,0.9922,0.99235,1.00,1.20
2008.08.26 11:48:17.217,0.9921,0.9923,2.10,1.00
2008.08.26 11:48:17.759,0.9921,0.9923,4.10,1.00
2008.08.26 11:48:20.270,0.9922,0.99235,1.00,1.20
2008.08.26 11:48:20.598,0.9922,0.9924,1.00,1.80
2008.08.26 11:48:20.694,0.9922,0.99235,1.00,1.20
2008.08.26 11:48:21.710,0.9922,0.99235,4.10,1.20
2008.08.26 11:48:22.050,0.9922,0.99235,2.70,1.20
2008.08.26 11:48:22.391,0.9922,0.99235,4.10,1.20
2008.08.26 11:48:22.730,0.9922,0.99235,1.00,1.20
2008.08.26 11:48:22.838,0.9922,0.9924,1.00,1.80
2008.08.26 11:48:22.948,0.9922,0.9924,1.00,4.00
2008.08.26 11:48:24.566,0.9922,0.9924,1.00,1.80
2008.08.26 11:48:24.650,0.9922,0.99235,1.00,3.50
2008.08.26 11:48:25.495,0.9922,0.99235,1.00,1.20
2008.08.26 11:48:25.835,0.9922,0.9924,1.00,3.50
2008.08.26 11:48:26.338,0.9922,0.9923,1.00,3.20
2008.08.26 11:48:26.682,0.9922,0.99235,1.00,3.50
2008.08.26 11:48:28.082,0.9922,0.99235,1.00,1.20
2008.08.26 11:48:29.718,0.9922,0.9924,1.00,1.20
2008.08.26 11:48:33.671,0.9922,0.99235,1.00,1.20
2008.08.26 11:48:33.882,0.9922,0.9924,1.00,1.20
2008.08.26 11:48:33.990,0.9923,0.9924,1.00,1.20
2008.08.26 11:48:35.971,0.9923,0.99245,1.00,1.20
2008.08.26 11:48:37.082,0.9923,0.99245,1.00,3.50
2008.08.26 11:48:37.423,0.9922,0.99245,2.10,3.50
2008.08.26 11:48:41.090,0.9922,0.9924,1.40,3.50
2008.08.26 11:48:41.470,0.9922,0.9924,1.00,3.50
2008.08.26 11:48:41.805,0.9922,0.9924,1.00,4.00
2008.08.26 11:48:45.658,0.9922,0.9924,2.10,4.00
2008.08.26 11:48:47.767,0.9923,0.9924,1.00,1.20
2008.08.26 11:48:48.350,0.9922,0.9924,4.10,1.20
2008.08.26 11:48:50.274,0.9922,0.9924,1.00,3.50
2008.08.26 11:48:50.542,0.9922,0.9924,1.00,4.00
2008.08.26 11:48:51.074,0.9922,0.9924,2.10,4.00
2008.08.26 11:48:51.812,0.9923,0.99245,1.00,1.00
2008.08.26 11:48:52.331,0.9924,0.99245,1.00,1.00
2008.08.26 11:48:52.670,0.9924,0.9925,1.00,8.90
2008.08.26 11:48:53.303,0.9924,0.99255,1.00,9.70
2008.08.26 11:48:53.443,0.9923,0.9925,2.10,9.10
2008.08.26 11:48:54.190,0.9923,0.9925,1.00,4.00
2008.08.26 11:48:54.561,0.9923,0.9924,1.00,1.00
2008.08.26 11:48:54.898,0.9923,0.9924,1.00,1.20
2008.08.26 11:48:56.406,0.9923,0.99245,1.00,1.20
2008.08.26 11:49:00.175,0.9923,0.99245,1.00,1.00
2008.08.26 11:49:00.314,0.9923,0.9925,1.00,4.00
2008.08.26 11:49:05.101,0.9923,0.9924,1.00,1.00
2008.08.26 11:49:05.271,0.9923,0.99245,1.00,1.00
2008.08.26 11:49:05.438,0.9923,0.99245,1.00,1.20
2008.08.26 11:49:05.986,0.9922,0.9924,2.10,1.00
2008.08.26 11:49:08.038,0.9922,0.9924,2.10,3.70
2008.08.26 11:49:08.214,0.9922,0.9924,1.40,4.00
2008.08.26 11:49:08.562,0.9922,0.9924,1.00,4.00
2008.08.26 11:49:11.255,0.9922,0.9924,1.00,1.80
2008.08.26 11:49:11.699,0.9922,0.9924,1.40,1.80
2008.08.26 11:49:12.855,0.9922,0.9924,2.10,1.80
2008.08.26 11:49:14.224,0.9922,0.9924,2.10,1.00
2008.08.26 11:49:14.287,0.9922,0.9924,2.10,1.00
2008.08.26 11:49:14.953,0.9923,0.99245,1.00,1.20
2008.08.26 11:49:19.269,0.9924,0.99245,1.00,1.20
2008.08.26 11:49:19.310,0.9924,0.9925,1.00,3.50
2008.08.26 11:49:22.522,0.9923,0.9925,2.10,4.00
2008.08.26 11:49:22.827,0.9923,0.9925,1.00,4.00
2008.08.26 11:49:30.049,0.9923,0.9925,2.10,4.00
2008.08.26 11:49:30.439,0.9924,0.9925,1.00,3.50
2008.08.26 11:49:32.133,0.9924,0.99255,1.00,4.30
2008.08.26 11:49:32.537,0.9924,0.99255,1.00,3.50
2008.08.26 11:49:33.297,0.9924,0.9925,1.00,3.50
2008.08.26 11:49:39.385,0.9924,0.99255,1.00,3.50
2008.08.26 11:49:44.370,0.9924,0.99255,1.00,4.30
2008.08.26 11:49:44.557,0.9924,0.9925,1.00,3.50
2008.08.26 11:49:58.858,0.9924,0.99255,1.00,4.30
2008.08.26 11:49:59.033,0.9924,0.99255,1.00,5.20
2008.08.26 11:49:59.074,0.9924,0.9925,1.00,3.50
2008.08.26 11:50:03.163,0.9924,0.99255,1.00,4.30
2008.08.26 11:50:03.494,0.9924,0.9925,1.00,3.50
2008.08.26 11:50:05.334,0.9923,0.9925,1.00,4.00
2008.08.26 11:50:08.786,0.9923,0.9925,4.10,1.80
2008.08.26 11:50:09.417,0.9924,0.99255,1.00,2.00
2008.08.26 11:50:09.653,0.9924,0.99255,1.00,1.00
2008.08.26 11:50:10.354,0.9923,0.99245,4.10,1.20
2008.08.26 11:50:10.541,0.9923,0.99245,1.00,1.20
2008.08.26 11:50:11.930,0.9923,0.9925,2.10,4.00
2008.08.26 11:50:12.106,0.9923,0.9925,4.10,1.80
2008.08.26 11:50:12.605,0.9923,0.9925,2.10,3.70
2008.08.26 11:50:13.679,0.9923,0.9925,2.10,4.00
2008.08.26 11:50:13.802,0.9923,0.99245,1.00,1.20
2008.08.26 11:50:17.572,0.9923,0.9924,1.00,1.00
2008.08.26 11:50:17.912,0.9923,0.99245,1.00,1.20
2008.08.26 11:50:18.997,0.9922,0.9924,2.10,3.70
2008.08.26 11:50:19.241,0.9922,0.9924,2.10,4.00
2008.08.26 11:50:19.958,0.9922,0.9924,1.40,4.00
2008.08.26 11:50:20.867,0.9922,0.9924,4.10,1.00
2008.08.26 11:50:21.288,0.9922,0.9924,4.10,1.00
2008.08.26 11:50:21.433,0.9923,0.9924,1.00,1.20
2008.08.26 11:50:22.346,0.9923,0.9924,1.00,3.50
2008.08.26 11:50:23.009,0.9922,0.9924,2.10,4.00
2008.08.26 11:50:23.417,0.9922,0.9924,1.00,4.00
2008.08.26 11:50:23.702,0.9923,0.9924,1.00,3.50
2008.08.26 11:50:23.986,0.9922,0.9923,2.10,3.20
2008.08.26 11:50:24.624,0.9921,0.9923,2.10,3.70
2008.08.26 11:50:24.962,0.9921,0.9923,6.30,1.00
2008.08.26 11:50:25.302,0.9921,0.9923,2.10,1.00
2008.08.26 11:50:25.835,0.9921,0.9923,1.40,1.80
2008.08.26 11:50:26.349,0.9921,0.9923,2.10,1.80
2008.08.26 11:50:27.069,0.9921,0.9923,2.10,1.00
2008.08.26 11:50:27.276,0.9922,0.9924,1.00,4.00
2008.08.26 11:50:27.454,0.9922,0.99235,1.00,1.20
2008.08.26 11:50:28.140,0.9922,0.9924,2.10,4.00
2008.08.26 11:50:28.477,0.9923,0.9924,1.00,3.50
2008.08.26 11:50:28.793,0.9923,0.99245,1.00,4.30
2008.08.26 11:50:28.977,0.9923,0.99245,1.00,1.00
2008.08.26 11:50:29.133,0.9923,0.99245,1.00,4.30
2008.08.26 11:50:29.295,0.9923,0.99245,1.00,1.00
2008.08.26 11:50:29.817,0.9923,0.99245,1.00,4.30
2008.08.26 11:50:31.935,0.9922,0.9924,2.10,3.70
2008.08.26 11:50:33.022,0.9922,0.9924,1.00,4.00
2008.08.26 11:50:33.363,0.9922,0.9924,2.10,3.70
2008.08.26 11:50:33.722,0.9922,0.9924,2.10,4.00
2008.08.26 11:50:34.073,0.9922,0.9924,1.00,4.00
2008.08.26 11:50:34.399,0.9922,0.9923,1.00,1.00
2008.08.26 11:50:34.641,0.9922,0.9923,1.00,1.20
2008.08.26 11:50:36.990,0.9921,0.9923,4.10,1.80
2008.08.26 11:50:37.457,0.9921,0.9923,2.10,9.40
2008.08.26 11:50:37.693,0.9921,0.99225,1.00,1.20
2008.08.26 11:50:38.280,0.9921,0.9923,1.00,4.00
2008.08.26 11:50:39.751,0.9921,0.9923,2.10,3.70
2008.08.26 11:50:39.840,0.9922,0.99235,1.00,1.00
2008.08.26 11:50:40.410,0.9921,0.9923,2.10,1.30
2008.08.26 11:50:40.698,0.9921,0.9923,4.10,1.80
2008.08.26 11:50:41.149,0.9922,0.99235,1.00,1.20
2008.08.26 11:50:44.701,0.9921,0.9923,2.10,1.00
2008.08.26 11:50:45.101,0.9921,0.9923,2.10,3.70
2008.08.26 11:50:45.441,0.9921,0.9923,1.00,4.00
2008.08.26 11:50:47.297,0.992,0.9922,2.10,1.00
2008.08.26 11:50:47.711,0.9921,0.9922,1.00,1.00
2008.08.26 11:50:47.849,0.9921,0.9923,2.10,4.00
2008.08.26 11:50:48.127,0.9921,0.9923,1.00,4.00
2008.08.26 11:50:48.539,0.992,0.9922,2.10,1.00
2008.08.26 11:50:53.425,0.992,0.9922,2.10,1.30
2008.08.26 11:50:55.057,0.992,0.9922,2.10,1.00
2008.08.26 11:50:55.481,0.992,0.9922,4.10,1.00
2008.08.26 11:50:55.765,0.9921,0.99225,1.00,1.20
2008.08.26 11:50:56.065,0.9921,0.9923,1.00,4.00
2008.08.26 11:50:56.365,0.9921,0.99225,1.00,1.20
2008.08.26 11:50:56.962,0.9921,0.9923,1.00,4.00
2008.08.26 11:50:57.476,0.9921,0.9923,2.10,4.00
2008.08.26 11:50:57.641,0.9921,0.9923,1.00,4.00
2008.08.26 11:50:57.809,0.9921,0.99225,1.00,1.20
2008.08.26 11:51:01.185,0.9921,0.99225,4.10,1.20
2008.08.26 11:51:01.221,0.9922,0.99225,1.00,1.20
2008.08.26 11:51:01.737,0.9922,0.99235,1.00,1.00
2008.08.26 11:51:02.458,0.9921,0.9923,2.10,1.30
2008.08.26 11:51:03.145,0.9921,0.9923,1.00,4.00
2008.08.26 11:51:03.597,0.9921,0.99225,1.00,1.00
2008.08.26 11:51:03.840,0.9921,0.99225,1.00,1.20
2008.08.26 11:51:07.117,0.9921,0.9923,1.00,4.00
2008.08.26 11:51:07.680,0.992,0.9922,4.10,1.00
2008.08.26 11:51:08.373,0.992,0.9922,2.10,1.00
2008.08.26 11:51:09.139,0.992,0.9922,2.10,1.30
2008.08.26 11:51:15.233,0.992,0.9922,2.10,1.00
2008.08.26 11:51:15.477,0.9921,0.9922,1.00,1.00
2008.08.26 11:51:23.405,0.9921,0.9923,2.10,1.30
2008.08.26 11:51:23.701,0.9921,0.9923,2.10,3.70
2008.08.26 11:51:23.865,0.9921,0.9922,1.00,1.00
2008.08.26 11:51:27.017,0.992,0.9922,2.10,1.00
2008.08.26 11:51:38.961,0.992,0.9922,2.10,1.30
2008.08.26 11:51:39.253,0.992,0.9922,2.10,1.80
2008.08.26 11:51:40.177,0.992,0.9922,2.10,1.30
2008.08.26 11:51:50.608,0.992,0.9922,2.10,1.00
2008.08.26 11:51:55.073,0.992,0.9922,2.10,3.70
2008.08.26 11:51:55.186,0.992,0.9922,1.40,4.00
2008.08.26 11:51:55.745,0.992,0.9921,1.00,1.00
2008.08.26 11:51:59.615,0.9919,0.9921,2.10,1.00
2008.08.26 11:52:00.229,0.992,0.9921,1.00,1.00
2008.08.26 11:52:05.309,0.992,0.9922,2.10,1.00
2008.08.26 11:52:05.950,0.992,0.9922,4.10,1.00
2008.08.26 11:52:06.311,0.9921,0.99225,1.00,1.20
2008.08.26 11:52:07.165,0.992,0.9922,2.10,1.00
2008.08.26 11:52:14.717,0.992,0.9922,4.10,1.00
2008.08.26 11:52:14.873,0.9921,0.99225,1.00,1.20
2008.08.26 11:52:19.276,0.992,0.9922,4.10,1.00
2008.08.26 11:52:19.425,0.992,0.9922,2.10,1.00
2008.08.26 11:52:21.154,0.9921,0.9922,1.00,1.00
2008.08.26 11:52:25.665,0.9921,0.9923,2.10,4.00
2008.08.26 11:52:26.223,0.9921,0.9923,2.10,1.80
2008.08.26 11:52:26.501,0.9921,0.9923,2.10,1.30
2008.08.26 11:52:27.329,0.9922,0.9923,1.00,1.00
2008.08.26 11:52:28.993,0.9921,0.9923,2.10,1.30
2008.08.26 11:52:29.469,0.9921,0.9923,4.10,1.30
2008.08.26 11:52:30.288,0.9921,0.9923,2.10,3.70
2008.08.26 11:52:32.236,0.9921,0.9923,2.10,4.00
2008.08.26 11:52:33.845,0.9921,0.9923,1.00,4.00
2008.08.26 11:52:35.634,0.9921,0.99225,1.00,1.00
2008.08.26 11:52:35.973,0.9921,0.99225,1.00,1.20
2008.08.26 11:52:37.934,0.992,0.9922,4.10,1.00
2008.08.26 11:52:38.274,0.992,0.9922,2.10,1.80
2008.08.26 11:52:38.797,0.992,0.9922,1.40,1.80
2008.08.26 11:52:38.985,0.992,0.9922,4.10,1.80
2008.08.26 11:52:40.677,0.992,0.9922,2.70,1.00
2008.08.26 11:52:41.317,0.9921,0.99225,1.00,1.20
2008.08.26 11:52:41.745,0.9921,0.9923,1.00,4.00
2008.08.26 11:52:43.533,0.992,0.9922,2.10,1.00
2008.08.26 11:52:44.393,0.992,0.9922,4.10,1.00
2008.08.26 11:52:45.073,0.9921,0.9922,1.00,1.00
2008.08.26 11:52:45.593,0.9921,0.9923,2.10,4.00
2008.08.26 11:52:47.354,0.9921,0.9923,1.40,4.00
2008.08.26 11:52:47.664,0.9921,0.9923,1.40,3.70
2008.08.26 11:52:47.682,0.9921,0.9923,2.10,3.70
2008.08.26 11:53:07.533,0.9922,0.9923,1.00,3.70
2008.08.26 11:53:08.035,0.9922,0.9923,1.00,1.00
2008.08.26 11:53:11.312,0.9922,0.9923,1.00,3.70
2008.08.26 11:53:17.066,0.9922,0.9923,1.00,1.00
2008.08.26 11:53:17.685,0.9922,0.9924,1.40,4.00
2008.08.26 11:53:25.965,0.9922,0.9924,2.10,4.00
2008.08.26 11:53:26.210,0.9922,0.9924,2.10,3.70
2008.08.26 11:53:26.945,0.9922,0.9924,1.40,4.00
2008.08.26 11:53:28.432,0.9922,0.9924,1.40,3.70
2008.08.26 11:53:28.749,0.9922,0.9924,2.10,3.70
2008.08.26 11:53:30.124,0.9922,0.9924,2.10,4.00
2008.08.26 11:53:31.097,0.9922,0.99235,2.10,1.00
2008.08.26 11:53:31.318,0.9922,0.99235,1.40,1.20
2008.08.26 11:53:31.537,0.9922,0.9924,2.10,3.70
2008.08.26 11:53:31.757,0.9922,0.9924,2.10,1.00
2008.08.26 11:53:35.155,0.9922,0.9924,2.10,3.70
2008.08.26 11:53:36.117,0.9922,0.9924,1.40,4.00
2008.08.26 11:53:37.480,0.9922,0.9924,2.10,3.50
2008.08.26 11:53:38.613,0.9922,0.99245,4.10,1.20
2008.08.26 11:53:39.508,0.9922,0.99245,2.10,1.20
2008.08.26 11:53:39.733,0.9922,0.9924,2.10,1.00
2008.08.26 11:53:39.957,0.9922,0.9924,3.70,1.00
2008.08.26 11:53:40.181,0.9923,0.99245,1.00,1.20
2008.08.26 11:53:40.640,0.9923,0.9924,1.00,1.20
2008.08.26 11:53:40.881,0.9923,0.99245,1.00,1.20
2008.08.26 11:53:41.357,0.9923,0.9924,1.00,3.70
2008.08.26 11:53:41.596,0.9922,0.9924,2.10,3.70
2008.08.26 11:53:41.837,0.9922,0.99245,2.10,1.20
2008.08.26 11:53:42.087,0.9922,0.9925,2.10,4.00
2008.08.26 11:53:42.328,0.9922,0.9925,2.10,1.80
2008.08.26 11:53:42.565,0.9922,0.99245,2.10,1.20
2008.08.26 11:53:43.518,0.9922,0.9924,2.10,1.30
2008.08.26 11:53:44.093,0.9922,0.9924,2.10,1.00
2008.08.26 11:53:44.434,0.9922,0.9924,2.10,3.70
2008.08.26 11:53:45.037,0.9922,0.99245,2.10,1.20
2008.08.26 11:53:45.832,0.9923,0.9925,1.00,2.40
2008.08.26 11:53:46.056,0.9923,0.9925,1.00,1.20
2008.08.26 11:53:46.280,0.9923,0.9925,1.00,3.50
2008.08.26 11:53:46.505,0.9923,0.9925,1.00,1.20
2008.08.26 11:53:46.729,0.9923,0.99255,1.00,4.30
2008.08.26 11:53:47.021,0.9923,0.9924,1.00,1.00
2008.08.26 11:53:47.168,0.9923,0.9925,1.00,3.70
2008.08.26 11:53:47.316,0.9923,0.9925,1.00,4.00
2008.08.26 11:53:47.466,0.9923,0.9924,1.00,4.00
2008.08.26 11:53:47.757,0.9922,0.99245,2.10,3.50
2008.08.26 11:53:48.001,0.9922,0.9924,2.10,3.70
2008.08.26 11:53:51.109,0.9922,0.9924,3.70,1.00
2008.08.26 11:53:51.465,0.9923,0.99245,1.00,1.20
2008.08.26 11:53:51.976,0.9923,0.99245,1.00,1.00
2008.08.26 11:53:53.092,0.9924,0.99245,1.00,1.00
2008.08.26 11:53:54.278,0.9922,0.9924,1.70,4.00
2008.08.26 11:53:54.521,0.9923,0.9924,1.00,3.50
2008.08.26 11:53:54.997,0.9923,0.99245,1.00,4.30
2008.08.26 11:53:55.533,0.9924,0.99245,1.00,4.30
2008.08.26 11:53:55.833,0.9924,0.99245,1.00,1.00
2008.08.26 11:53:56.753,0.9923,0.99245,1.00,4.30
2008.08.26 11:53:58.504,0.9923,0.99245,1.00,1.00
2008.08.26 11:53:59.327,0.9923,0.9924,1.00,1.00
2008.08.26 11:53:59.798,0.9924,0.9925,1.00,8.10
2008.08.26 11:53:59.998,0.9924,0.99245,1.00,1.00
2008.08.26 11:54:02.387,0.9924,0.99245,1.00,4.30
2008.08.26 11:54:02.420,0.9923,0.99245,1.00,4.30
2008.08.26 11:54:03.294,0.9924,0.99245,1.00,1.00
2008.08.26 11:54:03.635,0.9924,0.99245,1.00,1.20
2008.08.26 11:54:04.924,0.9924,0.9925,1.00,1.20
2008.08.26 11:54:07.477,0.9924,0.9925,1.00,3.50
2008.08.26 11:54:07.552,0.99225,0.9924,1.70,3.20
2008.08.26 11:54:07.628,0.9923,0.9924,1.00,3.20
2008.08.26 11:54:07.850,0.9923,0.99245,1.00,4.30
2008.08.26 11:54:08.701,0.9922,0.9924,2.10,3.70
2008.08.26 11:54:09.041,0.9923,0.99245,1.00,1.00
2008.08.26 11:54:09.381,0.9923,0.9924,1.00,1.00
2008.08.26 11:54:09.585,0.9923,0.99245,1.00,1.00
2008.08.26 11:54:10.205,0.9923,0.99245,1.00,1.20
2008.08.26 11:54:11.529,0.9923,0.9925,1.00,1.80
2008.08.26 11:54:12.357,0.9923,0.9925,1.00,4.00
2008.08.26 11:54:12.858,0.9923,0.99245,1.00,1.20
2008.08.26 11:54:13.278,0.9923,0.99245,1.00,3.50
2008.08.26 11:54:14.465,0.9923,0.99245,1.00,1.20
2008.08.26 11:54:14.802,0.9923,0.99245,1.00,3.50
2008.08.26 11:54:14.968,0.9923,0.9924,1.00,3.20
2008.08.26 11:54:15.180,0.9923,0.99245,1.00,3.50
2008.08.26 11:54:16.805,0.9923,0.99245,1.00,1.20
2008.08.26 11:54:17.548,0.9923,0.9925,1.00,1.20
2008.08.26 11:54:17.672,0.9923,0.9925,1.00,3.50
2008.08.26 11:54:18.176,0.9923,0.9925,4.10,1.20
2008.08.26 11:54:19.101,0.9923,0.99255,4.10,2.00
2008.08.26 11:54:19.316,0.9923,0.99255,4.10,1.00
2008.08.26 11:54:19.530,0.9923,0.9925,2.10,3.70
2008.08.26 11:54:22.748,0.9923,0.9925,4.10,1.00
2008.08.26 11:54:22.908,0.9923,0.9925,2.10,3.70
2008.08.26 11:54:24.401,0.9923,0.99255,2.10,1.00
2008.08.26 11:54:24.604,0.9923,0.9925,2.10,1.00
2008.08.26 11:54:25.844,0.9923,0.99255,2.10,1.00
2008.08.26 11:54:27.236,0.9923,0.99255,2.10,4.30
2008.08.26 11:54:27.369,0.9923,0.9925,2.10,3.50
2008.08.26 11:54:27.768,0.9923,0.9925,2.10,4.00
2008.08.26 11:54:28.109,0.9923,0.9925,1.00,4.00
2008.08.26 11:54:28.452,0.9923,0.9925,4.10,1.20
2008.08.26 11:54:28.789,0.9923,0.9925,1.00,1.20
2008.08.26 11:54:29.265,0.9923,0.99255,2.10,1.00
2008.08.26 11:54:30.405,0.9923,0.9925,2.10,1.00
2008.08.26 11:54:30.840,0.9924,0.9925,1.00,1.00
2008.08.26 11:54:33.760,0.9925,0.9926,1.00,8.10
2008.08.26 11:54:36.381,0.9924,0.9925,2.10,1.00
2008.08.26 11:54:36.809,0.9924,0.99255,1.00,1.00
2008.08.26 11:54:39.252,0.9924,0.9925,2.10,1.00
2008.08.26 11:54:39.993,0.9925,0.9926,1.00,1.70
2008.08.26 11:54:40.296,0.9925,0.9926,1.00,1.20
2008.08.26 11:54:40.600,0.9925,0.99265,1.00,1.00
2008.08.26 11:54:40.904,0.9925,0.9926,1.00,1.00
2008.08.26 11:54:41.208,0.9925,0.9927,1.00,2.40
2008.08.26 11:54:49.418,0.99245,0.9925,1.70,1.00
2008.08.26 11:54:49.684,0.9924,0.9925,2.10,1.00
2008.08.26 11:54:50.584,0.9924,0.9925,1.00,1.30
2008.08.26 11:54:50.888,0.9923,0.9925,2.10,1.30
2008.08.26 11:54:51.932,0.9923,0.9925,2.10,3.70
2008.08.26 11:54:52.196,0.9923,0.9925,4.10,1.00
2008.08.26 11:54:52.256,0.9923,0.9925,2.10,1.00
2008.08.26 11:54:54.024,0.9923,0.9925,2.10,3.70
2008.08.26 11:54:54.712,0.9923,0.9925,4.10,1.00
2008.08.26 11:54:54.884,0.9924,0.99255,1.00,1.20
2008.08.26 11:54:55.096,0.9924,0.9926,2.10,1.30
2008.08.26 11:54:59.284,0.9924,0.9926,2.10,1.00
2008.08.26 11:54:59.572,0.99245,0.9926,1.00,1.00
2008.08.26 11:55:00.164,0.9924,0.9926,1.60,1.00
2008.08.26 11:55:00.470,0.99245,0.9926,1.00,1.00
2008.08.26 11:55:01.940,0.9924,0.9926,2.10,1.00
2008.08.26 11:55:03.764,0.9924,0.9926,1.60,1.00
2008.08.26 11:55:06.392,0.9924,0.9926,1.00,1.30
2008.08.26 11:55:07.488,0.9924,0.9926,1.00,1.80
2008.08.26 11:55:07.696,0.9924,0.9926,2.10,1.80
2008.08.26 11:55:09.952,0.9924,0.9926,2.10,1.00
2008.08.26 11:55:11.435,0.9924,0.9926,2.10,1.00
2008.08.26 11:55:11.592,0.9924,0.9926,2.10,1.80
2008.08.26 11:55:13.493,0.9924,0.9926,1.00,1.80
2008.08.26 11:55:13.780,0.9924,0.9926,1.00,1.30
2008.08.26 11:55:13.924,0.9923,0.9926,2.10,1.80
2008.08.26 11:55:14.068,0.9923,0.9926,2.10,4.00
2008.08.26 11:55:15.904,0.9923,0.9925,2.10,1.00
2008.08.26 11:55:16.598,0.9923,0.9925,2.10,1.30
2008.08.26 11:55:20.479,0.9923,0.9925,2.10,1.00
2008.08.26 11:55:21.232,0.9923,0.99255,2.10,1.00
2008.08.26 11:55:22.774,0.9923,0.99255,4.10,1.00
2008.08.26 11:55:22.969,0.9923,0.99255,2.10,1.00
2008.08.26 11:55:23.156,0.9923,0.9925,2.10,1.00
2008.08.26 11:55:23.344,0.9924,0.9925,1.00,1.00
2008.08.26 11:55:25.262,0.9924,0.99255,1.00,4.30
2008.08.26 11:55:29.760,0.9924,0.9925,1.00,3.50
2008.08.26 11:55:29.952,0.9924,0.99255,1.00,4.30
2008.08.26 11:55:30.950,0.9924,0.9925,1.00,3.50
2008.08.26 11:55:31.208,0.9924,0.99255,1.00,1.00
2008.08.26 11:55:31.725,0.9924,0.9925,1.00,1.00
2008.08.26 11:55:31.984,0.9924,0.9925,1.00,4.00
2008.08.26 11:55:32.305,0.9923,0.9925,2.10,3.70
2008.08.26 11:55:32.916,0.9923,0.9925,1.00,4.00
2008.08.26 11:55:33.677,0.9922,0.9924,2.10,1.80
2008.08.26 11:55:34.248,0.9922,0.9924,2.10,4.00
2008.08.26 11:55:34.592,0.9922,0.9923,2.10,1.00
2008.08.26 11:55:34.756,0.9922,0.9923,1.00,1.00
2008.08.26 11:55:34.925,0.9922,0.99235,1.00,1.20
2008.08.26 11:55:35.348,0.9922,0.9924,1.00,4.00
2008.08.26 11:55:37.459,0.9921,0.9923,3.70,1.00
2008.08.26 11:55:37.556,0.9921,0.9923,2.10,1.00
2008.08.26 11:55:38.228,0.9921,0.9923,2.10,1.30
2008.08.26 11:55:38.540,0.9921,0.9923,2.10,1.00
2008.08.26 11:55:39.903,0.9923,0.9924,1.00,1.20
2008.08.26 11:55:40.128,0.9923,0.9924,1.00,1.00
2008.08.26 11:55:40.562,0.9923,0.9924,2.10,1.00
2008.08.26 11:55:44.720,0.9923,0.9924,1.00,1.00
2008.08.26 11:55:45.476,0.9923,0.9925,1.00,4.00
2008.08.26 11:55:46.663,0.9923,0.9924,1.00,1.00
2008.08.26 11:55:47.959,0.9922,0.9924,2.10,1.00
2008.08.26 11:55:48.077,0.9922,0.99245,2.10,1.00
2008.08.26 11:55:48.160,0.9922,0.99245,4.10,1.00
2008.08.26 11:55:48.185,0.9922,0.99245,2.10,1.00
2008.08.26 11:55:48.217,0.9922,0.9924,2.10,1.00
2008.08.26 11:55:48.465,0.9922,0.9924,2.10,1.30
2008.08.26 11:55:48.897,0.9922,0.9924,2.10,3.70
2008.08.26 11:55:49.267,0.99225,0.9923,1.00,1.00
2008.08.26 11:55:49.604,0.9922,0.9924,4.30,1.30
2008.08.26 11:55:49.836,0.9922,0.9924,1.00,3.70
2008.08.26 11:55:50.069,0.9922,0.9924,1.00,1.30
2008.08.26 11:55:50.304,0.99225,0.9923,1.00,1.00
2008.08.26 11:55:50.772,0.9922,0.9924,1.00,4.00
2008.08.26 11:55:51.076,0.9922,0.9924,1.00,1.40
2008.08.26 11:55:51.380,0.9922,0.9924,2.10,1.30
2008.08.26 11:55:53.156,0.9922,0.9924,2.10,1.40
2008.08.26 11:55:53.249,0.9922,0.9924,2.10,1.80
2008.08.26 11:55:54.365,0.9922,0.9924,1.00,1.80
2008.08.26 11:55:54.888,0.9922,0.9924,4.10,1.30
2008.08.26 11:55:55.320,0.9923,0.99245,1.00,1.00
2008.08.26 11:55:57.637,0.9923,0.99245,1.00,6.40
2008.08.26 11:55:57.740,0.9922,0.9923,1.70,1.00
2008.08.26 11:55:57.952,0.9923,0.99245,1.00,6.40
2008.08.26 11:55:58.256,0.9923,0.99245,1.00,1.00
2008.08.26 11:55:59.056,0.9922,0.9924,2.10,3.70
2008.08.26 11:55:59.484,0.9923,0.99245,1.00,1.80
2008.08.26 11:56:00.158,0.9922,0.9923,4.10,1.20
2008.08.26 11:56:00.416,0.9922,0.9923,1.00,1.20
2008.08.26 11:56:00.672,0.9922,0.9923,1.00,1.00
2008.08.26 11:56:00.928,0.9921,0.9923,2.10,1.80
2008.08.26 11:56:01.186,0.9921,0.9923,2.10,3.70
2008.08.26 11:56:01.526,0.9921,0.9923,1.40,4.00
2008.08.26 11:56:02.201,0.9921,0.9923,4.10,1.80
2008.08.26 11:56:02.536,0.9921,0.99235,4.10,1.20
2008.08.26 11:56:03.023,0.9921,0.9923,4.10,1.20
2008.08.26 11:56:04.468,0.9921,0.9923,1.40,4.00
2008.08.26 11:56:06.062,0.9921,0.9923,2.10,1.80
2008.08.26 11:56:06.180,0.9921,0.9923,4.10,1.80
2008.08.26 11:56:06.300,0.9921,0.9923,4.10,1.00
2008.08.26 11:56:07.368,0.9921,0.9923,2.10,3.70
2008.08.26 11:56:07.536,0.9921,0.9923,2.10,4.00
2008.08.26 11:56:07.924,0.9921,0.9923,2.10,3.70
2008.08.26 11:56:09.724,0.9921,0.9923,2.10,3.20
2008.08.26 11:56:09.884,0.9921,0.9924,2.10,4.00
2008.08.26 11:56:10.944,0.9922,0.9924,1.00,4.00
2008.08.26 11:56:13.168,0.9922,0.9923,1.00,1.00
2008.08.26 11:56:13.414,0.9922,0.9924,1.00,4.00
2008.08.26 11:56:14.832,0.9921,0.9923,2.10,1.00
2008.08.26 11:56:15.112,0.9921,0.9923,2.10,1.30
2008.08.26 11:56:15.672,0.9921,0.9923,2.10,1.80
2008.08.26 11:56:16.064,0.9921,0.9923,2.10,1.30
2008.08.26 11:56:17.046,0.9921,0.9923,2.10,1.00
2008.08.26 11:56:18.471,0.9921,0.9924,2.10,4.00
2008.08.26 11:56:20.398,0.9921,0.9924,3.70,1.80
2008.08.26 11:56:20.616,0.9922,0.9924,1.00,1.80
2008.08.26 11:56:20.836,0.9922,0.9924,2.10,1.80
2008.08.26 11:56:21.268,0.9922,0.9924,1.00,1.80
2008.08.26 11:56:23.165,0.9922,0.9924,4.10,1.80
2008.08.26 11:56:23.232,0.9922,0.9924,4.10,1.70
2008.08.26 11:56:23.322,0.9922,0.9924,4.10,1.30
2008.08.26 11:56:23.644,0.9922,0.9924,4.30,1.30
2008.08.26 11:56:23.904,0.9922,0.9924,4.10,1.00
2008.08.26 11:56:24.160,0.9922,0.9924,2.10,3.70
2008.08.26 11:56:25.912,0.9922,0.9924,2.10,1.00
2008.08.26 11:56:26.184,0.9923,0.99245,1.00,1.20
2008.08.26 11:56:26.456,0.9923,0.9925,1.00,4.00
2008.08.26 11:56:27.232,0.9923,0.99245,1.00,1.20
2008.08.26 11:56:27.896,0.9923,0.99245,4.10,1.20
2008.08.26 11:56:27.936,0.9924,0.99245,1.00,1.20
2008.08.26 11:56:27.978,0.9924,0.99245,1.00,1.00
2008.08.26 11:56:28.017,0.9924,0.99255,1.00,1.00
2008.08.26 11:56:29.900,0.9924,0.9925,1.00,1.00
2008.08.26 11:56:31.744,0.9924,0.9925,2.10,1.00
2008.08.26 11:56:31.861,0.9924,0.9925,1.00,1.00
2008.08.26 11:56:33.112,0.9924,0.99255,1.00,1.00
2008.08.26 11:56:34.504,0.9923,0.9925,2.10,3.70
2008.08.26 11:56:34.677,0.9923,0.99245,1.00,1.20
2008.08.26 11:56:36.457,0.9923,0.9925,2.10,1.80
2008.08.26 11:56:36.789,0.9923,0.9925,2.10,1.40
2008.08.26 11:56:36.971,0.9923,0.9925,2.10,1.30
2008.08.26 11:56:37.361,0.9923,0.99245,2.10,1.00
2008.08.26 11:56:37.548,0.9923,0.99245,1.00,1.20
2008.08.26 11:56:37.923,0.9923,0.9925,1.00,4.00
2008.08.26 11:56:42.228,0.9923,0.9925,2.10,4.00
2008.08.26 11:56:42.820,0.9923,0.9925,1.00,4.00
2008.08.26 11:56:44.224,0.9923,0.9925,2.10,4.00
2008.08.26 11:56:47.707,0.9923,0.9925,2.10,3.70
2008.08.26 11:56:47.788,0.9923,0.9925,2.10,4.00
2008.08.26 11:56:49.601,0.9923,0.9925,2.10,3.70
2008.08.26 11:56:50.585,0.9923,0.9925,2.10,4.00
2008.08.26 11:56:54.496,0.9923,0.9925,1.00,4.00
2008.08.26 11:56:54.896,0.9923,0.9925,2.10,4.00
2008.08.26 11:56:55.080,0.9923,0.9925,1.00,4.00
2008.08.26 11:56:57.320,0.9923,0.9925,1.00,1.80
2008.08.26 11:56:57.640,0.9923,0.9925,1.00,4.00
2008.08.26 11:56:57.800,0.9923,0.9925,2.10,4.00
2008.08.26 11:56:57.960,0.9923,0.9925,2.10,1.30
2008.08.26 11:56:58.120,0.9923,0.9925,2.10,3.70
2008.08.26 11:56:58.412,0.9923,0.9925,2.10,4.00
2008.08.26 11:56:58.704,0.9923,0.9925,1.00,4.00
2008.08.26 11:57:07.508,0.9923,0.9925,2.10,4.00
2008.08.26 11:57:08.536,0.9923,0.9924,1.00,1.00
2008.08.26 11:57:09.440,0.9922,0.9924,2.10,1.00
2008.08.26 11:57:10.692,0.9923,0.9925,1.00,4.00
2008.08.26 11:57:11.540,0.99225,0.9923,1.70,1.00
2008.08.26 11:57:11.744,0.9923,0.9924,1.00,6.20
2008.08.26 11:57:11.948,0.9923,0.9924,1.00,1.00
2008.08.26 11:57:12.153,0.9923,0.99245,1.00,1.00
2008.08.26 11:57:13.500,0.9923,0.99245,1.00,1.20
2008.08.26 11:57:14.161,0.9923,0.99245,4.10,1.00
2008.08.26 11:57:14.296,0.9923,0.9924,1.00,1.00
2008.08.26 11:57:15.448,0.9923,0.99245,1.00,1.00
2008.08.26 11:57:15.685,0.9922,0.9924,2.10,1.30
2008.08.26 11:57:22.154,0.9922,0.9924,2.10,1.00
2008.08.26 11:57:31.951,0.9922,0.9924,4.10,1.00
2008.08.26 11:57:32.052,0.9922,0.9924,2.10,1.00
2008.08.26 11:57:32.408,0.9923,0.99245,1.00,1.20
2008.08.26 11:57:35.684,0.9923,0.9925,1.00,1.80
2008.08.26 11:57:39.968,0.9923,0.9925,1.00,1.40
2008.08.26 11:57:40.180,0.9923,0.9925,2.10,1.30
2008.08.26 11:57:41.188,0.9923,0.9925,2.10,3.70
2008.08.26 11:57:41.508,0.9923,0.9925,1.00,4.00
2008.08.26 11:57:43.804,0.9923,0.99245,1.00,1.20
2008.08.26 11:57:44.452,0.9923,0.9925,1.00,1.80
2008.08.26 11:57:44.667,0.9923,0.9925,2.10,1.80
2008.08.26 11:57:45.135,0.9923,0.9925,2.10,1.30
2008.08.26 11:57:45.976,0.9923,0.9925,2.10,4.00
2008.08.26 11:57:46.312,0.9923,0.9925,1.00,4.00
2008.08.26 11:57:46.648,0.9923,0.9925,2.10,1.30
2008.08.26 11:57:56.868,0.9923,0.9925,2.10,1.70
2008.08.26 11:57:56.964,0.9923,0.9925,1.00,1.80
2008.08.26 11:57:58.627,0.9923,0.9925,2.10,1.30
2008.08.26 11:58:00.706,0.9923,0.9925,4.10,1.30
2008.08.26 11:58:01.051,0.9923,0.9925,2.10,1.30
2008.08.26 11:58:01.567,0.9923,0.9925,1.00,1.80
2008.08.26 11:58:01.955,0.9922,0.9925,2.10,1.80
2008.08.26 11:58:02.172,0.9922,0.9925,2.10,4.00
2008.08.26 11:58:05.187,0.9922,0.9925,2.10,3.70
2008.08.26 11:58:05.291,0.9923,0.9925,1.00,3.70
2008.08.26 11:58:05.811,0.9923,0.9925,1.00,4.00
2008.08.26 11:58:06.437,0.9922,0.9925,2.10,4.00
2008.08.26 11:58:08.128,0.9922,0.9925,3.70,4.00
2008.08.26 11:58:08.511,0.9923,0.9925,1.00,3.70
2008.08.26 11:58:08.592,0.9923,0.9925,2.10,4.00
2008.08.26 11:58:08.831,0.9923,0.9925,2.10,1.30
2008.08.26 11:58:09.004,0.9924,0.9926,1.00,9.40
2008.08.26 11:58:09.084,0.9924,0.9926,1.00,4.00
2008.08.26 11:58:09.408,0.9924,0.9926,1.00,3.50
2008.08.26 11:58:09.507,0.9924,0.9926,1.00,1.20
2008.08.26 11:58:10.419,0.9924,0.99265,2.10,1.00
2008.08.26 11:58:10.724,0.9924,0.9926,2.10,1.20
2008.08.26 11:58:11.695,0.9924,0.9926,1.00,1.20
2008.08.26 11:58:12.031,0.9924,0.9926,2.10,1.20
2008.08.26 11:58:12.808,0.9924,0.9926,1.00,1.20
2008.08.26 11:58:13.328,0.9924,0.9926,1.00,3.50
2008.08.26 11:58:13.601,0.9924,0.9926,1.00,1.20
2008.08.26 11:58:13.768,0.9924,0.9926,1.00,3.50
2008.08.26 11:58:13.995,0.9924,0.9926,1.00,1.20
2008.08.26 11:58:14.072,0.9924,0.9925,1.00,1.00
2008.08.26 11:58:14.816,0.99235,0.9924,1.00,1.00
2008.08.26 11:58:15.141,0.99235,0.9924,1.00,1.30
2008.08.26 11:58:16.777,0.9922,0.9923,5.20,1.00
2008.08.26 11:58:17.269,0.9922,0.9923,9.10,1.00
2008.08.26 11:58:17.515,0.9922,0.9923,8.60,1.00
2008.08.26 11:58:17.768,0.9922,0.9923,7.50,1.00
2008.08.26 11:58:17.946,0.9922,0.9923,10.80,1.00
2008.08.26 11:58:18.124,0.9921,0.9922,15.50,1.00
2008.08.26 11:58:18.300,0.9922,0.99225,5.40,1.10
2008.08.26 11:58:18.477,0.9921,0.9922,5.40,1.00
2008.08.26 11:58:18.656,0.992,0.9922,2.10,1.00
2008.08.26 11:58:18.967,0.992,0.9922,2.10,1.30
2008.08.26 11:58:19.592,0.992,0.9922,1.00,1.80
2008.08.26 11:58:19.872,0.992,0.99215,1.00,1.20
2008.08.26 11:58:20.987,0.992,0.9921,1.00,1.20
2008.08.26 11:58:21.660,0.992,0.99215,1.00,1.20
2008.08.26 11:58:21.916,0.992,0.9921,1.40,1.20
2008.08.26 11:58:22.403,0.992,0.9922,1.40,1.80
2008.08.26 11:58:22.647,0.992,0.9922,1.40,4.00
2008.08.26 11:58:22.891,0.992,0.9922,1.40,1.80
2008.08.26 11:58:23.076,0.992,0.9922,4.10,1.80
2008.08.26 11:58:23.259,0.992,0.9921,1.00,1.20
2008.08.26 11:58:23.811,0.992,0.99215,1.00,1.20
2008.08.26 11:58:24.087,0.992,0.99215,1.40,1.20
2008.08.26 11:58:24.916,0.992,0.9922,1.40,1.80
2008.08.26 11:58:25.072,0.992,0.99215,1.40,1.20
2008.08.26 11:58:25.228,0.992,0.99215,1.00,1.20
2008.08.26 11:58:26.116,0.9919,0.9921,6.30,1.00
2008.08.26 11:58:26.380,0.9919,0.9921,4.10,1.00
2008.08.26 11:58:26.643,0.9919,0.9921,4.10,1.80
2008.08.26 11:58:27.368,0.9919,0.9921,2.10,4.00
2008.08.26 11:58:27.563,0.9919,0.9921,1.00,4.00
2008.08.26 11:58:29.763,0.9919,0.9921,2.10,4.00
2008.08.26 11:58:29.943,0.9919,0.9921,4.10,1.80
2008.08.26 11:58:30.587,0.9919,0.9921,4.10,1.00
2008.08.26 11:58:31.259,0.9919,0.9921,4.10,1.80
2008.08.26 11:58:32.205,0.992,0.99215,1.00,1.20
2008.08.26 11:58:32.765,0.9919,0.9921,4.10,1.00
2008.08.26 11:58:32.871,0.9919,0.9921,2.10,1.00
2008.08.26 11:58:38.364,0.992,0.9922,1.00,1.80
2008.08.26 11:58:38.812,0.992,0.9922,1.00,4.00
2008.08.26 11:58:39.156,0.9919,0.9921,3.70,1.00
2008.08.26 11:58:39.384,0.9919,0.9921,4.80,1.00
2008.08.26 11:58:39.624,0.992,0.9922,1.00,1.80
2008.08.26 11:58:39.735,0.992,0.9922,2.10,1.80
2008.08.26 11:58:39.847,0.992,0.9922,2.10,1.40
2008.08.26 11:58:40.103,0.992,0.9922,2.10,1.30
2008.08.26 11:58:42.434,0.992,0.9922,2.10,1.00
2008.08.26 11:58:43.085,0.992,0.9922,2.10,1.80
2008.08.26 11:58:45.122,0.992,0.9922,2.10,1.40
2008.08.26 11:58:45.299,0.992,0.9922,2.10,1.00
2008.08.26 11:58:52.140,0.992,0.9922,1.40,1.80
2008.08.26 11:58:53.508,0.992,0.9922,1.40,2.40
2008.08.26 11:58:53.607,0.992,0.9921,1.00,1.00
2008.08.26 11:58:53.998,0.992,0.9922,1.40,4.00
2008.08.26 11:58:54.691,0.9921,0.9922,1.00,3.50
2008.08.26 11:58:55.033,0.9922,0.99225,1.00,3.50
2008.08.26 11:58:55.503,0.9922,0.99235,1.00,15.10
2008.08.26 11:58:55.739,0.9921,0.9922,2.50,5.40
2008.08.26 11:58:55.975,0.9922,0.99235,1.00,1.00
2008.08.26 11:58:56.211,0.9922,0.9923,1.00,1.20
2008.08.26 11:58:57.074,0.9922,0.9923,1.00,3.50
2008.08.26 11:58:57.381,0.9921,0.9923,1.00,4.00
2008.08.26 11:59:00.199,0.9921,0.9923,1.40,4.00
2008.08.26 11:59:00.759,0.9922,0.9923,1.00,3.50
2008.08.26 11:59:01.000,0.9922,0.9923,1.40,3.50
2008.08.26 11:59:01.339,0.9922,0.99235,1.40,3.50
2008.08.26 11:59:01.676,0.9923,0.9924,1.00,3.70
2008.08.26 11:59:02.031,0.9924,0.9925,1.00,14.30
2008.08.26 11:59:02.536,0.9923,0.9924,1.00,3.20
2008.08.26 11:59:02.790,0.9922,0.99245,2.10,3.50
2008.08.26 11:59:03.288,0.9923,0.99245,1.00,1.20
2008.08.26 11:59:04.888,0.9923,0.99245,4.10,1.00
2008.08.26 11:59:05.112,0.9924,0.9925,1.00,3.50
2008.08.26 11:59:11.264,0.9924,0.9925,1.00,1.20
2008.08.26 11:59:11.419,0.9924,0.99255,1.00,1.00
2008.08.26 11:59:13.897,0.9924,0.99255,1.00,4.30
2008.08.26 11:59:14.076,0.9924,0.99255,1.00,3.50
2008.08.26 11:59:14.375,0.9924,0.9925,1.00,3.20
2008.08.26 11:59:14.585,0.9924,0.99255,1.00,3.50
2008.08.26 11:59:15.191,0.9924,0.99255,1.00,1.00
2008.08.26 11:59:15.477,0.9924,0.9926,1.00,4.00
2008.08.26 11:59:15.760,0.9924,0.9926,2.10,4.00
2008.08.26 11:59:16.095,0.9924,0.9926,1.00,4.00
2008.08.26 11:59:20.067,0.9924,0.99255,1.00,1.20
2008.08.26 11:59:21.160,0.9924,0.9925,1.00,1.20
2008.08.26 11:59:21.975,0.9924,0.99255,1.00,1.20
2008.08.26 11:59:22.287,0.9924,0.9925,1.00,1.20
2008.08.26 11:59:23.623,0.9924,0.9925,1.00,3.50
2008.08.26 11:59:23.979,0.9923,0.9925,2.10,4.00
2008.08.26 11:59:24.924,0.9923,0.9924,1.00,1.00
2008.08.26 11:59:25.397,0.9922,0.9924,6.30,1.80
2008.08.26 11:59:25.868,0.9922,0.9924,1.40,4.00
2008.08.26 11:59:27.719,0.9922,0.9924,4.10,1.80
2008.08.26 11:59:28.046,0.9922,0.9924,2.10,4.00
2008.08.26 11:59:28.672,0.9922,0.9924,1.40,4.00
2008.08.26 11:59:29.622,0.9922,0.9924,1.00,4.00
2008.08.26 11:59:32.123,0.9922,0.9924,1.40,4.00
2008.08.26 11:59:33.695,0.9922,0.9924,2.10,4.00
2008.08.26 11:59:33.930,0.9922,0.9924,2.10,3.70
2008.08.26 11:59:34.261,0.9922,0.9924,2.10,4.00
2008.08.26 11:59:34.327,0.9922,0.9924,1.40,4.00
2008.08.26 11:59:34.907,0.9922,0.9924,2.10,4.00
2008.08.26 11:59:35.579,0.9922,0.9924,2.10,3.70
2008.08.26 11:59:36.315,0.9922,0.9924,1.40,4.00
2008.08.26 11:59:36.715,0.9922,0.9924,2.00,4.00
2008.08.26 11:59:36.999,0.9922,0.9924,2.10,3.70
2008.08.26 11:59:37.568,0.9922,0.9924,2.10,1.00
2008.08.26 11:59:57.652,0.9923,0.9925,1.00,1.80
2008.08.26 11:59:57.868,0.9923,0.9925,1.40,1.80
2008.08.26 11:59:58.091,0.9923,0.9925,2.10,1.00
2008.08.26 11:59:58.316,0.9923,0.9925,1.40,1.80
2008.08.26 11:59:58.915,0.9923,0.9925,1.40,4.00
2008.08.26 11:59:59.988,0.9923,0.99245,1.40,1.20
