2009.03.05 03:00:02.559,0.84575,0.84615,3.00,2.60
2009.03.05 03:00:02.609,0.84575,0.84615,2.40,2.60
2009.03.05 03:00:05.599,0.8457,0.84615,6.00,2.60
2009.03.05 03:00:05.709,0.8457,0.84615,4.60,2.60
2009.03.05 03:00:06.418,0.8457,0.84615,1.00,4.00
2009.03.05 03:00:06.758,0.84565,0.8461,1.00,4.20
2009.03.05 03:00:06.989,0.8457,0.8461,1.00,4.20
2009.03.05 03:00:07.159,0.8457,0.8461,1.00,5.00
2009.03.05 03:00:07.518,0.84565,0.8461,1.00,5.60
2009.03.05 03:00:07.698,0.8456,0.84605,1.00,2.60
2009.03.05 03:00:12.697,0.8456,0.846,1.00,2.60
2009.03.05 03:00:15.908,0.84555,0.846,1.00,2.60
2009.03.05 03:00:29.554,0.84555,0.846,1.80,2.60
2009.03.05 03:00:30.413,0.84555,0.846,2.00,2.60
2009.03.05 03:00:35.801,0.84555,0.846,6.00,2.60
2009.03.05 03:00:36.292,0.8456,0.846,1.80,2.60
2009.03.05 03:00:37.551,0.8456,0.846,4.40,2.60
2009.03.05 03:00:37.601,0.8456,0.846,6.00,2.60
2009.03.05 03:00:37.931,0.8456,0.846,3.40,2.60
2009.03.05 03:00:38.281,0.8456,0.846,1.80,2.60
2009.03.05 03:00:38.681,0.84555,0.846,1.00,4.20
2009.03.05 03:00:39.151,0.8454,0.84585,2.00,2.60
2009.03.05 03:00:40.031,0.8455,0.84585,4.00,2.60
2009.03.05 03:00:40.500,0.84555,0.8459,2.40,2.60
2009.03.05 03:00:40.670,0.8456,0.84595,4.00,2.60
2009.03.05 03:00:49.928,0.84565,0.84595,4.00,2.60
2009.03.05 03:00:50.258,0.8456,0.846,4.00,2.60
2009.03.05 03:00:50.438,0.8456,0.84595,4.00,2.60
2009.03.05 03:00:53.017,0.84555,0.84595,4.00,2.60
2009.03.05 03:00:53.127,0.84555,0.8459,4.00,2.60
2009.03.05 03:00:53.997,0.84555,0.84595,4.00,2.60
2009.03.05 03:00:58.926,0.84555,0.84595,1.60,2.60
2009.03.05 03:00:59.536,0.8455,0.84595,4.60,2.60
2009.03.05 03:00:59.756,0.8455,0.8459,4.00,2.60
2009.03.05 03:00:59.986,0.84555,0.8459,1.60,2.60
2009.03.05 03:01:00.566,0.84555,0.84595,1.60,2.60
2009.03.05 03:01:01.645,0.8456,0.84595,2.40,2.60
2009.03.05 03:01:01.815,0.8456,0.84595,4.00,2.60
2009.03.05 03:01:02.105,0.8456,0.846,4.00,2.60
2009.03.05 03:01:02.895,0.8456,0.846,2.40,2.60
2009.03.05 03:01:03.245,0.8456,0.84595,2.40,2.60
2009.03.05 03:01:03.555,0.84555,0.84595,1.60,2.60
2009.03.05 03:01:04.135,0.8456,0.84595,4.00,2.60
2009.03.05 03:01:04.494,0.8456,0.846,4.00,2.60
2009.03.05 03:01:05.184,0.8456,0.846,2.40,2.60
2009.03.05 03:01:05.404,0.84555,0.846,1.00,2.60
2009.03.05 03:01:05.584,0.84555,0.846,1.00,4.00
2009.03.05 03:01:05.805,0.84555,0.84595,1.60,2.60
2009.03.05 03:01:06.484,0.8456,0.84595,1.60,2.60
2009.03.05 03:01:06.704,0.8456,0.846,1.60,2.60
2009.03.05 03:01:06.864,0.8456,0.846,4.00,2.60
2009.03.05 03:01:07.864,0.8456,0.846,2.40,2.60
2009.03.05 03:01:08.034,0.8455,0.84595,3.80,2.60
2009.03.05 03:01:08.323,0.8455,0.84595,1.80,2.60
2009.03.05 03:01:08.504,0.84555,0.84595,1.60,2.60
2009.03.05 03:01:08.623,0.84555,0.84585,1.60,2.60
2009.03.05 03:01:08.963,0.84555,0.84595,1.60,2.60
2009.03.05 03:01:09.673,0.8455,0.84595,4.60,2.60
2009.03.05 03:01:09.903,0.8455,0.8459,4.00,2.60
2009.03.05 03:01:10.473,0.84555,0.8459,1.60,2.60
2009.03.05 03:01:10.833,0.8455,0.84595,1.80,2.60
2009.03.05 03:01:12.383,0.8455,0.84595,1.00,2.60
2009.03.05 03:01:12.742,0.8454,0.84585,2.00,2.60
2009.03.05 03:01:13.132,0.84545,0.84585,1.60,2.60
2009.03.05 03:01:13.652,0.84545,0.8459,2.00,2.60
2009.03.05 03:01:15.492,0.8455,0.84595,1.00,2.60
2009.03.05 03:01:15.772,0.84545,0.8459,2.00,2.60
2009.03.05 03:01:21.170,0.8454,0.84585,2.00,2.60
2009.03.05 03:01:33.087,0.8455,0.84585,1.60,2.60
2009.03.05 03:01:33.357,0.84555,0.84585,2.40,2.60
2009.03.05 03:01:36.957,0.8455,0.84585,2.40,2.60
2009.03.05 03:01:37.077,0.8455,0.8458,2.40,2.60
2009.03.05 03:01:37.656,0.8455,0.8458,4.00,2.60
2009.03.05 03:01:37.776,0.84555,0.84585,2.40,2.60
2009.03.05 03:01:38.806,0.84555,0.8459,2.40,2.60
2009.03.05 03:01:40.417,0.84555,0.8459,4.00,2.60
2009.03.05 03:01:42.655,0.84555,0.8459,1.60,2.60
2009.03.05 03:01:42.765,0.8455,0.8459,4.40,2.60
2009.03.05 03:01:42.885,0.8455,0.8459,3.00,2.60
2009.03.05 03:01:43.335,0.8455,0.84585,2.40,2.60
2009.03.05 03:01:47.214,0.84555,0.84585,1.60,2.60
2009.03.05 03:01:47.684,0.84555,0.84585,4.00,2.60
2009.03.05 03:01:47.794,0.84565,0.8459,2.40,2.60
2009.03.05 03:01:48.144,0.84565,0.84595,2.40,2.60
2009.03.05 03:01:50.314,0.84565,0.846,2.40,2.60
2009.03.05 03:01:50.843,0.8456,0.846,4.00,2.60
2009.03.05 03:01:51.203,0.8456,0.846,2.40,2.60
2009.03.05 03:01:51.873,0.84555,0.8459,2.40,2.60
2009.03.05 03:01:52.163,0.8456,0.8459,2.40,2.60
2009.03.05 03:01:52.733,0.8456,0.84595,2.40,2.60
2009.03.05 03:01:55.322,0.8456,0.846,4.00,2.60
2009.03.05 03:01:57.272,0.8456,0.8459,2.40,2.60
2009.03.05 03:02:06.089,0.8455,0.8459,1.80,2.60
2009.03.05 03:02:07.169,0.8455,0.84595,6.00,2.60
2009.03.05 03:02:09.199,0.8456,0.84595,2.40,2.60
2009.03.05 03:02:09.429,0.8456,0.84595,4.00,2.60
2009.03.05 03:02:10.689,0.8456,0.84595,2.40,2.60
2009.03.05 03:02:21.596,0.84555,0.8459,4.00,2.60
2009.03.05 03:02:31.613,0.8456,0.8459,1.60,2.60
2009.03.05 03:02:32.143,0.8456,0.8459,4.00,2.60
2009.03.05 03:02:32.203,0.8456,0.84595,4.00,2.60
2009.03.05 03:02:33.063,0.84555,0.84595,4.00,2.60
2009.03.05 03:02:33.343,0.84555,0.84595,2.40,2.60
2009.03.05 03:02:33.453,0.84555,0.8459,2.40,2.60
2009.03.05 03:02:33.873,0.84555,0.8459,4.00,2.60
2009.03.05 03:02:34.453,0.84555,0.8459,2.40,2.60
2009.03.05 03:02:37.952,0.84555,0.8459,4.00,2.60
2009.03.05 03:02:38.172,0.84555,0.8459,5.60,2.60
2009.03.05 03:02:38.452,0.8456,0.8459,2.40,2.60
2009.03.05 03:02:38.682,0.8456,0.84595,2.40,2.60
2009.03.05 03:02:39.561,0.8456,0.84595,2.40,5.20
2009.03.05 03:02:39.942,0.8455,0.84585,1.80,1.40
2009.03.05 03:02:40.231,0.84555,0.8457,2.40,2.60
2009.03.05 03:02:40.571,0.84555,0.84575,4.00,2.60
2009.03.05 03:02:40.861,0.84555,0.846,4.00,2.60
2009.03.05 03:02:41.491,0.84555,0.84605,4.00,2.60
2009.03.05 03:02:48.280,0.8455,0.84595,3.00,2.60
2009.03.05 03:02:48.399,0.8455,0.84585,2.40,2.60
2009.03.05 03:02:51.069,0.84555,0.84585,1.60,2.60
2009.03.05 03:02:51.738,0.84565,0.84585,2.40,2.60
2009.03.05 03:02:52.078,0.84575,0.846,2.40,2.60
2009.03.05 03:02:52.198,0.84575,0.84605,2.40,2.60
2009.03.05 03:02:53.808,0.84565,0.84605,3.00,2.60
2009.03.05 03:02:53.918,0.84565,0.846,2.40,2.60
2009.03.05 03:02:54.658,0.84565,0.84605,2.40,2.60
2009.03.05 03:02:54.998,0.84565,0.846,2.40,2.60
2009.03.05 03:03:06.125,0.84575,0.84615,2.40,3.20
2009.03.05 03:03:06.415,0.84575,0.8461,2.40,2.60
2009.03.05 03:03:20.222,0.8455,0.84595,4.60,2.60
2009.03.05 03:03:20.683,0.8455,0.8459,4.00,2.60
2009.03.05 03:03:21.032,0.8455,0.84595,4.60,2.60
2009.03.05 03:03:27.700,0.8455,0.8459,4.60,2.60
2009.03.05 03:03:29.759,0.8455,0.8459,4.00,2.60
2009.03.05 03:03:30.269,0.8455,0.84595,4.60,2.60
2009.03.05 03:03:30.899,0.8455,0.8459,4.00,2.60
2009.03.05 03:03:58.113,0.8455,0.84595,6.00,2.60
2009.03.05 03:04:00.202,0.84555,0.84595,1.60,2.60
2009.03.05 03:04:00.773,0.8456,0.846,2.40,2.60
2009.03.05 03:04:02.361,0.8456,0.846,4.00,2.60
2009.03.05 03:04:04.171,0.8456,0.84605,4.60,2.60
2009.03.05 03:04:05.841,0.84575,0.84605,1.60,2.60
2009.03.05 03:04:06.081,0.84575,0.8461,5.60,2.60
2009.03.05 03:04:06.540,0.84575,0.84615,1.60,2.60
2009.03.05 03:04:07.430,0.84575,0.84615,4.00,2.60
2009.03.05 03:04:08.020,0.84575,0.84615,5.60,2.60
2009.03.05 03:04:08.140,0.84575,0.84615,4.40,2.60
2009.03.05 03:04:08.480,0.8458,0.84615,2.40,2.60
2009.03.05 03:04:08.600,0.8458,0.8461,5.60,2.60
2009.03.05 03:04:09.160,0.8458,0.8462,5.60,2.60
2009.03.05 03:04:09.390,0.8458,0.84615,2.40,2.60
2009.03.05 03:04:10.020,0.84575,0.84615,6.00,2.60
2009.03.05 03:04:13.309,0.84575,0.84615,4.60,2.60
2009.03.05 03:04:13.419,0.84575,0.8461,4.00,2.60
2009.03.05 03:04:19.507,0.84575,0.84615,4.00,2.60
2009.03.05 03:04:20.587,0.84575,0.84615,5.60,2.60
2009.03.05 03:04:20.867,0.8458,0.84615,4.00,2.60
2009.03.05 03:04:21.207,0.8459,0.84635,3.00,2.60
2009.03.05 03:04:21.797,0.8459,0.84635,6.00,2.60
2009.03.05 03:04:22.027,0.8459,0.84635,3.00,2.60
2009.03.05 03:04:22.347,0.84585,0.8463,3.40,2.60
2009.03.05 03:04:23.726,0.84585,0.8463,1.00,2.60
2009.03.05 03:04:23.936,0.8458,0.84625,3.40,2.60
2009.03.05 03:04:24.476,0.84585,0.8463,1.80,2.60
2009.03.05 03:04:25.096,0.8459,0.8463,1.00,2.60
2009.03.05 03:04:25.856,0.84585,0.8463,1.00,2.60
2009.03.05 03:04:28.565,0.8458,0.84625,2.20,2.60
2009.03.05 03:04:28.685,0.8458,0.84625,1.00,2.60
2009.03.05 03:04:31.054,0.8458,0.84625,2.00,2.60
2009.03.05 03:04:31.774,0.84585,0.8463,1.00,2.60
2009.03.05 03:04:34.114,0.84585,0.8463,1.80,2.60
2009.03.05 03:04:34.464,0.8459,0.8463,1.00,2.60
2009.03.05 03:04:37.953,0.8459,0.8463,1.80,2.60
2009.03.05 03:04:38.173,0.84595,0.84635,4.00,2.60
2009.03.05 03:04:38.283,0.846,0.84645,1.00,2.60
2009.03.05 03:04:42.192,0.846,0.84645,1.00,4.20
2009.03.05 03:04:42.782,0.846,0.84645,1.00,2.60
2009.03.05 03:04:42.952,0.846,0.8464,1.00,2.60
2009.03.05 03:04:45.311,0.84595,0.8464,1.00,2.60
2009.03.05 03:04:45.581,0.84595,0.8464,2.00,2.60
2009.03.05 03:04:45.751,0.84595,0.8464,4.60,2.60
2009.03.05 03:04:46.271,0.84595,0.8464,1.80,2.60
2009.03.05 03:04:46.541,0.84595,0.8464,1.00,2.60
2009.03.05 03:04:47.340,0.84595,0.8464,3.00,2.60
2009.03.05 03:04:47.800,0.84595,0.8464,4.60,2.60
2009.03.05 03:04:48.140,0.846,0.8464,1.60,2.60
2009.03.05 03:04:49.510,0.84595,0.8464,6.00,2.60
2009.03.05 03:04:49.750,0.846,0.84635,1.60,2.60
2009.03.05 03:04:50.270,0.846,0.8464,1.60,2.60
2009.03.05 03:04:50.430,0.84595,0.8464,6.00,2.60
2009.03.05 03:04:50.650,0.84595,0.8464,4.60,2.60
2009.03.05 03:04:50.880,0.8459,0.84635,1.00,2.60
2009.03.05 03:04:51.210,0.8459,0.8462,1.00,1.00
2009.03.05 03:04:51.620,0.84585,0.84615,3.00,1.00
2009.03.05 03:04:54.749,0.84585,0.84615,1.00,1.00
2009.03.05 03:05:02.447,0.8458,0.84615,1.00,1.00
2009.03.05 03:05:02.717,0.8458,0.8462,3.00,1.00
2009.03.05 03:05:03.276,0.84585,0.8462,1.00,1.00
2009.03.05 03:05:08.755,0.84585,0.84625,3.00,1.00
2009.03.05 03:05:09.155,0.8459,0.84625,1.00,1.00
2009.03.05 03:05:10.665,0.84595,0.8463,1.00,1.00
2009.03.05 03:05:12.724,0.84595,0.84625,1.00,1.00
2009.03.05 03:05:12.944,0.8459,0.84625,5.20,1.00
2009.03.05 03:05:13.004,0.8459,0.84625,1.00,1.00
2009.03.05 03:05:20.813,0.8459,0.84625,3.00,1.00
2009.03.05 03:05:22.612,0.84595,0.84625,1.00,1.00
2009.03.05 03:05:23.892,0.84595,0.8462,1.00,1.00
2009.03.05 03:05:24.511,0.8459,0.8462,1.00,1.00
2009.03.05 03:05:30.710,0.8459,0.84635,3.00,13.20
2009.03.05 03:05:30.820,0.8459,0.84635,3.00,11.60
2009.03.05 03:05:31.120,0.8459,0.84635,3.00,10.60
2009.03.05 03:05:31.290,0.84595,0.84635,1.60,2.60
2009.03.05 03:05:31.530,0.846,0.84635,1.60,2.60
2009.03.05 03:05:31.820,0.846,0.8464,1.60,2.60
2009.03.05 03:05:32.810,0.846,0.84645,2.00,2.60
2009.03.05 03:05:33.209,0.846,0.84645,1.80,2.60
2009.03.05 03:05:33.389,0.846,0.84645,1.00,2.60
2009.03.05 03:05:33.689,0.84595,0.8464,2.00,2.60
2009.03.05 03:05:36.519,0.84595,0.84635,1.00,1.00
2009.03.05 03:05:42.087,0.84595,0.84635,5.20,1.00
2009.03.05 03:05:42.367,0.84605,0.84635,1.00,1.00
2009.03.05 03:05:44.297,0.84615,0.84635,2.40,1.00
2009.03.05 03:05:47.617,0.8461,0.84635,1.00,1.00
2009.03.05 03:05:49.775,0.8461,0.8464,3.00,1.00
2009.03.05 03:05:49.895,0.8461,0.84655,3.00,3.20
2009.03.05 03:05:50.126,0.84615,0.84655,1.00,1.00
2009.03.05 03:05:50.475,0.8462,0.84655,1.00,1.00
2009.03.05 03:05:51.155,0.84625,0.84655,1.00,1.00
2009.03.05 03:05:55.774,0.8462,0.84655,7.00,1.00
2009.03.05 03:05:55.894,0.8462,0.84655,1.00,1.00
2009.03.05 03:05:57.144,0.8462,0.8466,1.00,1.40
2009.03.05 03:05:57.673,0.8462,0.8466,1.00,1.00
2009.03.05 03:06:01.343,0.8462,0.84665,1.00,3.20
2009.03.05 03:06:01.463,0.84625,0.84665,1.00,1.00
2009.03.05 03:06:01.743,0.84625,0.84665,5.20,1.00
2009.03.05 03:06:02.033,0.8463,0.84665,1.00,1.00
2009.03.05 03:06:02.212,0.8463,0.84665,1.00,1.40
2009.03.05 03:06:02.323,0.8463,0.8466,1.00,1.00
2009.03.05 03:06:02.892,0.8463,0.84665,1.00,1.00
2009.03.05 03:06:03.312,0.84635,0.84665,1.00,1.00
2009.03.05 03:06:03.862,0.84635,0.8467,1.00,2.60
2009.03.05 03:06:04.162,0.84635,0.8467,1.00,1.00
2009.03.05 03:06:04.552,0.84635,0.84675,1.00,2.00
2009.03.05 03:06:04.822,0.84645,0.8468,1.00,2.20
2009.03.05 03:06:05.052,0.84645,0.8468,1.00,1.00
2009.03.05 03:06:05.572,0.84645,0.84675,1.00,1.00
2009.03.05 03:06:06.902,0.84645,0.8468,3.00,1.00
2009.03.05 03:06:07.361,0.8465,0.8468,1.00,1.00
2009.03.05 03:06:07.851,0.8465,0.84675,1.00,1.00
2009.03.05 03:06:08.251,0.84645,0.84675,1.00,1.00
2009.03.05 03:06:10.111,0.84645,0.84685,1.00,2.60
2009.03.05 03:06:10.341,0.84645,0.84685,1.00,1.40
2009.03.05 03:06:11.510,0.84655,0.84675,1.00,1.00
2009.03.05 03:06:11.910,0.84645,0.84675,1.00,1.00
2009.03.05 03:06:12.360,0.84645,0.8469,1.00,3.20
2009.03.05 03:06:12.530,0.84645,0.84685,1.00,1.00
2009.03.05 03:06:12.650,0.84645,0.8469,1.00,5.60
2009.03.05 03:06:12.940,0.84645,0.8469,1.00,4.80
2009.03.05 03:06:13.050,0.84645,0.84675,1.00,1.00
2009.03.05 03:06:13.500,0.8465,0.84675,1.00,1.00
2009.03.05 03:06:14.410,0.8465,0.8468,1.00,1.00
2009.03.05 03:06:14.759,0.8465,0.8469,1.00,3.20
2009.03.05 03:06:15.459,0.8465,0.84675,1.00,1.00
2009.03.05 03:06:16.269,0.8465,0.8468,1.00,1.00
2009.03.05 03:06:16.849,0.8465,0.8468,3.00,1.00
2009.03.05 03:06:17.019,0.8465,0.84695,3.00,3.20
2009.03.05 03:06:17.409,0.8465,0.84695,3.00,4.00
2009.03.05 03:06:17.749,0.8465,0.84675,1.00,1.00
2009.03.05 03:06:18.458,0.8465,0.8468,1.00,1.00
2009.03.05 03:06:18.748,0.8465,0.8469,1.00,3.20
2009.03.05 03:06:19.248,0.8465,0.84675,1.00,1.00
2009.03.05 03:06:20.588,0.8465,0.8468,1.00,1.00
2009.03.05 03:06:20.808,0.8465,0.8469,1.00,3.20
2009.03.05 03:06:21.478,0.8465,0.84675,1.00,1.00
2009.03.05 03:06:22.188,0.84645,0.84675,1.00,1.00
2009.03.05 03:06:22.767,0.84645,0.84685,1.00,3.60
2009.03.05 03:06:22.877,0.84645,0.84685,1.00,2.60
2009.03.05 03:06:22.937,0.84645,0.8469,1.00,4.80
2009.03.05 03:06:23.167,0.84645,0.84685,1.00,1.40
2009.03.05 03:06:23.277,0.84645,0.84675,1.00,1.00
2009.03.05 03:06:25.987,0.84645,0.8469,1.00,5.60
2009.03.05 03:06:26.397,0.84645,0.84675,1.00,1.00
2009.03.05 03:06:26.927,0.8465,0.84675,1.00,1.00
2009.03.05 03:06:27.916,0.8465,0.8468,1.00,1.00
2009.03.05 03:06:28.256,0.84645,0.8469,1.00,3.20
2009.03.05 03:06:28.606,0.84645,0.84685,1.00,1.00
2009.03.05 03:06:28.666,0.84645,0.84685,1.00,1.40
2009.03.05 03:06:29.076,0.8464,0.8467,1.00,1.00
2009.03.05 03:06:30.576,0.8464,0.84675,3.00,1.00
2009.03.05 03:06:31.175,0.8464,0.8468,3.00,1.00
2009.03.05 03:06:32.325,0.8464,0.84675,2.20,1.00
2009.03.05 03:06:32.585,0.8464,0.84675,7.00,1.00
2009.03.05 03:06:32.695,0.84645,0.84685,1.00,1.40
2009.03.05 03:06:33.105,0.84645,0.8467,1.00,1.00
2009.03.05 03:06:33.565,0.84645,0.84675,1.00,1.00
2009.03.05 03:06:33.735,0.84645,0.84685,1.00,4.20
2009.03.05 03:06:33.915,0.84645,0.84685,1.00,3.20
2009.03.05 03:06:34.025,0.84645,0.84685,1.00,1.40
2009.03.05 03:06:34.424,0.84645,0.8467,1.00,1.00
2009.03.05 03:06:36.144,0.8464,0.8467,1.00,1.00
2009.03.05 03:06:37.174,0.8464,0.84675,3.00,1.00
2009.03.05 03:06:37.704,0.8464,0.84675,1.00,1.00
2009.03.05 03:06:38.054,0.8464,0.8467,1.00,1.00
2009.03.05 03:06:40.473,0.84645,0.8467,1.00,1.00
2009.03.05 03:06:41.993,0.84645,0.84675,1.00,1.00
2009.03.05 03:06:42.533,0.84645,0.8468,1.00,1.80
2009.03.05 03:06:42.693,0.84645,0.84675,1.00,1.00
2009.03.05 03:06:43.392,0.84645,0.8467,1.00,1.00
2009.03.05 03:06:44.672,0.84645,0.84675,1.00,1.00
2009.03.05 03:06:44.972,0.84645,0.8468,1.00,1.80
2009.03.05 03:06:45.312,0.84645,0.8468,1.00,1.00
2009.03.05 03:06:45.552,0.8465,0.84675,1.00,1.00
2009.03.05 03:06:47.231,0.8465,0.8468,1.00,1.00
2009.03.05 03:07:01.048,0.8465,0.8468,3.00,1.00
2009.03.05 03:07:01.898,0.8465,0.8468,1.00,1.00
2009.03.05 03:07:02.798,0.8465,0.84675,1.00,1.00
2009.03.05 03:07:03.078,0.84645,0.84675,1.00,1.00
2009.03.05 03:07:03.378,0.8464,0.84685,7.00,3.20
2009.03.05 03:07:03.538,0.84645,0.8468,1.00,1.00
2009.03.05 03:07:04.078,0.84645,0.84675,1.00,1.00
2009.03.05 03:07:07.546,0.8464,0.84675,1.00,1.00
2009.03.05 03:07:11.096,0.8464,0.8468,1.00,3.20
2009.03.05 03:07:11.546,0.8464,0.8468,1.00,1.00
2009.03.05 03:07:11.836,0.8464,0.8468,5.20,1.00
2009.03.05 03:07:12.136,0.8464,0.8468,7.00,1.00
2009.03.05 03:07:12.305,0.84645,0.8468,1.00,1.00
2009.03.05 03:07:25.932,0.8465,0.8468,1.00,1.00
2009.03.05 03:07:28.531,0.84645,0.8468,1.00,1.00
2009.03.05 03:07:36.140,0.84645,0.84675,1.00,1.00
2009.03.05 03:07:36.320,0.8464,0.84675,1.00,1.00
2009.03.05 03:07:38.009,0.84645,0.84675,1.00,1.00
2009.03.05 03:07:41.039,0.8464,0.84675,1.00,1.00
2009.03.05 03:07:42.658,0.84645,0.84675,1.00,1.00
2009.03.05 03:07:48.457,0.8465,0.84675,1.00,1.00
2009.03.05 03:07:49.367,0.8465,0.8468,1.00,1.00
2009.03.05 03:07:50.056,0.84645,0.8468,3.00,1.00
2009.03.05 03:07:51.646,0.84645,0.84675,1.00,1.00
2009.03.05 03:07:51.986,0.8464,0.84675,1.00,1.00
2009.03.05 03:07:53.665,0.84645,0.84675,1.00,1.00
2009.03.05 03:07:56.295,0.8465,0.84675,1.00,1.00
2009.03.05 03:07:56.635,0.8465,0.8468,1.00,1.00
2009.03.05 03:08:02.973,0.8465,0.8468,3.00,1.00
2009.03.05 03:08:06.132,0.8465,0.8468,1.00,1.00
2009.03.05 03:08:07.282,0.8465,0.8468,3.00,1.00
2009.03.05 03:08:08.602,0.8465,0.84675,1.00,1.00
2009.03.05 03:08:09.121,0.84645,0.84675,2.20,1.00
2009.03.05 03:08:09.532,0.84645,0.84675,1.00,1.00
2009.03.05 03:08:10.811,0.84645,0.8468,3.00,2.60
2009.03.05 03:08:11.151,0.84645,0.8468,3.00,1.00
2009.03.05 03:08:11.441,0.8465,0.8468,1.00,1.00
2009.03.05 03:08:14.540,0.8465,0.84675,1.00,1.00
2009.03.05 03:08:14.890,0.8465,0.8468,1.00,1.00
2009.03.05 03:08:25.278,0.8465,0.84685,1.00,1.00
2009.03.05 03:08:25.658,0.8465,0.84695,1.00,5.60
2009.03.05 03:08:25.938,0.8465,0.8469,1.00,2.60
2009.03.05 03:08:28.287,0.84645,0.8469,1.80,2.60
2009.03.05 03:08:29.357,0.8465,0.8469,2.40,2.60
2009.03.05 03:08:29.537,0.8465,0.8469,4.00,2.60
2009.03.05 03:08:29.927,0.8465,0.84695,4.60,2.60
2009.03.05 03:08:30.276,0.8465,0.84695,4.60,3.20
2009.03.05 03:08:30.566,0.8465,0.84695,3.00,3.20
2009.03.05 03:08:34.136,0.84655,0.84695,1.00,3.20
2009.03.05 03:08:34.896,0.84655,0.84695,3.00,2.60
2009.03.05 03:08:35.566,0.84655,0.84695,1.00,3.20
2009.03.05 03:08:36.235,0.84655,0.8469,1.00,1.00
2009.03.05 03:08:36.475,0.8465,0.8469,1.00,3.20
2009.03.05 03:08:37.385,0.8465,0.8469,3.00,2.60
2009.03.05 03:08:37.615,0.84655,0.84695,1.00,3.20
2009.03.05 03:08:42.754,0.84655,0.84695,1.00,2.60
2009.03.05 03:08:42.994,0.84655,0.847,1.00,3.20
2009.03.05 03:08:43.913,0.84655,0.847,1.80,3.20
2009.03.05 03:08:44.143,0.84655,0.847,4.60,2.60
2009.03.05 03:08:44.693,0.84665,0.84705,1.00,1.60
2009.03.05 03:08:44.753,0.8466,0.84705,5.20,3.20
2009.03.05 03:08:44.813,0.8466,0.84705,1.00,3.20
2009.03.05 03:08:46.552,0.8466,0.847,1.00,1.40
2009.03.05 03:08:47.522,0.8466,0.847,1.00,1.00
2009.03.05 03:08:48.442,0.8466,0.847,1.00,1.40
2009.03.05 03:08:49.122,0.8466,0.847,1.00,1.00
2009.03.05 03:08:51.822,0.8466,0.847,1.00,1.40
2009.03.05 03:08:52.051,0.84655,0.847,1.00,3.20
2009.03.05 03:08:52.401,0.84655,0.84695,1.00,1.00
2009.03.05 03:08:54.251,0.8466,0.84695,1.00,1.00
2009.03.05 03:08:55.120,0.84665,0.84695,1.00,1.00
2009.03.05 03:08:55.300,0.84665,0.84705,1.00,2.20
2009.03.05 03:08:55.631,0.84665,0.84705,1.00,1.00
2009.03.05 03:08:55.870,0.84665,0.84705,1.00,2.20
2009.03.05 03:08:56.100,0.84665,0.84695,1.00,1.00
2009.03.05 03:08:58.810,0.84665,0.84705,1.00,1.00
2009.03.05 03:08:59.210,0.8468,0.84725,1.00,3.20
2009.03.05 03:08:59.559,0.8468,0.84725,1.00,2.60
2009.03.05 03:08:59.899,0.8469,0.8473,1.00,1.00
2009.03.05 03:09:00.349,0.84685,0.8473,2.00,2.60
2009.03.05 03:09:01.259,0.8468,0.8472,1.60,2.60
2009.03.05 03:09:01.559,0.84675,0.8472,5.20,2.60
2009.03.05 03:09:01.929,0.84665,0.84705,6.60,2.60
2009.03.05 03:09:02.269,0.84675,0.84715,1.00,2.60
2009.03.05 03:09:02.569,0.8468,0.8472,1.00,3.20
2009.03.05 03:09:02.999,0.84675,0.8472,1.00,2.60
2009.03.05 03:09:04.018,0.84675,0.84715,1.00,2.60
2009.03.05 03:09:04.371,0.84675,0.8472,1.00,2.60
2009.03.05 03:09:04.608,0.8467,0.84715,1.00,2.60
2009.03.05 03:09:05.278,0.84675,0.8472,1.00,2.60
2009.03.05 03:09:06.498,0.84675,0.8472,1.00,4.20
2009.03.05 03:09:07.758,0.84675,0.84715,1.00,2.60
2009.03.05 03:09:08.267,0.84675,0.8472,1.00,2.60
2009.03.05 03:09:12.227,0.84675,0.8472,2.20,2.60
2009.03.05 03:09:12.636,0.84685,0.8473,1.00,2.60
2009.03.05 03:09:13.076,0.84685,0.8473,1.00,3.40
2009.03.05 03:09:13.467,0.8468,0.84725,2.20,2.60
2009.03.05 03:09:13.806,0.84685,0.8473,1.00,3.80
2009.03.05 03:09:14.096,0.84685,0.8473,1.00,2.60
2009.03.05 03:09:17.445,0.8469,0.8473,1.00,2.60
2009.03.05 03:09:18.205,0.84685,0.8473,1.00,2.60
2009.03.05 03:09:22.434,0.8469,0.84735,1.00,3.20
2009.03.05 03:09:34.401,0.8469,0.84735,1.80,3.20
2009.03.05 03:09:34.511,0.8469,0.84735,1.80,2.60
2009.03.05 03:09:34.811,0.84695,0.84735,1.00,2.60
2009.03.05 03:09:35.411,0.84695,0.84735,1.00,3.20
2009.03.05 03:09:35.711,0.84685,0.8473,1.00,2.60
2009.03.05 03:09:39.280,0.84685,0.84725,1.00,2.60
2009.03.05 03:09:39.460,0.8468,0.84725,1.00,2.60
2009.03.05 03:09:41.509,0.8468,0.84725,5.20,2.60
2009.03.05 03:09:41.899,0.8468,0.84725,7.00,2.60
2009.03.05 03:09:42.129,0.84685,0.8473,1.00,3.20
2009.03.05 03:09:43.079,0.84685,0.8473,1.00,2.60
2009.03.05 03:09:43.429,0.8469,0.84735,1.00,2.60
2009.03.05 03:09:43.669,0.84685,0.8473,5.20,2.60
2009.03.05 03:09:43.949,0.84685,0.8473,1.00,2.60
2009.03.05 03:09:44.759,0.84685,0.8473,4.40,2.60
2009.03.05 03:09:44.879,0.84685,0.8473,1.00,2.60
2009.03.05 03:09:46.118,0.8469,0.84735,1.00,2.60
2009.03.05 03:09:46.348,0.84685,0.8473,1.00,2.60
2009.03.05 03:09:51.977,0.8469,0.84735,1.00,2.60
2009.03.05 03:09:54.176,0.8469,0.8472,1.00,1.60
2009.03.05 03:09:54.586,0.84685,0.84715,4.80,2.60
2009.03.05 03:09:54.866,0.8468,0.84715,1.40,10.60
2009.03.05 03:09:54.986,0.8468,0.8472,1.00,4.00
2009.03.05 03:09:55.156,0.84685,0.8471,1.00,4.00
2009.03.05 03:09:55.326,0.84685,0.8473,1.00,4.80
2009.03.05 03:09:55.616,0.84685,0.8473,1.00,3.20
2009.03.05 03:10:01.415,0.84685,0.84715,1.00,1.00
2009.03.05 03:10:01.644,0.84675,0.84715,1.00,1.00
2009.03.05 03:10:04.044,0.84675,0.8469,1.00,1.00
2009.03.05 03:10:04.464,0.8467,0.84705,2.40,3.20
2009.03.05 03:10:04.584,0.84675,0.84705,1.00,8.60
2009.03.05 03:10:04.874,0.84675,0.84705,1.00,1.00
2009.03.05 03:10:07.283,0.8468,0.84705,1.00,1.00
2009.03.05 03:10:10.463,0.8468,0.847,1.00,1.00
2009.03.05 03:10:10.762,0.8467,0.847,3.00,1.00
2009.03.05 03:10:11.332,0.84675,0.847,1.00,1.00
2009.03.05 03:10:13.821,0.8467,0.847,3.00,1.00
2009.03.05 03:10:14.631,0.84675,0.847,1.00,1.00
2009.03.05 03:10:15.041,0.8467,0.847,3.00,1.00
2009.03.05 03:10:16.041,0.84675,0.847,1.00,1.00
2009.03.05 03:10:17.061,0.84685,0.847,2.40,1.00
2009.03.05 03:10:17.231,0.84685,0.84705,2.40,1.00
2009.03.05 03:10:20.490,0.84685,0.84725,2.40,10.60
2009.03.05 03:10:20.610,0.84685,0.8472,4.00,2.60
2009.03.05 03:10:20.900,0.8469,0.8472,2.40,2.60
2009.03.05 03:10:21.480,0.847,0.8474,1.00,2.60
2009.03.05 03:10:24.389,0.847,0.8474,1.00,3.20
2009.03.05 03:10:27.398,0.84695,0.8474,7.00,3.20
2009.03.05 03:10:27.738,0.84695,0.8474,1.00,3.20
2009.03.05 03:10:34.417,0.847,0.8474,1.00,3.20
2009.03.05 03:10:34.637,0.847,0.8474,1.00,1.00
2009.03.05 03:10:34.927,0.847,0.8474,1.00,3.20
2009.03.05 03:10:36.786,0.84695,0.8474,2.20,3.20
2009.03.05 03:10:37.116,0.84695,0.8474,1.00,3.20
2009.03.05 03:10:37.826,0.847,0.8474,1.00,1.00
2009.03.05 03:10:40.895,0.847,0.8474,1.00,3.20
2009.03.05 03:10:43.154,0.84695,0.8474,1.00,3.20
2009.03.05 03:10:44.804,0.8469,0.84735,3.00,2.60
2009.03.05 03:10:45.094,0.8469,0.8473,3.00,2.60
2009.03.05 03:10:45.744,0.8469,0.8473,1.00,3.20
2009.03.05 03:10:47.003,0.8469,0.8473,1.00,1.00
2009.03.05 03:10:49.273,0.8469,0.8473,1.00,3.20
2009.03.05 03:10:50.953,0.8469,0.8473,1.00,1.00
2009.03.05 03:10:51.872,0.8469,0.8473,1.80,1.00
2009.03.05 03:10:52.042,0.8469,0.84735,3.00,2.60
2009.03.05 03:10:55.552,0.8469,0.8473,3.00,2.60
2009.03.05 03:10:56.551,0.8469,0.8473,1.00,3.20
2009.03.05 03:10:58.101,0.8469,0.8473,1.00,1.00
2009.03.05 03:10:59.961,0.8469,0.84725,1.00,1.00
2009.03.05 03:11:00.071,0.84685,0.84725,3.00,1.00
2009.03.05 03:11:00.870,0.84685,0.8473,3.00,2.60
2009.03.05 03:11:01.210,0.8469,0.84735,1.00,3.20
2009.03.05 03:11:04.369,0.8469,0.84735,1.80,3.20
2009.03.05 03:11:04.489,0.8469,0.84735,4.60,3.20
2009.03.05 03:11:04.710,0.84695,0.84735,1.00,1.00
2009.03.05 03:11:22.855,0.8469,0.84735,3.00,3.20
2009.03.05 03:11:29.094,0.8469,0.84735,1.00,3.20
2009.03.05 03:11:56.787,0.84685,0.8473,1.00,3.20
2009.03.05 03:11:57.816,0.8468,0.84725,3.00,2.60
2009.03.05 03:12:00.136,0.8468,0.8472,2.40,2.60
2009.03.05 03:12:02.265,0.84675,0.8472,2.00,2.60
2009.03.05 03:12:02.445,0.84675,0.84715,1.00,2.60
2009.03.05 03:12:03.145,0.8467,0.84715,1.00,2.60
2009.03.05 03:12:03.495,0.84665,0.84705,1.80,2.60
2009.03.05 03:12:04.075,0.8467,0.84715,1.00,2.60
2009.03.05 03:12:04.515,0.84665,0.8471,8.60,2.60
2009.03.05 03:12:04.744,0.84665,0.8471,1.80,2.60
2009.03.05 03:12:05.605,0.8467,0.8471,1.00,2.60
2009.03.05 03:12:06.124,0.8467,0.84715,1.00,2.60
2009.03.05 03:12:06.525,0.84675,0.84715,1.00,2.60
2009.03.05 03:12:17.252,0.84675,0.84715,1.00,3.20
2009.03.05 03:12:36.957,0.84675,0.84715,1.00,1.00
2009.03.05 03:12:37.347,0.84675,0.84715,1.00,3.20
2009.03.05 03:12:47.544,0.84675,0.84715,1.00,1.00
2009.03.05 03:12:49.254,0.8468,0.84715,1.00,1.00
2009.03.05 03:12:54.513,0.84675,0.8471,2.20,1.00
2009.03.05 03:12:54.943,0.84675,0.84715,1.00,1.00
2009.03.05 03:12:55.062,0.8468,0.84715,1.00,1.00
2009.03.05 03:12:56.873,0.84685,0.84715,1.00,1.00
2009.03.05 03:12:58.022,0.8468,0.84715,1.00,1.00
2009.03.05 03:12:59.891,0.84675,0.8471,1.00,1.00
2009.03.05 03:13:00.181,0.8467,0.8471,2.20,1.00
2009.03.05 03:13:00.532,0.8467,0.8471,1.00,3.20
2009.03.05 03:13:03.191,0.8467,0.8471,1.00,4.00
2009.03.05 03:13:03.360,0.8467,0.8471,1.00,5.60
2009.03.05 03:13:03.420,0.8467,0.8471,1.00,4.80
2009.03.05 03:13:03.710,0.8467,0.8471,1.00,4.20
2009.03.05 03:13:03.771,0.8467,0.8471,1.00,2.60
2009.03.05 03:13:03.830,0.8467,0.84715,1.00,5.60
2009.03.05 03:13:21.836,0.8467,0.8471,1.00,1.00
2009.03.05 03:13:22.126,0.8467,0.84705,1.00,1.00
2009.03.05 03:13:22.306,0.8467,0.847,1.00,1.60
2009.03.05 03:13:22.646,0.8467,0.847,1.00,2.40
2009.03.05 03:13:24.385,0.8467,0.84695,1.00,1.00
2009.03.05 03:13:24.555,0.8467,0.84705,1.00,2.20
2009.03.05 03:13:24.965,0.8467,0.8471,1.00,3.00
2009.03.05 03:13:27.295,0.8467,0.84715,1.00,5.60
2009.03.05 03:13:28.714,0.8467,0.8471,1.00,1.60
2009.03.05 03:13:29.004,0.84665,0.8471,7.00,5.60
2009.03.05 03:13:29.184,0.84665,0.8471,1.00,5.60
2009.03.05 03:13:41.401,0.84665,0.8471,1.00,7.20
2009.03.05 03:13:41.561,0.84665,0.84685,1.00,1.00
2009.03.05 03:13:41.741,0.8465,0.84685,1.00,1.00
2009.03.05 03:13:41.861,0.84645,0.84685,1.00,1.00
2009.03.05 03:13:42.601,0.84645,0.8469,1.00,2.60
2009.03.05 03:13:42.761,0.84645,0.8469,1.00,4.20
2009.03.05 03:13:43.151,0.84645,0.8469,1.00,2.60
2009.03.05 03:13:49.769,0.84645,0.84685,1.00,2.60
2009.03.05 03:13:51.169,0.8464,0.84685,1.00,2.60
2009.03.05 03:13:51.679,0.84635,0.8468,1.00,2.60
2009.03.05 03:14:03.556,0.84635,0.8468,1.80,2.60
2009.03.05 03:14:03.906,0.84635,0.8468,2.00,2.60
2009.03.05 03:15:03.312,0.84635,0.84675,1.60,2.60
2009.03.05 03:15:03.431,0.8463,0.84675,3.00,2.60
2009.03.05 03:15:05.081,0.8463,0.84675,4.60,2.60
2009.03.05 03:15:13.789,0.8464,0.84675,2.40,2.60
2009.03.05 03:15:13.849,0.8464,0.84675,4.00,2.60
2009.03.05 03:15:14.409,0.8464,0.84685,4.60,2.60
2009.03.05 03:15:21.717,0.8464,0.8468,4.00,2.60
2009.03.05 03:15:21.937,0.8464,0.84685,4.60,2.60
2009.03.05 03:15:25.876,0.8464,0.84685,3.00,4.20
2009.03.05 03:15:26.046,0.8464,0.8467,1.80,1.00
2009.03.05 03:15:26.336,0.8464,0.84665,1.00,1.00
2009.03.05 03:15:27.066,0.8463,0.84665,5.20,1.00
2009.03.05 03:15:27.296,0.8463,0.84665,1.00,1.00
2009.03.05 03:15:32.424,0.8463,0.84675,1.80,2.60
2009.03.05 03:15:32.645,0.8463,0.84675,4.60,2.60
2009.03.05 03:15:38.733,0.8463,0.84675,1.80,2.60
2009.03.05 03:15:38.793,0.8463,0.84675,1.00,2.60
2009.03.05 03:15:50.040,0.8463,0.8467,1.00,2.60
2009.03.05 03:15:55.149,0.84625,0.8467,1.00,2.60
2009.03.05 03:16:07.956,0.84625,0.8467,2.00,2.60
2009.03.05 03:16:08.016,0.84625,0.8467,3.40,2.60
2009.03.05 03:16:08.576,0.8463,0.84675,1.80,2.60
2009.03.05 03:16:14.185,0.8463,0.84675,1.00,2.60
2009.03.05 03:16:20.963,0.84625,0.8467,7.00,2.60
2009.03.05 03:16:21.073,0.84625,0.8467,2.20,2.60
2009.03.05 03:16:21.323,0.84625,0.8467,1.00,2.60
2009.03.05 03:16:42.447,0.8463,0.84675,1.00,2.60
2009.03.05 03:16:43.367,0.84625,0.8467,2.00,2.60
2009.03.05 03:17:17.709,0.8462,0.84665,4.60,2.60
2009.03.05 03:17:19.329,0.8462,0.84665,1.00,2.60
2009.03.05 03:17:19.568,0.84615,0.8466,4.60,2.60
2009.03.05 03:17:24.127,0.8462,0.8466,1.60,2.60
2009.03.05 03:17:24.478,0.8462,0.84665,4.60,2.60
2009.03.05 03:17:25.847,0.8462,0.84665,6.00,2.60
2009.03.05 03:17:26.467,0.8463,0.84665,1.60,2.60
2009.03.05 03:17:26.977,0.84625,0.8467,6.00,2.60
2009.03.05 03:17:27.307,0.84625,0.84665,3.00,2.60
2009.03.05 03:17:30.116,0.8463,0.84665,1.40,2.60
2009.03.05 03:17:30.446,0.8462,0.84665,3.40,2.60
2009.03.05 03:17:30.846,0.8462,0.8466,3.00,2.60
2009.03.05 03:17:43.532,0.84625,0.8466,1.60,2.60
2009.03.05 03:17:43.693,0.84625,0.8466,3.00,2.60
2009.03.05 03:17:44.033,0.84625,0.84665,3.00,2.60
2009.03.05 03:17:44.372,0.8465,0.84665,1.60,2.60
2009.03.05 03:17:44.942,0.84655,0.8468,8.40,6.20
2009.03.05 03:17:45.173,0.84655,0.8468,1.00,2.20
2009.03.05 03:17:45.462,0.8465,0.84685,4.80,1.40
2009.03.05 03:17:45.682,0.84645,0.84685,1.00,4.80
2009.03.05 03:17:46.612,0.8464,0.84685,1.00,4.80
2009.03.05 03:17:49.611,0.8464,0.8468,1.00,1.60
2009.03.05 03:17:49.781,0.8464,0.8468,1.00,2.20
2009.03.05 03:17:52.151,0.8464,0.84685,1.00,4.80
2009.03.05 03:17:59.409,0.8464,0.84685,1.00,3.20
2009.03.05 03:17:59.859,0.8464,0.84685,1.00,2.60
2009.03.05 03:18:00.429,0.8464,0.84685,1.80,2.60
2009.03.05 03:18:00.839,0.8464,0.84685,3.40,2.60
2009.03.05 03:18:01.948,0.84645,0.84685,1.80,2.60
2009.03.05 03:18:02.748,0.8465,0.84695,1.00,2.60
2009.03.05 03:18:03.208,0.8465,0.84695,2.00,2.60
2009.03.05 03:18:03.508,0.84655,0.847,1.00,2.60
2009.03.05 03:18:03.978,0.84655,0.847,1.80,2.60
2009.03.05 03:18:04.677,0.8466,0.847,1.60,2.60
2009.03.05 03:18:04.907,0.84655,0.847,2.00,2.60
2009.03.05 03:18:05.247,0.84655,0.847,1.00,2.60
2009.03.05 03:18:07.467,0.84655,0.847,3.00,2.60
2009.03.05 03:18:07.847,0.8466,0.847,7.20,2.60
2009.03.05 03:18:08.207,0.84675,0.84705,1.00,1.00
2009.03.05 03:18:09.417,0.84675,0.84705,1.00,2.20
2009.03.05 03:18:09.646,0.84675,0.84705,1.00,1.40
2009.03.05 03:18:09.876,0.84675,0.84705,1.00,1.00
2009.03.05 03:18:25.723,0.84675,0.847,1.00,1.00
2009.03.05 03:18:26.102,0.8467,0.847,5.20,1.00
2009.03.05 03:18:26.393,0.8467,0.847,1.00,1.00
2009.03.05 03:18:30.111,0.8467,0.84705,1.00,1.00
2009.03.05 03:18:30.571,0.84675,0.84705,1.00,1.00
2009.03.05 03:18:31.311,0.8468,0.84705,1.00,1.00
2009.03.05 03:18:32.131,0.8468,0.8472,1.00,4.80
2009.03.05 03:18:32.651,0.8468,0.84725,1.00,3.20
2009.03.05 03:18:33.290,0.84685,0.8473,1.00,3.20
2009.03.05 03:18:33.461,0.84685,0.84715,1.80,1.00
2009.03.05 03:18:33.691,0.84685,0.84715,1.00,1.00
2009.03.05 03:18:34.241,0.84685,0.84725,1.00,4.20
2009.03.05 03:18:34.461,0.84685,0.84725,1.00,1.00
2009.03.05 03:18:34.700,0.84685,0.8473,1.00,4.20
2009.03.05 03:18:34.990,0.84685,0.8473,1.00,2.60
2009.03.05 03:18:35.380,0.84685,0.8472,1.00,1.00
2009.03.05 03:18:37.979,0.8468,0.8472,3.00,1.00
2009.03.05 03:18:38.319,0.8468,0.84715,7.00,1.00
2009.03.05 03:18:38.429,0.8468,0.84715,1.00,1.00
2009.03.05 03:18:39.359,0.84685,0.84715,2.40,1.00
2009.03.05 03:18:40.189,0.84705,0.84725,2.40,2.60
2009.03.05 03:18:40.749,0.847,0.84725,1.40,2.60
2009.03.05 03:18:41.029,0.847,0.8474,2.40,2.60
2009.03.05 03:18:41.619,0.84695,0.8474,1.80,2.60
2009.03.05 03:18:42.019,0.84695,0.8474,1.00,2.60
2009.03.05 03:18:42.719,0.84695,0.8474,1.00,5.00
2009.03.05 03:18:43.058,0.8469,0.84735,1.00,2.60
2009.03.05 03:18:44.348,0.8469,0.8473,1.00,1.60
2009.03.05 03:18:44.578,0.8469,0.84735,1.00,2.60
2009.03.05 03:18:49.647,0.84685,0.8473,1.00,2.60
2009.03.05 03:18:50.048,0.84685,0.8473,1.00,5.00
2009.03.05 03:18:51.797,0.84685,0.8473,1.00,3.40
2009.03.05 03:18:51.966,0.84685,0.8473,1.00,2.60
2009.03.05 03:18:59.604,0.84685,0.8473,1.00,4.20
2009.03.05 03:19:00.055,0.84685,0.8473,1.00,5.00
2009.03.05 03:19:02.024,0.84685,0.8473,1.00,2.60
2009.03.05 03:19:02.424,0.8469,0.84735,1.00,2.60
2009.03.05 03:19:07.222,0.8469,0.8473,1.00,2.60
2009.03.05 03:19:11.152,0.8469,0.8473,2.00,2.60
2009.03.05 03:19:12.251,0.8469,0.8473,1.00,2.60
2009.03.05 03:19:27.208,0.84685,0.8473,1.00,2.60
2009.03.05 03:19:27.857,0.84685,0.8473,2.00,2.60
2009.03.05 03:19:28.197,0.8469,0.8473,1.00,2.60
2009.03.05 03:19:32.346,0.84685,0.8473,7.00,2.60
2009.03.05 03:19:32.756,0.84685,0.8473,2.20,2.60
2009.03.05 03:19:32.927,0.84685,0.8473,1.00,2.60
2009.03.05 03:19:36.885,0.84685,0.8473,2.00,2.60
2009.03.05 03:19:37.285,0.8469,0.8473,1.00,2.60
2009.03.05 03:19:43.884,0.84685,0.8473,7.00,2.60
2009.03.05 03:19:44.234,0.84685,0.8473,5.20,2.60
2009.03.05 03:19:44.414,0.84685,0.8473,1.00,4.20
2009.03.05 03:19:46.693,0.84685,0.8473,1.00,2.60
2009.03.05 03:19:56.361,0.84685,0.8473,1.00,4.20
2009.03.05 03:19:56.780,0.84685,0.84725,1.00,1.40
2009.03.05 03:19:58.720,0.84685,0.8473,1.00,4.00
2009.03.05 03:19:59.240,0.8469,0.84725,1.00,1.40
2009.03.05 03:19:59.420,0.84685,0.84725,1.00,1.40
2009.03.05 03:20:03.259,0.84685,0.84725,1.00,1.00
2009.03.05 03:20:03.819,0.84685,0.84725,1.00,2.20
2009.03.05 03:20:12.886,0.8469,0.8473,1.00,5.60
2009.03.05 03:20:18.305,0.8469,0.8473,1.00,4.20
2009.03.05 03:20:18.475,0.8469,0.8473,1.00,2.60
2009.03.05 03:20:18.995,0.8469,0.84735,1.00,5.60
2009.03.05 03:20:20.325,0.8469,0.84735,1.00,4.00
2009.03.05 03:20:20.545,0.8469,0.84735,1.00,2.60
2009.03.05 03:20:20.984,0.84695,0.8474,1.00,5.60
2009.03.05 03:20:21.324,0.84695,0.84735,1.00,1.00
2009.03.05 03:20:27.643,0.847,0.84735,1.00,3.20
2009.03.05 03:20:38.331,0.84695,0.84735,1.00,1.00
2009.03.05 03:20:43.579,0.847,0.8474,2.40,2.60
2009.03.05 03:20:43.699,0.847,0.84745,4.60,2.60
2009.03.05 03:20:43.979,0.847,0.84745,2.20,2.60
2009.03.05 03:20:44.039,0.84715,0.8475,1.00,1.40
2009.03.05 03:20:44.309,0.8471,0.8475,7.00,1.40
2009.03.05 03:20:44.769,0.8471,0.84735,1.00,1.00
2009.03.05 03:20:45.170,0.84715,0.8475,1.00,2.60
2009.03.05 03:20:45.799,0.8472,0.8476,1.00,4.80
2009.03.05 03:20:46.309,0.8472,0.84745,1.00,2.20
2009.03.05 03:20:46.489,0.8471,0.84745,1.00,4.80
2009.03.05 03:20:49.148,0.8471,0.8474,1.00,1.60
2009.03.05 03:20:49.668,0.8471,0.84745,1.00,4.80
2009.03.05 03:20:50.058,0.8471,0.84745,1.00,3.20
2009.03.05 03:20:51.277,0.8471,0.84745,1.00,4.80
2009.03.05 03:20:51.567,0.8471,0.84745,1.00,3.20
2009.03.05 03:20:51.857,0.8471,0.84745,1.00,2.60
2009.03.05 03:20:52.337,0.84715,0.84745,2.40,2.60
2009.03.05 03:20:52.638,0.84715,0.8475,1.00,3.20
2009.03.05 03:20:53.177,0.8471,0.84745,3.00,2.60
2009.03.05 03:20:53.597,0.8471,0.84745,1.00,3.20
2009.03.05 03:20:56.606,0.8471,0.84745,3.00,2.60
2009.03.05 03:20:57.066,0.84715,0.84745,2.40,2.60
2009.03.05 03:20:57.536,0.8472,0.8475,2.40,2.60
2009.03.05 03:20:58.226,0.84715,0.8475,1.00,3.20
2009.03.05 03:21:00.525,0.84715,0.8475,3.00,2.60
2009.03.05 03:21:01.455,0.8472,0.8475,2.40,2.60
2009.03.05 03:21:02.675,0.84725,0.84755,2.40,3.20
2009.03.05 03:21:02.904,0.84725,0.84755,4.00,3.20
2009.03.05 03:21:03.244,0.84725,0.84755,2.40,3.20
2009.03.05 03:21:03.484,0.8473,0.84755,2.40,2.60
2009.03.05 03:21:03.724,0.84735,0.8476,2.40,1.00
2009.03.05 03:21:04.704,0.84745,0.8476,2.40,1.00
2009.03.05 03:21:05.404,0.84745,0.84765,2.40,1.00
2009.03.05 03:21:06.734,0.8474,0.84755,3.00,1.00
2009.03.05 03:21:07.134,0.8474,0.8476,3.00,1.40
2009.03.05 03:21:07.363,0.8474,0.8476,3.00,1.00
2009.03.05 03:21:07.933,0.8474,0.8476,2.40,1.00
2009.03.05 03:21:11.183,0.84755,0.8477,2.40,2.60
2009.03.05 03:21:11.762,0.8475,0.84775,2.40,1.00
2009.03.05 03:21:12.332,0.8476,0.84785,2.40,7.40
2009.03.05 03:21:12.622,0.8476,0.8478,2.40,2.60
2009.03.05 03:21:12.922,0.8476,0.8479,2.40,3.20
2009.03.05 03:21:13.332,0.8477,0.8479,2.40,3.20
2009.03.05 03:21:13.622,0.8477,0.84785,2.40,2.60
2009.03.05 03:21:13.842,0.8477,0.8479,2.40,1.00
2009.03.05 03:21:14.452,0.84775,0.84795,2.40,3.20
2009.03.05 03:21:14.562,0.84765,0.84785,1.00,1.00
2009.03.05 03:21:15.012,0.84775,0.8479,2.40,2.60
2009.03.05 03:21:15.601,0.84765,0.8478,1.00,1.00
2009.03.05 03:21:16.041,0.8475,0.8478,1.00,1.00
2009.03.05 03:21:16.571,0.8475,0.8478,1.00,1.00
2009.03.05 03:21:16.801,0.8474,0.8477,1.00,1.00
2009.03.05 03:21:18.271,0.8474,0.84765,1.00,1.00
2009.03.05 03:21:18.860,0.84735,0.84765,1.00,1.00
2009.03.05 03:21:19.380,0.84735,0.84765,1.00,2.00
2009.03.05 03:21:19.501,0.84735,0.8475,1.00,1.00
2009.03.05 03:21:19.611,0.8473,0.8475,1.00,1.00
2009.03.05 03:21:19.900,0.8473,0.84755,1.00,1.00
2009.03.05 03:21:20.130,0.84725,0.84755,3.00,1.00
2009.03.05 03:21:20.880,0.8473,0.84755,2.40,1.00
2009.03.05 03:21:21.160,0.8473,0.84755,3.00,1.00
2009.03.05 03:21:21.700,0.8474,0.84755,2.40,1.00
2009.03.05 03:21:22.052,0.8473,0.84755,1.80,1.00
2009.03.05 03:21:22.210,0.8473,0.84755,1.00,1.00
2009.03.05 03:21:22.490,0.84725,0.84755,3.00,1.00
2009.03.05 03:21:23.310,0.8473,0.84755,2.40,3.20
2009.03.05 03:21:23.489,0.8473,0.84755,2.40,1.00
2009.03.05 03:21:24.009,0.84725,0.8475,1.00,1.00
2009.03.05 03:21:24.519,0.84725,0.84755,6.20,1.00
2009.03.05 03:21:24.569,0.84725,0.84755,4.40,1.00
2009.03.05 03:21:24.629,0.84725,0.84755,3.00,1.00
2009.03.05 03:21:24.789,0.84725,0.84755,2.40,3.20
2009.03.05 03:21:25.419,0.8472,0.8475,1.80,1.00
2009.03.05 03:21:25.649,0.8472,0.8475,1.00,1.00
2009.03.05 03:21:25.829,0.8473,0.8475,2.40,1.00
2009.03.05 03:21:26.159,0.8473,0.84755,2.40,3.20
2009.03.05 03:21:26.339,0.8473,0.84755,2.40,1.00
2009.03.05 03:21:26.569,0.84735,0.8476,2.40,3.20
2009.03.05 03:21:26.979,0.84725,0.84755,3.60,1.00
2009.03.05 03:21:27.159,0.84725,0.84755,1.00,1.00
2009.03.05 03:21:27.499,0.84725,0.8475,1.00,1.00
2009.03.05 03:21:27.798,0.84725,0.8476,1.00,2.60
2009.03.05 03:21:27.968,0.84725,0.84755,3.00,1.00
2009.03.05 03:21:28.138,0.8473,0.8476,2.40,2.60
2009.03.05 03:21:28.768,0.84725,0.84745,1.00,1.00
2009.03.05 03:21:29.918,0.8472,0.84745,3.00,1.00
2009.03.05 03:21:32.077,0.84735,0.84765,2.40,3.20
2009.03.05 03:21:32.477,0.8473,0.8476,1.00,1.00
2009.03.05 03:21:32.768,0.84725,0.8476,1.00,3.20
2009.03.05 03:21:33.047,0.84725,0.8475,1.00,1.00
2009.03.05 03:21:33.397,0.84725,0.8475,1.00,1.40
2009.03.05 03:21:33.568,0.8472,0.84745,3.00,1.00
2009.03.05 03:21:33.907,0.8472,0.8474,3.00,1.00
2009.03.05 03:21:34.068,0.8472,0.8474,2.40,1.00
2009.03.05 03:21:35.027,0.8472,0.8474,4.00,1.00
2009.03.05 03:21:35.376,0.8472,0.8474,2.40,1.00
2009.03.05 03:21:36.326,0.8473,0.84755,2.40,2.60
2009.03.05 03:21:36.836,0.8473,0.8476,3.00,1.00
2009.03.05 03:21:37.236,0.8473,0.84765,3.00,3.20
2009.03.05 03:21:37.416,0.8473,0.84765,2.40,3.20
2009.03.05 03:21:37.596,0.84735,0.84765,2.40,2.60
2009.03.05 03:21:37.766,0.84725,0.84765,3.60,3.20
2009.03.05 03:21:38.006,0.84725,0.84765,2.00,3.20
2009.03.05 03:21:38.236,0.84735,0.8475,1.00,1.00
2009.03.05 03:21:38.776,0.8472,0.84755,2.40,1.00
2009.03.05 03:21:39.056,0.84715,0.84745,3.00,1.00
2009.03.05 03:21:39.387,0.84715,0.84735,2.40,1.00
2009.03.05 03:21:39.725,0.8472,0.8474,2.40,1.40
2009.03.05 03:21:40.076,0.8472,0.8474,2.40,1.00
2009.03.05 03:21:40.306,0.8472,0.84745,2.40,1.00
2009.03.05 03:21:40.635,0.8472,0.8475,2.40,2.60
2009.03.05 03:21:41.335,0.84715,0.8475,2.00,3.20
2009.03.05 03:21:41.575,0.84725,0.8475,2.40,3.20
2009.03.05 03:21:41.805,0.84725,0.8475,2.40,1.40
2009.03.05 03:21:42.095,0.84725,0.84755,2.40,3.20
2009.03.05 03:21:42.325,0.84735,0.84755,2.40,3.20
2009.03.05 03:21:42.565,0.84735,0.84755,2.40,2.60
2009.03.05 03:21:43.155,0.84735,0.8476,2.40,1.00
2009.03.05 03:21:43.785,0.8474,0.84765,2.40,3.20
2009.03.05 03:21:43.905,0.8474,0.8476,2.40,2.60
2009.03.05 03:21:44.244,0.84725,0.8476,1.80,2.60
2009.03.05 03:21:44.654,0.84725,0.8476,1.00,2.60
2009.03.05 03:21:45.104,0.84725,0.8475,1.00,1.00
2009.03.05 03:21:45.464,0.8472,0.84745,1.00,1.00
2009.03.05 03:21:48.293,0.84715,0.84745,1.00,1.00
2009.03.05 03:21:51.883,0.84715,0.8474,1.00,1.00
2009.03.05 03:21:52.263,0.8471,0.8474,1.00,1.00
2009.03.05 03:21:54.042,0.84705,0.8474,3.00,1.00
2009.03.05 03:21:54.342,0.8471,0.8474,1.00,1.00
2009.03.05 03:21:58.001,0.84715,0.8474,1.00,1.00
2009.03.05 03:21:59.321,0.8471,0.8474,1.00,1.00
2009.03.05 03:22:02.690,0.8471,0.8474,1.00,2.00
2009.03.05 03:22:03.151,0.8471,0.84725,1.00,1.00
2009.03.05 03:22:03.610,0.847,0.84725,1.00,1.00
2009.03.05 03:22:03.910,0.847,0.8472,1.00,1.00
2009.03.05 03:22:04.240,0.84695,0.8472,1.00,1.00
2009.03.05 03:22:05.959,0.847,0.8472,1.00,1.00
2009.03.05 03:22:06.359,0.847,0.8473,1.00,1.00
2009.03.05 03:22:08.449,0.847,0.8472,1.00,1.00
2009.03.05 03:22:09.209,0.84695,0.8472,1.00,1.00
2009.03.05 03:22:09.828,0.84695,0.84715,1.00,1.00
2009.03.05 03:22:10.178,0.8469,0.84705,1.00,1.00
2009.03.05 03:22:10.588,0.8468,0.84705,1.00,1.00
2009.03.05 03:22:16.537,0.8468,0.847,1.00,1.00
2009.03.05 03:22:17.186,0.84675,0.84705,1.00,1.00
2009.03.05 03:22:17.707,0.8468,0.84705,1.00,1.00
2009.03.05 03:22:19.246,0.8468,0.847,1.00,1.00
2009.03.05 03:22:19.646,0.84675,0.847,1.00,1.00
2009.03.05 03:22:20.256,0.8468,0.84705,2.40,1.00
2009.03.05 03:22:20.606,0.8468,0.8471,3.00,1.00
2009.03.05 03:22:20.966,0.84685,0.84715,1.00,1.00
2009.03.05 03:22:21.595,0.8469,0.84715,1.00,1.00
2009.03.05 03:22:25.624,0.84685,0.84715,1.00,1.00
2009.03.05 03:22:26.674,0.8469,0.84715,1.00,1.00
2009.03.05 03:22:31.303,0.8469,0.8471,1.00,1.00
2009.03.05 03:22:31.693,0.84685,0.8471,1.00,1.00
2009.03.05 03:22:32.043,0.84685,0.8471,1.00,1.40
2009.03.05 03:22:32.333,0.84675,0.84705,1.00,1.00
2009.03.05 03:22:45.219,0.84675,0.847,1.00,1.00
2009.03.05 03:22:45.580,0.84675,0.84695,1.00,1.00
2009.03.05 03:22:45.749,0.84675,0.84705,1.00,1.00
2009.03.05 03:22:46.169,0.8467,0.84705,1.00,3.20
2009.03.05 03:22:46.289,0.84675,0.84705,1.00,1.00
2009.03.05 03:22:48.269,0.8468,0.8471,1.00,1.00
2009.03.05 03:22:48.729,0.84685,0.8472,1.00,3.20
2009.03.05 03:22:49.739,0.84685,0.84715,1.00,2.40
2009.03.05 03:22:49.969,0.84685,0.84705,1.00,1.00
2009.03.05 03:22:50.269,0.84675,0.84705,1.00,1.00
2009.03.05 03:22:58.397,0.8468,0.84705,1.00,1.00
2009.03.05 03:23:29.229,0.8468,0.847,1.00,1.00
2009.03.05 03:23:29.639,0.84675,0.847,3.00,1.00
2009.03.05 03:23:37.787,0.84675,0.847,2.40,1.00
2009.03.05 03:23:49.674,0.84675,0.847,2.40,1.40
2009.03.05 03:23:49.795,0.8467,0.84695,2.40,1.00
2009.03.05 03:23:50.494,0.84665,0.8469,3.00,1.00
2009.03.05 03:23:53.734,0.8467,0.84695,2.40,1.00
2009.03.05 03:23:54.583,0.84665,0.8469,3.00,1.00
2009.03.05 03:23:56.293,0.8467,0.84695,2.40,1.00
2009.03.05 03:24:32.614,0.8467,0.84695,3.00,1.00
2009.03.05 03:24:33.244,0.8467,0.84695,2.40,1.00
2009.03.05 03:25:16.953,0.84675,0.847,2.40,2.60
2009.03.05 03:25:19.213,0.84675,0.847,2.40,1.40
2009.03.05 03:25:19.323,0.84675,0.847,2.40,1.00
2009.03.05 03:25:19.553,0.8468,0.84705,2.40,1.00
2009.03.05 03:25:49.065,0.84675,0.84705,3.00,1.00
2009.03.05 03:25:57.623,0.84675,0.84705,2.40,3.20
2009.03.05 03:25:58.003,0.84675,0.84705,3.00,1.00
2009.03.05 03:26:01.182,0.84675,0.8471,3.00,3.20
2009.03.05 03:26:01.643,0.8468,0.8471,1.00,1.00
2009.03.05 03:26:06.111,0.8469,0.8471,1.00,1.00
2009.03.05 03:26:06.271,0.84685,0.8471,1.00,1.00
2009.03.05 03:26:07.671,0.84685,0.8472,3.00,2.60
2009.03.05 03:26:07.841,0.8469,0.84725,1.00,3.20
2009.03.05 03:26:08.011,0.8469,0.84725,1.00,1.00
2009.03.05 03:26:13.699,0.8469,0.8471,1.00,1.00
2009.03.05 03:26:13.979,0.84685,0.8471,5.20,1.00
2009.03.05 03:26:14.209,0.84685,0.8471,1.00,1.00
2009.03.05 03:26:16.778,0.84685,0.84715,3.00,1.00
2009.03.05 03:26:17.699,0.8469,0.84715,1.00,1.00
2009.03.05 03:26:18.748,0.8469,0.84705,1.00,1.00
2009.03.05 03:26:19.138,0.8468,0.84705,7.00,1.00
2009.03.05 03:26:19.318,0.84675,0.84705,3.00,1.00
2009.03.05 03:26:20.308,0.84675,0.8471,3.00,1.00
2009.03.05 03:26:20.588,0.8468,0.8471,1.00,1.00
2009.03.05 03:26:20.748,0.84685,0.84715,2.40,3.20
2009.03.05 03:26:20.928,0.8469,0.84715,1.00,1.00
2009.03.05 03:26:21.097,0.8469,0.8471,1.00,1.00
2009.03.05 03:26:22.077,0.84685,0.8471,1.00,1.00
2009.03.05 03:26:33.794,0.84685,0.84705,1.00,1.00
2009.03.05 03:26:34.024,0.8468,0.8471,3.00,1.00
2009.03.05 03:26:34.384,0.84685,0.8471,1.00,1.00
2009.03.05 03:26:41.993,0.84685,0.84715,3.00,1.00
2009.03.05 03:26:42.162,0.84685,0.8471,1.00,1.00
2009.03.05 03:26:46.541,0.8468,0.8471,1.00,1.00
2009.03.05 03:26:46.651,0.8468,0.84705,1.00,1.00
2009.03.05 03:26:48.911,0.8468,0.84705,3.00,1.00
2009.03.05 03:26:51.560,0.8468,0.8471,3.00,1.00
2009.03.05 03:26:51.730,0.84685,0.8471,1.00,1.00
2009.03.05 03:26:57.179,0.84695,0.84715,2.40,1.00
2009.03.05 03:27:00.768,0.84695,0.8472,2.40,2.60
2009.03.05 03:27:00.828,0.84695,0.8472,2.40,1.80
2009.03.05 03:27:01.168,0.84695,0.8472,2.40,1.00
2009.03.05 03:27:07.396,0.84705,0.84725,2.40,1.00
2009.03.05 03:27:08.706,0.84705,0.8473,2.40,1.80
2009.03.05 03:27:14.414,0.84715,0.8473,2.40,1.80
2009.03.05 03:27:15.335,0.84705,0.8473,3.00,1.80
2009.03.05 03:27:15.854,0.84705,0.8473,1.00,1.80
2009.03.05 03:27:16.334,0.84705,0.8473,1.00,1.00
2009.03.05 03:27:19.963,0.84705,0.84735,3.00,1.00
2009.03.05 03:27:20.253,0.8471,0.84735,1.00,1.00
2009.03.05 03:27:23.532,0.8471,0.8473,1.00,1.00
2009.03.05 03:27:23.922,0.84705,0.8473,1.00,1.00
2009.03.05 03:27:25.142,0.84705,0.84725,1.00,1.00
2009.03.05 03:27:25.552,0.847,0.84725,1.00,1.00
2009.03.05 03:27:30.801,0.847,0.8473,3.00,1.00
2009.03.05 03:27:31.081,0.84705,0.84725,1.00,1.00
2009.03.05 03:27:31.780,0.847,0.84725,1.00,1.00
2009.03.05 03:27:32.250,0.847,0.84725,1.80,1.00
2009.03.05 03:27:32.360,0.8471,0.84735,1.00,1.00
2009.03.05 03:27:32.750,0.8471,0.8473,1.00,1.00
2009.03.05 03:27:32.920,0.847,0.84725,1.00,1.00
2009.03.05 03:27:36.439,0.84705,0.84735,1.00,1.00
2009.03.05 03:27:36.719,0.8471,0.8475,3.00,3.20
2009.03.05 03:27:37.129,0.84715,0.84755,1.00,3.20
2009.03.05 03:27:37.309,0.84725,0.84755,1.00,1.00
2009.03.05 03:27:37.489,0.84725,0.8476,1.00,2.60
2009.03.05 03:27:37.919,0.8472,0.84755,1.00,2.60
2009.03.05 03:27:40.199,0.84715,0.8475,1.00,2.60
2009.03.05 03:27:43.587,0.8472,0.84755,1.00,2.60
2009.03.05 03:27:46.947,0.8472,0.8476,1.00,2.60
2009.03.05 03:27:47.358,0.84725,0.8476,1.00,2.60
2009.03.05 03:27:47.827,0.84725,0.84765,1.00,2.60
2009.03.05 03:27:49.276,0.8473,0.84765,1.00,2.60
2009.03.05 03:27:49.446,0.84725,0.8476,1.00,2.60
2009.03.05 03:27:51.056,0.8472,0.84755,2.00,2.60
2009.03.05 03:27:51.685,0.84725,0.8476,1.00,2.60
2009.03.05 03:27:51.915,0.84725,0.8476,1.00,3.20
2009.03.05 03:28:01.293,0.84725,0.8476,1.00,2.60
2009.03.05 03:28:01.823,0.8473,0.84765,1.00,3.20
2009.03.05 03:28:04.232,0.8473,0.84765,1.00,2.60
2009.03.05 03:28:04.403,0.84735,0.8477,1.00,3.20
2009.03.05 03:28:07.752,0.84735,0.8477,1.00,2.60
2009.03.05 03:28:07.921,0.8474,0.8477,1.00,1.00
2009.03.05 03:28:08.552,0.84735,0.8477,1.00,3.20
2009.03.05 03:28:15.900,0.8474,0.84775,1.00,3.20
2009.03.05 03:28:17.159,0.84735,0.8477,1.00,2.60
2009.03.05 03:28:17.389,0.8474,0.84775,1.00,3.20
2009.03.05 03:28:18.199,0.84735,0.8477,1.00,3.20
2009.03.05 03:28:30.476,0.8474,0.8477,1.00,1.00
2009.03.05 03:28:43.493,0.8474,0.84745,1.00,1.00
2009.03.05 03:28:43.883,0.8474,0.84755,1.00,1.00
2009.03.05 03:28:44.343,0.84725,0.8476,2.40,3.20
2009.03.05 03:28:44.703,0.8472,0.8475,1.00,1.00
2009.03.05 03:28:44.993,0.8472,0.84755,1.00,2.60
2009.03.05 03:28:45.213,0.84725,0.8476,1.00,2.60
2009.03.05 03:28:46.672,0.84725,0.8476,3.00,2.60
2009.03.05 03:28:47.692,0.84725,0.8476,2.40,2.60
2009.03.05 03:28:49.222,0.8473,0.84765,1.00,2.60
2009.03.05 03:28:49.402,0.84725,0.8476,2.40,2.60
2009.03.05 03:28:52.561,0.8472,0.8476,3.00,2.60
2009.03.05 03:28:52.671,0.84725,0.8476,3.00,2.60
2009.03.05 03:28:53.231,0.84725,0.8476,1.00,2.60
2009.03.05 03:28:53.890,0.84725,0.8476,3.00,2.60
2009.03.05 03:28:56.999,0.84725,0.8476,4.60,2.60
2009.03.05 03:28:59.639,0.84735,0.8476,2.40,2.60
2009.03.05 03:28:59.929,0.8474,0.8476,2.40,2.60
2009.03.05 03:29:00.259,0.8473,0.8475,2.00,1.00
2009.03.05 03:29:00.679,0.84725,0.8475,1.00,1.00
2009.03.05 03:29:02.918,0.8472,0.8475,1.00,1.00
2009.03.05 03:29:03.318,0.8472,0.84745,1.00,1.00
2009.03.05 03:29:03.658,0.8473,0.84745,1.00,1.00
2009.03.05 03:29:04.008,0.8472,0.84745,1.00,1.00
2009.03.05 03:29:04.368,0.8472,0.84755,1.00,2.20
2009.03.05 03:29:04.848,0.84725,0.84755,1.00,1.00
2009.03.05 03:29:05.068,0.84725,0.8476,1.00,2.60
2009.03.05 03:29:05.348,0.8473,0.84765,1.00,2.20
2009.03.05 03:29:05.689,0.8474,0.8477,1.00,1.60
2009.03.05 03:29:05.858,0.8473,0.84765,2.20,2.60
2009.03.05 03:29:06.438,0.8473,0.84765,7.00,2.60
2009.03.05 03:29:06.717,0.8473,0.84765,1.00,2.60
2009.03.05 03:29:08.617,0.84725,0.8476,1.00,2.60
2009.03.05 03:29:11.946,0.8473,0.8476,3.00,2.60
2009.03.05 03:29:12.276,0.84735,0.8477,1.80,2.60
2009.03.05 03:29:14.515,0.84735,0.8477,1.00,2.60
2009.03.05 03:29:15.465,0.84735,0.8477,1.80,2.60
2009.03.05 03:29:15.945,0.84735,0.8477,1.00,2.60
2009.03.05 03:29:19.944,0.84735,0.8477,1.00,2.60
2009.03.05 03:29:20.324,0.8473,0.84765,1.00,2.60
2009.03.05 03:29:20.494,0.84735,0.8477,1.00,2.60
2009.03.05 03:29:24.823,0.8474,0.84775,1.00,2.60
2009.03.05 03:29:25.113,0.84745,0.8478,1.00,2.60
2009.03.05 03:29:25.643,0.8474,0.84775,1.00,2.60
2009.03.05 03:29:27.013,0.84735,0.8477,1.00,2.60
2009.03.05 03:29:34.111,0.8473,0.8477,1.00,2.60
2009.03.05 03:29:39.010,0.84735,0.8477,1.00,2.60
2009.03.05 03:29:40.239,0.84735,0.8477,1.00,4.20
2009.03.05 03:29:40.299,0.84735,0.8477,1.00,4.80
2009.03.05 03:29:40.689,0.84735,0.8476,1.00,1.60
2009.03.05 03:29:41.039,0.8473,0.84765,1.00,4.00
2009.03.05 03:29:41.099,0.8473,0.8475,1.00,2.40
2009.03.05 03:29:41.459,0.8471,0.84745,1.00,2.60
2009.03.05 03:29:41.689,0.84715,0.84745,1.80,2.60
2009.03.05 03:29:42.029,0.8471,0.84745,1.00,2.60
2009.03.05 03:29:42.269,0.84715,0.8475,1.00,2.60
2009.03.05 03:29:43.239,0.8473,0.84765,1.00,2.60
2009.03.05 03:29:43.528,0.8472,0.8475,4.80,2.60
2009.03.05 03:29:43.639,0.8472,0.84755,1.00,2.60
2009.03.05 03:29:48.667,0.8472,0.84745,1.00,1.00
2009.03.05 03:29:48.837,0.84715,0.84745,1.00,1.00
2009.03.05 03:29:49.937,0.8472,0.84745,1.00,1.00
2009.03.05 03:29:52.296,0.8472,0.8474,1.00,1.00
2009.03.05 03:29:52.976,0.84715,0.8474,1.00,1.00
2009.03.05 03:30:00.884,0.8472,0.8474,1.00,1.00
2009.03.05 03:30:01.404,0.84715,0.8474,1.00,1.00
2009.03.05 03:30:02.724,0.84715,0.8474,1.00,1.40
2009.03.05 03:30:03.024,0.84715,0.8474,1.00,1.00
2009.03.05 03:30:06.303,0.84715,0.84735,1.00,1.00
2009.03.05 03:30:06.473,0.8471,0.84735,1.00,1.00
2009.03.05 03:30:18.690,0.8471,0.8474,1.00,1.00
2009.03.05 03:30:18.860,0.84715,0.8474,1.00,1.00
2009.03.05 03:30:23.279,0.84715,0.8473,1.00,1.00
2009.03.05 03:30:23.739,0.84705,0.8473,3.00,1.00
2009.03.05 03:30:26.468,0.84705,0.84725,1.00,1.00
2009.03.05 03:30:27.598,0.84705,0.8473,3.00,1.40
2009.03.05 03:30:27.778,0.84705,0.8473,3.00,1.00
2009.03.05 03:30:39.405,0.84705,0.84725,1.00,1.00
2009.03.05 03:30:41.594,0.84705,0.8473,3.00,1.00
2009.03.05 03:30:53.162,0.84705,0.84725,1.00,1.00
2009.03.05 03:30:53.732,0.847,0.84725,3.00,1.00
2009.03.05 03:30:54.202,0.84705,0.84725,1.00,1.00
2009.03.05 03:30:57.691,0.847,0.84725,3.00,1.00
2009.03.05 03:31:01.360,0.847,0.84735,3.00,1.00
2009.03.05 03:31:02.609,0.84705,0.84735,1.00,1.00
2009.03.05 03:31:08.548,0.8471,0.84735,1.00,1.00
2009.03.05 03:31:09.708,0.84715,0.84735,1.00,1.00
2009.03.05 03:31:10.297,0.84705,0.84735,1.00,1.00
2009.03.05 03:31:11.537,0.84705,0.84735,3.00,1.00
2009.03.05 03:31:11.907,0.8471,0.84735,1.00,1.00
2009.03.05 03:31:14.227,0.84715,0.8474,1.00,1.00
2009.03.05 03:31:17.516,0.84715,0.84735,1.00,1.00
2009.03.05 03:31:17.816,0.8471,0.84735,1.00,1.00
2009.03.05 03:31:18.256,0.8471,0.8474,3.00,1.40
2009.03.05 03:31:18.606,0.84715,0.8474,1.00,1.00
2009.03.05 03:31:19.515,0.8472,0.84745,2.40,1.00
2009.03.05 03:31:19.935,0.8472,0.84745,3.00,1.00
2009.03.05 03:31:20.105,0.84725,0.84745,1.00,1.00
2009.03.05 03:31:20.345,0.8472,0.84745,3.00,1.00
2009.03.05 03:31:22.145,0.84725,0.8475,2.40,1.80
2009.03.05 03:31:22.434,0.84725,0.8475,3.00,1.80
2009.03.05 03:31:22.594,0.84725,0.8475,3.00,1.00
2009.03.05 03:31:24.334,0.84725,0.8475,1.00,1.00
2009.03.05 03:31:24.694,0.8472,0.8475,1.00,1.00
2009.03.05 03:31:24.924,0.8473,0.84755,2.40,1.00
2009.03.05 03:31:25.424,0.8473,0.84755,3.00,1.00
2009.03.05 03:31:25.534,0.84725,0.8475,3.00,1.00
2009.03.05 03:31:25.984,0.8473,0.84755,1.00,1.00
2009.03.05 03:31:28.803,0.84725,0.8475,1.00,1.00
2009.03.05 03:31:29.213,0.84725,0.8475,3.00,1.00
2009.03.05 03:31:32.472,0.84725,0.84745,1.00,1.00
2009.03.05 03:31:32.942,0.8472,0.8475,2.20,1.00
2009.03.05 03:31:33.352,0.8472,0.84755,2.20,2.60
2009.03.05 03:31:33.762,0.84715,0.8474,3.00,1.00
2009.03.05 03:31:34.152,0.8472,0.8474,2.20,1.00
2009.03.05 03:31:34.622,0.8473,0.8476,1.00,1.00
2009.03.05 03:31:36.041,0.8473,0.8475,1.00,1.00
2009.03.05 03:31:36.271,0.84725,0.8475,3.00,1.00
2009.03.05 03:31:37.031,0.84735,0.8475,1.00,1.00
2009.03.05 03:31:37.681,0.84725,0.8475,3.00,1.00
2009.03.05 03:31:53.217,0.8473,0.84765,1.00,3.20
2009.03.05 03:31:53.757,0.84735,0.8477,1.00,2.60
2009.03.05 03:31:54.057,0.84735,0.8477,1.80,2.60
2009.03.05 03:31:54.297,0.84745,0.8478,1.00,2.60
2009.03.05 03:32:14.172,0.8474,0.84775,1.00,2.60
2009.03.05 03:32:14.572,0.84735,0.8477,1.60,2.60
2009.03.05 03:32:14.792,0.8473,0.8477,2.80,3.20
2009.03.05 03:32:14.962,0.8473,0.8477,2.20,3.20
2009.03.05 03:32:15.132,0.8473,0.84765,1.00,2.60
2009.03.05 03:32:23.490,0.84725,0.84765,1.00,2.60
2009.03.05 03:32:23.940,0.84725,0.8476,1.00,2.60
2009.03.05 03:32:27.760,0.84725,0.8476,1.00,2.60
2009.03.05 03:32:28.169,0.8472,0.8476,1.00,2.60
2009.03.05 03:32:30.958,0.84725,0.8476,1.00,2.60
2009.03.05 03:32:45.574,0.8472,0.84755,1.00,2.60
2009.03.05 03:32:46.884,0.84725,0.84755,2.40,2.60
2009.03.05 03:32:49.843,0.84725,0.8476,3.00,2.60
2009.03.05 03:33:08.939,0.8472,0.8476,2.20,3.20
2009.03.05 03:33:09.388,0.84725,0.8476,1.00,3.20
2009.03.05 03:33:14.177,0.8472,0.8476,1.00,3.20
2009.03.05 03:33:14.637,0.8472,0.84755,1.00,2.60
2009.03.05 03:33:17.407,0.84725,0.8476,1.00,3.20
2009.03.05 03:33:20.276,0.8472,0.8476,1.00,3.20
2009.03.05 03:33:20.386,0.84725,0.8476,1.00,3.20
2009.03.05 03:33:25.075,0.8472,0.8476,1.00,3.20
2009.03.05 03:33:25.465,0.8472,0.84755,1.00,2.60
2009.03.05 03:33:28.434,0.84725,0.8476,1.00,2.60
2009.03.05 03:33:28.664,0.84725,0.84765,1.00,2.60
2009.03.05 03:33:30.523,0.84725,0.8476,1.00,2.60
2009.03.05 03:33:31.783,0.84725,0.8476,1.00,3.20
2009.03.05 03:33:32.393,0.8472,0.8476,1.00,3.20
2009.03.05 03:33:32.683,0.84725,0.8476,1.00,3.20
2009.03.05 03:33:34.403,0.8472,0.84755,1.00,3.20
2009.03.05 03:33:34.753,0.8472,0.84755,1.00,2.60
2009.03.05 03:33:35.032,0.84715,0.8475,4.60,2.60
2009.03.05 03:33:35.212,0.84715,0.8475,3.00,2.60
2009.03.05 03:33:35.263,0.84715,0.8475,1.00,2.60
2009.03.05 03:33:35.732,0.84715,0.84745,1.00,1.00
2009.03.05 03:33:36.132,0.8471,0.84745,1.00,3.20
2009.03.05 03:33:36.412,0.8471,0.84745,1.00,2.60
2009.03.05 03:33:36.892,0.8471,0.84745,1.00,3.20
2009.03.05 03:33:37.522,0.8471,0.84745,1.00,2.60
2009.03.05 03:33:38.851,0.84715,0.8475,1.00,2.60
2009.03.05 03:33:39.501,0.84715,0.8475,1.00,3.20
2009.03.05 03:33:40.711,0.84715,0.8475,1.00,2.60
2009.03.05 03:33:41.621,0.8471,0.84745,1.00,2.60
2009.03.05 03:33:42.540,0.84705,0.8474,1.00,2.60
2009.03.05 03:33:42.941,0.8471,0.84745,1.00,2.60
2009.03.05 03:33:43.181,0.8471,0.8475,1.00,2.60
2009.03.05 03:33:43.770,0.8471,0.84745,1.00,2.60
2009.03.05 03:33:46.180,0.84705,0.8474,1.00,2.60
2009.03.05 03:33:54.748,0.84705,0.84745,1.00,3.20
2009.03.05 03:33:54.918,0.847,0.8474,1.00,2.60
2009.03.05 03:33:57.588,0.84705,0.8474,1.00,2.60
2009.03.05 03:33:58.057,0.847,0.8474,1.00,2.60
2009.03.05 03:33:58.407,0.84695,0.84725,4.80,2.60
2009.03.05 03:33:58.747,0.84685,0.8472,4.60,2.60
2009.03.05 03:33:59.037,0.8469,0.84725,1.00,2.60
2009.03.05 03:33:59.317,0.847,0.84735,1.00,2.60
2009.03.05 03:34:00.047,0.84695,0.84735,1.00,2.60
2009.03.05 03:34:00.216,0.847,0.84735,1.00,2.60
2009.03.05 03:34:00.446,0.84695,0.84735,1.00,2.60
2009.03.05 03:34:00.876,0.84695,0.8473,1.00,2.60
2009.03.05 03:34:08.774,0.847,0.84735,1.00,2.60
2009.03.05 03:34:09.184,0.84695,0.8473,1.00,2.60
2009.03.05 03:34:10.754,0.847,0.84735,1.00,2.60
2009.03.05 03:34:13.643,0.84695,0.8473,1.00,2.60
2009.03.05 03:34:14.113,0.847,0.84735,1.00,2.60
2009.03.05 03:34:14.693,0.84695,0.8473,1.00,2.60
2009.03.05 03:34:15.303,0.847,0.84735,1.00,2.60
2009.03.05 03:34:16.163,0.8469,0.84725,1.00,2.60
2009.03.05 03:34:16.332,0.84695,0.8473,1.00,2.60
2009.03.05 03:34:16.562,0.847,0.84735,1.00,3.20
2009.03.05 03:34:16.732,0.84695,0.8473,1.00,2.60
2009.03.05 03:34:17.742,0.847,0.84735,1.00,3.20
2009.03.05 03:34:18.312,0.847,0.84735,1.00,2.60
2009.03.05 03:34:18.432,0.84695,0.8473,1.00,2.60
2009.03.05 03:34:18.882,0.847,0.84735,1.00,2.60
2009.03.05 03:34:23.071,0.8469,0.84725,3.80,2.60
2009.03.05 03:34:23.181,0.84695,0.84735,1.00,3.20
2009.03.05 03:34:24.910,0.84695,0.84735,2.00,2.60
2009.03.05 03:34:25.420,0.84705,0.8474,1.00,2.60
2009.03.05 03:34:25.680,0.847,0.84735,1.00,2.60
2009.03.05 03:34:26.681,0.84695,0.84735,1.00,2.60
2009.03.05 03:34:27.070,0.847,0.84735,1.00,2.60
2009.03.05 03:34:27.420,0.84695,0.84735,3.00,2.60
2009.03.05 03:34:34.528,0.84695,0.8473,1.00,2.60
2009.03.05 03:34:41.247,0.84695,0.8473,3.00,2.60
2009.03.05 03:34:41.366,0.84695,0.8473,1.00,2.60
2009.03.05 03:34:41.596,0.84695,0.8473,3.00,2.60
2009.03.05 03:34:41.656,0.84695,0.84735,3.00,2.60
2009.03.05 03:34:42.976,0.847,0.84735,1.00,2.60
2009.03.05 03:34:43.656,0.84695,0.8473,1.00,2.60
2009.03.05 03:34:44.396,0.84685,0.8472,3.00,2.60
2009.03.05 03:34:46.735,0.84685,0.8472,7.80,2.60
2009.03.05 03:34:46.905,0.84695,0.8473,1.00,2.60
2009.03.05 03:34:47.585,0.8469,0.84725,3.00,2.60
2009.03.05 03:34:47.875,0.8469,0.84725,4.60,2.60
2009.03.05 03:34:48.125,0.84695,0.8473,1.00,2.60
2009.03.05 03:34:49.574,0.84685,0.8472,3.00,2.60
2009.03.05 03:34:51.954,0.84685,0.8472,4.40,2.60
2009.03.05 03:34:52.304,0.8469,0.8472,2.40,2.60
2009.03.05 03:34:52.634,0.8469,0.8472,4.00,2.60
2009.03.05 03:34:53.153,0.84695,0.8473,1.00,2.60
2009.03.05 03:34:53.453,0.8469,0.84725,1.00,2.60
2009.03.05 03:34:53.843,0.84695,0.8473,1.00,2.60
2009.03.05 03:34:55.303,0.84695,0.8473,1.00,3.20
2009.03.05 03:34:55.363,0.8469,0.84725,1.00,2.60
2009.03.05 03:34:59.662,0.8469,0.8473,1.00,3.20
2009.03.05 03:35:06.351,0.8469,0.84725,1.00,2.60
2009.03.05 03:35:06.760,0.84685,0.8472,1.00,2.60
2009.03.05 03:35:07.820,0.84685,0.84725,1.00,2.60
2009.03.05 03:35:08.220,0.8469,0.84725,1.00,2.60
2009.03.05 03:35:10.439,0.8469,0.84725,1.00,3.20
2009.03.05 03:35:10.739,0.84685,0.8472,1.00,2.60
2009.03.05 03:35:11.909,0.8468,0.84715,3.00,2.60
2009.03.05 03:35:12.369,0.84685,0.8472,1.00,2.60
2009.03.05 03:35:12.659,0.8469,0.84725,1.00,2.60
2009.03.05 03:35:17.548,0.8469,0.84725,1.00,3.20
2009.03.05 03:35:18.038,0.84685,0.8472,1.00,2.60
2009.03.05 03:35:19.767,0.8468,0.84715,1.00,2.60
2009.03.05 03:35:19.997,0.84685,0.8472,1.00,2.60
2009.03.05 03:35:22.316,0.84685,0.8472,1.00,3.20
2009.03.05 03:35:22.547,0.8468,0.84715,1.00,2.60
2009.03.05 03:35:23.016,0.84675,0.8471,1.00,2.60
2009.03.05 03:35:25.356,0.8467,0.84705,1.00,2.60
2009.03.05 03:35:28.855,0.8467,0.84705,1.80,2.60
2009.03.05 03:35:29.795,0.84675,0.8471,1.00,2.60
2009.03.05 03:35:30.185,0.8468,0.84715,1.00,2.60
2009.03.05 03:35:31.554,0.84685,0.8472,1.00,2.60
2009.03.05 03:35:34.164,0.8468,0.84715,1.00,2.60
2009.03.05 03:35:34.554,0.84685,0.8472,1.00,3.20
2009.03.05 03:35:34.863,0.8468,0.84715,1.00,2.60
2009.03.05 03:35:40.042,0.84675,0.84715,1.00,2.60
2009.03.05 03:35:40.862,0.8468,0.84715,1.00,2.60
2009.03.05 03:35:42.532,0.84675,0.84715,1.00,2.60
2009.03.05 03:35:44.061,0.84675,0.84715,1.00,3.20
2009.03.05 03:35:44.281,0.84675,0.8471,1.00,2.60
2009.03.05 03:35:56.703,0.8467,0.84705,1.00,2.60
2009.03.05 03:35:58.428,0.84665,0.84705,1.00,2.60
2009.03.05 03:35:58.988,0.84665,0.847,1.00,2.60
2009.03.05 03:36:08.265,0.8466,0.847,1.00,2.60
2009.03.05 03:36:09.125,0.8465,0.8469,4.60,2.60
2009.03.05 03:36:09.465,0.84645,0.84685,1.00,2.60
2009.03.05 03:36:10.145,0.84645,0.8468,1.00,2.60
2009.03.05 03:36:10.595,0.84635,0.84675,1.00,3.20
2009.03.05 03:36:11.065,0.84635,0.8467,1.00,2.60
2009.03.05 03:36:12.105,0.8463,0.8467,1.00,2.60
2009.03.05 03:36:12.274,0.84635,0.8467,1.00,2.60
2009.03.05 03:36:13.014,0.84635,0.84675,1.00,2.60
2009.03.05 03:36:13.414,0.8464,0.84675,1.00,2.60
2009.03.05 03:36:14.264,0.84645,0.8468,1.00,2.60
2009.03.05 03:36:14.654,0.84635,0.8467,1.00,2.60
2009.03.05 03:36:15.064,0.8464,0.84675,1.00,2.60
2009.03.05 03:36:16.683,0.8464,0.8468,1.00,2.60
2009.03.05 03:36:16.923,0.84645,0.8468,1.00,2.60
2009.03.05 03:36:20.683,0.8464,0.84675,1.00,2.60
2009.03.05 03:36:24.771,0.84645,0.8468,1.00,2.60
2009.03.05 03:36:35.579,0.8464,0.84675,1.00,2.60
2009.03.05 03:36:35.919,0.8464,0.8468,1.00,2.60
2009.03.05 03:36:36.189,0.84645,0.8468,1.80,2.60
2009.03.05 03:36:36.759,0.84645,0.8468,2.00,2.60
2009.03.05 03:36:37.108,0.84645,0.8468,1.80,2.60
2009.03.05 03:36:37.338,0.84645,0.8468,1.00,2.60
2009.03.05 03:36:41.627,0.8465,0.84685,1.00,2.60
2009.03.05 03:36:44.067,0.8465,0.84685,1.00,2.60
2009.03.05 03:36:44.237,0.84655,0.8469,1.00,2.60
2009.03.05 03:36:44.776,0.8465,0.8469,1.00,2.60
2009.03.05 03:36:45.656,0.84655,0.8469,1.00,2.60
2009.03.05 03:36:46.516,0.8466,0.84695,1.00,2.60
2009.03.05 03:36:47.926,0.8465,0.8469,7.00,2.60
2009.03.05 03:36:48.036,0.8465,0.8469,1.00,2.60
2009.03.05 03:36:50.735,0.8465,0.8469,2.00,2.60
2009.03.05 03:36:51.285,0.8466,0.84695,1.00,2.60
2009.03.05 03:36:56.544,0.84655,0.8469,1.00,2.60
2009.03.05 03:37:02.972,0.8466,0.84695,1.00,2.60
2009.03.05 03:37:11.160,0.84655,0.8469,1.00,2.60
2009.03.05 03:37:27.616,0.8465,0.8469,1.00,2.60
2009.03.05 03:37:29.356,0.84655,0.8469,1.00,2.60
2009.03.05 03:37:37.954,0.8466,0.84695,1.00,2.60
2009.03.05 03:37:51.431,0.8466,0.8469,2.40,2.60
2009.03.05 03:37:51.890,0.8466,0.84695,1.00,2.60
2009.03.05 03:37:52.230,0.84665,0.847,1.00,2.60
2009.03.05 03:37:52.890,0.8466,0.84695,1.00,2.60
2009.03.05 03:37:53.340,0.84665,0.847,1.00,2.60
2009.03.05 03:37:53.570,0.8466,0.84695,1.00,2.60
2009.03.05 03:37:57.169,0.84665,0.847,1.00,2.60
2009.03.05 03:37:57.469,0.8466,0.847,1.00,2.60
2009.03.05 03:38:01.358,0.8466,0.847,1.80,2.60
2009.03.05 03:38:01.478,0.8466,0.847,2.00,2.60
2009.03.05 03:38:01.928,0.84665,0.84705,1.00,2.60
2009.03.05 03:38:09.076,0.8466,0.847,1.00,2.60
2009.03.05 03:38:12.875,0.84665,0.847,1.00,2.60
2009.03.05 03:38:13.145,0.84665,0.84705,1.00,2.60
2009.03.05 03:38:13.505,0.8467,0.84705,1.00,2.60
2009.03.05 03:38:14.125,0.84675,0.8471,1.00,2.60
2009.03.05 03:38:14.745,0.8467,0.8471,1.00,2.60
2009.03.05 03:38:22.983,0.84675,0.84715,1.00,2.60
2009.03.05 03:38:23.433,0.8467,0.84705,1.00,2.60
2009.03.05 03:38:27.082,0.84675,0.84705,2.40,2.60
2009.03.05 03:38:34.760,0.84675,0.84705,4.00,2.60
2009.03.05 03:38:34.870,0.8468,0.8471,2.40,2.60
2009.03.05 03:38:35.879,0.84675,0.84705,2.40,2.60
2009.03.05 03:38:47.657,0.8467,0.84705,3.00,2.60
2009.03.05 03:38:47.777,0.84665,0.847,2.40,2.60
2009.03.05 03:38:48.296,0.84665,0.847,4.00,2.60
2009.03.05 03:38:48.457,0.84665,0.84705,4.60,2.60
2009.03.05 03:38:49.926,0.8467,0.84705,2.40,2.60
2009.03.05 03:38:50.326,0.8467,0.84705,4.00,2.60
2009.03.05 03:38:51.526,0.8467,0.84705,4.60,2.60
2009.03.05 03:38:51.866,0.8467,0.8471,4.60,2.60
2009.03.05 03:38:52.216,0.8467,0.8471,6.00,2.60
2009.03.05 03:38:52.446,0.84675,0.8471,1.80,2.60
2009.03.05 03:38:59.874,0.84675,0.8471,2.00,2.60
2009.03.05 03:39:00.324,0.84675,0.8471,6.00,2.60
2009.03.05 03:39:00.384,0.8468,0.84715,1.80,2.60
2009.03.05 03:39:04.123,0.84675,0.8471,1.80,2.60
2009.03.05 03:39:04.573,0.84675,0.8471,4.40,2.60
2009.03.05 03:39:04.873,0.84675,0.8471,6.00,2.60
2009.03.05 03:39:05.112,0.8468,0.84715,1.80,2.60
2009.03.05 03:39:13.600,0.8468,0.84715,1.00,2.60
2009.03.05 03:39:19.729,0.84675,0.84715,3.00,2.60
2009.03.05 03:39:28.037,0.84675,0.84715,4.40,2.60
2009.03.05 03:39:28.557,0.8468,0.84715,2.40,2.60
2009.03.05 03:39:28.607,0.8468,0.8472,3.00,2.60
2009.03.05 03:39:30.077,0.84685,0.8472,4.60,2.60
2009.03.05 03:39:30.476,0.8469,0.84725,1.00,2.60
2009.03.05 03:39:30.886,0.8469,0.84725,3.00,2.60
2009.03.05 03:39:31.056,0.8469,0.84725,4.60,2.60
2009.03.05 03:39:31.596,0.847,0.84725,2.40,2.60
2009.03.05 03:39:36.535,0.84705,0.8473,2.40,2.60
2009.03.05 03:39:36.825,0.84705,0.8473,4.00,2.60
2009.03.05 03:39:36.935,0.84715,0.8474,2.40,2.60
2009.03.05 03:39:37.515,0.84715,0.84745,2.40,2.60
2009.03.05 03:39:45.573,0.84715,0.84745,4.00,2.60
2009.03.05 03:39:45.744,0.8472,0.84745,2.40,2.60
2009.03.05 03:39:48.462,0.8472,0.8475,2.40,2.60
2009.03.05 03:39:58.090,0.84715,0.8475,2.40,2.60
2009.03.05 03:39:58.270,0.84715,0.84745,2.40,2.60
2009.03.05 03:40:01.369,0.84715,0.84745,4.00,2.60
2009.03.05 03:40:01.429,0.8472,0.84745,2.40,2.60
2009.03.05 03:40:01.879,0.8472,0.8475,2.40,2.60
2009.03.05 03:40:09.477,0.8472,0.84745,2.40,2.60
2009.03.05 03:40:10.997,0.84715,0.84745,2.40,2.60
2009.03.05 03:40:28.233,0.8471,0.84745,2.40,2.60
2009.03.05 03:40:30.092,0.84705,0.84745,3.00,2.60
2009.03.05 03:40:30.272,0.84705,0.8474,3.00,2.60
2009.03.05 03:40:32.162,0.84705,0.8474,3.00,3.20
2009.03.05 03:40:32.561,0.84705,0.8473,2.40,2.60
2009.03.05 03:40:32.611,0.84695,0.8473,1.00,3.20
2009.03.05 03:40:33.031,0.84685,0.8472,2.20,2.60
2009.03.05 03:40:33.371,0.84685,0.84725,3.00,2.60
2009.03.05 03:40:33.601,0.8469,0.84725,2.40,2.60
2009.03.05 03:40:33.951,0.8469,0.84725,1.00,2.60
2009.03.05 03:40:34.301,0.84685,0.84725,3.00,2.60
2009.03.05 03:40:35.841,0.84685,0.8472,1.00,2.60
2009.03.05 03:40:41.170,0.8468,0.84715,1.00,2.60
2009.03.05 03:40:42.569,0.8468,0.84715,3.00,2.60
2009.03.05 03:40:42.859,0.84685,0.8472,1.00,2.60
2009.03.05 03:40:43.719,0.8468,0.8472,3.00,2.60
2009.03.05 03:40:44.408,0.84685,0.8472,1.00,2.60
2009.03.05 03:40:49.397,0.8468,0.8472,3.00,2.60
2009.03.05 03:40:49.658,0.8468,0.84715,3.00,2.60
2009.03.05 03:40:50.157,0.8468,0.84715,2.40,2.60
2009.03.05 03:40:51.057,0.8468,0.84715,3.00,2.60
2009.03.05 03:40:53.486,0.8468,0.8471,2.40,2.60
2009.03.05 03:40:53.946,0.8468,0.84715,3.00,2.60
2009.03.05 03:40:56.186,0.8468,0.84715,1.00,2.60
2009.03.05 03:40:56.416,0.84675,0.8471,4.60,2.60
2009.03.05 03:40:56.596,0.84675,0.84715,1.00,2.60
2009.03.05 03:40:57.325,0.8467,0.84705,2.00,2.60
2009.03.05 03:40:57.706,0.8467,0.84705,1.00,2.60
2009.03.05 03:40:57.925,0.84665,0.847,3.00,2.60
2009.03.05 03:40:58.105,0.8467,0.84705,1.00,2.60
2009.03.05 03:40:58.695,0.84665,0.847,3.00,2.60
2009.03.05 03:40:59.555,0.8467,0.84705,1.00,2.60
2009.03.05 03:40:59.845,0.84675,0.8471,1.00,2.60
2009.03.05 03:41:01.744,0.84675,0.84715,1.00,2.60
2009.03.05 03:41:01.974,0.84675,0.8471,1.00,2.60
2009.03.05 03:41:02.084,0.8467,0.8471,1.00,2.60
2009.03.05 03:41:02.764,0.84675,0.8471,1.00,2.60
2009.03.05 03:41:03.354,0.8467,0.8471,1.00,2.60
2009.03.05 03:41:03.634,0.84675,0.8471,1.00,2.60
2009.03.05 03:41:04.344,0.8467,0.8471,1.00,2.60
2009.03.05 03:41:04.733,0.84675,0.8471,1.00,2.60
2009.03.05 03:41:05.213,0.8467,0.8471,1.00,2.60
2009.03.05 03:41:06.683,0.84675,0.8471,1.00,2.60
2009.03.05 03:41:07.263,0.8467,0.8471,1.00,2.60
2009.03.05 03:41:08.523,0.84675,0.8471,1.00,2.60
2009.03.05 03:41:10.742,0.84675,0.84715,1.00,2.60
2009.03.05 03:41:11.442,0.84675,0.8471,1.00,2.60
2009.03.05 03:41:12.522,0.8468,0.84715,1.00,3.20
2009.03.05 03:41:12.692,0.84675,0.8471,1.00,2.60
2009.03.05 03:41:13.531,0.8468,0.84715,1.00,3.20
2009.03.05 03:41:14.211,0.8468,0.84715,1.00,2.60
2009.03.05 03:41:16.131,0.84675,0.8471,1.00,2.60
2009.03.05 03:41:42.224,0.8467,0.8471,1.00,2.60
2009.03.05 03:41:44.304,0.8467,0.84705,1.00,2.60
2009.03.05 03:41:46.264,0.84665,0.847,1.00,2.60
2009.03.05 03:41:48.913,0.84665,0.847,1.00,3.20
2009.03.05 03:41:48.973,0.8466,0.84695,1.00,2.60
2009.03.05 03:41:49.263,0.84655,0.8469,1.00,2.60
2009.03.05 03:41:51.122,0.84655,0.8469,4.60,2.60
2009.03.05 03:41:51.582,0.84665,0.847,1.00,2.60
2009.03.05 03:41:52.792,0.8466,0.84695,1.00,2.60
2009.03.05 03:41:57.331,0.84665,0.847,1.00,2.60
2009.03.05 03:42:06.699,0.8466,0.84695,1.00,2.60
2009.03.05 03:42:22.545,0.84655,0.8469,1.00,2.60
2009.03.05 03:42:22.895,0.84655,0.84695,1.00,2.60
2009.03.05 03:42:23.404,0.8466,0.84695,1.00,2.60
2009.03.05 03:42:24.295,0.84655,0.8469,1.00,2.60
2009.03.05 03:42:24.694,0.8465,0.84685,1.80,2.60
2009.03.05 03:42:25.094,0.8465,0.84685,1.00,2.60
2009.03.05 03:42:25.884,0.84645,0.8468,1.00,2.60
2009.03.05 03:42:26.694,0.8465,0.84685,1.00,2.60
2009.03.05 03:42:27.034,0.84645,0.8468,1.00,2.60
2009.03.05 03:42:27.784,0.8465,0.84685,1.00,2.60
2009.03.05 03:42:28.003,0.8465,0.84685,1.00,3.20
2009.03.05 03:42:28.394,0.84645,0.8468,1.00,2.60
2009.03.05 03:42:29.253,0.8465,0.84685,1.00,2.60
2009.03.05 03:42:32.143,0.84645,0.8468,1.00,2.60
2009.03.05 03:42:32.263,0.84655,0.8469,1.00,3.20
2009.03.05 03:42:32.612,0.8465,0.84685,1.00,2.60
2009.03.05 03:42:32.882,0.8465,0.8469,1.00,3.20
2009.03.05 03:42:42.130,0.8465,0.8469,1.00,2.60
2009.03.05 03:42:42.590,0.8465,0.84685,1.00,2.60
2009.03.05 03:42:42.880,0.8465,0.8469,1.00,2.60
2009.03.05 03:42:43.710,0.8465,0.84685,1.00,2.60
2009.03.05 03:42:44.120,0.84655,0.8469,1.00,3.20
2009.03.05 03:42:44.979,0.8465,0.84685,1.00,2.60
2009.03.05 03:42:50.398,0.8465,0.8469,1.00,3.20
2009.03.05 03:42:52.388,0.84655,0.8469,1.00,3.20
2009.03.05 03:42:54.147,0.8465,0.84685,1.00,2.60
2009.03.05 03:42:57.846,0.84655,0.8469,1.00,2.60
2009.03.05 03:42:58.606,0.8466,0.84695,1.00,2.60
2009.03.05 03:42:59.066,0.84665,0.847,4.60,2.60
2009.03.05 03:42:59.526,0.8467,0.8471,1.00,2.60
2009.03.05 03:42:59.926,0.84675,0.8471,1.00,2.60
2009.03.05 03:43:01.865,0.8467,0.84705,1.00,2.60
2009.03.05 03:43:02.385,0.8467,0.84705,3.00,2.60
2009.03.05 03:43:02.495,0.8467,0.84705,4.60,2.60
2009.03.05 03:43:02.665,0.8467,0.84705,6.00,2.60
2009.03.05 03:43:10.343,0.8467,0.84705,4.60,2.60
2009.03.05 03:43:10.623,0.8467,0.84705,1.80,2.60
2009.03.05 03:43:10.803,0.84665,0.847,6.00,2.60
2009.03.05 03:43:11.993,0.84665,0.847,4.60,2.60
2009.03.05 03:43:12.043,0.84665,0.847,2.00,2.60
2009.03.05 03:43:12.383,0.8467,0.84705,1.00,2.60
2009.03.05 03:43:12.443,0.84665,0.84695,1.60,2.60
2009.03.05 03:43:20.371,0.84675,0.84695,2.40,2.60
2009.03.05 03:43:21.020,0.84675,0.847,2.40,2.60
2009.03.05 03:43:37.937,0.84675,0.84705,2.40,2.60
2009.03.05 03:44:02.981,0.8468,0.8471,2.40,2.60
2009.03.05 03:44:03.491,0.84675,0.84715,4.60,2.60
2009.03.05 03:44:03.721,0.84675,0.84705,2.40,2.60
2009.03.05 03:44:04.310,0.84675,0.8471,2.40,2.60
2009.03.05 03:44:05.240,0.8468,0.8471,2.40,2.60
2009.03.05 03:44:06.170,0.8468,0.84715,2.40,2.60
2009.03.05 03:44:06.800,0.8468,0.8471,2.40,2.60
2009.03.05 03:44:06.919,0.8468,0.8471,4.00,2.60
2009.03.05 03:44:07.320,0.8468,0.84715,4.00,2.60
2009.03.05 03:44:08.179,0.8468,0.8471,4.00,2.60
2009.03.05 03:44:08.709,0.8468,0.8471,2.40,2.60
2009.03.05 03:44:09.119,0.8468,0.8471,4.00,2.60
2009.03.05 03:44:09.449,0.84685,0.84715,2.40,2.60
2009.03.05 03:44:10.659,0.84685,0.8471,2.40,2.60
2009.03.05 03:44:16.468,0.8468,0.8471,2.40,2.60
2009.03.05 03:44:16.687,0.8467,0.84705,4.60,2.60
2009.03.05 03:44:16.917,0.8467,0.847,4.00,2.60
2009.03.05 03:44:19.187,0.8467,0.847,2.40,2.60
2009.03.05 03:44:19.547,0.8467,0.84695,2.40,2.60
2009.03.05 03:44:30.944,0.8467,0.847,2.40,2.60
2009.03.05 03:44:31.763,0.84685,0.847,2.40,2.60
2009.03.05 03:44:31.984,0.84685,0.8471,2.40,2.60
2009.03.05 03:44:47.710,0.84685,0.84705,2.40,2.60
2009.03.05 03:44:48.240,0.8468,0.84705,2.40,1.00
2009.03.05 03:44:48.460,0.84675,0.847,1.00,1.00
2009.03.05 03:44:48.759,0.8467,0.847,2.20,1.00
2009.03.05 03:44:48.939,0.8467,0.847,1.00,1.00
2009.03.05 03:44:49.100,0.84665,0.847,3.00,1.00
2009.03.05 03:44:50.069,0.84665,0.847,3.00,3.20
2009.03.05 03:44:50.999,0.8467,0.847,3.00,1.00
2009.03.05 03:45:02.136,0.8467,0.84705,3.00,3.20
2009.03.05 03:45:05.316,0.84675,0.84705,2.40,3.20
2009.03.05 03:45:05.775,0.84675,0.84705,3.00,1.00
2009.03.05 03:45:06.415,0.8467,0.84705,3.00,3.20
2009.03.05 03:45:14.043,0.84675,0.84705,2.40,2.60
2009.03.05 03:45:14.343,0.84675,0.8471,3.00,3.20
2009.03.05 03:45:16.063,0.8468,0.8471,2.40,2.60
2009.03.05 03:45:16.593,0.8468,0.84715,2.40,3.20
2009.03.05 03:45:16.832,0.8468,0.8471,2.40,2.60
2009.03.05 03:45:17.122,0.8468,0.84715,2.40,3.20
2009.03.05 03:45:17.353,0.8468,0.8471,2.40,2.60
2009.03.05 03:45:19.262,0.84685,0.8471,2.40,2.60
2009.03.05 03:45:19.602,0.84685,0.84715,2.40,3.20
2009.03.05 03:45:21.352,0.8468,0.84715,2.40,3.20
2009.03.05 03:45:21.521,0.84675,0.8471,3.00,1.00
2009.03.05 03:45:21.941,0.84675,0.8471,3.00,3.20
2009.03.05 03:45:32.799,0.8468,0.8471,2.40,2.60
2009.03.05 03:45:33.138,0.8468,0.84715,2.40,3.20
2009.03.05 03:46:01.932,0.84685,0.84715,2.40,3.20
2009.03.05 03:46:07.800,0.8468,0.84715,2.40,3.20
2009.03.05 03:46:17.348,0.8468,0.84715,4.20,3.20
2009.03.05 03:46:17.738,0.84685,0.84715,2.40,2.60
2009.03.05 03:46:18.038,0.84685,0.84715,3.00,1.00
2009.03.05 03:46:18.448,0.8468,0.84715,3.00,3.20
2009.03.05 03:46:18.619,0.8468,0.84715,2.40,3.20
2009.03.05 03:46:19.418,0.84685,0.84715,2.40,3.20
2009.03.05 03:46:20.227,0.8468,0.84715,3.00,3.20
2009.03.05 03:46:20.847,0.8468,0.8471,3.00,1.00
2009.03.05 03:46:21.077,0.8468,0.8471,2.40,1.00
2009.03.05 03:46:22.417,0.8468,0.84715,2.40,3.20
2009.03.05 03:46:22.527,0.8468,0.84715,3.00,3.20
2009.03.05 03:46:24.286,0.84685,0.84715,2.40,2.60
2009.03.05 03:46:24.516,0.8469,0.8472,2.40,2.60
2009.03.05 03:46:25.076,0.8469,0.84725,3.00,3.20
2009.03.05 03:46:25.246,0.84695,0.8473,3.00,3.20
2009.03.05 03:46:27.345,0.84695,0.84725,3.00,1.00
2009.03.05 03:46:28.215,0.8469,0.8472,3.00,1.00
2009.03.05 03:46:34.793,0.8469,0.84715,2.20,1.00
2009.03.05 03:46:34.964,0.84685,0.84715,3.00,1.00
2009.03.05 03:46:35.544,0.8469,0.8472,1.00,1.00
2009.03.05 03:46:37.853,0.84695,0.84725,2.40,3.20
2009.03.05 03:46:37.973,0.84695,0.84725,3.00,1.00
2009.03.05 03:46:48.380,0.84695,0.8473,3.00,2.60
2009.03.05 03:46:48.901,0.847,0.84735,1.00,3.20
2009.03.05 03:46:49.132,0.847,0.84735,1.00,1.00
2009.03.05 03:46:58.488,0.847,0.8473,1.00,1.00
2009.03.05 03:47:09.755,0.847,0.84725,1.00,1.00
2009.03.05 03:47:09.875,0.84695,0.84725,3.00,1.00
2009.03.05 03:47:28.621,0.84695,0.8472,1.00,1.00
2009.03.05 03:47:28.791,0.8469,0.8472,3.00,1.00
2009.03.05 03:47:35.269,0.8469,0.8471,1.00,1.00
2009.03.05 03:47:35.739,0.8468,0.8471,3.00,1.00
2009.03.05 03:47:35.969,0.84685,0.84715,2.40,3.20
2009.03.05 03:47:36.379,0.8469,0.8472,3.00,1.00
2009.03.05 03:47:36.909,0.8469,0.8472,3.00,1.80
2009.03.05 03:47:41.428,0.84695,0.84725,2.40,3.20
2009.03.05 03:47:41.608,0.84695,0.84725,3.00,1.00
2009.03.05 03:47:52.105,0.84695,0.8472,1.00,1.00
2009.03.05 03:47:52.565,0.8469,0.8472,3.00,1.00
2009.03.05 03:47:58.094,0.84695,0.84725,2.40,3.20
2009.03.05 03:47:58.203,0.84695,0.84725,3.00,1.00
2009.03.05 03:48:22.887,0.84705,0.84725,2.40,1.00
2009.03.05 03:48:23.188,0.847,0.84725,1.80,1.00
2009.03.05 03:48:23.357,0.84695,0.84725,3.00,1.00
2009.03.05 03:48:25.677,0.84695,0.84725,2.40,3.20
2009.03.05 03:48:26.017,0.84695,0.84725,3.00,1.00
2009.03.05 03:48:30.236,0.84695,0.84725,2.40,1.00
2009.03.05 03:48:30.576,0.84695,0.84725,3.00,1.00
2009.03.05 03:48:33.125,0.84695,0.84725,2.40,1.00
2009.03.05 03:48:33.465,0.84695,0.84725,2.40,3.20
2009.03.05 03:48:51.770,0.8469,0.8472,1.00,1.00
2009.03.05 03:48:52.410,0.84685,0.8472,3.00,3.20
2009.03.05 03:49:01.098,0.8468,0.8472,3.60,3.20
2009.03.05 03:49:01.388,0.8468,0.84715,2.20,2.60
2009.03.05 03:49:01.558,0.84675,0.84715,1.00,2.60
2009.03.05 03:49:01.738,0.84675,0.84715,1.00,3.20
2009.03.05 03:49:02.138,0.84675,0.84715,1.00,2.60
2009.03.05 03:49:07.927,0.84675,0.84715,3.00,2.60
2009.03.05 03:49:08.037,0.8468,0.84715,1.00,2.60
2009.03.05 03:49:36.070,0.8468,0.8472,1.00,3.20
2009.03.05 03:49:36.240,0.84685,0.84715,1.00,1.00
2009.03.05 03:49:36.570,0.8468,0.84715,1.00,1.00
2009.03.05 03:49:36.800,0.84685,0.84715,1.00,1.00
2009.03.05 03:49:40.429,0.8469,0.84715,1.00,1.00
2009.03.05 03:49:40.789,0.8468,0.84705,5.20,1.00
2009.03.05 03:49:41.139,0.8468,0.84705,1.00,1.00
2009.03.05 03:49:49.037,0.8468,0.84715,1.00,4.80
2009.03.05 03:49:49.327,0.8469,0.84715,1.00,1.00
2009.03.05 03:49:54.465,0.84685,0.8471,1.00,1.00
2009.03.05 03:50:14.421,0.84685,0.84715,1.00,1.00
2009.03.05 03:50:14.541,0.8469,0.84715,1.00,1.00
2009.03.05 03:50:21.109,0.84695,0.8472,1.00,1.00
2009.03.05 03:50:25.438,0.84695,0.84715,1.00,1.00
2009.03.05 03:50:25.608,0.8469,0.84715,1.00,1.00
2009.03.05 03:50:42.154,0.84685,0.8471,1.00,1.00
2009.03.05 03:50:42.664,0.8468,0.8471,1.00,1.00
2009.03.05 03:50:48.162,0.8468,0.84705,1.00,1.00
2009.03.05 03:50:48.552,0.84675,0.8471,1.00,3.20
2009.03.05 03:50:49.012,0.8468,0.8471,1.00,1.00
2009.03.05 03:51:14.746,0.8468,0.8471,1.00,2.20
2009.03.05 03:51:15.106,0.84675,0.847,1.00,1.00
2009.03.05 03:51:15.846,0.84675,0.8471,1.00,3.20
2009.03.05 03:51:16.206,0.8468,0.8471,1.00,1.00
2009.03.05 03:51:28.304,0.8468,0.84715,1.00,2.60
2009.03.05 03:51:28.662,0.8469,0.8472,1.00,1.00
2009.03.05 03:51:29.053,0.8469,0.84725,1.00,1.00
2009.03.05 03:51:29.662,0.84695,0.84725,1.00,1.00
2009.03.05 03:51:30.952,0.84695,0.84725,1.00,3.00
2009.03.05 03:51:31.522,0.8469,0.84715,1.00,1.00
2009.03.05 03:51:31.742,0.84685,0.84715,1.00,1.40
2009.03.05 03:51:32.851,0.84685,0.8471,1.00,1.00
2009.03.05 03:51:33.471,0.8468,0.8471,1.00,1.00
2009.03.05 03:52:25.619,0.84675,0.8471,1.00,3.20
2009.03.05 03:52:30.088,0.8468,0.8471,1.00,1.00
2009.03.05 03:52:33.607,0.84675,0.8471,1.00,1.00
2009.03.05 03:52:33.907,0.8468,0.8471,1.00,1.00
2009.03.05 03:52:35.146,0.84685,0.8471,2.40,1.00
2009.03.05 03:52:36.156,0.8468,0.8471,1.00,1.00
2009.03.05 03:52:42.585,0.8469,0.8472,2.40,3.20
2009.03.05 03:52:46.914,0.8468,0.84715,3.00,3.20
2009.03.05 03:52:47.093,0.8468,0.84715,1.00,3.20
2009.03.05 03:52:47.553,0.84685,0.84715,1.00,1.00
2009.03.05 03:52:48.183,0.8468,0.84715,1.00,3.20
2009.03.05 03:52:49.463,0.84685,0.84715,1.00,1.00
2009.03.05 03:52:49.523,0.8468,0.84715,1.00,3.20
2009.03.05 03:52:50.493,0.84685,0.84715,1.00,1.00
2009.03.05 03:52:50.833,0.84675,0.8471,1.00,2.60
2009.03.05 03:52:51.292,0.84685,0.84715,1.00,1.00
2009.03.05 03:52:51.472,0.84685,0.84715,1.00,4.60
2009.03.05 03:52:51.893,0.84685,0.84715,1.00,5.80
2009.03.05 03:52:52.062,0.84675,0.8471,1.00,2.60
2009.03.05 03:52:55.512,0.8468,0.84715,1.00,3.20
2009.03.05 03:52:55.981,0.84675,0.8471,1.00,2.60
2009.03.05 03:52:56.671,0.8467,0.84705,1.00,2.60
2009.03.05 03:52:57.371,0.8467,0.8471,1.00,2.60
2009.03.05 03:52:57.541,0.84675,0.8471,1.00,2.60
2009.03.05 03:52:58.351,0.8468,0.84715,1.00,3.20
2009.03.05 03:52:58.511,0.8467,0.84705,1.00,2.60
2009.03.05 03:53:00.990,0.84675,0.8471,1.00,2.60
2009.03.05 03:53:01.400,0.8468,0.84715,1.00,3.20
2009.03.05 03:53:36.292,0.8468,0.84715,1.00,2.60
2009.03.05 03:53:36.522,0.84685,0.8472,1.00,3.20
2009.03.05 03:53:40.321,0.84685,0.8472,5.20,2.60
2009.03.05 03:53:40.731,0.847,0.84715,1.00,1.00
2009.03.05 03:53:41.020,0.8469,0.84715,7.00,1.00
2009.03.05 03:53:41.870,0.8469,0.8472,1.00,1.00
2009.03.05 03:53:43.840,0.8469,0.84715,1.00,1.00
2009.03.05 03:53:45.069,0.8469,0.8471,1.00,1.00
2009.03.05 03:53:45.760,0.84685,0.8471,1.00,1.00
2009.03.05 03:54:07.394,0.8468,0.8471,1.00,1.00
2009.03.05 03:54:07.784,0.84685,0.8471,1.00,1.00
2009.03.05 03:54:22.891,0.84685,0.84715,1.00,1.00
2009.03.05 03:54:23.010,0.8469,0.84715,1.00,1.00
2009.03.05 03:54:24.350,0.84685,0.84715,1.00,1.00
2009.03.05 03:54:25.550,0.8468,0.84715,3.00,3.20
2009.03.05 03:54:38.327,0.8468,0.8471,1.00,1.00
2009.03.05 03:54:38.437,0.84685,0.8471,1.00,1.00
2009.03.05 03:54:38.707,0.84675,0.8471,2.40,3.20
2009.03.05 03:54:48.784,0.8467,0.84705,3.00,1.00
2009.03.05 03:54:48.954,0.8467,0.847,3.00,1.00
2009.03.05 03:54:49.234,0.8467,0.84695,1.00,1.00
2009.03.05 03:54:49.354,0.84675,0.84695,1.00,1.00
2009.03.05 03:54:49.754,0.84665,0.84695,2.20,1.00
2009.03.05 03:54:49.924,0.84665,0.8469,1.00,1.00
2009.03.05 03:54:50.264,0.84665,0.8469,1.00,2.00
2009.03.05 03:54:50.435,0.84665,0.8468,1.00,1.40
2009.03.05 03:54:50.904,0.84655,0.8468,1.00,1.00
2009.03.05 03:54:51.304,0.84655,0.84685,1.00,1.00
2009.03.05 03:54:52.273,0.84655,0.8469,3.00,3.20
2009.03.05 03:54:52.443,0.84665,0.8469,1.00,1.80
2009.03.05 03:54:58.832,0.84665,0.84695,1.00,1.00
2009.03.05 03:55:05.931,0.84665,0.84695,3.00,1.00
2009.03.05 03:55:06.220,0.8467,0.84695,1.00,1.00
2009.03.05 03:55:06.570,0.84665,0.84695,1.00,1.00
2009.03.05 03:55:10.249,0.84665,0.84695,3.00,1.00
2009.03.05 03:55:10.369,0.8467,0.84695,1.00,1.00
2009.03.05 03:55:20.686,0.84665,0.84695,1.00,1.00
2009.03.05 03:55:25.285,0.84665,0.84695,3.00,1.00
2009.03.05 03:55:25.855,0.8467,0.84695,1.00,1.00
2009.03.05 03:55:37.362,0.8467,0.84695,2.00,1.00
2009.03.05 03:55:37.473,0.84685,0.8471,1.00,1.00
2009.03.05 03:55:38.042,0.8468,0.8471,1.00,1.00
2009.03.05 03:55:48.300,0.84685,0.8471,1.00,1.00
2009.03.05 03:55:53.809,0.84685,0.84705,1.00,1.00
2009.03.05 03:55:54.268,0.8468,0.84705,1.00,1.00
2009.03.05 03:55:54.848,0.84675,0.84705,1.00,1.00
2009.03.05 03:55:55.078,0.8468,0.84705,1.00,1.00
2009.03.05 03:55:55.318,0.84675,0.84705,1.00,1.00
2009.03.05 03:55:56.698,0.8468,0.84705,1.00,1.00
2009.03.05 03:55:59.357,0.84675,0.84705,1.00,1.00
2009.03.05 03:56:03.206,0.8467,0.84705,1.00,3.20
2009.03.05 03:56:10.684,0.8467,0.84705,3.00,2.60
2009.03.05 03:56:11.254,0.8468,0.8471,1.00,1.00
2009.03.05 03:56:17.003,0.84675,0.8471,1.00,1.00
2009.03.05 03:56:25.401,0.84675,0.84705,1.00,1.00
2009.03.05 03:56:26.041,0.8467,0.84705,1.00,3.20
2009.03.05 03:56:28.220,0.8467,0.8471,1.00,2.60
2009.03.05 03:56:28.660,0.84675,0.8471,1.00,2.60
2009.03.05 03:56:36.018,0.84675,0.84705,1.00,1.00
2009.03.05 03:56:36.198,0.8467,0.84705,1.00,2.60
2009.03.05 03:56:36.658,0.8467,0.8471,1.00,2.60
2009.03.05 03:56:36.998,0.84675,0.84705,1.00,1.00
2009.03.05 03:56:37.578,0.8467,0.84705,1.00,3.20
2009.03.05 03:56:38.038,0.8467,0.84705,1.00,2.60
2009.03.05 03:56:38.528,0.8467,0.84705,1.00,3.20
2009.03.05 03:56:38.588,0.8467,0.84705,1.00,1.00
2009.03.05 03:56:38.878,0.8467,0.84705,1.00,3.20
2009.03.05 03:56:39.387,0.8467,0.84705,1.00,2.60
2009.03.05 03:56:39.867,0.8467,0.84705,1.00,1.00
2009.03.05 03:56:40.037,0.8467,0.84705,1.00,3.20
2009.03.05 03:56:40.387,0.8467,0.84705,1.00,2.60
2009.03.05 03:56:40.897,0.8467,0.8471,1.00,2.60
2009.03.05 03:56:42.727,0.8467,0.8469,1.00,1.00
2009.03.05 03:56:43.006,0.84665,0.84695,6.60,3.20
2009.03.05 03:56:43.406,0.84665,0.847,1.00,2.60
2009.03.05 03:56:43.826,0.8467,0.84705,1.00,1.00
2009.03.05 03:56:44.166,0.8467,0.84705,1.00,3.20
2009.03.05 03:56:44.796,0.8467,0.84705,2.40,2.60
2009.03.05 03:56:45.196,0.84675,0.8471,1.00,2.60
2009.03.05 03:56:45.596,0.8468,0.84715,1.00,3.20
2009.03.05 03:56:53.264,0.8468,0.8471,1.00,1.00
2009.03.05 03:56:53.484,0.84675,0.8471,1.00,3.20
2009.03.05 03:57:06.831,0.84675,0.8471,3.00,2.60
2009.03.05 03:57:07.760,0.8468,0.84715,1.00,3.20
2009.03.05 03:57:10.910,0.84675,0.84705,1.00,1.00
2009.03.05 03:57:11.080,0.8467,0.84705,3.00,2.60
2009.03.05 03:57:11.640,0.84675,0.8471,1.00,3.20
2009.03.05 03:57:14.619,0.84675,0.8471,3.00,2.60
2009.03.05 03:57:14.789,0.8468,0.84715,1.00,3.20
2009.03.05 03:57:17.718,0.8468,0.8471,1.00,1.00
2009.03.05 03:57:18.008,0.84675,0.8471,1.00,3.20
2009.03.05 03:57:20.068,0.84675,0.8471,3.00,2.60
2009.03.05 03:57:20.488,0.8468,0.84715,1.00,3.20
2009.03.05 03:57:25.136,0.8468,0.8471,1.00,1.00
2009.03.05 03:57:25.316,0.84675,0.8471,1.00,3.20
2009.03.05 03:57:27.787,0.84675,0.8471,3.00,2.60
2009.03.05 03:57:28.066,0.8468,0.84715,1.00,3.20
2009.03.05 03:57:29.425,0.8468,0.8471,1.00,1.00
2009.03.05 03:57:29.485,0.84675,0.8471,1.00,3.20
2009.03.05 03:57:56.699,0.8468,0.84715,1.00,3.20
2009.03.05 03:57:57.728,0.8468,0.8471,1.00,1.00
2009.03.05 03:57:57.968,0.84675,0.8471,1.00,3.20
2009.03.05 03:58:04.007,0.8468,0.84715,1.00,3.20
2009.03.05 03:58:10.295,0.8468,0.8471,1.00,1.00
2009.03.05 03:58:11.065,0.84675,0.8471,1.00,1.00
2009.03.05 03:58:16.054,0.84675,0.8471,1.00,2.20
2009.03.05 03:58:16.544,0.84675,0.8471,1.00,4.80
2009.03.05 03:58:18.743,0.84675,0.8471,1.00,3.20
2009.03.05 03:58:19.383,0.84675,0.8471,1.00,4.80
2009.03.05 03:58:19.543,0.84675,0.84705,1.00,1.00
2009.03.05 03:58:19.653,0.8467,0.84705,1.00,3.20
2009.03.05 03:58:21.153,0.8467,0.84705,1.00,4.80
2009.03.05 03:58:21.373,0.84665,0.847,1.00,2.60
2009.03.05 03:58:22.293,0.8467,0.84705,1.00,2.60
2009.03.05 03:58:28.901,0.8467,0.84705,1.00,3.20
2009.03.05 03:58:29.591,0.84665,0.847,1.00,2.60
2009.03.05 03:58:32.180,0.8466,0.847,1.00,2.60
2009.03.05 03:58:32.600,0.8466,0.847,1.00,4.80
2009.03.05 03:58:33.010,0.8466,0.84695,1.00,2.60
2009.03.05 03:58:33.480,0.84655,0.8469,1.00,2.60
2009.03.05 03:58:34.109,0.8466,0.84695,1.00,2.60
2009.03.05 03:58:35.329,0.8466,0.84695,1.00,3.20
2009.03.05 03:58:35.509,0.8465,0.8469,7.00,2.60
2009.03.05 03:58:35.859,0.8465,0.8469,1.00,2.60
2009.03.05 03:58:36.130,0.8466,0.84695,1.00,2.60
2009.03.05 03:58:36.479,0.84665,0.847,1.00,2.60
2009.03.05 03:58:36.819,0.8466,0.84695,1.00,2.60
2009.03.05 03:58:37.519,0.84665,0.847,1.00,2.60
2009.03.05 03:58:37.799,0.84665,0.847,1.00,3.20
2009.03.05 03:58:38.199,0.84665,0.84695,1.00,1.60
2009.03.05 03:58:38.359,0.8465,0.8469,1.00,2.60
2009.03.05 03:58:40.668,0.8465,0.8469,2.00,2.60
2009.03.05 03:58:40.968,0.84665,0.847,1.00,2.60
2009.03.05 03:58:41.888,0.8466,0.84695,1.00,4.20
2009.03.05 03:58:42.158,0.84655,0.8469,1.00,2.60
2009.03.05 03:58:42.518,0.8465,0.8469,1.00,2.60
2009.03.05 03:58:42.858,0.8465,0.84685,1.00,2.60
2009.03.05 03:58:51.256,0.84645,0.8468,1.00,2.60
2009.03.05 03:58:55.964,0.84645,0.8468,1.00,4.20
2009.03.05 03:58:56.754,0.84635,0.8467,1.00,3.20
2009.03.05 03:58:57.324,0.8463,0.8467,1.00,2.60
2009.03.05 03:58:57.724,0.8463,0.84665,1.00,2.60
2009.03.05 03:59:00.373,0.8463,0.8467,1.00,2.60
2009.03.05 03:59:00.564,0.84635,0.8467,1.00,2.60
2009.03.05 03:59:08.142,0.8463,0.8467,1.00,2.60
2009.03.05 03:59:20.158,0.8463,0.8467,3.00,2.60
2009.03.05 03:59:20.329,0.8464,0.84675,1.00,2.60
2009.03.05 03:59:20.448,0.84645,0.84675,1.60,2.60
2009.03.05 03:59:20.779,0.8465,0.84675,2.40,2.60
2009.03.05 03:59:21.018,0.8465,0.8468,2.40,2.60
2009.03.05 03:59:21.248,0.8465,0.84675,2.40,2.60
2009.03.05 03:59:23.008,0.8465,0.8468,2.40,2.60
2009.03.05 03:59:51.991,0.8465,0.84685,3.00,2.60
2009.03.05 03:59:52.521,0.8465,0.8468,2.40,2.60
