2008.09.16 08:00:00.399,0.93745,0.9376,1.00,1.00
2008.09.16 08:00:01.613,0.9374,0.9376,1.00,1.00
2008.09.16 08:00:02.094,0.9373,0.9376,2.90,1.00
2008.09.16 08:00:02.339,0.93735,0.9376,1.00,1.00
2008.09.16 08:00:02.634,0.93735,0.9375,1.00,1.00
2008.09.16 08:00:02.927,0.9373,0.9375,1.00,1.00
2008.09.16 08:00:03.514,0.9373,0.9374,1.00,1.00
2008.09.16 08:00:04.442,0.93735,0.9374,1.00,1.00
2008.09.16 08:00:05.160,0.9373,0.9374,1.00,1.00
2008.09.16 08:00:05.635,0.9372,0.9374,2.10,1.00
2008.09.16 08:00:05.853,0.9372,0.9373,2.10,1.00
2008.09.16 08:00:06.254,0.93705,0.9373,1.00,1.00
2008.09.16 08:00:06.486,0.9372,0.9373,1.00,1.00
2008.09.16 08:00:06.822,0.93725,0.9374,1.00,1.00
2008.09.16 08:00:07.163,0.9374,0.93745,1.00,1.80
2008.09.16 08:00:07.503,0.93735,0.9374,1.00,1.00
2008.09.16 08:00:08.394,0.9374,0.93745,1.00,1.80
2008.09.16 08:00:08.694,0.93745,0.9375,1.00,1.00
2008.09.16 08:00:09.227,0.93735,0.9374,1.00,1.00
2008.09.16 08:00:09.495,0.93735,0.9375,1.00,1.00
2008.09.16 08:00:09.763,0.9373,0.9375,1.00,1.00
2008.09.16 08:00:10.343,0.93735,0.9374,1.00,1.00
2008.09.16 08:00:10.855,0.93725,0.9374,1.00,1.00
2008.09.16 08:00:11.491,0.9373,0.9375,1.00,1.00
2008.09.16 08:00:11.816,0.93735,0.9375,1.00,1.00
2008.09.16 08:00:12.941,0.9373,0.9374,1.00,1.00
2008.09.16 08:00:13.473,0.93725,0.9374,1.00,1.00
2008.09.16 08:00:14.002,0.93715,0.9374,1.00,1.00
2008.09.16 08:00:14.279,0.9371,0.9373,1.00,1.00
2008.09.16 08:00:14.826,0.93715,0.9373,1.00,1.00
2008.09.16 08:00:15.114,0.9371,0.9373,1.00,1.00
2008.09.16 08:00:15.398,0.93705,0.9373,1.00,1.00
2008.09.16 08:00:15.542,0.93715,0.9373,1.00,1.00
2008.09.16 08:00:16.566,0.93705,0.9373,1.00,1.00
2008.09.16 08:00:17.391,0.9371,0.9372,1.00,1.00
2008.09.16 08:00:17.834,0.93715,0.9373,1.00,1.00
2008.09.16 08:00:18.653,0.9371,0.9373,1.00,1.00
2008.09.16 08:00:19.246,0.93725,0.9374,1.00,1.00
2008.09.16 08:00:19.438,0.9372,0.9374,1.00,1.00
2008.09.16 08:00:19.854,0.9372,0.9373,1.00,1.00
2008.09.16 08:00:20.306,0.9371,0.9373,1.00,1.00
2008.09.16 08:00:20.638,0.93705,0.9373,1.00,1.00
2008.09.16 08:00:20.809,0.93715,0.9374,1.00,1.00
2008.09.16 08:00:22.014,0.9371,0.9374,1.00,1.00
2008.09.16 08:00:22.290,0.9371,0.9373,1.00,1.00
2008.09.16 08:00:22.410,0.9371,0.9373,2.20,1.00
2008.09.16 08:00:23.126,0.93705,0.9373,1.00,1.00
2008.09.16 08:00:26.062,0.9371,0.9373,1.00,1.00
2008.09.16 08:00:26.170,0.9371,0.9374,1.00,1.00
2008.09.16 08:00:26.411,0.93705,0.9373,1.00,1.00
2008.09.16 08:00:26.650,0.937,0.9373,1.00,1.00
2008.09.16 08:00:27.365,0.937,0.9372,1.00,1.00
2008.09.16 08:00:29.233,0.9369,0.9372,2.20,1.00
2008.09.16 08:00:29.459,0.937,0.9372,1.00,1.00
2008.09.16 08:00:29.910,0.937,0.9373,1.00,4.30
2008.09.16 08:00:30.358,0.93695,0.9371,1.00,1.00
2008.09.16 08:00:30.690,0.937,0.9371,1.00,1.00
2008.09.16 08:00:30.854,0.93695,0.9371,1.00,1.00
2008.09.16 08:00:32.214,0.937,0.9371,1.00,1.00
2008.09.16 08:00:32.535,0.93695,0.9371,1.00,1.00
2008.09.16 08:00:33.374,0.9369,0.9371,1.00,1.00
2008.09.16 08:00:34.051,0.9369,0.937,1.00,1.00
2008.09.16 08:00:34.388,0.93695,0.937,1.00,1.00
2008.09.16 08:00:34.726,0.9369,0.9371,1.00,1.00
2008.09.16 08:00:35.018,0.9369,0.9372,1.00,1.00
2008.09.16 08:00:35.214,0.9369,0.9372,1.00,4.30
2008.09.16 08:00:35.838,0.93685,0.9372,1.00,1.00
2008.09.16 08:00:36.194,0.93685,0.9372,1.00,5.10
2008.09.16 08:00:36.531,0.9367,0.9372,2.10,4.30
2008.09.16 08:00:36.799,0.93685,0.9372,1.00,1.00
2008.09.16 08:00:37.834,0.93685,0.9372,1.00,5.10
2008.09.16 08:00:38.085,0.93675,0.9371,1.00,1.00
2008.09.16 08:00:38.567,0.93675,0.937,1.00,1.00
2008.09.16 08:00:38.843,0.93685,0.937,1.00,1.00
2008.09.16 08:00:39.666,0.93675,0.937,1.00,1.00
2008.09.16 08:00:39.819,0.9368,0.937,1.00,1.00
2008.09.16 08:00:41.694,0.93675,0.937,1.00,1.00
2008.09.16 08:00:43.242,0.9367,0.937,1.00,1.00
2008.09.16 08:00:43.606,0.93675,0.937,1.00,1.00
2008.09.16 08:00:45.007,0.9367,0.937,1.00,1.00
2008.09.16 08:00:45.158,0.93675,0.937,1.00,1.00
2008.09.16 08:00:45.922,0.9367,0.937,1.00,1.00
2008.09.16 08:00:46.138,0.93675,0.937,1.00,1.00
2008.09.16 08:00:46.554,0.9368,0.937,1.00,1.00
2008.09.16 08:00:47.106,0.93675,0.937,1.00,1.00
2008.09.16 08:00:47.382,0.9368,0.937,1.00,1.00
2008.09.16 08:00:47.599,0.93685,0.9371,1.00,1.00
2008.09.16 08:00:47.802,0.93665,0.9371,1.00,5.10
2008.09.16 08:00:48.006,0.93665,0.9371,2.90,5.10
2008.09.16 08:00:48.210,0.93685,0.9371,1.00,1.80
2008.09.16 08:00:48.414,0.93685,0.9371,1.00,1.00
2008.09.16 08:00:48.756,0.9368,0.9371,1.00,1.00
2008.09.16 08:00:49.430,0.9367,0.9371,1.00,1.00
2008.09.16 08:00:49.510,0.93675,0.937,1.00,1.00
2008.09.16 08:00:49.750,0.9367,0.937,1.00,1.00
2008.09.16 08:00:49.978,0.9367,0.9369,1.00,1.00
2008.09.16 08:00:50.930,0.93675,0.937,1.00,1.00
2008.09.16 08:00:51.210,0.9367,0.937,1.00,1.00
2008.09.16 08:00:51.742,0.93665,0.9369,1.00,1.00
2008.09.16 08:00:51.998,0.9367,0.9369,1.00,1.00
2008.09.16 08:00:52.670,0.93665,0.9369,1.00,1.00
2008.09.16 08:00:53.330,0.9366,0.9369,1.00,1.00
2008.09.16 08:00:53.658,0.93665,0.9369,1.00,1.00
2008.09.16 08:00:54.666,0.9367,0.9369,1.00,1.00
2008.09.16 08:00:54.834,0.93665,0.9369,1.00,1.00
2008.09.16 08:00:56.774,0.93665,0.9368,1.00,1.00
2008.09.16 08:00:56.850,0.93655,0.9368,1.00,1.00
2008.09.16 08:00:57.178,0.9366,0.9368,1.00,1.00
2008.09.16 08:00:57.447,0.93665,0.9368,1.00,1.00
2008.09.16 08:00:57.702,0.9367,0.9369,1.00,1.00
2008.09.16 08:00:58.262,0.9367,0.937,1.00,1.00
2008.09.16 08:00:58.875,0.93675,0.937,1.00,1.00
2008.09.16 08:00:59.184,0.9368,0.9371,1.00,5.10
2008.09.16 08:00:59.379,0.9367,0.9371,1.00,5.10
2008.09.16 08:00:59.550,0.9367,0.937,1.00,1.00
2008.09.16 08:00:59.910,0.93675,0.937,1.00,1.00
2008.09.16 08:01:00.462,0.93685,0.937,1.00,1.00
2008.09.16 08:01:00.669,0.93685,0.9371,1.00,4.00
2008.09.16 08:01:00.862,0.93675,0.9372,1.00,4.30
2008.09.16 08:01:01.054,0.93675,0.937,1.00,1.00
2008.09.16 08:01:01.774,0.9367,0.937,1.00,1.00
2008.09.16 08:01:02.307,0.93685,0.937,1.00,1.00
2008.09.16 08:01:02.577,0.9368,0.937,1.00,1.00
2008.09.16 08:01:03.090,0.93675,0.937,1.00,1.00
2008.09.16 08:01:03.334,0.9368,0.937,1.00,1.00
2008.09.16 08:01:04.124,0.93675,0.937,1.00,1.00
2008.09.16 08:01:05.545,0.9368,0.937,1.00,1.00
2008.09.16 08:01:06.282,0.93675,0.937,1.00,1.00
2008.09.16 08:01:08.538,0.93665,0.9369,1.00,1.00
2008.09.16 08:01:08.964,0.9367,0.9369,1.00,1.00
2008.09.16 08:01:09.407,0.93675,0.9369,1.00,1.00
2008.09.16 08:01:09.707,0.93675,0.937,1.00,5.10
2008.09.16 08:01:09.870,0.93675,0.937,1.00,1.00
2008.09.16 08:01:10.402,0.9368,0.937,1.00,1.00
2008.09.16 08:01:10.854,0.9368,0.9369,1.00,1.00
2008.09.16 08:01:11.050,0.9367,0.9369,1.00,1.00
2008.09.16 08:01:12.591,0.93665,0.9369,1.00,1.00
2008.09.16 08:01:13.186,0.9367,0.9369,1.00,1.00
2008.09.16 08:01:14.523,0.93665,0.9369,1.00,1.00
2008.09.16 08:01:15.067,0.9367,0.9369,1.00,1.00
2008.09.16 08:01:15.230,0.93675,0.9369,1.00,1.00
2008.09.16 08:01:15.554,0.93675,0.937,1.00,1.00
2008.09.16 08:01:17.391,0.9366,0.937,1.00,1.00
2008.09.16 08:01:17.946,0.93665,0.9369,1.00,1.00
2008.09.16 08:01:18.506,0.9367,0.937,1.00,5.10
2008.09.16 08:01:18.792,0.93675,0.937,1.00,5.10
2008.09.16 08:01:19.074,0.9367,0.937,1.00,5.10
2008.09.16 08:01:19.750,0.9367,0.937,1.00,1.00
2008.09.16 08:01:20.090,0.9368,0.937,1.00,1.00
2008.09.16 08:01:20.367,0.9368,0.937,4.00,1.00
2008.09.16 08:01:20.506,0.93695,0.93705,1.00,4.00
2008.09.16 08:01:20.646,0.93705,0.9372,1.00,4.80
2008.09.16 08:01:20.919,0.9371,0.9372,1.00,5.10
2008.09.16 08:01:21.194,0.93705,0.9372,1.00,4.00
2008.09.16 08:01:21.468,0.93705,0.9374,1.00,4.30
2008.09.16 08:01:21.765,0.937,0.9373,2.90,1.00
2008.09.16 08:01:22.039,0.93695,0.9373,2.10,4.30
2008.09.16 08:01:22.363,0.937,0.9373,1.00,1.00
2008.09.16 08:01:22.688,0.937,0.9373,1.00,4.30
2008.09.16 08:01:23.010,0.937,0.9374,1.00,1.00
2008.09.16 08:01:23.292,0.937,0.93735,1.00,4.00
2008.09.16 08:01:23.575,0.9371,0.9374,2.10,4.30
2008.09.16 08:01:23.859,0.9371,0.9372,2.10,1.00
2008.09.16 08:01:24.143,0.937,0.9372,2.20,1.00
2008.09.16 08:01:24.471,0.93685,0.9372,2.10,1.00
2008.09.16 08:01:24.770,0.93685,0.9371,1.00,1.00
2008.09.16 08:01:25.074,0.93685,0.9371,2.10,1.00
2008.09.16 08:01:25.378,0.9369,0.9372,2.10,2.80
2008.09.16 08:01:25.684,0.93685,0.9372,2.10,2.80
2008.09.16 08:01:25.988,0.93685,0.9371,2.10,1.00
2008.09.16 08:01:26.291,0.9369,0.9371,1.00,1.00
2008.09.16 08:01:26.491,0.9369,0.9371,1.00,4.00
2008.09.16 08:01:26.691,0.93685,0.9371,1.00,4.00
2008.09.16 08:01:26.891,0.9369,0.9371,1.00,1.00
2008.09.16 08:01:27.091,0.93685,0.9372,1.00,1.00
2008.09.16 08:01:27.420,0.9369,0.9372,1.00,1.00
2008.09.16 08:01:27.750,0.93675,0.9371,2.90,1.00
2008.09.16 08:01:28.339,0.9368,0.937,2.10,1.00
2008.09.16 08:01:28.870,0.9369,0.937,1.00,1.00
2008.09.16 08:01:29.418,0.93695,0.9371,1.00,1.00
2008.09.16 08:01:29.703,0.93685,0.9371,1.00,1.00
2008.09.16 08:01:29.987,0.9369,0.937,1.00,1.00
2008.09.16 08:01:30.471,0.93695,0.9371,1.00,1.00
2008.09.16 08:01:31.579,0.937,0.9372,1.00,1.00
2008.09.16 08:01:31.888,0.9369,0.9372,1.00,1.00
2008.09.16 08:01:32.196,0.9369,0.9371,1.00,1.00
2008.09.16 08:01:33.718,0.9369,0.937,1.00,1.00
2008.09.16 08:01:33.934,0.93675,0.937,1.00,1.00
2008.09.16 08:01:34.366,0.9367,0.937,1.00,1.00
2008.09.16 08:01:34.611,0.93665,0.937,1.00,1.00
2008.09.16 08:01:34.858,0.9368,0.937,1.00,1.00
2008.09.16 08:01:35.615,0.93685,0.9371,1.00,1.00
2008.09.16 08:01:36.406,0.9368,0.9371,1.00,1.00
2008.09.16 08:01:36.967,0.93685,0.93715,1.00,4.00
2008.09.16 08:01:37.251,0.93695,0.9372,1.00,5.10
2008.09.16 08:01:37.778,0.93695,0.9372,1.00,4.30
2008.09.16 08:01:38.022,0.93695,0.9372,1.00,1.00
2008.09.16 08:01:38.840,0.9369,0.9372,1.00,1.00
2008.09.16 08:01:39.167,0.93695,0.93735,1.00,4.00
2008.09.16 08:01:39.496,0.93705,0.93735,1.00,4.00
2008.09.16 08:01:39.594,0.937,0.93735,1.00,4.00
2008.09.16 08:01:39.694,0.937,0.9374,1.00,4.30
2008.09.16 08:01:39.890,0.93695,0.9374,1.00,1.00
2008.09.16 08:01:39.986,0.93695,0.9374,1.00,2.10
2008.09.16 08:01:40.082,0.93695,0.9374,1.00,2.80
2008.09.16 08:01:40.178,0.93685,0.9373,5.40,1.00
2008.09.16 08:01:40.274,0.93685,0.9373,2.90,1.00
2008.09.16 08:01:40.370,0.93685,0.9373,1.00,4.30
2008.09.16 08:01:40.562,0.93685,0.9373,1.00,1.00
2008.09.16 08:01:40.780,0.9369,0.9373,4.00,5.10
2008.09.16 08:01:40.986,0.937,0.9373,1.00,5.10
2008.09.16 08:01:41.598,0.937,0.9373,1.00,4.30
2008.09.16 08:01:41.915,0.93705,0.9373,1.00,1.00
2008.09.16 08:01:42.543,0.937,0.9373,1.00,1.00
2008.09.16 08:01:42.788,0.937,0.9373,2.90,1.00
2008.09.16 08:01:43.030,0.93695,0.9372,1.00,1.00
2008.09.16 08:01:43.750,0.93695,0.9373,1.00,1.00
2008.09.16 08:01:44.158,0.93695,0.9372,1.00,1.00
2008.09.16 08:01:44.366,0.9369,0.9372,1.00,1.00
2008.09.16 08:01:44.570,0.93695,0.9372,1.00,1.00
2008.09.16 08:01:45.398,0.9369,0.9372,1.00,1.00
2008.09.16 08:01:45.710,0.93695,0.9372,1.00,1.00
2008.09.16 08:01:46.147,0.93685,0.9372,2.90,1.00
2008.09.16 08:01:46.444,0.93685,0.9372,1.00,1.00
2008.09.16 08:01:46.604,0.93685,0.9371,1.00,1.00
2008.09.16 08:01:47.266,0.93705,0.9371,1.00,1.00
2008.09.16 08:01:47.527,0.9369,0.9372,1.00,1.00
2008.09.16 08:01:47.790,0.93685,0.9372,1.00,1.00
2008.09.16 08:01:48.643,0.9369,0.9372,1.00,1.00
2008.09.16 08:01:48.922,0.9369,0.9371,1.00,1.00
2008.09.16 08:01:49.234,0.93705,0.9373,1.00,5.10
2008.09.16 08:01:49.546,0.93705,0.9373,1.00,1.00
2008.09.16 08:01:49.865,0.937,0.9372,2.10,1.00
2008.09.16 08:01:50.089,0.93705,0.9372,1.00,1.00
2008.09.16 08:01:50.318,0.9369,0.9372,1.00,1.00
2008.09.16 08:01:50.430,0.93695,0.9372,1.00,1.00
2008.09.16 08:01:50.658,0.9369,0.9372,1.00,1.00
2008.09.16 08:01:50.886,0.93685,0.9372,1.00,1.00
2008.09.16 08:01:51.172,0.9369,0.9372,3.20,2.10
2008.09.16 08:01:51.455,0.9369,0.9373,4.00,5.10
2008.09.16 08:01:51.738,0.9369,0.9374,4.00,5.80
2008.09.16 08:01:52.019,0.93695,0.9373,2.90,1.00
2008.09.16 08:01:52.266,0.93695,0.9373,2.10,1.00
2008.09.16 08:01:52.514,0.93695,0.9373,2.90,1.00
2008.09.16 08:01:52.762,0.93695,0.9373,1.00,1.00
2008.09.16 08:01:53.026,0.9369,0.9374,2.90,6.80
2008.09.16 08:01:53.342,0.9369,0.9372,1.00,1.00
2008.09.16 08:01:53.654,0.93695,0.9372,1.00,1.00
2008.09.16 08:01:53.970,0.937,0.9372,1.00,1.00
2008.09.16 08:01:54.588,0.937,0.9372,2.90,1.00
2008.09.16 08:01:55.190,0.937,0.9372,2.10,1.00
2008.09.16 08:01:55.402,0.937,0.9373,2.10,1.00
2008.09.16 08:01:57.035,0.93705,0.9373,1.00,1.00
2008.09.16 08:01:57.112,0.93705,0.9374,1.00,1.00
2008.09.16 08:01:57.670,0.93705,0.9374,2.90,1.00
2008.09.16 08:01:57.810,0.93705,0.9374,2.10,1.00
2008.09.16 08:01:57.950,0.93715,0.9374,1.00,1.00
2008.09.16 08:01:58.230,0.93715,0.9374,2.90,1.00
2008.09.16 08:01:58.414,0.93715,0.9375,2.90,1.00
2008.09.16 08:01:59.102,0.93715,0.9375,2.10,1.00
2008.09.16 08:01:59.512,0.9371,0.9375,2.90,1.00
2008.09.16 08:01:59.762,0.9371,0.9374,2.10,1.00
2008.09.16 08:02:00.234,0.93705,0.9374,1.00,1.00
2008.09.16 08:02:00.330,0.937,0.9374,2.90,1.00
2008.09.16 08:02:00.618,0.93705,0.9374,2.90,1.00
2008.09.16 08:02:00.810,0.93705,0.9374,2.10,1.00
2008.09.16 08:02:00.917,0.937,0.9374,5.10,1.00
2008.09.16 08:02:01.014,0.937,0.9374,2.90,1.00
2008.09.16 08:02:01.110,0.93705,0.9374,1.00,1.00
2008.09.16 08:02:01.206,0.93705,0.9374,2.90,1.00
2008.09.16 08:02:01.642,0.93705,0.9374,2.10,1.00
2008.09.16 08:02:01.982,0.937,0.9374,2.90,1.00
2008.09.16 08:02:02.319,0.93705,0.9374,3.20,1.00
2008.09.16 08:02:02.562,0.9371,0.9374,2.10,1.00
2008.09.16 08:02:03.046,0.9371,0.9374,2.10,4.30
2008.09.16 08:02:03.167,0.9371,0.9373,2.10,1.00
2008.09.16 08:02:03.290,0.93705,0.9373,2.20,1.00
2008.09.16 08:02:03.586,0.937,0.9373,2.10,1.00
2008.09.16 08:02:03.884,0.93705,0.9373,1.00,1.00
2008.09.16 08:02:05.022,0.93705,0.9373,2.90,1.00
2008.09.16 08:02:06.038,0.9371,0.9373,1.00,1.00
2008.09.16 08:02:06.326,0.9371,0.9373,2.10,1.00
2008.09.16 08:02:06.830,0.93705,0.9373,2.90,1.00
2008.09.16 08:02:08.598,0.93705,0.9373,1.00,1.00
2008.09.16 08:02:08.844,0.937,0.9373,2.10,1.00
2008.09.16 08:02:09.578,0.93705,0.9373,2.10,1.00
2008.09.16 08:02:09.843,0.937,0.9373,4.40,1.00
2008.09.16 08:02:10.186,0.937,0.9373,2.10,1.00
2008.09.16 08:02:10.353,0.937,0.9373,2.90,1.00
2008.09.16 08:02:10.928,0.937,0.9373,2.10,1.00
2008.09.16 08:02:11.186,0.937,0.9373,2.90,1.00
2008.09.16 08:02:11.702,0.937,0.9373,2.10,1.00
2008.09.16 08:02:13.118,0.93705,0.9373,2.90,1.00
2008.09.16 08:02:13.792,0.93705,0.9374,2.90,1.00
2008.09.16 08:02:14.018,0.93705,0.9374,2.10,1.00
2008.09.16 08:02:14.242,0.937,0.9373,2.10,1.00
2008.09.16 08:02:14.466,0.937,0.9373,2.90,1.00
2008.09.16 08:02:14.694,0.9371,0.9373,3.20,1.00
2008.09.16 08:02:14.918,0.9371,0.9375,3.20,1.00
2008.09.16 08:02:15.270,0.9371,0.9375,2.90,1.00
2008.09.16 08:02:15.446,0.93715,0.9375,1.00,1.00
2008.09.16 08:02:16.350,0.93715,0.9376,1.00,5.10
2008.09.16 08:02:16.475,0.93715,0.9376,2.90,5.10
2008.09.16 08:02:16.598,0.93715,0.9376,2.10,6.80
2008.09.16 08:02:16.723,0.93715,0.9375,2.10,1.00
2008.09.16 08:02:17.382,0.93715,0.9374,2.90,1.00
2008.09.16 08:02:17.543,0.93715,0.9374,2.10,1.00
2008.09.16 08:02:17.706,0.9372,0.9375,2.10,1.00
2008.09.16 08:02:17.866,0.93715,0.9375,2.90,1.00
2008.09.16 08:02:19.190,0.9372,0.9375,4.00,1.00
2008.09.16 08:02:20.070,0.93715,0.9375,2.90,1.00
2008.09.16 08:02:20.378,0.93715,0.9375,2.10,1.00
2008.09.16 08:02:20.683,0.9371,0.9375,2.90,1.00
2008.09.16 08:02:20.990,0.93715,0.9375,2.10,1.00
2008.09.16 08:02:21.134,0.9371,0.9375,6.20,1.00
2008.09.16 08:02:21.567,0.93715,0.9375,2.10,1.00
2008.09.16 08:02:21.870,0.9371,0.9375,2.10,1.00
2008.09.16 08:02:22.229,0.9371,0.9375,2.10,2.10
2008.09.16 08:02:22.446,0.93705,0.9375,2.90,2.10
2008.09.16 08:02:22.674,0.93705,0.9374,2.90,1.00
2008.09.16 08:02:22.890,0.93705,0.9374,2.10,1.00
2008.09.16 08:02:23.106,0.93705,0.9374,2.90,1.00
2008.09.16 08:02:23.442,0.9371,0.9374,2.10,1.00
2008.09.16 08:02:24.834,0.93705,0.9374,2.20,1.00
2008.09.16 08:02:25.087,0.937,0.93745,5.10,1.70
2008.09.16 08:02:25.451,0.937,0.9374,5.10,1.00
2008.09.16 08:02:26.050,0.93705,0.9374,1.00,1.00
2008.09.16 08:02:26.171,0.93705,0.9374,2.90,1.00
2008.09.16 08:02:27.123,0.9371,0.9374,2.10,1.00
2008.09.16 08:02:27.438,0.93705,0.9374,5.40,1.00
2008.09.16 08:02:27.638,0.9372,0.9374,3.20,1.00
2008.09.16 08:02:27.838,0.93705,0.9373,2.90,1.00
2008.09.16 08:02:28.238,0.9371,0.9374,2.10,1.00
2008.09.16 08:02:28.522,0.93705,0.9374,2.90,1.00
2008.09.16 08:02:30.121,0.93705,0.9374,2.10,1.00
2008.09.16 08:02:32.358,0.93705,0.93745,2.10,1.00
2008.09.16 08:02:32.678,0.93705,0.9374,2.10,1.70
2008.09.16 08:02:32.998,0.937,0.9374,2.10,1.00
2008.09.16 08:02:33.327,0.93705,0.9374,2.90,1.00
2008.09.16 08:02:33.848,0.9371,0.9374,2.10,1.00
2008.09.16 08:02:35.554,0.937,0.9373,4.40,1.00
2008.09.16 08:02:36.038,0.937,0.9373,2.10,1.00
2008.09.16 08:02:36.454,0.93705,0.9373,2.10,1.00
2008.09.16 08:02:36.822,0.93705,0.9374,2.10,1.00
2008.09.16 08:02:36.954,0.937,0.9374,2.10,1.00
2008.09.16 08:02:37.086,0.937,0.9374,4.30,1.00
2008.09.16 08:02:37.218,0.937,0.9375,5.10,6.80
2008.09.16 08:02:37.349,0.9371,0.9375,2.10,6.80
2008.09.16 08:02:37.482,0.9371,0.9375,2.10,2.80
2008.09.16 08:02:37.613,0.93705,0.9375,4.40,2.80
2008.09.16 08:02:37.949,0.93705,0.9375,2.10,2.80
2008.09.16 08:02:38.286,0.93705,0.9374,2.10,1.00
2008.09.16 08:02:39.230,0.93705,0.9374,2.10,2.10
2008.09.16 08:02:39.536,0.937,0.9374,2.10,1.70
2008.09.16 08:02:39.654,0.937,0.9374,2.10,1.00
2008.09.16 08:02:39.888,0.937,0.9374,2.10,1.70
2008.09.16 08:02:40.121,0.937,0.9374,2.10,1.00
2008.09.16 08:02:41.242,0.937,0.93745,2.10,1.00
2008.09.16 08:02:41.402,0.93705,0.9375,1.00,5.10
2008.09.16 08:02:41.723,0.9371,0.9375,2.10,5.10
2008.09.16 08:02:41.974,0.9371,0.9375,2.10,1.00
2008.09.16 08:02:42.058,0.9371,0.9375,2.10,1.70
2008.09.16 08:02:42.142,0.9371,0.9375,2.10,2.80
2008.09.16 08:02:42.225,0.9371,0.9375,2.10,1.00
2008.09.16 08:02:42.394,0.93705,0.9375,5.40,1.00
2008.09.16 08:02:42.984,0.9371,0.9375,2.90,1.00
2008.09.16 08:02:43.322,0.9371,0.9375,2.10,4.30
2008.09.16 08:02:43.658,0.93715,0.9375,2.10,4.30
2008.09.16 08:02:43.994,0.9371,0.9375,2.10,4.30
2008.09.16 08:02:44.227,0.9371,0.9375,2.10,1.00
2008.09.16 08:02:44.465,0.93705,0.9375,5.40,1.00
2008.09.16 08:02:44.698,0.9371,0.9375,2.10,4.30
2008.09.16 08:02:44.962,0.9371,0.9375,2.90,4.30
2008.09.16 08:02:45.222,0.93705,0.9374,2.90,1.00
2008.09.16 08:02:45.742,0.93705,0.9375,1.00,6.00
2008.09.16 08:02:45.922,0.93705,0.93745,1.00,5.10
2008.09.16 08:02:46.110,0.937,0.93745,1.00,5.80
2008.09.16 08:02:46.290,0.93695,0.9374,2.90,1.00
2008.09.16 08:02:46.470,0.937,0.9374,1.00,1.00
2008.09.16 08:02:46.830,0.93695,0.9374,2.90,1.00
2008.09.16 08:02:47.186,0.937,0.9374,1.00,1.00
2008.09.16 08:02:48.722,0.937,0.9374,2.90,1.00
2008.09.16 08:02:48.962,0.93705,0.9374,2.10,1.00
2008.09.16 08:02:49.442,0.93705,0.9373,2.10,1.00
2008.09.16 08:02:49.682,0.937,0.9373,2.20,1.00
2008.09.16 08:02:49.922,0.93695,0.9373,1.00,1.00
2008.09.16 08:02:50.118,0.93695,0.9373,2.90,1.00
2008.09.16 08:02:50.510,0.937,0.9373,1.00,1.00
2008.09.16 08:02:50.706,0.93695,0.9373,2.90,1.00
2008.09.16 08:02:50.901,0.937,0.9373,1.00,1.00
2008.09.16 08:02:51.214,0.9369,0.9372,6.20,1.00
2008.09.16 08:02:51.526,0.9371,0.9374,3.20,5.10
2008.09.16 08:02:51.838,0.93705,0.9374,1.00,5.10
2008.09.16 08:02:51.990,0.93705,0.9374,2.90,1.00
2008.09.16 08:02:52.154,0.93705,0.9374,2.10,1.00
2008.09.16 08:02:52.458,0.937,0.9374,2.90,1.00
2008.09.16 08:02:52.612,0.937,0.9374,1.00,1.00
2008.09.16 08:02:52.766,0.937,0.9374,1.00,5.10
2008.09.16 08:02:52.918,0.93705,0.9374,1.00,5.10
2008.09.16 08:02:53.255,0.937,0.9374,1.00,4.30
2008.09.16 08:02:53.595,0.93695,0.9374,1.00,1.00
2008.09.16 08:02:53.952,0.9369,0.9374,2.90,6.00
2008.09.16 08:02:54.206,0.9369,0.9373,1.00,1.00
2008.09.16 08:02:54.459,0.93695,0.9373,1.00,1.00
2008.09.16 08:02:54.710,0.93685,0.9373,2.90,3.20
2008.09.16 08:02:54.961,0.93685,0.93735,2.90,4.70
2008.09.16 08:02:55.086,0.9368,0.9373,8.30,2.80
2008.09.16 08:02:55.210,0.9369,0.9373,2.10,5.80
2008.09.16 08:02:55.333,0.937,0.9373,1.00,5.10
2008.09.16 08:02:55.710,0.9369,0.9373,2.90,4.30
2008.09.16 08:02:55.838,0.9369,0.9374,2.90,5.80
2008.09.16 08:02:56.142,0.93695,0.9374,1.00,1.00
2008.09.16 08:02:56.446,0.9369,0.9374,2.10,1.00
2008.09.16 08:02:56.750,0.937,0.9372,2.10,1.00
2008.09.16 08:02:57.054,0.93695,0.9373,1.00,1.00
2008.09.16 08:02:57.318,0.937,0.9373,6.40,1.00
2008.09.16 08:02:57.582,0.937,0.9374,6.40,1.00
2008.09.16 08:02:57.846,0.937,0.9373,2.10,1.00
2008.09.16 08:02:58.110,0.937,0.9372,2.10,1.00
2008.09.16 08:02:58.446,0.93695,0.9372,4.40,1.00
2008.09.16 08:02:58.782,0.93695,0.9372,2.10,1.00
2008.09.16 08:02:59.118,0.9369,0.9371,5.40,1.00
2008.09.16 08:02:59.358,0.9369,0.9371,6.20,1.00
2008.09.16 08:03:00.078,0.937,0.9372,2.10,1.00
2008.09.16 08:03:00.318,0.93695,0.9372,2.10,1.00
2008.09.16 08:03:00.438,0.93695,0.9371,2.10,1.00
2008.09.16 08:03:00.802,0.937,0.9371,2.10,1.00
2008.09.16 08:03:01.202,0.93695,0.9371,2.20,1.00
2008.09.16 08:03:01.482,0.93685,0.9371,2.10,1.00
2008.09.16 08:03:01.762,0.93685,0.937,2.10,1.00
2008.09.16 08:03:02.042,0.9368,0.937,2.10,1.00
2008.09.16 08:03:02.885,0.93675,0.937,5.40,1.00
2008.09.16 08:03:03.022,0.9368,0.937,4.00,1.00
2008.09.16 08:03:03.158,0.9368,0.9371,4.00,1.00
2008.09.16 08:03:03.494,0.93685,0.9371,1.00,1.00
2008.09.16 08:03:03.830,0.93685,0.9371,2.10,1.00
2008.09.16 08:03:04.862,0.9368,0.9371,2.10,1.00
2008.09.16 08:03:05.481,0.9368,0.9371,4.00,1.00
2008.09.16 08:03:05.629,0.9368,0.9371,1.00,1.00
2008.09.16 08:03:05.934,0.93685,0.9372,2.10,1.00
2008.09.16 08:03:06.087,0.9368,0.9372,2.90,1.00
2008.09.16 08:03:06.244,0.9368,0.9372,2.10,1.00
2008.09.16 08:03:06.898,0.9368,0.9372,2.90,1.00
2008.09.16 08:03:07.119,0.93685,0.9372,1.00,1.00
2008.09.16 08:03:07.467,0.9368,0.9372,2.90,1.00
2008.09.16 08:03:07.625,0.9368,0.9371,2.90,1.00
2008.09.16 08:03:07.939,0.93685,0.9371,2.10,1.00
2008.09.16 08:03:08.253,0.93675,0.9371,4.40,1.00
2008.09.16 08:03:08.590,0.9368,0.9371,2.10,2.10
2008.09.16 08:03:08.929,0.93665,0.9371,2.90,2.10
2008.09.16 08:03:09.289,0.93675,0.9371,1.00,1.00
2008.09.16 08:03:09.565,0.93675,0.9371,2.90,5.10
2008.09.16 08:03:09.842,0.93675,0.9371,2.90,1.00
2008.09.16 08:03:10.118,0.93675,0.937,2.10,1.00
2008.09.16 08:03:10.407,0.93675,0.937,2.90,1.00
2008.09.16 08:03:10.549,0.93675,0.9371,2.90,1.00
2008.09.16 08:03:10.693,0.93675,0.9371,1.00,1.00
2008.09.16 08:03:10.981,0.93675,0.9372,1.00,1.00
2008.09.16 08:03:11.311,0.9368,0.9372,2.10,1.00
2008.09.16 08:03:11.618,0.93685,0.9372,2.10,1.00
2008.09.16 08:03:12.103,0.93685,0.9372,2.90,1.00
2008.09.16 08:03:12.266,0.93695,0.9372,2.10,1.00
2008.09.16 08:03:12.426,0.93695,0.9372,2.10,2.80
2008.09.16 08:03:12.721,0.93695,0.9372,2.10,6.00
2008.09.16 08:03:13.018,0.93695,0.9371,2.10,1.00
2008.09.16 08:03:13.610,0.93685,0.9373,3.20,1.00
2008.09.16 08:03:13.846,0.93685,0.9373,1.00,5.10
2008.09.16 08:03:14.078,0.9368,0.93725,3.20,1.70
2008.09.16 08:03:14.310,0.93685,0.9372,2.10,1.00
2008.09.16 08:03:14.542,0.9368,0.93725,6.20,1.00
2008.09.16 08:03:14.846,0.9368,0.93725,5.40,1.70
2008.09.16 08:03:15.150,0.9368,0.93725,3.20,5.80
2008.09.16 08:03:15.455,0.9368,0.9372,3.20,1.00
2008.09.16 08:03:15.794,0.93675,0.9372,2.10,2.80
2008.09.16 08:03:16.130,0.9368,0.9372,3.20,1.00
2008.09.16 08:03:16.474,0.9367,0.9372,2.90,2.80
2008.09.16 08:03:16.570,0.9368,0.93725,3.20,5.80
2008.09.16 08:03:16.666,0.9368,0.9372,3.20,4.00
2008.09.16 08:03:16.857,0.9368,0.9372,1.00,4.00
2008.09.16 08:03:16.953,0.9368,0.9371,1.00,1.00
2008.09.16 08:03:17.049,0.9367,0.9371,6.20,1.00
2008.09.16 08:03:17.241,0.93685,0.9371,2.10,1.00
2008.09.16 08:03:17.866,0.93695,0.9372,1.00,1.00
2008.09.16 08:03:18.202,0.937,0.9374,1.00,5.10
2008.09.16 08:03:18.538,0.93695,0.9374,1.00,1.00
2008.09.16 08:03:18.874,0.93695,0.9372,2.10,1.00
2008.09.16 08:03:19.214,0.9369,0.9372,2.10,1.00
2008.09.16 08:03:19.690,0.93685,0.9372,1.00,1.00
2008.09.16 08:03:20.113,0.9368,0.9372,4.00,1.00
2008.09.16 08:03:20.254,0.93685,0.93725,1.00,4.00
2008.09.16 08:03:20.547,0.9369,0.93725,1.00,4.00
2008.09.16 08:03:20.792,0.9369,0.9373,1.00,4.00
2008.09.16 08:03:21.234,0.937,0.9373,1.00,1.00
2008.09.16 08:03:21.674,0.937,0.93735,2.90,3.20
2008.09.16 08:03:21.978,0.93705,0.9374,1.00,3.20
2008.09.16 08:03:22.282,0.93705,0.9375,1.00,6.20
2008.09.16 08:03:22.585,0.937,0.9373,2.90,1.00
2008.09.16 08:03:22.904,0.937,0.9373,2.10,1.00
2008.09.16 08:03:23.714,0.93695,0.9373,2.90,1.00
2008.09.16 08:03:25.166,0.93695,0.9373,1.00,1.00
2008.09.16 08:03:25.459,0.93695,0.9373,1.00,4.30
2008.09.16 08:03:25.590,0.9369,0.9373,1.00,4.30
2008.09.16 08:03:25.845,0.9369,0.9373,1.00,1.00
2008.09.16 08:03:25.969,0.9369,0.93735,1.00,4.00
2008.09.16 08:03:26.101,0.9369,0.93735,2.90,4.00
2008.09.16 08:03:26.225,0.9369,0.9374,2.90,6.80
2008.09.16 08:03:26.475,0.9369,0.9373,2.90,1.00
2008.09.16 08:03:26.602,0.93705,0.9373,1.00,1.00
2008.09.16 08:03:27.081,0.937,0.9373,2.90,1.00
2008.09.16 08:03:27.272,0.937,0.9374,2.90,5.10
2008.09.16 08:03:27.449,0.937,0.9374,2.10,4.30
2008.09.16 08:03:27.627,0.937,0.9373,2.10,1.00
2008.09.16 08:03:27.807,0.93695,0.9373,2.90,1.00
2008.09.16 08:03:28.050,0.937,0.9373,2.10,1.00
2008.09.16 08:03:28.530,0.937,0.9373,2.90,1.00
2008.09.16 08:03:28.769,0.93695,0.9373,1.00,1.00
2008.09.16 08:03:29.010,0.93695,0.9373,2.10,1.00
2008.09.16 08:03:29.347,0.937,0.9374,1.00,1.00
2008.09.16 08:03:29.682,0.93695,0.9374,2.90,2.10
2008.09.16 08:03:30.018,0.93695,0.9373,2.90,1.00
2008.09.16 08:03:30.218,0.937,0.9373,1.00,1.00
2008.09.16 08:03:30.417,0.937,0.9374,1.00,1.00
2008.09.16 08:03:30.526,0.93705,0.9374,1.00,1.00
2008.09.16 08:03:30.626,0.93705,0.9374,2.90,1.00
2008.09.16 08:03:30.825,0.9371,0.9375,1.00,1.00
2008.09.16 08:03:30.925,0.93705,0.9375,2.90,1.70
2008.09.16 08:03:31.334,0.9371,0.9375,1.00,1.00
2008.09.16 08:03:31.470,0.9371,0.9375,1.00,2.10
2008.09.16 08:03:31.606,0.93705,0.9375,1.00,2.80
2008.09.16 08:03:31.744,0.93705,0.9374,1.00,1.00
2008.09.16 08:03:32.038,0.93705,0.9374,1.00,3.20
2008.09.16 08:03:32.119,0.937,0.9374,2.90,3.20
2008.09.16 08:03:32.278,0.937,0.9373,2.10,1.00
2008.09.16 08:03:32.460,0.93695,0.9373,2.20,1.00
2008.09.16 08:03:32.701,0.9369,0.9373,1.00,1.00
2008.09.16 08:03:32.865,0.93695,0.9373,1.00,1.00
2008.09.16 08:03:33.294,0.93705,0.9373,1.00,1.00
2008.09.16 08:03:33.630,0.93705,0.9373,2.90,1.00
2008.09.16 08:03:34.311,0.937,0.9371,4.40,1.00
2008.09.16 08:03:34.646,0.9369,0.9371,1.00,1.00
2008.09.16 08:03:34.981,0.93705,0.9375,1.00,5.10
2008.09.16 08:03:35.383,0.9369,0.9374,2.10,1.00
2008.09.16 08:03:35.486,0.9369,0.9374,2.90,1.00
2008.09.16 08:03:35.685,0.93695,0.9374,2.20,1.00
2008.09.16 08:03:35.785,0.93705,0.9375,2.10,1.00
2008.09.16 08:03:35.985,0.9371,0.9374,2.10,1.00
2008.09.16 08:03:36.417,0.937,0.9374,3.20,1.00
2008.09.16 08:03:36.633,0.937,0.9374,1.00,1.00
2008.09.16 08:03:37.293,0.9371,0.9374,1.00,1.00
2008.09.16 08:03:37.759,0.9371,0.9373,1.00,1.00
2008.09.16 08:03:37.840,0.937,0.9373,2.10,1.00
2008.09.16 08:03:38.074,0.9372,0.9373,1.00,1.00
2008.09.16 08:03:38.485,0.9372,0.9375,1.00,5.10
2008.09.16 08:03:39.157,0.9372,0.9375,1.00,4.30
2008.09.16 08:03:39.493,0.9372,0.9375,1.00,1.00
2008.09.16 08:03:41.317,0.9372,0.9375,2.90,1.00
2008.09.16 08:03:41.541,0.9373,0.9376,1.00,1.00
2008.09.16 08:03:42.226,0.93735,0.9376,1.00,1.00
2008.09.16 08:03:42.949,0.93735,0.9377,1.00,1.00
2008.09.16 08:03:43.224,0.93735,0.9376,1.00,1.00
2008.09.16 08:03:45.330,0.9373,0.9376,2.90,1.00
2008.09.16 08:03:46.322,0.93735,0.9376,1.00,1.00
2008.09.16 08:03:46.753,0.9373,0.9376,2.90,1.00
2008.09.16 08:03:46.970,0.93735,0.9376,1.00,1.00
2008.09.16 08:03:48.782,0.9373,0.9376,2.90,1.00
2008.09.16 08:03:50.020,0.9373,0.9375,2.10,1.00
2008.09.16 08:03:50.146,0.93725,0.9375,1.00,1.00
2008.09.16 08:03:52.370,0.9373,0.9376,1.00,1.00
2008.09.16 08:03:52.754,0.9373,0.9376,2.90,1.00
2008.09.16 08:03:52.945,0.9373,0.9376,1.00,1.00
2008.09.16 08:03:53.410,0.93735,0.9376,1.00,1.00
2008.09.16 08:03:54.409,0.9373,0.9376,2.90,1.00
2008.09.16 08:03:55.018,0.9373,0.9375,1.00,1.00
2008.09.16 08:03:55.255,0.93725,0.9375,1.00,1.00
2008.09.16 08:03:55.413,0.93725,0.9376,1.00,1.00
2008.09.16 08:03:55.489,0.93735,0.9376,1.00,1.00
2008.09.16 08:03:55.722,0.9373,0.9376,1.00,1.00
2008.09.16 08:03:56.637,0.9373,0.9376,2.90,1.00
2008.09.16 08:03:57.361,0.9373,0.9376,1.00,1.00
2008.09.16 08:03:57.569,0.93725,0.9376,2.90,1.00
2008.09.16 08:03:58.095,0.93725,0.9375,2.90,1.00
2008.09.16 08:03:58.436,0.93725,0.9375,2.10,1.00
2008.09.16 08:03:58.773,0.93715,0.9375,2.90,1.00
2008.09.16 08:03:59.109,0.9372,0.9375,1.00,1.00
2008.09.16 08:03:59.445,0.93715,0.9375,2.90,1.00
2008.09.16 08:03:59.665,0.9372,0.9375,1.00,1.00
2008.09.16 08:04:00.106,0.93725,0.9375,1.00,1.00
2008.09.16 08:04:00.330,0.9373,0.9375,1.00,1.00
2008.09.16 08:04:00.473,0.9373,0.9377,1.00,5.10
2008.09.16 08:04:00.626,0.93735,0.9377,1.00,5.10
2008.09.16 08:04:00.914,0.93735,0.9377,2.90,5.10
2008.09.16 08:04:01.204,0.93735,0.9377,2.10,1.80
2008.09.16 08:04:01.350,0.9373,0.9377,5.10,1.00
2008.09.16 08:04:01.586,0.93735,0.9377,1.00,1.00
2008.09.16 08:04:02.058,0.93735,0.9376,1.00,1.00
2008.09.16 08:04:02.294,0.9373,0.9376,2.90,1.00
2008.09.16 08:04:02.845,0.93725,0.9376,5.40,1.00
2008.09.16 08:04:03.122,0.9373,0.9376,2.10,1.00
2008.09.16 08:04:03.398,0.9373,0.9376,2.90,1.00
2008.09.16 08:04:04.157,0.9373,0.9376,2.10,1.00
2008.09.16 08:04:04.924,0.9373,0.9376,5.10,1.00
2008.09.16 08:04:05.186,0.9373,0.9376,2.10,1.70
2008.09.16 08:04:05.446,0.93725,0.9375,2.10,1.00
2008.09.16 08:04:05.693,0.93735,0.9375,2.10,1.00
2008.09.16 08:04:05.822,0.93725,0.9375,2.90,1.00
2008.09.16 08:04:05.946,0.93725,0.9377,5.40,1.00
2008.09.16 08:04:06.317,0.93725,0.9377,2.90,5.40
2008.09.16 08:04:06.441,0.9372,0.9377,2.90,6.00
2008.09.16 08:04:06.687,0.9372,0.9376,1.00,1.00
2008.09.16 08:04:07.178,0.9372,0.9376,4.00,1.00
2008.09.16 08:04:07.422,0.9373,0.9376,3.20,1.00
2008.09.16 08:04:07.641,0.93725,0.9376,1.00,1.00
2008.09.16 08:04:07.862,0.9373,0.9377,1.00,4.00
2008.09.16 08:04:08.081,0.9373,0.9377,4.00,4.00
2008.09.16 08:04:08.303,0.9373,0.9377,2.10,4.30
2008.09.16 08:04:08.522,0.9373,0.9377,2.10,1.00
2008.09.16 08:04:08.801,0.9373,0.9377,6.20,1.00
2008.09.16 08:04:09.081,0.93735,0.9377,1.00,1.00
2008.09.16 08:04:09.893,0.9373,0.9377,6.20,2.10
2008.09.16 08:04:10.138,0.93725,0.9377,4.40,1.70
2008.09.16 08:04:10.381,0.93725,0.9377,2.90,1.00
2008.09.16 08:04:10.881,0.9373,0.9377,3.20,1.00
2008.09.16 08:04:11.138,0.9374,0.9377,1.00,1.00
2008.09.16 08:04:11.393,0.9373,0.9377,4.00,1.00
2008.09.16 08:04:11.649,0.9373,0.93775,3.20,1.70
2008.09.16 08:04:11.761,0.9373,0.9378,4.00,1.70
2008.09.16 08:04:11.985,0.9373,0.9377,2.90,1.00
2008.09.16 08:04:12.321,0.9373,0.9377,6.20,1.00
2008.09.16 08:04:12.545,0.93735,0.9376,1.00,1.00
2008.09.16 08:04:12.805,0.9374,0.9376,2.10,1.00
2008.09.16 08:04:13.077,0.9374,0.9377,2.10,1.00
2008.09.16 08:04:13.338,0.93735,0.9377,2.10,1.00
2008.09.16 08:04:13.597,0.93735,0.9376,2.10,1.00
2008.09.16 08:04:13.857,0.93725,0.9376,3.20,1.00
2008.09.16 08:04:14.189,0.93725,0.9376,1.00,1.00
2008.09.16 08:04:14.522,0.9372,0.9376,6.20,1.00
2008.09.16 08:04:15.146,0.93725,0.9376,1.00,1.00
2008.09.16 08:04:15.386,0.93725,0.9376,2.90,1.00
2008.09.16 08:04:15.639,0.9372,0.9376,6.20,1.00
2008.09.16 08:04:15.721,0.9372,0.9376,8.60,1.00
2008.09.16 08:04:15.955,0.9372,0.9376,7.60,1.00
2008.09.16 08:04:16.081,0.9372,0.9376,3.20,1.00
2008.09.16 08:04:16.981,0.9372,0.9376,4.00,1.00
2008.09.16 08:04:17.183,0.9372,0.9376,6.20,1.00
2008.09.16 08:04:17.384,0.93725,0.9376,2.10,1.00
2008.09.16 08:04:18.597,0.9373,0.9376,2.10,1.00
2008.09.16 08:04:18.999,0.93725,0.9376,2.90,1.00
2008.09.16 08:04:19.237,0.93725,0.9376,2.10,1.00
2008.09.16 08:04:20.474,0.9373,0.9376,2.10,1.00
2008.09.16 08:04:20.717,0.93735,0.9376,1.00,1.00
2008.09.16 08:04:20.810,0.93735,0.9377,1.00,1.00
2008.09.16 08:04:21.130,0.9373,0.9377,6.20,1.00
2008.09.16 08:04:21.566,0.93735,0.9377,1.00,1.00
2008.09.16 08:04:22.396,0.93735,0.9377,2.90,1.00
2008.09.16 08:04:23.237,0.93735,0.9377,2.10,1.00
2008.09.16 08:04:23.693,0.9373,0.9377,6.20,1.00
2008.09.16 08:04:24.029,0.9373,0.9377,5.40,1.00
2008.09.16 08:04:24.366,0.9373,0.9377,2.10,1.00
2008.09.16 08:04:24.543,0.93725,0.9376,2.10,1.00
2008.09.16 08:04:27.150,0.93725,0.9376,2.10,2.10
2008.09.16 08:04:27.309,0.93725,0.9376,2.10,2.80
2008.09.16 08:04:27.391,0.93715,0.9375,4.40,1.00
2008.09.16 08:04:27.713,0.93715,0.9375,2.10,1.00
2008.09.16 08:04:28.361,0.9371,0.9375,5.40,1.00
2008.09.16 08:04:28.685,0.9371,0.9375,2.90,1.00
2008.09.16 08:04:29.003,0.9371,0.9375,1.00,1.00
2008.09.16 08:04:29.323,0.93705,0.9374,2.90,1.00
2008.09.16 08:04:29.640,0.93705,0.9374,2.10,1.00
2008.09.16 08:04:29.958,0.937,0.9373,2.20,1.00
2008.09.16 08:04:30.294,0.93695,0.9373,2.90,1.00
2008.09.16 08:04:30.412,0.93695,0.9373,2.10,2.10
2008.09.16 08:04:30.546,0.93695,0.9373,2.10,1.00
2008.09.16 08:04:30.769,0.93695,0.9372,2.10,1.00
2008.09.16 08:04:30.995,0.9369,0.9372,6.40,1.00
2008.09.16 08:04:31.222,0.9369,0.9372,4.00,1.00
2008.09.16 08:04:31.445,0.9369,0.9372,6.20,1.00
2008.09.16 08:04:31.669,0.93695,0.9372,1.00,1.00
2008.09.16 08:04:31.895,0.937,0.9373,1.00,1.00
2008.09.16 08:04:32.077,0.93705,0.9373,1.00,1.00
2008.09.16 08:04:32.263,0.93705,0.9374,2.90,1.00
2008.09.16 08:04:32.633,0.9371,0.9374,1.00,1.00
2008.09.16 08:04:32.817,0.9371,0.9375,3.20,2.80
2008.09.16 08:04:33.321,0.93705,0.9375,2.90,2.80
2008.09.16 08:04:33.573,0.9371,0.9375,3.20,2.10
2008.09.16 08:04:33.825,0.93715,0.9375,2.10,1.00
2008.09.16 08:04:34.161,0.93705,0.9375,2.90,1.00
2008.09.16 08:04:34.498,0.9371,0.9375,1.00,1.00
2008.09.16 08:04:34.833,0.9371,0.9375,2.90,1.00
2008.09.16 08:04:35.469,0.9371,0.9375,2.90,2.10
2008.09.16 08:04:35.682,0.9371,0.9375,2.10,2.80
2008.09.16 08:04:35.894,0.9371,0.9375,5.40,1.00
2008.09.16 08:04:36.265,0.9371,0.9375,3.20,1.00
2008.09.16 08:04:36.389,0.9372,0.9375,1.00,1.00
2008.09.16 08:04:37.127,0.93715,0.9375,1.00,1.00
2008.09.16 08:04:38.182,0.9372,0.9375,1.00,1.00
2008.09.16 08:04:39.574,0.93715,0.9375,1.00,4.30
2008.09.16 08:04:40.245,0.93715,0.9374,1.00,1.00
2008.09.16 08:04:40.349,0.9372,0.9374,1.00,1.00
2008.09.16 08:04:41.237,0.93725,0.9375,1.00,1.00
2008.09.16 08:04:42.007,0.9372,0.9375,1.00,1.00
2008.09.16 08:04:42.262,0.93725,0.9375,1.00,1.00
2008.09.16 08:04:42.825,0.9373,0.9375,1.00,1.00
2008.09.16 08:04:43.101,0.93725,0.9375,1.00,1.00
2008.09.16 08:04:43.193,0.9373,0.9375,1.00,1.00
2008.09.16 08:04:43.866,0.93725,0.9375,1.00,1.00
2008.09.16 08:04:44.201,0.9372,0.9375,1.00,1.00
2008.09.16 08:04:44.539,0.9372,0.9376,1.00,1.00
2008.09.16 08:04:44.743,0.93735,0.9376,1.00,1.00
2008.09.16 08:04:45.149,0.9373,0.9375,2.10,1.00
2008.09.16 08:04:45.353,0.9372,0.9375,3.20,1.00
2008.09.16 08:04:45.809,0.93725,0.9375,2.90,1.00
2008.09.16 08:04:45.962,0.93725,0.9375,1.00,1.00
2008.09.16 08:04:46.113,0.93735,0.9375,1.00,1.00
2008.09.16 08:04:46.267,0.93735,0.9376,1.00,1.00
2008.09.16 08:04:47.085,0.9374,0.9376,1.00,1.00
2008.09.16 08:04:47.753,0.93735,0.9376,1.00,1.00
2008.09.16 08:04:48.461,0.93725,0.9376,1.00,1.00
2008.09.16 08:04:48.745,0.9372,0.9376,2.90,1.00
2008.09.16 08:04:49.029,0.9372,0.9376,1.00,1.00
2008.09.16 08:04:49.314,0.9373,0.9376,1.00,1.00
2008.09.16 08:04:49.841,0.93725,0.9376,1.00,1.00
2008.09.16 08:04:50.085,0.9372,0.9376,2.90,1.00
2008.09.16 08:04:50.329,0.93725,0.9376,1.00,1.00
2008.09.16 08:04:50.573,0.9373,0.9376,1.00,1.00
2008.09.16 08:04:50.901,0.9372,0.9376,1.00,1.00
2008.09.16 08:04:51.065,0.93725,0.9376,1.00,1.00
2008.09.16 08:04:51.229,0.9373,0.9376,1.00,1.00
2008.09.16 08:04:52.037,0.9374,0.9376,1.00,1.00
2008.09.16 08:04:52.493,0.93735,0.9376,1.00,1.00
2008.09.16 08:04:52.825,0.9373,0.9376,1.00,1.00
2008.09.16 08:04:53.157,0.9373,0.9376,2.90,1.00
2008.09.16 08:04:53.489,0.93735,0.9376,1.00,1.00
2008.09.16 08:04:53.961,0.93735,0.9376,1.00,1.80
2008.09.16 08:04:54.197,0.93735,0.9376,1.00,5.10
2008.09.16 08:04:54.434,0.9373,0.9376,1.00,1.80
2008.09.16 08:04:54.670,0.9373,0.9376,1.00,1.00
2008.09.16 08:04:54.894,0.9374,0.9376,1.00,1.00
2008.09.16 08:04:55.117,0.93725,0.9376,2.10,1.00
2008.09.16 08:04:55.341,0.93725,0.9377,2.10,1.00
2008.09.16 08:04:55.565,0.9374,0.9377,1.00,1.00
2008.09.16 08:04:58.146,0.93735,0.9376,1.00,1.00
2008.09.16 08:04:58.765,0.9373,0.9376,1.00,1.00
2008.09.16 08:04:59.773,0.93725,0.9376,1.00,1.00
2008.09.16 08:05:00.110,0.9373,0.9376,1.00,1.00
2008.09.16 08:05:00.376,0.93735,0.9376,1.00,1.00
2008.09.16 08:05:01.003,0.9373,0.9376,1.00,1.00
2008.09.16 08:05:03.838,0.93735,0.9376,1.00,1.00
2008.09.16 08:05:04.173,0.9374,0.9376,1.00,1.00
2008.09.16 08:05:04.653,0.9373,0.9376,1.00,1.00
2008.09.16 08:05:05.293,0.9373,0.9376,1.00,4.30
2008.09.16 08:05:05.437,0.93725,0.9376,1.00,4.30
2008.09.16 08:05:05.857,0.9374,0.9376,1.00,1.00
2008.09.16 08:05:05.997,0.93735,0.9376,1.00,1.00
2008.09.16 08:05:06.622,0.9373,0.9376,1.00,1.00
2008.09.16 08:05:07.422,0.93725,0.9376,1.00,4.30
2008.09.16 08:05:07.773,0.9373,0.9375,1.00,1.00
2008.09.16 08:05:07.998,0.93735,0.9375,1.00,1.00
2008.09.16 08:05:08.109,0.93735,0.9376,1.00,1.00
2008.09.16 08:05:08.565,0.9374,0.9376,1.00,1.00
2008.09.16 08:05:08.901,0.9373,0.9376,2.10,1.00
2008.09.16 08:05:09.237,0.9374,0.9376,1.00,1.00
2008.09.16 08:05:10.162,0.9373,0.9375,1.00,1.00
2008.09.16 08:05:10.358,0.9374,0.9375,1.00,1.00
2008.09.16 08:05:10.512,0.9374,0.9376,1.00,1.00
2008.09.16 08:05:10.801,0.93735,0.9376,1.00,1.00
2008.09.16 08:05:11.025,0.9374,0.9376,1.00,1.00
2008.09.16 08:05:12.833,0.93735,0.9376,1.00,1.00
2008.09.16 08:05:13.125,0.9373,0.9376,1.00,1.00
2008.09.16 08:05:13.417,0.9374,0.9376,1.00,1.00
2008.09.16 08:05:13.953,0.93745,0.9376,1.00,1.00
2008.09.16 08:05:14.893,0.9374,0.9376,1.00,1.00
2008.09.16 08:05:15.381,0.93735,0.9376,1.00,1.00
2008.09.16 08:05:15.790,0.9373,0.9375,2.10,1.00
2008.09.16 08:05:16.129,0.93725,0.9375,2.90,1.00
2008.09.16 08:05:16.774,0.9373,0.9376,1.00,1.00
2008.09.16 08:05:17.181,0.9372,0.9376,6.20,1.00
2008.09.16 08:05:17.317,0.93735,0.9376,1.00,1.00
2008.09.16 08:05:17.589,0.9373,0.9376,1.00,1.00
2008.09.16 08:05:18.035,0.93735,0.9376,1.00,1.00
2008.09.16 08:05:18.329,0.93725,0.9376,1.00,4.30
2008.09.16 08:05:18.626,0.93725,0.9375,1.00,1.00
2008.09.16 08:05:18.925,0.93725,0.9376,1.00,1.00
2008.09.16 08:05:19.261,0.93735,0.9376,1.00,1.00
2008.09.16 08:05:21.586,0.9374,0.9377,1.00,1.00
2008.09.16 08:05:21.789,0.9373,0.9377,2.90,1.00
2008.09.16 08:05:22.063,0.9373,0.9377,1.00,4.30
2008.09.16 08:05:22.337,0.9373,0.9377,1.00,1.00
2008.09.16 08:05:22.630,0.9373,0.9376,1.00,1.00
2008.09.16 08:05:22.765,0.93735,0.9376,1.00,1.00
2008.09.16 08:05:23.437,0.9373,0.9376,1.00,1.00
2008.09.16 08:05:24.097,0.93745,0.9376,1.00,1.00
2008.09.16 08:05:25.571,0.9374,0.9376,1.00,1.00
2008.09.16 08:05:27.537,0.93745,0.9376,1.00,1.00
2008.09.16 08:05:28.134,0.9374,0.9376,1.00,1.00
2008.09.16 08:05:28.333,0.93745,0.9376,1.00,1.00
2008.09.16 08:05:28.769,0.9374,0.9376,1.00,1.00
2008.09.16 08:05:29.105,0.9375,0.9376,1.00,1.00
2008.09.16 08:05:29.778,0.93745,0.9376,1.00,1.00
2008.09.16 08:05:31.999,0.93745,0.9375,1.00,1.00
2008.09.16 08:05:32.206,0.9373,0.9375,1.00,1.00
2008.09.16 08:05:32.901,0.93735,0.9375,1.00,1.00
2008.09.16 08:05:33.605,0.93735,0.9376,1.00,1.00
2008.09.16 08:05:35.046,0.93725,0.9376,2.90,4.30
2008.09.16 08:05:35.191,0.93735,0.9375,1.00,1.00
2008.09.16 08:05:35.477,0.93735,0.9376,1.00,1.00
2008.09.16 08:05:35.737,0.9374,0.9376,1.00,1.00
2008.09.16 08:05:38.093,0.93735,0.9376,1.00,1.00
2008.09.16 08:05:39.149,0.9374,0.9376,1.00,1.00
2008.09.16 08:05:39.682,0.93745,0.9377,1.00,1.00
2008.09.16 08:05:39.994,0.9374,0.9377,1.00,1.00
2008.09.16 08:05:40.306,0.9374,0.9376,1.00,1.00
2008.09.16 08:05:40.793,0.9375,0.9376,1.00,1.00
2008.09.16 08:05:42.333,0.93745,0.9376,1.00,1.00
2008.09.16 08:05:42.629,0.93735,0.9376,1.00,1.00
2008.09.16 08:05:42.821,0.9374,0.9376,1.00,1.00
2008.09.16 08:05:43.013,0.9374,0.9375,1.00,1.00
2008.09.16 08:05:43.205,0.93745,0.9375,1.00,1.00
2008.09.16 08:05:43.589,0.9375,0.93755,1.00,1.80
2008.09.16 08:05:43.865,0.9375,0.9376,1.00,1.00
2008.09.16 08:05:44.865,0.9375,0.9377,1.00,1.00
2008.09.16 08:05:45.038,0.9374,0.9377,2.90,1.00
2008.09.16 08:05:45.210,0.9374,0.9377,1.00,1.00
2008.09.16 08:05:45.553,0.9375,0.9377,1.00,1.00
2008.09.16 08:05:46.122,0.93745,0.9377,1.00,1.00
2008.09.16 08:05:46.256,0.93745,0.9376,1.00,1.00
2008.09.16 08:05:46.864,0.93745,0.9377,1.00,1.00
2008.09.16 08:05:47.105,0.9374,0.9377,1.00,1.00
2008.09.16 08:05:47.513,0.93745,0.9377,1.00,1.00
2008.09.16 08:05:48.094,0.9374,0.9377,1.00,1.00
2008.09.16 08:05:48.606,0.9374,0.9376,1.00,1.00
2008.09.16 08:05:48.861,0.93735,0.9376,1.00,1.00
2008.09.16 08:05:49.156,0.9374,0.93745,1.00,1.80
2008.09.16 08:05:49.449,0.9374,0.9376,1.00,1.00
2008.09.16 08:05:50.034,0.93725,0.9376,2.90,1.00
2008.09.16 08:05:50.246,0.93725,0.9376,1.00,1.00
2008.09.16 08:05:50.470,0.93735,0.9376,1.00,1.00
2008.09.16 08:05:51.563,0.93735,0.9375,1.00,1.00
2008.09.16 08:05:51.841,0.9374,0.9375,1.00,1.00
2008.09.16 08:05:52.009,0.93735,0.9375,1.00,1.00
2008.09.16 08:05:52.246,0.93745,0.9375,1.00,1.00
2008.09.16 08:05:52.473,0.9374,0.9375,1.00,1.00
2008.09.16 08:05:53.063,0.9373,0.9374,2.90,1.00
2008.09.16 08:05:53.461,0.9373,0.9374,1.00,1.00
2008.09.16 08:05:54.109,0.93735,0.9375,1.00,1.00
2008.09.16 08:05:54.435,0.93725,0.9375,5.40,1.00
2008.09.16 08:05:54.729,0.93725,0.9374,2.50,1.00
2008.09.16 08:05:56.516,0.9373,0.9374,1.00,1.00
2008.09.16 08:05:59.037,0.9373,0.9375,1.00,1.00
2008.09.16 08:05:59.311,0.93735,0.9375,1.00,1.00
2008.09.16 08:05:59.585,0.93725,0.9374,2.40,1.00
2008.09.16 08:05:59.771,0.9374,0.9375,1.00,1.00
2008.09.16 08:06:01.538,0.93745,0.9376,1.00,1.00
2008.09.16 08:06:01.949,0.93735,0.9376,1.00,1.00
2008.09.16 08:06:02.245,0.93735,0.9374,1.00,1.00
2008.09.16 08:06:02.541,0.9374,0.9375,1.00,1.00
2008.09.16 08:06:03.113,0.9373,0.9374,1.00,1.00
2008.09.16 08:06:03.389,0.93735,0.9374,1.00,1.00
2008.09.16 08:06:03.921,0.9374,0.9375,1.00,1.00
2008.09.16 08:06:04.177,0.9374,0.9376,1.00,1.00
2008.09.16 08:06:05.565,0.93745,0.9376,1.00,1.00
2008.09.16 08:06:05.857,0.93745,0.9377,1.00,1.00
2008.09.16 08:06:06.009,0.9374,0.9377,1.00,1.00
2008.09.16 08:06:06.617,0.9375,0.9377,1.00,1.00
2008.09.16 08:06:06.981,0.93745,0.9377,1.00,1.00
2008.09.16 08:06:07.193,0.9375,0.9377,1.00,1.00
2008.09.16 08:06:07.617,0.93745,0.9377,1.00,1.00
2008.09.16 08:06:07.829,0.9374,0.9377,1.00,1.00
2008.09.16 08:06:08.837,0.9374,0.9376,1.00,1.00
2008.09.16 08:06:10.145,0.93735,0.9376,1.00,1.00
2008.09.16 08:06:10.561,0.9374,0.9377,1.00,1.00
2008.09.16 08:06:10.769,0.93735,0.9377,1.00,1.00
2008.09.16 08:06:11.153,0.9374,0.9376,1.00,1.00
2008.09.16 08:06:11.329,0.9375,0.9376,1.00,1.00
2008.09.16 08:06:11.681,0.9375,0.9377,1.00,1.00
2008.09.16 08:06:12.617,0.93755,0.9377,1.00,1.00
2008.09.16 08:06:13.049,0.9376,0.9377,1.00,1.00
2008.09.16 08:06:13.341,0.93755,0.9378,1.00,1.00
2008.09.16 08:06:13.633,0.9376,0.9378,1.00,1.00
2008.09.16 08:06:13.925,0.93765,0.9378,1.00,1.00
2008.09.16 08:06:14.217,0.93755,0.9378,1.00,1.00
2008.09.16 08:06:15.921,0.93765,0.9378,1.00,1.00
2008.09.16 08:06:16.385,0.9377,0.93795,1.00,1.00
2008.09.16 08:06:16.565,0.9377,0.93805,1.00,4.00
2008.09.16 08:06:16.745,0.9376,0.9379,2.90,3.20
2008.09.16 08:06:16.925,0.9376,0.9379,2.10,3.20
2008.09.16 08:06:17.105,0.93755,0.9379,1.00,3.20
2008.09.16 08:06:17.285,0.93755,0.9379,1.00,4.30
2008.09.16 08:06:17.717,0.9375,0.9379,2.90,4.30
2008.09.16 08:06:17.933,0.93755,0.9378,1.00,1.00
2008.09.16 08:06:18.149,0.9375,0.9378,2.90,1.00
2008.09.16 08:06:18.365,0.93755,0.9378,1.00,1.00
2008.09.16 08:06:18.669,0.9375,0.9378,2.90,1.00
2008.09.16 08:06:18.973,0.93755,0.9378,1.00,1.00
2008.09.16 08:06:19.277,0.9375,0.9378,2.90,1.00
2008.09.16 08:06:19.949,0.93765,0.9378,1.00,1.00
2008.09.16 08:06:20.286,0.9376,0.9378,1.00,1.00
2008.09.16 08:06:20.622,0.9375,0.9378,2.90,1.00
2008.09.16 08:06:20.832,0.9376,0.9378,1.00,1.00
2008.09.16 08:06:21.034,0.93755,0.9378,1.00,1.00
2008.09.16 08:06:21.649,0.9376,0.9378,1.00,1.00
2008.09.16 08:06:21.946,0.9376,0.9379,2.90,1.00
2008.09.16 08:06:22.017,0.93765,0.9379,1.00,1.00
2008.09.16 08:06:24.149,0.9376,0.9379,1.00,1.00
2008.09.16 08:06:24.430,0.93765,0.9379,1.00,1.00
2008.09.16 08:06:25.366,0.93755,0.9379,2.90,1.00
2008.09.16 08:06:25.593,0.9375,0.9378,1.00,1.00
2008.09.16 08:06:26.926,0.93755,0.9378,1.00,1.00
2008.09.16 08:06:27.401,0.9375,0.9378,1.00,1.00
2008.09.16 08:06:28.209,0.93755,0.9378,2.10,1.00
2008.09.16 08:06:28.493,0.9376,0.9379,1.00,1.00
2008.09.16 08:06:28.777,0.93765,0.9379,1.00,1.00
2008.09.16 08:06:31.695,0.9376,0.9379,1.00,1.00
2008.09.16 08:06:32.089,0.93765,0.9379,1.00,1.00
2008.09.16 08:06:32.329,0.9376,0.9379,1.00,1.00
2008.09.16 08:06:32.577,0.93765,0.9379,1.00,1.00
2008.09.16 08:06:32.817,0.9376,0.9379,1.00,1.00
2008.09.16 08:06:33.041,0.93765,0.9379,1.00,1.00
2008.09.16 08:06:33.489,0.9376,0.9379,1.00,1.00
2008.09.16 08:06:33.724,0.93765,0.9379,1.00,1.00
2008.09.16 08:06:33.949,0.9376,0.9379,1.00,1.00
2008.09.16 08:06:34.273,0.9377,0.9379,1.00,1.00
2008.09.16 08:06:34.922,0.9377,0.938,1.00,1.00
2008.09.16 08:06:35.025,0.9377,0.938,1.00,4.30
2008.09.16 08:06:35.337,0.9377,0.938,1.00,1.00
2008.09.16 08:06:35.545,0.93775,0.938,1.00,1.00
2008.09.16 08:06:35.649,0.93775,0.9381,1.00,5.10
2008.09.16 08:06:36.581,0.9378,0.9381,1.00,5.10
2008.09.16 08:06:36.706,0.9378,0.938,1.00,1.00
2008.09.16 08:06:36.831,0.9378,0.938,1.00,4.00
2008.09.16 08:06:37.093,0.93775,0.938,1.00,4.00
2008.09.16 08:06:37.233,0.93775,0.938,1.00,1.00
2008.09.16 08:06:37.373,0.9377,0.938,1.00,1.00
2008.09.16 08:06:40.481,0.9377,0.9381,1.00,5.10
2008.09.16 08:06:40.565,0.9377,0.9381,1.00,8.30
2008.09.16 08:06:40.649,0.93775,0.9381,1.00,8.30
2008.09.16 08:06:40.733,0.93775,0.93805,1.00,4.00
2008.09.16 08:06:40.817,0.9378,0.93805,1.00,4.00
2008.09.16 08:06:41.239,0.9378,0.9381,1.00,3.20
2008.09.16 08:06:41.325,0.9378,0.93815,1.00,4.00
2008.09.16 08:06:41.632,0.93785,0.9382,1.00,8.30
2008.09.16 08:06:42.070,0.93785,0.9382,1.00,5.10
2008.09.16 08:06:42.289,0.9378,0.9382,1.00,5.10
2008.09.16 08:06:42.514,0.93775,0.9381,1.00,3.20
2008.09.16 08:06:43.353,0.93775,0.9381,1.00,4.30
2008.09.16 08:06:43.929,0.9378,0.9382,1.00,5.10
2008.09.16 08:06:44.265,0.93785,0.9382,1.00,4.30
2008.09.16 08:06:45.281,0.93785,0.9382,1.00,1.00
2008.09.16 08:06:45.973,0.9378,0.9382,2.90,4.30
2008.09.16 08:06:46.149,0.93785,0.9382,1.00,1.00
2008.09.16 08:06:49.234,0.9379,0.9382,1.00,4.30
2008.09.16 08:06:49.519,0.93785,0.9382,1.00,1.00
2008.09.16 08:06:49.782,0.93785,0.9382,1.00,4.30
2008.09.16 08:06:50.045,0.93785,0.9381,1.00,3.20
2008.09.16 08:06:50.229,0.93785,0.9382,1.00,4.30
2008.09.16 08:06:50.596,0.93785,0.9382,1.00,1.00
2008.09.16 08:06:51.944,0.93785,0.9382,1.00,4.30
2008.09.16 08:06:52.609,0.9379,0.9382,1.00,1.00
2008.09.16 08:06:52.765,0.93785,0.9382,1.00,1.00
2008.09.16 08:06:52.973,0.93785,0.9382,1.00,4.30
2008.09.16 08:06:54.009,0.93785,0.9382,1.00,8.30
2008.09.16 08:06:54.249,0.93785,0.9382,1.00,1.00
2008.09.16 08:06:56.149,0.93785,0.9381,1.00,1.00
2008.09.16 08:06:56.557,0.93785,0.9383,1.00,5.10
2008.09.16 08:06:56.637,0.93785,0.9383,1.00,1.00
2008.09.16 08:06:56.783,0.93785,0.9383,1.00,4.30
2008.09.16 08:06:56.824,0.93795,0.9383,1.00,4.30
2008.09.16 08:06:57.241,0.938,0.9383,1.00,4.30
2008.09.16 08:06:57.577,0.938,0.9382,1.00,1.00
2008.09.16 08:06:57.912,0.938,0.9382,2.90,1.00
2008.09.16 08:06:58.249,0.938,0.9381,2.90,1.00
2008.09.16 08:06:58.452,0.938,0.9381,2.10,1.00
2008.09.16 08:06:58.657,0.9379,0.938,4.40,1.00
2008.09.16 08:06:58.861,0.93785,0.938,2.90,1.00
2008.09.16 08:06:59.065,0.93785,0.938,1.00,1.00
2008.09.16 08:06:59.401,0.9379,0.938,1.00,1.00
2008.09.16 08:07:00.073,0.93785,0.938,1.00,1.00
2008.09.16 08:07:00.327,0.9378,0.938,2.90,1.00
2008.09.16 08:07:00.736,0.93785,0.938,1.00,1.00
2008.09.16 08:07:01.194,0.9378,0.938,2.90,1.00
2008.09.16 08:07:01.314,0.9379,0.938,2.10,1.00
2008.09.16 08:07:01.433,0.93785,0.938,2.10,1.00
2008.09.16 08:07:01.793,0.9379,0.938,1.00,1.00
2008.09.16 08:07:02.353,0.9379,0.9381,1.00,1.00
2008.09.16 08:07:02.673,0.9379,0.93795,1.00,1.80
2008.09.16 08:07:03.489,0.9378,0.938,1.00,1.00
2008.09.16 08:07:03.825,0.9378,0.938,2.90,1.00
2008.09.16 08:07:04.161,0.9378,0.938,1.00,1.00
2008.09.16 08:07:04.498,0.93785,0.9381,1.00,1.00
2008.09.16 08:07:06.017,0.93785,0.9382,1.00,1.00
2008.09.16 08:07:06.100,0.9379,0.9382,1.00,1.00
2008.09.16 08:07:06.472,0.9379,0.9383,1.00,4.00
2008.09.16 08:07:06.677,0.9378,0.9383,2.10,4.00
2008.09.16 08:07:06.881,0.93815,0.9383,2.10,4.00
2008.09.16 08:07:07.097,0.93815,0.9387,2.10,2.10
2008.09.16 08:07:07.303,0.93815,0.9388,1.00,4.30
2008.09.16 08:07:07.486,0.93815,0.9387,1.00,4.00
2008.09.16 08:07:07.665,0.93805,0.9387,1.00,5.10
2008.09.16 08:07:07.845,0.9381,0.9387,1.00,4.30
2008.09.16 08:07:08.025,0.93825,0.9387,1.00,1.00
2008.09.16 08:07:08.205,0.93825,0.9385,1.00,1.00
2008.09.16 08:07:08.385,0.93835,0.9385,1.00,1.00
2008.09.16 08:07:08.721,0.9384,0.9386,1.00,1.00
2008.09.16 08:07:09.057,0.93835,0.9386,1.00,1.00
2008.09.16 08:07:10.909,0.9383,0.9386,1.00,1.00
2008.09.16 08:07:11.117,0.93835,0.9386,1.00,1.00
2008.09.16 08:07:11.221,0.93835,0.9387,1.00,1.00
2008.09.16 08:07:11.429,0.9384,0.9387,1.00,1.00
2008.09.16 08:07:11.637,0.93835,0.9387,1.00,1.00
2008.09.16 08:07:11.813,0.9384,0.9387,1.00,1.00
2008.09.16 08:07:11.989,0.9384,0.9386,1.00,1.00
2008.09.16 08:07:12.165,0.93835,0.9386,1.00,1.00
2008.09.16 08:07:12.693,0.9384,0.9386,1.00,1.00
2008.09.16 08:07:12.993,0.9383,0.9386,1.00,1.00
2008.09.16 08:07:14.049,0.9384,0.9386,1.00,1.00
2008.09.16 08:07:14.550,0.93845,0.9386,1.00,1.00
2008.09.16 08:07:16.341,0.9385,0.9386,1.00,1.00
2008.09.16 08:07:17.009,0.93855,0.9387,1.00,1.00
2008.09.16 08:07:17.433,0.9385,0.9387,1.00,1.00
2008.09.16 08:07:17.645,0.9384,0.9388,1.00,1.00
2008.09.16 08:07:17.857,0.9384,0.9388,5.40,1.00
2008.09.16 08:07:18.129,0.9385,0.9387,1.00,1.00
2008.09.16 08:07:18.674,0.9385,0.9387,2.90,1.00
2008.09.16 08:07:18.945,0.9385,0.9387,1.00,1.00
2008.09.16 08:07:19.169,0.9385,0.9387,4.00,1.00
2008.09.16 08:07:19.393,0.9385,0.9389,3.20,5.10
2008.09.16 08:07:19.628,0.93865,0.9389,1.00,5.10
2008.09.16 08:07:19.853,0.93855,0.9389,1.00,5.10
2008.09.16 08:07:20.165,0.93855,0.9389,1.00,1.00
2008.09.16 08:07:20.477,0.93855,0.9388,1.00,1.00
2008.09.16 08:07:20.789,0.9385,0.9388,1.00,1.00
2008.09.16 08:07:21.102,0.9385,0.9387,1.00,1.00
2008.09.16 08:07:21.359,0.93855,0.9387,1.00,1.00
2008.09.16 08:07:21.874,0.9385,0.9387,1.00,1.00
2008.09.16 08:07:23.581,0.9385,0.9386,1.00,1.00
2008.09.16 08:07:23.835,0.9384,0.9387,1.00,1.00
2008.09.16 08:07:24.369,0.93845,0.9387,1.00,1.00
2008.09.16 08:07:27.825,0.9385,0.9388,1.00,1.00
2008.09.16 08:07:28.605,0.93855,0.9388,1.00,1.00
2008.09.16 08:07:29.261,0.9385,0.9388,1.00,1.00
2008.09.16 08:07:29.477,0.93845,0.9388,2.90,1.00
2008.09.16 08:07:29.693,0.93845,0.9387,1.00,1.00
2008.09.16 08:07:29.936,0.9384,0.9387,1.00,1.00
2008.09.16 08:07:30.417,0.93845,0.9387,1.00,1.00
2008.09.16 08:07:30.761,0.9384,0.9387,1.00,1.00
2008.09.16 08:07:31.177,0.93845,0.9387,1.00,1.00
2008.09.16 08:07:32.262,0.93845,0.9386,1.00,1.00
2008.09.16 08:07:32.825,0.9384,0.9386,1.00,1.00
2008.09.16 08:07:34.009,0.9384,0.9387,1.00,1.00
2008.09.16 08:07:34.180,0.93845,0.9387,1.00,1.00
2008.09.16 08:07:35.712,0.9384,0.9387,1.00,1.00
2008.09.16 08:07:35.934,0.93845,0.9387,1.00,1.00
2008.09.16 08:07:37.291,0.9385,0.9387,1.00,1.00
2008.09.16 08:07:37.717,0.9385,0.9388,1.00,1.00
2008.09.16 08:07:39.389,0.9386,0.9389,1.00,4.00
2008.09.16 08:07:39.725,0.9385,0.9388,2.90,1.00
2008.09.16 08:07:40.397,0.93845,0.9387,1.00,1.00
2008.09.16 08:07:40.818,0.93855,0.9387,1.00,1.00
2008.09.16 08:07:41.129,0.93865,0.9387,1.00,1.00
2008.09.16 08:07:41.337,0.93855,0.9387,1.00,1.00
2008.09.16 08:07:41.441,0.93855,0.9387,2.90,1.00
2008.09.16 08:07:41.639,0.93855,0.9388,2.90,1.00
2008.09.16 08:07:41.833,0.93855,0.9388,1.00,1.00
2008.09.16 08:07:42.029,0.93855,0.9387,1.00,1.00
2008.09.16 08:07:42.225,0.93845,0.9387,2.10,1.00
2008.09.16 08:07:42.425,0.93845,0.9387,1.00,1.00
2008.09.16 08:07:42.953,0.9385,0.9387,1.00,1.00
2008.09.16 08:07:43.954,0.93845,0.9388,2.90,1.00
2008.09.16 08:07:44.424,0.93845,0.9387,2.90,1.00
2008.09.16 08:07:44.726,0.9385,0.9387,1.00,1.00
2008.09.16 08:07:45.026,0.9384,0.9387,1.00,1.00
2008.09.16 08:07:45.326,0.9384,0.9386,1.00,1.00
2008.09.16 08:07:45.624,0.9384,0.9386,3.20,1.00
2008.09.16 08:07:45.890,0.93845,0.9387,1.00,1.00
2008.09.16 08:07:46.155,0.9384,0.9387,3.20,1.00
2008.09.16 08:07:46.418,0.9384,0.9386,3.20,1.00
2008.09.16 08:07:46.681,0.9384,0.9386,1.00,1.00
2008.09.16 08:07:47.706,0.9385,0.9386,2.20,1.00
2008.09.16 08:07:47.900,0.9384,0.9386,3.20,1.00
2008.09.16 08:07:48.096,0.93845,0.9388,1.00,1.00
2008.09.16 08:07:48.293,0.9384,0.9388,3.20,1.00
2008.09.16 08:07:48.488,0.9385,0.9388,1.00,1.00
2008.09.16 08:07:48.685,0.9384,0.9388,1.00,1.00
2008.09.16 08:07:48.881,0.93845,0.9388,1.00,1.00
2008.09.16 08:07:49.014,0.93845,0.9387,1.00,1.00
2008.09.16 08:07:49.541,0.93855,0.9387,2.10,1.00
2008.09.16 08:07:49.804,0.9384,0.9387,2.90,1.00
2008.09.16 08:07:50.142,0.9384,0.9386,5.40,1.00
2008.09.16 08:07:50.477,0.9385,0.9387,2.90,1.00
2008.09.16 08:07:50.813,0.93845,0.9387,2.10,1.00
2008.09.16 08:07:50.932,0.9384,0.9387,2.90,1.00
2008.09.16 08:07:51.052,0.93835,0.9387,2.10,1.00
2008.09.16 08:07:51.652,0.93835,0.9386,2.10,1.00
2008.09.16 08:07:51.895,0.93835,0.9386,4.40,1.00
2008.09.16 08:07:52.217,0.93835,0.9385,4.40,1.00
2008.09.16 08:07:52.532,0.93845,0.9385,2.20,1.00
2008.09.16 08:07:52.848,0.9384,0.9385,2.20,1.00
2008.09.16 08:07:53.165,0.9383,0.9385,2.10,1.00
2008.09.16 08:07:53.630,0.9383,0.9386,2.10,1.00
2008.09.16 08:07:54.293,0.93825,0.9386,2.10,1.00
2008.09.16 08:07:54.992,0.9382,0.9386,2.90,1.00
2008.09.16 08:07:55.329,0.93815,0.9386,2.90,1.00
2008.09.16 08:07:55.665,0.9382,0.9386,1.00,1.00
2008.09.16 08:07:56.003,0.9382,0.9385,1.00,1.00
2008.09.16 08:07:56.141,0.9383,0.9385,3.20,1.00
2008.09.16 08:07:56.273,0.9383,0.9386,6.20,1.00
2008.09.16 08:07:56.407,0.9384,0.9386,1.00,1.00
2008.09.16 08:07:56.541,0.93835,0.9386,2.90,1.00
2008.09.16 08:07:56.673,0.93835,0.9386,2.10,1.00
2008.09.16 08:07:56.806,0.9383,0.9386,2.90,1.00
2008.09.16 08:07:56.937,0.9383,0.9385,2.90,1.00
2008.09.16 08:07:57.069,0.9383,0.9385,2.10,1.00
2008.09.16 08:07:57.389,0.9383,0.9385,2.90,1.00
2008.09.16 08:07:58.028,0.9383,0.9385,1.00,1.00
2008.09.16 08:07:58.501,0.93835,0.9386,1.00,1.00
2008.09.16 08:07:58.975,0.9383,0.9386,1.00,1.00
2008.09.16 08:07:59.937,0.93825,0.9385,2.90,1.00
2008.09.16 08:08:00.257,0.93835,0.9386,1.00,1.00
2008.09.16 08:08:00.473,0.9383,0.9386,2.10,1.00
2008.09.16 08:08:00.904,0.93825,0.9386,5.40,1.00
2008.09.16 08:08:01.122,0.9382,0.9385,2.20,1.00
2008.09.16 08:08:01.336,0.93815,0.9385,3.20,1.00
2008.09.16 08:08:01.536,0.9381,0.9385,2.90,1.00
2008.09.16 08:08:01.737,0.93815,0.9385,1.00,1.00
2008.09.16 08:08:02.137,0.93825,0.9385,1.00,1.00
2008.09.16 08:08:02.745,0.9382,0.9385,6.20,1.00
2008.09.16 08:08:03.049,0.93825,0.9385,1.00,1.00
2008.09.16 08:08:03.484,0.93825,0.9385,2.90,1.00
2008.09.16 08:08:03.769,0.9383,0.9385,1.00,1.00
2008.09.16 08:08:04.053,0.93835,0.9387,1.00,1.00
2008.09.16 08:08:04.337,0.9383,0.9387,1.00,1.00
2008.09.16 08:08:05.393,0.93825,0.9387,5.40,1.00
2008.09.16 08:08:05.649,0.93835,0.9387,1.00,1.00
2008.09.16 08:08:05.904,0.93835,0.9387,2.10,1.00
2008.09.16 08:08:06.161,0.9384,0.9387,2.10,1.00
2008.09.16 08:08:06.418,0.93835,0.9387,2.90,1.00
2008.09.16 08:08:06.532,0.93845,0.9388,1.00,1.00
2008.09.16 08:08:06.764,0.93835,0.9388,1.00,1.00
2008.09.16 08:08:06.996,0.9384,0.9388,1.00,1.00
2008.09.16 08:08:07.228,0.9384,0.9388,1.00,4.30
2008.09.16 08:08:07.628,0.93835,0.9388,2.90,4.30
2008.09.16 08:08:07.840,0.9384,0.9388,1.00,5.40
2008.09.16 08:08:08.041,0.9384,0.9387,1.00,1.00
2008.09.16 08:08:08.241,0.9383,0.9387,1.00,1.00
2008.09.16 08:08:08.541,0.9384,0.9387,4.00,1.00
2008.09.16 08:08:08.841,0.93845,0.9388,1.00,1.00
2008.09.16 08:08:09.140,0.9384,0.9388,2.90,1.00
2008.09.16 08:08:09.441,0.93845,0.9388,1.00,1.00
2008.09.16 08:08:09.985,0.9384,0.9388,6.20,1.00
2008.09.16 08:08:10.257,0.93845,0.9388,1.00,1.00
2008.09.16 08:08:10.593,0.9384,0.9388,1.00,1.00
2008.09.16 08:08:10.929,0.93845,0.9387,1.00,1.00
2008.09.16 08:08:11.408,0.9384,0.9387,6.20,1.00
2008.09.16 08:08:11.545,0.9384,0.9387,3.20,1.00
2008.09.16 08:08:11.681,0.93835,0.9386,1.00,1.00
2008.09.16 08:08:14.757,0.9383,0.9386,1.00,1.00
2008.09.16 08:08:15.050,0.9384,0.9386,1.00,1.00
2008.09.16 08:08:15.340,0.93835,0.9386,1.00,1.00
2008.09.16 08:08:17.174,0.9384,0.9387,1.00,1.00
2008.09.16 08:08:17.398,0.93835,0.9387,2.90,1.00
2008.09.16 08:08:17.861,0.93835,0.9387,1.00,1.00
2008.09.16 08:08:18.124,0.9384,0.9387,1.00,1.00
2008.09.16 08:08:18.256,0.93845,0.9387,1.00,1.00
2008.09.16 08:08:18.389,0.9385,0.9387,1.00,1.00
2008.09.16 08:08:18.652,0.93845,0.9387,1.00,1.00
2008.09.16 08:08:19.124,0.9384,0.9387,6.20,1.00
2008.09.16 08:08:19.598,0.9384,0.9388,6.20,1.00
2008.09.16 08:08:20.773,0.9384,0.9388,2.90,1.00
2008.09.16 08:08:20.817,0.93845,0.9388,2.10,1.00
2008.09.16 08:08:20.901,0.93845,0.9387,2.10,1.00
2008.09.16 08:08:21.058,0.93845,0.9387,2.90,1.00
2008.09.16 08:08:21.256,0.9385,0.9387,1.00,1.00
2008.09.16 08:08:21.440,0.9385,0.9388,1.00,1.00
2008.09.16 08:08:22.316,0.93845,0.9387,2.90,1.00
2008.09.16 08:08:23.976,0.93845,0.9386,2.90,1.00
2008.09.16 08:08:24.157,0.9385,0.9386,1.00,1.00
2008.09.16 08:08:24.336,0.93845,0.9386,1.00,1.00
2008.09.16 08:08:24.876,0.9384,0.9386,2.90,1.00
2008.09.16 08:08:25.213,0.93835,0.9386,1.00,1.00
2008.09.16 08:08:25.548,0.9383,0.9386,1.00,1.00
2008.09.16 08:08:26.992,0.93835,0.9386,1.00,1.00
2008.09.16 08:08:27.372,0.9383,0.9386,6.20,1.00
2008.09.16 08:08:28.853,0.9383,0.9386,2.90,1.00
2008.09.16 08:08:29.100,0.93835,0.9386,1.00,1.00
2008.09.16 08:08:30.682,0.9384,0.9386,3.20,1.00
2008.09.16 08:08:30.725,0.9384,0.9387,3.20,1.00
2008.09.16 08:08:30.826,0.9385,0.9387,1.00,1.00
2008.09.16 08:08:31.244,0.93855,0.9387,1.00,1.00
2008.09.16 08:08:31.998,0.9385,0.9386,1.00,1.00
2008.09.16 08:08:33.376,0.93845,0.9386,1.00,1.00
2008.09.16 08:08:33.472,0.9385,0.9386,1.00,1.00
2008.09.16 08:08:34.112,0.93845,0.9386,1.00,1.00
2008.09.16 08:08:34.561,0.9384,0.9386,1.00,1.00
2008.09.16 08:08:35.122,0.9384,0.9386,6.20,1.00
2008.09.16 08:08:35.457,0.9385,0.9388,5.40,1.80
2008.09.16 08:08:35.793,0.93865,0.93885,1.00,4.00
2008.09.16 08:08:36.117,0.9385,0.93885,2.90,4.00
2008.09.16 08:08:36.278,0.9385,0.939,2.90,1.00
2008.09.16 08:08:36.766,0.93855,0.939,1.00,1.00
2008.09.16 08:08:36.972,0.93875,0.939,1.00,1.00
2008.09.16 08:08:37.180,0.93875,0.93905,1.00,4.00
2008.09.16 08:08:37.388,0.9387,0.939,1.00,1.00
2008.09.16 08:08:37.804,0.93875,0.939,1.00,1.00
2008.09.16 08:08:38.566,0.9387,0.939,2.90,1.00
2008.09.16 08:08:38.842,0.93875,0.9391,1.00,1.00
2008.09.16 08:08:39.005,0.93875,0.9391,2.90,1.00
2008.09.16 08:08:39.319,0.9388,0.9389,1.00,1.00
2008.09.16 08:08:39.482,0.93875,0.9389,2.10,1.00
2008.09.16 08:08:39.796,0.93865,0.9389,2.90,1.00
2008.09.16 08:08:39.952,0.9387,0.9389,2.90,1.00
2008.09.16 08:08:40.293,0.9387,0.9389,2.10,1.00
2008.09.16 08:08:40.632,0.9387,0.9389,2.90,1.00
2008.09.16 08:08:40.973,0.9387,0.9389,2.10,1.00
2008.09.16 08:08:41.220,0.93865,0.9389,2.90,1.00
2008.09.16 08:08:41.741,0.9386,0.939,2.10,1.00
2008.09.16 08:08:41.989,0.9386,0.939,2.10,4.30
2008.09.16 08:08:42.173,0.93865,0.939,2.90,2.10
2008.09.16 08:08:42.356,0.93865,0.9389,2.90,1.00
2008.09.16 08:08:42.541,0.9386,0.9389,2.10,1.00
2008.09.16 08:08:42.738,0.9386,0.9388,2.10,1.00
2008.09.16 08:08:43.440,0.9386,0.939,4.30,1.00
2008.09.16 08:08:43.777,0.9389,0.9391,2.10,4.00
2008.09.16 08:08:44.122,0.9389,0.9395,2.10,5.40
2008.09.16 08:08:44.368,0.93885,0.9395,2.10,1.70
2008.09.16 08:08:44.617,0.9388,0.9392,2.10,1.00
2008.09.16 08:08:44.864,0.9389,0.9392,2.20,1.00
2008.09.16 08:08:45.112,0.9389,0.9391,2.20,1.00
2008.09.16 08:08:45.319,0.9388,0.9391,2.10,1.00
2008.09.16 08:08:45.526,0.93875,0.9391,2.20,1.00
2008.09.16 08:08:45.925,0.93875,0.939,1.00,1.00
2008.09.16 08:08:46.125,0.9386,0.939,5.40,1.00
2008.09.16 08:08:46.369,0.93865,0.93915,1.00,5.80
2008.09.16 08:08:46.612,0.9387,0.9391,1.00,1.00
2008.09.16 08:08:46.856,0.9387,0.9391,1.00,4.30
2008.09.16 08:08:47.100,0.93865,0.9391,2.90,4.30
2008.09.16 08:08:47.344,0.93865,0.939,2.90,3.20
2008.09.16 08:08:47.644,0.93855,0.939,2.20,4.90
2008.09.16 08:08:47.945,0.93855,0.9388,2.20,1.00
2008.09.16 08:08:48.244,0.9385,0.9389,1.00,1.00
2008.09.16 08:08:48.540,0.9386,0.9389,1.00,1.00
2008.09.16 08:08:48.836,0.93865,0.939,1.00,1.00
2008.09.16 08:08:49.428,0.93865,0.9391,1.00,1.00
2008.09.16 08:08:49.980,0.93865,0.9391,2.90,1.00
2008.09.16 08:08:50.256,0.93865,0.9391,2.90,2.10
2008.09.16 08:08:50.532,0.9386,0.9391,6.40,2.80
2008.09.16 08:08:50.808,0.93865,0.9391,1.00,6.80
2008.09.16 08:08:51.084,0.9386,0.9391,1.00,10.10
2008.09.16 08:08:51.360,0.93855,0.939,2.90,4.30
2008.09.16 08:08:51.528,0.9386,0.939,1.00,1.00
2008.09.16 08:08:52.032,0.9386,0.9389,1.00,1.00
2008.09.16 08:08:52.368,0.9387,0.9389,1.00,1.00
2008.09.16 08:08:52.548,0.9387,0.939,1.00,1.00
2008.09.16 08:08:52.908,0.93875,0.939,1.00,1.00
2008.09.16 08:08:53.448,0.93875,0.939,2.10,1.00
2008.09.16 08:08:53.788,0.9388,0.9391,1.00,1.00
2008.09.16 08:08:54.128,0.93875,0.9391,2.10,1.00
2008.09.16 08:08:54.756,0.9387,0.9391,2.90,1.00
2008.09.16 08:08:55.046,0.93865,0.939,2.90,1.00
2008.09.16 08:08:55.952,0.9387,0.9391,1.00,1.00
2008.09.16 08:08:56.128,0.93875,0.9391,1.00,4.30
2008.09.16 08:08:56.304,0.93875,0.9391,1.00,5.10
2008.09.16 08:08:56.481,0.93875,0.9391,1.00,4.30
2008.09.16 08:08:56.656,0.93875,0.9391,1.00,1.00
2008.09.16 08:08:57.032,0.9388,0.9391,1.00,1.00
2008.09.16 08:08:57.220,0.93875,0.9391,1.00,1.00
2008.09.16 08:08:57.598,0.93875,0.9391,2.90,1.00
2008.09.16 08:08:58.464,0.9388,0.9391,1.00,1.00
2008.09.16 08:08:58.571,0.9388,0.9391,2.90,1.00
2008.09.16 08:08:58.808,0.93875,0.9391,5.40,1.00
2008.09.16 08:08:59.044,0.93875,0.9391,2.90,1.00
2008.09.16 08:08:59.516,0.93875,0.939,2.90,1.00
2008.09.16 08:09:00.092,0.93875,0.939,2.10,1.00
2008.09.16 08:09:00.432,0.93875,0.9391,2.90,1.00
2008.09.16 08:09:00.772,0.9388,0.9391,2.10,1.00
2008.09.16 08:09:02.230,0.9388,0.9391,2.90,1.00
2008.09.16 08:09:05.448,0.9388,0.9391,2.10,1.00
2008.09.16 08:09:05.788,0.93875,0.9391,2.10,1.00
2008.09.16 08:09:06.128,0.93875,0.9391,2.90,1.00
2008.09.16 08:09:06.741,0.93875,0.939,2.90,1.00
2008.09.16 08:09:07.113,0.9388,0.939,2.10,1.00
2008.09.16 08:09:07.413,0.9388,0.9391,2.90,1.00
2008.09.16 08:09:07.512,0.93885,0.9391,2.10,1.00
2008.09.16 08:09:08.252,0.93885,0.9392,2.10,1.00
2008.09.16 08:09:08.492,0.9389,0.9392,4.00,1.00
2008.09.16 08:09:08.732,0.9389,0.9392,6.20,1.00
2008.09.16 08:09:08.973,0.9389,0.9392,2.90,1.00
2008.09.16 08:09:09.212,0.9389,0.9392,6.20,1.00
2008.09.16 08:09:09.796,0.9389,0.9392,2.90,1.00
2008.09.16 08:09:09.913,0.93885,0.9392,5.40,1.00
2008.09.16 08:09:10.368,0.93885,0.9392,2.90,1.00
2008.09.16 08:09:11.048,0.93885,0.9392,2.10,1.00
2008.09.16 08:09:11.389,0.93905,0.9393,1.00,1.00
2008.09.16 08:09:11.512,0.939,0.9393,2.90,1.00
2008.09.16 08:09:12.134,0.939,0.9393,2.10,4.30
2008.09.16 08:09:12.475,0.939,0.9392,2.10,1.00
2008.09.16 08:09:12.816,0.9389,0.9392,4.40,1.00
2008.09.16 08:09:13.164,0.9389,0.9392,2.20,1.00
2008.09.16 08:09:13.428,0.93885,0.9392,2.10,1.00
2008.09.16 08:09:13.693,0.93885,0.9391,2.10,1.00
2008.09.16 08:09:14.220,0.9388,0.9391,5.40,1.00
2008.09.16 08:09:14.940,0.9388,0.9391,8.30,1.00
2008.09.16 08:09:15.428,0.93885,0.9392,2.10,1.00
2008.09.16 08:09:16.268,0.9388,0.9392,1.00,1.00
2008.09.16 08:09:16.557,0.93875,0.9392,2.90,1.70
2008.09.16 08:09:16.836,0.93875,0.9392,2.10,2.80
2008.09.16 08:09:17.113,0.93875,0.9391,2.90,1.00
2008.09.16 08:09:17.389,0.93875,0.9391,2.10,1.00
2008.09.16 08:09:17.708,0.93875,0.9392,2.10,2.80
2008.09.16 08:09:17.868,0.93875,0.9392,1.00,4.90
2008.09.16 08:09:18.028,0.93875,0.93915,2.90,1.00
2008.09.16 08:09:18.188,0.93875,0.9392,2.10,2.80
2008.09.16 08:09:18.348,0.9387,0.93915,2.10,1.00
2008.09.16 08:09:18.509,0.9387,0.9391,2.10,2.10
2008.09.16 08:09:18.828,0.9387,0.939,2.10,1.00
2008.09.16 08:09:19.148,0.93865,0.939,2.90,1.00
2008.09.16 08:09:19.468,0.93875,0.9391,1.00,1.00
2008.09.16 08:09:19.718,0.9387,0.9391,2.90,1.00
2008.09.16 08:09:19.968,0.93865,0.9391,1.00,1.00
2008.09.16 08:09:20.216,0.9387,0.9391,2.10,1.00
2008.09.16 08:09:20.464,0.9387,0.939,2.10,1.00
2008.09.16 08:09:20.696,0.93875,0.939,2.10,1.00
2008.09.16 08:09:20.812,0.93875,0.939,2.90,1.00
2008.09.16 08:09:22.025,0.93875,0.939,1.00,1.00
2008.09.16 08:09:22.273,0.9387,0.939,2.90,1.00
2008.09.16 08:09:22.520,0.9387,0.939,6.20,1.00
2008.09.16 08:09:22.611,0.93875,0.939,1.00,1.00
2008.09.16 08:09:22.656,0.93875,0.939,2.90,1.00
2008.09.16 08:09:23.934,0.93875,0.939,2.10,1.00
2008.09.16 08:09:24.166,0.9388,0.939,2.10,1.00
2008.09.16 08:09:24.848,0.9387,0.939,4.40,1.00
2008.09.16 08:09:25.145,0.9387,0.9389,4.40,1.00
2008.09.16 08:09:25.443,0.9388,0.9389,2.10,1.00
2008.09.16 08:09:25.737,0.9388,0.939,2.10,1.00
2008.09.16 08:09:25.877,0.9388,0.9391,2.10,1.00
2008.09.16 08:09:27.609,0.9387,0.9391,2.90,1.00
2008.09.16 08:09:27.968,0.93875,0.9391,2.10,1.00
2008.09.16 08:09:28.825,0.93885,0.9391,2.10,1.00
2008.09.16 08:09:30.596,0.93875,0.9391,5.40,1.00
2008.09.16 08:09:30.915,0.93875,0.939,2.10,1.00
2008.09.16 08:09:31.108,0.9387,0.939,2.20,1.00
2008.09.16 08:09:31.304,0.9387,0.939,2.90,1.00
2008.09.16 08:09:31.696,0.93875,0.939,2.10,1.00
2008.09.16 08:09:32.188,0.9387,0.939,2.10,1.00
2008.09.16 08:09:32.486,0.9387,0.9389,2.90,1.00
2008.09.16 08:09:32.781,0.9387,0.939,2.90,1.00
2008.09.16 08:09:34.488,0.9387,0.939,2.10,1.00
2008.09.16 08:09:34.504,0.93865,0.939,2.10,1.00
2008.09.16 08:09:37.449,0.9387,0.939,3.20,1.00
2008.09.16 08:09:37.920,0.9387,0.939,4.00,1.00
2008.09.16 08:09:38.156,0.93875,0.939,2.10,1.00
2008.09.16 08:09:38.392,0.93875,0.939,2.90,1.00
2008.09.16 08:09:38.880,0.93875,0.9391,2.90,1.00
2008.09.16 08:09:39.124,0.9389,0.9391,3.20,1.00
2008.09.16 08:09:40.196,0.93885,0.9391,2.10,1.00
2008.09.16 08:09:40.473,0.9388,0.9391,2.10,1.00
2008.09.16 08:09:40.722,0.93885,0.9391,2.10,1.00
2008.09.16 08:09:40.970,0.93875,0.9391,2.10,1.00
2008.09.16 08:09:42.488,0.93875,0.93905,2.10,1.00
2008.09.16 08:09:42.604,0.93875,0.93905,2.10,1.70
2008.09.16 08:09:42.720,0.93875,0.93905,2.10,1.00
2008.09.16 08:09:42.836,0.93875,0.9391,2.10,2.80
2008.09.16 08:09:42.952,0.9387,0.93905,7.50,1.00
2008.09.16 08:09:43.068,0.9387,0.939,7.50,1.00
2008.09.16 08:09:43.184,0.9387,0.939,5.40,1.00
2008.09.16 08:09:43.416,0.9387,0.939,5.40,2.10
2008.09.16 08:09:43.756,0.9387,0.939,3.20,1.70
2008.09.16 08:09:44.096,0.9387,0.939,3.20,1.00
2008.09.16 08:09:44.436,0.9386,0.939,2.10,1.70
2008.09.16 08:09:44.696,0.9386,0.939,2.10,1.00
2008.09.16 08:09:44.972,0.9386,0.9389,6.20,1.00
2008.09.16 08:09:45.232,0.9386,0.939,6.20,1.00
2008.09.16 08:09:45.688,0.9387,0.939,3.20,1.00
2008.09.16 08:09:45.884,0.9386,0.939,2.90,1.00
2008.09.16 08:09:46.080,0.9387,0.939,2.10,1.00
2008.09.16 08:09:46.276,0.9387,0.9389,2.10,1.00
2008.09.16 08:09:46.472,0.93865,0.9389,2.10,1.00
2008.09.16 08:09:47.104,0.9386,0.9389,2.10,1.00
2008.09.16 08:09:48.060,0.93855,0.9389,2.10,1.00
2008.09.16 08:09:48.309,0.9387,0.9389,3.20,1.00
2008.09.16 08:09:50.420,0.9387,0.9389,5.40,1.00
2008.09.16 08:09:50.760,0.9387,0.9389,3.20,1.00
2008.09.16 08:09:52.788,0.9387,0.939,4.00,1.00
2008.09.16 08:09:52.968,0.9387,0.939,6.20,1.00
2008.09.16 08:09:53.728,0.9387,0.939,4.00,1.00
2008.09.16 08:09:54.392,0.9387,0.939,6.20,1.00
2008.09.16 08:09:54.928,0.93875,0.939,2.10,1.00
2008.09.16 08:09:55.268,0.93865,0.939,5.40,1.00
2008.09.16 08:09:55.608,0.9387,0.939,3.20,1.00
2008.09.16 08:09:55.949,0.9387,0.939,4.00,1.00
2008.09.16 08:09:56.156,0.9387,0.939,6.20,1.00
2008.09.16 08:09:57.257,0.9387,0.9389,6.20,1.00
2008.09.16 08:09:57.502,0.93875,0.9389,2.10,1.00
2008.09.16 08:09:57.989,0.93865,0.9389,2.10,1.00
2008.09.16 08:09:58.734,0.9386,0.9389,6.20,1.00
2008.09.16 08:09:59.874,0.93865,0.9389,2.10,1.00
2008.09.16 08:10:00.702,0.9386,0.9389,2.10,1.00
2008.09.16 08:10:01.040,0.93855,0.9389,2.90,1.00
2008.09.16 08:10:01.266,0.9386,0.9389,2.90,1.00
2008.09.16 08:10:01.488,0.9386,0.939,2.90,1.00
2008.09.16 08:10:01.936,0.9386,0.9389,2.90,1.00
2008.09.16 08:10:02.160,0.9386,0.9389,6.20,1.00
2008.09.16 08:10:02.800,0.93865,0.9389,2.10,1.00
2008.09.16 08:10:03.510,0.93875,0.9389,2.10,1.00
2008.09.16 08:10:03.710,0.9389,0.939,2.10,1.00
2008.09.16 08:10:03.917,0.9389,0.9392,2.10,1.00
2008.09.16 08:10:04.380,0.93905,0.9393,1.00,1.80
2008.09.16 08:10:04.648,0.93895,0.9393,2.10,4.90
2008.09.16 08:10:04.916,0.93905,0.9395,1.00,5.10
2008.09.16 08:10:05.184,0.93905,0.9394,2.10,1.00
2008.09.16 08:10:05.524,0.93905,0.93945,2.10,1.70
2008.09.16 08:10:05.866,0.93915,0.9394,1.00,1.00
2008.09.16 08:10:06.204,0.939,0.9392,2.20,1.00
2008.09.16 08:10:06.332,0.93915,0.9392,1.00,1.00
2008.09.16 08:10:06.593,0.93905,0.9396,2.10,1.70
2008.09.16 08:10:06.988,0.9391,0.9396,2.10,1.00
2008.09.16 08:10:07.116,0.93905,0.9396,2.10,1.70
2008.09.16 08:10:07.584,0.9392,0.9397,1.00,1.00
2008.09.16 08:10:07.924,0.93915,0.9395,1.00,1.00
2008.09.16 08:10:08.264,0.9392,0.93945,2.10,4.00
2008.09.16 08:10:08.500,0.9392,0.93945,2.10,3.20
2008.09.16 08:10:08.736,0.93915,0.9395,4.40,2.80
2008.09.16 08:10:08.972,0.9391,0.9395,4.40,2.80
2008.09.16 08:10:09.208,0.939,0.9395,5.40,1.70
2008.09.16 08:10:09.536,0.93905,0.9395,1.00,1.00
2008.09.16 08:10:10.485,0.93915,0.9395,2.10,1.00
2008.09.16 08:10:11.300,0.93915,0.9395,2.90,1.00
2008.09.16 08:10:11.510,0.93915,0.9395,2.90,2.10
2008.09.16 08:10:11.716,0.93915,0.9395,2.90,1.00
2008.09.16 08:10:11.820,0.93915,0.9395,2.10,1.70
2008.09.16 08:10:12.248,0.93905,0.9395,2.10,1.70
2008.09.16 08:10:12.352,0.9391,0.9395,4.30,1.70
2008.09.16 08:10:12.650,0.93915,0.9395,2.20,1.00
2008.09.16 08:10:12.932,0.9392,0.9395,2.10,1.00
2008.09.16 08:10:13.800,0.93915,0.9395,4.40,1.00
2008.09.16 08:10:14.101,0.9392,0.9395,2.10,1.00
2008.09.16 08:10:14.700,0.9392,0.9396,2.10,2.80
2008.09.16 08:10:14.904,0.9392,0.9396,2.10,1.70
2008.09.16 08:10:15.108,0.93925,0.9396,2.10,1.00
2008.09.16 08:10:15.737,0.9393,0.9396,2.10,1.00
2008.09.16 08:10:16.404,0.93925,0.9395,2.10,1.00
2008.09.16 08:10:16.888,0.9392,0.9395,2.10,1.00
2008.09.16 08:10:18.956,0.93915,0.9395,2.10,1.00
2008.09.16 08:10:19.252,0.9392,0.9395,2.10,1.00
2008.09.16 08:10:19.548,0.93915,0.9395,4.40,1.00
2008.09.16 08:10:19.844,0.9392,0.9395,2.10,1.00
2008.09.16 08:10:20.525,0.9392,0.9396,2.10,1.00
2008.09.16 08:10:20.869,0.9392,0.9396,2.10,2.80
2008.09.16 08:10:20.997,0.93925,0.9396,2.10,2.80
2008.09.16 08:10:21.344,0.9392,0.9396,4.40,2.80
2008.09.16 08:10:21.648,0.9392,0.9396,2.10,2.80
2008.09.16 08:10:21.713,0.9392,0.9396,2.10,1.70
2008.09.16 08:10:21.809,0.9392,0.9396,2.10,1.00
2008.09.16 08:10:22.679,0.9393,0.9396,3.20,1.00
2008.09.16 08:10:22.925,0.93925,0.93965,1.00,1.00
2008.09.16 08:10:23.149,0.9392,0.93965,7.50,1.70
2008.09.16 08:10:23.373,0.9393,0.9397,3.20,2.80
2008.09.16 08:10:23.597,0.9392,0.93965,2.90,1.00
2008.09.16 08:10:23.834,0.93925,0.93965,2.10,1.70
2008.09.16 08:10:24.240,0.9392,0.93965,2.10,1.70
2008.09.16 08:10:24.609,0.93925,0.93965,2.10,1.70
2008.09.16 08:10:25.485,0.9392,0.93965,2.10,1.70
2008.09.16 08:10:26.452,0.93915,0.9395,1.00,1.00
2008.09.16 08:10:26.660,0.9391,0.9395,2.10,1.70
2008.09.16 08:10:27.076,0.9391,0.9394,2.10,1.00
2008.09.16 08:10:27.284,0.93905,0.9394,2.20,1.00
2008.09.16 08:10:27.604,0.9391,0.9395,1.00,1.00
2008.09.16 08:10:28.244,0.9391,0.93945,2.10,1.70
2008.09.16 08:10:28.528,0.9391,0.9395,2.10,2.80
2008.09.16 08:10:28.812,0.9391,0.9395,3.20,2.80
2008.09.16 08:10:29.380,0.9391,0.9395,5.40,2.80
2008.09.16 08:10:29.596,0.9392,0.9395,2.10,1.00
2008.09.16 08:10:29.812,0.9392,0.9394,2.10,1.00
2008.09.16 08:10:30.028,0.93915,0.9394,2.10,2.80
2008.09.16 08:10:30.244,0.93915,0.9393,2.10,1.00
2008.09.16 08:10:30.676,0.9391,0.9393,2.10,1.00
2008.09.16 08:10:30.964,0.93905,0.9393,4.40,1.00
2008.09.16 08:10:31.252,0.93905,0.9393,2.10,1.00
2008.09.16 08:10:31.540,0.93905,0.9394,2.10,1.00
2008.09.16 08:10:32.084,0.9391,0.9393,2.10,1.00
2008.09.16 08:10:32.596,0.93905,0.9393,2.10,1.00
2008.09.16 08:10:33.120,0.9391,0.9393,2.10,1.00
2008.09.16 08:10:33.648,0.93905,0.9393,2.10,1.00
2008.09.16 08:10:34.332,0.939,0.9393,4.40,1.00
2008.09.16 08:10:34.520,0.939,0.9393,2.10,1.00
2008.09.16 08:10:37.509,0.939,0.9394,2.10,1.70
2008.09.16 08:10:37.673,0.93905,0.9394,2.10,1.00
2008.09.16 08:10:37.989,0.93905,0.9394,2.10,2.10
2008.09.16 08:10:38.056,0.93905,0.9393,2.10,1.00
2008.09.16 08:10:39.888,0.93905,0.93935,2.10,1.00
2008.09.16 08:10:40.224,0.93905,0.9394,2.10,1.70
2008.09.16 08:10:40.576,0.939,0.9393,2.10,1.00
2008.09.16 08:10:40.915,0.93905,0.9393,2.10,1.00
2008.09.16 08:10:41.446,0.93905,0.9394,2.10,1.00
2008.09.16 08:10:42.172,0.939,0.9394,2.10,1.00
2008.09.16 08:10:42.478,0.939,0.9393,2.10,1.00
2008.09.16 08:10:42.660,0.9391,0.9393,2.10,1.00
2008.09.16 08:10:42.844,0.9391,0.9395,5.40,5.10
2008.09.16 08:10:43.028,0.9391,0.9395,5.40,2.80
2008.09.16 08:10:43.212,0.9391,0.9395,5.40,2.10
2008.09.16 08:10:43.676,0.9391,0.9395,3.20,1.70
2008.09.16 08:10:43.958,0.9391,0.9395,3.20,1.00
2008.09.16 08:10:44.236,0.9391,0.9395,5.40,1.00
2008.09.16 08:10:44.452,0.9391,0.9394,5.40,1.00
2008.09.16 08:10:46.480,0.9392,0.9394,2.10,1.00
2008.09.16 08:10:46.708,0.93915,0.9394,2.10,1.00
2008.09.16 08:10:47.127,0.9391,0.9394,7.60,1.00
2008.09.16 08:10:47.167,0.9391,0.9394,5.40,1.00
2008.09.16 08:10:47.754,0.9391,0.9394,2.10,1.00
2008.09.16 08:10:47.940,0.9391,0.9393,2.10,1.00
2008.09.16 08:10:48.805,0.93915,0.9393,2.10,1.00
2008.09.16 08:10:49.512,0.9392,0.9393,2.10,1.00
2008.09.16 08:10:49.964,0.93925,0.9395,2.10,1.00
2008.09.16 08:10:50.192,0.9392,0.9395,2.10,1.00
2008.09.16 08:10:50.980,0.9392,0.9394,2.10,1.00
2008.09.16 08:10:51.662,0.9393,0.9395,3.20,1.00
2008.09.16 08:10:51.824,0.9392,0.9395,2.10,1.00
2008.09.16 08:10:52.152,0.93915,0.9395,2.10,1.00
2008.09.16 08:10:52.644,0.93915,0.93965,2.90,1.70
2008.09.16 08:10:52.840,0.9393,0.93965,3.20,4.70
2008.09.16 08:10:53.036,0.93925,0.9396,1.00,1.00
2008.09.16 08:10:53.232,0.9393,0.9396,2.10,1.00
2008.09.16 08:10:53.620,0.93925,0.9396,2.10,1.00
2008.09.16 08:10:54.152,0.93925,0.9395,2.10,1.00
2008.09.16 08:10:54.420,0.9393,0.9395,2.90,1.00
2008.09.16 08:10:54.688,0.9393,0.9396,2.90,1.00
2008.09.16 08:10:54.888,0.9394,0.9396,2.10,1.00
2008.09.16 08:10:55.088,0.93935,0.9396,2.10,1.00
2008.09.16 08:10:56.472,0.9393,0.9396,4.40,1.00
2008.09.16 08:10:56.636,0.9393,0.9395,2.10,1.00
2008.09.16 08:10:58.048,0.93935,0.9395,2.10,1.00
2008.09.16 08:10:58.504,0.93925,0.9396,4.40,1.00
2008.09.16 08:10:58.620,0.93925,0.9396,5.40,1.00
2008.09.16 08:10:58.848,0.93925,0.9396,4.40,1.00
2008.09.16 08:10:59.188,0.93935,0.9396,2.10,1.00
2008.09.16 08:11:00.208,0.9393,0.9395,2.10,1.00
2008.09.16 08:11:00.885,0.9393,0.9396,2.10,1.00
2008.09.16 08:11:01.182,0.9394,0.9397,2.10,1.00
2008.09.16 08:11:01.280,0.9394,0.9397,2.10,2.10
2008.09.16 08:11:01.580,0.93935,0.9397,4.40,2.80
2008.09.16 08:11:01.872,0.93935,0.9396,2.10,1.00
2008.09.16 08:11:02.308,0.9393,0.9396,4.00,1.00
2008.09.16 08:11:02.649,0.9393,0.9397,3.20,1.00
2008.09.16 08:11:02.989,0.9393,0.9397,5.40,1.00
2008.09.16 08:11:03.168,0.93935,0.9397,2.10,1.00
2008.09.16 08:11:03.350,0.9393,0.9397,5.40,1.00
2008.09.16 08:11:04.856,0.9393,0.9397,5.40,2.10
2008.09.16 08:11:05.012,0.9393,0.9397,3.20,2.80
2008.09.16 08:11:05.288,0.93925,0.9397,2.10,2.80
2008.09.16 08:11:05.563,0.9393,0.9397,2.10,2.80
2008.09.16 08:11:06.397,0.93925,0.9397,2.90,2.80
2008.09.16 08:11:06.484,0.9393,0.9397,2.10,2.80
2008.09.16 08:11:06.908,0.9393,0.9396,2.10,1.00
2008.09.16 08:11:08.628,0.9393,0.9396,5.40,1.00
2008.09.16 08:11:10.895,0.9393,0.9396,5.40,2.10
2008.09.16 08:11:11.042,0.9393,0.9394,5.40,1.00
2008.09.16 08:11:11.186,0.9393,0.9394,2.10,1.00
2008.09.16 08:11:12.341,0.9394,0.9396,3.20,1.00
2008.09.16 08:11:12.555,0.9394,0.9396,2.10,1.00
2008.09.16 08:11:13.207,0.9394,0.9396,5.40,1.00
2008.09.16 08:11:13.358,0.9394,0.9397,5.40,1.00
2008.09.16 08:11:13.728,0.9394,0.9397,2.10,2.10
2008.09.16 08:11:14.065,0.93935,0.9397,2.10,2.80
2008.09.16 08:11:14.758,0.93925,0.9396,4.40,1.00
2008.09.16 08:11:15.046,0.93925,0.9396,2.10,1.00
2008.09.16 08:11:16.368,0.9393,0.9396,2.10,1.00
2008.09.16 08:11:17.108,0.9393,0.9395,2.10,1.00
2008.09.16 08:11:17.972,0.9393,0.9396,2.10,1.00
2008.09.16 08:11:18.263,0.93925,0.9396,2.10,1.00
2008.09.16 08:11:18.940,0.93925,0.93955,2.10,1.00
2008.09.16 08:11:19.040,0.93925,0.9395,2.10,1.00
2008.09.16 08:11:20.244,0.9392,0.9395,2.10,1.00
2008.09.16 08:11:21.239,0.93925,0.9395,2.10,2.10
2008.09.16 08:11:21.384,0.93915,0.9395,4.40,2.80
2008.09.16 08:11:21.667,0.93915,0.9394,4.40,1.00
2008.09.16 08:11:21.824,0.93915,0.9394,2.20,1.70
2008.09.16 08:11:21.969,0.9391,0.9394,5.50,2.80
2008.09.16 08:11:22.112,0.93915,0.9394,2.10,2.10
2008.09.16 08:11:22.452,0.93915,0.9394,2.10,1.00
2008.09.16 08:11:23.128,0.9392,0.9394,2.10,1.00
2008.09.16 08:11:23.267,0.9392,0.9395,2.10,1.00
2008.09.16 08:11:23.544,0.9392,0.9395,2.10,2.10
2008.09.16 08:11:23.683,0.9392,0.93945,2.10,1.00
2008.09.16 08:11:23.824,0.9392,0.9394,2.10,1.00
2008.09.16 08:11:24.103,0.9391,0.9394,2.10,1.00
2008.09.16 08:11:25.712,0.93915,0.9395,2.10,1.00
2008.09.16 08:11:26.674,0.93915,0.9395,2.10,1.70
2008.09.16 08:11:26.740,0.93915,0.9395,2.10,1.00
2008.09.16 08:11:27.082,0.93915,0.93955,2.10,1.00
2008.09.16 08:11:27.283,0.93915,0.9396,2.10,2.80
2008.09.16 08:11:27.624,0.9392,0.9396,2.10,2.80
2008.09.16 08:11:27.964,0.9392,0.9396,2.10,1.70
2008.09.16 08:11:28.304,0.9392,0.9396,2.10,2.80
2008.09.16 08:11:28.624,0.93925,0.9396,2.10,2.80
2008.09.16 08:11:28.945,0.9393,0.9396,2.10,1.70
2008.09.16 08:11:29.268,0.9393,0.9396,2.90,1.00
2008.09.16 08:11:29.583,0.93935,0.9396,2.10,1.00
2008.09.16 08:11:29.787,0.9394,0.9396,2.10,1.00
2008.09.16 08:11:30.192,0.9394,0.9397,5.40,1.00
2008.09.16 08:11:30.596,0.9394,0.9397,2.10,1.00
2008.09.16 08:11:33.752,0.9394,0.9396,2.10,1.00
2008.09.16 08:11:34.271,0.93935,0.9397,2.90,1.00
2008.09.16 08:11:34.540,0.93945,0.9397,2.10,1.00
2008.09.16 08:11:34.868,0.93945,0.9396,2.10,1.00
2008.09.16 08:11:35.208,0.9394,0.9396,2.10,1.00
2008.09.16 08:11:35.547,0.9394,0.9397,2.10,1.00
2008.09.16 08:11:39.108,0.93945,0.9397,2.10,1.00
2008.09.16 08:11:41.224,0.9394,0.9397,4.40,1.00
2008.09.16 08:11:41.422,0.93935,0.9397,2.10,1.00
2008.09.16 08:11:41.851,0.9394,0.9397,2.10,1.00
2008.09.16 08:11:42.087,0.9394,0.9397,5.40,1.00
2008.09.16 08:11:42.556,0.9394,0.9396,2.10,1.00
2008.09.16 08:11:42.791,0.9393,0.9396,2.10,1.00
2008.09.16 08:11:43.068,0.9393,0.9397,2.10,1.70
2008.09.16 08:11:43.343,0.9393,0.9397,2.10,1.00
2008.09.16 08:11:43.619,0.9393,0.9397,5.40,1.00
2008.09.16 08:11:44.064,0.93935,0.9397,2.10,1.00
2008.09.16 08:11:44.368,0.93935,0.9397,2.10,2.10
2008.09.16 08:11:44.672,0.9393,0.9397,2.10,2.80
2008.09.16 08:11:45.148,0.9393,0.9396,2.10,1.00
2008.09.16 08:11:45.860,0.9394,0.9397,3.20,1.00
2008.09.16 08:11:46.967,0.9394,0.9397,5.40,1.00
2008.09.16 08:11:47.295,0.9394,0.9397,6.20,1.00
2008.09.16 08:11:47.625,0.93945,0.9397,2.10,1.00
2008.09.16 08:11:48.657,0.9395,0.9397,2.10,1.00
2008.09.16 08:11:49.316,0.93955,0.9398,2.10,1.00
2008.09.16 08:11:49.544,0.9395,0.9398,2.10,1.00
2008.09.16 08:11:49.772,0.93955,0.9398,2.10,1.00
2008.09.16 08:11:50.010,0.9395,0.9398,2.10,1.00
2008.09.16 08:11:50.688,0.9395,0.9398,2.10,2.10
2008.09.16 08:11:51.028,0.9395,0.9397,2.10,1.00
2008.09.16 08:11:51.527,0.9394,0.9397,4.40,1.00
2008.09.16 08:11:51.656,0.9393,0.9397,6.40,1.00
2008.09.16 08:11:52.213,0.9393,0.9397,4.00,1.00
2008.09.16 08:11:52.520,0.93935,0.9396,2.10,1.00
2008.09.16 08:11:53.132,0.9394,0.9396,5.40,1.00
2008.09.16 08:11:53.627,0.9394,0.9396,2.10,1.00
2008.09.16 08:11:54.095,0.93935,0.9396,2.20,1.00
2008.09.16 08:11:54.372,0.93925,0.9396,2.10,2.10
2008.09.16 08:11:54.648,0.93925,0.9396,2.10,1.00
2008.09.16 08:11:55.195,0.93925,0.9395,2.10,1.00
2008.09.16 08:11:55.524,0.9392,0.9394,2.10,1.00
2008.09.16 08:11:55.853,0.9392,0.9394,2.90,1.00
2008.09.16 08:11:56.179,0.93925,0.9394,2.10,1.00
2008.09.16 08:11:56.508,0.93925,0.9395,2.90,1.00
2008.09.16 08:11:56.635,0.9393,0.9395,1.00,1.00
2008.09.16 08:11:56.887,0.93935,0.9397,1.00,1.00
2008.09.16 08:11:57.263,0.9394,0.9397,2.10,1.00
2008.09.16 08:11:57.875,0.93935,0.9397,2.20,1.00
2008.09.16 08:11:58.183,0.9393,0.9397,2.90,1.00
2008.09.16 08:11:58.493,0.9393,0.9397,2.10,1.00
2008.09.16 08:11:58.754,0.9393,0.93965,2.10,1.70
2008.09.16 08:11:58.992,0.9393,0.9397,2.90,1.00
2008.09.16 08:11:59.234,0.9393,0.9397,2.90,2.10
2008.09.16 08:11:59.472,0.93935,0.9397,2.10,2.10
2008.09.16 08:11:59.600,0.93935,0.9397,2.10,2.80
2008.09.16 08:11:59.727,0.9393,0.9397,2.10,2.80
2008.09.16 08:12:00.227,0.9393,0.9396,2.10,1.00
2008.09.16 08:12:00.817,0.93925,0.9396,2.90,1.00
2008.09.16 08:12:01.157,0.9393,0.9397,1.00,1.00
2008.09.16 08:12:01.579,0.93925,0.9397,2.90,1.00
2008.09.16 08:12:01.664,0.93925,0.9397,2.90,4.30
2008.09.16 08:12:01.747,0.93925,0.93965,2.90,1.00
2008.09.16 08:12:01.831,0.93925,0.93965,2.10,1.70
2008.09.16 08:12:01.915,0.9392,0.93965,4.40,1.70
2008.09.16 08:12:02.000,0.9393,0.93965,1.00,1.00
2008.09.16 08:12:02.095,0.9393,0.9397,1.00,1.00
2008.09.16 08:12:02.167,0.9393,0.9397,2.90,1.00
2008.09.16 08:12:02.251,0.9393,0.9396,2.90,1.00
2008.09.16 08:12:02.417,0.93935,0.9396,2.10,1.00
2008.09.16 08:12:02.931,0.9392,0.9396,2.90,1.00
2008.09.16 08:12:04.621,0.9392,0.9396,1.00,1.00
2008.09.16 08:12:07.656,0.93925,0.9396,1.00,1.00
2008.09.16 08:12:07.916,0.9393,0.9396,2.10,1.00
2008.09.16 08:12:08.692,0.93925,0.9396,2.90,1.00
2008.09.16 08:12:08.955,0.9393,0.9396,2.10,1.00
2008.09.16 08:12:10.627,0.9392,0.9396,5.40,1.00
2008.09.16 08:12:10.795,0.93925,0.9396,1.00,1.00
2008.09.16 08:12:11.344,0.93925,0.9396,2.10,1.00
2008.09.16 08:12:11.892,0.9393,0.9397,1.00,2.10
2008.09.16 08:12:12.136,0.9393,0.9397,2.10,5.40
2008.09.16 08:12:12.623,0.9393,0.9397,2.10,6.00
2008.09.16 08:12:12.868,0.9392,0.93965,5.40,1.70
2008.09.16 08:12:13.003,0.9392,0.93965,2.90,1.70
2008.09.16 08:12:13.403,0.9392,0.9396,2.90,1.00
2008.09.16 08:12:13.672,0.9392,0.9396,1.00,1.00
2008.09.16 08:12:13.807,0.93925,0.9395,2.10,1.00
2008.09.16 08:12:14.372,0.93925,0.9396,2.90,1.00
2008.09.16 08:12:14.656,0.93935,0.9396,2.10,1.00
2008.09.16 08:12:14.940,0.9393,0.93965,2.10,1.00
2008.09.16 08:12:15.155,0.93935,0.93965,2.10,1.00
2008.09.16 08:12:15.372,0.93935,0.9396,2.10,1.00
2008.09.16 08:12:16.012,0.93925,0.9396,2.10,1.00
2008.09.16 08:12:16.488,0.9392,0.93955,1.00,1.00
2008.09.16 08:12:16.728,0.9391,0.93955,5.40,1.00
2008.09.16 08:12:16.967,0.93915,0.9396,2.10,9.00
2008.09.16 08:12:17.215,0.93915,0.9396,2.90,4.30
2008.09.16 08:12:17.464,0.9392,0.9396,2.10,6.00
2008.09.16 08:12:17.712,0.9392,0.9395,2.10,1.00
2008.09.16 08:12:17.960,0.9392,0.93945,2.10,1.00
2008.09.16 08:12:18.196,0.93915,0.9394,2.20,5.40
2008.09.16 08:12:18.432,0.93905,0.9393,2.10,3.20
2008.09.16 08:12:18.668,0.93905,0.93935,2.10,1.70
2008.09.16 08:12:18.904,0.9389,0.9392,2.10,1.00
2008.09.16 08:12:19.212,0.9389,0.9392,2.90,1.00
2008.09.16 08:12:20.129,0.9389,0.9393,1.00,1.00
2008.09.16 08:12:20.764,0.939,0.9393,2.10,1.00
2008.09.16 08:12:21.439,0.9391,0.9392,2.10,1.00
2008.09.16 08:12:21.562,0.9391,0.9394,2.10,1.00
2008.09.16 08:12:22.660,0.93915,0.9394,2.10,1.00
2008.09.16 08:12:22.980,0.93925,0.9394,2.10,1.00
2008.09.16 08:12:23.301,0.93925,0.9394,2.90,1.00
2008.09.16 08:12:23.520,0.93925,0.9395,2.20,1.70
2008.09.16 08:12:23.739,0.9392,0.9395,2.10,1.70
2008.09.16 08:12:23.960,0.93905,0.9395,2.10,1.70
2008.09.16 08:12:24.179,0.9391,0.9395,2.10,1.00
2008.09.16 08:12:24.439,0.9391,0.93955,2.90,1.70
2008.09.16 08:12:24.699,0.9392,0.93955,2.10,1.00
2008.09.16 08:12:24.959,0.9392,0.93955,2.10,1.00
2008.09.16 08:12:25.220,0.9392,0.9395,2.10,1.00
2008.09.16 08:12:25.559,0.93915,0.9396,2.90,2.80
2008.09.16 08:12:25.901,0.93915,0.9396,2.10,2.80
2008.09.16 08:12:26.240,0.93915,0.9395,2.10,1.00
2008.09.16 08:12:26.489,0.93915,0.9395,2.10,2.10
2008.09.16 08:12:26.703,0.9391,0.93945,4.40,1.00
2008.09.16 08:12:26.812,0.9391,0.93945,4.40,1.70
2008.09.16 08:12:26.923,0.9391,0.93945,2.10,1.70
2008.09.16 08:12:27.044,0.93905,0.93945,4.40,1.00
2008.09.16 08:12:27.255,0.93905,0.9395,4.40,2.80
2008.09.16 08:12:27.565,0.9391,0.93945,2.10,1.70
2008.09.16 08:12:27.871,0.93915,0.93945,2.10,1.70
2008.09.16 08:12:28.615,0.9391,0.93945,2.10,1.70
2008.09.16 08:12:29.729,0.93905,0.9394,2.10,1.00
2008.09.16 08:12:30.049,0.9391,0.93955,1.00,1.70
2008.09.16 08:12:30.369,0.9391,0.93955,2.90,1.70
2008.09.16 08:12:30.708,0.93915,0.9393,2.10,1.00
2008.09.16 08:12:31.047,0.93905,0.9393,2.20,1.70
2008.09.16 08:12:31.388,0.93865,0.93925,2.10,1.00
2008.09.16 08:12:31.735,0.93865,0.93905,2.10,1.70
2008.09.16 08:12:31.911,0.9386,0.93905,2.10,1.70
2008.09.16 08:12:32.087,0.93855,0.939,2.10,2.80
2008.09.16 08:12:32.435,0.93865,0.939,2.10,1.00
2008.09.16 08:12:32.776,0.9386,0.939,6.20,1.00
2008.09.16 08:12:33.116,0.9387,0.939,1.00,1.00
2008.09.16 08:12:33.455,0.93865,0.939,2.90,1.00
2008.09.16 08:12:33.756,0.9387,0.939,2.10,1.00
2008.09.16 08:12:34.062,0.9387,0.939,2.90,1.00
2008.09.16 08:12:34.360,0.9387,0.9391,1.00,1.00
2008.09.16 08:12:34.661,0.9387,0.9391,2.90,1.00
2008.09.16 08:12:35.271,0.9387,0.9391,2.10,1.00
2008.09.16 08:12:35.579,0.93865,0.939,2.10,1.00
2008.09.16 08:12:36.735,0.93865,0.9391,2.10,1.70
2008.09.16 08:12:36.903,0.93865,0.9391,2.90,1.00
2008.09.16 08:12:37.072,0.93865,0.9391,2.90,5.40
2008.09.16 08:12:37.241,0.93875,0.93905,2.10,1.00
2008.09.16 08:12:37.416,0.93875,0.9391,2.10,1.70
2008.09.16 08:12:37.903,0.93875,0.9391,2.10,1.00
2008.09.16 08:12:38.872,0.93885,0.9391,2.10,1.00
2008.09.16 08:12:39.116,0.93875,0.939,2.10,1.00
2008.09.16 08:12:39.599,0.93875,0.9391,2.10,1.00
2008.09.16 08:12:39.846,0.9388,0.9391,2.10,1.00
2008.09.16 08:12:40.148,0.93885,0.939,2.10,1.00
2008.09.16 08:12:40.751,0.93875,0.9391,2.10,1.00
2008.09.16 08:12:41.028,0.9387,0.9391,3.20,1.00
2008.09.16 08:12:41.303,0.9387,0.939,3.20,1.00
2008.09.16 08:12:41.585,0.93875,0.939,2.10,1.00
2008.09.16 08:12:41.860,0.93865,0.939,5.40,1.00
2008.09.16 08:12:42.203,0.93875,0.939,2.10,1.00
2008.09.16 08:12:42.884,0.9387,0.9389,2.10,1.00
2008.09.16 08:12:43.211,0.9387,0.9389,5.40,1.00
2008.09.16 08:12:43.367,0.93875,0.9391,1.00,1.00
2008.09.16 08:12:43.523,0.93875,0.9391,2.90,1.00
2008.09.16 08:12:44.320,0.93875,0.9391,2.10,1.00
2008.09.16 08:12:44.660,0.9388,0.9391,2.10,1.00
2008.09.16 08:12:45.341,0.9389,0.9392,2.10,1.00
2008.09.16 08:12:46.021,0.9389,0.9392,5.40,1.00
2008.09.16 08:12:46.328,0.93895,0.9392,2.10,1.00
2008.09.16 08:12:46.796,0.93895,0.9393,2.10,4.90
2008.09.16 08:12:46.952,0.93895,0.9393,2.10,1.00
2008.09.16 08:12:47.635,0.939,0.9393,2.10,1.00
2008.09.16 08:12:49.317,0.9389,0.9393,8.60,1.00
2008.09.16 08:12:49.455,0.9389,0.9393,6.20,1.00
2008.09.16 08:12:49.595,0.939,0.9393,2.10,1.00
2008.09.16 08:12:50.527,0.93895,0.9393,2.10,1.00
2008.09.16 08:12:50.869,0.93895,0.93925,2.10,1.00
2008.09.16 08:12:51.208,0.93885,0.9392,2.20,1.70
2008.09.16 08:12:51.395,0.9387,0.93915,5.10,1.00
2008.09.16 08:12:51.491,0.9387,0.9391,4.30,1.70
2008.09.16 08:12:51.587,0.9387,0.9391,4.30,2.80
2008.09.16 08:12:52.143,0.9387,0.9391,2.10,2.80
2008.09.16 08:12:52.824,0.9387,0.93915,2.10,1.70
2008.09.16 08:12:53.119,0.9387,0.93915,5.40,1.70
2008.09.16 08:12:53.415,0.93875,0.9392,1.00,5.10
2008.09.16 08:12:53.535,0.93885,0.9392,1.00,5.10
2008.09.16 08:12:53.655,0.9389,0.9392,2.10,4.30
2008.09.16 08:12:53.775,0.9389,0.9392,2.10,1.00
2008.09.16 08:12:53.895,0.93895,0.9392,2.10,1.00
2008.09.16 08:12:54.256,0.9389,0.9392,2.20,1.00
2008.09.16 08:12:54.597,0.9388,0.9392,1.00,1.00
2008.09.16 08:12:54.935,0.93875,0.9392,2.90,1.00
2008.09.16 08:12:55.285,0.9388,0.9392,2.10,1.00
2008.09.16 08:12:55.960,0.9388,0.9391,2.10,1.00
2008.09.16 08:12:56.796,0.9389,0.9391,3.20,1.00
2008.09.16 08:12:57.051,0.93895,0.9391,1.00,1.00
2008.09.16 08:12:57.179,0.93895,0.9391,2.90,1.00
2008.09.16 08:12:57.307,0.93895,0.93945,2.90,4.00
2008.09.16 08:12:57.663,0.93905,0.9395,2.10,1.00
2008.09.16 08:12:58.323,0.939,0.9394,4.40,1.70
2008.09.16 08:12:58.487,0.93895,0.9394,5.40,1.70
2008.09.16 08:12:58.811,0.93895,0.9394,5.40,2.80
2008.09.16 08:12:58.975,0.93905,0.93935,2.10,1.00
2008.09.16 08:12:59.139,0.939,0.93935,2.10,1.70
2008.09.16 08:13:00.071,0.93895,0.9393,2.10,1.00
2008.09.16 08:13:00.715,0.93895,0.9392,2.10,1.00
2008.09.16 08:13:01.055,0.939,0.9392,2.10,1.00
2008.09.16 08:13:01.402,0.9389,0.9392,8.60,1.00
2008.09.16 08:13:01.488,0.9389,0.9392,6.20,1.00
2008.09.16 08:13:01.827,0.9389,0.9392,2.10,1.00
2008.09.16 08:13:02.087,0.9389,0.9392,2.90,1.00
2008.09.16 08:13:02.178,0.9389,0.93935,2.90,1.00
2008.09.16 08:13:02.263,0.939,0.93935,2.10,1.00
2008.09.16 08:13:02.351,0.93895,0.9394,2.90,6.00
2008.09.16 08:13:03.114,0.939,0.9393,2.10,1.00
2008.09.16 08:13:03.530,0.939,0.9392,2.10,1.00
2008.09.16 08:13:03.699,0.93895,0.9392,2.90,1.00
2008.09.16 08:13:03.931,0.93895,0.9393,2.90,1.00
2008.09.16 08:13:04.393,0.93895,0.9393,2.10,1.00
2008.09.16 08:13:04.471,0.93895,0.9392,2.10,1.00
2008.09.16 08:13:05.569,0.93885,0.9392,4.40,1.00
2008.09.16 08:13:05.865,0.93885,0.9392,2.10,1.00
2008.09.16 08:13:06.160,0.93885,0.9392,2.10,2.80
2008.09.16 08:13:06.455,0.93885,0.93915,2.10,1.00
2008.09.16 08:13:06.751,0.93885,0.9391,2.10,1.00
2008.09.16 08:13:06.995,0.93875,0.9391,4.40,1.00
2008.09.16 08:13:07.239,0.93875,0.939,2.10,1.00
2008.09.16 08:13:10.880,0.93885,0.939,2.10,1.00
2008.09.16 08:13:11.036,0.93885,0.9391,2.10,1.00
2008.09.16 08:13:11.947,0.9388,0.9391,1.00,1.00
2008.09.16 08:13:12.176,0.9388,0.939,2.10,1.00
2008.09.16 08:13:12.627,0.93875,0.9391,2.90,1.00
2008.09.16 08:13:12.857,0.93875,0.9391,2.10,1.00
2008.09.16 08:13:13.322,0.9387,0.939,2.10,1.00
2008.09.16 08:13:16.141,0.93875,0.9391,2.10,1.00
2008.09.16 08:13:17.055,0.9388,0.9392,2.10,1.00
2008.09.16 08:13:17.556,0.9388,0.9392,2.10,1.70
2008.09.16 08:13:17.898,0.93875,0.9391,2.90,1.00
2008.09.16 08:13:18.240,0.93875,0.9391,2.10,1.00
2008.09.16 08:13:18.531,0.93875,0.9391,2.90,1.00
2008.09.16 08:13:18.835,0.93885,0.9391,2.10,1.00
2008.09.16 08:13:19.259,0.93875,0.9391,5.40,1.00
2008.09.16 08:13:19.615,0.93875,0.9391,2.10,1.00
2008.09.16 08:13:19.956,0.93875,0.9391,2.90,1.00
2008.09.16 08:13:20.299,0.93875,0.9391,2.10,1.00
2008.09.16 08:13:21.307,0.93885,0.9391,2.10,1.00
2008.09.16 08:13:21.455,0.9388,0.9391,2.10,1.00
2008.09.16 08:13:22.051,0.93885,0.9391,2.10,1.00
2008.09.16 08:13:22.199,0.93875,0.9391,5.40,1.00
2008.09.16 08:13:22.647,0.93875,0.9391,2.90,1.00
2008.09.16 08:13:22.925,0.93875,0.939,2.90,1.00
2008.09.16 08:13:23.200,0.93875,0.9391,2.10,1.00
2008.09.16 08:13:23.476,0.93875,0.9391,2.90,1.00
2008.09.16 08:13:23.636,0.93885,0.9391,2.10,1.00
2008.09.16 08:13:24.107,0.93875,0.9391,4.40,1.00
2008.09.16 08:13:24.267,0.93885,0.9391,2.10,1.00
2008.09.16 08:13:25.528,0.9389,0.9392,2.10,1.00
2008.09.16 08:13:26.016,0.93895,0.9392,2.10,1.00
2008.09.16 08:13:26.868,0.9389,0.9392,6.20,1.00
2008.09.16 08:13:27.075,0.9389,0.9392,2.10,1.00
2008.09.16 08:13:27.488,0.939,0.9392,2.10,1.00
2008.09.16 08:13:27.900,0.93895,0.9392,2.90,1.00
2008.09.16 08:13:28.107,0.93895,0.9392,2.10,1.00
2008.09.16 08:13:28.215,0.9389,0.9392,6.40,1.00
2008.09.16 08:13:28.535,0.9389,0.9392,4.00,1.00
2008.09.16 08:13:28.643,0.9389,0.9392,6.20,1.00
2008.09.16 08:13:28.855,0.9389,0.9392,2.90,1.00
2008.09.16 08:13:29.215,0.9389,0.9392,2.10,1.00
2008.09.16 08:13:30.803,0.93895,0.9392,1.00,1.00
2008.09.16 08:13:31.352,0.9389,0.9392,6.20,1.00
2008.09.16 08:13:31.668,0.939,0.9392,1.00,1.00
2008.09.16 08:13:31.984,0.93905,0.9392,2.10,1.00
2008.09.16 08:13:32.517,0.939,0.9392,2.10,1.00
2008.09.16 08:13:33.049,0.93895,0.9392,2.10,1.00
2008.09.16 08:13:35.060,0.93895,0.9392,2.90,1.00
2008.09.16 08:13:36.472,0.93895,0.9392,1.00,1.00
2008.09.16 08:13:36.747,0.9389,0.9392,6.20,1.00
2008.09.16 08:13:36.823,0.93895,0.9392,1.00,1.00
2008.09.16 08:13:37.047,0.93895,0.9392,2.90,1.00
2008.09.16 08:13:38.121,0.939,0.9392,2.10,1.00
2008.09.16 08:13:38.378,0.939,0.9392,2.90,1.00
2008.09.16 08:13:38.631,0.93905,0.9392,2.10,1.00
2008.09.16 08:13:38.851,0.939,0.9392,2.10,1.00
2008.09.16 08:13:39.071,0.9389,0.9392,2.10,1.00
2008.09.16 08:13:39.291,0.9389,0.9391,2.10,1.00
2008.09.16 08:13:41.206,0.93895,0.9391,2.10,1.00
2008.09.16 08:13:41.400,0.93895,0.9392,2.10,1.00
2008.09.16 08:13:42.319,0.9389,0.9392,2.10,1.00
2008.09.16 08:13:42.971,0.9389,0.9391,2.10,1.00
2008.09.16 08:13:43.040,0.93895,0.9391,1.00,1.00
2008.09.16 08:13:43.276,0.939,0.9391,1.00,1.00
2008.09.16 08:13:44.425,0.9391,0.9392,1.00,1.00
2008.09.16 08:13:44.763,0.93905,0.9393,1.00,1.00
2008.09.16 08:13:45.287,0.93905,0.9392,1.00,1.00
2008.09.16 08:13:45.475,0.9391,0.9392,1.00,1.00
2008.09.16 08:13:45.847,0.93915,0.9393,1.00,1.00
2008.09.16 08:13:46.331,0.9391,0.9393,1.00,1.00
2008.09.16 08:13:47.785,0.93905,0.9393,2.90,1.00
2008.09.16 08:13:48.068,0.9391,0.9393,1.00,1.00
2008.09.16 08:13:48.989,0.939,0.9391,2.90,1.00
2008.09.16 08:13:49.145,0.93895,0.9391,2.10,1.00
2008.09.16 08:13:49.831,0.9389,0.9392,2.90,1.00
2008.09.16 08:13:51.759,0.9389,0.9393,2.90,4.30
2008.09.16 08:13:51.867,0.9389,0.9393,2.90,1.00
2008.09.16 08:13:52.639,0.93895,0.9393,1.00,1.00
2008.09.16 08:13:52.980,0.939,0.9393,1.00,1.00
2008.09.16 08:13:53.321,0.93895,0.9393,1.00,1.00
2008.09.16 08:13:53.883,0.939,0.9393,1.00,1.00
2008.09.16 08:13:54.315,0.93905,0.9393,1.00,1.00
2008.09.16 08:13:54.991,0.93905,0.9392,1.00,1.00
2008.09.16 08:13:56.016,0.93905,0.9393,1.00,1.00
2008.09.16 08:13:56.351,0.939,0.9392,1.00,1.00
2008.09.16 08:13:56.643,0.93905,0.9392,1.00,1.00
2008.09.16 08:13:56.935,0.939,0.9392,1.00,1.00
2008.09.16 08:13:58.381,0.93895,0.9392,1.00,1.00
2008.09.16 08:13:58.719,0.93895,0.9391,1.00,1.00
2008.09.16 08:14:00.011,0.9389,0.9391,1.00,1.00
2008.09.16 08:14:00.232,0.93895,0.9391,1.00,1.00
2008.09.16 08:14:00.670,0.939,0.9391,1.00,1.00
2008.09.16 08:14:01.027,0.939,0.9392,1.00,1.00
2008.09.16 08:14:01.963,0.93905,0.9392,1.00,1.00
2008.09.16 08:14:02.185,0.939,0.9392,1.00,1.00
2008.09.16 08:14:02.403,0.9389,0.9392,2.10,1.00
2008.09.16 08:14:02.623,0.93895,0.9391,1.00,1.00
2008.09.16 08:14:02.843,0.9391,0.93915,1.00,1.80
2008.09.16 08:14:03.183,0.93915,0.9393,1.00,1.00
2008.09.16 08:14:04.388,0.9391,0.9392,1.00,1.00
2008.09.16 08:14:05.820,0.939,0.9392,1.00,1.00
2008.09.16 08:14:06.171,0.93895,0.9392,2.90,1.00
2008.09.16 08:14:06.429,0.93895,0.9392,1.00,1.00
2008.09.16 08:14:06.767,0.93895,0.9391,1.00,1.00
2008.09.16 08:14:06.939,0.939,0.9391,1.00,1.00
2008.09.16 08:14:07.235,0.939,0.9392,1.00,1.00
2008.09.16 08:14:07.824,0.939,0.9391,1.00,1.00
2008.09.16 08:14:08.455,0.93895,0.9391,1.00,1.00
2008.09.16 08:14:08.795,0.9389,0.9391,1.00,1.00
2008.09.16 08:14:09.135,0.93885,0.9391,2.10,1.00
2008.09.16 08:14:09.475,0.939,0.9391,1.00,1.00
2008.09.16 08:14:09.967,0.93895,0.9391,1.00,1.00
2008.09.16 08:14:11.261,0.9389,0.9391,1.00,1.00
2008.09.16 08:14:11.611,0.93885,0.9391,1.00,1.00
2008.09.16 08:14:11.841,0.9389,0.9391,1.00,1.00
2008.09.16 08:14:13.715,0.93895,0.9391,1.00,1.00
2008.09.16 08:14:14.775,0.9389,0.9391,1.00,1.00
2008.09.16 08:14:15.664,0.93885,0.9391,2.90,1.00
2008.09.16 08:14:15.931,0.93885,0.9391,1.00,1.00
2008.09.16 08:14:17.271,0.9389,0.9391,1.00,1.00
2008.09.16 08:14:17.746,0.93885,0.9391,1.00,1.00
2008.09.16 08:14:19.591,0.9389,0.9391,1.00,1.00
2008.09.16 08:14:20.203,0.939,0.9392,1.00,1.00
2008.09.16 08:14:21.215,0.93895,0.9392,1.00,1.00
2008.09.16 08:14:22.627,0.939,0.9392,1.00,1.00
2008.09.16 08:14:25.023,0.93895,0.9392,1.00,1.00
2008.09.16 08:14:25.182,0.9389,0.9392,6.20,1.00
2008.09.16 08:14:25.655,0.9389,0.9392,2.90,1.00
2008.09.16 08:14:25.817,0.9389,0.9391,2.10,1.00
2008.09.16 08:14:25.976,0.93885,0.9391,2.90,1.00
2008.09.16 08:14:26.135,0.93895,0.9391,1.00,1.00
2008.09.16 08:14:27.375,0.9389,0.9391,1.00,1.00
2008.09.16 08:14:28.075,0.93885,0.9392,1.00,1.00
2008.09.16 08:14:28.311,0.93885,0.9391,1.00,1.00
2008.09.16 08:14:28.491,0.9388,0.9391,2.90,1.00
2008.09.16 08:14:29.055,0.9388,0.9391,1.00,1.00
2008.09.16 08:14:29.955,0.93885,0.9391,1.00,1.00
2008.09.16 08:14:32.339,0.93875,0.9391,1.00,1.00
2008.09.16 08:14:33.020,0.93875,0.939,1.00,1.00
2008.09.16 08:14:34.016,0.93875,0.9389,1.00,1.00
2008.09.16 08:14:34.181,0.93865,0.9389,2.90,1.00
2008.09.16 08:14:34.344,0.93865,0.9389,1.00,1.00
2008.09.16 08:14:34.509,0.93865,0.939,1.00,1.00
2008.09.16 08:14:34.772,0.9387,0.939,1.00,1.00
2008.09.16 08:14:39.338,0.93865,0.939,1.00,1.00
2008.09.16 08:14:40.915,0.9386,0.939,1.00,4.30
2008.09.16 08:14:41.320,0.9386,0.9389,1.00,1.00
2008.09.16 08:14:41.869,0.93865,0.939,1.00,1.00
2008.09.16 08:14:42.439,0.9386,0.939,1.00,4.30
2008.09.16 08:14:43.012,0.9386,0.9389,1.00,1.00
2008.09.16 08:14:43.209,0.93865,0.9389,1.00,1.00
2008.09.16 08:14:44.891,0.9387,0.939,1.00,1.00
2008.09.16 08:14:45.218,0.9387,0.9389,1.00,1.00
2008.09.16 08:14:45.539,0.93865,0.9389,1.00,1.00
2008.09.16 08:14:45.863,0.9387,0.9389,1.00,1.00
2008.09.16 08:14:47.740,0.93865,0.9389,1.00,1.00
2008.09.16 08:14:48.068,0.93855,0.9388,1.00,1.00
2008.09.16 08:14:50.047,0.93865,0.9389,1.00,1.00
2008.09.16 08:14:50.291,0.9385,0.9387,2.90,1.00
2008.09.16 08:14:50.776,0.93865,0.9388,1.00,1.00
2008.09.16 08:14:51.319,0.9386,0.9388,1.00,1.00
2008.09.16 08:14:51.923,0.9386,0.9389,1.00,1.00
2008.09.16 08:14:52.227,0.93865,0.9389,1.00,1.00
2008.09.16 08:14:52.543,0.93855,0.9389,1.00,1.00
2008.09.16 08:14:52.859,0.9386,0.9389,1.00,1.00
2008.09.16 08:14:53.431,0.9386,0.93895,1.00,3.20
2008.09.16 08:14:53.691,0.93855,0.93895,1.00,4.00
2008.09.16 08:14:53.962,0.93855,0.9389,1.00,1.00
2008.09.16 08:14:54.219,0.9386,0.9389,1.00,1.00
2008.09.16 08:14:54.484,0.9386,0.9388,1.00,1.00
2008.09.16 08:14:56.443,0.9386,0.9388,4.00,1.00
2008.09.16 08:14:56.517,0.9386,0.9388,1.00,1.00
2008.09.16 08:14:56.989,0.93865,0.9388,1.00,1.00
2008.09.16 08:14:57.123,0.93865,0.9389,1.00,1.00
2008.09.16 08:14:58.026,0.93855,0.9389,1.00,1.00
2008.09.16 08:14:58.363,0.93855,0.9388,1.00,1.00
2008.09.16 08:14:59.360,0.9386,0.9388,1.00,1.00
2008.09.16 08:14:59.779,0.93855,0.9389,1.00,1.00
2008.09.16 08:15:00.383,0.93855,0.9388,1.00,1.00
2008.09.16 08:15:00.944,0.93855,0.9389,1.00,1.00
2008.09.16 08:15:01.168,0.93865,0.9389,1.00,1.00
2008.09.16 08:15:01.392,0.93855,0.9389,2.10,1.00
2008.09.16 08:15:01.619,0.9385,0.9388,1.00,1.00
2008.09.16 08:15:01.939,0.9386,0.9388,1.00,1.00
2008.09.16 08:15:02.571,0.93855,0.9388,1.00,1.00
2008.09.16 08:15:03.263,0.9386,0.9389,1.00,1.00
2008.09.16 08:15:03.599,0.93865,0.9389,1.00,1.00
2008.09.16 08:15:05.891,0.9386,0.9389,1.00,1.00
2008.09.16 08:15:08.727,0.93865,0.9389,1.00,1.00
2008.09.16 08:15:09.083,0.9386,0.9389,1.00,1.00
2008.09.16 08:15:09.615,0.9386,0.9388,1.00,1.00
2008.09.16 08:15:10.891,0.93865,0.9388,1.00,1.00
2008.09.16 08:15:11.375,0.9386,0.9388,1.00,1.00
2008.09.16 08:15:12.325,0.93855,0.9388,1.00,1.00
2008.09.16 08:15:12.535,0.9385,0.9387,1.00,1.00
2008.09.16 08:15:13.863,0.93845,0.9387,1.00,1.00
2008.09.16 08:15:14.214,0.93835,0.9388,1.00,6.80
2008.09.16 08:15:14.932,0.93835,0.9388,1.00,5.80
2008.09.16 08:15:15.108,0.9384,0.9388,1.00,9.40
2008.09.16 08:15:15.283,0.9384,0.9388,1.00,2.10
2008.09.16 08:15:15.458,0.93835,0.9388,1.00,2.80
2008.09.16 08:15:15.978,0.93835,0.9388,1.00,1.70
2008.09.16 08:15:16.187,0.93845,0.9388,1.00,5.40
2008.09.16 08:15:16.395,0.93835,0.9388,1.00,2.80
2008.09.16 08:15:16.807,0.93835,0.9388,1.00,9.00
2008.09.16 08:15:17.015,0.93845,0.9388,1.00,8.30
2008.09.16 08:15:17.303,0.93845,0.9387,1.00,1.00
2008.09.16 08:15:17.591,0.9384,0.9387,2.10,1.00
2008.09.16 08:15:17.879,0.93855,0.9388,1.00,1.00
2008.09.16 08:15:18.167,0.9386,0.9388,1.00,1.00
2008.09.16 08:15:18.391,0.93855,0.9388,1.00,1.00
2008.09.16 08:15:21.766,0.9385,0.9388,1.00,1.00
2008.09.16 08:15:21.994,0.9385,0.9387,1.00,1.00
2008.09.16 08:15:23.347,0.93855,0.9387,1.00,1.00
2008.09.16 08:15:24.919,0.93855,0.9388,1.00,1.00
2008.09.16 08:15:26.896,0.9385,0.9388,1.00,1.00
2008.09.16 08:15:27.299,0.93845,0.9388,1.00,1.00
2008.09.16 08:15:27.839,0.9385,0.9388,1.00,1.00
2008.09.16 08:15:28.179,0.9385,0.9387,1.00,1.00
2008.09.16 08:15:28.855,0.93855,0.9387,1.00,1.00
2008.09.16 08:15:29.035,0.9386,0.9388,1.00,1.00
2008.09.16 08:15:31.183,0.93855,0.9388,1.00,1.00
2008.09.16 08:15:32.362,0.9385,0.9388,2.90,1.00
2008.09.16 08:15:32.467,0.9385,0.9388,1.00,1.00
2008.09.16 08:15:32.608,0.9385,0.9388,2.90,1.00
2008.09.16 08:15:32.730,0.9385,0.9387,2.90,1.00
2008.09.16 08:15:32.795,0.93855,0.9387,1.00,1.00
2008.09.16 08:15:35.730,0.9385,0.9387,1.00,1.00
2008.09.16 08:15:37.450,0.9385,0.9386,1.00,1.00
2008.09.16 08:15:37.602,0.93845,0.9386,1.00,1.00
2008.09.16 08:15:37.830,0.93855,0.9386,1.00,1.00
2008.09.16 08:15:37.913,0.93855,0.9387,1.00,1.00
2008.09.16 08:15:38.255,0.9385,0.9387,1.00,1.00
2008.09.16 08:15:38.931,0.93855,0.9388,1.00,1.00
2008.09.16 08:15:39.703,0.9386,0.9388,1.00,1.00
2008.09.16 08:15:40.179,0.93855,0.9388,1.00,1.00
2008.09.16 08:15:40.395,0.9385,0.9388,2.90,1.00
2008.09.16 08:15:40.823,0.93855,0.9387,1.00,1.00
2008.09.16 08:15:41.871,0.9385,0.9387,1.00,1.00
2008.09.16 08:15:42.640,0.9385,0.9386,1.00,1.00
2008.09.16 08:15:42.955,0.93845,0.9386,1.00,1.00
2008.09.16 08:15:44.755,0.9385,0.9387,1.00,1.00
2008.09.16 08:15:45.070,0.93855,0.9387,1.00,1.00
2008.09.16 08:15:45.583,0.9386,0.9387,1.00,1.00
2008.09.16 08:15:46.719,0.93855,0.9387,1.00,1.00
2008.09.16 08:15:46.935,0.9385,0.9387,1.00,1.00
2008.09.16 08:15:47.787,0.93855,0.9387,1.00,1.00
2008.09.16 08:15:48.003,0.93855,0.9388,1.00,1.00
2008.09.16 08:15:48.435,0.9385,0.9387,1.00,1.00
2008.09.16 08:15:48.639,0.9384,0.9387,1.00,1.00
2008.09.16 08:15:48.843,0.9385,0.9387,1.00,1.00
2008.09.16 08:15:49.447,0.93855,0.9387,1.00,1.00
2008.09.16 08:15:50.767,0.93845,0.9386,2.90,1.00
2008.09.16 08:15:50.940,0.93855,0.9387,1.00,1.00
2008.09.16 08:15:51.115,0.9385,0.9387,1.00,1.00
2008.09.16 08:15:51.292,0.93855,0.9387,1.00,1.00
2008.09.16 08:15:51.962,0.9385,0.9387,1.00,1.00
2008.09.16 08:15:52.350,0.93845,0.9387,1.00,1.00
2008.09.16 08:15:54.187,0.9384,0.9387,1.00,1.00
2008.09.16 08:15:54.611,0.93845,0.9387,1.00,1.00
2008.09.16 08:15:55.600,0.9385,0.9387,1.00,1.00
2008.09.16 08:15:55.735,0.93845,0.9387,1.00,1.00
2008.09.16 08:15:56.267,0.93835,0.9387,1.00,1.00
2008.09.16 08:15:56.403,0.93835,0.9386,1.00,1.00
2008.09.16 08:15:57.130,0.9384,0.9386,1.00,1.00
2008.09.16 08:15:58.059,0.93845,0.9387,1.00,1.00
2008.09.16 08:15:59.383,0.9384,0.9387,1.00,1.00
2008.09.16 08:15:59.971,0.9384,0.9386,1.00,1.00
2008.09.16 08:16:00.054,0.93845,0.9386,1.00,1.00
2008.09.16 08:16:00.219,0.93845,0.9387,1.00,1.00
2008.09.16 08:16:00.724,0.9385,0.9387,1.00,1.00
2008.09.16 08:16:01.496,0.93845,0.9387,1.00,1.00
2008.09.16 08:16:01.891,0.9385,0.9387,1.00,1.00
2008.09.16 08:16:02.258,0.93845,0.9387,1.00,1.00
2008.09.16 08:16:02.599,0.9385,0.9387,1.00,1.00
2008.09.16 08:16:03.280,0.93855,0.9388,1.00,5.10
2008.09.16 08:16:03.619,0.93855,0.9388,1.00,1.00
2008.09.16 08:16:03.972,0.93855,0.9389,1.00,5.10
2008.09.16 08:16:04.648,0.93855,0.93885,1.00,4.00
2008.09.16 08:16:05.177,0.93855,0.9388,1.00,1.00
2008.09.16 08:16:06.112,0.9386,0.9388,1.00,1.00
2008.09.16 08:16:06.967,0.93855,0.9388,1.00,1.00
2008.09.16 08:16:08.096,0.9386,0.9388,1.00,1.00
2008.09.16 08:16:10.416,0.93865,0.9388,1.00,1.00
2008.09.16 08:16:10.573,0.93875,0.9388,1.00,1.00
2008.09.16 08:16:10.779,0.9387,0.9389,1.00,1.00
2008.09.16 08:16:11.191,0.9387,0.9388,1.00,1.00
2008.09.16 08:16:11.408,0.93865,0.9388,1.00,1.00
2008.09.16 08:16:13.992,0.93855,0.9388,1.00,1.00
2008.09.16 08:16:14.304,0.9386,0.9388,1.00,1.00
2008.09.16 08:16:14.473,0.9386,0.9389,1.00,1.00
2008.09.16 08:16:14.595,0.93855,0.9389,1.00,1.00
2008.09.16 08:16:14.641,0.93855,0.9389,1.00,1.80
2008.09.16 08:16:14.915,0.9386,0.9389,1.00,5.10
2008.09.16 08:16:15.191,0.9386,0.93885,1.00,3.20
2008.09.16 08:16:15.466,0.9386,0.9389,1.00,2.10
2008.09.16 08:16:15.743,0.93855,0.9387,1.00,1.00
2008.09.16 08:16:16.020,0.93855,0.9389,1.00,1.00
2008.09.16 08:16:16.599,0.93855,0.9388,1.00,1.00
2008.09.16 08:16:16.986,0.9385,0.9387,1.00,1.00
2008.09.16 08:16:17.347,0.93845,0.9387,1.00,1.00
2008.09.16 08:16:17.891,0.93855,0.9387,1.00,1.00
2008.09.16 08:16:18.231,0.9386,0.9388,1.00,1.00
2008.09.16 08:16:18.907,0.93865,0.9389,1.00,1.00
2008.09.16 08:16:19.403,0.9386,0.9388,1.00,1.00
2008.09.16 08:16:19.887,0.93845,0.9389,2.90,1.00
2008.09.16 08:16:20.131,0.9387,0.9389,1.00,1.00
2008.09.16 08:16:20.335,0.9387,0.9388,1.00,1.00
2008.09.16 08:16:20.539,0.93865,0.9388,1.00,1.00
2008.09.16 08:16:20.943,0.93865,0.939,1.00,1.00
2008.09.16 08:16:21.163,0.93865,0.939,1.00,4.30
2008.09.16 08:16:21.383,0.9387,0.9388,1.00,1.00
2008.09.16 08:16:21.819,0.93865,0.9388,1.00,1.00
2008.09.16 08:16:22.250,0.9386,0.9388,1.00,1.00
2008.09.16 08:16:22.680,0.93865,0.9388,1.00,1.00
2008.09.16 08:16:23.110,0.93855,0.9387,1.00,1.00
2008.09.16 08:16:23.448,0.93855,0.9388,1.00,1.00
2008.09.16 08:16:23.788,0.9386,0.9388,1.00,1.00
2008.09.16 08:16:24.129,0.93865,0.9388,1.00,1.00
2008.09.16 08:16:24.597,0.9386,0.9388,1.00,1.00
2008.09.16 08:16:25.598,0.93865,0.9388,1.00,1.00
2008.09.16 08:16:25.970,0.93865,0.9387,1.00,1.00
2008.09.16 08:16:26.159,0.9385,0.9387,1.00,1.00
2008.09.16 08:16:26.347,0.9386,0.9387,1.00,1.00
2008.09.16 08:16:26.535,0.93855,0.9387,1.00,1.00
2008.09.16 08:16:26.672,0.93855,0.9388,1.00,5.10
2008.09.16 08:16:26.806,0.93855,0.9388,1.00,1.00
2008.09.16 08:16:26.942,0.93855,0.9387,1.00,1.00
2008.09.16 08:16:27.079,0.9386,0.9387,1.00,1.00
2008.09.16 08:16:27.811,0.93865,0.9389,1.00,5.10
2008.09.16 08:16:28.147,0.93855,0.9389,1.00,5.10
2008.09.16 08:16:28.483,0.9386,0.93885,1.00,4.00
2008.09.16 08:16:28.689,0.93855,0.93885,1.00,4.00
2008.09.16 08:16:28.890,0.93855,0.9389,1.00,5.10
2008.09.16 08:16:29.294,0.93855,0.9388,1.00,1.00
2008.09.16 08:16:29.498,0.93855,0.9387,1.00,1.00
2008.09.16 08:16:29.841,0.93865,0.9389,1.00,5.10
2008.09.16 08:16:30.178,0.9386,0.9389,1.00,1.00
2008.09.16 08:16:30.519,0.93845,0.9388,2.10,1.00
2008.09.16 08:16:30.783,0.93835,0.93875,2.10,4.00
2008.09.16 08:16:31.047,0.93855,0.93885,1.00,4.00
2008.09.16 08:16:31.311,0.9386,0.9388,1.00,1.00
2008.09.16 08:16:32.162,0.93855,0.9388,1.00,1.00
2008.09.16 08:16:32.363,0.9386,0.9388,1.00,1.00
2008.09.16 08:16:33.431,0.93855,0.9388,1.00,1.00
2008.09.16 08:16:33.772,0.9386,0.9389,1.00,1.00
2008.09.16 08:16:33.878,0.93865,0.9389,1.00,1.00
2008.09.16 08:16:33.987,0.9386,0.9389,1.00,1.00
2008.09.16 08:16:34.306,0.9386,0.9389,4.00,1.00
2008.09.16 08:16:34.415,0.9387,0.9389,1.00,1.00
2008.09.16 08:16:35.007,0.93865,0.9389,1.00,1.00
2008.09.16 08:16:35.282,0.9387,0.9389,1.00,1.00
2008.09.16 08:16:35.558,0.93865,0.939,1.00,1.00
2008.09.16 08:16:35.836,0.93865,0.9389,1.00,1.00
2008.09.16 08:16:36.111,0.9386,0.9389,1.00,1.00
2008.09.16 08:16:36.414,0.9387,0.9389,1.00,1.00
2008.09.16 08:16:36.718,0.93865,0.9389,1.00,1.00
2008.09.16 08:16:38.991,0.9387,0.9389,1.00,1.00
2008.09.16 08:16:39.207,0.93875,0.9389,1.00,1.00
2008.09.16 08:16:39.422,0.93875,0.939,1.00,1.00
2008.09.16 08:16:41.108,0.9388,0.939,1.00,1.00
2008.09.16 08:16:41.303,0.93875,0.939,1.00,1.00
2008.09.16 08:16:41.594,0.93885,0.9391,1.00,1.00
2008.09.16 08:16:41.791,0.93875,0.9391,1.00,1.00
2008.09.16 08:16:42.271,0.9388,0.939,1.00,1.00
2008.09.16 08:16:42.842,0.93885,0.939,1.00,1.00
2008.09.16 08:16:43.130,0.93885,0.9391,1.00,1.00
2008.09.16 08:16:43.799,0.9389,0.9391,1.00,1.00
2008.09.16 08:16:44.135,0.93885,0.9391,1.00,1.00
2008.09.16 08:16:45.487,0.9388,0.939,1.00,1.00
2008.09.16 08:16:45.673,0.93875,0.939,2.10,1.00
2008.09.16 08:16:46.033,0.9387,0.939,2.90,1.00
2008.09.16 08:16:46.212,0.9389,0.9391,1.00,4.00
2008.09.16 08:16:46.391,0.9388,0.9391,1.00,4.00
2008.09.16 08:16:46.618,0.9388,0.9391,1.00,1.00
2008.09.16 08:16:48.186,0.93885,0.9391,1.00,1.00
2008.09.16 08:16:48.746,0.9388,0.939,1.00,1.00
2008.09.16 08:16:49.011,0.9389,0.9392,1.00,5.10
2008.09.16 08:16:49.275,0.9389,0.93915,1.00,4.00
2008.09.16 08:16:49.539,0.93885,0.93915,1.00,4.00
2008.09.16 08:16:49.834,0.93885,0.9392,1.00,5.10
2008.09.16 08:16:50.422,0.9389,0.9392,1.00,1.00
2008.09.16 08:16:51.075,0.93895,0.9392,1.00,1.00
2008.09.16 08:16:51.297,0.939,0.93925,1.00,4.00
2008.09.16 08:16:51.514,0.9389,0.9393,1.00,8.30
2008.09.16 08:16:51.886,0.93895,0.9393,1.00,8.30
2008.09.16 08:16:52.130,0.93895,0.9393,1.00,4.30
2008.09.16 08:16:52.259,0.93895,0.9392,1.00,1.00
2008.09.16 08:16:52.839,0.939,0.9392,1.00,1.00
2008.09.16 08:16:53.515,0.93895,0.9392,1.00,1.00
2008.09.16 08:16:53.902,0.9389,0.9392,1.00,1.00
2008.09.16 08:16:54.098,0.93895,0.9392,1.00,1.00
2008.09.16 08:16:54.295,0.93905,0.93925,1.00,4.00
2008.09.16 08:16:54.491,0.93915,0.9393,1.00,1.00
2008.09.16 08:16:54.686,0.93895,0.9393,1.00,4.30
2008.09.16 08:16:54.954,0.939,0.9393,1.00,5.10
2008.09.16 08:16:55.222,0.939,0.9393,1.00,4.30
2008.09.16 08:16:55.490,0.939,0.9393,1.00,1.00
2008.09.16 08:16:55.759,0.939,0.9393,1.00,8.30
2008.09.16 08:16:56.023,0.93895,0.9393,1.00,8.30
2008.09.16 08:16:56.543,0.939,0.9393,1.00,4.30
2008.09.16 08:16:57.357,0.939,0.9392,1.00,1.00
2008.09.16 08:16:57.422,0.93895,0.9392,1.00,1.00
2008.09.16 08:16:57.954,0.939,0.9392,1.00,1.00
2008.09.16 08:16:58.294,0.93895,0.9392,1.00,1.00
2008.09.16 08:16:58.699,0.93895,0.9391,1.00,1.00
2008.09.16 08:16:58.831,0.9389,0.9391,1.00,1.00
2008.09.16 08:16:58.963,0.93895,0.9391,1.00,1.00
2008.09.16 08:16:59.882,0.9389,0.9391,1.00,1.00
2008.09.16 08:17:00.352,0.9389,0.939,1.00,1.00
2008.09.16 08:17:01.299,0.9389,0.9391,1.00,1.00
2008.09.16 08:17:02.993,0.93895,0.9391,1.00,1.00
2008.09.16 08:17:03.312,0.9389,0.9391,1.00,1.00
2008.09.16 08:17:03.946,0.9389,0.939,1.00,1.00
2008.09.16 08:17:05.111,0.93855,0.9389,1.00,1.00
2008.09.16 08:17:05.668,0.93855,0.9388,1.00,1.00
2008.09.16 08:17:06.190,0.9387,0.9388,1.00,1.00
2008.09.16 08:17:06.415,0.93875,0.9389,1.00,1.00
2008.09.16 08:17:07.967,0.9387,0.9389,1.00,1.00
2008.09.16 08:17:08.263,0.9387,0.9388,1.00,1.00
2008.09.16 08:17:09.769,0.93865,0.9388,1.00,1.00
2008.09.16 08:17:10.326,0.9387,0.9388,1.00,1.00
2008.09.16 08:17:12.386,0.93865,0.9388,1.00,1.00
2008.09.16 08:17:12.598,0.9386,0.9387,1.00,1.00
2008.09.16 08:17:16.762,0.9384,0.9386,6.50,1.00
2008.09.16 08:17:16.818,0.9385,0.9386,1.00,1.00
2008.09.16 08:17:17.536,0.9386,0.9387,1.00,1.00
2008.09.16 08:17:18.429,0.9387,0.9388,1.00,1.00
2008.09.16 08:17:19.891,0.9386,0.9387,3.20,1.00
2008.09.16 08:17:20.199,0.9386,0.9387,1.00,1.00
2008.09.16 08:17:21.787,0.93865,0.9387,1.00,1.00
2008.09.16 08:17:23.134,0.9386,0.9387,1.00,1.00
2008.09.16 08:17:24.346,0.93865,0.9387,1.00,1.00
2008.09.16 08:17:25.548,0.93865,0.9388,1.00,1.00
2008.09.16 08:17:26.310,0.9387,0.9388,1.00,1.00
2008.09.16 08:17:27.054,0.93865,0.9388,1.00,1.00
2008.09.16 08:17:27.370,0.9386,0.9387,1.00,1.00
2008.09.16 08:17:27.790,0.93865,0.9387,1.00,1.00
2008.09.16 08:17:28.235,0.9386,0.9387,1.00,1.00
2008.09.16 08:17:28.574,0.93865,0.9387,1.00,1.00
2008.09.16 08:17:29.383,0.9387,0.93875,1.00,1.80
2008.09.16 08:17:29.626,0.9386,0.9387,1.00,1.00
2008.09.16 08:17:30.978,0.9386,0.9388,1.00,1.00
2008.09.16 08:17:31.287,0.9387,0.9388,1.00,1.00
2008.09.16 08:17:31.595,0.93865,0.9388,1.00,1.00
2008.09.16 08:17:32.210,0.9387,0.9388,1.00,1.00
2008.09.16 08:17:33.552,0.9386,0.9388,1.00,1.00
2008.09.16 08:17:34.228,0.9386,0.9387,1.00,1.00
2008.09.16 08:17:36.542,0.93855,0.9387,1.00,1.00
2008.09.16 08:17:36.974,0.93855,0.9386,1.00,1.00
2008.09.16 08:17:38.816,0.9385,0.9386,1.00,1.00
2008.09.16 08:17:40.235,0.93855,0.9386,1.00,1.00
2008.09.16 08:17:41.802,0.9384,0.9387,2.10,1.00
2008.09.16 08:17:41.946,0.93855,0.9387,2.10,1.00
2008.09.16 08:17:42.091,0.93865,0.9387,1.00,1.00
2008.09.16 08:17:43.622,0.9386,0.9387,1.00,1.00
2008.09.16 08:17:43.940,0.93855,0.9387,1.00,1.00
2008.09.16 08:17:44.942,0.93845,0.9387,1.00,1.00
2008.09.16 08:17:45.394,0.93845,0.9386,1.00,1.00
2008.09.16 08:17:45.990,0.9386,0.9387,1.00,1.00
2008.09.16 08:17:50.250,0.9386,0.9388,1.00,1.00
2008.09.16 08:17:50.587,0.93865,0.9388,1.00,1.00
2008.09.16 08:17:50.927,0.9386,0.9388,1.00,1.00
2008.09.16 08:17:54.278,0.9385,0.9388,2.90,1.00
2008.09.16 08:17:54.645,0.93855,0.9388,1.00,1.00
2008.09.16 08:17:54.831,0.9385,0.9388,2.90,1.00
2008.09.16 08:17:54.926,0.9385,0.9387,2.90,1.00
2008.09.16 08:17:55.452,0.93855,0.9388,1.00,1.00
2008.09.16 08:17:57.546,0.93865,0.9388,1.00,1.00
2008.09.16 08:17:59.222,0.93855,0.9388,2.90,1.00
2008.09.16 08:17:59.524,0.9385,0.9387,1.00,1.00
2008.09.16 08:18:01.546,0.9386,0.9388,1.00,1.00
2008.09.16 08:18:01.746,0.93865,0.9388,1.00,1.00
2008.09.16 08:18:02.006,0.9386,0.9388,3.20,1.00
2008.09.16 08:18:02.266,0.93855,0.9388,2.10,1.00
2008.09.16 08:18:03.451,0.93865,0.9389,1.00,1.00
2008.09.16 08:18:04.318,0.9387,0.9389,1.00,1.00
2008.09.16 08:18:05.126,0.93865,0.9389,1.00,1.00
2008.09.16 08:18:05.922,0.9387,0.9389,1.00,1.00
2008.09.16 08:18:07.098,0.93875,0.9389,1.00,1.00
2008.09.16 08:18:07.419,0.9387,0.9389,1.00,1.00
2008.09.16 08:18:07.574,0.93875,0.9389,1.00,1.00
2008.09.16 08:18:08.366,0.9387,0.9389,1.00,1.00
2008.09.16 08:18:08.706,0.93875,0.9389,1.00,1.00
2008.09.16 08:18:09.048,0.9387,0.9389,1.00,1.00
2008.09.16 08:18:09.842,0.93875,0.9389,1.00,1.00
2008.09.16 08:18:14.859,0.9387,0.9389,1.00,1.00
2008.09.16 08:18:15.138,0.93865,0.9389,1.00,1.00
2008.09.16 08:18:15.943,0.9386,0.9389,2.90,1.00
2008.09.16 08:18:16.154,0.9386,0.9388,2.90,1.00
2008.09.16 08:18:16.366,0.93865,0.9388,1.00,1.00
2008.09.16 08:18:16.582,0.9386,0.9388,1.00,1.00
2008.09.16 08:18:17.954,0.93855,0.9388,1.00,1.00
2008.09.16 08:18:19.394,0.9386,0.9388,1.00,1.00
2008.09.16 08:18:19.842,0.93865,0.9388,1.00,1.00
2008.09.16 08:18:22.327,0.9386,0.9388,1.00,1.00
2008.09.16 08:18:24.388,0.93865,0.9388,1.00,1.00
2008.09.16 08:18:25.066,0.9386,0.9388,1.00,1.00
2008.09.16 08:18:25.404,0.93855,0.9388,1.00,1.00
2008.09.16 08:18:25.743,0.9386,0.9389,1.00,1.00
2008.09.16 08:18:27.094,0.93865,0.9389,1.00,1.00
2008.09.16 08:18:29.170,0.93865,0.939,1.00,8.30
2008.09.16 08:18:29.694,0.93865,0.939,1.00,4.30
2008.09.16 08:18:29.802,0.9387,0.939,1.00,1.00
2008.09.16 08:18:30.891,0.93865,0.939,1.00,1.00
2008.09.16 08:18:31.444,0.93865,0.939,1.00,4.30
2008.09.16 08:18:31.510,0.9386,0.939,1.00,4.30
2008.09.16 08:18:31.638,0.9386,0.93895,1.00,3.20
2008.09.16 08:18:31.702,0.9386,0.93895,1.00,4.00
2008.09.16 08:18:32.010,0.9386,0.9389,1.00,1.00
2008.09.16 08:18:32.498,0.93865,0.93895,1.00,4.00
2008.09.16 08:18:32.786,0.93865,0.939,1.00,5.10
2008.09.16 08:18:33.391,0.93865,0.939,1.00,8.30
2008.09.16 08:18:33.680,0.9386,0.93895,1.00,4.00
2008.09.16 08:18:34.250,0.9386,0.9389,1.00,1.00
2008.09.16 08:18:35.414,0.93865,0.939,1.00,5.10
2008.09.16 08:18:35.614,0.9386,0.939,1.00,8.30
2008.09.16 08:18:35.810,0.93865,0.939,1.00,8.30
2008.09.16 08:18:36.206,0.9386,0.939,1.00,5.10
2008.09.16 08:18:36.402,0.9386,0.93895,1.00,1.00
2008.09.16 08:18:36.598,0.9386,0.93895,1.00,4.00
2008.09.16 08:18:36.762,0.9386,0.939,1.00,6.20
2008.09.16 08:18:36.926,0.9385,0.939,1.00,5.80
2008.09.16 08:18:37.086,0.9387,0.939,1.00,5.10
2008.09.16 08:18:37.250,0.9387,0.939,1.00,1.00
2008.09.16 08:18:37.907,0.9387,0.939,1.00,5.10
2008.09.16 08:18:38.246,0.9387,0.939,1.00,1.00
2008.09.16 08:18:39.846,0.9387,0.939,1.00,5.10
2008.09.16 08:18:40.026,0.93865,0.939,1.00,5.10
2008.09.16 08:18:40.206,0.93865,0.939,1.00,1.80
2008.09.16 08:18:40.386,0.93865,0.939,1.00,1.00
2008.09.16 08:18:40.566,0.93865,0.9389,1.00,1.00
2008.09.16 08:18:40.746,0.9387,0.9389,1.00,1.00
2008.09.16 08:18:40.926,0.93865,0.9389,1.00,1.00
2008.09.16 08:18:41.190,0.93865,0.939,1.00,4.30
2008.09.16 08:18:41.454,0.93865,0.9389,1.00,1.00
2008.09.16 08:18:43.440,0.9386,0.9389,1.00,1.00
2008.09.16 08:18:43.739,0.93865,0.9389,1.00,1.00
2008.09.16 08:18:44.986,0.9387,0.939,1.00,1.00
2008.09.16 08:18:46.287,0.93865,0.939,1.00,1.00
2008.09.16 08:18:46.423,0.93865,0.939,1.00,5.10
2008.09.16 08:18:46.819,0.9387,0.939,1.00,5.10
2008.09.16 08:18:47.214,0.9387,0.9389,1.00,1.00
2008.09.16 08:18:48.494,0.9387,0.939,1.00,1.00
2008.09.16 08:18:49.118,0.9387,0.9389,1.00,1.00
2008.09.16 08:18:49.374,0.93865,0.9389,1.00,1.00
2008.09.16 08:18:49.630,0.9387,0.9389,1.00,1.00
2008.09.16 08:18:51.383,0.93875,0.9389,1.00,1.00
2008.09.16 08:18:52.775,0.9388,0.9389,1.00,1.00
2008.09.16 08:18:53.120,0.9388,0.9391,1.00,1.00
2008.09.16 08:18:53.464,0.93875,0.9391,1.00,1.00
2008.09.16 08:18:53.810,0.93875,0.939,1.00,1.00
2008.09.16 08:18:53.975,0.93875,0.939,2.90,1.00
2008.09.16 08:18:54.141,0.9388,0.939,1.00,1.00
2008.09.16 08:18:54.302,0.93885,0.939,1.00,1.00
2008.09.16 08:18:54.464,0.9389,0.939,1.00,1.00
2008.09.16 08:18:56.019,0.93885,0.939,1.00,1.00
2008.09.16 08:18:56.194,0.9388,0.939,1.00,1.00
2008.09.16 08:18:56.550,0.9388,0.9391,1.00,1.00
2008.09.16 08:18:56.730,0.9388,0.9391,1.00,5.10
2008.09.16 08:18:57.238,0.9388,0.939,1.00,1.00
2008.09.16 08:18:57.902,0.9388,0.9389,1.00,1.00
2008.09.16 08:18:58.486,0.9387,0.939,1.00,1.00
2008.09.16 08:18:58.780,0.9386,0.939,14.80,1.00
2008.09.16 08:18:59.070,0.93855,0.9389,1.00,1.00
2008.09.16 08:18:59.554,0.9386,0.9389,3.20,1.00
2008.09.16 08:18:59.650,0.9386,0.9389,4.00,1.00
2008.09.16 08:18:59.746,0.9386,0.9389,3.20,1.00
2008.09.16 08:19:00.034,0.93855,0.9389,2.90,1.00
2008.09.16 08:19:00.507,0.93865,0.9389,1.00,1.00
2008.09.16 08:19:00.746,0.9387,0.9389,1.00,1.00
2008.09.16 08:19:00.983,0.9387,0.93895,1.00,4.00
2008.09.16 08:19:01.222,0.9387,0.9389,1.00,1.00
2008.09.16 08:19:01.494,0.9386,0.9389,1.00,1.00
2008.09.16 08:19:02.038,0.93855,0.9389,1.00,1.00
2008.09.16 08:19:02.314,0.93865,0.9389,1.00,1.00
2008.09.16 08:19:03.390,0.9387,0.939,1.00,1.00
2008.09.16 08:19:04.063,0.9386,0.9389,1.00,1.00
2008.09.16 08:19:04.398,0.93855,0.9389,1.00,1.00
2008.09.16 08:19:04.494,0.93855,0.9388,1.00,1.00
2008.09.16 08:19:04.586,0.9386,0.9388,1.00,1.00
2008.09.16 08:19:04.954,0.93855,0.9388,1.00,1.00
2008.09.16 08:19:05.046,0.93855,0.9389,1.00,1.00
2008.09.16 08:19:05.142,0.93865,0.9389,1.00,1.00
2008.09.16 08:19:05.827,0.93875,0.9389,1.00,1.00
2008.09.16 08:19:06.399,0.93855,0.9388,1.00,1.00
2008.09.16 08:19:06.866,0.93875,0.9389,1.00,1.00
2008.09.16 08:19:07.098,0.9387,0.9389,1.00,1.00
2008.09.16 08:19:07.330,0.9387,0.939,1.00,1.00
2008.09.16 08:19:08.586,0.93865,0.9389,1.00,1.00
2008.09.16 08:19:08.922,0.9386,0.9389,1.00,1.00
2008.09.16 08:19:09.262,0.9387,0.939,1.00,1.00
2008.09.16 08:19:09.490,0.93885,0.9389,1.00,1.00
2008.09.16 08:19:09.721,0.9387,0.9389,1.00,1.00
2008.09.16 08:19:09.946,0.93875,0.9389,1.00,1.00
2008.09.16 08:19:10.174,0.93875,0.939,1.00,1.00
2008.09.16 08:19:10.734,0.93875,0.9389,1.00,1.00
2008.09.16 08:19:11.671,0.9388,0.9389,1.00,1.00
2008.09.16 08:19:11.714,0.9388,0.939,1.00,1.00
2008.09.16 08:19:14.479,0.93875,0.9391,1.00,1.00
2008.09.16 08:19:17.846,0.9387,0.9391,1.00,5.10
2008.09.16 08:19:18.274,0.93865,0.939,1.00,1.00
2008.09.16 08:19:18.698,0.9387,0.939,1.00,1.00
2008.09.16 08:19:18.902,0.9387,0.9389,1.00,1.00
2008.09.16 08:19:19.121,0.93865,0.9389,1.00,1.00
2008.09.16 08:19:19.326,0.9386,0.9389,1.00,1.00
2008.09.16 08:19:19.530,0.93865,0.939,1.00,1.00
2008.09.16 08:19:19.734,0.9386,0.939,1.00,1.00
2008.09.16 08:19:20.206,0.9387,0.939,1.00,1.00
2008.09.16 08:19:23.663,0.93885,0.9391,1.00,1.00
2008.09.16 08:19:23.999,0.9387,0.9391,3.20,1.00
2008.09.16 08:19:24.350,0.93875,0.9391,1.00,1.00
2008.09.16 08:19:24.526,0.93875,0.939,1.00,1.00
2008.09.16 08:19:27.290,0.9387,0.939,1.00,1.00
2008.09.16 08:19:27.506,0.93875,0.939,1.00,1.00
2008.09.16 08:19:27.826,0.9387,0.939,1.00,1.00
2008.09.16 08:19:27.886,0.9387,0.939,2.90,1.00
2008.09.16 08:19:28.356,0.93875,0.939,1.00,1.00
2008.09.16 08:19:28.694,0.9387,0.9389,2.90,1.00
2008.09.16 08:19:29.034,0.9387,0.9389,2.10,1.00
2008.09.16 08:19:29.274,0.9387,0.9389,1.00,1.00
2008.09.16 08:19:29.514,0.93865,0.9389,1.00,1.00
2008.09.16 08:19:29.874,0.9387,0.9389,1.00,1.00
2008.09.16 08:19:30.126,0.93865,0.9389,1.00,1.00
2008.09.16 08:19:30.370,0.9387,0.9389,1.00,1.00
2008.09.16 08:19:30.860,0.9388,0.939,1.00,1.00
2008.09.16 08:19:33.500,0.93875,0.939,1.00,1.00
2008.09.16 08:19:35.350,0.9388,0.939,1.00,1.00
2008.09.16 08:19:35.742,0.9388,0.9391,1.00,1.00
2008.09.16 08:19:38.406,0.93885,0.9391,1.00,1.00
2008.09.16 08:19:38.742,0.9388,0.9391,1.00,1.00
2008.09.16 08:19:39.415,0.93885,0.9391,1.00,1.00
2008.09.16 08:19:40.834,0.9388,0.939,1.00,1.00
2008.09.16 08:19:41.174,0.9388,0.9391,1.00,1.00
2008.09.16 08:19:41.654,0.93885,0.9392,1.00,1.00
2008.09.16 08:19:44.029,0.93895,0.9393,1.00,1.00
2008.09.16 08:19:44.367,0.939,0.9393,1.00,1.00
2008.09.16 08:19:46.702,0.939,0.9394,1.00,1.00
2008.09.16 08:19:47.307,0.939,0.9393,1.00,1.00
2008.09.16 08:19:48.166,0.9389,0.9393,2.90,1.00
2008.09.16 08:19:48.422,0.939,0.9393,3.20,1.00
2008.09.16 08:19:48.682,0.93905,0.9394,1.00,5.10
2008.09.16 08:19:49.202,0.93905,0.9394,1.00,1.00
2008.09.16 08:19:49.462,0.939,0.9393,2.10,1.00
2008.09.16 08:19:49.737,0.9389,0.9392,8.60,1.00
2008.09.16 08:19:49.998,0.93895,0.9392,1.00,1.00
2008.09.16 08:19:50.258,0.9389,0.9392,6.20,1.00
2008.09.16 08:19:50.518,0.9389,0.9392,2.90,1.00
2008.09.16 08:19:50.778,0.93905,0.9393,2.10,1.00
2008.09.16 08:19:51.050,0.939,0.9393,2.10,1.00
2008.09.16 08:19:51.322,0.939,0.9392,2.10,1.00
2008.09.16 08:19:51.594,0.9389,0.9392,3.20,1.00
2008.09.16 08:19:52.193,0.9389,0.9392,1.00,1.00
2008.09.16 08:19:52.358,0.93885,0.9392,2.90,1.00
2008.09.16 08:19:52.689,0.93895,0.9392,1.00,1.00
2008.09.16 08:19:53.018,0.9389,0.9392,2.90,1.00
2008.09.16 08:19:53.354,0.93895,0.9392,1.00,1.00
2008.09.16 08:19:53.694,0.939,0.9392,1.00,1.00
2008.09.16 08:19:54.350,0.93895,0.9392,1.00,1.00
2008.09.16 08:19:54.590,0.9389,0.9392,2.10,1.00
2008.09.16 08:19:54.670,0.93885,0.9392,1.00,1.00
2008.09.16 08:19:55.069,0.9388,0.9392,4.00,1.00
2008.09.16 08:19:55.858,0.9388,0.9392,6.20,5.10
2008.09.16 08:19:56.123,0.93895,0.9392,1.00,1.00
2008.09.16 08:19:56.976,0.9389,0.9392,2.90,1.00
2008.09.16 08:19:57.193,0.93885,0.9392,1.00,1.00
2008.09.16 08:19:57.418,0.93885,0.9392,2.90,1.00
2008.09.16 08:19:57.688,0.93885,0.9391,2.90,1.00
2008.09.16 08:19:57.922,0.93885,0.9391,1.00,1.00
2008.09.16 08:19:58.523,0.93885,0.9391,2.90,1.00
2008.09.16 08:19:58.862,0.9388,0.9389,2.10,1.00
2008.09.16 08:19:59.428,0.9387,0.9391,3.20,1.00
2008.09.16 08:19:59.655,0.9387,0.9391,1.00,1.00
2008.09.16 08:19:59.883,0.93875,0.939,1.00,1.00
2008.09.16 08:20:01.022,0.9388,0.939,1.00,1.00
2008.09.16 08:20:01.411,0.9387,0.939,2.90,1.00
2008.09.16 08:20:02.275,0.9388,0.939,1.00,1.00
2008.09.16 08:20:06.431,0.9386,0.939,5.40,1.00
2008.09.16 08:20:06.812,0.9387,0.939,1.00,1.00
2008.09.16 08:20:06.986,0.93875,0.9389,1.00,1.00
2008.09.16 08:20:07.333,0.9387,0.9389,1.00,1.00
2008.09.16 08:20:07.507,0.9386,0.9389,5.40,1.00
2008.09.16 08:20:07.683,0.9386,0.9389,3.20,1.00
2008.09.16 08:20:07.983,0.93875,0.939,1.00,1.00
2008.09.16 08:20:08.282,0.9388,0.939,1.00,1.00
2008.09.16 08:20:09.486,0.93875,0.939,2.90,1.00
2008.09.16 08:20:09.794,0.9388,0.939,1.00,1.00
2008.09.16 08:20:10.018,0.93875,0.939,1.00,1.00
2008.09.16 08:20:10.467,0.9388,0.939,1.00,1.00
2008.09.16 08:20:11.215,0.93885,0.9391,1.00,1.00
2008.09.16 08:20:12.390,0.9388,0.9391,2.90,1.00
2008.09.16 08:20:13.430,0.9389,0.9392,1.00,1.00
2008.09.16 08:20:13.734,0.9389,0.9392,3.20,1.00
2008.09.16 08:20:14.038,0.9389,0.9391,4.00,1.00
2008.09.16 08:20:14.313,0.9389,0.939,1.00,1.00
2008.09.16 08:20:15.141,0.9389,0.9391,1.00,1.00
2008.09.16 08:20:15.629,0.9389,0.9391,2.90,1.00
2008.09.16 08:20:15.874,0.9389,0.9391,2.10,1.00
2008.09.16 08:20:17.078,0.93895,0.9391,1.00,1.00
2008.09.16 08:20:17.862,0.9389,0.9391,2.10,1.00
2008.09.16 08:20:18.395,0.93885,0.9391,2.90,1.00
2008.09.16 08:20:18.730,0.93885,0.9391,1.00,1.00
2008.09.16 08:20:19.205,0.93885,0.9391,2.90,1.00
2008.09.16 08:20:21.157,0.93885,0.9392,2.90,1.00
2008.09.16 08:20:21.377,0.939,0.9392,1.00,1.00
2008.09.16 08:20:21.598,0.9389,0.9392,2.10,1.00
2008.09.16 08:20:22.213,0.93885,0.9392,2.90,1.00
2008.09.16 08:20:22.578,0.93885,0.9392,2.10,1.00
2008.09.16 08:20:22.929,0.93885,0.9392,2.90,1.00
2008.09.16 08:20:23.444,0.9388,0.9391,3.20,1.00
2008.09.16 08:20:23.783,0.93885,0.9392,1.00,1.00
2008.09.16 08:20:25.137,0.9388,0.9391,2.90,1.00
2008.09.16 08:20:25.358,0.9388,0.9391,1.00,1.00
2008.09.16 08:20:26.029,0.9388,0.939,1.00,1.00
2008.09.16 08:20:27.131,0.9387,0.939,5.40,1.00
2008.09.16 08:20:27.351,0.9387,0.939,2.90,1.00
2008.09.16 08:20:28.037,0.9387,0.9391,6.20,1.00
2008.09.16 08:20:28.134,0.9388,0.9391,2.90,1.00
2008.09.16 08:20:28.449,0.9388,0.9391,1.00,1.00
2008.09.16 08:20:28.796,0.93875,0.939,1.00,1.00
2008.09.16 08:20:29.472,0.93875,0.939,2.10,1.00
2008.09.16 08:20:30.253,0.93875,0.9391,2.90,1.00
2008.09.16 08:20:30.862,0.9387,0.9391,2.90,1.00
2008.09.16 08:20:31.535,0.9388,0.939,1.00,1.00
2008.09.16 08:20:31.974,0.9388,0.9391,1.00,1.00
2008.09.16 08:20:32.381,0.9388,0.9391,2.90,1.00
2008.09.16 08:20:32.482,0.93885,0.9391,2.10,1.00
2008.09.16 08:20:32.582,0.93885,0.939,2.10,1.00
2008.09.16 08:20:32.758,0.9389,0.939,1.00,1.00
2008.09.16 08:20:32.930,0.93885,0.939,1.00,1.00
2008.09.16 08:20:33.102,0.9388,0.939,2.90,1.00
2008.09.16 08:20:33.273,0.93895,0.9391,1.00,1.00
2008.09.16 08:20:33.445,0.93885,0.9391,1.00,1.00
2008.09.16 08:20:33.953,0.9388,0.9391,1.00,1.00
2008.09.16 08:20:36.008,0.9388,0.939,1.00,1.00
2008.09.16 08:20:36.342,0.93885,0.939,1.00,1.00
2008.09.16 08:20:37.137,0.93875,0.939,1.00,1.00
2008.09.16 08:20:37.699,0.9387,0.939,2.90,1.00
2008.09.16 08:20:37.833,0.9387,0.9389,2.90,1.00
2008.09.16 08:20:38.697,0.9387,0.9389,1.00,1.00
2008.09.16 08:20:38.914,0.9388,0.939,1.00,1.00
2008.09.16 08:20:39.129,0.93885,0.939,1.00,1.00
2008.09.16 08:20:39.778,0.9389,0.939,1.00,1.00
2008.09.16 08:20:40.234,0.9389,0.9391,1.00,1.00
2008.09.16 08:20:45.945,0.9389,0.9392,1.00,1.00
2008.09.16 08:20:46.602,0.93885,0.9392,1.00,1.00
2008.09.16 08:20:46.786,0.9389,0.9392,1.00,1.00
2008.09.16 08:20:47.153,0.93885,0.9392,1.00,1.00
2008.09.16 08:20:47.338,0.9389,0.9391,1.00,1.00
2008.09.16 08:20:47.869,0.93885,0.9391,1.00,1.00
2008.09.16 08:20:47.985,0.93885,0.9392,1.00,3.20
2008.09.16 08:20:48.101,0.93885,0.9393,1.00,8.30
2008.09.16 08:20:48.217,0.93885,0.93925,1.00,4.00
2008.09.16 08:20:48.449,0.93885,0.9392,1.00,1.00
2008.09.16 08:20:48.785,0.9389,0.9392,1.00,1.00
2008.09.16 08:20:50.106,0.9389,0.9392,2.90,1.00
2008.09.16 08:20:50.322,0.939,0.9392,1.00,1.00
2008.09.16 08:20:51.215,0.9389,0.9392,1.00,1.00
2008.09.16 08:20:52.030,0.93895,0.9392,1.00,1.00
2008.09.16 08:20:52.270,0.93895,0.9393,1.00,1.00
2008.09.16 08:20:52.390,0.939,0.9393,1.00,1.00
2008.09.16 08:20:52.861,0.9389,0.9392,1.00,1.00
2008.09.16 08:20:53.093,0.93885,0.9392,1.00,1.00
2008.09.16 08:20:53.557,0.9389,0.9392,1.00,1.00
2008.09.16 08:20:54.009,0.9389,0.9393,1.00,1.00
2008.09.16 08:20:54.352,0.93895,0.9393,1.00,1.00
2008.09.16 08:20:55.017,0.9389,0.9392,1.00,1.00
2008.09.16 08:20:55.485,0.939,0.9392,1.00,1.00
2008.09.16 08:20:55.953,0.93895,0.9392,1.00,1.00
2008.09.16 08:20:56.135,0.93905,0.9393,1.00,5.10
2008.09.16 08:20:56.673,0.93905,0.9392,1.00,1.00
2008.09.16 08:20:58.885,0.93895,0.9392,1.00,1.00
2008.09.16 08:20:59.568,0.93895,0.9391,1.00,1.00
2008.09.16 08:20:59.886,0.939,0.9391,1.00,1.00
2008.09.16 08:21:00.042,0.939,0.9392,1.00,1.00
2008.09.16 08:21:00.489,0.939,0.9393,1.00,1.00
2008.09.16 08:21:01.573,0.939,0.9393,1.00,4.30
2008.09.16 08:21:01.779,0.939,0.9393,1.00,1.00
2008.09.16 08:21:01.986,0.939,0.9392,1.00,1.00
2008.09.16 08:21:03.850,0.9389,0.9392,1.00,1.00
2008.09.16 08:21:04.126,0.939,0.9392,1.00,1.00
2008.09.16 08:21:04.402,0.9389,0.9391,2.10,1.00
2008.09.16 08:21:04.557,0.9388,0.9391,10.80,1.00
2008.09.16 08:21:04.869,0.9388,0.9391,7.60,1.00
2008.09.16 08:21:05.025,0.9388,0.9391,6.20,1.00
2008.09.16 08:21:05.517,0.93885,0.939,1.00,1.00
2008.09.16 08:21:05.853,0.9388,0.939,7.50,1.00
2008.09.16 08:21:06.190,0.93885,0.9391,1.00,1.00
2008.09.16 08:21:06.525,0.9389,0.9391,1.00,1.00
2008.09.16 08:21:06.858,0.93885,0.9391,2.90,1.00
2008.09.16 08:21:07.521,0.93885,0.9391,1.00,1.00
2008.09.16 08:21:08.287,0.9389,0.9391,1.00,1.00
2008.09.16 08:21:08.919,0.939,0.9392,1.00,1.00
2008.09.16 08:21:09.171,0.9389,0.9392,1.00,1.00
2008.09.16 08:21:09.426,0.93895,0.9392,1.00,1.00
2008.09.16 08:21:09.714,0.9389,0.9392,1.00,1.00
2008.09.16 08:21:09.858,0.93885,0.9391,2.10,1.00
2008.09.16 08:21:10.002,0.9389,0.9391,2.10,1.00
2008.09.16 08:21:10.145,0.93885,0.9391,1.00,1.00
2008.09.16 08:21:10.289,0.93885,0.9391,3.20,1.00
2008.09.16 08:21:10.433,0.93885,0.9391,2.20,1.00
2008.09.16 08:21:10.757,0.9388,0.9391,2.10,1.00
2008.09.16 08:21:11.407,0.9389,0.9391,1.00,1.00
2008.09.16 08:21:12.446,0.9389,0.9391,2.90,1.00
2008.09.16 08:21:12.991,0.9389,0.9391,1.00,1.00
2008.09.16 08:21:13.265,0.9389,0.9392,1.00,1.00
2008.09.16 08:21:14.576,0.93885,0.9392,2.90,1.00
2008.09.16 08:21:14.877,0.9389,0.9391,1.00,1.00
2008.09.16 08:21:15.247,0.93895,0.9391,1.00,1.00
2008.09.16 08:21:15.430,0.9389,0.9391,1.00,1.00
2008.09.16 08:21:15.610,0.9389,0.9392,1.00,1.00
2008.09.16 08:21:16.127,0.9389,0.9391,2.90,1.00
2008.09.16 08:21:16.466,0.93895,0.9391,1.00,1.00
2008.09.16 08:21:16.803,0.93895,0.9392,1.00,1.00
2008.09.16 08:21:17.093,0.939,0.9392,1.00,1.00
2008.09.16 08:21:17.237,0.93895,0.9391,1.00,1.00
2008.09.16 08:21:18.093,0.9389,0.9391,2.90,1.00
2008.09.16 08:21:19.005,0.93895,0.9391,1.00,1.00
2008.09.16 08:21:19.278,0.9389,0.9391,2.90,1.00
2008.09.16 08:21:20.969,0.9389,0.9391,2.10,1.00
2008.09.16 08:21:21.173,0.93885,0.9391,2.90,1.00
2008.09.16 08:21:21.901,0.93885,0.9391,1.00,1.00
2008.09.16 08:21:22.597,0.9389,0.9391,1.00,1.00
2008.09.16 08:21:22.713,0.9389,0.9391,2.90,1.00
2008.09.16 08:21:23.129,0.93895,0.9391,1.00,1.00
2008.09.16 08:21:23.429,0.93895,0.9393,1.00,1.00
2008.09.16 08:21:23.729,0.9389,0.9392,2.10,2.80
2008.09.16 08:21:24.030,0.9389,0.9392,1.00,1.00
2008.09.16 08:21:24.267,0.9389,0.9392,2.10,1.00
2008.09.16 08:21:24.498,0.9389,0.9392,2.90,1.00
2008.09.16 08:21:24.734,0.93895,0.9392,2.10,1.00
2008.09.16 08:21:24.971,0.93895,0.9393,2.90,1.00
2008.09.16 08:21:25.311,0.93895,0.9392,2.90,1.00
2008.09.16 08:21:25.985,0.939,0.9393,1.00,1.00
2008.09.16 08:21:26.204,0.939,0.9391,2.10,1.00
2008.09.16 08:21:26.705,0.93895,0.9391,2.10,1.00
2008.09.16 08:21:27.137,0.93895,0.9392,2.90,1.00
2008.09.16 08:21:28.525,0.939,0.9392,2.10,1.00
2008.09.16 08:21:31.324,0.939,0.9393,2.90,1.00
2008.09.16 08:21:31.953,0.93905,0.9393,2.90,1.00
2008.09.16 08:21:32.385,0.93905,0.9393,2.10,1.00
2008.09.16 08:21:32.603,0.93915,0.9393,2.10,1.00
2008.09.16 08:21:32.977,0.93905,0.9393,2.10,1.00
2008.09.16 08:21:33.349,0.93905,0.9392,2.10,1.00
2008.09.16 08:21:34.209,0.93915,0.9394,2.10,1.00
2008.09.16 08:21:34.541,0.93905,0.9393,2.10,1.00
2008.09.16 08:21:34.942,0.93905,0.9394,2.10,1.00
2008.09.16 08:21:35.185,0.93905,0.9394,2.90,1.00
2008.09.16 08:21:35.265,0.93915,0.9394,2.10,1.00
2008.09.16 08:21:35.345,0.93915,0.9394,2.90,1.00
2008.09.16 08:21:36.129,0.93915,0.9394,2.10,1.00
2008.09.16 08:21:36.598,0.93915,0.9394,2.10,4.30
2008.09.16 08:21:36.861,0.93915,0.9394,2.10,1.00
2008.09.16 08:21:36.993,0.93915,0.93945,2.10,1.00
2008.09.16 08:21:37.141,0.9393,0.93945,2.10,1.00
2008.09.16 08:21:37.274,0.9393,0.9394,2.10,1.00
2008.09.16 08:21:37.406,0.9393,0.9394,2.10,1.70
2008.09.16 08:21:37.885,0.9393,0.9394,2.10,1.00
2008.09.16 08:21:38.221,0.9391,0.9394,2.10,1.00
2008.09.16 08:21:39.469,0.9391,0.9394,5.40,1.00
2008.09.16 08:21:39.773,0.9391,0.9394,6.20,1.00
2008.09.16 08:21:39.965,0.9391,0.9394,8.60,1.00
2008.09.16 08:21:40.157,0.93915,0.9394,2.10,1.00
2008.09.16 08:21:40.349,0.9392,0.9394,2.10,1.00
2008.09.16 08:21:41.617,0.93915,0.9394,2.10,1.00
2008.09.16 08:21:41.953,0.9392,0.9394,2.10,1.00
2008.09.16 08:21:42.260,0.9392,0.9395,2.10,1.00
2008.09.16 08:21:42.565,0.9392,0.9395,5.40,1.00
2008.09.16 08:21:42.641,0.93935,0.9395,1.00,1.00
2008.09.16 08:21:42.873,0.9394,0.9396,2.10,1.00
2008.09.16 08:21:43.569,0.9393,0.9396,2.20,1.00
2008.09.16 08:21:43.801,0.9392,0.9396,2.90,1.00
2008.09.16 08:21:44.474,0.93925,0.9396,2.90,1.00
2008.09.16 08:21:45.288,0.9393,0.9396,1.00,1.00
2008.09.16 08:21:45.737,0.9393,0.9396,2.90,1.00
2008.09.16 08:21:46.085,0.93915,0.9395,5.40,1.00
2008.09.16 08:21:46.421,0.93915,0.9395,2.90,1.00
2008.09.16 08:21:46.759,0.93935,0.9395,2.90,1.00
2008.09.16 08:21:46.853,0.93935,0.9395,2.10,1.00
2008.09.16 08:21:46.951,0.93935,0.9394,2.10,1.00
2008.09.16 08:21:47.141,0.93925,0.9394,4.40,1.00
2008.09.16 08:21:47.429,0.93925,0.9394,2.10,1.00
2008.09.16 08:21:48.373,0.93925,0.9395,2.10,1.00
2008.09.16 08:21:49.157,0.9393,0.9395,2.10,1.00
2008.09.16 08:21:49.382,0.9394,0.9396,2.10,1.00
2008.09.16 08:21:49.610,0.93945,0.9396,2.10,1.00
2008.09.16 08:21:50.057,0.93945,0.9395,2.10,1.00
2008.09.16 08:21:50.729,0.93945,0.9396,2.10,1.00
2008.09.16 08:21:51.554,0.93955,0.9396,2.10,1.00
2008.09.16 08:21:52.174,0.93945,0.9396,2.10,1.00
2008.09.16 08:21:52.310,0.93945,0.9395,2.10,1.00
2008.09.16 08:21:52.574,0.93935,0.9395,2.20,1.00
2008.09.16 08:21:52.709,0.9393,0.9395,2.10,1.00
2008.09.16 08:21:53.105,0.93925,0.9395,2.10,1.00
2008.09.16 08:21:53.385,0.93925,0.9394,2.10,1.00
2008.09.16 08:21:53.945,0.9393,0.9395,2.10,1.00
2008.09.16 08:21:54.225,0.9393,0.9395,2.90,1.00
2008.09.16 08:21:54.461,0.9393,0.9396,2.90,1.00
2008.09.16 08:21:54.697,0.9393,0.9396,2.10,1.00
2008.09.16 08:21:55.407,0.93935,0.9396,2.10,1.00
2008.09.16 08:21:55.713,0.93935,0.9397,2.10,1.00
2008.09.16 08:21:56.017,0.93935,0.9396,2.10,1.00
2008.09.16 08:21:56.525,0.9393,0.9395,2.10,1.00
2008.09.16 08:21:56.729,0.9392,0.9395,4.40,1.00
2008.09.16 08:21:56.933,0.9392,0.9395,2.10,1.00
2008.09.16 08:21:57.137,0.9392,0.9396,2.10,2.80
2008.09.16 08:21:57.849,0.9392,0.93955,2.10,1.70
2008.09.16 08:21:58.098,0.9392,0.93955,2.10,1.00
2008.09.16 08:21:58.234,0.9392,0.9396,2.10,1.00
2008.09.16 08:21:58.605,0.93925,0.9395,2.90,1.00
2008.09.16 08:21:58.853,0.9393,0.9395,2.10,1.00
2008.09.16 08:21:59.189,0.9393,0.9396,2.10,1.00
2008.09.16 08:21:59.525,0.93915,0.93955,4.40,1.00
2008.09.16 08:21:59.861,0.93915,0.93955,2.10,1.70
2008.09.16 08:22:00.073,0.9392,0.9396,1.00,1.00
2008.09.16 08:22:00.285,0.93925,0.9396,2.10,1.00
2008.09.16 08:22:00.709,0.93935,0.9396,2.10,1.00
2008.09.16 08:22:00.921,0.9393,0.9396,6.20,1.00
2008.09.16 08:22:01.233,0.9393,0.9397,6.20,2.10
2008.09.16 08:22:01.545,0.9393,0.9396,2.10,1.00
2008.09.16 08:22:02.082,0.9393,0.9395,2.10,1.00
2008.09.16 08:22:02.305,0.93925,0.9395,2.90,1.00
2008.09.16 08:22:02.977,0.93925,0.9396,2.90,1.00
2008.09.16 08:22:03.133,0.9393,0.9396,1.00,1.00
2008.09.16 08:22:03.302,0.9393,0.9396,6.20,1.00
2008.09.16 08:22:03.462,0.93935,0.9397,1.00,1.00
2008.09.16 08:22:04.223,0.9394,0.9397,2.10,1.00
2008.09.16 08:22:04.514,0.93935,0.9397,2.90,1.00
2008.09.16 08:22:04.805,0.93935,0.9397,2.10,1.00
2008.09.16 08:22:05.097,0.93935,0.9395,2.10,1.00
2008.09.16 08:22:05.289,0.93925,0.9395,2.10,1.00
2008.09.16 08:22:05.865,0.93925,0.9395,2.90,1.00
2008.09.16 08:22:06.374,0.93925,0.9396,2.90,1.00
2008.09.16 08:22:06.759,0.9393,0.9396,1.00,1.00
2008.09.16 08:22:07.142,0.9393,0.9396,2.90,1.00
2008.09.16 08:22:07.570,0.9393,0.9396,1.00,1.00
2008.09.16 08:22:07.777,0.9393,0.9396,2.90,1.00
2008.09.16 08:22:08.721,0.9393,0.9396,2.10,1.00
2008.09.16 08:22:09.041,0.9393,0.9396,2.90,1.00
2008.09.16 08:22:09.353,0.93935,0.9396,2.10,1.70
2008.09.16 08:22:09.516,0.93925,0.9395,4.40,1.00
2008.09.16 08:22:09.838,0.93925,0.9395,2.10,1.00
2008.09.16 08:22:10.605,0.93925,0.9395,2.90,1.00
2008.09.16 08:22:11.037,0.93925,0.9396,2.90,1.00
2008.09.16 08:22:11.253,0.93935,0.9396,1.00,1.00
2008.09.16 08:22:12.342,0.9393,0.9396,2.90,1.00
2008.09.16 08:22:12.446,0.9393,0.9397,2.90,1.00
2008.09.16 08:22:12.575,0.93935,0.9397,1.00,1.00
2008.09.16 08:22:12.889,0.9394,0.9397,1.00,1.00
2008.09.16 08:22:13.201,0.9394,0.9397,2.90,1.00
2008.09.16 08:22:13.305,0.9394,0.9397,2.10,1.00
2008.09.16 08:22:13.977,0.93935,0.9396,2.90,1.00
2008.09.16 08:22:14.313,0.93935,0.9396,2.10,1.00
2008.09.16 08:22:14.477,0.9393,0.9396,2.90,1.00
2008.09.16 08:22:14.647,0.9393,0.9395,2.10,1.00
2008.09.16 08:22:14.813,0.93935,0.9395,2.10,1.00
2008.09.16 08:22:14.977,0.93935,0.9396,2.10,1.00
2008.09.16 08:22:15.141,0.93935,0.9396,2.90,1.00
2008.09.16 08:22:15.305,0.9394,0.9396,2.10,1.00
2008.09.16 08:22:15.701,0.9394,0.9397,2.90,1.00
2008.09.16 08:22:15.933,0.9394,0.9397,2.10,1.00
2008.09.16 08:22:16.397,0.9393,0.9397,5.40,1.00
2008.09.16 08:22:16.657,0.9393,0.9396,5.40,1.00
2008.09.16 08:22:16.917,0.93925,0.9396,5.40,1.00
2008.09.16 08:22:17.177,0.93925,0.9396,4.40,1.00
2008.09.16 08:22:17.438,0.9392,0.9396,4.40,1.00
2008.09.16 08:22:17.561,0.9392,0.9396,2.10,1.00
2008.09.16 08:22:17.681,0.9392,0.9396,2.10,2.80
2008.09.16 08:22:17.801,0.9392,0.9395,2.10,1.00
2008.09.16 08:22:20.921,0.9393,0.9395,2.10,1.00
2008.09.16 08:22:21.866,0.9392,0.9395,4.40,1.00
2008.09.16 08:22:21.969,0.9392,0.9395,5.40,1.00
2008.09.16 08:22:22.072,0.9392,0.9395,6.20,1.00
2008.09.16 08:22:22.573,0.9392,0.9395,2.90,1.00
2008.09.16 08:22:22.673,0.93925,0.9395,2.10,1.00
2008.09.16 08:22:22.780,0.9392,0.9395,2.10,1.00
2008.09.16 08:22:23.261,0.9392,0.9395,5.40,1.00
2008.09.16 08:22:23.421,0.9392,0.9395,6.20,1.00
2008.09.16 08:22:23.741,0.9392,0.9395,2.10,1.00
2008.09.16 08:22:25.641,0.9393,0.9395,2.10,1.00
2008.09.16 08:22:27.913,0.93925,0.9395,2.10,1.00
2008.09.16 08:22:28.887,0.9392,0.9395,2.10,1.00
2008.09.16 08:22:29.173,0.9392,0.9395,2.90,1.00
2008.09.16 08:22:29.742,0.93925,0.9395,2.10,1.00
2008.09.16 08:22:30.025,0.9392,0.9395,5.40,1.00
2008.09.16 08:22:30.865,0.9392,0.9394,6.20,1.00
2008.09.16 08:22:31.472,0.93925,0.9395,2.10,1.00
2008.09.16 08:22:31.690,0.93925,0.9395,2.90,1.00
2008.09.16 08:22:31.906,0.9393,0.9395,2.10,1.00
2008.09.16 08:22:32.573,0.93925,0.9395,2.10,1.00
2008.09.16 08:22:32.733,0.93925,0.9395,2.90,1.00
2008.09.16 08:22:33.053,0.93925,0.9395,2.10,1.00
2008.09.16 08:22:34.105,0.9392,0.9394,5.40,1.00
2008.09.16 08:22:34.281,0.9392,0.9394,2.10,1.00
2008.09.16 08:22:34.633,0.93915,0.9394,2.10,1.00
2008.09.16 08:22:36.401,0.9391,0.9394,8.60,1.00
2008.09.16 08:22:36.617,0.9391,0.9394,7.60,1.00
2008.09.16 08:22:36.833,0.9391,0.9394,6.20,1.00
2008.09.16 08:22:37.049,0.9391,0.9394,5.40,1.00
2008.09.16 08:22:37.441,0.9391,0.9394,2.10,1.00
2008.09.16 08:22:38.153,0.9391,0.9394,2.90,1.00
2008.09.16 08:22:38.678,0.9391,0.9394,4.00,1.00
2008.09.16 08:22:39.337,0.93915,0.9395,1.00,1.00
2008.09.16 08:22:39.508,0.93915,0.9394,1.00,1.00
2008.09.16 08:22:39.593,0.9391,0.9394,6.20,1.00
2008.09.16 08:22:41.205,0.9391,0.9394,2.90,1.00
2008.09.16 08:22:41.361,0.93915,0.9394,2.90,1.00
2008.09.16 08:22:42.458,0.9392,0.9394,4.00,1.00
2008.09.16 08:22:42.634,0.9392,0.9394,2.10,1.00
2008.09.16 08:22:42.765,0.93915,0.9394,2.90,1.00
2008.09.16 08:22:43.293,0.9392,0.9394,4.00,1.00
2008.09.16 08:22:43.689,0.9392,0.9394,1.00,1.00
2008.09.16 08:22:44.025,0.93915,0.9394,2.90,1.00
2008.09.16 08:22:44.361,0.93915,0.9394,2.10,1.00
2008.09.16 08:22:44.933,0.9391,0.9394,8.60,1.00
2008.09.16 08:22:45.169,0.9391,0.9394,6.20,1.00
2008.09.16 08:22:45.405,0.9391,0.9394,2.10,1.00
2008.09.16 08:22:46.213,0.93905,0.9393,2.10,1.00
2008.09.16 08:22:47.059,0.9391,0.9394,6.20,1.00
2008.09.16 08:22:47.145,0.93915,0.9394,2.10,1.00
2008.09.16 08:22:50.097,0.9391,0.9394,6.20,1.00
2008.09.16 08:22:52.357,0.9391,0.9394,2.10,1.00
2008.09.16 08:22:52.821,0.9391,0.9393,2.10,1.00
2008.09.16 08:22:53.176,0.9391,0.9393,6.20,1.00
2008.09.16 08:22:53.413,0.9391,0.9394,6.20,1.00
2008.09.16 08:22:56.026,0.9391,0.9394,2.90,1.00
2008.09.16 08:22:56.466,0.9391,0.9394,2.10,1.00
2008.09.16 08:22:56.907,0.9391,0.9393,2.10,1.00
2008.09.16 08:22:57.692,0.93915,0.9393,2.10,1.00
2008.09.16 08:22:57.971,0.93905,0.9393,2.10,1.00
2008.09.16 08:22:59.363,0.93905,0.9394,2.90,1.00
2008.09.16 08:22:59.484,0.9391,0.9394,3.20,1.00
2008.09.16 08:22:59.613,0.9391,0.9394,4.00,1.00
2008.09.16 08:22:59.721,0.9391,0.9395,1.00,1.00
2008.09.16 08:22:59.841,0.93915,0.9395,2.90,1.00
2008.09.16 08:22:59.961,0.9392,0.9395,1.00,1.00
2008.09.16 08:23:00.081,0.93915,0.9395,2.90,1.00
2008.09.16 08:23:00.201,0.9392,0.9395,2.10,1.00
2008.09.16 08:23:00.517,0.9392,0.9395,5.40,1.00
2008.09.16 08:23:00.833,0.9392,0.9395,6.20,1.00
2008.09.16 08:23:01.465,0.93925,0.9395,2.10,1.00
2008.09.16 08:23:02.077,0.9392,0.9393,2.20,1.00
2008.09.16 08:23:02.282,0.93905,0.9393,2.10,1.00
2008.09.16 08:23:02.621,0.93905,0.9393,2.90,1.00
2008.09.16 08:23:02.720,0.9391,0.9393,2.10,1.00
2008.09.16 08:23:02.817,0.93905,0.9393,2.90,1.00
2008.09.16 08:23:03.009,0.9392,0.9393,1.00,1.00
2008.09.16 08:23:03.297,0.9392,0.9395,1.00,1.00
2008.09.16 08:23:03.633,0.93915,0.9395,1.00,1.00
2008.09.16 08:23:04.306,0.93915,0.9394,1.00,1.00
2008.09.16 08:23:04.641,0.9391,0.9394,2.90,1.00
2008.09.16 08:23:05.357,0.9391,0.9394,1.00,1.00
2008.09.16 08:23:06.197,0.9391,0.9394,6.20,1.00
2008.09.16 08:23:06.377,0.93915,0.9394,1.00,1.00
2008.09.16 08:23:06.557,0.93915,0.9394,2.90,1.00
2008.09.16 08:23:06.793,0.93915,0.9394,2.10,1.00
2008.09.16 08:23:07.029,0.9391,0.9394,6.20,1.00
2008.09.16 08:23:07.502,0.9391,0.9394,2.90,1.00
2008.09.16 08:23:07.644,0.9391,0.9394,2.10,1.00
2008.09.16 08:23:07.786,0.9391,0.9393,2.10,1.00
2008.09.16 08:23:08.484,0.93905,0.9393,2.90,1.00
2008.09.16 08:23:09.445,0.9391,0.9394,4.00,1.00
2008.09.16 08:23:09.765,0.9391,0.9394,6.20,1.00
2008.09.16 08:23:10.729,0.9391,0.9394,2.90,1.00
2008.09.16 08:23:11.749,0.9391,0.9394,6.20,1.00
2008.09.16 08:23:12.783,0.9391,0.9395,1.00,5.10
2008.09.16 08:23:13.026,0.9391,0.9395,4.00,5.10
2008.09.16 08:23:13.385,0.9391,0.9395,6.20,5.10
2008.09.16 08:23:13.505,0.9391,0.9394,2.90,1.00
2008.09.16 08:23:13.625,0.9391,0.9394,2.10,1.00
2008.09.16 08:23:14.753,0.9391,0.9394,2.90,1.00
2008.09.16 08:23:15.090,0.93915,0.9394,2.90,1.00
2008.09.16 08:23:15.189,0.9392,0.9394,2.10,1.00
2008.09.16 08:23:15.501,0.93915,0.9394,2.10,1.00
2008.09.16 08:23:15.715,0.93915,0.9393,2.10,1.00
2008.09.16 08:23:16.173,0.93915,0.9393,2.90,1.00
2008.09.16 08:23:16.494,0.93915,0.9394,2.90,1.00
2008.09.16 08:23:16.829,0.9392,0.9395,2.10,1.00
2008.09.16 08:23:17.431,0.9393,0.9395,2.10,1.00
2008.09.16 08:23:17.888,0.9392,0.9395,8.60,1.00
2008.09.16 08:23:18.061,0.9392,0.9395,6.20,1.00
2008.09.16 08:23:18.405,0.93925,0.9395,2.10,1.00
2008.09.16 08:23:19.257,0.93915,0.9394,2.10,1.00
2008.09.16 08:23:19.594,0.9392,0.9394,2.10,1.00
2008.09.16 08:23:20.329,0.93915,0.9394,2.10,1.00
2008.09.16 08:23:21.418,0.9392,0.9394,2.10,1.00
2008.09.16 08:23:21.829,0.93925,0.9395,1.00,1.00
2008.09.16 08:23:22.101,0.93925,0.9395,2.90,1.00
2008.09.16 08:23:22.473,0.93925,0.9395,2.10,1.00
2008.09.16 08:23:23.881,0.9393,0.9395,1.00,1.00
2008.09.16 08:23:24.037,0.93935,0.9395,2.10,1.00
2008.09.16 08:23:24.193,0.93935,0.9396,2.10,1.00
2008.09.16 08:23:25.267,0.93935,0.9395,2.10,1.00
2008.09.16 08:23:25.425,0.93925,0.9395,2.10,1.00
2008.09.16 08:23:25.745,0.93925,0.9396,2.10,1.00
2008.09.16 08:23:25.903,0.9393,0.9396,1.00,1.00
2008.09.16 08:23:26.061,0.93935,0.9396,2.10,1.00
2008.09.16 08:23:28.855,0.93945,0.9396,2.10,1.00
2008.09.16 08:23:29.449,0.93935,0.9396,2.10,1.00
2008.09.16 08:23:30.177,0.9394,0.9396,2.10,1.00
2008.09.16 08:23:30.610,0.9394,0.9397,2.10,1.00
2008.09.16 08:23:30.789,0.93935,0.9397,5.40,1.00
2008.09.16 08:23:30.964,0.93935,0.9397,2.90,1.00
2008.09.16 08:23:31.317,0.9394,0.9397,2.90,1.00
2008.09.16 08:23:31.925,0.9395,0.9398,1.00,1.00
2008.09.16 08:23:32.161,0.9394,0.9397,4.00,1.00
2008.09.16 08:23:32.397,0.9394,0.9397,3.20,1.00
2008.09.16 08:23:32.633,0.93935,0.9397,4.40,1.00
2008.09.16 08:23:32.869,0.93935,0.9396,5.40,1.00
2008.09.16 08:23:33.021,0.9394,0.9396,3.20,1.00
2008.09.16 08:23:33.173,0.9394,0.9396,5.40,1.00
2008.09.16 08:23:33.325,0.9394,0.9396,2.10,1.00
2008.09.16 08:23:33.781,0.93935,0.9396,5.40,1.00
2008.09.16 08:23:34.134,0.93945,0.9397,1.00,1.00
2008.09.16 08:23:34.469,0.9395,0.9398,2.10,1.00
2008.09.16 08:23:34.805,0.93945,0.9398,2.90,1.00
2008.09.16 08:23:34.937,0.9395,0.9398,2.10,1.00
2008.09.16 08:23:36.385,0.93945,0.9398,2.90,1.00
2008.09.16 08:23:36.977,0.93945,0.9398,2.10,1.00
2008.09.16 08:23:37.117,0.9395,0.9398,2.10,1.00
2008.09.16 08:23:40.829,0.93945,0.9398,2.90,1.00
2008.09.16 08:23:41.205,0.93945,0.9398,2.10,1.00
2008.09.16 08:23:41.421,0.9395,0.9397,2.10,1.00
2008.09.16 08:23:42.253,0.9394,0.9397,2.20,1.00
2008.09.16 08:23:42.437,0.93935,0.9397,2.10,1.00
2008.09.16 08:23:42.621,0.93935,0.9396,2.10,1.00
2008.09.16 08:23:42.805,0.9394,0.9396,2.10,1.00
2008.09.16 08:23:42.990,0.9393,0.9396,5.50,1.00
2008.09.16 08:23:43.193,0.93925,0.9396,2.90,1.00
2008.09.16 08:23:43.397,0.9393,0.9396,1.00,1.00
2008.09.16 08:23:43.805,0.9393,0.93955,2.10,1.70
2008.09.16 08:23:44.009,0.9393,0.9395,2.10,1.00
2008.09.16 08:23:44.213,0.9392,0.9395,2.20,1.00
2008.09.16 08:23:44.549,0.93935,0.9396,2.10,1.00
2008.09.16 08:23:45.225,0.93925,0.93945,2.10,1.00
2008.09.16 08:23:45.461,0.9392,0.93945,2.20,1.00
2008.09.16 08:23:45.697,0.93915,0.9395,2.10,1.00
2008.09.16 08:23:46.168,0.93915,0.9395,2.90,1.00
2008.09.16 08:23:46.405,0.93915,0.9396,2.90,1.00
2008.09.16 08:23:46.637,0.93925,0.9396,2.10,1.00
2008.09.16 08:23:47.493,0.9392,0.9396,1.00,1.00
2008.09.16 08:23:47.809,0.93915,0.9396,1.00,1.00
2008.09.16 08:23:47.965,0.93915,0.9395,1.00,1.00
2008.09.16 08:23:48.120,0.9392,0.9395,2.90,1.00
2008.09.16 08:23:48.277,0.93925,0.9395,2.10,1.00
2008.09.16 08:23:48.845,0.93915,0.9394,4.40,1.00
2008.09.16 08:23:49.129,0.93915,0.9394,2.10,1.00
2008.09.16 08:23:53.169,0.9392,0.9395,3.20,1.00
2008.09.16 08:23:53.301,0.9392,0.9395,4.00,1.00
2008.09.16 08:23:53.564,0.9392,0.9395,1.00,1.00
2008.09.16 08:23:53.901,0.9393,0.9396,2.10,1.00
2008.09.16 08:23:54.575,0.93925,0.9396,4.40,1.00
2008.09.16 08:23:54.709,0.93925,0.9396,2.10,1.00
2008.09.16 08:23:54.977,0.93925,0.9395,2.10,1.00
2008.09.16 08:23:55.130,0.9393,0.9395,2.10,1.00
2008.09.16 08:23:55.525,0.9393,0.9394,2.10,1.00
2008.09.16 08:23:55.961,0.9392,0.9394,5.40,1.00
2008.09.16 08:23:56.878,0.93925,0.9395,1.00,1.00
2008.09.16 08:23:57.073,0.9392,0.9395,2.10,1.00
2008.09.16 08:23:57.270,0.9392,0.9394,2.10,1.00
2008.09.16 08:23:57.465,0.93915,0.9394,2.10,1.00
2008.09.16 08:23:57.792,0.93915,0.9395,2.90,1.00
2008.09.16 08:23:58.057,0.9392,0.9395,1.00,1.00
2008.09.16 08:23:58.189,0.9392,0.9395,2.90,1.00
2008.09.16 08:23:58.322,0.9392,0.9395,2.10,1.00
2008.09.16 08:23:58.716,0.93915,0.9395,5.40,1.00
2008.09.16 08:23:58.848,0.9392,0.9395,3.20,1.00
2008.09.16 08:23:59.174,0.9392,0.9395,6.20,1.00
2008.09.16 08:24:00.017,0.9392,0.9395,2.90,1.00
2008.09.16 08:24:00.244,0.9392,0.9395,2.10,1.00
2008.09.16 08:24:00.509,0.9392,0.9394,2.10,1.00
2008.09.16 08:24:01.881,0.93915,0.9394,2.10,1.00
2008.09.16 08:24:02.785,0.9392,0.9395,2.10,1.00
2008.09.16 08:24:03.424,0.9392,0.9395,2.90,1.00
2008.09.16 08:24:04.077,0.9392,0.9395,2.10,1.00
2008.09.16 08:24:04.413,0.9392,0.9395,5.40,1.00
2008.09.16 08:24:04.749,0.9392,0.9395,6.20,1.00
2008.09.16 08:24:05.401,0.9392,0.9395,5.40,1.00
2008.09.16 08:24:06.034,0.9392,0.9395,6.20,1.00
2008.09.16 08:24:06.233,0.93925,0.9395,2.10,1.00
2008.09.16 08:24:06.834,0.93925,0.9395,2.90,1.00
2008.09.16 08:24:07.234,0.93925,0.9395,2.10,1.00
2008.09.16 08:24:13.217,0.93925,0.9394,2.10,1.00
2008.09.16 08:24:13.373,0.93915,0.9394,2.20,1.00
2008.09.16 08:24:13.424,0.9391,0.9394,2.10,1.00
2008.09.16 08:24:16.563,0.9391,0.9394,2.90,1.00
2008.09.16 08:24:17.084,0.93915,0.9394,2.10,1.00
2008.09.16 08:24:19.468,0.93905,0.9393,2.10,1.00
2008.09.16 08:24:20.038,0.9391,0.9393,2.10,1.00
2008.09.16 08:24:21.217,0.9391,0.9392,2.10,1.00
2008.09.16 08:24:21.468,0.93905,0.9392,2.10,1.00
2008.09.16 08:24:21.997,0.939,0.9392,2.10,1.00
2008.09.16 08:24:22.352,0.93905,0.9392,2.10,1.00
2008.09.16 08:24:23.581,0.93915,0.9394,2.10,1.00
2008.09.16 08:24:23.916,0.93915,0.9394,2.90,1.00
2008.09.16 08:24:24.255,0.9391,0.9394,2.10,1.00
2008.09.16 08:24:25.073,0.93905,0.9394,2.90,1.00
2008.09.16 08:24:25.313,0.93905,0.9394,2.10,1.00
2008.09.16 08:24:25.553,0.939,0.9393,2.10,1.00
2008.09.16 08:24:26.273,0.93905,0.9393,2.10,1.00
2008.09.16 08:24:27.124,0.93895,0.9393,4.40,1.00
2008.09.16 08:24:27.329,0.93895,0.9393,2.10,1.00
2008.09.16 08:24:27.986,0.9389,0.9393,6.20,1.00
2008.09.16 08:24:28.405,0.9389,0.9392,5.40,1.00
2008.09.16 08:24:29.300,0.93895,0.9392,1.00,1.00
2008.09.16 08:24:29.524,0.939,0.9393,2.10,1.00
2008.09.16 08:24:31.393,0.939,0.9392,2.10,1.00
2008.09.16 08:24:32.117,0.9389,0.9392,8.60,1.00
2008.09.16 08:24:32.369,0.9389,0.9392,6.20,1.00
2008.09.16 08:24:32.621,0.93895,0.9392,2.10,1.00
2008.09.16 08:24:32.961,0.9389,0.9392,2.90,1.00
2008.09.16 08:24:33.185,0.9389,0.9392,2.10,1.00
2008.09.16 08:24:33.521,0.9389,0.9392,5.40,1.00
2008.09.16 08:24:33.968,0.9389,0.9392,6.20,1.00
2008.09.16 08:24:34.304,0.93905,0.9393,2.90,1.00
2008.09.16 08:24:34.641,0.93905,0.9393,2.10,1.00
2008.09.16 08:24:35.993,0.939,0.9393,2.10,1.00
2008.09.16 08:24:36.676,0.939,0.9392,2.10,1.00
2008.09.16 08:24:37.338,0.93895,0.9393,2.90,1.00
2008.09.16 08:24:37.573,0.9389,0.9393,4.40,1.00
2008.09.16 08:24:37.793,0.9389,0.9392,2.90,1.00
2008.09.16 08:24:38.032,0.9389,0.9392,2.10,1.00
2008.09.16 08:24:38.286,0.9389,0.9393,2.10,1.00
2008.09.16 08:24:38.753,0.9389,0.9393,2.10,6.40
2008.09.16 08:24:39.102,0.93895,0.9393,2.10,4.30
2008.09.16 08:24:39.437,0.9389,0.9392,2.10,1.00
2008.09.16 08:24:39.950,0.9389,0.9391,2.10,1.00
2008.09.16 08:24:40.301,0.9389,0.9392,2.10,1.00
2008.09.16 08:24:40.490,0.93885,0.9392,2.90,1.00
2008.09.16 08:24:40.669,0.9389,0.9392,2.10,1.00
2008.09.16 08:24:40.845,0.9389,0.9393,2.90,1.00
2008.09.16 08:24:41.183,0.93895,0.9393,1.00,1.00
2008.09.16 08:24:41.858,0.93905,0.9393,2.10,1.00
2008.09.16 08:24:42.130,0.93905,0.9394,1.00,1.00
2008.09.16 08:24:42.401,0.939,0.9394,2.90,1.00
2008.09.16 08:24:42.672,0.93905,0.9394,2.10,1.00
2008.09.16 08:24:42.966,0.93895,0.9393,5.40,1.00
2008.09.16 08:24:43.145,0.93895,0.9393,2.90,1.00
2008.09.16 08:24:43.325,0.93895,0.93935,2.10,1.70
2008.09.16 08:24:43.864,0.939,0.93935,2.10,1.70
2008.09.16 08:24:44.044,0.93895,0.93935,2.10,1.70
2008.09.16 08:24:44.380,0.9389,0.9393,2.10,1.00
2008.09.16 08:24:45.053,0.9389,0.9393,2.90,1.00
2008.09.16 08:24:45.333,0.9389,0.9392,5.40,1.00
2008.09.16 08:24:45.613,0.9389,0.9392,2.10,1.00
2008.09.16 08:24:45.752,0.93885,0.9392,2.90,1.00
2008.09.16 08:24:45.893,0.9389,0.9392,2.10,1.00
2008.09.16 08:24:46.706,0.93885,0.9391,2.10,1.00
2008.09.16 08:24:47.053,0.9389,0.9391,3.20,1.00
2008.09.16 08:24:47.252,0.9389,0.939,3.20,1.00
2008.09.16 08:24:47.352,0.93885,0.939,2.10,1.00
2008.09.16 08:24:47.553,0.9388,0.939,2.10,1.00
2008.09.16 08:24:47.754,0.9388,0.9391,2.10,1.00
2008.09.16 08:24:48.389,0.9389,0.9391,3.20,1.00
2008.09.16 08:24:48.725,0.93875,0.9392,2.90,2.10
2008.09.16 08:24:49.060,0.93875,0.9391,2.90,1.00
2008.09.16 08:24:50.085,0.93875,0.9391,2.10,1.00
2008.09.16 08:24:50.345,0.93875,0.9391,2.90,1.00
2008.09.16 08:24:51.125,0.93885,0.9392,2.10,2.80
2008.09.16 08:24:51.417,0.9388,0.9392,2.10,2.10
2008.09.16 08:24:51.709,0.9388,0.9391,2.10,1.00
2008.09.16 08:24:52.001,0.93875,0.9391,4.40,1.00
2008.09.16 08:24:52.294,0.93875,0.9391,2.90,1.00
2008.09.16 08:24:52.523,0.93875,0.9391,2.10,1.00
2008.09.16 08:24:52.958,0.9387,0.9391,5.40,1.00
2008.09.16 08:24:53.174,0.9387,0.9391,5.40,2.10
2008.09.16 08:24:53.436,0.9387,0.9391,2.10,2.80
2008.09.16 08:24:53.909,0.9387,0.939,2.10,1.00
2008.09.16 08:24:54.144,0.93865,0.939,2.10,1.00
2008.09.16 08:24:55.869,0.93865,0.939,1.00,1.00
2008.09.16 08:24:56.272,0.93865,0.939,2.10,1.00
2008.09.16 08:24:56.552,0.9387,0.939,2.10,1.00
2008.09.16 08:24:57.113,0.9387,0.9391,2.10,1.00
2008.09.16 08:24:57.886,0.93865,0.9391,2.90,1.00
2008.09.16 08:24:58.932,0.93865,0.9391,2.90,2.10
2008.09.16 08:24:59.169,0.93865,0.9391,2.10,2.80
2008.09.16 08:24:59.990,0.93865,0.939,2.10,1.00
2008.09.16 08:25:00.282,0.93865,0.939,2.90,1.00
2008.09.16 08:25:00.957,0.9387,0.9391,2.90,1.00
2008.09.16 08:25:01.293,0.93875,0.9391,2.90,1.00
2008.09.16 08:25:01.628,0.9387,0.9391,8.60,1.00
2008.09.16 08:25:01.853,0.9388,0.9391,1.00,1.00
2008.09.16 08:25:02.077,0.9388,0.939,1.00,1.00
2008.09.16 08:25:02.300,0.9387,0.939,2.10,1.00
2008.09.16 08:25:02.772,0.93865,0.939,4.40,1.00
2008.09.16 08:25:02.896,0.93865,0.939,2.90,1.00
2008.09.16 08:25:03.144,0.93865,0.939,2.10,1.00
2008.09.16 08:25:03.986,0.9387,0.939,2.10,1.00
2008.09.16 08:25:04.792,0.9387,0.939,5.40,1.00
2008.09.16 08:25:04.956,0.9387,0.939,2.90,1.00
2008.09.16 08:25:05.120,0.93865,0.939,2.10,1.00
2008.09.16 08:25:05.284,0.9387,0.9391,2.90,1.00
2008.09.16 08:25:05.448,0.93875,0.9391,2.10,1.00
2008.09.16 08:25:06.389,0.93875,0.9389,2.10,1.00
2008.09.16 08:25:06.700,0.93855,0.939,2.90,2.80
2008.09.16 08:25:06.936,0.93855,0.939,2.90,1.00
2008.09.16 08:25:07.408,0.9386,0.939,4.00,1.00
2008.09.16 08:25:07.644,0.9388,0.9391,2.10,5.10
2008.09.16 08:25:07.812,0.9388,0.9391,2.10,1.00
2008.09.16 08:25:07.969,0.9388,0.939,2.10,1.00
2008.09.16 08:25:08.437,0.93875,0.939,2.10,1.00
2008.09.16 08:25:08.912,0.93875,0.9391,2.10,2.80
2008.09.16 08:25:09.233,0.93875,0.9391,2.10,1.00
2008.09.16 08:25:09.553,0.9387,0.9391,2.90,1.00
2008.09.16 08:25:09.737,0.9387,0.9391,2.10,1.00
2008.09.16 08:25:10.288,0.9387,0.9391,3.20,1.00
2008.09.16 08:25:10.472,0.93875,0.9391,2.10,1.00
2008.09.16 08:25:10.656,0.93875,0.9391,2.10,2.10
2008.09.16 08:25:10.908,0.93875,0.9391,2.10,2.80
2008.09.16 08:25:11.160,0.93875,0.9391,2.10,6.00
2008.09.16 08:25:11.412,0.93865,0.939,4.40,1.00
2008.09.16 08:25:11.664,0.9387,0.939,2.10,1.00
2008.09.16 08:25:11.969,0.93865,0.939,2.90,1.00
2008.09.16 08:25:12.273,0.93875,0.939,2.10,1.00
2008.09.16 08:25:12.577,0.9387,0.939,6.20,1.00
2008.09.16 08:25:13.185,0.93885,0.9391,2.10,1.00
2008.09.16 08:25:13.488,0.93895,0.9391,1.00,1.00
2008.09.16 08:25:13.792,0.939,0.9393,2.10,1.00
2008.09.16 08:25:14.465,0.939,0.9393,2.10,1.70
2008.09.16 08:25:14.815,0.93895,0.9391,4.40,1.00
2008.09.16 08:25:15.008,0.93895,0.9393,2.10,1.00
2008.09.16 08:25:15.200,0.93895,0.9393,2.10,2.10
2008.09.16 08:25:15.392,0.93885,0.9393,4.40,2.80
2008.09.16 08:25:15.584,0.93885,0.9393,5.40,1.00
2008.09.16 08:25:15.777,0.93885,0.93915,2.10,1.70
2008.09.16 08:25:16.056,0.9388,0.939,2.20,1.00
2008.09.16 08:25:16.336,0.93885,0.939,1.00,1.00
2008.09.16 08:25:16.616,0.9388,0.9392,1.00,1.80
2008.09.16 08:25:16.896,0.93885,0.9392,1.00,1.00
2008.09.16 08:25:17.188,0.9388,0.93915,2.10,1.70
2008.09.16 08:25:17.481,0.93885,0.9392,2.10,6.40
2008.09.16 08:25:17.773,0.93885,0.9392,2.10,5.40
2008.09.16 08:25:17.964,0.93875,0.93915,1.00,1.00
2008.09.16 08:25:18.348,0.9387,0.93915,2.10,1.70
2008.09.16 08:25:18.733,0.9387,0.93915,5.40,1.00
2008.09.16 08:25:19.069,0.93875,0.9392,1.00,10.50
2008.09.16 08:25:19.404,0.9387,0.9391,5.40,1.00
2008.09.16 08:25:19.740,0.9387,0.9391,4.00,1.00
2008.09.16 08:25:20.262,0.9387,0.9391,6.20,1.00
2008.09.16 08:25:20.457,0.9387,0.939,4.00,1.00
2008.09.16 08:25:21.117,0.9387,0.939,6.20,1.00
2008.09.16 08:25:21.701,0.9387,0.939,2.10,1.00
2008.09.16 08:25:22.593,0.93865,0.9389,2.10,1.00
2008.09.16 08:25:22.894,0.9386,0.9389,6.20,1.00
2008.09.16 08:25:23.032,0.9386,0.939,6.20,1.00
2008.09.16 08:25:23.456,0.93865,0.939,2.10,1.00
2008.09.16 08:25:24.196,0.9386,0.9389,6.20,1.00
2008.09.16 08:25:24.528,0.93865,0.9389,2.10,1.00
2008.09.16 08:25:25.404,0.9386,0.9389,5.40,1.00
2008.09.16 08:25:25.616,0.93855,0.9389,2.10,1.00
2008.09.16 08:25:26.040,0.9386,0.9389,3.20,1.00
2008.09.16 08:25:27.226,0.9386,0.9389,5.40,1.00
2008.09.16 08:25:27.805,0.9386,0.9389,3.20,1.00
2008.09.16 08:25:28.500,0.93845,0.9389,5.40,1.00
2008.09.16 08:25:28.732,0.93845,0.9389,2.90,1.00
2008.09.16 08:25:29.080,0.9385,0.9389,1.00,1.00
2008.09.16 08:25:29.196,0.93855,0.9389,1.00,1.00
2008.09.16 08:25:29.869,0.9385,0.9389,2.90,1.00
2008.09.16 08:25:30.204,0.93845,0.9388,2.10,1.00
2008.09.16 08:25:30.397,0.9385,0.9388,1.00,1.00
2008.09.16 08:25:32.470,0.9386,0.9388,3.20,1.00
2008.09.16 08:25:33.072,0.9386,0.9389,3.20,1.00
2008.09.16 08:25:33.150,0.9385,0.9389,1.00,1.00
2008.09.16 08:25:33.940,0.93845,0.9389,2.90,1.00
2008.09.16 08:25:34.181,0.9385,0.9389,1.00,1.00
2008.09.16 08:25:35.661,0.93855,0.9389,1.00,1.00
2008.09.16 08:25:35.917,0.9385,0.9389,2.90,1.00
2008.09.16 08:25:36.428,0.9385,0.9389,1.00,1.00
2008.09.16 08:25:37.148,0.93855,0.9389,1.00,1.00
2008.09.16 08:25:37.389,0.9385,0.9389,2.90,1.00
2008.09.16 08:25:37.665,0.9385,0.9389,1.00,1.00
2008.09.16 08:25:37.940,0.9385,0.9389,3.20,2.80
2008.09.16 08:25:38.230,0.9384,0.9389,5.40,2.80
2008.09.16 08:25:38.508,0.9385,0.9388,3.20,1.00
2008.09.16 08:25:39.360,0.93835,0.9388,2.90,1.00
2008.09.16 08:25:39.640,0.9384,0.9388,2.10,1.00
2008.09.16 08:25:39.782,0.93835,0.9388,2.90,1.00
2008.09.16 08:25:39.920,0.9384,0.9388,1.00,1.00
2008.09.16 08:25:40.200,0.93845,0.9388,1.00,1.00
2008.09.16 08:25:40.340,0.93845,0.9389,2.90,5.10
2008.09.16 08:25:40.636,0.93845,0.93885,2.10,1.00
2008.09.16 08:25:40.932,0.9384,0.9388,2.90,1.00
2008.09.16 08:25:41.228,0.9384,0.9388,3.20,1.00
2008.09.16 08:25:41.524,0.9384,0.9387,4.00,1.00
2008.09.16 08:25:41.820,0.9384,0.9387,6.20,1.00
2008.09.16 08:25:42.116,0.9384,0.9388,2.90,1.00
2008.09.16 08:25:42.412,0.9384,0.9388,2.10,1.00
2008.09.16 08:25:42.708,0.9384,0.9388,3.20,1.00
2008.09.16 08:25:43.008,0.9384,0.9387,3.20,1.00
2008.09.16 08:25:43.152,0.93835,0.9387,1.00,1.00
2008.09.16 08:25:43.920,0.9383,0.9387,1.00,1.00
2008.09.16 08:25:44.257,0.9383,0.9387,4.00,5.10
2008.09.16 08:25:44.592,0.9384,0.9387,3.20,5.10
2008.09.16 08:25:44.816,0.93835,0.9387,1.00,5.10
2008.09.16 08:25:45.040,0.9384,0.9387,3.20,4.00
2008.09.16 08:25:45.264,0.9384,0.93875,4.00,4.00
2008.09.16 08:25:45.488,0.93835,0.9388,1.00,5.10
2008.09.16 08:25:45.724,0.93835,0.93875,1.00,4.00
2008.09.16 08:25:45.976,0.9384,0.9387,1.00,1.00
2008.09.16 08:25:46.480,0.93835,0.9388,1.00,5.10
2008.09.16 08:25:46.732,0.9384,0.9388,3.20,5.10
2008.09.16 08:25:46.984,0.93835,0.9388,2.90,1.00
2008.09.16 08:25:47.236,0.93845,0.93885,1.00,1.00
2008.09.16 08:25:47.488,0.9385,0.9389,3.20,12.20
2008.09.16 08:25:47.740,0.93845,0.9389,2.10,11.20
2008.09.16 08:25:47.920,0.93845,0.9389,2.90,10.50
2008.09.16 08:25:48.280,0.93845,0.9389,2.90,6.40
2008.09.16 08:25:48.644,0.9385,0.9389,5.40,6.40
2008.09.16 08:25:48.980,0.9385,0.9389,2.90,6.40
2008.09.16 08:25:49.316,0.9385,0.9389,1.00,10.50
2008.09.16 08:25:50.416,0.9385,0.9389,4.00,10.50
2008.09.16 08:25:50.672,0.9385,0.9389,3.20,6.40
2008.09.16 08:25:51.664,0.93845,0.9389,1.00,10.50
2008.09.16 08:25:52.280,0.93845,0.9389,2.90,11.60
2008.09.16 08:25:52.464,0.93845,0.9389,2.90,8.20
2008.09.16 08:25:52.832,0.93845,0.9389,2.90,6.40
2008.09.16 08:25:53.784,0.93845,0.9389,2.90,8.20
2008.09.16 08:25:54.248,0.93845,0.9389,1.00,7.10
2008.09.16 08:25:54.577,0.93845,0.9388,1.00,1.00
2008.09.16 08:25:56.652,0.9384,0.9388,1.00,1.00
2008.09.16 08:25:56.913,0.9384,0.9388,2.90,1.00
2008.09.16 08:25:59.064,0.9384,0.9388,6.20,1.00
2008.09.16 08:25:59.126,0.9384,0.9388,4.00,1.00
2008.09.16 08:25:59.469,0.9384,0.9388,2.10,2.80
2008.09.16 08:25:59.811,0.93835,0.9388,1.00,1.00
2008.09.16 08:26:00.153,0.9384,0.9388,4.00,5.10
2008.09.16 08:26:00.292,0.9384,0.9388,3.20,5.10
2008.09.16 08:26:00.432,0.9384,0.9388,4.00,1.80
2008.09.16 08:26:00.572,0.9384,0.9388,1.00,1.00
2008.09.16 08:26:00.852,0.9384,0.9388,2.90,1.00
2008.09.16 08:26:01.528,0.9384,0.9388,4.00,1.00
2008.09.16 08:26:01.868,0.9384,0.9388,1.00,1.00
2008.09.16 08:26:02.208,0.9384,0.9388,3.20,1.00
2008.09.16 08:26:02.549,0.93835,0.9388,2.90,1.00
2008.09.16 08:26:02.956,0.93835,0.9386,2.10,1.00
2008.09.16 08:26:03.364,0.9383,0.9386,6.20,1.00
2008.09.16 08:26:03.512,0.9384,0.9386,3.20,1.00
2008.09.16 08:26:03.808,0.9384,0.9387,3.20,1.00
2008.09.16 08:26:04.104,0.9383,0.9387,6.20,1.00
2008.09.16 08:26:04.897,0.9383,0.9386,6.20,1.00
2008.09.16 08:26:05.236,0.93825,0.9386,2.90,1.00
2008.09.16 08:26:05.577,0.93825,0.9386,2.10,1.00
2008.09.16 08:26:05.800,0.9383,0.9387,4.00,1.00
2008.09.16 08:26:06.024,0.9383,0.9387,4.00,5.10
2008.09.16 08:26:06.472,0.93835,0.9387,1.00,4.30
2008.09.16 08:26:06.782,0.93835,0.9387,1.00,1.00
2008.09.16 08:26:07.088,0.9384,0.9387,1.00,1.00
2008.09.16 08:26:07.860,0.93835,0.9387,1.00,1.00
2008.09.16 08:26:08.211,0.9384,0.9387,1.00,1.00
2008.09.16 08:26:08.329,0.9384,0.9388,4.00,5.10
2008.09.16 08:26:08.800,0.93845,0.9388,1.00,1.00
2008.09.16 08:26:09.140,0.9384,0.9388,5.40,1.00
2008.09.16 08:26:09.480,0.9384,0.9388,2.10,1.00
2008.09.16 08:26:09.728,0.9384,0.9388,6.20,1.00
2008.09.16 08:26:09.977,0.9384,0.9388,4.00,1.00
2008.09.16 08:26:10.224,0.9384,0.93875,1.00,5.10
2008.09.16 08:26:10.472,0.9383,0.9387,3.20,1.00
2008.09.16 08:26:10.716,0.9384,0.9387,3.20,1.00
2008.09.16 08:26:10.977,0.9383,0.9387,1.00,1.00
2008.09.16 08:26:11.220,0.9383,0.9387,1.00,2.10
2008.09.16 08:26:11.465,0.9383,0.9387,2.10,1.70
2008.09.16 08:26:11.708,0.9383,0.93875,4.00,1.00
2008.09.16 08:26:11.952,0.9383,0.9386,3.20,1.00
2008.09.16 08:26:12.684,0.93825,0.9386,2.90,1.00
2008.09.16 08:26:12.929,0.9383,0.9386,1.00,1.00
2008.09.16 08:26:13.052,0.93825,0.9386,2.90,1.00
2008.09.16 08:26:14.012,0.9383,0.9386,2.90,1.00
2008.09.16 08:26:14.340,0.9383,0.9387,4.00,1.00
2008.09.16 08:26:14.669,0.9383,0.9387,6.20,1.00
2008.09.16 08:26:15.192,0.9383,0.9387,5.40,2.80
2008.09.16 08:26:15.257,0.9383,0.9386,2.10,1.00
2008.09.16 08:26:15.328,0.93825,0.9386,2.90,1.00
2008.09.16 08:26:15.456,0.9383,0.9386,3.20,1.00
2008.09.16 08:26:17.471,0.9382,0.9386,6.20,1.00
2008.09.16 08:26:17.660,0.93825,0.9386,1.00,1.00
2008.09.16 08:26:17.841,0.9382,0.9386,6.20,1.00
2008.09.16 08:26:18.309,0.9382,0.9385,5.40,1.00
2008.09.16 08:26:18.424,0.9382,0.9385,3.20,1.00
2008.09.16 08:26:18.554,0.9382,0.9385,4.00,1.00
2008.09.16 08:26:19.240,0.9383,0.9386,3.20,1.00
2008.09.16 08:26:19.580,0.9382,0.9386,4.00,1.00
2008.09.16 08:26:19.920,0.9382,0.9385,4.00,1.00
2008.09.16 08:26:20.368,0.9383,0.9385,3.20,1.00
2008.09.16 08:26:20.816,0.9384,0.9385,3.20,1.00
2008.09.16 08:26:21.040,0.9383,0.9386,3.20,1.00
2008.09.16 08:26:21.688,0.9384,0.9386,3.20,1.00
2008.09.16 08:26:22.014,0.9383,0.9386,3.20,1.00
2008.09.16 08:26:22.189,0.9383,0.9387,3.20,7.20
2008.09.16 08:26:22.365,0.9382,0.9387,5.40,5.10
2008.09.16 08:26:22.540,0.93825,0.9387,2.90,5.10
2008.09.16 08:26:22.716,0.9383,0.9387,3.20,1.00
2008.09.16 08:26:23.068,0.9383,0.9387,4.00,1.00
2008.09.16 08:26:23.428,0.93825,0.9387,2.90,1.00
2008.09.16 08:26:23.788,0.9383,0.9387,2.10,1.00
2008.09.16 08:26:24.148,0.9383,0.9387,2.10,2.10
2008.09.16 08:26:24.488,0.9383,0.9386,2.10,1.00
2008.09.16 08:26:24.841,0.93825,0.9386,2.90,1.00
2008.09.16 08:26:25.169,0.9382,0.9386,6.20,1.00
2008.09.16 08:26:25.257,0.9382,0.9386,2.90,2.10
2008.09.16 08:26:25.446,0.9382,0.9386,2.90,1.00
2008.09.16 08:26:25.622,0.9382,0.9385,2.10,1.00
2008.09.16 08:26:25.972,0.9381,0.9386,2.90,2.80
2008.09.16 08:26:26.152,0.9381,0.9386,2.90,6.00
2008.09.16 08:26:26.254,0.9381,0.9386,2.90,6.80
2008.09.16 08:26:26.592,0.9381,0.9384,2.90,1.00
2008.09.16 08:26:26.933,0.9381,0.9384,2.10,1.00
2008.09.16 08:26:27.273,0.93805,0.9384,2.90,1.00
2008.09.16 08:26:27.372,0.9381,0.9384,1.00,1.00
2008.09.16 08:26:27.680,0.93805,0.9384,2.90,1.00
2008.09.16 08:26:28.080,0.9381,0.9384,1.00,1.00
2008.09.16 08:26:28.280,0.9381,0.9384,4.00,1.00
2008.09.16 08:26:28.508,0.93815,0.9385,2.90,1.00
2008.09.16 08:26:28.964,0.9382,0.9385,4.00,1.00
2008.09.16 08:26:29.192,0.9382,0.9386,4.00,1.00
2008.09.16 08:26:29.765,0.9382,0.9385,4.00,1.00
2008.09.16 08:26:30.449,0.9382,0.9386,6.20,1.00
2008.09.16 08:26:30.696,0.9382,0.9386,1.00,1.00
2008.09.16 08:26:30.944,0.93815,0.9387,2.10,5.10
2008.09.16 08:26:31.192,0.9382,0.9387,4.00,5.80
2008.09.16 08:26:31.440,0.9382,0.9387,6.20,5.80
2008.09.16 08:26:31.656,0.9382,0.9387,4.00,4.90
2008.09.16 08:26:31.874,0.9382,0.9386,4.00,1.00
2008.09.16 08:26:32.092,0.9382,0.9386,6.20,1.00
2008.09.16 08:26:32.764,0.9382,0.9386,4.00,1.00
2008.09.16 08:26:34.396,0.9382,0.9386,6.20,1.00
2008.09.16 08:26:35.116,0.9382,0.9386,2.90,1.00
2008.09.16 08:26:35.612,0.9382,0.9386,6.20,1.00
2008.09.16 08:26:36.100,0.9383,0.9386,3.20,1.00
2008.09.16 08:26:36.276,0.9384,0.9386,3.20,1.00
2008.09.16 08:26:36.452,0.9383,0.9387,3.20,1.00
2008.09.16 08:26:36.628,0.9383,0.9387,4.00,1.00
2008.09.16 08:26:36.896,0.9383,0.9387,6.20,1.00
2008.09.16 08:26:37.433,0.93835,0.9387,1.00,1.00
2008.09.16 08:26:37.706,0.9383,0.9387,4.00,1.00
2008.09.16 08:26:37.828,0.9383,0.9387,5.40,1.00
2008.09.16 08:26:38.085,0.9383,0.9387,5.40,1.70
2008.09.16 08:26:38.205,0.9383,0.9386,5.40,1.00
2008.09.16 08:26:38.325,0.9383,0.9386,2.10,1.00
2008.09.16 08:26:38.686,0.9383,0.93865,2.10,1.00
2008.09.16 08:26:39.028,0.9383,0.93865,2.10,1.70
2008.09.16 08:26:39.368,0.9382,0.9385,3.20,1.00
2008.09.16 08:26:39.710,0.9384,0.9385,3.20,1.00
2008.09.16 08:26:39.965,0.93835,0.9387,1.00,5.10
2008.09.16 08:26:40.222,0.9384,0.9387,3.20,5.10
2008.09.16 08:26:40.732,0.93835,0.9386,1.00,1.00
2008.09.16 08:26:40.989,0.9383,0.9386,5.40,1.00
2008.09.16 08:26:41.216,0.9383,0.9386,3.20,1.00
2008.09.16 08:26:41.900,0.93825,0.9387,2.10,1.00
2008.09.16 08:26:42.177,0.93835,0.93875,1.00,4.00
2008.09.16 08:26:42.452,0.9383,0.93875,4.00,4.00
2008.09.16 08:26:42.728,0.9383,0.9387,6.20,1.00
2008.09.16 08:26:43.500,0.9383,0.9387,5.40,1.00
2008.09.16 08:26:43.748,0.9383,0.9387,6.20,1.00
2008.09.16 08:26:43.964,0.9384,0.9387,3.20,1.00
2008.09.16 08:26:44.396,0.93835,0.9387,1.00,1.00
2008.09.16 08:26:45.044,0.9383,0.9387,6.20,1.00
2008.09.16 08:26:45.500,0.9383,0.9386,1.00,1.00
2008.09.16 08:26:45.728,0.93825,0.9386,2.90,1.00
2008.09.16 08:26:45.956,0.93825,0.9386,1.00,1.00
2008.09.16 08:26:46.640,0.9383,0.9386,3.20,1.00
2008.09.16 08:26:47.304,0.9383,0.9387,4.00,5.10
2008.09.16 08:26:47.720,0.9383,0.9387,6.20,5.10
2008.09.16 08:26:47.928,0.9383,0.9387,6.20,1.00
2008.09.16 08:26:48.138,0.9383,0.9387,4.00,1.00
2008.09.16 08:26:48.696,0.9383,0.9387,6.20,1.00
2008.09.16 08:26:48.816,0.93835,0.9387,1.00,1.00
2008.09.16 08:26:49.056,0.9384,0.9387,2.10,1.00
2008.09.16 08:26:51.168,0.93835,0.9387,1.00,1.00
2008.09.16 08:26:51.508,0.93835,0.9387,2.90,1.00
2008.09.16 08:26:51.849,0.93835,0.9387,2.10,1.00
2008.09.16 08:26:52.191,0.93835,0.9387,1.00,1.00
2008.09.16 08:26:53.045,0.93835,0.9387,2.90,1.00
2008.09.16 08:26:53.125,0.93835,0.9387,2.90,2.10
2008.09.16 08:26:53.204,0.9384,0.9387,3.20,2.10
2008.09.16 08:26:53.289,0.9384,0.9386,3.20,1.00
2008.09.16 08:26:53.732,0.9384,0.9387,3.20,1.00
2008.09.16 08:26:54.588,0.9383,0.9387,4.00,1.00
2008.09.16 08:26:54.928,0.9383,0.9387,3.20,1.00
2008.09.16 08:26:55.268,0.93835,0.9387,1.00,1.00
2008.09.16 08:26:55.628,0.9383,0.9387,4.00,1.00
2008.09.16 08:26:55.988,0.9383,0.9387,6.40,1.00
2008.09.16 08:26:57.006,0.93835,0.9387,2.10,1.00
2008.09.16 08:26:57.588,0.9383,0.9387,8.60,1.00
2008.09.16 08:26:57.828,0.9383,0.9387,6.20,1.00
2008.09.16 08:26:58.743,0.93835,0.9387,2.10,1.00
2008.09.16 08:26:59.105,0.93835,0.9387,2.90,1.00
2008.09.16 08:26:59.824,0.93835,0.9387,2.10,1.00
2008.09.16 08:27:00.084,0.9383,0.9387,6.20,1.00
2008.09.16 08:27:01.545,0.93835,0.9387,1.00,1.00
2008.09.16 08:27:01.768,0.93845,0.9388,2.10,6.40
2008.09.16 08:27:02.252,0.93845,0.9388,2.90,6.40
2008.09.16 08:27:02.512,0.93845,0.9388,2.10,6.40
2008.09.16 08:27:03.344,0.93845,0.9388,2.90,5.40
2008.09.16 08:27:03.503,0.9385,0.9388,3.20,5.40
2008.09.16 08:27:03.818,0.93845,0.9388,2.10,6.40
2008.09.16 08:27:04.156,0.9384,0.9388,2.90,6.40
2008.09.16 08:27:04.497,0.9384,0.9388,6.20,6.40
2008.09.16 08:27:04.837,0.93845,0.9388,2.90,6.40
2008.09.16 08:27:05.796,0.93845,0.9388,2.10,6.40
2008.09.16 08:27:06.041,0.9384,0.9387,2.90,1.00
2008.09.16 08:27:06.264,0.9385,0.9387,3.20,1.00
2008.09.16 08:27:06.488,0.9385,0.9388,3.20,6.40
2008.09.16 08:27:06.712,0.9384,0.9388,2.10,6.40
2008.09.16 08:27:06.936,0.9385,0.9388,3.20,6.40
2008.09.16 08:27:07.376,0.9385,0.9387,3.20,1.00
2008.09.16 08:27:08.024,0.9385,0.9388,3.20,6.40
2008.09.16 08:27:08.379,0.93845,0.9388,2.10,6.40
2008.09.16 08:27:08.556,0.93845,0.9388,2.10,7.50
2008.09.16 08:27:08.732,0.9384,0.9388,5.40,6.40
2008.09.16 08:27:08.908,0.9384,0.9388,2.10,7.50
2008.09.16 08:27:09.084,0.9384,0.9388,5.40,7.50
2008.09.16 08:27:09.423,0.9384,0.9388,5.40,8.20
2008.09.16 08:27:09.764,0.9384,0.9387,2.10,1.00
2008.09.16 08:27:10.105,0.93835,0.9387,2.90,1.00
2008.09.16 08:27:10.348,0.9384,0.9388,4.00,6.40
2008.09.16 08:27:10.594,0.9384,0.9388,6.20,6.40
2008.09.16 08:27:11.364,0.93845,0.9388,1.00,6.40
2008.09.16 08:27:11.648,0.93845,0.9388,2.10,6.40
2008.09.16 08:27:11.947,0.93845,0.9388,2.90,5.40
2008.09.16 08:27:12.232,0.93845,0.9388,1.00,5.40
2008.09.16 08:27:12.808,0.9385,0.9388,2.10,5.40
2008.09.16 08:27:13.096,0.9385,0.9388,2.90,5.40
2008.09.16 08:27:13.384,0.93855,0.9388,2.10,5.40
2008.09.16 08:27:13.976,0.9385,0.9388,2.90,5.40
2008.09.16 08:27:14.269,0.9385,0.9388,2.90,6.40
2008.09.16 08:27:14.588,0.9385,0.9388,2.10,6.40
2008.09.16 08:27:15.044,0.93845,0.9388,5.40,6.40
2008.09.16 08:27:15.452,0.93845,0.9388,2.90,6.40
2008.09.16 08:27:16.072,0.9385,0.9388,1.00,6.40
2008.09.16 08:27:16.160,0.9385,0.9388,2.90,6.40
2008.09.16 08:27:16.248,0.9385,0.9388,6.20,5.40
2008.09.16 08:27:16.588,0.93855,0.9388,2.10,5.40
2008.09.16 08:27:17.123,0.9386,0.9388,2.10,5.40
2008.09.16 08:27:17.722,0.93855,0.9388,4.40,5.40
2008.09.16 08:27:17.866,0.93855,0.9388,2.10,5.40
2008.09.16 08:27:18.126,0.9385,0.9388,4.40,5.40
2008.09.16 08:27:18.191,0.9385,0.9388,2.10,5.40
2008.09.16 08:27:18.256,0.93845,0.9388,2.90,5.40
2008.09.16 08:27:18.496,0.9385,0.9388,3.20,6.40
2008.09.16 08:27:20.122,0.9385,0.9388,4.00,5.40
2008.09.16 08:27:20.463,0.9385,0.9388,2.10,5.40
2008.09.16 08:27:20.780,0.9385,0.9388,2.10,6.40
2008.09.16 08:27:21.656,0.9385,0.9388,1.00,6.40
2008.09.16 08:27:23.495,0.93845,0.9388,2.90,6.40
2008.09.16 08:27:24.036,0.9385,0.9388,1.00,6.40
2008.09.16 08:27:24.796,0.9385,0.9388,2.90,6.40
2008.09.16 08:27:25.136,0.93855,0.9388,2.10,6.40
2008.09.16 08:27:25.476,0.9385,0.9388,2.90,6.40
2008.09.16 08:27:26.116,0.93855,0.9388,2.10,6.40
2008.09.16 08:27:26.448,0.9385,0.9388,2.90,6.40
2008.09.16 08:27:26.889,0.93845,0.9388,5.40,6.40
2008.09.16 08:27:27.110,0.93845,0.9388,4.40,6.40
2008.09.16 08:27:27.328,0.93845,0.9388,2.10,6.40
2008.09.16 08:27:27.548,0.93845,0.9388,1.00,6.40
2008.09.16 08:27:27.734,0.9384,0.9388,6.20,6.40
2008.09.16 08:27:27.916,0.9384,0.9388,2.90,6.40
2008.09.16 08:27:28.280,0.9384,0.9388,6.20,5.40
2008.09.16 08:27:28.464,0.93845,0.9388,1.00,5.40
2008.09.16 08:27:29.081,0.93845,0.9388,2.10,5.40
2008.09.16 08:27:32.404,0.9385,0.9388,1.00,5.40
2008.09.16 08:27:32.648,0.93855,0.9388,2.10,5.40
2008.09.16 08:27:33.034,0.9386,0.9388,3.20,5.40
2008.09.16 08:27:36.268,0.9386,0.9388,2.10,5.40
2008.09.16 08:27:36.552,0.93865,0.9388,2.10,5.40
2008.09.16 08:27:37.064,0.9386,0.9388,2.10,5.40
2008.09.16 08:27:37.748,0.9386,0.9388,6.20,5.40
2008.09.16 08:27:37.924,0.9386,0.9388,5.40,5.40
2008.09.16 08:27:38.426,0.9386,0.9388,5.40,6.40
2008.09.16 08:27:38.764,0.9387,0.9388,2.10,5.40
2008.09.16 08:27:39.081,0.93865,0.9388,2.10,5.40
2008.09.16 08:27:39.688,0.9386,0.9388,2.10,5.40
2008.09.16 08:27:40.316,0.9386,0.9388,5.40,5.40
2008.09.16 08:27:41.291,0.93865,0.9388,2.10,5.40
2008.09.16 08:27:41.891,0.9387,0.9388,2.10,5.40
2008.09.16 08:27:42.089,0.93865,0.9388,2.10,5.40
2008.09.16 08:27:42.284,0.9386,0.9388,4.40,5.40
2008.09.16 08:27:42.480,0.9386,0.9388,2.20,5.40
2008.09.16 08:27:42.676,0.9386,0.9388,3.20,5.40
2008.09.16 08:27:42.884,0.9386,0.9388,2.10,5.40
2008.09.16 08:27:43.664,0.9385,0.9388,6.20,5.40
2008.09.16 08:27:44.059,0.9385,0.9387,5.40,1.00
2008.09.16 08:27:44.384,0.9384,0.9387,5.50,1.00
2008.09.16 08:27:44.721,0.9385,0.9387,2.10,1.00
2008.09.16 08:27:45.044,0.9384,0.9387,2.10,1.00
2008.09.16 08:27:46.237,0.9383,0.9387,3.20,2.80
2008.09.16 08:27:46.790,0.9384,0.9387,3.20,1.70
2008.09.16 08:27:47.065,0.9384,0.9387,3.20,1.00
2008.09.16 08:27:47.563,0.9384,0.9388,4.00,6.40
2008.09.16 08:27:47.808,0.93845,0.9388,1.00,6.40
2008.09.16 08:27:48.052,0.9384,0.9388,4.00,6.40
2008.09.16 08:27:48.212,0.9384,0.9388,4.00,5.40
2008.09.16 08:27:48.372,0.9385,0.9388,1.00,5.40
2008.09.16 08:27:48.704,0.9386,0.9388,2.10,5.40
2008.09.16 08:27:49.024,0.9386,0.9388,2.10,6.40
2008.09.16 08:27:49.364,0.9385,0.9388,4.40,6.40
2008.09.16 08:27:49.704,0.9385,0.9388,2.10,5.40
2008.09.16 08:27:50.044,0.93855,0.9388,2.10,7.50
2008.09.16 08:27:50.188,0.93855,0.9388,2.10,8.20
2008.09.16 08:27:50.332,0.93855,0.9388,2.10,6.40
2008.09.16 08:27:50.476,0.93855,0.9388,2.10,5.40
2008.09.16 08:27:50.764,0.93855,0.9388,2.10,6.00
2008.09.16 08:27:51.065,0.93855,0.9387,2.10,1.00
2008.09.16 08:27:51.392,0.9384,0.9387,5.40,1.00
2008.09.16 08:27:51.732,0.9384,0.9388,5.40,6.40
2008.09.16 08:27:52.073,0.93845,0.9388,2.10,6.40
2008.09.16 08:27:52.527,0.93845,0.9388,2.10,7.50
2008.09.16 08:27:52.756,0.93845,0.9388,2.10,6.40
2008.09.16 08:27:53.480,0.93845,0.9388,1.00,6.40
2008.09.16 08:27:53.748,0.93845,0.9388,2.10,5.40
2008.09.16 08:27:54.016,0.93845,0.9388,2.10,6.40
2008.09.16 08:27:54.961,0.9384,0.9388,2.90,6.40
2008.09.16 08:27:55.875,0.93845,0.9388,2.10,6.40
2008.09.16 08:27:56.539,0.9385,0.9388,2.10,6.40
2008.09.16 08:27:57.397,0.93855,0.9388,2.10,6.40
2008.09.16 08:27:57.438,0.93855,0.9388,2.10,5.40
2008.09.16 08:27:58.192,0.93855,0.9388,2.10,6.40
2008.09.16 08:27:58.512,0.93845,0.9388,2.20,7.10
2008.09.16 08:27:58.768,0.9384,0.9387,2.10,1.00
2008.09.16 08:27:59.280,0.93845,0.9388,2.10,6.40
2008.09.16 08:27:59.584,0.93845,0.9388,2.10,7.10
2008.09.16 08:27:59.888,0.9384,0.9388,2.10,7.10
2008.09.16 08:28:00.719,0.9384,0.9388,5.40,7.10
2008.09.16 08:28:00.947,0.9384,0.9388,3.20,8.20
2008.09.16 08:28:01.063,0.93835,0.93875,2.10,1.00
2008.09.16 08:28:01.179,0.93835,0.93875,2.10,1.70
2008.09.16 08:28:01.295,0.93835,0.93875,2.10,1.00
2008.09.16 08:28:01.414,0.9383,0.93875,8.60,1.00
2008.09.16 08:28:01.740,0.9383,0.9387,5.40,1.00
2008.09.16 08:28:02.398,0.93835,0.9387,2.10,1.00
2008.09.16 08:28:05.296,0.93835,0.9387,2.10,2.10
2008.09.16 08:28:05.636,0.9383,0.9387,5.40,2.80
2008.09.16 08:28:05.959,0.9383,0.9387,5.40,1.00
2008.09.16 08:28:06.297,0.9384,0.9387,3.20,1.00
2008.09.16 08:28:06.620,0.93835,0.9387,2.10,1.00
2008.09.16 08:28:06.944,0.93845,0.9387,2.10,1.00
2008.09.16 08:28:07.481,0.93845,0.9388,2.10,6.40
2008.09.16 08:28:08.475,0.9385,0.9388,2.10,6.40
2008.09.16 08:28:08.621,0.93845,0.9388,2.10,6.40
2008.09.16 08:28:09.680,0.9384,0.9387,5.40,1.00
2008.09.16 08:28:09.924,0.9384,0.9387,2.10,2.80
2008.09.16 08:28:10.139,0.93835,0.9387,2.20,2.80
2008.09.16 08:28:10.356,0.93835,0.9387,2.20,1.70
2008.09.16 08:28:10.571,0.9383,0.9387,5.40,2.80
2008.09.16 08:28:10.787,0.9384,0.9387,3.20,1.00
2008.09.16 08:28:11.004,0.9384,0.9387,3.20,2.10
2008.09.16 08:28:11.269,0.9383,0.93865,5.40,1.00
2008.09.16 08:28:11.532,0.93825,0.9386,4.40,1.00
2008.09.16 08:28:11.797,0.93825,0.9386,2.10,1.00
2008.09.16 08:28:12.399,0.9382,0.9386,2.10,1.00
2008.09.16 08:28:12.739,0.93825,0.9386,2.10,1.00
2008.09.16 08:28:13.216,0.9382,0.9386,5.40,1.00
2008.09.16 08:28:13.356,0.9382,0.9386,2.90,1.00
2008.09.16 08:28:13.846,0.93825,0.9386,2.10,1.00
2008.09.16 08:28:13.986,0.93825,0.9386,2.10,2.10
2008.09.16 08:28:14.201,0.9382,0.9385,4.40,1.00
2008.09.16 08:28:14.628,0.93825,0.9385,2.10,1.00
2008.09.16 08:28:14.845,0.9382,0.9385,2.10,1.00
2008.09.16 08:28:15.739,0.93815,0.9385,2.10,1.00
2008.09.16 08:28:16.268,0.9382,0.9385,2.10,1.00
2008.09.16 08:28:16.847,0.93815,0.9385,2.10,1.00
2008.09.16 08:28:17.328,0.9382,0.9386,2.90,1.00
2008.09.16 08:28:17.612,0.9383,0.9386,3.20,1.00
2008.09.16 08:28:17.896,0.9382,0.9385,2.10,1.00
2008.09.16 08:28:18.180,0.93825,0.9386,2.10,1.70
2008.09.16 08:28:18.504,0.93825,0.9386,2.10,1.00
2008.09.16 08:28:18.828,0.9383,0.9385,2.10,1.00
2008.09.16 08:28:19.492,0.9382,0.9386,8.60,1.00
2008.09.16 08:28:19.832,0.9383,0.9386,3.20,1.00
2008.09.16 08:28:20.508,0.9383,0.9386,2.10,1.00
2008.09.16 08:28:20.668,0.9383,0.93855,2.10,1.00
2008.09.16 08:28:20.828,0.93825,0.9386,2.10,1.70
2008.09.16 08:28:20.987,0.93825,0.9386,2.10,1.00
2008.09.16 08:28:21.640,0.9382,0.9386,2.10,2.80
2008.09.16 08:28:21.980,0.93825,0.93855,2.10,1.00
2008.09.16 08:28:22.320,0.93825,0.93855,2.10,1.70
2008.09.16 08:28:22.458,0.93825,0.9385,2.10,1.00
2008.09.16 08:28:22.857,0.93815,0.93845,2.10,1.70
2008.09.16 08:28:22.993,0.93815,0.9384,2.10,1.00
2008.09.16 08:28:23.599,0.9381,0.9384,4.40,1.00
2008.09.16 08:28:23.943,0.9381,0.9384,2.10,1.00
2008.09.16 08:28:24.295,0.93805,0.9383,2.10,1.00
2008.09.16 08:28:24.970,0.938,0.9383,5.40,1.00
2008.09.16 08:28:25.803,0.93805,0.9383,2.10,1.00
2008.09.16 08:28:26.731,0.9381,0.9384,2.10,1.00
2008.09.16 08:28:27.071,0.9381,0.9384,5.40,1.00
2008.09.16 08:28:27.500,0.9381,0.9385,5.40,1.00
2008.09.16 08:28:27.587,0.9381,0.9386,6.20,6.80
2008.09.16 08:28:27.675,0.9382,0.9386,3.20,6.80
2008.09.16 08:28:27.763,0.93825,0.9386,2.10,6.80
2008.09.16 08:28:27.851,0.93825,0.9386,2.10,3.60
2008.09.16 08:28:27.940,0.93825,0.9386,2.10,1.70
2008.09.16 08:28:28.027,0.93825,0.9386,2.10,1.00
2008.09.16 08:28:28.199,0.93815,0.9386,5.40,1.00
2008.09.16 08:28:28.371,0.93815,0.9386,2.90,1.00
2008.09.16 08:28:29.170,0.93815,0.9385,2.10,1.00
2008.09.16 08:28:29.463,0.93815,0.9385,2.10,1.00
2008.09.16 08:28:30.475,0.93815,0.9385,2.10,2.10
2008.09.16 08:28:30.815,0.9381,0.9385,2.10,2.80
2008.09.16 08:28:31.040,0.93815,0.9385,2.10,2.80
2008.09.16 08:28:31.707,0.9381,0.9385,2.10,2.80
2008.09.16 08:28:31.924,0.9381,0.9385,2.10,1.70
2008.09.16 08:28:32.140,0.93815,0.9386,2.10,2.80
2008.09.16 08:28:32.357,0.93825,0.9386,2.10,2.80
2008.09.16 08:28:33.336,0.9382,0.9386,5.40,2.80
2008.09.16 08:28:33.536,0.9382,0.93855,2.10,1.00
2008.09.16 08:28:33.692,0.9382,0.93855,2.10,1.00
2008.09.16 08:28:33.847,0.9382,0.93855,5.40,1.00
2008.09.16 08:28:34.005,0.9382,0.9386,5.40,2.80
2008.09.16 08:28:34.160,0.9382,0.9386,5.40,1.70
2008.09.16 08:28:34.320,0.9382,0.9386,5.40,2.80
2008.09.16 08:28:34.639,0.93825,0.9386,2.10,2.80
2008.09.16 08:28:34.980,0.93825,0.93855,2.10,1.00
2008.09.16 08:28:35.321,0.93825,0.9386,2.10,2.80
2008.09.16 08:28:35.660,0.93825,0.9385,2.10,1.00
2008.09.16 08:28:35.884,0.9383,0.9385,3.20,1.00
2008.09.16 08:28:36.548,0.9383,0.9386,3.20,1.00
2008.09.16 08:28:37.016,0.9384,0.9386,3.20,1.00
2008.09.16 08:28:37.265,0.9384,0.9386,5.40,1.00
2008.09.16 08:28:37.756,0.9384,0.9387,2.10,1.00
2008.09.16 08:28:37.920,0.93845,0.9387,2.10,1.00
2008.09.16 08:28:38.083,0.9384,0.9386,2.10,1.00
2008.09.16 08:28:39.235,0.9384,0.9388,2.10,8.20
2008.09.16 08:28:39.435,0.9384,0.9388,5.40,8.20
2008.09.16 08:28:39.636,0.93845,0.9388,2.10,8.20
2008.09.16 08:28:39.976,0.9384,0.9387,5.40,1.00
2008.09.16 08:28:40.316,0.9384,0.9386,2.10,1.00
2008.09.16 08:28:41.164,0.9383,0.9387,7.60,1.00
2008.09.16 08:28:41.412,0.9383,0.9386,5.40,1.00
2008.09.16 08:28:41.660,0.93835,0.9386,2.10,1.00
2008.09.16 08:28:42.500,0.9383,0.9386,3.20,1.00
2008.09.16 08:28:44.780,0.9383,0.9386,5.40,1.00
2008.09.16 08:28:45.047,0.9383,0.9386,3.20,1.00
2008.09.16 08:28:45.823,0.93835,0.9386,2.10,1.00
2008.09.16 08:28:46.473,0.9383,0.9386,5.40,1.00
2008.09.16 08:28:47.628,0.9383,0.9386,6.20,1.00
2008.09.16 08:28:47.816,0.9383,0.9386,5.40,1.00
2008.09.16 08:28:48.564,0.9384,0.9386,3.20,1.00
2008.09.16 08:28:49.047,0.93835,0.9386,2.10,1.00
2008.09.16 08:28:49.211,0.9384,0.9386,5.40,1.00
2008.09.16 08:28:49.890,0.9384,0.9387,5.40,1.00
2008.09.16 08:28:50.467,0.9384,0.9387,3.20,1.00
2008.09.16 08:28:52.931,0.9384,0.9387,5.40,1.00
2008.09.16 08:28:54.343,0.9384,0.9387,2.10,1.00
2008.09.16 08:28:55.021,0.93835,0.9386,2.10,1.00
2008.09.16 08:28:55.360,0.9383,0.9386,4.40,1.00
2008.09.16 08:28:55.479,0.9383,0.9386,2.10,1.00
2008.09.16 08:28:55.832,0.9383,0.9386,3.20,1.00
2008.09.16 08:28:56.443,0.93835,0.9386,2.10,1.00
2008.09.16 08:28:57.120,0.9383,0.9386,5.40,1.00
2008.09.16 08:28:57.564,0.9383,0.9386,2.10,1.00
2008.09.16 08:28:57.672,0.93825,0.9386,2.10,1.00
2008.09.16 08:28:57.780,0.93825,0.9385,2.10,1.00
2008.09.16 08:28:57.887,0.93825,0.9385,2.90,1.00
2008.09.16 08:28:57.995,0.93825,0.9385,1.00,1.00
2008.09.16 08:28:58.104,0.9382,0.9385,2.10,1.00
2008.09.16 08:28:58.340,0.9383,0.9385,2.10,1.00
2008.09.16 08:28:58.693,0.9383,0.9386,3.20,1.00
2008.09.16 08:28:58.940,0.93825,0.9386,2.90,1.00
2008.09.16 08:28:59.187,0.9383,0.9386,3.20,1.00
2008.09.16 08:29:00.635,0.93835,0.9386,2.10,1.00
2008.09.16 08:29:01.023,0.9383,0.9386,2.10,1.00
2008.09.16 08:29:01.835,0.93825,0.9386,2.10,1.00
2008.09.16 08:29:02.538,0.93825,0.9385,2.10,1.00
2008.09.16 08:29:02.987,0.9382,0.9385,4.40,1.00
2008.09.16 08:29:03.183,0.9382,0.9385,2.10,1.00
2008.09.16 08:29:03.500,0.9382,0.9385,2.90,1.00
2008.09.16 08:29:04.049,0.9383,0.9385,3.20,1.00
2008.09.16 08:29:04.447,0.93825,0.9385,2.10,1.00
2008.09.16 08:29:04.919,0.9383,0.9385,3.20,1.00
2008.09.16 08:29:07.711,0.9383,0.9385,5.40,1.00
2008.09.16 08:29:08.059,0.9383,0.9385,3.20,1.00
2008.09.16 08:29:10.445,0.9384,0.9385,3.20,1.00
2008.09.16 08:29:10.649,0.9384,0.9386,3.20,1.00
2008.09.16 08:29:10.852,0.9383,0.9386,3.20,1.00
2008.09.16 08:29:11.056,0.9383,0.9386,5.40,1.00
2008.09.16 08:29:11.259,0.9383,0.9386,2.10,1.00
2008.09.16 08:29:11.687,0.93825,0.9386,2.10,1.00
2008.09.16 08:29:14.431,0.9382,0.9386,3.20,1.00
2008.09.16 08:29:15.868,0.93815,0.9386,2.90,1.00
2008.09.16 08:29:17.281,0.9382,0.9386,3.20,1.00
2008.09.16 08:29:18.381,0.93815,0.9386,2.90,1.00
2008.09.16 08:29:20.076,0.93815,0.9387,2.10,5.10
2008.09.16 08:29:20.383,0.9383,0.9387,3.20,5.10
2008.09.16 08:29:20.691,0.9383,0.9387,5.40,1.00
2008.09.16 08:29:21.212,0.9383,0.9387,2.10,1.70
2008.09.16 08:29:21.428,0.9383,0.9386,5.40,1.00
2008.09.16 08:29:22.104,0.93835,0.9387,2.10,1.00
2008.09.16 08:29:24.143,0.9384,0.9387,3.20,1.00
2008.09.16 08:29:24.419,0.9384,0.9388,3.20,1.00
2008.09.16 08:29:24.743,0.93845,0.9388,2.10,1.00
2008.09.16 08:29:25.543,0.93845,0.9388,2.90,1.00
2008.09.16 08:29:25.883,0.93845,0.9388,2.10,1.00
2008.09.16 08:29:26.529,0.93845,0.9388,2.90,1.00
2008.09.16 08:29:26.828,0.93835,0.9387,2.20,1.00
2008.09.16 08:29:27.125,0.9384,0.9387,5.40,1.00
2008.09.16 08:29:27.352,0.9384,0.9388,2.10,1.00
2008.09.16 08:29:28.068,0.9384,0.9388,6.20,1.00
2008.09.16 08:29:28.304,0.93845,0.9388,1.00,1.00
2008.09.16 08:29:28.425,0.93845,0.9388,2.90,1.00
2008.09.16 08:29:28.543,0.93845,0.9388,2.10,1.00
2008.09.16 08:29:30.373,0.9384,0.9388,5.40,1.00
2008.09.16 08:29:30.591,0.9384,0.9388,2.10,1.70
2008.09.16 08:29:30.811,0.9384,0.9388,2.90,1.00
2008.09.16 08:29:31.047,0.9384,0.9388,5.40,2.80
2008.09.16 08:29:31.251,0.9384,0.9388,5.40,1.00
2008.09.16 08:29:31.591,0.93845,0.9388,2.10,1.00
2008.09.16 08:29:32.269,0.93845,0.9387,2.10,1.00
2008.09.16 08:29:32.477,0.9384,0.9387,5.40,1.00
2008.09.16 08:29:33.071,0.9384,0.9387,3.20,1.00
2008.09.16 08:29:35.572,0.9384,0.9387,5.40,1.00
2008.09.16 08:29:36.068,0.9384,0.9387,3.20,1.00
2008.09.16 08:29:36.768,0.9384,0.9386,3.20,1.00
2008.09.16 08:29:37.067,0.9383,0.9386,5.50,1.00
2008.09.16 08:29:37.357,0.93825,0.9386,2.10,1.00
2008.09.16 08:29:38.227,0.9383,0.9387,3.20,1.70
2008.09.16 08:29:38.525,0.9383,0.9387,4.00,1.00
2008.09.16 08:29:38.820,0.93835,0.9387,2.10,1.00
2008.09.16 08:29:40.522,0.93835,0.9386,2.10,1.00
2008.09.16 08:29:42.437,0.9384,0.9386,2.10,1.00
2008.09.16 08:29:42.616,0.9384,0.9387,5.40,1.00
2008.09.16 08:29:43.147,0.93845,0.9387,2.10,1.00
2008.09.16 08:29:44.863,0.9385,0.9388,2.10,1.00
2008.09.16 08:29:46.019,0.93855,0.9388,2.10,1.00
2008.09.16 08:29:47.239,0.9386,0.9387,3.20,1.00
2008.09.16 08:29:47.487,0.93855,0.9387,2.10,1.00
2008.09.16 08:29:47.735,0.9386,0.9388,2.10,1.00
2008.09.16 08:29:47.983,0.93855,0.9388,2.10,1.00
2008.09.16 08:29:48.475,0.9385,0.9388,2.10,1.00
2008.09.16 08:29:48.639,0.93845,0.9388,1.00,1.00
2008.09.16 08:29:48.963,0.93845,0.9389,1.00,1.00
2008.09.16 08:29:49.127,0.9385,0.9389,1.00,1.00
2008.09.16 08:29:49.451,0.9386,0.9389,3.20,1.00
2008.09.16 08:29:50.127,0.9385,0.9389,6.20,1.00
2008.09.16 08:29:50.467,0.9386,0.9388,3.20,1.00
2008.09.16 08:29:50.667,0.9385,0.9388,5.40,1.00
2008.09.16 08:29:52.095,0.9385,0.9388,3.20,1.00
2008.09.16 08:29:53.760,0.93845,0.9388,1.00,1.00
2008.09.16 08:29:56.382,0.9386,0.9388,3.20,1.00
2008.09.16 08:29:58.288,0.9386,0.9389,3.20,1.00
2008.09.16 08:29:58.369,0.9387,0.9389,3.20,1.00
2008.09.16 08:29:58.971,0.93865,0.9389,1.00,1.00
2008.09.16 08:29:59.288,0.9386,0.9389,8.60,1.00
2008.09.16 08:29:59.817,0.9385,0.9389,1.00,1.00
2008.09.16 08:30:00.155,0.9385,0.9388,1.00,1.00
2008.09.16 08:30:00.506,0.9385,0.9389,1.00,1.00
2008.09.16 08:30:00.847,0.9385,0.9389,6.20,1.00
2008.09.16 08:30:01.671,0.9385,0.93885,6.20,1.00
2008.09.16 08:30:01.879,0.9385,0.9387,5.40,1.00
2008.09.16 08:30:04.379,0.9385,0.9388,3.20,1.00
2008.09.16 08:30:04.564,0.9385,0.9388,3.20,1.70
2008.09.16 08:30:04.747,0.9385,0.93875,3.20,1.00
2008.09.16 08:30:04.931,0.9383,0.9386,4.00,1.00
2008.09.16 08:30:05.799,0.9383,0.9387,3.20,2.80
2008.09.16 08:30:06.142,0.9383,0.9387,3.20,1.00
2008.09.16 08:30:06.385,0.9383,0.9387,4.00,1.00
2008.09.16 08:30:06.627,0.93835,0.9387,1.00,1.00
2008.09.16 08:30:06.871,0.9384,0.9388,4.00,1.00
2008.09.16 08:30:07.115,0.9384,0.9388,6.20,1.00
2008.09.16 08:30:07.623,0.9384,0.9388,10.80,1.00
2008.09.16 08:30:07.880,0.93845,0.9388,1.00,1.00
2008.09.16 08:30:08.145,0.9384,0.93885,5.40,1.70
2008.09.16 08:30:08.443,0.9384,0.93885,4.00,1.00
2008.09.16 08:30:08.743,0.9384,0.9388,3.20,2.80
2008.09.16 08:30:09.579,0.9384,0.9387,3.20,1.00
2008.09.16 08:30:10.073,0.9383,0.9387,9.40,2.10
2008.09.16 08:30:10.315,0.9383,0.9387,8.60,2.80
2008.09.16 08:30:10.755,0.9383,0.9386,8.60,1.00
2008.09.16 08:30:11.839,0.9382,0.9386,10.80,1.00
2008.09.16 08:30:12.059,0.9382,0.9385,10.80,1.00
2008.09.16 08:30:12.497,0.9382,0.9385,5.40,1.00
2008.09.16 08:30:12.723,0.93805,0.9385,1.00,1.00
2008.09.16 08:30:12.951,0.9381,0.9385,6.20,1.00
2008.09.16 08:30:13.635,0.93815,0.9385,1.00,1.00
2008.09.16 08:30:14.340,0.9381,0.9385,6.20,1.00
2008.09.16 08:30:14.795,0.93815,0.9385,1.00,1.00
2008.09.16 08:30:15.135,0.9381,0.9385,1.00,1.00
2008.09.16 08:30:15.476,0.9382,0.9386,3.20,2.10
2008.09.16 08:30:15.815,0.9382,0.9386,3.20,1.70
2008.09.16 08:30:15.911,0.9382,0.9386,4.00,1.00
2008.09.16 08:30:16.103,0.9382,0.9386,8.60,1.00
2008.09.16 08:30:16.199,0.9383,0.9386,3.20,1.00
2008.09.16 08:30:18.195,0.9382,0.9386,9.40,1.00
2008.09.16 08:30:18.262,0.9383,0.9386,3.20,1.00
2008.09.16 08:30:18.497,0.9383,0.9387,3.20,1.70
2008.09.16 08:30:18.525,0.93835,0.9387,1.00,1.00
2008.09.16 08:30:18.716,0.9383,0.9387,8.60,2.80
2008.09.16 08:30:18.799,0.93825,0.9387,1.00,2.80
2008.09.16 08:30:18.931,0.93825,0.9386,1.00,1.00
2008.09.16 08:30:20.506,0.9383,0.9387,3.20,2.80
2008.09.16 08:30:20.835,0.93825,0.9387,1.00,2.80
2008.09.16 08:30:21.003,0.93825,0.9387,1.00,1.70
2008.09.16 08:30:21.171,0.93825,0.9387,1.00,2.10
2008.09.16 08:30:21.339,0.9382,0.9387,4.00,2.80
2008.09.16 08:30:21.679,0.9382,0.9386,3.20,1.00
2008.09.16 08:30:22.020,0.9382,0.93865,3.20,1.70
2008.09.16 08:30:22.359,0.9382,0.9386,3.20,1.00
2008.09.16 08:30:22.583,0.9381,0.9386,1.00,2.80
2008.09.16 08:30:23.027,0.9381,0.9385,1.00,1.00
2008.09.16 08:30:24.455,0.9381,0.9385,1.00,2.10
2008.09.16 08:30:24.605,0.9381,0.9385,3.20,2.80
2008.09.16 08:30:24.891,0.9381,0.9385,3.20,1.00
2008.09.16 08:30:27.291,0.9381,0.9385,8.60,1.00
2008.09.16 08:30:27.967,0.9381,0.9385,14.00,1.00
2008.09.16 08:30:28.140,0.9381,0.9385,19.40,1.00
2008.09.16 08:30:30.051,0.9381,0.9385,20.20,1.00
2008.09.16 08:30:30.400,0.9381,0.9385,1.00,1.00
2008.09.16 08:30:30.715,0.93825,0.9385,2.10,1.00
2008.09.16 08:30:31.031,0.9382,0.9385,2.10,1.00
2008.09.16 08:30:33.260,0.9382,0.9385,2.10,2.10
2008.09.16 08:30:33.447,0.9382,0.9385,2.10,1.70
2008.09.16 08:30:33.635,0.9382,0.9385,2.10,1.00
2008.09.16 08:30:33.824,0.93815,0.9385,2.10,1.00
2008.09.16 08:30:34.203,0.93815,0.93845,2.10,1.00
2008.09.16 08:30:34.427,0.93815,0.93845,2.10,1.70
2008.09.16 08:30:34.871,0.9381,0.9384,2.10,1.00
2008.09.16 08:30:36.603,0.93805,0.9384,2.10,1.00
2008.09.16 08:30:37.043,0.93805,0.9384,2.90,1.00
2008.09.16 08:30:37.264,0.9381,0.9384,3.20,1.00
2008.09.16 08:30:37.679,0.9381,0.9385,3.20,2.80
2008.09.16 08:30:37.879,0.9381,0.9385,5.40,2.80
2008.09.16 08:30:42.320,0.9381,0.9384,5.40,1.00
2008.09.16 08:30:42.648,0.93805,0.9384,2.10,2.80
2008.09.16 08:30:42.695,0.93805,0.9384,2.10,1.70
2008.09.16 08:30:42.760,0.93805,0.9384,2.10,1.00
2008.09.16 08:30:42.804,0.9381,0.9384,3.20,1.00
2008.09.16 08:30:42.908,0.9381,0.9383,3.20,1.00
2008.09.16 08:30:42.999,0.93805,0.9383,2.10,1.00
2008.09.16 08:30:43.503,0.938,0.9383,4.40,1.00
2008.09.16 08:30:43.619,0.938,0.9383,2.10,1.00
2008.09.16 08:30:44.059,0.9381,0.9383,3.20,1.00
2008.09.16 08:30:44.543,0.938,0.9384,2.90,1.00
2008.09.16 08:30:45.043,0.9381,0.9383,2.10,1.00
2008.09.16 08:30:45.383,0.938,0.9383,5.40,1.00
2008.09.16 08:30:45.723,0.938,0.9383,2.10,1.00
2008.09.16 08:30:45.947,0.938,0.9383,5.40,1.00
2008.09.16 08:30:46.171,0.938,0.9383,3.20,1.00
2008.09.16 08:30:47.936,0.93795,0.9383,2.10,1.00
2008.09.16 08:30:48.224,0.9379,0.9383,7.60,1.00
2008.09.16 08:30:48.300,0.93795,0.9383,2.10,1.00
2008.09.16 08:30:50.079,0.938,0.9383,3.20,1.00
2008.09.16 08:30:51.199,0.9379,0.9383,5.40,1.00
2008.09.16 08:30:51.459,0.938,0.9383,3.20,1.00
2008.09.16 08:30:51.719,0.938,0.9383,3.20,2.10
2008.09.16 08:30:51.979,0.93795,0.9383,2.10,2.80
2008.09.16 08:30:53.549,0.9379,0.9383,2.10,2.80
2008.09.16 08:30:54.189,0.93795,0.9383,2.10,2.80
2008.09.16 08:30:55.079,0.93795,0.9382,2.10,1.00
2008.09.16 08:30:55.911,0.93785,0.9382,4.40,1.00
2008.09.16 08:30:56.347,0.93785,0.9382,2.10,1.00
2008.09.16 08:30:57.415,0.9379,0.9382,2.10,1.00
2008.09.16 08:31:00.603,0.93785,0.9382,2.90,1.00
2008.09.16 08:31:01.279,0.9379,0.9382,2.10,1.00
2008.09.16 08:31:04.053,0.938,0.9382,3.20,1.00
2008.09.16 08:31:05.383,0.938,0.9383,3.20,1.00
2008.09.16 08:31:05.659,0.938,0.9383,5.40,1.00
2008.09.16 08:31:06.849,0.938,0.9383,3.20,1.00
2008.09.16 08:31:07.723,0.938,0.9383,5.40,1.00
2008.09.16 08:31:09.055,0.938,0.9383,2.10,1.00
2008.09.16 08:31:09.171,0.93805,0.9383,2.10,1.00
2008.09.16 08:31:09.287,0.9381,0.9383,3.20,1.00
2008.09.16 08:31:09.719,0.9381,0.9384,5.40,1.00
2008.09.16 08:31:10.131,0.9381,0.9384,3.20,1.00
2008.09.16 08:31:11.783,0.93805,0.9384,2.10,1.00
2008.09.16 08:31:12.866,0.9381,0.9384,3.20,1.00
2008.09.16 08:31:13.745,0.93805,0.9384,2.10,1.00
2008.09.16 08:31:14.475,0.9381,0.9384,3.20,1.00
2008.09.16 08:31:17.809,0.9381,0.9384,5.40,1.00
2008.09.16 08:31:18.945,0.9381,0.9384,3.20,1.00
2008.09.16 08:31:19.080,0.93805,0.9384,4.40,1.00
2008.09.16 08:31:19.218,0.93805,0.9383,2.10,1.00
2008.09.16 08:31:19.615,0.9381,0.9383,3.20,1.00
2008.09.16 08:31:19.751,0.9381,0.9384,3.20,1.00
2008.09.16 08:31:20.499,0.9381,0.9384,5.40,1.00
2008.09.16 08:31:20.839,0.93815,0.9384,2.10,1.00
2008.09.16 08:31:21.403,0.93815,0.9383,2.10,1.00
2008.09.16 08:31:21.631,0.9381,0.9383,2.10,1.00
2008.09.16 08:31:22.083,0.9381,0.9383,5.40,1.00
2008.09.16 08:31:22.424,0.9381,0.9383,2.10,1.00
2008.09.16 08:31:22.776,0.9381,0.9383,5.40,1.00
2008.09.16 08:31:23.117,0.9381,0.9384,2.10,1.70
2008.09.16 08:31:23.273,0.938,0.9383,10.80,1.00
2008.09.16 08:31:23.731,0.9381,0.9383,3.20,1.00
2008.09.16 08:31:24.201,0.9381,0.9383,5.40,1.00
2008.09.16 08:31:24.671,0.9381,0.9383,3.20,1.00
2008.09.16 08:31:25.155,0.93805,0.9383,2.10,1.00
2008.09.16 08:31:25.780,0.93805,0.9382,2.10,1.00
2008.09.16 08:31:26.247,0.93805,0.9383,2.10,1.00
2008.09.16 08:31:27.007,0.9381,0.9383,3.20,1.00
2008.09.16 08:31:27.263,0.93805,0.9383,2.10,1.00
2008.09.16 08:31:27.551,0.9381,0.9383,3.20,1.00
2008.09.16 08:31:27.839,0.93805,0.9383,2.10,1.00
2008.09.16 08:31:29.136,0.9381,0.9383,3.20,1.00
2008.09.16 08:31:29.323,0.93805,0.9382,2.10,1.00
2008.09.16 08:31:30.183,0.93805,0.9383,2.10,1.00
2008.09.16 08:31:30.675,0.93815,0.9383,2.10,1.00
2008.09.16 08:31:30.843,0.93805,0.9383,2.10,1.00
2008.09.16 08:31:31.996,0.938,0.9383,2.10,1.00
2008.09.16 08:31:32.325,0.93795,0.9383,2.10,1.00
2008.09.16 08:31:33.174,0.93795,0.9383,4.40,1.00
2008.09.16 08:31:33.390,0.938,0.9383,2.10,1.00
2008.09.16 08:31:35.471,0.93795,0.9383,4.40,1.00
2008.09.16 08:31:35.811,0.93795,0.9383,2.10,1.00
2008.09.16 08:31:36.701,0.938,0.9383,2.10,1.00
2008.09.16 08:31:37.167,0.93795,0.9383,4.40,1.00
2008.09.16 08:31:37.403,0.93795,0.9383,2.10,1.00
2008.09.16 08:31:37.639,0.93795,0.9382,2.10,1.00
2008.09.16 08:31:38.311,0.9379,0.9382,8.60,1.00
2008.09.16 08:31:38.435,0.9379,0.9382,4.40,1.00
2008.09.16 08:31:38.679,0.9379,0.9382,2.10,1.00
2008.09.16 08:31:38.803,0.93795,0.9382,2.10,1.00
2008.09.16 08:31:39.071,0.93795,0.9383,2.10,1.00
2008.09.16 08:31:40.251,0.93805,0.9383,2.10,1.00
2008.09.16 08:31:41.551,0.938,0.9383,5.40,1.00
2008.09.16 08:31:42.551,0.938,0.9382,5.40,1.00
2008.09.16 08:31:42.777,0.93795,0.9382,2.10,1.00
2008.09.16 08:31:43.343,0.93795,0.9381,2.10,1.00
2008.09.16 08:31:43.519,0.93785,0.9381,2.20,1.70
2008.09.16 08:31:43.695,0.9378,0.9381,2.10,2.80
2008.09.16 08:31:43.871,0.93775,0.9381,2.10,2.80
2008.09.16 08:31:44.219,0.93775,0.938,2.10,1.00
2008.09.16 08:31:44.871,0.9377,0.9379,9.40,1.00
2008.09.16 08:31:45.307,0.9379,0.9383,2.10,2.80
2008.09.16 08:31:45.591,0.9379,0.9383,2.10,1.00
2008.09.16 08:31:45.887,0.9379,0.9383,2.10,1.70
2008.09.16 08:31:46.159,0.9379,0.9383,2.10,1.00
2008.09.16 08:31:46.419,0.93785,0.9381,2.10,1.00
2008.09.16 08:31:46.679,0.9378,0.9381,4.40,1.00
2008.09.16 08:31:46.939,0.9378,0.9381,2.10,1.00
2008.09.16 08:31:47.455,0.9378,0.93815,2.10,1.70
2008.09.16 08:31:47.700,0.93785,0.93815,2.10,1.70
2008.09.16 08:31:47.943,0.93785,0.9382,2.10,2.80
2008.09.16 08:31:48.187,0.93785,0.93815,2.10,1.00
2008.09.16 08:31:48.431,0.93785,0.93815,2.10,1.70
2008.09.16 08:31:48.867,0.9378,0.93815,2.10,1.70
2008.09.16 08:31:49.015,0.9378,0.93815,5.40,1.00
2008.09.16 08:31:49.163,0.9378,0.9382,5.40,2.80
2008.09.16 08:31:49.311,0.9378,0.9382,5.40,1.70
2008.09.16 08:31:49.459,0.93785,0.9382,2.10,2.10
2008.09.16 08:31:49.800,0.93785,0.9382,2.10,1.00
2008.09.16 08:31:50.139,0.9379,0.9382,2.10,1.70
2008.09.16 08:31:50.479,0.9378,0.93815,2.10,1.00
2008.09.16 08:31:50.739,0.9378,0.9382,2.10,2.10
2008.09.16 08:31:50.999,0.9378,0.9382,2.10,2.80
2008.09.16 08:31:51.515,0.93785,0.9381,2.10,1.00
2008.09.16 08:31:51.791,0.9379,0.9381,2.10,2.10
2008.09.16 08:31:52.067,0.9378,0.9381,4.40,2.80
2008.09.16 08:31:52.345,0.9378,0.9381,2.10,1.70
2008.09.16 08:31:52.620,0.9378,0.9382,2.10,2.80
2008.09.16 08:31:52.924,0.9378,0.9382,2.10,2.10
2008.09.16 08:31:53.227,0.9378,0.9382,5.40,2.80
2008.09.16 08:31:53.531,0.9378,0.9381,2.10,2.80
2008.09.16 08:31:53.807,0.9378,0.9381,2.10,1.70
2008.09.16 08:31:54.083,0.9378,0.93815,2.10,1.70
2008.09.16 08:31:54.359,0.9378,0.93815,2.10,1.00
2008.09.16 08:31:54.635,0.9378,0.9382,2.10,2.80
2008.09.16 08:31:54.903,0.9378,0.9382,2.10,1.00
2008.09.16 08:31:55.171,0.9378,0.9382,2.10,2.10
2008.09.16 08:31:55.439,0.93785,0.9382,2.10,2.80
2008.09.16 08:31:55.826,0.93785,0.93815,2.10,1.00
2008.09.16 08:31:56.071,0.9379,0.93815,3.20,1.00
2008.09.16 08:31:56.212,0.9379,0.9382,3.20,1.00
2008.09.16 08:31:56.335,0.93795,0.9382,2.10,1.00
2008.09.16 08:31:56.579,0.9379,0.9382,5.40,1.00
2008.09.16 08:31:58.246,0.93795,0.9382,2.10,1.00
2008.09.16 08:31:58.722,0.9379,0.9382,2.10,1.00
2008.09.16 08:31:59.135,0.93795,0.9382,2.10,1.00
2008.09.16 08:31:59.275,0.938,0.9382,2.10,1.00
2008.09.16 08:32:00.031,0.9379,0.9382,2.10,1.00
2008.09.16 08:32:00.372,0.93795,0.9382,2.10,1.00
2008.09.16 08:32:01.331,0.938,0.9382,3.20,1.00
2008.09.16 08:32:02.464,0.93795,0.9382,2.10,1.00
2008.09.16 08:32:03.050,0.9379,0.9382,2.10,1.00
2008.09.16 08:32:05.275,0.93795,0.9382,2.10,1.00
2008.09.16 08:32:05.615,0.9379,0.9382,2.10,1.00
2008.09.16 08:32:05.956,0.93795,0.9382,2.10,1.00
2008.09.16 08:32:07.367,0.938,0.9382,3.20,1.00
2008.09.16 08:32:07.584,0.93795,0.9382,2.10,1.00
2008.09.16 08:32:07.799,0.938,0.9382,3.20,1.00
2008.09.16 08:32:10.463,0.938,0.9383,5.40,1.00
2008.09.16 08:32:10.680,0.9381,0.9383,3.20,1.00
2008.09.16 08:32:13.751,0.93805,0.9383,2.10,1.00
2008.09.16 08:32:15.279,0.9381,0.9383,3.20,1.00
2008.09.16 08:32:16.595,0.9381,0.9384,3.20,1.00
2008.09.16 08:32:17.155,0.93815,0.9384,2.10,1.00
2008.09.16 08:32:17.495,0.9381,0.9384,5.40,1.00
2008.09.16 08:32:18.047,0.93815,0.9384,2.10,1.00
2008.09.16 08:32:18.263,0.9382,0.9384,2.10,1.00
2008.09.16 08:32:19.224,0.9382,0.9385,2.10,1.00
2008.09.16 08:32:19.306,0.93825,0.9385,2.10,1.00
2008.09.16 08:32:19.711,0.93825,0.9384,2.10,1.00
2008.09.16 08:32:20.327,0.9383,0.9386,5.40,1.00
2008.09.16 08:32:20.915,0.9383,0.9386,2.10,1.00
2008.09.16 08:32:21.211,0.93825,0.9386,2.10,1.00
2008.09.16 08:32:23.430,0.93825,0.9386,2.10,2.10
2008.09.16 08:32:23.570,0.93825,0.9386,2.10,2.80
2008.09.16 08:32:23.707,0.93825,0.93855,2.10,1.00
2008.09.16 08:32:23.771,0.93825,0.9385,2.10,1.00
2008.09.16 08:32:24.727,0.9383,0.9385,2.10,1.00
2008.09.16 08:32:26.990,0.9383,0.9386,5.40,1.00
2008.09.16 08:32:27.295,0.93835,0.9386,2.10,1.00
2008.09.16 08:32:28.926,0.9383,0.9386,7.60,1.00
2008.09.16 08:32:29.071,0.9383,0.9386,5.40,1.00
2008.09.16 08:32:29.315,0.93835,0.9386,2.10,1.00
2008.09.16 08:32:29.738,0.9383,0.9387,7.60,1.00
2008.09.16 08:32:29.943,0.9383,0.9387,5.40,1.00
2008.09.16 08:32:30.411,0.9383,0.93865,5.40,1.00
2008.09.16 08:32:30.780,0.9383,0.93865,4.40,1.70
2008.09.16 08:32:31.130,0.9383,0.93865,7.60,1.00
2008.09.16 08:32:31.228,0.9383,0.93865,7.60,1.00
2008.09.16 08:32:31.328,0.9384,0.9386,3.20,1.00
2008.09.16 08:32:31.427,0.9384,0.9386,2.10,1.00
2008.09.16 08:32:31.623,0.9384,0.9386,2.10,2.80
2008.09.16 08:32:31.736,0.9384,0.9385,2.10,1.00
2008.09.16 08:32:31.835,0.9383,0.9385,2.10,1.00
2008.09.16 08:32:31.946,0.9383,0.9385,2.20,1.00
2008.09.16 08:32:32.479,0.93825,0.9387,2.10,6.80
2008.09.16 08:32:32.820,0.93825,0.93865,2.10,1.70
2008.09.16 08:32:33.159,0.93825,0.9386,2.10,1.00
2008.09.16 08:32:33.558,0.93825,0.9387,2.90,2.80
2008.09.16 08:32:33.828,0.93825,0.9387,2.10,1.70
2008.09.16 08:32:33.963,0.9383,0.9387,3.20,1.00
2008.09.16 08:32:34.098,0.9384,0.93875,3.20,4.00
2008.09.16 08:32:34.419,0.9384,0.9388,3.20,2.80
2008.09.16 08:32:35.555,0.93835,0.9388,2.90,1.00
2008.09.16 08:32:35.858,0.9384,0.9388,2.10,2.80
2008.09.16 08:32:36.162,0.9384,0.9387,2.10,1.00
2008.09.16 08:32:36.467,0.93835,0.9387,2.10,1.00
2008.09.16 08:32:36.918,0.9384,0.9387,2.10,1.00
2008.09.16 08:32:37.628,0.9384,0.9387,5.40,1.00
2008.09.16 08:32:37.888,0.93835,0.9387,2.10,1.00
2008.09.16 08:32:38.403,0.93835,0.9386,2.10,1.00
2008.09.16 08:32:38.591,0.9383,0.9386,2.20,1.00
2008.09.16 08:32:38.963,0.93825,0.9386,2.10,1.00
2008.09.16 08:32:39.070,0.93825,0.9387,2.90,1.00
2008.09.16 08:32:39.571,0.9383,0.9386,3.20,1.00
2008.09.16 08:32:39.795,0.93825,0.9386,5.40,1.00
2008.09.16 08:32:40.019,0.9383,0.9386,2.10,1.00
2008.09.16 08:32:40.463,0.93825,0.9386,4.40,1.00
2008.09.16 08:32:40.687,0.93825,0.9386,2.10,1.00
2008.09.16 08:32:44.986,0.9382,0.9386,5.40,1.00
2008.09.16 08:32:45.078,0.9382,0.9386,8.60,1.00
2008.09.16 08:32:45.276,0.9382,0.9386,14.00,1.00
2008.09.16 08:32:45.759,0.93825,0.9386,2.10,1.00
2008.09.16 08:32:46.101,0.93825,0.9385,2.10,1.00
2008.09.16 08:32:46.876,0.9383,0.9385,5.40,1.00
2008.09.16 08:32:47.278,0.9383,0.9385,2.10,1.00
2008.09.16 08:32:47.483,0.9383,0.9386,5.40,1.00
2008.09.16 08:32:47.789,0.93825,0.9385,2.10,1.00
2008.09.16 08:32:48.391,0.9382,0.9385,2.10,1.00
2008.09.16 08:32:49.255,0.93815,0.9385,2.10,1.00
2008.09.16 08:32:49.820,0.9381,0.9385,2.10,1.00
2008.09.16 08:32:50.038,0.9381,0.9385,5.40,1.00
2008.09.16 08:32:50.115,0.9381,0.9385,6.20,1.00
2008.09.16 08:32:50.191,0.93815,0.9384,2.10,1.00
2008.09.16 08:32:50.964,0.9382,0.9385,1.00,1.00
2008.09.16 08:32:51.302,0.93825,0.9385,2.10,1.00
2008.09.16 08:32:51.642,0.9383,0.9386,1.00,1.00
2008.09.16 08:32:51.982,0.93825,0.9386,4.40,1.00
2008.09.16 08:32:52.070,0.93835,0.9386,2.10,1.00
2008.09.16 08:32:52.410,0.9383,0.9386,2.10,1.00
2008.09.16 08:32:53.372,0.9384,0.9386,2.10,1.00
2008.09.16 08:32:53.985,0.9383,0.9386,2.10,1.00
2008.09.16 08:32:54.227,0.93825,0.9386,2.90,1.00
2008.09.16 08:32:54.590,0.93825,0.9386,2.10,1.00
2008.09.16 08:32:54.714,0.9383,0.9386,2.10,1.00
2008.09.16 08:32:54.838,0.93835,0.9386,2.10,1.00
2008.09.16 08:32:55.179,0.9383,0.9386,2.10,1.00
2008.09.16 08:32:55.519,0.93835,0.9386,2.10,1.00
2008.09.16 08:32:55.859,0.9383,0.9386,2.10,1.00
2008.09.16 08:32:56.548,0.93825,0.9386,2.90,1.00
2008.09.16 08:32:56.688,0.93825,0.9386,2.10,1.00
2008.09.16 08:32:57.022,0.9383,0.9386,3.20,1.00
2008.09.16 08:32:57.419,0.9384,0.9386,2.10,1.00
2008.09.16 08:32:59.707,0.9383,0.9386,4.40,1.00
2008.09.16 08:32:59.912,0.9383,0.9386,2.10,1.00
2008.09.16 08:32:59.951,0.9383,0.9387,2.10,2.80
2008.09.16 08:32:59.990,0.9383,0.9387,2.10,1.70
2008.09.16 08:33:00.066,0.9383,0.9387,2.10,1.00
2008.09.16 08:33:00.463,0.93825,0.93875,2.90,1.70
2008.09.16 08:33:00.803,0.93825,0.93865,2.10,1.70
2008.09.16 08:33:01.145,0.9383,0.9386,2.10,1.00
2008.09.16 08:33:01.329,0.93825,0.9386,3.20,1.00
2008.09.16 08:33:01.512,0.9383,0.9386,2.10,1.00
2008.09.16 08:33:01.695,0.9382,0.9386,11.60,1.00
2008.09.16 08:33:02.059,0.93825,0.9386,2.10,1.00
2008.09.16 08:33:04.164,0.9382,0.9386,2.90,1.00
2008.09.16 08:33:04.755,0.9382,0.9385,2.10,1.00
2008.09.16 08:33:06.594,0.93815,0.9385,2.90,1.00
2008.09.16 08:33:06.916,0.93815,0.9385,2.10,1.00
2008.09.16 08:33:08.109,0.93825,0.9386,2.10,1.00
2008.09.16 08:33:08.691,0.93825,0.93865,2.10,1.70
2008.09.16 08:33:08.989,0.9383,0.9387,2.10,2.80
2008.09.16 08:33:09.407,0.93825,0.9387,2.10,2.80
2008.09.16 08:33:09.514,0.93825,0.9387,2.10,6.00
2008.09.16 08:33:09.730,0.93825,0.9386,2.10,1.00
2008.09.16 08:33:14.086,0.93825,0.9385,2.10,1.00
2008.09.16 08:33:15.011,0.93815,0.9385,5.40,1.00
2008.09.16 08:33:15.215,0.93815,0.9385,2.90,1.00
2008.09.16 08:33:15.555,0.9382,0.9385,1.00,1.00
2008.09.16 08:33:16.233,0.9382,0.9385,2.90,1.00
2008.09.16 08:33:16.311,0.9382,0.9385,2.10,1.00
2008.09.16 08:33:16.438,0.93815,0.9385,5.40,1.00
2008.09.16 08:33:16.571,0.93815,0.9385,2.90,1.00
2008.09.16 08:33:16.730,0.9382,0.9385,1.00,1.00
2008.09.16 08:33:16.935,0.9382,0.9384,1.00,1.00
2008.09.16 08:33:17.066,0.93815,0.9384,2.10,1.00
2008.09.16 08:33:17.722,0.9381,0.9384,9.80,1.00
2008.09.16 08:33:17.987,0.9382,0.9385,2.90,1.00
2008.09.16 08:33:18.250,0.9382,0.9385,2.10,1.00
2008.09.16 08:33:18.526,0.93825,0.9385,2.10,1.00
2008.09.16 08:33:18.763,0.9382,0.9385,2.10,1.00
2008.09.16 08:33:18.882,0.9382,0.9386,2.10,1.00
2008.09.16 08:33:19.165,0.9382,0.9386,2.10,2.10
2008.09.16 08:33:19.282,0.9382,0.9385,2.10,1.00
2008.09.16 08:33:19.402,0.93815,0.9385,2.90,1.00
2008.09.16 08:33:20.657,0.93815,0.9384,2.10,1.00
2008.09.16 08:33:21.108,0.93825,0.9386,2.90,1.00
2008.09.16 08:33:21.572,0.93825,0.9385,2.90,1.00
2008.09.16 08:33:22.981,0.9383,0.9386,3.20,1.00
2008.09.16 08:33:23.175,0.9383,0.9386,4.00,1.00
2008.09.16 08:33:23.370,0.9383,0.9386,6.20,1.00
2008.09.16 08:33:23.568,0.93825,0.9386,2.90,1.00
2008.09.16 08:33:23.755,0.9383,0.9387,1.00,1.00
2008.09.16 08:33:23.942,0.93835,0.9387,1.00,1.00
2008.09.16 08:33:24.314,0.9384,0.9387,1.00,1.00
2008.09.16 08:33:24.830,0.93835,0.9387,2.10,1.00
2008.09.16 08:33:25.572,0.93835,0.9387,2.90,1.00
2008.09.16 08:33:26.022,0.93835,0.9387,1.00,1.00
2008.09.16 08:33:26.700,0.9383,0.9387,6.20,1.00
2008.09.16 08:33:27.062,0.9383,0.9386,6.20,1.00
2008.09.16 08:33:27.490,0.9383,0.9387,6.20,1.00
2008.09.16 08:33:28.583,0.93835,0.9387,2.10,1.00
2008.09.16 08:33:28.864,0.93835,0.9387,2.90,1.00
2008.09.16 08:33:29.146,0.9384,0.9387,2.10,1.00
2008.09.16 08:33:29.199,0.93835,0.9387,2.90,1.00
2008.09.16 08:33:29.297,0.93835,0.9387,2.10,1.00
2008.09.16 08:33:30.207,0.93835,0.9387,2.90,1.00
2008.09.16 08:33:30.523,0.93835,0.9387,1.00,1.00
2008.09.16 08:33:30.839,0.93835,0.9387,2.90,1.00
2008.09.16 08:33:32.454,0.9384,0.9387,2.10,1.00
2008.09.16 08:33:33.455,0.9384,0.9388,2.10,1.00
2008.09.16 08:33:33.555,0.9384,0.9388,2.10,4.30
2008.09.16 08:33:33.974,0.9384,0.9387,2.10,1.00
2008.09.16 08:33:34.459,0.9384,0.9387,5.40,1.00
2008.09.16 08:33:34.775,0.9384,0.9387,2.10,1.00
2008.09.16 08:33:35.738,0.93835,0.9387,5.40,1.00
2008.09.16 08:33:36.416,0.93835,0.9387,2.90,1.00
2008.09.16 08:33:37.002,0.93835,0.9387,2.10,1.00
2008.09.16 08:33:37.306,0.93835,0.9387,2.10,4.30
2008.09.16 08:33:37.410,0.9383,0.9387,2.90,4.30
2008.09.16 08:33:37.815,0.9383,0.9386,2.10,1.00
2008.09.16 08:33:38.419,0.93825,0.9386,2.90,1.00
2008.09.16 08:33:39.682,0.93825,0.9386,5.40,1.00
2008.09.16 08:33:39.738,0.9383,0.9387,2.10,1.70
2008.09.16 08:33:39.939,0.93835,0.9387,1.00,1.00
2008.09.16 08:33:40.138,0.9383,0.9387,1.00,1.00
2008.09.16 08:33:41.447,0.93835,0.9387,1.00,1.00
2008.09.16 08:33:41.696,0.93835,0.9388,2.90,5.80
2008.09.16 08:33:41.943,0.9384,0.9388,1.00,2.90
2008.09.16 08:33:42.030,0.9384,0.9388,1.00,2.10
2008.09.16 08:33:42.118,0.93835,0.9387,1.00,1.00
2008.09.16 08:33:42.374,0.9384,0.9387,1.00,1.00
2008.09.16 08:33:42.798,0.9384,0.9388,1.00,1.00
2008.09.16 08:33:43.191,0.93835,0.9388,2.90,1.00
2008.09.16 08:33:43.440,0.9384,0.93885,2.10,1.00
2008.09.16 08:33:43.688,0.93845,0.9389,2.90,5.10
2008.09.16 08:33:43.936,0.93845,0.9389,2.90,1.00
2008.09.16 08:33:44.453,0.93845,0.9388,2.10,1.00
2008.09.16 08:33:44.711,0.9385,0.9388,1.00,1.00
2008.09.16 08:33:44.976,0.9385,0.93895,1.00,4.00
2008.09.16 08:33:45.499,0.9386,0.9389,3.20,1.00
2008.09.16 08:33:46.022,0.9386,0.9389,2.90,1.00
2008.09.16 08:33:46.126,0.9386,0.939,2.90,1.00
2008.09.16 08:33:46.330,0.9386,0.939,2.10,1.00
2008.09.16 08:33:46.531,0.93855,0.939,5.40,1.00
2008.09.16 08:33:46.634,0.93855,0.93905,5.40,1.70
2008.09.16 08:33:46.734,0.93855,0.93905,5.40,1.00
2008.09.16 08:33:46.834,0.93855,0.93905,2.90,1.00
2008.09.16 08:33:46.938,0.9386,0.93905,1.00,1.00
2008.09.16 08:33:47.042,0.9386,0.939,1.00,1.00
2008.09.16 08:33:47.322,0.9386,0.9389,5.40,1.00
2008.09.16 08:33:47.602,0.9386,0.9389,2.10,1.00
2008.09.16 08:33:47.882,0.9386,0.939,2.10,1.00
2008.09.16 08:33:48.403,0.9386,0.93895,2.10,1.00
2008.09.16 08:33:48.643,0.9386,0.93895,2.10,1.70
2008.09.16 08:33:48.886,0.9386,0.9389,2.10,1.00
2008.09.16 08:33:49.130,0.9385,0.9389,4.40,2.80
2008.09.16 08:33:49.238,0.9385,0.9389,5.40,2.80
2008.09.16 08:33:49.346,0.93855,0.9389,2.10,2.80
2008.09.16 08:33:49.454,0.93855,0.9389,2.10,2.10
2008.09.16 08:33:49.666,0.93855,0.9389,2.10,2.80
2008.09.16 08:33:49.774,0.93855,0.9389,2.10,1.70
2008.09.16 08:33:49.882,0.9385,0.9389,2.90,1.00
2008.09.16 08:33:49.990,0.9385,0.9389,10.80,2.10
2008.09.16 08:33:50.098,0.9385,0.9389,9.80,2.80
2008.09.16 08:33:50.206,0.9385,0.9389,7.50,2.80
2008.09.16 08:33:50.542,0.93845,0.9389,2.10,2.80
2008.09.16 08:33:51.715,0.93845,0.9389,2.10,1.70
2008.09.16 08:33:51.794,0.9385,0.9389,3.20,1.70
2008.09.16 08:33:51.903,0.9385,0.9389,3.20,1.00
2008.09.16 08:33:51.982,0.93845,0.9389,2.90,2.10
2008.09.16 08:33:52.062,0.93845,0.9389,2.10,2.80
2008.09.16 08:33:53.540,0.93845,0.9389,2.10,1.70
2008.09.16 08:33:53.700,0.9385,0.9389,3.20,2.10
2008.09.16 08:33:53.858,0.93845,0.9389,2.10,2.80
2008.09.16 08:33:54.019,0.93855,0.9389,2.10,1.00
2008.09.16 08:33:54.178,0.93855,0.93895,2.10,1.70
2008.09.16 08:33:54.494,0.9386,0.93895,2.10,1.70
2008.09.16 08:33:54.698,0.9386,0.93895,2.10,1.00
2008.09.16 08:33:54.902,0.9385,0.93895,3.20,1.70
2008.09.16 08:33:55.109,0.9385,0.93895,2.20,1.70
2008.09.16 08:33:55.310,0.9385,0.93895,5.40,1.70
2008.09.16 08:33:55.778,0.9385,0.93895,2.10,1.70
2008.09.16 08:33:56.310,0.9386,0.93895,3.20,1.70
2008.09.16 08:33:56.579,0.9386,0.939,3.20,6.80
2008.09.16 08:33:56.779,0.93855,0.939,2.90,2.80
2008.09.16 08:33:56.978,0.93855,0.939,2.10,8.20
2008.09.16 08:33:57.180,0.93855,0.939,2.10,6.00
2008.09.16 08:33:57.870,0.9386,0.939,5.40,2.80
2008.09.16 08:33:58.970,0.9386,0.939,2.10,2.80
2008.09.16 08:33:59.018,0.93855,0.939,2.90,2.80
2008.09.16 08:33:59.265,0.93855,0.939,2.90,8.20
2008.09.16 08:33:59.310,0.93855,0.939,2.10,8.20
2008.09.16 08:33:59.442,0.93855,0.939,2.10,6.00
2008.09.16 08:33:59.640,0.93855,0.939,2.10,2.80
2008.09.16 08:33:59.795,0.93855,0.939,2.90,2.80
2008.09.16 08:34:00.222,0.93855,0.939,2.10,2.80
2008.09.16 08:34:00.562,0.93855,0.939,2.10,8.20
2008.09.16 08:34:00.903,0.93855,0.939,2.10,6.00
2008.09.16 08:34:01.091,0.93855,0.939,2.90,2.80
2008.09.16 08:34:01.278,0.93855,0.939,2.90,6.00
2008.09.16 08:34:01.463,0.9386,0.939,3.20,2.80
2008.09.16 08:34:01.650,0.9386,0.939,5.40,2.80
2008.09.16 08:34:03.371,0.93855,0.939,2.90,6.00
2008.09.16 08:34:03.611,0.93855,0.939,2.10,6.00
2008.09.16 08:34:05.851,0.93855,0.93895,2.10,1.00
2008.09.16 08:34:06.139,0.93855,0.93895,2.10,1.70
2008.09.16 08:34:06.215,0.93855,0.9389,2.10,1.00
2008.09.16 08:34:06.255,0.93855,0.9389,2.10,1.70
2008.09.16 08:34:06.418,0.93855,0.9389,2.10,2.80
2008.09.16 08:34:06.458,0.9385,0.9389,7.50,2.80
2008.09.16 08:34:06.782,0.9385,0.9389,5.40,2.80
2008.09.16 08:34:06.890,0.93855,0.9389,2.10,2.80
2008.09.16 08:34:06.966,0.93855,0.9389,2.10,1.70
2008.09.16 08:34:07.678,0.9385,0.9389,7.50,2.80
2008.09.16 08:34:09.151,0.9385,0.9389,8.30,1.00
2008.09.16 08:34:09.394,0.9386,0.939,3.20,1.00
2008.09.16 08:34:09.933,0.93865,0.939,2.10,1.00
2008.09.16 08:34:11.450,0.9387,0.939,2.10,1.00
2008.09.16 08:34:11.606,0.9387,0.9391,2.10,2.80
2008.09.16 08:34:11.684,0.9387,0.93905,2.10,1.00
2008.09.16 08:34:11.838,0.9387,0.93905,2.10,1.70
2008.09.16 08:34:11.990,0.9387,0.939,2.10,1.00
2008.09.16 08:34:12.070,0.93865,0.939,2.20,1.00
2008.09.16 08:34:12.146,0.9386,0.939,8.60,1.00
2008.09.16 08:34:12.454,0.9387,0.939,3.20,1.00
2008.09.16 08:34:12.690,0.9387,0.9391,5.40,1.70
2008.09.16 08:34:12.926,0.9387,0.9391,5.40,1.00
2008.09.16 08:34:13.164,0.9387,0.9391,6.20,1.00
2008.09.16 08:34:13.630,0.9387,0.9391,2.10,1.00
2008.09.16 08:34:13.866,0.9387,0.93905,3.20,1.00
2008.09.16 08:34:14.130,0.93865,0.93905,2.10,1.70
2008.09.16 08:34:14.394,0.9387,0.9391,3.20,2.80
2008.09.16 08:34:14.918,0.9387,0.9391,5.40,2.80
2008.09.16 08:34:15.362,0.9387,0.9391,2.10,1.00
2008.09.16 08:34:15.589,0.9386,0.939,2.20,1.70
2008.09.16 08:34:15.812,0.93845,0.9389,2.10,2.10
2008.09.16 08:34:16.050,0.9385,0.9389,1.00,1.00
2008.09.16 08:34:16.290,0.9385,0.9389,2.90,1.00
2008.09.16 08:34:16.823,0.93855,0.9389,1.00,1.00
2008.09.16 08:34:17.084,0.9385,0.9389,7.50,1.00
2008.09.16 08:34:17.818,0.93855,0.93895,2.10,1.00
2008.09.16 08:34:18.114,0.93855,0.93895,2.10,1.70
2008.09.16 08:34:18.478,0.93855,0.93895,2.10,1.00
2008.09.16 08:34:18.838,0.93855,0.939,2.10,2.80
2008.09.16 08:34:19.020,0.93855,0.9389,2.10,1.00
2008.09.16 08:34:19.174,0.93855,0.9389,2.10,2.10
2008.09.16 08:34:19.330,0.93855,0.9389,2.10,2.80
2008.09.16 08:34:19.486,0.93855,0.9389,2.10,1.70
2008.09.16 08:34:19.562,0.9385,0.9389,3.20,1.00
2008.09.16 08:34:19.806,0.93855,0.9389,1.00,1.00
2008.09.16 08:34:19.962,0.93855,0.939,1.00,7.20
2008.09.16 08:34:20.278,0.9386,0.939,6.20,5.10
2008.09.16 08:34:20.582,0.9387,0.9391,3.20,5.10
2008.09.16 08:34:20.895,0.93865,0.9391,2.10,6.80
2008.09.16 08:34:21.203,0.93855,0.9389,2.20,1.00
2008.09.16 08:34:21.442,0.9386,0.93905,4.00,4.00
2008.09.16 08:34:21.682,0.93855,0.93905,2.90,4.00
2008.09.16 08:34:21.922,0.9386,0.9391,4.00,1.00
2008.09.16 08:34:22.063,0.9385,0.9391,5.40,1.70
2008.09.16 08:34:22.202,0.9385,0.9391,2.90,2.80
2008.09.16 08:34:23.567,0.9385,0.93895,2.90,1.70
2008.09.16 08:34:23.971,0.93855,0.93895,2.10,1.00
2008.09.16 08:34:24.083,0.93855,0.939,2.10,2.80
2008.09.16 08:34:24.199,0.93855,0.939,2.10,1.70
2008.09.16 08:34:24.258,0.9387,0.939,3.20,1.70
2008.09.16 08:34:24.318,0.9387,0.93905,4.00,4.00
2008.09.16 08:34:24.378,0.9387,0.93905,4.00,1.00
2008.09.16 08:34:24.494,0.9387,0.9391,4.00,2.10
2008.09.16 08:34:24.550,0.93865,0.9391,2.10,6.00
2008.09.16 08:34:24.718,0.9386,0.9391,2.90,6.00
2008.09.16 08:34:24.774,0.9386,0.9391,6.20,2.80
2008.09.16 08:34:24.834,0.9386,0.9391,6.20,3.60
2008.09.16 08:34:24.950,0.9386,0.9391,6.20,6.80
2008.09.16 08:34:25.007,0.9386,0.9391,6.20,3.60
2008.09.16 08:34:25.346,0.93865,0.9391,2.10,2.80
2008.09.16 08:34:25.686,0.9386,0.9391,6.20,6.80
2008.09.16 08:34:26.102,0.9386,0.9391,6.20,6.00
2008.09.16 08:34:26.183,0.93865,0.9391,2.10,2.80
2008.09.16 08:34:26.342,0.93865,0.9391,2.10,6.00
2008.09.16 08:34:26.642,0.93865,0.9391,2.10,2.80
2008.09.16 08:34:28.018,0.9386,0.9391,6.20,2.80
2008.09.16 08:34:28.130,0.9386,0.93905,2.90,1.00
2008.09.16 08:34:28.354,0.93865,0.9391,1.00,5.10
2008.09.16 08:34:28.470,0.93865,0.9391,1.00,5.80
2008.09.16 08:34:28.582,0.93865,0.9391,2.90,5.80
2008.09.16 08:34:28.844,0.9387,0.9391,2.10,1.00
2008.09.16 08:34:29.102,0.93865,0.9391,1.00,1.00
2008.09.16 08:34:29.363,0.9386,0.939,2.10,1.00
2008.09.16 08:34:29.804,0.93865,0.9391,1.00,5.10
2008.09.16 08:34:29.986,0.9387,0.9391,2.10,6.20
2008.09.16 08:34:30.171,0.9387,0.9391,2.10,2.80
2008.09.16 08:34:30.534,0.93865,0.9391,2.10,2.80
2008.09.16 08:34:32.131,0.93865,0.9391,2.90,1.00
2008.09.16 08:34:32.171,0.93865,0.9391,2.90,2.10
2008.09.16 08:34:32.219,0.93865,0.9391,2.10,2.80
2008.09.16 08:34:32.386,0.9387,0.9391,2.10,2.80
2008.09.16 08:34:32.525,0.93865,0.9391,2.10,2.80
2008.09.16 08:34:32.634,0.93865,0.9391,4.40,2.80
2008.09.16 08:34:32.830,0.93865,0.9391,2.10,2.80
2008.09.16 08:34:33.606,0.93865,0.93905,2.10,1.00
2008.09.16 08:34:33.945,0.93865,0.939,2.10,1.00
2008.09.16 08:34:34.284,0.9386,0.939,2.10,1.00
2008.09.16 08:34:36.187,0.9386,0.939,5.40,1.00
2008.09.16 08:34:36.450,0.93855,0.939,2.10,2.10
2008.09.16 08:34:36.714,0.9386,0.939,2.10,1.70
2008.09.16 08:34:36.830,0.9386,0.939,5.40,1.00
2008.09.16 08:34:37.170,0.93865,0.93895,2.10,1.00
2008.09.16 08:34:37.286,0.93865,0.9388,2.10,1.00
2008.09.16 08:34:37.415,0.9386,0.9388,2.20,1.00
2008.09.16 08:34:37.714,0.93855,0.9388,2.10,1.00
2008.09.16 08:34:37.914,0.93865,0.93915,2.10,1.00
2008.09.16 08:34:38.114,0.93865,0.9392,2.10,3.60
2008.09.16 08:34:38.310,0.93865,0.9392,2.10,2.80
2008.09.16 08:34:38.507,0.93865,0.9392,2.90,1.00
2008.09.16 08:34:38.702,0.9387,0.9392,2.10,2.10
2008.09.16 08:34:38.918,0.9387,0.9391,2.10,2.80
2008.09.16 08:34:39.719,0.93865,0.93905,2.10,1.70
2008.09.16 08:34:39.926,0.93865,0.93905,4.40,1.70
2008.09.16 08:34:40.338,0.9386,0.93905,4.40,1.70
2008.09.16 08:34:40.542,0.9386,0.93905,2.10,1.70
2008.09.16 08:34:41.133,0.9386,0.93895,2.10,1.00
2008.09.16 08:34:41.387,0.93855,0.93895,1.00,1.00
2008.09.16 08:34:41.643,0.9385,0.93895,2.10,1.70
2008.09.16 08:34:41.900,0.93855,0.93895,2.10,1.00
2008.09.16 08:34:42.054,0.9386,0.939,2.90,1.00
2008.09.16 08:34:42.286,0.9386,0.939,2.10,1.00
2008.09.16 08:34:42.594,0.9386,0.939,2.90,1.00
2008.09.16 08:34:42.780,0.9386,0.939,2.10,1.00
2008.09.16 08:34:43.034,0.93855,0.939,5.40,1.00
2008.09.16 08:34:43.286,0.93855,0.939,2.90,1.00
2008.09.16 08:34:43.538,0.93855,0.93905,2.90,1.70
2008.09.16 08:34:43.790,0.9386,0.93905,2.10,1.70
2008.09.16 08:34:43.983,0.9386,0.93885,2.10,1.00
2008.09.16 08:34:44.242,0.93855,0.93885,1.00,1.00
2008.09.16 08:34:44.310,0.93855,0.939,1.00,1.00
2008.09.16 08:34:44.442,0.93855,0.93895,1.00,5.10
2008.09.16 08:34:44.586,0.9385,0.93895,3.20,5.80
2008.09.16 08:34:44.654,0.9385,0.9389,3.20,1.00
2008.09.16 08:34:44.722,0.93845,0.9389,1.00,4.00
2008.09.16 08:34:44.798,0.9384,0.9389,2.90,4.70
2008.09.16 08:34:45.134,0.93845,0.9389,2.90,5.10
2008.09.16 08:34:45.484,0.9385,0.9388,2.10,1.00
2008.09.16 08:34:46.039,0.9385,0.9389,2.10,1.00
2008.09.16 08:34:46.471,0.9385,0.9389,2.90,1.00
2008.09.16 08:34:46.702,0.9385,0.9389,2.90,2.10
2008.09.16 08:34:46.911,0.93855,0.9388,2.10,1.00
2008.09.16 08:34:47.027,0.93845,0.9388,2.90,1.00
2008.09.16 08:34:47.262,0.9386,0.93895,3.20,5.80
2008.09.16 08:34:47.321,0.9386,0.93895,3.20,4.70
2008.09.16 08:34:47.378,0.9386,0.93895,3.20,1.40
2008.09.16 08:34:47.438,0.9386,0.939,4.00,5.10
2008.09.16 08:34:47.630,0.9386,0.939,4.00,4.30
2008.09.16 08:34:47.690,0.9387,0.939,2.10,2.10
2008.09.16 08:34:47.750,0.9387,0.9389,2.10,1.00
2008.09.16 08:34:48.258,0.93855,0.9389,2.10,1.00
2008.09.16 08:34:49.702,0.9385,0.9389,2.10,1.00
2008.09.16 08:34:49.898,0.93855,0.9389,2.10,1.00
2008.09.16 08:34:51.194,0.9386,0.9389,3.20,1.00
2008.09.16 08:34:51.402,0.93855,0.9389,2.90,1.00
2008.09.16 08:34:51.610,0.93855,0.939,2.10,2.80
2008.09.16 08:34:52.374,0.93855,0.93895,2.10,1.00
2008.09.16 08:34:52.560,0.93855,0.939,2.10,2.80
2008.09.16 08:34:52.914,0.9386,0.939,3.20,2.80
2008.09.16 08:34:53.090,0.93855,0.939,2.10,2.80
2008.09.16 08:34:53.306,0.93855,0.93895,2.10,1.70
2008.09.16 08:34:53.738,0.9386,0.93895,3.20,1.00
2008.09.16 08:34:53.958,0.9386,0.9389,3.20,1.00
2008.09.16 08:34:54.174,0.93855,0.9389,2.10,2.10
2008.09.16 08:34:54.410,0.93855,0.9389,2.10,1.70
2008.09.16 08:34:54.650,0.93845,0.9389,2.90,1.00
2008.09.16 08:34:55.350,0.93855,0.9389,2.10,1.00
2008.09.16 08:34:55.963,0.93845,0.9389,5.40,1.00
2008.09.16 08:34:56.166,0.93845,0.9389,2.90,1.00
2008.09.16 08:34:57.314,0.93845,0.9389,2.90,2.10
2008.09.16 08:34:57.474,0.93845,0.9389,2.10,2.80
2008.09.16 08:34:57.752,0.93845,0.9388,2.10,1.00
2008.09.16 08:34:58.510,0.9384,0.9387,7.60,1.00
2008.09.16 08:34:58.723,0.9384,0.9387,2.10,1.00
2008.09.16 08:34:59.362,0.93835,0.9387,2.10,1.00
2008.09.16 08:35:00.214,0.93835,0.93875,2.10,1.00
2008.09.16 08:35:00.430,0.93835,0.93875,2.10,1.00
2008.09.16 08:35:00.666,0.93835,0.9388,2.10,2.80
2008.09.16 08:35:00.902,0.9384,0.9388,2.10,2.80
2008.09.16 08:35:05.814,0.93835,0.9388,4.40,2.80
2008.09.16 08:35:06.170,0.93835,0.9388,2.10,2.80
2008.09.16 08:35:07.825,0.93835,0.9388,2.10,1.70
2008.09.16 08:35:07.986,0.9384,0.9388,3.20,1.70
2008.09.16 08:35:08.006,0.9384,0.9388,6.20,1.00
2008.09.16 08:35:08.206,0.9384,0.9388,4.00,1.00
2008.09.16 08:35:08.231,0.9384,0.9388,3.20,1.00
2008.09.16 08:35:08.650,0.9384,0.9388,3.20,1.80
2008.09.16 08:35:08.851,0.9383,0.93875,10.80,1.70
2008.09.16 08:35:09.050,0.9383,0.9387,8.60,1.00
2008.09.16 08:35:09.250,0.93825,0.9387,2.90,1.00
2008.09.16 08:35:09.494,0.9383,0.9387,1.00,1.00
2008.09.16 08:35:10.226,0.93825,0.9387,2.90,1.00
2008.09.16 08:35:10.778,0.93825,0.9387,2.10,2.80
2008.09.16 08:35:11.082,0.93825,0.9387,2.90,2.10
2008.09.16 08:35:11.391,0.9383,0.9388,4.00,6.80
2008.09.16 08:35:11.478,0.9383,0.9388,6.20,6.80
2008.09.16 08:35:11.558,0.9383,0.93875,6.20,1.00
2008.09.16 08:35:11.599,0.93835,0.9387,2.10,1.00
2008.09.16 08:35:11.675,0.93835,0.9387,2.10,1.70
2008.09.16 08:35:11.786,0.9384,0.9387,3.20,1.00
2008.09.16 08:35:11.966,0.93835,0.9387,2.10,1.00
2008.09.16 08:35:12.578,0.9384,0.9387,3.20,1.00
2008.09.16 08:35:12.875,0.93835,0.9388,1.00,1.00
2008.09.16 08:35:13.170,0.9384,0.93875,1.00,1.00
2008.09.16 08:35:13.478,0.93835,0.9387,2.90,1.00
2008.09.16 08:35:13.778,0.9383,0.9386,4.40,1.00
2008.09.16 08:35:14.085,0.93825,0.9386,2.20,1.00
2008.09.16 08:35:14.389,0.9383,0.9387,4.00,4.00
2008.09.16 08:35:14.691,0.9384,0.9387,3.20,1.00
2008.09.16 08:35:14.825,0.93825,0.9387,2.10,1.70
2008.09.16 08:35:14.942,0.9382,0.9387,10.80,1.70
2008.09.16 08:35:15.058,0.93825,0.9387,1.00,1.00
2008.09.16 08:35:15.290,0.9383,0.9387,1.00,1.00
2008.09.16 08:35:16.426,0.9383,0.9387,1.00,6.20
2008.09.16 08:35:16.767,0.9383,0.9387,3.20,5.80
2008.09.16 08:35:16.811,0.9383,0.9387,3.20,5.10
2008.09.16 08:35:16.900,0.9383,0.9386,3.20,1.00
2008.09.16 08:35:17.198,0.93835,0.9386,1.00,1.00
2008.09.16 08:35:17.463,0.93835,0.9388,1.00,6.20
2008.09.16 08:35:17.578,0.9383,0.9388,4.00,6.80
2008.09.16 08:35:17.710,0.9383,0.9388,4.00,5.80
2008.09.16 08:35:18.038,0.93835,0.9388,1.00,5.10
2008.09.16 08:35:18.606,0.9383,0.9388,6.20,6.80
2008.09.16 08:35:18.890,0.9383,0.9388,2.90,6.80
2008.09.16 08:35:19.175,0.93825,0.9387,2.90,1.00
2008.09.16 08:35:20.710,0.93825,0.93875,2.90,1.70
2008.09.16 08:35:20.934,0.93825,0.93875,2.90,5.80
2008.09.16 08:35:21.159,0.93825,0.93875,1.00,4.70
2008.09.16 08:35:21.379,0.9383,0.9387,1.00,1.00
2008.09.16 08:35:21.822,0.9385,0.9387,1.00,1.00
2008.09.16 08:35:22.802,0.9385,0.9386,1.00,1.00
2008.09.16 08:35:23.298,0.9386,0.9387,1.00,1.00
2008.09.16 08:35:24.734,0.9386,0.9388,1.00,6.80
2008.09.16 08:35:24.894,0.9386,0.9388,1.00,5.80
2008.09.16 08:35:25.054,0.9386,0.9388,1.00,6.20
2008.09.16 08:35:25.214,0.9386,0.93885,1.00,5.80
2008.09.16 08:35:25.374,0.9386,0.93885,1.00,2.50
2008.09.16 08:35:25.714,0.9386,0.93885,4.30,1.70
2008.09.16 08:35:26.054,0.9386,0.93885,1.00,1.70
2008.09.16 08:35:26.394,0.9386,0.9388,1.00,1.70
2008.09.16 08:35:26.558,0.9386,0.9388,1.00,1.00
2008.09.16 08:35:26.722,0.9386,0.9389,1.00,2.80
2008.09.16 08:35:28.462,0.9386,0.9389,1.00,6.80
2008.09.16 08:35:28.798,0.9386,0.93885,1.00,1.00
2008.09.16 08:35:29.134,0.9386,0.9388,1.00,1.70
2008.09.16 08:35:29.476,0.9386,0.9388,1.00,1.00
2008.09.16 08:35:29.574,0.9386,0.9388,1.00,1.70
2008.09.16 08:35:29.672,0.9386,0.9388,1.00,2.80
2008.09.16 08:35:30.162,0.9386,0.9388,1.00,2.50
2008.09.16 08:35:30.262,0.9386,0.9388,1.00,5.80
2008.09.16 08:35:30.362,0.9386,0.9388,1.00,4.90
2008.09.16 08:35:30.458,0.9386,0.9388,1.00,1.00
2008.09.16 08:35:30.798,0.9386,0.93885,1.00,4.70
2008.09.16 08:35:31.138,0.9386,0.93885,1.00,4.00
2008.09.16 08:35:31.480,0.9386,0.9389,1.00,1.70
2008.09.16 08:35:31.598,0.9386,0.9389,1.00,1.00
2008.09.16 08:35:32.080,0.9386,0.9389,1.00,2.10
2008.09.16 08:35:32.431,0.9386,0.9389,1.00,1.00
2008.09.16 08:35:32.750,0.9386,0.9389,4.30,1.00
2008.09.16 08:35:33.050,0.9386,0.9389,1.00,1.00
2008.09.16 08:35:33.450,0.9386,0.9388,1.00,1.00
2008.09.16 08:35:34.406,0.9386,0.9387,1.00,1.00
2008.09.16 08:35:34.695,0.9384,0.9386,2.70,1.00
2008.09.16 08:35:35.346,0.9386,0.9387,1.00,1.00
2008.09.16 08:35:35.783,0.9386,0.9388,1.00,6.20
2008.09.16 08:35:36.122,0.9386,0.9388,1.00,6.00
2008.09.16 08:35:36.463,0.9386,0.9387,1.00,2.10
2008.09.16 08:35:36.803,0.9386,0.9387,1.00,1.00
2008.09.16 08:35:37.015,0.9386,0.93865,1.00,1.80
2008.09.16 08:35:37.410,0.93835,0.9385,2.60,1.00
2008.09.16 08:35:38.230,0.9383,0.9386,5.10,1.00
2008.09.16 08:35:38.570,0.9386,0.9387,1.00,4.00
2008.09.16 08:35:38.910,0.9386,0.9388,1.00,1.00
2008.09.16 08:35:39.387,0.9386,0.9388,1.00,2.10
2008.09.16 08:35:39.630,0.9386,0.93875,1.00,1.00
2008.09.16 08:35:39.750,0.9386,0.9387,1.00,1.00
2008.09.16 08:35:39.870,0.9386,0.9387,1.00,2.10
2008.09.16 08:35:40.078,0.9386,0.9387,1.00,2.80
2008.09.16 08:35:40.390,0.9386,0.9387,1.00,1.00
2008.09.16 08:35:40.494,0.9386,0.9388,1.00,5.10
2008.09.16 08:35:40.910,0.9386,0.9388,1.00,1.80
2008.09.16 08:35:41.247,0.9386,0.9387,1.00,1.00
2008.09.16 08:35:43.710,0.9386,0.93865,1.00,1.80
2008.09.16 08:35:44.059,0.9386,0.9387,1.00,1.00
2008.09.16 08:35:48.635,0.9386,0.9387,1.00,2.10
2008.09.16 08:35:48.875,0.93835,0.9386,2.60,1.00
2008.09.16 08:35:49.594,0.9386,0.9388,1.00,6.80
2008.09.16 08:35:49.780,0.9386,0.9388,1.00,5.80
2008.09.16 08:35:49.873,0.9386,0.9388,1.00,5.10
2008.09.16 08:35:49.965,0.9386,0.9388,1.00,1.00
2008.09.16 08:35:50.950,0.9386,0.9388,1.00,2.80
2008.09.16 08:35:51.627,0.9386,0.9387,1.00,1.00
2008.09.16 08:35:56.187,0.9386,0.9388,1.00,1.00
2008.09.16 08:35:56.475,0.9386,0.9388,1.00,1.00
2008.09.16 08:35:56.755,0.9386,0.9389,1.00,2.10
2008.09.16 08:35:57.038,0.9386,0.9388,1.00,1.00
2008.09.16 08:36:00.360,0.9386,0.9387,1.00,1.00
2008.09.16 08:36:00.746,0.9386,0.9388,1.00,2.10
2008.09.16 08:36:00.938,0.9386,0.9388,1.00,1.00
2008.09.16 08:36:01.223,0.9386,0.9387,1.00,1.00
2008.09.16 08:36:02.073,0.9386,0.9388,1.00,1.00
2008.09.16 08:36:04.846,0.9386,0.9389,1.00,2.80
2008.09.16 08:36:05.026,0.9386,0.93885,1.00,1.00
2008.09.16 08:36:05.206,0.9386,0.93885,1.00,1.70
2008.09.16 08:36:05.386,0.9386,0.9388,1.00,1.00
2008.09.16 08:36:06.954,0.9386,0.9388,1.00,2.10
2008.09.16 08:36:07.100,0.9386,0.9387,1.00,1.00
2008.09.16 08:36:08.714,0.9386,0.93865,1.00,1.00
2008.09.16 08:36:08.992,0.9386,0.93865,1.00,1.00
2008.09.16 08:36:09.274,0.9386,0.9387,1.00,1.70
2008.09.16 08:36:09.551,0.9386,0.9387,1.00,1.00
2008.09.16 08:36:09.917,0.9386,0.9388,1.00,2.80
2008.09.16 08:36:10.278,0.9386,0.9388,1.00,1.70
2008.09.16 08:36:15.626,0.9386,0.9388,1.00,2.80
2008.09.16 08:36:15.799,0.9386,0.93875,1.00,1.00
2008.09.16 08:36:15.902,0.9386,0.9387,1.00,1.00
2008.09.16 08:36:16.014,0.9386,0.9387,1.00,1.70
2008.09.16 08:36:16.118,0.9386,0.93865,1.00,1.00
2008.09.16 08:36:16.462,0.9386,0.93865,1.00,1.00
2008.09.16 08:36:16.782,0.9386,0.9387,1.00,1.70
2008.09.16 08:36:17.102,0.9386,0.93865,1.00,1.70
2008.09.16 08:36:17.422,0.9386,0.93865,1.00,1.00
2008.09.16 08:36:17.557,0.9386,0.93865,1.00,1.70
2008.09.16 08:36:17.690,0.9386,0.93865,1.00,2.30
2008.09.16 08:36:17.821,0.9386,0.93865,1.00,2.90
2008.09.16 08:36:18.218,0.9386,0.93865,1.00,1.70
2008.09.16 08:36:19.304,0.93825,0.9386,2.60,1.00
2008.09.16 08:36:19.580,0.9386,0.93865,1.00,2.90
2008.09.16 08:36:20.422,0.9386,0.93865,1.00,1.70
2008.09.16 08:36:20.646,0.9386,0.9387,1.00,2.80
2008.09.16 08:36:22.152,0.9386,0.93865,1.00,1.00
2008.09.16 08:36:22.340,0.9386,0.93865,1.00,1.70
2008.09.16 08:36:23.442,0.9386,0.93865,1.00,1.00
2008.09.16 08:36:23.646,0.9386,0.9387,1.00,2.80
2008.09.16 08:36:27.917,0.9386,0.9387,1.00,1.70
2008.09.16 08:36:28.366,0.9386,0.9387,1.00,2.10
2008.09.16 08:36:28.589,0.9386,0.9387,1.00,2.80
2008.09.16 08:36:29.103,0.9386,0.9387,1.00,1.00
2008.09.16 08:36:29.362,0.9386,0.9388,1.00,2.80
2008.09.16 08:36:29.620,0.9386,0.93875,1.00,1.70
2008.09.16 08:36:29.925,0.9386,0.93875,1.00,1.00
2008.09.16 08:36:30.078,0.9386,0.9388,1.00,2.80
2008.09.16 08:36:30.685,0.9386,0.93875,1.00,1.00
2008.09.16 08:36:31.002,0.9386,0.93875,1.00,1.70
2008.09.16 08:36:33.163,0.9386,0.9387,1.00,1.00
2008.09.16 08:36:33.262,0.9386,0.9387,1.00,1.70
2008.09.16 08:36:33.359,0.9386,0.9387,1.00,1.00
2008.09.16 08:36:33.842,0.9386,0.93875,1.00,1.70
2008.09.16 08:36:34.034,0.9386,0.9387,1.00,1.00
2008.09.16 08:36:34.226,0.9386,0.9387,1.00,1.00
2008.09.16 08:36:34.894,0.9386,0.93875,1.00,1.70
2008.09.16 08:36:37.353,0.9386,0.93875,1.00,1.00
2008.09.16 08:36:37.634,0.9386,0.9388,1.00,2.80
2008.09.16 08:36:39.775,0.9386,0.9388,1.00,1.00
2008.09.16 08:36:39.874,0.9386,0.9389,1.00,4.00
2008.09.16 08:36:39.921,0.9386,0.9389,3.20,4.00
2008.09.16 08:36:40.126,0.9386,0.9389,3.20,3.20
2008.09.16 08:36:40.161,0.9386,0.9389,1.00,3.20
2008.09.16 08:36:40.235,0.9386,0.93895,1.00,1.00
2008.09.16 08:36:40.264,0.9386,0.93895,3.20,1.00
2008.09.16 08:36:40.467,0.9386,0.93895,6.40,1.00
2008.09.16 08:36:40.547,0.9386,0.939,6.40,2.80
2008.09.16 08:36:40.890,0.9386,0.9389,1.00,1.00
2008.09.16 08:36:41.771,0.9386,0.9389,4.30,1.00
2008.09.16 08:36:41.966,0.9386,0.93885,4.30,1.00
2008.09.16 08:36:42.166,0.9386,0.93885,1.00,1.00
2008.09.16 08:36:42.365,0.9386,0.9389,1.00,2.80
2008.09.16 08:36:42.563,0.9386,0.93885,1.00,1.70
2008.09.16 08:36:42.781,0.9386,0.9389,1.00,2.80
2008.09.16 08:36:42.997,0.9386,0.93885,1.00,1.00
2008.09.16 08:36:43.215,0.9386,0.9388,1.00,1.00
2008.09.16 08:36:44.119,0.9386,0.9388,1.00,2.80
2008.09.16 08:36:44.640,0.9386,0.93875,1.00,1.00
2008.09.16 08:36:44.878,0.9386,0.9388,1.00,2.80
2008.09.16 08:36:44.919,0.9386,0.93875,1.00,1.00
2008.09.16 08:36:44.985,0.9386,0.9388,1.00,2.80
2008.09.16 08:36:45.410,0.9386,0.9388,1.00,1.70
2008.09.16 08:36:45.542,0.9386,0.9388,1.00,1.00
2008.09.16 08:36:45.993,0.9386,0.9388,1.00,2.80
2008.09.16 08:36:46.330,0.9386,0.9388,1.00,1.70
2008.09.16 08:36:46.670,0.9386,0.93885,1.00,1.00
2008.09.16 08:36:46.826,0.9386,0.93885,1.00,1.70
2008.09.16 08:36:47.137,0.9386,0.9388,1.00,1.00
2008.09.16 08:36:48.098,0.9386,0.9388,1.00,1.70
2008.09.16 08:36:48.438,0.9386,0.9388,1.00,1.00
2008.09.16 08:36:48.773,0.9386,0.93885,1.00,1.00
2008.09.16 08:36:48.999,0.9386,0.93885,1.00,1.70
2008.09.16 08:36:49.221,0.9386,0.9388,1.00,1.00
2008.09.16 08:36:50.485,0.9386,0.9388,1.00,2.10
2008.09.16 08:36:50.573,0.9386,0.9388,1.00,2.80
2008.09.16 08:36:50.973,0.9386,0.9387,1.00,1.00
2008.09.16 08:36:51.476,0.9386,0.93865,1.00,1.00
2008.09.16 08:36:51.758,0.9386,0.93865,1.00,1.70
2008.09.16 08:36:52.039,0.9386,0.9387,1.00,2.80
2008.09.16 08:36:52.322,0.9386,0.93865,1.00,1.70
2008.09.16 08:36:52.490,0.9386,0.93865,1.00,1.00
2008.09.16 08:36:52.655,0.9386,0.93865,1.00,1.70
2008.09.16 08:36:52.822,0.9386,0.9387,1.00,2.10
2008.09.16 08:36:53.149,0.9386,0.9387,1.00,1.70
2008.09.16 08:36:53.578,0.9386,0.9387,1.00,2.80
2008.09.16 08:36:53.841,0.9386,0.9387,1.00,1.00
2008.09.16 08:36:54.106,0.9386,0.9387,1.00,2.80
2008.09.16 08:36:54.369,0.9386,0.9387,1.00,1.70
2008.09.16 08:36:54.695,0.9386,0.9387,1.00,2.80
2008.09.16 08:36:55.519,0.9386,0.93865,1.00,1.00
2008.09.16 08:36:55.698,0.93825,0.93855,2.60,1.00
2008.09.16 08:36:55.881,0.93815,0.9384,2.10,1.00
2008.09.16 08:36:56.234,0.9385,0.9386,1.00,2.40
2008.09.16 08:36:56.410,0.9385,0.9386,1.00,2.10
2008.09.16 08:36:56.581,0.9385,0.9386,1.00,2.80
2008.09.16 08:36:56.754,0.9385,0.9386,1.00,1.70
2008.09.16 08:36:56.925,0.9385,0.9386,1.00,2.10
2008.09.16 08:36:57.097,0.9385,0.9386,1.00,2.80
2008.09.16 08:36:57.269,0.9386,0.93865,1.00,3.10
2008.09.16 08:36:57.442,0.9386,0.93865,1.00,4.20
2008.09.16 08:36:57.613,0.9386,0.93865,1.00,4.80
2008.09.16 08:36:57.785,0.9386,0.93865,1.00,3.70
2008.09.16 08:36:57.958,0.9386,0.93865,1.00,3.10
2008.09.16 08:36:58.130,0.9386,0.93865,1.00,1.70
2008.09.16 08:36:58.302,0.9386,0.9387,1.00,6.80
2008.09.16 08:36:58.474,0.9386,0.93865,1.00,1.00
2008.09.16 08:36:58.826,0.9386,0.9387,1.00,2.80
2008.09.16 08:36:59.885,0.9386,0.93865,1.00,1.00
2008.09.16 08:37:00.138,0.9386,0.93865,1.00,1.70
2008.09.16 08:37:00.734,0.9386,0.93865,1.00,3.10
2008.09.16 08:37:01.074,0.93825,0.9386,2.60,1.70
2008.09.16 08:37:01.410,0.9386,0.93865,1.00,3.10
2008.09.16 08:37:01.747,0.9382,0.9386,5.00,2.10
2008.09.16 08:37:01.810,0.9382,0.9386,2.60,2.80
2008.09.16 08:37:04.866,0.9386,0.93865,1.00,3.70
2008.09.16 08:37:05.160,0.9386,0.93865,1.00,3.10
2008.09.16 08:37:05.589,0.9386,0.9387,1.00,2.80
2008.09.16 08:37:05.977,0.9386,0.93865,1.00,1.00
2008.09.16 08:37:06.054,0.9386,0.93865,1.00,1.70
2008.09.16 08:37:06.545,0.9386,0.93865,1.00,3.10
2008.09.16 08:37:07.220,0.9386,0.93865,1.00,4.20
2008.09.16 08:37:07.470,0.93825,0.9386,2.60,1.00
2008.09.16 08:37:07.965,0.9386,0.93865,1.00,1.70
2008.09.16 08:37:08.605,0.9386,0.93865,1.00,1.00
2008.09.16 08:37:08.941,0.9386,0.9387,1.00,2.80
2008.09.16 08:37:09.278,0.9386,0.9387,1.00,1.70
2008.09.16 08:37:09.615,0.9386,0.9387,1.00,1.00
2008.09.16 08:37:09.985,0.9386,0.9387,1.00,2.10
2008.09.16 08:37:10.109,0.9386,0.9387,1.00,6.00
2008.09.16 08:37:10.234,0.9386,0.9387,1.00,1.00
2008.09.16 08:37:10.825,0.9386,0.9387,1.00,2.10
2008.09.16 08:37:11.137,0.9386,0.9387,1.00,1.70
2008.09.16 08:37:11.450,0.9386,0.9387,1.00,1.00
2008.09.16 08:37:11.922,0.9386,0.93875,1.00,1.00
2008.09.16 08:37:12.157,0.9386,0.93875,1.00,1.70
2008.09.16 08:37:12.394,0.9386,0.93865,1.00,1.70
2008.09.16 08:37:12.650,0.9386,0.9387,1.00,2.80
2008.09.16 08:37:12.902,0.9386,0.9387,1.00,1.00
2008.09.16 08:37:15.867,0.9386,0.9388,1.00,1.70
2008.09.16 08:37:16.114,0.9386,0.9388,1.00,1.00
2008.09.16 08:37:16.359,0.9386,0.9389,1.00,2.80
2008.09.16 08:37:16.850,0.9386,0.93885,1.00,1.70
2008.09.16 08:37:16.963,0.9386,0.9388,1.00,1.00
2008.09.16 08:37:18.086,0.9386,0.9388,1.00,1.70
2008.09.16 08:37:18.422,0.9386,0.93885,1.00,1.70
2008.09.16 08:37:18.757,0.9386,0.9388,1.00,1.00
2008.09.16 08:37:19.238,0.9386,0.93885,1.00,4.70
2008.09.16 08:37:19.477,0.9386,0.9388,1.00,1.00
2008.09.16 08:37:21.174,0.9386,0.93895,1.00,5.80
2008.09.16 08:37:21.557,0.9386,0.9389,1.00,1.00
2008.09.16 08:37:21.905,0.9386,0.9389,3.20,1.00
2008.09.16 08:37:22.061,0.9386,0.9389,3.20,2.80
2008.09.16 08:37:22.374,0.9386,0.9389,1.00,1.00
2008.09.16 08:37:22.529,0.9386,0.939,1.80,1.70
2008.09.16 08:37:22.686,0.9387,0.939,2.10,1.00
2008.09.16 08:37:23.178,0.9387,0.9389,2.10,1.00
2008.09.16 08:37:23.849,0.9386,0.939,4.30,2.80
2008.09.16 08:37:24.082,0.9386,0.939,4.30,1.00
2008.09.16 08:37:24.335,0.93865,0.939,2.90,1.00
2008.09.16 08:37:25.074,0.93875,0.9391,2.10,1.00
2008.09.16 08:37:25.345,0.93875,0.9391,2.10,2.10
2008.09.16 08:37:25.618,0.93875,0.9391,2.10,2.80
2008.09.16 08:37:25.889,0.9387,0.9391,3.20,2.80
2008.09.16 08:37:26.169,0.9387,0.9391,3.20,1.70
2008.09.16 08:37:26.450,0.93875,0.9391,2.10,2.10
2008.09.16 08:37:26.729,0.93875,0.9391,2.10,1.00
2008.09.16 08:37:27.337,0.93875,0.9391,2.90,1.00
2008.09.16 08:37:27.666,0.93885,0.9391,2.10,1.00
2008.09.16 08:37:27.832,0.93885,0.9392,2.10,2.80
2008.09.16 08:37:30.145,0.93885,0.93915,2.10,1.00
2008.09.16 08:37:30.468,0.93885,0.9391,2.10,1.00
2008.09.16 08:37:30.629,0.93875,0.9391,4.40,1.00
2008.09.16 08:37:30.917,0.93875,0.9391,2.10,1.00
2008.09.16 08:37:30.997,0.93875,0.93915,2.10,1.00
2008.09.16 08:37:31.077,0.93875,0.93915,2.10,1.70
2008.09.16 08:37:31.882,0.93875,0.93915,2.10,1.00
2008.09.16 08:37:32.134,0.93875,0.9392,2.10,2.80
2008.09.16 08:37:32.385,0.93875,0.9392,1.00,4.30
2008.09.16 08:37:32.637,0.93885,0.9392,2.10,6.80
2008.09.16 08:37:32.737,0.93885,0.9391,2.10,1.00
2008.09.16 08:37:33.037,0.93885,0.939,2.10,1.00
2008.09.16 08:37:33.138,0.93875,0.939,4.40,1.00
2008.09.16 08:37:33.242,0.93875,0.939,2.20,1.00
2008.09.16 08:37:33.445,0.9387,0.939,2.10,1.00
2008.09.16 08:37:33.547,0.9387,0.939,2.90,1.00
2008.09.16 08:37:33.886,0.9387,0.939,2.10,1.00
2008.09.16 08:37:34.861,0.9386,0.939,6.40,1.00
2008.09.16 08:37:35.105,0.9386,0.939,4.00,1.00
2008.09.16 08:37:35.257,0.9386,0.939,1.80,1.00
2008.09.16 08:37:35.333,0.9386,0.93905,1.80,1.70
2008.09.16 08:37:35.700,0.9386,0.939,1.80,1.00
2008.09.16 08:37:37.081,0.9386,0.939,1.00,1.00
2008.09.16 08:37:37.281,0.9386,0.939,1.00,2.10
2008.09.16 08:37:37.302,0.9386,0.939,4.30,2.80
2008.09.16 08:37:37.369,0.9386,0.939,4.30,1.70
2008.09.16 08:37:37.509,0.9386,0.93895,1.00,1.00
2008.09.16 08:37:37.527,0.9386,0.93895,1.00,1.70
2008.09.16 08:37:37.723,0.9386,0.93895,1.00,1.00
2008.09.16 08:37:38.166,0.9386,0.939,4.30,4.00
2008.09.16 08:37:38.507,0.9386,0.93905,5.10,4.00
2008.09.16 08:37:38.846,0.93865,0.93905,2.90,4.00
2008.09.16 08:37:39.082,0.9387,0.9391,2.10,1.00
2008.09.16 08:37:39.321,0.9387,0.9392,2.90,6.80
2008.09.16 08:37:39.553,0.93875,0.9392,2.10,2.80
2008.09.16 08:37:39.786,0.93875,0.9392,2.10,2.10
2008.09.16 08:37:40.017,0.93875,0.93915,2.10,1.00
2008.09.16 08:37:40.221,0.9388,0.9392,1.00,1.00
2008.09.16 08:37:40.430,0.93875,0.93905,2.10,1.70
2008.09.16 08:37:40.633,0.93875,0.93905,2.10,1.00
2008.09.16 08:37:40.838,0.9387,0.93905,2.10,1.70
2008.09.16 08:37:41.041,0.9387,0.939,2.10,1.00
2008.09.16 08:37:41.610,0.93865,0.939,2.10,1.00
2008.09.16 08:37:42.177,0.93865,0.9391,2.10,2.80
2008.09.16 08:37:42.287,0.93865,0.9391,2.10,1.70
2008.09.16 08:37:42.389,0.93865,0.9391,2.90,1.00
2008.09.16 08:37:42.494,0.93875,0.9391,2.10,2.10
2008.09.16 08:37:42.701,0.93875,0.9391,2.10,2.80
2008.09.16 08:37:43.815,0.9387,0.9391,2.10,1.00
2008.09.16 08:37:44.130,0.9387,0.93905,2.10,1.00
2008.09.16 08:37:44.365,0.9387,0.93905,2.10,1.70
2008.09.16 08:37:44.602,0.9387,0.9391,2.10,1.00
2008.09.16 08:37:44.838,0.93865,0.9391,5.40,1.00
2008.09.16 08:37:45.073,0.93875,0.9391,2.10,1.00
2008.09.16 08:37:45.209,0.93875,0.9391,2.10,2.10
2008.09.16 08:37:45.380,0.93875,0.93905,2.10,1.00
2008.09.16 08:37:45.493,0.9387,0.939,5.40,1.00
2008.09.16 08:37:45.717,0.9387,0.939,3.20,1.00
2008.09.16 08:37:45.941,0.9386,0.939,1.00,1.00
2008.09.16 08:37:46.053,0.9387,0.939,3.20,2.80
2008.09.16 08:37:46.389,0.9386,0.939,7.20,1.00
2008.09.16 08:37:46.725,0.93865,0.939,2.10,1.00
2008.09.16 08:37:47.061,0.9387,0.939,2.10,1.00
2008.09.16 08:37:47.877,0.93865,0.939,2.10,1.00
2008.09.16 08:37:48.013,0.93865,0.939,2.10,2.10
2008.09.16 08:37:48.294,0.93865,0.93905,2.10,1.00
2008.09.16 08:37:48.577,0.9388,0.9391,2.10,1.00
2008.09.16 08:37:49.140,0.93885,0.9391,2.10,1.00
2008.09.16 08:37:49.377,0.93885,0.9392,2.10,2.80
2008.09.16 08:37:49.849,0.93885,0.9391,2.10,4.30
2008.09.16 08:37:50.085,0.9388,0.9391,7.50,2.80
2008.09.16 08:37:50.341,0.9388,0.9391,5.40,2.80
2008.09.16 08:37:50.597,0.9388,0.9391,5.40,1.00
2008.09.16 08:37:51.109,0.9388,0.9392,5.40,2.80
2008.09.16 08:37:51.345,0.9388,0.93915,7.50,1.70
2008.09.16 08:37:51.581,0.9388,0.93905,5.40,1.00
2008.09.16 08:37:51.831,0.9388,0.9391,5.40,1.70
2008.09.16 08:37:52.305,0.9388,0.9391,5.40,2.80
2008.09.16 08:37:52.825,0.9388,0.9391,5.40,1.70
2008.09.16 08:37:52.998,0.9388,0.9391,5.40,1.00
2008.09.16 08:37:53.170,0.9388,0.93915,5.40,1.70
2008.09.16 08:37:53.438,0.9388,0.9391,5.40,1.00
2008.09.16 08:37:53.705,0.9388,0.9391,5.40,1.00
2008.09.16 08:37:53.969,0.9388,0.939,5.40,1.00
2008.09.16 08:37:58.937,0.9388,0.939,5.40,2.10
2008.09.16 08:37:59.206,0.9388,0.939,5.40,1.70
2008.09.16 08:37:59.474,0.9388,0.939,5.40,1.00
2008.09.16 08:37:59.594,0.9388,0.9391,5.40,5.80
2008.09.16 08:37:59.713,0.9388,0.9391,5.40,6.80
2008.09.16 08:38:00.061,0.9388,0.9391,5.40,3.60
2008.09.16 08:38:00.177,0.9388,0.9391,5.40,2.80
2008.09.16 08:38:00.738,0.9388,0.93905,5.40,1.70
2008.09.16 08:38:00.950,0.9388,0.9391,5.40,2.80
2008.09.16 08:38:01.164,0.9388,0.93905,5.40,1.00
2008.09.16 08:38:01.378,0.9388,0.93905,5.40,1.70
2008.09.16 08:38:01.929,0.9388,0.9391,5.40,2.80
2008.09.16 08:38:04.182,0.9388,0.93905,5.40,1.00
2008.09.16 08:38:04.455,0.9388,0.9389,5.40,1.00
2008.09.16 08:38:06.362,0.9388,0.9389,5.40,1.70
2008.09.16 08:38:06.698,0.9388,0.9389,5.40,1.00
2008.09.16 08:38:07.413,0.9388,0.9389,5.40,2.10
2008.09.16 08:38:07.639,0.9388,0.9389,5.40,2.80
2008.09.16 08:38:08.030,0.9388,0.9389,5.40,1.00
2008.09.16 08:38:08.591,0.9388,0.93885,5.40,1.70
2008.09.16 08:38:09.434,0.9388,0.93885,5.40,1.00
2008.09.16 08:38:09.716,0.9388,0.9389,5.40,2.80
2008.09.16 08:38:10.173,0.9388,0.93885,5.40,1.00
2008.09.16 08:38:10.350,0.9388,0.93885,5.40,1.70
2008.09.16 08:38:13.106,0.9388,0.9389,5.40,2.80
2008.09.16 08:38:13.345,0.9388,0.9389,5.40,2.10
2008.09.16 08:38:13.584,0.9388,0.9389,5.40,1.00
2008.09.16 08:38:14.393,0.9388,0.9389,5.40,2.10
2008.09.16 08:38:14.731,0.9388,0.9389,5.40,2.80
2008.09.16 08:38:18.933,0.9388,0.93885,5.40,1.00
2008.09.16 08:38:19.211,0.9388,0.9389,5.40,1.00
2008.09.16 08:38:19.659,0.9388,0.9389,5.40,2.10
2008.09.16 08:38:19.833,0.9388,0.9389,5.40,2.80
2008.09.16 08:38:21.225,0.9388,0.9389,5.40,1.70
2008.09.16 08:38:21.430,0.9388,0.9389,5.40,1.00
2008.09.16 08:38:21.850,0.9388,0.93885,5.40,2.60
2008.09.16 08:38:23.473,0.9388,0.93885,5.40,1.70
2008.09.16 08:38:23.625,0.9388,0.93885,5.40,1.00
2008.09.16 08:38:23.962,0.9388,0.93885,5.40,3.70
2008.09.16 08:38:24.297,0.9388,0.93885,5.40,4.80
2008.09.16 08:38:25.001,0.9386,0.9387,6.20,1.00
2008.09.16 08:38:30.516,0.9386,0.9387,1.00,1.00
2008.09.16 08:38:31.942,0.9388,0.9389,5.40,12.70
2008.09.16 08:38:32.217,0.9386,0.9387,1.00,1.00
2008.09.16 08:38:32.493,0.9388,0.93885,5.40,10.30
2008.09.16 08:38:32.585,0.9386,0.9387,1.00,1.00
2008.09.16 08:38:32.769,0.93835,0.9386,2.60,1.00
2008.09.16 08:38:32.861,0.9386,0.93865,1.00,2.90
2008.09.16 08:38:33.297,0.9382,0.9386,4.00,1.00
2008.09.16 08:38:34.227,0.9386,0.9387,1.00,1.00
2008.09.16 08:38:34.717,0.9386,0.9388,1.00,5.80
2008.09.16 08:38:34.965,0.9386,0.9388,1.00,1.00
2008.09.16 08:38:35.150,0.9386,0.93885,1.00,3.20
2008.09.16 08:38:35.336,0.9386,0.93885,1.00,1.70
2008.09.16 08:38:35.518,0.9386,0.93885,1.00,1.00
2008.09.16 08:38:35.700,0.9386,0.93895,3.20,5.10
2008.09.16 08:38:35.882,0.9386,0.93895,3.20,1.70
2008.09.16 08:38:36.061,0.9386,0.9389,3.20,1.70
2008.09.16 08:38:36.401,0.9386,0.93885,1.00,1.70
2008.09.16 08:38:36.740,0.9386,0.9388,1.00,1.70
2008.09.16 08:38:37.091,0.9386,0.9388,1.00,2.10
2008.09.16 08:38:37.249,0.9386,0.9388,1.00,2.80
2008.09.16 08:38:37.717,0.9386,0.9388,1.00,1.70
2008.09.16 08:38:37.873,0.9386,0.9388,1.00,1.00
2008.09.16 08:38:38.705,0.9386,0.9388,1.00,2.10
2008.09.16 08:38:38.965,0.9386,0.9388,1.00,2.80
2008.09.16 08:38:39.657,0.9386,0.9388,1.00,1.70
2008.09.16 08:38:39.873,0.9386,0.9388,1.00,1.00
2008.09.16 08:38:46.325,0.9386,0.9387,1.00,1.00
2008.09.16 08:38:48.941,0.9386,0.9388,1.00,1.00
2008.09.16 08:38:49.277,0.9386,0.9389,1.00,2.80
2008.09.16 08:38:49.829,0.9386,0.93885,1.00,1.00
2008.09.16 08:38:50.047,0.9386,0.93885,1.00,1.70
2008.09.16 08:38:51.297,0.9386,0.9389,1.00,1.00
2008.09.16 08:38:51.386,0.9386,0.9389,1.00,1.70
2008.09.16 08:38:51.553,0.9386,0.9388,1.00,1.00
2008.09.16 08:38:51.973,0.9386,0.93885,1.00,1.00
2008.09.16 08:38:52.310,0.9386,0.939,3.20,6.80
2008.09.16 08:38:52.647,0.9386,0.939,6.40,6.20
2008.09.16 08:38:52.781,0.9386,0.939,4.00,5.10
2008.09.16 08:38:52.917,0.9386,0.939,4.00,4.30
2008.09.16 08:38:53.053,0.9387,0.939,2.10,1.00
2008.09.16 08:38:53.325,0.9387,0.939,2.10,2.80
2008.09.16 08:38:53.461,0.9387,0.939,2.10,1.70
2008.09.16 08:38:53.597,0.9387,0.939,2.10,1.00
2008.09.16 08:38:53.733,0.9386,0.939,8.70,1.00
2008.09.16 08:38:54.069,0.9386,0.939,3.20,2.80
2008.09.16 08:38:54.406,0.9386,0.93895,3.20,1.70
2008.09.16 08:38:54.825,0.9386,0.93895,1.00,1.70
2008.09.16 08:38:56.085,0.9386,0.939,1.00,2.80
2008.09.16 08:38:56.217,0.9386,0.93895,1.00,1.00
2008.09.16 08:38:56.349,0.9386,0.93895,1.00,1.00
2008.09.16 08:38:56.613,0.9386,0.939,1.00,2.80
2008.09.16 08:38:57.057,0.9386,0.93895,1.00,1.70
2008.09.16 08:38:57.681,0.9386,0.93895,1.00,1.00
2008.09.16 08:38:57.993,0.9386,0.9389,1.00,1.00
2008.09.16 08:38:58.208,0.9386,0.9389,1.00,2.10
2008.09.16 08:38:58.421,0.9386,0.9389,1.00,1.70
2008.09.16 08:38:58.633,0.9386,0.9388,1.00,1.00
2008.09.16 08:39:12.977,0.9386,0.9387,1.00,1.00
2008.09.16 08:39:19.217,0.9386,0.9388,1.00,2.10
2008.09.16 08:39:19.414,0.9386,0.9388,1.00,1.00
2008.09.16 08:39:20.210,0.9386,0.9388,1.00,1.70
2008.09.16 08:39:20.609,0.9386,0.9388,1.00,2.80
2008.09.16 08:39:20.801,0.9386,0.9387,1.00,1.00
2008.09.16 08:39:22.286,0.9384,0.9386,2.60,1.00
2008.09.16 08:39:23.241,0.9386,0.9387,1.00,1.00
2008.09.16 08:39:23.877,0.9386,0.93875,1.00,1.00
2008.09.16 08:39:24.213,0.9386,0.93875,1.00,1.00
2008.09.16 08:39:24.549,0.9384,0.9386,5.60,1.00
2008.09.16 08:39:24.757,0.9386,0.9388,1.00,2.10
2008.09.16 08:39:24.862,0.9386,0.9388,1.00,2.80
2008.09.16 08:39:25.173,0.9386,0.93875,1.00,1.00
2008.09.16 08:39:25.277,0.9386,0.9387,1.00,1.00
2008.09.16 08:39:26.677,0.9386,0.9388,1.00,1.70
2008.09.16 08:39:26.990,0.9386,0.9388,1.00,1.00
2008.09.16 08:39:27.165,0.9386,0.93875,1.00,1.00
2008.09.16 08:39:27.341,0.9386,0.93875,1.00,1.70
2008.09.16 08:39:27.517,0.9386,0.9388,1.00,1.00
2008.09.16 08:39:27.693,0.9386,0.9388,1.00,1.00
2008.09.16 08:39:27.869,0.9386,0.9388,1.00,1.70
2008.09.16 08:39:28.045,0.9386,0.9389,1.00,2.80
2008.09.16 08:39:28.381,0.9386,0.93885,1.00,1.00
2008.09.16 08:39:28.717,0.9386,0.93885,1.00,2.10
2008.09.16 08:39:29.053,0.9386,0.9388,1.00,1.00
2008.09.16 08:39:29.237,0.9386,0.93885,1.00,1.00
2008.09.16 08:39:29.420,0.9386,0.93885,1.00,1.70
2008.09.16 08:39:29.790,0.9386,0.9388,1.00,1.00
2008.09.16 08:39:29.973,0.9386,0.9387,1.00,1.00
2008.09.16 08:39:31.244,0.9386,0.9388,1.00,2.80
2008.09.16 08:39:31.657,0.9386,0.9387,1.00,1.00
2008.09.16 08:39:32.065,0.9386,0.9388,1.00,1.00
2008.09.16 08:39:32.573,0.9386,0.9387,1.00,1.00
2008.09.16 08:39:33.389,0.9386,0.9387,1.00,2.10
2008.09.16 08:39:33.753,0.9383,0.9386,2.70,1.00
2008.09.16 08:39:37.965,0.9386,0.9387,1.00,1.70
2008.09.16 08:39:38.149,0.9386,0.9387,1.00,1.00
2008.09.16 08:39:38.293,0.9386,0.9387,1.00,2.10
2008.09.16 08:39:38.625,0.9386,0.93865,1.00,1.80
2008.09.16 08:39:43.345,0.9383,0.9385,2.60,1.00
2008.09.16 08:39:43.793,0.9383,0.9386,2.60,1.00
2008.09.16 08:39:44.826,0.9386,0.9387,1.00,2.80
2008.09.16 08:39:45.025,0.9386,0.9387,1.00,1.70
2008.09.16 08:39:45.225,0.9386,0.93875,1.00,1.00
2008.09.16 08:39:45.425,0.9386,0.9388,1.00,1.00
2008.09.16 08:39:45.797,0.9386,0.9387,1.00,2.10
2008.09.16 08:39:45.969,0.9386,0.9387,1.00,1.00
2008.09.16 08:39:46.321,0.9386,0.93865,1.00,1.80
2008.09.16 08:39:47.442,0.93825,0.9386,2.60,2.10
2008.09.16 08:39:47.701,0.9386,0.93865,1.00,2.90
2008.09.16 08:39:47.821,0.9386,0.93865,1.00,1.80
2008.09.16 08:39:48.061,0.9383,0.9386,2.60,1.70
2008.09.16 08:39:48.543,0.93815,0.9385,2.60,1.00
2008.09.16 08:39:49.281,0.93805,0.9385,5.40,1.00
2008.09.16 08:39:49.617,0.93815,0.9387,2.10,4.90
2008.09.16 08:39:49.770,0.93815,0.93865,2.10,1.00
2008.09.16 08:39:49.925,0.93815,0.93855,2.10,1.00
2008.09.16 08:39:50.088,0.93815,0.9385,2.10,1.00
2008.09.16 08:39:50.393,0.93815,0.9385,2.10,1.00
2008.09.16 08:39:50.545,0.9382,0.93865,1.00,2.90
2008.09.16 08:39:51.033,0.93825,0.93865,2.90,2.90
2008.09.16 08:39:51.370,0.9382,0.9386,5.40,1.00
2008.09.16 08:39:51.706,0.9383,0.9386,2.10,1.00
2008.09.16 08:39:52.313,0.9383,0.9386,2.10,4.30
2008.09.16 08:39:52.616,0.9383,0.9386,2.10,1.00
2008.09.16 08:39:52.921,0.93825,0.9385,2.10,1.00
2008.09.16 08:39:53.401,0.93825,0.9386,2.10,1.00
2008.09.16 08:39:53.641,0.9383,0.9386,5.40,1.00
2008.09.16 08:39:53.977,0.9384,0.9386,3.20,1.00
2008.09.16 08:39:54.313,0.93835,0.9387,2.10,1.70
2008.09.16 08:39:54.649,0.93835,0.9387,4.40,1.00
2008.09.16 08:39:54.829,0.93835,0.9387,2.20,1.00
2008.09.16 08:39:55.009,0.9383,0.9387,4.40,1.00
2008.09.16 08:39:55.189,0.9383,0.9387,2.10,1.00
2008.09.16 08:39:55.369,0.9384,0.9387,2.10,1.00
2008.09.16 08:39:57.233,0.9383,0.9386,7.60,1.00
2008.09.16 08:39:57.453,0.9383,0.9386,5.40,1.00
2008.09.16 08:40:00.657,0.93835,0.9386,2.10,1.00
2008.09.16 08:40:01.113,0.9383,0.9386,5.40,1.00
2008.09.16 08:40:01.441,0.93835,0.9386,2.10,1.00
2008.09.16 08:40:03.269,0.93835,0.9387,2.10,1.00
2008.09.16 08:40:04.453,0.9383,0.9387,6.20,1.00
2008.09.16 08:40:04.980,0.9384,0.9387,3.20,1.00
2008.09.16 08:40:05.246,0.9383,0.9387,11.60,1.00
2008.09.16 08:40:05.410,0.93835,0.9387,2.10,1.00
2008.09.16 08:40:05.846,0.9384,0.9387,2.10,1.00
2008.09.16 08:40:06.009,0.9383,0.9386,14.00,1.00
2008.09.16 08:40:06.174,0.9383,0.9386,10.80,1.00
2008.09.16 08:40:07.645,0.9383,0.9386,2.10,1.00
2008.09.16 08:40:07.913,0.9383,0.9387,2.10,1.70
2008.09.16 08:40:08.024,0.9383,0.9387,2.10,1.00
2008.09.16 08:40:08.141,0.93825,0.9387,2.90,1.00
2008.09.16 08:40:08.285,0.9383,0.9387,5.40,1.00
2008.09.16 08:40:08.320,0.9383,0.9387,6.20,1.00
2008.09.16 08:40:08.548,0.9383,0.9387,5.40,1.00
2008.09.16 08:40:08.980,0.9383,0.9386,5.40,1.00
2008.09.16 08:40:09.197,0.9383,0.9386,2.10,1.00
2008.09.16 08:40:10.111,0.93825,0.9386,2.10,1.00
2008.09.16 08:40:10.465,0.93825,0.9387,2.10,1.70
2008.09.16 08:40:10.641,0.93825,0.9387,2.90,1.00
2008.09.16 08:40:10.796,0.93825,0.93865,2.90,1.00
2008.09.16 08:40:10.953,0.93825,0.9386,2.10,1.00
2008.09.16 08:40:11.576,0.9382,0.9386,3.20,1.00
2008.09.16 08:40:11.892,0.93825,0.93865,1.00,2.10
2008.09.16 08:40:12.109,0.9382,0.93865,2.10,3.60
2008.09.16 08:40:12.324,0.9383,0.9386,2.10,1.00
2008.09.16 08:40:12.758,0.9383,0.9387,1.00,1.00
2008.09.16 08:40:12.973,0.9383,0.9387,4.00,1.00
2008.09.16 08:40:13.325,0.9383,0.9387,6.20,1.00
2008.09.16 08:40:13.501,0.9383,0.9387,5.40,1.00
2008.09.16 08:40:13.677,0.9384,0.9387,2.10,1.00
2008.09.16 08:40:14.029,0.93835,0.9388,2.10,1.70
2008.09.16 08:40:14.365,0.9383,0.93875,2.10,1.70
2008.09.16 08:40:14.702,0.9383,0.9387,2.10,1.00
2008.09.16 08:40:15.037,0.9384,0.9387,3.20,1.00
2008.09.16 08:40:15.110,0.9384,0.9387,5.40,1.00
2008.09.16 08:40:15.181,0.9384,0.9387,2.10,1.00
2008.09.16 08:40:15.409,0.9384,0.9387,2.10,2.10
2008.09.16 08:40:15.552,0.9384,0.9387,2.10,2.80
2008.09.16 08:40:15.624,0.9384,0.9387,2.10,1.70
2008.09.16 08:40:15.700,0.9383,0.9387,4.40,1.70
2008.09.16 08:40:15.846,0.9383,0.9387,5.40,1.00
2008.09.16 08:40:15.921,0.9383,0.9387,2.90,1.00
2008.09.16 08:40:16.116,0.9384,0.9387,3.20,1.00
2008.09.16 08:40:16.313,0.9383,0.9387,1.00,1.00
2008.09.16 08:40:16.509,0.9383,0.9386,1.00,1.00
2008.09.16 08:40:16.705,0.9382,0.9386,2.90,1.00
2008.09.16 08:40:16.900,0.9382,0.9386,1.00,2.10
2008.09.16 08:40:17.096,0.93815,0.9386,2.10,2.80
2008.09.16 08:40:17.432,0.9381,0.9386,2.90,2.80
2008.09.16 08:40:17.770,0.9381,0.9385,2.90,1.00
2008.09.16 08:40:18.105,0.93815,0.9385,1.00,1.00
2008.09.16 08:40:18.317,0.9382,0.9385,2.10,1.00
2008.09.16 08:40:18.740,0.9382,0.9385,2.10,2.10
2008.09.16 08:40:18.952,0.93815,0.9385,2.10,2.80
2008.09.16 08:40:19.416,0.93815,0.9384,2.10,1.00
2008.09.16 08:40:19.921,0.9382,0.9385,2.10,1.00
2008.09.16 08:40:21.064,0.93825,0.9385,2.10,1.00
2008.09.16 08:40:21.317,0.93825,0.9386,2.10,4.30
2008.09.16 08:40:21.409,0.93825,0.9386,2.10,4.90
2008.09.16 08:40:21.493,0.9383,0.9386,3.20,1.70
2008.09.16 08:40:21.661,0.9383,0.9386,3.20,1.00
2008.09.16 08:40:21.745,0.9383,0.9387,3.20,1.00
2008.09.16 08:40:21.997,0.9382,0.9387,5.40,5.40
2008.09.16 08:40:22.333,0.9383,0.93865,5.40,2.90
2008.09.16 08:40:22.670,0.9383,0.9387,5.40,1.00
2008.09.16 08:40:24.022,0.9383,0.9386,5.40,1.00
2008.09.16 08:40:24.185,0.9383,0.9386,2.10,1.00
2008.09.16 08:40:24.729,0.93825,0.9386,4.40,1.00
2008.09.16 08:40:25.010,0.9383,0.9386,2.10,1.00
2008.09.16 08:40:25.285,0.93825,0.9386,2.10,1.00
2008.09.16 08:40:25.557,0.93825,0.93855,2.10,1.00
2008.09.16 08:40:25.693,0.9382,0.93855,4.40,1.00
2008.09.16 08:40:25.829,0.9382,0.93855,2.10,1.70
2008.09.16 08:40:26.103,0.9382,0.93855,5.40,1.70
2008.09.16 08:40:26.241,0.9382,0.9386,3.20,1.70
2008.09.16 08:40:26.697,0.93825,0.9384,2.10,1.00
2008.09.16 08:40:27.017,0.9382,0.9387,2.20,2.80
2008.09.16 08:40:27.337,0.938,0.93855,1.00,4.70
2008.09.16 08:40:27.473,0.938,0.93855,4.00,3.60
2008.09.16 08:40:27.609,0.938,0.93855,1.00,2.90
2008.09.16 08:40:27.757,0.938,0.93855,4.00,2.90
2008.09.16 08:40:27.893,0.93805,0.93855,2.90,2.10
2008.09.16 08:40:28.029,0.93815,0.93845,2.10,1.00
2008.09.16 08:40:28.636,0.93815,0.9385,2.10,1.70
2008.09.16 08:40:28.973,0.93815,0.93845,2.10,1.70
2008.09.16 08:40:29.645,0.9381,0.9385,4.40,2.80
2008.09.16 08:40:29.982,0.9381,0.9385,2.10,1.00
2008.09.16 08:40:30.317,0.93815,0.9385,2.10,2.80
2008.09.16 08:40:31.201,0.93815,0.93845,2.10,1.00
2008.09.16 08:40:31.320,0.93815,0.93845,2.10,1.70
2008.09.16 08:40:31.725,0.93815,0.9384,2.10,1.00
2008.09.16 08:40:32.009,0.9381,0.9384,2.10,1.70
2008.09.16 08:40:32.293,0.9381,0.93845,2.10,1.00
2008.09.16 08:40:32.577,0.9381,0.9384,2.10,1.00
2008.09.16 08:40:34.717,0.9381,0.9385,2.10,2.80
2008.09.16 08:40:34.880,0.9381,0.9385,2.10,1.00
2008.09.16 08:40:35.044,0.9381,0.9385,2.10,1.70
2008.09.16 08:40:35.372,0.9381,0.9385,2.10,1.00
2008.09.16 08:40:36.315,0.9381,0.9385,2.90,1.00
2008.09.16 08:40:36.748,0.9381,0.9385,2.10,1.00
2008.09.16 08:40:36.966,0.9381,0.9384,2.10,1.00
2008.09.16 08:40:37.157,0.9381,0.9384,2.90,1.00
2008.09.16 08:40:37.349,0.9381,0.9384,2.10,1.00
2008.09.16 08:40:37.733,0.9381,0.9385,2.10,2.80
2008.09.16 08:40:37.925,0.9381,0.9385,2.10,1.00
2008.09.16 08:40:38.065,0.93805,0.9385,2.90,2.80
2008.09.16 08:40:38.204,0.93805,0.93845,2.90,1.00
2008.09.16 08:40:38.346,0.9381,0.93845,2.10,1.70
2008.09.16 08:40:38.629,0.9381,0.93845,2.10,1.00
2008.09.16 08:40:38.774,0.9381,0.9384,2.10,1.00
2008.09.16 08:40:39.108,0.93805,0.9384,2.10,1.00
2008.09.16 08:40:39.780,0.9381,0.9384,2.10,1.00
2008.09.16 08:40:43.167,0.93805,0.9384,2.10,2.80
2008.09.16 08:40:43.403,0.938,0.93835,3.20,1.00
2008.09.16 08:40:43.480,0.938,0.9383,3.20,1.00
2008.09.16 08:40:43.556,0.93795,0.9383,4.40,1.00
2008.09.16 08:40:43.708,0.93795,0.9383,2.10,1.00
2008.09.16 08:40:44.592,0.93795,0.9382,2.10,1.00
2008.09.16 08:40:44.929,0.9379,0.9382,2.10,1.00
2008.09.16 08:40:45.096,0.93785,0.9382,2.10,1.00
2008.09.16 08:40:45.264,0.93785,0.9382,2.90,1.00
2008.09.16 08:40:45.852,0.9379,0.9382,2.10,1.00
2008.09.16 08:40:46.304,0.9379,0.9382,5.40,1.00
2008.09.16 08:40:46.489,0.9379,0.9382,6.20,1.00
2008.09.16 08:40:46.673,0.93795,0.9383,2.90,1.00
2008.09.16 08:40:47.260,0.93795,0.9383,2.10,1.00
2008.09.16 08:40:47.481,0.9379,0.9382,1.00,1.00
2008.09.16 08:40:47.701,0.93785,0.9382,1.00,1.00
2008.09.16 08:40:48.141,0.93795,0.9383,2.10,1.00
2008.09.16 08:40:48.472,0.93795,0.9383,2.10,1.70
2008.09.16 08:40:48.804,0.9379,0.9383,2.10,2.80
2008.09.16 08:40:49.138,0.9379,0.9382,2.10,1.00
2008.09.16 08:40:50.023,0.9379,0.9382,2.10,2.10
2008.09.16 08:40:50.191,0.9378,0.9382,2.20,2.80
2008.09.16 08:40:50.360,0.93775,0.9382,2.90,2.10
2008.09.16 08:40:50.455,0.93775,0.9382,2.90,1.00
2008.09.16 08:40:50.536,0.9378,0.9382,2.10,1.00
2008.09.16 08:40:50.696,0.9378,0.9382,2.10,2.10
2008.09.16 08:40:50.777,0.9378,0.9382,5.40,2.10
2008.09.16 08:40:50.857,0.9378,0.9382,5.40,2.80
2008.09.16 08:40:51.096,0.9378,0.9382,2.10,2.80
2008.09.16 08:40:51.181,0.9378,0.9382,2.10,1.70
2008.09.16 08:40:51.261,0.9378,0.9382,5.40,1.70
2008.09.16 08:40:51.597,0.9379,0.9382,5.40,1.00
2008.09.16 08:40:52.270,0.93795,0.9382,2.10,1.00
2008.09.16 08:40:54.431,0.93785,0.9382,4.40,1.00
2008.09.16 08:40:54.813,0.93785,0.9382,2.10,1.00
2008.09.16 08:40:55.196,0.9378,0.9382,2.90,2.10
2008.09.16 08:40:55.580,0.9378,0.9382,2.10,2.80
2008.09.16 08:40:55.704,0.9378,0.9382,2.10,1.70
2008.09.16 08:40:55.952,0.9378,0.9382,2.10,2.10
2008.09.16 08:40:56.200,0.9378,0.93815,2.10,1.00
2008.09.16 08:40:56.326,0.9378,0.93815,2.10,1.70
2008.09.16 08:40:56.448,0.93775,0.93815,2.10,1.00
2008.09.16 08:40:56.572,0.93775,0.9382,2.10,2.80
2008.09.16 08:40:57.609,0.9377,0.93815,2.10,1.70
2008.09.16 08:40:57.688,0.93765,0.93815,5.40,1.70
2008.09.16 08:40:57.770,0.93765,0.9381,5.40,2.10
2008.09.16 08:40:57.848,0.93765,0.9381,4.40,2.80
2008.09.16 08:40:58.008,0.93765,0.9381,2.10,2.80
2008.09.16 08:40:58.168,0.93765,0.938,2.10,1.00
2008.09.16 08:40:59.096,0.93765,0.9381,2.90,2.80
2008.09.16 08:40:59.649,0.93775,0.9381,2.10,1.00
2008.09.16 08:41:00.048,0.93775,0.9381,2.10,2.10
2008.09.16 08:41:00.174,0.93775,0.938,2.10,1.00
2008.09.16 08:41:00.424,0.93765,0.938,4.40,1.00
2008.09.16 08:41:01.013,0.93765,0.938,2.90,1.00
2008.09.16 08:41:01.348,0.93765,0.938,1.00,1.00
2008.09.16 08:41:02.023,0.9376,0.9379,2.10,1.00
2008.09.16 08:41:02.696,0.9375,0.9379,5.40,1.00
2008.09.16 08:41:02.848,0.9375,0.9379,2.90,1.00
2008.09.16 08:41:03.152,0.93755,0.9379,1.00,1.00
2008.09.16 08:41:03.760,0.93755,0.9378,1.00,1.00
2008.09.16 08:41:04.098,0.9375,0.9378,2.10,1.00
2008.09.16 08:41:04.438,0.93755,0.9378,1.00,1.00
2008.09.16 08:41:04.773,0.93755,0.9379,1.00,1.00
2008.09.16 08:41:05.109,0.9376,0.9378,1.00,1.00
2008.09.16 08:41:05.404,0.93755,0.9378,2.90,1.00
2008.09.16 08:41:05.497,0.9376,0.9378,1.00,1.00
2008.09.16 08:41:07.498,0.93765,0.9378,1.00,1.00
2008.09.16 08:41:08.276,0.9376,0.9378,2.90,1.00
2008.09.16 08:41:08.449,0.9376,0.938,2.90,1.00
2008.09.16 08:41:08.620,0.9376,0.938,1.00,1.00
2008.09.16 08:41:08.792,0.9377,0.938,1.00,1.00
2008.09.16 08:41:09.348,0.93765,0.938,2.90,1.00
2008.09.16 08:41:09.772,0.93775,0.938,2.90,1.00
2008.09.16 08:41:09.988,0.93775,0.938,1.00,1.00
2008.09.16 08:41:10.201,0.93765,0.938,2.90,4.30
2008.09.16 08:41:10.728,0.93765,0.938,2.90,1.00
2008.09.16 08:41:11.564,0.9377,0.938,1.00,1.00
2008.09.16 08:41:12.133,0.93765,0.9379,1.00,1.00
2008.09.16 08:41:12.416,0.9376,0.9379,2.90,1.00
2008.09.16 08:41:12.850,0.9377,0.9379,1.00,1.00
2008.09.16 08:41:13.068,0.9377,0.938,1.00,1.00
2008.09.16 08:41:15.007,0.9377,0.9378,1.00,1.00
2008.09.16 08:41:15.227,0.9376,0.9378,2.10,1.00
2008.09.16 08:41:15.565,0.9375,0.9378,2.20,1.00
2008.09.16 08:41:15.796,0.9374,0.9377,1.00,1.00
2008.09.16 08:41:16.260,0.9374,0.9377,1.00,1.00
2008.09.16 08:41:16.904,0.93735,0.9377,1.00,1.00
2008.09.16 08:41:18.180,0.9373,0.9377,10.80,1.00
2008.09.16 08:41:18.304,0.9373,0.9376,10.80,1.00
2008.09.16 08:41:18.348,0.93725,0.9376,1.00,1.00
2008.09.16 08:41:19.381,0.9373,0.9376,1.00,1.00
2008.09.16 08:41:19.722,0.9372,0.9376,10.80,1.00
2008.09.16 08:41:19.878,0.9373,0.9376,1.00,1.00
2008.09.16 08:41:20.451,0.9373,0.9377,1.00,1.00
2008.09.16 08:41:20.555,0.9374,0.9377,1.00,1.00
2008.09.16 08:41:20.982,0.93735,0.9377,1.00,1.00
2008.09.16 08:41:23.072,0.9374,0.9377,1.00,1.00
2008.09.16 08:41:23.386,0.93745,0.9377,1.00,1.00
2008.09.16 08:41:23.728,0.9374,0.9376,1.00,1.00
2008.09.16 08:41:23.902,0.93745,0.9376,1.00,1.00
2008.09.16 08:41:24.076,0.93735,0.9376,2.90,1.00
2008.09.16 08:41:24.249,0.93735,0.9377,1.00,1.00
2008.09.16 08:41:24.585,0.93735,0.9377,2.90,1.00
2008.09.16 08:41:25.248,0.9374,0.9377,2.10,1.00
2008.09.16 08:41:26.237,0.93745,0.9377,2.10,1.00
2008.09.16 08:41:26.716,0.9374,0.9377,2.10,1.00
2008.09.16 08:41:27.757,0.93735,0.9377,2.10,1.00
2008.09.16 08:41:28.316,0.93745,0.9377,2.10,1.00
2008.09.16 08:41:28.556,0.93745,0.9378,2.10,1.00
2008.09.16 08:41:29.036,0.93745,0.9377,2.10,1.00
2008.09.16 08:41:29.276,0.9374,0.9377,2.10,1.00
2008.09.16 08:41:31.736,0.93735,0.9377,2.10,1.00
2008.09.16 08:41:32.071,0.93745,0.9377,2.10,1.00
2008.09.16 08:41:32.738,0.9374,0.9377,2.10,1.00
2008.09.16 08:41:33.305,0.9375,0.9377,3.20,1.00
2008.09.16 08:41:33.876,0.93745,0.9378,2.10,1.00
2008.09.16 08:41:34.170,0.93745,0.9378,2.10,2.80
2008.09.16 08:41:34.460,0.93745,0.9377,2.10,1.00
2008.09.16 08:41:34.753,0.9374,0.9377,2.10,1.00
2008.09.16 08:41:35.008,0.9374,0.9378,2.10,1.00
2008.09.16 08:41:35.264,0.9374,0.9378,2.10,2.10
2008.09.16 08:41:35.521,0.93745,0.9378,2.10,1.70
2008.09.16 08:41:35.776,0.9375,0.9377,3.20,1.00
2008.09.16 08:41:36.376,0.9375,0.9378,3.20,1.00
2008.09.16 08:41:36.498,0.9375,0.9378,5.40,1.00
2008.09.16 08:41:37.272,0.9375,0.9378,3.20,1.00
2008.09.16 08:41:38.800,0.9375,0.9378,4.00,1.00
2008.09.16 08:41:38.972,0.9375,0.9378,5.40,1.00
2008.09.16 08:41:39.316,0.9375,0.9378,3.20,1.00
2008.09.16 08:41:39.897,0.93745,0.9377,2.10,1.00
2008.09.16 08:41:40.368,0.9374,0.9377,19.10,1.00
2008.09.16 08:41:42.036,0.9374,0.9377,18.30,1.00
2008.09.16 08:41:43.104,0.9374,0.9377,16.20,1.00
2008.09.16 08:41:43.176,0.9374,0.9377,18.30,1.00
2008.09.16 08:41:43.396,0.9374,0.9377,16.20,1.00
2008.09.16 08:41:43.756,0.9374,0.9377,18.30,1.00
2008.09.16 08:41:44.092,0.93745,0.9377,2.10,1.00
2008.09.16 08:41:44.428,0.93745,0.9378,2.10,1.00
2008.09.16 08:41:47.594,0.9375,0.9378,3.20,1.00
2008.09.16 08:41:47.866,0.9375,0.9379,3.20,2.80
2008.09.16 08:41:48.137,0.9375,0.9379,5.40,1.00
2008.09.16 08:41:48.240,0.9375,0.93785,2.10,1.00
2008.09.16 08:41:48.448,0.9375,0.93785,2.10,1.70
2008.09.16 08:41:48.552,0.9375,0.93785,2.10,1.00
2008.09.16 08:41:48.675,0.93745,0.9379,5.40,1.00
2008.09.16 08:41:48.782,0.93745,0.9379,5.40,2.10
2008.09.16 08:41:48.885,0.93745,0.9379,4.40,2.80
2008.09.16 08:41:49.220,0.93745,0.9379,2.90,1.00
2008.09.16 08:41:49.556,0.9375,0.9379,1.00,1.00
2008.09.16 08:41:49.893,0.93745,0.9379,2.90,1.00
2008.09.16 08:41:50.849,0.93745,0.9378,2.90,1.00
2008.09.16 08:41:51.717,0.9375,0.9378,1.00,1.00
2008.09.16 08:41:52.081,0.93745,0.9378,1.00,1.00
2008.09.16 08:41:52.372,0.9374,0.9378,1.00,1.00
2008.09.16 08:41:52.957,0.9374,0.9377,1.00,1.00
2008.09.16 08:41:53.248,0.9374,0.9378,1.00,1.00
2008.09.16 08:41:53.464,0.9374,0.9378,2.90,1.00
2008.09.16 08:41:53.680,0.93745,0.9378,2.10,1.00
2008.09.16 08:41:56.004,0.9374,0.9378,2.10,1.00
2008.09.16 08:41:56.572,0.9374,0.9378,2.90,1.00
2008.09.16 08:41:56.744,0.9374,0.9378,2.10,1.00
2008.09.16 08:41:57.913,0.9374,0.9378,2.90,1.00
2008.09.16 08:41:58.296,0.9374,0.9378,2.10,1.00
2008.09.16 08:41:58.493,0.9374,0.9378,2.10,2.10
2008.09.16 08:41:58.553,0.9374,0.9378,2.10,2.80
2008.09.16 08:41:58.664,0.9374,0.9378,2.10,1.70
2008.09.16 08:41:58.784,0.9374,0.9378,2.10,1.00
2008.09.16 08:41:58.840,0.9374,0.9378,2.10,2.10
2008.09.16 08:41:58.896,0.9374,0.9377,2.10,1.00
2008.09.16 08:41:59.004,0.93735,0.9377,2.90,1.00
2008.09.16 08:41:59.677,0.93745,0.9377,2.10,1.00
2008.09.16 08:42:00.012,0.93735,0.9377,2.90,1.00
2008.09.16 08:42:00.428,0.9374,0.9377,2.10,1.00
2008.09.16 08:42:01.900,0.93745,0.9377,2.10,1.00
2008.09.16 08:42:02.362,0.9374,0.9377,2.10,1.00
2008.09.16 08:42:03.588,0.9374,0.9377,2.90,1.00
2008.09.16 08:42:03.748,0.93745,0.9377,2.10,1.00
2008.09.16 08:42:04.068,0.93745,0.9378,2.10,1.00
2008.09.16 08:42:04.741,0.9375,0.9379,3.20,1.70
2008.09.16 08:42:04.998,0.9375,0.9379,2.10,5.40
2008.09.16 08:42:05.252,0.9375,0.9379,2.10,6.00
2008.09.16 08:42:05.452,0.9375,0.9378,2.10,1.00
2008.09.16 08:42:05.652,0.93745,0.9378,2.10,1.00
2008.09.16 08:42:05.885,0.93745,0.9378,2.10,2.10
2008.09.16 08:42:06.102,0.9374,0.9377,2.10,1.00
2008.09.16 08:42:06.472,0.9374,0.9378,2.10,1.00
2008.09.16 08:42:06.608,0.93735,0.9378,2.90,1.00
2008.09.16 08:42:06.744,0.93735,0.9378,5.40,4.30
2008.09.16 08:42:06.887,0.93735,0.9378,2.10,6.00
2008.09.16 08:42:07.296,0.93735,0.9378,2.10,2.80
2008.09.16 08:42:07.432,0.93735,0.9378,2.10,1.70
2008.09.16 08:42:07.684,0.9374,0.9378,2.10,1.00
2008.09.16 08:42:08.363,0.9374,0.93775,2.10,1.00
2008.09.16 08:42:08.616,0.9373,0.9377,4.40,1.00
2008.09.16 08:42:08.908,0.9373,0.9377,2.10,1.00
2008.09.16 08:42:09.492,0.9373,0.9377,2.10,2.80
2008.09.16 08:42:09.744,0.9373,0.9377,2.10,1.70
2008.09.16 08:42:09.996,0.9373,0.93775,2.10,1.00
2008.09.16 08:42:10.249,0.93735,0.9378,2.10,4.70
2008.09.16 08:42:10.501,0.93735,0.9378,2.90,1.00
2008.09.16 08:42:10.789,0.9374,0.9378,2.10,1.00
2008.09.16 08:42:10.932,0.9374,0.9378,2.10,2.10
2008.09.16 08:42:11.077,0.9374,0.9378,2.10,2.80
2008.09.16 08:42:11.223,0.93735,0.9378,2.10,2.80
2008.09.16 08:42:11.368,0.93735,0.9377,2.10,1.00
2008.09.16 08:42:11.512,0.9373,0.9377,5.40,1.00
2008.09.16 08:42:11.832,0.93735,0.9377,2.10,1.00
2008.09.16 08:42:12.153,0.9373,0.9377,6.20,1.00
2008.09.16 08:42:13.112,0.9373,0.9377,2.10,1.00
2008.09.16 08:42:14.412,0.9373,0.9377,2.10,2.10
2008.09.16 08:42:14.724,0.9373,0.9377,2.10,2.80
2008.09.16 08:42:15.670,0.9373,0.9377,2.10,2.10
2008.09.16 08:42:15.788,0.9373,0.9377,2.10,1.00
2008.09.16 08:42:17.050,0.9373,0.9376,2.10,1.00
2008.09.16 08:42:17.506,0.9373,0.9377,5.40,2.80
2008.09.16 08:42:18.096,0.93735,0.9377,2.10,2.80
2008.09.16 08:42:18.392,0.9373,0.9377,2.10,1.00
2008.09.16 08:42:18.688,0.9373,0.93765,2.10,1.00
2008.09.16 08:42:18.860,0.9372,0.93765,5.40,1.70
2008.09.16 08:42:19.032,0.9373,0.9376,1.00,1.00
2008.09.16 08:42:19.376,0.9373,0.9377,1.00,1.00
2008.09.16 08:42:19.548,0.9373,0.9377,2.90,1.00
2008.09.16 08:42:19.916,0.9373,0.9376,2.90,1.00
2008.09.16 08:42:20.114,0.9373,0.9376,2.10,1.00
2008.09.16 08:42:20.308,0.93725,0.9376,4.40,1.00
2008.09.16 08:42:20.505,0.93725,0.9376,2.10,1.00
2008.09.16 08:42:20.920,0.9373,0.9376,2.10,1.00
2008.09.16 08:42:21.348,0.93725,0.9376,2.10,1.00
2008.09.16 08:42:21.564,0.9372,0.9376,8.30,1.00
2008.09.16 08:42:21.780,0.9372,0.9376,9.80,1.00
2008.09.16 08:42:21.964,0.9372,0.9376,7.50,1.00
2008.09.16 08:42:22.149,0.93725,0.9376,2.10,1.00
2008.09.16 08:42:22.333,0.93725,0.9376,2.90,1.00
2008.09.16 08:42:22.700,0.9373,0.9376,2.10,1.00
2008.09.16 08:42:22.885,0.9373,0.9376,5.40,1.00
2008.09.16 08:42:23.308,0.9373,0.9376,2.10,1.00
2008.09.16 08:42:26.772,0.9373,0.9376,5.40,1.00
2008.09.16 08:42:27.171,0.9373,0.9377,6.20,1.00
2008.09.16 08:42:27.521,0.93735,0.9377,2.10,1.00
2008.09.16 08:42:27.857,0.9373,0.9377,6.20,1.00
2008.09.16 08:42:28.096,0.93735,0.9377,2.10,1.00
2008.09.16 08:42:30.476,0.93735,0.9377,2.90,1.00
2008.09.16 08:42:30.792,0.93735,0.9377,2.10,1.00
2008.09.16 08:42:31.106,0.93735,0.9377,2.90,1.00
2008.09.16 08:42:31.266,0.93735,0.9378,2.90,1.70
2008.09.16 08:42:31.320,0.9374,0.9378,1.00,1.00
2008.09.16 08:42:31.688,0.93745,0.9378,2.10,1.00
2008.09.16 08:42:32.366,0.9375,0.9378,3.20,1.00
2008.09.16 08:42:32.661,0.9375,0.9379,3.20,1.00
2008.09.16 08:42:32.932,0.9375,0.9379,5.40,2.10
2008.09.16 08:42:33.500,0.9375,0.9379,3.20,2.80
2008.09.16 08:42:33.784,0.9375,0.9378,3.20,1.00
2008.09.16 08:42:42.508,0.93755,0.9378,2.10,1.00
2008.09.16 08:42:42.689,0.93755,0.9379,2.10,1.00
2008.09.16 08:42:44.654,0.93755,0.9378,2.10,1.00
2008.09.16 08:42:45.237,0.9375,0.9378,5.40,1.00
2008.09.16 08:42:48.046,0.9375,0.9378,6.20,1.00
2008.09.16 08:42:50.391,0.9375,0.9379,6.20,1.00
2008.09.16 08:42:50.512,0.93755,0.9379,2.10,1.00
2008.09.16 08:42:50.528,0.93755,0.9379,2.90,1.00
2008.09.16 08:42:51.833,0.9376,0.9379,2.10,1.00
2008.09.16 08:42:52.170,0.93755,0.9379,2.90,1.00
2008.09.16 08:42:57.579,0.9376,0.9379,2.10,1.00
2008.09.16 08:42:57.717,0.93765,0.9379,2.10,1.00
2008.09.16 08:42:57.857,0.93765,0.938,2.10,1.00
2008.09.16 08:42:58.297,0.93765,0.938,2.90,1.00
2008.09.16 08:42:58.576,0.9376,0.938,6.20,1.00
2008.09.16 08:42:58.809,0.93765,0.938,1.00,1.00
2008.09.16 08:42:59.505,0.93765,0.938,2.90,1.00
2008.09.16 08:42:59.737,0.93765,0.9381,2.90,1.00
2008.09.16 08:43:00.040,0.9377,0.9381,2.10,1.00
2008.09.16 08:43:00.192,0.93775,0.9381,2.90,1.00
2008.09.16 08:43:00.268,0.93775,0.9382,2.90,2.80
2008.09.16 08:43:00.422,0.9378,0.9382,1.00,2.10
2008.09.16 08:43:00.496,0.93785,0.9382,1.00,1.00
2008.09.16 08:43:00.572,0.93775,0.9382,2.90,1.00
2008.09.16 08:43:00.649,0.9378,0.9382,4.30,1.00
2008.09.16 08:43:00.989,0.93785,0.9383,2.90,4.00
2008.09.16 08:43:01.325,0.9379,0.9383,2.90,2.10
2008.09.16 08:43:01.662,0.93795,0.93825,4.40,1.00
2008.09.16 08:43:01.916,0.93795,0.9383,2.10,1.70
2008.09.16 08:43:02.176,0.9379,0.9384,3.20,6.00
2008.09.16 08:43:02.436,0.9379,0.9383,1.00,1.00
2008.09.16 08:43:02.693,0.9379,0.9383,2.10,1.00
2008.09.16 08:43:03.412,0.9379,0.9383,2.10,2.80
2008.09.16 08:43:03.652,0.9379,0.93825,2.10,1.00
2008.09.16 08:43:03.892,0.93785,0.93825,2.10,1.70
2008.09.16 08:43:04.572,0.93785,0.9382,2.10,1.00
2008.09.16 08:43:04.912,0.9378,0.9382,2.10,1.00
2008.09.16 08:43:05.044,0.9378,0.9382,2.10,2.10
2008.09.16 08:43:05.187,0.9378,0.9382,2.10,2.80
2008.09.16 08:43:05.324,0.9378,0.9382,2.10,1.00
2008.09.16 08:43:05.460,0.93785,0.9382,2.10,1.00
2008.09.16 08:43:05.596,0.9379,0.9383,5.40,5.80
2008.09.16 08:43:05.732,0.9379,0.9383,5.40,1.70
2008.09.16 08:43:06.060,0.93795,0.9383,2.10,2.80
2008.09.16 08:43:06.388,0.9379,0.9383,2.10,2.80
2008.09.16 08:43:06.716,0.9379,0.9382,2.10,2.80
2008.09.16 08:43:06.960,0.9378,0.9382,2.10,2.80
2008.09.16 08:43:07.204,0.93785,0.9382,2.10,2.10
2008.09.16 08:43:07.448,0.93785,0.9382,2.10,2.80
2008.09.16 08:43:08.282,0.93785,0.9382,2.10,1.70
2008.09.16 08:43:08.459,0.93785,0.9382,2.10,1.00
2008.09.16 08:43:08.628,0.93785,0.9382,2.10,2.80
2008.09.16 08:43:09.092,0.93775,0.9381,4.40,1.00
2008.09.16 08:43:09.360,0.93775,0.9381,2.10,1.00
2008.09.16 08:43:09.629,0.93775,0.938,2.10,1.00
2008.09.16 08:43:10.362,0.93775,0.9381,2.10,1.00
2008.09.16 08:43:12.797,0.9377,0.9381,20.60,1.00
2008.09.16 08:43:12.985,0.9377,0.938,20.60,1.00
2008.09.16 08:43:13.172,0.9377,0.938,16.20,1.70
2008.09.16 08:43:13.360,0.9377,0.938,16.20,1.00
2008.09.16 08:43:14.384,0.9377,0.9378,16.20,1.00
2008.09.16 08:43:15.008,0.9377,0.9379,16.20,1.00
2008.09.16 08:43:15.425,0.9377,0.9379,16.20,1.70
2008.09.16 08:43:15.692,0.9377,0.9379,16.20,1.00
2008.09.16 08:43:15.960,0.9377,0.9379,16.20,2.10
2008.09.16 08:43:16.228,0.9377,0.9379,16.20,1.00
2008.09.16 08:43:22.567,0.9377,0.938,16.20,1.00
2008.09.16 08:43:24.484,0.9377,0.9379,16.20,1.00
2008.09.16 08:43:26.540,0.9377,0.938,16.20,4.00
2008.09.16 08:43:26.888,0.9377,0.938,16.20,1.00
2008.09.16 08:43:27.810,0.9377,0.9379,16.20,1.00
2008.09.16 08:43:28.048,0.9377,0.938,16.20,1.00
2008.09.16 08:43:29.120,0.9377,0.9379,16.20,1.00
2008.09.16 08:43:32.044,0.9377,0.9381,16.20,1.00
2008.09.16 08:43:32.288,0.9377,0.938,16.20,1.00
2008.09.16 08:43:32.779,0.9377,0.938,18.30,1.00
2008.09.16 08:43:33.609,0.9377,0.938,16.20,1.00
2008.09.16 08:43:33.769,0.9377,0.938,16.20,2.10
2008.09.16 08:43:34.112,0.9377,0.9379,16.20,1.00
2008.09.16 08:43:39.109,0.9377,0.9379,16.20,2.10
2008.09.16 08:43:39.249,0.9377,0.9378,16.20,1.00
2008.09.16 08:43:39.808,0.9377,0.9379,16.20,1.00
2008.09.16 08:43:41.136,0.9377,0.9379,16.20,1.70
2008.09.16 08:43:41.396,0.9377,0.9379,16.20,2.80
2008.09.16 08:43:42.176,0.9377,0.9378,16.20,1.00
2008.09.16 08:43:42.728,0.9377,0.9378,16.20,2.10
2008.09.16 08:43:43.004,0.9377,0.9378,16.20,1.70
2008.09.16 08:43:43.280,0.9377,0.9378,16.20,1.00
2008.09.16 08:43:44.216,0.9377,0.93775,16.20,1.80
2008.09.16 08:43:44.492,0.9374,0.9376,17.80,2.10
2008.09.16 08:43:44.768,0.93715,0.9376,9.80,1.70
2008.09.16 08:43:45.044,0.93715,0.9375,7.50,1.00
2008.09.16 08:43:45.320,0.93715,0.9375,5.40,1.00
2008.09.16 08:43:45.520,0.93715,0.9375,7.50,1.00
2008.09.16 08:43:45.720,0.93715,0.9376,7.50,1.00
2008.09.16 08:43:45.920,0.93755,0.9376,16.20,1.00
2008.09.16 08:43:47.340,0.9373,0.9377,20.20,1.00
2008.09.16 08:43:47.780,0.9377,0.93775,16.20,4.20
2008.09.16 08:43:48.001,0.9377,0.93775,16.20,1.30
2008.09.16 08:43:48.222,0.9377,0.93775,16.20,1.00
2008.09.16 08:43:48.444,0.9377,0.93775,16.20,1.70
2008.09.16 08:43:49.078,0.93725,0.93765,2.10,1.00
2008.09.16 08:43:49.396,0.93715,0.9376,2.20,1.00
2008.09.16 08:43:49.772,0.93715,0.9376,2.10,1.00
2008.09.16 08:43:49.960,0.93715,0.9376,2.10,2.10
2008.09.16 08:43:50.148,0.9372,0.9376,7.50,2.80
2008.09.16 08:43:50.338,0.9372,0.9376,2.10,2.80
2008.09.16 08:43:50.704,0.93715,0.9376,2.10,2.80
2008.09.16 08:43:50.887,0.93715,0.9375,2.10,1.00
2008.09.16 08:43:51.504,0.9372,0.9375,2.10,1.00
2008.09.16 08:43:51.984,0.9372,0.9375,5.40,1.00
2008.09.16 08:43:52.464,0.9372,0.9375,3.20,1.00
2008.09.16 08:43:52.804,0.9372,0.9376,5.40,1.00
2008.09.16 08:43:53.144,0.93755,0.9376,16.20,1.00
2008.09.16 08:43:53.484,0.93755,0.9377,16.20,1.00
2008.09.16 08:43:54.525,0.93735,0.93765,17.80,1.00
2008.09.16 08:43:54.610,0.9371,0.93765,4.40,1.70
2008.09.16 08:43:54.692,0.9371,0.93765,2.10,1.70
2008.09.16 08:43:54.948,0.9371,0.9376,2.10,1.00
2008.09.16 08:43:55.671,0.93725,0.93765,2.10,1.00
2008.09.16 08:43:55.808,0.9373,0.93765,2.10,1.00
2008.09.16 08:43:55.898,0.93735,0.93775,1.00,2.90
2008.09.16 08:43:56.100,0.9376,0.93775,16.20,2.90
2008.09.16 08:43:56.384,0.9376,0.93775,16.20,1.80
2008.09.16 08:43:56.452,0.9376,0.93775,16.20,1.00
2008.09.16 08:43:56.909,0.9376,0.9378,16.20,2.80
2008.09.16 08:43:57.251,0.9373,0.9377,17.80,1.00
2008.09.16 08:43:57.594,0.9377,0.9378,16.20,1.00
2008.09.16 08:43:57.751,0.9377,0.9378,16.20,2.10
2008.09.16 08:43:57.918,0.9377,0.9378,16.20,2.80
2008.09.16 08:43:58.079,0.93735,0.9376,17.80,1.00
2008.09.16 08:43:58.716,0.9371,0.9376,2.10,1.00
2008.09.16 08:43:58.995,0.9371,0.9375,2.10,1.00
2008.09.16 08:43:59.276,0.93715,0.9375,2.10,1.00
2008.09.16 08:44:00.077,0.93755,0.93775,16.20,3.10
2008.09.16 08:44:00.397,0.93755,0.9377,16.20,1.00
2008.09.16 08:44:01.528,0.93735,0.93765,17.80,1.00
2008.09.16 08:44:01.984,0.9377,0.93775,16.20,1.00
2008.09.16 08:44:02.369,0.93735,0.9377,17.80,1.00
2008.09.16 08:44:02.744,0.9374,0.9377,17.80,2.10
2008.09.16 08:44:02.932,0.93735,0.9376,17.80,1.00
2008.09.16 08:44:03.400,0.93725,0.9376,2.10,1.00
2008.09.16 08:44:03.556,0.9372,0.9376,2.10,1.00
2008.09.16 08:44:04.500,0.93755,0.9377,16.20,1.00
2008.09.16 08:44:04.720,0.93755,0.9377,16.20,2.10
2008.09.16 08:44:04.940,0.93755,0.9377,16.20,2.80
2008.09.16 08:44:05.616,0.9377,0.93775,16.20,1.70
2008.09.16 08:44:05.844,0.9377,0.9378,16.20,2.80
2008.09.16 08:44:06.072,0.9377,0.93775,16.20,2.60
2008.09.16 08:44:07.436,0.9377,0.93775,16.20,1.00
2008.09.16 08:44:07.720,0.9377,0.9378,16.20,2.10
2008.09.16 08:44:08.011,0.9377,0.9378,16.20,1.00
2008.09.16 08:44:10.552,0.9377,0.9379,16.20,1.00
2008.09.16 08:44:11.986,0.9377,0.9379,16.20,2.10
2008.09.16 08:44:12.268,0.9377,0.93775,16.20,2.10
2008.09.16 08:44:12.512,0.9377,0.93775,16.20,1.00
2008.09.16 08:44:12.756,0.9377,0.9378,16.20,2.80
2008.09.16 08:44:13.000,0.93735,0.9377,17.80,1.00
2008.09.16 08:44:13.246,0.9377,0.93775,16.20,3.70
2008.09.16 08:44:13.536,0.9377,0.93775,16.20,1.80
2008.09.16 08:44:13.824,0.93735,0.9376,17.80,1.00
2008.09.16 08:44:14.420,0.9377,0.9378,16.20,2.90
2008.09.16 08:44:14.782,0.9377,0.9379,16.20,4.00
2008.09.16 08:44:14.905,0.9377,0.9379,16.20,1.80
2008.09.16 08:44:15.025,0.9377,0.9379,16.20,1.00
2008.09.16 08:44:15.669,0.9377,0.93805,16.20,1.70
2008.09.16 08:44:16.241,0.9377,0.938,18.30,1.00
2008.09.16 08:44:16.824,0.9377,0.938,19.10,1.00
2008.09.16 08:44:17.124,0.93775,0.938,2.10,1.00
2008.09.16 08:44:17.424,0.9378,0.938,2.10,1.00
2008.09.16 08:44:17.736,0.93775,0.938,2.10,1.00
2008.09.16 08:44:18.756,0.93775,0.93805,2.10,1.00
2008.09.16 08:44:18.980,0.9377,0.93805,16.20,1.00
2008.09.16 08:44:19.204,0.93775,0.938,2.10,2.10
2008.09.16 08:44:19.428,0.93775,0.93795,2.10,1.00
2008.09.16 08:44:19.673,0.9377,0.9379,16.20,1.00
2008.09.16 08:44:20.176,0.9377,0.9379,16.20,2.80
2008.09.16 08:44:20.345,0.9377,0.9378,16.20,2.10
2008.09.16 08:44:20.681,0.9377,0.93775,16.20,1.00
2008.09.16 08:44:20.976,0.9374,0.9377,21.80,1.00
2008.09.16 08:44:21.272,0.9377,0.9378,16.20,1.00
2008.09.16 08:44:21.864,0.9377,0.93785,16.20,1.70
2008.09.16 08:44:22.154,0.9377,0.93775,16.20,1.00
2008.09.16 08:44:22.744,0.9377,0.9378,16.20,2.80
2008.09.16 08:44:23.220,0.9377,0.9378,16.20,1.00
2008.09.16 08:44:23.400,0.9377,0.93785,16.20,1.00
2008.09.16 08:44:23.593,0.9377,0.93785,16.20,1.70
2008.09.16 08:44:24.292,0.9377,0.93775,16.20,1.00
2008.09.16 08:44:24.632,0.9377,0.9378,16.20,1.00
2008.09.16 08:44:24.973,0.9377,0.9378,16.20,1.00
2008.09.16 08:44:25.132,0.9377,0.93795,16.20,2.50
2008.09.16 08:44:25.292,0.9377,0.93795,16.20,4.00
2008.09.16 08:44:25.452,0.9377,0.93805,16.20,1.00
2008.09.16 08:44:25.612,0.9377,0.93805,16.20,1.70
2008.09.16 08:44:25.932,0.9377,0.93805,16.20,1.00
2008.09.16 08:44:26.272,0.9377,0.9379,16.20,1.00
2008.09.16 08:44:26.612,0.9377,0.9378,16.20,1.70
2008.09.16 08:44:26.952,0.9377,0.9379,16.20,2.80
2008.09.16 08:44:27.448,0.9377,0.93795,16.20,1.00
2008.09.16 08:44:27.696,0.9377,0.93795,16.20,1.70
2008.09.16 08:44:27.944,0.9377,0.9379,16.20,1.70
2008.09.16 08:44:28.203,0.9377,0.9378,16.20,1.00
2008.09.16 08:44:28.452,0.9377,0.9378,16.20,2.80
2008.09.16 08:44:28.700,0.9377,0.93775,16.20,1.70
2008.09.16 08:44:28.949,0.9377,0.93775,16.20,1.80
2008.09.16 08:44:29.598,0.9377,0.9379,16.20,5.80
2008.09.16 08:44:30.248,0.9377,0.9379,16.20,1.00
2008.09.16 08:44:30.496,0.9377,0.93805,16.20,1.70
2008.09.16 08:44:30.744,0.9377,0.938,16.20,1.70
2008.09.16 08:44:30.997,0.9377,0.938,16.20,1.00
2008.09.16 08:44:31.350,0.9377,0.93805,16.20,1.00
2008.09.16 08:44:31.676,0.9377,0.93805,16.20,1.70
2008.09.16 08:44:32.004,0.9377,0.9381,16.20,2.80
2008.09.16 08:44:32.304,0.9377,0.9381,16.20,1.00
2008.09.16 08:44:32.604,0.9377,0.9381,18.30,1.00
2008.09.16 08:44:32.904,0.93775,0.93805,2.10,1.70
2008.09.16 08:44:33.204,0.9377,0.9381,16.20,2.80
2008.09.16 08:44:33.396,0.9377,0.9381,16.20,1.70
2008.09.16 08:44:33.744,0.9377,0.93805,16.20,1.00
2008.09.16 08:44:33.924,0.9377,0.93805,16.20,1.70
2008.09.16 08:44:34.664,0.9377,0.938,16.20,1.70
2008.09.16 08:44:34.944,0.9377,0.938,16.20,2.80
2008.09.16 08:44:35.224,0.9377,0.938,16.20,1.70
2008.09.16 08:44:35.352,0.9377,0.938,16.20,1.00
2008.09.16 08:44:35.479,0.9377,0.93805,16.20,1.00
2008.09.16 08:44:35.735,0.9377,0.9381,16.20,5.80
2008.09.16 08:44:35.991,0.9377,0.9381,16.20,2.80
2008.09.16 08:44:36.644,0.9377,0.938,16.20,1.00
2008.09.16 08:44:37.164,0.9377,0.938,18.30,1.00
2008.09.16 08:44:38.943,0.9377,0.938,16.20,1.00
2008.09.16 08:44:40.242,0.9377,0.93805,16.20,1.00
2008.09.16 08:44:40.282,0.9377,0.9381,16.20,2.80
2008.09.16 08:44:40.567,0.9377,0.9381,17.00,2.10
2008.09.16 08:44:40.685,0.9377,0.9381,17.00,1.00
2008.09.16 08:44:40.719,0.9378,0.9382,2.10,9.00
2008.09.16 08:44:40.787,0.9378,0.9381,2.10,1.00
2008.09.16 08:44:40.911,0.9377,0.9381,18.40,1.00
2008.09.16 08:44:41.027,0.9377,0.93815,21.60,1.70
2008.09.16 08:44:41.132,0.93775,0.93815,2.10,1.70
2008.09.16 08:44:41.474,0.93775,0.93805,2.10,1.00
2008.09.16 08:44:41.819,0.9377,0.9381,21.60,2.80
2008.09.16 08:44:42.159,0.9377,0.9381,21.60,1.00
2008.09.16 08:44:42.500,0.9377,0.9381,21.60,1.00
2008.09.16 08:44:42.668,0.9377,0.9381,21.60,3.20
2008.09.16 08:44:42.835,0.9377,0.938,21.60,4.90
2008.09.16 08:44:43.007,0.9377,0.938,21.60,2.50
2008.09.16 08:44:43.176,0.9377,0.938,21.60,3.60
2008.09.16 08:44:43.344,0.9377,0.938,21.60,2.90
2008.09.16 08:44:43.686,0.9377,0.93795,21.60,1.00
2008.09.16 08:44:43.849,0.9377,0.93795,21.60,1.70
2008.09.16 08:44:44.668,0.9377,0.9379,21.60,1.70
2008.09.16 08:44:44.991,0.9377,0.9379,21.60,1.00
2008.09.16 08:44:45.317,0.9377,0.9379,21.60,4.90
2008.09.16 08:44:45.512,0.9377,0.9379,21.60,6.00
2008.09.16 08:44:45.699,0.9377,0.9379,21.60,9.00
2008.09.16 08:44:47.098,0.9377,0.93785,21.60,1.00
2008.09.16 08:44:47.659,0.9377,0.9378,21.60,1.00
2008.09.16 08:44:48.137,0.9375,0.9377,25.60,1.00
2008.09.16 08:44:51.312,0.9377,0.9378,21.60,1.00
2008.09.16 08:44:51.628,0.9377,0.9379,21.60,1.00
2008.09.16 08:44:51.948,0.9377,0.9378,21.60,1.00
2008.09.16 08:44:52.184,0.9377,0.9378,21.60,1.00
2008.09.16 08:44:52.656,0.9377,0.93775,21.60,1.80
2008.09.16 08:44:56.442,0.9377,0.9378,21.60,1.00
2008.09.16 08:44:58.006,0.9377,0.9378,21.60,3.20
2008.09.16 08:44:58.759,0.9377,0.9379,21.60,6.00
2008.09.16 08:44:58.947,0.9377,0.9379,21.60,2.80
2008.09.16 08:44:59.217,0.9377,0.93785,21.60,1.00
2008.09.16 08:44:59.485,0.9377,0.9378,21.60,1.00
2008.09.16 08:45:00.021,0.9377,0.93785,21.60,4.70
2008.09.16 08:45:00.447,0.9377,0.93785,21.60,1.70
2008.09.16 08:45:00.876,0.9377,0.93785,21.60,1.00
2008.09.16 08:45:00.964,0.9377,0.9379,21.60,5.80
2008.09.16 08:45:01.372,0.9377,0.93785,21.60,1.00
2008.09.16 08:45:02.012,0.9377,0.9379,21.60,6.00
2008.09.16 08:45:02.692,0.9377,0.93785,21.60,1.00
2008.09.16 08:45:02.875,0.9377,0.93785,21.60,1.70
2008.09.16 08:45:03.056,0.9377,0.9378,21.60,1.00
2008.09.16 08:45:03.236,0.9377,0.9378,21.60,4.90
2008.09.16 08:45:03.362,0.9377,0.9378,21.60,6.00
2008.09.16 08:45:03.483,0.9377,0.9378,21.60,4.90
2008.09.16 08:45:03.608,0.9377,0.9378,21.60,1.00
2008.09.16 08:45:03.731,0.9377,0.93785,21.60,1.70
2008.09.16 08:45:04.462,0.9377,0.93785,21.60,1.00
2008.09.16 08:45:04.702,0.9377,0.9379,21.60,1.70
2008.09.16 08:45:06.150,0.9377,0.93785,21.60,1.00
2008.09.16 08:45:06.315,0.9377,0.93785,21.60,1.70
2008.09.16 08:45:06.957,0.9377,0.9378,21.60,1.00
2008.09.16 08:45:07.277,0.9377,0.9378,21.60,5.40
2008.09.16 08:45:08.723,0.9377,0.9378,21.60,1.00
2008.09.16 08:45:08.887,0.9377,0.93785,21.60,1.70
2008.09.16 08:45:09.379,0.9377,0.93785,21.60,1.00
2008.09.16 08:45:09.543,0.9377,0.9379,21.60,5.80
2008.09.16 08:45:09.648,0.9377,0.9379,21.60,4.90
2008.09.16 08:45:09.752,0.9377,0.9379,21.60,2.80
2008.09.16 08:45:10.055,0.9377,0.9378,21.60,3.20
2008.09.16 08:45:10.322,0.9377,0.9379,21.60,2.80
2008.09.16 08:45:11.147,0.9377,0.9379,21.60,1.70
2008.09.16 08:45:11.251,0.9377,0.9379,21.60,1.00
2008.09.16 08:45:11.355,0.9377,0.93795,21.60,4.70
2008.09.16 08:45:11.945,0.9377,0.9379,21.60,3.20
2008.09.16 08:45:12.265,0.9377,0.9379,21.60,4.30
2008.09.16 08:45:12.567,0.9377,0.9379,21.60,5.40
2008.09.16 08:45:12.872,0.9377,0.938,21.60,5.80
2008.09.16 08:45:13.140,0.9377,0.938,21.60,4.00
2008.09.16 08:45:13.675,0.9377,0.938,21.60,2.10
2008.09.16 08:45:13.912,0.9377,0.938,21.60,1.00
2008.09.16 08:45:14.123,0.9377,0.938,21.60,1.70
2008.09.16 08:45:14.347,0.9376,0.93805,5.40,1.00
2008.09.16 08:45:14.571,0.9376,0.9381,6.20,5.80
2008.09.16 08:45:15.241,0.9376,0.938,2.90,1.00
2008.09.16 08:45:15.387,0.93755,0.938,2.10,1.70
2008.09.16 08:45:15.535,0.93755,0.93795,2.10,1.70
2008.09.16 08:45:15.683,0.93755,0.93795,2.10,1.00
2008.09.16 08:45:15.831,0.93755,0.938,2.10,1.70
2008.09.16 08:45:16.151,0.9375,0.938,6.20,1.70
2008.09.16 08:45:16.787,0.93755,0.938,2.10,1.00
2008.09.16 08:45:16.995,0.93755,0.93805,2.90,1.70
2008.09.16 08:45:18.178,0.93755,0.938,2.90,1.00
2008.09.16 08:45:18.395,0.93755,0.93795,2.10,1.00
2008.09.16 08:45:18.615,0.9375,0.93795,10.80,1.70
2008.09.16 08:45:19.103,0.9375,0.93795,8.60,1.70
2008.09.16 08:45:20.119,0.93745,0.9379,2.90,4.90
2008.09.16 08:45:21.181,0.9375,0.9379,2.10,4.90
2008.09.16 08:45:22.820,0.9375,0.9379,5.40,1.70
2008.09.16 08:45:23.347,0.9375,0.9379,2.90,1.00
2008.09.16 08:45:23.655,0.9375,0.93795,2.90,1.70
2008.09.16 08:45:23.737,0.9375,0.9379,2.90,3.20
2008.09.16 08:45:23.893,0.9375,0.9379,2.10,3.90
2008.09.16 08:45:24.060,0.9375,0.9379,2.10,1.00
2008.09.16 08:45:24.219,0.9375,0.9379,1.00,1.00
2008.09.16 08:45:24.299,0.9375,0.9379,2.90,1.00
2008.09.16 08:45:25.328,0.93745,0.9378,5.40,1.00
2008.09.16 08:45:25.563,0.93745,0.9378,2.90,1.00
2008.09.16 08:45:25.800,0.93745,0.9379,2.90,1.70
2008.09.16 08:45:26.036,0.93755,0.9379,1.00,1.00
2008.09.16 08:45:26.271,0.93755,0.938,1.00,5.10
2008.09.16 08:45:26.539,0.93755,0.9379,2.10,1.70
2008.09.16 08:45:26.808,0.9375,0.9378,2.20,1.00
2008.09.16 08:45:27.075,0.93745,0.9378,2.90,1.00
2008.09.16 08:45:27.343,0.9375,0.9378,2.10,1.00
2008.09.16 08:45:28.187,0.9375,0.9379,2.10,4.30
2008.09.16 08:45:28.471,0.93755,0.9379,2.10,4.30
2008.09.16 08:45:28.671,0.93755,0.938,2.10,6.80
2008.09.16 08:45:28.871,0.93755,0.938,2.10,6.00
2008.09.16 08:45:29.071,0.93755,0.93795,2.10,1.70
2008.09.16 08:45:29.467,0.93755,0.93785,2.10,1.00
2008.09.16 08:45:29.711,0.9375,0.93785,2.10,1.00
2008.09.16 08:45:30.195,0.9375,0.9379,2.10,2.80
2008.09.16 08:45:30.439,0.93745,0.9379,2.10,2.80
2008.09.16 08:45:30.643,0.93745,0.9379,2.90,4.30
2008.09.16 08:45:30.848,0.93745,0.9377,1.00,1.00
2008.09.16 08:45:31.051,0.9374,0.9377,7.50,1.00
2008.09.16 08:45:31.255,0.9374,0.9377,8.30,1.00
2008.09.16 08:45:31.459,0.9374,0.9377,7.50,1.00
2008.09.16 08:45:31.799,0.9374,0.9377,5.40,1.00
2008.09.16 08:45:32.139,0.9374,0.9376,5.40,1.00
2008.09.16 08:45:32.479,0.9374,0.9376,6.20,1.00
2008.09.16 08:45:32.727,0.9374,0.9376,8.30,1.00
2008.09.16 08:45:32.975,0.9374,0.9377,7.50,1.00
2008.09.16 08:45:33.223,0.9375,0.9377,2.10,1.00
2008.09.16 08:45:33.472,0.9374,0.9377,7.60,1.00
2008.09.16 08:45:33.755,0.9374,0.9377,5.40,1.00
2008.09.16 08:45:34.767,0.9374,0.9377,5.40,5.40
2008.09.16 08:45:34.927,0.9374,0.9376,5.40,1.00
2008.09.16 08:45:35.975,0.9374,0.9377,5.40,1.70
2008.09.16 08:45:36.111,0.9374,0.9377,5.40,1.00
2008.09.16 08:45:37.039,0.9374,0.9377,5.40,5.40
2008.09.16 08:45:37.255,0.9374,0.9377,5.40,2.80
2008.09.16 08:45:37.683,0.9374,0.9376,5.40,1.00
2008.09.16 08:45:38.012,0.9374,0.93755,5.40,1.00
2008.09.16 08:45:38.340,0.9372,0.9374,7.10,1.00
2008.09.16 08:45:38.876,0.9374,0.9376,5.40,1.00
2008.09.16 08:45:40.108,0.9374,0.93745,5.40,1.80
2008.09.16 08:45:41.587,0.9374,0.9375,5.40,1.00
2008.09.16 08:45:42.696,0.9374,0.9376,5.40,1.00
2008.09.16 08:45:43.784,0.9374,0.9375,5.40,1.00
2008.09.16 08:45:47.260,0.9374,0.9376,5.40,2.80
2008.09.16 08:45:48.358,0.9374,0.93755,5.40,1.00
2008.09.16 08:45:48.679,0.9374,0.93765,5.40,1.70
2008.09.16 08:45:48.807,0.9374,0.93765,5.40,3.90
2008.09.16 08:45:48.931,0.9374,0.93765,5.40,4.70
2008.09.16 08:45:48.996,0.9374,0.9376,5.40,1.00
2008.09.16 08:45:49.643,0.9374,0.9377,5.40,5.80
2008.09.16 08:45:49.984,0.9374,0.9377,5.40,2.80
2008.09.16 08:45:51.095,0.9374,0.93765,5.40,1.70
2008.09.16 08:45:52.669,0.9374,0.9376,5.40,1.00
2008.09.16 08:45:52.827,0.9374,0.9376,5.40,2.80
2008.09.16 08:45:53.635,0.9374,0.9376,5.40,1.70
2008.09.16 08:45:53.785,0.9374,0.9376,5.40,1.00
2008.09.16 08:46:00.455,0.9374,0.9376,5.40,2.10
2008.09.16 08:46:00.673,0.9374,0.9376,5.40,2.80
2008.09.16 08:46:00.756,0.9374,0.9376,5.40,1.00
2008.09.16 08:46:02.347,0.9374,0.93765,5.40,1.00
2008.09.16 08:46:02.595,0.9374,0.93765,5.40,2.90
2008.09.16 08:46:02.846,0.9374,0.9377,5.40,5.80
2008.09.16 08:46:03.048,0.9374,0.9377,5.40,3.60
2008.09.16 08:46:03.251,0.9374,0.93765,5.40,1.00
2008.09.16 08:46:03.455,0.9374,0.93765,5.40,1.70
2008.09.16 08:46:04.868,0.9374,0.93775,5.40,4.70
2008.09.16 08:46:05.023,0.9374,0.9377,5.40,1.00
2008.09.16 08:46:05.180,0.9374,0.9377,5.40,1.70
2008.09.16 08:46:06.351,0.9374,0.9377,5.40,2.80
2008.09.16 08:46:07.587,0.9374,0.93765,5.40,1.70
2008.09.16 08:46:07.871,0.9374,0.9376,5.40,1.00
2008.09.16 08:46:13.635,0.9374,0.9377,5.40,1.00
2008.09.16 08:46:14.851,0.9374,0.9378,6.20,1.00
2008.09.16 08:46:15.077,0.9374,0.9378,5.40,1.00
2008.09.16 08:46:15.300,0.9374,0.9378,6.20,1.00
2008.09.16 08:46:15.747,0.9374,0.9378,6.20,4.30
2008.09.16 08:46:15.935,0.9374,0.9378,5.40,5.40
2008.09.16 08:46:16.123,0.9374,0.9378,5.40,2.10
2008.09.16 08:46:16.311,0.9374,0.9378,5.40,1.00
2008.09.16 08:46:16.499,0.9374,0.9378,6.20,5.10
2008.09.16 08:46:16.687,0.9374,0.93775,5.40,1.00
2008.09.16 08:46:16.967,0.9374,0.9377,5.40,1.00
2008.09.16 08:46:19.023,0.9374,0.9377,6.20,1.00
2008.09.16 08:46:19.388,0.9374,0.9377,5.40,1.00
2008.09.16 08:46:19.572,0.9374,0.9377,6.20,1.00
2008.09.16 08:46:21.241,0.9374,0.9377,5.40,1.00
2008.09.16 08:46:21.779,0.9374,0.9377,6.20,1.00
2008.09.16 08:46:26.323,0.9374,0.9376,5.40,1.00
2008.09.16 08:46:26.661,0.9374,0.9377,6.20,1.00
2008.09.16 08:46:30.776,0.9374,0.9377,8.30,1.00
2008.09.16 08:46:30.883,0.9374,0.9377,7.50,1.00
2008.09.16 08:46:30.939,0.9374,0.9378,7.50,1.00
2008.09.16 08:46:30.995,0.9374,0.9378,5.40,1.00
2008.09.16 08:46:31.051,0.9375,0.9378,1.00,1.00
2008.09.16 08:46:33.823,0.9375,0.9377,1.00,1.00
2008.09.16 08:46:33.987,0.93745,0.9377,2.10,1.00
2008.09.16 08:46:34.151,0.9375,0.9377,1.00,1.00
2008.09.16 08:46:34.579,0.9375,0.9378,2.90,1.00
2008.09.16 08:46:34.856,0.93755,0.9378,1.00,1.00
2008.09.16 08:46:35.791,0.9375,0.9378,2.90,1.00
2008.09.16 08:46:35.935,0.9375,0.9378,1.00,1.00
2008.09.16 08:46:36.359,0.9375,0.9377,2.90,1.00
2008.09.16 08:46:36.840,0.9375,0.9379,2.90,1.00
2008.09.16 08:46:37.167,0.93765,0.9379,1.00,1.80
2008.09.16 08:46:37.495,0.93755,0.9379,2.90,1.00
2008.09.16 08:46:37.752,0.93755,0.9379,2.10,1.00
2008.09.16 08:46:38.008,0.93755,0.9378,1.00,1.00
2008.09.16 08:46:38.687,0.9375,0.9378,1.00,1.00
2008.09.16 08:46:38.863,0.93755,0.9378,1.00,1.00
2008.09.16 08:46:39.039,0.9376,0.9378,3.20,1.00
2008.09.16 08:46:39.215,0.93765,0.9378,1.00,1.00
2008.09.16 08:46:39.391,0.9376,0.938,1.00,1.00
2008.09.16 08:46:39.567,0.9376,0.938,4.00,1.00
2008.09.16 08:46:39.883,0.93755,0.938,2.90,1.00
2008.09.16 08:46:40.199,0.9376,0.938,1.00,1.00
2008.09.16 08:46:40.515,0.9377,0.938,1.00,1.00
2008.09.16 08:46:42.195,0.93765,0.938,1.00,1.00
2008.09.16 08:46:42.451,0.9376,0.938,6.20,1.00
2008.09.16 08:46:42.707,0.93765,0.938,1.00,1.00
2008.09.16 08:46:44.824,0.9376,0.938,6.20,1.00
2008.09.16 08:46:44.870,0.9376,0.938,4.00,1.00
2008.09.16 08:46:45.071,0.9376,0.938,1.00,1.00
2008.09.16 08:46:45.209,0.9376,0.938,1.00,2.10
2008.09.16 08:46:45.251,0.93755,0.9378,2.10,1.00
2008.09.16 08:46:45.514,0.9376,0.9378,3.20,1.00
2008.09.16 08:46:45.561,0.9376,0.9378,5.40,1.00
2008.09.16 08:46:45.603,0.93765,0.9378,1.00,1.00
2008.09.16 08:46:45.783,0.9376,0.9378,2.90,1.00
2008.09.16 08:46:46.123,0.9376,0.938,1.00,1.00
2008.09.16 08:46:46.482,0.9376,0.9379,2.10,1.00
2008.09.16 08:46:46.819,0.9376,0.9378,2.10,1.00
2008.09.16 08:46:47.491,0.93755,0.9379,1.00,1.00
2008.09.16 08:46:48.460,0.93755,0.9379,2.90,1.00
2008.09.16 08:46:48.783,0.93755,0.9379,2.10,1.00
2008.09.16 08:46:48.868,0.9375,0.9379,2.90,1.00
2008.09.16 08:46:49.051,0.9375,0.9379,2.90,2.10
2008.09.16 08:46:49.235,0.9375,0.9378,1.00,1.00
2008.09.16 08:46:49.419,0.93745,0.9378,2.10,1.00
2008.09.16 08:46:49.783,0.9374,0.9378,19.10,1.00
2008.09.16 08:46:52.499,0.93745,0.9378,2.10,1.00
2008.09.16 08:46:53.031,0.93745,0.9378,2.90,1.00
2008.09.16 08:46:53.301,0.9375,0.9378,2.10,1.00
2008.09.16 08:46:54.692,0.9375,0.9378,5.40,1.00
2008.09.16 08:46:54.896,0.93755,0.9378,1.00,1.00
2008.09.16 08:46:55.208,0.93755,0.9379,1.00,4.00
2008.09.16 08:46:56.451,0.9376,0.9379,1.00,4.00
2008.09.16 08:46:56.677,0.93765,0.9379,2.90,4.00
2008.09.16 08:46:56.899,0.93765,0.9379,2.10,4.00
2008.09.16 08:46:57.123,0.93765,0.9379,2.10,2.90
2008.09.16 08:46:57.347,0.9376,0.9379,7.50,2.90
2008.09.16 08:46:57.687,0.9376,0.9379,5.40,4.00
2008.09.16 08:46:58.027,0.9376,0.9379,1.00,4.00
2008.09.16 08:46:58.367,0.93755,0.9379,2.90,4.00
2008.09.16 08:46:58.491,0.93755,0.9379,1.00,4.00
2008.09.16 08:46:58.615,0.9375,0.9379,2.10,7.20
2008.09.16 08:46:58.739,0.9376,0.9379,3.20,4.00
2008.09.16 08:46:58.983,0.9376,0.9379,4.00,4.00
2008.09.16 08:46:59.108,0.93755,0.9379,2.10,4.00
2008.09.16 08:46:59.567,0.9375,0.9379,2.90,4.00
2008.09.16 08:46:59.907,0.9375,0.9379,6.20,4.00
2008.09.16 08:47:00.248,0.93755,0.9379,1.00,4.00
2008.09.16 08:47:00.376,0.9375,0.9379,6.20,1.80
2008.09.16 08:47:00.515,0.9375,0.9379,2.90,4.30
2008.09.16 08:47:00.644,0.9375,0.9379,2.10,4.30
2008.09.16 08:47:01.035,0.9375,0.9378,2.10,1.00
2008.09.16 08:47:01.333,0.9375,0.9378,5.40,1.00
2008.09.16 08:47:01.959,0.9375,0.9378,2.10,1.00
2008.09.16 08:47:03.003,0.93755,0.9379,2.10,4.30
2008.09.16 08:47:03.227,0.93755,0.9379,2.10,1.00
2008.09.16 08:47:04.377,0.9375,0.93785,2.90,1.00
2008.09.16 08:47:04.672,0.9375,0.9377,2.10,1.00
2008.09.16 08:47:04.968,0.9375,0.9377,3.20,1.00
2008.09.16 08:47:05.264,0.9376,0.9379,2.20,1.00
2008.09.16 08:47:05.704,0.93755,0.9378,2.10,1.00
2008.09.16 08:47:06.267,0.9375,0.9378,4.40,1.00
2008.09.16 08:47:06.647,0.9375,0.9379,2.90,1.00
2008.09.16 08:47:06.887,0.9375,0.9378,2.10,1.70
2008.09.16 08:47:07.127,0.9376,0.9378,2.10,1.00
2008.09.16 08:47:07.607,0.9376,0.9379,2.10,1.00
2008.09.16 08:47:07.949,0.9375,0.9379,2.10,2.80
2008.09.16 08:47:08.287,0.9375,0.9378,2.10,1.00
2008.09.16 08:47:08.629,0.9376,0.938,1.00,4.00
2008.09.16 08:47:08.842,0.9376,0.938,2.90,4.00
2008.09.16 08:47:08.947,0.9376,0.938,2.90,5.10
2008.09.16 08:47:09.055,0.9376,0.938,2.90,8.30
2008.09.16 08:47:09.158,0.9376,0.938,2.10,9.00
2008.09.16 08:47:09.363,0.9376,0.93795,2.10,1.00
2008.09.16 08:47:09.468,0.9376,0.9379,2.10,1.00
2008.09.16 08:47:09.918,0.9375,0.9379,2.90,1.00
2008.09.16 08:47:10.185,0.9375,0.9379,2.10,1.00
2008.09.16 08:47:10.449,0.9375,0.9378,6.20,1.00
2008.09.16 08:47:10.712,0.93755,0.9378,2.10,1.00
2008.09.16 08:47:11.075,0.9375,0.9378,2.10,1.00
2008.09.16 08:47:11.259,0.93745,0.9378,2.90,1.00
2008.09.16 08:47:11.803,0.93745,0.9378,4.40,1.00
2008.09.16 08:47:12.012,0.93745,0.9378,2.10,1.00
2008.09.16 08:47:12.423,0.93745,0.9378,5.40,1.00
2008.09.16 08:47:12.632,0.9375,0.9378,2.10,1.00
2008.09.16 08:47:13.155,0.93745,0.9378,2.90,1.00
2008.09.16 08:47:13.472,0.9375,0.9378,2.10,1.00
2008.09.16 08:47:13.971,0.9375,0.9378,4.40,1.00
2008.09.16 08:47:14.515,0.93745,0.9378,2.10,1.00
2008.09.16 08:47:14.872,0.9375,0.9378,2.10,1.00
2008.09.16 08:47:15.442,0.93745,0.9378,2.10,1.00
2008.09.16 08:47:15.918,0.9375,0.9378,2.10,1.00
2008.09.16 08:47:15.991,0.93745,0.9378,2.10,1.00
2008.09.16 08:47:16.499,0.9375,0.9378,2.10,1.00
2008.09.16 08:47:17.419,0.93745,0.9378,2.90,1.00
2008.09.16 08:47:17.582,0.9375,0.9378,2.10,1.00
2008.09.16 08:47:18.597,0.9375,0.9379,2.90,1.00
2008.09.16 08:47:18.798,0.9375,0.9379,2.10,2.10
2008.09.16 08:47:18.903,0.9375,0.9378,2.10,1.00
2008.09.16 08:47:19.107,0.93745,0.9378,2.10,1.00
2008.09.16 08:47:19.815,0.93745,0.9378,2.90,1.00
2008.09.16 08:47:19.919,0.9375,0.9378,2.10,1.00
2008.09.16 08:47:20.119,0.9375,0.9379,2.10,1.00
2008.09.16 08:47:20.319,0.9375,0.9379,2.90,1.00
2008.09.16 08:47:20.715,0.93745,0.9379,2.90,4.30
2008.09.16 08:47:20.914,0.93745,0.9379,2.90,5.40
2008.09.16 08:47:21.037,0.93745,0.9378,2.90,1.00
2008.09.16 08:47:21.155,0.93745,0.9378,2.10,1.00
2008.09.16 08:47:21.507,0.9374,0.9378,35.30,1.00
2008.09.16 08:47:21.811,0.93745,0.9378,1.00,1.00
2008.09.16 08:47:22.268,0.93745,0.9378,2.90,1.00
2008.09.16 08:47:22.963,0.9375,0.9378,3.20,1.00
2008.09.16 08:47:23.155,0.9375,0.9378,6.20,1.00
2008.09.16 08:47:23.544,0.9375,0.9378,2.10,1.00
2008.09.16 08:47:24.591,0.9375,0.9378,5.40,1.00
2008.09.16 08:47:24.740,0.9375,0.9378,6.20,1.00
2008.09.16 08:47:25.030,0.9375,0.9378,4.00,1.00
2008.09.16 08:47:25.271,0.9375,0.9378,6.20,1.00
2008.09.16 08:47:26.656,0.93755,0.9378,1.00,1.00
2008.09.16 08:47:26.831,0.9376,0.9378,2.10,1.00
2008.09.16 08:47:27.352,0.93765,0.9378,1.00,1.00
2008.09.16 08:47:27.611,0.9376,0.9378,1.00,1.00
2008.09.16 08:47:27.871,0.93755,0.9379,2.90,1.00
2008.09.16 08:47:28.130,0.93755,0.938,2.90,2.80
2008.09.16 08:47:28.646,0.93755,0.938,2.90,1.00
2008.09.16 08:47:28.855,0.93755,0.938,1.00,1.00
2008.09.16 08:47:29.470,0.93755,0.938,1.00,5.10
2008.09.16 08:47:29.679,0.9375,0.93795,2.90,1.00
2008.09.16 08:47:30.075,0.9375,0.9379,2.90,1.00
2008.09.16 08:47:30.275,0.9375,0.9379,2.10,1.00
2008.09.16 08:47:30.476,0.9375,0.9379,2.10,2.10
2008.09.16 08:47:30.675,0.93745,0.9378,2.90,1.00
2008.09.16 08:47:30.792,0.93745,0.9378,2.10,1.00
2008.09.16 08:47:30.987,0.9374,0.9378,2.90,1.00
2008.09.16 08:47:31.977,0.93745,0.9378,2.10,1.00
2008.09.16 08:47:32.387,0.93745,0.9378,2.90,1.00
2008.09.16 08:47:32.595,0.93745,0.9378,2.10,1.00
2008.09.16 08:47:32.803,0.9375,0.9379,1.00,1.00
2008.09.16 08:47:33.077,0.9375,0.9379,4.00,1.00
2008.09.16 08:47:33.339,0.9375,0.9379,1.00,1.00
2008.09.16 08:47:34.066,0.9375,0.9379,2.90,1.00
2008.09.16 08:47:34.271,0.9375,0.9379,1.00,1.00
2008.09.16 08:47:34.475,0.9375,0.9379,1.00,2.10
2008.09.16 08:47:34.679,0.93745,0.9377,2.10,1.00
2008.09.16 08:47:35.175,0.93755,0.9379,1.00,1.00
2008.09.16 08:47:35.472,0.9375,0.9379,2.10,1.00
2008.09.16 08:47:35.783,0.93755,0.9379,2.10,1.00
2008.09.16 08:47:36.079,0.9376,0.9379,3.20,1.00
2008.09.16 08:47:36.410,0.93755,0.9379,2.90,1.00
2008.09.16 08:47:36.735,0.93765,0.9379,2.90,1.00
2008.09.16 08:47:36.899,0.93765,0.938,2.90,1.00
2008.09.16 08:47:37.911,0.9376,0.938,6.20,1.00
2008.09.16 08:47:38.127,0.9376,0.938,2.10,1.00
2008.09.16 08:47:38.343,0.9376,0.938,5.40,1.00
2008.09.16 08:47:38.559,0.9376,0.938,2.10,1.00
2008.09.16 08:47:38.987,0.9376,0.93805,5.40,1.00
2008.09.16 08:47:39.211,0.9377,0.93805,1.00,1.00
2008.09.16 08:47:39.436,0.9376,0.9379,7.50,1.00
2008.09.16 08:47:39.659,0.9376,0.9379,8.30,1.00
2008.09.16 08:47:39.883,0.9376,0.9379,6.20,1.00
2008.09.16 08:47:40.107,0.9376,0.938,6.20,1.00
2008.09.16 08:47:41.075,0.93765,0.938,2.10,1.00
2008.09.16 08:47:41.415,0.9376,0.938,6.20,1.00
2008.09.16 08:47:42.090,0.93765,0.938,2.10,1.00
2008.09.16 08:47:43.329,0.9377,0.938,2.90,1.00
2008.09.16 08:47:43.572,0.9377,0.938,2.10,1.00
2008.09.16 08:47:44.171,0.9378,0.938,3.20,1.00
2008.09.16 08:47:44.331,0.9378,0.9381,5.40,1.00
2008.09.16 08:47:44.648,0.9378,0.9381,6.20,1.00
2008.09.16 08:47:44.806,0.9378,0.9382,6.20,1.00
2008.09.16 08:47:44.968,0.93785,0.9382,2.10,1.00
2008.09.16 08:47:45.127,0.9379,0.9382,1.00,1.00
2008.09.16 08:47:45.427,0.93785,0.9382,2.10,1.00
2008.09.16 08:47:45.710,0.9378,0.9382,6.20,1.00
2008.09.16 08:47:48.923,0.9378,0.9382,5.40,1.00
2008.09.16 08:47:49.935,0.9379,0.9382,2.10,1.00
2008.09.16 08:47:50.611,0.9378,0.9381,6.20,1.00
2008.09.16 08:47:51.011,0.93785,0.9381,2.10,1.00
2008.09.16 08:47:51.703,0.9378,0.9381,5.40,1.00
2008.09.16 08:47:52.939,0.9378,0.9381,6.20,1.00
2008.09.16 08:47:53.179,0.93775,0.938,2.90,1.00
2008.09.16 08:47:53.421,0.9378,0.938,2.10,1.00
2008.09.16 08:47:53.660,0.9378,0.9381,2.10,1.00
2008.09.16 08:47:54.337,0.93785,0.9381,2.10,1.00
2008.09.16 08:47:54.787,0.9378,0.9381,2.10,1.00
2008.09.16 08:47:55.354,0.9378,0.9381,5.40,1.00
2008.09.16 08:47:55.470,0.9378,0.9382,3.20,1.70
2008.09.16 08:47:55.586,0.9378,0.9382,5.40,1.70
2008.09.16 08:47:55.702,0.9378,0.9382,6.20,1.00
2008.09.16 08:47:56.131,0.9378,0.9381,1.00,1.00
2008.09.16 08:47:56.359,0.9378,0.9381,3.20,1.00
2008.09.16 08:47:57.071,0.9378,0.9381,4.00,1.00
2008.09.16 08:47:57.842,0.9378,0.9381,3.20,1.00
2008.09.16 08:47:58.387,0.9378,0.9382,4.00,1.00
2008.09.16 08:47:58.675,0.9378,0.9382,6.20,1.00
2008.09.16 08:47:59.203,0.9378,0.9382,2.90,1.00
2008.09.16 08:47:59.700,0.93775,0.9382,2.90,1.00
2008.09.16 08:47:59.931,0.93775,0.9381,2.90,1.00
2008.09.16 08:48:01.452,0.9378,0.9381,2.10,1.00
2008.09.16 08:48:02.231,0.93775,0.9381,2.90,1.00
2008.09.16 08:48:02.531,0.93785,0.9381,2.10,1.00
2008.09.16 08:48:02.831,0.93785,0.9382,2.10,1.00
2008.09.16 08:48:03.132,0.9378,0.9382,3.20,1.00
2008.09.16 08:48:04.436,0.9378,0.9382,4.00,1.00
2008.09.16 08:48:04.862,0.9378,0.9382,3.20,1.00
2008.09.16 08:48:05.078,0.9378,0.9382,4.00,1.00
2008.09.16 08:48:05.281,0.9378,0.9382,3.20,1.00
2008.09.16 08:48:06.148,0.9378,0.9382,4.00,1.00
2008.09.16 08:48:08.448,0.9378,0.9382,1.00,1.00
2008.09.16 08:48:08.631,0.93785,0.9382,1.00,1.00
2008.09.16 08:48:09.175,0.9378,0.9382,6.20,1.00
2008.09.16 08:48:10.414,0.93785,0.9382,1.00,1.00
2008.09.16 08:48:10.756,0.9379,0.9382,1.00,1.00
2008.09.16 08:48:10.908,0.9379,0.9382,2.90,1.00
2008.09.16 08:48:11.782,0.9379,0.9382,1.00,1.00
2008.09.16 08:48:12.967,0.93785,0.9382,2.90,1.00
2008.09.16 08:48:15.387,0.93785,0.9382,1.00,1.00
2008.09.16 08:48:15.654,0.93785,0.9382,2.90,1.00
2008.09.16 08:48:16.154,0.9379,0.9382,2.10,1.00
2008.09.16 08:48:20.231,0.9379,0.9382,2.90,1.00
2008.09.16 08:48:20.526,0.93795,0.9382,2.10,1.00
2008.09.16 08:48:21.622,0.93785,0.9382,2.10,1.00
2008.09.16 08:48:22.270,0.93785,0.9382,2.90,1.00
2008.09.16 08:48:22.594,0.93785,0.9382,1.00,1.00
2008.09.16 08:48:23.096,0.9379,0.9382,2.10,1.00
2008.09.16 08:48:24.264,0.93785,0.9382,5.40,1.00
2008.09.16 08:48:24.431,0.93785,0.9382,2.10,1.00
2008.09.16 08:48:24.858,0.93785,0.9382,2.90,1.00
2008.09.16 08:48:27.654,0.93785,0.9381,2.90,1.00
2008.09.16 08:48:27.796,0.9378,0.9381,3.20,1.00
2008.09.16 08:48:28.070,0.93775,0.9381,2.10,1.00
2008.09.16 08:48:29.655,0.9378,0.9381,3.20,1.00
2008.09.16 08:48:31.627,0.9378,0.9381,5.40,1.00
2008.09.16 08:48:34.543,0.9378,0.9381,2.10,1.00
2008.09.16 08:48:35.207,0.93775,0.9381,2.10,1.00
2008.09.16 08:48:36.721,0.9378,0.9381,3.20,1.00
2008.09.16 08:48:37.702,0.9378,0.9381,5.40,1.00
2008.09.16 08:48:38.006,0.9378,0.9381,5.40,2.10
2008.09.16 08:48:38.312,0.9378,0.9381,3.20,1.00
2008.09.16 08:48:38.915,0.9377,0.938,18.40,1.00
2008.09.16 08:48:39.458,0.9377,0.938,16.20,1.00
2008.09.16 08:48:39.826,0.9377,0.938,17.00,1.00
2008.09.16 08:48:39.931,0.9377,0.938,19.10,1.00
2008.09.16 08:48:40.143,0.9377,0.938,21.60,1.00
2008.09.16 08:48:40.902,0.9377,0.938,19.10,1.00
2008.09.16 08:48:41.245,0.9377,0.938,16.20,1.00
2008.09.16 08:48:41.362,0.9377,0.938,16.20,2.10
2008.09.16 08:48:41.720,0.9377,0.938,18.40,2.80
2008.09.16 08:48:41.958,0.9377,0.938,16.20,2.80
2008.09.16 08:48:42.303,0.9377,0.938,18.40,2.80
2008.09.16 08:48:42.629,0.9377,0.9379,16.20,1.00
2008.09.16 08:48:43.279,0.9377,0.938,16.20,1.70
2008.09.16 08:48:43.483,0.9377,0.938,16.20,1.00
2008.09.16 08:48:44.751,0.9377,0.938,17.00,1.00
2008.09.16 08:48:44.974,0.9377,0.9381,17.00,4.00
2008.09.16 08:48:45.198,0.9377,0.9381,17.00,1.80
2008.09.16 08:48:45.325,0.9377,0.9381,17.00,1.00
2008.09.16 08:48:45.446,0.93775,0.9381,1.00,1.00
2008.09.16 08:48:46.683,0.93775,0.9382,1.00,5.10
2008.09.16 08:48:46.984,0.9378,0.9382,1.00,4.00
2008.09.16 08:48:47.283,0.93775,0.9381,2.90,1.00
2008.09.16 08:48:47.503,0.9378,0.9381,3.20,1.00
2008.09.16 08:48:48.506,0.9377,0.9381,2.90,1.00
2008.09.16 08:48:49.185,0.9378,0.9381,5.40,1.00
2008.09.16 08:48:50.971,0.9378,0.9381,3.20,1.00
2008.09.16 08:48:51.539,0.9378,0.9381,5.40,1.00
2008.09.16 08:48:52.299,0.9378,0.9381,3.20,1.00
2008.09.16 08:48:52.532,0.93775,0.9381,1.00,1.00
2008.09.16 08:48:52.751,0.93775,0.938,1.00,1.00
2008.09.16 08:48:52.970,0.9378,0.938,3.20,1.00
2008.09.16 08:48:53.697,0.9378,0.9381,5.40,1.00
2008.09.16 08:48:54.642,0.9378,0.9381,3.20,1.00
2008.09.16 08:48:55.447,0.9378,0.938,2.10,1.00
2008.09.16 08:48:55.770,0.93775,0.938,2.90,1.00
2008.09.16 08:48:56.129,0.93775,0.938,1.00,1.00
2008.09.16 08:48:56.806,0.93775,0.938,2.90,1.00
2008.09.16 08:48:57.698,0.9377,0.938,2.10,1.00
2008.09.16 08:48:57.946,0.9378,0.938,3.20,1.00
2008.09.16 08:48:58.202,0.9377,0.9381,2.90,1.00
2008.09.16 08:48:58.450,0.9378,0.9381,5.40,1.00
2008.09.16 08:49:00.493,0.9378,0.9381,3.20,1.00
2008.09.16 08:49:01.246,0.9378,0.938,3.20,1.00
2008.09.16 08:49:01.450,0.9377,0.938,2.20,1.00
2008.09.16 08:49:01.654,0.93765,0.938,4.40,1.00
2008.09.16 08:49:01.859,0.93765,0.938,2.10,1.00
2008.09.16 08:49:02.042,0.9378,0.938,3.20,1.00
2008.09.16 08:49:02.766,0.93775,0.938,2.10,1.00
2008.09.16 08:49:03.624,0.9377,0.938,2.10,1.00
2008.09.16 08:49:04.102,0.93775,0.938,2.10,1.00
2008.09.16 08:49:04.816,0.9377,0.9381,2.10,1.00
2008.09.16 08:49:05.059,0.9377,0.9381,2.90,1.00
2008.09.16 08:49:05.975,0.9377,0.9381,2.90,2.10
2008.09.16 08:49:06.078,0.9377,0.9381,2.10,2.10
2008.09.16 08:49:06.282,0.9377,0.9381,2.10,2.80
2008.09.16 08:49:06.386,0.93765,0.9381,2.10,1.70
2008.09.16 08:49:06.590,0.93765,0.9381,2.90,1.00
2008.09.16 08:49:07.351,0.9377,0.938,2.10,1.00
2008.09.16 08:49:08.027,0.93765,0.938,2.90,1.00
2008.09.16 08:49:09.612,0.9376,0.938,10.80,1.00
2008.09.16 08:49:09.735,0.9376,0.938,2.90,4.00
2008.09.16 08:49:09.862,0.93755,0.938,1.00,4.00
2008.09.16 08:49:10.114,0.9376,0.938,6.20,4.00
2008.09.16 08:49:10.242,0.9376,0.9379,3.20,1.00
2008.09.16 08:49:10.726,0.93755,0.9379,1.00,1.00
2008.09.16 08:49:10.890,0.9376,0.9379,3.20,1.00
2008.09.16 08:49:11.054,0.9376,0.9379,6.20,1.00
2008.09.16 08:49:11.378,0.93765,0.9379,2.10,1.00
2008.09.16 08:49:11.642,0.93765,0.938,2.90,1.00
2008.09.16 08:49:11.906,0.93765,0.938,2.10,1.00
2008.09.16 08:49:12.586,0.9376,0.938,5.10,1.00
2008.09.16 08:49:12.902,0.9376,0.938,2.10,1.00
2008.09.16 08:49:13.218,0.9376,0.93795,2.10,1.00
2008.09.16 08:49:13.534,0.9376,0.9379,2.10,1.00
2008.09.16 08:49:13.758,0.9375,0.9379,8.60,1.00
2008.09.16 08:49:13.982,0.93755,0.9379,2.10,1.00
2008.09.16 08:49:14.426,0.9375,0.9379,8.30,1.00
2008.09.16 08:49:16.394,0.9375,0.93795,8.30,1.70
2008.09.16 08:49:16.438,0.9375,0.93795,8.30,1.00
2008.09.16 08:49:16.571,0.93755,0.938,1.00,1.00
2008.09.16 08:49:16.963,0.93755,0.938,2.90,1.00
2008.09.16 08:49:18.407,0.93755,0.938,2.90,2.10
2008.09.16 08:49:18.571,0.93755,0.938,2.10,6.00
2008.09.16 08:49:18.735,0.93755,0.938,2.10,2.80
2008.09.16 08:49:19.432,0.9375,0.938,8.30,2.80
2008.09.16 08:49:20.206,0.9375,0.938,5.10,6.00
2008.09.16 08:49:20.363,0.9375,0.938,2.90,6.00
2008.09.16 08:49:20.442,0.9375,0.93795,2.90,1.00
2008.09.16 08:49:20.599,0.9375,0.93795,2.10,1.70
2008.09.16 08:49:20.915,0.9375,0.9379,2.10,1.00
2008.09.16 08:49:21.071,0.9375,0.9379,2.10,4.90
2008.09.16 08:49:21.228,0.9375,0.9379,2.10,3.20
2008.09.16 08:49:21.382,0.9375,0.93795,2.10,1.70
2008.09.16 08:49:23.747,0.93755,0.93795,2.10,1.70
2008.09.16 08:49:24.254,0.9376,0.93795,2.10,1.70
2008.09.16 08:49:24.434,0.9376,0.93795,2.10,1.00
2008.09.16 08:49:24.816,0.93755,0.93795,2.10,1.70
2008.09.16 08:49:26.154,0.93755,0.9379,2.10,1.00
2008.09.16 08:49:26.298,0.9375,0.9379,4.40,1.00
2008.09.16 08:49:26.442,0.9375,0.9379,2.10,1.00
2008.09.16 08:49:27.148,0.9375,0.9379,2.10,2.10
2008.09.16 08:49:27.362,0.9375,0.9379,7.50,1.00
2008.09.16 08:49:27.790,0.9375,0.9379,5.40,1.00
2008.09.16 08:49:28.218,0.9375,0.93795,5.40,1.00
2008.09.16 08:49:28.479,0.93755,0.938,1.00,1.00
2008.09.16 08:49:28.739,0.9376,0.9379,2.10,1.00
2008.09.16 08:49:30.644,0.93755,0.9379,4.40,1.00
2008.09.16 08:49:30.699,0.93755,0.9379,2.10,1.00
2008.09.16 08:49:35.310,0.9375,0.9379,11.60,1.00
2008.09.16 08:49:35.887,0.93755,0.9379,2.10,1.00
2008.09.16 08:49:35.975,0.93765,0.9379,2.10,1.00
2008.09.16 08:49:36.238,0.9376,0.9379,2.10,1.00
2008.09.16 08:49:36.998,0.93755,0.9379,1.00,1.00
2008.09.16 08:49:37.227,0.9376,0.938,3.20,1.00
2008.09.16 08:49:37.454,0.93765,0.938,1.00,1.00
2008.09.16 08:49:37.682,0.93765,0.938,2.90,1.00
2008.09.16 08:49:37.886,0.93765,0.9379,2.10,1.00
2008.09.16 08:49:38.090,0.93765,0.9379,2.90,1.00
2008.09.16 08:49:38.295,0.93765,0.938,2.90,1.00
2008.09.16 08:49:38.670,0.9377,0.938,2.10,1.00
2008.09.16 08:49:39.018,0.93765,0.938,5.40,1.00
2008.09.16 08:49:39.194,0.93765,0.938,2.90,1.00
2008.09.16 08:49:39.370,0.93765,0.938,2.10,1.00
2008.09.16 08:49:40.220,0.93765,0.9381,2.90,1.00
2008.09.16 08:49:40.449,0.9377,0.93805,2.10,1.00
2008.09.16 08:49:40.677,0.9377,0.93805,2.10,1.70
2008.09.16 08:49:40.797,0.9377,0.938,2.10,1.00
2008.09.16 08:49:40.921,0.9376,0.938,4.40,1.00
2008.09.16 08:49:41.040,0.9376,0.93795,4.40,1.70
2008.09.16 08:49:41.163,0.9376,0.93795,4.40,1.00
2008.09.16 08:49:41.282,0.9376,0.938,7.50,1.70
2008.09.16 08:49:41.402,0.93765,0.938,2.10,1.00
2008.09.16 08:49:41.522,0.9376,0.938,6.20,1.00
2008.09.16 08:49:41.978,0.93765,0.938,2.10,1.00
2008.09.16 08:49:42.654,0.93775,0.9381,1.00,1.70
2008.09.16 08:49:42.850,0.93775,0.9381,1.00,1.00
2008.09.16 08:49:43.434,0.9377,0.9381,4.40,1.00
2008.09.16 08:49:43.630,0.93775,0.9381,2.10,1.00
2008.09.16 08:49:43.914,0.9378,0.938,1.00,1.00
2008.09.16 08:49:44.200,0.9379,0.93835,4.00,4.00
2008.09.16 08:49:44.482,0.9379,0.9383,2.10,1.00
2008.09.16 08:49:45.059,0.93785,0.9383,2.10,1.00
2008.09.16 08:49:45.647,0.9378,0.9381,6.20,1.00
2008.09.16 08:49:45.943,0.9378,0.9381,2.90,1.00
2008.09.16 08:49:46.066,0.9378,0.9381,2.10,1.00
2008.09.16 08:49:46.430,0.9378,0.9381,5.40,1.00
2008.09.16 08:49:47.161,0.9378,0.9382,5.40,2.80
2008.09.16 08:49:47.649,0.9378,0.938,2.10,1.00
2008.09.16 08:49:48.427,0.9377,0.938,5.40,1.00
2008.09.16 08:49:51.718,0.9377,0.9381,5.40,1.00
2008.09.16 08:49:51.826,0.9377,0.9381,6.20,1.00
2008.09.16 08:49:52.220,0.93775,0.9381,1.00,1.00
2008.09.16 08:49:52.569,0.93775,0.9382,1.00,1.00
2008.09.16 08:49:52.906,0.93775,0.9382,1.00,4.00
2008.09.16 08:49:53.182,0.9378,0.9382,2.90,3.20
2008.09.16 08:49:53.459,0.9378,0.9382,2.90,1.00
2008.09.16 08:49:53.736,0.93785,0.9382,2.10,1.00
2008.09.16 08:49:54.018,0.9378,0.9382,7.60,1.00
2008.09.16 08:49:54.218,0.9378,0.9381,5.40,1.00
2008.09.16 08:49:54.422,0.9378,0.9382,5.40,1.00
2008.09.16 08:49:54.820,0.93785,0.9382,2.10,1.00
2008.09.16 08:49:59.680,0.9379,0.9382,2.10,1.00
2008.09.16 08:50:00.780,0.93785,0.9382,2.10,1.00
2008.09.16 08:50:00.863,0.9378,0.9382,2.90,1.00
2008.09.16 08:50:01.522,0.93785,0.9382,1.00,1.00
2008.09.16 08:50:02.002,0.9378,0.9382,8.30,1.00
2008.09.16 08:50:02.318,0.93785,0.9383,2.90,5.10
2008.09.16 08:50:02.634,0.93785,0.9383,2.90,1.00
2008.09.16 08:50:02.950,0.9379,0.9383,2.10,1.00
2008.09.16 08:50:03.293,0.9379,0.9383,2.90,1.00
2008.09.16 08:50:03.631,0.93795,0.9383,2.10,1.00
2008.09.16 08:50:05.177,0.93795,0.9382,2.10,1.00
2008.09.16 08:50:05.586,0.93795,0.9382,2.90,1.00
2008.09.16 08:50:05.790,0.93795,0.9384,2.90,1.00
2008.09.16 08:50:05.894,0.93805,0.9384,2.10,1.00
2008.09.16 08:50:06.738,0.93805,0.93845,2.10,1.70
2008.09.16 08:50:07.338,0.93805,0.9385,2.90,8.20
2008.09.16 08:50:07.514,0.93805,0.93845,2.90,1.00
2008.09.16 08:50:07.690,0.93805,0.93845,2.10,1.70
2008.09.16 08:50:08.486,0.93805,0.9385,2.90,8.20
2008.09.16 08:50:08.826,0.9381,0.9385,1.00,5.40
2008.09.16 08:50:10.186,0.9381,0.9385,1.00,6.40
2008.09.16 08:50:10.325,0.93805,0.9385,2.90,7.10
2008.09.16 08:50:10.612,0.93805,0.93845,2.90,1.00
2008.09.16 08:50:10.676,0.93805,0.93845,2.10,1.70
2008.09.16 08:50:11.546,0.9381,0.93845,2.10,1.70
2008.09.16 08:50:11.694,0.9381,0.93845,2.10,1.00
2008.09.16 08:50:11.842,0.9381,0.9385,2.10,8.20
2008.09.16 08:50:12.278,0.93805,0.9384,2.10,1.00
2008.09.16 08:50:12.639,0.93805,0.9384,2.90,1.00
2008.09.16 08:50:12.856,0.93805,0.9385,2.90,8.20
2008.09.16 08:50:13.072,0.93815,0.9385,2.10,6.40
2008.09.16 08:50:13.286,0.93815,0.9384,2.10,1.00
2008.09.16 08:50:13.990,0.9381,0.9384,5.40,1.00
2008.09.16 08:50:14.482,0.9381,0.9384,2.10,1.00
2008.09.16 08:50:15.026,0.93815,0.9385,2.90,5.40
2008.09.16 08:50:15.326,0.93815,0.9385,2.10,5.40
2008.09.16 08:50:15.626,0.93815,0.9385,2.10,6.40
2008.09.16 08:50:15.982,0.9382,0.9385,2.10,6.40
2008.09.16 08:50:16.187,0.93815,0.9385,2.10,6.40
2008.09.16 08:50:17.359,0.93815,0.9384,2.10,1.00
2008.09.16 08:50:18.235,0.9381,0.9385,12.90,6.40
2008.09.16 08:50:18.451,0.9381,0.9385,12.90,6.40
2008.09.16 08:50:18.667,0.9382,0.9385,2.10,6.40
2008.09.16 08:50:19.022,0.9382,0.9385,2.10,7.50
2008.09.16 08:50:19.602,0.93815,0.9384,2.20,1.00
2008.09.16 08:50:20.033,0.9381,0.9385,4.00,6.40
2008.09.16 08:50:20.331,0.9381,0.93845,2.10,1.00
2008.09.16 08:50:20.618,0.9381,0.9383,2.90,1.00
2008.09.16 08:50:20.906,0.93825,0.9385,2.10,6.40
2008.09.16 08:50:21.534,0.9382,0.9385,4.30,6.40
2008.09.16 08:50:22.095,0.9382,0.9385,2.10,6.40
2008.09.16 08:50:23.047,0.9381,0.9384,10.80,1.00
2008.09.16 08:50:23.293,0.9381,0.9384,4.40,1.00
2008.09.16 08:50:23.534,0.9382,0.9384,2.10,1.00
2008.09.16 08:50:24.162,0.93815,0.9384,4.40,1.00
2008.09.16 08:50:24.310,0.93815,0.9384,2.10,1.00
2008.09.16 08:50:24.458,0.9381,0.9384,4.40,1.00
2008.09.16 08:50:24.750,0.9381,0.9384,2.10,1.00
2008.09.16 08:50:24.898,0.93815,0.9384,2.10,1.00
2008.09.16 08:50:25.803,0.93805,0.9384,4.40,2.80
2008.09.16 08:50:26.058,0.93805,0.9384,2.10,2.80
2008.09.16 08:50:26.191,0.93805,0.9384,2.10,1.70
2008.09.16 08:50:26.322,0.93805,0.9384,2.10,1.00
2008.09.16 08:50:29.031,0.93805,0.9384,2.10,2.10
2008.09.16 08:50:29.199,0.938,0.93835,5.50,1.00
2008.09.16 08:50:29.427,0.93795,0.9383,2.10,1.00
2008.09.16 08:50:29.878,0.93805,0.9383,2.10,1.00
2008.09.16 08:50:36.119,0.938,0.9383,2.10,1.00
2008.09.16 08:50:36.541,0.93805,0.9383,2.10,1.00
2008.09.16 08:50:37.518,0.938,0.9383,2.10,1.00
2008.09.16 08:50:38.998,0.93805,0.9383,2.10,1.00
2008.09.16 08:50:42.721,0.93805,0.9384,2.90,1.00
2008.09.16 08:50:42.978,0.93815,0.9384,2.10,1.00
2008.09.16 08:50:46.400,0.9382,0.9384,2.10,1.00
2008.09.16 08:50:46.604,0.9382,0.9385,2.10,1.00
2008.09.16 08:50:46.807,0.93825,0.9385,2.10,1.00
2008.09.16 08:50:47.010,0.93815,0.9385,4.40,1.00
2008.09.16 08:50:47.352,0.9383,0.9385,3.20,1.00
2008.09.16 08:50:47.690,0.9382,0.9386,7.50,2.10
2008.09.16 08:50:48.030,0.93835,0.9385,2.10,1.00
2008.09.16 08:50:48.298,0.9382,0.9386,8.30,4.70
2008.09.16 08:50:48.566,0.9382,0.93855,2.10,1.70
2008.09.16 08:50:48.834,0.9381,0.93855,4.30,1.70
2008.09.16 08:50:49.102,0.9382,0.93855,2.10,1.00
2008.09.16 08:50:49.411,0.93815,0.93845,2.10,1.00
2008.09.16 08:50:49.714,0.9381,0.9385,5.10,1.00
2008.09.16 08:50:50.018,0.93815,0.9386,1.00,1.00
2008.09.16 08:50:50.322,0.93825,0.93855,2.10,1.00
2008.09.16 08:50:50.486,0.93815,0.9385,4.40,1.00
2008.09.16 08:50:50.650,0.93815,0.9385,4.40,1.70
2008.09.16 08:50:50.814,0.93815,0.93845,2.10,1.00
2008.09.16 08:50:50.978,0.93815,0.9384,2.10,1.00
2008.09.16 08:50:51.142,0.93805,0.9384,2.10,1.00
2008.09.16 08:50:51.478,0.9381,0.9383,2.10,1.00
2008.09.16 08:50:51.814,0.93805,0.9383,2.10,1.00
2008.09.16 08:50:52.150,0.93805,0.9384,2.10,2.80
2008.09.16 08:50:52.414,0.938,0.9383,3.20,1.00
2008.09.16 08:50:52.938,0.93795,0.9383,4.40,1.00
2008.09.16 08:50:53.202,0.938,0.9383,2.10,1.00
2008.09.16 08:50:53.466,0.93805,0.93835,2.10,1.00
2008.09.16 08:50:53.686,0.93805,0.9384,2.10,1.00
2008.09.16 08:50:53.906,0.93795,0.9384,4.40,1.70
2008.09.16 08:50:54.127,0.938,0.9383,3.20,1.00
2008.09.16 08:50:54.610,0.938,0.9384,5.40,2.80
2008.09.16 08:50:54.879,0.938,0.93835,3.20,1.00
2008.09.16 08:50:55.148,0.93795,0.93835,4.40,1.70
2008.09.16 08:50:55.414,0.938,0.9383,3.20,1.00
2008.09.16 08:50:55.878,0.93795,0.9383,4.40,1.00
2008.09.16 08:50:56.225,0.938,0.9383,3.20,1.00
2008.09.16 08:50:56.338,0.938,0.9383,5.40,1.00
2008.09.16 08:50:56.454,0.938,0.9383,7.60,1.00
2008.09.16 08:50:56.790,0.938,0.9383,5.40,1.00
2008.09.16 08:50:57.458,0.938,0.93835,3.20,1.00
2008.09.16 08:50:57.662,0.93805,0.9384,2.10,2.80
2008.09.16 08:50:57.866,0.93805,0.9382,2.10,1.00
2008.09.16 08:50:58.072,0.938,0.9382,5.40,1.00
2008.09.16 08:50:58.474,0.938,0.9383,5.40,1.00
2008.09.16 08:50:58.774,0.938,0.9382,2.10,1.00
2008.09.16 08:50:59.074,0.93795,0.9382,4.40,1.00
2008.09.16 08:50:59.377,0.93795,0.9382,2.10,1.00
2008.09.16 08:51:00.838,0.9379,0.9382,6.20,1.00
2008.09.16 08:51:01.026,0.9379,0.9382,8.60,1.00
2008.09.16 08:51:01.306,0.9379,0.9382,4.40,1.00
2008.09.16 08:51:01.494,0.93785,0.9382,5.40,1.00
2008.09.16 08:51:01.734,0.9379,0.9382,5.50,1.00
2008.09.16 08:51:01.977,0.93795,0.9382,2.20,1.00
2008.09.16 08:51:02.451,0.9379,0.9382,8.60,1.00
2008.09.16 08:51:02.686,0.93795,0.9383,2.90,1.00
2008.09.16 08:51:02.923,0.938,0.9384,1.00,1.00
2008.09.16 08:51:03.160,0.938,0.9384,4.00,1.00
2008.09.16 08:51:03.394,0.938,0.9384,1.00,1.00
2008.09.16 08:51:03.630,0.938,0.9384,4.00,1.00
2008.09.16 08:51:04.578,0.938,0.9383,2.20,1.00
2008.09.16 08:51:04.975,0.93795,0.9383,2.10,1.00
2008.09.16 08:51:05.174,0.93795,0.9383,1.00,1.00
2008.09.16 08:51:05.570,0.938,0.93845,1.00,4.70
2008.09.16 08:51:05.813,0.938,0.93845,2.90,4.70
2008.09.16 08:51:06.178,0.93805,0.93845,2.10,4.70
2008.09.16 08:51:06.422,0.93805,0.93845,2.10,3.60
2008.09.16 08:51:06.546,0.93805,0.93845,2.90,2.90
2008.09.16 08:51:06.906,0.93805,0.93835,2.90,2.90
2008.09.16 08:51:07.147,0.93805,0.93835,2.90,2.10
2008.09.16 08:51:07.386,0.93805,0.93845,2.10,4.70
2008.09.16 08:51:07.846,0.938,0.93845,2.10,4.70
2008.09.16 08:51:08.070,0.938,0.9384,5.40,1.00
2008.09.16 08:51:08.514,0.93805,0.9384,2.10,1.00
2008.09.16 08:51:08.738,0.93805,0.9384,2.10,4.00
2008.09.16 08:51:08.878,0.93805,0.9384,2.10,1.80
2008.09.16 08:51:09.018,0.93805,0.9384,2.10,1.00
2008.09.16 08:51:09.702,0.938,0.9384,7.60,1.00
2008.09.16 08:51:10.042,0.938,0.9383,5.40,1.00
2008.09.16 08:51:10.383,0.93805,0.9384,2.10,1.00
2008.09.16 08:51:10.722,0.93805,0.9384,2.90,1.00
2008.09.16 08:51:10.807,0.9381,0.9384,2.10,1.00
2008.09.16 08:51:11.346,0.93805,0.9384,2.10,1.00
2008.09.16 08:51:12.070,0.938,0.9384,6.20,1.00
2008.09.16 08:51:12.386,0.938,0.9384,5.40,1.00
2008.09.16 08:51:12.704,0.93795,0.9384,2.90,1.00
2008.09.16 08:51:13.018,0.938,0.9384,4.00,1.00
2008.09.16 08:51:13.495,0.938,0.9384,6.20,1.00
2008.09.16 08:51:14.130,0.93805,0.9384,2.10,1.00
2008.09.16 08:51:14.606,0.938,0.9384,5.40,1.00
2008.09.16 08:51:15.398,0.93805,0.9384,2.10,1.00
2008.09.16 08:51:15.759,0.9381,0.9384,2.10,1.00
2008.09.16 08:51:16.105,0.93805,0.9384,2.10,1.00
2008.09.16 08:51:17.439,0.938,0.9384,5.40,1.00
2008.09.16 08:51:17.606,0.938,0.9383,5.40,1.00
2008.09.16 08:51:18.486,0.93805,0.9383,2.10,1.00
2008.09.16 08:51:18.827,0.93815,0.9383,2.10,1.00
2008.09.16 08:51:20.530,0.9382,0.9383,2.10,1.00
2008.09.16 08:51:21.218,0.9382,0.9383,5.40,1.00
2008.09.16 08:51:21.481,0.9382,0.9383,2.10,1.00
2008.09.16 08:51:22.326,0.93815,0.9383,2.10,1.00
2008.09.16 08:51:22.882,0.93805,0.9383,4.40,1.00
2008.09.16 08:51:23.162,0.93805,0.9383,2.10,1.00
2008.09.16 08:51:25.855,0.93805,0.9384,2.10,1.00
2008.09.16 08:51:25.946,0.93805,0.9385,2.10,1.70
2008.09.16 08:51:25.999,0.93805,0.9385,2.90,1.00
2008.09.16 08:51:27.260,0.9381,0.93855,1.00,2.90
2008.09.16 08:51:27.506,0.93825,0.93855,1.00,2.90
2008.09.16 08:51:27.754,0.93815,0.9385,1.00,1.00
2008.09.16 08:51:28.002,0.9381,0.9385,2.90,1.00
2008.09.16 08:51:28.966,0.9381,0.9385,1.00,1.00
2008.09.16 08:51:29.362,0.93805,0.9384,2.90,1.00
2008.09.16 08:51:29.669,0.9381,0.9385,1.00,1.00
2008.09.16 08:51:29.978,0.9381,0.9385,1.00,2.10
2008.09.16 08:51:30.134,0.93805,0.93845,2.10,1.00
2008.09.16 08:51:30.354,0.93805,0.9384,2.10,1.00
2008.09.16 08:51:30.573,0.9381,0.9384,1.00,1.00
2008.09.16 08:51:30.795,0.9381,0.9385,2.10,1.00
2008.09.16 08:51:32.280,0.9381,0.9385,2.90,1.00
2008.09.16 08:51:32.529,0.93815,0.9385,1.00,1.00
2008.09.16 08:51:33.029,0.93815,0.9385,2.10,1.00
2008.09.16 08:51:33.954,0.93815,0.9383,2.10,1.00
2008.09.16 08:51:34.294,0.93815,0.9384,2.10,1.00
2008.09.16 08:51:34.787,0.9381,0.9385,2.10,1.00
2008.09.16 08:51:37.237,0.9381,0.9385,2.10,2.10
2008.09.16 08:51:37.545,0.93805,0.9385,2.10,2.80
2008.09.16 08:51:37.741,0.9381,0.9385,2.10,2.80
2008.09.16 08:51:37.937,0.93805,0.9385,2.10,2.80
2008.09.16 08:51:38.210,0.93805,0.9384,2.10,1.00
2008.09.16 08:51:39.226,0.93805,0.9384,2.90,1.00
2008.09.16 08:51:40.115,0.93805,0.9384,2.10,1.00
2008.09.16 08:51:40.797,0.938,0.9384,5.40,1.00
2008.09.16 08:51:41.039,0.938,0.9384,2.90,1.00
2008.09.16 08:51:42.530,0.938,0.9384,2.10,2.80
2008.09.16 08:51:42.930,0.938,0.9383,2.10,1.00
2008.09.16 08:51:44.106,0.93795,0.9383,2.90,1.00
2008.09.16 08:51:44.766,0.938,0.9383,2.10,1.00
2008.09.16 08:51:48.187,0.938,0.9383,2.90,1.00
2008.09.16 08:51:48.333,0.938,0.9383,4.00,1.00
2008.09.16 08:51:48.980,0.938,0.9384,6.20,1.00
2008.09.16 08:51:49.493,0.9381,0.9384,3.20,1.00
2008.09.16 08:51:49.753,0.9381,0.9383,3.20,1.00
2008.09.16 08:51:49.922,0.93795,0.9383,5.40,1.00
2008.09.16 08:51:50.090,0.93795,0.9383,2.90,1.00
2008.09.16 08:51:51.541,0.93795,0.9383,2.10,1.00
2008.09.16 08:51:51.854,0.938,0.9384,2.90,1.00
2008.09.16 08:51:52.074,0.938,0.9384,5.40,2.80
2008.09.16 08:51:52.294,0.938,0.9383,5.40,1.00
2008.09.16 08:51:52.810,0.938,0.9383,2.10,1.00
2008.09.16 08:51:53.009,0.9379,0.9383,7.60,1.00
2008.09.16 08:51:53.209,0.9379,0.9383,5.40,1.00
2008.09.16 08:51:53.405,0.9379,0.9382,5.40,1.00
2008.09.16 08:51:54.813,0.9379,0.9382,2.10,1.00
2008.09.16 08:51:55.106,0.93785,0.9382,2.10,1.00
2008.09.16 08:51:56.434,0.9379,0.9382,3.20,1.00
2008.09.16 08:51:56.501,0.9379,0.9382,5.40,1.00
2008.09.16 08:51:58.532,0.9379,0.9382,3.20,1.00
2008.09.16 08:51:58.769,0.9379,0.9382,3.20,2.80
2008.09.16 08:51:59.009,0.9378,0.9382,7.50,2.80
2008.09.16 08:51:59.249,0.9378,0.9382,7.50,1.70
2008.09.16 08:51:59.489,0.9378,0.9382,8.30,1.00
2008.09.16 08:52:00.402,0.93785,0.9382,2.10,1.00
2008.09.16 08:52:01.998,0.9378,0.9382,2.90,1.00
2008.09.16 08:52:04.440,0.93785,0.9382,1.00,1.00
2008.09.16 08:52:04.801,0.9379,0.9382,2.10,1.00
2008.09.16 08:52:04.985,0.9379,0.9383,2.10,1.00
2008.09.16 08:52:05.604,0.93785,0.9383,2.90,1.00
2008.09.16 08:52:05.822,0.93785,0.9383,2.10,2.10
2008.09.16 08:52:06.042,0.93785,0.9383,2.10,2.80
2008.09.16 08:52:06.263,0.93785,0.9382,2.10,1.00
2008.09.16 08:52:06.749,0.93785,0.9383,2.10,1.70
2008.09.16 08:52:06.841,0.93785,0.9383,2.90,1.00
2008.09.16 08:52:07.302,0.9379,0.9383,2.10,1.00
2008.09.16 08:52:08.962,0.9379,0.9383,2.90,1.00
2008.09.16 08:52:09.155,0.9379,0.9383,6.20,1.00
2008.09.16 08:52:09.350,0.938,0.9384,5.40,4.00
2008.09.16 08:52:09.546,0.938,0.9384,3.20,1.00
2008.09.16 08:52:09.709,0.938,0.9384,3.20,2.10
2008.09.16 08:52:09.873,0.938,0.9384,3.20,2.80
2008.09.16 08:52:10.037,0.938,0.9384,3.20,1.70
2008.09.16 08:52:10.201,0.938,0.9384,5.40,1.00
2008.09.16 08:52:10.365,0.938,0.9384,5.40,2.10
2008.09.16 08:52:10.685,0.93795,0.9384,2.90,1.00
2008.09.16 08:52:10.862,0.938,0.9384,2.10,1.00
2008.09.16 08:52:11.211,0.938,0.9384,2.90,1.00
2008.09.16 08:52:11.386,0.938,0.9382,2.10,1.00
2008.09.16 08:52:11.563,0.93805,0.9382,2.10,1.00
2008.09.16 08:52:11.751,0.93805,0.9384,2.10,1.00
2008.09.16 08:52:12.427,0.938,0.9385,2.90,2.80
2008.09.16 08:52:12.766,0.938,0.9385,2.90,5.80
2008.09.16 08:52:13.029,0.93805,0.9385,2.10,5.80
2008.09.16 08:52:13.289,0.93805,0.9384,2.10,1.00
2008.09.16 08:52:14.770,0.9381,0.9384,3.20,1.00
2008.09.16 08:52:14.869,0.9381,0.9384,4.00,1.00
2008.09.16 08:52:15.406,0.93815,0.9385,1.00,1.00
2008.09.16 08:52:15.623,0.9381,0.9385,5.40,2.10
2008.09.16 08:52:15.846,0.93795,0.93845,2.90,3.90
2008.09.16 08:52:16.066,0.938,0.9384,2.10,1.00
2008.09.16 08:52:16.181,0.938,0.9384,2.10,1.70
2008.09.16 08:52:16.282,0.938,0.9383,2.10,1.00
2008.09.16 08:52:16.608,0.938,0.9383,2.90,1.00
2008.09.16 08:52:16.809,0.938,0.9384,2.90,1.00
2008.09.16 08:52:16.909,0.9381,0.9384,3.20,1.00
2008.09.16 08:52:18.475,0.9381,0.9384,1.00,1.00
2008.09.16 08:52:18.737,0.93805,0.9383,2.90,1.00
2008.09.16 08:52:19.002,0.938,0.9383,3.20,1.00
2008.09.16 08:52:19.266,0.9381,0.9385,2.90,1.00
2008.09.16 08:52:19.509,0.9381,0.9385,1.00,1.00
2008.09.16 08:52:19.756,0.9381,0.9385,2.90,1.00
2008.09.16 08:52:19.998,0.9381,0.9386,6.20,2.80
2008.09.16 08:52:20.241,0.9381,0.9385,6.20,1.00
2008.09.16 08:52:20.626,0.93815,0.9385,1.00,1.00
2008.09.16 08:52:20.773,0.93815,0.9385,2.10,1.00
2008.09.16 08:52:21.498,0.93815,0.9385,2.10,2.10
2008.09.16 08:52:21.613,0.93815,0.9385,2.10,2.80
2008.09.16 08:52:21.729,0.93805,0.9385,4.40,2.80
2008.09.16 08:52:21.953,0.93805,0.9385,2.10,2.80
2008.09.16 08:52:22.678,0.93805,0.93845,2.10,1.70
2008.09.16 08:52:22.926,0.938,0.93845,2.10,1.70
2008.09.16 08:52:23.174,0.938,0.9384,2.10,1.00
2008.09.16 08:52:23.422,0.93805,0.9384,2.10,1.00
2008.09.16 08:52:24.374,0.9381,0.9384,2.10,1.00
2008.09.16 08:52:24.694,0.9381,0.9385,2.90,1.00
2008.09.16 08:52:24.898,0.93815,0.93845,2.10,1.00
2008.09.16 08:52:25.302,0.93815,0.9384,2.10,1.00
2008.09.16 08:52:25.506,0.93805,0.9384,2.20,1.00
2008.09.16 08:52:25.673,0.938,0.9384,5.40,1.00
2008.09.16 08:52:25.841,0.938,0.9384,2.10,1.00
2008.09.16 08:52:26.169,0.938,0.9384,5.40,1.00
2008.09.16 08:52:26.497,0.938,0.9384,5.40,2.10
2008.09.16 08:52:26.713,0.93805,0.9384,2.10,1.00
2008.09.16 08:52:26.933,0.93805,0.9383,2.10,1.00
2008.09.16 08:52:27.582,0.93795,0.9383,1.00,1.00
2008.09.16 08:52:27.897,0.9379,0.9383,5.40,1.00
2008.09.16 08:52:28.365,0.9379,0.9383,4.40,1.00
2008.09.16 08:52:28.526,0.9379,0.9383,5.40,1.00
2008.09.16 08:52:28.866,0.93795,0.9383,2.10,1.00
2008.09.16 08:52:29.206,0.93795,0.9383,2.90,1.00
2008.09.16 08:52:30.679,0.93795,0.9383,2.10,1.00
2008.09.16 08:52:30.934,0.9379,0.9383,8.60,1.00
2008.09.16 08:52:31.018,0.9379,0.9383,7.60,1.00
2008.09.16 08:52:31.101,0.9379,0.9383,2.20,1.00
2008.09.16 08:52:31.275,0.9379,0.9383,5.50,1.00
2008.09.16 08:52:31.529,0.9379,0.9383,7.60,1.00
2008.09.16 08:52:32.785,0.9379,0.9383,4.40,1.00
2008.09.16 08:52:33.125,0.9379,0.9382,4.40,1.00
2008.09.16 08:52:33.808,0.9379,0.9382,2.20,1.00
2008.09.16 08:52:34.369,0.9379,0.9382,4.40,1.00
2008.09.16 08:52:34.413,0.93795,0.9382,2.20,1.00
2008.09.16 08:52:34.545,0.938,0.9382,3.20,1.00
2008.09.16 08:52:34.758,0.93795,0.9384,4.40,1.70
2008.09.16 08:52:35.098,0.93805,0.9384,1.00,1.00
2008.09.16 08:52:35.438,0.938,0.9384,2.90,2.10
2008.09.16 08:52:35.778,0.93795,0.9383,2.10,1.00
2008.09.16 08:52:38.382,0.938,0.9383,2.10,1.00
2008.09.16 08:52:39.153,0.93795,0.93825,2.10,1.00
2008.09.16 08:52:39.264,0.93795,0.9382,2.10,1.00
2008.09.16 08:52:39.541,0.938,0.9382,3.20,1.00
2008.09.16 08:52:39.685,0.938,0.9383,3.20,1.00
2008.09.16 08:52:39.837,0.93795,0.9383,2.90,1.00
2008.09.16 08:52:39.889,0.93795,0.9383,2.10,1.00
2008.09.16 08:52:40.201,0.9379,0.9383,6.20,1.00
2008.09.16 08:52:40.991,0.938,0.9383,1.00,1.00
2008.09.16 08:52:41.173,0.938,0.9383,2.90,1.00
2008.09.16 08:52:41.293,0.938,0.9383,2.10,1.00
2008.09.16 08:52:41.417,0.93795,0.9383,2.10,1.00
2008.09.16 08:52:41.543,0.938,0.9383,2.10,1.00
2008.09.16 08:52:41.810,0.93795,0.9383,2.90,1.00
2008.09.16 08:52:42.686,0.93795,0.9383,4.40,1.00
2008.09.16 08:52:43.025,0.9379,0.9383,6.20,1.00
2008.09.16 08:52:43.366,0.93795,0.9383,2.10,1.00
2008.09.16 08:52:44.014,0.93795,0.9383,2.10,2.10
2008.09.16 08:52:44.234,0.93795,0.9382,2.10,1.00
2008.09.16 08:52:44.629,0.93785,0.9382,4.40,1.00
2008.09.16 08:52:44.826,0.93785,0.9383,5.40,1.00
2008.09.16 08:52:45.026,0.9379,0.9383,2.20,2.10
2008.09.16 08:52:45.227,0.9379,0.9383,2.10,1.70
2008.09.16 08:52:45.522,0.9379,0.9382,2.10,1.00
2008.09.16 08:52:45.817,0.93785,0.9382,4.40,1.00
2008.09.16 08:52:46.406,0.93785,0.9382,2.10,1.00
2008.09.16 08:52:46.714,0.9379,0.9382,2.10,1.00
2008.09.16 08:52:47.121,0.93785,0.9382,2.10,1.00
2008.09.16 08:52:47.821,0.93785,0.9382,4.40,1.00
2008.09.16 08:52:48.073,0.93785,0.9382,2.10,1.00
2008.09.16 08:52:48.325,0.9379,0.9383,3.20,1.70
2008.09.16 08:52:48.617,0.9379,0.9383,3.20,1.00
2008.09.16 08:52:49.201,0.93795,0.9383,2.10,1.00
2008.09.16 08:52:49.495,0.938,0.9384,3.20,2.80
2008.09.16 08:52:49.673,0.93795,0.9384,2.10,6.00
2008.09.16 08:52:49.853,0.9379,0.9384,2.90,6.00
2008.09.16 08:52:50.029,0.9379,0.9383,2.90,1.00
2008.09.16 08:52:51.282,0.938,0.9383,3.20,1.00
2008.09.16 08:52:51.358,0.938,0.9384,4.00,2.10
2008.09.16 08:52:51.505,0.938,0.9384,1.00,1.00
2008.09.16 08:52:51.581,0.93795,0.9384,2.10,1.70
2008.09.16 08:52:51.797,0.93795,0.9384,2.90,1.00
2008.09.16 08:52:51.874,0.93805,0.9384,2.10,1.00
2008.09.16 08:52:52.093,0.938,0.9384,2.10,1.00
2008.09.16 08:52:52.492,0.938,0.9383,2.10,1.00
2008.09.16 08:52:52.817,0.9379,0.93825,2.20,1.70
2008.09.16 08:52:53.145,0.93785,0.9383,2.90,6.00
2008.09.16 08:52:53.370,0.93785,0.9382,2.10,1.00
2008.09.16 08:52:53.822,0.9378,0.9382,2.90,1.00
2008.09.16 08:52:54.055,0.93785,0.9382,1.00,1.00
2008.09.16 08:52:55.509,0.93785,0.9383,1.00,6.00
2008.09.16 08:52:55.626,0.93785,0.9383,1.00,2.80
2008.09.16 08:52:55.669,0.9378,0.9383,2.90,2.80
2008.09.16 08:52:55.849,0.93785,0.9383,1.00,2.80
2008.09.16 08:52:56.121,0.93785,0.9383,2.90,2.80
2008.09.16 08:52:56.297,0.93785,0.9383,2.90,1.70
2008.09.16 08:52:56.341,0.93785,0.9383,2.90,1.00
2008.09.16 08:52:56.603,0.93795,0.9382,2.10,1.00
2008.09.16 08:52:57.137,0.93795,0.9383,2.10,1.00
2008.09.16 08:52:57.646,0.93795,0.9384,2.10,2.80
2008.09.16 08:52:57.886,0.938,0.9384,5.40,2.80
2008.09.16 08:52:58.125,0.938,0.93845,5.40,1.70
2008.09.16 08:52:58.363,0.938,0.93845,5.40,1.00
2008.09.16 08:52:58.605,0.938,0.9384,5.40,1.00
2008.09.16 08:52:58.850,0.938,0.9384,2.10,2.80
2008.09.16 08:52:59.094,0.93795,0.9383,2.10,1.00
2008.09.16 08:53:00.022,0.93795,0.93825,2.10,1.00
2008.09.16 08:53:00.221,0.93795,0.93825,2.10,1.00
2008.09.16 08:53:00.418,0.93795,0.9382,2.10,1.00
2008.09.16 08:53:00.617,0.9379,0.9382,2.90,1.00
2008.09.16 08:53:00.845,0.9379,0.93835,2.90,1.00
2008.09.16 08:53:01.069,0.9379,0.93835,5.40,1.00
2008.09.16 08:53:01.308,0.93795,0.93845,2.90,1.70
2008.09.16 08:53:01.757,0.9379,0.9384,5.40,1.70
2008.09.16 08:53:02.090,0.93795,0.9384,2.10,2.80
2008.09.16 08:53:02.414,0.93795,0.93835,2.10,1.70
2008.09.16 08:53:02.739,0.93805,0.93845,1.00,2.90
2008.09.16 08:53:02.893,0.93815,0.93845,2.10,2.90
2008.09.16 08:53:03.049,0.93815,0.9384,2.10,1.00
2008.09.16 08:53:03.201,0.9381,0.9384,2.20,1.00
2008.09.16 08:53:03.509,0.938,0.9385,8.30,1.70
2008.09.16 08:53:03.662,0.9381,0.9385,2.10,1.00
2008.09.16 08:53:04.001,0.9381,0.9385,5.40,1.70
2008.09.16 08:53:04.345,0.93815,0.9384,2.10,1.00
2008.09.16 08:53:04.686,0.9381,0.9384,2.20,1.00
2008.09.16 08:53:04.926,0.93805,0.9384,2.10,1.70
2008.09.16 08:53:05.165,0.938,0.9384,2.10,2.80
2008.09.16 08:53:05.405,0.938,0.9384,2.90,1.00
2008.09.16 08:53:05.910,0.938,0.9384,2.10,1.00
2008.09.16 08:53:06.317,0.938,0.9384,2.10,2.10
2008.09.16 08:53:06.466,0.938,0.93835,2.10,1.00
2008.09.16 08:53:06.601,0.93795,0.93835,2.10,1.70
2008.09.16 08:53:06.733,0.93795,0.9383,2.10,1.00
2008.09.16 08:53:08.417,0.938,0.9383,2.10,1.00
2008.09.16 08:53:09.022,0.93795,0.9384,2.90,1.00
2008.09.16 08:53:09.201,0.93795,0.9384,2.90,5.40
2008.09.16 08:53:09.381,0.93795,0.93835,2.10,1.00
2008.09.16 08:53:09.561,0.9381,0.9383,2.10,1.00
2008.09.16 08:53:10.001,0.9381,0.9384,2.10,1.00
2008.09.16 08:53:12.705,0.9381,0.9385,2.10,2.80
2008.09.16 08:53:13.625,0.9381,0.9384,2.10,1.00
2008.09.16 08:53:14.673,0.9381,0.9385,2.10,2.80
2008.09.16 08:53:14.881,0.9381,0.9384,2.10,1.00
2008.09.16 08:53:15.101,0.9381,0.9385,2.10,2.80
2008.09.16 08:53:15.154,0.9381,0.9384,2.10,1.00
2008.09.16 08:53:15.529,0.9381,0.93845,2.10,1.00
2008.09.16 08:53:15.850,0.9381,0.9385,2.10,2.80
2008.09.16 08:53:16.171,0.93805,0.93845,2.10,1.00
2008.09.16 08:53:16.252,0.93805,0.93845,2.10,1.70
2008.09.16 08:53:16.336,0.93805,0.93845,2.10,1.00
2008.09.16 08:53:16.419,0.93805,0.9384,2.10,1.00
2008.09.16 08:53:16.504,0.93805,0.9384,2.10,1.70
2008.09.16 08:53:16.667,0.938,0.9384,7.60,1.00
2008.09.16 08:53:16.749,0.938,0.93845,7.60,1.70
2008.09.16 08:53:16.829,0.938,0.93845,5.40,1.70
2008.09.16 08:53:16.990,0.938,0.93845,5.40,1.00
2008.09.16 08:53:17.074,0.9381,0.9385,2.10,5.80
2008.09.16 08:53:17.237,0.93805,0.93845,2.10,1.00
2008.09.16 08:53:17.573,0.93805,0.9385,2.10,2.80
2008.09.16 08:53:18.263,0.9381,0.9384,2.10,1.00
2008.09.16 08:53:18.463,0.93805,0.9384,2.10,1.00
2008.09.16 08:53:19.077,0.93805,0.9384,2.90,1.00
2008.09.16 08:53:19.281,0.9381,0.9385,1.00,1.00
2008.09.16 08:53:19.485,0.9381,0.9385,2.90,1.00
2008.09.16 08:53:19.823,0.93815,0.9385,2.10,1.00
2008.09.16 08:53:21.341,0.9381,0.9385,5.40,1.00
2008.09.16 08:53:21.720,0.9381,0.9385,2.90,1.00
2008.09.16 08:53:21.925,0.9381,0.9384,2.90,1.00
2008.09.16 08:53:22.134,0.9381,0.9384,2.10,1.00
2008.09.16 08:53:23.278,0.93805,0.9384,2.10,1.00
2008.09.16 08:53:24.561,0.938,0.9384,5.40,1.00
2008.09.16 08:53:25.013,0.93805,0.9384,2.10,2.10
2008.09.16 08:53:25.229,0.93805,0.9384,2.10,2.80
2008.09.16 08:53:28.005,0.938,0.9384,2.10,2.80
2008.09.16 08:53:28.787,0.93795,0.93835,2.10,1.00
2008.09.16 08:53:28.943,0.93795,0.9383,2.10,1.00
2008.09.16 08:53:29.477,0.938,0.9383,2.10,1.00
2008.09.16 08:53:29.671,0.938,0.93835,2.10,1.00
2008.09.16 08:53:29.865,0.93795,0.93835,4.40,1.70
2008.09.16 08:53:30.057,0.93795,0.9383,4.40,1.00
2008.09.16 08:53:30.257,0.93795,0.9383,2.10,1.00
2008.09.16 08:53:30.798,0.93795,0.9384,2.90,1.00
2008.09.16 08:53:30.998,0.93795,0.9384,2.90,2.10
2008.09.16 08:53:31.213,0.93795,0.9384,2.10,2.80
2008.09.16 08:53:31.443,0.93795,0.9384,2.10,1.70
2008.09.16 08:53:31.663,0.93795,0.9383,2.90,1.00
2008.09.16 08:53:32.097,0.93795,0.9384,2.90,1.00
2008.09.16 08:53:32.562,0.93795,0.9384,2.10,2.80
2008.09.16 08:53:32.793,0.93795,0.9383,2.10,1.00
2008.09.16 08:53:34.265,0.9379,0.9383,5.40,1.00
2008.09.16 08:53:34.425,0.9379,0.9383,5.40,2.10
2008.09.16 08:53:34.666,0.9379,0.9383,5.40,2.80
2008.09.16 08:53:34.825,0.9379,0.9383,2.10,2.80
2008.09.16 08:53:35.405,0.9379,0.9382,2.10,1.00
2008.09.16 08:53:35.665,0.9379,0.9382,5.40,1.00
2008.09.16 08:53:35.926,0.9379,0.9383,5.40,1.00
2008.09.16 08:53:36.465,0.9379,0.9383,6.20,1.00
2008.09.16 08:53:37.434,0.9379,0.9383,5.40,1.00
2008.09.16 08:53:38.008,0.93795,0.93835,2.10,1.00
2008.09.16 08:53:38.275,0.93795,0.93835,2.10,1.00
2008.09.16 08:53:38.449,0.93795,0.9383,2.10,1.00
2008.09.16 08:53:38.622,0.93795,0.9383,2.10,2.80
2008.09.16 08:53:38.966,0.93795,0.9382,2.10,1.00
2008.09.16 08:53:41.301,0.9379,0.9382,2.10,1.00
2008.09.16 08:53:41.373,0.93785,0.9382,4.40,1.00
2008.09.16 08:53:41.445,0.93785,0.9382,2.10,1.00
2008.09.16 08:53:42.185,0.9379,0.9382,3.20,1.00
2008.09.16 08:53:42.257,0.9379,0.9383,3.20,1.70
2008.09.16 08:53:42.329,0.9379,0.9383,3.20,1.00
2008.09.16 08:53:42.509,0.9379,0.9383,2.10,2.80
2008.09.16 08:53:43.866,0.9379,0.9382,2.10,1.00
2008.09.16 08:53:44.050,0.9379,0.9382,2.10,2.10
2008.09.16 08:53:44.313,0.93775,0.9382,2.90,1.00
2008.09.16 08:53:44.841,0.9378,0.9382,2.10,2.80
2008.09.16 08:53:45.882,0.9378,0.9381,2.10,1.00
2008.09.16 08:53:46.725,0.93775,0.9381,2.10,1.00
2008.09.16 08:53:46.857,0.93775,0.9382,2.90,2.80
2008.09.16 08:53:47.121,0.9378,0.9382,2.10,2.80
2008.09.16 08:53:47.546,0.9379,0.9382,2.10,1.70
2008.09.16 08:53:47.761,0.9379,0.9382,2.10,2.80
2008.09.16 08:53:48.437,0.9378,0.9382,2.10,2.80
2008.09.16 08:53:48.581,0.93775,0.9382,4.40,2.80
2008.09.16 08:53:48.870,0.93775,0.9382,2.10,2.80
2008.09.16 08:53:49.013,0.93775,0.9381,2.10,1.00
2008.09.16 08:53:49.724,0.9378,0.9381,2.10,1.00
2008.09.16 08:53:50.045,0.93775,0.9381,2.10,1.00
2008.09.16 08:53:50.577,0.93775,0.9381,2.90,1.00
2008.09.16 08:53:51.539,0.9378,0.9382,1.00,1.00
2008.09.16 08:53:51.853,0.93775,0.9382,2.90,2.80
2008.09.16 08:53:52.114,0.9378,0.9382,2.10,2.80
2008.09.16 08:53:53.970,0.93775,0.9381,4.40,1.00
2008.09.16 08:53:54.214,0.93775,0.9381,2.10,1.00
2008.09.16 08:53:54.457,0.9378,0.9381,2.10,1.00
2008.09.16 08:53:54.701,0.93775,0.9381,2.10,1.00
2008.09.16 08:53:55.126,0.9378,0.9381,2.10,1.00
2008.09.16 08:53:55.337,0.9378,0.9382,2.10,2.80
2008.09.16 08:53:55.761,0.93785,0.9382,2.10,1.00
2008.09.16 08:53:56.406,0.9379,0.93815,2.10,1.00
2008.09.16 08:53:56.621,0.93785,0.93815,2.20,1.70
2008.09.16 08:53:56.837,0.9378,0.93815,2.10,1.70
2008.09.16 08:53:57.017,0.9378,0.9381,2.10,1.00
2008.09.16 08:53:57.780,0.93785,0.93815,2.10,1.00
2008.09.16 08:53:57.961,0.93785,0.9382,2.10,2.80
2008.09.16 08:53:58.942,0.93785,0.9382,2.10,1.70
2008.09.16 08:53:59.065,0.93785,0.9382,2.10,1.00
2008.09.16 08:53:59.213,0.93785,0.9382,2.10,2.10
2008.09.16 08:53:59.337,0.93785,0.9382,2.10,2.80
2008.09.16 08:53:59.833,0.9378,0.9382,2.10,2.80
2008.09.16 08:54:00.429,0.9378,0.9381,2.10,1.00
2008.09.16 08:54:00.901,0.9377,0.9381,6.60,1.00
2008.09.16 08:54:01.277,0.9377,0.938,4.30,1.00
2008.09.16 08:54:02.001,0.93775,0.9381,2.10,1.00
2008.09.16 08:54:04.070,0.93775,0.9381,2.90,1.00
2008.09.16 08:54:04.255,0.9378,0.9381,2.10,1.00
2008.09.16 08:54:05.111,0.93775,0.9381,4.40,1.00
2008.09.16 08:54:05.401,0.93775,0.938,2.10,1.00
2008.09.16 08:54:06.169,0.9377,0.938,4.40,1.00
2008.09.16 08:54:06.265,0.9377,0.938,2.10,1.00
2008.09.16 08:54:06.361,0.93775,0.9381,2.90,1.00
2008.09.16 08:54:06.554,0.9378,0.9381,2.10,1.00
2008.09.16 08:54:07.517,0.9378,0.9381,2.90,1.00
2008.09.16 08:54:07.773,0.9378,0.9382,2.90,1.00
2008.09.16 08:54:09.350,0.9379,0.9383,1.00,4.00
2008.09.16 08:54:09.577,0.9379,0.9383,1.00,1.00
2008.09.16 08:54:09.801,0.93795,0.9383,2.10,1.70
2008.09.16 08:54:10.031,0.93795,0.9383,2.10,2.80
2008.09.16 08:54:10.286,0.93785,0.9382,4.40,1.00
2008.09.16 08:54:10.541,0.9379,0.9382,2.10,1.00
2008.09.16 08:54:11.266,0.9379,0.9383,2.10,2.80
2008.09.16 08:54:11.363,0.9379,0.9383,2.90,2.10
2008.09.16 08:54:11.553,0.9379,0.93825,2.90,1.00
2008.09.16 08:54:11.649,0.938,0.93825,2.10,1.70
2008.09.16 08:54:11.749,0.938,0.9382,2.10,1.00
2008.09.16 08:54:12.397,0.9378,0.9382,2.90,1.00
2008.09.16 08:54:12.981,0.93785,0.9382,2.10,1.00
2008.09.16 08:54:13.642,0.9378,0.9382,2.90,1.00
2008.09.16 08:54:13.826,0.9378,0.9382,5.10,1.00
2008.09.16 08:54:14.193,0.9378,0.9382,4.30,1.70
2008.09.16 08:54:14.377,0.93785,0.9382,2.10,4.90
2008.09.16 08:54:14.561,0.93785,0.9382,2.10,1.70
2008.09.16 08:54:14.745,0.93785,0.9382,2.10,1.00
2008.09.16 08:54:14.929,0.93785,0.9382,2.10,1.70
2008.09.16 08:54:15.113,0.93775,0.9382,2.10,1.70
2008.09.16 08:54:15.309,0.9378,0.9381,2.10,1.00
2008.09.16 08:54:16.581,0.9377,0.9381,7.50,1.00
2008.09.16 08:54:16.673,0.9377,0.9381,5.10,1.00
2008.09.16 08:54:17.077,0.9378,0.9381,2.10,1.00
2008.09.16 08:54:17.390,0.93775,0.9381,2.90,1.00
2008.09.16 08:54:18.095,0.93775,0.9381,2.10,1.00
2008.09.16 08:54:18.797,0.9378,0.9381,2.10,1.00
2008.09.16 08:54:19.239,0.93775,0.9381,4.40,1.00
2008.09.16 08:54:19.457,0.93775,0.9381,2.10,1.00
2008.09.16 08:54:19.897,0.9377,0.9381,2.10,2.80
2008.09.16 08:54:20.248,0.9377,0.938,2.10,1.00
2008.09.16 08:54:21.428,0.93765,0.938,5.40,1.00
2008.09.16 08:54:21.685,0.9377,0.9381,1.00,1.00
2008.09.16 08:54:21.942,0.93775,0.9381,2.10,1.00
2008.09.16 08:54:22.177,0.93775,0.938,2.10,1.00
2008.09.16 08:54:23.213,0.93775,0.9381,2.90,1.00
2008.09.16 08:54:23.870,0.9378,0.9381,2.10,1.00
2008.09.16 08:54:24.709,0.9378,0.9382,2.10,1.00
2008.09.16 08:54:24.973,0.9378,0.9382,2.90,1.00
2008.09.16 08:54:25.217,0.9379,0.9382,2.10,1.00
2008.09.16 08:54:25.949,0.93785,0.9382,2.90,1.00
2008.09.16 08:54:26.113,0.93785,0.9381,2.90,1.00
2008.09.16 08:54:26.277,0.93785,0.9381,2.10,1.00
2008.09.16 08:54:26.441,0.9378,0.9381,2.10,1.00
2008.09.16 08:54:27.770,0.93785,0.9381,2.10,1.00
2008.09.16 08:54:28.273,0.9378,0.9381,6.60,1.00
2008.09.16 08:54:28.585,0.9378,0.9381,4.30,1.00
2008.09.16 08:54:28.741,0.9378,0.9381,7.50,1.00
2008.09.16 08:54:30.302,0.93785,0.9381,2.10,1.00
2008.09.16 08:54:30.590,0.93785,0.9382,2.10,1.00
2008.09.16 08:54:31.693,0.9378,0.9382,10.80,1.00
2008.09.16 08:54:31.866,0.9378,0.9382,9.80,1.00
2008.09.16 08:54:31.921,0.9378,0.9382,7.50,1.00
2008.09.16 08:54:32.255,0.9378,0.9381,7.50,1.00
2008.09.16 08:54:32.311,0.93785,0.9381,2.10,1.00
2008.09.16 08:54:32.428,0.9378,0.9381,9.80,1.00
2008.09.16 08:54:32.649,0.9378,0.9381,7.50,1.00
2008.09.16 08:54:32.701,0.9378,0.9382,7.50,1.00
2008.09.16 08:54:32.993,0.9378,0.9382,8.30,1.00
2008.09.16 08:54:33.285,0.93785,0.9382,2.10,1.00
2008.09.16 08:54:33.577,0.9379,0.9382,2.10,1.00
2008.09.16 08:54:33.875,0.9379,0.9383,2.90,1.00
2008.09.16 08:54:34.201,0.938,0.9383,3.20,1.00
2008.09.16 08:54:34.527,0.9379,0.9383,2.10,1.00
2008.09.16 08:54:34.855,0.9379,0.9383,2.90,1.00
2008.09.16 08:54:35.057,0.93795,0.9383,2.10,1.00
2008.09.16 08:54:35.959,0.93785,0.9383,5.40,1.00
2008.09.16 08:54:36.140,0.93785,0.9383,5.40,2.10
2008.09.16 08:54:36.232,0.93785,0.9383,2.90,2.10
2008.09.16 08:54:36.324,0.93785,0.9383,2.10,6.00
2008.09.16 08:54:36.509,0.93795,0.9381,2.10,1.00
2008.09.16 08:54:37.225,0.9378,0.9381,2.10,1.00
2008.09.16 08:54:37.481,0.93775,0.9381,2.90,1.00
2008.09.16 08:54:37.737,0.93775,0.9381,2.10,1.00
2008.09.16 08:54:37.993,0.9378,0.9381,2.10,1.00
2008.09.16 08:54:38.173,0.9378,0.9381,6.20,1.00
2008.09.16 08:54:38.353,0.9378,0.9381,5.40,1.00
2008.09.16 08:54:38.533,0.9379,0.93825,1.00,1.00
2008.09.16 08:54:38.713,0.9379,0.9383,1.00,2.10
2008.09.16 08:54:38.893,0.9378,0.9383,2.90,2.80
2008.09.16 08:54:39.073,0.9378,0.9383,2.90,1.70
2008.09.16 08:54:39.409,0.9379,0.9383,3.20,1.00
2008.09.16 08:54:39.745,0.9379,0.9383,2.10,1.00
2008.09.16 08:54:40.430,0.93795,0.9383,2.10,1.00
2008.09.16 08:54:40.754,0.93795,0.9383,2.90,1.00
2008.09.16 08:54:41.261,0.93795,0.9382,2.10,1.00
2008.09.16 08:54:41.699,0.93795,0.9383,2.10,1.00
2008.09.16 08:54:41.826,0.9379,0.9383,2.90,1.00
2008.09.16 08:54:42.042,0.9379,0.9383,2.10,1.00
2008.09.16 08:54:42.264,0.9379,0.9383,2.90,1.00
2008.09.16 08:54:43.349,0.9379,0.9383,2.10,1.00
2008.09.16 08:54:43.513,0.93785,0.9383,2.90,1.00
2008.09.16 08:54:43.842,0.93785,0.9382,2.90,1.00
2008.09.16 08:54:44.346,0.9378,0.9382,2.90,1.00
2008.09.16 08:54:44.681,0.9378,0.9381,2.90,1.00
2008.09.16 08:54:45.017,0.9379,0.9381,2.10,1.70
2008.09.16 08:54:45.241,0.9379,0.9381,2.10,1.00
2008.09.16 08:54:45.465,0.9378,0.9381,4.40,1.00
2008.09.16 08:54:45.689,0.9378,0.9381,2.10,1.00
2008.09.16 08:54:45.913,0.93785,0.9382,2.10,1.00
2008.09.16 08:54:46.313,0.9378,0.9382,2.90,1.00
2008.09.16 08:54:46.913,0.938,0.9382,3.20,1.00
2008.09.16 08:54:47.113,0.93805,0.93835,1.00,2.90
2008.09.16 08:54:47.334,0.9379,0.9383,2.10,1.70
2008.09.16 08:54:47.557,0.9379,0.9383,2.90,1.00
2008.09.16 08:54:47.777,0.93795,0.9383,2.10,1.00
2008.09.16 08:54:48.269,0.9379,0.9383,2.10,1.00
2008.09.16 08:54:48.542,0.93785,0.9382,5.40,1.00
2008.09.16 08:54:48.817,0.93785,0.9382,2.90,1.00
2008.09.16 08:54:49.089,0.93785,0.9382,2.10,1.00
2008.09.16 08:54:49.341,0.9378,0.9382,6.20,1.00
2008.09.16 08:54:49.845,0.9378,0.9382,2.90,1.00
2008.09.16 08:54:50.097,0.9378,0.9382,6.20,1.00
2008.09.16 08:54:50.301,0.93785,0.9382,2.90,1.00
2008.09.16 08:54:50.505,0.9379,0.9381,2.10,1.00
2008.09.16 08:54:51.341,0.93785,0.9381,2.90,1.00
2008.09.16 08:54:51.789,0.93795,0.9382,1.00,1.00
2008.09.16 08:54:52.014,0.9379,0.9382,5.40,1.00
2008.09.16 08:54:52.293,0.93795,0.9383,2.10,1.70
2008.09.16 08:54:52.569,0.93785,0.9383,5.40,4.30
2008.09.16 08:54:52.845,0.93785,0.9382,2.10,1.00
2008.09.16 08:54:53.121,0.93795,0.9382,2.10,1.00
2008.09.16 08:54:53.441,0.93785,0.9382,1.00,1.00
2008.09.16 08:54:54.561,0.93785,0.9382,2.10,1.00
2008.09.16 08:54:54.805,0.9378,0.93825,1.00,1.00
2008.09.16 08:54:55.049,0.93785,0.9383,2.10,9.00
2008.09.16 08:54:55.293,0.9378,0.9382,2.90,1.00
2008.09.16 08:54:55.569,0.9379,0.9382,1.00,1.00
2008.09.16 08:54:55.847,0.9378,0.9383,1.00,9.00
2008.09.16 08:54:56.401,0.93775,0.9381,2.10,1.00
2008.09.16 08:54:57.025,0.9377,0.9381,5.40,1.00
2008.09.16 08:54:57.181,0.93775,0.9381,1.00,1.00
2008.09.16 08:54:57.673,0.93785,0.9382,1.00,1.00
2008.09.16 08:54:58.009,0.9378,0.9382,4.00,1.00
2008.09.16 08:54:58.345,0.9378,0.9382,1.00,1.00
2008.09.16 08:54:58.543,0.9378,0.9382,4.00,1.00
2008.09.16 08:54:58.729,0.9378,0.9381,4.00,1.00
2008.09.16 08:54:58.913,0.9378,0.9381,2.90,1.00
2008.09.16 08:54:59.097,0.9379,0.9381,3.20,1.00
2008.09.16 08:54:59.281,0.9378,0.9383,2.90,5.80
2008.09.16 08:54:59.465,0.9379,0.9383,3.20,4.70
2008.09.16 08:54:59.681,0.9379,0.9383,3.20,1.00
2008.09.16 08:54:59.897,0.9379,0.9382,3.20,1.00
2008.09.16 08:55:00.113,0.93785,0.9382,2.90,1.00
2008.09.16 08:55:00.329,0.93785,0.9382,2.10,1.00
2008.09.16 08:55:00.546,0.93785,0.9382,2.90,1.00
2008.09.16 08:55:00.762,0.93785,0.9383,2.90,1.00
2008.09.16 08:55:00.953,0.93785,0.9383,2.90,2.10
2008.09.16 08:55:01.126,0.93785,0.9383,2.10,6.00
2008.09.16 08:55:01.301,0.9378,0.9383,5.40,1.70
2008.09.16 08:55:01.476,0.9378,0.9383,2.90,1.70
2008.09.16 08:55:01.653,0.9379,0.9381,3.20,1.00
2008.09.16 08:55:01.757,0.9378,0.9381,2.90,1.00
2008.09.16 08:55:01.860,0.93785,0.9381,1.00,1.00
2008.09.16 08:55:02.073,0.9379,0.9381,3.20,1.00
2008.09.16 08:55:02.183,0.93785,0.9381,2.90,1.00
2008.09.16 08:55:02.289,0.93785,0.9383,2.90,2.80
2008.09.16 08:55:02.497,0.9379,0.9383,2.10,6.00
2008.09.16 08:55:02.601,0.9378,0.9383,5.40,6.00
2008.09.16 08:55:02.941,0.9378,0.9382,5.40,1.00
2008.09.16 08:55:03.277,0.93785,0.9382,2.90,1.00
2008.09.16 08:55:03.613,0.9379,0.9382,1.00,1.00
2008.09.16 08:55:03.949,0.93795,0.9382,2.10,1.00
2008.09.16 08:55:04.286,0.9379,0.9382,2.10,1.00
2008.09.16 08:55:05.177,0.9379,0.9382,2.90,1.00
2008.09.16 08:55:05.398,0.9379,0.9382,2.10,1.00
2008.09.16 08:55:05.617,0.9379,0.9381,2.10,1.00
2008.09.16 08:55:06.102,0.93785,0.9381,2.20,1.00
2008.09.16 08:55:06.237,0.9378,0.9381,4.30,1.00
2008.09.16 08:55:06.633,0.9378,0.9381,7.50,1.00
2008.09.16 08:55:06.765,0.9378,0.9381,8.30,1.00
2008.09.16 08:55:07.025,0.93785,0.9382,2.10,1.00
2008.09.16 08:55:07.285,0.9379,0.9382,2.10,1.00
2008.09.16 08:55:07.553,0.9378,0.93815,6.60,1.70
2008.09.16 08:55:07.814,0.9378,0.93805,4.40,1.00
2008.09.16 08:55:07.929,0.9378,0.93805,2.10,1.70
2008.09.16 08:55:08.270,0.93775,0.93805,2.10,1.70
2008.09.16 08:55:08.720,0.93775,0.93805,2.10,1.00
2008.09.16 08:55:08.833,0.93775,0.9381,2.10,2.80
2008.09.16 08:55:09.169,0.9378,0.9381,3.20,1.00
2008.09.16 08:55:09.505,0.9379,0.9382,2.10,1.00
2008.09.16 08:55:09.846,0.938,0.9382,2.10,1.70
2008.09.16 08:55:10.053,0.93795,0.9382,2.10,1.70
2008.09.16 08:55:10.469,0.9379,0.9382,4.40,1.70
2008.09.16 08:55:10.674,0.9379,0.9382,2.10,2.80
2008.09.16 08:55:11.449,0.9379,0.9382,2.10,2.10
2008.09.16 08:55:11.590,0.9379,0.9382,2.10,2.80
2008.09.16 08:55:11.729,0.9379,0.9381,2.10,2.10
2008.09.16 08:55:11.869,0.93785,0.9381,2.20,2.80
2008.09.16 08:55:12.113,0.9378,0.9381,5.40,2.80
2008.09.16 08:55:12.601,0.9378,0.93805,2.10,1.00
2008.09.16 08:55:12.845,0.9378,0.93805,3.20,1.70
2008.09.16 08:55:13.838,0.93775,0.938,2.10,1.00
2008.09.16 08:55:14.638,0.93775,0.938,2.10,2.10
2008.09.16 08:55:14.965,0.9377,0.938,2.10,1.70
2008.09.16 08:55:15.625,0.9377,0.93805,2.10,1.70
2008.09.16 08:55:15.845,0.9377,0.93795,2.10,1.70
2008.09.16 08:55:16.065,0.9377,0.938,2.10,2.80
2008.09.16 08:55:16.941,0.93765,0.938,2.10,2.80
2008.09.16 08:55:17.233,0.93765,0.93785,2.10,1.00
2008.09.16 08:55:17.469,0.9376,0.9379,4.40,2.10
2008.09.16 08:55:17.704,0.9376,0.9379,2.10,2.80
2008.09.16 08:55:17.941,0.9376,0.93785,2.10,1.00
2008.09.16 08:55:18.177,0.9376,0.9379,2.10,1.00
2008.09.16 08:55:18.441,0.9376,0.93785,2.10,1.00
2008.09.16 08:55:18.705,0.9376,0.93785,2.10,1.70
2008.09.16 08:55:18.969,0.9376,0.93785,3.20,1.00
2008.09.16 08:55:19.234,0.9376,0.93785,3.20,1.00
2008.09.16 08:55:19.449,0.9376,0.93785,2.10,1.70
2008.09.16 08:55:19.665,0.93755,0.93785,2.10,1.70
2008.09.16 08:55:20.097,0.93755,0.9378,2.10,1.00
2008.09.16 08:55:20.313,0.93755,0.9378,2.10,1.70
2008.09.16 08:55:20.745,0.93755,0.93785,2.10,1.70
2008.09.16 08:55:21.530,0.93755,0.9378,2.10,1.70
2008.09.16 08:55:21.697,0.9375,0.9378,4.40,1.70
2008.09.16 08:55:21.950,0.9375,0.9378,2.10,1.70
2008.09.16 08:55:22.089,0.93755,0.9378,2.10,2.80
2008.09.16 08:55:22.249,0.93755,0.9378,2.10,1.70
2008.09.16 08:55:22.341,0.93755,0.9378,2.10,2.80
2008.09.16 08:55:22.421,0.93755,0.9378,2.10,1.70
2008.09.16 08:55:22.772,0.9376,0.9378,2.10,1.70
2008.09.16 08:55:23.109,0.9376,0.93785,2.10,1.70
2008.09.16 08:55:23.450,0.9376,0.9379,2.10,2.80
2008.09.16 08:55:23.769,0.9376,0.9379,5.40,1.00
2008.09.16 08:55:24.092,0.9376,0.9378,2.10,1.70
2008.09.16 08:55:24.410,0.9375,0.9378,5.40,1.00
2008.09.16 08:55:24.736,0.9376,0.93785,3.20,1.00
2008.09.16 08:55:24.876,0.9376,0.9379,5.40,2.80
2008.09.16 08:55:25.285,0.93765,0.9379,2.10,2.80
2008.09.16 08:55:25.420,0.93765,0.93785,2.10,1.00
2008.09.16 08:55:25.794,0.93765,0.93785,2.10,1.70
2008.09.16 08:55:26.268,0.9376,0.93785,2.20,1.00
2008.09.16 08:55:26.505,0.93755,0.93785,2.10,1.00
2008.09.16 08:55:26.616,0.93755,0.93785,2.10,1.70
2008.09.16 08:55:26.840,0.9376,0.93785,2.10,1.70
2008.09.16 08:55:27.257,0.9376,0.93785,2.10,1.00
2008.09.16 08:55:27.368,0.9376,0.9379,2.10,2.80
2008.09.16 08:55:27.885,0.9376,0.9379,2.10,1.70
2008.09.16 08:55:29.900,0.93765,0.93785,2.10,1.00
2008.09.16 08:55:30.021,0.93765,0.9379,2.10,1.70
2008.09.16 08:55:30.141,0.9376,0.9379,2.20,1.70
2008.09.16 08:55:30.260,0.9376,0.9379,2.20,2.80
2008.09.16 08:55:30.392,0.93755,0.9379,4.40,1.70
2008.09.16 08:55:30.512,0.93755,0.9379,2.10,1.00
2008.09.16 08:55:30.632,0.9376,0.9379,3.20,1.00
2008.09.16 08:55:30.874,0.93765,0.938,2.10,2.80
2008.09.16 08:55:30.994,0.93765,0.93795,2.10,1.00
2008.09.16 08:55:31.129,0.93765,0.93795,2.10,1.70
2008.09.16 08:55:31.829,0.9376,0.93795,2.10,1.70
2008.09.16 08:55:33.217,0.9376,0.93785,2.10,1.00
2008.09.16 08:55:33.357,0.93755,0.93785,2.20,1.70
2008.09.16 08:55:33.776,0.9375,0.93785,7.50,1.70
2008.09.16 08:55:34.320,0.9375,0.93785,7.50,1.00
2008.09.16 08:55:34.656,0.9375,0.9379,5.40,2.80
2008.09.16 08:55:35.328,0.9375,0.93785,5.40,1.00
2008.09.16 08:55:35.723,0.9375,0.9379,5.40,2.80
2008.09.16 08:55:35.887,0.93755,0.93785,2.10,1.00
2008.09.16 08:55:36.045,0.93755,0.93785,2.10,1.70
2008.09.16 08:55:36.380,0.93755,0.93785,2.10,1.00
2008.09.16 08:55:36.588,0.93755,0.9379,2.10,1.00
2008.09.16 08:55:37.108,0.93755,0.9379,2.10,1.70
2008.09.16 08:55:37.212,0.93755,0.9379,2.10,2.80
2008.09.16 08:55:37.609,0.93755,0.93785,2.10,1.00
2008.09.16 08:55:37.902,0.9375,0.93785,7.50,1.00
2008.09.16 08:55:38.193,0.9375,0.93785,7.50,1.70
2008.09.16 08:55:38.485,0.9375,0.93785,7.50,1.00
2008.09.16 08:55:38.709,0.9375,0.93785,7.50,1.00
2008.09.16 08:55:38.933,0.9375,0.93785,7.50,1.70
2008.09.16 08:55:39.381,0.9375,0.93785,3.20,1.70
2008.09.16 08:55:39.908,0.9375,0.93785,5.40,1.00
2008.09.16 08:55:40.173,0.9375,0.9379,5.40,1.00
2008.09.16 08:55:40.773,0.9375,0.9379,5.40,2.80
2008.09.16 08:55:41.110,0.9375,0.9378,3.20,1.00
2008.09.16 08:55:45.274,0.9375,0.9378,5.40,1.00
2008.09.16 08:55:45.513,0.9375,0.9379,5.40,1.70
2008.09.16 08:55:45.749,0.9375,0.9379,7.60,1.00
2008.09.16 08:55:45.987,0.9376,0.9379,2.10,1.00
2008.09.16 08:55:53.205,0.93755,0.9379,2.10,1.00
2008.09.16 08:55:55.669,0.9376,0.9379,2.10,1.00
2008.09.16 08:55:57.484,0.9375,0.9379,8.60,1.00
2008.09.16 08:55:57.509,0.9375,0.9379,7.60,1.00
2008.09.16 08:55:57.561,0.9375,0.9379,5.40,1.00
2008.09.16 08:55:57.818,0.9375,0.9379,6.20,1.00
2008.09.16 08:56:01.580,0.9375,0.9379,5.40,1.00
2008.09.16 08:56:01.789,0.9375,0.9379,6.20,1.00
2008.09.16 08:56:02.316,0.9375,0.9379,5.40,1.00
2008.09.16 08:56:02.593,0.9375,0.9379,6.20,1.00
2008.09.16 08:56:02.869,0.9375,0.9379,5.40,1.00
2008.09.16 08:56:03.145,0.9375,0.9379,6.20,1.00
2008.09.16 08:56:03.420,0.9375,0.9379,4.00,1.00
2008.09.16 08:56:03.804,0.9375,0.9379,6.20,1.00
2008.09.16 08:56:03.997,0.93755,0.9379,2.90,1.00
2008.09.16 08:56:08.637,0.9376,0.9379,2.10,1.00
2008.09.16 08:56:09.920,0.9375,0.9379,3.20,1.00
2008.09.16 08:56:10.100,0.9375,0.9378,3.20,1.00
2008.09.16 08:56:10.739,0.9374,0.9378,6.20,1.00
2008.09.16 08:56:10.905,0.9374,0.9378,2.10,1.00
2008.09.16 08:56:11.235,0.93735,0.9377,5.40,1.00
2008.09.16 08:56:11.565,0.93735,0.9377,2.90,1.00
2008.09.16 08:56:12.431,0.9374,0.9378,2.90,1.00
2008.09.16 08:56:13.357,0.9375,0.9378,3.20,1.00
2008.09.16 08:56:14.701,0.93745,0.9378,2.10,1.00
2008.09.16 08:56:15.749,0.93745,0.9378,2.90,1.00
2008.09.16 08:56:15.925,0.9375,0.9378,3.20,1.00
2008.09.16 08:56:18.873,0.93745,0.9378,2.10,1.00
2008.09.16 08:56:19.224,0.9375,0.9378,3.20,1.00
2008.09.16 08:56:21.287,0.9374,0.9377,4.40,1.00
2008.09.16 08:56:21.525,0.9374,0.9377,2.10,1.00
2008.09.16 08:56:23.244,0.9374,0.9378,2.10,1.00
2008.09.16 08:56:23.400,0.93745,0.9378,2.10,1.00
2008.09.16 08:56:25.256,0.9374,0.9378,2.10,1.00
2008.09.16 08:56:25.625,0.9374,0.9377,2.10,1.00
2008.09.16 08:56:28.668,0.9375,0.9377,2.10,1.00
2008.09.16 08:56:28.792,0.9375,0.9378,2.10,1.00
2008.09.16 08:56:28.916,0.9375,0.9378,1.00,1.00
2008.09.16 08:56:29.164,0.93745,0.9378,2.90,1.00
2008.09.16 08:56:29.289,0.9375,0.9378,2.10,1.00
2008.09.16 08:56:29.876,0.93745,0.9378,2.10,1.00
2008.09.16 08:56:30.214,0.93745,0.9378,2.90,1.00
2008.09.16 08:56:31.090,0.9375,0.9378,1.00,1.00
2008.09.16 08:56:31.293,0.9375,0.9378,4.00,1.00
2008.09.16 08:56:31.502,0.9375,0.9378,1.00,1.00
2008.09.16 08:56:31.861,0.93745,0.9378,1.00,1.00
2008.09.16 08:56:32.484,0.9374,0.9378,2.90,1.00
2008.09.16 08:56:32.641,0.93745,0.9378,1.00,1.00
2008.09.16 08:56:32.796,0.9375,0.9378,4.00,1.00
2008.09.16 08:56:33.096,0.9375,0.9378,2.10,1.00
2008.09.16 08:56:34.032,0.93745,0.9378,2.10,1.00
2008.09.16 08:56:34.369,0.93745,0.9378,2.90,1.00
2008.09.16 08:56:34.800,0.93745,0.9378,2.10,1.00
2008.09.16 08:56:34.992,0.93745,0.9377,2.10,1.00
2008.09.16 08:56:35.474,0.93735,0.9377,5.40,1.00
2008.09.16 08:56:35.574,0.93735,0.9378,4.40,1.00
2008.09.16 08:56:35.672,0.93735,0.9378,2.10,1.00
2008.09.16 08:56:35.768,0.93745,0.9378,1.00,1.00
2008.09.16 08:56:36.443,0.93745,0.9377,2.90,1.00
2008.09.16 08:56:36.779,0.93745,0.9377,2.10,1.00
2008.09.16 08:56:36.968,0.93735,0.9377,5.40,1.00
2008.09.16 08:56:37.227,0.93735,0.9377,2.90,1.00
2008.09.16 08:56:38.401,0.9374,0.9377,2.10,1.00
2008.09.16 08:56:38.685,0.9373,0.9377,2.90,1.00
2008.09.16 08:56:39.563,0.9374,0.9378,1.00,1.00
2008.09.16 08:56:40.157,0.9374,0.9378,2.10,1.00
2008.09.16 08:56:40.625,0.93735,0.9378,2.90,1.00
2008.09.16 08:56:41.088,0.93735,0.9378,1.00,1.00
2008.09.16 08:56:41.208,0.93735,0.9378,1.00,5.40
2008.09.16 08:56:41.328,0.9373,0.9378,2.90,6.00
2008.09.16 08:56:41.448,0.9373,0.9378,2.90,6.80
2008.09.16 08:56:41.568,0.9373,0.9378,2.90,9.00
2008.09.16 08:56:41.928,0.9373,0.9377,2.90,1.00
2008.09.16 08:56:42.849,0.9373,0.9377,1.00,1.00
2008.09.16 08:56:43.184,0.93725,0.9377,1.00,5.40
2008.09.16 08:56:43.348,0.9372,0.9376,2.10,1.70
2008.09.16 08:56:43.512,0.93725,0.9376,2.10,1.70
2008.09.16 08:56:43.676,0.9372,0.9376,1.00,1.00
2008.09.16 08:56:43.843,0.93725,0.9376,1.00,1.00
2008.09.16 08:56:44.008,0.93725,0.9376,1.00,2.10
2008.09.16 08:56:44.172,0.93715,0.9376,2.10,2.80
2008.09.16 08:56:44.476,0.93715,0.9375,2.10,1.00
2008.09.16 08:56:44.780,0.93715,0.9376,2.10,4.70
2008.09.16 08:56:45.085,0.9372,0.9376,1.00,1.00
2008.09.16 08:56:45.388,0.93725,0.9376,1.00,1.00
2008.09.16 08:56:45.852,0.9372,0.9376,4.00,1.00
2008.09.16 08:56:46.217,0.93725,0.9376,2.10,1.00
2008.09.16 08:56:46.836,0.9372,0.9376,2.90,1.00
2008.09.16 08:56:46.960,0.9372,0.9376,1.00,1.00
2008.09.16 08:56:47.084,0.9372,0.9375,1.00,1.00
2008.09.16 08:56:48.273,0.93725,0.9376,1.00,1.00
2008.09.16 08:56:48.932,0.9372,0.9375,1.00,1.00
2008.09.16 08:56:49.168,0.9372,0.9375,2.90,1.00
2008.09.16 08:56:51.201,0.9372,0.9376,2.90,1.00
2008.09.16 08:56:51.300,0.9372,0.9376,6.20,1.00
2008.09.16 08:56:51.401,0.93725,0.9376,1.00,1.00
2008.09.16 08:56:51.601,0.9373,0.9376,1.00,1.00
2008.09.16 08:56:52.572,0.9373,0.9377,1.00,4.00
2008.09.16 08:56:52.724,0.9373,0.9377,2.10,5.10
2008.09.16 08:56:52.876,0.9373,0.9377,2.10,1.00
2008.09.16 08:56:53.028,0.93725,0.9376,1.00,1.00
2008.09.16 08:56:53.612,0.9372,0.9376,6.20,1.00
2008.09.16 08:56:53.904,0.9372,0.9376,4.00,1.00
2008.09.16 08:56:54.240,0.9372,0.9376,6.20,1.00
2008.09.16 08:56:54.577,0.9373,0.9377,1.00,4.00
2008.09.16 08:56:54.912,0.93725,0.9377,2.90,4.00
2008.09.16 08:56:55.249,0.93725,0.9376,1.00,1.00
2008.09.16 08:56:55.659,0.9372,0.9375,1.00,1.00
2008.09.16 08:56:55.864,0.93715,0.9375,1.00,1.00
2008.09.16 08:56:56.068,0.9371,0.9375,5.40,1.00
2008.09.16 08:56:56.261,0.9371,0.9375,2.90,1.00
2008.09.16 08:56:56.456,0.9371,0.9376,1.00,7.90
2008.09.16 08:56:56.648,0.9372,0.9376,1.00,7.20
2008.09.16 08:56:56.840,0.9372,0.9376,2.10,7.20
2008.09.16 08:56:57.032,0.93725,0.9377,1.00,7.20
2008.09.16 08:56:57.368,0.93715,0.9376,2.10,4.90
2008.09.16 08:56:57.707,0.93715,0.9375,1.00,1.00
2008.09.16 08:56:58.046,0.9371,0.9374,2.90,1.00
2008.09.16 08:56:58.517,0.9371,0.9375,2.90,1.00
2008.09.16 08:56:58.677,0.93715,0.9375,1.00,1.00
2008.09.16 08:56:58.833,0.9372,0.9375,1.00,1.00
2008.09.16 08:56:58.988,0.9372,0.9376,1.00,1.00
2008.09.16 08:56:59.662,0.9372,0.9376,2.90,1.00
2008.09.16 08:56:59.996,0.93715,0.9376,2.90,1.00
2008.09.16 08:57:00.333,0.9372,0.9376,1.00,1.00
2008.09.16 08:57:00.538,0.9372,0.9376,1.00,2.10
2008.09.16 08:57:00.721,0.93715,0.9375,2.10,1.00
2008.09.16 08:57:01.376,0.93715,0.9375,2.90,1.00
2008.09.16 08:57:01.664,0.93715,0.9375,1.00,1.00
2008.09.16 08:57:01.952,0.93715,0.9375,2.90,1.00
2008.09.16 08:57:02.096,0.93715,0.9375,1.00,1.00
2008.09.16 08:57:02.372,0.93715,0.9374,1.00,1.00
2008.09.16 08:57:02.648,0.9371,0.9374,2.90,1.00
2008.09.16 08:57:02.929,0.93715,0.9374,1.00,1.00
2008.09.16 08:57:04.295,0.9371,0.9374,1.00,1.00
2008.09.16 08:57:05.113,0.93715,0.9374,1.00,1.00
2008.09.16 08:57:05.385,0.93715,0.9374,2.10,1.00
2008.09.16 08:57:05.605,0.9371,0.9374,2.90,1.00
2008.09.16 08:57:06.044,0.9371,0.9375,2.90,1.00
2008.09.16 08:57:07.718,0.93715,0.9375,2.10,1.00
2008.09.16 08:57:07.920,0.9371,0.9375,2.90,1.00
2008.09.16 08:57:08.124,0.9371,0.9374,2.90,1.00
2008.09.16 08:57:10.064,0.93715,0.9374,1.00,1.00
2008.09.16 08:57:10.228,0.93715,0.9375,1.00,1.00
2008.09.16 08:57:10.556,0.93715,0.9375,2.90,1.00
2008.09.16 08:57:10.762,0.93715,0.9375,2.10,1.00
2008.09.16 08:57:11.168,0.9372,0.9375,2.10,1.00
2008.09.16 08:57:11.372,0.93715,0.9375,2.90,1.00
2008.09.16 08:57:11.576,0.93715,0.9375,5.40,1.00
2008.09.16 08:57:11.780,0.93715,0.9375,2.90,1.00
2008.09.16 08:57:12.161,0.93715,0.9376,2.90,6.00
2008.09.16 08:57:13.177,0.93715,0.9376,2.90,4.90
2008.09.16 08:57:13.433,0.93715,0.9375,2.90,1.00
2008.09.16 08:57:13.690,0.93715,0.9375,1.00,1.00
2008.09.16 08:57:13.949,0.9372,0.9376,4.00,4.00
2008.09.16 08:57:14.284,0.9372,0.9376,3.20,4.00
2008.09.16 08:57:14.621,0.9372,0.9376,3.20,3.20
2008.09.16 08:57:14.957,0.9372,0.9376,3.20,1.00
2008.09.16 08:57:15.156,0.9372,0.93755,5.40,1.00
2008.09.16 08:57:15.356,0.9371,0.9375,5.40,1.00
2008.09.16 08:57:15.556,0.9371,0.9375,2.90,1.00
2008.09.16 08:57:16.528,0.93715,0.9375,2.10,1.00
2008.09.16 08:57:16.681,0.93715,0.9375,2.90,1.00
2008.09.16 08:57:16.984,0.93715,0.9376,2.90,1.70
2008.09.16 08:57:17.136,0.9372,0.9376,1.00,1.00
2008.09.16 08:57:17.348,0.9372,0.9376,4.00,1.00
2008.09.16 08:57:17.560,0.9372,0.9376,6.20,1.00
2008.09.16 08:57:18.202,0.9372,0.9376,2.10,1.00
2008.09.16 08:57:18.320,0.9372,0.9375,2.10,1.00
2008.09.16 08:57:18.442,0.9372,0.9375,1.00,1.00
2008.09.16 08:57:19.608,0.93715,0.9375,2.90,1.00
2008.09.16 08:57:23.724,0.9372,0.9375,1.00,1.00
2008.09.16 08:57:24.121,0.9372,0.9376,1.00,4.30
2008.09.16 08:57:24.748,0.9372,0.9376,1.00,5.40
2008.09.16 08:57:25.060,0.93715,0.9376,2.90,6.00
2008.09.16 08:57:27.688,0.9372,0.9376,1.00,4.30
2008.09.16 08:57:29.600,0.93715,0.9376,2.10,4.30
2008.09.16 08:57:29.930,0.93715,0.9376,2.90,1.70
2008.09.16 08:57:30.248,0.9372,0.9376,1.00,1.00
2008.09.16 08:57:31.913,0.9372,0.9376,2.90,1.00
2008.09.16 08:57:35.177,0.9372,0.9376,1.00,1.00
2008.09.16 08:57:35.948,0.9372,0.9376,2.90,1.00
2008.09.16 08:57:36.349,0.93725,0.9376,1.00,1.00
2008.09.16 08:57:37.836,0.93715,0.9376,2.90,4.30
2008.09.16 08:57:38.508,0.93715,0.9375,2.10,1.00
2008.09.16 08:57:38.916,0.93715,0.9375,1.00,1.00
2008.09.16 08:57:39.133,0.9371,0.9375,2.10,1.00
2008.09.16 08:57:39.339,0.93715,0.9375,1.00,1.00
2008.09.16 08:57:39.544,0.9371,0.9375,2.90,1.00
2008.09.16 08:57:43.585,0.93715,0.9375,1.00,1.00
2008.09.16 08:57:43.737,0.93715,0.9375,2.90,1.00
2008.09.16 08:57:45.228,0.93715,0.9376,2.90,1.00
2008.09.16 08:57:47.852,0.93715,0.9376,2.90,2.80
2008.09.16 08:57:48.000,0.93715,0.9376,2.90,1.70
2008.09.16 08:57:48.152,0.93715,0.9376,2.90,1.00
2008.09.16 08:57:48.268,0.93715,0.9376,1.00,1.00
2008.09.16 08:57:48.384,0.9371,0.9376,2.90,7.10
2008.09.16 08:57:48.500,0.93715,0.9376,1.00,9.00
2008.09.16 08:57:48.848,0.93715,0.9376,2.10,9.00
2008.09.16 08:57:48.964,0.93715,0.9376,2.10,2.80
2008.09.16 08:57:49.083,0.9371,0.9376,2.90,3.90
2008.09.16 08:57:49.200,0.93715,0.9376,1.00,4.30
2008.09.16 08:57:49.536,0.93715,0.9376,1.00,5.80
2008.09.16 08:57:49.872,0.93715,0.9376,1.00,4.00
2008.09.16 08:57:50.210,0.93715,0.9376,2.90,1.00
2008.09.16 08:57:50.645,0.9372,0.9377,1.00,9.00
2008.09.16 08:57:50.860,0.93715,0.93765,2.90,1.70
2008.09.16 08:57:51.077,0.93715,0.9376,2.90,1.00
2008.09.16 08:57:52.684,0.93715,0.9376,2.90,2.80
2008.09.16 08:57:52.916,0.93715,0.9376,1.00,2.80
2008.09.16 08:57:53.792,0.93715,0.9376,1.00,5.80
2008.09.16 08:57:53.972,0.9371,0.93755,2.90,1.70
2008.09.16 08:57:54.512,0.93715,0.9376,1.00,9.00
2008.09.16 08:57:54.692,0.93715,0.9376,1.00,5.80
2008.09.16 08:57:55.412,0.93715,0.9376,1.00,3.60
2008.09.16 08:57:55.592,0.93715,0.9376,1.00,2.80
2008.09.16 08:57:56.313,0.93715,0.9376,2.90,2.80
2008.09.16 08:57:57.716,0.93715,0.9376,2.10,2.80
2008.09.16 08:57:57.788,0.93715,0.9376,2.10,1.70
2008.09.16 08:57:58.080,0.93715,0.9376,2.90,1.70
2008.09.16 08:57:58.324,0.93715,0.9376,2.90,2.80
2008.09.16 08:57:58.736,0.93715,0.9376,2.90,1.70
2008.09.16 08:57:58.908,0.9372,0.9376,2.10,2.10
2008.09.16 08:57:59.080,0.9372,0.9376,2.10,4.30
2008.09.16 08:57:59.252,0.9372,0.9376,2.10,4.90
2008.09.16 08:57:59.524,0.9372,0.9376,2.10,1.00
2008.09.16 08:57:59.797,0.9372,0.9376,6.20,1.00
2008.09.16 08:58:00.068,0.93725,0.9376,2.10,1.00
2008.09.16 08:58:01.336,0.9372,0.9376,2.10,1.00
2008.09.16 08:58:01.724,0.9372,0.93765,2.10,1.00
2008.09.16 08:58:01.798,0.9372,0.9377,2.90,9.00
2008.09.16 08:58:01.864,0.9372,0.9377,1.00,9.00
2008.09.16 08:58:02.965,0.9372,0.9376,4.00,1.00
2008.09.16 08:58:03.301,0.93725,0.9376,1.00,1.00
2008.09.16 08:58:03.560,0.9372,0.9376,2.10,1.00
2008.09.16 08:58:03.612,0.93715,0.9375,2.90,1.00
2008.09.16 08:58:03.880,0.93715,0.9375,2.10,1.00
2008.09.16 08:58:04.272,0.9371,0.9375,2.90,1.00
2008.09.16 08:58:04.661,0.9371,0.9375,1.00,1.00
2008.09.16 08:58:04.996,0.93715,0.9375,1.00,1.00
2008.09.16 08:58:05.516,0.9371,0.9375,1.00,1.00
2008.09.16 08:58:09.372,0.93705,0.9374,2.90,1.00
2008.09.16 08:58:09.554,0.93705,0.9374,2.10,1.00
2008.09.16 08:58:09.912,0.937,0.9374,2.90,1.00
2008.09.16 08:58:10.508,0.937,0.9375,2.90,7.90
2008.09.16 08:58:10.713,0.93705,0.9375,1.00,4.30
2008.09.16 08:58:10.908,0.93705,0.9375,2.90,4.30
2008.09.16 08:58:11.308,0.93705,0.9375,2.90,4.90
2008.09.16 08:58:11.508,0.93705,0.9375,2.90,6.00
2008.09.16 08:58:11.801,0.93705,0.9375,2.10,6.00
2008.09.16 08:58:11.944,0.937,0.9374,2.90,1.00
2008.09.16 08:58:16.098,0.93705,0.9374,1.00,1.00
2008.09.16 08:58:16.785,0.93705,0.9373,1.00,1.00
2008.09.16 08:58:17.096,0.9371,0.9373,1.00,1.00
2008.09.16 08:58:17.288,0.9371,0.9374,1.00,1.00
2008.09.16 08:58:17.672,0.9371,0.9374,2.90,1.00
2008.09.16 08:58:17.768,0.9371,0.9375,2.90,1.00
2008.09.16 08:58:19.101,0.93715,0.9376,1.00,4.00
2008.09.16 08:58:19.272,0.9372,0.9376,4.00,4.00
2008.09.16 08:58:19.445,0.9372,0.9376,4.00,3.20
2008.09.16 08:58:19.728,0.9372,0.9376,6.20,1.00
2008.09.16 08:58:20.013,0.9373,0.9377,1.00,4.00
2008.09.16 08:58:20.299,0.9373,0.9377,2.90,4.00
2008.09.16 08:58:20.584,0.93735,0.93775,1.00,2.90
2008.09.16 08:58:20.836,0.9373,0.9377,2.90,3.20
2008.09.16 08:58:21.088,0.93735,0.9378,1.00,9.40
2008.09.16 08:58:21.340,0.93725,0.93775,2.90,1.70
2008.09.16 08:58:21.592,0.9373,0.93775,2.10,1.70
2008.09.16 08:58:21.716,0.9373,0.9377,2.10,1.00
2008.09.16 08:58:21.840,0.93725,0.93755,2.10,1.00
2008.09.16 08:58:22.212,0.9373,0.93755,2.10,1.00
2008.09.16 08:58:22.336,0.9373,0.9376,2.10,1.00
2008.09.16 08:58:22.460,0.93725,0.9376,2.20,1.00
2008.09.16 08:58:22.796,0.93715,0.93745,2.10,1.70
2008.09.16 08:58:23.132,0.937,0.9374,2.10,2.80
2008.09.16 08:58:23.468,0.93695,0.9374,2.90,1.00
2008.09.16 08:58:23.720,0.93705,0.9375,1.00,5.80
2008.09.16 08:58:23.974,0.93705,0.9375,1.00,4.70
2008.09.16 08:58:24.225,0.9371,0.9375,2.10,2.90
2008.09.16 08:58:24.476,0.9371,0.93745,1.00,1.00
2008.09.16 08:58:24.728,0.93705,0.9375,2.90,1.00
2008.09.16 08:58:24.990,0.93705,0.9375,1.00,4.30
2008.09.16 08:58:25.244,0.9371,0.9375,2.10,5.40
2008.09.16 08:58:25.776,0.93705,0.9374,1.00,1.00
2008.09.16 08:58:26.336,0.93705,0.9374,2.90,1.00
2008.09.16 08:58:27.096,0.9371,0.9375,1.00,1.00
2008.09.16 08:58:27.337,0.93715,0.9375,1.00,1.00
2008.09.16 08:58:28.160,0.93715,0.9376,2.90,1.80
2008.09.16 08:58:28.496,0.93715,0.9376,2.90,1.00
2008.09.16 08:58:29.133,0.93715,0.93755,2.90,1.00
2008.09.16 08:58:29.292,0.93715,0.9375,2.90,1.00
2008.09.16 08:58:29.452,0.93715,0.9375,2.90,2.10
2008.09.16 08:58:29.613,0.93715,0.9375,1.00,2.10
2008.09.16 08:58:29.772,0.93705,0.9374,2.20,1.00
2008.09.16 08:58:29.932,0.937,0.9374,5.10,1.00
2008.09.16 08:58:30.168,0.937,0.9374,2.90,1.00
2008.09.16 08:58:30.640,0.937,0.9374,6.20,1.00
2008.09.16 08:58:30.876,0.9371,0.9375,2.90,1.00
2008.09.16 08:58:31.821,0.9371,0.9375,2.10,1.00
2008.09.16 08:58:31.906,0.93705,0.9375,1.00,1.00
2008.09.16 08:58:31.988,0.93705,0.9375,1.00,2.10
2008.09.16 08:58:32.072,0.937,0.9375,7.50,2.80
2008.09.16 08:58:32.240,0.937,0.9375,2.90,2.80
2008.09.16 08:58:32.325,0.937,0.9374,2.90,1.00
2008.09.16 08:58:32.836,0.93705,0.9374,2.10,1.00
2008.09.16 08:58:35.933,0.93705,0.9375,2.90,1.00
2008.09.16 08:58:36.393,0.93705,0.9375,2.90,2.10
2008.09.16 08:58:36.581,0.93705,0.9374,2.10,1.00
2008.09.16 08:58:36.843,0.93705,0.9374,2.90,1.00
2008.09.16 08:58:37.096,0.93705,0.9374,2.10,1.00
2008.09.16 08:58:37.348,0.93705,0.9374,2.90,1.00
2008.09.16 08:58:37.612,0.93705,0.9375,2.90,1.00
2008.09.16 08:58:37.696,0.9373,0.9375,1.00,1.00
2008.09.16 08:58:38.268,0.9373,0.9375,1.00,2.10
2008.09.16 08:58:38.512,0.9373,0.9375,1.00,2.80
2008.09.16 08:58:38.756,0.93705,0.9374,2.60,1.00
2008.09.16 08:58:44.256,0.9374,0.9375,1.00,1.00
2008.09.16 08:58:45.228,0.9374,0.9375,1.00,2.10
2008.09.16 08:58:45.520,0.937,0.9374,3.20,1.00
2008.09.16 08:58:46.758,0.937,0.9373,1.60,1.00
2008.09.16 08:58:48.393,0.937,0.9374,1.60,1.00
2008.09.16 08:58:50.818,0.937,0.9374,1.60,2.10
2008.09.16 08:58:50.944,0.93695,0.9374,3.20,2.80
2008.09.16 08:58:51.724,0.93695,0.9373,1.60,1.00
2008.09.16 08:58:53.176,0.9368,0.9373,1.00,1.00
2008.09.16 08:58:53.308,0.93675,0.9373,2.90,1.00
2008.09.16 08:58:53.572,0.9368,0.9373,1.00,1.00
2008.09.16 08:58:54.364,0.9369,0.9373,2.90,1.00
2008.09.16 08:58:54.605,0.93695,0.9373,1.00,1.00
2008.09.16 08:58:54.848,0.9369,0.9373,2.90,1.00
2008.09.16 08:58:55.088,0.93695,0.9373,1.00,1.00
2008.09.16 08:58:56.832,0.9369,0.9373,2.90,1.00
2008.09.16 08:58:56.910,0.93695,0.9373,2.10,1.00
2008.09.16 08:58:57.321,0.93695,0.9373,2.90,1.00
2008.09.16 08:58:57.564,0.937,0.9373,1.00,1.00
2008.09.16 08:58:57.900,0.937,0.9374,1.00,1.00
2008.09.16 08:58:58.249,0.937,0.9374,2.90,1.00
2008.09.16 08:58:59.060,0.937,0.9373,2.10,1.00
2008.09.16 08:59:01.873,0.937,0.9373,2.90,1.00
2008.09.16 08:59:03.524,0.937,0.9373,2.10,1.00
2008.09.16 08:59:04.196,0.93695,0.9373,2.90,1.00
2008.09.16 08:59:05.484,0.93695,0.9373,1.00,1.00
2008.09.16 08:59:06.806,0.9369,0.9372,2.10,1.00
2008.09.16 08:59:07.256,0.9369,0.9371,2.10,1.00
2008.09.16 08:59:07.372,0.93685,0.9371,2.10,1.00
2008.09.16 08:59:07.603,0.93685,0.9371,2.90,1.00
2008.09.16 08:59:07.719,0.93685,0.9372,2.90,1.00
2008.09.16 08:59:09.252,0.9369,0.9372,1.00,1.00
2008.09.16 08:59:10.008,0.9369,0.9372,2.90,1.00
2008.09.16 08:59:10.896,0.9369,0.9373,2.90,1.00
2008.09.16 08:59:11.828,0.93695,0.9373,1.00,1.00
2008.09.16 08:59:23.250,0.9369,0.9371,2.10,1.00
2008.09.16 08:59:23.564,0.9368,0.9372,4.30,1.00
2008.09.16 08:59:23.963,0.9368,0.9372,2.10,1.00
2008.09.16 08:59:25.242,0.9368,0.9372,1.00,1.00
2008.09.16 08:59:25.580,0.9368,0.9372,2.90,1.00
2008.09.16 08:59:26.707,0.93685,0.9372,1.00,1.00
2008.09.16 08:59:26.996,0.93685,0.9372,2.90,1.00
2008.09.16 08:59:27.140,0.9369,0.9372,1.00,1.00
2008.09.16 08:59:27.212,0.9369,0.9372,2.90,1.00
2008.09.16 08:59:27.284,0.9369,0.9372,2.10,1.00
2008.09.16 08:59:27.712,0.93685,0.9372,2.90,1.00
2008.09.16 08:59:29.844,0.9368,0.9372,2.90,1.00
2008.09.16 08:59:30.900,0.93685,0.9372,1.00,1.00
2008.09.16 08:59:31.173,0.9369,0.9372,1.00,1.00
2008.09.16 08:59:31.432,0.9369,0.9373,1.00,1.00
2008.09.16 08:59:31.952,0.9369,0.9373,2.90,1.00
2008.09.16 08:59:32.800,0.9369,0.9373,1.00,1.00
2008.09.16 08:59:33.758,0.93685,0.9372,2.90,1.00
2008.09.16 08:59:35.450,0.93685,0.9372,2.10,1.00
2008.09.16 08:59:36.062,0.93695,0.9373,2.10,1.00
2008.09.16 08:59:36.493,0.93695,0.9374,2.10,28.00
2008.09.16 08:59:36.999,0.937,0.9374,2.10,28.00
2008.09.16 08:59:37.544,0.93695,0.9373,2.10,1.00
2008.09.16 08:59:38.744,0.93695,0.9374,2.10,28.00
2008.09.16 08:59:39.192,0.93695,0.9373,2.10,1.00
2008.09.16 08:59:39.840,0.93685,0.9373,2.10,1.00
2008.09.16 08:59:40.484,0.9369,0.9372,2.10,1.00
2008.09.16 08:59:40.804,0.93685,0.9372,2.10,1.00
2008.09.16 08:59:41.701,0.93685,0.9373,2.10,1.00
2008.09.16 08:59:41.775,0.9369,0.9373,2.10,1.00
2008.09.16 08:59:42.060,0.93695,0.9373,2.10,1.00
2008.09.16 08:59:42.983,0.9369,0.9373,2.10,1.00
2008.09.16 08:59:43.300,0.937,0.9373,2.10,1.00
2008.09.16 08:59:43.616,0.937,0.9372,2.10,1.00
2008.09.16 08:59:43.788,0.9369,0.9372,4.40,1.00
2008.09.16 08:59:43.908,0.9369,0.9373,2.10,1.00
2008.09.16 08:59:44.367,0.93685,0.9373,2.10,1.00
2008.09.16 08:59:45.895,0.9369,0.9373,2.10,1.00
2008.09.16 08:59:46.079,0.93695,0.9373,2.10,1.00
2008.09.16 08:59:49.034,0.937,0.9373,2.10,1.00
2008.09.16 08:59:51.079,0.93695,0.9373,2.10,1.00
2008.09.16 08:59:52.064,0.937,0.9373,2.10,1.00
2008.09.16 08:59:52.372,0.937,0.9374,2.10,28.00
2008.09.16 08:59:53.760,0.93695,0.9374,2.10,28.00
2008.09.16 08:59:54.180,0.93695,0.9374,2.10,27.00
2008.09.16 08:59:54.320,0.93705,0.9374,2.10,27.00
2008.09.16 08:59:54.796,0.93705,0.9374,2.10,28.00
2008.09.16 08:59:55.468,0.93705,0.9374,2.10,27.00
2008.09.16 08:59:55.818,0.93715,0.9374,2.10,27.00
2008.09.16 08:59:55.981,0.9372,0.9374,2.10,27.00
2008.09.16 08:59:56.300,0.93715,0.9374,2.10,27.00
2008.09.16 08:59:56.634,0.9372,0.9374,2.10,27.00
2008.09.16 08:59:57.432,0.93715,0.9374,2.10,27.00
2008.09.16 08:59:57.970,0.9372,0.9374,2.10,27.00
2008.09.16 08:59:58.308,0.93715,0.9374,2.10,28.00
2008.09.16 08:59:58.828,0.93715,0.9374,4.40,27.00
2008.09.16 08:59:59.012,0.93715,0.9374,2.10,27.00
2008.09.16 08:59:59.196,0.9372,0.9374,2.10,27.00
2008.09.16 08:59:59.380,0.93715,0.9374,4.40,27.00
2008.09.16 08:59:59.564,0.93715,0.9374,2.10,27.00
