2016.08.04 14:00:00.204,1.03884,1.03911,1.00,1.00
2016.08.04 14:00:00.460,1.03881,1.03912,1.00,1.00
2016.08.04 14:00:00.512,1.03883,1.03912,1.00,1.00
2016.08.04 14:00:01.219,1.03886,1.03915,1.00,1.00
2016.08.04 14:00:01.601,1.03881,1.03909,1.00,1.00
2016.08.04 14:00:01.703,1.0388,1.03909,1.00,1.00
2016.08.04 14:00:03.201,1.03877,1.03906,1.00,1.00
2016.08.04 14:00:03.303,1.03879,1.03906,1.00,1.00
2016.08.04 14:00:03.465,1.03878,1.03906,1.00,1.50
2016.08.04 14:00:03.781,1.03877,1.03906,1.00,2.25
2016.08.04 14:00:04.165,1.03877,1.03904,1.00,1.00
2016.08.04 14:00:04.377,1.03875,1.03903,1.00,1.00
2016.08.04 14:00:05.207,1.03877,1.03904,1.00,1.00
2016.08.04 14:00:05.363,1.03878,1.03904,1.00,1.00
2016.08.04 14:00:05.415,1.03877,1.03904,1.00,1.00
2016.08.04 14:00:05.517,1.03883,1.03903,1.00,1.00
2016.08.04 14:00:05.568,1.03883,1.03903,1.00,1.50
2016.08.04 14:00:05.619,1.03883,1.03902,1.00,1.00
2016.08.04 14:00:05.671,1.03883,1.03902,1.00,1.00
2016.08.04 14:00:05.722,1.03875,1.039,1.00,1.00
2016.08.04 14:00:05.774,1.03875,1.039,1.00,1.50
2016.08.04 14:00:05.878,1.03877,1.039,1.00,1.00
2016.08.04 14:00:05.930,1.03877,1.03905,1.00,1.00
2016.08.04 14:00:06.619,1.0388,1.03908,1.00,1.00
2016.08.04 14:00:06.858,1.03888,1.03911,1.00,1.00
2016.08.04 14:00:07.017,1.0389,1.03908,1.37,1.00
2016.08.04 14:00:07.069,1.0389,1.03908,2.62,1.00
2016.08.04 14:00:07.172,1.03891,1.03908,1.75,1.00
2016.08.04 14:00:07.223,1.03891,1.03912,1.75,1.00
2016.08.04 14:00:07.434,1.03895,1.03919,1.50,1.50
2016.08.04 14:00:07.486,1.03892,1.03918,1.75,1.00
2016.08.04 14:00:07.537,1.03892,1.03916,1.75,1.00
2016.08.04 14:00:07.588,1.03893,1.03911,1.00,1.00
2016.08.04 14:00:07.690,1.03887,1.03911,1.37,1.00
2016.08.04 14:00:07.742,1.03887,1.0391,1.37,1.12
2016.08.04 14:00:07.793,1.03887,1.03909,1.50,1.37
2016.08.04 14:00:07.895,1.03888,1.0391,1.12,2.62
2016.08.04 14:00:07.946,1.03895,1.0391,1.00,1.75
2016.08.04 14:00:08.069,1.03895,1.0391,1.00,1.75
2016.08.04 14:00:08.121,1.03899,1.03914,1.00,3.37
2016.08.04 14:00:08.172,1.03902,1.03922,1.87,1.75
2016.08.04 14:00:08.224,1.03902,1.03922,2.25,1.37
2016.08.04 14:00:08.275,1.03902,1.03922,2.62,1.00
2016.08.04 14:00:08.327,1.03902,1.03922,1.50,1.00
2016.08.04 14:00:08.429,1.03902,1.03923,1.37,1.50
2016.08.04 14:00:08.480,1.03902,1.03923,1.00,1.87
2016.08.04 14:00:08.634,1.03903,1.03923,1.00,2.62
2016.08.04 14:00:08.798,1.03903,1.03922,1.00,1.12
2016.08.04 14:00:08.850,1.03903,1.03919,1.00,1.12
2016.08.04 14:00:08.902,1.03903,1.03919,1.00,1.50
2016.08.04 14:00:08.953,1.039,1.03919,1.00,1.50
2016.08.04 14:00:09.004,1.039,1.03918,1.00,1.12
2016.08.04 14:00:09.057,1.039,1.03919,1.00,2.55
2016.08.04 14:00:09.109,1.039,1.03919,1.00,1.87
2016.08.04 14:00:09.421,1.039,1.03919,1.00,2.62
2016.08.04 14:00:09.611,1.039,1.03917,1.00,1.00
2016.08.04 14:00:09.867,1.039,1.03918,1.00,1.12
2016.08.04 14:00:09.919,1.039,1.03918,1.00,1.87
2016.08.04 14:00:10.023,1.03901,1.03918,1.00,1.12
2016.08.04 14:00:10.074,1.03901,1.03919,1.00,1.87
2016.08.04 14:00:10.126,1.039,1.03922,1.87,3.37
2016.08.04 14:00:10.178,1.039,1.03922,2.25,1.87
2016.08.04 14:00:10.230,1.03903,1.03921,1.12,1.00
2016.08.04 14:00:10.282,1.03903,1.03924,1.50,1.42
2016.08.04 14:00:10.434,1.03905,1.03923,1.00,1.87
2016.08.04 14:00:10.486,1.03905,1.03919,1.00,1.00
2016.08.04 14:00:10.930,1.03905,1.03922,1.00,1.00
2016.08.04 14:00:10.981,1.03905,1.03922,1.00,1.00
2016.08.04 14:00:11.032,1.03905,1.0392,1.00,1.00
2016.08.04 14:00:11.083,1.03901,1.0392,1.50,1.12
2016.08.04 14:00:11.134,1.03901,1.0392,1.50,1.50
2016.08.04 14:00:11.510,1.03901,1.03917,1.50,1.00
2016.08.04 14:00:11.612,1.03901,1.03917,1.00,1.00
2016.08.04 14:00:12.508,1.03899,1.03917,3.00,1.37
2016.08.04 14:00:12.559,1.03899,1.03917,2.25,1.37
2016.08.04 14:00:12.665,1.03899,1.03917,1.50,1.37
2016.08.04 14:00:13.023,1.03899,1.03913,1.50,1.00
2016.08.04 14:00:13.076,1.03896,1.03913,2.25,1.00
2016.08.04 14:00:13.287,1.03896,1.03913,1.75,1.00
2016.08.04 14:00:13.442,1.03895,1.03915,1.87,1.50
2016.08.04 14:00:13.545,1.03895,1.03912,1.87,1.00
2016.08.04 14:00:13.916,1.03895,1.03912,2.62,1.00
2016.08.04 14:00:14.058,1.03895,1.03912,1.87,1.00
2016.08.04 14:00:14.172,1.03897,1.03912,1.50,1.00
2016.08.04 14:00:14.818,1.03895,1.03912,1.87,1.00
2016.08.04 14:00:15.236,1.03895,1.03913,1.87,1.12
2016.08.04 14:00:15.641,1.03894,1.03913,2.25,2.25
2016.08.04 14:00:15.796,1.03894,1.03913,2.25,2.25
2016.08.04 14:00:15.847,1.03894,1.03913,2.25,1.50
2016.08.04 14:00:16.072,1.03894,1.03913,2.25,1.50
2016.08.04 14:00:16.123,1.03894,1.03913,1.75,1.50
2016.08.04 14:00:16.174,1.03893,1.03913,1.75,2.25
2016.08.04 14:00:16.225,1.03893,1.0391,1.00,1.00
2016.08.04 14:00:16.517,1.03893,1.0391,1.50,1.00
2016.08.04 14:00:16.619,1.03893,1.03912,2.25,1.00
2016.08.04 14:00:16.781,1.03895,1.03916,1.12,1.75
2016.08.04 14:00:16.832,1.03898,1.03916,1.00,1.75
2016.08.04 14:00:16.883,1.03895,1.03917,1.12,2.62
2016.08.04 14:00:16.934,1.03901,1.03916,1.00,1.12
2016.08.04 14:00:16.985,1.03901,1.03916,1.00,1.12
2016.08.04 14:00:17.036,1.03901,1.03914,1.00,1.00
2016.08.04 14:00:17.088,1.03896,1.03914,2.25,1.00
2016.08.04 14:00:17.139,1.03895,1.03914,1.75,1.20
2016.08.04 14:00:17.192,1.03895,1.03913,1.75,1.00
2016.08.04 14:00:17.244,1.03895,1.03913,1.50,1.00
2016.08.04 14:00:17.296,1.03895,1.03913,1.12,1.37
2016.08.04 14:00:17.348,1.03895,1.03913,1.00,1.75
2016.08.04 14:00:17.498,1.03895,1.03912,1.00,1.50
2016.08.04 14:00:17.552,1.03895,1.03912,1.50,1.50
2016.08.04 14:00:17.603,1.03895,1.03912,1.00,1.50
2016.08.04 14:00:17.655,1.03895,1.03912,1.87,1.50
2016.08.04 14:00:17.706,1.03895,1.03912,1.87,1.00
2016.08.04 14:00:17.859,1.03897,1.03912,1.00,1.00
2016.08.04 14:00:17.910,1.03897,1.03916,1.50,1.50
2016.08.04 14:00:18.212,1.03896,1.03916,1.75,1.50
2016.08.04 14:00:18.304,1.03898,1.03914,1.12,1.00
2016.08.04 14:00:19.137,1.03897,1.03914,1.50,1.00
2016.08.04 14:00:19.616,1.03896,1.03913,2.25,1.00
2016.08.04 14:00:20.129,1.03897,1.03915,1.00,1.75
2016.08.04 14:00:20.233,1.03897,1.03915,1.50,1.00
2016.08.04 14:00:20.387,1.03898,1.03915,1.37,1.00
2016.08.04 14:00:20.438,1.03904,1.03919,1.00,1.07
2016.08.04 14:00:20.490,1.03904,1.0392,1.00,1.12
2016.08.04 14:00:20.541,1.03904,1.0392,1.50,1.00
2016.08.04 14:00:20.592,1.03906,1.0392,1.00,1.00
2016.08.04 14:00:20.643,1.03904,1.03924,2.62,1.75
2016.08.04 14:00:20.695,1.03907,1.03925,1.00,1.75
2016.08.04 14:00:20.746,1.03907,1.03926,1.75,1.12
2016.08.04 14:00:20.857,1.03908,1.03929,1.87,2.25
2016.08.04 14:00:20.911,1.03909,1.03929,1.12,1.50
2016.08.04 14:00:21.370,1.03909,1.03929,1.87,1.50
2016.08.04 14:00:21.713,1.0391,1.03928,1.00,1.12
2016.08.04 14:00:21.887,1.0391,1.03928,1.50,1.12
2016.08.04 14:00:22.194,1.03913,1.03928,1.00,1.12
2016.08.04 14:00:22.246,1.03915,1.0393,1.00,1.75
2016.08.04 14:00:22.298,1.03915,1.03932,1.00,1.75
2016.08.04 14:00:22.349,1.03915,1.03932,1.00,1.00
2016.08.04 14:00:22.401,1.03915,1.03932,1.50,1.00
2016.08.04 14:00:22.452,1.03917,1.03935,1.12,3.00
2016.08.04 14:00:22.654,1.03917,1.03935,1.12,2.62
2016.08.04 14:00:22.757,1.03918,1.03936,1.00,1.75
2016.08.04 14:00:22.860,1.0392,1.03937,1.00,2.25
2016.08.04 14:00:22.912,1.0392,1.03937,1.00,1.75
2016.08.04 14:00:22.963,1.0392,1.03937,1.00,1.75
2016.08.04 14:00:23.015,1.0392,1.03938,1.12,2.32
2016.08.04 14:00:23.066,1.0392,1.03938,1.12,1.95
2016.08.04 14:00:23.117,1.0392,1.03938,1.12,1.47
2016.08.04 14:00:23.219,1.03924,1.0394,1.00,1.10
2016.08.04 14:00:23.391,1.03926,1.0394,1.12,1.10
2016.08.04 14:00:23.443,1.03927,1.03946,2.06,3.90
2016.08.04 14:00:23.494,1.03929,1.03946,1.00,2.40
2016.08.04 14:00:23.546,1.03929,1.03946,1.50,1.10
2016.08.04 14:00:23.597,1.0393,1.03949,1.00,1.12
2016.08.04 14:00:23.648,1.0393,1.0395,1.50,1.12
2016.08.04 14:00:23.699,1.0393,1.03949,1.50,1.00
2016.08.04 14:00:23.751,1.0393,1.03949,3.37,1.00
2016.08.04 14:00:23.802,1.03934,1.03952,1.00,2.25
2016.08.04 14:00:23.853,1.03934,1.03953,1.87,1.75
2016.08.04 14:00:23.904,1.03938,1.03953,1.00,1.75
2016.08.04 14:00:24.059,1.03938,1.03953,1.00,1.00
2016.08.04 14:00:24.110,1.03938,1.03955,1.12,1.10
2016.08.04 14:00:24.161,1.03935,1.03955,1.75,1.95
2016.08.04 14:00:24.212,1.03935,1.03955,1.75,1.95
2016.08.04 14:00:24.314,1.03937,1.03953,1.12,1.00
2016.08.04 14:00:24.467,1.03935,1.03953,1.75,1.00
2016.08.04 14:00:24.722,1.03939,1.03954,1.00,1.00
2016.08.04 14:00:24.855,1.03939,1.03957,1.50,1.20
2016.08.04 14:00:24.907,1.03941,1.03959,1.00,1.87
2016.08.04 14:00:24.958,1.03942,1.03959,1.00,1.00
2016.08.04 14:00:25.010,1.03942,1.03962,1.00,1.57
2016.08.04 14:00:25.061,1.03941,1.03962,2.25,1.57
2016.08.04 14:00:25.113,1.03941,1.03961,1.50,1.12
2016.08.04 14:00:25.165,1.03941,1.0396,1.50,1.00
2016.08.04 14:00:25.216,1.03941,1.03961,1.50,1.12
2016.08.04 14:00:25.318,1.03941,1.03963,2.25,1.87
2016.08.04 14:00:25.370,1.03941,1.03962,1.50,1.57
2016.08.04 14:00:25.421,1.03941,1.03962,1.50,1.50
2016.08.04 14:00:25.582,1.03942,1.03963,1.00,2.25
2016.08.04 14:00:25.633,1.03942,1.03963,1.00,1.75
2016.08.04 14:00:25.794,1.03942,1.03963,1.00,2.25
2016.08.04 14:00:25.845,1.03942,1.03963,2.25,1.87
2016.08.04 14:00:26.115,1.03942,1.03963,2.25,1.12
2016.08.04 14:00:26.217,1.03942,1.03963,2.25,1.12
2016.08.04 14:00:26.268,1.03944,1.03963,1.12,1.12
2016.08.04 14:00:26.319,1.03944,1.03964,1.87,1.50
2016.08.04 14:00:26.423,1.03947,1.03964,1.12,1.00
2016.08.04 14:00:26.477,1.03947,1.03966,1.12,1.75
2016.08.04 14:00:26.528,1.03947,1.03967,1.12,2.25
2016.08.04 14:00:26.682,1.03948,1.03967,1.00,1.75
2016.08.04 14:00:26.733,1.0395,1.03968,1.00,1.95
2016.08.04 14:00:26.785,1.03951,1.03968,1.12,1.85
2016.08.04 14:00:26.836,1.03951,1.03969,1.50,1.05
2016.08.04 14:00:26.888,1.03951,1.03971,1.50,1.75
2016.08.04 14:00:26.941,1.03951,1.03971,1.50,1.87
2016.08.04 14:00:26.993,1.03951,1.03971,1.50,1.95
2016.08.04 14:00:27.044,1.03948,1.03969,2.25,2.25
2016.08.04 14:00:27.205,1.03947,1.03969,2.62,3.37
2016.08.04 14:00:27.409,1.03947,1.03969,2.62,3.75
2016.08.04 14:00:27.460,1.03947,1.03967,2.62,1.00
2016.08.04 14:00:27.512,1.03947,1.03967,1.87,1.50
2016.08.04 14:00:28.075,1.03948,1.03967,1.00,1.00
2016.08.04 14:00:28.330,1.03949,1.03968,1.00,1.00
2016.08.04 14:00:28.432,1.03949,1.03969,1.00,2.62
2016.08.04 14:00:28.534,1.03947,1.03965,1.87,1.37
2016.08.04 14:00:28.585,1.03945,1.03964,1.75,1.50
2016.08.04 14:00:28.636,1.03948,1.03957,1.00,1.00
2016.08.04 14:00:28.687,1.03946,1.03957,1.00,1.00
2016.08.04 14:00:28.739,1.03946,1.03964,1.00,1.50
2016.08.04 14:00:28.892,1.03951,1.03967,1.00,1.42
2016.08.04 14:00:28.943,1.03951,1.03968,1.12,1.77
2016.08.04 14:00:28.994,1.03951,1.03968,1.12,1.10
2016.08.04 14:00:29.045,1.03951,1.03968,1.12,1.00
2016.08.04 14:00:29.249,1.03951,1.03968,2.25,1.00
2016.08.04 14:00:29.352,1.03951,1.0397,1.50,1.00
2016.08.04 14:00:29.454,1.03951,1.03972,3.00,1.50
2016.08.04 14:00:29.940,1.03953,1.03973,1.37,1.95
2016.08.04 14:00:30.043,1.03954,1.03973,1.00,1.95
2016.08.04 14:00:30.096,1.03954,1.03973,1.87,1.10
2016.08.04 14:00:30.148,1.03954,1.03973,1.87,1.00
2016.08.04 14:00:30.200,1.03954,1.03969,1.87,1.00
2016.08.04 14:00:30.252,1.03952,1.03969,2.25,1.00
2016.08.04 14:00:30.304,1.0395,1.03969,1.87,1.19
2016.08.04 14:00:30.411,1.0395,1.03969,1.87,1.25
2016.08.04 14:00:30.462,1.0395,1.03969,1.50,1.69
2016.08.04 14:00:30.671,1.0395,1.03969,1.12,2.00
2016.08.04 14:00:30.722,1.0395,1.03969,1.12,2.44
2016.08.04 14:00:30.980,1.0395,1.03969,1.50,2.06
2016.08.04 14:00:31.031,1.0395,1.03969,1.50,1.62
2016.08.04 14:00:31.083,1.0395,1.03969,1.87,1.25
2016.08.04 14:00:31.407,1.0395,1.03968,1.87,1.00
2016.08.04 14:00:31.509,1.0395,1.03968,2.62,1.00
2016.08.04 14:00:31.765,1.0395,1.03967,2.62,1.00
2016.08.04 14:00:31.816,1.0395,1.03967,2.62,1.00
2016.08.04 14:00:31.867,1.0395,1.03967,2.62,1.12
2016.08.04 14:00:31.918,1.0395,1.03967,1.87,1.12
2016.08.04 14:00:31.969,1.03946,1.03963,3.19,1.00
2016.08.04 14:00:32.125,1.03946,1.03963,1.12,1.00
2016.08.04 14:00:32.177,1.03945,1.03963,2.62,1.00
2016.08.04 14:00:32.549,1.03945,1.03965,1.87,1.19
2016.08.04 14:00:32.652,1.03945,1.03963,2.62,1.00
2016.08.04 14:00:32.755,1.03945,1.03963,2.62,1.25
2016.08.04 14:00:32.949,1.03945,1.03963,2.62,1.19
2016.08.04 14:00:33.154,1.03945,1.03963,1.87,1.19
2016.08.04 14:00:33.255,1.03945,1.03963,2.62,1.19
2016.08.04 14:00:33.461,1.03945,1.03962,1.87,1.25
2016.08.04 14:00:33.563,1.03945,1.03962,1.12,1.31
2016.08.04 14:00:34.074,1.03944,1.03962,1.50,1.31
2016.08.04 14:00:34.176,1.03943,1.0396,1.50,1.00
2016.08.04 14:00:34.228,1.03943,1.03956,1.50,1.00
2016.08.04 14:00:34.279,1.0394,1.03954,1.75,1.00
2016.08.04 14:00:34.331,1.0394,1.03954,1.75,1.50
2016.08.04 14:00:34.382,1.0394,1.03951,1.00,1.00
2016.08.04 14:00:34.433,1.03934,1.03951,1.94,1.00
2016.08.04 14:00:34.542,1.03935,1.03953,1.94,1.00
2016.08.04 14:00:34.593,1.03935,1.03953,2.62,1.00
2016.08.04 14:00:34.644,1.03936,1.03954,1.50,2.25
2016.08.04 14:00:34.695,1.03936,1.03954,2.81,1.12
2016.08.04 14:00:34.746,1.03936,1.03957,2.06,1.85
2016.08.04 14:00:34.797,1.03937,1.03957,1.69,1.85
2016.08.04 14:00:34.848,1.03938,1.03959,2.06,1.87
2016.08.04 14:00:34.900,1.0394,1.03959,1.50,1.12
2016.08.04 14:00:35.255,1.03939,1.03959,1.87,1.31
2016.08.04 14:00:35.424,1.03939,1.03959,1.87,1.31
2016.08.04 14:00:35.475,1.03939,1.0396,2.06,2.44
2016.08.04 14:00:35.527,1.03939,1.0396,2.81,2.44
2016.08.04 14:00:35.579,1.03939,1.03959,1.69,1.50
2016.08.04 14:00:36.287,1.03939,1.03956,2.44,1.00
2016.08.04 14:00:36.339,1.03939,1.03956,2.25,1.00
2016.08.04 14:00:36.391,1.03939,1.03957,2.25,1.19
2016.08.04 14:00:36.442,1.03939,1.03959,1.50,2.44
2016.08.04 14:00:36.493,1.03939,1.0396,3.37,2.44
2016.08.04 14:00:36.595,1.03939,1.0396,2.62,2.44
2016.08.04 14:00:36.646,1.03941,1.03959,1.00,1.31
2016.08.04 14:00:37.011,1.03941,1.03958,1.00,1.00
2016.08.04 14:00:37.944,1.0394,1.03959,1.12,1.31
2016.08.04 14:00:37.996,1.03939,1.03959,3.37,1.31
2016.08.04 14:00:38.047,1.03941,1.0396,1.00,2.44
2016.08.04 14:00:38.149,1.03942,1.0396,1.00,2.25
2016.08.04 14:00:38.251,1.0394,1.0396,1.12,2.25
2016.08.04 14:00:38.303,1.03941,1.0396,1.12,2.25
2016.08.04 14:00:38.354,1.03941,1.0396,1.12,1.50
2016.08.04 14:00:38.405,1.03942,1.03961,1.00,1.75
2016.08.04 14:00:38.507,1.03943,1.03961,1.50,1.75
2016.08.04 14:00:38.615,1.03943,1.03963,1.87,1.50
2016.08.04 14:00:38.666,1.03944,1.03963,1.50,2.44
2016.08.04 14:00:38.871,1.03943,1.03965,3.00,1.01
2016.08.04 14:00:38.923,1.03943,1.03965,3.00,1.94
2016.08.04 14:00:39.026,1.03945,1.03965,1.00,1.75
2016.08.04 14:00:39.232,1.03945,1.03966,1.00,2.25
2016.08.04 14:00:39.396,1.03944,1.03966,1.37,2.25
2016.08.04 14:00:39.447,1.03944,1.03965,1.37,1.75
2016.08.04 14:00:39.549,1.03943,1.03966,2.62,2.25
2016.08.04 14:00:39.600,1.03943,1.03966,2.62,2.25
2016.08.04 14:00:39.651,1.03943,1.03965,2.62,1.94
2016.08.04 14:00:39.702,1.03943,1.03965,3.00,1.94
2016.08.04 14:00:39.855,1.03943,1.03966,3.00,2.44
2016.08.04 14:00:39.906,1.03943,1.03966,3.67,2.44
2016.08.04 14:00:39.957,1.03945,1.03962,1.12,1.12
2016.08.04 14:00:40.161,1.03943,1.03961,3.67,1.00
2016.08.04 14:00:40.212,1.03943,1.03961,2.62,1.00
2016.08.04 14:00:40.370,1.03946,1.03961,1.00,1.00
2016.08.04 14:00:40.579,1.03944,1.03961,1.69,1.00
2016.08.04 14:00:40.681,1.03946,1.03962,1.00,1.12
2016.08.04 14:00:40.783,1.03946,1.03964,1.50,1.75
2016.08.04 14:00:40.834,1.03946,1.03964,1.87,1.75
2016.08.04 14:00:40.885,1.03946,1.03966,2.62,1.12
2016.08.04 14:00:40.988,1.03947,1.03966,1.50,1.12
2016.08.04 14:00:41.039,1.03947,1.03966,1.12,1.12
2016.08.04 14:00:41.399,1.03947,1.03965,1.87,1.00
2016.08.04 14:00:41.450,1.03947,1.03965,2.92,1.00
2016.08.04 14:00:41.502,1.0395,1.03965,1.00,1.00
2016.08.04 14:00:41.707,1.03947,1.03964,3.00,1.00
2016.08.04 14:00:41.860,1.03947,1.03964,2.25,1.00
2016.08.04 14:00:42.018,1.03954,1.03968,1.00,1.12
2016.08.04 14:00:42.070,1.03957,1.03971,1.00,1.75
2016.08.04 14:00:42.122,1.03957,1.03972,1.00,2.00
2016.08.04 14:00:42.174,1.03955,1.03973,2.62,1.19
2016.08.04 14:00:42.277,1.03956,1.03974,1.37,1.31
2016.08.04 14:00:42.328,1.03956,1.03974,1.50,1.12
2016.08.04 14:00:42.379,1.03958,1.03976,1.50,1.00
2016.08.04 14:00:42.482,1.03958,1.03973,1.00,1.00
2016.08.04 14:00:42.584,1.03958,1.03976,1.50,1.00
2016.08.04 14:00:43.175,1.0396,1.03976,1.00,1.00
2016.08.04 14:00:43.226,1.0396,1.03976,1.87,1.00
2016.08.04 14:00:43.278,1.03961,1.03977,1.00,1.50
2016.08.04 14:00:43.329,1.03961,1.03977,1.00,1.50
2016.08.04 14:00:43.380,1.03962,1.03975,1.00,1.00
2016.08.04 14:00:43.480,1.03959,1.03975,1.50,1.12
2016.08.04 14:00:43.532,1.03958,1.03973,1.12,1.00
2016.08.04 14:00:43.583,1.03958,1.03975,1.12,1.12
2016.08.04 14:00:43.686,1.03958,1.03974,1.12,1.00
2016.08.04 14:00:43.788,1.03958,1.03975,1.12,1.12
2016.08.04 14:00:43.840,1.03959,1.03975,1.00,1.12
2016.08.04 14:00:43.892,1.03958,1.03975,1.12,1.12
2016.08.04 14:00:44.311,1.03957,1.03973,1.37,1.00
2016.08.04 14:00:44.512,1.03957,1.03973,2.25,1.00
2016.08.04 14:00:44.564,1.03957,1.03968,1.50,1.00
2016.08.04 14:00:44.615,1.03955,1.03968,1.75,1.00
2016.08.04 14:00:44.717,1.03954,1.03969,1.12,1.00
2016.08.04 14:00:44.768,1.03951,1.03962,1.69,1.00
2016.08.04 14:00:44.820,1.03951,1.03962,1.00,1.00
2016.08.04 14:00:44.922,1.03951,1.03962,1.00,1.50
2016.08.04 14:00:44.973,1.03944,1.03959,2.62,1.00
2016.08.04 14:00:45.103,1.03944,1.03962,1.87,1.75
2016.08.04 14:00:45.156,1.03944,1.03962,1.50,1.75
2016.08.04 14:00:45.208,1.03944,1.03961,1.50,1.75
2016.08.04 14:00:45.361,1.03944,1.03961,1.00,1.75
2016.08.04 14:00:45.412,1.03944,1.03961,1.00,2.00
2016.08.04 14:00:45.464,1.03944,1.03961,1.00,2.44
2016.08.04 14:00:45.515,1.03944,1.03959,1.00,1.12
2016.08.04 14:00:45.566,1.03942,1.03961,2.06,2.44
2016.08.04 14:00:45.668,1.03945,1.0396,1.00,1.50
2016.08.04 14:00:45.926,1.03945,1.0396,1.00,1.69
2016.08.04 14:00:45.979,1.03942,1.0396,1.12,1.69
2016.08.04 14:00:46.031,1.03942,1.0396,1.12,1.69
2016.08.04 14:00:46.082,1.03941,1.03958,2.62,1.00
2016.08.04 14:00:46.185,1.03942,1.03959,1.12,1.31
2016.08.04 14:00:46.288,1.03942,1.03959,1.12,2.06
2016.08.04 14:00:46.391,1.03942,1.03958,1.12,1.00
2016.08.04 14:00:46.494,1.03942,1.03958,1.12,1.50
2016.08.04 14:00:46.682,1.03943,1.03958,1.00,1.00
2016.08.04 14:00:46.736,1.03943,1.03958,1.00,1.19
2016.08.04 14:00:46.787,1.03941,1.03958,2.62,1.19
2016.08.04 14:00:46.839,1.03941,1.03958,3.37,1.19
2016.08.04 14:00:46.892,1.03943,1.03959,1.00,2.06
2016.08.04 14:00:46.994,1.03942,1.03958,1.50,1.25
2016.08.04 14:00:47.045,1.03943,1.03958,1.00,1.25
2016.08.04 14:00:47.096,1.03945,1.03958,1.00,1.25
2016.08.04 14:00:47.298,1.03945,1.03963,1.00,2.81
2016.08.04 14:00:47.349,1.03945,1.03962,1.00,1.69
2016.08.04 14:00:47.474,1.03945,1.03958,1.00,1.31
2016.08.04 14:00:47.526,1.03942,1.03953,1.50,1.00
2016.08.04 14:00:47.578,1.03936,1.03953,2.92,1.00
2016.08.04 14:00:47.630,1.03936,1.03953,1.80,1.00
2016.08.04 14:00:47.682,1.03936,1.03949,1.12,1.00
2016.08.04 14:00:47.784,1.03935,1.03949,1.25,1.00
2016.08.04 14:00:47.836,1.03935,1.03949,1.00,1.00
2016.08.04 14:00:48.190,1.03932,1.03949,1.12,1.50
2016.08.04 14:00:48.343,1.03933,1.03949,1.12,1.69
2016.08.04 14:00:48.394,1.0393,1.03949,1.00,1.69
2016.08.04 14:00:48.496,1.0393,1.03948,1.00,1.25
2016.08.04 14:00:48.925,1.0393,1.03948,1.87,1.50
2016.08.04 14:00:48.976,1.03931,1.03948,1.00,1.50
2016.08.04 14:00:49.027,1.03931,1.03948,1.25,1.50
2016.08.04 14:00:49.078,1.0393,1.03948,1.69,1.00
2016.08.04 14:00:49.180,1.0393,1.03949,2.06,1.50
2016.08.04 14:00:49.384,1.0393,1.03948,2.06,1.00
2016.08.04 14:00:49.614,1.0393,1.03949,1.69,1.50
2016.08.04 14:00:49.821,1.03931,1.03949,1.25,2.25
2016.08.04 14:00:50.341,1.03931,1.03949,1.00,2.44
2016.08.04 14:00:50.392,1.0393,1.03945,1.00,1.00
2016.08.04 14:00:50.494,1.0393,1.03948,1.00,1.12
2016.08.04 14:00:50.546,1.0393,1.03948,1.25,1.12
2016.08.04 14:00:50.597,1.0393,1.03949,1.25,2.25
2016.08.04 14:00:50.649,1.0393,1.03949,1.25,3.00
2016.08.04 14:00:50.701,1.03929,1.03949,1.31,2.62
2016.08.04 14:00:50.753,1.03929,1.03948,1.31,1.75
2016.08.04 14:00:50.805,1.03929,1.03948,1.31,2.25
2016.08.04 14:00:51.057,1.03928,1.03948,1.31,1.75
2016.08.04 14:00:51.109,1.03928,1.03946,1.12,1.31
2016.08.04 14:00:51.314,1.03928,1.03946,1.87,2.06
2016.08.04 14:00:51.949,1.03928,1.03943,1.87,1.31
2016.08.04 14:00:52.051,1.03928,1.03946,1.87,2.81
2016.08.04 14:00:52.255,1.03928,1.03946,1.87,2.06
2016.08.04 14:00:52.760,1.03928,1.03946,1.87,2.81
2016.08.04 14:00:52.811,1.03929,1.03946,1.12,2.81
2016.08.04 14:00:52.963,1.03929,1.03946,1.12,2.06
2016.08.04 14:00:53.269,1.03929,1.03943,1.12,1.00
2016.08.04 14:00:53.416,1.03928,1.03943,1.00,1.00
2016.08.04 14:00:53.519,1.03926,1.03943,1.50,1.00
2016.08.04 14:00:53.570,1.03925,1.03941,3.56,1.50
2016.08.04 14:00:53.621,1.03926,1.03941,1.50,1.50
2016.08.04 14:00:53.672,1.03926,1.03941,1.50,1.00
2016.08.04 14:00:53.723,1.03925,1.03941,3.56,1.00
2016.08.04 14:00:53.775,1.03925,1.03941,3.56,1.50
2016.08.04 14:00:53.826,1.03925,1.03941,2.06,2.25
2016.08.04 14:00:53.879,1.03924,1.03941,1.75,1.00
2016.08.04 14:00:53.931,1.03924,1.03941,1.00,1.50
2016.08.04 14:00:53.983,1.03924,1.03941,1.25,1.50
2016.08.04 14:00:54.035,1.03924,1.03941,1.69,1.50
2016.08.04 14:00:54.327,1.03924,1.03941,1.69,1.00
2016.08.04 14:00:54.433,1.03923,1.03941,1.94,1.50
2016.08.04 14:00:54.484,1.03923,1.03941,2.44,1.50
2016.08.04 14:00:54.535,1.03923,1.0394,2.25,1.00
2016.08.04 14:00:54.586,1.03925,1.03939,1.50,1.00
2016.08.04 14:00:54.964,1.03925,1.03937,1.50,1.00
2016.08.04 14:00:55.015,1.03924,1.03937,1.87,1.00
2016.08.04 14:00:55.324,1.03925,1.03937,1.37,1.00
2016.08.04 14:00:55.427,1.03924,1.03937,2.81,1.00
2016.08.04 14:00:55.529,1.03925,1.03937,1.37,1.00
2016.08.04 14:00:55.580,1.03925,1.03939,1.37,1.00
2016.08.04 14:00:55.796,1.03925,1.0394,1.87,1.00
2016.08.04 14:00:55.847,1.03925,1.03943,1.87,3.62
2016.08.04 14:00:56.000,1.03927,1.03943,1.00,3.62
2016.08.04 14:00:56.051,1.03927,1.03942,1.00,1.74
2016.08.04 14:00:56.731,1.03926,1.03942,1.12,1.74
2016.08.04 14:00:56.833,1.03925,1.03942,1.37,2.49
2016.08.04 14:00:56.991,1.03925,1.03941,1.37,1.33
2016.08.04 14:00:57.042,1.03924,1.0394,2.62,1.00
2016.08.04 14:00:57.093,1.03924,1.0394,2.62,1.24
2016.08.04 14:00:57.144,1.03924,1.0394,2.62,1.24
2016.08.04 14:00:57.330,1.03924,1.0394,1.87,1.24
2016.08.04 14:00:57.433,1.03924,1.03941,1.87,3.24
2016.08.04 14:00:57.535,1.03926,1.03941,1.12,2.49
2016.08.04 14:00:57.588,1.03926,1.03941,1.12,2.49
2016.08.04 14:00:57.639,1.03926,1.03941,1.12,1.74
2016.08.04 14:00:57.691,1.03926,1.03942,1.12,2.49
2016.08.04 14:00:57.845,1.03926,1.03942,1.12,2.49
2016.08.04 14:00:57.896,1.03927,1.03942,1.00,1.33
2016.08.04 14:00:58.083,1.03927,1.03942,1.00,1.33
2016.08.04 14:00:58.134,1.03927,1.03943,1.00,3.62
2016.08.04 14:00:58.185,1.03927,1.03943,1.00,2.87
2016.08.04 14:00:58.287,1.03925,1.03943,1.56,2.36
2016.08.04 14:00:58.338,1.03925,1.03943,1.56,1.61
2016.08.04 14:00:58.440,1.03924,1.03942,3.56,1.00
2016.08.04 14:00:58.849,1.03925,1.03943,1.56,2.74
2016.08.04 14:00:58.901,1.03925,1.03943,1.56,1.87
2016.08.04 14:00:58.952,1.03925,1.03943,1.56,1.12
2016.08.04 14:00:59.003,1.03925,1.03943,1.89,1.12
2016.08.04 14:00:59.440,1.03925,1.03943,1.89,1.87
2016.08.04 14:00:59.492,1.03925,1.03942,1.56,1.12
2016.08.04 14:00:59.611,1.03926,1.03942,1.31,1.00
2016.08.04 14:00:59.713,1.03925,1.03941,1.69,1.00
2016.08.04 14:00:59.918,1.03925,1.0394,1.50,1.00
2016.08.04 14:01:00.237,1.03924,1.03941,2.06,1.00
2016.08.04 14:01:00.385,1.03924,1.03941,2.06,1.00
2016.08.04 14:01:00.436,1.03924,1.03939,2.81,1.00
2016.08.04 14:01:00.487,1.03924,1.03939,2.81,1.00
2016.08.04 14:01:00.538,1.03924,1.03942,2.81,1.00
2016.08.04 14:01:01.154,1.03924,1.03942,2.62,1.00
2016.08.04 14:01:01.205,1.03924,1.03942,2.62,1.00
2016.08.04 14:01:01.307,1.03924,1.03942,2.62,1.00
2016.08.04 14:01:01.409,1.03926,1.03939,1.12,1.00
2016.08.04 14:01:01.562,1.03926,1.03939,1.87,1.00
2016.08.04 14:01:01.613,1.03928,1.03943,1.00,1.12
2016.08.04 14:01:01.664,1.03928,1.03943,1.12,1.00
2016.08.04 14:01:01.868,1.03927,1.03943,1.50,1.00
2016.08.04 14:01:02.330,1.03927,1.03943,1.50,1.00
2016.08.04 14:01:02.433,1.03927,1.03942,1.69,1.00
2016.08.04 14:01:02.545,1.03927,1.03942,1.69,1.00
2016.08.04 14:01:02.597,1.03927,1.03942,1.69,1.00
2016.08.04 14:01:02.955,1.03927,1.03942,1.69,1.00
2016.08.04 14:01:03.014,1.03927,1.03943,1.69,1.50
2016.08.04 14:01:03.117,1.03927,1.03941,2.25,1.00
2016.08.04 14:01:03.169,1.03927,1.03941,2.25,1.00
2016.08.04 14:01:03.220,1.03927,1.03943,1.50,1.00
2016.08.04 14:01:03.363,1.03926,1.03943,2.00,1.00
2016.08.04 14:01:03.416,1.03926,1.03941,2.25,1.00
2016.08.04 14:01:03.620,1.03926,1.03941,1.75,1.00
2016.08.04 14:01:03.773,1.03925,1.03941,2.25,1.00
2016.08.04 14:01:03.875,1.03925,1.03941,2.44,1.00
2016.08.04 14:01:03.926,1.03925,1.03942,2.44,1.00
2016.08.04 14:01:04.029,1.03925,1.03941,1.94,1.00
2016.08.04 14:01:04.080,1.03926,1.03941,2.00,1.00
2016.08.04 14:01:04.241,1.03925,1.03941,1.94,1.00
2016.08.04 14:01:04.702,1.03926,1.03941,2.00,1.00
2016.08.04 14:01:05.176,1.03925,1.03941,1.94,1.00
2016.08.04 14:01:05.422,1.03925,1.03939,1.94,1.00
2016.08.04 14:01:05.474,1.03926,1.03939,2.00,1.00
2016.08.04 14:01:05.751,1.03926,1.03939,2.44,1.00
2016.08.04 14:01:05.978,1.03926,1.03939,2.00,1.00
2016.08.04 14:01:06.029,1.03925,1.03939,1.94,1.00
2016.08.04 14:01:06.704,1.03926,1.03939,2.00,1.00
2016.08.04 14:01:06.806,1.03925,1.03939,1.94,1.00
2016.08.04 14:01:07.166,1.03926,1.03939,2.00,1.00
2016.08.04 14:01:07.326,1.03925,1.03933,1.94,1.00
2016.08.04 14:01:07.381,1.03924,1.03932,1.12,1.00
2016.08.04 14:01:07.432,1.03923,1.03931,1.00,1.00
2016.08.04 14:01:07.483,1.03921,1.0393,1.12,1.00
2016.08.04 14:01:07.587,1.03915,1.03927,1.87,1.00
2016.08.04 14:01:07.689,1.03914,1.03927,1.12,1.00
2016.08.04 14:01:07.742,1.03908,1.03923,1.66,1.00
2016.08.04 14:01:07.793,1.03908,1.03923,1.28,1.00
2016.08.04 14:01:07.847,1.03908,1.03923,1.09,1.00
2016.08.04 14:01:07.997,1.03908,1.03923,1.47,1.00
2016.08.04 14:01:08.099,1.03907,1.03923,2.78,1.00
2016.08.04 14:01:08.202,1.03909,1.03926,1.50,1.00
2016.08.04 14:01:08.254,1.03909,1.03928,2.44,5.85
2016.08.04 14:01:08.305,1.03909,1.03928,2.44,2.48
2016.08.04 14:01:08.356,1.03911,1.03926,1.31,1.00
2016.08.04 14:01:08.560,1.0391,1.03928,2.06,2.48
2016.08.04 14:01:08.885,1.0391,1.03928,2.06,1.73
2016.08.04 14:01:08.936,1.0391,1.03928,1.87,1.73
2016.08.04 14:01:09.139,1.0391,1.03926,1.37,1.00
2016.08.04 14:01:09.191,1.03909,1.03926,2.62,1.00
2016.08.04 14:01:09.345,1.03909,1.03926,1.50,1.00
2016.08.04 14:01:09.447,1.0391,1.03927,1.37,1.73
2016.08.04 14:01:09.549,1.0391,1.03926,1.37,1.00
2016.08.04 14:01:09.753,1.0391,1.03926,1.37,1.50
2016.08.04 14:01:10.265,1.0391,1.03926,1.00,2.25
2016.08.04 14:01:10.316,1.0391,1.03926,1.00,3.23
2016.08.04 14:01:10.729,1.0391,1.03926,1.00,2.48
2016.08.04 14:01:11.016,1.0391,1.03926,1.00,3.23
2016.08.04 14:01:11.169,1.03909,1.03926,1.87,2.48
2016.08.04 14:01:11.220,1.03909,1.03926,1.87,1.00
2016.08.04 14:01:11.271,1.03909,1.03927,1.12,1.50
2016.08.04 14:01:11.322,1.03908,1.03926,1.69,1.00
2016.08.04 14:01:11.373,1.03908,1.03924,1.00,1.00
2016.08.04 14:01:11.667,1.03908,1.03926,1.00,1.00
2016.08.04 14:01:11.923,1.03908,1.03926,1.00,1.00
2016.08.04 14:01:12.128,1.03908,1.03926,1.19,1.00
2016.08.04 14:01:12.180,1.0391,1.03926,1.00,1.00
2016.08.04 14:01:13.306,1.03907,1.03921,1.31,1.22
2016.08.04 14:01:13.357,1.03906,1.03917,1.37,1.00
2016.08.04 14:01:13.409,1.03906,1.03917,1.00,1.12
2016.08.04 14:01:13.460,1.039,1.03915,1.69,1.00
2016.08.04 14:01:13.563,1.039,1.03915,1.31,1.00
2016.08.04 14:01:13.614,1.039,1.03915,1.19,1.00
2016.08.04 14:01:13.768,1.039,1.03915,1.00,1.69
2016.08.04 14:01:13.819,1.039,1.03915,1.00,2.91
2016.08.04 14:01:13.870,1.03897,1.03913,1.50,1.00
2016.08.04 14:01:13.922,1.03897,1.03913,1.12,1.12
2016.08.04 14:01:13.973,1.03897,1.03913,1.12,1.50
2016.08.04 14:01:14.024,1.03896,1.03913,1.00,2.25
2016.08.04 14:01:14.076,1.03896,1.03913,1.00,3.47
2016.08.04 14:01:14.219,1.03896,1.03911,1.00,2.35
2016.08.04 14:01:14.270,1.03896,1.03909,1.00,1.12
2016.08.04 14:01:14.322,1.03896,1.03909,1.00,3.10
2016.08.04 14:01:14.425,1.03896,1.03907,1.00,1.00
2016.08.04 14:01:14.530,1.03896,1.03904,1.00,1.12
2016.08.04 14:01:14.582,1.03896,1.03904,1.00,1.60
2016.08.04 14:01:14.635,1.03885,1.03904,1.25,1.60
2016.08.04 14:01:14.792,1.03885,1.03904,1.25,1.47
2016.08.04 14:01:14.943,1.03885,1.03902,1.25,1.60
2016.08.04 14:01:15.053,1.03886,1.03902,1.00,1.60
2016.08.04 14:01:15.155,1.03885,1.03902,1.25,1.60
2016.08.04 14:01:15.258,1.03884,1.03902,1.69,1.60
2016.08.04 14:01:15.309,1.03884,1.03902,2.06,1.22
2016.08.04 14:01:15.413,1.03884,1.03902,2.81,1.00
2016.08.04 14:01:15.465,1.03887,1.03906,1.69,2.22
2016.08.04 14:01:15.619,1.03887,1.03906,2.44,1.00
2016.08.04 14:01:15.671,1.03888,1.03908,2.06,1.00
2016.08.04 14:01:15.773,1.03888,1.03908,1.31,1.00
2016.08.04 14:01:15.926,1.03888,1.03908,1.19,1.00
2016.08.04 14:01:16.029,1.03888,1.03908,1.31,1.00
2016.08.04 14:01:16.182,1.03888,1.03908,2.06,1.00
2016.08.04 14:01:16.524,1.03889,1.03908,1.19,1.00
2016.08.04 14:01:16.576,1.03891,1.03908,1.31,1.00
2016.08.04 14:01:16.627,1.03892,1.03908,1.31,1.00
2016.08.04 14:01:16.679,1.03892,1.0391,1.31,2.59
2016.08.04 14:01:16.849,1.03892,1.0391,1.31,1.84
2016.08.04 14:01:17.103,1.03892,1.0391,1.31,1.09
2016.08.04 14:01:17.154,1.03893,1.0391,1.25,1.12
2016.08.04 14:01:17.307,1.03893,1.0391,1.25,1.87
2016.08.04 14:01:17.409,1.03893,1.0391,1.25,1.12
2016.08.04 14:01:17.564,1.03892,1.0391,2.06,1.12
2016.08.04 14:01:17.862,1.03892,1.0391,2.81,1.12
2016.08.04 14:01:18.771,1.03892,1.0391,2.06,1.12
2016.08.04 14:01:19.064,1.03892,1.0391,2.78,1.12
2016.08.04 14:01:19.116,1.03892,1.0391,2.78,1.87
2016.08.04 14:01:19.217,1.03892,1.0391,2.78,1.12
2016.08.04 14:01:19.391,1.03892,1.0391,2.78,1.12
2016.08.04 14:01:19.442,1.03896,1.0391,1.00,1.12
2016.08.04 14:01:19.596,1.03899,1.03917,1.00,1.94
2016.08.04 14:01:19.647,1.039,1.03917,1.12,1.94
2016.08.04 14:01:19.698,1.039,1.03917,1.12,1.00
2016.08.04 14:01:20.062,1.03901,1.03918,1.00,1.50
2016.08.04 14:01:20.114,1.03901,1.03918,1.87,1.00
2016.08.04 14:01:20.166,1.039,1.03916,1.50,1.00
2016.08.04 14:01:20.275,1.03902,1.03917,1.19,1.00
2016.08.04 14:01:20.550,1.03903,1.03918,1.25,1.00
2016.08.04 14:01:20.755,1.03901,1.03919,1.31,1.00
2016.08.04 14:01:20.857,1.039,1.03919,2.44,1.50
2016.08.04 14:01:20.959,1.039,1.03915,2.44,1.00
2016.08.04 14:01:21.195,1.039,1.03917,1.69,1.00
2016.08.04 14:01:21.452,1.03901,1.03917,1.31,1.00
2016.08.04 14:01:21.555,1.03903,1.03919,1.00,1.00
2016.08.04 14:01:21.607,1.03903,1.03919,1.19,1.37
2016.08.04 14:01:21.658,1.03906,1.03921,1.00,1.87
2016.08.04 14:01:21.710,1.03906,1.03921,1.19,1.37
2016.08.04 14:01:21.761,1.03906,1.03923,1.19,1.75
2016.08.04 14:01:21.813,1.03906,1.03923,1.19,1.50
2016.08.04 14:01:23.068,1.03903,1.03921,4.28,1.00
2016.08.04 14:01:23.119,1.03903,1.03921,3.53,1.00
2016.08.04 14:01:23.170,1.03903,1.03921,2.81,1.00
2016.08.04 14:01:23.221,1.03903,1.03921,2.06,1.00
2016.08.04 14:01:23.816,1.03904,1.03921,1.19,1.00
2016.08.04 14:01:23.920,1.03904,1.03921,1.00,1.00
2016.08.04 14:01:23.971,1.03903,1.03921,1.31,1.00
2016.08.04 14:01:24.884,1.03904,1.03921,1.00,1.00
2016.08.04 14:01:25.681,1.03904,1.0392,1.00,1.00
2016.08.04 14:01:25.783,1.03903,1.03922,2.06,1.12
2016.08.04 14:01:25.936,1.03903,1.03921,2.06,1.22
2016.08.04 14:01:25.987,1.03904,1.03921,1.00,1.97
2016.08.04 14:01:26.140,1.03904,1.03921,1.00,1.00
2016.08.04 14:01:26.711,1.03904,1.0392,1.00,1.00
2016.08.04 14:01:26.976,1.03903,1.0392,1.87,3.23
2016.08.04 14:01:27.361,1.03903,1.0392,1.87,2.48
2016.08.04 14:01:28.116,1.03903,1.0392,1.87,3.23
2016.08.04 14:01:28.218,1.03902,1.03917,1.31,1.00
2016.08.04 14:01:28.270,1.03899,1.03914,2.81,1.00
2016.08.04 14:01:28.322,1.03897,1.03914,2.00,1.87
2016.08.04 14:01:28.373,1.03896,1.03911,1.94,1.00
2016.08.04 14:01:28.531,1.03894,1.03912,1.69,2.85
2016.08.04 14:01:28.634,1.03893,1.03912,1.56,2.85
2016.08.04 14:01:28.685,1.03892,1.0391,3.19,1.00
2016.08.04 14:01:28.736,1.03892,1.0391,2.44,1.00
2016.08.04 14:01:28.788,1.03892,1.03908,1.69,1.50
2016.08.04 14:01:28.839,1.03892,1.03908,1.00,3.23
2016.08.04 14:01:28.891,1.03891,1.03908,1.31,3.23
2016.08.04 14:01:28.942,1.03891,1.03908,1.12,3.98
2016.08.04 14:01:28.994,1.03891,1.03908,1.12,3.23
2016.08.04 14:01:29.045,1.03891,1.03907,1.12,1.49
2016.08.04 14:01:29.365,1.03891,1.03906,1.12,3.49
2016.08.04 14:01:29.675,1.03892,1.03906,1.00,3.49
2016.08.04 14:01:29.778,1.03892,1.03906,1.00,1.00
2016.08.04 14:01:29.829,1.03892,1.03907,1.00,1.24
2016.08.04 14:01:30.218,1.03894,1.03907,1.00,1.24
2016.08.04 14:01:30.269,1.03894,1.03909,1.25,3.49
2016.08.04 14:01:30.371,1.03894,1.03909,1.25,1.00
2016.08.04 14:01:30.423,1.03895,1.0391,1.00,1.15
2016.08.04 14:01:30.475,1.03895,1.03911,1.31,2.74
2016.08.04 14:01:30.948,1.03895,1.0391,1.31,1.24
2016.08.04 14:01:31.000,1.03894,1.0391,1.56,1.99
2016.08.04 14:01:31.052,1.03894,1.0391,1.37,1.99
2016.08.04 14:01:31.417,1.03894,1.0391,1.37,1.24
2016.08.04 14:01:31.621,1.03892,1.0391,2.44,1.24
2016.08.04 14:01:32.144,1.03892,1.0391,2.44,1.00
2016.08.04 14:01:32.760,1.03892,1.0391,3.19,1.00
2016.08.04 14:01:33.379,1.03892,1.0391,2.44,3.73
2016.08.04 14:01:33.430,1.03892,1.03907,2.00,1.00
2016.08.04 14:01:33.482,1.03892,1.03904,2.00,1.00
2016.08.04 14:01:33.534,1.03891,1.03904,1.69,1.00
2016.08.04 14:01:33.586,1.03891,1.03905,1.50,1.00
2016.08.04 14:01:33.637,1.03889,1.03905,2.00,1.00
2016.08.04 14:01:33.740,1.03888,1.03903,1.56,1.00
2016.08.04 14:01:33.792,1.03888,1.03903,1.31,1.00
2016.08.04 14:01:34.419,1.03889,1.03904,1.25,1.00
2016.08.04 14:01:34.826,1.03888,1.03903,1.31,1.00
2016.08.04 14:01:35.129,1.0389,1.03905,1.00,1.00
2016.08.04 14:01:35.537,1.0389,1.03905,1.19,1.00
2016.08.04 14:01:36.116,1.03891,1.03904,1.19,1.00
2016.08.04 14:01:36.868,1.03891,1.03904,1.19,1.50
2016.08.04 14:01:36.976,1.03891,1.03904,1.00,1.50
2016.08.04 14:01:37.026,1.03889,1.03905,1.19,1.00
2016.08.04 14:01:37.293,1.03888,1.03901,1.12,1.00
2016.08.04 14:01:37.345,1.03887,1.03901,1.37,1.00
2016.08.04 14:01:37.396,1.03886,1.03898,2.62,1.00
2016.08.04 14:01:37.447,1.03886,1.03898,1.37,1.00
2016.08.04 14:01:37.498,1.03886,1.03897,1.12,1.00
2016.08.04 14:01:37.600,1.03884,1.03897,1.99,1.00
2016.08.04 14:01:37.730,1.03883,1.03896,2.49,1.00
2016.08.04 14:01:37.781,1.03883,1.03896,2.25,1.00
2016.08.04 14:01:37.883,1.03883,1.03896,1.75,1.00
2016.08.04 14:01:38.036,1.03884,1.039,1.75,1.00
2016.08.04 14:01:38.088,1.03884,1.039,2.25,1.00
2016.08.04 14:01:38.139,1.03886,1.039,1.12,1.00
2016.08.04 14:01:38.504,1.03885,1.03901,1.50,1.00
2016.08.04 14:01:39.439,1.03885,1.03899,1.50,1.00
2016.08.04 14:01:40.502,1.03885,1.03898,1.50,1.00
2016.08.04 14:01:40.706,1.03886,1.03899,1.12,1.00
2016.08.04 14:01:41.913,1.03886,1.03899,1.31,1.00
2016.08.04 14:01:42.015,1.03887,1.03902,1.00,1.24
2016.08.04 14:01:42.066,1.03889,1.03903,1.00,1.37
2016.08.04 14:01:42.118,1.03889,1.03904,1.50,1.99
2016.08.04 14:01:42.169,1.03889,1.03906,2.62,1.99
2016.08.04 14:01:42.310,1.0389,1.03905,1.87,1.62
2016.08.04 14:01:42.363,1.0389,1.03905,1.69,1.00
2016.08.04 14:01:42.684,1.0389,1.03905,2.44,1.00
2016.08.04 14:01:43.157,1.0389,1.03905,1.69,1.00
2016.08.04 14:01:43.385,1.0389,1.03905,1.69,1.24
2016.08.04 14:01:44.251,1.0389,1.03905,2.44,1.24
2016.08.04 14:01:44.454,1.0389,1.03905,1.69,1.24
2016.08.04 14:01:44.556,1.0389,1.03906,2.44,1.24
2016.08.04 14:01:44.973,1.0389,1.03906,1.69,1.24
2016.08.04 14:01:45.026,1.03889,1.03904,3.56,1.33
2016.08.04 14:01:45.078,1.03889,1.03904,2.81,1.33
2016.08.04 14:01:45.347,1.03889,1.03904,2.62,1.33
2016.08.04 14:01:45.589,1.03889,1.03903,2.62,1.00
2016.08.04 14:01:45.863,1.03889,1.03903,2.62,1.50
2016.08.04 14:01:45.938,1.03889,1.03903,2.62,1.00
2016.08.04 14:01:46.913,1.03889,1.03903,2.62,1.50
2016.08.04 14:01:47.427,1.03889,1.03904,2.62,1.50
2016.08.04 14:01:47.632,1.03889,1.03902,1.87,1.00
2016.08.04 14:01:47.735,1.03889,1.03902,1.50,1.00
2016.08.04 14:01:47.786,1.03889,1.03902,1.12,1.00
2016.08.04 14:01:50.669,1.03887,1.03902,3.00,1.00
2016.08.04 14:01:51.092,1.03887,1.03902,2.25,1.00
2016.08.04 14:01:51.143,1.03887,1.03901,1.87,1.00
2016.08.04 14:01:51.194,1.03887,1.03901,1.00,1.00
2016.08.04 14:01:51.362,1.03887,1.03901,1.00,1.50
2016.08.04 14:01:51.463,1.03884,1.03897,1.69,1.00
2016.08.04 14:01:51.515,1.03883,1.03897,1.62,1.00
2016.08.04 14:01:51.566,1.03881,1.03895,1.25,1.00
2016.08.04 14:01:51.822,1.03878,1.03893,3.00,1.00
2016.08.04 14:01:51.924,1.03878,1.03894,2.62,1.00
2016.08.04 14:01:52.128,1.03878,1.03894,1.87,1.00
2016.08.04 14:01:52.626,1.03878,1.03893,1.69,1.00
2016.08.04 14:01:53.681,1.03878,1.03895,1.25,3.37
2016.08.04 14:01:53.837,1.03878,1.03893,1.25,1.50
2016.08.04 14:01:53.889,1.03876,1.03893,2.44,1.87
2016.08.04 14:01:53.940,1.03876,1.03893,2.06,2.25
2016.08.04 14:01:54.043,1.03876,1.03889,1.87,1.00
2016.08.04 14:01:54.094,1.03876,1.03889,1.00,1.00
2016.08.04 14:01:54.247,1.03874,1.03889,1.69,1.00
2016.08.04 14:01:54.800,1.03874,1.03889,1.50,1.00
2016.08.04 14:01:55.248,1.03873,1.03889,1.87,1.00
2016.08.04 14:01:55.350,1.03875,1.03891,1.12,2.25
2016.08.04 14:01:55.401,1.03875,1.03891,1.12,2.25
2016.08.04 14:01:55.452,1.03874,1.0389,1.50,1.00
2016.08.04 14:01:56.492,1.03873,1.03891,1.12,1.50
2016.08.04 14:01:56.543,1.03873,1.03892,1.12,1.87
2016.08.04 14:01:56.757,1.03873,1.03892,2.19,2.62
2016.08.04 14:01:56.979,1.03873,1.03892,2.19,1.87
2016.08.04 14:01:57.030,1.03877,1.03893,1.75,1.50
2016.08.04 14:01:57.081,1.03877,1.03891,1.75,1.00
2016.08.04 14:01:57.132,1.03879,1.03891,1.50,1.00
2016.08.04 14:01:57.183,1.03879,1.03895,1.50,2.25
2016.08.04 14:01:57.235,1.0388,1.03895,1.75,1.87
2016.08.04 14:01:57.286,1.0388,1.03895,2.25,1.00
2016.08.04 14:01:57.338,1.03881,1.03895,1.50,1.00
2016.08.04 14:01:57.531,1.0388,1.03896,1.75,1.00
2016.08.04 14:01:57.728,1.03881,1.03896,1.50,1.00
2016.08.04 14:01:58.019,1.03881,1.03896,1.50,1.00
2016.08.04 14:01:58.070,1.03879,1.03893,3.00,1.00
2016.08.04 14:01:58.172,1.03879,1.03892,2.25,1.00
2016.08.04 14:01:58.342,1.0388,1.03892,1.19,1.00
2016.08.04 14:01:59.274,1.03879,1.03892,2.25,1.00
2016.08.04 14:02:00.137,1.03879,1.03892,1.25,1.00
2016.08.04 14:02:00.188,1.03878,1.0389,1.56,1.00
2016.08.04 14:02:00.357,1.03877,1.03891,1.50,1.12
2016.08.04 14:02:00.873,1.03876,1.03891,2.25,1.12
2016.08.04 14:02:01.077,1.03876,1.0389,1.69,1.00
2016.08.04 14:02:01.489,1.03876,1.03891,1.69,1.12
2016.08.04 14:02:01.692,1.03876,1.03891,1.69,1.87
2016.08.04 14:02:01.743,1.03876,1.03891,1.19,1.87
2016.08.04 14:02:01.794,1.03876,1.0389,1.19,1.00
2016.08.04 14:02:01.937,1.03876,1.0389,1.69,1.00
2016.08.04 14:02:02.142,1.03876,1.0389,1.00,1.00
2016.08.04 14:02:02.285,1.03873,1.03886,1.50,1.00
2016.08.04 14:02:02.339,1.03873,1.03886,1.12,1.24
2016.08.04 14:02:02.391,1.03873,1.03884,1.12,1.00
2016.08.04 14:02:02.494,1.03867,1.03882,1.62,1.50
2016.08.04 14:02:02.546,1.03865,1.03882,3.19,1.50
2016.08.04 14:02:02.597,1.03867,1.03882,1.12,1.00
2016.08.04 14:02:02.649,1.03868,1.03882,1.69,1.00
2016.08.04 14:02:02.700,1.03869,1.03887,1.31,2.08
2016.08.04 14:02:02.751,1.03871,1.03887,1.69,1.75
2016.08.04 14:02:02.803,1.03871,1.03887,1.69,1.37
2016.08.04 14:02:02.854,1.03871,1.03887,1.19,1.12
2016.08.04 14:02:02.906,1.03871,1.03889,1.19,2.08
2016.08.04 14:02:03.076,1.03871,1.03889,1.31,2.08
2016.08.04 14:02:03.128,1.03871,1.03891,2.74,2.49
2016.08.04 14:02:03.179,1.03871,1.03891,3.49,2.49
2016.08.04 14:02:03.281,1.03871,1.03891,3.11,2.68
2016.08.04 14:02:03.332,1.03871,1.03891,2.55,2.68
2016.08.04 14:02:03.383,1.03871,1.03891,2.55,3.06
2016.08.04 14:02:03.434,1.03871,1.03889,1.80,1.33
2016.08.04 14:02:03.485,1.03871,1.03891,1.80,3.06
2016.08.04 14:02:03.587,1.03871,1.03889,1.80,1.37
2016.08.04 14:02:03.638,1.03871,1.03889,2.55,1.37
2016.08.04 14:02:03.773,1.03872,1.03887,1.12,1.00
2016.08.04 14:02:03.877,1.03873,1.03888,1.00,1.00
2016.08.04 14:02:03.979,1.03873,1.03888,1.00,1.50
2016.08.04 14:02:04.164,1.03873,1.03888,1.00,1.74
2016.08.04 14:02:04.433,1.03873,1.03888,1.00,2.12
2016.08.04 14:02:04.643,1.03873,1.03887,1.00,1.24
2016.08.04 14:02:04.897,1.0387,1.03888,3.37,2.87
2016.08.04 14:02:05.050,1.03871,1.03888,1.37,1.87
2016.08.04 14:02:05.101,1.03871,1.03885,1.50,1.00
2016.08.04 14:02:05.153,1.03871,1.03885,1.87,1.00
2016.08.04 14:02:05.614,1.03871,1.03885,1.12,1.00
2016.08.04 14:02:05.787,1.0387,1.03883,2.81,1.00
2016.08.04 14:02:05.839,1.0387,1.03883,2.06,1.00
2016.08.04 14:02:05.890,1.0387,1.03884,1.62,1.00
2016.08.04 14:02:05.941,1.0387,1.03884,1.44,1.00
2016.08.04 14:02:05.992,1.0387,1.03883,1.44,1.00
2016.08.04 14:02:06.145,1.0387,1.03884,1.44,1.00
2016.08.04 14:02:06.246,1.0387,1.03883,1.44,1.00
2016.08.04 14:02:06.464,1.03869,1.03883,3.37,1.00
2016.08.04 14:02:06.566,1.03869,1.03883,2.62,1.00
2016.08.04 14:02:06.668,1.03869,1.03883,2.62,1.50
2016.08.04 14:02:06.770,1.03869,1.03883,2.62,1.00
2016.08.04 14:02:07.510,1.0387,1.03883,1.31,1.00
2016.08.04 14:02:07.562,1.0387,1.03883,1.31,1.50
2016.08.04 14:02:07.663,1.0387,1.03883,1.31,1.00
2016.08.04 14:02:07.777,1.03869,1.03886,4.12,1.00
2016.08.04 14:02:07.829,1.03869,1.03886,4.12,1.00
2016.08.04 14:02:08.219,1.03869,1.03886,3.37,1.00
2016.08.04 14:02:08.270,1.03869,1.03886,2.81,1.33
2016.08.04 14:02:08.529,1.03869,1.03886,3.56,1.33
2016.08.04 14:02:08.581,1.03871,1.03885,3.75,1.00
2016.08.04 14:02:08.632,1.03873,1.03885,1.50,1.00
2016.08.04 14:02:08.685,1.03873,1.03887,1.50,1.12
2016.08.04 14:02:08.736,1.03872,1.03887,2.25,1.12
2016.08.04 14:02:08.787,1.03872,1.03887,2.62,1.00
2016.08.04 14:02:09.392,1.03873,1.03885,1.50,1.00
2016.08.04 14:02:09.451,1.0387,1.03885,2.25,1.12
2016.08.04 14:02:09.503,1.0387,1.03881,1.37,1.00
2016.08.04 14:02:09.555,1.0387,1.03881,1.00,1.00
2016.08.04 14:02:09.607,1.03869,1.03884,1.31,1.37
2016.08.04 14:02:09.660,1.03868,1.03884,1.69,1.33
2016.08.04 14:02:09.711,1.03869,1.03884,1.19,1.33
2016.08.04 14:02:09.763,1.03869,1.03884,1.56,1.00
2016.08.04 14:02:09.814,1.03869,1.03886,1.56,1.24
2016.08.04 14:02:09.865,1.03869,1.03887,1.89,1.87
2016.08.04 14:02:09.916,1.03868,1.03887,1.18,1.12
2016.08.04 14:02:10.066,1.03868,1.03888,1.93,2.25
2016.08.04 14:02:10.169,1.03867,1.03885,1.18,1.33
2016.08.04 14:02:10.220,1.03867,1.03885,1.18,1.74
2016.08.04 14:02:10.272,1.03866,1.03885,2.44,2.49
2016.08.04 14:02:10.324,1.03866,1.03885,2.00,2.49
2016.08.04 14:02:10.375,1.03866,1.03885,1.62,2.87
2016.08.04 14:02:10.426,1.03866,1.03885,1.19,2.49
2016.08.04 14:02:10.477,1.03866,1.03885,1.19,2.25
2016.08.04 14:02:10.528,1.03866,1.03885,1.00,3.00
2016.08.04 14:02:11.088,1.03866,1.0388,1.50,1.00
2016.08.04 14:02:11.508,1.0387,1.03885,1.12,1.50
2016.08.04 14:02:11.561,1.0387,1.03886,5.12,2.25
2016.08.04 14:02:11.612,1.0387,1.03886,5.87,1.75
2016.08.04 14:02:11.663,1.03872,1.03886,1.33,1.75
2016.08.04 14:02:11.715,1.03874,1.03892,2.25,2.62
2016.08.04 14:02:11.767,1.03874,1.03892,3.24,1.37
2016.08.04 14:02:11.818,1.03877,1.03891,1.00,1.00
2016.08.04 14:02:11.921,1.03873,1.03889,2.17,1.00
2016.08.04 14:02:11.972,1.03873,1.03889,1.75,1.00
2016.08.04 14:02:12.023,1.03873,1.03889,1.75,1.00
2016.08.04 14:02:12.485,1.03873,1.03889,1.37,1.00
2016.08.04 14:02:12.536,1.03873,1.03889,1.00,1.00
2016.08.04 14:02:12.889,1.03872,1.03888,1.69,1.00
2016.08.04 14:02:13.577,1.03872,1.03888,1.93,1.00
2016.08.04 14:02:13.678,1.03872,1.03888,1.69,1.00
2016.08.04 14:02:13.781,1.03873,1.03888,1.00,1.00
2016.08.04 14:02:13.883,1.03873,1.0389,1.00,1.50
2016.08.04 14:02:14.290,1.03877,1.0389,1.00,1.00
2016.08.04 14:02:14.458,1.03877,1.03893,1.00,1.37
2016.08.04 14:02:14.509,1.03878,1.03893,1.25,1.00
2016.08.04 14:02:14.614,1.03877,1.03894,1.51,1.12
2016.08.04 14:02:14.830,1.03877,1.03895,1.51,1.50
2016.08.04 14:02:15.024,1.03877,1.03895,1.18,1.50
2016.08.04 14:02:15.275,1.03877,1.0389,1.00,1.00
2016.08.04 14:02:15.326,1.03875,1.03888,1.12,1.00
2016.08.04 14:02:15.378,1.03874,1.03888,1.69,1.00
2016.08.04 14:02:15.429,1.03874,1.03889,1.31,1.00
2016.08.04 14:02:15.774,1.03874,1.03887,1.31,1.00
2016.08.04 14:02:16.506,1.03874,1.03889,2.06,1.00
2016.08.04 14:02:16.607,1.03874,1.03886,1.12,1.00
2016.08.04 14:02:16.909,1.03873,1.03885,1.33,1.00
2016.08.04 14:02:16.961,1.03873,1.03885,1.00,1.00
2016.08.04 14:02:17.068,1.03872,1.03885,1.31,1.00
2016.08.04 14:02:17.119,1.0387,1.03885,1.31,1.00
2016.08.04 14:02:17.222,1.0387,1.03886,1.31,1.12
2016.08.04 14:02:17.427,1.0387,1.03885,1.31,1.00
2016.08.04 14:02:18.590,1.0387,1.03885,2.06,1.00
2016.08.04 14:02:19.928,1.0387,1.03887,2.06,1.12
2016.08.04 14:02:20.616,1.0387,1.03884,2.06,1.00
2016.08.04 14:02:20.667,1.0387,1.03884,2.31,1.00
2016.08.04 14:02:21.612,1.0387,1.03884,1.56,1.00
2016.08.04 14:02:21.991,1.0387,1.03884,1.31,1.00
2016.08.04 14:02:23.209,1.03869,1.03884,1.69,1.00
2016.08.04 14:02:24.324,1.03869,1.03884,2.81,1.00
2016.08.04 14:02:24.557,1.03869,1.03884,2.44,1.00
2016.08.04 14:02:24.947,1.03867,1.0388,3.56,1.00
2016.08.04 14:02:24.999,1.03867,1.0388,1.94,1.00
2016.08.04 14:02:25.159,1.03865,1.0388,1.31,1.00
2016.08.04 14:02:25.210,1.03864,1.0388,1.69,1.00
2016.08.04 14:02:25.312,1.03863,1.0388,1.94,1.00
2016.08.04 14:02:25.466,1.03863,1.0388,1.94,1.00
2016.08.04 14:02:25.518,1.03864,1.0388,1.69,1.00
2016.08.04 14:02:25.570,1.03864,1.03879,2.06,1.00
2016.08.04 14:02:25.621,1.03864,1.03879,1.56,1.00
2016.08.04 14:02:25.785,1.03863,1.03879,1.94,1.00
2016.08.04 14:02:25.958,1.03862,1.03879,5.06,1.00
2016.08.04 14:02:26.225,1.03862,1.03879,3.94,1.00
2016.08.04 14:02:26.276,1.03862,1.03879,3.56,1.00
2016.08.04 14:02:26.476,1.03862,1.03879,2.81,1.00
2016.08.04 14:02:26.527,1.03862,1.03879,3.94,1.00
2016.08.04 14:02:26.578,1.03863,1.03879,1.31,1.00
2016.08.04 14:02:26.630,1.03864,1.03879,1.69,1.00
2016.08.04 14:02:27.220,1.03865,1.03879,1.31,1.00
2016.08.04 14:02:27.322,1.03862,1.03878,5.06,1.00
2016.08.04 14:02:27.373,1.03862,1.03878,4.31,1.00
2016.08.04 14:02:27.424,1.03862,1.03876,4.31,1.00
2016.08.04 14:02:27.475,1.03862,1.03876,3.37,1.00
2016.08.04 14:02:28.110,1.03863,1.03879,1.75,1.50
2016.08.04 14:02:28.264,1.03863,1.03879,1.94,1.50
2016.08.04 14:02:28.468,1.03863,1.03878,1.94,1.00
2016.08.04 14:02:29.070,1.03863,1.03879,1.94,1.50
2016.08.04 14:02:29.181,1.03863,1.03878,1.94,1.00
2016.08.04 14:02:29.232,1.03862,1.03878,2.81,1.00
2016.08.04 14:02:29.389,1.03862,1.03879,2.81,2.25
2016.08.04 14:02:29.871,1.03862,1.03879,3.56,2.25
2016.08.04 14:02:30.474,1.03862,1.03879,3.56,1.50
2016.08.04 14:02:30.577,1.03863,1.03879,1.31,1.50
2016.08.04 14:02:30.770,1.03862,1.03878,2.81,1.00
2016.08.04 14:02:30.821,1.03862,1.03876,3.56,1.00
2016.08.04 14:02:30.924,1.03863,1.03879,1.94,2.25
2016.08.04 14:02:31.078,1.03863,1.03879,1.94,1.50
2016.08.04 14:02:31.180,1.03863,1.03879,2.06,1.50
2016.08.04 14:02:31.232,1.03864,1.0388,1.69,1.00
2016.08.04 14:02:32.645,1.03864,1.0388,1.50,1.00
2016.08.04 14:02:33.188,1.03864,1.03879,1.50,1.00
2016.08.04 14:02:33.239,1.03863,1.03876,2.44,1.00
2016.08.04 14:02:33.291,1.03863,1.03876,2.25,1.00
2016.08.04 14:02:33.421,1.03863,1.03876,2.00,1.00
2016.08.04 14:02:33.473,1.03862,1.03877,2.81,1.00
2016.08.04 14:02:33.576,1.03862,1.03877,2.06,1.00
2016.08.04 14:02:33.627,1.03862,1.03877,1.87,1.00
2016.08.04 14:02:33.678,1.03862,1.03877,1.87,1.00
2016.08.04 14:02:34.297,1.03862,1.03877,2.62,1.00
2016.08.04 14:02:34.452,1.03862,1.03877,1.87,1.00
2016.08.04 14:02:34.772,1.03862,1.03877,2.62,1.00
2016.08.04 14:02:35.168,1.03862,1.03877,1.87,1.00
2016.08.04 14:02:35.280,1.03862,1.03878,2.62,1.00
2016.08.04 14:02:35.744,1.03862,1.03878,1.87,1.00
2016.08.04 14:02:36.079,1.03862,1.03878,2.62,1.50
2016.08.04 14:02:36.182,1.03862,1.03878,2.62,1.00
2016.08.04 14:02:36.436,1.03862,1.03876,2.25,1.00
2016.08.04 14:02:36.487,1.03862,1.03875,2.25,1.00
2016.08.04 14:02:36.539,1.0386,1.03876,1.37,1.50
2016.08.04 14:02:36.590,1.0386,1.03873,1.37,1.00
2016.08.04 14:02:36.641,1.0386,1.03872,1.37,1.00
2016.08.04 14:02:36.693,1.03858,1.03872,1.75,1.50
2016.08.04 14:02:36.869,1.03857,1.0387,2.25,1.00
2016.08.04 14:02:36.921,1.03856,1.03868,1.00,1.00
2016.08.04 14:02:37.673,1.03857,1.03869,1.00,1.00
2016.08.04 14:02:37.801,1.03856,1.03869,1.50,1.00
2016.08.04 14:02:37.852,1.03858,1.03872,1.00,1.00
2016.08.04 14:02:38.056,1.03859,1.03872,1.12,1.00
2016.08.04 14:02:38.108,1.03859,1.03872,1.50,1.00
2016.08.04 14:02:38.159,1.0386,1.03872,1.00,1.00
2016.08.04 14:02:39.857,1.03859,1.03872,1.50,1.00
2016.08.04 14:02:39.910,1.03859,1.03872,1.87,1.00
2016.08.04 14:02:39.962,1.03859,1.03872,2.25,1.00
2016.08.04 14:02:40.064,1.0386,1.03872,1.00,1.00
2016.08.04 14:02:40.320,1.0386,1.03875,1.00,1.00
2016.08.04 14:02:40.431,1.03859,1.03875,2.25,1.00
2016.08.04 14:02:40.482,1.03859,1.03875,1.87,1.00
2016.08.04 14:02:40.533,1.03859,1.03875,1.87,1.33
2016.08.04 14:02:40.952,1.03859,1.03875,2.25,1.33
2016.08.04 14:02:41.004,1.03859,1.03875,2.25,1.33
2016.08.04 14:02:41.056,1.03862,1.03875,1.00,1.50
2016.08.04 14:02:41.158,1.03862,1.03875,1.00,1.00
2016.08.04 14:02:41.260,1.03861,1.03875,1.00,1.50
2016.08.04 14:02:41.361,1.03861,1.03875,1.00,1.00
2016.08.04 14:02:41.464,1.0386,1.03875,1.00,1.50
2016.08.04 14:02:41.567,1.03861,1.03875,1.00,1.00
2016.08.04 14:02:41.670,1.03859,1.03875,1.87,1.00
2016.08.04 14:02:41.877,1.03859,1.03875,1.87,1.50
2016.08.04 14:02:41.928,1.03859,1.03875,1.87,1.00
2016.08.04 14:02:42.244,1.03859,1.03874,1.50,1.50
2016.08.04 14:02:42.295,1.03859,1.03871,1.00,1.00
2016.08.04 14:02:42.346,1.03859,1.03868,1.00,1.00
2016.08.04 14:02:42.397,1.03859,1.03868,1.00,1.00
2016.08.04 14:02:42.448,1.03857,1.03868,1.62,1.00
2016.08.04 14:02:42.550,1.03857,1.03868,1.25,1.00
2016.08.04 14:02:42.654,1.03858,1.03868,1.00,1.00
2016.08.04 14:02:42.859,1.03858,1.0387,1.00,1.00
2016.08.04 14:02:44.004,1.03859,1.0387,1.00,1.00
2016.08.04 14:02:44.164,1.03859,1.0387,1.00,1.50
2016.08.04 14:02:44.277,1.0386,1.03872,1.12,1.00
2016.08.04 14:02:44.328,1.0386,1.03872,1.12,1.00
2016.08.04 14:02:44.379,1.03862,1.03873,1.00,1.50
2016.08.04 14:02:44.736,1.03863,1.03873,1.00,1.00
2016.08.04 14:02:44.788,1.0386,1.03873,1.12,1.00
2016.08.04 14:02:44.839,1.0386,1.03871,1.12,1.50
2016.08.04 14:02:44.987,1.03858,1.03871,1.75,1.50
2016.08.04 14:02:45.041,1.03858,1.03871,1.75,1.50
2016.08.04 14:02:45.092,1.03858,1.03871,1.75,1.50
2016.08.04 14:02:45.143,1.03858,1.03869,1.75,1.00
2016.08.04 14:02:45.194,1.03857,1.03868,1.87,1.00
2016.08.04 14:02:45.246,1.03855,1.03868,1.69,1.00
2016.08.04 14:02:45.297,1.03854,1.03868,2.25,1.00
2016.08.04 14:02:45.348,1.03854,1.03867,2.25,1.00
2016.08.04 14:02:45.399,1.03854,1.03867,1.50,1.00
2016.08.04 14:02:45.450,1.03854,1.03867,1.12,1.00
2016.08.04 14:02:45.910,1.03853,1.03867,2.62,1.00
2016.08.04 14:02:45.961,1.03853,1.03864,2.62,1.00
2016.08.04 14:02:46.166,1.03853,1.03865,2.62,1.50
2016.08.04 14:02:46.340,1.03853,1.03864,2.62,1.00
2016.08.04 14:02:46.443,1.03853,1.03863,1.50,1.50
2016.08.04 14:02:46.559,1.03853,1.03863,1.50,1.00
2016.08.04 14:02:46.610,1.0385,1.03863,1.87,1.00
2016.08.04 14:02:46.662,1.0385,1.03863,1.50,1.00
2016.08.04 14:02:46.866,1.0385,1.03863,1.50,1.50
2016.08.04 14:02:46.968,1.0385,1.03863,1.50,1.00
2016.08.04 14:02:47.032,1.0385,1.03863,1.50,1.50
2016.08.04 14:02:47.185,1.03849,1.03863,1.87,1.24
2016.08.04 14:02:47.236,1.03849,1.03864,1.87,1.74
2016.08.04 14:02:47.288,1.03849,1.03864,1.87,1.24
2016.08.04 14:02:47.453,1.03848,1.03864,2.25,1.24
2016.08.04 14:02:47.505,1.03848,1.03864,2.25,1.74
2016.08.04 14:02:47.557,1.03848,1.03859,1.87,1.24
2016.08.04 14:02:47.609,1.03846,1.03859,1.00,1.24
2016.08.04 14:02:47.662,1.03845,1.03859,2.25,1.24
2016.08.04 14:02:47.714,1.03845,1.03859,1.50,1.24
2016.08.04 14:02:47.918,1.03844,1.0386,2.25,1.74
2016.08.04 14:02:47.969,1.03844,1.0386,2.25,4.74
2016.08.04 14:02:48.020,1.03844,1.03859,2.25,1.74
2016.08.04 14:02:48.228,1.03844,1.03858,1.50,1.24
2016.08.04 14:02:48.280,1.03843,1.03859,1.75,1.12
2016.08.04 14:02:48.331,1.03843,1.03859,3.00,1.00
2016.08.04 14:02:48.383,1.03845,1.03861,1.87,1.00
2016.08.04 14:02:48.435,1.03846,1.03864,1.12,1.12
2016.08.04 14:02:48.486,1.03848,1.03864,1.12,1.37
2016.08.04 14:02:48.589,1.03847,1.03864,1.87,1.12
2016.08.04 14:02:48.691,1.03848,1.03864,2.25,1.12
2016.08.04 14:02:48.860,1.03848,1.03868,2.25,1.51
2016.08.04 14:02:49.118,1.03848,1.03868,1.75,1.51
2016.08.04 14:02:49.169,1.03848,1.03868,1.75,1.43
2016.08.04 14:02:49.375,1.03848,1.03868,2.25,1.43
2016.08.04 14:02:49.426,1.03848,1.03868,2.25,1.43
2016.08.04 14:02:49.799,1.03849,1.03866,1.50,1.19
2016.08.04 14:02:49.902,1.03849,1.03866,1.50,1.00
2016.08.04 14:02:50.005,1.0385,1.03867,1.12,1.33
2016.08.04 14:02:50.108,1.03849,1.03865,1.50,1.00
2016.08.04 14:02:50.612,1.03848,1.03867,1.75,1.00
2016.08.04 14:02:50.663,1.03848,1.03867,1.75,1.12
2016.08.04 14:02:50.714,1.03849,1.03865,1.87,1.00
2016.08.04 14:02:51.125,1.03848,1.03865,3.00,1.00
2016.08.04 14:02:51.227,1.03849,1.03867,1.50,1.37
2016.08.04 14:02:51.511,1.03847,1.03864,2.25,1.33
2016.08.04 14:02:51.613,1.03847,1.03862,3.00,1.00
2016.08.04 14:02:51.766,1.03847,1.03862,3.00,1.00
2016.08.04 14:02:51.919,1.03848,1.03862,1.75,1.00
2016.08.04 14:02:51.970,1.03848,1.0386,1.75,1.00
2016.08.04 14:02:52.021,1.03848,1.0386,1.75,1.50
2016.08.04 14:02:52.072,1.03848,1.0386,1.75,1.87
2016.08.04 14:02:52.123,1.03843,1.03858,3.00,1.00
2016.08.04 14:02:52.328,1.03843,1.03854,1.75,1.33
2016.08.04 14:02:52.383,1.03836,1.03848,3.37,1.00
2016.08.04 14:02:52.435,1.03836,1.03854,3.37,1.74
2016.08.04 14:02:52.486,1.03836,1.03854,3.00,1.74
2016.08.04 14:02:52.538,1.03836,1.03853,3.19,1.00
2016.08.04 14:02:52.589,1.03838,1.03853,1.31,1.00
2016.08.04 14:02:52.641,1.03838,1.03856,2.06,1.93
2016.08.04 14:02:52.692,1.03838,1.03856,2.06,1.33
2016.08.04 14:02:52.794,1.03839,1.03857,1.37,1.24
2016.08.04 14:02:52.846,1.03839,1.03858,2.62,1.37
2016.08.04 14:02:52.897,1.03841,1.03859,1.31,1.33
2016.08.04 14:02:53.025,1.03843,1.03859,1.87,1.33
2016.08.04 14:02:53.079,1.03843,1.03859,3.00,1.00
2016.08.04 14:02:53.131,1.03844,1.03862,1.50,1.93
2016.08.04 14:02:53.182,1.03844,1.03862,1.87,1.31
2016.08.04 14:02:53.233,1.03846,1.03864,1.50,1.18
2016.08.04 14:02:53.284,1.03846,1.03865,1.74,2.06
2016.08.04 14:02:53.336,1.03847,1.03865,1.50,1.56
2016.08.04 14:02:53.388,1.03847,1.03867,1.87,1.81
2016.08.04 14:02:53.439,1.03847,1.03867,2.06,2.31
2016.08.04 14:02:53.491,1.03847,1.03867,2.44,1.93
2016.08.04 14:02:53.542,1.03847,1.03867,3.19,1.56
2016.08.04 14:02:53.594,1.03847,1.03867,2.44,1.49
2016.08.04 14:02:53.697,1.03848,1.03868,1.75,3.06
2016.08.04 14:02:53.818,1.03848,1.03868,1.75,3.06
2016.08.04 14:02:53.872,1.03848,1.03868,2.26,3.62
2016.08.04 14:02:53.923,1.03848,1.03868,2.31,2.49
2016.08.04 14:02:53.974,1.03848,1.03868,2.31,1.74
2016.08.04 14:02:54.026,1.03849,1.03868,1.56,1.74
2016.08.04 14:02:54.078,1.03849,1.03868,1.56,1.33
2016.08.04 14:02:54.182,1.03849,1.03868,1.56,1.24
2016.08.04 14:02:54.234,1.03849,1.03867,1.69,1.24
2016.08.04 14:02:54.356,1.03849,1.03867,2.44,1.00
2016.08.04 14:02:54.407,1.03851,1.03867,1.19,1.00
2016.08.04 14:02:55.066,1.03851,1.03867,1.19,1.00
2016.08.04 14:02:55.657,1.03851,1.03867,1.19,2.12
2016.08.04 14:02:55.760,1.03851,1.03867,1.19,1.74
2016.08.04 14:02:56.016,1.03851,1.03869,1.19,3.24
2016.08.04 14:02:56.068,1.03851,1.03869,1.19,1.37
2016.08.04 14:02:56.119,1.03856,1.03871,1.00,1.99
2016.08.04 14:02:56.170,1.03856,1.03871,1.00,1.75
2016.08.04 14:02:56.222,1.03857,1.03872,1.00,1.70
2016.08.04 14:02:56.273,1.03857,1.03873,1.00,1.74
2016.08.04 14:02:56.324,1.0386,1.03873,1.00,1.24
2016.08.04 14:02:56.376,1.0386,1.03874,1.00,1.00
2016.08.04 14:02:56.427,1.03861,1.03876,1.00,2.12
2016.08.04 14:02:56.581,1.03861,1.03876,1.25,2.12
2016.08.04 14:02:56.632,1.03861,1.03876,1.25,1.37
2016.08.04 14:02:56.735,1.03861,1.03876,1.25,2.12
2016.08.04 14:02:56.786,1.03861,1.03876,1.25,1.37
2016.08.04 14:02:56.889,1.03861,1.03876,1.25,1.12
2016.08.04 14:02:57.783,1.03861,1.03876,1.25,1.37
2016.08.04 14:02:57.834,1.03861,1.03876,1.25,2.12
2016.08.04 14:02:57.886,1.03861,1.03876,1.25,2.87
2016.08.04 14:02:57.937,1.0386,1.03876,1.19,3.62
2016.08.04 14:02:58.154,1.0386,1.03876,1.19,2.62
2016.08.04 14:02:58.206,1.03859,1.03874,1.31,1.00
2016.08.04 14:02:58.307,1.03857,1.03875,4.31,1.50
2016.08.04 14:02:58.410,1.03857,1.03875,4.31,1.00
2016.08.04 14:02:58.608,1.03857,1.03873,2.81,1.12
2016.08.04 14:02:58.659,1.03857,1.03873,2.81,1.12
2016.08.04 14:02:58.711,1.03857,1.03874,2.81,2.25
2016.08.04 14:02:58.762,1.03857,1.03874,2.81,2.25
2016.08.04 14:02:59.434,1.03859,1.03874,1.31,2.25
2016.08.04 14:02:59.486,1.03859,1.03874,1.31,1.50
2016.08.04 14:02:59.537,1.03858,1.03874,1.69,1.00
2016.08.04 14:02:59.794,1.03858,1.03874,1.56,1.00
2016.08.04 14:02:59.845,1.03857,1.03874,3.94,1.00
2016.08.04 14:03:00.049,1.03857,1.03875,3.94,1.12
2016.08.04 14:03:00.202,1.03857,1.03875,3.56,1.12
2016.08.04 14:03:00.321,1.03858,1.03875,1.37,1.12
2016.08.04 14:03:00.372,1.03858,1.03875,1.56,1.12
2016.08.04 14:03:00.423,1.03859,1.03876,1.31,1.12
2016.08.04 14:03:00.627,1.0386,1.03876,1.25,1.12
2016.08.04 14:03:01.102,1.03859,1.03876,2.44,1.12
2016.08.04 14:03:01.275,1.03859,1.03876,2.06,1.12
2016.08.04 14:03:01.428,1.03863,1.03878,1.00,4.61
2016.08.04 14:03:01.479,1.03863,1.03878,1.00,1.87
2016.08.04 14:03:01.531,1.03864,1.03879,1.00,4.99
2016.08.04 14:03:01.632,1.03864,1.03879,1.00,4.61
2016.08.04 14:03:01.684,1.03864,1.03878,1.00,1.12
2016.08.04 14:03:01.735,1.03861,1.03876,2.06,1.00
2016.08.04 14:03:01.887,1.03861,1.03876,1.94,1.00
2016.08.04 14:03:02.276,1.03861,1.03876,1.75,1.00
2016.08.04 14:03:02.328,1.03861,1.03876,1.50,1.00
2016.08.04 14:03:02.379,1.03861,1.03876,1.12,1.00
2016.08.04 14:03:03.111,1.03861,1.03876,1.12,1.12
2016.08.04 14:03:03.214,1.03861,1.03876,1.12,1.00
2016.08.04 14:03:03.316,1.0386,1.03877,1.62,2.74
2016.08.04 14:03:03.418,1.03861,1.03877,1.12,2.74
2016.08.04 14:03:03.469,1.03861,1.03877,1.12,2.74
2016.08.04 14:03:03.678,1.03861,1.03878,1.12,1.87
2016.08.04 14:03:04.311,1.03861,1.03878,1.31,1.87
2016.08.04 14:03:04.413,1.03862,1.03878,1.25,1.87
2016.08.04 14:03:04.464,1.03862,1.03878,1.25,2.85
2016.08.04 14:03:04.867,1.03862,1.03878,1.62,1.73
2016.08.04 14:03:04.919,1.03862,1.03878,1.69,1.30
2016.08.04 14:03:05.021,1.03866,1.03878,1.00,1.30
2016.08.04 14:03:05.072,1.03866,1.0388,1.00,1.00
2016.08.04 14:03:05.124,1.03868,1.0388,1.12,1.00
2016.08.04 14:03:05.175,1.03868,1.03884,1.12,1.00
2016.08.04 14:03:05.226,1.03869,1.03886,1.19,1.50
2016.08.04 14:03:05.279,1.03869,1.03885,1.31,1.35
2016.08.04 14:03:05.330,1.03869,1.03885,1.69,1.30
2016.08.04 14:03:05.433,1.03869,1.03885,1.69,1.30
2016.08.04 14:03:05.596,1.0387,1.03888,1.69,1.30
2016.08.04 14:03:05.652,1.0387,1.03888,1.69,1.30
2016.08.04 14:03:05.754,1.0387,1.03888,1.69,1.30
2016.08.04 14:03:05.806,1.0387,1.03888,2.06,1.30
2016.08.04 14:03:05.857,1.0387,1.03888,2.06,1.30
2016.08.04 14:03:05.930,1.0387,1.03888,2.06,1.73
2016.08.04 14:03:06.032,1.0387,1.03887,3.19,1.50
2016.08.04 14:03:06.135,1.03871,1.03885,1.69,1.00
2016.08.04 14:03:06.237,1.0387,1.03886,2.06,2.10
2016.08.04 14:03:06.501,1.0387,1.03886,2.06,1.73
2016.08.04 14:03:06.552,1.03871,1.03886,1.69,1.73
2016.08.04 14:03:06.654,1.03871,1.03885,1.69,1.00
2016.08.04 14:03:06.984,1.03871,1.03885,1.69,1.00
2016.08.04 14:03:07.086,1.03871,1.03884,1.69,1.73
2016.08.04 14:03:07.137,1.0387,1.03884,2.06,1.73
2016.08.04 14:03:07.240,1.03871,1.03884,1.69,1.30
2016.08.04 14:03:07.291,1.03871,1.03884,1.50,1.30
2016.08.04 14:03:07.342,1.03871,1.03884,1.12,1.30
2016.08.04 14:03:07.394,1.03871,1.03884,1.00,1.30
2016.08.04 14:03:07.564,1.03871,1.03882,1.00,1.30
2016.08.04 14:03:07.667,1.03869,1.03882,1.12,1.30
2016.08.04 14:03:07.718,1.03869,1.03882,1.00,1.30
2016.08.04 14:03:07.770,1.03869,1.03881,1.00,1.00
2016.08.04 14:03:09.069,1.03869,1.03882,1.00,1.73
2016.08.04 14:03:09.223,1.03867,1.03882,1.69,1.73
2016.08.04 14:03:09.274,1.03867,1.03882,1.50,1.73
2016.08.04 14:03:09.879,1.03867,1.03882,1.50,1.30
2016.08.04 14:03:09.930,1.03868,1.03882,1.12,1.30
2016.08.04 14:03:10.270,1.03868,1.03881,1.12,1.00
2016.08.04 14:03:10.372,1.03868,1.03881,1.12,1.00
2016.08.04 14:03:10.474,1.03868,1.03882,1.12,1.73
2016.08.04 14:03:10.525,1.03868,1.03882,1.00,1.73
2016.08.04 14:03:10.678,1.03868,1.03881,1.00,1.00
2016.08.04 14:03:10.824,1.03868,1.03882,1.50,1.73
2016.08.04 14:03:10.876,1.0387,1.03879,1.00,1.30
2016.08.04 14:03:10.927,1.03868,1.03879,1.50,1.30
2016.08.04 14:03:11.030,1.0387,1.03879,1.00,1.30
2016.08.04 14:03:11.081,1.0387,1.03884,1.00,1.19
2016.08.04 14:03:11.132,1.0387,1.03885,1.00,1.30
2016.08.04 14:03:11.183,1.0387,1.03885,1.00,1.73
2016.08.04 14:03:11.440,1.0387,1.03885,1.00,1.68
2016.08.04 14:03:11.491,1.0387,1.03886,1.19,1.75
2016.08.04 14:03:11.543,1.03871,1.03885,1.31,1.50
2016.08.04 14:03:11.748,1.03871,1.03885,1.12,1.00
2016.08.04 14:03:11.850,1.03871,1.03885,1.00,1.00
2016.08.04 14:03:12.417,1.03871,1.03885,1.50,1.00
2016.08.04 14:03:12.468,1.03871,1.03888,2.81,1.50
2016.08.04 14:03:12.519,1.03871,1.03888,3.19,1.50
2016.08.04 14:03:12.570,1.03873,1.03888,1.50,1.00
2016.08.04 14:03:12.686,1.03876,1.03888,1.00,1.00
2016.08.04 14:03:12.737,1.0388,1.03891,1.00,1.00
2016.08.04 14:03:12.839,1.03881,1.03894,1.00,1.00
2016.08.04 14:03:12.941,1.03881,1.03894,1.87,1.00
2016.08.04 14:03:13.043,1.03881,1.03896,1.87,1.30
2016.08.04 14:03:13.149,1.03879,1.03896,3.00,1.73
2016.08.04 14:03:13.200,1.03879,1.03893,2.25,1.30
2016.08.04 14:03:13.251,1.03878,1.03891,1.75,1.00
2016.08.04 14:03:13.302,1.03878,1.03891,1.75,1.73
2016.08.04 14:03:13.353,1.03874,1.03891,2.62,1.73
2016.08.04 14:03:13.404,1.03874,1.0389,2.62,1.30
2016.08.04 14:03:13.569,1.03874,1.0389,1.50,1.92
2016.08.04 14:03:13.621,1.03874,1.03887,1.37,1.30
2016.08.04 14:03:13.672,1.03872,1.03887,2.25,1.30
2016.08.04 14:03:13.775,1.03872,1.03887,1.50,1.30
2016.08.04 14:03:13.827,1.03872,1.03887,1.50,1.73
2016.08.04 14:03:13.979,1.03872,1.03887,1.00,1.73
2016.08.04 14:03:14.031,1.03872,1.03887,1.00,1.30
2016.08.04 14:03:14.082,1.03872,1.03888,1.00,1.00
2016.08.04 14:03:17.774,1.03872,1.03888,1.00,1.48
2016.08.04 14:03:17.825,1.03872,1.03887,1.00,1.00
2016.08.04 14:03:18.146,1.03872,1.03887,1.00,1.00
2016.08.04 14:03:18.366,1.03872,1.03887,1.00,1.00
2016.08.04 14:03:18.747,1.03872,1.03887,1.50,1.00
2016.08.04 14:03:18.951,1.03872,1.03888,1.00,2.23
2016.08.04 14:03:19.055,1.03872,1.03887,1.00,1.00
2016.08.04 14:03:19.273,1.0387,1.03885,2.06,1.00
2016.08.04 14:03:19.474,1.0387,1.03883,1.50,1.00
2016.08.04 14:03:20.002,1.03869,1.03883,1.50,1.00
2016.08.04 14:03:20.256,1.03869,1.03885,1.50,2.23
2016.08.04 14:03:20.674,1.03869,1.03883,1.50,1.00
2016.08.04 14:03:20.776,1.03867,1.03884,3.56,1.48
2016.08.04 14:03:20.827,1.03867,1.03884,3.19,1.48
2016.08.04 14:03:20.878,1.03867,1.03884,3.19,1.73
2016.08.04 14:03:20.929,1.03867,1.03883,2.44,1.48
2016.08.04 14:03:20.981,1.03867,1.03882,2.44,1.00
2016.08.04 14:03:21.083,1.03868,1.03883,1.12,2.23
2016.08.04 14:03:21.186,1.03867,1.03883,2.62,1.48
2016.08.04 14:03:21.237,1.03867,1.03884,2.62,1.73
2016.08.04 14:03:21.495,1.03867,1.03884,2.25,1.73
2016.08.04 14:03:22.183,1.03867,1.03884,2.62,1.73
2016.08.04 14:03:22.234,1.03868,1.03883,1.37,1.48
2016.08.04 14:03:22.928,1.03868,1.03884,1.00,1.73
2016.08.04 14:03:22.979,1.03867,1.03883,2.62,1.48
2016.08.04 14:03:23.031,1.03867,1.03883,2.25,2.61
2016.08.04 14:03:23.082,1.03867,1.03883,1.87,2.98
2016.08.04 14:03:23.242,1.03867,1.03883,2.25,2.98
2016.08.04 14:03:23.293,1.03867,1.03883,2.62,1.48
2016.08.04 14:03:23.754,1.03867,1.03884,1.87,2.23
2016.08.04 14:03:23.806,1.03868,1.03884,1.19,2.23
2016.08.04 14:03:23.857,1.03871,1.03885,1.00,1.11
2016.08.04 14:03:23.908,1.03871,1.03886,1.12,1.87
2016.08.04 14:03:23.960,1.03871,1.03888,1.12,3.73
2016.08.04 14:03:24.067,1.03871,1.03888,1.12,2.23
2016.08.04 14:03:24.119,1.03871,1.03888,2.06,2.23
2016.08.04 14:03:24.222,1.03871,1.03888,1.69,2.23
2016.08.04 14:03:24.272,1.03871,1.03887,1.69,1.00
2016.08.04 14:03:24.476,1.03871,1.03888,1.19,2.23
2016.08.04 14:03:24.527,1.03871,1.03888,1.31,2.23
2016.08.04 14:03:24.629,1.03871,1.03886,1.19,1.00
2016.08.04 14:03:24.731,1.03871,1.03885,1.19,1.48
2016.08.04 14:03:24.988,1.03871,1.03885,1.00,1.48
2016.08.04 14:03:25.432,1.03871,1.03885,1.12,1.48
2016.08.04 14:03:25.585,1.03871,1.03885,1.12,1.00
2016.08.04 14:03:25.840,1.03871,1.03886,1.50,1.00
2016.08.04 14:03:25.998,1.03871,1.03886,2.44,1.00
2016.08.04 14:03:27.177,1.03871,1.03885,2.44,1.00
2016.08.04 14:03:27.228,1.03871,1.03885,2.06,1.00
2016.08.04 14:03:27.280,1.03871,1.03885,1.69,1.00
2016.08.04 14:03:28.101,1.03871,1.03886,1.25,1.00
2016.08.04 14:03:28.255,1.03869,1.03886,3.56,1.50
2016.08.04 14:03:28.307,1.03869,1.03883,1.87,1.00
2016.08.04 14:03:28.360,1.03868,1.03883,1.37,1.00
2016.08.04 14:03:28.411,1.03868,1.03883,1.62,1.00
2016.08.04 14:03:28.557,1.03868,1.03883,1.25,1.00
2016.08.04 14:03:28.762,1.03869,1.03884,1.00,1.12
2016.08.04 14:03:29.875,1.03867,1.03884,2.06,1.12
2016.08.04 14:03:30.738,1.03867,1.03884,2.44,1.12
2016.08.04 14:03:30.892,1.03867,1.03882,2.44,1.00
2016.08.04 14:03:31.296,1.03867,1.03882,2.81,1.00
2016.08.04 14:03:31.348,1.03867,1.03882,2.06,1.00
2016.08.04 14:03:31.993,1.03867,1.03884,1.31,1.12
2016.08.04 14:03:32.387,1.03867,1.03883,2.06,1.00
2016.08.04 14:03:32.577,1.03867,1.03883,2.81,1.00
2016.08.04 14:03:32.945,1.03867,1.03883,1.69,1.00
2016.08.04 14:03:32.997,1.03866,1.03881,4.31,1.00
2016.08.04 14:03:33.048,1.03866,1.03881,2.62,1.00
2016.08.04 14:03:33.099,1.03866,1.03881,1.50,1.00
2016.08.04 14:03:33.430,1.03866,1.03879,1.50,1.00
2016.08.04 14:03:33.532,1.03865,1.0388,1.00,1.00
2016.08.04 14:03:33.685,1.03863,1.0388,4.31,1.00
2016.08.04 14:03:33.787,1.03863,1.0388,3.94,1.00
2016.08.04 14:03:33.839,1.03863,1.0388,3.94,1.24
2016.08.04 14:03:34.152,1.03863,1.0388,3.19,1.24
2016.08.04 14:03:34.203,1.03863,1.0388,3.56,1.24
2016.08.04 14:03:34.438,1.03863,1.0388,3.19,1.24
2016.08.04 14:03:34.489,1.03863,1.0388,2.81,1.24
2016.08.04 14:03:34.540,1.03864,1.0388,1.25,1.24
2016.08.04 14:03:34.591,1.03865,1.03881,1.69,1.24
2016.08.04 14:03:34.642,1.03865,1.03882,1.69,5.49
2016.08.04 14:03:34.693,1.03867,1.03882,1.31,4.37
2016.08.04 14:03:34.795,1.03867,1.03882,1.31,3.99
2016.08.04 14:03:34.949,1.03867,1.03881,1.31,1.24
2016.08.04 14:03:35.186,1.03867,1.03882,1.31,3.99
2016.08.04 14:03:35.237,1.03867,1.03882,1.31,3.49
2016.08.04 14:03:35.799,1.03867,1.03881,1.31,2.74
2016.08.04 14:03:36.205,1.03867,1.03882,1.31,3.49
2016.08.04 14:03:36.257,1.03867,1.03882,1.31,2.74
2016.08.04 14:03:36.571,1.03867,1.03882,1.31,2.74
2016.08.04 14:03:36.623,1.03865,1.03881,2.44,1.00
2016.08.04 14:03:36.675,1.03868,1.03884,1.50,5.36
2016.08.04 14:03:36.778,1.0387,1.03884,1.00,5.36
2016.08.04 14:03:36.881,1.0387,1.03884,1.00,4.24
2016.08.04 14:03:36.983,1.03868,1.03883,1.12,1.00
2016.08.04 14:03:37.086,1.03869,1.03884,1.00,4.24
2016.08.04 14:03:37.194,1.03868,1.03884,1.12,4.24
2016.08.04 14:03:37.252,1.03868,1.03884,1.12,3.49
2016.08.04 14:03:37.303,1.03868,1.03883,1.87,2.74
2016.08.04 14:03:37.354,1.03868,1.03883,1.87,3.49
2016.08.04 14:03:37.456,1.03868,1.03883,1.87,3.49
2016.08.04 14:03:37.661,1.03868,1.03883,1.87,3.49
2016.08.04 14:03:37.712,1.03868,1.03883,1.50,3.86
2016.08.04 14:03:37.763,1.03868,1.03883,1.50,3.49
2016.08.04 14:03:37.814,1.03868,1.03883,1.50,3.11
2016.08.04 14:03:37.865,1.03868,1.03883,1.50,2.74
2016.08.04 14:03:38.198,1.03868,1.03883,1.50,3.49
2016.08.04 14:03:38.300,1.03868,1.03883,1.50,1.50
2016.08.04 14:03:38.351,1.03868,1.03883,1.50,1.00
2016.08.04 14:03:38.967,1.03868,1.03884,1.50,1.87
2016.08.04 14:03:39.398,1.03868,1.03884,1.50,4.61
2016.08.04 14:03:39.449,1.03868,1.03884,1.50,3.86
2016.08.04 14:03:39.500,1.03868,1.03884,1.50,3.11
2016.08.04 14:03:39.605,1.03868,1.03884,1.50,3.86
2016.08.04 14:03:40.825,1.03869,1.03884,1.00,3.86
2016.08.04 14:03:41.361,1.03869,1.03884,1.00,4.61
2016.08.04 14:03:41.412,1.03868,1.03884,1.00,4.61
2016.08.04 14:03:41.811,1.03868,1.03884,1.00,4.61
2016.08.04 14:03:41.862,1.03868,1.03884,1.00,3.86
2016.08.04 14:03:41.991,1.03868,1.03884,1.50,2.74
2016.08.04 14:03:42.115,1.03868,1.03883,1.50,1.00
2016.08.04 14:03:42.632,1.03868,1.03884,1.50,4.24
2016.08.04 14:03:42.683,1.03865,1.03884,2.44,4.99
2016.08.04 14:03:42.735,1.03865,1.03883,2.44,1.00
2016.08.04 14:03:42.786,1.03866,1.03883,1.94,1.00
2016.08.04 14:03:42.962,1.03866,1.03884,1.94,4.99
2016.08.04 14:03:43.108,1.03866,1.03884,1.94,5.49
2016.08.04 14:03:43.263,1.03866,1.03884,1.69,5.49
2016.08.04 14:03:43.453,1.03866,1.03883,1.69,1.24
2016.08.04 14:03:43.901,1.03866,1.03882,1.69,1.33
2016.08.04 14:03:43.952,1.03866,1.03879,1.69,1.12
2016.08.04 14:03:44.003,1.03864,1.03878,1.19,1.24
2016.08.04 14:03:44.054,1.03864,1.03878,1.19,1.74
2016.08.04 14:03:44.105,1.03864,1.03878,1.19,1.24
2016.08.04 14:03:44.208,1.03864,1.03876,1.19,1.00
2016.08.04 14:03:44.260,1.03864,1.03876,1.25,1.00
2016.08.04 14:03:44.311,1.03862,1.03876,1.69,1.00
2016.08.04 14:03:44.519,1.03862,1.03876,1.19,1.00
2016.08.04 14:03:45.517,1.03862,1.03877,1.19,1.50
2016.08.04 14:03:45.568,1.03862,1.03877,1.69,2.62
2016.08.04 14:03:45.620,1.03861,1.03875,1.19,1.00
2016.08.04 14:03:45.671,1.03861,1.03875,1.19,1.50
2016.08.04 14:03:45.722,1.03863,1.03875,1.25,1.50
2016.08.04 14:03:45.926,1.03861,1.03875,1.19,1.50
2016.08.04 14:03:46.290,1.03861,1.03875,1.19,1.00
2016.08.04 14:03:46.825,1.03861,1.03873,1.19,1.00
2016.08.04 14:03:47.028,1.03859,1.03873,2.81,1.00
2016.08.04 14:03:47.232,1.03859,1.03873,1.69,1.50
2016.08.04 14:03:47.283,1.03859,1.03873,1.31,1.50
2016.08.04 14:03:47.334,1.03859,1.03873,1.19,1.50
2016.08.04 14:03:47.511,1.03858,1.03871,1.31,1.00
2016.08.04 14:03:47.563,1.03857,1.03871,2.06,1.00
2016.08.04 14:03:47.614,1.03858,1.03871,1.31,1.00
2016.08.04 14:03:47.869,1.03858,1.03873,1.31,1.50
2016.08.04 14:03:47.920,1.03858,1.03873,1.31,1.00
2016.08.04 14:03:48.073,1.03858,1.03872,1.31,1.50
2016.08.04 14:03:48.175,1.03858,1.03871,1.31,1.00
2016.08.04 14:03:48.567,1.03857,1.03871,2.06,1.00
2016.08.04 14:03:48.619,1.03857,1.03872,2.06,1.50
2016.08.04 14:03:49.160,1.03857,1.03872,2.06,1.00
2016.08.04 14:03:49.313,1.03859,1.03874,1.19,1.50
2016.08.04 14:03:49.365,1.03859,1.03874,1.19,1.00
2016.08.04 14:03:49.543,1.0386,1.03875,1.31,1.50
2016.08.04 14:03:49.594,1.03861,1.03875,1.25,1.50
2016.08.04 14:03:49.645,1.03861,1.03875,1.69,1.50
2016.08.04 14:03:49.697,1.03864,1.03875,1.19,1.50
2016.08.04 14:03:49.850,1.03864,1.03874,1.19,1.00
2016.08.04 14:03:49.901,1.03859,1.03873,1.56,1.50
2016.08.04 14:03:49.952,1.03859,1.03873,1.56,2.25
2016.08.04 14:03:50.003,1.03862,1.03873,1.25,1.50
2016.08.04 14:03:50.105,1.03858,1.03873,3.56,1.00
2016.08.04 14:03:50.157,1.03859,1.03873,1.56,1.00
2016.08.04 14:03:50.208,1.03859,1.03873,2.81,1.00
2016.08.04 14:03:50.367,1.0386,1.03873,1.31,1.00
2016.08.04 14:03:50.520,1.0386,1.03875,1.31,1.00
2016.08.04 14:03:50.623,1.03859,1.03875,2.44,1.00
2016.08.04 14:03:50.776,1.03859,1.03875,3.19,1.00
2016.08.04 14:03:51.096,1.0386,1.03875,1.31,1.00
2016.08.04 14:03:51.370,1.0386,1.03876,2.81,1.00
2016.08.04 14:03:51.867,1.0386,1.03877,2.81,1.37
2016.08.04 14:03:51.918,1.0386,1.03877,2.06,1.37
2016.08.04 14:03:52.298,1.03862,1.03877,1.19,1.37
2016.08.04 14:03:53.529,1.03862,1.03879,1.19,1.99
2016.08.04 14:03:53.684,1.03862,1.03879,1.19,2.49
2016.08.04 14:03:53.736,1.03862,1.03879,1.19,2.12
2016.08.04 14:03:53.889,1.03862,1.03879,1.19,1.37
2016.08.04 14:03:53.940,1.03861,1.03879,1.69,2.12
2016.08.04 14:03:54.169,1.03861,1.03877,1.19,1.24
2016.08.04 14:03:54.220,1.0386,1.03873,2.06,1.00
2016.08.04 14:03:54.322,1.0386,1.03875,1.31,1.00
2016.08.04 14:03:54.483,1.0386,1.03874,1.31,1.12
2016.08.04 14:03:54.535,1.0386,1.03873,1.25,1.24
2016.08.04 14:03:54.586,1.0386,1.03873,1.25,1.62
2016.08.04 14:03:54.637,1.03858,1.03873,1.31,1.62
2016.08.04 14:03:54.688,1.03858,1.03873,1.31,1.24
2016.08.04 14:03:54.740,1.03859,1.03873,1.19,1.24
2016.08.04 14:03:54.842,1.03859,1.03873,1.25,1.24
2016.08.04 14:03:55.045,1.03856,1.03874,3.94,1.33
2016.08.04 14:03:55.417,1.03856,1.03874,5.44,1.33
2016.08.04 14:03:55.809,1.03856,1.03874,4.69,1.33
2016.08.04 14:03:55.860,1.03858,1.03874,1.31,1.33
2016.08.04 14:03:55.912,1.0386,1.03875,1.25,1.37
2016.08.04 14:03:55.963,1.0386,1.03875,1.31,1.00
2016.08.04 14:03:56.014,1.0386,1.03876,2.06,1.00
2016.08.04 14:03:56.116,1.03862,1.03877,1.00,1.37
2016.08.04 14:03:56.269,1.03862,1.03877,1.25,1.37
2016.08.04 14:03:56.423,1.03861,1.03878,1.19,1.62
2016.08.04 14:03:56.558,1.03862,1.03879,1.25,2.12
2016.08.04 14:03:56.609,1.03862,1.03879,1.62,1.62
2016.08.04 14:03:56.660,1.03863,1.03879,1.00,1.50
2016.08.04 14:03:56.711,1.03863,1.03878,1.00,1.00
2016.08.04 14:03:56.813,1.03863,1.03878,1.00,1.50
2016.08.04 14:03:56.864,1.03863,1.03878,1.00,1.50
2016.08.04 14:03:57.017,1.03863,1.03877,1.00,1.00
2016.08.04 14:03:57.426,1.03863,1.03877,1.00,1.50
2016.08.04 14:03:57.619,1.03862,1.03877,1.37,1.50
2016.08.04 14:03:57.670,1.03862,1.03876,1.00,1.00
2016.08.04 14:03:57.944,1.0386,1.03876,3.19,1.00
2016.08.04 14:03:58.251,1.03862,1.03876,1.00,1.00
2016.08.04 14:03:58.781,1.03863,1.03877,1.25,1.00
2016.08.04 14:03:58.834,1.03864,1.03879,1.00,3.00
2016.08.04 14:03:58.885,1.03864,1.03879,1.19,3.00
2016.08.04 14:03:58.937,1.03866,1.03879,1.00,3.00
2016.08.04 14:03:59.039,1.03865,1.03878,1.25,1.12
2016.08.04 14:03:59.243,1.03863,1.03878,2.25,1.12
2016.08.04 14:03:59.294,1.03863,1.03878,2.25,1.87
2016.08.04 14:03:59.346,1.03863,1.03876,1.50,1.00
2016.08.04 14:03:59.397,1.03863,1.03876,1.00,1.00
2016.08.04 14:03:59.616,1.03862,1.03877,2.44,1.00
2016.08.04 14:03:59.718,1.03862,1.03875,1.25,1.00
2016.08.04 14:03:59.973,1.03861,1.03875,1.31,1.00
2016.08.04 14:04:01.142,1.03861,1.03876,2.06,1.00
2016.08.04 14:04:02.528,1.03865,1.03877,1.00,1.00
2016.08.04 14:04:02.579,1.03867,1.0388,1.00,1.87
2016.08.04 14:04:02.631,1.03868,1.03881,1.19,1.75
2016.08.04 14:04:02.683,1.0387,1.03881,1.00,1.75
2016.08.04 14:04:02.735,1.0387,1.03883,1.00,1.00
2016.08.04 14:04:02.994,1.03871,1.03884,1.00,2.25
2016.08.04 14:04:03.149,1.03869,1.03881,1.19,1.00
2016.08.04 14:04:03.201,1.03869,1.03881,1.00,1.00
2016.08.04 14:04:03.306,1.03869,1.03881,1.25,1.00
2016.08.04 14:04:03.358,1.03869,1.03882,1.69,1.50
2016.08.04 14:04:03.411,1.03869,1.03882,1.69,1.12
2016.08.04 14:04:03.462,1.03869,1.03882,1.69,1.00
2016.08.04 14:04:03.840,1.03869,1.03882,1.25,1.00
2016.08.04 14:04:04.045,1.03871,1.03883,1.00,1.50
2016.08.04 14:04:04.096,1.03871,1.03885,1.00,1.00
2016.08.04 14:04:04.147,1.03873,1.03888,1.50,2.25
2016.08.04 14:04:04.250,1.03872,1.03888,1.50,2.62
2016.08.04 14:04:04.352,1.03871,1.03886,1.00,1.87
2016.08.04 14:04:04.556,1.03871,1.03885,1.00,1.00
2016.08.04 14:04:04.960,1.03872,1.03887,1.69,1.87
2016.08.04 14:04:05.012,1.03872,1.03887,1.69,1.50
2016.08.04 14:04:05.063,1.03872,1.03885,1.25,1.00
2016.08.04 14:04:05.267,1.03872,1.03886,1.00,1.00
2016.08.04 14:04:05.370,1.03872,1.03887,1.00,1.12
2016.08.04 14:04:05.524,1.03872,1.03886,1.00,1.00
2016.08.04 14:04:05.626,1.03872,1.03887,1.00,1.87
2016.08.04 14:04:05.991,1.03872,1.03887,1.00,1.87
2016.08.04 14:04:06.043,1.03871,1.03887,1.25,1.87
2016.08.04 14:04:06.094,1.03871,1.03887,1.25,1.87
2016.08.04 14:04:06.146,1.0387,1.03886,3.19,1.37
2016.08.04 14:04:06.197,1.0387,1.03886,3.19,1.00
2016.08.04 14:04:06.248,1.0387,1.03887,1.69,1.00
2016.08.04 14:04:06.351,1.0387,1.03887,2.44,1.50
2016.08.04 14:04:06.402,1.03871,1.03887,1.25,1.50
2016.08.04 14:04:06.453,1.03872,1.03887,1.50,1.50
2016.08.04 14:04:07.379,1.03872,1.03887,1.00,1.50
2016.08.04 14:04:07.833,1.03871,1.03887,2.44,1.50
2016.08.04 14:04:08.370,1.03872,1.03887,1.00,1.00
2016.08.04 14:04:08.471,1.03871,1.03887,2.44,1.00
2016.08.04 14:04:08.725,1.03871,1.03887,3.19,1.00
2016.08.04 14:04:09.036,1.03875,1.03887,1.00,1.00
2016.08.04 14:04:09.088,1.03877,1.03887,1.00,1.00
2016.08.04 14:04:09.139,1.03877,1.03888,1.00,1.37
2016.08.04 14:04:09.191,1.03877,1.03888,1.00,1.00
2016.08.04 14:04:09.318,1.03877,1.03891,1.00,1.87
2016.08.04 14:04:09.370,1.03878,1.03891,1.00,1.37
2016.08.04 14:04:09.472,1.03878,1.03891,1.50,1.00
2016.08.04 14:04:09.575,1.03879,1.03893,1.00,1.00
2016.08.04 14:04:09.677,1.03879,1.03893,1.25,1.00
2016.08.04 14:04:09.932,1.03878,1.03894,1.69,3.00
2016.08.04 14:04:10.034,1.03879,1.03893,1.25,1.00
2016.08.04 14:04:10.085,1.03879,1.03893,1.25,1.50
2016.08.04 14:04:10.187,1.0388,1.03893,1.00,1.50
2016.08.04 14:04:10.239,1.0388,1.03893,1.00,1.87
2016.08.04 14:04:10.444,1.03877,1.03893,1.93,1.00
2016.08.04 14:04:10.871,1.03877,1.03893,1.51,1.50
2016.08.04 14:04:11.060,1.03877,1.03893,1.51,1.00
2016.08.04 14:04:11.877,1.03877,1.03893,1.51,1.50
2016.08.04 14:04:12.165,1.03877,1.03893,1.51,1.00
2016.08.04 14:04:13.841,1.03877,1.03893,1.51,1.50
2016.08.04 14:04:13.892,1.03877,1.03892,1.19,1.00
2016.08.04 14:04:14.269,1.03877,1.03892,1.19,1.12
2016.08.04 14:04:14.935,1.03876,1.03892,1.56,2.62
2016.08.04 14:04:14.986,1.03876,1.03892,1.31,1.87
2016.08.04 14:04:15.037,1.03876,1.03891,1.31,1.00
2016.08.04 14:04:15.364,1.03875,1.0389,1.69,1.00
2016.08.04 14:04:15.466,1.03875,1.0389,2.44,1.00
2016.08.04 14:04:15.719,1.03876,1.0389,1.12,1.12
2016.08.04 14:04:16.140,1.03876,1.0389,1.12,1.37
2016.08.04 14:04:16.243,1.03875,1.03889,2.44,1.12
2016.08.04 14:04:16.344,1.03875,1.03889,1.69,1.12
2016.08.04 14:04:16.635,1.03875,1.03889,2.44,1.12
2016.08.04 14:04:16.686,1.03875,1.0389,2.44,1.87
2016.08.04 14:04:16.941,1.03875,1.0389,1.69,1.37
2016.08.04 14:04:17.140,1.03877,1.03889,1.00,1.00
2016.08.04 14:04:17.192,1.03877,1.03889,1.00,1.50
2016.08.04 14:04:18.156,1.03875,1.0389,1.69,1.50
2016.08.04 14:04:18.280,1.03876,1.03892,1.56,1.00
2016.08.04 14:04:18.340,1.03876,1.03893,2.68,1.00
2016.08.04 14:04:18.392,1.03877,1.03893,1.49,1.00
2016.08.04 14:04:18.443,1.03876,1.03893,1.56,1.00
2016.08.04 14:04:19.926,1.03877,1.03893,1.24,1.00
2016.08.04 14:04:19.977,1.03879,1.03894,1.00,1.50
2016.08.04 14:04:20.029,1.03879,1.03894,1.19,1.50
2016.08.04 14:04:20.080,1.0388,1.03894,1.25,1.50
2016.08.04 14:04:20.182,1.0388,1.03893,1.31,1.00
2016.08.04 14:04:20.234,1.0388,1.03893,2.81,1.00
2016.08.04 14:04:20.286,1.03882,1.03895,1.00,1.00
2016.08.04 14:04:20.656,1.03882,1.03896,1.25,1.00
2016.08.04 14:04:20.707,1.03882,1.03893,1.25,1.00
2016.08.04 14:04:22.292,1.03882,1.03898,1.25,1.87
2016.08.04 14:04:22.343,1.03882,1.03898,1.25,2.62
2016.08.04 14:04:22.486,1.03882,1.03895,1.25,1.00
2016.08.04 14:04:22.537,1.0388,1.03894,1.70,1.00
2016.08.04 14:04:22.588,1.03878,1.03892,1.19,1.00
2016.08.04 14:04:22.639,1.03876,1.03892,2.68,1.00
2016.08.04 14:04:22.691,1.03877,1.03893,1.08,1.50
2016.08.04 14:04:22.742,1.03877,1.03893,1.08,2.25
2016.08.04 14:04:22.896,1.03877,1.03893,1.08,2.25
2016.08.04 14:04:23.069,1.03877,1.03893,1.08,1.50
2016.08.04 14:04:23.358,1.03877,1.03892,1.08,1.00
2016.08.04 14:04:23.526,1.03877,1.03892,1.08,1.00
2016.08.04 14:04:23.860,1.03876,1.03892,1.93,1.00
2016.08.04 14:04:24.440,1.03876,1.03892,1.93,1.12
2016.08.04 14:04:24.491,1.03876,1.0389,2.44,1.00
2016.08.04 14:04:24.593,1.03877,1.03891,1.12,1.00
2016.08.04 14:04:24.695,1.03877,1.03891,1.12,1.00
2016.08.04 14:04:24.746,1.03877,1.0389,1.12,1.00
2016.08.04 14:04:24.797,1.03876,1.0389,1.69,1.50
2016.08.04 14:04:24.848,1.03875,1.0389,1.50,2.25
2016.08.04 14:04:24.900,1.03873,1.03888,1.69,1.00
2016.08.04 14:04:25.559,1.03874,1.03889,1.00,1.50
2016.08.04 14:04:25.661,1.03874,1.03888,1.00,1.00
2016.08.04 14:04:25.763,1.03873,1.03888,1.69,1.50
2016.08.04 14:04:26.450,1.03873,1.03888,1.69,1.00
2016.08.04 14:04:26.501,1.03873,1.03888,1.69,1.50
2016.08.04 14:04:26.603,1.03873,1.03888,1.25,1.00
2016.08.04 14:04:26.705,1.03873,1.03889,1.25,2.25
2016.08.04 14:04:26.756,1.03873,1.03889,1.25,2.62
2016.08.04 14:04:26.878,1.03873,1.03888,1.25,1.00
2016.08.04 14:04:26.929,1.03873,1.03888,1.19,1.00
2016.08.04 14:04:27.506,1.03873,1.03888,1.69,1.00
2016.08.04 14:04:27.608,1.03873,1.03889,1.69,1.50
2016.08.04 14:04:28.485,1.03873,1.03888,1.69,1.00
2016.08.04 14:04:29.047,1.03873,1.03888,1.50,1.00
2016.08.04 14:04:29.099,1.03873,1.03888,1.74,1.00
2016.08.04 14:04:29.150,1.03873,1.03888,1.93,1.00
2016.08.04 14:04:30.006,1.03873,1.03888,1.69,1.00
2016.08.04 14:04:30.871,1.03874,1.03887,1.25,1.00
2016.08.04 14:04:30.984,1.03874,1.03887,1.25,1.00
2016.08.04 14:04:31.321,1.03874,1.03887,1.25,1.00
2016.08.04 14:04:31.611,1.03874,1.03887,1.25,1.00
2016.08.04 14:04:31.663,1.03874,1.03887,1.00,1.00
2016.08.04 14:04:31.715,1.03873,1.03886,1.18,1.00
2016.08.04 14:04:32.038,1.03873,1.03886,1.25,1.00
2016.08.04 14:04:32.209,1.03873,1.03887,1.25,1.00
2016.08.04 14:04:32.311,1.03873,1.03887,1.25,1.00
2016.08.04 14:04:33.226,1.03873,1.03887,1.62,1.00
2016.08.04 14:04:33.277,1.03874,1.03887,1.00,1.00
2016.08.04 14:04:33.703,1.03874,1.03887,1.50,1.00
2016.08.04 14:04:33.907,1.03874,1.03887,1.50,1.00
2016.08.04 14:04:34.009,1.03874,1.03888,1.50,1.50
2016.08.04 14:04:34.111,1.03874,1.03888,1.69,1.00
2016.08.04 14:04:34.162,1.03874,1.03888,2.06,1.00
2016.08.04 14:04:34.213,1.03876,1.03891,1.18,1.00
2016.08.04 14:04:34.315,1.03877,1.03892,1.00,1.50
2016.08.04 14:04:34.464,1.03881,1.03893,1.25,1.00
2016.08.04 14:04:34.517,1.03882,1.03894,1.00,1.37
2016.08.04 14:04:34.568,1.03882,1.03894,1.00,1.00
2016.08.04 14:04:34.620,1.03881,1.03894,1.25,1.50
2016.08.04 14:04:34.817,1.0388,1.03893,1.19,1.00
2016.08.04 14:04:34.868,1.0388,1.03893,1.00,1.00
2016.08.04 14:04:35.030,1.0388,1.03895,1.00,1.00
2016.08.04 14:04:35.132,1.0388,1.03895,1.24,1.00
2016.08.04 14:04:35.183,1.03882,1.03896,1.25,1.50
2016.08.04 14:04:35.318,1.03882,1.03896,1.31,1.00
2016.08.04 14:04:35.369,1.03882,1.03896,1.56,1.00
2016.08.04 14:04:35.769,1.03882,1.03896,1.49,1.00
2016.08.04 14:04:35.921,1.03882,1.03897,1.49,1.00
2016.08.04 14:04:36.204,1.03882,1.03898,1.49,1.50
2016.08.04 14:04:36.796,1.03882,1.03898,1.49,1.00
2016.08.04 14:04:36.899,1.03884,1.03899,1.00,1.50
2016.08.04 14:04:36.951,1.03884,1.03899,1.25,1.50
2016.08.04 14:04:37.002,1.03884,1.039,1.25,1.50
2016.08.04 14:04:37.420,1.03884,1.03898,1.25,1.00
2016.08.04 14:04:37.523,1.03883,1.03896,2.06,1.00
2016.08.04 14:04:37.626,1.03884,1.03897,1.00,1.00
2016.08.04 14:04:38.549,1.03884,1.03896,1.00,1.00
2016.08.04 14:04:38.602,1.03883,1.03897,1.12,2.25
2016.08.04 14:04:38.654,1.03882,1.03897,1.00,2.25
2016.08.04 14:04:38.808,1.03883,1.03897,1.25,1.00
2016.08.04 14:04:38.863,1.03883,1.03897,1.25,1.00
2016.08.04 14:04:39.147,1.03883,1.03897,1.25,1.24
2016.08.04 14:04:39.198,1.03883,1.03898,1.25,1.37
2016.08.04 14:04:39.402,1.03881,1.03897,1.19,1.24
2016.08.04 14:04:39.504,1.03883,1.03898,1.25,1.37
2016.08.04 14:04:39.967,1.03883,1.03898,1.25,2.12
2016.08.04 14:04:40.018,1.03885,1.03898,1.00,1.74
2016.08.04 14:04:40.070,1.03885,1.03898,1.00,1.33
2016.08.04 14:04:40.121,1.03887,1.039,1.00,1.37
2016.08.04 14:04:40.225,1.03887,1.039,1.00,1.12
2016.08.04 14:04:40.326,1.03888,1.03901,1.00,1.74
2016.08.04 14:04:41.554,1.03888,1.03901,1.00,1.74
2016.08.04 14:04:43.200,1.03886,1.03903,1.25,3.99
2016.08.04 14:04:43.421,1.03886,1.03903,1.25,4.74
2016.08.04 14:04:43.916,1.03886,1.03903,1.69,4.74
2016.08.04 14:04:43.974,1.03886,1.03903,1.69,2.49
2016.08.04 14:04:44.025,1.03888,1.03904,1.00,7.37
2016.08.04 14:04:44.076,1.03888,1.03904,1.00,6.24
2016.08.04 14:04:44.127,1.0389,1.03904,1.25,2.12
2016.08.04 14:04:44.179,1.0389,1.03904,1.25,1.33
2016.08.04 14:04:44.230,1.0389,1.03903,1.25,1.00
2016.08.04 14:04:44.302,1.03891,1.03903,1.00,1.00
2016.08.04 14:04:44.354,1.03891,1.03904,1.00,1.37
2016.08.04 14:04:44.405,1.03889,1.03904,1.19,1.33
2016.08.04 14:04:44.507,1.0389,1.03904,1.25,1.33
2016.08.04 14:04:44.558,1.0389,1.03903,1.25,1.00
2016.08.04 14:04:44.874,1.0389,1.03901,1.00,1.00
2016.08.04 14:04:44.925,1.03887,1.03898,1.25,1.00
2016.08.04 14:04:44.976,1.03887,1.03898,1.00,1.50
2016.08.04 14:04:45.027,1.03884,1.03898,1.62,1.24
2016.08.04 14:04:45.078,1.03884,1.039,1.19,1.74
2016.08.04 14:04:45.129,1.03885,1.03898,1.31,1.24
2016.08.04 14:04:45.180,1.03885,1.03898,2.44,1.24
2016.08.04 14:04:45.282,1.03886,1.03898,2.00,1.24
2016.08.04 14:04:45.482,1.03886,1.03899,2.00,4.74
2016.08.04 14:04:45.537,1.03885,1.03898,2.44,1.74
2016.08.04 14:04:45.588,1.03886,1.03898,2.00,1.74
2016.08.04 14:04:45.910,1.03887,1.03898,1.50,1.74
2016.08.04 14:04:46.063,1.03887,1.03898,1.50,1.24
2016.08.04 14:04:46.114,1.03886,1.03898,3.19,1.24
2016.08.04 14:04:46.322,1.03888,1.03899,1.12,1.24
2016.08.04 14:04:46.373,1.03888,1.039,1.12,3.99
2016.08.04 14:04:46.671,1.03888,1.039,1.00,3.99
2016.08.04 14:04:46.723,1.03886,1.039,2.62,3.99
2016.08.04 14:04:46.774,1.03886,1.03899,2.62,1.24
2016.08.04 14:04:46.877,1.03887,1.03899,1.00,1.24
2016.08.04 14:04:46.928,1.03887,1.03899,1.50,1.24
2016.08.04 14:04:47.345,1.03887,1.039,1.50,3.99
2016.08.04 14:04:47.548,1.03888,1.039,1.00,3.99
2016.08.04 14:04:47.651,1.03888,1.039,1.00,3.24
2016.08.04 14:04:47.727,1.03886,1.039,1.87,3.24
2016.08.04 14:04:47.878,1.03886,1.03899,1.87,3.99
2016.08.04 14:04:48.031,1.03886,1.03899,1.87,1.24
2016.08.04 14:04:48.082,1.03886,1.039,1.87,3.99
2016.08.04 14:04:48.386,1.03887,1.03899,1.00,1.50
2016.08.04 14:04:48.440,1.03887,1.03898,1.50,1.00
2016.08.04 14:04:48.491,1.03887,1.03898,2.25,1.00
2016.08.04 14:04:48.544,1.03888,1.03901,1.00,1.00
2016.08.04 14:04:48.595,1.03888,1.03901,1.25,1.00
2016.08.04 14:04:48.647,1.03889,1.03902,1.00,1.00
2016.08.04 14:04:48.698,1.03889,1.03902,1.37,1.00
2016.08.04 14:04:48.750,1.03888,1.03901,2.44,1.50
2016.08.04 14:04:48.801,1.03888,1.03901,2.81,1.50
2016.08.04 14:04:48.853,1.0389,1.03903,1.00,1.00
2016.08.04 14:04:48.998,1.03891,1.03904,2.81,1.50
2016.08.04 14:04:49.049,1.03894,1.03907,1.19,2.25
2016.08.04 14:04:49.152,1.03894,1.03909,1.19,1.75
2016.08.04 14:04:49.204,1.03894,1.03909,1.19,1.37
2016.08.04 14:04:49.256,1.03894,1.03909,1.50,1.00
2016.08.04 14:04:49.359,1.03894,1.03909,1.12,1.50
2016.08.04 14:04:49.636,1.03894,1.03909,2.62,1.50
2016.08.04 14:04:49.688,1.03895,1.0391,1.50,1.00
2016.08.04 14:04:49.739,1.03897,1.03908,1.50,1.00
2016.08.04 14:04:49.842,1.03894,1.03907,2.62,1.00
2016.08.04 14:04:49.946,1.03894,1.03909,2.62,1.52
2016.08.04 14:04:49.997,1.03894,1.03909,2.25,1.52
2016.08.04 14:04:50.048,1.03895,1.03911,1.00,1.12
2016.08.04 14:04:50.151,1.03895,1.03911,1.50,1.12
2016.08.04 14:04:50.349,1.03895,1.03909,1.00,1.60
2016.08.04 14:04:50.451,1.03895,1.03909,1.00,2.10
2016.08.04 14:04:50.502,1.03895,1.03909,1.00,2.29
2016.08.04 14:04:50.655,1.03893,1.03909,1.50,3.04
2016.08.04 14:04:50.757,1.03893,1.03908,1.50,1.00
2016.08.04 14:04:51.615,1.03893,1.03908,2.17,1.00
2016.08.04 14:04:51.666,1.03896,1.03908,1.12,1.35
2016.08.04 14:04:51.769,1.03895,1.03909,1.87,2.25
2016.08.04 14:04:51.820,1.03895,1.03909,1.87,1.50
2016.08.04 14:04:51.871,1.03896,1.03909,1.12,1.50
2016.08.04 14:04:52.468,1.03895,1.03909,4.05,1.00
2016.08.04 14:04:52.519,1.03896,1.03909,1.00,1.00
2016.08.04 14:04:52.875,1.03896,1.03911,1.87,1.12
2016.08.04 14:04:52.978,1.03896,1.03911,1.00,1.12
2016.08.04 14:04:53.029,1.03896,1.03911,1.87,1.12
2016.08.04 14:04:53.131,1.03896,1.03911,1.12,1.12
2016.08.04 14:04:53.336,1.03896,1.03911,1.87,1.12
2016.08.04 14:04:53.387,1.03896,1.03911,2.25,1.00
2016.08.04 14:04:53.838,1.03897,1.03911,1.87,1.00
2016.08.04 14:04:53.990,1.03897,1.03911,1.87,1.25
2016.08.04 14:04:54.041,1.03897,1.0391,2.62,1.00
2016.08.04 14:04:54.275,1.03897,1.03912,1.00,1.19
2016.08.04 14:04:54.441,1.03897,1.03912,1.00,1.19
2016.08.04 14:04:54.544,1.03899,1.03912,1.00,1.00
2016.08.04 14:04:54.646,1.03901,1.03916,1.00,2.25
2016.08.04 14:04:54.697,1.03901,1.03916,1.00,2.25
2016.08.04 14:04:54.749,1.03902,1.03918,1.42,1.37
2016.08.04 14:04:54.801,1.03902,1.03918,1.42,1.00
2016.08.04 14:04:54.852,1.03904,1.03918,1.12,1.00
2016.08.04 14:04:54.966,1.03903,1.03919,1.87,1.42
2016.08.04 14:04:55.018,1.03903,1.03919,1.87,2.17
2016.08.04 14:04:55.519,1.03903,1.03919,1.87,1.42
2016.08.04 14:04:55.621,1.03903,1.03919,1.87,2.17
2016.08.04 14:04:55.724,1.03904,1.03919,1.00,2.17
2016.08.04 14:04:55.775,1.03904,1.03918,1.00,1.00
2016.08.04 14:04:55.901,1.03908,1.03918,1.12,1.00
2016.08.04 14:04:55.957,1.03908,1.03922,1.87,2.17
2016.08.04 14:04:56.059,1.03909,1.03923,1.12,1.61
2016.08.04 14:04:56.161,1.03908,1.03923,1.50,1.18
2016.08.04 14:04:56.565,1.03909,1.03923,1.00,1.18
2016.08.04 14:04:56.667,1.03909,1.03923,1.00,1.18
2016.08.04 14:04:56.982,1.03909,1.03923,1.00,1.25
2016.08.04 14:04:57.033,1.03908,1.03923,2.25,1.25
2016.08.04 14:04:57.084,1.03908,1.03923,2.25,1.25
2016.08.04 14:04:57.187,1.03908,1.03924,2.25,1.51
2016.08.04 14:04:57.342,1.03908,1.03924,1.50,1.51
2016.08.04 14:04:58.472,1.03909,1.03924,1.00,1.51
2016.08.04 14:04:58.626,1.03908,1.03923,1.00,1.25
2016.08.04 14:04:58.677,1.03907,1.0392,1.00,1.33
2016.08.04 14:04:58.729,1.03907,1.0392,1.00,1.18
2016.08.04 14:04:58.780,1.03906,1.03916,1.12,1.00
2016.08.04 14:04:58.984,1.03902,1.03916,1.87,1.00
2016.08.04 14:04:59.035,1.03902,1.03916,1.50,1.00
2016.08.04 14:04:59.300,1.03903,1.03918,1.00,1.50
2016.08.04 14:04:59.353,1.03903,1.03918,1.00,1.00
2016.08.04 14:04:59.405,1.03903,1.03919,1.00,1.18
2016.08.04 14:04:59.458,1.03903,1.03918,1.00,1.00
2016.08.04 14:04:59.563,1.03903,1.03918,1.50,1.00
2016.08.04 14:04:59.771,1.03903,1.03919,1.50,1.93
2016.08.04 14:05:00.039,1.03903,1.03919,2.17,1.93
2016.08.04 14:05:00.366,1.03903,1.03919,1.42,1.93
2016.08.04 14:05:00.472,1.03903,1.03919,1.42,1.18
2016.08.04 14:05:00.575,1.03903,1.03919,2.17,1.18
2016.08.04 14:05:00.627,1.03903,1.03919,1.42,1.33
2016.08.04 14:05:00.680,1.03903,1.03917,1.00,1.33
2016.08.04 14:05:00.782,1.03902,1.03917,1.50,1.33
2016.08.04 14:05:00.885,1.03902,1.03917,1.50,1.00
2016.08.04 14:05:00.936,1.03902,1.03917,2.25,1.00
2016.08.04 14:05:01.071,1.03902,1.03917,1.50,1.00
2016.08.04 14:05:01.275,1.03902,1.03916,1.00,1.00
2016.08.04 14:05:01.479,1.03902,1.03916,1.00,1.33
2016.08.04 14:05:01.975,1.03901,1.03916,1.87,1.33
2016.08.04 14:05:02.077,1.03901,1.03916,1.87,1.24
2016.08.04 14:05:02.236,1.03901,1.03916,1.87,1.74
2016.08.04 14:05:02.287,1.03902,1.03915,1.12,1.33
2016.08.04 14:05:02.601,1.03902,1.03913,1.12,1.00
2016.08.04 14:05:02.652,1.039,1.03913,1.00,1.00
2016.08.04 14:05:02.967,1.039,1.03915,1.50,1.33
2016.08.04 14:05:03.155,1.039,1.03913,1.50,1.00
2016.08.04 14:05:03.206,1.039,1.03913,1.50,1.50
2016.08.04 14:05:03.257,1.039,1.03913,1.50,1.00
2016.08.04 14:05:03.308,1.039,1.03912,1.00,1.00
2016.08.04 14:05:03.461,1.03899,1.03912,2.62,1.00
2016.08.04 14:05:03.563,1.03899,1.03909,2.62,1.00
2016.08.04 14:05:03.665,1.03899,1.03912,2.62,1.00
2016.08.04 14:05:03.860,1.03899,1.03914,2.62,1.50
2016.08.04 14:05:03.911,1.039,1.03913,1.00,1.00
2016.08.04 14:05:04.064,1.03899,1.03908,1.12,1.00
2016.08.04 14:05:04.116,1.03899,1.03908,1.00,1.00
2016.08.04 14:05:04.270,1.03899,1.03908,1.00,1.00
2016.08.04 14:05:04.372,1.03893,1.03909,1.00,1.24
2016.08.04 14:05:04.424,1.03893,1.03909,1.00,1.37
2016.08.04 14:05:04.725,1.03893,1.03908,1.00,1.33
2016.08.04 14:05:04.827,1.03891,1.03908,1.00,1.24
2016.08.04 14:05:04.929,1.03891,1.03908,1.00,1.74
2016.08.04 14:05:05.032,1.03891,1.03902,1.00,2.49
2016.08.04 14:05:05.135,1.0389,1.03905,1.12,1.00
2016.08.04 14:05:05.237,1.03889,1.03904,3.00,2.98
2016.08.04 14:05:05.288,1.03889,1.03903,1.37,1.00
2016.08.04 14:05:05.339,1.03887,1.03903,2.25,1.00
2016.08.04 14:05:05.445,1.03887,1.03902,2.25,2.23
2016.08.04 14:05:05.500,1.03887,1.03902,1.87,2.23
2016.08.04 14:05:05.553,1.03887,1.03902,1.00,2.23
2016.08.04 14:05:05.864,1.03886,1.03902,1.00,2.98
2016.08.04 14:05:06.311,1.03885,1.03902,2.62,2.98
2016.08.04 14:05:06.567,1.03885,1.03901,2.62,2.23
2016.08.04 14:05:06.669,1.03885,1.03899,2.62,1.00
2016.08.04 14:05:07.039,1.03885,1.03893,1.87,2.48
2016.08.04 14:05:07.091,1.03881,1.03893,1.87,3.23
2016.08.04 14:05:07.145,1.03881,1.0389,1.87,1.73
2016.08.04 14:05:07.251,1.03881,1.0389,1.12,2.48
2016.08.04 14:05:07.354,1.03881,1.0389,1.12,1.73
2016.08.04 14:05:07.457,1.03881,1.03892,1.12,1.25
2016.08.04 14:05:07.559,1.03877,1.03892,1.00,1.69
2016.08.04 14:05:07.714,1.03877,1.03889,1.00,1.00
2016.08.04 14:05:07.816,1.03874,1.03883,2.25,1.00
2016.08.04 14:05:07.867,1.03874,1.03889,2.25,1.50
2016.08.04 14:05:07.918,1.03874,1.03887,2.25,1.00
2016.08.04 14:05:07.969,1.03874,1.03887,3.00,1.00
2016.08.04 14:05:08.072,1.03874,1.03887,3.00,1.00
2016.08.04 14:05:08.123,1.03874,1.03887,3.37,1.00
2016.08.04 14:05:08.175,1.03875,1.03888,1.00,1.00
2016.08.04 14:05:08.227,1.03875,1.03888,1.12,1.00
2016.08.04 14:05:08.278,1.03877,1.03889,1.00,1.00
2016.08.04 14:05:08.498,1.03883,1.03895,1.00,1.50
2016.08.04 14:05:08.549,1.03886,1.03897,1.00,1.00
2016.08.04 14:05:08.600,1.03886,1.03899,1.00,1.50
2016.08.04 14:05:08.651,1.03884,1.03899,1.00,1.00
2016.08.04 14:05:09.173,1.03883,1.03898,1.00,1.00
2016.08.04 14:05:09.328,1.03883,1.03899,1.00,1.50
2016.08.04 14:05:09.701,1.03883,1.03898,1.00,1.00
2016.08.04 14:05:10.271,1.03883,1.03897,1.00,1.00
2016.08.04 14:05:11.285,1.03883,1.03896,1.50,1.00
2016.08.04 14:05:11.387,1.03883,1.03896,1.00,1.00
2016.08.04 14:05:12.227,1.03881,1.03894,1.00,1.00
2016.08.04 14:05:12.329,1.03879,1.03891,1.00,1.00
2016.08.04 14:05:12.482,1.03877,1.03893,1.87,1.25
2016.08.04 14:05:12.533,1.03877,1.03893,1.87,1.31
2016.08.04 14:05:12.584,1.03878,1.03894,1.00,1.56
2016.08.04 14:05:12.635,1.03878,1.03894,1.00,1.19
2016.08.04 14:05:12.686,1.03878,1.03893,1.00,1.25
2016.08.04 14:05:12.737,1.03878,1.03893,1.00,1.00
2016.08.04 14:05:12.788,1.03877,1.03891,1.87,1.00
2016.08.04 14:05:12.909,1.03877,1.03893,1.12,1.00
2016.08.04 14:05:12.963,1.03877,1.03893,1.87,1.00
2016.08.04 14:05:13.074,1.03876,1.03893,2.62,1.00
2016.08.04 14:05:13.228,1.03876,1.03894,1.87,1.92
2016.08.04 14:05:13.279,1.03876,1.03894,1.37,1.92
2016.08.04 14:05:13.484,1.03876,1.03893,1.37,1.00
2016.08.04 14:05:13.659,1.03876,1.03893,1.87,1.00
2016.08.04 14:05:13.813,1.03876,1.03894,1.87,1.69
2016.08.04 14:05:13.864,1.03876,1.03894,1.87,1.25
2016.08.04 14:05:13.966,1.03876,1.03894,1.37,1.25
2016.08.04 14:05:14.017,1.03876,1.03893,1.87,1.50
2016.08.04 14:05:14.119,1.03876,1.03891,1.37,1.00
2016.08.04 14:05:15.288,1.03875,1.03891,4.12,1.00
2016.08.04 14:05:15.479,1.03875,1.03891,3.37,1.00
2016.08.04 14:05:15.582,1.03875,1.03889,3.37,1.00
2016.08.04 14:05:15.633,1.03875,1.03888,1.12,1.00
2016.08.04 14:05:15.685,1.03872,1.03888,4.87,1.50
2016.08.04 14:05:15.737,1.03872,1.03888,4.12,2.48
2016.08.04 14:05:15.789,1.03872,1.03886,2.62,1.00
2016.08.04 14:05:15.891,1.03872,1.03888,3.37,3.42
2016.08.04 14:05:15.943,1.03872,1.03888,3.37,1.69
2016.08.04 14:05:15.995,1.03872,1.03888,3.75,1.69
2016.08.04 14:05:16.302,1.03872,1.03886,3.00,1.00
2016.08.04 14:05:16.354,1.0387,1.03886,1.75,1.00
2016.08.04 14:05:16.405,1.0387,1.03887,1.75,1.31
2016.08.04 14:05:16.456,1.0387,1.03888,1.00,5.29
2016.08.04 14:05:16.508,1.0387,1.03888,1.00,4.92
2016.08.04 14:05:16.559,1.0387,1.03887,2.25,1.25
2016.08.04 14:05:16.661,1.0387,1.03887,2.25,1.00
2016.08.04 14:05:16.712,1.0387,1.03887,2.25,1.00
2016.08.04 14:05:16.882,1.0387,1.03888,2.25,3.23
2016.08.04 14:05:17.038,1.03871,1.03889,1.12,5.29
2016.08.04 14:05:17.089,1.03871,1.03888,1.12,1.00
2016.08.04 14:05:17.281,1.03872,1.03888,1.00,1.00
2016.08.04 14:05:17.332,1.03872,1.03888,1.37,1.00
2016.08.04 14:05:17.383,1.03873,1.03888,1.00,1.00
2016.08.04 14:05:17.833,1.03873,1.03888,1.00,1.00
2016.08.04 14:05:17.935,1.03873,1.03888,1.00,1.00
2016.08.04 14:05:17.987,1.03873,1.03891,1.00,1.69
2016.08.04 14:05:18.038,1.03873,1.03891,1.50,1.69
2016.08.04 14:05:18.089,1.03873,1.03888,1.50,1.00
2016.08.04 14:05:18.594,1.03873,1.03889,1.50,1.00
2016.08.04 14:05:18.746,1.03873,1.03889,1.50,1.00
2016.08.04 14:05:18.797,1.03873,1.03888,2.25,1.00
2016.08.04 14:05:18.892,1.03874,1.03888,1.00,1.00
2016.08.04 14:05:19.781,1.03874,1.03891,1.00,1.69
2016.08.04 14:05:20.682,1.03874,1.03889,1.00,1.00
2016.08.04 14:05:21.001,1.03874,1.03889,1.00,1.50
2016.08.04 14:05:21.205,1.03874,1.03888,1.00,1.00
2016.08.04 14:05:21.357,1.03874,1.03888,1.50,1.00
2016.08.04 14:05:21.486,1.03875,1.03888,1.00,1.00
2016.08.04 14:05:21.767,1.03874,1.03889,1.50,1.00
2016.08.04 14:05:22.419,1.03876,1.03889,1.00,1.00
2016.08.04 14:05:23.523,1.03876,1.03888,1.00,1.50
2016.08.04 14:05:23.576,1.03874,1.03888,1.00,1.50
2016.08.04 14:05:23.627,1.03873,1.03885,1.50,1.00
2016.08.04 14:05:23.730,1.03875,1.03888,1.00,1.00
2016.08.04 14:05:24.364,1.03875,1.03889,1.00,1.00
2016.08.04 14:05:24.757,1.03876,1.03888,1.37,1.00
2016.08.04 14:05:24.808,1.03876,1.03888,1.87,1.00
2016.08.04 14:05:24.860,1.03876,1.03893,3.00,2.25
2016.08.04 14:05:24.911,1.03878,1.03893,1.00,1.50
2016.08.04 14:05:25.268,1.03878,1.03893,1.37,1.50
2016.08.04 14:05:25.319,1.03881,1.03893,1.00,1.00
2016.08.04 14:05:25.514,1.03885,1.03898,1.50,1.00
2016.08.04 14:05:25.718,1.03886,1.03899,1.12,1.00
2016.08.04 14:05:26.329,1.03885,1.03898,1.50,1.00
2016.08.04 14:05:26.499,1.03885,1.03898,1.00,1.00
2016.08.04 14:05:29.009,1.03883,1.039,1.25,1.00
2016.08.04 14:05:29.061,1.03883,1.039,1.25,1.00
2016.08.04 14:05:29.554,1.03885,1.03899,1.00,1.00
2016.08.04 14:05:29.718,1.03882,1.03897,1.69,1.00
2016.08.04 14:05:29.770,1.03882,1.03897,1.69,1.00
2016.08.04 14:05:29.822,1.03883,1.03898,1.00,1.50
2016.08.04 14:05:29.873,1.03883,1.03898,1.00,1.00
2016.08.04 14:05:30.894,1.03883,1.03898,1.00,3.73
2016.08.04 14:05:31.437,1.03883,1.03898,1.00,3.73
2016.08.04 14:05:31.692,1.03883,1.03898,1.00,4.48
2016.08.04 14:05:32.087,1.03883,1.03897,1.00,1.00
2016.08.04 14:05:32.460,1.03882,1.03898,1.00,3.73
2016.08.04 14:05:33.454,1.03882,1.03898,1.00,3.73
2016.08.04 14:05:34.018,1.03882,1.03896,1.50,1.00
2016.08.04 14:05:34.224,1.03882,1.03895,1.00,1.00
2016.08.04 14:05:35.197,1.03882,1.03895,1.00,2.49
2016.08.04 14:05:35.299,1.03882,1.03895,1.00,1.24
2016.08.04 14:05:35.350,1.03882,1.03896,1.00,2.49
2016.08.04 14:05:35.882,1.03882,1.03892,1.00,1.33
2016.08.04 14:05:35.934,1.03877,1.03892,3.56,1.33
2016.08.04 14:05:35.985,1.03877,1.03891,2.06,1.74
2016.08.04 14:05:36.036,1.03877,1.03891,1.94,1.74
2016.08.04 14:05:36.088,1.03876,1.03891,1.94,1.24
2016.08.04 14:05:36.141,1.03876,1.03891,1.75,1.24
2016.08.04 14:05:36.645,1.03876,1.03891,1.75,1.24
2016.08.04 14:05:36.697,1.03876,1.03891,2.00,1.74
2016.08.04 14:05:36.749,1.03876,1.03891,2.44,2.49
2016.08.04 14:05:36.801,1.03876,1.03888,2.25,1.00
2016.08.04 14:05:37.005,1.03876,1.03888,2.25,1.50
2016.08.04 14:05:37.158,1.03876,1.03888,1.75,1.50
2016.08.04 14:05:37.209,1.03876,1.03888,1.00,1.50
2016.08.04 14:05:37.311,1.03876,1.03888,1.00,1.00
2016.08.04 14:05:37.804,1.03876,1.03888,1.00,1.50
2016.08.04 14:05:37.906,1.03876,1.03888,1.00,1.00
2016.08.04 14:05:38.160,1.03876,1.03885,1.00,1.00
2016.08.04 14:05:38.262,1.03876,1.03885,1.00,1.24
2016.08.04 14:05:38.313,1.03876,1.03885,1.00,1.74
2016.08.04 14:05:38.364,1.03876,1.03884,1.00,1.00
2016.08.04 14:05:38.415,1.0387,1.03884,2.06,1.00
2016.08.04 14:05:38.590,1.0387,1.03885,2.81,1.33
2016.08.04 14:05:38.693,1.0387,1.03885,2.81,1.24
2016.08.04 14:05:38.795,1.0387,1.03885,2.81,1.33
2016.08.04 14:05:38.897,1.03871,1.03885,1.37,1.33
2016.08.04 14:05:38.999,1.0387,1.03885,3.19,1.33
2016.08.04 14:05:39.102,1.0387,1.03885,2.81,1.33
2016.08.04 14:05:39.312,1.0387,1.03885,3.56,1.33
2016.08.04 14:05:39.546,1.0387,1.03883,3.56,1.00
2016.08.04 14:05:39.599,1.0387,1.03883,2.81,1.24
2016.08.04 14:05:39.701,1.0387,1.03883,2.81,1.24
2016.08.04 14:05:39.804,1.0387,1.03883,3.37,1.24
2016.08.04 14:05:39.856,1.0387,1.03883,3.37,1.74
2016.08.04 14:05:39.908,1.0387,1.03883,4.12,1.74
2016.08.04 14:05:39.960,1.03872,1.03886,1.12,1.74
2016.08.04 14:05:40.012,1.03872,1.03886,1.31,1.24
2016.08.04 14:05:40.065,1.03872,1.03887,1.31,1.74
2016.08.04 14:05:40.117,1.03872,1.03887,1.31,1.24
2016.08.04 14:05:40.351,1.03872,1.03887,2.00,1.24
2016.08.04 14:05:40.403,1.03872,1.03887,1.69,1.24
2016.08.04 14:05:40.455,1.03872,1.03886,1.00,1.33
2016.08.04 14:05:40.559,1.03872,1.03885,1.00,1.00
2016.08.04 14:05:41.074,1.03872,1.03886,1.00,1.24
2016.08.04 14:05:41.493,1.03872,1.03886,1.00,1.74
2016.08.04 14:05:41.916,1.03872,1.03886,1.00,1.24
2016.08.04 14:05:42.331,1.03872,1.03885,1.00,1.74
2016.08.04 14:05:42.382,1.03872,1.03881,1.00,1.00
2016.08.04 14:05:42.433,1.0387,1.03881,1.50,1.00
2016.08.04 14:05:42.587,1.0387,1.03883,1.50,1.00
2016.08.04 14:05:42.639,1.03869,1.03883,1.69,1.00
2016.08.04 14:05:42.949,1.03869,1.03885,1.69,1.24
2016.08.04 14:05:43.000,1.03869,1.03885,2.06,1.24
2016.08.04 14:05:43.052,1.0387,1.03885,1.31,1.24
2016.08.04 14:05:43.256,1.03871,1.03886,1.25,1.74
2016.08.04 14:05:43.308,1.03871,1.03886,1.00,1.74
2016.08.04 14:05:43.359,1.03874,1.03887,1.00,1.37
2016.08.04 14:05:43.411,1.03874,1.03887,1.31,1.33
2016.08.04 14:05:43.462,1.03874,1.03888,1.31,1.24
2016.08.04 14:05:43.591,1.03875,1.03889,1.00,1.74
2016.08.04 14:05:43.764,1.03875,1.03889,1.00,1.33
2016.08.04 14:05:43.866,1.03875,1.03891,1.00,1.37
2016.08.04 14:05:43.917,1.03875,1.03891,1.00,2.12
2016.08.04 14:05:43.968,1.03874,1.03891,1.31,2.87
2016.08.04 14:05:44.120,1.03874,1.03891,1.31,2.12
2016.08.04 14:05:44.171,1.03874,1.03891,1.31,1.37
2016.08.04 14:05:44.223,1.03874,1.03891,2.81,1.24
2016.08.04 14:05:44.274,1.03877,1.03893,1.69,2.49
2016.08.04 14:05:44.325,1.03877,1.03893,1.69,1.74
2016.08.04 14:05:44.376,1.03877,1.03893,1.69,1.24
2016.08.04 14:05:44.862,1.03877,1.03893,1.69,1.24
2016.08.04 14:05:44.913,1.03877,1.03893,1.69,1.24
2016.08.04 14:05:44.964,1.03878,1.03893,1.25,1.24
2016.08.04 14:05:45.281,1.03881,1.03894,1.00,1.24
2016.08.04 14:05:45.414,1.03881,1.03895,1.12,1.74
2016.08.04 14:05:45.466,1.03881,1.03895,1.12,1.24
2016.08.04 14:05:45.721,1.03881,1.03896,1.12,3.24
2016.08.04 14:05:45.773,1.03881,1.03897,1.12,1.74
2016.08.04 14:05:45.824,1.03881,1.03897,1.31,1.74
2016.08.04 14:05:46.029,1.03881,1.03897,2.00,1.74
2016.08.04 14:05:46.233,1.03881,1.03897,2.00,1.74
2016.08.04 14:05:46.285,1.0388,1.03897,1.94,1.74
2016.08.04 14:05:46.336,1.0388,1.03897,1.94,1.24
2016.08.04 14:05:46.451,1.0388,1.03897,1.69,1.74
2016.08.04 14:05:46.504,1.0388,1.03894,1.00,1.33
2016.08.04 14:05:46.659,1.0388,1.03892,1.00,1.00
2016.08.04 14:05:46.813,1.03877,1.03892,1.37,1.00
2016.08.04 14:05:46.864,1.03877,1.03892,1.00,1.00
2016.08.04 14:05:47.120,1.03877,1.03892,1.00,1.00
2016.08.04 14:05:47.324,1.03877,1.03892,1.00,1.00
2016.08.04 14:05:48.459,1.03876,1.03892,1.00,1.00
2016.08.04 14:05:48.510,1.03876,1.03892,1.00,1.00
2016.08.04 14:05:48.561,1.03876,1.0389,1.00,1.00
2016.08.04 14:05:48.766,1.03876,1.03889,1.50,1.00
2016.08.04 14:05:48.817,1.03876,1.03888,1.50,1.00
2016.08.04 14:05:49.147,1.03876,1.03889,1.50,1.00
2016.08.04 14:05:49.198,1.03876,1.03891,1.00,1.00
2016.08.04 14:05:49.569,1.03877,1.03891,1.00,1.24
2016.08.04 14:05:49.773,1.03877,1.03891,1.00,1.74
2016.08.04 14:05:50.073,1.03876,1.03891,1.50,1.74
2016.08.04 14:05:50.124,1.03876,1.03888,1.50,1.33
2016.08.04 14:05:50.175,1.03876,1.03888,1.00,1.33
2016.08.04 14:05:50.227,1.03875,1.03888,1.37,1.33
2016.08.04 14:05:50.278,1.03874,1.03888,1.25,1.24
2016.08.04 14:05:50.329,1.03874,1.03888,1.00,1.24
2016.08.04 14:05:50.492,1.03874,1.03888,1.00,1.74
2016.08.04 14:05:50.645,1.03874,1.03889,1.00,2.49
2016.08.04 14:05:50.697,1.03876,1.03889,1.00,2.49
2016.08.04 14:05:50.748,1.03876,1.03888,1.00,1.24
2016.08.04 14:05:51.024,1.03876,1.03889,1.00,1.24
2016.08.04 14:05:51.075,1.03875,1.0389,1.00,1.74
2016.08.04 14:05:51.413,1.03874,1.0389,1.25,1.24
2016.08.04 14:05:51.464,1.03878,1.03891,1.00,3.24
2016.08.04 14:05:51.516,1.03878,1.03892,1.00,1.24
2016.08.04 14:05:51.567,1.03878,1.03892,1.25,1.24
2016.08.04 14:05:51.618,1.03878,1.03892,1.25,1.00
2016.08.04 14:05:51.772,1.03878,1.03892,1.00,1.00
2016.08.04 14:05:51.977,1.03877,1.03892,1.00,1.50
2016.08.04 14:05:52.028,1.03877,1.03892,1.00,1.50
2016.08.04 14:05:52.747,1.03877,1.03892,1.19,1.50
2016.08.04 14:05:52.798,1.03882,1.03892,1.00,1.00
2016.08.04 14:05:52.850,1.03882,1.03895,1.00,1.12
2016.08.04 14:05:52.902,1.03881,1.03897,1.50,4.24
2016.08.04 14:05:52.953,1.03881,1.03897,1.87,3.49
2016.08.04 14:05:53.004,1.03883,1.03896,1.00,1.00
2016.08.04 14:05:53.682,1.03883,1.03897,1.00,1.00
2016.08.04 14:05:54.216,1.03882,1.03897,1.00,1.00
2016.08.04 14:05:54.267,1.03881,1.03894,1.31,1.00
2016.08.04 14:05:54.318,1.03881,1.03894,1.12,1.00
2016.08.04 14:05:54.369,1.03879,1.03894,1.50,1.00
2016.08.04 14:05:54.420,1.03879,1.03894,1.69,1.00
2016.08.04 14:05:54.532,1.03879,1.03894,1.31,1.12
2016.08.04 14:05:54.584,1.03878,1.03893,1.19,1.00
2016.08.04 14:05:55.194,1.03879,1.03894,1.25,1.12
2016.08.04 14:05:55.246,1.03879,1.03894,1.69,1.12
2016.08.04 14:05:55.348,1.03881,1.03894,1.00,1.12
2016.08.04 14:05:55.462,1.03881,1.03893,1.00,1.00
2016.08.04 14:05:55.969,1.0388,1.03893,1.00,1.00
2016.08.04 14:05:56.472,1.03884,1.03895,1.00,3.49
2016.08.04 14:05:56.523,1.03884,1.03897,1.00,1.75
2016.08.04 14:05:56.574,1.03884,1.03897,1.00,1.00
2016.08.04 14:05:56.973,1.03883,1.03896,1.00,1.00
2016.08.04 14:05:57.280,1.03883,1.03898,1.00,1.87
2016.08.04 14:05:58.144,1.03883,1.03898,1.00,1.12
2016.08.04 14:05:59.350,1.03884,1.03898,1.19,1.12
2016.08.04 14:05:59.401,1.03885,1.039,1.19,1.75
2016.08.04 14:05:59.452,1.03886,1.039,1.00,1.37
2016.08.04 14:05:59.504,1.03886,1.039,1.00,1.00
2016.08.04 14:05:59.954,1.03886,1.039,1.00,1.50
2016.08.04 14:06:00.005,1.03886,1.03898,1.00,1.00
2016.08.04 14:06:00.155,1.03885,1.03898,1.50,1.50
2016.08.04 14:06:00.207,1.03885,1.03895,1.00,1.00
2016.08.04 14:06:00.258,1.03882,1.03895,1.00,1.12
2016.08.04 14:06:00.309,1.03881,1.03894,1.50,1.00
2016.08.04 14:06:00.513,1.03881,1.03894,1.00,1.00
2016.08.04 14:06:00.821,1.0388,1.03895,1.00,1.12
2016.08.04 14:06:01.366,1.03881,1.03895,1.00,1.12
2016.08.04 14:06:04.169,1.0388,1.03895,1.00,1.12
2016.08.04 14:06:04.323,1.03881,1.03894,1.00,1.00
2016.08.04 14:06:04.585,1.03882,1.03894,1.00,1.00
2016.08.04 14:06:05.613,1.03882,1.03895,1.00,1.12
2016.08.04 14:06:06.624,1.03882,1.03894,1.00,1.00
2016.08.04 14:06:06.873,1.03881,1.03893,1.00,1.25
2016.08.04 14:06:06.924,1.03879,1.03893,1.50,4.43
2016.08.04 14:06:06.975,1.03879,1.03893,1.50,4.24
2016.08.04 14:06:07.027,1.03881,1.03893,1.00,4.24
2016.08.04 14:06:07.079,1.03881,1.03893,1.00,3.49
2016.08.04 14:06:07.130,1.03879,1.03893,1.50,2.74
2016.08.04 14:06:07.284,1.03879,1.03893,1.00,2.74
2016.08.04 14:06:07.835,1.0388,1.03893,1.00,2.74
2016.08.04 14:06:07.886,1.0388,1.03891,1.00,3.49
2016.08.04 14:06:07.938,1.03877,1.03891,1.50,4.43
2016.08.04 14:06:07.989,1.03877,1.03891,1.00,4.43
2016.08.04 14:06:08.040,1.03877,1.03891,1.00,3.68
2016.08.04 14:06:08.091,1.03877,1.03891,1.00,1.25
2016.08.04 14:06:08.294,1.03876,1.03888,1.00,1.00
2016.08.04 14:06:08.345,1.03876,1.03888,1.00,1.50
2016.08.04 14:06:09.027,1.03876,1.03887,1.00,1.00
2016.08.04 14:06:09.231,1.03876,1.03888,1.00,1.50
2016.08.04 14:06:09.535,1.03876,1.03887,1.00,1.00
2016.08.04 14:06:10.033,1.03876,1.03888,1.00,1.50
2016.08.04 14:06:10.650,1.03876,1.03887,1.00,1.00
2016.08.04 14:06:11.044,1.03876,1.03888,1.00,1.50
2016.08.04 14:06:11.096,1.03876,1.03888,1.00,2.25
2016.08.04 14:06:11.389,1.03876,1.03888,1.00,1.74
2016.08.04 14:06:11.440,1.03876,1.03888,1.00,1.33
2016.08.04 14:06:11.542,1.03875,1.03888,1.00,1.33
2016.08.04 14:06:11.594,1.03874,1.03886,1.50,1.00
2016.08.04 14:06:11.645,1.03874,1.03886,1.00,1.00
2016.08.04 14:06:11.696,1.03873,1.03886,1.50,1.00
2016.08.04 14:06:11.798,1.03873,1.03886,1.00,1.00
2016.08.04 14:06:12.091,1.03875,1.03888,1.00,1.51
2016.08.04 14:06:12.290,1.03875,1.03888,1.00,1.93
2016.08.04 14:06:12.800,1.03875,1.03888,1.00,1.43
2016.08.04 14:06:12.851,1.03874,1.03888,1.00,1.43
2016.08.04 14:06:12.903,1.03874,1.03888,1.00,1.93
2016.08.04 14:06:12.954,1.03874,1.03888,1.00,1.43
2016.08.04 14:06:13.178,1.03874,1.03888,1.00,1.93
2016.08.04 14:06:13.229,1.03874,1.03888,1.00,1.43
2016.08.04 14:06:13.332,1.03875,1.03888,1.50,1.93
2016.08.04 14:06:13.384,1.03875,1.03888,1.50,2.68
2016.08.04 14:06:14.208,1.03875,1.03887,1.00,1.49
2016.08.04 14:06:14.491,1.03874,1.03887,1.00,1.49
2016.08.04 14:06:15.001,1.03875,1.03887,1.00,1.49
2016.08.04 14:06:16.210,1.03875,1.03888,1.00,4.18
2016.08.04 14:06:16.261,1.03875,1.03888,1.00,4.93
2016.08.04 14:06:16.363,1.03875,1.03888,1.00,4.18
2016.08.04 14:06:16.905,1.03875,1.03888,1.00,1.51
2016.08.04 14:06:16.956,1.03875,1.03888,1.00,1.33
2016.08.04 14:06:17.506,1.03875,1.03889,1.00,2.49
2016.08.04 14:06:17.557,1.03875,1.03889,1.00,3.24
2016.08.04 14:06:17.710,1.03877,1.03889,1.00,2.49
2016.08.04 14:06:17.761,1.03877,1.03889,1.00,1.74
2016.08.04 14:06:17.866,1.03877,1.03889,1.00,1.24
2016.08.04 14:06:17.969,1.03877,1.03891,1.00,5.12
2016.08.04 14:06:18.325,1.03876,1.03891,1.87,5.12
2016.08.04 14:06:18.631,1.03876,1.0389,1.50,1.24
2016.08.04 14:06:19.175,1.03876,1.03891,1.50,5.12
2016.08.04 14:06:19.360,1.03876,1.0389,1.50,1.24
2016.08.04 14:06:19.793,1.03876,1.03891,1.50,5.12
2016.08.04 14:06:20.131,1.03878,1.0389,1.00,1.24
2016.08.04 14:06:20.233,1.0388,1.03891,1.00,4.37
2016.08.04 14:06:20.335,1.0388,1.03891,1.00,3.99
2016.08.04 14:06:21.147,1.0388,1.03895,1.00,1.19
2016.08.04 14:06:21.198,1.0388,1.03895,1.00,1.19
2016.08.04 14:06:21.534,1.0388,1.03895,1.50,1.19
2016.08.04 14:06:21.868,1.03881,1.03895,1.00,1.19
2016.08.04 14:06:21.920,1.03882,1.03895,1.00,1.19
2016.08.04 14:06:22.022,1.03882,1.03895,1.00,1.00
2016.08.04 14:06:22.073,1.03882,1.03895,1.50,1.00
2016.08.04 14:06:22.228,1.03882,1.03897,1.50,1.31
2016.08.04 14:06:22.279,1.03883,1.03897,1.00,1.31
2016.08.04 14:06:22.443,1.03884,1.03897,1.00,1.25
2016.08.04 14:06:23.650,1.03884,1.03899,1.00,1.69
2016.08.04 14:06:23.980,1.03885,1.03899,1.00,1.69
2016.08.04 14:06:24.082,1.03885,1.03898,1.50,1.19
2016.08.04 14:06:24.134,1.03886,1.03898,1.00,1.00
2016.08.04 14:06:24.185,1.0389,1.03899,1.00,1.00
2016.08.04 14:06:24.342,1.03888,1.039,1.00,1.00
2016.08.04 14:06:24.393,1.03888,1.03899,1.00,1.00
2016.08.04 14:06:24.444,1.03887,1.03899,1.00,1.69
2016.08.04 14:06:24.495,1.03887,1.03898,1.00,1.00
2016.08.04 14:06:24.648,1.03885,1.03893,1.00,1.00
2016.08.04 14:06:24.699,1.03882,1.03893,2.25,1.00
2016.08.04 14:06:24.751,1.03882,1.03893,1.50,1.00
2016.08.04 14:06:24.802,1.03882,1.03893,1.37,1.00
2016.08.04 14:06:24.853,1.03882,1.03893,1.00,1.00
2016.08.04 14:06:24.904,1.03882,1.03892,1.00,2.74
2016.08.04 14:06:25.437,1.03883,1.03892,1.00,2.74
2016.08.04 14:06:25.948,1.03883,1.03893,1.00,2.74
2016.08.04 14:06:26.152,1.03885,1.03893,1.00,2.74
2016.08.04 14:06:26.372,1.03883,1.03893,1.00,2.74
2016.08.04 14:06:26.424,1.03883,1.03895,1.00,1.21
2016.08.04 14:06:26.475,1.03883,1.03897,1.00,1.71
2016.08.04 14:06:27.041,1.03884,1.03897,1.00,1.71
2016.08.04 14:06:29.208,1.03884,1.03897,1.00,1.50
2016.08.04 14:06:29.489,1.03882,1.03897,1.00,1.50
2016.08.04 14:06:29.591,1.03884,1.03897,1.00,1.50
2016.08.04 14:06:29.967,1.03882,1.03897,1.00,1.50
2016.08.04 14:06:30.646,1.03884,1.03897,1.00,1.50
2016.08.04 14:06:30.748,1.03884,1.03897,1.50,1.50
2016.08.04 14:06:31.348,1.03882,1.03896,1.00,1.12
2016.08.04 14:06:31.450,1.03881,1.03896,2.25,1.12
2016.08.04 14:06:31.603,1.03881,1.03896,1.50,1.12
2016.08.04 14:06:34.373,1.03881,1.03896,1.00,1.12
2016.08.04 14:06:34.726,1.03881,1.03896,1.00,1.12
2016.08.04 14:06:34.778,1.0388,1.03894,1.25,1.00
2016.08.04 14:06:35.000,1.03881,1.03894,1.00,1.00
2016.08.04 14:06:37.955,1.03881,1.03897,1.00,2.25
2016.08.04 14:06:38.006,1.03882,1.03897,1.00,2.25
2016.08.04 14:06:38.058,1.03886,1.03897,1.00,1.00
2016.08.04 14:06:38.109,1.03886,1.03897,1.00,1.00
2016.08.04 14:06:38.262,1.03888,1.03898,1.00,1.00
2016.08.04 14:06:38.413,1.03888,1.03901,1.00,1.00
2016.08.04 14:06:40.961,1.03888,1.03902,1.00,1.00
2016.08.04 14:06:41.516,1.0389,1.03902,1.00,1.00
2016.08.04 14:06:42.877,1.0389,1.03901,1.00,1.00
2016.08.04 14:06:45.139,1.03891,1.03901,1.00,1.00
2016.08.04 14:06:45.191,1.03891,1.03902,1.00,2.22
2016.08.04 14:06:45.242,1.03891,1.03902,1.00,1.50
2016.08.04 14:06:45.344,1.03893,1.03903,1.00,1.00
2016.08.04 14:06:45.395,1.03893,1.03906,1.00,1.37
2016.08.04 14:06:45.498,1.03894,1.03907,1.00,1.12
2016.08.04 14:06:45.844,1.03896,1.03907,1.00,1.12
2016.08.04 14:06:46.048,1.03895,1.03904,1.00,1.00
2016.08.04 14:06:46.428,1.03895,1.03905,1.00,1.00
2016.08.04 14:06:46.580,1.03895,1.03908,1.00,1.47
2016.08.04 14:06:46.631,1.03895,1.03908,1.00,1.00
2016.08.04 14:06:46.682,1.03895,1.03907,1.00,1.00
2016.08.04 14:06:47.548,1.03896,1.03907,1.00,1.00
2016.08.04 14:06:47.599,1.03896,1.03909,1.50,1.50
2016.08.04 14:06:47.650,1.03897,1.03909,1.00,1.50
2016.08.04 14:06:47.955,1.03897,1.03909,1.00,1.00
2016.08.04 14:06:48.312,1.03899,1.0391,1.00,1.00
2016.08.04 14:06:48.363,1.03899,1.03911,1.00,1.84
2016.08.04 14:06:48.516,1.03899,1.03908,1.00,1.00
2016.08.04 14:06:48.618,1.03899,1.03911,1.00,1.84
2016.08.04 14:06:48.669,1.03899,1.03911,1.00,1.00
2016.08.04 14:06:48.720,1.03899,1.03908,1.00,1.00
2016.08.04 14:06:48.822,1.039,1.03911,1.00,1.00
2016.08.04 14:06:48.873,1.03902,1.03914,1.00,1.50
2016.08.04 14:06:48.924,1.03902,1.03914,1.00,1.00
2016.08.04 14:06:49.241,1.03906,1.03914,1.00,1.00
2016.08.04 14:06:49.293,1.03906,1.03917,1.00,1.00
2016.08.04 14:06:49.518,1.03906,1.03917,1.00,1.00
2016.08.04 14:06:50.064,1.03906,1.03917,1.00,1.00
2016.08.04 14:06:50.115,1.03907,1.03919,1.00,1.37
2016.08.04 14:06:50.167,1.03907,1.03919,1.00,1.00
2016.08.04 14:06:50.218,1.03909,1.03919,1.00,1.00
2016.08.04 14:06:50.366,1.03909,1.03921,1.00,1.12
2016.08.04 14:06:50.418,1.03909,1.0392,1.00,1.00
2016.08.04 14:06:50.723,1.03908,1.03918,1.00,1.00
2016.08.04 14:06:51.664,1.03906,1.03918,1.00,1.00
2016.08.04 14:06:51.716,1.03905,1.03917,1.00,1.00
2016.08.04 14:06:51.819,1.03903,1.03917,1.37,1.50
2016.08.04 14:06:51.870,1.03903,1.03915,1.37,1.00
2016.08.04 14:06:51.922,1.03902,1.03915,2.25,1.00
2016.08.04 14:06:51.973,1.03902,1.03911,1.00,1.00
2016.08.04 14:06:52.025,1.039,1.03911,1.37,1.00
2016.08.04 14:06:52.077,1.039,1.03911,1.00,1.00
2016.08.04 14:06:52.231,1.03898,1.03911,1.50,1.00
2016.08.04 14:06:52.282,1.03898,1.03911,1.00,1.00
2016.08.04 14:06:52.333,1.03896,1.03911,1.50,1.00
2016.08.04 14:06:52.384,1.03897,1.03911,1.00,1.00
2016.08.04 14:06:52.436,1.03897,1.0391,1.00,1.22
2016.08.04 14:06:52.487,1.03895,1.0391,2.62,1.97
2016.08.04 14:06:53.153,1.03895,1.03908,1.12,1.00
2016.08.04 14:06:53.204,1.03894,1.03907,2.81,1.00
2016.08.04 14:06:53.257,1.03894,1.03907,1.69,1.00
2016.08.04 14:06:53.308,1.03894,1.03907,1.25,1.00
2016.08.04 14:06:53.359,1.03894,1.03907,1.25,1.00
2016.08.04 14:06:53.563,1.03894,1.03903,1.25,1.00
2016.08.04 14:06:53.692,1.03891,1.03903,1.00,1.00
2016.08.04 14:06:53.743,1.03887,1.03898,1.69,1.00
2016.08.04 14:06:53.795,1.03887,1.03898,1.50,1.00
2016.08.04 14:06:53.846,1.03887,1.03899,1.50,1.50
2016.08.04 14:06:53.948,1.03887,1.03899,1.50,2.72
2016.08.04 14:06:54.000,1.03887,1.03898,1.50,1.00
2016.08.04 14:06:54.152,1.03887,1.03898,1.00,1.00
2016.08.04 14:06:54.203,1.03887,1.03899,1.00,2.72
2016.08.04 14:06:54.459,1.03887,1.03898,1.00,1.00
2016.08.04 14:06:54.630,1.03885,1.03898,1.69,1.00
2016.08.04 14:06:54.681,1.03885,1.03898,1.12,1.97
2016.08.04 14:06:54.732,1.03885,1.03897,1.12,1.22
2016.08.04 14:06:54.784,1.03885,1.03897,1.12,1.22
2016.08.04 14:06:54.835,1.03885,1.03897,1.87,1.22
2016.08.04 14:06:54.937,1.03885,1.03898,1.12,1.73
2016.08.04 14:06:55.039,1.03886,1.03898,1.00,1.73
2016.08.04 14:06:55.091,1.03886,1.03898,1.00,2.48
2016.08.04 14:06:55.272,1.03886,1.03898,1.00,3.23
2016.08.04 14:06:55.328,1.03886,1.03898,1.00,3.23
2016.08.04 14:06:55.598,1.03886,1.03898,1.00,2.48
2016.08.04 14:06:55.650,1.03886,1.03898,1.00,1.00
2016.08.04 14:06:55.701,1.03886,1.03899,1.00,2.48
2016.08.04 14:06:55.752,1.03886,1.03899,1.00,3.23
2016.08.04 14:06:55.804,1.03886,1.03897,1.00,1.50
2016.08.04 14:06:55.856,1.03884,1.03897,1.87,1.50
2016.08.04 14:06:55.909,1.03884,1.03896,1.87,1.00
2016.08.04 14:06:55.961,1.03882,1.03894,2.00,2.48
2016.08.04 14:06:56.012,1.03882,1.03894,1.00,3.23
2016.08.04 14:06:56.064,1.0388,1.03894,1.50,3.23
2016.08.04 14:06:56.116,1.0388,1.03894,1.12,3.23
2016.08.04 14:06:56.270,1.0388,1.03893,1.12,1.00
2016.08.04 14:06:56.522,1.0388,1.03892,1.12,1.00
2016.08.04 14:06:56.829,1.0388,1.0389,1.12,1.00
2016.08.04 14:06:57.120,1.0388,1.0389,1.87,1.00
2016.08.04 14:06:57.352,1.0388,1.03884,1.00,1.00
2016.08.04 14:06:57.403,1.03879,1.03883,1.12,1.00
2016.08.04 14:06:57.454,1.03877,1.03883,1.50,1.00
2016.08.04 14:06:57.506,1.03877,1.03887,1.50,2.12
2016.08.04 14:06:57.557,1.03876,1.03887,1.75,2.12
2016.08.04 14:06:57.609,1.03876,1.03887,1.00,1.37
2016.08.04 14:06:57.660,1.03875,1.03887,1.87,1.37
2016.08.04 14:06:57.711,1.03875,1.03887,1.87,2.12
2016.08.04 14:06:57.763,1.03875,1.03887,1.87,1.00
2016.08.04 14:06:57.814,1.03875,1.03889,1.87,1.00
2016.08.04 14:06:58.122,1.03875,1.03886,1.87,1.00
2016.08.04 14:06:58.173,1.03875,1.03886,1.12,1.15
2016.08.04 14:06:58.224,1.03874,1.03888,1.00,4.43
2016.08.04 14:06:58.326,1.03875,1.03888,1.00,4.43
2016.08.04 14:06:58.377,1.03875,1.03888,1.12,1.69
2016.08.04 14:06:58.428,1.03877,1.0389,1.00,2.98
2016.08.04 14:06:58.479,1.03877,1.03891,1.00,1.75
2016.08.04 14:06:58.531,1.03877,1.03892,1.00,2.98
2016.08.04 14:06:58.582,1.03877,1.03892,1.12,2.98
2016.08.04 14:06:58.633,1.03877,1.03892,1.12,2.98
2016.08.04 14:06:58.735,1.03878,1.03892,1.00,2.98
2016.08.04 14:06:58.866,1.03875,1.03891,1.75,2.23
2016.08.04 14:06:58.922,1.03875,1.03891,1.75,2.23
2016.08.04 14:06:59.025,1.03875,1.03891,1.75,2.98
2016.08.04 14:06:59.076,1.03877,1.03891,1.12,2.98
2016.08.04 14:06:59.127,1.03875,1.03891,1.75,2.98
2016.08.04 14:06:59.333,1.03874,1.0389,2.25,1.00
2016.08.04 14:06:59.384,1.03874,1.03891,1.87,3.36
2016.08.04 14:06:59.590,1.03874,1.0389,1.87,1.00
2016.08.04 14:06:59.831,1.03874,1.0389,2.62,1.00
2016.08.04 14:07:00.016,1.03874,1.03889,2.62,1.00
2016.08.04 14:07:00.067,1.03874,1.03889,1.87,1.00
2016.08.04 14:07:00.119,1.03872,1.03888,2.44,1.50
2016.08.04 14:07:00.170,1.03871,1.03888,2.00,4.48
2016.08.04 14:07:00.221,1.0387,1.03883,2.44,1.00
2016.08.04 14:07:00.272,1.0387,1.03883,1.94,1.00
2016.08.04 14:07:00.323,1.0387,1.03884,1.00,1.00
2016.08.04 14:07:00.374,1.03869,1.03884,2.44,2.98
2016.08.04 14:07:00.514,1.03869,1.03884,2.25,2.98
2016.08.04 14:07:00.565,1.03869,1.03883,1.50,1.00
2016.08.04 14:07:01.018,1.03869,1.03884,1.50,3.73
2016.08.04 14:07:01.121,1.03869,1.03884,1.50,2.98
2016.08.04 14:07:01.172,1.03869,1.03884,1.50,1.00
2016.08.04 14:07:01.275,1.03869,1.03884,1.50,1.73
2016.08.04 14:07:01.410,1.03869,1.03884,1.50,2.61
2016.08.04 14:07:01.461,1.03869,1.03883,1.50,1.48
2016.08.04 14:07:01.614,1.03869,1.03882,1.50,1.00
2016.08.04 14:07:01.665,1.03869,1.03882,1.50,1.48
2016.08.04 14:07:02.411,1.03869,1.03883,1.50,1.73
2016.08.04 14:07:02.659,1.03866,1.0388,2.44,1.73
2016.08.04 14:07:02.710,1.03866,1.03879,1.75,1.48
2016.08.04 14:07:02.761,1.03865,1.03879,1.75,2.23
2016.08.04 14:07:02.812,1.03865,1.03879,1.00,2.98
2016.08.04 14:07:02.863,1.03862,1.03878,1.56,1.73
2016.08.04 14:07:02.915,1.03862,1.03878,1.56,2.23
2016.08.04 14:07:02.966,1.03861,1.03878,3.19,2.23
2016.08.04 14:07:03.128,1.03861,1.03877,2.44,2.23
2016.08.04 14:07:03.179,1.03861,1.03877,1.50,2.23
2016.08.04 14:07:03.230,1.03861,1.03876,1.50,1.00
2016.08.04 14:07:03.281,1.03861,1.03876,2.25,1.00
2016.08.04 14:07:03.333,1.03862,1.03876,1.37,1.00
2016.08.04 14:07:03.384,1.03862,1.03876,1.69,1.00
2016.08.04 14:07:03.435,1.03864,1.03879,1.37,1.73
2016.08.04 14:07:03.486,1.03864,1.03879,1.37,1.00
2016.08.04 14:07:04.490,1.03864,1.03879,1.69,1.00
2016.08.04 14:07:04.643,1.03865,1.03878,1.12,1.00
2016.08.04 14:07:05.395,1.03865,1.03878,1.50,1.00
2016.08.04 14:07:05.447,1.03865,1.03881,1.50,1.00
2016.08.04 14:07:05.498,1.03865,1.03882,1.12,1.87
2016.08.04 14:07:05.600,1.03865,1.03882,1.50,1.87
2016.08.04 14:07:05.652,1.03865,1.03882,1.50,1.12
2016.08.04 14:07:05.754,1.03865,1.03882,2.25,1.12
2016.08.04 14:07:05.806,1.03867,1.03881,1.00,1.00
2016.08.04 14:07:05.857,1.03867,1.03881,1.50,1.00
2016.08.04 14:07:05.909,1.03868,1.03882,1.00,1.12
2016.08.04 14:07:05.960,1.03868,1.03882,1.50,1.12
2016.08.04 14:07:06.093,1.03871,1.03882,1.00,1.12
2016.08.04 14:07:06.145,1.03872,1.03886,1.00,1.50
2016.08.04 14:07:06.248,1.03872,1.03889,1.00,1.75
2016.08.04 14:07:06.301,1.03872,1.03887,1.00,1.75
2016.08.04 14:07:06.352,1.0387,1.03886,1.19,1.50
2016.08.04 14:07:06.403,1.03871,1.03886,1.25,1.50
2016.08.04 14:07:06.455,1.03873,1.03886,1.00,1.00
2016.08.04 14:07:06.506,1.03873,1.03887,1.00,2.62
2016.08.04 14:07:06.558,1.03874,1.03886,1.00,1.42
2016.08.04 14:07:06.660,1.03875,1.03888,1.00,2.62
2016.08.04 14:07:06.821,1.03875,1.03887,1.00,1.50
2016.08.04 14:07:06.974,1.03874,1.03889,1.00,2.25
2016.08.04 14:07:07.025,1.03874,1.03889,1.00,1.75
2016.08.04 14:07:07.127,1.03874,1.03889,1.00,2.25
2016.08.04 14:07:07.232,1.03873,1.03888,1.00,1.50
2016.08.04 14:07:07.283,1.03872,1.03888,1.69,1.50
2016.08.04 14:07:07.334,1.03872,1.03888,1.50,1.50
2016.08.04 14:07:07.385,1.03872,1.03887,1.50,1.60
2016.08.04 14:07:07.436,1.03872,1.03887,1.00,1.60
2016.08.04 14:07:07.698,1.03872,1.03888,1.00,1.50
2016.08.04 14:07:07.850,1.03871,1.03888,1.00,2.25
2016.08.04 14:07:07.952,1.03871,1.03888,1.00,1.50
2016.08.04 14:07:08.055,1.03872,1.03889,1.00,3.47
2016.08.04 14:07:08.463,1.03872,1.03887,1.00,1.12
2016.08.04 14:07:08.515,1.03872,1.03887,1.50,1.50
2016.08.04 14:07:08.566,1.03872,1.03887,1.50,1.00
2016.08.04 14:07:09.345,1.03872,1.03887,1.00,1.00
2016.08.04 14:07:09.604,1.03872,1.03887,1.00,1.12
2016.08.04 14:07:09.655,1.03872,1.03887,1.00,3.85
2016.08.04 14:07:09.707,1.03872,1.03885,1.00,1.00
2016.08.04 14:07:10.257,1.03872,1.03887,1.50,1.97
2016.08.04 14:07:10.366,1.03872,1.03887,1.50,2.72
2016.08.04 14:07:10.417,1.03872,1.03886,1.00,1.00
2016.08.04 14:07:10.571,1.03872,1.03886,1.00,3.47
2016.08.04 14:07:10.623,1.0387,1.03883,1.00,1.00
2016.08.04 14:07:10.725,1.03869,1.03885,1.31,2.25
2016.08.04 14:07:10.828,1.0387,1.03883,1.00,1.00
2016.08.04 14:07:11.135,1.03869,1.03882,1.31,1.00
2016.08.04 14:07:11.390,1.03869,1.03878,1.12,1.00
2016.08.04 14:07:11.441,1.03866,1.03879,1.31,1.00
2016.08.04 14:07:11.543,1.03866,1.03879,1.31,1.00
2016.08.04 14:07:11.646,1.03864,1.0388,2.44,1.00
2016.08.04 14:07:12.046,1.03864,1.0388,3.19,1.00
2016.08.04 14:07:12.355,1.03864,1.0388,2.44,1.00
2016.08.04 14:07:12.407,1.03864,1.0388,2.25,1.00
2016.08.04 14:07:12.458,1.03864,1.03879,1.50,1.00
2016.08.04 14:07:12.560,1.03865,1.03879,1.00,1.00
2016.08.04 14:07:12.852,1.03865,1.0388,1.12,1.00
2016.08.04 14:07:12.954,1.03865,1.03882,1.87,1.12
2016.08.04 14:07:13.057,1.03865,1.03882,2.25,1.12
2016.08.04 14:07:13.159,1.03866,1.03882,1.00,1.87
2016.08.04 14:07:13.559,1.03866,1.03879,1.00,1.00
2016.08.04 14:07:13.749,1.03866,1.03879,1.12,1.00
2016.08.04 14:07:13.914,1.03865,1.03882,2.25,1.87
2016.08.04 14:07:13.966,1.03865,1.03882,1.87,1.87
2016.08.04 14:07:14.017,1.03867,1.03882,1.00,1.87
2016.08.04 14:07:14.169,1.03866,1.03882,1.50,1.87
2016.08.04 14:07:14.373,1.03866,1.03882,1.00,1.87
2016.08.04 14:07:14.425,1.03865,1.0388,3.00,1.00
2016.08.04 14:07:14.527,1.03866,1.03881,1.00,1.00
2016.08.04 14:07:14.732,1.03865,1.03879,1.25,1.00
2016.08.04 14:07:14.834,1.03865,1.0388,1.00,1.00
2016.08.04 14:07:14.937,1.03865,1.03881,1.50,1.00
2016.08.04 14:07:14.988,1.03865,1.03881,2.25,1.00
2016.08.04 14:07:15.039,1.03865,1.03882,2.44,1.50
2016.08.04 14:07:15.091,1.03865,1.03882,3.19,1.00
2016.08.04 14:07:15.142,1.03866,1.03883,2.06,1.97
2016.08.04 14:07:15.193,1.03867,1.03883,1.69,2.72
2016.08.04 14:07:15.553,1.03867,1.03883,1.69,1.97
2016.08.04 14:07:15.730,1.03868,1.03881,1.31,1.00
2016.08.04 14:07:16.916,1.03868,1.03881,1.31,1.50
2016.08.04 14:07:16.967,1.03866,1.03879,1.94,1.00
2016.08.04 14:07:17.069,1.03865,1.0388,1.94,1.00
2016.08.04 14:07:17.171,1.03865,1.0388,2.44,1.00
2016.08.04 14:07:17.484,1.03865,1.0388,3.19,1.00
2016.08.04 14:07:17.692,1.03865,1.0388,2.44,1.00
2016.08.04 14:07:17.860,1.03865,1.0388,1.94,1.00
2016.08.04 14:07:18.538,1.03864,1.03881,5.44,1.00
2016.08.04 14:07:18.589,1.03865,1.03881,2.44,1.00
2016.08.04 14:07:18.640,1.03868,1.03881,1.12,1.00
2016.08.04 14:07:18.826,1.0387,1.03884,1.00,1.22
2016.08.04 14:07:18.877,1.0387,1.03885,1.00,2.62
2016.08.04 14:07:18.928,1.0387,1.03885,1.37,2.62
2016.08.04 14:07:18.979,1.03871,1.03885,1.00,1.00
2016.08.04 14:07:19.435,1.03871,1.03884,1.00,1.00
2016.08.04 14:07:21.143,1.03871,1.03882,1.00,1.00
2016.08.04 14:07:21.395,1.03869,1.03881,1.12,1.00
2016.08.04 14:07:21.450,1.03866,1.03881,1.75,1.00
2016.08.04 14:07:21.552,1.03865,1.03879,2.06,1.00
2016.08.04 14:07:21.656,1.03865,1.03879,2.81,1.00
2016.08.04 14:07:21.758,1.03865,1.03881,2.06,1.97
2016.08.04 14:07:21.861,1.03865,1.03879,3.56,1.00
2016.08.04 14:07:21.963,1.03866,1.0388,2.06,1.22
2016.08.04 14:07:22.280,1.03866,1.03882,2.06,1.00
2016.08.04 14:07:22.361,1.03867,1.03882,1.50,1.00
2016.08.04 14:07:22.462,1.03867,1.03882,2.25,1.50
2016.08.04 14:07:22.564,1.03868,1.03881,1.12,1.00
2016.08.04 14:07:22.965,1.03866,1.03881,2.00,1.00
2016.08.04 14:07:23.019,1.03866,1.03881,2.00,1.97
2016.08.04 14:07:23.071,1.03866,1.03881,1.75,1.97
2016.08.04 14:07:23.173,1.03866,1.03881,2.00,1.97
2016.08.04 14:07:23.313,1.03866,1.03881,2.44,1.97
2016.08.04 14:07:23.589,1.03866,1.03881,2.00,1.97
2016.08.04 14:07:23.640,1.03865,1.0388,4.31,1.00
2016.08.04 14:07:23.691,1.03865,1.03879,3.56,1.22
2016.08.04 14:07:23.742,1.03865,1.03878,2.62,1.00
2016.08.04 14:07:23.793,1.03865,1.03877,1.87,1.22
2016.08.04 14:07:23.845,1.03865,1.03877,1.69,1.22
2016.08.04 14:07:23.896,1.03865,1.03881,2.06,2.72
2016.08.04 14:07:23.947,1.03866,1.03881,1.50,1.22
2016.08.04 14:07:23.998,1.03866,1.03882,2.62,1.00
2016.08.04 14:07:24.132,1.03867,1.03882,1.12,1.00
2016.08.04 14:07:24.184,1.03868,1.03882,1.00,1.00
2016.08.04 14:07:24.287,1.03869,1.03883,1.00,1.22
2016.08.04 14:07:24.542,1.03869,1.03882,1.00,1.00
2016.08.04 14:07:24.594,1.03869,1.03882,1.00,1.97
2016.08.04 14:07:24.856,1.03869,1.03882,1.00,1.22
2016.08.04 14:07:24.958,1.03869,1.03882,1.00,1.97
2016.08.04 14:07:25.081,1.03869,1.03882,1.00,1.22
2016.08.04 14:07:25.183,1.03869,1.03883,1.00,1.97
2016.08.04 14:07:25.344,1.03869,1.03883,1.00,2.72
2016.08.04 14:07:25.836,1.03869,1.03883,1.00,3.47
2016.08.04 14:07:25.888,1.03869,1.03882,1.00,1.00
2016.08.04 14:07:26.158,1.03869,1.03883,1.00,3.47
2016.08.04 14:07:26.389,1.03869,1.03882,1.00,1.22
2016.08.04 14:07:26.491,1.03869,1.03882,1.00,1.97
2016.08.04 14:07:27.297,1.03869,1.03882,1.00,1.00
2016.08.04 14:07:27.348,1.0387,1.03883,1.00,1.97
2016.08.04 14:07:27.501,1.0387,1.03883,1.00,1.00
2016.08.04 14:07:27.552,1.03869,1.03884,1.50,3.23
2016.08.04 14:07:27.655,1.03869,1.03883,1.50,1.00
2016.08.04 14:07:27.808,1.03869,1.03881,1.50,1.15
2016.08.04 14:07:27.859,1.03869,1.03881,1.00,1.61
2016.08.04 14:07:28.012,1.03869,1.03879,1.00,1.15
2016.08.04 14:07:28.063,1.03867,1.03879,1.69,1.61
2016.08.04 14:07:28.169,1.03867,1.03879,1.25,1.61
2016.08.04 14:07:28.475,1.03867,1.03879,1.00,1.15
2016.08.04 14:07:28.955,1.03866,1.03879,2.62,1.15
2016.08.04 14:07:29.006,1.03866,1.03879,1.87,1.15
2016.08.04 14:07:29.231,1.03866,1.03878,2.62,1.15
2016.08.04 14:07:29.282,1.03869,1.03878,1.00,1.61
2016.08.04 14:07:29.589,1.03867,1.03878,1.00,1.61
2016.08.04 14:07:30.095,1.03868,1.03878,1.00,1.61
2016.08.04 14:07:30.147,1.03866,1.03878,1.12,2.36
2016.08.04 14:07:30.199,1.03865,1.03875,1.87,1.61
2016.08.04 14:07:30.353,1.03865,1.03875,1.87,1.15
2016.08.04 14:07:30.405,1.03865,1.03878,1.87,1.00
2016.08.04 14:07:30.456,1.03863,1.03878,1.37,2.25
2016.08.04 14:07:30.507,1.03863,1.03878,1.00,2.25
2016.08.04 14:07:30.558,1.03862,1.03877,1.50,1.00
2016.08.04 14:07:30.610,1.03862,1.03877,1.00,1.00
2016.08.04 14:07:30.661,1.03862,1.03875,1.00,1.00
2016.08.04 14:07:30.763,1.03861,1.03873,1.12,1.00
2016.08.04 14:07:30.865,1.0386,1.03874,3.37,1.00
2016.08.04 14:07:31.059,1.03861,1.03874,1.12,1.00
2016.08.04 14:07:31.161,1.0386,1.03874,2.62,1.00
2016.08.04 14:07:31.212,1.0386,1.03874,3.37,1.00
2016.08.04 14:07:31.365,1.03861,1.03874,1.12,1.50
2016.08.04 14:07:32.274,1.03861,1.03874,1.87,1.50
2016.08.04 14:07:32.477,1.03861,1.03876,1.87,1.00
2016.08.04 14:07:32.680,1.03862,1.03874,1.00,1.00
2016.08.04 14:07:32.871,1.03862,1.03876,1.00,1.00
2016.08.04 14:07:33.077,1.03861,1.03873,1.87,1.00
2016.08.04 14:07:33.349,1.03861,1.03873,1.12,1.00
2016.08.04 14:07:33.579,1.0386,1.03873,3.56,1.00
2016.08.04 14:07:33.681,1.0386,1.03873,2.81,1.00
2016.08.04 14:07:33.733,1.0386,1.03873,2.62,1.00
2016.08.04 14:07:33.784,1.0386,1.03873,1.87,1.00
2016.08.04 14:07:34.234,1.0386,1.03874,1.87,1.50
2016.08.04 14:07:34.286,1.0386,1.03874,2.62,1.00
2016.08.04 14:07:34.402,1.0386,1.03873,2.62,2.23
2016.08.04 14:07:34.455,1.0386,1.03873,2.62,3.73
2016.08.04 14:07:34.507,1.0386,1.03873,1.12,3.73
2016.08.04 14:07:34.558,1.03858,1.03873,1.12,2.98
2016.08.04 14:07:34.711,1.03857,1.03873,2.81,2.98
2016.08.04 14:07:34.916,1.03858,1.03873,1.87,2.98
2016.08.04 14:07:34.970,1.03859,1.03873,1.75,2.98
2016.08.04 14:07:35.021,1.03859,1.03873,1.75,1.00
2016.08.04 14:07:35.072,1.03859,1.03873,1.00,1.00
2016.08.04 14:07:35.597,1.03859,1.03873,1.00,1.24
2016.08.04 14:07:35.801,1.03856,1.03872,3.00,1.24
2016.08.04 14:07:35.852,1.03856,1.03872,3.00,1.24
2016.08.04 14:07:35.903,1.03858,1.03874,1.00,4.61
2016.08.04 14:07:35.954,1.0386,1.03873,1.00,1.74
2016.08.04 14:07:36.105,1.03858,1.03872,1.00,1.74
2016.08.04 14:07:36.156,1.03858,1.03872,1.00,1.74
2016.08.04 14:07:36.361,1.03862,1.03873,1.00,1.74
2016.08.04 14:07:36.412,1.03862,1.03873,1.00,1.00
2016.08.04 14:07:36.464,1.03862,1.03874,1.00,1.08
2016.08.04 14:07:36.516,1.03863,1.03876,1.00,1.49
2016.08.04 14:07:36.568,1.03863,1.03878,1.00,3.43
2016.08.04 14:07:36.621,1.03865,1.03879,1.00,1.31
2016.08.04 14:07:36.672,1.03865,1.03878,1.12,1.00
2016.08.04 14:07:36.979,1.03865,1.03881,1.12,1.25
2016.08.04 14:07:37.031,1.03865,1.03881,1.12,1.00
2016.08.04 14:07:37.133,1.03864,1.03881,2.25,1.00
2016.08.04 14:07:37.235,1.03864,1.03882,2.25,3.86
2016.08.04 14:07:37.287,1.03864,1.03882,1.87,3.86
2016.08.04 14:07:37.440,1.03866,1.03882,1.00,4.61
2016.08.04 14:07:37.563,1.03866,1.03882,1.50,4.61
2016.08.04 14:07:37.615,1.03866,1.03882,1.00,4.80
2016.08.04 14:07:37.854,1.03866,1.03882,1.00,1.31
2016.08.04 14:07:37.907,1.03868,1.03882,1.12,1.25
2016.08.04 14:07:38.215,1.03868,1.03882,1.87,1.25
2016.08.04 14:07:38.267,1.03868,1.03883,1.87,1.19
2016.08.04 14:07:38.461,1.03868,1.03883,1.12,1.69
2016.08.04 14:07:38.512,1.03866,1.03882,3.37,2.93
2016.08.04 14:07:38.563,1.03867,1.03882,1.50,4.43
2016.08.04 14:07:38.778,1.03866,1.03882,2.62,5.18
2016.08.04 14:07:38.830,1.03869,1.03883,1.00,1.00
2016.08.04 14:07:38.985,1.03869,1.03884,1.50,4.24
2016.08.04 14:07:39.036,1.03869,1.03884,1.50,4.99
2016.08.04 14:07:39.138,1.03869,1.03884,1.50,4.24
2016.08.04 14:07:39.445,1.03869,1.03883,1.50,1.00
2016.08.04 14:07:39.497,1.03869,1.03883,1.00,1.00
2016.08.04 14:07:39.548,1.03868,1.03883,1.87,1.00
2016.08.04 14:07:39.702,1.03867,1.03882,2.25,4.24
2016.08.04 14:07:39.757,1.03867,1.03882,2.25,3.49
2016.08.04 14:07:39.809,1.03867,1.03881,1.00,1.00
2016.08.04 14:07:40.014,1.03866,1.03881,1.50,1.00
2016.08.04 14:07:40.065,1.03866,1.03881,1.00,1.00
2016.08.04 14:07:40.116,1.03866,1.0388,1.00,3.68
2016.08.04 14:07:40.168,1.03866,1.03879,1.00,1.25
2016.08.04 14:07:40.271,1.03866,1.0388,1.00,4.43
2016.08.04 14:07:40.373,1.03866,1.03879,1.00,1.25
2016.08.04 14:07:40.579,1.03863,1.03879,2.25,1.69
2016.08.04 14:07:40.785,1.03863,1.03879,1.87,1.69
2016.08.04 14:07:40.946,1.03863,1.03878,1.87,1.19
2016.08.04 14:07:41.344,1.03863,1.03878,1.87,3.68
2016.08.04 14:07:41.395,1.03863,1.03877,1.12,1.25
2016.08.04 14:07:41.446,1.03862,1.03877,3.37,1.25
2016.08.04 14:07:41.498,1.03862,1.03877,3.37,1.25
2016.08.04 14:07:41.549,1.03862,1.03877,3.37,1.25
2016.08.04 14:07:41.600,1.03863,1.03878,1.12,5.93
2016.08.04 14:07:41.843,1.03863,1.03878,1.12,5.18
2016.08.04 14:07:42.099,1.03863,1.03878,1.12,4.99
2016.08.04 14:07:42.150,1.03863,1.03878,1.12,5.74
2016.08.04 14:07:42.302,1.03862,1.03878,2.62,5.36
2016.08.04 14:07:42.353,1.03862,1.03878,2.62,6.11
2016.08.04 14:07:42.576,1.03862,1.03878,2.62,6.86
2016.08.04 14:07:44.257,1.03862,1.03878,2.62,6.11
2016.08.04 14:07:44.460,1.03862,1.03878,2.62,5.36
2016.08.04 14:07:45.489,1.03862,1.03878,2.62,6.11
2016.08.04 14:07:45.591,1.03862,1.03878,2.62,5.74
2016.08.04 14:07:45.642,1.03862,1.03878,2.62,4.99
2016.08.04 14:07:45.883,1.03863,1.03878,1.12,3.49
2016.08.04 14:07:46.035,1.03863,1.03878,1.12,1.00
2016.08.04 14:07:46.087,1.03865,1.03878,1.00,1.00
2016.08.04 14:07:46.424,1.03864,1.03878,1.50,1.00
2016.08.04 14:07:46.744,1.03864,1.03879,1.50,1.69
2016.08.04 14:07:46.920,1.03864,1.03879,1.50,1.50
2016.08.04 14:07:47.245,1.03864,1.03878,1.50,2.74
2016.08.04 14:07:48.422,1.03864,1.03879,1.50,4.99
2016.08.04 14:07:48.473,1.03864,1.03879,1.50,4.24
2016.08.04 14:07:48.525,1.03865,1.03878,1.00,1.00
2016.08.04 14:07:48.734,1.03864,1.03879,1.00,3.49
2016.08.04 14:07:48.949,1.03864,1.03874,1.00,1.00
2016.08.04 14:07:49.000,1.03862,1.03874,1.12,2.25
2016.08.04 14:07:49.051,1.03861,1.03874,1.00,3.37
2016.08.04 14:07:49.102,1.03861,1.03873,1.00,1.00
2016.08.04 14:07:49.154,1.03861,1.03873,1.00,1.50
2016.08.04 14:07:49.205,1.03861,1.03872,1.00,1.00
2016.08.04 14:07:49.256,1.03857,1.03872,2.25,1.00
2016.08.04 14:07:49.358,1.03857,1.03871,1.50,1.00
2016.08.04 14:07:49.578,1.03857,1.03869,1.50,1.00
2016.08.04 14:07:49.630,1.03856,1.03869,1.50,1.00
2016.08.04 14:07:50.090,1.03856,1.03871,1.50,1.00
2016.08.04 14:07:50.989,1.03856,1.03871,1.50,1.12
2016.08.04 14:07:51.091,1.03856,1.03869,2.25,1.00
2016.08.04 14:07:51.142,1.03856,1.03869,1.50,1.00
2016.08.04 14:07:51.193,1.03855,1.03868,1.37,1.00
2016.08.04 14:07:51.245,1.03855,1.03868,1.12,1.00
2016.08.04 14:07:51.296,1.03855,1.0387,1.12,1.00
2016.08.04 14:07:51.586,1.03856,1.03871,1.00,1.00
2016.08.04 14:07:52.333,1.03856,1.03869,1.50,1.00
2016.08.04 14:07:53.562,1.03856,1.03867,1.00,1.00
2016.08.04 14:07:53.613,1.03854,1.03867,2.62,1.50
2016.08.04 14:07:53.665,1.03854,1.03867,1.87,2.25
2016.08.04 14:07:53.716,1.03854,1.03865,1.12,1.00
2016.08.04 14:07:53.819,1.03854,1.03867,1.12,2.25
2016.08.04 14:07:53.870,1.03852,1.03867,1.00,2.25
2016.08.04 14:07:53.921,1.03853,1.03867,1.00,1.50
2016.08.04 14:07:54.032,1.03854,1.03867,1.00,1.00
2016.08.04 14:07:54.085,1.03857,1.03869,1.00,1.50
2016.08.04 14:07:54.188,1.03855,1.03869,1.00,1.50
2016.08.04 14:07:54.241,1.03855,1.03868,1.00,1.12
2016.08.04 14:07:54.343,1.03855,1.03868,1.50,1.12
2016.08.04 14:07:54.598,1.03858,1.03868,1.00,1.12
2016.08.04 14:07:55.109,1.03857,1.03868,1.00,1.12
2016.08.04 14:07:55.828,1.03855,1.03869,1.50,1.50
2016.08.04 14:07:56.526,1.03857,1.03869,1.00,1.50
2016.08.04 14:07:56.730,1.03856,1.03869,1.00,2.25
2016.08.04 14:07:57.188,1.03857,1.03869,1.00,1.50
2016.08.04 14:07:57.683,1.03857,1.03864,1.00,1.00
2016.08.04 14:07:57.734,1.03854,1.03867,1.00,1.00
2016.08.04 14:07:57.785,1.03851,1.03867,1.31,1.00
2016.08.04 14:07:57.836,1.03852,1.03867,1.25,1.00
2016.08.04 14:07:57.938,1.03854,1.03869,1.00,3.00
2016.08.04 14:07:57.989,1.03854,1.03869,1.00,2.25
2016.08.04 14:07:58.091,1.03854,1.03869,1.00,1.50
2016.08.04 14:07:58.142,1.03854,1.03868,1.00,1.12
2016.08.04 14:07:58.244,1.03854,1.03869,1.00,1.50
2016.08.04 14:07:58.734,1.03853,1.03869,2.25,1.50
2016.08.04 14:07:58.785,1.03855,1.03869,1.00,1.50
2016.08.04 14:07:58.836,1.03855,1.03869,1.00,1.00
2016.08.04 14:07:58.938,1.03854,1.03869,1.87,1.00
2016.08.04 14:07:59.501,1.03854,1.03868,1.87,1.00
2016.08.04 14:08:00.042,1.03854,1.03869,1.87,1.00
2016.08.04 14:08:00.246,1.03855,1.03869,1.00,1.00
2016.08.04 14:08:00.832,1.03855,1.03868,1.00,1.00
2016.08.04 14:08:01.279,1.03854,1.03868,1.87,1.00
2016.08.04 14:08:01.381,1.03854,1.03869,1.12,1.50
2016.08.04 14:08:01.982,1.03854,1.03869,1.12,2.25
2016.08.04 14:08:02.646,1.03854,1.03864,1.12,1.00
2016.08.04 14:08:02.755,1.03854,1.03868,1.12,1.00
2016.08.04 14:08:03.013,1.03851,1.0386,1.75,1.00
2016.08.04 14:08:03.066,1.03851,1.03855,1.00,1.00
2016.08.04 14:08:03.118,1.03851,1.03855,1.00,1.50
2016.08.04 14:08:03.170,1.03846,1.0385,3.00,1.00
2016.08.04 14:08:03.273,1.03846,1.0385,2.62,1.00
2016.08.04 14:08:03.375,1.03846,1.03852,1.87,1.00
2016.08.04 14:08:03.477,1.03843,1.03848,2.62,1.50
2016.08.04 14:08:03.528,1.03843,1.03851,4.12,1.00
2016.08.04 14:08:03.678,1.03837,1.03848,1.00,1.00
2016.08.04 14:08:03.729,1.03837,1.03851,1.50,1.00
2016.08.04 14:08:04.094,1.03837,1.03849,1.50,1.00
2016.08.04 14:08:04.145,1.03837,1.03849,1.87,1.00
2016.08.04 14:08:04.196,1.03837,1.0385,2.06,1.00
2016.08.04 14:08:04.247,1.0384,1.0385,1.00,1.00
2016.08.04 14:08:04.298,1.0384,1.03853,1.19,1.00
2016.08.04 14:08:04.349,1.03842,1.03856,1.50,2.25
2016.08.04 14:08:04.514,1.03846,1.03856,1.37,1.00
2016.08.04 14:08:04.571,1.03846,1.0386,2.44,1.00
2016.08.04 14:08:04.676,1.03847,1.0386,3.56,1.00
2016.08.04 14:08:04.778,1.03847,1.0386,3.19,1.00
2016.08.04 14:08:04.829,1.03849,1.03862,1.00,1.00
2016.08.04 14:08:05.067,1.03849,1.03862,1.25,1.00
2016.08.04 14:08:05.119,1.03849,1.03862,1.31,1.00
2016.08.04 14:08:05.170,1.03849,1.03862,1.69,1.00
2016.08.04 14:08:05.493,1.03849,1.03859,2.06,1.00
2016.08.04 14:08:06.059,1.03849,1.03859,1.69,1.00
2016.08.04 14:08:06.161,1.03849,1.03859,2.06,1.00
2016.08.04 14:08:06.521,1.03851,1.03859,1.00,1.00
2016.08.04 14:08:06.573,1.03851,1.03864,1.50,3.00
2016.08.04 14:08:06.625,1.03854,1.03863,1.00,1.00
2016.08.04 14:08:06.831,1.03855,1.03864,1.50,1.00
2016.08.04 14:08:06.934,1.03855,1.03864,1.00,1.00
2016.08.04 14:08:07.150,1.03855,1.03864,1.50,1.00
2016.08.04 14:08:07.202,1.03855,1.03867,1.69,1.00
2016.08.04 14:08:07.254,1.03858,1.03867,1.00,1.00
2016.08.04 14:08:07.432,1.03858,1.03867,1.50,1.00
2016.08.04 14:08:07.637,1.03858,1.03867,1.00,1.00
2016.08.04 14:08:08.127,1.03857,1.03866,1.50,1.00
2016.08.04 14:08:08.331,1.03857,1.03867,1.00,1.00
2016.08.04 14:08:09.218,1.03858,1.03867,1.00,1.00
2016.08.04 14:08:09.524,1.03856,1.03865,1.00,1.00
2016.08.04 14:08:09.684,1.03856,1.03867,1.00,1.00
2016.08.04 14:08:09.735,1.03858,1.03867,1.00,1.00
2016.08.04 14:08:11.526,1.03859,1.03869,1.00,1.50
2016.08.04 14:08:11.577,1.03859,1.03867,1.00,1.00
2016.08.04 14:08:11.628,1.03856,1.03867,2.62,1.00
2016.08.04 14:08:11.679,1.03856,1.03867,1.75,1.00
2016.08.04 14:08:11.730,1.03857,1.03867,1.37,1.00
2016.08.04 14:08:11.782,1.03857,1.03867,1.00,1.00
2016.08.04 14:08:11.833,1.03855,1.03867,1.12,1.00
2016.08.04 14:08:11.934,1.03856,1.03866,1.00,1.00
2016.08.04 14:08:12.038,1.03855,1.03866,1.12,1.00
2016.08.04 14:08:12.760,1.03855,1.03862,1.12,1.00
2016.08.04 14:08:12.938,1.03852,1.03859,1.37,1.00
2016.08.04 14:08:12.989,1.03848,1.03859,4.12,1.00
2016.08.04 14:08:13.040,1.03848,1.03858,3.37,1.00
2016.08.04 14:08:13.091,1.03848,1.03856,1.75,1.00
2016.08.04 14:08:13.142,1.03846,1.03855,1.75,1.00
2016.08.04 14:08:13.193,1.03848,1.03852,1.00,1.00
2016.08.04 14:08:13.346,1.03841,1.03851,1.75,1.00
2016.08.04 14:08:13.398,1.0384,1.03851,1.87,1.00
2016.08.04 14:08:13.449,1.03839,1.03848,1.75,1.00
2016.08.04 14:08:13.635,1.03835,1.03848,2.62,1.00
2016.08.04 14:08:13.687,1.03838,1.03848,1.37,1.00
2016.08.04 14:08:13.738,1.03838,1.03851,1.37,1.00
2016.08.04 14:08:13.789,1.03838,1.03853,1.50,1.69
2016.08.04 14:08:13.892,1.03838,1.03853,1.50,1.19
2016.08.04 14:08:13.995,1.03838,1.03853,1.37,1.19
2016.08.04 14:08:14.097,1.03838,1.03853,2.85,1.00
2016.08.04 14:08:14.200,1.03838,1.03853,3.23,1.00
2016.08.04 14:08:14.510,1.03838,1.03856,3.23,1.00
2016.08.04 14:08:14.562,1.0384,1.03856,1.37,1.00
2016.08.04 14:08:14.665,1.0384,1.03856,1.87,1.33
2016.08.04 14:08:14.717,1.0384,1.03856,2.62,1.33
2016.08.04 14:08:14.819,1.0384,1.03856,1.87,1.33
2016.08.04 14:08:15.023,1.0384,1.03856,1.50,1.33
2016.08.04 14:08:15.126,1.03843,1.03856,1.00,1.33
2016.08.04 14:08:15.673,1.03842,1.03856,1.00,1.33
2016.08.04 14:08:15.775,1.03842,1.03856,1.00,1.51
2016.08.04 14:08:16.203,1.03842,1.03856,1.37,1.51
2016.08.04 14:08:16.254,1.03845,1.03859,1.50,1.51
2016.08.04 14:08:16.306,1.03845,1.03859,1.87,1.51
2016.08.04 14:08:16.357,1.03845,1.03861,1.12,3.43
2016.08.04 14:08:16.408,1.03845,1.03861,1.00,2.68
2016.08.04 14:08:16.915,1.03846,1.03861,1.00,2.68
2016.08.04 14:08:17.267,1.03846,1.0386,1.00,1.43
2016.08.04 14:08:18.047,1.03845,1.03858,1.00,1.25
2016.08.04 14:08:18.252,1.03845,1.03859,1.00,1.51
2016.08.04 14:08:18.562,1.03845,1.03859,1.00,1.43
2016.08.04 14:08:18.664,1.03843,1.03858,1.50,1.18
2016.08.04 14:08:18.715,1.03843,1.03858,1.50,1.51
2016.08.04 14:08:18.767,1.03843,1.03857,1.50,1.25
2016.08.04 14:08:18.818,1.03843,1.03854,1.50,1.00
2016.08.04 14:08:18.869,1.03842,1.03854,1.00,1.24
2016.08.04 14:08:18.920,1.03842,1.03856,1.00,1.93
2016.08.04 14:08:19.074,1.0384,1.03855,1.12,1.93
2016.08.04 14:08:19.515,1.0384,1.03854,1.12,1.24
2016.08.04 14:08:19.821,1.0384,1.03853,1.12,1.33
2016.08.04 14:08:19.873,1.03838,1.0385,1.00,1.00
2016.08.04 14:08:19.976,1.03837,1.03849,1.00,1.50
2016.08.04 14:08:20.028,1.03834,1.03849,2.25,1.69
2016.08.04 14:08:20.079,1.03834,1.03849,2.25,1.69
2016.08.04 14:08:20.130,1.03834,1.03849,1.50,1.69
2016.08.04 14:08:20.342,1.03834,1.03849,2.25,1.25
2016.08.04 14:08:20.397,1.03834,1.0385,2.25,1.19
2016.08.04 14:08:20.448,1.03836,1.0385,1.00,1.19
2016.08.04 14:08:20.811,1.03836,1.0385,1.00,1.31
2016.08.04 14:08:20.862,1.03835,1.03849,1.00,1.19
2016.08.04 14:08:20.964,1.03833,1.03849,1.37,1.19
2016.08.04 14:08:21.015,1.03833,1.03849,1.37,1.69
2016.08.04 14:08:21.067,1.03833,1.03848,1.37,1.25
2016.08.04 14:08:21.176,1.03833,1.03848,1.37,1.69
2016.08.04 14:08:21.331,1.0383,1.03847,5.10,1.00
2016.08.04 14:08:21.383,1.0383,1.03847,2.62,1.50
2016.08.04 14:08:21.436,1.03829,1.03846,4.12,1.00
2016.08.04 14:08:21.487,1.03829,1.03846,4.12,1.69
2016.08.04 14:08:21.538,1.03829,1.03846,3.37,1.69
2016.08.04 14:08:21.641,1.03829,1.03846,2.62,1.69
2016.08.04 14:08:21.692,1.0383,1.03846,1.12,1.69
2016.08.04 14:08:21.743,1.03833,1.03846,1.00,1.25
2016.08.04 14:08:21.794,1.03833,1.03848,1.00,1.69
2016.08.04 14:08:22.238,1.03833,1.03846,1.00,1.00
2016.08.04 14:08:22.340,1.03832,1.03846,1.00,1.19
2016.08.04 14:08:22.747,1.03831,1.03846,1.00,1.69
2016.08.04 14:08:23.031,1.03831,1.03846,1.00,1.19
2016.08.04 14:08:23.083,1.03831,1.03847,1.00,1.69
2016.08.04 14:08:23.185,1.03831,1.03847,1.00,1.19
2016.08.04 14:08:23.287,1.03832,1.03847,1.50,1.19
2016.08.04 14:08:23.338,1.03832,1.03846,1.50,1.19
2016.08.04 14:08:23.390,1.03832,1.03846,1.00,1.19
2016.08.04 14:08:23.590,1.03832,1.03846,1.50,1.00
2016.08.04 14:08:23.642,1.03836,1.03848,1.00,1.19
2016.08.04 14:08:23.695,1.03836,1.03851,1.00,2.81
2016.08.04 14:08:23.747,1.03835,1.03851,1.73,1.69
2016.08.04 14:08:23.798,1.03835,1.03851,2.48,1.69
2016.08.04 14:08:23.901,1.03834,1.03851,4.12,1.69
2016.08.04 14:08:24.164,1.03834,1.03848,4.12,1.00
2016.08.04 14:08:24.220,1.03834,1.03848,3.37,1.00
2016.08.04 14:08:24.381,1.03834,1.03849,1.87,2.44
2016.08.04 14:08:24.433,1.03834,1.03848,1.87,1.00
2016.08.04 14:08:24.740,1.03834,1.03849,1.87,1.69
2016.08.04 14:08:24.791,1.03834,1.03849,1.87,1.25
2016.08.04 14:08:24.843,1.03834,1.03849,2.62,1.69
2016.08.04 14:08:24.894,1.03834,1.03849,2.62,1.50
2016.08.04 14:08:24.945,1.03834,1.03848,1.87,1.00
2016.08.04 14:08:24.997,1.03834,1.03848,1.87,1.99
2016.08.04 14:08:25.048,1.03834,1.03847,1.87,1.00
2016.08.04 14:08:25.165,1.03833,1.03847,1.37,1.00
2016.08.04 14:08:25.319,1.03833,1.03847,1.62,1.00
2016.08.04 14:08:25.573,1.03834,1.03847,1.12,1.00
2016.08.04 14:08:26.215,1.03834,1.03848,1.31,1.00
2016.08.04 14:08:26.340,1.03834,1.03849,1.31,3.00
2016.08.04 14:08:27.578,1.03834,1.03849,1.31,4.24
2016.08.04 14:08:27.629,1.03834,1.03848,1.12,1.50
2016.08.04 14:08:27.680,1.03831,1.03847,2.25,2.36
2016.08.04 14:08:27.782,1.03831,1.03844,1.50,1.00
2016.08.04 14:08:27.833,1.03831,1.03844,1.00,1.00
2016.08.04 14:08:27.884,1.03831,1.03844,1.00,1.12
2016.08.04 14:08:27.935,1.03831,1.03843,1.00,1.00
2016.08.04 14:08:28.100,1.0383,1.03843,1.69,1.00
2016.08.04 14:08:28.254,1.03829,1.03844,2.44,1.00
2016.08.04 14:08:28.460,1.03829,1.03844,2.00,1.00
2016.08.04 14:08:28.755,1.03829,1.03843,2.44,1.00
2016.08.04 14:08:28.806,1.03829,1.03843,1.94,1.00
2016.08.04 14:08:29.184,1.0383,1.03843,1.69,1.00
2016.08.04 14:08:29.670,1.0383,1.03844,1.69,1.50
2016.08.04 14:08:29.772,1.03829,1.03844,2.44,1.50
2016.08.04 14:08:29.976,1.03829,1.03843,1.94,1.00
2016.08.04 14:08:30.027,1.03829,1.03843,1.94,1.50
2016.08.04 14:08:30.078,1.03827,1.03841,1.56,1.00
2016.08.04 14:08:30.206,1.03827,1.0384,1.19,1.50
2016.08.04 14:08:30.260,1.03825,1.0384,1.56,1.50
2016.08.04 14:08:30.362,1.03823,1.0384,3.19,1.50
2016.08.04 14:08:30.413,1.03823,1.0384,2.81,1.87
2016.08.04 14:08:30.515,1.03823,1.0384,1.87,1.87
2016.08.04 14:08:30.617,1.03823,1.0384,1.87,1.12
2016.08.04 14:08:30.781,1.03823,1.0384,1.87,1.87
2016.08.04 14:08:30.884,1.03823,1.03839,2.62,1.00
2016.08.04 14:08:30.936,1.03824,1.03839,1.19,1.00
2016.08.04 14:08:31.042,1.03826,1.03839,1.25,1.00
2016.08.04 14:08:31.094,1.03826,1.03843,3.19,1.50
2016.08.04 14:08:31.197,1.03828,1.03843,1.50,2.25
2016.08.04 14:08:31.350,1.03828,1.03843,1.50,3.00
2016.08.04 14:08:31.584,1.03827,1.03842,1.75,1.00
2016.08.04 14:08:31.686,1.03827,1.03842,1.75,1.00
2016.08.04 14:08:31.737,1.03827,1.03842,2.25,1.00
2016.08.04 14:08:31.788,1.03829,1.03843,1.12,1.50
2016.08.04 14:08:31.979,1.03833,1.03843,1.00,1.50
2016.08.04 14:08:32.037,1.03833,1.03848,1.25,2.25
2016.08.04 14:08:32.089,1.03835,1.03848,1.00,1.50
2016.08.04 14:08:32.243,1.03835,1.03848,1.00,1.00
2016.08.04 14:08:32.294,1.03835,1.03849,1.12,1.00
2016.08.04 14:08:32.397,1.03835,1.03851,1.12,3.23
2016.08.04 14:08:32.448,1.03835,1.03851,1.12,3.23
2016.08.04 14:08:32.499,1.03836,1.03851,1.12,1.25
2016.08.04 14:08:32.644,1.03839,1.03852,1.12,1.12
2016.08.04 14:08:32.695,1.0384,1.03857,1.37,1.50
2016.08.04 14:08:32.797,1.03839,1.03857,2.81,1.50
2016.08.04 14:08:32.848,1.03839,1.03857,3.19,1.50
2016.08.04 14:08:32.899,1.0384,1.03857,1.50,1.00
2016.08.04 14:08:33.365,1.03839,1.03857,2.44,1.50
2016.08.04 14:08:33.418,1.03841,1.03858,2.27,2.62
2016.08.04 14:08:33.520,1.03841,1.03858,2.27,1.12
2016.08.04 14:08:33.571,1.03841,1.03858,2.27,1.12
2016.08.04 14:08:33.953,1.03843,1.03858,1.00,1.12
2016.08.04 14:08:34.055,1.03843,1.03858,1.00,1.12
2016.08.04 14:08:34.157,1.03846,1.03859,1.00,1.50
2016.08.04 14:08:34.208,1.03846,1.03859,1.50,1.50
2016.08.04 14:08:34.358,1.03846,1.03859,2.44,1.00
2016.08.04 14:08:34.410,1.03847,1.03859,1.69,1.00
2016.08.04 14:08:34.512,1.03847,1.03864,1.69,1.69
2016.08.04 14:08:34.563,1.03846,1.03863,1.94,1.00
2016.08.04 14:08:34.665,1.03848,1.03865,1.31,2.62
2016.08.04 14:08:34.716,1.0385,1.03865,1.00,1.12
2016.08.04 14:08:34.768,1.0385,1.03867,1.00,3.37
2016.08.04 14:08:34.820,1.0385,1.03867,1.00,2.25
2016.08.04 14:08:34.922,1.03851,1.03867,1.00,1.75
2016.08.04 14:08:35.076,1.03851,1.03867,1.00,1.87
2016.08.04 14:08:35.280,1.0385,1.03867,1.00,1.75
2016.08.04 14:08:35.415,1.03851,1.03869,2.62,1.87
2016.08.04 14:08:35.466,1.03851,1.03868,2.62,1.00
2016.08.04 14:08:35.670,1.03851,1.03867,3.56,1.00
2016.08.04 14:08:35.721,1.03851,1.03867,2.81,1.00
2016.08.04 14:08:35.823,1.03851,1.03867,2.81,1.00
2016.08.04 14:08:35.874,1.03853,1.03868,1.00,1.50
2016.08.04 14:08:35.926,1.03853,1.03868,1.00,2.25
2016.08.04 14:08:35.978,1.03851,1.03866,2.25,1.00
2016.08.04 14:08:36.029,1.03851,1.03866,1.12,1.12
2016.08.04 14:08:36.080,1.03851,1.03866,1.87,1.12
2016.08.04 14:08:36.539,1.03851,1.03866,1.87,1.87
2016.08.04 14:08:36.590,1.03851,1.03866,1.00,1.87
2016.08.04 14:08:39.168,1.03849,1.03864,2.06,1.00
2016.08.04 14:08:39.837,1.03849,1.03863,2.06,1.00
2016.08.04 14:08:40.041,1.03849,1.03864,1.31,1.00
2016.08.04 14:08:40.603,1.03849,1.03866,1.31,1.87
2016.08.04 14:08:40.986,1.03849,1.03863,1.31,1.00
2016.08.04 14:08:41.088,1.03851,1.03863,1.25,1.00
2016.08.04 14:08:41.292,1.0385,1.03863,1.00,1.50
2016.08.04 14:08:41.394,1.0385,1.03863,1.25,1.50
2016.08.04 14:08:41.803,1.0385,1.03863,1.25,1.00
2016.08.04 14:08:41.905,1.03852,1.03863,1.00,1.00
2016.08.04 14:08:41.957,1.03852,1.03865,1.00,1.00
2016.08.04 14:08:42.008,1.03851,1.03865,1.12,1.00
2016.08.04 14:08:42.206,1.03851,1.03865,1.00,1.00
2016.08.04 14:08:42.308,1.03849,1.03866,2.44,1.12
2016.08.04 14:08:42.469,1.0385,1.03867,1.25,2.62
2016.08.04 14:08:42.673,1.03851,1.03865,1.00,1.00
2016.08.04 14:08:42.775,1.03851,1.03866,1.00,1.12
2016.08.04 14:08:42.826,1.03851,1.03866,1.12,1.12
2016.08.04 14:08:42.877,1.03852,1.03865,1.00,1.00
2016.08.04 14:08:43.182,1.0385,1.03865,2.44,1.00
2016.08.04 14:08:43.234,1.0385,1.03865,1.69,1.00
2016.08.04 14:08:43.430,1.03851,1.03866,1.00,1.12
2016.08.04 14:08:43.481,1.0385,1.03866,1.25,1.12
2016.08.04 14:08:43.583,1.03851,1.03868,1.19,3.00
2016.08.04 14:08:43.634,1.03851,1.03868,1.56,1.50
2016.08.04 14:08:43.685,1.03851,1.03868,1.62,1.50
2016.08.04 14:08:43.787,1.03853,1.03868,1.00,1.50
2016.08.04 14:08:43.998,1.03854,1.03867,1.00,1.00
2016.08.04 14:08:44.100,1.03854,1.03867,1.00,1.00
2016.08.04 14:08:44.495,1.03857,1.0387,1.56,1.37
2016.08.04 14:08:44.548,1.03858,1.03873,1.31,1.00
2016.08.04 14:08:44.599,1.03858,1.03874,2.06,1.00
2016.08.04 14:08:44.651,1.03858,1.03874,2.44,1.00
2016.08.04 14:08:44.805,1.0386,1.03875,1.31,1.87
2016.08.04 14:08:44.857,1.0386,1.03875,1.69,1.87
2016.08.04 14:08:44.908,1.0386,1.03875,1.69,1.00
2016.08.04 14:08:45.010,1.0386,1.03875,1.31,1.00
2016.08.04 14:08:45.177,1.0386,1.03873,1.31,1.00
2016.08.04 14:08:45.229,1.0386,1.03873,1.12,1.00
2016.08.04 14:08:45.497,1.03859,1.03873,1.50,1.00
2016.08.04 14:08:45.644,1.03856,1.03869,3.55,1.00
2016.08.04 14:08:45.696,1.03856,1.03869,2.42,1.00
2016.08.04 14:08:45.850,1.03854,1.03869,1.31,1.12
2016.08.04 14:08:45.901,1.03854,1.03868,1.31,1.00
2016.08.04 14:08:46.003,1.03852,1.03868,1.31,1.00
2016.08.04 14:08:46.467,1.03852,1.03868,1.31,1.50
2016.08.04 14:08:46.518,1.03851,1.03867,1.56,1.73
2016.08.04 14:08:46.569,1.03851,1.03867,1.62,2.48
2016.08.04 14:08:46.620,1.0385,1.03867,5.06,1.50
2016.08.04 14:08:46.758,1.0385,1.03867,3.19,1.50
2016.08.04 14:08:46.809,1.03852,1.03867,1.12,1.50
2016.08.04 14:08:46.964,1.03852,1.03867,1.12,1.00
2016.08.04 14:08:47.015,1.0385,1.03867,2.81,1.37
2016.08.04 14:08:47.067,1.0385,1.03858,2.81,1.00
2016.08.04 14:08:47.119,1.0385,1.03858,1.12,1.00
2016.08.04 14:08:47.171,1.03848,1.03863,1.94,2.72
2016.08.04 14:08:47.222,1.03848,1.03863,1.56,2.72
2016.08.04 14:08:47.273,1.03848,1.03863,1.56,1.97
2016.08.04 14:08:47.324,1.03848,1.03863,1.37,1.97
2016.08.04 14:08:47.376,1.03848,1.03861,1.37,1.00
2016.08.04 14:08:47.427,1.03848,1.03861,1.37,1.97
2016.08.04 14:08:47.589,1.03848,1.03861,1.37,1.22
2016.08.04 14:08:47.742,1.03848,1.03861,1.37,1.97
2016.08.04 14:08:47.793,1.03849,1.03861,1.12,1.97
2016.08.04 14:08:48.674,1.03849,1.03861,1.12,1.22
2016.08.04 14:08:48.845,1.03849,1.03861,1.12,1.97
2016.08.04 14:08:49.369,1.03854,1.03861,1.00,1.22
2016.08.04 14:08:49.420,1.0385,1.03864,1.19,1.12
2016.08.04 14:08:49.551,1.03851,1.03866,1.99,1.12
2016.08.04 14:08:49.602,1.03855,1.03867,1.00,1.37
2016.08.04 14:08:49.654,1.03855,1.0387,1.00,1.52
2016.08.04 14:08:49.706,1.03855,1.0387,1.12,1.52
2016.08.04 14:08:49.758,1.03855,1.0387,1.50,1.90
2016.08.04 14:08:49.963,1.03855,1.0387,1.69,1.71
2016.08.04 14:08:50.067,1.03855,1.03867,1.69,1.47
2016.08.04 14:08:50.119,1.03854,1.03867,1.56,1.47
2016.08.04 14:08:50.170,1.03854,1.03868,1.00,1.97
2016.08.04 14:08:50.398,1.03854,1.03867,1.00,1.47
2016.08.04 14:08:50.551,1.03854,1.03868,1.00,1.97
2016.08.04 14:08:50.653,1.03854,1.03867,1.00,1.47
2016.08.04 14:08:51.010,1.03852,1.03867,1.25,1.97
2016.08.04 14:08:51.216,1.03852,1.03867,1.25,1.97
2016.08.04 14:08:51.369,1.03852,1.03867,1.25,2.72
2016.08.04 14:08:52.197,1.03853,1.03866,1.00,1.47
2016.08.04 14:08:52.249,1.03853,1.03866,1.00,1.97
2016.08.04 14:08:52.455,1.03853,1.03864,1.00,1.00
2016.08.04 14:08:52.507,1.0385,1.03863,1.00,1.00
2016.08.04 14:08:52.558,1.0385,1.03863,1.00,1.00
2016.08.04 14:08:52.712,1.03848,1.03863,1.37,1.00
2016.08.04 14:08:52.763,1.03848,1.03858,1.00,1.00
2016.08.04 14:08:52.815,1.03846,1.03851,1.00,1.00
2016.08.04 14:08:52.972,1.03845,1.0385,1.00,1.00
2016.08.04 14:08:53.024,1.03843,1.03847,1.00,1.00
2016.08.04 14:08:53.080,1.03841,1.03847,1.00,1.00
2016.08.04 14:08:53.234,1.03837,1.03846,1.00,1.00
2016.08.04 14:08:53.336,1.03837,1.03846,1.00,1.00
2016.08.04 14:08:53.388,1.03837,1.03846,1.25,1.00
2016.08.04 14:08:53.439,1.03835,1.03846,1.31,1.00
2016.08.04 14:08:53.490,1.03833,1.03846,2.44,1.00
2016.08.04 14:08:53.542,1.03834,1.0385,2.44,1.00
2016.08.04 14:08:53.679,1.03836,1.03852,3.17,1.37
2016.08.04 14:08:53.734,1.03836,1.03853,2.61,1.75
2016.08.04 14:08:53.785,1.03836,1.03853,2.98,1.37
2016.08.04 14:08:53.836,1.03836,1.03853,4.30,1.00
2016.08.04 14:08:54.244,1.03836,1.03853,1.31,1.00
2016.08.04 14:08:54.547,1.03837,1.03853,2.23,1.00
2016.08.04 14:08:54.599,1.03838,1.03853,1.50,1.00
2016.08.04 14:08:54.844,1.03838,1.03853,1.00,1.00
2016.08.04 14:08:55.010,1.03837,1.03851,3.17,1.00
2016.08.04 14:08:55.062,1.03836,1.03851,2.81,1.00
2016.08.04 14:08:55.113,1.03836,1.03852,2.81,1.00
2016.08.04 14:08:55.164,1.03837,1.03852,1.50,1.00
2016.08.04 14:08:55.215,1.0384,1.03855,1.00,1.50
2016.08.04 14:08:55.267,1.0384,1.03855,1.19,1.50
2016.08.04 14:08:55.318,1.03838,1.03855,2.80,1.50
2016.08.04 14:08:55.428,1.03839,1.03851,1.19,1.87
2016.08.04 14:08:55.480,1.03838,1.03851,2.61,2.25
2016.08.04 14:08:55.531,1.03834,1.03849,1.19,1.12
2016.08.04 14:08:55.582,1.03833,1.03849,4.30,1.50
2016.08.04 14:08:55.633,1.03833,1.03849,4.30,1.87
2016.08.04 14:08:55.735,1.03833,1.03849,2.80,1.87
2016.08.04 14:08:55.912,1.03832,1.03849,5.05,1.87
2016.08.04 14:08:55.963,1.03832,1.03849,4.30,1.87
2016.08.04 14:08:56.404,1.03834,1.03848,1.00,1.12
2016.08.04 14:08:56.902,1.03835,1.0385,1.37,1.75
2016.08.04 14:08:56.953,1.03835,1.03851,1.37,1.87
2016.08.04 14:08:57.004,1.03836,1.03851,1.31,1.12
2016.08.04 14:08:57.055,1.03836,1.03853,1.25,2.25
2016.08.04 14:08:57.106,1.03836,1.03853,1.25,1.50
2016.08.04 14:08:57.157,1.03836,1.03853,1.25,1.00
2016.08.04 14:08:57.209,1.03838,1.03855,1.25,2.25
2016.08.04 14:08:57.260,1.03841,1.03855,1.00,1.50
2016.08.04 14:08:57.311,1.03841,1.03857,1.50,2.25
2016.08.04 14:08:57.362,1.03841,1.03858,1.69,1.50
2016.08.04 14:08:57.413,1.03843,1.03858,1.00,1.50
2016.08.04 14:08:57.464,1.03843,1.03858,1.00,1.00
2016.08.04 14:08:57.515,1.03843,1.03858,1.00,1.50
2016.08.04 14:08:57.666,1.03843,1.03858,1.50,1.00
2016.08.04 14:08:57.819,1.03843,1.03858,2.25,1.00
2016.08.04 14:08:58.416,1.03844,1.03858,1.00,1.00
2016.08.04 14:08:58.467,1.03844,1.03858,1.50,1.00
2016.08.04 14:08:58.518,1.03844,1.03858,1.50,1.00
2016.08.04 14:08:58.750,1.03844,1.03858,1.00,1.00
2016.08.04 14:08:59.826,1.03843,1.03857,2.25,1.00
2016.08.04 14:09:00.020,1.03843,1.03858,2.25,1.00
2016.08.04 14:09:00.122,1.03842,1.03857,1.87,1.00
2016.08.04 14:09:00.225,1.03842,1.03857,1.87,1.00
2016.08.04 14:09:00.430,1.03842,1.03858,1.50,1.00
2016.08.04 14:09:00.925,1.03842,1.03858,1.00,1.50
2016.08.04 14:09:01.031,1.03842,1.03858,1.12,1.50
2016.08.04 14:09:01.084,1.03842,1.03858,1.12,1.50
2016.08.04 14:09:01.135,1.03844,1.03858,1.00,1.00
2016.08.04 14:09:01.338,1.03842,1.03858,1.87,1.00
2016.08.04 14:09:01.694,1.03842,1.03858,1.50,1.00
2016.08.04 14:09:01.744,1.03842,1.03858,1.00,1.50
2016.08.04 14:09:01.795,1.03842,1.03858,1.00,1.00
2016.08.04 14:09:02.312,1.03842,1.03856,1.00,1.00
2016.08.04 14:09:02.414,1.0384,1.03852,3.00,1.00
2016.08.04 14:09:02.466,1.0384,1.03852,1.00,1.00
2016.08.04 14:09:02.567,1.03839,1.03853,1.37,1.00
2016.08.04 14:09:02.669,1.03839,1.03853,1.00,1.00
2016.08.04 14:09:02.822,1.03839,1.03854,1.50,1.25
2016.08.04 14:09:03.220,1.03839,1.03853,1.00,1.00
2016.08.04 14:09:03.274,1.03838,1.03853,1.12,1.19
2016.08.04 14:09:03.325,1.03837,1.03853,1.50,2.06
2016.08.04 14:09:03.376,1.03837,1.03853,1.00,2.06
2016.08.04 14:09:03.427,1.03838,1.03851,1.00,1.00
2016.08.04 14:09:03.529,1.03836,1.03852,1.50,1.25
2016.08.04 14:09:03.734,1.03836,1.03852,1.50,1.00
2016.08.04 14:09:04.005,1.03836,1.03853,1.50,2.81
2016.08.04 14:09:04.056,1.03836,1.03853,2.25,2.06
2016.08.04 14:09:04.188,1.03836,1.03853,3.94,1.50
2016.08.04 14:09:04.239,1.0384,1.03853,1.50,1.50
2016.08.04 14:09:04.291,1.0384,1.03853,2.06,1.50
2016.08.04 14:09:04.343,1.03841,1.03856,1.00,2.25
2016.08.04 14:09:04.445,1.03842,1.03856,1.12,1.50
2016.08.04 14:09:04.598,1.03842,1.03856,1.50,1.50
2016.08.04 14:09:04.649,1.03843,1.03856,1.00,1.50
2016.08.04 14:09:04.853,1.03844,1.03859,1.00,3.19
2016.08.04 14:09:04.955,1.03842,1.03859,2.25,3.19
2016.08.04 14:09:05.113,1.03842,1.03859,2.62,3.19
2016.08.04 14:09:05.165,1.03842,1.03858,2.62,2.00
2016.08.04 14:09:05.318,1.03842,1.03857,1.87,1.50
2016.08.04 14:09:05.421,1.03842,1.03856,1.00,1.12
2016.08.04 14:09:05.677,1.03841,1.03856,1.12,1.12
2016.08.04 14:09:05.728,1.03841,1.03856,1.37,1.12
2016.08.04 14:09:05.779,1.03842,1.03856,1.00,1.00
2016.08.04 14:09:05.830,1.03842,1.03857,1.50,1.87
2016.08.04 14:09:05.881,1.03842,1.03857,1.50,1.50
2016.08.04 14:09:05.932,1.03841,1.03857,1.70,1.50
2016.08.04 14:09:06.086,1.03841,1.03857,1.74,1.50
2016.08.04 14:09:06.137,1.03842,1.03857,1.33,1.50
2016.08.04 14:09:06.443,1.03842,1.03857,1.00,1.50
2016.08.04 14:09:06.545,1.03841,1.03857,1.56,1.50
2016.08.04 14:09:06.597,1.03841,1.03857,1.45,1.50
2016.08.04 14:09:06.649,1.03841,1.03856,1.45,1.00
2016.08.04 14:09:06.701,1.03839,1.03856,4.37,1.00
2016.08.04 14:09:06.753,1.03839,1.03856,2.87,1.00
2016.08.04 14:09:06.895,1.03839,1.03854,1.74,1.00
2016.08.04 14:09:06.947,1.0384,1.03853,1.00,1.00
2016.08.04 14:09:07.784,1.0384,1.03855,1.00,1.19
2016.08.04 14:09:07.835,1.03841,1.03857,1.00,1.19
2016.08.04 14:09:07.937,1.03841,1.03858,1.00,3.56
2016.08.04 14:09:08.141,1.03842,1.03858,1.00,2.81
2016.08.04 14:09:08.549,1.03842,1.03857,1.00,1.19
2016.08.04 14:09:08.651,1.03842,1.03857,1.00,1.19
2016.08.04 14:09:08.855,1.03843,1.03856,1.12,1.19
2016.08.04 14:09:09.161,1.03843,1.03856,1.00,1.19
2016.08.04 14:09:09.372,1.03843,1.03857,1.00,2.06
2016.08.04 14:09:09.425,1.03841,1.03856,2.25,1.19
2016.08.04 14:09:09.476,1.03841,1.03856,3.00,1.19
2016.08.04 14:09:09.528,1.03841,1.03858,1.50,1.73
2016.08.04 14:09:09.579,1.03841,1.03858,1.74,1.00
2016.08.04 14:09:09.630,1.03841,1.03858,1.87,1.00
2016.08.04 14:09:09.732,1.03841,1.03857,1.12,1.00
2016.08.04 14:09:09.784,1.03841,1.03857,1.12,1.19
2016.08.04 14:09:09.835,1.03841,1.03858,1.87,1.69
2016.08.04 14:09:09.938,1.03841,1.03858,2.62,1.69
2016.08.04 14:09:10.146,1.03841,1.03858,2.62,1.25
2016.08.04 14:09:10.673,1.03841,1.03858,2.25,1.00
2016.08.04 14:09:10.775,1.03841,1.03858,2.49,1.25
2016.08.04 14:09:10.825,1.03841,1.03858,1.74,1.25
2016.08.04 14:09:10.877,1.03841,1.03858,2.49,1.25
2016.08.04 14:09:10.928,1.03841,1.03858,2.87,1.25
2016.08.04 14:09:11.049,1.03842,1.03858,1.12,1.25
2016.08.04 14:09:11.101,1.03842,1.03858,1.12,1.00
2016.08.04 14:09:11.152,1.03846,1.03858,1.00,1.00
2016.08.04 14:09:11.505,1.03846,1.03858,1.00,1.19
2016.08.04 14:09:11.768,1.03846,1.03858,1.00,1.25
2016.08.04 14:09:12.141,1.03843,1.03858,1.00,1.25
2016.08.04 14:09:12.192,1.03843,1.03857,1.00,1.50
2016.08.04 14:09:12.245,1.03843,1.03856,1.00,1.00
2016.08.04 14:09:12.296,1.03843,1.03856,1.00,1.69
2016.08.04 14:09:12.348,1.03841,1.03856,1.00,1.69
2016.08.04 14:09:12.756,1.03841,1.03856,1.00,2.44
2016.08.04 14:09:13.065,1.0384,1.03855,1.00,1.31
2016.08.04 14:09:13.222,1.03842,1.03857,1.50,3.94
2016.08.04 14:09:13.273,1.03842,1.03857,1.50,2.44
2016.08.04 14:09:13.324,1.03843,1.03857,1.00,2.81
2016.08.04 14:09:13.376,1.03843,1.03857,1.00,2.81
2016.08.04 14:09:13.427,1.03846,1.03858,1.00,2.00
2016.08.04 14:09:13.478,1.03846,1.03858,1.00,2.44
2016.08.04 14:09:13.581,1.03845,1.03858,1.50,2.06
2016.08.04 14:09:13.747,1.03845,1.03858,1.50,1.00
2016.08.04 14:09:13.850,1.03845,1.03858,1.50,1.19
2016.08.04 14:09:14.056,1.03847,1.03858,1.00,1.19
2016.08.04 14:09:14.489,1.03847,1.03861,1.00,2.06
2016.08.04 14:09:14.976,1.03847,1.03861,1.00,2.81
2016.08.04 14:09:15.779,1.03845,1.03861,1.00,2.81
2016.08.04 14:09:16.185,1.03845,1.03861,1.00,2.06
2016.08.04 14:09:16.236,1.03847,1.03862,1.00,1.19
2016.08.04 14:09:16.778,1.03847,1.03862,1.00,1.49
2016.08.04 14:09:17.055,1.03847,1.03862,1.00,1.49
2016.08.04 14:09:17.255,1.03848,1.03862,1.12,1.49
2016.08.04 14:09:17.357,1.0385,1.03862,1.00,1.49
2016.08.04 14:09:17.459,1.0385,1.03862,1.00,1.19
2016.08.04 14:09:17.510,1.0385,1.03864,1.00,4.54
2016.08.04 14:09:17.663,1.0385,1.03863,1.00,1.49
2016.08.04 14:09:18.345,1.03847,1.03861,1.50,1.19
2016.08.04 14:09:18.397,1.03847,1.03861,1.12,1.19
2016.08.04 14:09:18.448,1.03846,1.03859,1.37,1.19
2016.08.04 14:09:18.499,1.03845,1.03859,1.87,1.19
2016.08.04 14:09:18.550,1.03845,1.03859,1.12,1.69
2016.08.04 14:09:18.602,1.03845,1.03859,1.00,2.06
2016.08.04 14:09:18.653,1.03843,1.03857,1.00,1.92
2016.08.04 14:09:18.759,1.03842,1.03857,1.37,3.42
2016.08.04 14:09:18.811,1.03841,1.03855,1.50,1.56
2016.08.04 14:09:18.862,1.03839,1.03853,1.00,1.69
2016.08.04 14:09:18.914,1.03839,1.0385,1.00,1.25
2016.08.04 14:09:18.965,1.03839,1.03849,1.00,1.00
2016.08.04 14:09:19.017,1.03835,1.03849,1.12,1.31
2016.08.04 14:09:19.069,1.03834,1.03848,1.37,1.19
2016.08.04 14:09:19.121,1.03834,1.03848,1.00,1.69
2016.08.04 14:09:19.223,1.03832,1.03848,1.50,1.69
2016.08.04 14:09:19.326,1.03832,1.03848,2.25,1.69
2016.08.04 14:09:19.482,1.03833,1.03848,1.12,1.69
2016.08.04 14:09:19.586,1.03833,1.03848,1.12,2.55
2016.08.04 14:09:19.740,1.03833,1.03848,1.12,3.30
2016.08.04 14:09:19.995,1.03833,1.03848,1.00,3.30
2016.08.04 14:09:20.046,1.03833,1.03848,1.00,2.55
2016.08.04 14:09:20.097,1.03833,1.03848,1.00,1.80
2016.08.04 14:09:20.148,1.03834,1.03847,1.00,1.34
2016.08.04 14:09:20.250,1.03834,1.03847,1.00,1.80
2016.08.04 14:09:20.456,1.03834,1.03847,1.00,1.19
2016.08.04 14:09:20.944,1.03834,1.03849,1.57,1.31
2016.08.04 14:09:20.995,1.03836,1.03849,1.37,1.31
2016.08.04 14:09:21.046,1.03837,1.03851,1.87,1.94
2016.08.04 14:09:21.097,1.03837,1.03852,1.87,2.81
2016.08.04 14:09:21.148,1.03839,1.03852,1.00,1.19
2016.08.04 14:09:21.282,1.03839,1.03854,1.00,1.30
2016.08.04 14:09:21.335,1.03838,1.03854,1.75,1.30
2016.08.04 14:09:21.386,1.03838,1.03854,2.25,1.30
2016.08.04 14:09:21.438,1.03838,1.03852,1.50,1.25
2016.08.04 14:09:21.489,1.03838,1.03852,1.12,1.25
2016.08.04 14:09:21.540,1.03837,1.0385,1.00,1.50
2016.08.04 14:09:21.591,1.03836,1.0385,1.37,2.23
2016.08.04 14:09:21.642,1.03836,1.03849,1.37,1.98
2016.08.04 14:09:21.694,1.03834,1.03849,2.25,1.98
2016.08.04 14:09:21.745,1.03833,1.03848,1.12,1.48
2016.08.04 14:09:21.848,1.03832,1.03849,1.37,3.55
2016.08.04 14:09:22.005,1.03832,1.03849,2.25,4.30
2016.08.04 14:09:22.061,1.03832,1.03849,2.62,2.42
2016.08.04 14:09:22.113,1.03832,1.03849,3.00,2.05
2016.08.04 14:09:22.164,1.03833,1.03849,1.12,2.80
2016.08.04 14:09:22.381,1.03833,1.03849,1.12,1.30
2016.08.04 14:09:22.433,1.03833,1.03849,1.50,1.30
2016.08.04 14:09:22.484,1.03833,1.03849,2.25,1.30
2016.08.04 14:09:22.586,1.03833,1.03849,1.50,1.30
2016.08.04 14:09:22.637,1.03834,1.03849,1.00,1.30
2016.08.04 14:09:22.895,1.03837,1.03849,1.00,1.30
2016.08.04 14:09:22.999,1.03837,1.03849,1.00,2.05
2016.08.04 14:09:23.050,1.03834,1.03847,1.37,1.50
2016.08.04 14:09:23.102,1.03834,1.03846,1.37,1.19
2016.08.04 14:09:23.154,1.03832,1.03845,1.00,1.25
2016.08.04 14:09:23.206,1.03832,1.03845,1.00,1.19
2016.08.04 14:09:23.257,1.03834,1.03846,1.00,1.67
2016.08.04 14:09:23.562,1.03832,1.03846,1.00,1.67
2016.08.04 14:09:23.748,1.03832,1.03846,1.00,2.68
2016.08.04 14:09:23.800,1.03832,1.03846,1.00,3.43
2016.08.04 14:09:23.851,1.03832,1.03846,1.00,2.68
2016.08.04 14:09:24.056,1.03832,1.03846,1.00,3.43
2016.08.04 14:09:24.158,1.03832,1.03846,1.00,2.68
2016.08.04 14:09:24.473,1.03831,1.03846,1.87,2.68
2016.08.04 14:09:24.585,1.03831,1.03845,1.87,1.93
2016.08.04 14:09:25.387,1.03833,1.03845,1.00,1.19
2016.08.04 14:09:25.439,1.03833,1.03845,1.00,1.19
2016.08.04 14:09:25.490,1.03832,1.03847,1.57,1.19
2016.08.04 14:09:25.649,1.03834,1.03848,1.00,2.31
2016.08.04 14:09:26.296,1.03832,1.03848,1.57,2.31
2016.08.04 14:09:26.398,1.03832,1.03848,1.50,2.31
2016.08.04 14:09:26.450,1.03833,1.03848,1.00,2.31
2016.08.04 14:09:26.501,1.03833,1.03848,1.00,1.56
2016.08.04 14:09:26.651,1.03834,1.0385,1.50,5.31
2016.08.04 14:09:26.702,1.03834,1.0385,1.50,4.93
2016.08.04 14:09:26.753,1.03835,1.0385,1.00,4.93
2016.08.04 14:09:26.804,1.03835,1.0385,1.00,5.68
2016.08.04 14:09:26.855,1.03835,1.03848,1.00,1.49
2016.08.04 14:09:26.907,1.03835,1.03848,1.00,1.43
2016.08.04 14:09:26.958,1.03833,1.03848,1.87,1.93
2016.08.04 14:09:27.427,1.03833,1.03848,1.87,1.43
2016.08.04 14:09:28.303,1.03834,1.03848,1.00,1.43
2016.08.04 14:09:29.120,1.03834,1.03848,1.87,1.43
2016.08.04 14:09:29.172,1.03835,1.03848,1.00,1.43
2016.08.04 14:09:29.224,1.03835,1.03848,1.00,1.24
2016.08.04 14:09:29.276,1.03837,1.0385,1.10,1.19
2016.08.04 14:09:29.328,1.03838,1.0385,1.00,1.19
2016.08.04 14:09:29.380,1.0384,1.03853,1.00,1.18
2016.08.04 14:09:29.483,1.03841,1.03853,1.50,1.18
2016.08.04 14:09:29.535,1.03841,1.03853,1.50,1.18
2016.08.04 14:09:29.586,1.03844,1.03855,1.00,4.56
2016.08.04 14:09:29.731,1.03844,1.03856,1.00,5.31
2016.08.04 14:09:29.785,1.03844,1.03855,1.00,1.93
2016.08.04 14:09:30.758,1.03843,1.03856,1.00,1.56
2016.08.04 14:09:30.861,1.03845,1.03858,1.00,1.93
2016.08.04 14:09:30.912,1.03845,1.03858,1.00,1.56
2016.08.04 14:09:30.964,1.03846,1.0386,1.00,3.43
2016.08.04 14:09:31.066,1.03846,1.0386,1.00,3.06
2016.08.04 14:09:31.117,1.03846,1.0386,1.00,2.68
2016.08.04 14:09:31.787,1.03846,1.0386,1.00,3.43
2016.08.04 14:09:31.861,1.03846,1.0386,1.00,4.18
2016.08.04 14:09:31.963,1.03844,1.03858,1.12,1.49
2016.08.04 14:09:32.014,1.03844,1.03858,1.12,1.43
2016.08.04 14:09:32.065,1.03844,1.03859,1.12,1.93
2016.08.04 14:09:32.120,1.03844,1.03858,1.12,1.43
2016.08.04 14:09:32.172,1.03841,1.03855,1.75,1.50
2016.08.04 14:09:32.223,1.0384,1.03855,2.10,1.19
2016.08.04 14:09:32.274,1.03841,1.03854,1.00,1.93
2016.08.04 14:09:32.376,1.0384,1.03854,1.00,2.31
2016.08.04 14:09:32.478,1.03838,1.03854,1.30,1.56
2016.08.04 14:09:32.529,1.03837,1.03854,2.10,1.56
2016.08.04 14:09:32.765,1.03837,1.03854,1.35,1.56
2016.08.04 14:09:32.920,1.03837,1.03854,2.10,1.56
2016.08.04 14:09:33.183,1.03838,1.03854,1.30,2.31
2016.08.04 14:09:33.234,1.03838,1.03853,1.30,1.19
2016.08.04 14:09:33.285,1.03838,1.03853,1.00,1.93
2016.08.04 14:09:33.336,1.03838,1.0385,1.00,1.00
2016.08.04 14:09:33.387,1.03836,1.0385,1.50,1.74
2016.08.04 14:09:33.439,1.03836,1.03849,1.37,1.93
2016.08.04 14:09:33.490,1.03834,1.03848,1.00,1.93
2016.08.04 14:09:33.616,1.03834,1.03847,1.00,1.19
2016.08.04 14:09:33.668,1.03833,1.03848,1.00,2.68
2016.08.04 14:09:33.937,1.03833,1.03848,1.00,1.93
2016.08.04 14:09:34.091,1.03834,1.03847,1.00,1.19
2016.08.04 14:09:34.194,1.03834,1.03845,1.00,1.00
2016.08.04 14:09:34.245,1.03834,1.03847,1.00,1.69
2016.08.04 14:09:34.397,1.03832,1.03847,1.00,3.43
2016.08.04 14:09:34.449,1.03831,1.03844,1.87,1.33
2016.08.04 14:09:34.573,1.03831,1.03844,1.50,1.33
2016.08.04 14:09:34.624,1.03831,1.03844,2.25,1.33
2016.08.04 14:09:34.675,1.03834,1.03847,1.00,1.19
2016.08.04 14:09:34.777,1.03834,1.03848,1.00,1.51
2016.08.04 14:09:34.879,1.03834,1.03849,1.37,1.93
2016.08.04 14:09:34.981,1.03834,1.03849,1.00,1.93
2016.08.04 14:09:35.082,1.03836,1.0385,1.00,3.43
2016.08.04 14:09:35.230,1.03836,1.0385,1.50,3.43
2016.08.04 14:09:35.282,1.03839,1.03849,1.00,1.51
2016.08.04 14:09:35.385,1.03839,1.03852,1.00,2.68
2016.08.04 14:09:35.743,1.03839,1.03852,1.00,1.93
2016.08.04 14:09:35.794,1.0384,1.03852,1.37,1.93
2016.08.04 14:09:35.845,1.0384,1.03852,1.37,2.68
2016.08.04 14:09:35.897,1.03841,1.03852,1.12,2.68
2016.08.04 14:09:36.096,1.03839,1.03852,1.50,1.93
2016.08.04 14:09:36.147,1.03839,1.03852,1.50,1.93
2016.08.04 14:09:36.249,1.03839,1.03852,1.50,2.68
2016.08.04 14:09:36.300,1.03839,1.03852,1.00,3.43
2016.08.04 14:09:36.675,1.03839,1.03852,1.00,2.68
2016.08.04 14:09:37.139,1.03839,1.03852,1.00,3.43
2016.08.04 14:09:37.570,1.03839,1.03851,1.00,1.43
2016.08.04 14:09:37.622,1.03839,1.03851,1.50,1.43
2016.08.04 14:09:37.673,1.03839,1.03852,1.50,3.43
2016.08.04 14:09:38.093,1.03839,1.03852,1.12,1.93
2016.08.04 14:09:38.144,1.03839,1.03852,1.12,1.93
2016.08.04 14:09:38.642,1.03839,1.03852,1.12,1.93
2016.08.04 14:09:38.948,1.03839,1.03852,1.12,1.43
2016.08.04 14:09:38.999,1.03839,1.03852,1.12,2.31
2016.08.04 14:09:39.152,1.03839,1.03852,1.12,3.06
2016.08.04 14:09:39.295,1.03838,1.03852,1.37,2.31
2016.08.04 14:09:39.448,1.03838,1.03848,1.37,1.00
2016.08.04 14:09:39.702,1.03835,1.03849,3.37,1.00
2016.08.04 14:09:39.754,1.03834,1.03849,2.08,1.00
2016.08.04 14:09:39.805,1.03835,1.03849,1.75,1.50
2016.08.04 14:09:39.856,1.03835,1.03849,1.37,1.50
2016.08.04 14:09:39.907,1.03835,1.03849,1.00,1.50
2016.08.04 14:09:40.178,1.03835,1.03849,1.00,1.33
2016.08.04 14:09:40.229,1.03836,1.0385,1.00,1.93
2016.08.04 14:09:40.281,1.03838,1.0385,1.00,1.43
2016.08.04 14:09:40.332,1.03838,1.03851,1.00,3.43
2016.08.04 14:09:40.385,1.03838,1.03852,1.00,1.93
2016.08.04 14:09:40.438,1.03838,1.03853,1.00,2.31
2016.08.04 14:09:40.489,1.03838,1.03853,1.00,2.31
2016.08.04 14:09:40.540,1.03838,1.03854,1.50,4.93
2016.08.04 14:09:40.592,1.0384,1.03855,1.00,1.56
2016.08.04 14:09:40.807,1.03842,1.03855,1.00,1.56
2016.08.04 14:09:41.514,1.0384,1.03855,1.00,1.56
2016.08.04 14:09:41.620,1.0384,1.03854,1.00,1.51
2016.08.04 14:09:41.672,1.0384,1.03854,1.00,1.93
2016.08.04 14:09:41.774,1.0384,1.03854,1.00,2.68
2016.08.04 14:09:42.091,1.0384,1.03853,1.00,1.43
2016.08.04 14:09:42.335,1.0384,1.03853,1.00,1.93
2016.08.04 14:09:42.386,1.03839,1.03852,1.00,1.51
2016.08.04 14:09:42.497,1.0384,1.03853,1.00,1.93
2016.08.04 14:09:42.702,1.0384,1.03852,1.00,1.51
2016.08.04 14:09:43.600,1.03836,1.03849,1.87,3.24
2016.08.04 14:09:43.651,1.03836,1.03848,1.00,1.43
2016.08.04 14:09:43.703,1.03835,1.03846,1.50,3.43
2016.08.04 14:09:43.754,1.03835,1.03846,1.50,4.18
2016.08.04 14:09:43.856,1.03835,1.03846,1.00,4.18
2016.08.04 14:09:43.957,1.03835,1.03846,1.00,3.43
2016.08.04 14:09:44.110,1.03835,1.03847,1.00,1.51
2016.08.04 14:09:44.161,1.03835,1.03849,1.00,4.93
2016.08.04 14:09:44.378,1.03835,1.03848,1.00,1.43
2016.08.04 14:09:44.588,1.03834,1.03848,1.50,1.43
2016.08.04 14:09:44.792,1.03835,1.03848,1.00,1.43
2016.08.04 14:09:45.047,1.03836,1.03849,1.00,5.68
2016.08.04 14:09:45.567,1.03836,1.03847,1.00,1.51
2016.08.04 14:09:45.619,1.03836,1.03847,1.00,1.43
2016.08.04 14:09:45.670,1.03836,1.03847,1.00,1.43
2016.08.04 14:09:45.773,1.03836,1.03848,1.00,5.31
2016.08.04 14:09:45.926,1.03836,1.03847,1.00,1.43
2016.08.04 14:09:46.029,1.03835,1.03848,1.00,5.31
2016.08.04 14:09:46.282,1.03834,1.03847,1.00,4.18
2016.08.04 14:09:46.388,1.03834,1.03847,1.00,4.18
2016.08.04 14:09:46.541,1.03834,1.03846,1.00,1.43
2016.08.04 14:09:46.876,1.03834,1.03846,1.00,1.69
2016.08.04 14:09:46.927,1.03833,1.03846,1.00,1.19
2016.08.04 14:09:46.978,1.03831,1.03844,1.00,3.43
2016.08.04 14:09:47.029,1.03831,1.03843,1.00,1.51
2016.08.04 14:09:47.080,1.03831,1.0384,1.00,3.43
2016.08.04 14:09:47.222,1.03826,1.03839,1.00,1.43
2016.08.04 14:09:47.273,1.03826,1.03839,1.00,1.43
2016.08.04 14:09:47.427,1.03826,1.03839,1.00,1.56
2016.08.04 14:09:47.530,1.03824,1.03839,1.00,1.56
2016.08.04 14:09:47.734,1.03826,1.03839,1.00,1.56
2016.08.04 14:09:47.836,1.03824,1.03839,1.00,1.56
2016.08.04 14:09:47.938,1.03826,1.03838,1.00,1.43
2016.08.04 14:09:47.990,1.03826,1.03838,1.00,1.93
2016.08.04 14:09:48.361,1.03825,1.03838,1.00,2.68
2016.08.04 14:09:49.266,1.03825,1.03838,1.00,1.93
2016.08.04 14:09:49.317,1.03824,1.03838,1.00,1.43
2016.08.04 14:09:49.573,1.03825,1.03837,1.00,1.43
2016.08.04 14:09:49.624,1.03825,1.03837,1.00,1.93
2016.08.04 14:09:49.675,1.03825,1.03837,1.00,1.43
2016.08.04 14:09:49.726,1.03825,1.03837,1.00,4.37
2016.08.04 14:09:49.778,1.03825,1.03837,1.00,4.37
2016.08.04 14:09:49.830,1.03823,1.03837,1.00,3.62
2016.08.04 14:09:49.881,1.03823,1.03837,1.50,3.62
2016.08.04 14:09:50.033,1.03825,1.03837,1.00,3.62
2016.08.04 14:09:50.135,1.03825,1.03837,1.00,4.37
2016.08.04 14:09:50.341,1.03825,1.03837,1.00,3.99
2016.08.04 14:09:50.611,1.03825,1.03837,1.00,4.74
2016.08.04 14:09:50.662,1.03825,1.03836,1.00,1.24
2016.08.04 14:09:50.713,1.03825,1.03836,1.00,1.49
2016.08.04 14:09:50.764,1.03823,1.03836,1.00,1.49
2016.08.04 14:09:50.901,1.03823,1.03837,1.12,1.25
2016.08.04 14:09:50.953,1.03824,1.03839,1.00,2.68
2016.08.04 14:09:51.054,1.03824,1.03839,1.00,3.43
2016.08.04 14:09:51.105,1.03824,1.03839,1.00,6.71
2016.08.04 14:09:51.231,1.03824,1.03839,1.00,5.96
2016.08.04 14:09:51.496,1.03824,1.03838,1.00,1.71
2016.08.04 14:09:51.598,1.03824,1.03839,1.00,5.96
2016.08.04 14:09:51.649,1.03827,1.03839,1.00,5.21
2016.08.04 14:09:51.776,1.03827,1.03839,1.00,4.46
2016.08.04 14:09:51.827,1.03827,1.03841,1.00,1.39
2016.08.04 14:09:51.929,1.03828,1.03842,1.00,2.21
2016.08.04 14:09:51.980,1.03828,1.03842,1.00,1.84
2016.08.04 14:09:52.031,1.03828,1.03842,1.00,1.46
2016.08.04 14:09:52.082,1.03828,1.03842,1.37,1.46
2016.08.04 14:09:52.133,1.03829,1.03843,1.37,2.59
2016.08.04 14:09:52.185,1.03829,1.03843,1.87,2.59
2016.08.04 14:09:52.236,1.03832,1.03843,1.37,1.84
2016.08.04 14:09:52.287,1.03832,1.03844,1.37,1.76
2016.08.04 14:09:52.338,1.03833,1.03844,1.37,1.46
2016.08.04 14:09:52.389,1.03833,1.03844,1.37,1.09
2016.08.04 14:09:52.539,1.03833,1.03845,1.37,1.77
2016.08.04 14:09:52.590,1.03834,1.03846,1.37,2.59
2016.08.04 14:09:52.641,1.03834,1.03845,1.37,1.77
2016.08.04 14:09:52.692,1.03834,1.03845,1.00,1.25
2016.08.04 14:09:52.743,1.03834,1.03849,1.00,1.09
2016.08.04 14:09:52.794,1.03834,1.03848,1.87,1.39
2016.08.04 14:09:52.997,1.03834,1.03848,1.50,1.39
2016.08.04 14:09:53.049,1.03835,1.03848,1.00,1.39
2016.08.04 14:09:53.100,1.03835,1.03848,1.00,1.09
2016.08.04 14:09:53.151,1.03837,1.03848,1.00,1.09
2016.08.04 14:09:53.660,1.03836,1.03848,1.50,1.09
2016.08.04 14:09:53.711,1.03837,1.03848,1.00,1.09
2016.08.04 14:09:53.813,1.03836,1.03848,1.00,1.09
2016.08.04 14:09:53.865,1.03834,1.03848,1.00,1.84
2016.08.04 14:09:53.918,1.03834,1.03848,1.00,1.84
2016.08.04 14:09:54.187,1.03837,1.03848,1.00,1.09
2016.08.04 14:09:54.736,1.03837,1.03847,1.00,1.46
2016.08.04 14:09:54.787,1.03837,1.03847,1.00,1.71
2016.08.04 14:09:55.297,1.03836,1.03848,1.00,3.34
2016.08.04 14:09:55.694,1.03836,1.03848,1.50,1.31
2016.08.04 14:09:55.746,1.03836,1.0385,1.50,1.69
2016.08.04 14:09:55.797,1.03837,1.03851,1.00,1.56
2016.08.04 14:09:55.848,1.03839,1.03853,1.00,2.44
2016.08.04 14:09:55.899,1.03839,1.03853,1.00,1.19
2016.08.04 14:09:55.950,1.03842,1.03855,1.00,3.43
2016.08.04 14:09:56.001,1.03842,1.03855,1.00,1.93
2016.08.04 14:09:56.052,1.03843,1.03855,1.00,1.18
2016.08.04 14:09:56.103,1.03843,1.03856,1.00,2.44
2016.08.04 14:09:56.435,1.03843,1.03856,1.00,1.94
2016.08.04 14:09:56.587,1.03843,1.03857,1.00,2.68
2016.08.04 14:09:56.690,1.03843,1.03857,1.00,2.31
2016.08.04 14:09:56.951,1.03842,1.03857,1.00,3.06
2016.08.04 14:09:57.425,1.03842,1.03857,1.12,3.06
2016.08.04 14:09:57.476,1.03842,1.03857,1.12,3.81
2016.08.04 14:09:57.578,1.03842,1.03856,1.12,1.56
2016.08.04 14:09:57.680,1.03842,1.03857,1.12,4.18
2016.08.04 14:09:57.934,1.03844,1.03857,1.00,3.43
2016.08.04 14:09:57.985,1.03844,1.03857,1.00,2.68
2016.08.04 14:09:58.495,1.03844,1.03857,1.00,2.68
2016.08.04 14:09:58.597,1.03844,1.03857,1.00,2.68
2016.08.04 14:09:58.648,1.03842,1.03856,1.00,2.31
2016.08.04 14:09:58.699,1.03841,1.03856,1.00,3.06
2016.08.04 14:09:58.751,1.03841,1.03856,1.12,3.06
2016.08.04 14:09:58.854,1.03841,1.03856,1.12,2.31
2016.08.04 14:09:58.905,1.03841,1.03856,1.12,2.68
2016.08.04 14:09:58.957,1.03843,1.03856,1.00,1.93
2016.08.04 14:09:59.106,1.03843,1.03856,1.00,2.68
2016.08.04 14:09:59.158,1.03843,1.03855,1.00,1.81
2016.08.04 14:09:59.323,1.03843,1.03856,1.00,4.56
2016.08.04 14:09:59.375,1.0384,1.03856,1.00,4.56
2016.08.04 14:09:59.686,1.0384,1.03856,1.00,5.31
2016.08.04 14:09:59.737,1.0384,1.03855,1.00,1.81
2016.08.04 14:09:59.957,1.0384,1.03855,1.50,1.81
2016.08.04 14:10:00.059,1.03842,1.03856,1.00,4.56
2016.08.04 14:10:00.110,1.03842,1.03856,1.00,4.56
2016.08.04 14:10:00.217,1.03842,1.03855,1.00,1.81
2016.08.04 14:10:00.427,1.03842,1.03855,1.00,1.43
2016.08.04 14:10:00.531,1.03843,1.03856,1.00,1.19
2016.08.04 14:10:00.635,1.03843,1.03856,1.00,1.43
2016.08.04 14:10:01.045,1.03843,1.03856,1.00,1.93
2016.08.04 14:10:01.147,1.03841,1.03856,1.00,1.43
2016.08.04 14:10:01.249,1.03841,1.03855,1.00,2.68
2016.08.04 14:10:01.453,1.0384,1.03853,1.12,3.43
2016.08.04 14:10:01.504,1.03839,1.03853,1.87,3.43
2016.08.04 14:10:01.555,1.03839,1.03851,1.37,1.93
2016.08.04 14:10:01.606,1.03836,1.03851,1.75,1.93
2016.08.04 14:10:01.658,1.03837,1.03851,1.37,1.93
2016.08.04 14:10:01.709,1.03837,1.03851,1.00,1.93
2016.08.04 14:10:01.760,1.03837,1.03851,1.00,1.49
2016.08.04 14:10:01.862,1.03838,1.03851,1.00,1.93
2016.08.04 14:10:02.048,1.03838,1.03851,1.00,1.49
2016.08.04 14:10:03.352,1.03838,1.03851,1.00,3.43
2016.08.04 14:10:03.727,1.03838,1.03851,1.00,4.18
2016.08.04 14:10:03.882,1.03835,1.0385,1.50,1.24
2016.08.04 14:10:03.933,1.03835,1.0385,1.12,1.37
2016.08.04 14:10:03.984,1.03835,1.03851,1.87,4.93
2016.08.04 14:10:04.036,1.03835,1.0385,2.25,1.37
2016.08.04 14:10:04.087,1.03837,1.0385,1.00,1.37
2016.08.04 14:10:04.139,1.03837,1.03853,1.00,4.93
2016.08.04 14:10:04.262,1.03837,1.03852,1.00,1.62
2016.08.04 14:10:04.313,1.03837,1.03852,1.00,1.74
2016.08.04 14:10:04.417,1.03837,1.03852,1.00,1.24
2016.08.04 14:10:04.468,1.03837,1.03853,1.37,3.43
2016.08.04 14:10:04.519,1.03837,1.03853,1.37,2.68
2016.08.04 14:10:04.570,1.03837,1.03851,1.37,1.24
2016.08.04 14:10:04.849,1.03837,1.03851,1.12,1.24
2016.08.04 14:10:04.951,1.03837,1.03849,1.12,1.24
2016.08.04 14:10:05.002,1.03837,1.03849,1.12,1.24
2016.08.04 14:10:05.151,1.03838,1.03851,1.00,1.19
2016.08.04 14:10:05.204,1.03837,1.03851,1.37,1.19
2016.08.04 14:10:05.255,1.03838,1.03851,1.00,1.19
2016.08.04 14:10:05.357,1.03839,1.0385,1.00,2.42
2016.08.04 14:10:05.459,1.03837,1.03852,1.12,3.17
2016.08.04 14:10:05.562,1.03837,1.03849,1.00,1.00
2016.08.04 14:10:05.664,1.03836,1.03849,1.50,1.19
2016.08.04 14:10:05.765,1.03836,1.0385,1.00,1.19
2016.08.04 14:10:05.868,1.03836,1.0385,1.00,1.69
2016.08.04 14:10:06.028,1.03836,1.0385,1.00,1.19
2016.08.04 14:10:06.991,1.03836,1.03849,1.00,1.19
2016.08.04 14:10:07.145,1.03836,1.0385,1.50,1.19
2016.08.04 14:10:07.680,1.03836,1.03849,1.50,1.19
2016.08.04 14:10:07.846,1.03834,1.03849,2.62,1.19
2016.08.04 14:10:07.898,1.03834,1.03849,2.25,1.19
2016.08.04 14:10:08.101,1.03834,1.03849,1.50,1.19
2016.08.04 14:10:08.153,1.03837,1.03848,1.00,1.25
2016.08.04 14:10:08.255,1.03837,1.03849,1.00,1.19
2016.08.04 14:10:08.306,1.03837,1.0385,1.50,1.56
2016.08.04 14:10:08.357,1.03837,1.03852,1.50,4.30
2016.08.04 14:10:08.460,1.03837,1.03851,1.50,1.30
2016.08.04 14:10:08.513,1.03837,1.03851,1.00,1.11
2016.08.04 14:10:08.641,1.03837,1.0385,1.00,2.98
2016.08.04 14:10:08.692,1.03835,1.03848,1.87,1.00
2016.08.04 14:10:08.743,1.03835,1.03848,2.25,1.00
2016.08.04 14:10:08.796,1.03835,1.0385,2.25,3.73
2016.08.04 14:10:08.898,1.03837,1.0385,1.00,3.73
2016.08.04 14:10:08.958,1.03838,1.0385,1.00,1.50
2016.08.04 14:10:09.110,1.03837,1.0385,1.37,1.50
2016.08.04 14:10:09.212,1.03837,1.0385,1.00,1.50
2016.08.04 14:10:09.264,1.03838,1.0385,1.00,1.61
2016.08.04 14:10:09.405,1.03836,1.03849,1.00,2.98
2016.08.04 14:10:09.456,1.03836,1.0385,1.00,2.05
2016.08.04 14:10:09.507,1.03834,1.03849,1.50,1.11
2016.08.04 14:10:09.558,1.03834,1.03849,1.00,1.86
2016.08.04 14:10:09.609,1.03833,1.03849,1.87,2.80
2016.08.04 14:10:09.660,1.03833,1.03848,1.50,1.11
2016.08.04 14:10:09.711,1.03833,1.03848,1.12,1.48
2016.08.04 14:10:09.762,1.03833,1.03848,1.00,1.86
2016.08.04 14:10:09.813,1.03832,1.03848,1.50,2.61
2016.08.04 14:10:09.865,1.03832,1.03848,1.50,5.23
2016.08.04 14:10:09.916,1.03832,1.03848,1.00,5.98
2016.08.04 14:10:09.967,1.03832,1.03847,1.00,1.67
2016.08.04 14:10:10.018,1.03831,1.03847,2.25,1.67
2016.08.04 14:10:10.069,1.03832,1.03847,1.00,1.67
2016.08.04 14:10:10.230,1.03833,1.03846,1.37,1.11
2016.08.04 14:10:10.281,1.03838,1.03849,1.37,1.75
2016.08.04 14:10:10.332,1.03838,1.03852,1.37,2.61
2016.08.04 14:10:10.383,1.0384,1.03852,1.00,1.48
2016.08.04 14:10:10.435,1.0384,1.03854,1.00,2.42
2016.08.04 14:10:10.486,1.0384,1.03854,1.00,2.80
2016.08.04 14:10:10.588,1.0384,1.03854,1.00,2.05
2016.08.04 14:10:10.639,1.0384,1.03854,1.00,1.30
2016.08.04 14:10:10.690,1.0384,1.03854,1.00,1.11
2016.08.04 14:10:10.895,1.03839,1.03854,1.50,1.11
2016.08.04 14:10:11.252,1.03839,1.03854,1.50,1.86
2016.08.04 14:10:11.303,1.03839,1.03854,1.00,1.86
2016.08.04 14:10:11.354,1.03839,1.03853,1.00,1.00
2016.08.04 14:10:11.660,1.03838,1.03853,1.12,1.00
2016.08.04 14:10:11.883,1.03837,1.03853,1.87,1.00
2016.08.04 14:10:12.035,1.03837,1.03853,1.87,1.11
2016.08.04 14:10:12.137,1.03837,1.03852,1.87,1.00
2016.08.04 14:10:12.188,1.03835,1.03852,3.94,1.50
2016.08.04 14:10:12.345,1.03835,1.03845,3.00,1.48
2016.08.04 14:10:12.397,1.03833,1.03845,1.37,1.48
2016.08.04 14:10:12.448,1.03833,1.03841,1.37,2.23
2016.08.04 14:10:12.499,1.0383,1.03841,1.75,2.23
2016.08.04 14:10:12.550,1.0383,1.03841,1.37,2.23
2016.08.04 14:10:12.601,1.03828,1.03841,1.00,2.98
2016.08.04 14:10:12.652,1.03827,1.03841,2.62,1.00
2016.08.04 14:10:12.704,1.03827,1.03841,1.37,1.00
2016.08.04 14:10:12.755,1.03827,1.0384,1.00,1.73
2016.08.04 14:10:12.960,1.03827,1.03841,1.00,3.73
2016.08.04 14:10:13.063,1.03827,1.03841,1.00,2.98
2016.08.04 14:10:13.262,1.03827,1.0384,1.00,1.73
2016.08.04 14:10:13.313,1.03827,1.0384,1.00,1.48
2016.08.04 14:10:13.679,1.03828,1.0384,1.00,1.48
2016.08.04 14:10:13.782,1.0383,1.0384,1.00,1.00
2016.08.04 14:10:13.833,1.0383,1.03843,1.50,1.86
2016.08.04 14:10:13.884,1.03835,1.03844,1.00,1.37
2016.08.04 14:10:13.935,1.03835,1.03845,1.00,1.50
2016.08.04 14:10:13.986,1.03837,1.03846,1.00,1.05
2016.08.04 14:10:14.037,1.03837,1.03849,1.00,1.87
2016.08.04 14:10:14.192,1.03834,1.03849,3.37,1.12
2016.08.04 14:10:14.245,1.03834,1.03849,1.50,1.50
2016.08.04 14:10:14.296,1.03837,1.03846,1.00,1.00
2016.08.04 14:10:14.348,1.03835,1.03846,1.50,1.00
2016.08.04 14:10:14.399,1.03835,1.03849,1.50,1.50
2016.08.04 14:10:14.451,1.03834,1.03852,1.37,5.42
2016.08.04 14:10:14.502,1.03834,1.03852,1.50,4.67
2016.08.04 14:10:14.553,1.03836,1.03852,1.00,4.67
2016.08.04 14:10:14.655,1.03836,1.03849,1.00,2.42
2016.08.04 14:10:15.081,1.03835,1.03849,1.00,2.23
2016.08.04 14:10:15.266,1.03836,1.03849,1.00,2.98
2016.08.04 14:10:15.844,1.03836,1.03849,1.00,1.00
2016.08.04 14:10:16.748,1.03836,1.03848,1.00,1.00
2016.08.04 14:10:16.952,1.03836,1.03849,1.00,1.00
2016.08.04 14:10:17.003,1.03837,1.0385,1.00,4.11
2016.08.04 14:10:17.141,1.03837,1.0385,1.50,4.11
2016.08.04 14:10:17.193,1.03837,1.0385,1.50,3.73
2016.08.04 14:10:17.244,1.03837,1.0385,1.50,3.30
2016.08.04 14:10:17.568,1.03837,1.0385,1.00,3.30
2016.08.04 14:10:17.865,1.03837,1.0385,1.00,2.55
2016.08.04 14:10:18.070,1.03838,1.03852,1.00,2.55
2016.08.04 14:10:18.520,1.03838,1.03852,1.50,2.55
2016.08.04 14:10:18.571,1.03839,1.03851,1.00,1.00
2016.08.04 14:10:19.067,1.03838,1.03852,1.50,2.74
2016.08.04 14:10:19.219,1.03838,1.03852,1.00,2.74
2016.08.04 14:10:19.448,1.03838,1.03852,1.50,2.74
2016.08.04 14:10:19.621,1.03838,1.03852,1.00,2.74
2016.08.04 14:10:20.487,1.03838,1.03852,1.00,2.74
2016.08.04 14:10:20.824,1.03838,1.03852,1.50,2.74
2016.08.04 14:10:20.876,1.03838,1.03853,1.50,2.44
2016.08.04 14:10:20.978,1.03838,1.03853,1.50,5.74
2016.08.04 14:10:21.080,1.03838,1.03852,1.00,1.19
2016.08.04 14:10:21.131,1.03837,1.03852,1.00,1.19
2016.08.04 14:10:21.946,1.03837,1.03851,1.00,2.74
2016.08.04 14:10:22.323,1.03838,1.03851,1.00,2.74
2016.08.04 14:10:22.374,1.03841,1.03851,1.00,3.49
2016.08.04 14:10:22.476,1.0384,1.03851,1.00,3.30
2016.08.04 14:10:22.578,1.0384,1.03852,1.00,2.74
2016.08.04 14:10:22.680,1.03839,1.03852,1.50,2.74
2016.08.04 14:10:22.920,1.0384,1.03852,1.00,2.74
2016.08.04 14:10:23.186,1.0384,1.03852,1.00,4.24
2016.08.04 14:10:23.390,1.03839,1.03852,1.50,4.24
2016.08.04 14:10:23.878,1.03839,1.03851,1.00,1.73
2016.08.04 14:10:23.932,1.03839,1.03851,1.00,1.92
2016.08.04 14:10:23.984,1.03839,1.03851,1.50,1.25
2016.08.04 14:10:24.092,1.03839,1.03853,1.50,1.19
2016.08.04 14:10:24.144,1.03839,1.03853,1.50,1.25
2016.08.04 14:10:24.195,1.03839,1.03853,1.50,1.25
2016.08.04 14:10:24.348,1.03839,1.03853,1.50,1.25
2016.08.04 14:10:24.426,1.0384,1.03853,1.00,1.25
2016.08.04 14:10:24.587,1.0384,1.03853,1.00,1.69
2016.08.04 14:10:24.647,1.0384,1.03853,1.00,1.25
2016.08.04 14:10:24.756,1.0384,1.03853,1.00,1.25
2016.08.04 14:10:24.808,1.0384,1.03852,1.00,1.00
2016.08.04 14:10:24.861,1.03839,1.03852,1.00,1.00
2016.08.04 14:10:24.913,1.0384,1.03852,1.00,1.19
2016.08.04 14:10:25.015,1.03838,1.03853,1.50,2.44
2016.08.04 14:10:25.067,1.03838,1.03853,1.87,2.44
2016.08.04 14:10:25.169,1.0384,1.03853,1.00,2.44
2016.08.04 14:10:25.373,1.0384,1.03853,1.00,1.69
2016.08.04 14:10:25.425,1.03841,1.03854,1.00,2.29
2016.08.04 14:10:25.528,1.03842,1.03854,1.00,1.17
2016.08.04 14:10:25.583,1.03842,1.03856,1.00,1.19
2016.08.04 14:10:25.687,1.03843,1.03856,1.00,1.19
2016.08.04 14:10:26.651,1.03841,1.03853,1.50,1.25
2016.08.04 14:10:26.703,1.03841,1.03853,1.00,1.25
2016.08.04 14:10:26.754,1.03839,1.03853,1.50,1.19
2016.08.04 14:10:26.856,1.03839,1.03853,1.00,1.69
2016.08.04 14:10:26.908,1.03838,1.03852,1.00,1.31
2016.08.04 14:10:26.960,1.03838,1.03852,1.00,2.05
2016.08.04 14:10:27.062,1.03838,1.03852,1.00,2.80
2016.08.04 14:10:27.165,1.03838,1.03849,1.00,1.67
2016.08.04 14:10:27.267,1.03837,1.03846,1.00,1.25
2016.08.04 14:10:27.318,1.03833,1.03846,1.00,1.19
2016.08.04 14:10:27.517,1.03833,1.03846,1.00,1.19
2016.08.04 14:10:27.568,1.03833,1.03847,1.50,2.42
2016.08.04 14:10:27.674,1.03833,1.03846,1.50,1.19
2016.08.04 14:10:27.877,1.03833,1.03847,1.50,2.42
2016.08.04 14:10:28.391,1.03833,1.03845,1.50,1.23
2016.08.04 14:10:28.710,1.03833,1.03845,1.00,1.23
2016.08.04 14:10:28.853,1.03832,1.03845,1.00,1.23
2016.08.04 14:10:29.058,1.03833,1.03845,1.00,1.23
2016.08.04 14:10:29.257,1.03832,1.03845,1.50,1.23
2016.08.04 14:10:30.469,1.03832,1.03845,1.50,1.98
2016.08.04 14:10:30.520,1.03833,1.03845,1.00,2.42
2016.08.04 14:10:30.795,1.03832,1.03844,1.50,1.73
2016.08.04 14:10:30.900,1.03832,1.03844,1.00,2.23
2016.08.04 14:10:30.952,1.03831,1.03844,2.25,2.23
2016.08.04 14:10:31.054,1.03831,1.03844,2.25,1.50
2016.08.04 14:10:31.106,1.03832,1.03845,1.00,2.80
2016.08.04 14:10:31.364,1.03832,1.03845,1.00,2.05
2016.08.04 14:10:31.415,1.03831,1.03845,1.50,1.30
2016.08.04 14:10:31.466,1.03832,1.03845,1.00,1.30
2016.08.04 14:10:31.885,1.03832,1.03845,1.00,2.05
2016.08.04 14:10:32.569,1.03833,1.03845,1.00,2.05
2016.08.04 14:10:32.671,1.03833,1.03845,1.00,1.30
2016.08.04 14:10:32.805,1.03833,1.03845,1.00,1.30
2016.08.04 14:10:33.061,1.03833,1.03847,1.00,4.92
2016.08.04 14:10:33.113,1.03833,1.03847,1.00,3.42
2016.08.04 14:10:33.164,1.03833,1.03847,1.50,1.17
2016.08.04 14:10:33.215,1.03835,1.03849,1.00,4.92
2016.08.04 14:10:33.266,1.03835,1.03848,1.00,1.48
2016.08.04 14:10:33.369,1.03836,1.0385,1.50,3.42
2016.08.04 14:10:33.420,1.03836,1.0385,1.00,2.29
2016.08.04 14:10:33.471,1.03836,1.0385,1.00,1.92
2016.08.04 14:10:33.962,1.03836,1.0385,1.00,3.42
2016.08.04 14:10:34.013,1.03836,1.0385,1.50,2.67
2016.08.04 14:10:34.064,1.03836,1.0385,1.00,2.67
2016.08.04 14:10:34.115,1.03836,1.0385,1.00,3.42
2016.08.04 14:10:34.268,1.03836,1.0385,1.00,2.67
2016.08.04 14:10:34.370,1.03836,1.03851,1.00,1.42
2016.08.04 14:10:34.420,1.03837,1.03852,1.00,3.42
2016.08.04 14:10:34.471,1.03837,1.03852,1.50,3.42
2016.08.04 14:10:34.728,1.03838,1.03852,1.00,3.42
2016.08.04 14:10:34.858,1.03838,1.03852,1.00,3.92
2016.08.04 14:10:34.909,1.03838,1.03851,1.00,1.92
2016.08.04 14:10:35.266,1.03838,1.0385,1.00,1.43
2016.08.04 14:10:35.317,1.03838,1.0385,1.00,2.18
2016.08.04 14:10:35.470,1.03838,1.0385,1.50,1.43
2016.08.04 14:10:36.392,1.03838,1.03851,1.50,1.19
2016.08.04 14:10:36.494,1.03838,1.03852,1.50,2.93
2016.08.04 14:10:36.597,1.03839,1.03851,1.00,1.19
2016.08.04 14:10:37.260,1.03839,1.03851,1.00,2.18
2016.08.04 14:10:37.311,1.03839,1.03851,1.00,1.43
2016.08.04 14:10:37.566,1.03839,1.03851,1.00,1.24
2016.08.04 14:10:38.187,1.03841,1.03852,1.00,1.19
2016.08.04 14:10:38.289,1.03841,1.03853,1.00,1.69
2016.08.04 14:10:38.340,1.0384,1.03853,1.50,1.25
2016.08.04 14:10:38.442,1.03841,1.03853,1.00,1.00
2016.08.04 14:10:38.543,1.0384,1.03853,1.50,1.50
2016.08.04 14:10:38.594,1.0384,1.03852,1.00,1.00
2016.08.04 14:10:38.646,1.03837,1.0385,1.00,1.19
2016.08.04 14:10:38.697,1.03837,1.0385,1.00,1.80
2016.08.04 14:10:38.748,1.03836,1.0385,1.50,1.05
2016.08.04 14:10:39.221,1.03837,1.0385,1.00,1.15
2016.08.04 14:10:39.322,1.03837,1.03849,1.00,1.61
2016.08.04 14:10:39.373,1.03837,1.03849,1.50,1.15
2016.08.04 14:10:39.723,1.03837,1.03849,1.50,1.61
2016.08.04 14:10:39.877,1.03837,1.03849,1.50,1.15
2016.08.04 14:10:40.054,1.03839,1.03849,1.00,1.15
2016.08.04 14:10:40.157,1.03839,1.0385,1.50,1.15
2016.08.04 14:10:40.209,1.0384,1.03852,1.00,1.12
2016.08.04 14:10:40.312,1.03839,1.03852,1.87,1.12
2016.08.04 14:10:40.415,1.03839,1.03853,1.50,2.93
2016.08.04 14:10:40.466,1.03839,1.03853,1.00,2.93
2016.08.04 14:10:40.816,1.03838,1.03852,1.00,1.12
2016.08.04 14:10:40.867,1.03838,1.03851,1.00,1.15
2016.08.04 14:10:40.919,1.03838,1.03851,1.00,1.61
2016.08.04 14:10:41.122,1.03838,1.03851,1.00,1.15
2016.08.04 14:10:41.326,1.03838,1.0385,1.00,1.61
2016.08.04 14:10:42.066,1.03838,1.0385,1.00,1.00
2016.08.04 14:10:42.117,1.03838,1.03851,1.00,1.61
2016.08.04 14:10:42.368,1.03838,1.03851,1.00,1.80
2016.08.04 14:10:43.110,1.03838,1.03851,1.00,1.34
2016.08.04 14:10:43.313,1.03836,1.0385,1.00,1.25
2016.08.04 14:10:43.902,1.03836,1.03849,1.00,1.00
2016.08.04 14:10:43.954,1.03834,1.03848,1.37,1.19
2016.08.04 14:10:44.005,1.03834,1.03843,1.37,1.24
2016.08.04 14:10:44.056,1.03831,1.03843,1.75,1.24
2016.08.04 14:10:44.160,1.03831,1.03843,1.00,1.24
2016.08.04 14:10:44.289,1.03831,1.03843,1.00,1.99
2016.08.04 14:10:44.713,1.03831,1.03843,1.12,1.99
2016.08.04 14:10:44.764,1.03832,1.03843,1.00,1.99
2016.08.04 14:10:44.815,1.03833,1.03842,1.00,1.24
2016.08.04 14:10:45.322,1.03832,1.03842,1.00,1.24
2016.08.04 14:10:45.832,1.03832,1.03841,1.00,1.24
2016.08.04 14:10:46.376,1.03832,1.03842,1.00,1.24
2016.08.04 14:10:46.499,1.03832,1.03842,1.00,1.99
2016.08.04 14:10:47.414,1.03832,1.03841,1.00,1.00
2016.08.04 14:10:47.465,1.0383,1.03841,1.00,1.00
2016.08.04 14:10:48.916,1.0383,1.03841,1.00,1.99
2016.08.04 14:10:49.018,1.0383,1.03841,1.00,1.24
2016.08.04 14:10:49.386,1.0383,1.03841,1.00,1.99
2016.08.04 14:10:49.488,1.0383,1.03843,1.00,1.00
2016.08.04 14:10:49.540,1.03829,1.03845,1.37,1.69
2016.08.04 14:10:49.591,1.03831,1.03845,1.00,1.69
2016.08.04 14:10:49.795,1.0383,1.03845,1.87,1.69
2016.08.04 14:10:50.020,1.0383,1.03845,1.87,1.19
2016.08.04 14:10:50.071,1.0383,1.03845,1.50,1.19
2016.08.04 14:10:50.124,1.03831,1.03844,1.00,1.19
2016.08.04 14:10:50.293,1.03831,1.03844,1.00,2.18
2016.08.04 14:10:50.345,1.03828,1.03839,1.00,1.00
2016.08.04 14:10:50.397,1.03827,1.03839,1.50,1.19
2016.08.04 14:10:50.449,1.03827,1.0384,1.12,1.19
2016.08.04 14:10:50.501,1.03827,1.0384,1.00,1.19
2016.08.04 14:10:50.931,1.0383,1.03842,1.00,1.69
2016.08.04 14:10:50.982,1.0383,1.03842,1.00,1.19
2016.08.04 14:10:51.033,1.0383,1.03843,1.00,1.69
2016.08.04 14:10:51.236,1.03831,1.03843,1.00,1.19
2016.08.04 14:10:51.341,1.0383,1.03843,1.50,1.19
2016.08.04 14:10:51.392,1.0383,1.03843,1.00,1.19
2016.08.04 14:10:51.444,1.0383,1.03842,1.00,1.25
2016.08.04 14:10:51.546,1.03829,1.03843,1.50,1.19
2016.08.04 14:10:51.597,1.03829,1.03843,1.00,1.19
2016.08.04 14:10:51.870,1.03828,1.03843,1.00,1.69
2016.08.04 14:10:52.073,1.03828,1.03843,1.00,2.44
2016.08.04 14:10:52.175,1.03828,1.03843,1.00,1.69
2016.08.04 14:10:52.288,1.03828,1.03842,1.50,1.25
2016.08.04 14:10:52.342,1.03828,1.03843,1.50,2.44
2016.08.04 14:10:52.393,1.03828,1.03842,1.00,1.43
2016.08.04 14:10:52.445,1.03827,1.0384,1.00,1.00
2016.08.04 14:10:52.499,1.03827,1.0384,1.00,1.25
2016.08.04 14:10:52.550,1.03827,1.03841,1.00,1.19
2016.08.04 14:10:52.652,1.03829,1.03842,1.00,1.69
2016.08.04 14:10:52.704,1.03829,1.03842,1.00,1.19
2016.08.04 14:10:52.755,1.03831,1.03844,1.00,2.81
2016.08.04 14:10:52.806,1.03831,1.03844,1.00,1.69
2016.08.04 14:10:52.965,1.03831,1.03844,1.00,1.19
2016.08.04 14:10:53.016,1.03831,1.03845,1.00,1.31
2016.08.04 14:10:53.068,1.03831,1.03846,1.00,4.31
2016.08.04 14:10:53.380,1.03831,1.03844,1.00,1.19
2016.08.04 14:10:54.588,1.03831,1.03844,1.00,1.51
2016.08.04 14:10:54.940,1.03831,1.03845,1.00,1.56
2016.08.04 14:10:55.042,1.03829,1.03843,1.87,1.00
2016.08.04 14:10:55.093,1.03829,1.03843,1.50,1.24
2016.08.04 14:10:55.144,1.03829,1.03842,1.00,1.51
2016.08.04 14:10:55.271,1.03827,1.03841,1.12,1.25
2016.08.04 14:10:55.322,1.03827,1.03841,1.00,1.25
2016.08.04 14:10:56.442,1.03826,1.0384,1.87,1.33
2016.08.04 14:10:56.544,1.03827,1.0384,1.00,1.33
2016.08.04 14:10:56.647,1.03826,1.0384,1.12,1.33
2016.08.04 14:10:56.735,1.03826,1.03838,1.12,1.00
2016.08.04 14:10:56.787,1.03826,1.03838,1.12,1.25
2016.08.04 14:10:56.945,1.03827,1.03839,1.00,1.19
2016.08.04 14:10:57.149,1.03827,1.03841,1.00,1.43
2016.08.04 14:10:57.301,1.03827,1.03841,1.00,2.68
2016.08.04 14:10:57.567,1.03827,1.03841,1.00,3.43
2016.08.04 14:10:57.902,1.03827,1.03841,1.00,4.18
2016.08.04 14:10:57.953,1.03826,1.03841,1.12,4.18
2016.08.04 14:10:58.004,1.03826,1.0384,1.12,1.49
2016.08.04 14:10:58.157,1.03824,1.0384,3.00,1.93
2016.08.04 14:10:58.208,1.03824,1.0384,2.62,3.43
2016.08.04 14:10:58.259,1.03824,1.03838,1.50,1.18
2016.08.04 14:10:58.310,1.03824,1.03838,1.37,1.25
2016.08.04 14:10:58.361,1.03826,1.0384,1.00,1.93
2016.08.04 14:10:58.561,1.03828,1.0384,1.00,1.93
2016.08.04 14:10:58.612,1.03828,1.0384,1.00,1.43
2016.08.04 14:10:58.663,1.0383,1.03841,1.00,3.06
2016.08.04 14:10:58.714,1.0383,1.03841,1.00,2.68
2016.08.04 14:10:58.968,1.03831,1.03841,1.00,2.68
2016.08.04 14:10:59.019,1.03831,1.03841,1.00,1.93
2016.08.04 14:10:59.121,1.03831,1.03841,1.00,2.68
2016.08.04 14:10:59.330,1.03831,1.03841,1.00,1.74
2016.08.04 14:10:59.381,1.03828,1.03841,1.00,1.74
2016.08.04 14:10:59.433,1.03828,1.03841,1.00,2.49
2016.08.04 14:10:59.535,1.03828,1.03841,1.00,1.24
2016.08.04 14:10:59.637,1.03828,1.03842,1.00,2.68
2016.08.04 14:10:59.688,1.03828,1.03842,1.00,3.43
2016.08.04 14:10:59.740,1.03828,1.03841,1.00,1.43
2016.08.04 14:10:59.841,1.0383,1.03842,1.00,2.68
2016.08.04 14:10:59.944,1.0383,1.03841,1.00,1.49
2016.08.04 14:11:00.198,1.03833,1.03841,1.00,1.24
2016.08.04 14:11:00.300,1.03833,1.03841,1.00,1.33
2016.08.04 14:11:00.351,1.03831,1.03843,1.00,2.68
2016.08.04 14:11:00.504,1.03831,1.03842,1.00,1.49
2016.08.04 14:11:00.555,1.0383,1.03842,1.00,1.43
2016.08.04 14:11:00.709,1.0383,1.03844,1.00,4.18
2016.08.04 14:11:00.812,1.03831,1.03843,1.00,1.49
2016.08.04 14:11:00.864,1.03827,1.0384,1.87,1.25
2016.08.04 14:11:00.915,1.03827,1.0384,1.12,1.25
2016.08.04 14:11:01.070,1.03827,1.03839,1.00,1.00
2016.08.04 14:11:01.173,1.03825,1.03839,1.37,1.00
2016.08.04 14:11:01.277,1.03827,1.03841,1.00,1.93
2016.08.04 14:11:01.380,1.03827,1.03841,1.00,1.51
2016.08.04 14:11:02.010,1.03827,1.0384,1.00,1.25
2016.08.04 14:11:02.162,1.03826,1.03839,1.00,1.00
2016.08.04 14:11:02.213,1.03826,1.03839,1.00,1.74
2016.08.04 14:11:02.316,1.03826,1.03839,1.00,1.93
2016.08.04 14:11:02.822,1.03826,1.03839,1.00,1.49
2016.08.04 14:11:02.974,1.03828,1.0384,1.00,5.36
2016.08.04 14:11:03.025,1.03828,1.0384,1.00,4.61
2016.08.04 14:11:03.178,1.03827,1.03839,1.00,1.49
2016.08.04 14:11:03.440,1.03827,1.03839,1.00,1.99
2016.08.04 14:11:03.950,1.03827,1.03839,1.00,1.49
2016.08.04 14:11:04.103,1.03827,1.03839,1.00,1.19
2016.08.04 14:11:04.622,1.03827,1.03839,1.00,1.25
2016.08.04 14:11:04.673,1.03826,1.03841,1.00,2.31
2016.08.04 14:11:04.724,1.03827,1.03841,1.00,2.31
2016.08.04 14:11:04.776,1.03828,1.03842,1.12,1.93
2016.08.04 14:11:04.827,1.03828,1.03843,1.12,2.68
2016.08.04 14:11:04.878,1.03831,1.03843,1.00,1.43
2016.08.04 14:11:05.517,1.03831,1.03843,1.00,1.51
2016.08.04 14:11:06.118,1.03831,1.03843,1.00,1.19
2016.08.04 14:11:06.169,1.03829,1.03844,1.00,1.51
2016.08.04 14:11:06.613,1.03829,1.03844,1.00,1.51
2016.08.04 14:11:06.664,1.03829,1.03843,1.00,1.19
2016.08.04 14:11:06.715,1.03829,1.03842,1.00,1.51
2016.08.04 14:11:06.766,1.03829,1.03841,1.00,1.25
2016.08.04 14:11:06.914,1.03829,1.03841,1.00,1.43
2016.08.04 14:11:06.972,1.03829,1.03841,1.00,1.93
2016.08.04 14:11:07.536,1.03829,1.03841,1.00,1.43
2016.08.04 14:11:07.787,1.03826,1.0384,1.50,1.43
2016.08.04 14:11:07.839,1.03826,1.03839,1.00,1.43
2016.08.04 14:11:07.891,1.03824,1.03839,1.50,1.93
2016.08.04 14:11:07.942,1.03824,1.03839,1.12,1.43
2016.08.04 14:11:07.994,1.03824,1.03838,1.12,1.51
2016.08.04 14:11:08.045,1.03824,1.03837,1.12,1.51
2016.08.04 14:11:08.096,1.03822,1.03836,1.50,1.25
2016.08.04 14:11:08.147,1.0382,1.03836,1.99,1.19
2016.08.04 14:11:08.198,1.03819,1.03833,1.99,1.00
2016.08.04 14:11:08.250,1.03819,1.03833,1.62,1.00
2016.08.04 14:11:08.301,1.0382,1.03833,1.37,1.00
2016.08.04 14:11:08.583,1.0382,1.03833,1.37,1.19
2016.08.04 14:11:08.736,1.0382,1.03833,1.12,1.19
2016.08.04 14:11:08.788,1.0382,1.03834,1.12,2.44
2016.08.04 14:11:08.840,1.0382,1.03833,1.12,1.19
2016.08.04 14:11:09.147,1.0382,1.03834,1.12,2.44
2016.08.04 14:11:09.348,1.0382,1.03834,1.00,1.19
2016.08.04 14:11:09.400,1.03824,1.03836,1.00,1.69
2016.08.04 14:11:09.502,1.03822,1.03836,1.87,1.19
2016.08.04 14:11:09.613,1.03822,1.03836,2.12,1.19
2016.08.04 14:11:09.767,1.03822,1.03836,1.74,1.19
2016.08.04 14:11:09.818,1.03822,1.03836,1.33,1.19
2016.08.04 14:11:09.920,1.03822,1.03836,1.33,1.69
2016.08.04 14:11:10.021,1.03822,1.03836,1.33,1.19
2016.08.04 14:11:10.072,1.03823,1.03837,1.00,1.31
2016.08.04 14:11:10.226,1.03824,1.03836,1.00,1.51
2016.08.04 14:11:10.468,1.03824,1.03837,1.00,1.56
2016.08.04 14:11:10.519,1.03824,1.03837,1.00,1.31
2016.08.04 14:11:10.621,1.03825,1.03839,1.00,2.68
2016.08.04 14:11:10.672,1.03825,1.03839,1.00,3.81
2016.08.04 14:11:10.774,1.03825,1.03839,1.00,1.18
2016.08.04 14:11:10.825,1.03825,1.0384,1.00,3.43
2016.08.04 14:11:11.154,1.03823,1.03839,2.62,1.43
2016.08.04 14:11:11.205,1.03823,1.03838,2.62,1.51
2016.08.04 14:11:11.257,1.03823,1.03838,2.25,1.51
2016.08.04 14:11:11.359,1.03823,1.03839,2.25,1.93
2016.08.04 14:11:11.461,1.03823,1.03839,2.25,1.43
2016.08.04 14:11:11.563,1.03823,1.03839,2.62,1.43
2016.08.04 14:11:11.614,1.03823,1.03837,2.62,1.51
2016.08.04 14:11:11.666,1.03823,1.03837,2.25,1.51
2016.08.04 14:11:11.831,1.03823,1.03837,1.50,1.51
2016.08.04 14:11:11.883,1.03823,1.03836,1.50,1.25
2016.08.04 14:11:11.985,1.03823,1.03837,1.00,1.51
2016.08.04 14:11:12.036,1.03823,1.03836,1.00,1.25
2016.08.04 14:11:12.087,1.03823,1.03836,1.00,1.19
2016.08.04 14:11:12.138,1.03823,1.03836,1.00,1.19
2016.08.04 14:11:12.190,1.03823,1.03837,1.00,1.51
2016.08.04 14:11:12.395,1.03823,1.03837,1.50,1.51
2016.08.04 14:11:12.589,1.03821,1.03836,1.33,1.69
2016.08.04 14:11:12.641,1.03821,1.03836,1.33,1.69
2016.08.04 14:11:12.845,1.03821,1.03836,1.00,1.93
2016.08.04 14:11:12.897,1.03822,1.03837,1.12,1.93
2016.08.04 14:11:12.949,1.03822,1.03837,1.00,2.44
2016.08.04 14:11:13.000,1.03822,1.03835,1.00,1.19
2016.08.04 14:11:13.052,1.03822,1.03835,1.00,1.19
2016.08.04 14:11:13.103,1.03822,1.03835,1.00,1.19
2016.08.04 14:11:13.205,1.03822,1.03835,1.00,1.69
2016.08.04 14:11:13.719,1.03822,1.03834,1.00,1.25
2016.08.04 14:11:14.105,1.03821,1.03836,1.87,1.69
2016.08.04 14:11:14.156,1.03821,1.03836,2.25,1.69
2016.08.04 14:11:14.207,1.03822,1.03836,1.50,1.69
2016.08.04 14:11:14.259,1.03822,1.03836,1.87,1.69
2016.08.04 14:11:14.310,1.03822,1.03836,2.62,1.19
2016.08.04 14:11:14.602,1.03822,1.03839,2.25,5.31
2016.08.04 14:11:14.654,1.03822,1.03839,2.25,4.56
2016.08.04 14:11:14.705,1.03823,1.03839,1.12,5.31
2016.08.04 14:11:14.756,1.03823,1.03839,1.37,5.31
2016.08.04 14:11:15.079,1.03823,1.03839,1.00,5.31
2016.08.04 14:11:15.426,1.03823,1.03839,1.00,5.06
2016.08.04 14:11:16.856,1.03823,1.03839,1.00,4.31
2016.08.04 14:11:18.037,1.03823,1.03839,1.50,3.81
2016.08.04 14:11:18.088,1.03824,1.03837,1.50,1.19
2016.08.04 14:11:18.241,1.03824,1.03837,2.25,1.19
2016.08.04 14:11:18.292,1.03827,1.03839,1.00,2.31
2016.08.04 14:11:18.343,1.03827,1.03839,1.00,2.06
2016.08.04 14:11:18.478,1.03832,1.03841,1.00,2.14
2016.08.04 14:11:18.530,1.03832,1.03845,1.00,2.59
2016.08.04 14:11:18.581,1.03832,1.03845,1.00,1.39
2016.08.04 14:11:19.485,1.03832,1.03845,1.87,1.39
2016.08.04 14:11:19.670,1.03833,1.03845,1.00,1.39
2016.08.04 14:11:19.721,1.03836,1.03846,1.00,1.46
2016.08.04 14:11:19.773,1.03836,1.03846,1.00,1.34
2016.08.04 14:11:19.824,1.03832,1.03845,1.00,1.19
2016.08.04 14:11:19.927,1.03831,1.03846,1.00,2.06
2016.08.04 14:11:19.978,1.03831,1.03846,1.00,1.31
2016.08.04 14:11:20.029,1.03833,1.03845,1.00,1.25
2016.08.04 14:11:20.496,1.03833,1.03846,1.00,1.19
2016.08.04 14:11:20.548,1.03833,1.03846,1.00,1.00
2016.08.04 14:11:20.650,1.03833,1.03846,1.00,1.19
2016.08.04 14:11:20.701,1.03832,1.03846,1.50,1.19
2016.08.04 14:11:20.865,1.03832,1.03846,2.25,1.19
2016.08.04 14:11:20.916,1.03833,1.03846,1.00,1.25
2016.08.04 14:11:20.967,1.03833,1.03846,1.50,1.25
2016.08.04 14:11:21.018,1.03835,1.03848,1.00,1.12
2016.08.04 14:11:21.069,1.03835,1.0385,1.37,1.84
2016.08.04 14:11:21.120,1.03837,1.0385,1.00,1.09
2016.08.04 14:11:21.172,1.03837,1.03851,1.00,1.34
2016.08.04 14:11:21.538,1.03836,1.03851,1.00,1.84
2016.08.04 14:11:21.589,1.03835,1.03851,1.12,2.59
2016.08.04 14:11:21.691,1.03836,1.03851,1.00,2.59
2016.08.04 14:11:21.742,1.03836,1.03851,1.50,1.84
2016.08.04 14:11:21.793,1.0384,1.03853,1.00,6.71
2016.08.04 14:11:21.844,1.0384,1.03853,1.00,2.59
2016.08.04 14:11:21.896,1.0384,1.03854,1.00,4.09
2016.08.04 14:11:21.947,1.0384,1.03854,1.00,1.19
2016.08.04 14:11:22.100,1.0384,1.03854,1.50,1.19
2016.08.04 14:11:22.202,1.0384,1.03855,1.00,1.39
2016.08.04 14:11:22.304,1.03842,1.03855,1.00,1.39
2016.08.04 14:11:22.455,1.03842,1.03858,1.00,1.84
2016.08.04 14:11:22.557,1.03842,1.03858,1.00,1.84
2016.08.04 14:11:22.892,1.03844,1.03858,1.00,1.84
2016.08.04 14:11:23.096,1.03844,1.03856,1.00,1.19
2016.08.04 14:11:23.255,1.03844,1.03856,1.50,1.19
2016.08.04 14:11:23.439,1.03845,1.03859,1.50,1.19
2016.08.04 14:11:23.490,1.03845,1.03859,3.00,1.19
2016.08.04 14:11:23.541,1.03846,1.03859,1.00,1.19
2016.08.04 14:11:23.643,1.03847,1.03861,1.00,1.37
2016.08.04 14:11:23.694,1.03849,1.03862,1.00,1.00
2016.08.04 14:11:23.796,1.03848,1.03861,1.00,1.00
2016.08.04 14:11:23.898,1.03846,1.03861,2.25,1.00
2016.08.04 14:11:23.949,1.03846,1.03861,1.00,1.62
2016.08.04 14:11:24.000,1.03846,1.03861,1.00,1.69
2016.08.04 14:11:24.051,1.03846,1.03861,1.50,1.69
2016.08.04 14:11:24.103,1.03846,1.03859,2.25,1.00
2016.08.04 14:11:24.155,1.03846,1.03859,1.50,1.00
2016.08.04 14:11:24.486,1.03846,1.03859,1.00,1.00
2016.08.04 14:11:24.590,1.03843,1.03858,1.12,1.00
2016.08.04 14:11:24.642,1.03843,1.03858,1.12,1.09
2016.08.04 14:11:24.694,1.03843,1.03858,1.12,1.09
2016.08.04 14:11:24.796,1.03842,1.03855,3.00,1.00
2016.08.04 14:11:24.847,1.03842,1.03855,2.62,1.00
2016.08.04 14:11:24.899,1.03843,1.03856,1.00,1.00
2016.08.04 14:11:25.053,1.03843,1.03856,1.00,1.00
2016.08.04 14:11:25.165,1.03843,1.03856,1.00,1.15
2016.08.04 14:11:25.216,1.03843,1.03857,1.00,3.52
2016.08.04 14:11:25.674,1.03843,1.03856,1.00,1.15
2016.08.04 14:11:25.725,1.03843,1.03856,1.19,1.15
2016.08.04 14:11:25.776,1.03843,1.03857,1.19,3.52
2016.08.04 14:11:25.878,1.03843,1.03857,1.19,2.02
2016.08.04 14:11:25.929,1.03844,1.03857,1.25,1.12
2016.08.04 14:11:25.980,1.03844,1.03858,1.25,1.37
2016.08.04 14:11:26.163,1.03844,1.03858,1.25,1.52
2016.08.04 14:11:26.265,1.03844,1.03858,1.00,1.52
2016.08.04 14:11:26.317,1.03842,1.03857,1.69,1.27
2016.08.04 14:11:26.522,1.03843,1.03858,1.50,1.52
2016.08.04 14:11:26.574,1.03847,1.03858,1.00,1.52
2016.08.04 14:11:26.625,1.03847,1.0386,1.00,3.52
2016.08.04 14:11:26.677,1.03847,1.0386,1.00,3.90
2016.08.04 14:11:26.728,1.03847,1.0386,1.50,3.90
2016.08.04 14:11:26.779,1.03847,1.0386,1.87,3.15
2016.08.04 14:11:26.830,1.03848,1.0386,1.00,3.15
2016.08.04 14:11:27.092,1.03848,1.0386,1.00,3.15
2016.08.04 14:11:27.547,1.03848,1.0386,1.00,3.90
2016.08.04 14:11:27.736,1.03848,1.0386,1.00,2.40
2016.08.04 14:11:27.787,1.03848,1.0386,1.00,1.65
2016.08.04 14:11:27.934,1.03848,1.0386,1.00,2.40
2016.08.04 14:11:28.087,1.03848,1.0386,1.00,1.65
2016.08.04 14:11:28.973,1.03852,1.03861,1.00,2.40
2016.08.04 14:11:29.025,1.03852,1.03861,1.00,2.40
2016.08.04 14:11:29.077,1.03852,1.03864,1.00,1.20
2016.08.04 14:11:29.128,1.03852,1.03865,1.00,1.80
2016.08.04 14:11:29.281,1.03851,1.03863,1.87,3.15
2016.08.04 14:11:29.383,1.03851,1.03865,1.87,4.05
2016.08.04 14:11:29.618,1.03851,1.03865,2.62,4.05
2016.08.04 14:11:29.881,1.03852,1.03866,1.00,4.05
2016.08.04 14:11:30.151,1.03852,1.03866,1.00,4.80
2016.08.04 14:11:30.771,1.03852,1.03865,1.00,2.02
2016.08.04 14:11:30.822,1.03854,1.03865,1.00,2.02
2016.08.04 14:11:30.873,1.03854,1.03865,1.00,1.27
2016.08.04 14:11:30.924,1.03853,1.03865,1.50,1.27
2016.08.04 14:11:30.975,1.03853,1.03866,1.50,1.15
2016.08.04 14:11:31.026,1.03853,1.03863,1.50,1.00
2016.08.04 14:11:31.128,1.03853,1.03867,1.50,1.15
2016.08.04 14:11:31.179,1.03853,1.03865,1.50,1.27
2016.08.04 14:11:31.230,1.03854,1.03865,1.00,2.02
2016.08.04 14:11:32.351,1.03854,1.03864,1.00,1.15
2016.08.04 14:11:32.453,1.03854,1.03865,1.00,2.02
2016.08.04 14:11:32.730,1.03854,1.03865,1.00,1.27
2016.08.04 14:11:32.791,1.03852,1.03865,1.00,2.02
2016.08.04 14:11:32.843,1.0385,1.03864,1.50,1.20
2016.08.04 14:11:32.945,1.0385,1.03866,1.50,1.65
2016.08.04 14:11:32.996,1.0385,1.03866,1.00,2.40
2016.08.04 14:11:33.047,1.0385,1.03865,1.00,1.27
2016.08.04 14:11:33.098,1.0385,1.03865,1.00,1.65
2016.08.04 14:11:33.149,1.03849,1.03862,1.00,1.15
2016.08.04 14:11:33.578,1.03848,1.03862,1.00,1.27
2016.08.04 14:11:33.629,1.03848,1.03862,1.00,2.77
2016.08.04 14:11:33.731,1.03847,1.03862,1.00,2.02
2016.08.04 14:11:33.835,1.03846,1.03862,2.25,2.02
2016.08.04 14:11:34.060,1.03846,1.03862,2.25,2.02
2016.08.04 14:11:34.111,1.03846,1.03862,1.50,2.77
2016.08.04 14:11:34.284,1.03846,1.03862,2.25,2.02
2016.08.04 14:11:34.335,1.03846,1.0386,2.25,1.15
2016.08.04 14:11:34.496,1.03844,1.03858,1.00,2.40
2016.08.04 14:11:34.548,1.03843,1.03855,1.12,1.00
2016.08.04 14:11:34.599,1.03843,1.03855,1.00,1.00
2016.08.04 14:11:35.620,1.03843,1.03855,1.00,1.20
2016.08.04 14:11:36.123,1.03844,1.03856,1.00,1.15
2016.08.04 14:11:36.276,1.03844,1.03856,1.00,1.00
2016.08.04 14:11:36.328,1.03844,1.03858,1.00,1.65
2016.08.04 14:11:36.430,1.03845,1.03859,1.00,1.90
2016.08.04 14:11:36.532,1.03844,1.03858,1.00,1.65
2016.08.04 14:11:36.583,1.03844,1.03858,1.00,2.77
2016.08.04 14:11:36.737,1.03844,1.03858,1.00,3.52
2016.08.04 14:11:36.941,1.03843,1.03858,1.50,2.77
2016.08.04 14:11:37.043,1.03844,1.03859,1.00,1.90
2016.08.04 14:11:37.094,1.03844,1.03859,1.00,1.52
2016.08.04 14:11:37.146,1.03844,1.0386,1.00,1.15
2016.08.04 14:11:37.249,1.03844,1.0386,1.00,1.07
2016.08.04 14:11:37.299,1.03844,1.0386,1.19,1.07
2016.08.04 14:11:37.588,1.03844,1.03861,1.69,3.45
2016.08.04 14:11:37.823,1.03846,1.0386,1.25,1.07
2016.08.04 14:11:37.875,1.03847,1.0386,1.00,1.07
2016.08.04 14:11:37.928,1.03847,1.03861,1.00,3.45
2016.08.04 14:11:38.031,1.03847,1.03861,1.00,1.95
2016.08.04 14:11:38.086,1.03847,1.03861,1.00,1.95
2016.08.04 14:11:38.138,1.03847,1.03861,1.12,1.95
2016.08.04 14:11:38.189,1.03847,1.03861,1.12,1.87
2016.08.04 14:11:38.342,1.03847,1.03861,1.00,1.87
2016.08.04 14:11:38.546,1.03847,1.03861,1.00,2.62
2016.08.04 14:11:39.196,1.03846,1.0386,1.87,1.00
2016.08.04 14:11:39.248,1.03845,1.0386,1.50,1.00
2016.08.04 14:11:39.299,1.03845,1.03861,1.00,3.75
2016.08.04 14:11:39.351,1.03845,1.03859,1.00,1.80
2016.08.04 14:11:39.402,1.03845,1.03859,1.00,2.17
2016.08.04 14:11:39.556,1.03845,1.03859,1.00,1.12
2016.08.04 14:11:41.501,1.03845,1.03859,1.12,1.12
2016.08.04 14:11:41.819,1.03845,1.03859,1.87,1.12
2016.08.04 14:11:41.870,1.03845,1.03861,1.12,3.00
2016.08.04 14:11:42.212,1.03845,1.03861,1.00,3.75
2016.08.04 14:11:42.314,1.03844,1.03861,2.81,3.75
2016.08.04 14:11:42.521,1.03844,1.03861,2.81,3.00
2016.08.04 14:11:42.813,1.03844,1.03861,2.81,3.75
2016.08.04 14:11:44.354,1.03844,1.03861,2.81,3.00
2016.08.04 14:11:44.794,1.03844,1.03861,2.44,3.00
2016.08.04 14:11:44.845,1.03844,1.03861,2.44,3.75
2016.08.04 14:11:44.896,1.03844,1.0386,1.69,1.80
2016.08.04 14:11:44.948,1.03843,1.03859,1.69,1.12
2016.08.04 14:11:45.202,1.03843,1.03859,1.87,1.12
2016.08.04 14:11:45.398,1.03843,1.03859,2.06,1.12
2016.08.04 14:11:45.454,1.03843,1.03859,2.44,1.12
2016.08.04 14:11:45.733,1.03843,1.03859,1.87,1.12
2016.08.04 14:11:45.834,1.03844,1.03859,1.00,1.12
2016.08.04 14:11:46.176,1.03847,1.03859,1.00,1.12
2016.08.04 14:11:46.329,1.03847,1.03859,1.50,1.12
2016.08.04 14:11:46.533,1.03847,1.03859,1.00,1.12
2016.08.04 14:11:47.068,1.03846,1.03859,1.00,1.12
2016.08.04 14:11:47.119,1.03845,1.03859,1.50,1.12
2016.08.04 14:11:47.738,1.03845,1.0386,3.00,2.55
2016.08.04 14:11:47.840,1.03845,1.03859,2.62,1.12
2016.08.04 14:11:47.942,1.03845,1.03859,3.00,1.12
2016.08.04 14:11:47.993,1.03845,1.03859,3.37,1.12
2016.08.04 14:11:48.045,1.03847,1.0386,1.00,1.80
2016.08.04 14:11:48.096,1.03847,1.03861,1.00,1.75
2016.08.04 14:11:48.147,1.03847,1.03861,1.00,2.25
2016.08.04 14:11:48.198,1.03847,1.03861,1.00,2.25
2016.08.04 14:11:48.351,1.03847,1.03861,1.50,3.37
2016.08.04 14:11:48.402,1.03847,1.03861,2.62,3.37
2016.08.04 14:11:48.548,1.03848,1.03861,1.00,2.62
2016.08.04 14:11:48.600,1.03848,1.03861,1.00,2.62
2016.08.04 14:11:48.651,1.03848,1.03861,1.00,3.37
2016.08.04 14:11:48.703,1.03847,1.03861,1.00,3.37
2016.08.04 14:11:48.755,1.03848,1.03861,1.00,2.62
2016.08.04 14:11:48.806,1.03848,1.03861,1.12,2.62
2016.08.04 14:11:48.857,1.03845,1.03859,2.62,1.12
2016.08.04 14:11:48.908,1.03845,1.03859,2.25,1.12
2016.08.04 14:11:49.113,1.03847,1.03859,1.00,1.12
2016.08.04 14:11:49.164,1.03847,1.03861,1.50,1.75
2016.08.04 14:11:49.336,1.03848,1.03861,1.00,1.87
2016.08.04 14:11:49.439,1.03848,1.03861,1.50,1.87
2016.08.04 14:11:49.991,1.03848,1.03861,1.50,1.87
2016.08.04 14:11:50.263,1.03848,1.03861,1.00,1.12
2016.08.04 14:11:51.493,1.03848,1.03861,1.00,1.12
2016.08.04 14:11:51.787,1.03847,1.03859,1.50,1.00
2016.08.04 14:11:52.044,1.03848,1.03859,1.00,1.00
2016.08.04 14:11:52.096,1.03848,1.03859,1.50,1.00
2016.08.04 14:11:52.345,1.03848,1.03859,1.00,1.00
2016.08.04 14:11:52.488,1.03847,1.0386,1.00,1.50
2016.08.04 14:11:52.540,1.03847,1.0386,1.00,1.00
2016.08.04 14:11:52.745,1.03848,1.0386,1.00,1.00
2016.08.04 14:11:53.244,1.03848,1.0386,1.00,1.00
2016.08.04 14:11:54.390,1.0385,1.03861,1.00,1.12
2016.08.04 14:11:54.443,1.0385,1.03864,1.00,1.50
2016.08.04 14:11:54.591,1.0385,1.03865,1.50,2.25
2016.08.04 14:11:54.643,1.03851,1.03865,1.50,1.00
2016.08.04 14:11:54.747,1.03852,1.03865,1.00,1.00
2016.08.04 14:11:54.798,1.03852,1.03865,2.25,1.00
2016.08.04 14:11:55.003,1.03852,1.03866,2.25,1.12
2016.08.04 14:11:55.054,1.03852,1.03866,1.50,1.12
2016.08.04 14:11:55.347,1.03853,1.03866,1.00,1.12
2016.08.04 14:11:55.398,1.03853,1.03866,1.50,1.12
2016.08.04 14:11:55.748,1.03853,1.03866,1.00,1.12
2016.08.04 14:11:55.799,1.03852,1.03866,1.50,1.12
2016.08.04 14:11:56.998,1.03851,1.03866,1.50,1.12
2016.08.04 14:11:57.472,1.03851,1.03866,1.00,1.12
2016.08.04 14:11:57.574,1.0385,1.03866,2.25,1.12
2016.08.04 14:11:57.988,1.0385,1.03866,1.50,1.12
2016.08.04 14:11:58.089,1.03854,1.03866,1.00,1.12
2016.08.04 14:11:58.242,1.03854,1.03866,1.00,1.00
2016.08.04 14:11:58.293,1.03855,1.03868,1.00,1.00
2016.08.04 14:11:58.702,1.03856,1.03869,1.00,1.50
2016.08.04 14:11:58.753,1.03856,1.03869,1.50,1.00
2016.08.04 14:11:58.805,1.03857,1.03869,1.00,1.00
2016.08.04 14:11:58.856,1.03857,1.03871,1.00,2.62
2016.08.04 14:11:58.907,1.03857,1.03871,1.00,1.12
2016.08.04 14:11:59.162,1.03857,1.03872,1.00,2.12
2016.08.04 14:11:59.365,1.03857,1.03872,1.50,2.12
2016.08.04 14:11:59.545,1.03857,1.03871,1.00,1.12
2016.08.04 14:11:59.770,1.03857,1.03871,1.50,1.12
2016.08.04 14:12:00.037,1.03857,1.03871,1.00,1.12
2016.08.04 14:12:01.135,1.03857,1.03872,1.00,2.12
2016.08.04 14:12:02.336,1.03857,1.03872,1.50,1.33
2016.08.04 14:12:02.388,1.03857,1.03872,1.50,1.24
2016.08.04 14:12:02.835,1.03857,1.03872,1.00,1.24
2016.08.04 14:12:03.017,1.03857,1.0387,1.00,1.33
2016.08.04 14:12:04.236,1.03856,1.03871,1.50,1.37
2016.08.04 14:12:04.287,1.03856,1.0387,1.00,1.33
2016.08.04 14:12:04.338,1.03854,1.0387,3.56,1.33
2016.08.04 14:12:04.491,1.03856,1.03871,1.00,1.24
2016.08.04 14:12:04.543,1.03856,1.03871,1.50,1.24
2016.08.04 14:12:04.805,1.03856,1.0387,1.00,1.33
2016.08.04 14:12:05.088,1.03856,1.03869,1.00,1.00
2016.08.04 14:12:05.532,1.03854,1.03867,1.50,1.00
2016.08.04 14:12:05.685,1.03854,1.03867,1.87,1.00
2016.08.04 14:12:05.736,1.03855,1.03869,1.50,1.12
2016.08.04 14:12:05.787,1.03855,1.03869,1.50,1.00
2016.08.04 14:12:05.950,1.03857,1.03869,1.00,1.00
2016.08.04 14:12:06.471,1.03857,1.0387,1.00,1.00
2016.08.04 14:12:06.727,1.03861,1.03872,1.00,1.08
2016.08.04 14:12:06.780,1.03866,1.03874,1.00,1.75
2016.08.04 14:12:06.833,1.03866,1.03875,1.00,1.75
2016.08.04 14:12:06.965,1.0387,1.03875,1.50,1.37
2016.08.04 14:12:07.021,1.0387,1.03884,1.00,1.87
2016.08.04 14:12:07.072,1.0387,1.03884,1.37,1.00
2016.08.04 14:12:07.123,1.0387,1.03885,1.37,1.33
2016.08.04 14:12:07.174,1.0387,1.03885,1.00,1.37
2016.08.04 14:12:07.226,1.0387,1.03885,1.25,1.37
2016.08.04 14:12:07.277,1.03871,1.03885,1.00,1.37
2016.08.04 14:12:07.379,1.03871,1.03885,1.50,1.37
2016.08.04 14:12:07.430,1.03871,1.03887,1.50,3.43
2016.08.04 14:12:07.481,1.03873,1.03887,1.00,2.44
2016.08.04 14:12:07.532,1.03873,1.03887,1.00,2.00
2016.08.04 14:12:07.583,1.03873,1.03888,1.00,1.31
2016.08.04 14:12:07.635,1.03873,1.03888,1.00,1.69
2016.08.04 14:12:07.686,1.03871,1.03887,1.87,1.25
2016.08.04 14:12:07.795,1.03871,1.03887,1.50,2.00
2016.08.04 14:12:07.847,1.03871,1.03888,1.00,5.81
2016.08.04 14:12:07.898,1.03871,1.03888,1.00,4.69
2016.08.04 14:12:08.057,1.03872,1.03887,1.00,3.56
2016.08.04 14:12:08.108,1.03872,1.03887,1.00,3.94
2016.08.04 14:12:08.160,1.03872,1.03887,1.00,3.19
2016.08.04 14:12:08.211,1.03872,1.03887,1.00,3.00
2016.08.04 14:12:08.263,1.03871,1.03886,1.00,1.50
2016.08.04 14:12:08.314,1.03871,1.03886,1.00,1.87
2016.08.04 14:12:08.416,1.03871,1.03886,1.00,1.50
2016.08.04 14:12:08.664,1.03871,1.03885,1.00,1.37
2016.08.04 14:12:08.766,1.03869,1.03885,1.25,1.37
2016.08.04 14:12:08.868,1.03868,1.03885,1.69,1.37
2016.08.04 14:12:09.097,1.03868,1.03884,1.69,1.00
2016.08.04 14:12:09.148,1.03868,1.03884,1.69,1.00
2016.08.04 14:12:09.199,1.03868,1.03884,1.69,1.37
2016.08.04 14:12:09.250,1.03868,1.03884,1.25,1.87
2016.08.04 14:12:09.301,1.03868,1.03884,1.25,1.50
2016.08.04 14:12:09.455,1.03867,1.03884,1.69,1.50
2016.08.04 14:12:10.010,1.0387,1.03886,1.00,4.12
2016.08.04 14:12:10.061,1.0387,1.03886,1.00,2.62
2016.08.04 14:12:10.112,1.03871,1.03886,1.50,1.75
2016.08.04 14:12:10.164,1.03871,1.03886,2.25,1.75
2016.08.04 14:12:10.215,1.03872,1.03887,1.00,1.87
2016.08.04 14:12:10.266,1.03872,1.03887,1.00,1.50
2016.08.04 14:12:10.317,1.03872,1.03886,1.00,1.00
2016.08.04 14:12:10.473,1.03871,1.03885,1.00,1.87
2016.08.04 14:12:10.525,1.03869,1.03883,1.00,1.00
2016.08.04 14:12:10.577,1.03868,1.03883,1.37,1.00
2016.08.04 14:12:10.628,1.03868,1.03883,1.00,1.87
2016.08.04 14:12:10.731,1.03867,1.03883,1.25,1.87
2016.08.04 14:12:10.782,1.03867,1.03883,1.69,1.87
2016.08.04 14:12:10.936,1.03867,1.03883,1.00,2.62
2016.08.04 14:12:10.987,1.03867,1.03883,1.00,2.62
2016.08.04 14:12:11.176,1.03867,1.03883,1.50,1.87
2016.08.04 14:12:11.335,1.03867,1.03883,1.00,2.62
2016.08.04 14:12:11.438,1.03866,1.03882,1.50,1.12
2016.08.04 14:12:11.624,1.03868,1.03883,1.00,2.62
2016.08.04 14:12:11.675,1.03869,1.03883,1.00,1.87
2016.08.04 14:12:11.879,1.03868,1.03883,1.00,1.37
2016.08.04 14:12:12.236,1.03868,1.03883,1.50,1.37
2016.08.04 14:12:13.449,1.03869,1.03884,1.00,1.50
2016.08.04 14:12:13.551,1.0387,1.03885,1.00,2.25
2016.08.04 14:12:13.602,1.0387,1.03885,1.00,1.37
2016.08.04 14:12:13.654,1.03871,1.03886,1.50,1.50
2016.08.04 14:12:13.811,1.03872,1.03888,1.12,1.50
2016.08.04 14:12:13.862,1.03872,1.03888,2.25,1.50
2016.08.04 14:12:13.913,1.03872,1.03888,2.25,1.12
2016.08.04 14:12:13.964,1.03872,1.03888,1.50,1.12
2016.08.04 14:12:14.442,1.03872,1.03888,1.00,1.87
2016.08.04 14:12:14.646,1.03872,1.03888,1.50,1.12
2016.08.04 14:12:15.040,1.03873,1.03888,1.00,1.12
2016.08.04 14:12:15.327,1.03873,1.03888,1.00,1.00
2016.08.04 14:12:15.378,1.03872,1.03888,1.50,1.00
2016.08.04 14:12:15.429,1.03872,1.03889,2.25,3.72
2016.08.04 14:12:15.549,1.03873,1.03889,1.00,2.97
2016.08.04 14:12:15.600,1.03873,1.03889,1.00,2.25
2016.08.04 14:12:16.306,1.03872,1.03889,2.25,3.00
2016.08.04 14:12:16.458,1.03872,1.03889,2.25,2.25
2016.08.04 14:12:16.661,1.03872,1.03889,1.50,2.25
2016.08.04 14:12:16.712,1.03872,1.03889,2.25,1.50
2016.08.04 14:12:16.763,1.03874,1.03889,1.00,1.50
2016.08.04 14:12:16.866,1.03874,1.03889,2.62,1.50
2016.08.04 14:12:16.968,1.03876,1.03889,1.00,1.00
2016.08.04 14:12:17.172,1.03877,1.0389,1.00,1.37
2016.08.04 14:12:17.223,1.03877,1.03891,1.00,1.12
2016.08.04 14:12:17.764,1.03877,1.0389,1.00,1.00
2016.08.04 14:12:17.874,1.03877,1.0389,1.00,1.12
2016.08.04 14:12:17.925,1.03876,1.0389,1.00,1.50
2016.08.04 14:12:18.028,1.03876,1.03889,1.00,1.00
2016.08.04 14:12:18.139,1.03875,1.03889,1.00,1.00
2016.08.04 14:12:18.343,1.03878,1.03893,1.50,2.97
2016.08.04 14:12:18.394,1.03878,1.03893,1.50,1.87
2016.08.04 14:12:18.711,1.03878,1.03893,2.25,1.87
2016.08.04 14:12:18.762,1.03879,1.03891,1.00,1.12
2016.08.04 14:12:18.813,1.03878,1.03891,1.00,1.12
2016.08.04 14:12:18.865,1.03877,1.03891,1.00,1.12
2016.08.04 14:12:19.576,1.03877,1.03889,1.50,1.00
2016.08.04 14:12:20.167,1.03877,1.03889,2.25,1.00
2016.08.04 14:12:20.270,1.03878,1.0389,1.00,1.00
2016.08.04 14:12:20.372,1.03877,1.03889,1.00,1.00
2016.08.04 14:12:20.655,1.03875,1.0389,1.00,1.00
2016.08.04 14:12:20.758,1.03876,1.03888,1.00,1.00
2016.08.04 14:12:20.860,1.03876,1.0389,1.00,1.00
2016.08.04 14:12:20.911,1.03877,1.0389,1.00,1.00
2016.08.04 14:12:20.962,1.03878,1.03891,1.00,1.12
2016.08.04 14:12:21.013,1.03878,1.03891,1.00,1.00
2016.08.04 14:12:21.064,1.03877,1.03893,1.00,1.12
2016.08.04 14:12:21.115,1.03877,1.03893,1.00,1.00
2016.08.04 14:12:21.560,1.03877,1.03893,1.50,1.00
2016.08.04 14:12:21.775,1.03878,1.03894,1.00,1.87
2016.08.04 14:12:21.927,1.03878,1.03894,1.00,2.62
2016.08.04 14:12:23.137,1.03878,1.03894,1.00,2.25
2016.08.04 14:12:23.238,1.03878,1.03894,1.00,1.87
2016.08.04 14:12:23.442,1.03878,1.03893,1.00,1.00
2016.08.04 14:12:23.543,1.03876,1.03887,1.69,1.00
2016.08.04 14:12:23.594,1.03876,1.03887,1.00,1.00
2016.08.04 14:12:23.645,1.03875,1.03887,1.37,1.00
2016.08.04 14:12:23.696,1.03875,1.03887,1.00,1.00
2016.08.04 14:12:23.886,1.03873,1.03889,2.25,1.00
2016.08.04 14:12:23.937,1.03873,1.03889,2.25,1.12
2016.08.04 14:12:24.039,1.03873,1.03889,2.25,1.87
2016.08.04 14:12:24.091,1.03873,1.03888,2.25,1.00
2016.08.04 14:12:24.143,1.03873,1.03888,1.50,1.00
2016.08.04 14:12:24.195,1.03876,1.03889,1.00,1.25
2016.08.04 14:12:24.246,1.03876,1.0389,1.00,1.19
2016.08.04 14:12:24.348,1.03876,1.0389,1.00,1.00
2016.08.04 14:12:24.817,1.03876,1.03891,1.00,1.12
2016.08.04 14:12:24.869,1.03877,1.03891,1.50,1.87
2016.08.04 14:12:24.971,1.03876,1.03891,1.00,1.12
2016.08.04 14:12:25.023,1.03876,1.03891,1.50,1.12
2016.08.04 14:12:25.074,1.03876,1.0389,2.25,1.00
2016.08.04 14:12:25.284,1.03876,1.0389,1.87,1.00
2016.08.04 14:12:25.336,1.03876,1.0389,2.06,1.00
2016.08.04 14:12:25.387,1.03877,1.03891,1.00,1.87
2016.08.04 14:12:25.439,1.03877,1.03891,1.00,1.50
2016.08.04 14:12:25.490,1.03876,1.03891,1.69,1.00
2016.08.04 14:12:25.644,1.03876,1.03892,1.69,1.50
2016.08.04 14:12:25.784,1.03877,1.03891,1.00,1.00
2016.08.04 14:12:26.192,1.03877,1.0389,1.00,1.00
2016.08.04 14:12:26.999,1.03876,1.0389,1.50,1.00
2016.08.04 14:12:27.152,1.03876,1.0389,2.25,1.00
2016.08.04 14:12:27.203,1.03876,1.0389,1.87,1.00
2016.08.04 14:12:27.254,1.03876,1.0389,1.00,1.00
2016.08.04 14:12:27.356,1.03874,1.0389,3.56,1.00
2016.08.04 14:12:27.509,1.03874,1.0389,3.19,1.00
2016.08.04 14:12:27.763,1.03874,1.0389,2.44,1.00
2016.08.04 14:12:28.063,1.03876,1.03892,1.00,1.50
2016.08.04 14:12:28.372,1.03876,1.03892,1.50,1.50
2016.08.04 14:12:28.651,1.03876,1.03892,1.00,1.12
2016.08.04 14:12:28.702,1.03876,1.03892,1.00,2.35
2016.08.04 14:12:28.804,1.03876,1.0389,1.00,1.00
2016.08.04 14:12:28.959,1.03875,1.0389,1.12,1.87
2016.08.04 14:12:29.011,1.03873,1.03889,1.50,1.50
2016.08.04 14:12:29.062,1.03873,1.03888,1.12,1.12
2016.08.04 14:12:29.113,1.03872,1.03888,1.00,1.12
2016.08.04 14:12:29.234,1.03872,1.03889,1.00,2.62
2016.08.04 14:12:29.627,1.03872,1.03889,2.25,2.81
2016.08.04 14:12:29.678,1.03872,1.03886,1.50,1.00
2016.08.04 14:12:29.729,1.03874,1.03886,1.00,1.00
2016.08.04 14:12:29.948,1.03872,1.03886,1.00,1.00
2016.08.04 14:12:30.209,1.03872,1.03885,1.50,1.00
2016.08.04 14:12:30.261,1.03874,1.03887,1.00,1.25
2016.08.04 14:12:30.312,1.03874,1.03887,1.00,1.00
2016.08.04 14:12:30.465,1.03874,1.0389,1.87,1.69
2016.08.04 14:12:30.567,1.03875,1.03888,1.00,1.00
2016.08.04 14:12:30.618,1.03875,1.03888,1.00,1.69
2016.08.04 14:12:30.669,1.03873,1.03886,1.50,1.00
2016.08.04 14:12:31.202,1.03874,1.03888,1.00,1.31
2016.08.04 14:12:31.253,1.03875,1.03888,1.00,1.31
2016.08.04 14:12:31.304,1.03875,1.03889,1.00,2.44
2016.08.04 14:12:31.410,1.03875,1.03889,1.00,1.62
2016.08.04 14:12:31.461,1.03876,1.0389,1.50,1.19
2016.08.04 14:12:31.563,1.03877,1.03891,1.00,2.81
2016.08.04 14:12:31.963,1.03877,1.03891,1.00,2.06
2016.08.04 14:12:32.483,1.03878,1.03891,1.00,1.00
2016.08.04 14:12:32.586,1.03879,1.03893,1.00,1.25
2016.08.04 14:12:32.638,1.0388,1.03893,1.00,1.25
2016.08.04 14:12:32.689,1.03883,1.03894,1.00,1.41
2016.08.04 14:12:32.836,1.0388,1.03894,1.87,1.22
2016.08.04 14:12:32.891,1.03882,1.03894,1.00,1.22
2016.08.04 14:12:33.043,1.03881,1.03894,1.50,1.22
2016.08.04 14:12:33.248,1.03881,1.03894,1.00,1.22
2016.08.04 14:12:33.451,1.03881,1.03896,1.00,2.91
2016.08.04 14:12:34.137,1.03881,1.03896,1.00,3.66
2016.08.04 14:12:34.572,1.03881,1.03896,1.50,2.91
2016.08.04 14:12:34.623,1.03881,1.03896,1.50,1.69
2016.08.04 14:12:34.881,1.03881,1.03896,2.25,1.69
2016.08.04 14:12:35.133,1.03881,1.03896,1.50,1.69
2016.08.04 14:12:36.014,1.03881,1.03891,1.00,1.00
2016.08.04 14:12:36.066,1.03878,1.03891,3.00,1.00
2016.08.04 14:12:36.117,1.03878,1.03892,1.50,1.00
2016.08.04 14:12:36.219,1.03877,1.03892,1.37,1.00
2016.08.04 14:12:36.577,1.03876,1.03892,4.50,1.00
2016.08.04 14:12:36.628,1.03876,1.03892,3.75,1.00
2016.08.04 14:12:36.781,1.03877,1.03891,1.37,1.50
2016.08.04 14:12:36.832,1.03877,1.03891,1.37,2.72
2016.08.04 14:12:36.883,1.03877,1.03889,1.00,1.00
2016.08.04 14:12:37.101,1.03877,1.03889,1.00,1.00
2016.08.04 14:12:37.574,1.03877,1.03889,1.00,1.50
2016.08.04 14:12:37.625,1.03877,1.03888,1.00,1.00
2016.08.04 14:12:37.843,1.03877,1.03889,1.00,2.25
2016.08.04 14:12:38.349,1.03877,1.03888,1.00,1.00
2016.08.04 14:12:38.400,1.03877,1.03888,1.00,1.00
2016.08.04 14:12:38.451,1.03877,1.03889,1.50,2.25
2016.08.04 14:12:38.603,1.03877,1.03889,2.25,2.25
2016.08.04 14:12:38.791,1.03877,1.03889,1.50,2.25
2016.08.04 14:12:38.943,1.03877,1.03889,1.50,1.00
2016.08.04 14:12:39.074,1.03877,1.03889,1.00,1.00
2016.08.04 14:12:39.280,1.03876,1.0389,1.50,1.00
2016.08.04 14:12:39.332,1.03877,1.0389,1.00,1.00
2016.08.04 14:12:39.487,1.03877,1.03891,1.50,2.25
2016.08.04 14:12:39.590,1.03877,1.0389,1.87,1.00
2016.08.04 14:12:39.692,1.03878,1.0389,1.00,1.00
2016.08.04 14:12:40.117,1.03879,1.03891,1.00,1.50
2016.08.04 14:12:40.220,1.03878,1.03892,1.00,1.25
2016.08.04 14:12:40.271,1.03878,1.03893,1.00,1.46
2016.08.04 14:12:40.322,1.03878,1.03893,1.50,2.21
2016.08.04 14:12:40.374,1.03878,1.03892,1.50,1.46
2016.08.04 14:12:40.425,1.03878,1.03891,1.50,1.19
2016.08.04 14:12:40.614,1.03879,1.03892,1.00,2.21
2016.08.04 14:12:40.665,1.03879,1.03892,1.00,1.46
2016.08.04 14:12:41.152,1.03879,1.03892,1.00,2.21
2016.08.04 14:12:41.304,1.03879,1.03892,1.00,2.02
2016.08.04 14:12:41.852,1.03879,1.03892,1.00,1.27
2016.08.04 14:12:41.910,1.03879,1.03892,1.00,1.52
2016.08.04 14:12:42.013,1.03879,1.03893,1.00,2.02
2016.08.04 14:12:42.065,1.03879,1.03893,1.50,1.52
2016.08.04 14:12:42.167,1.03879,1.03893,1.50,1.52
2016.08.04 14:12:42.218,1.03881,1.03893,1.00,2.02
2016.08.04 14:12:42.268,1.03881,1.03893,1.00,1.52
2016.08.04 14:12:42.319,1.03881,1.03894,1.00,1.84
2016.08.04 14:12:42.370,1.03881,1.03895,1.00,2.21
2016.08.04 14:12:42.422,1.03882,1.03895,1.00,1.77
2016.08.04 14:12:42.473,1.03882,1.03894,1.00,1.27
2016.08.04 14:12:42.632,1.0388,1.03894,1.00,1.27
2016.08.04 14:12:42.734,1.0388,1.03894,1.50,1.27
2016.08.04 14:12:42.939,1.03881,1.03895,1.50,1.77
2016.08.04 14:12:43.248,1.03881,1.03894,1.50,1.27
2016.08.04 14:12:43.749,1.03881,1.03896,1.50,2.96
2016.08.04 14:12:44.300,1.03881,1.03896,1.00,2.96
2016.08.04 14:12:44.402,1.03885,1.03896,1.00,1.71
2016.08.04 14:12:44.455,1.03885,1.03897,1.00,1.84
2016.08.04 14:12:44.611,1.03886,1.03898,1.00,1.52
2016.08.04 14:12:44.918,1.03885,1.03897,1.00,2.02
2016.08.04 14:12:44.969,1.03884,1.03895,1.00,1.52
2016.08.04 14:12:45.071,1.03885,1.03894,1.00,1.27
2016.08.04 14:12:45.702,1.03886,1.03894,1.00,1.27
2016.08.04 14:12:46.470,1.03886,1.03896,1.00,2.21
2016.08.04 14:12:46.970,1.03885,1.03895,1.00,1.52
2016.08.04 14:12:47.200,1.03884,1.03896,1.00,1.00
2016.08.04 14:12:47.251,1.03884,1.03897,1.00,2.44
2016.08.04 14:12:47.302,1.03883,1.03895,1.00,1.00
2016.08.04 14:12:47.354,1.03883,1.03895,1.00,1.00
2016.08.04 14:12:47.405,1.03882,1.03895,1.00,1.00
2016.08.04 14:12:47.457,1.03882,1.03892,1.00,1.00
2016.08.04 14:12:47.508,1.0388,1.03892,1.50,1.00
2016.08.04 14:12:47.560,1.0388,1.03892,1.00,1.00
2016.08.04 14:12:47.766,1.03878,1.03892,1.37,1.00
2016.08.04 14:12:47.918,1.03878,1.03892,1.00,1.00
2016.08.04 14:12:48.071,1.03878,1.03892,1.50,1.00
2016.08.04 14:12:48.123,1.0388,1.03892,1.00,1.00
2016.08.04 14:12:48.277,1.0388,1.03892,1.00,1.50
2016.08.04 14:12:49.021,1.03878,1.0389,1.00,1.00
2016.08.04 14:12:49.072,1.03877,1.0389,1.12,1.00
2016.08.04 14:12:49.123,1.03877,1.03891,1.12,3.19
2016.08.04 14:12:49.174,1.03877,1.0389,1.12,1.00
2016.08.04 14:12:49.226,1.03878,1.0389,1.00,1.00
2016.08.04 14:12:49.277,1.03878,1.03891,1.00,1.69
2016.08.04 14:12:49.789,1.03878,1.03891,1.00,1.25
2016.08.04 14:12:49.841,1.03879,1.03891,1.00,1.25
2016.08.04 14:12:50.288,1.0388,1.03893,1.12,1.19
2016.08.04 14:12:50.339,1.0388,1.03893,1.12,1.25
2016.08.04 14:12:50.390,1.0388,1.03891,1.12,1.00
2016.08.04 14:12:50.441,1.03879,1.03889,1.50,1.00
2016.08.04 14:12:50.544,1.03877,1.03889,2.62,1.00
2016.08.04 14:12:50.595,1.03877,1.03889,1.87,1.00
2016.08.04 14:12:50.646,1.03877,1.03889,1.12,1.50
2016.08.04 14:12:50.698,1.03875,1.03889,3.00,1.50
2016.08.04 14:12:50.749,1.03875,1.03889,2.25,1.00
2016.08.04 14:12:50.851,1.03875,1.03889,2.25,1.50
2016.08.04 14:12:50.972,1.03875,1.03889,1.50,1.50
2016.08.04 14:12:51.023,1.03876,1.03889,1.12,1.00
2016.08.04 14:12:51.363,1.03876,1.03887,1.12,1.00
2016.08.04 14:12:51.415,1.03873,1.03887,1.75,1.25
2016.08.04 14:12:51.466,1.03872,1.03886,1.87,1.00
2016.08.04 14:12:51.871,1.03872,1.03886,1.87,1.50
2016.08.04 14:12:52.023,1.03872,1.03886,1.87,1.00
2016.08.04 14:12:52.263,1.03872,1.03886,2.62,1.00
2016.08.04 14:12:52.573,1.03872,1.03887,2.62,1.50
2016.08.04 14:12:53.270,1.03873,1.0389,1.37,2.44
2016.08.04 14:12:53.474,1.03873,1.0389,1.37,3.19
2016.08.04 14:12:53.728,1.03874,1.0389,1.12,2.44
2016.08.04 14:12:53.830,1.03874,1.03889,1.12,1.19
2016.08.04 14:12:54.080,1.03874,1.03889,1.12,1.00
2016.08.04 14:12:55.035,1.03874,1.03889,1.87,1.00
2016.08.04 14:12:55.472,1.03874,1.03889,1.87,1.50
2016.08.04 14:12:55.810,1.03875,1.03889,1.00,1.50
2016.08.04 14:12:56.065,1.03876,1.03889,1.00,1.50
2016.08.04 14:12:56.167,1.03876,1.03888,1.00,1.00
2016.08.04 14:12:56.483,1.03876,1.03888,1.00,1.00
2016.08.04 14:12:56.534,1.03875,1.03888,1.00,1.50
2016.08.04 14:12:56.941,1.03874,1.03888,1.87,1.00
2016.08.04 14:12:57.533,1.03875,1.03888,1.00,1.00
2016.08.04 14:12:57.738,1.03877,1.03888,1.00,1.00
2016.08.04 14:12:57.841,1.03878,1.03888,1.87,1.00
2016.08.04 14:12:57.892,1.03879,1.03888,1.12,1.00
2016.08.04 14:12:57.944,1.03883,1.03891,1.12,1.00
2016.08.04 14:12:57.995,1.03883,1.03891,1.87,1.00
2016.08.04 14:12:58.046,1.03885,1.03891,1.37,1.00
2016.08.04 14:12:58.262,1.03884,1.03899,1.00,1.00
2016.08.04 14:12:58.415,1.03884,1.03897,1.00,1.87
2016.08.04 14:12:58.466,1.03884,1.03894,1.00,1.00
2016.08.04 14:12:58.619,1.03878,1.03894,3.00,1.50
2016.08.04 14:12:58.772,1.03878,1.03894,3.00,1.69
2016.08.04 14:12:59.742,1.03878,1.03894,1.87,1.19
2016.08.04 14:12:59.793,1.03878,1.03894,1.50,1.19
2016.08.04 14:12:59.844,1.03879,1.03891,1.00,1.00
2016.08.04 14:13:00.018,1.03878,1.03892,1.00,1.25
2016.08.04 14:13:00.528,1.03878,1.03891,1.00,1.25
2016.08.04 14:13:01.352,1.03877,1.03891,1.00,1.25
2016.08.04 14:13:01.403,1.03877,1.0389,1.00,1.00
2016.08.04 14:13:01.455,1.03876,1.0389,1.00,1.50
2016.08.04 14:13:01.659,1.03875,1.0389,1.00,2.25
2016.08.04 14:13:01.761,1.03874,1.03889,4.50,1.00
2016.08.04 14:13:01.812,1.03874,1.03889,3.37,1.00
2016.08.04 14:13:01.863,1.03875,1.0389,1.00,2.25
2016.08.04 14:13:02.079,1.03875,1.0389,1.00,2.44
2016.08.04 14:13:02.571,1.03876,1.0389,1.00,1.69
2016.08.04 14:13:02.622,1.03876,1.0389,1.00,1.19
2016.08.04 14:13:02.673,1.03875,1.0389,1.00,1.69
2016.08.04 14:13:02.957,1.03875,1.0389,1.50,1.69
2016.08.04 14:13:03.059,1.03875,1.03887,1.00,1.69
2016.08.04 14:13:03.161,1.03874,1.03887,1.12,1.69
2016.08.04 14:13:03.213,1.03874,1.03887,1.00,1.69
2016.08.04 14:13:03.758,1.03873,1.03887,1.00,1.69
2016.08.04 14:13:04.611,1.03873,1.03887,1.00,2.44
2016.08.04 14:13:04.713,1.03873,1.03887,1.50,1.69
2016.08.04 14:13:04.764,1.03874,1.03887,1.00,1.25
2016.08.04 14:13:04.815,1.03874,1.03887,1.00,1.00
2016.08.04 14:13:04.866,1.03874,1.03887,1.00,1.50
2016.08.04 14:13:05.860,1.03873,1.03887,1.00,1.50
2016.08.04 14:13:06.321,1.03873,1.03886,1.00,1.00
2016.08.04 14:13:06.372,1.03871,1.03886,1.50,1.50
2016.08.04 14:13:06.423,1.03871,1.03886,1.00,2.62
2016.08.04 14:13:06.474,1.03871,1.03886,1.00,2.81
2016.08.04 14:13:06.861,1.0387,1.03885,1.00,1.50
2016.08.04 14:13:06.963,1.03871,1.03883,1.00,1.00
2016.08.04 14:13:07.276,1.03871,1.03884,1.00,1.25
2016.08.04 14:13:07.638,1.03873,1.03885,1.00,2.44
2016.08.04 14:13:07.793,1.03873,1.03885,1.00,1.69
2016.08.04 14:13:07.844,1.03874,1.03886,1.00,1.19
2016.08.04 14:13:08.755,1.03871,1.03885,1.00,1.69
2016.08.04 14:13:08.858,1.03872,1.03885,1.00,1.19
2016.08.04 14:13:09.276,1.03872,1.03885,1.00,1.69
2016.08.04 14:13:09.481,1.03871,1.03884,1.00,1.19
2016.08.04 14:13:11.281,1.03873,1.03885,1.00,1.71
2016.08.04 14:13:11.333,1.03873,1.03886,1.00,1.71
2016.08.04 14:13:11.385,1.03875,1.03885,1.50,1.71
2016.08.04 14:13:11.436,1.03875,1.03885,2.25,1.00
2016.08.04 14:13:11.488,1.03879,1.03889,1.00,1.09
2016.08.04 14:13:11.540,1.03879,1.03889,1.00,1.19
2016.08.04 14:13:11.591,1.03879,1.03889,1.00,1.69
2016.08.04 14:13:11.642,1.03877,1.03889,1.00,2.21
2016.08.04 14:13:11.897,1.03877,1.03889,1.00,1.71
2016.08.04 14:13:12.071,1.03875,1.03889,1.00,1.71
2016.08.04 14:13:12.628,1.03876,1.03889,1.00,1.71
2016.08.04 14:13:12.832,1.03875,1.03889,1.00,1.46
2016.08.04 14:13:12.883,1.03877,1.0389,1.00,1.71
2016.08.04 14:13:13.148,1.03877,1.03891,1.00,2.21
2016.08.04 14:13:13.593,1.03878,1.0389,1.00,1.71
2016.08.04 14:13:13.695,1.03878,1.03889,1.00,1.46
2016.08.04 14:13:13.848,1.03879,1.03889,1.00,1.00
2016.08.04 14:13:14.003,1.03882,1.03893,1.00,1.31
2016.08.04 14:13:14.054,1.03882,1.03894,1.00,1.39
2016.08.04 14:13:14.106,1.03882,1.03894,1.00,1.20
2016.08.04 14:13:14.157,1.03884,1.03896,1.00,1.25
2016.08.04 14:13:14.208,1.03884,1.03896,1.00,1.19
2016.08.04 14:13:14.714,1.03883,1.03895,1.00,1.19
2016.08.04 14:13:14.867,1.03881,1.03896,1.00,1.19
2016.08.04 14:13:14.933,1.03881,1.03896,1.00,1.69
2016.08.04 14:13:15.133,1.03881,1.03896,1.00,1.19
2016.08.04 14:13:15.184,1.03883,1.03895,1.00,1.31
2016.08.04 14:13:15.461,1.03881,1.03896,1.00,2.44
2016.08.04 14:13:15.563,1.03881,1.03895,1.00,1.19
2016.08.04 14:13:15.789,1.03881,1.03896,1.00,2.44
2016.08.04 14:13:15.905,1.03881,1.03895,1.00,1.19
2016.08.04 14:13:16.110,1.03881,1.03896,1.00,2.81
2016.08.04 14:13:16.393,1.03883,1.03893,1.00,1.19
2016.08.04 14:13:16.495,1.0388,1.03893,1.50,1.19
2016.08.04 14:13:16.547,1.0388,1.03893,1.00,2.21
2016.08.04 14:13:16.598,1.03879,1.03891,1.00,1.19
2016.08.04 14:13:16.649,1.03877,1.03891,1.87,1.46
2016.08.04 14:13:16.700,1.03877,1.03889,1.87,1.25
2016.08.04 14:13:16.752,1.03877,1.03889,1.00,1.25
2016.08.04 14:13:16.803,1.03875,1.03888,1.00,1.37
2016.08.04 14:13:16.855,1.03872,1.03883,1.00,1.00
2016.08.04 14:13:16.906,1.03872,1.03883,1.00,1.00
2016.08.04 14:13:16.957,1.03871,1.03886,2.25,1.69
2016.08.04 14:13:17.008,1.03871,1.03886,1.50,2.44
2016.08.04 14:13:17.166,1.03869,1.03883,1.33,1.00
2016.08.04 14:13:17.217,1.03869,1.03884,1.00,1.69
2016.08.04 14:13:17.268,1.03869,1.03884,1.00,1.25
2016.08.04 14:13:17.472,1.03869,1.03884,1.00,1.19
2016.08.04 14:13:17.574,1.03869,1.03885,1.00,1.39
2016.08.04 14:13:17.625,1.03869,1.03885,1.00,1.46
2016.08.04 14:13:17.676,1.03869,1.03884,1.00,1.19
2016.08.04 14:13:17.779,1.03869,1.03884,1.50,1.19
2016.08.04 14:13:18.065,1.03869,1.03885,1.50,1.84
2016.08.04 14:13:18.117,1.03869,1.03883,1.50,1.19
2016.08.04 14:13:18.299,1.03869,1.03884,1.00,1.19
2016.08.04 14:13:18.350,1.03869,1.03883,1.00,1.71
2016.08.04 14:13:18.401,1.03869,1.03883,1.00,2.21
2016.08.04 14:13:18.452,1.03869,1.03882,1.00,1.46
2016.08.04 14:13:18.503,1.03869,1.03882,1.00,1.46
2016.08.04 14:13:18.605,1.03868,1.03882,1.12,1.46
2016.08.04 14:13:18.907,1.03866,1.0388,1.75,1.19
2016.08.04 14:13:18.958,1.03866,1.03879,1.00,1.71
2016.08.04 14:13:19.112,1.03865,1.03879,1.50,1.71
2016.08.04 14:13:19.163,1.03865,1.0388,1.50,1.84
2016.08.04 14:13:19.215,1.03865,1.0388,1.50,1.46
2016.08.04 14:13:19.266,1.03867,1.03879,1.00,1.19
2016.08.04 14:13:19.674,1.03866,1.0388,1.00,1.71
2016.08.04 14:13:20.452,1.03866,1.03879,1.00,1.46
2016.08.04 14:13:20.715,1.03866,1.03881,1.00,1.39
2016.08.04 14:13:20.768,1.03867,1.03881,1.00,1.46
2016.08.04 14:13:21.366,1.0387,1.03882,1.00,2.59
2016.08.04 14:13:21.417,1.0387,1.03882,1.00,1.84
2016.08.04 14:13:21.468,1.0387,1.03881,1.00,1.27
2016.08.04 14:13:21.612,1.0387,1.03883,1.00,3.71
2016.08.04 14:13:21.665,1.0387,1.03884,1.00,1.46
2016.08.04 14:13:21.870,1.0387,1.03884,1.00,2.21
2016.08.04 14:13:21.972,1.0387,1.03884,1.00,2.96
2016.08.04 14:13:22.336,1.0387,1.03884,1.00,3.34
2016.08.04 14:13:22.457,1.0387,1.03884,1.00,1.84
2016.08.04 14:13:22.508,1.03867,1.03884,2.25,2.59
2016.08.04 14:13:22.661,1.03867,1.03884,2.25,2.96
2016.08.04 14:13:22.814,1.03867,1.03884,2.25,3.71
2016.08.04 14:13:22.865,1.03867,1.03883,1.50,1.19
2016.08.04 14:13:22.916,1.03867,1.03883,1.50,2.21
2016.08.04 14:13:22.967,1.03867,1.03882,1.50,2.06
2016.08.04 14:13:23.018,1.03867,1.03882,1.50,2.59
2016.08.04 14:13:23.069,1.03867,1.03881,1.00,1.46
2016.08.04 14:13:23.387,1.03867,1.03881,1.00,2.21
2016.08.04 14:13:23.692,1.03866,1.03881,1.00,2.96
2016.08.04 14:13:23.794,1.03866,1.03879,1.00,1.46
2016.08.04 14:13:23.856,1.03866,1.0388,1.00,1.71
2016.08.04 14:13:23.997,1.03866,1.03879,1.00,1.46
2016.08.04 14:13:24.520,1.03865,1.03879,1.12,1.46
2016.08.04 14:13:24.571,1.03865,1.0388,1.12,1.71
2016.08.04 14:13:26.271,1.03865,1.03881,1.12,3.71
2016.08.04 14:13:26.643,1.03865,1.0388,1.12,3.71
2016.08.04 14:13:26.695,1.03865,1.03877,1.12,1.25
2016.08.04 14:13:26.797,1.03865,1.03878,1.00,1.46
2016.08.04 14:13:26.901,1.03864,1.03878,1.50,1.46
2016.08.04 14:13:27.003,1.03865,1.03879,1.00,1.09
2016.08.04 14:13:27.054,1.03865,1.03879,1.00,1.39
2016.08.04 14:13:27.106,1.03865,1.03879,1.00,1.84
2016.08.04 14:13:27.157,1.03865,1.03879,1.00,2.96
2016.08.04 14:13:27.208,1.03862,1.03877,2.49,1.19
2016.08.04 14:13:27.259,1.03862,1.03877,1.12,2.59
2016.08.04 14:13:27.386,1.0386,1.03877,1.99,2.59
2016.08.04 14:13:27.438,1.03859,1.03875,1.37,1.46
2016.08.04 14:13:27.948,1.03859,1.03875,1.12,1.71
2016.08.04 14:13:28.000,1.03858,1.03875,1.37,2.21
2016.08.04 14:13:28.194,1.03858,1.03875,1.37,2.96
2016.08.04 14:13:28.245,1.03858,1.03874,1.37,1.46
2016.08.04 14:13:28.296,1.03859,1.03874,1.12,1.46
2016.08.04 14:13:28.347,1.03859,1.03874,1.87,1.46
2016.08.04 14:13:28.398,1.0386,1.03875,1.00,2.21
2016.08.04 14:13:28.552,1.0386,1.03875,1.50,2.21
2016.08.04 14:13:28.604,1.03861,1.03876,1.00,2.59
2016.08.04 14:13:28.656,1.03861,1.03876,1.00,3.34
2016.08.04 14:13:28.707,1.03862,1.03874,1.00,1.27
2016.08.04 14:13:28.810,1.03861,1.03873,1.00,1.00
2016.08.04 14:13:28.861,1.03861,1.03873,1.00,1.52
2016.08.04 14:13:28.964,1.03861,1.03873,1.00,2.02
2016.08.04 14:13:29.070,1.03861,1.03873,1.00,1.52
2016.08.04 14:13:29.121,1.03858,1.03873,2.62,1.71
2016.08.04 14:13:29.224,1.03859,1.03874,1.12,5.21
2016.08.04 14:13:29.275,1.03859,1.03874,1.12,5.21
2016.08.04 14:13:29.326,1.03861,1.03874,1.00,4.46
2016.08.04 14:13:29.835,1.03861,1.03874,1.00,1.46
2016.08.04 14:13:30.203,1.03861,1.03875,1.00,2.21
2016.08.04 14:13:31.240,1.03867,1.03875,1.00,1.69
2016.08.04 14:13:31.292,1.03868,1.03876,1.00,1.19
2016.08.04 14:13:31.344,1.03868,1.0388,1.00,1.12
2016.08.04 14:13:31.395,1.0387,1.03882,1.00,1.19
2016.08.04 14:13:31.497,1.03871,1.03884,1.00,1.19
2016.08.04 14:13:32.163,1.0387,1.03884,1.50,1.19
2016.08.04 14:13:32.885,1.0387,1.03884,1.50,1.19
2016.08.04 14:13:32.937,1.03873,1.03885,1.00,1.51
2016.08.04 14:13:33.041,1.03874,1.03886,1.00,1.43
2016.08.04 14:13:33.220,1.03872,1.03888,1.12,5.68
2016.08.04 14:13:33.308,1.03879,1.03888,1.00,4.93
2016.08.04 14:13:33.359,1.03876,1.03888,1.00,1.93
2016.08.04 14:13:33.410,1.03879,1.0389,1.12,1.43
2016.08.04 14:13:33.462,1.03879,1.03893,1.37,2.06
2016.08.04 14:13:33.513,1.03877,1.03893,2.49,1.31
2016.08.04 14:13:33.564,1.03877,1.03894,2.49,1.19
2016.08.04 14:13:34.311,1.03877,1.03893,2.49,1.19
2016.08.04 14:13:34.628,1.03877,1.03892,2.49,1.19
2016.08.04 14:13:34.973,1.03877,1.03893,2.25,1.19
2016.08.04 14:13:35.024,1.0388,1.03893,1.00,1.19
2016.08.04 14:13:36.029,1.0388,1.03893,1.00,1.51
2016.08.04 14:13:36.912,1.0388,1.03894,1.00,2.68
2016.08.04 14:13:37.847,1.03879,1.03893,1.12,1.51
2016.08.04 14:13:37.949,1.03879,1.03893,1.12,1.43
2016.08.04 14:13:38.401,1.03878,1.03893,1.50,1.43
2016.08.04 14:13:38.503,1.03879,1.03891,1.12,1.00
2016.08.04 14:13:38.749,1.03879,1.03891,1.12,1.33
2016.08.04 14:13:39.105,1.03879,1.03893,1.12,1.43
2016.08.04 14:13:39.157,1.03879,1.03893,1.12,1.19
2016.08.04 14:13:39.209,1.03882,1.03896,1.00,2.31
2016.08.04 14:13:39.260,1.03882,1.03896,1.00,1.31
2016.08.04 14:13:39.312,1.03884,1.03896,1.00,1.19
2016.08.04 14:13:39.525,1.03888,1.039,1.00,1.19
2016.08.04 14:13:39.629,1.03886,1.039,1.00,1.19
2016.08.04 14:13:39.733,1.03885,1.039,4.12,1.19
2016.08.04 14:13:39.785,1.03886,1.039,1.00,1.19
2016.08.04 14:13:39.887,1.03885,1.039,3.37,1.19
2016.08.04 14:13:40.143,1.03887,1.03899,1.00,1.19
2016.08.04 14:13:42.764,1.03887,1.03899,1.00,1.00
2016.08.04 14:13:42.815,1.03889,1.03902,1.00,1.08
2016.08.04 14:13:42.917,1.03889,1.03903,1.12,1.43
2016.08.04 14:13:43.069,1.03889,1.03903,1.12,1.43
2016.08.04 14:13:43.223,1.03888,1.039,1.37,1.00
2016.08.04 14:13:43.274,1.03888,1.039,1.37,1.33
2016.08.04 14:13:43.426,1.03887,1.039,1.50,1.33
2016.08.04 14:13:43.608,1.03887,1.039,1.37,1.33
2016.08.04 14:13:43.666,1.03886,1.03902,1.00,1.74
2016.08.04 14:13:44.433,1.03887,1.039,1.00,1.00
2016.08.04 14:13:45.668,1.03887,1.03902,1.00,1.74
2016.08.04 14:13:46.245,1.03886,1.03902,1.00,1.74
2016.08.04 14:13:46.383,1.03886,1.03902,1.00,2.49
2016.08.04 14:13:46.434,1.03887,1.039,1.00,1.25
2016.08.04 14:13:46.741,1.03887,1.039,1.00,1.18
2016.08.04 14:13:46.843,1.03887,1.039,1.00,1.25
2016.08.04 14:13:47.055,1.03887,1.03898,1.00,1.00
2016.08.04 14:13:47.157,1.03885,1.03899,1.50,1.00
2016.08.04 14:13:47.208,1.03885,1.03899,1.50,1.19
2016.08.04 14:13:47.259,1.03884,1.03899,2.25,1.19
2016.08.04 14:13:47.311,1.03884,1.03899,1.50,1.19
2016.08.04 14:13:47.414,1.03884,1.03899,2.25,1.19
2016.08.04 14:13:47.970,1.03885,1.03899,1.00,1.19
2016.08.04 14:13:48.175,1.03885,1.039,1.00,1.25
2016.08.04 14:13:48.227,1.03885,1.039,1.50,1.25
2016.08.04 14:13:48.278,1.03887,1.03899,1.00,1.00
2016.08.04 14:13:48.381,1.03887,1.03902,1.00,1.25
2016.08.04 14:13:48.534,1.03888,1.03904,1.50,3.81
2016.08.04 14:13:48.585,1.03888,1.03904,1.50,3.06
2016.08.04 14:13:48.701,1.03888,1.03904,2.25,2.44
2016.08.04 14:13:48.755,1.03889,1.03904,1.00,1.19
2016.08.04 14:13:48.909,1.0389,1.03905,1.00,1.69
2016.08.04 14:13:48.960,1.03892,1.03904,1.00,1.00
2016.08.04 14:13:51.593,1.03892,1.03903,1.00,1.00
2016.08.04 14:13:51.644,1.03891,1.03901,1.00,1.00
2016.08.04 14:13:51.695,1.03891,1.03901,1.00,1.19
2016.08.04 14:13:51.746,1.03886,1.03899,1.50,1.00
2016.08.04 14:13:51.797,1.03886,1.03899,1.50,1.25
2016.08.04 14:13:51.849,1.03885,1.03899,1.87,1.25
2016.08.04 14:13:51.951,1.03883,1.03898,2.25,1.00
2016.08.04 14:13:52.002,1.03883,1.03898,1.75,1.00
2016.08.04 14:13:52.053,1.03883,1.03895,1.50,1.00
2016.08.04 14:13:52.154,1.03883,1.03895,1.00,1.00
2016.08.04 14:13:52.373,1.03884,1.03897,1.00,1.69
2016.08.04 14:13:53.046,1.03888,1.03898,1.00,1.51
2016.08.04 14:13:53.097,1.03888,1.039,1.00,1.19
2016.08.04 14:13:53.148,1.03889,1.03903,1.00,2.31
2016.08.04 14:13:53.199,1.03889,1.03903,1.00,1.69
2016.08.04 14:13:53.352,1.0389,1.03903,1.00,1.19
2016.08.04 14:13:53.454,1.03888,1.03902,1.87,1.00
2016.08.04 14:13:53.505,1.03888,1.03902,2.62,1.00
2016.08.04 14:13:53.705,1.03888,1.03902,1.87,1.00
2016.08.04 14:13:53.980,1.03889,1.03903,1.12,1.50
2016.08.04 14:13:54.082,1.03892,1.03903,1.00,1.50
2016.08.04 14:13:54.184,1.03892,1.03903,1.00,1.00
2016.08.04 14:13:54.387,1.03892,1.03902,1.00,1.00
2016.08.04 14:13:54.547,1.03892,1.03904,1.00,1.00
2016.08.04 14:13:54.598,1.03891,1.03904,1.50,1.00
2016.08.04 14:13:54.756,1.03892,1.03906,1.00,1.25
2016.08.04 14:13:54.858,1.03892,1.03906,1.00,1.25
2016.08.04 14:13:54.909,1.03892,1.03906,1.00,1.31
2016.08.04 14:13:54.960,1.03891,1.03905,1.00,1.00
2016.08.04 14:13:55.062,1.03891,1.03903,1.00,1.00
2016.08.04 14:13:55.164,1.03892,1.03904,1.00,1.00
2016.08.04 14:13:55.599,1.03891,1.03903,1.00,1.50
2016.08.04 14:13:57.586,1.03891,1.03905,1.00,1.50
2016.08.04 14:13:57.638,1.03891,1.03904,1.00,1.00
2016.08.04 14:13:57.689,1.0389,1.03902,1.00,1.00
2016.08.04 14:13:57.740,1.03889,1.03902,1.37,1.00
2016.08.04 14:13:57.791,1.0389,1.03903,1.00,1.25
2016.08.04 14:13:57.893,1.03889,1.03903,1.00,1.69
2016.08.04 14:13:58.086,1.03887,1.03902,1.87,1.00
2016.08.04 14:13:58.296,1.03887,1.03902,2.62,1.00
2016.08.04 14:13:58.347,1.03887,1.03902,3.00,1.00
2016.08.04 14:13:58.399,1.03891,1.03903,1.00,1.00
2016.08.04 14:13:58.501,1.03889,1.03904,1.12,1.69
2016.08.04 14:13:58.603,1.03888,1.03904,1.87,1.69
2016.08.04 14:13:58.756,1.03891,1.03906,1.00,1.69
2016.08.04 14:13:58.808,1.03891,1.03906,1.00,1.19
2016.08.04 14:13:58.859,1.03891,1.03906,1.00,1.25
2016.08.04 14:13:59.047,1.03891,1.03906,1.50,1.25
2016.08.04 14:13:59.099,1.03892,1.03904,1.00,1.00
2016.08.04 14:13:59.303,1.0389,1.03904,1.00,1.00
2016.08.04 14:13:59.661,1.0389,1.03903,1.00,1.00
2016.08.04 14:14:00.273,1.03888,1.03901,1.50,1.00
2016.08.04 14:14:00.324,1.03887,1.03901,1.75,1.00
2016.08.04 14:14:00.375,1.03889,1.03902,1.00,1.00
2016.08.04 14:14:00.477,1.03887,1.03901,1.00,1.00
2016.08.04 14:14:00.864,1.03886,1.03901,1.50,1.00
2016.08.04 14:14:00.916,1.03886,1.03901,1.00,2.06
2016.08.04 14:14:00.968,1.03884,1.039,2.25,1.25
2016.08.04 14:14:01.125,1.03884,1.039,2.25,1.69
2016.08.04 14:14:01.459,1.03884,1.03899,2.25,1.00
2016.08.04 14:14:01.510,1.03884,1.03899,2.25,1.25
2016.08.04 14:14:01.562,1.03885,1.03899,1.00,1.25
2016.08.04 14:14:01.664,1.03884,1.03899,2.25,1.25
2016.08.04 14:14:01.964,1.03884,1.039,2.25,1.69
2016.08.04 14:14:02.016,1.03884,1.03899,1.50,1.25
2016.08.04 14:14:02.182,1.03885,1.03897,1.00,1.00
2016.08.04 14:14:04.962,1.03884,1.03897,1.50,1.00
2016.08.04 14:14:10.295,1.03885,1.03897,1.00,1.00
2016.08.04 14:14:11.274,1.03887,1.03899,1.00,1.93
2016.08.04 14:14:11.326,1.03887,1.03899,1.00,1.18
2016.08.04 14:14:11.540,1.03886,1.03901,1.00,1.33
2016.08.04 14:14:11.591,1.03887,1.03902,1.00,2.44
2016.08.04 14:14:11.795,1.03891,1.03898,1.00,1.00
2016.08.04 14:14:11.846,1.03887,1.03898,1.50,1.00
2016.08.04 14:14:11.898,1.03888,1.03902,1.50,1.19
2016.08.04 14:14:11.949,1.03888,1.03902,1.50,1.00
2016.08.04 14:14:12.105,1.03891,1.03903,2.48,1.00
2016.08.04 14:14:12.161,1.03891,1.03901,1.73,1.87
2016.08.04 14:14:12.213,1.03886,1.03898,1.00,1.00
2016.08.04 14:14:12.265,1.03885,1.03899,1.00,1.50
2016.08.04 14:14:12.317,1.03886,1.03901,1.73,1.37
2016.08.04 14:14:12.369,1.03886,1.03901,2.48,1.75
2016.08.04 14:14:12.421,1.03886,1.03902,2.48,3.37
2016.08.04 14:14:12.473,1.03887,1.03902,1.00,1.50
2016.08.04 14:14:12.525,1.03889,1.03904,1.00,1.37
2016.08.04 14:14:12.576,1.03889,1.03906,3.60,1.87
2016.08.04 14:14:12.781,1.03893,1.03906,1.00,1.00
2016.08.04 14:14:12.832,1.03893,1.03906,1.00,1.50
2016.08.04 14:14:12.883,1.03889,1.03906,3.23,1.87
2016.08.04 14:14:12.985,1.03889,1.03906,1.50,2.12
2016.08.04 14:14:13.042,1.03888,1.03904,1.12,1.00
2016.08.04 14:14:13.094,1.03888,1.03904,1.75,1.00
2016.08.04 14:14:13.145,1.03888,1.03902,1.37,1.00
2016.08.04 14:14:13.197,1.03887,1.03902,2.10,1.00
2016.08.04 14:14:13.299,1.03886,1.03902,3.23,2.62
2016.08.04 14:14:13.350,1.03886,1.03902,2.85,3.19
2016.08.04 14:14:13.402,1.03886,1.039,1.00,1.00
2016.08.04 14:14:13.547,1.03884,1.039,2.48,1.00
2016.08.04 14:14:14.077,1.03888,1.039,1.00,1.00
2016.08.04 14:14:14.230,1.03887,1.039,1.00,1.25
2016.08.04 14:14:14.281,1.03887,1.039,1.00,1.31
2016.08.04 14:14:14.383,1.03887,1.039,1.00,1.25
2016.08.04 14:14:14.541,1.03884,1.03896,1.00,1.00
2016.08.04 14:14:15.888,1.03883,1.03897,1.00,1.25
2016.08.04 14:14:16.460,1.03881,1.03894,2.62,1.00
2016.08.04 14:14:16.511,1.03881,1.03894,2.25,1.00
2016.08.04 14:14:16.563,1.03881,1.03894,1.87,1.00
2016.08.04 14:14:16.614,1.03881,1.03894,1.00,1.00
2016.08.04 14:14:17.121,1.0388,1.03893,1.00,1.00
2016.08.04 14:14:17.969,1.0388,1.03893,1.00,1.25
2016.08.04 14:14:18.244,1.0388,1.03892,1.00,1.00
2016.08.04 14:14:18.447,1.03879,1.03893,1.00,1.69
2016.08.04 14:14:19.002,1.03877,1.03892,1.00,1.19
2016.08.04 14:14:19.053,1.03877,1.03892,1.00,1.69
2016.08.04 14:14:19.104,1.03876,1.0389,1.00,1.25
2016.08.04 14:14:19.206,1.03875,1.03888,3.00,1.00
2016.08.04 14:14:19.257,1.03875,1.03888,1.12,1.00
2016.08.04 14:14:19.512,1.03874,1.0389,1.50,1.25
2016.08.04 14:14:19.615,1.03874,1.0389,1.50,1.19
2016.08.04 14:14:19.913,1.03875,1.03888,1.12,1.00
2016.08.04 14:14:20.219,1.03873,1.03888,1.75,1.00
2016.08.04 14:14:20.270,1.03873,1.03888,1.37,1.00
2016.08.04 14:14:20.321,1.03873,1.03888,1.00,1.50
2016.08.04 14:14:20.423,1.03874,1.03886,1.00,1.00
2016.08.04 14:14:20.999,1.03874,1.03887,1.00,1.00
2016.08.04 14:14:21.439,1.03874,1.03888,1.00,1.69
2016.08.04 14:14:21.720,1.03874,1.03888,1.00,1.25
2016.08.04 14:14:22.039,1.03873,1.03887,1.00,1.00
2016.08.04 14:14:22.239,1.03873,1.03888,1.00,1.25
2016.08.04 14:14:22.290,1.03873,1.03888,1.00,1.00
2016.08.04 14:14:22.341,1.03874,1.03886,1.00,1.00
2016.08.04 14:14:23.852,1.03872,1.03886,1.00,1.00
2016.08.04 14:14:25.338,1.03872,1.03886,1.00,1.12
2016.08.04 14:14:25.614,1.03872,1.03884,1.00,1.00
2016.08.04 14:14:25.818,1.03873,1.03886,1.00,1.12
2016.08.04 14:14:26.025,1.03875,1.03887,1.00,2.44
2016.08.04 14:14:26.077,1.03875,1.03887,1.00,2.81
2016.08.04 14:14:26.129,1.03875,1.03887,1.00,1.69
2016.08.04 14:14:26.180,1.03875,1.03887,1.00,1.25
2016.08.04 14:14:26.283,1.03875,1.03887,1.00,1.25
2016.08.04 14:14:26.437,1.03876,1.03888,1.00,2.44
2016.08.04 14:14:26.978,1.03876,1.03888,1.00,1.69
2016.08.04 14:14:27.603,1.03876,1.03888,1.00,1.25
2016.08.04 14:14:27.846,1.03874,1.03888,1.00,1.25
2016.08.04 14:14:27.950,1.03873,1.03887,1.20,1.00
2016.08.04 14:14:28.002,1.03873,1.03887,1.00,1.25
2016.08.04 14:14:28.053,1.03872,1.03886,1.00,1.00
2016.08.04 14:14:28.256,1.03872,1.03887,1.00,1.25
2016.08.04 14:14:28.515,1.03871,1.03887,1.50,1.25
2016.08.04 14:14:28.618,1.03873,1.03886,1.00,1.00
2016.08.04 14:14:29.036,1.03871,1.03887,1.50,1.25
2016.08.04 14:14:29.317,1.03873,1.03886,1.00,1.00
2016.08.04 14:14:29.850,1.03871,1.03887,1.50,1.69
2016.08.04 14:14:30.360,1.03871,1.03887,1.50,1.25
2016.08.04 14:14:30.411,1.03871,1.03887,1.00,2.06
2016.08.04 14:14:30.462,1.03872,1.03885,1.00,1.00
2016.08.04 14:14:30.564,1.0387,1.03886,1.65,1.00
2016.08.04 14:14:30.615,1.0387,1.03886,1.50,1.19
2016.08.04 14:14:30.768,1.0387,1.03883,1.50,1.00
2016.08.04 14:14:31.158,1.03872,1.03883,1.00,1.00
2016.08.04 14:14:32.556,1.03871,1.03883,1.00,1.50
2016.08.04 14:14:32.658,1.03872,1.03885,1.00,1.25
2016.08.04 14:14:32.709,1.03872,1.03885,1.00,1.19
2016.08.04 14:14:32.761,1.0387,1.03883,1.00,1.00
2016.08.04 14:14:32.907,1.03871,1.03884,1.00,1.25
2016.08.04 14:14:32.959,1.03872,1.03885,1.00,1.69
2016.08.04 14:14:33.010,1.03872,1.03885,1.00,1.19
2016.08.04 14:14:33.061,1.03872,1.03886,1.00,2.44
2016.08.04 14:14:33.113,1.03872,1.03886,1.00,2.81
2016.08.04 14:14:33.164,1.03871,1.03885,1.00,1.19
2016.08.04 14:14:33.268,1.0387,1.03883,1.12,1.00
2016.08.04 14:14:33.836,1.03869,1.03883,1.37,1.00
2016.08.04 14:14:33.939,1.03869,1.03883,1.00,1.69
2016.08.04 14:14:34.143,1.03869,1.03883,1.00,1.50
2016.08.04 14:14:34.327,1.03868,1.03883,1.50,2.62
2016.08.04 14:14:34.436,1.03868,1.03883,1.50,1.87
2016.08.04 14:14:34.548,1.03868,1.03883,1.50,1.12
2016.08.04 14:14:34.650,1.03868,1.03883,1.50,1.87
2016.08.04 14:14:34.853,1.03868,1.03883,1.50,1.12
2016.08.04 14:14:35.006,1.03868,1.03883,1.00,1.12
2016.08.04 14:14:35.112,1.03868,1.03883,1.00,1.87
2016.08.04 14:14:35.163,1.03867,1.0388,2.25,1.00
2016.08.04 14:14:35.215,1.03867,1.0388,1.50,1.00
2016.08.04 14:14:35.266,1.03867,1.03879,1.50,1.00
2016.08.04 14:14:35.317,1.03867,1.03879,1.00,1.00
2016.08.04 14:14:35.368,1.03867,1.0388,1.00,2.25
2016.08.04 14:14:35.419,1.03864,1.0388,2.25,2.25
2016.08.04 14:14:35.470,1.03865,1.0388,1.00,1.87
2016.08.04 14:14:35.674,1.03865,1.0388,1.00,1.50
2016.08.04 14:14:36.142,1.03865,1.0388,1.50,1.00
2016.08.04 14:14:36.244,1.03865,1.03881,2.25,3.19
2016.08.04 14:14:36.346,1.03865,1.03879,1.50,1.00
2016.08.04 14:14:36.449,1.03867,1.03879,1.00,1.00
2016.08.04 14:14:36.551,1.03865,1.03878,2.25,1.00
2016.08.04 14:14:36.603,1.03865,1.03878,1.50,1.00
2016.08.04 14:14:36.654,1.03865,1.03878,1.00,1.50
2016.08.04 14:14:36.787,1.03866,1.03879,1.00,1.00
2016.08.04 14:14:36.838,1.03866,1.0388,1.00,1.12
2016.08.04 14:14:36.944,1.03866,1.03879,1.00,1.00
2016.08.04 14:14:37.255,1.03866,1.0388,1.00,1.12
2016.08.04 14:14:37.675,1.03866,1.03879,1.00,1.00
2016.08.04 14:14:37.829,1.03866,1.03879,1.00,1.50
2016.08.04 14:14:37.881,1.03865,1.03878,1.00,1.00
2016.08.04 14:14:37.983,1.03866,1.03878,1.00,1.00
2016.08.04 14:14:38.784,1.03865,1.03879,2.25,1.00
2016.08.04 14:14:38.835,1.03865,1.03879,1.00,1.50
2016.08.04 14:14:38.886,1.03865,1.03879,1.00,1.00
2016.08.04 14:14:38.938,1.03864,1.03875,1.00,1.00
2016.08.04 14:14:39.141,1.03862,1.03876,1.50,1.87
2016.08.04 14:14:39.243,1.03863,1.03876,1.00,1.12
2016.08.04 14:14:39.548,1.03862,1.03875,1.00,1.00
2016.08.04 14:14:39.651,1.03862,1.03877,1.00,3.56
2016.08.04 14:14:39.753,1.03862,1.03876,1.00,1.12
2016.08.04 14:14:39.855,1.03862,1.03877,1.00,3.56
2016.08.04 14:14:39.906,1.03862,1.03876,1.00,1.31
2016.08.04 14:14:40.059,1.03862,1.03873,1.00,1.00
2016.08.04 14:14:40.234,1.03859,1.03876,1.12,2.44
2016.08.04 14:14:40.300,1.03859,1.03874,1.12,1.00
2016.08.04 14:14:40.351,1.03859,1.0387,1.87,1.00
2016.08.04 14:14:40.453,1.03861,1.03873,1.00,1.87
2016.08.04 14:14:40.555,1.03861,1.03872,1.00,1.00
2016.08.04 14:14:40.606,1.03861,1.03872,1.50,1.00
2016.08.04 14:14:40.657,1.03861,1.03873,1.50,1.00
2016.08.04 14:14:40.759,1.03862,1.03874,1.00,1.00
2016.08.04 14:14:40.810,1.03864,1.03874,1.00,1.00
2016.08.04 14:14:41.091,1.03864,1.03877,1.00,1.50
2016.08.04 14:14:41.142,1.03866,1.03877,1.00,1.00
2016.08.04 14:14:41.244,1.03865,1.03877,1.00,1.00
2016.08.04 14:14:41.345,1.03865,1.03881,1.50,3.37
2016.08.04 14:14:41.396,1.03865,1.03881,1.50,3.56
2016.08.04 14:14:41.447,1.03866,1.03881,1.50,2.81
2016.08.04 14:14:41.498,1.03866,1.03881,1.50,2.44
2016.08.04 14:14:41.600,1.03866,1.03881,1.50,2.81
2016.08.04 14:14:41.651,1.03866,1.03878,1.50,1.00
2016.08.04 14:14:41.956,1.03866,1.03879,1.50,1.25
2016.08.04 14:14:42.058,1.03866,1.03879,1.50,1.00
2016.08.04 14:14:42.160,1.03867,1.03879,1.00,1.00
2016.08.04 14:14:43.630,1.03867,1.03878,1.00,1.00
2016.08.04 14:14:43.783,1.03865,1.03878,1.00,1.00
2016.08.04 14:14:43.885,1.03864,1.03878,2.25,1.50
2016.08.04 14:14:44.158,1.03864,1.03878,2.25,1.00
2016.08.04 14:14:44.260,1.03866,1.03878,1.00,1.50
2016.08.04 14:14:44.566,1.03866,1.03878,1.00,1.00
2016.08.04 14:14:44.778,1.03866,1.03878,1.00,1.50
2016.08.04 14:14:45.247,1.03865,1.03878,1.00,1.00
2016.08.04 14:14:45.349,1.03865,1.0388,1.00,1.87
2016.08.04 14:14:45.451,1.03866,1.03878,1.00,1.00
2016.08.04 14:14:45.909,1.03866,1.03876,1.00,1.00
2016.08.04 14:14:45.960,1.03862,1.03875,3.00,1.00
2016.08.04 14:14:46.118,1.0386,1.03875,1.75,1.50
2016.08.04 14:14:46.169,1.0386,1.03873,1.75,1.00
2016.08.04 14:14:46.272,1.03862,1.03873,1.00,1.50
2016.08.04 14:14:46.425,1.03861,1.03872,1.00,1.00
2016.08.04 14:14:46.527,1.03858,1.03869,1.37,1.00
2016.08.04 14:14:46.578,1.03855,1.03869,1.87,1.00
2016.08.04 14:14:46.631,1.03856,1.03869,1.12,1.00
2016.08.04 14:14:46.749,1.03856,1.03871,1.12,1.00
2016.08.04 14:14:46.851,1.03856,1.03873,1.12,2.81
2016.08.04 14:14:47.101,1.03856,1.03872,1.12,1.25
2016.08.04 14:14:47.253,1.0386,1.03872,1.00,1.25
2016.08.04 14:14:47.355,1.03859,1.03872,1.00,1.69
2016.08.04 14:14:47.697,1.03858,1.03872,1.00,1.25
2016.08.04 14:14:47.850,1.03858,1.0387,1.00,1.00
2016.08.04 14:14:49.369,1.03857,1.0387,1.00,1.00
2016.08.04 14:14:49.471,1.03856,1.0387,1.12,1.69
2016.08.04 14:14:49.574,1.03856,1.03869,1.12,1.25
2016.08.04 14:14:49.625,1.03856,1.03867,1.12,1.00
2016.08.04 14:14:49.676,1.03855,1.03867,1.37,1.00
2016.08.04 14:14:49.779,1.03856,1.03867,1.12,1.00
2016.08.04 14:14:50.606,1.03855,1.03867,1.37,1.00
2016.08.04 14:14:52.565,1.03855,1.03868,1.37,1.50
2016.08.04 14:14:53.770,1.03858,1.03868,1.00,1.50
2016.08.04 14:14:53.821,1.03858,1.0387,1.00,1.19
2016.08.04 14:14:53.872,1.03858,1.0387,1.00,1.00
2016.08.04 14:14:54.455,1.03858,1.03871,1.00,2.25
2016.08.04 14:14:55.427,1.03858,1.03871,1.00,1.50
2016.08.04 14:14:55.824,1.03858,1.03873,1.50,3.56
2016.08.04 14:14:55.875,1.03862,1.03873,1.00,1.31
2016.08.04 14:14:55.927,1.03862,1.03874,1.00,1.37
2016.08.04 14:14:55.978,1.03863,1.03875,1.00,3.19
2016.08.04 14:14:56.030,1.03863,1.03875,1.00,2.25
2016.08.04 14:14:56.287,1.03865,1.03875,1.00,1.50
2016.08.04 14:14:56.480,1.03865,1.03877,1.00,1.00
2016.08.04 14:14:56.773,1.03865,1.03879,1.00,2.81
2016.08.04 14:14:57.008,1.03865,1.03879,1.00,2.44
2016.08.04 14:14:57.212,1.03865,1.03879,1.00,2.81
2016.08.04 14:14:57.263,1.03865,1.03878,1.00,1.31
2016.08.04 14:14:57.415,1.03863,1.03878,1.00,2.06
2016.08.04 14:14:57.657,1.03863,1.03877,1.00,1.00
2016.08.04 14:14:58.078,1.03863,1.03877,1.00,1.50
2016.08.04 14:14:58.353,1.03863,1.03876,1.00,1.00
2016.08.04 14:14:58.455,1.03862,1.03876,1.00,1.50
2016.08.04 14:14:58.710,1.03863,1.03875,1.00,1.00
2016.08.04 14:14:58.994,1.03863,1.03873,1.00,1.00
2016.08.04 14:14:59.199,1.03862,1.03876,1.00,2.44
2016.08.04 14:14:59.504,1.03864,1.03876,1.00,2.44
2016.08.04 14:14:59.781,1.03862,1.03876,1.00,2.44
2016.08.04 14:14:59.919,1.03863,1.03876,1.00,1.69
2016.08.04 14:15:00.223,1.03863,1.03876,1.00,1.25
2016.08.04 14:15:00.275,1.03863,1.03876,1.00,1.69
2016.08.04 14:15:00.676,1.03863,1.03876,1.00,1.25
2016.08.04 14:15:00.727,1.03862,1.03876,1.00,1.69
2016.08.04 14:15:00.778,1.03862,1.03876,1.00,2.44
2016.08.04 14:15:00.829,1.03863,1.03876,1.00,1.69
2016.08.04 14:15:01.033,1.03863,1.03876,1.00,1.25
2016.08.04 14:15:01.134,1.03863,1.03876,1.00,1.69
2016.08.04 14:15:01.185,1.03861,1.03876,1.12,1.69
2016.08.04 14:15:01.236,1.03861,1.03876,1.12,1.25
2016.08.04 14:15:01.287,1.03863,1.03876,1.00,1.25
2016.08.04 14:15:01.793,1.03862,1.03876,1.00,1.25
2016.08.04 14:15:02.192,1.03863,1.03876,1.00,1.69
2016.08.04 14:15:03.096,1.03863,1.03875,1.00,1.00
2016.08.04 14:15:03.507,1.03863,1.03876,1.00,1.50
2016.08.04 14:15:04.135,1.03862,1.03875,1.00,1.00
2016.08.04 14:15:04.491,1.03862,1.03874,1.00,1.00
2016.08.04 14:15:04.882,1.03862,1.03875,1.00,1.50
2016.08.04 14:15:04.935,1.03865,1.03875,1.00,1.50
2016.08.04 14:15:04.986,1.03865,1.03875,1.00,1.00
2016.08.04 14:15:05.970,1.03865,1.03877,1.00,1.00
2016.08.04 14:15:06.276,1.03865,1.03877,1.00,1.50
2016.08.04 14:15:06.327,1.03863,1.03877,1.12,1.00
2016.08.04 14:15:06.429,1.03864,1.03877,1.00,1.00
2016.08.04 14:15:06.480,1.03864,1.03878,1.00,2.25
2016.08.04 14:15:06.583,1.03864,1.03878,1.00,2.25
2016.08.04 14:15:06.756,1.03864,1.03878,1.00,1.50
2016.08.04 14:15:06.910,1.03865,1.03878,1.00,1.00
2016.08.04 14:15:08.009,1.03866,1.03878,1.00,1.00
2016.08.04 14:15:08.061,1.03866,1.03877,1.00,1.25
2016.08.04 14:15:08.418,1.03864,1.03877,1.00,1.25
2016.08.04 14:15:09.041,1.03865,1.03877,1.00,1.69
2016.08.04 14:15:09.092,1.03865,1.03877,1.00,2.44
2016.08.04 14:15:09.143,1.03863,1.03875,1.00,1.00
2016.08.04 14:15:09.399,1.03861,1.03876,1.00,1.69
2016.08.04 14:15:09.501,1.03863,1.03875,1.00,1.00
2016.08.04 14:15:09.604,1.03863,1.03875,1.00,1.25
2016.08.04 14:15:09.772,1.03863,1.03875,1.00,1.69
2016.08.04 14:15:10.028,1.03862,1.03875,1.00,1.25
2016.08.04 14:15:10.296,1.03861,1.03875,1.00,1.69
2016.08.04 14:15:10.348,1.03861,1.03875,1.00,2.44
2016.08.04 14:15:11.463,1.03861,1.03875,1.00,1.69
2016.08.04 14:15:11.514,1.03861,1.03873,1.00,1.00
2016.08.04 14:15:11.718,1.03861,1.03875,1.00,1.25
2016.08.04 14:15:11.973,1.03863,1.03875,1.00,1.25
2016.08.04 14:15:12.076,1.03863,1.03875,1.00,1.69
2016.08.04 14:15:12.438,1.03863,1.03874,1.00,1.00
2016.08.04 14:15:12.745,1.03862,1.03874,1.00,1.50
2016.08.04 14:15:12.847,1.03861,1.03874,1.00,1.00
2016.08.04 14:15:13.529,1.03861,1.03873,1.00,1.00
2016.08.04 14:15:13.631,1.03858,1.03873,4.12,1.00
2016.08.04 14:15:13.682,1.03858,1.03872,2.62,1.00
2016.08.04 14:15:13.733,1.03858,1.03869,2.62,1.00
2016.08.04 14:15:13.784,1.03858,1.03869,2.25,1.00
2016.08.04 14:15:13.835,1.03859,1.03869,1.00,1.00
2016.08.04 14:15:14.072,1.03854,1.03867,2.62,2.44
2016.08.04 14:15:14.124,1.03854,1.03867,1.00,2.44
2016.08.04 14:15:14.175,1.03854,1.03864,1.00,1.25
2016.08.04 14:15:14.226,1.03852,1.03863,1.00,1.00
2016.08.04 14:15:14.329,1.0385,1.03862,1.12,1.00
2016.08.04 14:15:14.432,1.0385,1.03862,1.00,1.00
2016.08.04 14:15:14.484,1.0385,1.03862,1.12,1.00
2016.08.04 14:15:14.535,1.03849,1.03864,1.50,2.25
2016.08.04 14:15:14.587,1.03849,1.03864,1.50,1.50
2016.08.04 14:15:14.638,1.03849,1.03864,1.87,1.50
2016.08.04 14:15:14.689,1.03849,1.03864,1.50,1.50
2016.08.04 14:15:14.740,1.03849,1.03864,1.12,1.69
2016.08.04 14:15:14.842,1.03849,1.03863,1.12,1.00
2016.08.04 14:15:15.333,1.03852,1.03865,1.00,1.19
2016.08.04 14:15:15.753,1.03854,1.03865,1.00,1.19
2016.08.04 14:15:16.160,1.03854,1.03866,1.00,3.19
2016.08.04 14:15:16.307,1.03854,1.03865,1.00,1.25
2016.08.04 14:15:16.358,1.03855,1.03866,1.00,1.19
2016.08.04 14:15:16.409,1.03855,1.03867,1.00,2.44
2016.08.04 14:15:16.562,1.03855,1.03867,1.00,1.69
2016.08.04 14:15:16.749,1.03854,1.03867,1.00,1.19
2016.08.04 14:15:17.055,1.03855,1.03867,1.00,1.69
2016.08.04 14:15:17.158,1.03854,1.03867,1.00,1.19
2016.08.04 14:15:17.209,1.03854,1.03867,1.00,2.06
2016.08.04 14:15:17.260,1.03853,1.03867,1.00,1.31
2016.08.04 14:15:17.438,1.03854,1.03867,1.00,1.00
2016.08.04 14:15:17.665,1.03854,1.03868,1.00,1.69
2016.08.04 14:15:17.919,1.03855,1.03868,1.00,1.25
2016.08.04 14:15:18.072,1.03857,1.0387,1.00,1.19
2016.08.04 14:15:18.124,1.03855,1.0387,1.12,1.69
2016.08.04 14:15:18.276,1.03855,1.0387,1.12,2.44
2016.08.04 14:15:18.753,1.03855,1.0387,1.12,3.19
2016.08.04 14:15:18.957,1.03855,1.03868,1.12,1.00
2016.08.04 14:15:19.414,1.03855,1.03868,1.12,1.00
2016.08.04 14:15:19.466,1.03857,1.0387,1.00,1.19
2016.08.04 14:15:19.651,1.03859,1.03871,1.00,1.69
2016.08.04 14:15:19.702,1.03859,1.03871,1.00,1.25
2016.08.04 14:15:19.753,1.0386,1.03873,1.00,3.19
2016.08.04 14:15:20.060,1.0386,1.03873,1.00,1.69
2016.08.04 14:15:20.172,1.03861,1.03873,1.00,2.44
2016.08.04 14:15:20.373,1.03861,1.0387,1.00,1.00
2016.08.04 14:15:20.628,1.03856,1.03869,1.00,1.00
2016.08.04 14:15:20.679,1.03856,1.03869,1.00,1.19
2016.08.04 14:15:20.781,1.03856,1.03868,1.00,1.25
2016.08.04 14:15:21.036,1.03856,1.03869,1.00,1.69
2016.08.04 14:15:21.355,1.03856,1.03869,1.00,1.69
2016.08.04 14:15:21.458,1.03859,1.03869,1.00,1.00
2016.08.04 14:15:21.989,1.03858,1.03869,1.00,1.00
2016.08.04 14:15:22.353,1.03857,1.03869,1.00,1.00
2016.08.04 14:15:22.564,1.03856,1.03869,1.00,1.50
2016.08.04 14:15:22.668,1.03858,1.0387,1.00,1.00
2016.08.04 14:15:22.721,1.03858,1.03871,1.00,1.00
2016.08.04 14:15:22.773,1.03855,1.03869,1.12,1.00
2016.08.04 14:15:22.926,1.03855,1.0387,1.00,1.50
2016.08.04 14:15:22.978,1.03855,1.03869,1.00,1.00
2016.08.04 14:15:23.029,1.03855,1.03869,1.00,1.25
2016.08.04 14:15:23.131,1.03854,1.03869,3.37,1.25
2016.08.04 14:15:23.182,1.03854,1.03869,1.00,1.25
2016.08.04 14:15:23.329,1.03854,1.03867,1.00,1.50
2016.08.04 14:15:23.381,1.03852,1.03867,1.00,1.50
2016.08.04 14:15:24.047,1.03851,1.03867,1.50,2.25
2016.08.04 14:15:24.255,1.03851,1.03867,2.25,1.50
2016.08.04 14:15:24.532,1.03851,1.03867,1.50,1.50
2016.08.04 14:15:24.583,1.03852,1.03865,1.00,1.00
2016.08.04 14:15:24.949,1.03851,1.03867,2.25,2.25
2016.08.04 14:15:25.148,1.03851,1.03867,1.50,1.50
2016.08.04 14:15:25.360,1.03851,1.03867,1.50,1.50
2016.08.04 14:15:25.675,1.03851,1.03867,1.50,1.50
2016.08.04 14:15:25.861,1.03852,1.03865,1.00,1.00
2016.08.04 14:15:26.957,1.03852,1.03867,1.00,2.25
2016.08.04 14:15:27.059,1.03854,1.03869,1.00,3.56
2016.08.04 14:15:27.163,1.03855,1.0387,1.00,3.00
2016.08.04 14:15:27.265,1.03857,1.03869,1.00,1.12
2016.08.04 14:15:27.468,1.03857,1.03869,1.00,1.00
2016.08.04 14:15:27.853,1.03854,1.03869,1.12,1.25
2016.08.04 14:15:27.955,1.03854,1.03869,1.12,1.69
2016.08.04 14:15:28.057,1.03854,1.03869,1.12,2.81
2016.08.04 14:15:28.159,1.03852,1.03867,1.12,1.00
2016.08.04 14:15:28.261,1.03853,1.03868,1.00,1.50
2016.08.04 14:15:28.363,1.03851,1.03868,4.12,1.50
2016.08.04 14:15:28.465,1.03853,1.03868,1.00,1.50
2016.08.04 14:15:28.567,1.03854,1.03869,1.00,2.81
2016.08.04 14:15:28.669,1.03852,1.03869,1.12,2.81
2016.08.04 14:15:28.820,1.03852,1.03868,1.12,1.00
2016.08.04 14:15:28.872,1.03855,1.03868,1.00,1.00
2016.08.04 14:15:29.075,1.03854,1.03869,1.00,2.81
2016.08.04 14:15:29.176,1.03851,1.03869,3.37,2.06
2016.08.04 14:15:30.069,1.03854,1.03867,1.00,1.00
2016.08.04 14:15:30.979,1.03853,1.03865,1.00,1.00
2016.08.04 14:15:31.031,1.03853,1.03865,1.00,1.25
2016.08.04 14:15:31.082,1.03851,1.03863,2.25,1.00
2016.08.04 14:15:31.230,1.03851,1.03863,1.00,1.00
2016.08.04 14:15:31.478,1.03851,1.03865,1.00,1.31
2016.08.04 14:15:33.335,1.03851,1.03865,1.00,1.12
2016.08.04 14:15:33.387,1.03852,1.03866,1.00,2.25
2016.08.04 14:15:33.539,1.03854,1.03866,1.00,1.50
2016.08.04 14:15:33.694,1.03855,1.03869,1.00,1.50
2016.08.04 14:15:33.745,1.03855,1.03869,1.00,2.25
2016.08.04 14:15:33.796,1.03855,1.03869,1.00,3.56
2016.08.04 14:15:33.847,1.03855,1.03869,1.00,4.31
2016.08.04 14:15:34.000,1.03855,1.03869,1.00,3.94
2016.08.04 14:15:34.371,1.03855,1.03869,1.00,2.44
2016.08.04 14:15:34.823,1.03855,1.03869,1.00,1.69
2016.08.04 14:15:34.874,1.03855,1.03869,1.00,2.44
2016.08.04 14:15:35.552,1.03855,1.03869,1.00,3.19
2016.08.04 14:15:35.725,1.03855,1.03866,1.00,1.00
2016.08.04 14:15:35.776,1.03851,1.03862,3.00,1.25
2016.08.04 14:15:35.827,1.03851,1.03862,2.25,1.25
2016.08.04 14:15:35.878,1.03847,1.03859,1.00,1.00
2016.08.04 14:15:35.988,1.03846,1.03859,1.12,1.00
2016.08.04 14:15:36.039,1.03846,1.03859,1.00,1.00
2016.08.04 14:15:36.779,1.03847,1.03858,1.00,1.00
2016.08.04 14:15:36.881,1.03844,1.03853,1.50,1.00
2016.08.04 14:15:37.091,1.03844,1.03853,1.00,1.00
2016.08.04 14:15:37.614,1.03843,1.03853,1.00,1.00
2016.08.04 14:15:38.145,1.03842,1.03853,1.00,1.00
2016.08.04 14:15:38.699,1.03844,1.03855,1.00,1.69
2016.08.04 14:15:38.750,1.03844,1.03855,1.00,1.25
2016.08.04 14:15:38.802,1.03846,1.03858,1.00,1.56
2016.08.04 14:15:38.853,1.03846,1.03858,1.00,1.69
2016.08.04 14:15:38.954,1.03846,1.03858,1.00,1.25
2016.08.04 14:15:39.005,1.03848,1.0386,1.00,2.06
2016.08.04 14:15:39.056,1.03848,1.0386,1.00,1.69
2016.08.04 14:15:39.158,1.0385,1.0386,1.50,1.00
2016.08.04 14:15:39.209,1.03851,1.03861,1.00,1.00
2016.08.04 14:15:39.261,1.03851,1.03862,1.00,1.87
2016.08.04 14:15:39.419,1.03852,1.03862,1.00,2.06
2016.08.04 14:15:39.470,1.03852,1.03862,1.00,1.31
2016.08.04 14:15:40.033,1.03851,1.03862,1.00,1.31
2016.08.04 14:15:40.185,1.03851,1.03862,1.00,1.87
2016.08.04 14:15:40.668,1.03851,1.03863,1.00,1.69
2016.08.04 14:15:41.361,1.03852,1.03863,1.00,1.69
2016.08.04 14:15:41.515,1.03853,1.03861,1.00,1.00
2016.08.04 14:15:41.566,1.03853,1.03865,1.00,1.69
2016.08.04 14:15:41.617,1.03854,1.03865,1.00,1.25
2016.08.04 14:15:41.668,1.03857,1.03867,1.00,1.69
2016.08.04 14:15:41.721,1.03857,1.03869,1.00,1.94
2016.08.04 14:15:41.773,1.03857,1.03869,1.00,1.19
2016.08.04 14:15:41.968,1.03856,1.03867,1.00,1.00
2016.08.04 14:15:42.488,1.03855,1.03867,1.00,1.00
2016.08.04 14:15:42.591,1.03855,1.03868,1.00,1.69
2016.08.04 14:15:42.746,1.03855,1.03867,1.00,1.00
2016.08.04 14:15:42.797,1.03852,1.03866,1.87,1.25
2016.08.04 14:15:42.848,1.03852,1.03866,1.87,1.31
2016.08.04 14:15:42.899,1.03851,1.03866,2.25,2.06
2016.08.04 14:15:42.950,1.03851,1.03866,1.87,2.81
2016.08.04 14:15:43.002,1.03851,1.03866,1.50,3.56
2016.08.04 14:15:43.104,1.03851,1.03865,1.00,1.31
2016.08.04 14:15:43.216,1.03851,1.03865,1.00,2.06
2016.08.04 14:15:43.614,1.03851,1.03865,1.00,2.81
2016.08.04 14:15:43.767,1.03851,1.03865,1.50,2.81
2016.08.04 14:15:43.818,1.03852,1.03865,1.00,2.81
2016.08.04 14:15:44.433,1.03852,1.03865,1.00,2.44
2016.08.04 14:15:44.484,1.03852,1.03865,1.00,3.19
2016.08.04 14:15:44.687,1.03852,1.03865,1.00,1.19
2016.08.04 14:15:45.687,1.03852,1.03865,1.00,1.69
2016.08.04 14:15:46.879,1.03852,1.03865,1.00,1.50
2016.08.04 14:15:47.833,1.03851,1.03865,1.50,1.50
2016.08.04 14:15:48.337,1.03851,1.03865,2.25,1.50
2016.08.04 14:15:48.388,1.03852,1.03865,1.00,1.50
2016.08.04 14:15:48.537,1.03853,1.03865,1.50,1.00
2016.08.04 14:15:48.588,1.03853,1.03865,1.00,1.00
2016.08.04 14:15:49.122,1.03852,1.03861,1.00,1.00
2016.08.04 14:15:49.224,1.03845,1.03858,1.95,1.12
2016.08.04 14:15:49.359,1.03844,1.03855,1.75,1.00
2016.08.04 14:15:49.410,1.0384,1.03855,1.69,1.00
2016.08.04 14:15:49.462,1.0384,1.03855,1.62,1.00
2016.08.04 14:15:49.513,1.0384,1.03855,1.25,1.00
2016.08.04 14:15:49.564,1.0384,1.03855,1.25,1.50
2016.08.04 14:15:49.615,1.0384,1.03855,1.25,1.87
2016.08.04 14:15:49.717,1.0384,1.03855,1.25,1.37
2016.08.04 14:15:49.768,1.0384,1.03856,1.25,1.50
2016.08.04 14:15:50.059,1.0384,1.03857,1.00,3.94
2016.08.04 14:15:50.162,1.0384,1.03854,1.00,1.12
2016.08.04 14:15:50.396,1.0384,1.03854,1.12,1.12
2016.08.04 14:15:50.575,1.0384,1.03854,1.00,1.12
2016.08.04 14:15:51.214,1.03839,1.03852,1.00,1.00
2016.08.04 14:15:51.265,1.03839,1.03852,1.00,1.12
2016.08.04 14:15:51.316,1.03839,1.03852,1.00,1.50
2016.08.04 14:15:52.113,1.0384,1.03852,1.00,1.50
2016.08.04 14:15:52.215,1.0384,1.03852,1.00,1.00
2016.08.04 14:15:52.266,1.0384,1.03853,1.00,1.37
2016.08.04 14:15:52.317,1.0384,1.03853,1.00,1.00
2016.08.04 14:15:52.419,1.03841,1.03854,1.00,1.69
2016.08.04 14:15:52.822,1.03841,1.03854,1.00,1.25
2016.08.04 14:15:53.223,1.03841,1.03854,1.00,1.69
2016.08.04 14:15:53.523,1.03841,1.03854,1.00,1.25
2016.08.04 14:15:53.626,1.03839,1.03854,1.12,1.69
2016.08.04 14:15:54.449,1.03841,1.03854,1.00,1.25
2016.08.04 14:15:56.127,1.03841,1.03854,1.00,1.69
2016.08.04 14:15:56.868,1.03841,1.03854,1.00,1.25
2016.08.04 14:15:57.022,1.03841,1.03854,1.00,1.31
2016.08.04 14:15:57.149,1.03839,1.03854,1.00,2.06
2016.08.04 14:15:57.353,1.03839,1.03854,1.00,1.31
2016.08.04 14:15:57.556,1.03838,1.03854,1.50,2.06
2016.08.04 14:15:58.831,1.03838,1.03854,1.00,2.06
2016.08.04 14:15:59.260,1.03842,1.03854,1.00,2.06
2016.08.04 14:15:59.413,1.0384,1.03854,1.00,1.25
2016.08.04 14:15:59.464,1.03838,1.03855,2.25,1.19
2016.08.04 14:15:59.567,1.03839,1.03855,1.00,1.19
2016.08.04 14:15:59.619,1.0384,1.03855,1.62,1.00
2016.08.04 14:15:59.670,1.03841,1.03857,1.12,1.00
2016.08.04 14:15:59.722,1.03844,1.03858,1.00,2.06
2016.08.04 14:15:59.773,1.03844,1.0386,1.50,1.91
2016.08.04 14:15:59.824,1.03844,1.03861,1.00,2.06
2016.08.04 14:15:59.927,1.03844,1.03861,1.00,1.56
2016.08.04 14:16:00.803,1.03844,1.0386,1.00,1.25
2016.08.04 14:16:00.855,1.03844,1.03858,1.00,1.00
2016.08.04 14:16:01.009,1.03845,1.03858,1.00,1.12
2016.08.04 14:16:01.184,1.03845,1.03858,1.00,1.31
2016.08.04 14:16:01.740,1.03843,1.03856,1.00,1.00
2016.08.04 14:16:02.458,1.03844,1.03857,1.00,1.00
2016.08.04 14:16:02.560,1.03844,1.03858,1.00,1.31
2016.08.04 14:16:02.713,1.03844,1.03858,1.00,1.25
2016.08.04 14:16:04.168,1.03846,1.0386,1.00,1.69
2016.08.04 14:16:04.377,1.03846,1.0386,1.00,1.31
2016.08.04 14:16:05.041,1.03846,1.0386,1.00,1.69
2016.08.04 14:16:05.450,1.03846,1.03859,1.00,1.25
2016.08.04 14:16:05.502,1.03844,1.0386,2.25,1.69
2016.08.04 14:16:05.554,1.03844,1.0386,1.50,1.69
2016.08.04 14:16:05.655,1.03844,1.0386,3.00,1.19
2016.08.04 14:16:05.757,1.03844,1.03859,3.00,1.25
2016.08.04 14:16:05.929,1.03844,1.03859,2.25,1.25
2016.08.04 14:16:06.082,1.03844,1.03858,1.50,1.00
2016.08.04 14:16:06.364,1.03845,1.03859,1.00,1.25
2016.08.04 14:16:07.247,1.03844,1.03859,1.00,1.25
2016.08.04 14:16:07.782,1.03844,1.03857,1.00,1.00
2016.08.04 14:16:08.259,1.03842,1.03855,2.62,1.00
2016.08.04 14:16:08.412,1.03842,1.03855,3.37,1.00
2016.08.04 14:16:08.463,1.03843,1.03858,1.87,1.00
2016.08.04 14:16:08.514,1.03844,1.03858,1.00,1.00
2016.08.04 14:16:08.616,1.03846,1.03858,1.50,1.00
2016.08.04 14:16:09.261,1.03846,1.03858,1.00,1.00
2016.08.04 14:16:09.312,1.03845,1.03858,1.50,1.00
2016.08.04 14:16:09.648,1.03845,1.03858,1.00,1.00
2016.08.04 14:16:09.699,1.03844,1.03858,1.00,1.00
2016.08.04 14:16:09.955,1.03843,1.03858,2.62,1.00
2016.08.04 14:16:10.281,1.03843,1.03858,3.37,1.00
2016.08.04 14:16:10.856,1.03845,1.03857,1.00,1.00
2016.08.04 14:16:11.447,1.03844,1.03856,1.00,1.00
2016.08.04 14:16:11.804,1.03842,1.03857,2.62,1.00
2016.08.04 14:16:11.855,1.03842,1.03857,1.37,1.00
2016.08.04 14:16:11.906,1.03841,1.03853,3.00,1.00
2016.08.04 14:16:11.958,1.03841,1.03857,3.75,1.00
2016.08.04 14:16:12.060,1.03841,1.03857,3.37,1.12
2016.08.04 14:16:12.111,1.03841,1.03857,3.00,1.12
2016.08.04 14:16:12.360,1.03841,1.03856,2.25,1.00
2016.08.04 14:16:12.412,1.03841,1.03856,1.00,1.00
2016.08.04 14:16:12.463,1.03841,1.03855,2.25,1.00
2016.08.04 14:16:12.565,1.03839,1.03853,2.44,1.00
2016.08.04 14:16:12.616,1.03839,1.03853,1.87,1.00
2016.08.04 14:16:12.667,1.03839,1.03853,1.12,1.00
2016.08.04 14:16:12.718,1.03838,1.03853,1.50,1.00
2016.08.04 14:16:12.770,1.03838,1.03852,1.00,1.00
2016.08.04 14:16:12.821,1.03837,1.03852,3.00,1.00
2016.08.04 14:16:12.872,1.03838,1.03852,1.00,1.00
2016.08.04 14:16:13.406,1.03837,1.03852,1.00,1.00
2016.08.04 14:16:13.458,1.03837,1.03852,1.00,1.50
2016.08.04 14:16:14.250,1.03837,1.03852,1.00,1.87
2016.08.04 14:16:14.352,1.03837,1.03852,1.50,1.50
2016.08.04 14:16:14.780,1.03837,1.03852,1.00,1.50
2016.08.04 14:16:15.085,1.03838,1.03851,1.00,1.00
2016.08.04 14:16:15.818,1.03837,1.03851,1.00,1.00
2016.08.04 14:16:15.869,1.03837,1.03852,1.00,1.50
2016.08.04 14:16:16.332,1.03837,1.03852,1.50,1.50
2016.08.04 14:16:16.383,1.03841,1.03855,1.00,1.69
2016.08.04 14:16:16.435,1.03841,1.03855,1.00,1.31
2016.08.04 14:16:16.640,1.03841,1.03856,1.00,2.81
2016.08.04 14:16:17.314,1.03841,1.03856,1.00,3.56
2016.08.04 14:16:17.366,1.03841,1.03854,1.00,1.25
2016.08.04 14:16:17.574,1.03841,1.03855,1.00,1.31
2016.08.04 14:16:17.875,1.03841,1.03855,1.00,1.12
2016.08.04 14:16:18.044,1.03841,1.03856,1.00,2.62
2016.08.04 14:16:18.095,1.03839,1.03856,1.00,2.62
2016.08.04 14:16:18.198,1.03838,1.03854,1.50,1.00
2016.08.04 14:16:18.249,1.03837,1.03852,1.50,1.00
2016.08.04 14:16:18.300,1.03836,1.03852,3.75,1.00
2016.08.04 14:16:18.351,1.03836,1.03852,2.62,1.00
2016.08.04 14:16:18.453,1.03837,1.03852,1.00,1.00
2016.08.04 14:16:18.504,1.03837,1.03852,1.50,1.00
2016.08.04 14:16:18.657,1.03837,1.03853,1.50,1.50
2016.08.04 14:16:18.759,1.03839,1.03853,1.00,1.00
2016.08.04 14:16:19.302,1.0384,1.03854,1.00,1.00
2016.08.04 14:16:19.404,1.0384,1.03855,1.00,1.12
2016.08.04 14:16:19.840,1.0384,1.03855,1.00,1.31
2016.08.04 14:16:19.943,1.03845,1.03855,1.00,1.31
2016.08.04 14:16:19.995,1.03845,1.03857,1.00,1.87
2016.08.04 14:16:20.046,1.03844,1.03856,2.62,1.50
2016.08.04 14:16:20.097,1.03845,1.03856,1.12,1.50
2016.08.04 14:16:20.148,1.03846,1.03858,1.00,1.25
2016.08.04 14:16:20.199,1.03846,1.03859,1.50,1.19
2016.08.04 14:16:20.302,1.03848,1.03859,1.00,1.00
2016.08.04 14:16:20.404,1.03843,1.0386,1.97,1.00
2016.08.04 14:16:20.562,1.03843,1.03859,1.00,1.00
2016.08.04 14:16:21.085,1.03844,1.03857,1.00,1.00
2016.08.04 14:16:21.613,1.03844,1.03856,1.00,1.00
2016.08.04 14:16:21.715,1.03842,1.03857,1.69,1.00
2016.08.04 14:16:21.918,1.03842,1.03858,2.44,1.00
2016.08.04 14:16:22.020,1.03842,1.03858,1.69,1.00
2016.08.04 14:16:22.071,1.03842,1.03858,1.69,1.50
2016.08.04 14:16:22.224,1.03842,1.03858,1.69,2.25
2016.08.04 14:16:22.325,1.03843,1.03855,1.00,1.00
2016.08.04 14:16:22.523,1.03841,1.03855,1.50,1.00
2016.08.04 14:16:23.045,1.03842,1.03857,1.00,1.00
2016.08.04 14:16:23.098,1.03842,1.03857,1.00,1.50
2016.08.04 14:16:23.627,1.03841,1.03855,1.00,1.00
2016.08.04 14:16:23.781,1.03841,1.03854,1.00,1.00
2016.08.04 14:16:23.832,1.03841,1.03851,1.00,1.00
2016.08.04 14:16:23.883,1.03838,1.03851,1.00,1.00
2016.08.04 14:16:24.399,1.03837,1.0385,1.00,1.00
2016.08.04 14:16:24.946,1.03837,1.03852,1.00,1.50
2016.08.04 14:16:26.994,1.03837,1.0385,1.00,1.00
2016.08.04 14:16:27.204,1.03836,1.0385,1.00,1.50
2016.08.04 14:16:27.714,1.03836,1.0385,1.50,1.00
2016.08.04 14:16:27.815,1.03836,1.0385,1.50,1.50
2016.08.04 14:16:27.957,1.03836,1.0385,1.50,1.00
2016.08.04 14:16:28.110,1.03836,1.0385,1.00,1.00
2016.08.04 14:16:28.263,1.03836,1.0385,1.00,1.50
2016.08.04 14:16:28.966,1.03836,1.03851,1.00,1.00
2016.08.04 14:16:29.018,1.03838,1.03852,1.00,1.50
2016.08.04 14:16:29.070,1.03839,1.03852,1.00,1.00
2016.08.04 14:16:29.122,1.03842,1.03855,1.00,1.00
2016.08.04 14:16:29.328,1.03843,1.03857,1.00,1.72
2016.08.04 14:16:29.379,1.03843,1.03857,1.50,2.47
2016.08.04 14:16:29.431,1.03843,1.03855,1.50,1.00
2016.08.04 14:16:29.635,1.03844,1.03857,1.00,1.22
2016.08.04 14:16:29.767,1.03846,1.03857,1.00,1.30
2016.08.04 14:16:29.818,1.03846,1.03858,1.00,1.35
2016.08.04 14:16:29.869,1.03846,1.03859,1.00,4.35
2016.08.04 14:16:29.920,1.03843,1.03859,1.00,3.60
2016.08.04 14:16:29.971,1.03843,1.03859,1.50,2.85
2016.08.04 14:16:30.650,1.03843,1.03859,1.50,3.60
2016.08.04 14:16:30.752,1.03843,1.03859,1.50,1.00
2016.08.04 14:16:30.853,1.03846,1.03859,1.00,1.50
2016.08.04 14:16:30.904,1.03846,1.03859,1.00,1.00
2016.08.04 14:16:31.439,1.03846,1.03859,1.00,1.30
2016.08.04 14:16:31.735,1.03846,1.03859,1.00,1.72
2016.08.04 14:16:32.057,1.03845,1.03859,1.12,1.72
2016.08.04 14:16:32.160,1.03844,1.03858,1.37,1.00
2016.08.04 14:16:32.262,1.03845,1.03857,1.12,1.50
2016.08.04 14:16:32.313,1.03845,1.03856,1.12,1.00
2016.08.04 14:16:32.364,1.0384,1.03853,1.00,1.00
2016.08.04 14:16:32.568,1.03838,1.03852,1.37,1.00
2016.08.04 14:16:32.622,1.03839,1.03853,1.12,1.00
2016.08.04 14:16:32.726,1.03838,1.03851,1.37,1.00
2016.08.04 14:16:32.828,1.03837,1.03851,1.50,1.00
2016.08.04 14:16:32.879,1.03837,1.03851,1.00,1.00
2016.08.04 14:16:33.466,1.03837,1.03851,1.00,1.00
2016.08.04 14:16:33.568,1.03839,1.03853,1.00,1.72
2016.08.04 14:16:34.025,1.03841,1.03853,1.00,1.72
2016.08.04 14:16:34.076,1.03841,1.03853,1.00,1.30
2016.08.04 14:16:34.129,1.03842,1.03853,1.00,1.30
2016.08.04 14:16:34.181,1.03842,1.03856,1.00,1.00
2016.08.04 14:16:34.472,1.03843,1.03856,1.00,1.30
2016.08.04 14:16:34.524,1.0384,1.03855,1.12,1.00
2016.08.04 14:16:34.576,1.0384,1.03854,1.12,1.00
2016.08.04 14:16:34.628,1.03839,1.03854,1.37,1.50
2016.08.04 14:16:35.128,1.0384,1.03854,1.12,1.50
2016.08.04 14:16:35.180,1.0384,1.03854,1.12,1.00
2016.08.04 14:16:35.384,1.03839,1.03855,1.37,1.50
2016.08.04 14:16:35.691,1.03839,1.03854,1.37,1.00
2016.08.04 14:16:35.972,1.03839,1.03854,1.37,1.30
2016.08.04 14:16:36.074,1.03838,1.03853,3.37,1.00
2016.08.04 14:16:36.126,1.03839,1.03854,1.37,1.30
2016.08.04 14:16:36.681,1.03839,1.03855,1.37,1.72
2016.08.04 14:16:37.227,1.0384,1.03853,1.12,1.00
2016.08.04 14:16:37.731,1.03838,1.03853,2.25,1.00
2016.08.04 14:16:38.572,1.0384,1.03853,1.12,1.00
2016.08.04 14:16:39.963,1.0384,1.03853,1.12,1.00
2016.08.04 14:16:40.014,1.0384,1.03853,1.12,1.50
2016.08.04 14:16:40.065,1.03836,1.03851,1.75,1.00
2016.08.04 14:16:40.116,1.03836,1.03851,1.00,1.00
2016.08.04 14:16:40.404,1.03836,1.03851,1.00,1.50
2016.08.04 14:16:40.455,1.03835,1.03849,1.50,1.00
2016.08.04 14:16:40.658,1.03834,1.03849,3.37,1.00
2016.08.04 14:16:40.975,1.03834,1.03849,2.62,1.00
2016.08.04 14:16:42.350,1.03835,1.03849,1.50,1.00
2016.08.04 14:16:42.452,1.03834,1.03849,2.62,1.00
2016.08.04 14:16:42.751,1.03834,1.03849,1.50,1.00
2016.08.04 14:16:42.923,1.03834,1.03849,1.12,1.00
2016.08.04 14:16:43.075,1.03833,1.03848,2.62,1.00
2016.08.04 14:16:44.056,1.03837,1.03849,1.00,1.00
2016.08.04 14:16:44.158,1.03836,1.03851,1.00,1.87
2016.08.04 14:16:44.209,1.03836,1.03851,1.00,1.50
2016.08.04 14:16:44.260,1.03835,1.0385,1.12,1.00
2016.08.04 14:16:44.364,1.03834,1.03848,1.50,1.00
2016.08.04 14:16:44.415,1.03834,1.03848,1.50,1.00
2016.08.04 14:16:44.466,1.03833,1.03848,1.75,1.50
2016.08.04 14:16:44.517,1.03833,1.03848,1.75,1.69
2016.08.04 14:16:44.568,1.03833,1.03847,1.75,1.00
2016.08.04 14:16:44.679,1.03831,1.03847,2.25,1.00
2016.08.04 14:16:44.735,1.03831,1.03847,1.87,1.00
2016.08.04 14:16:44.789,1.03832,1.03848,1.00,3.19
2016.08.04 14:16:44.842,1.03832,1.03848,1.00,2.44
2016.08.04 14:16:44.894,1.03832,1.03848,1.00,2.81
2016.08.04 14:16:45.578,1.03832,1.03848,1.00,2.06
2016.08.04 14:16:46.473,1.03831,1.03848,1.50,2.06
2016.08.04 14:16:48.375,1.03831,1.03848,1.50,1.69
2016.08.04 14:16:48.477,1.03831,1.03847,1.00,1.37
2016.08.04 14:16:48.580,1.0383,1.03846,1.12,1.12
2016.08.04 14:16:48.631,1.03831,1.03846,1.22,1.12
2016.08.04 14:16:48.683,1.03836,1.03848,1.00,1.50
2016.08.04 14:16:48.735,1.03836,1.03848,1.00,1.12
2016.08.04 14:16:48.786,1.03836,1.03849,1.00,1.00
2016.08.04 14:16:49.094,1.03834,1.03847,1.12,1.00
2016.08.04 14:16:49.304,1.03835,1.03848,1.00,1.00
2016.08.04 14:16:50.298,1.03837,1.03849,1.00,1.00
2016.08.04 14:16:50.456,1.03837,1.03849,1.19,1.00
2016.08.04 14:16:51.002,1.03837,1.0385,1.19,1.00
2016.08.04 14:16:51.588,1.03837,1.03849,1.19,1.00
2016.08.04 14:16:51.992,1.03837,1.03851,1.19,1.87
2016.08.04 14:16:52.094,1.03836,1.03851,1.87,1.87
2016.08.04 14:16:52.145,1.03836,1.03851,2.62,1.87
2016.08.04 14:16:52.434,1.03836,1.03851,1.87,1.87
2016.08.04 14:16:52.485,1.03835,1.03849,1.75,1.00
2016.08.04 14:16:52.537,1.03836,1.03849,1.50,1.00
2016.08.04 14:16:52.759,1.03835,1.03848,1.75,1.00
2016.08.04 14:16:52.861,1.03835,1.03848,2.25,1.00
2016.08.04 14:16:52.912,1.03835,1.03848,2.62,1.00
2016.08.04 14:16:53.014,1.03835,1.03848,2.25,1.00
2016.08.04 14:16:53.066,1.03835,1.0385,2.25,1.00
2016.08.04 14:16:53.118,1.03835,1.0385,2.62,1.00
2016.08.04 14:16:53.220,1.03836,1.0385,1.50,1.00
2016.08.04 14:16:53.271,1.03836,1.0385,2.25,1.00
2016.08.04 14:16:53.433,1.03836,1.0385,1.50,1.00
2016.08.04 14:16:53.987,1.03835,1.03849,2.25,1.00
2016.08.04 14:16:54.089,1.03835,1.03847,1.50,1.00
2016.08.04 14:16:54.140,1.03834,1.03847,1.19,1.00
2016.08.04 14:16:54.191,1.03833,1.03847,2.62,1.00
2016.08.04 14:16:54.293,1.03834,1.03847,1.19,1.00
2016.08.04 14:16:56.002,1.03834,1.03847,1.69,1.00
2016.08.04 14:16:56.053,1.03834,1.03847,2.25,1.00
2016.08.04 14:16:57.509,1.03835,1.03847,1.19,1.00
2016.08.04 14:16:57.611,1.03835,1.0385,1.69,1.25
2016.08.04 14:16:57.713,1.03835,1.0385,1.19,1.00
2016.08.04 14:16:57.764,1.03834,1.03849,3.00,1.00
2016.08.04 14:16:57.815,1.03834,1.03849,2.25,1.00
2016.08.04 14:16:58.056,1.03834,1.03849,2.25,1.25
2016.08.04 14:16:58.107,1.03834,1.03848,2.25,1.00
2016.08.04 14:16:58.211,1.03834,1.03848,1.50,1.00
2016.08.04 14:17:00.824,1.03834,1.03848,1.19,1.00
2016.08.04 14:17:02.518,1.03835,1.03848,1.25,1.00
2016.08.04 14:17:02.620,1.03836,1.0385,1.00,1.19
2016.08.04 14:17:02.722,1.03835,1.03849,1.25,1.25
2016.08.04 14:17:02.773,1.03835,1.03849,1.25,1.00
2016.08.04 14:17:02.976,1.03837,1.03849,1.00,1.00
2016.08.04 14:17:03.217,1.03834,1.0385,1.69,1.00
2016.08.04 14:17:03.268,1.03834,1.0385,1.69,1.00
2016.08.04 14:17:03.452,1.03834,1.0385,2.25,1.00
2016.08.04 14:17:03.555,1.03834,1.0385,5.25,1.00
2016.08.04 14:17:03.606,1.03838,1.0385,1.25,1.00
2016.08.04 14:17:04.115,1.03838,1.03851,1.25,1.12
2016.08.04 14:17:04.470,1.03838,1.03851,1.19,1.12
2016.08.04 14:17:04.522,1.03839,1.03852,1.25,1.12
2016.08.04 14:17:04.573,1.03839,1.03852,1.25,1.00
2016.08.04 14:17:05.020,1.0384,1.03852,1.00,1.00
2016.08.04 14:17:05.072,1.0384,1.03852,1.50,1.00
2016.08.04 14:17:05.126,1.03842,1.03854,1.25,1.00
2016.08.04 14:17:06.460,1.03842,1.03854,1.19,1.00
2016.08.04 14:17:06.511,1.0384,1.03855,4.12,1.00
2016.08.04 14:17:06.715,1.0384,1.03855,3.37,1.00
2016.08.04 14:17:06.766,1.0384,1.03855,2.81,1.00
2016.08.04 14:17:06.919,1.0384,1.03854,1.69,1.00
2016.08.04 14:17:07.432,1.0384,1.03853,1.69,1.00
2016.08.04 14:17:07.483,1.0384,1.03855,1.69,1.50
2016.08.04 14:17:07.629,1.03844,1.03857,1.00,1.69
2016.08.04 14:17:07.680,1.03844,1.03859,1.25,2.44
2016.08.04 14:17:07.833,1.03844,1.03859,1.25,2.25
2016.08.04 14:17:07.884,1.03844,1.03858,1.25,1.12
2016.08.04 14:17:08.615,1.03844,1.03859,1.25,2.25
2016.08.04 14:17:09.536,1.03844,1.03859,1.19,2.25
2016.08.04 14:17:09.690,1.03844,1.03856,1.19,1.00
2016.08.04 14:17:10.162,1.03844,1.03856,1.00,1.00
2016.08.04 14:17:10.213,1.03843,1.03856,1.25,1.00
2016.08.04 14:17:10.265,1.03842,1.03856,1.25,1.25
2016.08.04 14:17:10.316,1.0384,1.03853,2.62,1.00
2016.08.04 14:17:10.367,1.0384,1.03853,2.06,1.00
2016.08.04 14:17:10.418,1.03839,1.03853,3.75,1.00
2016.08.04 14:17:10.469,1.03839,1.03853,2.25,1.00
2016.08.04 14:17:11.060,1.03839,1.03853,3.00,1.00
2016.08.04 14:17:11.320,1.03839,1.03853,2.25,1.00
2016.08.04 14:17:11.460,1.03839,1.03854,2.44,1.00
2016.08.04 14:17:11.512,1.0384,1.03854,1.25,1.00
2016.08.04 14:17:12.217,1.0384,1.03853,1.25,1.00
2016.08.04 14:17:13.825,1.03841,1.03855,1.00,1.50
2016.08.04 14:17:13.927,1.0384,1.03852,1.25,1.00
2016.08.04 14:17:14.389,1.0384,1.03852,1.19,1.00
2016.08.04 14:17:14.909,1.0384,1.03853,1.19,1.00
2016.08.04 14:17:15.174,1.0384,1.03853,1.50,1.00
2016.08.04 14:17:15.541,1.0384,1.03853,1.75,1.00
2016.08.04 14:17:15.594,1.0384,1.03853,1.75,1.00
2016.08.04 14:17:15.645,1.03841,1.03853,1.50,1.00
2016.08.04 14:17:16.034,1.0384,1.03852,1.75,1.00
2016.08.04 14:17:16.085,1.0384,1.03852,1.75,1.00
2016.08.04 14:17:16.384,1.03839,1.03852,1.19,1.50
2016.08.04 14:17:16.539,1.03838,1.03852,2.25,1.50
2016.08.04 14:17:17.252,1.03839,1.03852,1.19,1.50
2016.08.04 14:17:19.134,1.03839,1.03853,1.69,1.50
2016.08.04 14:17:19.186,1.03839,1.03853,2.25,1.50
2016.08.04 14:17:19.238,1.03841,1.03853,1.50,1.50
2016.08.04 14:17:19.444,1.0384,1.03853,1.75,1.50
2016.08.04 14:17:19.547,1.03841,1.03852,1.50,1.00
2016.08.04 14:17:19.599,1.03841,1.03853,1.50,2.25
2016.08.04 14:17:19.651,1.03841,1.03851,1.50,1.00
2016.08.04 14:17:19.771,1.03841,1.03852,1.50,1.00
2016.08.04 14:17:19.823,1.03841,1.03853,1.50,1.50
2016.08.04 14:17:19.925,1.03841,1.03852,1.50,1.00
2016.08.04 14:17:20.028,1.03841,1.03853,1.50,1.00
2016.08.04 14:17:20.233,1.03842,1.03853,1.19,1.00
2016.08.04 14:17:20.386,1.03842,1.03853,1.50,1.00
2016.08.04 14:17:20.541,1.03841,1.0385,1.75,1.50
2016.08.04 14:17:20.668,1.03838,1.03849,1.19,1.00
2016.08.04 14:17:20.721,1.03838,1.03849,1.00,1.50
2016.08.04 14:17:20.774,1.03837,1.03849,1.00,1.00
2016.08.04 14:17:20.877,1.03836,1.03849,1.12,1.00
2016.08.04 14:17:20.929,1.03836,1.03847,1.12,1.00
2016.08.04 14:17:20.981,1.03835,1.03846,1.50,1.00
2016.08.04 14:17:21.032,1.03834,1.03847,1.75,1.00
2016.08.04 14:17:21.084,1.03833,1.03846,1.00,1.50
2016.08.04 14:17:21.136,1.03833,1.03846,1.00,2.25
2016.08.04 14:17:21.187,1.03831,1.03846,1.37,2.25
2016.08.04 14:17:21.239,1.0383,1.03846,1.25,3.00
2016.08.04 14:17:21.451,1.0383,1.03846,1.69,2.25
2016.08.04 14:17:21.984,1.0383,1.03845,1.50,1.00
2016.08.04 14:17:22.134,1.0383,1.03842,1.50,1.00
2016.08.04 14:17:22.343,1.03828,1.03841,2.62,1.00
2016.08.04 14:17:22.394,1.03828,1.03841,2.25,1.00
2016.08.04 14:17:22.525,1.03828,1.03841,3.00,1.00
2016.08.04 14:17:22.646,1.03828,1.0384,3.75,1.00
2016.08.04 14:17:22.749,1.03829,1.03841,1.62,1.00
2016.08.04 14:17:22.852,1.03829,1.03843,1.62,1.50
2016.08.04 14:17:22.903,1.03829,1.03843,1.69,1.50
2016.08.04 14:17:23.110,1.0383,1.03843,1.00,1.50
2016.08.04 14:17:23.182,1.03829,1.03842,1.56,1.00
2016.08.04 14:17:23.233,1.03828,1.03842,3.75,1.00
2016.08.04 14:17:23.285,1.03828,1.03842,4.87,1.00
2016.08.04 14:17:23.336,1.03833,1.03845,1.00,1.00
2016.08.04 14:17:23.387,1.03833,1.03845,1.00,1.00
2016.08.04 14:17:23.489,1.03833,1.03845,1.12,1.00
2016.08.04 14:17:23.692,1.03833,1.03845,1.31,1.00
2016.08.04 14:17:24.476,1.03834,1.03848,1.25,1.00
2016.08.04 14:17:24.597,1.03834,1.03848,1.25,1.50
2016.08.04 14:17:24.981,1.03834,1.03848,1.00,1.50
2016.08.04 14:17:25.628,1.03834,1.03848,1.00,1.00
2016.08.04 14:17:25.679,1.03836,1.03848,1.00,1.00
2016.08.04 14:17:26.022,1.03836,1.03848,1.00,1.00
2016.08.04 14:17:26.200,1.03836,1.03848,1.00,1.00
2016.08.04 14:17:26.655,1.03836,1.03848,1.25,1.00
2016.08.04 14:17:28.504,1.03836,1.03848,1.00,1.00
2016.08.04 14:17:29.479,1.03836,1.03849,1.00,1.00
2016.08.04 14:17:29.684,1.03836,1.0385,2.06,1.00
2016.08.04 14:17:29.800,1.03837,1.03851,1.25,1.00
2016.08.04 14:17:29.852,1.03838,1.03852,1.50,1.25
2016.08.04 14:17:29.955,1.0384,1.03852,1.00,1.25
2016.08.04 14:17:30.007,1.0384,1.03852,1.00,1.25
2016.08.04 14:17:30.058,1.03838,1.03852,1.19,1.00
2016.08.04 14:17:31.036,1.03838,1.03852,1.69,1.00
2016.08.04 14:17:31.087,1.0384,1.03852,1.00,1.00
2016.08.04 14:17:31.189,1.03838,1.03852,1.50,1.00
2016.08.04 14:17:31.491,1.03838,1.0385,1.50,1.00
2016.08.04 14:17:31.645,1.03838,1.0385,1.00,1.00
2016.08.04 14:17:31.799,1.03835,1.03848,2.44,1.00
2016.08.04 14:17:31.850,1.03835,1.03848,1.69,1.00
2016.08.04 14:17:31.901,1.03834,1.03847,2.81,1.00
2016.08.04 14:17:31.953,1.03834,1.03847,2.06,1.00
2016.08.04 14:17:33.788,1.03834,1.03847,1.87,1.00
2016.08.04 14:17:35.714,1.03833,1.03847,2.00,1.00
2016.08.04 14:17:35.765,1.03833,1.03845,3.19,1.00
2016.08.04 14:17:35.868,1.03833,1.03845,2.44,1.00
2016.08.04 14:17:35.919,1.03833,1.03845,1.69,1.00
2016.08.04 14:17:36.131,1.03833,1.03845,2.44,1.00
2016.08.04 14:17:36.563,1.03833,1.03845,3.00,1.00
2016.08.04 14:17:37.487,1.03833,1.03847,2.25,1.00
2016.08.04 14:17:37.539,1.03833,1.03847,1.50,1.00
2016.08.04 14:17:37.815,1.03833,1.03847,2.25,1.00
2016.08.04 14:17:38.618,1.03834,1.03847,1.25,1.00
2016.08.04 14:17:38.823,1.03833,1.03847,1.50,1.00
2016.08.04 14:17:39.115,1.03833,1.03847,2.25,1.00
2016.08.04 14:17:39.524,1.03834,1.03846,1.25,1.00
2016.08.04 14:17:39.575,1.03832,1.03845,1.50,1.00
2016.08.04 14:17:39.626,1.03832,1.03845,1.00,1.00
2016.08.04 14:17:40.084,1.03833,1.03846,1.25,1.00
2016.08.04 14:17:40.313,1.03833,1.03846,1.69,1.00
2016.08.04 14:17:40.831,1.03833,1.03847,1.69,1.00
2016.08.04 14:17:41.488,1.03834,1.03848,1.00,1.00
2016.08.04 14:17:41.721,1.03834,1.03848,1.50,1.00
2016.08.04 14:17:41.772,1.03837,1.03849,1.00,1.50
2016.08.04 14:17:41.823,1.03837,1.03849,1.50,1.50
2016.08.04 14:17:42.027,1.03837,1.03849,1.00,1.50
2016.08.04 14:17:42.315,1.03837,1.03849,1.50,1.50
2016.08.04 14:17:42.469,1.03837,1.03849,1.50,1.00
2016.08.04 14:17:42.520,1.03837,1.03849,1.00,1.00
2016.08.04 14:17:42.737,1.03837,1.03852,1.69,1.50
2016.08.04 14:17:42.789,1.03837,1.03852,1.69,1.00
2016.08.04 14:17:42.840,1.03837,1.03852,1.69,1.00
2016.08.04 14:17:42.942,1.03837,1.03852,1.69,1.00
2016.08.04 14:17:43.620,1.03837,1.03852,1.69,1.00
2016.08.04 14:17:44.118,1.03837,1.03852,1.50,1.50
2016.08.04 14:17:44.616,1.03839,1.03851,1.00,1.00
2016.08.04 14:17:45.679,1.03838,1.0385,1.00,1.00
2016.08.04 14:17:45.781,1.03836,1.0385,1.50,1.00
2016.08.04 14:17:45.833,1.03836,1.0385,1.00,1.00
2016.08.04 14:17:45.884,1.03835,1.03848,1.00,1.00
2016.08.04 14:17:45.936,1.03834,1.03848,1.00,1.87
2016.08.04 14:17:46.111,1.03833,1.03847,2.81,1.00
2016.08.04 14:17:46.162,1.03833,1.03847,2.06,1.00
2016.08.04 14:17:46.316,1.03833,1.03847,1.12,2.62
2016.08.04 14:17:46.368,1.03833,1.03845,1.12,1.00
2016.08.04 14:17:46.420,1.03832,1.03843,1.00,1.50
2016.08.04 14:17:46.472,1.0383,1.03843,1.87,2.25
2016.08.04 14:17:46.524,1.03829,1.03842,2.62,1.50
2016.08.04 14:17:46.575,1.03829,1.03842,2.25,1.50
2016.08.04 14:17:46.627,1.0383,1.03842,1.00,1.00
2016.08.04 14:17:46.887,1.03828,1.03842,1.12,1.50
2016.08.04 14:17:46.938,1.03828,1.03842,1.12,2.25
2016.08.04 14:17:47.142,1.03828,1.03842,1.12,1.50
2016.08.04 14:17:47.483,1.03825,1.03839,3.56,1.00
2016.08.04 14:17:47.535,1.03825,1.03839,3.56,1.00
2016.08.04 14:17:47.586,1.03825,1.03839,2.62,2.25
2016.08.04 14:17:47.724,1.03825,1.03835,1.12,1.00
2016.08.04 14:17:47.776,1.03823,1.03835,1.00,1.00
2016.08.04 14:17:47.828,1.03821,1.03835,1.37,1.00
2016.08.04 14:17:47.930,1.03821,1.03835,1.37,1.00
2016.08.04 14:17:48.032,1.03821,1.03835,1.37,1.00
2016.08.04 14:17:48.083,1.03823,1.03835,1.00,1.00
2016.08.04 14:17:48.594,1.03822,1.03834,1.12,1.00
2016.08.04 14:17:48.849,1.03822,1.03834,1.00,1.00
2016.08.04 14:17:49.001,1.03819,1.03832,1.50,1.00
2016.08.04 14:17:49.103,1.03821,1.03831,1.00,1.00
2016.08.04 14:17:49.256,1.03821,1.03831,1.00,1.50
2016.08.04 14:17:49.307,1.03818,1.03831,1.87,1.50
2016.08.04 14:17:49.469,1.03818,1.03831,1.12,1.50
2016.08.04 14:17:49.520,1.03818,1.03831,1.12,1.33
2016.08.04 14:17:49.572,1.03818,1.03832,1.12,1.24
2016.08.04 14:17:50.249,1.03818,1.03833,1.12,3.24
2016.08.04 14:17:50.485,1.03818,1.03832,1.12,1.24
2016.08.04 14:17:50.681,1.03818,1.03832,1.12,1.00
2016.08.04 14:17:50.834,1.03818,1.03832,1.12,1.00
2016.08.04 14:17:50.935,1.03817,1.03829,1.50,1.00
2016.08.04 14:17:51.037,1.03817,1.03829,1.00,1.00
2016.08.04 14:17:51.088,1.03815,1.03828,1.12,1.00
2016.08.04 14:17:51.394,1.03816,1.0383,1.00,1.00
2016.08.04 14:17:51.446,1.03816,1.03832,1.00,1.87
2016.08.04 14:17:51.656,1.03816,1.03831,1.00,1.00
2016.08.04 14:17:51.946,1.03819,1.03833,1.00,2.06
2016.08.04 14:17:51.997,1.03821,1.03833,1.00,1.62
2016.08.04 14:17:52.048,1.03821,1.03834,1.00,1.00
2016.08.04 14:17:52.099,1.03821,1.03835,1.00,1.12
2016.08.04 14:17:52.150,1.03821,1.03837,1.00,3.56
2016.08.04 14:17:52.252,1.03822,1.03837,1.00,3.94
2016.08.04 14:17:52.443,1.03823,1.03837,1.00,2.25
2016.08.04 14:17:52.494,1.03824,1.03837,1.00,1.50
2016.08.04 14:17:52.545,1.03824,1.03837,1.00,1.87
2016.08.04 14:17:52.596,1.03823,1.03837,1.00,4.61
2016.08.04 14:17:52.647,1.03823,1.03837,1.00,4.24
2016.08.04 14:17:52.698,1.03823,1.03838,1.00,2.25
2016.08.04 14:17:52.750,1.03823,1.03838,1.00,1.00
2016.08.04 14:17:52.801,1.03823,1.03838,1.12,1.00
2016.08.04 14:17:52.861,1.03825,1.03838,1.50,1.00
2016.08.04 14:17:54.033,1.03828,1.03838,1.00,1.00
2016.08.04 14:17:54.084,1.03828,1.03841,1.00,1.31
2016.08.04 14:17:54.186,1.03828,1.03839,1.00,1.00
2016.08.04 14:17:54.238,1.03824,1.03837,1.00,1.00
2016.08.04 14:17:54.340,1.03823,1.03834,1.50,1.00
2016.08.04 14:17:54.516,1.03821,1.03834,2.25,1.00
2016.08.04 14:17:54.569,1.03821,1.03836,1.50,1.50
2016.08.04 14:17:54.620,1.03821,1.03835,1.00,1.00
2016.08.04 14:17:54.672,1.0382,1.03835,1.00,1.50
2016.08.04 14:17:54.723,1.03819,1.03835,1.12,1.00
2016.08.04 14:17:54.775,1.03818,1.03835,2.62,1.00
2016.08.04 14:17:54.881,1.03818,1.03836,2.62,5.36
2016.08.04 14:17:54.986,1.03818,1.03836,2.62,2.25
2016.08.04 14:17:55.037,1.03818,1.03836,3.37,1.50
2016.08.04 14:17:55.088,1.03818,1.03836,3.37,1.00
2016.08.04 14:17:55.304,1.03818,1.03836,3.37,1.87
2016.08.04 14:17:55.356,1.03816,1.03833,1.87,1.00
2016.08.04 14:17:55.510,1.03819,1.03832,1.00,1.00
2016.08.04 14:17:55.562,1.03819,1.03832,1.00,1.00
2016.08.04 14:17:55.688,1.03819,1.03832,1.00,1.00
2016.08.04 14:17:55.739,1.03819,1.03832,1.00,1.12
2016.08.04 14:17:55.973,1.03819,1.03832,1.00,1.00
2016.08.04 14:17:56.024,1.03819,1.03834,1.00,2.62
2016.08.04 14:17:56.177,1.0382,1.03834,1.00,3.00
2016.08.04 14:17:56.228,1.03819,1.03833,1.00,1.00
2016.08.04 14:17:56.454,1.03819,1.03833,1.12,1.50
2016.08.04 14:17:56.557,1.03819,1.03833,1.12,2.25
2016.08.04 14:17:56.765,1.03819,1.03833,1.12,1.50
2016.08.04 14:17:57.030,1.03819,1.03833,1.12,1.00
2016.08.04 14:17:57.517,1.03819,1.03833,1.12,1.50
2016.08.04 14:17:57.568,1.0382,1.03833,1.00,1.00
2016.08.04 14:17:57.620,1.03824,1.03834,1.00,1.00
2016.08.04 14:17:57.771,1.03824,1.03837,1.00,3.49
2016.08.04 14:17:57.823,1.03823,1.03837,1.00,1.50
2016.08.04 14:17:58.385,1.03823,1.03837,1.00,1.87
2016.08.04 14:17:58.876,1.03822,1.03837,1.00,1.50
2016.08.04 14:17:59.240,1.03822,1.03837,1.00,1.00
2016.08.04 14:18:00.073,1.03822,1.03837,1.50,1.00
2016.08.04 14:18:00.124,1.03824,1.0384,1.00,3.56
2016.08.04 14:18:00.176,1.03824,1.0384,1.00,2.81
2016.08.04 14:18:00.278,1.03824,1.03839,1.00,1.00
2016.08.04 14:18:00.330,1.03825,1.03838,1.00,1.00
2016.08.04 14:18:00.850,1.03825,1.03839,1.00,1.00
2016.08.04 14:18:01.165,1.03825,1.03839,1.50,1.00
2016.08.04 14:18:01.216,1.03827,1.03843,1.00,2.44
2016.08.04 14:18:01.267,1.03827,1.03843,1.75,1.69
2016.08.04 14:18:01.319,1.0383,1.03843,1.00,1.25
2016.08.04 14:18:01.371,1.0383,1.03844,1.00,1.19
2016.08.04 14:18:01.520,1.03831,1.03846,1.00,1.69
2016.08.04 14:18:01.625,1.03833,1.03846,1.00,1.50
2016.08.04 14:18:01.676,1.03833,1.03846,1.00,3.00
2016.08.04 14:18:01.727,1.03831,1.03846,1.12,3.56
2016.08.04 14:18:01.829,1.03831,1.03846,1.12,3.19
2016.08.04 14:18:02.085,1.03831,1.03846,1.12,3.00
2016.08.04 14:18:02.188,1.03831,1.03846,1.12,2.25
2016.08.04 14:18:02.595,1.03831,1.03845,1.00,1.00
2016.08.04 14:18:02.647,1.0383,1.03843,1.00,1.00
2016.08.04 14:18:02.751,1.03829,1.03842,1.12,1.00
2016.08.04 14:18:02.873,1.03829,1.03842,1.12,1.00
2016.08.04 14:18:03.071,1.03827,1.03843,2.62,2.62
2016.08.04 14:18:03.176,1.03827,1.03843,2.62,1.50
2016.08.04 14:18:03.353,1.03827,1.03843,2.62,2.25
2016.08.04 14:18:03.542,1.03826,1.03841,4.12,1.00
2016.08.04 14:18:03.593,1.03826,1.03841,4.12,1.25
2016.08.04 14:18:03.644,1.03826,1.03841,2.62,1.25
2016.08.04 14:18:03.695,1.03826,1.03838,2.62,1.00
2016.08.04 14:18:03.797,1.03826,1.03838,1.87,1.00
2016.08.04 14:18:03.935,1.03825,1.03838,2.25,1.00
2016.08.04 14:18:03.987,1.03825,1.03841,1.50,1.69
2016.08.04 14:18:04.556,1.03825,1.03839,1.50,1.00
2016.08.04 14:18:04.613,1.03826,1.03839,1.00,1.00
2016.08.04 14:18:05.191,1.03826,1.03841,1.00,1.69
2016.08.04 14:18:05.344,1.03825,1.03841,1.50,1.69
2016.08.04 14:18:06.390,1.03825,1.03841,1.50,2.06
2016.08.04 14:18:06.958,1.03825,1.03841,1.50,1.31
2016.08.04 14:18:07.009,1.03825,1.03841,1.50,1.25
2016.08.04 14:18:07.269,1.03825,1.03841,1.50,1.69
2016.08.04 14:18:07.545,1.03827,1.0384,1.00,1.00
2016.08.04 14:18:08.047,1.03826,1.0384,1.00,1.00
2016.08.04 14:18:09.037,1.03827,1.0384,1.00,1.00
2016.08.04 14:18:09.141,1.03826,1.03841,1.00,1.50
2016.08.04 14:18:09.347,1.03826,1.0384,1.00,1.00
2016.08.04 14:18:10.508,1.03826,1.0384,1.00,1.25
2016.08.04 14:18:10.957,1.03825,1.03839,1.50,1.00
2016.08.04 14:18:11.164,1.03823,1.03838,1.87,1.00
2016.08.04 14:18:11.215,1.03823,1.03838,1.12,1.00
2016.08.04 14:18:11.266,1.03822,1.03838,2.25,1.00
2016.08.04 14:18:11.317,1.03822,1.03837,1.50,1.50
2016.08.04 14:18:11.368,1.03821,1.03834,1.00,1.50
2016.08.04 14:18:11.470,1.0382,1.03834,1.50,1.00
2016.08.04 14:18:11.572,1.0382,1.03834,1.50,1.00
2016.08.04 14:18:11.725,1.0382,1.03834,2.25,1.00
2016.08.04 14:18:11.776,1.0382,1.03833,2.25,1.00
2016.08.04 14:18:11.827,1.0382,1.03833,1.50,1.00
2016.08.04 14:18:11.982,1.03819,1.03832,1.12,1.00
2016.08.04 14:18:12.033,1.03819,1.03832,1.12,1.00
2016.08.04 14:18:12.135,1.03818,1.03833,2.62,1.00
2016.08.04 14:18:12.238,1.03819,1.03833,1.00,1.00
2016.08.04 14:18:12.979,1.0382,1.03833,1.00,1.00
2016.08.04 14:18:13.508,1.03819,1.03832,1.00,1.00
2016.08.04 14:18:13.771,1.0382,1.03835,1.00,1.00
2016.08.04 14:18:13.821,1.0382,1.03835,1.00,1.25
2016.08.04 14:18:14.025,1.0382,1.03835,1.50,1.25
2016.08.04 14:18:14.142,1.0382,1.03835,1.50,1.12
2016.08.04 14:18:14.244,1.0382,1.03835,1.00,1.12
2016.08.04 14:18:14.447,1.03821,1.03835,1.00,1.00
2016.08.04 14:18:14.498,1.03821,1.03835,1.00,1.25
2016.08.04 14:18:14.925,1.03821,1.03835,1.00,1.00
2016.08.04 14:18:14.976,1.03821,1.03835,1.00,1.12
2016.08.04 14:18:15.183,1.03821,1.03836,1.00,1.87
2016.08.04 14:18:15.815,1.0382,1.03836,2.25,2.62
2016.08.04 14:18:16.062,1.0382,1.03836,2.62,2.25
2016.08.04 14:18:16.113,1.03821,1.03836,1.87,1.50
2016.08.04 14:18:16.227,1.03823,1.03836,1.87,1.00
2016.08.04 14:18:16.279,1.03824,1.0384,1.50,3.68
2016.08.04 14:18:16.330,1.03824,1.0384,2.62,1.19
2016.08.04 14:18:16.381,1.03826,1.03839,1.00,1.00
2016.08.04 14:18:16.587,1.03827,1.0384,1.00,1.25
2016.08.04 14:18:16.638,1.03827,1.03841,1.00,1.19
2016.08.04 14:18:16.689,1.03827,1.03841,1.00,1.00
2016.08.04 14:18:16.740,1.03826,1.0384,1.50,1.00
2016.08.04 14:18:17.336,1.03826,1.0384,1.50,1.19
2016.08.04 14:18:17.387,1.03826,1.03838,1.00,1.25
2016.08.04 14:18:17.438,1.03826,1.03838,1.00,1.69
2016.08.04 14:18:17.491,1.03823,1.03836,1.33,1.25
2016.08.04 14:18:17.542,1.03822,1.03833,1.00,1.00
2016.08.04 14:18:17.593,1.0382,1.03833,1.37,1.00
2016.08.04 14:18:17.645,1.03819,1.03831,1.50,1.00
2016.08.04 14:18:17.696,1.03819,1.03831,1.00,1.00
2016.08.04 14:18:17.848,1.03817,1.03833,1.87,1.50
2016.08.04 14:18:17.952,1.03818,1.03832,1.00,1.00
2016.08.04 14:18:18.130,1.03818,1.03832,1.00,1.00
2016.08.04 14:18:18.181,1.03817,1.03832,1.87,1.00
2016.08.04 14:18:18.334,1.03818,1.03832,1.00,1.00
2016.08.04 14:18:18.386,1.03819,1.03832,1.00,1.00
2016.08.04 14:18:18.989,1.03819,1.03832,1.00,1.25
2016.08.04 14:18:19.091,1.03819,1.03832,1.00,1.69
2016.08.04 14:18:19.759,1.03819,1.03832,1.00,2.06
2016.08.04 14:18:19.963,1.03817,1.03832,1.24,3.94
2016.08.04 14:18:20.138,1.03817,1.03832,1.00,3.94
2016.08.04 14:18:20.341,1.03817,1.03832,1.00,3.19
2016.08.04 14:18:20.393,1.03816,1.03831,2.12,1.37
2016.08.04 14:18:20.444,1.03817,1.03832,1.00,3.19
2016.08.04 14:18:20.750,1.03818,1.03832,1.00,2.44
2016.08.04 14:18:21.576,1.03817,1.03832,1.74,2.44
2016.08.04 14:18:21.780,1.03818,1.03832,1.00,2.44
2016.08.04 14:18:22.677,1.03818,1.03832,1.00,1.69
2016.08.04 14:18:22.729,1.03818,1.03832,1.00,1.00
2016.08.04 14:18:22.780,1.03818,1.03832,1.00,1.12
2016.08.04 14:18:22.831,1.03818,1.03832,1.00,1.12
2016.08.04 14:18:22.989,1.0382,1.03833,1.00,1.00
2016.08.04 14:18:23.097,1.03817,1.03832,1.74,1.50
2016.08.04 14:18:23.198,1.03818,1.03831,1.70,1.00
2016.08.04 14:18:23.351,1.03818,1.03831,1.37,1.00
2016.08.04 14:18:23.473,1.03819,1.03833,1.12,1.00
2016.08.04 14:18:23.525,1.03818,1.03833,2.12,1.50
2016.08.04 14:18:23.628,1.03818,1.03833,2.12,1.00
2016.08.04 14:18:23.884,1.03819,1.03833,1.37,1.00
2016.08.04 14:18:24.145,1.03819,1.03833,2.12,1.00
2016.08.04 14:18:24.451,1.03819,1.03833,1.12,1.00
2016.08.04 14:18:24.502,1.03817,1.03832,2.49,1.00
2016.08.04 14:18:24.553,1.03817,1.03832,3.00,1.50
2016.08.04 14:18:24.604,1.03817,1.03832,3.00,1.50
2016.08.04 14:18:25.689,1.03817,1.03831,3.00,1.00
2016.08.04 14:18:25.795,1.03818,1.03831,1.37,1.00
2016.08.04 14:18:26.629,1.03818,1.03828,1.37,1.00
2016.08.04 14:18:26.751,1.03818,1.03831,1.37,1.00
2016.08.04 14:18:26.955,1.03817,1.03833,2.25,1.25
2016.08.04 14:18:27.109,1.03817,1.03833,2.25,1.25
2016.08.04 14:18:27.313,1.03817,1.03833,2.25,1.69
2016.08.04 14:18:27.364,1.03818,1.03831,1.37,1.00
2016.08.04 14:18:28.399,1.03818,1.03831,1.37,1.00
2016.08.04 14:18:28.605,1.03817,1.0383,2.62,1.00
2016.08.04 14:18:28.656,1.03817,1.0383,1.50,1.00
2016.08.04 14:18:28.860,1.03817,1.03831,1.00,1.00
2016.08.04 14:18:29.147,1.03817,1.03831,1.33,1.00
2016.08.04 14:18:30.526,1.03817,1.03831,1.24,1.00
2016.08.04 14:18:30.759,1.03817,1.03831,1.74,1.00
2016.08.04 14:18:30.810,1.03817,1.03832,1.74,1.50
2016.08.04 14:18:31.336,1.03817,1.03831,1.74,1.00
2016.08.04 14:18:31.387,1.03817,1.0383,1.24,1.00
2016.08.04 14:18:31.438,1.03816,1.0383,4.74,1.19
2016.08.04 14:18:31.489,1.03816,1.03829,3.99,1.25
2016.08.04 14:18:31.642,1.03816,1.03829,1.00,1.25
2016.08.04 14:18:31.693,1.03814,1.03829,2.49,1.25
2016.08.04 14:18:31.744,1.03814,1.03829,2.49,1.31
2016.08.04 14:18:32.353,1.03814,1.03829,2.49,1.62
2016.08.04 14:18:32.405,1.03814,1.03828,1.74,1.19
2016.08.04 14:18:32.456,1.03814,1.03829,1.74,3.19
2016.08.04 14:18:32.507,1.03815,1.03828,1.37,1.50
2016.08.04 14:18:32.611,1.03815,1.03828,1.37,1.12
2016.08.04 14:18:32.763,1.03815,1.03828,1.12,1.12
2016.08.04 14:18:32.814,1.03815,1.03827,1.12,1.00
2016.08.04 14:18:32.866,1.03811,1.03825,2.08,1.00
2016.08.04 14:18:32.917,1.03811,1.03822,1.70,1.00
2016.08.04 14:18:32.968,1.03808,1.03819,1.75,1.50
2016.08.04 14:18:33.019,1.03808,1.03819,1.75,1.50
2016.08.04 14:18:33.070,1.03806,1.03819,2.62,1.00
2016.08.04 14:18:33.214,1.03804,1.03817,2.25,1.12
2016.08.04 14:18:33.265,1.03801,1.03817,1.74,1.87
2016.08.04 14:18:33.316,1.03801,1.03817,3.24,1.87
2016.08.04 14:18:33.368,1.03802,1.03815,3.62,1.00
2016.08.04 14:18:33.420,1.03805,1.03815,1.70,1.00
2016.08.04 14:18:33.471,1.03805,1.03823,5.12,3.56
2016.08.04 14:18:33.523,1.03807,1.03823,1.74,2.25
2016.08.04 14:18:33.574,1.03807,1.03823,1.74,1.12
2016.08.04 14:18:33.626,1.03812,1.03824,1.00,1.69
2016.08.04 14:18:33.678,1.03812,1.03826,1.00,3.56
2016.08.04 14:18:33.729,1.0381,1.03826,1.33,1.87
2016.08.04 14:18:33.874,1.03812,1.03826,1.37,1.50
2016.08.04 14:18:33.925,1.03812,1.03826,1.37,1.00
2016.08.04 14:18:33.976,1.03811,1.03826,2.44,1.00
2016.08.04 14:18:34.232,1.03811,1.03826,2.44,1.50
2016.08.04 14:18:34.284,1.0381,1.03826,2.26,2.25
2016.08.04 14:18:34.335,1.0381,1.03826,1.51,1.50
2016.08.04 14:18:34.489,1.0381,1.03826,1.93,1.50
2016.08.04 14:18:34.692,1.0381,1.03826,1.93,1.00
2016.08.04 14:18:34.744,1.0381,1.03825,1.69,1.50
2016.08.04 14:18:34.859,1.0381,1.03826,1.93,1.00
2016.08.04 14:18:35.010,1.0381,1.03823,1.93,1.00
2016.08.04 14:18:35.167,1.0381,1.03823,1.33,1.00
2016.08.04 14:18:35.219,1.03812,1.03823,1.00,1.00
2016.08.04 14:18:35.461,1.03812,1.03826,1.00,1.50
2016.08.04 14:18:36.484,1.03812,1.03826,1.00,1.00
2016.08.04 14:18:36.709,1.03812,1.03824,1.00,1.00
2016.08.04 14:18:37.518,1.03813,1.03824,1.00,1.00
2016.08.04 14:18:37.710,1.03813,1.03826,1.00,1.00
2016.08.04 14:18:37.966,1.03813,1.03826,1.00,1.50
2016.08.04 14:18:38.618,1.03813,1.03826,1.00,1.87
2016.08.04 14:18:38.669,1.03813,1.03826,1.00,1.12
2016.08.04 14:18:38.720,1.03813,1.03826,1.00,1.50
2016.08.04 14:18:38.964,1.03813,1.03826,1.00,2.25
2016.08.04 14:18:39.015,1.0381,1.03824,1.74,1.00
2016.08.04 14:18:39.067,1.0381,1.03824,1.50,1.50
2016.08.04 14:18:39.217,1.0381,1.03824,1.00,1.87
2016.08.04 14:18:39.269,1.0381,1.03824,1.00,2.62
2016.08.04 14:18:39.320,1.0381,1.03824,1.00,2.25
2016.08.04 14:18:39.421,1.0381,1.03823,1.00,1.00
2016.08.04 14:18:39.574,1.03811,1.03823,1.00,1.00
2016.08.04 14:18:39.625,1.03811,1.03824,1.00,1.50
2016.08.04 14:18:39.778,1.0381,1.03824,1.50,1.50
2016.08.04 14:18:39.931,1.0381,1.03824,1.50,2.25
2016.08.04 14:18:39.982,1.0381,1.03824,1.00,2.25
2016.08.04 14:18:40.234,1.0381,1.03824,1.00,3.00
2016.08.04 14:18:40.286,1.0381,1.03823,1.00,1.00
2016.08.04 14:18:40.617,1.03808,1.03823,1.50,1.50
2016.08.04 14:18:40.668,1.03808,1.03822,1.50,1.00
2016.08.04 14:18:40.719,1.03805,1.0382,4.37,1.00
2016.08.04 14:18:40.771,1.03806,1.0382,1.50,1.00
2016.08.04 14:18:40.924,1.03807,1.0382,1.12,1.00
2016.08.04 14:18:41.026,1.03806,1.0382,2.25,1.00
2016.08.04 14:18:41.077,1.03806,1.0382,1.37,1.00
2016.08.04 14:18:41.233,1.03806,1.0382,1.00,1.00
2016.08.04 14:18:41.675,1.03806,1.0382,1.50,1.00
2016.08.04 14:18:41.847,1.03806,1.0382,1.00,1.00
2016.08.04 14:18:42.051,1.03806,1.0382,1.74,1.00
2016.08.04 14:18:43.416,1.03808,1.03822,1.00,1.00
2016.08.04 14:18:43.467,1.0381,1.03824,3.24,1.69
2016.08.04 14:18:43.518,1.0381,1.03825,3.99,1.87
2016.08.04 14:18:43.570,1.03811,1.03825,1.74,1.00
2016.08.04 14:18:43.687,1.03811,1.03828,2.49,2.44
2016.08.04 14:18:43.739,1.03811,1.03826,1.74,1.25
2016.08.04 14:18:43.790,1.03811,1.03826,1.24,1.25
2016.08.04 14:18:43.841,1.0381,1.03826,1.24,1.50
2016.08.04 14:18:43.943,1.03808,1.03825,2.31,1.50
2016.08.04 14:18:43.994,1.03808,1.03825,2.12,1.50
2016.08.04 14:18:44.045,1.03808,1.03825,1.74,1.50
2016.08.04 14:18:44.148,1.03808,1.03823,1.74,1.00
2016.08.04 14:18:44.361,1.03807,1.03823,3.62,1.00
2016.08.04 14:18:44.464,1.0381,1.03824,1.00,1.12
2016.08.04 14:18:44.516,1.0381,1.03824,1.50,1.12
2016.08.04 14:18:44.725,1.0381,1.03824,1.00,1.12
2016.08.04 14:18:44.928,1.03811,1.03823,1.00,1.00
2016.08.04 14:18:44.980,1.03811,1.03823,1.00,1.50
2016.08.04 14:18:45.036,1.03809,1.03823,1.12,1.00
2016.08.04 14:18:45.087,1.03808,1.03823,1.50,1.50
2016.08.04 14:18:45.138,1.03808,1.03823,1.00,2.25
2016.08.04 14:18:45.189,1.03807,1.03821,1.00,1.00
2016.08.04 14:18:45.241,1.03807,1.03821,1.00,1.12
2016.08.04 14:18:45.292,1.03807,1.03822,1.00,1.37
2016.08.04 14:18:45.343,1.03807,1.03822,1.00,1.00
2016.08.04 14:18:45.657,1.03807,1.03822,1.00,1.00
2016.08.04 14:18:46.056,1.03807,1.03822,1.33,1.00
2016.08.04 14:18:46.356,1.03807,1.03822,1.24,1.00
2016.08.04 14:18:46.525,1.03807,1.03822,1.24,1.00
2016.08.04 14:18:46.576,1.03808,1.03822,1.33,1.00
2016.08.04 14:18:46.628,1.03808,1.03823,1.74,1.25
2016.08.04 14:18:46.739,1.0381,1.03823,1.00,1.25
2016.08.04 14:18:46.841,1.0381,1.03823,1.00,1.00
2016.08.04 14:18:47.225,1.0381,1.03823,1.00,1.50
2016.08.04 14:18:47.378,1.03809,1.03822,1.00,1.00
2016.08.04 14:18:47.532,1.03809,1.03823,1.00,3.00
2016.08.04 14:18:47.583,1.03809,1.03823,1.00,2.25
2016.08.04 14:18:47.713,1.0381,1.03823,1.00,1.50
2016.08.04 14:18:47.765,1.0381,1.03824,1.00,1.00
2016.08.04 14:18:47.816,1.03811,1.03825,1.00,1.50
2016.08.04 14:18:47.867,1.03811,1.03825,1.00,1.00
2016.08.04 14:18:48.379,1.03811,1.03825,1.00,1.50
2016.08.04 14:18:48.480,1.03811,1.03826,1.00,1.77
2016.08.04 14:18:48.942,1.03811,1.03826,1.00,1.25
2016.08.04 14:18:49.100,1.03811,1.03826,1.50,1.25
2016.08.04 14:18:49.315,1.03811,1.03826,1.00,1.31
2016.08.04 14:18:49.418,1.0381,1.03826,1.50,1.25
2016.08.04 14:18:49.521,1.03812,1.03826,1.00,1.25
2016.08.04 14:18:49.635,1.03813,1.03827,1.00,1.46
2016.08.04 14:18:49.686,1.03813,1.03827,1.50,1.00
2016.08.04 14:18:49.737,1.03815,1.03828,1.00,2.21
2016.08.04 14:18:49.788,1.03815,1.03828,1.00,2.02
2016.08.04 14:18:49.839,1.03816,1.03828,1.00,1.27
2016.08.04 14:18:49.890,1.03816,1.03828,1.00,1.20
2016.08.04 14:18:49.942,1.03816,1.0383,1.00,1.52
2016.08.04 14:18:50.095,1.03815,1.03831,1.50,5.02
2016.08.04 14:18:50.146,1.03815,1.03831,1.00,2.96
2016.08.04 14:18:50.197,1.03815,1.03831,1.50,2.96
2016.08.04 14:18:50.248,1.03815,1.03828,1.50,1.00
2016.08.04 14:18:50.357,1.03815,1.03831,1.50,2.96
2016.08.04 14:18:50.409,1.03815,1.0383,1.00,1.00
2016.08.04 14:18:50.597,1.03815,1.0383,1.00,1.12
2016.08.04 14:18:50.648,1.03815,1.0383,1.00,1.50
2016.08.04 14:18:50.699,1.03815,1.0383,1.00,1.69
2016.08.04 14:18:50.750,1.03815,1.03828,1.00,1.00
2016.08.04 14:18:51.583,1.03814,1.03828,1.00,1.00
2016.08.04 14:18:51.634,1.03814,1.03829,1.00,1.31
2016.08.04 14:18:51.685,1.03813,1.03829,3.75,1.31
2016.08.04 14:18:51.737,1.03814,1.03829,1.00,1.31
2016.08.04 14:18:52.324,1.03814,1.03829,1.00,1.25
2016.08.04 14:18:52.376,1.03815,1.03829,1.00,1.69
2016.08.04 14:18:52.427,1.03816,1.03829,1.00,1.00
2016.08.04 14:18:52.479,1.03816,1.0383,2.25,1.00
2016.08.04 14:18:52.530,1.03816,1.03831,2.25,1.12
2016.08.04 14:18:52.671,1.03817,1.03828,1.50,1.00
2016.08.04 14:18:52.774,1.03817,1.03828,2.25,1.00
2016.08.04 14:18:52.876,1.03817,1.03831,1.00,1.12
2016.08.04 14:18:52.928,1.03817,1.0383,1.00,1.00
2016.08.04 14:18:52.979,1.03815,1.03829,4.87,1.00
2016.08.04 14:18:53.083,1.03815,1.0383,4.12,1.00
2016.08.04 14:18:53.389,1.03815,1.0383,3.75,1.00
2016.08.04 14:18:53.440,1.03818,1.03832,1.00,3.56
2016.08.04 14:18:53.491,1.03818,1.03832,1.00,2.06
2016.08.04 14:18:53.948,1.03817,1.03832,1.50,1.69
2016.08.04 14:18:54.050,1.03818,1.03832,1.00,1.69
2016.08.04 14:18:54.392,1.03817,1.03832,1.50,1.69
2016.08.04 14:18:54.777,1.03816,1.03832,2.25,2.06
2016.08.04 14:18:54.915,1.03816,1.0383,1.00,1.37
2016.08.04 14:18:54.966,1.03815,1.0383,1.37,1.87
2016.08.04 14:18:55.017,1.03815,1.0383,1.00,1.87
2016.08.04 14:18:55.170,1.03815,1.0383,1.00,1.12
2016.08.04 14:18:56.003,1.03815,1.03828,1.50,1.00
2016.08.04 14:18:56.320,1.03816,1.0383,1.00,1.12
2016.08.04 14:18:56.371,1.03816,1.0383,1.00,1.00
2016.08.04 14:18:56.626,1.03816,1.03831,1.00,1.31
2016.08.04 14:18:56.677,1.03816,1.03831,1.00,1.25
2016.08.04 14:18:56.932,1.03815,1.0383,1.50,1.00
2016.08.04 14:18:56.983,1.03815,1.0383,2.25,1.00
2016.08.04 14:18:57.085,1.03815,1.0383,1.50,1.00
2016.08.04 14:18:57.445,1.03816,1.0383,1.00,1.00
2016.08.04 14:18:58.037,1.03817,1.03829,1.00,1.00
2016.08.04 14:18:58.415,1.03818,1.03831,1.00,1.00
2016.08.04 14:18:58.569,1.0382,1.03831,1.00,1.00
2016.08.04 14:19:00.214,1.03818,1.03831,1.00,1.12
2016.08.04 14:19:00.265,1.03818,1.03831,1.00,1.00
2016.08.04 14:19:00.685,1.03818,1.03831,1.00,1.12
2016.08.04 14:19:01.276,1.03818,1.03831,1.00,1.00
2016.08.04 14:19:02.802,1.03818,1.03833,1.00,1.50
2016.08.04 14:19:02.853,1.0382,1.03833,1.00,1.00
2016.08.04 14:19:02.904,1.0382,1.03833,1.00,3.60
2016.08.04 14:19:02.955,1.0382,1.03833,1.00,4.35
2016.08.04 14:19:03.229,1.0382,1.03833,1.00,4.35
2016.08.04 14:19:03.280,1.0382,1.03833,1.00,1.00
2016.08.04 14:19:03.382,1.0382,1.03833,1.00,1.35
2016.08.04 14:19:03.934,1.0382,1.03833,1.00,1.35
2016.08.04 14:19:03.985,1.03821,1.03834,1.00,1.69
2016.08.04 14:19:04.087,1.03821,1.03834,1.00,1.18
2016.08.04 14:19:04.494,1.03821,1.03834,1.00,1.56
2016.08.04 14:19:04.545,1.03819,1.03834,1.50,1.56
2016.08.04 14:19:05.194,1.03819,1.03834,1.50,1.49
2016.08.04 14:19:05.347,1.0382,1.03835,1.00,2.68
2016.08.04 14:19:05.398,1.03822,1.03835,1.00,1.33
2016.08.04 14:19:05.449,1.03823,1.03836,1.00,2.12
2016.08.04 14:19:05.500,1.03823,1.03836,1.00,1.00
2016.08.04 14:19:05.653,1.03822,1.03837,2.25,1.37
2016.08.04 14:19:05.705,1.03823,1.03837,1.00,1.37
2016.08.04 14:19:05.756,1.03823,1.03837,1.00,1.37
2016.08.04 14:19:05.909,1.03823,1.03837,1.00,1.12
2016.08.04 14:19:05.960,1.03823,1.03837,1.00,1.37
2016.08.04 14:19:06.168,1.03823,1.03835,1.00,1.00
2016.08.04 14:19:06.219,1.03822,1.03835,2.25,1.00
2016.08.04 14:19:06.270,1.03822,1.03835,1.50,1.00
2016.08.04 14:19:06.423,1.03822,1.03837,2.25,1.12
2016.08.04 14:19:06.830,1.03823,1.03838,1.00,3.37
2016.08.04 14:19:07.084,1.03823,1.03838,1.50,2.62
2016.08.04 14:19:07.293,1.03823,1.03838,1.00,3.37
2016.08.04 14:19:08.112,1.03824,1.03838,1.00,1.50
2016.08.04 14:19:08.163,1.03825,1.03838,1.00,1.50
2016.08.04 14:19:08.265,1.03826,1.0384,1.00,1.75
2016.08.04 14:19:08.316,1.03826,1.0384,1.00,1.00
2016.08.04 14:19:08.418,1.03826,1.0384,1.00,1.12
2016.08.04 14:19:08.900,1.03826,1.0384,1.00,1.00
2016.08.04 14:19:09.204,1.03826,1.0384,1.12,1.00
2016.08.04 14:19:09.255,1.03828,1.0384,1.00,1.00
2016.08.04 14:19:09.306,1.03828,1.03841,1.00,1.00
2016.08.04 14:19:11.055,1.03826,1.03841,2.25,1.00
2016.08.04 14:19:11.998,1.03826,1.03841,1.50,1.00
2016.08.04 14:19:12.049,1.03827,1.03842,1.87,1.00
2016.08.04 14:19:12.152,1.03829,1.03843,1.00,3.19
2016.08.04 14:19:12.203,1.03829,1.03843,1.00,2.44
2016.08.04 14:19:12.590,1.03829,1.03843,1.00,1.69
2016.08.04 14:19:12.642,1.03829,1.03843,1.00,1.25
2016.08.04 14:19:12.693,1.03829,1.03843,1.50,1.25
2016.08.04 14:19:12.744,1.03831,1.03843,1.00,1.25
2016.08.04 14:19:12.795,1.03831,1.03843,1.00,1.00
2016.08.04 14:19:13.162,1.03832,1.03846,1.00,4.11
2016.08.04 14:19:13.218,1.03832,1.03846,1.00,3.36
2016.08.04 14:19:13.516,1.03832,1.03846,1.00,3.49
2016.08.04 14:19:13.618,1.03832,1.03846,1.50,1.24
2016.08.04 14:19:13.669,1.03833,1.03847,1.50,1.00
2016.08.04 14:19:13.720,1.03833,1.03848,2.25,1.24
2016.08.04 14:19:13.771,1.03835,1.03849,1.00,5.93
2016.08.04 14:19:13.822,1.03835,1.03849,1.00,4.80
2016.08.04 14:19:13.873,1.03835,1.03848,1.00,1.24
2016.08.04 14:19:13.975,1.03835,1.03849,1.00,4.43
2016.08.04 14:19:15.056,1.03837,1.03849,1.00,3.68
2016.08.04 14:19:15.107,1.03837,1.03848,1.00,1.24
2016.08.04 14:19:15.158,1.03837,1.03848,1.00,1.99
2016.08.04 14:19:15.610,1.03837,1.03848,1.00,1.00
2016.08.04 14:19:15.819,1.03837,1.03848,1.00,1.24
2016.08.04 14:19:16.152,1.03837,1.03849,1.00,3.49
2016.08.04 14:19:16.355,1.03837,1.03848,1.00,1.24
2016.08.04 14:19:17.098,1.03835,1.03848,1.00,1.24
2016.08.04 14:19:17.149,1.03835,1.03848,1.00,1.61
2016.08.04 14:19:17.302,1.03834,1.03848,1.50,1.61
2016.08.04 14:19:17.923,1.03834,1.03848,1.50,1.24
2016.08.04 14:19:17.974,1.03834,1.03848,1.50,2.74
2016.08.04 14:19:18.025,1.03834,1.03848,1.00,2.74
2016.08.04 14:19:18.229,1.03834,1.03848,1.50,2.74
2016.08.04 14:19:18.577,1.03834,1.03849,1.50,5.74
2016.08.04 14:19:19.561,1.03834,1.03843,1.50,1.00
2016.08.04 14:19:19.612,1.03833,1.03843,1.00,1.00
2016.08.04 14:19:19.714,1.0383,1.03844,1.12,1.24
2016.08.04 14:19:19.765,1.0383,1.03843,1.00,1.00
2016.08.04 14:19:19.993,1.0383,1.03844,1.00,3.49
2016.08.04 14:19:20.050,1.0383,1.03843,1.00,1.24
2016.08.04 14:19:20.153,1.0383,1.03844,1.00,4.61
2016.08.04 14:19:20.204,1.03829,1.03844,1.00,2.62
2016.08.04 14:19:20.306,1.03829,1.03844,1.00,6.11
2016.08.04 14:19:20.357,1.03829,1.03843,1.00,1.24
2016.08.04 14:19:20.409,1.03829,1.03843,1.00,1.00
2016.08.04 14:19:20.460,1.03829,1.03844,1.00,1.99
2016.08.04 14:19:20.616,1.0383,1.03844,1.00,1.24
2016.08.04 14:19:21.226,1.0383,1.03844,1.00,4.24
2016.08.04 14:19:21.277,1.03831,1.03844,1.00,1.00
2016.08.04 14:19:21.328,1.03831,1.03846,1.00,1.50
2016.08.04 14:19:22.432,1.03831,1.03846,1.00,1.00
2016.08.04 14:19:22.483,1.03831,1.03847,1.00,2.36
2016.08.04 14:19:22.534,1.03831,1.03847,1.00,3.11
2016.08.04 14:19:22.715,1.03831,1.03847,1.00,2.36
2016.08.04 14:19:22.852,1.03831,1.03847,1.00,1.15
2016.08.04 14:19:22.904,1.03831,1.03847,1.00,1.15
2016.08.04 14:19:23.013,1.03831,1.03847,1.00,1.61
2016.08.04 14:19:23.318,1.03832,1.03847,1.00,1.15
2016.08.04 14:19:23.594,1.03832,1.03848,1.00,6.86
2016.08.04 14:19:23.645,1.03832,1.03847,1.00,1.00
2016.08.04 14:19:23.696,1.0383,1.03843,1.00,1.00
2016.08.04 14:19:23.841,1.03829,1.03838,1.50,1.00
2016.08.04 14:19:23.893,1.03829,1.03838,1.00,1.00
2016.08.04 14:19:23.945,1.03827,1.03838,1.00,1.00
2016.08.04 14:19:23.996,1.03824,1.03838,3.00,1.00
2016.08.04 14:19:24.047,1.03824,1.03838,2.25,1.00
2016.08.04 14:19:24.098,1.03824,1.03839,1.87,1.00
2016.08.04 14:19:25.410,1.03824,1.03839,1.12,1.00
2016.08.04 14:19:25.992,1.03825,1.03839,1.00,1.00
2016.08.04 14:19:26.094,1.03827,1.03841,1.00,1.50
2016.08.04 14:19:26.146,1.03827,1.03841,1.00,1.00
2016.08.04 14:19:26.402,1.03826,1.03841,1.00,1.37
2016.08.04 14:19:26.658,1.03827,1.03841,1.00,1.00
2016.08.04 14:19:26.805,1.03825,1.03841,1.69,1.00
2016.08.04 14:19:26.857,1.03825,1.03841,1.50,1.12
2016.08.04 14:19:26.908,1.03825,1.03841,1.50,1.87
2016.08.04 14:19:26.960,1.03825,1.03841,1.50,2.25
2016.08.04 14:19:27.163,1.03825,1.03841,1.00,2.25
2016.08.04 14:19:27.368,1.03825,1.0384,1.00,1.00
2016.08.04 14:19:27.419,1.03827,1.03842,1.00,1.00
2016.08.04 14:19:27.470,1.03827,1.03843,1.00,1.87
2016.08.04 14:19:27.523,1.03828,1.03843,1.00,1.87
2016.08.04 14:19:28.184,1.03828,1.03843,1.50,1.87
2016.08.04 14:19:28.676,1.03828,1.03843,1.50,2.62
2016.08.04 14:19:28.798,1.03828,1.03843,1.50,1.87
2016.08.04 14:19:29.129,1.03828,1.03841,1.50,1.00
2016.08.04 14:19:29.231,1.03828,1.03843,1.50,1.87
2016.08.04 14:19:29.576,1.03828,1.03843,1.50,2.62
2016.08.04 14:19:29.902,1.03828,1.03843,1.50,3.00
2016.08.04 14:19:30.068,1.03828,1.03842,1.00,1.50
2016.08.04 14:19:30.120,1.03828,1.03842,1.00,1.12
2016.08.04 14:19:30.225,1.03829,1.03842,1.00,1.12
2016.08.04 14:19:30.438,1.03829,1.03842,1.00,1.12
2016.08.04 14:19:30.489,1.03827,1.03842,1.50,1.37
2016.08.04 14:19:30.591,1.03827,1.03842,1.50,1.00
2016.08.04 14:19:30.780,1.03827,1.03842,1.50,1.00
2016.08.04 14:19:30.831,1.03829,1.03842,1.00,1.00
2016.08.04 14:19:32.622,1.0383,1.03843,1.00,2.62
2016.08.04 14:19:33.085,1.0383,1.03843,1.00,1.87
2016.08.04 14:19:33.136,1.03831,1.03843,1.00,1.12
2016.08.04 14:19:33.239,1.03831,1.03844,1.00,1.15
2016.08.04 14:19:33.341,1.03831,1.03845,1.00,3.49
2016.08.04 14:19:33.392,1.03831,1.03845,1.00,1.00
2016.08.04 14:19:33.934,1.03833,1.03845,1.00,1.00
2016.08.04 14:19:34.036,1.03833,1.03845,1.00,1.37
2016.08.04 14:19:34.138,1.03833,1.03845,1.00,2.12
2016.08.04 14:19:34.240,1.03832,1.03844,1.00,1.24
2016.08.04 14:19:34.847,1.0383,1.03845,1.50,2.12
2016.08.04 14:19:34.950,1.03833,1.03845,1.00,2.12
2016.08.04 14:19:35.001,1.03834,1.03845,1.00,1.00
2016.08.04 14:19:35.052,1.03834,1.03847,1.00,3.99
2016.08.04 14:19:35.104,1.03834,1.03847,1.00,3.43
2016.08.04 14:19:35.258,1.03834,1.03847,1.00,2.68
2016.08.04 14:19:35.309,1.03834,1.03847,1.00,1.93
2016.08.04 14:19:35.514,1.03834,1.03847,1.00,1.69
2016.08.04 14:19:35.566,1.03834,1.03847,1.00,1.50
2016.08.04 14:19:35.768,1.03834,1.03847,1.00,2.25
2016.08.04 14:19:35.819,1.03834,1.03847,1.00,3.00
2016.08.04 14:19:35.921,1.03834,1.03847,1.00,2.25
2016.08.04 14:19:36.331,1.03836,1.03847,1.00,1.50
2016.08.04 14:19:36.433,1.03837,1.0385,1.00,1.37
2016.08.04 14:19:36.485,1.03837,1.0385,1.00,1.00
2016.08.04 14:19:36.536,1.03837,1.03848,1.00,1.00
2016.08.04 14:19:36.952,1.03835,1.03848,1.00,1.00
2016.08.04 14:19:37.004,1.03835,1.03848,1.00,1.87
2016.08.04 14:19:37.056,1.03834,1.03846,1.87,1.00
2016.08.04 14:19:37.159,1.03834,1.03846,1.12,1.00
2016.08.04 14:19:37.210,1.03834,1.03847,1.12,1.00
2016.08.04 14:19:37.262,1.03834,1.03847,1.00,1.00
2016.08.04 14:19:37.314,1.03834,1.03847,1.00,1.50
2016.08.04 14:19:37.416,1.03835,1.03848,1.00,2.62
2016.08.04 14:19:37.568,1.03835,1.03845,1.00,1.00
2016.08.04 14:19:37.620,1.03832,1.03844,1.19,1.00
2016.08.04 14:19:37.672,1.03832,1.03843,1.00,1.50
2016.08.04 14:19:37.723,1.03829,1.03843,2.44,2.25
2016.08.04 14:19:37.774,1.03829,1.03843,2.44,1.50
2016.08.04 14:19:37.825,1.03826,1.03842,3.94,1.87
2016.08.04 14:19:37.876,1.03826,1.03842,3.75,1.87
2016.08.04 14:19:37.928,1.03826,1.0384,3.00,1.00
2016.08.04 14:19:38.031,1.03826,1.0384,2.25,1.00
2016.08.04 14:19:38.293,1.03826,1.0384,1.50,1.00
2016.08.04 14:19:38.345,1.03824,1.03838,3.19,1.00
2016.08.04 14:19:38.396,1.03823,1.03837,1.56,1.00
2016.08.04 14:19:38.447,1.03823,1.03836,1.87,1.00
2016.08.04 14:19:38.550,1.03822,1.03835,2.62,1.00
2016.08.04 14:19:38.727,1.03821,1.03835,2.00,1.00
2016.08.04 14:19:38.829,1.0382,1.03833,2.44,1.00
2016.08.04 14:19:38.881,1.0382,1.03833,3.19,1.00
2016.08.04 14:19:38.932,1.0382,1.03833,3.94,1.00
2016.08.04 14:19:38.983,1.0382,1.03833,3.00,1.00
2016.08.04 14:19:39.085,1.0382,1.03833,2.25,1.00
2016.08.04 14:19:39.136,1.03821,1.03835,3.62,1.50
2016.08.04 14:19:39.417,1.0382,1.03835,5.49,1.50
2016.08.04 14:19:39.468,1.0382,1.03835,4.74,2.25
2016.08.04 14:19:39.520,1.0382,1.03835,1.74,2.25
2016.08.04 14:19:39.571,1.0382,1.03835,2.49,1.50
2016.08.04 14:19:39.623,1.0382,1.03835,3.00,1.50
2016.08.04 14:19:39.674,1.0382,1.03835,2.25,2.25
2016.08.04 14:19:39.931,1.0382,1.03835,2.25,1.50
2016.08.04 14:19:40.033,1.0382,1.03834,2.25,1.00
2016.08.04 14:19:40.241,1.0382,1.03834,2.25,1.50
2016.08.04 14:19:40.737,1.0382,1.03833,2.25,1.00
2016.08.04 14:19:40.961,1.0382,1.03835,2.25,3.00
2016.08.04 14:19:42.150,1.0382,1.03835,2.25,2.25
2016.08.04 14:19:42.438,1.0382,1.03835,2.25,3.00
2016.08.04 14:19:42.542,1.03822,1.03835,1.00,3.00
2016.08.04 14:19:42.717,1.03823,1.03834,1.00,1.00
2016.08.04 14:19:42.871,1.03824,1.03834,1.00,1.00
2016.08.04 14:19:42.923,1.03825,1.03837,1.50,1.12
2016.08.04 14:19:42.975,1.03825,1.03837,1.50,1.87
2016.08.04 14:19:43.026,1.03826,1.03837,1.00,1.87
2016.08.04 14:19:43.078,1.03826,1.03837,1.00,1.00
2016.08.04 14:19:43.231,1.03823,1.03836,1.69,1.50
2016.08.04 14:19:43.364,1.03825,1.03836,1.00,1.00
2016.08.04 14:19:43.421,1.03828,1.03839,1.00,2.25
2016.08.04 14:19:43.472,1.03828,1.03839,1.00,1.12
2016.08.04 14:19:43.524,1.03831,1.0384,1.00,1.00
2016.08.04 14:19:43.577,1.03831,1.03844,1.00,1.87
2016.08.04 14:19:43.628,1.03831,1.03844,1.00,1.12
2016.08.04 14:19:43.680,1.03831,1.03845,1.00,1.37
2016.08.04 14:19:43.732,1.03831,1.03846,1.00,1.50
2016.08.04 14:19:43.835,1.03831,1.03846,1.00,2.62
2016.08.04 14:19:43.887,1.03831,1.03846,1.00,1.87
2016.08.04 14:19:43.939,1.0383,1.03844,1.00,1.00
2016.08.04 14:19:44.709,1.0383,1.03844,1.33,1.00
2016.08.04 14:19:45.112,1.0383,1.03844,1.00,1.24
2016.08.04 14:19:45.164,1.03827,1.03843,2.49,2.49
2016.08.04 14:19:45.215,1.03827,1.03843,1.74,2.49
2016.08.04 14:19:45.380,1.03827,1.03842,1.33,1.00
2016.08.04 14:19:45.539,1.03827,1.0384,1.33,1.00
2016.08.04 14:19:45.976,1.03827,1.03838,1.33,1.00
2016.08.04 14:19:46.510,1.03827,1.03838,1.00,1.00
2016.08.04 14:19:47.843,1.03827,1.03839,1.00,1.00
2016.08.04 14:19:48.072,1.03827,1.0384,1.00,1.00
2016.08.04 14:19:48.123,1.03827,1.0384,1.25,1.00
2016.08.04 14:19:48.226,1.03827,1.0384,1.00,1.00
2016.08.04 14:19:48.277,1.03825,1.03841,2.49,1.33
2016.08.04 14:19:48.379,1.03825,1.03839,2.49,1.00
2016.08.04 14:19:48.532,1.03827,1.03839,1.00,1.00
2016.08.04 14:19:49.034,1.03827,1.03838,1.00,1.00
2016.08.04 14:19:49.547,1.03827,1.03839,1.00,1.00
2016.08.04 14:19:50.117,1.03827,1.03837,1.00,1.12
2016.08.04 14:19:50.169,1.03824,1.03836,2.08,1.37
2016.08.04 14:19:50.221,1.03824,1.03836,1.12,1.99
2016.08.04 14:19:50.273,1.03821,1.03834,1.75,1.37
2016.08.04 14:19:50.327,1.0382,1.03834,2.44,2.12
2016.08.04 14:19:50.378,1.0382,1.03834,2.06,1.74
2016.08.04 14:19:50.429,1.0382,1.03834,1.00,1.00
2016.08.04 14:19:50.480,1.03818,1.03835,1.49,1.00
2016.08.04 14:19:50.633,1.03817,1.03835,4.93,1.24
2016.08.04 14:19:50.684,1.03817,1.03833,4.93,1.33
2016.08.04 14:19:50.735,1.03817,1.03833,3.99,1.33
2016.08.04 14:19:50.838,1.03817,1.03833,3.62,1.33
2016.08.04 14:19:50.889,1.03817,1.03834,3.62,1.24
2016.08.04 14:19:51.235,1.03818,1.03834,1.12,1.24
2016.08.04 14:19:51.286,1.03818,1.03834,1.12,1.37
2016.08.04 14:19:51.433,1.03819,1.03834,1.00,2.12
2016.08.04 14:19:51.828,1.03819,1.0383,1.00,1.33
2016.08.04 14:19:51.879,1.03816,1.03828,1.37,1.00
2016.08.04 14:19:51.930,1.03816,1.03828,1.00,1.00
2016.08.04 14:19:52.032,1.03816,1.03828,1.00,1.33
2016.08.04 14:19:52.083,1.03815,1.03823,1.00,1.00
2016.08.04 14:19:52.224,1.03813,1.03823,1.19,1.00
2016.08.04 14:19:52.275,1.03813,1.03823,1.19,1.00
2016.08.04 14:19:52.377,1.03813,1.03829,1.00,2.87
2016.08.04 14:19:52.479,1.03811,1.03826,1.87,1.00
2016.08.04 14:19:52.530,1.03811,1.03822,1.12,1.24
2016.08.04 14:19:52.581,1.03811,1.03822,1.12,1.24
2016.08.04 14:19:52.685,1.0381,1.03822,1.12,1.24
2016.08.04 14:19:52.736,1.0381,1.03822,1.00,2.74
2016.08.04 14:19:52.787,1.03808,1.03822,1.12,4.24
2016.08.04 14:19:52.839,1.03808,1.03822,1.12,3.49
2016.08.04 14:19:52.941,1.03808,1.03822,1.12,2.74
2016.08.04 14:19:53.963,1.03808,1.03822,1.12,3.49
2016.08.04 14:19:54.167,1.03809,1.03822,1.00,4.24
2016.08.04 14:19:54.371,1.03809,1.03822,1.00,3.49
2016.08.04 14:19:54.993,1.03809,1.03822,1.00,3.49
2016.08.04 14:19:55.045,1.03809,1.03823,1.00,6.11
2016.08.04 14:19:56.155,1.03809,1.03823,1.00,2.62
2016.08.04 14:19:56.377,1.03808,1.03824,1.87,1.69
2016.08.04 14:19:56.428,1.03811,1.03824,1.00,1.69
2016.08.04 14:19:56.479,1.03812,1.03824,1.00,1.00
2016.08.04 14:19:57.025,1.03812,1.03823,1.00,1.00
2016.08.04 14:19:57.569,1.0381,1.03823,1.00,1.50
2016.08.04 14:19:57.773,1.03809,1.03823,1.00,1.12
2016.08.04 14:19:57.912,1.03809,1.03823,1.00,1.00
2016.08.04 14:19:58.102,1.03809,1.03823,1.00,1.12
2016.08.04 14:19:59.103,1.03809,1.03823,1.00,1.00
2016.08.04 14:19:59.427,1.03809,1.03819,1.00,1.00
2016.08.04 14:19:59.478,1.03809,1.03823,1.00,1.50
2016.08.04 14:19:59.604,1.03808,1.03823,1.87,1.00
2016.08.04 14:19:59.924,1.03808,1.03823,1.87,4.24
2016.08.04 14:19:59.975,1.03808,1.03823,1.87,3.49
2016.08.04 14:20:00.026,1.03808,1.03823,1.50,3.86
2016.08.04 14:20:00.128,1.03808,1.03823,1.50,4.61
2016.08.04 14:20:00.231,1.03808,1.03823,1.50,4.24
2016.08.04 14:20:01.162,1.03808,1.03823,1.50,1.50
2016.08.04 14:20:01.267,1.03808,1.03824,1.50,4.31
2016.08.04 14:20:02.159,1.03808,1.03824,1.50,4.12
2016.08.04 14:20:02.209,1.03808,1.03824,1.50,3.75
2016.08.04 14:20:02.260,1.03808,1.03824,1.50,3.00
2016.08.04 14:20:02.311,1.03808,1.03822,1.50,1.00
2016.08.04 14:20:02.363,1.03808,1.03822,1.74,1.00
2016.08.04 14:20:02.414,1.03808,1.03824,1.93,2.62
2016.08.04 14:20:02.465,1.03808,1.03823,1.93,1.37
2016.08.04 14:20:02.516,1.03811,1.03823,1.00,1.00
2016.08.04 14:20:03.109,1.03811,1.03824,1.00,1.00
2016.08.04 14:20:03.601,1.03814,1.03824,1.00,1.00
2016.08.04 14:20:03.653,1.03814,1.03828,1.12,1.37
2016.08.04 14:20:03.704,1.03815,1.03828,1.00,1.50
2016.08.04 14:20:03.755,1.03815,1.03828,1.87,1.50
2016.08.04 14:20:03.806,1.03816,1.03828,1.12,1.00
2016.08.04 14:20:03.857,1.03817,1.03828,1.00,1.00
2016.08.04 14:20:04.022,1.03814,1.03828,1.37,2.25
2016.08.04 14:20:04.074,1.03812,1.03828,3.75,1.50
2016.08.04 14:20:04.126,1.03812,1.03828,2.62,2.25
2016.08.04 14:20:04.177,1.03812,1.03828,2.25,2.25
2016.08.04 14:20:04.229,1.03812,1.03828,1.87,1.50
2016.08.04 14:20:04.334,1.03812,1.03828,1.50,1.87
2016.08.04 14:20:04.589,1.03812,1.03828,1.00,1.87
2016.08.04 14:20:05.266,1.03812,1.03828,1.00,2.62
2016.08.04 14:20:05.317,1.03812,1.03825,1.00,1.00
2016.08.04 14:20:05.572,1.03812,1.03825,1.25,1.00
2016.08.04 14:20:05.622,1.03813,1.03826,1.00,1.00
2016.08.04 14:20:05.827,1.03812,1.03825,1.25,1.00
2016.08.04 14:20:06.276,1.03812,1.03825,1.19,1.00
2016.08.04 14:20:07.095,1.03811,1.03825,1.31,1.00
2016.08.04 14:20:07.146,1.03811,1.03825,1.19,1.00
2016.08.04 14:20:07.374,1.03812,1.03825,1.19,1.00
2016.08.04 14:20:07.426,1.03814,1.03828,1.25,5.74
2016.08.04 14:20:07.477,1.03815,1.03828,1.00,4.99
2016.08.04 14:20:07.529,1.03815,1.03828,1.87,4.24
2016.08.04 14:20:07.580,1.03815,1.03828,2.06,4.24
2016.08.04 14:20:07.631,1.03817,1.03831,1.25,3.86
2016.08.04 14:20:07.683,1.03816,1.03831,1.19,3.49
2016.08.04 14:20:07.734,1.03816,1.03831,1.31,1.00
2016.08.04 14:20:07.884,1.03815,1.03829,2.31,1.00
2016.08.04 14:20:08.039,1.03815,1.03829,1.31,1.00
2016.08.04 14:20:08.090,1.03814,1.03829,1.56,1.00
2016.08.04 14:20:08.141,1.03813,1.03828,2.68,1.00
2016.08.04 14:20:08.192,1.03813,1.03828,1.93,1.00
2016.08.04 14:20:08.244,1.03814,1.03828,1.81,1.00
2016.08.04 14:20:08.346,1.03811,1.03828,2.68,1.00
2016.08.04 14:20:08.402,1.03811,1.03828,2.31,1.00
2016.08.04 14:20:08.454,1.03812,1.03824,1.69,1.00
2016.08.04 14:20:08.656,1.03812,1.03823,1.19,1.00
2016.08.04 14:20:08.758,1.03812,1.03825,1.19,1.00
2016.08.04 14:20:08.860,1.03811,1.03825,1.31,1.00
2016.08.04 14:20:08.962,1.03811,1.03823,1.19,1.00
2016.08.04 14:20:09.731,1.03809,1.03823,4.31,1.00
2016.08.04 14:20:09.936,1.03812,1.03824,1.19,1.00
2016.08.04 14:20:10.039,1.03812,1.03824,1.31,1.00
2016.08.04 14:20:10.540,1.0381,1.03824,1.69,1.00
2016.08.04 14:20:10.591,1.03812,1.03824,1.31,1.00
2016.08.04 14:20:11.119,1.03812,1.03823,1.31,1.00
2016.08.04 14:20:11.546,1.03812,1.03825,1.31,1.33
2016.08.04 14:20:11.597,1.03812,1.03826,1.31,1.74
2016.08.04 14:20:11.648,1.03812,1.03827,1.31,2.87
2016.08.04 14:20:11.699,1.0381,1.03823,1.69,1.50
2016.08.04 14:20:11.750,1.03809,1.03819,1.94,1.00
2016.08.04 14:20:11.852,1.03808,1.03819,2.44,1.00
2016.08.04 14:20:11.903,1.03808,1.03819,1.94,1.00
2016.08.04 14:20:11.955,1.03808,1.03819,1.19,1.00
2016.08.04 14:20:12.657,1.03808,1.03818,1.19,1.00
2016.08.04 14:20:13.139,1.0381,1.03818,1.19,1.00
2016.08.04 14:20:13.537,1.03807,1.03819,1.93,1.00
2016.08.04 14:20:13.640,1.03807,1.03821,1.51,1.00
2016.08.04 14:20:13.742,1.03807,1.03819,1.19,1.50
2016.08.04 14:20:13.946,1.03805,1.03818,1.69,1.00
2016.08.04 14:20:14.048,1.03806,1.03818,1.31,1.00
2016.08.04 14:20:14.189,1.03806,1.03819,1.31,1.00
2016.08.04 14:20:14.240,1.03804,1.03819,2.44,1.00
2016.08.04 14:20:14.342,1.03806,1.03819,1.31,1.00
2016.08.04 14:20:14.879,1.03806,1.03818,1.31,1.00
2016.08.04 14:20:14.931,1.03803,1.03818,3.43,1.00
2016.08.04 14:20:14.984,1.03803,1.03818,2.68,1.00
2016.08.04 14:20:15.036,1.03803,1.03818,1.94,2.25
2016.08.04 14:20:15.088,1.03803,1.03818,1.19,2.25
2016.08.04 14:20:15.242,1.03803,1.03818,1.19,3.00
2016.08.04 14:20:15.345,1.03803,1.03818,1.19,3.75
2016.08.04 14:20:15.410,1.03804,1.03817,1.19,1.00
2016.08.04 14:20:15.851,1.03804,1.03817,1.19,1.00
2016.08.04 14:20:15.952,1.03804,1.03817,1.25,1.00
2016.08.04 14:20:16.054,1.03804,1.03817,1.25,1.00
2016.08.04 14:20:16.796,1.03804,1.03817,1.00,1.00
2016.08.04 14:20:16.847,1.03802,1.03814,2.31,1.50
2016.08.04 14:20:16.899,1.03802,1.03814,1.49,1.50
2016.08.04 14:20:16.950,1.038,1.03814,2.44,1.00
2016.08.04 14:20:17.001,1.038,1.03814,1.69,1.00
2016.08.04 14:20:17.052,1.038,1.03814,1.69,1.00
2016.08.04 14:20:17.154,1.03801,1.03813,1.31,1.00
2016.08.04 14:20:17.761,1.03802,1.03817,1.00,1.00
2016.08.04 14:20:17.816,1.03802,1.03818,1.19,1.87
2016.08.04 14:20:17.969,1.03802,1.03818,1.19,1.12
2016.08.04 14:20:18.121,1.03803,1.03818,1.25,1.12
2016.08.04 14:20:18.172,1.03803,1.03818,1.25,2.25
2016.08.04 14:20:18.797,1.03803,1.03816,1.25,1.00
2016.08.04 14:20:18.848,1.03801,1.03813,1.19,1.00
2016.08.04 14:20:18.899,1.038,1.03813,2.44,1.00
2016.08.04 14:20:19.075,1.03799,1.03813,1.94,1.00
2016.08.04 14:20:19.126,1.038,1.03813,1.69,1.00
2016.08.04 14:20:19.177,1.038,1.03815,1.69,1.00
2016.08.04 14:20:19.228,1.03801,1.03816,1.31,2.62
2016.08.04 14:20:19.280,1.03801,1.03816,1.31,1.87
2016.08.04 14:20:19.331,1.03801,1.03817,1.31,3.00
2016.08.04 14:20:19.432,1.03801,1.03816,1.31,1.12
2016.08.04 14:20:19.585,1.03801,1.03816,1.31,1.00
2016.08.04 14:20:19.636,1.03799,1.03815,1.94,1.00
2016.08.04 14:20:19.687,1.03798,1.03814,1.69,1.00
2016.08.04 14:20:19.739,1.03798,1.03814,1.19,1.50
2016.08.04 14:20:19.793,1.03798,1.03813,1.19,1.00
2016.08.04 14:20:19.945,1.03798,1.03813,1.19,1.12
2016.08.04 14:20:19.997,1.03798,1.03814,1.19,3.00
2016.08.04 14:20:20.098,1.03798,1.03813,1.19,1.00
2016.08.04 14:20:20.404,1.03798,1.03812,1.19,1.12
2016.08.04 14:20:20.506,1.03798,1.03812,1.19,1.00
2016.08.04 14:20:20.557,1.038,1.03813,1.00,1.12
2016.08.04 14:20:20.608,1.038,1.03813,1.00,1.00
2016.08.04 14:20:20.659,1.038,1.03814,1.19,1.50
2016.08.04 14:20:20.710,1.038,1.03814,1.69,1.50
2016.08.04 14:20:20.761,1.038,1.03814,2.44,1.50
2016.08.04 14:20:20.863,1.03801,1.03814,1.69,1.50
2016.08.04 14:20:21.074,1.03801,1.03814,1.25,1.50
2016.08.04 14:20:21.532,1.03801,1.03814,1.19,1.50
2016.08.04 14:20:21.787,1.03801,1.03813,1.19,1.00
2016.08.04 14:20:22.074,1.03801,1.03814,1.19,1.50
2016.08.04 14:20:22.754,1.038,1.03813,1.69,1.00
2016.08.04 14:20:23.882,1.03801,1.03814,1.25,1.50
2016.08.04 14:20:23.984,1.03801,1.03814,1.19,1.50
2016.08.04 14:20:24.188,1.03801,1.03813,1.19,1.00
2016.08.04 14:20:25.919,1.03801,1.03813,1.00,1.00
2016.08.04 14:20:26.182,1.03801,1.03814,1.00,1.50
2016.08.04 14:20:26.284,1.03801,1.03814,1.00,1.87
2016.08.04 14:20:26.387,1.038,1.03813,1.00,1.00
2016.08.04 14:20:26.567,1.03799,1.03814,1.00,1.87
2016.08.04 14:20:26.618,1.03798,1.03814,1.12,2.62
2016.08.04 14:20:26.720,1.03798,1.03814,1.12,3.00
2016.08.04 14:20:26.771,1.03797,1.03814,1.37,3.75
2016.08.04 14:20:26.873,1.03797,1.03813,1.37,1.12
2016.08.04 14:20:26.975,1.038,1.03813,1.00,1.12
2016.08.04 14:20:27.026,1.03801,1.03813,1.00,1.00
2016.08.04 14:20:27.078,1.03802,1.03815,1.12,2.48
2016.08.04 14:20:27.129,1.03802,1.03815,1.87,1.73
2016.08.04 14:20:27.180,1.03805,1.03817,1.00,2.48
2016.08.04 14:20:27.231,1.03805,1.03817,1.00,1.73
2016.08.04 14:20:27.282,1.03805,1.03819,1.00,3.60
2016.08.04 14:20:27.956,1.03804,1.03818,1.00,1.00
2016.08.04 14:20:28.007,1.03804,1.03818,1.00,1.50
2016.08.04 14:20:28.058,1.03804,1.03818,1.00,2.25
2016.08.04 14:20:28.109,1.03804,1.03818,1.00,2.62
2016.08.04 14:20:28.161,1.03803,1.03817,1.00,1.00
2016.08.04 14:20:28.213,1.03803,1.03817,1.00,1.00
2016.08.04 14:20:28.366,1.03807,1.03813,1.00,1.00
2016.08.04 14:20:28.681,1.03805,1.03813,1.00,1.00
2016.08.04 14:20:29.795,1.03808,1.03819,1.00,1.00
2016.08.04 14:20:29.897,1.03808,1.03821,1.00,1.12
2016.08.04 14:20:29.948,1.03808,1.03821,1.00,1.00
2016.08.04 14:20:30.100,1.03808,1.03821,1.00,1.12
2016.08.04 14:20:30.558,1.03806,1.03819,1.00,1.00
2016.08.04 14:20:30.690,1.03806,1.03814,1.00,1.00
2016.08.04 14:20:30.795,1.03803,1.03814,1.12,1.00
2016.08.04 14:20:30.847,1.03802,1.03814,1.87,1.00
2016.08.04 14:20:30.898,1.03801,1.03817,1.87,1.00
2016.08.04 14:20:31.000,1.03801,1.03814,1.87,1.00
2016.08.04 14:20:31.102,1.03801,1.03813,1.12,1.00
2016.08.04 14:20:31.355,1.03801,1.03813,1.87,1.00
2016.08.04 14:20:31.457,1.03802,1.03813,1.00,1.00
2016.08.04 14:20:31.586,1.03802,1.03818,2.25,1.87
2016.08.04 14:20:31.640,1.03803,1.03818,1.12,1.00
2016.08.04 14:20:31.691,1.03804,1.03819,1.00,1.69
2016.08.04 14:20:31.905,1.03804,1.03818,1.00,1.00
2016.08.04 14:20:31.956,1.03805,1.03818,1.00,1.50
2016.08.04 14:20:32.007,1.03805,1.03814,1.00,1.00
2016.08.04 14:20:32.168,1.03805,1.03818,1.00,1.50
2016.08.04 14:20:32.268,1.03805,1.03813,1.00,1.00
2016.08.04 14:20:32.488,1.03803,1.03813,1.87,1.00
2016.08.04 14:20:32.767,1.03804,1.03813,1.00,1.00
2016.08.04 14:20:33.311,1.03805,1.03818,1.00,1.00
2016.08.04 14:20:33.370,1.03805,1.03813,1.00,1.00
2016.08.04 14:20:33.473,1.03803,1.03813,1.12,1.00
2016.08.04 14:20:33.689,1.03802,1.03813,1.50,1.00
2016.08.04 14:20:34.008,1.03802,1.03818,1.50,2.25
2016.08.04 14:20:34.160,1.03803,1.03817,1.12,1.00
2016.08.04 14:20:34.314,1.03803,1.03817,1.12,1.00
2016.08.04 14:20:34.672,1.03803,1.03817,1.12,1.00
2016.08.04 14:20:34.891,1.03802,1.03814,1.00,1.00
2016.08.04 14:20:34.943,1.03802,1.03814,1.00,1.50
2016.08.04 14:20:34.995,1.03799,1.03814,1.12,3.00
2016.08.04 14:20:35.046,1.03798,1.03814,2.62,3.37
2016.08.04 14:20:35.098,1.03798,1.03812,1.00,1.00
2016.08.04 14:20:35.149,1.03798,1.03814,1.00,4.31
2016.08.04 14:20:35.201,1.03798,1.03813,1.00,1.37
2016.08.04 14:20:35.338,1.03798,1.03813,1.50,1.37
2016.08.04 14:20:35.389,1.03798,1.03813,1.00,1.87
2016.08.04 14:20:35.593,1.03798,1.03813,1.50,1.87
2016.08.04 14:20:35.801,1.03798,1.03809,1.00,1.00
2016.08.04 14:20:35.853,1.03798,1.03809,1.50,1.00
2016.08.04 14:20:35.905,1.03799,1.03809,1.00,1.00
2016.08.04 14:20:36.058,1.038,1.03809,1.00,1.00
2016.08.04 14:20:36.176,1.03803,1.03809,1.00,1.00
2016.08.04 14:20:36.230,1.03803,1.03816,1.00,1.50
2016.08.04 14:20:36.486,1.03803,1.03814,1.00,1.00
2016.08.04 14:20:37.395,1.03802,1.03813,1.50,1.00
2016.08.04 14:20:37.497,1.03802,1.03817,1.50,1.50
2016.08.04 14:20:37.599,1.03803,1.03818,1.00,3.37
2016.08.04 14:20:37.700,1.03803,1.03814,1.00,1.00
2016.08.04 14:20:38.015,1.03803,1.03817,1.00,1.50
2016.08.04 14:20:38.212,1.03802,1.03818,1.50,3.75
2016.08.04 14:20:38.422,1.03802,1.03818,1.50,4.50
2016.08.04 14:20:38.473,1.03802,1.03818,1.00,3.75
2016.08.04 14:20:38.524,1.03802,1.03814,1.00,1.00
2016.08.04 14:20:38.575,1.03798,1.03813,1.50,1.00
2016.08.04 14:20:38.626,1.03798,1.03813,1.50,1.00
2016.08.04 14:20:38.729,1.03798,1.03813,2.62,1.50
2016.08.04 14:20:38.831,1.03798,1.03813,1.00,1.50
2016.08.04 14:20:39.507,1.03798,1.03813,1.50,1.50
2016.08.04 14:20:39.745,1.03798,1.03813,1.50,1.87
2016.08.04 14:20:39.796,1.03798,1.03813,1.50,1.12
2016.08.04 14:20:39.847,1.03798,1.03813,1.50,1.50
2016.08.04 14:20:40.723,1.03798,1.03809,1.00,1.00
2016.08.04 14:20:40.774,1.03799,1.03809,1.25,1.00
2016.08.04 14:20:40.825,1.038,1.03814,1.00,2.25
2016.08.04 14:20:40.877,1.03802,1.03814,1.00,1.37
2016.08.04 14:20:40.928,1.03802,1.03814,1.87,1.00
2016.08.04 14:20:40.979,1.03802,1.03814,1.12,1.00
2016.08.04 14:20:41.206,1.03802,1.03813,1.87,1.00
2016.08.04 14:20:41.685,1.03799,1.03808,1.75,1.00
2016.08.04 14:20:41.736,1.03799,1.03808,1.37,1.00
2016.08.04 14:20:41.787,1.03798,1.03808,2.25,1.00
2016.08.04 14:20:41.838,1.03798,1.03808,3.00,1.00
2016.08.04 14:20:41.940,1.03798,1.03808,1.50,1.00
2016.08.04 14:20:41.991,1.03797,1.03809,1.25,1.00
2016.08.04 14:20:42.114,1.03798,1.03808,1.00,1.00
2016.08.04 14:20:42.216,1.03797,1.03808,1.69,1.00
2016.08.04 14:20:42.319,1.03797,1.03808,1.25,1.00
2016.08.04 14:20:42.421,1.03795,1.03809,1.69,1.00
2016.08.04 14:20:42.524,1.03796,1.03809,1.19,1.00
2016.08.04 14:20:42.579,1.03797,1.03809,1.25,1.00
2016.08.04 14:20:42.682,1.03797,1.03809,1.00,1.00
2016.08.04 14:20:42.734,1.03797,1.03809,1.00,1.50
2016.08.04 14:20:42.785,1.03795,1.03808,1.50,1.00
2016.08.04 14:20:42.887,1.03795,1.03804,1.00,1.00
2016.08.04 14:20:42.938,1.03794,1.03804,1.87,1.00
2016.08.04 14:20:43.137,1.03794,1.03804,1.00,1.00
2016.08.04 14:20:43.704,1.03794,1.03803,1.00,1.00
2016.08.04 14:20:44.279,1.03793,1.03803,1.00,1.00
2016.08.04 14:20:44.331,1.03792,1.03803,1.12,1.00
2016.08.04 14:20:44.434,1.03792,1.03804,1.12,1.50
2016.08.04 14:20:44.485,1.03791,1.03804,2.25,1.50
2016.08.04 14:20:44.587,1.03792,1.03804,1.12,1.50
2016.08.04 14:20:44.906,1.03792,1.03804,1.87,1.00
2016.08.04 14:20:45.429,1.03792,1.03803,1.87,1.00
2016.08.04 14:20:45.980,1.03792,1.03803,1.12,1.00
2016.08.04 14:20:46.184,1.03793,1.03803,1.00,1.00
2016.08.04 14:20:46.693,1.03793,1.03803,1.50,1.00
2016.08.04 14:20:47.811,1.03793,1.03804,1.00,1.00
2016.08.04 14:20:47.913,1.03792,1.03803,1.87,1.00
2016.08.04 14:20:47.964,1.038,1.03804,1.00,1.00
2016.08.04 14:20:48.015,1.03802,1.03812,1.00,1.56
2016.08.04 14:20:48.066,1.03802,1.03813,1.00,1.50
2016.08.04 14:20:48.118,1.03799,1.03811,1.00,1.00
2016.08.04 14:20:48.169,1.03798,1.03811,1.50,1.00
2016.08.04 14:20:48.286,1.03798,1.0381,1.50,1.00
2016.08.04 14:20:48.337,1.03796,1.03809,1.00,1.00
2016.08.04 14:20:48.868,1.03795,1.03808,1.00,1.00
2016.08.04 14:20:50.133,1.03795,1.03808,1.25,1.00
2016.08.04 14:20:50.283,1.03797,1.03808,1.00,1.00
2016.08.04 14:20:50.385,1.03797,1.03808,1.50,1.00
2016.08.04 14:20:50.487,1.03797,1.03808,1.00,1.00
2016.08.04 14:20:50.538,1.03796,1.03809,1.00,2.25
2016.08.04 14:20:50.589,1.03794,1.03809,1.00,1.50
2016.08.04 14:20:50.640,1.03794,1.03809,1.00,1.97
2016.08.04 14:20:50.691,1.03795,1.03809,1.00,1.50
2016.08.04 14:20:50.743,1.03795,1.03808,1.00,1.00
2016.08.04 14:20:50.794,1.03794,1.03808,1.69,1.00
2016.08.04 14:20:50.845,1.03795,1.03809,1.00,1.50
2016.08.04 14:20:51.114,1.03793,1.03809,6.19,1.50
2016.08.04 14:20:51.165,1.03793,1.03809,6.94,1.50
2016.08.04 14:20:51.369,1.03793,1.03809,5.44,1.50
2016.08.04 14:20:51.420,1.03795,1.0381,1.00,1.12
2016.08.04 14:20:51.523,1.03795,1.0381,1.50,1.12
2016.08.04 14:20:51.690,1.03795,1.0381,1.00,1.12
2016.08.04 14:20:51.845,1.03795,1.03808,1.00,1.00
2016.08.04 14:20:52.042,1.03794,1.03808,1.00,1.00
2016.08.04 14:20:52.093,1.03793,1.03808,4.69,1.00
2016.08.04 14:20:52.144,1.03793,1.03808,3.94,1.00
2016.08.04 14:20:52.246,1.03793,1.03809,3.94,1.50
2016.08.04 14:20:52.415,1.03793,1.03809,3.94,1.00
2016.08.04 14:20:52.517,1.03794,1.03809,1.00,1.50
2016.08.04 14:20:53.148,1.03795,1.03809,1.00,1.00
2016.08.04 14:20:53.365,1.03795,1.0381,1.00,1.12
2016.08.04 14:20:53.620,1.03795,1.03809,1.00,1.00
2016.08.04 14:20:53.722,1.03795,1.0381,1.00,1.12
2016.08.04 14:20:54.484,1.03795,1.0381,1.00,1.87
2016.08.04 14:20:54.884,1.03795,1.0381,1.00,1.12
2016.08.04 14:20:54.936,1.03793,1.0381,5.06,1.12
2016.08.04 14:20:54.987,1.03793,1.0381,4.87,1.12
2016.08.04 14:20:55.038,1.03794,1.03808,1.00,1.00
2016.08.04 14:20:55.504,1.03794,1.03808,1.00,1.50
2016.08.04 14:20:55.657,1.03794,1.03803,1.00,1.00
2016.08.04 14:20:56.220,1.03794,1.03804,1.00,1.00
2016.08.04 14:20:57.413,1.03796,1.03804,1.00,1.00
2016.08.04 14:20:57.464,1.03796,1.03808,1.00,1.00
2016.08.04 14:20:57.719,1.03796,1.03808,1.50,1.00
2016.08.04 14:20:58.424,1.03797,1.03808,1.00,1.00
2016.08.04 14:20:58.476,1.03796,1.03808,1.00,1.00
2016.08.04 14:20:58.631,1.03797,1.0381,1.00,1.12
2016.08.04 14:20:58.682,1.03797,1.0381,1.00,1.00
2016.08.04 14:20:58.734,1.03797,1.03809,1.00,1.00
2016.08.04 14:20:58.785,1.03799,1.03809,1.00,1.00
2016.08.04 14:20:58.836,1.03799,1.03811,1.00,1.00
2016.08.04 14:20:58.939,1.03799,1.03809,1.00,1.00
2016.08.04 14:20:59.405,1.038,1.03809,1.00,1.00
2016.08.04 14:20:59.946,1.03801,1.03813,1.50,1.50
2016.08.04 14:21:00.048,1.03801,1.03813,1.50,1.00
2016.08.04 14:21:00.149,1.03801,1.03813,1.00,1.00
2016.08.04 14:21:01.441,1.038,1.03813,1.50,1.00
2016.08.04 14:21:01.979,1.038,1.03813,1.00,1.00
2016.08.04 14:21:02.374,1.03798,1.03812,1.12,1.00
2016.08.04 14:21:02.527,1.03798,1.03813,1.12,2.06
2016.08.04 14:21:02.753,1.03798,1.03813,1.12,2.44
2016.08.04 14:21:03.039,1.03798,1.03808,1.12,1.00
2016.08.04 14:21:03.141,1.03799,1.03813,1.00,1.69
2016.08.04 14:21:03.525,1.03799,1.03813,1.00,2.06
2016.08.04 14:21:03.823,1.03799,1.03813,1.00,1.69
2016.08.04 14:21:03.924,1.03799,1.03813,2.25,1.69
2016.08.04 14:21:03.976,1.03799,1.03813,3.00,1.25
2016.08.04 14:21:04.027,1.03799,1.03813,2.25,1.25
2016.08.04 14:21:04.130,1.03799,1.03813,2.25,1.00
2016.08.04 14:21:04.181,1.038,1.03814,1.00,1.00
2016.08.04 14:21:04.233,1.03802,1.03815,1.00,1.25
2016.08.04 14:21:04.336,1.03802,1.03815,1.00,2.06
2016.08.04 14:21:05.860,1.03802,1.03814,1.00,1.00
2016.08.04 14:21:06.334,1.03802,1.03815,1.00,2.06
2016.08.04 14:21:06.436,1.03802,1.03815,1.50,2.06
2016.08.04 14:21:06.944,1.03802,1.03813,1.50,1.00
2016.08.04 14:21:07.624,1.03802,1.03814,1.50,1.00
2016.08.04 14:21:08.158,1.03802,1.03813,1.00,1.00
2016.08.04 14:21:09.188,1.03801,1.03813,1.00,1.00
2016.08.04 14:21:09.239,1.03799,1.03813,1.50,1.00
2016.08.04 14:21:09.394,1.03799,1.03813,1.50,1.12
2016.08.04 14:21:09.445,1.03799,1.03814,1.50,1.50
2016.08.04 14:21:09.854,1.03799,1.03813,1.50,1.12
2016.08.04 14:21:10.083,1.03803,1.03815,1.00,2.25
2016.08.04 14:21:10.134,1.03805,1.03815,1.00,1.75
2016.08.04 14:21:10.286,1.03805,1.03817,1.50,1.00
2016.08.04 14:21:10.446,1.03805,1.03818,1.00,1.00
2016.08.04 14:21:10.773,1.03805,1.03813,1.00,1.00
2016.08.04 14:21:10.977,1.03808,1.03818,1.00,1.00
2016.08.04 14:21:11.487,1.03808,1.03819,1.00,1.00
2016.08.04 14:21:12.378,1.03808,1.03818,1.00,1.00
2016.08.04 14:21:13.397,1.03807,1.03818,1.12,1.00
2016.08.04 14:21:13.448,1.03806,1.03814,1.50,1.00
2016.08.04 14:21:13.581,1.03806,1.03819,1.87,1.00
2016.08.04 14:21:13.687,1.03808,1.03818,1.00,1.00
2016.08.04 14:21:14.252,1.03808,1.03819,1.00,1.00
2016.08.04 14:21:17.782,1.03808,1.03818,1.00,1.00
2016.08.04 14:21:20.374,1.03807,1.03818,1.50,1.00
2016.08.04 14:21:20.883,1.03807,1.03819,1.50,1.00
2016.08.04 14:21:21.089,1.03808,1.03818,1.00,1.00
2016.08.04 14:21:21.141,1.03809,1.03818,1.00,1.00
2016.08.04 14:21:21.396,1.03807,1.03818,1.50,1.00
2016.08.04 14:21:21.447,1.03808,1.03818,1.00,1.00
2016.08.04 14:21:22.279,1.03808,1.03819,1.00,1.12
2016.08.04 14:21:22.459,1.03808,1.03818,1.00,1.00
2016.08.04 14:21:23.015,1.03806,1.03818,1.12,1.00
2016.08.04 14:21:23.066,1.03803,1.03817,3.00,1.00
2016.08.04 14:21:23.217,1.03805,1.03814,2.25,1.00
2016.08.04 14:21:23.268,1.03807,1.03814,1.00,1.00
2016.08.04 14:21:23.473,1.03805,1.03814,2.25,1.00
2016.08.04 14:21:23.576,1.03808,1.03813,1.00,1.00
2016.08.04 14:21:23.783,1.03808,1.03818,1.00,1.00
2016.08.04 14:21:24.762,1.03808,1.03819,1.00,1.50
2016.08.04 14:21:24.813,1.03805,1.03819,2.25,1.50
2016.08.04 14:21:25.220,1.03808,1.03819,1.00,1.50
2016.08.04 14:21:25.272,1.03808,1.03818,1.00,1.00
2016.08.04 14:21:25.462,1.03806,1.03818,1.00,1.00
2016.08.04 14:21:25.970,1.03803,1.03818,2.25,1.00
2016.08.04 14:21:26.021,1.03803,1.03818,1.50,1.00
2016.08.04 14:21:26.632,1.03806,1.03818,1.00,1.50
2016.08.04 14:21:26.683,1.03806,1.03818,1.00,1.00
2016.08.04 14:21:27.473,1.03806,1.03818,1.00,1.50
2016.08.04 14:21:27.575,1.03807,1.03818,1.00,1.00
2016.08.04 14:21:28.857,1.03807,1.03818,1.00,1.33
2016.08.04 14:21:28.958,1.03807,1.03818,1.00,1.00
2016.08.04 14:21:29.356,1.03808,1.0382,1.00,1.00
2016.08.04 14:21:29.408,1.0381,1.03823,1.00,2.87
2016.08.04 14:21:29.459,1.0381,1.03818,1.00,1.00
2016.08.04 14:21:29.561,1.0381,1.03823,1.00,1.00
2016.08.04 14:21:29.757,1.0381,1.03822,1.00,1.00
2016.08.04 14:21:30.414,1.03809,1.03822,1.00,1.00
2016.08.04 14:21:30.465,1.03809,1.03819,1.00,1.00
2016.08.04 14:21:30.516,1.03807,1.03819,1.00,1.50
2016.08.04 14:21:30.639,1.03807,1.03818,1.00,1.00
2016.08.04 14:21:30.694,1.03807,1.03818,1.00,1.50
2016.08.04 14:21:30.746,1.03807,1.03818,1.00,1.00
2016.08.04 14:21:30.798,1.03807,1.03819,1.50,1.18
2016.08.04 14:21:30.850,1.03807,1.03814,1.50,1.00
2016.08.04 14:21:30.902,1.03807,1.03814,1.00,1.00
2016.08.04 14:21:30.954,1.03807,1.03818,1.00,1.24
2016.08.04 14:21:31.057,1.03805,1.03819,1.00,1.74
2016.08.04 14:21:31.108,1.03805,1.03819,1.00,2.12
2016.08.04 14:21:31.161,1.03805,1.03819,1.00,3.24
2016.08.04 14:21:31.354,1.03805,1.03819,1.00,3.99
2016.08.04 14:21:31.456,1.03805,1.03818,1.00,1.37
2016.08.04 14:21:31.559,1.03806,1.03819,1.00,1.74
2016.08.04 14:21:31.815,1.03806,1.03819,1.00,1.24
2016.08.04 14:21:32.070,1.03806,1.03818,1.00,1.33
2016.08.04 14:21:32.544,1.03806,1.03818,1.00,1.00
2016.08.04 14:21:32.595,1.03806,1.03818,1.00,1.24
2016.08.04 14:21:32.958,1.03806,1.03818,1.00,1.74
2016.08.04 14:21:33.104,1.03806,1.03818,1.00,1.24
2016.08.04 14:21:33.718,1.03806,1.03818,1.00,1.74
2016.08.04 14:21:33.820,1.03804,1.03818,1.00,1.74
2016.08.04 14:21:34.137,1.03804,1.03818,1.00,1.24
2016.08.04 14:21:34.752,1.03804,1.03818,1.00,1.00
2016.08.04 14:21:34.908,1.03803,1.03819,2.25,2.06
2016.08.04 14:21:34.959,1.03804,1.03818,1.00,1.00
2016.08.04 14:21:35.011,1.03805,1.03818,1.50,1.00
2016.08.04 14:21:35.062,1.03807,1.03819,1.00,1.00
2016.08.04 14:21:35.113,1.03809,1.03819,1.00,1.00
2016.08.04 14:21:35.164,1.03809,1.03823,1.00,4.24
2016.08.04 14:21:35.216,1.03809,1.03822,1.87,1.00
2016.08.04 14:21:35.267,1.03811,1.03822,1.00,1.00
2016.08.04 14:21:35.370,1.03811,1.03824,1.00,1.00
2016.08.04 14:21:35.896,1.03811,1.03823,1.00,1.00
2016.08.04 14:21:35.977,1.03812,1.03823,1.00,1.00
2016.08.04 14:21:36.873,1.03813,1.03823,1.00,1.00
2016.08.04 14:21:36.925,1.03813,1.03823,1.50,1.00
2016.08.04 14:21:36.976,1.03813,1.03828,1.50,1.69
2016.08.04 14:21:37.027,1.03813,1.03828,1.87,1.31
2016.08.04 14:21:37.078,1.03813,1.03828,1.87,1.25
2016.08.04 14:21:37.129,1.03813,1.03828,1.87,1.00
2016.08.04 14:21:37.180,1.03816,1.03828,1.00,1.00
2016.08.04 14:21:37.880,1.03814,1.03828,1.00,1.00
2016.08.04 14:21:38.380,1.03814,1.03827,1.00,1.00
2016.08.04 14:21:38.609,1.03813,1.03824,1.12,1.00
2016.08.04 14:21:38.864,1.03813,1.03828,1.00,1.37
2016.08.04 14:21:38.916,1.03814,1.03829,1.00,2.81
2016.08.04 14:21:38.967,1.03814,1.03829,1.00,2.06
2016.08.04 14:21:39.120,1.03814,1.03829,1.00,1.50
2016.08.04 14:21:39.274,1.03814,1.03823,1.00,1.00
2016.08.04 14:21:39.978,1.03814,1.03829,1.00,1.50
2016.08.04 14:21:40.302,1.03816,1.03829,1.00,1.00
2016.08.04 14:21:40.404,1.03815,1.03828,1.87,1.00
2016.08.04 14:21:40.455,1.03815,1.03828,2.25,1.00
2016.08.04 14:21:40.506,1.03817,1.03828,1.50,1.00
2016.08.04 14:21:40.721,1.03819,1.03832,1.00,1.12
2016.08.04 14:21:40.977,1.03819,1.03832,1.00,1.50
2016.08.04 14:21:41.029,1.03819,1.03832,1.00,1.87
2016.08.04 14:21:41.080,1.03819,1.03832,1.00,1.87
2016.08.04 14:21:41.131,1.03818,1.03832,1.50,1.37
2016.08.04 14:21:41.233,1.03818,1.03832,1.50,1.00
2016.08.04 14:21:41.284,1.03818,1.03832,2.25,1.00
2016.08.04 14:21:41.453,1.03818,1.03832,2.25,1.00
2016.08.04 14:21:42.349,1.03818,1.03833,2.25,1.37
2016.08.04 14:21:42.537,1.03819,1.03833,1.00,1.37
2016.08.04 14:21:42.763,1.03819,1.03833,1.00,1.87
2016.08.04 14:21:43.066,1.03819,1.03833,1.00,1.37
2016.08.04 14:21:43.117,1.03819,1.03832,1.00,1.12
2016.08.04 14:21:43.219,1.03818,1.03832,1.50,1.12
2016.08.04 14:21:43.270,1.03818,1.03832,1.00,1.12
2016.08.04 14:21:43.616,1.03818,1.03832,1.50,1.12
2016.08.04 14:21:43.769,1.03818,1.03832,1.50,1.12
2016.08.04 14:21:44.142,1.03818,1.03832,1.50,1.12
2016.08.04 14:21:44.306,1.03818,1.03832,1.50,1.50
2016.08.04 14:21:44.357,1.03818,1.03829,1.50,1.00
2016.08.04 14:21:44.507,1.03817,1.03824,1.00,1.00
2016.08.04 14:21:44.562,1.03817,1.03828,1.00,1.00
2016.08.04 14:21:44.613,1.03815,1.03828,1.00,1.00
2016.08.04 14:21:44.817,1.03814,1.03828,1.50,1.00
2016.08.04 14:21:44.971,1.03814,1.03829,1.00,1.50
2016.08.04 14:21:45.589,1.03816,1.03829,1.00,1.50
2016.08.04 14:21:45.640,1.03816,1.03829,1.50,1.00
2016.08.04 14:21:45.742,1.03816,1.03829,1.87,1.00
2016.08.04 14:21:45.996,1.03817,1.03828,1.00,1.00
2016.08.04 14:21:46.231,1.03816,1.03828,1.87,1.00
2016.08.04 14:21:47.010,1.03815,1.03828,4.50,1.00
2016.08.04 14:21:47.061,1.03815,1.03829,2.25,1.50
2016.08.04 14:21:47.213,1.03815,1.03829,2.25,1.00
2016.08.04 14:21:47.265,1.03815,1.03829,3.75,1.00
2016.08.04 14:21:47.919,1.03815,1.03828,3.75,1.00
2016.08.04 14:21:48.571,1.03815,1.03829,3.75,1.00
2016.08.04 14:21:48.825,1.03817,1.03829,1.00,1.00
2016.08.04 14:21:49.101,1.03817,1.03829,1.50,1.00
2016.08.04 14:21:49.590,1.03817,1.03831,1.50,1.00
2016.08.04 14:21:49.643,1.03817,1.0383,1.00,1.50
2016.08.04 14:21:49.874,1.03817,1.03828,1.00,1.00
2016.08.04 14:21:49.925,1.03822,1.03828,1.00,1.00
2016.08.04 14:21:49.976,1.03822,1.03831,1.00,1.00
2016.08.04 14:21:50.028,1.03822,1.03833,1.00,1.12
2016.08.04 14:21:50.079,1.03822,1.03833,1.00,1.00
2016.08.04 14:21:50.130,1.0382,1.03833,2.25,1.00
2016.08.04 14:21:50.255,1.0382,1.03833,1.50,1.00
2016.08.04 14:21:50.306,1.03823,1.03834,1.00,1.00
2016.08.04 14:21:50.409,1.03821,1.03833,2.25,1.00
2016.08.04 14:21:50.460,1.03823,1.03833,1.00,1.00
2016.08.04 14:21:50.512,1.03822,1.03833,1.87,1.00
2016.08.04 14:21:50.563,1.03822,1.03834,1.12,1.00
2016.08.04 14:21:50.614,1.03822,1.03834,1.87,1.00
2016.08.04 14:21:50.665,1.03822,1.03834,3.37,1.00
2016.08.04 14:21:50.767,1.03822,1.03834,2.62,1.00
2016.08.04 14:21:51.031,1.03822,1.03834,3.37,1.00
2016.08.04 14:21:51.187,1.03822,1.03834,1.50,1.00
2016.08.04 14:21:51.340,1.03822,1.03834,2.25,1.00
2016.08.04 14:21:51.392,1.03822,1.03834,1.50,1.00
2016.08.04 14:21:51.444,1.0382,1.03833,1.00,1.10
2016.08.04 14:21:51.495,1.0382,1.03833,1.00,1.57
2016.08.04 14:21:51.598,1.0382,1.03833,1.00,1.95
2016.08.04 14:21:51.650,1.03819,1.03833,1.50,1.20
2016.08.04 14:21:51.702,1.03819,1.03834,1.50,2.32
2016.08.04 14:21:51.753,1.03819,1.03834,1.50,1.57
2016.08.04 14:21:51.804,1.03819,1.03833,1.50,1.12
2016.08.04 14:21:52.064,1.03819,1.03833,1.69,1.12
2016.08.04 14:21:52.165,1.03819,1.03833,1.69,1.20
2016.08.04 14:21:52.216,1.03819,1.03833,1.50,1.20
2016.08.04 14:21:52.268,1.03819,1.03833,1.00,1.87
2016.08.04 14:21:52.319,1.03819,1.03833,1.50,1.87
2016.08.04 14:21:52.370,1.03819,1.03833,1.50,1.12
2016.08.04 14:21:52.471,1.03819,1.03833,1.50,1.20
2016.08.04 14:21:52.573,1.03819,1.03833,1.50,1.12
2016.08.04 14:21:52.624,1.03819,1.03833,1.00,1.12
2016.08.04 14:21:52.675,1.0382,1.03833,1.00,1.12
2016.08.04 14:21:52.726,1.03819,1.03833,1.00,1.12
2016.08.04 14:21:52.879,1.03818,1.03833,2.62,1.00
2016.08.04 14:21:52.930,1.03819,1.03833,1.50,1.00
2016.08.04 14:21:53.036,1.03819,1.03833,1.00,1.00
2016.08.04 14:21:53.138,1.03818,1.03833,3.00,1.00
2016.08.04 14:21:53.748,1.03819,1.03833,1.00,1.00
2016.08.04 14:21:54.733,1.03821,1.03833,1.00,1.00
2016.08.04 14:21:54.784,1.03819,1.03833,1.50,1.00
2016.08.04 14:21:54.836,1.03819,1.03833,1.19,1.00
2016.08.04 14:21:55.057,1.03821,1.03834,1.25,1.00
2016.08.04 14:21:55.108,1.03821,1.03835,1.25,1.50
2016.08.04 14:21:55.159,1.03821,1.03833,1.00,1.00
2016.08.04 14:21:55.260,1.03821,1.03835,1.00,1.00
2016.08.04 14:21:55.759,1.03821,1.03833,1.00,1.00
2016.08.04 14:21:56.260,1.03821,1.03835,1.00,1.00
2016.08.04 14:21:56.819,1.0382,1.03835,1.50,1.87
2016.08.04 14:21:56.870,1.0382,1.03834,1.50,1.00
2016.08.04 14:21:56.972,1.0382,1.03834,1.50,1.50
2016.08.04 14:21:57.176,1.0382,1.03833,1.50,1.12
2016.08.04 14:21:57.329,1.0382,1.03833,1.00,1.12
2016.08.04 14:21:57.534,1.0382,1.03833,1.50,1.12
2016.08.04 14:21:57.585,1.0382,1.03833,1.50,1.00
2016.08.04 14:21:57.637,1.0382,1.03833,1.00,1.00
2016.08.04 14:21:57.810,1.0382,1.03834,1.00,1.50
2016.08.04 14:21:58.634,1.0382,1.03834,1.00,1.57
2016.08.04 14:21:58.792,1.0382,1.03833,1.00,1.00
2016.08.04 14:21:58.845,1.03819,1.03833,2.25,1.00
2016.08.04 14:21:59.100,1.03819,1.03833,1.50,1.00
2016.08.04 14:21:59.718,1.03819,1.03834,1.50,1.00
2016.08.04 14:21:59.870,1.03819,1.03834,1.50,1.19
2016.08.04 14:21:59.989,1.03819,1.03834,1.50,1.56
2016.08.04 14:22:00.040,1.03819,1.03832,1.00,1.00
2016.08.04 14:22:00.091,1.03818,1.03832,1.00,1.19
2016.08.04 14:22:00.142,1.03818,1.03832,1.00,1.26
2016.08.04 14:22:00.193,1.03818,1.03831,1.00,1.01
2016.08.04 14:22:00.245,1.03818,1.03831,1.00,1.25
2016.08.04 14:22:00.347,1.03818,1.03831,1.00,1.00
2016.08.04 14:22:00.511,1.03818,1.03831,1.00,1.50
2016.08.04 14:22:00.562,1.03816,1.03831,1.00,1.50
2016.08.04 14:22:00.613,1.03815,1.03828,1.50,1.00
2016.08.04 14:22:00.664,1.03815,1.03828,2.25,1.00
2016.08.04 14:22:00.715,1.03815,1.03828,3.00,1.00
2016.08.04 14:22:00.766,1.03815,1.03828,2.25,1.00
2016.08.04 14:22:00.919,1.03815,1.03829,1.50,1.00
2016.08.04 14:22:01.107,1.03816,1.03829,1.00,1.00
2016.08.04 14:22:01.158,1.03816,1.03829,1.00,1.00
2016.08.04 14:22:01.311,1.03816,1.03831,1.00,1.00
2016.08.04 14:22:01.441,1.03816,1.03831,1.50,1.00
2016.08.04 14:22:01.492,1.03816,1.03831,1.00,1.50
2016.08.04 14:22:01.543,1.03815,1.03831,1.50,1.57
2016.08.04 14:22:01.696,1.03815,1.03828,1.50,1.00
2016.08.04 14:22:02.151,1.03815,1.03828,1.00,1.00
2016.08.04 14:22:03.262,1.03815,1.03828,1.50,1.00
2016.08.04 14:22:03.313,1.03815,1.03828,1.00,1.00
2016.08.04 14:22:03.824,1.03815,1.03831,1.00,2.51
2016.08.04 14:22:03.876,1.03818,1.03831,1.50,1.00
2016.08.04 14:22:03.928,1.03822,1.03833,1.00,1.31
2016.08.04 14:22:03.979,1.03822,1.03834,1.00,1.00
2016.08.04 14:22:04.031,1.03821,1.03834,1.00,1.50
2016.08.04 14:22:04.082,1.03821,1.03834,2.25,1.50
2016.08.04 14:22:04.134,1.03822,1.03834,1.00,1.00
2016.08.04 14:22:04.186,1.03822,1.03833,1.19,1.00
2016.08.04 14:22:04.238,1.03823,1.03833,2.44,1.00
2016.08.04 14:22:04.290,1.03824,1.03836,1.00,1.00
2016.08.04 14:22:04.341,1.03824,1.03838,1.50,1.00
2016.08.04 14:22:04.392,1.03824,1.03839,1.87,1.00
2016.08.04 14:22:04.495,1.03824,1.03839,2.62,1.00
2016.08.04 14:22:04.653,1.03825,1.03838,1.25,1.00
2016.08.04 14:22:04.708,1.03827,1.03839,1.12,1.00
2016.08.04 14:22:05.066,1.03826,1.03838,3.75,1.00
2016.08.04 14:22:05.117,1.03826,1.03838,3.00,1.00
2016.08.04 14:22:05.168,1.03827,1.03838,1.12,1.00
2016.08.04 14:22:05.219,1.03827,1.03838,1.87,1.00
2016.08.04 14:22:05.270,1.03827,1.03838,1.12,1.00
2016.08.04 14:22:05.322,1.03825,1.03838,2.25,1.00
2016.08.04 14:22:05.484,1.03825,1.03838,1.75,1.00
2016.08.04 14:22:05.688,1.03825,1.03833,1.12,1.00
2016.08.04 14:22:05.739,1.03824,1.03833,1.87,1.00
2016.08.04 14:22:05.791,1.03824,1.03834,1.37,1.00
2016.08.04 14:22:05.842,1.03823,1.03834,3.19,1.00
2016.08.04 14:22:05.893,1.03823,1.03834,2.44,1.00
2016.08.04 14:22:05.944,1.03825,1.03834,1.12,1.00
2016.08.04 14:22:06.046,1.03824,1.03834,1.37,1.00
2016.08.04 14:22:06.098,1.03824,1.03834,1.00,1.00
2016.08.04 14:22:06.650,1.03825,1.03833,1.00,1.00
2016.08.04 14:22:07.286,1.03825,1.03834,1.00,1.00
2016.08.04 14:22:08.201,1.03825,1.03833,1.50,1.00
2016.08.04 14:22:08.254,1.03825,1.03833,1.00,1.00
2016.08.04 14:22:08.306,1.03823,1.03834,2.25,1.00
2016.08.04 14:22:08.357,1.03823,1.03834,1.50,1.00
2016.08.04 14:22:08.561,1.03823,1.03834,1.00,1.00
2016.08.04 14:22:09.096,1.03823,1.03833,1.00,1.00
2016.08.04 14:22:09.604,1.03822,1.03833,1.50,1.00
2016.08.04 14:22:09.813,1.03822,1.03833,1.00,1.00
2016.08.04 14:22:10.173,1.03824,1.03834,1.00,1.00
2016.08.04 14:22:10.522,1.03826,1.03834,1.00,1.00
2016.08.04 14:22:11.006,1.03826,1.03838,1.00,1.00
2016.08.04 14:22:11.291,1.03826,1.03838,1.50,1.00
2016.08.04 14:22:11.403,1.03826,1.03838,1.00,1.00
2016.08.04 14:22:11.454,1.03825,1.03838,1.50,1.50
2016.08.04 14:22:11.506,1.03825,1.03838,1.50,2.25
2016.08.04 14:22:11.608,1.03825,1.03838,1.00,2.25
2016.08.04 14:22:11.710,1.03825,1.03834,1.00,1.00
2016.08.04 14:22:12.429,1.03825,1.03838,1.00,1.50
2016.08.04 14:22:12.657,1.03825,1.03838,2.25,1.50
2016.08.04 14:22:12.708,1.03825,1.03839,2.25,1.12
2016.08.04 14:22:12.810,1.03825,1.03839,3.00,1.12
2016.08.04 14:22:13.071,1.03825,1.03839,1.50,1.12
2016.08.04 14:22:13.224,1.03825,1.03838,1.50,1.00
2016.08.04 14:22:13.605,1.03825,1.03838,1.00,1.00
2016.08.04 14:22:14.263,1.03824,1.03838,2.44,1.00
2016.08.04 14:22:14.644,1.03824,1.03838,3.19,1.00
2016.08.04 14:22:14.695,1.03825,1.03838,1.00,1.00
2016.08.04 14:22:14.746,1.03825,1.03838,1.12,1.00
2016.08.04 14:22:15.117,1.03825,1.03838,1.87,1.00
2016.08.04 14:22:15.270,1.03825,1.03838,2.62,1.00
2016.08.04 14:22:16.102,1.03825,1.03838,1.87,1.00
2016.08.04 14:22:16.153,1.03827,1.03838,1.50,1.00
2016.08.04 14:22:16.204,1.03827,1.03838,2.25,1.00
2016.08.04 14:22:17.274,1.03829,1.03838,1.00,1.00
2016.08.04 14:22:17.840,1.0383,1.03838,1.00,1.00
2016.08.04 14:22:19.377,1.03831,1.03838,1.00,1.00
2016.08.04 14:22:19.539,1.03831,1.03844,1.00,2.25
2016.08.04 14:22:19.590,1.03831,1.03844,1.50,2.25
2016.08.04 14:22:19.642,1.03832,1.03843,1.00,1.00
2016.08.04 14:22:19.693,1.03833,1.03843,1.50,1.00
2016.08.04 14:22:19.897,1.03835,1.03844,1.00,1.00
2016.08.04 14:22:20.102,1.03833,1.03844,1.50,1.00
2016.08.04 14:22:20.629,1.03833,1.03843,1.50,1.00
2016.08.04 14:22:22.417,1.03833,1.03844,1.50,1.00
2016.08.04 14:22:23.120,1.03833,1.03843,1.50,1.00
2016.08.04 14:22:24.051,1.03833,1.03844,1.50,1.00
2016.08.04 14:22:24.101,1.03833,1.03844,1.00,1.00
2016.08.04 14:22:24.938,1.03833,1.03843,1.00,1.00
2016.08.04 14:22:26.575,1.03832,1.03843,1.00,1.00
2016.08.04 14:22:27.549,1.03832,1.03843,1.50,1.00
2016.08.04 14:22:27.651,1.03832,1.03843,1.00,1.00
2016.08.04 14:22:27.703,1.0383,1.03843,1.50,1.00
2016.08.04 14:22:28.111,1.0383,1.03843,1.00,1.00
2016.08.04 14:22:28.162,1.03829,1.03839,1.00,1.00
2016.08.04 14:22:28.214,1.03828,1.03839,1.12,1.00
2016.08.04 14:22:28.408,1.03827,1.03838,1.00,1.00
2016.08.04 14:22:28.459,1.03826,1.03839,1.00,1.00
2016.08.04 14:22:28.971,1.03825,1.03838,1.00,1.00
2016.08.04 14:22:29.621,1.03823,1.03838,3.75,1.00
2016.08.04 14:22:29.876,1.03826,1.03838,1.00,1.00
2016.08.04 14:22:30.182,1.03826,1.03839,1.00,1.50
2016.08.04 14:22:30.340,1.03826,1.03838,1.00,1.00
2016.08.04 14:22:30.493,1.03824,1.03838,1.87,1.00
2016.08.04 14:22:30.544,1.03824,1.03839,1.87,3.00
2016.08.04 14:22:30.697,1.03824,1.03839,1.87,3.37
2016.08.04 14:22:30.748,1.03824,1.03839,1.12,3.37
2016.08.04 14:22:30.799,1.03824,1.03839,1.12,2.25
2016.08.04 14:22:30.850,1.03824,1.03833,1.12,1.00
2016.08.04 14:22:32.133,1.03824,1.03839,1.12,1.50
2016.08.04 14:22:32.184,1.03823,1.03839,1.50,1.50
2016.08.04 14:22:32.908,1.03823,1.03839,2.25,1.50
2016.08.04 14:22:32.959,1.03823,1.03839,2.62,1.50
2016.08.04 14:22:33.011,1.03823,1.03839,3.37,1.00
2016.08.04 14:22:33.113,1.03824,1.03838,1.12,1.00
2016.08.04 14:22:33.165,1.03824,1.03834,1.12,1.00
2016.08.04 14:22:33.901,1.03825,1.03838,1.00,1.00
2016.08.04 14:22:35.162,1.03825,1.03839,1.00,1.50
2016.08.04 14:22:35.321,1.03825,1.03839,1.00,1.87
2016.08.04 14:22:35.423,1.03824,1.03839,2.62,1.87
2016.08.04 14:22:35.627,1.03823,1.03837,1.50,1.00
2016.08.04 14:22:35.678,1.03822,1.03833,3.00,1.00
2016.08.04 14:22:35.729,1.03824,1.03833,1.12,1.00
2016.08.04 14:22:35.780,1.03824,1.03834,1.00,1.00
2016.08.04 14:22:36.251,1.03823,1.03834,1.50,1.00
2016.08.04 14:22:36.635,1.03823,1.03834,1.00,1.00
2016.08.04 14:22:36.838,1.03823,1.03834,1.50,1.00
2016.08.04 14:22:38.015,1.03823,1.03834,1.00,1.00
2016.08.04 14:22:38.420,1.03822,1.03834,1.50,1.00
2016.08.04 14:22:38.471,1.03822,1.03834,1.00,1.00
2016.08.04 14:22:38.625,1.03821,1.03834,1.87,1.00
2016.08.04 14:22:38.808,1.03822,1.03834,1.00,1.00
2016.08.04 14:22:38.963,1.03822,1.03833,1.50,1.00
2016.08.04 14:22:39.117,1.03822,1.03834,1.00,1.00
2016.08.04 14:22:39.322,1.03822,1.03833,1.50,1.00
2016.08.04 14:22:39.788,1.03822,1.03832,1.00,1.00
2016.08.04 14:22:39.840,1.03821,1.03832,1.12,1.33
2016.08.04 14:22:39.892,1.03818,1.03829,1.00,1.00
2016.08.04 14:22:40.036,1.03817,1.03829,1.00,1.00
2016.08.04 14:22:40.138,1.03819,1.03828,1.50,1.00
2016.08.04 14:22:40.189,1.03821,1.03828,1.00,1.00
2016.08.04 14:22:40.291,1.03821,1.03834,1.50,1.37
2016.08.04 14:22:40.342,1.03821,1.03834,1.50,1.12
2016.08.04 14:22:40.444,1.03821,1.03834,2.25,1.12
2016.08.04 14:22:41.115,1.03825,1.03834,1.00,1.12
2016.08.04 14:22:41.167,1.03825,1.03833,2.25,1.00
2016.08.04 14:22:41.219,1.03827,1.03833,1.50,1.00
2016.08.04 14:22:41.323,1.03828,1.03833,1.00,1.00
2016.08.04 14:22:41.376,1.03828,1.03839,1.50,1.00
2016.08.04 14:22:41.427,1.03831,1.03839,1.00,1.00
2016.08.04 14:22:41.479,1.03831,1.03843,1.00,1.50
2016.08.04 14:22:41.530,1.03833,1.03842,1.00,1.12
2016.08.04 14:22:41.581,1.03833,1.03842,1.00,1.00
2016.08.04 14:22:41.888,1.03834,1.03844,1.00,1.00
2016.08.04 14:22:42.133,1.03833,1.03844,1.50,1.00
2016.08.04 14:22:42.344,1.03834,1.03844,1.00,1.00
2016.08.04 14:22:43.044,1.03833,1.03844,1.00,1.00
2016.08.04 14:22:43.147,1.03832,1.03843,1.50,1.00
2016.08.04 14:22:44.568,1.03832,1.03844,1.50,1.00
2016.08.04 14:22:44.873,1.03833,1.03843,1.00,1.00
2016.08.04 14:22:45.148,1.03834,1.03843,1.00,1.00
2016.08.04 14:22:45.555,1.03834,1.03843,1.50,1.00
2016.08.04 14:22:45.960,1.03834,1.03843,1.00,1.00
2016.08.04 14:22:49.655,1.03833,1.03843,1.00,1.00
2016.08.04 14:22:50.254,1.03834,1.03843,1.00,1.00
2016.08.04 14:22:50.792,1.03834,1.03844,1.00,1.00
2016.08.04 14:22:51.341,1.03834,1.03843,1.00,1.00
2016.08.04 14:22:51.883,1.03834,1.03844,1.00,1.00
2016.08.04 14:22:52.994,1.03834,1.03843,1.00,1.00
2016.08.04 14:22:53.533,1.03835,1.03843,1.00,1.00
2016.08.04 14:22:53.888,1.03839,1.03848,1.00,1.00
2016.08.04 14:22:53.939,1.0384,1.03852,1.50,1.37
2016.08.04 14:22:53.990,1.0384,1.03853,1.50,2.25
2016.08.04 14:22:54.096,1.0384,1.03853,1.50,1.00
2016.08.04 14:22:54.155,1.03842,1.03853,1.00,1.00
2016.08.04 14:22:54.206,1.03842,1.03854,1.00,1.50
2016.08.04 14:22:54.257,1.0384,1.03854,1.50,1.00
2016.08.04 14:22:54.851,1.0384,1.03853,1.50,1.00
2016.08.04 14:22:55.542,1.0384,1.03854,1.50,1.00
2016.08.04 14:22:56.911,1.0384,1.03853,1.50,1.00
2016.08.04 14:22:58.537,1.03842,1.03853,1.00,1.00
2016.08.04 14:22:58.588,1.03842,1.03853,1.50,1.00
2016.08.04 14:22:58.639,1.03843,1.03853,1.00,1.00
2016.08.04 14:22:58.690,1.03844,1.03853,1.00,1.00
2016.08.04 14:22:58.741,1.03844,1.03853,1.50,1.00
2016.08.04 14:22:58.792,1.03845,1.03854,1.00,1.00
2016.08.04 14:22:59.073,1.03845,1.03853,1.50,1.00
2016.08.04 14:22:59.176,1.03846,1.03853,1.00,1.00
2016.08.04 14:22:59.584,1.03842,1.03854,1.00,1.50
2016.08.04 14:22:59.686,1.03841,1.03848,2.62,1.00
2016.08.04 14:22:59.907,1.03841,1.03848,1.50,1.00
2016.08.04 14:22:59.959,1.03841,1.03848,2.25,1.00
2016.08.04 14:23:00.166,1.03841,1.03848,1.50,1.00
2016.08.04 14:23:00.482,1.03841,1.03848,1.00,1.00
2016.08.04 14:23:00.533,1.03841,1.03853,1.00,1.00
2016.08.04 14:23:00.789,1.03841,1.03853,1.50,1.00
2016.08.04 14:23:00.841,1.03841,1.03848,1.50,1.00
2016.08.04 14:23:00.892,1.0384,1.03848,1.25,1.00
2016.08.04 14:23:01.148,1.0384,1.03849,1.69,1.00
2016.08.04 14:23:01.352,1.0384,1.03853,1.69,1.50
2016.08.04 14:23:01.592,1.0384,1.03853,1.25,1.00
2016.08.04 14:23:01.694,1.0384,1.03853,1.00,1.00
2016.08.04 14:23:01.746,1.03838,1.03853,3.19,1.00
2016.08.04 14:23:01.798,1.03839,1.03852,1.25,1.00
2016.08.04 14:23:01.850,1.03839,1.03848,1.25,1.00
2016.08.04 14:23:02.905,1.03839,1.03848,1.00,1.00
2016.08.04 14:23:03.059,1.03839,1.03848,1.50,1.00
2016.08.04 14:23:04.180,1.03839,1.03848,2.25,1.00
2016.08.04 14:23:04.485,1.03839,1.03848,1.50,1.00
2016.08.04 14:23:06.079,1.0384,1.03848,1.00,1.00
2016.08.04 14:23:06.604,1.03839,1.03848,2.25,1.00
2016.08.04 14:23:07.037,1.03839,1.03848,1.50,1.00
2016.08.04 14:23:08.155,1.03839,1.03848,1.00,1.00
2016.08.04 14:23:08.880,1.03841,1.03848,1.00,1.00
2016.08.04 14:23:08.931,1.03841,1.03853,1.00,1.00
2016.08.04 14:23:09.084,1.03843,1.03854,1.50,1.00
2016.08.04 14:23:09.187,1.03845,1.03854,1.00,1.00
2016.08.04 14:23:10.549,1.03845,1.03858,1.00,1.00
2016.08.04 14:23:10.600,1.03844,1.03858,2.25,1.00
2016.08.04 14:23:10.806,1.03845,1.03858,1.50,1.00
2016.08.04 14:23:11.277,1.03845,1.03858,1.00,1.00
2016.08.04 14:23:11.577,1.03845,1.03859,1.00,2.62
2016.08.04 14:23:13.678,1.03845,1.03859,1.00,1.87
2016.08.04 14:23:14.382,1.03845,1.03858,1.50,1.00
2016.08.04 14:23:14.485,1.03845,1.03858,2.25,1.00
2016.08.04 14:23:17.062,1.03845,1.03859,2.25,1.12
2016.08.04 14:23:17.501,1.03845,1.03859,1.50,1.12
2016.08.04 14:23:19.517,1.03845,1.03859,1.00,1.12
2016.08.04 14:23:19.619,1.03846,1.03859,1.00,1.12
2016.08.04 14:23:19.899,1.03846,1.03859,1.50,1.12
2016.08.04 14:23:19.950,1.03846,1.03859,1.50,1.00
2016.08.04 14:23:20.052,1.03848,1.03859,1.00,1.00
2016.08.04 14:23:20.104,1.03849,1.03859,1.00,1.00
2016.08.04 14:23:20.613,1.03848,1.03859,2.25,1.00
2016.08.04 14:23:20.965,1.03848,1.03859,1.50,1.00
2016.08.04 14:23:21.271,1.0385,1.03858,1.00,1.00
2016.08.04 14:23:21.373,1.03848,1.03859,1.50,1.00
2016.08.04 14:23:21.424,1.0385,1.03859,1.00,1.00
2016.08.04 14:23:21.475,1.0385,1.03864,1.00,1.87
2016.08.04 14:23:21.526,1.03851,1.03864,1.00,1.00
2016.08.04 14:23:21.577,1.03853,1.03864,1.00,1.00
2016.08.04 14:23:21.628,1.03853,1.03864,1.50,1.00
2016.08.04 14:23:21.923,1.03854,1.03864,1.00,1.00
2016.08.04 14:23:22.127,1.03854,1.03863,1.50,1.00
2016.08.04 14:23:22.178,1.03855,1.03868,1.00,1.50
2016.08.04 14:23:22.230,1.03855,1.03868,1.00,1.00
2016.08.04 14:23:22.284,1.03854,1.03868,1.50,1.00
2016.08.04 14:23:22.388,1.03855,1.03868,1.00,1.00
2016.08.04 14:23:22.491,1.03855,1.03868,1.50,1.00
2016.08.04 14:23:22.697,1.03855,1.03863,1.50,1.00
2016.08.04 14:23:22.819,1.03856,1.03863,1.00,1.00
2016.08.04 14:23:22.870,1.03856,1.03869,1.50,1.00
2016.08.04 14:23:23.180,1.03856,1.03864,1.00,1.00
2016.08.04 14:23:23.437,1.03855,1.03864,2.25,1.00
2016.08.04 14:23:23.650,1.03855,1.03868,2.25,1.00
2016.08.04 14:23:24.605,1.03855,1.03869,1.50,1.00
2016.08.04 14:23:24.708,1.03856,1.03869,1.00,1.00
2016.08.04 14:23:26.190,1.03856,1.03868,1.00,1.00
2016.08.04 14:23:26.393,1.03856,1.03864,1.00,1.00
2016.08.04 14:23:26.444,1.03857,1.03864,1.00,1.00
2016.08.04 14:23:26.495,1.03856,1.03869,1.50,1.00
2016.08.04 14:23:26.751,1.03857,1.03869,1.00,1.00
2016.08.04 14:23:27.399,1.03856,1.03869,1.50,1.00
2016.08.04 14:23:28.190,1.03856,1.03868,1.50,1.00
2016.08.04 14:23:28.292,1.03857,1.03868,1.00,1.00
2016.08.04 14:23:28.394,1.03856,1.03869,1.50,1.50
2016.08.04 14:23:28.496,1.03856,1.03869,1.00,1.50
2016.08.04 14:23:28.547,1.03855,1.03869,1.00,1.00
2016.08.04 14:23:28.801,1.03855,1.03869,1.00,1.12
2016.08.04 14:23:28.928,1.03855,1.03869,1.00,1.00
2016.08.04 14:23:29.030,1.03857,1.03868,1.50,1.00
2016.08.04 14:23:29.238,1.03857,1.03869,1.00,1.00
2016.08.04 14:23:29.515,1.03857,1.03869,1.00,1.33
2016.08.04 14:23:30.385,1.03857,1.03868,1.00,1.00
2016.08.04 14:23:32.205,1.03858,1.03868,1.00,1.00
2016.08.04 14:23:33.120,1.03858,1.03868,1.50,1.00
2016.08.04 14:23:33.171,1.03858,1.03872,1.50,1.24
2016.08.04 14:23:33.222,1.03858,1.03873,1.50,5.49
2016.08.04 14:23:33.273,1.03858,1.03869,1.50,1.33
2016.08.04 14:23:33.325,1.03858,1.03869,1.00,1.33
2016.08.04 14:23:34.068,1.03858,1.03868,1.00,1.00
2016.08.04 14:23:34.280,1.03857,1.03873,3.00,4.74
2016.08.04 14:23:34.331,1.03857,1.03873,3.75,1.00
2016.08.04 14:23:34.382,1.03857,1.03873,4.50,1.00
2016.08.04 14:23:34.797,1.03857,1.03869,4.50,1.00
2016.08.04 14:23:34.848,1.03858,1.03869,1.00,1.00
2016.08.04 14:23:35.310,1.03857,1.03868,2.25,1.00
2016.08.04 14:23:35.362,1.03857,1.03868,1.50,1.00
2016.08.04 14:23:35.729,1.03857,1.03868,2.25,1.00
2016.08.04 14:23:35.832,1.03857,1.03868,1.50,1.00
2016.08.04 14:23:36.122,1.03857,1.03869,2.25,1.00
2016.08.04 14:23:36.873,1.03857,1.03872,2.25,1.37
2016.08.04 14:23:37.311,1.03857,1.03873,2.25,2.25
2016.08.04 14:23:37.433,1.03857,1.03873,1.50,2.25
2016.08.04 14:23:38.035,1.03857,1.03873,1.50,2.62
2016.08.04 14:23:38.087,1.03857,1.03869,1.00,1.00
2016.08.04 14:23:38.138,1.03856,1.03869,2.25,1.00
2016.08.04 14:23:38.279,1.03856,1.03869,3.00,1.00
2016.08.04 14:23:38.330,1.03857,1.03869,1.00,1.00
2016.08.04 14:23:38.839,1.03857,1.03868,1.00,1.00
2016.08.04 14:23:39.160,1.03855,1.03867,1.19,1.12
2016.08.04 14:23:39.213,1.03852,1.03864,1.00,1.50
2016.08.04 14:23:39.264,1.03852,1.03863,1.00,1.00
2016.08.04 14:23:39.417,1.03849,1.03863,1.37,1.00
2016.08.04 14:23:39.520,1.03849,1.03863,1.87,1.00
2016.08.04 14:23:39.673,1.03849,1.03864,2.06,1.00
2016.08.04 14:23:39.724,1.03852,1.03866,1.00,1.87
2016.08.04 14:23:39.776,1.03852,1.03866,1.00,1.00
2016.08.04 14:23:39.938,1.03852,1.03867,1.00,1.12
2016.08.04 14:23:39.989,1.03851,1.03863,1.50,1.00
2016.08.04 14:23:40.091,1.03851,1.03867,1.50,1.12
2016.08.04 14:23:40.194,1.03851,1.03867,1.00,1.12
2016.08.04 14:23:40.717,1.03851,1.03866,1.00,1.00
2016.08.04 14:23:42.382,1.03854,1.03868,1.00,1.87
2016.08.04 14:23:42.433,1.03853,1.03868,2.81,1.37
2016.08.04 14:23:42.535,1.03853,1.03868,2.25,1.37
2016.08.04 14:23:42.587,1.03853,1.03868,2.25,1.00
2016.08.04 14:23:42.638,1.03853,1.03868,2.62,1.00
2016.08.04 14:23:42.740,1.03855,1.03868,1.00,1.00
2016.08.04 14:23:43.048,1.03857,1.03868,1.00,1.00
2016.08.04 14:23:43.599,1.03856,1.03869,2.25,1.00
2016.08.04 14:23:43.752,1.03858,1.03869,1.00,1.00
2016.08.04 14:23:45.249,1.03857,1.03869,1.87,1.00
2016.08.04 14:23:47.431,1.03857,1.03868,1.87,1.00
2016.08.04 14:23:47.635,1.03856,1.03868,1.50,1.00
2016.08.04 14:23:47.686,1.03856,1.03868,1.00,1.00
2016.08.04 14:23:47.737,1.03855,1.03868,1.00,1.00
2016.08.04 14:23:47.941,1.03855,1.03868,1.25,1.00
2016.08.04 14:23:48.583,1.03853,1.03868,1.67,1.87
2016.08.04 14:23:48.635,1.03852,1.03866,1.25,1.00
2016.08.04 14:23:48.788,1.03852,1.03866,1.69,1.00
2016.08.04 14:23:48.840,1.03855,1.03868,1.00,1.00
2016.08.04 14:23:50.670,1.03854,1.03866,1.12,1.00
2016.08.04 14:23:50.722,1.03854,1.03864,1.12,1.00
2016.08.04 14:23:50.773,1.03851,1.03864,2.92,1.50
2016.08.04 14:23:50.824,1.03851,1.03864,2.17,1.50
2016.08.04 14:23:50.875,1.03851,1.03864,1.42,1.00
2016.08.04 14:23:50.926,1.03851,1.03863,1.00,1.00
2016.08.04 14:23:51.282,1.03851,1.03863,1.00,1.00
2016.08.04 14:23:51.332,1.03851,1.03864,1.00,1.50
2016.08.04 14:23:51.688,1.0385,1.03864,1.50,1.00
2016.08.04 14:23:52.003,1.0385,1.03864,1.00,1.00
2016.08.04 14:23:52.207,1.0385,1.03864,1.50,1.00
2016.08.04 14:23:52.410,1.0385,1.03864,1.50,1.50
2016.08.04 14:23:52.512,1.0385,1.03859,1.50,1.00
2016.08.04 14:23:52.716,1.0385,1.03863,1.50,1.00
2016.08.04 14:23:53.138,1.0385,1.03863,2.25,1.00
2016.08.04 14:23:53.642,1.03851,1.03863,1.00,1.00
2016.08.04 14:23:53.891,1.03851,1.03863,1.50,1.00
2016.08.04 14:23:53.942,1.03851,1.03863,1.00,1.00
2016.08.04 14:23:54.409,1.0385,1.03864,1.25,1.50
2016.08.04 14:23:54.460,1.0385,1.03862,1.25,1.00
2016.08.04 14:23:54.511,1.0385,1.03862,1.00,1.00
2016.08.04 14:23:54.665,1.03848,1.03863,1.50,1.74
2016.08.04 14:23:54.815,1.0385,1.03863,1.00,1.33
2016.08.04 14:23:54.866,1.0385,1.03863,1.00,1.74
2016.08.04 14:23:54.968,1.03849,1.03862,1.00,1.00
2016.08.04 14:23:55.020,1.03849,1.03862,1.00,1.74
2016.08.04 14:23:55.071,1.03848,1.03861,1.00,1.00
2016.08.04 14:23:55.224,1.03848,1.03858,1.00,1.00
2016.08.04 14:23:55.479,1.03847,1.03858,1.25,1.00
2016.08.04 14:23:56.804,1.03847,1.03859,1.25,1.00
2016.08.04 14:23:57.336,1.03847,1.03861,1.25,1.00
2016.08.04 14:23:57.540,1.03847,1.03858,1.25,1.00
2016.08.04 14:23:57.694,1.03846,1.03858,1.00,1.00
2016.08.04 14:23:57.848,1.03845,1.03858,1.00,1.50
2016.08.04 14:23:57.950,1.03843,1.03857,1.42,1.00
2016.08.04 14:23:58.174,1.03845,1.03859,1.00,1.50
2016.08.04 14:23:58.226,1.03845,1.03859,1.00,1.00
2016.08.04 14:23:58.277,1.03845,1.03859,1.69,1.00
2016.08.04 14:23:58.822,1.03845,1.03858,1.69,1.00
2016.08.04 14:23:59.248,1.03845,1.03858,2.17,1.00
2016.08.04 14:23:59.458,1.03845,1.03858,2.36,1.00
2016.08.04 14:24:00.403,1.03846,1.03858,1.00,1.00
2016.08.04 14:24:00.454,1.03848,1.03858,1.00,1.00
2016.08.04 14:24:00.505,1.03851,1.03858,1.00,1.00
2016.08.04 14:24:00.556,1.03851,1.03863,1.69,1.50
2016.08.04 14:24:00.608,1.03853,1.03863,1.00,1.50
2016.08.04 14:24:00.660,1.03853,1.03858,1.50,1.00
2016.08.04 14:24:00.711,1.03853,1.03864,1.50,2.08
2016.08.04 14:24:00.762,1.03853,1.03864,1.50,1.33
2016.08.04 14:24:00.813,1.03853,1.03863,1.50,1.00
2016.08.04 14:24:01.717,1.03853,1.03864,1.50,1.33
2016.08.04 14:24:01.934,1.03853,1.03864,1.50,1.00
2016.08.04 14:24:02.271,1.03853,1.03864,1.50,1.24
2016.08.04 14:24:02.939,1.03853,1.03864,1.50,1.33
2016.08.04 14:24:03.250,1.03853,1.03864,2.25,1.33
2016.08.04 14:24:03.377,1.03853,1.03864,2.25,1.00
2016.08.04 14:24:03.428,1.03853,1.03864,2.25,1.33
2016.08.04 14:24:03.632,1.03853,1.03863,2.25,1.00
2016.08.04 14:24:03.762,1.03853,1.03863,2.25,1.33
2016.08.04 14:24:04.025,1.03853,1.03863,2.25,1.00
2016.08.04 14:24:04.454,1.03853,1.03863,2.25,1.50
2016.08.04 14:24:04.783,1.03854,1.03863,1.00,1.50
2016.08.04 14:24:04.886,1.03853,1.03863,2.25,1.50
2016.08.04 14:24:05.254,1.03854,1.03865,1.00,1.50
2016.08.04 14:24:05.305,1.03854,1.03865,1.50,1.50
2016.08.04 14:24:05.458,1.03854,1.03865,1.50,1.00
2016.08.04 14:24:05.509,1.03856,1.03865,1.00,1.00
2016.08.04 14:24:05.663,1.03856,1.03868,1.00,1.00
2016.08.04 14:24:05.866,1.03857,1.03869,1.12,1.00
2016.08.04 14:24:06.096,1.03859,1.03869,1.00,1.00
2016.08.04 14:24:06.149,1.03859,1.03864,1.00,1.00
2016.08.04 14:24:06.200,1.03857,1.03863,1.87,1.00
2016.08.04 14:24:06.575,1.03857,1.03864,1.12,1.00
2016.08.04 14:24:06.678,1.03857,1.03863,1.00,1.00
2016.08.04 14:24:06.730,1.03856,1.03864,1.42,1.00
2016.08.04 14:24:06.781,1.03854,1.03864,5.74,1.00
2016.08.04 14:24:06.939,1.03854,1.03863,2.55,1.00
2016.08.04 14:24:06.991,1.03854,1.03863,1.00,1.00
2016.08.04 14:24:07.144,1.03854,1.03863,1.67,1.00
2016.08.04 14:24:07.196,1.03854,1.03863,2.17,1.00
2016.08.04 14:24:07.247,1.03855,1.03863,1.67,1.00
2016.08.04 14:24:07.298,1.03855,1.03863,2.17,1.00
2016.08.04 14:24:07.618,1.03856,1.03863,1.42,1.00
2016.08.04 14:24:08.259,1.03856,1.03864,1.42,1.00
2016.08.04 14:24:08.368,1.03856,1.03864,1.00,1.00
2016.08.04 14:24:09.220,1.03856,1.03863,1.00,1.00
2016.08.04 14:24:09.359,1.03858,1.03864,1.00,1.00
2016.08.04 14:24:09.566,1.03857,1.03868,2.25,1.00
2016.08.04 14:24:09.771,1.03857,1.03864,1.50,1.00
2016.08.04 14:24:09.822,1.03857,1.03864,1.00,1.00
2016.08.04 14:24:09.924,1.03856,1.03868,1.00,1.00
2016.08.04 14:24:11.069,1.03856,1.03863,1.00,1.00
2016.08.04 14:24:11.120,1.03856,1.03863,1.50,1.00
2016.08.04 14:24:11.425,1.03857,1.03863,1.00,1.00
2016.08.04 14:24:11.619,1.03857,1.03869,1.00,1.50
2016.08.04 14:24:11.769,1.03857,1.03869,1.50,1.50
2016.08.04 14:24:11.872,1.03857,1.03869,2.25,1.50
2016.08.04 14:24:11.974,1.03857,1.03869,3.00,1.50
2016.08.04 14:24:12.025,1.03857,1.03869,2.25,1.50
2016.08.04 14:24:12.221,1.03857,1.03868,2.25,1.00
2016.08.04 14:24:12.718,1.03857,1.03869,2.25,1.50
2016.08.04 14:24:12.769,1.03857,1.03864,1.00,1.00
2016.08.04 14:24:13.127,1.03857,1.03868,1.00,1.00
2016.08.04 14:24:13.309,1.03855,1.03868,1.50,1.00
2016.08.04 14:24:13.861,1.03856,1.03868,1.00,1.00
2016.08.04 14:24:15.129,1.03856,1.03869,1.00,2.25
2016.08.04 14:24:15.332,1.03857,1.03869,1.00,1.50
2016.08.04 14:24:15.383,1.03857,1.03869,1.75,1.50
2016.08.04 14:24:15.878,1.03858,1.03869,1.50,1.50
2016.08.04 14:24:15.980,1.03857,1.03869,1.75,1.00
2016.08.04 14:24:16.355,1.03857,1.03863,1.75,1.00
2016.08.04 14:24:16.727,1.03857,1.03868,1.75,2.25
2016.08.04 14:24:16.778,1.03857,1.03868,1.00,1.50
2016.08.04 14:24:16.829,1.03857,1.03868,1.00,2.25
2016.08.04 14:24:16.982,1.03855,1.03868,2.25,2.25
2016.08.04 14:24:17.033,1.03855,1.03868,3.00,2.25
2016.08.04 14:24:17.135,1.03857,1.03864,1.00,1.00
2016.08.04 14:24:17.237,1.03856,1.03863,1.12,1.00
2016.08.04 14:24:17.444,1.03856,1.03863,1.00,1.00
2016.08.04 14:24:17.556,1.03854,1.03863,1.25,1.00
2016.08.04 14:24:17.607,1.03852,1.03863,1.37,1.00
2016.08.04 14:24:17.658,1.03851,1.03859,2.06,1.00
2016.08.04 14:24:17.862,1.03851,1.03859,1.87,1.00
2016.08.04 14:24:17.913,1.03851,1.03859,1.12,1.00
2016.08.04 14:24:17.964,1.0385,1.03858,1.69,1.00
2016.08.04 14:24:18.066,1.03848,1.03859,1.00,1.00
2016.08.04 14:24:18.369,1.03847,1.03859,2.81,1.00
2016.08.04 14:24:19.272,1.03848,1.03859,1.50,1.00
2016.08.04 14:24:19.323,1.03849,1.03859,1.00,1.00
2016.08.04 14:24:19.604,1.03848,1.03859,2.25,1.00
2016.08.04 14:24:19.759,1.03848,1.03858,1.00,1.00
2016.08.04 14:24:19.811,1.03847,1.03858,2.81,1.00
2016.08.04 14:24:19.863,1.03847,1.03858,1.69,1.00
2016.08.04 14:24:20.017,1.03847,1.03858,1.00,1.00
2016.08.04 14:24:20.119,1.03847,1.03859,1.50,1.00
2016.08.04 14:24:21.151,1.03847,1.03859,1.50,1.50
2016.08.04 14:24:21.202,1.03845,1.03858,2.06,1.00
2016.08.04 14:24:21.253,1.03845,1.03858,1.87,1.00
2016.08.04 14:24:21.304,1.03845,1.03858,1.12,1.00
2016.08.04 14:24:21.512,1.03845,1.03858,1.00,1.00
2016.08.04 14:24:21.614,1.03846,1.03859,1.50,2.62
2016.08.04 14:24:21.771,1.03848,1.03858,1.50,1.00
2016.08.04 14:24:21.823,1.03848,1.03858,1.00,1.00
2016.08.04 14:24:21.874,1.03848,1.03853,1.50,1.00
2016.08.04 14:24:21.977,1.03848,1.03853,1.00,1.00
2016.08.04 14:24:22.082,1.03845,1.03854,3.56,1.00
2016.08.04 14:24:22.133,1.03845,1.03854,2.25,1.00
2016.08.04 14:24:22.185,1.03844,1.03854,1.69,1.00
2016.08.04 14:24:22.236,1.03845,1.03853,1.12,1.00
2016.08.04 14:24:22.287,1.03845,1.03853,1.87,1.00
2016.08.04 14:24:22.478,1.03845,1.03854,1.12,1.00
2016.08.04 14:24:22.683,1.03845,1.03854,1.87,1.00
2016.08.04 14:24:22.735,1.03847,1.03854,1.00,1.00
2016.08.04 14:24:22.786,1.03847,1.03859,1.25,1.50
2016.08.04 14:24:22.838,1.03847,1.03859,1.25,1.00
2016.08.04 14:24:22.889,1.03849,1.03859,1.00,1.00
2016.08.04 14:24:23.247,1.03849,1.03858,1.00,1.00
2016.08.04 14:24:23.885,1.03849,1.03859,1.00,1.00
2016.08.04 14:24:25.251,1.03851,1.03859,1.00,1.00
2016.08.04 14:24:25.861,1.03851,1.03858,1.00,1.00
2016.08.04 14:24:26.758,1.03852,1.03858,1.31,1.00
2016.08.04 14:24:26.811,1.03856,1.0386,1.00,1.00
2016.08.04 14:24:26.965,1.03856,1.03869,1.00,2.25
2016.08.04 14:24:27.067,1.03856,1.03869,1.00,1.50
2016.08.04 14:24:27.169,1.03856,1.03869,1.25,1.50
2016.08.04 14:24:27.221,1.03856,1.03869,1.25,1.00
2016.08.04 14:24:27.755,1.03856,1.03868,1.25,1.00
2016.08.04 14:24:28.467,1.03856,1.03864,1.25,1.00
2016.08.04 14:24:29.054,1.03857,1.03869,1.19,1.00
2016.08.04 14:24:29.156,1.03857,1.03868,1.69,1.00
2016.08.04 14:24:29.258,1.03857,1.03868,1.50,1.00
2016.08.04 14:24:29.581,1.03858,1.03868,1.00,1.00
2016.08.04 14:24:30.117,1.03858,1.03869,1.00,1.00
2016.08.04 14:24:30.860,1.03861,1.03869,1.00,1.00
2016.08.04 14:24:31.369,1.0386,1.03868,1.00,1.00
2016.08.04 14:24:32.051,1.03858,1.03868,1.50,1.00
2016.08.04 14:24:33.181,1.0386,1.03869,1.00,1.00
2016.08.04 14:24:33.569,1.0386,1.03864,1.00,1.00
2016.08.04 14:24:33.620,1.03855,1.03864,1.19,1.00
2016.08.04 14:24:33.671,1.03854,1.03859,1.12,1.00
2016.08.04 14:24:33.722,1.0385,1.03859,1.10,1.00
2016.08.04 14:24:33.774,1.03849,1.03858,1.01,1.00
2016.08.04 14:24:33.825,1.03849,1.03858,1.25,1.00
2016.08.04 14:24:33.978,1.03849,1.03858,1.69,1.00
2016.08.04 14:24:34.029,1.03852,1.03858,1.00,1.00
2016.08.04 14:24:34.080,1.03852,1.03864,1.00,1.00
2016.08.04 14:24:34.236,1.03854,1.03864,1.00,1.00
2016.08.04 14:24:36.662,1.03852,1.03863,2.44,1.00
2016.08.04 14:24:36.769,1.03852,1.03863,1.25,1.00
2016.08.04 14:24:36.932,1.03853,1.03863,1.50,1.00
2016.08.04 14:24:36.983,1.03854,1.03864,1.19,1.00
2016.08.04 14:24:37.035,1.03855,1.03864,1.25,1.00
2016.08.04 14:24:37.137,1.03855,1.03864,1.25,1.00
2016.08.04 14:24:37.188,1.03855,1.03864,1.00,1.00
2016.08.04 14:24:37.239,1.03854,1.03864,1.50,1.00
2016.08.04 14:24:37.370,1.03853,1.03863,1.12,1.00
2016.08.04 14:24:37.422,1.03852,1.03863,1.19,1.00
2016.08.04 14:24:37.524,1.03852,1.03864,1.00,1.00
2016.08.04 14:24:37.627,1.0385,1.03859,1.69,1.00
2016.08.04 14:24:37.678,1.03849,1.03859,2.44,1.00
2016.08.04 14:24:37.729,1.0385,1.03859,1.25,1.00
2016.08.04 14:24:37.831,1.03849,1.03859,1.69,1.00
2016.08.04 14:24:37.986,1.03849,1.03859,1.50,1.00
2016.08.04 14:24:38.166,1.0385,1.03859,1.00,1.00
2016.08.04 14:24:38.462,1.03852,1.03864,1.00,1.00
2016.08.04 14:24:38.513,1.0385,1.03863,1.19,1.00
2016.08.04 14:24:38.617,1.03851,1.03859,1.00,1.00
2016.08.04 14:24:38.720,1.03848,1.03859,1.50,1.00
2016.08.04 14:24:38.772,1.03848,1.03859,2.25,1.00
2016.08.04 14:24:38.874,1.03848,1.03858,1.50,1.00
2016.08.04 14:24:38.976,1.03851,1.03858,1.00,1.00
2016.08.04 14:24:40.044,1.03853,1.03858,1.00,1.00
2016.08.04 14:24:40.557,1.03853,1.03859,1.00,1.00
2016.08.04 14:24:40.841,1.03851,1.03858,1.00,1.00
2016.08.04 14:24:41.441,1.0385,1.03858,1.00,1.00
2016.08.04 14:24:42.208,1.0385,1.03859,1.00,1.00
2016.08.04 14:24:43.389,1.03849,1.03859,1.87,1.00
2016.08.04 14:24:43.763,1.0385,1.03859,1.00,1.00
2016.08.04 14:24:43.814,1.0385,1.03858,1.25,1.00
2016.08.04 14:24:43.865,1.03851,1.03858,1.50,1.00
2016.08.04 14:24:44.068,1.03852,1.03859,1.00,1.00
2016.08.04 14:24:44.592,1.03852,1.03858,1.00,1.00
2016.08.04 14:24:44.985,1.03851,1.03858,1.50,1.00
2016.08.04 14:24:45.036,1.03851,1.03859,1.00,1.00
2016.08.04 14:24:45.087,1.0385,1.03859,3.94,1.00
2016.08.04 14:24:45.350,1.03852,1.03859,1.00,1.00
2016.08.04 14:24:45.618,1.03852,1.03864,1.00,1.00
2016.08.04 14:24:45.669,1.03852,1.03864,1.50,1.00
2016.08.04 14:24:45.983,1.03854,1.03864,1.00,1.00
2016.08.04 14:24:46.034,1.03854,1.03859,1.00,1.00
2016.08.04 14:24:46.085,1.03853,1.03858,1.00,1.00
2016.08.04 14:24:46.137,1.03852,1.03858,1.00,1.00
2016.08.04 14:24:46.188,1.03849,1.03858,2.25,1.00
2016.08.04 14:24:46.240,1.03849,1.03858,1.50,1.00
2016.08.04 14:24:46.291,1.03847,1.03858,3.37,1.00
2016.08.04 14:24:46.342,1.03847,1.03858,2.25,1.00
2016.08.04 14:24:46.661,1.03848,1.03858,1.00,1.00
2016.08.04 14:24:46.942,1.03845,1.03859,2.25,1.50
2016.08.04 14:24:47.146,1.03845,1.03859,1.50,1.00
2016.08.04 14:24:47.197,1.03846,1.03859,1.00,1.00
2016.08.04 14:24:47.350,1.03847,1.03859,1.00,1.50
2016.08.04 14:24:47.680,1.03845,1.03859,1.50,1.50
2016.08.04 14:24:47.731,1.03845,1.03858,1.50,1.00
2016.08.04 14:24:47.782,1.03846,1.03858,1.00,1.00
2016.08.04 14:24:47.935,1.03846,1.03858,1.50,1.00
2016.08.04 14:24:48.147,1.03845,1.03858,1.75,1.00
2016.08.04 14:24:48.198,1.03846,1.03858,1.50,1.00
2016.08.04 14:24:48.650,1.03846,1.03859,1.50,2.25
2016.08.04 14:24:49.868,1.03846,1.03858,1.50,1.00
2016.08.04 14:24:50.076,1.03845,1.03858,1.75,1.00
2016.08.04 14:24:51.362,1.03845,1.03858,2.25,1.00
2016.08.04 14:24:51.413,1.03845,1.03858,1.75,1.00
2016.08.04 14:24:51.566,1.03844,1.03854,1.00,1.00
2016.08.04 14:24:51.769,1.03843,1.03854,1.00,1.00
2016.08.04 14:24:53.066,1.03845,1.03854,1.00,1.00
2016.08.04 14:24:53.285,1.03842,1.03854,1.00,1.00
2016.08.04 14:24:53.544,1.03842,1.03853,1.87,1.00
2016.08.04 14:24:53.697,1.03843,1.03853,1.00,1.00
2016.08.04 14:24:53.799,1.03842,1.03853,1.87,1.00
2016.08.04 14:24:54.335,1.03842,1.03854,1.87,1.00
2016.08.04 14:24:54.490,1.03842,1.03854,2.62,1.00
2016.08.04 14:24:54.541,1.03842,1.03854,1.50,1.00
2016.08.04 14:24:55.774,1.03843,1.03853,1.00,1.00
2016.08.04 14:24:55.877,1.03843,1.03856,1.00,1.00
2016.08.04 14:24:55.928,1.03843,1.03856,1.37,1.00
2016.08.04 14:24:55.979,1.03844,1.03856,1.50,1.00
2016.08.04 14:24:56.081,1.03843,1.03857,2.25,1.12
2016.08.04 14:24:56.184,1.03843,1.03856,1.75,1.00
2016.08.04 14:24:56.287,1.03843,1.03856,1.75,1.12
2016.08.04 14:24:56.338,1.03843,1.03856,1.75,1.87
2016.08.04 14:24:56.389,1.03843,1.03856,2.25,2.62
2016.08.04 14:24:57.299,1.03843,1.03856,2.25,2.25
2016.08.04 14:24:57.725,1.03843,1.03856,2.25,1.50
2016.08.04 14:24:57.776,1.03843,1.03856,2.25,1.00
2016.08.04 14:24:57.929,1.03843,1.03856,2.25,1.12
2016.08.04 14:24:58.031,1.03843,1.03856,2.25,1.00
2016.08.04 14:24:58.232,1.03843,1.03856,1.75,1.00
2016.08.04 14:24:58.283,1.03843,1.03857,1.75,2.25
2016.08.04 14:24:58.334,1.03843,1.03857,1.75,1.50
2016.08.04 14:24:58.436,1.03843,1.03854,1.75,1.00
2016.08.04 14:24:58.487,1.03842,1.03854,2.25,1.00
2016.08.04 14:24:58.538,1.03841,1.03854,3.37,1.00
2016.08.04 14:24:58.590,1.03842,1.03854,1.00,1.00
2016.08.04 14:24:58.641,1.03842,1.03855,1.00,2.25
2016.08.04 14:24:58.692,1.03843,1.03855,1.00,2.25
2016.08.04 14:24:59.166,1.03843,1.03855,1.00,1.00
2016.08.04 14:24:59.380,1.03842,1.03857,1.50,1.50
2016.08.04 14:24:59.432,1.03842,1.03853,2.62,1.00
2016.08.04 14:24:59.484,1.03843,1.03853,1.00,1.00
2016.08.04 14:24:59.695,1.03842,1.03853,2.25,1.00
2016.08.04 14:24:59.746,1.03842,1.03857,3.37,1.50
2016.08.04 14:24:59.797,1.03842,1.03857,2.62,1.50
2016.08.04 14:24:59.900,1.03842,1.03857,3.37,1.50
2016.08.04 14:25:00.053,1.03843,1.03857,1.00,1.50
2016.08.04 14:25:00.104,1.03843,1.03857,1.50,1.00
2016.08.04 14:25:00.155,1.03843,1.03857,2.25,1.00
2016.08.04 14:25:00.258,1.03843,1.03854,1.50,1.00
2016.08.04 14:25:00.309,1.03843,1.03854,1.00,1.00
2016.08.04 14:25:00.798,1.03842,1.03854,1.50,1.00
2016.08.04 14:25:00.951,1.03842,1.03857,1.50,1.00
2016.08.04 14:25:01.002,1.03845,1.03857,1.00,1.00
2016.08.04 14:25:01.053,1.03845,1.03853,1.00,1.00
2016.08.04 14:25:01.639,1.03845,1.03858,1.00,1.50
2016.08.04 14:25:01.691,1.03845,1.03858,1.00,1.00
2016.08.04 14:25:01.793,1.03845,1.03858,1.00,1.50
2016.08.04 14:25:01.844,1.03845,1.03856,1.50,1.00
2016.08.04 14:25:01.895,1.03845,1.03855,1.50,1.00
2016.08.04 14:25:01.947,1.03845,1.03853,1.00,1.00
2016.08.04 14:25:01.998,1.03841,1.03853,1.12,1.00
2016.08.04 14:25:02.049,1.03841,1.03853,1.00,1.00
2016.08.04 14:25:02.101,1.03843,1.03853,1.00,1.50
2016.08.04 14:25:02.152,1.03844,1.03853,1.00,1.00
2016.08.04 14:25:02.204,1.03844,1.03854,1.50,1.00
2016.08.04 14:25:02.358,1.03844,1.03854,1.00,1.00
2016.08.04 14:25:02.766,1.03846,1.03854,1.00,1.00
2016.08.04 14:25:03.854,1.03846,1.03858,1.00,1.50
2016.08.04 14:25:03.905,1.03847,1.03858,1.00,1.50
2016.08.04 14:25:04.457,1.03847,1.03858,1.00,2.25
2016.08.04 14:25:04.662,1.03847,1.03858,1.00,1.50
2016.08.04 14:25:04.866,1.03847,1.03854,1.00,1.00
2016.08.04 14:25:05.072,1.03845,1.03854,1.00,1.00
2016.08.04 14:25:05.224,1.03844,1.03853,1.12,1.00
2016.08.04 14:25:05.387,1.03842,1.03853,1.75,1.00
2016.08.04 14:25:05.490,1.03842,1.03853,1.12,1.00
2016.08.04 14:25:05.541,1.03842,1.03849,1.12,1.00
2016.08.04 14:25:05.593,1.03841,1.03852,3.37,1.00
2016.08.04 14:25:05.645,1.03841,1.03849,2.25,1.00
2016.08.04 14:25:05.696,1.03841,1.03849,1.12,1.00
2016.08.04 14:25:05.747,1.03841,1.03851,1.12,1.50
2016.08.04 14:25:05.900,1.03841,1.03851,1.12,2.25
2016.08.04 14:25:05.951,1.03838,1.03851,2.62,2.25
2016.08.04 14:25:06.458,1.03838,1.03851,3.37,1.50
2016.08.04 14:25:06.509,1.03838,1.03852,3.37,1.00
2016.08.04 14:25:06.560,1.03838,1.03852,3.56,1.00
2016.08.04 14:25:06.611,1.03839,1.03852,1.00,1.00
2016.08.04 14:25:06.662,1.03839,1.03852,1.00,1.00
2016.08.04 14:25:06.916,1.03839,1.03852,1.00,1.50
2016.08.04 14:25:07.681,1.03839,1.03852,1.00,2.25
2016.08.04 14:25:07.733,1.03838,1.03852,1.87,2.25
2016.08.04 14:25:07.886,1.03838,1.03851,1.12,1.00
2016.08.04 14:25:08.147,1.03838,1.03852,1.12,1.50
2016.08.04 14:25:08.198,1.03838,1.03852,1.12,1.45
2016.08.04 14:25:08.301,1.0384,1.03853,1.00,1.50
2016.08.04 14:25:08.412,1.0384,1.03853,1.12,1.12
2016.08.04 14:25:08.464,1.0384,1.03853,1.12,1.50
2016.08.04 14:25:08.515,1.03839,1.03853,2.62,1.50
2016.08.04 14:25:08.566,1.03839,1.03853,1.37,1.20
2016.08.04 14:25:09.189,1.03839,1.03853,1.37,1.95
2016.08.04 14:25:10.445,1.03839,1.03853,1.37,1.45
2016.08.04 14:25:10.791,1.03838,1.03848,1.87,1.00
2016.08.04 14:25:10.842,1.03837,1.03848,1.75,1.00
2016.08.04 14:25:10.946,1.03836,1.03848,1.12,1.00
2016.08.04 14:25:10.999,1.03836,1.03848,1.00,1.95
2016.08.04 14:25:11.050,1.03836,1.03847,1.00,1.45
2016.08.04 14:25:11.102,1.03836,1.03845,1.00,1.00
2016.08.04 14:25:11.204,1.03831,1.03844,1.75,1.45
2016.08.04 14:25:11.255,1.03831,1.03844,1.50,1.45
2016.08.04 14:25:11.306,1.03831,1.03844,1.12,1.45
2016.08.04 14:25:11.357,1.03831,1.03844,1.00,1.45
2016.08.04 14:25:12.109,1.03834,1.03845,1.00,1.45
2016.08.04 14:25:12.162,1.03834,1.03846,1.00,3.45
2016.08.04 14:25:12.214,1.03831,1.03847,1.50,1.95
2016.08.04 14:25:12.265,1.03831,1.03847,1.87,1.95
2016.08.04 14:25:12.317,1.03831,1.03847,2.25,1.95
2016.08.04 14:25:12.370,1.03832,1.03847,1.50,1.95
2016.08.04 14:25:12.421,1.03833,1.03847,1.12,1.20
2016.08.04 14:25:12.578,1.03833,1.03847,1.12,1.95
2016.08.04 14:25:12.630,1.03833,1.03847,1.12,1.20
2016.08.04 14:25:12.929,1.03834,1.03847,1.00,1.20
2016.08.04 14:25:13.449,1.03835,1.03848,1.00,1.45
2016.08.04 14:25:13.653,1.03834,1.03847,1.00,1.20
2016.08.04 14:25:13.756,1.03834,1.03848,1.00,1.45
2016.08.04 14:25:13.957,1.03836,1.03846,1.00,1.00
2016.08.04 14:25:14.009,1.03836,1.03846,1.00,1.20
2016.08.04 14:25:14.060,1.03836,1.03848,1.00,4.20
2016.08.04 14:25:14.111,1.03837,1.03848,1.00,1.20
2016.08.04 14:25:14.162,1.03837,1.03848,1.00,1.95
2016.08.04 14:25:14.470,1.03839,1.0385,1.00,1.45
2016.08.04 14:25:14.901,1.0384,1.03852,1.00,1.45
2016.08.04 14:25:14.953,1.0384,1.03851,1.00,1.45
2016.08.04 14:25:15.309,1.0384,1.03851,1.00,1.20
2016.08.04 14:25:15.360,1.0384,1.03852,1.00,1.95
2016.08.04 14:25:15.411,1.0384,1.03852,1.00,1.45
2016.08.04 14:25:16.596,1.0384,1.03852,1.00,4.20
2016.08.04 14:25:16.698,1.0384,1.03851,1.00,1.45
2016.08.04 14:25:16.810,1.03838,1.03848,2.62,1.00
2016.08.04 14:25:16.864,1.03838,1.03849,1.00,1.95
2016.08.04 14:25:16.916,1.03836,1.03849,1.00,1.95
2016.08.04 14:25:16.969,1.03836,1.03848,1.00,1.45
2016.08.04 14:25:17.020,1.03835,1.03848,1.12,1.20
2016.08.04 14:25:17.072,1.03835,1.03849,1.12,1.95
2016.08.04 14:25:17.123,1.03836,1.03849,1.00,2.70
2016.08.04 14:25:17.647,1.03839,1.03849,1.00,1.50
2016.08.04 14:25:17.702,1.03839,1.03849,1.37,1.00
2016.08.04 14:25:17.753,1.0384,1.03849,1.12,1.00
2016.08.04 14:25:17.804,1.0384,1.03849,1.00,1.00
2016.08.04 14:25:17.855,1.03838,1.03849,2.25,1.00
2016.08.04 14:25:17.907,1.03838,1.03849,1.87,1.00
2016.08.04 14:25:17.958,1.03839,1.03849,1.12,1.00
2016.08.04 14:25:18.296,1.03839,1.03849,1.87,1.00
2016.08.04 14:25:20.454,1.0384,1.03851,1.00,1.45
2016.08.04 14:25:20.714,1.0384,1.03852,1.00,4.20
2016.08.04 14:25:20.765,1.03839,1.03852,1.87,4.95
2016.08.04 14:25:21.014,1.03839,1.03848,1.87,1.00
2016.08.04 14:25:21.355,1.03839,1.03852,1.87,4.95
2016.08.04 14:25:22.304,1.03839,1.03852,1.12,4.95
2016.08.04 14:25:22.471,1.03839,1.03851,1.12,1.45
2016.08.04 14:25:22.523,1.0384,1.03851,1.00,1.45
2016.08.04 14:25:22.574,1.0384,1.03852,1.00,4.20
2016.08.04 14:25:22.626,1.0384,1.03852,1.00,4.20
2016.08.04 14:25:22.906,1.0384,1.03851,1.00,1.45
2016.08.04 14:25:22.957,1.03839,1.03851,1.12,1.45
2016.08.04 14:25:23.008,1.03839,1.03852,1.12,4.95
2016.08.04 14:25:23.186,1.03839,1.03852,1.12,4.95
2016.08.04 14:25:23.238,1.03839,1.03852,1.12,4.20
2016.08.04 14:25:23.494,1.03839,1.03851,1.12,1.45
2016.08.04 14:25:23.545,1.0384,1.03851,1.00,1.45
2016.08.04 14:25:23.596,1.0384,1.03852,1.00,4.20
2016.08.04 14:25:23.698,1.0384,1.03851,1.00,1.45
2016.08.04 14:25:23.964,1.03838,1.03851,2.25,1.45
2016.08.04 14:25:24.168,1.03841,1.03851,1.00,1.45
2016.08.04 14:25:24.219,1.03841,1.03851,1.00,1.00
2016.08.04 14:25:24.326,1.03841,1.03851,1.00,1.45
2016.08.04 14:25:24.377,1.03841,1.03852,1.50,1.45
2016.08.04 14:25:24.480,1.03841,1.03853,1.50,1.45
2016.08.04 14:25:24.531,1.03841,1.03853,1.50,1.45
2016.08.04 14:25:24.582,1.03841,1.03853,1.00,1.45
2016.08.04 14:25:24.683,1.03841,1.03853,1.00,1.45
2016.08.04 14:25:24.837,1.03843,1.03853,1.37,1.45
2016.08.04 14:25:25.414,1.03843,1.03854,1.37,4.20
2016.08.04 14:25:25.669,1.03849,1.03854,1.00,3.45
2016.08.04 14:25:25.720,1.03849,1.03855,1.00,1.45
2016.08.04 14:25:25.771,1.03849,1.03856,1.00,4.95
2016.08.04 14:25:25.873,1.03849,1.03855,1.00,1.45
2016.08.04 14:25:26.381,1.03848,1.03853,1.00,1.20
2016.08.04 14:25:26.432,1.03848,1.03853,1.00,1.95
2016.08.04 14:25:26.483,1.03848,1.03853,1.00,1.45
2016.08.04 14:25:26.636,1.03846,1.03853,1.00,1.95
2016.08.04 14:25:26.739,1.03846,1.03851,1.00,1.00
2016.08.04 14:25:26.790,1.03846,1.03851,1.00,1.95
2016.08.04 14:25:26.892,1.03846,1.03851,1.00,1.45
2016.08.04 14:25:26.943,1.03846,1.03853,1.00,5.14
2016.08.04 14:25:26.994,1.03846,1.03852,1.00,1.45
2016.08.04 14:25:27.923,1.03846,1.03852,1.00,1.45
2016.08.04 14:25:28.127,1.03846,1.03852,1.00,1.45
2016.08.04 14:25:28.178,1.03846,1.03853,1.00,5.14
2016.08.04 14:25:28.230,1.03846,1.03852,1.00,1.00
2016.08.04 14:25:28.333,1.03846,1.03852,1.00,1.00
2016.08.04 14:25:28.869,1.03846,1.03852,1.00,1.50
2016.08.04 14:25:28.971,1.03848,1.03852,1.00,1.00
2016.08.04 14:25:29.023,1.0385,1.03854,1.00,1.00
2016.08.04 14:25:29.227,1.0385,1.03855,1.00,1.00
2016.08.04 14:25:29.432,1.03849,1.03853,1.00,1.00
2016.08.04 14:25:29.669,1.0385,1.03855,1.00,1.50
2016.08.04 14:25:29.771,1.03849,1.03853,1.00,1.00
2016.08.04 14:25:29.826,1.0385,1.03855,1.00,1.50
2016.08.04 14:25:29.877,1.0385,1.03855,1.00,1.00
2016.08.04 14:25:30.032,1.0385,1.03858,1.00,3.00
2016.08.04 14:25:30.134,1.0385,1.03858,1.00,2.25
2016.08.04 14:25:30.236,1.03849,1.03853,1.00,1.00
2016.08.04 14:25:31.662,1.0385,1.03854,1.00,1.00
2016.08.04 14:25:33.730,1.03849,1.03853,1.00,1.00
2016.08.04 14:25:35.065,1.03851,1.03855,1.00,1.00
2016.08.04 14:25:35.370,1.03854,1.03859,1.00,1.12
2016.08.04 14:25:35.472,1.03854,1.03859,1.00,1.00
2016.08.04 14:25:36.144,1.03854,1.03858,1.00,1.00
2016.08.04 14:25:36.195,1.03849,1.03858,1.00,1.00
2016.08.04 14:25:36.246,1.03849,1.03858,1.00,1.50
2016.08.04 14:25:36.348,1.03849,1.03853,1.00,1.00
2016.08.04 14:25:36.953,1.03849,1.03854,1.00,1.00
2016.08.04 14:25:37.056,1.03852,1.03856,1.00,1.00
2016.08.04 14:25:37.366,1.03852,1.03859,1.00,1.50
2016.08.04 14:25:37.635,1.0385,1.03855,1.00,1.00
2016.08.04 14:25:38.097,1.03852,1.03858,1.00,1.00
2016.08.04 14:25:38.746,1.03853,1.03858,1.00,1.00
2016.08.04 14:25:38.848,1.03855,1.03859,1.00,1.00
2016.08.04 14:25:40.731,1.03853,1.03859,1.00,1.00
2016.08.04 14:25:40.782,1.03853,1.03859,1.00,1.50
2016.08.04 14:25:41.087,1.03853,1.03859,1.00,1.00
2016.08.04 14:25:41.824,1.03849,1.03859,1.00,1.00
2016.08.04 14:25:42.078,1.03851,1.03858,1.00,1.00
2016.08.04 14:25:42.416,1.03853,1.03858,1.00,1.00
2016.08.04 14:25:42.927,1.03853,1.03859,1.00,1.00
2016.08.04 14:25:43.773,1.03853,1.03858,1.00,1.00
2016.08.04 14:25:44.340,1.03852,1.03859,1.00,1.00
2016.08.04 14:25:44.726,1.03849,1.03859,1.00,1.00
2016.08.04 14:25:45.865,1.03849,1.03858,1.00,1.00
2016.08.04 14:25:46.480,1.03851,1.03858,1.00,1.00
2016.08.04 14:25:46.611,1.03852,1.03862,1.00,3.49
2016.08.04 14:25:46.663,1.03854,1.03858,1.00,1.00
2016.08.04 14:25:46.919,1.03852,1.03859,1.12,1.00
2016.08.04 14:25:46.971,1.0385,1.03858,1.50,1.00
2016.08.04 14:25:47.074,1.0385,1.03858,1.12,1.00
2016.08.04 14:25:47.176,1.0385,1.03858,1.00,1.00
2016.08.04 14:25:47.729,1.0385,1.03859,1.00,1.00
2016.08.04 14:25:48.237,1.0385,1.03858,1.00,1.00
2016.08.04 14:25:48.562,1.0385,1.03858,1.50,1.00
2016.08.04 14:25:48.974,1.03851,1.03858,1.00,1.00
2016.08.04 14:25:49.492,1.03851,1.03859,1.00,1.00
2016.08.04 14:25:50.192,1.03852,1.03859,1.00,1.00
2016.08.04 14:25:51.885,1.0385,1.03859,1.50,1.00
2016.08.04 14:25:52.338,1.03851,1.03859,1.00,1.00
2016.08.04 14:25:52.648,1.03853,1.03859,1.00,1.00
2016.08.04 14:25:53.284,1.03852,1.03859,1.00,1.00
2016.08.04 14:25:53.386,1.0385,1.03858,1.50,1.00
2016.08.04 14:25:53.954,1.0385,1.03859,1.00,1.00
2016.08.04 14:25:54.005,1.03849,1.03859,1.00,1.00
2016.08.04 14:25:54.311,1.03849,1.03858,1.50,1.00
2016.08.04 14:25:54.618,1.03849,1.03858,1.00,1.00
2016.08.04 14:25:54.923,1.03849,1.03859,1.50,1.00
2016.08.04 14:25:55.177,1.03849,1.03859,1.00,1.00
2016.08.04 14:25:55.585,1.0385,1.03858,1.00,1.00
2016.08.04 14:25:56.290,1.0385,1.03859,1.00,1.00
2016.08.04 14:25:56.392,1.03849,1.03859,1.50,1.00
2016.08.04 14:25:56.494,1.03849,1.03859,1.00,1.00
2016.08.04 14:25:57.321,1.03849,1.03858,1.00,1.00
2016.08.04 14:25:58.467,1.03849,1.03858,1.18,1.00
2016.08.04 14:25:58.607,1.03849,1.03858,1.93,1.00
2016.08.04 14:25:58.658,1.03849,1.03858,1.69,1.00
2016.08.04 14:25:59.185,1.03849,1.03859,1.69,1.00
2016.08.04 14:25:59.346,1.03849,1.03858,1.00,1.00
2016.08.04 14:25:59.397,1.03846,1.03859,1.37,1.00
2016.08.04 14:25:59.448,1.03846,1.03859,1.12,1.00
2016.08.04 14:25:59.500,1.03845,1.03853,1.50,1.00
2016.08.04 14:25:59.608,1.03845,1.03858,1.50,1.00
2016.08.04 14:25:59.711,1.03845,1.03858,1.50,1.50
2016.08.04 14:26:00.723,1.03846,1.03858,1.00,1.00
2016.08.04 14:26:00.926,1.03847,1.03858,1.00,1.00
2016.08.04 14:26:00.977,1.03847,1.03858,1.87,1.00
2016.08.04 14:26:01.029,1.03849,1.03862,1.00,1.12
2016.08.04 14:26:01.080,1.03849,1.03862,1.00,1.00
2016.08.04 14:26:01.720,1.03849,1.03861,1.00,1.00
2016.08.04 14:26:02.027,1.0385,1.03863,1.00,1.00
2016.08.04 14:26:02.129,1.03849,1.03863,1.00,1.50
2016.08.04 14:26:02.301,1.03848,1.03861,2.25,1.00
2016.08.04 14:26:02.455,1.03848,1.03861,1.50,1.00
2016.08.04 14:26:02.713,1.03848,1.03858,1.50,1.00
2016.08.04 14:26:02.764,1.03848,1.03858,1.00,1.00
2016.08.04 14:26:04.794,1.03848,1.03859,1.00,1.00
2016.08.04 14:26:05.025,1.03847,1.03859,1.12,1.00
2016.08.04 14:26:05.127,1.03848,1.03859,1.00,1.00
2016.08.04 14:26:07.127,1.03846,1.03859,1.87,1.00
2016.08.04 14:26:07.705,1.03846,1.03858,1.87,1.00
2016.08.04 14:26:09.301,1.03846,1.03861,1.87,1.00
2016.08.04 14:26:09.403,1.03846,1.03858,1.87,1.00
2016.08.04 14:26:10.226,1.03847,1.03858,1.12,1.00
2016.08.04 14:26:10.734,1.03847,1.03859,1.12,1.00
2016.08.04 14:26:11.654,1.03847,1.03858,1.12,1.00
2016.08.04 14:26:13.009,1.03847,1.03859,1.12,1.00
2016.08.04 14:26:13.466,1.03847,1.03858,1.12,1.50
2016.08.04 14:26:13.518,1.03845,1.03853,1.50,1.00
2016.08.04 14:26:13.569,1.03841,1.03853,2.44,1.00
2016.08.04 14:26:13.620,1.03841,1.03853,1.94,1.00
2016.08.04 14:26:13.671,1.03841,1.03853,1.37,1.50
2016.08.04 14:26:13.723,1.03841,1.03853,1.00,1.50
2016.08.04 14:26:13.824,1.03841,1.03848,1.00,1.00
2016.08.04 14:26:14.130,1.03842,1.03854,1.00,2.25
2016.08.04 14:26:14.446,1.03842,1.03854,1.00,1.50
2016.08.04 14:26:14.652,1.0384,1.03854,1.50,1.00
2016.08.04 14:26:15.411,1.0384,1.03854,2.25,1.00
2016.08.04 14:26:16.019,1.03842,1.03854,1.00,1.00
2016.08.04 14:26:16.172,1.03842,1.03854,1.50,1.00
2016.08.04 14:26:16.375,1.03842,1.03854,1.00,1.00
2016.08.04 14:26:17.012,1.03842,1.03853,1.00,1.00
2016.08.04 14:26:17.714,1.03842,1.03854,1.00,1.00
2016.08.04 14:26:18.158,1.03842,1.03849,1.00,1.00
2016.08.04 14:26:18.315,1.03842,1.03854,1.00,1.00
2016.08.04 14:26:18.528,1.03842,1.03856,1.00,1.00
2016.08.04 14:26:18.579,1.03842,1.03856,1.00,1.00
2016.08.04 14:26:18.704,1.03842,1.03853,1.00,1.00
2016.08.04 14:26:18.755,1.03842,1.03853,1.00,1.00
2016.08.04 14:26:19.371,1.03841,1.03853,2.25,1.00
2016.08.04 14:26:19.422,1.03841,1.03853,1.50,1.00
2016.08.04 14:26:19.473,1.0384,1.03853,1.00,1.00
2016.08.04 14:26:19.917,1.0384,1.03853,1.00,1.37
2016.08.04 14:26:19.969,1.0384,1.03853,1.00,1.00
2016.08.04 14:26:20.337,1.0384,1.03848,1.00,1.00
2016.08.04 14:26:20.875,1.0384,1.03849,1.00,1.00
2016.08.04 14:26:21.470,1.03839,1.03849,1.87,1.00
2016.08.04 14:26:21.573,1.03839,1.03849,2.62,1.00
2016.08.04 14:26:21.624,1.03839,1.03853,2.62,1.12
2016.08.04 14:26:21.676,1.03841,1.03853,1.00,1.12
2016.08.04 14:26:21.779,1.03841,1.03853,1.00,1.00
2016.08.04 14:26:22.162,1.03841,1.03854,1.50,1.00
2016.08.04 14:26:22.214,1.03841,1.03854,2.25,1.00
2016.08.04 14:26:22.265,1.03842,1.03857,1.50,2.25
2016.08.04 14:26:22.316,1.03842,1.03857,1.50,2.25
2016.08.04 14:26:22.878,1.03842,1.03854,1.50,1.00
2016.08.04 14:26:23.151,1.03842,1.03854,1.50,1.00
2016.08.04 14:26:23.355,1.03842,1.03854,1.00,1.00
2016.08.04 14:26:25.664,1.03841,1.03849,1.50,1.00
2016.08.04 14:26:25.715,1.03841,1.03849,1.00,1.00
2016.08.04 14:26:25.767,1.0384,1.03849,1.50,1.00
2016.08.04 14:26:25.818,1.0384,1.03849,1.00,1.00
2016.08.04 14:26:26.712,1.0384,1.03849,1.00,1.00
2016.08.04 14:26:27.020,1.03841,1.03849,1.00,1.00
2016.08.04 14:26:27.071,1.03842,1.03849,1.00,1.00
2016.08.04 14:26:27.283,1.0384,1.03849,1.00,1.00
2016.08.04 14:26:27.436,1.03839,1.03849,1.87,1.00
2016.08.04 14:26:27.488,1.0384,1.03849,1.00,1.00
2016.08.04 14:26:27.864,1.03839,1.03848,1.12,1.00
2016.08.04 14:26:27.916,1.03837,1.03848,2.25,1.00
2016.08.04 14:26:27.967,1.03837,1.03844,1.37,1.00
2016.08.04 14:26:28.018,1.03837,1.03843,1.00,1.00
2016.08.04 14:26:28.070,1.03836,1.03849,1.50,1.87
2016.08.04 14:26:28.229,1.03835,1.03849,1.00,1.12
2016.08.04 14:26:28.281,1.03835,1.03848,1.00,1.00
2016.08.04 14:26:28.589,1.03837,1.03848,1.00,1.00
2016.08.04 14:26:29.113,1.03836,1.03848,1.00,1.00
2016.08.04 14:26:29.281,1.03838,1.03851,1.00,2.25
2016.08.04 14:26:29.334,1.03838,1.03851,1.50,1.00
2016.08.04 14:26:29.488,1.03838,1.03851,1.87,1.00
2016.08.04 14:26:29.539,1.03838,1.03851,2.25,1.00
2016.08.04 14:26:29.591,1.03839,1.03851,1.12,1.00
2016.08.04 14:26:29.642,1.03839,1.03851,1.12,1.12
2016.08.04 14:26:29.745,1.03839,1.03851,1.87,1.00
2016.08.04 14:26:29.796,1.0384,1.03851,1.00,1.00
2016.08.04 14:26:30.498,1.03842,1.03854,1.00,1.50
2016.08.04 14:26:30.549,1.03839,1.03854,1.87,1.00
2016.08.04 14:26:30.651,1.0384,1.03853,1.00,1.50
2016.08.04 14:26:30.753,1.0384,1.03853,1.50,1.50
2016.08.04 14:26:31.180,1.0384,1.03853,1.50,1.00
2016.08.04 14:26:31.456,1.03841,1.03854,1.00,1.50
2016.08.04 14:26:31.560,1.03839,1.03849,1.12,1.00
2016.08.04 14:26:31.765,1.0384,1.03851,1.00,1.00
2016.08.04 14:26:31.868,1.03836,1.03848,2.62,1.00
2016.08.04 14:26:31.920,1.03836,1.03848,1.50,1.00
2016.08.04 14:26:31.972,1.03834,1.03843,1.50,1.00
2016.08.04 14:26:32.118,1.03834,1.03843,1.12,1.00
2016.08.04 14:26:32.172,1.03834,1.03843,1.00,1.00
2016.08.04 14:26:32.274,1.03834,1.03845,1.00,1.00
2016.08.04 14:26:33.091,1.03835,1.03845,1.00,1.00
2016.08.04 14:26:33.145,1.03834,1.03838,1.00,1.00
2016.08.04 14:26:33.197,1.03832,1.03838,1.00,1.50
2016.08.04 14:26:33.249,1.03829,1.03834,1.87,1.00
2016.08.04 14:26:33.301,1.03828,1.03833,1.37,1.00
2016.08.04 14:26:33.352,1.03828,1.03838,1.00,1.50
2016.08.04 14:26:33.403,1.03826,1.03838,1.31,1.50
2016.08.04 14:26:33.455,1.03826,1.03838,1.12,1.50
2016.08.04 14:26:33.506,1.03826,1.03838,1.12,1.00
2016.08.04 14:26:33.608,1.03827,1.03838,1.00,1.00
2016.08.04 14:26:33.760,1.03827,1.03839,1.50,1.00
2016.08.04 14:26:34.437,1.03828,1.03839,1.00,1.00
2016.08.04 14:26:34.489,1.03828,1.03839,1.50,1.00
2016.08.04 14:26:34.822,1.03828,1.03839,1.00,1.00
2016.08.04 14:26:35.298,1.03828,1.03841,1.50,1.67
2016.08.04 14:26:35.350,1.03829,1.03841,1.00,1.67
2016.08.04 14:26:35.401,1.03831,1.03841,1.00,1.00
2016.08.04 14:26:35.505,1.03833,1.03841,1.00,1.00
2016.08.04 14:26:35.710,1.03833,1.03844,1.00,1.42
2016.08.04 14:26:35.761,1.03833,1.03844,1.50,1.00
2016.08.04 14:26:35.812,1.03833,1.03847,1.50,1.42
2016.08.04 14:26:35.863,1.03833,1.03847,1.50,1.67
2016.08.04 14:26:35.914,1.03833,1.03846,1.50,1.67
2016.08.04 14:26:36.760,1.03833,1.03846,1.50,1.42
2016.08.04 14:26:36.812,1.03833,1.03848,1.50,7.05
2016.08.04 14:26:36.965,1.03833,1.03847,1.00,4.42
2016.08.04 14:26:37.016,1.03833,1.03846,1.00,1.67
2016.08.04 14:26:37.067,1.03834,1.03846,1.00,1.67
2016.08.04 14:26:37.517,1.03834,1.03845,1.50,1.67
2016.08.04 14:26:37.568,1.03834,1.03845,2.25,1.67
2016.08.04 14:26:37.670,1.03835,1.03846,1.00,1.67
2016.08.04 14:26:37.772,1.03834,1.03846,1.00,1.67
2016.08.04 14:26:38.402,1.03834,1.03845,1.00,1.67
2016.08.04 14:26:38.834,1.03832,1.03845,2.25,1.67
2016.08.04 14:26:38.885,1.03832,1.03843,2.25,1.00
2016.08.04 14:26:39.095,1.03832,1.03843,2.25,1.42
2016.08.04 14:26:39.301,1.03834,1.03843,1.00,1.42
2016.08.04 14:26:40.464,1.03834,1.03843,1.00,1.00
2016.08.04 14:26:40.982,1.03835,1.03843,1.00,1.00
2016.08.04 14:26:41.332,1.03838,1.03843,1.00,1.00
2016.08.04 14:26:41.384,1.03838,1.03848,1.00,1.50
2016.08.04 14:26:41.435,1.03838,1.03848,1.00,1.12
2016.08.04 14:26:41.957,1.03839,1.03848,1.00,1.12
2016.08.04 14:26:43.727,1.03837,1.03848,1.00,1.12
2016.08.04 14:26:44.965,1.03837,1.03849,1.00,1.37
2016.08.04 14:26:45.620,1.03838,1.03849,1.00,1.37
2016.08.04 14:26:45.948,1.03836,1.03849,1.00,1.87
2016.08.04 14:26:45.999,1.03834,1.03844,1.87,1.00
2016.08.04 14:26:46.050,1.03834,1.03844,1.50,1.00
2016.08.04 14:26:46.204,1.03837,1.03844,1.00,1.00
2016.08.04 14:26:46.306,1.03835,1.03843,1.00,1.00
2016.08.04 14:26:46.611,1.03834,1.03844,1.00,1.00
2016.08.04 14:26:47.271,1.03834,1.03844,1.00,1.12
2016.08.04 14:26:47.863,1.03833,1.03844,1.00,1.12
2016.08.04 14:26:48.129,1.03832,1.03844,2.25,1.12
2016.08.04 14:26:48.184,1.03835,1.03844,1.00,1.00
2016.08.04 14:26:48.287,1.03833,1.03843,1.00,1.00
2016.08.04 14:26:48.389,1.03833,1.03839,1.00,1.00
2016.08.04 14:26:48.441,1.03833,1.03839,1.50,1.00
2016.08.04 14:26:48.492,1.03834,1.03844,1.00,1.00
2016.08.04 14:26:48.645,1.03834,1.03839,1.50,1.00
2016.08.04 14:26:49.704,1.03834,1.03843,1.50,1.00
2016.08.04 14:26:50.187,1.03834,1.03843,1.00,1.00
2016.08.04 14:26:50.588,1.03834,1.03843,1.00,1.00
2016.08.04 14:26:51.617,1.03835,1.03843,1.00,1.00
2016.08.04 14:26:52.601,1.03835,1.03844,1.00,1.00
2016.08.04 14:26:53.113,1.03835,1.03843,1.00,1.00
2016.08.04 14:26:53.215,1.03836,1.03847,1.00,1.37
2016.08.04 14:26:53.368,1.03836,1.03848,1.00,1.87
2016.08.04 14:26:53.419,1.03836,1.03848,1.00,2.62
2016.08.04 14:26:53.471,1.03836,1.03848,1.50,1.87
2016.08.04 14:26:53.522,1.03836,1.03848,1.50,1.37
2016.08.04 14:26:53.827,1.03836,1.03848,1.00,1.37
2016.08.04 14:26:53.878,1.03836,1.03848,1.00,1.87
2016.08.04 14:26:53.929,1.03835,1.03848,2.62,2.62
2016.08.04 14:26:53.980,1.03835,1.03848,3.00,2.62
2016.08.04 14:26:54.248,1.03834,1.03847,1.37,1.37
2016.08.04 14:26:54.300,1.03834,1.03847,1.50,1.87
2016.08.04 14:26:54.351,1.03834,1.03847,1.50,1.37
2016.08.04 14:26:54.453,1.03834,1.03847,1.00,1.37
2016.08.04 14:26:54.918,1.03836,1.03848,1.00,1.50
2016.08.04 14:26:54.969,1.03836,1.03848,1.00,1.00
2016.08.04 14:26:55.022,1.03836,1.03843,1.00,1.00
2016.08.04 14:26:55.073,1.03836,1.03843,1.00,1.00
2016.08.04 14:26:55.125,1.03838,1.03843,1.00,1.00
2016.08.04 14:26:55.384,1.03838,1.03849,1.00,1.00
2016.08.04 14:26:55.690,1.03838,1.03843,1.00,1.00
2016.08.04 14:26:55.792,1.03838,1.03848,1.00,1.00
2016.08.04 14:26:56.605,1.03838,1.03843,1.00,1.00
2016.08.04 14:26:57.154,1.03838,1.03844,1.00,1.00
2016.08.04 14:26:57.605,1.03837,1.03849,1.00,1.12
2016.08.04 14:26:58.117,1.03837,1.03849,1.00,1.37
2016.08.04 14:26:58.628,1.03837,1.03849,1.50,1.37
2016.08.04 14:26:58.682,1.03837,1.0385,1.50,3.37
2016.08.04 14:26:58.733,1.03837,1.03851,1.00,1.37
2016.08.04 14:26:58.835,1.03837,1.03851,1.00,1.87
2016.08.04 14:26:59.009,1.03837,1.03851,1.00,1.37
2016.08.04 14:26:59.061,1.03837,1.03851,1.50,1.37
2016.08.04 14:26:59.377,1.03837,1.03848,1.50,1.00
2016.08.04 14:26:59.645,1.03838,1.03848,1.00,1.00
2016.08.04 14:27:03.421,1.03838,1.03849,1.00,1.00
2016.08.04 14:27:03.725,1.03838,1.0385,1.00,1.00
2016.08.04 14:27:04.858,1.0384,1.03851,1.00,1.00
2016.08.04 14:27:05.630,1.0384,1.03852,1.00,1.00
2016.08.04 14:27:05.963,1.03842,1.03853,1.00,1.00
2016.08.04 14:27:06.015,1.03842,1.03854,1.00,1.50
2016.08.04 14:27:06.066,1.03842,1.03854,1.00,1.00
2016.08.04 14:27:06.117,1.03842,1.03855,1.00,2.25
2016.08.04 14:27:06.220,1.03842,1.03854,1.00,1.00
2016.08.04 14:27:06.882,1.03842,1.03853,1.00,1.00
2016.08.04 14:27:07.321,1.03842,1.03853,1.25,1.00
2016.08.04 14:27:07.373,1.03844,1.03853,1.12,1.00
2016.08.04 14:27:07.424,1.03844,1.03853,1.12,1.00
2016.08.04 14:27:07.475,1.03847,1.03853,1.12,1.00
2016.08.04 14:27:07.526,1.03848,1.03859,1.00,1.00
2016.08.04 14:27:08.049,1.03849,1.03859,1.00,1.00
2016.08.04 14:27:08.560,1.03847,1.03858,1.12,1.00
2016.08.04 14:27:08.713,1.03847,1.03859,1.00,1.00
2016.08.04 14:27:09.193,1.03848,1.03861,1.00,1.50
2016.08.04 14:27:09.244,1.03848,1.03861,1.00,2.25
2016.08.04 14:27:09.584,1.03848,1.0386,1.00,1.00
2016.08.04 14:27:10.134,1.03848,1.0386,1.00,1.50
2016.08.04 14:27:10.643,1.03848,1.0386,1.00,1.00
2016.08.04 14:27:13.145,1.03848,1.0386,1.50,1.00
2016.08.04 14:27:13.247,1.03851,1.0386,1.00,1.00
2016.08.04 14:27:13.495,1.03851,1.03858,1.00,1.00
2016.08.04 14:27:13.615,1.03851,1.0386,1.50,1.00
2016.08.04 14:27:13.667,1.03855,1.03864,1.00,1.50
2016.08.04 14:27:13.769,1.03854,1.03864,1.87,1.00
2016.08.04 14:27:13.820,1.03854,1.03868,1.50,1.00
2016.08.04 14:27:13.871,1.03856,1.03868,1.00,2.25
2016.08.04 14:27:14.024,1.03856,1.03864,1.00,1.00
2016.08.04 14:27:14.196,1.03856,1.03868,1.00,2.25
2016.08.04 14:27:14.407,1.03856,1.03868,1.00,1.50
2016.08.04 14:27:14.459,1.03856,1.03868,1.00,1.00
2016.08.04 14:27:14.562,1.03856,1.03868,1.50,1.00
2016.08.04 14:27:14.613,1.03856,1.03868,1.69,1.00
2016.08.04 14:27:14.665,1.03856,1.03868,1.25,1.50
2016.08.04 14:27:14.819,1.03856,1.03868,1.25,2.25
2016.08.04 14:27:14.972,1.03856,1.03868,1.25,1.00
2016.08.04 14:27:15.298,1.03856,1.03869,1.25,1.50
2016.08.04 14:27:15.855,1.03856,1.03869,1.25,2.25
2016.08.04 14:27:15.957,1.03855,1.03869,1.19,2.25
2016.08.04 14:27:16.059,1.03855,1.03869,1.00,2.25
2016.08.04 14:27:16.162,1.03855,1.03869,1.50,1.50
2016.08.04 14:27:16.377,1.03855,1.03869,1.50,2.25
2016.08.04 14:27:16.479,1.03856,1.03869,1.00,1.50
2016.08.04 14:27:16.582,1.03856,1.03868,1.50,1.00
2016.08.04 14:27:16.939,1.03856,1.03868,1.50,1.50
2016.08.04 14:27:16.992,1.03856,1.03868,1.50,2.25
2016.08.04 14:27:17.266,1.03856,1.03868,1.19,2.25
2016.08.04 14:27:17.498,1.03856,1.03868,1.69,2.25
2016.08.04 14:27:17.804,1.03856,1.03864,1.69,1.00
2016.08.04 14:27:18.221,1.03856,1.03868,1.69,1.00
2016.08.04 14:27:18.475,1.03857,1.03868,1.25,1.00
2016.08.04 14:27:18.885,1.03857,1.03868,1.25,1.50
2016.08.04 14:27:19.088,1.03855,1.03868,1.69,3.00
2016.08.04 14:27:19.139,1.03855,1.03863,1.50,1.00
2016.08.04 14:27:19.190,1.03855,1.03863,1.00,1.00
2016.08.04 14:27:20.476,1.03854,1.03863,1.69,1.00
2016.08.04 14:27:20.906,1.03854,1.03867,1.69,1.00
2016.08.04 14:27:21.553,1.03854,1.03868,1.69,1.50
2016.08.04 14:27:21.976,1.03854,1.03868,1.69,2.25
2016.08.04 14:27:22.476,1.03854,1.03868,1.25,2.25
2016.08.04 14:27:22.680,1.03853,1.03868,2.44,3.00
2016.08.04 14:27:22.781,1.03855,1.03868,1.00,2.25
2016.08.04 14:27:22.934,1.03855,1.03863,1.00,1.00
2016.08.04 14:27:23.190,1.03854,1.03863,1.25,1.00
2016.08.04 14:27:23.600,1.03855,1.03863,1.00,1.00
2016.08.04 14:27:23.758,1.03855,1.03863,1.50,1.00
2016.08.04 14:27:24.033,1.03855,1.03868,2.25,1.30
2016.08.04 14:27:24.085,1.03856,1.03868,1.00,1.30
2016.08.04 14:27:24.187,1.03856,1.03869,1.00,1.22
2016.08.04 14:27:24.289,1.03854,1.03869,1.69,1.72
2016.08.04 14:27:24.340,1.03854,1.03863,1.69,1.00
2016.08.04 14:27:24.848,1.03854,1.03864,1.69,1.00
2016.08.04 14:27:24.899,1.03857,1.03864,1.00,1.00
2016.08.04 14:27:25.306,1.03856,1.03864,2.44,1.00
2016.08.04 14:27:25.477,1.03857,1.03864,1.00,1.00
2016.08.04 14:27:25.898,1.03855,1.03864,1.69,1.00
2016.08.04 14:27:26.265,1.03855,1.03868,1.69,1.00
2016.08.04 14:27:26.378,1.03856,1.03868,1.00,1.00
2016.08.04 14:27:26.586,1.03856,1.03868,1.00,1.30
2016.08.04 14:27:26.789,1.03856,1.03868,1.00,1.00
2016.08.04 14:27:27.835,1.03856,1.03869,1.00,1.72
2016.08.04 14:27:27.886,1.03856,1.03869,1.00,1.50
2016.08.04 14:27:28.212,1.03856,1.03869,1.00,1.72
2016.08.04 14:27:28.696,1.03855,1.03869,1.50,1.72
2016.08.04 14:27:29.068,1.03856,1.03869,1.00,1.72
2016.08.04 14:27:30.571,1.03855,1.03869,1.50,1.72
2016.08.04 14:27:30.673,1.03855,1.03868,1.50,1.30
2016.08.04 14:27:30.867,1.03856,1.03869,1.00,1.72
2016.08.04 14:27:31.954,1.03856,1.03868,1.00,1.30
2016.08.04 14:27:32.424,1.03856,1.03869,1.00,1.72
2016.08.04 14:27:32.475,1.03856,1.03869,1.00,2.47
2016.08.04 14:27:32.655,1.03856,1.03868,1.00,1.30
2016.08.04 14:27:33.310,1.03853,1.03867,2.44,1.00
2016.08.04 14:27:33.362,1.03853,1.03863,1.69,1.00
2016.08.04 14:27:33.415,1.03854,1.03863,2.06,1.00
2016.08.04 14:27:33.519,1.03853,1.03863,1.69,1.00
2016.08.04 14:27:33.658,1.03853,1.03866,1.69,1.30
2016.08.04 14:27:33.710,1.03854,1.03868,1.12,1.00
2016.08.04 14:27:33.762,1.03854,1.03868,1.31,1.72
2016.08.04 14:27:33.813,1.03855,1.03868,1.25,1.72
2016.08.04 14:27:33.864,1.03855,1.03868,1.25,1.22
2016.08.04 14:27:33.981,1.03854,1.03868,1.31,1.22
2016.08.04 14:27:34.033,1.03854,1.03868,1.31,1.72
2016.08.04 14:27:34.083,1.03854,1.03868,1.12,1.72
2016.08.04 14:27:34.236,1.03854,1.03868,1.12,1.22
2016.08.04 14:27:34.412,1.03855,1.03868,1.00,1.22
2016.08.04 14:27:34.597,1.03853,1.03868,2.25,1.22
2016.08.04 14:27:34.750,1.03853,1.03868,2.25,1.72
2016.08.04 14:27:35.183,1.03854,1.03868,1.12,1.30
2016.08.04 14:27:35.826,1.03854,1.03868,1.12,1.72
2016.08.04 14:27:35.973,1.03854,1.03868,1.87,1.72
2016.08.04 14:27:36.075,1.03854,1.03868,1.87,1.50
2016.08.04 14:27:36.126,1.03855,1.03868,1.00,1.00
2016.08.04 14:27:36.627,1.03856,1.03869,1.00,1.72
2016.08.04 14:27:37.040,1.03856,1.03868,1.00,1.00
2016.08.04 14:27:37.092,1.03855,1.03868,1.25,1.00
2016.08.04 14:27:37.193,1.03855,1.03868,1.69,1.00
2016.08.04 14:27:37.295,1.03856,1.03868,1.00,1.00
2016.08.04 14:27:37.928,1.03857,1.03868,1.00,1.00
2016.08.04 14:27:38.081,1.03855,1.03868,1.69,1.00
2016.08.04 14:27:38.284,1.03855,1.03868,2.44,1.00
2016.08.04 14:27:38.922,1.03857,1.03868,1.00,1.00
2016.08.04 14:27:39.347,1.03857,1.03869,1.00,1.30
2016.08.04 14:27:39.501,1.03858,1.03869,1.00,1.00
2016.08.04 14:27:39.552,1.03858,1.03872,1.00,2.10
2016.08.04 14:27:39.603,1.03859,1.03872,1.00,1.67
2016.08.04 14:27:39.654,1.03859,1.03873,1.00,1.22
2016.08.04 14:27:39.706,1.0386,1.03874,1.00,3.97
2016.08.04 14:27:39.909,1.0386,1.03874,1.00,2.47
2016.08.04 14:27:39.960,1.0386,1.03874,1.00,2.10
2016.08.04 14:27:40.062,1.0386,1.03873,1.00,1.30
2016.08.04 14:27:41.277,1.0386,1.03873,1.00,1.00
2016.08.04 14:27:41.734,1.0386,1.03874,1.00,2.85
2016.08.04 14:27:41.786,1.0386,1.03873,1.00,1.00
2016.08.04 14:27:42.381,1.0386,1.03873,1.00,1.22
2016.08.04 14:27:42.432,1.03859,1.03872,1.50,1.30
2016.08.04 14:27:42.837,1.03859,1.03874,1.50,2.10
2016.08.04 14:27:42.888,1.0386,1.03874,1.00,2.10
2016.08.04 14:27:42.939,1.0386,1.03874,1.00,2.47
2016.08.04 14:27:42.990,1.03859,1.03874,2.25,2.47
2016.08.04 14:27:43.041,1.03859,1.03874,2.25,1.72
2016.08.04 14:27:43.093,1.03861,1.03874,1.00,1.72
2016.08.04 14:27:43.144,1.03861,1.03874,1.00,2.47
2016.08.04 14:27:43.196,1.03862,1.03874,1.00,1.74
2016.08.04 14:27:43.247,1.03862,1.03877,1.00,4.99
2016.08.04 14:27:43.298,1.03861,1.03876,1.25,1.24
2016.08.04 14:27:43.350,1.03861,1.03876,1.69,1.24
2016.08.04 14:27:43.547,1.03861,1.03874,1.69,1.00
2016.08.04 14:27:43.599,1.03861,1.03874,2.06,1.00
2016.08.04 14:27:43.955,1.03861,1.03868,1.87,1.00
2016.08.04 14:27:44.006,1.03861,1.03868,1.37,1.00
2016.08.04 14:27:44.058,1.03861,1.03868,1.00,1.00
2016.08.04 14:27:44.109,1.03857,1.03868,2.25,1.00
2016.08.04 14:27:44.161,1.03856,1.03869,1.37,1.33
2016.08.04 14:27:44.335,1.03855,1.03869,1.50,1.74
2016.08.04 14:27:44.387,1.03855,1.03868,1.50,1.00
2016.08.04 14:27:44.556,1.03855,1.03869,1.50,1.74
2016.08.04 14:27:44.886,1.03855,1.03868,1.50,1.00
2016.08.04 14:27:45.288,1.03855,1.03869,1.50,1.74
2016.08.04 14:27:45.340,1.03855,1.03867,1.00,1.00
2016.08.04 14:27:45.391,1.03855,1.03867,1.00,1.00
2016.08.04 14:27:45.697,1.03855,1.03867,1.00,1.33
2016.08.04 14:27:45.850,1.03855,1.03867,1.00,1.33
2016.08.04 14:27:45.901,1.03855,1.03867,1.00,1.33
2016.08.04 14:27:45.959,1.03855,1.03867,1.00,1.33
2016.08.04 14:27:46.297,1.03854,1.03863,1.00,1.00
2016.08.04 14:27:46.348,1.0385,1.03863,1.69,1.00
2016.08.04 14:27:46.399,1.03852,1.03863,1.25,1.00
2016.08.04 14:27:46.450,1.03852,1.03863,1.31,1.00
2016.08.04 14:27:46.502,1.03852,1.03864,1.31,1.00
2016.08.04 14:27:46.604,1.03851,1.03864,1.87,1.74
2016.08.04 14:27:46.656,1.0385,1.03864,1.62,1.74
2016.08.04 14:27:46.708,1.0385,1.03864,1.69,1.33
2016.08.04 14:27:46.861,1.0385,1.03865,1.69,1.24
2016.08.04 14:27:46.913,1.03851,1.03864,1.00,1.00
2016.08.04 14:27:47.088,1.03851,1.03863,1.19,1.00
2016.08.04 14:27:47.139,1.0385,1.03863,1.19,1.00
2016.08.04 14:27:47.293,1.0385,1.03863,1.69,1.00
2016.08.04 14:27:47.499,1.0385,1.03863,1.19,1.00
2016.08.04 14:27:48.163,1.0385,1.03864,1.19,1.00
2016.08.04 14:27:48.955,1.0385,1.03864,1.19,1.33
2016.08.04 14:27:49.006,1.03849,1.03864,2.81,1.74
2016.08.04 14:27:49.108,1.0385,1.03863,1.19,1.00
2016.08.04 14:27:49.159,1.0385,1.03863,1.00,1.00
2016.08.04 14:27:49.211,1.03849,1.03863,2.06,1.00
2016.08.04 14:27:49.313,1.03849,1.03863,2.81,1.00
2016.08.04 14:27:49.415,1.03849,1.03863,2.06,1.50
2016.08.04 14:27:49.518,1.0385,1.03862,1.00,1.00
2016.08.04 14:27:49.621,1.0385,1.03863,1.00,1.50
2016.08.04 14:27:49.673,1.0385,1.03859,1.00,1.00
2016.08.04 14:27:49.835,1.03849,1.03859,1.19,1.00
2016.08.04 14:27:49.887,1.03849,1.03863,1.31,1.00
2016.08.04 14:27:49.938,1.03848,1.03863,1.50,1.00
2016.08.04 14:27:49.990,1.03847,1.03858,2.44,1.00
2016.08.04 14:27:50.092,1.03847,1.03858,1.25,1.00
2016.08.04 14:27:50.719,1.03847,1.03858,1.69,1.00
2016.08.04 14:27:51.020,1.03848,1.03858,1.00,1.00
2016.08.04 14:27:51.506,1.03847,1.03858,1.25,1.00
2016.08.04 14:27:52.261,1.03848,1.03858,1.00,1.00
2016.08.04 14:27:52.313,1.03849,1.03863,1.00,1.50
2016.08.04 14:27:52.415,1.0385,1.03863,1.00,1.50
2016.08.04 14:27:53.315,1.03851,1.03863,1.00,1.00
2016.08.04 14:27:53.725,1.03852,1.03864,1.50,1.00
2016.08.04 14:27:54.030,1.03853,1.03864,1.00,1.00
2016.08.04 14:27:54.081,1.03853,1.03867,1.00,1.33
2016.08.04 14:27:55.621,1.03852,1.03867,1.00,1.33
2016.08.04 14:27:56.148,1.03855,1.03867,1.00,1.33
2016.08.04 14:27:56.199,1.03855,1.03867,1.00,1.00
2016.08.04 14:27:56.251,1.03854,1.03868,1.50,1.33
2016.08.04 14:27:56.558,1.03854,1.03864,1.50,1.00
2016.08.04 14:27:56.609,1.03854,1.03864,1.00,1.74
2016.08.04 14:27:56.660,1.03852,1.03862,1.12,1.74
2016.08.04 14:27:56.712,1.03849,1.03859,1.69,1.00
2016.08.04 14:27:56.763,1.03848,1.03859,2.06,1.00
2016.08.04 14:27:56.967,1.03848,1.03858,1.00,1.00
2016.08.04 14:27:57.120,1.03846,1.03859,1.31,1.00
2016.08.04 14:27:57.274,1.03846,1.03858,1.12,1.00
2016.08.04 14:27:57.532,1.03847,1.03859,1.00,1.00
2016.08.04 14:27:57.631,1.03847,1.03859,1.50,1.00
2016.08.04 14:27:57.733,1.03849,1.03859,1.00,1.00
2016.08.04 14:27:57.836,1.03847,1.03859,2.25,1.00
2016.08.04 14:27:57.887,1.03847,1.03859,2.62,1.00
2016.08.04 14:27:57.938,1.03847,1.03859,3.00,1.00
2016.08.04 14:27:58.041,1.03849,1.03859,1.12,1.00
2016.08.04 14:27:59.797,1.03849,1.03858,1.12,1.00
2016.08.04 14:28:00.381,1.03849,1.03862,1.12,1.00
2016.08.04 14:28:00.534,1.03848,1.03862,1.87,1.00
2016.08.04 14:28:00.721,1.03849,1.03862,1.12,1.00
2016.08.04 14:28:00.772,1.03849,1.03862,1.87,1.00
2016.08.04 14:28:00.894,1.03849,1.03862,1.87,1.33
2016.08.04 14:28:01.402,1.03849,1.03862,1.87,1.33
2016.08.04 14:28:02.114,1.03849,1.03862,1.12,1.33
2016.08.04 14:28:02.216,1.03849,1.03862,1.12,1.33
2016.08.04 14:28:02.267,1.03848,1.03862,1.62,1.33
2016.08.04 14:28:02.369,1.03848,1.03861,1.37,1.00
2016.08.04 14:28:02.420,1.03848,1.03861,1.37,1.24
2016.08.04 14:28:03.015,1.03847,1.03861,2.25,1.24
2016.08.04 14:28:03.119,1.03847,1.03861,2.25,1.74
2016.08.04 14:28:03.221,1.03847,1.03859,2.25,1.33
2016.08.04 14:28:03.496,1.03847,1.03858,2.25,1.00
2016.08.04 14:28:03.752,1.03847,1.03859,1.50,1.00
2016.08.04 14:28:03.909,1.03848,1.03858,1.37,1.00
2016.08.04 14:28:04.063,1.03848,1.03858,1.87,1.00
2016.08.04 14:28:04.165,1.03848,1.03859,1.37,1.00
2016.08.04 14:28:04.420,1.03849,1.03862,1.12,1.50
2016.08.04 14:28:04.471,1.03849,1.03863,1.87,1.50
2016.08.04 14:28:05.419,1.03849,1.03863,1.87,1.74
2016.08.04 14:28:06.671,1.03849,1.03863,1.12,1.74
2016.08.04 14:28:07.138,1.0385,1.03863,1.00,1.74
2016.08.04 14:28:07.628,1.0385,1.03863,1.00,1.24
2016.08.04 14:28:07.680,1.03851,1.03863,1.00,1.24
2016.08.04 14:28:07.731,1.0385,1.03863,1.00,1.24
2016.08.04 14:28:07.782,1.0385,1.03863,1.50,1.24
2016.08.04 14:28:07.834,1.0385,1.03863,1.50,1.33
2016.08.04 14:28:07.885,1.0385,1.03864,1.50,1.24
2016.08.04 14:28:07.937,1.0385,1.03863,1.50,1.33
2016.08.04 14:28:08.900,1.0385,1.03864,1.50,1.24
2016.08.04 14:28:08.952,1.0385,1.03864,1.50,1.74
2016.08.04 14:28:09.054,1.0385,1.03864,1.00,3.24
2016.08.04 14:28:09.105,1.0385,1.03863,1.00,1.24
2016.08.04 14:28:09.156,1.03848,1.03863,2.25,1.93
2016.08.04 14:28:09.258,1.0385,1.03863,1.00,1.93
2016.08.04 14:28:09.360,1.0385,1.03863,1.50,1.93
2016.08.04 14:28:09.462,1.0385,1.03863,1.50,1.18
2016.08.04 14:28:09.513,1.0385,1.03863,1.50,1.00
2016.08.04 14:28:09.666,1.03851,1.03863,1.00,1.00
2016.08.04 14:28:09.992,1.03851,1.03863,1.87,1.00
2016.08.04 14:28:10.044,1.03851,1.03864,1.87,1.18
2016.08.04 14:28:10.146,1.03851,1.03864,2.25,1.18
2016.08.04 14:28:10.323,1.03851,1.03864,2.25,1.54
2016.08.04 14:28:10.654,1.03851,1.03864,3.00,1.54
2016.08.04 14:28:10.706,1.03851,1.03864,3.00,1.35
2016.08.04 14:28:10.758,1.03853,1.03864,1.00,1.35
2016.08.04 14:28:10.809,1.03853,1.03864,1.00,1.50
2016.08.04 14:28:10.911,1.03853,1.03864,1.00,1.00
2016.08.04 14:28:11.040,1.03854,1.03865,1.00,1.00
2016.08.04 14:28:11.092,1.03854,1.03867,1.50,2.25
2016.08.04 14:28:11.143,1.03854,1.03867,1.00,1.00
2016.08.04 14:28:11.245,1.03853,1.03867,1.00,1.00
2016.08.04 14:28:11.347,1.03854,1.03866,1.00,1.00
2016.08.04 14:28:11.399,1.03854,1.03866,1.00,1.50
2016.08.04 14:28:11.450,1.03855,1.03866,1.00,1.00
2016.08.04 14:28:11.501,1.03855,1.03867,1.00,1.00
2016.08.04 14:28:12.027,1.03855,1.03867,1.00,1.00
2016.08.04 14:28:12.078,1.03855,1.03868,1.00,2.06
2016.08.04 14:28:12.269,1.03855,1.03868,1.50,2.06
2016.08.04 14:28:12.320,1.03857,1.03868,1.00,2.06
2016.08.04 14:28:13.308,1.03857,1.03868,1.00,1.31
2016.08.04 14:28:13.527,1.03856,1.03868,1.00,2.06
2016.08.04 14:28:14.281,1.03858,1.03868,1.00,1.31
2016.08.04 14:28:14.332,1.03858,1.03868,1.00,1.50
2016.08.04 14:28:14.383,1.03856,1.03868,1.50,1.50
2016.08.04 14:28:14.434,1.03856,1.03868,2.25,1.50
2016.08.04 14:28:14.587,1.03858,1.03868,1.00,1.50
2016.08.04 14:28:15.308,1.03858,1.03868,1.00,1.00
2016.08.04 14:28:15.359,1.03858,1.03868,1.50,1.00
2016.08.04 14:28:15.410,1.03858,1.0387,1.50,1.00
2016.08.04 14:28:15.461,1.03858,1.0387,1.00,1.50
2016.08.04 14:28:15.512,1.03858,1.03869,1.00,1.00
2016.08.04 14:28:16.033,1.03859,1.03869,1.00,1.00
2016.08.04 14:28:17.499,1.03858,1.03869,1.50,1.00
2016.08.04 14:28:17.602,1.03858,1.03869,1.00,1.00
2016.08.04 14:28:17.737,1.03857,1.03869,1.87,1.00
2016.08.04 14:28:18.267,1.03859,1.03869,1.00,1.00
2016.08.04 14:28:18.679,1.03858,1.03869,1.00,1.00
2016.08.04 14:28:19.213,1.03858,1.03868,1.00,1.00
2016.08.04 14:28:19.463,1.03861,1.03868,1.00,1.00
2016.08.04 14:28:19.620,1.03862,1.03874,1.00,1.00
2016.08.04 14:28:19.677,1.03863,1.03874,1.50,1.00
2016.08.04 14:28:19.779,1.03863,1.03874,1.00,1.00
2016.08.04 14:28:19.881,1.03862,1.03874,1.50,1.00
2016.08.04 14:28:20.308,1.03862,1.03874,1.00,1.50
2016.08.04 14:28:20.360,1.0386,1.03873,1.87,1.50
2016.08.04 14:28:20.412,1.0386,1.03873,1.87,1.00
2016.08.04 14:28:20.463,1.03862,1.03874,1.00,1.50
2016.08.04 14:28:20.630,1.0386,1.03868,2.12,1.00
2016.08.04 14:28:20.785,1.03861,1.03868,1.00,1.00
2016.08.04 14:28:21.548,1.03861,1.03868,1.50,1.00
2016.08.04 14:28:21.600,1.03862,1.03868,1.00,1.00
2016.08.04 14:28:21.651,1.03862,1.03874,1.50,1.00
2016.08.04 14:28:21.754,1.03862,1.03868,1.50,1.00
2016.08.04 14:28:21.806,1.03863,1.03868,1.00,1.00
2016.08.04 14:28:22.010,1.03862,1.03868,1.74,1.00
2016.08.04 14:28:22.061,1.03862,1.03874,1.74,1.00
2016.08.04 14:28:22.325,1.03862,1.03868,1.50,1.00
2016.08.04 14:28:22.376,1.03861,1.03868,1.74,1.00
2016.08.04 14:28:22.529,1.03861,1.03868,1.50,1.00
2016.08.04 14:28:22.580,1.0386,1.03868,1.87,1.00
2016.08.04 14:28:22.682,1.03861,1.03868,1.00,1.00
2016.08.04 14:28:23.116,1.03861,1.03873,1.00,1.00
2016.08.04 14:28:23.415,1.03861,1.03869,1.00,1.00
2016.08.04 14:28:23.697,1.0386,1.03869,1.12,1.00
2016.08.04 14:28:23.748,1.03859,1.03873,1.50,1.87
2016.08.04 14:28:23.799,1.03858,1.03871,2.08,1.00
2016.08.04 14:28:23.851,1.03858,1.03869,1.00,1.00
2016.08.04 14:28:24.308,1.03858,1.03869,1.50,1.00
2016.08.04 14:28:24.359,1.03858,1.03868,1.00,1.00
2016.08.04 14:28:24.614,1.03857,1.03868,1.50,1.00
2016.08.04 14:28:24.716,1.03859,1.03868,1.00,1.00
2016.08.04 14:28:24.767,1.03857,1.03868,1.50,1.00
2016.08.04 14:28:24.870,1.03858,1.03868,1.00,1.00
2016.08.04 14:28:24.972,1.03858,1.03868,1.00,1.00
2016.08.04 14:28:25.203,1.03857,1.03868,2.49,1.00
2016.08.04 14:28:25.762,1.03857,1.03869,2.49,1.00
2016.08.04 14:28:25.813,1.03857,1.03869,1.50,1.00
2016.08.04 14:28:25.864,1.03857,1.03864,1.00,1.00
2016.08.04 14:28:26.231,1.03857,1.03869,1.00,1.00
2016.08.04 14:28:26.549,1.03857,1.03869,1.00,1.00
2016.08.04 14:28:26.600,1.03857,1.0387,1.50,1.00
2016.08.04 14:28:27.145,1.03857,1.0387,2.25,1.00
2016.08.04 14:28:27.196,1.03858,1.03871,1.00,1.00
2016.08.04 14:28:28.315,1.03858,1.03871,1.00,1.00
2016.08.04 14:28:28.468,1.03858,1.03871,1.00,1.50
2016.08.04 14:28:28.519,1.03857,1.03871,1.00,2.25
2016.08.04 14:28:28.570,1.03857,1.03871,1.00,1.50
2016.08.04 14:28:28.621,1.03856,1.03869,1.87,1.00
2016.08.04 14:28:28.775,1.03857,1.03868,1.00,1.00
2016.08.04 14:28:29.195,1.03856,1.03868,1.87,1.00
2016.08.04 14:28:29.297,1.03856,1.03868,1.12,1.00
2016.08.04 14:28:29.450,1.03857,1.03868,1.00,1.00
2016.08.04 14:28:29.501,1.03857,1.03868,1.50,1.00
2016.08.04 14:28:30.088,1.03857,1.0387,1.50,1.00
2016.08.04 14:28:30.215,1.03857,1.0387,1.50,1.50
2016.08.04 14:28:30.266,1.03857,1.03869,1.50,1.00
2016.08.04 14:28:30.573,1.03857,1.03868,1.50,1.50
2016.08.04 14:28:30.625,1.03857,1.03864,1.00,1.00
2016.08.04 14:28:30.778,1.0385,1.03862,2.00,1.00
2016.08.04 14:28:30.830,1.03849,1.03862,1.75,1.00
2016.08.04 14:28:30.881,1.03852,1.03864,1.50,1.50
2016.08.04 14:28:30.932,1.03853,1.03863,1.00,1.12
2016.08.04 14:28:31.077,1.03854,1.03863,1.00,1.00
2016.08.04 14:28:31.128,1.03854,1.03865,1.00,1.00
2016.08.04 14:28:31.438,1.03854,1.03863,1.00,1.00
2016.08.04 14:28:31.489,1.0385,1.03859,1.87,1.00
2016.08.04 14:28:31.542,1.03848,1.03859,2.92,1.50
2016.08.04 14:28:31.593,1.03847,1.03859,1.75,1.00
2016.08.04 14:28:31.644,1.03845,1.03859,1.75,1.00
2016.08.04 14:28:31.696,1.03845,1.03859,1.50,1.00
2016.08.04 14:28:31.747,1.03845,1.03858,1.12,1.00
2016.08.04 14:28:31.800,1.03845,1.03858,1.00,1.00
2016.08.04 14:28:32.447,1.03843,1.03858,1.37,1.00
2016.08.04 14:28:32.498,1.03843,1.03853,1.37,1.00
2016.08.04 14:28:32.549,1.03841,1.03853,3.00,2.25
2016.08.04 14:28:32.600,1.03841,1.03851,1.75,1.00
2016.08.04 14:28:32.651,1.0384,1.03851,1.00,1.00
2016.08.04 14:28:32.702,1.03837,1.0385,1.00,1.50
2016.08.04 14:28:32.754,1.03836,1.0385,1.10,1.50
2016.08.04 14:28:32.855,1.03836,1.03849,1.10,1.00
2016.08.04 14:28:33.139,1.03835,1.03849,1.57,1.00
2016.08.04 14:28:33.192,1.03835,1.0385,1.57,1.50
2016.08.04 14:28:33.311,1.03835,1.0385,2.32,1.50
2016.08.04 14:28:33.363,1.03835,1.03849,1.50,1.12
2016.08.04 14:28:33.414,1.03834,1.03846,1.00,1.00
2016.08.04 14:28:33.465,1.03831,1.03846,3.45,1.00
2016.08.04 14:28:33.516,1.03832,1.03846,1.10,1.00
2016.08.04 14:28:33.567,1.03832,1.03846,1.00,1.00
2016.08.04 14:28:33.773,1.03833,1.03843,1.00,1.00
2016.08.04 14:28:33.995,1.03834,1.03847,1.00,1.00
2016.08.04 14:28:34.257,1.03835,1.03843,1.00,1.00
2016.08.04 14:28:34.768,1.03834,1.03844,1.00,1.00
2016.08.04 14:28:34.819,1.03833,1.03844,1.12,1.00
2016.08.04 14:28:35.724,1.03832,1.03844,1.50,1.00
2016.08.04 14:28:36.341,1.03832,1.03846,1.50,2.25
2016.08.04 14:28:36.392,1.03832,1.03846,1.50,1.50
2016.08.04 14:28:36.545,1.03832,1.03846,2.25,1.00
2016.08.04 14:28:36.596,1.03836,1.03846,1.00,1.00
2016.08.04 14:28:36.699,1.03841,1.03846,1.00,1.00
2016.08.04 14:28:36.751,1.03841,1.03853,1.00,2.81
2016.08.04 14:28:36.802,1.03841,1.03853,1.12,2.25
2016.08.04 14:28:36.854,1.03842,1.03854,1.00,1.75
2016.08.04 14:28:36.956,1.03842,1.03854,1.00,1.87
2016.08.04 14:28:37.007,1.03842,1.03854,1.00,1.50
2016.08.04 14:28:37.058,1.03842,1.03856,1.00,1.00
2016.08.04 14:28:37.160,1.03842,1.03858,1.00,1.87
2016.08.04 14:28:37.211,1.03841,1.03858,1.10,1.87
2016.08.04 14:28:37.262,1.03842,1.03858,1.00,2.62
2016.08.04 14:28:37.364,1.03842,1.03853,1.00,1.00
2016.08.04 14:28:37.466,1.03841,1.03853,1.50,1.00
2016.08.04 14:28:37.760,1.03841,1.03854,1.00,1.00
2016.08.04 14:28:37.811,1.03842,1.03854,1.00,1.00
2016.08.04 14:28:38.354,1.03842,1.03856,1.00,1.69
2016.08.04 14:28:38.456,1.03842,1.03855,1.00,1.00
2016.08.04 14:28:39.437,1.03843,1.03855,1.00,1.50
2016.08.04 14:28:40.416,1.03843,1.03855,1.00,1.00
2016.08.04 14:28:40.472,1.03843,1.03855,1.50,1.00
2016.08.04 14:28:40.523,1.03845,1.03855,1.00,1.00
2016.08.04 14:28:40.626,1.03843,1.03855,1.50,1.00
2016.08.04 14:28:40.728,1.03843,1.03855,1.00,1.00
2016.08.04 14:28:40.779,1.03844,1.03855,1.00,1.00
2016.08.04 14:28:40.830,1.03847,1.03858,1.00,1.00
2016.08.04 14:28:41.035,1.03844,1.03858,1.87,1.00
2016.08.04 14:28:41.087,1.03844,1.03858,2.62,1.00
2016.08.04 14:28:41.138,1.03844,1.03858,1.87,1.00
2016.08.04 14:28:41.336,1.03844,1.03858,1.50,1.00
2016.08.04 14:28:41.552,1.03844,1.03859,1.50,2.44
2016.08.04 14:28:41.665,1.03844,1.03858,1.50,1.00
2016.08.04 14:28:41.936,1.03843,1.03858,3.00,1.00
2016.08.04 14:28:41.987,1.03843,1.03858,3.75,1.00
2016.08.04 14:28:42.038,1.03843,1.03858,1.87,3.75
2016.08.04 14:28:42.089,1.03843,1.03858,1.50,4.12
2016.08.04 14:28:42.140,1.03843,1.03858,1.00,4.50
2016.08.04 14:28:42.348,1.03844,1.03858,1.00,2.25
2016.08.04 14:28:42.450,1.03844,1.03858,1.00,2.49
2016.08.04 14:28:42.501,1.03844,1.03858,1.50,1.74
2016.08.04 14:28:42.552,1.03844,1.03858,1.00,1.74
2016.08.04 14:28:42.714,1.03844,1.03858,1.50,1.33
2016.08.04 14:28:42.765,1.03844,1.03858,2.25,1.33
2016.08.04 14:28:43.609,1.03844,1.03854,1.00,1.00
2016.08.04 14:28:43.660,1.03843,1.03856,1.12,1.56
2016.08.04 14:28:43.711,1.03841,1.03856,3.00,1.56
2016.08.04 14:28:43.763,1.03841,1.03853,3.00,1.00
2016.08.04 14:28:43.865,1.03841,1.03853,2.25,1.00
2016.08.04 14:28:44.018,1.03844,1.03853,1.00,1.00
2016.08.04 14:28:44.121,1.03841,1.03853,1.50,1.00
2016.08.04 14:28:44.172,1.03841,1.03853,1.12,1.00
2016.08.04 14:28:44.223,1.03841,1.03853,1.00,1.00
2016.08.04 14:28:44.274,1.03841,1.03853,1.74,1.00
2016.08.04 14:28:44.325,1.03845,1.03853,1.00,1.00
2016.08.04 14:28:44.475,1.03846,1.03858,1.24,1.00
2016.08.04 14:28:44.526,1.03849,1.03859,1.00,1.00
2016.08.04 14:28:44.578,1.03849,1.03862,1.00,1.25
2016.08.04 14:28:44.833,1.03849,1.03862,1.00,1.00
2016.08.04 14:28:45.022,1.03849,1.03862,1.00,1.00
2016.08.04 14:28:45.175,1.03849,1.03862,1.00,1.00
2016.08.04 14:28:45.549,1.03847,1.03862,1.74,1.00
2016.08.04 14:28:46.085,1.03847,1.03862,1.74,1.00
2016.08.04 14:28:46.290,1.03847,1.03862,1.74,1.00
2016.08.04 14:28:46.727,1.03848,1.03863,1.12,1.50
2016.08.04 14:28:47.067,1.03848,1.03863,1.12,1.00
2016.08.04 14:28:47.255,1.03848,1.03863,1.12,1.50
2016.08.04 14:28:47.357,1.03848,1.03863,1.12,2.62
2016.08.04 14:28:47.408,1.03849,1.03861,1.00,1.00
2016.08.04 14:28:47.459,1.03849,1.03858,1.00,1.00
2016.08.04 14:28:47.888,1.03847,1.03858,1.74,1.00
2016.08.04 14:28:47.950,1.03847,1.03862,1.74,1.00
2016.08.04 14:28:48.251,1.03847,1.03859,1.74,1.00
2016.08.04 14:28:48.787,1.03847,1.03858,1.74,1.00
2016.08.04 14:28:49.153,1.03847,1.03862,1.74,1.50
2016.08.04 14:28:49.257,1.03849,1.03863,1.00,1.00
2016.08.04 14:28:49.359,1.03853,1.03865,1.00,1.12
2016.08.04 14:28:49.462,1.03852,1.03867,1.74,1.37
2016.08.04 14:28:49.513,1.03852,1.03867,1.74,1.00
2016.08.04 14:28:49.564,1.03852,1.03867,1.33,1.00
2016.08.04 14:28:49.616,1.03851,1.03866,2.12,1.00
2016.08.04 14:28:49.754,1.03853,1.03866,1.00,1.33
2016.08.04 14:28:50.743,1.03853,1.03866,1.00,2.25
2016.08.04 14:28:50.858,1.03853,1.03866,1.00,1.00
2016.08.04 14:28:50.960,1.03853,1.03866,1.00,1.50
2016.08.04 14:28:51.165,1.03853,1.03866,1.00,1.00
2016.08.04 14:28:51.216,1.03852,1.03866,1.00,1.00
2016.08.04 14:28:51.368,1.03852,1.03866,1.00,1.12
2016.08.04 14:28:51.740,1.03852,1.03865,1.00,1.00
2016.08.04 14:28:53.345,1.03854,1.03867,1.50,1.69
2016.08.04 14:28:53.395,1.03854,1.03867,1.50,1.50
2016.08.04 14:28:53.551,1.03854,1.03869,1.50,1.62
2016.08.04 14:28:53.653,1.03854,1.03869,1.00,1.62
2016.08.04 14:28:53.858,1.03854,1.03869,1.00,1.25
2016.08.04 14:28:54.063,1.03854,1.03869,1.00,1.62
2016.08.04 14:28:54.114,1.03854,1.03869,1.00,1.69
2016.08.04 14:28:54.267,1.03854,1.03869,1.00,2.44
2016.08.04 14:28:54.637,1.03854,1.03869,1.00,3.19
2016.08.04 14:28:54.872,1.03856,1.03869,1.00,1.69
2016.08.04 14:28:55.245,1.03856,1.03869,1.00,2.44
2016.08.04 14:28:55.502,1.03856,1.03869,1.00,2.81
2016.08.04 14:28:55.553,1.03854,1.03869,1.50,2.81
2016.08.04 14:28:55.655,1.03854,1.03869,1.00,2.44
2016.08.04 14:28:55.756,1.03854,1.03869,1.00,3.19
2016.08.04 14:28:55.934,1.03853,1.03866,1.74,1.00
2016.08.04 14:28:55.985,1.03853,1.03866,1.50,1.00
2016.08.04 14:28:56.036,1.03853,1.03867,1.50,2.25
2016.08.04 14:28:56.087,1.03853,1.03867,1.50,3.00
2016.08.04 14:28:56.139,1.03853,1.03866,1.00,1.25
2016.08.04 14:28:56.352,1.03853,1.03867,1.00,1.69
2016.08.04 14:28:56.574,1.03853,1.03867,1.00,1.12
2016.08.04 14:28:56.676,1.03855,1.03868,1.00,2.25
2016.08.04 14:28:56.727,1.03855,1.03868,1.00,1.50
2016.08.04 14:28:56.778,1.03855,1.03868,1.00,1.50
2016.08.04 14:28:57.074,1.03856,1.0387,1.00,1.75
2016.08.04 14:28:57.125,1.03856,1.03871,2.25,1.75
2016.08.04 14:28:57.176,1.03857,1.03871,1.00,1.50
2016.08.04 14:28:57.354,1.03857,1.03871,1.74,1.00
2016.08.04 14:28:57.405,1.03857,1.03872,1.74,1.00
2016.08.04 14:28:57.456,1.03857,1.03872,2.49,1.00
2016.08.04 14:28:57.507,1.03857,1.03872,3.24,1.00
2016.08.04 14:28:57.609,1.03857,1.03872,3.24,1.00
2016.08.04 14:28:57.864,1.03857,1.03872,3.24,1.00
2016.08.04 14:28:58.369,1.03857,1.03872,3.99,1.00
2016.08.04 14:28:58.420,1.03859,1.03872,1.00,1.00
2016.08.04 14:28:58.664,1.03859,1.03872,1.33,1.00
2016.08.04 14:28:59.180,1.03859,1.03872,1.00,1.00
2016.08.04 14:28:59.416,1.03859,1.03872,1.00,1.00
2016.08.04 14:28:59.468,1.03859,1.03873,1.00,1.00
2016.08.04 14:29:00.063,1.0386,1.03874,1.00,1.69
2016.08.04 14:29:00.326,1.0386,1.03874,1.00,2.06
2016.08.04 14:29:00.377,1.0386,1.03874,1.00,2.81
2016.08.04 14:29:00.584,1.0386,1.03874,1.00,1.69
2016.08.04 14:29:00.686,1.0386,1.03874,1.42,1.25
2016.08.04 14:29:00.788,1.0386,1.03874,1.42,1.00
2016.08.04 14:29:00.840,1.03861,1.03875,1.00,1.00
2016.08.04 14:29:00.891,1.03861,1.03875,2.17,1.12
2016.08.04 14:29:00.942,1.03862,1.03876,2.17,1.87
2016.08.04 14:29:00.993,1.03862,1.03876,2.17,1.50
2016.08.04 14:29:01.147,1.03862,1.03876,2.17,1.00
2016.08.04 14:29:01.536,1.03862,1.03876,1.42,1.00
2016.08.04 14:29:03.148,1.03862,1.03876,1.50,1.00
2016.08.04 14:29:03.199,1.03862,1.03876,1.50,1.37
2016.08.04 14:29:03.250,1.03862,1.03876,1.00,1.37
2016.08.04 14:29:04.329,1.03862,1.03876,1.00,1.00
2016.08.04 14:29:06.748,1.03861,1.03877,1.50,4.12
2016.08.04 14:29:06.849,1.03861,1.03876,1.50,1.00
2016.08.04 14:29:08.170,1.03861,1.03876,1.50,1.50
2016.08.04 14:29:08.221,1.03861,1.03876,1.50,1.87
2016.08.04 14:29:08.272,1.03861,1.03876,1.50,2.25
2016.08.04 14:29:08.761,1.03861,1.03875,2.25,1.00
2016.08.04 14:29:09.700,1.03861,1.03875,2.25,1.37
2016.08.04 14:29:09.802,1.03861,1.03875,2.25,1.12
2016.08.04 14:29:11.187,1.03861,1.03875,2.25,1.31
2016.08.04 14:29:11.238,1.03861,1.03875,2.25,2.06
2016.08.04 14:29:11.492,1.03859,1.03872,1.50,1.50
2016.08.04 14:29:11.543,1.03858,1.03872,1.87,1.00
2016.08.04 14:29:11.645,1.03858,1.03872,1.50,1.00
2016.08.04 14:29:13.307,1.03858,1.03872,1.50,1.12
2016.08.04 14:29:13.906,1.03858,1.03872,1.50,1.00
2016.08.04 14:29:13.957,1.03858,1.03872,1.50,1.50
2016.08.04 14:29:14.359,1.03858,1.03872,1.50,1.00
2016.08.04 14:29:14.462,1.03858,1.03873,1.50,1.69
2016.08.04 14:29:14.564,1.03858,1.03873,1.50,2.44
2016.08.04 14:29:15.864,1.03858,1.03873,1.50,1.69
2016.08.04 14:29:18.403,1.03858,1.03873,2.25,1.25
2016.08.04 14:29:18.455,1.03858,1.03873,1.50,1.25
2016.08.04 14:29:18.557,1.03858,1.03873,1.50,1.62
2016.08.04 14:29:19.314,1.03858,1.03873,1.50,1.31
2016.08.04 14:29:19.466,1.03858,1.03873,1.50,1.12
2016.08.04 14:29:19.517,1.03859,1.03873,1.00,1.00
2016.08.04 14:29:19.620,1.03862,1.03873,1.00,1.00
2016.08.04 14:29:19.723,1.03861,1.03874,1.00,1.50
2016.08.04 14:29:19.882,1.03861,1.03874,1.50,2.25
2016.08.04 14:29:19.934,1.03862,1.03874,1.00,1.50
2016.08.04 14:29:20.036,1.03862,1.03873,1.00,1.00
2016.08.04 14:29:20.140,1.03862,1.03874,1.00,1.50
2016.08.04 14:29:20.242,1.03862,1.03874,1.00,1.00
2016.08.04 14:29:20.485,1.0386,1.03874,1.00,1.00
2016.08.04 14:29:20.640,1.0386,1.03874,1.00,1.50
2016.08.04 14:29:20.742,1.0386,1.03874,1.00,1.00
2016.08.04 14:29:20.844,1.0386,1.03875,1.00,1.50
2016.08.04 14:29:21.468,1.0386,1.03874,1.00,1.00
2016.08.04 14:29:22.156,1.0386,1.03875,1.00,1.50
2016.08.04 14:29:22.363,1.0386,1.03872,1.00,1.00
2016.08.04 14:29:22.601,1.03864,1.03873,1.50,1.00
2016.08.04 14:29:22.653,1.03864,1.03875,1.50,1.00
2016.08.04 14:29:22.704,1.03865,1.03875,1.00,1.00
2016.08.04 14:29:22.755,1.03865,1.03875,1.50,1.00
2016.08.04 14:29:22.858,1.03865,1.03878,1.50,1.69
2016.08.04 14:29:22.960,1.03865,1.03878,1.00,1.50
2016.08.04 14:29:23.062,1.03865,1.03878,1.50,1.50
2016.08.04 14:29:23.113,1.03867,1.03878,1.00,1.50
2016.08.04 14:29:23.164,1.03867,1.0388,1.00,1.00
2016.08.04 14:29:23.216,1.03866,1.03881,1.50,2.44
2016.08.04 14:29:23.640,1.03866,1.03881,1.50,3.19
2016.08.04 14:29:23.844,1.03866,1.0388,1.50,1.19
2016.08.04 14:29:25.721,1.03866,1.0388,1.50,1.69
2016.08.04 14:29:25.773,1.03866,1.0388,1.50,1.19
2016.08.04 14:29:27.901,1.03866,1.03879,1.50,1.25
2016.08.04 14:29:27.952,1.03866,1.03879,1.50,1.19
2016.08.04 14:29:28.004,1.03865,1.03878,1.50,1.69
2016.08.04 14:29:28.056,1.03865,1.03876,1.00,1.00
2016.08.04 14:29:28.107,1.03863,1.03876,1.50,2.25
2016.08.04 14:29:28.158,1.03863,1.03876,1.00,2.44
2016.08.04 14:29:28.209,1.03862,1.03875,1.12,1.00
2016.08.04 14:29:28.260,1.03862,1.03875,1.00,1.00
2016.08.04 14:29:28.363,1.03862,1.03873,1.00,1.12
2016.08.04 14:29:28.414,1.03859,1.03871,2.25,1.00
2016.08.04 14:29:28.465,1.03857,1.03871,1.50,1.00
2016.08.04 14:29:28.516,1.03857,1.03872,1.50,1.00
2016.08.04 14:29:28.567,1.03857,1.03872,1.87,1.00
2016.08.04 14:29:28.787,1.03857,1.03872,1.87,1.50
2016.08.04 14:29:29.671,1.03857,1.03872,1.87,2.25
2016.08.04 14:29:29.975,1.03857,1.0387,1.87,1.00
2016.08.04 14:29:30.466,1.03857,1.0387,1.00,1.00
2016.08.04 14:29:30.899,1.03857,1.03872,1.00,2.62
2016.08.04 14:29:31.102,1.03857,1.03872,1.00,2.25
2016.08.04 14:29:32.027,1.03857,1.03872,1.00,1.50
2016.08.04 14:29:33.307,1.03857,1.03872,1.00,1.87
2016.08.04 14:29:34.365,1.03857,1.03872,1.00,1.50
2016.08.04 14:29:34.416,1.03857,1.03871,1.00,1.00
2016.08.04 14:29:34.518,1.03859,1.03872,1.00,1.50
2016.08.04 14:29:34.569,1.03859,1.03874,1.00,2.25
2016.08.04 14:29:34.620,1.03859,1.03874,1.00,2.44
2016.08.04 14:29:34.671,1.03859,1.03874,1.00,3.19
2016.08.04 14:29:34.723,1.03858,1.03873,1.00,1.00
2016.08.04 14:29:35.112,1.03857,1.03872,2.25,1.00
2016.08.04 14:29:35.163,1.03857,1.03872,1.50,1.50
2016.08.04 14:29:35.385,1.03857,1.03872,1.00,2.25
2016.08.04 14:29:35.726,1.03857,1.03872,1.00,2.62
2016.08.04 14:29:35.777,1.03857,1.03872,1.00,1.87
2016.08.04 14:29:35.910,1.03857,1.03872,1.00,2.62
2016.08.04 14:29:35.962,1.03857,1.03872,1.00,3.37
2016.08.04 14:29:36.065,1.03856,1.03872,2.62,3.37
2016.08.04 14:29:36.117,1.03856,1.03872,2.25,3.37
2016.08.04 14:29:36.444,1.03856,1.03872,1.50,1.87
2016.08.04 14:29:36.496,1.03856,1.03872,1.50,1.50
2016.08.04 14:29:36.598,1.03856,1.03872,1.50,2.62
2016.08.04 14:29:36.649,1.03856,1.03871,1.50,1.00
2016.08.04 14:29:36.802,1.03856,1.03871,1.00,1.00
2016.08.04 14:29:37.325,1.03855,1.03869,1.12,1.00
2016.08.04 14:29:37.377,1.03855,1.03868,1.12,1.00
2016.08.04 14:29:37.657,1.03855,1.03867,1.00,1.00
2016.08.04 14:29:37.759,1.03855,1.03868,1.00,1.50
2016.08.04 14:29:37.912,1.03855,1.03869,1.50,1.00
2016.08.04 14:29:37.963,1.03855,1.0387,1.50,4.87
2016.08.04 14:29:38.014,1.03855,1.0387,1.50,2.62
2016.08.04 14:29:38.122,1.03856,1.0387,1.00,2.62
2016.08.04 14:29:38.246,1.03856,1.0387,1.00,1.87
2016.08.04 14:29:38.504,1.03856,1.0387,1.00,1.12
2016.08.04 14:29:39.065,1.03856,1.03871,1.00,2.25
2016.08.04 14:29:39.116,1.03856,1.03871,1.00,1.50
2016.08.04 14:29:39.376,1.03856,1.03872,1.50,3.00
2016.08.04 14:29:39.427,1.03858,1.03871,1.00,1.00
2016.08.04 14:29:39.839,1.03858,1.03872,1.00,1.12
2016.08.04 14:29:40.083,1.03859,1.03872,1.00,1.12
2016.08.04 14:29:40.134,1.0386,1.03872,1.00,1.12
2016.08.04 14:29:40.185,1.0386,1.03873,1.00,2.25
2016.08.04 14:29:40.237,1.03863,1.03874,1.12,1.87
2016.08.04 14:29:40.289,1.03864,1.03876,1.00,1.12
2016.08.04 14:29:40.341,1.03864,1.03877,1.50,1.12
2016.08.04 14:29:40.500,1.03864,1.03877,1.12,1.00
2016.08.04 14:29:40.552,1.03863,1.03878,2.25,3.56
2016.08.04 14:29:40.603,1.03863,1.03878,1.50,3.56
2016.08.04 14:29:40.756,1.03863,1.03878,1.50,4.31
2016.08.04 14:29:41.360,1.03862,1.03876,1.75,1.12
2016.08.04 14:29:42.139,1.03862,1.03874,1.75,1.00
2016.08.04 14:29:42.344,1.03862,1.03874,2.25,1.00
2016.08.04 14:29:42.395,1.03862,1.03874,1.50,1.00
2016.08.04 14:29:42.832,1.03862,1.03874,1.00,1.00
2016.08.04 14:29:44.128,1.03862,1.03877,1.50,1.50
2016.08.04 14:29:44.179,1.03862,1.03875,1.87,1.00
2016.08.04 14:29:45.771,1.03862,1.03876,1.87,1.00
2016.08.04 14:29:45.822,1.03864,1.03876,1.00,1.00
2016.08.04 14:29:46.307,1.03864,1.03876,1.50,1.00
2016.08.04 14:29:46.416,1.03864,1.03876,1.00,1.00
2016.08.04 14:29:46.916,1.03864,1.03876,1.50,1.00
2016.08.04 14:29:47.107,1.03864,1.03876,1.00,1.00
2016.08.04 14:29:47.158,1.03864,1.03877,1.00,1.42
2016.08.04 14:29:47.209,1.03864,1.03878,1.00,3.67
2016.08.04 14:29:47.260,1.03864,1.03878,1.87,1.87
2016.08.04 14:29:47.311,1.03865,1.03879,1.00,2.55
2016.08.04 14:29:47.362,1.03866,1.03879,1.00,1.37
2016.08.04 14:29:47.414,1.03866,1.03881,1.00,1.80
2016.08.04 14:29:47.465,1.03868,1.03882,1.00,3.86
2016.08.04 14:29:47.516,1.03868,1.03882,1.00,1.80
2016.08.04 14:29:47.567,1.03868,1.03882,1.87,1.12
2016.08.04 14:29:47.705,1.03868,1.03883,2.62,1.50
2016.08.04 14:29:49.179,1.03868,1.03883,1.87,1.50
2016.08.04 14:29:50.946,1.03868,1.03883,1.87,2.17
2016.08.04 14:29:50.997,1.03868,1.03883,1.87,2.92
2016.08.04 14:29:51.099,1.03868,1.03883,1.87,2.17
2016.08.04 14:29:51.303,1.03868,1.03883,1.87,2.92
2016.08.04 14:29:52.021,1.03868,1.03883,1.50,2.92
2016.08.04 14:29:52.573,1.03868,1.03883,1.50,2.25
2016.08.04 14:29:53.245,1.03867,1.03882,3.00,1.00
2016.08.04 14:29:53.838,1.03867,1.03881,3.00,1.00
2016.08.04 14:29:53.889,1.03867,1.03881,2.25,1.00
2016.08.04 14:29:53.941,1.03867,1.0388,1.75,1.00
2016.08.04 14:29:53.992,1.03867,1.0388,1.37,1.00
2016.08.04 14:29:54.043,1.03867,1.03878,1.00,1.00
2016.08.04 14:29:54.094,1.03866,1.03878,1.00,1.00
2016.08.04 14:29:54.234,1.03864,1.03878,1.50,1.00
2016.08.04 14:29:54.286,1.03864,1.03877,1.00,1.50
2016.08.04 14:29:54.337,1.03863,1.03877,1.12,1.50
2016.08.04 14:29:54.440,1.03863,1.03877,1.50,1.00
2016.08.04 14:29:54.491,1.03863,1.03877,1.00,1.00
2016.08.04 14:29:54.542,1.03863,1.03878,1.00,4.12
2016.08.04 14:29:54.644,1.03863,1.03878,1.00,3.37
2016.08.04 14:29:54.767,1.03862,1.03877,2.62,1.00
2016.08.04 14:29:54.868,1.03864,1.03877,1.00,1.00
2016.08.04 14:29:55.347,1.03864,1.03877,1.00,1.50
2016.08.04 14:29:55.449,1.03864,1.03877,1.00,3.00
2016.08.04 14:29:55.500,1.03864,1.03877,1.00,4.12
2016.08.04 14:29:55.551,1.03861,1.03876,1.87,1.00
2016.08.04 14:29:55.653,1.03861,1.03875,1.37,1.00
2016.08.04 14:29:55.755,1.0386,1.03875,1.50,1.00
2016.08.04 14:29:56.512,1.0386,1.03875,1.50,1.50
2016.08.04 14:29:56.715,1.0386,1.03875,1.50,2.25
2016.08.04 14:29:56.766,1.0386,1.03874,1.00,1.00
2016.08.04 14:29:57.071,1.03859,1.03872,1.00,1.00
2016.08.04 14:29:57.122,1.03859,1.03872,1.00,1.12
2016.08.04 14:29:58.171,1.03859,1.03872,1.00,1.12
2016.08.04 14:29:58.342,1.03857,1.03872,2.25,1.12
2016.08.04 14:29:58.393,1.03857,1.03872,2.25,1.31
2016.08.04 14:29:58.444,1.03859,1.03872,1.00,2.06
2016.08.04 14:29:58.750,1.0386,1.03872,1.00,1.31
2016.08.04 14:29:59.056,1.03858,1.03873,1.00,2.06
2016.08.04 14:29:59.462,1.03858,1.03873,1.00,2.81
2016.08.04 14:29:59.614,1.03858,1.03873,1.00,3.19
2016.08.04 14:29:59.716,1.03858,1.03873,1.00,2.81
2016.08.04 14:30:00.287,1.03858,1.03873,1.00,2.81
2016.08.04 14:30:00.338,1.03859,1.03873,1.00,1.19
2016.08.04 14:30:00.389,1.03861,1.03874,1.00,2.44
2016.08.04 14:30:00.441,1.03861,1.03874,1.00,1.69
2016.08.04 14:30:00.594,1.03861,1.03874,1.00,1.50
2016.08.04 14:30:00.696,1.03861,1.03874,1.00,1.69
2016.08.04 14:30:01.270,1.03861,1.03874,1.00,1.25
2016.08.04 14:30:01.375,1.03861,1.03875,1.00,1.19
2016.08.04 14:30:01.476,1.03861,1.03875,1.00,1.00
2016.08.04 14:30:01.680,1.03863,1.03875,1.00,1.00
2016.08.04 14:30:01.731,1.03863,1.03877,1.00,1.87
2016.08.04 14:30:01.884,1.03862,1.03876,2.25,1.00
2016.08.04 14:30:01.935,1.03862,1.03876,1.50,1.00
2016.08.04 14:30:02.131,1.03862,1.03876,1.50,1.50
2016.08.04 14:30:03.045,1.03865,1.03876,1.00,1.50
2016.08.04 14:30:03.096,1.03865,1.03876,1.00,1.00
2016.08.04 14:30:03.249,1.03865,1.03878,1.69,1.00
2016.08.04 14:30:03.300,1.03865,1.03878,1.31,1.50
2016.08.04 14:30:03.351,1.03865,1.03878,1.31,1.00
2016.08.04 14:30:03.404,1.03865,1.0388,1.25,2.25
2016.08.04 14:30:03.455,1.03864,1.03879,1.00,4.99
2016.08.04 14:30:03.506,1.03863,1.03878,1.00,2.12
2016.08.04 14:30:03.608,1.03862,1.03877,1.12,1.37
2016.08.04 14:30:03.659,1.03862,1.03877,1.00,1.37
2016.08.04 14:30:04.028,1.03862,1.03877,1.50,1.37
2016.08.04 14:30:04.624,1.03862,1.03877,1.00,1.37
2016.08.04 14:30:05.088,1.03862,1.03878,1.00,2.87
2016.08.04 14:30:05.140,1.03862,1.03878,1.50,2.87
2016.08.04 14:30:05.241,1.03862,1.03878,1.00,3.62
2016.08.04 14:30:05.292,1.03863,1.03876,1.00,1.00
2016.08.04 14:30:05.343,1.03863,1.03875,1.00,3.99
2016.08.04 14:30:05.445,1.03863,1.03875,1.00,3.24
2016.08.04 14:30:05.496,1.03861,1.03875,1.00,3.24
2016.08.04 14:30:05.547,1.03861,1.03875,1.00,3.99
2016.08.04 14:30:05.674,1.0386,1.03874,1.12,1.33
2016.08.04 14:30:05.726,1.0386,1.03874,1.87,3.99
2016.08.04 14:30:05.777,1.0386,1.03873,1.50,1.33
2016.08.04 14:30:05.828,1.0386,1.03873,1.12,4.74
2016.08.04 14:30:05.880,1.0386,1.03873,1.12,3.99
2016.08.04 14:30:05.931,1.03861,1.03874,1.00,1.12
2016.08.04 14:30:05.982,1.03861,1.03875,1.50,1.74
2016.08.04 14:30:06.033,1.03861,1.03875,1.50,1.33
2016.08.04 14:30:06.137,1.03861,1.03875,1.87,1.33
2016.08.04 14:30:06.188,1.03863,1.03875,1.00,1.33
2016.08.04 14:30:07.216,1.03863,1.03875,1.00,1.33
2016.08.04 14:30:07.267,1.03864,1.03877,1.50,3.99
2016.08.04 14:30:07.400,1.03865,1.03877,1.00,3.99
2016.08.04 14:30:07.451,1.03865,1.03879,1.00,1.24
2016.08.04 14:30:07.553,1.03866,1.03879,1.00,1.00
2016.08.04 14:30:07.617,1.03866,1.03879,1.00,1.24
2016.08.04 14:30:07.719,1.03866,1.03879,1.00,3.99
2016.08.04 14:30:08.132,1.03866,1.03879,1.00,1.00
2016.08.04 14:30:08.649,1.03866,1.03876,1.00,3.24
2016.08.04 14:30:08.732,1.03866,1.03876,1.00,3.99
2016.08.04 14:30:09.172,1.03866,1.03876,1.00,3.24
2016.08.04 14:30:09.274,1.03866,1.03876,1.00,3.99
2016.08.04 14:30:09.427,1.03866,1.03876,1.00,1.24
2016.08.04 14:30:09.620,1.03866,1.03876,1.00,1.33
2016.08.04 14:30:09.671,1.03866,1.03878,1.00,4.24
2016.08.04 14:30:10.232,1.03866,1.03878,1.00,1.24
2016.08.04 14:30:10.283,1.03867,1.0388,1.00,3.24
2016.08.04 14:30:10.386,1.03866,1.0388,1.00,3.24
2016.08.04 14:30:10.437,1.03866,1.0388,1.00,4.24
2016.08.04 14:30:10.645,1.03866,1.0388,1.00,3.24
2016.08.04 14:30:10.835,1.03865,1.0388,1.69,3.24
2016.08.04 14:30:11.222,1.03865,1.03878,1.69,3.24
2016.08.04 14:30:11.324,1.03865,1.0388,1.69,4.24
2016.08.04 14:30:11.375,1.03865,1.0388,1.50,3.49
2016.08.04 14:30:11.426,1.03865,1.03877,1.50,3.24
2016.08.04 14:30:11.608,1.03865,1.03877,1.00,3.24
2016.08.04 14:30:11.659,1.03865,1.03877,1.00,3.99
2016.08.04 14:30:11.761,1.03865,1.03878,1.00,3.99
2016.08.04 14:30:12.327,1.03866,1.03878,1.00,3.99
2016.08.04 14:30:12.378,1.03866,1.03878,1.00,3.24
2016.08.04 14:30:12.429,1.03866,1.03879,1.00,3.24
2016.08.04 14:30:13.042,1.03864,1.03876,1.50,1.24
2016.08.04 14:30:13.093,1.03864,1.03876,1.00,1.24
2016.08.04 14:30:13.144,1.03864,1.03876,1.00,3.99
2016.08.04 14:30:13.245,1.03863,1.03876,1.00,4.37
2016.08.04 14:30:13.296,1.03863,1.03875,1.00,1.62
2016.08.04 14:30:13.762,1.03863,1.03875,1.00,1.24
2016.08.04 14:30:14.067,1.03863,1.03876,1.00,3.99
2016.08.04 14:30:14.118,1.03864,1.03876,1.00,3.99
2016.08.04 14:30:14.169,1.03864,1.03877,1.00,1.74
2016.08.04 14:30:14.271,1.03864,1.03876,1.00,3.99
2016.08.04 14:30:14.443,1.03864,1.03876,1.00,3.24
2016.08.04 14:30:14.494,1.03863,1.03876,1.50,3.24
2016.08.04 14:30:14.943,1.03863,1.03876,1.50,3.99
2016.08.04 14:30:14.994,1.03864,1.03876,1.00,3.99
2016.08.04 14:30:15.146,1.03864,1.03876,1.00,1.24
2016.08.04 14:30:15.350,1.03864,1.03877,1.00,4.74
2016.08.04 14:30:15.422,1.03864,1.03877,1.00,3.99
2016.08.04 14:30:15.740,1.03864,1.03877,1.00,4.74
2016.08.04 14:30:16.025,1.03864,1.03877,1.00,3.99
2016.08.04 14:30:16.127,1.03861,1.03875,1.87,1.33
2016.08.04 14:30:16.179,1.03861,1.03874,1.87,1.24
2016.08.04 14:30:16.230,1.03861,1.03873,1.12,3.24
2016.08.04 14:30:16.281,1.03861,1.03873,1.12,3.24
2016.08.04 14:30:16.495,1.03863,1.03873,1.00,3.24
2016.08.04 14:30:16.546,1.03863,1.03875,1.00,1.24
2016.08.04 14:30:16.802,1.03862,1.03875,1.00,1.24
2016.08.04 14:30:16.853,1.03861,1.03876,1.12,3.99
2016.08.04 14:30:17.057,1.03861,1.03874,1.12,3.99
2016.08.04 14:30:17.159,1.03861,1.03873,1.12,1.33
2016.08.04 14:30:17.211,1.0386,1.03873,1.37,1.33
2016.08.04 14:30:17.262,1.0386,1.03874,1.37,3.99
2016.08.04 14:30:17.469,1.0386,1.03874,1.87,3.99
2016.08.04 14:30:17.520,1.0386,1.03874,1.37,3.99
2016.08.04 14:30:17.673,1.0386,1.03873,1.37,3.24
2016.08.04 14:30:17.725,1.03861,1.03873,1.12,3.24
2016.08.04 14:30:17.776,1.03861,1.03873,1.12,3.99
2016.08.04 14:30:17.827,1.03859,1.03873,3.75,3.99
2016.08.04 14:30:17.878,1.03859,1.03873,3.00,3.99
2016.08.04 14:30:17.929,1.03859,1.03873,2.25,3.99
2016.08.04 14:30:18.031,1.0386,1.03873,1.37,3.99
2016.08.04 14:30:18.133,1.0386,1.03873,1.37,3.99
2016.08.04 14:30:18.377,1.0386,1.03873,1.37,4.74
2016.08.04 14:30:18.533,1.0386,1.03873,1.37,3.99
2016.08.04 14:30:18.772,1.0386,1.03873,1.37,3.24
2016.08.04 14:30:18.934,1.0386,1.03872,1.37,3.24
2016.08.04 14:30:19.636,1.03861,1.03872,1.12,3.99
2016.08.04 14:30:20.164,1.03861,1.03872,1.12,3.24
2016.08.04 14:30:20.215,1.0386,1.03872,1.37,3.24
2016.08.04 14:30:20.318,1.0386,1.03872,1.37,3.24
2016.08.04 14:30:20.816,1.0386,1.03872,1.37,2.74
2016.08.04 14:30:20.867,1.0386,1.03872,1.37,3.49
2016.08.04 14:30:21.021,1.03861,1.03872,1.12,3.49
2016.08.04 14:30:21.073,1.03861,1.03872,1.12,1.00
2016.08.04 14:30:21.124,1.03861,1.03872,1.87,1.00
2016.08.04 14:30:21.279,1.0386,1.03874,1.87,2.74
2016.08.04 14:30:21.331,1.0386,1.03874,1.87,3.49
2016.08.04 14:30:21.582,1.0386,1.03873,1.87,1.00
2016.08.04 14:30:22.050,1.03862,1.03875,1.00,1.00
2016.08.04 14:30:22.101,1.03866,1.03875,1.00,1.00
2016.08.04 14:30:22.152,1.03866,1.03878,1.00,1.12
2016.08.04 14:30:22.203,1.03867,1.03878,1.00,1.12
2016.08.04 14:30:22.254,1.03867,1.03878,1.12,1.00
2016.08.04 14:30:22.409,1.03869,1.03883,1.50,1.69
2016.08.04 14:30:22.461,1.03869,1.03884,1.00,5.42
2016.08.04 14:30:22.512,1.03869,1.03884,1.00,5.23
2016.08.04 14:30:22.564,1.03869,1.03883,1.00,1.00
2016.08.04 14:30:22.666,1.03867,1.03883,3.19,1.00
2016.08.04 14:30:22.768,1.03867,1.03884,3.94,4.48
2016.08.04 14:30:22.872,1.03867,1.03884,3.19,4.48
2016.08.04 14:30:22.923,1.03868,1.03884,1.25,4.48
2016.08.04 14:30:22.975,1.03868,1.03884,1.01,2.25
2016.08.04 14:30:23.027,1.03868,1.03884,1.39,2.25
2016.08.04 14:30:23.186,1.03868,1.03884,1.76,2.25
2016.08.04 14:30:23.237,1.03869,1.03884,1.00,1.50
2016.08.04 14:30:23.339,1.03868,1.0388,1.69,1.00
2016.08.04 14:30:23.390,1.03868,1.0388,1.00,1.00
2016.08.04 14:30:23.441,1.03866,1.03879,1.62,2.25
2016.08.04 14:30:23.492,1.03866,1.03879,1.00,2.25
2016.08.04 14:30:23.543,1.03863,1.03878,2.06,1.00
2016.08.04 14:30:23.594,1.03863,1.03877,1.00,1.00
2016.08.04 14:30:23.746,1.03863,1.03878,1.00,1.62
2016.08.04 14:30:23.797,1.03865,1.03878,1.00,1.50
2016.08.04 14:30:23.848,1.03865,1.03878,1.00,1.87
2016.08.04 14:30:23.899,1.03864,1.03878,1.00,1.50
2016.08.04 14:30:23.950,1.03864,1.03878,1.00,1.00
2016.08.04 14:30:24.069,1.03864,1.03878,1.50,1.00
2016.08.04 14:30:24.222,1.03865,1.03879,1.00,1.00
2016.08.04 14:30:25.226,1.03865,1.03878,1.00,1.00
2016.08.04 14:30:25.277,1.03866,1.03878,1.50,1.00
2016.08.04 14:30:25.329,1.03868,1.0388,1.00,1.00
2016.08.04 14:30:25.431,1.0387,1.03881,1.00,1.37
2016.08.04 14:30:25.483,1.0387,1.03883,1.00,1.73
2016.08.04 14:30:25.534,1.03871,1.03883,1.37,1.30
2016.08.04 14:30:25.585,1.03872,1.03883,1.12,1.30
2016.08.04 14:30:25.636,1.03873,1.03883,1.12,1.30
2016.08.04 14:30:25.687,1.03873,1.03884,1.12,1.00
2016.08.04 14:30:25.942,1.03873,1.03888,1.12,1.50
2016.08.04 14:30:26.255,1.03875,1.03888,1.00,1.50
2016.08.04 14:30:26.565,1.03877,1.03888,1.00,1.73
2016.08.04 14:30:26.668,1.03877,1.03888,1.00,1.30
2016.08.04 14:30:27.042,1.03876,1.03888,1.00,1.73
2016.08.04 14:30:27.156,1.03876,1.03887,1.00,1.30
2016.08.04 14:30:27.691,1.03876,1.03889,1.00,2.48
2016.08.04 14:30:27.844,1.03876,1.03887,1.00,1.30
2016.08.04 14:30:28.583,1.03876,1.03889,1.00,1.73
2016.08.04 14:30:28.634,1.03875,1.03889,1.00,1.73
2016.08.04 14:30:28.686,1.03875,1.03889,1.00,1.00
2016.08.04 14:30:28.737,1.03875,1.03889,1.00,1.00
2016.08.04 14:30:28.788,1.03875,1.03889,1.00,1.50
2016.08.04 14:30:29.150,1.03875,1.03888,1.00,1.00
2016.08.04 14:30:29.437,1.03874,1.03888,1.12,1.00
2016.08.04 14:30:30.197,1.03874,1.03889,1.12,1.73
2016.08.04 14:30:30.248,1.03874,1.03889,1.12,1.30
2016.08.04 14:30:30.539,1.03874,1.03888,1.12,1.00
2016.08.04 14:30:31.167,1.03873,1.03888,1.87,1.00
2016.08.04 14:30:31.357,1.03875,1.03888,1.00,1.00
2016.08.04 14:30:31.468,1.03875,1.03889,1.00,2.10
2016.08.04 14:30:31.570,1.03875,1.03888,1.00,1.00
2016.08.04 14:30:32.145,1.03876,1.03889,1.00,1.30
2016.08.04 14:30:32.247,1.03874,1.03889,1.12,1.73
2016.08.04 14:30:32.359,1.03874,1.03889,1.12,1.30
2016.08.04 14:30:32.564,1.03874,1.03888,1.12,1.00
2016.08.04 14:30:32.741,1.03874,1.03889,1.12,1.30
2016.08.04 14:30:33.341,1.03874,1.03889,1.12,1.48
2016.08.04 14:30:34.498,1.03876,1.03889,1.00,2.23
2016.08.04 14:30:35.389,1.03878,1.03888,1.00,1.00
2016.08.04 14:30:35.443,1.03877,1.03892,2.44,1.50
2016.08.04 14:30:35.494,1.03877,1.03892,1.69,1.37
2016.08.04 14:30:35.545,1.03879,1.03893,1.00,1.37
2016.08.04 14:30:35.596,1.03879,1.03891,1.00,1.48
2016.08.04 14:30:35.647,1.03877,1.0389,2.62,1.00
2016.08.04 14:30:35.953,1.03877,1.0389,1.87,1.00
2016.08.04 14:30:36.068,1.03877,1.03891,1.87,2.23
2016.08.04 14:30:36.121,1.03878,1.0389,1.00,1.00
2016.08.04 14:30:36.172,1.03877,1.0389,3.00,1.00
2016.08.04 14:30:36.223,1.03877,1.03891,3.00,2.23
2016.08.04 14:30:36.274,1.03877,1.03891,3.37,2.23
2016.08.04 14:30:36.479,1.0388,1.03888,1.00,1.48
2016.08.04 14:30:36.581,1.03878,1.03891,1.00,1.00
2016.08.04 14:30:36.632,1.03879,1.03892,1.50,1.48
2016.08.04 14:30:36.684,1.03879,1.03892,1.87,1.48
2016.08.04 14:30:36.735,1.03881,1.03892,1.00,1.48
2016.08.04 14:30:36.901,1.03881,1.03894,1.00,1.00
2016.08.04 14:30:36.952,1.03883,1.03895,1.00,1.00
2016.08.04 14:30:37.360,1.03883,1.03897,1.00,3.04
2016.08.04 14:30:37.463,1.03884,1.03897,1.00,1.87
2016.08.04 14:30:37.565,1.03884,1.03897,1.00,1.00
2016.08.04 14:30:38.154,1.03885,1.03898,1.00,1.00
2016.08.04 14:30:38.205,1.03885,1.03899,1.00,2.62
2016.08.04 14:30:38.257,1.03885,1.039,1.00,1.37
2016.08.04 14:30:38.359,1.03884,1.03901,1.50,3.04
2016.08.04 14:30:38.539,1.03884,1.03901,2.62,2.48
2016.08.04 14:30:38.590,1.03885,1.03899,1.00,1.12
2016.08.04 14:30:38.692,1.03885,1.03899,1.00,1.00
2016.08.04 14:30:39.767,1.03886,1.03899,1.00,1.00
2016.08.04 14:30:39.969,1.03887,1.03901,1.00,1.00
2016.08.04 14:30:40.173,1.03885,1.03898,1.00,1.00
2016.08.04 14:30:40.275,1.03884,1.03898,3.19,1.00
2016.08.04 14:30:40.326,1.03884,1.03898,1.69,1.00
2016.08.04 14:30:40.378,1.03884,1.03899,1.25,3.00
2016.08.04 14:30:40.532,1.03885,1.03899,1.00,1.00
2016.08.04 14:30:40.735,1.03885,1.03898,1.25,1.00
2016.08.04 14:30:40.786,1.03884,1.03898,1.19,1.00
2016.08.04 14:30:40.838,1.03883,1.03898,1.56,1.00
2016.08.04 14:30:40.889,1.03882,1.03897,1.00,1.30
2016.08.04 14:30:40.940,1.03881,1.03897,2.62,1.73
2016.08.04 14:30:40.991,1.03881,1.03897,1.25,2.10
2016.08.04 14:30:41.185,1.03881,1.03897,1.00,2.10
2016.08.04 14:30:41.826,1.03881,1.03897,1.00,1.87
2016.08.04 14:30:42.059,1.03881,1.0389,1.00,1.25
2016.08.04 14:30:42.113,1.03877,1.0389,1.87,1.17
2016.08.04 14:30:42.165,1.03877,1.03888,1.37,1.00
2016.08.04 14:30:42.267,1.03877,1.03889,1.37,1.12
2016.08.04 14:30:42.318,1.03877,1.03889,1.37,1.00
2016.08.04 14:30:42.370,1.03878,1.03891,1.00,1.12
2016.08.04 14:30:42.421,1.03878,1.03893,1.25,1.00
2016.08.04 14:30:42.472,1.03878,1.03893,1.69,1.00
2016.08.04 14:30:42.523,1.03879,1.03894,1.00,1.00
2016.08.04 14:30:42.575,1.03878,1.03892,2.06,1.00
2016.08.04 14:30:42.626,1.03877,1.03892,1.19,1.50
2016.08.04 14:30:42.794,1.03877,1.03892,1.19,2.25
2016.08.04 14:30:42.846,1.03877,1.03891,1.00,1.00
2016.08.04 14:30:42.948,1.03876,1.03891,1.25,1.50
2016.08.04 14:30:43.050,1.03876,1.03891,1.00,1.50
2016.08.04 14:30:43.152,1.03875,1.03891,1.25,1.50
2016.08.04 14:30:43.457,1.03875,1.03891,1.25,1.00
2016.08.04 14:30:44.008,1.03875,1.03891,1.25,1.12
2016.08.04 14:30:44.059,1.03875,1.03891,1.25,2.62
2016.08.04 14:30:44.110,1.03875,1.03891,1.25,2.25
2016.08.04 14:30:44.263,1.03877,1.03891,1.00,1.00
2016.08.04 14:30:44.365,1.03877,1.03893,1.25,2.62
2016.08.04 14:30:44.416,1.0388,1.03893,1.00,2.25
2016.08.04 14:30:44.467,1.0388,1.03894,1.00,1.12
2016.08.04 14:30:44.611,1.0388,1.03894,1.00,1.50
2016.08.04 14:30:44.662,1.0388,1.03893,1.00,1.00
2016.08.04 14:30:45.438,1.0388,1.03893,1.00,1.30
2016.08.04 14:30:45.575,1.0388,1.03893,1.00,1.73
2016.08.04 14:30:45.626,1.03877,1.03893,1.31,2.48
2016.08.04 14:30:45.779,1.03876,1.03892,2.06,1.50
2016.08.04 14:30:45.830,1.03875,1.03892,2.25,1.73
2016.08.04 14:30:45.881,1.03875,1.03891,2.25,1.30
2016.08.04 14:30:45.932,1.03875,1.03891,2.25,1.73
2016.08.04 14:30:45.983,1.03875,1.03891,1.75,1.73
2016.08.04 14:30:46.034,1.03875,1.03891,1.75,3.23
2016.08.04 14:30:46.135,1.03875,1.03889,1.75,1.00
2016.08.04 14:30:46.288,1.03875,1.03889,2.25,1.00
2016.08.04 14:30:46.339,1.03875,1.03891,2.25,1.73
2016.08.04 14:30:46.564,1.03875,1.03891,2.25,1.30
2016.08.04 14:30:47.017,1.03875,1.03891,2.25,1.23
2016.08.04 14:30:47.068,1.03875,1.03891,1.75,1.23
2016.08.04 14:30:47.657,1.03878,1.03892,1.00,1.30
2016.08.04 14:30:47.759,1.03879,1.03894,1.50,1.35
2016.08.04 14:30:47.811,1.03879,1.03894,1.69,1.35
2016.08.04 14:30:47.862,1.03879,1.03894,2.44,1.35
2016.08.04 14:30:47.964,1.0388,1.03895,1.00,1.73
2016.08.04 14:30:48.015,1.0388,1.03895,1.12,1.35
2016.08.04 14:30:48.447,1.0388,1.03896,1.12,1.00
2016.08.04 14:30:48.758,1.03881,1.03896,1.00,1.00
2016.08.04 14:30:48.809,1.03881,1.03896,1.25,1.00
2016.08.04 14:30:48.911,1.03881,1.03897,1.25,1.22
2016.08.04 14:30:48.962,1.0388,1.03897,2.81,1.97
2016.08.04 14:30:49.064,1.03881,1.03897,1.25,1.22
2016.08.04 14:30:49.377,1.0388,1.03897,2.81,1.97
2016.08.04 14:30:49.429,1.0388,1.03894,2.62,1.00
2016.08.04 14:30:49.480,1.0388,1.03894,1.87,1.00
2016.08.04 14:30:49.531,1.0388,1.03896,1.87,2.25
2016.08.04 14:30:49.582,1.0388,1.03896,1.12,2.25
2016.08.04 14:30:49.633,1.03879,1.03896,2.25,2.62
2016.08.04 14:30:49.736,1.03879,1.03896,2.25,3.00
2016.08.04 14:30:49.787,1.03879,1.03896,2.25,3.75
2016.08.04 14:30:49.839,1.03879,1.03896,2.25,3.00
2016.08.04 14:30:49.941,1.03879,1.03894,1.50,1.12
2016.08.04 14:30:50.043,1.03879,1.03894,1.50,1.00
2016.08.04 14:30:50.249,1.03879,1.03896,1.50,1.50
2016.08.04 14:30:50.301,1.03879,1.03896,1.50,2.25
2016.08.04 14:30:50.403,1.03879,1.03895,1.50,1.00
2016.08.04 14:30:50.607,1.03879,1.03896,2.25,1.50
2016.08.04 14:30:50.659,1.03879,1.03896,2.44,1.87
2016.08.04 14:30:50.710,1.0388,1.03896,1.87,1.12
2016.08.04 14:30:50.761,1.0388,1.03896,1.87,1.00
2016.08.04 14:30:50.863,1.0388,1.03896,1.87,1.73
2016.08.04 14:30:50.965,1.03881,1.03896,1.00,1.86
2016.08.04 14:30:51.016,1.03881,1.03896,1.00,2.61
2016.08.04 14:30:51.067,1.03879,1.03895,2.44,1.11
2016.08.04 14:30:51.119,1.03879,1.03895,2.44,1.86
2016.08.04 14:30:51.324,1.03879,1.03895,1.50,2.61
2016.08.04 14:30:51.375,1.03879,1.03895,1.37,2.23
2016.08.04 14:30:51.426,1.03879,1.03895,1.00,2.61
2016.08.04 14:30:51.967,1.03879,1.03895,1.00,1.86
2016.08.04 14:30:53.068,1.03879,1.03895,1.19,1.86
2016.08.04 14:30:53.120,1.03881,1.03895,1.00,1.11
2016.08.04 14:30:53.171,1.03882,1.03897,1.00,3.11
2016.08.04 14:30:53.430,1.03882,1.03897,1.00,2.36
2016.08.04 14:30:53.481,1.03881,1.03897,1.69,3.11
2016.08.04 14:30:53.533,1.03881,1.03897,1.69,2.36
2016.08.04 14:30:53.636,1.03881,1.03897,1.00,2.36
2016.08.04 14:30:53.687,1.03881,1.03895,1.00,1.00
2016.08.04 14:30:53.891,1.03881,1.03895,1.00,1.00
2016.08.04 14:30:53.943,1.0388,1.03893,1.12,4.24
2016.08.04 14:30:53.995,1.03876,1.0389,3.56,1.33
2016.08.04 14:30:54.046,1.03877,1.0389,1.75,1.99
2016.08.04 14:30:54.098,1.03877,1.0389,1.37,1.99
2016.08.04 14:30:54.251,1.03875,1.0389,1.25,1.99
2016.08.04 14:30:54.355,1.03875,1.0389,1.25,2.49
2016.08.04 14:30:54.406,1.03874,1.0389,1.31,3.24
2016.08.04 14:30:54.559,1.03874,1.0389,1.31,2.49
2016.08.04 14:30:55.187,1.03874,1.0389,1.31,3.24
2016.08.04 14:30:55.593,1.03875,1.0389,1.25,3.24
2016.08.04 14:30:55.914,1.03876,1.0389,1.00,2.49
2016.08.04 14:30:56.088,1.03874,1.0389,2.06,2.49
2016.08.04 14:30:56.140,1.03877,1.0389,1.00,1.49
2016.08.04 14:30:56.191,1.03879,1.0389,1.00,1.49
2016.08.04 14:30:56.242,1.03879,1.03892,1.69,1.33
2016.08.04 14:30:56.293,1.03879,1.03892,1.69,1.33
2016.08.04 14:30:56.344,1.03879,1.03894,1.69,1.24
2016.08.04 14:30:56.598,1.03879,1.03894,1.19,1.24
2016.08.04 14:30:56.650,1.03878,1.03893,1.31,1.24
2016.08.04 14:30:56.701,1.03878,1.03893,1.12,1.74
2016.08.04 14:30:56.752,1.03877,1.03891,2.25,1.99
2016.08.04 14:30:56.864,1.03877,1.03891,2.25,1.74
2016.08.04 14:30:56.915,1.03877,1.03891,1.69,1.74
2016.08.04 14:30:56.966,1.03877,1.03891,1.62,1.74
2016.08.04 14:30:57.526,1.03877,1.03891,1.62,2.49
2016.08.04 14:30:57.577,1.03877,1.03891,1.62,1.24
2016.08.04 14:30:58.067,1.03877,1.03892,1.69,3.24
2016.08.04 14:30:59.035,1.03876,1.03892,2.81,3.24
2016.08.04 14:31:00.751,1.03877,1.03892,1.69,3.49
2016.08.04 14:31:00.802,1.03878,1.03892,1.12,2.74
2016.08.04 14:31:00.853,1.03878,1.03892,1.12,1.74
2016.08.04 14:31:00.904,1.03879,1.03892,1.25,1.74
2016.08.04 14:31:00.956,1.03879,1.03893,1.25,1.24
2016.08.04 14:31:01.007,1.03879,1.03893,1.69,1.24
2016.08.04 14:31:01.058,1.03879,1.03894,2.44,3.24
2016.08.04 14:31:01.262,1.03879,1.03895,2.44,1.37
2016.08.04 14:31:01.313,1.0388,1.03895,1.00,1.37
2016.08.04 14:31:01.364,1.0388,1.03894,1.00,2.49
2016.08.04 14:31:01.661,1.0388,1.03894,1.00,1.74
2016.08.04 14:31:01.814,1.03882,1.03894,1.00,1.74
2016.08.04 14:31:01.865,1.03884,1.03896,1.00,1.24
2016.08.04 14:31:01.917,1.03884,1.03896,1.50,1.24
2016.08.04 14:31:01.968,1.03884,1.03896,1.37,1.24
2016.08.04 14:31:02.019,1.03884,1.03896,1.50,1.24
2016.08.04 14:31:02.274,1.03884,1.03897,1.50,2.49
2016.08.04 14:31:02.802,1.03884,1.03897,1.37,2.49
2016.08.04 14:31:02.853,1.03884,1.03897,1.00,2.49
2016.08.04 14:31:03.005,1.03884,1.03897,1.50,2.49
2016.08.04 14:31:03.057,1.03884,1.03896,1.50,1.24
2016.08.04 14:31:03.350,1.03884,1.03897,1.50,2.49
2016.08.04 14:31:03.459,1.03884,1.03896,1.50,1.24
2016.08.04 14:31:04.334,1.03884,1.03896,1.00,1.24
2016.08.04 14:31:04.500,1.03883,1.03896,1.25,1.24
2016.08.04 14:31:07.040,1.03883,1.03894,1.25,1.00
2016.08.04 14:31:07.091,1.03883,1.03894,1.25,1.50
2016.08.04 14:31:07.583,1.03883,1.03894,1.25,1.00
2016.08.04 14:31:07.635,1.03883,1.03894,1.25,1.00
2016.08.04 14:31:07.737,1.03883,1.03894,1.25,1.00
2016.08.04 14:31:07.788,1.03883,1.03894,1.25,1.50
2016.08.04 14:31:08.643,1.03883,1.03894,1.25,1.00
2016.08.04 14:31:09.152,1.03883,1.03894,1.25,1.50
2016.08.04 14:31:09.534,1.03883,1.03894,1.25,1.50
2016.08.04 14:31:09.586,1.03881,1.03894,3.19,1.50
2016.08.04 14:31:09.637,1.03881,1.03894,1.69,1.50
2016.08.04 14:31:09.688,1.03881,1.03893,1.50,1.50
2016.08.04 14:31:09.740,1.0388,1.03893,4.12,1.50
2016.08.04 14:31:09.791,1.0388,1.03893,3.37,1.00
2016.08.04 14:31:09.944,1.03879,1.03889,1.37,1.50
2016.08.04 14:31:09.996,1.03879,1.03889,1.00,1.50
2016.08.04 14:31:10.047,1.03875,1.0389,1.50,1.50
2016.08.04 14:31:10.149,1.03876,1.0389,1.00,1.50
2016.08.04 14:31:10.251,1.03875,1.0389,3.00,1.50
2016.08.04 14:31:10.393,1.03875,1.0389,3.19,1.50
2016.08.04 14:31:10.547,1.03877,1.0389,1.00,1.50
2016.08.04 14:31:10.687,1.03877,1.0389,1.00,1.00
2016.08.04 14:31:11.144,1.03877,1.03887,1.00,1.00
2016.08.04 14:31:11.347,1.03876,1.03886,1.69,1.00
2016.08.04 14:31:11.760,1.03877,1.03887,1.00,1.00
2016.08.04 14:31:11.811,1.03878,1.03887,1.00,1.00
2016.08.04 14:31:11.862,1.03878,1.03888,1.87,1.00
2016.08.04 14:31:11.964,1.03878,1.03888,2.62,1.00
2016.08.04 14:31:12.066,1.03878,1.03888,3.37,1.00
2016.08.04 14:31:12.269,1.03878,1.03888,2.62,1.00
2016.08.04 14:31:12.371,1.03878,1.03888,3.37,1.00
2016.08.04 14:31:13.015,1.03879,1.03888,1.00,1.00
2016.08.04 14:31:13.639,1.03879,1.03889,1.00,1.00
2016.08.04 14:31:14.648,1.03879,1.0389,1.00,1.50
2016.08.04 14:31:15.724,1.03878,1.0389,2.62,1.50
2016.08.04 14:31:15.826,1.03879,1.0389,1.00,1.50
2016.08.04 14:31:15.877,1.03879,1.03893,1.00,1.74
2016.08.04 14:31:15.928,1.03879,1.03893,1.00,1.24
2016.08.04 14:31:16.030,1.03879,1.03893,1.00,1.37
2016.08.04 14:31:16.520,1.03879,1.03893,1.00,2.12
2016.08.04 14:31:16.761,1.03879,1.03893,1.00,2.49
2016.08.04 14:31:17.475,1.03879,1.03893,1.00,2.12
2016.08.04 14:31:17.577,1.03879,1.03893,1.00,1.37
2016.08.04 14:31:17.706,1.03879,1.03892,1.00,1.24
2016.08.04 14:31:17.757,1.03877,1.03892,1.50,3.99
2016.08.04 14:31:17.859,1.03877,1.0389,1.50,1.24
2016.08.04 14:31:17.961,1.03876,1.0389,2.62,1.24
2016.08.04 14:31:18.063,1.03875,1.0389,1.75,1.74
2016.08.04 14:31:18.166,1.03875,1.0389,1.50,1.74
2016.08.04 14:31:18.268,1.03875,1.0389,1.50,2.49
2016.08.04 14:31:18.562,1.03875,1.0389,1.00,2.49
2016.08.04 14:31:18.668,1.03875,1.0389,1.50,2.49
2016.08.04 14:31:18.720,1.03875,1.03889,1.00,1.24
2016.08.04 14:31:18.771,1.03875,1.03889,1.00,1.74
2016.08.04 14:31:18.822,1.03875,1.03889,1.50,1.24
2016.08.04 14:31:18.873,1.03875,1.03887,1.00,1.00
2016.08.04 14:31:18.925,1.03874,1.03887,2.44,1.00
2016.08.04 14:31:18.976,1.03874,1.03889,2.51,1.00
2016.08.04 14:31:19.027,1.03875,1.0389,1.25,1.00
2016.08.04 14:31:19.332,1.03875,1.0389,1.25,1.00
2016.08.04 14:31:19.511,1.03874,1.03892,2.51,2.12
2016.08.04 14:31:19.816,1.03874,1.03892,3.26,2.12
2016.08.04 14:31:19.868,1.03877,1.03892,1.00,1.74
2016.08.04 14:31:19.919,1.03877,1.03892,1.00,1.50
2016.08.04 14:31:19.970,1.03876,1.03891,1.25,1.00
2016.08.04 14:31:20.022,1.03876,1.03892,1.25,1.50
2016.08.04 14:31:20.130,1.03875,1.03892,1.39,1.50
2016.08.04 14:31:20.251,1.03876,1.03892,1.69,1.00
2016.08.04 14:31:20.402,1.03876,1.03893,1.69,3.62
2016.08.04 14:31:20.507,1.03876,1.03893,1.69,2.87
2016.08.04 14:31:20.558,1.03876,1.03893,1.69,3.62
2016.08.04 14:31:20.660,1.03876,1.03892,1.69,1.00
2016.08.04 14:31:20.934,1.03876,1.03892,1.69,1.12
2016.08.04 14:31:20.986,1.03876,1.03892,1.69,1.50
2016.08.04 14:31:21.037,1.03876,1.03892,2.06,1.00
2016.08.04 14:31:21.088,1.03876,1.03892,2.06,1.00
2016.08.04 14:31:21.281,1.03876,1.03892,2.06,1.33
2016.08.04 14:31:21.383,1.03876,1.03893,2.06,2.49
2016.08.04 14:31:21.781,1.03876,1.03893,2.06,2.87
2016.08.04 14:31:22.440,1.03876,1.03893,2.06,3.62
2016.08.04 14:31:22.737,1.03876,1.03893,2.06,2.87
2016.08.04 14:31:22.788,1.03876,1.03893,2.06,2.49
2016.08.04 14:31:23.079,1.03878,1.03893,1.00,2.49
2016.08.04 14:31:23.376,1.03877,1.03893,1.00,3.24
2016.08.04 14:31:23.883,1.03877,1.03893,1.00,3.62
2016.08.04 14:31:24.176,1.03877,1.03893,1.00,2.87
2016.08.04 14:31:24.614,1.03877,1.03891,1.00,1.00
2016.08.04 14:31:24.665,1.03877,1.03891,1.00,1.33
2016.08.04 14:31:24.962,1.03876,1.0389,1.00,1.00
2016.08.04 14:31:25.014,1.03876,1.03889,1.00,1.00
2016.08.04 14:31:25.066,1.03875,1.03889,1.00,1.50
2016.08.04 14:31:25.168,1.03877,1.03891,1.00,2.87
2016.08.04 14:31:25.321,1.03877,1.03891,1.00,2.12
2016.08.04 14:31:25.373,1.03877,1.03891,1.00,1.74
2016.08.04 14:31:25.525,1.03877,1.03891,1.00,1.37
2016.08.04 14:31:25.576,1.03877,1.03891,1.00,1.33
2016.08.04 14:31:26.086,1.03877,1.03891,1.00,1.37
2016.08.04 14:31:26.261,1.03877,1.03891,1.00,2.12
2016.08.04 14:31:26.566,1.03875,1.03888,1.31,1.00
2016.08.04 14:31:26.617,1.03875,1.03888,1.12,1.25
2016.08.04 14:31:26.668,1.03876,1.03887,1.00,1.33
2016.08.04 14:31:26.781,1.03874,1.03887,1.37,1.33
2016.08.04 14:31:26.833,1.03871,1.03886,2.25,1.00
2016.08.04 14:31:26.936,1.03871,1.03886,2.44,1.00
2016.08.04 14:31:27.038,1.03871,1.03886,3.94,1.00
2016.08.04 14:31:27.141,1.03871,1.03886,2.06,1.00
2016.08.04 14:31:27.192,1.03871,1.03886,1.62,1.00
2016.08.04 14:31:27.839,1.03871,1.03885,1.62,1.24
2016.08.04 14:31:27.890,1.03871,1.03885,1.25,1.24
2016.08.04 14:31:28.042,1.03871,1.03885,1.00,1.24
2016.08.04 14:31:28.144,1.03872,1.03886,1.00,2.87
2016.08.04 14:31:28.195,1.03872,1.03886,1.00,2.49
2016.08.04 14:31:28.246,1.03872,1.03886,1.00,2.12
2016.08.04 14:31:28.298,1.03872,1.03886,1.00,1.74
2016.08.04 14:31:28.349,1.03871,1.03886,2.44,1.24
2016.08.04 14:31:28.663,1.03871,1.03886,3.56,1.24
2016.08.04 14:31:28.714,1.03873,1.03888,1.00,2.49
2016.08.04 14:31:28.970,1.03873,1.03888,1.00,1.74
2016.08.04 14:31:29.173,1.03873,1.03888,1.50,2.49
2016.08.04 14:31:29.325,1.03873,1.03888,1.50,2.12
2016.08.04 14:31:29.376,1.03873,1.03888,1.50,3.62
2016.08.04 14:31:29.427,1.03874,1.03888,1.00,2.12
2016.08.04 14:31:29.478,1.03874,1.0389,1.00,4.18
2016.08.04 14:31:29.530,1.03874,1.0389,1.00,3.06
2016.08.04 14:31:29.581,1.03874,1.0389,1.00,3.81
2016.08.04 14:31:29.701,1.03874,1.0389,1.00,4.56
2016.08.04 14:31:29.752,1.03874,1.0389,1.00,4.93
2016.08.04 14:31:30.140,1.03874,1.0389,1.00,4.18
2016.08.04 14:31:30.241,1.03874,1.0389,1.00,3.06
2016.08.04 14:31:30.580,1.03874,1.0389,1.00,2.68
2016.08.04 14:31:30.631,1.03876,1.0389,1.00,2.44
2016.08.04 14:31:30.682,1.03877,1.0389,1.50,1.50
2016.08.04 14:31:30.733,1.03877,1.03892,1.50,1.37
2016.08.04 14:31:30.784,1.03879,1.03894,1.50,2.87
2016.08.04 14:31:30.835,1.03879,1.03894,1.50,2.49
2016.08.04 14:31:30.886,1.03881,1.03895,1.00,3.81
2016.08.04 14:31:30.937,1.03881,1.03895,1.00,3.24
2016.08.04 14:31:31.058,1.03881,1.03895,1.00,1.50
2016.08.04 14:31:31.265,1.03881,1.03895,1.00,2.25
2016.08.04 14:31:31.777,1.03881,1.03895,1.00,1.00
2016.08.04 14:31:31.828,1.03881,1.03896,1.50,1.69
2016.08.04 14:31:33.298,1.03881,1.03896,1.50,2.06
2016.08.04 14:31:33.350,1.03881,1.03896,1.50,1.87
2016.08.04 14:31:33.401,1.03881,1.03896,1.50,2.25
2016.08.04 14:31:33.502,1.03881,1.03896,1.50,1.87
2016.08.04 14:31:33.553,1.03881,1.03896,1.00,1.12
2016.08.04 14:31:33.655,1.03881,1.03896,1.00,1.87
2016.08.04 14:31:33.706,1.03879,1.03895,2.62,1.12
2016.08.04 14:31:33.757,1.03879,1.03895,1.37,1.12
2016.08.04 14:31:33.808,1.03878,1.03893,3.75,1.00
2016.08.04 14:31:33.910,1.03878,1.03893,2.25,1.00
2016.08.04 14:31:34.056,1.03878,1.03893,1.00,1.87
2016.08.04 14:31:36.400,1.03878,1.03893,1.00,1.50
2016.08.04 14:31:37.563,1.03878,1.03893,1.00,1.00
2016.08.04 14:31:37.615,1.03878,1.03893,2.44,1.00
2016.08.04 14:31:37.666,1.03884,1.03896,1.00,1.87
2016.08.04 14:31:37.717,1.03884,1.03896,1.00,1.00
2016.08.04 14:31:37.820,1.03885,1.03899,1.00,2.25
2016.08.04 14:31:37.943,1.03885,1.03899,1.00,1.00
2016.08.04 14:31:38.707,1.03885,1.039,1.50,1.00
2016.08.04 14:31:38.758,1.03885,1.03901,3.37,1.50
2016.08.04 14:31:38.809,1.03885,1.03901,4.50,1.00
2016.08.04 14:31:38.860,1.03885,1.03901,3.37,1.00
2016.08.04 14:31:39.144,1.03885,1.03901,2.62,1.00
2016.08.04 14:31:39.246,1.03885,1.03901,1.87,1.00
2016.08.04 14:31:39.297,1.03885,1.03901,1.37,1.00
2016.08.04 14:31:39.351,1.03884,1.039,1.69,1.37
2016.08.04 14:31:39.404,1.03883,1.03899,3.00,1.50
2016.08.04 14:31:39.506,1.03883,1.03899,3.00,1.12
2016.08.04 14:31:39.608,1.03883,1.03899,3.00,1.37
2016.08.04 14:31:39.659,1.03883,1.03898,3.00,1.12
2016.08.04 14:31:39.863,1.03883,1.03898,3.00,1.87
2016.08.04 14:31:40.114,1.03883,1.03898,3.00,1.12
2016.08.04 14:31:40.748,1.03883,1.03898,2.25,1.12
2016.08.04 14:31:40.951,1.03883,1.03898,2.25,1.50
2016.08.04 14:31:41.148,1.03883,1.03898,2.81,1.00
2016.08.04 14:31:41.199,1.03884,1.03899,1.69,1.00
2016.08.04 14:31:41.250,1.03884,1.039,2.25,1.00
2016.08.04 14:31:41.398,1.03884,1.039,2.25,1.37
2016.08.04 14:31:41.449,1.03884,1.03899,1.50,2.74
2016.08.04 14:31:41.500,1.03883,1.03899,2.25,2.74
2016.08.04 14:31:41.551,1.03883,1.03898,2.25,1.00
2016.08.04 14:31:41.603,1.03883,1.03899,2.25,3.11
2016.08.04 14:31:41.654,1.03883,1.03899,2.25,3.11
2016.08.04 14:31:41.705,1.03883,1.03899,2.25,3.49
2016.08.04 14:31:41.756,1.03883,1.03897,1.75,3.11
2016.08.04 14:31:41.807,1.03882,1.03897,1.37,3.49
2016.08.04 14:31:41.859,1.03882,1.03898,1.87,1.50
2016.08.04 14:31:41.910,1.03884,1.03898,1.00,1.12
2016.08.04 14:31:41.961,1.03885,1.03899,1.00,1.87
2016.08.04 14:31:42.109,1.03885,1.03899,1.00,1.12
2016.08.04 14:31:42.160,1.03885,1.03899,1.00,1.00
2016.08.04 14:31:42.211,1.03885,1.039,1.00,1.50
2016.08.04 14:31:42.262,1.03885,1.039,1.00,1.00
2016.08.04 14:31:42.415,1.03885,1.039,1.00,1.50
2016.08.04 14:31:42.632,1.03885,1.039,1.00,1.00
2016.08.04 14:31:43.064,1.03884,1.03901,2.06,1.12
2016.08.04 14:31:43.201,1.03887,1.03901,1.00,1.12
2016.08.04 14:31:43.252,1.03887,1.03902,1.50,1.37
2016.08.04 14:31:43.406,1.03888,1.03903,1.00,1.87
2016.08.04 14:31:43.457,1.03888,1.03903,1.25,1.87
2016.08.04 14:31:43.509,1.03888,1.03903,1.69,2.62
2016.08.04 14:31:43.610,1.03888,1.03903,2.06,2.62
2016.08.04 14:31:43.712,1.0389,1.03903,1.00,1.87
2016.08.04 14:31:43.763,1.0389,1.03904,1.00,1.75
2016.08.04 14:31:43.961,1.0389,1.03904,1.00,4.24
2016.08.04 14:31:44.063,1.0389,1.03904,1.00,5.36
2016.08.04 14:31:44.114,1.03889,1.03904,1.00,6.11
2016.08.04 14:31:45.275,1.03888,1.03903,1.69,1.50
2016.08.04 14:31:45.326,1.03888,1.03903,2.44,1.50
2016.08.04 14:31:45.428,1.03888,1.03903,1.69,1.50
2016.08.04 14:31:45.892,1.03888,1.03903,1.69,1.50
2016.08.04 14:31:45.943,1.03888,1.03903,1.69,5.49
2016.08.04 14:31:46.458,1.03888,1.03903,1.69,2.87
2016.08.04 14:31:46.764,1.03888,1.03903,2.44,2.87
2016.08.04 14:31:46.948,1.03888,1.03903,2.44,1.37
2016.08.04 14:31:47.000,1.03888,1.03903,2.25,1.37
2016.08.04 14:31:47.051,1.03888,1.03903,2.25,1.24
2016.08.04 14:31:47.552,1.03888,1.03903,1.50,1.24
2016.08.04 14:31:47.603,1.03888,1.03903,1.50,1.24
2016.08.04 14:31:47.654,1.03889,1.03903,1.00,1.24
2016.08.04 14:31:47.706,1.03889,1.03904,1.50,1.37
2016.08.04 14:31:47.757,1.03889,1.03905,1.50,1.37
2016.08.04 14:31:47.808,1.03889,1.03905,1.50,1.37
2016.08.04 14:31:47.960,1.03889,1.03905,2.25,1.37
2016.08.04 14:31:48.011,1.03891,1.03905,1.50,1.37
2016.08.04 14:31:48.221,1.03891,1.03906,2.44,1.37
2016.08.04 14:31:48.273,1.03891,1.03907,3.19,1.74
2016.08.04 14:31:48.530,1.03892,1.03907,1.00,2.49
2016.08.04 14:31:48.581,1.03894,1.03907,1.00,2.87
2016.08.04 14:31:48.632,1.03894,1.03907,1.00,2.87
2016.08.04 14:31:48.951,1.03894,1.03907,1.00,1.74
2016.08.04 14:31:49.001,1.03892,1.03907,1.00,1.74
2016.08.04 14:31:49.154,1.03892,1.03907,1.00,2.12
2016.08.04 14:31:49.205,1.03892,1.03906,1.00,1.37
2016.08.04 14:31:49.307,1.03891,1.03906,1.50,1.37
2016.08.04 14:31:49.511,1.03891,1.03906,1.00,2.12
2016.08.04 14:31:49.562,1.03891,1.03905,1.00,1.24
2016.08.04 14:31:49.613,1.0389,1.03905,1.00,1.74
2016.08.04 14:31:49.664,1.03889,1.03905,1.50,2.87
2016.08.04 14:31:49.715,1.03889,1.03905,1.50,3.24
2016.08.04 14:31:49.766,1.03889,1.03905,2.62,3.24
2016.08.04 14:31:49.868,1.03889,1.03904,2.62,1.37
2016.08.04 14:31:50.048,1.03889,1.03905,2.62,3.99
2016.08.04 14:31:50.288,1.03889,1.03905,2.62,3.62
2016.08.04 14:31:50.339,1.03889,1.03905,2.62,3.99
2016.08.04 14:31:50.954,1.03889,1.03903,1.87,1.24
2016.08.04 14:31:51.107,1.03889,1.03903,1.87,1.24
2016.08.04 14:31:51.260,1.03889,1.03903,1.87,1.37
2016.08.04 14:31:51.362,1.03889,1.03903,1.87,2.12
2016.08.04 14:31:51.464,1.03889,1.03903,1.87,1.74
2016.08.04 14:31:51.635,1.03889,1.03903,1.87,1.24
2016.08.04 14:31:51.686,1.03889,1.03903,1.87,1.00
2016.08.04 14:31:52.076,1.03889,1.03903,1.12,1.00
2016.08.04 14:31:52.376,1.03888,1.03901,2.25,1.00
2016.08.04 14:31:52.428,1.03888,1.03902,3.00,1.00
2016.08.04 14:31:52.479,1.03888,1.03903,3.19,1.50
2016.08.04 14:31:52.627,1.03888,1.03904,4.31,1.33
2016.08.04 14:31:52.678,1.03892,1.03904,1.12,1.33
2016.08.04 14:31:52.729,1.03893,1.03907,1.00,1.62
2016.08.04 14:31:52.780,1.03894,1.03907,1.00,1.24
2016.08.04 14:31:52.832,1.03894,1.03907,1.31,1.24
2016.08.04 14:31:52.883,1.03894,1.03908,1.69,1.74
2016.08.04 14:31:52.934,1.03896,1.03908,1.00,1.74
2016.08.04 14:31:52.985,1.03897,1.03908,1.50,1.00
2016.08.04 14:31:53.037,1.03897,1.03908,2.44,1.00
2016.08.04 14:31:53.088,1.03897,1.03908,1.69,1.00
2016.08.04 14:31:53.344,1.03897,1.03912,1.69,1.24
2016.08.04 14:31:53.818,1.03897,1.03912,1.69,1.74
2016.08.04 14:31:53.869,1.03897,1.03912,1.69,2.12
2016.08.04 14:31:53.971,1.03896,1.03912,2.44,2.87
2016.08.04 14:31:54.075,1.03896,1.03912,2.44,3.99
2016.08.04 14:31:54.126,1.03896,1.03912,3.19,3.99
2016.08.04 14:31:54.177,1.03896,1.03912,3.19,3.62
2016.08.04 14:31:54.432,1.03896,1.03911,2.44,1.24
2016.08.04 14:31:54.483,1.03896,1.03911,2.44,1.37
2016.08.04 14:31:55.250,1.03896,1.03912,2.44,5.49
2016.08.04 14:31:55.428,1.03896,1.03911,2.44,1.37
2016.08.04 14:31:56.286,1.03896,1.03911,2.44,1.24
2016.08.04 14:31:56.421,1.03896,1.03911,3.19,1.24
2016.08.04 14:31:56.472,1.03896,1.03912,3.19,3.24
2016.08.04 14:31:56.523,1.03898,1.03912,1.12,3.24
2016.08.04 14:31:56.680,1.03898,1.03912,1.69,2.49
2016.08.04 14:31:56.731,1.03901,1.03914,1.00,3.49
2016.08.04 14:31:56.782,1.03901,1.03914,1.00,1.74
2016.08.04 14:31:57.139,1.03901,1.03913,1.00,1.24
2016.08.04 14:31:57.344,1.03901,1.03915,1.00,1.24
2016.08.04 14:31:57.583,1.03901,1.03915,1.00,1.37
2016.08.04 14:31:57.634,1.03901,1.03915,1.00,1.37
2016.08.04 14:31:58.293,1.03901,1.03915,1.00,1.74
2016.08.04 14:31:58.344,1.03901,1.03916,1.00,6.24
2016.08.04 14:31:58.447,1.03901,1.03916,1.00,6.99
2016.08.04 14:31:58.600,1.03901,1.03916,1.00,4.37
2016.08.04 14:31:58.651,1.03901,1.03914,1.00,1.37
2016.08.04 14:31:58.754,1.03901,1.03914,1.00,1.74
2016.08.04 14:31:59.297,1.03899,1.03914,1.25,2.49
2016.08.04 14:31:59.348,1.03898,1.03914,2.06,3.24
2016.08.04 14:31:59.501,1.03899,1.03914,1.25,2.49
2016.08.04 14:31:59.552,1.03899,1.03914,2.44,1.24
2016.08.04 14:31:59.603,1.039,1.03916,1.00,2.87
2016.08.04 14:31:59.756,1.039,1.03916,1.50,2.87
2016.08.04 14:31:59.960,1.039,1.03916,1.00,2.87
2016.08.04 14:32:00.316,1.039,1.03915,1.00,1.37
2016.08.04 14:32:00.545,1.039,1.03915,1.00,2.12
2016.08.04 14:32:01.084,1.039,1.03915,1.00,1.37
2016.08.04 14:32:01.135,1.039,1.03915,1.00,1.24
2016.08.04 14:32:01.187,1.039,1.03913,1.00,1.00
2016.08.04 14:32:01.639,1.03903,1.03913,1.00,1.00
2016.08.04 14:32:01.690,1.03903,1.03917,1.00,1.24
2016.08.04 14:32:02.047,1.03903,1.03917,1.00,1.37
2016.08.04 14:32:02.149,1.03903,1.03917,1.00,1.24
2016.08.04 14:32:02.666,1.03903,1.03917,1.00,1.33
2016.08.04 14:32:02.718,1.03908,1.0392,1.00,5.74
2016.08.04 14:32:02.769,1.03908,1.03922,1.00,2.12
2016.08.04 14:32:02.820,1.03908,1.03922,1.19,1.99
2016.08.04 14:32:02.872,1.03908,1.03922,1.19,1.33
2016.08.04 14:32:02.923,1.03908,1.03923,1.00,1.37
2016.08.04 14:32:02.975,1.03908,1.03924,1.00,3.24
2016.08.04 14:32:03.281,1.03908,1.03924,1.00,3.99
2016.08.04 14:32:03.332,1.03908,1.03922,1.00,1.37
2016.08.04 14:32:03.485,1.03907,1.03922,1.00,2.08
2016.08.04 14:32:03.539,1.03907,1.03921,2.25,1.00
2016.08.04 14:32:03.641,1.03905,1.03921,2.44,1.00
2016.08.04 14:32:03.846,1.03905,1.03921,1.69,1.50
2016.08.04 14:32:04.051,1.03905,1.03921,1.69,1.00
2016.08.04 14:32:04.254,1.03905,1.03921,1.69,1.50
2016.08.04 14:32:04.306,1.03905,1.03921,2.44,1.50
2016.08.04 14:32:04.357,1.03905,1.03921,2.44,1.12
2016.08.04 14:32:04.408,1.03905,1.03922,2.44,3.24
2016.08.04 14:32:04.464,1.03905,1.03922,3.56,3.24
2016.08.04 14:32:04.719,1.03905,1.03922,3.56,2.87
2016.08.04 14:32:04.824,1.03905,1.03922,3.56,2.49
2016.08.04 14:32:04.875,1.03906,1.03922,1.12,2.49
2016.08.04 14:32:04.927,1.03908,1.03922,1.00,2.87
2016.08.04 14:32:04.978,1.03908,1.03922,1.00,2.12
2016.08.04 14:32:05.426,1.03907,1.03922,1.50,2.08
2016.08.04 14:32:05.478,1.03907,1.03922,1.50,2.08
2016.08.04 14:32:05.580,1.03907,1.03922,1.50,2.08
2016.08.04 14:32:05.632,1.03907,1.03922,1.50,1.74
2016.08.04 14:32:05.683,1.03907,1.03922,1.00,2.49
2016.08.04 14:32:05.735,1.03905,1.0392,4.31,1.12
2016.08.04 14:32:05.787,1.03905,1.0392,3.37,1.12
2016.08.04 14:32:05.940,1.03905,1.0392,3.37,1.50
2016.08.04 14:32:06.093,1.03905,1.0392,4.12,1.50
2016.08.04 14:32:06.195,1.03905,1.0392,4.12,1.50
2016.08.04 14:32:06.348,1.03905,1.03919,4.12,1.37
2016.08.04 14:32:06.450,1.03905,1.03918,2.25,1.50
2016.08.04 14:32:06.501,1.03903,1.03918,2.62,1.50
2016.08.04 14:32:06.552,1.03903,1.03917,1.87,1.12
2016.08.04 14:32:07.065,1.03903,1.03916,1.87,1.00
2016.08.04 14:32:07.116,1.03903,1.03916,1.12,1.00
2016.08.04 14:32:07.266,1.03903,1.03917,1.12,1.37
2016.08.04 14:32:07.368,1.03903,1.03917,1.12,1.50
2016.08.04 14:32:07.676,1.03903,1.03917,1.12,1.00
2016.08.04 14:32:07.876,1.03903,1.03918,1.12,2.62
2016.08.04 14:32:08.272,1.03903,1.03918,1.12,2.87
2016.08.04 14:32:08.708,1.03903,1.03918,1.12,2.62
2016.08.04 14:32:09.148,1.03903,1.03917,1.12,1.00
2016.08.04 14:32:09.556,1.03902,1.03916,1.50,1.50
2016.08.04 14:32:09.658,1.03902,1.03918,1.50,3.00
2016.08.04 14:32:09.823,1.03901,1.03915,1.75,1.00
2016.08.04 14:32:09.875,1.03901,1.03915,1.75,1.12
2016.08.04 14:32:09.926,1.03901,1.03917,1.75,5.23
2016.08.04 14:32:09.977,1.03901,1.03915,1.75,1.12
2016.08.04 14:32:10.079,1.03901,1.03914,1.75,1.00
2016.08.04 14:32:10.845,1.03901,1.03914,1.75,1.00
2016.08.04 14:32:11.049,1.039,1.03914,2.62,1.87
2016.08.04 14:32:11.100,1.039,1.03914,1.75,1.87
2016.08.04 14:32:11.202,1.039,1.03914,2.62,1.87
2016.08.04 14:32:11.406,1.039,1.03914,2.81,1.87
2016.08.04 14:32:11.457,1.039,1.03914,2.81,1.00
2016.08.04 14:32:11.711,1.039,1.03914,2.00,1.00
2016.08.04 14:32:12.045,1.039,1.03915,2.00,1.12
2016.08.04 14:32:12.147,1.039,1.03915,2.00,1.12
2016.08.04 14:32:12.249,1.039,1.03914,2.00,1.00
2016.08.04 14:32:14.364,1.039,1.03915,2.00,1.12
2016.08.04 14:32:14.418,1.03902,1.03915,1.50,1.12
2016.08.04 14:32:14.469,1.03902,1.03915,1.50,1.00
2016.08.04 14:32:16.146,1.03902,1.03914,1.50,1.00
2016.08.04 14:32:16.248,1.03901,1.03915,1.75,1.00
2016.08.04 14:32:16.654,1.03901,1.03916,1.75,1.87
2016.08.04 14:32:17.143,1.03901,1.03916,1.75,2.25
2016.08.04 14:32:17.652,1.03902,1.03916,1.50,1.50
2016.08.04 14:32:17.754,1.03902,1.03917,1.50,1.87
2016.08.04 14:32:17.805,1.03902,1.03917,2.44,1.87
2016.08.04 14:32:17.856,1.03904,1.03917,1.00,1.00
2016.08.04 14:32:17.907,1.03904,1.03918,1.25,1.12
2016.08.04 14:32:17.958,1.03905,1.03918,1.00,1.50
2016.08.04 14:32:18.009,1.03905,1.03918,1.50,1.50
2016.08.04 14:32:18.060,1.03907,1.03914,1.00,1.00
2016.08.04 14:32:18.213,1.03905,1.03914,1.00,1.00
2016.08.04 14:32:18.315,1.03904,1.03912,1.00,1.00
2016.08.04 14:32:18.417,1.03902,1.03909,1.50,1.00
2016.08.04 14:32:18.581,1.03901,1.03909,1.00,1.00
2016.08.04 14:32:18.632,1.039,1.03909,2.25,1.00
2016.08.04 14:32:18.907,1.039,1.03909,1.50,1.00
2016.08.04 14:32:19.163,1.03902,1.03909,1.00,1.00
2016.08.04 14:32:20.154,1.039,1.03908,1.50,1.00
2016.08.04 14:32:20.205,1.039,1.03908,1.00,1.00
2016.08.04 14:32:20.256,1.039,1.03908,1.50,1.00
2016.08.04 14:32:20.358,1.039,1.03908,1.00,1.00
2016.08.04 14:32:20.460,1.03898,1.03907,1.87,1.00
2016.08.04 14:32:20.511,1.03898,1.03904,1.00,1.00
2016.08.04 14:32:20.562,1.03896,1.03904,1.87,1.00
2016.08.04 14:32:20.673,1.03894,1.03904,1.87,1.00
2016.08.04 14:32:20.724,1.03894,1.03903,1.50,1.00
2016.08.04 14:32:20.827,1.03894,1.03905,1.50,1.00
2016.08.04 14:32:20.879,1.03896,1.03906,1.00,1.00
2016.08.04 14:32:20.931,1.03897,1.03909,1.00,1.50
2016.08.04 14:32:21.034,1.03894,1.03909,3.19,1.50
2016.08.04 14:32:21.085,1.03896,1.03909,1.00,1.50
2016.08.04 14:32:21.136,1.03895,1.03909,2.74,1.50
2016.08.04 14:32:21.187,1.03896,1.03909,1.50,1.50
2016.08.04 14:32:21.289,1.03896,1.03909,1.69,1.00
2016.08.04 14:32:21.391,1.03897,1.03909,1.62,1.00
2016.08.04 14:32:21.595,1.03896,1.03909,3.56,1.00
2016.08.04 14:32:21.649,1.03897,1.03909,1.62,1.00
2016.08.04 14:32:21.700,1.03899,1.03911,1.12,1.00
2016.08.04 14:32:21.751,1.03899,1.03913,2.06,1.00
2016.08.04 14:32:21.802,1.03902,1.03913,1.00,1.50
2016.08.04 14:32:22.176,1.039,1.03913,1.62,1.50
2016.08.04 14:32:22.227,1.039,1.03913,1.31,1.50
2016.08.04 14:32:22.490,1.039,1.03912,2.06,1.00
2016.08.04 14:32:22.543,1.039,1.03912,1.31,1.00
2016.08.04 14:32:22.595,1.03899,1.03908,2.06,1.00
2016.08.04 14:32:22.646,1.03899,1.03908,1.56,1.00
2016.08.04 14:32:22.697,1.03897,1.03908,1.94,1.00
2016.08.04 14:32:22.748,1.03895,1.03907,3.56,1.00
2016.08.04 14:32:22.902,1.03895,1.03907,2.44,1.00
2016.08.04 14:32:23.004,1.03895,1.03907,3.56,1.00
2016.08.04 14:32:23.056,1.03896,1.03907,1.12,1.00
2016.08.04 14:32:23.265,1.03896,1.03907,1.87,1.00
2016.08.04 14:32:23.368,1.03895,1.03907,3.56,1.00
2016.08.04 14:32:23.419,1.03895,1.03905,3.56,1.00
2016.08.04 14:32:23.521,1.03895,1.03905,2.44,1.00
2016.08.04 14:32:23.680,1.03895,1.03905,1.69,1.00
2016.08.04 14:32:23.934,1.03895,1.03903,1.50,1.00
2016.08.04 14:32:23.985,1.03892,1.03903,2.06,1.00
2016.08.04 14:32:24.087,1.03894,1.03903,1.00,1.00
2016.08.04 14:32:24.377,1.03894,1.03905,1.25,1.00
2016.08.04 14:32:24.632,1.03894,1.03907,1.25,1.00
2016.08.04 14:32:24.683,1.03896,1.03909,1.00,2.98
2016.08.04 14:32:24.735,1.03896,1.03909,1.19,1.00
2016.08.04 14:32:24.786,1.03897,1.03909,1.25,1.00
2016.08.04 14:32:25.040,1.03897,1.03909,1.18,1.00
2016.08.04 14:32:25.347,1.03896,1.03909,1.93,1.00
2016.08.04 14:32:25.880,1.03896,1.03909,1.93,1.00
2016.08.04 14:32:25.931,1.03896,1.03911,1.93,1.00
2016.08.04 14:32:25.982,1.03897,1.03911,1.56,1.00
2016.08.04 14:32:26.033,1.03897,1.03911,1.56,1.00
2016.08.04 14:32:26.288,1.03898,1.03911,1.25,1.00
2016.08.04 14:32:26.706,1.03898,1.03911,1.00,1.00
2016.08.04 14:32:26.943,1.03898,1.03909,1.00,1.00
2016.08.04 14:32:26.994,1.03897,1.03909,1.33,1.00
2016.08.04 14:32:27.096,1.03895,1.03907,1.81,1.00
2016.08.04 14:32:27.147,1.03895,1.03907,1.43,1.00
2016.08.04 14:32:27.568,1.03895,1.03907,1.24,1.00
2016.08.04 14:32:27.961,1.03895,1.03907,1.24,1.00
2016.08.04 14:32:30.068,1.03894,1.03907,2.31,1.00
2016.08.04 14:32:30.271,1.03894,1.03905,2.06,1.00
2016.08.04 14:32:30.576,1.03894,1.03906,1.31,1.00
2016.08.04 14:32:30.678,1.03893,1.03906,1.18,1.00
2016.08.04 14:32:30.882,1.03892,1.03906,1.99,1.00
2016.08.04 14:32:30.984,1.03892,1.03906,1.99,1.00
2016.08.04 14:32:39.542,1.03892,1.03907,2.49,1.00
2016.08.04 14:32:39.593,1.03895,1.0391,1.00,3.19
2016.08.04 14:32:39.644,1.03895,1.0391,1.00,2.81
2016.08.04 14:32:39.750,1.03895,1.0391,1.37,2.62
2016.08.04 14:32:39.802,1.03897,1.0391,1.00,1.00
2016.08.04 14:32:39.853,1.03897,1.03911,1.24,1.00
2016.08.04 14:32:40.005,1.03895,1.03911,3.43,1.00
2016.08.04 14:32:40.209,1.03895,1.03911,4.56,1.00
2016.08.04 14:32:40.311,1.03896,1.03911,1.37,1.00
2016.08.04 14:32:40.413,1.03896,1.03911,2.12,1.00
2016.08.04 14:32:41.565,1.03896,1.03911,2.12,1.00
2016.08.04 14:32:41.667,1.03896,1.03911,2.31,1.00
2016.08.04 14:32:41.719,1.03897,1.03911,1.43,1.00
2016.08.04 14:32:42.923,1.03897,1.03913,1.43,1.12
2016.08.04 14:32:42.975,1.03897,1.03913,1.43,1.37
2016.08.04 14:32:43.026,1.03897,1.03913,1.43,1.50
2016.08.04 14:32:43.259,1.03897,1.03913,1.43,1.00
2016.08.04 14:32:43.520,1.03897,1.03913,1.43,1.50
2016.08.04 14:32:43.622,1.03898,1.03913,1.18,1.50
2016.08.04 14:32:43.930,1.03898,1.03913,1.18,1.00
2016.08.04 14:32:43.981,1.03898,1.03913,1.49,1.00
2016.08.04 14:32:44.339,1.03898,1.03914,2.31,1.00
2016.08.04 14:32:44.391,1.03899,1.03914,1.24,1.00
2016.08.04 14:32:44.492,1.03899,1.03914,1.24,1.50
2016.08.04 14:32:44.821,1.03898,1.03914,1.74,1.50
2016.08.04 14:32:46.327,1.03898,1.03914,1.74,1.87
2016.08.04 14:32:46.378,1.03899,1.03914,1.24,1.87
2016.08.04 14:32:46.430,1.03899,1.03914,1.24,2.25
2016.08.04 14:32:46.606,1.03899,1.03914,1.24,1.87
2016.08.04 14:32:46.823,1.03899,1.03914,1.24,1.12
2016.08.04 14:32:47.099,1.039,1.03914,1.33,1.50
2016.08.04 14:32:47.303,1.03898,1.03914,1.74,1.87
2016.08.04 14:32:47.405,1.03898,1.03914,1.24,1.87
2016.08.04 14:32:47.456,1.03898,1.03914,1.49,1.87
2016.08.04 14:32:47.736,1.03897,1.03912,2.68,1.00
2016.08.04 14:32:48.235,1.03897,1.03912,2.49,1.00
2016.08.04 14:32:48.420,1.03897,1.03912,1.74,1.00
2016.08.04 14:32:51.784,1.03898,1.03912,1.33,1.00
2016.08.04 14:32:52.498,1.03897,1.03912,1.74,1.00
2016.08.04 14:32:52.685,1.03899,1.03912,1.00,1.00
2016.08.04 14:32:53.047,1.03899,1.03911,1.50,1.00
2016.08.04 14:32:53.098,1.03899,1.03911,1.00,1.00
2016.08.04 14:32:53.149,1.03898,1.03911,1.50,1.00
2016.08.04 14:32:53.251,1.03899,1.03911,1.00,1.00
2016.08.04 14:32:53.373,1.03898,1.03911,1.50,1.00
2016.08.04 14:32:53.926,1.03899,1.03911,1.00,1.00
2016.08.04 14:32:54.212,1.03898,1.03911,1.50,1.00
2016.08.04 14:32:54.263,1.039,1.03911,1.00,1.00
2016.08.04 14:32:54.315,1.039,1.03913,1.50,2.25
2016.08.04 14:32:54.366,1.03902,1.03913,1.00,1.50
2016.08.04 14:32:54.647,1.03902,1.03914,1.00,1.00
2016.08.04 14:32:55.460,1.03902,1.03914,1.50,1.00
2016.08.04 14:32:55.512,1.03902,1.03914,1.50,1.50
2016.08.04 14:32:55.718,1.03903,1.03914,1.00,1.00
2016.08.04 14:32:56.111,1.03903,1.03915,1.00,1.12
2016.08.04 14:32:56.418,1.03903,1.03916,1.50,1.50
2016.08.04 14:32:56.469,1.03903,1.03916,1.50,1.00
2016.08.04 14:32:56.520,1.03904,1.03916,1.00,1.00
2016.08.04 14:32:56.572,1.03904,1.03916,1.50,1.00
2016.08.04 14:32:56.623,1.03904,1.03916,1.50,1.50
2016.08.04 14:32:56.801,1.03904,1.03916,1.50,1.00
2016.08.04 14:32:57.115,1.03904,1.03916,1.00,1.00
2016.08.04 14:32:57.926,1.03905,1.03916,1.00,1.00
2016.08.04 14:32:58.435,1.03906,1.03916,1.00,1.00
2016.08.04 14:32:58.947,1.03906,1.03916,1.50,1.00
2016.08.04 14:32:59.054,1.03905,1.03916,1.00,1.00
2016.08.04 14:32:59.920,1.03905,1.03914,1.00,1.00
2016.08.04 14:32:59.971,1.03903,1.03914,1.50,1.00
2016.08.04 14:33:00.023,1.03903,1.03914,1.50,1.50
2016.08.04 14:33:00.720,1.03903,1.03914,1.00,1.87
2016.08.04 14:33:00.823,1.03903,1.03914,1.00,1.00
2016.08.04 14:33:01.135,1.03905,1.03916,1.00,1.50
2016.08.04 14:33:01.725,1.03905,1.03916,1.00,1.00
2016.08.04 14:33:02.252,1.03906,1.03917,1.00,1.00
2016.08.04 14:33:02.303,1.03906,1.03918,1.00,1.87
2016.08.04 14:33:02.354,1.03906,1.03918,1.00,2.62
2016.08.04 14:33:02.625,1.03906,1.03918,1.00,1.87
2016.08.04 14:33:02.930,1.03906,1.03918,1.00,2.25
2016.08.04 14:33:03.756,1.03904,1.03918,1.50,2.25
2016.08.04 14:33:04.119,1.03904,1.03918,1.50,1.87
2016.08.04 14:33:04.170,1.03905,1.03918,1.00,1.87
2016.08.04 14:33:06.426,1.03904,1.03918,1.50,1.87
2016.08.04 14:33:06.477,1.03904,1.03915,1.00,1.00
2016.08.04 14:33:06.528,1.03903,1.03915,1.00,1.50
2016.08.04 14:33:06.630,1.03903,1.03915,1.50,1.87
2016.08.04 14:33:06.736,1.03903,1.03914,1.00,1.00
2016.08.04 14:33:07.323,1.03902,1.03915,1.00,1.12
2016.08.04 14:33:07.374,1.03904,1.03917,1.00,3.37
2016.08.04 14:33:07.426,1.03904,1.03917,1.00,2.25
2016.08.04 14:33:07.477,1.03904,1.03917,1.50,1.87
2016.08.04 14:33:07.528,1.03904,1.03917,1.50,1.00
2016.08.04 14:33:07.630,1.03905,1.03917,1.00,1.12
2016.08.04 14:33:07.733,1.03904,1.03917,1.00,2.62
2016.08.04 14:33:07.785,1.03903,1.03917,1.50,2.62
2016.08.04 14:33:07.837,1.03903,1.03917,1.50,3.37
2016.08.04 14:33:07.891,1.03903,1.03916,1.50,1.00
2016.08.04 14:33:07.943,1.03903,1.03917,1.00,3.00
2016.08.04 14:33:07.994,1.03903,1.03916,1.00,1.00
2016.08.04 14:33:08.395,1.03903,1.03917,1.50,3.00
2016.08.04 14:33:08.451,1.03903,1.03917,1.00,3.75
2016.08.04 14:33:08.580,1.03903,1.03916,1.00,1.12
2016.08.04 14:33:08.631,1.03903,1.03915,1.50,1.00
2016.08.04 14:33:08.682,1.03903,1.03915,1.50,1.50
2016.08.04 14:33:08.834,1.03903,1.03915,1.00,1.50
2016.08.04 14:33:08.885,1.03902,1.03915,1.50,1.50
2016.08.04 14:33:08.936,1.03902,1.03915,1.00,1.12
2016.08.04 14:33:09.089,1.03902,1.03916,1.50,1.12
2016.08.04 14:33:09.140,1.03902,1.03916,2.25,1.12
2016.08.04 14:33:09.242,1.03903,1.03916,1.37,1.12
2016.08.04 14:33:09.293,1.03903,1.03916,1.87,1.12
2016.08.04 14:33:09.344,1.03903,1.03917,1.87,1.50
2016.08.04 14:33:09.612,1.03903,1.03918,3.00,2.62
2016.08.04 14:33:09.665,1.03907,1.03919,1.00,1.37
2016.08.04 14:33:09.770,1.03907,1.03919,1.50,1.37
2016.08.04 14:33:10.623,1.03907,1.03919,1.50,1.87
2016.08.04 14:33:10.771,1.03907,1.03919,1.00,2.62
2016.08.04 14:33:10.924,1.03906,1.03918,1.00,1.12
2016.08.04 14:33:10.976,1.03906,1.03918,1.50,1.50
2016.08.04 14:33:11.027,1.03906,1.03917,1.50,1.87
2016.08.04 14:33:11.078,1.03905,1.03915,1.00,1.00
2016.08.04 14:33:11.282,1.03903,1.03915,1.00,1.00
2016.08.04 14:33:11.334,1.03903,1.03915,1.00,1.12
2016.08.04 14:33:11.537,1.03902,1.03915,1.69,1.87
2016.08.04 14:33:11.589,1.03902,1.03915,1.69,1.50
2016.08.04 14:33:11.640,1.03904,1.03918,1.50,2.62
2016.08.04 14:33:11.818,1.03905,1.03918,1.00,1.50
2016.08.04 14:33:12.522,1.03905,1.03918,1.50,1.00
2016.08.04 14:33:12.573,1.03905,1.03918,2.25,1.00
2016.08.04 14:33:12.624,1.03905,1.0392,2.25,1.50
2016.08.04 14:33:12.676,1.03906,1.0392,1.50,1.50
2016.08.04 14:33:12.727,1.03906,1.0392,1.50,1.00
2016.08.04 14:33:12.778,1.03908,1.0392,1.00,1.00
2016.08.04 14:33:13.083,1.03907,1.0392,1.50,1.00
2016.08.04 14:33:13.954,1.03907,1.0392,1.00,1.00
2016.08.04 14:33:15.368,1.03906,1.0392,1.50,1.00
2016.08.04 14:33:15.522,1.03908,1.03922,1.00,2.62
2016.08.04 14:33:15.634,1.03909,1.03922,1.50,1.37
2016.08.04 14:33:15.685,1.0391,1.03922,1.00,1.00
2016.08.04 14:33:15.736,1.0391,1.03922,1.50,1.00
2016.08.04 14:33:16.143,1.0391,1.03922,1.00,1.00
2016.08.04 14:33:16.877,1.03911,1.03922,1.00,1.00
2016.08.04 14:33:17.928,1.03911,1.03922,1.50,1.00
2016.08.04 14:33:17.980,1.03911,1.03922,1.00,1.00
2016.08.04 14:33:20.774,1.03911,1.03922,1.50,1.00
2016.08.04 14:33:20.825,1.03911,1.03922,1.00,1.00
2016.08.04 14:33:21.377,1.0391,1.03923,1.00,1.00
2016.08.04 14:33:21.731,1.03909,1.03923,1.87,1.00
2016.08.04 14:33:21.783,1.03909,1.03923,1.87,1.12
2016.08.04 14:33:22.332,1.0391,1.03923,1.00,1.12
2016.08.04 14:33:22.825,1.0391,1.03923,1.50,1.00
2016.08.04 14:33:23.237,1.0391,1.03923,1.00,1.00
2016.08.04 14:33:23.502,1.03909,1.03923,2.62,1.00
2016.08.04 14:33:23.737,1.03909,1.03923,1.87,1.50
2016.08.04 14:33:23.788,1.03909,1.03923,2.62,1.00
2016.08.04 14:33:23.839,1.03911,1.03924,1.00,1.00
2016.08.04 14:33:24.146,1.03909,1.03923,2.62,1.00
2016.08.04 14:33:24.197,1.03909,1.03923,1.12,1.50
2016.08.04 14:33:24.387,1.03909,1.03923,1.12,2.25
2016.08.04 14:33:24.540,1.03909,1.03923,1.12,1.50
2016.08.04 14:33:24.990,1.03909,1.03923,1.12,2.25
2016.08.04 14:33:26.301,1.03909,1.03923,1.12,1.87
2016.08.04 14:33:27.806,1.03909,1.03923,1.12,1.50
2016.08.04 14:33:27.909,1.03909,1.03923,1.12,1.00
2016.08.04 14:33:28.467,1.03909,1.03923,1.12,1.00
2016.08.04 14:33:28.645,1.03909,1.03924,1.12,2.62
2016.08.04 14:33:28.700,1.03909,1.03924,1.12,1.87
2016.08.04 14:33:28.751,1.0391,1.03924,1.00,1.50
2016.08.04 14:33:28.802,1.0391,1.03924,1.00,1.00
2016.08.04 14:33:28.853,1.0391,1.03925,1.00,1.50
2016.08.04 14:33:29.157,1.0391,1.03925,1.00,2.25
2016.08.04 14:33:29.443,1.0391,1.03925,1.00,2.62
2016.08.04 14:33:29.494,1.0391,1.03925,1.00,3.00
2016.08.04 14:33:29.823,1.0391,1.03923,1.00,1.12
2016.08.04 14:33:29.874,1.0391,1.03924,1.00,1.37
2016.08.04 14:33:29.976,1.0391,1.03924,1.00,1.50
2016.08.04 14:33:30.371,1.0391,1.03923,1.00,1.12
2016.08.04 14:33:30.746,1.0391,1.03922,1.00,1.00
2016.08.04 14:33:30.848,1.03909,1.03922,1.12,1.00
2016.08.04 14:33:31.429,1.03909,1.03924,1.12,2.06
2016.08.04 14:33:31.992,1.03909,1.03924,1.12,2.44
2016.08.04 14:33:32.488,1.03909,1.03923,1.12,1.12
2016.08.04 14:33:33.085,1.03908,1.03923,1.87,2.25
2016.08.04 14:33:33.137,1.03908,1.03921,1.00,1.00
2016.08.04 14:33:33.188,1.03906,1.03921,1.50,2.25
2016.08.04 14:33:33.401,1.03909,1.03921,1.00,1.00
2016.08.04 14:33:33.452,1.03909,1.03922,1.00,1.25
2016.08.04 14:33:33.565,1.03909,1.03922,1.00,1.00
2016.08.04 14:33:33.718,1.03909,1.03922,1.00,1.12
2016.08.04 14:33:33.769,1.03908,1.03923,1.00,4.87
2016.08.04 14:33:33.820,1.03908,1.03923,1.00,4.12
2016.08.04 14:33:33.870,1.03907,1.03922,1.50,1.12
2016.08.04 14:33:33.921,1.03907,1.03922,1.50,1.87
2016.08.04 14:33:33.972,1.03907,1.03922,1.50,3.37
2016.08.04 14:33:34.023,1.03907,1.03922,1.00,4.12
2016.08.04 14:33:34.074,1.03907,1.03922,1.00,3.37
2016.08.04 14:33:34.176,1.03907,1.03921,1.00,1.00
2016.08.04 14:33:34.568,1.03907,1.03922,1.00,3.37
2016.08.04 14:33:35.459,1.03907,1.03922,1.00,2.62
2016.08.04 14:33:35.510,1.03907,1.03922,1.00,1.87
2016.08.04 14:33:35.791,1.03907,1.0392,1.00,1.00
2016.08.04 14:33:35.894,1.03904,1.03919,3.19,1.00
2016.08.04 14:33:35.945,1.03905,1.03921,1.00,3.75
2016.08.04 14:33:35.996,1.03905,1.03921,1.50,2.62
2016.08.04 14:33:36.048,1.03905,1.03921,1.50,3.75
2016.08.04 14:33:36.201,1.03905,1.03921,1.69,3.75
2016.08.04 14:33:36.252,1.03905,1.03921,1.69,3.37
2016.08.04 14:33:36.825,1.03907,1.03921,1.69,3.00
2016.08.04 14:33:37.145,1.0391,1.03923,1.00,1.00
2016.08.04 14:33:37.197,1.0391,1.03924,1.00,1.50
2016.08.04 14:33:37.778,1.0391,1.03923,1.00,1.12
2016.08.04 14:33:37.829,1.03909,1.0392,1.25,1.00
2016.08.04 14:33:37.947,1.03909,1.0392,1.00,1.00
2016.08.04 14:33:38.491,1.03908,1.0392,1.00,1.12
2016.08.04 14:33:38.869,1.03908,1.0392,1.00,1.00
2016.08.04 14:33:39.416,1.03907,1.0392,1.00,1.00
2016.08.04 14:33:39.934,1.03907,1.0392,1.50,1.00
2016.08.04 14:33:40.318,1.03907,1.0392,1.00,1.00
2016.08.04 14:33:40.818,1.03906,1.0392,1.87,1.00
2016.08.04 14:33:40.869,1.03906,1.0392,2.62,1.00
2016.08.04 14:33:40.920,1.03906,1.0392,3.37,1.00
2016.08.04 14:33:40.971,1.03908,1.0392,1.00,1.00
2016.08.04 14:33:42.791,1.03907,1.0392,1.00,1.00
2016.08.04 14:33:42.842,1.03907,1.0392,1.50,1.00
2016.08.04 14:33:42.944,1.03907,1.0392,1.00,1.00
2016.08.04 14:33:42.995,1.03905,1.03921,4.12,2.06
2016.08.04 14:33:43.046,1.03905,1.03921,3.00,2.06
2016.08.04 14:33:43.097,1.03905,1.0392,3.75,1.12
2016.08.04 14:33:43.443,1.03905,1.03919,4.12,1.00
2016.08.04 14:33:43.495,1.03905,1.03919,3.37,1.00
2016.08.04 14:33:43.648,1.03905,1.03919,2.25,1.00
2016.08.04 14:33:43.751,1.03905,1.03919,3.37,1.00
2016.08.04 14:33:43.803,1.03907,1.03919,1.00,1.25
2016.08.04 14:33:43.855,1.03907,1.03919,1.00,1.69
2016.08.04 14:33:43.957,1.03907,1.03919,1.00,1.25
2016.08.04 14:33:45.828,1.03907,1.03921,1.00,2.81
2016.08.04 14:33:45.930,1.03907,1.03921,1.00,2.44
2016.08.04 14:33:46.134,1.03907,1.03921,1.00,3.19
2016.08.04 14:33:46.236,1.03907,1.03921,1.00,2.81
2016.08.04 14:33:46.287,1.03906,1.03921,1.87,2.81
2016.08.04 14:33:46.338,1.03906,1.03921,1.87,3.19
2016.08.04 14:33:47.102,1.03907,1.03921,1.00,3.19
2016.08.04 14:33:47.205,1.03907,1.03921,1.00,2.81
2016.08.04 14:33:47.721,1.03908,1.03921,1.00,2.81
2016.08.04 14:33:47.875,1.03908,1.03921,1.50,2.44
2016.08.04 14:33:47.926,1.03909,1.03921,1.00,2.44
2016.08.04 14:33:47.977,1.03909,1.03921,1.00,2.81
2016.08.04 14:33:48.097,1.03909,1.0392,1.00,1.19
2016.08.04 14:33:48.152,1.03909,1.0392,1.00,1.19
2016.08.04 14:33:49.549,1.03909,1.0392,1.00,1.31
2016.08.04 14:33:49.855,1.03909,1.0392,1.00,1.19
2016.08.04 14:33:49.907,1.03912,1.03921,1.00,1.19
2016.08.04 14:33:49.958,1.03912,1.03921,1.00,1.00
2016.08.04 14:33:50.009,1.03912,1.03922,1.00,1.00
2016.08.04 14:33:50.111,1.03912,1.03924,1.00,1.12
2016.08.04 14:33:50.162,1.03912,1.03924,1.00,1.00
2016.08.04 14:33:50.429,1.03914,1.03927,1.00,1.12
2016.08.04 14:33:50.480,1.03916,1.03928,1.00,1.00
2016.08.04 14:33:50.583,1.03916,1.0393,1.00,2.81
2016.08.04 14:33:50.634,1.03916,1.0393,1.00,2.25
2016.08.04 14:33:50.685,1.03917,1.0393,1.00,1.50
2016.08.04 14:33:50.737,1.03917,1.0393,1.50,1.00
2016.08.04 14:33:50.940,1.03917,1.0393,2.25,1.00
2016.08.04 14:33:51.042,1.03917,1.0393,1.50,1.00
2016.08.04 14:33:51.932,1.03917,1.0393,1.00,1.00
2016.08.04 14:33:51.983,1.03915,1.0393,3.00,1.00
2016.08.04 14:33:52.924,1.03915,1.0393,2.25,1.69
2016.08.04 14:33:52.976,1.03915,1.0393,2.25,1.69
2016.08.04 14:33:53.135,1.03915,1.0393,1.50,1.69
2016.08.04 14:33:53.186,1.03915,1.0393,1.50,1.25
2016.08.04 14:33:53.237,1.03915,1.0393,1.50,1.00
2016.08.04 14:33:53.491,1.03915,1.0393,1.50,1.00
2016.08.04 14:33:53.593,1.03914,1.03927,4.12,1.00
2016.08.04 14:33:53.644,1.03914,1.03927,3.00,1.00
2016.08.04 14:33:53.695,1.03914,1.03927,2.25,1.00
2016.08.04 14:33:53.899,1.03914,1.03927,1.50,1.00
2016.08.04 14:33:54.053,1.03915,1.03927,1.00,1.00
2016.08.04 14:33:54.773,1.03913,1.03927,1.87,1.00
2016.08.04 14:33:54.975,1.03915,1.03927,1.00,1.00
2016.08.04 14:33:55.078,1.03915,1.03929,1.00,2.25
2016.08.04 14:33:55.193,1.03915,1.03928,1.00,1.00
2016.08.04 14:33:55.244,1.03917,1.03928,1.00,1.00
2016.08.04 14:33:55.296,1.03916,1.0393,1.25,1.50
2016.08.04 14:33:55.347,1.03916,1.0393,1.00,1.50
2016.08.04 14:33:55.806,1.03916,1.03931,1.00,1.00
2016.08.04 14:33:56.062,1.03916,1.03931,1.00,1.50
2016.08.04 14:33:56.470,1.03916,1.0393,1.00,1.00
2016.08.04 14:33:56.521,1.03917,1.03931,1.00,2.25
2016.08.04 14:33:57.215,1.03917,1.0393,1.00,1.00
2016.08.04 14:33:57.831,1.03916,1.0393,1.50,1.50
2016.08.04 14:33:58.449,1.03917,1.0393,1.00,1.00
2016.08.04 14:33:58.602,1.03917,1.03931,1.00,2.25
2016.08.04 14:33:58.704,1.03917,1.03931,1.00,1.00
2016.08.04 14:33:59.275,1.03917,1.0393,1.00,1.00
2016.08.04 14:33:59.429,1.03917,1.0393,1.50,1.00
2016.08.04 14:33:59.480,1.03917,1.0393,2.25,1.00
2016.08.04 14:33:59.530,1.03918,1.0393,1.00,1.00
2016.08.04 14:34:00.084,1.03918,1.03931,1.00,1.00
2016.08.04 14:34:00.579,1.03917,1.03929,1.00,1.00
2016.08.04 14:34:01.085,1.03917,1.0393,1.00,1.00
2016.08.04 14:34:01.187,1.03917,1.0393,1.00,1.12
2016.08.04 14:34:01.411,1.03917,1.0393,1.00,1.00
2016.08.04 14:34:02.381,1.03917,1.03929,1.00,1.00
2016.08.04 14:34:04.361,1.03917,1.03929,1.00,1.50
2016.08.04 14:34:04.767,1.03917,1.03928,1.00,1.00
2016.08.04 14:34:04.818,1.03917,1.03926,1.00,1.00
2016.08.04 14:34:04.869,1.03912,1.03923,1.19,1.50
2016.08.04 14:34:04.920,1.03913,1.03923,1.00,1.00
2016.08.04 14:34:05.053,1.0391,1.03928,3.24,2.25
2016.08.04 14:34:05.104,1.03913,1.03928,1.00,1.37
2016.08.04 14:34:05.156,1.03913,1.03927,1.00,1.25
2016.08.04 14:34:05.208,1.0391,1.03927,2.12,1.31
2016.08.04 14:34:05.315,1.03912,1.03927,1.00,1.31
2016.08.04 14:34:05.366,1.03912,1.03927,1.00,1.31
2016.08.04 14:34:05.418,1.03912,1.03927,1.00,1.62
2016.08.04 14:34:05.520,1.03912,1.03927,1.00,2.06
2016.08.04 14:34:05.623,1.03912,1.03926,1.00,1.69
2016.08.04 14:34:05.674,1.03912,1.03926,1.00,1.31
2016.08.04 14:34:05.930,1.03912,1.03927,1.00,2.81
2016.08.04 14:34:06.084,1.03912,1.03927,1.33,2.81
2016.08.04 14:34:06.217,1.03912,1.03927,1.33,2.06
2016.08.04 14:34:07.159,1.03912,1.03926,1.33,1.19
2016.08.04 14:34:07.463,1.03912,1.03926,1.74,1.19
2016.08.04 14:34:07.731,1.03912,1.03927,1.74,2.06
2016.08.04 14:34:07.782,1.03912,1.03927,1.74,1.69
2016.08.04 14:34:08.022,1.03912,1.03927,1.74,1.19
2016.08.04 14:34:08.639,1.03912,1.03926,1.33,1.25
2016.08.04 14:34:08.807,1.03912,1.03926,1.33,1.25
2016.08.04 14:34:08.969,1.03912,1.03926,1.33,1.25
2016.08.04 14:34:09.071,1.03914,1.03928,1.00,2.44
2016.08.04 14:34:09.122,1.03914,1.03928,1.00,2.25
2016.08.04 14:34:09.173,1.03913,1.03927,1.00,1.12
2016.08.04 14:34:09.368,1.03913,1.03927,1.00,1.87
2016.08.04 14:34:09.784,1.03913,1.03927,1.33,1.87
2016.08.04 14:34:10.134,1.03913,1.03927,1.33,2.62
2016.08.04 14:34:10.185,1.03913,1.03925,1.00,1.00
2016.08.04 14:34:10.236,1.03911,1.03922,1.12,1.00
2016.08.04 14:34:10.288,1.03907,1.03922,1.87,1.50
2016.08.04 14:34:10.339,1.03908,1.03922,1.00,1.50
2016.08.04 14:34:10.543,1.03908,1.03922,1.00,1.87
2016.08.04 14:34:10.731,1.03908,1.03921,1.00,1.00
2016.08.04 14:34:10.783,1.03907,1.03921,1.00,1.00
2016.08.04 14:34:11.139,1.03907,1.03921,1.50,1.50
2016.08.04 14:34:11.292,1.03907,1.0392,1.00,1.00
2016.08.04 14:34:11.446,1.03906,1.0392,1.33,1.00
2016.08.04 14:34:11.909,1.03906,1.0392,1.00,1.00
2016.08.04 14:34:12.534,1.03906,1.03919,1.00,1.00
2016.08.04 14:34:12.585,1.03906,1.03919,1.00,1.50
2016.08.04 14:34:12.891,1.03907,1.03919,1.00,1.00
2016.08.04 14:34:13.746,1.03906,1.03919,1.00,1.00
2016.08.04 14:34:14.058,1.03906,1.03921,1.00,2.25
2016.08.04 14:34:14.390,1.03906,1.03921,1.33,2.25
2016.08.04 14:34:14.491,1.03906,1.03921,1.33,1.00
2016.08.04 14:34:14.543,1.03908,1.03922,1.50,1.12
2016.08.04 14:34:14.595,1.03908,1.03923,1.74,3.37
2016.08.04 14:34:14.647,1.03908,1.03923,1.74,2.62
2016.08.04 14:34:14.748,1.03908,1.03922,1.33,1.00
2016.08.04 14:34:14.851,1.03906,1.03921,1.50,1.00
2016.08.04 14:34:15.027,1.03905,1.03921,2.12,1.25
2016.08.04 14:34:15.129,1.03905,1.03921,2.12,1.31
2016.08.04 14:34:16.457,1.03907,1.03921,1.00,2.06
2016.08.04 14:34:16.870,1.03907,1.03921,1.00,1.69
2016.08.04 14:34:17.243,1.03905,1.03921,2.12,1.25
2016.08.04 14:34:17.345,1.03905,1.03921,2.87,1.25
2016.08.04 14:34:17.397,1.03905,1.03921,3.62,1.25
2016.08.04 14:34:17.448,1.03905,1.03921,3.62,1.31
2016.08.04 14:34:18.549,1.03905,1.0392,3.62,1.00
2016.08.04 14:34:18.653,1.03905,1.0392,2.87,1.00
2016.08.04 14:34:18.853,1.03905,1.0392,2.62,1.87
2016.08.04 14:34:18.904,1.03905,1.03919,1.87,1.00
2016.08.04 14:34:19.007,1.03905,1.0392,1.87,1.12
2016.08.04 14:34:19.058,1.03906,1.0392,1.12,1.12
2016.08.04 14:34:19.161,1.03906,1.0392,1.12,1.50
2016.08.04 14:34:19.263,1.03906,1.03921,1.87,2.44
2016.08.04 14:34:19.390,1.03906,1.03921,1.87,2.06
2016.08.04 14:34:19.441,1.03906,1.0392,1.87,1.00
2016.08.04 14:34:19.554,1.03906,1.0392,1.87,1.12
2016.08.04 14:34:19.707,1.03906,1.03921,1.87,1.37
2016.08.04 14:34:19.810,1.03906,1.03921,1.12,1.37
2016.08.04 14:34:20.690,1.03906,1.03921,1.12,1.69
2016.08.04 14:34:20.741,1.03906,1.0392,1.12,1.31
2016.08.04 14:34:20.792,1.03906,1.0392,1.12,2.06
2016.08.04 14:34:20.945,1.03906,1.03919,1.12,1.31
2016.08.04 14:34:20.996,1.03904,1.03918,2.62,1.69
2016.08.04 14:34:21.047,1.03904,1.03918,1.87,3.56
2016.08.04 14:34:21.098,1.03903,1.03917,1.00,1.00
2016.08.04 14:34:21.149,1.03903,1.03917,1.00,1.31
2016.08.04 14:34:21.351,1.03902,1.03915,1.12,1.37
2016.08.04 14:34:21.402,1.03902,1.03915,1.12,1.50
2016.08.04 14:34:21.454,1.03899,1.03915,4.37,1.69
2016.08.04 14:34:21.505,1.03899,1.03915,2.49,1.62
2016.08.04 14:34:21.556,1.03899,1.03914,1.33,1.12
2016.08.04 14:34:21.607,1.03899,1.03914,2.12,1.12
2016.08.04 14:34:21.709,1.03899,1.03913,2.12,1.00
2016.08.04 14:34:21.761,1.03899,1.03913,1.12,1.50
2016.08.04 14:34:21.812,1.03898,1.03913,1.00,1.50
2016.08.04 14:34:21.915,1.03898,1.03912,1.00,1.00
2016.08.04 14:34:22.068,1.03898,1.03912,1.00,1.50
2016.08.04 14:34:22.621,1.03899,1.03912,1.00,1.50
2016.08.04 14:34:22.856,1.03897,1.03912,2.25,1.12
2016.08.04 14:34:22.907,1.03897,1.03912,2.25,1.00
2016.08.04 14:34:23.036,1.03897,1.03911,1.50,1.00
2016.08.04 14:34:23.087,1.03897,1.03911,1.00,1.12
2016.08.04 14:34:23.138,1.03896,1.03911,1.74,1.12
2016.08.04 14:34:23.189,1.03897,1.03911,1.33,1.00
2016.08.04 14:34:23.240,1.03898,1.03911,1.74,1.00
2016.08.04 14:34:23.291,1.03901,1.03911,1.33,1.00
2016.08.04 14:34:23.343,1.03902,1.03912,1.00,1.00
2016.08.04 14:34:23.395,1.03902,1.03915,1.24,2.06
2016.08.04 14:34:23.505,1.03902,1.03915,4.74,1.31
2016.08.04 14:34:23.556,1.03903,1.03918,1.24,1.69
2016.08.04 14:34:23.608,1.03903,1.03918,1.24,1.25
2016.08.04 14:34:23.659,1.03903,1.03919,1.24,2.81
2016.08.04 14:34:23.710,1.03904,1.03919,1.24,2.44
2016.08.04 14:34:23.812,1.03904,1.03919,1.24,3.19
2016.08.04 14:34:23.863,1.03904,1.03919,1.24,2.81
2016.08.04 14:34:24.130,1.03904,1.03919,1.74,2.06
2016.08.04 14:34:24.283,1.03904,1.03919,1.00,2.06
2016.08.04 14:34:24.334,1.03903,1.03918,1.33,1.12
2016.08.04 14:34:24.385,1.03902,1.03918,1.74,1.12
2016.08.04 14:34:24.525,1.03902,1.03918,1.74,1.31
2016.08.04 14:34:24.627,1.03902,1.03918,1.74,2.06
2016.08.04 14:34:24.678,1.03902,1.03917,1.74,1.00
2016.08.04 14:34:24.831,1.03902,1.03917,1.74,1.50
2016.08.04 14:34:25.131,1.03902,1.03917,1.74,1.00
2016.08.04 14:34:27.635,1.03902,1.03917,2.49,1.00
2016.08.04 14:34:28.855,1.03902,1.03917,1.74,1.00
2016.08.04 14:34:28.957,1.03902,1.03917,1.24,1.50
2016.08.04 14:34:29.008,1.03901,1.03915,1.37,1.50
2016.08.04 14:34:29.110,1.03901,1.03915,2.12,1.50
2016.08.04 14:34:29.211,1.03901,1.03915,2.12,1.00
2016.08.04 14:34:29.262,1.03901,1.03915,3.99,1.00
2016.08.04 14:34:29.314,1.03901,1.03916,3.62,1.12
2016.08.04 14:34:29.887,1.03901,1.03916,3.24,1.12
2016.08.04 14:34:29.938,1.03901,1.03913,2.49,1.00
2016.08.04 14:34:29.989,1.039,1.03913,1.12,1.00
2016.08.04 14:34:30.041,1.039,1.03914,1.50,2.25
2016.08.04 14:34:30.092,1.039,1.03914,1.50,1.87
2016.08.04 14:34:30.143,1.039,1.03914,1.50,1.12
2016.08.04 14:34:30.195,1.03899,1.03914,1.37,1.12
2016.08.04 14:34:30.246,1.03899,1.03914,1.00,1.12
2016.08.04 14:34:30.297,1.03898,1.03914,2.49,1.12
2016.08.04 14:34:30.349,1.03898,1.03914,3.24,1.12
2016.08.04 14:34:30.399,1.03898,1.03914,6.24,1.00
2016.08.04 14:34:30.537,1.03898,1.03914,3.24,1.50
2016.08.04 14:34:30.590,1.039,1.03916,1.37,1.31
2016.08.04 14:34:30.641,1.039,1.03917,2.25,1.69
2016.08.04 14:34:30.694,1.039,1.03918,2.68,2.06
2016.08.04 14:34:30.745,1.039,1.03918,1.93,2.06
2016.08.04 14:34:30.796,1.039,1.03918,1.93,1.69
2016.08.04 14:34:31.112,1.039,1.03914,1.18,1.00
2016.08.04 14:34:31.163,1.03899,1.03914,1.75,1.00
2016.08.04 14:34:31.214,1.039,1.03914,1.00,1.50
2016.08.04 14:34:31.265,1.03899,1.03914,1.50,1.87
2016.08.04 14:34:31.382,1.03899,1.03914,1.00,1.87
2016.08.04 14:34:31.433,1.03899,1.03914,1.00,2.25
2016.08.04 14:34:32.556,1.03899,1.03913,1.00,1.00
2016.08.04 14:34:32.658,1.03899,1.03914,1.00,2.25
2016.08.04 14:34:33.617,1.03899,1.03914,1.00,1.12
2016.08.04 14:34:33.912,1.03901,1.03914,1.00,1.12
2016.08.04 14:34:33.963,1.03901,1.03914,1.00,1.87
2016.08.04 14:34:34.016,1.039,1.03914,1.24,1.87
2016.08.04 14:34:34.068,1.03901,1.03915,1.33,1.37
2016.08.04 14:34:34.119,1.03901,1.03915,1.74,1.50
2016.08.04 14:34:34.170,1.03901,1.03915,1.33,2.25
2016.08.04 14:34:34.221,1.03901,1.03915,1.33,1.50
2016.08.04 14:34:34.425,1.03899,1.03915,4.56,1.50
2016.08.04 14:34:34.629,1.03899,1.03915,4.56,1.00
2016.08.04 14:34:34.830,1.03899,1.03915,4.56,1.00
2016.08.04 14:34:34.881,1.039,1.03915,2.25,1.00
2016.08.04 14:34:35.116,1.03901,1.03915,1.00,1.00
2016.08.04 14:34:35.661,1.03901,1.03915,1.00,1.50
2016.08.04 14:34:35.942,1.03901,1.03915,1.50,1.00
2016.08.04 14:34:35.994,1.03903,1.03915,1.50,1.00
2016.08.04 14:34:36.045,1.03903,1.03917,2.25,1.00
2016.08.04 14:34:36.097,1.03904,1.03917,1.00,1.00
2016.08.04 14:34:36.148,1.03904,1.03918,1.50,1.00
2016.08.04 14:34:36.200,1.03904,1.03918,2.25,1.00
2016.08.04 14:34:36.251,1.03904,1.03918,2.25,1.50
2016.08.04 14:34:36.403,1.03904,1.03918,1.50,2.25
2016.08.04 14:34:37.018,1.03904,1.03918,1.50,1.50
2016.08.04 14:34:37.172,1.03904,1.03918,1.00,1.50
2016.08.04 14:34:37.463,1.03904,1.03918,1.00,2.25
2016.08.04 14:34:37.753,1.03904,1.03918,1.00,1.50
2016.08.04 14:34:37.931,1.03904,1.03918,1.00,1.87
2016.08.04 14:34:39.157,1.03904,1.03918,1.50,1.87
2016.08.04 14:34:39.864,1.03904,1.03918,1.00,1.87
2016.08.04 14:34:40.051,1.03904,1.03917,1.00,1.00
2016.08.04 14:34:40.361,1.03903,1.03917,3.37,1.00
2016.08.04 14:34:41.204,1.03903,1.03917,3.37,1.00
2016.08.04 14:34:41.650,1.03903,1.03917,2.62,1.00
2016.08.04 14:34:42.525,1.03903,1.03918,2.62,2.62
2016.08.04 14:34:42.576,1.03903,1.03918,3.37,1.87
2016.08.04 14:34:42.628,1.03903,1.03917,3.37,1.12
2016.08.04 14:34:42.680,1.03903,1.03917,3.37,1.00
2016.08.04 14:34:42.781,1.03903,1.03918,2.62,1.00
2016.08.04 14:34:42.832,1.03904,1.03918,1.00,1.00
2016.08.04 14:34:42.935,1.03903,1.03918,3.37,1.50
2016.08.04 14:34:43.037,1.03903,1.03917,3.37,1.00
2016.08.04 14:34:43.332,1.03903,1.03917,2.62,1.00
2016.08.04 14:34:43.769,1.03903,1.03917,3.37,1.00
2016.08.04 14:34:43.922,1.03904,1.03917,1.00,1.00
2016.08.04 14:34:43.973,1.03904,1.03918,1.00,2.25
2016.08.04 14:34:44.594,1.03904,1.03917,1.00,1.00
2016.08.04 14:34:45.373,1.03904,1.03918,1.00,1.00
2016.08.04 14:34:45.674,1.03904,1.03918,1.00,1.50
2016.08.04 14:34:46.781,1.03904,1.03917,1.00,1.00
2016.08.04 14:34:46.937,1.03904,1.03918,1.00,1.87
2016.08.04 14:34:47.127,1.03904,1.03918,1.50,1.87
2016.08.04 14:34:47.180,1.03904,1.03918,1.50,1.50
2016.08.04 14:34:47.537,1.03904,1.03918,1.50,1.00
2016.08.04 14:34:48.132,1.03905,1.03918,1.00,1.00
2016.08.04 14:34:48.452,1.03904,1.03918,1.50,1.00
2016.08.04 14:34:48.632,1.03904,1.03918,1.00,1.00
2016.08.04 14:34:48.683,1.03905,1.03918,1.50,1.00
2016.08.04 14:34:48.734,1.03906,1.03918,1.00,1.00
2016.08.04 14:34:48.785,1.03906,1.0392,1.00,1.00
2016.08.04 14:34:48.836,1.03908,1.03921,1.00,1.00
2016.08.04 14:34:48.938,1.03909,1.03922,1.00,1.12
2016.08.04 14:34:49.040,1.03909,1.03922,1.00,1.00
2016.08.04 14:34:49.142,1.03909,1.03922,1.00,1.50
2016.08.04 14:34:49.530,1.03908,1.03922,1.12,1.50
2016.08.04 14:34:49.734,1.03909,1.03922,1.00,1.50
2016.08.04 14:34:49.836,1.03909,1.03922,1.00,1.00
2016.08.04 14:34:50.773,1.03909,1.03921,1.00,1.00
2016.08.04 14:34:50.926,1.03907,1.03921,2.25,1.00
2016.08.04 14:34:50.977,1.03907,1.03921,3.00,1.00
2016.08.04 14:34:51.659,1.03907,1.03921,3.00,1.00
2016.08.04 14:34:51.763,1.03907,1.03921,2.25,1.00
2016.08.04 14:34:52.075,1.03908,1.0392,1.12,1.00
2016.08.04 14:34:52.182,1.03908,1.03921,1.12,1.50
2016.08.04 14:34:52.551,1.03908,1.03921,1.12,1.12
2016.08.04 14:34:52.603,1.03908,1.03921,1.12,1.00
2016.08.04 14:34:53.959,1.03906,1.03921,3.24,1.50
2016.08.04 14:34:54.129,1.03907,1.03921,1.74,1.50
2016.08.04 14:34:54.545,1.03908,1.03921,1.12,1.50
2016.08.04 14:34:54.661,1.03908,1.03921,1.12,1.00
2016.08.04 14:34:56.959,1.03908,1.03921,1.12,1.50
2016.08.04 14:34:57.523,1.03908,1.03921,1.12,1.87
2016.08.04 14:34:58.349,1.03906,1.03921,3.24,1.87
2016.08.04 14:34:58.933,1.03906,1.03921,6.24,1.87
2016.08.04 14:34:59.332,1.03907,1.03921,1.18,1.00
2016.08.04 14:34:59.383,1.03907,1.03921,1.93,1.00
2016.08.04 14:35:00.421,1.03907,1.03918,2.68,1.00
2016.08.04 14:35:00.472,1.03907,1.03918,1.93,1.00
2016.08.04 14:35:00.523,1.03904,1.03918,4.18,1.12
2016.08.04 14:35:00.575,1.03904,1.03916,1.25,1.00
2016.08.04 14:35:00.700,1.03902,1.03915,1.69,1.00
2016.08.04 14:35:00.753,1.03902,1.03915,1.50,1.50
2016.08.04 14:35:00.805,1.03902,1.03915,1.37,1.50
2016.08.04 14:35:00.856,1.03902,1.03915,1.00,1.50
2016.08.04 14:35:00.958,1.03902,1.03916,1.50,2.62
2016.08.04 14:35:01.111,1.03902,1.03916,1.50,2.25
2016.08.04 14:35:01.215,1.03902,1.03916,1.50,2.62
2016.08.04 14:35:01.368,1.03902,1.03915,1.00,1.00
2016.08.04 14:35:01.671,1.03902,1.03916,1.00,2.62
2016.08.04 14:35:01.774,1.03902,1.03916,1.00,3.37
2016.08.04 14:35:02.170,1.03901,1.03916,1.50,2.62
2016.08.04 14:35:02.272,1.03901,1.03916,1.74,1.12
2016.08.04 14:35:02.323,1.03901,1.03916,1.74,1.00
2016.08.04 14:35:02.554,1.03901,1.03916,1.50,1.00
2016.08.04 14:35:02.758,1.03901,1.03916,1.50,1.87
2016.08.04 14:35:02.889,1.03902,1.03916,1.00,1.87
2016.08.04 14:35:02.940,1.03902,1.03916,1.00,1.50
2016.08.04 14:35:03.415,1.03902,1.03916,1.00,1.87
2016.08.04 14:35:03.603,1.03902,1.03916,1.00,1.12
2016.08.04 14:35:03.756,1.03903,1.03916,1.00,1.00
2016.08.04 14:35:03.858,1.03903,1.03916,1.00,1.00
2016.08.04 14:35:04.185,1.03905,1.03918,1.00,1.31
2016.08.04 14:35:04.236,1.03907,1.03918,1.00,1.00
2016.08.04 14:35:04.287,1.03907,1.03918,1.50,1.00
2016.08.04 14:35:04.438,1.03905,1.03918,1.12,1.00
2016.08.04 14:35:04.489,1.03902,1.03918,3.62,1.50
2016.08.04 14:35:04.540,1.03903,1.03918,1.50,1.50
2016.08.04 14:35:04.642,1.03903,1.03918,1.50,1.50
2016.08.04 14:35:04.744,1.03903,1.03918,1.50,2.25
2016.08.04 14:35:05.122,1.03903,1.03918,1.50,2.62
2016.08.04 14:35:05.558,1.03903,1.03917,1.50,1.00
2016.08.04 14:35:05.609,1.03904,1.03917,1.00,1.00
2016.08.04 14:35:05.660,1.03904,1.03919,1.33,1.87
2016.08.04 14:35:05.712,1.03904,1.03919,2.12,1.87
2016.08.04 14:35:05.763,1.03904,1.03919,5.49,1.00
2016.08.04 14:35:05.814,1.03904,1.03919,5.12,1.00
2016.08.04 14:35:05.865,1.03904,1.03919,5.87,1.00
2016.08.04 14:35:05.967,1.03904,1.03916,1.50,1.00
2016.08.04 14:35:06.018,1.03904,1.03916,1.00,1.50
2016.08.04 14:35:06.069,1.03904,1.03916,1.00,2.25
2016.08.04 14:35:06.120,1.03902,1.03916,1.00,2.25
2016.08.04 14:35:06.171,1.03902,1.03916,1.00,3.37
2016.08.04 14:35:06.374,1.03902,1.03915,1.00,1.00
2016.08.04 14:35:06.529,1.03902,1.03916,1.00,3.37
2016.08.04 14:35:06.867,1.039,1.03915,1.74,1.12
2016.08.04 14:35:07.072,1.039,1.03915,1.74,1.12
2016.08.04 14:35:07.174,1.03901,1.03916,1.00,3.37
2016.08.04 14:35:07.276,1.03901,1.03916,1.00,2.62
2016.08.04 14:35:07.328,1.03901,1.03916,1.50,2.62
2016.08.04 14:35:07.379,1.03901,1.03916,4.74,1.00
2016.08.04 14:35:07.719,1.03901,1.03916,4.74,1.00
2016.08.04 14:35:07.887,1.03901,1.03916,3.99,1.00
2016.08.04 14:35:07.938,1.03901,1.03916,3.99,1.00
2016.08.04 14:35:07.989,1.03901,1.03916,1.74,1.00
2016.08.04 14:35:08.092,1.03901,1.03916,1.33,1.00
2016.08.04 14:35:08.347,1.03901,1.03913,1.00,1.00
2016.08.04 14:35:08.399,1.039,1.03914,1.87,1.00
2016.08.04 14:35:08.451,1.03901,1.03914,1.00,1.00
2016.08.04 14:35:08.601,1.03901,1.03915,1.50,1.25
2016.08.04 14:35:08.652,1.03901,1.03916,1.87,1.87
2016.08.04 14:35:08.754,1.03901,1.03916,1.87,1.50
2016.08.04 14:35:08.805,1.03902,1.03916,1.00,1.00
2016.08.04 14:35:09.503,1.03903,1.03916,1.00,1.00
2016.08.04 14:35:09.806,1.03903,1.03916,1.12,1.00
2016.08.04 14:35:09.857,1.03903,1.03916,1.50,1.00
2016.08.04 14:35:09.908,1.03903,1.03916,1.00,1.00
2016.08.04 14:35:10.262,1.03903,1.03917,1.00,1.25
2016.08.04 14:35:10.689,1.03903,1.03918,1.50,1.69
2016.08.04 14:35:10.791,1.03904,1.03917,1.00,1.25
2016.08.04 14:35:10.894,1.03904,1.03919,1.00,1.19
2016.08.04 14:35:10.946,1.03904,1.03914,1.00,1.25
2016.08.04 14:35:11.049,1.03903,1.03913,1.00,1.50
2016.08.04 14:35:11.151,1.03899,1.03913,2.25,1.00
2016.08.04 14:35:11.621,1.03899,1.03913,2.25,1.19
2016.08.04 14:35:12.404,1.03899,1.03913,2.25,1.69
2016.08.04 14:35:12.649,1.03899,1.03912,2.25,1.19
2016.08.04 14:35:12.786,1.03899,1.03912,2.25,1.19
2016.08.04 14:35:12.939,1.03899,1.03912,2.25,1.00
2016.08.04 14:35:13.204,1.03899,1.03912,2.25,1.00
2016.08.04 14:35:13.255,1.03899,1.03912,2.25,1.50
2016.08.04 14:35:13.357,1.03899,1.03912,2.25,1.00
2016.08.04 14:35:13.458,1.03899,1.03913,2.25,2.44
2016.08.04 14:35:13.509,1.03899,1.03913,2.25,1.50
2016.08.04 14:35:13.561,1.03899,1.03913,2.25,1.00
2016.08.04 14:35:13.621,1.03899,1.03913,2.25,1.50
2016.08.04 14:35:13.672,1.03899,1.03913,2.25,1.00
2016.08.04 14:35:13.723,1.03899,1.03914,2.25,3.00
2016.08.04 14:35:13.825,1.039,1.03914,1.00,2.25
2016.08.04 14:35:13.876,1.03899,1.03914,1.75,2.25
2016.08.04 14:35:13.927,1.039,1.03913,1.50,1.00
2016.08.04 14:35:14.028,1.03899,1.03913,2.25,1.00
2016.08.04 14:35:14.130,1.03899,1.03914,2.25,1.50
2016.08.04 14:35:14.266,1.039,1.03914,1.50,1.00
2016.08.04 14:35:14.420,1.039,1.03914,1.50,1.50
2016.08.04 14:35:14.522,1.039,1.03914,1.50,2.25
2016.08.04 14:35:14.816,1.039,1.03914,1.50,1.50
2016.08.04 14:35:16.323,1.039,1.03914,2.25,1.00
2016.08.04 14:35:16.374,1.039,1.03912,1.50,1.00
2016.08.04 14:35:16.425,1.03898,1.03911,2.68,1.00
2016.08.04 14:35:16.477,1.03898,1.03911,1.00,1.00
2016.08.04 14:35:16.529,1.03897,1.03912,1.74,1.00
2016.08.04 14:35:16.693,1.03897,1.03912,1.50,1.00
2016.08.04 14:35:16.744,1.03897,1.03912,1.50,2.25
2016.08.04 14:35:17.619,1.03897,1.0391,1.50,1.00
2016.08.04 14:35:18.341,1.03897,1.03912,1.50,1.00
2016.08.04 14:35:18.392,1.03898,1.03913,1.00,1.50
2016.08.04 14:35:18.444,1.039,1.03914,1.00,1.00
2016.08.04 14:35:18.496,1.039,1.03915,3.99,1.00
2016.08.04 14:35:18.547,1.03902,1.03916,1.24,2.25
2016.08.04 14:35:18.598,1.03902,1.03916,3.99,1.00
2016.08.04 14:35:18.700,1.03902,1.03917,3.24,1.00
2016.08.04 14:35:18.751,1.03902,1.03918,3.99,2.25
2016.08.04 14:35:18.801,1.03902,1.03918,3.99,2.62
2016.08.04 14:35:18.903,1.03904,1.03918,1.33,1.00
2016.08.04 14:35:19.005,1.03904,1.0392,1.37,2.49
2016.08.04 14:35:19.188,1.03904,1.0392,1.12,2.25
2016.08.04 14:35:19.342,1.03905,1.0392,1.00,2.25
2016.08.04 14:35:19.980,1.03905,1.0392,1.00,2.49
2016.08.04 14:35:20.645,1.03905,1.0392,1.00,3.24
2016.08.04 14:35:21.700,1.03905,1.0392,1.00,2.49
2016.08.04 14:35:21.751,1.03904,1.0392,1.87,1.74
2016.08.04 14:35:21.933,1.03904,1.03919,1.87,1.33
2016.08.04 14:35:21.985,1.03904,1.03919,1.87,1.00
2016.08.04 14:35:22.087,1.03904,1.03919,1.87,1.33
2016.08.04 14:35:22.138,1.03904,1.0392,1.87,1.24
2016.08.04 14:35:22.445,1.03904,1.03917,1.87,1.00
2016.08.04 14:35:22.496,1.03904,1.03917,1.50,1.93
2016.08.04 14:35:22.548,1.03902,1.03914,1.12,1.33
2016.08.04 14:35:22.600,1.03899,1.03914,2.00,1.33
2016.08.04 14:35:22.651,1.03899,1.03914,1.62,1.33
2016.08.04 14:35:22.702,1.03899,1.03914,1.25,1.37
2016.08.04 14:35:22.753,1.03899,1.03915,1.25,3.62
2016.08.04 14:35:23.045,1.03898,1.03914,1.74,1.37
2016.08.04 14:35:23.096,1.03898,1.03914,2.62,1.74
2016.08.04 14:35:23.147,1.03899,1.03914,1.00,1.33
2016.08.04 14:35:23.986,1.03899,1.03914,1.00,1.24
2016.08.04 14:35:24.190,1.03899,1.03914,1.00,1.00
2016.08.04 14:35:24.312,1.03899,1.03914,1.00,1.00
2016.08.04 14:35:24.516,1.03898,1.03915,2.62,1.74
2016.08.04 14:35:24.567,1.03898,1.03915,2.62,2.49
2016.08.04 14:35:24.618,1.03898,1.03915,2.62,2.87
2016.08.04 14:35:24.928,1.03898,1.03913,2.62,1.12
2016.08.04 14:35:25.097,1.03898,1.03913,2.62,1.00
2016.08.04 14:35:25.251,1.03898,1.03913,2.62,1.33
2016.08.04 14:35:25.424,1.03898,1.03913,1.87,1.33
2016.08.04 14:35:25.526,1.03899,1.03913,1.00,1.33
2016.08.04 14:35:26.128,1.03898,1.03913,1.87,1.33
2016.08.04 14:35:26.786,1.03898,1.03913,1.00,1.33
2016.08.04 14:35:26.940,1.03898,1.03913,1.00,1.37
2016.08.04 14:35:26.991,1.03898,1.03913,1.00,2.12
2016.08.04 14:35:27.204,1.03898,1.03913,1.00,1.37
2016.08.04 14:35:27.255,1.03898,1.03913,1.50,1.37
2016.08.04 14:35:27.358,1.03898,1.03914,1.50,2.12
2016.08.04 14:35:27.410,1.03898,1.03914,1.50,1.37
2016.08.04 14:35:27.531,1.03898,1.03913,1.50,1.33
2016.08.04 14:35:27.810,1.03898,1.03913,1.00,1.24
2016.08.04 14:35:27.913,1.03898,1.03911,1.87,1.00
2016.08.04 14:35:27.965,1.03898,1.03911,1.00,1.00
2016.08.04 14:35:28.017,1.03899,1.03913,1.00,2.25
2016.08.04 14:35:28.069,1.03899,1.03913,1.50,1.00
2016.08.04 14:35:28.121,1.03901,1.03917,1.00,5.49
2016.08.04 14:35:28.172,1.03901,1.03916,1.00,1.24
2016.08.04 14:35:28.224,1.03901,1.03916,1.12,1.24
2016.08.04 14:35:28.377,1.03901,1.03916,1.50,1.24
2016.08.04 14:35:28.526,1.03903,1.03916,1.50,1.00
2016.08.04 14:35:28.579,1.03903,1.03917,1.50,1.00
2016.08.04 14:35:28.630,1.03903,1.03917,1.50,1.33
2016.08.04 14:35:28.784,1.03903,1.03917,1.87,1.33
2016.08.04 14:35:28.836,1.03903,1.03919,2.25,5.68
2016.08.04 14:35:28.887,1.03903,1.03918,2.25,1.24
2016.08.04 14:35:28.989,1.03903,1.03919,2.25,5.49
2016.08.04 14:35:29.040,1.03904,1.03919,1.37,4.74
2016.08.04 14:35:29.092,1.03904,1.03918,1.62,1.24
2016.08.04 14:35:29.143,1.03905,1.03918,1.50,1.24
2016.08.04 14:35:29.194,1.03905,1.03919,1.50,4.74
2016.08.04 14:35:29.245,1.03905,1.03919,2.25,3.24
2016.08.04 14:35:29.296,1.03908,1.03919,1.00,3.24
2016.08.04 14:35:29.349,1.03908,1.03921,1.50,1.33
2016.08.04 14:35:29.552,1.0391,1.03921,1.00,1.00
2016.08.04 14:35:29.604,1.0391,1.03924,1.00,5.12
2016.08.04 14:35:29.655,1.0391,1.03922,1.00,1.37
2016.08.04 14:35:29.706,1.0391,1.03922,1.00,1.33
2016.08.04 14:35:29.757,1.0391,1.03922,1.00,1.24
2016.08.04 14:35:29.859,1.0391,1.03923,1.00,3.99
2016.08.04 14:35:29.961,1.0391,1.03922,1.00,1.24
2016.08.04 14:35:30.063,1.0391,1.03923,1.00,3.24
2016.08.04 14:35:30.166,1.0391,1.03924,1.00,1.33
2016.08.04 14:35:30.418,1.0391,1.03924,1.00,1.00
2016.08.04 14:35:30.520,1.0391,1.03924,1.00,1.24
2016.08.04 14:35:30.623,1.0391,1.03924,1.00,1.33
2016.08.04 14:35:30.722,1.0391,1.03924,1.00,1.24
2016.08.04 14:35:30.896,1.03909,1.03924,1.87,1.24
2016.08.04 14:35:30.947,1.03909,1.03924,1.12,1.62
2016.08.04 14:35:31.049,1.03909,1.03924,1.12,1.74
2016.08.04 14:35:31.151,1.03907,1.03922,1.62,1.74
2016.08.04 14:35:31.202,1.03907,1.03918,1.12,1.00
2016.08.04 14:35:31.253,1.03904,1.03919,4.69,1.50
2016.08.04 14:35:31.304,1.03904,1.03919,2.44,1.50
2016.08.04 14:35:31.355,1.03904,1.03919,1.69,2.25
2016.08.04 14:35:31.457,1.03904,1.03919,1.25,2.25
2016.08.04 14:35:31.871,1.03904,1.03919,1.25,3.00
2016.08.04 14:35:31.983,1.03903,1.03918,2.06,1.00
2016.08.04 14:35:32.034,1.03903,1.03917,1.31,1.00
2016.08.04 14:35:32.136,1.03902,1.03917,2.44,1.00
2016.08.04 14:35:32.543,1.03903,1.03917,1.31,1.00
2016.08.04 14:35:32.594,1.03903,1.03919,2.06,3.37
2016.08.04 14:35:32.645,1.03903,1.03919,2.06,2.62
2016.08.04 14:35:32.935,1.03903,1.03919,2.06,3.00
2016.08.04 14:35:33.036,1.03903,1.03919,2.06,3.24
2016.08.04 14:35:33.088,1.03903,1.03919,2.06,2.49
2016.08.04 14:35:33.143,1.03903,1.03919,1.31,3.24
2016.08.04 14:35:33.194,1.03903,1.03919,1.12,3.24
2016.08.04 14:35:33.346,1.03903,1.03917,1.12,1.37
2016.08.04 14:35:33.708,1.03903,1.03919,2.62,2.49
2016.08.04 14:35:33.759,1.03904,1.0392,1.00,1.62
2016.08.04 14:35:33.963,1.03904,1.0392,1.50,1.37
2016.08.04 14:35:34.021,1.03904,1.0392,2.25,1.37
2016.08.04 14:35:34.123,1.03904,1.0392,2.25,1.33
2016.08.04 14:35:34.174,1.03904,1.0392,3.00,1.33
2016.08.04 14:35:34.226,1.03904,1.03921,2.25,1.37
2016.08.04 14:35:34.278,1.03904,1.03921,1.50,1.37
2016.08.04 14:35:34.330,1.03907,1.03922,1.00,3.24
2016.08.04 14:35:34.381,1.03906,1.03919,1.25,1.00
2016.08.04 14:35:34.432,1.03905,1.03918,2.06,2.25
2016.08.04 14:35:34.483,1.03903,1.03918,2.25,2.25
2016.08.04 14:35:34.616,1.03902,1.03918,1.87,2.62
2016.08.04 14:35:34.676,1.03902,1.03918,1.12,2.87
2016.08.04 14:35:34.727,1.03902,1.03918,1.12,3.24
2016.08.04 14:35:34.830,1.03902,1.03916,1.12,1.00
2016.08.04 14:35:35.283,1.03902,1.03915,1.12,1.00
2016.08.04 14:35:35.597,1.03902,1.03916,1.12,1.00
2016.08.04 14:35:35.754,1.03905,1.03919,1.00,1.50
2016.08.04 14:35:35.858,1.03905,1.0392,1.50,1.00
2016.08.04 14:35:35.910,1.03905,1.0392,1.50,1.00
2016.08.04 14:35:36.012,1.03905,1.0392,1.50,1.00
2016.08.04 14:35:36.063,1.03905,1.03919,1.00,1.00
2016.08.04 14:35:36.114,1.03905,1.03917,1.00,1.00
2016.08.04 14:35:36.165,1.03904,1.03917,1.00,2.25
2016.08.04 14:35:36.268,1.03903,1.03917,1.37,1.50
2016.08.04 14:35:36.319,1.03903,1.03917,1.00,1.50
2016.08.04 14:35:36.982,1.03904,1.03917,1.00,1.00
2016.08.04 14:35:37.085,1.03905,1.03917,1.87,1.00
2016.08.04 14:35:37.136,1.03905,1.03917,2.25,1.00
2016.08.04 14:35:37.238,1.03905,1.03921,2.25,1.24
2016.08.04 14:35:37.691,1.03905,1.03922,2.25,3.24
2016.08.04 14:35:38.201,1.03905,1.03922,2.25,2.49
2016.08.04 14:35:38.680,1.03906,1.03922,1.12,2.49
2016.08.04 14:35:38.731,1.03906,1.03922,1.12,1.74
2016.08.04 14:35:38.782,1.03907,1.03922,1.00,1.74
2016.08.04 14:35:38.841,1.03907,1.03922,1.00,2.12
2016.08.04 14:35:38.893,1.03907,1.03923,1.50,2.49
2016.08.04 14:35:38.944,1.03908,1.03923,1.00,1.74
2016.08.04 14:35:39.144,1.03908,1.03923,1.12,3.24
2016.08.04 14:35:39.196,1.03908,1.03922,1.12,1.24
2016.08.04 14:35:39.299,1.03908,1.03923,1.12,1.24
2016.08.04 14:35:39.401,1.03908,1.03923,1.12,1.24
2016.08.04 14:35:39.453,1.03908,1.03923,1.12,3.99
2016.08.04 14:35:39.504,1.03908,1.03922,1.12,1.24
2016.08.04 14:35:39.555,1.03907,1.03922,1.50,1.24
2016.08.04 14:35:39.657,1.03907,1.03922,1.37,1.37
2016.08.04 14:35:39.708,1.03906,1.03918,1.37,1.00
2016.08.04 14:35:39.759,1.03903,1.03918,1.87,1.50
2016.08.04 14:35:39.810,1.03902,1.03916,1.95,1.00
2016.08.04 14:35:39.862,1.039,1.03916,6.26,1.00
2016.08.04 14:35:40.353,1.039,1.03916,6.26,1.12
2016.08.04 14:35:40.404,1.039,1.03916,5.89,1.12
2016.08.04 14:35:40.455,1.039,1.03916,5.51,1.50
2016.08.04 14:35:40.611,1.039,1.03916,4.76,1.50
2016.08.04 14:35:40.662,1.039,1.03916,4.76,1.87
2016.08.04 14:35:43.260,1.039,1.03916,4.76,1.50
2016.08.04 14:35:43.312,1.039,1.03916,3.82,1.50
2016.08.04 14:35:43.639,1.039,1.03916,3.82,1.87
2016.08.04 14:35:43.948,1.03899,1.03915,2.06,1.37
2016.08.04 14:35:43.999,1.03899,1.03914,2.06,1.12
2016.08.04 14:35:44.050,1.03899,1.03914,2.81,1.50
2016.08.04 14:35:44.152,1.03899,1.03914,2.81,2.25
2016.08.04 14:35:44.254,1.03899,1.03913,2.81,1.00
2016.08.04 14:35:44.642,1.03899,1.03913,2.06,1.00
2016.08.04 14:35:45.149,1.03899,1.03914,2.06,3.00
2016.08.04 14:35:45.200,1.03899,1.03914,2.06,2.25
2016.08.04 14:35:45.251,1.03899,1.03914,2.06,1.87
2016.08.04 14:35:45.716,1.03899,1.03914,1.87,1.87
2016.08.04 14:35:45.767,1.03899,1.03914,1.20,1.87
2016.08.04 14:35:45.968,1.03899,1.03914,1.20,3.00
2016.08.04 14:35:46.279,1.03899,1.03913,1.20,1.00
2016.08.04 14:35:46.331,1.03897,1.03913,2.07,1.50
2016.08.04 14:35:46.576,1.03897,1.03913,2.07,1.00
2016.08.04 14:35:46.767,1.03897,1.03913,2.51,1.00
2016.08.04 14:35:47.172,1.03897,1.03914,2.51,3.75
2016.08.04 14:35:47.276,1.03897,1.03914,2.51,3.75
2016.08.04 14:35:47.568,1.03897,1.03913,2.51,2.25
2016.08.04 14:35:47.720,1.03897,1.03913,2.51,1.50
2016.08.04 14:35:48.273,1.03897,1.03913,2.07,1.50
2016.08.04 14:35:48.375,1.03897,1.03911,2.07,1.00
2016.08.04 14:35:48.477,1.03896,1.03913,5.70,1.37
2016.08.04 14:35:48.639,1.03896,1.03913,6.45,1.87
2016.08.04 14:35:49.576,1.03897,1.03913,1.07,2.62
2016.08.04 14:35:49.627,1.03897,1.03911,1.07,1.37
2016.08.04 14:35:49.765,1.03897,1.03909,1.00,1.12
2016.08.04 14:35:49.816,1.03893,1.03908,3.00,1.12
2016.08.04 14:35:49.870,1.03894,1.03905,1.75,1.00
2016.08.04 14:35:50.023,1.03894,1.03905,1.75,1.00
2016.08.04 14:35:50.074,1.03896,1.03909,1.12,2.62
2016.08.04 14:35:50.125,1.03896,1.03909,1.12,1.50
2016.08.04 14:35:50.278,1.03896,1.03908,1.12,1.00
2016.08.04 14:35:50.694,1.03896,1.03909,1.12,1.50
2016.08.04 14:35:51.279,1.03896,1.03907,1.12,1.50
2016.08.04 14:35:51.395,1.03896,1.03907,1.12,1.87
2016.08.04 14:35:51.498,1.03893,1.03907,1.00,1.00
2016.08.04 14:35:51.549,1.03893,1.03906,1.00,1.00
2016.08.04 14:35:51.600,1.03896,1.03906,1.00,1.00
2016.08.04 14:35:51.651,1.03896,1.03907,1.00,1.50
2016.08.04 14:35:51.702,1.03895,1.03907,1.00,1.00
2016.08.04 14:35:51.754,1.03896,1.03908,1.00,1.50
2016.08.04 14:35:51.805,1.03896,1.03908,1.00,1.00
2016.08.04 14:35:51.992,1.03896,1.03908,1.00,1.50
2016.08.04 14:35:52.073,1.03896,1.03908,1.00,1.00
2016.08.04 14:35:52.277,1.03896,1.0391,1.50,1.00
2016.08.04 14:35:52.328,1.03896,1.0391,1.69,1.00
2016.08.04 14:35:52.431,1.03896,1.0391,2.06,1.00
2016.08.04 14:35:52.533,1.03896,1.0391,3.19,1.00
2016.08.04 14:35:52.584,1.03897,1.03913,1.20,1.87
2016.08.04 14:35:52.737,1.03897,1.03913,1.39,1.87
2016.08.04 14:35:53.029,1.03897,1.03913,1.29,1.87
2016.08.04 14:35:53.546,1.03897,1.03913,1.76,1.37
2016.08.04 14:35:53.859,1.039,1.03913,1.00,1.37
2016.08.04 14:35:53.967,1.039,1.03913,1.00,1.87
2016.08.04 14:35:54.069,1.039,1.03913,1.00,1.37
2016.08.04 14:35:56.053,1.039,1.03913,1.00,1.87
2016.08.04 14:35:56.306,1.03899,1.03913,1.25,1.37
2016.08.04 14:35:56.357,1.03899,1.03913,1.69,1.37
2016.08.04 14:35:56.408,1.03901,1.03913,1.00,1.00
2016.08.04 14:35:56.459,1.03901,1.03914,1.00,1.00
2016.08.04 14:35:56.510,1.03903,1.03914,1.00,1.50
2016.08.04 14:35:56.612,1.039,1.03912,1.00,1.00
2016.08.04 14:35:56.663,1.039,1.03914,1.00,1.00
2016.08.04 14:35:56.715,1.039,1.03913,1.00,1.00
2016.08.04 14:35:56.766,1.03898,1.03911,1.12,1.00
2016.08.04 14:35:57.083,1.03899,1.03911,1.00,1.00
2016.08.04 14:35:57.748,1.03899,1.03912,1.00,1.50
2016.08.04 14:35:58.103,1.03899,1.03911,1.00,1.00
2016.08.04 14:35:58.155,1.03896,1.03911,2.44,2.25
2016.08.04 14:35:58.308,1.03896,1.0391,2.44,1.00
2016.08.04 14:35:58.360,1.03896,1.0391,3.19,1.00
2016.08.04 14:35:58.411,1.03896,1.0391,2.81,1.00
2016.08.04 14:35:58.833,1.03896,1.0391,2.06,1.50
2016.08.04 14:35:58.937,1.03896,1.03909,2.06,1.00
2016.08.04 14:35:58.989,1.03895,1.03908,1.00,1.00
2016.08.04 14:35:59.040,1.03894,1.03908,2.44,2.25
2016.08.04 14:35:59.092,1.03894,1.03905,1.69,1.00
2016.08.04 14:35:59.144,1.03892,1.03905,1.75,1.69
2016.08.04 14:35:59.195,1.0389,1.03903,2.62,1.50
2016.08.04 14:35:59.246,1.0389,1.03903,1.37,2.44
2016.08.04 14:35:59.298,1.0389,1.039,1.00,1.00
2016.08.04 14:35:59.349,1.0389,1.039,1.00,1.50
2016.08.04 14:35:59.400,1.03886,1.039,1.12,1.50
2016.08.04 14:35:59.646,1.03885,1.039,2.81,1.50
2016.08.04 14:35:59.802,1.03885,1.039,3.56,1.50
2016.08.04 14:36:00.006,1.03885,1.039,3.37,1.50
2016.08.04 14:36:00.109,1.03885,1.039,3.56,1.50
2016.08.04 14:36:00.160,1.03886,1.039,1.25,1.50
2016.08.04 14:36:00.212,1.03886,1.039,1.69,1.00
2016.08.04 14:36:00.263,1.03886,1.039,1.50,1.00
2016.08.04 14:36:00.365,1.03886,1.039,1.50,1.50
2016.08.04 14:36:00.416,1.03886,1.039,2.62,1.50
2016.08.04 14:36:00.568,1.03886,1.039,2.06,1.50
2016.08.04 14:36:00.619,1.03886,1.039,1.31,2.25
2016.08.04 14:36:01.395,1.03886,1.039,1.31,1.50
2016.08.04 14:36:01.554,1.03886,1.039,1.31,1.00
2016.08.04 14:36:01.754,1.03886,1.039,1.12,1.00
2016.08.04 14:36:01.910,1.03886,1.039,1.31,1.00
2016.08.04 14:36:02.557,1.03886,1.039,1.31,1.50
2016.08.04 14:36:02.879,1.03886,1.039,1.31,1.00
2016.08.04 14:36:02.981,1.03886,1.039,1.31,1.50
2016.08.04 14:36:03.280,1.03886,1.039,1.31,1.00
2016.08.04 14:36:03.485,1.03886,1.039,1.31,1.50
2016.08.04 14:36:03.860,1.03886,1.039,1.12,1.50
2016.08.04 14:36:03.941,1.03886,1.039,1.12,1.00
2016.08.04 14:36:07.193,1.03886,1.039,1.12,1.50
2016.08.04 14:36:08.575,1.03886,1.039,1.12,1.50
2016.08.04 14:36:09.467,1.03887,1.039,1.00,1.50
2016.08.04 14:36:09.599,1.03889,1.03901,1.25,1.00
2016.08.04 14:36:09.650,1.0389,1.03901,1.50,1.00
2016.08.04 14:36:09.702,1.03891,1.03904,1.50,1.50
2016.08.04 14:36:09.804,1.03895,1.03908,1.00,1.69
2016.08.04 14:36:09.855,1.03895,1.03909,1.50,1.69
2016.08.04 14:36:09.906,1.03896,1.0391,1.00,1.87
2016.08.04 14:36:10.037,1.03896,1.0391,1.00,1.50
2016.08.04 14:36:10.088,1.03896,1.0391,1.00,1.00
2016.08.04 14:36:10.593,1.03896,1.0391,1.00,1.00
2016.08.04 14:36:10.644,1.03896,1.0391,1.50,1.00
2016.08.04 14:36:10.746,1.03896,1.03911,1.50,1.12
2016.08.04 14:36:10.848,1.03896,1.03912,2.25,1.62
2016.08.04 14:36:10.899,1.03897,1.03912,1.12,1.25
2016.08.04 14:36:11.014,1.03901,1.03913,1.50,1.12
2016.08.04 14:36:11.066,1.03901,1.03916,1.50,2.81
2016.08.04 14:36:11.118,1.03905,1.03917,1.00,2.25
2016.08.04 14:36:11.170,1.03905,1.03917,1.00,1.50
2016.08.04 14:36:11.324,1.03905,1.03917,1.00,1.69
2016.08.04 14:36:11.478,1.03904,1.03917,1.00,1.50
2016.08.04 14:36:11.529,1.03903,1.03917,1.00,1.50
2016.08.04 14:36:12.212,1.03905,1.03917,1.00,1.50
2016.08.04 14:36:12.315,1.03905,1.03918,1.00,1.62
2016.08.04 14:36:13.107,1.03905,1.03916,1.00,1.00
2016.08.04 14:36:13.166,1.03903,1.03915,1.00,1.00
2016.08.04 14:36:13.217,1.03902,1.03915,1.50,1.19
2016.08.04 14:36:13.320,1.03902,1.03915,1.50,1.00
2016.08.04 14:36:13.422,1.03902,1.03915,1.50,1.19
2016.08.04 14:36:13.524,1.03902,1.03915,1.00,1.19
2016.08.04 14:36:13.824,1.03902,1.03916,1.00,1.69
2016.08.04 14:36:14.307,1.03902,1.03915,1.00,1.19
2016.08.04 14:36:14.409,1.03902,1.03915,1.00,1.00
2016.08.04 14:36:14.514,1.03902,1.03915,1.00,1.19
2016.08.04 14:36:14.615,1.03902,1.03916,1.00,1.69
2016.08.04 14:36:14.666,1.03902,1.03916,1.00,1.50
2016.08.04 14:36:14.965,1.03902,1.03916,1.00,1.69
2016.08.04 14:36:15.384,1.03902,1.03914,1.00,1.19
2016.08.04 14:36:15.436,1.03902,1.03914,1.00,1.69
2016.08.04 14:36:15.990,1.03902,1.03914,1.00,1.50
2016.08.04 14:36:16.202,1.03902,1.03914,1.00,1.69
2016.08.04 14:36:16.616,1.03901,1.03914,1.00,1.50
2016.08.04 14:36:17.167,1.03902,1.03914,1.00,1.50
2016.08.04 14:36:17.320,1.03901,1.03914,1.00,1.00
2016.08.04 14:36:18.693,1.03901,1.03914,1.00,1.25
2016.08.04 14:36:19.415,1.03901,1.03915,1.00,1.19
2016.08.04 14:36:19.946,1.03902,1.03915,1.00,1.19
2016.08.04 14:36:19.997,1.03904,1.03918,1.00,3.56
2016.08.04 14:36:20.048,1.03906,1.03918,1.00,2.06
2016.08.04 14:36:20.100,1.03906,1.0392,1.50,4.31
2016.08.04 14:36:20.151,1.03906,1.03917,1.00,1.19
2016.08.04 14:36:20.202,1.03903,1.03916,1.12,1.19
2016.08.04 14:36:20.253,1.03902,1.03916,1.37,1.19
2016.08.04 14:36:20.304,1.03902,1.03917,1.87,1.69
2016.08.04 14:36:20.355,1.03903,1.03917,1.12,1.69
2016.08.04 14:36:20.818,1.03903,1.03917,1.87,1.00
2016.08.04 14:36:20.920,1.03903,1.03919,1.87,1.19
2016.08.04 14:36:20.971,1.03905,1.03919,1.00,1.19
2016.08.04 14:36:21.022,1.03905,1.03919,1.00,2.44
2016.08.04 14:36:21.073,1.03904,1.03919,1.12,1.69
2016.08.04 14:36:21.125,1.03904,1.03919,1.12,1.19
2016.08.04 14:36:21.176,1.03904,1.03919,1.87,1.19
2016.08.04 14:36:21.228,1.03904,1.03919,1.87,1.00
2016.08.04 14:36:21.278,1.03904,1.03919,1.87,1.00
2016.08.04 14:36:21.774,1.03904,1.03918,1.87,1.19
2016.08.04 14:36:22.299,1.03904,1.03919,1.87,1.19
2016.08.04 14:36:22.350,1.03904,1.03919,1.87,1.69
2016.08.04 14:36:22.564,1.03904,1.03919,1.12,1.69
2016.08.04 14:36:22.666,1.03905,1.03919,1.00,1.69
2016.08.04 14:36:23.249,1.03905,1.03919,1.00,1.19
2016.08.04 14:36:23.301,1.03905,1.0392,1.00,1.56
2016.08.04 14:36:23.859,1.03904,1.0392,1.12,1.56
2016.08.04 14:36:24.655,1.03904,1.03919,1.12,1.19
2016.08.04 14:36:24.706,1.03904,1.03919,1.12,1.56
2016.08.04 14:36:24.757,1.03904,1.03919,1.00,1.56
2016.08.04 14:36:24.808,1.03904,1.03919,1.00,2.31
2016.08.04 14:36:24.910,1.03904,1.03919,1.00,5.31
2016.08.04 14:36:25.476,1.03904,1.03918,1.00,1.43
2016.08.04 14:36:25.579,1.03903,1.03918,2.25,1.43
2016.08.04 14:36:25.630,1.03903,1.03918,2.25,1.24
2016.08.04 14:36:27.133,1.03903,1.03918,1.50,1.24
2016.08.04 14:36:29.781,1.03903,1.03918,2.25,1.24
2016.08.04 14:36:30.722,1.03903,1.03919,2.25,6.24
2016.08.04 14:36:31.233,1.03903,1.03919,2.25,6.43
2016.08.04 14:36:31.335,1.03903,1.03919,2.25,7.18
2016.08.04 14:36:31.457,1.03903,1.03916,1.12,1.08
2016.08.04 14:36:31.875,1.03903,1.03916,1.12,1.18
2016.08.04 14:36:32.029,1.03903,1.03916,1.12,1.08
2016.08.04 14:36:32.080,1.03903,1.03917,1.12,1.56
2016.08.04 14:36:32.274,1.03903,1.03917,1.12,1.37
2016.08.04 14:36:33.228,1.03903,1.03917,1.12,1.37
2016.08.04 14:36:33.280,1.03904,1.03918,1.00,1.74
2016.08.04 14:36:33.331,1.03904,1.03918,1.00,1.37
2016.08.04 14:36:33.382,1.03903,1.03919,1.31,1.24
2016.08.04 14:36:33.653,1.03903,1.03919,1.12,1.43
2016.08.04 14:36:34.079,1.03903,1.03919,1.12,1.93
2016.08.04 14:36:34.409,1.03903,1.03919,1.12,1.43
2016.08.04 14:36:34.562,1.03903,1.03919,1.12,1.24
2016.08.04 14:36:35.064,1.03903,1.03919,1.12,1.37
2016.08.04 14:36:35.674,1.03903,1.03919,1.12,1.93
2016.08.04 14:36:35.725,1.03903,1.03919,1.12,2.68
2016.08.04 14:36:36.327,1.03903,1.03918,1.12,1.43
2016.08.04 14:36:36.550,1.03903,1.03918,1.12,1.24
2016.08.04 14:36:36.753,1.03903,1.03919,1.12,1.74
2016.08.04 14:36:37.317,1.03903,1.03919,1.12,1.24
2016.08.04 14:36:37.691,1.03904,1.03919,1.00,1.24
2016.08.04 14:36:37.742,1.03904,1.03919,1.00,1.62
2016.08.04 14:36:37.844,1.03904,1.03919,1.00,1.24
2016.08.04 14:36:38.049,1.03905,1.0392,1.00,4.37
2016.08.04 14:36:38.201,1.03905,1.0392,1.00,4.56
2016.08.04 14:36:38.465,1.03905,1.0392,1.25,4.37
2016.08.04 14:36:38.517,1.03905,1.0392,1.00,4.56
2016.08.04 14:36:38.936,1.03906,1.0392,1.00,4.37
2016.08.04 14:36:39.089,1.03905,1.0392,1.69,4.37
2016.08.04 14:36:39.191,1.03905,1.0392,1.50,4.56
2016.08.04 14:36:39.347,1.03905,1.0392,1.00,4.56
2016.08.04 14:36:39.501,1.03904,1.0392,1.69,4.37
2016.08.04 14:36:40.217,1.03904,1.0392,2.44,4.37
2016.08.04 14:36:40.268,1.03905,1.0392,1.00,3.62
2016.08.04 14:36:40.319,1.03906,1.0392,1.00,3.62
2016.08.04 14:36:40.421,1.03906,1.0392,2.25,3.62
2016.08.04 14:36:40.473,1.03906,1.0392,3.75,3.24
2016.08.04 14:36:40.524,1.03909,1.0392,1.00,3.24
2016.08.04 14:36:44.183,1.0391,1.0392,1.00,3.24
2016.08.04 14:36:45.021,1.03908,1.0392,1.00,3.24
2016.08.04 14:36:45.072,1.03908,1.0392,1.00,3.24
2016.08.04 14:36:45.359,1.03909,1.0392,1.00,3.24
2016.08.04 14:36:46.057,1.03908,1.0392,1.00,3.24
2016.08.04 14:36:46.565,1.03907,1.0392,1.00,3.24
2016.08.04 14:36:47.563,1.03907,1.0392,1.00,3.24
2016.08.04 14:36:47.614,1.03905,1.0392,3.00,3.24
2016.08.04 14:36:47.870,1.03905,1.0392,2.25,3.24
2016.08.04 14:36:47.973,1.03905,1.03917,1.50,1.24
2016.08.04 14:36:48.024,1.03905,1.03919,1.50,1.74
2016.08.04 14:36:48.075,1.03905,1.03919,1.50,2.49
2016.08.04 14:36:48.126,1.03904,1.03918,1.50,2.12
2016.08.04 14:36:48.341,1.03904,1.03918,1.50,1.37
2016.08.04 14:36:48.494,1.03908,1.0392,1.00,4.24
2016.08.04 14:36:48.546,1.03908,1.0392,1.00,3.99
2016.08.04 14:36:48.598,1.03908,1.0392,1.00,3.62
2016.08.04 14:36:48.649,1.03908,1.0392,1.00,3.24
2016.08.04 14:36:50.854,1.03904,1.0392,2.06,3.99
2016.08.04 14:36:50.956,1.03904,1.03918,1.31,1.24
2016.08.04 14:36:51.006,1.03903,1.03918,2.44,1.24
2016.08.04 14:36:51.057,1.03903,1.03918,2.06,1.74
2016.08.04 14:36:51.109,1.03903,1.03918,1.69,1.74
2016.08.04 14:36:51.324,1.03903,1.03918,1.69,2.49
2016.08.04 14:36:51.376,1.03903,1.03917,1.69,1.24
2016.08.04 14:36:52.705,1.03903,1.03917,1.69,1.74
2016.08.04 14:36:53.093,1.03903,1.03916,1.19,1.33
2016.08.04 14:36:53.196,1.03903,1.03917,1.19,1.74
2016.08.04 14:36:53.248,1.03903,1.03917,1.19,1.24
2016.08.04 14:36:53.299,1.03903,1.03917,1.19,1.74
2016.08.04 14:36:53.350,1.03903,1.03916,1.19,1.33
2016.08.04 14:36:53.402,1.03902,1.03916,2.44,1.33
2016.08.04 14:36:53.453,1.03902,1.03918,3.94,1.24
2016.08.04 14:36:53.609,1.03905,1.0392,1.19,4.37
2016.08.04 14:36:53.865,1.03906,1.0392,1.25,4.37
2016.08.04 14:36:54.121,1.03906,1.0392,1.00,4.37
2016.08.04 14:36:54.172,1.03905,1.0392,1.00,4.37
2016.08.04 14:36:54.562,1.03905,1.03919,1.00,1.37
2016.08.04 14:36:54.614,1.03905,1.03919,1.00,2.12
2016.08.04 14:36:55.082,1.03905,1.03919,1.00,1.37
2016.08.04 14:36:55.839,1.03905,1.03919,1.00,2.12
2016.08.04 14:36:55.941,1.03906,1.0392,1.00,3.99
2016.08.04 14:36:56.043,1.03905,1.03919,1.00,1.24
2016.08.04 14:36:56.095,1.03905,1.03919,1.25,1.24
2016.08.04 14:36:56.146,1.03904,1.0392,1.31,3.99
2016.08.04 14:36:56.249,1.03903,1.03918,3.75,1.24
2016.08.04 14:36:56.354,1.03903,1.03918,3.00,1.24
2016.08.04 14:36:56.406,1.03903,1.03918,2.25,1.24
2016.08.04 14:36:56.459,1.03903,1.03918,2.25,1.43
2016.08.04 14:36:56.672,1.03904,1.03918,1.12,2.68
2016.08.04 14:36:56.723,1.03904,1.03916,1.12,1.33
2016.08.04 14:36:56.774,1.03901,1.03916,3.37,1.18
2016.08.04 14:36:56.876,1.03901,1.03916,3.00,1.25
2016.08.04 14:36:56.927,1.03901,1.03916,2.25,1.25
2016.08.04 14:36:57.087,1.03902,1.03917,1.25,1.12
2016.08.04 14:36:57.139,1.03904,1.03918,1.00,1.12
2016.08.04 14:36:57.191,1.03904,1.0392,1.00,1.12
2016.08.04 14:36:57.242,1.03904,1.0392,1.00,1.87
2016.08.04 14:36:57.479,1.03904,1.0392,1.00,1.12
2016.08.04 14:36:57.633,1.03904,1.0392,1.50,1.87
2016.08.04 14:36:57.684,1.03904,1.0392,1.50,2.62
2016.08.04 14:36:57.735,1.03904,1.03919,1.50,1.12
2016.08.04 14:36:57.786,1.03904,1.03916,1.00,1.00
2016.08.04 14:36:57.838,1.03903,1.03916,1.31,1.12
2016.08.04 14:36:57.889,1.03903,1.03916,1.12,1.12
2016.08.04 14:36:57.993,1.03902,1.03916,1.69,1.12
2016.08.04 14:36:58.044,1.03903,1.03916,1.19,1.00
2016.08.04 14:36:58.226,1.03902,1.03916,1.50,1.50
2016.08.04 14:36:58.379,1.03902,1.03916,1.50,1.50
2016.08.04 14:36:58.959,1.03903,1.03916,1.19,1.00
2016.08.04 14:36:59.010,1.03902,1.03916,2.44,1.00
2016.08.04 14:36:59.203,1.03903,1.03918,1.31,1.00
2016.08.04 14:36:59.254,1.03903,1.03918,1.69,1.50
2016.08.04 14:36:59.356,1.03903,1.03918,1.69,1.00
2016.08.04 14:36:59.411,1.03903,1.03918,1.69,1.50
2016.08.04 14:36:59.923,1.03903,1.03918,2.44,1.00
2016.08.04 14:37:00.412,1.03903,1.03918,2.44,1.50
2016.08.04 14:37:00.571,1.03903,1.03918,2.44,1.00
2016.08.04 14:37:00.672,1.03903,1.03918,2.44,1.50
2016.08.04 14:37:00.771,1.03903,1.03918,2.44,1.00
2016.08.04 14:37:01.118,1.03905,1.03918,1.31,1.00
2016.08.04 14:37:01.351,1.03904,1.03918,3.94,1.00
2016.08.04 14:37:01.862,1.03904,1.03918,3.56,1.00
2016.08.04 14:37:01.913,1.03904,1.03918,3.56,1.50
2016.08.04 14:37:02.467,1.03904,1.03918,3.19,1.50
2016.08.04 14:37:02.519,1.03904,1.03918,1.56,1.50
2016.08.04 14:37:02.826,1.03904,1.03918,1.56,2.25
2016.08.04 14:37:02.877,1.03904,1.03918,1.56,1.50
2016.08.04 14:37:02.928,1.03903,1.03918,4.31,1.50
2016.08.04 14:37:03.081,1.03903,1.03918,5.06,1.50
2016.08.04 14:37:03.183,1.03903,1.03916,2.44,1.00
2016.08.04 14:37:03.234,1.03903,1.03916,1.69,1.00
2016.08.04 14:37:03.284,1.03904,1.03916,1.37,1.50
2016.08.04 14:37:03.387,1.03902,1.03916,1.94,1.50
2016.08.04 14:37:03.438,1.03902,1.03916,1.56,2.25
2016.08.04 14:37:03.640,1.03902,1.03916,1.19,2.25
2016.08.04 14:37:03.692,1.03902,1.03915,1.19,1.00
2016.08.04 14:37:04.471,1.03902,1.03915,1.19,1.50
2016.08.04 14:37:04.756,1.03901,1.03915,1.31,2.25
2016.08.04 14:37:05.622,1.03901,1.03915,1.31,2.25
2016.08.04 14:37:05.870,1.03901,1.03915,1.12,3.37
2016.08.04 14:37:05.921,1.03899,1.03914,2.62,1.87
2016.08.04 14:37:05.972,1.03899,1.03914,2.62,1.50
2016.08.04 14:37:06.024,1.039,1.03914,1.37,1.50
2016.08.04 14:37:06.075,1.039,1.03913,2.25,1.00
2016.08.04 14:37:07.073,1.039,1.03913,3.00,1.00
2016.08.04 14:37:07.350,1.039,1.03914,3.00,1.87
2016.08.04 14:37:07.660,1.039,1.03914,2.25,1.12
2016.08.04 14:37:07.967,1.039,1.03914,2.25,1.00
2016.08.04 14:37:08.479,1.039,1.03914,2.25,1.50
2016.08.04 14:37:08.582,1.039,1.03913,1.37,1.00
2016.08.04 14:37:08.633,1.03899,1.03913,2.62,1.50
2016.08.04 14:37:08.684,1.03899,1.03913,2.62,2.25
2016.08.04 14:37:08.735,1.039,1.03913,1.37,2.25
2016.08.04 14:37:08.972,1.039,1.03908,1.37,1.50
2016.08.04 14:37:09.023,1.03899,1.03908,1.87,1.00
2016.08.04 14:37:09.075,1.03897,1.03907,1.75,1.00
2016.08.04 14:37:09.127,1.03896,1.03906,1.87,1.00
2016.08.04 14:37:09.178,1.03893,1.03906,4.12,1.00
2016.08.04 14:37:09.229,1.03899,1.03903,1.00,1.00
2016.08.04 14:37:09.281,1.03895,1.03904,1.00,1.00
2016.08.04 14:37:09.392,1.03893,1.03904,1.50,1.00
2016.08.04 14:37:09.444,1.03891,1.03906,1.75,2.06
2016.08.04 14:37:09.496,1.0389,1.03905,1.75,2.44
2016.08.04 14:37:09.547,1.0389,1.03905,1.75,2.25
2016.08.04 14:37:09.598,1.0389,1.03905,1.75,1.50
2016.08.04 14:37:09.701,1.03889,1.03906,3.37,2.62
2016.08.04 14:37:09.804,1.0389,1.03906,1.75,1.50
2016.08.04 14:37:09.855,1.0389,1.03906,1.94,1.50
2016.08.04 14:37:09.906,1.0389,1.03906,2.06,1.50
2016.08.04 14:37:10.008,1.0389,1.03906,3.19,1.50
2016.08.04 14:37:10.124,1.03894,1.03906,1.00,1.00
2016.08.04 14:37:10.175,1.03894,1.03908,1.94,1.12
2016.08.04 14:37:10.326,1.03895,1.03909,1.62,1.37
2016.08.04 14:37:10.378,1.03899,1.03912,1.00,1.00
2016.08.04 14:37:10.483,1.03899,1.03913,1.00,2.62
2016.08.04 14:37:10.706,1.03899,1.03913,1.87,1.50
2016.08.04 14:37:10.757,1.03901,1.03913,1.00,1.00
2016.08.04 14:37:10.961,1.03899,1.03915,2.81,1.50
2016.08.04 14:37:11.087,1.03899,1.03915,3.19,1.50
2016.08.04 14:37:11.138,1.039,1.03914,1.31,1.00
2016.08.04 14:37:11.737,1.03899,1.03914,2.81,1.00
2016.08.04 14:37:11.838,1.03899,1.03912,2.06,1.00
2016.08.04 14:37:11.940,1.03899,1.03912,1.87,1.00
2016.08.04 14:37:11.991,1.03899,1.03912,1.00,1.00
2016.08.04 14:37:12.042,1.03899,1.03913,1.00,1.00
2016.08.04 14:37:12.195,1.03899,1.03913,1.87,3.00
2016.08.04 14:37:12.246,1.03899,1.0391,1.87,1.00
2016.08.04 14:37:12.297,1.03899,1.0391,1.00,1.00
2016.08.04 14:37:12.350,1.03897,1.0391,1.69,1.00
2016.08.04 14:37:12.404,1.03896,1.0391,1.37,1.12
2016.08.04 14:37:12.548,1.03895,1.03911,2.06,2.25
2016.08.04 14:37:12.599,1.03895,1.0391,2.06,1.12
2016.08.04 14:37:12.650,1.03895,1.0391,2.06,1.87
2016.08.04 14:37:12.701,1.03894,1.0391,4.31,1.00
2016.08.04 14:37:12.752,1.03894,1.03911,4.31,2.62
2016.08.04 14:37:12.905,1.03894,1.03911,4.31,1.87
2016.08.04 14:37:13.377,1.03895,1.03911,2.06,1.87
2016.08.04 14:37:13.601,1.03896,1.03911,1.37,1.87
2016.08.04 14:37:13.652,1.03895,1.03911,2.06,1.87
2016.08.04 14:37:14.768,1.03895,1.03909,2.81,1.00
2016.08.04 14:37:15.186,1.03895,1.03911,2.81,1.87
2016.08.04 14:37:16.386,1.03895,1.03909,2.81,1.00
2016.08.04 14:37:16.539,1.03895,1.03911,2.81,1.50
2016.08.04 14:37:18.713,1.03895,1.03911,3.56,1.50
2016.08.04 14:37:18.765,1.03895,1.03909,3.56,1.00
2016.08.04 14:37:18.817,1.03896,1.03909,1.37,1.00
2016.08.04 14:37:18.869,1.03897,1.03912,1.12,1.50
2016.08.04 14:37:18.972,1.03897,1.03913,1.87,1.87
2016.08.04 14:37:19.173,1.039,1.03914,1.12,1.50
2016.08.04 14:37:19.225,1.039,1.03914,1.31,1.00
2016.08.04 14:37:19.276,1.03899,1.03913,2.44,1.50
2016.08.04 14:37:19.328,1.03899,1.03913,3.37,1.87
2016.08.04 14:37:19.380,1.03899,1.03911,1.87,1.50
2016.08.04 14:37:19.432,1.03899,1.03911,1.12,1.50
2016.08.04 14:37:19.485,1.03899,1.03909,1.12,1.00
2016.08.04 14:37:19.901,1.03895,1.03909,1.94,1.00
2016.08.04 14:37:20.004,1.03895,1.03909,1.75,1.00
2016.08.04 14:37:20.353,1.03895,1.03911,1.75,1.87
2016.08.04 14:37:20.639,1.03894,1.03911,4.31,1.87
2016.08.04 14:37:21.040,1.03894,1.0391,3.56,1.00
2016.08.04 14:37:21.091,1.03894,1.0391,2.81,1.50
2016.08.04 14:37:21.325,1.03895,1.03908,1.87,1.00
2016.08.04 14:37:21.377,1.03895,1.03906,1.12,1.00
2016.08.04 14:37:21.429,1.03893,1.03905,1.00,1.00
2016.08.04 14:37:21.582,1.03891,1.03904,1.00,1.00
2016.08.04 14:37:21.634,1.03891,1.03904,1.87,1.00
2016.08.04 14:37:21.736,1.03891,1.03904,1.00,1.00
2016.08.04 14:37:21.890,1.03888,1.03903,2.44,1.00
2016.08.04 14:37:22.171,1.03888,1.03903,2.00,1.50
2016.08.04 14:37:22.273,1.03888,1.03903,2.00,1.00
2016.08.04 14:37:22.570,1.03887,1.03901,4.69,1.00
2016.08.04 14:37:22.621,1.03887,1.03901,3.94,1.00
2016.08.04 14:37:22.724,1.03887,1.03901,5.06,1.00
2016.08.04 14:37:22.775,1.03887,1.03903,5.06,2.25
2016.08.04 14:37:22.827,1.03887,1.03903,3.56,2.25
2016.08.04 14:37:23.170,1.03887,1.03902,3.56,1.00
2016.08.04 14:37:23.221,1.03887,1.03902,4.31,1.00
2016.08.04 14:37:23.657,1.03887,1.03902,5.06,1.00
2016.08.04 14:37:23.950,1.03887,1.03902,4.31,1.00
2016.08.04 14:37:24.052,1.03887,1.03902,5.06,1.00
2016.08.04 14:37:24.809,1.03888,1.03902,2.00,1.00
2016.08.04 14:37:24.860,1.03888,1.03902,2.00,1.00
2016.08.04 14:37:25.227,1.03888,1.03901,2.00,1.00
2016.08.04 14:37:25.381,1.03886,1.03899,1.12,1.00
2016.08.04 14:37:25.635,1.03885,1.03898,1.69,1.00
2016.08.04 14:37:25.687,1.03885,1.03897,1.25,1.00
2016.08.04 14:37:25.834,1.03885,1.03898,1.25,3.37
2016.08.04 14:37:25.886,1.03883,1.03898,3.56,3.37
2016.08.04 14:37:25.937,1.03883,1.03898,2.44,3.37
2016.08.04 14:37:25.988,1.03883,1.03896,2.44,1.00
2016.08.04 14:37:26.039,1.03883,1.03896,2.81,1.00
2016.08.04 14:37:26.242,1.03883,1.03896,2.81,1.12
2016.08.04 14:37:26.661,1.03883,1.03896,2.81,1.00
2016.08.04 14:37:26.868,1.03883,1.03896,3.56,1.00
2016.08.04 14:37:27.396,1.03883,1.03895,2.81,1.00
2016.08.04 14:37:27.447,1.03883,1.03895,2.81,1.00
2016.08.04 14:37:27.549,1.03883,1.03895,2.81,1.00
2016.08.04 14:37:27.626,1.03883,1.03895,2.06,1.00
2016.08.04 14:37:28.074,1.03886,1.03895,1.00,1.00
2016.08.04 14:37:28.126,1.03886,1.039,1.69,1.00
2016.08.04 14:37:28.179,1.03887,1.03902,1.19,1.12
2016.08.04 14:37:28.230,1.03887,1.03902,1.19,1.00
2016.08.04 14:37:28.281,1.0389,1.03905,1.19,4.12
2016.08.04 14:37:28.332,1.0389,1.03905,1.19,1.87
2016.08.04 14:37:28.384,1.0389,1.03905,1.69,1.87
2016.08.04 14:37:28.435,1.0389,1.03905,1.69,1.50
2016.08.04 14:37:28.486,1.0389,1.03905,2.06,1.50
2016.08.04 14:37:28.537,1.0389,1.03905,2.44,1.50
2016.08.04 14:37:28.588,1.0389,1.03905,2.44,1.00
2016.08.04 14:37:28.689,1.0389,1.03903,2.44,1.00
2016.08.04 14:37:29.778,1.0389,1.03903,1.69,1.00
2016.08.04 14:37:29.932,1.0389,1.03905,1.69,1.00
2016.08.04 14:37:30.472,1.0389,1.03903,1.69,1.00
2016.08.04 14:37:30.990,1.0389,1.03904,1.69,1.00
2016.08.04 14:37:31.787,1.0389,1.03905,1.69,1.00
2016.08.04 14:37:31.838,1.0389,1.03905,1.69,1.12
2016.08.04 14:37:31.890,1.03894,1.03906,1.50,2.25
2016.08.04 14:37:31.941,1.03894,1.03906,1.00,1.00
2016.08.04 14:37:32.040,1.03895,1.03906,1.00,1.00
2016.08.04 14:37:32.091,1.03896,1.03908,1.56,1.00
2016.08.04 14:37:32.142,1.03896,1.03908,2.81,1.00
2016.08.04 14:37:32.194,1.03896,1.03908,1.87,1.00
2016.08.04 14:37:32.346,1.03895,1.03908,2.00,1.12
2016.08.04 14:37:32.397,1.03895,1.03907,1.37,1.00
2016.08.04 14:37:32.448,1.03894,1.03907,1.25,1.00
2016.08.04 14:37:32.499,1.03894,1.03907,1.25,1.50
2016.08.04 14:37:32.726,1.03894,1.03907,1.25,1.00
2016.08.04 14:37:33.052,1.03894,1.03907,1.00,1.00
2016.08.04 14:37:33.318,1.039,1.03913,1.00,1.50
2016.08.04 14:37:33.369,1.039,1.03914,1.00,4.12
2016.08.04 14:37:33.471,1.039,1.03914,1.00,3.75
2016.08.04 14:37:33.522,1.039,1.03914,1.00,3.37
2016.08.04 14:37:33.573,1.039,1.03913,1.00,1.00
2016.08.04 14:37:33.714,1.039,1.03913,1.00,2.25
2016.08.04 14:37:34.316,1.039,1.03913,1.00,1.50
2016.08.04 14:37:34.367,1.039,1.03913,1.00,1.87
2016.08.04 14:37:34.783,1.039,1.03913,1.00,1.50
2016.08.04 14:37:34.917,1.039,1.03913,1.00,1.00
2016.08.04 14:37:35.521,1.039,1.03913,1.00,1.50
2016.08.04 14:37:35.623,1.039,1.03913,1.00,1.00
2016.08.04 14:37:35.827,1.039,1.03913,1.00,1.50
2016.08.04 14:37:36.517,1.039,1.03914,1.00,2.44
2016.08.04 14:37:36.622,1.039,1.03914,1.00,2.25
2016.08.04 14:37:36.673,1.039,1.03915,1.50,1.87
2016.08.04 14:37:36.724,1.03903,1.03915,1.00,1.00
2016.08.04 14:37:36.826,1.03903,1.03917,1.50,1.00
2016.08.04 14:37:36.928,1.03904,1.03917,1.00,1.00
2016.08.04 14:37:36.979,1.03904,1.03917,1.00,1.00
2016.08.04 14:37:37.081,1.03904,1.03917,1.00,1.12
2016.08.04 14:37:37.518,1.03904,1.03917,1.00,1.00
2016.08.04 14:37:37.569,1.03904,1.03918,1.12,1.50
2016.08.04 14:37:37.620,1.03904,1.03918,1.50,1.00
2016.08.04 14:37:37.722,1.03903,1.03918,1.75,1.00
2016.08.04 14:37:38.759,1.03905,1.03918,1.12,1.00
2016.08.04 14:37:38.810,1.03907,1.0392,1.00,1.19
2016.08.04 14:37:39.002,1.03909,1.03923,1.00,1.69
2016.08.04 14:37:39.053,1.03909,1.03921,1.00,1.19
2016.08.04 14:37:39.104,1.03909,1.03919,1.00,1.69
2016.08.04 14:37:39.206,1.03904,1.03919,2.62,2.06
2016.08.04 14:37:39.257,1.03905,1.03919,1.75,3.00
2016.08.04 14:37:39.308,1.03905,1.03918,1.50,1.00
2016.08.04 14:37:39.359,1.03904,1.03919,1.50,2.62
2016.08.04 14:37:39.411,1.03904,1.03919,1.50,1.87
2016.08.04 14:37:39.461,1.03904,1.03919,1.50,1.37
2016.08.04 14:37:40.239,1.03904,1.03919,1.50,1.87
2016.08.04 14:37:40.393,1.03905,1.03919,1.50,1.12
2016.08.04 14:37:40.622,1.03904,1.03918,1.50,1.00
2016.08.04 14:37:41.547,1.03904,1.03918,1.50,1.00
2016.08.04 14:37:41.598,1.03904,1.03918,1.50,1.50
2016.08.04 14:37:41.755,1.03905,1.03918,1.50,1.12
2016.08.04 14:37:43.690,1.03905,1.03918,1.50,1.00
2016.08.04 14:37:44.704,1.03904,1.03919,1.50,1.12
2016.08.04 14:37:44.756,1.03905,1.0392,1.75,3.00
2016.08.04 14:37:44.807,1.03905,1.0392,2.25,1.87
2016.08.04 14:37:44.858,1.03905,1.0392,3.00,1.87
2016.08.04 14:37:44.960,1.03905,1.0392,3.00,1.50
2016.08.04 14:37:45.524,1.03905,1.0392,2.25,1.87
2016.08.04 14:37:45.575,1.03905,1.0392,2.25,2.25
2016.08.04 14:37:45.728,1.03905,1.0392,2.25,3.00
2016.08.04 14:37:45.779,1.03905,1.0392,1.75,2.62
2016.08.04 14:37:45.881,1.03905,1.0392,1.75,3.37
2016.08.04 14:37:45.932,1.03905,1.03919,1.75,1.37
2016.08.04 14:37:45.983,1.03905,1.03919,2.25,1.50
2016.08.04 14:37:46.085,1.03905,1.03919,1.75,1.37
2016.08.04 14:37:46.136,1.03905,1.0392,1.75,2.62
2016.08.04 14:37:46.187,1.03906,1.0392,1.50,1.87
2016.08.04 14:37:46.238,1.03908,1.03923,1.00,1.75
2016.08.04 14:37:46.289,1.03908,1.03923,1.19,1.37
2016.08.04 14:37:46.399,1.03908,1.03923,1.69,1.37
2016.08.04 14:37:46.450,1.0391,1.03924,1.87,2.25
2016.08.04 14:37:46.603,1.0391,1.03924,1.87,1.87
2016.08.04 14:37:46.654,1.0391,1.03924,1.87,1.50
2016.08.04 14:37:47.519,1.0391,1.03924,1.87,2.25
2016.08.04 14:37:47.849,1.0391,1.03924,1.87,1.50
2016.08.04 14:37:47.951,1.0391,1.03924,1.87,2.25
2016.08.04 14:37:48.560,1.0391,1.03924,1.87,2.62
2016.08.04 14:37:48.611,1.0391,1.03924,1.87,3.00
2016.08.04 14:37:48.733,1.03909,1.03924,2.62,3.00
2016.08.04 14:37:48.950,1.03909,1.03924,2.62,1.87
2016.08.04 14:37:49.001,1.03909,1.03924,2.62,1.50
2016.08.04 14:37:49.764,1.03909,1.03921,2.62,1.00
2016.08.04 14:37:51.698,1.03909,1.03919,2.62,1.00
2016.08.04 14:37:51.749,1.03908,1.03919,1.75,1.37
2016.08.04 14:37:51.801,1.03907,1.03916,1.75,1.00
2016.08.04 14:37:51.852,1.03907,1.03916,1.00,1.00
2016.08.04 14:37:51.970,1.03907,1.03915,1.00,1.00
2016.08.04 14:37:52.021,1.039,1.03917,3.19,4.12
2016.08.04 14:37:52.123,1.039,1.03917,3.19,3.37
2016.08.04 14:37:52.226,1.03903,1.03916,1.00,1.00
2016.08.04 14:37:52.277,1.03903,1.03913,1.00,1.50
2016.08.04 14:37:52.329,1.039,1.03913,1.75,1.50
2016.08.04 14:37:52.380,1.03899,1.03914,2.44,1.00
2016.08.04 14:37:52.584,1.03899,1.03914,1.94,1.00
2016.08.04 14:37:52.835,1.03899,1.03914,2.00,1.00
2016.08.04 14:37:52.887,1.03899,1.03914,1.25,1.50
2016.08.04 14:37:53.041,1.03899,1.03914,1.25,2.25
2016.08.04 14:37:53.093,1.03899,1.03914,1.00,3.00
2016.08.04 14:37:53.146,1.03898,1.03914,1.31,3.37
2016.08.04 14:37:53.198,1.03898,1.03913,1.25,1.12
2016.08.04 14:37:53.249,1.03898,1.03912,1.25,1.00
2016.08.04 14:37:53.351,1.03898,1.03913,2.06,2.25
2016.08.04 14:37:53.403,1.039,1.03913,1.00,1.00
2016.08.04 14:37:53.454,1.03902,1.03915,1.00,1.00
2016.08.04 14:37:53.642,1.03902,1.03915,1.00,1.00
2016.08.04 14:37:53.697,1.03902,1.03916,1.00,1.00
2016.08.04 14:37:53.956,1.03902,1.03915,1.00,1.00
2016.08.04 14:37:54.172,1.03902,1.03916,1.00,1.00
2016.08.04 14:37:54.223,1.03902,1.03916,1.50,1.00
2016.08.04 14:37:54.546,1.03904,1.03916,1.00,1.00
2016.08.04 14:37:54.647,1.03904,1.03915,1.50,1.00
2016.08.04 14:37:54.800,1.03904,1.03917,1.50,1.00
2016.08.04 14:37:55.379,1.03904,1.03918,1.50,1.00
2016.08.04 14:37:55.481,1.03904,1.03916,1.50,1.00
2016.08.04 14:37:56.152,1.03904,1.03917,1.50,1.00
2016.08.04 14:37:56.458,1.03904,1.03917,1.50,1.00
2016.08.04 14:37:56.510,1.03904,1.03918,1.50,1.50
2016.08.04 14:37:56.561,1.03904,1.03917,1.50,1.00
2016.08.04 14:37:56.708,1.03904,1.03912,1.50,1.00
2016.08.04 14:37:56.759,1.039,1.03909,1.87,1.00
2016.08.04 14:37:56.810,1.039,1.03906,1.12,1.00
2016.08.04 14:37:56.861,1.03898,1.0391,1.12,1.31
2016.08.04 14:37:56.912,1.03898,1.03907,1.12,1.00
2016.08.04 14:37:56.963,1.03894,1.03908,1.61,1.00
2016.08.04 14:37:57.015,1.03894,1.03908,1.94,1.00
2016.08.04 14:37:57.066,1.03894,1.03908,2.06,1.00
2016.08.04 14:37:57.168,1.03894,1.03907,2.81,1.00
2016.08.04 14:37:57.890,1.03895,1.0391,2.06,1.00
2016.08.04 14:37:57.992,1.03897,1.0391,1.69,1.00
2016.08.04 14:37:58.043,1.03899,1.0391,1.25,1.00
2016.08.04 14:37:58.095,1.03899,1.03914,1.25,1.00
2016.08.04 14:37:58.352,1.03899,1.03914,1.25,1.50
2016.08.04 14:37:58.404,1.03899,1.03914,1.25,1.00
2016.08.04 14:37:58.864,1.03899,1.03914,1.25,1.50
2016.08.04 14:37:59.215,1.03899,1.03914,1.25,1.00
2016.08.04 14:37:59.266,1.03901,1.03915,1.00,1.00
2016.08.04 14:37:59.317,1.03901,1.03917,1.00,3.19
2016.08.04 14:37:59.369,1.03903,1.03917,1.12,1.00
2016.08.04 14:37:59.420,1.03903,1.03917,1.87,1.00
2016.08.04 14:37:59.471,1.03906,1.03917,1.00,1.00
2016.08.04 14:37:59.522,1.03904,1.03919,1.69,1.00
2016.08.04 14:37:59.573,1.03904,1.03919,1.19,1.00
2016.08.04 14:37:59.624,1.03902,1.03917,5.74,1.50
2016.08.04 14:37:59.676,1.03907,1.03917,1.00,1.50
2016.08.04 14:37:59.727,1.03907,1.03916,1.00,1.00
2016.08.04 14:37:59.778,1.03904,1.03916,1.00,1.00
2016.08.04 14:37:59.830,1.03902,1.03915,1.87,1.00
2016.08.04 14:37:59.942,1.03903,1.03915,1.50,1.00
2016.08.04 14:37:59.996,1.03903,1.03915,1.50,1.50
2016.08.04 14:38:00.048,1.03903,1.03914,1.50,1.00
2016.08.04 14:38:00.587,1.03903,1.03915,2.25,1.00
2016.08.04 14:38:00.637,1.03903,1.03915,2.25,1.50
2016.08.04 14:38:01.193,1.03903,1.03915,1.50,1.50
2016.08.04 14:38:02.235,1.03901,1.03915,1.75,2.25
2016.08.04 14:38:02.286,1.039,1.03915,3.94,2.25
2016.08.04 14:38:02.337,1.039,1.03915,3.19,2.25
2016.08.04 14:38:03.154,1.039,1.03915,3.19,1.50
2016.08.04 14:38:03.334,1.039,1.03915,3.19,2.25
2016.08.04 14:38:03.770,1.039,1.03915,2.44,2.25
2016.08.04 14:38:04.058,1.03901,1.03915,1.12,1.00
2016.08.04 14:38:04.109,1.03901,1.03915,1.87,1.00
2016.08.04 14:38:04.927,1.03901,1.03915,1.12,1.00
2016.08.04 14:38:07.318,1.03901,1.03915,1.87,1.00
2016.08.04 14:38:07.764,1.03901,1.03915,1.12,1.00
2016.08.04 14:38:07.815,1.03901,1.03915,1.12,1.00
2016.08.04 14:38:07.867,1.03901,1.03916,1.12,1.00
2016.08.04 14:38:07.918,1.03903,1.03916,1.00,1.00
2016.08.04 14:38:07.971,1.03903,1.03917,1.37,1.12
2016.08.04 14:38:08.022,1.03903,1.03917,1.37,1.00
2016.08.04 14:38:08.075,1.03903,1.03918,2.25,1.00
2016.08.04 14:38:08.126,1.03904,1.03919,1.50,1.00
2016.08.04 14:38:08.178,1.03906,1.0392,1.50,1.00
2016.08.04 14:38:08.229,1.03906,1.0392,1.50,1.00
2016.08.04 14:38:08.434,1.03906,1.03921,1.50,1.50
2016.08.04 14:38:08.486,1.03906,1.03921,1.50,1.00
2016.08.04 14:38:08.669,1.03906,1.03921,1.50,2.25
2016.08.04 14:38:08.720,1.03906,1.0392,1.50,1.00
2016.08.04 14:38:09.224,1.03906,1.03921,1.50,1.50
2016.08.04 14:38:09.716,1.03906,1.03921,1.50,1.50
2016.08.04 14:38:10.321,1.03906,1.03919,1.50,1.00
2016.08.04 14:38:10.372,1.03904,1.03917,1.31,1.00
2016.08.04 14:38:10.423,1.03903,1.03917,3.56,1.50
2016.08.04 14:38:10.474,1.03903,1.03917,2.62,3.37
2016.08.04 14:38:10.525,1.03903,1.03917,1.50,3.37
2016.08.04 14:38:10.576,1.03902,1.03916,2.25,1.00
2016.08.04 14:38:10.678,1.03902,1.03916,1.87,1.00
2016.08.04 14:38:10.780,1.03902,1.03915,1.50,1.00
2016.08.04 14:38:11.555,1.03902,1.03915,1.00,1.00
2016.08.04 14:38:16.548,1.03902,1.03913,1.00,1.50
2016.08.04 14:38:16.600,1.03896,1.03906,2.06,1.00
2016.08.04 14:38:16.651,1.03895,1.03908,1.75,1.50
2016.08.04 14:38:16.703,1.03894,1.03908,1.12,1.00
2016.08.04 14:38:16.755,1.03894,1.03911,2.06,3.00
2016.08.04 14:38:16.806,1.03895,1.03911,2.06,1.50
2016.08.04 14:38:16.857,1.03895,1.03911,2.81,1.50
2016.08.04 14:38:16.908,1.03895,1.03911,3.19,1.00
2016.08.04 14:38:17.061,1.03895,1.03912,2.81,1.00
2016.08.04 14:38:17.112,1.03897,1.03912,1.25,1.00
2016.08.04 14:38:17.215,1.03897,1.03912,1.25,1.00
2016.08.04 14:38:17.266,1.03898,1.03914,1.87,1.87
2016.08.04 14:38:17.317,1.039,1.03914,1.25,1.12
2016.08.04 14:38:17.416,1.039,1.03914,1.25,1.00
2016.08.04 14:38:17.468,1.03901,1.03915,1.00,1.00
2016.08.04 14:38:17.521,1.03901,1.03915,1.12,1.00
2016.08.04 14:38:17.675,1.03902,1.03915,1.00,1.00
2016.08.04 14:38:18.114,1.039,1.03915,2.44,1.00
2016.08.04 14:38:18.165,1.039,1.03915,3.19,1.00
2016.08.04 14:38:18.267,1.03901,1.03915,1.12,1.00
2016.08.04 14:38:18.318,1.03901,1.03915,1.31,1.00
2016.08.04 14:38:18.369,1.03901,1.03917,2.44,1.00
2016.08.04 14:38:18.519,1.03903,1.03918,1.62,3.00
2016.08.04 14:38:18.570,1.03901,1.03918,3.94,3.00
2016.08.04 14:38:18.621,1.03901,1.03918,3.56,3.00
2016.08.04 14:38:18.672,1.03902,1.03918,2.06,3.75
2016.08.04 14:38:18.774,1.03902,1.03918,2.81,3.75
2016.08.04 14:38:18.825,1.03902,1.03918,2.81,3.00
2016.08.04 14:38:18.876,1.03902,1.03917,2.81,1.00
2016.08.04 14:38:18.927,1.03902,1.03915,2.81,1.00
2016.08.04 14:38:18.978,1.03902,1.03915,2.06,1.00
2016.08.04 14:38:19.540,1.03901,1.03915,2.06,1.00
2016.08.04 14:38:20.380,1.03902,1.03915,2.06,1.00
2016.08.04 14:38:20.623,1.03902,1.03915,1.25,1.00
2016.08.04 14:38:20.675,1.03902,1.03915,2.06,1.00
2016.08.04 14:38:24.022,1.03902,1.03915,1.87,1.00
2016.08.04 14:38:26.083,1.03902,1.03915,1.12,1.00
2016.08.04 14:38:26.288,1.03901,1.03915,1.31,1.00
2016.08.04 14:38:29.534,1.03901,1.03917,1.31,1.50
2016.08.04 14:38:29.676,1.03901,1.03917,1.31,2.25
2016.08.04 14:38:29.727,1.03901,1.03916,1.31,1.00
2016.08.04 14:38:29.879,1.03901,1.03916,2.06,1.12
2016.08.04 14:38:29.981,1.03901,1.03916,2.06,1.00
2016.08.04 14:38:30.766,1.03901,1.03916,1.31,1.00
2016.08.04 14:38:31.020,1.03902,1.03916,1.00,1.00
2016.08.04 14:38:31.271,1.03903,1.03916,1.00,1.00
2016.08.04 14:38:31.322,1.03907,1.03919,1.00,3.00
2016.08.04 14:38:31.373,1.03907,1.03922,1.00,5.25
2016.08.04 14:38:31.425,1.03906,1.03922,1.69,4.50
2016.08.04 14:38:31.476,1.03906,1.03922,2.81,1.00
2016.08.04 14:38:31.634,1.03907,1.03922,1.37,1.50
2016.08.04 14:38:31.791,1.03906,1.03921,2.81,1.00
2016.08.04 14:38:31.908,1.03907,1.03921,1.37,1.00
2016.08.04 14:38:31.959,1.03909,1.03921,1.00,1.00
2016.08.04 14:38:32.011,1.03909,1.03925,1.37,1.19
2016.08.04 14:38:32.062,1.03909,1.03926,2.44,2.44
2016.08.04 14:38:32.113,1.03909,1.03925,2.81,1.12
2016.08.04 14:38:32.164,1.03911,1.03925,1.00,1.00
2016.08.04 14:38:32.215,1.03911,1.03925,1.87,1.00
2016.08.04 14:38:32.267,1.03911,1.03925,1.87,1.00
2016.08.04 14:38:32.369,1.03911,1.03922,1.00,1.00
2016.08.04 14:38:32.420,1.03911,1.03924,1.00,1.12
2016.08.04 14:38:32.537,1.03911,1.03924,1.00,1.37
2016.08.04 14:38:32.589,1.03911,1.03923,1.00,1.50
2016.08.04 14:38:32.640,1.03908,1.03923,2.25,1.50
2016.08.04 14:38:32.691,1.03908,1.03923,2.25,2.25
2016.08.04 14:38:32.793,1.03908,1.03923,3.00,1.50
2016.08.04 14:38:32.845,1.03911,1.03924,1.00,1.00
2016.08.04 14:38:32.998,1.03911,1.03923,1.00,1.00
2016.08.04 14:38:33.049,1.03911,1.03923,1.00,1.50
2016.08.04 14:38:33.151,1.03911,1.03923,1.00,1.00
2016.08.04 14:38:33.983,1.03911,1.03922,1.00,1.00
2016.08.04 14:38:34.034,1.03908,1.03922,1.50,1.00
2016.08.04 14:38:34.085,1.03907,1.03917,1.75,1.00
2016.08.04 14:38:34.136,1.03907,1.03919,1.00,1.00
2016.08.04 14:38:34.187,1.03905,1.03918,1.50,1.00
2016.08.04 14:38:34.238,1.03904,1.03918,1.75,1.00
2016.08.04 14:38:34.289,1.03904,1.03919,1.75,1.00
2016.08.04 14:38:34.340,1.03904,1.03919,1.00,1.00
2016.08.04 14:38:34.391,1.03905,1.03919,1.00,1.00
2016.08.04 14:38:34.493,1.03905,1.0392,1.00,1.50
2016.08.04 14:38:34.544,1.03905,1.0392,1.50,1.50
2016.08.04 14:38:34.875,1.03905,1.0392,1.50,1.00
2016.08.04 14:38:34.926,1.03905,1.0392,1.75,1.00
2016.08.04 14:38:35.183,1.03905,1.0392,1.75,1.50
2016.08.04 14:38:35.235,1.03905,1.0392,2.25,1.50
2016.08.04 14:38:35.337,1.03905,1.0392,1.75,1.50
2016.08.04 14:38:35.676,1.03906,1.03919,1.75,1.00
2016.08.04 14:38:35.727,1.03908,1.03919,1.12,1.00
2016.08.04 14:38:35.778,1.03908,1.03924,1.31,1.87
2016.08.04 14:38:35.829,1.03912,1.03924,1.00,1.87
2016.08.04 14:38:35.880,1.03912,1.03926,1.69,1.12
2016.08.04 14:38:35.931,1.03913,1.03926,2.44,1.00
2016.08.04 14:38:35.982,1.03914,1.03926,2.06,1.00
2016.08.04 14:38:36.033,1.03915,1.03926,1.19,1.00
2016.08.04 14:38:36.085,1.03915,1.03931,2.06,1.37
2016.08.04 14:38:36.136,1.03916,1.03932,1.69,3.75
2016.08.04 14:38:36.187,1.03916,1.03932,2.81,3.00
2016.08.04 14:38:36.239,1.03916,1.03932,3.19,1.50
2016.08.04 14:38:36.290,1.03916,1.03932,3.94,1.00
2016.08.04 14:38:36.456,1.03917,1.03932,1.00,1.19
2016.08.04 14:38:36.660,1.03917,1.03932,1.00,1.19
2016.08.04 14:38:36.762,1.03917,1.03932,1.00,1.19
2016.08.04 14:38:37.094,1.03917,1.03932,1.00,1.19
2016.08.04 14:38:37.899,1.03917,1.03933,1.00,2.06
2016.08.04 14:38:38.001,1.03917,1.03933,1.00,1.87
2016.08.04 14:38:39.107,1.03917,1.03933,1.00,3.00
2016.08.04 14:38:39.159,1.03916,1.03933,1.50,3.75
2016.08.04 14:38:39.312,1.03916,1.03933,1.12,3.37
2016.08.04 14:38:39.464,1.03916,1.03933,1.75,3.00
2016.08.04 14:38:39.523,1.03916,1.0393,1.75,1.00
2016.08.04 14:38:39.574,1.03916,1.0393,2.25,1.00
2016.08.04 14:38:40.326,1.03916,1.0393,1.75,1.00
2016.08.04 14:38:40.925,1.03916,1.03931,1.75,2.25
2016.08.04 14:38:40.976,1.03917,1.03931,1.75,1.50
2016.08.04 14:38:41.027,1.03917,1.03931,1.87,1.50
2016.08.04 14:38:41.143,1.03917,1.03931,2.62,1.00
2016.08.04 14:38:41.194,1.0392,1.03935,1.50,1.00
2016.08.04 14:38:41.296,1.0392,1.03934,2.62,1.00
2016.08.04 14:38:41.450,1.0392,1.03936,3.37,2.25
2016.08.04 14:38:41.501,1.0392,1.03936,2.44,1.50
2016.08.04 14:38:41.553,1.03921,1.03936,1.31,1.00
2016.08.04 14:38:41.605,1.03921,1.03936,1.31,1.00
2016.08.04 14:38:41.657,1.03921,1.03935,1.31,1.00
2016.08.04 14:38:42.043,1.03921,1.03936,1.31,1.00
2016.08.04 14:38:42.765,1.03921,1.03937,1.31,1.50
2016.08.04 14:38:42.867,1.03923,1.03937,1.00,1.50
2016.08.04 14:38:43.570,1.03923,1.03937,1.00,1.00
2016.08.04 14:38:44.226,1.03923,1.03938,1.00,2.25
2016.08.04 14:38:44.277,1.03923,1.03938,1.00,1.00
2016.08.04 14:38:44.611,1.03925,1.03939,1.50,1.50
2016.08.04 14:38:44.663,1.03927,1.03941,1.00,1.25
2016.08.04 14:38:44.714,1.03927,1.03941,1.00,1.00
2016.08.04 14:38:44.868,1.0393,1.03942,1.00,1.12
2016.08.04 14:38:44.971,1.0393,1.03942,1.00,1.00
2016.08.04 14:38:45.277,1.0393,1.03939,1.00,1.00
2016.08.04 14:38:45.328,1.0393,1.0394,1.00,1.50
2016.08.04 14:38:45.378,1.03927,1.0394,1.87,1.00
2016.08.04 14:38:45.518,1.03926,1.0394,1.50,1.00
2016.08.04 14:38:46.617,1.03926,1.03941,2.25,1.00
2016.08.04 14:38:46.668,1.03928,1.0394,1.31,1.00
2016.08.04 14:38:46.719,1.03928,1.0394,2.44,1.00
2016.08.04 14:38:47.221,1.03928,1.03941,2.44,1.00
2016.08.04 14:38:47.771,1.03928,1.0394,2.25,1.00
2016.08.04 14:38:47.923,1.03928,1.0394,1.12,1.00
2016.08.04 14:38:48.025,1.03928,1.0394,2.25,1.00
2016.08.04 14:38:49.420,1.03928,1.03939,2.25,1.00
2016.08.04 14:38:49.472,1.03928,1.03935,1.50,1.00
2016.08.04 14:38:49.523,1.03925,1.03934,1.75,1.00
2016.08.04 14:38:49.574,1.03923,1.03934,1.87,1.50
2016.08.04 14:38:49.625,1.03919,1.03934,2.25,1.50
2016.08.04 14:38:49.676,1.03919,1.03933,2.25,1.00
2016.08.04 14:38:49.829,1.03919,1.03933,2.62,1.50
2016.08.04 14:38:50.002,1.03918,1.03933,1.75,1.50
2016.08.04 14:38:50.053,1.03918,1.03931,1.37,1.00
2016.08.04 14:38:50.104,1.03919,1.03931,1.12,1.50
2016.08.04 14:38:50.155,1.03919,1.03929,1.12,1.00
2016.08.04 14:38:50.206,1.03916,1.03929,1.25,1.00
2016.08.04 14:38:50.360,1.03915,1.03927,2.81,1.00
2016.08.04 14:38:50.462,1.03916,1.03927,1.25,1.00
2016.08.04 14:38:50.513,1.03916,1.03927,1.69,1.00
2016.08.04 14:38:50.564,1.03916,1.0393,2.06,1.00
2016.08.04 14:38:51.038,1.03916,1.0393,1.31,1.50
2016.08.04 14:38:51.089,1.03916,1.0393,1.50,1.50
2016.08.04 14:38:51.191,1.03918,1.0393,1.00,1.00
2016.08.04 14:38:51.243,1.0392,1.03932,1.00,1.00
2016.08.04 14:38:51.294,1.03922,1.03935,1.50,1.12
2016.08.04 14:38:51.349,1.03922,1.03935,2.25,1.12
2016.08.04 14:38:51.401,1.03925,1.03935,1.00,1.00
2016.08.04 14:38:51.503,1.03925,1.03938,1.00,1.50
2016.08.04 14:38:51.554,1.03925,1.03938,1.00,1.00
2016.08.04 14:38:51.605,1.03925,1.03938,1.50,1.00
2016.08.04 14:38:51.656,1.03925,1.03936,1.50,1.00
2016.08.04 14:38:52.242,1.03925,1.03937,1.50,1.00
2016.08.04 14:38:52.512,1.03924,1.03937,2.25,1.00
2016.08.04 14:38:52.715,1.03924,1.03937,1.75,1.00
2016.08.04 14:38:53.234,1.03924,1.03938,1.75,1.00
2016.08.04 14:38:53.834,1.03924,1.03938,1.75,1.00
2016.08.04 14:38:53.988,1.03924,1.03938,1.75,1.00
2016.08.04 14:38:54.091,1.03923,1.03935,2.62,1.00
2016.08.04 14:38:54.220,1.03923,1.03936,2.62,1.00
2016.08.04 14:38:54.275,1.03923,1.03936,1.12,1.00
2016.08.04 14:38:54.326,1.03923,1.03936,1.12,1.00
2016.08.04 14:38:54.378,1.03923,1.03934,1.87,1.00
2016.08.04 14:38:54.429,1.03923,1.03934,1.00,1.00
2016.08.04 14:38:54.532,1.03923,1.03934,1.00,1.00
2016.08.04 14:38:54.583,1.03923,1.03937,1.75,1.00
2016.08.04 14:38:54.787,1.03923,1.03937,2.25,1.00
2016.08.04 14:38:55.324,1.03923,1.03937,2.25,1.00
2016.08.04 14:38:55.375,1.03924,1.03936,1.50,1.00
2016.08.04 14:38:55.891,1.03924,1.03935,1.50,1.00
2016.08.04 14:38:56.890,1.03923,1.03935,2.25,1.00
2016.08.04 14:38:56.992,1.03923,1.03935,1.75,1.00
2016.08.04 14:38:57.094,1.03924,1.03935,1.50,1.00
2016.08.04 14:38:57.714,1.03925,1.03936,1.12,1.00
2016.08.04 14:38:58.704,1.03924,1.03936,1.50,1.00
2016.08.04 14:38:59.178,1.03923,1.03937,2.62,1.00
2016.08.04 14:38:59.599,1.03923,1.03937,3.37,1.00
2016.08.04 14:38:59.802,1.03923,1.03936,3.37,1.00
2016.08.04 14:39:00.093,1.03925,1.03937,1.12,1.00
2016.08.04 14:39:00.144,1.03925,1.03937,1.87,1.00
2016.08.04 14:39:00.195,1.03925,1.03939,1.12,1.25
2016.08.04 14:39:00.297,1.03923,1.03939,3.37,1.25
2016.08.04 14:39:00.348,1.03923,1.03939,3.37,1.69
2016.08.04 14:39:01.056,1.03923,1.03937,3.37,1.50
2016.08.04 14:39:01.108,1.03923,1.03937,1.87,1.50
2016.08.04 14:39:01.159,1.03922,1.03937,1.75,1.50
2016.08.04 14:39:01.210,1.03921,1.03935,1.75,1.00
2016.08.04 14:39:01.311,1.0392,1.03935,1.50,1.00
2016.08.04 14:39:01.362,1.0392,1.03935,1.50,1.50
2016.08.04 14:39:01.974,1.0392,1.03935,1.50,1.00
2016.08.04 14:39:02.227,1.03921,1.03935,1.00,1.00
2016.08.04 14:39:02.494,1.03921,1.03935,1.00,1.50
2016.08.04 14:39:03.316,1.03921,1.03934,1.00,1.00
2016.08.04 14:39:03.418,1.0392,1.03934,1.00,1.19
2016.08.04 14:39:03.929,1.03921,1.03934,1.00,1.19
2016.08.04 14:39:04.288,1.0392,1.03934,1.50,1.19
2016.08.04 14:39:04.710,1.0392,1.03934,1.50,1.19
2016.08.04 14:39:04.863,1.0392,1.03934,1.50,1.19
2016.08.04 14:39:05.217,1.0392,1.03935,2.25,1.69
2016.08.04 14:39:05.761,1.0392,1.03935,2.25,2.44
2016.08.04 14:39:05.812,1.03921,1.03935,1.00,1.19
2016.08.04 14:39:06.314,1.03921,1.03934,1.00,1.19
2016.08.04 14:39:06.451,1.03921,1.03934,1.00,1.25
2016.08.04 14:39:06.584,1.03921,1.03934,1.00,1.00
2016.08.04 14:39:07.001,1.03921,1.03934,1.00,1.19
2016.08.04 14:39:07.052,1.03921,1.03935,1.00,1.69
2016.08.04 14:39:07.565,1.03921,1.03935,1.00,1.50
2016.08.04 14:39:07.616,1.03921,1.03934,1.00,1.00
2016.08.04 14:39:07.718,1.03921,1.03935,1.00,1.50
2016.08.04 14:39:07.917,1.03921,1.03935,1.00,2.25
2016.08.04 14:39:08.018,1.03921,1.03934,1.00,1.00
2016.08.04 14:39:08.921,1.0392,1.03935,1.50,1.69
2016.08.04 14:39:08.972,1.0392,1.03934,1.00,1.19
2016.08.04 14:39:09.125,1.0392,1.03934,1.50,1.69
2016.08.04 14:39:09.228,1.0392,1.03934,1.00,2.44
2016.08.04 14:39:09.329,1.0392,1.03933,1.00,1.25
2016.08.04 14:39:09.618,1.0392,1.03934,1.00,1.69
2016.08.04 14:39:09.669,1.0392,1.03933,1.00,1.25
2016.08.04 14:39:09.996,1.0392,1.03933,1.50,1.25
2016.08.04 14:39:10.098,1.03921,1.03933,1.00,1.25
2016.08.04 14:39:10.149,1.03921,1.03934,1.00,1.69
2016.08.04 14:39:10.201,1.0392,1.03934,1.50,2.44
2016.08.04 14:39:10.253,1.0392,1.03934,1.50,2.44
2016.08.04 14:39:10.354,1.0392,1.03933,1.50,1.19
2016.08.04 14:39:10.405,1.0392,1.03933,1.00,1.69
2016.08.04 14:39:10.614,1.03919,1.03933,1.50,1.69
2016.08.04 14:39:10.665,1.03917,1.03933,1.50,1.69
2016.08.04 14:39:10.767,1.03917,1.03932,1.50,1.19
2016.08.04 14:39:11.654,1.03917,1.03933,1.50,1.69
2016.08.04 14:39:11.906,1.03917,1.03933,2.25,2.44
2016.08.04 14:39:12.511,1.03917,1.03933,2.25,3.19
2016.08.04 14:39:12.664,1.03917,1.03933,3.00,3.19
2016.08.04 14:39:12.882,1.03917,1.03932,2.25,1.19
2016.08.04 14:39:13.323,1.03917,1.03933,1.50,3.94
2016.08.04 14:39:13.374,1.03917,1.03933,1.50,4.31
2016.08.04 14:39:13.555,1.03917,1.03932,1.50,1.19
2016.08.04 14:39:14.227,1.03917,1.03932,2.25,1.69
2016.08.04 14:39:14.403,1.03917,1.03932,2.25,1.19
2016.08.04 14:39:15.105,1.03917,1.03932,2.25,1.69
2016.08.04 14:39:15.208,1.03917,1.03932,1.50,1.19
2016.08.04 14:39:15.892,1.03916,1.03932,2.25,1.69
2016.08.04 14:39:15.943,1.03916,1.03932,2.25,2.44
2016.08.04 14:39:15.994,1.03916,1.03932,3.00,2.44
2016.08.04 14:39:16.146,1.03916,1.03932,3.00,3.19
2016.08.04 14:39:16.206,1.03916,1.0393,3.00,1.19
2016.08.04 14:39:16.258,1.03916,1.0393,2.25,1.19
2016.08.04 14:39:16.611,1.03916,1.0393,1.75,1.19
2016.08.04 14:39:18.466,1.03916,1.0393,2.25,1.19
2016.08.04 14:39:18.568,1.03916,1.0393,2.25,1.19
2016.08.04 14:39:18.619,1.03918,1.03931,1.12,1.19
2016.08.04 14:39:18.721,1.03919,1.03933,1.75,3.56
2016.08.04 14:39:18.772,1.03919,1.03933,1.75,1.12
2016.08.04 14:39:18.823,1.03919,1.03932,1.87,1.00
2016.08.04 14:39:18.924,1.03917,1.03932,1.87,1.00
2016.08.04 14:39:19.026,1.03918,1.03933,1.00,1.25
2016.08.04 14:39:19.077,1.03919,1.03933,1.37,1.25
2016.08.04 14:39:19.128,1.03919,1.03935,3.75,1.19
2016.08.04 14:39:19.179,1.03919,1.03933,2.62,1.25
2016.08.04 14:39:19.230,1.03919,1.03933,1.00,1.69
2016.08.04 14:39:19.391,1.03919,1.03933,1.00,2.44
2016.08.04 14:39:19.443,1.03919,1.03932,1.00,1.25
2016.08.04 14:39:19.494,1.03919,1.03932,1.00,1.69
2016.08.04 14:39:19.546,1.03917,1.03932,1.00,1.69
2016.08.04 14:39:20.171,1.03917,1.03932,1.12,1.25
2016.08.04 14:39:20.538,1.03917,1.03934,1.12,2.81
2016.08.04 14:39:20.590,1.03917,1.03934,1.12,1.31
2016.08.04 14:39:20.641,1.03919,1.03934,1.00,1.31
2016.08.04 14:39:20.742,1.03918,1.03934,1.12,1.31
2016.08.04 14:39:20.946,1.03918,1.03934,1.12,1.19
2016.08.04 14:39:21.274,1.03918,1.03934,1.00,1.69
2016.08.04 14:39:21.535,1.03918,1.03934,1.00,2.44
2016.08.04 14:39:21.731,1.03918,1.03934,1.00,1.69
2016.08.04 14:39:21.883,1.03918,1.03934,1.00,2.06
2016.08.04 14:39:22.899,1.03918,1.03931,1.00,1.00
2016.08.04 14:39:23.052,1.03915,1.0393,1.87,2.25
2016.08.04 14:39:23.271,1.03915,1.0393,1.50,2.25
2016.08.04 14:39:23.433,1.03915,1.0393,1.50,1.50
2016.08.04 14:39:23.535,1.03914,1.0393,1.50,1.69
2016.08.04 14:39:23.887,1.03914,1.0393,1.50,1.69
2016.08.04 14:39:23.938,1.03915,1.0393,1.12,1.31
2016.08.04 14:39:23.989,1.03915,1.0393,1.50,1.31
2016.08.04 14:39:24.040,1.03916,1.0393,1.00,1.19
2016.08.04 14:39:24.248,1.03916,1.0393,1.00,1.69
2016.08.04 14:39:24.351,1.03915,1.0393,2.25,1.19
2016.08.04 14:39:24.453,1.03915,1.0393,1.12,1.19
2016.08.04 14:39:24.687,1.03915,1.0393,1.12,1.31
2016.08.04 14:39:25.110,1.03915,1.0393,1.12,1.19
2016.08.04 14:39:25.161,1.03913,1.0393,1.75,1.19
2016.08.04 14:39:25.428,1.03913,1.0393,1.75,1.31
2016.08.04 14:39:26.512,1.03913,1.0393,1.87,1.31
2016.08.04 14:39:26.563,1.03918,1.03932,1.50,2.44
2016.08.04 14:39:26.614,1.03918,1.03932,1.87,2.06
2016.08.04 14:39:26.665,1.0392,1.03936,1.50,2.89
2016.08.04 14:39:26.716,1.03926,1.03936,1.12,2.62
2016.08.04 14:39:26.767,1.03927,1.03941,1.00,1.50
2016.08.04 14:39:26.818,1.03927,1.03941,1.00,1.12
2016.08.04 14:39:26.869,1.03927,1.03944,1.50,1.50
2016.08.04 14:39:26.971,1.03927,1.03944,2.25,1.00
2016.08.04 14:39:27.179,1.03927,1.03943,2.25,1.25
2016.08.04 14:39:27.231,1.03926,1.03943,2.62,2.06
2016.08.04 14:39:27.283,1.03926,1.03943,1.87,2.81
2016.08.04 14:39:27.334,1.03925,1.03943,4.31,2.44
2016.08.04 14:39:27.385,1.03925,1.03942,3.56,1.00
2016.08.04 14:39:27.436,1.03925,1.03942,3.56,1.12
2016.08.04 14:39:27.589,1.03925,1.03942,3.37,1.31
2016.08.04 14:39:27.640,1.03925,1.03942,2.62,1.31
2016.08.04 14:39:27.945,1.03925,1.03941,2.62,1.00
2016.08.04 14:39:27.997,1.03925,1.0394,1.87,1.00
2016.08.04 14:39:28.048,1.03925,1.0394,1.87,1.50
2016.08.04 14:39:28.151,1.03925,1.03939,1.00,1.19
2016.08.04 14:39:28.204,1.03925,1.03939,1.00,1.69
2016.08.04 14:39:28.364,1.03922,1.03938,1.87,1.25
2016.08.04 14:39:28.567,1.03922,1.03938,2.06,1.00
2016.08.04 14:39:28.618,1.03922,1.03938,1.31,1.50
2016.08.04 14:39:28.669,1.03921,1.03937,4.69,1.00
2016.08.04 14:39:28.721,1.03921,1.03937,4.12,1.19
2016.08.04 14:39:29.026,1.03921,1.03937,4.50,1.19
2016.08.04 14:39:29.294,1.03921,1.03937,3.75,1.19
2016.08.04 14:39:29.549,1.03921,1.03937,3.94,1.00
2016.08.04 14:39:29.660,1.03921,1.03937,3.75,1.00
2016.08.04 14:39:30.213,1.03921,1.03937,3.37,1.00
2016.08.04 14:39:30.404,1.03922,1.03937,1.50,1.00
2016.08.04 14:39:30.457,1.03921,1.03937,3.37,1.00
2016.08.04 14:39:30.560,1.03923,1.03937,1.00,1.00
2016.08.04 14:39:30.663,1.03925,1.03938,1.00,1.00
2016.08.04 14:39:30.816,1.03925,1.03939,1.50,1.00
2016.08.04 14:39:30.867,1.03929,1.03943,1.00,1.19
2016.08.04 14:39:30.919,1.03929,1.03943,1.25,1.00
2016.08.04 14:39:30.970,1.03931,1.03945,1.00,1.00
2016.08.04 14:39:31.021,1.03933,1.03948,1.00,3.56
2016.08.04 14:39:31.180,1.03933,1.03948,1.00,1.19
2016.08.04 14:39:31.239,1.03931,1.03948,2.25,1.69
2016.08.04 14:39:31.291,1.03931,1.03948,3.00,1.69
2016.08.04 14:39:31.444,1.03931,1.03948,2.25,1.69
2016.08.04 14:39:31.495,1.03931,1.03947,1.75,1.19
2016.08.04 14:39:31.546,1.03931,1.03947,2.62,1.19
2016.08.04 14:39:31.647,1.03932,1.03947,1.87,1.19
2016.08.04 14:39:31.941,1.03932,1.03947,2.62,1.19
2016.08.04 14:39:32.044,1.03932,1.03947,1.50,1.19
2016.08.04 14:39:32.465,1.03933,1.03947,1.12,1.69
2016.08.04 14:39:33.286,1.0393,1.03947,1.87,1.69
2016.08.04 14:39:34.161,1.03933,1.03947,1.00,1.69
2016.08.04 14:39:34.379,1.03933,1.03947,1.12,1.25
2016.08.04 14:39:34.836,1.03933,1.03947,1.12,1.25
2016.08.04 14:39:34.887,1.03932,1.03947,4.12,1.25
2016.08.04 14:39:34.939,1.03935,1.03947,1.00,1.25
2016.08.04 14:39:34.990,1.03935,1.03947,1.00,1.00
2016.08.04 14:39:35.041,1.03932,1.03947,3.75,1.00
2016.08.04 14:39:35.092,1.03932,1.03947,3.00,1.00
2016.08.04 14:39:35.295,1.03932,1.03947,2.25,1.25
2016.08.04 14:39:35.484,1.03932,1.03948,1.50,1.19
2016.08.04 14:39:35.535,1.03934,1.03948,1.00,1.00
2016.08.04 14:39:35.586,1.03935,1.03949,1.00,1.50
2016.08.04 14:39:35.637,1.03935,1.03949,1.00,1.00
2016.08.04 14:39:35.789,1.03936,1.03949,1.50,1.00
2016.08.04 14:39:35.840,1.03936,1.03949,1.50,1.25
2016.08.04 14:39:35.942,1.03937,1.03949,1.00,1.25
2016.08.04 14:39:36.044,1.03937,1.03949,1.00,1.19
2016.08.04 14:39:36.146,1.03936,1.03948,1.50,1.25
2016.08.04 14:39:36.324,1.03936,1.03948,1.50,1.00
2016.08.04 14:39:36.376,1.03936,1.03948,1.00,1.00
2016.08.04 14:39:36.477,1.03935,1.03947,1.00,1.00
2016.08.04 14:39:36.529,1.03935,1.03945,1.00,1.00
2016.08.04 14:39:36.580,1.03933,1.03945,1.50,1.50
2016.08.04 14:39:36.632,1.03931,1.03945,3.67,1.50
2016.08.04 14:39:36.683,1.03931,1.03945,1.87,1.50
2016.08.04 14:39:36.734,1.03932,1.03945,1.37,1.50
2016.08.04 14:39:36.786,1.03932,1.03945,1.00,1.50
2016.08.04 14:39:36.940,1.03932,1.03945,1.50,1.00
2016.08.04 14:39:37.647,1.03931,1.03945,1.00,1.00
2016.08.04 14:39:38.075,1.03931,1.03944,1.00,1.50
2016.08.04 14:39:38.595,1.03931,1.03944,1.00,1.00
2016.08.04 14:39:38.646,1.03932,1.03944,1.87,1.00
2016.08.04 14:39:38.697,1.03932,1.03945,1.87,1.50
2016.08.04 14:39:38.900,1.03932,1.03942,1.87,1.00
2016.08.04 14:39:38.951,1.03932,1.03942,1.00,1.00
2016.08.04 14:39:39.155,1.03931,1.03942,1.50,1.00
2016.08.04 14:39:39.257,1.03932,1.03942,1.00,1.00
2016.08.04 14:39:39.875,1.03931,1.03942,1.50,1.00
2016.08.04 14:39:39.926,1.03932,1.03942,1.00,1.00
2016.08.04 14:39:40.028,1.03931,1.03942,1.50,1.00
2016.08.04 14:39:40.181,1.03931,1.03942,1.00,1.00
2016.08.04 14:39:40.683,1.03932,1.03942,1.00,1.00
2016.08.04 14:39:41.751,1.03933,1.03942,1.00,1.00
2016.08.04 14:39:42.828,1.03931,1.03942,1.50,1.00
2016.08.04 14:39:43.312,1.03933,1.03942,1.00,1.00
2016.08.04 14:39:43.497,1.03933,1.03945,1.00,1.00
2016.08.04 14:39:43.966,1.03933,1.03946,1.12,1.00
2016.08.04 14:39:46.792,1.03933,1.03946,1.00,1.00
2016.08.04 14:39:47.092,1.03932,1.03946,1.50,1.19
2016.08.04 14:39:47.145,1.03932,1.03946,1.50,1.69
2016.08.04 14:39:47.604,1.03931,1.03946,1.87,1.69
2016.08.04 14:39:47.812,1.03931,1.03944,1.87,1.00
2016.08.04 14:39:48.676,1.03931,1.03944,1.37,1.00
2016.08.04 14:39:49.778,1.03932,1.03944,1.12,1.00
2016.08.04 14:39:50.881,1.0393,1.03944,3.75,1.50
2016.08.04 14:39:50.932,1.0393,1.03944,3.00,1.50
2016.08.04 14:39:51.044,1.0393,1.03944,3.00,1.50
2016.08.04 14:39:51.096,1.0393,1.03944,1.50,1.50
2016.08.04 14:39:53.341,1.0393,1.03944,2.25,1.50
2016.08.04 14:39:53.807,1.03931,1.03943,1.37,1.00
2016.08.04 14:39:58.930,1.03932,1.03943,1.12,1.00
2016.08.04 14:40:01.138,1.03931,1.03943,1.37,1.00
2016.08.04 14:40:02.349,1.03931,1.03943,1.50,1.00
2016.08.04 14:40:03.067,1.03931,1.03943,1.37,1.00
2016.08.04 14:40:03.321,1.03931,1.03943,1.00,1.00
2016.08.04 14:40:05.934,1.0393,1.03943,1.87,1.00
2016.08.04 14:40:06.458,1.0393,1.03943,1.12,1.00
2016.08.04 14:40:07.229,1.03932,1.03943,1.00,1.00
2016.08.04 14:40:07.280,1.03932,1.03945,1.00,1.19
2016.08.04 14:40:07.332,1.03938,1.03949,1.00,2.62
2016.08.04 14:40:07.383,1.03938,1.03949,1.00,1.12
2016.08.04 14:40:07.434,1.03938,1.03953,1.00,3.00
2016.08.04 14:40:07.485,1.03938,1.03953,1.50,1.75
2016.08.04 14:40:07.536,1.03942,1.03955,1.00,1.50
2016.08.04 14:40:07.675,1.03942,1.03956,1.12,1.75
2016.08.04 14:40:07.727,1.03942,1.03957,1.00,1.37
2016.08.04 14:40:07.778,1.03941,1.03957,1.31,1.37
2016.08.04 14:40:07.933,1.03941,1.03957,2.06,1.00
2016.08.04 14:40:07.984,1.03941,1.03957,1.87,1.19
2016.08.04 14:40:08.086,1.03942,1.03957,1.37,1.00
2016.08.04 14:40:08.340,1.03942,1.03958,1.87,1.00
2016.08.04 14:40:08.603,1.03942,1.03958,1.50,1.00
2016.08.04 14:40:08.654,1.03941,1.03958,2.44,1.00
2016.08.04 14:40:08.705,1.03941,1.03955,2.06,1.00
2016.08.04 14:40:08.809,1.03941,1.03955,2.62,1.25
2016.08.04 14:40:08.862,1.03939,1.0395,1.75,1.50
2016.08.04 14:40:08.914,1.03936,1.03947,2.25,1.50
2016.08.04 14:40:08.966,1.03936,1.03946,1.75,1.00
2016.08.04 14:40:09.017,1.03932,1.03945,2.25,1.00
2016.08.04 14:40:09.069,1.03932,1.03945,1.75,1.50
2016.08.04 14:40:09.120,1.03929,1.03943,1.87,1.00
2016.08.04 14:40:09.172,1.03929,1.03943,1.75,1.00
2016.08.04 14:40:09.223,1.03928,1.03938,1.75,1.00
2016.08.04 14:40:09.274,1.03928,1.03938,1.75,1.00
2016.08.04 14:40:09.325,1.03926,1.03938,1.00,1.00
2016.08.04 14:40:09.439,1.03923,1.03938,2.06,1.00
2016.08.04 14:40:09.591,1.03923,1.03937,1.87,1.25
2016.08.04 14:40:09.643,1.03921,1.03937,1.75,1.25
2016.08.04 14:40:09.744,1.03921,1.03937,1.50,1.25
2016.08.04 14:40:09.931,1.03921,1.03936,1.00,1.00
2016.08.04 14:40:09.982,1.03921,1.03934,1.00,1.00
2016.08.04 14:40:10.033,1.03921,1.03934,1.50,1.00
2016.08.04 14:40:11.144,1.03921,1.03933,1.50,1.00
2016.08.04 14:40:11.245,1.03921,1.03933,1.00,1.00
2016.08.04 14:40:11.410,1.03921,1.03931,1.00,1.50
2016.08.04 14:40:11.463,1.03914,1.03926,1.75,1.00
2016.08.04 14:40:11.514,1.03914,1.03926,1.00,1.00
2016.08.04 14:40:11.566,1.03912,1.03923,1.12,1.50
2016.08.04 14:40:11.617,1.03911,1.03923,1.50,1.50
2016.08.04 14:40:11.668,1.03911,1.03923,1.50,1.00
2016.08.04 14:40:11.720,1.0391,1.03923,1.00,1.75
2016.08.04 14:40:11.771,1.0391,1.03922,1.00,1.50
2016.08.04 14:40:11.822,1.03907,1.03923,1.69,2.17
2016.08.04 14:40:11.873,1.03907,1.03919,1.25,1.00
2016.08.04 14:40:11.924,1.03906,1.03919,1.00,1.50
2016.08.04 14:40:11.976,1.03904,1.03918,1.00,1.00
2016.08.04 14:40:12.148,1.03901,1.03915,3.00,1.00
2016.08.04 14:40:12.199,1.03901,1.03913,1.00,1.00
2016.08.04 14:40:12.251,1.03901,1.03913,1.00,1.12
2016.08.04 14:40:12.302,1.03898,1.03913,3.00,1.12
2016.08.04 14:40:12.405,1.03901,1.03913,1.00,1.12
2016.08.04 14:40:12.711,1.03898,1.03913,2.25,1.12
2016.08.04 14:40:12.762,1.03898,1.0391,2.25,1.00
2016.08.04 14:40:12.915,1.03898,1.03912,2.25,1.00
2016.08.04 14:40:13.134,1.03898,1.03912,2.44,1.00
2016.08.04 14:40:13.236,1.03898,1.03912,1.69,1.00
2016.08.04 14:40:13.454,1.03898,1.03912,1.50,1.00
2016.08.04 14:40:13.897,1.03898,1.0391,1.50,1.00
2016.08.04 14:40:13.948,1.03901,1.0391,1.00,1.00
2016.08.04 14:40:15.170,1.03899,1.0391,1.00,1.00
2016.08.04 14:40:15.415,1.03899,1.0391,1.50,1.00
2016.08.04 14:40:15.737,1.039,1.0391,1.12,1.00
2016.08.04 14:40:15.839,1.039,1.03912,1.12,1.00
2016.08.04 14:40:15.992,1.03901,1.03912,1.87,1.00
2016.08.04 14:40:16.044,1.03903,1.03912,1.00,1.00
2016.08.04 14:40:16.095,1.03903,1.03914,1.00,1.00
2016.08.04 14:40:16.146,1.03905,1.03914,1.00,1.00
2016.08.04 14:40:16.349,1.03902,1.03914,1.87,1.00
2016.08.04 14:40:16.400,1.03904,1.03914,1.00,1.00
2016.08.04 14:40:16.524,1.03904,1.03914,1.12,1.00
2016.08.04 14:40:16.575,1.03906,1.03917,1.00,1.00
2016.08.04 14:40:16.626,1.03904,1.03917,1.87,1.00
2016.08.04 14:40:16.677,1.03904,1.03917,2.25,1.00
2016.08.04 14:40:16.779,1.03906,1.03917,1.12,1.00
2016.08.04 14:40:17.316,1.03906,1.03917,1.00,1.00
2016.08.04 14:40:17.707,1.03904,1.03917,1.50,1.00
2016.08.04 14:40:17.809,1.03904,1.03917,1.00,1.00
2016.08.04 14:40:17.860,1.03904,1.03917,1.37,1.00
2016.08.04 14:40:18.150,1.03907,1.03917,1.00,1.00
2016.08.04 14:40:18.548,1.03905,1.03915,1.00,1.00
2016.08.04 14:40:18.599,1.03906,1.03915,1.00,1.00
2016.08.04 14:40:18.992,1.03905,1.03915,1.00,1.00
2016.08.04 14:40:19.094,1.03905,1.03918,1.00,1.00
2016.08.04 14:40:19.145,1.03908,1.03918,1.00,1.00
2016.08.04 14:40:20.738,1.03907,1.03921,1.37,1.00
2016.08.04 14:40:20.840,1.0391,1.0392,1.00,1.00
2016.08.04 14:40:20.890,1.0391,1.03922,1.00,1.12
2016.08.04 14:40:20.992,1.03912,1.03923,1.00,1.00
2016.08.04 14:40:21.044,1.03911,1.03923,2.25,1.00
2016.08.04 14:40:21.095,1.03911,1.03923,1.50,1.00
2016.08.04 14:40:21.196,1.03911,1.03923,1.00,1.00
2016.08.04 14:40:21.393,1.03911,1.03923,1.50,1.00
2016.08.04 14:40:21.520,1.03911,1.03923,1.00,1.00
2016.08.04 14:40:21.980,1.03912,1.03927,1.50,1.87
2016.08.04 14:40:22.032,1.03912,1.03924,1.25,1.00
2016.08.04 14:40:22.083,1.03913,1.03924,1.00,1.00
2016.08.04 14:40:22.593,1.03914,1.03924,1.00,1.00
2016.08.04 14:40:23.257,1.03913,1.03924,1.25,1.00
2016.08.04 14:40:23.308,1.03913,1.03926,1.25,1.00
2016.08.04 14:40:23.409,1.03913,1.03926,1.69,1.00
2016.08.04 14:40:23.679,1.03915,1.03927,1.00,1.12
2016.08.04 14:40:23.864,1.03913,1.03927,1.50,1.50
2016.08.04 14:40:23.917,1.03913,1.03927,1.69,1.50
2016.08.04 14:40:24.383,1.03913,1.03927,1.25,1.50
2016.08.04 14:40:24.655,1.03914,1.03927,1.00,1.00
2016.08.04 14:40:24.706,1.03914,1.03927,1.19,1.00
2016.08.04 14:40:24.758,1.03917,1.03927,1.00,1.00
2016.08.04 14:40:24.961,1.03915,1.03927,1.25,1.00
2016.08.04 14:40:25.234,1.03915,1.03927,1.25,1.00
2016.08.04 14:40:25.744,1.03914,1.03927,1.19,1.00
2016.08.04 14:40:25.894,1.03914,1.03927,1.25,1.00
2016.08.04 14:40:26.275,1.03914,1.03927,1.25,1.00
2016.08.04 14:40:26.376,1.03913,1.03927,1.19,1.00
2016.08.04 14:40:26.661,1.03913,1.03927,1.19,1.00
2016.08.04 14:40:26.845,1.03915,1.03927,1.00,1.00
2016.08.04 14:40:26.946,1.03914,1.03927,1.25,1.00
2016.08.04 14:40:27.548,1.03914,1.03927,1.25,1.00
2016.08.04 14:40:27.776,1.03915,1.03927,1.00,1.00
2016.08.04 14:40:28.347,1.03916,1.03927,1.00,1.00
2016.08.04 14:40:28.449,1.03918,1.03927,1.00,1.00
2016.08.04 14:40:28.654,1.03915,1.03927,1.25,1.00
2016.08.04 14:40:28.859,1.03915,1.03926,1.25,1.00
2016.08.04 14:40:29.049,1.03916,1.03927,1.00,1.50
2016.08.04 14:40:29.152,1.03916,1.03926,1.00,1.00
2016.08.04 14:40:29.255,1.03916,1.03927,1.00,1.50
2016.08.04 14:40:29.560,1.03915,1.03926,1.00,1.00
2016.08.04 14:40:30.183,1.03915,1.03927,1.00,1.50
2016.08.04 14:40:30.648,1.03915,1.03926,1.00,1.00
2016.08.04 14:40:30.852,1.03915,1.03926,1.12,1.00
2016.08.04 14:40:31.056,1.03915,1.03927,1.00,1.00
2016.08.04 14:40:31.823,1.03915,1.03927,1.00,1.00
2016.08.04 14:40:31.874,1.03915,1.03928,1.00,1.50
2016.08.04 14:40:31.925,1.03915,1.03928,1.00,1.50
2016.08.04 14:40:31.977,1.03916,1.03928,1.00,1.00
2016.08.04 14:40:32.486,1.03917,1.03928,1.00,1.00
2016.08.04 14:40:33.003,1.03917,1.03929,1.00,1.00
2016.08.04 14:40:34.203,1.03917,1.0393,1.00,1.00
2016.08.04 14:40:34.254,1.03917,1.03929,1.00,1.00
2016.08.04 14:40:34.370,1.03916,1.03925,1.00,1.00
2016.08.04 14:40:34.422,1.03912,1.03925,1.50,1.00
2016.08.04 14:40:34.576,1.03915,1.03924,1.00,1.00
2016.08.04 14:40:34.627,1.03918,1.03924,1.00,1.00
2016.08.04 14:40:34.780,1.03919,1.03925,1.00,1.00
2016.08.04 14:40:34.984,1.0392,1.03934,1.00,3.56
2016.08.04 14:40:35.035,1.0392,1.03934,1.00,2.81
2016.08.04 14:40:35.086,1.0392,1.03934,1.00,2.06
2016.08.04 14:40:36.201,1.0392,1.03934,1.00,1.56
2016.08.04 14:40:36.532,1.0392,1.03934,1.00,2.06
2016.08.04 14:40:36.583,1.0392,1.03933,1.00,1.31
2016.08.04 14:40:37.288,1.0392,1.03931,1.00,1.00
2016.08.04 14:40:37.339,1.0392,1.03931,1.00,1.50
2016.08.04 14:40:37.390,1.03919,1.03927,1.00,1.00
2016.08.04 14:40:37.624,1.03914,1.03924,1.50,1.00
2016.08.04 14:40:38.836,1.03914,1.03924,1.00,1.00
2016.08.04 14:40:38.887,1.03911,1.03924,1.50,1.00
2016.08.04 14:40:38.989,1.03911,1.03924,1.50,2.25
2016.08.04 14:40:39.345,1.03911,1.03924,1.00,2.25
2016.08.04 14:40:39.396,1.03909,1.03924,2.44,1.50
2016.08.04 14:40:39.497,1.0391,1.03924,1.50,1.50
2016.08.04 14:40:39.600,1.03909,1.03922,1.25,1.00
2016.08.04 14:40:39.651,1.03909,1.03922,1.00,1.00
2016.08.04 14:40:40.216,1.03908,1.03922,1.00,1.00
2016.08.04 14:40:40.267,1.03908,1.03923,1.00,3.19
2016.08.04 14:40:40.318,1.03908,1.03921,1.00,1.00
2016.08.04 14:40:40.369,1.03908,1.03921,1.00,1.00
2016.08.04 14:40:40.573,1.03906,1.03919,1.12,1.00
2016.08.04 14:40:40.625,1.03907,1.03919,1.19,1.00
2016.08.04 14:40:40.676,1.03907,1.03916,1.19,1.00
2016.08.04 14:40:40.727,1.03904,1.03916,1.00,1.00
2016.08.04 14:40:40.778,1.03904,1.03917,1.12,1.50
2016.08.04 14:40:40.829,1.03904,1.03917,1.00,1.50
2016.08.04 14:40:40.881,1.03904,1.03917,1.00,1.00
2016.08.04 14:40:40.932,1.03905,1.03917,1.37,1.00
2016.08.04 14:40:41.069,1.03906,1.03917,1.87,1.00
2016.08.04 14:40:41.120,1.03911,1.03921,1.00,1.00
2016.08.04 14:40:41.172,1.03911,1.03923,1.25,1.00
2016.08.04 14:40:41.273,1.03911,1.03926,1.19,1.87
2016.08.04 14:40:41.325,1.03912,1.03926,1.69,1.37
2016.08.04 14:40:41.376,1.03915,1.03928,1.00,3.00
2016.08.04 14:40:41.427,1.03915,1.03928,1.50,1.12
2016.08.04 14:40:41.478,1.03917,1.03931,1.00,2.25
2016.08.04 14:40:41.529,1.03917,1.03931,1.50,1.75
2016.08.04 14:40:41.581,1.03917,1.03931,1.00,1.37
2016.08.04 14:40:41.632,1.03916,1.03933,1.50,1.25
2016.08.04 14:40:41.683,1.03916,1.03933,1.50,1.69
2016.08.04 14:40:41.842,1.03916,1.03932,1.00,1.50
2016.08.04 14:40:41.899,1.03914,1.03932,2.25,1.50
2016.08.04 14:40:42.001,1.03915,1.03931,1.12,1.00
2016.08.04 14:40:42.103,1.03914,1.03932,2.25,1.00
2016.08.04 14:40:42.154,1.03915,1.03932,1.00,1.00
2016.08.04 14:40:42.205,1.03918,1.03932,1.00,1.50
2016.08.04 14:40:42.256,1.03918,1.03932,1.00,1.50
2016.08.04 14:40:42.307,1.03918,1.03933,1.00,1.50
2016.08.04 14:40:42.409,1.03916,1.03931,1.50,1.00
2016.08.04 14:40:42.511,1.03916,1.03931,1.50,1.50
2016.08.04 14:40:42.613,1.03916,1.03931,1.69,1.00
2016.08.04 14:40:42.766,1.03916,1.03931,1.69,1.50
2016.08.04 14:40:42.896,1.03916,1.0393,1.19,1.00
2016.08.04 14:40:43.683,1.03916,1.0393,1.19,1.50
2016.08.04 14:40:43.734,1.03919,1.0393,1.25,1.50
2016.08.04 14:40:43.785,1.0392,1.03933,1.00,1.00
2016.08.04 14:40:43.942,1.03922,1.03935,1.25,1.12
2016.08.04 14:40:43.993,1.03926,1.03939,1.00,2.62
2016.08.04 14:40:44.044,1.03926,1.03939,1.00,1.87
2016.08.04 14:40:44.096,1.03925,1.03939,1.50,1.50
2016.08.04 14:40:44.147,1.03925,1.0394,1.69,1.75
2016.08.04 14:40:44.198,1.03929,1.03941,1.00,1.37
2016.08.04 14:40:44.249,1.03929,1.03941,1.00,1.00
2016.08.04 14:40:44.300,1.03929,1.03942,1.00,1.50
2016.08.04 14:40:44.351,1.03929,1.03942,1.00,1.00
2016.08.04 14:40:44.403,1.03928,1.03942,1.12,1.00
2016.08.04 14:40:44.507,1.03926,1.03941,2.44,1.00
2016.08.04 14:40:44.609,1.03926,1.03941,1.00,1.00
2016.08.04 14:40:44.812,1.03923,1.0394,2.25,1.12
2016.08.04 14:40:44.863,1.03923,1.0394,1.12,1.87
2016.08.04 14:40:44.965,1.03923,1.03939,1.12,1.00
2016.08.04 14:40:45.220,1.03922,1.03939,1.69,1.00
2016.08.04 14:40:45.531,1.03922,1.03938,2.44,1.00
2016.08.04 14:40:45.634,1.03922,1.03935,2.44,1.00
2016.08.04 14:40:47.004,1.03922,1.03936,2.44,1.00
2016.08.04 14:40:47.390,1.03923,1.03937,1.12,1.00
2016.08.04 14:40:48.107,1.03922,1.03937,1.69,1.00
2016.08.04 14:40:48.412,1.03922,1.03937,1.69,1.00
2016.08.04 14:40:48.522,1.03921,1.03937,1.94,1.00
2016.08.04 14:40:51.314,1.03922,1.03937,1.69,1.00
2016.08.04 14:40:52.270,1.03922,1.03937,1.50,1.00
2016.08.04 14:40:52.422,1.03923,1.03937,1.12,1.00
2016.08.04 14:40:52.575,1.03923,1.03937,1.12,1.00
2016.08.04 14:40:53.020,1.03923,1.03938,1.12,1.69
2016.08.04 14:40:53.368,1.03923,1.03938,1.12,1.50
2016.08.04 14:40:53.495,1.03923,1.03938,1.12,2.25
2016.08.04 14:40:53.820,1.03923,1.03938,1.12,1.50
2016.08.04 14:40:53.922,1.03923,1.03938,1.12,2.44
2016.08.04 14:40:54.125,1.03923,1.03937,1.12,1.00
2016.08.04 14:40:54.779,1.03923,1.03936,1.12,1.00
2016.08.04 14:40:54.830,1.03923,1.03936,1.12,1.50
2016.08.04 14:40:55.141,1.03923,1.03936,1.12,1.50
2016.08.04 14:40:55.318,1.03923,1.03936,1.12,1.00
2016.08.04 14:40:59.243,1.03923,1.03937,1.12,1.00
2016.08.04 14:40:59.465,1.03922,1.03935,1.50,1.50
2016.08.04 14:40:59.516,1.03922,1.03935,1.12,1.50
2016.08.04 14:40:59.567,1.03922,1.03935,1.00,1.50
2016.08.04 14:40:59.852,1.03926,1.03934,1.00,1.00
2016.08.04 14:40:59.955,1.03926,1.03935,1.00,1.00
2016.08.04 14:41:00.688,1.03924,1.03935,1.00,1.00
2016.08.04 14:41:01.352,1.03924,1.03933,1.00,1.00
2016.08.04 14:41:03.040,1.03924,1.03935,1.00,1.50
2016.08.04 14:41:03.091,1.03924,1.03935,1.00,1.00
2016.08.04 14:41:03.142,1.03924,1.03934,1.00,1.00
2016.08.04 14:41:03.548,1.03926,1.03936,1.00,1.00
2016.08.04 14:41:03.650,1.03924,1.03932,1.00,1.00
2016.08.04 14:41:03.880,1.03923,1.03927,1.00,1.00
2016.08.04 14:41:03.932,1.0392,1.03931,1.00,1.37
2016.08.04 14:41:03.983,1.03919,1.03931,1.00,1.50
2016.08.04 14:41:04.034,1.03919,1.03932,1.00,3.37
2016.08.04 14:41:04.086,1.03917,1.03932,1.00,3.37
2016.08.04 14:41:04.137,1.03917,1.03931,1.00,1.50
2016.08.04 14:41:04.188,1.03917,1.03931,1.19,1.50
2016.08.04 14:41:04.240,1.03917,1.03929,1.19,1.00
2016.08.04 14:41:04.494,1.03917,1.03929,1.00,1.00
2016.08.04 14:41:04.597,1.03917,1.0393,1.00,1.12
2016.08.04 14:41:04.699,1.03917,1.03928,1.00,1.00
2016.08.04 14:41:04.915,1.03917,1.03928,1.00,1.50
2016.08.04 14:41:05.068,1.03916,1.03926,1.00,1.00
2016.08.04 14:41:05.949,1.03916,1.03925,1.00,1.00
2016.08.04 14:41:06.733,1.03916,1.03928,1.00,1.50
2016.08.04 14:41:06.841,1.03916,1.03925,1.00,1.00
2016.08.04 14:41:06.943,1.03916,1.03928,1.00,1.00
2016.08.04 14:41:06.994,1.03917,1.03928,1.00,1.00
2016.08.04 14:41:07.045,1.03917,1.03929,1.00,1.00
2016.08.04 14:41:07.358,1.03917,1.03928,1.00,1.00
2016.08.04 14:41:07.933,1.03917,1.03928,1.00,1.62
2016.08.04 14:41:09.054,1.03916,1.03926,1.00,1.00
2016.08.04 14:41:09.771,1.03916,1.03927,1.00,1.12
2016.08.04 14:41:10.354,1.03917,1.03927,1.00,1.12
2016.08.04 14:41:12.698,1.03917,1.03927,1.00,1.12
2016.08.04 14:41:13.170,1.03915,1.03927,1.00,1.12
2016.08.04 14:41:13.886,1.03915,1.03926,1.00,1.00
2016.08.04 14:41:13.988,1.03915,1.03926,1.00,1.12
2016.08.04 14:41:14.039,1.03915,1.03924,1.00,1.00
2016.08.04 14:41:14.251,1.03912,1.03923,1.00,1.00
2016.08.04 14:41:14.303,1.0391,1.03923,1.00,1.50
2016.08.04 14:41:14.355,1.0391,1.0392,1.00,1.00
2016.08.04 14:41:14.406,1.03908,1.0392,1.00,1.00
2016.08.04 14:41:14.458,1.03908,1.03919,1.00,1.00
2016.08.04 14:41:14.561,1.03908,1.03919,1.00,1.00
2016.08.04 14:41:14.664,1.03908,1.03919,1.00,1.12
2016.08.04 14:41:15.429,1.03908,1.03919,1.00,1.12
2016.08.04 14:41:15.684,1.03906,1.03919,1.50,1.12
2016.08.04 14:41:15.999,1.03906,1.03919,1.50,1.12
2016.08.04 14:41:16.050,1.03906,1.03919,1.50,1.12
2016.08.04 14:41:16.101,1.03906,1.03919,1.00,1.12
2016.08.04 14:41:16.456,1.03906,1.03919,1.00,1.12
2016.08.04 14:41:16.792,1.03904,1.03919,1.00,1.87
2016.08.04 14:41:16.843,1.03902,1.03918,1.37,1.00
2016.08.04 14:41:16.895,1.03902,1.03916,1.00,1.00
2016.08.04 14:41:16.946,1.03902,1.03914,1.50,1.00
2016.08.04 14:41:17.048,1.03902,1.03916,1.00,1.50
2016.08.04 14:41:17.276,1.03901,1.03918,1.00,1.31
2016.08.04 14:41:17.327,1.03901,1.03918,1.50,1.31
2016.08.04 14:41:17.378,1.03901,1.03917,1.87,1.00
2016.08.04 14:41:17.480,1.03901,1.03917,1.87,1.87
2016.08.04 14:41:17.531,1.03901,1.03917,1.12,2.62
2016.08.04 14:41:17.582,1.03899,1.03917,2.25,1.87
2016.08.04 14:41:17.633,1.039,1.03916,1.50,1.50
2016.08.04 14:41:17.684,1.039,1.03915,1.50,1.00
2016.08.04 14:41:17.735,1.039,1.03915,1.00,2.25
2016.08.04 14:41:17.837,1.039,1.03917,1.00,2.81
2016.08.04 14:41:17.945,1.039,1.03914,1.00,1.12
2016.08.04 14:41:17.998,1.03897,1.03914,1.69,1.00
2016.08.04 14:41:18.050,1.03898,1.03915,1.12,1.31
2016.08.04 14:41:18.102,1.03898,1.03915,1.12,3.56
2016.08.04 14:41:18.153,1.03897,1.03911,1.00,1.12
2016.08.04 14:41:18.205,1.03897,1.03912,1.00,1.80
2016.08.04 14:41:18.256,1.03896,1.03911,1.00,1.42
2016.08.04 14:41:18.307,1.03895,1.03911,1.87,1.37
2016.08.04 14:41:18.360,1.03893,1.03911,1.50,1.94
2016.08.04 14:41:18.411,1.03893,1.03911,1.50,3.49
2016.08.04 14:41:18.596,1.03893,1.03909,1.00,1.50
2016.08.04 14:41:18.647,1.03891,1.03909,1.50,2.25
2016.08.04 14:41:18.698,1.03891,1.03909,1.50,2.25
2016.08.04 14:41:18.851,1.03891,1.03908,1.00,1.37
2016.08.04 14:41:19.174,1.03891,1.03906,1.00,1.00
2016.08.04 14:41:19.363,1.03891,1.03906,1.50,1.00
2016.08.04 14:41:19.736,1.03891,1.03906,1.00,1.00
2016.08.04 14:41:19.787,1.03891,1.03906,1.00,1.00
2016.08.04 14:41:19.838,1.03891,1.03906,1.00,1.87
2016.08.04 14:41:19.889,1.0389,1.03904,1.12,1.00
2016.08.04 14:41:19.991,1.03888,1.03902,1.00,1.12
2016.08.04 14:41:20.141,1.03888,1.03903,1.00,1.37
2016.08.04 14:41:20.192,1.03887,1.03905,1.25,3.00
2016.08.04 14:41:20.296,1.03887,1.03905,1.25,2.25
2016.08.04 14:41:20.348,1.03888,1.03905,1.12,1.75
2016.08.04 14:41:20.399,1.03888,1.03905,1.12,1.00
2016.08.04 14:41:20.450,1.03888,1.03905,1.50,1.00
2016.08.04 14:41:20.604,1.03888,1.03905,1.50,1.00
2016.08.04 14:41:20.654,1.03888,1.03906,1.50,2.62
2016.08.04 14:41:20.989,1.03887,1.03906,3.19,2.62
2016.08.04 14:41:21.040,1.03888,1.03906,1.00,2.62
2016.08.04 14:41:21.091,1.03889,1.03906,1.00,3.37
2016.08.04 14:41:21.297,1.03893,1.03908,1.00,1.19
2016.08.04 14:41:21.450,1.03893,1.03908,1.50,1.19
2016.08.04 14:41:22.045,1.03893,1.03908,1.00,1.19
2016.08.04 14:41:22.249,1.03893,1.03908,1.50,1.25
2016.08.04 14:41:22.300,1.03893,1.03908,1.00,1.25
2016.08.04 14:41:22.351,1.03892,1.03908,1.50,1.25
2016.08.04 14:41:22.402,1.03893,1.03908,1.00,1.25
2016.08.04 14:41:22.453,1.03893,1.03908,1.00,1.00
2016.08.04 14:41:22.505,1.03894,1.0391,1.00,2.44
2016.08.04 14:41:22.611,1.03894,1.0391,1.00,3.56
2016.08.04 14:41:22.663,1.03896,1.0391,1.00,2.81
2016.08.04 14:41:22.714,1.03896,1.0391,1.00,2.81
2016.08.04 14:41:22.765,1.03897,1.0391,1.00,1.87
2016.08.04 14:41:22.818,1.03897,1.0391,1.00,1.00
2016.08.04 14:41:22.870,1.03899,1.0391,1.00,1.00
2016.08.04 14:41:22.921,1.03899,1.03913,1.00,1.69
2016.08.04 14:41:22.972,1.03899,1.03914,1.00,2.44
2016.08.04 14:41:23.699,1.03898,1.03914,1.50,2.44
2016.08.04 14:41:23.751,1.03898,1.03913,1.50,1.50
2016.08.04 14:41:24.067,1.03899,1.03913,1.00,1.50
2016.08.04 14:41:24.294,1.03899,1.03913,1.00,1.50
2016.08.04 14:41:24.345,1.03902,1.03913,1.00,1.50
2016.08.04 14:41:24.396,1.03902,1.03913,1.00,1.37
2016.08.04 14:41:24.498,1.03902,1.03913,1.50,1.00
2016.08.04 14:41:24.549,1.03903,1.03917,1.00,1.50
2016.08.04 14:41:24.707,1.03904,1.0392,1.00,1.50
2016.08.04 14:41:24.759,1.03904,1.03921,1.25,1.50
2016.08.04 14:41:24.810,1.03904,1.03921,1.31,1.12
2016.08.04 14:41:24.861,1.03904,1.03924,1.31,1.50
2016.08.04 14:41:24.912,1.03906,1.03924,1.00,1.50
2016.08.04 14:41:25.167,1.03907,1.03924,1.00,2.25
2016.08.04 14:41:25.269,1.03908,1.03923,1.00,1.12
2016.08.04 14:41:25.320,1.03908,1.03923,1.00,1.87
2016.08.04 14:41:25.496,1.03906,1.03923,1.00,1.12
2016.08.04 14:41:25.547,1.03906,1.03923,1.00,1.50
2016.08.04 14:41:25.753,1.03905,1.03923,1.00,1.00
2016.08.04 14:41:25.865,1.03905,1.03923,1.00,1.50
2016.08.04 14:41:25.916,1.03905,1.03922,1.00,1.00
2016.08.04 14:41:25.967,1.03905,1.03922,1.00,1.75
2016.08.04 14:41:26.018,1.03903,1.03922,1.69,1.75
2016.08.04 14:41:26.069,1.03905,1.0392,1.00,1.12
2016.08.04 14:41:26.603,1.03905,1.0392,1.00,1.12
2016.08.04 14:41:26.807,1.03905,1.0392,1.00,1.12
2016.08.04 14:41:27.020,1.03905,1.0392,1.00,1.12
2016.08.04 14:41:27.140,1.03905,1.0392,1.50,1.00
2016.08.04 14:41:28.878,1.03907,1.03922,1.00,1.31
2016.08.04 14:41:28.929,1.03908,1.03922,1.00,1.12
2016.08.04 14:41:28.980,1.03908,1.03923,1.50,1.12
2016.08.04 14:41:29.082,1.0391,1.03923,1.00,1.12
2016.08.04 14:41:29.184,1.0391,1.03923,1.00,1.00
2016.08.04 14:41:30.176,1.03909,1.03922,1.00,1.00
2016.08.04 14:41:30.326,1.03908,1.03921,2.06,1.00
2016.08.04 14:41:30.381,1.03908,1.03921,1.00,1.00
2016.08.04 14:41:30.931,1.03909,1.03922,1.00,1.00
2016.08.04 14:41:31.185,1.0391,1.03923,1.00,1.12
2016.08.04 14:41:31.357,1.0391,1.03923,1.00,1.00
2016.08.04 14:41:31.874,1.03911,1.03926,1.00,1.69
2016.08.04 14:41:31.932,1.03911,1.03926,1.00,1.19
2016.08.04 14:41:32.208,1.03911,1.03926,1.00,1.00
2016.08.04 14:41:32.713,1.03912,1.03926,1.00,1.00
2016.08.04 14:41:32.764,1.03912,1.03926,1.00,1.00
2016.08.04 14:41:32.815,1.03912,1.03927,1.00,1.31
2016.08.04 14:41:32.967,1.03912,1.03928,1.00,2.06
2016.08.04 14:41:33.171,1.03912,1.03927,1.00,1.31
2016.08.04 14:41:33.597,1.03912,1.03928,1.00,2.06
2016.08.04 14:41:33.648,1.03912,1.03928,1.00,2.81
2016.08.04 14:41:33.750,1.03912,1.03927,1.00,1.31
2016.08.04 14:41:33.801,1.03912,1.03927,1.00,2.06
2016.08.04 14:41:34.207,1.03912,1.03927,1.00,1.87
2016.08.04 14:41:34.308,1.03914,1.03927,1.00,2.62
2016.08.04 14:41:34.458,1.03914,1.03927,1.50,1.12
2016.08.04 14:41:34.610,1.03916,1.03928,1.00,1.37
2016.08.04 14:41:34.813,1.03914,1.03928,1.50,1.37
2016.08.04 14:41:34.864,1.03914,1.03928,1.00,1.37
2016.08.04 14:41:35.276,1.03914,1.03929,1.00,3.37
2016.08.04 14:41:35.405,1.03914,1.03929,1.00,3.00
2016.08.04 14:41:35.456,1.03914,1.03929,1.00,2.62
2016.08.04 14:41:35.728,1.03914,1.03928,1.00,1.00
2016.08.04 14:41:35.830,1.03914,1.03929,1.00,2.62
2016.08.04 14:41:35.881,1.03911,1.03924,1.50,1.00
2016.08.04 14:41:35.932,1.0391,1.03924,2.06,1.00
2016.08.04 14:41:35.983,1.03909,1.03922,1.75,1.00
2016.08.04 14:41:36.034,1.03909,1.03922,1.37,1.00
2016.08.04 14:41:36.085,1.03907,1.03923,1.87,1.00
2016.08.04 14:41:36.136,1.03906,1.03923,3.37,1.50
2016.08.04 14:41:36.187,1.03906,1.03923,2.62,1.50
2016.08.04 14:41:36.240,1.03907,1.03923,1.87,1.50
2016.08.04 14:41:36.357,1.03907,1.03923,1.50,3.00
2016.08.04 14:41:36.408,1.03907,1.03922,1.87,1.00
2016.08.04 14:41:36.561,1.03907,1.03922,1.87,1.50
2016.08.04 14:41:37.014,1.03907,1.03922,1.87,1.50
2016.08.04 14:41:37.065,1.03907,1.03922,1.00,1.50
2016.08.04 14:41:37.116,1.03906,1.03919,1.87,1.00
2016.08.04 14:41:37.167,1.03906,1.03919,1.00,1.00
2016.08.04 14:41:37.351,1.03904,1.03919,1.00,1.00
2016.08.04 14:41:37.404,1.03904,1.03919,1.00,1.00
2016.08.04 14:41:37.755,1.03905,1.03919,1.00,1.50
2016.08.04 14:41:38.113,1.03906,1.03919,1.00,1.00
2016.08.04 14:41:38.215,1.03903,1.03918,1.25,1.00
2016.08.04 14:41:38.334,1.03903,1.03916,1.25,1.50
2016.08.04 14:41:38.386,1.03903,1.03916,1.00,2.25
2016.08.04 14:41:38.489,1.03903,1.03916,1.00,2.44
2016.08.04 14:41:38.592,1.03901,1.03916,1.50,1.69
2016.08.04 14:41:39.230,1.03901,1.03915,1.50,1.25
2016.08.04 14:41:39.718,1.03901,1.03914,1.00,1.00
2016.08.04 14:41:39.769,1.03901,1.03914,1.00,1.50
2016.08.04 14:41:39.820,1.03901,1.03913,1.00,1.00
2016.08.04 14:41:39.871,1.03901,1.03913,1.00,1.50
2016.08.04 14:41:39.922,1.03898,1.03913,2.62,1.87
2016.08.04 14:41:39.973,1.03898,1.03913,1.00,2.62
2016.08.04 14:41:40.024,1.03898,1.03913,1.00,2.81
2016.08.04 14:41:40.126,1.03899,1.0391,1.00,1.00
2016.08.04 14:41:40.228,1.03897,1.0391,1.00,1.00
2016.08.04 14:41:40.558,1.03897,1.03912,1.00,1.50
2016.08.04 14:41:40.711,1.03898,1.03912,1.00,1.00
2016.08.04 14:41:40.984,1.03898,1.03909,1.00,1.00
2016.08.04 14:41:41.138,1.03896,1.03909,1.00,1.12
2016.08.04 14:41:44.070,1.03896,1.03911,1.50,2.44
2016.08.04 14:41:44.122,1.03899,1.03911,1.00,1.37
2016.08.04 14:41:44.173,1.03899,1.03911,1.00,1.00
2016.08.04 14:41:44.840,1.03898,1.03911,1.00,1.00
2016.08.04 14:41:45.125,1.03898,1.03911,1.00,1.50
2016.08.04 14:41:45.176,1.03898,1.03911,1.00,1.50
2016.08.04 14:41:45.227,1.03896,1.03911,2.25,1.50
2016.08.04 14:41:45.432,1.03898,1.03911,1.00,1.50
2016.08.04 14:41:47.401,1.03896,1.03911,2.25,1.50
2016.08.04 14:41:47.503,1.03897,1.03911,1.00,1.00
2016.08.04 14:41:47.946,1.03897,1.0391,1.00,1.00
2016.08.04 14:41:48.787,1.03897,1.0391,1.00,1.50
2016.08.04 14:41:49.604,1.03895,1.03908,1.00,1.00
2016.08.04 14:41:49.706,1.03894,1.03907,1.00,1.50
2016.08.04 14:41:49.858,1.03893,1.03906,1.00,1.00
2016.08.04 14:41:49.960,1.03893,1.03906,1.00,1.12
2016.08.04 14:41:50.112,1.03893,1.03905,1.00,1.00
2016.08.04 14:41:50.163,1.03893,1.03908,1.00,2.25
2016.08.04 14:41:50.214,1.03893,1.03909,1.00,2.06
2016.08.04 14:41:50.265,1.03893,1.0391,1.87,2.44
2016.08.04 14:41:50.316,1.03893,1.0391,1.87,1.94
2016.08.04 14:41:50.367,1.03893,1.0391,1.50,1.19
2016.08.04 14:41:50.520,1.03894,1.0391,1.00,1.19
2016.08.04 14:41:50.766,1.03893,1.0391,1.50,1.19
2016.08.04 14:41:50.904,1.03895,1.03909,1.00,1.25
2016.08.04 14:41:50.956,1.03895,1.03909,1.00,1.25
2016.08.04 14:41:51.278,1.03895,1.03909,1.00,1.00
2016.08.04 14:41:51.476,1.03895,1.03907,1.00,1.00
2016.08.04 14:41:51.528,1.03892,1.03905,2.25,1.00
2016.08.04 14:41:51.630,1.03892,1.03902,1.00,1.00
2016.08.04 14:41:51.753,1.03889,1.03902,1.00,1.00
2016.08.04 14:41:52.119,1.03889,1.03902,1.00,1.50
2016.08.04 14:41:52.545,1.0389,1.03902,1.00,1.00
2016.08.04 14:41:52.823,1.0389,1.03904,1.00,1.12
2016.08.04 14:41:53.129,1.03892,1.03904,1.00,1.12
2016.08.04 14:41:53.231,1.03891,1.03904,1.00,1.87
2016.08.04 14:41:53.435,1.03893,1.03904,1.00,1.12
2016.08.04 14:41:53.716,1.03894,1.03907,1.00,3.75
2016.08.04 14:41:53.768,1.03894,1.03907,1.00,2.25
2016.08.04 14:41:54.735,1.03894,1.03907,1.00,3.00
2016.08.04 14:41:54.837,1.03892,1.03907,1.00,3.00
2016.08.04 14:41:55.375,1.03892,1.03906,1.00,1.50
2016.08.04 14:41:55.426,1.03892,1.03905,1.00,1.37
2016.08.04 14:41:55.528,1.03891,1.03905,1.00,1.37
2016.08.04 14:41:56.449,1.03892,1.03907,1.00,1.75
2016.08.04 14:41:56.501,1.03892,1.03908,1.50,4.50
2016.08.04 14:41:56.669,1.03894,1.03907,1.00,1.00
2016.08.04 14:41:56.822,1.03894,1.03907,1.00,1.00
2016.08.04 14:41:56.975,1.03894,1.03907,1.00,1.00
2016.08.04 14:41:57.128,1.03892,1.03908,2.25,1.50
2016.08.04 14:41:57.179,1.03892,1.03908,2.25,1.00
2016.08.04 14:41:57.575,1.03892,1.03908,2.25,1.50
2016.08.04 14:41:57.679,1.03892,1.03908,1.50,1.50
2016.08.04 14:41:57.730,1.0389,1.03906,1.69,1.00
2016.08.04 14:41:57.924,1.03891,1.03906,1.25,1.00
2016.08.04 14:41:58.026,1.0389,1.03907,1.69,2.25
2016.08.04 14:41:58.077,1.03891,1.03907,1.31,1.50
2016.08.04 14:41:58.129,1.03892,1.03907,1.00,1.00
2016.08.04 14:41:58.681,1.03893,1.03908,1.00,1.50
2016.08.04 14:41:58.732,1.03893,1.03907,1.00,1.00
2016.08.04 14:41:58.835,1.03891,1.03905,2.44,1.00
2016.08.04 14:41:58.937,1.03892,1.03905,1.25,1.00
2016.08.04 14:41:59.502,1.03892,1.03905,1.00,1.00
2016.08.04 14:41:59.553,1.03892,1.03905,1.00,1.00
2016.08.04 14:41:59.706,1.03892,1.03905,1.00,1.00
2016.08.04 14:42:00.011,1.03889,1.03903,2.25,1.00
2016.08.04 14:42:00.062,1.03889,1.03904,3.75,1.50
2016.08.04 14:42:00.266,1.03889,1.03904,3.00,1.50
2016.08.04 14:42:00.527,1.03889,1.03901,2.25,1.00
2016.08.04 14:42:00.579,1.03887,1.03901,1.12,1.00
2016.08.04 14:42:00.682,1.03886,1.03899,1.87,1.00
2016.08.04 14:42:00.733,1.03886,1.03899,1.12,1.00
2016.08.04 14:42:00.988,1.03886,1.03899,1.00,1.00
2016.08.04 14:42:01.247,1.03885,1.03899,1.69,1.00
2016.08.04 14:42:01.298,1.03885,1.03899,1.50,1.00
2016.08.04 14:42:02.639,1.03885,1.03899,1.00,1.00
2016.08.04 14:42:02.986,1.03887,1.03899,1.00,1.00
2016.08.04 14:42:03.037,1.03888,1.03901,1.50,1.00
2016.08.04 14:42:03.140,1.03889,1.03901,1.00,1.00
2016.08.04 14:42:03.242,1.03889,1.03902,1.00,1.50
2016.08.04 14:42:03.293,1.03889,1.03902,1.00,1.00
2016.08.04 14:42:03.344,1.03891,1.03902,1.00,1.00
2016.08.04 14:42:03.395,1.03891,1.03904,1.00,1.00
2016.08.04 14:42:03.446,1.03891,1.03905,1.00,2.25
2016.08.04 14:42:03.497,1.03891,1.03905,1.50,1.50
2016.08.04 14:42:03.549,1.03892,1.03905,1.00,1.50
2016.08.04 14:42:03.600,1.03892,1.03905,1.00,1.00
2016.08.04 14:42:04.594,1.03893,1.03905,1.00,1.00
2016.08.04 14:42:04.845,1.03893,1.03906,1.00,1.50
2016.08.04 14:42:05.051,1.03892,1.03905,1.00,1.00
2016.08.04 14:42:05.458,1.03891,1.03906,1.50,1.00
2016.08.04 14:42:05.662,1.03891,1.03906,2.25,1.25
2016.08.04 14:42:05.764,1.03891,1.03906,1.00,1.69
2016.08.04 14:42:05.865,1.03891,1.03904,1.50,1.00
2016.08.04 14:42:05.970,1.03892,1.03905,1.00,1.00
2016.08.04 14:42:06.277,1.03891,1.03906,1.50,1.25
2016.08.04 14:42:06.328,1.03891,1.03906,1.50,1.00
2016.08.04 14:42:06.685,1.03891,1.03904,1.50,1.00
2016.08.04 14:42:08.969,1.03891,1.03904,1.00,1.00
2016.08.04 14:42:09.499,1.03891,1.03905,1.00,1.00
2016.08.04 14:42:09.753,1.0389,1.03905,1.12,1.50
2016.08.04 14:42:10.084,1.03888,1.03903,1.50,1.00
2016.08.04 14:42:10.188,1.03887,1.03902,3.94,1.00
2016.08.04 14:42:10.240,1.03887,1.03902,3.19,1.00
2016.08.04 14:42:10.554,1.03887,1.03902,2.44,1.00
2016.08.04 14:42:10.606,1.03887,1.03902,2.25,1.00
2016.08.04 14:42:10.759,1.03887,1.03903,1.00,1.00
2016.08.04 14:42:10.862,1.0389,1.03904,1.00,1.00
2016.08.04 14:42:11.056,1.0389,1.03904,1.00,1.00
2016.08.04 14:42:11.108,1.03891,1.03904,1.00,1.00
2016.08.04 14:42:11.159,1.0389,1.03904,1.50,1.00
2016.08.04 14:42:11.264,1.03891,1.03904,1.00,1.00
2016.08.04 14:42:11.774,1.03891,1.03904,1.00,1.00
2016.08.04 14:42:12.582,1.03891,1.03903,1.00,1.00
2016.08.04 14:42:12.836,1.03891,1.03904,1.00,1.50
2016.08.04 14:42:13.157,1.03889,1.03904,2.44,1.50
2016.08.04 14:42:13.259,1.03889,1.03904,2.25,1.69
2016.08.04 14:42:13.594,1.03889,1.03902,1.50,1.00
2016.08.04 14:42:13.901,1.0389,1.03903,1.00,1.00
2016.08.04 14:42:13.952,1.03891,1.03903,1.00,1.00
2016.08.04 14:42:14.003,1.03892,1.03905,1.00,1.00
2016.08.04 14:42:14.055,1.03896,1.03908,1.00,1.12
2016.08.04 14:42:14.106,1.03898,1.03909,1.00,1.50
2016.08.04 14:42:14.157,1.03898,1.03911,1.00,1.75
2016.08.04 14:42:14.208,1.03897,1.03912,1.00,1.00
2016.08.04 14:42:14.361,1.03896,1.03912,3.19,1.00
2016.08.04 14:42:14.412,1.03896,1.03913,3.94,1.50
2016.08.04 14:42:14.463,1.03896,1.03913,3.94,1.00
2016.08.04 14:42:14.679,1.03895,1.0391,2.44,1.00
2016.08.04 14:42:14.730,1.03897,1.03912,1.12,1.00
2016.08.04 14:42:14.781,1.03898,1.03915,2.44,3.75
2016.08.04 14:42:14.883,1.03901,1.03914,1.00,1.12
2016.08.04 14:42:14.934,1.03901,1.03914,1.50,1.12
2016.08.04 14:42:14.985,1.03901,1.03915,1.50,1.50
2016.08.04 14:42:15.189,1.03901,1.03915,1.00,1.50
2016.08.04 14:42:15.249,1.039,1.03914,1.00,1.12
2016.08.04 14:42:15.300,1.039,1.03913,1.00,1.00
2016.08.04 14:42:16.984,1.03901,1.03914,1.00,1.87
2016.08.04 14:42:17.037,1.03901,1.03914,1.00,1.12
2016.08.04 14:42:17.088,1.03901,1.03915,1.00,1.50
2016.08.04 14:42:17.241,1.03901,1.03915,1.00,1.50
2016.08.04 14:42:17.861,1.03901,1.03915,1.00,1.50
2016.08.04 14:42:18.070,1.03901,1.03915,1.00,1.50
2016.08.04 14:42:18.223,1.03901,1.03915,1.00,1.50
2016.08.04 14:42:18.274,1.03902,1.03916,1.50,1.75
2016.08.04 14:42:18.325,1.03902,1.03916,2.25,1.00
2016.08.04 14:42:18.478,1.03903,1.03916,1.00,1.00
2016.08.04 14:42:18.683,1.03905,1.03918,1.00,1.00
2016.08.04 14:42:18.734,1.03905,1.03918,1.50,1.00
2016.08.04 14:42:18.785,1.03905,1.0392,1.50,3.37
2016.08.04 14:42:18.886,1.03907,1.0392,1.00,1.12
2016.08.04 14:42:19.132,1.03907,1.0392,1.00,1.00
2016.08.04 14:42:19.386,1.03907,1.03919,1.00,1.00
2016.08.04 14:42:20.268,1.03907,1.03919,1.00,1.00
2016.08.04 14:42:20.319,1.03906,1.03919,1.12,1.00
2016.08.04 14:42:20.574,1.03907,1.0392,1.50,1.50
2016.08.04 14:42:20.781,1.03907,1.0392,1.00,1.00
2016.08.04 14:42:21.108,1.03907,1.03919,1.00,1.00
2016.08.04 14:42:21.666,1.03907,1.03919,1.00,1.12
2016.08.04 14:42:21.890,1.03906,1.03919,1.00,1.12
2016.08.04 14:42:22.116,1.03905,1.0392,1.00,2.25
2016.08.04 14:42:22.372,1.03907,1.0392,1.00,2.25
2016.08.04 14:42:22.668,1.03907,1.0392,1.50,1.00
2016.08.04 14:42:22.719,1.03908,1.03921,1.00,1.00
2016.08.04 14:42:22.771,1.03907,1.03922,1.50,1.87
2016.08.04 14:42:22.873,1.03907,1.03921,1.50,1.00
2016.08.04 14:42:22.975,1.03907,1.03921,2.25,1.00
2016.08.04 14:42:23.179,1.03907,1.03921,1.50,1.00
2016.08.04 14:42:23.393,1.03912,1.03925,1.50,1.75
2016.08.04 14:42:23.445,1.03912,1.03925,1.50,1.00
2016.08.04 14:42:23.496,1.03913,1.03925,1.00,1.00
2016.08.04 14:42:23.701,1.03913,1.03925,1.50,1.00
2016.08.04 14:42:23.905,1.03913,1.03925,1.00,1.00
2016.08.04 14:42:23.956,1.03913,1.03929,1.00,1.87
2016.08.04 14:42:24.177,1.03913,1.03928,1.00,3.37
2016.08.04 14:42:24.498,1.03913,1.03928,1.00,2.25
2016.08.04 14:42:25.050,1.03913,1.03928,1.50,1.50
2016.08.04 14:42:26.392,1.03913,1.03926,1.50,1.00
2016.08.04 14:42:26.698,1.03913,1.03926,1.00,1.00
2016.08.04 14:42:28.372,1.03913,1.03926,1.00,1.00
2016.08.04 14:42:28.787,1.03913,1.03926,1.00,1.00
2016.08.04 14:42:28.891,1.03912,1.03927,1.00,1.12
2016.08.04 14:42:28.943,1.03913,1.03927,1.00,1.12
2016.08.04 14:42:28.995,1.03916,1.03928,1.00,3.37
2016.08.04 14:42:29.046,1.03916,1.03928,1.00,2.62
2016.08.04 14:42:29.212,1.03913,1.0393,1.50,1.12
2016.08.04 14:42:29.263,1.03912,1.03928,1.00,1.00
2016.08.04 14:42:29.315,1.03911,1.03928,1.87,1.00
2016.08.04 14:42:29.366,1.03911,1.03928,1.50,1.75
2016.08.04 14:42:29.417,1.03911,1.03928,2.25,2.25
2016.08.04 14:42:29.468,1.03914,1.03928,1.00,1.75
2016.08.04 14:42:29.519,1.03914,1.03929,1.00,2.25
2016.08.04 14:42:29.621,1.03914,1.03929,1.00,1.75
2016.08.04 14:42:29.671,1.03914,1.03929,1.00,1.00
2016.08.04 14:42:30.388,1.03914,1.03928,1.50,1.00
2016.08.04 14:42:31.341,1.03917,1.0393,1.50,2.25
2016.08.04 14:42:31.392,1.03919,1.03932,1.50,1.75
2016.08.04 14:42:31.443,1.03919,1.03932,1.50,1.75
2016.08.04 14:42:31.494,1.03919,1.03932,1.50,1.00
2016.08.04 14:42:32.414,1.03919,1.03932,1.00,1.50
2016.08.04 14:42:32.466,1.03919,1.03932,1.00,2.25
2016.08.04 14:42:32.517,1.03917,1.0393,1.00,1.00
2016.08.04 14:42:32.823,1.03915,1.0393,1.00,1.00
2016.08.04 14:42:32.976,1.03915,1.0393,1.00,1.50
2016.08.04 14:42:33.567,1.03915,1.0393,1.25,1.50
2016.08.04 14:42:33.618,1.03915,1.0393,1.19,1.50
2016.08.04 14:42:33.669,1.03915,1.0393,1.19,1.00
2016.08.04 14:42:33.823,1.03916,1.03931,1.69,1.00
2016.08.04 14:42:33.875,1.03916,1.03931,1.69,1.00
2016.08.04 14:42:33.977,1.03916,1.03931,1.69,1.00
2016.08.04 14:42:34.231,1.03917,1.0393,1.00,1.00
2016.08.04 14:42:34.536,1.03916,1.0393,1.69,1.00
2016.08.04 14:42:34.843,1.03915,1.0393,1.00,1.50
2016.08.04 14:42:34.945,1.03915,1.03929,1.00,1.00
2016.08.04 14:42:34.996,1.03914,1.03929,1.12,2.25
2016.08.04 14:42:35.047,1.03914,1.03929,1.12,2.44
2016.08.04 14:42:35.149,1.03914,1.03929,1.12,1.50
2016.08.04 14:42:35.708,1.03914,1.03929,1.12,2.25
2016.08.04 14:42:35.861,1.03914,1.03929,1.12,1.50
2016.08.04 14:42:36.269,1.03914,1.03929,1.12,2.25
2016.08.04 14:42:36.578,1.03914,1.03929,1.00,3.00
2016.08.04 14:42:37.240,1.03911,1.03927,1.87,1.25
2016.08.04 14:42:37.342,1.03911,1.03926,1.87,1.00
2016.08.04 14:42:37.444,1.03911,1.03925,1.87,1.00
2016.08.04 14:42:37.495,1.03911,1.03925,1.50,1.00
2016.08.04 14:42:38.539,1.03912,1.03926,1.00,1.00
2016.08.04 14:42:38.946,1.03912,1.03924,1.00,1.00
2016.08.04 14:42:39.103,1.03911,1.03925,1.00,1.00
2016.08.04 14:42:39.387,1.0391,1.03921,1.31,1.00
2016.08.04 14:42:39.438,1.03907,1.03921,3.00,1.50
2016.08.04 14:42:39.489,1.03907,1.03921,2.62,1.50
2016.08.04 14:42:39.540,1.03905,1.03918,1.75,1.00
2016.08.04 14:42:39.591,1.03905,1.03914,1.00,1.00
2016.08.04 14:42:39.643,1.039,1.03911,2.81,1.00
2016.08.04 14:42:39.694,1.039,1.03911,1.87,1.00
2016.08.04 14:42:39.745,1.03896,1.0391,2.44,1.00
2016.08.04 14:42:39.796,1.03896,1.0391,1.87,1.00
2016.08.04 14:42:39.847,1.03896,1.03908,1.12,1.50
2016.08.04 14:42:39.898,1.03896,1.03908,1.00,1.87
2016.08.04 14:42:39.949,1.03896,1.03908,1.50,1.12
2016.08.04 14:42:40.153,1.03896,1.03909,1.50,1.37
2016.08.04 14:42:40.458,1.03896,1.03909,1.50,1.62
2016.08.04 14:42:41.149,1.03896,1.03908,1.50,1.12
2016.08.04 14:42:41.251,1.03896,1.0391,1.50,2.44
2016.08.04 14:42:42.052,1.03896,1.03909,1.50,1.62
2016.08.04 14:42:42.155,1.03896,1.03909,1.00,1.62
2016.08.04 14:42:42.206,1.03896,1.03909,1.00,1.56
2016.08.04 14:42:42.258,1.03895,1.03906,1.00,1.00
2016.08.04 14:42:43.259,1.03894,1.03906,1.00,1.00
2016.08.04 14:42:43.412,1.03896,1.03905,1.00,1.00
2016.08.04 14:42:43.515,1.03892,1.03902,1.50,1.00
2016.08.04 14:42:43.566,1.03892,1.03904,1.50,1.00
2016.08.04 14:42:43.719,1.03892,1.03904,1.00,1.00
2016.08.04 14:42:43.770,1.03892,1.039,1.00,1.00
2016.08.04 14:42:44.207,1.03891,1.039,1.87,1.00
2016.08.04 14:42:44.735,1.03891,1.03901,1.87,1.00
2016.08.04 14:42:45.413,1.03891,1.03901,1.12,1.00
2016.08.04 14:42:46.342,1.03891,1.039,1.12,1.00
2016.08.04 14:42:46.393,1.03891,1.039,1.00,1.00
2016.08.04 14:42:47.036,1.03891,1.03901,1.00,1.00
2016.08.04 14:42:47.561,1.03892,1.03901,1.00,1.00
2016.08.04 14:42:47.916,1.03888,1.039,1.00,1.00
2016.08.04 14:42:48.019,1.03887,1.039,2.25,1.00
2016.08.04 14:42:48.070,1.03887,1.039,1.50,1.00
2016.08.04 14:42:48.614,1.03887,1.03897,1.50,1.00
2016.08.04 14:42:48.665,1.03887,1.03897,1.00,1.00
2016.08.04 14:42:48.716,1.03884,1.03898,1.50,1.25
2016.08.04 14:42:48.767,1.03884,1.03897,1.50,1.00
2016.08.04 14:42:48.952,1.03884,1.03896,1.50,1.00
2016.08.04 14:42:49.003,1.03884,1.03898,1.50,1.25
2016.08.04 14:42:49.155,1.03884,1.03898,1.00,1.25
2016.08.04 14:42:49.377,1.03884,1.03898,1.50,1.25
2016.08.04 14:42:49.577,1.03884,1.03898,1.00,1.25
2016.08.04 14:42:49.943,1.03884,1.03899,1.00,1.69
2016.08.04 14:42:50.642,1.03884,1.03898,1.00,1.25
2016.08.04 14:42:51.443,1.03884,1.03899,1.00,1.69
2016.08.04 14:42:51.545,1.03884,1.03898,1.00,1.25
2016.08.04 14:42:52.244,1.03884,1.03899,1.00,1.19
2016.08.04 14:42:57.467,1.03884,1.03899,1.00,1.00
2016.08.04 14:42:58.014,1.03885,1.03899,1.00,1.00
2016.08.04 14:42:58.343,1.03888,1.03899,1.00,1.00
2016.08.04 14:42:59.593,1.03887,1.03899,1.00,1.00
2016.08.04 14:43:00.775,1.03885,1.03899,1.00,1.00
2016.08.04 14:43:01.032,1.03886,1.039,1.00,1.31
2016.08.04 14:43:01.083,1.03888,1.03902,1.00,1.94
2016.08.04 14:43:01.135,1.03888,1.03902,1.00,1.75
2016.08.04 14:43:01.243,1.03888,1.03902,1.00,1.12
2016.08.04 14:43:01.881,1.03889,1.03902,1.00,1.12
2016.08.04 14:43:02.590,1.03889,1.03902,1.00,1.87
2016.08.04 14:43:03.487,1.03888,1.03902,1.50,1.87
2016.08.04 14:43:03.538,1.03888,1.03902,1.00,1.87
2016.08.04 14:43:04.061,1.03888,1.03902,1.00,1.87
2016.08.04 14:43:05.767,1.03888,1.03902,1.00,1.87
2016.08.04 14:43:08.668,1.03888,1.03902,1.00,1.87
2016.08.04 14:43:08.837,1.03888,1.03902,1.00,1.87
2016.08.04 14:43:11.135,1.03888,1.03902,1.50,1.12
2016.08.04 14:43:12.681,1.03888,1.03902,1.50,1.00
2016.08.04 14:43:14.124,1.03888,1.03902,1.00,1.00
2016.08.04 14:43:14.175,1.03887,1.03901,1.50,1.00
2016.08.04 14:43:14.226,1.03887,1.03901,1.87,1.00
2016.08.04 14:43:14.277,1.03887,1.03901,1.50,1.00
2016.08.04 14:43:17.355,1.03887,1.03901,1.00,1.00
2016.08.04 14:43:17.893,1.03888,1.03902,1.00,1.00
2016.08.04 14:43:17.953,1.03887,1.03902,1.50,1.00
2016.08.04 14:43:18.055,1.03888,1.03902,1.00,1.00
2016.08.04 14:43:18.271,1.03887,1.03902,1.50,1.00
2016.08.04 14:43:18.373,1.03888,1.03902,1.00,1.00
2016.08.04 14:43:18.475,1.03887,1.03901,1.00,1.00
2016.08.04 14:43:18.784,1.03888,1.03901,1.00,1.00
2016.08.04 14:43:18.886,1.03888,1.03901,1.50,1.00
2016.08.04 14:43:19.555,1.03888,1.03901,1.00,1.00
2016.08.04 14:43:20.025,1.03888,1.03903,1.00,1.87
2016.08.04 14:43:21.934,1.03887,1.03899,1.50,1.00
2016.08.04 14:43:21.985,1.03887,1.03899,1.00,1.00
2016.08.04 14:43:22.102,1.03885,1.039,1.87,1.00
2016.08.04 14:43:22.154,1.03885,1.039,1.50,1.00
2016.08.04 14:43:23.147,1.03885,1.039,1.00,1.00
2016.08.04 14:43:23.448,1.03885,1.039,1.50,1.00
2016.08.04 14:43:23.550,1.03885,1.039,1.00,1.00
2016.08.04 14:43:24.862,1.03885,1.03899,1.00,1.00
2016.08.04 14:43:24.913,1.03883,1.03898,3.00,1.00
2016.08.04 14:43:24.964,1.03883,1.03898,1.87,1.50
2016.08.04 14:43:25.015,1.03882,1.03898,1.00,2.06
2016.08.04 14:43:25.066,1.03882,1.03895,1.00,1.00
2016.08.04 14:43:25.117,1.03882,1.03894,1.50,1.00
2016.08.04 14:43:25.168,1.03882,1.03894,1.00,1.00
2016.08.04 14:43:25.219,1.0388,1.03895,2.25,1.50
2016.08.04 14:43:25.270,1.0388,1.03895,1.50,1.50
2016.08.04 14:43:25.560,1.0388,1.03894,1.50,1.00
2016.08.04 14:43:26.655,1.0388,1.03895,1.50,1.00
2016.08.04 14:43:26.866,1.0388,1.03895,1.00,1.50
2016.08.04 14:43:26.917,1.03878,1.03895,1.50,1.50
2016.08.04 14:43:26.968,1.03878,1.03894,1.00,1.50
2016.08.04 14:43:27.019,1.03877,1.03891,1.69,1.00
2016.08.04 14:43:27.070,1.03877,1.03891,1.50,1.00
2016.08.04 14:43:27.121,1.03877,1.03889,1.00,1.00
2016.08.04 14:43:27.172,1.03876,1.03889,2.25,1.00
2016.08.04 14:43:27.223,1.03876,1.03889,1.87,1.00
2016.08.04 14:43:27.427,1.03876,1.03889,1.00,1.00
2016.08.04 14:43:28.235,1.03877,1.0389,1.00,1.00
2016.08.04 14:43:28.336,1.03877,1.03891,1.00,1.50
2016.08.04 14:43:28.387,1.03877,1.03891,1.00,1.00
2016.08.04 14:43:28.438,1.0388,1.03893,1.00,1.50
2016.08.04 14:43:28.489,1.0388,1.03894,1.00,1.87
2016.08.04 14:43:28.540,1.03878,1.03894,1.87,1.00
2016.08.04 14:43:28.592,1.03878,1.03895,1.87,1.87
2016.08.04 14:43:28.847,1.0388,1.03895,1.00,2.62
2016.08.04 14:43:30.306,1.03878,1.03894,1.50,1.00
2016.08.04 14:43:31.860,1.03878,1.03894,2.25,1.00
2016.08.04 14:43:32.683,1.03878,1.03894,1.50,1.00
2016.08.04 14:43:32.734,1.03877,1.03892,3.75,1.50
2016.08.04 14:43:32.786,1.03878,1.03892,1.50,1.50
2016.08.04 14:43:32.889,1.03877,1.03892,2.62,1.50
2016.08.04 14:43:32.940,1.03879,1.03892,1.00,1.00
2016.08.04 14:43:34.300,1.03879,1.03893,1.00,1.00
2016.08.04 14:43:36.865,1.03879,1.03893,1.50,1.00
2016.08.04 14:43:37.323,1.03881,1.03895,1.00,1.37
2016.08.04 14:43:37.375,1.03882,1.03895,1.00,1.37
2016.08.04 14:43:37.426,1.03884,1.03897,1.00,1.12
2016.08.04 14:43:37.760,1.03884,1.03897,1.00,1.12
2016.08.04 14:43:37.861,1.03884,1.03897,1.00,1.12
2016.08.04 14:43:38.222,1.03882,1.03896,3.00,1.00
2016.08.04 14:43:38.274,1.03882,1.03896,3.00,1.25
2016.08.04 14:43:38.377,1.03882,1.03896,2.25,1.25
2016.08.04 14:43:38.530,1.03882,1.03896,1.00,1.25
2016.08.04 14:43:38.632,1.03882,1.03896,1.00,1.69
2016.08.04 14:43:38.786,1.03882,1.03896,1.00,2.06
2016.08.04 14:43:38.837,1.03882,1.03896,1.00,2.44
2016.08.04 14:43:39.329,1.03881,1.03896,1.00,2.44
2016.08.04 14:43:39.456,1.03881,1.03896,1.00,3.19
2016.08.04 14:43:39.663,1.03881,1.03896,1.00,3.19
2016.08.04 14:43:39.714,1.0388,1.03896,2.25,2.44
2016.08.04 14:43:39.766,1.0388,1.03895,2.25,1.12
2016.08.04 14:43:40.480,1.0388,1.03895,2.25,1.87
2016.08.04 14:43:40.951,1.03881,1.03895,1.00,1.12
2016.08.04 14:43:41.053,1.03881,1.03894,1.00,1.00
2016.08.04 14:43:41.155,1.03881,1.03895,1.00,1.87
2016.08.04 14:43:41.257,1.0388,1.03895,1.50,2.81
2016.08.04 14:43:41.307,1.0388,1.03895,1.50,3.19
2016.08.04 14:43:41.358,1.03881,1.03893,1.00,1.00
2016.08.04 14:43:42.877,1.0388,1.03893,1.00,1.00
2016.08.04 14:43:43.089,1.0388,1.03895,1.00,2.81
2016.08.04 14:43:43.140,1.0388,1.03895,1.00,1.69
2016.08.04 14:43:43.242,1.03879,1.03894,1.00,1.00
2016.08.04 14:43:44.820,1.03879,1.03894,1.50,1.00
2016.08.04 14:43:45.644,1.03881,1.03894,1.00,1.00
2016.08.04 14:43:45.695,1.03881,1.03894,1.50,1.00
2016.08.04 14:43:45.747,1.03882,1.03893,1.00,1.00
2016.08.04 14:43:45.848,1.03883,1.03894,1.50,1.00
2016.08.04 14:43:45.950,1.03883,1.03893,1.12,1.00
2016.08.04 14:43:46.088,1.03883,1.03894,1.12,1.00
2016.08.04 14:43:46.140,1.03883,1.03894,1.50,1.00
2016.08.04 14:43:46.826,1.03883,1.03893,1.50,1.00
2016.08.04 14:43:47.083,1.03883,1.03893,1.50,1.00
2016.08.04 14:43:47.565,1.03883,1.03892,1.00,1.00
2016.08.04 14:43:48.035,1.03883,1.03897,1.50,1.69
2016.08.04 14:43:48.086,1.03885,1.03897,1.00,1.00
2016.08.04 14:43:48.137,1.03887,1.03898,1.00,1.00
2016.08.04 14:43:48.188,1.03887,1.03898,1.37,1.00
2016.08.04 14:43:48.239,1.03887,1.039,1.37,2.44
2016.08.04 14:43:48.290,1.03887,1.039,1.37,2.25
2016.08.04 14:43:48.341,1.03887,1.03899,1.37,1.00
2016.08.04 14:43:49.126,1.03887,1.039,1.37,1.00
2016.08.04 14:43:49.177,1.03887,1.039,1.37,1.50
2016.08.04 14:43:49.761,1.03887,1.039,1.37,1.00
2016.08.04 14:43:49.966,1.03885,1.039,2.25,1.00
2016.08.04 14:43:50.098,1.03885,1.03901,2.25,2.44
2016.08.04 14:43:50.150,1.03885,1.039,2.25,1.00
2016.08.04 14:43:50.253,1.03885,1.03901,2.25,2.44
2016.08.04 14:43:50.356,1.03885,1.03899,2.25,1.00
2016.08.04 14:43:51.574,1.03885,1.039,2.25,1.00
2016.08.04 14:43:53.059,1.03885,1.03899,1.75,1.00
2016.08.04 14:43:53.944,1.03885,1.039,1.75,1.00
2016.08.04 14:43:54.251,1.03887,1.039,1.37,1.00
2016.08.04 14:43:54.353,1.03887,1.03902,1.37,2.25
2016.08.04 14:43:54.404,1.03887,1.03902,1.87,2.25
2016.08.04 14:43:54.506,1.03887,1.03902,1.37,2.25
2016.08.04 14:43:54.738,1.03887,1.03902,1.37,1.50
2016.08.04 14:43:54.877,1.03887,1.03902,1.37,1.00
2016.08.04 14:43:55.029,1.03887,1.03901,1.37,1.00
2016.08.04 14:43:55.080,1.03887,1.039,1.37,1.00
2016.08.04 14:43:55.283,1.03887,1.03901,1.37,2.25
2016.08.04 14:43:55.589,1.03887,1.039,1.37,1.00
2016.08.04 14:43:55.640,1.03887,1.039,1.37,1.50
2016.08.04 14:43:55.691,1.03886,1.03899,1.87,1.00
2016.08.04 14:43:55.793,1.03886,1.039,1.87,1.50
2016.08.04 14:43:55.946,1.03886,1.039,1.50,1.00
2016.08.04 14:43:55.997,1.03888,1.03903,1.12,2.25
2016.08.04 14:43:56.049,1.03888,1.03902,1.12,1.00
2016.08.04 14:43:56.100,1.03888,1.03902,1.12,1.00
2016.08.04 14:43:56.151,1.03888,1.03903,1.12,1.50
2016.08.04 14:43:56.202,1.0389,1.03903,1.00,1.00
2016.08.04 14:43:57.485,1.03888,1.03903,1.12,1.00
2016.08.04 14:43:57.790,1.03888,1.03903,1.12,2.25
2016.08.04 14:43:57.842,1.03888,1.03903,1.12,3.00
2016.08.04 14:43:57.964,1.03887,1.039,1.50,1.00
2016.08.04 14:43:58.068,1.03886,1.039,2.81,1.00
2016.08.04 14:43:58.221,1.03886,1.039,2.81,1.00
2016.08.04 14:43:58.272,1.03886,1.039,2.81,1.50
2016.08.04 14:43:58.686,1.03886,1.039,3.56,1.50
2016.08.04 14:43:58.997,1.03886,1.039,2.81,1.50
2016.08.04 14:43:59.382,1.03886,1.039,2.06,1.50
2016.08.04 14:43:59.586,1.03886,1.039,2.06,1.00
2016.08.04 14:43:59.747,1.03886,1.039,1.87,1.00
2016.08.04 14:43:59.799,1.03886,1.039,1.87,1.00
2016.08.04 14:43:59.850,1.03887,1.039,1.50,1.00
2016.08.04 14:44:00.271,1.03887,1.039,1.50,1.50
2016.08.04 14:44:00.698,1.03887,1.039,1.50,1.50
2016.08.04 14:44:01.141,1.03886,1.039,2.62,1.50
2016.08.04 14:44:01.193,1.03886,1.03899,2.62,1.00
2016.08.04 14:44:01.246,1.03886,1.03899,1.50,1.50
2016.08.04 14:44:01.350,1.03886,1.03899,1.50,1.00
2016.08.04 14:44:01.452,1.03886,1.03899,1.37,1.50
2016.08.04 14:44:01.503,1.03886,1.03899,1.00,1.50
2016.08.04 14:44:01.867,1.03886,1.03899,1.00,1.00
2016.08.04 14:44:02.440,1.03886,1.03898,1.00,1.00
2016.08.04 14:44:03.273,1.03886,1.03899,1.00,1.50
2016.08.04 14:44:03.982,1.03887,1.03899,1.00,1.00
2016.08.04 14:44:04.186,1.03887,1.039,1.00,1.25
2016.08.04 14:44:04.288,1.03887,1.039,1.00,1.25
2016.08.04 14:44:04.450,1.03885,1.03899,1.12,1.00
2016.08.04 14:44:04.501,1.03885,1.03899,1.12,2.25
2016.08.04 14:44:04.886,1.03885,1.03898,1.12,1.00
2016.08.04 14:44:05.245,1.03885,1.03898,1.12,1.50
2016.08.04 14:44:05.296,1.03886,1.03898,1.00,1.00
2016.08.04 14:44:05.827,1.03886,1.03899,1.00,1.00
2016.08.04 14:44:06.512,1.03885,1.03899,1.87,1.00
2016.08.04 14:44:07.241,1.03885,1.03899,1.12,1.00
2016.08.04 14:44:07.292,1.03883,1.03898,2.25,1.00
2016.08.04 14:44:07.344,1.03883,1.03898,2.25,1.00
2016.08.04 14:44:07.395,1.03883,1.03898,1.50,1.50
2016.08.04 14:44:07.497,1.03882,1.03896,2.44,1.00
2016.08.04 14:44:07.548,1.03882,1.03896,1.75,1.00
2016.08.04 14:44:07.891,1.03883,1.03896,1.50,1.00
2016.08.04 14:44:08.262,1.03883,1.03896,1.50,1.50
2016.08.04 14:44:08.313,1.03882,1.03896,2.62,1.00
2016.08.04 14:44:08.731,1.03882,1.03896,1.75,1.00
2016.08.04 14:44:08.782,1.03881,1.03897,3.37,1.50
2016.08.04 14:44:09.148,1.03881,1.03896,3.37,1.00
2016.08.04 14:44:09.401,1.03881,1.03894,1.87,1.00
2016.08.04 14:44:09.452,1.03881,1.03894,1.00,1.00
2016.08.04 14:44:09.974,1.0388,1.03893,1.00,1.25
2016.08.04 14:44:10.025,1.0388,1.03893,1.00,1.69
2016.08.04 14:44:10.076,1.0388,1.03891,1.00,1.00
2016.08.04 14:44:10.437,1.03878,1.03891,1.87,1.00
2016.08.04 14:44:10.589,1.03877,1.03891,1.87,1.00
2016.08.04 14:44:10.642,1.03877,1.03891,1.87,1.50
2016.08.04 14:44:11.811,1.03878,1.03891,1.00,1.50
2016.08.04 14:44:11.914,1.03878,1.03891,1.50,1.00
2016.08.04 14:44:11.965,1.03878,1.03891,1.87,1.00
2016.08.04 14:44:12.016,1.0388,1.03894,1.50,1.25
2016.08.04 14:44:12.068,1.0388,1.03895,1.87,2.25
2016.08.04 14:44:12.120,1.03882,1.03895,1.00,2.25
2016.08.04 14:44:12.477,1.03882,1.03894,1.00,1.00
2016.08.04 14:44:13.398,1.03881,1.03894,1.50,1.00
2016.08.04 14:44:15.327,1.03882,1.03894,1.00,1.00
2016.08.04 14:44:15.531,1.03881,1.03895,1.50,1.69
2016.08.04 14:44:15.686,1.03881,1.03895,1.50,1.00
2016.08.04 14:44:15.737,1.03884,1.03895,1.00,1.00
2016.08.04 14:44:15.884,1.03884,1.03897,1.00,1.69
2016.08.04 14:44:15.935,1.03885,1.03897,1.00,1.25
2016.08.04 14:44:15.987,1.03885,1.03897,1.12,1.25
2016.08.04 14:44:16.038,1.03885,1.03897,1.50,1.25
2016.08.04 14:44:16.246,1.03885,1.03896,1.50,1.00
2016.08.04 14:44:17.062,1.03885,1.03897,1.75,1.25
2016.08.04 14:44:17.251,1.03886,1.03898,3.37,1.19
2016.08.04 14:44:17.304,1.03887,1.03898,1.12,1.19
2016.08.04 14:44:17.357,1.03887,1.039,1.12,1.25
2016.08.04 14:44:17.459,1.03887,1.03902,1.87,1.69
2016.08.04 14:44:17.612,1.03887,1.03901,1.12,1.00
2016.08.04 14:44:17.664,1.03886,1.03901,2.62,1.00
2016.08.04 14:44:17.812,1.03886,1.03901,2.62,1.25
2016.08.04 14:44:17.862,1.03886,1.03901,1.50,1.25
2016.08.04 14:44:18.316,1.03886,1.03901,2.62,1.25
2016.08.04 14:44:18.394,1.03887,1.03902,1.12,1.69
2016.08.04 14:44:18.445,1.03887,1.03902,1.12,2.44
2016.08.04 14:44:18.736,1.03886,1.03901,3.37,1.25
2016.08.04 14:44:18.940,1.03886,1.03901,3.37,1.69
2016.08.04 14:44:19.225,1.03886,1.03901,2.62,1.69
2016.08.04 14:44:21.170,1.0389,1.03901,1.00,1.69
2016.08.04 14:44:21.221,1.03892,1.03901,1.00,1.25
2016.08.04 14:44:21.323,1.03892,1.03901,1.00,1.00
2016.08.04 14:44:21.374,1.03892,1.03905,1.00,1.19
2016.08.04 14:44:21.526,1.03892,1.03905,1.00,1.69
2016.08.04 14:44:22.072,1.03891,1.03905,1.00,2.44
2016.08.04 14:44:22.174,1.03891,1.03905,1.00,1.69
2016.08.04 14:44:22.327,1.03891,1.03904,1.00,1.00
2016.08.04 14:44:22.378,1.03891,1.03904,1.00,1.00
2016.08.04 14:44:22.429,1.0389,1.03904,1.12,1.00
2016.08.04 14:44:22.532,1.0389,1.03904,1.12,1.25
2016.08.04 14:44:22.686,1.03889,1.03904,1.50,1.69
2016.08.04 14:44:22.738,1.03889,1.03904,2.25,1.69
2016.08.04 14:44:22.840,1.03889,1.03903,1.50,1.00
2016.08.04 14:44:23.336,1.03891,1.03904,1.00,1.69
2016.08.04 14:44:23.641,1.03892,1.03904,1.00,1.25
2016.08.04 14:44:24.149,1.0389,1.03904,1.12,1.25
2016.08.04 14:44:24.533,1.03891,1.03904,1.00,1.25
2016.08.04 14:44:24.825,1.0389,1.03904,1.12,1.25
2016.08.04 14:44:24.877,1.0389,1.03905,1.12,1.19
2016.08.04 14:44:24.928,1.0389,1.03905,1.12,1.19
2016.08.04 14:44:25.030,1.0389,1.03903,1.12,1.00
2016.08.04 14:44:25.134,1.03888,1.03903,1.75,1.50
2016.08.04 14:44:25.185,1.03888,1.03903,1.37,1.69
2016.08.04 14:44:25.236,1.03888,1.03903,1.00,1.69
2016.08.04 14:44:25.338,1.03888,1.03899,1.00,1.00
2016.08.04 14:44:25.876,1.03888,1.03901,1.00,1.69
2016.08.04 14:44:26.102,1.03888,1.03901,1.00,1.69
2016.08.04 14:44:26.154,1.03888,1.039,1.00,1.00
2016.08.04 14:44:26.275,1.03886,1.03901,2.25,1.69
2016.08.04 14:44:26.327,1.03886,1.03901,1.87,1.69
2016.08.04 14:44:27.168,1.03886,1.03899,1.87,1.00
2016.08.04 14:44:27.856,1.03887,1.03899,1.00,1.00
2016.08.04 14:44:28.357,1.03887,1.039,1.00,1.00
2016.08.04 14:44:29.471,1.03887,1.03902,1.00,2.44
2016.08.04 14:44:29.954,1.03887,1.03901,1.00,1.25
2016.08.04 14:44:30.057,1.0389,1.03902,1.00,1.19
2016.08.04 14:44:30.108,1.0389,1.03903,1.00,2.44
2016.08.04 14:44:30.262,1.0389,1.03903,1.50,1.19
2016.08.04 14:44:30.313,1.0389,1.03903,1.87,1.00
2016.08.04 14:44:30.364,1.03894,1.03906,1.00,1.31
2016.08.04 14:44:30.415,1.03894,1.03905,1.00,1.19
2016.08.04 14:44:30.467,1.03892,1.03905,1.00,1.69
2016.08.04 14:44:30.568,1.0389,1.03902,1.00,1.00
2016.08.04 14:44:30.772,1.03889,1.03902,1.12,1.19
2016.08.04 14:44:31.283,1.03889,1.03902,1.12,1.69
2016.08.04 14:44:31.338,1.0389,1.03902,1.00,1.19
2016.08.04 14:44:31.542,1.03888,1.03902,1.50,1.19
2016.08.04 14:44:31.593,1.03888,1.03902,1.50,1.19
2016.08.04 14:44:31.796,1.03888,1.03902,2.25,1.19
2016.08.04 14:44:31.847,1.03888,1.03902,1.87,1.19
2016.08.04 14:44:31.898,1.03888,1.03902,1.00,1.19
2016.08.04 14:44:31.949,1.03889,1.03902,1.00,1.69
2016.08.04 14:44:33.568,1.03889,1.03902,1.00,1.19
2016.08.04 14:44:33.670,1.03889,1.03902,1.00,1.69
2016.08.04 14:44:33.968,1.0389,1.03902,1.00,1.19
2016.08.04 14:44:35.549,1.03891,1.03902,1.00,1.19
2016.08.04 14:44:36.442,1.03891,1.03903,1.00,1.19
2016.08.04 14:44:36.594,1.03891,1.03904,1.00,1.69
2016.08.04 14:44:37.046,1.03891,1.03903,1.00,1.19
2016.08.04 14:44:37.097,1.03891,1.03903,1.50,1.19
2016.08.04 14:44:37.149,1.0389,1.03903,1.87,1.25
2016.08.04 14:44:37.200,1.03891,1.03903,1.37,1.25
2016.08.04 14:44:37.251,1.03891,1.03904,1.00,1.19
2016.08.04 14:44:37.353,1.03891,1.03904,1.00,1.69
2016.08.04 14:44:37.466,1.03889,1.03904,2.25,1.19
2016.08.04 14:44:37.517,1.03889,1.03904,2.62,1.19
2016.08.04 14:44:37.568,1.0389,1.03904,1.12,1.69
2016.08.04 14:44:37.670,1.03889,1.03904,2.25,1.69
2016.08.04 14:44:37.771,1.03889,1.03903,1.50,1.25
2016.08.04 14:44:38.031,1.03889,1.03903,1.37,1.25
2016.08.04 14:44:38.149,1.03889,1.03903,1.50,1.25
2016.08.04 14:44:38.200,1.0389,1.03903,1.00,2.06
2016.08.04 14:44:38.252,1.0389,1.03903,1.00,1.31
2016.08.04 14:44:38.354,1.0389,1.03903,1.00,1.25
2016.08.04 14:44:38.575,1.0389,1.03903,1.00,1.19
2016.08.04 14:44:39.185,1.0389,1.03903,1.00,1.69
2016.08.04 14:44:40.572,1.03889,1.03903,1.12,1.69
2016.08.04 14:44:40.695,1.03889,1.03903,1.12,1.19
2016.08.04 14:44:40.847,1.0389,1.03903,1.00,1.69
2016.08.04 14:44:41.051,1.0389,1.03903,1.00,2.44
2016.08.04 14:44:41.201,1.0389,1.03903,1.00,1.69
2016.08.04 14:44:41.305,1.03891,1.03904,1.50,1.19
2016.08.04 14:44:41.413,1.03894,1.03904,1.00,1.00
2016.08.04 14:44:41.481,1.03898,1.03912,1.00,2.36
2016.08.04 14:44:41.533,1.03899,1.03912,1.00,1.15
2016.08.04 14:44:41.586,1.03901,1.03915,1.00,1.31
2016.08.04 14:44:41.639,1.03901,1.03915,1.00,1.19
2016.08.04 14:44:41.690,1.039,1.03916,1.12,1.19
2016.08.04 14:44:41.795,1.039,1.03916,1.12,1.50
2016.08.04 14:44:41.899,1.039,1.03916,1.12,1.69
2016.08.04 14:44:41.951,1.039,1.03916,1.12,2.06
2016.08.04 14:44:42.107,1.039,1.03916,1.12,1.69
2016.08.04 14:44:42.158,1.03899,1.03916,1.37,1.69
2016.08.04 14:44:42.401,1.03899,1.03916,1.37,2.44
2016.08.04 14:44:42.553,1.03901,1.03916,1.00,3.19
2016.08.04 14:44:42.967,1.03903,1.03916,1.00,3.19
2016.08.04 14:44:43.295,1.03903,1.03915,1.00,1.19
2016.08.04 14:44:43.776,1.03902,1.03916,1.00,1.69
2016.08.04 14:44:43.828,1.03902,1.03916,1.00,1.19
2016.08.04 14:44:44.073,1.03902,1.03915,1.12,1.69
2016.08.04 14:44:44.125,1.03902,1.03915,1.00,1.69
2016.08.04 14:44:44.842,1.03903,1.03915,1.00,1.69
2016.08.04 14:44:45.277,1.03902,1.03915,1.00,1.25
2016.08.04 14:44:46.341,1.03902,1.03916,1.50,1.19
2016.08.04 14:44:46.520,1.03902,1.03912,1.00,1.00
2016.08.04 14:44:46.571,1.039,1.03913,1.00,1.00
2016.08.04 14:44:46.623,1.039,1.03912,1.00,1.25
2016.08.04 14:44:46.674,1.03898,1.03911,1.50,1.00
2016.08.04 14:44:46.725,1.03898,1.03908,1.12,1.25
2016.08.04 14:44:46.776,1.03894,1.03906,1.75,1.00
2016.08.04 14:44:46.827,1.03894,1.03904,1.75,1.00
2016.08.04 14:44:46.878,1.03892,1.03904,1.87,1.00
2016.08.04 14:44:46.930,1.03891,1.03904,2.25,1.00
2016.08.04 14:44:46.981,1.03891,1.03904,1.50,1.00
2016.08.04 14:44:47.833,1.03891,1.03904,1.50,1.19
2016.08.04 14:44:47.964,1.0389,1.03904,1.75,1.19
2016.08.04 14:44:49.018,1.03889,1.03904,2.25,1.69
2016.08.04 14:44:50.603,1.03889,1.03902,2.25,1.00
2016.08.04 14:44:50.756,1.03889,1.03902,1.87,1.00
2016.08.04 14:44:50.807,1.03889,1.03902,1.12,1.00
2016.08.04 14:44:51.415,1.03889,1.03902,1.12,1.50
2016.08.04 14:44:52.085,1.03887,1.039,2.62,1.00
2016.08.04 14:44:52.136,1.03887,1.039,1.50,1.00
2016.08.04 14:44:52.188,1.03886,1.039,1.75,1.00
2016.08.04 14:44:52.240,1.03886,1.039,1.75,1.19
2016.08.04 14:44:52.343,1.03885,1.039,2.25,1.19
2016.08.04 14:44:52.547,1.03885,1.039,1.87,1.19
2016.08.04 14:44:52.648,1.03885,1.03899,1.87,1.25
2016.08.04 14:44:52.886,1.03885,1.03899,1.37,1.69
2016.08.04 14:44:52.937,1.03884,1.03899,3.00,2.44
2016.08.04 14:44:53.132,1.03884,1.03899,3.00,1.69
2016.08.04 14:44:53.438,1.03884,1.03899,3.00,2.44
2016.08.04 14:44:53.541,1.03884,1.03899,2.25,2.44
2016.08.04 14:44:53.643,1.03884,1.03899,2.25,1.69
2016.08.04 14:44:54.933,1.03884,1.03896,1.50,1.00
2016.08.04 14:44:54.984,1.03883,1.03895,2.62,1.19
2016.08.04 14:44:55.036,1.03883,1.03895,1.00,2.44
2016.08.04 14:44:55.087,1.03881,1.03894,1.00,1.19
2016.08.04 14:44:55.139,1.03881,1.03894,1.00,1.69
2016.08.04 14:44:55.190,1.03882,1.03894,1.00,1.19
2016.08.04 14:44:55.241,1.03882,1.03897,1.00,2.81
2016.08.04 14:44:55.292,1.03883,1.03897,1.00,1.69
2016.08.04 14:44:55.567,1.03883,1.03897,1.00,1.19
2016.08.04 14:44:55.982,1.03883,1.03895,1.00,1.00
2016.08.04 14:44:56.085,1.03882,1.03895,1.00,1.56
2016.08.04 14:44:56.136,1.0388,1.03894,1.12,2.06
2016.08.04 14:44:56.238,1.03878,1.03893,2.25,1.31
2016.08.04 14:44:56.379,1.03878,1.03892,1.50,1.19
2016.08.04 14:44:56.431,1.03877,1.03891,2.25,1.00
2016.08.04 14:44:56.634,1.03878,1.03891,1.00,1.00
2016.08.04 14:44:56.736,1.03878,1.03892,1.00,1.69
2016.08.04 14:44:57.954,1.03878,1.03892,1.50,1.25
2016.08.04 14:44:58.006,1.03878,1.03892,1.50,1.31
2016.08.04 14:44:58.112,1.03878,1.03893,1.50,1.69
2016.08.04 14:44:58.357,1.0388,1.03893,1.00,1.19
2016.08.04 14:44:59.852,1.0388,1.03894,1.00,2.44
2016.08.04 14:45:00.005,1.0388,1.03894,1.00,3.19
2016.08.04 14:45:00.107,1.0388,1.03894,1.00,2.81
2016.08.04 14:45:00.158,1.0388,1.03894,1.50,1.12
2016.08.04 14:45:00.209,1.03881,1.03895,1.00,1.31
2016.08.04 14:45:00.260,1.03881,1.03895,1.50,1.25
2016.08.04 14:45:00.528,1.03881,1.03895,1.50,1.31
2016.08.04 14:45:00.579,1.03881,1.03895,1.50,2.06
2016.08.04 14:45:00.630,1.03881,1.03895,1.00,2.06
2016.08.04 14:45:00.770,1.03879,1.03895,1.50,1.31
2016.08.04 14:45:01.205,1.03879,1.03895,1.50,1.19
2016.08.04 14:45:01.306,1.03879,1.03893,1.00,1.25
2016.08.04 14:45:01.408,1.03879,1.03894,1.50,1.19
2016.08.04 14:45:01.572,1.03879,1.03894,1.50,1.19
2016.08.04 14:45:01.731,1.03879,1.03894,1.50,1.56
2016.08.04 14:45:01.783,1.03879,1.03894,1.00,2.06
2016.08.04 14:45:02.732,1.03879,1.03894,1.00,1.31
2016.08.04 14:45:02.886,1.03879,1.03893,1.00,1.25
2016.08.04 14:45:02.937,1.03878,1.03891,1.00,1.00
2016.08.04 14:45:02.989,1.03878,1.03891,1.00,1.25
2016.08.04 14:45:03.040,1.03878,1.0389,1.00,2.25
2016.08.04 14:45:03.196,1.03877,1.0389,1.37,2.25
2016.08.04 14:45:03.253,1.03875,1.03888,1.00,1.19
2016.08.04 14:45:03.304,1.03875,1.03887,1.00,1.25
2016.08.04 14:45:03.457,1.03874,1.03886,1.12,1.25
2016.08.04 14:45:03.508,1.03874,1.03885,1.12,1.00
2016.08.04 14:45:03.560,1.03873,1.03885,1.00,1.50
2016.08.04 14:45:03.662,1.03873,1.03885,1.00,1.00
2016.08.04 14:45:03.713,1.0387,1.03885,3.00,1.50
2016.08.04 14:45:03.766,1.0387,1.03884,1.50,1.25
2016.08.04 14:45:03.817,1.0387,1.03883,1.50,1.00
2016.08.04 14:45:03.869,1.0387,1.03883,1.50,1.50
2016.08.04 14:45:03.920,1.0387,1.03883,1.00,2.25
2016.08.04 14:45:03.971,1.0387,1.03882,1.00,1.00
2016.08.04 14:45:04.096,1.03872,1.03883,1.00,1.00
2016.08.04 14:45:04.147,1.03874,1.03889,1.00,2.44
2016.08.04 14:45:04.199,1.03874,1.03889,1.00,1.75
2016.08.04 14:45:04.250,1.03877,1.03892,1.00,3.94
2016.08.04 14:45:04.302,1.03877,1.03892,1.50,2.81
2016.08.04 14:45:04.353,1.03877,1.03892,1.50,1.62
2016.08.04 14:45:04.405,1.03877,1.03892,2.25,1.62
2016.08.04 14:45:04.457,1.03879,1.03895,1.50,2.25
2016.08.04 14:45:04.508,1.03879,1.03895,1.50,1.75
2016.08.04 14:45:04.559,1.03879,1.03895,1.87,1.12
2016.08.04 14:45:05.014,1.0388,1.03895,1.00,1.12
2016.08.04 14:45:05.175,1.0388,1.03893,1.00,1.00
2016.08.04 14:45:05.686,1.0388,1.03895,1.00,1.12
2016.08.04 14:45:06.337,1.03881,1.03894,1.00,1.50
2016.08.04 14:45:06.457,1.03882,1.03893,1.00,1.00
2016.08.04 14:45:06.660,1.03883,1.03894,1.00,1.69
2016.08.04 14:45:06.765,1.03883,1.03894,1.00,1.25
2016.08.04 14:45:06.816,1.03883,1.03896,1.00,1.69
2016.08.04 14:45:06.867,1.03883,1.03896,1.00,1.25
2016.08.04 14:45:07.070,1.03882,1.03896,1.00,1.19
2016.08.04 14:45:07.121,1.03882,1.03895,1.00,1.25
2016.08.04 14:45:07.325,1.0388,1.03893,1.50,1.00
2016.08.04 14:45:07.376,1.0388,1.0389,1.12,1.00
2016.08.04 14:45:07.487,1.0388,1.0389,1.12,1.69
2016.08.04 14:45:07.540,1.03876,1.03888,1.12,1.00
2016.08.04 14:45:07.591,1.03876,1.03888,1.00,1.00
2016.08.04 14:45:07.744,1.03875,1.03888,1.00,1.50
2016.08.04 14:45:07.846,1.03873,1.03888,1.50,1.50
2016.08.04 14:45:07.948,1.03873,1.03888,1.50,1.69
2016.08.04 14:45:09.388,1.03873,1.03887,1.00,1.19
2016.08.04 14:45:09.687,1.03873,1.03887,1.00,1.69
2016.08.04 14:45:09.738,1.03872,1.03886,1.00,1.25
2016.08.04 14:45:09.789,1.03871,1.03886,1.00,1.25
2016.08.04 14:45:10.043,1.03871,1.03886,1.00,1.19
2016.08.04 14:45:10.141,1.03872,1.03886,1.00,1.19
2016.08.04 14:45:10.249,1.03876,1.03887,1.00,1.12
2016.08.04 14:45:10.300,1.03876,1.03888,1.00,1.50
2016.08.04 14:45:10.352,1.03875,1.03889,1.00,2.06
2016.08.04 14:45:10.403,1.03875,1.03889,1.00,1.19
2016.08.04 14:45:10.455,1.03876,1.03889,1.50,1.19
2016.08.04 14:45:10.557,1.03876,1.0389,1.50,1.19
2016.08.04 14:45:14.084,1.03877,1.0389,1.00,1.19
2016.08.04 14:45:14.135,1.03877,1.0389,1.00,1.25
2016.08.04 14:45:15.846,1.03877,1.03891,1.00,1.19
2016.08.04 14:45:17.537,1.03876,1.03891,1.50,1.19
2016.08.04 14:45:18.088,1.03876,1.03891,2.25,1.19
2016.08.04 14:45:18.240,1.03879,1.03893,1.00,1.69
2016.08.04 14:45:18.342,1.03879,1.03894,1.00,3.94
2016.08.04 14:45:18.393,1.03879,1.03894,1.00,3.19
2016.08.04 14:45:18.598,1.0388,1.03894,1.00,2.44
2016.08.04 14:45:18.700,1.0388,1.03894,1.00,1.69
2016.08.04 14:45:19.334,1.03879,1.03893,1.00,1.31
2016.08.04 14:45:21.581,1.03878,1.03893,1.50,2.44
2016.08.04 14:45:21.683,1.03878,1.03893,1.00,3.94
2016.08.04 14:45:21.734,1.03876,1.03892,1.50,1.56
2016.08.04 14:45:21.886,1.03876,1.03892,1.50,2.06
2016.08.04 14:45:21.988,1.03876,1.03892,1.50,1.69
2016.08.04 14:45:22.294,1.03876,1.03892,1.50,2.44
2016.08.04 14:45:22.345,1.03876,1.0389,1.00,1.25
2016.08.04 14:45:22.396,1.03875,1.0389,1.00,1.25
2016.08.04 14:45:22.714,1.03875,1.0389,1.00,1.25
2016.08.04 14:45:23.199,1.03875,1.0389,1.00,2.06
2016.08.04 14:45:23.251,1.03875,1.03888,1.00,1.19
2016.08.04 14:45:23.563,1.03875,1.03888,1.00,1.31
2016.08.04 14:45:23.615,1.03875,1.03887,1.00,1.25
2016.08.04 14:45:25.867,1.03875,1.03887,1.00,1.31
2016.08.04 14:45:26.186,1.03875,1.03887,1.00,1.25
2016.08.04 14:45:26.238,1.03872,1.03887,1.12,1.19
2016.08.04 14:45:26.405,1.03872,1.03887,1.87,1.19
2016.08.04 14:45:26.456,1.03872,1.03887,2.62,1.19
2016.08.04 14:45:26.507,1.03872,1.03887,1.87,1.19
2016.08.04 14:45:26.660,1.03873,1.03887,1.00,1.19
2016.08.04 14:45:27.331,1.03873,1.03888,1.00,1.19
2016.08.04 14:45:27.382,1.03875,1.0389,1.00,2.06
2016.08.04 14:45:27.433,1.03875,1.0389,1.50,2.06
2016.08.04 14:45:27.484,1.03876,1.0389,1.00,1.56
2016.08.04 14:45:27.535,1.03876,1.0389,1.00,1.37
2016.08.04 14:45:27.840,1.03876,1.0389,1.12,1.37
2016.08.04 14:45:27.965,1.03877,1.0389,1.00,1.37
2016.08.04 14:45:30.129,1.03877,1.03892,1.50,1.94
2016.08.04 14:45:30.181,1.0388,1.03893,1.00,2.44
2016.08.04 14:45:30.232,1.0388,1.03893,1.00,1.19
2016.08.04 14:45:30.741,1.03879,1.03893,1.00,1.19
2016.08.04 14:45:30.971,1.03875,1.03887,1.12,1.25
2016.08.04 14:45:31.078,1.03874,1.03887,1.50,1.25
2016.08.04 14:45:31.130,1.03874,1.03885,1.00,1.50
2016.08.04 14:45:31.182,1.03871,1.03883,1.87,1.00
2016.08.04 14:45:31.234,1.03871,1.03883,1.12,1.00
2016.08.04 14:45:31.285,1.03871,1.03883,1.12,1.19
2016.08.04 14:45:31.387,1.03869,1.03882,1.75,1.19
2016.08.04 14:45:31.439,1.03869,1.03882,1.00,1.19
2016.08.04 14:45:31.490,1.03868,1.03881,1.50,1.19
2016.08.04 14:45:31.824,1.03868,1.03881,1.00,1.69
2016.08.04 14:45:32.028,1.03868,1.03881,1.00,1.25
2016.08.04 14:45:32.079,1.03871,1.03884,1.00,1.69
2016.08.04 14:45:32.179,1.03869,1.03883,1.00,1.19
2016.08.04 14:45:33.177,1.03873,1.03885,1.00,1.19
2016.08.04 14:45:33.231,1.03873,1.03886,1.87,2.44
2016.08.04 14:45:33.373,1.03873,1.03886,1.00,1.19
2016.08.04 14:45:33.425,1.03873,1.03886,1.00,1.19
2016.08.04 14:45:33.476,1.03874,1.03888,1.00,1.19
2016.08.04 14:45:33.774,1.03876,1.03889,1.00,1.19
2016.08.04 14:45:33.927,1.03876,1.03891,1.00,1.69
2016.08.04 14:45:33.979,1.03875,1.0389,1.12,1.25
2016.08.04 14:45:36.083,1.03876,1.03891,1.50,1.69
2016.08.04 14:45:36.184,1.03877,1.03891,1.00,1.69
2016.08.04 14:45:36.789,1.03878,1.03891,1.00,1.69
2016.08.04 14:45:36.842,1.03878,1.03891,1.00,1.19
2016.08.04 14:45:38.172,1.03878,1.03891,1.00,1.69
2016.08.04 14:45:38.276,1.03878,1.03891,1.00,1.19
2016.08.04 14:45:39.276,1.03877,1.03891,1.00,1.19
2016.08.04 14:45:39.327,1.03876,1.03891,1.50,1.19
2016.08.04 14:45:39.632,1.03876,1.03888,1.00,1.00
2016.08.04 14:45:39.683,1.03874,1.03888,2.25,1.00
2016.08.04 14:45:39.836,1.03874,1.03888,1.50,1.00
2016.08.04 14:45:39.887,1.03876,1.03888,1.00,1.00
2016.08.04 14:45:39.938,1.03876,1.0389,1.00,1.69
2016.08.04 14:45:40.091,1.03876,1.0389,1.00,1.19
2016.08.04 14:45:41.227,1.03877,1.0389,1.00,1.19
2016.08.04 14:45:41.733,1.03876,1.0389,1.00,1.19
2016.08.04 14:45:42.306,1.03876,1.0389,1.00,1.69
2016.08.04 14:45:42.806,1.03876,1.0389,1.00,1.19
2016.08.04 14:45:43.540,1.03876,1.0389,1.00,1.69
2016.08.04 14:45:43.591,1.03874,1.03889,1.50,1.69
2016.08.04 14:45:43.642,1.03874,1.03889,1.50,2.44
2016.08.04 14:45:43.693,1.03873,1.03887,1.75,1.25
2016.08.04 14:45:43.833,1.03873,1.03887,1.37,1.19
2016.08.04 14:45:43.884,1.03873,1.03887,1.00,1.69
2016.08.04 14:45:43.935,1.03873,1.03887,1.00,1.69
2016.08.04 14:45:43.986,1.03872,1.03886,1.00,1.25
2016.08.04 14:45:44.037,1.03872,1.03886,1.00,1.25
2016.08.04 14:45:44.139,1.03872,1.03886,1.00,1.25
2016.08.04 14:45:44.241,1.03872,1.03886,1.00,1.31
2016.08.04 14:45:44.292,1.0387,1.03885,1.50,1.50
2016.08.04 14:45:44.343,1.0387,1.03884,1.50,1.25
2016.08.04 14:45:44.393,1.0387,1.03884,1.00,1.25
2016.08.04 14:45:44.608,1.0387,1.03885,1.00,2.44
2016.08.04 14:45:45.142,1.03869,1.03885,1.00,2.44
2016.08.04 14:45:45.788,1.03869,1.03884,1.00,1.25
2016.08.04 14:45:45.891,1.03869,1.03885,1.00,1.19
2016.08.04 14:45:47.314,1.03869,1.03885,1.00,1.19
2016.08.04 14:45:47.366,1.03872,1.03886,1.00,1.31
2016.08.04 14:45:47.417,1.03873,1.03887,1.00,2.44
2016.08.04 14:45:47.470,1.03873,1.03887,1.00,1.19
2016.08.04 14:45:47.573,1.03876,1.03889,1.00,1.31
2016.08.04 14:45:47.675,1.03875,1.03889,1.12,1.25
2016.08.04 14:45:47.726,1.03876,1.03889,1.00,1.25
2016.08.04 14:45:47.829,1.03875,1.03888,1.12,1.00
2016.08.04 14:45:48.032,1.03874,1.03888,1.50,1.00
2016.08.04 14:45:48.467,1.03874,1.03888,1.50,1.50
2016.08.04 14:45:48.671,1.03874,1.03888,1.50,1.69
2016.08.04 14:45:53.667,1.03874,1.03888,1.50,1.25
2016.08.04 14:45:53.718,1.03873,1.03884,1.75,1.00
2016.08.04 14:45:53.769,1.0387,1.03884,1.75,1.00
2016.08.04 14:45:53.871,1.03871,1.03885,1.00,1.00
2016.08.04 14:45:54.008,1.03874,1.03888,1.00,2.06
2016.08.04 14:45:54.065,1.03874,1.03888,1.00,1.19
2016.08.04 14:45:54.168,1.03874,1.03889,1.00,1.19
2016.08.04 14:45:54.474,1.03876,1.03889,1.00,1.19
2016.08.04 14:45:55.804,1.03877,1.0389,1.00,1.19
2016.08.04 14:45:56.153,1.03877,1.0389,1.00,1.69
2016.08.04 14:45:56.624,1.03877,1.0389,1.00,1.19
2016.08.04 14:45:59.063,1.03877,1.03891,1.00,2.44
2016.08.04 14:46:00.902,1.03876,1.03891,1.00,2.44
2016.08.04 14:46:04.043,1.03875,1.0389,1.12,1.19
2016.08.04 14:46:04.216,1.03874,1.03889,1.87,1.19
2016.08.04 14:46:05.176,1.03874,1.03889,1.87,1.69
2016.08.04 14:46:07.326,1.03874,1.03889,2.62,1.69
2016.08.04 14:46:07.668,1.03874,1.03889,1.87,1.69
2016.08.04 14:46:11.023,1.03874,1.03889,1.87,1.19
2016.08.04 14:46:11.074,1.03876,1.03891,1.00,1.19
2016.08.04 14:46:11.262,1.03877,1.03892,1.50,2.81
2016.08.04 14:46:11.364,1.03877,1.03892,1.50,2.06
2016.08.04 14:46:11.523,1.03877,1.03892,1.50,2.44
2016.08.04 14:46:11.645,1.03877,1.03892,1.50,1.69
2016.08.04 14:46:13.061,1.03877,1.03892,1.00,1.69
2016.08.04 14:46:13.383,1.03881,1.03892,1.00,1.69
2016.08.04 14:46:13.878,1.03881,1.03893,1.00,2.81
2016.08.04 14:46:13.929,1.03881,1.03892,1.00,1.69
2016.08.04 14:46:14.031,1.03881,1.03892,1.00,2.44
2016.08.04 14:46:14.566,1.03882,1.03892,1.00,2.44
2016.08.04 14:46:15.733,1.03882,1.03892,1.00,1.69
2016.08.04 14:46:16.353,1.03882,1.03892,1.00,2.44
2016.08.04 14:46:16.882,1.03881,1.03892,1.00,2.44
2016.08.04 14:46:16.985,1.03881,1.03892,1.00,1.69
2016.08.04 14:46:17.977,1.03882,1.03892,1.00,1.69
2016.08.04 14:46:18.080,1.03876,1.03889,1.87,1.00
2016.08.04 14:46:18.131,1.03876,1.03889,2.25,1.19
2016.08.04 14:46:18.182,1.03876,1.03889,1.12,1.19
2016.08.04 14:46:18.233,1.03876,1.03889,1.00,1.19
2016.08.04 14:46:20.084,1.03876,1.03889,1.00,1.69
2016.08.04 14:46:22.092,1.03876,1.03889,1.00,1.19
2016.08.04 14:46:23.449,1.03874,1.03889,1.50,1.69
2016.08.04 14:46:24.154,1.03876,1.03889,1.00,1.69
2016.08.04 14:46:25.053,1.03875,1.03888,1.00,1.19
2016.08.04 14:46:28.263,1.03876,1.03888,1.00,1.19
2016.08.04 14:46:28.375,1.03875,1.03888,1.00,1.19
2016.08.04 14:46:29.167,1.03876,1.03888,1.00,1.19
2016.08.04 14:46:29.399,1.03876,1.03889,1.50,1.19
2016.08.04 14:46:29.450,1.03876,1.03889,1.50,1.25
2016.08.04 14:46:29.501,1.03877,1.0389,1.00,1.19
2016.08.04 14:46:29.552,1.03877,1.03891,1.00,1.19
2016.08.04 14:46:29.603,1.03882,1.03892,1.00,2.44
2016.08.04 14:46:29.726,1.03882,1.03892,1.00,2.06
2016.08.04 14:46:29.777,1.03882,1.03894,1.00,2.44
2016.08.04 14:46:29.879,1.03882,1.03894,1.00,1.94
2016.08.04 14:46:29.930,1.03882,1.03894,1.00,1.19
2016.08.04 14:46:30.461,1.03881,1.03895,1.00,2.44
2016.08.04 14:46:33.811,1.03881,1.03894,1.00,1.19
2016.08.04 14:46:34.970,1.03881,1.03895,1.00,2.81
2016.08.04 14:46:35.072,1.03882,1.03894,1.00,1.69
2016.08.04 14:46:35.123,1.03882,1.03894,1.00,2.44
2016.08.04 14:46:35.270,1.03878,1.03893,1.00,1.25
2016.08.04 14:46:35.372,1.0388,1.03892,1.00,1.00
2016.08.04 14:46:36.623,1.03878,1.03892,2.25,1.00
2016.08.04 14:46:36.813,1.03878,1.03893,2.25,1.25
2016.08.04 14:46:37.568,1.03878,1.03893,1.50,1.25
2016.08.04 14:46:38.612,1.03878,1.03894,1.50,1.69
2016.08.04 14:46:38.714,1.03878,1.03893,1.50,1.25
2016.08.04 14:46:38.902,1.03881,1.03894,1.00,1.19
2016.08.04 14:46:39.354,1.03881,1.03894,1.00,1.00
2016.08.04 14:46:41.567,1.03882,1.03894,1.00,1.00
2016.08.04 14:46:42.147,1.03882,1.03893,1.00,1.00
2016.08.04 14:46:42.659,1.03882,1.03894,1.00,1.00
2016.08.04 14:46:42.710,1.03884,1.03897,1.00,2.44
2016.08.04 14:46:42.813,1.03883,1.03896,1.00,1.19
2016.08.04 14:46:42.916,1.03881,1.03894,1.12,1.19
2016.08.04 14:46:42.967,1.03879,1.03894,3.75,1.19
2016.08.04 14:46:43.018,1.03879,1.03894,3.37,1.19
2016.08.04 14:46:43.237,1.03879,1.03894,2.25,1.19
2016.08.04 14:46:43.290,1.0388,1.03894,1.00,1.19
2016.08.04 14:46:43.392,1.03879,1.03894,2.25,1.69
2016.08.04 14:46:43.595,1.0388,1.03894,1.00,2.44
2016.08.04 14:46:43.912,1.0388,1.03894,1.00,1.69
2016.08.04 14:46:44.071,1.0388,1.03894,1.00,2.44
2016.08.04 14:46:44.911,1.03879,1.03893,1.50,1.19
2016.08.04 14:46:45.986,1.03879,1.03893,1.00,1.19
2016.08.04 14:46:46.317,1.03879,1.03894,1.00,1.69
2016.08.04 14:46:46.520,1.03879,1.03893,1.00,1.19
2016.08.04 14:46:46.685,1.03879,1.03892,1.00,1.25
2016.08.04 14:46:46.913,1.03879,1.03893,1.00,1.19
2016.08.04 14:46:47.980,1.03879,1.03892,1.00,1.25
2016.08.04 14:46:49.082,1.03879,1.03894,1.00,1.69
2016.08.04 14:46:49.799,1.03878,1.03894,1.00,1.69
2016.08.04 14:46:50.053,1.03879,1.03894,1.00,1.69
2016.08.04 14:46:50.744,1.03877,1.03892,1.12,1.25
2016.08.04 14:46:50.888,1.03877,1.03892,1.12,2.06
2016.08.04 14:46:50.940,1.03876,1.03889,1.00,1.25
2016.08.04 14:46:50.991,1.03874,1.03889,1.50,1.25
2016.08.04 14:46:51.729,1.03874,1.03889,1.00,1.69
2016.08.04 14:46:52.841,1.03875,1.03889,1.00,1.25
2016.08.04 14:46:52.892,1.03875,1.0389,1.50,1.69
2016.08.04 14:46:52.943,1.03875,1.0389,1.50,1.19
2016.08.04 14:46:52.998,1.03875,1.0389,1.50,1.69
2016.08.04 14:46:53.425,1.03876,1.0389,1.00,1.69
2016.08.04 14:46:53.898,1.03876,1.03889,1.00,1.25
2016.08.04 14:46:55.041,1.03876,1.0389,1.00,1.69
2016.08.04 14:46:55.666,1.03876,1.03889,1.00,1.25
2016.08.04 14:46:55.717,1.03877,1.03889,1.00,1.69
2016.08.04 14:46:55.769,1.03877,1.03889,1.00,2.44
2016.08.04 14:46:55.882,1.03877,1.03888,1.00,1.19
2016.08.04 14:46:55.933,1.03876,1.03888,1.50,1.19
2016.08.04 14:46:56.036,1.03877,1.03888,1.00,1.19
2016.08.04 14:46:56.189,1.03874,1.03889,1.50,1.25
2016.08.04 14:46:56.240,1.03877,1.03889,1.00,1.25
2016.08.04 14:46:56.291,1.03877,1.0389,1.00,1.69
2016.08.04 14:46:56.393,1.03877,1.0389,1.50,1.69
2016.08.04 14:46:56.597,1.03877,1.0389,1.50,1.19
2016.08.04 14:46:56.698,1.03877,1.0389,1.00,1.19
2016.08.04 14:46:57.385,1.03877,1.0389,1.50,1.00
2016.08.04 14:46:57.437,1.03878,1.0389,1.00,1.00
2016.08.04 14:46:57.488,1.03878,1.03892,1.50,1.50
2016.08.04 14:46:57.539,1.0388,1.03892,1.00,1.50
2016.08.04 14:46:57.641,1.03878,1.03892,1.00,1.50
2016.08.04 14:46:57.742,1.0388,1.03893,1.00,3.19
2016.08.04 14:46:57.844,1.0388,1.03893,1.00,3.94
2016.08.04 14:46:58.538,1.03879,1.03893,1.50,3.19
2016.08.04 14:46:58.589,1.03879,1.03893,1.00,3.19
2016.08.04 14:46:59.029,1.03878,1.03892,1.00,1.50
2016.08.04 14:46:59.205,1.03878,1.0389,1.00,1.00
2016.08.04 14:46:59.257,1.03876,1.03888,1.50,1.00
2016.08.04 14:46:59.308,1.03876,1.03888,1.00,1.00
2016.08.04 14:46:59.512,1.03876,1.03888,1.00,1.50
2016.08.04 14:47:00.092,1.03875,1.03888,1.00,1.50
2016.08.04 14:47:00.143,1.03876,1.0389,1.00,1.69
2016.08.04 14:47:00.194,1.03876,1.0389,1.50,2.81
2016.08.04 14:47:00.367,1.03877,1.03891,1.00,2.06
2016.08.04 14:47:00.469,1.03877,1.03891,1.00,1.31
2016.08.04 14:47:01.029,1.03877,1.0389,1.00,1.19
2016.08.04 14:47:01.238,1.03876,1.0389,1.00,1.19
2016.08.04 14:47:01.496,1.03876,1.0389,1.00,1.69
2016.08.04 14:47:01.807,1.03875,1.03889,1.00,1.00
2016.08.04 14:47:02.331,1.03875,1.03888,1.00,1.00
2016.08.04 14:47:04.007,1.03872,1.03888,2.62,1.00
2016.08.04 14:47:04.059,1.03872,1.03886,1.87,1.00
2016.08.04 14:47:04.110,1.03872,1.03886,1.00,1.00
2016.08.04 14:47:04.213,1.03872,1.03884,1.00,1.12
2016.08.04 14:47:04.266,1.03872,1.03883,1.00,1.00
2016.08.04 14:47:04.317,1.03869,1.03881,1.33,1.12
2016.08.04 14:47:04.369,1.03867,1.03881,1.50,1.12
2016.08.04 14:47:04.420,1.03868,1.03883,1.50,1.50
2016.08.04 14:47:04.523,1.03869,1.03882,1.00,1.37
2016.08.04 14:47:04.625,1.03869,1.03882,1.00,1.00
2016.08.04 14:47:05.053,1.03868,1.03881,1.50,1.00
2016.08.04 14:47:05.726,1.03868,1.03881,1.00,1.50
2016.08.04 14:47:07.209,1.03868,1.03881,1.00,1.50
2016.08.04 14:47:07.260,1.03867,1.03881,1.12,1.00
2016.08.04 14:47:08.929,1.03866,1.0387,1.12,1.00
2016.08.04 14:47:08.980,1.0386,1.0387,1.37,1.00
2016.08.04 14:47:09.032,1.03857,1.03869,1.50,1.12
2016.08.04 14:47:09.084,1.03857,1.03868,1.00,1.12
2016.08.04 14:47:09.135,1.03854,1.03868,1.00,1.50
2016.08.04 14:47:09.187,1.03852,1.03865,1.69,1.00
2016.08.04 14:47:09.290,1.03852,1.03865,1.50,1.50
2016.08.04 14:47:09.393,1.03852,1.03865,1.00,1.50
2016.08.04 14:47:09.445,1.03851,1.03865,1.00,1.50
2016.08.04 14:47:09.972,1.03852,1.03865,1.00,1.50
2016.08.04 14:47:10.191,1.03852,1.03865,1.50,1.00
2016.08.04 14:47:10.243,1.03852,1.03865,3.00,1.50
2016.08.04 14:47:10.294,1.03852,1.03865,3.00,1.00
2016.08.04 14:47:10.345,1.03853,1.03866,1.00,1.00
2016.08.04 14:47:10.447,1.03853,1.03868,1.00,2.62
2016.08.04 14:47:10.833,1.03853,1.03868,1.50,2.62
2016.08.04 14:47:11.169,1.03852,1.03867,1.50,1.87
2016.08.04 14:47:11.220,1.03852,1.03867,2.25,1.87
2016.08.04 14:47:11.272,1.03852,1.03867,2.25,2.25
2016.08.04 14:47:11.323,1.03852,1.03867,1.50,2.25
2016.08.04 14:47:11.375,1.03852,1.03867,1.50,1.87
2016.08.04 14:47:11.477,1.03852,1.03866,1.00,1.00
2016.08.04 14:47:12.207,1.03854,1.03866,1.50,1.00
2016.08.04 14:47:12.258,1.03856,1.03868,1.00,1.00
2016.08.04 14:47:12.563,1.03857,1.0387,1.00,2.44
2016.08.04 14:47:12.891,1.03857,1.03868,1.00,1.00
2016.08.04 14:47:13.197,1.03857,1.0387,1.00,1.69
2016.08.04 14:47:13.876,1.03857,1.0387,1.00,1.50
2016.08.04 14:47:14.642,1.03857,1.0387,1.00,1.00
2016.08.04 14:47:14.693,1.03857,1.03871,1.00,1.50
2016.08.04 14:47:14.847,1.03857,1.03871,1.00,1.00
2016.08.04 14:47:14.968,1.03856,1.03869,1.00,1.00
2016.08.04 14:47:15.479,1.03857,1.03868,1.00,1.00
2016.08.04 14:47:15.530,1.03857,1.03868,1.00,1.50
2016.08.04 14:47:15.633,1.03857,1.03868,1.00,1.00
2016.08.04 14:47:16.148,1.03856,1.03868,1.00,1.00
2016.08.04 14:47:17.155,1.03854,1.03867,1.00,1.00
2016.08.04 14:47:17.360,1.03856,1.03867,1.00,1.00
2016.08.04 14:47:17.618,1.03854,1.03867,1.00,1.00
2016.08.04 14:47:18.123,1.03854,1.03867,1.00,1.50
2016.08.04 14:47:18.187,1.03852,1.03866,1.00,1.12
2016.08.04 14:47:18.238,1.03852,1.03865,1.00,1.50
2016.08.04 14:47:18.340,1.0385,1.03864,1.00,1.00
2016.08.04 14:47:18.393,1.0385,1.03864,1.00,1.50
2016.08.04 14:47:18.455,1.0385,1.03864,1.00,1.87
2016.08.04 14:47:18.558,1.03849,1.03864,1.50,1.87
2016.08.04 14:47:18.968,1.03853,1.03864,1.00,1.37
2016.08.04 14:47:19.019,1.03853,1.03865,1.00,1.12
2016.08.04 14:47:19.157,1.03854,1.03869,1.00,1.80
2016.08.04 14:47:19.208,1.03854,1.03869,1.00,1.37
2016.08.04 14:47:19.361,1.03855,1.03869,1.00,1.37
2016.08.04 14:47:19.412,1.03855,1.03869,1.12,1.00
2016.08.04 14:47:19.463,1.03856,1.03871,1.00,1.69
2016.08.04 14:47:19.565,1.03857,1.03872,1.00,2.06
2016.08.04 14:47:19.668,1.03858,1.03872,1.00,1.31
2016.08.04 14:47:20.173,1.03857,1.0387,1.00,1.00
2016.08.04 14:47:20.328,1.03857,1.0387,1.00,1.87
2016.08.04 14:47:20.379,1.03857,1.03869,1.00,1.37
2016.08.04 14:47:20.533,1.03857,1.03868,1.00,1.12
2016.08.04 14:47:21.169,1.03857,1.03868,1.00,1.87
2016.08.04 14:47:21.371,1.03853,1.03868,1.50,3.00
2016.08.04 14:47:21.423,1.03853,1.03868,1.00,4.50
2016.08.04 14:47:21.474,1.03852,1.03867,1.50,1.50
2016.08.04 14:47:21.525,1.03852,1.03866,1.50,1.12
2016.08.04 14:47:21.677,1.03853,1.03866,1.00,1.12
2016.08.04 14:47:21.779,1.03853,1.03866,1.00,1.87
2016.08.04 14:47:21.831,1.03853,1.03866,1.00,1.87
2016.08.04 14:47:21.882,1.03852,1.03866,1.00,1.12
2016.08.04 14:47:21.933,1.03852,1.03866,1.00,1.12
2016.08.04 14:47:22.037,1.03852,1.03867,1.00,1.50
2016.08.04 14:47:22.399,1.03852,1.03867,1.00,1.00
2016.08.04 14:47:22.617,1.03852,1.03867,1.00,1.50
2016.08.04 14:47:22.719,1.03852,1.03867,1.00,1.12
2016.08.04 14:47:22.770,1.03852,1.03865,1.00,1.00
2016.08.04 14:47:22.973,1.03851,1.03865,1.12,1.00
2016.08.04 14:47:23.266,1.0385,1.03866,1.50,1.50
2016.08.04 14:47:23.368,1.0385,1.03865,1.50,1.00
2016.08.04 14:47:23.419,1.0385,1.03865,1.00,1.50
2016.08.04 14:47:23.470,1.03848,1.03862,1.12,1.00
2016.08.04 14:47:23.521,1.03848,1.03862,1.00,1.00
2016.08.04 14:47:23.572,1.03848,1.03861,1.00,1.00
2016.08.04 14:47:23.776,1.03848,1.03862,1.00,1.50
2016.08.04 14:47:23.877,1.03849,1.03863,1.00,1.87
2016.08.04 14:47:24.030,1.03849,1.03863,1.00,1.12
2016.08.04 14:47:24.281,1.03849,1.03862,1.00,1.37
2016.08.04 14:47:24.332,1.03849,1.03861,1.00,1.12
2016.08.04 14:47:24.383,1.03847,1.03861,1.00,1.87
2016.08.04 14:47:24.536,1.03847,1.03861,1.00,1.87
2016.08.04 14:47:24.778,1.03847,1.0386,1.00,1.37
2016.08.04 14:47:24.982,1.03848,1.03861,1.00,1.37
2016.08.04 14:47:25.084,1.03846,1.03861,1.87,1.37
2016.08.04 14:47:25.135,1.03846,1.0386,1.12,1.37
2016.08.04 14:47:25.186,1.03847,1.0386,1.00,1.00
2016.08.04 14:47:25.378,1.03848,1.03861,1.00,1.50
2016.08.04 14:47:25.531,1.03848,1.03861,1.00,1.00
2016.08.04 14:47:25.582,1.03848,1.03862,1.00,2.25
2016.08.04 14:47:25.686,1.03847,1.03862,1.50,1.50
2016.08.04 14:47:26.395,1.03851,1.03862,1.00,1.00
2016.08.04 14:47:26.446,1.03852,1.03863,1.50,1.00
2016.08.04 14:47:26.548,1.03852,1.03865,1.00,1.50
2016.08.04 14:47:26.752,1.03851,1.03866,1.50,1.50
2016.08.04 14:47:27.246,1.03851,1.03865,1.50,1.00
2016.08.04 14:47:27.303,1.03851,1.03865,1.00,1.50
2016.08.04 14:47:27.355,1.03849,1.03864,1.50,1.00
2016.08.04 14:47:27.750,1.03849,1.03864,1.00,1.50
2016.08.04 14:47:29.097,1.03848,1.03864,1.50,1.50
2016.08.04 14:47:31.165,1.03854,1.03866,1.00,2.25
2016.08.04 14:47:31.217,1.03854,1.03866,1.00,1.50
2016.08.04 14:47:31.268,1.03854,1.03866,1.00,1.00
2016.08.04 14:47:31.319,1.03854,1.03869,1.00,4.31
2016.08.04 14:47:31.370,1.03854,1.03869,1.00,2.62
2016.08.04 14:47:31.818,1.03854,1.03869,1.00,1.87
2016.08.04 14:47:32.162,1.03854,1.03869,1.00,2.25
2016.08.04 14:47:32.332,1.03854,1.03869,1.00,1.87
2016.08.04 14:47:32.383,1.03853,1.03869,1.00,1.87
2016.08.04 14:47:32.434,1.03853,1.03868,1.00,1.50
2016.08.04 14:47:32.485,1.0385,1.03866,2.25,1.37
2016.08.04 14:47:32.536,1.0385,1.03865,2.25,1.12
2016.08.04 14:47:32.587,1.03849,1.03863,2.25,1.25
2016.08.04 14:47:32.723,1.03847,1.03861,2.25,1.37
2016.08.04 14:47:32.774,1.03847,1.03861,1.00,1.37
2016.08.04 14:47:32.826,1.03847,1.03861,1.00,1.00
2016.08.04 14:47:32.877,1.03847,1.0386,1.00,1.50
2016.08.04 14:47:32.928,1.03847,1.0386,1.00,1.69
2016.08.04 14:47:32.979,1.03847,1.0386,1.00,1.69
2016.08.04 14:47:33.183,1.03845,1.0386,1.37,1.25
2016.08.04 14:47:33.388,1.03846,1.0386,1.12,1.25
2016.08.04 14:47:33.864,1.03847,1.0386,1.00,1.69
2016.08.04 14:47:33.915,1.03847,1.03858,1.00,1.00
2016.08.04 14:47:33.967,1.03843,1.03858,3.75,1.00
2016.08.04 14:47:34.018,1.03843,1.03858,3.00,1.00
2016.08.04 14:47:34.069,1.03843,1.03858,2.25,1.00
2016.08.04 14:47:34.450,1.03843,1.03858,1.50,1.00
2016.08.04 14:47:35.299,1.03843,1.03856,1.00,1.00
2016.08.04 14:47:35.570,1.03842,1.03856,2.25,1.50
2016.08.04 14:47:35.933,1.03843,1.03857,1.50,1.00
2016.08.04 14:47:36.974,1.03846,1.03857,1.00,1.00
2016.08.04 14:47:37.149,1.03846,1.03857,1.00,1.12
2016.08.04 14:47:37.200,1.03842,1.03855,1.00,1.00
2016.08.04 14:47:37.302,1.03841,1.03856,1.50,1.50
2016.08.04 14:47:37.353,1.03841,1.03856,1.50,1.69
2016.08.04 14:47:37.455,1.03841,1.03856,1.50,2.44
2016.08.04 14:47:37.685,1.03841,1.03856,1.00,2.44
2016.08.04 14:47:38.283,1.03839,1.03853,1.00,1.12
2016.08.04 14:47:38.334,1.03839,1.03854,1.00,2.25
2016.08.04 14:47:38.385,1.0384,1.03854,1.00,3.00
2016.08.04 14:47:38.488,1.03839,1.03854,1.50,3.00
2016.08.04 14:47:38.780,1.0384,1.03854,1.00,3.00
2016.08.04 14:47:39.362,1.0384,1.03854,1.00,2.25
2016.08.04 14:47:39.771,1.03841,1.03854,1.00,2.25
2016.08.04 14:47:40.588,1.03841,1.03854,1.50,1.50
2016.08.04 14:47:40.639,1.03841,1.03854,1.50,1.37
2016.08.04 14:47:40.690,1.03841,1.03854,1.50,1.00
2016.08.04 14:47:40.987,1.03842,1.03854,1.00,1.00
2016.08.04 14:47:41.262,1.03841,1.03854,1.00,1.00
2016.08.04 14:47:41.788,1.0384,1.03854,1.00,1.00
2016.08.04 14:47:42.762,1.03842,1.03854,1.00,1.00
2016.08.04 14:47:42.891,1.0384,1.03854,1.00,1.00
2016.08.04 14:47:42.942,1.03841,1.03855,1.00,1.31
2016.08.04 14:47:44.006,1.03841,1.03855,1.50,1.31
2016.08.04 14:47:44.057,1.03841,1.03855,1.50,1.12
2016.08.04 14:47:44.108,1.03843,1.03857,1.00,1.50
2016.08.04 14:47:44.260,1.03843,1.03857,1.00,1.00
2016.08.04 14:47:44.669,1.03843,1.03857,1.00,1.00
2016.08.04 14:47:44.821,1.03842,1.03858,3.37,1.00
2016.08.04 14:47:44.872,1.03842,1.03858,2.62,1.00
2016.08.04 14:47:44.923,1.03845,1.03858,1.00,1.50
2016.08.04 14:47:46.186,1.03844,1.03858,1.00,1.00
2016.08.04 14:47:49.196,1.03846,1.03858,1.00,1.00
2016.08.04 14:47:49.501,1.03846,1.0386,1.00,2.44
2016.08.04 14:47:49.552,1.03846,1.0386,1.50,1.50
2016.08.04 14:47:49.603,1.03848,1.03861,1.50,2.00
2016.08.04 14:47:49.749,1.0385,1.03865,1.00,2.44
2016.08.04 14:47:49.800,1.0385,1.03863,1.00,1.25
2016.08.04 14:47:50.639,1.03849,1.03864,1.50,1.00
2016.08.04 14:47:50.924,1.03849,1.03864,1.00,1.50
2016.08.04 14:47:51.182,1.03849,1.03864,1.00,1.69
2016.08.04 14:47:51.233,1.03848,1.03863,1.87,1.00
2016.08.04 14:47:51.284,1.03848,1.03863,1.12,1.00
2016.08.04 14:47:51.335,1.03847,1.03862,3.37,1.00
2016.08.04 14:47:51.437,1.03847,1.03863,3.37,1.50
2016.08.04 14:47:51.488,1.03847,1.03863,4.12,1.50
2016.08.04 14:47:51.539,1.03847,1.03863,3.37,1.00
2016.08.04 14:47:51.732,1.03849,1.03864,1.00,1.69
2016.08.04 14:47:51.936,1.03847,1.03864,4.87,1.69
2016.08.04 14:47:52.181,1.03847,1.03864,4.12,1.69
2016.08.04 14:47:52.240,1.03847,1.03864,4.87,1.69
2016.08.04 14:47:52.342,1.03847,1.03864,4.87,2.06
2016.08.04 14:47:52.778,1.03847,1.03864,4.12,2.06
2016.08.04 14:47:53.001,1.03849,1.03863,1.00,1.00
2016.08.04 14:47:53.306,1.03849,1.03863,1.00,1.19
2016.08.04 14:47:53.357,1.03847,1.03861,3.37,1.00
2016.08.04 14:47:53.509,1.03847,1.03861,2.25,1.00
2016.08.04 14:47:53.646,1.03847,1.03861,2.25,1.50
2016.08.04 14:47:53.697,1.03847,1.03861,2.25,1.50
2016.08.04 14:47:53.933,1.03847,1.03861,2.25,1.50
2016.08.04 14:47:54.058,1.03848,1.03861,1.12,1.50
2016.08.04 14:47:54.643,1.03847,1.03861,2.25,1.50
2016.08.04 14:47:54.882,1.03847,1.03861,3.00,1.50
2016.08.04 14:47:55.237,1.03847,1.03861,2.25,1.50
2016.08.04 14:47:56.018,1.03847,1.03861,2.25,1.00
2016.08.04 14:47:56.069,1.03847,1.03861,1.50,1.00
2016.08.04 14:47:57.423,1.03846,1.03861,2.25,1.00
2016.08.04 14:47:57.475,1.03846,1.03861,1.75,1.00
2016.08.04 14:47:57.730,1.03846,1.03861,1.00,1.00
2016.08.04 14:47:57.837,1.03845,1.03858,1.50,1.00
2016.08.04 14:47:57.888,1.03847,1.03855,1.00,1.00
2016.08.04 14:47:57.939,1.03847,1.03854,1.00,1.00
2016.08.04 14:47:57.990,1.03842,1.03851,1.00,1.25
2016.08.04 14:47:58.143,1.03836,1.03851,1.50,1.25
2016.08.04 14:47:58.194,1.03836,1.03851,1.00,1.31
2016.08.04 14:47:58.245,1.03835,1.03847,1.00,1.00
2016.08.04 14:47:58.296,1.03833,1.03847,1.50,1.00
2016.08.04 14:47:58.398,1.03832,1.03847,3.00,1.00
2016.08.04 14:47:58.449,1.03832,1.03847,3.75,1.00
2016.08.04 14:47:58.500,1.03832,1.03847,3.00,1.12
2016.08.04 14:47:58.763,1.03832,1.03847,2.25,1.12
2016.08.04 14:47:58.993,1.03832,1.03847,1.50,1.12
2016.08.04 14:47:59.199,1.03832,1.03847,1.50,1.31
2016.08.04 14:47:59.251,1.03832,1.03845,1.00,1.00
2016.08.04 14:47:59.302,1.03829,1.03845,1.87,1.00
2016.08.04 14:47:59.354,1.03829,1.03844,1.37,1.12
2016.08.04 14:47:59.405,1.03829,1.03844,1.00,1.12
2016.08.04 14:47:59.946,1.03829,1.03845,1.00,1.12
2016.08.04 14:48:00.048,1.03832,1.03846,1.50,2.44
2016.08.04 14:48:00.099,1.03832,1.03846,1.50,1.50
2016.08.04 14:48:00.151,1.03833,1.03847,1.00,1.75
2016.08.04 14:48:00.202,1.03833,1.03847,1.00,1.00
2016.08.04 14:48:00.304,1.03833,1.03849,1.50,2.81
2016.08.04 14:48:00.545,1.03833,1.03849,1.50,2.81
2016.08.04 14:48:00.607,1.03833,1.03849,1.50,2.06
2016.08.04 14:48:00.658,1.03833,1.03849,2.25,1.12
2016.08.04 14:48:00.760,1.03835,1.0385,1.00,2.44
2016.08.04 14:48:01.158,1.03836,1.0385,1.00,2.44
2016.08.04 14:48:01.210,1.03836,1.0385,1.50,1.69
2016.08.04 14:48:01.262,1.03837,1.0385,1.00,1.69
2016.08.04 14:48:01.314,1.03837,1.0385,1.00,1.50
2016.08.04 14:48:01.366,1.03837,1.03852,1.50,3.19
2016.08.04 14:48:01.417,1.0384,1.03852,1.00,2.44
2016.08.04 14:48:01.469,1.0384,1.03852,1.50,1.94
2016.08.04 14:48:01.521,1.03842,1.03852,1.00,1.00
2016.08.04 14:48:01.683,1.03843,1.03857,1.00,1.94
2016.08.04 14:48:01.734,1.03843,1.03857,1.00,1.19
2016.08.04 14:48:01.836,1.03841,1.03856,1.00,1.25
2016.08.04 14:48:01.887,1.03841,1.03856,1.00,1.25
2016.08.04 14:48:01.989,1.03841,1.03856,1.00,1.31
2016.08.04 14:48:02.040,1.0384,1.03856,1.00,1.31
2016.08.04 14:48:02.192,1.0384,1.03856,1.00,1.19
2016.08.04 14:48:02.294,1.0384,1.03856,1.00,1.69
2016.08.04 14:48:02.855,1.0384,1.03856,1.00,2.44
2016.08.04 14:48:02.957,1.03842,1.03856,1.00,1.69
2016.08.04 14:48:03.364,1.03841,1.03856,1.00,1.19
2016.08.04 14:48:03.466,1.03843,1.03856,1.00,1.69
2016.08.04 14:48:03.567,1.03842,1.03856,1.50,1.19
2016.08.04 14:48:04.260,1.03843,1.03856,1.00,1.19
2016.08.04 14:48:04.534,1.03842,1.03855,1.50,1.25
2016.08.04 14:48:04.636,1.03842,1.03856,1.50,1.19
2016.08.04 14:48:04.687,1.03842,1.03856,1.00,1.19
2016.08.04 14:48:05.537,1.03842,1.03856,1.00,1.69
2016.08.04 14:48:05.639,1.03842,1.03856,1.00,1.19
2016.08.04 14:48:05.740,1.03841,1.03856,1.00,1.69
2016.08.04 14:48:05.842,1.03842,1.03856,1.00,1.19
2016.08.04 14:48:06.046,1.03842,1.03856,1.00,1.69
2016.08.04 14:48:06.185,1.03842,1.03855,1.00,1.25
2016.08.04 14:48:06.239,1.03842,1.03856,1.00,1.69
2016.08.04 14:48:06.291,1.03842,1.03856,1.00,2.44
2016.08.04 14:48:06.837,1.03841,1.03856,1.00,1.69
2016.08.04 14:48:07.300,1.03842,1.03856,1.00,1.69
2016.08.04 14:48:07.869,1.03842,1.03856,1.00,1.19
2016.08.04 14:48:07.920,1.03842,1.03856,1.00,1.25
2016.08.04 14:48:07.972,1.03842,1.03855,1.50,1.00
2016.08.04 14:48:08.073,1.03842,1.03856,1.50,1.31
2016.08.04 14:48:08.235,1.0384,1.03853,2.25,2.06
2016.08.04 14:48:08.287,1.0384,1.03853,1.50,2.44
2016.08.04 14:48:08.338,1.0384,1.03853,1.12,2.44
2016.08.04 14:48:08.389,1.0384,1.03853,1.12,1.19
2016.08.04 14:48:08.899,1.0384,1.03853,1.12,1.69
2016.08.04 14:48:09.001,1.0384,1.03853,1.12,1.19
2016.08.04 14:48:09.460,1.0384,1.03853,1.12,1.19
2016.08.04 14:48:09.561,1.03839,1.03853,1.37,1.19
2016.08.04 14:48:09.714,1.03839,1.03853,1.37,1.69
2016.08.04 14:48:09.765,1.03841,1.03853,1.00,1.69
2016.08.04 14:48:10.158,1.03839,1.03853,1.37,1.69
2016.08.04 14:48:10.474,1.03839,1.03853,1.37,1.19
2016.08.04 14:48:10.912,1.03839,1.03853,1.37,1.19
2016.08.04 14:48:11.079,1.0384,1.03853,1.12,1.19
2016.08.04 14:48:11.538,1.03844,1.03854,1.00,1.19
2016.08.04 14:48:11.746,1.03852,1.03858,1.50,1.37
2016.08.04 14:48:11.798,1.03854,1.03868,1.00,1.31
2016.08.04 14:48:11.849,1.03853,1.03867,1.00,1.19
2016.08.04 14:48:11.901,1.03852,1.03867,1.50,1.19
2016.08.04 14:48:12.002,1.03852,1.03865,1.00,1.19
2016.08.04 14:48:12.053,1.03853,1.03866,1.00,1.19
2016.08.04 14:48:12.155,1.03851,1.03865,2.62,1.25
2016.08.04 14:48:12.206,1.03851,1.03865,1.87,1.25
2016.08.04 14:48:12.258,1.03851,1.03865,1.12,1.25
2016.08.04 14:48:12.734,1.03851,1.03865,1.12,1.19
2016.08.04 14:48:13.370,1.03851,1.03864,1.12,1.19
2016.08.04 14:48:14.092,1.03851,1.03864,1.12,1.69
2016.08.04 14:48:14.194,1.03849,1.03864,2.25,1.69
2016.08.04 14:48:16.696,1.03849,1.03864,2.25,2.06
2016.08.04 14:48:16.747,1.03849,1.03864,3.37,2.06
2016.08.04 14:48:16.798,1.03849,1.03862,3.37,1.19
2016.08.04 14:48:17.248,1.03849,1.03862,3.37,1.25
2016.08.04 14:48:20.101,1.03849,1.03862,2.62,1.25
2016.08.04 14:48:20.258,1.03849,1.03863,2.62,1.19
2016.08.04 14:48:20.310,1.0385,1.03863,1.50,1.19
2016.08.04 14:48:20.412,1.0385,1.03863,1.50,2.06
2016.08.04 14:48:20.464,1.0385,1.03863,1.00,2.06
2016.08.04 14:48:20.515,1.03848,1.03862,1.00,1.19
2016.08.04 14:48:20.566,1.03849,1.03861,1.00,1.19
2016.08.04 14:48:20.772,1.03849,1.03862,1.00,1.25
2016.08.04 14:48:20.876,1.03852,1.03863,1.00,1.19
2016.08.04 14:48:21.119,1.03849,1.03863,1.75,1.19
2016.08.04 14:48:21.172,1.03852,1.03865,1.00,1.69
2016.08.04 14:48:21.377,1.03852,1.03866,1.00,1.31
2016.08.04 14:48:21.428,1.03852,1.03866,1.12,1.31
2016.08.04 14:48:21.480,1.03852,1.03867,3.37,1.56
2016.08.04 14:48:21.532,1.03856,1.03867,1.00,1.56
2016.08.04 14:48:21.583,1.03856,1.03867,1.00,1.37
2016.08.04 14:48:21.686,1.03856,1.03867,1.87,1.37
2016.08.04 14:48:21.737,1.03856,1.03871,1.87,1.19
2016.08.04 14:48:21.888,1.03856,1.03871,1.37,1.19
2016.08.04 14:48:22.041,1.03857,1.03871,1.12,1.19
2016.08.04 14:48:22.092,1.03857,1.03871,1.12,1.69
2016.08.04 14:48:22.244,1.03856,1.03871,1.87,1.69
2016.08.04 14:48:22.704,1.03856,1.0387,2.62,1.19
2016.08.04 14:48:22.757,1.03856,1.0387,1.87,1.69
2016.08.04 14:48:22.809,1.03853,1.03864,1.75,1.69
2016.08.04 14:48:22.958,1.03853,1.03862,1.00,1.00
2016.08.04 14:48:23.009,1.03849,1.03863,1.50,1.19
2016.08.04 14:48:23.111,1.03849,1.03864,1.00,1.19
2016.08.04 14:48:23.213,1.03849,1.03864,1.50,1.19
2016.08.04 14:48:23.794,1.03855,1.03864,1.00,1.00
2016.08.04 14:48:23.847,1.03857,1.03866,1.37,1.12
2016.08.04 14:48:23.898,1.0386,1.03871,1.00,2.55
2016.08.04 14:48:23.950,1.03861,1.03873,1.00,1.16
2016.08.04 14:48:24.001,1.03863,1.03875,1.00,1.94
2016.08.04 14:48:24.052,1.03863,1.03875,1.00,1.56
2016.08.04 14:48:24.104,1.03863,1.03876,1.00,1.19
2016.08.04 14:48:24.206,1.03863,1.03876,1.00,1.25
2016.08.04 14:48:24.844,1.03864,1.03876,1.00,1.25
2016.08.04 14:48:25.216,1.03863,1.03878,1.00,2.06
2016.08.04 14:48:25.712,1.03862,1.03877,1.00,1.19
2016.08.04 14:48:25.916,1.03863,1.03878,1.00,2.06
2016.08.04 14:48:26.119,1.03862,1.03878,1.50,1.69
2016.08.04 14:48:26.260,1.03863,1.03878,1.00,2.06
2016.08.04 14:48:26.414,1.03864,1.03878,1.00,1.31
2016.08.04 14:48:26.568,1.03864,1.03878,1.00,1.19
2016.08.04 14:48:26.619,1.03865,1.03877,1.00,1.19
2016.08.04 14:48:27.122,1.03863,1.03876,1.12,1.19
2016.08.04 14:48:27.173,1.03863,1.03876,1.00,1.19
2016.08.04 14:48:27.224,1.03863,1.03876,1.00,1.19
2016.08.04 14:48:27.579,1.03862,1.03875,1.00,1.69
2016.08.04 14:48:27.630,1.03861,1.03874,1.00,1.19
2016.08.04 14:48:27.834,1.0386,1.03873,1.50,1.19
2016.08.04 14:48:27.885,1.0386,1.03875,1.50,1.69
2016.08.04 14:48:28.428,1.03862,1.03875,1.00,1.69
2016.08.04 14:48:28.531,1.03862,1.03875,1.00,1.19
2016.08.04 14:48:29.388,1.03862,1.03874,1.00,1.19
2016.08.04 14:48:30.832,1.03861,1.03874,1.00,1.19
2016.08.04 14:48:30.984,1.03858,1.03871,2.25,1.19
2016.08.04 14:48:31.137,1.03858,1.03871,1.12,1.19
2016.08.04 14:48:31.239,1.03857,1.0387,1.50,1.19
2016.08.04 14:48:31.706,1.03858,1.03871,1.12,1.31
2016.08.04 14:48:32.244,1.03858,1.03873,1.12,1.69
2016.08.04 14:48:32.347,1.03859,1.03872,1.00,1.19
2016.08.04 14:48:34.207,1.03858,1.03873,1.12,1.19
2016.08.04 14:48:34.459,1.03858,1.03873,1.12,1.19
2016.08.04 14:48:34.510,1.03858,1.03871,1.12,1.25
2016.08.04 14:48:34.561,1.03858,1.03871,1.12,1.19
2016.08.04 14:48:34.612,1.03856,1.03872,3.37,1.69
2016.08.04 14:48:34.663,1.03856,1.03872,1.75,1.69
2016.08.04 14:48:34.765,1.03856,1.03872,1.75,1.69
2016.08.04 14:48:34.985,1.03856,1.03872,1.00,2.06
2016.08.04 14:48:35.601,1.03856,1.03872,1.00,2.06
2016.08.04 14:48:38.235,1.03856,1.03872,1.50,1.31
2016.08.04 14:48:38.336,1.0386,1.03873,1.00,1.69
2016.08.04 14:48:38.388,1.0386,1.03873,1.50,1.56
2016.08.04 14:48:38.439,1.0386,1.03873,1.50,1.69
2016.08.04 14:48:38.490,1.0386,1.03873,1.50,1.19
2016.08.04 14:48:38.541,1.03862,1.03875,1.00,1.69
2016.08.04 14:48:38.592,1.03862,1.03875,1.00,1.31
2016.08.04 14:48:39.532,1.03862,1.03876,1.00,1.56
2016.08.04 14:48:39.913,1.03862,1.03876,1.00,1.19
2016.08.04 14:48:40.066,1.03862,1.03875,1.00,1.19
2016.08.04 14:48:40.214,1.03864,1.03877,1.00,1.31
2016.08.04 14:48:40.265,1.03867,1.03878,1.00,1.56
2016.08.04 14:48:40.316,1.03867,1.03878,1.00,1.19
2016.08.04 14:48:40.368,1.03865,1.03878,1.00,1.19
2016.08.04 14:48:40.521,1.03865,1.03879,1.00,1.31
2016.08.04 14:48:40.828,1.03864,1.03877,1.50,1.19
2016.08.04 14:48:41.044,1.03864,1.03877,1.00,1.25
2016.08.04 14:48:41.471,1.03863,1.03877,1.12,1.25
2016.08.04 14:48:41.522,1.03863,1.03877,1.12,1.69
2016.08.04 14:48:41.573,1.03863,1.03877,1.12,2.06
2016.08.04 14:48:41.624,1.03862,1.03877,1.12,2.44
2016.08.04 14:48:41.727,1.03862,1.03877,1.00,2.44
2016.08.04 14:48:42.103,1.03862,1.03877,1.00,2.06
2016.08.04 14:48:42.256,1.03862,1.03877,1.50,2.06
2016.08.04 14:48:42.650,1.03862,1.03877,1.00,2.06
2016.08.04 14:48:43.417,1.03862,1.03877,1.00,2.81
2016.08.04 14:48:45.028,1.03862,1.03877,1.50,1.31
2016.08.04 14:48:45.130,1.03864,1.03877,1.00,1.31
2016.08.04 14:48:45.561,1.03863,1.03877,1.50,1.31
2016.08.04 14:48:45.713,1.03863,1.03877,1.00,2.06
2016.08.04 14:48:45.764,1.03862,1.03877,2.25,2.06
2016.08.04 14:48:45.815,1.03862,1.03875,1.00,1.25
2016.08.04 14:48:45.866,1.03859,1.03874,1.37,1.19
2016.08.04 14:48:45.917,1.03859,1.03872,1.00,1.25
2016.08.04 14:48:46.039,1.03858,1.03871,1.00,1.00
2016.08.04 14:48:46.091,1.03858,1.03871,1.00,1.31
2016.08.04 14:48:46.432,1.03855,1.03869,1.00,1.31
2016.08.04 14:48:46.535,1.03855,1.03871,1.00,2.44
2016.08.04 14:48:47.063,1.03857,1.03871,1.00,2.44
2016.08.04 14:48:47.189,1.03855,1.03871,1.00,2.44
2016.08.04 14:48:47.241,1.03857,1.03871,1.00,1.94
2016.08.04 14:48:47.345,1.03857,1.03872,1.00,3.56
2016.08.04 14:48:47.396,1.03857,1.03872,1.00,3.56
2016.08.04 14:48:47.448,1.03859,1.03872,1.00,2.81
2016.08.04 14:48:47.499,1.03859,1.03872,1.00,1.69
2016.08.04 14:48:47.550,1.03859,1.03872,1.50,1.19
2016.08.04 14:48:48.238,1.0386,1.03872,1.00,1.19
2016.08.04 14:48:48.544,1.03859,1.03872,1.00,1.69
2016.08.04 14:48:48.646,1.03859,1.03871,1.00,1.19
2016.08.04 14:48:48.748,1.03859,1.03871,1.00,1.31
2016.08.04 14:48:48.799,1.03857,1.03871,1.00,1.31
2016.08.04 14:48:48.850,1.03856,1.03871,1.50,1.31
2016.08.04 14:48:48.901,1.03856,1.03871,1.00,2.06
2016.08.04 14:48:48.953,1.03856,1.03871,1.00,2.81
2016.08.04 14:48:49.078,1.03856,1.0387,1.00,1.19
2016.08.04 14:48:49.133,1.03856,1.03869,1.00,1.19
2016.08.04 14:48:49.515,1.03856,1.03869,1.00,1.69
2016.08.04 14:48:50.970,1.03853,1.03866,1.00,1.00
2016.08.04 14:48:51.021,1.03852,1.03864,1.00,1.25
2016.08.04 14:48:51.142,1.03852,1.03863,1.00,1.00
2016.08.04 14:48:51.193,1.03848,1.03863,1.50,1.00
2016.08.04 14:48:51.244,1.03848,1.03863,1.50,2.25
2016.08.04 14:48:51.346,1.03848,1.03862,1.50,1.19
2016.08.04 14:48:51.448,1.03848,1.03863,1.50,2.81
2016.08.04 14:48:52.018,1.03848,1.03862,1.50,1.19
2016.08.04 14:48:52.069,1.03848,1.03862,1.00,1.69
2016.08.04 14:48:52.171,1.03848,1.03862,1.00,1.69
2016.08.04 14:48:52.320,1.03848,1.03861,1.00,1.25
2016.08.04 14:48:52.372,1.03846,1.03859,1.50,1.69
2016.08.04 14:48:52.423,1.03846,1.03859,1.00,2.44
2016.08.04 14:48:52.474,1.03844,1.03859,2.25,2.44
2016.08.04 14:48:52.525,1.03844,1.03857,1.87,1.25
2016.08.04 14:48:52.576,1.03844,1.03857,1.00,1.25
2016.08.04 14:48:52.627,1.03844,1.03858,1.00,1.19
2016.08.04 14:48:52.729,1.03844,1.03857,1.00,1.25
2016.08.04 14:48:53.178,1.03844,1.03858,1.00,1.19
2016.08.04 14:48:53.543,1.03843,1.03857,1.00,1.25
2016.08.04 14:48:53.647,1.03844,1.03858,1.00,1.19
2016.08.04 14:48:53.754,1.03842,1.03857,1.50,1.25
2016.08.04 14:48:53.857,1.03842,1.03855,1.50,1.00
2016.08.04 14:48:53.968,1.03844,1.03856,1.00,1.00
2016.08.04 14:48:54.292,1.03841,1.03855,1.00,1.50
2016.08.04 14:48:54.346,1.0384,1.03855,1.50,3.19
2016.08.04 14:48:54.552,1.0384,1.03854,1.00,1.19
2016.08.04 14:48:54.654,1.03839,1.03854,1.00,1.19
2016.08.04 14:48:54.706,1.03844,1.03854,1.00,1.19
2016.08.04 14:48:54.759,1.03847,1.03855,1.00,1.25
2016.08.04 14:48:54.811,1.03848,1.03855,1.00,1.25
2016.08.04 14:48:54.863,1.03848,1.03858,1.00,1.69
2016.08.04 14:48:54.916,1.0385,1.03863,1.00,3.56
2016.08.04 14:48:54.967,1.0385,1.03863,2.25,1.19
2016.08.04 14:48:55.018,1.0385,1.03863,2.25,1.25
2016.08.04 14:48:55.182,1.03852,1.03866,1.00,1.56
2016.08.04 14:48:55.233,1.03852,1.03866,1.00,1.19
2016.08.04 14:48:55.285,1.0385,1.03866,1.50,1.69
2016.08.04 14:48:55.336,1.03852,1.03865,1.00,1.19
2016.08.04 14:48:55.438,1.03852,1.03865,1.00,1.69
2016.08.04 14:48:55.540,1.0385,1.03865,1.50,1.69
2016.08.04 14:48:55.642,1.0385,1.03862,1.00,1.19
2016.08.04 14:48:55.745,1.03847,1.03862,1.50,1.31
2016.08.04 14:48:56.016,1.03847,1.03862,1.00,1.31
2016.08.04 14:48:56.067,1.03847,1.0386,1.50,1.25
2016.08.04 14:48:56.263,1.03848,1.03861,1.00,1.19
2016.08.04 14:48:56.568,1.03848,1.03862,1.00,1.31
2016.08.04 14:48:56.670,1.03848,1.03861,1.00,1.19
2016.08.04 14:48:56.873,1.03848,1.0386,1.00,1.25
2016.08.04 14:48:56.975,1.03848,1.03861,1.00,1.19
2016.08.04 14:48:57.777,1.03848,1.0386,1.00,1.25
2016.08.04 14:48:57.997,1.03848,1.03862,1.00,1.31
2016.08.04 14:49:01.072,1.03849,1.03862,1.00,1.31
2016.08.04 14:49:01.123,1.0385,1.03865,1.00,3.19
2016.08.04 14:49:01.174,1.0385,1.03865,1.00,2.44
2016.08.04 14:49:01.225,1.0385,1.03865,1.00,2.06
2016.08.04 14:49:01.276,1.0385,1.03863,1.00,1.19
2016.08.04 14:49:01.378,1.03847,1.03861,3.37,1.19
2016.08.04 14:49:01.480,1.03849,1.03863,1.00,2.44
2016.08.04 14:49:01.532,1.03848,1.03861,1.00,1.69
2016.08.04 14:49:01.583,1.03848,1.03861,1.00,2.44
2016.08.04 14:49:01.635,1.03848,1.03861,1.00,1.19
2016.08.04 14:49:01.738,1.03848,1.03861,1.00,1.19
2016.08.04 14:49:02.133,1.03848,1.03864,1.50,2.06
2016.08.04 14:49:02.184,1.03848,1.03864,1.00,1.31
2016.08.04 14:49:02.235,1.03848,1.03863,1.00,1.19
2016.08.04 14:49:02.287,1.03848,1.03863,1.12,1.19
2016.08.04 14:49:02.338,1.03849,1.03864,1.00,1.31
2016.08.04 14:49:02.389,1.03851,1.03865,1.00,1.93
2016.08.04 14:49:02.440,1.03851,1.03865,1.50,1.19
2016.08.04 14:49:02.491,1.03852,1.03865,1.00,1.19
2016.08.04 14:49:02.542,1.03852,1.03866,1.00,1.31
2016.08.04 14:49:02.594,1.03852,1.03865,1.00,1.19
2016.08.04 14:49:02.955,1.03853,1.03864,1.00,1.31
2016.08.04 14:49:03.006,1.0385,1.03864,1.12,2.06
2016.08.04 14:49:03.058,1.0385,1.03864,1.00,2.81
2016.08.04 14:49:03.109,1.0385,1.03864,1.00,2.06
2016.08.04 14:49:03.160,1.0385,1.03862,1.00,1.19
2016.08.04 14:49:03.262,1.03849,1.03864,1.50,2.81
2016.08.04 14:49:03.364,1.0385,1.03864,1.00,1.19
2016.08.04 14:49:03.467,1.0385,1.03863,1.00,1.31
2016.08.04 14:49:03.571,1.0385,1.03864,1.00,2.06
2016.08.04 14:49:03.622,1.0385,1.03864,1.00,2.06
2016.08.04 14:49:03.673,1.03851,1.03864,1.00,1.19
2016.08.04 14:49:03.886,1.03849,1.03864,2.25,1.19
2016.08.04 14:49:05.178,1.03852,1.03864,1.00,1.19
2016.08.04 14:49:05.328,1.03853,1.03866,1.00,2.06
2016.08.04 14:49:05.380,1.03855,1.03868,1.00,2.06
2016.08.04 14:49:05.483,1.03853,1.03866,1.00,1.19
2016.08.04 14:49:05.638,1.03853,1.03866,1.50,1.19
2016.08.04 14:49:06.564,1.03853,1.03866,1.00,1.19
2016.08.04 14:49:06.616,1.03852,1.03865,1.00,1.19
2016.08.04 14:49:06.668,1.03852,1.03865,1.00,1.19
2016.08.04 14:49:06.719,1.0385,1.03863,1.50,1.69
2016.08.04 14:49:06.770,1.03848,1.03861,2.25,1.25
2016.08.04 14:49:06.821,1.03848,1.03861,1.50,1.25
2016.08.04 14:49:06.872,1.03849,1.03862,1.00,1.19
2016.08.04 14:49:09.406,1.03848,1.03862,2.62,1.19
2016.08.04 14:49:09.457,1.03848,1.03862,1.12,1.19
2016.08.04 14:49:09.508,1.03849,1.03862,1.00,1.19
2016.08.04 14:49:09.610,1.03848,1.03861,1.87,1.19
2016.08.04 14:49:09.712,1.03848,1.03861,1.00,1.19
2016.08.04 14:49:09.763,1.03846,1.03861,3.37,1.69
2016.08.04 14:49:09.814,1.03847,1.03859,1.00,1.25
2016.08.04 14:49:09.967,1.03847,1.03859,1.50,1.25
2016.08.04 14:49:10.068,1.03847,1.03859,1.50,1.19
2016.08.04 14:49:10.119,1.03847,1.03859,1.00,1.19
2016.08.04 14:49:10.171,1.03846,1.03859,1.12,1.19
2016.08.04 14:49:10.273,1.03847,1.03859,1.00,1.25
2016.08.04 14:49:10.419,1.03847,1.03859,1.00,1.25
2016.08.04 14:49:10.933,1.03847,1.03859,1.00,1.19
2016.08.04 14:49:11.088,1.03846,1.03859,1.50,1.19
2016.08.04 14:49:11.140,1.03846,1.03859,1.00,1.19
2016.08.04 14:49:11.932,1.03846,1.03859,1.50,1.19
2016.08.04 14:49:12.179,1.03846,1.03859,1.00,1.19
2016.08.04 14:49:13.020,1.03844,1.03859,1.50,1.19
2016.08.04 14:49:13.228,1.03844,1.03858,1.00,1.19
2016.08.04 14:49:13.808,1.03845,1.03858,1.00,1.19
2016.08.04 14:49:14.325,1.03844,1.03858,1.00,1.19
2016.08.04 14:49:14.985,1.03848,1.03861,1.00,3.56
2016.08.04 14:49:15.036,1.03846,1.0386,1.50,1.31
2016.08.04 14:49:15.087,1.03847,1.0386,1.00,1.69
2016.08.04 14:49:15.250,1.03847,1.0386,1.00,1.19
2016.08.04 14:49:15.403,1.03845,1.03857,1.00,1.00
2016.08.04 14:49:15.454,1.03844,1.03857,1.50,1.19
2016.08.04 14:49:15.657,1.03844,1.03857,1.00,1.19
2016.08.04 14:49:16.065,1.03844,1.03857,1.50,1.19
2016.08.04 14:49:16.664,1.03846,1.03859,1.50,1.56
2016.08.04 14:49:16.766,1.03846,1.03861,2.25,1.56
2016.08.04 14:49:16.817,1.03847,1.03862,1.00,2.81
2016.08.04 14:49:17.127,1.03847,1.03862,1.00,2.06
2016.08.04 14:49:17.178,1.03847,1.03862,3.00,1.31
2016.08.04 14:49:17.229,1.03849,1.03862,1.00,1.31
2016.08.04 14:49:17.734,1.03848,1.03861,1.00,1.19
2016.08.04 14:49:17.887,1.03848,1.03861,1.00,1.19
2016.08.04 14:49:18.590,1.03848,1.03861,1.50,1.19
2016.08.04 14:49:18.950,1.03846,1.03858,2.25,1.25
2016.08.04 14:49:19.002,1.03846,1.03858,1.00,1.25
2016.08.04 14:49:19.054,1.03845,1.03858,1.12,1.25
2016.08.04 14:49:19.106,1.03845,1.0386,1.87,1.19
2016.08.04 14:49:19.373,1.03845,1.0386,1.12,1.69
2016.08.04 14:49:19.684,1.03845,1.0386,1.87,1.69
2016.08.04 14:49:19.735,1.03845,1.0386,1.87,1.19
2016.08.04 14:49:19.786,1.03845,1.0386,1.12,1.19
2016.08.04 14:49:19.990,1.03845,1.0386,1.87,1.19
2016.08.04 14:49:20.737,1.03846,1.03861,1.00,1.69
2016.08.04 14:49:21.177,1.03846,1.03861,1.50,1.69
2016.08.04 14:49:21.380,1.03846,1.03861,1.00,1.69
2016.08.04 14:49:21.970,1.03847,1.03861,1.00,1.69
2016.08.04 14:49:22.786,1.03847,1.03861,1.00,1.69
2016.08.04 14:49:23.561,1.03847,1.03861,1.00,1.19
2016.08.04 14:49:23.856,1.03847,1.03861,1.00,1.19
2016.08.04 14:49:24.766,1.03847,1.03861,1.00,1.19
2016.08.04 14:49:26.192,1.03847,1.03861,1.50,1.19
2016.08.04 14:49:26.243,1.03848,1.03862,1.00,2.81
2016.08.04 14:49:26.396,1.03848,1.03862,1.00,2.06
2016.08.04 14:49:27.405,1.03846,1.03861,3.00,1.19
2016.08.04 14:49:27.535,1.03846,1.03861,2.25,1.19
2016.08.04 14:49:27.637,1.03847,1.03861,1.00,1.19
2016.08.04 14:49:28.644,1.03847,1.0386,1.00,1.19
2016.08.04 14:49:29.429,1.03846,1.03859,1.50,1.19
2016.08.04 14:49:29.608,1.03846,1.03859,1.00,1.19
2016.08.04 14:49:29.660,1.03844,1.0386,3.37,1.19
2016.08.04 14:49:30.755,1.03845,1.0386,1.12,1.19
2016.08.04 14:49:30.859,1.03845,1.03858,1.12,1.25
2016.08.04 14:49:31.873,1.03845,1.03858,1.87,1.25
2016.08.04 14:49:31.924,1.03846,1.03859,1.00,1.19
2016.08.04 14:49:32.076,1.03846,1.03859,1.50,1.19
2016.08.04 14:49:32.127,1.03846,1.03858,1.00,1.19
2016.08.04 14:49:32.253,1.03846,1.03857,1.00,1.19
2016.08.04 14:49:32.305,1.03844,1.03857,1.50,1.19
2016.08.04 14:49:32.356,1.03844,1.03858,1.50,1.69
2016.08.04 14:49:32.460,1.03844,1.03857,1.50,1.19
2016.08.04 14:49:33.826,1.03844,1.03856,1.00,1.19
2016.08.04 14:49:34.114,1.03843,1.03856,1.00,1.19
2016.08.04 14:49:34.983,1.03843,1.03856,1.00,1.69
2016.08.04 14:49:35.034,1.03841,1.03853,1.00,1.19
2016.08.04 14:49:35.086,1.0384,1.03853,1.00,1.19
2016.08.04 14:49:35.442,1.03839,1.03851,1.00,1.25
2016.08.04 14:49:39.169,1.0384,1.03852,1.00,1.19
2016.08.04 14:49:40.828,1.0384,1.03853,1.00,1.31
2016.08.04 14:49:41.246,1.03838,1.03854,1.50,3.56
2016.08.04 14:49:41.297,1.03838,1.03854,1.00,3.56
2016.08.04 14:49:41.898,1.03838,1.03854,1.00,4.31
2016.08.04 14:49:45.506,1.03838,1.03853,1.00,1.19
2016.08.04 14:49:45.556,1.03838,1.03853,1.00,1.19
2016.08.04 14:49:46.163,1.03837,1.03853,1.50,1.69
2016.08.04 14:49:46.268,1.03837,1.03852,1.50,1.19
2016.08.04 14:49:47.152,1.03838,1.03852,1.00,1.19
2016.08.04 14:49:48.015,1.03838,1.03852,1.00,2.06
2016.08.04 14:49:48.066,1.03838,1.03851,1.00,1.31
2016.08.04 14:49:48.168,1.03838,1.03852,1.00,2.06
2016.08.04 14:49:48.219,1.03838,1.03852,1.00,1.69
2016.08.04 14:49:48.270,1.03838,1.03852,1.50,1.19
2016.08.04 14:49:48.371,1.03838,1.03852,1.50,1.69
2016.08.04 14:49:48.737,1.03839,1.03852,1.00,1.19
2016.08.04 14:49:49.181,1.03838,1.03852,1.00,1.19
2016.08.04 14:49:49.450,1.03838,1.03851,1.50,1.19
2016.08.04 14:49:50.307,1.03838,1.03851,1.00,1.19
2016.08.04 14:49:50.358,1.03835,1.03848,3.00,1.25
2016.08.04 14:49:50.410,1.03835,1.03848,3.00,1.25
2016.08.04 14:49:50.461,1.03835,1.03848,1.00,1.19
2016.08.04 14:49:50.969,1.03835,1.03846,1.00,1.00
2016.08.04 14:49:51.662,1.03835,1.03847,1.00,1.25
2016.08.04 14:49:51.969,1.03835,1.03849,1.00,1.69
2016.08.04 14:49:52.762,1.03835,1.03849,1.00,1.19
2016.08.04 14:49:53.053,1.03837,1.0385,1.00,1.19
2016.08.04 14:49:53.318,1.03837,1.0385,1.00,1.19
2016.08.04 14:49:53.574,1.03836,1.03851,1.50,1.69
2016.08.04 14:49:53.626,1.03837,1.03851,1.00,1.69
2016.08.04 14:49:53.728,1.03837,1.03851,1.00,1.50
2016.08.04 14:49:53.779,1.03838,1.03851,1.00,1.50
2016.08.04 14:49:53.831,1.03838,1.03851,1.50,1.50
2016.08.04 14:49:54.023,1.03838,1.03851,1.50,1.50
2016.08.04 14:49:54.076,1.03838,1.03851,1.50,1.69
2016.08.04 14:49:54.796,1.03838,1.03851,1.50,1.69
2016.08.04 14:49:54.847,1.03838,1.03851,1.00,1.69
2016.08.04 14:49:54.899,1.03837,1.03851,1.00,1.69
2016.08.04 14:49:55.043,1.03836,1.03851,1.00,2.44
2016.08.04 14:49:55.150,1.03836,1.0385,1.00,1.19
2016.08.04 14:49:55.202,1.03835,1.03849,1.00,1.19
2016.08.04 14:49:55.358,1.03835,1.0385,1.00,1.69
2016.08.04 14:49:56.055,1.03835,1.0385,1.00,2.06
2016.08.04 14:49:56.206,1.03837,1.0385,1.00,1.19
2016.08.04 14:49:56.261,1.03835,1.03849,1.00,1.19
2016.08.04 14:49:56.567,1.03837,1.03851,1.00,1.19
2016.08.04 14:49:56.670,1.03837,1.03851,1.00,1.19
2016.08.04 14:49:56.772,1.03838,1.03851,1.00,1.19
2016.08.04 14:49:56.874,1.0384,1.03851,1.00,1.19
2016.08.04 14:49:57.238,1.03839,1.03851,1.00,1.25
2016.08.04 14:49:57.392,1.03842,1.03853,1.00,1.56
2016.08.04 14:49:57.443,1.03842,1.03854,1.00,1.31
2016.08.04 14:49:57.495,1.03841,1.03854,1.00,2.06
2016.08.04 14:49:57.546,1.03841,1.03854,1.00,1.69
2016.08.04 14:49:57.597,1.0384,1.03854,1.50,1.19
2016.08.04 14:49:57.962,1.0384,1.03854,1.00,1.19
2016.08.04 14:49:59.062,1.03839,1.03854,1.50,1.19
2016.08.04 14:49:59.113,1.03839,1.03854,1.50,1.31
2016.08.04 14:49:59.164,1.03839,1.03854,1.00,1.69
2016.08.04 14:49:59.279,1.03839,1.03854,1.50,2.44
2016.08.04 14:49:59.381,1.0384,1.03854,1.00,2.44
2016.08.04 14:50:00.204,1.03841,1.03854,1.00,1.19
2016.08.04 14:50:00.256,1.0384,1.03854,1.00,1.19
2016.08.04 14:50:00.781,1.03841,1.03853,1.00,1.19
2016.08.04 14:50:01.808,1.03841,1.03854,1.00,1.69
2016.08.04 14:50:02.171,1.03839,1.0385,1.00,1.25
2016.08.04 14:50:02.224,1.03838,1.0385,1.00,1.19
2016.08.04 14:50:02.430,1.03836,1.0385,1.00,1.19
2016.08.04 14:50:03.438,1.03836,1.0385,1.00,1.69
2016.08.04 14:50:05.556,1.03836,1.0385,1.00,1.69
2016.08.04 14:50:05.607,1.03835,1.0385,1.50,1.69
2016.08.04 14:50:05.760,1.03835,1.03849,1.50,1.19
2016.08.04 14:50:06.251,1.03837,1.0385,1.00,1.69
2016.08.04 14:50:06.302,1.03837,1.0385,1.50,1.19
2016.08.04 14:50:06.404,1.03837,1.03851,1.50,1.69
2016.08.04 14:50:06.455,1.03837,1.03851,1.50,1.19
2016.08.04 14:50:06.507,1.03838,1.03852,1.00,1.19
2016.08.04 14:50:06.609,1.03837,1.03852,1.50,1.19
2016.08.04 14:50:07.342,1.03837,1.03852,1.50,1.69
2016.08.04 14:50:07.393,1.03837,1.03852,1.50,2.44
2016.08.04 14:50:07.444,1.03837,1.03852,1.50,1.69
2016.08.04 14:50:08.074,1.03837,1.03852,1.50,2.44
2016.08.04 14:50:08.127,1.03839,1.03851,1.00,1.19
2016.08.04 14:50:08.230,1.03838,1.03852,1.50,1.19
2016.08.04 14:50:08.281,1.03841,1.03853,1.00,2.44
2016.08.04 14:50:08.488,1.03841,1.03853,1.00,1.69
2016.08.04 14:50:08.590,1.03841,1.03853,1.00,1.19
2016.08.04 14:50:08.743,1.03841,1.03853,1.00,1.69
2016.08.04 14:50:08.795,1.03838,1.03851,1.00,1.19
2016.08.04 14:50:08.948,1.03836,1.0385,1.50,1.19
2016.08.04 14:50:09.000,1.03836,1.0385,1.00,1.19
2016.08.04 14:50:09.671,1.03836,1.0385,1.00,1.69
2016.08.04 14:50:09.824,1.03836,1.0385,1.00,1.19
2016.08.04 14:50:09.875,1.03835,1.03849,1.00,1.19
2016.08.04 14:50:09.926,1.03835,1.03848,1.00,1.19
2016.08.04 14:50:10.182,1.03835,1.03849,1.00,1.19
2016.08.04 14:50:10.336,1.03835,1.0385,1.50,1.19
2016.08.04 14:50:10.387,1.03835,1.03851,1.37,1.31
2016.08.04 14:50:10.438,1.03835,1.03851,1.75,1.19
2016.08.04 14:50:10.490,1.03838,1.03851,1.00,1.19
2016.08.04 14:50:10.685,1.03838,1.03853,1.00,2.44
2016.08.04 14:50:10.787,1.03838,1.03853,1.00,1.69
2016.08.04 14:50:10.839,1.03838,1.03853,1.00,1.19
2016.08.04 14:50:10.943,1.03838,1.03853,1.00,1.19
2016.08.04 14:50:11.223,1.03837,1.03852,1.87,1.19
2016.08.04 14:50:11.274,1.03837,1.03852,2.62,1.19
2016.08.04 14:50:11.518,1.03839,1.03852,1.00,1.19
2016.08.04 14:50:11.570,1.03839,1.03852,1.00,1.19
2016.08.04 14:50:11.621,1.0384,1.03853,1.00,1.69
2016.08.04 14:50:13.230,1.03839,1.03852,1.00,1.19
2016.08.04 14:50:13.282,1.03839,1.03852,1.00,1.19
2016.08.04 14:50:13.662,1.03839,1.03852,1.00,1.19
2016.08.04 14:50:15.348,1.03841,1.03852,1.00,1.19
2016.08.04 14:50:15.705,1.03841,1.03853,1.00,1.69
2016.08.04 14:50:15.757,1.03841,1.03853,1.00,2.44
2016.08.04 14:50:16.172,1.03842,1.03853,1.00,2.44
2016.08.04 14:50:16.274,1.03842,1.03853,1.00,1.69
2016.08.04 14:50:16.377,1.03841,1.03853,1.50,1.69
2016.08.04 14:50:16.428,1.03841,1.03853,1.00,1.69
2016.08.04 14:50:16.530,1.03842,1.03853,1.00,1.19
2016.08.04 14:50:17.190,1.03842,1.03856,1.00,1.19
2016.08.04 14:50:17.509,1.03842,1.03856,1.00,1.19
2016.08.04 14:50:18.430,1.03842,1.03855,1.00,1.19
2016.08.04 14:50:18.736,1.03842,1.03855,1.00,1.69
2016.08.04 14:50:19.362,1.03846,1.03856,1.00,1.69
2016.08.04 14:50:19.721,1.03846,1.03856,1.00,1.19
2016.08.04 14:50:19.773,1.03846,1.03857,1.00,1.69
2016.08.04 14:50:20.928,1.03846,1.03856,1.00,1.19
2016.08.04 14:50:21.234,1.03846,1.03856,1.00,1.69
2016.08.04 14:50:21.769,1.03846,1.03856,1.00,1.19
2016.08.04 14:50:21.948,1.03846,1.03857,1.00,2.44
2016.08.04 14:50:22.636,1.03846,1.03855,1.00,1.69
2016.08.04 14:50:22.738,1.03846,1.03854,1.00,2.44
2016.08.04 14:50:22.840,1.03846,1.03853,1.00,1.19
2016.08.04 14:50:22.941,1.03841,1.03853,1.00,1.19
2016.08.04 14:50:23.487,1.03842,1.03853,1.00,1.19
2016.08.04 14:50:24.718,1.03846,1.03853,1.00,1.00
2016.08.04 14:50:24.770,1.03846,1.03856,1.00,1.19
2016.08.04 14:50:24.821,1.03846,1.03857,1.00,1.19
2016.08.04 14:50:24.872,1.03846,1.03859,1.00,1.69
2016.08.04 14:50:24.973,1.03846,1.03859,1.00,1.19
2016.08.04 14:50:25.025,1.03846,1.0386,1.00,2.06
2016.08.04 14:50:25.623,1.03851,1.0386,1.00,2.06
2016.08.04 14:50:26.183,1.03851,1.0386,1.00,1.56
2016.08.04 14:50:26.285,1.03851,1.0386,1.00,1.31
2016.08.04 14:50:26.336,1.03847,1.03859,1.00,1.69
2016.08.04 14:50:27.548,1.03847,1.03859,1.00,2.44
2016.08.04 14:50:27.752,1.03847,1.03859,1.00,1.19
2016.08.04 14:50:27.853,1.03847,1.03859,1.00,1.69
2016.08.04 14:50:29.754,1.03846,1.03859,1.00,1.69
2016.08.04 14:50:30.318,1.03846,1.03859,1.00,1.19
2016.08.04 14:50:30.471,1.03846,1.0386,1.50,1.19
2016.08.04 14:50:30.522,1.03846,1.03861,1.00,1.69
2016.08.04 14:50:30.573,1.03846,1.03859,1.00,1.19
2016.08.04 14:50:30.726,1.03847,1.03861,1.00,2.44
2016.08.04 14:50:30.939,1.03847,1.0386,1.00,1.19
2016.08.04 14:50:31.465,1.03847,1.03859,1.00,1.19
2016.08.04 14:50:31.843,1.03852,1.03861,1.00,1.69
2016.08.04 14:50:31.894,1.03852,1.03861,1.00,1.19
2016.08.04 14:50:32.239,1.03857,1.03865,1.00,2.44
2016.08.04 14:50:32.290,1.03857,1.03865,1.00,1.69
2016.08.04 14:50:32.341,1.03851,1.03861,1.00,1.19
2016.08.04 14:50:32.392,1.03851,1.03861,1.37,1.19
2016.08.04 14:50:32.443,1.03851,1.03863,1.00,1.19
2016.08.04 14:50:32.748,1.03851,1.03864,1.00,1.69
2016.08.04 14:50:32.799,1.03851,1.03862,1.00,1.19
2016.08.04 14:50:32.949,1.03851,1.03861,1.00,1.19
2016.08.04 14:50:33.001,1.03847,1.03861,2.25,1.19
2016.08.04 14:50:33.052,1.03847,1.0386,1.50,1.19
2016.08.04 14:50:33.955,1.03847,1.0386,1.00,1.69
2016.08.04 14:50:34.264,1.03847,1.0386,1.00,2.44
2016.08.04 14:50:34.434,1.03846,1.0386,1.87,2.44
2016.08.04 14:50:34.587,1.03846,1.0386,1.87,1.69
2016.08.04 14:50:36.367,1.03852,1.0386,1.00,1.69
2016.08.04 14:50:36.856,1.03852,1.0386,1.00,1.19
2016.08.04 14:50:37.401,1.03852,1.0386,1.00,1.69
2016.08.04 14:50:38.740,1.03846,1.0386,1.87,1.69
2016.08.04 14:50:39.446,1.03847,1.0386,1.00,1.19
2016.08.04 14:50:39.701,1.03847,1.03861,1.50,1.19
2016.08.04 14:50:39.752,1.03851,1.03862,1.00,1.19
2016.08.04 14:50:39.803,1.03851,1.03863,1.00,2.06
2016.08.04 14:50:39.854,1.03848,1.03861,1.75,1.19
2016.08.04 14:50:39.956,1.03847,1.0386,2.25,1.19
2016.08.04 14:50:40.160,1.03847,1.0386,1.50,1.19
2016.08.04 14:50:40.263,1.03847,1.0386,2.25,1.19
2016.08.04 14:50:40.314,1.03847,1.0386,1.50,1.19
2016.08.04 14:50:40.476,1.03846,1.03858,1.75,1.19
2016.08.04 14:50:40.529,1.03844,1.03858,2.25,1.19
2016.08.04 14:50:40.682,1.03847,1.0386,1.00,1.69
2016.08.04 14:50:40.733,1.03847,1.0386,1.50,1.19
2016.08.04 14:50:40.784,1.03848,1.0386,1.00,1.19
2016.08.04 14:50:40.836,1.03848,1.0386,1.00,1.00
2016.08.04 14:50:40.887,1.03849,1.03864,1.00,1.69
2016.08.04 14:50:40.939,1.03849,1.03864,1.00,2.44
2016.08.04 14:50:40.990,1.03852,1.03864,1.00,2.44
2016.08.04 14:50:41.042,1.03852,1.03864,1.00,1.69
2016.08.04 14:50:41.196,1.03852,1.03862,1.00,1.19
2016.08.04 14:50:42.496,1.03852,1.03866,1.50,2.06
2016.08.04 14:50:42.548,1.03852,1.03867,1.12,1.56
2016.08.04 14:50:42.599,1.03853,1.03868,1.00,1.19
2016.08.04 14:50:43.497,1.03852,1.03867,3.00,1.19
2016.08.04 14:50:43.548,1.03852,1.03868,2.25,1.69
2016.08.04 14:50:43.599,1.03854,1.03865,1.00,1.25
2016.08.04 14:50:43.651,1.03854,1.03865,1.00,2.06
2016.08.04 14:50:43.702,1.03849,1.03864,2.62,1.31
2016.08.04 14:50:43.753,1.03849,1.03864,1.50,1.69
2016.08.04 14:50:44.007,1.03848,1.03863,1.00,1.19
2016.08.04 14:50:44.160,1.03849,1.03863,1.00,1.19
2016.08.04 14:50:44.767,1.03849,1.03863,1.00,1.69
2016.08.04 14:50:44.870,1.03847,1.03863,1.00,1.19
2016.08.04 14:50:45.022,1.03847,1.03863,1.00,1.69
2016.08.04 14:50:45.753,1.03847,1.03863,1.50,1.69
2016.08.04 14:50:45.856,1.03847,1.03863,1.50,1.19
2016.08.04 14:50:45.907,1.03848,1.03863,1.00,1.19
2016.08.04 14:50:46.009,1.03849,1.03864,1.00,3.19
2016.08.04 14:50:46.060,1.0385,1.03863,1.00,1.19
2016.08.04 14:50:46.547,1.03851,1.03863,1.00,1.19
2016.08.04 14:50:46.598,1.03853,1.03864,1.50,1.69
2016.08.04 14:50:46.700,1.03854,1.03865,1.00,1.31
2016.08.04 14:50:46.751,1.03854,1.03867,1.00,2.06
2016.08.04 14:50:46.801,1.03854,1.03867,1.00,1.69
2016.08.04 14:50:48.578,1.03853,1.03867,1.50,1.19
2016.08.04 14:50:49.641,1.03853,1.03867,1.50,1.69
2016.08.04 14:50:50.425,1.03853,1.03867,1.50,1.19
2016.08.04 14:50:51.008,1.03854,1.03867,1.00,1.19
2016.08.04 14:50:51.059,1.03854,1.03868,1.00,2.44
2016.08.04 14:50:51.110,1.03854,1.03868,1.00,3.19
2016.08.04 14:50:51.161,1.03854,1.03868,1.00,2.44
2016.08.04 14:50:51.212,1.03855,1.03868,1.50,1.19
2016.08.04 14:50:51.530,1.03855,1.03866,1.00,1.19
2016.08.04 14:50:51.582,1.03853,1.03866,1.50,1.69
2016.08.04 14:50:51.685,1.03853,1.03866,1.00,1.69
2016.08.04 14:50:51.787,1.03851,1.03866,1.87,1.69
2016.08.04 14:50:51.889,1.03851,1.03865,1.00,1.25
2016.08.04 14:50:51.941,1.03851,1.03865,1.00,1.19
2016.08.04 14:50:51.992,1.0385,1.03863,1.50,1.19
2016.08.04 14:50:52.471,1.03851,1.03863,1.00,1.19
2016.08.04 14:50:52.574,1.03851,1.03864,1.00,1.69
2016.08.04 14:50:52.728,1.03851,1.03864,1.00,1.19
2016.08.04 14:50:53.273,1.03851,1.03864,1.00,1.69
2016.08.04 14:50:54.466,1.03851,1.03864,1.00,1.19
2016.08.04 14:50:54.986,1.0385,1.03864,1.00,1.19
2016.08.04 14:50:55.138,1.03848,1.03864,1.87,1.69
2016.08.04 14:50:55.190,1.03848,1.03862,1.12,1.19
2016.08.04 14:50:55.548,1.03849,1.03862,1.00,1.25
2016.08.04 14:50:55.599,1.03849,1.03863,1.50,1.19
2016.08.04 14:50:55.702,1.0385,1.03864,1.00,1.19
2016.08.04 14:50:55.884,1.0385,1.03864,1.00,1.69
2016.08.04 14:50:56.344,1.0385,1.03864,1.00,1.69
2016.08.04 14:50:56.882,1.0385,1.03864,1.00,2.44
2016.08.04 14:50:57.486,1.0385,1.03864,1.00,1.69
2016.08.04 14:50:57.537,1.0385,1.03864,1.00,2.44
2016.08.04 14:50:58.994,1.0385,1.03864,1.00,3.19
2016.08.04 14:50:59.171,1.0385,1.03864,1.00,2.81
2016.08.04 14:50:59.222,1.0385,1.03864,1.00,2.44
2016.08.04 14:50:59.493,1.03849,1.03864,1.50,2.44
2016.08.04 14:51:00.248,1.03849,1.03862,1.00,1.31
2016.08.04 14:51:00.502,1.03847,1.03859,1.50,1.19
2016.08.04 14:51:01.069,1.03847,1.03859,1.00,1.19
2016.08.04 14:51:01.274,1.03847,1.03859,1.00,1.00
2016.08.04 14:51:01.325,1.03848,1.03861,1.00,1.69
2016.08.04 14:51:01.376,1.03848,1.03861,1.00,1.19
2016.08.04 14:51:01.530,1.03847,1.0386,1.00,1.25
2016.08.04 14:51:01.839,1.03846,1.03862,1.50,1.31
2016.08.04 14:51:02.033,1.03847,1.0386,1.00,1.19
2016.08.04 14:51:03.509,1.03846,1.03862,3.00,1.69
2016.08.04 14:51:03.904,1.03849,1.03862,1.00,1.69
2016.08.04 14:51:04.210,1.03849,1.03862,1.00,1.19
2016.08.04 14:51:04.565,1.03849,1.03863,1.00,1.69
2016.08.04 14:51:06.154,1.03849,1.03863,1.00,1.19
2016.08.04 14:51:06.825,1.03849,1.03864,1.75,2.44
2016.08.04 14:51:06.978,1.03849,1.03864,2.25,1.19
2016.08.04 14:51:07.280,1.03849,1.03864,3.00,1.19
2016.08.04 14:51:07.381,1.03849,1.03864,2.25,1.19
2016.08.04 14:51:07.534,1.03849,1.03865,2.25,2.25
2016.08.04 14:51:07.585,1.03851,1.03865,1.12,2.25
2016.08.04 14:51:07.687,1.03851,1.03865,1.12,1.00
2016.08.04 14:51:08.023,1.0385,1.03865,1.50,1.00
2016.08.04 14:51:08.283,1.03851,1.03864,1.87,1.00
2016.08.04 14:51:08.335,1.03852,1.03864,1.00,1.00
2016.08.04 14:51:08.437,1.03852,1.03864,1.00,1.19
2016.08.04 14:51:08.539,1.03851,1.03864,1.12,1.19
2016.08.04 14:51:08.590,1.03851,1.03863,1.12,1.19
2016.08.04 14:51:08.641,1.03849,1.03864,1.50,2.81
2016.08.04 14:51:08.692,1.03849,1.03863,1.87,1.19
2016.08.04 14:51:08.743,1.03851,1.03863,1.50,1.25
2016.08.04 14:51:08.845,1.03851,1.03864,1.50,1.19
2016.08.04 14:51:08.896,1.03852,1.03864,1.00,1.19
2016.08.04 14:51:08.947,1.03852,1.03865,1.50,1.19
2016.08.04 14:51:09.070,1.03854,1.03868,1.00,1.31
2016.08.04 14:51:09.122,1.03854,1.03869,1.50,1.19
2016.08.04 14:51:09.225,1.03857,1.03869,1.00,1.19
2016.08.04 14:51:10.167,1.03854,1.03869,2.25,1.19
2016.08.04 14:51:10.362,1.03854,1.03869,1.50,1.19
2016.08.04 14:51:11.268,1.03857,1.03869,1.00,1.19
2016.08.04 14:51:11.543,1.03854,1.03867,1.50,1.19
2016.08.04 14:51:11.601,1.03854,1.03866,1.00,1.19
2016.08.04 14:51:11.653,1.03852,1.03861,1.37,1.00
2016.08.04 14:51:11.705,1.03852,1.03861,1.37,1.19
2016.08.04 14:51:11.757,1.03849,1.0386,1.75,1.31
2016.08.04 14:51:11.808,1.03847,1.03859,2.62,1.25
2016.08.04 14:51:11.860,1.03844,1.03859,3.00,2.81
2016.08.04 14:51:11.913,1.03844,1.03859,1.87,2.81
2016.08.04 14:51:11.964,1.03844,1.03859,1.00,2.81
2016.08.04 14:51:12.015,1.03842,1.03859,1.50,2.81
2016.08.04 14:51:12.066,1.03842,1.03859,1.50,3.94
2016.08.04 14:51:12.118,1.03842,1.03859,1.37,4.31
2016.08.04 14:51:12.170,1.03841,1.03857,1.00,1.19
2016.08.04 14:51:12.272,1.03841,1.03858,1.00,2.06
2016.08.04 14:51:12.446,1.03841,1.03857,1.00,1.69
2016.08.04 14:51:12.715,1.03841,1.03855,1.00,1.19
2016.08.04 14:51:13.422,1.03843,1.03855,1.00,1.19
2016.08.04 14:51:14.149,1.03842,1.03857,1.00,1.31
2016.08.04 14:51:14.354,1.03844,1.03858,1.00,2.81
2016.08.04 14:51:14.829,1.03842,1.03857,1.00,1.31
2016.08.04 14:51:14.880,1.03842,1.03857,1.00,1.31
2016.08.04 14:51:14.932,1.0384,1.03854,2.25,1.69
2016.08.04 14:51:14.983,1.0384,1.03854,1.87,2.06
2016.08.04 14:51:15.034,1.03841,1.03853,1.00,1.19
2016.08.04 14:51:15.137,1.03839,1.03855,1.87,2.44
2016.08.04 14:51:15.188,1.0384,1.03855,1.00,1.19
2016.08.04 14:51:15.239,1.03841,1.03855,1.50,1.19
2016.08.04 14:51:15.290,1.03842,1.03855,1.00,1.19
2016.08.04 14:51:15.472,1.03842,1.03856,1.50,1.19
2016.08.04 14:51:15.830,1.03842,1.03857,1.50,1.19
2016.08.04 14:51:15.882,1.03842,1.03857,1.00,1.19
2016.08.04 14:51:15.985,1.03842,1.03857,1.12,1.19
2016.08.04 14:51:16.036,1.03843,1.0386,1.87,1.69
2016.08.04 14:51:16.462,1.03844,1.0386,1.12,1.69
2016.08.04 14:51:16.564,1.03843,1.0386,1.87,2.44
2016.08.04 14:51:16.666,1.03843,1.0386,1.87,1.69
2016.08.04 14:51:17.167,1.03844,1.0386,1.12,1.69
2016.08.04 14:51:17.319,1.03844,1.0386,1.12,1.69
2016.08.04 14:51:17.471,1.03842,1.03853,1.00,1.00
2016.08.04 14:51:17.574,1.03841,1.03856,2.62,1.25
2016.08.04 14:51:17.676,1.03843,1.03856,1.00,1.25
2016.08.04 14:51:17.728,1.03841,1.03854,1.12,1.00
2016.08.04 14:51:17.779,1.03841,1.03854,1.12,1.25
2016.08.04 14:51:18.140,1.0384,1.03853,1.87,1.00
2016.08.04 14:51:18.191,1.0384,1.03853,1.50,1.00
2016.08.04 14:51:18.243,1.03841,1.03853,1.00,1.00
2016.08.04 14:51:18.412,1.03841,1.03853,1.00,1.19
2016.08.04 14:51:18.463,1.0384,1.03853,1.00,1.19
2016.08.04 14:51:19.272,1.03838,1.03853,1.50,1.19
2016.08.04 14:51:19.323,1.03838,1.03853,1.50,1.19
2016.08.04 14:51:19.375,1.03838,1.03851,1.00,1.19
2016.08.04 14:51:19.506,1.03838,1.03851,1.37,1.19
2016.08.04 14:51:19.557,1.03841,1.03853,1.00,1.25
2016.08.04 14:51:19.660,1.03841,1.03856,1.50,2.06
2016.08.04 14:51:19.762,1.03841,1.03856,1.00,2.81
2016.08.04 14:51:19.865,1.03841,1.03855,1.00,1.19
2016.08.04 14:51:19.969,1.03843,1.03856,1.00,1.00
2016.08.04 14:51:20.934,1.03842,1.03855,1.00,1.00
2016.08.04 14:51:21.591,1.03843,1.03856,1.00,1.00
2016.08.04 14:51:21.643,1.03843,1.03858,1.00,2.81
2016.08.04 14:51:21.846,1.03843,1.03858,1.00,2.81
2016.08.04 14:51:22.064,1.03843,1.03858,1.00,2.81
2016.08.04 14:51:23.216,1.03843,1.03858,1.00,3.19
2016.08.04 14:51:23.268,1.03843,1.03856,1.00,1.19
2016.08.04 14:51:23.420,1.03843,1.03854,1.00,1.25
2016.08.04 14:51:23.471,1.03841,1.03854,1.00,1.25
2016.08.04 14:51:23.522,1.03841,1.03854,1.00,1.19
2016.08.04 14:51:23.573,1.03839,1.03855,1.12,1.69
2016.08.04 14:51:23.675,1.03839,1.03855,1.00,1.69
2016.08.04 14:51:23.859,1.03838,1.03854,2.25,1.19
2016.08.04 14:51:23.964,1.03841,1.03853,1.00,1.25
2016.08.04 14:51:24.066,1.03839,1.03853,1.00,1.25
2016.08.04 14:51:24.168,1.03841,1.03853,1.00,1.25
2016.08.04 14:51:24.743,1.03839,1.03854,1.00,1.69
2016.08.04 14:51:25.221,1.03839,1.03854,1.00,1.69
2016.08.04 14:51:25.476,1.03838,1.03853,1.00,1.56
2016.08.04 14:51:25.578,1.03838,1.03853,1.00,1.94
2016.08.04 14:51:26.575,1.03837,1.03853,1.50,2.44
2016.08.04 14:51:26.870,1.03837,1.03853,2.25,2.44
2016.08.04 14:51:26.998,1.03838,1.03852,1.00,1.69
2016.08.04 14:51:27.749,1.03837,1.03851,1.50,1.31
2016.08.04 14:51:27.800,1.03837,1.03851,1.00,2.06
2016.08.04 14:51:27.851,1.03836,1.03848,1.50,1.00
2016.08.04 14:51:27.902,1.03836,1.03848,1.50,1.25
2016.08.04 14:51:28.055,1.03836,1.03849,1.00,1.69
2016.08.04 14:51:28.253,1.03836,1.03849,1.00,2.44
2016.08.04 14:51:28.308,1.03834,1.03849,1.50,2.44
2016.08.04 14:51:28.359,1.03834,1.03849,1.50,1.69
2016.08.04 14:51:28.462,1.03834,1.03848,1.00,1.25
2016.08.04 14:51:30.037,1.03833,1.03848,1.50,1.69
2016.08.04 14:51:30.088,1.03833,1.03848,1.50,2.44
2016.08.04 14:51:30.189,1.03833,1.03846,1.00,1.25
2016.08.04 14:51:30.398,1.03833,1.03847,1.50,1.19
2016.08.04 14:51:30.787,1.03833,1.03848,1.00,2.44
2016.08.04 14:51:30.838,1.03833,1.03848,1.00,1.69
2016.08.04 14:51:30.914,1.03833,1.03847,1.00,1.19
2016.08.04 14:51:31.016,1.03831,1.03847,1.50,1.69
2016.08.04 14:51:31.174,1.03831,1.03847,1.50,2.44
2016.08.04 14:51:31.226,1.03831,1.03847,1.50,1.69
2016.08.04 14:51:31.328,1.03831,1.03845,1.00,1.00
2016.08.04 14:51:31.380,1.03832,1.03847,1.50,2.44
2016.08.04 14:51:31.431,1.03832,1.03848,1.50,1.94
2016.08.04 14:51:31.554,1.03832,1.03848,1.87,1.56
2016.08.04 14:51:31.606,1.03833,1.03849,1.00,3.19
2016.08.04 14:51:31.708,1.03833,1.03849,1.00,2.44
2016.08.04 14:51:31.759,1.03833,1.03849,1.00,1.69
2016.08.04 14:51:31.912,1.03833,1.03847,1.00,1.19
2016.08.04 14:51:31.963,1.03831,1.03844,1.87,1.19
2016.08.04 14:51:32.015,1.03831,1.03844,1.50,1.19
2016.08.04 14:51:32.066,1.03829,1.03844,1.50,1.19
2016.08.04 14:51:32.220,1.03829,1.03844,1.00,1.19
2016.08.04 14:51:32.423,1.03829,1.03844,1.00,1.19
2016.08.04 14:51:32.816,1.03829,1.03844,1.50,1.19
2016.08.04 14:51:33.731,1.03829,1.03842,1.50,1.00
2016.08.04 14:51:33.788,1.03829,1.03842,1.00,1.00
2016.08.04 14:51:34.142,1.03829,1.03842,1.00,1.00
2016.08.04 14:51:35.485,1.03828,1.03844,1.50,1.69
2016.08.04 14:51:35.639,1.03828,1.03844,1.50,2.44
2016.08.04 14:51:35.849,1.03828,1.03844,1.00,1.69
2016.08.04 14:51:37.703,1.03828,1.03844,1.00,1.69
2016.08.04 14:51:37.978,1.03828,1.03844,1.00,1.69
2016.08.04 14:51:38.130,1.03828,1.03843,1.00,1.19
2016.08.04 14:51:38.182,1.03827,1.03841,1.12,1.69
2016.08.04 14:51:38.285,1.03827,1.03839,1.12,1.00
2016.08.04 14:51:38.336,1.03825,1.03838,1.00,1.19
2016.08.04 14:51:38.387,1.03823,1.03837,3.00,1.19
2016.08.04 14:51:38.541,1.03822,1.03836,1.87,1.25
2016.08.04 14:51:39.056,1.03822,1.03836,1.37,1.25
2016.08.04 14:51:39.107,1.03822,1.03836,1.87,1.25
2016.08.04 14:51:39.209,1.03822,1.03838,1.37,1.19
2016.08.04 14:51:39.260,1.03822,1.03838,1.87,1.19
2016.08.04 14:51:39.311,1.03822,1.03839,2.62,1.69
2016.08.04 14:51:39.605,1.03824,1.03839,1.00,1.69
2016.08.04 14:51:39.707,1.03824,1.03838,1.50,1.25
2016.08.04 14:51:39.758,1.03824,1.03838,2.25,1.00
2016.08.04 14:51:39.809,1.03824,1.03839,2.25,1.25
2016.08.04 14:51:40.063,1.03824,1.03839,1.50,1.25
2016.08.04 14:51:40.217,1.03824,1.03839,1.50,1.19
2016.08.04 14:51:40.565,1.03824,1.03839,2.25,1.19
2016.08.04 14:51:40.667,1.03824,1.0384,1.50,1.31
2016.08.04 14:51:41.339,1.03824,1.0384,1.50,1.31
2016.08.04 14:51:41.494,1.03825,1.03841,1.00,2.44
2016.08.04 14:51:41.706,1.03825,1.03841,1.00,2.81
2016.08.04 14:51:42.228,1.03825,1.03841,1.50,2.81
2016.08.04 14:51:42.436,1.03825,1.03841,1.00,2.81
2016.08.04 14:51:42.800,1.03827,1.0384,1.00,1.31
2016.08.04 14:51:43.272,1.03827,1.0384,1.00,2.06
2016.08.04 14:51:43.795,1.03826,1.0384,1.00,2.06
2016.08.04 14:51:43.846,1.03826,1.0384,1.00,1.31
2016.08.04 14:51:45.420,1.03826,1.0384,1.00,1.31
2016.08.04 14:51:45.522,1.03824,1.03839,1.50,1.69
2016.08.04 14:51:45.574,1.03824,1.03839,1.50,2.44
2016.08.04 14:51:45.729,1.03824,1.03837,1.00,1.00
2016.08.04 14:51:45.881,1.03823,1.03837,1.12,1.00
2016.08.04 14:51:45.932,1.03822,1.03836,1.37,1.19
2016.08.04 14:51:46.034,1.03822,1.03836,1.00,1.19
2016.08.04 14:51:46.238,1.03821,1.03835,1.50,1.25
2016.08.04 14:51:46.551,1.03821,1.03834,1.50,1.00
2016.08.04 14:51:46.602,1.03821,1.03834,1.50,1.19
2016.08.04 14:51:49.129,1.03822,1.03834,1.00,1.19
2016.08.04 14:51:50.304,1.03822,1.03835,1.50,1.19
2016.08.04 14:51:50.457,1.03822,1.03835,1.50,1.25
2016.08.04 14:51:50.509,1.03823,1.03835,1.00,1.25
2016.08.04 14:51:51.107,1.03823,1.03835,1.00,1.19
2016.08.04 14:51:53.433,1.03826,1.03839,1.00,3.19
2016.08.04 14:51:53.484,1.03826,1.03839,1.00,2.44
2016.08.04 14:51:53.535,1.03827,1.0384,1.00,1.94
2016.08.04 14:51:53.586,1.03827,1.03841,1.50,2.81
2016.08.04 14:51:53.638,1.03828,1.03841,1.00,2.06
2016.08.04 14:51:53.689,1.03828,1.03841,1.00,1.31
2016.08.04 14:51:53.741,1.0383,1.03842,1.00,1.31
2016.08.04 14:51:53.843,1.0383,1.03843,1.00,1.69
2016.08.04 14:51:56.360,1.03831,1.03844,1.00,1.94
2016.08.04 14:51:58.058,1.03831,1.03845,1.00,3.56
2016.08.04 14:51:58.160,1.0383,1.03845,1.00,3.19
2016.08.04 14:51:58.363,1.0383,1.03845,1.00,3.94
2016.08.04 14:51:58.669,1.0383,1.03845,1.00,3.19
2016.08.04 14:51:58.758,1.0383,1.03845,1.00,2.44
2016.08.04 14:51:59.506,1.0383,1.03845,1.00,1.94
2016.08.04 14:51:59.773,1.0383,1.03845,1.00,2.44
2016.08.04 14:51:59.979,1.03833,1.03845,1.00,2.44
2016.08.04 14:52:00.030,1.03834,1.03845,1.00,1.62
2016.08.04 14:52:00.081,1.03834,1.03847,1.00,1.19
2016.08.04 14:52:00.132,1.03832,1.03845,1.50,1.19
2016.08.04 14:52:00.682,1.03832,1.03844,1.50,1.19
2016.08.04 14:52:00.936,1.03832,1.03846,1.50,1.69
2016.08.04 14:52:01.089,1.03832,1.03846,1.00,1.69
2016.08.04 14:52:01.140,1.03832,1.03845,1.00,1.19
2016.08.04 14:52:01.192,1.03831,1.03845,1.50,1.19
2016.08.04 14:52:01.344,1.03831,1.03845,1.50,1.00
2016.08.04 14:52:01.491,1.03831,1.03845,1.00,1.00
2016.08.04 14:52:01.547,1.03832,1.03846,1.00,2.25
2016.08.04 14:52:01.752,1.03832,1.03846,1.00,1.50
2016.08.04 14:52:01.984,1.03832,1.03846,1.00,1.50
2016.08.04 14:52:02.086,1.03832,1.03846,1.50,1.50
2016.08.04 14:52:02.347,1.03832,1.03846,1.00,1.50
2016.08.04 14:52:02.449,1.03832,1.03845,1.00,1.00
2016.08.04 14:52:02.962,1.03832,1.03846,1.00,1.00
2016.08.04 14:52:03.950,1.03831,1.03846,1.50,1.50
2016.08.04 14:52:04.171,1.03831,1.03846,1.50,2.25
2016.08.04 14:52:04.222,1.03831,1.03846,1.50,3.37
2016.08.04 14:52:04.273,1.03828,1.03841,1.12,1.00
2016.08.04 14:52:04.375,1.0383,1.03843,1.00,1.00
2016.08.04 14:52:04.763,1.0383,1.03843,1.50,1.00
2016.08.04 14:52:04.972,1.0383,1.03843,1.00,1.00
2016.08.04 14:52:05.023,1.0383,1.03843,1.50,1.00
2016.08.04 14:52:05.074,1.03833,1.03846,1.00,1.12
2016.08.04 14:52:05.125,1.03833,1.03846,1.00,1.12
2016.08.04 14:52:05.279,1.03834,1.03847,1.00,1.37
2016.08.04 14:52:05.635,1.03834,1.03848,1.00,1.69
2016.08.04 14:52:05.884,1.03833,1.03846,1.00,1.12
2016.08.04 14:52:05.948,1.03831,1.03846,1.00,1.12
2016.08.04 14:52:06.002,1.03832,1.03844,1.00,1.00
2016.08.04 14:52:06.055,1.03832,1.03846,1.00,1.25
2016.08.04 14:52:06.107,1.03832,1.03845,1.00,1.37
2016.08.04 14:52:06.159,1.03832,1.03843,1.00,1.37
2016.08.04 14:52:06.210,1.03832,1.03842,1.00,1.12
2016.08.04 14:52:06.262,1.03828,1.03841,1.00,1.87
2016.08.04 14:52:06.364,1.03828,1.03842,1.00,2.25
2016.08.04 14:52:06.569,1.03828,1.03842,1.50,2.25
2016.08.04 14:52:06.758,1.03828,1.03841,1.00,1.12
2016.08.04 14:52:06.864,1.03828,1.03841,1.00,1.87
2016.08.04 14:52:07.530,1.03828,1.03841,1.00,2.62
2016.08.04 14:52:07.581,1.03828,1.0384,1.00,1.00
2016.08.04 14:52:07.887,1.0383,1.03841,1.00,1.00
2016.08.04 14:52:08.093,1.03834,1.03848,1.00,1.94
2016.08.04 14:52:08.144,1.03837,1.03849,1.00,2.44
2016.08.04 14:52:08.196,1.03837,1.03849,1.00,1.69
2016.08.04 14:52:08.247,1.03837,1.03849,1.00,1.50
2016.08.04 14:52:08.298,1.03837,1.03848,1.00,1.00
2016.08.04 14:52:08.350,1.03834,1.03846,1.00,1.12
2016.08.04 14:52:08.401,1.03834,1.03844,1.00,1.00
2016.08.04 14:52:08.589,1.03829,1.03842,1.87,1.00
2016.08.04 14:52:08.640,1.03826,1.03842,1.50,1.00
2016.08.04 14:52:08.742,1.03827,1.03842,1.00,1.00
2016.08.04 14:52:08.945,1.03826,1.03842,2.25,1.00
2016.08.04 14:52:09.285,1.03829,1.03843,1.00,1.00
2016.08.04 14:52:09.420,1.03828,1.03841,1.50,1.00
2016.08.04 14:52:09.472,1.03829,1.03841,1.00,1.00
2016.08.04 14:52:09.523,1.03829,1.03841,1.50,1.00
2016.08.04 14:52:09.675,1.03829,1.03841,1.00,1.00
2016.08.04 14:52:10.144,1.03829,1.03841,1.50,1.00
2016.08.04 14:52:10.489,1.03829,1.03841,1.00,1.00
2016.08.04 14:52:10.878,1.03829,1.03842,1.50,1.00
2016.08.04 14:52:11.193,1.03829,1.03844,1.50,3.37
2016.08.04 14:52:11.346,1.03829,1.03844,1.50,2.25
2016.08.04 14:52:11.482,1.0383,1.03844,1.00,1.87
2016.08.04 14:52:11.587,1.0383,1.03844,2.25,1.00
2016.08.04 14:52:11.894,1.0383,1.03844,1.50,1.00
2016.08.04 14:52:11.958,1.0383,1.03845,1.50,1.00
2016.08.04 14:52:12.262,1.03831,1.03845,1.00,1.00
2016.08.04 14:52:12.415,1.0383,1.03845,1.50,1.00
2016.08.04 14:52:12.468,1.0383,1.03845,1.00,1.00
2016.08.04 14:52:13.696,1.03829,1.03844,1.87,1.00
2016.08.04 14:52:14.198,1.0383,1.03845,1.00,1.00
2016.08.04 14:52:14.615,1.0383,1.03843,1.00,1.00
2016.08.04 14:52:16.530,1.0383,1.03843,1.00,1.19
2016.08.04 14:52:17.292,1.0383,1.03843,1.00,1.19
2016.08.04 14:52:17.343,1.0383,1.03843,1.00,1.69
2016.08.04 14:52:17.394,1.03829,1.0384,1.00,1.25
2016.08.04 14:52:17.445,1.03825,1.0384,3.75,1.25
2016.08.04 14:52:17.497,1.03825,1.03838,1.87,1.69
2016.08.04 14:52:17.548,1.03824,1.03838,1.37,1.69
2016.08.04 14:52:17.599,1.03824,1.03836,1.00,1.25
2016.08.04 14:52:17.650,1.03823,1.03836,1.12,1.25
2016.08.04 14:52:17.701,1.03823,1.03838,1.00,2.06
2016.08.04 14:52:18.056,1.03823,1.03838,1.50,2.06
2016.08.04 14:52:18.627,1.03823,1.03838,1.00,2.06
2016.08.04 14:52:18.729,1.03823,1.03838,1.50,2.06
2016.08.04 14:52:18.779,1.03825,1.03838,1.00,2.06
2016.08.04 14:52:19.596,1.03825,1.03838,1.00,1.31
2016.08.04 14:52:20.217,1.03827,1.03839,1.00,2.44
2016.08.04 14:52:21.185,1.03827,1.03839,1.00,1.69
2016.08.04 14:52:22.328,1.03826,1.03839,1.00,1.69
2016.08.04 14:52:22.701,1.03826,1.03839,1.00,1.31
2016.08.04 14:52:22.906,1.03826,1.03841,1.00,1.69
2016.08.04 14:52:23.161,1.03827,1.03841,1.00,2.06
2016.08.04 14:52:23.212,1.03826,1.0384,1.00,1.19
2016.08.04 14:52:23.726,1.03825,1.0384,1.50,1.19
2016.08.04 14:52:23.915,1.0383,1.03842,1.00,2.06
2016.08.04 14:52:23.967,1.0383,1.03842,1.00,1.19
2016.08.04 14:52:24.018,1.03829,1.03843,1.00,1.19
2016.08.04 14:52:24.069,1.03829,1.03844,1.00,1.69
2016.08.04 14:52:24.120,1.0383,1.03843,1.00,1.19
2016.08.04 14:52:24.222,1.03834,1.03849,1.12,2.81
2016.08.04 14:52:24.273,1.03836,1.03848,1.00,1.56
2016.08.04 14:52:24.324,1.03836,1.03848,1.00,1.25
2016.08.04 14:52:24.376,1.03832,1.03848,1.00,1.25
2016.08.04 14:52:24.427,1.03832,1.03848,1.00,1.19
2016.08.04 14:52:24.630,1.03831,1.03848,1.00,1.69
2016.08.04 14:52:24.681,1.03831,1.03848,1.00,2.81
2016.08.04 14:52:24.846,1.0383,1.03846,2.25,1.19
2016.08.04 14:52:24.916,1.0383,1.03844,1.50,1.19
2016.08.04 14:52:24.967,1.0383,1.03844,1.50,1.19
2016.08.04 14:52:25.019,1.03829,1.03844,1.87,1.19
2016.08.04 14:52:25.070,1.03829,1.03844,1.37,1.19
2016.08.04 14:52:25.121,1.03829,1.03844,1.00,1.19
2016.08.04 14:52:25.286,1.0383,1.03843,1.00,1.25
2016.08.04 14:52:25.493,1.03829,1.03844,1.00,1.69
2016.08.04 14:52:25.712,1.03831,1.03844,1.00,1.19
2016.08.04 14:52:25.814,1.03829,1.03844,1.00,1.19
2016.08.04 14:52:26.088,1.03828,1.03844,1.12,1.19
2016.08.04 14:52:26.139,1.03828,1.03844,1.12,1.19
2016.08.04 14:52:26.606,1.03829,1.03844,1.00,1.19
2016.08.04 14:52:27.545,1.03829,1.03844,1.50,1.19
2016.08.04 14:52:27.647,1.03829,1.03844,2.25,1.25
2016.08.04 14:52:27.698,1.0383,1.03844,1.00,1.25
2016.08.04 14:52:27.749,1.0383,1.03844,1.00,1.25
2016.08.04 14:52:27.800,1.0383,1.03844,1.00,1.69
2016.08.04 14:52:28.217,1.03829,1.03844,1.50,1.69
2016.08.04 14:52:28.636,1.0383,1.03844,1.00,1.69
2016.08.04 14:52:30.636,1.0383,1.03844,1.00,2.44
2016.08.04 14:52:31.225,1.03827,1.03842,3.75,1.25
2016.08.04 14:52:31.276,1.03827,1.03842,3.00,1.25
2016.08.04 14:52:31.327,1.03829,1.03842,1.00,1.69
2016.08.04 14:52:31.530,1.03828,1.03842,1.12,1.69
2016.08.04 14:52:31.683,1.03828,1.03842,1.12,2.44
2016.08.04 14:52:31.734,1.03828,1.03842,1.00,2.44
2016.08.04 14:52:32.995,1.03828,1.03842,1.12,2.44
2016.08.04 14:52:33.047,1.03828,1.03842,1.50,2.44
2016.08.04 14:52:33.251,1.03826,1.03837,2.25,1.00
2016.08.04 14:52:33.302,1.03826,1.03837,2.25,1.00
2016.08.04 14:52:33.353,1.03826,1.03838,1.75,2.44
2016.08.04 14:52:33.404,1.03826,1.03838,1.37,2.44
2016.08.04 14:52:33.516,1.03824,1.03838,1.00,1.69
2016.08.04 14:52:33.567,1.03824,1.03838,1.00,1.19
2016.08.04 14:52:36.101,1.03824,1.03839,1.00,1.19
2016.08.04 14:52:36.469,1.03824,1.03839,1.50,1.19
2016.08.04 14:52:36.520,1.03825,1.0384,1.00,1.69
2016.08.04 14:52:38.006,1.03825,1.03839,1.00,1.19
2016.08.04 14:52:38.528,1.03826,1.03839,1.00,1.19
2016.08.04 14:52:39.662,1.03826,1.03839,1.00,1.69
2016.08.04 14:52:40.125,1.03826,1.03839,1.00,1.19
2016.08.04 14:52:43.294,1.03826,1.03838,1.00,1.19
2016.08.04 14:52:43.346,1.03826,1.03838,1.00,1.25
2016.08.04 14:52:43.848,1.03827,1.03838,1.00,1.25
2016.08.04 14:52:44.435,1.03827,1.0384,1.00,1.69
2016.08.04 14:52:44.486,1.03827,1.0384,1.00,1.19
2016.08.04 14:52:44.537,1.03827,1.03841,1.00,1.19
2016.08.04 14:52:44.639,1.03829,1.03841,1.00,1.19
2016.08.04 14:52:44.690,1.03829,1.03842,1.00,2.06
2016.08.04 14:52:44.741,1.0383,1.03843,1.00,1.69
2016.08.04 14:52:44.888,1.0383,1.03844,1.00,1.69
2016.08.04 14:52:45.040,1.0383,1.03844,1.00,1.19
2016.08.04 14:52:45.091,1.0383,1.03844,1.50,1.19
2016.08.04 14:52:45.194,1.0383,1.03844,1.00,1.19
2016.08.04 14:52:45.558,1.0383,1.03845,1.50,1.19
2016.08.04 14:52:45.776,1.03831,1.03845,1.00,1.19
2016.08.04 14:52:46.517,1.03831,1.03847,1.00,2.44
2016.08.04 14:52:46.669,1.03831,1.03847,1.00,3.19
2016.08.04 14:52:46.771,1.03831,1.03847,1.00,2.44
2016.08.04 14:52:47.002,1.03831,1.03847,1.00,3.19
2016.08.04 14:52:47.660,1.0383,1.03847,1.00,3.19
2016.08.04 14:52:47.711,1.0383,1.03847,1.00,2.44
2016.08.04 14:52:48.286,1.03831,1.03847,1.00,2.44
2016.08.04 14:52:48.462,1.0383,1.03844,1.00,1.19
2016.08.04 14:52:48.564,1.03831,1.03844,1.00,1.19
2016.08.04 14:52:48.668,1.03831,1.03844,1.50,1.19
2016.08.04 14:52:49.656,1.03831,1.03846,1.50,1.31
2016.08.04 14:52:49.707,1.03831,1.03846,1.00,1.31
2016.08.04 14:52:49.758,1.03831,1.03845,1.00,1.19
2016.08.04 14:52:49.860,1.03831,1.03845,1.50,1.19
2016.08.04 14:52:50.063,1.03831,1.03845,1.00,1.19
2016.08.04 14:52:50.267,1.03831,1.03845,1.00,1.19
2016.08.04 14:52:50.567,1.03833,1.03846,1.00,1.19
2016.08.04 14:52:50.619,1.03833,1.03846,1.50,1.19
2016.08.04 14:52:51.672,1.03833,1.03846,1.00,1.19
2016.08.04 14:52:52.852,1.03833,1.03845,1.00,1.19
2016.08.04 14:52:53.170,1.0383,1.03845,1.87,1.69
2016.08.04 14:52:53.272,1.0383,1.03843,1.50,1.00
2016.08.04 14:52:53.375,1.03831,1.03844,1.00,1.25
2016.08.04 14:52:54.758,1.03832,1.03846,1.00,1.31
2016.08.04 14:52:54.861,1.03832,1.03846,1.00,1.19
2016.08.04 14:52:55.014,1.03832,1.03846,1.50,1.19
2016.08.04 14:52:55.388,1.03832,1.03846,1.00,1.19
2016.08.04 14:52:55.807,1.03832,1.03842,1.00,1.25
2016.08.04 14:52:55.859,1.03831,1.03839,1.00,1.00
2016.08.04 14:52:55.910,1.03827,1.03838,2.25,1.19
2016.08.04 14:52:55.961,1.03823,1.03836,3.37,1.00
2016.08.04 14:52:56.012,1.03823,1.03835,2.62,1.25
2016.08.04 14:52:56.063,1.03823,1.03836,1.12,1.19
2016.08.04 14:52:56.115,1.03821,1.03836,2.25,1.00
2016.08.04 14:52:56.216,1.03822,1.03836,1.12,1.25
2016.08.04 14:52:56.268,1.03822,1.03836,1.00,1.25
2016.08.04 14:52:56.461,1.03822,1.03836,1.37,1.19
2016.08.04 14:52:56.563,1.03822,1.03836,2.25,1.19
2016.08.04 14:52:57.009,1.03822,1.03833,2.25,1.25
2016.08.04 14:52:57.060,1.03822,1.03833,1.87,1.25
2016.08.04 14:52:57.112,1.03822,1.03833,1.37,1.69
2016.08.04 14:52:57.163,1.03822,1.03832,1.00,1.19
2016.08.04 14:52:57.265,1.03819,1.03832,1.87,1.19
2016.08.04 14:52:57.367,1.03819,1.03832,1.50,1.19
2016.08.04 14:52:58.614,1.03819,1.03832,1.50,1.69
2016.08.04 14:52:58.665,1.03819,1.03831,1.00,1.19
2016.08.04 14:52:58.837,1.03818,1.03831,1.00,1.19
2016.08.04 14:52:58.888,1.03818,1.03831,1.00,2.44
2016.08.04 14:52:59.093,1.03818,1.03831,1.00,1.69
2016.08.04 14:52:59.502,1.03818,1.03831,1.50,1.69
2016.08.04 14:52:59.604,1.03818,1.03831,1.50,2.44
2016.08.04 14:52:59.811,1.03818,1.03831,1.50,1.69
2016.08.04 14:52:59.913,1.03818,1.03831,1.50,1.19
2016.08.04 14:53:00.993,1.03819,1.03832,1.00,1.69
2016.08.04 14:53:01.096,1.03819,1.03832,1.00,1.19
2016.08.04 14:53:01.970,1.03818,1.03831,1.50,1.19
2016.08.04 14:53:06.474,1.0382,1.03833,1.00,2.44
2016.08.04 14:53:06.525,1.0382,1.03833,1.00,2.06
2016.08.04 14:53:06.576,1.0382,1.03833,1.00,1.69
2016.08.04 14:53:06.773,1.0382,1.03833,1.00,2.06
2016.08.04 14:53:06.824,1.0382,1.03833,1.00,2.44
2016.08.04 14:53:07.093,1.0382,1.03833,1.00,2.06
2016.08.04 14:53:07.315,1.0382,1.03833,1.00,2.44
2016.08.04 14:53:07.583,1.0382,1.03833,1.00,2.06
2016.08.04 14:53:07.635,1.0382,1.03833,1.00,2.81
2016.08.04 14:53:08.240,1.0382,1.03833,1.00,2.44
2016.08.04 14:53:09.210,1.0382,1.03833,1.00,1.25
2016.08.04 14:53:09.364,1.03821,1.03832,1.00,1.00
2016.08.04 14:53:09.467,1.03821,1.03832,1.00,1.00
2016.08.04 14:53:09.696,1.03821,1.03832,1.00,1.50
2016.08.04 14:53:10.457,1.03819,1.03832,1.00,1.50
2016.08.04 14:53:11.815,1.03819,1.03832,2.25,1.00
2016.08.04 14:53:11.866,1.03823,1.03832,1.00,1.00
2016.08.04 14:53:11.917,1.03824,1.03837,1.50,2.06
2016.08.04 14:53:11.968,1.03824,1.03839,1.50,3.37
2016.08.04 14:53:12.020,1.03826,1.0384,1.00,1.87
2016.08.04 14:53:12.072,1.03827,1.0384,1.50,1.50
2016.08.04 14:53:12.123,1.03828,1.0384,1.00,1.37
2016.08.04 14:53:12.174,1.03828,1.03842,1.50,1.75
2016.08.04 14:53:12.225,1.0383,1.03842,1.00,1.75
2016.08.04 14:53:12.276,1.03832,1.03841,1.00,1.50
2016.08.04 14:53:12.379,1.0383,1.03841,1.00,1.50
2016.08.04 14:53:12.583,1.03835,1.03842,1.00,1.75
2016.08.04 14:53:12.634,1.03836,1.03847,1.00,3.37
2016.08.04 14:53:12.758,1.03837,1.03847,1.00,2.25
2016.08.04 14:53:12.810,1.03837,1.03851,2.25,2.06
2016.08.04 14:53:12.861,1.03837,1.03851,2.25,1.50
2016.08.04 14:53:12.963,1.03842,1.03851,1.00,1.50
2016.08.04 14:53:13.066,1.03842,1.0385,1.00,1.00
2016.08.04 14:53:13.185,1.03838,1.0385,1.50,1.00
2016.08.04 14:53:13.236,1.03838,1.03851,1.50,1.00
2016.08.04 14:53:13.337,1.03838,1.03852,1.50,1.37
2016.08.04 14:53:13.388,1.03838,1.03852,1.50,1.00
2016.08.04 14:53:13.642,1.03838,1.03852,1.00,1.00
2016.08.04 14:53:13.834,1.03838,1.0385,1.50,1.00
2016.08.04 14:53:14.234,1.03838,1.0385,1.00,1.00
2016.08.04 14:53:14.337,1.03838,1.0385,1.50,1.00
2016.08.04 14:53:14.439,1.03838,1.03851,1.00,1.00
2016.08.04 14:53:14.490,1.03838,1.03851,1.00,1.50
2016.08.04 14:53:14.593,1.03837,1.03843,1.00,1.00
2016.08.04 14:53:14.644,1.03833,1.03843,1.37,1.00
2016.08.04 14:53:14.695,1.03833,1.03843,1.00,1.00
2016.08.04 14:53:14.746,1.03828,1.03843,1.87,1.87
2016.08.04 14:53:14.854,1.03828,1.03843,1.87,2.62
2016.08.04 14:53:14.907,1.03827,1.0384,2.25,1.50
2016.08.04 14:53:14.958,1.03827,1.0384,1.50,1.50
2016.08.04 14:53:15.010,1.03827,1.03839,1.00,1.00
2016.08.04 14:53:15.178,1.03827,1.03841,1.00,1.50
2016.08.04 14:53:15.229,1.03827,1.03841,1.00,2.25
2016.08.04 14:53:15.382,1.03827,1.0384,1.50,1.00
2016.08.04 14:53:15.534,1.03828,1.0384,1.00,1.00
2016.08.04 14:53:15.725,1.03827,1.0384,1.00,1.00
2016.08.04 14:53:15.776,1.03827,1.0384,1.00,1.00
2016.08.04 14:53:16.378,1.03827,1.0384,1.50,1.00
2016.08.04 14:53:16.429,1.03827,1.03841,1.50,1.00
2016.08.04 14:53:16.530,1.03828,1.03841,1.00,1.00
2016.08.04 14:53:16.683,1.03829,1.03841,1.00,1.00
2016.08.04 14:53:16.840,1.03829,1.03841,1.00,1.00
2016.08.04 14:53:17.046,1.03829,1.03841,1.00,1.00
2016.08.04 14:53:17.317,1.03828,1.03841,1.00,1.00
2016.08.04 14:53:17.419,1.03828,1.03841,1.50,1.00
2016.08.04 14:53:18.379,1.03828,1.03843,1.50,1.87
2016.08.04 14:53:18.582,1.0383,1.03843,1.00,1.12
2016.08.04 14:53:18.633,1.03831,1.03843,1.00,1.12
2016.08.04 14:53:18.684,1.0383,1.03843,1.50,1.00
2016.08.04 14:53:18.787,1.0383,1.03843,2.25,1.50
2016.08.04 14:53:18.838,1.0383,1.03843,1.50,1.00
2016.08.04 14:53:19.207,1.0383,1.03843,1.00,1.00
2016.08.04 14:53:20.115,1.0383,1.03843,1.00,1.50
2016.08.04 14:53:20.447,1.0383,1.03843,1.00,1.00
2016.08.04 14:53:20.548,1.0383,1.03843,1.00,1.50
2016.08.04 14:53:20.599,1.03828,1.03843,1.50,2.25
2016.08.04 14:53:20.701,1.0383,1.03843,1.00,2.25
2016.08.04 14:53:20.752,1.0383,1.03843,1.00,1.50
2016.08.04 14:53:22.657,1.0383,1.03843,1.00,2.25
2016.08.04 14:53:23.116,1.0383,1.03843,1.00,1.50
2016.08.04 14:53:23.321,1.0383,1.03843,1.50,1.50
2016.08.04 14:53:23.509,1.0383,1.03843,1.00,1.50
2016.08.04 14:53:26.161,1.0383,1.03843,1.00,1.00
2016.08.04 14:53:27.124,1.03831,1.03844,1.00,1.00
2016.08.04 14:53:27.328,1.0383,1.03844,2.25,1.00
2016.08.04 14:53:28.245,1.0383,1.03844,1.50,1.00
2016.08.04 14:53:30.033,1.03831,1.03844,1.00,1.00
2016.08.04 14:53:33.359,1.03831,1.03844,1.00,1.37
2016.08.04 14:53:33.512,1.03831,1.03844,1.00,1.37
2016.08.04 14:53:33.614,1.0383,1.03844,1.50,1.37
2016.08.04 14:53:33.665,1.0383,1.03843,2.25,1.12
2016.08.04 14:53:36.424,1.0383,1.03843,1.50,1.12
2016.08.04 14:53:36.526,1.0383,1.03843,1.00,1.12
2016.08.04 14:53:37.127,1.03829,1.03842,1.50,1.00
2016.08.04 14:53:37.926,1.03829,1.03842,2.25,1.00
2016.08.04 14:53:38.045,1.03829,1.03842,1.50,1.00
2016.08.04 14:53:38.543,1.03829,1.03842,1.00,1.00
2016.08.04 14:53:38.594,1.03829,1.03842,1.00,1.50
2016.08.04 14:53:38.645,1.0383,1.03841,1.00,1.00
2016.08.04 14:53:38.747,1.03828,1.03841,1.00,1.00
2016.08.04 14:53:38.900,1.03828,1.0384,1.00,1.50
2016.08.04 14:53:38.951,1.03824,1.03836,1.00,1.00
2016.08.04 14:53:39.002,1.03824,1.03834,1.00,1.00
2016.08.04 14:53:39.152,1.0382,1.03834,2.36,1.00
2016.08.04 14:53:39.651,1.0382,1.03834,1.15,1.00
2016.08.04 14:53:40.119,1.0382,1.03834,1.25,1.00
2016.08.04 14:53:40.221,1.0382,1.03834,1.00,1.00
2016.08.04 14:53:40.438,1.0382,1.03834,1.50,1.00
2016.08.04 14:53:40.489,1.0382,1.03836,2.25,1.12
2016.08.04 14:53:41.055,1.03822,1.03836,1.00,1.12
2016.08.04 14:53:41.656,1.03822,1.03836,1.00,1.87
2016.08.04 14:53:41.758,1.03822,1.03836,1.00,1.12
2016.08.04 14:53:41.958,1.03822,1.03836,1.00,1.87
2016.08.04 14:53:42.521,1.03821,1.03836,1.00,1.87
2016.08.04 14:53:42.844,1.03822,1.03836,1.00,1.87
2016.08.04 14:53:42.947,1.03822,1.03836,1.50,1.87
2016.08.04 14:53:43.333,1.03825,1.03836,1.00,1.12
2016.08.04 14:53:43.384,1.03825,1.03838,1.00,3.56
2016.08.04 14:53:43.435,1.03824,1.03837,1.00,1.50
2016.08.04 14:53:43.587,1.03824,1.03837,1.50,1.50
2016.08.04 14:53:43.638,1.03825,1.03838,1.50,1.87
2016.08.04 14:53:43.689,1.03825,1.03838,1.50,1.50
2016.08.04 14:53:43.740,1.03825,1.03838,1.50,1.12
2016.08.04 14:53:43.893,1.03825,1.03839,1.50,2.62
2016.08.04 14:53:44.732,1.03825,1.03839,1.00,2.62
2016.08.04 14:53:46.154,1.03826,1.03837,1.00,1.50
2016.08.04 14:53:46.256,1.03824,1.03837,1.00,1.50
2016.08.04 14:53:46.735,1.03827,1.03838,1.50,1.12
2016.08.04 14:53:46.786,1.03827,1.0384,1.50,2.44
2016.08.04 14:53:46.837,1.03828,1.0384,1.00,1.00
2016.08.04 14:53:46.945,1.03826,1.0384,1.50,1.00
2016.08.04 14:53:47.149,1.03826,1.0384,1.00,1.50
2016.08.04 14:53:47.252,1.03826,1.0384,1.50,1.50
2016.08.04 14:53:47.354,1.03826,1.0384,1.50,1.00
2016.08.04 14:53:47.586,1.03828,1.0384,1.00,1.00
2016.08.04 14:53:50.164,1.0383,1.0384,1.00,1.00
2016.08.04 14:53:50.215,1.0383,1.03843,1.00,1.87
2016.08.04 14:53:50.267,1.0383,1.03843,1.00,1.00
2016.08.04 14:53:50.470,1.0383,1.03843,1.50,1.00
2016.08.04 14:53:50.777,1.0383,1.03842,1.00,1.00
2016.08.04 14:53:50.828,1.0383,1.03842,1.50,1.00
2016.08.04 14:53:50.963,1.03832,1.03843,1.00,1.00
2016.08.04 14:53:51.016,1.03832,1.03845,1.00,1.87
2016.08.04 14:53:51.068,1.03832,1.03845,1.00,1.50
2016.08.04 14:53:51.169,1.03832,1.03845,1.50,1.50
2016.08.04 14:53:51.272,1.03832,1.03845,1.50,1.00
2016.08.04 14:53:51.659,1.03832,1.03845,1.50,1.50
2016.08.04 14:53:51.760,1.03832,1.03845,1.00,1.50
2016.08.04 14:53:52.147,1.03832,1.03845,1.33,1.50
2016.08.04 14:53:52.351,1.03833,1.03845,1.00,1.00
2016.08.04 14:53:52.687,1.03831,1.03845,1.24,2.25
2016.08.04 14:53:52.739,1.0383,1.03845,2.49,2.25
2016.08.04 14:53:52.790,1.0383,1.03844,1.74,1.00
2016.08.04 14:53:52.841,1.0383,1.03844,1.74,1.37
2016.08.04 14:53:52.892,1.0383,1.03844,1.74,1.50
2016.08.04 14:53:52.943,1.0383,1.03844,1.33,1.50
2016.08.04 14:53:53.345,1.0383,1.03844,1.00,1.50
2016.08.04 14:53:54.786,1.03831,1.03844,1.00,2.25
2016.08.04 14:53:55.448,1.0383,1.03843,1.00,1.12
2016.08.04 14:53:55.624,1.0383,1.03842,1.00,1.00
2016.08.04 14:53:55.675,1.03828,1.03839,1.19,1.00
2016.08.04 14:53:55.726,1.03828,1.03839,1.00,1.00
2016.08.04 14:53:55.832,1.03828,1.03839,1.00,1.12
2016.08.04 14:53:55.883,1.03827,1.0384,1.00,1.50
2016.08.04 14:53:55.935,1.03827,1.0384,1.00,1.12
2016.08.04 14:53:55.986,1.03827,1.03841,1.00,1.50
2016.08.04 14:53:56.088,1.03827,1.03842,1.00,2.25
2016.08.04 14:53:56.190,1.03826,1.03842,1.50,2.25
2016.08.04 14:53:56.242,1.03827,1.03842,2.74,2.25
2016.08.04 14:53:56.294,1.03828,1.03842,1.00,1.50
2016.08.04 14:53:56.854,1.03828,1.03842,1.50,1.50
2016.08.04 14:53:57.107,1.03828,1.03843,1.50,2.25
2016.08.04 14:53:57.159,1.03828,1.03843,1.50,1.75
2016.08.04 14:53:57.365,1.03828,1.03843,1.50,2.25
2016.08.04 14:53:57.990,1.0383,1.03844,1.00,1.87
2016.08.04 14:53:58.042,1.0383,1.03845,1.00,3.37
2016.08.04 14:53:58.093,1.0383,1.03845,1.00,2.25
2016.08.04 14:53:58.195,1.0383,1.03843,1.00,1.00
2016.08.04 14:53:58.883,1.0383,1.03845,1.00,2.25
2016.08.04 14:53:59.426,1.0383,1.03845,1.00,1.87
2016.08.04 14:53:59.528,1.0383,1.03845,1.00,3.37
2016.08.04 14:53:59.579,1.0383,1.03845,1.00,3.75
2016.08.04 14:53:59.884,1.0383,1.03845,1.00,4.50
2016.08.04 14:54:00.104,1.0383,1.03843,1.00,1.00
2016.08.04 14:54:01.006,1.0383,1.03845,1.00,3.75
2016.08.04 14:54:01.058,1.0383,1.03845,1.00,2.25
2016.08.04 14:54:01.207,1.03829,1.03842,1.00,1.00
2016.08.04 14:54:02.381,1.0383,1.03843,1.00,1.00
2016.08.04 14:54:02.636,1.0383,1.03843,1.00,1.00
2016.08.04 14:54:02.688,1.03829,1.03842,1.00,1.00
2016.08.04 14:54:02.790,1.0383,1.03845,1.00,3.37
2016.08.04 14:54:02.843,1.0383,1.03845,1.00,3.00
2016.08.04 14:54:03.149,1.0383,1.03845,1.00,3.37
2016.08.04 14:54:03.200,1.0383,1.03844,1.00,1.00
2016.08.04 14:54:04.693,1.0383,1.03844,1.50,1.00
2016.08.04 14:54:04.744,1.03833,1.03844,1.00,1.00
2016.08.04 14:54:04.903,1.03833,1.03846,1.00,1.00
2016.08.04 14:54:05.005,1.03833,1.03847,1.50,1.00
2016.08.04 14:54:05.056,1.03834,1.03847,1.00,1.00
2016.08.04 14:54:05.107,1.03835,1.03847,1.00,1.00
2016.08.04 14:54:05.158,1.03835,1.03847,1.00,1.50
2016.08.04 14:54:05.209,1.03834,1.03844,1.00,1.00
2016.08.04 14:54:05.261,1.03834,1.03844,1.00,1.00
2016.08.04 14:54:05.363,1.0383,1.03844,1.00,1.12
2016.08.04 14:54:05.415,1.0383,1.03842,1.00,1.00
2016.08.04 14:54:05.569,1.0383,1.03844,1.00,1.12
2016.08.04 14:54:05.620,1.03829,1.03844,1.50,2.62
2016.08.04 14:54:05.672,1.03829,1.03841,1.50,1.00
2016.08.04 14:54:06.669,1.03829,1.03843,1.00,1.50
2016.08.04 14:54:06.728,1.03829,1.03843,1.00,1.87
2016.08.04 14:54:06.779,1.03829,1.03843,1.00,1.87
2016.08.04 14:54:06.830,1.03829,1.03843,1.00,1.50
2016.08.04 14:54:06.882,1.03831,1.03843,1.00,1.50
2016.08.04 14:54:06.985,1.03829,1.03843,1.50,1.00
2016.08.04 14:54:07.260,1.03829,1.03844,1.50,3.00
2016.08.04 14:54:07.662,1.03829,1.03843,1.50,1.00
2016.08.04 14:54:07.764,1.03829,1.03844,1.50,2.25
2016.08.04 14:54:07.816,1.03831,1.03844,1.00,2.25
2016.08.04 14:54:08.030,1.03831,1.03843,1.00,1.00
2016.08.04 14:54:08.081,1.03827,1.03841,1.31,1.12
2016.08.04 14:54:08.134,1.03826,1.03841,1.69,1.12
2016.08.04 14:54:08.186,1.03826,1.03841,1.31,1.50
2016.08.04 14:54:08.318,1.03826,1.03841,1.19,1.50
2016.08.04 14:54:08.370,1.03826,1.03838,1.00,1.00
2016.08.04 14:54:08.574,1.03825,1.03838,2.25,1.00
2016.08.04 14:54:08.727,1.03825,1.03838,1.50,1.00
2016.08.04 14:54:08.981,1.03825,1.03838,1.00,1.00
2016.08.04 14:54:09.387,1.03825,1.0384,1.19,1.50
2016.08.04 14:54:09.438,1.03825,1.0384,1.19,1.00
2016.08.04 14:54:09.543,1.03826,1.0384,1.19,1.00
2016.08.04 14:54:09.594,1.03826,1.03838,1.50,1.00
2016.08.04 14:54:09.696,1.03826,1.03838,1.00,1.00
2016.08.04 14:54:09.848,1.03825,1.03838,1.00,1.00
2016.08.04 14:54:10.364,1.03825,1.03837,1.00,1.00
2016.08.04 14:54:10.466,1.03825,1.03835,1.50,1.00
2016.08.04 14:54:12.265,1.03825,1.03837,1.50,1.00
2016.08.04 14:54:14.029,1.03825,1.03837,1.50,1.50
2016.08.04 14:54:15.770,1.03825,1.03837,1.50,1.00
2016.08.04 14:54:15.923,1.03825,1.03838,1.00,1.00
2016.08.04 14:54:15.974,1.03823,1.03838,1.69,1.00
2016.08.04 14:54:16.912,1.03824,1.03838,1.00,1.00
2016.08.04 14:54:17.064,1.03824,1.03838,1.00,1.50
2016.08.04 14:54:17.188,1.03824,1.03838,1.00,1.00
2016.08.04 14:54:17.732,1.03824,1.03838,1.00,1.50
2016.08.04 14:54:18.609,1.03825,1.03838,1.00,1.50
2016.08.04 14:54:18.761,1.03825,1.03838,1.00,1.00
2016.08.04 14:54:19.182,1.03824,1.03838,1.00,1.50
2016.08.04 14:54:19.290,1.03824,1.03838,1.00,1.00
2016.08.04 14:54:21.652,1.03825,1.03838,1.00,1.00
2016.08.04 14:54:21.703,1.03827,1.03841,1.00,1.87
2016.08.04 14:54:21.754,1.03828,1.03841,1.00,1.00
2016.08.04 14:54:22.438,1.03828,1.03842,1.00,1.00
2016.08.04 14:54:22.954,1.03828,1.03841,1.00,1.00
2016.08.04 14:54:23.668,1.03828,1.03841,1.50,1.00
2016.08.04 14:54:24.264,1.03828,1.03841,1.00,1.00
2016.08.04 14:54:24.435,1.03828,1.03841,1.50,1.00
2016.08.04 14:54:24.841,1.03828,1.03841,2.25,1.00
2016.08.04 14:54:24.943,1.03829,1.03843,1.00,1.00
2016.08.04 14:54:25.190,1.03829,1.03843,1.50,1.00
2016.08.04 14:54:25.956,1.03829,1.03843,1.00,1.00
2016.08.04 14:54:26.143,1.03829,1.03843,1.00,1.00
2016.08.04 14:54:26.245,1.03829,1.03841,1.00,1.00
2016.08.04 14:54:26.675,1.03829,1.03841,1.50,1.00
2016.08.04 14:54:26.727,1.0383,1.03842,1.00,1.00
2016.08.04 14:54:26.830,1.03827,1.03842,3.37,1.00
2016.08.04 14:54:26.882,1.03827,1.03842,2.62,1.12
2016.08.04 14:54:26.934,1.03827,1.0384,2.62,1.00
2016.08.04 14:54:27.037,1.03827,1.0384,2.25,1.00
2016.08.04 14:54:27.210,1.03828,1.03843,1.00,2.62
2016.08.04 14:54:27.312,1.03828,1.03841,1.00,1.00
2016.08.04 14:54:27.424,1.03828,1.03841,1.00,1.50
2016.08.04 14:54:27.802,1.03827,1.03841,1.00,1.50
2016.08.04 14:54:27.904,1.03827,1.03841,1.00,1.50
2016.08.04 14:54:28.107,1.03829,1.03841,1.00,1.00
2016.08.04 14:54:28.738,1.03828,1.0384,1.00,1.00
2016.08.04 14:54:29.146,1.03828,1.03841,1.00,1.00
2016.08.04 14:54:29.349,1.0383,1.03841,1.00,1.00
2016.08.04 14:54:29.401,1.0383,1.03841,1.00,1.00
2016.08.04 14:54:29.452,1.03835,1.03843,1.00,1.50
2016.08.04 14:54:29.503,1.03834,1.03845,1.00,1.75
2016.08.04 14:54:29.659,1.03833,1.03847,1.25,1.00
2016.08.04 14:54:29.710,1.03832,1.03847,1.37,1.50
2016.08.04 14:54:29.761,1.0383,1.03847,2.25,1.00
2016.08.04 14:54:29.812,1.0383,1.03847,2.25,1.12
2016.08.04 14:54:29.863,1.03833,1.03847,1.12,1.12
2016.08.04 14:54:29.914,1.03833,1.03847,1.00,1.00
2016.08.04 14:54:30.067,1.03831,1.03847,1.69,1.00
2016.08.04 14:54:30.117,1.03831,1.03847,1.69,1.50
2016.08.04 14:54:30.169,1.03831,1.03845,1.69,1.00
2016.08.04 14:54:30.424,1.03832,1.03845,1.25,1.00
2016.08.04 14:54:30.476,1.03832,1.03845,1.00,1.00
2016.08.04 14:54:30.527,1.03832,1.03846,1.50,1.00
2016.08.04 14:54:30.579,1.03832,1.03846,3.99,1.00
2016.08.04 14:54:30.682,1.03834,1.03846,3.24,1.00
2016.08.04 14:54:30.785,1.03834,1.03846,3.99,1.00
2016.08.04 14:54:30.887,1.03834,1.03846,3.24,1.00
2016.08.04 14:54:31.193,1.03834,1.03846,3.99,1.00
2016.08.04 14:54:31.752,1.03833,1.03846,2.59,1.00
2016.08.04 14:54:31.854,1.03833,1.03846,3.34,1.00
2016.08.04 14:54:31.905,1.03833,1.03848,3.34,1.50
2016.08.04 14:54:32.008,1.03835,1.03847,1.00,1.00
2016.08.04 14:54:32.162,1.03835,1.03847,1.00,1.00
2016.08.04 14:54:32.640,1.03835,1.03847,1.50,1.00
2016.08.04 14:54:32.793,1.03835,1.03847,1.00,1.00
2016.08.04 14:54:33.047,1.03834,1.03846,1.00,1.00
2016.08.04 14:54:33.220,1.03834,1.03846,1.25,1.00
2016.08.04 14:54:33.463,1.03834,1.03846,1.00,1.00
2016.08.04 14:54:33.615,1.03833,1.03847,2.59,1.00
2016.08.04 14:54:33.666,1.03833,1.03847,1.84,1.50
2016.08.04 14:54:34.029,1.03834,1.03846,1.00,1.00
2016.08.04 14:54:34.131,1.03834,1.03848,1.00,1.50
2016.08.04 14:54:34.422,1.03833,1.03848,4.09,1.50
2016.08.04 14:54:34.473,1.03833,1.03848,3.34,1.50
2016.08.04 14:54:34.779,1.03833,1.03848,4.09,1.50
2016.08.04 14:54:34.964,1.03833,1.03848,3.34,1.50
2016.08.04 14:54:35.758,1.03833,1.03848,3.53,1.50
2016.08.04 14:54:36.220,1.03833,1.03848,3.53,1.00
2016.08.04 14:54:37.183,1.03833,1.03848,4.28,1.00
2016.08.04 14:54:40.031,1.03833,1.03848,4.28,1.50
2016.08.04 14:54:40.366,1.03833,1.03848,4.54,1.50
2016.08.04 14:54:40.592,1.03835,1.03848,1.00,1.00
2016.08.04 14:54:40.734,1.03835,1.03847,1.50,1.00
2016.08.04 14:54:40.785,1.03835,1.03847,3.23,1.00
2016.08.04 14:54:40.938,1.03835,1.03847,2.48,1.00
2016.08.04 14:54:41.192,1.03835,1.03847,3.23,1.00
2016.08.04 14:54:41.447,1.03836,1.03849,1.00,1.00
2016.08.04 14:54:41.498,1.03836,1.03849,1.50,1.00
2016.08.04 14:54:41.759,1.03836,1.03849,1.00,1.00
2016.08.04 14:54:41.810,1.03835,1.03849,3.98,1.00
2016.08.04 14:54:41.990,1.03837,1.03849,1.00,1.00
2016.08.04 14:54:42.143,1.03836,1.0385,1.00,2.62
2016.08.04 14:54:42.194,1.03835,1.0385,2.48,2.62
2016.08.04 14:54:42.245,1.03835,1.0385,1.73,2.62
2016.08.04 14:54:42.346,1.03837,1.03849,1.00,1.00
2016.08.04 14:54:42.935,1.03836,1.03848,1.00,1.00
2016.08.04 14:54:44.043,1.03838,1.0385,1.00,1.50
2016.08.04 14:54:44.094,1.03838,1.0385,1.00,1.12
2016.08.04 14:54:45.059,1.03837,1.0385,1.50,1.12
2016.08.04 14:54:45.210,1.03837,1.03852,1.00,2.25
2016.08.04 14:54:45.639,1.03837,1.03852,1.50,2.25
2016.08.04 14:54:45.741,1.03837,1.03852,1.00,2.25
2016.08.04 14:54:47.454,1.03837,1.03851,1.00,1.37
2016.08.04 14:54:48.077,1.03837,1.03849,1.00,1.00
2016.08.04 14:54:48.175,1.03837,1.03849,1.00,1.50
2016.08.04 14:54:48.227,1.03836,1.03849,1.00,1.50
2016.08.04 14:54:48.278,1.03835,1.03849,4.54,1.50
2016.08.04 14:54:48.380,1.03836,1.03849,1.00,1.00
2016.08.04 14:54:48.482,1.03836,1.0385,1.50,1.50
2016.08.04 14:54:48.686,1.03836,1.0385,1.00,1.50
2016.08.04 14:54:48.979,1.03836,1.03849,1.00,1.00
2016.08.04 14:54:50.686,1.03835,1.03848,2.06,1.00
2016.08.04 14:54:50.991,1.03835,1.03849,2.06,1.50
2016.08.04 14:54:51.148,1.03835,1.03849,2.06,1.00
2016.08.04 14:54:52.074,1.03835,1.03849,1.31,1.00
2016.08.04 14:54:53.019,1.03837,1.03849,1.00,1.00
2016.08.04 14:54:53.172,1.03837,1.03851,2.06,1.00
2016.08.04 14:54:53.223,1.03837,1.03851,2.44,1.00
2016.08.04 14:54:53.275,1.0384,1.03852,1.00,1.33
2016.08.04 14:54:53.376,1.03838,1.03853,1.12,2.49
2016.08.04 14:54:53.427,1.03838,1.03853,1.12,1.74
2016.08.04 14:54:53.479,1.03838,1.03853,1.12,1.50
2016.08.04 14:54:53.635,1.03838,1.03853,1.12,1.00
2016.08.04 14:54:53.788,1.03838,1.03853,1.12,1.00
2016.08.04 14:54:53.890,1.03837,1.03852,3.00,1.00
2016.08.04 14:54:54.603,1.03837,1.03852,2.44,1.33
2016.08.04 14:54:54.654,1.03837,1.03851,1.31,1.00
2016.08.04 14:54:54.705,1.03837,1.03851,1.00,1.00
2016.08.04 14:54:54.757,1.03837,1.03852,1.50,1.74
2016.08.04 14:54:54.807,1.03837,1.03852,1.50,2.62
2016.08.04 14:54:54.858,1.03837,1.03852,1.50,3.00
2016.08.04 14:54:55.344,1.03837,1.0385,1.50,1.00
2016.08.04 14:54:57.544,1.03837,1.0385,1.00,1.00
2016.08.04 14:54:57.595,1.03835,1.03851,2.44,1.00
2016.08.04 14:54:57.803,1.03835,1.03851,2.44,1.00
2016.08.04 14:54:57.914,1.03836,1.03851,1.25,1.00
2016.08.04 14:54:58.733,1.03836,1.03851,1.25,1.12
2016.08.04 14:54:58.886,1.03836,1.0385,1.25,1.00
2016.08.04 14:54:59.495,1.03836,1.0385,1.25,1.00
2016.08.04 14:54:59.597,1.03836,1.0385,1.69,1.00
2016.08.04 14:54:59.649,1.03836,1.0385,1.50,1.00
2016.08.04 14:54:59.783,1.03836,1.0385,1.00,1.00
2016.08.04 14:55:00.072,1.03836,1.0385,1.00,1.00
2016.08.04 14:55:00.123,1.03836,1.0385,1.00,1.87
2016.08.04 14:55:00.175,1.03835,1.03848,1.00,1.50
2016.08.04 14:55:00.227,1.03834,1.03847,1.50,1.00
2016.08.04 14:55:00.278,1.03833,1.03845,1.87,1.00
2016.08.04 14:55:00.329,1.03833,1.03845,1.00,1.00
2016.08.04 14:55:00.935,1.03834,1.03846,1.00,1.00
2016.08.04 14:55:01.037,1.03834,1.03844,1.00,1.00
2016.08.04 14:55:01.089,1.03831,1.03844,1.50,1.50
2016.08.04 14:55:01.192,1.03829,1.03843,2.06,1.00
2016.08.04 14:55:01.244,1.03829,1.03843,1.69,1.00
2016.08.04 14:55:01.295,1.03831,1.03843,1.00,1.00
2016.08.04 14:55:01.397,1.03832,1.03844,1.00,1.00
2016.08.04 14:55:01.448,1.03832,1.03844,1.00,1.00
2016.08.04 14:55:01.671,1.03832,1.03845,1.00,1.50
2016.08.04 14:55:02.781,1.03831,1.03843,1.50,1.00
2016.08.04 14:55:02.831,1.03831,1.03843,1.50,1.50
2016.08.04 14:55:03.108,1.0383,1.03843,1.25,1.50
2016.08.04 14:55:03.159,1.0383,1.03843,1.25,2.25
2016.08.04 14:55:03.262,1.0383,1.03843,1.00,2.25
2016.08.04 14:55:03.313,1.03829,1.0384,1.00,1.00
2016.08.04 14:55:03.367,1.03828,1.0384,1.50,1.00
2016.08.04 14:55:03.419,1.03828,1.0384,1.00,1.00
2016.08.04 14:55:03.521,1.03828,1.0384,1.50,1.00
2016.08.04 14:55:03.623,1.03828,1.03839,1.50,1.00
2016.08.04 14:55:04.337,1.03828,1.03838,1.50,1.00
2016.08.04 14:55:04.594,1.03826,1.03839,1.25,1.00
2016.08.04 14:55:04.696,1.03828,1.03839,1.00,1.00
2016.08.04 14:55:05.382,1.03828,1.03839,1.25,1.00
2016.08.04 14:55:05.639,1.03828,1.0384,1.25,1.00
2016.08.04 14:55:06.592,1.03828,1.0384,1.69,1.50
2016.08.04 14:55:06.694,1.03828,1.0384,1.50,1.50
2016.08.04 14:55:07.167,1.03828,1.0384,1.00,1.50
2016.08.04 14:55:08.091,1.03829,1.03842,1.50,1.50
2016.08.04 14:55:08.142,1.03829,1.03842,1.50,1.00
2016.08.04 14:55:08.193,1.03829,1.03843,1.50,2.62
2016.08.04 14:55:08.244,1.03829,1.03843,1.50,3.00
2016.08.04 14:55:08.403,1.03831,1.03842,1.00,1.12
2016.08.04 14:55:08.455,1.03831,1.03843,1.00,2.25
2016.08.04 14:55:08.506,1.03831,1.03843,1.00,1.50
2016.08.04 14:55:08.907,1.03831,1.03843,1.00,2.25
2016.08.04 14:55:09.620,1.03831,1.03842,1.00,1.00
2016.08.04 14:55:09.846,1.0383,1.03843,1.00,2.25
2016.08.04 14:55:10.090,1.03829,1.03843,1.00,2.25
2016.08.04 14:55:10.142,1.03829,1.03842,1.00,1.00
2016.08.04 14:55:10.373,1.0383,1.03842,1.00,1.00
2016.08.04 14:55:10.842,1.0383,1.03843,1.00,2.25
2016.08.04 14:55:11.878,1.03829,1.03843,1.50,2.25
2016.08.04 14:55:11.929,1.03829,1.03842,1.50,1.00
2016.08.04 14:55:12.741,1.03829,1.03843,1.25,1.50
2016.08.04 14:55:12.894,1.03829,1.03843,1.25,1.00
2016.08.04 14:55:13.091,1.0383,1.03843,1.00,1.00
2016.08.04 14:55:13.296,1.03829,1.03843,1.25,1.00
2016.08.04 14:55:13.473,1.03828,1.03843,2.06,1.00
2016.08.04 14:55:14.374,1.03828,1.03842,2.06,1.00
2016.08.04 14:55:14.860,1.03828,1.03842,2.06,1.00
2016.08.04 14:55:15.957,1.03828,1.03842,2.06,1.00
2016.08.04 14:55:16.008,1.03827,1.0384,2.25,1.50
2016.08.04 14:55:16.059,1.03827,1.0384,1.50,1.50
2016.08.04 14:55:16.212,1.03827,1.0384,1.50,1.00
2016.08.04 14:55:16.264,1.03827,1.0384,1.37,1.00
2016.08.04 14:55:16.365,1.03827,1.0384,1.00,1.00
2016.08.04 14:55:16.417,1.03826,1.0384,1.25,1.00
2016.08.04 14:55:16.822,1.03826,1.0384,1.69,1.00
2016.08.04 14:55:16.978,1.03827,1.0384,1.00,1.00
2016.08.04 14:55:17.079,1.03826,1.0384,1.69,1.00
2016.08.04 14:55:17.233,1.03826,1.0384,1.69,1.12
2016.08.04 14:55:18.116,1.03826,1.03839,1.69,1.00
2016.08.04 14:55:18.218,1.03825,1.03837,1.19,1.00
2016.08.04 14:55:18.523,1.03824,1.03837,1.19,1.50
2016.08.04 14:55:19.108,1.03825,1.03837,1.19,1.50
2016.08.04 14:55:19.312,1.03825,1.03837,1.69,1.00
2016.08.04 14:55:19.363,1.03825,1.03837,2.44,1.00
2016.08.04 14:55:19.415,1.03828,1.0384,1.00,1.12
2016.08.04 14:55:19.518,1.03827,1.03841,1.00,1.50
2016.08.04 14:55:19.620,1.03826,1.0384,1.00,1.12
2016.08.04 14:55:20.135,1.03827,1.0384,1.00,1.12
2016.08.04 14:55:20.238,1.03826,1.0384,1.00,1.12
2016.08.04 14:55:20.290,1.03826,1.03839,1.00,1.00
2016.08.04 14:55:20.341,1.03826,1.0384,1.00,1.12
2016.08.04 14:55:20.392,1.03826,1.0384,1.00,1.12
2016.08.04 14:55:20.648,1.03826,1.0384,1.00,1.87
2016.08.04 14:55:20.861,1.03826,1.0384,1.00,1.12
2016.08.04 14:55:20.990,1.03828,1.03841,1.00,3.00
2016.08.04 14:55:21.042,1.03828,1.03841,1.00,1.50
2016.08.04 14:55:21.093,1.03829,1.0384,1.00,1.12
2016.08.04 14:55:21.144,1.03829,1.0384,1.00,1.00
2016.08.04 14:55:21.399,1.03829,1.03841,1.00,1.00
2016.08.04 14:55:21.451,1.03829,1.03842,1.00,1.50
2016.08.04 14:55:21.502,1.03832,1.03842,1.00,1.00
2016.08.04 14:55:21.554,1.03832,1.03845,1.00,2.62
2016.08.04 14:55:21.655,1.03832,1.03843,1.00,1.00
2016.08.04 14:55:24.003,1.03829,1.03841,1.19,1.00
2016.08.04 14:55:24.054,1.03829,1.03841,1.00,1.50
2016.08.04 14:55:24.105,1.03827,1.03838,1.69,1.00
2016.08.04 14:55:24.156,1.03827,1.03838,1.50,1.00
2016.08.04 14:55:24.207,1.03824,1.03837,1.75,1.00
2016.08.04 14:55:24.258,1.03824,1.03837,1.00,3.00
2016.08.04 14:55:24.309,1.03824,1.03836,1.00,1.37
2016.08.04 14:55:24.645,1.03824,1.03836,1.00,1.87
2016.08.04 14:55:24.696,1.03824,1.03836,1.00,1.37
2016.08.04 14:55:24.850,1.03826,1.03836,1.00,1.00
2016.08.04 14:55:25.386,1.03825,1.03836,1.00,1.00
2016.08.04 14:55:27.131,1.03825,1.03837,1.00,2.25
2016.08.04 14:55:29.600,1.03825,1.03837,1.00,1.50
2016.08.04 14:55:30.074,1.03825,1.03837,1.50,1.50
2016.08.04 14:55:30.125,1.03826,1.03838,1.00,1.50
2016.08.04 14:55:32.816,1.03826,1.03837,1.00,1.00
2016.08.04 14:55:33.337,1.03825,1.03836,1.00,1.00
2016.08.04 14:55:33.442,1.03823,1.03835,1.50,1.00
2016.08.04 14:55:33.544,1.03825,1.03837,1.00,1.50
2016.08.04 14:55:33.646,1.03825,1.03837,1.00,1.50
2016.08.04 14:55:35.138,1.03825,1.03835,1.00,1.00
2016.08.04 14:55:37.200,1.03825,1.03836,1.00,1.00
2016.08.04 14:55:38.670,1.03825,1.03836,1.00,1.50
2016.08.04 14:55:39.688,1.03826,1.03836,1.00,1.00
2016.08.04 14:55:39.739,1.03827,1.03838,1.00,1.00
2016.08.04 14:55:40.047,1.03826,1.03838,1.00,1.50
2016.08.04 14:55:40.250,1.03825,1.03837,1.00,1.00
2016.08.04 14:55:40.301,1.03825,1.03837,1.00,1.00
2016.08.04 14:55:40.352,1.03825,1.03837,1.00,1.50
2016.08.04 14:55:40.557,1.03825,1.03837,1.00,1.50
2016.08.04 14:55:40.744,1.03826,1.03837,1.00,1.00
2016.08.04 14:55:40.948,1.03826,1.03837,1.00,1.00
2016.08.04 14:55:41.601,1.03826,1.03836,1.00,1.00
2016.08.04 14:55:41.653,1.03824,1.03836,1.00,1.50
2016.08.04 14:55:41.704,1.03824,1.03836,1.00,1.00
2016.08.04 14:55:41.755,1.03824,1.03837,1.00,1.00
2016.08.04 14:55:42.325,1.03825,1.03837,1.00,1.00
2016.08.04 14:55:45.283,1.03823,1.03837,1.25,1.00
2016.08.04 14:55:45.334,1.03821,1.03835,1.69,1.50
2016.08.04 14:55:45.385,1.03821,1.03834,1.31,1.00
2016.08.04 14:55:45.436,1.03823,1.03834,1.00,1.00
2016.08.04 14:55:45.691,1.03823,1.03834,1.50,1.00
2016.08.04 14:55:45.901,1.03823,1.03834,1.00,1.00
2016.08.04 14:55:45.952,1.03821,1.03834,2.44,1.00
2016.08.04 14:55:46.357,1.03823,1.03834,1.00,1.00
2016.08.04 14:55:46.459,1.03821,1.03834,2.44,1.00
2016.08.04 14:55:47.453,1.03821,1.03836,2.44,1.50
2016.08.04 14:55:47.945,1.03823,1.03836,1.50,1.50
2016.08.04 14:55:48.047,1.03824,1.03836,1.00,2.25
2016.08.04 14:55:48.149,1.03823,1.03836,1.00,1.50
2016.08.04 14:55:48.258,1.03822,1.03836,1.00,1.50
2016.08.04 14:55:50.649,1.03822,1.03836,1.00,1.00
2016.08.04 14:55:50.878,1.03824,1.03836,1.00,1.00
2016.08.04 14:55:51.453,1.03824,1.03837,1.00,1.50
2016.08.04 14:55:52.567,1.03823,1.03837,1.50,2.25
2016.08.04 14:55:53.646,1.03824,1.03837,1.00,2.25
2016.08.04 14:55:53.870,1.03823,1.03837,1.50,1.00
2016.08.04 14:55:53.921,1.03824,1.03837,1.00,1.00
2016.08.04 14:55:53.973,1.03825,1.03837,1.00,1.00
2016.08.04 14:55:54.024,1.03828,1.03837,1.00,1.00
2016.08.04 14:55:54.075,1.03831,1.03837,1.00,1.00
2016.08.04 14:55:54.126,1.03831,1.03842,1.00,3.00
2016.08.04 14:55:54.178,1.03831,1.03842,1.25,1.75
2016.08.04 14:55:54.229,1.03831,1.03842,1.25,1.37
2016.08.04 14:55:54.280,1.03832,1.03845,1.12,1.87
2016.08.04 14:55:54.383,1.03834,1.03846,1.00,3.00
2016.08.04 14:55:54.435,1.03834,1.03846,1.00,1.87
2016.08.04 14:55:54.486,1.03835,1.03849,1.00,5.25
2016.08.04 14:55:54.588,1.03835,1.03849,1.00,4.50
2016.08.04 14:55:54.690,1.03835,1.03849,1.00,2.25
2016.08.04 14:55:54.741,1.03835,1.03849,1.87,3.37
2016.08.04 14:55:54.792,1.03835,1.03849,1.12,2.62
2016.08.04 14:55:54.938,1.03835,1.03849,1.12,2.25
2016.08.04 14:55:54.989,1.03835,1.03849,1.00,2.25
2016.08.04 14:55:55.561,1.03835,1.03849,1.00,1.12
2016.08.04 14:55:56.055,1.03835,1.03849,1.50,1.12
2016.08.04 14:55:56.247,1.03835,1.0385,1.50,2.25
2016.08.04 14:55:56.298,1.03835,1.0385,1.50,1.50
2016.08.04 14:55:56.486,1.03837,1.03848,1.00,1.00
2016.08.04 14:55:56.588,1.03835,1.03848,1.87,1.00
2016.08.04 14:55:56.742,1.03835,1.03848,1.12,1.00
2016.08.04 14:55:56.793,1.03835,1.03849,1.00,1.87
2016.08.04 14:55:56.844,1.03835,1.03847,1.00,1.00
2016.08.04 14:55:56.895,1.03833,1.03845,1.00,1.50
2016.08.04 14:55:56.947,1.0383,1.03845,2.00,2.25
2016.08.04 14:55:56.999,1.0383,1.03843,1.62,1.00
2016.08.04 14:55:57.050,1.0383,1.03843,1.00,1.00
2016.08.04 14:55:57.102,1.0383,1.03843,1.50,1.00
2016.08.04 14:55:57.356,1.0383,1.03843,1.00,1.00
2016.08.04 14:55:57.509,1.0383,1.03844,1.00,1.87
2016.08.04 14:55:57.561,1.03831,1.03844,1.00,1.12
2016.08.04 14:55:57.612,1.03831,1.03845,1.00,4.50
2016.08.04 14:55:57.663,1.03831,1.03845,1.00,3.00
2016.08.04 14:55:57.767,1.03831,1.03845,1.00,2.25
2016.08.04 14:55:57.869,1.03831,1.03843,1.00,1.00
2016.08.04 14:55:57.920,1.03831,1.03843,1.50,1.00
2016.08.04 14:55:57.971,1.03831,1.03843,2.25,1.00
2016.08.04 14:55:58.022,1.03831,1.03843,1.50,1.00
2016.08.04 14:55:58.073,1.03831,1.03844,1.12,1.12
2016.08.04 14:55:58.175,1.03832,1.03846,1.00,1.75
2016.08.04 14:55:58.344,1.03832,1.03846,1.00,1.37
2016.08.04 14:55:58.395,1.03832,1.03846,1.25,1.12
2016.08.04 14:55:58.497,1.03833,1.03846,1.00,1.12
2016.08.04 14:55:58.701,1.03833,1.03847,1.00,2.62
2016.08.04 14:55:58.752,1.03833,1.03847,1.00,3.75
2016.08.04 14:55:58.904,1.03833,1.03847,1.00,3.00
2016.08.04 14:55:59.695,1.03833,1.03846,1.00,1.12
2016.08.04 14:56:00.109,1.03833,1.03847,1.00,3.75
2016.08.04 14:56:00.646,1.03833,1.03847,1.00,2.62
2016.08.04 14:56:00.776,1.03833,1.03846,1.00,1.12
2016.08.04 14:56:01.507,1.03833,1.03846,1.00,1.87
2016.08.04 14:56:02.381,1.03833,1.03846,1.00,1.12
2016.08.04 14:56:03.111,1.03833,1.03846,1.00,1.87
2016.08.04 14:56:03.213,1.03833,1.03846,1.00,1.87
2016.08.04 14:56:03.315,1.03833,1.03846,1.00,1.12
2016.08.04 14:56:03.496,1.03834,1.03847,1.00,1.87
2016.08.04 14:56:03.976,1.03832,1.03847,1.25,1.87
2016.08.04 14:56:04.027,1.03832,1.03847,1.69,1.37
2016.08.04 14:56:04.079,1.03832,1.03848,1.69,4.12
2016.08.04 14:56:04.231,1.03832,1.03847,1.69,1.50
2016.08.04 14:56:04.384,1.03833,1.03847,1.00,2.25
2016.08.04 14:56:05.142,1.03833,1.03847,1.00,3.00
2016.08.04 14:56:05.193,1.03833,1.03845,1.00,1.00
2016.08.04 14:56:05.295,1.03833,1.03847,1.00,2.25
2016.08.04 14:56:05.346,1.03833,1.03847,1.00,1.37
2016.08.04 14:56:06.232,1.03833,1.03847,1.00,2.25
2016.08.04 14:56:06.435,1.03833,1.03847,1.50,2.25
2016.08.04 14:56:07.109,1.03831,1.03844,1.69,1.00
2016.08.04 14:56:07.160,1.03831,1.03844,1.00,1.50
2016.08.04 14:56:07.211,1.03829,1.03843,2.25,1.37
2016.08.04 14:56:07.262,1.03829,1.03843,1.50,3.00
2016.08.04 14:56:07.313,1.03829,1.03843,1.00,3.00
2016.08.04 14:56:07.466,1.03829,1.03843,1.00,4.12
2016.08.04 14:56:07.569,1.03828,1.03842,1.00,2.25
2016.08.04 14:56:07.620,1.03827,1.03841,1.00,1.00
2016.08.04 14:56:07.671,1.03827,1.03841,1.50,1.00
2016.08.04 14:56:07.722,1.03829,1.03842,1.00,3.00
2016.08.04 14:56:07.773,1.03829,1.03842,1.00,2.25
2016.08.04 14:56:09.391,1.03828,1.03841,1.00,1.00
2016.08.04 14:56:09.442,1.03828,1.03838,1.00,1.00
2016.08.04 14:56:09.857,1.03828,1.03841,1.00,1.00
2016.08.04 14:56:10.188,1.03828,1.03841,1.00,1.12
2016.08.04 14:56:11.294,1.03826,1.03841,2.81,1.00
2016.08.04 14:56:11.396,1.03828,1.0384,1.00,1.00
2016.08.04 14:56:11.700,1.03827,1.0384,1.00,1.12
2016.08.04 14:56:12.681,1.03827,1.0384,1.00,1.87
2016.08.04 14:56:13.196,1.03831,1.03842,1.00,2.25
2016.08.04 14:56:13.248,1.03831,1.03842,1.00,1.12
2016.08.04 14:56:13.299,1.0383,1.03843,1.00,3.75
2016.08.04 14:56:13.350,1.0383,1.03843,1.00,3.00
2016.08.04 14:56:13.452,1.0383,1.03843,1.00,2.25
2016.08.04 14:56:13.503,1.03831,1.03844,1.00,1.00
2016.08.04 14:56:13.759,1.03833,1.03845,1.00,1.87
2016.08.04 14:56:13.862,1.03833,1.03845,1.00,1.50
2016.08.04 14:56:14.116,1.03831,1.03843,1.00,1.00
2016.08.04 14:56:14.281,1.03828,1.03841,1.25,1.00
2016.08.04 14:56:14.383,1.03828,1.03841,1.25,1.00
2016.08.04 14:56:15.412,1.03829,1.03843,1.00,3.00
2016.08.04 14:56:15.463,1.03829,1.03843,1.00,1.50
2016.08.04 14:56:15.747,1.0383,1.03843,1.00,1.50
2016.08.04 14:56:15.798,1.0383,1.03844,1.00,3.00
2016.08.04 14:56:15.849,1.0383,1.03843,1.25,1.00
2016.08.04 14:56:15.900,1.0383,1.03843,1.69,1.00
2016.08.04 14:56:18.013,1.03829,1.03843,1.19,1.50
2016.08.04 14:56:18.064,1.03829,1.03843,1.00,1.00
2016.08.04 14:56:18.221,1.03829,1.03843,1.00,1.00
2016.08.04 14:56:18.273,1.03829,1.03843,1.00,1.50
2016.08.04 14:56:18.376,1.03829,1.03843,1.00,1.00
2016.08.04 14:56:18.427,1.03831,1.03845,1.12,2.62
2016.08.04 14:56:18.478,1.03833,1.03845,1.00,1.00
2016.08.04 14:56:18.529,1.03835,1.03846,1.00,1.12
2016.08.04 14:56:18.580,1.03835,1.03847,1.00,1.00
2016.08.04 14:56:18.631,1.03835,1.0385,1.00,2.25
2016.08.04 14:56:18.682,1.03835,1.0385,1.12,1.87
2016.08.04 14:56:18.734,1.03835,1.0385,1.12,1.87
2016.08.04 14:56:18.785,1.03835,1.0385,1.12,1.12
2016.08.04 14:56:18.887,1.03835,1.0385,1.12,1.12
2016.08.04 14:56:19.014,1.03835,1.03849,1.12,1.00
2016.08.04 14:56:19.172,1.03837,1.0385,1.00,1.00
2016.08.04 14:56:19.224,1.03837,1.03852,1.00,2.62
2016.08.04 14:56:19.275,1.03837,1.03852,1.00,3.37
2016.08.04 14:56:19.377,1.03839,1.03852,1.00,1.12
2016.08.04 14:56:19.428,1.03837,1.0385,1.00,1.00
2016.08.04 14:56:19.479,1.03837,1.0385,1.69,1.00
2016.08.04 14:56:19.530,1.03838,1.03853,1.19,1.50
2016.08.04 14:56:19.636,1.03839,1.03854,1.25,1.87
2016.08.04 14:56:19.687,1.03839,1.03854,1.25,1.12
2016.08.04 14:56:19.738,1.03838,1.03853,1.19,1.00
2016.08.04 14:56:19.837,1.03838,1.03853,1.00,1.00
2016.08.04 14:56:19.888,1.03834,1.03849,3.56,1.00
2016.08.04 14:56:19.939,1.03834,1.03849,3.19,1.00
2016.08.04 14:56:19.990,1.03835,1.03851,1.19,2.25
2016.08.04 14:56:20.041,1.03837,1.03851,1.25,2.25
2016.08.04 14:56:20.093,1.03837,1.03851,1.25,1.00
2016.08.04 14:56:20.144,1.03835,1.03851,2.06,1.00
2016.08.04 14:56:20.195,1.03835,1.03852,2.06,3.00
2016.08.04 14:56:20.297,1.0384,1.03852,1.00,1.00
2016.08.04 14:56:20.400,1.0384,1.03852,1.19,1.00
2016.08.04 14:56:20.451,1.0384,1.03854,1.19,1.37
2016.08.04 14:56:20.502,1.0384,1.03853,1.19,1.00
2016.08.04 14:56:20.989,1.03843,1.03853,1.00,1.00
2016.08.04 14:56:21.558,1.03841,1.03853,1.25,1.00
2016.08.04 14:56:21.609,1.0384,1.03852,1.19,1.00
2016.08.04 14:56:21.813,1.0384,1.03854,1.19,1.00
2016.08.04 14:56:21.972,1.0384,1.03854,1.31,1.00
2016.08.04 14:56:22.023,1.03841,1.03854,1.25,1.00
2016.08.04 14:56:22.812,1.03841,1.03853,1.25,1.00
2016.08.04 14:56:22.986,1.03841,1.03855,1.25,1.50
2016.08.04 14:56:23.037,1.03841,1.03855,1.69,1.50
2016.08.04 14:56:23.088,1.03841,1.03854,1.69,1.00
2016.08.04 14:56:23.139,1.03841,1.03854,1.00,1.00
2016.08.04 14:56:23.548,1.03839,1.03854,2.44,1.00
2016.08.04 14:56:23.746,1.03841,1.03854,1.00,1.00
2016.08.04 14:56:24.103,1.03841,1.03853,1.50,1.00
2016.08.04 14:56:24.256,1.03841,1.03854,1.69,1.00
2016.08.04 14:56:24.408,1.03841,1.03855,1.69,1.50
2016.08.04 14:56:24.629,1.03841,1.03854,1.69,1.00
2016.08.04 14:56:26.440,1.03843,1.03855,1.00,1.00
2016.08.04 14:56:26.679,1.03843,1.03855,1.00,2.25
2016.08.04 14:56:26.730,1.03843,1.03855,1.00,3.00
2016.08.04 14:56:26.781,1.0384,1.03855,1.50,3.37
2016.08.04 14:56:26.832,1.0384,1.03854,1.50,1.00
2016.08.04 14:56:26.883,1.0384,1.03852,1.00,1.00
2016.08.04 14:56:26.935,1.03838,1.0385,1.12,1.50
2016.08.04 14:56:27.037,1.03836,1.03851,3.19,1.50
2016.08.04 14:56:27.089,1.03836,1.03851,1.87,1.50
2016.08.04 14:56:27.140,1.03836,1.03848,1.50,1.00
2016.08.04 14:56:27.704,1.03836,1.03849,1.00,1.00
2016.08.04 14:56:27.755,1.03839,1.03849,1.00,1.00
2016.08.04 14:56:28.009,1.0384,1.03852,1.00,1.50
2016.08.04 14:56:28.498,1.0384,1.03852,1.00,1.00
2016.08.04 14:56:29.425,1.0384,1.03853,1.00,1.50
2016.08.04 14:56:29.593,1.0384,1.03853,1.00,1.00
2016.08.04 14:56:29.644,1.03838,1.03853,1.50,1.00
2016.08.04 14:56:29.746,1.03837,1.03849,1.69,1.00
2016.08.04 14:56:29.917,1.03838,1.0385,1.00,1.00
2016.08.04 14:56:29.970,1.03838,1.0385,1.00,1.50
2016.08.04 14:56:30.848,1.03837,1.03849,1.00,1.00
2016.08.04 14:56:30.900,1.03836,1.03849,1.25,1.00
2016.08.04 14:56:31.052,1.03836,1.0385,1.00,1.50
2016.08.04 14:56:31.103,1.03836,1.0385,1.50,1.50
2016.08.04 14:56:31.205,1.03836,1.0385,1.50,2.25
2016.08.04 14:56:31.307,1.03836,1.0385,1.00,2.25
2016.08.04 14:56:32.180,1.03836,1.0385,1.00,3.00
2016.08.04 14:56:32.231,1.03836,1.03849,1.00,1.00
2016.08.04 14:56:32.282,1.03836,1.03849,1.00,2.25
2016.08.04 14:56:32.886,1.03838,1.03849,1.00,1.50
2016.08.04 14:56:35.322,1.03838,1.03849,1.00,1.00
2016.08.04 14:56:35.374,1.03836,1.0385,1.00,1.50
2016.08.04 14:56:35.478,1.03834,1.03847,1.00,2.25
2016.08.04 14:56:35.580,1.03834,1.03847,1.00,2.62
2016.08.04 14:56:35.683,1.03834,1.03847,1.00,3.00
2016.08.04 14:56:35.990,1.03833,1.03847,1.00,3.00
2016.08.04 14:56:36.092,1.03832,1.03843,1.50,1.00
2016.08.04 14:56:36.194,1.03832,1.03843,1.00,1.00
2016.08.04 14:56:38.027,1.03832,1.03843,1.00,1.50
2016.08.04 14:56:38.379,1.03832,1.03843,1.00,1.00
2016.08.04 14:56:38.430,1.03832,1.03844,1.00,1.50
2016.08.04 14:56:38.817,1.03832,1.03844,1.00,1.00
2016.08.04 14:56:38.919,1.03831,1.03844,1.00,1.50
2016.08.04 14:56:39.928,1.03831,1.03844,1.00,2.25
2016.08.04 14:56:39.979,1.03833,1.03844,1.69,1.00
2016.08.04 14:56:40.031,1.03835,1.03844,1.00,1.00
2016.08.04 14:56:40.082,1.03835,1.03846,1.69,1.50
2016.08.04 14:56:40.133,1.03835,1.03847,1.69,1.75
2016.08.04 14:56:40.184,1.03835,1.03847,1.50,1.75
2016.08.04 14:56:40.286,1.03838,1.03848,1.00,1.37
2016.08.04 14:56:40.337,1.03838,1.03848,1.00,1.00
2016.08.04 14:56:40.490,1.03837,1.03848,1.25,1.00
2016.08.04 14:56:40.705,1.03836,1.03848,1.19,1.00
2016.08.04 14:56:41.219,1.03836,1.03847,1.19,1.00
2016.08.04 14:56:41.270,1.03836,1.03847,1.00,1.00
2016.08.04 14:56:41.724,1.03836,1.03848,1.00,1.50
2016.08.04 14:56:42.014,1.03836,1.03847,1.00,1.00
2016.08.04 14:56:42.065,1.03836,1.03847,1.00,1.50
2016.08.04 14:56:42.223,1.03836,1.03847,1.00,1.00
2016.08.04 14:56:42.591,1.03835,1.03847,1.69,1.00
2016.08.04 14:56:42.647,1.03835,1.03847,1.25,1.00
2016.08.04 14:56:43.366,1.03835,1.03845,1.25,1.00
2016.08.04 14:56:43.513,1.03833,1.03844,1.19,1.00
2016.08.04 14:56:43.566,1.03831,1.03844,1.50,2.25
2016.08.04 14:56:43.618,1.03831,1.03843,1.00,1.00
2016.08.04 14:56:43.877,1.0383,1.03843,1.69,1.00
2016.08.04 14:56:43.929,1.03831,1.03844,1.00,1.50
2016.08.04 14:56:44.209,1.0383,1.03843,1.69,1.00
2016.08.04 14:56:44.311,1.03831,1.03844,1.00,1.00
2016.08.04 14:56:44.512,1.03831,1.03845,1.00,1.50
2016.08.04 14:56:44.614,1.03831,1.03843,1.00,1.00
2016.08.04 14:56:44.716,1.0383,1.03843,1.00,1.69
2016.08.04 14:56:44.818,1.03829,1.03842,1.00,1.00
2016.08.04 14:56:45.362,1.03829,1.03841,1.00,1.00
2016.08.04 14:56:45.515,1.03828,1.03842,1.69,1.25
2016.08.04 14:56:45.617,1.03828,1.03841,1.69,1.00
2016.08.04 14:56:45.719,1.03828,1.03841,1.25,1.00
2016.08.04 14:56:45.770,1.03828,1.03841,1.00,1.50
2016.08.04 14:56:45.821,1.03827,1.0384,1.12,1.25
2016.08.04 14:56:46.181,1.03827,1.03839,1.12,1.00
2016.08.04 14:56:46.233,1.03825,1.03838,4.31,1.00
2016.08.04 14:56:46.284,1.03825,1.03838,3.56,1.00
2016.08.04 14:56:46.435,1.03824,1.03837,1.69,1.00
2016.08.04 14:56:46.486,1.03824,1.03837,1.31,1.00
2016.08.04 14:56:50.424,1.03828,1.0384,1.00,1.19
2016.08.04 14:56:50.476,1.03828,1.0384,1.00,1.19
2016.08.04 14:56:50.527,1.03828,1.0384,1.00,1.19
2016.08.04 14:56:50.728,1.03829,1.03843,1.00,1.69
2016.08.04 14:56:50.780,1.03829,1.03844,1.00,3.00
2016.08.04 14:56:50.832,1.03831,1.03843,1.00,1.19
2016.08.04 14:56:50.883,1.03831,1.03843,1.00,1.19
2016.08.04 14:56:50.934,1.03831,1.03843,1.00,1.50
2016.08.04 14:56:51.189,1.03831,1.03841,1.00,1.00
2016.08.04 14:56:51.240,1.03827,1.03839,1.25,1.00
2016.08.04 14:56:51.292,1.03827,1.03837,1.00,1.00
2016.08.04 14:56:51.343,1.03823,1.03836,2.44,1.00
2016.08.04 14:56:51.394,1.03823,1.03836,2.25,1.00
2016.08.04 14:56:51.445,1.03823,1.03837,1.37,1.12
2016.08.04 14:56:51.496,1.03823,1.03837,1.00,1.12
2016.08.04 14:56:51.736,1.03823,1.03837,1.00,1.87
2016.08.04 14:56:52.438,1.03824,1.03837,1.00,1.87
2016.08.04 14:56:53.030,1.03823,1.03837,1.00,1.87
2016.08.04 14:56:53.940,1.03822,1.03837,1.69,1.87
2016.08.04 14:56:53.991,1.03822,1.03837,1.25,1.87
2016.08.04 14:56:54.201,1.03822,1.03835,1.25,1.00
2016.08.04 14:56:55.146,1.03822,1.03834,1.69,1.00
2016.08.04 14:56:55.247,1.03822,1.03836,1.25,1.00
2016.08.04 14:56:55.791,1.03822,1.03836,1.00,1.00
2016.08.04 14:56:57.107,1.03822,1.03835,1.00,1.00
2016.08.04 14:56:57.396,1.03821,1.03835,3.37,1.00
2016.08.04 14:56:57.549,1.03823,1.03835,1.50,1.00
2016.08.04 14:56:58.664,1.03823,1.03835,2.25,1.00
2016.08.04 14:56:59.295,1.03824,1.03835,1.00,1.00
2016.08.04 14:57:00.076,1.03824,1.03834,1.00,1.00
2016.08.04 14:57:00.599,1.03823,1.03834,1.00,1.00
2016.08.04 14:57:00.819,1.03823,1.03836,1.00,1.37
2016.08.04 14:57:01.349,1.03824,1.03836,1.00,1.37
2016.08.04 14:57:01.451,1.03824,1.03837,2.25,1.50
2016.08.04 14:57:01.554,1.03825,1.03839,1.00,1.87
2016.08.04 14:57:01.605,1.03825,1.03839,1.00,1.50
2016.08.04 14:57:01.657,1.03824,1.03837,1.12,1.00
2016.08.04 14:57:01.760,1.03824,1.03837,1.00,1.50
2016.08.04 14:57:01.862,1.03824,1.03835,1.00,1.00
2016.08.04 14:57:01.961,1.03824,1.03836,1.00,1.00
2016.08.04 14:57:02.013,1.03823,1.03837,1.00,1.12
2016.08.04 14:57:02.064,1.03823,1.03838,1.00,2.25
2016.08.04 14:57:02.217,1.03823,1.03836,1.00,1.00
2016.08.04 14:57:02.319,1.03821,1.03836,1.50,1.00
2016.08.04 14:57:02.459,1.03822,1.03836,1.00,1.00
2016.08.04 14:57:02.612,1.03822,1.03836,1.50,1.00
2016.08.04 14:57:02.663,1.03822,1.03836,1.00,1.00
2016.08.04 14:57:02.714,1.03821,1.03836,1.50,1.00
2016.08.04 14:57:02.915,1.03822,1.03834,1.00,1.00
2016.08.04 14:57:02.966,1.03822,1.03834,1.50,1.00
2016.08.04 14:57:03.067,1.03822,1.03834,1.00,1.00
2016.08.04 14:57:03.391,1.03821,1.03834,1.00,1.00
2016.08.04 14:57:03.442,1.0382,1.03832,1.50,1.00
2016.08.04 14:57:03.493,1.03821,1.03832,1.00,1.00
2016.08.04 14:57:03.595,1.0382,1.03832,1.00,1.00
2016.08.04 14:57:04.120,1.03819,1.03831,1.00,1.00
2016.08.04 14:57:04.960,1.03818,1.03833,1.00,1.00
2016.08.04 14:57:05.524,1.03818,1.03833,1.00,1.50
2016.08.04 14:57:06.277,1.03818,1.03833,1.00,1.50
2016.08.04 14:57:06.525,1.03818,1.03833,1.00,1.00
2016.08.04 14:57:06.576,1.03818,1.03832,1.00,1.00
2016.08.04 14:57:06.944,1.03819,1.03833,1.00,1.00
2016.08.04 14:57:06.995,1.03819,1.03833,1.00,1.00
2016.08.04 14:57:07.544,1.0382,1.03833,1.00,1.00
2016.08.04 14:57:07.697,1.03821,1.03832,1.00,1.00
2016.08.04 14:57:07.748,1.03821,1.03834,1.00,2.62
2016.08.04 14:57:07.799,1.03819,1.03834,1.00,2.62
2016.08.04 14:57:07.901,1.03821,1.03834,1.00,2.62
2016.08.04 14:57:08.003,1.03819,1.03834,1.00,2.62
2016.08.04 14:57:08.055,1.03819,1.03834,1.00,1.50
2016.08.04 14:57:08.106,1.03819,1.03832,1.00,1.00
2016.08.04 14:57:08.157,1.03817,1.0383,1.25,1.50
2016.08.04 14:57:08.318,1.03814,1.03826,1.69,1.00
2016.08.04 14:57:08.373,1.03813,1.03825,1.00,1.00
2016.08.04 14:57:08.475,1.03811,1.03824,1.87,1.00
2016.08.04 14:57:08.680,1.03811,1.03822,1.12,1.00
2016.08.04 14:57:08.783,1.03811,1.03822,1.87,1.00
2016.08.04 14:57:08.976,1.03811,1.03822,1.12,1.00
2016.08.04 14:57:09.078,1.03811,1.03823,1.00,1.00
2016.08.04 14:57:09.231,1.03811,1.03823,1.00,1.50
2016.08.04 14:57:09.332,1.03811,1.03823,1.50,1.50
2016.08.04 14:57:09.487,1.03812,1.03823,1.00,1.50
2016.08.04 14:57:09.539,1.03812,1.03823,1.50,1.00
2016.08.04 14:57:09.592,1.03813,1.03824,1.00,1.00
2016.08.04 14:57:09.644,1.03813,1.03826,1.00,1.12
2016.08.04 14:57:09.803,1.03816,1.03826,1.00,1.00
2016.08.04 14:57:09.905,1.03813,1.03826,1.50,1.00
2016.08.04 14:57:10.128,1.03813,1.03826,1.00,1.00
2016.08.04 14:57:10.179,1.03813,1.03826,1.00,1.00
2016.08.04 14:57:10.459,1.03813,1.03826,1.50,1.00
2016.08.04 14:57:10.697,1.03814,1.03828,1.00,1.00
2016.08.04 14:57:10.800,1.03817,1.03828,1.00,1.00
2016.08.04 14:57:11.172,1.03814,1.03828,1.50,1.00
2016.08.04 14:57:11.274,1.03816,1.03828,1.00,1.00
2016.08.04 14:57:11.600,1.03814,1.03827,1.50,1.00
2016.08.04 14:57:12.789,1.03814,1.03828,1.50,1.00
2016.08.04 14:57:13.096,1.03814,1.03828,1.00,1.00
2016.08.04 14:57:13.351,1.03814,1.03829,1.00,1.87
2016.08.04 14:57:13.550,1.03815,1.03829,1.00,2.62
2016.08.04 14:57:13.601,1.03816,1.03827,1.00,1.00
2016.08.04 14:57:13.755,1.03817,1.03829,1.00,1.12
2016.08.04 14:57:13.857,1.03821,1.03832,1.00,1.75
2016.08.04 14:57:13.960,1.03821,1.03833,1.00,1.87
2016.08.04 14:57:14.011,1.03821,1.03833,1.50,1.50
2016.08.04 14:57:14.063,1.03821,1.03833,1.50,1.00
2016.08.04 14:57:14.218,1.03822,1.03833,1.00,1.00
2016.08.04 14:57:14.474,1.03822,1.03834,1.00,1.12
2016.08.04 14:57:14.831,1.03821,1.03834,1.00,1.87
2016.08.04 14:57:15.373,1.0382,1.03834,1.00,1.87
2016.08.04 14:57:15.604,1.0382,1.03834,1.00,1.12
2016.08.04 14:57:15.655,1.03821,1.03834,1.00,1.87
2016.08.04 14:57:15.707,1.03821,1.03834,1.50,1.87
2016.08.04 14:57:15.759,1.03821,1.03834,1.00,1.87
2016.08.04 14:57:15.811,1.03819,1.03831,1.00,1.00
2016.08.04 14:57:15.863,1.03819,1.03832,1.00,1.00
2016.08.04 14:57:15.914,1.03819,1.03832,1.00,1.00
2016.08.04 14:57:16.064,1.03819,1.03832,1.00,1.00
2016.08.04 14:57:16.860,1.0382,1.03832,1.00,1.00
2016.08.04 14:57:17.383,1.03822,1.03834,1.00,1.87
2016.08.04 14:57:17.487,1.0382,1.03834,1.00,1.87
2016.08.04 14:57:17.591,1.03821,1.03834,1.50,1.87
2016.08.04 14:57:17.862,1.03821,1.03834,1.00,1.87
2016.08.04 14:57:17.972,1.03819,1.03834,1.50,1.87
2016.08.04 14:57:18.473,1.0382,1.03834,1.00,1.87
2016.08.04 14:57:18.524,1.03821,1.03834,1.00,1.12
2016.08.04 14:57:19.500,1.03823,1.03836,1.00,1.00
2016.08.04 14:57:19.603,1.03822,1.03836,2.25,1.00
2016.08.04 14:57:19.705,1.03822,1.03834,1.50,1.00
2016.08.04 14:57:19.959,1.03822,1.03834,1.00,1.00
2016.08.04 14:57:21.280,1.03822,1.03835,1.50,1.00
2016.08.04 14:57:21.599,1.03822,1.03834,1.00,1.00
2016.08.04 14:57:22.074,1.03821,1.03834,1.50,1.00
2016.08.04 14:57:22.379,1.03821,1.03834,2.25,1.00
2016.08.04 14:57:22.430,1.03821,1.03834,1.50,1.00
2016.08.04 14:57:22.531,1.03822,1.03834,1.00,1.00
2016.08.04 14:57:22.639,1.03821,1.03834,2.25,1.00
2016.08.04 14:57:22.842,1.03822,1.03834,1.00,1.00
2016.08.04 14:57:23.418,1.03821,1.03834,1.50,1.00
2016.08.04 14:57:23.628,1.03821,1.03834,2.25,1.00
2016.08.04 14:57:23.730,1.03821,1.03834,1.50,1.00
2016.08.04 14:57:24.197,1.03821,1.03835,1.00,1.00
2016.08.04 14:57:24.299,1.03821,1.03836,1.50,1.00
2016.08.04 14:57:24.351,1.03821,1.03836,2.62,1.00
2016.08.04 14:57:24.402,1.03822,1.03836,1.00,1.00
2016.08.04 14:57:24.453,1.03822,1.03836,1.50,1.00
2016.08.04 14:57:24.504,1.03822,1.03837,2.25,1.00
2016.08.04 14:57:24.783,1.03823,1.03835,1.00,1.00
2016.08.04 14:57:24.834,1.03823,1.03835,1.00,1.00
2016.08.04 14:57:24.885,1.03822,1.03837,3.00,1.00
2016.08.04 14:57:25.038,1.03822,1.03837,2.25,1.00
2016.08.04 14:57:25.243,1.03822,1.03837,3.00,1.00
2016.08.04 14:57:25.294,1.03822,1.03837,3.00,1.00
2016.08.04 14:57:25.396,1.03822,1.03836,2.25,1.00
2016.08.04 14:57:25.497,1.03822,1.03835,1.00,1.00
2016.08.04 14:57:25.599,1.03822,1.03835,1.00,1.00
2016.08.04 14:57:25.803,1.03822,1.03836,1.00,1.69
2016.08.04 14:57:25.854,1.03822,1.03836,1.00,1.50
2016.08.04 14:57:26.006,1.03823,1.03835,1.00,1.00
2016.08.04 14:57:26.720,1.03822,1.03836,1.00,1.50
2016.08.04 14:57:26.874,1.03824,1.03836,1.00,1.50
2016.08.04 14:57:27.281,1.03823,1.03837,1.50,1.00
2016.08.04 14:57:27.383,1.03824,1.03837,1.00,1.00
2016.08.04 14:57:27.624,1.03824,1.03835,1.00,1.00
2016.08.04 14:57:27.880,1.03822,1.03834,1.00,1.00
2016.08.04 14:57:28.085,1.03821,1.03834,1.50,1.00
2016.08.04 14:57:28.860,1.03821,1.03834,1.00,1.00
2016.08.04 14:57:28.911,1.03818,1.0383,1.37,1.00
2016.08.04 14:57:28.963,1.0382,1.0383,1.00,1.00
2016.08.04 14:57:29.193,1.03817,1.0383,1.87,1.00
2016.08.04 14:57:29.253,1.03817,1.0383,1.12,1.00
2016.08.04 14:57:29.574,1.03817,1.0383,1.87,1.00
2016.08.04 14:57:30.066,1.03819,1.03833,1.00,1.50
2016.08.04 14:57:30.117,1.0382,1.03835,1.50,2.49
2016.08.04 14:57:30.169,1.03821,1.03835,1.00,2.25
2016.08.04 14:57:30.372,1.03822,1.03835,1.74,1.50
2016.08.04 14:57:30.423,1.03822,1.03835,2.49,1.50
2016.08.04 14:57:30.475,1.03827,1.03835,1.00,1.50
2016.08.04 14:57:30.526,1.03823,1.03836,1.24,1.75
2016.08.04 14:57:30.577,1.03823,1.03836,1.50,1.75
2016.08.04 14:57:30.628,1.03827,1.03837,1.00,1.50
2016.08.04 14:57:30.680,1.03827,1.03837,1.00,1.00
2016.08.04 14:57:30.836,1.03827,1.0384,1.00,2.49
2016.08.04 14:57:30.887,1.03827,1.03838,1.00,1.00
2016.08.04 14:57:30.989,1.03827,1.03841,1.00,4.37
2016.08.04 14:57:31.091,1.03828,1.03841,1.00,4.37
2016.08.04 14:57:31.142,1.03836,1.03842,1.00,1.50
2016.08.04 14:57:31.194,1.03836,1.03843,1.00,1.75
2016.08.04 14:57:31.296,1.03836,1.03846,1.00,2.62
2016.08.04 14:57:31.347,1.03836,1.03846,1.00,1.00
2016.08.04 14:57:31.502,1.03837,1.03849,1.50,1.37
2016.08.04 14:57:31.615,1.03837,1.03849,1.50,1.37
2016.08.04 14:57:31.666,1.03842,1.03853,1.00,1.00
2016.08.04 14:57:31.771,1.03842,1.03855,1.00,1.12
2016.08.04 14:57:31.875,1.03841,1.03856,1.50,4.05
2016.08.04 14:57:31.927,1.03842,1.03856,1.12,4.05
2016.08.04 14:57:31.979,1.03846,1.03856,1.00,1.50
2016.08.04 14:57:32.031,1.03848,1.03856,1.00,1.00
2016.08.04 14:57:32.134,1.03852,1.03856,1.00,1.00
2016.08.04 14:57:32.186,1.03852,1.03862,1.00,1.00
2016.08.04 14:57:32.238,1.03848,1.03863,1.50,2.25
2016.08.04 14:57:32.289,1.03848,1.03863,1.50,1.00
2016.08.04 14:57:33.521,1.03849,1.03862,1.00,1.00
2016.08.04 14:57:33.624,1.03848,1.03862,2.25,1.00
2016.08.04 14:57:34.174,1.03848,1.03862,3.00,1.00
2016.08.04 14:57:34.227,1.03849,1.03863,1.00,1.50
2016.08.04 14:57:34.513,1.0385,1.03864,1.50,1.00
2016.08.04 14:57:34.564,1.03851,1.03864,1.00,1.00
2016.08.04 14:57:34.615,1.03852,1.03867,1.00,1.69
2016.08.04 14:57:34.721,1.03853,1.03868,1.87,1.87
2016.08.04 14:57:34.772,1.03853,1.03868,2.25,1.50
2016.08.04 14:57:34.823,1.03856,1.03869,1.00,1.50
2016.08.04 14:57:34.874,1.03856,1.03869,1.50,1.00
2016.08.04 14:57:35.019,1.03857,1.0387,1.00,1.00
2016.08.04 14:57:35.070,1.03857,1.0387,2.25,1.00
2016.08.04 14:57:35.122,1.03859,1.03871,1.00,1.00
2016.08.04 14:57:35.173,1.03858,1.03871,1.00,1.00
2016.08.04 14:57:35.224,1.03858,1.03872,1.00,3.86
2016.08.04 14:57:35.326,1.03857,1.03871,2.25,1.00
2016.08.04 14:57:35.377,1.03857,1.03871,1.50,1.50
2016.08.04 14:57:35.428,1.03857,1.03871,1.00,1.00
2016.08.04 14:57:35.530,1.03857,1.03871,1.00,1.00
2016.08.04 14:57:36.220,1.03857,1.03868,1.50,1.00
2016.08.04 14:57:36.420,1.03857,1.03868,1.00,1.00
2016.08.04 14:57:36.735,1.03857,1.03869,1.50,1.00
2016.08.04 14:57:36.933,1.03857,1.03869,2.25,1.00
2016.08.04 14:57:37.145,1.03857,1.03869,1.50,1.00
2016.08.04 14:57:37.247,1.03857,1.03869,2.25,1.00
2016.08.04 14:57:37.916,1.03857,1.0387,2.25,1.00
2016.08.04 14:57:38.673,1.03857,1.0387,1.50,1.00
2016.08.04 14:57:39.043,1.03857,1.0387,2.25,1.00
2016.08.04 14:57:39.145,1.03861,1.0387,1.50,1.00
2016.08.04 14:57:39.247,1.03862,1.03876,3.00,1.00
2016.08.04 14:57:39.298,1.03862,1.03876,3.56,1.00
2016.08.04 14:57:39.349,1.03864,1.03877,1.00,1.37
2016.08.04 14:57:39.400,1.03864,1.03877,1.00,1.00
2016.08.04 14:57:39.451,1.03864,1.03877,1.12,1.00
2016.08.04 14:57:39.502,1.03864,1.03877,1.50,1.00
2016.08.04 14:57:39.800,1.03864,1.03878,1.50,1.07
2016.08.04 14:57:39.852,1.03863,1.03878,3.37,1.07
2016.08.04 14:57:40.175,1.03863,1.03878,4.12,1.07
2016.08.04 14:57:40.227,1.03864,1.03878,1.50,1.07
2016.08.04 14:57:40.329,1.03863,1.03878,3.37,1.07
2016.08.04 14:57:40.380,1.03864,1.03878,1.50,1.10
2016.08.04 14:57:40.431,1.03864,1.03879,3.00,1.07
2016.08.04 14:57:40.534,1.03865,1.03879,1.37,1.57
2016.08.04 14:57:40.585,1.03865,1.03879,1.37,1.50
2016.08.04 14:57:40.701,1.03865,1.03879,1.37,1.57
2016.08.04 14:57:40.752,1.03866,1.03881,2.06,3.07
2016.08.04 14:57:40.803,1.03866,1.03881,2.81,2.32
2016.08.04 14:57:40.854,1.03866,1.03881,3.19,2.32
2016.08.04 14:57:41.058,1.03867,1.03881,1.12,1.57
2016.08.04 14:57:41.109,1.03867,1.03881,1.87,1.57
2016.08.04 14:57:41.161,1.03867,1.03881,2.62,1.57
2016.08.04 14:57:41.263,1.03872,1.03882,1.00,1.00
2016.08.04 14:57:41.473,1.03882,1.03886,1.00,1.00
2016.08.04 14:57:41.527,1.03882,1.03892,1.00,1.15
2016.08.04 14:57:41.579,1.03878,1.03893,1.50,3.49
2016.08.04 14:57:41.630,1.03879,1.03893,1.00,3.49
2016.08.04 14:57:41.681,1.03879,1.03893,1.37,1.15
2016.08.04 14:57:41.733,1.03881,1.03894,1.00,4.24
2016.08.04 14:57:41.937,1.03881,1.03893,1.00,1.15
2016.08.04 14:57:41.988,1.03881,1.03892,1.00,1.24
2016.08.04 14:57:42.259,1.03881,1.03894,1.00,3.49
2016.08.04 14:57:42.362,1.03881,1.03894,1.00,1.50
2016.08.04 14:57:42.465,1.03881,1.03894,1.00,1.00
2016.08.04 14:57:42.567,1.03882,1.03894,1.00,1.00
2016.08.04 14:57:42.947,1.03882,1.03896,1.00,1.99
2016.08.04 14:57:42.998,1.03881,1.03894,2.25,1.24
2016.08.04 14:57:43.050,1.03882,1.03894,1.69,1.24
2016.08.04 14:57:43.102,1.03882,1.03895,1.69,1.00
2016.08.04 14:57:43.203,1.03882,1.03894,1.69,1.99
2016.08.04 14:57:43.255,1.03881,1.03894,1.69,1.99
2016.08.04 14:57:43.357,1.03881,1.03892,1.69,1.00
2016.08.04 14:57:43.416,1.03881,1.03894,1.69,1.99
2016.08.04 14:57:43.591,1.03881,1.03894,1.19,1.00
2016.08.04 14:57:43.833,1.03881,1.03892,1.19,1.00
2016.08.04 14:57:44.079,1.03881,1.03892,1.19,1.00
2016.08.04 14:57:44.130,1.03883,1.03894,1.00,1.24
2016.08.04 14:57:44.181,1.03883,1.03896,1.19,1.99
2016.08.04 14:57:44.232,1.03881,1.03895,2.44,1.00
2016.08.04 14:57:44.283,1.03881,1.03895,2.44,1.99
2016.08.04 14:57:44.334,1.03882,1.03895,1.00,1.24
2016.08.04 14:57:44.445,1.03886,1.03895,1.12,1.24
2016.08.04 14:57:44.496,1.03886,1.03899,1.50,1.00
2016.08.04 14:57:44.547,1.03884,1.03899,3.00,1.00
2016.08.04 14:57:44.650,1.03884,1.03897,2.25,1.00
2016.08.04 14:57:44.702,1.03884,1.03897,2.44,1.00
2016.08.04 14:57:44.805,1.03884,1.03897,2.44,1.00
2016.08.04 14:57:44.856,1.03886,1.039,2.25,1.24
2016.08.04 14:57:44.958,1.03887,1.03901,1.87,2.74
2016.08.04 14:57:45.164,1.03885,1.03899,2.25,1.00
2016.08.04 14:57:45.216,1.03886,1.03899,1.50,1.00
2016.08.04 14:57:45.267,1.03886,1.03899,2.25,1.00
2016.08.04 14:57:45.318,1.03886,1.03899,1.75,1.00
2016.08.04 14:57:45.370,1.03888,1.03902,1.37,1.00
2016.08.04 14:57:45.422,1.03889,1.03902,1.87,1.50
2016.08.04 14:57:45.527,1.03889,1.03902,1.87,1.00
2016.08.04 14:57:45.731,1.03889,1.03902,1.87,1.00
2016.08.04 14:57:45.834,1.03889,1.03903,3.00,1.00
2016.08.04 14:57:45.936,1.03891,1.03903,1.37,1.00
2016.08.04 14:57:45.988,1.03892,1.03903,1.12,1.00
2016.08.04 14:57:46.039,1.03894,1.03908,1.12,1.00
2016.08.04 14:57:46.141,1.03893,1.03908,1.87,1.00
2016.08.04 14:57:46.192,1.03893,1.03908,2.25,1.00
2016.08.04 14:57:46.243,1.03893,1.03908,2.62,1.00
2016.08.04 14:57:46.294,1.03893,1.03908,1.87,1.50
2016.08.04 14:57:46.346,1.03893,1.03905,1.87,1.00
2016.08.04 14:57:46.552,1.03893,1.03907,1.87,1.00
2016.08.04 14:57:46.604,1.03894,1.03908,1.87,1.00
2016.08.04 14:57:46.656,1.03893,1.03908,2.81,1.00
2016.08.04 14:57:46.707,1.03893,1.03908,2.62,1.00
2016.08.04 14:57:46.758,1.03894,1.03908,1.87,1.00
2016.08.04 14:57:46.915,1.03894,1.03906,1.87,1.00
2016.08.04 14:57:46.966,1.03893,1.03906,2.62,1.00
2016.08.04 14:57:47.017,1.03893,1.03908,2.62,1.00
2016.08.04 14:57:47.068,1.03894,1.03908,1.87,1.00
2016.08.04 14:57:47.330,1.03893,1.03907,2.62,1.00
2016.08.04 14:57:47.432,1.03895,1.03907,1.12,1.00
2016.08.04 14:57:47.534,1.03895,1.03907,1.12,1.00
2016.08.04 14:57:47.636,1.03896,1.03907,1.00,1.00
2016.08.04 14:57:47.687,1.03896,1.03907,1.00,1.00
2016.08.04 14:57:47.738,1.03896,1.03909,1.00,1.50
2016.08.04 14:57:47.788,1.03896,1.03909,1.00,1.50
2016.08.04 14:57:47.839,1.03896,1.0391,1.50,1.50
2016.08.04 14:57:47.890,1.03896,1.0391,1.50,1.50
2016.08.04 14:57:48.214,1.03897,1.0391,1.00,1.50
2016.08.04 14:57:48.265,1.039,1.03912,1.00,1.00
2016.08.04 14:57:48.316,1.039,1.03914,1.00,1.00
2016.08.04 14:57:48.368,1.039,1.03915,1.00,1.50
2016.08.04 14:57:48.420,1.039,1.03915,1.37,1.50
2016.08.04 14:57:48.471,1.03901,1.03915,2.62,1.00
2016.08.04 14:57:48.522,1.03901,1.03916,3.75,1.00
2016.08.04 14:57:48.573,1.03904,1.03917,1.00,1.00
2016.08.04 14:57:48.624,1.03904,1.03918,1.37,1.00
2016.08.04 14:57:48.676,1.03907,1.03919,1.00,1.00
2016.08.04 14:57:48.727,1.03907,1.03918,1.00,1.00
2016.08.04 14:57:48.927,1.03906,1.03919,1.62,1.00
2016.08.04 14:57:48.978,1.03907,1.03919,1.12,1.00
2016.08.04 14:57:49.134,1.03906,1.0392,1.69,1.00
2016.08.04 14:57:49.185,1.03907,1.0392,1.12,1.00
2016.08.04 14:57:49.287,1.03906,1.0392,2.44,1.00
2016.08.04 14:57:49.441,1.03907,1.0392,1.12,1.50
2016.08.04 14:57:49.669,1.03907,1.0392,1.12,1.00
2016.08.04 14:57:49.877,1.03908,1.0392,1.00,1.00
2016.08.04 14:57:50.237,1.0391,1.03921,1.00,1.00
2016.08.04 14:57:51.258,1.03909,1.03921,1.00,1.00
2016.08.04 14:57:51.462,1.03909,1.03924,1.00,1.50
2016.08.04 14:57:51.513,1.03909,1.03924,1.00,1.50
2016.08.04 14:57:51.692,1.03909,1.03923,1.00,1.00
2016.08.04 14:57:51.845,1.03908,1.03921,1.50,1.00
2016.08.04 14:57:52.049,1.03908,1.03921,1.50,1.50
2016.08.04 14:57:52.152,1.03908,1.03921,1.50,1.00
2016.08.04 14:57:52.204,1.03908,1.03921,1.00,1.00
2016.08.04 14:57:52.255,1.03908,1.03921,1.00,1.50
2016.08.04 14:57:52.408,1.03908,1.03921,1.00,1.50
2016.08.04 14:57:52.971,1.03908,1.03921,1.00,1.50
2016.08.04 14:57:53.175,1.03909,1.03921,1.00,1.00
2016.08.04 14:57:53.277,1.03907,1.03919,1.12,1.00
2016.08.04 14:57:53.463,1.03906,1.03919,1.69,1.00
2016.08.04 14:57:53.515,1.03908,1.03921,1.00,1.50
2016.08.04 14:57:53.566,1.03908,1.03922,1.00,1.00
2016.08.04 14:57:53.669,1.03908,1.03922,1.00,1.00
2016.08.04 14:57:53.824,1.03908,1.03922,1.00,1.00
2016.08.04 14:57:53.875,1.03908,1.03923,1.00,1.50
2016.08.04 14:57:53.977,1.03909,1.03923,1.00,1.00
2016.08.04 14:57:54.028,1.03909,1.03923,1.50,1.00
2016.08.04 14:57:54.131,1.03909,1.03923,1.37,1.00
2016.08.04 14:57:54.183,1.03909,1.03923,1.50,1.00
2016.08.04 14:57:54.325,1.03909,1.03921,1.69,1.00
2016.08.04 14:57:54.385,1.03911,1.03924,1.00,1.50
2016.08.04 14:57:55.368,1.03909,1.03922,2.25,1.00
2016.08.04 14:57:55.420,1.03909,1.03922,1.12,1.00
2016.08.04 14:57:55.471,1.03907,1.03921,2.25,1.00
2016.08.04 14:57:55.575,1.03907,1.03921,2.25,1.50
2016.08.04 14:57:55.728,1.03907,1.03921,1.50,1.50
2016.08.04 14:57:55.831,1.03907,1.03919,1.50,1.00
2016.08.04 14:57:56.729,1.03907,1.03919,1.50,1.00
2016.08.04 14:57:56.780,1.03906,1.03919,2.25,1.00
2016.08.04 14:57:56.831,1.03906,1.0392,1.75,1.00
2016.08.04 14:57:56.882,1.03905,1.03919,1.87,1.00
2016.08.04 14:57:56.933,1.03905,1.03919,1.87,1.50
2016.08.04 14:57:56.984,1.03904,1.03919,3.37,1.50
2016.08.04 14:57:57.086,1.03904,1.03919,3.75,1.50
2016.08.04 14:57:57.194,1.03904,1.03919,3.37,1.50
2016.08.04 14:57:57.245,1.03905,1.03919,1.75,1.50
2016.08.04 14:57:57.296,1.03907,1.03919,1.37,1.50
2016.08.04 14:57:57.348,1.03907,1.03919,1.37,1.00
2016.08.04 14:57:57.399,1.03907,1.03919,1.50,1.00
2016.08.04 14:57:57.450,1.03908,1.0392,1.12,1.25
2016.08.04 14:57:57.552,1.03907,1.03919,1.50,1.00
2016.08.04 14:57:57.757,1.03907,1.03919,1.00,1.00
2016.08.04 14:57:57.808,1.03905,1.03919,2.62,1.00
2016.08.04 14:57:57.859,1.03905,1.03919,2.62,1.00
2016.08.04 14:57:58.109,1.03905,1.03919,2.25,1.50
2016.08.04 14:57:58.264,1.03905,1.03919,2.25,1.50
2016.08.04 14:57:58.316,1.03905,1.03919,1.12,1.50
2016.08.04 14:57:58.418,1.03905,1.03919,1.12,1.50
2016.08.04 14:57:58.469,1.03907,1.03919,1.00,1.50
2016.08.04 14:57:58.520,1.03907,1.03919,1.00,1.00
2016.08.04 14:57:58.571,1.03906,1.0392,1.00,1.00
2016.08.04 14:57:58.623,1.03906,1.03921,1.00,1.50
2016.08.04 14:57:58.992,1.03905,1.03919,1.50,1.00
2016.08.04 14:57:59.044,1.03905,1.03919,1.50,1.50
2016.08.04 14:57:59.095,1.03905,1.03919,2.25,1.00
2016.08.04 14:57:59.146,1.03905,1.03919,1.12,1.00
2016.08.04 14:57:59.197,1.03905,1.03919,1.87,1.00
2016.08.04 14:57:59.248,1.03905,1.0392,2.06,1.50
2016.08.04 14:57:59.299,1.03905,1.0392,1.31,1.50
2016.08.04 14:57:59.723,1.03905,1.0392,2.44,1.50
2016.08.04 14:58:00.060,1.03906,1.0392,1.00,1.00
2016.08.04 14:58:00.479,1.03907,1.03919,1.00,1.00
2016.08.04 14:58:00.531,1.03907,1.03919,1.00,1.50
2016.08.04 14:58:01.095,1.03907,1.03919,1.00,1.00
2016.08.04 14:58:01.147,1.03907,1.03921,1.37,1.50
2016.08.04 14:58:01.198,1.03908,1.03921,1.37,1.00
2016.08.04 14:58:01.249,1.03908,1.03922,1.50,1.00
2016.08.04 14:58:01.300,1.03909,1.03922,1.69,1.00
2016.08.04 14:58:01.351,1.03909,1.03922,1.69,1.00
2016.08.04 14:58:01.402,1.03911,1.03923,1.00,1.00
2016.08.04 14:58:01.453,1.03911,1.03923,1.19,1.00
2016.08.04 14:58:01.505,1.0391,1.03923,2.06,1.00
2016.08.04 14:58:01.556,1.0391,1.03922,2.44,1.00
2016.08.04 14:58:01.607,1.0391,1.03922,2.81,1.00
2016.08.04 14:58:01.763,1.0391,1.03922,2.81,1.00
2016.08.04 14:58:01.814,1.03911,1.03926,2.62,1.00
2016.08.04 14:58:01.865,1.03913,1.03928,1.50,1.00
2016.08.04 14:58:01.916,1.03914,1.03928,1.12,1.00
2016.08.04 14:58:02.018,1.03914,1.0393,3.75,1.00
2016.08.04 14:58:02.070,1.03917,1.0393,1.00,1.00
2016.08.04 14:58:02.122,1.03917,1.03932,1.37,2.25
2016.08.04 14:58:02.174,1.03917,1.03932,1.37,1.00
2016.08.04 14:58:02.226,1.03917,1.03931,2.25,1.00
2016.08.04 14:58:02.277,1.03917,1.03931,1.50,1.00
2016.08.04 14:58:02.329,1.03917,1.03931,1.00,1.00
2016.08.04 14:58:02.531,1.03917,1.03933,1.12,1.00
2016.08.04 14:58:02.852,1.03917,1.03933,1.00,1.00
2016.08.04 14:58:03.322,1.03918,1.03932,1.00,1.00
2016.08.04 14:58:03.424,1.03918,1.03932,1.50,1.00
2016.08.04 14:58:03.475,1.03921,1.03933,1.00,1.50
2016.08.04 14:58:03.526,1.03921,1.03933,1.00,1.00
2016.08.04 14:58:03.578,1.0392,1.03932,1.00,1.00
2016.08.04 14:58:03.680,1.03921,1.03933,1.00,1.00
2016.08.04 14:58:04.188,1.0392,1.03932,1.00,1.00
2016.08.04 14:58:04.683,1.03918,1.03931,1.00,1.00
2016.08.04 14:58:04.886,1.03919,1.03931,1.00,1.00
2016.08.04 14:58:04.988,1.03919,1.03931,1.00,1.00
2016.08.04 14:58:05.090,1.03917,1.03932,1.50,1.00
2016.08.04 14:58:05.141,1.03917,1.03931,1.50,1.00
2016.08.04 14:58:05.192,1.03917,1.03931,1.00,1.50
2016.08.04 14:58:05.458,1.03917,1.0393,1.00,1.00
2016.08.04 14:58:05.510,1.03916,1.0393,1.12,1.50
2016.08.04 14:58:05.612,1.03915,1.0393,1.37,1.50
2016.08.04 14:58:05.663,1.03915,1.0393,1.50,1.50
2016.08.04 14:58:05.990,1.03917,1.0393,1.00,1.50
2016.08.04 14:58:06.042,1.03917,1.0393,1.00,1.00
2016.08.04 14:58:06.093,1.03916,1.03929,1.12,1.00
2016.08.04 14:58:06.705,1.03915,1.0393,1.50,1.50
2016.08.04 14:58:06.756,1.03915,1.0393,1.37,1.50
2016.08.04 14:58:06.822,1.03915,1.0393,1.37,1.00
2016.08.04 14:58:06.924,1.03915,1.03929,1.37,1.00
2016.08.04 14:58:06.975,1.03915,1.03928,1.00,1.00
2016.08.04 14:58:07.026,1.03915,1.03928,1.00,1.50
2016.08.04 14:58:07.290,1.03914,1.03927,1.87,1.00
2016.08.04 14:58:07.392,1.03914,1.03928,1.12,1.50
2016.08.04 14:58:07.495,1.03914,1.03928,1.00,1.00
2016.08.04 14:58:07.749,1.03914,1.03928,1.00,1.12
2016.08.04 14:58:07.800,1.03914,1.03928,1.00,1.69
2016.08.04 14:58:08.298,1.03913,1.03926,1.00,1.00
2016.08.04 14:58:10.292,1.03913,1.03927,1.00,1.00
2016.08.04 14:58:10.638,1.03913,1.03928,1.00,2.25
2016.08.04 14:58:10.740,1.03913,1.03928,1.00,2.25
2016.08.04 14:58:10.791,1.03915,1.03928,1.00,1.00
2016.08.04 14:58:10.910,1.03917,1.03928,1.00,1.00
2016.08.04 14:58:10.964,1.03917,1.03931,1.00,1.12
2016.08.04 14:58:11.015,1.03919,1.03931,1.00,1.12
2016.08.04 14:58:11.067,1.03919,1.03933,1.00,3.00
2016.08.04 14:58:11.118,1.03918,1.03933,1.00,3.00
2016.08.04 14:58:11.169,1.03918,1.03933,1.00,2.25
2016.08.04 14:58:11.272,1.03918,1.03932,1.00,1.50
2016.08.04 14:58:11.377,1.03918,1.03932,1.00,1.50
2016.08.04 14:58:11.429,1.03917,1.03932,1.00,2.25
2016.08.04 14:58:11.480,1.03917,1.03932,1.00,1.87
2016.08.04 14:58:11.531,1.03919,1.03932,1.00,1.50
2016.08.04 14:58:11.634,1.03919,1.03932,1.00,1.50
2016.08.04 14:58:12.044,1.03919,1.03932,1.00,1.00
2016.08.04 14:58:12.198,1.03919,1.03932,1.00,1.00
2016.08.04 14:58:13.364,1.03919,1.03932,1.00,1.00
2016.08.04 14:58:13.466,1.03919,1.03932,1.00,1.12
2016.08.04 14:58:13.697,1.03919,1.03932,1.00,1.12
2016.08.04 14:58:13.748,1.03919,1.03931,1.00,1.00
2016.08.04 14:58:13.799,1.03914,1.03929,1.25,1.00
2016.08.04 14:58:13.850,1.03914,1.03929,1.87,1.00
2016.08.04 14:58:13.902,1.03914,1.03929,1.87,1.00
2016.08.04 14:58:13.954,1.03914,1.03924,1.00,1.00
2016.08.04 14:58:14.005,1.03912,1.03924,1.50,1.00
2016.08.04 14:58:14.056,1.03912,1.03925,1.50,1.00
2016.08.04 14:58:14.108,1.03911,1.03924,1.75,1.00
2016.08.04 14:58:14.210,1.03908,1.03923,1.50,1.00
2016.08.04 14:58:14.262,1.03908,1.03923,1.50,1.00
2016.08.04 14:58:14.475,1.03908,1.03924,2.25,1.00
2016.08.04 14:58:14.577,1.03908,1.03924,3.00,1.00
2016.08.04 14:58:14.628,1.03908,1.03923,2.25,1.00
2016.08.04 14:58:14.730,1.03911,1.03924,1.00,1.00
2016.08.04 14:58:14.832,1.03909,1.03923,1.12,1.00
2016.08.04 14:58:14.883,1.03909,1.03923,1.50,1.00
2016.08.04 14:58:15.035,1.03911,1.03924,1.00,1.00
2016.08.04 14:58:15.086,1.03911,1.03924,1.12,1.00
2016.08.04 14:58:15.137,1.03912,1.03925,1.00,1.00
2016.08.04 14:58:15.498,1.03911,1.03924,1.12,1.00
2016.08.04 14:58:15.549,1.03911,1.03926,1.12,1.12
2016.08.04 14:58:15.600,1.03911,1.03925,1.00,1.00
2016.08.04 14:58:15.651,1.03911,1.03925,1.00,1.50
2016.08.04 14:58:15.966,1.03911,1.03925,1.00,1.50
2016.08.04 14:58:16.068,1.03911,1.03925,1.00,1.00
2016.08.04 14:58:16.196,1.03909,1.03925,1.12,1.00
2016.08.04 14:58:16.411,1.03909,1.03925,1.12,1.50
2016.08.04 14:58:16.644,1.03909,1.03923,1.12,1.00
2016.08.04 14:58:16.899,1.0391,1.03923,1.00,1.00
2016.08.04 14:58:17.057,1.0391,1.03923,1.00,1.00
2016.08.04 14:58:17.108,1.03913,1.03926,1.00,1.87
2016.08.04 14:58:17.159,1.03913,1.03926,1.00,1.87
2016.08.04 14:58:17.374,1.03913,1.03926,1.00,1.87
2016.08.04 14:58:17.632,1.03911,1.03926,1.69,1.87
2016.08.04 14:58:17.734,1.03911,1.03926,1.69,1.12
2016.08.04 14:58:17.989,1.03911,1.03927,1.69,2.25
2016.08.04 14:58:18.197,1.03911,1.03927,1.25,2.25
2016.08.04 14:58:18.249,1.0391,1.03925,2.81,1.00
2016.08.04 14:58:18.300,1.03913,1.03926,1.00,1.00
2016.08.04 14:58:18.834,1.03912,1.03927,1.00,1.00
2016.08.04 14:58:19.262,1.03912,1.03927,1.00,1.50
2016.08.04 14:58:20.066,1.03912,1.03927,1.00,1.00
2016.08.04 14:58:20.117,1.03912,1.03927,1.12,1.00
2016.08.04 14:58:20.168,1.03912,1.03927,1.12,1.50
2016.08.04 14:58:20.219,1.03913,1.03927,1.00,1.50
2016.08.04 14:58:20.326,1.03913,1.03927,1.00,1.50
2016.08.04 14:58:20.446,1.03911,1.03927,1.87,1.50
2016.08.04 14:58:20.497,1.03911,1.03923,1.50,1.00
2016.08.04 14:58:20.548,1.03911,1.03923,1.00,1.50
2016.08.04 14:58:20.701,1.03911,1.03918,1.00,1.00
2016.08.04 14:58:20.752,1.03911,1.03918,1.00,2.25
2016.08.04 14:58:20.803,1.03905,1.03918,2.62,2.25
2016.08.04 14:58:20.854,1.03904,1.03918,1.50,2.25
2016.08.04 14:58:20.905,1.03902,1.03918,2.25,2.25
2016.08.04 14:58:20.956,1.03902,1.03918,1.12,3.00
2016.08.04 14:58:21.058,1.03902,1.03917,1.12,1.00
2016.08.04 14:58:21.110,1.03902,1.03916,1.12,1.00
2016.08.04 14:58:21.448,1.03902,1.03916,1.12,1.50
2016.08.04 14:58:21.604,1.03902,1.03915,1.12,1.00
2016.08.04 14:58:21.757,1.03902,1.03914,1.12,1.00
2016.08.04 14:58:21.859,1.03902,1.03915,1.12,1.00
2016.08.04 14:58:22.308,1.03902,1.03915,1.12,1.50
2016.08.04 14:58:22.783,1.03901,1.03915,1.50,1.50
2016.08.04 14:58:23.706,1.03901,1.03911,1.50,1.00
2016.08.04 14:58:23.757,1.03899,1.0391,2.62,1.00
2016.08.04 14:58:23.808,1.03899,1.03909,1.87,1.00
2016.08.04 14:58:23.859,1.03901,1.03905,1.00,1.00
2016.08.04 14:58:23.910,1.03896,1.03904,1.75,1.00
2016.08.04 14:58:23.961,1.03896,1.03903,1.50,1.50
2016.08.04 14:58:24.012,1.03891,1.03903,1.87,1.50
2016.08.04 14:58:24.063,1.03888,1.03902,1.75,1.00
2016.08.04 14:58:24.115,1.03887,1.03902,1.50,1.00
2016.08.04 14:58:24.166,1.03887,1.03902,1.12,1.00
2016.08.04 14:58:24.217,1.03887,1.03902,1.31,1.00
2016.08.04 14:58:24.268,1.03889,1.03903,1.00,1.50
2016.08.04 14:58:24.319,1.03888,1.03903,1.00,1.69
2016.08.04 14:58:24.370,1.03888,1.03902,1.00,1.50
2016.08.04 14:58:24.940,1.03888,1.03902,1.00,2.25
2016.08.04 14:58:25.143,1.03887,1.03901,1.87,1.00
2016.08.04 14:58:25.397,1.03887,1.03901,1.12,1.00
2016.08.04 14:58:25.448,1.03886,1.03901,3.37,1.50
2016.08.04 14:58:25.499,1.03886,1.03901,3.37,1.00
2016.08.04 14:58:25.633,1.03889,1.03902,1.00,1.50
2016.08.04 14:58:25.787,1.03889,1.03902,1.00,1.00
2016.08.04 14:58:25.838,1.0389,1.03903,1.00,1.25
2016.08.04 14:58:25.889,1.0389,1.03901,1.00,1.00
2016.08.04 14:58:26.426,1.03889,1.03902,1.00,1.00
2016.08.04 14:58:26.855,1.03891,1.03902,1.00,1.00
2016.08.04 14:58:27.182,1.03889,1.03902,1.00,1.00
2016.08.04 14:58:27.335,1.03889,1.03903,1.00,1.50
2016.08.04 14:58:27.539,1.03889,1.03903,1.00,1.00
2016.08.04 14:58:27.909,1.03889,1.03904,1.00,2.62
2016.08.04 14:58:28.100,1.03889,1.03903,1.00,1.00
2016.08.04 14:58:28.151,1.03889,1.03902,1.00,1.00
2016.08.04 14:58:28.202,1.03889,1.03902,1.37,1.00
2016.08.04 14:58:28.253,1.03889,1.03902,1.50,1.00
2016.08.04 14:58:28.762,1.03888,1.03901,1.75,1.00
2016.08.04 14:58:28.987,1.03888,1.03901,1.75,1.00
2016.08.04 14:58:29.038,1.03887,1.039,2.25,1.00
2016.08.04 14:58:29.090,1.03887,1.039,3.00,1.00
2016.08.04 14:58:29.243,1.03888,1.039,1.75,1.00
2016.08.04 14:58:29.549,1.03888,1.03901,2.25,1.00
2016.08.04 14:58:29.962,1.03889,1.03902,1.50,1.50
2016.08.04 14:58:30.064,1.03889,1.03902,1.50,1.00
2016.08.04 14:58:30.166,1.03889,1.03902,1.50,1.50
2016.08.04 14:58:30.579,1.03889,1.03902,1.50,1.00
2016.08.04 14:58:30.928,1.03889,1.03902,1.50,1.00
2016.08.04 14:58:30.979,1.03891,1.03902,1.00,1.00
2016.08.04 14:58:31.366,1.03891,1.03902,1.00,1.50
2016.08.04 14:58:31.468,1.03891,1.039,1.00,1.00
2016.08.04 14:58:31.519,1.03888,1.039,1.37,1.00
2016.08.04 14:58:31.678,1.03887,1.039,1.12,1.00
2016.08.04 14:58:32.063,1.03887,1.039,1.87,1.00
2016.08.04 14:58:32.165,1.03886,1.03898,1.50,1.00
2016.08.04 14:58:32.216,1.03886,1.03897,1.50,1.00
2016.08.04 14:58:32.268,1.03885,1.03894,1.50,1.00
2016.08.04 14:58:32.319,1.03884,1.03894,1.37,1.00
2016.08.04 14:58:32.370,1.03881,1.03893,1.37,1.50
2016.08.04 14:58:32.500,1.0388,1.03893,1.75,1.50
2016.08.04 14:58:32.552,1.0388,1.03893,1.00,2.25
2016.08.04 14:58:32.760,1.0388,1.03892,1.00,1.00
2016.08.04 14:58:32.862,1.03877,1.03892,2.62,1.50
2016.08.04 14:58:32.964,1.03877,1.03889,2.62,1.00
2016.08.04 14:58:33.016,1.03877,1.03889,1.50,1.00
2016.08.04 14:58:33.067,1.03876,1.03886,1.00,1.00
2016.08.04 14:58:33.119,1.03874,1.03886,1.50,1.00
2016.08.04 14:58:33.222,1.03874,1.03884,1.50,1.50
2016.08.04 14:58:33.378,1.03872,1.03882,1.50,1.00
2016.08.04 14:58:33.429,1.03869,1.03882,2.25,1.50
2016.08.04 14:58:33.480,1.03869,1.03881,1.12,1.00
2016.08.04 14:58:33.531,1.03869,1.03881,1.12,1.00
2016.08.04 14:58:33.582,1.03868,1.0388,1.87,1.00
2016.08.04 14:58:33.788,1.03865,1.0388,2.25,2.25
2016.08.04 14:58:33.839,1.03866,1.03879,1.00,1.00
2016.08.04 14:58:33.890,1.03864,1.03877,2.25,1.50
2016.08.04 14:58:33.942,1.03864,1.03876,1.37,1.00
2016.08.04 14:58:33.993,1.03862,1.03876,3.75,1.00
2016.08.04 14:58:34.044,1.03862,1.03876,3.37,1.50
2016.08.04 14:58:34.095,1.03862,1.03876,1.75,2.25
2016.08.04 14:58:34.147,1.03862,1.03876,1.75,1.50
2016.08.04 14:58:34.198,1.03861,1.03876,2.25,1.50
2016.08.04 14:58:34.443,1.03861,1.03874,3.37,1.00
2016.08.04 14:58:34.547,1.03861,1.03871,1.50,1.00
2016.08.04 14:58:34.650,1.03861,1.03873,1.00,1.00
2016.08.04 14:58:35.059,1.03861,1.03873,1.00,1.00
2016.08.04 14:58:35.369,1.03861,1.03873,1.00,1.00
2016.08.04 14:58:35.724,1.03861,1.03872,1.50,1.00
2016.08.04 14:58:35.775,1.03861,1.03874,1.50,2.25
2016.08.04 14:58:35.827,1.03861,1.03874,1.00,2.25
2016.08.04 14:58:35.878,1.03861,1.0387,1.00,1.00
2016.08.04 14:58:35.929,1.03861,1.0387,1.00,1.00
2016.08.04 14:58:35.980,1.03861,1.03872,1.00,1.00
2016.08.04 14:58:36.141,1.03861,1.03872,1.00,1.00
2016.08.04 14:58:36.643,1.03862,1.03872,1.00,1.00
2016.08.04 14:58:36.695,1.03862,1.03874,1.00,1.69
2016.08.04 14:58:36.746,1.03862,1.03874,1.50,1.00
2016.08.04 14:58:36.798,1.03863,1.03876,1.00,2.25
2016.08.04 14:58:36.849,1.03863,1.03875,1.00,1.00
2016.08.04 14:58:36.901,1.03863,1.03875,1.12,1.00
2016.08.04 14:58:36.953,1.03863,1.03876,1.50,1.00
2016.08.04 14:58:37.004,1.03863,1.03877,1.12,1.69
2016.08.04 14:58:37.055,1.03866,1.03877,1.00,1.50
2016.08.04 14:58:37.106,1.03866,1.03876,1.00,1.00
2016.08.04 14:58:37.239,1.03863,1.03876,1.00,1.00
2016.08.04 14:58:37.292,1.03863,1.03875,1.00,1.00
2016.08.04 14:58:37.395,1.03863,1.03876,1.50,2.25
2016.08.04 14:58:38.160,1.03863,1.03876,2.25,2.25
2016.08.04 14:58:38.271,1.03863,1.03876,2.25,1.50
2016.08.04 14:58:38.373,1.03863,1.03875,1.50,1.00
2016.08.04 14:58:38.475,1.03863,1.03875,1.50,1.00
2016.08.04 14:58:39.192,1.03864,1.03876,1.00,3.00
2016.08.04 14:58:39.345,1.03864,1.03876,1.00,2.25
2016.08.04 14:58:39.499,1.03864,1.03874,1.00,1.00
2016.08.04 14:58:39.601,1.03864,1.03874,1.00,1.00
2016.08.04 14:58:39.653,1.03867,1.03874,1.00,1.00
2016.08.04 14:58:39.705,1.03867,1.03879,1.50,1.50
2016.08.04 14:58:39.757,1.03868,1.03879,1.00,1.50
2016.08.04 14:58:40.111,1.03867,1.03878,1.50,1.00
2016.08.04 14:58:40.162,1.03867,1.03879,1.50,1.50
2016.08.04 14:58:40.335,1.03867,1.03879,1.50,1.00
2016.08.04 14:58:40.641,1.03867,1.03879,1.50,1.50
2016.08.04 14:58:40.745,1.03867,1.03879,1.00,1.50
2016.08.04 14:58:41.185,1.03867,1.03878,1.00,1.00
2016.08.04 14:58:41.589,1.03869,1.0388,1.12,1.42
2016.08.04 14:58:41.640,1.03869,1.0388,1.50,1.42
2016.08.04 14:58:41.742,1.03869,1.03881,1.50,1.67
2016.08.04 14:58:41.947,1.03871,1.03881,1.00,1.67
2016.08.04 14:58:42.147,1.03872,1.03882,1.00,3.67
2016.08.04 14:58:42.199,1.03872,1.03882,2.62,1.67
2016.08.04 14:58:42.250,1.03872,1.03881,1.50,1.67
2016.08.04 14:58:42.302,1.03871,1.03881,1.75,3.67
2016.08.04 14:58:42.353,1.03868,1.0388,2.25,1.67
2016.08.04 14:58:42.405,1.03868,1.0388,1.75,1.67
2016.08.04 14:58:42.507,1.03871,1.0388,1.37,1.67
2016.08.04 14:58:42.558,1.03871,1.0388,1.00,1.67
2016.08.04 14:58:42.711,1.03871,1.0388,1.00,1.42
2016.08.04 14:58:42.762,1.03872,1.03881,1.00,1.67
2016.08.04 14:58:42.813,1.03872,1.03881,1.00,1.00
2016.08.04 14:58:42.989,1.03872,1.03885,1.00,2.17
2016.08.04 14:58:43.042,1.03872,1.03885,1.37,2.92
2016.08.04 14:58:43.093,1.03872,1.03885,1.37,2.17
2016.08.04 14:58:43.145,1.03872,1.03885,1.37,1.67
2016.08.04 14:58:44.079,1.03871,1.03884,2.25,1.42
2016.08.04 14:58:44.436,1.03872,1.03884,1.37,1.42
2016.08.04 14:58:44.779,1.03872,1.03883,1.37,1.00
2016.08.04 14:58:44.968,1.03873,1.03883,1.12,1.00
2016.08.04 14:58:45.070,1.03871,1.03882,1.37,1.67
2016.08.04 14:58:45.172,1.03872,1.03882,1.00,1.67
2016.08.04 14:58:45.274,1.0387,1.03882,1.12,1.67
2016.08.04 14:58:45.376,1.03871,1.03882,1.00,2.17
2016.08.04 14:58:45.531,1.03871,1.03882,1.00,1.67
2016.08.04 14:58:45.584,1.03871,1.03883,1.12,1.00
2016.08.04 14:58:45.635,1.03871,1.03884,1.12,1.42
2016.08.04 14:58:45.687,1.03869,1.03883,2.25,1.00
2016.08.04 14:58:45.803,1.0387,1.03882,1.37,1.00
2016.08.04 14:58:45.856,1.0387,1.03882,1.00,1.50
2016.08.04 14:58:45.908,1.0387,1.03882,1.00,1.00
2016.08.04 14:58:45.961,1.0387,1.03883,1.00,2.92
2016.08.04 14:58:46.485,1.03871,1.03883,1.00,3.67
2016.08.04 14:58:46.587,1.03872,1.03883,1.00,3.67
2016.08.04 14:58:46.777,1.03871,1.03883,1.50,2.92
2016.08.04 14:58:47.087,1.03871,1.03881,1.00,1.42
2016.08.04 14:58:47.190,1.03869,1.03881,1.50,1.42
2016.08.04 14:58:47.292,1.03869,1.03881,1.00,1.67
2016.08.04 14:58:47.344,1.03869,1.0388,1.00,1.42
2016.08.04 14:58:47.446,1.03869,1.03879,1.00,1.00
2016.08.04 14:58:47.498,1.03868,1.03879,1.37,1.00
2016.08.04 14:58:47.549,1.03868,1.03879,1.00,1.00
2016.08.04 14:58:47.600,1.03867,1.03879,1.12,1.50
2016.08.04 14:58:47.791,1.03867,1.03878,1.12,1.42
2016.08.04 14:58:47.894,1.03867,1.03878,1.12,1.42
2016.08.04 14:58:48.149,1.03867,1.03878,1.87,1.42
2016.08.04 14:58:48.757,1.03867,1.03879,1.12,2.92
2016.08.04 14:58:48.808,1.03867,1.03879,1.12,2.17
2016.08.04 14:58:49.459,1.03867,1.03878,1.12,1.42
2016.08.04 14:58:49.573,1.03867,1.03878,1.12,1.67
2016.08.04 14:58:49.655,1.03867,1.03878,1.12,2.17
2016.08.04 14:58:50.052,1.03867,1.03877,1.12,2.17
2016.08.04 14:58:50.103,1.03864,1.03877,1.75,2.17
2016.08.04 14:58:50.206,1.03864,1.03877,1.37,2.17
2016.08.04 14:58:50.258,1.03863,1.03877,1.12,2.17
2016.08.04 14:58:50.309,1.03863,1.03877,1.12,2.92
2016.08.04 14:58:50.412,1.03865,1.03877,1.00,2.17
2016.08.04 14:58:50.463,1.03865,1.03877,1.00,1.42
2016.08.04 14:58:50.770,1.03865,1.03877,1.00,2.17
2016.08.04 14:58:50.821,1.03865,1.03876,1.00,1.42
2016.08.04 14:58:50.924,1.03865,1.03875,1.00,1.00
2016.08.04 14:58:51.173,1.03867,1.03875,1.00,1.00
2016.08.04 14:58:51.463,1.03865,1.03875,1.00,1.00
2016.08.04 14:58:51.565,1.03866,1.03875,1.00,1.00
2016.08.04 14:58:51.667,1.03866,1.03878,1.00,2.17
2016.08.04 14:58:51.718,1.03866,1.03878,1.00,1.42
2016.08.04 14:58:51.871,1.03865,1.03878,1.00,1.42
2016.08.04 14:58:51.922,1.03865,1.03878,1.00,2.17
2016.08.04 14:58:52.179,1.03864,1.03877,1.50,1.00
2016.08.04 14:58:52.230,1.03864,1.03877,1.50,1.00
2016.08.04 14:58:52.434,1.03864,1.03877,1.50,1.00
2016.08.04 14:58:52.535,1.03864,1.03877,1.00,1.50
2016.08.04 14:58:52.587,1.03864,1.03877,1.00,1.00
2016.08.04 14:58:52.846,1.03864,1.03877,1.00,1.00
2016.08.04 14:58:53.031,1.03864,1.03878,1.00,1.42
2016.08.04 14:58:53.083,1.03863,1.03877,1.87,1.00
2016.08.04 14:58:53.247,1.03863,1.03877,1.87,1.50
2016.08.04 14:58:53.720,1.03863,1.03877,1.87,2.17
2016.08.04 14:58:53.924,1.03863,1.03877,1.12,2.17
2016.08.04 14:58:54.025,1.03863,1.03877,1.12,1.42
2016.08.04 14:58:54.182,1.03863,1.03877,1.87,1.42
2016.08.04 14:58:54.233,1.03863,1.03878,1.87,2.17
2016.08.04 14:58:54.285,1.03863,1.03876,1.87,1.00
2016.08.04 14:58:54.618,1.03863,1.03876,2.62,1.00
2016.08.04 14:58:54.670,1.03867,1.03876,1.00,1.00
2016.08.04 14:58:54.721,1.03867,1.03878,1.00,1.50
2016.08.04 14:58:54.772,1.03867,1.03878,1.00,1.00
2016.08.04 14:58:54.825,1.03867,1.03879,1.00,2.92
2016.08.04 14:58:54.884,1.03864,1.03879,1.00,2.92
2016.08.04 14:58:54.935,1.03864,1.03879,1.50,2.92
2016.08.04 14:58:54.986,1.03867,1.03879,1.00,1.50
2016.08.04 14:58:55.110,1.03867,1.03879,1.50,1.50
2016.08.04 14:58:55.161,1.03867,1.03879,1.50,1.00
2016.08.04 14:58:55.274,1.03869,1.03879,1.00,1.00
2016.08.04 14:58:55.427,1.03869,1.03882,1.50,1.37
2016.08.04 14:58:55.478,1.03873,1.03882,1.00,1.00
2016.08.04 14:58:55.530,1.03873,1.03884,1.50,1.00
2016.08.04 14:58:55.581,1.03874,1.03884,1.00,1.00
2016.08.04 14:58:55.632,1.03875,1.03888,1.00,3.26
2016.08.04 14:58:55.684,1.03877,1.03887,1.00,1.00
2016.08.04 14:58:55.895,1.03876,1.03888,1.00,1.50
2016.08.04 14:58:55.997,1.03876,1.03888,3.00,1.00
2016.08.04 14:58:56.048,1.03877,1.03888,1.00,1.00
2016.08.04 14:58:56.201,1.03877,1.03888,1.12,1.00
2016.08.04 14:58:56.252,1.03878,1.03888,1.00,1.00
2016.08.04 14:58:56.303,1.03878,1.03888,1.12,1.00
2016.08.04 14:58:56.456,1.03879,1.03888,2.25,1.00
2016.08.04 14:58:56.507,1.03879,1.03888,3.37,1.00
2016.08.04 14:58:56.559,1.03882,1.03888,1.00,1.00
2016.08.04 14:58:56.994,1.03883,1.03895,1.00,1.99
2016.08.04 14:58:57.503,1.03884,1.03895,1.00,1.99
2016.08.04 14:58:57.663,1.03884,1.03896,1.00,1.69
2016.08.04 14:58:57.715,1.03884,1.03896,1.00,1.56
2016.08.04 14:58:57.767,1.03884,1.03896,1.00,1.37
2016.08.04 14:58:57.818,1.03884,1.03896,1.00,1.00
2016.08.04 14:58:57.921,1.03886,1.03897,1.00,1.00
2016.08.04 14:58:58.075,1.03886,1.03899,1.00,2.25
2016.08.04 14:58:58.126,1.03886,1.03898,1.00,1.00
2016.08.04 14:58:58.178,1.03886,1.03898,1.00,1.50
2016.08.04 14:58:58.229,1.03886,1.03898,1.00,1.00
2016.08.04 14:58:58.331,1.03887,1.03899,1.87,1.00
2016.08.04 14:58:58.486,1.03891,1.03899,1.00,1.00
2016.08.04 14:58:58.537,1.03891,1.03904,1.00,1.00
2016.08.04 14:58:58.589,1.03891,1.03904,2.25,1.00
2016.08.04 14:58:58.640,1.03891,1.03904,3.00,1.00
2016.08.04 14:58:58.692,1.03892,1.03904,1.12,1.00
2016.08.04 14:58:58.795,1.03893,1.03905,1.00,1.00
2016.08.04 14:58:58.998,1.03893,1.03905,1.50,1.00
2016.08.04 14:58:59.202,1.03894,1.03906,1.00,1.50
2016.08.04 14:58:59.253,1.03894,1.03906,1.50,1.00
2016.08.04 14:58:59.463,1.03894,1.03908,1.50,2.25
2016.08.04 14:58:59.685,1.03894,1.03908,1.00,2.25
2016.08.04 14:58:59.840,1.03896,1.03908,1.00,2.25
2016.08.04 14:58:59.961,1.03896,1.03908,1.00,1.50
2016.08.04 14:59:00.063,1.03896,1.03908,1.00,1.50
2016.08.04 14:59:00.114,1.03895,1.03907,1.50,1.00
2016.08.04 14:59:00.165,1.03895,1.03907,1.00,1.19
2016.08.04 14:59:00.216,1.03894,1.03906,1.00,1.25
2016.08.04 14:59:00.318,1.03893,1.03908,1.12,1.69
2016.08.04 14:59:00.518,1.03893,1.03908,1.00,1.69
2016.08.04 14:59:00.830,1.03892,1.03906,1.12,1.25
2016.08.04 14:59:01.376,1.03896,1.03908,1.50,1.00
2016.08.04 14:59:01.444,1.03896,1.03911,3.00,1.12
2016.08.04 14:59:01.495,1.03898,1.03911,1.50,1.00
2016.08.04 14:59:01.546,1.03898,1.03911,1.00,1.00
2016.08.04 14:59:01.903,1.03899,1.03912,1.00,1.00
2016.08.04 14:59:02.106,1.03897,1.03911,1.87,1.00
2016.08.04 14:59:02.157,1.03897,1.03911,2.62,1.00
2016.08.04 14:59:02.330,1.03899,1.03912,1.50,1.00
2016.08.04 14:59:02.381,1.03902,1.03912,1.00,1.00
2016.08.04 14:59:02.432,1.03903,1.03915,1.00,1.31
2016.08.04 14:59:02.484,1.03903,1.03915,1.00,1.25
2016.08.04 14:59:02.535,1.039,1.03913,1.50,1.00
2016.08.04 14:59:02.638,1.039,1.03916,1.00,1.50
2016.08.04 14:59:02.689,1.039,1.03916,2.25,1.00
2016.08.04 14:59:02.740,1.039,1.03916,1.50,1.00
2016.08.04 14:59:02.791,1.039,1.03918,1.87,1.50
2016.08.04 14:59:02.893,1.039,1.03918,2.62,1.50
2016.08.04 14:59:03.088,1.039,1.03918,1.87,1.50
2016.08.04 14:59:03.669,1.039,1.03916,1.87,1.00
2016.08.04 14:59:03.720,1.039,1.03916,1.12,1.00
2016.08.04 14:59:04.398,1.03903,1.03916,1.00,1.50
2016.08.04 14:59:04.449,1.03903,1.03916,1.00,1.87
2016.08.04 14:59:05.068,1.03903,1.03916,1.00,1.50
2016.08.04 14:59:05.589,1.03902,1.03916,1.00,1.50
2016.08.04 14:59:06.244,1.039,1.03915,1.12,1.50
2016.08.04 14:59:06.744,1.039,1.03915,1.12,1.00
2016.08.04 14:59:06.963,1.039,1.03915,1.12,1.25
2016.08.04 14:59:07.107,1.039,1.03916,1.12,1.69
2016.08.04 14:59:07.907,1.03902,1.03916,1.00,1.19
2016.08.04 14:59:08.060,1.03902,1.03917,1.00,2.44
2016.08.04 14:59:08.213,1.039,1.03915,1.12,1.25
2016.08.04 14:59:08.344,1.03901,1.03916,1.00,1.69
2016.08.04 14:59:08.400,1.03901,1.03916,1.00,1.19
2016.08.04 14:59:09.150,1.03904,1.03916,1.00,1.19
2016.08.04 14:59:09.716,1.03901,1.03917,1.00,1.69
2016.08.04 14:59:10.108,1.03903,1.03915,1.00,1.25
2016.08.04 14:59:10.626,1.03903,1.03915,1.00,1.19
2016.08.04 14:59:11.134,1.03902,1.03914,1.00,1.19
2016.08.04 14:59:11.208,1.03901,1.03916,1.00,2.44
2016.08.04 14:59:11.311,1.03901,1.03915,1.00,1.19
2016.08.04 14:59:11.655,1.039,1.03914,1.12,1.19
2016.08.04 14:59:11.706,1.039,1.03914,1.12,1.69
2016.08.04 14:59:12.012,1.03899,1.03911,1.12,1.00
2016.08.04 14:59:12.063,1.03899,1.03911,1.00,1.19
2016.08.04 14:59:12.115,1.03898,1.03911,1.12,1.19
2016.08.04 14:59:12.320,1.03896,1.03911,2.25,1.19
2016.08.04 14:59:12.524,1.03896,1.03911,1.12,1.69
2016.08.04 14:59:12.575,1.03896,1.03911,1.00,1.69
2016.08.04 14:59:12.627,1.03895,1.0391,2.62,1.19
2016.08.04 14:59:12.734,1.03895,1.03908,1.00,1.19
2016.08.04 14:59:12.788,1.03894,1.03908,1.00,1.69
2016.08.04 14:59:12.891,1.03893,1.03908,1.00,3.94
2016.08.04 14:59:12.993,1.03893,1.03908,1.00,3.19
2016.08.04 14:59:13.095,1.03893,1.03908,1.00,2.44
2016.08.04 14:59:13.146,1.03891,1.03906,2.25,1.19
2016.08.04 14:59:13.198,1.03891,1.03906,2.62,1.19
2016.08.04 14:59:13.456,1.03892,1.03907,1.00,1.19
2016.08.04 14:59:13.970,1.03891,1.03906,2.25,1.19
2016.08.04 14:59:14.072,1.03891,1.03906,1.87,1.19
2016.08.04 14:59:14.123,1.03893,1.03907,1.00,1.56
2016.08.04 14:59:14.174,1.03893,1.03908,1.50,2.06
2016.08.04 14:59:14.226,1.03894,1.03907,1.00,1.00
2016.08.04 14:59:14.277,1.03894,1.03907,1.00,1.00
2016.08.04 14:59:14.328,1.03893,1.03908,2.25,1.25
2016.08.04 14:59:14.535,1.03895,1.03908,1.00,1.25
2016.08.04 14:59:14.590,1.03895,1.03908,1.00,1.19
2016.08.04 14:59:14.642,1.03893,1.03907,1.50,1.19
2016.08.04 14:59:14.698,1.03893,1.03907,1.50,1.19
2016.08.04 14:59:14.750,1.03893,1.03907,1.50,1.19
2016.08.04 14:59:14.854,1.03894,1.03909,1.00,2.44
2016.08.04 14:59:15.007,1.03894,1.03909,1.00,1.69
2016.08.04 14:59:15.271,1.03894,1.03909,1.00,2.44
2016.08.04 14:59:15.386,1.03894,1.03908,1.00,1.69
2016.08.04 14:59:15.540,1.03895,1.03908,1.00,1.69
2016.08.04 14:59:15.592,1.03895,1.03908,1.00,1.19
2016.08.04 14:59:15.645,1.03896,1.03908,1.12,1.19
2016.08.04 14:59:15.698,1.03896,1.0391,1.12,2.44
2016.08.04 14:59:15.750,1.03895,1.03908,1.00,1.19
2016.08.04 14:59:16.107,1.03895,1.03907,1.00,1.19
2016.08.04 14:59:16.396,1.03893,1.03906,1.00,1.19
2016.08.04 14:59:16.755,1.03893,1.03906,1.00,1.19
2016.08.04 14:59:16.806,1.03893,1.03904,1.00,1.00
2016.08.04 14:59:16.857,1.0389,1.03902,2.25,1.00
2016.08.04 14:59:16.908,1.0389,1.03902,2.25,1.19
2016.08.04 14:59:16.960,1.0389,1.03903,1.00,1.19
2016.08.04 14:59:17.011,1.03887,1.03902,4.12,1.19
2016.08.04 14:59:17.062,1.03888,1.03901,1.50,1.19
2016.08.04 14:59:17.269,1.03888,1.03901,1.37,1.19
2016.08.04 14:59:17.321,1.03888,1.03902,2.25,1.19
2016.08.04 14:59:17.588,1.03888,1.03903,2.25,1.69
2016.08.04 14:59:17.791,1.03888,1.03902,2.25,1.19
2016.08.04 14:59:17.842,1.03891,1.03902,1.00,1.19
2016.08.04 14:59:18.097,1.03891,1.03903,1.00,1.69
2016.08.04 14:59:18.148,1.0389,1.03902,1.00,1.19
2016.08.04 14:59:18.284,1.0389,1.03902,1.00,1.69
2016.08.04 14:59:18.335,1.03888,1.03902,1.37,1.69
2016.08.04 14:59:18.386,1.03888,1.03902,1.37,2.44
2016.08.04 14:59:18.489,1.03888,1.03902,1.37,1.69
2016.08.04 14:59:18.540,1.03888,1.039,2.25,1.19
2016.08.04 14:59:18.643,1.03886,1.039,3.00,1.69
2016.08.04 14:59:18.694,1.03886,1.03898,3.00,1.00
2016.08.04 14:59:18.745,1.03886,1.03899,1.00,1.25
2016.08.04 14:59:18.796,1.03885,1.039,1.00,1.19
2016.08.04 14:59:18.847,1.03886,1.03899,1.00,1.19
2016.08.04 14:59:18.950,1.03887,1.03901,1.00,1.69
2016.08.04 14:59:19.001,1.03886,1.03901,1.50,1.69
2016.08.04 14:59:19.051,1.03886,1.03901,1.87,1.69
2016.08.04 14:59:19.103,1.03887,1.03901,1.50,1.19
2016.08.04 14:59:19.333,1.03887,1.03901,1.12,1.19
2016.08.04 14:59:19.384,1.03887,1.039,1.12,1.25
2016.08.04 14:59:19.882,1.03886,1.039,2.25,1.19
2016.08.04 14:59:19.933,1.03886,1.039,2.25,1.69
2016.08.04 14:59:19.985,1.03887,1.039,1.12,1.19
2016.08.04 14:59:20.036,1.0389,1.03902,1.00,1.19
2016.08.04 14:59:20.087,1.0389,1.03903,1.00,1.69
2016.08.04 14:59:20.138,1.0389,1.03902,1.00,1.19
2016.08.04 14:59:20.455,1.03891,1.03903,2.25,1.19
2016.08.04 14:59:20.507,1.03892,1.03905,1.00,1.19
2016.08.04 14:59:20.558,1.03896,1.03907,1.00,1.19
2016.08.04 14:59:20.609,1.03896,1.03908,1.00,1.19
2016.08.04 14:59:20.660,1.03897,1.03909,1.50,1.19
2016.08.04 14:59:20.711,1.03897,1.0391,1.50,1.19
2016.08.04 14:59:20.762,1.03897,1.03911,1.50,1.31
2016.08.04 14:59:20.813,1.03897,1.03911,1.50,2.06
2016.08.04 14:59:20.864,1.03898,1.03911,1.00,1.69
2016.08.04 14:59:20.915,1.03898,1.0391,1.00,1.19
2016.08.04 14:59:20.966,1.03896,1.0391,1.50,1.69
2016.08.04 14:59:21.017,1.03897,1.0391,1.00,1.19
2016.08.04 14:59:21.137,1.03896,1.0391,1.50,1.19
2016.08.04 14:59:21.188,1.03896,1.0391,2.25,1.00
2016.08.04 14:59:21.551,1.03896,1.03908,1.00,1.00
2016.08.04 14:59:21.603,1.03896,1.03909,1.00,1.69
2016.08.04 14:59:21.655,1.03894,1.03909,1.87,1.69
2016.08.04 14:59:21.707,1.03894,1.03907,1.37,1.19
2016.08.04 14:59:21.758,1.03892,1.03905,3.00,1.00
2016.08.04 14:59:21.861,1.03891,1.03904,1.50,1.00
2016.08.04 14:59:21.964,1.03889,1.03902,1.12,1.00
2016.08.04 14:59:22.163,1.03891,1.03902,1.00,1.00
2016.08.04 14:59:22.215,1.03891,1.03904,1.00,1.00
2016.08.04 14:59:22.317,1.03891,1.03904,1.00,1.50
2016.08.04 14:59:22.368,1.03892,1.03904,1.50,1.50
2016.08.04 14:59:22.419,1.03892,1.03904,1.50,1.00
2016.08.04 14:59:22.471,1.03892,1.03905,1.00,1.00
2016.08.04 14:59:22.522,1.03892,1.03906,1.12,1.31
2016.08.04 14:59:22.574,1.03892,1.03906,1.50,1.25
2016.08.04 14:59:22.625,1.03892,1.03906,1.12,1.25
2016.08.04 14:59:22.728,1.03892,1.03906,1.12,1.69
2016.08.04 14:59:23.244,1.03892,1.03905,1.12,1.25
2016.08.04 14:59:23.295,1.03891,1.03905,1.87,1.25
2016.08.04 14:59:23.347,1.03891,1.03905,1.50,1.25
2016.08.04 14:59:23.450,1.03891,1.03906,1.50,1.19
2016.08.04 14:59:23.501,1.03891,1.03905,1.50,1.69
2016.08.04 14:59:23.552,1.0389,1.03905,1.00,1.69
2016.08.04 14:59:23.603,1.0389,1.03905,1.50,1.25
2016.08.04 14:59:23.655,1.03891,1.03905,1.00,1.25
2016.08.04 14:59:23.859,1.0389,1.03905,1.00,1.25
2016.08.04 14:59:24.007,1.03889,1.03905,3.00,1.25
2016.08.04 14:59:24.263,1.03889,1.03904,3.00,1.19
2016.08.04 14:59:24.314,1.0389,1.03905,1.00,1.19
2016.08.04 14:59:24.366,1.0389,1.03903,1.00,1.19
2016.08.04 14:59:24.468,1.03888,1.03901,1.37,1.19
2016.08.04 14:59:24.570,1.03888,1.03901,1.00,1.19
2016.08.04 14:59:24.621,1.03887,1.03901,2.25,1.69
2016.08.04 14:59:24.876,1.03887,1.03901,1.50,1.69
2016.08.04 14:59:25.006,1.03887,1.03899,1.50,1.00
2016.08.04 14:59:25.108,1.03886,1.03901,2.25,1.19
2016.08.04 14:59:25.159,1.03887,1.03901,1.50,1.19
2016.08.04 14:59:25.260,1.03887,1.03901,1.00,1.19
2016.08.04 14:59:25.413,1.03887,1.039,1.00,1.25
2016.08.04 14:59:25.464,1.03887,1.039,1.00,1.19
2016.08.04 14:59:25.769,1.03887,1.03898,1.00,1.25
2016.08.04 14:59:25.870,1.03886,1.03899,1.00,1.19
2016.08.04 14:59:25.921,1.03886,1.03899,1.50,1.19
2016.08.04 14:59:26.156,1.03886,1.03899,2.25,1.19
2016.08.04 14:59:26.208,1.03886,1.039,1.50,1.31
2016.08.04 14:59:26.463,1.03886,1.039,2.25,1.31
2016.08.04 14:59:27.221,1.03886,1.03902,2.25,2.81
2016.08.04 14:59:27.272,1.03887,1.03902,1.00,2.81
2016.08.04 14:59:27.323,1.03887,1.03902,1.00,2.44
2016.08.04 14:59:27.441,1.03886,1.03902,2.25,2.44
2016.08.04 14:59:28.291,1.03888,1.03901,1.00,1.56
2016.08.04 14:59:28.453,1.03888,1.03902,1.00,3.19
2016.08.04 14:59:28.777,1.03888,1.03902,1.00,3.19
2016.08.04 14:59:28.879,1.03887,1.03902,1.50,3.19
2016.08.04 14:59:29.780,1.03887,1.03902,1.00,3.94
2016.08.04 14:59:29.831,1.03887,1.039,1.00,1.31
2016.08.04 14:59:29.882,1.03886,1.03899,1.50,1.69
2016.08.04 14:59:29.933,1.03886,1.03899,1.50,1.19
2016.08.04 14:59:29.984,1.03886,1.039,1.00,2.06
2016.08.04 14:59:30.087,1.03886,1.039,1.50,2.06
2016.08.04 14:59:30.139,1.03886,1.03899,1.00,1.19
2016.08.04 14:59:30.191,1.03886,1.039,2.25,2.06
2016.08.04 14:59:30.243,1.03887,1.039,1.00,1.31
2016.08.04 14:59:30.294,1.03888,1.039,1.00,2.06
2016.08.04 14:59:30.396,1.03888,1.039,1.00,2.81
2016.08.04 14:59:30.448,1.03888,1.03899,1.00,1.19
2016.08.04 14:59:30.500,1.03888,1.039,1.00,2.06
2016.08.04 14:59:30.691,1.03887,1.039,1.00,2.81
2016.08.04 14:59:30.793,1.03886,1.03898,1.00,1.00
2016.08.04 14:59:30.996,1.03887,1.03899,1.00,1.25
2016.08.04 14:59:31.047,1.03887,1.039,1.00,2.06
2016.08.04 14:59:31.098,1.03887,1.03898,1.00,1.25
2016.08.04 14:59:31.659,1.03883,1.03898,1.87,1.69
2016.08.04 14:59:31.710,1.03883,1.03898,1.12,1.69
2016.08.04 14:59:31.761,1.03883,1.03898,1.12,1.25
2016.08.04 14:59:31.915,1.03883,1.03899,1.87,1.69
2016.08.04 14:59:31.966,1.03884,1.03899,1.00,2.44
2016.08.04 14:59:32.068,1.03885,1.03899,1.00,1.69
2016.08.04 14:59:32.119,1.03885,1.03899,1.00,2.06
2016.08.04 14:59:32.170,1.03883,1.03899,1.87,2.81
2016.08.04 14:59:32.221,1.03883,1.03899,1.87,2.44
2016.08.04 14:59:32.272,1.03884,1.03899,1.00,3.19
2016.08.04 14:59:32.323,1.03884,1.03899,1.00,3.56
2016.08.04 14:59:32.477,1.03884,1.03897,1.00,1.00
2016.08.04 14:59:32.622,1.03882,1.03896,3.00,1.25
2016.08.04 14:59:32.673,1.03882,1.03896,2.62,1.25
2016.08.04 14:59:32.725,1.03882,1.03894,1.87,1.00
2016.08.04 14:59:32.827,1.03882,1.03896,1.87,1.25
2016.08.04 14:59:32.879,1.03882,1.03893,1.50,1.00
2016.08.04 14:59:32.981,1.03882,1.03895,1.50,1.00
2016.08.04 14:59:33.143,1.03882,1.03892,1.50,1.00
2016.08.04 14:59:33.194,1.03882,1.03891,1.00,1.00
2016.08.04 14:59:33.450,1.03877,1.03886,2.25,1.00
2016.08.04 14:59:33.569,1.03877,1.03886,1.37,1.00
2016.08.04 14:59:33.620,1.03876,1.03885,1.12,1.00
2016.08.04 14:59:34.182,1.03876,1.03886,1.12,1.00
2016.08.04 14:59:34.233,1.03877,1.03886,1.00,1.00
2016.08.04 14:59:34.387,1.03881,1.03889,1.00,1.19
2016.08.04 14:59:34.438,1.03877,1.03889,1.00,1.19
2016.08.04 14:59:34.489,1.03877,1.0389,1.50,1.19
2016.08.04 14:59:34.631,1.03877,1.0389,1.50,1.00
2016.08.04 14:59:34.684,1.03879,1.03889,1.00,1.00
2016.08.04 14:59:34.735,1.03881,1.03891,1.00,1.25
2016.08.04 14:59:34.837,1.03881,1.03893,1.00,2.44
2016.08.04 14:59:34.892,1.03881,1.03892,1.00,1.19
2016.08.04 14:59:34.944,1.03882,1.03891,1.00,1.00
2016.08.04 14:59:35.046,1.0388,1.03891,1.00,1.00
2016.08.04 14:59:35.353,1.03879,1.03888,1.00,1.00
2016.08.04 14:59:35.405,1.03878,1.03888,1.50,1.00
2016.08.04 14:59:35.559,1.03878,1.03888,1.12,1.00
2016.08.04 14:59:35.611,1.03877,1.03888,1.00,1.00
2016.08.04 14:59:36.123,1.03877,1.03885,1.00,1.00
2016.08.04 14:59:36.329,1.03873,1.03884,1.00,1.00
2016.08.04 14:59:36.381,1.03872,1.03884,1.87,1.00
2016.08.04 14:59:36.514,1.03872,1.03883,1.12,1.19
2016.08.04 14:59:36.565,1.03872,1.03883,1.00,1.00
2016.08.04 14:59:36.668,1.03872,1.03879,1.00,1.00
2016.08.04 14:59:36.719,1.03872,1.03884,1.00,2.81
2016.08.04 14:59:36.771,1.03869,1.03881,1.00,1.25
2016.08.04 14:59:36.822,1.03869,1.03879,1.00,1.00
2016.08.04 14:59:36.873,1.03867,1.03879,1.37,1.00
2016.08.04 14:59:36.924,1.03867,1.03879,1.00,1.00
2016.08.04 14:59:37.540,1.03866,1.03879,2.25,1.00
2016.08.04 14:59:37.592,1.03866,1.03878,3.00,1.00
2016.08.04 14:59:37.643,1.03867,1.03881,1.00,1.00
2016.08.04 14:59:37.694,1.03866,1.0388,3.00,1.00
2016.08.04 14:59:37.796,1.03867,1.03881,1.00,1.00
2016.08.04 14:59:37.847,1.03872,1.03882,1.00,2.06
2016.08.04 14:59:37.950,1.03872,1.03881,1.00,1.69
2016.08.04 14:59:38.052,1.03872,1.03881,1.00,1.25
2016.08.04 14:59:38.104,1.03872,1.03878,1.00,1.00
2016.08.04 14:59:38.155,1.03867,1.0388,1.50,1.00
2016.08.04 14:59:38.257,1.03867,1.03882,2.25,1.19
2016.08.04 14:59:38.403,1.03867,1.03881,1.50,1.25
2016.08.04 14:59:38.504,1.03867,1.0388,1.50,1.00
2016.08.04 14:59:38.556,1.03867,1.0388,1.00,1.25
2016.08.04 14:59:38.827,1.03867,1.03881,1.00,1.19
2016.08.04 14:59:39.493,1.03866,1.03881,1.50,2.44
2016.08.04 14:59:39.595,1.03867,1.03881,2.25,1.69
2016.08.04 14:59:39.646,1.03867,1.03882,2.25,1.00
2016.08.04 14:59:39.697,1.03868,1.03882,1.00,1.00
2016.08.04 14:59:39.799,1.03868,1.03882,1.00,1.00
2016.08.04 14:59:39.902,1.03868,1.03882,1.00,1.25
2016.08.04 14:59:40.004,1.03869,1.03882,1.00,1.25
2016.08.04 14:59:40.055,1.03872,1.03882,1.00,1.25
2016.08.04 14:59:40.208,1.03872,1.03882,1.00,1.69
2016.08.04 14:59:40.259,1.03868,1.03882,1.00,1.69
2016.08.04 14:59:40.310,1.03868,1.03882,1.50,1.25
2016.08.04 14:59:40.511,1.03868,1.03882,1.00,1.25
2016.08.04 14:59:41.109,1.03867,1.03881,1.00,1.69
2016.08.04 14:59:41.212,1.03867,1.03881,1.00,1.19
2016.08.04 14:59:41.576,1.03867,1.03881,1.50,1.19
2016.08.04 14:59:41.677,1.03867,1.03881,2.25,1.69
2016.08.04 14:59:41.803,1.03867,1.03881,2.25,2.06
2016.08.04 14:59:41.854,1.03867,1.0388,1.00,1.19
2016.08.04 14:59:41.905,1.03866,1.0388,1.50,1.19
2016.08.04 14:59:41.956,1.03867,1.03878,1.00,1.00
2016.08.04 14:59:42.059,1.03867,1.03879,1.00,1.19
2016.08.04 14:59:42.110,1.03867,1.03877,1.00,1.25
2016.08.04 14:59:42.263,1.03866,1.03877,1.00,1.69
2016.08.04 14:59:42.673,1.03866,1.03877,1.00,2.44
2016.08.04 14:59:42.826,1.03866,1.03875,1.00,1.25
2016.08.04 14:59:42.877,1.03862,1.03874,1.12,1.00
2016.08.04 14:59:42.928,1.03862,1.03874,1.00,1.00
2016.08.04 14:59:42.979,1.03859,1.03872,1.12,1.00
2016.08.04 14:59:43.030,1.03858,1.03871,1.50,1.00
2016.08.04 14:59:43.081,1.03857,1.03871,1.87,1.69
2016.08.04 14:59:43.132,1.03857,1.03871,2.25,3.19
2016.08.04 14:59:43.183,1.03858,1.0387,1.12,1.31
2016.08.04 14:59:43.234,1.03858,1.03868,1.00,1.00
2016.08.04 14:59:43.285,1.03857,1.03868,1.00,1.25
2016.08.04 14:59:43.608,1.03856,1.03868,1.50,1.25
2016.08.04 14:59:43.659,1.03856,1.0387,2.25,2.06
2016.08.04 14:59:43.710,1.03856,1.0387,1.50,2.06
2016.08.04 14:59:43.761,1.03856,1.0387,1.50,1.31
2016.08.04 14:59:43.812,1.03856,1.0387,1.00,2.06
2016.08.04 14:59:43.915,1.03856,1.03869,1.00,1.19
2016.08.04 14:59:44.322,1.03857,1.03867,1.00,1.25
2016.08.04 14:59:44.484,1.03857,1.03867,1.00,1.19
2016.08.04 14:59:44.995,1.03857,1.03869,1.00,1.19
2016.08.04 14:59:45.046,1.03857,1.03867,1.00,1.19
2016.08.04 14:59:45.149,1.03854,1.03868,1.50,1.19
2016.08.04 14:59:45.309,1.03857,1.03867,1.00,1.00
2016.08.04 14:59:45.366,1.03856,1.03867,1.00,1.19
2016.08.04 14:59:45.417,1.03856,1.03869,1.00,1.69
2016.08.04 14:59:45.468,1.03856,1.03868,1.00,1.19
2016.08.04 14:59:45.519,1.03856,1.03868,1.00,1.69
2016.08.04 14:59:45.621,1.03856,1.03867,1.00,1.19
2016.08.04 14:59:45.672,1.03853,1.03867,2.62,1.69
2016.08.04 14:59:45.723,1.03853,1.03867,1.12,1.69
2016.08.04 14:59:45.775,1.03852,1.03865,1.50,1.19
2016.08.04 14:59:45.826,1.03851,1.03863,2.17,1.19
2016.08.04 14:59:45.877,1.03851,1.03863,1.00,1.19
2016.08.04 14:59:46.198,1.03851,1.03864,1.00,1.31
2016.08.04 14:59:46.353,1.03851,1.03862,1.00,1.19
2016.08.04 14:59:46.404,1.03851,1.03864,1.00,1.31
2016.08.04 14:59:46.457,1.03851,1.03863,1.00,1.19
2016.08.04 14:59:46.661,1.03852,1.03865,1.00,2.44
2016.08.04 14:59:47.323,1.03852,1.03865,1.00,1.69
2016.08.04 14:59:47.426,1.03856,1.03866,1.00,1.19
2016.08.04 14:59:47.528,1.03857,1.03868,1.00,1.19
2016.08.04 14:59:47.581,1.03857,1.03869,1.00,2.81
2016.08.04 14:59:47.632,1.03857,1.03869,1.00,2.06
2016.08.04 14:59:47.736,1.03861,1.03869,1.00,1.19
2016.08.04 14:59:47.787,1.03861,1.03869,1.00,1.00
2016.08.04 14:59:47.996,1.03861,1.03871,1.00,1.25
2016.08.04 14:59:48.099,1.03861,1.03873,1.00,1.19
2016.08.04 14:59:48.354,1.03861,1.03875,1.50,1.31
2016.08.04 14:59:48.405,1.03862,1.03876,1.50,1.19
2016.08.04 14:59:48.457,1.03867,1.03879,1.00,3.56
2016.08.04 14:59:48.508,1.03867,1.03879,1.00,2.81
2016.08.04 14:59:48.559,1.03866,1.03879,1.00,2.44
2016.08.04 14:59:48.610,1.03866,1.03879,1.00,1.69
2016.08.04 14:59:48.661,1.03866,1.03879,1.00,1.25
2016.08.04 14:59:48.879,1.03872,1.03878,1.00,1.00
2016.08.04 14:59:48.982,1.03871,1.0388,1.00,1.19
2016.08.04 14:59:49.035,1.03871,1.03882,1.00,1.69
2016.08.04 14:59:49.087,1.03866,1.0388,1.00,1.19
2016.08.04 14:59:49.138,1.03866,1.03876,1.00,1.25
2016.08.04 14:59:49.393,1.03867,1.03877,1.00,1.19
2016.08.04 14:59:49.445,1.03867,1.03877,1.00,1.00
2016.08.04 14:59:49.782,1.03867,1.03877,1.00,1.19
2016.08.04 14:59:49.883,1.03866,1.03877,1.00,1.25
2016.08.04 14:59:50.088,1.03866,1.03876,1.00,1.19
2016.08.04 14:59:50.139,1.03866,1.03877,1.00,1.69
2016.08.04 14:59:50.190,1.03867,1.03875,1.00,1.25
2016.08.04 14:59:50.242,1.03868,1.03878,1.00,1.69
2016.08.04 14:59:50.293,1.03872,1.03879,1.00,2.44
2016.08.04 14:59:50.412,1.03872,1.03879,1.00,2.06
2016.08.04 14:59:50.464,1.03871,1.03884,1.00,2.44
2016.08.04 14:59:50.516,1.03872,1.03884,1.00,2.06
2016.08.04 14:59:50.568,1.03877,1.03887,1.00,1.56
2016.08.04 14:59:50.671,1.03877,1.0389,1.00,3.56
2016.08.04 14:59:50.722,1.03877,1.0389,1.00,3.19
2016.08.04 14:59:50.773,1.03876,1.0389,1.50,2.44
2016.08.04 14:59:50.824,1.03876,1.0389,1.50,2.06
2016.08.04 14:59:50.926,1.03876,1.0389,1.50,1.19
2016.08.04 14:59:50.977,1.03877,1.0389,1.00,1.19
2016.08.04 14:59:51.384,1.03877,1.03891,1.00,1.19
2016.08.04 14:59:51.435,1.03877,1.03891,1.00,2.44
2016.08.04 14:59:51.538,1.03877,1.03891,1.00,3.19
2016.08.04 14:59:51.691,1.03877,1.03889,1.00,1.19
2016.08.04 14:59:51.742,1.03877,1.03889,1.00,1.25
2016.08.04 14:59:51.794,1.03877,1.03891,1.00,3.19
2016.08.04 14:59:51.896,1.03877,1.03889,1.00,1.25
2016.08.04 14:59:52.308,1.03876,1.03889,1.00,1.19
2016.08.04 14:59:52.562,1.03876,1.0389,1.00,1.56
2016.08.04 14:59:52.613,1.03876,1.0389,1.50,2.06
2016.08.04 14:59:52.665,1.03876,1.0389,1.50,1.19
2016.08.04 14:59:52.716,1.03877,1.0389,1.00,1.19
2016.08.04 14:59:53.452,1.03876,1.03889,1.00,1.19
2016.08.04 14:59:53.503,1.03876,1.03889,1.50,1.19
2016.08.04 14:59:53.605,1.03876,1.03887,1.00,1.19
2016.08.04 14:59:53.859,1.03875,1.03887,1.00,1.19
2016.08.04 14:59:54.413,1.03874,1.03887,1.00,1.19
2016.08.04 14:59:54.821,1.03873,1.03887,1.00,1.69
2016.08.04 14:59:54.872,1.03873,1.03886,1.00,1.19
2016.08.04 14:59:55.026,1.03872,1.03886,1.87,1.19
2016.08.04 14:59:55.240,1.03873,1.03887,1.00,1.31
2016.08.04 14:59:55.343,1.03873,1.03887,1.00,2.06
2016.08.04 14:59:55.446,1.03872,1.03886,1.00,1.19
2016.08.04 14:59:55.548,1.03872,1.03886,1.50,1.69
2016.08.04 14:59:55.650,1.03872,1.03886,1.00,1.69
2016.08.04 14:59:55.701,1.03871,1.0388,1.00,1.25
2016.08.04 14:59:55.855,1.03872,1.03879,1.00,1.00
2016.08.04 14:59:55.958,1.03867,1.03879,1.00,1.00
2016.08.04 14:59:56.163,1.03868,1.03879,1.00,1.19
2016.08.04 14:59:56.214,1.03867,1.03879,1.50,1.19
2016.08.04 14:59:56.265,1.03867,1.03879,1.00,1.19
2016.08.04 14:59:56.323,1.03866,1.03879,1.50,1.19
2016.08.04 14:59:56.964,1.03867,1.03879,1.50,1.00
2016.08.04 14:59:57.015,1.03867,1.03881,2.25,2.06
2016.08.04 14:59:57.067,1.03867,1.03881,2.25,1.31
2016.08.04 14:59:57.118,1.03867,1.0388,1.50,1.00
2016.08.04 14:59:57.170,1.03867,1.0388,1.50,1.19
2016.08.04 14:59:57.222,1.03868,1.0388,1.00,1.19
2016.08.04 14:59:57.537,1.03866,1.0388,1.00,1.69
2016.08.04 14:59:57.784,1.03866,1.0388,1.00,1.19
2016.08.04 14:59:57.937,1.03867,1.0388,1.00,1.19
2016.08.04 14:59:58.249,1.03867,1.0388,1.50,1.19
2016.08.04 14:59:58.300,1.03867,1.03881,1.50,2.06
2016.08.04 14:59:58.351,1.03867,1.03881,1.00,2.06
2016.08.04 14:59:58.578,1.03867,1.03879,1.00,1.19
2016.08.04 14:59:58.629,1.03865,1.03879,1.00,1.19
2016.08.04 14:59:58.770,1.03866,1.0388,1.00,1.19
2016.08.04 14:59:58.821,1.03867,1.03881,1.50,1.31
2016.08.04 14:59:59.229,1.03867,1.03881,1.50,2.06
2016.08.04 14:59:59.422,1.03867,1.03881,1.00,2.06
2016.08.04 14:59:59.648,1.03864,1.03873,1.50,1.00
2016.08.04 14:59:59.859,1.03863,1.03868,1.12,1.00
2016.08.04 14:59:59.962,1.03863,1.0387,1.12,1.00
