2011.10.05 09:00:00.470,0.83258,0.83278,1.50,1.43
2011.10.05 09:00:01.143,0.83259,0.8328,1.50,1.43
2011.10.05 09:00:01.813,0.83259,0.83278,1.50,1.43
2011.10.05 09:00:02.400,0.83259,0.8328,1.50,1.43
2011.10.05 09:00:02.770,0.83259,0.83277,1.50,1.35
2011.10.05 09:00:02.890,0.83259,0.8328,1.50,1.43
2011.10.05 09:00:03.137,0.8326,0.83284,2.18,1.43
2011.10.05 09:00:03.385,0.83265,0.83287,1.43,1.43
2011.10.05 09:00:04.011,0.83273,0.83291,1.50,1.43
2011.10.05 09:00:04.380,0.83276,0.83291,1.50,1.43
2011.10.05 09:00:04.618,0.83276,0.83293,1.50,1.43
2011.10.05 09:00:05.448,0.83276,0.83291,1.50,1.43
2011.10.05 09:00:06.230,0.83275,0.83291,1.50,1.43
2011.10.05 09:00:06.778,0.83273,0.83291,1.50,1.43
2011.10.05 09:00:06.914,0.83272,0.83291,1.50,1.43
2011.10.05 09:00:07.165,0.83271,0.83286,1.50,1.43
2011.10.05 09:00:07.415,0.8327,0.83286,1.50,1.43
2011.10.05 09:00:07.663,0.83269,0.83286,1.50,1.43
2011.10.05 09:00:08.390,0.83271,0.83286,1.13,1.43
2011.10.05 09:00:08.783,0.83273,0.83286,1.50,1.43
2011.10.05 09:00:09.535,0.83273,0.83286,1.50,1.43
2011.10.05 09:00:10.753,0.83272,0.8329,1.50,1.13
2011.10.05 09:00:11.008,0.83272,0.8329,1.50,1.13
2011.10.05 09:00:11.130,0.83272,0.83289,1.50,1.13
2011.10.05 09:00:11.470,0.83272,0.83289,1.50,1.13
2011.10.05 09:00:12.767,0.83272,0.83289,2.18,1.13
2011.10.05 09:00:13.135,0.83274,0.83294,1.50,1.43
2011.10.05 09:00:13.382,0.83276,0.83294,1.50,1.43
2011.10.05 09:00:15.504,0.83276,0.83294,1.50,1.43
2011.10.05 09:00:15.741,0.83276,0.83297,1.50,1.13
2011.10.05 09:00:16.297,0.83276,0.83297,1.50,1.13
2011.10.05 09:00:18.741,0.83276,0.83295,1.50,1.13
2011.10.05 09:00:19.007,0.83279,0.83301,2.18,1.43
2011.10.05 09:00:20.508,0.83279,0.83302,2.93,3.23
2011.10.05 09:00:20.740,0.83282,0.83302,1.50,2.85
2011.10.05 09:00:21.329,0.83282,0.83303,1.50,1.43
2011.10.05 09:00:21.851,0.83283,0.83303,1.50,1.43
2011.10.05 09:00:21.978,0.83283,0.83303,1.50,1.80
2011.10.05 09:00:22.329,0.83286,0.83304,1.50,1.13
2011.10.05 09:00:24.103,0.83286,0.83302,1.50,1.43
2011.10.05 09:00:24.474,0.83284,0.83302,1.50,1.80
2011.10.05 09:00:25.045,0.83281,0.83302,1.50,1.80
2011.10.05 09:00:25.447,0.83281,0.83299,1.50,1.43
2011.10.05 09:00:26.052,0.83284,0.83299,1.50,1.43
2011.10.05 09:00:26.620,0.83282,0.83296,1.50,1.13
2011.10.05 09:00:26.850,0.83279,0.83296,1.50,1.13
2011.10.05 09:00:27.929,0.83278,0.83296,1.13,1.13
2011.10.05 09:00:28.749,0.83275,0.83297,1.80,1.13
2011.10.05 09:00:29.926,0.83275,0.83296,2.18,1.13
2011.10.05 09:00:30.095,0.83275,0.83296,2.18,1.13
2011.10.05 09:00:31.728,0.83278,0.83293,1.13,1.88
2011.10.05 09:00:32.941,0.83276,0.83293,1.13,1.88
2011.10.05 09:00:33.061,0.83276,0.83293,1.13,1.88
2011.10.05 09:00:35.413,0.83274,0.83293,1.13,1.88
2011.10.05 09:00:35.881,0.83274,0.83293,1.13,1.88
2011.10.05 09:00:36.232,0.83277,0.83293,1.13,1.88
2011.10.05 09:00:37.243,0.83276,0.83293,1.13,1.88
2011.10.05 09:00:38.036,0.83276,0.83293,1.13,1.88
2011.10.05 09:00:38.635,0.83276,0.83293,1.13,1.88
2011.10.05 09:00:38.864,0.83275,0.83293,1.13,2.25
2011.10.05 09:00:39.818,0.83271,0.83292,1.80,1.13
2011.10.05 09:00:40.411,0.83271,0.83293,1.80,2.25
2011.10.05 09:00:40.764,0.83271,0.83293,1.80,2.25
2011.10.05 09:00:40.990,0.83271,0.83293,1.43,2.25
2011.10.05 09:00:42.661,0.83271,0.83293,1.43,2.25
2011.10.05 09:00:44.221,0.83272,0.83293,1.13,2.25
2011.10.05 09:00:44.339,0.83272,0.83293,1.13,2.25
2011.10.05 09:00:45.703,0.83272,0.83293,1.13,2.25
2011.10.05 09:00:46.292,0.83272,0.83293,1.13,2.25
2011.10.05 09:00:47.017,0.83276,0.83293,1.43,2.25
2011.10.05 09:00:47.601,0.83276,0.83293,1.43,2.25
2011.10.05 09:00:47.845,0.8328,0.83293,1.43,1.88
2011.10.05 09:00:48.441,0.83276,0.83293,1.43,2.25
2011.10.05 09:00:50.314,0.83276,0.83294,1.43,2.25
2011.10.05 09:00:55.749,0.83276,0.83294,1.43,2.25
2011.10.05 09:00:56.701,0.8328,0.83299,1.43,1.73
2011.10.05 09:00:56.944,0.83282,0.83303,2.03,1.88
2011.10.05 09:00:57.551,0.83285,0.83303,1.80,2.25
2011.10.05 09:00:57.780,0.83285,0.83303,1.43,1.88
2011.10.05 09:00:58.373,0.83286,0.83303,1.50,1.88
2011.10.05 09:00:58.969,0.83289,0.83303,1.50,1.88
2011.10.05 09:00:59.337,0.83291,0.83303,1.50,1.88
2011.10.05 09:00:59.948,0.83284,0.83303,1.43,2.63
2011.10.05 09:01:00.070,0.83283,0.83303,2.25,3.30
2011.10.05 09:01:00.582,0.83283,0.83303,1.50,3.30
2011.10.05 09:01:01.296,0.83285,0.83303,2.25,2.55
2011.10.05 09:01:01.420,0.83286,0.83303,2.25,2.55
2011.10.05 09:01:02.271,0.83287,0.83303,1.50,1.88
2011.10.05 09:01:02.623,0.83289,0.83303,1.50,1.88
2011.10.05 09:01:03.201,0.83288,0.83303,1.50,1.88
2011.10.05 09:01:03.920,0.8329,0.83303,1.50,1.88
2011.10.05 09:01:04.877,0.833,0.83314,1.50,1.88
2011.10.05 09:01:05.251,0.83305,0.83314,1.50,1.88
2011.10.05 09:01:05.377,0.83307,0.83324,1.50,4.65
2011.10.05 09:01:05.747,0.83305,0.83324,2.25,2.93
2011.10.05 09:01:05.879,0.83304,0.83323,1.50,1.13
2011.10.05 09:01:06.004,0.83305,0.83323,1.50,1.13
2011.10.05 09:01:06.513,0.83303,0.83322,1.50,1.05
2011.10.05 09:01:06.984,0.83305,0.83323,1.50,1.35
2011.10.05 09:01:07.343,0.83307,0.83324,1.50,3.23
2011.10.05 09:01:07.932,0.83307,0.83324,1.50,2.93
2011.10.05 09:01:08.287,0.83306,0.83322,1.50,1.35
2011.10.05 09:01:09.941,0.83305,0.83322,1.50,1.73
2011.10.05 09:01:10.183,0.83304,0.83321,1.50,1.35
2011.10.05 09:01:10.544,0.83302,0.83319,2.25,1.35
2011.10.05 09:01:11.245,0.833,0.83317,1.50,1.05
2011.10.05 09:01:11.750,0.83307,0.83314,1.50,1.88
2011.10.05 09:01:11.993,0.83305,0.83322,1.50,1.80
2011.10.05 09:01:12.952,0.83307,0.83323,1.50,3.60
2011.10.05 09:01:13.076,0.83308,0.83323,1.50,2.93
2011.10.05 09:01:13.207,0.83313,0.83323,1.50,1.88
2011.10.05 09:01:13.828,0.83312,0.83323,1.50,1.88
2011.10.05 09:01:16.581,0.83311,0.83323,1.50,1.88
2011.10.05 09:01:17.124,0.83317,0.83324,1.50,1.88
2011.10.05 09:01:17.935,0.83317,0.8333,1.50,1.43
2011.10.05 09:01:18.063,0.83318,0.83332,1.50,1.35
2011.10.05 09:01:18.885,0.83321,0.83333,1.50,1.88
2011.10.05 09:01:19.646,0.83325,0.83333,1.50,1.88
2011.10.05 09:01:20.469,0.83326,0.83337,1.50,1.35
2011.10.05 09:01:20.705,0.83325,0.83341,1.50,1.43
2011.10.05 09:01:27.494,0.83326,0.83341,1.50,1.43
2011.10.05 09:01:27.732,0.83323,0.83337,1.50,1.35
2011.10.05 09:01:28.187,0.83325,0.83337,1.50,1.35
2011.10.05 09:01:30.331,0.83325,0.83342,1.50,1.35
2011.10.05 09:01:30.802,0.83325,0.83334,1.50,1.88
2011.10.05 09:01:30.927,0.83325,0.83342,1.50,1.35
2011.10.05 09:01:32.392,0.83323,0.83336,1.50,1.05
2011.10.05 09:01:32.521,0.8332,0.83336,2.25,1.05
2011.10.05 09:01:32.644,0.83318,0.83335,1.13,1.43
2011.10.05 09:01:33.151,0.83317,0.83324,1.13,2.48
2011.10.05 09:01:33.284,0.83305,0.83315,1.43,1.28
2011.10.05 09:01:33.404,0.83305,0.83313,1.43,1.05
2011.10.05 09:01:33.526,0.83296,0.83311,2.63,1.05
2011.10.05 09:01:33.659,0.83296,0.83311,1.88,1.05
2011.10.05 09:01:33.790,0.83296,0.83313,2.63,1.05
2011.10.05 09:01:34.040,0.83298,0.83314,1.50,3.23
2011.10.05 09:01:34.926,0.83298,0.83314,1.50,1.88
2011.10.05 09:01:35.618,0.83297,0.83314,1.50,1.88
2011.10.05 09:01:35.742,0.83299,0.83314,1.13,1.88
2011.10.05 09:01:35.864,0.83303,0.83319,1.50,1.80
2011.10.05 09:01:36.101,0.83305,0.83321,1.50,2.48
2011.10.05 09:01:36.582,0.83304,0.83321,1.50,2.48
2011.10.05 09:01:37.189,0.83301,0.83319,1.50,1.05
2011.10.05 09:01:37.859,0.83303,0.83319,1.50,1.05
2011.10.05 09:01:38.662,0.83301,0.83319,1.50,1.05
2011.10.05 09:01:40.736,0.83299,0.83317,1.50,1.50
2011.10.05 09:01:41.103,0.83297,0.83314,1.50,2.93
2011.10.05 09:01:41.668,0.83297,0.83314,1.50,2.93
2011.10.05 09:01:43.444,0.83297,0.83314,1.50,3.30
2011.10.05 09:01:44.074,0.83296,0.83314,1.50,4.05
2011.10.05 09:01:44.666,0.83296,0.8331,1.50,1.05
2011.10.05 09:01:44.901,0.83294,0.8331,1.50,1.05
2011.10.05 09:01:45.132,0.83291,0.8331,2.25,1.43
2011.10.05 09:01:45.253,0.83287,0.83303,1.88,1.88
2011.10.05 09:01:45.731,0.8329,0.83303,1.50,1.88
2011.10.05 09:01:46.604,0.8329,0.83303,1.50,1.88
2011.10.05 09:01:47.493,0.83293,0.83303,1.50,1.88
2011.10.05 09:01:47.611,0.83293,0.83303,1.50,1.88
2011.10.05 09:01:47.733,0.83292,0.83311,1.13,1.50
2011.10.05 09:01:47.850,0.83295,0.83311,1.50,1.50
2011.10.05 09:01:48.204,0.83297,0.83313,1.50,1.05
2011.10.05 09:01:48.743,0.83295,0.83312,1.50,1.13
2011.10.05 09:01:48.862,0.83294,0.8331,1.50,1.43
2011.10.05 09:01:49.090,0.83294,0.8331,1.50,1.43
2011.10.05 09:01:49.663,0.83291,0.83306,1.50,1.13
2011.10.05 09:01:49.790,0.83292,0.83308,1.50,1.50
2011.10.05 09:01:50.155,0.83292,0.83308,1.50,1.13
2011.10.05 09:01:50.282,0.83292,0.8331,1.50,1.43
2011.10.05 09:01:50.406,0.83297,0.83311,1.50,2.48
2011.10.05 09:01:50.950,0.83294,0.8331,1.50,1.80
2011.10.05 09:01:51.310,0.83299,0.83313,1.50,1.13
2011.10.05 09:01:51.872,0.83299,0.8331,1.50,1.05
2011.10.05 09:01:51.992,0.83297,0.83307,1.50,1.13
2011.10.05 09:01:52.234,0.83294,0.83306,1.50,1.80
2011.10.05 09:01:52.353,0.83291,0.83306,1.50,1.80
2011.10.05 09:01:52.707,0.83293,0.83306,1.50,1.80
2011.10.05 09:01:53.723,0.83294,0.83309,1.50,1.43
2011.10.05 09:01:53.844,0.83295,0.83309,1.50,1.43
2011.10.05 09:01:54.213,0.83297,0.83313,1.13,1.43
2011.10.05 09:01:54.331,0.83297,0.83313,1.13,1.43
2011.10.05 09:01:55.389,0.833,0.83313,1.50,1.43
2011.10.05 09:01:55.734,0.83302,0.83313,1.50,1.43
2011.10.05 09:01:55.851,0.83302,0.83313,1.50,1.43
2011.10.05 09:01:56.090,0.83301,0.83313,1.50,1.43
2011.10.05 09:01:56.872,0.83301,0.83314,1.50,2.63
2011.10.05 09:01:57.223,0.83304,0.83314,1.50,2.63
2011.10.05 09:01:57.582,0.83308,0.83321,1.50,1.43
2011.10.05 09:01:58.172,0.83308,0.83324,1.88,2.63
2011.10.05 09:01:58.293,0.83309,0.83324,1.50,2.63
2011.10.05 09:01:58.414,0.8331,0.83324,1.13,2.63
2011.10.05 09:01:58.773,0.83315,0.83331,1.50,1.43
2011.10.05 09:01:59.012,0.8331,0.83328,1.43,1.73
2011.10.05 09:01:59.478,0.83308,0.83323,1.50,2.25
2011.10.05 09:01:59.926,0.83311,0.83323,1.80,1.88
2011.10.05 09:02:00.295,0.83316,0.83323,1.50,1.88
2011.10.05 09:02:00.532,0.83316,0.83333,2.25,2.85
2011.10.05 09:02:00.771,0.8332,0.83333,1.50,1.88
2011.10.05 09:02:03.064,0.8332,0.83333,1.50,2.25
2011.10.05 09:02:03.304,0.83314,0.8333,1.50,1.13
2011.10.05 09:02:03.532,0.83314,0.83332,1.50,1.35
2011.10.05 09:02:04.120,0.83315,0.83332,1.50,1.35
2011.10.05 09:02:06.642,0.83316,0.83331,1.50,1.13
2011.10.05 09:02:07.663,0.83318,0.83331,1.50,1.13
2011.10.05 09:02:07.783,0.8332,0.83337,1.13,1.50
2011.10.05 09:02:07.904,0.83324,0.83337,1.50,1.50
2011.10.05 09:02:08.131,0.83323,0.8334,1.50,1.13
2011.10.05 09:02:08.580,0.83323,0.8334,1.50,1.13
2011.10.05 09:02:11.120,0.83323,0.83339,1.50,1.13
2011.10.05 09:02:11.241,0.83323,0.83338,1.50,1.13
2011.10.05 09:02:11.603,0.83316,0.83331,2.18,1.13
2011.10.05 09:02:11.720,0.83316,0.83331,2.18,1.13
2011.10.05 09:02:12.240,0.83315,0.83331,1.43,1.13
2011.10.05 09:02:12.809,0.83316,0.83333,1.80,1.88
2011.10.05 09:02:13.230,0.83318,0.83333,1.50,1.88
2011.10.05 09:02:13.775,0.8332,0.83333,1.50,1.88
2011.10.05 09:02:14.141,0.83318,0.83333,1.50,5.10
2011.10.05 09:02:14.261,0.83319,0.83333,1.50,2.25
2011.10.05 09:02:14.600,0.83319,0.83333,1.50,2.25
2011.10.05 09:02:14.956,0.83316,0.83333,1.50,2.25
2011.10.05 09:02:15.316,0.83315,0.83333,1.43,3.00
2011.10.05 09:02:15.445,0.83315,0.83333,1.50,3.38
2011.10.05 09:02:15.957,0.83315,0.83333,1.50,3.38
2011.10.05 09:02:16.312,0.83312,0.83323,1.43,1.88
2011.10.05 09:02:17.363,0.83311,0.83323,1.50,2.63
2011.10.05 09:02:17.482,0.83307,0.83323,1.50,2.63
2011.10.05 09:02:17.832,0.83307,0.83323,1.50,2.25
2011.10.05 09:02:17.956,0.83304,0.83322,2.18,1.13
2011.10.05 09:02:18.799,0.83306,0.83323,1.50,1.88
2011.10.05 09:02:18.932,0.83311,0.83323,1.50,1.88
2011.10.05 09:02:19.058,0.83306,0.83323,1.50,1.88
2011.10.05 09:02:19.186,0.83308,0.83323,1.50,1.88
2011.10.05 09:02:19.552,0.83303,0.83319,2.18,1.13
2011.10.05 09:02:20.599,0.83303,0.83321,1.50,1.13
2011.10.05 09:02:20.721,0.83303,0.83321,1.50,1.13
2011.10.05 09:02:21.509,0.83306,0.83323,1.50,3.00
2011.10.05 09:02:21.637,0.83308,0.83323,1.50,2.25
2011.10.05 09:02:21.875,0.83305,0.83323,1.13,2.25
2011.10.05 09:02:22.004,0.83304,0.83323,1.50,3.23
2011.10.05 09:02:22.121,0.83303,0.83322,2.25,1.05
2011.10.05 09:02:22.470,0.83305,0.83322,1.50,1.05
2011.10.05 09:02:22.832,0.83315,0.83323,1.43,1.88
2011.10.05 09:02:23.186,0.83317,0.83331,1.43,1.88
2011.10.05 09:02:23.786,0.83323,0.83333,1.50,2.48
2011.10.05 09:02:24.556,0.83324,0.83333,1.88,1.88
2011.10.05 09:02:24.681,0.83324,0.83333,1.88,1.88
2011.10.05 09:02:24.803,0.83326,0.83333,1.50,1.88
2011.10.05 09:02:25.041,0.83325,0.83337,1.50,1.84
2011.10.05 09:02:25.602,0.83325,0.83336,1.50,1.84
2011.10.05 09:02:26.063,0.83324,0.83333,1.50,1.88
2011.10.05 09:02:26.767,0.83324,0.83333,1.50,2.21
2011.10.05 09:02:26.899,0.83319,0.83332,1.50,1.46
2011.10.05 09:02:27.282,0.83315,0.83332,2.25,2.96
2011.10.05 09:02:27.407,0.83311,0.83325,1.50,1.13
2011.10.05 09:02:27.532,0.83309,0.83323,2.18,2.63
2011.10.05 09:02:28.114,0.83302,0.83322,1.43,1.43
2011.10.05 09:02:28.233,0.83307,0.83322,1.50,1.43
2011.10.05 09:02:28.594,0.83303,0.83322,1.50,3.53
2011.10.05 09:02:29.176,0.83306,0.8332,1.50,1.88
2011.10.05 09:02:30.229,0.83302,0.83322,1.50,3.90
2011.10.05 09:02:30.360,0.83302,0.83315,1.50,1.13
2011.10.05 09:02:30.920,0.83303,0.83313,1.50,3.30
2011.10.05 09:02:31.764,0.83302,0.83313,1.50,2.63
2011.10.05 09:02:31.905,0.83299,0.83313,1.50,2.25
2011.10.05 09:02:32.025,0.83297,0.83313,1.50,2.25
2011.10.05 09:02:32.154,0.83296,0.83313,1.50,1.88
2011.10.05 09:02:32.636,0.83302,0.83313,1.50,1.88
2011.10.05 09:02:33.005,0.83292,0.83305,1.50,1.46
2011.10.05 09:02:33.134,0.83292,0.83303,1.50,1.88
2011.10.05 09:02:34.365,0.83289,0.83303,1.50,2.63
2011.10.05 09:02:34.849,0.83292,0.83303,1.43,1.88
2011.10.05 09:02:34.973,0.83291,0.83303,1.43,1.88
2011.10.05 09:02:35.324,0.83293,0.83303,1.50,1.88
2011.10.05 09:02:35.914,0.83291,0.83303,1.43,1.88
2011.10.05 09:02:36.571,0.83292,0.8331,1.43,1.13
2011.10.05 09:02:37.100,0.83292,0.8331,1.43,1.13
2011.10.05 09:02:37.630,0.83292,0.8331,1.43,1.13
2011.10.05 09:02:37.862,0.83292,0.8331,1.43,1.13
2011.10.05 09:02:40.678,0.83294,0.83304,1.35,1.88
2011.10.05 09:02:40.809,0.83294,0.83313,1.35,5.10
2011.10.05 09:02:41.166,0.83295,0.83303,1.43,1.88
2011.10.05 09:02:41.799,0.83292,0.83303,1.50,1.88
2011.10.05 09:02:42.284,0.83286,0.83302,1.50,1.13
2011.10.05 09:02:42.403,0.83286,0.83301,1.50,1.13
2011.10.05 09:02:42.522,0.83283,0.83301,1.50,1.13
2011.10.05 09:02:43.118,0.83283,0.83298,1.50,1.13
2011.10.05 09:02:43.477,0.83282,0.83297,1.50,1.13
2011.10.05 09:02:43.845,0.83285,0.83304,1.50,4.73
2011.10.05 09:02:44.214,0.83284,0.83303,1.50,1.13
2011.10.05 09:02:46.364,0.83282,0.83303,2.18,1.13
2011.10.05 09:02:47.821,0.83284,0.83304,1.50,5.10
2011.10.05 09:02:48.171,0.83287,0.83304,1.50,3.00
2011.10.05 09:02:49.041,0.83287,0.83301,1.50,1.13
2011.10.05 09:02:49.611,0.83286,0.83301,1.50,1.13
2011.10.05 09:02:50.141,0.83285,0.83301,1.50,1.13
2011.10.05 09:02:50.495,0.83285,0.833,1.50,1.13
2011.10.05 09:02:50.966,0.83287,0.83303,1.50,1.13
2011.10.05 09:02:51.096,0.83286,0.83303,1.43,1.50
2011.10.05 09:02:51.577,0.83286,0.833,2.18,1.13
2011.10.05 09:02:51.716,0.8329,0.83304,1.50,2.25
2011.10.05 09:02:52.082,0.83293,0.83304,1.50,2.25
2011.10.05 09:02:52.774,0.83289,0.83295,1.50,1.43
2011.10.05 09:02:53.012,0.83273,0.83291,2.94,1.50
2011.10.05 09:02:53.136,0.83271,0.83284,1.92,1.88
2011.10.05 09:02:53.262,0.8327,0.83287,1.43,1.35
2011.10.05 09:02:53.386,0.83266,0.83276,1.44,1.35
2011.10.05 09:02:53.943,0.83257,0.83273,1.50,2.25
2011.10.05 09:02:54.183,0.83259,0.83273,1.50,1.88
2011.10.05 09:02:54.664,0.83257,0.83273,2.25,2.25
2011.10.05 09:02:55.241,0.83257,0.83273,1.50,2.25
2011.10.05 09:02:55.883,0.83259,0.83273,1.50,1.88
2011.10.05 09:02:56.821,0.83257,0.83269,1.50,1.13
2011.10.05 09:02:56.941,0.83253,0.83269,1.43,1.50
2011.10.05 09:02:57.063,0.83255,0.83272,2.10,1.05
2011.10.05 09:02:57.185,0.83257,0.83273,2.25,1.88
2011.10.05 09:02:57.435,0.83259,0.83273,1.50,1.88
2011.10.05 09:02:57.564,0.83262,0.83279,1.50,1.05
2011.10.05 09:02:57.683,0.83263,0.83273,1.50,1.88
2011.10.05 09:02:57.922,0.83267,0.83283,1.50,1.88
2011.10.05 09:02:58.163,0.83266,0.83283,2.93,2.25
2011.10.05 09:02:58.909,0.83266,0.83283,2.18,2.25
2011.10.05 09:02:59.306,0.83271,0.83283,1.50,1.88
2011.10.05 09:03:00.504,0.83277,0.83283,1.35,1.88
2011.10.05 09:03:00.624,0.83279,0.83297,1.50,1.13
2011.10.05 09:03:00.862,0.8328,0.83297,2.18,1.46
2011.10.05 09:03:01.496,0.8328,0.83297,2.18,1.13
2011.10.05 09:03:01.614,0.8328,0.83297,2.18,1.13
2011.10.05 09:03:02.086,0.83281,0.83297,1.50,1.13
2011.10.05 09:03:02.671,0.83282,0.83299,1.50,1.13
2011.10.05 09:03:03.140,0.83282,0.83293,1.50,1.88
2011.10.05 09:03:03.735,0.83281,0.83293,1.50,1.88
2011.10.05 09:03:05.740,0.83278,0.83293,1.50,1.88
2011.10.05 09:03:06.105,0.83276,0.8329,1.50,1.13
2011.10.05 09:03:06.238,0.83271,0.8329,1.50,1.13
2011.10.05 09:03:06.492,0.83273,0.83292,2.03,2.85
2011.10.05 09:03:07.000,0.83268,0.83286,1.50,1.43
2011.10.05 09:03:07.608,0.83268,0.83284,1.50,1.50
2011.10.05 09:03:08.331,0.83267,0.83284,1.50,3.30
2011.10.05 09:03:09.026,0.83267,0.83284,1.50,2.63
2011.10.05 09:03:10.048,0.83267,0.83284,1.50,1.88
2011.10.05 09:03:10.653,0.83269,0.83284,1.50,1.88
2011.10.05 09:03:11.240,0.83269,0.83284,1.50,1.88
2011.10.05 09:03:11.817,0.83273,0.83284,1.43,1.88
2011.10.05 09:03:11.946,0.83283,0.83294,1.50,1.88
2011.10.05 09:03:12.193,0.83285,0.833,1.50,1.43
2011.10.05 09:03:12.790,0.83285,0.833,1.50,1.43
2011.10.05 09:03:13.850,0.83284,0.83301,1.50,1.13
2011.10.05 09:03:14.496,0.83285,0.83301,1.50,1.13
2011.10.05 09:03:14.624,0.83285,0.83301,1.50,1.13
2011.10.05 09:03:15.873,0.83285,0.833,1.50,1.13
2011.10.05 09:03:16.234,0.83282,0.83294,1.50,2.63
2011.10.05 09:03:16.471,0.83284,0.83294,1.50,2.63
2011.10.05 09:03:17.035,0.83283,0.83294,1.50,1.88
2011.10.05 09:03:18.605,0.83285,0.83296,1.13,1.43
2011.10.05 09:03:18.723,0.83288,0.83296,1.50,1.43
2011.10.05 09:03:19.192,0.83286,0.83303,1.50,3.68
2011.10.05 09:03:19.753,0.83288,0.83301,1.50,1.43
2011.10.05 09:03:20.331,0.83286,0.83301,1.50,1.43
2011.10.05 09:03:21.662,0.83286,0.83301,1.50,1.43
2011.10.05 09:03:21.889,0.83287,0.83301,1.50,1.43
2011.10.05 09:03:22.564,0.83285,0.83301,1.50,1.43
2011.10.05 09:03:23.161,0.83286,0.83302,1.50,1.43
2011.10.05 09:03:23.681,0.83287,0.83301,1.50,1.43
2011.10.05 09:03:25.242,0.83288,0.83301,1.50,1.43
2011.10.05 09:03:25.840,0.83288,0.83302,1.50,1.43
2011.10.05 09:03:26.337,0.83293,0.83302,1.50,1.43
2011.10.05 09:03:26.577,0.83292,0.83303,1.50,2.63
2011.10.05 09:03:26.903,0.83292,0.83303,1.50,2.63
2011.10.05 09:03:27.265,0.8329,0.83303,1.50,2.63
2011.10.05 09:03:30.912,0.8329,0.83303,1.50,2.63
2011.10.05 09:03:32.513,0.83288,0.83303,1.50,2.63
2011.10.05 09:03:32.636,0.83288,0.83303,1.50,2.63
2011.10.05 09:03:33.141,0.83285,0.83301,1.50,1.13
2011.10.05 09:03:33.506,0.83283,0.83293,1.50,1.88
2011.10.05 09:03:35.134,0.83283,0.83293,1.50,1.88
2011.10.05 09:03:40.043,0.83281,0.83293,1.50,2.63
2011.10.05 09:03:40.160,0.83281,0.83293,1.50,2.63
2011.10.05 09:03:40.848,0.83278,0.83293,1.50,2.63
2011.10.05 09:03:42.175,0.83278,0.83292,1.50,2.10
2011.10.05 09:03:48.660,0.83279,0.83293,1.13,2.63
2011.10.05 09:03:48.779,0.83282,0.83293,1.50,1.88
2011.10.05 09:03:49.339,0.83282,0.83293,1.50,1.88
2011.10.05 09:03:49.951,0.83285,0.83301,1.13,2.40
2011.10.05 09:03:50.075,0.83287,0.83301,1.13,1.43
2011.10.05 09:03:50.717,0.8329,0.83303,1.50,1.88
2011.10.05 09:03:50.854,0.83291,0.83303,1.50,1.88
2011.10.05 09:03:51.452,0.83289,0.83303,1.50,1.88
2011.10.05 09:03:53.581,0.83292,0.83303,1.50,1.88
2011.10.05 09:03:54.755,0.83292,0.8331,1.50,1.43
2011.10.05 09:03:54.872,0.83294,0.8331,1.50,1.43
2011.10.05 09:03:55.100,0.83294,0.8331,1.50,1.43
2011.10.05 09:03:56.356,0.83294,0.83309,1.50,1.13
2011.10.05 09:03:56.591,0.83292,0.83309,1.50,1.13
2011.10.05 09:03:56.944,0.83292,0.83304,1.50,1.88
2011.10.05 09:03:57.852,0.83292,0.83304,1.50,1.88
2011.10.05 09:03:59.307,0.83291,0.83304,1.13,1.88
2011.10.05 09:03:59.673,0.83296,0.83306,1.50,1.43
2011.10.05 09:03:59.793,0.83291,0.83306,1.50,1.80
2011.10.05 09:04:00.258,0.83288,0.83303,1.50,1.13
2011.10.05 09:04:00.387,0.83286,0.83303,1.50,2.48
2011.10.05 09:04:00.515,0.83286,0.83302,1.50,1.43
2011.10.05 09:04:01.010,0.83286,0.83301,1.50,1.13
2011.10.05 09:04:01.979,0.83286,0.83301,1.50,1.13
2011.10.05 09:04:02.495,0.83287,0.83302,1.13,1.43
2011.10.05 09:04:02.622,0.83287,0.83302,1.13,1.43
2011.10.05 09:04:02.741,0.83287,0.83302,1.13,1.43
2011.10.05 09:04:03.103,0.83294,0.83304,1.50,2.63
2011.10.05 09:04:03.344,0.83294,0.83308,1.50,1.50
2011.10.05 09:04:04.880,0.83294,0.83309,1.50,1.13
2011.10.05 09:04:05.902,0.83295,0.8331,1.13,1.43
2011.10.05 09:04:06.026,0.83296,0.83313,1.13,1.88
2011.10.05 09:04:06.152,0.833,0.83313,1.50,2.63
2011.10.05 09:04:06.707,0.833,0.83313,1.50,2.63
2011.10.05 09:04:08.114,0.833,0.8331,1.50,1.43
2011.10.05 09:04:08.233,0.83296,0.8331,1.50,1.43
2011.10.05 09:04:08.351,0.83296,0.8331,1.50,1.43
2011.10.05 09:04:13.400,0.83294,0.83303,1.50,1.88
2011.10.05 09:04:13.752,0.83292,0.83303,1.50,1.88
2011.10.05 09:04:13.871,0.83292,0.83303,1.50,1.88
2011.10.05 09:04:15.391,0.83294,0.83308,1.50,1.13
2011.10.05 09:04:15.860,0.83294,0.83309,1.50,1.13
2011.10.05 09:04:16.441,0.83294,0.83307,1.50,1.43
2011.10.05 09:04:17.258,0.83294,0.83307,1.50,1.43
2011.10.05 09:04:17.849,0.83294,0.83307,1.50,1.43
2011.10.05 09:04:18.420,0.83294,0.83309,1.50,1.13
2011.10.05 09:04:20.014,0.83296,0.83311,1.88,1.43
2011.10.05 09:04:20.138,0.83296,0.83314,1.88,2.63
2011.10.05 09:04:20.967,0.83296,0.83314,1.88,2.63
2011.10.05 09:04:21.321,0.83296,0.83314,1.88,3.00
2011.10.05 09:04:21.660,0.83296,0.83314,1.88,3.00
2011.10.05 09:04:21.780,0.83296,0.83314,1.88,3.00
2011.10.05 09:04:22.009,0.83296,0.83314,1.88,3.00
2011.10.05 09:04:22.652,0.83296,0.83314,1.88,3.00
2011.10.05 09:04:24.903,0.83296,0.83314,1.88,3.00
2011.10.05 09:04:25.762,0.83296,0.83313,1.50,1.13
2011.10.05 09:04:25.881,0.83295,0.83313,1.50,1.13
2011.10.05 09:04:26.113,0.83296,0.83313,1.50,1.13
2011.10.05 09:04:26.554,0.83296,0.83313,1.50,1.13
2011.10.05 09:04:26.824,0.83296,0.83314,1.88,3.00
2011.10.05 09:04:27.283,0.83299,0.83314,1.13,1.88
2011.10.05 09:04:27.851,0.833,0.83314,1.50,2.93
2011.10.05 09:04:27.975,0.83296,0.83314,1.50,2.93
2011.10.05 09:04:28.093,0.83296,0.83314,1.13,3.68
2011.10.05 09:04:28.443,0.83298,0.83314,1.50,3.68
2011.10.05 09:04:29.156,0.83301,0.83314,1.50,3.30
2011.10.05 09:04:29.887,0.83301,0.83314,1.50,3.30
2011.10.05 09:04:30.253,0.833,0.8331,1.50,1.43
2011.10.05 09:04:30.374,0.83295,0.8331,1.50,1.43
2011.10.05 09:04:30.965,0.83295,0.8331,1.50,1.80
2011.10.05 09:04:31.553,0.83294,0.8331,1.50,1.80
2011.10.05 09:04:31.677,0.83296,0.8331,1.50,1.80
2011.10.05 09:04:32.042,0.83296,0.8331,1.50,1.43
2011.10.05 09:04:32.791,0.83297,0.8331,1.50,1.43
2011.10.05 09:04:33.252,0.83297,0.8331,1.50,1.43
2011.10.05 09:04:34.154,0.83298,0.8331,1.50,1.43
2011.10.05 09:04:34.620,0.83301,0.83313,1.88,1.43
2011.10.05 09:04:34.754,0.83304,0.83314,1.50,1.88
2011.10.05 09:04:34.872,0.83304,0.83318,1.50,1.43
2011.10.05 09:04:35.787,0.83304,0.83318,1.50,1.43
2011.10.05 09:04:35.916,0.83304,0.83318,1.50,1.43
2011.10.05 09:04:36.492,0.83304,0.83318,1.50,1.80
2011.10.05 09:04:37.082,0.83304,0.83318,1.50,1.80
2011.10.05 09:04:37.937,0.83302,0.83316,1.50,1.13
2011.10.05 09:04:40.210,0.83302,0.83315,1.50,1.13
2011.10.05 09:04:41.590,0.83302,0.83313,1.50,2.63
2011.10.05 09:04:46.064,0.83304,0.83322,1.13,2.85
2011.10.05 09:04:46.303,0.83306,0.83321,1.50,1.13
2011.10.05 09:04:46.880,0.83307,0.83317,1.50,1.13
2011.10.05 09:04:47.119,0.83303,0.83317,1.50,1.13
2011.10.05 09:04:48.201,0.83303,0.83319,1.50,1.13
2011.10.05 09:04:49.197,0.83302,0.83316,1.50,1.43
2011.10.05 09:04:49.844,0.83303,0.83316,1.50,1.43
2011.10.05 09:04:50.448,0.83303,0.83316,1.50,1.43
2011.10.05 09:04:51.849,0.83301,0.83314,1.50,1.13
2011.10.05 09:04:52.434,0.83297,0.83311,1.50,1.13
2011.10.05 09:04:52.556,0.83294,0.8331,1.50,1.43
2011.10.05 09:04:52.804,0.83298,0.83309,1.50,1.43
2011.10.05 09:04:53.313,0.83298,0.83312,1.50,1.13
2011.10.05 09:04:54.382,0.83299,0.83313,1.50,1.43
2011.10.05 09:04:54.516,0.83299,0.83314,1.50,2.63
2011.10.05 09:04:54.641,0.83302,0.83314,1.50,2.63
2011.10.05 09:04:54.910,0.83302,0.83314,1.50,2.63
2011.10.05 09:04:55.502,0.83301,0.83314,1.50,2.63
2011.10.05 09:04:55.621,0.83301,0.83314,1.50,2.63
2011.10.05 09:04:55.854,0.83301,0.83314,1.50,2.63
2011.10.05 09:04:56.640,0.83301,0.83314,1.50,2.63
2011.10.05 09:04:57.130,0.83301,0.83314,1.50,2.63
2011.10.05 09:04:57.377,0.83302,0.83314,1.50,2.63
2011.10.05 09:04:57.743,0.83303,0.83317,1.50,1.43
2011.10.05 09:04:57.861,0.83303,0.83317,1.50,1.43
2011.10.05 09:04:58.933,0.83304,0.83319,1.50,1.13
2011.10.05 09:04:59.160,0.83304,0.83319,1.50,1.13
2011.10.05 09:05:00.633,0.83305,0.83323,1.50,1.80
2011.10.05 09:05:00.991,0.83305,0.83322,1.50,1.13
2011.10.05 09:05:01.487,0.83306,0.83323,1.50,1.43
2011.10.05 09:05:02.082,0.83306,0.83323,1.50,1.43
2011.10.05 09:05:02.443,0.83306,0.83313,1.50,1.88
2011.10.05 09:05:02.670,0.83306,0.83323,1.50,3.30
2011.10.05 09:05:03.210,0.83306,0.83323,1.50,3.30
2011.10.05 09:05:03.550,0.83306,0.83313,1.50,1.88
2011.10.05 09:05:09.875,0.83303,0.83313,1.50,2.63
2011.10.05 09:05:10.246,0.83302,0.83313,1.50,2.63
2011.10.05 09:05:11.092,0.83302,0.83313,1.50,2.63
2011.10.05 09:05:12.656,0.83299,0.83312,1.50,1.13
2011.10.05 09:05:13.410,0.83299,0.83312,1.50,1.13
2011.10.05 09:05:13.982,0.83297,0.83312,1.50,1.13
2011.10.05 09:05:14.750,0.83293,0.83312,1.35,1.13
2011.10.05 09:05:14.871,0.83292,0.83312,1.05,1.13
2011.10.05 09:05:15.590,0.833,0.83313,1.05,2.63
2011.10.05 09:05:16.261,0.83299,0.83313,1.05,2.63
2011.10.05 09:05:16.620,0.83295,0.83313,1.05,2.63
2011.10.05 09:05:16.851,0.83295,0.83313,1.05,2.63
2011.10.05 09:05:17.410,0.83295,0.83313,1.05,2.63
2011.10.05 09:05:18.148,0.83295,0.83313,1.43,2.25
2011.10.05 09:05:18.657,0.8329,0.83309,1.13,1.13
2011.10.05 09:05:19.284,0.83287,0.83309,2.48,1.13
2011.10.05 09:05:19.409,0.83291,0.83313,1.05,1.80
2011.10.05 09:05:19.979,0.83293,0.83313,1.05,1.13
2011.10.05 09:05:22.133,0.83293,0.83313,1.05,1.13
2011.10.05 09:05:23.125,0.83293,0.83313,1.05,1.13
2011.10.05 09:05:23.586,0.8329,0.83307,1.05,1.13
2011.10.05 09:05:23.824,0.83292,0.83307,1.13,1.13
2011.10.05 09:05:24.172,0.83295,0.83303,1.50,1.88
2011.10.05 09:05:24.745,0.83295,0.83303,1.50,1.88
2011.10.05 09:05:25.998,0.83296,0.83303,1.50,1.88
2011.10.05 09:05:26.363,0.83298,0.83312,1.50,1.43
2011.10.05 09:05:26.600,0.83301,0.83312,1.50,1.43
2011.10.05 09:05:26.835,0.83301,0.83312,1.50,1.43
2011.10.05 09:05:27.200,0.83299,0.83312,1.13,1.43
2011.10.05 09:05:27.324,0.83299,0.83312,1.88,1.43
2011.10.05 09:05:27.860,0.83301,0.83312,1.50,1.43
2011.10.05 09:05:28.400,0.83299,0.83312,1.88,1.43
2011.10.05 09:05:28.523,0.83298,0.83312,1.50,1.43
2011.10.05 09:05:28.881,0.83294,0.83303,1.88,1.50
2011.10.05 09:05:29.117,0.83294,0.83311,1.88,1.13
2011.10.05 09:05:29.703,0.83295,0.83311,1.50,1.13
2011.10.05 09:05:32.214,0.83295,0.83312,1.50,1.43
2011.10.05 09:05:33.318,0.83298,0.83312,1.50,1.43
2011.10.05 09:05:33.439,0.83298,0.83312,1.50,1.43
2011.10.05 09:05:34.040,0.83297,0.83312,1.50,1.43
2011.10.05 09:05:34.451,0.83297,0.83312,1.50,1.43
2011.10.05 09:05:34.685,0.83298,0.83312,1.50,1.43
2011.10.05 09:05:35.260,0.83297,0.83312,1.50,1.43
2011.10.05 09:05:36.138,0.83296,0.83312,1.50,1.43
2011.10.05 09:05:37.152,0.83289,0.83307,1.88,1.13
2011.10.05 09:05:37.274,0.83291,0.83307,1.50,1.13
2011.10.05 09:05:37.515,0.83294,0.83304,1.50,2.63
2011.10.05 09:05:37.754,0.83294,0.83308,1.50,1.43
2011.10.05 09:05:38.805,0.83292,0.83308,1.50,1.43
2011.10.05 09:05:42.045,0.8329,0.83308,1.88,1.43
2011.10.05 09:05:43.312,0.8329,0.83308,1.88,1.43
2011.10.05 09:05:44.517,0.8329,0.83308,1.88,1.43
2011.10.05 09:05:44.971,0.83291,0.83308,1.50,1.43
2011.10.05 09:05:45.094,0.83295,0.83312,1.50,2.18
2011.10.05 09:05:45.211,0.83295,0.83312,1.50,1.80
2011.10.05 09:05:45.331,0.83296,0.8331,1.50,1.13
2011.10.05 09:05:45.671,0.83293,0.83307,1.88,1.43
2011.10.05 09:05:45.790,0.83292,0.83307,1.50,1.43
2011.10.05 09:05:46.942,0.83291,0.83304,1.50,2.25
2011.10.05 09:05:51.420,0.83291,0.83304,1.50,1.50
2011.10.05 09:05:53.518,0.8329,0.83304,1.50,2.25
2011.10.05 09:05:54.459,0.8329,0.83304,1.50,2.25
2011.10.05 09:05:55.664,0.83281,0.83291,1.43,1.43
2011.10.05 09:05:55.785,0.83276,0.83294,2.45,1.35
2011.10.05 09:05:56.251,0.83276,0.83293,2.25,1.43
2011.10.05 09:05:56.391,0.83268,0.83281,1.50,1.43
2011.10.05 09:05:56.651,0.83266,0.83278,1.50,1.13
2011.10.05 09:05:56.902,0.83265,0.83273,1.50,2.63
2011.10.05 09:05:57.211,0.83263,0.83272,1.50,1.43
2011.10.05 09:05:57.355,0.83256,0.8327,1.50,1.43
2011.10.05 09:05:57.479,0.83251,0.83268,1.50,1.35
2011.10.05 09:05:57.605,0.83247,0.83265,2.63,1.35
2011.10.05 09:05:58.213,0.83247,0.83268,2.63,1.35
2011.10.05 09:05:58.573,0.83247,0.83268,2.63,1.35
2011.10.05 09:05:59.152,0.83247,0.83268,1.88,1.35
2011.10.05 09:06:00.644,0.83244,0.83263,1.50,1.88
2011.10.05 09:06:00.882,0.83242,0.83263,1.50,3.00
2011.10.05 09:06:01.120,0.83242,0.83263,2.25,3.00
2011.10.05 09:06:01.710,0.83243,0.83261,1.50,1.43
2011.10.05 09:06:02.456,0.83243,0.83263,2.25,3.00
2011.10.05 09:06:03.154,0.83243,0.83263,2.25,3.00
2011.10.05 09:06:03.644,0.83246,0.83263,1.50,2.55
2011.10.05 09:06:04.211,0.83247,0.83263,1.50,1.88
2011.10.05 09:06:04.918,0.83247,0.83263,1.50,1.88
2011.10.05 09:06:05.290,0.83251,0.83259,1.50,2.85
2011.10.05 09:06:05.667,0.83252,0.83259,1.50,2.85
2011.10.05 09:06:05.799,0.83247,0.83258,1.50,1.43
2011.10.05 09:06:06.282,0.83247,0.83258,1.50,1.43
2011.10.05 09:06:06.407,0.83245,0.83258,1.50,1.43
2011.10.05 09:06:06.534,0.83242,0.83258,1.50,1.43
2011.10.05 09:06:06.891,0.8324,0.83256,1.50,1.35
2011.10.05 09:06:07.453,0.8324,0.83253,1.50,1.88
2011.10.05 09:06:07.574,0.83238,0.83253,1.50,1.88
2011.10.05 09:06:08.319,0.83238,0.83253,1.50,3.23
2011.10.05 09:06:09.772,0.83238,0.83253,1.50,3.23
2011.10.05 09:06:10.017,0.8324,0.83253,1.50,1.88
2011.10.05 09:06:10.587,0.8324,0.83259,1.50,1.43
2011.10.05 09:06:11.176,0.83241,0.83254,1.50,1.50
2011.10.05 09:06:11.763,0.83241,0.83253,1.50,1.88
2011.10.05 09:06:12.691,0.83242,0.83253,1.50,1.88
2011.10.05 09:06:13.308,0.83243,0.83253,2.18,1.88
2011.10.05 09:06:13.678,0.83245,0.83254,1.50,1.50
2011.10.05 09:06:14.166,0.83247,0.83263,1.88,1.88
2011.10.05 09:06:14.473,0.83247,0.83263,1.88,1.88
2011.10.05 09:06:14.602,0.83247,0.83263,1.88,1.88
2011.10.05 09:06:15.209,0.83247,0.83263,1.50,2.25
2011.10.05 09:06:15.346,0.83245,0.83263,1.50,3.68
2011.10.05 09:06:15.473,0.83245,0.83263,1.50,3.68
2011.10.05 09:06:15.976,0.83245,0.83263,1.50,2.93
2011.10.05 09:06:16.587,0.83247,0.83263,1.50,2.63
2011.10.05 09:06:17.197,0.83249,0.83263,1.50,2.63
2011.10.05 09:06:17.568,0.83254,0.83263,1.50,1.88
2011.10.05 09:06:18.100,0.83253,0.83263,1.43,1.88
2011.10.05 09:06:18.948,0.83251,0.83263,1.50,2.63
2011.10.05 09:06:19.195,0.83248,0.83263,1.50,2.63
2011.10.05 09:06:19.435,0.83249,0.83263,1.50,2.63
2011.10.05 09:06:20.028,0.83249,0.83263,1.50,1.88
2011.10.05 09:06:24.187,0.8325,0.83263,1.50,2.63
2011.10.05 09:06:24.434,0.8325,0.83263,1.50,2.63
2011.10.05 09:06:24.551,0.83252,0.83263,1.50,1.88
2011.10.05 09:06:24.791,0.83254,0.83272,1.50,1.43
2011.10.05 09:06:24.910,0.83254,0.83272,1.50,1.43
2011.10.05 09:06:25.030,0.83254,0.83272,1.50,1.43
2011.10.05 09:06:25.481,0.8325,0.83271,1.50,2.10
2011.10.05 09:06:25.605,0.8325,0.83271,1.50,2.10
2011.10.05 09:06:26.072,0.8325,0.83269,1.50,1.13
2011.10.05 09:06:26.662,0.83248,0.83267,1.50,1.80
2011.10.05 09:06:26.904,0.83247,0.83263,1.50,1.88
2011.10.05 09:06:27.704,0.83245,0.83263,2.18,2.63
2011.10.05 09:06:27.944,0.83243,0.83262,1.50,1.13
2011.10.05 09:06:28.063,0.83243,0.83262,1.50,1.13
2011.10.05 09:06:28.829,0.83242,0.8326,1.50,1.43
2011.10.05 09:06:29.732,0.83241,0.83259,1.50,1.13
2011.10.05 09:06:29.850,0.8324,0.83259,1.50,1.13
2011.10.05 09:06:31.775,0.83238,0.83253,1.50,2.63
2011.10.05 09:06:32.534,0.83238,0.83253,1.50,1.88
2011.10.05 09:06:33.120,0.83238,0.83253,1.50,1.88
2011.10.05 09:06:33.363,0.83237,0.83253,1.43,1.88
2011.10.05 09:06:33.930,0.83235,0.83253,1.50,2.63
2011.10.05 09:06:36.894,0.83235,0.83253,2.25,1.88
2011.10.05 09:06:37.239,0.83239,0.83253,1.50,1.88
2011.10.05 09:06:39.552,0.83239,0.83253,1.50,1.88
2011.10.05 09:06:41.244,0.83235,0.83253,1.35,1.88
2011.10.05 09:06:42.272,0.83235,0.83253,1.35,2.63
2011.10.05 09:06:42.625,0.83232,0.83253,1.35,2.63
2011.10.05 09:06:42.753,0.83231,0.83253,1.43,2.63
2011.10.05 09:06:43.514,0.8323,0.83253,1.28,2.63
2011.10.05 09:06:43.632,0.8323,0.83253,1.28,2.63
2011.10.05 09:06:44.542,0.83228,0.8325,1.35,1.43
2011.10.05 09:06:44.904,0.83225,0.83244,2.10,2.63
2011.10.05 09:06:45.495,0.83225,0.83244,1.35,2.63
2011.10.05 09:06:45.733,0.83225,0.83244,1.35,2.63
2011.10.05 09:06:48.748,0.83225,0.83244,1.35,2.63
2011.10.05 09:06:49.319,0.83225,0.83244,1.35,2.63
2011.10.05 09:06:50.390,0.83225,0.83244,2.10,2.63
2011.10.05 09:06:51.062,0.83228,0.83246,1.05,1.13
2011.10.05 09:06:51.311,0.83228,0.8325,1.05,1.43
2011.10.05 09:06:52.488,0.83228,0.8325,1.80,1.43
2011.10.05 09:06:54.383,0.83228,0.8325,1.43,1.43
2011.10.05 09:06:57.474,0.83228,0.83251,1.43,2.03
2011.10.05 09:06:57.711,0.83228,0.8325,1.43,1.43
2011.10.05 09:06:57.940,0.83228,0.8325,1.43,1.80
2011.10.05 09:06:58.400,0.83225,0.83243,1.13,1.88
2011.10.05 09:07:01.638,0.83225,0.83243,1.13,1.88
2011.10.05 09:07:05.172,0.83224,0.83243,1.73,2.63
2011.10.05 09:07:06.059,0.83224,0.83243,1.73,1.88
2011.10.05 09:07:06.782,0.83224,0.83243,1.73,1.88
2011.10.05 09:07:06.914,0.83229,0.83251,1.13,1.35
2011.10.05 09:07:07.161,0.83231,0.83254,1.13,1.88
2011.10.05 09:07:08.581,0.83232,0.83254,1.13,1.88
2011.10.05 09:07:09.256,0.8323,0.83254,1.13,2.63
2011.10.05 09:07:09.505,0.83224,0.83254,2.25,2.63
2011.10.05 09:07:09.743,0.83227,0.8325,2.63,1.13
2011.10.05 09:07:10.394,0.83227,0.83253,2.63,3.00
2011.10.05 09:07:10.983,0.83227,0.83253,2.63,3.00
2011.10.05 09:07:12.951,0.83229,0.83253,2.10,3.00
2011.10.05 09:07:15.043,0.83238,0.83253,1.43,1.88
2011.10.05 09:07:15.611,0.83237,0.83253,1.35,1.88
2011.10.05 09:07:18.952,0.83239,0.8326,1.13,1.13
2011.10.05 09:07:19.197,0.83241,0.83261,1.35,1.13
2011.10.05 09:07:19.554,0.83243,0.83263,1.43,1.35
2011.10.05 09:07:19.893,0.83243,0.83262,1.43,1.35
2011.10.05 09:07:20.018,0.83242,0.83262,1.43,1.35
2011.10.05 09:07:20.495,0.8324,0.83261,1.43,1.50
2011.10.05 09:07:22.782,0.8324,0.83262,1.43,3.15
2011.10.05 09:07:23.125,0.8324,0.83262,1.43,2.40
2011.10.05 09:07:23.244,0.8324,0.83261,1.43,1.13
2011.10.05 09:07:23.853,0.8324,0.83261,1.43,1.13
2011.10.05 09:07:24.531,0.83244,0.83264,1.43,3.38
2011.10.05 09:07:24.656,0.83244,0.83264,1.43,3.00
2011.10.05 09:07:25.143,0.83246,0.83264,1.35,2.63
2011.10.05 09:07:26.181,0.83248,0.83269,1.43,1.13
2011.10.05 09:07:26.956,0.83248,0.8327,1.43,1.43
2011.10.05 09:07:27.487,0.83248,0.83271,1.43,1.80
2011.10.05 09:07:29.570,0.83248,0.83271,1.43,1.05
2011.10.05 09:07:30.767,0.83248,0.83271,1.43,1.80
2011.10.05 09:07:32.673,0.83248,0.83271,1.43,1.05
2011.10.05 09:07:35.413,0.83248,0.8327,1.43,1.43
2011.10.05 09:07:35.773,0.83246,0.8327,1.35,1.43
2011.10.05 09:07:36.762,0.8324,0.83263,1.13,4.65
2011.10.05 09:07:37.120,0.8324,0.83254,1.13,1.88
2011.10.05 09:07:37.361,0.83244,0.83264,1.43,1.88
2011.10.05 09:07:37.841,0.83244,0.83264,1.43,1.88
2011.10.05 09:07:38.958,0.83248,0.83264,1.43,1.88
2011.10.05 09:07:39.313,0.83249,0.8327,1.13,1.13
2011.10.05 09:07:39.433,0.83249,0.8327,1.13,1.13
2011.10.05 09:07:40.336,0.83248,0.83269,1.05,1.13
2011.10.05 09:07:40.703,0.83247,0.83263,1.35,1.88
2011.10.05 09:07:42.387,0.83244,0.83263,1.05,2.63
2011.10.05 09:07:42.757,0.8324,0.83262,1.73,1.43
2011.10.05 09:07:43.336,0.83239,0.8326,1.13,1.13
2011.10.05 09:07:44.121,0.83239,0.8326,1.13,1.13
2011.10.05 09:07:44.712,0.8324,0.83262,1.13,1.43
2011.10.05 09:07:45.342,0.83241,0.83263,1.05,2.63
2011.10.05 09:07:47.880,0.83238,0.83262,1.80,1.43
2011.10.05 09:07:48.317,0.8324,0.83262,1.05,1.43
2011.10.05 09:07:48.683,0.83242,0.83263,1.43,2.63
2011.10.05 09:07:48.923,0.83242,0.83263,1.43,2.63
2011.10.05 09:08:02.027,0.83242,0.8326,1.05,1.13
2011.10.05 09:08:12.423,0.83242,0.83262,1.05,1.13
2011.10.05 09:08:16.771,0.8324,0.83261,1.82,1.05
2011.10.05 09:08:16.899,0.83239,0.83257,2.12,1.13
2011.10.05 09:08:17.456,0.83232,0.83251,1.44,1.35
2011.10.05 09:08:17.684,0.8323,0.83251,1.13,1.35
2011.10.05 09:08:18.158,0.8323,0.83254,1.80,2.55
2011.10.05 09:08:18.513,0.8323,0.8325,1.13,1.35
2011.10.05 09:08:18.636,0.83227,0.83248,3.60,1.43
2011.10.05 09:08:20.202,0.83227,0.83248,1.50,1.43
2011.10.05 09:08:20.738,0.83228,0.83248,1.13,1.43
2011.10.05 09:08:21.858,0.83228,0.83248,1.13,1.80
2011.10.05 09:08:22.441,0.83227,0.83243,2.57,1.50
2011.10.05 09:08:24.683,0.83226,0.83243,1.43,1.88
2011.10.05 09:08:24.924,0.83226,0.83248,4.05,1.80
2011.10.05 09:08:25.152,0.83226,0.83245,2.55,1.13
2011.10.05 09:08:25.393,0.83224,0.8324,1.50,1.43
2011.10.05 09:08:25.933,0.83224,0.83239,1.50,1.43
2011.10.05 09:08:26.079,0.83218,0.83237,1.35,1.43
2011.10.05 09:08:26.443,0.83219,0.8324,1.35,2.48
2011.10.05 09:08:28.590,0.83222,0.83243,1.43,2.63
2011.10.05 09:08:28.958,0.83226,0.83243,1.35,1.88
2011.10.05 09:08:29.442,0.83226,0.83243,2.03,1.88
2011.10.05 09:08:29.781,0.83226,0.83243,2.03,1.88
2011.10.05 09:08:30.613,0.8323,0.83243,1.43,1.88
2011.10.05 09:08:30.741,0.8323,0.83252,1.43,1.13
2011.10.05 09:08:32.134,0.83229,0.83252,1.43,1.13
2011.10.05 09:08:32.746,0.8323,0.8325,1.05,1.50
2011.10.05 09:08:33.073,0.83227,0.83244,1.43,1.88
2011.10.05 09:08:33.660,0.83226,0.83243,1.35,1.88
2011.10.05 09:08:34.195,0.83224,0.83243,1.35,2.63
2011.10.05 09:08:34.770,0.83224,0.83243,2.10,2.63
2011.10.05 09:08:36.466,0.83225,0.83243,1.35,1.88
2011.10.05 09:08:37.722,0.83225,0.83243,1.35,2.63
2011.10.05 09:08:40.613,0.83225,0.83243,1.35,2.63
2011.10.05 09:08:42.110,0.83224,0.83243,1.73,2.63
2011.10.05 09:08:45.353,0.83223,0.83243,1.43,3.00
2011.10.05 09:08:45.915,0.83221,0.83241,1.73,1.43
2011.10.05 09:08:46.422,0.83222,0.83241,1.73,1.43
2011.10.05 09:08:47.992,0.83222,0.83241,1.73,1.80
2011.10.05 09:08:49.130,0.83222,0.83241,2.48,1.43
2011.10.05 09:08:49.251,0.83222,0.83243,3.15,3.00
2011.10.05 09:08:52.872,0.83222,0.83243,3.53,2.63
2011.10.05 09:08:53.381,0.83223,0.83243,2.25,1.88
2011.10.05 09:08:55.161,0.83225,0.83243,3.60,1.88
2011.10.05 09:09:01.559,0.83225,0.83243,2.48,1.88
2011.10.05 09:09:02.081,0.83225,0.83243,2.48,2.63
2011.10.05 09:09:04.654,0.83223,0.83244,2.10,3.00
2011.10.05 09:09:05.241,0.83223,0.83241,1.35,1.43
2011.10.05 09:09:05.844,0.83222,0.8324,1.50,1.05
2011.10.05 09:09:05.964,0.83218,0.83239,2.78,1.80
2011.10.05 09:09:06.524,0.83218,0.83233,1.73,1.88
2011.10.05 09:09:06.993,0.83211,0.83233,1.43,2.55
2011.10.05 09:09:07.554,0.83212,0.83233,1.43,1.88
2011.10.05 09:09:07.675,0.83211,0.8323,2.10,1.13
2011.10.05 09:09:08.044,0.8321,0.83229,1.13,2.48
2011.10.05 09:09:08.283,0.83208,0.83229,1.73,2.48
2011.10.05 09:09:08.873,0.83208,0.83228,1.35,1.43
2011.10.05 09:09:12.231,0.83207,0.83227,3.23,1.43
2011.10.05 09:09:14.123,0.83207,0.83223,1.35,1.88
2011.10.05 09:09:14.996,0.83201,0.83223,1.43,3.30
2011.10.05 09:09:15.354,0.83197,0.83219,4.73,1.43
2011.10.05 09:09:15.822,0.83201,0.83223,1.43,3.68
2011.10.05 09:09:16.379,0.832,0.83223,1.43,3.68
2011.10.05 09:09:17.073,0.83201,0.83223,1.43,3.68
2011.10.05 09:09:17.621,0.83199,0.8322,1.35,1.43
2011.10.05 09:09:18.422,0.83197,0.83219,5.40,1.43
2011.10.05 09:09:19.012,0.83199,0.8322,1.35,1.43
2011.10.05 09:09:19.612,0.83199,0.83221,1.35,1.35
2011.10.05 09:09:19.980,0.83199,0.83221,1.35,1.35
2011.10.05 09:09:20.321,0.83199,0.83221,1.35,1.35
2011.10.05 09:09:21.637,0.83199,0.83221,1.35,1.35
2011.10.05 09:09:23.282,0.83199,0.83221,1.35,1.35
2011.10.05 09:09:23.516,0.832,0.83223,1.43,2.63
2011.10.05 09:09:23.767,0.832,0.83225,2.18,1.05
2011.10.05 09:09:24.136,0.83206,0.83228,2.63,1.35
2011.10.05 09:09:24.631,0.83206,0.83229,2.63,1.80
2011.10.05 09:09:24.753,0.83206,0.83229,2.63,2.18
2011.10.05 09:09:25.090,0.83206,0.83229,2.63,2.18
2011.10.05 09:09:25.677,0.83206,0.83229,2.63,1.43
2011.10.05 09:09:29.566,0.83208,0.83231,2.10,1.35
2011.10.05 09:09:30.154,0.83208,0.83229,2.10,1.13
2011.10.05 09:09:30.865,0.83203,0.83224,2.40,3.30
2011.10.05 09:09:33.563,0.83203,0.83224,1.73,3.30
2011.10.05 09:09:35.350,0.83202,0.83224,1.73,3.30
2011.10.05 09:09:35.951,0.83201,0.83224,3.23,3.30
2011.10.05 09:09:36.520,0.83202,0.83224,1.35,3.30
2011.10.05 09:09:38.184,0.83201,0.83224,2.48,3.30
2011.10.05 09:09:39.627,0.83201,0.83221,2.48,1.13
2011.10.05 09:09:40.255,0.83201,0.83218,2.10,1.13
2011.10.05 09:09:40.373,0.83196,0.83218,4.28,1.13
2011.10.05 09:09:40.495,0.83196,0.83218,3.53,1.13
2011.10.05 09:09:40.843,0.83197,0.83213,1.35,1.88
2011.10.05 09:09:42.355,0.83197,0.83213,1.73,1.88
2011.10.05 09:09:42.485,0.83194,0.83213,2.48,2.63
2011.10.05 09:09:42.613,0.83194,0.83213,3.23,2.63
2011.10.05 09:09:43.191,0.83195,0.83213,1.35,2.63
2011.10.05 09:09:43.980,0.83196,0.83213,1.35,1.88
2011.10.05 09:09:44.574,0.8319,0.83212,1.35,1.35
2011.10.05 09:09:44.694,0.8319,0.83211,1.35,1.43
2011.10.05 09:09:45.128,0.8319,0.83211,1.35,1.43
2011.10.05 09:09:45.263,0.83188,0.83208,3.23,1.35
2011.10.05 09:09:46.753,0.83188,0.83207,1.13,1.43
2011.10.05 09:09:47.602,0.83189,0.83212,1.13,2.48
2011.10.05 09:09:48.602,0.83189,0.83203,1.13,1.88
2011.10.05 09:09:48.727,0.83189,0.83211,1.13,1.43
2011.10.05 09:09:49.290,0.83187,0.83211,2.18,1.43
2011.10.05 09:09:51.199,0.83187,0.83209,1.13,1.43
2011.10.05 09:09:51.863,0.83188,0.8321,1.43,1.43
2011.10.05 09:09:52.837,0.83189,0.83211,1.13,1.43
2011.10.05 09:09:52.977,0.8319,0.83212,1.82,1.35
2011.10.05 09:09:53.213,0.8319,0.83212,1.82,1.35
2011.10.05 09:09:53.771,0.83191,0.83212,1.44,1.35
2011.10.05 09:09:56.111,0.83191,0.83212,1.82,1.35
2011.10.05 09:09:57.551,0.83191,0.83212,1.82,1.35
2011.10.05 09:09:58.124,0.83191,0.83212,1.82,1.35
2011.10.05 09:09:58.459,0.83191,0.83212,1.13,1.35
2011.10.05 09:09:59.269,0.83192,0.83214,1.43,2.55
2011.10.05 09:10:01.095,0.83192,0.83214,1.43,2.55
2011.10.05 09:10:01.822,0.83192,0.83214,1.43,2.55
2011.10.05 09:10:15.563,0.83192,0.83214,1.43,2.55
2011.10.05 09:10:17.148,0.83192,0.83214,1.43,3.30
2011.10.05 09:10:17.755,0.8319,0.83214,2.18,3.30
2011.10.05 09:10:17.871,0.8319,0.83212,1.50,1.35
2011.10.05 09:10:18.891,0.8319,0.83212,2.19,1.35
2011.10.05 09:10:19.698,0.8319,0.83212,2.19,1.35
2011.10.05 09:10:19.945,0.8319,0.83207,1.13,1.35
2011.10.05 09:10:20.183,0.83187,0.83204,1.35,1.88
2011.10.05 09:10:21.211,0.83187,0.83204,1.73,1.88
2011.10.05 09:10:22.382,0.83187,0.83204,1.73,1.88
2011.10.05 09:10:23.142,0.83186,0.83204,1.73,1.88
2011.10.05 09:10:29.778,0.83185,0.83203,1.13,2.10
2011.10.05 09:10:30.022,0.83179,0.83197,1.35,1.43
2011.10.05 09:10:30.144,0.83178,0.832,1.05,1.43
2011.10.05 09:10:30.263,0.83178,0.832,1.80,1.43
2011.10.05 09:10:31.808,0.83178,0.83198,1.13,1.35
2011.10.05 09:10:31.936,0.83178,0.832,1.80,1.43
2011.10.05 09:10:32.184,0.83178,0.83202,2.49,1.43
2011.10.05 09:10:32.864,0.83182,0.83204,1.43,3.30
2011.10.05 09:10:33.211,0.83181,0.832,1.73,1.43
2011.10.05 09:10:33.573,0.83182,0.832,1.50,1.43
2011.10.05 09:10:34.069,0.83184,0.83204,1.50,2.63
2011.10.05 09:10:34.650,0.83184,0.83204,1.88,2.63
2011.10.05 09:10:37.253,0.83185,0.83204,2.10,2.63
2011.10.05 09:10:37.944,0.83188,0.8321,1.80,1.43
2011.10.05 09:10:40.004,0.83189,0.8321,1.88,1.43
2011.10.05 09:10:40.603,0.83193,0.83213,1.05,2.63
2011.10.05 09:10:41.078,0.83193,0.83213,2.18,1.88
2011.10.05 09:10:45.133,0.83195,0.83213,1.73,1.88
2011.10.05 09:10:48.109,0.83195,0.83213,1.73,1.88
2011.10.05 09:10:48.694,0.83195,0.83213,2.10,1.88
2011.10.05 09:10:55.660,0.83198,0.83213,1.73,1.88
2011.10.05 09:10:56.833,0.83198,0.83213,1.73,1.88
2011.10.05 09:11:00.938,0.83198,0.83213,1.73,1.88
2011.10.05 09:11:01.862,0.83198,0.83213,1.73,1.88
2011.10.05 09:11:03.485,0.83198,0.83213,1.73,1.88
2011.10.05 09:11:04.052,0.83198,0.83214,3.08,1.88
2011.10.05 09:11:06.510,0.83201,0.83223,1.43,3.30
2011.10.05 09:11:08.316,0.83197,0.83219,3.53,3.53
2011.10.05 09:11:09.192,0.83197,0.83213,1.65,1.88
2011.10.05 09:11:09.747,0.83197,0.83213,1.65,1.88
2011.10.05 09:11:10.354,0.83192,0.83213,2.18,2.63
2011.10.05 09:11:10.932,0.83192,0.83213,1.43,2.63
2011.10.05 09:11:11.517,0.83192,0.83213,1.43,2.63
2011.10.05 09:11:13.081,0.83193,0.83213,1.50,2.63
2011.10.05 09:11:13.651,0.83195,0.83213,1.13,1.88
2011.10.05 09:11:16.790,0.83195,0.83213,1.50,1.88
2011.10.05 09:11:18.071,0.83195,0.83213,1.13,1.88
2011.10.05 09:11:18.737,0.83195,0.83213,1.05,2.63
2011.10.05 09:11:19.108,0.83186,0.83201,1.43,1.05
2011.10.05 09:11:19.355,0.83179,0.83194,3.92,1.35
2011.10.05 09:11:20.045,0.83181,0.83198,1.13,1.35
2011.10.05 09:11:21.737,0.83179,0.83198,1.73,2.10
2011.10.05 09:11:22.104,0.83179,0.83194,1.13,1.88
2011.10.05 09:11:24.123,0.83179,0.83194,1.13,1.88
2011.10.05 09:11:25.802,0.83177,0.83194,1.13,1.88
2011.10.05 09:11:26.652,0.83174,0.83194,2.10,2.55
2011.10.05 09:11:26.884,0.83173,0.83191,1.13,1.35
2011.10.05 09:11:27.339,0.83171,0.83191,1.13,1.35
2011.10.05 09:11:28.581,0.83171,0.83191,1.50,1.35
2011.10.05 09:11:29.267,0.83173,0.83191,1.50,1.35
2011.10.05 09:11:29.982,0.83175,0.83191,1.13,1.35
2011.10.05 09:11:30.321,0.83175,0.83194,1.13,3.30
2011.10.05 09:11:30.931,0.83172,0.83192,1.88,1.05
2011.10.05 09:11:31.172,0.83172,0.83192,1.13,1.05
2011.10.05 09:11:31.974,0.83172,0.8319,1.13,1.35
2011.10.05 09:11:33.314,0.83175,0.83194,2.10,3.30
2011.10.05 09:11:35.645,0.83177,0.83194,1.13,2.55
2011.10.05 09:11:36.895,0.8318,0.83194,1.13,2.18
2011.10.05 09:11:37.132,0.8318,0.83201,1.13,1.43
2011.10.05 09:11:38.153,0.8318,0.83197,1.13,1.35
2011.10.05 09:11:40.093,0.83181,0.83197,1.13,1.35
2011.10.05 09:11:41.273,0.83182,0.83197,1.13,1.35
2011.10.05 09:11:41.942,0.83182,0.83197,1.13,1.35
2011.10.05 09:11:43.740,0.83182,0.83197,1.13,1.35
2011.10.05 09:11:44.413,0.8318,0.83197,1.13,1.35
2011.10.05 09:11:47.203,0.8318,0.83197,1.13,1.35
2011.10.05 09:11:50.256,0.83178,0.83193,1.13,1.50
2011.10.05 09:11:50.830,0.83178,0.83194,1.13,1.88
2011.10.05 09:11:56.111,0.83179,0.83194,1.13,1.88
2011.10.05 09:11:57.285,0.83175,0.83194,1.35,2.63
2011.10.05 09:11:58.381,0.83174,0.83194,1.35,2.63
2011.10.05 09:11:58.616,0.83174,0.83192,1.35,1.43
2011.10.05 09:11:59.306,0.83165,0.83182,1.50,1.43
2011.10.05 09:11:59.439,0.83163,0.8318,1.13,1.35
2011.10.05 09:11:59.681,0.8316,0.8318,1.35,1.35
2011.10.05 09:11:59.804,0.83157,0.83179,1.13,1.43
2011.10.05 09:12:00.043,0.83156,0.83175,2.63,1.43
2011.10.05 09:12:00.827,0.83154,0.83173,1.73,1.88
2011.10.05 09:12:01.800,0.83154,0.83173,1.73,1.88
2011.10.05 09:12:02.921,0.83157,0.83173,1.13,1.88
2011.10.05 09:12:03.273,0.8316,0.83179,1.13,1.43
2011.10.05 09:12:03.636,0.83159,0.8318,1.43,1.43
2011.10.05 09:12:04.002,0.83159,0.83183,1.80,3.15
2011.10.05 09:12:04.351,0.8316,0.83183,1.13,2.55
2011.10.05 09:12:05.076,0.83164,0.83183,1.43,1.88
2011.10.05 09:12:05.198,0.83164,0.83183,1.43,1.88
2011.10.05 09:12:06.420,0.83164,0.83183,1.43,1.88
2011.10.05 09:12:11.273,0.83164,0.83183,1.43,1.88
2011.10.05 09:12:13.263,0.83164,0.83183,1.43,1.88
2011.10.05 09:12:13.380,0.83164,0.83183,1.43,1.88
2011.10.05 09:12:13.719,0.83163,0.83183,1.43,1.88
2011.10.05 09:12:14.801,0.8316,0.83183,1.13,2.55
2011.10.05 09:12:18.104,0.83164,0.83183,1.13,2.55
2011.10.05 09:12:18.892,0.83164,0.83183,1.13,1.88
2011.10.05 09:12:19.242,0.83166,0.83183,1.50,1.88
2011.10.05 09:12:19.362,0.83169,0.83188,2.85,1.43
2011.10.05 09:12:19.482,0.83172,0.83194,1.13,3.23
2011.10.05 09:12:20.009,0.83177,0.83194,2.10,3.23
2011.10.05 09:12:20.142,0.83181,0.83203,1.50,2.63
2011.10.05 09:12:20.721,0.83188,0.83203,1.13,1.88
2011.10.05 09:12:21.291,0.83185,0.83203,1.13,1.88
2011.10.05 09:12:22.112,0.83187,0.83203,1.13,1.88
2011.10.05 09:12:24.833,0.83187,0.83203,1.50,1.88
2011.10.05 09:12:25.307,0.83188,0.8321,1.05,1.43
2011.10.05 09:12:25.445,0.83189,0.83211,1.13,1.43
2011.10.05 09:12:25.804,0.83187,0.83208,1.13,1.35
2011.10.05 09:12:26.153,0.83187,0.83208,1.13,1.35
2011.10.05 09:12:27.263,0.83186,0.83208,3.60,2.10
2011.10.05 09:12:28.194,0.83186,0.83206,2.25,1.43
2011.10.05 09:12:28.821,0.83184,0.83204,1.80,1.88
2011.10.05 09:12:29.401,0.83184,0.83204,2.18,1.88
2011.10.05 09:12:30.758,0.83186,0.83204,1.13,1.88
2011.10.05 09:12:30.884,0.83186,0.83208,3.00,1.35
2011.10.05 09:12:31.009,0.83192,0.8321,1.13,2.78
2011.10.05 09:12:31.916,0.83194,0.83214,1.13,2.55
2011.10.05 09:12:32.155,0.83201,0.83221,1.05,1.13
2011.10.05 09:12:32.276,0.83202,0.83223,1.35,1.43
2011.10.05 09:12:32.764,0.83205,0.83224,1.80,1.88
2011.10.05 09:12:32.992,0.83206,0.83224,2.10,1.88
2011.10.05 09:12:37.550,0.83208,0.8323,1.43,1.13
2011.10.05 09:12:37.688,0.83216,0.83233,1.13,1.88
2011.10.05 09:12:38.058,0.83222,0.83238,2.10,1.35
2011.10.05 09:12:38.425,0.8323,0.83248,1.43,1.13
2011.10.05 09:12:38.543,0.83233,0.83251,1.05,3.07
2011.10.05 09:12:38.787,0.83229,0.8325,1.13,1.13
2011.10.05 09:12:38.913,0.83226,0.83243,1.70,1.88
2011.10.05 09:12:39.032,0.83226,0.83243,1.13,1.88
2011.10.05 09:12:41.403,0.83224,0.83243,2.40,1.88
2011.10.05 09:12:42.018,0.83224,0.83243,2.40,1.88
2011.10.05 09:12:42.927,0.83224,0.83243,2.40,1.88
2011.10.05 09:12:43.532,0.83224,0.83243,2.40,1.88
2011.10.05 09:12:44.013,0.83224,0.83243,2.40,1.88
2011.10.05 09:12:44.356,0.83226,0.83244,1.13,1.50
2011.10.05 09:12:45.163,0.83224,0.83244,2.40,1.88
2011.10.05 09:12:45.407,0.83218,0.8324,1.95,1.13
2011.10.05 09:12:45.872,0.83215,0.83234,1.43,2.55
2011.10.05 09:12:45.995,0.83213,0.83234,1.13,2.55
2011.10.05 09:12:46.477,0.83212,0.83234,1.13,2.55
2011.10.05 09:12:47.051,0.83213,0.83234,1.13,2.55
2011.10.05 09:12:47.840,0.83214,0.83234,1.43,1.88
2011.10.05 09:12:50.121,0.83214,0.83234,1.05,1.88
2011.10.05 09:12:51.432,0.83214,0.83234,1.05,2.63
2011.10.05 09:12:52.225,0.83211,0.83233,1.35,1.43
2011.10.05 09:12:52.462,0.83209,0.83231,1.80,1.13
2011.10.05 09:12:52.582,0.83209,0.83233,1.43,3.15
2011.10.05 09:12:53.164,0.83213,0.83233,1.43,2.10
2011.10.05 09:12:56.031,0.83211,0.83232,1.35,1.73
2011.10.05 09:12:56.835,0.83209,0.83223,2.10,1.88
2011.10.05 09:12:57.195,0.83208,0.83223,1.35,1.88
2011.10.05 09:12:57.650,0.83205,0.83223,1.80,1.88
2011.10.05 09:12:59.766,0.83203,0.83223,1.73,2.63
2011.10.05 09:13:00.423,0.83202,0.83222,1.35,1.43
2011.10.05 09:13:00.563,0.83197,0.83217,3.30,2.85
2011.10.05 09:13:00.808,0.83201,0.8322,1.43,3.08
2011.10.05 09:13:01.552,0.83201,0.8322,1.43,2.48
2011.10.05 09:13:01.675,0.83201,0.83214,1.43,1.88
2011.10.05 09:13:03.317,0.83195,0.83214,2.03,1.88
2011.10.05 09:13:03.780,0.83198,0.83214,1.35,1.88
2011.10.05 09:13:04.363,0.83198,0.83222,1.35,1.35
2011.10.05 09:13:05.502,0.83198,0.83222,2.10,1.35
2011.10.05 09:13:18.013,0.83199,0.83222,1.43,1.73
2011.10.05 09:13:19.178,0.83205,0.83223,1.43,2.10
2011.10.05 09:13:19.308,0.83205,0.83224,1.43,1.88
2011.10.05 09:13:19.433,0.83207,0.83227,1.43,1.43
2011.10.05 09:13:19.792,0.83211,0.83224,1.35,1.88
2011.10.05 09:13:20.629,0.83211,0.83224,2.10,1.88
2011.10.05 09:13:20.767,0.83219,0.83234,1.35,2.48
2011.10.05 09:13:24.595,0.83221,0.83243,1.28,3.00
2011.10.05 09:13:24.712,0.83222,0.83243,1.05,2.63
2011.10.05 09:13:25.071,0.83227,0.83243,1.35,1.88
2011.10.05 09:13:27.193,0.83225,0.83243,1.43,1.88
2011.10.05 09:13:30.296,0.83221,0.83229,1.35,4.50
2011.10.05 09:13:30.653,0.83201,0.83216,1.44,1.43
2011.10.05 09:13:30.780,0.83199,0.83214,2.19,2.55
2011.10.05 09:13:31.291,0.8319,0.83213,1.43,1.43
2011.10.05 09:13:31.426,0.83186,0.83202,1.88,1.35
2011.10.05 09:13:31.543,0.83179,0.83202,2.25,1.35
2011.10.05 09:13:32.351,0.83177,0.83201,2.63,1.35
2011.10.05 09:13:34.438,0.83177,0.83203,2.63,5.33
2011.10.05 09:13:35.178,0.83177,0.83201,1.88,1.35
2011.10.05 09:13:35.550,0.83177,0.83201,2.63,1.35
2011.10.05 09:13:36.404,0.83182,0.83203,1.43,2.48
2011.10.05 09:13:37.005,0.83182,0.83195,1.43,4.50
2011.10.05 09:13:37.364,0.83173,0.83191,1.37,1.28
2011.10.05 09:13:37.487,0.8317,0.83191,1.44,1.28
2011.10.05 09:13:37.613,0.83167,0.83191,3.99,1.28
2011.10.05 09:13:37.734,0.8317,0.83193,1.43,4.73
2011.10.05 09:13:38.340,0.8317,0.83193,2.10,4.73
2011.10.05 09:13:38.465,0.83167,0.83191,3.30,1.28
2011.10.05 09:13:39.631,0.83167,0.8319,2.55,1.35
2011.10.05 09:13:39.756,0.83164,0.83183,3.45,1.35
2011.10.05 09:13:39.995,0.83167,0.83184,1.35,3.98
2011.10.05 09:13:40.116,0.83165,0.83184,2.10,3.98
2011.10.05 09:13:40.355,0.83166,0.83174,2.10,1.88
2011.10.05 09:13:40.598,0.83166,0.83182,1.35,1.73
2011.10.05 09:13:41.032,0.83164,0.83173,1.35,1.88
2011.10.05 09:13:41.523,0.83167,0.83183,1.43,2.48
2011.10.05 09:13:41.753,0.83171,0.83183,1.35,2.48
2011.10.05 09:13:42.902,0.83171,0.83179,1.35,1.50
2011.10.05 09:13:43.029,0.83164,0.83179,1.35,2.25
2011.10.05 09:13:43.441,0.83161,0.83176,1.35,3.60
2011.10.05 09:13:43.818,0.83166,0.83174,1.35,1.88
2011.10.05 09:13:43.943,0.83164,0.83174,1.43,1.88
2011.10.05 09:13:45.391,0.83164,0.83188,3.38,2.18
2011.10.05 09:13:45.519,0.83169,0.83191,1.43,4.42
2011.10.05 09:13:46.625,0.83175,0.83194,1.43,2.25
2011.10.05 09:13:46.864,0.83175,0.83187,1.43,4.50
2011.10.05 09:13:47.104,0.83173,0.83193,1.35,2.63
2011.10.05 09:13:47.343,0.83173,0.83189,1.35,1.13
2011.10.05 09:13:47.463,0.83173,0.83192,1.35,1.13
2011.10.05 09:13:47.582,0.83167,0.83189,1.35,1.43
2011.10.05 09:13:48.178,0.83168,0.83192,1.43,1.88
2011.10.05 09:13:48.316,0.83168,0.83184,1.35,1.13
2011.10.05 09:13:48.446,0.83168,0.83184,1.35,1.13
2011.10.05 09:13:48.822,0.83166,0.83184,2.55,1.13
2011.10.05 09:13:49.292,0.83165,0.83184,1.43,4.73
2011.10.05 09:13:49.653,0.83165,0.83182,1.43,1.35
2011.10.05 09:13:50.018,0.83164,0.83181,1.43,1.13
2011.10.05 09:13:50.664,0.83168,0.83182,1.35,2.10
2011.10.05 09:13:50.790,0.83163,0.83183,1.43,1.73
2011.10.05 09:13:50.920,0.83164,0.83184,1.43,2.85
2011.10.05 09:13:51.470,0.83164,0.83184,1.43,2.85
2011.10.05 09:13:51.606,0.83171,0.83188,1.50,1.05
2011.10.05 09:13:51.852,0.83171,0.83189,1.50,1.35
2011.10.05 09:13:51.975,0.83176,0.83193,1.43,1.88
2011.10.05 09:13:52.215,0.83176,0.83186,1.43,2.85
2011.10.05 09:13:52.339,0.83166,0.83184,1.50,1.73
2011.10.05 09:13:52.705,0.83169,0.83183,1.35,2.63
2011.10.05 09:13:54.251,0.83169,0.83183,1.35,1.88
2011.10.05 09:13:54.372,0.83174,0.83183,1.35,1.88
2011.10.05 09:13:54.491,0.83171,0.83183,1.43,1.88
2011.10.05 09:13:54.952,0.83178,0.83188,1.35,2.25
2011.10.05 09:13:55.874,0.83172,0.83183,1.35,1.88
2011.10.05 09:13:57.301,0.83172,0.83192,1.35,1.13
2011.10.05 09:13:57.805,0.83174,0.83193,1.43,2.63
2011.10.05 09:14:04.508,0.83174,0.83187,1.43,1.35
2011.10.05 09:14:04.928,0.83169,0.83187,1.05,2.10
2011.10.05 09:14:05.061,0.83168,0.83184,1.35,2.25
2011.10.05 09:14:05.427,0.83173,0.8319,1.05,1.13
2011.10.05 09:14:05.796,0.83171,0.83188,1.43,1.35
2011.10.05 09:14:06.049,0.83164,0.83182,1.13,1.05
2011.10.05 09:14:06.182,0.83172,0.83184,1.43,2.25
2011.10.05 09:14:06.426,0.83171,0.83184,1.35,1.88
2011.10.05 09:14:07.009,0.83165,0.83184,1.43,1.88
2011.10.05 09:14:07.365,0.83165,0.83184,1.43,1.88
2011.10.05 09:14:08.173,0.83167,0.8319,1.35,2.48
2011.10.05 09:14:08.296,0.8317,0.8319,1.43,2.10
2011.10.05 09:14:08.424,0.83174,0.83194,2.03,1.88
2011.10.05 09:14:08.662,0.83172,0.83194,1.43,2.55
2011.10.05 09:14:10.344,0.83173,0.83194,1.13,2.93
2011.10.05 09:14:11.219,0.83172,0.83194,1.43,2.55
2011.10.05 09:14:11.464,0.83172,0.83193,1.43,1.13
2011.10.05 09:14:12.354,0.83168,0.83188,1.05,1.13
2011.10.05 09:14:12.747,0.83167,0.83188,1.05,1.13
2011.10.05 09:14:12.877,0.83171,0.83189,1.13,1.65
2011.10.05 09:14:13.260,0.83171,0.83192,1.13,1.50
2011.10.05 09:14:13.854,0.83171,0.83194,1.13,3.30
2011.10.05 09:14:14.212,0.83172,0.83194,1.13,2.93
2011.10.05 09:14:14.336,0.83175,0.83194,1.13,2.93
2011.10.05 09:14:15.549,0.83174,0.83194,1.80,2.25
2011.10.05 09:14:15.793,0.83175,0.83194,1.43,2.25
2011.10.05 09:14:16.813,0.83175,0.83193,1.05,1.73
2011.10.05 09:14:16.936,0.8317,0.83189,1.13,1.05
2011.10.05 09:14:17.064,0.83166,0.83184,2.63,1.28
2011.10.05 09:14:17.184,0.83165,0.83182,1.44,1.35
2011.10.05 09:14:17.542,0.83164,0.83179,1.35,1.35
2011.10.05 09:14:17.904,0.83161,0.83176,1.43,3.23
2011.10.05 09:14:18.863,0.83164,0.83176,1.35,2.48
2011.10.05 09:14:19.469,0.83164,0.83176,1.35,2.48
2011.10.05 09:14:19.717,0.83157,0.83174,1.43,2.48
2011.10.05 09:14:19.848,0.83154,0.83172,1.43,1.35
2011.10.05 09:14:19.973,0.83152,0.83172,1.35,1.35
2011.10.05 09:14:20.468,0.8315,0.83172,1.35,1.73
2011.10.05 09:14:20.704,0.83154,0.83172,1.43,1.35
2011.10.05 09:14:20.943,0.83152,0.83172,1.43,2.03
2011.10.05 09:14:21.181,0.83154,0.83174,1.43,2.48
2011.10.05 09:14:21.300,0.83154,0.83174,1.43,2.48
2011.10.05 09:14:21.422,0.83154,0.83174,1.43,2.48
2011.10.05 09:14:21.767,0.83159,0.83174,1.43,1.88
2011.10.05 09:14:22.014,0.8316,0.83174,1.35,2.48
2011.10.05 09:14:22.132,0.83154,0.83174,1.43,2.85
2011.10.05 09:14:22.255,0.83154,0.83174,1.43,2.85
2011.10.05 09:14:22.707,0.83156,0.83174,1.43,2.85
2011.10.05 09:14:23.286,0.8316,0.83174,1.43,1.88
2011.10.05 09:14:23.414,0.83163,0.83183,1.13,2.25
2011.10.05 09:14:23.981,0.83163,0.83183,1.13,2.25
2011.10.05 09:14:25.433,0.83158,0.83176,2.10,1.43
2011.10.05 09:14:25.672,0.83157,0.83172,2.63,1.05
2011.10.05 09:14:26.154,0.83158,0.83176,1.35,1.35
2011.10.05 09:14:26.612,0.83159,0.83179,1.43,2.85
2011.10.05 09:14:27.902,0.83157,0.83178,2.63,1.65
2011.10.05 09:14:28.494,0.83157,0.83178,2.63,2.03
2011.10.05 09:14:29.512,0.83157,0.83178,2.63,2.03
2011.10.05 09:14:29.632,0.83164,0.83181,1.13,1.73
2011.10.05 09:14:30.118,0.83166,0.83183,1.13,1.88
2011.10.05 09:14:30.244,0.83169,0.83183,1.13,1.88
2011.10.05 09:14:30.366,0.83169,0.83191,1.80,2.18
2011.10.05 09:14:30.482,0.83172,0.83191,1.13,1.05
2011.10.05 09:14:30.844,0.83171,0.83194,1.73,2.63
2011.10.05 09:14:31.702,0.83166,0.83185,3.00,2.10
2011.10.05 09:14:32.072,0.83162,0.83177,2.10,1.35
2011.10.05 09:14:32.199,0.83156,0.83173,2.57,1.13
2011.10.05 09:14:32.326,0.83153,0.83172,2.25,1.05
2011.10.05 09:14:32.444,0.83156,0.83172,1.88,1.05
2011.10.05 09:14:33.310,0.83152,0.83172,1.13,1.05
2011.10.05 09:14:33.661,0.83156,0.83172,1.88,1.05
2011.10.05 09:14:36.073,0.83152,0.83172,1.13,1.05
2011.10.05 09:14:40.879,0.83152,0.83172,1.13,1.05
2011.10.05 09:14:41.411,0.83152,0.83172,1.13,1.05
2011.10.05 09:14:41.991,0.83152,0.83172,1.13,1.05
2011.10.05 09:14:45.657,0.83153,0.83172,1.13,1.05
2011.10.05 09:14:46.024,0.83153,0.8317,1.13,1.05
2011.10.05 09:14:46.377,0.83152,0.83172,1.13,1.05
2011.10.05 09:14:46.851,0.83151,0.83172,1.13,1.80
2011.10.05 09:14:48.824,0.83151,0.83172,1.13,1.05
2011.10.05 09:14:49.271,0.83148,0.83169,1.80,1.80
2011.10.05 09:14:49.621,0.83148,0.83164,1.13,2.55
2011.10.05 09:14:50.553,0.83147,0.83164,1.13,3.30
2011.10.05 09:14:50.794,0.83144,0.83161,2.25,4.20
2011.10.05 09:14:51.275,0.83146,0.83164,1.43,2.63
2011.10.05 09:14:52.269,0.83143,0.83163,2.94,1.50
2011.10.05 09:14:52.634,0.83145,0.83161,1.43,1.13
2011.10.05 09:14:52.754,0.83141,0.83161,1.43,1.13
2011.10.05 09:14:53.115,0.83141,0.83163,1.43,5.03
2011.10.05 09:14:53.594,0.83144,0.83163,1.43,1.05
2011.10.05 09:14:54.278,0.83146,0.83164,1.43,1.88
2011.10.05 09:14:54.800,0.83146,0.83164,1.43,1.88
2011.10.05 09:14:58.855,0.83144,0.83164,2.10,2.63
2011.10.05 09:14:59.331,0.83144,0.83161,2.10,1.13
2011.10.05 09:14:59.723,0.83146,0.83154,1.35,1.88
2011.10.05 09:15:02.094,0.83146,0.83161,1.35,1.13
2011.10.05 09:15:02.213,0.83143,0.83162,1.43,1.13
2011.10.05 09:15:02.334,0.83145,0.83161,1.35,1.13
2011.10.05 09:15:02.698,0.83152,0.83169,1.05,1.50
2011.10.05 09:15:02.822,0.83152,0.83174,1.80,1.88
2011.10.05 09:15:02.944,0.83153,0.83173,1.44,2.25
2011.10.05 09:15:03.515,0.83153,0.83173,2.63,2.25
2011.10.05 09:15:03.875,0.83153,0.83171,2.25,1.28
2011.10.05 09:15:03.998,0.83153,0.83173,2.93,3.98
2011.10.05 09:15:04.547,0.83154,0.83173,1.50,1.88
2011.10.05 09:15:05.028,0.83157,0.83173,1.35,1.88
2011.10.05 09:15:05.756,0.83159,0.83173,1.43,2.25
2011.10.05 09:15:06.114,0.83154,0.83172,2.25,1.50
2011.10.05 09:15:06.581,0.83153,0.83171,1.43,1.13
2011.10.05 09:15:06.803,0.83153,0.83171,1.43,1.13
2011.10.05 09:15:07.164,0.83153,0.83166,1.43,1.13
2011.10.05 09:15:07.289,0.83153,0.83164,1.43,1.35
2011.10.05 09:15:07.758,0.83149,0.83161,1.35,1.13
2011.10.05 09:15:08.126,0.83144,0.83161,1.28,2.59
2011.10.05 09:15:08.256,0.8314,0.83161,1.43,1.84
2011.10.05 09:15:08.603,0.8314,0.83156,1.43,1.13
2011.10.05 09:15:08.951,0.8314,0.83156,1.43,1.13
2011.10.05 09:15:09.072,0.8314,0.83156,1.43,1.13
2011.10.05 09:15:12.381,0.83137,0.83156,1.13,1.13
2011.10.05 09:15:13.130,0.83135,0.83154,1.44,2.63
2011.10.05 09:15:13.710,0.83134,0.83154,3.30,3.23
2011.10.05 09:15:14.265,0.83137,0.83154,1.43,3.23
2011.10.05 09:15:14.732,0.83135,0.83154,1.43,3.23
2011.10.05 09:15:17.652,0.83135,0.83154,1.43,3.23
2011.10.05 09:15:18.894,0.83135,0.83154,1.43,3.23
2011.10.05 09:15:19.188,0.83134,0.83154,2.93,3.98
2011.10.05 09:15:19.444,0.83134,0.83154,1.43,3.98
2011.10.05 09:15:19.693,0.83133,0.83154,1.43,5.10
2011.10.05 09:15:19.817,0.8313,0.8315,1.43,1.13
2011.10.05 09:15:20.716,0.8313,0.8315,1.43,1.73
2011.10.05 09:15:20.853,0.8313,0.83152,1.43,3.60
2011.10.05 09:15:21.544,0.8313,0.83152,1.43,3.60
2011.10.05 09:15:21.771,0.8313,0.8315,1.43,1.35
2011.10.05 09:15:22.333,0.83129,0.8315,2.10,1.35
2011.10.05 09:15:24.394,0.8313,0.83151,1.43,1.73
2011.10.05 09:15:24.742,0.8313,0.83151,1.43,1.73
2011.10.05 09:15:24.974,0.83129,0.83151,1.43,2.40
2011.10.05 09:15:25.431,0.83127,0.83151,1.43,2.03
2011.10.05 09:15:25.566,0.83131,0.83153,1.43,1.50
2011.10.05 09:15:25.925,0.83133,0.83154,2.10,2.85
2011.10.05 09:15:26.554,0.83133,0.83154,2.10,3.23
2011.10.05 09:15:26.786,0.83136,0.83154,1.43,1.88
2011.10.05 09:15:28.112,0.83134,0.83153,1.35,1.50
2011.10.05 09:15:28.472,0.83132,0.83152,1.43,1.13
2011.10.05 09:15:28.595,0.83131,0.83143,1.43,1.88
2011.10.05 09:15:29.781,0.8313,0.83143,1.35,1.88
2011.10.05 09:15:30.023,0.83127,0.83143,1.80,1.88
2011.10.05 09:15:30.143,0.83129,0.83143,1.13,1.88
2011.10.05 09:15:30.481,0.83129,0.83143,1.13,1.88
2011.10.05 09:15:31.439,0.83133,0.83143,1.43,1.88
2011.10.05 09:15:31.958,0.83128,0.83146,1.43,1.13
2011.10.05 09:15:32.595,0.83128,0.83147,1.43,1.50
2011.10.05 09:15:32.757,0.83132,0.83154,1.13,2.25
2011.10.05 09:15:33.794,0.83132,0.83154,1.13,2.25
2011.10.05 09:15:33.913,0.83132,0.83153,1.13,1.05
2011.10.05 09:15:34.603,0.83131,0.83154,1.80,2.55
2011.10.05 09:15:34.831,0.83131,0.83154,1.80,2.55
2011.10.05 09:15:35.358,0.8313,0.83154,1.80,3.30
2011.10.05 09:15:35.495,0.83135,0.83154,1.43,2.63
2011.10.05 09:15:35.854,0.83135,0.83154,1.43,2.63
2011.10.05 09:15:37.129,0.8314,0.83155,1.43,1.50
2011.10.05 09:15:37.626,0.83141,0.83156,1.13,1.50
2011.10.05 09:15:37.769,0.83152,0.83173,1.43,1.95
2011.10.05 09:15:38.143,0.83152,0.83174,1.43,3.30
2011.10.05 09:15:39.095,0.83155,0.83171,1.43,4.50
2011.10.05 09:15:39.332,0.83151,0.83174,1.43,2.55
2011.10.05 09:15:39.453,0.83151,0.83174,1.43,2.55
2011.10.05 09:15:39.572,0.83153,0.83174,1.43,1.88
2011.10.05 09:15:40.137,0.83151,0.83174,2.10,1.88
2011.10.05 09:15:40.742,0.83151,0.83173,1.35,3.23
2011.10.05 09:15:41.104,0.83151,0.8317,1.35,1.09
2011.10.05 09:15:41.221,0.83148,0.83167,1.43,1.50
2011.10.05 09:15:41.344,0.83147,0.83167,1.43,1.50
2011.10.05 09:15:42.923,0.83147,0.83167,1.43,1.73
2011.10.05 09:15:43.555,0.83147,0.83167,1.43,1.73
2011.10.05 09:15:45.811,0.83147,0.83167,1.43,1.73
2011.10.05 09:15:46.174,0.83147,0.83168,1.80,1.35
2011.10.05 09:15:46.754,0.83147,0.83167,1.43,1.35
2011.10.05 09:15:48.203,0.83147,0.83167,1.43,1.35
2011.10.05 09:15:48.897,0.83151,0.83173,2.18,1.13
2011.10.05 09:15:49.017,0.8316,0.83174,1.43,2.25
2011.10.05 09:15:50.638,0.8316,0.83174,1.43,2.25
2011.10.05 09:15:52.103,0.8316,0.83174,1.43,2.25
2011.10.05 09:15:52.548,0.8316,0.83174,1.43,2.25
2011.10.05 09:15:53.214,0.83156,0.83174,1.43,2.25
2011.10.05 09:15:55.485,0.83156,0.83174,1.43,2.25
2011.10.05 09:15:55.726,0.83157,0.83176,2.25,1.50
2011.10.05 09:15:57.143,0.83153,0.83174,1.80,2.25
2011.10.05 09:15:57.260,0.83153,0.83174,1.80,2.25
2011.10.05 09:16:00.704,0.83153,0.8317,1.43,1.35
2011.10.05 09:16:01.051,0.83153,0.8317,1.43,1.35
2011.10.05 09:16:02.292,0.83152,0.83169,1.43,1.50
2011.10.05 09:16:02.415,0.83151,0.8317,1.13,1.35
2011.10.05 09:16:02.536,0.83151,0.8317,1.13,1.35
2011.10.05 09:16:03.363,0.83151,0.8317,1.80,1.35
2011.10.05 09:16:03.485,0.83156,0.83174,1.43,1.88
2011.10.05 09:16:04.819,0.83156,0.83174,1.43,1.88
2011.10.05 09:16:05.174,0.8316,0.83174,1.43,1.88
2011.10.05 09:16:05.531,0.8316,0.83174,1.43,1.88
2011.10.05 09:16:05.652,0.8316,0.83183,1.43,1.88
2011.10.05 09:16:05.891,0.8316,0.83183,1.43,1.88
2011.10.05 09:16:07.029,0.8316,0.83179,1.43,1.50
2011.10.05 09:16:07.639,0.83164,0.8318,1.05,1.50
2011.10.05 09:16:08.001,0.8317,0.83183,2.10,1.88
2011.10.05 09:16:08.562,0.83171,0.8319,1.43,1.13
2011.10.05 09:16:08.790,0.83172,0.83191,1.43,1.13
2011.10.05 09:16:09.428,0.83175,0.83194,1.35,4.73
2011.10.05 09:16:09.553,0.83175,0.83194,1.35,2.63
2011.10.05 09:16:09.676,0.83176,0.83194,1.43,2.25
2011.10.05 09:16:09.791,0.83176,0.83194,1.43,2.25
2011.10.05 09:16:10.258,0.83175,0.83192,1.35,1.50
2011.10.05 09:16:10.611,0.83176,0.83194,1.43,2.85
2011.10.05 09:16:10.854,0.83176,0.83194,1.80,1.88
2011.10.05 09:16:11.212,0.8318,0.83194,1.80,1.88
2011.10.05 09:16:11.332,0.8318,0.83203,1.80,3.38
2011.10.05 09:16:11.941,0.83187,0.83203,1.43,2.63
2011.10.05 09:16:12.809,0.83189,0.83204,1.43,1.88
2011.10.05 09:16:13.054,0.83188,0.83211,1.43,2.03
2011.10.05 09:16:13.175,0.83193,0.83211,2.10,1.80
2011.10.05 09:16:13.535,0.83195,0.83211,1.35,1.05
2011.10.05 09:16:13.773,0.83193,0.83213,1.43,1.88
2011.10.05 09:16:18.436,0.83196,0.83213,1.43,1.88
2011.10.05 09:16:18.685,0.83197,0.8322,2.63,1.43
2011.10.05 09:16:19.065,0.83197,0.8322,2.63,1.43
2011.10.05 09:16:19.563,0.83197,0.8322,1.88,1.43
2011.10.05 09:16:20.251,0.83203,0.83221,2.85,1.35
2011.10.05 09:16:20.485,0.83196,0.8322,4.05,1.43
2011.10.05 09:16:21.054,0.83196,0.8322,3.30,1.43
2011.10.05 09:16:22.180,0.83196,0.8322,2.55,1.43
2011.10.05 09:16:24.991,0.83195,0.83213,1.35,1.88
2011.10.05 09:16:25.334,0.83195,0.83213,1.35,2.63
2011.10.05 09:16:25.672,0.83191,0.83213,1.43,2.63
2011.10.05 09:16:26.474,0.83191,0.83213,1.43,2.63
2011.10.05 09:16:28.284,0.83192,0.83213,1.43,2.63
2011.10.05 09:16:28.622,0.8319,0.83213,1.35,2.63
2011.10.05 09:16:29.592,0.83192,0.83213,1.43,1.13
2011.10.05 09:16:30.062,0.83197,0.83216,1.88,1.43
2011.10.05 09:16:30.188,0.83197,0.83216,1.88,1.43
2011.10.05 09:16:31.641,0.83195,0.83213,1.35,1.88
2011.10.05 09:16:33.311,0.83195,0.83213,1.35,2.63
2011.10.05 09:16:36.096,0.83195,0.83213,1.35,2.63
2011.10.05 09:16:36.223,0.83191,0.83213,1.43,2.63
2011.10.05 09:16:36.353,0.8319,0.83212,1.35,2.85
2011.10.05 09:16:36.723,0.8319,0.83213,2.10,2.63
2011.10.05 09:16:36.968,0.83187,0.83211,2.55,1.43
2011.10.05 09:16:37.925,0.83187,0.83211,2.55,1.43
2011.10.05 09:16:39.215,0.83187,0.83211,2.18,1.43
2011.10.05 09:16:39.683,0.83188,0.83211,1.43,1.43
2011.10.05 09:16:39.802,0.83188,0.83209,1.43,1.13
2011.10.05 09:16:41.168,0.83183,0.83206,1.35,1.13
2011.10.05 09:16:41.415,0.83183,0.83203,1.35,1.88
2011.10.05 09:16:42.033,0.83183,0.83203,1.35,2.25
2011.10.05 09:16:42.624,0.83183,0.83204,1.35,1.88
2011.10.05 09:16:43.415,0.83183,0.83204,1.35,2.25
2011.10.05 09:16:44.340,0.83181,0.83203,1.43,2.93
2011.10.05 09:16:44.585,0.83177,0.832,2.55,1.13
2011.10.05 09:16:44.948,0.83173,0.83192,2.10,1.13
2011.10.05 09:16:45.079,0.83173,0.83189,1.35,1.13
2011.10.05 09:16:45.329,0.83168,0.83188,1.43,1.88
2011.10.05 09:16:45.905,0.83167,0.83188,2.63,1.13
2011.10.05 09:16:46.026,0.83167,0.83186,1.88,2.48
2011.10.05 09:16:46.384,0.83166,0.83185,1.88,1.43
2011.10.05 09:16:46.879,0.83161,0.83182,1.43,1.13
2011.10.05 09:16:47.473,0.83157,0.8318,2.55,1.43
2011.10.05 09:16:48.043,0.83157,0.8318,3.30,1.80
2011.10.05 09:16:48.779,0.83156,0.83177,1.05,1.13
2011.10.05 09:16:49.024,0.83153,0.83174,1.43,1.88
2011.10.05 09:16:50.224,0.83152,0.83173,1.43,1.13
2011.10.05 09:16:50.812,0.83153,0.83176,1.43,1.13
2011.10.05 09:16:50.931,0.83156,0.83177,1.88,1.43
2011.10.05 09:16:53.455,0.83157,0.83179,1.43,1.13
2011.10.05 09:16:53.815,0.83157,0.83181,3.30,1.43
2011.10.05 09:16:54.416,0.83161,0.83181,1.43,1.13
2011.10.05 09:16:55.043,0.83162,0.83184,1.43,2.93
2011.10.05 09:16:55.395,0.83162,0.83184,1.43,3.30
2011.10.05 09:16:55.958,0.83162,0.83184,1.43,2.55
2011.10.05 09:16:56.536,0.83159,0.83181,1.43,1.43
2011.10.05 09:16:57.026,0.83156,0.8318,1.13,1.43
2011.10.05 09:16:57.146,0.83154,0.83177,1.05,1.43
2011.10.05 09:16:57.265,0.83153,0.83177,1.43,1.43
2011.10.05 09:16:57.685,0.83153,0.83174,1.43,1.88
2011.10.05 09:17:00.132,0.83154,0.83174,1.43,2.63
2011.10.05 09:17:00.733,0.83152,0.83175,2.10,1.13
2011.10.05 09:17:01.395,0.83153,0.83176,1.43,1.43
2011.10.05 09:17:02.012,0.83153,0.83176,1.43,1.05
2011.10.05 09:17:02.422,0.83155,0.8318,2.10,1.80
2011.10.05 09:17:03.475,0.83156,0.8318,1.80,1.05
2011.10.05 09:17:04.052,0.83156,0.8318,1.80,1.05
2011.10.05 09:17:04.732,0.83156,0.83182,1.80,1.43
2011.10.05 09:17:05.371,0.83157,0.8318,1.43,1.43
2011.10.05 09:17:05.613,0.83157,0.83181,1.43,1.43
2011.10.05 09:17:06.432,0.83157,0.83182,1.43,1.43
2011.10.05 09:17:06.553,0.83157,0.83182,1.43,1.43
2011.10.05 09:17:06.893,0.83157,0.83181,1.43,1.05
2011.10.05 09:17:07.252,0.8316,0.83184,1.35,2.63
2011.10.05 09:17:09.363,0.83157,0.83182,1.05,1.80
2011.10.05 09:17:12.944,0.83157,0.83179,1.05,1.13
2011.10.05 09:17:13.552,0.83155,0.83179,1.13,1.13
2011.10.05 09:17:14.022,0.83153,0.83178,1.50,1.13
2011.10.05 09:17:14.389,0.83154,0.83177,1.13,1.13
2011.10.05 09:17:14.877,0.83151,0.83177,1.50,1.13
2011.10.05 09:17:14.999,0.83151,0.83177,1.13,1.13
2011.10.05 09:17:15.233,0.83151,0.83177,1.50,1.13
2011.10.05 09:17:15.356,0.83151,0.83177,1.13,1.13
2011.10.05 09:17:15.675,0.83151,0.83177,1.50,1.13
2011.10.05 09:17:16.184,0.83151,0.83176,1.50,1.13
2011.10.05 09:17:17.540,0.83151,0.83176,1.50,1.13
2011.10.05 09:17:18.732,0.83154,0.83176,1.13,1.13
2011.10.05 09:17:18.855,0.83154,0.83177,1.13,1.13
2011.10.05 09:17:19.762,0.83154,0.83175,1.43,1.13
2011.10.05 09:17:20.341,0.83152,0.83175,1.35,1.13
2011.10.05 09:17:20.698,0.8315,0.83172,1.80,1.43
2011.10.05 09:17:21.185,0.8315,0.83172,1.80,1.43
2011.10.05 09:17:21.867,0.83151,0.83176,1.73,1.43
2011.10.05 09:17:22.115,0.83154,0.83176,1.43,1.43
2011.10.05 09:17:22.716,0.83156,0.8318,1.35,1.13
2011.10.05 09:17:24.632,0.83156,0.83175,1.35,1.13
2011.10.05 09:17:24.753,0.83152,0.83175,1.43,1.13
2011.10.05 09:17:25.675,0.83155,0.83176,1.35,1.43
2011.10.05 09:17:25.795,0.83155,0.83176,2.70,1.13
2011.10.05 09:17:26.583,0.83155,0.83177,2.03,1.43
2011.10.05 09:17:27.195,0.83152,0.83173,1.43,1.35
2011.10.05 09:17:27.776,0.8315,0.83173,1.80,1.28
2011.10.05 09:17:28.243,0.8315,0.83173,1.80,1.28
2011.10.05 09:17:28.499,0.83153,0.83174,1.43,1.35
2011.10.05 09:17:29.071,0.83154,0.83177,1.05,1.43
2011.10.05 09:17:29.196,0.83152,0.83174,1.43,1.43
2011.10.05 09:17:29.596,0.8315,0.83174,1.43,1.43
2011.10.05 09:17:29.731,0.83154,0.83178,1.05,1.43
2011.10.05 09:17:29.853,0.83156,0.83178,1.13,1.43
2011.10.05 09:17:30.417,0.83155,0.83178,1.13,1.43
2011.10.05 09:17:30.883,0.83154,0.83178,1.80,1.43
2011.10.05 09:17:31.353,0.83154,0.83178,2.18,1.43
2011.10.05 09:17:31.479,0.83157,0.83178,1.80,1.43
2011.10.05 09:17:32.046,0.83156,0.83178,1.50,1.43
2011.10.05 09:17:32.171,0.83156,0.83177,1.50,1.43
2011.10.05 09:17:32.846,0.83159,0.83183,1.05,1.80
2011.10.05 09:17:33.093,0.83158,0.83182,1.05,1.13
2011.10.05 09:17:33.432,0.83158,0.83182,1.05,1.13
2011.10.05 09:17:35.431,0.83155,0.83179,1.05,1.43
2011.10.05 09:17:35.556,0.83155,0.83179,1.05,1.43
2011.10.05 09:17:35.875,0.83153,0.83174,1.13,1.43
2011.10.05 09:17:36.243,0.83152,0.83174,1.43,1.43
2011.10.05 09:17:36.688,0.83153,0.83174,1.13,1.43
2011.10.05 09:17:36.930,0.83152,0.83174,2.18,1.43
2011.10.05 09:17:37.507,0.83156,0.83178,1.05,1.43
2011.10.05 09:17:38.071,0.83156,0.83178,1.05,1.43
2011.10.05 09:17:38.192,0.83156,0.83178,1.05,1.43
2011.10.05 09:17:39.232,0.83156,0.83178,1.05,1.43
2011.10.05 09:17:39.351,0.83158,0.83178,1.13,1.43
2011.10.05 09:17:39.590,0.83156,0.83178,1.05,1.43
2011.10.05 09:17:40.865,0.83157,0.83178,1.50,1.43
2011.10.05 09:17:41.232,0.83162,0.83183,1.35,2.63
2011.10.05 09:17:41.699,0.8316,0.83182,2.10,1.43
2011.10.05 09:17:42.178,0.8316,0.83182,1.43,1.43
2011.10.05 09:17:46.561,0.83157,0.83182,2.10,1.43
2011.10.05 09:17:49.307,0.83157,0.83182,2.48,1.43
2011.10.05 09:17:49.429,0.83158,0.83182,1.43,1.43
2011.10.05 09:17:49.549,0.83158,0.83182,1.43,2.10
2011.10.05 09:17:49.888,0.83157,0.8318,1.13,1.35
2011.10.05 09:17:53.558,0.83158,0.8318,1.13,1.35
2011.10.05 09:17:54.346,0.83156,0.8318,2.18,1.35
2011.10.05 09:17:54.900,0.83156,0.8318,2.18,1.35
2011.10.05 09:17:55.523,0.83156,0.83179,2.18,1.43
2011.10.05 09:17:56.308,0.83156,0.83179,2.18,1.43
2011.10.05 09:17:57.218,0.83156,0.8318,2.18,2.10
2011.10.05 09:17:58.172,0.83156,0.8318,2.18,1.35
2011.10.05 09:18:00.920,0.83158,0.8318,1.13,1.35
2011.10.05 09:18:01.636,0.83159,0.83182,3.99,1.13
2011.10.05 09:18:02.217,0.83159,0.83182,1.80,1.13
2011.10.05 09:18:04.041,0.83158,0.83179,2.25,1.43
2011.10.05 09:18:04.169,0.83158,0.83178,1.88,1.13
2011.10.05 09:18:04.533,0.83155,0.83175,1.50,1.80
2011.10.05 09:18:05.128,0.83155,0.83175,1.50,1.80
2011.10.05 09:18:05.491,0.83155,0.83172,1.13,2.10
2011.10.05 09:18:09.730,0.83154,0.83172,1.13,1.35
2011.10.05 09:18:11.778,0.83151,0.83172,1.50,2.10
2011.10.05 09:18:14.838,0.8315,0.83171,1.50,1.43
2011.10.05 09:18:15.288,0.83148,0.83166,2.48,1.43
2011.10.05 09:18:15.891,0.8315,0.83171,1.50,1.43
2011.10.05 09:18:16.561,0.83149,0.83171,1.50,1.43
2011.10.05 09:18:16.805,0.83149,0.83167,1.50,1.43
2011.10.05 09:18:18.978,0.83148,0.83167,2.10,1.43
2011.10.05 09:18:19.100,0.83148,0.8317,2.40,1.43
2011.10.05 09:18:22.206,0.83148,0.83167,1.43,1.13
2011.10.05 09:18:22.455,0.83148,0.83169,1.43,1.13
2011.10.05 09:18:23.542,0.83148,0.83168,1.43,1.13
2011.10.05 09:18:26.272,0.83148,0.8317,1.80,1.43
2011.10.05 09:18:26.536,0.83148,0.8317,1.80,1.43
2011.10.05 09:18:26.792,0.8315,0.83171,1.35,1.35
2011.10.05 09:18:27.261,0.83148,0.8317,2.48,1.43
2011.10.05 09:18:27.489,0.83148,0.8317,1.80,1.43
2011.10.05 09:18:28.474,0.83148,0.83172,3.53,1.35
2011.10.05 09:18:28.719,0.83148,0.8317,1.43,1.43
2011.10.05 09:18:32.297,0.83148,0.8317,1.43,1.43
2011.10.05 09:18:33.056,0.83148,0.8317,1.43,1.43
2011.10.05 09:18:33.583,0.83148,0.8317,1.43,1.43
2011.10.05 09:18:33.710,0.8315,0.83174,1.35,1.50
2011.10.05 09:18:36.741,0.8315,0.83172,1.35,1.13
2011.10.05 09:18:37.208,0.83147,0.8317,3.68,1.43
2011.10.05 09:18:38.172,0.83147,0.8317,2.93,1.43
2011.10.05 09:18:38.525,0.83147,0.8317,3.68,1.43
2011.10.05 09:18:38.771,0.83147,0.83167,1.43,1.13
2011.10.05 09:18:39.423,0.83144,0.83163,1.35,1.35
2011.10.05 09:18:39.562,0.83139,0.83161,1.73,1.43
2011.10.05 09:18:40.898,0.8314,0.83163,1.65,1.13
2011.10.05 09:18:41.019,0.83141,0.83163,1.43,1.13
2011.10.05 09:18:41.627,0.8314,0.83163,1.28,1.13
2011.10.05 09:18:42.802,0.8314,0.83163,1.28,1.13
2011.10.05 09:18:43.611,0.83141,0.83163,1.05,1.13
2011.10.05 09:18:49.408,0.83138,0.83161,2.10,1.43
2011.10.05 09:18:50.100,0.83138,0.83161,2.48,1.43
2011.10.05 09:18:50.681,0.8314,0.83163,2.33,1.13
2011.10.05 09:18:51.130,0.83141,0.83164,1.80,1.13
2011.10.05 09:18:51.827,0.83141,0.83162,1.43,1.13
2011.10.05 09:18:51.950,0.8314,0.83161,1.95,1.13
2011.10.05 09:18:52.531,0.83138,0.8316,3.53,1.43
2011.10.05 09:18:52.648,0.83137,0.8316,1.43,1.43
2011.10.05 09:18:54.147,0.83135,0.83156,1.13,1.43
2011.10.05 09:18:57.314,0.83134,0.83156,1.80,1.43
2011.10.05 09:18:58.097,0.83135,0.83156,1.13,1.43
2011.10.05 09:19:06.217,0.83136,0.83157,2.63,1.43
2011.10.05 09:19:07.023,0.83137,0.83158,1.13,2.10
2011.10.05 09:19:07.150,0.83137,0.83156,2.63,1.43
2011.10.05 09:19:08.260,0.83137,0.83159,2.55,1.13
2011.10.05 09:19:08.381,0.83137,0.83159,3.30,1.13
2011.10.05 09:19:09.096,0.83137,0.8316,3.30,1.13
2011.10.05 09:19:10.434,0.83143,0.83161,1.50,1.05
2011.10.05 09:19:11.035,0.83152,0.83169,1.43,1.49
2011.10.05 09:19:11.192,0.83152,0.83173,1.05,2.63
2011.10.05 09:19:11.430,0.83152,0.83173,1.05,2.63
2011.10.05 09:19:11.794,0.83153,0.83173,1.05,2.63
2011.10.05 09:19:12.281,0.83157,0.83174,2.25,1.13
2011.10.05 09:19:13.603,0.83153,0.83174,1.80,3.00
2011.10.05 09:19:14.920,0.8316,0.83177,1.88,1.28
2011.10.05 09:19:15.284,0.83163,0.83183,1.13,1.13
2011.10.05 09:19:15.410,0.83163,0.83183,1.50,1.13
2011.10.05 09:19:15.532,0.83162,0.83183,1.05,1.50
2011.10.05 09:19:15.650,0.83162,0.83183,1.43,1.50
2011.10.05 09:19:16.155,0.83162,0.83183,1.80,1.13
2011.10.05 09:19:16.719,0.83166,0.83183,2.25,1.13
2011.10.05 09:19:17.993,0.83161,0.83182,2.10,1.13
2011.10.05 09:19:18.607,0.8316,0.8318,1.05,1.13
2011.10.05 09:19:18.733,0.83158,0.8318,1.65,1.13
2011.10.05 09:19:21.181,0.83158,0.8318,1.65,1.13
2011.10.05 09:19:21.882,0.83163,0.8318,1.43,1.13
2011.10.05 09:19:22.036,0.83169,0.83191,1.35,3.07
2011.10.05 09:19:23.491,0.83169,0.83192,1.35,1.13
2011.10.05 09:19:23.949,0.83167,0.83191,2.03,1.80
2011.10.05 09:19:24.439,0.83167,0.8319,1.28,1.13
2011.10.05 09:19:25.068,0.83167,0.8319,1.28,1.13
2011.10.05 09:19:26.129,0.83166,0.83187,3.30,1.43
2011.10.05 09:19:26.482,0.83163,0.83185,2.03,1.50
2011.10.05 09:19:26.601,0.83163,0.83182,1.35,1.05
2011.10.05 09:19:27.151,0.83161,0.83182,1.13,1.05
2011.10.05 09:19:28.287,0.83162,0.83182,1.13,1.05
2011.10.05 09:19:29.657,0.83162,0.83182,1.13,1.05
2011.10.05 09:19:32.030,0.83161,0.83182,1.13,1.05
2011.10.05 09:19:36.054,0.83161,0.8318,1.13,1.13
2011.10.05 09:19:37.533,0.83162,0.83182,1.13,1.80
2011.10.05 09:19:37.889,0.83165,0.83182,1.43,1.13
2011.10.05 09:19:38.353,0.83168,0.83188,1.73,1.13
2011.10.05 09:19:38.469,0.83168,0.83188,1.73,1.13
2011.10.05 09:19:38.989,0.83163,0.83186,1.35,1.13
2011.10.05 09:19:39.579,0.83166,0.83185,1.88,1.80
2011.10.05 09:19:39.939,0.83158,0.83179,1.73,1.80
2011.10.05 09:19:40.425,0.83157,0.83178,3.53,1.13
2011.10.05 09:19:41.848,0.83157,0.83176,2.48,1.80
2011.10.05 09:19:41.972,0.83155,0.83174,1.13,1.28
2011.10.05 09:19:42.551,0.83153,0.83175,1.05,1.05
2011.10.05 09:19:42.669,0.83151,0.83174,2.10,1.88
2011.10.05 09:19:44.531,0.83152,0.83174,1.43,2.63
2011.10.05 09:19:44.770,0.83154,0.83174,1.35,2.63
2011.10.05 09:19:47.656,0.83186,0.83192,2.63,2.32
2011.10.05 09:19:47.803,0.83183,0.83202,1.13,1.35
2011.10.05 09:19:48.531,0.83179,0.832,2.10,1.43
2011.10.05 09:19:48.883,0.83181,0.83202,1.43,1.43
2011.10.05 09:19:49.459,0.83187,0.83205,1.13,1.43
2011.10.05 09:19:49.590,0.83187,0.83208,1.73,1.43
2011.10.05 09:19:50.157,0.83187,0.83208,1.73,1.43
2011.10.05 09:19:50.402,0.83188,0.83208,1.13,1.43
2011.10.05 09:19:50.521,0.83187,0.83208,2.10,1.43
2011.10.05 09:19:51.099,0.83187,0.83208,4.35,1.43
2011.10.05 09:19:52.391,0.83187,0.83206,2.25,1.13
2011.10.05 09:19:52.848,0.83186,0.83203,1.88,1.13
2011.10.05 09:19:53.198,0.83184,0.83203,1.50,1.50
2011.10.05 09:19:54.710,0.83182,0.83203,2.18,1.13
2011.10.05 09:19:55.190,0.83182,0.83204,1.80,3.30
2011.10.05 09:19:55.552,0.83179,0.832,1.13,1.80
2011.10.05 09:19:56.141,0.83182,0.83203,2.85,1.13
2011.10.05 09:19:56.271,0.83185,0.83204,1.13,1.13
2011.10.05 09:19:58.589,0.83182,0.83203,2.25,1.13
2011.10.05 09:19:59.176,0.83182,0.83203,1.50,2.48
2011.10.05 09:19:59.307,0.8318,0.83201,1.13,1.05
2011.10.05 09:19:59.438,0.83182,0.83199,1.13,1.35
2011.10.05 09:19:59.805,0.83178,0.83196,1.13,1.43
2011.10.05 09:20:00.621,0.8318,0.83201,1.35,1.43
2011.10.05 09:20:01.198,0.8318,0.83201,2.10,1.43
2011.10.05 09:20:02.054,0.8318,0.83201,1.35,1.43
2011.10.05 09:20:02.748,0.8318,0.83201,1.35,1.43
2011.10.05 09:20:04.412,0.8318,0.83201,1.35,1.43
2011.10.05 09:20:04.995,0.8318,0.83201,1.35,1.43
2011.10.05 09:20:05.651,0.8318,0.83201,1.35,1.80
2011.10.05 09:20:07.128,0.83179,0.83201,1.35,1.80
2011.10.05 09:20:07.646,0.83179,0.83201,1.35,1.80
2011.10.05 09:20:13.698,0.83179,0.83201,1.50,1.80
2011.10.05 09:20:14.173,0.83178,0.83201,1.13,1.80
2011.10.05 09:20:15.039,0.83177,0.83195,1.43,1.13
2011.10.05 09:20:15.172,0.83174,0.83195,1.13,1.13
2011.10.05 09:20:15.294,0.83171,0.83193,1.35,1.13
2011.10.05 09:20:15.533,0.83169,0.8319,2.85,1.13
2011.10.05 09:20:17.810,0.83166,0.83187,1.50,1.13
2011.10.05 09:20:18.160,0.83166,0.83185,1.50,1.13
2011.10.05 09:20:18.792,0.83163,0.83184,2.25,1.35
2011.10.05 09:20:18.915,0.8316,0.83181,1.50,1.13
2011.10.05 09:20:19.598,0.8316,0.83179,1.13,1.13
2011.10.05 09:20:19.723,0.83158,0.83179,1.50,1.13
2011.10.05 09:20:19.959,0.83157,0.83178,1.88,1.13
2011.10.05 09:20:20.531,0.83157,0.8318,1.88,1.13
2011.10.05 09:20:22.978,0.83157,0.8318,1.88,1.13
2011.10.05 09:20:25.410,0.83157,0.8318,1.13,1.13
2011.10.05 09:20:25.750,0.83157,0.8318,1.13,1.13
2011.10.05 09:20:28.273,0.83156,0.83177,1.80,1.13
2011.10.05 09:20:28.947,0.83155,0.83174,2.03,1.13
2011.10.05 09:20:31.069,0.83155,0.83175,1.05,1.13
2011.10.05 09:20:31.698,0.83152,0.83173,1.50,1.80
2011.10.05 09:20:40.768,0.83152,0.83173,1.50,3.30
2011.10.05 09:20:45.311,0.83152,0.83173,1.50,3.30
2011.10.05 09:20:46.436,0.83156,0.83175,2.25,1.80
2011.10.05 09:20:47.969,0.83156,0.83175,1.88,1.13
2011.10.05 09:20:48.535,0.83154,0.83173,1.43,2.63
2011.10.05 09:20:50.032,0.83154,0.83173,1.43,3.00
2011.10.05 09:20:52.058,0.83156,0.83174,2.25,1.13
2011.10.05 09:20:56.739,0.83153,0.83173,2.48,1.13
2011.10.05 09:20:57.219,0.83157,0.83173,1.88,1.13
2011.10.05 09:20:57.882,0.83157,0.83172,1.88,1.13
2011.10.05 09:20:59.222,0.83157,0.83172,1.88,1.13
2011.10.05 09:20:59.789,0.83157,0.8317,1.88,1.13
2011.10.05 09:21:00.750,0.8316,0.83177,1.43,1.13
2011.10.05 09:21:00.874,0.83163,0.83185,2.10,2.32
2011.10.05 09:21:01.000,0.8317,0.83186,1.28,2.32
2011.10.05 09:21:01.125,0.8317,0.83186,1.28,1.50
2011.10.05 09:21:01.617,0.83176,0.83194,1.35,1.13
2011.10.05 09:21:01.974,0.83179,0.83202,1.35,1.35
2011.10.05 09:21:03.904,0.83179,0.832,1.35,1.13
2011.10.05 09:21:04.838,0.83179,0.832,1.35,1.13
2011.10.05 09:21:18.489,0.83179,0.83199,1.35,1.50
2011.10.05 09:21:19.439,0.83179,0.83199,1.35,1.50
2011.10.05 09:21:19.939,0.83179,0.83199,1.35,1.50
2011.10.05 09:21:20.186,0.83176,0.83199,3.23,1.50
2011.10.05 09:21:20.704,0.83176,0.83199,3.23,1.50
2011.10.05 09:21:20.839,0.83176,0.83199,3.23,1.50
2011.10.05 09:21:21.443,0.83176,0.83199,3.23,1.50
2011.10.05 09:21:21.571,0.83176,0.83199,3.23,1.50
2011.10.05 09:21:24.003,0.83176,0.83193,3.23,1.13
2011.10.05 09:21:25.642,0.83176,0.83193,1.88,1.13
2011.10.05 09:21:26.878,0.83176,0.83193,1.88,1.13
2011.10.05 09:21:27.989,0.83176,0.83192,1.88,1.13
2011.10.05 09:21:28.329,0.83176,0.83192,1.88,1.13
2011.10.05 09:21:28.688,0.83171,0.83189,1.35,1.13
2011.10.05 09:21:30.735,0.83171,0.83191,1.73,1.13
2011.10.05 09:21:32.648,0.83171,0.8319,1.35,1.13
2011.10.05 09:21:33.285,0.83171,0.8319,1.35,1.13
2011.10.05 09:21:34.240,0.83171,0.83191,1.73,1.13
2011.10.05 09:21:36.523,0.83169,0.83189,1.65,1.13
2011.10.05 09:21:37.116,0.83167,0.83183,3.23,1.13
2011.10.05 09:21:38.706,0.83167,0.83184,2.55,1.88
2011.10.05 09:21:38.845,0.83159,0.83179,1.05,1.13
2011.10.05 09:21:39.344,0.83159,0.83179,1.05,1.88
2011.10.05 09:21:39.716,0.83163,0.83184,1.43,1.50
2011.10.05 09:21:40.251,0.83167,0.83184,2.93,1.13
2011.10.05 09:21:41.581,0.83168,0.83186,1.05,1.13
2011.10.05 09:21:41.702,0.83169,0.8319,1.35,1.50
2011.10.05 09:21:42.279,0.83169,0.83193,1.73,2.63
2011.10.05 09:21:43.940,0.83169,0.83187,1.35,1.13
2011.10.05 09:21:44.179,0.8317,0.83188,1.05,1.13
2011.10.05 09:21:44.427,0.83174,0.83192,1.35,1.50
2011.10.05 09:21:44.796,0.83177,0.83193,1.35,2.63
2011.10.05 09:21:45.665,0.83177,0.83193,1.35,2.63
2011.10.05 09:21:46.228,0.83177,0.83192,1.35,1.13
2011.10.05 09:21:47.798,0.83177,0.83192,1.35,1.13
2011.10.05 09:21:48.260,0.83177,0.83193,1.35,1.88
2011.10.05 09:21:49.973,0.83177,0.83201,3.23,1.13
2011.10.05 09:21:50.769,0.83177,0.83193,3.23,1.13
2011.10.05 09:21:51.942,0.83177,0.8319,1.35,1.13
2011.10.05 09:21:52.505,0.83174,0.8319,1.35,1.13
2011.10.05 09:21:53.680,0.83174,0.83194,1.35,2.63
2011.10.05 09:21:54.373,0.83174,0.83191,1.35,1.13
2011.10.05 09:21:55.648,0.83174,0.8319,1.35,1.13
2011.10.05 09:21:56.263,0.83174,0.83191,1.35,1.13
2011.10.05 09:21:59.370,0.83174,0.83192,1.35,1.50
2011.10.05 09:22:01.364,0.83169,0.83188,1.43,1.13
2011.10.05 09:22:02.011,0.83168,0.83182,1.95,1.13
2011.10.05 09:22:02.142,0.83166,0.83183,2.55,1.13
2011.10.05 09:22:02.502,0.83166,0.83184,2.55,1.13
2011.10.05 09:22:02.740,0.83168,0.83187,1.05,1.13
2011.10.05 09:22:03.099,0.83169,0.83187,1.35,1.13
2011.10.05 09:22:03.460,0.8317,0.83191,1.65,1.13
2011.10.05 09:22:03.581,0.83168,0.83194,2.48,2.63
2011.10.05 09:22:03.809,0.83167,0.83188,1.13,1.13
2011.10.05 09:22:05.862,0.83171,0.83188,1.35,1.13
2011.10.05 09:22:09.059,0.83171,0.83186,1.35,1.13
2011.10.05 09:22:09.511,0.83169,0.83189,1.05,1.13
2011.10.05 09:22:09.874,0.83171,0.83191,1.05,1.13
2011.10.05 09:22:10.718,0.83171,0.83191,1.05,1.13
2011.10.05 09:22:11.802,0.8317,0.83186,1.35,1.13
2011.10.05 09:22:11.921,0.8317,0.83187,1.35,1.13
2011.10.05 09:22:13.318,0.8317,0.8319,1.73,1.13
2011.10.05 09:22:14.363,0.83177,0.83195,1.88,1.35
2011.10.05 09:22:14.612,0.83179,0.83193,1.35,2.63
2011.10.05 09:22:14.973,0.83183,0.83199,1.35,1.13
2011.10.05 09:22:15.093,0.83183,0.83199,1.35,1.13
2011.10.05 09:22:15.211,0.83179,0.83199,1.73,1.13
2011.10.05 09:22:15.331,0.83179,0.83199,1.05,1.13
2011.10.05 09:22:16.697,0.83179,0.83198,1.05,1.13
2011.10.05 09:22:17.272,0.83183,0.83201,1.35,1.13
2011.10.05 09:22:17.399,0.83183,0.83203,1.35,2.63
2011.10.05 09:22:18.274,0.83183,0.83201,1.35,1.13
2011.10.05 09:22:19.233,0.8318,0.83203,1.80,3.38
2011.10.05 09:22:19.380,0.83182,0.83203,2.10,3.38
2011.10.05 09:22:22.470,0.8318,0.832,1.35,1.13
2011.10.05 09:22:22.589,0.83179,0.832,2.40,1.13
2011.10.05 09:22:24.671,0.8318,0.83197,1.05,1.13
2011.10.05 09:22:25.388,0.83177,0.83197,2.25,1.13
2011.10.05 09:22:25.508,0.83177,0.83194,1.88,1.13
2011.10.05 09:22:25.631,0.83174,0.83193,1.05,2.63
2011.10.05 09:22:26.079,0.83175,0.83193,1.05,2.63
2011.10.05 09:22:26.431,0.83178,0.83193,1.05,2.63
2011.10.05 09:22:26.780,0.83178,0.83193,1.73,1.13
2011.10.05 09:22:27.010,0.83178,0.83198,1.73,1.13
2011.10.05 09:22:27.592,0.8318,0.83198,1.05,1.13
2011.10.05 09:22:28.349,0.8318,0.83199,1.05,1.13
2011.10.05 09:22:28.485,0.83182,0.83199,1.35,1.13
2011.10.05 09:22:29.061,0.83182,0.83198,1.35,1.13
2011.10.05 09:22:30.262,0.83182,0.83199,1.35,1.13
2011.10.05 09:22:30.952,0.83182,0.83203,2.10,2.63
2011.10.05 09:22:31.333,0.83186,0.83203,1.35,2.63
2011.10.05 09:22:31.730,0.83186,0.83205,2.55,1.13
2011.10.05 09:22:32.074,0.83186,0.83205,1.88,1.13
2011.10.05 09:22:32.320,0.83188,0.83204,2.10,2.25
2011.10.05 09:22:32.566,0.83184,0.832,1.05,1.50
2011.10.05 09:22:32.694,0.83184,0.83204,1.05,1.13
2011.10.05 09:22:33.300,0.83187,0.83205,1.88,1.50
2011.10.05 09:22:34.681,0.83187,0.83205,1.88,1.50
2011.10.05 09:22:35.163,0.83189,0.83211,2.78,3.44
2011.10.05 09:22:35.281,0.83191,0.83211,1.35,2.63
2011.10.05 09:22:35.523,0.83188,0.83212,1.35,1.35
2011.10.05 09:22:36.088,0.83187,0.83211,1.43,2.18
2011.10.05 09:22:36.220,0.83187,0.83209,2.55,1.43
2011.10.05 09:22:36.349,0.83187,0.83209,3.98,1.43
2011.10.05 09:22:36.884,0.83189,0.83208,1.35,1.13
2011.10.05 09:22:37.613,0.83192,0.83212,1.05,1.13
2011.10.05 09:22:37.851,0.83196,0.83216,1.05,1.50
2011.10.05 09:22:38.092,0.83196,0.83216,3.23,1.50
2011.10.05 09:22:38.609,0.83196,0.83216,3.23,1.50
2011.10.05 09:22:38.882,0.83196,0.83216,3.23,1.50
2011.10.05 09:22:39.448,0.83196,0.83217,1.88,1.80
2011.10.05 09:22:42.840,0.83196,0.83217,1.88,1.80
2011.10.05 09:22:43.558,0.83196,0.83217,1.88,1.80
2011.10.05 09:22:44.778,0.83196,0.83217,1.88,1.43
2011.10.05 09:22:44.907,0.83196,0.83217,1.88,1.43
2011.10.05 09:22:45.156,0.83196,0.83218,3.38,1.28
2011.10.05 09:22:46.030,0.83198,0.83223,2.10,1.43
2011.10.05 09:22:46.539,0.83199,0.83222,1.05,1.43
2011.10.05 09:22:47.204,0.83196,0.83217,2.45,1.13
2011.10.05 09:22:47.790,0.83196,0.83217,2.25,1.13
2011.10.05 09:22:49.200,0.83198,0.83217,1.13,1.13
2011.10.05 09:22:50.186,0.83203,0.83217,1.50,1.13
2011.10.05 09:22:50.539,0.83204,0.83219,1.50,2.03
2011.10.05 09:22:51.979,0.83201,0.83214,1.50,1.43
2011.10.05 09:22:52.221,0.83204,0.83214,1.50,1.43
2011.10.05 09:22:52.339,0.83204,0.83214,1.50,1.43
2011.10.05 09:22:52.458,0.83204,0.83214,1.50,1.43
2011.10.05 09:22:56.325,0.83204,0.83218,1.50,1.43
2011.10.05 09:22:59.259,0.83204,0.83223,1.50,1.43
2011.10.05 09:22:59.873,0.83205,0.83223,1.50,1.43
2011.10.05 09:23:00.121,0.83205,0.83223,1.50,1.43
2011.10.05 09:23:00.704,0.83205,0.83222,1.50,1.43
2011.10.05 09:23:01.751,0.83206,0.83222,2.63,1.43
2011.10.05 09:23:01.877,0.83209,0.83222,1.50,1.43
2011.10.05 09:23:02.505,0.83209,0.83222,1.50,1.43
2011.10.05 09:23:03.545,0.83209,0.83222,1.50,1.43
2011.10.05 09:23:04.137,0.83207,0.83218,1.50,1.43
2011.10.05 09:23:05.335,0.83208,0.83218,1.50,1.43
2011.10.05 09:23:06.613,0.83208,0.83222,1.50,1.43
2011.10.05 09:23:06.732,0.83208,0.83222,1.50,1.43
2011.10.05 09:23:07.100,0.83208,0.83215,1.50,1.43
2011.10.05 09:23:07.874,0.83205,0.83216,1.13,1.43
2011.10.05 09:23:08.008,0.83208,0.83216,1.50,1.43
2011.10.05 09:23:08.379,0.83214,0.8322,1.50,1.43
2011.10.05 09:23:08.507,0.83213,0.83223,1.50,3.30
2011.10.05 09:23:09.108,0.83213,0.83223,1.50,1.43
2011.10.05 09:23:09.617,0.83207,0.83221,1.50,1.13
2011.10.05 09:23:09.732,0.83204,0.83221,1.50,1.13
2011.10.05 09:23:10.286,0.83203,0.83218,1.50,1.43
2011.10.05 09:23:10.529,0.83203,0.83218,1.50,1.43
2011.10.05 09:23:11.003,0.83203,0.83218,1.50,1.80
2011.10.05 09:23:11.364,0.83201,0.83216,1.50,1.13
2011.10.05 09:23:12.194,0.83202,0.83218,1.50,1.43
2011.10.05 09:23:12.330,0.83205,0.83218,1.50,1.43
2011.10.05 09:23:13.262,0.83205,0.83218,1.50,1.43
2011.10.05 09:23:13.961,0.83206,0.83218,1.50,1.43
2011.10.05 09:23:14.520,0.83205,0.83218,1.50,1.43
2011.10.05 09:23:20.667,0.83204,0.83216,1.13,1.50
2011.10.05 09:23:20.788,0.83198,0.83216,1.35,1.50
2011.10.05 09:23:21.482,0.83198,0.83216,1.35,2.25
2011.10.05 09:23:22.037,0.83197,0.83216,1.35,2.25
2011.10.05 09:23:22.689,0.83197,0.83216,1.35,2.25
2011.10.05 09:23:23.138,0.83197,0.83215,1.35,1.50
2011.10.05 09:23:23.809,0.83196,0.83215,5.40,1.50
2011.10.05 09:23:24.048,0.83196,0.83215,5.03,1.50
2011.10.05 09:23:24.995,0.83196,0.83215,5.03,2.25
2011.10.05 09:23:25.241,0.83196,0.8321,3.68,1.50
2011.10.05 09:23:25.821,0.83197,0.83209,1.88,1.50
2011.10.05 09:23:26.779,0.83196,0.83209,2.25,1.50
2011.10.05 09:23:27.503,0.83196,0.83209,2.25,1.50
2011.10.05 09:23:29.092,0.83192,0.83209,1.05,2.25
2011.10.05 09:23:29.658,0.83192,0.83209,1.05,1.50
2011.10.05 09:23:30.109,0.83192,0.83209,1.05,2.25
2011.10.05 09:23:30.239,0.83187,0.83205,1.50,1.50
2011.10.05 09:23:30.360,0.83186,0.83203,2.85,1.50
2011.10.05 09:23:30.870,0.83186,0.83203,3.60,1.50
2011.10.05 09:23:31.653,0.83186,0.83203,2.10,1.50
2011.10.05 09:23:31.908,0.83188,0.83203,1.43,1.50
2011.10.05 09:23:32.154,0.83194,0.83208,1.13,1.43
2011.10.05 09:23:32.820,0.83196,0.83211,1.88,1.43
2011.10.05 09:23:32.943,0.83196,0.83213,1.88,1.50
2011.10.05 09:23:33.171,0.83196,0.8321,1.88,1.50
2011.10.05 09:23:33.416,0.83196,0.83213,2.25,1.50
2011.10.05 09:23:33.765,0.83196,0.8321,2.25,1.50
2011.10.05 09:23:34.125,0.832,0.83221,2.10,2.25
2011.10.05 09:23:34.742,0.83201,0.8322,1.35,1.50
2011.10.05 09:23:35.104,0.8321,0.83224,1.43,1.50
2011.10.05 09:23:35.350,0.83207,0.83225,2.03,1.50
2011.10.05 09:23:35.590,0.83208,0.83225,1.35,2.25
2011.10.05 09:23:35.710,0.83208,0.83226,2.10,1.50
2011.10.05 09:23:36.293,0.83208,0.83226,1.73,1.50
2011.10.05 09:23:36.968,0.83208,0.83227,1.35,2.25
2011.10.05 09:23:37.418,0.83207,0.83226,2.93,1.50
2011.10.05 09:23:37.538,0.83207,0.83225,2.55,1.50
2011.10.05 09:23:37.658,0.83204,0.83223,1.35,1.50
2011.10.05 09:23:38.007,0.83202,0.83221,1.73,2.25
2011.10.05 09:23:38.695,0.83201,0.83219,2.48,2.18
2011.10.05 09:23:39.071,0.83198,0.83217,1.88,1.50
2011.10.05 09:23:39.629,0.83198,0.83217,1.88,1.50
2011.10.05 09:23:40.466,0.83199,0.83217,1.13,1.50
2011.10.05 09:23:40.718,0.83208,0.83226,1.13,1.50
2011.10.05 09:23:40.970,0.83206,0.83221,1.13,1.05
2011.10.05 09:23:41.333,0.83206,0.83217,1.88,1.43
2011.10.05 09:23:41.659,0.83206,0.83217,1.88,2.18
2011.10.05 09:23:42.344,0.83206,0.8322,1.88,1.50
2011.10.05 09:23:43.535,0.83206,0.8322,1.88,1.50
2011.10.05 09:23:44.265,0.83206,0.83218,1.88,2.18
2011.10.05 09:23:45.288,0.83201,0.83218,1.50,1.43
2011.10.05 09:23:45.880,0.832,0.83218,1.13,1.43
2011.10.05 09:23:45.998,0.83198,0.83218,1.35,2.18
2011.10.05 09:23:46.339,0.83196,0.83213,4.73,1.50
2011.10.05 09:23:48.328,0.83196,0.83214,2.25,1.43
2011.10.05 09:23:48.911,0.83196,0.83214,3.00,1.43
2011.10.05 09:23:49.759,0.83196,0.83214,3.00,1.43
2011.10.05 09:23:50.441,0.83197,0.83214,2.25,1.43
2011.10.05 09:23:52.283,0.83196,0.83214,3.38,1.43
2011.10.05 09:23:52.761,0.83204,0.83218,2.48,1.43
2011.10.05 09:23:52.886,0.83205,0.83221,1.35,1.43
2011.10.05 09:23:53.014,0.83206,0.83225,3.60,1.50
2011.10.05 09:23:53.724,0.83206,0.83225,3.60,1.50
2011.10.05 09:23:54.711,0.83207,0.83226,1.50,2.93
2011.10.05 09:23:54.830,0.83207,0.83226,1.13,2.93
2011.10.05 09:23:56.798,0.83206,0.83225,2.63,1.50
2011.10.05 09:23:57.693,0.83206,0.83226,2.63,2.18
2011.10.05 09:23:58.247,0.83206,0.83226,2.63,2.18
2011.10.05 09:23:58.610,0.83211,0.83227,1.35,1.43
2011.10.05 09:23:59.189,0.83211,0.83231,1.35,2.85
2011.10.05 09:24:00.031,0.83213,0.83231,1.13,2.85
2011.10.05 09:24:00.490,0.83211,0.8323,1.35,1.43
2011.10.05 09:24:00.840,0.8321,0.83228,1.73,1.50
2011.10.05 09:24:01.418,0.83209,0.83228,2.85,1.50
2011.10.05 09:24:02.008,0.8321,0.83228,1.35,1.50
2011.10.05 09:24:02.978,0.8321,0.83228,1.35,2.18
2011.10.05 09:24:03.341,0.83208,0.83225,1.13,1.43
2011.10.05 09:24:03.574,0.83208,0.83226,1.13,1.50
2011.10.05 09:24:03.949,0.83212,0.8323,1.73,1.50
2011.10.05 09:24:04.190,0.83211,0.83229,1.35,2.25
2011.10.05 09:24:04.824,0.8321,0.83228,2.85,1.50
2011.10.05 09:24:05.477,0.8321,0.83229,3.60,1.50
2011.10.05 09:24:07.569,0.8321,0.83227,2.85,1.13
2011.10.05 09:24:08.129,0.83209,0.83227,1.73,1.50
2011.10.05 09:24:08.748,0.83209,0.83227,2.48,1.50
2011.10.05 09:24:09.724,0.83209,0.83227,1.13,2.25
2011.10.05 09:24:10.651,0.83207,0.83227,1.50,1.50
2011.10.05 09:24:11.419,0.83206,0.83225,3.68,1.13
2011.10.05 09:24:11.542,0.83206,0.83225,3.38,2.18
2011.10.05 09:24:11.661,0.83206,0.83223,1.50,2.63
2011.10.05 09:24:11.786,0.83205,0.83223,1.73,3.75
2011.10.05 09:24:11.910,0.83205,0.83222,1.73,1.50
2011.10.05 09:24:12.153,0.83202,0.83218,1.13,1.50
2011.10.05 09:24:12.275,0.83199,0.83218,1.13,2.25
2011.10.05 09:24:12.646,0.83199,0.83217,1.88,1.43
2011.10.05 09:24:13.330,0.83204,0.83222,1.35,1.43
2011.10.05 09:24:13.458,0.83206,0.83223,2.63,2.18
2011.10.05 09:24:14.600,0.83204,0.83222,1.13,1.43
2011.10.05 09:24:14.847,0.832,0.83217,1.05,1.50
2011.10.05 09:24:14.978,0.832,0.83217,1.05,1.50
2011.10.05 09:24:15.104,0.832,0.83214,1.05,1.50
2011.10.05 09:24:15.687,0.83197,0.83215,2.25,1.50
2011.10.05 09:24:15.812,0.83199,0.83215,1.35,1.50
2011.10.05 09:24:16.472,0.83202,0.83217,2.48,1.50
2011.10.05 09:24:16.602,0.83202,0.83221,2.85,1.43
2011.10.05 09:24:17.079,0.83199,0.83218,2.48,2.18
2011.10.05 09:24:17.865,0.83199,0.83217,1.73,1.50
2011.10.05 09:24:18.220,0.83199,0.83218,1.73,1.43
2011.10.05 09:24:18.811,0.83201,0.8322,1.13,1.50
2011.10.05 09:24:19.350,0.832,0.83219,2.85,1.50
2011.10.05 09:24:19.472,0.832,0.83218,2.48,2.55
2011.10.05 09:24:19.709,0.83197,0.83214,3.38,1.50
2011.10.05 09:24:20.408,0.83203,0.83221,1.50,1.50
2011.10.05 09:24:21.012,0.83206,0.83222,2.63,2.93
2011.10.05 09:24:21.701,0.83203,0.83222,1.13,2.93
2011.10.05 09:24:21.823,0.83204,0.83219,1.13,1.43
2011.10.05 09:24:22.835,0.83203,0.83218,1.13,1.43
2011.10.05 09:24:23.846,0.83203,0.83219,1.13,1.50
2011.10.05 09:24:24.821,0.83203,0.83219,1.13,1.50
2011.10.05 09:24:25.414,0.83203,0.8322,1.13,2.25
2011.10.05 09:24:26.281,0.83204,0.8322,1.13,2.25
2011.10.05 09:24:27.700,0.83204,0.8322,1.13,1.50
2011.10.05 09:24:28.406,0.83204,0.83221,1.88,2.18
2011.10.05 09:24:28.537,0.83207,0.83222,2.25,1.50
2011.10.05 09:24:29.207,0.83207,0.83218,2.25,1.50
2011.10.05 09:24:29.332,0.83207,0.8322,2.25,1.50
2011.10.05 09:24:29.801,0.83204,0.83222,1.88,1.50
2011.10.05 09:24:30.190,0.83207,0.83224,2.63,1.50
2011.10.05 09:24:30.424,0.83207,0.83224,2.63,1.50
2011.10.05 09:24:31.250,0.83216,0.83229,2.63,2.93
2011.10.05 09:24:32.532,0.83216,0.83229,2.25,1.43
2011.10.05 09:24:32.773,0.83216,0.83229,2.63,1.43
2011.10.05 09:24:34.132,0.83216,0.83229,2.63,2.18
2011.10.05 09:24:34.728,0.83217,0.83233,1.13,2.18
2011.10.05 09:24:35.187,0.83217,0.83231,1.13,1.50
2011.10.05 09:24:35.791,0.83216,0.83232,2.63,2.25
2011.10.05 09:24:36.143,0.83216,0.83229,2.63,1.50
2011.10.05 09:24:37.083,0.83216,0.83229,2.25,2.18
2011.10.05 09:24:37.660,0.83213,0.83229,1.13,1.43
2011.10.05 09:24:37.784,0.83214,0.83229,1.13,1.43
2011.10.05 09:24:38.410,0.83212,0.83229,1.50,1.43
2011.10.05 09:24:41.273,0.83216,0.83231,3.60,2.10
2011.10.05 09:24:41.653,0.83217,0.83233,1.13,1.43
2011.10.05 09:24:43.859,0.83216,0.83231,3.60,1.50
2011.10.05 09:24:43.983,0.83214,0.8323,1.88,2.10
2011.10.05 09:24:44.103,0.83213,0.8323,1.13,2.10
2011.10.05 09:24:44.340,0.83217,0.8323,1.88,1.35
2011.10.05 09:24:48.428,0.83213,0.83229,2.48,1.43
2011.10.05 09:24:48.548,0.83214,0.83229,1.35,1.43
2011.10.05 09:24:48.669,0.83213,0.83229,2.48,1.43
2011.10.05 09:24:49.130,0.83208,0.83228,2.48,1.50
2011.10.05 09:24:49.479,0.83211,0.83229,1.50,1.43
2011.10.05 09:24:51.529,0.83211,0.83229,1.73,1.43
2011.10.05 09:24:51.653,0.83211,0.83229,1.73,1.43
2011.10.05 09:24:52.208,0.83209,0.83228,3.60,2.25
2011.10.05 09:24:52.800,0.8321,0.83229,1.73,2.18
2011.10.05 09:24:53.040,0.83211,0.83229,1.35,2.18
2011.10.05 09:24:53.884,0.83216,0.8323,1.88,2.10
2011.10.05 09:24:54.452,0.83216,0.8323,2.25,1.50
2011.10.05 09:24:55.029,0.83211,0.8323,2.10,2.25
2011.10.05 09:24:55.368,0.83217,0.8323,2.25,2.25
2011.10.05 09:24:55.599,0.83217,0.8323,1.88,1.50
2011.10.05 09:24:56.200,0.83217,0.83232,1.88,2.25
2011.10.05 09:24:57.950,0.83217,0.83232,2.93,1.50
2011.10.05 09:25:00.428,0.83217,0.83232,3.68,1.50
2011.10.05 09:25:00.652,0.83217,0.83229,2.63,1.50
2011.10.05 09:25:00.987,0.83215,0.83229,1.13,1.50
2011.10.05 09:25:01.328,0.83216,0.83231,1.88,1.50
2011.10.05 09:25:01.681,0.83217,0.8323,1.13,1.50
2011.10.05 09:25:01.800,0.83218,0.83233,1.13,1.50
2011.10.05 09:25:02.043,0.83216,0.83232,3.30,1.50
2011.10.05 09:25:02.501,0.83216,0.8323,2.55,1.50
2011.10.05 09:25:03.039,0.83212,0.83228,1.05,1.50
2011.10.05 09:25:03.725,0.83212,0.83226,1.05,1.50
2011.10.05 09:25:03.973,0.83208,0.83228,1.43,2.25
2011.10.05 09:25:04.210,0.83208,0.83226,1.43,1.50
2011.10.05 09:25:04.789,0.83213,0.83229,1.05,1.50
2011.10.05 09:25:05.373,0.83212,0.83227,1.05,1.50
2011.10.05 09:25:05.491,0.83213,0.83229,1.43,1.50
2011.10.05 09:25:06.301,0.83213,0.83229,1.43,1.50
2011.10.05 09:25:06.879,0.83213,0.83229,1.43,1.50
2011.10.05 09:25:07.448,0.83213,0.83229,1.80,1.50
2011.10.05 09:25:07.699,0.83213,0.83229,1.80,1.50
2011.10.05 09:25:07.826,0.83213,0.83227,1.43,1.13
2011.10.05 09:25:08.194,0.83209,0.8322,1.05,1.50
2011.10.05 09:25:08.321,0.83207,0.8322,1.13,1.50
2011.10.05 09:25:08.439,0.83207,0.83226,3.00,2.18
2011.10.05 09:25:08.668,0.83208,0.83225,1.13,1.13
2011.10.05 09:25:09.294,0.83209,0.83224,1.13,1.50
2011.10.05 09:25:10.239,0.83209,0.83225,1.50,1.50
2011.10.05 09:25:12.533,0.83209,0.83226,1.50,2.18
2011.10.05 09:25:13.172,0.83209,0.83226,1.50,2.18
2011.10.05 09:25:13.306,0.83207,0.83225,3.60,1.50
2011.10.05 09:25:13.556,0.83207,0.83223,2.85,1.43
2011.10.05 09:25:14.511,0.83206,0.83222,2.63,1.43
2011.10.05 09:25:15.298,0.83206,0.83221,2.63,1.43
2011.10.05 09:25:16.006,0.83206,0.83223,2.63,2.85
2011.10.05 09:25:16.373,0.83204,0.83219,1.13,2.10
2011.10.05 09:25:16.730,0.83206,0.83222,2.10,1.35
2011.10.05 09:25:16.852,0.83206,0.83222,2.10,1.35
2011.10.05 09:25:19.152,0.83198,0.83218,1.43,1.35
2011.10.05 09:25:19.274,0.83197,0.83217,5.48,1.35
2011.10.05 09:25:19.512,0.83201,0.83221,1.35,2.18
2011.10.05 09:25:20.101,0.83201,0.83221,1.35,1.43
2011.10.05 09:25:20.222,0.83201,0.83221,3.45,1.43
2011.10.05 09:25:20.579,0.83206,0.83222,1.88,1.43
2011.10.05 09:25:22.713,0.83206,0.83224,3.38,1.43
2011.10.05 09:25:22.952,0.83206,0.83225,3.38,1.43
2011.10.05 09:25:23.856,0.83206,0.83225,3.38,2.18
2011.10.05 09:25:23.990,0.83206,0.83224,2.25,1.43
2011.10.05 09:25:24.466,0.83206,0.83222,2.25,1.50
2011.10.05 09:25:24.832,0.83206,0.83219,1.88,1.50
2011.10.05 09:25:25.237,0.83202,0.83218,1.13,1.50
2011.10.05 09:25:26.009,0.832,0.83218,1.13,1.50
2011.10.05 09:25:27.254,0.83201,0.83218,1.50,1.50
2011.10.05 09:25:27.386,0.83205,0.83221,1.35,1.50
2011.10.05 09:25:27.510,0.83206,0.83221,1.13,1.50
2011.10.05 09:25:28.084,0.83206,0.83218,1.88,1.50
2011.10.05 09:25:28.463,0.83206,0.83222,3.68,1.50
2011.10.05 09:25:28.820,0.83208,0.83223,1.80,1.50
2011.10.05 09:25:29.400,0.83209,0.83223,1.05,1.50
2011.10.05 09:25:29.639,0.8321,0.83225,1.05,1.50
2011.10.05 09:25:29.882,0.8321,0.83226,1.80,1.50
2011.10.05 09:25:30.551,0.8321,0.83227,1.80,1.50
2011.10.05 09:25:30.932,0.83216,0.83231,2.55,1.50
2011.10.05 09:25:31.459,0.83216,0.8323,2.55,1.88
2011.10.05 09:25:31.603,0.83216,0.83227,1.88,1.50
2011.10.05 09:25:31.967,0.83217,0.83229,1.88,1.50
2011.10.05 09:25:32.515,0.83222,0.83237,2.78,1.50
2011.10.05 09:25:33.089,0.83227,0.8324,1.88,1.50
2011.10.05 09:25:33.652,0.83222,0.83239,1.80,1.50
2011.10.05 09:25:33.879,0.8322,0.83236,1.13,1.50
2011.10.05 09:25:34.350,0.83222,0.83239,1.05,2.25
2011.10.05 09:25:35.083,0.83221,0.83237,1.05,1.50
2011.10.05 09:25:35.203,0.83221,0.83237,1.05,1.50
2011.10.05 09:25:35.651,0.8322,0.83234,1.05,2.25
2011.10.05 09:25:36.123,0.83216,0.83234,2.25,2.25
2011.10.05 09:25:37.188,0.83217,0.83233,2.25,2.93
2011.10.05 09:25:37.671,0.83217,0.8323,2.85,1.50
2011.10.05 09:25:37.797,0.83217,0.83232,1.88,1.50
2011.10.05 09:25:41.609,0.83217,0.83231,1.50,2.25
2011.10.05 09:25:42.178,0.83217,0.83231,1.50,1.50
2011.10.05 09:25:42.947,0.83217,0.83231,1.50,1.50
2011.10.05 09:25:44.321,0.83217,0.83229,1.50,1.50
2011.10.05 09:25:44.564,0.83209,0.83226,1.43,1.50
2011.10.05 09:25:44.932,0.83209,0.83224,1.05,1.50
2011.10.05 09:25:45.495,0.83207,0.8322,2.55,1.50
2011.10.05 09:25:46.075,0.83207,0.8322,1.88,1.50
2011.10.05 09:25:46.679,0.83209,0.83224,1.35,1.50
2011.10.05 09:25:46.805,0.83208,0.83226,2.03,1.50
2011.10.05 09:25:47.301,0.8321,0.83226,1.43,1.50
2011.10.05 09:25:47.560,0.83215,0.83233,2.10,2.63
2011.10.05 09:25:49.398,0.83217,0.83237,3.15,1.50
2011.10.05 09:25:50.076,0.83215,0.83233,2.48,2.63
2011.10.05 09:25:50.723,0.83215,0.83233,2.48,2.63
2011.10.05 09:25:51.086,0.83216,0.83231,2.48,1.50
2011.10.05 09:25:51.665,0.83216,0.83231,2.85,1.50
2011.10.05 09:25:51.797,0.83216,0.83233,2.85,1.50
2011.10.05 09:25:51.925,0.83223,0.83235,1.50,2.18
2011.10.05 09:25:52.054,0.83226,0.83245,1.43,1.19
2011.10.05 09:25:52.189,0.83233,0.83246,2.10,2.32
2011.10.05 09:25:52.701,0.83239,0.83255,2.85,2.17
2011.10.05 09:25:52.833,0.83241,0.83262,2.48,1.43
2011.10.05 09:25:52.953,0.8324,0.83263,1.73,3.23
2011.10.05 09:25:53.195,0.83257,0.8327,1.43,1.50
2011.10.05 09:25:53.335,0.83253,0.83271,1.50,1.43
2011.10.05 09:25:53.457,0.83251,0.83272,1.43,1.50
2011.10.05 09:25:53.585,0.83246,0.83269,2.85,1.43
2011.10.05 09:25:53.951,0.83246,0.83262,2.68,1.50
2011.10.05 09:25:54.425,0.83246,0.83262,2.48,1.50
2011.10.05 09:25:55.009,0.83246,0.83263,2.48,2.18
2011.10.05 09:25:55.240,0.83246,0.83263,2.48,2.18
2011.10.05 09:25:55.480,0.83237,0.83261,3.68,1.43
2011.10.05 09:25:56.041,0.83237,0.83255,2.63,2.18
2011.10.05 09:25:56.163,0.8323,0.83253,1.70,3.98
2011.10.05 09:25:56.751,0.83229,0.83251,1.43,1.43
2011.10.05 09:25:57.359,0.83229,0.83251,1.43,1.43
2011.10.05 09:25:57.961,0.83228,0.83251,4.88,1.43
2011.10.05 09:25:58.081,0.8323,0.8325,2.85,1.50
2011.10.05 09:25:58.419,0.83237,0.8325,1.88,1.50
2011.10.05 09:25:58.771,0.83229,0.83249,1.43,1.50
2011.10.05 09:25:59.232,0.83227,0.83248,2.85,2.18
2011.10.05 09:26:00.405,0.83229,0.83248,1.13,2.18
2011.10.05 09:26:00.953,0.83229,0.83248,1.50,1.43
2011.10.05 09:26:01.180,0.83231,0.83248,1.50,1.43
2011.10.05 09:26:01.303,0.8323,0.83248,2.85,1.80
2011.10.05 09:26:01.426,0.83228,0.83244,1.13,1.43
2011.10.05 09:26:01.550,0.83226,0.83241,1.88,2.25
2011.10.05 09:26:01.670,0.83226,0.83241,1.88,1.50
2011.10.05 09:26:02.237,0.83226,0.83242,2.25,1.50
2011.10.05 09:26:02.952,0.83226,0.83242,2.25,1.50
2011.10.05 09:26:03.070,0.83226,0.83242,2.25,1.50
2011.10.05 09:26:03.758,0.83226,0.83242,2.25,1.50
2011.10.05 09:26:04.271,0.83226,0.83242,2.25,1.50
2011.10.05 09:26:04.631,0.83226,0.83243,2.25,1.50
2011.10.05 09:26:04.750,0.83226,0.83243,2.25,1.50
2011.10.05 09:26:06.453,0.83226,0.83243,2.25,1.50
2011.10.05 09:26:09.365,0.83226,0.83243,2.25,1.50
2011.10.05 09:26:09.494,0.83226,0.83243,2.63,1.50
2011.10.05 09:26:09.623,0.83226,0.83244,2.63,1.50
2011.10.05 09:26:10.210,0.83227,0.83245,1.13,1.50
2011.10.05 09:26:11.508,0.83226,0.83245,2.63,2.25
2011.10.05 09:26:11.737,0.83226,0.83245,2.63,1.50
2011.10.05 09:26:11.858,0.83226,0.83245,2.25,1.50
2011.10.05 09:26:12.092,0.83226,0.83243,2.25,1.50
2011.10.05 09:26:12.691,0.83226,0.83242,2.25,2.25
2011.10.05 09:26:13.491,0.83226,0.8324,1.88,1.50
2011.10.05 09:26:13.842,0.83226,0.8324,1.88,1.50
2011.10.05 09:26:14.364,0.83222,0.8324,1.13,1.50
2011.10.05 09:26:15.749,0.83222,0.8324,1.13,1.50
2011.10.05 09:26:16.331,0.83222,0.83239,1.13,1.50
2011.10.05 09:26:16.898,0.83221,0.83239,1.65,1.50
2011.10.05 09:26:17.650,0.83221,0.83239,1.65,1.50
2011.10.05 09:26:17.776,0.83222,0.83241,1.50,2.25
2011.10.05 09:26:18.131,0.83222,0.83239,1.50,1.50
2011.10.05 09:26:18.490,0.83221,0.83237,2.78,1.50
2011.10.05 09:26:18.609,0.83221,0.83239,2.40,1.50
2011.10.05 09:26:18.949,0.83221,0.8324,2.78,2.25
2011.10.05 09:26:19.071,0.83223,0.83241,1.13,1.50
2011.10.05 09:26:19.300,0.83224,0.83242,1.88,1.50
2011.10.05 09:26:19.423,0.83227,0.83241,2.25,1.50
2011.10.05 09:26:19.542,0.83227,0.83241,2.25,1.50
2011.10.05 09:26:19.770,0.83227,0.83242,2.25,1.50
2011.10.05 09:26:20.875,0.83227,0.83241,1.88,1.50
2011.10.05 09:26:24.756,0.83227,0.83239,2.25,1.50
2011.10.05 09:26:25.790,0.83227,0.83242,2.25,1.50
2011.10.05 09:26:26.358,0.83227,0.83241,2.25,1.50
2011.10.05 09:26:26.922,0.83227,0.83241,1.88,1.50
2011.10.05 09:26:27.040,0.83221,0.8324,2.78,1.50
2011.10.05 09:26:27.400,0.83221,0.8324,2.78,1.50
2011.10.05 09:26:28.386,0.83221,0.83238,2.40,1.50
2011.10.05 09:26:30.548,0.83227,0.8324,1.88,1.50
2011.10.05 09:26:31.140,0.83227,0.8324,1.88,1.50
2011.10.05 09:26:32.621,0.83227,0.8324,1.88,1.50
2011.10.05 09:26:33.179,0.83227,0.83242,1.88,2.25
2011.10.05 09:26:33.761,0.83227,0.83242,1.88,2.25
2011.10.05 09:26:34.290,0.83223,0.83241,1.73,1.50
2011.10.05 09:26:34.654,0.83214,0.83232,2.87,1.13
2011.10.05 09:26:34.786,0.83214,0.83233,1.82,3.75
2011.10.05 09:26:35.286,0.83212,0.83233,1.88,3.38
2011.10.05 09:26:35.411,0.83215,0.83233,3.23,1.88
2011.10.05 09:26:36.004,0.83217,0.83234,2.10,1.05
2011.10.05 09:26:37.077,0.83216,0.83238,3.00,1.50
2011.10.05 09:26:37.987,0.83215,0.83233,1.13,1.88
2011.10.05 09:26:39.128,0.83217,0.83234,2.25,1.43
2011.10.05 09:26:39.944,0.83217,0.83237,3.30,2.25
2011.10.05 09:26:40.317,0.8322,0.83237,1.43,1.50
2011.10.05 09:26:40.449,0.8322,0.8324,1.43,1.50
2011.10.05 09:26:40.691,0.8322,0.8324,1.43,1.50
2011.10.05 09:26:46.180,0.83219,0.83238,1.35,1.50
2011.10.05 09:26:46.517,0.83214,0.83231,1.70,1.43
2011.10.05 09:26:46.652,0.83211,0.83227,1.13,1.50
2011.10.05 09:26:47.222,0.83211,0.83229,1.50,1.50
2011.10.05 09:26:48.020,0.83217,0.83231,1.13,1.50
2011.10.05 09:26:48.588,0.83216,0.8323,2.25,1.50
2011.10.05 09:26:49.014,0.83213,0.8323,1.35,1.50
2011.10.05 09:26:49.141,0.83208,0.83229,1.80,1.73
2011.10.05 09:26:49.263,0.83207,0.83223,1.50,1.13
2011.10.05 09:26:49.383,0.83207,0.8322,2.55,1.50
2011.10.05 09:26:49.741,0.83203,0.83219,1.43,1.50
2011.10.05 09:26:50.092,0.83206,0.83215,1.35,1.50
2011.10.05 09:26:50.678,0.83206,0.83215,1.35,1.50
2011.10.05 09:26:51.250,0.83206,0.83215,1.35,1.50
2011.10.05 09:26:51.780,0.832,0.83215,1.13,1.50
2011.10.05 09:26:51.905,0.83202,0.8322,1.13,1.43
2011.10.05 09:26:52.036,0.83202,0.8322,1.50,1.43
2011.10.05 09:26:52.166,0.83202,0.8322,1.13,1.13
2011.10.05 09:26:52.291,0.83206,0.83217,1.88,1.50
2011.10.05 09:26:52.415,0.83202,0.83218,1.13,1.50
2011.10.05 09:26:52.758,0.83202,0.83218,1.13,1.50
2011.10.05 09:26:53.329,0.83204,0.83218,1.13,1.50
2011.10.05 09:26:56.187,0.83205,0.83218,1.13,1.50
2011.10.05 09:26:56.698,0.83205,0.8322,1.13,1.50
2011.10.05 09:26:57.749,0.8321,0.83225,1.73,1.50
2011.10.05 09:26:58.112,0.83209,0.83224,1.13,1.50
2011.10.05 09:26:59.293,0.83209,0.83224,1.13,1.50
2011.10.05 09:27:02.350,0.83216,0.83228,1.88,1.13
2011.10.05 09:27:02.470,0.83216,0.8323,1.88,1.13
2011.10.05 09:27:03.300,0.83216,0.83234,1.88,2.10
2011.10.05 09:27:03.867,0.83216,0.83233,1.88,1.13
2011.10.05 09:27:06.364,0.83216,0.83232,1.88,1.13
2011.10.05 09:27:06.502,0.83216,0.83232,1.88,1.13
2011.10.05 09:27:06.980,0.83216,0.83232,1.88,1.80
2011.10.05 09:27:07.550,0.83217,0.83232,1.50,1.80
2011.10.05 09:27:07.790,0.83212,0.83232,1.13,1.80
2011.10.05 09:27:07.912,0.8321,0.83232,1.05,1.80
2011.10.05 09:27:08.654,0.8321,0.83232,1.43,1.43
2011.10.05 09:27:09.011,0.8321,0.83232,1.43,1.43
2011.10.05 09:27:09.368,0.83208,0.83229,2.48,1.43
2011.10.05 09:27:10.421,0.83212,0.83231,1.13,1.43
2011.10.05 09:27:11.007,0.83212,0.83233,1.13,1.80
2011.10.05 09:27:11.923,0.83213,0.83234,1.50,3.98
2011.10.05 09:27:12.378,0.83213,0.83234,1.13,4.35
2011.10.05 09:27:12.499,0.83213,0.83229,1.13,1.50
2011.10.05 09:27:12.839,0.83214,0.83229,1.13,1.50
2011.10.05 09:27:13.202,0.83217,0.83232,1.88,1.50
2011.10.05 09:27:13.769,0.83216,0.83232,2.25,1.50
2011.10.05 09:27:14.630,0.83217,0.83229,1.50,1.50
2011.10.05 09:27:14.751,0.83217,0.83232,1.50,1.50
2011.10.05 09:27:15.300,0.83219,0.83234,1.50,1.50
2011.10.05 09:27:15.434,0.83218,0.83231,1.05,1.50
2011.10.05 09:27:15.685,0.83218,0.83231,1.05,1.50
2011.10.05 09:27:16.290,0.83217,0.83232,3.00,1.50
2011.10.05 09:27:18.490,0.83217,0.8323,1.88,1.50
2011.10.05 09:27:18.862,0.83214,0.83227,1.05,1.50
2011.10.05 09:27:21.105,0.83211,0.83227,1.50,1.50
2011.10.05 09:27:21.703,0.83211,0.83227,1.50,1.50
2011.10.05 09:27:22.269,0.83213,0.8323,1.13,1.50
2011.10.05 09:27:23.353,0.83217,0.8323,2.25,1.50
2011.10.05 09:27:23.592,0.83217,0.8323,1.88,1.50
2011.10.05 09:27:23.709,0.83217,0.8323,1.88,1.50
2011.10.05 09:27:24.465,0.83212,0.8323,1.50,1.50
2011.10.05 09:27:24.993,0.83212,0.83228,1.50,1.50
2011.10.05 09:27:26.860,0.8321,0.83226,1.43,1.50
2011.10.05 09:27:28.424,0.8321,0.83226,1.43,1.50
2011.10.05 09:27:30.618,0.8321,0.83226,1.05,1.50
2011.10.05 09:27:31.238,0.8321,0.83225,1.05,1.50
2011.10.05 09:27:32.298,0.8321,0.83225,1.05,1.50
2011.10.05 09:27:33.212,0.83207,0.83225,2.85,1.50
2011.10.05 09:27:35.481,0.83207,0.83224,2.85,1.50
2011.10.05 09:27:35.724,0.83206,0.83221,2.55,1.50
2011.10.05 09:27:35.854,0.83206,0.83218,2.55,1.50
2011.10.05 09:27:36.506,0.83206,0.83213,1.88,1.50
2011.10.05 09:27:36.815,0.83197,0.8321,1.88,1.50
2011.10.05 09:27:36.964,0.8319,0.83208,2.10,1.50
2011.10.05 09:27:37.084,0.83187,0.83205,3.32,1.43
2011.10.05 09:27:37.451,0.83186,0.83199,2.63,1.43
2011.10.05 09:27:37.803,0.83186,0.83199,1.88,1.43
2011.10.05 09:27:38.396,0.83186,0.83199,1.88,2.18
2011.10.05 09:27:39.041,0.8318,0.83197,2.48,1.43
2011.10.05 09:27:39.513,0.83178,0.83197,1.13,1.43
2011.10.05 09:27:39.634,0.83178,0.83195,1.13,1.43
2011.10.05 09:27:41.298,0.83178,0.83196,1.13,1.50
2011.10.05 09:27:41.770,0.83179,0.83196,1.13,1.50
2011.10.05 09:27:42.316,0.83179,0.83197,1.13,1.50
2011.10.05 09:27:47.836,0.83177,0.83196,1.13,1.50
2011.10.05 09:27:47.973,0.83177,0.83194,1.13,1.50
2011.10.05 09:27:49.692,0.83176,0.83193,3.30,1.50
2011.10.05 09:27:50.403,0.83176,0.83191,2.55,1.50
2011.10.05 09:27:50.740,0.83176,0.83191,2.25,1.50
2011.10.05 09:27:50.859,0.83177,0.83194,1.13,1.50
2011.10.05 09:27:53.062,0.83178,0.8319,1.13,1.50
2011.10.05 09:27:53.980,0.83177,0.8319,1.05,1.50
2011.10.05 09:27:54.628,0.83177,0.8319,1.05,1.50
2011.10.05 09:27:59.297,0.83179,0.8319,1.13,1.50
2011.10.05 09:27:59.421,0.83185,0.83202,1.50,2.10
2011.10.05 09:27:59.541,0.83187,0.83206,2.03,2.25
2011.10.05 09:27:59.664,0.8319,0.83208,1.35,2.32
2011.10.05 09:28:00.033,0.8319,0.83212,1.05,1.50
2011.10.05 09:28:00.154,0.83189,0.8321,1.13,1.43
2011.10.05 09:28:02.072,0.83186,0.8321,3.30,1.43
2011.10.05 09:28:02.191,0.83186,0.8321,3.30,1.43
2011.10.05 09:28:02.313,0.83186,0.8321,2.93,1.43
2011.10.05 09:28:02.903,0.83186,0.83205,2.25,2.18
2011.10.05 09:28:03.347,0.83186,0.83205,2.25,2.18
2011.10.05 09:28:03.925,0.83186,0.83205,2.25,1.43
2011.10.05 09:28:04.284,0.83186,0.83205,2.25,2.18
2011.10.05 09:28:04.644,0.83186,0.83201,1.88,1.50
2011.10.05 09:28:05.341,0.83183,0.83201,1.05,1.50
2011.10.05 09:28:05.475,0.83181,0.83201,1.80,1.50
2011.10.05 09:28:05.591,0.83181,0.83201,1.13,2.18
2011.10.05 09:28:06.060,0.83177,0.832,3.30,1.50
2011.10.05 09:28:06.412,0.83178,0.83201,1.50,2.18
2011.10.05 09:28:07.094,0.83178,0.83201,1.50,2.18
2011.10.05 09:28:07.343,0.83178,0.83199,1.13,1.50
2011.10.05 09:28:07.931,0.83178,0.83196,1.13,2.18
2011.10.05 09:28:08.470,0.83178,0.83196,1.13,2.18
2011.10.05 09:28:09.847,0.83177,0.83192,2.25,1.50
2011.10.05 09:28:10.451,0.83177,0.83191,2.25,1.50
2011.10.05 09:28:10.590,0.83177,0.83193,2.25,2.18
2011.10.05 09:28:10.724,0.83177,0.83193,2.63,2.18
2011.10.05 09:28:11.421,0.83177,0.83194,2.63,1.35
2011.10.05 09:28:11.545,0.83177,0.83197,2.25,2.18
2011.10.05 09:28:11.671,0.83177,0.83194,2.25,1.35
2011.10.05 09:28:11.792,0.83177,0.83197,2.63,1.43
2011.10.05 09:28:12.724,0.83172,0.83193,1.43,1.01
2011.10.05 09:28:12.883,0.83168,0.83186,1.50,1.50
2011.10.05 09:28:13.355,0.83168,0.83186,1.50,1.50
2011.10.05 09:28:13.721,0.83168,0.83184,2.63,1.50
2011.10.05 09:28:13.841,0.83168,0.83184,2.25,1.50
2011.10.05 09:28:13.959,0.83168,0.83186,2.25,1.50
2011.10.05 09:28:14.539,0.83169,0.83186,1.50,1.50
2011.10.05 09:28:14.660,0.83169,0.83186,2.25,1.50
2011.10.05 09:28:15.141,0.83172,0.83193,1.43,1.43
2011.10.05 09:28:15.259,0.83173,0.83194,2.18,1.88
2011.10.05 09:28:16.745,0.83174,0.83194,2.18,1.88
2011.10.05 09:28:17.322,0.83174,0.83193,1.13,1.43
2011.10.05 09:28:17.444,0.83173,0.83193,1.50,1.43
2011.10.05 09:28:17.813,0.83172,0.8319,1.13,1.50
2011.10.05 09:28:18.376,0.83172,0.8319,1.13,1.50
2011.10.05 09:28:18.735,0.83172,0.83191,1.13,1.50
2011.10.05 09:28:18.862,0.83177,0.83191,2.25,1.50
2011.10.05 09:28:19.474,0.83177,0.83189,2.25,1.43
2011.10.05 09:28:19.619,0.83177,0.83188,2.63,1.50
2011.10.05 09:28:20.366,0.83169,0.83185,3.00,1.43
2011.10.05 09:28:20.881,0.83169,0.83186,1.50,1.50
2011.10.05 09:28:21.004,0.8317,0.83187,1.13,1.50
2011.10.05 09:28:23.573,0.83172,0.83187,1.13,1.50
2011.10.05 09:28:23.926,0.83172,0.83187,1.13,1.50
2011.10.05 09:28:24.171,0.83172,0.83186,1.13,1.50
2011.10.05 09:28:24.797,0.83172,0.83186,2.03,1.50
2011.10.05 09:28:25.154,0.83174,0.8319,1.43,1.50
2011.10.05 09:28:25.519,0.83172,0.83188,1.28,1.50
2011.10.05 09:28:25.645,0.83172,0.83188,1.28,2.25
2011.10.05 09:28:25.902,0.83171,0.83187,1.65,1.43
2011.10.05 09:28:26.254,0.83167,0.83186,3.60,1.50
2011.10.05 09:28:26.609,0.83167,0.83186,1.73,1.50
2011.10.05 09:28:27.107,0.83167,0.83183,1.73,1.50
2011.10.05 09:28:27.354,0.83166,0.83184,3.60,1.50
2011.10.05 09:28:27.475,0.83167,0.83183,1.35,1.50
2011.10.05 09:28:27.606,0.83167,0.83185,1.35,1.50
2011.10.05 09:28:28.231,0.8317,0.83186,1.13,1.50
2011.10.05 09:28:28.471,0.8317,0.83185,1.13,1.50
2011.10.05 09:28:28.955,0.83168,0.83183,1.80,1.50
2011.10.05 09:28:29.499,0.83168,0.83183,1.80,1.50
2011.10.05 09:28:30.017,0.83168,0.83182,1.13,1.50
2011.10.05 09:28:30.539,0.83166,0.83182,3.00,1.50
2011.10.05 09:28:32.071,0.83166,0.83182,3.00,1.50
2011.10.05 09:28:32.808,0.83166,0.83182,3.00,1.50
2011.10.05 09:28:33.043,0.83166,0.83181,3.00,1.50
2011.10.05 09:28:34.959,0.83164,0.83181,1.13,1.50
2011.10.05 09:28:35.335,0.83159,0.83176,1.13,1.50
2011.10.05 09:28:36.760,0.8316,0.83176,1.50,1.50
2011.10.05 09:28:37.114,0.83161,0.83177,1.50,1.50
2011.10.05 09:28:37.243,0.83161,0.8318,1.50,1.50
2011.10.05 09:28:37.800,0.83165,0.83181,1.50,1.50
2011.10.05 09:28:38.150,0.83165,0.83181,1.50,1.50
2011.10.05 09:28:38.513,0.83168,0.83184,1.50,1.50
2011.10.05 09:28:38.751,0.83168,0.83182,1.50,1.50
2011.10.05 09:28:39.451,0.83167,0.83183,2.63,1.50
2011.10.05 09:28:39.928,0.83167,0.83182,2.63,1.50
2011.10.05 09:28:40.061,0.83167,0.83182,2.63,1.50
2011.10.05 09:28:40.881,0.83167,0.83181,2.25,1.50
2011.10.05 09:28:41.121,0.83167,0.8318,2.25,1.50
2011.10.05 09:28:41.713,0.83164,0.83179,1.13,1.50
2011.10.05 09:28:42.951,0.83164,0.8318,1.13,1.50
2011.10.05 09:28:43.678,0.83163,0.8318,1.13,1.50
2011.10.05 09:28:45.323,0.83164,0.8318,1.50,1.50
2011.10.05 09:28:45.447,0.83166,0.8318,1.13,1.50
2011.10.05 09:28:45.933,0.83166,0.83186,1.73,1.50
2011.10.05 09:28:46.812,0.83168,0.83183,1.05,1.50
2011.10.05 09:28:47.413,0.83167,0.83183,2.25,1.50
2011.10.05 09:28:47.933,0.83167,0.83183,2.25,1.50
2011.10.05 09:28:49.064,0.83167,0.83184,2.25,1.50
2011.10.05 09:28:49.201,0.83167,0.83184,2.25,1.50
2011.10.05 09:28:49.566,0.83167,0.83184,2.25,1.50
2011.10.05 09:28:51.584,0.83167,0.83182,2.25,1.50
2011.10.05 09:28:52.579,0.83167,0.83182,2.25,1.50
2011.10.05 09:28:53.304,0.83167,0.83183,2.25,1.43
2011.10.05 09:28:54.020,0.83167,0.83183,2.25,1.43
2011.10.05 09:28:57.984,0.83167,0.83184,2.63,1.50
2011.10.05 09:28:58.741,0.83167,0.83182,2.25,1.43
2011.10.05 09:28:59.696,0.83167,0.83182,1.88,2.18
2011.10.05 09:29:00.343,0.83167,0.8318,2.25,2.10
2011.10.05 09:29:00.823,0.83167,0.8318,2.63,2.10
2011.10.05 09:29:00.946,0.8316,0.83178,2.85,1.43
2011.10.05 09:29:01.069,0.83157,0.83177,1.88,2.10
2011.10.05 09:29:01.319,0.83157,0.83172,1.88,1.35
2011.10.05 09:29:02.324,0.83146,0.83163,2.25,2.10
2011.10.05 09:29:02.920,0.83146,0.83163,1.88,2.10
2011.10.05 09:29:03.433,0.83145,0.83163,1.50,2.10
2011.10.05 09:29:04.041,0.83144,0.83161,1.35,1.50
2011.10.05 09:29:05.070,0.83144,0.83161,1.35,1.50
2011.10.05 09:29:05.772,0.83144,0.83161,1.35,1.50
2011.10.05 09:29:06.257,0.83144,0.83161,1.35,1.50
2011.10.05 09:29:06.633,0.83145,0.83161,1.50,1.50
2011.10.05 09:29:07.205,0.83147,0.8316,2.63,1.50
2011.10.05 09:29:07.349,0.83148,0.83165,2.10,1.50
2011.10.05 09:29:07.716,0.83154,0.83168,1.13,1.50
2011.10.05 09:29:08.085,0.83149,0.83166,1.13,1.50
2011.10.05 09:29:08.355,0.83149,0.83167,1.13,2.03
2011.10.05 09:29:08.488,0.83145,0.8316,1.43,1.50
2011.10.05 09:29:09.099,0.83141,0.83159,1.43,1.50
2011.10.05 09:29:09.336,0.83147,0.83159,1.50,1.50
2011.10.05 09:29:10.170,0.83147,0.83159,1.50,1.50
2011.10.05 09:29:10.541,0.83141,0.83154,1.43,1.50
2011.10.05 09:29:10.904,0.83138,0.83156,1.13,1.50
2011.10.05 09:29:11.342,0.83145,0.83158,1.88,1.50
2011.10.05 09:29:11.629,0.83147,0.83162,3.00,1.50
2011.10.05 09:29:12.722,0.83147,0.83162,2.25,1.50
2011.10.05 09:29:13.292,0.83148,0.83163,1.13,1.43
2011.10.05 09:29:13.411,0.83148,0.83162,1.50,1.50
2011.10.05 09:29:14.122,0.83145,0.83161,1.13,1.50
2011.10.05 09:29:14.361,0.83144,0.83162,3.60,1.50
2011.10.05 09:29:14.979,0.83144,0.83162,2.10,1.50
2011.10.05 09:29:15.224,0.83143,0.83158,1.35,1.43
2011.10.05 09:29:15.353,0.83139,0.83157,1.13,1.50
2011.10.05 09:29:15.938,0.83142,0.83157,1.13,1.50
2011.10.05 09:29:16.509,0.83143,0.83157,1.13,1.50
2011.10.05 09:29:17.055,0.83139,0.83151,1.50,2.10
2011.10.05 09:29:18.718,0.83137,0.83151,2.63,1.35
2011.10.05 09:29:18.841,0.83137,0.83149,2.63,1.43
2011.10.05 09:29:19.434,0.83137,0.83149,1.13,1.43
2011.10.05 09:29:19.673,0.83137,0.83149,3.00,1.43
2011.10.05 09:29:20.256,0.83137,0.83151,3.00,1.50
2011.10.05 09:29:21.070,0.83137,0.8315,3.00,1.43
2011.10.05 09:29:21.543,0.83135,0.8315,1.88,2.18
2011.10.05 09:29:21.787,0.83137,0.83147,1.13,1.43
2011.10.05 09:29:22.832,0.8313,0.83144,1.73,1.43
2011.10.05 09:29:23.072,0.83133,0.83148,1.13,1.43
2011.10.05 09:29:23.430,0.83137,0.83152,1.50,1.43
2011.10.05 09:29:23.550,0.83137,0.83152,3.00,1.43
2011.10.05 09:29:24.125,0.83136,0.8315,2.25,1.50
2011.10.05 09:29:24.375,0.83137,0.83151,1.13,1.50
2011.10.05 09:29:25.036,0.83136,0.83152,3.38,2.18
2011.10.05 09:29:25.531,0.83143,0.83153,1.13,1.43
2011.10.05 09:29:25.915,0.83146,0.83156,1.50,1.50
2011.10.05 09:29:26.171,0.83149,0.83162,1.13,1.50
2011.10.05 09:29:26.421,0.8315,0.83165,1.05,1.50
2011.10.05 09:29:26.853,0.83148,0.83164,2.18,1.50
2011.10.05 09:29:26.994,0.8315,0.83164,1.73,1.50
2011.10.05 09:29:27.946,0.83152,0.83164,1.43,1.50
2011.10.05 09:29:28.314,0.83156,0.83168,2.63,1.50
2011.10.05 09:29:29.108,0.8315,0.83166,2.18,1.50
2011.10.05 09:29:30.351,0.83152,0.83166,1.13,1.50
2011.10.05 09:29:31.273,0.83148,0.83166,1.13,1.50
2011.10.05 09:29:31.500,0.83147,0.83163,3.68,1.50
2011.10.05 09:29:31.621,0.83147,0.83163,3.68,1.50
2011.10.05 09:29:32.533,0.83147,0.83163,3.68,1.50
2011.10.05 09:29:33.121,0.83147,0.83163,3.38,1.50
2011.10.05 09:29:33.803,0.8315,0.83163,1.13,1.50
2011.10.05 09:29:34.361,0.8315,0.83163,1.13,1.50
2011.10.05 09:29:34.599,0.8315,0.83163,1.13,1.50
2011.10.05 09:29:35.216,0.8315,0.83163,1.13,1.50
2011.10.05 09:29:35.872,0.83148,0.83163,2.18,1.50
2011.10.05 09:29:37.358,0.83148,0.83163,1.43,1.50
2011.10.05 09:29:37.480,0.83148,0.83163,1.43,1.50
2011.10.05 09:29:37.832,0.83146,0.8316,1.88,1.50
2011.10.05 09:29:37.950,0.83146,0.83159,1.88,1.50
2011.10.05 09:29:38.529,0.83146,0.83162,1.88,1.50
2011.10.05 09:29:38.650,0.83146,0.83162,1.88,1.50
2011.10.05 09:29:39.131,0.83146,0.83162,2.10,1.50
2011.10.05 09:29:40.323,0.83147,0.83161,2.55,1.50
2011.10.05 09:29:40.670,0.83147,0.83159,2.63,1.50
2011.10.05 09:29:50.680,0.83147,0.83155,1.88,1.50
2011.10.05 09:29:51.033,0.83147,0.83157,1.88,1.50
2011.10.05 09:29:51.270,0.83147,0.83163,1.88,1.50
2011.10.05 09:29:51.838,0.83147,0.83163,3.30,1.50
2011.10.05 09:29:53.079,0.83147,0.83163,3.30,1.50
2011.10.05 09:29:54.020,0.83147,0.83164,3.30,1.50
2011.10.05 09:29:54.373,0.83149,0.83164,1.43,1.50
2011.10.05 09:29:54.610,0.83149,0.83167,2.10,1.50
2011.10.05 09:29:56.283,0.83147,0.83167,2.55,1.50
2011.10.05 09:29:56.400,0.83147,0.83164,2.55,1.50
2011.10.05 09:29:56.632,0.83148,0.83166,1.43,1.50
2011.10.05 09:29:57.101,0.83148,0.83165,1.43,1.50
2011.10.05 09:29:57.704,0.83148,0.83165,1.43,1.50
2011.10.05 09:29:59.091,0.83147,0.83164,2.55,1.50
2011.10.05 09:29:59.210,0.83147,0.83165,2.55,1.50
2011.10.05 09:29:59.332,0.83148,0.83165,1.43,1.50
2011.10.05 09:29:59.951,0.83148,0.83165,1.43,1.50
2011.10.05 09:30:00.402,0.83148,0.83165,1.43,1.50
2011.10.05 09:30:00.521,0.83148,0.83166,1.43,1.50
2011.10.05 09:30:01.924,0.83148,0.83163,1.43,1.50
2011.10.05 09:30:02.766,0.83147,0.83159,2.55,1.50
2011.10.05 09:30:06.349,0.83146,0.83166,3.30,1.50
2011.10.05 09:30:06.581,0.83146,0.83165,3.30,1.50
2011.10.05 09:30:06.809,0.83146,0.83165,3.30,1.50
2011.10.05 09:30:09.682,0.83155,0.83169,1.13,1.50
2011.10.05 09:30:09.911,0.83156,0.8317,1.13,1.50
2011.10.05 09:30:10.151,0.83157,0.83174,1.35,1.50
2011.10.05 09:30:10.810,0.83159,0.83177,1.43,1.50
2011.10.05 09:30:15.054,0.8316,0.83175,1.80,1.50
2011.10.05 09:30:15.416,0.83154,0.83173,1.50,2.25
2011.10.05 09:30:15.664,0.83157,0.83175,3.23,1.50
2011.10.05 09:30:19.207,0.83157,0.83176,3.60,1.50
2011.10.05 09:30:20.601,0.83157,0.83177,3.23,1.50
2011.10.05 09:30:21.089,0.83155,0.83175,1.80,1.50
2011.10.05 09:30:21.672,0.83149,0.83162,1.13,1.50
2011.10.05 09:30:21.798,0.83144,0.83159,1.43,1.13
2011.10.05 09:30:21.933,0.83143,0.83154,2.94,1.50
2011.10.05 09:30:22.054,0.8314,0.83154,1.44,1.50
2011.10.05 09:30:22.180,0.83147,0.83154,1.88,1.50
2011.10.05 09:30:22.769,0.83147,0.83152,1.88,1.50
2011.10.05 09:30:23.469,0.83137,0.83152,4.05,1.50
2011.10.05 09:30:24.097,0.83137,0.83152,3.30,1.50
2011.10.05 09:30:24.451,0.8314,0.83155,1.43,1.50
2011.10.05 09:30:24.813,0.83147,0.83155,1.88,1.50
2011.10.05 09:30:25.681,0.83147,0.83155,1.88,1.50
2011.10.05 09:30:26.440,0.83147,0.83157,1.88,1.50
2011.10.05 09:30:27.237,0.8314,0.83157,1.43,1.50
2011.10.05 09:30:28.105,0.83141,0.83157,1.43,1.50
2011.10.05 09:30:28.602,0.83141,0.83157,1.43,1.50
2011.10.05 09:30:29.169,0.83141,0.83157,1.43,1.50
2011.10.05 09:30:29.511,0.83141,0.83157,1.43,1.50
2011.10.05 09:30:30.072,0.83146,0.83157,2.63,1.50
2011.10.05 09:30:30.317,0.83146,0.83156,2.63,1.50
2011.10.05 09:30:31.232,0.83146,0.83155,1.88,1.50
2011.10.05 09:30:36.439,0.83146,0.83153,1.88,1.50
2011.10.05 09:30:39.969,0.83146,0.83153,1.88,1.50
2011.10.05 09:30:40.761,0.83146,0.83154,1.88,1.50
2011.10.05 09:30:41.216,0.83142,0.83154,1.43,1.50
2011.10.05 09:30:42.291,0.83141,0.83154,1.43,1.50
2011.10.05 09:30:42.741,0.83141,0.83155,1.43,1.50
2011.10.05 09:30:43.339,0.83142,0.83155,1.43,1.50
2011.10.05 09:30:44.490,0.83141,0.83154,1.43,1.50
2011.10.05 09:30:44.842,0.83141,0.83152,1.43,1.50
2011.10.05 09:30:45.574,0.83138,0.83153,1.43,1.50
2011.10.05 09:30:45.826,0.83137,0.83153,1.43,1.50
2011.10.05 09:30:46.546,0.83136,0.83153,3.98,1.50
2011.10.05 09:30:47.010,0.83136,0.83152,3.30,1.50
2011.10.05 09:30:47.369,0.83136,0.8315,1.88,1.50
2011.10.05 09:30:48.090,0.83136,0.83147,1.88,1.50
2011.10.05 09:30:48.701,0.83136,0.83148,1.88,1.50
2011.10.05 09:30:48.826,0.8313,0.83148,1.35,1.50
2011.10.05 09:30:49.299,0.8313,0.83148,3.45,1.50
2011.10.05 09:30:49.419,0.8313,0.83148,3.45,1.50
2011.10.05 09:30:52.761,0.8313,0.83153,3.45,4.35
2011.10.05 09:30:52.991,0.83131,0.83152,1.13,1.05
2011.10.05 09:30:53.589,0.83131,0.83152,1.13,1.05
2011.10.05 09:30:53.929,0.83137,0.83152,1.88,1.05
2011.10.05 09:30:55.767,0.83137,0.83155,2.63,1.13
2011.10.05 09:30:56.011,0.83136,0.83157,1.13,3.90
2011.10.05 09:30:56.582,0.83137,0.83159,1.43,2.25
2011.10.05 09:30:56.701,0.83137,0.83159,1.43,2.25
2011.10.05 09:30:56.820,0.83137,0.83159,1.43,1.50
2011.10.05 09:30:56.943,0.83137,0.83159,1.43,1.50
2011.10.05 09:30:57.694,0.83137,0.83159,1.43,1.88
2011.10.05 09:30:57.822,0.83142,0.83161,1.05,2.25
2011.10.05 09:30:58.186,0.83148,0.83161,1.50,1.50
2011.10.05 09:30:58.541,0.83149,0.83163,1.13,1.88
2011.10.05 09:30:58.893,0.83148,0.83169,1.13,1.88
2011.10.05 09:30:59.014,0.8315,0.8317,1.13,1.05
2011.10.05 09:30:59.256,0.83152,0.83172,1.13,2.55
2011.10.05 09:30:59.821,0.83149,0.83171,1.13,1.43
2011.10.05 09:30:59.953,0.83149,0.83172,1.43,1.50
2011.10.05 09:31:00.779,0.83149,0.83173,1.43,4.43
2011.10.05 09:31:01.375,0.8315,0.83172,1.43,1.50
2011.10.05 09:31:01.507,0.83147,0.83171,3.90,1.43
2011.10.05 09:31:02.580,0.8315,0.83173,1.43,1.50
2011.10.05 09:31:02.711,0.83153,0.83173,1.35,3.00
2011.10.05 09:31:03.310,0.8315,0.83173,1.43,2.25
2011.10.05 09:31:04.011,0.8315,0.83173,1.43,1.88
2011.10.05 09:31:04.487,0.83156,0.83176,2.63,1.73
2011.10.05 09:31:04.934,0.83156,0.83177,2.63,2.40
2011.10.05 09:31:05.066,0.83161,0.83184,1.28,3.68
2011.10.05 09:31:05.881,0.8316,0.83182,1.35,1.43
2011.10.05 09:31:06.849,0.83167,0.83182,1.35,1.43
2011.10.05 09:31:07.276,0.83167,0.83186,4.05,2.25
2011.10.05 09:31:07.408,0.83166,0.83187,2.55,2.25
2011.10.05 09:31:07.533,0.83166,0.83186,1.88,2.63
2011.10.05 09:31:07.660,0.83166,0.83184,1.88,1.13
2011.10.05 09:31:08.020,0.83157,0.83182,4.28,3.60
2011.10.05 09:31:08.620,0.83157,0.83181,3.30,3.90
2011.10.05 09:31:08.740,0.83157,0.83181,3.30,3.15
2011.10.05 09:31:09.090,0.83157,0.83179,2.63,1.05
2011.10.05 09:31:09.213,0.83157,0.83176,2.63,1.35
2011.10.05 09:31:10.642,0.83157,0.83176,3.60,1.35
2011.10.05 09:31:10.884,0.83157,0.83176,2.85,1.35
2011.10.05 09:31:12.279,0.83157,0.83176,3.60,2.10
2011.10.05 09:31:12.769,0.83161,0.83181,1.13,2.48
2011.10.05 09:31:13.014,0.83162,0.83181,1.13,2.85
2011.10.05 09:31:14.127,0.83163,0.83181,1.13,2.85
2011.10.05 09:31:18.704,0.83167,0.83181,1.88,1.35
2011.10.05 09:31:18.957,0.83167,0.83184,1.88,1.35
2011.10.05 09:31:19.086,0.83167,0.83186,2.63,1.73
2011.10.05 09:31:19.561,0.83167,0.83187,2.63,1.05
2011.10.05 09:31:19.789,0.83168,0.83187,1.13,1.80
2011.10.05 09:31:21.530,0.83167,0.83187,2.63,1.43
2011.10.05 09:31:23.363,0.83167,0.83185,1.88,1.13
2011.10.05 09:31:23.484,0.83167,0.83185,1.88,1.50
2011.10.05 09:31:23.614,0.83161,0.83178,1.35,1.13
2011.10.05 09:31:23.742,0.83158,0.83176,1.88,1.05
2011.10.05 09:31:25.201,0.83161,0.83179,1.13,1.35
2011.10.05 09:31:25.321,0.83161,0.8318,1.13,3.23
2011.10.05 09:31:25.830,0.83161,0.8318,1.13,1.05
2011.10.05 09:31:26.023,0.83161,0.8318,1.13,1.05
2011.10.05 09:31:26.380,0.83165,0.83182,1.50,1.35
2011.10.05 09:31:26.510,0.83167,0.83186,1.73,2.18
2011.10.05 09:31:26.642,0.83167,0.83189,1.73,1.50
2011.10.05 09:31:27.129,0.83169,0.8319,1.13,1.80
2011.10.05 09:31:28.906,0.8317,0.8319,1.13,1.80
2011.10.05 09:31:30.150,0.83171,0.8319,1.13,1.80
2011.10.05 09:31:32.099,0.83167,0.8319,1.13,2.18
2011.10.05 09:31:32.330,0.83167,0.8319,1.13,2.18
2011.10.05 09:31:37.006,0.83166,0.8319,3.68,1.43
2011.10.05 09:31:37.241,0.83179,0.83192,1.35,1.43
2011.10.05 09:31:37.363,0.83171,0.83192,1.43,1.43
2011.10.05 09:31:37.481,0.83171,0.83195,1.43,1.99
2011.10.05 09:31:37.605,0.83173,0.83195,1.35,2.06
2011.10.05 09:31:37.736,0.83173,0.83195,1.35,1.73
2011.10.05 09:31:38.331,0.83176,0.83194,1.88,1.43
2011.10.05 09:31:39.233,0.83177,0.83194,1.88,1.43
2011.10.05 09:31:39.820,0.83177,0.83195,1.88,1.35
2011.10.05 09:31:40.456,0.83177,0.83195,1.88,1.35
2011.10.05 09:31:41.274,0.83177,0.83196,1.88,2.85
2011.10.05 09:31:41.514,0.83177,0.83197,1.88,1.50
2011.10.05 09:31:41.642,0.83177,0.832,2.55,1.35
2011.10.05 09:31:42.209,0.83177,0.832,2.55,1.35
2011.10.05 09:31:43.622,0.83177,0.83198,2.55,1.13
2011.10.05 09:31:43.759,0.83177,0.83195,1.88,1.43
2011.10.05 09:31:44.352,0.83177,0.83195,1.88,2.10
2011.10.05 09:31:45.988,0.83177,0.83195,2.63,1.35
2011.10.05 09:31:46.592,0.83177,0.83194,1.88,1.43
2011.10.05 09:31:47.182,0.83177,0.83195,1.88,1.73
2011.10.05 09:31:48.433,0.83177,0.83192,1.88,2.10
2011.10.05 09:31:49.383,0.83177,0.83192,2.63,1.35
2011.10.05 09:31:49.508,0.83177,0.83192,1.88,1.35
2011.10.05 09:31:49.640,0.83177,0.83194,1.88,1.13
2011.10.05 09:31:49.767,0.83176,0.83195,3.00,1.05
2011.10.05 09:31:50.639,0.83177,0.83195,2.63,1.05
2011.10.05 09:31:51.225,0.83177,0.83195,1.88,1.05
2011.10.05 09:31:51.601,0.83199,0.83212,1.28,2.32
2011.10.05 09:31:51.961,0.83199,0.83211,1.43,1.50
2011.10.05 09:31:52.585,0.832,0.83222,1.43,1.43
2011.10.05 09:31:52.831,0.832,0.83222,1.43,1.43
2011.10.05 09:31:53.082,0.83198,0.83221,1.43,1.43
2011.10.05 09:31:53.205,0.83197,0.83219,3.00,1.35
2011.10.05 09:31:53.345,0.83197,0.83218,1.88,1.01
2011.10.05 09:31:53.476,0.83197,0.83216,1.88,1.05
2011.10.05 09:31:53.802,0.83197,0.83212,1.88,1.43
2011.10.05 09:31:54.679,0.83186,0.83204,1.88,1.35
2011.10.05 09:31:54.819,0.83186,0.83206,2.63,1.35
2011.10.05 09:31:55.531,0.83186,0.83206,2.63,1.35
2011.10.05 09:31:56.116,0.83186,0.83206,2.63,1.35
2011.10.05 09:31:56.604,0.83186,0.83208,3.30,1.05
2011.10.05 09:31:57.212,0.83186,0.83209,3.30,1.05
2011.10.05 09:31:57.449,0.83186,0.83209,2.63,1.05
2011.10.05 09:31:58.139,0.83186,0.83206,2.63,1.35
2011.10.05 09:32:00.239,0.83186,0.83206,2.63,1.35
2011.10.05 09:32:00.577,0.83186,0.83206,2.63,1.35
2011.10.05 09:32:02.491,0.83186,0.83205,1.88,1.43
2011.10.05 09:32:04.201,0.83186,0.83202,2.63,1.35
2011.10.05 09:32:04.724,0.83186,0.83207,1.88,2.10
2011.10.05 09:32:07.726,0.83181,0.83203,1.43,1.13
2011.10.05 09:32:08.180,0.83179,0.83199,1.05,1.13
2011.10.05 09:32:08.712,0.83179,0.83199,1.13,1.13
2011.10.05 09:32:09.100,0.8318,0.83199,1.13,1.13
2011.10.05 09:32:13.422,0.83178,0.83199,1.43,1.13
2011.10.05 09:32:14.046,0.83177,0.83198,1.43,1.50
2011.10.05 09:32:14.414,0.83177,0.83191,2.55,1.50
2011.10.05 09:32:15.013,0.83177,0.8319,2.63,1.50
2011.10.05 09:32:15.250,0.83177,0.8319,2.63,1.50
2011.10.05 09:32:15.375,0.83179,0.83191,3.60,1.50
2011.10.05 09:32:15.732,0.83183,0.83198,1.13,1.50
2011.10.05 09:32:16.245,0.83183,0.83198,1.13,1.50
2011.10.05 09:32:17.740,0.83183,0.83199,1.13,1.50
2011.10.05 09:32:17.861,0.83189,0.83201,1.13,1.13
2011.10.05 09:32:17.985,0.83191,0.83204,1.35,1.43
2011.10.05 09:32:18.350,0.83196,0.83206,1.88,1.50
2011.10.05 09:32:18.913,0.83196,0.83209,1.88,2.25
2011.10.05 09:32:19.392,0.83192,0.83209,1.35,1.50
2011.10.05 09:32:19.849,0.8319,0.83206,3.23,1.50
2011.10.05 09:32:20.452,0.8319,0.83207,2.85,2.18
2011.10.05 09:32:20.831,0.83192,0.8321,1.43,1.50
2011.10.05 09:32:20.955,0.83193,0.8321,2.48,1.50
2011.10.05 09:32:21.322,0.83196,0.83211,2.63,1.50
2011.10.05 09:32:21.922,0.83195,0.83211,2.85,1.50
2011.10.05 09:32:22.459,0.83203,0.83223,1.35,2.18
2011.10.05 09:32:22.583,0.83203,0.83223,2.03,1.50
2011.10.05 09:32:23.058,0.83203,0.83223,2.03,2.25
2011.10.05 09:32:24.965,0.83206,0.83223,2.63,1.50
2011.10.05 09:32:25.849,0.83206,0.83224,2.55,1.50
2011.10.05 09:32:28.301,0.83208,0.83224,1.43,1.50
2011.10.05 09:32:31.203,0.83208,0.83224,1.80,1.50
2011.10.05 09:32:31.609,0.83217,0.83231,1.13,1.50
2011.10.05 09:32:32.215,0.83216,0.8323,1.88,1.50
2011.10.05 09:32:33.032,0.83216,0.83231,1.88,1.50
2011.10.05 09:32:33.482,0.83213,0.83231,1.35,1.50
2011.10.05 09:32:33.721,0.83207,0.83229,4.28,1.50
2011.10.05 09:32:33.839,0.83207,0.83227,2.40,1.50
2011.10.05 09:32:34.370,0.83207,0.83227,2.40,1.50
2011.10.05 09:32:34.971,0.83208,0.83226,1.13,1.43
2011.10.05 09:32:35.329,0.83209,0.83223,1.13,1.50
2011.10.05 09:32:37.930,0.83209,0.83223,1.13,1.50
2011.10.05 09:32:38.172,0.83215,0.83231,1.13,2.18
2011.10.05 09:32:38.640,0.83214,0.83227,1.13,1.50
2011.10.05 09:32:39.222,0.83214,0.83231,1.13,2.18
2011.10.05 09:32:39.341,0.83214,0.83231,1.13,1.43
2011.10.05 09:32:39.930,0.83216,0.8323,1.13,1.50
2011.10.05 09:32:40.535,0.83217,0.83233,1.13,1.50
2011.10.05 09:32:42.162,0.83216,0.83228,1.88,1.50
2011.10.05 09:32:45.168,0.83216,0.83229,1.88,1.50
2011.10.05 09:32:45.744,0.83216,0.83229,1.88,2.25
2011.10.05 09:32:45.883,0.83208,0.83226,1.35,1.50
2011.10.05 09:32:46.001,0.83208,0.83226,1.35,1.50
2011.10.05 09:32:46.234,0.83208,0.83227,1.35,1.50
2011.10.05 09:32:46.710,0.83208,0.83225,1.35,1.50
2011.10.05 09:32:47.081,0.83211,0.83225,2.10,1.50
2011.10.05 09:32:47.214,0.83211,0.83233,1.43,1.50
2011.10.05 09:32:47.339,0.83224,0.83235,1.50,1.43
2011.10.05 09:32:47.850,0.83224,0.83239,2.18,1.43
2011.10.05 09:32:47.983,0.83227,0.83243,1.05,1.57
2011.10.05 09:32:48.103,0.83227,0.83247,1.05,2.25
2011.10.05 09:32:48.594,0.83226,0.83244,1.43,2.63
2011.10.05 09:32:49.074,0.83227,0.83244,1.43,2.63
2011.10.05 09:32:49.540,0.83227,0.83244,1.43,2.63
2011.10.05 09:32:50.186,0.83227,0.83244,1.43,1.13
2011.10.05 09:32:50.775,0.83231,0.83248,1.43,1.50
2011.10.05 09:32:50.908,0.8323,0.83248,1.35,1.50
2011.10.05 09:32:51.159,0.83227,0.83246,2.55,1.50
2011.10.05 09:32:51.289,0.83227,0.83242,1.05,1.50
2011.10.05 09:32:51.653,0.83227,0.8324,1.88,1.50
2011.10.05 09:32:53.019,0.83221,0.83239,1.13,1.50
2011.10.05 09:32:53.381,0.83227,0.83236,1.50,1.50
2011.10.05 09:32:53.743,0.83219,0.83237,1.35,2.18
2011.10.05 09:32:53.863,0.83219,0.83235,1.35,1.43
2011.10.05 09:32:54.459,0.83217,0.83234,2.48,1.43
2011.10.05 09:32:56.292,0.83219,0.83237,1.35,1.50
2011.10.05 09:32:56.895,0.83217,0.83236,3.23,1.50
2011.10.05 09:32:57.481,0.83217,0.83236,2.48,1.50
2011.10.05 09:32:57.842,0.8321,0.83225,2.48,1.50
2011.10.05 09:32:57.964,0.83207,0.83225,1.82,1.50
2011.10.05 09:32:58.094,0.83207,0.83221,1.44,1.50
2011.10.05 09:32:58.342,0.83202,0.83221,1.50,1.50
2011.10.05 09:32:59.082,0.83202,0.83221,1.50,1.50
2011.10.05 09:32:59.879,0.83202,0.83221,1.88,1.50
2011.10.05 09:33:00.545,0.83202,0.83221,1.13,1.50
2011.10.05 09:33:04.021,0.83207,0.83221,1.13,1.88
2011.10.05 09:33:04.140,0.83207,0.8322,1.13,1.50
2011.10.05 09:33:04.643,0.83202,0.8322,1.13,1.50
2011.10.05 09:33:05.352,0.83204,0.8322,1.43,1.50
2011.10.05 09:33:05.594,0.83204,0.8322,1.43,1.50
2011.10.05 09:33:06.080,0.83201,0.8322,1.13,1.88
2011.10.05 09:33:06.200,0.83201,0.83219,1.13,1.50
2011.10.05 09:33:06.551,0.83201,0.83217,1.13,1.50
2011.10.05 09:33:10.782,0.83204,0.83217,1.43,1.50
2011.10.05 09:33:11.020,0.83204,0.83218,1.43,1.50
2011.10.05 09:33:12.872,0.83205,0.83222,1.13,1.50
2011.10.05 09:33:15.039,0.83206,0.83222,2.63,1.88
2011.10.05 09:33:16.045,0.83206,0.83219,2.63,1.50
2011.10.05 09:33:16.599,0.83208,0.83224,2.85,1.50
2011.10.05 09:33:17.203,0.83217,0.83224,1.88,1.50
2011.10.05 09:33:17.553,0.83217,0.83228,2.63,1.50
2011.10.05 09:33:23.504,0.83217,0.83234,3.00,1.50
2011.10.05 09:33:23.743,0.83217,0.83234,3.00,1.50
2011.10.05 09:33:28.690,0.83217,0.83238,3.00,2.18
2011.10.05 09:33:30.546,0.83217,0.83238,2.63,1.05
2011.10.05 09:33:31.396,0.83219,0.8324,1.43,2.10
2011.10.05 09:33:34.997,0.83217,0.83238,2.63,1.13
2011.10.05 09:33:36.465,0.83217,0.83239,2.63,1.43
2011.10.05 09:33:36.974,0.83217,0.83239,2.63,1.05
2011.10.05 09:33:37.309,0.83217,0.83239,2.63,1.05
2011.10.05 09:33:38.123,0.83217,0.83239,2.63,1.80
2011.10.05 09:33:38.245,0.83217,0.83239,2.63,1.80
2011.10.05 09:33:38.375,0.83217,0.83238,2.63,1.13
2011.10.05 09:33:38.731,0.83217,0.83233,2.63,1.50
2011.10.05 09:33:44.602,0.83217,0.83234,2.63,1.50
2011.10.05 09:33:48.349,0.83217,0.83229,1.88,1.50
2011.10.05 09:33:49.054,0.8321,0.83229,1.35,1.50
2011.10.05 09:33:49.981,0.83207,0.83228,1.43,1.50
2011.10.05 09:33:50.554,0.83206,0.83227,2.63,1.43
2011.10.05 09:33:52.754,0.83206,0.83225,2.63,1.50
2011.10.05 09:33:53.110,0.83199,0.83219,1.43,1.50
2011.10.05 09:33:53.592,0.83199,0.83219,3.53,1.50
2011.10.05 09:33:55.243,0.832,0.83217,1.13,1.80
2011.10.05 09:33:56.566,0.832,0.83217,1.13,1.80
2011.10.05 09:33:56.805,0.832,0.83217,1.13,1.80
2011.10.05 09:34:03.234,0.83197,0.83214,3.23,1.50
2011.10.05 09:34:03.477,0.83197,0.83213,2.63,1.50
2011.10.05 09:34:03.732,0.83197,0.83212,2.63,2.18
2011.10.05 09:34:04.093,0.83187,0.83203,2.63,1.43
2011.10.05 09:34:04.891,0.83186,0.83205,5.48,1.50
2011.10.05 09:34:05.201,0.83188,0.83208,2.85,2.18
2011.10.05 09:34:06.000,0.83188,0.83208,2.85,2.18
2011.10.05 09:34:08.096,0.83187,0.83208,2.85,2.18
2011.10.05 09:34:09.274,0.83186,0.83205,2.63,1.43
2011.10.05 09:34:09.392,0.83186,0.832,2.63,1.50
2011.10.05 09:34:09.936,0.83186,0.832,2.63,2.18
2011.10.05 09:34:10.302,0.83186,0.83197,1.88,1.35
2011.10.05 09:34:11.568,0.83178,0.83197,3.45,1.35
2011.10.05 09:34:12.593,0.83184,0.83198,1.13,1.43
2011.10.05 09:34:13.087,0.83186,0.83203,2.48,2.25
2011.10.05 09:34:13.218,0.83186,0.83205,2.63,1.50
2011.10.05 09:34:13.346,0.83188,0.83206,1.43,1.50
2011.10.05 09:34:19.114,0.83193,0.83206,1.13,1.50
2011.10.05 09:34:19.684,0.83193,0.83211,1.13,2.25
2011.10.05 09:34:22.629,0.83193,0.83211,1.13,1.13
2011.10.05 09:34:22.761,0.83193,0.8321,1.13,1.50
2011.10.05 09:34:22.884,0.83193,0.83211,1.13,1.13
2011.10.05 09:34:25.178,0.83192,0.83208,2.03,1.13
2011.10.05 09:34:25.421,0.83192,0.8321,2.03,1.13
2011.10.05 09:34:26.376,0.83192,0.83209,2.03,1.13
2011.10.05 09:34:26.625,0.83192,0.83208,2.03,1.13
2011.10.05 09:34:29.708,0.83192,0.83208,1.43,1.13
2011.10.05 09:34:30.421,0.83196,0.83208,1.88,1.13
2011.10.05 09:34:30.547,0.83192,0.83208,1.43,1.13
2011.10.05 09:34:30.783,0.8319,0.83205,1.43,1.50
2011.10.05 09:34:31.024,0.83189,0.83208,2.40,1.13
2011.10.05 09:34:32.091,0.83189,0.83207,2.03,1.13
2011.10.05 09:34:32.441,0.83189,0.83207,2.03,1.13
2011.10.05 09:34:32.911,0.83189,0.83207,2.40,1.13
2011.10.05 09:34:33.745,0.83189,0.83207,2.40,1.13
2011.10.05 09:34:34.251,0.83187,0.83203,4.73,1.13
2011.10.05 09:34:34.374,0.83187,0.83203,2.63,1.13
2011.10.05 09:34:34.711,0.83187,0.832,2.63,1.13
2011.10.05 09:34:36.653,0.83187,0.83202,2.63,1.43
2011.10.05 09:34:38.889,0.83187,0.83202,2.63,1.05
2011.10.05 09:34:39.450,0.83187,0.83203,2.63,1.80
2011.10.05 09:34:39.571,0.83187,0.83203,2.63,1.80
2011.10.05 09:34:40.140,0.83187,0.83202,2.63,1.80
2011.10.05 09:34:40.494,0.83187,0.83206,3.00,1.88
2011.10.05 09:34:41.051,0.8319,0.83207,1.13,1.43
2011.10.05 09:34:41.600,0.8319,0.83208,1.13,1.13
2011.10.05 09:34:42.226,0.83189,0.83209,1.13,1.13
2011.10.05 09:34:44.331,0.83192,0.83209,1.13,1.13
2011.10.05 09:34:45.089,0.8319,0.8321,1.13,2.55
2011.10.05 09:34:45.752,0.8319,0.8321,1.13,1.80
2011.10.05 09:34:46.624,0.83194,0.83212,1.50,1.35
2011.10.05 09:34:47.210,0.83196,0.83212,2.63,1.35
2011.10.05 09:34:51.487,0.83193,0.8321,1.73,1.43
2011.10.05 09:34:51.851,0.83188,0.83203,1.50,1.35
2011.10.05 09:34:52.580,0.83177,0.83195,2.04,1.95
2011.10.05 09:34:52.703,0.83177,0.83195,1.35,1.95
2011.10.05 09:34:53.052,0.83176,0.83195,2.63,1.95
2011.10.05 09:34:53.171,0.83176,0.83189,2.63,1.35
2011.10.05 09:34:53.291,0.83176,0.83189,2.63,1.35
2011.10.05 09:34:53.631,0.83176,0.83184,2.63,1.35
2011.10.05 09:34:53.859,0.83176,0.83191,2.63,1.35
2011.10.05 09:34:54.432,0.83176,0.83191,2.63,1.35
2011.10.05 09:34:54.783,0.83176,0.83191,2.63,1.35
2011.10.05 09:34:55.207,0.83176,0.83188,2.63,1.05
2011.10.05 09:34:55.454,0.83169,0.83186,1.73,1.35
2011.10.05 09:34:55.948,0.83166,0.83184,2.63,1.05
2011.10.05 09:34:56.436,0.83166,0.83183,1.88,1.73
2011.10.05 09:34:56.564,0.83161,0.83181,1.50,1.43
2011.10.05 09:34:57.134,0.8316,0.83168,1.50,1.05
2011.10.05 09:34:57.389,0.83152,0.83167,1.13,1.05
2011.10.05 09:34:57.758,0.83146,0.83151,2.63,1.35
2011.10.05 09:34:58.724,0.83136,0.83151,1.50,1.35
2011.10.05 09:34:58.883,0.83137,0.83148,1.88,1.35
2011.10.05 09:34:59.241,0.83137,0.83151,3.38,1.35
2011.10.05 09:34:59.476,0.83137,0.83151,3.38,1.35
2011.10.05 09:34:59.723,0.83137,0.83147,2.63,1.35
2011.10.05 09:34:59.843,0.83137,0.83147,2.63,1.35
2011.10.05 09:35:00.409,0.83137,0.83147,2.63,1.35
2011.10.05 09:35:00.546,0.83137,0.83147,2.63,1.35
2011.10.05 09:35:00.916,0.83137,0.83151,2.63,1.35
2011.10.05 09:35:01.046,0.83137,0.83151,2.63,1.35
2011.10.05 09:35:02.670,0.8314,0.83156,1.88,1.35
2011.10.05 09:35:02.804,0.83147,0.83161,2.63,1.05
2011.10.05 09:35:03.400,0.83147,0.83161,2.63,1.05
2011.10.05 09:35:04.353,0.83147,0.83161,2.63,1.43
2011.10.05 09:35:04.474,0.83147,0.83161,1.88,1.80
2011.10.05 09:35:06.151,0.83147,0.83159,1.88,1.73
2011.10.05 09:35:06.954,0.83147,0.83157,1.88,1.43
2011.10.05 09:35:07.616,0.8314,0.83157,1.35,1.43
2011.10.05 09:35:08.288,0.83137,0.83157,3.38,1.43
2011.10.05 09:35:08.870,0.83137,0.83157,2.63,1.43
2011.10.05 09:35:10.121,0.83137,0.83154,2.25,1.05
2011.10.05 09:35:10.485,0.83137,0.83154,1.88,1.43
2011.10.05 09:35:10.735,0.83129,0.83151,1.43,2.25
2011.10.05 09:35:10.865,0.83129,0.83148,1.43,1.13
2011.10.05 09:35:11.233,0.83127,0.83141,1.50,1.35
2011.10.05 09:35:11.819,0.83126,0.83141,2.63,1.35
2011.10.05 09:35:12.079,0.83117,0.83133,1.35,1.35
2011.10.05 09:35:12.914,0.83117,0.83132,3.38,1.05
2011.10.05 09:35:13.702,0.83117,0.83133,3.00,1.35
2011.10.05 09:35:13.851,0.83117,0.83135,5.10,1.05
2011.10.05 09:35:14.727,0.83117,0.83135,3.75,1.05
2011.10.05 09:35:15.432,0.83117,0.83135,3.75,1.05
2011.10.05 09:35:16.003,0.83119,0.83135,1.50,1.05
2011.10.05 09:35:16.373,0.83127,0.8314,1.88,1.35
2011.10.05 09:35:19.861,0.83127,0.83144,1.88,1.73
2011.10.05 09:35:21.468,0.83127,0.83144,2.63,1.35
2011.10.05 09:35:22.166,0.83127,0.83144,2.25,1.35
2011.10.05 09:35:22.292,0.83126,0.83144,3.00,1.35
2011.10.05 09:35:22.412,0.83126,0.83143,3.00,1.43
2011.10.05 09:35:23.044,0.83137,0.83144,1.88,1.43
2011.10.05 09:35:23.174,0.83137,0.83152,1.88,1.43
2011.10.05 09:35:23.777,0.83137,0.83153,1.88,1.88
2011.10.05 09:35:23.911,0.83137,0.83155,2.85,1.43
2011.10.05 09:35:24.043,0.83147,0.83156,2.10,1.43
2011.10.05 09:35:24.165,0.83147,0.83161,2.10,1.13
2011.10.05 09:35:24.302,0.83148,0.83166,2.85,1.43
2011.10.05 09:35:24.869,0.8315,0.83172,2.48,1.50
2011.10.05 09:35:25.223,0.83151,0.83173,1.13,1.43
2011.10.05 09:35:25.682,0.8315,0.83171,1.35,1.43
2011.10.05 09:35:26.049,0.83149,0.83168,1.43,1.50
2011.10.05 09:35:26.963,0.83141,0.83155,1.07,1.43
2011.10.05 09:35:27.109,0.83136,0.83153,5.48,1.35
2011.10.05 09:35:27.583,0.83138,0.83153,1.35,1.35
2011.10.05 09:35:28.048,0.83146,0.83157,1.88,1.35
2011.10.05 09:35:28.176,0.83146,0.83161,2.48,1.35
2011.10.05 09:35:28.782,0.83146,0.83161,2.85,1.35
2011.10.05 09:35:29.515,0.83146,0.83161,2.85,1.35
2011.10.05 09:35:30.559,0.83147,0.83161,1.73,1.35
2011.10.05 09:35:31.182,0.83146,0.83161,2.85,1.35
2011.10.05 09:35:32.074,0.83146,0.8316,2.85,1.43
2011.10.05 09:35:36.234,0.83147,0.83157,3.60,1.35
2011.10.05 09:35:36.353,0.83147,0.83162,3.23,1.35
2011.10.05 09:35:36.471,0.83148,0.83162,1.13,1.35
2011.10.05 09:35:37.164,0.83147,0.83159,1.88,2.10
2011.10.05 09:35:37.285,0.83143,0.83158,1.50,1.35
2011.10.05 09:35:37.871,0.83143,0.83158,1.13,1.35
2011.10.05 09:35:38.449,0.83142,0.83158,1.13,1.35
2011.10.05 09:35:39.648,0.83142,0.83158,1.13,2.10
2011.10.05 09:35:39.895,0.83142,0.83153,1.13,1.35
2011.10.05 09:35:43.577,0.8314,0.83153,1.13,1.35
2011.10.05 09:35:45.743,0.8314,0.83153,1.13,1.35
2011.10.05 09:35:46.105,0.83136,0.83148,1.13,1.73
2011.10.05 09:35:46.473,0.83128,0.83138,1.88,1.35
2011.10.05 09:35:49.050,0.83128,0.83138,1.13,1.35
2011.10.05 09:35:49.280,0.83128,0.83143,1.13,1.35
2011.10.05 09:35:49.402,0.83128,0.83143,1.50,1.35
2011.10.05 09:35:51.274,0.83129,0.83143,1.13,1.35
2011.10.05 09:35:52.028,0.83128,0.83143,1.13,1.35
2011.10.05 09:35:53.748,0.83127,0.83142,3.00,1.43
2011.10.05 09:35:54.024,0.83127,0.83142,3.00,1.43
2011.10.05 09:35:54.266,0.83127,0.83141,2.25,1.43
2011.10.05 09:35:54.396,0.83127,0.83141,1.88,2.18
2011.10.05 09:35:54.761,0.83127,0.83137,1.88,1.43
2011.10.05 09:35:54.881,0.83122,0.83134,1.13,1.35
2011.10.05 09:35:55.000,0.83122,0.83134,1.13,1.35
2011.10.05 09:35:55.571,0.8312,0.83134,1.13,1.35
2011.10.05 09:35:56.382,0.8312,0.83134,1.50,1.35
2011.10.05 09:35:56.881,0.83124,0.83139,1.13,1.35
2011.10.05 09:35:58.398,0.83126,0.83137,2.25,1.43
2011.10.05 09:35:58.532,0.83126,0.83144,2.25,1.88
2011.10.05 09:35:59.365,0.83127,0.83144,1.13,1.88
2011.10.05 09:36:02.494,0.83127,0.83144,1.13,1.88
2011.10.05 09:36:02.844,0.83126,0.83142,2.63,1.88
2011.10.05 09:36:02.965,0.83126,0.83142,2.63,1.88
2011.10.05 09:36:03.968,0.83126,0.83141,1.88,1.50
2011.10.05 09:36:04.636,0.83126,0.83139,2.63,1.43
2011.10.05 09:36:05.115,0.83126,0.83139,3.00,1.43
2011.10.05 09:36:05.486,0.83132,0.83146,1.73,1.28
2011.10.05 09:36:05.619,0.83134,0.83146,1.13,1.28
2011.10.05 09:36:05.868,0.83138,0.83153,1.13,1.50
2011.10.05 09:36:06.450,0.83139,0.83158,1.35,2.85
2011.10.05 09:36:06.680,0.83138,0.83158,1.73,1.50
2011.10.05 09:36:07.270,0.83138,0.83158,1.73,1.50
2011.10.05 09:36:07.840,0.83138,0.83159,1.73,1.43
2011.10.05 09:36:09.004,0.83138,0.83159,1.73,1.43
2011.10.05 09:36:09.153,0.83138,0.83159,1.73,2.18
2011.10.05 09:36:10.213,0.8314,0.83159,1.13,2.18
2011.10.05 09:36:10.725,0.8314,0.83159,1.13,1.43
2011.10.05 09:36:12.737,0.83139,0.83159,1.73,1.43
2011.10.05 09:36:13.080,0.83137,0.83156,3.00,1.43
2011.10.05 09:36:13.992,0.83137,0.83155,3.00,1.43
2011.10.05 09:36:14.911,0.83137,0.83155,3.00,1.43
2011.10.05 09:36:16.371,0.83139,0.83155,1.13,1.43
2011.10.05 09:36:16.891,0.83141,0.83158,1.50,1.43
2011.10.05 09:36:17.026,0.83146,0.83162,1.88,1.35
2011.10.05 09:36:17.651,0.83146,0.83164,1.65,2.55
2011.10.05 09:36:17.796,0.83147,0.83164,1.80,2.63
2011.10.05 09:36:18.156,0.83149,0.83164,1.13,2.63
2011.10.05 09:36:18.765,0.83147,0.83171,3.68,1.43
2011.10.05 09:36:19.363,0.83147,0.8317,3.68,1.43
2011.10.05 09:36:19.799,0.83147,0.83167,3.00,1.35
2011.10.05 09:36:24.870,0.83147,0.83167,2.25,1.35
2011.10.05 09:36:25.861,0.83147,0.83167,2.25,1.35
2011.10.05 09:36:26.429,0.83147,0.83167,3.00,1.35
2011.10.05 09:36:29.274,0.8315,0.83167,1.13,1.35
2011.10.05 09:36:29.850,0.83152,0.83171,1.13,2.85
2011.10.05 09:36:30.498,0.83152,0.83173,1.13,2.63
2011.10.05 09:36:32.171,0.83152,0.83172,1.13,1.43
2011.10.05 09:36:32.994,0.83152,0.83171,1.13,1.35
2011.10.05 09:36:33.444,0.83151,0.83171,1.13,1.35
2011.10.05 09:36:33.799,0.83151,0.83171,1.13,1.35
2011.10.05 09:36:34.857,0.8315,0.83171,1.13,2.10
2011.10.05 09:36:35.733,0.8315,0.83171,1.13,2.10
2011.10.05 09:36:36.337,0.83149,0.83171,1.13,1.35
2011.10.05 09:36:36.692,0.83149,0.8317,1.13,1.43
2011.10.05 09:36:37.502,0.83147,0.8317,1.13,1.43
2011.10.05 09:36:38.592,0.83147,0.83168,1.13,1.43
2011.10.05 09:36:38.835,0.83147,0.83167,1.13,1.35
2011.10.05 09:36:39.611,0.83147,0.83167,1.13,1.35
2011.10.05 09:36:44.174,0.83147,0.83163,1.13,1.35
2011.10.05 09:36:44.998,0.83146,0.83163,3.00,1.35
2011.10.05 09:36:45.811,0.83146,0.83163,2.63,1.35
2011.10.05 09:36:46.043,0.83146,0.83167,2.63,1.43
2011.10.05 09:36:47.128,0.83146,0.83167,2.63,1.43
2011.10.05 09:36:48.519,0.83146,0.83167,2.63,1.43
2011.10.05 09:36:49.109,0.83147,0.83163,1.88,1.35
2011.10.05 09:36:52.646,0.83147,0.83163,2.63,1.35
2011.10.05 09:36:53.170,0.83147,0.83163,1.88,1.35
2011.10.05 09:36:55.302,0.83147,0.83161,1.88,1.35
2011.10.05 09:36:55.662,0.83147,0.83158,1.88,1.35
2011.10.05 09:36:57.441,0.83147,0.83158,2.63,1.35
2011.10.05 09:36:57.802,0.83153,0.83163,1.13,1.35
2011.10.05 09:36:59.043,0.83151,0.83168,1.50,1.35
2011.10.05 09:37:02.334,0.83152,0.83168,1.50,1.35
2011.10.05 09:37:02.580,0.83157,0.8317,1.35,1.35
2011.10.05 09:37:02.709,0.83157,0.83176,1.35,1.43
2011.10.05 09:37:02.834,0.83158,0.83176,1.35,1.43
2011.10.05 09:37:04.253,0.83161,0.83177,1.73,1.35
2011.10.05 09:37:06.493,0.83163,0.83177,1.13,1.35
2011.10.05 09:37:06.732,0.83161,0.83177,1.35,1.35
2011.10.05 09:37:10.946,0.83165,0.83177,1.35,1.35
2011.10.05 09:37:11.634,0.83167,0.83181,2.25,1.43
2011.10.05 09:37:12.554,0.83167,0.83181,2.25,2.93
2011.10.05 09:37:14.354,0.83166,0.83181,1.35,1.43
2011.10.05 09:37:14.474,0.83164,0.83181,1.35,1.43
2011.10.05 09:37:14.595,0.83164,0.8318,1.73,1.35
2011.10.05 09:37:14.960,0.83164,0.83177,1.35,1.35
2011.10.05 09:37:17.210,0.83162,0.83177,1.35,1.35
2011.10.05 09:37:17.700,0.83161,0.83177,1.35,2.10
2011.10.05 09:37:21.852,0.8316,0.83177,2.10,1.35
2011.10.05 09:37:28.544,0.83157,0.83175,2.85,1.43
2011.10.05 09:37:28.663,0.83157,0.83175,2.48,1.43
2011.10.05 09:37:29.027,0.83157,0.83172,2.25,1.43
2011.10.05 09:37:31.824,0.83157,0.83162,1.88,1.35
2011.10.05 09:37:32.291,0.83149,0.83162,1.13,1.35
2011.10.05 09:37:32.715,0.83153,0.83164,1.13,1.43
2011.10.05 09:37:33.308,0.83156,0.83162,1.50,1.35
2011.10.05 09:37:33.583,0.83158,0.83164,1.50,1.43
2011.10.05 09:37:33.950,0.83148,0.83158,1.50,1.35
2011.10.05 09:37:34.076,0.83147,0.83156,2.63,1.35
2011.10.05 09:37:34.673,0.83146,0.83155,1.50,1.35
2011.10.05 09:37:35.155,0.83143,0.83155,1.50,1.35
2011.10.05 09:37:35.381,0.83143,0.83155,1.50,1.35
2011.10.05 09:37:35.853,0.83137,0.83154,2.48,1.35
2011.10.05 09:37:36.716,0.83137,0.8315,2.10,1.35
2011.10.05 09:37:37.077,0.83136,0.83148,1.88,1.28
2011.10.05 09:37:37.209,0.83127,0.83143,1.35,2.10
2011.10.05 09:37:37.683,0.83126,0.83142,2.10,1.35
2011.10.05 09:37:38.299,0.83128,0.83143,1.35,3.23
2011.10.05 09:37:38.918,0.83127,0.83143,1.35,3.23
2011.10.05 09:37:39.495,0.83128,0.83143,1.35,3.23
2011.10.05 09:37:39.993,0.83128,0.83143,1.35,1.88
2011.10.05 09:37:40.572,0.83128,0.83147,1.35,2.10
2011.10.05 09:37:41.203,0.83126,0.83144,3.23,3.23
2011.10.05 09:37:41.324,0.83126,0.83144,3.23,2.55
2011.10.05 09:37:41.565,0.83126,0.83143,3.23,1.35
2011.10.05 09:37:42.050,0.83123,0.8314,1.13,1.35
2011.10.05 09:37:42.178,0.8312,0.83135,1.13,1.35
2011.10.05 09:37:43.112,0.8312,0.83135,1.13,1.35
2011.10.05 09:37:43.362,0.8312,0.83137,1.13,1.35
2011.10.05 09:37:43.687,0.8312,0.83139,1.13,1.35
2011.10.05 09:37:44.383,0.83121,0.83139,1.13,1.73
2011.10.05 09:37:45.023,0.83119,0.83139,1.13,1.73
2011.10.05 09:37:46.340,0.83122,0.83139,1.88,1.35
2011.10.05 09:37:49.581,0.83122,0.83139,1.88,1.35
2011.10.05 09:37:49.698,0.83122,0.83139,1.13,1.35
2011.10.05 09:37:54.469,0.83121,0.83139,1.13,1.35
2011.10.05 09:37:55.083,0.83121,0.83138,1.13,1.05
2011.10.05 09:37:55.201,0.83121,0.83138,1.13,1.05
2011.10.05 09:37:56.123,0.83121,0.83138,1.13,1.05
2011.10.05 09:37:58.792,0.83122,0.83139,1.13,1.35
2011.10.05 09:37:58.914,0.83122,0.83141,1.13,1.43
2011.10.05 09:37:59.501,0.83122,0.83142,1.13,1.05
2011.10.05 09:37:59.729,0.83121,0.83141,1.13,1.05
2011.10.05 09:38:00.312,0.83121,0.83142,1.13,1.05
2011.10.05 09:38:03.789,0.83122,0.83142,1.13,1.05
2011.10.05 09:38:04.370,0.83122,0.83142,1.13,1.05
2011.10.05 09:38:04.713,0.83122,0.83142,1.13,1.05
2011.10.05 09:38:07.051,0.83122,0.83142,1.13,1.05
2011.10.05 09:38:07.441,0.83122,0.83142,1.13,1.05
2011.10.05 09:38:07.729,0.83123,0.83142,1.13,1.05
2011.10.05 09:38:08.536,0.83121,0.83142,1.13,1.05
2011.10.05 09:38:08.669,0.83121,0.83142,1.13,1.05
2011.10.05 09:38:09.415,0.83121,0.83142,1.13,1.05
2011.10.05 09:38:10.462,0.83123,0.83142,1.13,1.05
2011.10.05 09:38:11.033,0.83123,0.83142,1.13,1.05
2011.10.05 09:38:11.602,0.83125,0.83142,1.13,1.05
2011.10.05 09:38:13.065,0.83125,0.83142,1.13,1.05
2011.10.05 09:38:13.665,0.83125,0.83143,1.13,2.55
2011.10.05 09:38:16.400,0.83124,0.83143,1.13,2.25
2011.10.05 09:38:16.768,0.83125,0.83143,1.13,1.88
2011.10.05 09:38:17.016,0.83125,0.83143,1.13,1.88
2011.10.05 09:38:21.205,0.83126,0.83143,1.13,1.88
2011.10.05 09:38:22.125,0.83129,0.83147,1.73,1.05
2011.10.05 09:38:22.262,0.83135,0.83155,1.35,1.43
2011.10.05 09:38:22.683,0.83141,0.83153,2.85,1.88
2011.10.05 09:38:22.806,0.83141,0.83153,1.43,1.88
2011.10.05 09:38:23.052,0.83141,0.83153,1.43,1.88
2011.10.05 09:38:23.173,0.83141,0.83153,1.43,1.88
2011.10.05 09:38:23.533,0.83137,0.83153,2.40,1.50
2011.10.05 09:38:24.337,0.83137,0.83161,2.03,1.35
2011.10.05 09:38:25.371,0.83137,0.83161,2.03,1.35
2011.10.05 09:38:25.941,0.83137,0.83161,2.40,1.35
2011.10.05 09:38:28.950,0.83141,0.83163,1.43,1.35
2011.10.05 09:38:29.069,0.83141,0.83163,1.43,1.05
2011.10.05 09:38:29.311,0.83141,0.83163,2.03,1.43
2011.10.05 09:38:29.431,0.83141,0.83163,2.03,2.93
2011.10.05 09:38:29.784,0.83141,0.83162,1.35,1.35
2011.10.05 09:38:30.704,0.83141,0.83163,2.03,1.88
2011.10.05 09:38:31.629,0.83141,0.83163,2.03,2.63
2011.10.05 09:38:33.539,0.83141,0.83163,2.03,1.88
2011.10.05 09:38:34.219,0.83148,0.83163,1.35,1.88
2011.10.05 09:38:34.580,0.83153,0.83163,1.43,1.88
2011.10.05 09:38:35.152,0.83153,0.83173,1.43,2.63
2011.10.05 09:38:35.268,0.83157,0.83174,1.35,1.88
2011.10.05 09:38:35.635,0.83158,0.83174,1.43,1.88
2011.10.05 09:38:36.546,0.83159,0.83183,1.13,1.88
2011.10.05 09:38:37.052,0.83163,0.83183,1.13,1.88
2011.10.05 09:38:38.570,0.83167,0.83186,1.13,1.13
2011.10.05 09:38:39.206,0.83167,0.83188,1.13,1.13
2011.10.05 09:38:40.366,0.83166,0.83186,2.63,1.13
2011.10.05 09:38:42.299,0.83166,0.83185,2.63,1.13
2011.10.05 09:38:42.873,0.83166,0.83187,2.63,1.50
2011.10.05 09:38:43.444,0.83163,0.83182,1.73,3.00
2011.10.05 09:38:44.034,0.83163,0.8318,1.73,1.13
2011.10.05 09:38:44.677,0.83163,0.8318,1.73,1.13
2011.10.05 09:38:45.263,0.83163,0.8318,1.73,1.13
2011.10.05 09:38:47.904,0.83162,0.8318,2.48,1.88
2011.10.05 09:38:48.140,0.83162,0.8318,2.48,1.88
2011.10.05 09:38:49.515,0.83163,0.83181,1.73,2.25
2011.10.05 09:38:49.756,0.83163,0.83183,1.35,1.88
2011.10.05 09:38:50.351,0.83164,0.83183,1.35,1.88
2011.10.05 09:38:54.710,0.83165,0.83183,1.13,1.88
2011.10.05 09:38:55.062,0.83166,0.83186,2.55,1.13
2011.10.05 09:38:56.105,0.83166,0.83186,1.88,1.80
2011.10.05 09:38:57.093,0.83166,0.83186,2.63,1.05
2011.10.05 09:38:57.553,0.83167,0.83187,1.13,1.43
2011.10.05 09:38:58.028,0.83168,0.8319,2.10,1.13
2011.10.05 09:38:58.166,0.83171,0.83192,2.10,2.25
2011.10.05 09:38:58.415,0.83169,0.83192,1.28,2.63
2011.10.05 09:38:58.772,0.83167,0.83189,2.85,1.43
2011.10.05 09:38:59.866,0.83167,0.83189,2.10,1.80
2011.10.05 09:39:00.232,0.83164,0.83183,1.80,1.88
2011.10.05 09:39:00.914,0.83164,0.83183,1.80,2.25
2011.10.05 09:39:02.222,0.83163,0.83183,1.13,2.25
2011.10.05 09:39:02.341,0.83163,0.83183,1.13,2.25
2011.10.05 09:39:02.572,0.83163,0.83183,1.13,2.25
2011.10.05 09:39:02.923,0.83163,0.83183,1.13,2.25
2011.10.05 09:39:03.281,0.83173,0.83183,1.13,1.88
2011.10.05 09:39:03.873,0.83169,0.83183,1.43,1.88
2011.10.05 09:39:04.003,0.83166,0.83183,1.13,1.88
2011.10.05 09:39:04.339,0.83165,0.83183,1.43,2.25
2011.10.05 09:39:05.442,0.83164,0.83182,1.13,1.05
2011.10.05 09:39:06.470,0.83163,0.83182,1.73,1.05
2011.10.05 09:39:06.803,0.83163,0.8318,1.13,1.05
2011.10.05 09:39:07.921,0.83161,0.83178,1.13,1.05
2011.10.05 09:39:08.161,0.83157,0.83176,2.63,1.35
2011.10.05 09:39:08.524,0.83157,0.83173,1.88,1.13
2011.10.05 09:39:08.641,0.83152,0.83173,1.73,3.00
2011.10.05 09:39:09.232,0.83151,0.83171,3.23,1.05
2011.10.05 09:39:09.472,0.83151,0.83171,3.23,1.05
2011.10.05 09:39:10.040,0.83151,0.83171,3.23,1.05
2011.10.05 09:39:17.062,0.8315,0.83169,1.13,1.13
2011.10.05 09:39:17.410,0.83148,0.83167,1.73,1.35
2011.10.05 09:39:17.752,0.83149,0.83167,1.13,1.35
2011.10.05 09:39:20.840,0.83149,0.83167,1.13,1.35
2011.10.05 09:39:21.850,0.83151,0.83168,1.13,1.05
2011.10.05 09:39:21.977,0.83151,0.8317,1.13,1.05
2011.10.05 09:39:23.447,0.83153,0.83171,1.13,1.35
2011.10.05 09:39:23.574,0.83153,0.83173,1.13,2.25
2011.10.05 09:39:25.184,0.83154,0.83173,1.35,1.88
2011.10.05 09:39:25.683,0.83165,0.83173,1.35,1.88
2011.10.05 09:39:26.381,0.83167,0.83183,1.43,2.25
2011.10.05 09:39:27.626,0.83162,0.83183,1.43,2.25
2011.10.05 09:39:28.236,0.83162,0.83183,1.43,2.25
2011.10.05 09:39:28.484,0.83162,0.83183,1.43,2.63
2011.10.05 09:39:28.894,0.83161,0.83182,1.43,1.50
2011.10.05 09:39:29.515,0.83158,0.8318,1.43,1.50
2011.10.05 09:39:29.650,0.83158,0.8318,1.43,1.35
2011.10.05 09:39:29.895,0.83158,0.83182,1.43,2.40
2011.10.05 09:39:30.016,0.8316,0.83183,1.35,2.93
2011.10.05 09:39:30.372,0.83164,0.83183,1.43,1.88
2011.10.05 09:39:31.915,0.83163,0.83184,1.43,1.88
2011.10.05 09:39:32.501,0.83164,0.83184,1.43,1.88
2011.10.05 09:39:32.622,0.83165,0.83184,1.43,1.88
2011.10.05 09:39:35.511,0.83167,0.83184,1.43,2.25
2011.10.05 09:39:38.609,0.83167,0.83184,1.43,2.25
2011.10.05 09:39:39.822,0.83167,0.83184,1.43,2.25
2011.10.05 09:39:39.944,0.83167,0.83184,1.43,2.25
2011.10.05 09:39:40.412,0.83171,0.83184,1.43,2.25
2011.10.05 09:39:42.800,0.8317,0.83184,1.43,2.25
2011.10.05 09:39:43.849,0.83167,0.83184,1.80,2.25
2011.10.05 09:39:44.681,0.83167,0.83184,1.43,1.88
2011.10.05 09:39:44.804,0.83172,0.83192,1.43,1.35
2011.10.05 09:39:45.177,0.83174,0.83192,1.95,1.35
2011.10.05 09:39:45.330,0.83181,0.83193,1.43,1.88
2011.10.05 09:39:45.925,0.8318,0.83203,2.10,1.13
2011.10.05 09:39:46.297,0.83183,0.83203,1.35,1.13
2011.10.05 09:39:46.664,0.83183,0.83194,1.35,1.88
2011.10.05 09:39:47.249,0.83187,0.83204,1.13,1.88
2011.10.05 09:39:47.495,0.83186,0.83209,1.35,2.18
2011.10.05 09:39:47.624,0.83185,0.83206,2.40,1.50
2011.10.05 09:39:48.872,0.83185,0.83204,2.03,2.25
2011.10.05 09:39:49.220,0.83187,0.83206,2.25,1.13
2011.10.05 09:39:49.583,0.83188,0.83209,1.73,1.80
2011.10.05 09:39:49.706,0.83189,0.83209,1.28,1.50
2011.10.05 09:39:49.835,0.83189,0.83209,1.13,1.80
2011.10.05 09:39:50.229,0.8319,0.83209,1.05,1.13
2011.10.05 09:39:50.373,0.83192,0.83212,1.43,1.13
2011.10.05 09:39:51.280,0.83192,0.83212,1.43,1.50
2011.10.05 09:39:51.736,0.83192,0.83213,1.43,1.13
2011.10.05 09:39:52.687,0.83194,0.83214,1.43,2.55
2011.10.05 09:39:52.826,0.83196,0.83214,1.43,1.88
2011.10.05 09:39:53.787,0.83193,0.83214,2.03,2.63
2011.10.05 09:39:54.253,0.8319,0.83211,1.80,3.23
2011.10.05 09:39:54.612,0.8319,0.83211,1.13,1.80
2011.10.05 09:39:55.391,0.83188,0.83209,1.73,1.13
2011.10.05 09:39:55.754,0.83188,0.83211,1.13,1.43
2011.10.05 09:39:55.980,0.83187,0.83208,1.80,1.13
2011.10.05 09:39:56.222,0.83188,0.83209,1.13,1.13
2011.10.05 09:39:56.986,0.83188,0.8321,1.13,1.13
2011.10.05 09:39:57.231,0.83189,0.8321,1.13,1.13
2011.10.05 09:39:58.066,0.83189,0.83209,1.13,1.13
2011.10.05 09:39:58.432,0.83188,0.83209,1.13,1.13
2011.10.05 09:39:58.797,0.83182,0.83202,1.13,1.05
2011.10.05 09:40:00.911,0.83181,0.83201,1.13,1.13
2011.10.05 09:40:01.484,0.8318,0.83201,1.43,1.13
2011.10.05 09:40:01.717,0.83177,0.83199,2.63,1.05
2011.10.05 09:40:01.964,0.83177,0.83198,2.63,1.50
2011.10.05 09:40:02.328,0.83174,0.83193,1.73,2.25
2011.10.05 09:40:02.579,0.83171,0.83191,2.18,2.48
2011.10.05 09:40:03.089,0.83171,0.83189,1.43,2.03
2011.10.05 09:40:03.356,0.83167,0.83183,1.13,2.55
2011.10.05 09:40:03.951,0.83165,0.83183,1.13,1.88
2011.10.05 09:40:04.641,0.83165,0.83183,1.13,1.88
2011.10.05 09:40:05.508,0.83165,0.83183,1.13,2.55
2011.10.05 09:40:06.113,0.83162,0.83183,1.73,3.68
2011.10.05 09:40:07.809,0.83164,0.83182,1.13,1.05
2011.10.05 09:40:09.011,0.83162,0.83182,1.35,1.43
2011.10.05 09:40:09.133,0.8316,0.8318,3.90,1.80
2011.10.05 09:40:09.251,0.8316,0.83179,1.13,1.43
2011.10.05 09:40:09.791,0.83162,0.8318,1.50,1.35
2011.10.05 09:40:09.913,0.83162,0.83181,2.40,1.13
2011.10.05 09:40:10.035,0.83163,0.83183,1.13,2.25
2011.10.05 09:40:10.272,0.83162,0.83183,1.43,3.38
2011.10.05 09:40:11.230,0.83162,0.83183,1.43,2.63
2011.10.05 09:40:11.595,0.83162,0.83182,1.43,1.35
2011.10.05 09:40:11.724,0.8316,0.83181,1.13,1.43
2011.10.05 09:40:12.415,0.83162,0.83181,1.13,1.05
2011.10.05 09:40:12.655,0.8316,0.83183,1.73,3.23
2011.10.05 09:40:12.775,0.8316,0.83183,1.73,3.23
2011.10.05 09:40:13.266,0.83165,0.83183,1.43,1.88
2011.10.05 09:40:13.753,0.83164,0.83183,1.43,1.88
2011.10.05 09:40:14.356,0.83167,0.83183,1.43,1.88
2011.10.05 09:40:16.231,0.83167,0.83183,1.43,1.88
2011.10.05 09:40:17.031,0.83167,0.83183,1.43,2.25
2011.10.05 09:40:17.261,0.83167,0.83183,1.43,2.25
2011.10.05 09:40:17.733,0.83163,0.83183,1.43,1.13
2011.10.05 09:40:18.091,0.83167,0.83186,3.30,1.13
2011.10.05 09:40:18.216,0.83167,0.83189,3.30,1.76
2011.10.05 09:40:18.346,0.83169,0.83189,1.43,1.43
2011.10.05 09:40:18.821,0.83166,0.83183,2.03,1.88
2011.10.05 09:40:19.311,0.83162,0.83183,1.43,1.88
2011.10.05 09:40:19.913,0.83162,0.83183,1.43,2.25
2011.10.05 09:40:21.232,0.83162,0.83183,1.43,1.88
2011.10.05 09:40:22.220,0.83162,0.83184,1.43,1.05
2011.10.05 09:40:22.804,0.83164,0.83185,1.13,1.80
2011.10.05 09:40:22.935,0.83166,0.83183,1.43,1.88
2011.10.05 09:40:23.053,0.83166,0.83187,3.30,1.35
2011.10.05 09:40:23.297,0.83166,0.83189,3.30,1.73
2011.10.05 09:40:23.662,0.83166,0.8319,3.30,3.15
2011.10.05 09:40:26.245,0.83166,0.83183,1.43,1.88
2011.10.05 09:40:26.681,0.83166,0.83183,1.43,2.63
2011.10.05 09:40:26.810,0.83166,0.83183,1.43,2.63
2011.10.05 09:40:27.601,0.83166,0.83183,1.43,2.63
2011.10.05 09:40:27.720,0.83166,0.83185,3.30,1.50
2011.10.05 09:40:27.950,0.83166,0.83185,3.30,1.50
2011.10.05 09:40:28.276,0.83166,0.83185,3.30,1.50
2011.10.05 09:40:28.643,0.83166,0.83186,3.68,1.50
2011.10.05 09:40:29.384,0.83166,0.83185,3.68,1.50
2011.10.05 09:40:32.451,0.83165,0.83183,1.35,3.30
2011.10.05 09:40:32.682,0.83165,0.83183,1.35,3.30
2011.10.05 09:40:33.623,0.83167,0.83182,1.13,1.50
2011.10.05 09:40:33.863,0.83167,0.83182,1.13,1.50
2011.10.05 09:40:34.103,0.83167,0.83183,1.13,2.55
2011.10.05 09:40:34.223,0.83165,0.83183,1.35,2.93
2011.10.05 09:40:34.350,0.83165,0.83181,1.35,1.13
2011.10.05 09:40:34.624,0.83165,0.8318,1.35,1.50
2011.10.05 09:40:34.995,0.8316,0.83176,1.13,1.50
2011.10.05 09:40:35.957,0.83163,0.83177,1.43,1.50
2011.10.05 09:40:36.091,0.83165,0.83182,1.43,1.50
2011.10.05 09:40:36.649,0.83166,0.83181,1.43,1.50
2011.10.05 09:40:41.001,0.83166,0.83183,1.43,3.38
2011.10.05 09:40:42.703,0.83167,0.83183,1.43,2.63
2011.10.05 09:40:43.064,0.83167,0.83184,3.30,1.50
2011.10.05 09:40:43.712,0.83167,0.83184,3.30,1.50
2011.10.05 09:40:44.311,0.83167,0.83189,3.30,1.43
2011.10.05 09:40:45.640,0.83167,0.83189,3.30,1.80
2011.10.05 09:40:46.212,0.83167,0.83188,2.63,1.43
2011.10.05 09:40:48.913,0.83167,0.83186,3.00,1.43
2011.10.05 09:40:49.153,0.83169,0.83191,1.13,3.94
2011.10.05 09:40:49.271,0.8317,0.83191,1.73,3.94
2011.10.05 09:40:49.942,0.83173,0.83191,1.13,1.50
2011.10.05 09:40:50.072,0.83173,0.83193,1.13,1.88
2011.10.05 09:40:50.650,0.83177,0.83195,1.88,2.10
2011.10.05 09:40:51.634,0.83169,0.83188,1.35,1.43
2011.10.05 09:40:51.872,0.8317,0.83191,1.35,1.43
2011.10.05 09:40:52.901,0.83172,0.83191,1.13,1.80
2011.10.05 09:40:53.490,0.8317,0.83191,1.13,1.80
2011.10.05 09:40:53.988,0.8317,0.83191,1.13,1.80
2011.10.05 09:40:54.597,0.83169,0.8319,1.13,1.46
2011.10.05 09:40:54.733,0.83167,0.83187,2.93,1.05
2011.10.05 09:40:55.312,0.83162,0.83184,1.13,2.55
2011.10.05 09:40:55.434,0.83162,0.83184,1.13,3.98
2011.10.05 09:40:56.370,0.83162,0.83182,1.13,1.76
2011.10.05 09:40:56.509,0.83156,0.83179,4.35,1.73
2011.10.05 09:40:56.636,0.83156,0.83177,3.23,2.14
2011.10.05 09:40:57.003,0.83155,0.83173,1.35,1.88
2011.10.05 09:40:57.693,0.83156,0.83173,1.73,1.88
2011.10.05 09:40:58.053,0.8316,0.83179,1.13,1.05
2011.10.05 09:40:58.585,0.83157,0.83175,2.25,1.05
2011.10.05 09:40:59.064,0.83153,0.83174,1.13,2.25
2011.10.05 09:40:59.541,0.83153,0.83173,1.13,1.13
2011.10.05 09:41:01.721,0.83152,0.83172,1.13,1.13
2011.10.05 09:41:04.081,0.83152,0.83171,1.13,1.13
2011.10.05 09:41:04.324,0.83151,0.8317,1.80,1.13
2011.10.05 09:41:05.368,0.8315,0.83167,1.13,2.25
2011.10.05 09:41:06.540,0.83146,0.83166,2.63,3.15
2011.10.05 09:41:06.928,0.8314,0.83151,1.13,1.50
2011.10.05 09:41:07.061,0.83139,0.83151,1.13,1.50
2011.10.05 09:41:09.037,0.8314,0.83153,1.13,1.13
2011.10.05 09:41:13.989,0.83139,0.83156,1.13,1.46
2011.10.05 09:41:14.942,0.83139,0.83155,1.13,1.39
2011.10.05 09:41:15.295,0.83137,0.83151,1.13,2.63
2011.10.05 09:41:16.357,0.83137,0.8315,1.13,1.13
2011.10.05 09:41:16.939,0.83137,0.83152,1.13,1.13
2011.10.05 09:41:17.500,0.83137,0.83152,1.13,1.13
2011.10.05 09:41:18.242,0.83137,0.83152,1.13,1.05
2011.10.05 09:41:19.076,0.83132,0.83147,1.13,1.35
2011.10.05 09:41:19.247,0.83126,0.83142,1.13,1.01
2011.10.05 09:41:19.602,0.83118,0.83137,1.35,1.35
2011.10.05 09:41:19.722,0.83121,0.8314,1.43,1.80
2011.10.05 09:41:22.781,0.83118,0.83138,1.35,1.35
2011.10.05 09:41:23.722,0.83118,0.83139,1.35,2.10
2011.10.05 09:41:24.998,0.83119,0.83139,1.13,1.35
2011.10.05 09:41:25.123,0.83119,0.83143,1.13,4.05
2011.10.05 09:41:26.976,0.83117,0.83137,2.63,1.28
2011.10.05 09:41:27.104,0.83117,0.83132,1.88,1.35
2011.10.05 09:41:29.477,0.83117,0.83135,2.63,1.35
2011.10.05 09:41:29.844,0.83117,0.83141,2.63,1.35
2011.10.05 09:41:30.765,0.83117,0.83141,2.63,1.35
2011.10.05 09:41:31.336,0.83117,0.83141,2.63,1.35
2011.10.05 09:41:31.941,0.83117,0.83141,2.63,1.35
2011.10.05 09:41:33.819,0.83117,0.83141,2.63,1.35
2011.10.05 09:41:34.593,0.83117,0.83141,2.63,1.73
2011.10.05 09:41:37.490,0.83117,0.83141,2.63,1.35
2011.10.05 09:41:39.134,0.8312,0.83143,1.43,2.55
2011.10.05 09:41:40.560,0.8312,0.83143,2.18,2.55
2011.10.05 09:41:40.921,0.83123,0.83147,1.43,1.05
2011.10.05 09:41:41.041,0.83127,0.83151,1.43,1.05
2011.10.05 09:41:41.643,0.83127,0.83151,1.43,1.05
2011.10.05 09:41:42.269,0.83126,0.83151,3.98,1.80
2011.10.05 09:41:44.131,0.83126,0.83151,3.98,2.18
2011.10.05 09:41:44.474,0.83126,0.83151,3.98,2.18
2011.10.05 09:41:45.132,0.83126,0.83146,3.30,1.05
2011.10.05 09:41:45.257,0.83122,0.83144,1.43,1.88
2011.10.05 09:41:45.383,0.83122,0.83144,1.43,1.88
2011.10.05 09:41:47.002,0.83119,0.83144,1.43,2.10
2011.10.05 09:41:47.350,0.83117,0.83138,1.88,1.35
2011.10.05 09:41:47.984,0.83121,0.83146,1.43,1.35
2011.10.05 09:41:48.105,0.83124,0.83145,2.85,1.43
2011.10.05 09:41:48.233,0.83117,0.83142,3.99,1.35
2011.10.05 09:41:48.687,0.83122,0.83143,1.43,1.88
2011.10.05 09:41:48.819,0.83117,0.8314,3.30,1.35
2011.10.05 09:41:49.392,0.83117,0.83141,3.30,2.40
2011.10.05 09:41:50.045,0.83117,0.83141,3.30,2.78
2011.10.05 09:41:50.657,0.83117,0.83135,1.13,1.05
2011.10.05 09:41:51.503,0.83116,0.83136,1.88,2.10
2011.10.05 09:41:51.637,0.83112,0.83132,1.35,1.35
2011.10.05 09:41:52.005,0.83106,0.83129,3.30,1.43
2011.10.05 09:41:53.780,0.83106,0.83127,2.63,1.35
2011.10.05 09:41:54.382,0.83106,0.83131,3.68,2.03
2011.10.05 09:41:54.536,0.83106,0.8313,3.68,1.43
2011.10.05 09:41:54.680,0.83107,0.83126,1.13,1.05
2011.10.05 09:41:55.055,0.83107,0.83121,1.50,1.35
2011.10.05 09:41:55.772,0.83107,0.83124,1.50,1.05
2011.10.05 09:41:57.043,0.831,0.83124,1.43,2.55
2011.10.05 09:41:57.775,0.83102,0.83124,2.85,2.55
2011.10.05 09:41:58.135,0.831,0.83124,1.43,2.55
2011.10.05 09:41:58.824,0.83106,0.83124,1.43,1.88
2011.10.05 09:41:59.161,0.83107,0.83124,1.35,1.88
2011.10.05 09:41:59.571,0.83114,0.83124,1.35,1.88
2011.10.05 09:41:59.937,0.83115,0.83124,1.35,1.88
2011.10.05 09:42:00.306,0.83115,0.83134,2.63,2.63
2011.10.05 09:42:00.557,0.83117,0.83133,1.35,2.63
2011.10.05 09:42:02.188,0.83118,0.83133,2.18,2.63
2011.10.05 09:42:02.705,0.83121,0.83133,1.43,1.88
2011.10.05 09:42:02.945,0.83125,0.83144,1.50,2.63
2011.10.05 09:42:03.071,0.83131,0.83144,1.35,2.63
2011.10.05 09:42:03.436,0.83133,0.83144,1.43,2.63
2011.10.05 09:42:03.680,0.83133,0.83144,1.43,2.63
2011.10.05 09:42:04.287,0.83135,0.83144,1.35,1.88
2011.10.05 09:42:04.671,0.83135,0.83151,2.10,2.63
2011.10.05 09:42:04.795,0.83135,0.83153,2.10,3.00
2011.10.05 09:42:04.921,0.83135,0.83153,2.10,3.38
2011.10.05 09:42:05.402,0.83136,0.83151,1.35,1.13
2011.10.05 09:42:06.602,0.83136,0.83151,1.35,1.50
2011.10.05 09:42:11.644,0.83136,0.83149,1.35,1.13
2011.10.05 09:42:12.652,0.83136,0.8315,1.35,1.13
2011.10.05 09:42:17.797,0.83136,0.83149,1.35,1.13
2011.10.05 09:42:17.926,0.83132,0.83147,1.35,1.13
2011.10.05 09:42:18.860,0.83132,0.83147,1.35,1.13
2011.10.05 09:42:21.863,0.83132,0.83151,1.35,1.13
2011.10.05 09:42:21.983,0.83132,0.83153,1.35,1.73
2011.10.05 09:42:22.660,0.83132,0.83153,1.35,3.60
2011.10.05 09:42:23.162,0.83136,0.83153,1.35,3.60
2011.10.05 09:42:24.002,0.83136,0.83149,1.35,1.13
2011.10.05 09:42:27.931,0.83136,0.83149,1.35,1.13
2011.10.05 09:42:33.372,0.83136,0.83148,1.35,1.13
2011.10.05 09:42:34.950,0.83136,0.83147,1.35,1.13
2011.10.05 09:42:35.071,0.83132,0.83147,1.43,1.13
2011.10.05 09:42:35.321,0.83132,0.83147,1.43,1.13
2011.10.05 09:42:36.250,0.8313,0.83144,2.10,2.63
2011.10.05 09:42:37.864,0.8313,0.83144,2.10,2.63
2011.10.05 09:42:38.923,0.83131,0.83146,1.43,1.13
2011.10.05 09:42:41.987,0.83132,0.83148,1.43,1.13
2011.10.05 09:42:43.791,0.83132,0.83148,1.43,1.13
2011.10.05 09:42:45.848,0.8313,0.83146,1.35,1.13
2011.10.05 09:42:46.440,0.8313,0.83143,1.35,2.25
2011.10.05 09:42:48.863,0.8313,0.83142,1.35,1.13
2011.10.05 09:42:48.983,0.83126,0.83141,2.10,1.13
2011.10.05 09:42:52.174,0.83126,0.83138,1.35,1.13
2011.10.05 09:42:52.298,0.83122,0.83137,1.43,1.13
2011.10.05 09:42:53.098,0.83125,0.8314,1.35,1.13
2011.10.05 09:42:53.683,0.83125,0.83143,1.35,3.60
2011.10.05 09:42:54.044,0.83132,0.83143,1.43,1.88
2011.10.05 09:42:54.402,0.83134,0.83152,1.43,1.13
2011.10.05 09:42:55.286,0.83135,0.83154,1.43,2.63
2011.10.05 09:42:55.894,0.83135,0.83154,1.43,3.00
2011.10.05 09:42:56.256,0.83135,0.83154,1.43,2.63
2011.10.05 09:42:56.387,0.83137,0.83154,1.50,2.63
2011.10.05 09:42:56.971,0.83137,0.83154,1.50,1.88
2011.10.05 09:42:57.325,0.83137,0.83153,1.43,1.13
2011.10.05 09:42:57.759,0.83133,0.83153,2.10,1.13
2011.10.05 09:43:01.245,0.83133,0.83152,2.85,1.13
2011.10.05 09:43:01.916,0.83133,0.83152,2.10,1.13
2011.10.05 09:43:06.974,0.83133,0.83151,2.10,1.35
2011.10.05 09:43:07.097,0.83132,0.83151,1.43,2.10
2011.10.05 09:43:07.228,0.83131,0.8315,1.43,1.35
2011.10.05 09:43:07.594,0.83119,0.83141,1.50,1.35
2011.10.05 09:43:08.072,0.83119,0.83139,1.50,1.13
2011.10.05 09:43:08.583,0.8312,0.83141,2.25,1.35
2011.10.05 09:43:09.153,0.8312,0.83139,1.50,1.13
2011.10.05 09:43:10.540,0.83119,0.8314,1.50,1.13
2011.10.05 09:43:10.660,0.83119,0.8314,1.50,1.13
2011.10.05 09:43:11.374,0.83119,0.8314,1.50,1.13
2011.10.05 09:43:12.498,0.8312,0.83139,1.50,1.50
2011.10.05 09:43:12.622,0.83121,0.8314,1.50,1.13
2011.10.05 09:43:12.747,0.83121,0.8314,1.50,1.50
2011.10.05 09:43:13.331,0.83121,0.8314,1.50,1.50
2011.10.05 09:43:13.834,0.83121,0.8314,2.25,1.50
2011.10.05 09:43:13.958,0.83121,0.83141,2.25,1.73
2011.10.05 09:43:14.711,0.83122,0.83141,1.50,1.73
2011.10.05 09:43:15.207,0.83124,0.83143,1.35,1.88
2011.10.05 09:43:15.572,0.83127,0.83143,1.35,1.88
2011.10.05 09:43:19.373,0.83132,0.83143,1.35,1.88
2011.10.05 09:43:19.902,0.83136,0.83143,1.35,1.88
2011.10.05 09:43:20.732,0.83136,0.83151,1.35,1.13
2011.10.05 09:43:21.961,0.83136,0.83153,1.35,1.13
2011.10.05 09:43:23.832,0.8314,0.83154,1.05,1.88
2011.10.05 09:43:24.193,0.83146,0.83159,1.35,1.13
2011.10.05 09:43:24.544,0.83149,0.83162,1.35,1.13
2011.10.05 09:43:25.517,0.83147,0.83161,1.35,1.13
2011.10.05 09:43:25.766,0.83144,0.83161,1.35,1.73
2011.10.05 09:43:26.122,0.83146,0.83164,1.05,3.00
2011.10.05 09:43:27.652,0.83145,0.83164,1.80,3.00
2011.10.05 09:43:28.224,0.83149,0.83164,1.35,2.63
2011.10.05 09:43:28.731,0.83149,0.83164,1.35,2.63
2011.10.05 09:43:30.742,0.83149,0.83164,1.35,2.63
2011.10.05 09:43:33.971,0.83149,0.83164,1.35,1.88
2011.10.05 09:43:38.016,0.83153,0.83164,1.05,1.88
2011.10.05 09:43:38.382,0.83153,0.83173,2.10,2.63
2011.10.05 09:43:39.616,0.83159,0.83173,1.50,1.88
2011.10.05 09:43:39.874,0.83161,0.8318,1.43,1.50
2011.10.05 09:43:40.113,0.83163,0.8318,1.43,1.50
2011.10.05 09:43:40.355,0.8316,0.8318,1.43,1.50
2011.10.05 09:43:41.142,0.8316,0.83173,1.43,1.88
2011.10.05 09:43:43.493,0.83156,0.8317,1.43,1.13
2011.10.05 09:43:43.731,0.83157,0.83173,1.13,1.88
2011.10.05 09:43:44.431,0.83157,0.83173,1.13,1.88
2011.10.05 09:43:45.026,0.83158,0.83173,1.13,1.88
2011.10.05 09:43:48.201,0.83159,0.83173,1.43,1.88
2011.10.05 09:43:48.843,0.83159,0.83173,2.18,1.88
2011.10.05 09:43:48.963,0.83159,0.83177,2.18,1.13
2011.10.05 09:43:49.541,0.83159,0.83178,1.80,1.73
2011.10.05 09:43:49.879,0.83159,0.83178,2.55,1.73
2011.10.05 09:43:51.561,0.8316,0.83178,1.13,1.73
2011.10.05 09:43:51.691,0.8316,0.83178,1.13,1.35
2011.10.05 09:43:52.632,0.83161,0.83178,1.13,1.35
2011.10.05 09:43:54.043,0.83162,0.83178,1.13,1.35
2011.10.05 09:43:54.283,0.83164,0.83181,1.43,2.48
2011.10.05 09:43:54.402,0.83167,0.83184,1.13,3.23
2011.10.05 09:43:54.520,0.83167,0.83184,1.13,3.23
2011.10.05 09:43:57.391,0.8317,0.83181,1.43,1.73
2011.10.05 09:43:57.515,0.83168,0.83181,1.43,1.35
2011.10.05 09:43:57.631,0.83163,0.83181,1.80,1.35
2011.10.05 09:43:58.195,0.83166,0.83181,1.13,1.35
2011.10.05 09:43:58.429,0.83166,0.83181,1.13,1.35
2011.10.05 09:43:58.798,0.83163,0.8318,1.50,1.35
2011.10.05 09:43:58.932,0.83163,0.83177,1.50,1.13
2011.10.05 09:43:59.385,0.83159,0.83177,1.88,1.13
2011.10.05 09:44:00.034,0.83159,0.83174,1.50,1.35
2011.10.05 09:44:00.272,0.83154,0.83173,1.50,2.63
2011.10.05 09:44:00.396,0.83153,0.83169,1.43,1.13
2011.10.05 09:44:00.641,0.83154,0.83173,1.13,2.63
2011.10.05 09:44:00.763,0.83157,0.83173,1.43,2.63
2011.10.05 09:44:02.211,0.83156,0.83173,1.35,2.63
2011.10.05 09:44:02.814,0.83153,0.83173,1.43,2.63
2011.10.05 09:44:03.281,0.83153,0.83172,1.43,1.35
2011.10.05 09:44:03.861,0.83153,0.83172,1.43,1.35
2011.10.05 09:44:04.204,0.83152,0.83171,2.10,1.13
2011.10.05 09:44:06.876,0.8315,0.83168,2.18,1.13
2011.10.05 09:44:07.580,0.8315,0.83168,1.43,1.13
2011.10.05 09:44:09.502,0.8315,0.83168,1.43,1.13
2011.10.05 09:44:10.249,0.8315,0.83168,1.43,1.13
2011.10.05 09:44:11.520,0.8315,0.83168,1.43,1.50
2011.10.05 09:44:12.110,0.83152,0.83171,1.50,2.25
2011.10.05 09:44:13.308,0.83152,0.8317,1.50,1.13
2011.10.05 09:44:14.072,0.83152,0.8317,1.50,1.13
2011.10.05 09:44:16.954,0.83152,0.83172,1.50,3.30
2011.10.05 09:44:18.511,0.83155,0.83172,1.50,1.43
2011.10.05 09:44:19.071,0.83155,0.83172,1.50,1.43
2011.10.05 09:44:21.786,0.83155,0.83172,1.50,1.43
2011.10.05 09:44:22.020,0.83154,0.83172,1.50,1.43
2011.10.05 09:44:23.811,0.83153,0.83172,1.50,1.43
2011.10.05 09:44:23.934,0.83153,0.83172,1.50,1.43
2011.10.05 09:44:24.492,0.83154,0.83172,1.50,1.43
2011.10.05 09:44:25.181,0.83153,0.83172,1.50,1.43
2011.10.05 09:44:25.533,0.83151,0.83167,1.50,1.13
2011.10.05 09:44:25.761,0.83154,0.83169,1.50,1.35
2011.10.05 09:44:26.100,0.83154,0.83169,1.50,1.35
2011.10.05 09:44:26.706,0.83154,0.83169,1.50,1.35
2011.10.05 09:44:30.760,0.83154,0.83169,1.50,1.35
2011.10.05 09:44:38.047,0.83154,0.83169,1.50,1.35
2011.10.05 09:44:38.418,0.83154,0.83169,1.50,1.35
2011.10.05 09:44:38.546,0.83154,0.83169,1.50,1.35
2011.10.05 09:44:41.210,0.83154,0.83169,1.50,1.35
2011.10.05 09:44:46.432,0.83154,0.83168,1.50,1.13
2011.10.05 09:44:46.807,0.83152,0.83168,1.50,1.13
2011.10.05 09:44:48.911,0.83151,0.83167,1.50,1.13
2011.10.05 09:44:49.371,0.83151,0.83167,1.50,1.13
2011.10.05 09:44:49.493,0.83151,0.83167,1.50,1.13
2011.10.05 09:44:50.793,0.83152,0.83169,1.50,1.35
2011.10.05 09:44:52.413,0.83152,0.83169,1.50,1.35
2011.10.05 09:44:53.154,0.83151,0.83167,1.50,1.13
2011.10.05 09:44:53.738,0.8315,0.83164,1.50,1.13
2011.10.05 09:44:54.545,0.8315,0.83164,1.50,2.25
2011.10.05 09:44:55.454,0.8315,0.83165,1.50,1.13
2011.10.05 09:44:55.814,0.83155,0.83174,2.10,2.63
2011.10.05 09:44:56.171,0.83163,0.83174,1.43,1.88
2011.10.05 09:44:58.115,0.83163,0.83174,1.50,2.63
2011.10.05 09:44:58.652,0.83163,0.83174,1.50,2.63
2011.10.05 09:44:59.370,0.83163,0.83174,1.50,2.63
2011.10.05 09:45:00.212,0.83163,0.83174,1.50,2.63
2011.10.05 09:45:00.792,0.83163,0.83178,1.50,1.13
2011.10.05 09:45:01.681,0.83163,0.83178,1.50,1.13
2011.10.05 09:45:01.807,0.83163,0.83178,1.50,1.13
2011.10.05 09:45:02.164,0.83157,0.83176,1.35,1.13
2011.10.05 09:45:02.743,0.83157,0.83179,1.35,1.13
2011.10.05 09:45:03.550,0.83157,0.83174,1.35,3.00
2011.10.05 09:45:04.125,0.83157,0.83174,1.35,3.00
2011.10.05 09:45:04.928,0.83157,0.83174,1.35,3.00
2011.10.05 09:45:05.715,0.83157,0.83173,1.35,1.13
2011.10.05 09:45:07.346,0.83157,0.83172,1.35,1.13
2011.10.05 09:45:08.585,0.83157,0.83172,1.35,1.13
2011.10.05 09:45:09.180,0.83157,0.83172,3.23,1.13
2011.10.05 09:45:12.355,0.83157,0.83173,1.35,3.00
2011.10.05 09:45:12.909,0.83157,0.83173,1.88,1.13
2011.10.05 09:45:13.812,0.83154,0.83172,1.73,1.13
2011.10.05 09:45:14.396,0.83154,0.83171,1.35,1.13
2011.10.05 09:45:15.022,0.83154,0.83166,1.35,1.13
2011.10.05 09:45:15.146,0.83146,0.83163,1.05,2.63
2011.10.05 09:45:17.082,0.83147,0.83163,1.05,2.63
2011.10.05 09:45:17.619,0.83147,0.83163,1.05,2.63
2011.10.05 09:45:18.091,0.83144,0.83163,1.05,2.63
2011.10.05 09:45:18.453,0.83146,0.83165,2.25,1.13
2011.10.05 09:45:19.142,0.83146,0.83166,2.25,1.80
2011.10.05 09:45:19.263,0.83146,0.83166,2.93,1.13
2011.10.05 09:45:19.503,0.83146,0.83166,2.93,1.13
2011.10.05 09:45:20.010,0.83146,0.83166,2.93,1.13
2011.10.05 09:45:20.377,0.83148,0.83167,1.05,1.13
2011.10.05 09:45:20.734,0.83148,0.83166,1.05,1.13
2011.10.05 09:45:20.855,0.83148,0.83166,1.05,1.13
2011.10.05 09:45:21.652,0.83148,0.83166,1.05,1.13
2011.10.05 09:45:22.492,0.83148,0.83166,1.05,1.88
2011.10.05 09:45:22.827,0.83148,0.83166,1.05,1.13
2011.10.05 09:45:23.073,0.83148,0.83166,1.05,1.13
2011.10.05 09:45:23.642,0.83146,0.83166,2.93,1.13
2011.10.05 09:45:24.202,0.83148,0.83168,1.05,1.13
2011.10.05 09:45:24.553,0.83148,0.83168,1.05,1.13
2011.10.05 09:45:25.141,0.83148,0.83168,1.05,1.13
2011.10.05 09:45:25.637,0.83146,0.83166,2.55,1.13
2011.10.05 09:45:25.763,0.83146,0.83165,1.88,1.35
2011.10.05 09:45:26.011,0.83139,0.83158,2.18,1.73
2011.10.05 09:45:26.375,0.83136,0.83152,1.88,1.43
2011.10.05 09:45:26.493,0.83131,0.83152,1.13,1.43
2011.10.05 09:45:26.853,0.83129,0.83152,1.50,1.43
2011.10.05 09:45:27.390,0.83131,0.83153,1.35,2.63
2011.10.05 09:45:27.865,0.83131,0.83153,1.35,2.63
2011.10.05 09:45:28.432,0.83131,0.83153,1.35,2.63
2011.10.05 09:45:33.905,0.83131,0.83153,1.35,2.63
2011.10.05 09:45:34.371,0.83131,0.83153,1.35,2.63
2011.10.05 09:45:34.969,0.83131,0.83153,1.35,2.63
2011.10.05 09:45:35.987,0.83131,0.83153,1.35,2.63
2011.10.05 09:45:36.585,0.83132,0.83151,1.05,1.13
2011.10.05 09:45:37.251,0.83132,0.83151,1.05,1.13
2011.10.05 09:45:37.613,0.83132,0.83153,1.05,3.00
2011.10.05 09:45:37.734,0.83132,0.83153,1.05,3.00
2011.10.05 09:45:37.854,0.83132,0.83153,1.05,3.00
2011.10.05 09:45:38.211,0.83132,0.83153,1.05,2.63
2011.10.05 09:45:39.572,0.83132,0.83153,1.05,3.00
2011.10.05 09:45:40.163,0.83132,0.83153,1.05,3.00
2011.10.05 09:45:41.059,0.83132,0.83153,1.05,3.00
2011.10.05 09:45:41.637,0.83132,0.83153,1.05,3.00
2011.10.05 09:45:44.952,0.83132,0.83153,1.05,1.13
2011.10.05 09:45:45.940,0.83128,0.83151,2.03,1.13
2011.10.05 09:45:46.983,0.83128,0.83149,2.40,1.13
2011.10.05 09:45:47.104,0.83128,0.83149,2.78,1.13
2011.10.05 09:45:47.454,0.83128,0.83149,2.40,1.13
2011.10.05 09:45:48.022,0.83128,0.83148,2.40,1.13
2011.10.05 09:45:48.984,0.83129,0.83148,1.13,1.13
2011.10.05 09:45:49.603,0.83128,0.83148,2.40,1.13
2011.10.05 09:45:50.119,0.83129,0.83148,1.13,1.13
2011.10.05 09:45:52.601,0.83136,0.8315,1.50,1.13
2011.10.05 09:45:52.953,0.83136,0.8315,1.50,1.13
2011.10.05 09:45:55.495,0.83136,0.83147,1.50,1.13
2011.10.05 09:45:55.618,0.83134,0.83146,1.50,1.13
2011.10.05 09:45:55.984,0.83131,0.83146,1.50,1.13
2011.10.05 09:45:56.224,0.83133,0.83146,1.50,1.13
2011.10.05 09:45:56.454,0.83133,0.83146,1.50,1.13
2011.10.05 09:45:57.030,0.83133,0.83145,1.50,1.13
2011.10.05 09:45:57.764,0.83133,0.83143,1.50,2.63
2011.10.05 09:45:59.272,0.83132,0.83143,1.50,2.63
2011.10.05 09:45:59.933,0.83132,0.83143,1.50,2.63
2011.10.05 09:46:00.872,0.83133,0.83147,1.50,1.13
2011.10.05 09:46:01.234,0.83128,0.83152,1.43,1.80
2011.10.05 09:46:01.364,0.83121,0.83134,1.13,2.10
2011.10.05 09:46:01.493,0.83114,0.83126,2.94,1.35
2011.10.05 09:46:01.621,0.83113,0.83126,2.19,1.35
2011.10.05 09:46:01.868,0.8311,0.83127,2.19,1.13
2011.10.05 09:46:02.493,0.83113,0.83128,1.50,1.65
2011.10.05 09:46:02.854,0.83112,0.83128,2.25,1.65
2011.10.05 09:46:05.430,0.83113,0.8313,1.43,3.60
2011.10.05 09:46:05.661,0.83113,0.8313,1.43,3.60
2011.10.05 09:46:06.025,0.83113,0.8313,1.43,2.85
2011.10.05 09:46:06.150,0.83113,0.83133,1.43,1.13
2011.10.05 09:46:06.278,0.83111,0.8313,2.18,1.50
2011.10.05 09:46:07.196,0.83114,0.83128,1.50,1.13
2011.10.05 09:46:07.423,0.83116,0.83132,1.43,1.13
2011.10.05 09:46:07.782,0.83116,0.83134,2.18,2.63
2011.10.05 09:46:07.906,0.83118,0.83134,1.50,2.63
2011.10.05 09:46:08.264,0.83121,0.83134,1.43,2.25
2011.10.05 09:46:08.627,0.83128,0.83143,1.43,2.63
2011.10.05 09:46:08.755,0.83128,0.83143,2.18,1.88
2011.10.05 09:46:09.325,0.83138,0.83152,1.50,1.43
2011.10.05 09:46:09.580,0.83139,0.83154,1.50,1.88
2011.10.05 09:46:12.818,0.83137,0.83154,2.18,2.25
2011.10.05 09:46:13.751,0.83137,0.83154,2.93,1.88
2011.10.05 09:46:14.573,0.83139,0.83154,1.50,1.88
2011.10.05 09:46:16.866,0.83139,0.83156,1.43,1.13
2011.10.05 09:46:17.003,0.83148,0.83163,2.25,1.88
2011.10.05 09:46:17.362,0.83151,0.83163,1.50,1.88
2011.10.05 09:46:17.964,0.83152,0.83163,1.50,1.88
2011.10.05 09:46:18.815,0.83152,0.8317,1.50,1.35
2011.10.05 09:46:19.965,0.83154,0.83173,1.50,2.10
2011.10.05 09:46:20.082,0.83154,0.83173,1.50,2.10
2011.10.05 09:46:20.749,0.83154,0.83173,1.50,2.10
2011.10.05 09:46:20.882,0.83161,0.83174,1.50,2.96
2011.10.05 09:46:21.010,0.83162,0.83174,1.50,2.63
2011.10.05 09:46:21.376,0.8316,0.83174,1.50,2.63
2011.10.05 09:46:22.003,0.83157,0.83174,1.50,3.00
2011.10.05 09:46:22.244,0.83157,0.83171,1.50,1.13
2011.10.05 09:46:22.821,0.83157,0.83169,1.50,1.13
2011.10.05 09:46:22.942,0.83152,0.83169,2.18,1.50
2011.10.05 09:46:24.997,0.83152,0.83168,2.18,1.13
2011.10.05 09:46:27.886,0.83152,0.83169,1.50,1.13
2011.10.05 09:46:28.861,0.83152,0.83166,1.50,1.13
2011.10.05 09:46:29.203,0.83147,0.83163,1.50,3.00
2011.10.05 09:46:29.775,0.83144,0.83161,1.43,1.50
2011.10.05 09:46:30.133,0.83141,0.8316,1.50,2.10
2011.10.05 09:46:30.815,0.83141,0.83158,1.88,1.13
2011.10.05 09:46:30.988,0.83145,0.83158,1.50,1.13
2011.10.05 09:46:31.342,0.83145,0.83158,1.50,1.13
2011.10.05 09:46:32.054,0.83145,0.83158,1.50,1.13
2011.10.05 09:46:32.984,0.83145,0.83156,1.50,1.13
2011.10.05 09:46:33.103,0.83145,0.83156,1.50,1.13
2011.10.05 09:46:33.981,0.83144,0.83159,1.43,1.13
2011.10.05 09:46:34.224,0.83145,0.83159,2.18,1.13
2011.10.05 09:46:34.468,0.83148,0.83162,1.50,1.13
2011.10.05 09:46:37.136,0.83149,0.83162,1.50,1.13
2011.10.05 09:46:37.306,0.83149,0.83162,1.50,1.13
2011.10.05 09:46:38.711,0.83149,0.8316,1.50,1.13
2011.10.05 09:46:39.139,0.83146,0.8316,1.43,1.13
2011.10.05 09:46:39.943,0.83146,0.83157,1.43,1.13
2011.10.05 09:46:40.184,0.83144,0.83154,1.50,1.13
2011.10.05 09:46:40.306,0.83138,0.83154,2.18,1.50
2011.10.05 09:46:40.433,0.83138,0.8315,1.50,1.05
2011.10.05 09:46:40.551,0.83135,0.8315,1.50,1.05
2011.10.05 09:46:41.113,0.83135,0.8315,1.50,1.05
2011.10.05 09:46:43.670,0.83135,0.8315,1.50,1.05
2011.10.05 09:46:53.496,0.83136,0.83151,1.50,1.13
2011.10.05 09:46:59.239,0.83136,0.83151,1.50,1.13
2011.10.05 09:46:59.814,0.83134,0.83152,1.50,1.50
2011.10.05 09:47:00.983,0.83136,0.83152,1.50,1.50
2011.10.05 09:47:01.544,0.83135,0.8315,1.50,1.05
2011.10.05 09:47:13.675,0.8313,0.83141,1.50,2.03
2011.10.05 09:47:13.803,0.83121,0.83134,1.50,2.55
2011.10.05 09:47:13.928,0.83121,0.83134,1.50,3.30
2011.10.05 09:47:14.534,0.83119,0.83135,1.50,1.43
2011.10.05 09:47:14.652,0.83119,0.83134,1.50,1.35
2011.10.05 09:47:14.892,0.83119,0.83137,1.50,1.43
2011.10.05 09:47:16.103,0.83118,0.83135,1.50,1.43
2011.10.05 09:47:17.014,0.83118,0.83134,1.50,3.68
2011.10.05 09:47:17.132,0.83116,0.83134,1.50,3.68
2011.10.05 09:47:17.594,0.83114,0.83134,1.88,3.68
2011.10.05 09:47:18.077,0.83116,0.83134,1.13,3.30
2011.10.05 09:47:18.206,0.83117,0.83135,3.75,2.03
2011.10.05 09:47:18.787,0.83118,0.83135,1.50,1.28
2011.10.05 09:47:19.381,0.83118,0.83133,1.50,1.88
2011.10.05 09:47:19.965,0.83117,0.83133,1.13,1.88
2011.10.05 09:47:20.533,0.83117,0.83133,1.13,2.63
2011.10.05 09:47:21.234,0.83117,0.83133,1.13,2.63
2011.10.05 09:47:22.330,0.83117,0.83129,1.13,1.43
2011.10.05 09:47:22.559,0.83117,0.83129,1.13,1.43
2011.10.05 09:47:22.795,0.83117,0.83131,1.13,2.10
2011.10.05 09:47:26.010,0.83117,0.83133,1.13,1.88
2011.10.05 09:47:29.931,0.83117,0.83133,1.88,2.63
2011.10.05 09:47:30.174,0.83117,0.83133,1.88,2.63
2011.10.05 09:47:31.683,0.8312,0.83133,1.88,1.88
2011.10.05 09:47:32.045,0.83125,0.83142,1.88,2.40
2011.10.05 09:47:32.612,0.83126,0.8314,1.50,1.35
2011.10.05 09:47:35.540,0.83125,0.8314,1.13,1.35
2011.10.05 09:47:35.878,0.83124,0.8314,1.50,1.35
2011.10.05 09:47:36.474,0.83122,0.83134,1.13,1.88
2011.10.05 09:47:38.271,0.83123,0.83134,1.50,1.88
2011.10.05 09:47:39.824,0.83123,0.83134,1.50,2.21
2011.10.05 09:47:39.959,0.83117,0.83133,1.13,2.14
2011.10.05 09:47:40.095,0.83119,0.8313,1.13,1.09
2011.10.05 09:47:40.220,0.83119,0.83128,1.13,1.09
2011.10.05 09:47:40.778,0.83117,0.83131,1.13,2.59
2011.10.05 09:47:41.563,0.83118,0.83133,1.13,1.43
2011.10.05 09:47:41.691,0.83118,0.83133,1.13,1.43
2011.10.05 09:47:42.163,0.83118,0.83133,1.13,1.43
2011.10.05 09:47:42.791,0.83118,0.83133,1.13,1.43
2011.10.05 09:47:44.165,0.83117,0.83128,1.13,1.35
2011.10.05 09:47:44.547,0.83108,0.83119,1.50,1.50
2011.10.05 09:47:44.679,0.83106,0.83119,1.50,1.43
2011.10.05 09:47:44.813,0.83102,0.83119,1.50,1.43
2011.10.05 09:47:44.942,0.83097,0.83119,1.13,1.43
2011.10.05 09:47:45.072,0.83097,0.83119,1.88,1.80
2011.10.05 09:47:45.791,0.83098,0.83119,3.00,2.18
2011.10.05 09:47:46.729,0.83088,0.83104,1.43,1.73
2011.10.05 09:47:47.014,0.83084,0.831,1.43,2.10
2011.10.05 09:47:47.757,0.83078,0.83096,1.35,1.50
2011.10.05 09:47:48.004,0.83078,0.83096,1.35,1.13
2011.10.05 09:47:48.957,0.83079,0.83098,2.93,1.50
2011.10.05 09:47:49.573,0.83077,0.83093,2.63,1.35
2011.10.05 09:47:49.702,0.83072,0.8309,1.35,1.13
2011.10.05 09:47:50.665,0.83072,0.8309,1.35,1.50
2011.10.05 09:47:51.356,0.83072,0.83091,2.10,1.50
2011.10.05 09:47:51.954,0.83074,0.8309,1.43,1.13
2011.10.05 09:47:52.307,0.83082,0.83093,1.35,2.63
2011.10.05 09:47:52.673,0.8309,0.83103,1.43,1.88
2011.10.05 09:47:53.381,0.83091,0.83103,1.43,1.88
2011.10.05 09:47:55.795,0.8309,0.83103,1.43,1.88
2011.10.05 09:47:55.933,0.83086,0.83103,2.18,1.88
2011.10.05 09:47:56.404,0.83085,0.83103,1.43,2.25
2011.10.05 09:47:56.522,0.83083,0.831,1.35,1.13
2011.10.05 09:47:56.874,0.83081,0.83094,1.35,1.88
2011.10.05 09:48:00.874,0.83086,0.83103,1.50,1.88
2011.10.05 09:48:00.992,0.83088,0.83104,1.50,1.88
2011.10.05 09:48:01.583,0.83091,0.8311,1.50,1.43
2011.10.05 09:48:02.425,0.83091,0.8311,1.50,2.18
2011.10.05 09:48:02.654,0.83091,0.8311,1.50,4.28
2011.10.05 09:48:03.243,0.83091,0.83108,1.50,1.50
2011.10.05 09:48:03.365,0.83091,0.83103,1.50,2.63
2011.10.05 09:48:03.483,0.83087,0.83103,1.50,2.63
2011.10.05 09:48:04.168,0.83087,0.83103,1.50,2.63
2011.10.05 09:48:04.302,0.83088,0.83104,1.50,1.43
2011.10.05 09:48:04.880,0.83088,0.83104,1.50,3.00
2011.10.05 09:48:05.698,0.8309,0.83104,1.50,2.63
2011.10.05 09:48:06.295,0.8309,0.83109,1.50,1.13
2011.10.05 09:48:06.641,0.83093,0.8311,1.50,1.13
2011.10.05 09:48:07.206,0.83093,0.83111,2.25,1.05
2011.10.05 09:48:07.333,0.83096,0.83113,1.50,2.85
2011.10.05 09:48:09.372,0.83097,0.83113,1.13,2.63
2011.10.05 09:48:09.905,0.83102,0.83113,1.13,1.88
2011.10.05 09:48:10.268,0.83104,0.83113,1.88,1.88
2011.10.05 09:48:10.394,0.83104,0.83121,1.88,2.03
2011.10.05 09:48:10.636,0.83106,0.83121,1.35,1.43
2011.10.05 09:48:11.010,0.83113,0.83124,1.43,1.88
2011.10.05 09:48:11.912,0.83119,0.83134,1.35,1.88
2011.10.05 09:48:12.007,0.83122,0.83134,1.35,1.88
2011.10.05 09:48:12.259,0.8312,0.83134,1.43,1.88
2011.10.05 09:48:12.857,0.8312,0.83134,1.80,1.88
2011.10.05 09:48:12.986,0.8312,0.8314,2.18,1.13
2011.10.05 09:48:13.437,0.8312,0.8314,1.43,3.23
2011.10.05 09:48:13.612,0.83118,0.83134,2.10,1.88
2011.10.05 09:48:15.191,0.83118,0.8314,2.48,2.85
2011.10.05 09:48:15.312,0.83126,0.8314,1.50,2.10
2011.10.05 09:48:15.885,0.83128,0.83142,1.13,2.25
2011.10.05 09:48:16.405,0.83124,0.83142,1.43,1.88
2011.10.05 09:48:16.751,0.83121,0.8314,1.35,1.13
2011.10.05 09:48:16.871,0.8312,0.8314,1.43,1.73
2011.10.05 09:48:17.462,0.83119,0.83139,1.43,1.13
2011.10.05 09:48:17.704,0.83121,0.83141,2.18,2.25
2011.10.05 09:48:18.214,0.83123,0.8314,1.35,1.13
2011.10.05 09:48:19.954,0.83123,0.83141,1.35,2.25
2011.10.05 09:48:20.195,0.83118,0.83138,2.48,1.35
2011.10.05 09:48:21.041,0.83116,0.83137,3.30,2.63
2011.10.05 09:48:21.167,0.83113,0.83131,1.88,1.43
2011.10.05 09:48:21.695,0.83114,0.83131,1.50,1.43
2011.10.05 09:48:22.382,0.83113,0.83133,1.43,1.43
2011.10.05 09:48:22.863,0.83114,0.83134,1.50,2.63
2011.10.05 09:48:30.708,0.83118,0.83135,1.88,1.05
2011.10.05 09:48:31.414,0.83118,0.83134,1.88,1.13
2011.10.05 09:48:32.013,0.83118,0.83133,1.88,2.63
2011.10.05 09:48:33.055,0.83118,0.83133,1.88,2.63
2011.10.05 09:48:33.891,0.83118,0.83133,1.88,2.63
2011.10.05 09:48:34.450,0.8312,0.83133,1.13,2.63
2011.10.05 09:48:35.565,0.8312,0.83133,1.13,2.63
2011.10.05 09:48:36.384,0.8312,0.83133,1.13,2.63
2011.10.05 09:48:38.906,0.83119,0.83133,1.13,1.88
2011.10.05 09:48:39.722,0.83114,0.83133,1.50,2.63
2011.10.05 09:48:39.950,0.83113,0.83133,2.18,2.63
2011.10.05 09:48:40.075,0.83114,0.83131,1.13,1.50
2011.10.05 09:48:40.316,0.83107,0.83127,1.88,1.50
2011.10.05 09:48:40.448,0.83107,0.83125,1.88,1.35
2011.10.05 09:48:43.295,0.83107,0.83123,1.88,1.43
2011.10.05 09:48:43.415,0.83103,0.83123,1.13,3.30
2011.10.05 09:48:43.996,0.83102,0.83121,1.50,1.50
2011.10.05 09:48:44.485,0.83097,0.83118,1.88,1.80
2011.10.05 09:48:44.855,0.83086,0.83107,1.88,1.43
2011.10.05 09:48:45.096,0.83086,0.8311,3.23,1.50
2011.10.05 09:48:46.123,0.83086,0.83109,3.23,1.13
2011.10.05 09:48:47.161,0.83086,0.8311,3.23,1.50
2011.10.05 09:48:47.754,0.83088,0.83111,1.05,1.43
2011.10.05 09:48:47.872,0.8309,0.83113,1.35,1.50
2011.10.05 09:48:47.991,0.83091,0.83113,1.43,1.50
2011.10.05 09:48:49.373,0.83095,0.83114,1.73,1.88
2011.10.05 09:48:50.330,0.83097,0.8312,1.88,1.43
2011.10.05 09:48:50.974,0.83097,0.8312,1.88,1.43
2011.10.05 09:48:51.730,0.83097,0.8312,2.63,1.43
2011.10.05 09:48:52.842,0.83097,0.83119,2.55,1.50
2011.10.05 09:48:53.413,0.83097,0.83121,2.55,2.03
2011.10.05 09:48:53.994,0.83097,0.83121,2.55,2.03
2011.10.05 09:48:54.606,0.83097,0.83119,2.55,1.50
2011.10.05 09:48:55.861,0.83097,0.83116,2.18,1.13
2011.10.05 09:48:56.213,0.83095,0.83114,1.43,2.63
2011.10.05 09:48:57.320,0.83092,0.83114,1.80,2.63
2011.10.05 09:48:59.781,0.83093,0.83114,1.43,2.63
2011.10.05 09:49:03.566,0.83094,0.83114,3.53,1.88
2011.10.05 09:49:03.685,0.83095,0.83114,1.43,1.88
2011.10.05 09:49:03.925,0.83098,0.83121,1.43,1.43
2011.10.05 09:49:04.926,0.831,0.83121,2.48,1.43
2011.10.05 09:49:05.047,0.83107,0.83124,1.05,2.63
2011.10.05 09:49:05.693,0.83107,0.83124,1.05,1.88
2011.10.05 09:49:06.376,0.83107,0.83124,1.05,1.88
2011.10.05 09:49:08.853,0.83108,0.83124,1.13,1.88
2011.10.05 09:49:15.872,0.83108,0.83124,1.13,1.88
2011.10.05 09:49:16.703,0.83108,0.83129,1.13,2.40
2011.10.05 09:49:18.235,0.83109,0.83129,1.13,1.65
2011.10.05 09:49:18.591,0.83113,0.83134,1.50,4.05
2011.10.05 09:49:24.143,0.8311,0.83131,1.80,1.13
2011.10.05 09:49:28.076,0.8311,0.8313,1.05,1.73
2011.10.05 09:49:30.163,0.8311,0.83129,1.05,1.13
2011.10.05 09:49:30.863,0.8311,0.8313,1.05,1.35
2011.10.05 09:49:31.246,0.83121,0.83134,1.35,2.63
2011.10.05 09:49:31.364,0.83121,0.83138,1.73,1.13
2011.10.05 09:49:33.681,0.83119,0.83141,1.05,2.55
2011.10.05 09:49:34.820,0.83119,0.83141,1.05,1.80
2011.10.05 09:49:34.943,0.83118,0.83139,1.43,3.23
2011.10.05 09:49:35.305,0.83131,0.8315,1.28,1.57
2011.10.05 09:49:35.543,0.83133,0.83152,1.43,2.32
2011.10.05 09:49:35.664,0.83137,0.83154,5.25,1.88
2011.10.05 09:49:36.270,0.83144,0.83162,1.28,1.50
2011.10.05 09:49:36.402,0.8314,0.8316,1.05,1.13
2011.10.05 09:49:36.521,0.8314,0.83161,1.80,1.13
2011.10.05 09:49:36.863,0.8314,0.83162,1.80,2.18
2011.10.05 09:49:37.227,0.8314,0.83161,1.80,1.50
2011.10.05 09:49:43.831,0.8314,0.83162,1.43,1.43
2011.10.05 09:49:44.914,0.8314,0.83162,1.43,1.43
2011.10.05 09:49:45.528,0.83139,0.8316,1.05,1.50
2011.10.05 09:49:46.914,0.8314,0.83159,1.05,1.88
2011.10.05 09:49:47.264,0.83136,0.83154,2.25,1.13
2011.10.05 09:49:47.601,0.83135,0.83153,1.05,1.13
2011.10.05 09:49:47.843,0.83132,0.83151,2.18,2.25
2011.10.05 09:49:48.411,0.83132,0.83151,1.80,2.25
2011.10.05 09:49:48.998,0.83132,0.83152,1.80,2.25
2011.10.05 09:49:49.570,0.83132,0.83151,1.43,2.25
2011.10.05 09:49:50.596,0.83129,0.83149,1.50,1.09
2011.10.05 09:49:50.716,0.83128,0.83144,2.25,1.88
2011.10.05 09:49:51.076,0.83121,0.83142,1.13,2.93
2011.10.05 09:49:51.445,0.83125,0.83142,1.50,1.50
2011.10.05 09:49:51.789,0.83123,0.83142,1.88,2.25
2011.10.05 09:49:53.307,0.83123,0.83144,3.00,3.98
2011.10.05 09:49:53.772,0.83126,0.83146,2.63,1.43
2011.10.05 09:49:54.122,0.83126,0.83146,2.63,2.93
2011.10.05 09:49:56.027,0.83124,0.83143,2.18,2.63
2011.10.05 09:49:56.282,0.83123,0.83141,1.50,2.25
2011.10.05 09:49:56.406,0.83124,0.83142,1.35,2.25
2011.10.05 09:49:56.883,0.83124,0.83144,2.48,3.30
2011.10.05 09:49:57.456,0.83126,0.83144,1.13,3.30
2011.10.05 09:49:57.576,0.83128,0.83144,1.13,3.30
2011.10.05 09:49:57.879,0.83128,0.83144,1.13,3.30
2011.10.05 09:49:58.400,0.83128,0.83144,1.13,3.30
2011.10.05 09:49:58.978,0.83124,0.83144,2.25,3.15
2011.10.05 09:49:59.211,0.83121,0.83141,1.13,1.35
2011.10.05 09:49:59.561,0.83125,0.83144,1.13,2.55
2011.10.05 09:49:59.686,0.83124,0.83144,2.63,2.55
2011.10.05 09:49:59.927,0.83121,0.83142,1.13,3.45
2011.10.05 09:50:00.631,0.83122,0.83143,1.50,2.63
2011.10.05 09:50:00.770,0.8312,0.83143,1.80,4.73
2011.10.05 09:50:01.342,0.83119,0.8314,1.13,1.43
2011.10.05 09:50:02.066,0.83118,0.8314,1.13,1.43
2011.10.05 09:50:02.427,0.83117,0.8313,3.38,1.05
2011.10.05 09:50:03.096,0.83116,0.83134,1.35,2.55
2011.10.05 09:50:03.218,0.83116,0.83134,2.03,1.88
2011.10.05 09:50:03.347,0.83118,0.83136,1.13,1.50
2011.10.05 09:50:03.478,0.83118,0.83139,1.13,1.80
2011.10.05 09:50:03.600,0.83117,0.83138,1.13,1.43
2011.10.05 09:50:05.587,0.83117,0.83137,1.13,1.50
2011.10.05 09:50:06.389,0.83117,0.83136,1.13,1.50
2011.10.05 09:50:09.243,0.83116,0.83133,2.03,1.88
2011.10.05 09:50:12.495,0.83116,0.83136,3.53,1.13
2011.10.05 09:50:13.960,0.83116,0.83137,4.28,1.13
2011.10.05 09:50:14.079,0.83116,0.83138,4.65,1.80
2011.10.05 09:50:15.742,0.8312,0.83138,1.13,1.05
2011.10.05 09:50:16.320,0.83119,0.8314,2.18,1.13
2011.10.05 09:50:17.300,0.83121,0.83144,1.35,3.30
2011.10.05 09:50:18.001,0.83121,0.83144,1.35,2.55
2011.10.05 09:50:18.365,0.83126,0.83144,1.28,1.88
2011.10.05 09:50:18.926,0.83127,0.83144,1.05,1.13
2011.10.05 09:50:19.155,0.83131,0.83151,1.05,1.50
2011.10.05 09:50:19.633,0.83131,0.83153,1.05,3.38
2011.10.05 09:50:19.752,0.83133,0.83153,1.35,3.38
2011.10.05 09:50:20.105,0.83135,0.83153,1.35,3.38
2011.10.05 09:50:20.700,0.83135,0.83153,1.35,1.88
2011.10.05 09:50:21.494,0.83135,0.83153,1.35,2.63
2011.10.05 09:50:21.954,0.83137,0.83158,1.73,1.35
2011.10.05 09:50:22.552,0.83139,0.83158,1.35,1.35
2011.10.05 09:50:23.458,0.83138,0.83157,1.43,1.50
2011.10.05 09:50:23.582,0.83137,0.83157,1.73,1.50
2011.10.05 09:50:23.815,0.83137,0.83156,1.05,2.25
2011.10.05 09:50:25.514,0.83137,0.83156,1.05,2.25
2011.10.05 09:50:26.320,0.83137,0.83156,1.05,2.25
2011.10.05 09:50:26.566,0.83139,0.83159,1.05,1.43
2011.10.05 09:50:26.914,0.83141,0.83161,1.05,1.50
2011.10.05 09:50:29.538,0.83141,0.8316,1.80,1.50
2011.10.05 09:50:30.323,0.83141,0.83161,1.80,1.50
2011.10.05 09:50:30.450,0.83141,0.83159,1.05,1.50
2011.10.05 09:50:31.027,0.83141,0.83161,1.05,3.00
2011.10.05 09:50:32.004,0.83139,0.8316,1.35,1.50
2011.10.05 09:50:33.139,0.83139,0.8316,1.35,1.50
2011.10.05 09:50:35.962,0.8314,0.83161,1.05,1.50
2011.10.05 09:50:38.655,0.83141,0.83163,2.78,1.43
2011.10.05 09:50:39.017,0.83149,0.83164,1.35,1.88
2011.10.05 09:50:39.145,0.83147,0.8317,2.55,1.35
2011.10.05 09:50:39.263,0.83147,0.83171,3.30,2.18
2011.10.05 09:50:39.382,0.8315,0.83172,1.35,2.25
2011.10.05 09:50:40.288,0.83157,0.83173,1.05,2.63
2011.10.05 09:50:40.419,0.8316,0.83182,1.80,1.50
2011.10.05 09:50:40.545,0.83163,0.83183,1.35,2.63
2011.10.05 09:50:40.911,0.83163,0.83183,1.35,2.63
2011.10.05 09:50:41.782,0.83163,0.83183,1.73,2.63
2011.10.05 09:50:42.902,0.83163,0.83183,1.35,2.63
2011.10.05 09:50:43.494,0.83166,0.83184,1.88,1.50
2011.10.05 09:50:45.833,0.83166,0.83184,1.88,1.50
2011.10.05 09:50:47.074,0.83163,0.83182,1.35,1.50
2011.10.05 09:50:47.194,0.83163,0.83182,1.35,1.50
2011.10.05 09:50:48.534,0.83163,0.83183,1.73,5.48
2011.10.05 09:50:48.774,0.83163,0.83183,1.73,3.38
2011.10.05 09:50:49.305,0.83169,0.83183,1.05,2.63
2011.10.05 09:50:49.655,0.83169,0.83186,1.05,1.13
2011.10.05 09:50:50.267,0.83168,0.83191,1.43,3.30
2011.10.05 09:50:50.638,0.83167,0.83191,3.23,1.80
2011.10.05 09:50:52.012,0.83169,0.83191,1.35,1.43
2011.10.05 09:50:52.132,0.83169,0.83191,1.35,1.43
2011.10.05 09:50:52.481,0.83171,0.83193,1.35,2.63
2011.10.05 09:50:52.603,0.83171,0.83193,1.35,2.63
2011.10.05 09:50:53.170,0.83171,0.83193,1.35,2.63
2011.10.05 09:50:53.751,0.83171,0.83193,1.35,2.63
2011.10.05 09:50:54.833,0.83171,0.83193,1.35,2.63
2011.10.05 09:50:55.172,0.83175,0.83193,1.35,2.63
2011.10.05 09:50:55.308,0.83172,0.83193,1.05,2.63
2011.10.05 09:50:55.435,0.83173,0.83193,1.05,1.88
2011.10.05 09:50:55.802,0.83173,0.83193,2.33,1.88
2011.10.05 09:50:56.362,0.83179,0.83195,1.35,2.10
2011.10.05 09:50:57.452,0.83176,0.83193,1.50,1.13
2011.10.05 09:50:58.036,0.83176,0.83193,1.50,1.13
2011.10.05 09:50:58.633,0.83173,0.83193,1.35,1.13
2011.10.05 09:50:59.433,0.83173,0.83194,1.35,3.23
2011.10.05 09:50:59.559,0.83178,0.83194,1.35,3.23
2011.10.05 09:51:00.012,0.83182,0.83194,1.35,2.63
2011.10.05 09:51:00.146,0.83184,0.83204,1.05,2.63
2011.10.05 09:51:00.398,0.83182,0.83203,1.73,2.63
2011.10.05 09:51:00.935,0.83182,0.83203,1.73,2.63
2011.10.05 09:51:01.176,0.83182,0.83203,1.73,2.63
2011.10.05 09:51:01.548,0.83186,0.83207,1.35,2.25
2011.10.05 09:51:02.468,0.83186,0.83204,2.85,1.13
2011.10.05 09:51:02.965,0.83186,0.83204,2.18,1.13
2011.10.05 09:51:04.737,0.83187,0.83206,1.88,2.63
2011.10.05 09:51:05.091,0.83181,0.83202,1.95,1.13
2011.10.05 09:51:05.324,0.83179,0.83202,1.43,1.13
2011.10.05 09:51:05.566,0.83179,0.83203,1.80,2.03
2011.10.05 09:51:05.922,0.83187,0.83203,1.88,1.43
2011.10.05 09:51:07.836,0.83187,0.83203,1.88,1.43
2011.10.05 09:51:10.445,0.83182,0.83204,1.35,1.13
2011.10.05 09:51:10.565,0.8318,0.83202,1.43,1.43
2011.10.05 09:51:11.184,0.8318,0.83202,1.43,1.43
2011.10.05 09:51:11.533,0.8318,0.83202,1.43,1.43
2011.10.05 09:51:12.093,0.83181,0.83202,1.13,1.43
2011.10.05 09:51:12.334,0.83181,0.83203,2.48,2.63
2011.10.05 09:51:13.389,0.8318,0.83202,1.43,1.43
2011.10.05 09:51:13.970,0.8318,0.83199,1.43,1.13
2011.10.05 09:51:14.347,0.83179,0.83197,1.05,1.13
2011.10.05 09:51:14.595,0.83179,0.83198,1.05,1.13
2011.10.05 09:51:15.275,0.83179,0.83197,1.05,1.13
2011.10.05 09:51:15.853,0.83179,0.83197,1.05,1.13
2011.10.05 09:51:16.509,0.83179,0.83196,1.05,1.13
2011.10.05 09:51:17.187,0.83177,0.83196,2.25,1.13
2011.10.05 09:51:19.881,0.83177,0.83195,1.88,1.13
2011.10.05 09:51:20.332,0.83177,0.83195,1.88,1.13
2011.10.05 09:51:21.281,0.83172,0.83193,1.80,3.00
2011.10.05 09:51:21.512,0.83172,0.83193,1.13,3.00
2011.10.05 09:51:22.045,0.83171,0.8319,1.80,1.13
2011.10.05 09:51:25.286,0.83171,0.8319,1.05,1.13
2011.10.05 09:51:28.895,0.83171,0.8319,1.43,1.13
2011.10.05 09:51:29.131,0.83171,0.83192,1.43,1.13
2011.10.05 09:51:29.690,0.83177,0.83192,1.88,1.13
2011.10.05 09:51:30.385,0.83177,0.83193,1.88,1.13
2011.10.05 09:51:31.007,0.83177,0.83193,1.88,1.13
2011.10.05 09:51:31.367,0.83178,0.83197,1.05,1.13
2011.10.05 09:51:31.493,0.83177,0.832,2.48,2.21
2011.10.05 09:51:31.614,0.83179,0.832,1.43,1.13
2011.10.05 09:51:32.378,0.83182,0.83201,1.43,2.25
2011.10.05 09:51:32.965,0.83181,0.83201,2.10,1.13
2011.10.05 09:51:33.552,0.83181,0.83201,1.35,2.25
2011.10.05 09:51:34.920,0.83181,0.83201,1.35,1.13
2011.10.05 09:51:36.252,0.83181,0.83201,1.35,1.13
2011.10.05 09:51:38.973,0.83182,0.83203,1.43,3.00
2011.10.05 09:51:39.530,0.83181,0.83201,1.35,1.35
2011.10.05 09:51:40.122,0.83181,0.83202,2.10,2.10
2011.10.05 09:51:40.244,0.83181,0.83201,1.43,1.31
2011.10.05 09:51:40.832,0.83182,0.83199,1.35,1.13
2011.10.05 09:51:41.769,0.83182,0.832,1.35,1.13
2011.10.05 09:51:42.139,0.83182,0.83203,1.35,2.63
2011.10.05 09:51:42.511,0.83186,0.83207,2.18,1.88
2011.10.05 09:51:42.875,0.8319,0.83208,1.35,1.73
2011.10.05 09:51:43.243,0.83194,0.83208,1.35,1.73
2011.10.05 09:51:43.362,0.83189,0.83208,1.35,1.73
2011.10.05 09:51:44.003,0.83189,0.83208,1.35,1.73
2011.10.05 09:51:44.484,0.83189,0.83208,1.35,2.10
2011.10.05 09:51:46.071,0.83186,0.83207,3.30,1.13
2011.10.05 09:51:46.192,0.83186,0.83202,2.55,1.50
2011.10.05 09:51:46.434,0.83186,0.83202,1.88,1.50
2011.10.05 09:51:46.859,0.83183,0.83202,1.43,1.50
2011.10.05 09:51:46.984,0.83186,0.83202,1.88,1.50
2011.10.05 09:51:47.573,0.83186,0.832,1.88,1.50
2011.10.05 09:51:48.349,0.83186,0.83199,1.88,1.50
2011.10.05 09:51:49.929,0.83186,0.83199,1.88,1.50
2011.10.05 09:51:50.389,0.83183,0.832,1.43,1.50
2011.10.05 09:51:51.602,0.83183,0.83199,1.43,1.88
2011.10.05 09:51:52.229,0.83183,0.83199,1.43,1.88
2011.10.05 09:51:52.580,0.83187,0.83199,1.88,1.88
2011.10.05 09:51:53.261,0.83187,0.83196,1.88,1.13
2011.10.05 09:51:53.716,0.83181,0.83195,2.10,1.50
2011.10.05 09:51:53.868,0.83181,0.83193,1.43,1.13
2011.10.05 09:51:53.992,0.83178,0.83192,1.28,1.50
2011.10.05 09:51:54.468,0.83179,0.83195,1.13,1.50
2011.10.05 09:51:54.711,0.83182,0.83195,1.43,1.50
2011.10.05 09:51:54.835,0.83182,0.83198,1.80,1.50
2011.10.05 09:51:55.190,0.83183,0.83198,1.43,1.50
2011.10.05 09:51:55.544,0.83184,0.83195,1.35,1.50
2011.10.05 09:51:55.671,0.83184,0.83198,1.35,1.50
2011.10.05 09:51:56.514,0.83184,0.83201,1.35,1.50
2011.10.05 09:51:56.757,0.83187,0.83204,1.05,1.50
2011.10.05 09:51:56.882,0.83187,0.83205,1.05,1.50
2011.10.05 09:51:57.000,0.83188,0.83207,1.13,1.50
2011.10.05 09:51:57.609,0.8319,0.83207,1.05,1.50
2011.10.05 09:52:00.251,0.83192,0.83207,1.35,1.88
2011.10.05 09:52:00.614,0.8319,0.83206,1.05,1.50
2011.10.05 09:52:00.951,0.8319,0.83205,1.05,1.88
2011.10.05 09:52:01.190,0.8319,0.83205,1.05,1.50
2011.10.05 09:52:01.788,0.83189,0.83203,1.73,1.50
2011.10.05 09:52:01.925,0.83189,0.83203,1.05,1.50
2011.10.05 09:52:02.054,0.83187,0.83203,1.05,1.50
2011.10.05 09:52:02.411,0.83187,0.83205,1.43,1.50
2011.10.05 09:52:02.949,0.83187,0.83205,1.43,1.50
2011.10.05 09:52:03.629,0.83188,0.83205,1.73,1.50
2011.10.05 09:52:03.767,0.83188,0.83205,1.35,1.50
2011.10.05 09:52:04.503,0.8319,0.83205,1.05,2.25
2011.10.05 09:52:04.627,0.8319,0.83206,1.05,1.50
2011.10.05 09:52:04.754,0.83192,0.83205,1.73,1.50
2011.10.05 09:52:05.475,0.83192,0.83207,1.35,1.50
2011.10.05 09:52:05.722,0.83192,0.8321,1.35,2.63
2011.10.05 09:52:12.081,0.83193,0.83208,1.05,2.25
2011.10.05 09:52:14.868,0.8319,0.83206,1.05,1.50
2011.10.05 09:52:15.113,0.83188,0.83203,1.43,1.13
2011.10.05 09:52:15.235,0.83186,0.83202,2.25,1.50
2011.10.05 09:52:15.475,0.83186,0.83205,2.25,1.50
2011.10.05 09:52:16.326,0.83186,0.83207,3.00,1.50
2011.10.05 09:52:21.635,0.83186,0.83205,2.25,1.50
2011.10.05 09:52:24.114,0.83186,0.83204,2.25,2.85
2011.10.05 09:52:24.233,0.83181,0.83204,1.80,1.88
2011.10.05 09:52:24.596,0.83173,0.8319,2.04,1.50
2011.10.05 09:52:24.966,0.83177,0.8319,1.88,1.50
2011.10.05 09:52:25.201,0.83178,0.83191,2.10,1.50
2011.10.05 09:52:25.838,0.83177,0.83189,1.88,1.50
2011.10.05 09:52:26.520,0.83177,0.83188,1.88,1.50
2011.10.05 09:52:27.093,0.83177,0.83187,1.88,1.50
2011.10.05 09:52:28.029,0.83177,0.83187,1.88,1.50
2011.10.05 09:52:28.679,0.8317,0.83187,1.43,1.50
2011.10.05 09:52:28.806,0.8317,0.83187,1.43,1.50
2011.10.05 09:52:29.052,0.8317,0.83188,1.43,1.50
2011.10.05 09:52:29.850,0.83171,0.83188,1.50,1.50
2011.10.05 09:52:30.191,0.83169,0.83188,1.43,1.50
2011.10.05 09:52:30.881,0.83169,0.83187,1.43,1.50
2011.10.05 09:52:33.119,0.83168,0.83192,1.43,1.80
2011.10.05 09:52:33.239,0.83167,0.83187,1.80,1.13
2011.10.05 09:52:33.362,0.83166,0.83184,2.55,1.13
2011.10.05 09:52:33.931,0.83164,0.83184,1.43,3.00
2011.10.05 09:52:35.414,0.83164,0.83184,1.43,1.88
2011.10.05 09:52:35.532,0.83167,0.83186,2.25,1.13
2011.10.05 09:52:35.975,0.83168,0.83186,1.35,1.13
2011.10.05 09:52:36.223,0.83182,0.83203,1.80,4.49
2011.10.05 09:52:36.343,0.83182,0.83204,2.18,4.12
2011.10.05 09:52:36.908,0.83187,0.83205,1.88,1.13
2011.10.05 09:52:37.359,0.83187,0.83206,2.55,1.13
2011.10.05 09:52:41.921,0.83187,0.83205,1.35,1.13
2011.10.05 09:52:42.046,0.83185,0.83205,1.43,2.85
2011.10.05 09:52:42.530,0.83187,0.83207,3.00,1.13
2011.10.05 09:52:43.578,0.83187,0.83206,2.25,1.13
2011.10.05 09:52:43.709,0.83188,0.83206,1.73,1.13
2011.10.05 09:52:44.063,0.83187,0.83206,2.63,1.13
2011.10.05 09:52:44.630,0.83187,0.83203,1.88,1.13
2011.10.05 09:52:46.099,0.83187,0.83208,2.63,1.80
2011.10.05 09:52:46.219,0.83187,0.83208,3.23,1.80
2011.10.05 09:52:46.790,0.8319,0.83209,1.13,1.13
2011.10.05 09:52:47.824,0.83189,0.83209,1.43,1.13
2011.10.05 09:52:48.183,0.83191,0.8321,2.10,1.13
2011.10.05 09:52:52.181,0.83189,0.8321,2.10,1.13
2011.10.05 09:52:52.302,0.83189,0.8321,1.43,1.50
2011.10.05 09:52:55.806,0.83189,0.83206,1.05,1.13
2011.10.05 09:52:57.210,0.83189,0.83207,1.05,1.13
2011.10.05 09:52:57.819,0.83189,0.83207,1.05,1.13
2011.10.05 09:52:59.378,0.83189,0.83207,1.05,1.13
2011.10.05 09:53:00.022,0.83192,0.83208,1.35,1.13
2011.10.05 09:53:00.960,0.83192,0.83207,1.35,1.13
2011.10.05 09:53:01.714,0.83192,0.83208,1.35,1.13
2011.10.05 09:53:03.802,0.83192,0.83208,1.35,1.13
2011.10.05 09:53:04.249,0.83188,0.83208,1.05,1.13
2011.10.05 09:53:06.052,0.83188,0.83208,1.05,1.13
2011.10.05 09:53:06.400,0.83189,0.83208,1.05,1.50
2011.10.05 09:53:08.491,0.83197,0.8321,1.50,1.13
2011.10.05 09:53:08.612,0.83197,0.8321,1.50,1.13
2011.10.05 09:53:08.975,0.83198,0.83216,1.65,1.13
2011.10.05 09:53:09.221,0.83203,0.83222,1.35,1.13
2011.10.05 09:53:09.779,0.83203,0.83223,1.35,3.00
2011.10.05 09:53:10.741,0.83203,0.83223,1.35,2.63
2011.10.05 09:53:10.865,0.83207,0.83223,1.95,1.88
2011.10.05 09:53:12.543,0.83207,0.83223,1.28,1.88
2011.10.05 09:53:12.903,0.83206,0.83227,3.23,1.43
2011.10.05 09:53:13.899,0.83206,0.83227,1.88,1.43
2011.10.05 09:53:22.548,0.83206,0.83227,1.88,1.43
2011.10.05 09:53:26.300,0.83206,0.83228,2.63,1.43
2011.10.05 09:53:28.363,0.83206,0.83228,2.63,1.43
2011.10.05 09:53:30.283,0.83208,0.83232,1.43,1.73
2011.10.05 09:53:30.412,0.83211,0.83234,2.70,3.00
2011.10.05 09:53:30.650,0.83211,0.83234,2.70,3.00
2011.10.05 09:53:33.118,0.83223,0.83238,2.10,1.50
2011.10.05 09:53:33.244,0.83219,0.83242,1.13,1.13
2011.10.05 09:53:33.361,0.83219,0.83245,2.85,1.57
2011.10.05 09:53:33.604,0.83219,0.83244,2.85,2.63
2011.10.05 09:53:34.101,0.8322,0.83244,2.85,2.63
2011.10.05 09:53:34.336,0.83217,0.83243,1.43,1.50
2011.10.05 09:53:34.464,0.83217,0.83238,2.10,1.50
2011.10.05 09:53:34.930,0.83219,0.83237,1.43,1.13
2011.10.05 09:53:36.995,0.83226,0.83242,1.35,1.50
2011.10.05 09:53:37.130,0.83233,0.8325,1.95,1.57
2011.10.05 09:53:37.519,0.83231,0.83254,2.78,3.44
2011.10.05 09:53:37.650,0.83231,0.83254,2.78,3.00
2011.10.05 09:53:38.844,0.83227,0.83248,2.03,1.13
2011.10.05 09:53:38.962,0.83227,0.83248,1.35,1.80
2011.10.05 09:53:39.613,0.83226,0.83246,3.98,1.43
2011.10.05 09:53:39.984,0.83221,0.83244,1.95,2.63
2011.10.05 09:53:40.102,0.83219,0.83243,1.65,1.43
2011.10.05 09:53:41.151,0.83218,0.83239,2.10,1.13
2011.10.05 09:53:41.511,0.83222,0.83244,1.28,1.13
2011.10.05 09:53:41.971,0.83226,0.83246,1.88,1.43
2011.10.05 09:53:42.577,0.83226,0.83246,1.88,1.43
2011.10.05 09:53:42.939,0.83228,0.83245,1.13,1.05
2011.10.05 09:53:43.067,0.83227,0.83246,1.43,1.13
2011.10.05 09:53:43.192,0.83227,0.83249,1.43,1.43
2011.10.05 09:53:43.774,0.83226,0.83247,2.55,1.13
2011.10.05 09:53:44.339,0.83226,0.83249,2.55,1.43
2011.10.05 09:53:44.583,0.83229,0.83254,1.35,3.30
2011.10.05 09:53:45.225,0.83229,0.83254,1.35,3.64
2011.10.05 09:53:45.749,0.83229,0.83253,1.35,1.13
2011.10.05 09:53:46.332,0.83229,0.83253,1.35,1.13
2011.10.05 09:53:47.396,0.83227,0.83249,2.03,1.43
2011.10.05 09:53:47.524,0.83226,0.83238,3.60,1.35
2011.10.05 09:53:47.646,0.83226,0.83247,2.48,1.43
2011.10.05 09:53:48.590,0.83226,0.83245,1.88,1.43
2011.10.05 09:53:49.519,0.83226,0.83244,1.88,1.43
2011.10.05 09:53:50.030,0.83226,0.83244,1.88,1.43
2011.10.05 09:53:50.634,0.83226,0.8324,1.88,1.43
2011.10.05 09:53:52.041,0.83218,0.8324,1.43,1.43
2011.10.05 09:53:56.643,0.83218,0.8324,1.43,1.43
2011.10.05 09:53:57.241,0.83217,0.83238,2.63,1.35
2011.10.05 09:53:57.799,0.83217,0.83236,2.63,1.43
2011.10.05 09:54:01.639,0.83217,0.83237,2.63,1.43
2011.10.05 09:54:01.869,0.83218,0.8324,1.80,2.18
2011.10.05 09:54:02.528,0.83218,0.83239,1.80,1.50
2011.10.05 09:54:02.778,0.83218,0.83237,1.43,1.50
2011.10.05 09:54:02.908,0.83217,0.83235,2.63,2.03
2011.10.05 09:54:03.036,0.83217,0.83231,1.88,1.43
2011.10.05 09:54:03.659,0.83217,0.83227,1.88,1.35
2011.10.05 09:54:03.786,0.83206,0.83225,2.48,1.43
2011.10.05 09:54:07.289,0.83206,0.83223,1.88,1.50
2011.10.05 09:54:07.752,0.83206,0.83219,1.88,1.50
2011.10.05 09:54:08.888,0.83206,0.83218,1.88,1.50
2011.10.05 09:54:10.102,0.83207,0.83218,1.88,1.50
2011.10.05 09:54:10.811,0.83207,0.83214,1.88,1.50
2011.10.05 09:54:10.934,0.83197,0.83214,3.30,1.50
2011.10.05 09:54:11.453,0.83197,0.83215,2.55,1.50
2011.10.05 09:54:11.582,0.83197,0.83215,2.63,1.50
2011.10.05 09:54:11.943,0.83196,0.83213,3.23,1.50
2011.10.05 09:54:12.537,0.83201,0.83214,1.80,1.50
2011.10.05 09:54:12.785,0.83206,0.83224,2.40,1.88
2011.10.05 09:54:12.915,0.83209,0.83231,1.43,2.93
2011.10.05 09:54:13.477,0.83215,0.83234,1.35,2.63
2011.10.05 09:54:13.607,0.83219,0.83234,1.35,1.88
2011.10.05 09:54:13.964,0.8322,0.83234,1.35,1.88
2011.10.05 09:54:15.099,0.83217,0.83234,1.35,1.88
2011.10.05 09:54:15.224,0.83216,0.83234,1.43,1.88
2011.10.05 09:54:16.202,0.83216,0.83239,3.30,1.43
2011.10.05 09:54:20.531,0.83216,0.83239,3.30,1.43
2011.10.05 09:54:23.911,0.83216,0.83239,2.55,1.43
2011.10.05 09:54:24.041,0.83216,0.83242,2.55,1.43
2011.10.05 09:54:24.163,0.83216,0.83242,2.55,1.43
2011.10.05 09:54:24.525,0.83227,0.83243,1.50,1.50
2011.10.05 09:54:25.564,0.83227,0.83243,1.88,1.13
2011.10.05 09:54:27.108,0.83227,0.8325,3.23,1.57
2011.10.05 09:54:28.315,0.83228,0.83252,1.43,2.55
2011.10.05 09:54:29.831,0.83227,0.83247,3.23,1.50
2011.10.05 09:54:29.956,0.83227,0.83245,1.88,1.50
2011.10.05 09:54:30.084,0.83227,0.83245,1.88,2.25
2011.10.05 09:54:30.420,0.83227,0.83245,1.88,2.25
2011.10.05 09:54:30.651,0.83227,0.83245,1.88,2.25
2011.10.05 09:54:31.475,0.83227,0.83245,1.88,1.50
2011.10.05 09:54:34.650,0.83227,0.83245,1.88,1.50
2011.10.05 09:54:34.770,0.83227,0.83245,1.88,1.50
2011.10.05 09:54:36.455,0.83227,0.83239,1.88,1.35
2011.10.05 09:54:37.069,0.83226,0.83243,1.88,1.50
2011.10.05 09:54:37.194,0.83226,0.83243,1.88,1.50
2011.10.05 09:54:37.439,0.83226,0.83244,1.88,1.50
2011.10.05 09:54:42.593,0.83227,0.83243,1.88,1.50
2011.10.05 09:54:46.428,0.83227,0.8324,1.88,1.35
2011.10.05 09:54:46.998,0.83227,0.8324,1.88,1.35
2011.10.05 09:54:57.078,0.83227,0.8324,1.88,1.35
2011.10.05 09:54:57.199,0.83221,0.8324,1.35,1.35
2011.10.05 09:55:01.292,0.83217,0.8324,3.30,1.35
2011.10.05 09:55:01.762,0.83217,0.83239,2.55,1.50
2011.10.05 09:55:02.739,0.83219,0.83239,1.43,1.50
2011.10.05 09:55:02.982,0.8322,0.8324,1.35,1.35
2011.10.05 09:55:04.732,0.8322,0.8324,1.35,1.35
2011.10.05 09:55:08.457,0.83221,0.8324,1.35,1.35
2011.10.05 09:55:15.323,0.83221,0.8324,1.35,1.35
2011.10.05 09:55:15.676,0.83221,0.8324,1.35,1.35
2011.10.05 09:55:16.252,0.83227,0.8325,1.88,2.18
2011.10.05 09:55:17.504,0.83227,0.8325,1.88,1.43
2011.10.05 09:55:18.034,0.83227,0.83246,1.88,1.13
2011.10.05 09:55:18.856,0.83229,0.83248,1.35,1.13
2011.10.05 09:55:18.991,0.83232,0.83252,1.35,1.50
2011.10.05 09:55:19.577,0.83232,0.83253,1.35,3.75
2011.10.05 09:55:21.895,0.8323,0.8325,1.35,1.50
2011.10.05 09:55:22.299,0.83229,0.8325,1.35,1.50
2011.10.05 09:55:22.426,0.83237,0.8325,1.88,1.50
2011.10.05 09:55:24.266,0.83237,0.83252,1.88,1.50
2011.10.05 09:55:25.623,0.83237,0.83252,1.88,1.50
2011.10.05 09:55:26.243,0.83229,0.8325,1.35,1.50
2011.10.05 09:55:27.480,0.8323,0.83251,1.43,1.50
2011.10.05 09:55:28.082,0.8323,0.83251,1.43,1.50
2011.10.05 09:55:28.838,0.8323,0.83251,1.43,1.50
2011.10.05 09:55:31.574,0.83237,0.83253,1.88,1.50
2011.10.05 09:55:37.498,0.83237,0.83255,1.88,2.10
2011.10.05 09:55:40.132,0.8323,0.83255,1.43,1.35
2011.10.05 09:55:41.881,0.8323,0.83254,1.43,1.43
2011.10.05 09:55:42.950,0.8323,0.83254,1.43,1.43
2011.10.05 09:55:43.515,0.83233,0.83258,2.10,2.55
2011.10.05 09:55:44.880,0.83234,0.83258,1.43,2.55
2011.10.05 09:55:49.202,0.83236,0.83256,1.50,1.50
2011.10.05 09:55:49.329,0.83236,0.83258,1.50,1.43
2011.10.05 09:55:49.463,0.8324,0.83258,1.50,1.43
2011.10.05 09:55:49.589,0.83244,0.83262,1.50,3.00
2011.10.05 09:55:49.833,0.83245,0.83262,1.50,1.50
2011.10.05 09:55:50.432,0.83244,0.83262,1.50,1.50
2011.10.05 09:55:50.903,0.83241,0.83258,1.50,1.43
2011.10.05 09:55:54.973,0.83241,0.8326,1.50,1.43
2011.10.05 09:55:55.570,0.83244,0.83263,1.50,1.43
2011.10.05 09:55:55.698,0.83245,0.83263,1.50,1.43
2011.10.05 09:55:55.943,0.83246,0.83263,1.50,1.43
2011.10.05 09:55:56.302,0.83245,0.83263,1.50,1.43
2011.10.05 09:55:56.544,0.83239,0.83261,1.50,2.10
2011.10.05 09:55:57.143,0.8324,0.83259,1.50,1.43
2011.10.05 09:55:57.264,0.8324,0.83257,1.50,1.35
2011.10.05 09:55:57.850,0.83243,0.83257,1.50,1.35
2011.10.05 09:55:57.984,0.83245,0.8326,1.50,1.43
2011.10.05 09:55:59.497,0.83241,0.83261,1.50,1.43
2011.10.05 09:55:59.744,0.8324,0.8326,1.50,1.43
2011.10.05 09:56:00.102,0.83237,0.83256,1.50,1.43
2011.10.05 09:56:00.769,0.83238,0.83256,1.50,1.43
2011.10.05 09:56:01.138,0.83236,0.83255,2.63,1.35
2011.10.05 09:56:01.539,0.83237,0.83247,1.50,2.10
2011.10.05 09:56:01.685,0.83226,0.83244,2.63,2.10
2011.10.05 09:56:02.891,0.83226,0.83245,2.63,1.43
2011.10.05 09:56:03.360,0.83226,0.83245,2.63,1.43
2011.10.05 09:56:03.919,0.83226,0.83245,2.63,1.43
2011.10.05 09:56:04.741,0.83226,0.83245,2.63,1.43
2011.10.05 09:56:05.351,0.83226,0.83242,3.38,1.43
2011.10.05 09:56:05.923,0.83226,0.83242,1.50,1.43
2011.10.05 09:56:06.449,0.83224,0.83242,1.50,1.43
2011.10.05 09:56:07.777,0.83222,0.83242,1.50,1.43
2011.10.05 09:56:07.904,0.83219,0.83242,1.13,1.43
2011.10.05 09:56:08.642,0.83218,0.83242,1.05,1.43
2011.10.05 09:56:08.870,0.83218,0.83242,1.05,1.43
2011.10.05 09:56:10.335,0.83218,0.83237,1.13,1.43
2011.10.05 09:56:12.511,0.83217,0.83237,2.25,1.43
2011.10.05 09:56:14.067,0.83217,0.83233,1.88,1.35
2011.10.05 09:56:16.989,0.83213,0.83233,1.13,1.35
2011.10.05 09:56:19.146,0.83214,0.83233,1.13,1.35
2011.10.05 09:56:19.721,0.83214,0.83233,1.13,1.35
2011.10.05 09:56:20.409,0.83216,0.83236,3.00,1.43
2011.10.05 09:56:21.657,0.83216,0.83236,3.00,1.43
2011.10.05 09:56:22.486,0.83217,0.83236,1.13,1.43
2011.10.05 09:56:26.680,0.83217,0.83238,1.13,1.35
2011.10.05 09:56:26.808,0.83217,0.83241,1.80,1.43
2011.10.05 09:56:27.566,0.83217,0.83241,1.80,1.43
2011.10.05 09:56:27.811,0.83217,0.83241,1.43,1.80
2011.10.05 09:56:33.711,0.83218,0.83241,1.13,1.43
2011.10.05 09:56:35.592,0.83218,0.83242,1.13,1.43
2011.10.05 09:56:35.958,0.83218,0.83241,1.13,1.43
2011.10.05 09:56:36.082,0.83216,0.83238,2.63,2.10
2011.10.05 09:56:36.817,0.83216,0.83238,2.63,1.35
2011.10.05 09:56:38.276,0.83217,0.83238,1.13,2.10
2011.10.05 09:56:39.206,0.83217,0.83237,1.13,1.43
2011.10.05 09:56:39.788,0.83217,0.83238,1.13,1.35
2011.10.05 09:56:42.331,0.83217,0.83238,3.00,1.35
2011.10.05 09:56:45.153,0.83213,0.83237,2.18,1.43
2011.10.05 09:56:45.564,0.83223,0.83237,1.50,1.43
2011.10.05 09:56:45.692,0.83223,0.83237,1.50,1.43
2011.10.05 09:56:46.326,0.83222,0.83237,1.50,1.43
2011.10.05 09:56:47.714,0.83217,0.83241,1.80,1.43
2011.10.05 09:56:47.829,0.83223,0.83241,1.50,1.43
2011.10.05 09:56:48.623,0.83224,0.83241,1.50,1.43
2011.10.05 09:56:49.199,0.83224,0.83241,1.50,1.43
2011.10.05 09:56:49.782,0.83224,0.83241,1.50,1.43
2011.10.05 09:56:50.011,0.83226,0.83241,1.13,1.43
2011.10.05 09:56:50.372,0.8323,0.83241,1.50,1.43
2011.10.05 09:56:51.488,0.8323,0.83241,1.50,1.43
2011.10.05 09:56:53.662,0.83229,0.83241,1.50,1.43
2011.10.05 09:56:54.027,0.83227,0.83243,1.50,1.13
2011.10.05 09:56:54.153,0.83225,0.83243,1.50,1.13
2011.10.05 09:56:54.394,0.83229,0.83245,1.50,1.80
2011.10.05 09:56:54.922,0.83229,0.83245,1.50,1.43
2011.10.05 09:56:55.048,0.83231,0.83248,1.50,1.13
2011.10.05 09:56:55.172,0.83231,0.83248,1.50,1.13
2011.10.05 09:56:55.400,0.83229,0.83248,1.50,1.13
2011.10.05 09:56:56.723,0.83231,0.83251,1.50,1.43
2011.10.05 09:56:56.843,0.83231,0.83248,1.50,1.13
2011.10.05 09:56:57.073,0.83232,0.83249,1.50,1.43
2011.10.05 09:56:57.194,0.8323,0.83249,1.35,2.18
2011.10.05 09:56:57.544,0.8323,0.83248,1.50,1.13
2011.10.05 09:56:58.905,0.83232,0.83248,1.50,1.50
2011.10.05 09:56:59.020,0.83226,0.83245,1.50,1.43
2011.10.05 09:56:59.140,0.83226,0.83245,1.50,1.43
2011.10.05 09:57:00.374,0.83228,0.83246,1.50,2.10
2011.10.05 09:57:00.723,0.83237,0.83248,1.50,1.43
2011.10.05 09:57:00.841,0.83237,0.83248,1.50,1.43
2011.10.05 09:57:06.052,0.83236,0.83252,1.50,1.80
2011.10.05 09:57:06.621,0.83237,0.83252,1.50,1.43
2011.10.05 09:57:11.619,0.83237,0.83252,1.50,1.43
2011.10.05 09:57:13.169,0.83236,0.83252,1.50,1.43
2011.10.05 09:57:15.386,0.83236,0.83252,1.50,1.43
2011.10.05 09:57:16.021,0.83237,0.83252,1.50,1.43
2011.10.05 09:57:16.680,0.83238,0.83252,1.50,1.80
2011.10.05 09:57:16.810,0.83236,0.83252,1.50,1.80
2011.10.05 09:57:17.417,0.83237,0.83252,1.50,1.80
2011.10.05 09:57:21.262,0.83237,0.83252,1.50,1.43
2011.10.05 09:57:22.166,0.83237,0.83252,1.50,2.18
2011.10.05 09:57:22.520,0.83237,0.83252,1.50,2.18
2011.10.05 09:57:25.482,0.83237,0.83252,1.50,2.18
2011.10.05 09:57:26.049,0.83237,0.83252,1.50,2.18
2011.10.05 09:57:29.610,0.83237,0.83253,1.50,1.43
2011.10.05 09:57:29.739,0.83244,0.83256,2.85,1.43
2011.10.05 09:57:30.107,0.8325,0.83268,1.35,1.43
2011.10.05 09:57:30.236,0.83251,0.83272,1.50,2.24
2011.10.05 09:57:30.814,0.8326,0.8327,1.50,1.35
2011.10.05 09:57:31.488,0.83261,0.83271,1.50,1.35
2011.10.05 09:57:32.051,0.83261,0.8327,1.50,1.35
2011.10.05 09:57:34.771,0.83262,0.83271,1.50,1.35
2011.10.05 09:57:35.429,0.83262,0.83271,1.50,1.43
2011.10.05 09:57:35.561,0.83262,0.83273,1.50,1.43
2011.10.05 09:57:35.952,0.83257,0.83273,1.50,1.43
2011.10.05 09:57:36.079,0.83257,0.8327,1.50,1.35
2011.10.05 09:57:40.621,0.83254,0.8327,1.50,1.35
2011.10.05 09:57:40.741,0.8325,0.8327,2.25,1.35
2011.10.05 09:57:41.341,0.8325,0.83269,1.50,1.43
2011.10.05 09:57:43.151,0.8325,0.83269,1.50,1.43
2011.10.05 09:57:43.690,0.8325,0.83266,1.50,1.35
2011.10.05 09:57:46.212,0.8325,0.83266,1.50,2.10
2011.10.05 09:57:46.881,0.83252,0.83264,1.50,1.05
2011.10.05 09:57:46.999,0.83246,0.83264,1.50,1.80
2011.10.05 09:57:50.620,0.83244,0.83263,2.63,1.13
2011.10.05 09:57:51.190,0.83244,0.83261,2.63,1.05
2011.10.05 09:57:52.463,0.83244,0.83261,2.63,1.05
2011.10.05 09:57:53.404,0.83242,0.8326,1.50,1.05
2011.10.05 09:57:53.757,0.83242,0.83257,1.50,1.05
2011.10.05 09:57:54.279,0.83242,0.83257,1.50,1.05
2011.10.05 09:57:54.649,0.83241,0.83255,1.50,1.73
2011.10.05 09:57:55.274,0.83242,0.83255,1.50,1.73
2011.10.05 09:57:56.963,0.83239,0.83255,1.50,1.35
2011.10.05 09:57:57.539,0.83239,0.83255,1.50,1.35
2011.10.05 09:57:57.990,0.83239,0.83254,1.50,1.05
2011.10.05 09:57:58.690,0.8324,0.83255,1.50,2.10
2011.10.05 09:57:59.140,0.83234,0.83251,1.50,1.50
2011.10.05 09:58:00.099,0.83234,0.83249,1.50,1.05
2011.10.05 09:58:06.795,0.83234,0.83249,1.50,1.05
2011.10.05 09:58:12.320,0.83234,0.83247,1.50,1.05
2011.10.05 09:58:12.451,0.83227,0.83243,4.13,1.05
2011.10.05 09:58:12.577,0.83227,0.83241,3.38,1.43
2011.10.05 09:58:13.021,0.83221,0.83239,2.25,1.35
2011.10.05 09:58:13.150,0.83222,0.83239,1.13,1.35
2011.10.05 09:58:14.632,0.83222,0.83241,1.50,1.43
2011.10.05 09:58:14.862,0.83221,0.83241,1.50,1.43
2011.10.05 09:58:15.102,0.83222,0.83241,1.13,1.43
2011.10.05 09:58:16.574,0.83226,0.83243,1.50,1.35
2011.10.05 09:58:16.694,0.83226,0.83245,1.88,1.43
2011.10.05 09:58:16.815,0.83232,0.83247,1.50,1.35
2011.10.05 09:58:17.303,0.83232,0.83247,1.50,1.35
2011.10.05 09:58:18.010,0.83234,0.83247,1.50,1.35
2011.10.05 09:58:19.685,0.83235,0.83253,1.50,1.43
2011.10.05 09:58:20.293,0.83236,0.83256,1.50,1.43
2011.10.05 09:58:20.809,0.83239,0.83256,1.50,2.93
2011.10.05 09:58:21.399,0.83239,0.83253,1.50,1.43
2011.10.05 09:58:21.995,0.8324,0.83254,1.50,1.43
2011.10.05 09:58:22.584,0.83239,0.83257,1.50,1.43
2011.10.05 09:58:24.910,0.83239,0.83254,1.50,1.43
2011.10.05 09:58:26.382,0.8324,0.83254,1.50,1.43
2011.10.05 09:58:28.735,0.8324,0.83254,1.50,1.43
2011.10.05 09:58:30.226,0.83231,0.8325,2.63,1.13
2011.10.05 09:58:30.471,0.83235,0.83254,1.50,2.55
2011.10.05 09:58:30.592,0.83235,0.83248,1.50,1.43
2011.10.05 09:58:31.160,0.83233,0.83248,1.50,2.10
2011.10.05 09:58:37.989,0.83234,0.83248,1.50,1.35
2011.10.05 09:58:41.963,0.83234,0.83246,1.50,1.43
2011.10.05 09:58:42.082,0.83234,0.83246,1.50,1.43
2011.10.05 09:58:49.645,0.83233,0.83242,1.50,1.43
2011.10.05 09:58:49.786,0.83218,0.83238,1.50,2.78
2011.10.05 09:58:50.142,0.83216,0.83232,4.05,1.43
2011.10.05 09:58:50.501,0.83214,0.83231,1.50,1.35
2011.10.05 09:58:50.745,0.83218,0.83231,1.50,1.35
2011.10.05 09:58:50.877,0.83218,0.83234,1.50,1.43
2011.10.05 09:58:51.616,0.83216,0.83229,1.50,1.43
2011.10.05 09:58:51.747,0.83216,0.83229,1.50,1.43
2011.10.05 09:58:51.877,0.83216,0.83231,1.50,2.10
2011.10.05 09:58:53.373,0.83219,0.83234,1.50,1.05
2011.10.05 09:58:53.736,0.83219,0.83242,1.43,1.13
2011.10.05 09:58:53.867,0.83223,0.83243,1.43,1.88
2011.10.05 09:58:54.235,0.83228,0.83243,1.50,1.88
2011.10.05 09:58:54.365,0.83228,0.83251,1.50,1.80
2011.10.05 09:58:54.601,0.83228,0.83248,1.50,1.13
2011.10.05 09:58:55.113,0.83227,0.83248,2.18,1.13
2011.10.05 09:58:56.710,0.83227,0.83251,1.80,2.55
2011.10.05 09:58:58.229,0.83227,0.83251,1.80,1.43
2011.10.05 09:58:58.819,0.83227,0.83251,1.80,1.43
2011.10.05 09:58:59.400,0.83227,0.83251,1.43,1.43
2011.10.05 09:58:59.970,0.83227,0.83251,1.43,1.43
2011.10.05 09:59:00.841,0.83227,0.83251,3.30,1.43
2011.10.05 09:59:01.364,0.83227,0.83251,2.55,1.80
2011.10.05 09:59:02.146,0.83227,0.83251,3.30,1.80
2011.10.05 09:59:04.793,0.83228,0.83251,1.13,1.43
2011.10.05 09:59:05.154,0.8324,0.83253,1.35,1.13
2011.10.05 09:59:05.645,0.8324,0.83257,1.43,2.85
2011.10.05 09:59:05.768,0.83239,0.83257,1.50,2.85
2011.10.05 09:59:08.091,0.83238,0.83257,1.50,3.98
2011.10.05 09:59:08.454,0.83237,0.83259,3.38,1.35
2011.10.05 09:59:08.939,0.83242,0.83264,1.43,1.13
2011.10.05 09:59:09.373,0.8324,0.83262,2.18,1.43
2011.10.05 09:59:09.857,0.83238,0.83262,1.43,1.43
2011.10.05 09:59:15.856,0.83237,0.83262,1.35,1.43
2011.10.05 09:59:18.932,0.83238,0.83262,1.43,1.43
2011.10.05 09:59:19.714,0.8324,0.83262,1.43,1.43
2011.10.05 09:59:20.885,0.83238,0.83262,1.43,1.43
2011.10.05 09:59:21.122,0.83236,0.83259,2.63,1.43
2011.10.05 09:59:22.566,0.83241,0.83263,1.43,3.30
2011.10.05 09:59:22.937,0.83248,0.83272,2.10,2.55
2011.10.05 09:59:23.591,0.83251,0.83271,1.35,1.13
2011.10.05 09:59:23.943,0.83251,0.83271,1.35,1.13
2011.10.05 09:59:25.039,0.83248,0.83271,1.43,1.80
2011.10.05 09:59:25.432,0.83252,0.83271,1.43,1.13
2011.10.05 09:59:25.791,0.83252,0.83273,1.43,1.13
2011.10.05 09:59:27.704,0.83252,0.83274,1.43,2.25
2011.10.05 09:59:29.132,0.83252,0.83275,1.43,1.50
2011.10.05 09:59:29.702,0.83252,0.83276,1.43,2.78
2011.10.05 09:59:30.051,0.83252,0.83273,1.80,1.88
2011.10.05 09:59:30.172,0.83252,0.83273,1.80,1.88
2011.10.05 09:59:31.664,0.83252,0.83273,1.80,1.88
2011.10.05 09:59:32.026,0.83249,0.83271,1.35,1.50
2011.10.05 09:59:33.603,0.83249,0.83269,1.13,1.13
2011.10.05 09:59:33.846,0.83247,0.83266,1.88,1.43
2011.10.05 09:59:34.659,0.83247,0.83266,1.88,1.43
2011.10.05 09:59:35.350,0.83247,0.83266,1.88,1.43
2011.10.05 09:59:38.549,0.83247,0.83266,1.88,1.43
2011.10.05 09:59:40.170,0.83246,0.83266,1.88,1.43
2011.10.05 09:59:40.686,0.83244,0.83266,1.28,1.43
2011.10.05 09:59:41.282,0.83242,0.83264,3.23,1.43
2011.10.05 09:59:41.984,0.83242,0.83262,2.48,1.43
2011.10.05 09:59:42.592,0.83242,0.83256,2.10,2.10
2011.10.05 09:59:42.719,0.83238,0.83256,1.35,2.10
2011.10.05 09:59:43.205,0.83236,0.83256,2.63,1.35
2011.10.05 09:59:43.781,0.83233,0.83256,1.13,2.10
2011.10.05 09:59:46.687,0.83234,0.83256,1.13,1.35
2011.10.05 09:59:46.932,0.83236,0.83258,1.43,1.43
2011.10.05 09:59:48.893,0.83237,0.8326,2.63,1.28
2011.10.05 09:59:49.948,0.83237,0.8326,2.63,2.03
2011.10.05 09:59:52.202,0.83236,0.8326,1.43,1.28
2011.10.05 09:59:54.291,0.83237,0.83261,1.13,1.35
2011.10.05 09:59:54.522,0.83238,0.83262,1.35,1.43
2011.10.05 09:59:55.160,0.83244,0.83268,1.80,2.18
2011.10.05 09:59:55.765,0.83244,0.83268,1.43,1.43
2011.10.05 09:59:56.259,0.83247,0.83271,1.35,1.43
2011.10.05 09:59:57.120,0.83247,0.83271,1.35,1.80
2011.10.05 09:59:58.121,0.83247,0.83271,1.35,1.80
2011.10.05 09:59:58.919,0.83251,0.83274,1.35,1.88
2011.10.05 09:59:59.316,0.83257,0.83274,1.43,1.88
2011.10.05 09:59:59.450,0.83254,0.83279,1.35,1.05
2011.10.05 09:59:59.576,0.83254,0.83279,1.35,1.05
2011.10.05 09:59:59.703,0.83257,0.83279,1.43,1.80
