2011.10.17 15:00:00.092,0.85435,0.85449,1.43,1.13
2011.10.17 15:00:00.455,0.85434,0.85454,1.43,2.25
2011.10.17 15:00:00.826,0.85432,0.85451,1.43,1.50
2011.10.17 15:00:01.194,0.85433,0.85452,1.50,1.13
2011.10.17 15:00:01.544,0.85433,0.85452,1.50,1.13
2011.10.17 15:00:02.823,0.85436,0.85454,3.38,1.50
2011.10.17 15:00:03.534,0.85436,0.85453,1.88,1.13
2011.10.17 15:00:04.109,0.85436,0.85455,3.38,1.50
2011.10.17 15:00:04.702,0.85436,0.85455,1.88,1.88
2011.10.17 15:00:05.613,0.85436,0.85456,3.38,2.18
2011.10.17 15:00:05.731,0.85438,0.85456,1.50,1.43
2011.10.17 15:00:05.962,0.85436,0.85453,1.88,1.13
2011.10.17 15:00:06.080,0.85432,0.85453,2.18,1.13
2011.10.17 15:00:06.202,0.85434,0.85453,1.50,1.50
2011.10.17 15:00:06.321,0.85434,0.85453,2.25,1.50
2011.10.17 15:00:06.889,0.85437,0.85455,1.50,1.05
2011.10.17 15:00:10.362,0.85436,0.85455,3.38,1.80
2011.10.17 15:00:10.875,0.85438,0.85457,1.43,2.18
2011.10.17 15:00:11.009,0.85436,0.85455,4.80,1.50
2011.10.17 15:00:11.494,0.85433,0.85452,2.18,1.84
2011.10.17 15:00:11.856,0.8543,0.85446,1.43,1.46
2011.10.17 15:00:11.987,0.85429,0.85444,1.50,1.13
2011.10.17 15:00:12.114,0.85426,0.85444,4.05,1.13
2011.10.17 15:00:12.235,0.85426,0.85444,3.30,1.88
2011.10.17 15:00:12.582,0.85426,0.85444,4.05,1.50
2011.10.17 15:00:13.362,0.85428,0.85446,1.50,1.88
2011.10.17 15:00:13.604,0.85426,0.85444,3.30,1.13
2011.10.17 15:00:13.954,0.85426,0.85444,4.05,1.50
2011.10.17 15:00:14.543,0.85426,0.85445,5.03,1.88
2011.10.17 15:00:14.662,0.85429,0.85445,1.50,1.88
2011.10.17 15:00:15.020,0.85427,0.85446,2.25,1.88
2011.10.17 15:00:15.142,0.85427,0.85446,1.88,1.50
2011.10.17 15:00:15.855,0.85428,0.85446,1.50,1.88
2011.10.17 15:00:15.988,0.85426,0.85447,4.05,2.25
2011.10.17 15:00:16.118,0.85426,0.85441,1.43,2.48
2011.10.17 15:00:16.487,0.8542,0.85437,1.43,1.50
2011.10.17 15:00:16.967,0.85421,0.85437,1.43,1.13
2011.10.17 15:00:17.481,0.85421,0.85439,1.43,1.35
2011.10.17 15:00:17.842,0.85426,0.85442,1.50,1.88
2011.10.17 15:00:17.966,0.85425,0.85443,1.43,2.25
2011.10.17 15:00:18.213,0.85427,0.85442,1.88,1.88
2011.10.17 15:00:19.015,0.85427,0.85446,2.63,1.50
2011.10.17 15:00:19.495,0.85427,0.85441,1.88,1.50
2011.10.17 15:00:19.633,0.85422,0.85433,1.43,2.10
2011.10.17 15:00:19.754,0.85421,0.85431,1.43,1.35
2011.10.17 15:00:19.877,0.85415,0.85432,1.50,2.18
2011.10.17 15:00:20.006,0.85408,0.85431,2.18,1.35
2011.10.17 15:00:20.133,0.85408,0.8543,2.18,1.50
2011.10.17 15:00:20.253,0.85414,0.8543,1.50,1.50
2011.10.17 15:00:20.807,0.85414,0.85432,1.50,2.18
2011.10.17 15:00:21.783,0.85414,0.85432,1.50,2.55
2011.10.17 15:00:22.025,0.85416,0.85432,1.13,1.80
2011.10.17 15:00:22.155,0.85417,0.85436,1.50,1.43
2011.10.17 15:00:22.526,0.8542,0.85437,1.50,1.13
2011.10.17 15:00:22.984,0.8542,0.85438,2.18,1.13
2011.10.17 15:00:23.224,0.85417,0.85435,1.88,2.18
2011.10.17 15:00:23.464,0.85413,0.85434,2.93,1.50
2011.10.17 15:00:23.765,0.85417,0.85434,1.88,1.50
2011.10.17 15:00:24.359,0.85417,0.85437,2.55,1.88
2011.10.17 15:00:24.607,0.85424,0.8544,1.50,1.13
2011.10.17 15:00:24.851,0.85426,0.85444,2.63,1.05
2011.10.17 15:00:25.050,0.85427,0.85445,2.63,1.65
2011.10.17 15:00:25.589,0.85427,0.85445,2.63,1.65
2011.10.17 15:00:26.264,0.85427,0.85442,2.63,1.50
2011.10.17 15:00:26.690,0.85426,0.85444,2.63,1.05
2011.10.17 15:00:26.817,0.85433,0.85446,1.13,1.43
2011.10.17 15:00:26.947,0.85436,0.8545,1.50,1.50
2011.10.17 15:00:27.078,0.85437,0.85456,1.88,2.25
2011.10.17 15:00:27.211,0.8544,0.85456,1.50,1.13
2011.10.17 15:00:27.453,0.85439,0.85458,1.50,2.25
2011.10.17 15:00:27.693,0.85437,0.85455,1.88,1.50
2011.10.17 15:00:27.815,0.85437,0.85455,2.63,1.50
2011.10.17 15:00:28.185,0.85437,0.85455,1.88,1.50
2011.10.17 15:00:28.539,0.85436,0.85455,3.38,1.50
2011.10.17 15:00:28.911,0.85436,0.85452,1.88,1.69
2011.10.17 15:00:29.492,0.85436,0.8545,1.88,1.35
2011.10.17 15:00:29.846,0.85431,0.85447,1.50,1.13
2011.10.17 15:00:30.513,0.85429,0.85446,1.50,1.13
2011.10.17 15:00:30.638,0.8543,0.85446,1.50,1.13
2011.10.17 15:00:31.210,0.85429,0.85447,2.18,1.50
2011.10.17 15:00:31.674,0.85429,0.85447,1.50,1.13
2011.10.17 15:00:32.037,0.85427,0.85442,2.63,1.13
2011.10.17 15:00:32.163,0.85427,0.85441,2.63,1.13
2011.10.17 15:00:32.783,0.85431,0.85443,1.50,1.13
2011.10.17 15:00:33.359,0.85429,0.85444,1.50,1.13
2011.10.17 15:00:33.736,0.85428,0.85442,1.50,1.50
2011.10.17 15:00:34.106,0.85416,0.85431,1.05,1.09
2011.10.17 15:00:34.353,0.85416,0.85429,1.88,1.13
2011.10.17 15:00:34.777,0.85411,0.85429,1.50,1.13
2011.10.17 15:00:34.904,0.85411,0.8543,1.50,1.35
2011.10.17 15:00:35.027,0.85415,0.85432,1.13,1.35
2011.10.17 15:00:35.391,0.85417,0.85435,2.63,1.13
2011.10.17 15:00:35.974,0.85416,0.85432,1.13,1.43
2011.10.17 15:00:36.200,0.85416,0.85432,2.63,1.05
2011.10.17 15:00:36.551,0.85416,0.85433,1.50,2.25
2011.10.17 15:00:36.984,0.85421,0.85436,1.50,1.50
2011.10.17 15:00:37.349,0.85427,0.85439,1.50,1.13
2011.10.17 15:00:37.823,0.85427,0.85441,1.50,1.13
2011.10.17 15:00:38.293,0.85421,0.8544,2.25,1.13
2011.10.17 15:00:38.522,0.85423,0.85441,1.50,1.13
2011.10.17 15:00:38.762,0.85428,0.85441,1.50,1.13
2011.10.17 15:00:38.882,0.85431,0.85443,1.50,2.25
2011.10.17 15:00:39.460,0.8543,0.85443,1.50,1.13
2011.10.17 15:00:39.581,0.85429,0.85443,1.50,1.50
2011.10.17 15:00:40.172,0.85427,0.85441,3.38,1.13
2011.10.17 15:00:40.510,0.8542,0.85439,1.13,1.13
2011.10.17 15:00:40.741,0.85426,0.85439,2.63,1.13
2011.10.17 15:00:41.243,0.85426,0.85439,3.38,1.50
2011.10.17 15:00:41.368,0.85426,0.85438,1.88,1.13
2011.10.17 15:00:41.723,0.85419,0.85436,1.50,1.13
2011.10.17 15:00:41.859,0.85417,0.85434,1.50,1.13
2011.10.17 15:00:41.984,0.85418,0.85434,1.50,1.13
2011.10.17 15:00:42.580,0.85417,0.85436,1.50,1.13
2011.10.17 15:00:42.933,0.85416,0.85436,2.63,1.88
2011.10.17 15:00:43.051,0.85417,0.85437,2.63,1.88
2011.10.17 15:00:43.280,0.85419,0.85436,1.50,1.13
2011.10.17 15:00:43.623,0.85419,0.85437,1.50,1.50
2011.10.17 15:00:43.982,0.85412,0.85429,1.50,1.13
2011.10.17 15:00:44.814,0.85414,0.85434,1.50,2.18
2011.10.17 15:00:44.933,0.85416,0.85434,1.88,1.80
2011.10.17 15:00:45.500,0.85416,0.85434,1.88,2.55
2011.10.17 15:00:46.752,0.85416,0.85434,1.88,2.55
2011.10.17 15:00:47.101,0.85413,0.85431,2.25,1.13
2011.10.17 15:00:47.713,0.85411,0.85426,1.50,1.50
2011.10.17 15:00:47.841,0.85409,0.85426,1.50,1.88
2011.10.17 15:00:47.964,0.85408,0.85426,1.50,1.88
2011.10.17 15:00:48.560,0.85409,0.85424,1.50,1.13
2011.10.17 15:00:50.455,0.85409,0.85424,1.50,1.13
2011.10.17 15:00:50.826,0.85403,0.85421,2.25,1.43
2011.10.17 15:00:51.071,0.85406,0.85421,1.50,1.05
2011.10.17 15:00:51.578,0.85406,0.85423,1.50,2.63
2011.10.17 15:00:52.067,0.85406,0.85423,1.50,2.63
2011.10.17 15:00:53.011,0.85407,0.8542,1.50,1.50
2011.10.17 15:00:53.134,0.85405,0.8542,2.25,1.13
2011.10.17 15:00:53.681,0.85407,0.8542,1.50,1.13
2011.10.17 15:00:54.592,0.85404,0.8542,1.50,1.13
2011.10.17 15:00:54.832,0.85399,0.85417,2.25,2.55
2011.10.17 15:00:55.411,0.85399,0.85417,2.25,2.55
2011.10.17 15:00:55.641,0.85401,0.85417,1.50,1.80
2011.10.17 15:00:56.163,0.85401,0.85417,2.25,2.55
2011.10.17 15:00:56.743,0.85401,0.85417,2.25,1.13
2011.10.17 15:00:57.200,0.85403,0.85419,1.50,1.13
2011.10.17 15:00:57.443,0.85402,0.85419,1.50,1.13
2011.10.17 15:00:58.030,0.85401,0.85419,1.50,1.88
2011.10.17 15:00:58.151,0.854,0.85418,1.50,1.50
2011.10.17 15:00:58.641,0.85397,0.85414,1.50,1.35
2011.10.17 15:00:58.763,0.85397,0.85415,1.50,1.13
2011.10.17 15:00:59.340,0.85396,0.85415,2.63,1.13
2011.10.17 15:01:00.384,0.85397,0.85415,1.50,1.13
2011.10.17 15:01:00.909,0.85397,0.85415,1.13,1.13
2011.10.17 15:01:01.481,0.85397,0.85415,1.13,1.13
2011.10.17 15:01:02.240,0.85397,0.85414,1.13,1.13
2011.10.17 15:01:02.493,0.85394,0.85411,1.13,1.13
2011.10.17 15:01:02.616,0.85393,0.85411,1.50,1.13
2011.10.17 15:01:02.862,0.85395,0.85413,1.13,1.13
2011.10.17 15:01:02.990,0.85396,0.85413,1.50,1.13
2011.10.17 15:01:03.672,0.85398,0.85417,1.50,2.63
2011.10.17 15:01:03.795,0.85398,0.85414,1.50,2.48
2011.10.17 15:01:04.037,0.85393,0.85407,1.50,1.13
2011.10.17 15:01:04.163,0.8539,0.85407,1.50,1.88
2011.10.17 15:01:04.287,0.8539,0.85407,1.50,1.13
2011.10.17 15:01:04.882,0.85392,0.85409,1.50,1.13
2011.10.17 15:01:05.625,0.85393,0.85408,1.50,1.13
2011.10.17 15:01:05.875,0.85391,0.85411,1.50,1.88
2011.10.17 15:01:06.416,0.8539,0.85411,3.56,2.25
2011.10.17 15:01:06.665,0.85391,0.85411,1.50,1.88
2011.10.17 15:01:07.034,0.85391,0.85407,1.50,1.13
2011.10.17 15:01:07.273,0.8539,0.85407,2.25,1.13
2011.10.17 15:01:08.263,0.8539,0.85407,3.36,1.13
2011.10.17 15:01:08.713,0.8539,0.85407,3.36,1.13
2011.10.17 15:01:09.395,0.8539,0.8541,3.36,1.50
2011.10.17 15:01:10.967,0.85393,0.8541,1.88,1.13
2011.10.17 15:01:11.431,0.85396,0.85412,1.13,1.43
2011.10.17 15:01:12.196,0.85397,0.85414,3.38,1.13
2011.10.17 15:01:12.769,0.85397,0.85414,3.38,1.13
2011.10.17 15:01:13.004,0.85399,0.85414,1.50,1.13
2011.10.17 15:01:13.581,0.854,0.85416,1.50,1.80
2011.10.17 15:01:14.093,0.854,0.85416,1.50,1.13
2011.10.17 15:01:14.430,0.85401,0.85419,2.18,2.10
2011.10.17 15:01:14.552,0.85401,0.85419,2.18,1.35
2011.10.17 15:01:15.129,0.85401,0.85419,2.18,1.35
2011.10.17 15:01:15.593,0.85401,0.85417,1.43,1.13
2011.10.17 15:01:16.194,0.85399,0.85419,1.71,1.65
2011.10.17 15:01:16.311,0.85399,0.85419,1.71,1.65
2011.10.17 15:01:16.433,0.85401,0.85419,1.13,1.65
2011.10.17 15:01:16.712,0.85401,0.8542,1.13,2.10
2011.10.17 15:01:17.294,0.85406,0.85423,3.38,1.13
2011.10.17 15:01:17.892,0.85407,0.85424,2.63,1.80
2011.10.17 15:01:18.364,0.85406,0.85426,3.38,2.63
2011.10.17 15:01:18.491,0.85408,0.85424,1.43,1.13
2011.10.17 15:01:18.888,0.8541,0.85427,1.50,1.50
2011.10.17 15:01:19.473,0.85411,0.85428,1.50,1.50
2011.10.17 15:01:20.052,0.85413,0.85428,1.50,1.13
2011.10.17 15:01:22.212,0.85411,0.85428,1.50,1.13
2011.10.17 15:01:22.790,0.85409,0.85428,2.18,1.13
2011.10.17 15:01:23.389,0.85409,0.85428,2.18,1.13
2011.10.17 15:01:23.718,0.8541,0.85428,1.86,1.13
2011.10.17 15:01:26.635,0.8541,0.85429,1.13,1.50
2011.10.17 15:01:26.767,0.85415,0.85434,1.50,1.13
2011.10.17 15:01:27.121,0.85417,0.85436,1.88,1.50
2011.10.17 15:01:27.241,0.85417,0.85436,1.13,2.18
2011.10.17 15:01:27.368,0.85413,0.85434,1.13,1.50
2011.10.17 15:01:27.983,0.85411,0.85431,1.13,1.80
2011.10.17 15:01:29.574,0.8541,0.85431,1.50,1.80
2011.10.17 15:01:29.839,0.8541,0.85431,1.88,1.43
2011.10.17 15:01:29.960,0.85417,0.85431,1.13,1.43
2011.10.17 15:01:30.325,0.85418,0.85437,1.50,2.25
2011.10.17 15:01:30.443,0.85418,0.85437,1.50,1.13
2011.10.17 15:01:31.256,0.8542,0.85438,1.50,1.13
2011.10.17 15:01:31.851,0.85419,0.85437,1.50,1.13
2011.10.17 15:01:32.420,0.85419,0.85435,2.25,1.13
2011.10.17 15:01:33.166,0.8542,0.85438,1.50,1.88
2011.10.17 15:01:33.291,0.85421,0.85438,1.43,1.13
2011.10.17 15:01:33.676,0.85421,0.85438,1.43,1.13
2011.10.17 15:01:33.924,0.85416,0.85435,2.63,1.13
2011.10.17 15:01:34.494,0.85416,0.85435,4.13,1.13
2011.10.17 15:01:34.609,0.85416,0.85436,4.13,1.50
2011.10.17 15:01:34.840,0.85416,0.85436,3.38,1.50
2011.10.17 15:01:34.963,0.85418,0.85436,1.50,1.50
2011.10.17 15:01:35.654,0.85418,0.85436,1.43,1.88
2011.10.17 15:01:36.110,0.85421,0.85436,1.50,1.88
2011.10.17 15:01:36.684,0.85417,0.85435,1.88,1.13
2011.10.17 15:01:37.970,0.85417,0.85435,2.63,1.13
2011.10.17 15:01:38.335,0.85417,0.85431,2.63,1.13
2011.10.17 15:01:38.580,0.85416,0.8543,1.13,1.35
2011.10.17 15:01:39.231,0.85413,0.85431,1.13,1.88
2011.10.17 15:01:39.582,0.85416,0.85428,1.88,1.05
2011.10.17 15:01:39.703,0.85407,0.85425,2.63,1.13
2011.10.17 15:01:39.826,0.85407,0.85423,2.63,1.05
2011.10.17 15:01:40.065,0.85403,0.85421,1.13,1.13
2011.10.17 15:01:40.650,0.85407,0.85421,1.88,1.88
2011.10.17 15:01:41.512,0.85407,0.85422,1.88,1.13
2011.10.17 15:01:42.229,0.85407,0.85423,1.88,1.13
2011.10.17 15:01:42.823,0.85406,0.85423,2.63,1.13
2011.10.17 15:01:43.522,0.85406,0.85423,2.63,1.13
2011.10.17 15:01:44.593,0.85408,0.85424,1.50,1.50
2011.10.17 15:01:44.949,0.85407,0.85424,1.50,1.13
2011.10.17 15:01:45.516,0.85407,0.85423,1.50,1.13
2011.10.17 15:01:46.573,0.85407,0.85423,1.43,1.13
2011.10.17 15:01:46.811,0.85406,0.85423,3.30,1.50
2011.10.17 15:01:46.930,0.85406,0.85423,2.63,1.50
2011.10.17 15:01:47.492,0.85406,0.85424,3.00,1.88
2011.10.17 15:01:47.614,0.85408,0.85424,1.43,1.88
2011.10.17 15:01:48.405,0.8541,0.85426,1.50,3.23
2011.10.17 15:01:48.801,0.85411,0.85426,1.50,2.48
2011.10.17 15:01:49.394,0.8541,0.85426,1.50,2.48
2011.10.17 15:01:51.122,0.85411,0.85429,2.25,1.13
2011.10.17 15:01:51.681,0.85412,0.85429,1.43,1.13
2011.10.17 15:01:52.485,0.85417,0.8543,1.50,1.50
2011.10.17 15:01:52.616,0.85417,0.85432,1.50,1.73
2011.10.17 15:01:53.806,0.85412,0.85432,1.05,2.48
2011.10.17 15:01:53.940,0.85411,0.85428,1.13,1.50
2011.10.17 15:01:54.069,0.85409,0.85428,1.50,1.13
2011.10.17 15:01:54.313,0.85411,0.85428,1.50,1.13
2011.10.17 15:01:54.659,0.85415,0.85428,1.50,1.13
2011.10.17 15:01:55.002,0.85407,0.85429,4.05,1.88
2011.10.17 15:01:55.242,0.8541,0.85429,1.50,1.50
2011.10.17 15:01:55.910,0.85412,0.85429,1.13,1.50
2011.10.17 15:01:56.423,0.85412,0.85427,1.13,1.50
2011.10.17 15:01:56.540,0.85407,0.85427,1.43,1.50
2011.10.17 15:01:56.660,0.85407,0.85427,1.43,1.50
2011.10.17 15:01:58.352,0.85407,0.85427,4.80,1.50
2011.10.17 15:01:58.692,0.85415,0.85429,1.50,1.50
2011.10.17 15:01:58.920,0.85415,0.8543,1.50,1.13
2011.10.17 15:02:00.531,0.85415,0.85433,1.50,1.13
2011.10.17 15:02:01.100,0.85413,0.8543,2.25,1.13
2011.10.17 15:02:04.012,0.85414,0.8543,1.50,1.13
2011.10.17 15:02:04.705,0.85412,0.85432,1.33,1.13
2011.10.17 15:02:05.932,0.85412,0.85435,1.13,2.18
2011.10.17 15:02:06.600,0.85414,0.85433,1.13,1.13
2011.10.17 15:02:08.957,0.85414,0.85432,1.13,1.13
2011.10.17 15:02:09.205,0.85414,0.85432,2.10,1.13
2011.10.17 15:02:09.560,0.85416,0.85432,1.13,1.13
2011.10.17 15:02:10.142,0.85416,0.85433,1.13,1.13
2011.10.17 15:02:10.743,0.85416,0.85435,1.50,1.13
2011.10.17 15:02:13.001,0.85416,0.85435,1.13,1.13
2011.10.17 15:02:13.982,0.85416,0.85435,1.13,1.50
2011.10.17 15:02:14.443,0.85416,0.85435,1.13,1.13
2011.10.17 15:02:17.331,0.85416,0.85435,1.13,1.13
2011.10.17 15:02:18.779,0.85416,0.85435,1.13,1.13
2011.10.17 15:02:19.340,0.85415,0.85434,1.05,1.13
2011.10.17 15:02:20.133,0.85415,0.85435,1.13,1.80
2011.10.17 15:02:20.683,0.85416,0.85435,2.55,1.13
2011.10.17 15:02:22.350,0.85417,0.85435,2.25,1.50
2011.10.17 15:02:22.977,0.85417,0.85435,2.25,1.13
2011.10.17 15:02:23.873,0.85417,0.85435,2.25,1.13
2011.10.17 15:02:24.381,0.85418,0.85436,1.50,2.63
2011.10.17 15:02:24.941,0.8542,0.85436,1.50,1.88
2011.10.17 15:02:27.303,0.8542,0.85437,2.25,1.50
2011.10.17 15:02:27.426,0.85424,0.85439,1.43,1.13
2011.10.17 15:02:27.849,0.85425,0.85441,1.50,1.13
2011.10.17 15:02:29.752,0.85425,0.8544,1.50,1.13
2011.10.17 15:02:30.403,0.85428,0.85444,1.50,1.13
2011.10.17 15:02:31.003,0.85428,0.85444,1.50,1.13
2011.10.17 15:02:32.023,0.85429,0.85447,1.50,1.13
2011.10.17 15:02:32.140,0.85429,0.85447,1.50,1.13
2011.10.17 15:02:32.862,0.8543,0.85448,1.50,1.13
2011.10.17 15:02:32.990,0.85431,0.85448,1.50,1.13
2011.10.17 15:02:33.360,0.85431,0.85448,2.25,1.13
2011.10.17 15:02:33.728,0.85432,0.85446,1.50,1.13
2011.10.17 15:02:33.978,0.85436,0.8545,1.88,1.50
2011.10.17 15:02:34.105,0.85438,0.85451,1.50,1.13
2011.10.17 15:02:34.343,0.8544,0.85453,1.50,1.50
2011.10.17 15:02:34.649,0.8544,0.85453,1.50,1.50
2011.10.17 15:02:34.783,0.85437,0.85454,1.13,1.13
2011.10.17 15:02:35.027,0.85436,0.85451,3.38,1.50
2011.10.17 15:02:36.512,0.85439,0.85457,1.50,1.88
2011.10.17 15:02:38.641,0.8544,0.85458,1.13,1.50
2011.10.17 15:02:38.877,0.85441,0.8546,2.68,1.13
2011.10.17 15:02:39.244,0.85447,0.85463,3.00,1.13
2011.10.17 15:02:39.601,0.85447,0.85463,3.00,1.13
2011.10.17 15:02:40.070,0.85447,0.85462,3.00,1.43
2011.10.17 15:02:40.421,0.85447,0.85464,1.50,1.05
2011.10.17 15:02:40.783,0.85447,0.85461,1.50,1.13
2011.10.17 15:02:41.130,0.85447,0.85462,1.50,1.13
2011.10.17 15:02:41.720,0.85448,0.85462,1.50,1.13
2011.10.17 15:02:42.295,0.85448,0.85462,1.50,1.88
2011.10.17 15:02:43.118,0.85448,0.85462,1.50,1.88
2011.10.17 15:02:44.041,0.85448,0.85462,1.50,1.88
2011.10.17 15:02:44.404,0.85457,0.85471,1.50,2.18
2011.10.17 15:02:44.761,0.85457,0.8547,1.50,1.43
2011.10.17 15:02:45.352,0.85458,0.85471,1.50,1.43
2011.10.17 15:02:45.923,0.85458,0.8547,1.50,1.43
2011.10.17 15:02:46.781,0.85457,0.8547,1.50,1.43
2011.10.17 15:02:47.601,0.85456,0.8547,1.88,1.43
2011.10.17 15:02:48.179,0.85456,0.85471,3.38,1.43
2011.10.17 15:02:48.741,0.85457,0.8547,1.50,1.43
2011.10.17 15:02:51.152,0.85457,0.85471,1.50,1.43
2011.10.17 15:02:51.940,0.85456,0.85471,1.13,1.43
2011.10.17 15:02:52.642,0.85456,0.85472,1.13,1.13
2011.10.17 15:02:52.761,0.85456,0.85472,1.13,1.13
2011.10.17 15:02:53.342,0.85456,0.85472,1.13,1.13
2011.10.17 15:02:54.592,0.85456,0.85473,1.13,1.05
2011.10.17 15:02:54.946,0.85456,0.85472,1.13,1.88
2011.10.17 15:02:55.070,0.85456,0.85473,1.13,1.80
2011.10.17 15:02:55.860,0.85456,0.85473,1.88,1.80
2011.10.17 15:02:56.451,0.85456,0.8547,1.13,1.13
2011.10.17 15:02:57.539,0.85456,0.85469,1.13,1.13
2011.10.17 15:02:58.134,0.85454,0.85469,1.13,1.13
2011.10.17 15:02:58.252,0.85454,0.85469,1.13,1.05
2011.10.17 15:02:58.730,0.85454,0.85469,1.13,1.05
2011.10.17 15:02:59.535,0.85453,0.85466,1.50,1.13
2011.10.17 15:02:59.804,0.85454,0.85469,1.50,1.43
2011.10.17 15:03:00.043,0.85454,0.85469,1.88,1.43
2011.10.17 15:03:01.961,0.85456,0.85469,1.88,1.13
2011.10.17 15:03:02.191,0.85456,0.85471,1.88,1.13
2011.10.17 15:03:02.310,0.85456,0.85469,1.88,1.13
2011.10.17 15:03:02.430,0.85456,0.85471,1.88,1.13
2011.10.17 15:03:02.660,0.85455,0.85469,1.13,1.13
2011.10.17 15:03:02.890,0.85454,0.85469,1.88,1.13
2011.10.17 15:03:03.498,0.85456,0.85469,1.88,1.13
2011.10.17 15:03:03.951,0.85456,0.85469,1.88,1.88
2011.10.17 15:03:05.040,0.85456,0.85471,1.88,1.13
2011.10.17 15:03:05.842,0.85456,0.85471,1.88,1.13
2011.10.17 15:03:06.075,0.85456,0.85473,2.63,1.13
2011.10.17 15:03:06.312,0.85456,0.85473,2.63,1.13
2011.10.17 15:03:07.640,0.85456,0.85474,2.63,1.80
2011.10.17 15:03:08.650,0.85456,0.85474,2.63,1.80
2011.10.17 15:03:08.883,0.85456,0.85474,2.63,1.80
2011.10.17 15:03:09.001,0.85456,0.85473,2.63,1.13
2011.10.17 15:03:09.962,0.85456,0.85473,1.88,1.13
2011.10.17 15:03:10.209,0.85456,0.85471,1.88,1.50
2011.10.17 15:03:10.340,0.85456,0.85473,1.88,1.13
2011.10.17 15:03:11.364,0.85456,0.85473,1.88,1.13
2011.10.17 15:03:11.481,0.85456,0.85471,1.88,1.88
2011.10.17 15:03:11.602,0.85456,0.85472,1.88,1.13
2011.10.17 15:03:11.833,0.85456,0.85471,1.88,1.13
2011.10.17 15:03:12.059,0.85456,0.85471,1.88,1.13
2011.10.17 15:03:12.413,0.85456,0.85471,2.63,1.88
2011.10.17 15:03:12.654,0.85456,0.85472,2.63,1.13
2011.10.17 15:03:14.675,0.85456,0.85471,2.63,1.88
2011.10.17 15:03:14.899,0.85456,0.85472,1.88,1.13
2011.10.17 15:03:15.129,0.85456,0.85471,1.88,1.50
2011.10.17 15:03:15.250,0.85456,0.85472,2.63,1.13
2011.10.17 15:03:16.063,0.85456,0.85472,2.63,2.63
2011.10.17 15:03:16.180,0.85456,0.85472,2.63,1.13
2011.10.17 15:03:16.522,0.85456,0.8547,1.88,1.05
2011.10.17 15:03:16.874,0.85456,0.85469,1.88,1.13
2011.10.17 15:03:17.102,0.85456,0.8547,1.88,1.05
2011.10.17 15:03:17.221,0.85456,0.85469,1.88,1.13
2011.10.17 15:03:17.584,0.85456,0.85471,1.88,1.80
2011.10.17 15:03:17.700,0.85456,0.8547,1.88,1.43
2011.10.17 15:03:18.530,0.85456,0.8547,1.88,1.43
2011.10.17 15:03:19.590,0.85452,0.85468,1.50,1.13
2011.10.17 15:03:20.562,0.85452,0.85468,1.50,1.13
2011.10.17 15:03:21.399,0.85451,0.85468,1.71,1.13
2011.10.17 15:03:21.979,0.85451,0.85468,1.71,1.13
2011.10.17 15:03:22.799,0.85453,0.85468,1.13,1.13
2011.10.17 15:03:24.360,0.8545,0.85468,2.38,1.13
2011.10.17 15:03:24.760,0.85448,0.85468,1.33,1.13
2011.10.17 15:03:25.004,0.85448,0.85468,2.08,1.13
2011.10.17 15:03:25.463,0.85448,0.85468,1.33,1.88
2011.10.17 15:03:26.039,0.85448,0.85468,1.33,1.13
2011.10.17 15:03:26.271,0.85449,0.85468,1.50,1.13
2011.10.17 15:03:26.949,0.85448,0.85468,1.33,1.13
2011.10.17 15:03:27.293,0.85448,0.85468,2.08,1.13
2011.10.17 15:03:29.301,0.85452,0.85469,1.50,1.13
2011.10.17 15:03:29.864,0.85452,0.85469,2.25,1.13
2011.10.17 15:03:30.420,0.85452,0.85471,1.50,1.88
2011.10.17 15:03:33.081,0.85451,0.85469,2.08,1.13
2011.10.17 15:03:33.651,0.85452,0.85469,1.50,1.50
2011.10.17 15:03:33.879,0.85451,0.8547,1.33,1.43
2011.10.17 15:03:34.123,0.85452,0.85473,1.50,3.68
2011.10.17 15:03:34.244,0.85452,0.85471,1.88,1.50
2011.10.17 15:03:34.648,0.85454,0.85473,1.50,3.68
2011.10.17 15:03:35.171,0.85455,0.85473,1.50,3.68
2011.10.17 15:03:36.080,0.85455,0.85473,1.50,3.68
2011.10.17 15:03:36.540,0.85454,0.8547,1.71,1.13
2011.10.17 15:03:36.879,0.85454,0.85471,2.46,1.13
2011.10.17 15:03:37.109,0.85454,0.8547,1.71,1.13
2011.10.17 15:03:37.952,0.85452,0.8547,2.08,1.13
2011.10.17 15:03:38.267,0.85452,0.8547,1.88,1.05
2011.10.17 15:03:38.397,0.85452,0.8547,1.13,1.80
2011.10.17 15:03:38.930,0.85451,0.85469,1.13,1.13
2011.10.17 15:03:39.282,0.85452,0.85471,2.63,2.10
2011.10.17 15:03:39.632,0.85452,0.85471,2.63,2.10
2011.10.17 15:03:40.955,0.85452,0.8547,1.88,1.05
2011.10.17 15:03:48.525,0.85453,0.8547,1.50,1.88
2011.10.17 15:03:48.645,0.85452,0.8547,1.13,1.80
2011.10.17 15:03:49.015,0.85453,0.85469,1.50,2.03
2011.10.17 15:03:49.386,0.85453,0.85465,2.25,1.50
2011.10.17 15:03:49.752,0.85449,0.85464,1.50,1.13
2011.10.17 15:03:50.330,0.85447,0.85463,3.66,1.13
2011.10.17 15:03:50.902,0.85448,0.85464,1.50,1.50
2011.10.17 15:03:51.484,0.85448,0.85464,1.50,1.50
2011.10.17 15:03:51.716,0.85449,0.85464,1.50,1.13
2011.10.17 15:03:52.507,0.85449,0.85464,1.50,1.13
2011.10.17 15:03:52.645,0.85449,0.85464,1.50,1.13
2011.10.17 15:03:52.762,0.85449,0.85464,1.50,1.13
2011.10.17 15:03:53.890,0.85448,0.85464,1.50,1.13
2011.10.17 15:03:54.012,0.85449,0.85464,1.50,1.13
2011.10.17 15:03:54.355,0.85449,0.85465,1.50,2.18
2011.10.17 15:03:54.484,0.85452,0.85467,1.50,1.43
2011.10.17 15:03:54.854,0.85453,0.8547,2.25,1.80
2011.10.17 15:03:55.216,0.85455,0.85473,1.13,1.80
2011.10.17 15:03:55.345,0.85456,0.85474,1.50,1.43
2011.10.17 15:03:55.715,0.8546,0.8548,2.18,2.10
2011.10.17 15:03:55.832,0.8546,0.8548,2.18,1.35
2011.10.17 15:03:57.052,0.8546,0.8548,2.18,1.88
2011.10.17 15:03:58.152,0.8546,0.8548,1.43,1.88
2011.10.17 15:03:58.633,0.85457,0.85477,1.63,1.13
2011.10.17 15:03:59.215,0.85463,0.85477,1.50,1.13
2011.10.17 15:03:59.353,0.85466,0.85481,1.50,1.13
2011.10.17 15:03:59.593,0.85461,0.85478,1.50,1.80
2011.10.17 15:03:59.714,0.85462,0.85476,1.50,1.13
2011.10.17 15:04:00.061,0.85463,0.85478,1.50,1.80
2011.10.17 15:04:02.624,0.85463,0.85479,1.50,1.43
2011.10.17 15:04:02.853,0.85466,0.85481,1.50,1.50
2011.10.17 15:04:02.977,0.85467,0.85483,1.35,2.18
2011.10.17 15:04:03.222,0.85469,0.85486,1.13,1.43
2011.10.17 15:04:03.575,0.85471,0.85487,1.13,2.18
2011.10.17 15:04:04.361,0.85472,0.85487,1.50,1.43
2011.10.17 15:04:04.604,0.85473,0.8549,2.63,1.43
2011.10.17 15:04:04.724,0.85474,0.8549,1.88,1.43
2011.10.17 15:04:05.301,0.85476,0.8549,2.63,1.43
2011.10.17 15:04:06.684,0.8548,0.85494,1.50,1.80
2011.10.17 15:04:06.925,0.8548,0.85494,1.50,1.80
2011.10.17 15:04:07.521,0.85477,0.85494,2.63,1.43
2011.10.17 15:04:07.642,0.85477,0.85494,2.63,1.43
2011.10.17 15:04:08.203,0.85477,0.85494,2.63,1.43
2011.10.17 15:04:08.334,0.85477,0.85494,2.63,1.43
2011.10.17 15:04:09.543,0.85477,0.85491,1.88,1.43
2011.10.17 15:04:09.661,0.85477,0.85492,1.88,2.10
2011.10.17 15:04:09.781,0.85477,0.85494,1.88,1.13
2011.10.17 15:04:09.903,0.85477,0.85495,2.25,2.18
2011.10.17 15:04:10.265,0.85484,0.855,1.13,1.43
2011.10.17 15:04:10.606,0.85486,0.85501,1.88,1.43
2011.10.17 15:04:10.961,0.85488,0.85503,1.88,1.43
2011.10.17 15:04:11.433,0.85488,0.85504,1.50,1.43
2011.10.17 15:04:12.675,0.85487,0.85506,2.25,1.50
2011.10.17 15:04:13.239,0.85487,0.85505,1.33,2.18
2011.10.17 15:04:13.842,0.85487,0.85506,3.58,2.85
2011.10.17 15:04:14.070,0.85487,0.85506,4.33,1.50
2011.10.17 15:04:14.611,0.85487,0.85506,4.33,1.50
2011.10.17 15:04:15.061,0.85491,0.85508,1.13,2.18
2011.10.17 15:04:15.678,0.85488,0.85508,2.08,2.55
2011.10.17 15:04:16.034,0.85484,0.85503,1.71,1.13
2011.10.17 15:04:16.261,0.85487,0.85503,1.88,1.13
2011.10.17 15:04:16.835,0.85482,0.85502,1.43,1.13
2011.10.17 15:04:17.446,0.85486,0.85503,1.88,1.50
2011.10.17 15:04:18.037,0.85486,0.85504,2.25,1.43
2011.10.17 15:04:18.731,0.85486,0.85503,1.88,1.13
2011.10.17 15:04:19.221,0.85481,0.85501,1.50,1.05
2011.10.17 15:04:19.341,0.85479,0.85501,2.08,1.80
2011.10.17 15:04:20.473,0.8548,0.85501,1.33,1.80
2011.10.17 15:04:21.429,0.85481,0.85501,1.86,1.80
2011.10.17 15:04:21.659,0.85482,0.85501,1.48,1.80
2011.10.17 15:04:22.175,0.85482,0.85501,1.48,2.40
2011.10.17 15:04:22.651,0.85477,0.85489,1.43,1.13
2011.10.17 15:04:22.895,0.85475,0.85489,1.48,1.13
2011.10.17 15:04:25.966,0.85471,0.85484,1.48,1.73
2011.10.17 15:04:26.096,0.85466,0.85482,1.48,1.13
2011.10.17 15:04:26.225,0.85466,0.85482,1.48,2.25
2011.10.17 15:04:26.821,0.85466,0.85481,1.50,1.13
2011.10.17 15:04:28.152,0.85459,0.85479,2.36,1.88
2011.10.17 15:04:28.274,0.85459,0.85478,1.68,1.13
2011.10.17 15:04:28.509,0.85458,0.85474,1.78,1.88
2011.10.17 15:04:29.101,0.85458,0.85474,1.11,2.63
2011.10.17 15:04:29.867,0.85458,0.85473,1.11,1.88
2011.10.17 15:04:31.244,0.85457,0.85472,2.25,1.80
2011.10.17 15:04:31.366,0.85455,0.85472,1.11,1.80
2011.10.17 15:04:31.973,0.85456,0.85472,1.88,1.80
2011.10.17 15:04:32.547,0.85456,0.85472,1.88,1.80
2011.10.17 15:04:33.153,0.85456,0.85473,1.88,2.18
2011.10.17 15:04:34.987,0.85456,0.85474,1.88,1.50
2011.10.17 15:04:36.861,0.85456,0.85471,1.88,1.13
2011.10.17 15:04:37.212,0.8545,0.85469,2.23,1.73
2011.10.17 15:04:37.560,0.85451,0.85469,1.48,1.73
2011.10.17 15:04:37.909,0.85448,0.85464,2.23,1.50
2011.10.17 15:04:38.141,0.85448,0.85464,1.50,1.13
2011.10.17 15:04:38.961,0.85447,0.85462,4.11,1.88
2011.10.17 15:04:39.444,0.85441,0.85461,2.16,1.50
2011.10.17 15:04:39.562,0.8544,0.85459,1.48,1.88
2011.10.17 15:04:40.622,0.8544,0.85459,2.23,1.13
2011.10.17 15:04:41.492,0.8544,0.85459,2.23,1.13
2011.10.17 15:04:42.071,0.8544,0.85459,2.23,1.13
2011.10.17 15:04:42.431,0.8544,0.85459,2.23,1.13
2011.10.17 15:04:42.932,0.85441,0.85459,1.48,1.88
2011.10.17 15:04:43.052,0.85441,0.85459,2.23,1.13
2011.10.17 15:04:43.619,0.85441,0.85459,2.23,1.13
2011.10.17 15:04:44.191,0.8544,0.85459,2.23,1.13
2011.10.17 15:04:44.779,0.85441,0.85459,1.86,1.50
2011.10.17 15:04:45.580,0.85441,0.85459,1.86,1.50
2011.10.17 15:04:46.169,0.85441,0.85456,1.11,1.13
2011.10.17 15:04:46.810,0.85441,0.85456,1.11,1.13
2011.10.17 15:04:47.369,0.85441,0.85456,1.11,1.13
2011.10.17 15:04:48.505,0.85441,0.85457,1.86,1.13
2011.10.17 15:04:49.159,0.85441,0.85459,1.11,2.25
2011.10.17 15:04:49.730,0.85438,0.85459,1.48,1.50
2011.10.17 15:04:50.191,0.85437,0.85459,4.41,1.13
2011.10.17 15:04:50.551,0.85438,0.85456,1.86,1.13
2011.10.17 15:04:51.130,0.85438,0.85456,1.13,1.13
2011.10.17 15:04:51.483,0.85438,0.85457,1.48,1.50
2011.10.17 15:04:51.600,0.85438,0.85457,1.48,1.50
2011.10.17 15:04:52.215,0.85438,0.85457,1.48,1.50
2011.10.17 15:04:53.086,0.8544,0.85456,1.35,1.13
2011.10.17 15:04:53.335,0.8544,0.85457,1.35,1.13
2011.10.17 15:04:53.813,0.85438,0.85456,1.13,1.13
2011.10.17 15:04:54.868,0.85437,0.85459,1.43,1.88
2011.10.17 15:04:55.922,0.85439,0.85457,1.13,1.13
2011.10.17 15:04:56.586,0.85439,0.85459,1.13,1.88
2011.10.17 15:04:57.512,0.85437,0.85459,4.05,1.13
2011.10.17 15:04:57.876,0.85448,0.85467,1.13,1.13
2011.10.17 15:04:58.322,0.8545,0.85472,2.40,2.93
2011.10.17 15:04:58.502,0.85453,0.85473,1.63,1.88
2011.10.17 15:05:00.689,0.85456,0.85476,2.25,2.25
2011.10.17 15:05:01.733,0.85456,0.85476,2.25,1.50
2011.10.17 15:05:01.853,0.85456,0.85476,1.13,1.13
2011.10.17 15:05:02.434,0.85456,0.85478,1.33,1.73
2011.10.17 15:05:03.356,0.85457,0.85477,2.63,1.43
2011.10.17 15:05:03.725,0.85457,0.85472,1.88,1.13
2011.10.17 15:05:04.640,0.85456,0.85472,1.88,1.13
2011.10.17 15:05:05.230,0.85456,0.85471,1.88,1.13
2011.10.17 15:05:05.820,0.85456,0.85471,1.88,1.13
2011.10.17 15:05:06.295,0.85457,0.85473,1.50,1.13
2011.10.17 15:05:06.763,0.85456,0.85476,1.50,1.80
2011.10.17 15:05:07.103,0.85457,0.85476,3.30,1.13
2011.10.17 15:05:08.340,0.85457,0.85476,3.30,1.13
2011.10.17 15:05:09.021,0.85458,0.85476,1.13,1.13
2011.10.17 15:05:10.186,0.85457,0.85477,3.30,1.13
2011.10.17 15:05:10.551,0.85457,0.85474,1.88,1.13
2011.10.17 15:05:12.030,0.85457,0.85474,2.63,1.13
2011.10.17 15:05:15.009,0.85456,0.85475,2.25,2.55
2011.10.17 15:05:15.261,0.85458,0.85478,1.13,1.50
2011.10.17 15:05:15.624,0.85464,0.85487,2.55,1.13
2011.10.17 15:05:15.864,0.85467,0.85487,1.33,1.13
2011.10.17 15:05:16.242,0.85468,0.85488,1.33,1.80
2011.10.17 15:05:17.817,0.85466,0.85487,3.81,1.13
2011.10.17 15:05:18.465,0.85466,0.85486,3.81,1.13
2011.10.17 15:05:18.921,0.85466,0.85485,3.43,1.13
2011.10.17 15:05:19.291,0.85464,0.85483,1.56,2.18
2011.10.17 15:05:19.533,0.85464,0.85483,2.23,1.13
2011.10.17 15:05:20.113,0.85467,0.85485,1.88,1.50
2011.10.17 15:05:23.809,0.85467,0.85485,2.63,1.50
2011.10.17 15:05:24.920,0.85468,0.85485,1.43,1.50
2011.10.17 15:05:26.370,0.85468,0.85485,1.43,1.13
2011.10.17 15:05:26.950,0.85469,0.85487,1.43,1.13
2011.10.17 15:05:27.289,0.85469,0.85487,1.43,1.13
2011.10.17 15:05:27.862,0.85471,0.85487,2.10,1.13
2011.10.17 15:05:28.225,0.85472,0.8549,1.05,1.50
2011.10.17 15:05:28.341,0.85475,0.85493,1.13,1.50
2011.10.17 15:05:28.464,0.85475,0.85493,1.33,1.50
2011.10.17 15:05:28.802,0.85474,0.85491,1.33,1.50
2011.10.17 15:05:28.927,0.85478,0.85497,2.63,2.48
2011.10.17 15:05:29.058,0.85478,0.85497,2.08,1.43
2011.10.17 15:05:29.427,0.85473,0.85492,1.71,2.10
2011.10.17 15:05:31.364,0.85469,0.85489,2.08,1.13
2011.10.17 15:05:31.603,0.85469,0.85489,2.08,1.13
2011.10.17 15:05:32.084,0.85469,0.85487,1.33,1.13
2011.10.17 15:05:32.205,0.85467,0.85488,1.71,1.13
2011.10.17 15:05:32.327,0.85468,0.85487,1.33,1.13
2011.10.17 15:05:32.456,0.85468,0.85487,1.71,1.73
2011.10.17 15:05:32.593,0.85465,0.85484,1.50,1.13
2011.10.17 15:05:33.304,0.85463,0.85483,3.13,1.13
2011.10.17 15:05:33.422,0.85463,0.85483,2.38,1.13
2011.10.17 15:05:33.882,0.85464,0.85483,1.33,1.13
2011.10.17 15:05:34.012,0.85464,0.85483,2.46,1.13
2011.10.17 15:05:34.663,0.85466,0.85484,1.88,1.13
2011.10.17 15:05:35.259,0.85466,0.85485,1.88,2.55
2011.10.17 15:05:35.616,0.85466,0.85485,1.88,2.18
2011.10.17 15:05:38.472,0.85468,0.85486,1.68,1.50
2011.10.17 15:05:40.996,0.85469,0.85489,1.48,2.63
2011.10.17 15:05:41.342,0.85469,0.85487,1.33,1.13
2011.10.17 15:05:41.571,0.85468,0.85486,1.31,1.50
2011.10.17 15:05:47.594,0.85469,0.85487,1.31,1.50
2011.10.17 15:05:48.101,0.85469,0.85487,1.31,1.88
2011.10.17 15:05:48.689,0.85471,0.85488,1.13,1.50
2011.10.17 15:05:49.054,0.8547,0.8549,2.43,2.18
2011.10.17 15:05:49.510,0.85469,0.85487,2.06,1.13
2011.10.17 15:05:50.132,0.85469,0.85487,2.06,1.13
2011.10.17 15:05:50.489,0.85472,0.85489,1.13,1.13
2011.10.17 15:05:50.618,0.85474,0.85497,2.96,1.50
2011.10.17 15:05:50.857,0.85476,0.85494,2.68,1.13
2011.10.17 15:05:51.189,0.85479,0.85498,1.05,1.50
2011.10.17 15:05:52.492,0.85479,0.85499,1.05,1.50
2011.10.17 15:05:52.965,0.85479,0.85498,1.05,1.50
2011.10.17 15:05:53.206,0.85478,0.85497,1.78,1.13
2011.10.17 15:05:53.782,0.85478,0.85497,1.11,1.80
2011.10.17 15:05:54.431,0.85478,0.85497,1.11,1.80
2011.10.17 15:05:54.974,0.85478,0.85497,1.11,1.80
2011.10.17 15:05:55.442,0.85476,0.85497,3.58,2.51
2011.10.17 15:05:55.919,0.85476,0.85492,2.08,1.88
2011.10.17 15:05:56.284,0.85469,0.85489,1.88,1.13
2011.10.17 15:05:56.749,0.85471,0.85492,2.55,1.13
2011.10.17 15:05:57.110,0.85474,0.85493,1.13,2.25
2011.10.17 15:05:57.670,0.85474,0.85493,2.08,2.25
2011.10.17 15:05:58.353,0.85478,0.85493,1.13,1.88
2011.10.17 15:05:58.471,0.85478,0.85496,1.13,2.10
2011.10.17 15:05:59.052,0.85478,0.85497,1.33,2.10
2011.10.17 15:05:59.651,0.85484,0.85502,1.88,2.55
2011.10.17 15:05:59.776,0.85484,0.85502,1.88,2.18
2011.10.17 15:05:59.907,0.85484,0.85501,1.33,2.25
2011.10.17 15:06:00.038,0.85484,0.85503,2.08,1.43
2011.10.17 15:06:00.164,0.85488,0.85504,1.33,2.63
2011.10.17 15:06:00.754,0.8549,0.85509,1.33,1.35
2011.10.17 15:06:01.342,0.85488,0.85507,1.33,1.80
2011.10.17 15:06:01.807,0.85487,0.85506,2.46,1.43
2011.10.17 15:06:02.836,0.85485,0.85504,1.33,1.05
2011.10.17 15:06:03.123,0.85484,0.85503,1.33,1.13
2011.10.17 15:06:03.901,0.85484,0.85504,1.33,4.43
2011.10.17 15:06:04.349,0.85484,0.85504,1.33,4.43
2011.10.17 15:06:05.313,0.85484,0.85504,1.33,4.43
2011.10.17 15:06:06.054,0.85484,0.85503,1.33,1.50
2011.10.17 15:06:06.411,0.85482,0.85502,1.43,1.13
2011.10.17 15:06:06.530,0.85482,0.85503,2.18,1.50
2011.10.17 15:06:07.089,0.85482,0.85504,3.13,4.43
2011.10.17 15:06:07.319,0.85484,0.85503,1.33,1.13
2011.10.17 15:06:08.254,0.85483,0.85503,1.13,1.13
2011.10.17 15:06:08.376,0.85483,0.85503,1.13,1.13
2011.10.17 15:06:08.962,0.85486,0.85504,2.46,2.18
2011.10.17 15:06:09.082,0.85486,0.85504,2.46,1.43
2011.10.17 15:06:09.433,0.85485,0.85504,1.33,1.43
2011.10.17 15:06:09.970,0.85486,0.85505,2.63,1.35
2011.10.17 15:06:14.150,0.85486,0.85506,2.25,1.50
2011.10.17 15:06:14.861,0.85486,0.85506,2.25,1.50
2011.10.17 15:06:15.539,0.85487,0.85507,1.71,1.50
2011.10.17 15:06:16.200,0.85487,0.85508,1.71,1.43
2011.10.17 15:06:17.314,0.85487,0.85508,2.46,1.43
2011.10.17 15:06:18.463,0.85487,0.85508,1.71,1.43
2011.10.17 15:06:19.191,0.85487,0.85508,1.71,1.43
2011.10.17 15:06:20.213,0.85487,0.85507,1.71,1.88
2011.10.17 15:06:21.021,0.85486,0.85508,3.58,1.43
2011.10.17 15:06:21.962,0.85486,0.85505,3.58,1.13
2011.10.17 15:06:22.080,0.85486,0.85505,2.83,1.13
2011.10.17 15:06:22.325,0.85483,0.85504,1.13,2.18
2011.10.17 15:06:22.441,0.85478,0.85497,1.88,1.13
2011.10.17 15:06:22.682,0.85476,0.85496,4.11,1.88
2011.10.17 15:06:24.623,0.85476,0.85496,3.88,1.13
2011.10.17 15:06:25.200,0.85476,0.85496,3.88,1.13
2011.10.17 15:06:25.973,0.85476,0.85496,3.88,1.13
2011.10.17 15:06:27.341,0.85476,0.85496,3.51,2.25
2011.10.17 15:06:28.241,0.85476,0.85496,3.51,1.50
2011.10.17 15:06:29.395,0.85476,0.85496,2.76,2.25
2011.10.17 15:06:30.401,0.85476,0.85496,2.76,1.50
2011.10.17 15:06:30.762,0.85476,0.85492,1.88,1.13
2011.10.17 15:06:31.991,0.85476,0.85493,1.88,1.13
2011.10.17 15:06:36.358,0.85476,0.85493,1.88,1.13
2011.10.17 15:06:37.609,0.85476,0.85492,1.88,1.13
2011.10.17 15:06:42.521,0.85477,0.85493,1.88,1.13
2011.10.17 15:06:44.063,0.85477,0.85494,1.88,1.88
2011.10.17 15:06:48.298,0.85474,0.85493,1.50,1.13
2011.10.17 15:06:48.903,0.85476,0.85494,3.68,1.13
2011.10.17 15:06:55.387,0.85476,0.85494,2.25,1.88
2011.10.17 15:06:55.961,0.85477,0.85495,1.88,1.13
2011.10.17 15:06:56.541,0.85477,0.85493,1.88,1.88
2011.10.17 15:06:57.128,0.85477,0.85492,1.88,1.13
2011.10.17 15:06:58.255,0.85477,0.85491,1.88,1.13
2011.10.17 15:07:00.289,0.85477,0.85493,2.55,1.13
2011.10.17 15:07:00.861,0.85477,0.85492,2.55,1.13
2011.10.17 15:07:01.210,0.85477,0.85492,1.88,1.13
2011.10.17 15:07:05.415,0.85477,0.85492,1.88,1.13
2011.10.17 15:07:05.991,0.85477,0.85492,1.88,1.13
2011.10.17 15:07:06.490,0.85476,0.85492,1.88,1.13
2011.10.17 15:07:06.792,0.85476,0.85491,1.88,1.13
2011.10.17 15:07:06.914,0.85473,0.85491,1.43,1.88
2011.10.17 15:07:07.147,0.85474,0.85488,1.13,1.50
2011.10.17 15:07:07.519,0.85451,0.85465,1.13,1.50
2011.10.17 15:07:08.036,0.85449,0.85467,1.13,1.13
2011.10.17 15:07:08.165,0.85453,0.85468,1.43,2.03
2011.10.17 15:07:08.283,0.85453,0.8547,1.43,2.03
2011.10.17 15:07:08.626,0.85453,0.85472,1.43,1.88
2011.10.17 15:07:08.983,0.85451,0.8547,1.35,1.13
2011.10.17 15:07:09.103,0.85448,0.85468,1.80,1.13
2011.10.17 15:07:09.675,0.85448,0.85469,1.43,1.13
2011.10.17 15:07:09.805,0.85447,0.85466,1.05,1.88
2011.10.17 15:07:10.137,0.85445,0.85466,1.71,1.88
2011.10.17 15:07:11.696,0.85448,0.85466,1.05,1.13
2011.10.17 15:07:15.246,0.85449,0.85466,1.43,1.13
2011.10.17 15:07:15.809,0.85449,0.85466,1.43,1.13
2011.10.17 15:07:16.393,0.85449,0.85468,1.05,1.50
2011.10.17 15:07:16.633,0.85451,0.8547,1.13,1.13
2011.10.17 15:07:17.198,0.85452,0.85471,1.43,1.73
2011.10.17 15:07:17.565,0.85452,0.85471,1.05,1.73
2011.10.17 15:07:17.912,0.85452,0.85471,1.05,1.73
2011.10.17 15:07:18.263,0.85452,0.85471,1.05,1.13
2011.10.17 15:07:18.382,0.85452,0.85473,2.18,3.38
2011.10.17 15:07:18.503,0.85457,0.85476,1.05,2.25
2011.10.17 15:07:18.624,0.85457,0.85477,1.05,2.48
2011.10.17 15:07:18.852,0.85457,0.85477,2.93,2.48
2011.10.17 15:07:19.083,0.85457,0.85477,2.93,2.48
2011.10.17 15:07:19.310,0.85457,0.85477,2.93,2.48
2011.10.17 15:07:19.987,0.8545,0.85471,3.13,1.13
2011.10.17 15:07:20.115,0.85451,0.85471,1.33,1.13
2011.10.17 15:07:20.232,0.85457,0.85471,1.88,1.13
2011.10.17 15:07:20.692,0.85457,0.85469,1.88,2.03
2011.10.17 15:07:21.054,0.85451,0.85465,1.13,1.88
2011.10.17 15:07:21.417,0.85446,0.85463,1.05,1.88
2011.10.17 15:07:21.773,0.85446,0.85463,2.55,1.13
2011.10.17 15:07:22.060,0.85446,0.85468,3.13,1.13
2011.10.17 15:07:22.186,0.85447,0.85467,1.71,1.13
2011.10.17 15:07:22.434,0.85446,0.85467,3.88,1.13
2011.10.17 15:07:22.904,0.85446,0.85466,2.93,1.50
2011.10.17 15:07:23.025,0.85446,0.85466,2.55,1.13
2011.10.17 15:07:24.644,0.85446,0.85465,3.68,1.88
2011.10.17 15:07:26.798,0.85446,0.85467,3.13,1.13
2011.10.17 15:07:27.326,0.85446,0.8546,2.55,1.13
2011.10.17 15:07:27.455,0.85447,0.8546,1.88,1.13
2011.10.17 15:07:28.029,0.85444,0.8546,1.13,1.13
2011.10.17 15:07:29.820,0.85446,0.85459,1.88,1.50
2011.10.17 15:07:30.400,0.85446,0.85461,1.88,2.55
2011.10.17 15:07:31.403,0.85446,0.85462,1.88,1.13
2011.10.17 15:07:31.522,0.85446,0.85461,1.88,2.25
2011.10.17 15:07:35.720,0.85446,0.85461,1.88,1.88
2011.10.17 15:07:36.300,0.85447,0.8546,1.50,1.13
2011.10.17 15:07:36.747,0.85447,0.8546,1.50,1.88
2011.10.17 15:07:38.119,0.85447,0.8546,1.50,1.88
2011.10.17 15:07:39.723,0.85447,0.8546,1.50,1.13
2011.10.17 15:07:41.202,0.85447,0.8546,1.50,1.13
2011.10.17 15:07:41.881,0.85447,0.8546,1.88,1.13
2011.10.17 15:07:42.001,0.85441,0.85458,1.43,1.13
2011.10.17 15:07:42.122,0.85438,0.85457,1.33,1.50
2011.10.17 15:07:42.550,0.85438,0.85457,2.46,1.13
2011.10.17 15:07:42.685,0.85438,0.85456,1.71,1.43
2011.10.17 15:07:46.770,0.8544,0.8546,1.50,1.80
2011.10.17 15:07:48.093,0.8544,0.8546,1.33,2.55
2011.10.17 15:07:48.648,0.8544,0.8546,1.33,3.30
2011.10.17 15:07:49.229,0.85441,0.8546,1.13,3.30
2011.10.17 15:07:50.530,0.85442,0.8546,1.13,2.55
2011.10.17 15:07:50.873,0.85442,0.8546,1.13,2.55
2011.10.17 15:07:51.105,0.8544,0.8546,1.33,2.55
2011.10.17 15:07:51.681,0.85441,0.85459,1.13,1.13
2011.10.17 15:07:52.235,0.85441,0.8546,1.88,1.80
2011.10.17 15:07:52.356,0.85441,0.85459,1.13,1.13
2011.10.17 15:07:52.593,0.85443,0.8546,1.13,2.18
2011.10.17 15:07:52.716,0.85447,0.85461,1.05,1.50
2011.10.17 15:07:52.846,0.85448,0.85467,1.13,1.50
2011.10.17 15:07:52.975,0.85453,0.85469,1.13,1.43
2011.10.17 15:07:53.094,0.85454,0.85474,2.55,1.88
2011.10.17 15:07:53.694,0.85454,0.85471,1.43,1.13
2011.10.17 15:07:53.933,0.85451,0.85469,1.43,1.50
2011.10.17 15:07:55.065,0.8545,0.85466,1.13,4.50
2011.10.17 15:07:55.425,0.85443,0.85458,1.43,2.25
2011.10.17 15:07:55.541,0.85437,0.85457,1.80,1.50
2011.10.17 15:07:55.664,0.85436,0.85454,2.91,1.13
2011.10.17 15:07:56.013,0.85437,0.85454,1.05,3.00
2011.10.17 15:07:56.802,0.85437,0.85454,3.68,1.13
2011.10.17 15:07:57.527,0.85437,0.85454,3.66,1.13
2011.10.17 15:08:00.205,0.85437,0.85455,1.88,1.28
2011.10.17 15:08:00.330,0.85433,0.85452,1.80,1.50
2011.10.17 15:08:01.125,0.85436,0.85451,1.88,1.50
2011.10.17 15:08:01.615,0.85436,0.85451,1.88,2.18
2011.10.17 15:08:04.742,0.85437,0.8545,1.88,1.50
2011.10.17 15:08:04.982,0.85443,0.85461,1.80,1.13
2011.10.17 15:08:05.103,0.85447,0.85462,3.90,2.10
2011.10.17 15:08:05.226,0.85447,0.85463,3.90,1.13
2011.10.17 15:08:05.354,0.85447,0.85463,4.63,1.88
2011.10.17 15:08:05.718,0.85444,0.85462,1.48,1.13
2011.10.17 15:08:06.276,0.85445,0.85463,1.48,2.25
2011.10.17 15:08:07.204,0.85444,0.85462,1.48,1.13
2011.10.17 15:08:07.707,0.85444,0.85462,1.48,1.13
2011.10.17 15:08:08.171,0.85447,0.85463,1.88,1.13
2011.10.17 15:08:08.780,0.85447,0.85461,1.88,1.13
2011.10.17 15:08:09.141,0.85437,0.85454,1.05,1.13
2011.10.17 15:08:09.923,0.85436,0.85452,2.55,1.13
2011.10.17 15:08:10.526,0.85436,0.85452,1.05,1.50
2011.10.17 15:08:10.653,0.85437,0.85456,1.43,1.13
2011.10.17 15:08:10.884,0.85437,0.85458,3.68,2.48
2011.10.17 15:08:11.345,0.8544,0.85457,1.05,1.35
2011.10.17 15:08:11.946,0.85436,0.85454,4.48,1.35
2011.10.17 15:08:12.314,0.85433,0.85451,2.16,1.13
2011.10.17 15:08:12.891,0.85434,0.85451,1.05,1.13
2011.10.17 15:08:15.811,0.85434,0.85452,2.91,1.13
2011.10.17 15:08:16.272,0.85434,0.85453,1.80,2.25
2011.10.17 15:08:16.510,0.85434,0.85454,2.53,3.23
2011.10.17 15:08:16.632,0.85434,0.85454,2.53,3.23
2011.10.17 15:08:16.869,0.85433,0.85454,3.08,3.98
2011.10.17 15:08:16.992,0.85435,0.85454,1.88,1.35
2011.10.17 15:08:17.544,0.85435,0.85452,1.86,1.13
2011.10.17 15:08:17.906,0.85438,0.85458,2.18,1.13
2011.10.17 15:08:18.507,0.85442,0.85461,1.05,3.38
2011.10.17 15:08:19.141,0.85441,0.85459,1.33,1.50
2011.10.17 15:08:19.505,0.85439,0.85457,1.33,1.13
2011.10.17 15:08:19.622,0.85437,0.85457,3.88,1.13
2011.10.17 15:08:19.863,0.85437,0.85459,4.26,1.50
2011.10.17 15:08:19.982,0.8544,0.85461,1.33,2.55
2011.10.17 15:08:20.265,0.85442,0.85463,1.33,1.88
2011.10.17 15:08:21.757,0.85445,0.85464,1.43,3.00
2011.10.17 15:08:23.837,0.85444,0.85463,1.86,1.13
2011.10.17 15:08:24.206,0.85444,0.8546,1.86,1.13
2011.10.17 15:08:24.771,0.85444,0.85463,1.11,1.50
2011.10.17 15:08:25.283,0.85444,0.85463,1.48,3.00
2011.10.17 15:08:25.767,0.85443,0.8546,1.11,1.13
2011.10.17 15:08:25.896,0.85444,0.85458,1.11,1.13
2011.10.17 15:08:29.641,0.85443,0.8546,1.11,1.13
2011.10.17 15:08:30.251,0.85443,0.8546,1.11,1.13
2011.10.17 15:08:31.001,0.85444,0.8546,1.11,1.13
2011.10.17 15:08:31.573,0.85443,0.85462,2.23,1.13
2011.10.17 15:08:31.936,0.85445,0.85462,1.43,1.13
2011.10.17 15:08:32.478,0.85444,0.85461,1.11,1.13
2011.10.17 15:08:32.609,0.85441,0.8546,1.33,2.55
2011.10.17 15:08:33.208,0.8544,0.8546,2.16,1.13
2011.10.17 15:08:33.939,0.8544,0.8546,2.91,1.13
2011.10.17 15:08:37.403,0.85441,0.85458,1.86,1.13
2011.10.17 15:08:38.361,0.85442,0.8546,1.50,1.13
2011.10.17 15:08:38.976,0.85441,0.85458,1.48,1.13
2011.10.17 15:08:39.459,0.8544,0.85458,2.91,1.13
2011.10.17 15:08:40.019,0.8544,0.85458,2.91,1.13
2011.10.17 15:08:40.658,0.8544,0.85457,2.53,1.13
2011.10.17 15:08:41.333,0.8544,0.85461,2.91,2.25
2011.10.17 15:08:41.454,0.8544,0.85459,2.53,1.13
2011.10.17 15:08:41.697,0.85443,0.85463,1.13,3.00
2011.10.17 15:08:41.934,0.85447,0.85463,1.88,1.13
2011.10.17 15:08:42.501,0.85447,0.85463,1.88,1.13
2011.10.17 15:08:48.278,0.85445,0.85462,1.05,1.13
2011.10.17 15:08:48.850,0.85447,0.85465,1.88,1.88
2011.10.17 15:08:49.323,0.85447,0.85464,1.88,1.13
2011.10.17 15:08:49.446,0.85444,0.85461,1.86,1.13
2011.10.17 15:08:49.571,0.85443,0.85461,1.11,1.88
2011.10.17 15:08:50.141,0.85443,0.85461,1.11,1.88
2011.10.17 15:08:50.702,0.85442,0.8546,1.11,1.50
2011.10.17 15:08:51.311,0.85442,0.8546,1.11,1.50
2011.10.17 15:08:53.448,0.85442,0.8546,1.11,1.88
2011.10.17 15:08:54.070,0.85442,0.8546,1.11,1.88
2011.10.17 15:08:54.742,0.85442,0.8546,1.11,1.88
2011.10.17 15:08:55.370,0.85442,0.8546,1.11,1.88
2011.10.17 15:08:55.976,0.85441,0.8546,1.68,1.50
2011.10.17 15:08:56.902,0.85441,0.8546,2.06,1.88
2011.10.17 15:08:57.265,0.85437,0.85455,4.03,1.13
2011.10.17 15:08:57.625,0.85438,0.85457,1.86,3.00
2011.10.17 15:08:57.746,0.85437,0.85457,3.11,2.63
2011.10.17 15:09:00.342,0.85437,0.85456,1.78,1.13
2011.10.17 15:09:00.926,0.85438,0.85456,1.13,1.88
2011.10.17 15:09:01.042,0.85438,0.85456,1.50,1.50
2011.10.17 15:09:01.712,0.85438,0.85457,2.23,1.50
2011.10.17 15:09:02.374,0.85439,0.85458,2.23,1.88
2011.10.17 15:09:02.724,0.85439,0.85458,2.23,1.50
2011.10.17 15:09:03.065,0.8544,0.85459,1.11,1.80
2011.10.17 15:09:04.640,0.8544,0.85459,1.48,1.80
2011.10.17 15:09:06.121,0.85441,0.8546,2.38,2.25
2011.10.17 15:09:13.253,0.85441,0.8546,1.63,2.25
2011.10.17 15:09:14.980,0.85441,0.8546,1.63,1.50
2011.10.17 15:09:15.341,0.85445,0.85464,1.43,1.13
2011.10.17 15:09:15.586,0.85448,0.85467,1.13,1.05
2011.10.17 15:09:15.713,0.85449,0.85468,1.13,2.55
2011.10.17 15:09:16.192,0.85448,0.85465,1.43,1.13
2011.10.17 15:09:16.761,0.85447,0.85464,2.25,1.50
2011.10.17 15:09:17.247,0.85453,0.85466,1.05,1.50
2011.10.17 15:09:17.376,0.85453,0.85471,1.05,1.13
2011.10.17 15:09:17.505,0.85451,0.85472,2.85,1.88
2011.10.17 15:09:17.621,0.85456,0.85472,1.88,2.63
2011.10.17 15:09:18.031,0.85456,0.85469,1.88,1.50
2011.10.17 15:09:18.411,0.85451,0.85469,1.73,1.88
2011.10.17 15:09:20.072,0.85451,0.85467,2.46,1.50
2011.10.17 15:09:20.420,0.85449,0.85464,1.05,1.50
2011.10.17 15:09:20.654,0.85449,0.85464,1.05,1.50
2011.10.17 15:09:21.650,0.85449,0.85464,1.80,1.50
2011.10.17 15:09:21.777,0.85453,0.85471,1.05,1.50
2011.10.17 15:09:21.902,0.85454,0.85471,1.13,1.50
2011.10.17 15:09:22.024,0.85454,0.85473,2.61,1.50
2011.10.17 15:09:22.613,0.85453,0.85474,4.23,1.50
2011.10.17 15:09:22.856,0.85457,0.85477,3.00,2.25
2011.10.17 15:09:23.762,0.85459,0.85478,1.33,1.50
2011.10.17 15:09:25.397,0.85458,0.85477,1.33,1.50
2011.10.17 15:09:25.982,0.85457,0.85476,3.96,1.13
2011.10.17 15:09:26.454,0.85457,0.85476,2.08,2.63
2011.10.17 15:09:26.691,0.85455,0.85473,1.88,1.13
2011.10.17 15:09:26.811,0.85457,0.85473,1.88,1.88
2011.10.17 15:09:27.361,0.85454,0.85472,1.33,1.13
2011.10.17 15:09:27.593,0.85452,0.85472,3.86,1.13
2011.10.17 15:09:31.023,0.85452,0.85472,1.05,2.25
2011.10.17 15:09:31.579,0.85452,0.85472,1.05,2.25
2011.10.17 15:09:32.169,0.85452,0.85472,1.05,2.63
2011.10.17 15:09:32.640,0.85452,0.85471,1.05,1.50
2011.10.17 15:09:33.795,0.85467,0.85477,1.55,1.50
2011.10.17 15:09:33.918,0.85476,0.85485,1.50,1.43
2011.10.17 15:09:34.047,0.8548,0.85489,1.13,1.28
2011.10.17 15:09:34.297,0.8548,0.85498,2.63,1.95
2011.10.17 15:09:34.425,0.8548,0.85501,2.25,1.13
2011.10.17 15:09:34.546,0.8548,0.85501,1.71,1.88
2011.10.17 15:09:34.785,0.85479,0.85498,2.18,1.13
2011.10.17 15:09:35.023,0.85479,0.85498,1.80,1.13
2011.10.17 15:09:35.726,0.85479,0.85499,1.80,1.13
2011.10.17 15:09:35.973,0.85479,0.85498,1.80,1.13
2011.10.17 15:09:36.092,0.85479,0.85498,1.43,1.13
2011.10.17 15:09:36.442,0.85477,0.85495,2.25,1.13
2011.10.17 15:09:36.792,0.85477,0.85496,2.25,1.13
2011.10.17 15:09:36.912,0.85477,0.85497,2.25,2.18
2011.10.17 15:09:37.267,0.85477,0.85497,2.25,2.18
2011.10.17 15:09:37.392,0.85477,0.85496,2.25,1.50
2011.10.17 15:09:37.513,0.85477,0.85496,2.25,2.25
2011.10.17 15:09:38.453,0.85477,0.85496,2.25,2.25
2011.10.17 15:09:38.911,0.85477,0.85496,2.25,2.25
2011.10.17 15:09:39.373,0.85477,0.85495,3.00,1.88
2011.10.17 15:09:39.492,0.85477,0.85493,2.25,1.50
2011.10.17 15:09:40.271,0.85477,0.85492,2.25,1.50
2011.10.17 15:09:40.856,0.85477,0.85492,2.25,1.50
2011.10.17 15:09:41.673,0.85477,0.85493,2.25,1.50
2011.10.17 15:09:42.382,0.85477,0.85493,2.25,1.50
2011.10.17 15:09:42.504,0.85477,0.85493,2.83,1.50
2011.10.17 15:09:43.084,0.85477,0.85497,2.25,3.68
2011.10.17 15:09:44.021,0.85477,0.85496,2.63,1.50
2011.10.17 15:09:44.146,0.85477,0.85496,2.63,1.50
2011.10.17 15:09:45.233,0.85477,0.85494,2.25,1.13
2011.10.17 15:09:45.356,0.85477,0.85491,1.88,1.50
2011.10.17 15:09:45.473,0.85472,0.85491,1.50,1.88
2011.10.17 15:09:45.595,0.85472,0.85491,1.50,2.85
2011.10.17 15:09:45.715,0.85467,0.85486,4.80,1.50
2011.10.17 15:09:47.465,0.85467,0.85484,2.25,1.35
2011.10.17 15:09:47.701,0.85467,0.85485,2.93,1.13
2011.10.17 15:09:47.822,0.85467,0.85483,1.05,1.13
2011.10.17 15:09:48.182,0.85464,0.85481,3.23,1.13
2011.10.17 15:09:48.533,0.85462,0.8548,1.05,1.88
2011.10.17 15:09:48.979,0.85462,0.8548,1.80,1.13
2011.10.17 15:09:49.450,0.85461,0.85478,1.80,1.13
2011.10.17 15:09:49.577,0.85459,0.85477,1.80,1.13
2011.10.17 15:09:50.065,0.85464,0.85481,1.13,1.80
2011.10.17 15:09:50.194,0.85464,0.85481,1.13,1.05
2011.10.17 15:09:50.550,0.85464,0.85483,1.13,3.00
2011.10.17 15:09:51.165,0.85462,0.85483,1.43,3.00
2011.10.17 15:09:51.754,0.85467,0.85487,3.68,1.13
2011.10.17 15:09:52.923,0.85467,0.85486,3.68,1.13
2011.10.17 15:09:54.294,0.85467,0.85486,2.93,1.50
2011.10.17 15:09:54.865,0.85467,0.85486,3.68,1.88
2011.10.17 15:09:54.985,0.85467,0.85485,1.43,1.13
2011.10.17 15:09:55.581,0.85466,0.85486,2.46,1.43
2011.10.17 15:09:59.440,0.85467,0.85485,1.05,2.25
2011.10.17 15:10:00.069,0.85467,0.85485,1.05,1.50
2011.10.17 15:10:00.685,0.85467,0.85486,1.05,1.13
2011.10.17 15:10:01.135,0.85468,0.85486,1.13,1.13
2011.10.17 15:10:01.486,0.85472,0.85489,1.13,1.13
2011.10.17 15:10:02.290,0.85472,0.85491,1.13,1.88
2011.10.17 15:10:02.415,0.85472,0.85491,1.13,2.63
2011.10.17 15:10:02.654,0.85472,0.85489,1.13,1.13
2011.10.17 15:10:02.777,0.8547,0.85489,1.13,1.13
2011.10.17 15:10:03.308,0.85469,0.85489,1.13,1.13
2011.10.17 15:10:03.905,0.85469,0.8549,1.13,1.43
2011.10.17 15:10:04.024,0.85472,0.85491,1.80,1.88
2011.10.17 15:10:04.261,0.85472,0.8549,1.05,2.25
2011.10.17 15:10:04.841,0.8547,0.85489,1.26,1.13
2011.10.17 15:10:04.962,0.85469,0.85489,1.33,1.13
2011.10.17 15:10:05.201,0.85468,0.85487,1.33,1.50
2011.10.17 15:10:05.550,0.85471,0.8549,1.13,2.25
2011.10.17 15:10:05.902,0.85475,0.85493,1.43,1.50
2011.10.17 15:10:06.022,0.85479,0.85498,1.13,2.25
2011.10.17 15:10:06.545,0.85478,0.85497,1.13,1.13
2011.10.17 15:10:06.997,0.85476,0.85494,2.25,1.13
2011.10.17 15:10:07.583,0.85476,0.85493,2.25,1.13
2011.10.17 15:10:08.372,0.85475,0.85493,1.50,1.13
2011.10.17 15:10:09.299,0.85477,0.85493,1.88,1.13
2011.10.17 15:10:12.828,0.85477,0.85491,1.88,1.13
2011.10.17 15:10:13.289,0.85469,0.85491,3.06,1.80
2011.10.17 15:10:13.630,0.85473,0.85492,1.13,2.48
2011.10.17 15:10:13.971,0.85477,0.85492,1.88,2.48
2011.10.17 15:10:14.693,0.85477,0.85492,2.25,1.35
2011.10.17 15:10:14.819,0.85478,0.85495,1.13,1.43
2011.10.17 15:10:15.301,0.85476,0.85495,1.88,1.80
2011.10.17 15:10:15.422,0.85476,0.85492,1.88,1.35
2011.10.17 15:10:16.321,0.85476,0.85491,1.88,2.18
2011.10.17 15:10:16.551,0.85476,0.85492,1.88,1.35
2011.10.17 15:10:19.790,0.85473,0.85492,2.08,1.35
2011.10.17 15:10:20.642,0.85474,0.85492,1.13,2.10
2011.10.17 15:10:21.457,0.85473,0.85492,1.33,1.35
2011.10.17 15:10:22.234,0.85469,0.85487,1.71,1.13
2011.10.17 15:10:22.362,0.85463,0.85482,2.01,1.13
2011.10.17 15:10:22.486,0.85463,0.85482,1.13,1.13
2011.10.17 15:10:22.615,0.8546,0.85479,1.71,1.05
2011.10.17 15:10:22.734,0.85457,0.85474,1.88,1.05
2011.10.17 15:10:23.664,0.85456,0.85471,1.88,1.50
2011.10.17 15:10:24.702,0.85456,0.85472,1.88,1.50
2011.10.17 15:10:24.941,0.85454,0.85473,1.13,1.50
2011.10.17 15:10:25.405,0.85457,0.85473,1.88,1.50
2011.10.17 15:10:25.974,0.85456,0.85473,1.88,1.88
2011.10.17 15:10:26.833,0.85456,0.85471,1.88,1.88
2011.10.17 15:10:27.502,0.85456,0.8547,1.88,1.43
2011.10.17 15:10:27.854,0.85451,0.85471,1.50,1.43
2011.10.17 15:10:28.093,0.85452,0.85474,1.33,2.55
2011.10.17 15:10:28.323,0.85457,0.85474,1.88,2.55
2011.10.17 15:10:29.919,0.85457,0.85474,1.88,2.55
2011.10.17 15:10:31.120,0.85457,0.85474,1.88,2.55
2011.10.17 15:10:31.682,0.85457,0.85474,1.88,1.80
2011.10.17 15:10:32.030,0.85451,0.85474,1.33,2.18
2011.10.17 15:10:32.541,0.85457,0.85474,1.88,2.18
2011.10.17 15:10:32.876,0.8545,0.85468,1.43,2.10
2011.10.17 15:10:33.019,0.85446,0.85463,1.88,1.50
2011.10.17 15:10:33.264,0.85447,0.85465,2.25,1.43
2011.10.17 15:10:33.387,0.85447,0.85465,2.25,1.43
2011.10.17 15:10:33.753,0.85449,0.85468,1.13,1.35
2011.10.17 15:10:35.734,0.85449,0.85469,1.33,1.50
2011.10.17 15:10:35.972,0.85452,0.85472,1.80,1.13
2011.10.17 15:10:36.313,0.85453,0.85472,2.10,1.13
2011.10.17 15:10:36.995,0.85453,0.85471,1.35,2.10
2011.10.17 15:10:37.113,0.85451,0.8547,2.01,1.50
2011.10.17 15:10:38.392,0.85454,0.8547,1.33,1.50
2011.10.17 15:10:38.519,0.85457,0.85472,1.33,1.50
2011.10.17 15:10:38.644,0.85457,0.85476,1.71,1.43
2011.10.17 15:10:39.462,0.85456,0.85476,2.08,1.13
2011.10.17 15:10:40.021,0.85456,0.85474,1.88,1.13
2011.10.17 15:10:40.593,0.85456,0.85475,1.88,1.13
2011.10.17 15:10:41.110,0.85456,0.85477,3.21,1.13
2011.10.17 15:10:41.759,0.85456,0.85476,3.21,1.13
2011.10.17 15:10:42.609,0.85457,0.85476,1.50,1.13
2011.10.17 15:10:45.314,0.85458,0.85477,1.88,1.88
2011.10.17 15:10:45.662,0.85456,0.85473,3.38,1.13
2011.10.17 15:10:46.571,0.85456,0.85472,2.63,1.13
2011.10.17 15:10:47.151,0.85456,0.85472,2.63,1.13
2011.10.17 15:10:47.645,0.85456,0.85473,3.38,1.13
2011.10.17 15:10:48.113,0.85461,0.85476,1.43,1.13
2011.10.17 15:10:48.250,0.85457,0.85474,1.88,1.13
2011.10.17 15:10:48.752,0.85457,0.85474,3.38,1.88
2011.10.17 15:10:49.365,0.85457,0.85474,3.38,1.88
2011.10.17 15:10:49.488,0.85458,0.85474,1.13,1.50
2011.10.17 15:10:49.620,0.85462,0.85476,1.13,2.55
2011.10.17 15:10:49.751,0.85465,0.8548,1.50,1.13
2011.10.17 15:10:49.875,0.85468,0.8548,1.50,1.13
2011.10.17 15:10:50.001,0.85469,0.85484,1.50,1.13
2011.10.17 15:10:50.378,0.8547,0.85485,1.50,1.13
2011.10.17 15:10:51.062,0.85468,0.85484,1.50,1.13
2011.10.17 15:10:51.181,0.85467,0.85484,3.30,1.50
2011.10.17 15:10:52.976,0.85467,0.8548,1.43,1.13
2011.10.17 15:10:53.341,0.85467,0.85484,1.88,2.25
2011.10.17 15:10:53.876,0.85467,0.85484,2.63,1.88
2011.10.17 15:10:56.203,0.85468,0.85483,1.43,1.13
2011.10.17 15:10:56.432,0.85468,0.85484,1.43,1.13
2011.10.17 15:10:56.665,0.85468,0.85485,1.43,1.13
2011.10.17 15:10:57.412,0.85468,0.85486,1.43,1.13
2011.10.17 15:10:57.534,0.85472,0.85487,1.43,1.50
2011.10.17 15:10:57.860,0.85472,0.85491,1.43,1.88
2011.10.17 15:10:57.996,0.85476,0.85492,3.30,1.13
2011.10.17 15:11:00.943,0.85476,0.8549,1.05,1.13
2011.10.17 15:11:02.526,0.85476,0.85488,2.63,1.13
2011.10.17 15:11:02.650,0.85473,0.85489,1.50,1.50
2011.10.17 15:11:02.862,0.85472,0.85486,1.50,1.13
2011.10.17 15:11:04.003,0.85471,0.85487,1.50,1.13
2011.10.17 15:11:04.879,0.85466,0.85485,2.63,1.88
2011.10.17 15:11:05.003,0.85467,0.85481,1.88,1.13
2011.10.17 15:11:05.604,0.85467,0.85479,1.88,1.13
2011.10.17 15:11:07.354,0.85467,0.85479,1.88,1.13
2011.10.17 15:11:08.741,0.85467,0.85477,1.88,1.13
2011.10.17 15:11:09.092,0.85467,0.85479,1.88,1.13
2011.10.17 15:11:09.212,0.85467,0.85481,1.88,1.88
2011.10.17 15:11:10.289,0.85467,0.85483,1.88,2.48
2011.10.17 15:11:10.641,0.85467,0.85484,1.88,1.13
2011.10.17 15:11:11.199,0.85467,0.85484,1.88,1.13
2011.10.17 15:11:11.770,0.85467,0.85483,1.88,1.13
2011.10.17 15:11:11.895,0.85465,0.85483,1.13,1.13
2011.10.17 15:11:13.051,0.85467,0.85483,1.88,1.13
2011.10.17 15:11:13.417,0.85464,0.85478,1.13,1.13
2011.10.17 15:11:13.664,0.85462,0.85478,1.50,1.13
2011.10.17 15:11:14.673,0.85462,0.85478,1.50,1.13
2011.10.17 15:11:15.459,0.85462,0.85477,1.50,1.13
2011.10.17 15:11:16.007,0.85462,0.85477,1.50,1.13
2011.10.17 15:11:16.565,0.85462,0.85477,1.50,1.13
2011.10.17 15:11:17.141,0.85463,0.85477,1.50,1.13
2011.10.17 15:11:17.484,0.85463,0.85477,1.50,1.13
2011.10.17 15:11:18.002,0.85463,0.85477,1.50,1.13
2011.10.17 15:11:19.991,0.8546,0.85477,1.43,1.13
2011.10.17 15:11:20.443,0.85457,0.85477,2.83,1.88
2011.10.17 15:11:21.261,0.85459,0.85478,1.13,1.13
2011.10.17 15:11:23.545,0.85459,0.85477,1.13,1.50
2011.10.17 15:11:23.917,0.85461,0.85476,1.13,1.50
2011.10.17 15:11:24.047,0.85461,0.85477,1.13,1.50
2011.10.17 15:11:24.174,0.85459,0.85477,1.13,1.50
2011.10.17 15:11:25.061,0.8546,0.85477,1.13,1.50
2011.10.17 15:11:26.074,0.85461,0.85476,1.13,1.50
2011.10.17 15:11:28.024,0.85459,0.85477,1.13,1.50
2011.10.17 15:11:29.544,0.85459,0.85477,1.13,1.50
2011.10.17 15:11:29.990,0.8546,0.85476,1.13,1.50
2011.10.17 15:11:31.759,0.8546,0.85478,1.13,1.80
2011.10.17 15:11:32.339,0.85459,0.85476,1.13,1.50
2011.10.17 15:11:33.121,0.8546,0.85477,1.13,1.50
2011.10.17 15:11:33.362,0.85462,0.85477,1.88,1.50
2011.10.17 15:11:35.279,0.8546,0.85478,1.13,1.80
2011.10.17 15:11:35.418,0.8546,0.85478,1.13,1.80
2011.10.17 15:11:36.294,0.85458,0.85474,1.50,1.13
2011.10.17 15:11:36.415,0.85456,0.85474,3.51,1.80
2011.10.17 15:11:36.536,0.85457,0.85471,1.88,1.50
2011.10.17 15:11:37.093,0.85451,0.85468,1.33,1.50
2011.10.17 15:11:37.213,0.85451,0.85468,1.33,1.50
2011.10.17 15:11:37.812,0.85451,0.85468,1.33,1.50
2011.10.17 15:11:37.950,0.85451,0.85468,1.71,1.50
2011.10.17 15:11:38.542,0.8545,0.85468,1.13,1.88
2011.10.17 15:11:38.785,0.85447,0.85466,2.25,1.88
2011.10.17 15:11:38.902,0.85447,0.85466,1.13,1.13
2011.10.17 15:11:39.463,0.85449,0.85466,1.13,1.50
2011.10.17 15:11:40.117,0.85448,0.85465,1.13,1.13
2011.10.17 15:11:40.370,0.85448,0.85465,1.88,1.13
2011.10.17 15:11:41.772,0.85448,0.85466,1.88,1.50
2011.10.17 15:11:42.841,0.85448,0.85466,1.88,1.50
2011.10.17 15:11:45.189,0.85448,0.85466,1.88,1.50
2011.10.17 15:11:45.557,0.85447,0.85462,2.63,1.50
2011.10.17 15:11:47.201,0.85447,0.85459,2.63,1.88
2011.10.17 15:11:47.330,0.85443,0.85458,1.50,1.05
2011.10.17 15:11:47.452,0.8544,0.85455,1.50,1.43
2011.10.17 15:11:47.692,0.85434,0.85455,1.33,1.43
2011.10.17 15:11:48.326,0.85437,0.85455,2.25,3.83
2011.10.17 15:11:51.103,0.85433,0.85454,1.63,2.63
2011.10.17 15:11:51.237,0.85433,0.85453,1.05,1.13
2011.10.17 15:11:51.369,0.8543,0.85451,1.71,1.43
2011.10.17 15:11:52.411,0.8543,0.85449,2.08,1.13
2011.10.17 15:11:52.654,0.85424,0.85443,1.80,1.13
2011.10.17 15:11:52.772,0.85424,0.85444,1.50,1.13
2011.10.17 15:11:53.429,0.85421,0.85444,2.08,1.13
2011.10.17 15:11:54.035,0.85426,0.85444,1.88,1.13
2011.10.17 15:11:54.625,0.85426,0.85444,2.25,1.13
2011.10.17 15:11:56.421,0.85426,0.85442,1.88,1.13
2011.10.17 15:11:58.203,0.85426,0.85443,1.88,1.13
2011.10.17 15:11:59.008,0.85426,0.85444,1.88,1.13
2011.10.17 15:11:59.143,0.85427,0.85447,1.13,1.50
2011.10.17 15:11:59.723,0.85427,0.85449,2.46,2.48
2011.10.17 15:11:59.843,0.85427,0.85449,2.46,2.48
2011.10.17 15:12:00.074,0.85427,0.85449,3.58,2.48
2011.10.17 15:12:00.437,0.85433,0.85452,1.43,1.50
2011.10.17 15:12:00.566,0.85434,0.85453,1.43,1.88
2011.10.17 15:12:01.950,0.85437,0.85453,1.50,1.13
2011.10.17 15:12:07.722,0.85437,0.85454,1.88,1.13
2011.10.17 15:12:08.064,0.85436,0.85456,2.63,1.50
2011.10.17 15:12:08.180,0.85436,0.85456,3.30,1.50
2011.10.17 15:12:08.534,0.85438,0.85456,1.35,1.50
2011.10.17 15:12:08.774,0.85438,0.85458,1.35,1.50
2011.10.17 15:12:08.894,0.8544,0.85459,1.05,2.10
2011.10.17 15:12:09.390,0.85446,0.85462,1.35,1.50
2011.10.17 15:12:09.531,0.85445,0.85462,1.13,1.35
2011.10.17 15:12:10.133,0.85446,0.85463,2.68,1.88
2011.10.17 15:12:10.701,0.85447,0.85465,2.55,1.50
2011.10.17 15:12:11.262,0.85447,0.85466,3.30,1.50
2011.10.17 15:12:11.894,0.85447,0.85468,3.30,1.50
2011.10.17 15:12:12.254,0.85447,0.85469,3.68,1.50
2011.10.17 15:12:13.172,0.85447,0.85469,3.30,2.25
2011.10.17 15:12:16.453,0.85447,0.85469,2.93,1.50
2011.10.17 15:12:17.031,0.85447,0.85468,3.30,1.50
2011.10.17 15:12:18.970,0.85447,0.85467,2.93,1.13
2011.10.17 15:12:19.814,0.85447,0.85465,2.55,1.88
2011.10.17 15:12:20.503,0.85447,0.85465,2.55,1.88
2011.10.17 15:12:22.528,0.85447,0.85465,2.55,1.88
2011.10.17 15:12:22.893,0.85447,0.85462,2.55,1.50
2011.10.17 15:12:23.015,0.85447,0.85465,2.55,1.88
2011.10.17 15:12:23.679,0.85447,0.85461,1.88,1.50
2011.10.17 15:12:23.810,0.85447,0.85464,1.88,1.50
2011.10.17 15:12:25.742,0.85447,0.85462,1.88,2.25
2011.10.17 15:12:27.538,0.85447,0.85464,1.88,1.50
2011.10.17 15:12:27.659,0.85447,0.85462,1.88,2.25
2011.10.17 15:12:27.949,0.85447,0.85464,1.88,1.50
2011.10.17 15:12:28.622,0.85447,0.85462,1.88,2.25
2011.10.17 15:12:29.182,0.85444,0.85462,1.63,1.13
2011.10.17 15:12:29.410,0.85442,0.85462,1.26,2.63
2011.10.17 15:12:30.970,0.85444,0.85463,1.26,2.63
2011.10.17 15:12:31.101,0.85446,0.85461,1.88,1.50
2011.10.17 15:12:32.225,0.85443,0.85462,2.38,1.13
2011.10.17 15:12:32.455,0.85443,0.85462,1.63,1.13
2011.10.17 15:12:34.594,0.8544,0.8546,1.26,1.13
2011.10.17 15:12:34.712,0.85439,0.8546,2.76,1.13
2011.10.17 15:12:35.290,0.85439,0.85459,1.05,1.13
2011.10.17 15:12:35.414,0.85443,0.85461,1.13,1.50
2011.10.17 15:12:35.532,0.85443,0.85463,1.80,1.88
2011.10.17 15:12:35.881,0.85443,0.85461,1.05,1.50
2011.10.17 15:12:36.112,0.85443,0.85461,1.43,1.13
2011.10.17 15:12:36.232,0.85443,0.85464,1.63,4.35
2011.10.17 15:12:36.683,0.85443,0.85461,1.63,1.50
2011.10.17 15:12:37.034,0.85446,0.85464,2.25,1.35
2011.10.17 15:12:37.586,0.85446,0.85461,2.25,1.50
2011.10.17 15:12:38.181,0.85446,0.85461,2.25,1.50
2011.10.17 15:12:38.706,0.85446,0.85463,2.25,1.50
2011.10.17 15:12:39.064,0.85446,0.85463,2.25,1.50
2011.10.17 15:12:39.181,0.85446,0.85463,2.25,1.50
2011.10.17 15:12:39.575,0.85446,0.85461,2.25,2.25
2011.10.17 15:12:40.273,0.85442,0.85458,1.33,1.50
2011.10.17 15:12:40.847,0.85437,0.85456,3.58,1.05
2011.10.17 15:12:41.024,0.85437,0.85454,3.58,3.00
2011.10.17 15:12:41.154,0.85433,0.85453,1.33,1.50
2011.10.17 15:12:41.278,0.85433,0.85449,1.33,1.50
2011.10.17 15:12:41.511,0.85431,0.85452,2.76,1.50
2011.10.17 15:12:42.501,0.85432,0.8545,1.33,1.43
2011.10.17 15:12:42.858,0.85417,0.85436,3.21,1.43
2011.10.17 15:12:42.983,0.85416,0.85434,1.71,1.05
2011.10.17 15:12:43.109,0.85414,0.85433,1.71,1.13
2011.10.17 15:12:43.355,0.85411,0.85432,1.71,1.13
2011.10.17 15:12:43.951,0.85412,0.85432,1.33,1.13
2011.10.17 15:12:44.192,0.85413,0.85434,1.80,2.55
2011.10.17 15:12:45.253,0.85414,0.85434,1.26,2.63
2011.10.17 15:12:45.494,0.85414,0.85434,2.01,1.88
2011.10.17 15:12:46.493,0.85414,0.85434,1.26,5.03
2011.10.17 15:12:48.103,0.85415,0.85434,1.13,5.78
2011.10.17 15:12:48.332,0.85415,0.85434,1.13,4.50
2011.10.17 15:12:49.641,0.85415,0.85434,1.13,4.95
2011.10.17 15:12:50.011,0.85428,0.85446,1.26,2.25
2011.10.17 15:12:50.135,0.85433,0.85452,1.13,2.55
2011.10.17 15:12:50.538,0.85433,0.85452,1.13,3.15
2011.10.17 15:12:50.672,0.8543,0.85452,1.13,1.80
2011.10.17 15:12:50.909,0.85431,0.85453,1.73,1.88
2011.10.17 15:12:52.301,0.85432,0.85452,1.80,1.13
2011.10.17 15:12:53.223,0.85432,0.85451,1.43,1.13
2011.10.17 15:12:53.584,0.85429,0.85449,1.05,1.13
2011.10.17 15:12:54.730,0.85429,0.85449,1.05,1.13
2011.10.17 15:12:56.987,0.85433,0.85447,1.50,1.13
2011.10.17 15:12:57.356,0.85436,0.85453,1.50,1.88
2011.10.17 15:12:57.488,0.85436,0.85451,2.18,1.50
2011.10.17 15:12:57.843,0.85436,0.85451,2.18,1.50
2011.10.17 15:12:57.965,0.85436,0.85453,2.18,1.13
2011.10.17 15:12:59.663,0.85436,0.85452,2.18,1.88
2011.10.17 15:13:00.001,0.85437,0.85453,2.63,1.13
2011.10.17 15:13:01.764,0.85437,0.85455,2.63,1.88
2011.10.17 15:13:02.125,0.85437,0.85451,3.38,1.50
2011.10.17 15:13:02.247,0.85437,0.85455,1.88,1.13
2011.10.17 15:13:02.379,0.85439,0.85455,1.43,1.13
2011.10.17 15:13:02.509,0.85441,0.85456,1.78,2.63
2011.10.17 15:13:03.104,0.85441,0.85456,1.43,1.13
2011.10.17 15:13:03.983,0.85442,0.85459,1.80,1.13
2011.10.17 15:13:04.113,0.85444,0.8546,1.13,1.13
2011.10.17 15:13:04.354,0.85447,0.85464,1.88,3.15
2011.10.17 15:13:04.694,0.85449,0.85466,1.43,2.25
2011.10.17 15:13:04.934,0.85455,0.8547,1.50,1.13
2011.10.17 15:13:05.284,0.85451,0.85469,1.26,1.88
2011.10.17 15:13:05.840,0.8545,0.85469,1.13,1.88
2011.10.17 15:13:07.461,0.85449,0.8547,2.08,2.25
2011.10.17 15:13:08.054,0.85453,0.85468,1.13,1.50
2011.10.17 15:13:10.379,0.85449,0.85469,2.46,1.13
2011.10.17 15:13:10.504,0.85451,0.85469,1.13,1.13
2011.10.17 15:13:10.625,0.85451,0.85469,1.13,1.13
2011.10.17 15:13:11.751,0.85451,0.85469,1.13,1.13
2011.10.17 15:13:12.518,0.85449,0.85469,1.88,1.88
2011.10.17 15:13:12.763,0.85448,0.85466,1.05,1.13
2011.10.17 15:13:12.883,0.85446,0.85466,3.96,1.88
2011.10.17 15:13:13.371,0.85446,0.85464,3.38,1.05
2011.10.17 15:13:13.751,0.85446,0.85458,1.88,1.50
2011.10.17 15:13:15.855,0.85445,0.8546,1.50,2.18
2011.10.17 15:13:17.846,0.85445,0.85461,1.50,2.25
2011.10.17 15:13:18.092,0.85445,0.85461,1.50,1.50
2011.10.17 15:13:18.520,0.85447,0.85461,2.63,1.88
2011.10.17 15:13:19.124,0.85447,0.8546,2.63,1.43
2011.10.17 15:13:20.373,0.85447,0.8546,2.63,1.43
2011.10.17 15:13:20.972,0.85447,0.85461,2.63,1.88
2011.10.17 15:13:21.713,0.85447,0.85461,2.63,1.88
2011.10.17 15:13:27.548,0.85447,0.85461,2.63,1.13
2011.10.17 15:13:28.024,0.85448,0.85461,1.50,1.13
2011.10.17 15:13:28.494,0.85447,0.85464,3.38,1.13
2011.10.17 15:13:28.612,0.85447,0.85463,2.63,1.13
2011.10.17 15:13:28.975,0.8545,0.85463,1.50,1.50
2011.10.17 15:13:29.094,0.8545,0.85467,1.43,1.88
2011.10.17 15:13:29.330,0.85449,0.85468,1.43,1.50
2011.10.17 15:13:29.833,0.8545,0.85468,1.43,1.50
2011.10.17 15:13:31.063,0.8545,0.85467,1.43,1.13
2011.10.17 15:13:31.423,0.85442,0.85463,1.43,1.13
2011.10.17 15:13:31.652,0.85447,0.85463,1.50,1.50
2011.10.17 15:13:32.255,0.85447,0.85463,1.50,1.88
2011.10.17 15:13:32.934,0.85447,0.85462,1.50,1.13
2011.10.17 15:13:34.075,0.85447,0.85462,2.25,1.13
2011.10.17 15:13:34.314,0.85447,0.85463,2.63,2.25
2011.10.17 15:13:34.881,0.85448,0.85465,1.50,1.50
2011.10.17 15:13:41.139,0.85446,0.85461,1.88,1.50
2011.10.17 15:13:41.747,0.85446,0.85461,1.88,2.18
2011.10.17 15:13:43.438,0.8544,0.85459,1.33,1.13
2011.10.17 15:13:43.567,0.85439,0.85453,1.33,1.43
2011.10.17 15:13:43.696,0.85437,0.85453,1.50,1.80
2011.10.17 15:13:43.826,0.85436,0.85453,2.63,1.80
2011.10.17 15:13:43.946,0.85436,0.85453,3.38,1.80
2011.10.17 15:13:44.647,0.85437,0.85453,1.50,2.18
2011.10.17 15:13:44.782,0.85437,0.85453,1.50,2.18
2011.10.17 15:13:47.340,0.85437,0.85453,1.50,1.80
2011.10.17 15:13:47.588,0.85437,0.85453,2.25,1.80
2011.10.17 15:13:49.153,0.85437,0.85455,1.43,1.50
2011.10.17 15:13:49.504,0.85443,0.85456,1.50,1.50
2011.10.17 15:13:50.185,0.85443,0.85457,1.50,1.88
2011.10.17 15:13:53.486,0.85443,0.85456,1.50,1.50
2011.10.17 15:13:53.606,0.85438,0.85456,1.50,1.50
2011.10.17 15:13:53.723,0.85441,0.85456,1.50,1.50
2011.10.17 15:13:54.555,0.85436,0.85456,3.38,1.50
2011.10.17 15:13:55.532,0.85436,0.85454,2.63,1.13
2011.10.17 15:13:55.896,0.85437,0.85454,1.50,1.13
2011.10.17 15:13:56.261,0.85442,0.85455,1.50,1.13
2011.10.17 15:13:56.506,0.85441,0.85455,1.50,1.13
2011.10.17 15:13:56.626,0.85437,0.85455,3.38,1.13
2011.10.17 15:13:56.744,0.85437,0.85455,2.63,1.88
2011.10.17 15:13:57.263,0.85437,0.85454,3.38,1.13
2011.10.17 15:13:57.384,0.85437,0.85454,3.38,1.13
2011.10.17 15:13:57.622,0.85438,0.85455,1.50,1.88
2011.10.17 15:13:57.744,0.85438,0.85455,1.50,1.88
2011.10.17 15:13:58.545,0.85438,0.85455,1.50,1.13
2011.10.17 15:13:58.667,0.85437,0.85456,3.30,1.88
2011.10.17 15:13:59.262,0.85437,0.85457,3.58,1.43
2011.10.17 15:14:00.222,0.85437,0.85457,2.83,1.43
2011.10.17 15:14:00.450,0.85437,0.85457,2.08,2.18
2011.10.17 15:14:01.047,0.85437,0.85456,2.76,1.50
2011.10.17 15:14:01.658,0.85438,0.85457,1.05,1.13
2011.10.17 15:14:02.591,0.85437,0.85457,3.13,1.13
2011.10.17 15:14:03.293,0.85441,0.8546,1.88,2.55
2011.10.17 15:14:03.423,0.85438,0.8546,1.26,1.43
2011.10.17 15:14:03.557,0.85446,0.8546,1.50,1.43
2011.10.17 15:14:03.809,0.85446,0.85464,1.88,3.30
2011.10.17 15:14:04.281,0.85447,0.85464,1.88,2.18
2011.10.17 15:14:04.860,0.85447,0.85464,1.88,2.93
2011.10.17 15:14:05.578,0.85447,0.85464,1.88,2.93
2011.10.17 15:14:06.215,0.85447,0.85458,1.88,1.43
2011.10.17 15:14:06.342,0.85436,0.85458,2.76,1.80
2011.10.17 15:14:06.470,0.85436,0.85457,2.08,2.18
2011.10.17 15:14:06.713,0.85437,0.85455,1.88,1.50
2011.10.17 15:14:07.628,0.85437,0.85453,1.88,1.43
2011.10.17 15:14:08.067,0.85437,0.85455,1.88,1.50
2011.10.17 15:14:08.201,0.85437,0.85455,1.88,1.50
2011.10.17 15:14:08.328,0.85437,0.85456,1.88,2.18
2011.10.17 15:14:09.448,0.85437,0.85455,1.88,1.13
2011.10.17 15:14:09.695,0.85434,0.85453,1.43,2.63
2011.10.17 15:14:09.813,0.85437,0.85454,1.88,1.13
2011.10.17 15:14:10.156,0.85437,0.85453,1.88,1.50
2011.10.17 15:14:13.632,0.85437,0.85452,1.88,1.43
2011.10.17 15:14:14.236,0.85437,0.85454,1.88,1.50
2011.10.17 15:14:16.371,0.85437,0.85455,2.63,1.88
2011.10.17 15:14:16.733,0.85435,0.85451,1.43,1.13
2011.10.17 15:14:17.312,0.85434,0.85453,1.43,1.13
2011.10.17 15:14:18.263,0.85431,0.85452,1.43,1.50
2011.10.17 15:14:18.653,0.85432,0.85452,1.13,1.13
2011.10.17 15:14:19.234,0.85433,0.85453,1.43,1.05
2011.10.17 15:14:19.804,0.85435,0.85454,1.43,3.00
2011.10.17 15:14:20.384,0.85434,0.85454,1.43,2.63
2011.10.17 15:14:20.984,0.85435,0.85454,2.40,3.75
2011.10.17 15:14:21.342,0.85435,0.85454,2.78,1.50
2011.10.17 15:14:21.921,0.85436,0.85453,1.88,1.13
2011.10.17 15:14:22.491,0.85436,0.85453,1.88,2.55
2011.10.17 15:14:22.730,0.8543,0.85453,2.76,2.55
2011.10.17 15:14:23.486,0.85431,0.85453,1.43,2.55
2011.10.17 15:14:23.724,0.85431,0.85453,1.43,2.55
2011.10.17 15:14:24.994,0.85439,0.85453,1.50,2.55
2011.10.17 15:14:26.967,0.85439,0.85453,1.50,2.55
2011.10.17 15:14:27.554,0.85442,0.85455,1.50,1.50
2011.10.17 15:14:28.121,0.85444,0.85455,1.50,1.50
2011.10.17 15:14:28.953,0.85442,0.85457,1.50,1.88
2011.10.17 15:14:29.193,0.85444,0.85457,1.50,1.50
2011.10.17 15:14:29.691,0.85439,0.85459,2.93,1.50
2011.10.17 15:14:30.493,0.85439,0.85459,2.18,1.50
2011.10.17 15:14:33.743,0.85441,0.85459,1.50,1.50
2011.10.17 15:14:33.860,0.85446,0.8546,1.50,1.50
2011.10.17 15:14:36.023,0.8544,0.85461,1.50,2.18
2011.10.17 15:14:36.702,0.8544,0.85461,1.50,2.18
2011.10.17 15:14:37.281,0.8544,0.85461,1.50,2.18
2011.10.17 15:14:37.810,0.85441,0.85461,1.50,1.43
2011.10.17 15:14:38.370,0.85442,0.85462,1.05,2.10
2011.10.17 15:14:38.712,0.85446,0.85462,1.50,1.50
2011.10.17 15:14:39.263,0.85448,0.85464,1.50,3.38
2011.10.17 15:14:39.749,0.85442,0.85464,2.38,1.50
2011.10.17 15:14:39.878,0.85441,0.85461,2.03,1.50
2011.10.17 15:14:40.471,0.85441,0.85461,1.35,1.50
2011.10.17 15:14:42.210,0.8544,0.85461,1.35,1.50
2011.10.17 15:14:44.126,0.85441,0.85461,2.03,1.50
2011.10.17 15:14:44.245,0.85441,0.85461,2.70,1.50
2011.10.17 15:14:45.499,0.85443,0.85462,1.43,1.88
2011.10.17 15:14:46.313,0.85443,0.85462,1.43,1.13
2011.10.17 15:14:47.473,0.85445,0.85462,1.50,1.13
2011.10.17 15:14:51.627,0.85448,0.85465,1.50,2.63
2011.10.17 15:14:51.754,0.85449,0.85465,1.50,1.13
2011.10.17 15:14:52.323,0.8545,0.85464,1.50,1.88
2011.10.17 15:14:53.066,0.8545,0.85467,1.50,1.13
2011.10.17 15:14:53.189,0.85452,0.85469,1.88,1.43
2011.10.17 15:14:53.463,0.85454,0.8547,1.50,1.43
2011.10.17 15:14:53.822,0.8545,0.85469,2.25,1.13
2011.10.17 15:14:53.945,0.8545,0.85468,2.25,1.13
2011.10.17 15:14:56.603,0.85449,0.85468,1.88,1.13
2011.10.17 15:14:57.166,0.85453,0.85468,1.50,1.13
2011.10.17 15:14:57.731,0.85454,0.85468,1.50,1.13
2011.10.17 15:14:58.157,0.8545,0.85468,1.50,1.13
2011.10.17 15:14:58.524,0.85447,0.85466,1.88,1.88
2011.10.17 15:14:58.972,0.8545,0.85466,1.50,2.63
2011.10.17 15:14:59.691,0.85452,0.85466,1.50,1.88
2011.10.17 15:15:00.628,0.85447,0.85465,1.13,1.13
2011.10.17 15:15:00.764,0.85444,0.85462,2.25,1.05
2011.10.17 15:15:00.886,0.85444,0.85463,2.25,2.55
2011.10.17 15:15:01.474,0.8545,0.85462,1.50,1.43
2011.10.17 15:15:01.596,0.8544,0.85461,1.71,4.50
2011.10.17 15:15:01.846,0.85439,0.8546,2.46,1.43
2011.10.17 15:15:02.843,0.8544,0.85459,1.33,1.80
2011.10.17 15:15:03.087,0.85437,0.85456,2.46,1.05
2011.10.17 15:15:03.683,0.85436,0.85456,2.25,1.80
2011.10.17 15:15:04.645,0.85437,0.85456,1.50,1.80
2011.10.17 15:15:05.455,0.85437,0.85457,1.13,1.13
2011.10.17 15:15:05.815,0.8544,0.85457,1.50,1.88
2011.10.17 15:15:06.274,0.85438,0.85457,1.13,1.88
2011.10.17 15:15:06.393,0.85436,0.85454,2.55,1.13
2011.10.17 15:15:06.633,0.85436,0.85453,1.88,1.13
2011.10.17 15:15:06.757,0.85432,0.85449,1.43,1.50
2011.10.17 15:15:07.110,0.85434,0.85449,1.50,1.50
2011.10.17 15:15:08.490,0.85432,0.85449,1.50,1.50
2011.10.17 15:15:08.617,0.8543,0.85448,2.25,1.13
2011.10.17 15:15:08.864,0.85429,0.85446,1.50,1.80
2011.10.17 15:15:09.336,0.85429,0.85446,1.50,1.05
2011.10.17 15:15:09.696,0.8543,0.85446,1.50,1.80
2011.10.17 15:15:10.735,0.8543,0.85446,1.50,2.55
2011.10.17 15:15:11.350,0.8543,0.85445,1.50,1.13
2011.10.17 15:15:13.643,0.8543,0.85446,1.50,2.55
2011.10.17 15:15:14.602,0.8543,0.85446,1.50,2.55
2011.10.17 15:15:14.835,0.8543,0.85443,1.50,1.05
2011.10.17 15:15:15.074,0.85424,0.85439,2.25,1.05
2011.10.17 15:15:15.679,0.8542,0.85436,1.50,1.13
2011.10.17 15:15:16.047,0.85418,0.85434,1.50,1.13
2011.10.17 15:15:16.620,0.85417,0.85433,1.88,1.80
2011.10.17 15:15:16.965,0.85417,0.85433,1.88,1.80
2011.10.17 15:15:17.195,0.85416,0.85431,1.50,1.13
2011.10.17 15:15:17.791,0.85413,0.85428,1.50,1.13
2011.10.17 15:15:18.562,0.85413,0.85427,1.50,1.80
2011.10.17 15:15:18.684,0.85408,0.85425,1.50,1.80
2011.10.17 15:15:18.913,0.85406,0.85425,2.25,1.80
2011.10.17 15:15:19.584,0.85406,0.85425,2.63,1.05
2011.10.17 15:15:19.822,0.85408,0.85426,1.13,1.80
2011.10.17 15:15:20.456,0.85408,0.85425,1.88,1.43
2011.10.17 15:15:22.126,0.85408,0.85425,1.88,1.50
2011.10.17 15:15:22.476,0.85406,0.85424,1.13,2.55
2011.10.17 15:15:22.811,0.85402,0.85417,1.50,1.43
2011.10.17 15:15:23.403,0.85402,0.85418,1.50,1.05
2011.10.17 15:15:24.257,0.85402,0.85418,1.50,1.13
2011.10.17 15:15:25.283,0.854,0.85419,1.50,1.13
2011.10.17 15:15:25.525,0.85398,0.85414,1.50,1.13
2011.10.17 15:15:25.765,0.85396,0.85414,1.50,1.80
2011.10.17 15:15:26.007,0.85393,0.85411,1.50,1.13
2011.10.17 15:15:26.571,0.85393,0.85412,1.50,1.13
2011.10.17 15:15:26.935,0.85399,0.85415,1.50,1.80
2011.10.17 15:15:27.292,0.85399,0.85416,1.50,2.55
2011.10.17 15:15:27.534,0.85397,0.85414,1.13,1.13
2011.10.17 15:15:27.996,0.85397,0.85413,1.13,1.13
2011.10.17 15:15:28.884,0.85401,0.85414,1.88,1.50
2011.10.17 15:15:29.116,0.85402,0.8542,1.13,1.80
2011.10.17 15:15:29.342,0.85403,0.8542,1.13,1.43
2011.10.17 15:15:30.042,0.85403,0.8542,1.13,1.50
2011.10.17 15:15:30.160,0.85403,0.85421,1.13,1.13
2011.10.17 15:15:30.410,0.85411,0.85424,1.50,2.25
2011.10.17 15:15:30.655,0.85416,0.85431,1.13,1.43
2011.10.17 15:15:31.052,0.85414,0.85433,2.08,1.13
2011.10.17 15:15:31.294,0.85416,0.85433,1.13,1.13
2011.10.17 15:15:31.882,0.85415,0.85433,2.08,1.50
2011.10.17 15:15:32.667,0.85415,0.85431,2.08,1.43
2011.10.17 15:15:33.058,0.85415,0.85431,1.71,1.43
2011.10.17 15:15:33.632,0.85415,0.85432,1.71,2.70
2011.10.17 15:15:33.864,0.85419,0.85432,1.13,2.03
2011.10.17 15:15:34.102,0.85422,0.8544,1.88,2.55
2011.10.17 15:15:34.681,0.85422,0.85437,1.88,1.50
2011.10.17 15:15:35.261,0.85422,0.8544,1.13,1.80
2011.10.17 15:15:35.382,0.85422,0.8544,1.13,1.80
2011.10.17 15:15:36.373,0.85416,0.85431,1.33,1.43
2011.10.17 15:15:36.614,0.85412,0.8543,2.08,1.13
2011.10.17 15:15:36.856,0.85409,0.85428,1.43,1.13
2011.10.17 15:15:36.986,0.85409,0.85427,1.43,1.50
2011.10.17 15:15:37.240,0.854,0.85419,2.18,1.50
2011.10.17 15:15:37.369,0.85404,0.85419,1.13,1.50
2011.10.17 15:15:37.498,0.85402,0.85419,1.50,1.50
2011.10.17 15:15:38.421,0.85401,0.85419,1.50,1.50
2011.10.17 15:15:38.926,0.854,0.85419,1.50,1.50
2011.10.17 15:15:39.286,0.85402,0.85419,1.50,1.50
2011.10.17 15:15:39.863,0.85404,0.85419,1.50,1.50
2011.10.17 15:15:39.983,0.85404,0.85422,1.50,2.55
2011.10.17 15:15:40.103,0.85404,0.85421,1.50,1.05
2011.10.17 15:15:42.261,0.85403,0.85421,1.50,1.80
2011.10.17 15:15:42.611,0.85399,0.85417,1.43,1.13
2011.10.17 15:15:42.732,0.85398,0.85417,2.53,1.13
2011.10.17 15:15:43.325,0.85398,0.85418,1.31,1.43
2011.10.17 15:15:47.963,0.85399,0.85418,2.06,1.43
2011.10.17 15:15:50.644,0.85402,0.85422,1.13,2.18
2011.10.17 15:15:50.769,0.854,0.85422,1.68,2.18
2011.10.17 15:15:51.366,0.854,0.85422,2.06,1.43
2011.10.17 15:15:51.712,0.85401,0.85422,1.11,1.43
2011.10.17 15:15:54.210,0.854,0.85422,1.68,1.43
2011.10.17 15:15:54.842,0.854,0.85422,2.43,1.43
2011.10.17 15:15:55.179,0.85407,0.85422,1.88,1.43
2011.10.17 15:15:59.706,0.85407,0.85423,1.88,2.85
2011.10.17 15:16:00.882,0.85403,0.85422,1.48,1.43
2011.10.17 15:16:05.573,0.85403,0.85421,1.48,1.13
2011.10.17 15:16:07.322,0.85404,0.8542,1.48,1.50
2011.10.17 15:16:07.446,0.85403,0.8542,2.53,1.13
2011.10.17 15:16:07.782,0.85407,0.85424,1.48,1.13
2011.10.17 15:16:08.694,0.85404,0.85423,1.13,1.73
2011.10.17 15:16:09.011,0.85404,0.85423,2.23,1.73
2011.10.17 15:16:09.466,0.85408,0.85425,1.11,1.50
2011.10.17 15:16:09.693,0.85409,0.85427,1.13,1.13
2011.10.17 15:16:10.510,0.85409,0.85429,1.13,1.43
2011.10.17 15:16:10.905,0.85414,0.85433,1.13,1.80
2011.10.17 15:16:11.143,0.85416,0.85436,1.13,1.50
2011.10.17 15:16:11.504,0.85416,0.8544,2.08,2.48
2011.10.17 15:16:12.080,0.85417,0.8544,2.08,2.48
2011.10.17 15:16:13.022,0.85422,0.85442,1.33,1.50
2011.10.17 15:16:13.147,0.85422,0.85442,1.71,1.50
2011.10.17 15:16:13.514,0.85422,0.85442,1.71,2.25
2011.10.17 15:16:13.632,0.85422,0.85443,1.71,2.18
2011.10.17 15:16:14.254,0.85423,0.85445,2.38,1.13
2011.10.17 15:16:14.372,0.85426,0.85446,1.13,2.25
2011.10.17 15:16:14.831,0.85428,0.8545,2.23,1.43
2011.10.17 15:16:14.952,0.85428,0.85452,2.23,1.35
2011.10.17 15:16:15.522,0.85428,0.8545,2.61,1.05
2011.10.17 15:16:16.707,0.85427,0.85444,1.71,1.35
2011.10.17 15:16:16.953,0.85427,0.85446,1.05,1.50
2011.10.17 15:16:17.416,0.85428,0.85448,1.05,1.13
2011.10.17 15:16:17.761,0.85427,0.85448,1.43,1.13
2011.10.17 15:16:18.126,0.85426,0.85447,2.53,1.13
2011.10.17 15:16:19.570,0.85427,0.85446,1.05,1.88
2011.10.17 15:16:19.698,0.85426,0.85445,2.23,1.05
2011.10.17 15:16:20.455,0.85425,0.85444,2.23,1.13
2011.10.17 15:16:21.041,0.85426,0.85444,1.48,1.13
2011.10.17 15:16:21.168,0.85426,0.85444,1.11,1.73
2011.10.17 15:16:21.416,0.85421,0.8544,1.86,1.13
2011.10.17 15:16:21.848,0.85421,0.8544,2.23,1.88
2011.10.17 15:16:22.503,0.85421,0.8544,1.86,1.88
2011.10.17 15:16:22.623,0.85419,0.85438,1.13,1.13
2011.10.17 15:16:22.984,0.85413,0.85428,2.10,1.73
2011.10.17 15:16:23.229,0.8541,0.85429,1.33,1.43
2011.10.17 15:16:23.478,0.85412,0.85431,1.33,1.13
2011.10.17 15:16:23.823,0.85411,0.85431,1.26,1.13
2011.10.17 15:16:23.939,0.85411,0.85429,1.05,1.13
2011.10.17 15:16:24.631,0.85411,0.85429,1.43,1.13
2011.10.17 15:16:25.617,0.8541,0.8543,2.01,1.13
2011.10.17 15:16:25.864,0.85411,0.85428,1.41,1.13
2011.10.17 15:16:26.285,0.85411,0.85425,1.05,1.13
2011.10.17 15:16:26.408,0.85409,0.85424,1.43,1.13
2011.10.17 15:16:26.920,0.85408,0.85424,1.13,1.13
2011.10.17 15:16:27.802,0.85407,0.85425,3.51,1.13
2011.10.17 15:16:28.153,0.85407,0.85419,1.43,1.50
2011.10.17 15:16:28.506,0.85405,0.85417,1.11,1.50
2011.10.17 15:16:28.624,0.85403,0.85416,1.48,1.50
2011.10.17 15:16:28.743,0.85404,0.85416,1.13,1.50
2011.10.17 15:16:29.359,0.85405,0.85416,1.13,1.88
2011.10.17 15:16:29.487,0.85402,0.85414,1.43,1.50
2011.10.17 15:16:29.616,0.85399,0.85415,1.43,1.50
2011.10.17 15:16:29.732,0.85399,0.85415,1.43,1.50
2011.10.17 15:16:29.977,0.85399,0.85415,1.43,1.50
2011.10.17 15:16:30.562,0.85399,0.85416,1.43,1.88
2011.10.17 15:16:30.685,0.85399,0.85416,2.18,1.88
2011.10.17 15:16:31.147,0.85399,0.85414,1.43,1.50
2011.10.17 15:16:31.663,0.85399,0.85414,2.93,1.13
2011.10.17 15:16:32.026,0.85397,0.8541,2.63,1.50
2011.10.17 15:16:32.144,0.85397,0.85411,1.88,1.50
2011.10.17 15:16:33.172,0.85397,0.85411,1.13,1.50
2011.10.17 15:16:33.770,0.85396,0.85412,2.63,1.50
2011.10.17 15:16:34.489,0.85396,0.85412,2.63,1.50
2011.10.17 15:16:35.087,0.85397,0.85413,1.13,1.50
2011.10.17 15:16:36.370,0.85399,0.85414,1.35,1.50
2011.10.17 15:16:36.505,0.85404,0.85418,1.43,2.25
2011.10.17 15:16:36.750,0.85405,0.85416,1.13,1.50
2011.10.17 15:16:37.115,0.85407,0.8542,1.13,1.50
2011.10.17 15:16:37.231,0.85406,0.8542,1.13,1.50
2011.10.17 15:16:38.276,0.85404,0.85418,1.71,2.25
2011.10.17 15:16:38.851,0.85402,0.85417,2.46,1.50
2011.10.17 15:16:40.006,0.85406,0.85418,1.13,1.50
2011.10.17 15:16:40.126,0.85406,0.85419,1.13,1.50
2011.10.17 15:16:40.453,0.85409,0.85424,1.50,1.50
2011.10.17 15:16:40.591,0.8541,0.85426,1.50,1.13
2011.10.17 15:16:40.713,0.85409,0.85426,1.13,1.50
2011.10.17 15:16:40.839,0.85409,0.85426,1.80,2.25
2011.10.17 15:16:41.304,0.8541,0.85426,1.50,1.50
2011.10.17 15:16:41.423,0.85409,0.85426,1.80,1.50
2011.10.17 15:16:41.985,0.8541,0.85427,1.50,1.50
2011.10.17 15:16:42.103,0.85409,0.85425,1.43,1.50
2011.10.17 15:16:42.340,0.85411,0.85426,2.10,1.50
2011.10.17 15:16:42.736,0.85416,0.85427,1.43,1.50
2011.10.17 15:16:43.095,0.85412,0.85424,1.80,1.50
2011.10.17 15:16:43.693,0.8541,0.85424,1.33,1.50
2011.10.17 15:16:43.813,0.85409,0.85424,2.01,1.50
2011.10.17 15:16:44.943,0.8541,0.85426,1.13,2.25
2011.10.17 15:16:45.344,0.85409,0.8542,1.43,1.50
2011.10.17 15:16:45.460,0.85406,0.8542,1.13,1.50
2011.10.17 15:16:45.583,0.85406,0.85423,1.13,1.88
2011.10.17 15:16:46.161,0.85408,0.8542,1.43,1.50
2011.10.17 15:16:46.391,0.85408,0.85423,1.43,1.50
2011.10.17 15:16:47.073,0.85408,0.85423,1.43,1.50
2011.10.17 15:16:47.426,0.85407,0.85418,2.63,1.50
2011.10.17 15:16:47.547,0.85407,0.85418,2.63,1.50
2011.10.17 15:16:48.256,0.85407,0.85418,1.88,1.50
2011.10.17 15:16:48.375,0.85404,0.85414,1.43,1.50
2011.10.17 15:16:48.612,0.85403,0.85414,1.43,1.50
2011.10.17 15:16:49.195,0.85401,0.85414,1.43,1.50
2011.10.17 15:16:50.067,0.85401,0.85413,1.43,1.13
2011.10.17 15:16:50.194,0.85401,0.8541,1.43,1.50
2011.10.17 15:16:50.533,0.85397,0.8541,1.80,1.50
2011.10.17 15:16:51.134,0.85397,0.85408,1.80,1.50
2011.10.17 15:16:51.736,0.85397,0.8541,2.18,1.50
2011.10.17 15:16:52.433,0.85392,0.85406,1.63,1.50
2011.10.17 15:16:52.551,0.85392,0.85406,1.43,1.50
2011.10.17 15:16:54.982,0.85393,0.85406,1.13,1.50
2011.10.17 15:16:55.562,0.85393,0.85406,1.33,1.50
2011.10.17 15:16:56.283,0.85392,0.85406,1.63,1.50
2011.10.17 15:16:56.528,0.85388,0.85401,2.01,1.50
2011.10.17 15:16:56.655,0.85388,0.85401,1.80,1.50
2011.10.17 15:16:56.775,0.85388,0.854,1.43,1.50
2011.10.17 15:16:56.895,0.85387,0.854,2.93,1.50
2011.10.17 15:16:59.472,0.85388,0.85401,1.13,1.50
2011.10.17 15:17:00.030,0.85388,0.85401,1.13,1.50
2011.10.17 15:17:01.901,0.85388,0.854,1.13,1.50
2011.10.17 15:17:02.132,0.85388,0.854,1.13,1.50
2011.10.17 15:17:02.703,0.85387,0.854,2.83,1.50
2011.10.17 15:17:05.757,0.85388,0.85406,1.35,1.88
2011.10.17 15:17:05.889,0.8539,0.85403,1.50,1.50
2011.10.17 15:17:06.365,0.85389,0.85403,1.43,1.50
2011.10.17 15:17:06.495,0.85387,0.85407,2.63,1.50
2011.10.17 15:17:07.086,0.85387,0.85407,2.63,1.50
2011.10.17 15:17:07.436,0.85381,0.85396,1.33,1.50
2011.10.17 15:17:07.793,0.85386,0.85402,2.10,1.43
2011.10.17 15:17:07.911,0.85387,0.85407,3.21,2.48
2011.10.17 15:17:08.144,0.85387,0.85406,3.21,1.43
2011.10.17 15:17:08.265,0.85388,0.85406,1.33,1.80
2011.10.17 15:17:08.542,0.85388,0.85406,1.33,1.13
2011.10.17 15:17:08.935,0.85391,0.85409,1.13,1.80
2011.10.17 15:17:09.172,0.85391,0.85404,1.13,1.50
2011.10.17 15:17:09.523,0.85391,0.85409,1.13,1.80
2011.10.17 15:17:09.642,0.85391,0.85409,1.13,1.80
2011.10.17 15:17:09.761,0.85391,0.85409,1.13,1.05
2011.10.17 15:17:10.344,0.85388,0.85409,2.08,1.05
2011.10.17 15:17:10.733,0.85387,0.85408,1.80,1.13
2011.10.17 15:17:10.859,0.85387,0.85403,1.43,1.13
2011.10.17 15:17:11.211,0.85381,0.85399,1.13,1.50
2011.10.17 15:17:11.551,0.85381,0.85399,1.13,1.50
2011.10.17 15:17:12.028,0.85383,0.85402,2.61,1.50
2011.10.17 15:17:12.161,0.85387,0.85404,1.05,1.50
2011.10.17 15:17:12.716,0.85389,0.85405,1.13,1.50
2011.10.17 15:17:13.315,0.85387,0.85403,3.51,1.13
2011.10.17 15:17:13.791,0.85394,0.85407,1.43,1.50
2011.10.17 15:17:13.918,0.85394,0.8541,1.63,1.13
2011.10.17 15:17:14.049,0.85395,0.85413,1.13,1.88
2011.10.17 15:17:14.300,0.85397,0.85416,1.80,1.13
2011.10.17 15:17:14.809,0.85401,0.8542,1.13,2.10
2011.10.17 15:17:14.937,0.854,0.8542,1.13,1.88
2011.10.17 15:17:15.068,0.85397,0.8542,2.38,1.88
2011.10.17 15:17:15.315,0.85397,0.85417,1.43,1.13
2011.10.17 15:17:16.980,0.85397,0.85417,1.80,1.13
2011.10.17 15:17:17.349,0.85399,0.85414,1.13,1.50
2011.10.17 15:17:17.720,0.85387,0.85408,3.21,1.88
2011.10.17 15:17:18.084,0.85389,0.85406,1.43,1.13
2011.10.17 15:17:19.064,0.8539,0.85409,1.13,1.88
2011.10.17 15:17:19.423,0.85393,0.85411,1.13,1.05
2011.10.17 15:17:19.893,0.85393,0.85413,2.08,1.13
2011.10.17 15:17:20.016,0.85393,0.85413,1.33,1.13
2011.10.17 15:17:20.141,0.85393,0.85416,1.33,3.30
2011.10.17 15:17:20.268,0.85393,0.85413,1.33,1.50
2011.10.17 15:17:20.401,0.85391,0.85407,1.63,1.13
2011.10.17 15:17:20.645,0.85387,0.85406,2.63,1.13
2011.10.17 15:17:22.284,0.85387,0.85407,2.63,1.88
2011.10.17 15:17:23.613,0.85387,0.85405,2.63,2.25
2011.10.17 15:17:24.455,0.85387,0.85405,1.88,1.50
2011.10.17 15:17:25.032,0.85387,0.85406,2.63,2.10
2011.10.17 15:17:25.495,0.85387,0.85406,2.63,2.63
2011.10.17 15:17:25.855,0.85389,0.85408,1.43,1.13
2011.10.17 15:17:25.975,0.85389,0.85408,1.43,1.88
2011.10.17 15:17:26.448,0.85387,0.85405,2.63,1.35
2011.10.17 15:17:26.797,0.85387,0.85405,2.63,1.50
2011.10.17 15:17:26.925,0.85387,0.85407,2.63,1.50
2011.10.17 15:17:27.904,0.85387,0.85407,1.88,1.50
2011.10.17 15:17:29.218,0.85387,0.85405,1.88,1.35
2011.10.17 15:17:29.801,0.85384,0.85405,1.33,2.10
2011.10.17 15:17:32.921,0.85386,0.85405,3.00,2.10
2011.10.17 15:17:33.287,0.8539,0.85405,1.13,1.35
2011.10.17 15:17:33.420,0.85387,0.85406,1.93,1.43
2011.10.17 15:17:33.542,0.85387,0.85405,1.93,1.05
2011.10.17 15:17:34.637,0.85386,0.85406,2.25,1.88
2011.10.17 15:17:34.877,0.85386,0.85406,2.63,1.13
2011.10.17 15:17:35.007,0.85387,0.85407,1.13,2.55
2011.10.17 15:17:35.245,0.85388,0.85407,2.31,1.13
2011.10.17 15:17:35.604,0.85393,0.85414,1.43,3.38
2011.10.17 15:17:37.153,0.85393,0.85414,1.63,3.38
2011.10.17 15:17:37.714,0.85393,0.85414,1.63,2.63
2011.10.17 15:17:38.336,0.85393,0.85413,1.63,1.88
2011.10.17 15:17:39.232,0.85393,0.85413,2.01,1.88
2011.10.17 15:17:40.413,0.85394,0.85413,1.33,1.88
2011.10.17 15:17:40.776,0.85399,0.85417,1.43,1.05
2011.10.17 15:17:40.894,0.85399,0.85421,1.43,1.80
2011.10.17 15:17:41.135,0.85401,0.85421,1.43,1.13
2011.10.17 15:17:41.725,0.85401,0.8542,1.43,1.88
2011.10.17 15:17:47.037,0.85401,0.85421,1.43,1.13
2011.10.17 15:17:47.634,0.85401,0.85422,1.43,1.50
2011.10.17 15:17:47.866,0.85401,0.85423,1.43,2.25
2011.10.17 15:17:48.477,0.85401,0.85423,1.43,1.88
2011.10.17 15:17:48.599,0.85401,0.85423,1.43,1.88
2011.10.17 15:17:48.843,0.85401,0.85423,1.43,1.88
2011.10.17 15:17:51.324,0.85401,0.85423,1.43,1.88
2011.10.17 15:17:51.975,0.85401,0.85423,1.43,1.88
2011.10.17 15:17:52.558,0.85401,0.85423,1.43,1.88
2011.10.17 15:17:52.914,0.85401,0.85421,1.63,1.13
2011.10.17 15:17:53.034,0.85401,0.85421,1.63,1.50
2011.10.17 15:17:53.157,0.85399,0.8542,1.43,1.13
2011.10.17 15:17:53.274,0.85397,0.85416,3.30,1.50
2011.10.17 15:17:53.399,0.85397,0.85417,3.30,2.25
2011.10.17 15:17:53.528,0.85397,0.85417,1.80,1.50
2011.10.17 15:17:54.123,0.85397,0.85413,3.30,1.13
2011.10.17 15:17:54.612,0.85399,0.85413,1.50,1.13
2011.10.17 15:17:54.863,0.85401,0.85416,1.50,1.13
2011.10.17 15:17:54.992,0.85399,0.85416,2.25,1.88
2011.10.17 15:17:55.477,0.854,0.85416,2.25,1.13
2011.10.17 15:17:55.727,0.854,0.85416,2.25,1.13
2011.10.17 15:17:56.248,0.85401,0.85417,1.50,1.13
2011.10.17 15:17:56.613,0.854,0.85416,1.50,1.13
2011.10.17 15:17:59.326,0.854,0.85416,1.50,1.50
2011.10.17 15:18:00.136,0.854,0.85415,1.50,1.50
2011.10.17 15:18:01.355,0.85401,0.85411,1.50,1.13
2011.10.17 15:18:01.693,0.85401,0.85416,1.50,2.25
2011.10.17 15:18:02.151,0.85401,0.85415,2.25,1.13
2011.10.17 15:18:02.624,0.85401,0.85415,1.50,1.13
2011.10.17 15:18:03.296,0.85401,0.85415,2.25,1.13
2011.10.17 15:18:04.411,0.85401,0.85415,2.25,1.13
2011.10.17 15:18:04.642,0.85402,0.85417,1.50,1.13
2011.10.17 15:18:04.877,0.854,0.85416,1.50,1.13
2011.10.17 15:18:05.005,0.854,0.85416,2.25,1.05
2011.10.17 15:18:05.125,0.854,0.85415,2.25,1.13
2011.10.17 15:18:05.243,0.85401,0.85415,1.50,1.13
2011.10.17 15:18:05.603,0.85403,0.85416,1.50,1.13
2011.10.17 15:18:06.603,0.85403,0.85417,1.50,1.88
2011.10.17 15:18:06.732,0.85401,0.85417,1.50,1.88
2011.10.17 15:18:06.857,0.85402,0.85418,1.50,1.13
2011.10.17 15:18:07.452,0.85404,0.85418,1.50,1.13
2011.10.17 15:18:07.573,0.85401,0.85418,2.25,1.13
2011.10.17 15:18:07.695,0.85401,0.85417,2.25,1.13
2011.10.17 15:18:08.179,0.85404,0.85421,1.50,1.13
2011.10.17 15:18:08.416,0.85404,0.85421,1.50,1.13
2011.10.17 15:18:08.653,0.85404,0.85418,1.50,1.13
2011.10.17 15:18:09.038,0.85403,0.85418,1.50,1.13
2011.10.17 15:18:09.843,0.85404,0.85421,2.25,1.13
2011.10.17 15:18:10.425,0.85403,0.85421,1.50,1.13
2011.10.17 15:18:11.014,0.85403,0.85421,1.50,1.13
2011.10.17 15:18:11.580,0.85402,0.85421,2.25,1.50
2011.10.17 15:18:13.044,0.85402,0.85421,1.50,1.50
2011.10.17 15:18:13.627,0.85402,0.85418,1.50,1.13
2011.10.17 15:18:14.221,0.85401,0.85416,1.50,1.13
2011.10.17 15:18:15.182,0.85402,0.85419,1.50,1.13
2011.10.17 15:18:15.522,0.85402,0.85418,1.50,1.13
2011.10.17 15:18:15.862,0.85398,0.85415,1.50,1.13
2011.10.17 15:18:17.084,0.85397,0.85412,1.50,1.50
2011.10.17 15:18:17.312,0.85398,0.85414,1.50,2.25
2011.10.17 15:18:18.576,0.85397,0.85414,1.50,2.63
2011.10.17 15:18:19.621,0.85397,0.85414,1.50,2.25
2011.10.17 15:18:20.849,0.85399,0.85415,1.50,1.13
2011.10.17 15:18:21.326,0.85398,0.8541,1.43,1.13
2011.10.17 15:18:21.687,0.85394,0.8541,1.43,1.13
2011.10.17 15:18:22.190,0.85395,0.8541,1.50,1.13
2011.10.17 15:18:22.651,0.85395,0.8541,1.50,1.13
2011.10.17 15:18:24.121,0.85395,0.8541,1.50,1.13
2011.10.17 15:18:24.687,0.85396,0.85413,1.43,1.88
2011.10.17 15:18:24.923,0.85399,0.85415,1.50,1.13
2011.10.17 15:18:26.101,0.85399,0.85415,1.50,1.13
2011.10.17 15:18:28.982,0.85397,0.85414,1.50,1.13
2011.10.17 15:18:29.101,0.85396,0.85413,3.38,1.13
2011.10.17 15:18:29.442,0.85395,0.85413,1.13,1.13
2011.10.17 15:18:29.806,0.85391,0.85409,1.13,1.13
2011.10.17 15:18:30.494,0.85393,0.85409,2.25,1.13
2011.10.17 15:18:30.625,0.85395,0.85411,1.50,1.13
2011.10.17 15:18:33.642,0.85395,0.85411,1.50,1.88
2011.10.17 15:18:34.199,0.85395,0.85409,1.50,1.13
2011.10.17 15:18:34.987,0.85395,0.85411,1.50,2.63
2011.10.17 15:18:36.084,0.85399,0.85412,1.50,1.13
2011.10.17 15:18:38.661,0.85399,0.85411,1.50,1.13
2011.10.17 15:18:39.245,0.85398,0.85413,1.50,3.00
2011.10.17 15:18:42.266,0.85395,0.85413,1.50,3.68
2011.10.17 15:18:42.388,0.85394,0.85413,1.50,3.90
2011.10.17 15:18:42.516,0.85387,0.85406,2.46,1.35
2011.10.17 15:18:43.099,0.85387,0.85402,3.38,1.13
2011.10.17 15:18:43.706,0.85387,0.85401,3.38,1.13
2011.10.17 15:18:44.604,0.85387,0.854,2.63,1.73
2011.10.17 15:18:44.844,0.85378,0.854,1.43,2.40
2011.10.17 15:18:45.075,0.85381,0.85397,1.50,1.35
2011.10.17 15:18:48.100,0.8538,0.85397,1.50,1.73
2011.10.17 15:18:48.563,0.85378,0.85397,2.18,1.73
2011.10.17 15:18:51.542,0.85376,0.85395,1.88,1.13
2011.10.17 15:18:51.663,0.85373,0.85394,1.80,1.13
2011.10.17 15:18:52.012,0.85376,0.85391,1.88,1.73
2011.10.17 15:18:53.343,0.85376,0.85391,2.63,1.73
2011.10.17 15:18:54.088,0.85373,0.85391,2.18,1.73
2011.10.17 15:18:54.596,0.85373,0.85391,2.18,1.73
2011.10.17 15:18:59.052,0.85373,0.85391,2.18,1.73
2011.10.17 15:19:00.136,0.85371,0.85391,1.50,2.48
2011.10.17 15:19:01.139,0.85372,0.85391,1.50,2.48
2011.10.17 15:19:01.396,0.85371,0.85387,1.50,1.13
2011.10.17 15:19:01.640,0.8537,0.85387,1.43,1.13
2011.10.17 15:19:02.617,0.85369,0.85387,1.43,1.13
2011.10.17 15:19:02.868,0.8537,0.85388,1.43,1.88
2011.10.17 15:19:03.457,0.85371,0.85388,1.50,1.88
2011.10.17 15:19:04.695,0.85368,0.85387,1.50,1.13
2011.10.17 15:19:05.215,0.85367,0.85386,2.83,1.50
2011.10.17 15:19:05.781,0.85367,0.85386,2.83,1.13
2011.10.17 15:19:06.358,0.85367,0.85386,2.25,2.48
2011.10.17 15:19:07.071,0.85366,0.85382,2.63,1.13
2011.10.17 15:19:07.304,0.85366,0.85383,2.63,1.13
2011.10.17 15:19:07.872,0.85366,0.85383,3.38,1.13
2011.10.17 15:19:08.992,0.85366,0.85383,2.63,1.13
2011.10.17 15:19:09.584,0.85366,0.85383,1.88,1.13
2011.10.17 15:19:11.423,0.85367,0.85382,1.88,1.13
2011.10.17 15:19:11.781,0.85367,0.8538,1.88,1.13
2011.10.17 15:19:11.905,0.85361,0.8538,1.43,1.13
2011.10.17 15:19:12.873,0.85361,0.8538,1.43,1.13
2011.10.17 15:19:13.541,0.85361,0.8538,1.43,1.13
2011.10.17 15:19:14.268,0.85361,0.8538,1.43,1.50
2011.10.17 15:19:14.396,0.85361,0.8538,1.43,1.50
2011.10.17 15:19:15.172,0.85362,0.8538,1.13,1.13
2011.10.17 15:19:15.302,0.85367,0.8538,1.88,1.13
2011.10.17 15:19:15.654,0.85367,0.85381,2.63,1.50
2011.10.17 15:19:15.774,0.85367,0.85383,1.13,1.88
2011.10.17 15:19:15.894,0.85362,0.8538,1.13,1.13
2011.10.17 15:19:16.373,0.85363,0.85381,1.50,1.13
2011.10.17 15:19:16.494,0.85366,0.85381,1.88,1.13
2011.10.17 15:19:17.558,0.85361,0.85381,1.43,1.13
2011.10.17 15:19:17.803,0.85361,0.85379,1.43,1.13
2011.10.17 15:19:18.250,0.85362,0.85381,1.50,1.13
2011.10.17 15:19:18.484,0.85361,0.85381,1.43,1.13
2011.10.17 15:19:19.380,0.8536,0.85381,2.10,1.88
2011.10.17 15:19:21.142,0.85361,0.8538,1.80,1.13
2011.10.17 15:19:21.491,0.85362,0.8538,1.13,1.13
2011.10.17 15:19:21.722,0.85361,0.85381,1.43,1.13
2011.10.17 15:19:22.174,0.85363,0.85382,1.13,1.50
2011.10.17 15:19:22.293,0.85363,0.85381,1.13,2.25
2011.10.17 15:19:22.633,0.85366,0.85383,1.88,1.88
2011.10.17 15:19:22.754,0.85366,0.85381,1.88,1.50
2011.10.17 15:19:23.765,0.85366,0.85382,1.88,2.25
2011.10.17 15:19:25.526,0.85366,0.85383,1.88,1.88
2011.10.17 15:19:25.765,0.8537,0.85386,1.50,1.50
2011.10.17 15:19:25.882,0.8537,0.85387,1.50,1.13
2011.10.17 15:19:26.225,0.85367,0.85383,5.33,1.13
2011.10.17 15:19:26.731,0.85367,0.85383,1.88,1.13
2011.10.17 15:19:27.237,0.85367,0.85384,1.88,1.13
2011.10.17 15:19:27.745,0.85367,0.85386,3.68,1.88
2011.10.17 15:19:28.673,0.85367,0.85386,1.43,1.73
2011.10.17 15:19:29.022,0.85367,0.85382,2.55,1.50
2011.10.17 15:19:29.923,0.85367,0.85381,1.88,1.50
2011.10.17 15:19:31.295,0.85367,0.85384,1.88,2.10
2011.10.17 15:19:31.641,0.85367,0.85381,1.88,1.50
2011.10.17 15:19:32.464,0.85363,0.85383,1.63,1.35
2011.10.17 15:19:32.704,0.85359,0.8538,1.43,1.13
2011.10.17 15:19:33.065,0.8536,0.85378,1.13,1.13
2011.10.17 15:19:33.577,0.8536,0.85378,1.13,1.13
2011.10.17 15:19:34.990,0.8536,0.85379,1.13,1.88
2011.10.17 15:19:35.112,0.8536,0.85379,1.13,1.13
2011.10.17 15:19:36.361,0.85362,0.8538,1.13,1.13
2011.10.17 15:19:36.940,0.85363,0.85381,1.43,1.73
2011.10.17 15:19:40.342,0.85363,0.85381,1.43,1.73
2011.10.17 15:19:40.705,0.85361,0.85381,1.13,2.40
2011.10.17 15:19:42.071,0.8536,0.85381,1.13,2.40
2011.10.17 15:19:42.552,0.8536,0.85381,1.13,2.40
2011.10.17 15:19:43.882,0.8536,0.85381,1.13,1.80
2011.10.17 15:19:44.002,0.8536,0.8538,1.13,1.13
2011.10.17 15:19:44.233,0.85364,0.85381,1.50,1.05
2011.10.17 15:19:44.571,0.85364,0.85384,1.13,3.00
2011.10.17 15:19:44.804,0.85365,0.85382,1.13,1.50
2011.10.17 15:19:45.201,0.85367,0.85384,1.63,1.88
2011.10.17 15:19:45.324,0.85367,0.85381,1.63,1.50
2011.10.17 15:19:45.448,0.85367,0.85384,1.43,3.60
2011.10.17 15:19:45.695,0.85365,0.85384,1.13,1.73
2011.10.17 15:19:45.815,0.85365,0.85382,1.13,1.50
2011.10.17 15:19:45.936,0.85367,0.85385,1.13,1.65
2011.10.17 15:19:46.502,0.85367,0.85385,2.25,2.03
2011.10.17 15:19:51.062,0.85367,0.85384,2.63,1.13
2011.10.17 15:19:51.642,0.85367,0.85383,1.88,1.88
2011.10.17 15:19:51.982,0.85367,0.85384,1.88,1.50
2011.10.17 15:19:52.906,0.85367,0.85381,1.88,1.05
2011.10.17 15:19:53.305,0.85367,0.85381,1.88,1.05
2011.10.17 15:19:53.897,0.8536,0.85381,2.31,1.05
2011.10.17 15:19:54.255,0.85362,0.85382,1.80,1.88
2011.10.17 15:19:54.618,0.85363,0.85383,1.33,1.50
2011.10.17 15:19:55.357,0.85365,0.85384,1.13,3.00
2011.10.17 15:19:56.210,0.85364,0.85384,1.50,1.50
2011.10.17 15:19:56.336,0.85363,0.85384,2.08,3.75
2011.10.17 15:19:56.905,0.85362,0.8538,1.63,1.13
2011.10.17 15:19:57.029,0.85363,0.85383,1.71,1.05
2011.10.17 15:19:57.396,0.8536,0.8538,1.93,1.13
2011.10.17 15:19:57.767,0.85362,0.85381,1.50,1.13
2011.10.17 15:19:58.913,0.85362,0.85381,1.50,1.13
2011.10.17 15:19:59.301,0.8536,0.85378,1.33,1.13
2011.10.17 15:20:00.544,0.85362,0.85381,1.50,1.13
2011.10.17 15:20:01.112,0.85361,0.85379,1.13,1.13
2011.10.17 15:20:02.017,0.85358,0.85376,2.38,1.13
2011.10.17 15:20:02.433,0.8535,0.85368,1.71,1.13
2011.10.17 15:20:02.553,0.85348,0.85368,1.33,1.13
2011.10.17 15:20:02.796,0.85345,0.85366,1.71,1.80
2011.10.17 15:20:03.022,0.85346,0.85366,1.50,1.05
2011.10.17 15:20:04.112,0.85347,0.85366,2.63,1.05
2011.10.17 15:20:04.452,0.85347,0.85365,2.25,1.13
2011.10.17 15:20:04.695,0.85345,0.85365,1.13,1.13
2011.10.17 15:20:05.038,0.85345,0.85363,1.13,1.13
2011.10.17 15:20:05.413,0.85338,0.85353,3.73,1.50
2011.10.17 15:20:05.536,0.85339,0.85355,1.33,1.88
2011.10.17 15:20:05.657,0.85339,0.85356,1.13,2.40
2011.10.17 15:20:06.221,0.85341,0.85357,1.43,1.13
2011.10.17 15:20:06.691,0.85338,0.85357,1.35,1.50
2011.10.17 15:20:06.813,0.85338,0.85357,1.35,1.50
2011.10.17 15:20:07.379,0.85338,0.85357,1.35,1.50
2011.10.17 15:20:07.746,0.85337,0.85357,2.40,1.13
2011.10.17 15:20:08.227,0.85338,0.85357,1.35,1.13
2011.10.17 15:20:08.479,0.85339,0.85359,1.05,1.88
2011.10.17 15:20:08.609,0.8534,0.8536,1.80,1.13
2011.10.17 15:20:09.150,0.85343,0.85364,2.31,3.00
2011.10.17 15:20:09.284,0.85345,0.85364,1.13,2.25
2011.10.17 15:20:11.703,0.85345,0.85364,1.13,2.25
2011.10.17 15:20:12.195,0.85346,0.85364,1.13,1.88
2011.10.17 15:20:12.750,0.85347,0.85366,3.73,1.73
2011.10.17 15:20:14.826,0.85347,0.85367,1.88,3.00
2011.10.17 15:20:16.351,0.85347,0.85364,1.88,1.13
2011.10.17 15:20:18.274,0.85347,0.85365,1.88,1.13
2011.10.17 15:20:18.520,0.85348,0.85367,1.05,1.50
2011.10.17 15:20:18.646,0.85348,0.85368,1.78,1.88
2011.10.17 15:20:19.444,0.85351,0.85368,1.11,1.88
2011.10.17 15:20:19.803,0.85351,0.8537,1.78,1.13
2011.10.17 15:20:19.924,0.85353,0.85371,1.43,1.13
2011.10.17 15:20:20.165,0.85353,0.85372,1.43,1.88
2011.10.17 15:20:20.286,0.85353,0.85374,2.53,3.75
2011.10.17 15:20:20.865,0.85357,0.85371,2.55,1.13
2011.10.17 15:20:21.103,0.85351,0.8537,1.86,1.13
2011.10.17 15:20:21.344,0.85351,0.8537,1.41,2.40
2011.10.17 15:20:21.829,0.85351,0.8537,1.05,1.13
2011.10.17 15:20:22.192,0.85352,0.85371,1.05,3.53
2011.10.17 15:20:22.917,0.85352,0.85371,1.05,2.78
2011.10.17 15:20:23.495,0.85352,0.85372,1.05,1.88
2011.10.17 15:20:26.440,0.85352,0.85371,2.36,2.78
2011.10.17 15:20:26.711,0.85352,0.85371,1.98,3.15
2011.10.17 15:20:26.833,0.85353,0.85371,1.11,3.38
2011.10.17 15:20:27.419,0.85351,0.85371,1.26,1.88
2011.10.17 15:20:27.671,0.85349,0.85366,2.16,1.13
2011.10.17 15:20:28.209,0.85348,0.85365,1.80,1.13
2011.10.17 15:20:32.195,0.85349,0.85367,1.78,1.13
2011.10.17 15:20:32.557,0.85353,0.85368,1.13,1.13
2011.10.17 15:20:32.924,0.85352,0.8537,1.11,1.88
2011.10.17 15:20:33.164,0.85353,0.8537,1.11,1.13
2011.10.17 15:20:33.525,0.85359,0.85373,1.11,1.35
2011.10.17 15:20:33.944,0.85359,0.85376,1.11,1.13
2011.10.17 15:20:34.057,0.85359,0.85376,1.11,1.88
2011.10.17 15:20:34.412,0.85362,0.85376,1.11,1.88
2011.10.17 15:20:35.667,0.85361,0.85376,1.11,1.88
2011.10.17 15:20:36.110,0.85362,0.85376,1.11,1.88
2011.10.17 15:20:36.244,0.85364,0.85379,1.11,1.88
2011.10.17 15:20:36.839,0.85362,0.8538,1.11,1.88
2011.10.17 15:20:37.423,0.85362,0.8538,1.11,1.13
2011.10.17 15:20:38.107,0.85362,0.8538,1.11,1.13
2011.10.17 15:20:38.894,0.85362,0.85379,1.11,1.13
2011.10.17 15:20:39.638,0.85362,0.8538,1.78,1.88
2011.10.17 15:20:39.768,0.85365,0.85381,1.11,1.50
2011.10.17 15:20:40.361,0.85366,0.85382,1.11,1.50
2011.10.17 15:20:41.351,0.85366,0.85383,1.11,1.13
2011.10.17 15:20:42.052,0.85366,0.85382,1.11,1.13
2011.10.17 15:20:42.284,0.85366,0.85381,1.11,1.13
2011.10.17 15:20:43.005,0.85366,0.85382,1.11,1.88
2011.10.17 15:20:43.592,0.85366,0.85384,1.86,1.88
2011.10.17 15:20:44.291,0.85367,0.85386,1.88,1.88
2011.10.17 15:20:45.234,0.85367,0.85386,2.25,1.88
2011.10.17 15:20:47.331,0.85367,0.85387,2.46,1.13
2011.10.17 15:20:48.692,0.85367,0.85386,2.48,1.13
2011.10.17 15:20:49.673,0.85367,0.85386,3.23,1.13
2011.10.17 15:20:49.907,0.85367,0.85388,3.60,1.88
2011.10.17 15:20:50.037,0.85369,0.85388,1.80,1.13
2011.10.17 15:20:50.384,0.8537,0.85388,1.11,1.50
2011.10.17 15:20:50.685,0.85372,0.85392,3.51,1.13
2011.10.17 15:20:51.272,0.85374,0.85393,1.05,1.88
2011.10.17 15:20:53.912,0.85373,0.85393,3.11,2.25
2011.10.17 15:20:54.476,0.85377,0.8539,1.18,2.78
2011.10.17 15:20:54.606,0.85383,0.85401,1.05,1.88
2011.10.17 15:20:55.511,0.85383,0.85401,1.05,2.63
2011.10.17 15:20:56.222,0.85383,0.85401,1.80,1.50
2011.10.17 15:20:56.344,0.85383,0.85403,1.80,2.63
2011.10.17 15:20:56.582,0.85385,0.85403,1.13,1.88
2011.10.17 15:20:57.378,0.85387,0.85404,1.80,1.88
2011.10.17 15:20:57.854,0.85387,0.85404,2.16,2.25
2011.10.17 15:20:57.973,0.85387,0.85404,2.16,1.88
2011.10.17 15:20:59.221,0.85387,0.85406,1.80,2.25
2011.10.17 15:20:59.453,0.85387,0.85408,3.33,1.50
2011.10.17 15:20:59.806,0.85391,0.8541,2.01,1.50
2011.10.17 15:21:00.044,0.85393,0.85411,1.65,1.13
2011.10.17 15:21:00.802,0.85394,0.85414,2.16,3.00
2011.10.17 15:21:01.167,0.85394,0.85411,2.16,1.13
2011.10.17 15:21:01.395,0.85394,0.85411,2.16,1.13
2011.10.17 15:21:01.964,0.85394,0.85411,1.41,1.50
2011.10.17 15:21:04.822,0.85393,0.85411,1.41,1.50
2011.10.17 15:21:05.513,0.85394,0.85411,1.43,1.13
2011.10.17 15:21:05.743,0.85394,0.85411,1.43,1.13
2011.10.17 15:21:06.302,0.85393,0.85411,1.05,1.13
2011.10.17 15:21:06.832,0.85393,0.85413,1.05,1.13
2011.10.17 15:21:07.412,0.85392,0.85411,1.35,1.13
2011.10.17 15:21:07.654,0.85391,0.85411,1.11,1.50
2011.10.17 15:21:07.881,0.85391,0.8541,1.11,1.50
2011.10.17 15:21:08.226,0.85386,0.85405,4.03,1.88
2011.10.17 15:21:09.021,0.85386,0.85404,1.80,1.13
2011.10.17 15:21:10.096,0.85387,0.85407,2.25,1.88
2011.10.17 15:21:10.332,0.85387,0.85406,2.93,1.50
2011.10.17 15:21:10.683,0.85389,0.85407,1.35,1.88
2011.10.17 15:21:11.981,0.85387,0.85406,3.30,1.13
2011.10.17 15:21:12.551,0.85387,0.85406,2.55,1.13
2011.10.17 15:21:13.130,0.85387,0.85406,3.30,1.13
2011.10.17 15:21:13.720,0.85387,0.85406,3.30,2.63
2011.10.17 15:21:14.363,0.85387,0.85406,3.30,1.88
2011.10.17 15:21:16.922,0.85387,0.85406,3.68,2.63
2011.10.17 15:21:26.661,0.85388,0.85406,1.13,1.13
2011.10.17 15:21:27.250,0.85387,0.85406,1.80,1.88
2011.10.17 15:21:27.987,0.85388,0.85406,1.13,1.13
2011.10.17 15:21:30.789,0.85387,0.85406,2.93,1.13
2011.10.17 15:21:34.124,0.85389,0.85407,1.05,1.88
2011.10.17 15:21:34.573,0.85392,0.85409,1.43,1.13
2011.10.17 15:21:34.704,0.85392,0.85404,1.43,1.88
2011.10.17 15:21:35.647,0.85387,0.85404,1.43,1.88
2011.10.17 15:21:36.127,0.85387,0.85404,1.43,1.88
2011.10.17 15:21:36.791,0.85387,0.85404,1.43,1.88
2011.10.17 15:21:37.302,0.85388,0.85404,1.13,1.88
2011.10.17 15:21:37.666,0.85392,0.85411,1.43,1.50
2011.10.17 15:21:37.781,0.85392,0.85413,1.43,2.63
2011.10.17 15:21:38.243,0.85392,0.85412,1.63,2.25
2011.10.17 15:21:38.833,0.85392,0.85412,1.63,1.50
2011.10.17 15:21:38.952,0.85392,0.85413,1.63,1.50
2011.10.17 15:21:39.541,0.85392,0.85412,1.63,1.50
2011.10.17 15:21:40.319,0.85392,0.85413,1.63,1.50
2011.10.17 15:21:41.484,0.85391,0.85412,1.43,1.13
2011.10.17 15:21:41.601,0.85391,0.85411,1.43,1.50
2011.10.17 15:21:41.943,0.85391,0.85411,1.43,1.50
2011.10.17 15:21:42.215,0.85391,0.8541,1.43,1.13
2011.10.17 15:21:43.585,0.85392,0.8541,1.80,1.50
2011.10.17 15:21:43.704,0.85394,0.8541,1.43,1.50
2011.10.17 15:21:44.187,0.85392,0.85411,1.43,1.88
2011.10.17 15:21:45.673,0.85392,0.8541,1.43,1.88
2011.10.17 15:21:46.264,0.85389,0.85411,1.63,2.55
2011.10.17 15:21:46.387,0.85389,0.8541,1.63,2.25
2011.10.17 15:21:46.951,0.85388,0.8541,2.23,2.25
2011.10.17 15:21:47.853,0.85389,0.85411,2.01,2.18
2011.10.17 15:21:48.412,0.85389,0.8541,2.01,1.50
2011.10.17 15:21:49.069,0.85389,0.85411,2.01,2.18
2011.10.17 15:21:49.754,0.85389,0.8541,2.01,1.50
2011.10.17 15:21:50.093,0.85389,0.8541,1.63,1.50
2011.10.17 15:21:51.001,0.85389,0.85411,1.63,1.80
2011.10.17 15:21:55.118,0.85391,0.85412,1.43,2.63
2011.10.17 15:21:56.315,0.85394,0.85413,1.43,2.25
2011.10.17 15:21:56.440,0.85396,0.85413,1.43,1.50
2011.10.17 15:21:58.812,0.85397,0.85414,1.80,1.88
2011.10.17 15:21:59.404,0.85397,0.85414,1.78,1.88
2011.10.17 15:22:00.664,0.854,0.85414,1.11,1.88
2011.10.17 15:22:00.788,0.85402,0.85421,1.43,1.13
2011.10.17 15:22:00.919,0.85402,0.85418,1.43,1.13
2011.10.17 15:22:01.287,0.85398,0.85416,1.43,1.13
2011.10.17 15:22:01.660,0.85397,0.85416,1.43,1.88
2011.10.17 15:22:02.829,0.85396,0.85414,1.88,1.13
2011.10.17 15:22:03.645,0.85394,0.85414,1.78,1.13
2011.10.17 15:22:03.873,0.85394,0.85414,1.41,3.00
2011.10.17 15:22:04.455,0.85394,0.85414,1.43,2.25
2011.10.17 15:22:05.456,0.85394,0.85411,2.16,1.13
2011.10.17 15:22:06.052,0.85394,0.85412,2.53,1.13
2011.10.17 15:22:07.343,0.85394,0.85411,2.16,1.13
2011.10.17 15:22:07.901,0.85394,0.85409,1.78,1.13
2011.10.17 15:22:09.732,0.85393,0.85409,1.11,1.13
2011.10.17 15:22:10.376,0.85393,0.85409,1.11,1.13
2011.10.17 15:22:10.923,0.85393,0.85409,1.11,1.13
2011.10.17 15:22:11.492,0.85393,0.85409,1.86,1.13
2011.10.17 15:22:12.553,0.85393,0.85407,1.86,1.13
2011.10.17 15:22:13.074,0.85393,0.85409,1.86,1.13
2011.10.17 15:22:13.664,0.85394,0.85409,1.48,1.13
2011.10.17 15:22:14.244,0.85395,0.85412,1.11,1.88
2011.10.17 15:22:14.831,0.85396,0.85412,1.88,1.13
2011.10.17 15:22:15.353,0.85396,0.85412,2.63,1.13
2011.10.17 15:22:15.891,0.85397,0.85415,1.13,1.50
2011.10.17 15:22:16.007,0.85398,0.85415,1.11,1.13
2011.10.17 15:22:16.872,0.85398,0.85417,1.86,1.80
2011.10.17 15:22:17.574,0.854,0.85417,1.13,1.13
2011.10.17 15:22:21.964,0.85403,0.85417,2.23,1.13
2011.10.17 15:22:22.435,0.85404,0.85419,1.11,1.13
2011.10.17 15:22:22.913,0.85402,0.85419,1.43,1.13
2011.10.17 15:22:23.966,0.85404,0.85421,1.13,1.50
2011.10.17 15:22:24.088,0.85404,0.85425,1.13,2.93
2011.10.17 15:22:24.434,0.85406,0.85425,1.50,1.80
2011.10.17 15:22:25.523,0.85407,0.85424,1.88,1.13
2011.10.17 15:22:27.022,0.85405,0.85423,1.13,2.25
2011.10.17 15:22:29.713,0.85406,0.85423,1.48,2.25
2011.10.17 15:22:30.282,0.85406,0.85423,1.50,1.88
2011.10.17 15:22:31.395,0.85407,0.85423,1.13,1.88
2011.10.17 15:22:31.741,0.85407,0.85423,3.18,1.88
2011.10.17 15:22:33.492,0.85407,0.85427,2.83,2.48
2011.10.17 15:22:38.170,0.85407,0.85426,2.61,1.43
2011.10.17 15:22:41.880,0.85407,0.85428,1.88,1.13
2011.10.17 15:22:42.471,0.85407,0.85429,2.98,1.88
2011.10.17 15:22:43.534,0.85408,0.85429,1.11,1.88
2011.10.17 15:22:44.483,0.85407,0.85429,3.36,1.50
2011.10.17 15:22:44.712,0.85412,0.8543,1.11,1.43
2011.10.17 15:22:45.080,0.85408,0.85427,1.80,1.50
2011.10.17 15:22:45.322,0.85408,0.85427,1.86,1.88
2011.10.17 15:22:46.005,0.85407,0.85426,3.30,1.88
2011.10.17 15:22:46.690,0.85407,0.85425,3.30,1.50
2011.10.17 15:22:47.045,0.85407,0.85426,3.30,1.50
2011.10.17 15:22:47.394,0.85408,0.85429,1.13,3.30
2011.10.17 15:22:47.951,0.85408,0.85429,1.86,3.30
2011.10.17 15:22:48.618,0.8541,0.85428,1.48,1.50
2011.10.17 15:22:48.748,0.85409,0.85428,1.48,1.50
2011.10.17 15:22:49.202,0.8541,0.85429,1.86,3.30
2011.10.17 15:22:50.640,0.85409,0.85427,1.11,1.13
2011.10.17 15:22:51.488,0.85409,0.85427,1.11,1.13
2011.10.17 15:22:54.194,0.85409,0.85427,1.86,1.13
2011.10.17 15:22:55.340,0.85409,0.85428,1.86,1.88
2011.10.17 15:23:00.871,0.85413,0.85429,1.50,2.55
2011.10.17 15:23:01.871,0.85413,0.85429,1.50,2.55
2011.10.17 15:23:02.211,0.85411,0.85429,1.43,1.88
2011.10.17 15:23:02.444,0.85414,0.85429,1.50,1.88
2011.10.17 15:23:05.741,0.85414,0.85429,1.50,1.88
2011.10.17 15:23:06.192,0.85411,0.85431,1.78,1.13
2011.10.17 15:23:06.318,0.85413,0.85431,1.78,1.13
2011.10.17 15:23:06.563,0.85414,0.85433,1.43,1.13
2011.10.17 15:23:07.880,0.85414,0.85434,2.53,3.75
2011.10.17 15:23:08.512,0.85414,0.85431,2.53,1.13
2011.10.17 15:23:08.634,0.85414,0.85431,2.53,1.13
2011.10.17 15:23:09.224,0.85417,0.85431,1.88,1.13
2011.10.17 15:23:10.172,0.85414,0.85431,1.78,1.13
2011.10.17 15:23:13.579,0.85413,0.85432,2.85,1.13
2011.10.17 15:23:13.954,0.85413,0.85428,1.43,1.13
2011.10.17 15:23:14.878,0.85412,0.85428,1.50,1.50
2011.10.17 15:23:15.240,0.85411,0.85427,1.50,1.88
2011.10.17 15:23:16.315,0.8541,0.85427,2.91,2.63
2011.10.17 15:23:18.263,0.85412,0.85426,1.13,1.13
2011.10.17 15:23:20.550,0.85411,0.85427,1.86,1.13
2011.10.17 15:23:22.194,0.85411,0.85427,1.86,1.88
2011.10.17 15:23:23.003,0.85414,0.85428,1.11,1.13
2011.10.17 15:23:23.580,0.85413,0.85428,1.11,1.13
2011.10.17 15:23:24.485,0.85415,0.85428,1.13,1.13
2011.10.17 15:23:24.845,0.8541,0.85427,1.43,1.13
2011.10.17 15:23:25.193,0.85407,0.85426,3.30,1.13
2011.10.17 15:23:27.733,0.85407,0.85425,3.30,1.13
2011.10.17 15:23:31.061,0.85407,0.85425,2.55,1.13
2011.10.17 15:23:33.249,0.85407,0.85421,2.55,1.13
2011.10.17 15:23:33.851,0.85405,0.85421,1.86,1.13
2011.10.17 15:23:34.254,0.854,0.85418,1.86,1.50
2011.10.17 15:23:34.376,0.85401,0.85416,1.48,1.13
2011.10.17 15:23:35.074,0.85399,0.85415,1.43,1.13
2011.10.17 15:23:35.417,0.85399,0.85415,2.16,1.13
2011.10.17 15:23:36.126,0.85401,0.85416,2.76,1.50
2011.10.17 15:23:36.465,0.85406,0.85418,1.50,1.35
2011.10.17 15:23:36.705,0.85397,0.85414,1.80,1.13
2011.10.17 15:23:37.068,0.85398,0.85412,1.13,1.13
2011.10.17 15:23:37.555,0.85398,0.85413,1.13,1.13
2011.10.17 15:23:37.904,0.85398,0.85415,1.13,1.13
2011.10.17 15:23:39.318,0.85398,0.85414,1.13,1.13
2011.10.17 15:23:39.885,0.85398,0.85414,1.13,1.13
2011.10.17 15:23:40.342,0.85398,0.85413,1.48,1.13
2011.10.17 15:23:40.467,0.85397,0.85413,3.30,1.13
2011.10.17 15:23:41.022,0.85397,0.85413,3.30,1.13
2011.10.17 15:23:41.605,0.85397,0.85413,1.43,1.73
2011.10.17 15:23:42.196,0.85394,0.85413,1.43,2.48
2011.10.17 15:23:42.434,0.85395,0.85413,1.13,1.73
2011.10.17 15:23:42.555,0.85394,0.85413,1.80,1.73
2011.10.17 15:23:43.128,0.85394,0.85412,1.05,1.13
2011.10.17 15:23:43.373,0.85389,0.85407,1.43,1.13
2011.10.17 15:23:43.615,0.85389,0.85405,1.43,1.13
2011.10.17 15:23:44.318,0.85389,0.85407,2.53,1.13
2011.10.17 15:23:44.592,0.85389,0.85408,2.53,1.13
2011.10.17 15:23:45.247,0.85391,0.85408,1.86,1.13
2011.10.17 15:23:46.943,0.85391,0.85408,1.13,1.13
2011.10.17 15:23:47.503,0.85391,0.85408,1.13,1.13
2011.10.17 15:23:47.924,0.85384,0.85399,1.13,1.13
2011.10.17 15:23:48.271,0.85382,0.85399,2.18,1.13
2011.10.17 15:23:48.955,0.85382,0.85399,1.43,1.50
2011.10.17 15:23:49.184,0.85382,0.85401,1.43,2.10
2011.10.17 15:23:49.762,0.85382,0.85401,1.43,1.35
2011.10.17 15:23:52.832,0.85382,0.85403,2.53,2.63
2011.10.17 15:23:53.403,0.85384,0.85403,1.13,2.63
2011.10.17 15:23:53.636,0.85383,0.85403,1.86,2.63
2011.10.17 15:23:54.554,0.85385,0.85403,1.43,1.88
2011.10.17 15:23:57.684,0.85386,0.85405,1.13,2.10
2011.10.17 15:23:57.912,0.85386,0.85404,1.13,2.25
2011.10.17 15:23:58.034,0.85385,0.85404,1.80,2.25
2011.10.17 15:23:58.593,0.85385,0.85404,1.80,2.25
2011.10.17 15:24:00.141,0.85385,0.85404,1.80,2.25
2011.10.17 15:24:00.370,0.85385,0.85404,1.80,2.25
2011.10.17 15:24:00.952,0.85385,0.85404,1.43,2.25
2011.10.17 15:24:01.306,0.85387,0.85404,1.13,1.88
2011.10.17 15:24:01.572,0.85391,0.85404,1.13,1.88
2011.10.17 15:24:01.828,0.85392,0.8541,1.13,1.35
2011.10.17 15:24:01.959,0.85395,0.85412,1.13,1.43
2011.10.17 15:24:02.089,0.85396,0.85412,1.13,1.05
2011.10.17 15:24:02.453,0.85394,0.85413,1.43,3.60
2011.10.17 15:24:03.228,0.85394,0.85413,1.43,4.35
2011.10.17 15:24:03.773,0.85394,0.85413,1.43,2.10
2011.10.17 15:24:04.272,0.85394,0.85411,1.43,1.50
2011.10.17 15:24:04.632,0.8539,0.8541,1.13,1.13
2011.10.17 15:24:04.864,0.85389,0.8541,1.43,1.13
2011.10.17 15:24:05.217,0.85389,0.85407,1.43,1.13
2011.10.17 15:24:05.337,0.85389,0.85407,1.43,1.13
2011.10.17 15:24:05.800,0.85389,0.85408,1.43,1.13
2011.10.17 15:24:06.524,0.85389,0.85405,1.43,1.13
2011.10.17 15:24:06.643,0.85389,0.85404,1.43,2.25
2011.10.17 15:24:07.120,0.85385,0.85404,1.43,4.35
2011.10.17 15:24:07.702,0.85385,0.85403,1.43,1.88
2011.10.17 15:24:08.054,0.85385,0.85403,1.43,3.00
2011.10.17 15:24:08.502,0.85385,0.85401,1.43,1.50
2011.10.17 15:24:09.303,0.85385,0.854,1.43,1.13
2011.10.17 15:24:09.545,0.85385,0.85404,1.80,3.98
2011.10.17 15:24:09.671,0.85385,0.85404,1.80,3.98
2011.10.17 15:24:10.132,0.85386,0.85404,1.13,2.48
2011.10.17 15:24:10.686,0.85386,0.85404,1.13,2.85
2011.10.17 15:24:11.292,0.85385,0.85404,2.53,2.85
2011.10.17 15:24:11.871,0.85386,0.85404,1.48,2.85
2011.10.17 15:24:12.449,0.85385,0.85404,1.43,2.85
2011.10.17 15:24:12.574,0.85385,0.85404,1.43,2.85
2011.10.17 15:24:13.180,0.85387,0.85404,1.13,2.48
2011.10.17 15:24:13.607,0.85391,0.85406,1.50,1.50
2011.10.17 15:24:15.216,0.85392,0.85407,1.50,1.13
2011.10.17 15:24:15.576,0.85397,0.85412,1.50,1.13
2011.10.17 15:24:15.813,0.85396,0.85412,1.50,1.50
2011.10.17 15:24:15.933,0.85394,0.85412,3.00,1.50
2011.10.17 15:24:16.174,0.85397,0.8541,1.50,1.13
2011.10.17 15:24:16.774,0.85397,0.8541,1.50,1.13
2011.10.17 15:24:17.841,0.85396,0.8541,1.50,1.13
2011.10.17 15:24:18.943,0.85396,0.8541,1.50,1.13
2011.10.17 15:24:19.956,0.85397,0.8541,1.50,1.13
2011.10.17 15:24:20.405,0.85396,0.8541,1.50,1.13
2011.10.17 15:24:20.523,0.85391,0.8541,1.50,1.13
2011.10.17 15:24:20.644,0.85392,0.8541,1.50,1.13
2011.10.17 15:24:20.872,0.85392,0.8541,1.50,1.13
2011.10.17 15:24:21.213,0.85392,0.8541,1.50,1.13
2011.10.17 15:24:23.400,0.85397,0.85411,1.13,1.73
2011.10.17 15:24:23.524,0.85397,0.85411,1.13,1.13
2011.10.17 15:24:23.892,0.85405,0.85416,1.13,1.43
2011.10.17 15:24:24.136,0.85406,0.85423,1.13,2.40
2011.10.17 15:24:24.966,0.85407,0.85423,1.13,2.48
2011.10.17 15:24:25.522,0.85407,0.85423,1.13,1.88
2011.10.17 15:24:26.004,0.85409,0.85428,1.50,1.88
2011.10.17 15:24:26.242,0.85412,0.8543,1.50,1.88
2011.10.17 15:24:28.403,0.85412,0.8543,2.18,1.50
2011.10.17 15:24:28.755,0.85416,0.8543,1.50,1.50
2011.10.17 15:24:28.983,0.85412,0.8543,1.43,1.50
2011.10.17 15:24:29.638,0.85411,0.8543,1.50,2.55
2011.10.17 15:24:29.956,0.85411,0.8543,1.50,2.55
2011.10.17 15:24:31.532,0.85408,0.8543,1.43,2.55
2011.10.17 15:24:32.036,0.85417,0.8543,1.50,1.88
2011.10.17 15:24:32.506,0.85413,0.8543,2.53,1.50
2011.10.17 15:24:32.745,0.8542,0.85432,1.50,1.13
2011.10.17 15:24:32.868,0.8542,0.85432,1.50,1.13
2011.10.17 15:24:33.118,0.85424,0.85441,1.50,1.43
2011.10.17 15:24:33.246,0.85433,0.85443,1.50,4.43
2011.10.17 15:24:33.776,0.85431,0.85443,1.50,3.68
2011.10.17 15:24:34.478,0.85431,0.85443,1.50,3.30
2011.10.17 15:24:36.255,0.8543,0.85436,1.50,1.35
2011.10.17 15:24:36.374,0.85431,0.85436,1.50,1.35
2011.10.17 15:24:36.603,0.85428,0.85436,1.50,1.35
2011.10.17 15:24:36.723,0.85425,0.85435,1.50,1.35
2011.10.17 15:24:36.967,0.85421,0.85433,1.50,1.35
2011.10.17 15:24:37.090,0.8542,0.85429,1.50,1.35
2011.10.17 15:24:37.334,0.85417,0.85429,1.50,1.73
2011.10.17 15:24:37.807,0.85416,0.85427,1.13,1.05
2011.10.17 15:24:39.077,0.85416,0.85429,1.88,1.73
2011.10.17 15:24:39.654,0.85417,0.85428,1.50,1.05
2011.10.17 15:24:40.361,0.85414,0.85427,1.50,1.05
2011.10.17 15:24:40.956,0.85415,0.85427,1.50,1.05
2011.10.17 15:24:41.578,0.85416,0.85427,1.50,1.05
2011.10.17 15:24:42.145,0.85417,0.85427,1.50,1.05
2011.10.17 15:24:42.701,0.85414,0.85427,1.50,1.05
2011.10.17 15:24:44.549,0.85414,0.85427,1.50,1.05
2011.10.17 15:24:45.481,0.85416,0.85429,1.50,1.35
2011.10.17 15:24:46.541,0.85416,0.85429,1.50,1.35
2011.10.17 15:24:48.375,0.85414,0.85428,1.50,1.05
2011.10.17 15:24:51.705,0.85414,0.85427,1.50,1.05
2011.10.17 15:24:52.330,0.85415,0.8543,1.50,1.80
2011.10.17 15:24:52.458,0.85415,0.8543,1.50,1.13
2011.10.17 15:24:52.585,0.85417,0.8543,1.50,1.13
2011.10.17 15:24:52.829,0.85416,0.85427,1.50,1.05
2011.10.17 15:24:53.394,0.85416,0.85427,1.50,1.05
2011.10.17 15:24:53.845,0.85413,0.85427,1.50,1.43
2011.10.17 15:24:53.968,0.85415,0.85427,1.50,1.43
2011.10.17 15:24:54.587,0.85416,0.85429,1.50,2.10
2011.10.17 15:24:54.902,0.85411,0.85429,2.61,2.48
2011.10.17 15:24:57.957,0.8541,0.85429,2.61,2.10
2011.10.17 15:24:58.087,0.8541,0.85429,2.61,2.10
2011.10.17 15:25:00.621,0.85416,0.85428,1.50,1.43
2011.10.17 15:25:01.222,0.85411,0.85428,1.13,1.80
2011.10.17 15:25:01.969,0.85411,0.85427,1.13,1.43
2011.10.17 15:25:02.103,0.85413,0.85427,1.48,1.43
2011.10.17 15:25:02.347,0.85413,0.85429,1.48,1.50
2011.10.17 15:25:02.709,0.85417,0.85432,1.86,2.48
2011.10.17 15:25:02.959,0.85417,0.85434,1.13,1.43
2011.10.17 15:25:03.556,0.85417,0.85434,3.73,1.05
2011.10.17 15:25:04.784,0.85417,0.85434,3.36,1.05
2011.10.17 15:25:05.024,0.85417,0.85434,2.63,1.05
2011.10.17 15:25:05.991,0.85417,0.85434,3.36,1.05
2011.10.17 15:25:06.696,0.85417,0.85434,3.00,1.05
2011.10.17 15:25:07.251,0.85417,0.85434,3.73,1.05
2011.10.17 15:25:07.618,0.85418,0.85434,2.78,1.43
2011.10.17 15:25:08.452,0.85417,0.85433,2.23,1.88
2011.10.17 15:25:11.942,0.85417,0.85433,1.86,2.25
2011.10.17 15:25:12.935,0.85417,0.85433,1.48,2.25
2011.10.17 15:25:13.178,0.85417,0.85433,2.23,1.88
2011.10.17 15:25:13.667,0.85419,0.85434,1.50,1.05
2011.10.17 15:25:14.025,0.85419,0.85434,2.25,1.43
2011.10.17 15:25:14.308,0.8542,0.85434,1.50,1.05
2011.10.17 15:25:14.437,0.85417,0.85434,4.48,1.05
2011.10.17 15:25:14.958,0.85418,0.85434,1.50,1.05
2011.10.17 15:25:15.090,0.85419,0.85435,1.50,1.05
2011.10.17 15:25:17.073,0.85419,0.85437,2.25,1.88
2011.10.17 15:25:17.783,0.85421,0.85437,1.50,1.88
2011.10.17 15:25:17.910,0.85421,0.85437,1.50,1.88
2011.10.17 15:25:19.158,0.85422,0.85436,1.50,1.13
2011.10.17 15:25:19.394,0.8542,0.85436,1.50,1.13
2011.10.17 15:25:19.867,0.8542,0.85436,1.50,1.13
2011.10.17 15:25:20.584,0.8542,0.85437,1.50,1.50
2011.10.17 15:25:21.055,0.85421,0.85437,1.50,1.13
2011.10.17 15:25:21.173,0.85419,0.85437,1.50,1.13
2011.10.17 15:25:21.995,0.8542,0.85436,1.50,1.35
2011.10.17 15:25:22.343,0.85421,0.85438,1.50,1.13
2011.10.17 15:25:25.994,0.85421,0.85437,1.50,1.13
2011.10.17 15:25:28.059,0.85421,0.85437,1.50,1.13
2011.10.17 15:25:29.861,0.85421,0.85438,1.50,1.13
2011.10.17 15:25:31.334,0.85421,0.85436,1.50,1.13
2011.10.17 15:25:31.576,0.85418,0.85438,2.23,1.13
2011.10.17 15:25:33.464,0.85417,0.85438,1.13,1.13
2011.10.17 15:25:33.691,0.85417,0.85436,1.13,1.13
2011.10.17 15:25:34.031,0.85417,0.85436,1.13,1.13
2011.10.17 15:25:34.262,0.85417,0.85438,1.13,1.13
2011.10.17 15:25:42.382,0.85419,0.85437,1.86,1.13
2011.10.17 15:25:43.971,0.85419,0.85438,1.86,1.13
2011.10.17 15:25:44.565,0.85418,0.85438,2.23,1.13
2011.10.17 15:25:45.446,0.85418,0.85438,2.23,1.13
2011.10.17 15:25:46.406,0.85418,0.85438,2.23,1.13
2011.10.17 15:25:50.424,0.85418,0.85438,1.13,1.13
2011.10.17 15:25:51.013,0.85421,0.85438,1.13,1.50
2011.10.17 15:25:51.134,0.85424,0.85439,1.50,1.43
2011.10.17 15:25:51.373,0.85421,0.85439,2.23,2.18
2011.10.17 15:25:51.909,0.85421,0.85436,1.33,1.50
2011.10.17 15:25:52.047,0.85424,0.85441,1.11,1.50
2011.10.17 15:25:52.170,0.85424,0.85444,2.23,1.50
2011.10.17 15:25:52.415,0.85425,0.85444,1.50,3.00
2011.10.17 15:25:52.658,0.85425,0.85444,1.50,3.00
2011.10.17 15:25:53.266,0.85423,0.85444,2.55,3.00
2011.10.17 15:25:53.495,0.85424,0.85442,1.50,1.13
2011.10.17 15:25:54.513,0.85425,0.85443,1.13,1.80
2011.10.17 15:25:54.852,0.85425,0.85443,1.88,1.13
2011.10.17 15:25:58.405,0.85426,0.85444,1.88,1.88
2011.10.17 15:25:58.995,0.85429,0.85447,1.13,1.13
2011.10.17 15:25:59.475,0.85431,0.85448,1.50,1.13
2011.10.17 15:26:00.155,0.85429,0.85446,1.50,1.13
2011.10.17 15:26:00.762,0.85429,0.85446,1.50,1.13
2011.10.17 15:26:01.363,0.85429,0.85446,1.50,1.13
2011.10.17 15:26:01.951,0.85427,0.85446,1.43,1.13
2011.10.17 15:26:02.531,0.85428,0.85446,1.50,1.13
2011.10.17 15:26:04.630,0.8543,0.85446,1.50,1.13
2011.10.17 15:26:05.474,0.85432,0.85447,1.50,1.88
2011.10.17 15:26:07.130,0.85431,0.85447,1.50,1.88
2011.10.17 15:26:09.946,0.85431,0.85447,1.50,1.50
2011.10.17 15:26:10.334,0.85439,0.8545,1.50,1.50
2011.10.17 15:26:10.684,0.85436,0.85454,1.50,2.25
2011.10.17 15:26:10.805,0.85436,0.85454,1.13,2.25
2011.10.17 15:26:12.283,0.85436,0.85454,1.13,2.25
2011.10.17 15:26:13.144,0.85436,0.85454,1.13,2.25
2011.10.17 15:26:13.672,0.85438,0.85454,1.50,2.25
2011.10.17 15:26:14.160,0.85438,0.85456,1.50,1.05
2011.10.17 15:26:14.409,0.85439,0.85458,1.43,1.88
2011.10.17 15:26:16.147,0.85439,0.85458,2.18,1.13
2011.10.17 15:26:16.275,0.85439,0.85458,1.43,2.18
2011.10.17 15:26:16.633,0.85436,0.85454,1.50,2.25
2011.10.17 15:26:16.752,0.85436,0.85454,1.50,2.25
2011.10.17 15:26:22.846,0.85442,0.85455,1.50,1.88
2011.10.17 15:26:23.211,0.85445,0.8546,1.50,1.73
2011.10.17 15:26:23.340,0.85445,0.8546,1.13,2.10
2011.10.17 15:26:23.469,0.85443,0.85457,1.50,1.13
2011.10.17 15:26:23.771,0.85442,0.85456,1.43,1.13
2011.10.17 15:26:24.139,0.85439,0.85456,2.25,2.18
2011.10.17 15:26:24.266,0.85439,0.85456,1.50,3.53
2011.10.17 15:26:24.384,0.85439,0.85454,1.50,1.13
2011.10.17 15:26:25.308,0.85437,0.85454,3.38,1.50
2011.10.17 15:26:25.886,0.85438,0.85454,1.50,1.50
2011.10.17 15:26:26.372,0.85435,0.85451,1.50,1.35
2011.10.17 15:26:27.512,0.85435,0.85452,1.50,2.10
2011.10.17 15:26:27.745,0.85437,0.85449,1.50,1.13
2011.10.17 15:26:27.865,0.85435,0.85452,1.50,1.73
2011.10.17 15:26:28.155,0.85435,0.85448,1.50,1.13
2011.10.17 15:26:28.733,0.85435,0.85449,1.50,1.13
2011.10.17 15:26:29.433,0.85435,0.85452,1.50,1.35
2011.10.17 15:26:29.772,0.85437,0.85454,2.25,1.50
2011.10.17 15:26:30.353,0.85437,0.85454,3.38,1.13
2011.10.17 15:26:30.477,0.85437,0.85454,3.38,1.13
2011.10.17 15:26:31.069,0.85435,0.85453,1.50,2.85
2011.10.17 15:26:31.399,0.85434,0.85448,2.18,1.13
2011.10.17 15:26:31.972,0.85433,0.85447,1.50,1.13
2011.10.17 15:26:32.909,0.85432,0.85447,1.50,1.13
2011.10.17 15:26:33.274,0.85439,0.85451,2.93,1.13
2011.10.17 15:26:33.396,0.85439,0.85454,2.93,1.13
2011.10.17 15:26:34.389,0.85439,0.85454,2.18,1.13
2011.10.17 15:26:34.853,0.85439,0.85454,2.18,1.13
2011.10.17 15:26:35.193,0.85439,0.85454,2.18,1.13
2011.10.17 15:26:35.541,0.8544,0.85454,1.50,1.13
2011.10.17 15:26:35.775,0.85439,0.85454,1.43,1.50
2011.10.17 15:26:36.016,0.85439,0.85454,2.18,1.13
2011.10.17 15:26:37.349,0.85439,0.85449,1.50,1.13
2011.10.17 15:26:37.701,0.85436,0.85449,1.50,1.13
2011.10.17 15:26:38.305,0.85437,0.85451,1.88,1.50
2011.10.17 15:26:38.433,0.85438,0.85456,1.50,2.25
2011.10.17 15:26:38.561,0.85441,0.85456,1.50,1.13
2011.10.17 15:26:38.683,0.85441,0.85457,1.50,1.50
2011.10.17 15:26:39.390,0.85441,0.85456,1.50,1.13
2011.10.17 15:26:39.866,0.85438,0.85456,1.50,1.13
2011.10.17 15:26:40.215,0.85439,0.85456,2.25,1.88
2011.10.17 15:26:40.568,0.85442,0.85457,1.50,2.18
2011.10.17 15:26:40.698,0.85442,0.8546,1.50,1.13
2011.10.17 15:26:42.846,0.85442,0.8546,1.50,1.13
2011.10.17 15:26:44.345,0.85442,0.8546,2.63,1.13
2011.10.17 15:26:44.464,0.85446,0.8546,1.50,1.13
2011.10.17 15:26:48.421,0.85447,0.85462,1.50,1.13
2011.10.17 15:26:48.764,0.85448,0.85463,1.50,3.00
2011.10.17 15:26:49.343,0.85446,0.85463,2.25,2.25
2011.10.17 15:26:50.034,0.85446,0.85463,1.50,2.25
2011.10.17 15:26:50.465,0.85446,0.85463,1.50,2.25
2011.10.17 15:26:55.317,0.85448,0.85463,1.43,2.63
2011.10.17 15:26:55.557,0.85448,0.85466,2.55,1.13
2011.10.17 15:26:55.788,0.85446,0.85465,3.98,1.13
2011.10.17 15:26:56.037,0.85446,0.85465,1.13,1.13
2011.10.17 15:26:56.274,0.85446,0.85465,1.13,1.88
2011.10.17 15:26:56.396,0.85447,0.85465,2.25,1.88
2011.10.17 15:26:56.674,0.85447,0.85465,3.00,1.88
2011.10.17 15:26:56.915,0.85447,0.85465,3.00,1.13
2011.10.17 15:26:57.731,0.8545,0.85465,1.50,1.13
2011.10.17 15:27:00.484,0.8545,0.85465,1.50,1.13
2011.10.17 15:27:02.421,0.85447,0.85465,4.86,1.13
2011.10.17 15:27:02.543,0.85447,0.85465,4.13,1.13
2011.10.17 15:27:03.333,0.85449,0.85464,1.50,1.05
2011.10.17 15:27:03.576,0.85447,0.85462,1.88,1.35
2011.10.17 15:27:03.802,0.8545,0.85462,1.50,1.35
2011.10.17 15:27:04.035,0.85447,0.85462,1.88,1.35
2011.10.17 15:27:04.602,0.85447,0.85462,2.63,1.35
2011.10.17 15:27:04.724,0.85447,0.85462,2.63,1.35
2011.10.17 15:27:06.483,0.85447,0.85462,2.63,1.35
2011.10.17 15:27:06.714,0.85447,0.85462,2.63,1.35
2011.10.17 15:27:07.064,0.85447,0.85462,3.38,1.35
2011.10.17 15:27:07.411,0.85449,0.85462,1.50,1.35
2011.10.17 15:27:08.792,0.85451,0.85462,1.50,1.35
2011.10.17 15:27:10.075,0.85451,0.85464,1.50,1.05
2011.10.17 15:27:10.199,0.8545,0.85466,1.50,1.35
2011.10.17 15:27:10.326,0.8545,0.85466,1.50,1.35
2011.10.17 15:27:10.685,0.85447,0.85466,2.46,2.48
2011.10.17 15:27:10.802,0.85448,0.85464,1.13,1.43
2011.10.17 15:27:11.399,0.85447,0.85466,3.75,2.10
2011.10.17 15:27:11.641,0.85447,0.85464,2.63,1.43
2011.10.17 15:27:12.885,0.85447,0.85464,3.38,1.43
2011.10.17 15:27:13.123,0.85447,0.85464,3.38,1.43
2011.10.17 15:27:13.243,0.85447,0.85464,3.38,1.80
2011.10.17 15:27:13.813,0.85447,0.85461,1.88,1.05
2011.10.17 15:27:13.933,0.85447,0.85461,1.88,1.05
2011.10.17 15:27:14.273,0.85447,0.85461,1.88,2.55
2011.10.17 15:27:14.399,0.85447,0.85461,1.88,1.80
2011.10.17 15:27:14.529,0.85447,0.85461,1.88,3.30
2011.10.17 15:27:14.659,0.85447,0.85461,1.88,1.05
2011.10.17 15:27:14.908,0.85447,0.85461,1.88,3.30
2011.10.17 15:27:15.330,0.85447,0.85461,1.50,1.80
2011.10.17 15:27:15.457,0.85442,0.85461,1.50,1.80
2011.10.17 15:27:16.341,0.85442,0.85459,1.50,1.13
2011.10.17 15:27:16.927,0.85442,0.85457,1.50,1.05
2011.10.17 15:27:17.853,0.85444,0.85459,1.50,1.13
2011.10.17 15:27:18.133,0.85444,0.85461,1.50,2.18
2011.10.17 15:27:18.268,0.85443,0.85457,1.50,1.13
2011.10.17 15:27:18.634,0.85439,0.85456,1.50,1.13
2011.10.17 15:27:19.224,0.85439,0.85456,1.50,1.88
2011.10.17 15:27:19.823,0.8544,0.85456,1.50,1.13
2011.10.17 15:27:21.033,0.8544,0.85455,1.50,1.13
2011.10.17 15:27:21.395,0.85438,0.85455,1.50,1.88
2011.10.17 15:27:21.998,0.85437,0.85452,1.88,1.13
2011.10.17 15:27:22.128,0.85433,0.85446,2.25,1.13
2011.10.17 15:27:22.257,0.85434,0.85445,1.50,1.13
2011.10.17 15:27:22.736,0.85432,0.85445,1.50,1.88
2011.10.17 15:27:25.713,0.8543,0.85444,1.50,1.13
2011.10.17 15:27:25.956,0.85433,0.85444,1.50,1.13
2011.10.17 15:27:26.077,0.85433,0.85446,1.50,1.13
2011.10.17 15:27:26.539,0.85432,0.85443,1.50,2.40
2011.10.17 15:27:26.666,0.85422,0.85437,1.50,1.13
2011.10.17 15:27:26.904,0.8542,0.85439,1.43,1.13
2011.10.17 15:27:27.265,0.85416,0.85435,1.50,1.50
2011.10.17 15:27:27.386,0.85412,0.85432,2.18,1.13
2011.10.17 15:27:27.508,0.85413,0.85429,1.50,1.13
2011.10.17 15:27:27.637,0.85412,0.85429,1.43,1.13
2011.10.17 15:27:27.920,0.85412,0.85431,1.43,2.25
2011.10.17 15:27:28.048,0.85412,0.85432,1.43,1.50
2011.10.17 15:27:28.403,0.85412,0.85433,1.43,2.25
2011.10.17 15:27:28.976,0.85413,0.85433,1.13,1.88
2011.10.17 15:27:29.092,0.85414,0.85433,1.13,1.13
2011.10.17 15:27:30.835,0.85414,0.85434,1.13,3.23
2011.10.17 15:27:31.588,0.85417,0.85436,1.05,1.50
2011.10.17 15:27:31.719,0.8541,0.85428,1.33,1.50
2011.10.17 15:27:31.847,0.85413,0.85431,1.93,1.43
2011.10.17 15:27:31.963,0.85416,0.85434,2.25,1.35
2011.10.17 15:27:32.086,0.85416,0.85435,2.25,1.43
2011.10.17 15:27:32.426,0.85416,0.85437,2.38,1.50
2011.10.17 15:27:32.762,0.85416,0.85438,3.13,1.80
2011.10.17 15:27:35.903,0.85416,0.85438,4.63,1.80
2011.10.17 15:27:36.250,0.85418,0.85438,1.80,2.18
2011.10.17 15:27:36.621,0.85428,0.85443,1.73,1.43
2011.10.17 15:27:36.867,0.85436,0.85455,1.73,1.50
2011.10.17 15:27:37.104,0.85439,0.85459,1.33,1.43
2011.10.17 15:27:37.692,0.8544,0.85461,2.46,1.50
2011.10.17 15:27:38.151,0.85442,0.85462,1.93,1.13
2011.10.17 15:27:38.278,0.85442,0.8546,1.35,1.13
2011.10.17 15:27:39.076,0.85442,0.8546,1.35,1.13
2011.10.17 15:27:40.147,0.85443,0.8546,1.65,1.50
2011.10.17 15:27:40.520,0.85446,0.85466,2.25,1.80
2011.10.17 15:27:42.295,0.85447,0.85467,2.38,1.50
2011.10.17 15:27:42.533,0.85453,0.85471,1.13,1.88
2011.10.17 15:27:42.762,0.85451,0.85469,1.05,1.50
2011.10.17 15:27:42.996,0.85455,0.85475,1.35,1.13
2011.10.17 15:27:43.116,0.85454,0.85475,1.80,1.13
2011.10.17 15:27:43.457,0.85454,0.85469,1.80,1.13
2011.10.17 15:27:43.580,0.85453,0.85469,1.35,1.50
2011.10.17 15:27:43.710,0.85449,0.85466,1.35,1.13
2011.10.17 15:27:44.403,0.85449,0.85466,1.35,1.88
2011.10.17 15:27:46.836,0.85449,0.85466,1.35,1.88
2011.10.17 15:27:47.824,0.8545,0.85469,1.80,1.50
2011.10.17 15:27:48.054,0.85456,0.8547,1.50,1.50
2011.10.17 15:27:48.283,0.85456,0.85472,1.50,1.13
2011.10.17 15:27:48.402,0.85456,0.85472,1.50,1.13
2011.10.17 15:27:51.115,0.85456,0.85471,1.50,1.13
2011.10.17 15:27:51.625,0.85456,0.85471,1.50,1.13
2011.10.17 15:27:52.256,0.85456,0.85471,1.50,1.13
2011.10.17 15:27:52.501,0.8545,0.8547,1.63,1.13
2011.10.17 15:27:52.748,0.85447,0.85468,3.30,1.13
2011.10.17 15:27:53.347,0.8545,0.85469,1.13,2.18
2011.10.17 15:27:53.771,0.85453,0.8547,1.43,1.13
2011.10.17 15:27:54.128,0.85457,0.8547,1.13,1.13
2011.10.17 15:27:54.612,0.8545,0.85469,1.80,1.13
2011.10.17 15:27:54.732,0.8545,0.85468,1.05,1.13
2011.10.17 15:27:56.040,0.8545,0.85468,1.65,1.13
2011.10.17 15:27:56.174,0.85451,0.85471,1.73,1.50
2011.10.17 15:27:56.297,0.85452,0.85474,1.13,4.43
2011.10.17 15:27:57.454,0.85456,0.85474,1.13,2.93
2011.10.17 15:27:59.017,0.85456,0.85478,1.71,2.40
2011.10.17 15:27:59.136,0.85457,0.85478,1.33,1.80
2011.10.17 15:27:59.715,0.85461,0.85479,1.11,1.13
2011.10.17 15:28:00.698,0.8546,0.85479,1.11,1.13
2011.10.17 15:28:00.828,0.85459,0.85479,1.48,1.13
2011.10.17 15:28:01.394,0.85458,0.85476,2.53,1.50
2011.10.17 15:28:03.594,0.85459,0.8548,2.25,1.88
2011.10.17 15:28:05.432,0.85459,0.85478,1.50,1.50
2011.10.17 15:28:07.874,0.85459,0.85475,1.68,1.50
2011.10.17 15:28:08.476,0.85459,0.85475,1.68,1.50
2011.10.17 15:28:09.156,0.85458,0.85478,1.26,1.88
2011.10.17 15:28:09.393,0.85457,0.85476,3.96,1.13
2011.10.17 15:28:10.674,0.85457,0.85475,2.48,1.13
2011.10.17 15:28:10.798,0.85457,0.85474,2.10,1.13
2011.10.17 15:28:11.156,0.85454,0.85471,1.11,2.48
2011.10.17 15:28:11.826,0.85453,0.85469,1.11,1.50
2011.10.17 15:28:11.953,0.85448,0.85467,1.43,1.13
2011.10.17 15:28:12.076,0.85448,0.85466,1.41,1.13
2011.10.17 15:28:12.765,0.85453,0.85468,2.18,1.13
2011.10.17 15:28:13.112,0.85449,0.85466,1.48,1.50
2011.10.17 15:28:13.833,0.85449,0.85467,1.11,1.50
2011.10.17 15:28:14.403,0.85449,0.85467,1.11,1.88
2011.10.17 15:28:15.661,0.85447,0.85466,2.61,2.18
2011.10.17 15:28:15.791,0.85447,0.85465,1.88,1.13
2011.10.17 15:28:16.386,0.85447,0.85463,1.88,1.13
2011.10.17 15:28:16.975,0.85447,0.85463,1.88,1.88
2011.10.17 15:28:17.989,0.85447,0.85461,1.88,1.13
2011.10.17 15:28:19.435,0.85447,0.85462,1.88,1.88
2011.10.17 15:28:21.011,0.85447,0.85462,1.88,1.88
2011.10.17 15:28:21.833,0.85447,0.85462,1.88,1.88
2011.10.17 15:28:24.275,0.85447,0.85462,1.88,1.50
2011.10.17 15:28:32.783,0.85447,0.85462,1.88,1.88
2011.10.17 15:28:33.482,0.85446,0.85461,1.88,2.63
2011.10.17 15:28:38.523,0.85446,0.85462,1.88,1.13
2011.10.17 15:28:39.422,0.85446,0.85465,1.88,1.88
2011.10.17 15:28:41.613,0.85446,0.85464,1.88,1.13
2011.10.17 15:28:48.431,0.85446,0.85464,2.61,1.13
2011.10.17 15:28:48.981,0.85447,0.85464,1.88,1.13
2011.10.17 15:28:54.773,0.85447,0.85465,2.25,1.88
2011.10.17 15:28:55.292,0.85447,0.85466,3.00,1.88
2011.10.17 15:28:56.344,0.85447,0.85465,1.88,1.13
2011.10.17 15:28:56.902,0.85447,0.85466,1.88,1.13
2011.10.17 15:28:57.573,0.85447,0.85466,1.88,1.88
2011.10.17 15:28:57.914,0.85442,0.85463,2.46,1.13
2011.10.17 15:28:58.144,0.85441,0.85461,2.08,1.13
2011.10.17 15:28:58.703,0.85441,0.85461,1.13,2.48
2011.10.17 15:29:02.364,0.8544,0.8546,1.26,1.73
2011.10.17 15:29:02.488,0.8544,0.85459,1.05,2.10
2011.10.17 15:29:03.922,0.8544,0.85457,1.43,1.35
2011.10.17 15:29:04.333,0.85441,0.85452,1.13,1.50
2011.10.17 15:29:04.574,0.85441,0.8546,1.13,1.35
2011.10.17 15:29:05.496,0.8544,0.85459,1.33,1.35
2011.10.17 15:29:05.738,0.85446,0.85465,1.50,1.13
2011.10.17 15:29:05.865,0.85449,0.85468,1.80,2.25
2011.10.17 15:29:06.486,0.85448,0.85467,1.05,3.23
2011.10.17 15:29:06.614,0.85447,0.85466,1.50,1.28
2011.10.17 15:29:07.952,0.85447,0.85466,1.80,1.35
2011.10.17 15:29:09.395,0.85447,0.85466,1.80,1.73
2011.10.17 15:29:10.389,0.85448,0.85466,1.43,1.73
2011.10.17 15:29:10.956,0.85448,0.85467,1.80,2.48
2011.10.17 15:29:11.306,0.85447,0.85465,2.55,1.13
2011.10.17 15:29:11.903,0.85447,0.85465,1.88,1.13
2011.10.17 15:29:12.518,0.85447,0.85465,1.88,1.50
2011.10.17 15:29:14.502,0.85446,0.85465,1.13,1.50
2011.10.17 15:29:19.936,0.85446,0.85466,1.73,2.10
2011.10.17 15:29:21.393,0.85442,0.85461,2.46,1.35
2011.10.17 15:29:21.515,0.85442,0.85461,1.33,1.35
2011.10.17 15:29:21.634,0.8544,0.85459,1.05,1.13
2011.10.17 15:29:21.973,0.85437,0.85457,1.13,1.88
2011.10.17 15:29:22.703,0.85437,0.85457,2.63,1.88
2011.10.17 15:29:23.188,0.85438,0.85458,1.35,1.50
2011.10.17 15:29:23.442,0.8544,0.85461,1.43,1.73
2011.10.17 15:29:24.046,0.8544,0.85461,1.43,1.73
2011.10.17 15:29:25.508,0.8544,0.85462,1.43,2.55
2011.10.17 15:29:26.431,0.8544,0.85462,1.43,2.18
2011.10.17 15:29:28.177,0.85444,0.85464,1.43,2.25
2011.10.17 15:29:28.606,0.85444,0.85464,1.43,2.25
2011.10.17 15:29:29.173,0.85444,0.85464,1.43,2.25
2011.10.17 15:29:29.765,0.85443,0.85464,1.43,3.00
2011.10.17 15:29:30.105,0.8544,0.85462,1.43,2.40
2011.10.17 15:29:30.344,0.8544,0.8546,1.43,2.48
2011.10.17 15:29:31.675,0.85437,0.85458,2.63,2.03
2011.10.17 15:29:31.918,0.85435,0.85454,1.63,1.35
2011.10.17 15:29:32.286,0.85435,0.85452,1.13,1.88
2011.10.17 15:29:32.526,0.85436,0.85455,2.18,1.13
2011.10.17 15:29:33.169,0.85437,0.85457,1.13,2.48
2011.10.17 15:29:35.743,0.85436,0.85457,1.80,3.23
2011.10.17 15:29:36.107,0.85432,0.85448,1.43,1.13
2011.10.17 15:29:36.227,0.85429,0.85448,1.80,1.13
2011.10.17 15:29:36.566,0.85429,0.85451,2.38,1.80
2011.10.17 15:29:36.690,0.8543,0.85451,1.13,1.43
2011.10.17 15:29:37.297,0.85428,0.8545,3.36,1.43
2011.10.17 15:29:40.035,0.85428,0.85449,2.08,2.10
2011.10.17 15:29:40.156,0.85428,0.8545,2.76,1.43
2011.10.17 15:29:41.974,0.85428,0.8545,3.51,1.43
2011.10.17 15:29:42.337,0.85428,0.8545,2.38,1.43
2011.10.17 15:29:42.798,0.85432,0.85451,1.43,2.10
2011.10.17 15:29:42.929,0.85433,0.85451,1.05,1.50
2011.10.17 15:29:43.177,0.85436,0.85454,1.13,1.13
2011.10.17 15:29:44.424,0.85436,0.85454,2.63,1.13
2011.10.17 15:29:45.045,0.85438,0.85454,1.11,1.13
2011.10.17 15:29:45.169,0.85436,0.85454,2.63,1.13
2011.10.17 15:29:45.885,0.85436,0.85456,2.08,2.18
2011.10.17 15:29:46.005,0.85436,0.85458,3.51,1.80
2011.10.17 15:29:46.635,0.85436,0.85459,4.98,1.73
2011.10.17 15:29:47.000,0.85439,0.85458,3.15,1.13
2011.10.17 15:29:47.367,0.85437,0.85459,2.83,1.50
2011.10.17 15:29:47.944,0.85437,0.85459,1.13,1.13
2011.10.17 15:29:48.276,0.85437,0.85456,1.13,1.80
2011.10.17 15:29:48.420,0.85436,0.85454,2.63,1.13
2011.10.17 15:29:49.003,0.85436,0.85456,1.50,2.40
2011.10.17 15:29:49.461,0.85437,0.85455,2.63,1.88
2011.10.17 15:29:50.042,0.85436,0.85454,2.61,1.50
2011.10.17 15:29:50.403,0.85437,0.85454,1.11,1.13
2011.10.17 15:29:50.949,0.85436,0.85454,2.98,1.50
2011.10.17 15:29:51.482,0.85436,0.85454,2.98,1.50
2011.10.17 15:29:52.286,0.85436,0.85454,2.61,1.13
2011.10.17 15:29:52.990,0.85436,0.85454,2.61,1.13
2011.10.17 15:29:53.563,0.85437,0.85454,1.48,1.13
2011.10.17 15:29:54.134,0.85436,0.85453,2.98,1.13
2011.10.17 15:29:54.714,0.85436,0.85454,3.36,1.13
2011.10.17 15:29:55.286,0.85436,0.85454,4.11,1.13
2011.10.17 15:29:55.582,0.85436,0.85454,4.11,1.13
2011.10.17 15:29:55.708,0.85437,0.85454,1.48,1.13
2011.10.17 15:29:56.151,0.85436,0.85454,4.11,1.13
2011.10.17 15:29:56.710,0.85436,0.85453,3.73,1.13
2011.10.17 15:29:57.254,0.85436,0.85453,2.98,1.13
2011.10.17 15:29:57.487,0.85438,0.85456,1.13,3.15
2011.10.17 15:29:57.607,0.85439,0.85456,1.11,1.65
2011.10.17 15:29:57.952,0.85439,0.85456,1.11,1.65
2011.10.17 15:29:58.511,0.85439,0.85456,1.11,1.65
2011.10.17 15:29:59.107,0.8544,0.85456,1.48,1.65
2011.10.17 15:29:59.470,0.85443,0.85458,1.11,1.88
2011.10.17 15:30:00.036,0.85443,0.85458,1.11,2.63
2011.10.17 15:30:00.755,0.85443,0.85458,1.11,1.88
2011.10.17 15:30:01.459,0.85443,0.85459,1.11,1.88
2011.10.17 15:30:02.045,0.85443,0.85459,1.11,1.88
2011.10.17 15:30:02.684,0.85443,0.85459,1.11,1.88
2011.10.17 15:30:03.420,0.85444,0.85459,1.86,1.88
2011.10.17 15:30:03.794,0.85442,0.85458,1.11,1.13
2011.10.17 15:30:03.926,0.85442,0.85458,1.11,1.13
2011.10.17 15:30:04.602,0.85443,0.85459,1.11,1.80
2011.10.17 15:30:04.840,0.85441,0.85457,1.48,1.73
2011.10.17 15:30:05.413,0.85441,0.85459,1.86,2.40
2011.10.17 15:30:05.926,0.85449,0.85463,1.48,3.53
2011.10.17 15:30:06.051,0.85449,0.85467,2.23,1.73
2011.10.17 15:30:06.177,0.85453,0.85467,1.13,1.35
2011.10.17 15:30:06.416,0.85456,0.85474,2.63,1.50
2011.10.17 15:30:06.534,0.85455,0.85475,1.13,1.13
2011.10.17 15:30:06.887,0.85457,0.85475,2.63,1.13
2011.10.17 15:30:07.126,0.85457,0.85475,3.36,1.13
2011.10.17 15:30:07.478,0.85459,0.85475,1.50,1.13
2011.10.17 15:30:08.007,0.85457,0.85474,2.25,1.13
2011.10.17 15:30:08.129,0.85457,0.85474,2.25,1.13
2011.10.17 15:30:08.787,0.85457,0.85475,1.13,1.50
2011.10.17 15:30:11.759,0.85457,0.85474,2.63,1.13
2011.10.17 15:30:12.136,0.85458,0.85471,1.50,1.13
2011.10.17 15:30:12.266,0.8545,0.8547,1.43,1.13
2011.10.17 15:30:12.385,0.8545,0.8547,2.55,1.13
2011.10.17 15:30:12.988,0.85457,0.8547,1.88,1.88
2011.10.17 15:30:14.190,0.85447,0.85468,4.48,1.43
2011.10.17 15:30:15.524,0.85447,0.85468,3.75,1.43
2011.10.17 15:30:16.102,0.85447,0.85467,2.83,1.50
2011.10.17 15:30:16.223,0.85447,0.85467,2.63,1.88
2011.10.17 15:30:16.827,0.85447,0.85466,2.63,1.88
2011.10.17 15:30:16.948,0.85446,0.85466,1.80,1.50
2011.10.17 15:30:17.305,0.85446,0.85465,4.05,1.50
2011.10.17 15:30:17.542,0.85446,0.85466,3.30,2.25
2011.10.17 15:30:17.664,0.85453,0.85466,1.50,2.25
2011.10.17 15:30:17.892,0.85447,0.85464,1.50,1.13
2011.10.17 15:30:18.013,0.85446,0.85464,2.55,1.13
2011.10.17 15:30:18.133,0.85451,0.85464,1.50,1.13
2011.10.17 15:30:19.594,0.85451,0.85463,1.50,1.13
2011.10.17 15:30:19.712,0.85446,0.85463,2.63,1.13
2011.10.17 15:30:19.833,0.85446,0.85463,1.88,1.13
2011.10.17 15:30:20.432,0.85446,0.85463,1.88,1.13
2011.10.17 15:30:21.379,0.85449,0.85464,1.50,1.50
2011.10.17 15:30:21.625,0.85449,0.85465,1.50,1.50
2011.10.17 15:30:24.904,0.85449,0.85466,1.50,2.63
2011.10.17 15:30:26.412,0.85451,0.85467,1.50,1.88
2011.10.17 15:30:26.962,0.85451,0.85466,1.50,1.13
2011.10.17 15:30:27.843,0.85448,0.85466,1.50,1.13
2011.10.17 15:30:31.095,0.8545,0.85467,1.13,1.88
2011.10.17 15:30:31.217,0.85453,0.85467,1.11,1.13
2011.10.17 15:30:31.568,0.85453,0.85467,1.11,1.13
2011.10.17 15:30:32.132,0.85457,0.8547,2.63,1.13
2011.10.17 15:30:32.749,0.85457,0.8547,1.88,1.13
2011.10.17 15:30:34.034,0.85457,0.8547,1.88,1.13
2011.10.17 15:30:35.190,0.85457,0.8547,1.88,1.13
2011.10.17 15:30:35.544,0.85457,0.8547,1.88,1.13
2011.10.17 15:30:39.173,0.85457,0.85468,1.88,1.13
2011.10.17 15:30:40.696,0.85456,0.85468,1.13,1.13
2011.10.17 15:30:41.278,0.85453,0.85468,1.13,1.50
2011.10.17 15:30:41.394,0.85453,0.85468,1.13,1.50
2011.10.17 15:30:41.513,0.85453,0.85466,1.50,1.13
2011.10.17 15:30:42.522,0.85452,0.85464,1.48,1.13
2011.10.17 15:30:42.652,0.85449,0.85464,1.50,1.50
2011.10.17 15:30:42.775,0.85447,0.85462,1.88,1.13
2011.10.17 15:30:43.375,0.85445,0.8546,1.86,1.13
2011.10.17 15:30:43.786,0.85445,0.8546,1.13,1.13
2011.10.17 15:30:44.658,0.85443,0.85457,1.48,1.13
2011.10.17 15:30:45.024,0.85443,0.85457,2.61,1.13
2011.10.17 15:30:45.602,0.85443,0.85457,1.13,1.13
2011.10.17 15:30:46.317,0.85441,0.85458,1.11,1.88
2011.10.17 15:30:46.546,0.85443,0.85457,1.50,1.13
2011.10.17 15:30:47.383,0.85441,0.85458,1.48,1.13
2011.10.17 15:30:47.868,0.8544,0.85458,1.48,1.13
2011.10.17 15:30:48.223,0.85441,0.85458,2.23,1.13
2011.10.17 15:30:48.344,0.85441,0.85458,1.13,1.88
2011.10.17 15:30:48.914,0.85442,0.85458,1.50,1.13
2011.10.17 15:30:50.072,0.85441,0.85456,1.13,1.13
2011.10.17 15:30:50.424,0.85441,0.85455,1.86,1.13
2011.10.17 15:30:51.053,0.85438,0.85455,2.46,1.13
2011.10.17 15:30:51.178,0.85438,0.85455,2.46,1.13
2011.10.17 15:30:51.774,0.85438,0.85455,2.46,1.13
2011.10.17 15:30:52.881,0.85438,0.85455,2.46,1.13
2011.10.17 15:30:53.004,0.85438,0.85455,2.46,1.13
2011.10.17 15:30:53.551,0.85439,0.85455,1.13,1.13
2011.10.17 15:30:53.674,0.8544,0.85457,1.50,1.13
2011.10.17 15:30:54.801,0.85442,0.85456,1.13,1.13
2011.10.17 15:30:55.141,0.85442,0.85457,1.50,1.13
2011.10.17 15:30:56.092,0.85442,0.85458,1.50,1.13
2011.10.17 15:30:56.553,0.85441,0.85457,1.86,1.50
2011.10.17 15:30:58.402,0.85442,0.85458,1.50,1.13
2011.10.17 15:30:59.181,0.85441,0.85457,1.13,1.50
2011.10.17 15:30:59.303,0.85441,0.85457,1.13,1.50
2011.10.17 15:30:59.657,0.85441,0.8546,1.86,1.50
2011.10.17 15:30:59.773,0.85441,0.8546,1.48,1.50
2011.10.17 15:31:00.576,0.85437,0.85458,2.53,1.13
2011.10.17 15:31:01.433,0.85442,0.85458,1.50,1.13
2011.10.17 15:31:05.672,0.85442,0.85458,1.50,1.13
2011.10.17 15:31:06.869,0.85442,0.85458,2.63,1.13
2011.10.17 15:31:09.004,0.85441,0.85458,1.50,1.50
2011.10.17 15:31:09.668,0.85441,0.85458,1.50,1.13
2011.10.17 15:31:10.493,0.85442,0.85458,1.50,1.13
2011.10.17 15:31:10.614,0.85442,0.85458,1.50,1.13
2011.10.17 15:31:10.848,0.85444,0.8546,1.50,1.13
2011.10.17 15:31:11.433,0.85445,0.8546,1.50,1.13
2011.10.17 15:31:13.580,0.85446,0.85461,1.50,1.13
2011.10.17 15:31:13.827,0.85447,0.85463,2.63,1.13
2011.10.17 15:31:15.427,0.85449,0.85464,1.50,1.80
2011.10.17 15:31:15.787,0.85452,0.85467,1.50,1.50
2011.10.17 15:31:15.907,0.85454,0.85468,1.50,1.80
2011.10.17 15:31:16.032,0.85453,0.85469,1.50,1.43
2011.10.17 15:31:16.160,0.8545,0.85469,1.50,1.43
2011.10.17 15:31:16.742,0.8545,0.85469,1.50,1.43
2011.10.17 15:31:17.152,0.85452,0.85469,1.50,1.80
2011.10.17 15:31:17.493,0.85452,0.85468,1.50,2.18
2011.10.17 15:31:18.134,0.85452,0.85468,1.50,1.80
2011.10.17 15:31:18.474,0.8545,0.85468,1.50,3.30
2011.10.17 15:31:19.035,0.85452,0.85468,1.50,2.55
2011.10.17 15:31:19.724,0.85451,0.85467,1.50,1.50
2011.10.17 15:31:20.302,0.85448,0.85468,1.71,1.43
2011.10.17 15:31:20.533,0.85448,0.85468,1.71,1.43
2011.10.17 15:31:21.247,0.85458,0.8547,1.50,1.35
2011.10.17 15:31:21.475,0.85456,0.85472,1.50,2.03
2011.10.17 15:31:21.927,0.85457,0.85473,1.50,2.18
2011.10.17 15:31:22.494,0.85452,0.85472,1.50,1.80
2011.10.17 15:31:22.615,0.85455,0.85472,1.13,1.43
2011.10.17 15:31:23.194,0.85457,0.85471,2.63,1.50
2011.10.17 15:31:23.664,0.85452,0.85471,1.50,1.50
2011.10.17 15:31:23.892,0.85456,0.85472,1.50,2.18
2011.10.17 15:31:24.564,0.85457,0.85472,1.50,2.18
2011.10.17 15:31:26.512,0.85455,0.85472,1.50,2.18
2011.10.17 15:31:26.635,0.85453,0.85472,2.25,2.18
2011.10.17 15:31:26.752,0.85457,0.85472,1.50,2.18
2011.10.17 15:31:27.104,0.85459,0.85471,1.50,1.13
2011.10.17 15:31:27.348,0.85461,0.85474,1.50,1.13
2011.10.17 15:31:27.905,0.8546,0.85475,1.50,1.13
2011.10.17 15:31:28.365,0.85463,0.85477,1.13,1.50
2011.10.17 15:31:28.484,0.85464,0.8548,1.50,1.43
2011.10.17 15:31:28.604,0.85464,0.85481,1.88,1.43
2011.10.17 15:31:29.177,0.85466,0.8548,1.50,1.05
2011.10.17 15:31:29.658,0.85466,0.85484,1.88,1.88
2011.10.17 15:31:30.370,0.85466,0.85484,1.88,1.13
2011.10.17 15:31:31.887,0.8547,0.85484,1.50,1.13
2011.10.17 15:31:32.344,0.8547,0.85484,1.50,1.13
2011.10.17 15:31:32.991,0.85466,0.85481,2.63,1.05
2011.10.17 15:31:33.126,0.85466,0.85477,1.88,1.05
2011.10.17 15:31:33.487,0.85462,0.85477,1.50,1.05
2011.10.17 15:31:36.447,0.85462,0.85477,1.50,1.05
2011.10.17 15:31:36.844,0.85463,0.85479,1.50,2.48
2011.10.17 15:31:36.964,0.85467,0.85479,1.50,2.10
2011.10.17 15:31:37.315,0.85467,0.8548,1.50,1.05
2011.10.17 15:31:37.904,0.85467,0.8548,1.50,1.05
2011.10.17 15:31:38.513,0.85467,0.8548,1.50,1.05
2011.10.17 15:31:46.163,0.85467,0.8548,1.50,1.05
2011.10.17 15:31:48.510,0.85467,0.85482,1.88,1.13
2011.10.17 15:31:58.073,0.85467,0.85482,1.88,1.13
2011.10.17 15:32:00.081,0.85467,0.85482,1.88,1.13
2011.10.17 15:32:01.216,0.85467,0.85482,3.38,1.13
2011.10.17 15:32:04.475,0.85467,0.85485,3.38,2.93
2011.10.17 15:32:09.891,0.85467,0.85484,2.63,1.13
2011.10.17 15:32:11.805,0.85467,0.85484,1.88,1.13
2011.10.17 15:32:12.403,0.85467,0.85485,1.88,2.55
2011.10.17 15:32:12.975,0.85467,0.85485,2.63,1.05
2011.10.17 15:32:13.314,0.85466,0.85484,1.48,1.13
2011.10.17 15:32:15.273,0.85467,0.85484,1.88,1.13
2011.10.17 15:32:19.034,0.85467,0.85484,1.88,1.13
2011.10.17 15:32:19.604,0.85467,0.85481,1.88,1.13
2011.10.17 15:32:19.958,0.85459,0.85477,1.31,1.43
2011.10.17 15:32:20.447,0.85461,0.8548,1.33,1.13
2011.10.17 15:32:20.565,0.85461,0.8548,1.35,1.50
2011.10.17 15:32:21.036,0.85461,0.8548,1.11,2.25
2011.10.17 15:32:23.941,0.85459,0.85477,1.43,1.13
2011.10.17 15:32:24.307,0.85459,0.85477,1.43,1.13
2011.10.17 15:32:25.265,0.85459,0.85477,1.43,1.13
2011.10.17 15:32:26.147,0.85461,0.85477,1.13,1.13
2011.10.17 15:32:26.604,0.85464,0.85477,1.43,1.13
2011.10.17 15:32:27.052,0.85464,0.85477,1.43,1.13
2011.10.17 15:32:27.397,0.85464,0.85477,1.43,1.13
2011.10.17 15:32:27.518,0.85464,0.85478,1.43,1.50
2011.10.17 15:32:28.113,0.85464,0.85479,1.43,1.13
2011.10.17 15:32:28.934,0.85464,0.85479,1.43,1.13
2011.10.17 15:32:29.634,0.85461,0.85479,1.86,1.13
2011.10.17 15:32:29.756,0.85458,0.85478,1.71,1.80
2011.10.17 15:32:29.881,0.85456,0.85478,4.61,1.80
2011.10.17 15:32:30.249,0.85456,0.85476,2.55,1.50
2011.10.17 15:32:30.786,0.85456,0.85472,3.30,1.13
2011.10.17 15:32:31.583,0.85456,0.85472,3.30,1.13
2011.10.17 15:32:33.454,0.85456,0.85472,3.30,1.13
2011.10.17 15:32:35.523,0.85456,0.85472,3.30,1.13
2011.10.17 15:32:36.107,0.85456,0.85472,2.55,1.13
2011.10.17 15:32:36.822,0.85456,0.85472,1.88,1.13
2011.10.17 15:32:39.452,0.85457,0.85471,1.88,1.13
2011.10.17 15:32:43.041,0.85457,0.85471,1.88,1.13
2011.10.17 15:32:46.713,0.85457,0.85471,1.88,1.13
2011.10.17 15:32:46.945,0.85457,0.85471,1.88,1.13
2011.10.17 15:32:49.603,0.85453,0.85474,1.33,2.10
2011.10.17 15:32:49.735,0.85453,0.85474,1.33,1.73
2011.10.17 15:32:50.313,0.85455,0.85474,1.13,1.73
2011.10.17 15:32:52.945,0.85455,0.85474,1.13,1.73
2011.10.17 15:32:53.065,0.85456,0.85475,1.13,1.65
2011.10.17 15:32:53.292,0.85456,0.85475,1.13,2.40
2011.10.17 15:32:55.486,0.85456,0.85475,1.13,1.05
2011.10.17 15:32:56.373,0.85456,0.85475,1.13,1.05
2011.10.17 15:32:56.773,0.85456,0.85475,1.13,1.05
2011.10.17 15:32:57.309,0.85456,0.85475,1.13,1.05
2011.10.17 15:32:57.435,0.85456,0.85475,1.13,1.05
2011.10.17 15:32:58.014,0.85456,0.85477,1.71,1.13
2011.10.17 15:32:58.594,0.85456,0.85477,1.71,1.13
2011.10.17 15:32:58.716,0.85456,0.85477,3.73,1.13
2011.10.17 15:32:59.557,0.85456,0.85477,2.83,1.13
2011.10.17 15:32:59.906,0.85457,0.85477,4.65,1.13
2011.10.17 15:33:02.424,0.85459,0.85477,1.43,1.13
2011.10.17 15:33:02.776,0.85459,0.85477,1.43,1.73
2011.10.17 15:33:02.905,0.85459,0.85477,1.43,1.73
2011.10.17 15:33:03.030,0.85459,0.85477,1.43,1.73
2011.10.17 15:33:03.625,0.8546,0.8548,1.13,1.13
2011.10.17 15:33:04.218,0.85463,0.8548,1.43,1.13
2011.10.17 15:33:04.345,0.85464,0.85482,1.43,1.73
2011.10.17 15:33:04.687,0.85464,0.85482,1.43,1.13
2011.10.17 15:33:05.250,0.85464,0.85483,1.43,1.13
2011.10.17 15:33:05.844,0.85464,0.85483,1.43,1.50
2011.10.17 15:33:06.361,0.85464,0.85483,1.43,1.50
2011.10.17 15:33:07.476,0.85464,0.85483,1.43,1.50
2011.10.17 15:33:08.066,0.85466,0.85485,1.13,1.73
2011.10.17 15:33:08.524,0.85467,0.85485,1.13,1.13
2011.10.17 15:33:08.758,0.85467,0.85487,1.80,1.88
2011.10.17 15:33:09.005,0.85467,0.85487,1.80,1.13
2011.10.17 15:33:09.479,0.85467,0.85486,1.43,1.13
2011.10.17 15:33:10.068,0.85467,0.85486,1.43,1.13
2011.10.17 15:33:10.615,0.85467,0.85486,1.43,1.13
2011.10.17 15:33:10.859,0.85466,0.85486,1.13,1.80
2011.10.17 15:33:11.227,0.85466,0.85484,1.13,1.50
2011.10.17 15:33:12.507,0.85466,0.85484,1.13,1.13
2011.10.17 15:33:12.853,0.85466,0.85484,1.13,1.13
2011.10.17 15:33:13.445,0.85467,0.85486,1.13,2.55
2011.10.17 15:33:13.691,0.85468,0.85486,1.43,1.88
2011.10.17 15:33:14.176,0.85465,0.85486,1.43,1.50
2011.10.17 15:33:14.417,0.85466,0.85484,1.13,1.13
2011.10.17 15:33:14.777,0.85466,0.85483,1.13,1.13
2011.10.17 15:33:15.336,0.85465,0.85483,1.43,1.13
2011.10.17 15:33:15.463,0.85467,0.85484,1.35,1.13
2011.10.17 15:33:15.587,0.85467,0.85486,1.73,1.50
2011.10.17 15:33:16.210,0.85468,0.85488,2.01,1.13
2011.10.17 15:33:17.362,0.85468,0.85486,2.01,1.13
2011.10.17 15:33:17.936,0.85468,0.85486,1.43,3.23
2011.10.17 15:33:18.180,0.85462,0.85481,2.25,1.50
2011.10.17 15:33:18.529,0.8546,0.85476,1.43,1.43
2011.10.17 15:33:19.014,0.85458,0.85476,1.88,1.35
2011.10.17 15:33:19.371,0.8546,0.85478,1.50,1.13
2011.10.17 15:33:19.617,0.85462,0.85482,1.13,3.23
2011.10.17 15:33:19.846,0.85462,0.85482,1.13,1.73
2011.10.17 15:33:20.402,0.85462,0.85482,1.33,1.73
2011.10.17 15:33:21.148,0.85462,0.85481,1.33,1.13
2011.10.17 15:33:21.264,0.85462,0.85483,1.33,4.28
2011.10.17 15:33:21.384,0.85464,0.85483,1.13,2.78
2011.10.17 15:33:21.946,0.85461,0.85482,1.33,1.73
2011.10.17 15:33:22.565,0.85462,0.85482,1.33,1.73
2011.10.17 15:33:23.171,0.8547,0.85484,1.05,3.38
2011.10.17 15:33:23.568,0.85469,0.85489,1.26,1.13
2011.10.17 15:33:23.698,0.85468,0.85489,1.63,1.13
2011.10.17 15:33:23.830,0.85469,0.85491,1.63,1.80
2011.10.17 15:33:23.958,0.85469,0.8549,1.63,1.35
2011.10.17 15:33:24.188,0.85467,0.85488,3.21,1.80
2011.10.17 15:33:24.425,0.85468,0.85488,1.33,1.05
2011.10.17 15:33:25.364,0.85468,0.85488,1.33,1.05
2011.10.17 15:33:25.595,0.85469,0.85489,1.13,2.40
2011.10.17 15:33:25.717,0.85469,0.85489,1.13,2.40
2011.10.17 15:33:26.059,0.85477,0.85489,1.88,1.73
2011.10.17 15:33:26.909,0.85477,0.85489,1.88,1.88
2011.10.17 15:33:27.042,0.85473,0.85491,1.43,1.13
2011.10.17 15:33:27.173,0.85473,0.85492,1.80,2.63
2011.10.17 15:33:27.303,0.85471,0.85491,2.68,1.13
2011.10.17 15:33:27.429,0.85471,0.8549,2.68,1.50
2011.10.17 15:33:27.556,0.85472,0.85491,1.43,1.13
2011.10.17 15:33:27.917,0.85473,0.85493,2.01,1.50
2011.10.17 15:33:28.731,0.85477,0.85495,2.25,1.43
2011.10.17 15:33:29.230,0.85477,0.85495,2.25,1.43
2011.10.17 15:33:29.957,0.85477,0.85499,1.35,1.13
2011.10.17 15:33:30.318,0.85483,0.85501,1.13,1.13
2011.10.17 15:33:30.434,0.85486,0.85501,1.88,1.13
2011.10.17 15:33:33.065,0.85486,0.85501,1.88,1.13
2011.10.17 15:33:33.743,0.85486,0.85501,1.88,1.13
2011.10.17 15:33:34.341,0.85486,0.85501,1.88,1.13
2011.10.17 15:33:37.306,0.85484,0.85503,1.63,1.43
2011.10.17 15:33:37.440,0.85486,0.85504,1.05,1.13
2011.10.17 15:33:37.571,0.85484,0.85503,2.46,1.13
2011.10.17 15:33:37.701,0.85484,0.85503,1.33,1.13
2011.10.17 15:33:37.830,0.85483,0.85501,1.33,1.13
2011.10.17 15:33:38.158,0.85487,0.85501,1.88,1.13
2011.10.17 15:33:38.411,0.85485,0.85504,1.35,1.05
2011.10.17 15:33:39.105,0.85486,0.85507,3.68,1.88
2011.10.17 15:33:39.683,0.85488,0.85507,2.48,1.88
2011.10.17 15:33:40.253,0.85489,0.85507,1.26,1.13
2011.10.17 15:33:41.916,0.8549,0.85509,1.26,1.13
2011.10.17 15:33:42.504,0.85491,0.8551,1.33,1.13
2011.10.17 15:33:43.094,0.8549,0.8551,2.61,1.13
2011.10.17 15:33:44.802,0.85492,0.8551,1.33,1.13
2011.10.17 15:33:45.500,0.85492,0.8551,1.33,1.13
2011.10.17 15:33:45.855,0.85493,0.85512,1.50,1.43
2011.10.17 15:33:48.532,0.85496,0.85512,2.25,1.43
2011.10.17 15:33:48.882,0.85496,0.85512,2.25,1.43
2011.10.17 15:33:51.895,0.85496,0.85512,2.25,1.43
2011.10.17 15:33:57.032,0.85496,0.85512,2.25,1.43
2011.10.17 15:33:57.606,0.85496,0.85512,2.25,1.43
2011.10.17 15:34:00.473,0.85496,0.85512,2.25,1.43
2011.10.17 15:34:02.164,0.85496,0.85512,2.25,1.43
2011.10.17 15:34:02.905,0.85493,0.85512,1.13,1.43
2011.10.17 15:34:03.496,0.85493,0.85512,1.13,1.43
2011.10.17 15:34:04.066,0.85493,0.85512,1.13,1.80
2011.10.17 15:34:05.165,0.8549,0.85509,2.46,2.48
2011.10.17 15:34:05.287,0.85488,0.85505,1.33,1.05
2011.10.17 15:34:05.405,0.85486,0.85505,3.00,2.48
2011.10.17 15:34:05.525,0.85485,0.85504,1.13,1.43
2011.10.17 15:34:06.705,0.85487,0.85504,2.25,1.43
2011.10.17 15:34:09.197,0.85487,0.85504,2.25,1.43
2011.10.17 15:34:11.917,0.85487,0.85504,2.25,1.43
2011.10.17 15:34:14.596,0.85487,0.85503,1.88,1.13
2011.10.17 15:34:15.113,0.85487,0.85503,1.88,1.13
2011.10.17 15:34:15.666,0.85487,0.85504,2.25,2.18
2011.10.17 15:34:15.787,0.85487,0.85508,2.25,2.55
2011.10.17 15:34:17.703,0.85487,0.85507,2.46,1.50
2011.10.17 15:34:18.272,0.85487,0.85507,2.46,1.88
2011.10.17 15:34:18.833,0.85487,0.85507,2.46,1.88
2011.10.17 15:34:19.395,0.85487,0.85507,2.46,1.88
2011.10.17 15:34:20.482,0.85486,0.85507,2.01,1.50
2011.10.17 15:34:20.845,0.85489,0.8551,1.43,1.88
2011.10.17 15:34:21.628,0.85489,0.8551,1.43,1.88
2011.10.17 15:34:22.883,0.85489,0.8551,1.43,1.88
2011.10.17 15:34:23.973,0.85489,0.8551,1.05,1.88
2011.10.17 15:34:24.942,0.85489,0.8551,1.05,1.88
2011.10.17 15:34:25.504,0.85489,0.8551,1.43,1.88
2011.10.17 15:34:27.753,0.85489,0.8551,1.05,1.88
2011.10.17 15:34:31.425,0.85489,0.8551,1.43,1.88
2011.10.17 15:34:32.284,0.85489,0.8551,1.05,1.88
2011.10.17 15:34:32.964,0.85489,0.8551,1.05,1.88
2011.10.17 15:34:33.578,0.85489,0.8551,2.18,1.88
2011.10.17 15:34:33.700,0.85489,0.8551,1.05,1.13
2011.10.17 15:34:34.229,0.85489,0.8551,1.80,1.13
2011.10.17 15:34:37.522,0.8549,0.8551,1.05,1.13
2011.10.17 15:34:37.876,0.85494,0.85513,1.13,1.13
2011.10.17 15:34:37.993,0.85497,0.85514,1.88,1.13
2011.10.17 15:34:38.441,0.85498,0.85514,1.50,1.88
2011.10.17 15:34:38.943,0.85498,0.85514,1.50,1.88
2011.10.17 15:34:39.295,0.85496,0.85514,1.88,1.88
2011.10.17 15:34:39.744,0.85496,0.85514,1.88,1.88
2011.10.17 15:34:41.127,0.85498,0.85514,1.50,1.88
2011.10.17 15:34:42.286,0.85498,0.85513,1.50,1.13
2011.10.17 15:34:42.403,0.85496,0.85511,3.23,1.13
2011.10.17 15:34:44.686,0.85496,0.85511,1.88,1.13
2011.10.17 15:34:45.612,0.85496,0.85511,1.88,1.13
2011.10.17 15:34:46.749,0.85493,0.85508,1.13,1.13
2011.10.17 15:34:46.988,0.85491,0.8551,2.18,1.88
2011.10.17 15:34:47.115,0.85491,0.8551,1.43,1.88
2011.10.17 15:34:47.482,0.85493,0.8551,1.50,1.88
2011.10.17 15:34:48.003,0.85496,0.8551,1.88,1.88
2011.10.17 15:34:51.547,0.85496,0.85508,1.88,1.13
2011.10.17 15:34:51.665,0.85493,0.85508,1.50,1.13
2011.10.17 15:34:51.784,0.8549,0.85507,2.18,1.13
2011.10.17 15:34:52.023,0.8549,0.85506,2.18,1.13
2011.10.17 15:34:52.603,0.85488,0.85506,1.35,1.13
2011.10.17 15:34:53.128,0.85488,0.85505,1.35,1.13
2011.10.17 15:34:54.201,0.85486,0.85504,3.30,1.13
2011.10.17 15:34:54.325,0.85486,0.855,1.88,1.13
2011.10.17 15:34:55.246,0.85486,0.85502,2.25,1.50
2011.10.17 15:34:56.205,0.85487,0.85504,2.25,1.50
2011.10.17 15:34:56.325,0.85487,0.85506,2.25,1.50
2011.10.17 15:34:57.157,0.85487,0.85506,2.25,1.13
2011.10.17 15:34:57.735,0.85487,0.85505,2.25,2.18
2011.10.17 15:34:58.162,0.85489,0.85505,1.05,1.50
2011.10.17 15:34:58.292,0.85491,0.85505,1.05,1.50
2011.10.17 15:34:58.886,0.85487,0.85507,2.08,1.13
2011.10.17 15:34:59.007,0.85487,0.85506,1.88,1.50
2011.10.17 15:34:59.353,0.85487,0.85504,2.25,1.13
2011.10.17 15:34:59.474,0.85487,0.85505,2.25,1.13
2011.10.17 15:35:00.454,0.85487,0.85506,3.00,1.13
2011.10.17 15:35:02.890,0.85487,0.85506,1.88,1.13
2011.10.17 15:35:03.483,0.85487,0.85503,1.88,1.13
2011.10.17 15:35:04.075,0.85483,0.85504,2.93,1.88
2011.10.17 15:35:04.676,0.85486,0.85504,2.25,1.88
2011.10.17 15:35:06.146,0.85486,0.85503,1.88,1.13
2011.10.17 15:35:06.821,0.85486,0.85504,1.88,1.88
2011.10.17 15:35:08.493,0.85486,0.85504,1.88,1.88
2011.10.17 15:35:08.725,0.85486,0.85504,1.88,1.88
2011.10.17 15:35:09.285,0.85486,0.85504,1.88,1.88
2011.10.17 15:35:09.885,0.85487,0.85503,1.88,1.13
2011.10.17 15:35:11.045,0.85487,0.85505,2.93,1.13
2011.10.17 15:35:12.173,0.85487,0.85504,2.55,1.13
2011.10.17 15:35:13.647,0.85487,0.85504,2.55,1.13
2011.10.17 15:35:13.996,0.85487,0.85504,2.55,1.13
2011.10.17 15:35:14.564,0.85487,0.85501,1.88,1.13
2011.10.17 15:35:15.374,0.85482,0.85501,1.63,1.13
2011.10.17 15:35:17.527,0.85486,0.85504,2.25,1.88
2011.10.17 15:35:17.863,0.85487,0.85504,1.05,1.88
2011.10.17 15:35:18.315,0.85483,0.85503,1.63,1.13
2011.10.17 15:35:18.544,0.85484,0.85503,1.13,1.13
2011.10.17 15:35:18.665,0.85483,0.85504,1.26,3.38
2011.10.17 15:35:19.029,0.85488,0.85504,1.05,2.63
2011.10.17 15:35:19.693,0.85488,0.85507,1.05,1.13
2011.10.17 15:35:22.967,0.85487,0.85506,2.93,1.13
2011.10.17 15:35:23.561,0.85488,0.85507,1.05,1.88
2011.10.17 15:35:23.929,0.85492,0.85511,1.05,1.50
2011.10.17 15:35:24.177,0.85492,0.85512,1.05,2.63
2011.10.17 15:35:24.973,0.85492,0.85511,1.05,1.88
2011.10.17 15:35:25.313,0.85492,0.85511,1.05,1.88
2011.10.17 15:35:25.654,0.85492,0.85509,1.05,1.13
2011.10.17 15:35:26.885,0.85487,0.85509,3.13,1.80
2011.10.17 15:35:27.476,0.85491,0.85509,1.05,1.13
2011.10.17 15:35:30.365,0.85488,0.85508,1.05,1.13
2011.10.17 15:35:30.488,0.85487,0.85508,1.26,1.13
2011.10.17 15:35:31.100,0.8549,0.85509,1.05,1.13
2011.10.17 15:35:32.143,0.8549,0.8551,1.26,1.13
2011.10.17 15:35:32.957,0.8549,0.8551,1.26,1.13
2011.10.17 15:35:33.189,0.85488,0.85508,3.43,1.13
2011.10.17 15:35:34.336,0.85488,0.85508,1.93,1.13
2011.10.17 15:35:34.924,0.8549,0.85509,1.05,1.13
2011.10.17 15:35:35.504,0.8549,0.85509,1.05,1.13
2011.10.17 15:35:37.250,0.85489,0.85507,1.26,1.13
2011.10.17 15:35:37.832,0.85489,0.85507,1.05,1.13
2011.10.17 15:35:39.795,0.85487,0.85507,1.26,1.13
2011.10.17 15:35:40.540,0.85488,0.85509,1.93,1.43
2011.10.17 15:35:40.668,0.8549,0.8551,2.01,1.13
2011.10.17 15:35:43.659,0.8549,0.85509,1.63,1.13
2011.10.17 15:35:44.016,0.85486,0.85505,2.93,1.13
2011.10.17 15:35:44.684,0.85486,0.85506,2.93,1.13
2011.10.17 15:35:46.492,0.85486,0.85506,2.93,1.13
2011.10.17 15:35:47.961,0.85486,0.85506,2.93,1.13
2011.10.17 15:35:48.308,0.85486,0.85508,2.93,1.13
2011.10.17 15:35:50.114,0.85486,0.85506,3.13,1.13
2011.10.17 15:35:50.615,0.85486,0.85505,3.13,1.13
2011.10.17 15:35:51.193,0.85486,0.85506,3.13,1.13
2011.10.17 15:35:51.546,0.85486,0.85508,3.88,1.13
2011.10.17 15:35:52.201,0.85486,0.85507,3.13,1.13
2011.10.17 15:35:52.446,0.85486,0.85508,3.13,1.13
2011.10.17 15:35:52.914,0.85489,0.8551,1.56,1.43
2011.10.17 15:35:54.336,0.85489,0.85509,1.56,1.13
2011.10.17 15:35:55.154,0.85489,0.85511,2.31,1.88
2011.10.17 15:35:55.282,0.85489,0.85511,2.31,1.88
2011.10.17 15:35:55.876,0.85489,0.8551,1.56,1.13
2011.10.17 15:35:56.455,0.85489,0.85508,1.56,1.13
2011.10.17 15:35:56.806,0.85486,0.85507,1.33,1.43
2011.10.17 15:35:57.431,0.85487,0.85509,1.43,1.88
2011.10.17 15:35:59.874,0.85486,0.85508,4.56,2.25
2011.10.17 15:36:00.435,0.85487,0.8551,2.38,2.63
2011.10.17 15:36:01.003,0.85488,0.8551,1.63,1.88
2011.10.17 15:36:01.363,0.8549,0.8551,1.35,1.88
2011.10.17 15:36:01.488,0.85491,0.8551,1.43,1.13
2011.10.17 15:36:01.862,0.8549,0.85509,3.38,1.13
2011.10.17 15:36:01.987,0.8549,0.85509,2.03,1.13
2011.10.17 15:36:02.336,0.85487,0.85508,2.55,1.13
2011.10.17 15:36:06.523,0.85487,0.85507,2.55,1.13
2011.10.17 15:36:07.093,0.85486,0.85506,1.73,1.88
2011.10.17 15:36:07.432,0.85487,0.85505,1.88,1.50
2011.10.17 15:36:09.756,0.85487,0.85505,1.88,1.50
2011.10.17 15:36:10.989,0.85487,0.85503,1.88,1.13
2011.10.17 15:36:11.117,0.85483,0.85503,2.01,1.13
2011.10.17 15:36:11.483,0.85483,0.855,1.05,1.73
2011.10.17 15:36:11.612,0.85477,0.85499,1.71,1.65
2011.10.17 15:36:11.738,0.85476,0.85493,2.83,1.13
2011.10.17 15:36:12.324,0.85477,0.85491,1.88,2.10
2011.10.17 15:36:12.922,0.85476,0.85489,1.88,1.35
2011.10.17 15:36:14.616,0.85476,0.85492,1.88,1.50
2011.10.17 15:36:14.739,0.85475,0.85494,1.05,1.50
2011.10.17 15:36:14.869,0.8548,0.85497,1.43,2.10
2011.10.17 15:36:15.227,0.8548,0.85498,1.43,1.35
2011.10.17 15:36:15.673,0.85476,0.85497,1.88,1.35
2011.10.17 15:36:16.092,0.85477,0.85497,2.31,1.35
2011.10.17 15:36:16.458,0.8548,0.85498,1.05,1.50
2011.10.17 15:36:16.696,0.8548,0.85502,1.26,1.43
2011.10.17 15:36:16.937,0.8548,0.85502,2.01,1.43
2011.10.17 15:36:17.057,0.85484,0.85503,1.05,1.50
2011.10.17 15:36:17.418,0.85485,0.85505,2.18,1.13
2011.10.17 15:36:17.541,0.85483,0.85504,2.31,2.63
2011.10.17 15:36:18.327,0.85485,0.85502,1.63,1.13
2011.10.17 15:36:18.570,0.85483,0.85502,1.56,1.13
2011.10.17 15:36:19.035,0.85483,0.85501,1.35,1.13
2011.10.17 15:36:19.495,0.85485,0.85504,2.18,1.88
2011.10.17 15:36:20.137,0.85486,0.85504,2.63,1.13
2011.10.17 15:36:20.376,0.85486,0.85504,1.88,2.55
2011.10.17 15:36:20.933,0.85486,0.85504,1.88,2.55
2011.10.17 15:36:21.737,0.85486,0.85504,1.88,1.80
2011.10.17 15:36:21.976,0.85485,0.85503,1.05,1.50
2011.10.17 15:36:22.548,0.85486,0.855,1.88,1.13
2011.10.17 15:36:24.184,0.85486,0.85499,1.88,1.13
2011.10.17 15:36:24.546,0.85479,0.85498,1.33,1.80
2011.10.17 15:36:24.775,0.8548,0.855,1.26,1.13
2011.10.17 15:36:25.002,0.8548,0.85498,1.26,1.13
2011.10.17 15:36:26.116,0.8548,0.85498,1.26,1.13
2011.10.17 15:36:27.279,0.8548,0.85499,1.26,1.13
2011.10.17 15:36:27.402,0.8548,0.85499,1.26,1.13
2011.10.17 15:36:27.973,0.85481,0.85499,2.08,1.13
2011.10.17 15:36:28.316,0.85483,0.85501,1.35,1.13
2011.10.17 15:36:28.789,0.85481,0.85501,1.33,1.13
2011.10.17 15:36:29.385,0.85483,0.85501,1.35,1.13
2011.10.17 15:36:29.973,0.85483,0.85501,1.35,1.13
2011.10.17 15:36:30.546,0.85483,0.85502,1.73,1.13
2011.10.17 15:36:31.240,0.85483,0.85502,1.73,1.13
2011.10.17 15:36:32.605,0.85483,0.85502,1.73,1.13
2011.10.17 15:36:33.405,0.85481,0.85501,2.01,1.13
2011.10.17 15:36:33.982,0.85481,0.855,1.33,1.43
2011.10.17 15:36:34.109,0.85481,0.85501,2.01,1.13
2011.10.17 15:36:34.236,0.85481,0.85501,2.38,1.13
2011.10.17 15:36:36.465,0.85486,0.85504,1.13,1.73
2011.10.17 15:36:36.696,0.85486,0.85503,1.05,1.13
2011.10.17 15:36:36.923,0.85486,0.85505,1.50,1.13
2011.10.17 15:36:37.047,0.85489,0.85506,1.50,1.88
2011.10.17 15:36:37.166,0.85488,0.85506,1.80,1.13
2011.10.17 15:36:37.283,0.8549,0.85506,1.50,1.13
2011.10.17 15:36:38.896,0.85488,0.85506,2.18,1.50
2011.10.17 15:36:39.017,0.85487,0.85506,1.80,1.50
2011.10.17 15:36:39.135,0.85488,0.85506,1.05,1.50
2011.10.17 15:36:39.864,0.85488,0.85507,1.26,1.50
2011.10.17 15:36:40.212,0.85488,0.85507,1.26,1.50
2011.10.17 15:36:40.730,0.85492,0.8551,1.13,1.43
2011.10.17 15:36:41.292,0.85489,0.85508,1.33,1.50
2011.10.17 15:36:41.633,0.85494,0.8551,1.13,1.43
2011.10.17 15:36:42.653,0.85494,0.85514,1.13,1.13
2011.10.17 15:36:42.779,0.85494,0.85514,1.13,1.13
2011.10.17 15:36:43.311,0.85492,0.85514,1.56,1.13
2011.10.17 15:36:43.892,0.85492,0.85513,1.56,1.13
2011.10.17 15:36:44.910,0.85491,0.85509,1.93,1.13
2011.10.17 15:36:45.508,0.85492,0.85509,1.35,1.13
2011.10.17 15:36:45.954,0.8549,0.85509,1.18,1.13
2011.10.17 15:36:46.078,0.85492,0.85511,1.35,2.18
2011.10.17 15:36:47.838,0.85492,0.85511,1.35,2.18
2011.10.17 15:36:51.374,0.85494,0.8551,1.13,1.13
2011.10.17 15:36:55.447,0.85489,0.85508,2.46,1.13
2011.10.17 15:36:55.565,0.85489,0.85507,2.46,1.13
2011.10.17 15:36:55.687,0.85486,0.85503,2.08,1.13
2011.10.17 15:36:55.917,0.85485,0.85502,1.05,1.13
2011.10.17 15:36:56.253,0.85482,0.85502,1.56,1.13
2011.10.17 15:36:58.187,0.85484,0.85503,1.50,1.43
2011.10.17 15:36:58.861,0.85485,0.85507,1.33,1.80
2011.10.17 15:36:58.988,0.85484,0.85507,2.83,1.80
2011.10.17 15:37:00.596,0.85489,0.8551,1.13,1.13
2011.10.17 15:37:01.073,0.85489,0.85511,2.31,1.80
2011.10.17 15:37:01.304,0.85489,0.85511,2.31,1.43
2011.10.17 15:37:01.642,0.85497,0.85511,1.88,1.43
2011.10.17 15:37:04.742,0.85497,0.85513,1.88,1.13
2011.10.17 15:37:09.584,0.85497,0.85512,1.88,1.13
2011.10.17 15:37:12.274,0.85497,0.85512,1.88,1.13
2011.10.17 15:37:13.483,0.85493,0.85511,1.13,1.13
2011.10.17 15:37:13.718,0.85497,0.85511,1.88,1.13
2011.10.17 15:37:14.206,0.85492,0.8551,1.63,1.13
2011.10.17 15:37:14.785,0.85493,0.85511,1.50,1.13
2011.10.17 15:37:15.563,0.85493,0.85511,1.13,1.13
2011.10.17 15:37:16.048,0.85497,0.85511,1.88,1.13
2011.10.17 15:37:17.156,0.85494,0.85515,1.56,1.13
2011.10.17 15:37:17.385,0.85497,0.85516,2.25,1.50
2011.10.17 15:37:17.733,0.85498,0.85517,1.50,2.55
2011.10.17 15:37:17.962,0.85497,0.85517,2.25,3.30
2011.10.17 15:37:19.385,0.85499,0.85517,1.50,2.93
2011.10.17 15:37:20.297,0.85499,0.85517,1.50,2.93
2011.10.17 15:37:20.764,0.85495,0.85515,1.50,1.13
2011.10.17 15:37:21.116,0.85495,0.85516,2.08,2.21
2011.10.17 15:37:21.477,0.85498,0.85518,2.10,1.50
2011.10.17 15:37:22.625,0.85498,0.85515,2.08,1.13
2011.10.17 15:37:22.811,0.85493,0.85512,1.05,1.50
2011.10.17 15:37:23.168,0.85492,0.8551,1.13,1.13
2011.10.17 15:37:23.767,0.85488,0.85507,1.71,1.43
2011.10.17 15:37:24.249,0.8549,0.85507,1.71,1.43
2011.10.17 15:37:25.298,0.85487,0.85507,3.96,1.43
2011.10.17 15:37:26.225,0.85487,0.85506,3.21,1.13
2011.10.17 15:37:27.678,0.85487,0.85506,2.46,1.13
2011.10.17 15:37:29.102,0.85487,0.85507,3.21,1.43
2011.10.17 15:37:29.692,0.85487,0.85507,2.46,1.43
2011.10.17 15:37:31.854,0.85487,0.85507,2.08,1.43
2011.10.17 15:37:32.424,0.85487,0.85507,2.08,1.80
2011.10.17 15:37:32.543,0.85487,0.85507,2.08,1.43
2011.10.17 15:37:32.884,0.85487,0.85507,2.08,1.43
2011.10.17 15:37:33.465,0.85487,0.85507,1.33,1.43
2011.10.17 15:37:34.153,0.85487,0.85507,1.71,1.43
2011.10.17 15:37:34.687,0.85487,0.85507,1.33,1.43
2011.10.17 15:37:34.805,0.85487,0.85507,1.33,1.43
2011.10.17 15:37:36.602,0.85488,0.85509,1.26,1.35
2011.10.17 15:37:38.061,0.85488,0.8551,1.26,1.88
2011.10.17 15:37:41.856,0.85487,0.85506,4.18,1.13
2011.10.17 15:37:42.272,0.85486,0.85506,2.46,1.13
2011.10.17 15:37:42.983,0.85486,0.85506,2.46,1.13
2011.10.17 15:37:43.563,0.85486,0.85506,2.46,1.13
2011.10.17 15:37:44.325,0.85486,0.85506,2.46,1.88
2011.10.17 15:37:44.444,0.85486,0.85506,2.46,1.13
2011.10.17 15:37:44.795,0.85486,0.85507,2.46,1.43
2011.10.17 15:37:45.144,0.85489,0.85512,1.56,1.43
2011.10.17 15:37:45.483,0.85496,0.85512,1.88,1.43
2011.10.17 15:37:46.108,0.85496,0.85512,1.88,1.43
2011.10.17 15:37:47.325,0.85496,0.85512,1.88,1.43
2011.10.17 15:37:54.129,0.85496,0.85513,1.88,1.13
2011.10.17 15:37:54.489,0.85496,0.85513,1.88,1.13
2011.10.17 15:37:54.845,0.85496,0.85513,1.88,1.13
2011.10.17 15:37:55.395,0.85496,0.85513,1.88,1.13
2011.10.17 15:37:55.988,0.85496,0.85513,1.88,1.13
2011.10.17 15:38:02.429,0.85496,0.85513,1.88,1.88
2011.10.17 15:38:03.748,0.85496,0.85512,1.88,1.43
2011.10.17 15:38:09.094,0.85496,0.85512,1.88,1.43
2011.10.17 15:38:15.854,0.85496,0.85512,2.25,1.43
2011.10.17 15:38:16.427,0.8549,0.85512,2.08,1.80
2011.10.17 15:38:18.663,0.85497,0.85512,1.88,1.13
2011.10.17 15:38:18.787,0.85494,0.85513,1.50,1.13
2011.10.17 15:38:18.909,0.85493,0.85512,1.80,1.13
2011.10.17 15:38:19.257,0.85497,0.85512,1.88,1.13
2011.10.17 15:38:21.654,0.85497,0.85513,1.88,1.88
2011.10.17 15:38:23.941,0.85497,0.85512,1.88,1.13
2011.10.17 15:38:25.453,0.85497,0.85513,1.88,1.50
2011.10.17 15:38:25.689,0.85497,0.85517,1.65,2.63
2011.10.17 15:38:26.257,0.85497,0.85515,3.53,1.13
2011.10.17 15:38:27.548,0.85498,0.85517,1.05,1.50
2011.10.17 15:38:28.155,0.85498,0.85519,1.80,1.13
2011.10.17 15:38:31.654,0.85498,0.85519,1.05,1.13
2011.10.17 15:38:31.773,0.85498,0.85516,1.05,1.13
2011.10.17 15:38:32.387,0.85498,0.85516,1.05,1.13
2011.10.17 15:38:32.850,0.85496,0.85514,1.88,1.13
2011.10.17 15:38:33.096,0.85494,0.85514,2.38,1.13
2011.10.17 15:38:33.567,0.85496,0.85516,2.25,1.43
2011.10.17 15:38:34.157,0.85496,0.85516,3.58,1.43
2011.10.17 15:38:35.887,0.85496,0.85516,3.58,1.43
2011.10.17 15:38:36.506,0.85496,0.85516,3.58,1.43
2011.10.17 15:38:39.738,0.85499,0.85516,1.13,1.43
2011.10.17 15:38:39.858,0.85499,0.85521,2.01,1.43
2011.10.17 15:38:40.805,0.855,0.85521,1.33,1.43
2011.10.17 15:38:42.064,0.85503,0.85523,1.05,3.00
2011.10.17 15:38:42.186,0.85504,0.85523,3.15,2.63
2011.10.17 15:38:42.429,0.85511,0.85532,1.65,1.50
2011.10.17 15:38:42.551,0.85518,0.85536,1.05,1.43
2011.10.17 15:38:42.680,0.85518,0.85536,1.05,1.50
2011.10.17 15:38:42.807,0.85523,0.8554,1.73,1.43
2011.10.17 15:38:43.053,0.85529,0.85551,1.65,2.18
2011.10.17 15:38:43.400,0.8553,0.85554,1.05,3.00
2011.10.17 15:38:43.896,0.85536,0.85547,1.88,1.50
2011.10.17 15:38:44.259,0.85528,0.85546,1.33,1.13
2011.10.17 15:38:44.390,0.85526,0.85546,2.46,1.13
2011.10.17 15:38:44.984,0.85527,0.85544,2.08,1.13
2011.10.17 15:38:46.194,0.85527,0.85542,1.88,1.13
2011.10.17 15:38:47.493,0.85527,0.85542,1.88,1.13
2011.10.17 15:38:48.063,0.85526,0.85542,1.88,1.13
2011.10.17 15:38:48.751,0.85526,0.85545,1.88,1.13
2011.10.17 15:38:49.340,0.85528,0.85546,1.13,1.88
2011.10.17 15:38:49.707,0.85528,0.85546,1.43,1.13
2011.10.17 15:38:49.827,0.85529,0.85546,1.50,1.13
2011.10.17 15:38:49.946,0.85527,0.85546,1.93,1.13
2011.10.17 15:38:50.064,0.85527,0.85546,1.56,1.13
2011.10.17 15:38:50.293,0.85527,0.85546,1.56,1.13
2011.10.17 15:38:51.460,0.85528,0.85549,1.05,1.13
2011.10.17 15:38:51.948,0.85529,0.85549,1.13,1.13
2011.10.17 15:38:55.382,0.85529,0.85547,1.88,1.13
2011.10.17 15:38:55.985,0.85529,0.85547,1.88,1.13
2011.10.17 15:38:56.433,0.85528,0.85547,1.26,1.88
2011.10.17 15:38:56.662,0.85526,0.85547,2.46,1.13
2011.10.17 15:38:57.231,0.85526,0.85547,2.46,1.13
2011.10.17 15:38:58.124,0.85526,0.85543,2.08,1.80
2011.10.17 15:38:58.265,0.85518,0.85538,1.93,1.13
2011.10.17 15:38:58.388,0.85518,0.85538,1.05,1.13
2011.10.17 15:38:58.749,0.85517,0.85535,1.88,1.13
2011.10.17 15:38:58.876,0.85517,0.85535,1.88,1.13
2011.10.17 15:39:02.472,0.85517,0.85534,1.88,1.13
2011.10.17 15:39:03.966,0.85517,0.85535,2.25,1.88
2011.10.17 15:39:04.205,0.85517,0.85535,2.25,1.13
2011.10.17 15:39:05.497,0.85517,0.85535,2.25,1.13
2011.10.17 15:39:06.318,0.85517,0.85538,2.25,1.88
2011.10.17 15:39:07.135,0.85516,0.85536,2.93,1.13
2011.10.17 15:39:07.492,0.85516,0.85536,1.05,1.13
2011.10.17 15:39:09.335,0.85516,0.85536,2.93,1.13
2011.10.17 15:39:09.915,0.85516,0.85536,2.93,1.13
2011.10.17 15:39:10.562,0.85516,0.85536,2.93,1.13
2011.10.17 15:39:10.808,0.85516,0.85536,2.93,1.13
2011.10.17 15:39:11.388,0.85516,0.85536,2.93,1.88
2011.10.17 15:39:11.954,0.85516,0.85536,3.13,1.13
2011.10.17 15:39:14.268,0.85516,0.85536,3.13,1.13
2011.10.17 15:39:18.148,0.85516,0.85532,2.08,1.13
2011.10.17 15:39:18.270,0.85516,0.85528,2.08,1.13
2011.10.17 15:39:18.517,0.85507,0.85526,1.71,2.40
2011.10.17 15:39:18.635,0.85503,0.85524,1.63,1.13
2011.10.17 15:39:18.865,0.85506,0.85524,1.88,1.13
2011.10.17 15:39:20.109,0.85506,0.85524,1.88,1.13
2011.10.17 15:39:20.225,0.85506,0.85524,1.88,1.13
2011.10.17 15:39:20.805,0.85506,0.85524,1.88,1.13
2011.10.17 15:39:21.155,0.85506,0.85524,2.25,1.13
2011.10.17 15:39:24.892,0.85506,0.85523,1.88,1.13
2011.10.17 15:39:25.669,0.85501,0.85518,1.71,1.50
2011.10.17 15:39:25.800,0.85501,0.85521,1.33,1.13
2011.10.17 15:39:25.924,0.85499,0.85521,2.46,1.13
2011.10.17 15:39:26.265,0.85501,0.85522,1.43,1.43
2011.10.17 15:39:26.620,0.85502,0.85518,1.63,1.13
2011.10.17 15:39:26.866,0.85498,0.85517,1.26,1.73
2011.10.17 15:39:27.947,0.85498,0.85517,1.26,1.35
2011.10.17 15:39:28.079,0.85501,0.8552,1.26,1.13
2011.10.17 15:39:28.452,0.85501,0.85522,1.26,1.13
2011.10.17 15:39:29.126,0.85506,0.85522,1.50,1.13
2011.10.17 15:39:29.574,0.85506,0.85523,1.50,1.50
2011.10.17 15:39:30.268,0.85506,0.85523,1.50,1.50
2011.10.17 15:39:31.096,0.85506,0.85523,1.50,1.50
2011.10.17 15:39:33.654,0.85506,0.8552,1.50,1.13
2011.10.17 15:39:34.303,0.85501,0.8552,3.13,1.13
2011.10.17 15:39:34.434,0.85501,0.8552,2.38,1.13
2011.10.17 15:39:34.945,0.85501,0.8552,2.18,1.88
2011.10.17 15:39:35.535,0.85501,0.85518,1.43,1.13
2011.10.17 15:39:35.884,0.85502,0.85521,1.43,1.13
2011.10.17 15:39:36.127,0.85501,0.85519,1.48,1.13
2011.10.17 15:39:37.264,0.85502,0.8552,1.43,1.88
2011.10.17 15:39:37.385,0.85505,0.85521,1.73,1.13
2011.10.17 15:39:37.944,0.85507,0.85524,1.88,1.13
2011.10.17 15:39:38.587,0.85507,0.85523,1.88,1.13
2011.10.17 15:39:38.946,0.85492,0.8551,1.28,1.43
2011.10.17 15:39:39.065,0.85496,0.85513,1.13,1.80
2011.10.17 15:39:39.306,0.85495,0.85517,1.63,1.13
2011.10.17 15:39:39.535,0.85497,0.85518,3.23,1.50
2011.10.17 15:39:39.895,0.85498,0.85519,2.08,1.43
2011.10.17 15:39:40.140,0.85502,0.8552,1.13,1.13
2011.10.17 15:39:40.268,0.85506,0.8552,2.63,1.13
2011.10.17 15:39:40.735,0.85506,0.85525,1.05,1.50
2011.10.17 15:39:40.975,0.85507,0.85524,1.88,1.80
2011.10.17 15:39:42.510,0.85507,0.85524,1.13,1.80
2011.10.17 15:39:42.759,0.85509,0.8553,1.65,1.13
2011.10.17 15:39:43.447,0.8551,0.8553,1.13,1.13
2011.10.17 15:39:44.179,0.8551,0.8553,1.33,1.13
2011.10.17 15:39:44.634,0.8551,0.8553,2.08,1.13
2011.10.17 15:39:45.113,0.85514,0.85531,1.13,1.43
2011.10.17 15:39:46.677,0.85514,0.85531,1.71,1.43
2011.10.17 15:39:47.033,0.85518,0.85539,1.65,1.50
2011.10.17 15:39:47.479,0.85518,0.8554,1.86,1.80
2011.10.17 15:39:47.727,0.85518,0.8554,1.86,1.80
2011.10.17 15:39:48.294,0.85518,0.85539,1.86,1.13
2011.10.17 15:39:48.646,0.85518,0.85537,1.48,1.13
2011.10.17 15:39:48.890,0.85518,0.85537,1.28,1.13
2011.10.17 15:39:49.259,0.85518,0.85538,1.18,1.50
2011.10.17 15:39:49.609,0.8552,0.85541,1.35,1.43
2011.10.17 15:39:49.723,0.85522,0.85542,2.03,1.50
2011.10.17 15:39:50.028,0.85522,0.85542,2.03,1.13
2011.10.17 15:39:50.149,0.85523,0.85542,1.35,1.13
2011.10.17 15:39:50.936,0.8552,0.8554,1.26,1.13
2011.10.17 15:39:51.175,0.85519,0.85539,1.26,1.43
2011.10.17 15:39:51.293,0.85518,0.85539,1.18,1.43
2011.10.17 15:39:52.584,0.85518,0.85537,1.18,1.13
2011.10.17 15:39:53.174,0.85518,0.85539,1.18,1.80
2011.10.17 15:39:53.425,0.85518,0.85539,1.18,1.80
2011.10.17 15:39:53.985,0.85518,0.85538,1.18,1.13
2011.10.17 15:39:54.537,0.85518,0.85539,1.18,1.80
2011.10.17 15:39:55.003,0.8552,0.85539,1.13,1.43
2011.10.17 15:39:56.243,0.85518,0.85539,1.93,1.43
2011.10.17 15:39:56.363,0.85518,0.85539,3.06,1.43
2011.10.17 15:39:57.152,0.85524,0.85539,1.13,1.43
2011.10.17 15:39:57.844,0.85521,0.85539,1.18,1.43
2011.10.17 15:39:58.532,0.85517,0.85537,2.76,1.80
2011.10.17 15:39:58.904,0.85516,0.85533,1.88,1.13
2011.10.17 15:39:59.265,0.85511,0.8553,2.01,1.13
2011.10.17 15:39:59.389,0.85509,0.85528,1.13,1.13
2011.10.17 15:39:59.517,0.85508,0.85527,1.65,1.13
2011.10.17 15:39:59.977,0.85508,0.85528,2.01,1.13
2011.10.17 15:40:00.507,0.85508,0.85528,1.26,1.13
2011.10.17 15:40:00.969,0.85508,0.85529,1.26,1.13
2011.10.17 15:40:01.883,0.85508,0.85526,1.26,1.13
2011.10.17 15:40:02.129,0.85508,0.85526,1.05,1.13
2011.10.17 15:40:02.951,0.85508,0.85526,1.05,1.13
2011.10.17 15:40:03.332,0.85502,0.85517,1.71,1.73
2011.10.17 15:40:03.464,0.85497,0.85516,1.28,1.88
2011.10.17 15:40:03.591,0.85497,0.85515,1.05,1.13
2011.10.17 15:40:03.721,0.85497,0.85515,1.43,1.13
2011.10.17 15:40:03.850,0.85497,0.85516,2.93,1.13
2011.10.17 15:40:05.544,0.85497,0.85517,1.05,1.50
2011.10.17 15:40:05.844,0.85497,0.8552,2.01,1.13
2011.10.17 15:40:06.086,0.85497,0.85521,2.38,1.80
2011.10.17 15:40:06.336,0.85499,0.85521,2.76,1.80
2011.10.17 15:40:06.959,0.85502,0.85518,1.05,1.50
2011.10.17 15:40:07.446,0.85501,0.85521,1.33,2.18
2011.10.17 15:40:07.765,0.85501,0.85521,2.31,1.43
2011.10.17 15:40:07.897,0.85507,0.85527,4.26,1.50
2011.10.17 15:40:08.608,0.85507,0.85528,3.51,3.38
2011.10.17 15:40:09.195,0.85507,0.85526,4.26,1.50
2011.10.17 15:40:09.852,0.85507,0.85529,5.01,1.43
2011.10.17 15:40:09.978,0.85507,0.85529,5.01,1.43
2011.10.17 15:40:10.217,0.85507,0.85529,4.26,3.45
2011.10.17 15:40:12.954,0.85507,0.85528,3.88,1.35
2011.10.17 15:40:14.454,0.85507,0.85527,5.01,1.50
2011.10.17 15:40:15.135,0.85507,0.85527,5.01,1.50
2011.10.17 15:40:15.538,0.85512,0.85533,1.71,1.80
2011.10.17 15:40:16.126,0.85515,0.85533,2.38,4.65
2011.10.17 15:40:16.466,0.85515,0.85533,2.01,2.63
2011.10.17 15:40:16.710,0.85515,0.85533,2.01,2.63
2011.10.17 15:40:17.077,0.85515,0.85533,1.43,1.88
2011.10.17 15:40:18.219,0.85515,0.85533,1.05,2.63
2011.10.17 15:40:19.604,0.85517,0.85539,1.88,1.43
2011.10.17 15:40:20.088,0.85517,0.85539,1.88,1.43
2011.10.17 15:40:24.024,0.85517,0.85532,1.88,1.13
2011.10.17 15:40:24.267,0.85509,0.85531,2.38,1.13
2011.10.17 15:40:24.496,0.85505,0.85526,1.63,1.35
2011.10.17 15:40:24.613,0.85504,0.85526,2.76,1.35
2011.10.17 15:40:24.953,0.85504,0.85524,1.63,2.63
2011.10.17 15:40:25.528,0.85508,0.85523,1.63,1.88
2011.10.17 15:40:25.765,0.85508,0.85527,1.63,1.43
2011.10.17 15:40:25.999,0.85508,0.85529,2.31,1.50
2011.10.17 15:40:26.821,0.85506,0.85529,3.96,2.18
2011.10.17 15:40:26.956,0.85507,0.85529,3.21,1.43
2011.10.17 15:40:27.649,0.85509,0.85531,1.63,1.50
2011.10.17 15:40:28.140,0.85506,0.85528,4.26,1.43
2011.10.17 15:40:28.507,0.85513,0.85529,1.05,1.50
2011.10.17 15:40:29.034,0.85511,0.85531,1.26,1.13
2011.10.17 15:40:29.277,0.85512,0.85533,1.33,2.18
2011.10.17 15:40:29.636,0.85515,0.85537,2.38,1.80
2011.10.17 15:40:29.760,0.85518,0.85539,1.65,1.88
2011.10.17 15:40:29.886,0.85518,0.85539,1.86,1.13
2011.10.17 15:40:30.683,0.85518,0.8554,1.86,1.88
2011.10.17 15:40:31.252,0.85518,0.8554,2.23,1.50
2011.10.17 15:40:31.824,0.85519,0.85541,2.46,1.13
2011.10.17 15:40:32.287,0.85523,0.85541,1.05,1.73
2011.10.17 15:40:32.799,0.85523,0.85541,1.05,1.73
2011.10.17 15:40:33.635,0.85523,0.85541,1.05,1.13
2011.10.17 15:40:34.752,0.85523,0.85541,1.05,1.13
2011.10.17 15:40:34.885,0.85523,0.85543,1.05,3.38
2011.10.17 15:40:35.005,0.85524,0.85543,1.88,1.50
2011.10.17 15:40:35.366,0.85527,0.85545,2.93,1.50
2011.10.17 15:40:35.490,0.85528,0.85547,1.33,1.50
2011.10.17 15:40:35.627,0.85533,0.8555,1.13,1.50
2011.10.17 15:40:35.749,0.85533,0.85551,1.50,1.13
2011.10.17 15:40:36.228,0.85536,0.85551,1.88,1.13
2011.10.17 15:40:36.585,0.85536,0.85551,1.88,1.13
2011.10.17 15:40:37.146,0.85527,0.85546,2.76,1.13
2011.10.17 15:40:37.271,0.85527,0.85545,2.76,1.13
2011.10.17 15:40:37.844,0.85526,0.85545,1.88,1.80
2011.10.17 15:40:38.204,0.85526,0.85545,1.88,1.80
2011.10.17 15:40:38.434,0.85523,0.85545,2.38,1.80
2011.10.17 15:40:38.798,0.85523,0.85541,1.05,1.13
2011.10.17 15:40:39.155,0.85521,0.85541,1.73,1.13
2011.10.17 15:40:40.656,0.85522,0.8554,1.05,1.13
2011.10.17 15:40:41.244,0.85523,0.85542,1.05,1.13
2011.10.17 15:40:41.869,0.85523,0.85542,1.05,1.13
2011.10.17 15:40:42.443,0.85523,0.85541,1.05,1.13
2011.10.17 15:40:43.013,0.85524,0.85543,1.13,1.73
2011.10.17 15:40:43.486,0.85524,0.85545,2.08,1.43
2011.10.17 15:40:43.848,0.85525,0.85545,1.93,1.43
2011.10.17 15:40:45.269,0.85527,0.85549,1.71,1.13
2011.10.17 15:40:45.845,0.85527,0.85547,1.71,1.13
2011.10.17 15:40:46.079,0.85529,0.85548,1.05,1.13
2011.10.17 15:40:46.204,0.8553,0.85551,1.05,1.13
2011.10.17 15:40:46.567,0.85534,0.85554,1.13,1.43
2011.10.17 15:40:47.145,0.85534,0.85554,1.71,1.43
2011.10.17 15:40:49.010,0.85534,0.85554,1.71,1.43
2011.10.17 15:40:49.137,0.85534,0.85554,1.33,1.43
2011.10.17 15:40:49.726,0.85534,0.85554,1.71,1.43
2011.10.17 15:40:49.965,0.85534,0.85554,1.71,1.43
2011.10.17 15:40:50.301,0.85534,0.85554,1.71,1.43
2011.10.17 15:40:51.409,0.85534,0.8555,1.13,1.13
2011.10.17 15:40:51.635,0.85529,0.85549,3.06,1.13
2011.10.17 15:40:51.759,0.85529,0.85548,1.35,1.13
2011.10.17 15:40:52.344,0.85529,0.85548,1.35,1.13
2011.10.17 15:40:52.896,0.8553,0.85548,1.05,1.88
2011.10.17 15:40:53.485,0.8553,0.85549,1.43,1.88
2011.10.17 15:40:54.766,0.8553,0.85549,1.43,1.88
2011.10.17 15:40:57.542,0.85529,0.85546,1.35,1.13
2011.10.17 15:40:57.773,0.8553,0.85549,1.43,1.88
2011.10.17 15:40:58.554,0.8553,0.85548,1.80,1.13
2011.10.17 15:40:58.677,0.8553,0.85549,1.80,1.50
2011.10.17 15:40:59.333,0.8553,0.85549,2.38,1.13
2011.10.17 15:40:59.941,0.85532,0.8555,1.13,1.13
2011.10.17 15:41:00.550,0.85533,0.8555,1.13,1.13
2011.10.17 15:41:01.155,0.85536,0.8555,1.88,1.13
2011.10.17 15:41:01.276,0.85536,0.85552,1.88,1.50
2011.10.17 15:41:02.478,0.85531,0.85551,1.56,1.13
2011.10.17 15:41:02.599,0.85532,0.85551,1.35,1.13
2011.10.17 15:41:06.352,0.85531,0.85551,1.18,1.13
2011.10.17 15:41:06.582,0.85533,0.85552,1.13,1.50
2011.10.17 15:41:07.201,0.85534,0.85552,1.43,1.50
2011.10.17 15:41:08.543,0.85534,0.85552,1.05,1.50
2011.10.17 15:41:08.775,0.85534,0.85552,1.05,1.50
2011.10.17 15:41:09.015,0.85534,0.85554,2.38,1.50
2011.10.17 15:41:12.844,0.85537,0.85553,1.88,1.13
2011.10.17 15:41:13.514,0.85537,0.85555,1.88,1.13
2011.10.17 15:41:16.272,0.85537,0.85553,1.88,1.13
2011.10.17 15:41:16.834,0.85537,0.85551,1.88,1.13
2011.10.17 15:41:22.286,0.85533,0.85551,1.13,2.25
2011.10.17 15:41:26.034,0.85531,0.8555,1.43,1.13
2011.10.17 15:41:26.277,0.85531,0.85548,1.43,2.25
2011.10.17 15:41:26.395,0.85529,0.85548,2.10,2.25
2011.10.17 15:41:26.744,0.85529,0.85546,1.43,1.13
2011.10.17 15:41:27.318,0.85527,0.85546,3.60,1.50
2011.10.17 15:41:27.437,0.85527,0.85545,2.63,1.50
2011.10.17 15:41:27.556,0.85527,0.85545,2.25,1.50
2011.10.17 15:41:27.783,0.85526,0.85544,1.43,1.13
2011.10.17 15:41:27.906,0.85526,0.85542,1.43,1.13
2011.10.17 15:41:28.465,0.85527,0.85542,1.88,1.13
2011.10.17 15:41:32.986,0.85527,0.85544,1.88,1.50
2011.10.17 15:41:37.237,0.85527,0.85545,1.88,2.25
2011.10.17 15:41:37.355,0.85523,0.85545,1.33,2.25
2011.10.17 15:41:37.939,0.85523,0.85544,1.33,2.63
2011.10.17 15:41:38.227,0.85523,0.85544,1.33,2.21
2011.10.17 15:41:38.875,0.85526,0.85541,1.88,1.13
2011.10.17 15:41:38.996,0.85526,0.85541,1.88,1.13
2011.10.17 15:41:39.351,0.85522,0.85539,1.33,1.88
2011.10.17 15:41:40.826,0.8552,0.85539,1.56,1.13
2011.10.17 15:41:41.260,0.85521,0.8554,2.10,1.13
2011.10.17 15:41:41.608,0.85518,0.85535,2.01,1.13
2011.10.17 15:41:43.140,0.85519,0.85535,2.38,1.13
2011.10.17 15:41:46.328,0.85519,0.85535,1.63,1.13
2011.10.17 15:41:46.665,0.85519,0.85535,2.38,1.13
2011.10.17 15:41:47.248,0.8552,0.85537,1.56,1.13
2011.10.17 15:41:49.227,0.8552,0.85537,1.18,1.13
2011.10.17 15:41:52.705,0.8552,0.85538,1.18,1.50
2011.10.17 15:41:55.248,0.8552,0.85539,1.18,1.88
2011.10.17 15:41:55.968,0.85519,0.85538,1.65,1.13
2011.10.17 15:41:56.315,0.8552,0.85538,1.73,1.13
2011.10.17 15:41:56.998,0.8552,0.85538,1.73,1.13
2011.10.17 15:41:57.797,0.85519,0.85536,1.50,1.88
2011.10.17 15:41:57.926,0.85517,0.85534,2.76,1.88
2011.10.17 15:41:58.181,0.85515,0.85536,1.63,1.46
2011.10.17 15:41:58.601,0.85517,0.85536,1.88,1.13
2011.10.17 15:42:01.251,0.85517,0.85538,3.30,2.25
2011.10.17 15:42:04.183,0.85517,0.85538,2.55,1.50
2011.10.17 15:42:06.397,0.85517,0.85538,2.55,1.50
2011.10.17 15:42:07.177,0.85517,0.8554,2.76,1.50
2011.10.17 15:42:12.914,0.85517,0.8554,2.76,1.50
2011.10.17 15:42:13.629,0.85517,0.8554,2.76,1.88
2011.10.17 15:42:14.204,0.85517,0.8554,2.93,1.50
2011.10.17 15:42:14.329,0.85517,0.8554,2.93,1.50
2011.10.17 15:42:14.963,0.85517,0.8554,3.13,1.50
2011.10.17 15:42:16.376,0.85518,0.8554,1.63,1.50
2011.10.17 15:42:17.185,0.85517,0.8554,1.63,1.50
2011.10.17 15:42:17.879,0.85517,0.8554,2.01,1.50
2011.10.17 15:42:18.445,0.85518,0.8554,1.63,1.50
2011.10.17 15:42:19.038,0.85517,0.8554,1.26,1.50
2011.10.17 15:42:20.494,0.85516,0.8554,4.56,1.88
2011.10.17 15:42:21.668,0.85517,0.8554,1.26,1.50
2011.10.17 15:42:22.016,0.85517,0.8554,1.26,1.50
2011.10.17 15:42:26.463,0.85517,0.85537,1.43,1.88
2011.10.17 15:42:26.797,0.85512,0.85533,1.56,2.10
2011.10.17 15:42:26.935,0.85511,0.85528,1.63,1.35
2011.10.17 15:42:27.181,0.8551,0.85527,1.35,1.13
2011.10.17 15:42:27.637,0.85506,0.85527,3.43,1.13
2011.10.17 15:42:28.894,0.85507,0.85527,2.01,1.13
2011.10.17 15:42:29.024,0.85508,0.85528,1.73,1.50
2011.10.17 15:42:29.486,0.85511,0.85534,1.86,1.80
2011.10.17 15:42:29.634,0.85511,0.85533,1.86,2.78
2011.10.17 15:42:29.763,0.85512,0.85534,1.63,4.05
2011.10.17 15:42:30.009,0.85511,0.85534,1.86,4.05
2011.10.17 15:42:30.792,0.85511,0.85534,1.48,4.05
2011.10.17 15:42:31.399,0.85511,0.85534,1.48,4.05
2011.10.17 15:42:34.891,0.85512,0.85534,1.63,4.05
2011.10.17 15:42:35.117,0.85517,0.85534,1.88,2.93
2011.10.17 15:42:35.352,0.85512,0.85532,1.43,1.88
2011.10.17 15:42:35.480,0.85516,0.85532,1.50,1.88
2011.10.17 15:42:35.843,0.85509,0.85532,3.06,1.88
2011.10.17 15:42:37.739,0.85509,0.85531,2.31,1.50
2011.10.17 15:42:37.977,0.85509,0.85531,1.63,2.18
2011.10.17 15:42:38.210,0.85511,0.85532,1.80,2.25
2011.10.17 15:42:38.734,0.85512,0.85534,2.23,3.30
2011.10.17 15:42:38.864,0.85512,0.85534,2.98,3.30
2011.10.17 15:42:44.508,0.85512,0.85534,2.98,3.30
2011.10.17 15:42:47.527,0.85513,0.85534,1.71,3.30
2011.10.17 15:42:49.516,0.85514,0.85534,1.56,2.63
2011.10.17 15:42:50.338,0.85514,0.85534,1.56,3.00
2011.10.17 15:42:50.692,0.85512,0.85532,1.26,1.13
2011.10.17 15:42:51.009,0.85513,0.85532,1.71,1.13
2011.10.17 15:42:51.379,0.85517,0.85531,1.88,1.13
2011.10.17 15:42:51.742,0.85514,0.85534,1.33,2.55
2011.10.17 15:42:51.871,0.85517,0.85534,1.73,1.43
2011.10.17 15:42:51.989,0.85517,0.85534,1.73,1.43
2011.10.17 15:42:52.111,0.85517,0.85539,2.98,1.13
2011.10.17 15:42:52.698,0.85517,0.85537,1.26,1.13
2011.10.17 15:42:53.050,0.85516,0.85535,2.63,1.13
2011.10.17 15:42:53.523,0.85516,0.85535,1.88,1.13
2011.10.17 15:42:54.096,0.85516,0.85533,1.88,1.13
2011.10.17 15:42:54.686,0.85517,0.85533,1.88,1.13
2011.10.17 15:42:55.378,0.85517,0.85534,1.88,1.13
2011.10.17 15:42:56.662,0.85517,0.85536,2.55,1.13
2011.10.17 15:42:56.788,0.85517,0.85536,2.55,1.13
2011.10.17 15:42:57.671,0.85517,0.85537,3.30,1.13
2011.10.17 15:42:58.036,0.85517,0.85534,1.88,1.13
2011.10.17 15:42:58.445,0.85517,0.85533,1.88,1.80
2011.10.17 15:42:59.040,0.85514,0.85533,1.05,1.13
2011.10.17 15:42:59.618,0.85516,0.85533,1.88,1.13
2011.10.17 15:43:00.298,0.85514,0.85533,1.05,1.13
2011.10.17 15:43:00.806,0.85514,0.85532,1.05,1.13
2011.10.17 15:43:01.402,0.85514,0.85533,2.18,1.13
2011.10.17 15:43:02.022,0.85514,0.85533,1.43,1.13
2011.10.17 15:43:02.268,0.85514,0.85533,2.18,1.13
2011.10.17 15:43:02.943,0.85514,0.85532,1.43,1.13
2011.10.17 15:43:04.717,0.85514,0.85535,1.63,1.13
2011.10.17 15:43:05.285,0.85514,0.85535,1.63,1.13
2011.10.17 15:43:06.469,0.85514,0.85535,2.38,1.13
2011.10.17 15:43:07.258,0.85514,0.85534,1.63,1.13
2011.10.17 15:43:07.377,0.85514,0.85533,1.26,1.13
2011.10.17 15:43:07.717,0.85514,0.85532,1.05,1.13
2011.10.17 15:43:09.409,0.85509,0.8553,1.63,1.13
2011.10.17 15:43:09.973,0.85509,0.8553,2.38,1.13
2011.10.17 15:43:10.558,0.8551,0.85531,1.71,1.88
2011.10.17 15:43:11.164,0.85509,0.85531,2.38,1.88
2011.10.17 15:43:12.876,0.8551,0.85533,2.08,1.43
2011.10.17 15:43:13.455,0.85511,0.85533,2.08,1.43
2011.10.17 15:43:13.969,0.85511,0.85533,2.08,1.80
2011.10.17 15:43:14.536,0.85511,0.85533,3.43,1.80
2011.10.17 15:43:14.765,0.85511,0.85533,3.06,1.80
2011.10.17 15:43:15.983,0.85513,0.85533,1.43,1.13
2011.10.17 15:43:16.559,0.85513,0.85533,1.43,1.13
2011.10.17 15:43:17.736,0.85513,0.85534,1.43,1.13
2011.10.17 15:43:21.662,0.85513,0.85534,1.43,1.35
2011.10.17 15:43:22.130,0.85511,0.85527,1.13,1.13
2011.10.17 15:43:22.373,0.85509,0.85527,1.05,1.13
2011.10.17 15:43:22.956,0.85509,0.8553,1.80,1.88
2011.10.17 15:43:23.298,0.85509,0.8553,1.80,1.50
2011.10.17 15:43:23.984,0.85509,0.85531,2.38,1.73
2011.10.17 15:43:26.169,0.85509,0.85531,2.76,1.13
2011.10.17 15:43:27.538,0.85509,0.85531,2.38,1.13
2011.10.17 15:43:28.518,0.85509,0.85531,2.76,1.13
2011.10.17 15:43:29.117,0.85509,0.8553,2.76,1.13
2011.10.17 15:43:29.455,0.85509,0.8553,2.38,1.13
2011.10.17 15:43:31.187,0.85509,0.8553,2.38,1.13
2011.10.17 15:43:31.635,0.85509,0.8553,2.01,1.13
2011.10.17 15:43:32.053,0.85514,0.85532,1.13,1.13
2011.10.17 15:43:32.180,0.85514,0.85532,1.50,1.13
2011.10.17 15:43:32.898,0.8551,0.85529,1.13,1.13
2011.10.17 15:43:33.250,0.85509,0.85528,1.05,1.13
2011.10.17 15:43:33.377,0.85506,0.85527,3.81,1.13
2011.10.17 15:43:33.505,0.85506,0.85527,2.46,2.63
2011.10.17 15:43:33.632,0.85507,0.85527,2.25,2.25
2011.10.17 15:43:33.748,0.85507,0.85527,2.63,1.50
2011.10.17 15:43:35.232,0.85507,0.85529,1.71,1.80
2011.10.17 15:43:35.876,0.85507,0.85529,1.33,1.80
2011.10.17 15:43:37.176,0.85508,0.85529,1.33,1.80
2011.10.17 15:43:39.488,0.85508,0.85529,1.13,1.80
2011.10.17 15:43:44.187,0.85508,0.85529,1.13,2.40
2011.10.17 15:43:44.890,0.85507,0.85527,1.33,1.13
2011.10.17 15:43:45.787,0.85507,0.85526,1.33,1.13
2011.10.17 15:43:46.140,0.85507,0.85522,1.50,1.13
2011.10.17 15:43:46.688,0.855,0.8552,1.05,1.13
2011.10.17 15:43:47.387,0.855,0.85519,1.05,1.88
2011.10.17 15:43:48.708,0.855,0.85519,1.05,1.88
2011.10.17 15:43:49.338,0.855,0.85517,1.05,1.13
2011.10.17 15:43:49.459,0.85499,0.85517,1.05,1.13
2011.10.17 15:43:49.993,0.85497,0.85517,3.88,1.13
2011.10.17 15:43:50.595,0.85497,0.85517,4.48,1.13
2011.10.17 15:43:51.200,0.85497,0.85516,2.03,1.13
2011.10.17 15:43:56.664,0.85497,0.85515,3.53,1.13
2011.10.17 15:43:56.785,0.85492,0.85512,1.56,1.43
2011.10.17 15:43:56.910,0.85491,0.85512,1.18,1.43
2011.10.17 15:43:57.362,0.85492,0.8551,1.73,1.13
2011.10.17 15:43:57.600,0.8549,0.8551,1.33,1.13
2011.10.17 15:43:57.718,0.85492,0.8551,1.13,1.13
2011.10.17 15:43:58.075,0.85488,0.85506,1.50,1.50
2011.10.17 15:43:58.558,0.85488,0.85506,1.50,1.88
2011.10.17 15:43:59.091,0.85485,0.85504,2.38,1.13
2011.10.17 15:43:59.450,0.85486,0.85503,1.50,1.43
2011.10.17 15:44:00.028,0.85482,0.85503,2.31,1.43
2011.10.17 15:44:00.647,0.85486,0.85503,1.88,1.43
2011.10.17 15:44:01.228,0.85486,0.85503,1.88,1.43
2011.10.17 15:44:01.566,0.85486,0.85503,1.88,1.43
2011.10.17 15:44:02.082,0.85486,0.85503,1.88,1.43
2011.10.17 15:44:02.659,0.85486,0.85503,1.88,1.43
2011.10.17 15:44:02.782,0.85486,0.85503,1.88,1.43
2011.10.17 15:44:03.346,0.85486,0.85503,1.88,1.43
2011.10.17 15:44:03.914,0.85486,0.85503,1.88,1.43
2011.10.17 15:44:06.301,0.85486,0.85503,1.88,1.43
2011.10.17 15:44:06.989,0.85486,0.85504,1.88,1.43
2011.10.17 15:44:08.312,0.85486,0.85503,1.88,1.43
2011.10.17 15:44:08.998,0.85486,0.85503,1.88,1.43
2011.10.17 15:44:09.228,0.85481,0.85503,2.01,1.43
2011.10.17 15:44:09.348,0.85482,0.85504,1.93,1.13
2011.10.17 15:44:09.589,0.85482,0.85502,1.80,1.35
2011.10.17 15:44:09.711,0.85481,0.85498,1.43,1.65
2011.10.17 15:44:09.829,0.85477,0.85497,1.13,1.35
2011.10.17 15:44:09.949,0.85477,0.85497,1.13,1.35
2011.10.17 15:44:10.294,0.85476,0.85497,3.51,2.10
2011.10.17 15:44:10.847,0.85476,0.85495,1.63,1.50
2011.10.17 15:44:10.979,0.85472,0.85493,1.63,2.25
2011.10.17 15:44:11.558,0.85471,0.85492,1.43,1.50
2011.10.17 15:44:11.677,0.85468,0.85492,1.63,2.18
2011.10.17 15:44:12.198,0.85468,0.85488,1.43,1.50
2011.10.17 15:44:13.738,0.85466,0.85488,3.81,1.50
2011.10.17 15:44:14.558,0.85466,0.85486,2.46,1.43
2011.10.17 15:44:15.869,0.85465,0.85485,2.08,1.13
2011.10.17 15:44:16.530,0.85466,0.85485,1.88,1.88
2011.10.17 15:44:17.425,0.85466,0.85486,2.08,1.43
2011.10.17 15:44:18.036,0.85464,0.85483,1.13,1.43
2011.10.17 15:44:18.401,0.85462,0.85483,2.08,1.43
2011.10.17 15:44:18.637,0.85462,0.85483,1.50,2.18
2011.10.17 15:44:19.217,0.85463,0.85483,1.33,1.43
2011.10.17 15:44:19.787,0.85463,0.85484,1.33,3.30
2011.10.17 15:44:20.282,0.8546,0.85483,2.46,5.33
2011.10.17 15:44:20.637,0.8546,0.85483,2.08,5.33
2011.10.17 15:44:21.248,0.8546,0.85482,1.33,2.78
2011.10.17 15:44:21.796,0.8546,0.85482,1.33,3.15
2011.10.17 15:44:22.375,0.8546,0.85481,1.33,1.13
2011.10.17 15:44:22.860,0.8546,0.85479,1.33,1.13
2011.10.17 15:44:23.287,0.85456,0.85475,1.63,1.13
2011.10.17 15:44:23.773,0.85457,0.85475,2.25,2.55
2011.10.17 15:44:24.382,0.85455,0.85474,1.43,1.13
2011.10.17 15:44:24.510,0.85455,0.85475,1.80,1.50
2011.10.17 15:44:24.906,0.85464,0.85479,1.33,1.13
2011.10.17 15:44:25.300,0.85461,0.85482,2.46,1.43
2011.10.17 15:44:27.048,0.85463,0.85482,1.33,1.43
2011.10.17 15:44:27.723,0.85462,0.85482,1.71,1.43
2011.10.17 15:44:28.439,0.8546,0.85481,2.01,1.13
2011.10.17 15:44:29.009,0.8546,0.85482,2.01,1.43
2011.10.17 15:44:29.357,0.85462,0.85482,1.33,1.43
2011.10.17 15:44:29.476,0.85462,0.85482,1.33,1.43
2011.10.17 15:44:30.039,0.85462,0.85482,1.71,1.43
2011.10.17 15:44:30.929,0.85462,0.85482,2.31,1.43
2011.10.17 15:44:31.507,0.85467,0.85487,2.46,1.43
2011.10.17 15:44:34.646,0.85467,0.85487,3.21,1.43
2011.10.17 15:44:35.817,0.85467,0.85483,2.83,2.03
2011.10.17 15:44:36.061,0.85463,0.85483,1.33,2.48
2011.10.17 15:44:36.299,0.85467,0.85483,1.88,2.48
2011.10.17 15:44:38.620,0.8546,0.85479,1.71,1.50
2011.10.17 15:44:38.743,0.8546,0.85479,1.33,1.50
2011.10.17 15:44:38.997,0.8546,0.85478,1.13,1.43
2011.10.17 15:44:39.123,0.85457,0.85476,1.13,2.03
2011.10.17 15:44:39.254,0.85455,0.85476,1.26,2.78
2011.10.17 15:44:39.625,0.85461,0.85479,1.05,1.50
2011.10.17 15:44:39.994,0.85465,0.85484,1.71,1.13
2011.10.17 15:44:40.522,0.85467,0.85486,1.05,1.35
2011.10.17 15:44:40.988,0.85467,0.85487,1.43,1.50
2011.10.17 15:44:41.550,0.85468,0.85487,1.33,1.50
2011.10.17 15:44:42.238,0.85468,0.85487,1.33,1.50
2011.10.17 15:44:42.939,0.85468,0.85487,1.71,1.50
2011.10.17 15:44:43.382,0.85463,0.85482,1.71,1.43
2011.10.17 15:44:43.511,0.85461,0.85482,1.71,1.43
2011.10.17 15:44:45.442,0.85461,0.85482,1.33,1.43
2011.10.17 15:44:45.808,0.85461,0.85482,1.71,1.43
2011.10.17 15:44:46.407,0.85461,0.85482,1.33,3.45
2011.10.17 15:44:46.971,0.85461,0.85482,1.71,3.45
2011.10.17 15:44:47.088,0.85461,0.85482,1.71,3.45
2011.10.17 15:44:47.547,0.85461,0.85479,1.33,1.50
2011.10.17 15:44:48.691,0.85461,0.85482,2.08,3.83
2011.10.17 15:44:49.265,0.85461,0.85482,1.33,1.80
2011.10.17 15:44:50.120,0.8546,0.8548,1.13,1.13
2011.10.17 15:44:50.248,0.8546,0.8548,1.13,1.13
2011.10.17 15:44:50.611,0.85458,0.85477,2.01,1.50
2011.10.17 15:44:50.728,0.8546,0.8548,1.13,3.15
2011.10.17 15:44:50.848,0.85462,0.8548,1.13,1.13
2011.10.17 15:44:51.407,0.85462,0.8548,1.13,3.15
2011.10.17 15:44:51.637,0.8546,0.85479,1.13,1.50
2011.10.17 15:44:51.868,0.85462,0.8548,1.13,3.15
2011.10.17 15:44:52.446,0.85463,0.85482,1.13,4.20
2011.10.17 15:44:52.690,0.85463,0.85482,1.13,1.43
2011.10.17 15:44:53.246,0.8546,0.85482,2.83,1.43
2011.10.17 15:44:53.368,0.85462,0.85482,1.33,1.80
2011.10.17 15:44:56.339,0.8546,0.85478,1.13,1.50
2011.10.17 15:44:56.912,0.85462,0.8548,1.13,1.13
2011.10.17 15:44:57.381,0.85458,0.85478,2.01,1.50
2011.10.17 15:44:57.623,0.85464,0.85482,1.13,2.55
2011.10.17 15:44:57.872,0.85463,0.85482,1.50,1.43
2011.10.17 15:44:59.591,0.85466,0.85482,2.25,1.43
2011.10.17 15:45:00.176,0.85466,0.85481,1.88,1.13
2011.10.17 15:45:00.301,0.85461,0.85481,1.33,1.13
2011.10.17 15:45:00.918,0.8546,0.85481,2.08,1.13
2011.10.17 15:45:01.426,0.8546,0.8548,1.33,1.13
2011.10.17 15:45:02.030,0.8546,0.85481,2.08,1.73
2011.10.17 15:45:02.149,0.8546,0.85481,2.08,1.73
2011.10.17 15:45:02.677,0.8546,0.85482,2.46,1.43
2011.10.17 15:45:03.348,0.8546,0.85482,1.33,1.43
2011.10.17 15:45:03.580,0.85459,0.8548,1.33,1.13
2011.10.17 15:45:04.177,0.85459,0.85482,2.31,2.18
2011.10.17 15:45:04.527,0.85459,0.85482,3.06,1.43
2011.10.17 15:45:05.449,0.85459,0.85482,3.06,1.43
2011.10.17 15:45:06.031,0.8546,0.85482,1.71,1.43
2011.10.17 15:45:07.389,0.85462,0.85483,1.33,2.10
2011.10.17 15:45:07.874,0.85464,0.85483,1.13,1.43
2011.10.17 15:45:08.243,0.85463,0.85483,1.63,1.13
2011.10.17 15:45:08.848,0.85467,0.85483,1.88,1.35
2011.10.17 15:45:10.483,0.85463,0.85483,1.63,2.10
2011.10.17 15:45:11.066,0.85466,0.85482,1.88,1.35
2011.10.17 15:45:11.958,0.85466,0.85484,1.88,2.78
2011.10.17 15:45:12.196,0.85466,0.85485,1.88,1.43
2011.10.17 15:45:12.802,0.85464,0.85485,1.33,1.43
2011.10.17 15:45:12.931,0.85466,0.85485,1.13,1.43
2011.10.17 15:45:15.428,0.85466,0.85485,1.88,2.18
2011.10.17 15:45:17.503,0.85466,0.85486,2.63,2.03
2011.10.17 15:45:17.967,0.85467,0.85485,1.88,1.43
2011.10.17 15:45:18.309,0.85466,0.85482,1.50,1.43
2011.10.17 15:45:18.907,0.85466,0.85482,1.50,1.43
2011.10.17 15:45:19.950,0.85466,0.85478,1.50,1.13
2011.10.17 15:45:20.069,0.8546,0.85477,2.03,1.05
2011.10.17 15:45:20.189,0.85457,0.85477,2.08,1.43
2011.10.17 15:45:20.762,0.85456,0.85477,1.88,1.80
2011.10.17 15:45:21.757,0.85457,0.85476,1.88,1.50
2011.10.17 15:45:22.482,0.85456,0.85476,1.88,1.50
2011.10.17 15:45:23.059,0.85456,0.85476,1.88,1.50
2011.10.17 15:45:23.419,0.85455,0.85476,1.26,1.50
2011.10.17 15:45:23.538,0.85455,0.85476,2.01,1.50
2011.10.17 15:45:25.597,0.85457,0.85476,1.88,1.88
2011.10.17 15:45:26.158,0.85457,0.85475,1.88,1.50
2011.10.17 15:45:32.265,0.85457,0.85476,2.63,1.50
2011.10.17 15:45:32.621,0.85458,0.85476,1.43,1.50
2011.10.17 15:45:33.177,0.85458,0.85476,1.43,1.50
2011.10.17 15:45:34.790,0.85458,0.85479,1.43,1.50
2011.10.17 15:45:36.377,0.8546,0.85479,1.43,2.63
2011.10.17 15:45:36.961,0.85459,0.85479,1.43,1.50
2011.10.17 15:45:37.533,0.85457,0.85477,2.63,1.43
2011.10.17 15:45:37.664,0.85456,0.85475,2.83,2.03
2011.10.17 15:45:38.055,0.85455,0.85474,2.01,1.13
2011.10.17 15:45:38.202,0.85457,0.85475,1.13,1.13
2011.10.17 15:45:38.334,0.85456,0.85478,2.63,2.18
2011.10.17 15:45:38.927,0.85456,0.85477,2.83,1.43
2011.10.17 15:45:39.572,0.85456,0.85477,2.83,1.80
2011.10.17 15:45:43.190,0.85456,0.85477,2.83,1.80
2011.10.17 15:45:45.636,0.85456,0.85477,2.83,2.55
2011.10.17 15:45:46.196,0.85456,0.85475,2.63,1.13
2011.10.17 15:45:47.461,0.85455,0.85475,1.05,1.50
2011.10.17 15:45:48.093,0.85456,0.85475,1.88,1.50
2011.10.17 15:45:49.695,0.85456,0.85474,1.88,1.88
2011.10.17 15:45:50.257,0.85456,0.85472,1.88,1.80
2011.10.17 15:45:51.587,0.85456,0.85469,1.88,1.13
2011.10.17 15:45:51.949,0.85448,0.85469,1.50,1.80
2011.10.17 15:45:52.841,0.85449,0.85469,1.13,1.05
2011.10.17 15:45:53.726,0.85447,0.85468,2.46,1.13
2011.10.17 15:45:53.847,0.85447,0.85467,2.46,1.13
2011.10.17 15:45:54.409,0.85447,0.85466,1.13,1.13
2011.10.17 15:45:54.896,0.85448,0.85469,1.33,2.55
2011.10.17 15:45:55.020,0.85446,0.85467,1.71,1.35
2011.10.17 15:45:55.380,0.85447,0.85465,2.46,1.43
2011.10.17 15:45:55.729,0.85447,0.85468,2.46,1.43
2011.10.17 15:45:58.979,0.85451,0.85469,1.13,1.80
2011.10.17 15:45:59.438,0.85448,0.85469,2.76,1.43
2011.10.17 15:45:59.556,0.85448,0.85469,1.33,1.43
2011.10.17 15:46:00.538,0.85448,0.85469,1.33,1.43
2011.10.17 15:46:04.197,0.85448,0.85468,1.33,1.13
2011.10.17 15:46:04.559,0.85448,0.85467,1.33,1.73
2011.10.17 15:46:05.457,0.85447,0.85466,2.25,1.35
2011.10.17 15:46:06.129,0.85447,0.85466,1.88,1.35
2011.10.17 15:46:06.611,0.85447,0.85461,1.88,2.63
2011.10.17 15:46:06.728,0.85444,0.85462,1.13,1.35
2011.10.17 15:46:06.852,0.85439,0.85461,1.71,1.80
2011.10.17 15:46:06.968,0.85443,0.85462,1.13,2.10
2011.10.17 15:46:07.087,0.85443,0.85462,1.50,2.10
2011.10.17 15:46:07.209,0.85443,0.85463,1.13,2.63
2011.10.17 15:46:07.328,0.85443,0.85464,1.13,1.35
2011.10.17 15:46:07.693,0.85443,0.85463,1.13,1.13
2011.10.17 15:46:08.256,0.85446,0.85463,1.88,1.13
2011.10.17 15:46:09.246,0.85446,0.85463,1.88,1.13
2011.10.17 15:46:09.806,0.85446,0.85463,1.88,1.13
2011.10.17 15:46:10.365,0.85446,0.85463,1.88,1.13
2011.10.17 15:46:12.839,0.85446,0.85464,2.25,1.73
2011.10.17 15:46:13.245,0.85446,0.85465,3.00,2.40
2011.10.17 15:46:13.588,0.85446,0.85464,2.25,1.35
2011.10.17 15:46:14.166,0.85446,0.85464,1.88,1.35
2011.10.17 15:46:17.385,0.85446,0.85464,1.88,1.73
2011.10.17 15:46:17.727,0.85443,0.85464,1.13,1.73
2011.10.17 15:46:20.010,0.85444,0.85463,1.13,1.13
2011.10.17 15:46:22.387,0.85441,0.85462,2.76,1.13
2011.10.17 15:46:22.727,0.85441,0.8546,1.80,1.50
2011.10.17 15:46:22.969,0.85438,0.85459,2.08,1.13
2011.10.17 15:46:23.200,0.85437,0.85456,2.83,1.13
2011.10.17 15:46:23.779,0.85437,0.85455,1.88,1.13
2011.10.17 15:46:28.849,0.85437,0.85456,1.88,1.13
2011.10.17 15:46:29.408,0.85437,0.85456,2.63,1.88
2011.10.17 15:46:30.528,0.85437,0.85456,2.63,1.88
2011.10.17 15:46:33.222,0.85437,0.85453,1.88,1.05
2011.10.17 15:46:33.476,0.85428,0.85449,1.33,1.43
2011.10.17 15:46:33.603,0.8543,0.8545,1.13,1.35
2011.10.17 15:46:34.100,0.85429,0.85451,2.01,1.35
2011.10.17 15:46:34.679,0.85429,0.8545,2.08,1.43
2011.10.17 15:46:37.018,0.85429,0.8545,2.08,1.43
2011.10.17 15:46:37.140,0.85427,0.85449,2.08,1.43
2011.10.17 15:46:37.258,0.85427,0.85449,2.08,1.43
2011.10.17 15:46:37.606,0.85427,0.85448,2.08,1.35
2011.10.17 15:46:38.281,0.85428,0.85449,1.33,2.03
2011.10.17 15:46:41.398,0.85428,0.85449,1.33,1.28
2011.10.17 15:46:42.979,0.85431,0.85449,1.13,1.28
2011.10.17 15:46:49.746,0.8543,0.85449,1.33,1.28
2011.10.17 15:46:50.309,0.8543,0.85449,1.33,1.28
2011.10.17 15:46:52.912,0.85427,0.85449,2.83,2.03
2011.10.17 15:46:53.797,0.85428,0.85449,1.33,2.03
2011.10.17 15:46:54.286,0.85426,0.85446,1.50,2.03
2011.10.17 15:46:54.759,0.85425,0.85446,1.71,2.70
2011.10.17 15:46:55.097,0.85425,0.85446,2.08,2.70
2011.10.17 15:46:56.628,0.85425,0.85446,2.08,3.08
2011.10.17 15:46:57.530,0.85424,0.85444,1.71,1.43
2011.10.17 15:46:58.615,0.85427,0.85446,1.13,3.45
2011.10.17 15:46:58.748,0.85425,0.85445,1.33,1.43
2011.10.17 15:46:59.756,0.85424,0.85444,1.71,1.43
2011.10.17 15:47:00.291,0.85423,0.85444,1.71,1.76
2011.10.17 15:47:00.411,0.85423,0.85441,1.71,1.35
2011.10.17 15:47:00.653,0.85423,0.85441,1.33,1.35
2011.10.17 15:47:02.619,0.85424,0.85441,1.13,1.35
2011.10.17 15:47:02.862,0.85424,0.85445,1.50,2.48
2011.10.17 15:47:03.363,0.85425,0.85445,1.13,2.10
2011.10.17 15:47:03.962,0.85425,0.85445,2.08,1.35
2011.10.17 15:47:04.567,0.85425,0.85445,1.71,1.35
2011.10.17 15:47:05.164,0.85424,0.85445,1.50,2.48
2011.10.17 15:47:05.852,0.85424,0.85445,1.50,2.48
2011.10.17 15:47:06.082,0.85424,0.85446,1.80,2.10
2011.10.17 15:47:08.526,0.85425,0.85446,2.46,1.35
2011.10.17 15:47:10.145,0.85424,0.85444,1.71,1.80
2011.10.17 15:47:10.270,0.85423,0.85443,1.13,1.13
2011.10.17 15:47:10.391,0.85424,0.85444,1.13,1.80
2011.10.17 15:47:11.296,0.85422,0.85441,1.13,1.80
2011.10.17 15:47:12.749,0.85423,0.8544,1.13,1.05
2011.10.17 15:47:14.555,0.85424,0.85441,1.13,1.80
2011.10.17 15:47:14.692,0.85426,0.85444,1.71,1.43
2011.10.17 15:47:14.815,0.85427,0.85448,1.33,1.43
2011.10.17 15:47:15.061,0.85427,0.85448,1.33,1.43
2011.10.17 15:47:15.302,0.85426,0.85445,2.08,1.28
2011.10.17 15:47:15.988,0.85425,0.85445,1.13,3.08
2011.10.17 15:47:16.557,0.85426,0.85445,1.50,3.45
2011.10.17 15:47:17.100,0.85426,0.85445,1.50,3.45
2011.10.17 15:47:17.668,0.85426,0.85445,1.50,3.45
2011.10.17 15:47:21.739,0.85425,0.85443,1.13,1.05
2011.10.17 15:47:21.970,0.85421,0.85442,2.38,1.13
2011.10.17 15:47:22.094,0.85419,0.85438,1.50,1.73
2011.10.17 15:47:22.221,0.85418,0.85437,1.50,1.73
2011.10.17 15:47:22.667,0.85416,0.85437,1.50,2.40
2011.10.17 15:47:23.240,0.85416,0.85436,2.25,1.05
2011.10.17 15:47:24.939,0.85417,0.85437,2.18,1.35
2011.10.17 15:47:26.854,0.85417,0.85437,1.43,1.35
2011.10.17 15:47:31.496,0.85416,0.85437,2.63,2.70
2011.10.17 15:47:32.179,0.85417,0.85437,1.43,2.03
2011.10.17 15:47:34.828,0.85417,0.85438,1.80,2.10
2011.10.17 15:47:39.278,0.85417,0.85439,1.63,1.43
2011.10.17 15:47:39.752,0.85416,0.85436,1.13,1.43
2011.10.17 15:47:40.579,0.85416,0.85437,1.13,2.85
2011.10.17 15:47:42.607,0.85416,0.85436,1.50,2.55
2011.10.17 15:47:44.305,0.85416,0.85435,1.13,1.43
2011.10.17 15:47:44.671,0.85414,0.8543,2.08,1.50
2011.10.17 15:47:46.008,0.85414,0.8543,2.08,1.50
2011.10.17 15:47:46.478,0.85414,0.85432,1.71,1.50
2011.10.17 15:47:49.492,0.85415,0.85432,1.50,1.50
2011.10.17 15:47:53.348,0.85415,0.85435,1.50,1.43
2011.10.17 15:47:53.472,0.85419,0.85436,1.13,1.50
2011.10.17 15:47:53.710,0.85416,0.85435,1.33,1.43
2011.10.17 15:47:53.829,0.85416,0.85434,1.71,1.50
2011.10.17 15:47:54.299,0.85416,0.85434,1.50,1.50
2011.10.17 15:47:56.248,0.85417,0.85435,1.50,2.18
2011.10.17 15:47:56.848,0.85419,0.85437,1.13,1.50
2011.10.17 15:47:59.488,0.85419,0.85437,1.13,1.50
2011.10.17 15:47:59.840,0.85419,0.85436,1.13,1.50
2011.10.17 15:47:59.958,0.85419,0.85436,1.13,1.50
2011.10.17 15:48:00.516,0.85419,0.85437,1.33,1.50
2011.10.17 15:48:01.526,0.85419,0.85437,1.33,1.50
2011.10.17 15:48:02.300,0.85418,0.85436,1.71,2.10
2011.10.17 15:48:02.647,0.85422,0.85437,1.13,1.50
2011.10.17 15:48:02.896,0.85422,0.8544,1.13,1.50
2011.10.17 15:48:03.687,0.85424,0.85441,1.50,1.50
2011.10.17 15:48:04.202,0.85423,0.8544,1.13,1.50
2011.10.17 15:48:05.380,0.85423,0.85442,1.33,1.50
2011.10.17 15:48:05.607,0.85425,0.85443,1.13,1.43
2011.10.17 15:48:10.780,0.85425,0.85446,1.80,1.88
2011.10.17 15:48:11.126,0.85425,0.85447,2.01,1.43
2011.10.17 15:48:15.747,0.85425,0.85446,2.01,1.13
2011.10.17 15:48:15.986,0.85425,0.85444,1.43,1.13
2011.10.17 15:48:18.574,0.85425,0.85444,1.80,1.13
2011.10.17 15:48:18.920,0.85429,0.85446,1.13,1.50
2011.10.17 15:48:19.042,0.85429,0.85449,1.80,1.50
2011.10.17 15:48:19.160,0.85432,0.85451,1.50,1.43
2011.10.17 15:48:19.454,0.85434,0.85453,2.08,1.43
2011.10.17 15:48:19.584,0.85436,0.85456,1.13,1.05
2011.10.17 15:48:20.147,0.85436,0.85456,1.13,1.80
2011.10.17 15:48:20.717,0.85437,0.85457,1.50,1.88
2011.10.17 15:48:21.304,0.85437,0.85456,1.50,1.13
2011.10.17 15:48:21.919,0.85437,0.85456,1.50,1.05
2011.10.17 15:48:22.439,0.85437,0.85456,1.50,1.05
2011.10.17 15:48:25.220,0.85437,0.85456,1.50,1.80
2011.10.17 15:48:25.776,0.85438,0.85456,1.13,1.05
2011.10.17 15:48:31.354,0.85437,0.85456,1.50,1.05
2011.10.17 15:48:31.480,0.85437,0.85456,1.13,1.05
2011.10.17 15:48:32.940,0.85437,0.85456,1.13,1.05
2011.10.17 15:48:33.070,0.85438,0.85458,1.13,1.13
2011.10.17 15:48:33.193,0.85438,0.85457,1.13,1.13
2011.10.17 15:48:43.186,0.85437,0.85458,1.80,1.13
2011.10.17 15:48:48.377,0.85437,0.85457,1.05,1.13
2011.10.17 15:48:50.229,0.85437,0.85458,1.43,1.88
2011.10.17 15:48:51.776,0.85437,0.85458,1.43,1.88
2011.10.17 15:48:52.575,0.85437,0.85458,1.43,1.13
2011.10.17 15:48:54.140,0.85435,0.85454,1.13,1.13
2011.10.17 15:48:54.260,0.85433,0.85454,1.43,1.13
2011.10.17 15:48:54.383,0.85433,0.85454,1.43,1.88
2011.10.17 15:48:54.629,0.85433,0.85454,1.43,2.63
2011.10.17 15:48:54.752,0.85433,0.85451,1.43,1.13
2011.10.17 15:48:55.704,0.85433,0.85454,1.43,1.50
2011.10.17 15:48:56.279,0.85433,0.85452,1.05,1.13
2011.10.17 15:48:56.400,0.85433,0.85453,1.43,1.13
2011.10.17 15:48:56.520,0.85434,0.85455,1.50,2.93
2011.10.17 15:48:56.868,0.85433,0.85454,2.55,1.13
2011.10.17 15:48:57.339,0.85436,0.85455,1.33,2.18
2011.10.17 15:49:03.787,0.85436,0.85454,2.08,1.88
2011.10.17 15:49:05.487,0.85436,0.85454,2.08,1.88
2011.10.17 15:49:06.481,0.85435,0.85454,2.08,3.00
2011.10.17 15:49:06.718,0.85435,0.85454,1.33,3.00
2011.10.17 15:49:07.879,0.85435,0.85454,1.33,2.63
2011.10.17 15:49:09.218,0.85433,0.85454,2.76,3.00
2011.10.17 15:49:10.800,0.85433,0.85451,1.33,1.05
2011.10.17 15:49:11.149,0.85433,0.85451,1.13,1.05
2011.10.17 15:49:11.579,0.8543,0.85451,2.08,1.80
2011.10.17 15:49:11.939,0.85429,0.8545,2.61,1.88
2011.10.17 15:49:13.554,0.85429,0.8545,2.61,1.88
2011.10.17 15:49:15.291,0.85429,0.8545,2.23,1.50
2011.10.17 15:49:15.651,0.85426,0.85446,3.58,1.13
2011.10.17 15:49:15.892,0.85426,0.85446,2.63,1.13
2011.10.17 15:49:16.449,0.85426,0.85446,1.88,1.88
2011.10.17 15:49:16.799,0.85426,0.85443,1.88,1.35
2011.10.17 15:49:17.402,0.85427,0.85444,1.88,1.80
2011.10.17 15:49:20.144,0.85431,0.85443,1.50,1.43
2011.10.17 15:49:20.389,0.85422,0.85443,2.46,1.43
2011.10.17 15:49:20.737,0.85427,0.85445,1.88,1.13
2011.10.17 15:49:21.440,0.85427,0.85446,1.88,1.88
2011.10.17 15:49:21.560,0.85425,0.85444,1.13,1.13
2011.10.17 15:49:22.375,0.85426,0.85443,1.88,1.13
2011.10.17 15:49:25.907,0.85426,0.85443,1.88,1.88
2011.10.17 15:49:31.178,0.85426,0.85443,1.88,1.88
2011.10.17 15:49:34.487,0.85422,0.85442,1.33,1.05
2011.10.17 15:49:34.827,0.85424,0.85443,1.13,3.30
2011.10.17 15:49:35.298,0.85427,0.85445,1.88,1.13
2011.10.17 15:49:36.119,0.85427,0.85446,4.03,1.13
2011.10.17 15:49:36.686,0.85428,0.85445,1.11,1.13
2011.10.17 15:49:41.187,0.85428,0.85445,1.41,1.13
2011.10.17 15:49:41.419,0.85427,0.85447,3.58,1.88
2011.10.17 15:49:41.666,0.8543,0.85449,1.43,1.13
2011.10.17 15:49:42.019,0.85427,0.85447,5.08,1.13
2011.10.17 15:49:42.300,0.85427,0.85447,1.86,1.13
2011.10.17 15:49:42.837,0.85427,0.85446,1.13,1.13
2011.10.17 15:49:43.422,0.85426,0.85444,1.88,1.13
2011.10.17 15:49:44.382,0.85426,0.85444,3.36,1.13
2011.10.17 15:49:45.369,0.85429,0.85447,1.11,1.50
2011.10.17 15:49:45.609,0.85429,0.85448,1.05,1.88
2011.10.17 15:49:46.070,0.8543,0.85448,1.11,1.88
2011.10.17 15:49:49.430,0.8543,0.85446,1.11,1.13
2011.10.17 15:49:49.667,0.85426,0.85446,4.48,1.73
2011.10.17 15:49:54.086,0.85427,0.85446,3.73,2.48
2011.10.17 15:49:54.442,0.85429,0.85447,1.11,1.13
2011.10.17 15:49:54.559,0.85429,0.85447,1.78,1.13
2011.10.17 15:49:55.126,0.85429,0.85449,1.78,1.88
2011.10.17 15:49:55.822,0.8543,0.85449,1.05,2.25
2011.10.17 15:49:57.645,0.85431,0.85447,1.41,1.13
2011.10.17 15:49:58.217,0.85428,0.85446,1.35,1.13
2011.10.17 15:49:58.667,0.85428,0.85446,2.08,1.13
2011.10.17 15:50:02.099,0.8543,0.85447,2.91,1.50
2011.10.17 15:50:02.225,0.85431,0.85448,2.16,1.13
2011.10.17 15:50:02.578,0.85435,0.85454,1.13,1.80
2011.10.17 15:50:03.347,0.85435,0.85454,1.13,1.13
2011.10.17 15:50:04.194,0.85434,0.85452,1.41,1.50
2011.10.17 15:50:04.440,0.85434,0.85452,1.35,1.50
2011.10.17 15:50:04.680,0.85436,0.85454,1.13,1.43
2011.10.17 15:50:04.919,0.85436,0.85457,1.33,1.50
2011.10.17 15:50:05.153,0.85436,0.85457,1.33,1.50
2011.10.17 15:50:05.730,0.85438,0.85458,1.43,1.13
2011.10.17 15:50:14.063,0.85437,0.85457,1.80,1.50
2011.10.17 15:50:14.745,0.85437,0.85458,1.13,2.18
2011.10.17 15:50:16.718,0.85436,0.85457,2.83,1.50
2011.10.17 15:50:18.177,0.85437,0.85457,1.88,1.88
2011.10.17 15:50:18.408,0.85437,0.85457,1.88,1.88
2011.10.17 15:50:19.245,0.85434,0.85453,2.40,2.25
2011.10.17 15:50:22.182,0.85434,0.85453,1.88,2.55
2011.10.17 15:50:22.569,0.85431,0.85452,1.80,4.50
2011.10.17 15:50:22.918,0.85431,0.85449,1.43,1.13
2011.10.17 15:50:23.921,0.85431,0.85449,1.43,1.13
2011.10.17 15:50:24.161,0.85431,0.85449,1.43,1.13
2011.10.17 15:50:24.781,0.85431,0.85453,1.43,3.53
2011.10.17 15:50:26.142,0.85431,0.8545,1.43,1.13
2011.10.17 15:50:26.838,0.85431,0.8545,1.43,1.13
2011.10.17 15:50:27.663,0.85431,0.8545,1.43,1.13
2011.10.17 15:50:27.998,0.85427,0.85448,3.51,1.73
2011.10.17 15:50:28.123,0.85426,0.85445,1.43,1.73
2011.10.17 15:50:30.580,0.85427,0.85447,1.43,1.50
2011.10.17 15:50:33.779,0.85427,0.85449,2.18,2.55
2011.10.17 15:50:35.710,0.85427,0.85448,2.18,1.13
2011.10.17 15:50:39.556,0.85429,0.85449,1.13,2.55
2011.10.17 15:50:40.060,0.85428,0.85449,1.13,2.55
2011.10.17 15:50:40.655,0.85428,0.85449,1.13,2.55
2011.10.17 15:50:41.048,0.85428,0.85449,1.13,2.55
2011.10.17 15:50:42.035,0.85428,0.85449,1.13,2.55
2011.10.17 15:50:42.739,0.85429,0.85447,1.05,1.13
2011.10.17 15:50:43.088,0.8543,0.85449,3.45,1.13
2011.10.17 15:50:43.209,0.8543,0.85449,1.43,1.13
2011.10.17 15:50:43.909,0.85429,0.85448,4.50,1.13
2011.10.17 15:50:44.448,0.85429,0.85448,1.13,1.13
2011.10.17 15:50:45.188,0.85428,0.85449,1.13,2.55
2011.10.17 15:50:45.783,0.85428,0.85449,1.13,2.55
2011.10.17 15:50:46.140,0.85428,0.85449,1.13,2.55
2011.10.17 15:50:46.384,0.8543,0.85449,1.80,1.88
2011.10.17 15:50:46.859,0.85432,0.85452,1.33,1.35
2011.10.17 15:50:47.221,0.85444,0.85459,1.13,1.35
2011.10.17 15:50:47.585,0.85457,0.85465,2.40,1.35
2011.10.17 15:50:48.061,0.85456,0.85469,1.43,1.13
2011.10.17 15:50:48.300,0.85456,0.85472,1.41,1.50
2011.10.17 15:50:49.678,0.85452,0.85473,1.43,3.38
2011.10.17 15:50:50.140,0.8545,0.85469,1.43,1.35
2011.10.17 15:50:50.270,0.85446,0.85468,3.66,2.10
2011.10.17 15:50:50.957,0.85446,0.85464,1.43,2.63
2011.10.17 15:50:51.658,0.85447,0.85465,1.13,2.18
2011.10.17 15:50:51.779,0.85447,0.85465,1.80,1.50
2011.10.17 15:50:53.203,0.85447,0.85465,3.30,1.13
2011.10.17 15:50:54.110,0.85447,0.85467,4.78,1.50
2011.10.17 15:50:54.933,0.85447,0.85465,4.03,1.88
2011.10.17 15:50:55.065,0.85446,0.85463,1.43,1.50
2011.10.17 15:50:55.662,0.85443,0.85461,2.16,1.13
2011.10.17 15:50:55.779,0.85445,0.85461,1.13,1.13
2011.10.17 15:50:56.361,0.85443,0.85463,2.53,2.25
2011.10.17 15:50:56.939,0.85444,0.85463,1.86,2.25
2011.10.17 15:50:57.750,0.85443,0.85463,1.43,3.00
2011.10.17 15:50:59.688,0.85443,0.85462,1.43,1.13
2011.10.17 15:51:00.267,0.85443,0.85461,1.43,1.13
2011.10.17 15:51:03.258,0.85443,0.85462,1.43,1.13
2011.10.17 15:51:03.816,0.85443,0.85463,1.43,1.13
2011.10.17 15:51:04.199,0.85443,0.85463,1.43,1.13
2011.10.17 15:51:04.800,0.85445,0.85463,1.13,1.13
2011.10.17 15:51:05.481,0.85446,0.85463,1.13,1.88
2011.10.17 15:51:05.613,0.85446,0.85467,2.91,1.50
2011.10.17 15:51:06.199,0.85447,0.85468,2.25,1.73
2011.10.17 15:51:06.319,0.85447,0.85465,1.88,1.13
2011.10.17 15:51:08.227,0.85447,0.85466,1.88,1.13
2011.10.17 15:51:09.368,0.85447,0.85467,3.00,1.13
2011.10.17 15:51:11.031,0.85447,0.85468,2.25,1.13
2011.10.17 15:51:11.149,0.85447,0.85468,3.21,1.13
2011.10.17 15:51:11.970,0.85452,0.85469,1.13,1.13
2011.10.17 15:51:12.093,0.85452,0.8547,1.13,1.13
2011.10.17 15:51:12.221,0.85452,0.85471,1.88,3.75
2011.10.17 15:51:12.802,0.85453,0.85469,1.50,2.03
2011.10.17 15:51:14.353,0.85451,0.85471,2.38,2.40
2011.10.17 15:51:17.489,0.85452,0.85469,1.50,2.03
2011.10.17 15:51:17.870,0.85451,0.85469,1.63,2.78
2011.10.17 15:51:18.219,0.85451,0.85469,1.80,3.15
2011.10.17 15:51:18.666,0.85451,0.85469,2.55,3.15
2011.10.17 15:51:19.091,0.85451,0.85469,1.80,3.90
2011.10.17 15:51:19.976,0.85451,0.85469,2.55,3.15
2011.10.17 15:51:23.261,0.85451,0.85469,1.80,1.88
2011.10.17 15:51:23.499,0.85451,0.8547,2.55,1.13
2011.10.17 15:51:25.518,0.85452,0.85471,1.50,1.13
2011.10.17 15:51:26.128,0.85452,0.85471,1.50,1.13
2011.10.17 15:51:26.474,0.8545,0.85471,2.16,2.48
2011.10.17 15:51:26.601,0.8545,0.85469,1.13,1.43
2011.10.17 15:51:27.067,0.85449,0.85468,1.13,1.13
2011.10.17 15:51:28.613,0.85447,0.85465,1.05,2.03
2011.10.17 15:51:29.147,0.85451,0.85467,1.11,1.13
2011.10.17 15:51:29.389,0.85451,0.85469,1.11,2.55
2011.10.17 15:51:29.959,0.85451,0.85468,1.11,1.50
2011.10.17 15:51:30.430,0.85449,0.85468,1.43,1.88
2011.10.17 15:51:30.978,0.8545,0.85468,1.43,1.88
2011.10.17 15:51:35.488,0.8545,0.85468,2.18,1.50
2011.10.17 15:51:36.048,0.8545,0.85469,2.16,1.13
2011.10.17 15:51:36.170,0.8545,0.85468,2.16,2.03
2011.10.17 15:51:36.726,0.8545,0.8547,2.16,3.15
2011.10.17 15:51:36.958,0.8545,0.85471,2.91,4.88
2011.10.17 15:51:38.109,0.85451,0.85469,1.88,1.13
2011.10.17 15:51:38.231,0.85453,0.85471,1.50,3.75
2011.10.17 15:51:38.356,0.85451,0.85469,2.61,1.13
2011.10.17 15:51:38.600,0.85457,0.85476,2.25,1.13
2011.10.17 15:51:38.951,0.85458,0.85478,1.86,2.18
2011.10.17 15:51:39.519,0.85457,0.85476,5.08,1.13
2011.10.17 15:51:40.654,0.85458,0.85476,1.41,1.13
2011.10.17 15:51:41.778,0.85458,0.85476,1.41,1.50
2011.10.17 15:51:43.040,0.8546,0.85476,1.05,1.13
2011.10.17 15:51:44.220,0.8546,0.85476,1.41,1.88
2011.10.17 15:51:47.655,0.85457,0.85476,2.63,1.13
2011.10.17 15:51:47.899,0.85457,0.85476,2.63,1.88
2011.10.17 15:51:48.588,0.85457,0.85476,2.63,2.85
2011.10.17 15:51:48.819,0.85457,0.85476,3.00,2.85
2011.10.17 15:51:49.081,0.85458,0.85476,1.13,1.13
2011.10.17 15:51:49.320,0.85461,0.8548,1.13,2.48
2011.10.17 15:51:49.791,0.85461,0.85482,1.86,1.13
2011.10.17 15:51:50.152,0.85461,0.85479,1.48,1.13
2011.10.17 15:51:50.718,0.85461,0.85479,1.13,1.13
2011.10.17 15:51:51.308,0.85461,0.85481,1.13,1.13
2011.10.17 15:51:56.008,0.85463,0.85481,1.50,1.13
2011.10.17 15:51:56.699,0.85461,0.85481,1.13,1.88
2011.10.17 15:51:57.614,0.8546,0.85478,3.11,1.28
2011.10.17 15:51:57.749,0.85462,0.8548,1.13,1.50
2011.10.17 15:51:58.100,0.8546,0.8548,2.91,1.13
2011.10.17 15:51:58.791,0.85461,0.8548,2.23,1.13
2011.10.17 15:51:59.368,0.85461,0.8548,1.50,1.13
2011.10.17 15:51:59.953,0.85461,0.85479,1.50,1.13
2011.10.17 15:52:00.610,0.85461,0.85479,1.13,1.13
2011.10.17 15:52:01.177,0.85461,0.85479,1.86,1.13
2011.10.17 15:52:01.738,0.85463,0.85479,2.53,1.13
2011.10.17 15:52:04.231,0.85465,0.85479,1.48,1.13
2011.10.17 15:52:04.469,0.85465,0.85482,2.78,1.13
2011.10.17 15:52:05.136,0.85466,0.85482,2.63,1.13
2011.10.17 15:52:05.909,0.85466,0.85481,2.63,1.13
2011.10.17 15:52:06.381,0.85466,0.85481,2.63,1.13
2011.10.17 15:52:06.502,0.85466,0.85481,1.88,1.13
2011.10.17 15:52:07.206,0.85466,0.85481,1.88,1.13
2011.10.17 15:52:07.339,0.85466,0.8548,1.88,1.88
2011.10.17 15:52:08.218,0.85464,0.85479,1.43,1.13
2011.10.17 15:52:11.192,0.85464,0.85479,1.43,1.13
2011.10.17 15:52:13.640,0.85465,0.85482,1.86,1.88
2011.10.17 15:52:13.757,0.85465,0.85482,1.13,1.13
2011.10.17 15:52:15.000,0.85464,0.85482,2.53,1.13
2011.10.17 15:52:20.671,0.85465,0.85482,1.48,1.13
2011.10.17 15:52:21.065,0.85464,0.85481,1.43,1.13
2011.10.17 15:52:21.202,0.85464,0.85481,1.43,1.88
2011.10.17 15:52:21.563,0.85464,0.85478,2.18,1.50
2011.10.17 15:52:21.927,0.85464,0.85481,2.53,1.50
2011.10.17 15:52:22.439,0.85468,0.85481,1.43,1.50
2011.10.17 15:52:30.640,0.85467,0.85481,2.55,1.13
2011.10.17 15:52:31.553,0.85467,0.85484,1.88,1.88
2011.10.17 15:52:32.113,0.85467,0.85484,3.23,1.13
2011.10.17 15:52:34.753,0.85467,0.85484,1.88,2.63
2011.10.17 15:52:35.111,0.85464,0.85484,1.43,3.00
2011.10.17 15:52:35.681,0.85464,0.85482,1.43,1.13
2011.10.17 15:52:36.053,0.85469,0.85482,1.80,1.50
2011.10.17 15:52:36.185,0.85472,0.85488,1.05,2.25
2011.10.17 15:52:36.319,0.85472,0.8549,1.05,2.10
2011.10.17 15:52:36.444,0.85472,0.8549,1.26,1.35
2011.10.17 15:52:36.908,0.85475,0.85492,1.56,2.48
2011.10.17 15:52:38.309,0.85472,0.85492,1.63,2.48
2011.10.17 15:52:39.018,0.85472,0.85491,1.43,1.73
2011.10.17 15:52:40.457,0.8547,0.8549,2.68,1.73
2011.10.17 15:52:41.227,0.85472,0.85492,1.43,2.48
2011.10.17 15:52:41.823,0.85471,0.8549,2.01,1.35
2011.10.17 15:52:43.071,0.85471,0.8549,2.01,2.10
2011.10.17 15:52:43.868,0.85472,0.8549,1.05,1.73
2011.10.17 15:52:44.491,0.85472,0.85491,1.80,1.73
2011.10.17 15:52:46.253,0.85472,0.85492,1.80,1.73
2011.10.17 15:52:46.608,0.85475,0.85494,2.08,6.38
2011.10.17 15:52:47.311,0.85475,0.85493,1.33,1.88
2011.10.17 15:52:48.800,0.85475,0.85494,1.33,1.73
2011.10.17 15:52:49.248,0.85474,0.85491,2.08,1.50
2011.10.17 15:52:49.370,0.85473,0.85491,1.13,1.50
2011.10.17 15:52:50.220,0.85472,0.85489,1.63,1.13
2011.10.17 15:52:51.054,0.85473,0.85489,1.35,1.13
2011.10.17 15:52:51.183,0.85476,0.85491,1.43,1.50
2011.10.17 15:52:51.428,0.85478,0.85496,2.98,1.13
2011.10.17 15:52:52.017,0.85478,0.85496,2.98,1.13
2011.10.17 15:52:52.368,0.85478,0.85496,3.73,1.13
2011.10.17 15:52:54.010,0.85477,0.85496,3.18,2.63
2011.10.17 15:52:54.623,0.85483,0.85504,1.56,1.80
2011.10.17 15:52:54.740,0.85484,0.85506,2.23,1.88
2011.10.17 15:52:54.979,0.85484,0.85506,2.23,1.88
2011.10.17 15:52:55.211,0.85484,0.85506,2.23,1.88
2011.10.17 15:52:55.818,0.85484,0.85504,2.98,1.13
2011.10.17 15:52:58.892,0.85484,0.85506,2.23,1.88
2011.10.17 15:52:59.160,0.85486,0.85506,1.13,1.13
2011.10.17 15:52:59.748,0.85484,0.85506,2.23,1.88
2011.10.17 15:52:59.870,0.85485,0.85506,1.33,1.88
2011.10.17 15:53:01.341,0.85484,0.85506,3.36,1.88
2011.10.17 15:53:01.869,0.85484,0.85506,1.86,1.88
2011.10.17 15:53:02.320,0.85485,0.85506,1.33,1.88
2011.10.17 15:53:03.561,0.85485,0.85506,1.33,1.88
2011.10.17 15:53:04.406,0.85487,0.85506,1.13,1.88
2011.10.17 15:53:04.976,0.85487,0.85506,1.13,1.13
2011.10.17 15:53:06.487,0.85487,0.85506,1.13,1.13
2011.10.17 15:53:07.059,0.85487,0.85508,1.13,1.80
2011.10.17 15:53:08.072,0.85492,0.85509,1.35,1.50
2011.10.17 15:53:08.190,0.85493,0.85512,1.43,1.88
2011.10.17 15:53:08.543,0.85494,0.85511,1.05,1.13
2011.10.17 15:53:13.118,0.85494,0.85512,1.43,2.63
2011.10.17 15:53:13.502,0.85494,0.85512,1.43,2.63
2011.10.17 15:53:14.097,0.85494,0.85512,1.43,2.63
2011.10.17 15:53:14.447,0.85494,0.85512,1.80,1.13
2011.10.17 15:53:18.355,0.85496,0.85515,1.13,2.63
2011.10.17 15:53:18.719,0.85496,0.85515,1.80,1.13
2011.10.17 15:53:19.289,0.85497,0.85516,1.43,1.13
2011.10.17 15:53:21.320,0.85499,0.85517,1.13,1.13
2011.10.17 15:53:21.563,0.85501,0.85518,1.43,2.10
2011.10.17 15:53:21.816,0.85502,0.85521,1.43,1.73
2011.10.17 15:53:22.280,0.85503,0.85521,2.53,1.73
2011.10.17 15:53:23.356,0.85506,0.85521,1.05,1.73
2011.10.17 15:53:23.483,0.85506,0.85522,1.05,1.50
2011.10.17 15:53:23.613,0.85508,0.85525,1.11,2.48
2011.10.17 15:53:23.863,0.85508,0.8552,1.11,1.13
2011.10.17 15:53:24.219,0.85505,0.85521,1.43,2.48
2011.10.17 15:53:24.790,0.85504,0.85521,2.08,2.85
2011.10.17 15:53:25.617,0.85506,0.85524,1.05,2.10
2011.10.17 15:53:25.743,0.85504,0.85524,3.58,2.85
2011.10.17 15:53:26.343,0.85502,0.85517,1.43,1.35
2011.10.17 15:53:26.598,0.85503,0.85518,2.48,1.50
2011.10.17 15:53:26.727,0.85505,0.85521,2.16,1.13
2011.10.17 15:53:26.852,0.85505,0.85523,2.16,1.13
2011.10.17 15:53:27.447,0.85504,0.85522,2.16,1.13
2011.10.17 15:53:27.800,0.85505,0.85523,1.41,2.63
2011.10.17 15:53:29.420,0.85504,0.8552,1.48,1.13
2011.10.17 15:53:30.284,0.85504,0.8552,2.91,1.13
2011.10.17 15:53:30.653,0.85501,0.85517,1.43,2.78
2011.10.17 15:53:30.772,0.85497,0.85516,3.68,1.50
2011.10.17 15:53:31.328,0.85497,0.85514,2.91,1.13
2011.10.17 15:53:31.568,0.85497,0.85514,2.91,1.13
2011.10.17 15:53:34.613,0.85497,0.85514,1.80,1.13
2011.10.17 15:53:35.222,0.85497,0.85515,1.80,1.13
2011.10.17 15:53:35.741,0.85497,0.85515,2.16,1.13
2011.10.17 15:53:36.736,0.85497,0.85515,2.16,1.13
2011.10.17 15:53:38.765,0.85497,0.85515,1.43,1.13
2011.10.17 15:53:40.300,0.85497,0.85515,2.16,1.13
2011.10.17 15:53:40.665,0.85491,0.85509,1.13,1.13
2011.10.17 15:53:40.790,0.85489,0.85507,1.13,1.13
2011.10.17 15:53:41.681,0.85489,0.85508,1.48,1.50
2011.10.17 15:53:42.247,0.85489,0.85509,1.48,1.50
2011.10.17 15:53:42.807,0.85488,0.8551,2.53,1.50
2011.10.17 15:53:44.226,0.85489,0.8551,1.48,1.50
2011.10.17 15:53:47.661,0.85488,0.85508,1.43,1.50
2011.10.17 15:53:47.961,0.85488,0.85507,1.43,1.13
2011.10.17 15:53:48.208,0.85484,0.85504,1.50,1.05
2011.10.17 15:53:48.777,0.85484,0.85502,1.50,1.88
2011.10.17 15:53:49.347,0.85481,0.85501,2.46,1.13
2011.10.17 15:53:54.076,0.85481,0.85501,1.73,1.13
2011.10.17 15:53:55.607,0.85481,0.855,1.73,1.13
2011.10.17 15:53:55.730,0.8548,0.85499,2.46,1.80
2011.10.17 15:53:55.849,0.8548,0.85499,1.13,1.80
2011.10.17 15:53:56.080,0.85477,0.85498,1.43,1.50
2011.10.17 15:53:56.318,0.85478,0.85499,1.35,1.50
2011.10.17 15:53:57.064,0.85478,0.855,1.56,1.13
2011.10.17 15:53:57.419,0.85482,0.85501,2.18,1.50
2011.10.17 15:53:57.889,0.85482,0.85502,2.16,1.13
2011.10.17 15:53:59.977,0.85482,0.85501,2.18,1.13
2011.10.17 15:54:00.568,0.85482,0.85501,1.43,1.13
2011.10.17 15:54:01.622,0.85482,0.85501,1.43,1.13
2011.10.17 15:54:07.562,0.85479,0.85501,1.68,1.13
2011.10.17 15:54:07.683,0.85478,0.85501,2.23,1.13
2011.10.17 15:54:07.818,0.85478,0.85498,2.23,1.13
2011.10.17 15:54:08.412,0.85478,0.85499,2.03,1.13
2011.10.17 15:54:08.857,0.85478,0.85499,2.03,1.13
2011.10.17 15:54:09.539,0.85478,0.85498,2.03,1.13
2011.10.17 15:54:09.904,0.85478,0.85495,1.35,1.50
2011.10.17 15:54:10.989,0.85474,0.85493,2.18,1.13
2011.10.17 15:54:12.421,0.85474,0.85493,2.18,1.13
2011.10.17 15:54:13.373,0.85477,0.85493,1.43,1.13
2011.10.17 15:54:13.958,0.85474,0.85493,1.43,1.13
2011.10.17 15:54:14.554,0.85474,0.85493,1.43,1.13
2011.10.17 15:54:16.598,0.85474,0.85492,1.43,1.13
2011.10.17 15:54:18.011,0.85474,0.85492,1.43,1.50
2011.10.17 15:54:18.461,0.85474,0.85492,1.43,1.50
2011.10.17 15:54:18.581,0.85474,0.85492,1.43,1.50
2011.10.17 15:54:18.701,0.85474,0.85491,1.43,1.35
2011.10.17 15:54:18.940,0.85469,0.85488,2.16,1.13
2011.10.17 15:54:19.498,0.85469,0.85487,1.43,1.13
2011.10.17 15:54:19.743,0.85466,0.85486,4.73,1.13
2011.10.17 15:54:20.339,0.85465,0.85486,1.43,1.88
2011.10.17 15:54:20.880,0.85465,0.85486,1.43,1.88
2011.10.17 15:54:21.839,0.85466,0.85486,2.18,1.88
2011.10.17 15:54:21.963,0.85466,0.85486,2.18,1.88
2011.10.17 15:54:22.529,0.85466,0.85486,1.43,1.13
2011.10.17 15:54:23.112,0.85466,0.85486,1.43,1.13
2011.10.17 15:54:29.315,0.85467,0.85486,1.13,1.13
2011.10.17 15:54:29.562,0.85468,0.85488,1.13,1.80
2011.10.17 15:54:30.129,0.85468,0.85488,1.13,1.43
2011.10.17 15:54:30.373,0.85473,0.85491,1.13,1.88
2011.10.17 15:54:30.962,0.85474,0.85494,1.80,1.13
2011.10.17 15:54:37.018,0.85474,0.85494,1.43,1.13
2011.10.17 15:54:38.264,0.85473,0.85492,1.61,1.13
2011.10.17 15:54:38.517,0.85474,0.85491,1.43,3.15
2011.10.17 15:54:39.118,0.85473,0.85492,1.80,1.88
2011.10.17 15:54:39.482,0.85474,0.85492,1.13,1.13
2011.10.17 15:54:39.919,0.85477,0.85495,1.43,1.13
2011.10.17 15:54:40.404,0.85476,0.85494,1.35,1.13
2011.10.17 15:54:41.008,0.85479,0.85494,1.13,1.13
2011.10.17 15:54:42.519,0.85477,0.85494,1.43,1.13
2011.10.17 15:54:43.117,0.85478,0.85494,1.43,1.13
2011.10.17 15:54:43.678,0.85476,0.85495,2.10,1.13
2011.10.17 15:54:44.475,0.85478,0.85495,1.43,1.13
2011.10.17 15:54:44.866,0.85478,0.85495,1.43,1.13
2011.10.17 15:54:45.458,0.85478,0.85495,1.80,1.13
2011.10.17 15:54:45.703,0.85475,0.85491,1.43,2.03
2011.10.17 15:54:46.058,0.85473,0.85491,2.18,2.40
2011.10.17 15:54:46.927,0.85473,0.85492,1.43,2.40
2011.10.17 15:54:48.519,0.85473,0.85488,1.43,2.03
2011.10.17 15:54:49.088,0.85473,0.85488,1.43,2.03
2011.10.17 15:54:50.138,0.85473,0.85488,1.43,2.40
2011.10.17 15:54:50.273,0.85467,0.85483,1.05,2.03
2011.10.17 15:54:52.287,0.85467,0.85483,1.80,2.03
2011.10.17 15:54:52.749,0.85467,0.85485,1.80,2.40
2011.10.17 15:54:52.991,0.85467,0.85484,1.05,2.78
2011.10.17 15:54:53.361,0.85459,0.85478,3.88,1.43
2011.10.17 15:54:53.489,0.85459,0.85478,3.00,1.43
2011.10.17 15:54:53.614,0.85459,0.85479,2.63,1.80
2011.10.17 15:54:53.858,0.85456,0.85478,3.73,1.43
2011.10.17 15:54:54.201,0.85458,0.85478,1.35,1.43
2011.10.17 15:54:57.400,0.85459,0.85478,1.35,1.43
2011.10.17 15:54:57.749,0.8546,0.85482,1.63,2.78
2011.10.17 15:54:58.464,0.85459,0.8548,2.01,1.50
2011.10.17 15:54:58.934,0.85459,0.8548,1.63,1.50
2011.10.17 15:54:59.545,0.85456,0.85479,2.83,1.43
2011.10.17 15:55:00.033,0.85457,0.85476,1.71,1.35
2011.10.17 15:55:00.949,0.85455,0.85477,2.61,1.50
2011.10.17 15:55:01.539,0.85455,0.85477,3.36,1.50
2011.10.17 15:55:01.901,0.85459,0.85479,1.43,1.50
2011.10.17 15:55:02.130,0.85459,0.85481,1.43,1.88
2011.10.17 15:55:03.335,0.85458,0.85481,1.43,1.88
2011.10.17 15:55:03.472,0.85456,0.85478,2.83,1.50
2011.10.17 15:55:04.075,0.85456,0.85478,2.83,1.50
2011.10.17 15:55:04.199,0.85456,0.85478,2.08,1.50
2011.10.17 15:55:05.312,0.85459,0.8548,1.43,1.43
2011.10.17 15:55:06.568,0.85459,0.85481,1.43,1.50
2011.10.17 15:55:06.979,0.85459,0.85481,1.43,1.50
2011.10.17 15:55:07.614,0.85459,0.85481,2.16,1.50
2011.10.17 15:55:07.749,0.85459,0.85481,1.41,1.50
2011.10.17 15:55:08.112,0.85454,0.85474,1.43,1.13
2011.10.17 15:55:08.354,0.85454,0.85471,1.43,1.50
2011.10.17 15:55:10.462,0.85454,0.85471,1.43,1.13
2011.10.17 15:55:10.942,0.85453,0.8547,1.35,1.13
2011.10.17 15:55:11.525,0.85451,0.8547,2.91,1.50
2011.10.17 15:55:12.089,0.85451,0.8547,2.18,1.13
2011.10.17 15:55:12.841,0.85454,0.8547,1.43,1.13
2011.10.17 15:55:12.959,0.85454,0.8547,1.43,1.13
2011.10.17 15:55:13.538,0.85454,0.8547,1.43,1.13
2011.10.17 15:55:13.660,0.85454,0.8547,1.43,1.13
2011.10.17 15:55:14.672,0.85453,0.85471,1.80,1.13
2011.10.17 15:55:15.030,0.85454,0.85471,1.43,1.13
2011.10.17 15:55:15.390,0.85456,0.85474,2.10,1.13
2011.10.17 15:55:16.678,0.85456,0.85474,2.10,1.13
2011.10.17 15:55:17.427,0.85457,0.85476,1.43,1.13
2011.10.17 15:55:17.797,0.85458,0.85477,1.43,1.88
2011.10.17 15:55:17.923,0.85461,0.85477,1.35,1.13
2011.10.17 15:55:18.421,0.85461,0.85478,1.35,1.13
2011.10.17 15:55:18.543,0.85458,0.85478,1.43,1.13
2011.10.17 15:55:18.788,0.85458,0.85478,1.43,1.13
2011.10.17 15:55:19.152,0.85458,0.85479,1.43,2.63
2011.10.17 15:55:21.511,0.8546,0.85479,1.43,2.63
2011.10.17 15:55:21.975,0.85461,0.85479,1.35,1.13
2011.10.17 15:55:25.063,0.85462,0.8548,1.05,1.13
2011.10.17 15:55:25.190,0.85462,0.8548,1.05,1.88
2011.10.17 15:55:25.427,0.85463,0.85482,1.43,1.88
2011.10.17 15:55:26.489,0.85463,0.85482,1.43,1.88
2011.10.17 15:55:26.972,0.85463,0.85481,1.05,1.50
2011.10.17 15:55:27.200,0.85463,0.85481,1.80,1.13
2011.10.17 15:55:27.434,0.85463,0.85481,1.05,2.63
2011.10.17 15:55:27.683,0.85463,0.85481,1.43,1.13
2011.10.17 15:55:27.805,0.85463,0.85482,1.80,1.50
2011.10.17 15:55:28.056,0.85466,0.85486,2.38,1.50
2011.10.17 15:55:28.182,0.85469,0.85488,1.28,1.50
2011.10.17 15:55:28.301,0.85469,0.85492,1.95,2.63
2011.10.17 15:55:28.909,0.85469,0.85493,2.53,1.43
2011.10.17 15:55:29.034,0.85471,0.85493,1.43,1.43
2011.10.17 15:55:29.165,0.85473,0.85493,1.13,1.43
2011.10.17 15:55:29.535,0.85473,0.85493,2.98,3.83
2011.10.17 15:55:29.666,0.85473,0.8549,1.48,1.13
2011.10.17 15:55:30.033,0.85472,0.85492,1.18,1.13
2011.10.17 15:55:30.525,0.85471,0.8549,1.65,1.13
2011.10.17 15:55:30.990,0.8547,0.8549,1.26,1.13
2011.10.17 15:55:31.116,0.85469,0.8549,1.35,4.58
2011.10.17 15:55:31.363,0.85467,0.85487,2.66,1.13
2011.10.17 15:55:31.494,0.85467,0.85488,2.06,1.13
2011.10.17 15:55:31.626,0.85467,0.85486,1.35,1.13
2011.10.17 15:55:31.995,0.85476,0.85494,1.05,1.88
2011.10.17 15:55:32.360,0.85479,0.85496,1.05,2.25
2011.10.17 15:55:32.727,0.85479,0.85497,1.80,1.88
2011.10.17 15:55:33.105,0.85488,0.85506,2.10,1.88
2011.10.17 15:55:33.234,0.8549,0.85509,1.43,1.50
2011.10.17 15:55:33.601,0.85496,0.85514,1.50,1.43
2011.10.17 15:55:33.724,0.85499,0.85514,1.43,1.43
2011.10.17 15:55:34.091,0.85501,0.85514,1.43,1.13
2011.10.17 15:55:34.633,0.85501,0.85514,1.43,1.13
2011.10.17 15:55:35.478,0.85501,0.85515,1.43,1.13
2011.10.17 15:55:36.081,0.855,0.85515,2.10,1.13
2011.10.17 15:55:37.028,0.85498,0.85513,1.43,1.13
2011.10.17 15:55:37.511,0.85496,0.85514,2.10,2.48
2011.10.17 15:55:37.980,0.85498,0.85514,1.43,1.73
2011.10.17 15:55:38.582,0.85498,0.85514,1.43,1.13
2011.10.17 15:55:38.831,0.85498,0.85514,1.43,1.13
2011.10.17 15:55:39.310,0.85498,0.85514,1.43,1.13
2011.10.17 15:55:39.909,0.85498,0.85515,1.43,1.13
2011.10.17 15:55:40.418,0.85498,0.85515,1.43,1.13
2011.10.17 15:55:42.113,0.85498,0.85515,1.43,1.13
2011.10.17 15:55:42.691,0.855,0.85515,1.43,1.13
2011.10.17 15:55:43.049,0.85501,0.85516,1.43,1.13
2011.10.17 15:55:43.292,0.85501,0.85516,1.43,1.13
2011.10.17 15:55:43.656,0.85504,0.85517,1.35,1.13
2011.10.17 15:55:44.100,0.85504,0.85523,2.10,5.03
2011.10.17 15:55:44.224,0.85504,0.85519,2.10,1.13
2011.10.17 15:55:44.579,0.85502,0.85519,1.43,1.13
2011.10.17 15:55:45.140,0.85502,0.85518,1.43,1.13
2011.10.17 15:55:45.728,0.85502,0.8552,1.43,1.13
2011.10.17 15:55:53.256,0.85502,0.8552,1.43,1.13
2011.10.17 15:55:53.710,0.85497,0.85516,2.18,1.13
2011.10.17 15:55:54.206,0.85504,0.85518,1.35,1.50
2011.10.17 15:55:54.360,0.85506,0.85527,1.33,1.88
2011.10.17 15:55:54.847,0.85505,0.85527,1.43,2.25
2011.10.17 15:55:55.450,0.85505,0.85522,1.43,1.13
2011.10.17 15:55:55.798,0.85505,0.85522,1.43,1.13
2011.10.17 15:55:56.442,0.85506,0.85522,1.48,1.13
2011.10.17 15:55:58.310,0.85509,0.85525,1.43,1.50
2011.10.17 15:55:58.718,0.8551,0.85528,1.43,1.13
2011.10.17 15:55:58.862,0.85506,0.85525,2.16,1.50
2011.10.17 15:55:58.987,0.85506,0.85523,1.48,1.13
2011.10.17 15:55:59.115,0.85506,0.85523,1.48,1.13
2011.10.17 15:55:59.973,0.85506,0.85522,1.50,1.13
2011.10.17 15:56:00.096,0.85506,0.85522,1.50,1.13
2011.10.17 15:56:00.692,0.85508,0.85524,2.23,1.13
2011.10.17 15:56:00.815,0.85508,0.85525,1.48,1.13
2011.10.17 15:56:00.944,0.85508,0.85525,1.43,1.13
2011.10.17 15:56:01.071,0.85507,0.85525,1.48,1.13
2011.10.17 15:56:01.860,0.85506,0.85524,2.23,1.13
2011.10.17 15:56:02.439,0.85505,0.85523,1.43,1.13
2011.10.17 15:56:04.026,0.85508,0.85524,2.10,1.88
2011.10.17 15:56:04.272,0.85509,0.85527,2.53,1.13
2011.10.17 15:56:04.847,0.85509,0.85526,1.43,1.50
2011.10.17 15:56:06.688,0.85509,0.85526,1.43,1.13
2011.10.17 15:56:07.888,0.85509,0.85527,1.43,1.13
2011.10.17 15:56:13.971,0.85509,0.85527,1.43,1.88
2011.10.17 15:56:19.298,0.85509,0.85526,1.43,1.13
2011.10.17 15:56:19.883,0.85509,0.85526,1.43,1.13
2011.10.17 15:56:24.027,0.85509,0.85526,1.43,1.88
2011.10.17 15:56:25.391,0.85509,0.85527,2.16,1.13
2011.10.17 15:56:26.908,0.85509,0.85526,1.05,1.50
2011.10.17 15:56:28.538,0.85509,0.85526,1.05,1.88
2011.10.17 15:56:29.921,0.85507,0.85526,1.48,1.88
2011.10.17 15:56:30.042,0.85506,0.85526,2.16,1.88
2011.10.17 15:56:30.572,0.85506,0.85526,1.43,1.13
2011.10.17 15:56:31.819,0.85506,0.85526,1.80,1.13
2011.10.17 15:56:31.939,0.85506,0.85524,1.05,1.13
2011.10.17 15:56:33.765,0.85505,0.85524,1.43,1.13
2011.10.17 15:56:37.391,0.85506,0.85524,1.43,1.13
2011.10.17 15:56:38.500,0.85506,0.85524,1.43,1.13
2011.10.17 15:56:41.693,0.85506,0.85524,2.16,1.50
2011.10.17 15:56:42.994,0.85506,0.85524,1.80,1.50
2011.10.17 15:56:43.453,0.85506,0.85524,1.80,1.50
2011.10.17 15:56:44.758,0.85505,0.85521,1.13,1.13
2011.10.17 15:56:46.178,0.85505,0.85521,2.61,1.13
2011.10.17 15:56:48.582,0.85505,0.85521,1.88,1.13
2011.10.17 15:56:49.050,0.85505,0.85523,2.23,1.13
2011.10.17 15:56:50.395,0.85512,0.85524,1.48,1.50
2011.10.17 15:56:50.524,0.85514,0.85529,1.50,1.13
2011.10.17 15:56:50.654,0.85517,0.85529,1.88,1.13
2011.10.17 15:56:55.458,0.85517,0.85528,1.88,1.88
2011.10.17 15:56:56.649,0.85513,0.85528,1.50,1.13
2011.10.17 15:56:56.988,0.85513,0.85528,1.50,1.50
2011.10.17 15:57:00.965,0.85511,0.85527,1.86,1.13
2011.10.17 15:57:01.658,0.85511,0.85527,1.86,1.13
2011.10.17 15:57:02.400,0.85511,0.85527,1.86,1.13
2011.10.17 15:57:03.863,0.85511,0.85528,1.50,1.13
2011.10.17 15:57:04.104,0.85511,0.85525,1.48,1.13
2011.10.17 15:57:05.184,0.85511,0.85525,1.48,1.13
2011.10.17 15:57:05.319,0.85511,0.85525,1.11,1.13
2011.10.17 15:57:05.789,0.8551,0.85525,1.48,1.13
2011.10.17 15:57:05.915,0.8551,0.85525,1.86,1.13
2011.10.17 15:57:06.049,0.8551,0.85523,1.48,1.13
2011.10.17 15:57:06.848,0.85507,0.85523,7.18,1.13
2011.10.17 15:57:07.610,0.85508,0.85523,2.25,1.13
2011.10.17 15:57:08.528,0.85509,0.85523,1.50,1.13
2011.10.17 15:57:10.287,0.85509,0.85523,1.50,1.13
2011.10.17 15:57:10.740,0.85508,0.85523,2.25,1.13
2011.10.17 15:57:10.862,0.85507,0.8552,5.33,1.13
2011.10.17 15:57:11.100,0.85507,0.85516,2.55,1.13
2011.10.17 15:57:11.343,0.85504,0.85517,1.13,1.88
2011.10.17 15:57:12.115,0.85506,0.85517,1.88,1.88
2011.10.17 15:57:13.152,0.85506,0.85516,1.88,1.13
2011.10.17 15:57:13.277,0.85498,0.85512,1.13,1.13
2011.10.17 15:57:13.406,0.85497,0.85512,1.48,1.13
2011.10.17 15:57:15.026,0.85496,0.85512,3.30,1.13
2011.10.17 15:57:15.389,0.85496,0.85512,3.30,1.13
2011.10.17 15:57:15.979,0.85493,0.85509,1.13,1.88
2011.10.17 15:57:16.547,0.85497,0.85509,1.50,1.88
2011.10.17 15:57:18.459,0.85492,0.85509,1.86,1.88
2011.10.17 15:57:19.718,0.85492,0.8551,1.13,1.50
2011.10.17 15:57:20.174,0.85494,0.85513,1.35,4.50
2011.10.17 15:57:23.217,0.85496,0.85513,1.43,2.63
2011.10.17 15:57:24.165,0.85497,0.85513,2.10,2.63
2011.10.17 15:57:24.625,0.85499,0.85517,1.41,2.63
2011.10.17 15:57:24.980,0.855,0.85517,1.50,1.13
2011.10.17 15:57:26.502,0.855,0.85517,1.50,1.13
2011.10.17 15:57:26.623,0.85499,0.85517,1.43,1.13
2011.10.17 15:57:30.008,0.85499,0.85517,1.43,1.73
2011.10.17 15:57:30.616,0.85497,0.85517,2.83,2.48
2011.10.17 15:57:31.814,0.85497,0.85517,1.35,3.23
2011.10.17 15:57:33.593,0.85496,0.85514,2.55,1.13
2011.10.17 15:57:34.161,0.85496,0.85516,4.95,3.38
2011.10.17 15:57:34.279,0.85497,0.85516,2.10,1.88
2011.10.17 15:57:41.306,0.85499,0.85517,1.43,1.50
2011.10.17 15:57:44.675,0.85499,0.85517,1.43,1.50
2011.10.17 15:57:57.858,0.85499,0.85517,1.43,1.50
2011.10.17 15:57:58.635,0.85498,0.85517,1.05,2.63
2011.10.17 15:58:00.878,0.85497,0.85517,3.60,2.63
2011.10.17 15:58:02.242,0.85497,0.85515,3.23,1.88
2011.10.17 15:58:02.485,0.85497,0.85515,1.88,1.88
2011.10.17 15:58:03.578,0.85496,0.85515,3.30,1.88
2011.10.17 15:58:03.940,0.85496,0.85515,2.18,1.88
2011.10.17 15:58:04.921,0.85497,0.85516,1.13,2.63
2011.10.17 15:58:07.300,0.85497,0.85516,1.13,1.88
2011.10.17 15:58:09.688,0.85497,0.85516,1.13,1.50
2011.10.17 15:58:09.938,0.85504,0.85516,1.13,1.50
2011.10.17 15:58:10.187,0.85501,0.85523,1.86,1.80
2011.10.17 15:58:10.435,0.85502,0.85523,1.13,1.80
2011.10.17 15:58:11.077,0.85499,0.85521,2.01,1.13
2011.10.17 15:58:11.443,0.85499,0.85518,1.13,2.55
2011.10.17 15:58:11.810,0.855,0.85518,1.50,1.80
2011.10.17 15:58:12.114,0.85499,0.85518,1.13,2.55
2011.10.17 15:58:12.359,0.855,0.85518,1.88,1.43
2011.10.17 15:58:12.712,0.85499,0.85518,1.13,4.95
2011.10.17 15:58:13.116,0.855,0.85518,1.13,4.20
2011.10.17 15:58:13.981,0.855,0.85518,1.13,4.58
2011.10.17 15:58:14.569,0.85498,0.85517,1.13,1.13
2011.10.17 15:58:15.238,0.85498,0.85517,1.13,1.88
2011.10.17 15:58:15.887,0.85498,0.85517,1.13,1.50
2011.10.17 15:58:16.484,0.85498,0.85517,1.13,1.50
2011.10.17 15:58:18.302,0.85498,0.85517,1.13,1.50
2011.10.17 15:58:18.863,0.85498,0.85517,1.13,1.50
2011.10.17 15:58:19.594,0.85496,0.85516,3.13,1.88
2011.10.17 15:58:19.970,0.85499,0.85517,1.88,1.13
2011.10.17 15:58:20.879,0.85499,0.85516,1.88,1.13
2011.10.17 15:58:21.107,0.85496,0.85516,2.93,1.13
2011.10.17 15:58:21.739,0.85496,0.85515,2.93,1.50
2011.10.17 15:58:22.078,0.855,0.85516,1.13,1.50
2011.10.17 15:58:23.739,0.85502,0.85517,1.13,1.50
2011.10.17 15:58:23.859,0.85502,0.85518,1.13,2.18
2011.10.17 15:58:24.815,0.85496,0.85517,2.18,1.50
2011.10.17 15:58:25.979,0.85497,0.85517,2.25,1.50
2011.10.17 15:58:26.105,0.85503,0.85518,1.13,4.20
2011.10.17 15:58:26.459,0.85497,0.85518,1.71,4.95
2011.10.17 15:58:26.579,0.85501,0.85518,1.13,4.20
2011.10.17 15:58:26.964,0.85501,0.85518,1.13,4.20
2011.10.17 15:58:27.514,0.85502,0.85518,1.13,4.20
2011.10.17 15:58:27.765,0.855,0.85521,3.36,1.50
2011.10.17 15:58:28.335,0.85504,0.85524,2.38,2.63
2011.10.17 15:58:28.812,0.85504,0.85524,1.63,2.63
2011.10.17 15:58:29.051,0.85504,0.85524,1.43,3.38
2011.10.17 15:58:29.630,0.85505,0.85526,1.33,1.50
2011.10.17 15:58:29.969,0.85507,0.85526,2.63,1.50
2011.10.17 15:58:30.793,0.85508,0.85526,1.05,1.50
2011.10.17 15:58:30.925,0.85511,0.85532,1.80,4.20
2011.10.17 15:58:31.291,0.85514,0.85531,1.33,1.50
2011.10.17 15:58:33.423,0.85517,0.85535,1.13,3.53
2011.10.17 15:58:33.561,0.8553,0.85538,4.13,1.50
2011.10.17 15:58:33.806,0.85534,0.85549,1.13,2.18
2011.10.17 15:58:34.540,0.85532,0.85553,1.13,2.93
2011.10.17 15:58:34.660,0.85531,0.85553,1.33,2.18
2011.10.17 15:58:34.782,0.8553,0.85553,5.46,2.18
2011.10.17 15:58:35.358,0.8553,0.85553,5.46,2.18
2011.10.17 15:58:35.641,0.8553,0.85553,4.50,2.18
2011.10.17 15:58:35.905,0.85536,0.85552,4.50,1.50
2011.10.17 15:58:36.031,0.85531,0.85552,4.50,1.50
2011.10.17 15:58:36.381,0.85531,0.85552,4.50,1.50
2011.10.17 15:58:37.858,0.85531,0.85552,4.50,1.50
2011.10.17 15:58:38.102,0.85531,0.85541,4.50,2.03
2011.10.17 15:58:38.390,0.85526,0.85546,1.43,2.03
2011.10.17 15:58:38.516,0.85526,0.85546,2.55,3.38
2011.10.17 15:58:39.002,0.85526,0.85544,1.88,1.50
2011.10.17 15:58:41.859,0.85526,0.85546,3.30,4.13
2011.10.17 15:58:43.170,0.85526,0.85545,3.30,1.50
2011.10.17 15:58:44.611,0.85522,0.85542,5.08,2.78
2011.10.17 15:58:46.702,0.85525,0.85542,1.13,2.78
2011.10.17 15:58:47.048,0.85527,0.85544,2.63,2.78
2011.10.17 15:58:47.660,0.85527,0.85544,1.13,2.03
2011.10.17 15:58:47.779,0.85526,0.85547,7.80,1.50
2011.10.17 15:58:49.369,0.85526,0.85547,7.05,1.50
2011.10.17 15:58:49.491,0.85526,0.85544,1.05,1.35
2011.10.17 15:58:50.203,0.85524,0.85539,1.71,2.78
2011.10.17 15:58:50.431,0.85521,0.85539,1.50,2.78
2011.10.17 15:58:50.660,0.85524,0.85539,4.50,2.78
2011.10.17 15:58:51.238,0.85523,0.85539,1.50,2.78
2011.10.17 15:58:51.591,0.85527,0.85539,4.50,2.78
2011.10.17 15:58:51.997,0.85527,0.85542,4.50,3.45
2011.10.17 15:58:52.127,0.85527,0.85543,4.50,1.13
2011.10.17 15:58:53.082,0.85528,0.85545,4.50,2.18
2011.10.17 15:58:53.326,0.85526,0.85545,4.88,4.58
2011.10.17 15:58:53.920,0.85527,0.85542,2.63,2.78
2011.10.17 15:58:54.049,0.85529,0.85543,4.50,2.03
2011.10.17 15:58:54.641,0.85529,0.85545,4.50,4.58
2011.10.17 15:58:55.224,0.85529,0.85545,4.50,2.18
2011.10.17 15:58:55.466,0.85527,0.85544,3.00,2.40
2011.10.17 15:58:55.590,0.85527,0.85543,3.00,2.78
2011.10.17 15:58:57.139,0.85531,0.85543,4.50,2.78
2011.10.17 15:58:57.451,0.85531,0.85545,4.50,1.43
2011.10.17 15:58:59.374,0.85533,0.85546,1.13,2.18
2011.10.17 15:58:59.505,0.85537,0.85546,1.13,1.43
2011.10.17 15:58:59.872,0.85538,0.8555,1.50,1.35
2011.10.17 15:58:59.995,0.85538,0.85553,1.50,1.43
2011.10.17 15:59:00.520,0.85538,0.85555,1.13,2.10
2011.10.17 15:59:01.078,0.85538,0.85556,1.13,2.18
2011.10.17 15:59:02.491,0.85538,0.85551,1.13,2.78
2011.10.17 15:59:03.354,0.85538,0.85555,1.13,2.10
2011.10.17 15:59:06.587,0.85541,0.85555,1.13,2.10
2011.10.17 15:59:06.899,0.85547,0.85555,2.18,1.43
2011.10.17 15:59:07.030,0.85548,0.85569,1.13,1.28
2011.10.17 15:59:07.151,0.85548,0.85566,1.13,1.43
2011.10.17 15:59:07.620,0.85546,0.85566,1.13,1.80
2011.10.17 15:59:07.973,0.85546,0.85562,1.88,1.13
2011.10.17 15:59:08.572,0.85542,0.85562,1.50,1.13
2011.10.17 15:59:08.934,0.85542,0.85559,1.13,2.10
2011.10.17 15:59:09.386,0.85538,0.85559,1.13,3.60
2011.10.17 15:59:09.636,0.85537,0.85556,1.88,1.05
2011.10.17 15:59:09.764,0.85537,0.85556,2.08,1.80
2011.10.17 15:59:10.865,0.85537,0.85553,1.88,1.43
2011.10.17 15:59:11.461,0.85542,0.85556,1.13,1.43
2011.10.17 15:59:11.838,0.85544,0.8556,1.13,1.43
2011.10.17 15:59:12.087,0.85544,0.8556,1.13,1.43
2011.10.17 15:59:12.914,0.85542,0.85561,1.13,1.80
2011.10.17 15:59:13.149,0.85541,0.8556,4.48,1.43
2011.10.17 15:59:14.851,0.85543,0.85562,1.13,1.50
2011.10.17 15:59:15.873,0.85542,0.85561,1.50,1.80
2011.10.17 15:59:16.113,0.85539,0.8556,1.71,1.13
2011.10.17 15:59:16.933,0.85537,0.85557,3.21,1.05
2011.10.17 15:59:17.048,0.85537,0.85556,2.25,1.88
2011.10.17 15:59:17.288,0.85537,0.85556,3.00,1.13
2011.10.17 15:59:19.059,0.85539,0.85556,1.13,1.13
2011.10.17 15:59:20.693,0.85539,0.85557,1.13,2.55
2011.10.17 15:59:24.057,0.85537,0.85556,3.00,1.88
2011.10.17 15:59:28.447,0.85537,0.85556,2.25,1.88
2011.10.17 15:59:29.241,0.85536,0.85554,2.25,2.10
2011.10.17 15:59:29.483,0.85536,0.85554,2.25,2.10
2011.10.17 15:59:29.842,0.85532,0.85552,2.08,1.05
2011.10.17 15:59:30.182,0.85532,0.85551,1.50,1.13
2011.10.17 15:59:30.305,0.8553,0.85549,2.40,2.40
2011.10.17 15:59:30.670,0.85527,0.85548,1.88,1.13
2011.10.17 15:59:31.120,0.85527,0.85548,1.50,1.88
2011.10.17 15:59:31.724,0.85527,0.85545,1.13,1.05
2011.10.17 15:59:32.203,0.85525,0.85544,1.71,1.43
2011.10.17 15:59:32.574,0.85524,0.85541,1.13,1.43
2011.10.17 15:59:33.170,0.85524,0.85541,1.13,1.43
2011.10.17 15:59:33.810,0.85522,0.85541,2.31,1.43
2011.10.17 15:59:34.057,0.85523,0.85543,1.13,1.88
2011.10.17 15:59:34.550,0.85524,0.85543,1.50,3.15
2011.10.17 15:59:35.152,0.85526,0.85543,1.13,3.15
2011.10.17 15:59:35.389,0.85524,0.85542,1.13,1.50
2011.10.17 15:59:36.003,0.85521,0.8554,1.18,1.43
2011.10.17 15:59:36.589,0.85519,0.85539,3.21,1.43
2011.10.17 15:59:37.168,0.85523,0.85539,1.13,1.43
2011.10.17 15:59:38.891,0.85523,0.8554,1.13,1.43
2011.10.17 15:59:39.348,0.85521,0.8554,1.93,1.43
2011.10.17 15:59:39.789,0.85523,0.85541,1.13,1.43
2011.10.17 15:59:40.541,0.85524,0.85539,1.13,1.43
2011.10.17 15:59:41.121,0.85524,0.85543,1.71,3.45
2011.10.17 15:59:41.470,0.8553,0.85543,1.13,2.70
2011.10.17 15:59:41.711,0.85523,0.85543,4.48,1.43
2011.10.17 15:59:42.076,0.85524,0.85542,1.71,2.78
2011.10.17 15:59:42.310,0.85527,0.85543,1.88,2.18
2011.10.17 15:59:43.017,0.85527,0.85543,1.88,4.20
2011.10.17 15:59:43.258,0.85527,0.85543,1.88,2.18
2011.10.17 15:59:45.032,0.85527,0.85544,2.25,1.43
2011.10.17 15:59:45.270,0.85527,0.85544,2.25,1.43
2011.10.17 15:59:45.389,0.85527,0.85544,2.25,1.43
2011.10.17 15:59:47.897,0.85527,0.85545,2.25,2.10
2011.10.17 15:59:48.462,0.85527,0.85542,2.25,1.50
2011.10.17 15:59:48.823,0.85527,0.85541,2.25,1.50
2011.10.17 15:59:49.401,0.85527,0.85541,1.88,1.50
2011.10.17 15:59:49.761,0.85512,0.85531,1.80,1.88
2011.10.17 15:59:50.109,0.85511,0.85529,2.61,1.13
2011.10.17 15:59:50.351,0.85511,0.85529,1.13,1.50
2011.10.17 15:59:51.618,0.85516,0.85531,1.13,1.50
2011.10.17 15:59:52.412,0.85515,0.85531,1.13,1.50
2011.10.17 15:59:53.723,0.85518,0.85531,1.13,1.50
2011.10.17 15:59:53.978,0.85517,0.85531,2.63,1.50
2011.10.17 15:59:54.101,0.85517,0.8553,2.63,1.50
2011.10.17 15:59:55.220,0.85517,0.85531,2.63,1.50
2011.10.17 15:59:55.338,0.85517,0.85531,2.63,1.50
2011.10.17 15:59:55.915,0.85517,0.85531,2.25,1.50
2011.10.17 15:59:56.271,0.85517,0.85528,2.25,1.50
2011.10.17 15:59:56.736,0.85517,0.85532,2.25,2.25
2011.10.17 15:59:57.318,0.85517,0.85531,2.25,1.50
2011.10.17 15:59:58.186,0.85517,0.85531,2.25,1.50
2011.10.17 15:59:58.778,0.85517,0.85531,2.25,2.25
2011.10.17 15:59:59.345,0.85517,0.85532,2.63,2.25
2011.10.17 15:59:59.472,0.85517,0.8553,2.25,1.50
