2010.07.29 11:00:00.241,0.83185,0.83205,11.10,4.00
2010.07.29 11:00:00.492,0.83185,0.832,3.10,2.40
2010.07.29 11:00:01.322,0.8318,0.832,13.50,2.40
2010.07.29 11:00:01.642,0.8318,0.83205,11.90,16.80
2010.07.29 11:00:02.115,0.8318,0.83205,11.90,12.80
2010.07.29 11:00:02.427,0.832,0.8321,1.60,8.00
2010.07.29 11:00:03.168,0.832,0.83215,4.00,4.00
2010.07.29 11:00:03.503,0.832,0.83215,1.60,2.40
2010.07.29 11:00:05.210,0.832,0.83215,5.60,2.40
2010.07.29 11:00:05.809,0.832,0.83215,1.60,2.40
2010.07.29 11:00:07.439,0.832,0.83215,2.40,2.40
2010.07.29 11:00:08.356,0.83195,0.83215,15.10,2.40
2010.07.29 11:00:08.900,0.83195,0.83215,15.10,4.00
2010.07.29 11:00:10.810,0.832,0.83215,4.00,2.40
2010.07.29 11:00:11.209,0.832,0.83215,4.00,4.00
2010.07.29 11:00:11.980,0.832,0.83215,5.60,4.00
2010.07.29 11:00:12.211,0.83215,0.8322,1.60,7.20
2010.07.29 11:00:12.330,0.83205,0.8322,1.40,7.20
2010.07.29 11:00:12.452,0.8321,0.83225,4.70,4.80
2010.07.29 11:00:12.911,0.8321,0.83225,4.00,5.60
2010.07.29 11:00:13.038,0.8322,0.83235,1.60,8.00
2010.07.29 11:00:13.383,0.83215,0.8323,2.40,1.60
2010.07.29 11:00:14.011,0.8321,0.8323,11.10,1.60
2010.07.29 11:00:14.354,0.8321,0.83225,4.00,3.20
2010.07.29 11:00:14.615,0.83205,0.8322,4.00,7.20
2010.07.29 11:00:15.279,0.832,0.83215,8.00,3.20
2010.07.29 11:00:15.536,0.83205,0.8322,2.30,9.60
2010.07.29 11:00:15.792,0.83205,0.83225,10.30,5.60
2010.07.29 11:00:16.234,0.83205,0.83225,10.30,7.20
2010.07.29 11:00:19.099,0.83205,0.83225,6.30,11.20
2010.07.29 11:00:19.379,0.83205,0.83225,10.30,7.20
2010.07.29 11:00:20.896,0.83205,0.83225,9.60,8.80
2010.07.29 11:00:21.084,0.832,0.8322,11.10,2.40
2010.07.29 11:00:22.209,0.832,0.8322,7.10,2.40
2010.07.29 11:00:22.530,0.832,0.8322,11.10,2.40
2010.07.29 11:00:23.279,0.832,0.8322,11.10,4.00
2010.07.29 11:00:23.602,0.83205,0.83225,8.00,7.20
2010.07.29 11:00:23.850,0.83205,0.83225,15.20,2.40
2010.07.29 11:00:25.255,0.83205,0.83225,9.60,4.00
2010.07.29 11:00:25.605,0.83205,0.8322,4.00,4.00
2010.07.29 11:00:25.749,0.832,0.8322,11.10,4.00
2010.07.29 11:00:26.825,0.83205,0.8322,4.00,4.00
2010.07.29 11:00:27.036,0.8321,0.8323,1.60,12.80
2010.07.29 11:00:27.244,0.8321,0.8323,4.00,8.00
2010.07.29 11:00:27.456,0.8321,0.83225,1.60,1.60
2010.07.29 11:00:28.108,0.8321,0.83225,5.60,1.60
2010.07.29 11:00:28.432,0.8321,0.83225,9.60,1.60
2010.07.29 11:00:28.752,0.8322,0.8323,1.60,4.00
2010.07.29 11:00:29.501,0.83215,0.8324,11.90,16.00
2010.07.29 11:00:29.781,0.8321,0.8323,11.10,2.40
2010.07.29 11:00:30.060,0.83215,0.83235,1.60,12.00
2010.07.29 11:00:30.330,0.83215,0.83235,1.60,9.60
2010.07.29 11:00:31.053,0.83215,0.83235,1.60,11.20
2010.07.29 11:00:31.321,0.8321,0.83235,11.90,16.00
2010.07.29 11:00:31.544,0.83215,0.83235,3.20,12.00
2010.07.29 11:00:31.764,0.83215,0.83235,2.30,16.80
2010.07.29 11:00:32.233,0.83215,0.8323,1.60,1.60
2010.07.29 11:00:32.553,0.8321,0.83225,5.60,2.40
2010.07.29 11:00:32.872,0.83205,0.83225,9.50,4.80
2010.07.29 11:00:33.193,0.832,0.8322,9.60,4.80
2010.07.29 11:00:33.512,0.832,0.8322,10.40,3.20
2010.07.29 11:00:34.058,0.832,0.8322,10.40,1.00
2010.07.29 11:00:34.364,0.83205,0.8322,9.60,1.00
2010.07.29 11:00:34.829,0.83205,0.8322,11.20,1.00
2010.07.29 11:00:35.060,0.83205,0.8322,12.80,1.00
2010.07.29 11:00:35.663,0.83205,0.8323,10.40,16.00
2010.07.29 11:00:35.809,0.83205,0.83225,12.00,1.60
2010.07.29 11:00:35.949,0.83205,0.83225,8.00,5.60
2010.07.29 11:00:37.614,0.83205,0.8323,13.60,16.00
2010.07.29 11:00:38.519,0.83205,0.8323,12.80,17.60
2010.07.29 11:00:39.764,0.8321,0.8323,1.60,11.20
2010.07.29 11:00:39.891,0.8321,0.8323,1.60,12.80
2010.07.29 11:00:40.139,0.8321,0.8323,2.40,11.20
2010.07.29 11:00:40.259,0.8321,0.8323,6.40,7.20
2010.07.29 11:00:41.002,0.8321,0.8323,6.40,3.20
2010.07.29 11:00:41.130,0.8321,0.8323,6.40,7.20
2010.07.29 11:00:41.711,0.8321,0.8323,6.40,1.60
2010.07.29 11:00:42.012,0.8321,0.8323,2.40,9.60
2010.07.29 11:00:42.530,0.8321,0.8323,2.40,11.20
2010.07.29 11:00:43.089,0.8321,0.8323,6.40,11.20
2010.07.29 11:00:43.372,0.83205,0.8323,16.70,13.60
2010.07.29 11:00:44.059,0.8321,0.83225,2.40,7.20
2010.07.29 11:00:44.292,0.8321,0.8323,6.40,3.20
2010.07.29 11:00:45.559,0.8321,0.8323,6.40,7.20
2010.07.29 11:00:45.939,0.8321,0.8323,6.40,3.20
2010.07.29 11:00:46.130,0.8321,0.8323,6.40,7.20
2010.07.29 11:00:46.573,0.8321,0.8323,6.40,3.20
2010.07.29 11:00:47.829,0.8321,0.8323,10.40,3.20
2010.07.29 11:00:49.170,0.8321,0.8323,6.40,3.20
2010.07.29 11:00:49.360,0.8321,0.8323,6.40,7.20
2010.07.29 11:00:51.110,0.8321,0.8323,6.40,3.20
2010.07.29 11:00:51.290,0.8321,0.8323,4.00,12.00
2010.07.29 11:00:51.511,0.8321,0.8323,2.40,12.80
2010.07.29 11:00:51.741,0.8321,0.8323,10.40,3.20
2010.07.29 11:00:52.770,0.8321,0.83225,9.60,1.60
2010.07.29 11:00:53.255,0.8321,0.83225,1.60,1.60
2010.07.29 11:00:53.445,0.83205,0.83225,10.40,1.60
2010.07.29 11:00:55.870,0.83205,0.83225,10.40,4.00
2010.07.29 11:00:56.100,0.83205,0.83225,10.40,5.60
2010.07.29 11:00:57.402,0.8321,0.83225,2.40,1.60
2010.07.29 11:00:57.701,0.8321,0.8323,2.40,13.60
2010.07.29 11:00:59.586,0.8321,0.83225,2.40,4.00
2010.07.29 11:00:59.712,0.83205,0.83225,11.10,4.00
2010.07.29 11:00:59.830,0.83205,0.83225,12.70,4.00
2010.07.29 11:01:00.099,0.83205,0.83225,14.30,4.00
2010.07.29 11:01:00.250,0.83205,0.83225,14.30,2.40
2010.07.29 11:01:00.991,0.83205,0.83225,12.70,2.40
2010.07.29 11:01:01.841,0.83205,0.83225,14.30,2.40
2010.07.29 11:01:03.654,0.83205,0.83225,12.70,3.20
2010.07.29 11:01:05.953,0.83205,0.83225,14.30,3.20
2010.07.29 11:01:06.591,0.83205,0.83225,13.50,3.20
2010.07.29 11:01:06.811,0.83205,0.83225,4.80,11.20
2010.07.29 11:01:07.029,0.83205,0.83225,3.20,11.20
2010.07.29 11:01:07.321,0.83205,0.83225,4.00,11.20
2010.07.29 11:01:08.138,0.8321,0.83225,2.40,11.20
2010.07.29 11:01:08.240,0.8321,0.83225,2.40,8.80
2010.07.29 11:01:08.342,0.83205,0.83225,7.10,8.00
2010.07.29 11:01:09.033,0.83205,0.83225,4.00,8.80
2010.07.29 11:01:09.386,0.83205,0.8322,4.00,4.00
2010.07.29 11:01:09.732,0.83205,0.83225,8.00,4.80
2010.07.29 11:01:10.786,0.83215,0.83225,2.40,4.80
2010.07.29 11:01:11.084,0.83205,0.8323,15.10,12.80
2010.07.29 11:01:11.332,0.83205,0.8323,16.70,15.20
2010.07.29 11:01:11.580,0.83205,0.83225,12.70,4.00
2010.07.29 11:01:11.820,0.83205,0.8323,16.70,15.20
2010.07.29 11:01:12.485,0.83205,0.8323,11.90,16.00
2010.07.29 11:01:13.430,0.83205,0.83225,11.10,1.60
2010.07.29 11:01:13.671,0.83205,0.83225,1.60,11.20
2010.07.29 11:01:13.890,0.832,0.83225,15.10,12.80
2010.07.29 11:01:14.109,0.832,0.83225,15.10,11.20
2010.07.29 11:01:14.975,0.832,0.8322,11.10,4.00
2010.07.29 11:01:15.210,0.83205,0.83225,1.60,11.20
2010.07.29 11:01:16.662,0.83205,0.83225,3.20,11.20
2010.07.29 11:01:19.856,0.83205,0.83225,1.60,12.80
2010.07.29 11:01:20.770,0.832,0.83225,13.50,13.60
2010.07.29 11:01:21.410,0.832,0.83225,15.10,12.80
2010.07.29 11:01:21.789,0.83205,0.83225,1.60,12.80
2010.07.29 11:01:22.031,0.83205,0.83225,5.60,7.20
2010.07.29 11:01:22.153,0.83205,0.83225,6.30,5.60
2010.07.29 11:01:22.734,0.83205,0.8322,3.20,8.00
2010.07.29 11:01:23.011,0.83205,0.8322,3.20,4.00
2010.07.29 11:01:23.291,0.83205,0.83225,3.20,11.20
2010.07.29 11:01:23.571,0.83205,0.8322,1.60,2.40
2010.07.29 11:01:24.064,0.83205,0.8322,1.60,4.80
2010.07.29 11:01:24.245,0.832,0.8322,7.20,8.00
2010.07.29 11:01:24.430,0.832,0.8322,7.20,6.40
2010.07.29 11:01:25.386,0.832,0.8322,3.20,10.40
2010.07.29 11:01:26.553,0.832,0.8322,5.60,10.40
2010.07.29 11:01:27.310,0.832,0.8322,5.60,9.60
2010.07.29 11:01:28.001,0.832,0.8322,9.60,8.00
2010.07.29 11:01:28.191,0.832,0.83225,14.30,11.20
2010.07.29 11:01:28.570,0.83205,0.83225,4.00,8.80
2010.07.29 11:01:29.227,0.83205,0.83225,9.60,4.80
2010.07.29 11:01:30.231,0.83205,0.83225,9.60,5.60
2010.07.29 11:01:31.141,0.83205,0.83225,1.60,13.60
2010.07.29 11:01:32.070,0.832,0.83225,8.70,13.60
2010.07.29 11:01:32.701,0.832,0.8322,2.30,6.40
2010.07.29 11:01:32.960,0.832,0.8322,2.30,12.80
2010.07.29 11:01:33.470,0.832,0.8322,3.90,12.00
2010.07.29 11:01:35.101,0.83205,0.8322,1.60,8.00
2010.07.29 11:01:35.260,0.83205,0.83225,5.60,8.00
2010.07.29 11:01:35.420,0.83205,0.83225,1.60,12.00
2010.07.29 11:01:35.579,0.832,0.83225,8.70,12.00
2010.07.29 11:01:35.730,0.832,0.83225,8.70,13.60
2010.07.29 11:01:36.268,0.83205,0.83225,1.60,13.60
2010.07.29 11:01:36.553,0.832,0.83225,12.70,13.60
2010.07.29 11:01:40.599,0.83205,0.83225,1.60,13.60
2010.07.29 11:01:41.149,0.83205,0.83225,1.60,12.00
2010.07.29 11:01:41.252,0.83205,0.8322,1.60,4.00
2010.07.29 11:01:41.441,0.83205,0.83225,5.60,9.60
2010.07.29 11:01:41.630,0.83205,0.83225,1.60,13.60
2010.07.29 11:01:42.700,0.83205,0.83225,8.00,7.20
2010.07.29 11:01:42.960,0.83205,0.8323,9.60,14.40
2010.07.29 11:01:43.221,0.83205,0.8323,16.70,14.40
2010.07.29 11:01:43.480,0.8321,0.8323,1.60,14.40
2010.07.29 11:01:44.246,0.83215,0.8324,13.60,14.40
2010.07.29 11:01:44.591,0.83215,0.8324,15.10,14.40
2010.07.29 11:01:44.771,0.83215,0.83235,11.20,2.40
2010.07.29 11:01:45.243,0.83215,0.83235,12.80,2.40
2010.07.29 11:01:45.426,0.83215,0.83235,8.80,6.40
2010.07.29 11:01:45.942,0.83215,0.83235,13.60,1.00
2010.07.29 11:01:46.272,0.83215,0.8324,15.10,14.40
2010.07.29 11:01:47.111,0.8322,0.8324,1.60,14.40
2010.07.29 11:01:47.199,0.83215,0.8324,15.10,14.40
2010.07.29 11:01:47.639,0.8322,0.8324,1.60,14.40
2010.07.29 11:01:47.721,0.8322,0.8324,3.20,13.60
2010.07.29 11:01:47.840,0.8322,0.8324,3.90,12.80
2010.07.29 11:01:47.960,0.8322,0.8324,7.90,12.00
2010.07.29 11:01:48.081,0.8322,0.8324,7.90,5.60
2010.07.29 11:01:48.200,0.83225,0.8324,1.60,4.00
2010.07.29 11:01:48.763,0.83225,0.83245,6.30,8.00
2010.07.29 11:01:49.055,0.8322,0.8324,9.50,4.00
2010.07.29 11:01:49.971,0.8322,0.8324,7.10,8.00
2010.07.29 11:01:50.221,0.8322,0.8324,6.30,8.00
2010.07.29 11:01:50.855,0.8322,0.8324,10.30,6.40
2010.07.29 11:01:51.031,0.8322,0.8324,6.30,8.00
2010.07.29 11:01:51.209,0.8322,0.8324,2.30,12.00
2010.07.29 11:01:51.719,0.8322,0.8324,6.30,8.00
2010.07.29 11:01:51.890,0.8322,0.8324,2.30,12.00
2010.07.29 11:01:54.470,0.8322,0.8324,6.30,8.00
2010.07.29 11:01:56.539,0.83225,0.8324,1.60,6.40
2010.07.29 11:01:56.741,0.83225,0.83245,7.20,5.60
2010.07.29 11:01:57.257,0.83225,0.83245,12.80,1.60
2010.07.29 11:01:57.463,0.83225,0.8325,15.10,16.00
2010.07.29 11:01:57.731,0.83225,0.83245,14.30,1.60
2010.07.29 11:01:58.962,0.83225,0.83245,8.00,7.20
2010.07.29 11:01:59.164,0.8322,0.8324,2.30,12.00
2010.07.29 11:01:59.362,0.8322,0.8324,2.30,12.80
2010.07.29 11:02:00.086,0.8322,0.8324,1.60,12.80
2010.07.29 11:02:00.285,0.8322,0.8324,1.60,13.60
2010.07.29 11:02:00.880,0.8322,0.8324,1.60,14.40
2010.07.29 11:02:01.182,0.8322,0.8324,1.60,13.60
2010.07.29 11:02:01.481,0.8322,0.8324,1.60,12.80
2010.07.29 11:02:01.640,0.83215,0.8324,16.70,14.40
2010.07.29 11:02:01.800,0.83215,0.8324,15.10,15.20
2010.07.29 11:02:02.328,0.83215,0.8324,13.50,15.20
2010.07.29 11:02:02.582,0.83215,0.83235,12.70,2.40
2010.07.29 11:02:03.079,0.83215,0.83235,14.30,2.40
2010.07.29 11:02:03.332,0.83225,0.83235,4.00,2.40
2010.07.29 11:02:03.591,0.83225,0.8324,1.60,1.60
2010.07.29 11:02:04.310,0.8322,0.83245,12.70,16.00
2010.07.29 11:02:04.889,0.83225,0.83245,1.60,13.60
2010.07.29 11:02:05.210,0.8322,0.8324,10.30,2.40
2010.07.29 11:02:05.691,0.8322,0.8324,10.30,4.00
2010.07.29 11:02:05.806,0.83215,0.83235,11.90,1.60
2010.07.29 11:02:05.911,0.8322,0.83235,4.00,1.60
2010.07.29 11:02:06.121,0.83215,0.83235,9.60,3.20
2010.07.29 11:02:07.494,0.83215,0.83235,9.60,4.80
2010.07.29 11:02:07.800,0.8322,0.83235,4.00,1.60
2010.07.29 11:02:08.342,0.8322,0.83235,4.00,3.20
2010.07.29 11:02:08.480,0.8322,0.83235,4.00,1.60
2010.07.29 11:02:08.620,0.8322,0.83235,4.00,4.00
2010.07.29 11:02:08.760,0.8322,0.83235,4.00,7.20
2010.07.29 11:02:09.282,0.8322,0.83235,4.00,5.60
2010.07.29 11:02:09.622,0.8322,0.83225,4.00,2.40
2010.07.29 11:02:09.957,0.83205,0.8322,1.60,1.60
2010.07.29 11:02:10.211,0.83205,0.8322,1.60,3.20
2010.07.29 11:02:10.926,0.83205,0.8322,1.60,7.20
2010.07.29 11:02:11.492,0.83205,0.8322,1.60,3.20
2010.07.29 11:02:12.112,0.8321,0.8322,1.60,3.20
2010.07.29 11:02:12.241,0.8321,0.8322,2.30,1.60
2010.07.29 11:02:12.781,0.8321,0.83225,11.90,1.00
2010.07.29 11:02:12.912,0.8321,0.83235,15.10,15.20
2010.07.29 11:02:14.310,0.8321,0.83235,15.10,14.40
2010.07.29 11:02:14.868,0.8321,0.83235,15.10,13.60
2010.07.29 11:02:14.975,0.83215,0.83235,4.70,11.20
2010.07.29 11:02:15.070,0.83215,0.8323,1.00,4.00
2010.07.29 11:02:15.260,0.83215,0.8323,1.00,10.40
2010.07.29 11:02:15.351,0.83215,0.8323,1.00,14.40
2010.07.29 11:02:15.691,0.83205,0.83225,4.70,8.00
2010.07.29 11:02:16.288,0.8321,0.83225,6.30,8.00
2010.07.29 11:02:16.633,0.8321,0.83235,14.30,14.40
2010.07.29 11:02:17.044,0.8321,0.83235,14.30,12.80
2010.07.29 11:02:20.661,0.8321,0.8323,11.90,1.60
2010.07.29 11:02:21.930,0.83215,0.8323,1.60,1.60
2010.07.29 11:02:23.741,0.8321,0.8323,12.70,1.60
2010.07.29 11:02:23.919,0.83215,0.83235,1.60,16.00
2010.07.29 11:02:24.090,0.83215,0.83235,3.20,16.00
2010.07.29 11:02:24.262,0.83215,0.83235,8.70,7.20
2010.07.29 11:02:24.832,0.83215,0.83235,7.10,4.00
2010.07.29 11:02:25.056,0.83215,0.83235,5.50,11.20
2010.07.29 11:02:25.283,0.8321,0.83235,12.70,20.80
2010.07.29 11:02:25.504,0.8321,0.83235,12.70,19.20
2010.07.29 11:02:26.171,0.8321,0.83235,11.10,20.80
2010.07.29 11:02:26.472,0.8321,0.8323,11.10,3.20
2010.07.29 11:02:27.363,0.8321,0.8323,11.10,1.60
2010.07.29 11:02:27.661,0.8321,0.8323,8.70,1.60
2010.07.29 11:02:28.339,0.8321,0.83235,10.30,20.80
2010.07.29 11:02:28.679,0.8321,0.83235,11.90,20.80
2010.07.29 11:02:29.190,0.8321,0.83235,11.90,19.20
2010.07.29 11:02:29.829,0.8321,0.83235,7.90,19.20
2010.07.29 11:02:29.999,0.8321,0.83235,11.90,19.20
2010.07.29 11:02:31.589,0.8321,0.8323,10.30,1.60
2010.07.29 11:02:32.341,0.8321,0.83235,11.90,19.20
2010.07.29 11:02:32.459,0.8321,0.8323,10.30,1.60
2010.07.29 11:02:32.989,0.8321,0.8323,8.70,5.60
2010.07.29 11:02:33.581,0.8321,0.8323,8.70,1.60
2010.07.29 11:02:34.403,0.8321,0.83235,13.50,17.60
2010.07.29 11:02:35.017,0.8321,0.83235,13.50,13.60
2010.07.29 11:02:35.292,0.83215,0.83235,1.50,12.80
2010.07.29 11:02:35.572,0.83215,0.83235,7.10,8.00
2010.07.29 11:02:35.781,0.8322,0.8324,4.70,3.20
2010.07.29 11:02:36.202,0.8322,0.8324,4.70,4.00
2010.07.29 11:02:36.410,0.8322,0.8324,4.70,7.20
2010.07.29 11:02:37.047,0.83215,0.83235,5.60,6.40
2010.07.29 11:02:37.240,0.83215,0.83235,1.60,13.60
2010.07.29 11:02:37.440,0.8321,0.83235,13.50,16.00
2010.07.29 11:02:37.640,0.8321,0.83235,13.50,17.60
2010.07.29 11:02:38.883,0.8322,0.83235,1.60,14.40
2010.07.29 11:02:39.062,0.8322,0.83235,1.60,2.40
2010.07.29 11:02:39.241,0.8322,0.8324,1.60,11.20
2010.07.29 11:02:39.591,0.8322,0.8324,2.30,9.60
2010.07.29 11:02:39.770,0.8322,0.8324,3.10,9.60
2010.07.29 11:02:40.376,0.8322,0.8324,3.10,8.00
2010.07.29 11:02:40.550,0.8322,0.8324,3.10,9.60
2010.07.29 11:02:42.729,0.8322,0.8324,7.10,5.60
2010.07.29 11:02:45.060,0.8322,0.8324,7.10,1.60
2010.07.29 11:02:45.551,0.83225,0.8324,1.60,1.60
2010.07.29 11:02:46.059,0.8322,0.8324,11.90,1.60
2010.07.29 11:02:46.384,0.8323,0.83245,1.60,5.60
2010.07.29 11:02:46.580,0.8323,0.8325,1.60,14.40
2010.07.29 11:02:46.780,0.8323,0.8325,5.60,8.80
2010.07.29 11:02:46.980,0.8323,0.8325,6.40,6.40
2010.07.29 11:02:49.021,0.8323,0.8325,4.00,9.60
2010.07.29 11:02:49.140,0.8323,0.8325,2.40,11.20
2010.07.29 11:02:50.772,0.8323,0.8325,2.40,10.40
2010.07.29 11:02:51.870,0.83225,0.83245,15.10,1.60
2010.07.29 11:02:52.001,0.83225,0.83245,11.10,5.60
2010.07.29 11:02:52.548,0.83225,0.83245,5.60,8.80
2010.07.29 11:02:52.793,0.8322,0.83245,11.90,12.80
2010.07.29 11:02:53.031,0.83225,0.83245,2.40,10.40
2010.07.29 11:02:53.411,0.83225,0.8324,2.40,4.00
2010.07.29 11:02:53.690,0.83225,0.83245,2.40,10.40
2010.07.29 11:02:53.971,0.83225,0.8324,2.40,4.00
2010.07.29 11:02:54.675,0.83225,0.83245,2.40,10.40
2010.07.29 11:02:54.811,0.83225,0.8324,4.00,4.00
2010.07.29 11:02:56.688,0.83225,0.8324,4.70,4.00
2010.07.29 11:02:56.901,0.8323,0.8325,1.60,12.80
2010.07.29 11:02:59.700,0.83225,0.8325,15.10,13.60
2010.07.29 11:02:59.891,0.83225,0.83245,13.50,1.60
2010.07.29 11:03:00.084,0.83225,0.8324,3.10,4.00
2010.07.29 11:03:00.261,0.83225,0.83245,1.00,15.20
2010.07.29 11:03:00.800,0.8322,0.8324,3.90,4.00
2010.07.29 11:03:00.984,0.8322,0.8324,3.10,5.60
2010.07.29 11:03:01.240,0.8322,0.8324,3.10,9.60
2010.07.29 11:03:05.230,0.83225,0.8324,2.40,9.60
2010.07.29 11:03:05.330,0.83225,0.8324,2.40,4.00
2010.07.29 11:03:05.451,0.83225,0.83245,2.40,12.80
2010.07.29 11:03:05.579,0.83225,0.83245,2.40,14.40
2010.07.29 11:03:06.845,0.8322,0.8324,2.30,12.00
2010.07.29 11:03:08.961,0.8322,0.8324,3.10,12.00
2010.07.29 11:03:09.162,0.8322,0.8324,1.00,13.60
2010.07.29 11:03:09.727,0.83215,0.8324,15.30,15.20
2010.07.29 11:03:09.932,0.83215,0.83235,14.50,2.40
2010.07.29 11:03:10.170,0.83215,0.83235,12.10,2.40
2010.07.29 11:03:10.629,0.83215,0.83235,14.50,2.40
2010.07.29 11:03:11.099,0.83215,0.83235,16.10,2.40
2010.07.29 11:03:11.411,0.83215,0.83235,12.00,2.40
2010.07.29 11:03:11.852,0.83215,0.83235,10.40,2.40
2010.07.29 11:03:12.164,0.83215,0.83235,15.20,1.00
2010.07.29 11:03:12.330,0.83215,0.83235,15.20,2.40
2010.07.29 11:03:14.104,0.83215,0.83235,3.20,11.20
2010.07.29 11:03:14.391,0.83215,0.83235,7.20,11.20
2010.07.29 11:03:15.060,0.83215,0.8323,5.60,1.60
2010.07.29 11:03:15.773,0.8321,0.8323,5.60,10.40
2010.07.29 11:03:15.880,0.8321,0.8323,5.60,14.40
2010.07.29 11:03:15.991,0.8321,0.8323,1.60,10.40
2010.07.29 11:03:16.100,0.8321,0.8323,5.60,10.40
2010.07.29 11:03:16.780,0.8321,0.8323,5.60,14.40
2010.07.29 11:03:17.517,0.8321,0.8323,1.60,14.40
2010.07.29 11:03:18.531,0.83205,0.8323,11.90,16.00
2010.07.29 11:03:18.730,0.83205,0.83225,11.90,4.00
2010.07.29 11:03:18.930,0.83205,0.83225,11.90,5.60
2010.07.29 11:03:19.473,0.83205,0.83225,11.10,7.20
2010.07.29 11:03:23.971,0.83205,0.83225,11.90,5.60
2010.07.29 11:03:24.531,0.83205,0.83225,11.10,7.20
2010.07.29 11:03:27.031,0.83205,0.83225,11.10,4.80
2010.07.29 11:03:27.805,0.8321,0.83235,12.70,19.20
2010.07.29 11:03:28.132,0.8321,0.83235,12.70,17.60
2010.07.29 11:03:28.903,0.8321,0.83235,13.50,17.60
2010.07.29 11:03:31.128,0.8321,0.8323,10.30,4.00
2010.07.29 11:03:31.673,0.8321,0.8323,6.30,8.00
2010.07.29 11:03:31.893,0.8321,0.83235,13.50,16.80
2010.07.29 11:03:32.103,0.8321,0.8323,13.50,2.40
2010.07.29 11:03:32.877,0.8321,0.8323,11.90,2.40
2010.07.29 11:03:33.459,0.8321,0.8323,13.50,2.40
2010.07.29 11:03:35.040,0.8321,0.8323,11.90,4.00
2010.07.29 11:03:35.230,0.8321,0.8323,11.90,2.40
2010.07.29 11:03:35.422,0.8321,0.8323,7.90,2.40
2010.07.29 11:03:35.610,0.8321,0.83235,7.90,16.80
2010.07.29 11:03:36.221,0.83215,0.8323,1.60,2.40
2010.07.29 11:03:37.091,0.8321,0.8323,11.90,2.40
2010.07.29 11:03:39.940,0.8321,0.8323,13.50,2.40
2010.07.29 11:03:40.220,0.83215,0.8323,1.60,2.40
2010.07.29 11:03:41.060,0.8321,0.8323,11.10,2.40
2010.07.29 11:03:41.973,0.83215,0.8323,2.30,4.00
2010.07.29 11:03:42.150,0.8321,0.8323,11.10,4.00
2010.07.29 11:03:42.492,0.8321,0.8323,7.10,6.40
2010.07.29 11:03:43.277,0.8321,0.8323,8.00,5.60
2010.07.29 11:03:43.760,0.8321,0.8323,8.70,5.60
2010.07.29 11:03:44.642,0.8321,0.8323,10.30,4.00
2010.07.29 11:03:44.910,0.8321,0.83225,8.70,1.60
2010.07.29 11:03:45.633,0.8321,0.8323,4.00,9.60
2010.07.29 11:03:45.972,0.83215,0.8323,1.60,6.40
2010.07.29 11:03:46.699,0.83215,0.8323,1.60,2.40
2010.07.29 11:03:47.046,0.83215,0.8324,12.70,15.20
2010.07.29 11:03:47.383,0.83215,0.83235,11.10,1.60
2010.07.29 11:03:47.721,0.83215,0.83235,13.50,1.60
2010.07.29 11:03:48.482,0.8322,0.8324,2.40,11.20
2010.07.29 11:03:48.833,0.8321,0.83235,15.10,16.80
2010.07.29 11:03:49.319,0.8321,0.83235,12.70,19.20
2010.07.29 11:03:49.546,0.8321,0.83225,10.30,2.40
2010.07.29 11:03:49.776,0.8321,0.83225,4.70,2.40
2010.07.29 11:03:50.660,0.83215,0.8323,4.00,4.00
2010.07.29 11:03:51.398,0.8321,0.8323,11.10,2.40
2010.07.29 11:03:52.502,0.83215,0.8323,1.60,2.40
2010.07.29 11:03:53.144,0.83215,0.83235,9.60,8.00
2010.07.29 11:03:53.330,0.83215,0.83235,1.60,8.00
2010.07.29 11:03:53.520,0.83215,0.83235,9.60,4.00
2010.07.29 11:03:53.994,0.83215,0.83235,9.60,8.00
2010.07.29 11:03:54.330,0.83215,0.83235,5.60,8.00
2010.07.29 11:03:54.670,0.83215,0.83235,5.60,6.40
2010.07.29 11:03:55.012,0.83215,0.83235,8.00,7.20
2010.07.29 11:03:55.332,0.83215,0.83235,1.60,12.80
2010.07.29 11:03:56.073,0.8321,0.8323,11.10,1.60
2010.07.29 11:03:56.322,0.83215,0.8323,8.00,1.60
2010.07.29 11:03:56.775,0.83215,0.8323,9.60,1.60
2010.07.29 11:03:57.023,0.83215,0.83235,11.20,2.40
2010.07.29 11:03:57.270,0.83215,0.83235,9.60,2.40
2010.07.29 11:03:57.730,0.83215,0.83235,11.20,2.40
2010.07.29 11:04:00.840,0.83215,0.83235,9.60,2.40
2010.07.29 11:04:01.179,0.83215,0.83235,9.60,4.00
2010.07.29 11:04:02.412,0.83215,0.83235,11.10,3.20
2010.07.29 11:04:03.400,0.83215,0.83235,13.50,3.20
2010.07.29 11:04:04.022,0.83215,0.83235,15.10,1.60
2010.07.29 11:04:05.620,0.8322,0.83235,2.40,1.60
2010.07.29 11:04:05.931,0.8322,0.8324,6.40,2.40
2010.07.29 11:04:06.665,0.8322,0.8324,4.00,3.20
2010.07.29 11:04:06.976,0.8322,0.8324,7.10,1.60
2010.07.29 11:04:07.582,0.8322,0.8324,6.30,3.20
2010.07.29 11:04:07.876,0.8322,0.8324,8.70,8.00
2010.07.29 11:04:08.593,0.8322,0.8324,8.70,5.60
2010.07.29 11:04:10.078,0.8322,0.8324,6.30,7.20
2010.07.29 11:04:10.314,0.8322,0.8324,2.30,13.60
2010.07.29 11:04:10.543,0.8322,0.83235,1.00,4.00
2010.07.29 11:04:11.186,0.83215,0.83235,1.00,12.00
2010.07.29 11:04:11.433,0.83215,0.83235,1.60,9.60
2010.07.29 11:04:12.010,0.83215,0.83235,2.30,9.60
2010.07.29 11:04:12.773,0.83215,0.83235,6.30,5.60
2010.07.29 11:04:12.783,0.83215,0.83235,7.90,5.60
2010.07.29 11:04:16.178,0.83215,0.83235,7.90,8.00
2010.07.29 11:04:16.254,0.8321,0.83225,10.30,2.40
2010.07.29 11:04:16.394,0.8321,0.83225,9.60,1.60
2010.07.29 11:04:17.161,0.83205,0.8323,12.70,16.00
2010.07.29 11:04:17.505,0.83205,0.8323,13.50,16.00
2010.07.29 11:04:19.060,0.83205,0.83225,13.50,1.60
2010.07.29 11:04:21.161,0.83205,0.83225,11.90,1.60
2010.07.29 11:04:26.419,0.8321,0.83225,1.60,1.60
2010.07.29 11:04:26.881,0.83215,0.8323,1.60,9.60
2010.07.29 11:04:27.121,0.83215,0.8323,1.60,5.60
2010.07.29 11:04:27.780,0.83215,0.8323,1.60,1.60
2010.07.29 11:04:41.013,0.83215,0.83225,1.60,1.60
2010.07.29 11:04:42.312,0.83215,0.8323,1.60,1.60
2010.07.29 11:04:51.146,0.832,0.8322,8.00,3.20
2010.07.29 11:04:51.494,0.83205,0.83225,10.40,3.20
2010.07.29 11:04:51.692,0.83205,0.83225,11.90,3.20
2010.07.29 11:04:59.383,0.8321,0.83225,1.60,3.20
2010.07.29 11:05:03.540,0.8321,0.83225,1.60,1.60
2010.07.29 11:05:04.106,0.83215,0.83225,1.60,1.60
2010.07.29 11:05:04.264,0.8321,0.83225,7.10,1.60
2010.07.29 11:05:08.261,0.8321,0.83225,11.10,1.60
2010.07.29 11:05:10.033,0.8321,0.83225,8.00,1.60
2010.07.29 11:05:10.295,0.8321,0.8323,11.10,1.60
2010.07.29 11:05:11.425,0.83215,0.8323,1.60,1.60
2010.07.29 11:05:12.915,0.83215,0.83235,7.20,8.80
2010.07.29 11:05:17.920,0.83215,0.83235,5.60,8.80
2010.07.29 11:05:18.346,0.83215,0.83235,5.60,10.40
2010.07.29 11:05:18.535,0.83215,0.83235,8.00,7.20
2010.07.29 11:05:18.723,0.83215,0.83235,4.00,13.60
2010.07.29 11:05:18.911,0.83215,0.8323,4.00,1.60
2010.07.29 11:05:22.879,0.83215,0.8323,1.60,1.60
2010.07.29 11:05:23.303,0.83215,0.83235,1.60,15.20
2010.07.29 11:05:23.522,0.83215,0.8323,1.60,1.60
2010.07.29 11:05:24.541,0.8321,0.8323,12.70,1.60
2010.07.29 11:05:25.197,0.8321,0.8323,11.10,1.60
2010.07.29 11:05:30.000,0.8321,0.8323,12.70,1.60
2010.07.29 11:05:30.361,0.8321,0.83235,14.30,15.20
2010.07.29 11:05:30.532,0.8321,0.83235,16.70,15.20
2010.07.29 11:05:30.699,0.83215,0.83235,1.60,15.20
2010.07.29 11:05:40.084,0.83215,0.83235,12.70,1.00
2010.07.29 11:05:41.151,0.83215,0.83235,14.30,1.00
2010.07.29 11:05:44.822,0.83215,0.83235,11.90,2.40
2010.07.29 11:05:44.951,0.83215,0.8323,10.30,4.00
2010.07.29 11:05:45.084,0.83215,0.83225,4.00,1.00
2010.07.29 11:05:45.681,0.83205,0.83225,12.80,1.00
2010.07.29 11:05:46.340,0.83205,0.83225,14.40,1.00
2010.07.29 11:05:48.183,0.83205,0.83225,12.80,3.20
2010.07.29 11:05:48.371,0.83205,0.8322,8.80,2.40
2010.07.29 11:05:48.563,0.83205,0.8322,5.60,1.60
2010.07.29 11:05:48.751,0.83205,0.83225,4.00,12.00
2010.07.29 11:05:49.582,0.83205,0.83225,1.60,16.00
2010.07.29 11:05:50.169,0.83205,0.83225,3.20,14.40
2010.07.29 11:05:52.330,0.83205,0.83225,4.80,9.60
2010.07.29 11:05:52.450,0.83205,0.83225,6.40,5.60
2010.07.29 11:05:52.569,0.83205,0.83225,10.40,5.60
2010.07.29 11:05:53.650,0.83205,0.83225,14.40,5.60
2010.07.29 11:05:54.245,0.83205,0.83225,10.40,5.60
2010.07.29 11:05:54.361,0.83205,0.83225,8.80,14.40
2010.07.29 11:05:54.480,0.83205,0.83225,3.20,14.40
2010.07.29 11:05:54.721,0.83205,0.83225,3.20,13.60
2010.07.29 11:05:54.842,0.83205,0.83225,9.60,4.80
2010.07.29 11:05:54.962,0.83205,0.83225,13.60,1.00
2010.07.29 11:05:55.719,0.83205,0.83225,15.10,1.00
2010.07.29 11:05:56.402,0.8321,0.83225,1.60,1.00
2010.07.29 11:05:56.802,0.8321,0.83225,1.60,4.80
2010.07.29 11:05:57.001,0.8321,0.83225,3.20,4.80
2010.07.29 11:05:57.721,0.8321,0.83225,3.20,1.00
2010.07.29 11:05:59.051,0.83205,0.83225,11.10,4.80
2010.07.29 11:05:59.270,0.83205,0.83225,9.50,4.80
2010.07.29 11:06:00.628,0.8321,0.83225,1.60,4.80
2010.07.29 11:06:00.823,0.8321,0.83225,3.20,4.00
2010.07.29 11:06:01.013,0.8321,0.8323,12.00,1.60
2010.07.29 11:06:01.212,0.8321,0.8323,12.00,1.00
2010.07.29 11:06:02.435,0.8321,0.8323,11.20,2.40
2010.07.29 11:06:03.630,0.83215,0.8323,1.60,2.40
2010.07.29 11:06:03.790,0.83215,0.8323,1.60,1.00
2010.07.29 11:06:04.601,0.8321,0.8323,12.00,1.00
2010.07.29 11:06:05.092,0.8321,0.8323,11.20,2.40
2010.07.29 11:06:07.632,0.83215,0.8323,1.60,1.00
2010.07.29 11:06:07.921,0.83215,0.83235,1.60,17.60
2010.07.29 11:06:08.470,0.83215,0.8323,1.60,1.00
2010.07.29 11:06:12.701,0.83215,0.8323,3.20,1.00
2010.07.29 11:06:12.811,0.83215,0.8323,4.80,1.00
2010.07.29 11:06:12.923,0.83215,0.8323,6.40,1.00
2010.07.29 11:06:13.130,0.83215,0.8323,10.40,1.00
2010.07.29 11:06:13.570,0.83215,0.8323,6.40,1.00
2010.07.29 11:06:14.022,0.83215,0.8323,10.40,1.00
2010.07.29 11:06:14.468,0.83215,0.8323,14.40,1.00
2010.07.29 11:06:14.812,0.83215,0.83235,14.40,1.60
2010.07.29 11:06:15.471,0.8322,0.83235,1.60,1.60
2010.07.29 11:06:15.692,0.83215,0.83235,14.40,1.60
2010.07.29 11:06:15.912,0.8322,0.8324,4.00,13.60
2010.07.29 11:06:16.485,0.8322,0.8324,4.00,9.60
2010.07.29 11:06:16.585,0.8322,0.8324,4.00,4.00
2010.07.29 11:06:19.680,0.8322,0.8324,10.40,1.60
2010.07.29 11:06:20.154,0.8322,0.8324,12.00,1.60
2010.07.29 11:06:20.812,0.8323,0.83245,1.60,11.20
2010.07.29 11:06:21.046,0.8323,0.83245,1.60,7.20
2010.07.29 11:06:21.276,0.83225,0.83245,5.60,7.20
2010.07.29 11:06:22.384,0.83225,0.83245,1.60,12.80
2010.07.29 11:06:23.199,0.83225,0.83245,1.60,11.20
2010.07.29 11:06:23.851,0.83225,0.8324,1.60,1.60
2010.07.29 11:06:24.062,0.8322,0.8324,8.00,7.20
2010.07.29 11:06:24.271,0.83215,0.83235,12.80,1.60
2010.07.29 11:06:24.486,0.83215,0.8323,4.00,4.00
2010.07.29 11:06:24.992,0.8321,0.8323,11.10,5.60
2010.07.29 11:06:25.276,0.83215,0.8323,9.60,1.00
2010.07.29 11:06:25.551,0.83215,0.8323,9.60,2.40
2010.07.29 11:06:25.831,0.83215,0.8323,8.00,2.40
2010.07.29 11:06:26.110,0.83215,0.8323,4.00,2.40
2010.07.29 11:06:26.411,0.8321,0.8323,14.40,2.40
2010.07.29 11:06:27.342,0.8321,0.83225,8.00,2.40
2010.07.29 11:06:27.471,0.8321,0.8323,4.00,4.00
2010.07.29 11:06:27.602,0.8321,0.8323,1.60,12.00
2010.07.29 11:06:27.731,0.8321,0.8323,8.00,4.00
2010.07.29 11:06:27.861,0.8321,0.8323,1.60,11.20
2010.07.29 11:06:27.990,0.8321,0.8323,4.00,7.20
2010.07.29 11:06:28.120,0.8321,0.8323,8.00,3.20
2010.07.29 11:06:28.565,0.8321,0.8323,9.60,3.20
2010.07.29 11:06:28.841,0.8321,0.8323,13.60,3.20
2010.07.29 11:06:29.120,0.8321,0.8323,14.40,1.60
2010.07.29 11:06:30.791,0.83215,0.8323,1.60,1.60
2010.07.29 11:06:31.610,0.8321,0.8323,14.40,1.60
2010.07.29 11:06:31.759,0.8321,0.83235,16.80,11.20
2010.07.29 11:06:31.910,0.83215,0.83235,5.60,7.20
2010.07.29 11:06:34.450,0.8322,0.83235,1.60,4.00
2010.07.29 11:06:34.946,0.8323,0.8324,1.60,3.20
2010.07.29 11:06:34.992,0.8323,0.83245,1.60,9.60
2010.07.29 11:06:35.200,0.8323,0.83245,1.60,4.80
2010.07.29 11:06:35.350,0.8323,0.83245,1.60,8.80
2010.07.29 11:06:35.402,0.8323,0.8324,1.60,1.60
2010.07.29 11:06:35.913,0.8322,0.8324,3.10,9.60
2010.07.29 11:06:37.832,0.83225,0.8324,1.60,9.60
2010.07.29 11:06:38.253,0.83225,0.8324,6.30,8.00
2010.07.29 11:06:38.481,0.83225,0.83245,16.70,1.60
2010.07.29 11:06:38.940,0.8323,0.83245,1.60,1.60
2010.07.29 11:06:40.043,0.8322,0.8324,3.10,9.60
2010.07.29 11:06:40.180,0.8322,0.8324,7.10,5.60
2010.07.29 11:06:40.309,0.8322,0.8324,11.10,1.60
2010.07.29 11:06:40.440,0.8322,0.8324,10.30,1.60
2010.07.29 11:06:44.451,0.8322,0.8324,6.30,1.60
2010.07.29 11:06:46.990,0.8322,0.8324,5.60,3.20
2010.07.29 11:06:47.130,0.8322,0.8324,6.40,3.20
2010.07.29 11:06:47.570,0.8322,0.8324,8.00,1.60
2010.07.29 11:06:48.001,0.8322,0.8324,6.40,3.20
2010.07.29 11:06:48.606,0.8322,0.83245,11.10,16.80
2010.07.29 11:06:48.819,0.8322,0.83245,7.10,16.80
2010.07.29 11:06:49.262,0.8322,0.83245,6.30,18.40
2010.07.29 11:06:49.511,0.8322,0.8324,4.00,4.00
2010.07.29 11:06:50.039,0.8322,0.8324,4.00,5.60
2010.07.29 11:06:50.311,0.83215,0.8324,15.10,13.60
2010.07.29 11:06:52.284,0.8322,0.8324,1.60,11.20
2010.07.29 11:06:52.491,0.8322,0.8324,5.60,3.20
2010.07.29 11:06:53.329,0.8322,0.8324,5.60,7.20
2010.07.29 11:06:53.503,0.8322,0.8324,5.60,3.20
2010.07.29 11:06:56.520,0.8322,0.83235,4.00,1.60
2010.07.29 11:06:56.793,0.83215,0.83235,13.50,4.80
2010.07.29 11:06:57.062,0.83215,0.83235,8.70,10.40
2010.07.29 11:06:57.695,0.83215,0.83235,4.70,10.40
2010.07.29 11:06:57.880,0.83215,0.83235,1.00,14.40
2010.07.29 11:06:58.070,0.83215,0.83235,1.00,10.40
2010.07.29 11:06:58.260,0.83215,0.83235,4.70,10.40
2010.07.29 11:06:58.670,0.83215,0.83235,1.00,14.40
2010.07.29 11:06:59.220,0.83215,0.83235,4.70,10.40
2010.07.29 11:06:59.911,0.83215,0.83235,12.70,7.20
2010.07.29 11:07:00.145,0.83215,0.83235,13.50,1.60
2010.07.29 11:07:03.805,0.83215,0.83235,13.50,3.20
2010.07.29 11:07:03.980,0.83215,0.83235,11.10,4.80
2010.07.29 11:07:04.151,0.83215,0.83235,6.40,10.40
2010.07.29 11:07:04.331,0.8321,0.83235,14.40,16.00
2010.07.29 11:07:04.983,0.8321,0.8323,14.40,1.60
2010.07.29 11:07:07.249,0.8321,0.8323,13.60,1.60
2010.07.29 11:07:08.519,0.8321,0.83235,13.60,18.40
2010.07.29 11:07:10.249,0.8321,0.8323,10.40,3.20
2010.07.29 11:07:10.324,0.83205,0.8323,13.50,12.80
2010.07.29 11:07:12.715,0.8321,0.8323,4.00,10.40
2010.07.29 11:07:12.891,0.8321,0.8323,8.80,2.40
2010.07.29 11:07:13.860,0.8321,0.8323,10.40,1.60
2010.07.29 11:07:15.039,0.8321,0.8323,14.40,1.60
2010.07.29 11:07:15.162,0.8321,0.8323,13.60,1.60
2010.07.29 11:07:15.641,0.8321,0.8323,9.60,1.60
2010.07.29 11:07:15.760,0.8321,0.8323,9.60,2.40
2010.07.29 11:07:15.880,0.8321,0.8323,8.80,3.20
2010.07.29 11:07:17.891,0.8321,0.8323,11.20,1.60
2010.07.29 11:07:18.051,0.8321,0.8323,15.20,1.60
2010.07.29 11:07:19.314,0.8321,0.83235,13.60,18.40
2010.07.29 11:07:22.012,0.8321,0.83235,13.60,20.00
2010.07.29 11:07:22.330,0.8321,0.8323,13.60,1.60
2010.07.29 11:07:24.113,0.8322,0.8323,1.60,1.60
2010.07.29 11:07:24.253,0.8322,0.83235,1.60,12.80
2010.07.29 11:07:24.393,0.8322,0.83235,6.40,5.60
2010.07.29 11:07:24.940,0.8322,0.83235,6.40,1.60
2010.07.29 11:07:25.291,0.8322,0.8324,6.40,7.20
2010.07.29 11:07:29.480,0.83225,0.8324,2.40,5.60
2010.07.29 11:07:29.681,0.83225,0.83245,6.40,16.00
2010.07.29 11:07:29.882,0.83225,0.8324,2.40,1.60
2010.07.29 11:07:30.080,0.8322,0.8324,7.10,1.60
2010.07.29 11:07:30.280,0.8322,0.8324,7.10,5.60
2010.07.29 11:07:30.777,0.8322,0.8324,7.10,1.60
2010.07.29 11:07:31.200,0.8322,0.8324,7.10,5.60
2010.07.29 11:07:31.410,0.8322,0.8324,7.10,1.60
2010.07.29 11:07:31.890,0.8322,0.8324,7.10,5.60
2010.07.29 11:07:32.586,0.8322,0.8324,6.30,7.20
2010.07.29 11:07:33.030,0.8322,0.8324,7.10,5.60
2010.07.29 11:07:34.859,0.8322,0.83235,2.30,1.60
2010.07.29 11:07:35.035,0.8322,0.83235,1.60,1.60
2010.07.29 11:07:35.203,0.8322,0.83235,5.60,1.60
2010.07.29 11:07:39.704,0.8322,0.83235,1.60,1.60
2010.07.29 11:07:41.870,0.8322,0.83235,2.40,1.60
2010.07.29 11:07:45.678,0.8322,0.83235,1.60,1.60
2010.07.29 11:07:46.011,0.83215,0.83235,12.70,5.60
2010.07.29 11:07:46.595,0.8321,0.8323,13.50,1.60
2010.07.29 11:07:47.191,0.8321,0.8323,8.70,1.60
2010.07.29 11:07:47.490,0.8321,0.83225,8.70,1.60
2010.07.29 11:07:55.607,0.83215,0.8323,4.00,1.60
2010.07.29 11:07:59.320,0.83215,0.83235,4.00,15.20
2010.07.29 11:07:59.798,0.83215,0.83235,4.00,13.60
2010.07.29 11:07:59.984,0.83215,0.83235,8.00,9.60
2010.07.29 11:08:00.161,0.83215,0.83235,10.40,6.40
2010.07.29 11:08:00.621,0.83215,0.83235,11.90,4.80
2010.07.29 11:08:01.745,0.83215,0.83235,7.90,8.80
2010.07.29 11:08:01.912,0.83215,0.83235,6.40,8.00
2010.07.29 11:08:05.532,0.83215,0.83235,10.40,5.60
2010.07.29 11:08:05.702,0.83215,0.83235,10.40,4.00
2010.07.29 11:08:05.943,0.83215,0.83235,10.40,5.60
2010.07.29 11:08:06.180,0.83215,0.83235,10.40,9.60
2010.07.29 11:08:06.420,0.83215,0.83235,6.40,9.60
2010.07.29 11:08:07.157,0.83215,0.83235,10.40,5.60
2010.07.29 11:08:07.504,0.83215,0.83235,9.50,5.60
2010.07.29 11:08:07.843,0.8321,0.83235,16.00,16.00
2010.07.29 11:08:08.251,0.8321,0.83235,16.00,14.40
2010.07.29 11:08:08.452,0.8321,0.83235,14.40,14.40
2010.07.29 11:08:08.652,0.8321,0.83235,13.60,17.60
2010.07.29 11:08:08.853,0.8321,0.8323,9.60,1.60
2010.07.29 11:08:12.359,0.8321,0.8323,10.40,1.60
2010.07.29 11:08:14.601,0.8321,0.83235,13.60,20.80
2010.07.29 11:08:17.500,0.8321,0.8323,9.60,1.60
2010.07.29 11:08:17.619,0.8321,0.83235,9.60,20.80
2010.07.29 11:08:18.243,0.8321,0.83235,13.60,20.80
2010.07.29 11:08:18.373,0.83215,0.83235,1.60,18.40
2010.07.29 11:08:21.110,0.83215,0.83235,1.60,16.80
2010.07.29 11:08:21.424,0.83215,0.83235,2.40,15.20
2010.07.29 11:08:22.190,0.83215,0.83235,2.40,13.60
2010.07.29 11:08:26.530,0.83215,0.83235,2.40,12.00
2010.07.29 11:08:26.831,0.83215,0.83235,6.40,8.00
2010.07.29 11:08:27.110,0.8322,0.83235,1.60,6.40
2010.07.29 11:08:27.668,0.83225,0.83235,1.60,4.00
2010.07.29 11:08:28.029,0.83225,0.83245,4.00,15.20
2010.07.29 11:08:28.710,0.83225,0.83245,2.40,16.00
2010.07.29 11:08:31.550,0.83225,0.83245,4.00,14.40
2010.07.29 11:08:42.334,0.83225,0.83245,4.00,13.60
2010.07.29 11:08:43.760,0.83225,0.83245,5.60,11.20
2010.07.29 11:08:43.911,0.83225,0.83245,3.20,11.20
2010.07.29 11:08:44.586,0.8322,0.8324,10.40,4.00
2010.07.29 11:08:44.762,0.8322,0.8324,9.60,4.00
2010.07.29 11:08:44.942,0.8322,0.8324,9.60,5.60
2010.07.29 11:08:46.613,0.83225,0.8324,4.80,5.60
2010.07.29 11:08:46.813,0.83225,0.83245,9.60,4.80
2010.07.29 11:08:47.060,0.83225,0.83245,9.60,6.40
2010.07.29 11:08:47.311,0.83225,0.83245,1.60,14.40
2010.07.29 11:08:49.090,0.83225,0.83245,1.60,12.80
2010.07.29 11:08:53.559,0.8322,0.83245,12.80,15.20
2010.07.29 11:08:53.777,0.83215,0.83235,8.70,5.60
2010.07.29 11:08:57.020,0.83215,0.83235,11.10,3.20
2010.07.29 11:08:57.372,0.83215,0.83235,11.10,1.60
2010.07.29 11:08:58.182,0.83225,0.8324,8.00,3.20
2010.07.29 11:08:58.334,0.83225,0.8324,8.00,1.00
2010.07.29 11:08:58.480,0.83225,0.83245,8.00,10.40
2010.07.29 11:08:59.320,0.83225,0.83245,9.60,4.80
2010.07.29 11:09:02.686,0.83225,0.83245,8.00,4.80
2010.07.29 11:09:02.792,0.83225,0.83245,4.00,11.20
2010.07.29 11:09:03.131,0.8322,0.8324,12.80,3.20
2010.07.29 11:09:03.472,0.83225,0.83245,12.00,3.20
2010.07.29 11:09:03.811,0.8323,0.83245,1.60,3.20
2010.07.29 11:09:04.152,0.8323,0.83245,1.60,1.60
2010.07.29 11:09:04.925,0.8323,0.8325,4.00,14.40
2010.07.29 11:09:05.123,0.8323,0.8325,6.40,10.40
2010.07.29 11:09:05.320,0.8323,0.8325,6.40,7.20
2010.07.29 11:09:05.510,0.8323,0.8325,2.40,11.20
2010.07.29 11:09:07.297,0.8323,0.8325,1.60,11.20
2010.07.29 11:09:07.642,0.8323,0.8325,11.20,6.40
2010.07.29 11:09:08.274,0.8322,0.8324,10.30,2.40
2010.07.29 11:09:08.461,0.8322,0.8324,10.30,4.00
2010.07.29 11:09:09.312,0.8322,0.8324,15.20,1.00
2010.07.29 11:09:10.735,0.83225,0.8324,4.80,1.00
2010.07.29 11:09:10.981,0.83225,0.83245,12.80,4.80
2010.07.29 11:09:12.657,0.83225,0.83245,14.40,3.20
2010.07.29 11:09:12.933,0.83225,0.83245,10.40,7.20
2010.07.29 11:09:13.575,0.83225,0.83245,6.40,11.20
2010.07.29 11:09:13.814,0.83225,0.83245,14.40,3.20
2010.07.29 11:09:14.132,0.83225,0.83245,10.40,7.20
2010.07.29 11:09:14.916,0.83225,0.8324,4.00,2.40
2010.07.29 11:09:15.179,0.8322,0.8324,4.00,8.80
2010.07.29 11:09:15.436,0.83215,0.8323,12.80,2.40
2010.07.29 11:09:15.693,0.8321,0.8323,10.30,3.20
2010.07.29 11:09:16.399,0.8321,0.83235,13.50,16.00
2010.07.29 11:09:17.001,0.8321,0.83235,14.40,10.40
2010.07.29 11:09:17.301,0.83215,0.83235,4.00,10.40
2010.07.29 11:09:18.459,0.8322,0.8324,1.60,18.40
2010.07.29 11:09:18.657,0.8322,0.8324,1.60,12.80
2010.07.29 11:09:19.422,0.83215,0.8324,17.60,13.60
2010.07.29 11:09:19.615,0.83215,0.8324,19.20,13.60
2010.07.29 11:09:20.688,0.83215,0.83235,16.80,1.60
2010.07.29 11:09:20.954,0.83215,0.83235,12.70,3.20
2010.07.29 11:09:21.752,0.83215,0.8322,8.00,3.20
2010.07.29 11:09:22.545,0.83195,0.83215,9.50,2.40
2010.07.29 11:09:22.890,0.832,0.8322,1.60,12.80
2010.07.29 11:09:23.608,0.832,0.8322,6.40,1.60
2010.07.29 11:09:23.902,0.832,0.83225,10.40,15.20
2010.07.29 11:09:24.530,0.83205,0.83225,1.60,12.80
2010.07.29 11:09:25.288,0.83205,0.8322,8.80,3.20
2010.07.29 11:09:25.456,0.8319,0.8321,8.70,5.60
2010.07.29 11:09:25.625,0.8319,0.8321,1.60,12.00
2010.07.29 11:09:25.781,0.8319,0.8321,1.60,14.40
2010.07.29 11:09:26.268,0.8319,0.8321,1.60,15.20
2010.07.29 11:09:26.617,0.8319,0.83205,1.60,3.20
2010.07.29 11:09:26.963,0.8319,0.83205,1.60,6.40
2010.07.29 11:09:27.737,0.8318,0.832,12.70,3.20
2010.07.29 11:09:28.058,0.83185,0.832,8.00,3.20
2010.07.29 11:09:28.376,0.83185,0.832,12.70,3.20
2010.07.29 11:09:29.165,0.83185,0.83205,13.50,3.20
2010.07.29 11:09:29.811,0.83185,0.83205,12.70,3.20
2010.07.29 11:09:30.070,0.8319,0.83205,4.00,3.20
2010.07.29 11:09:30.571,0.8319,0.83205,4.00,4.80
2010.07.29 11:09:31.135,0.8319,0.83205,4.00,11.20
2010.07.29 11:09:31.285,0.83185,0.83195,4.00,1.60
2010.07.29 11:09:32.856,0.83185,0.83205,8.00,12.00
2010.07.29 11:09:33.153,0.83185,0.83205,8.00,7.20
2010.07.29 11:09:33.451,0.83185,0.83205,9.50,7.20
2010.07.29 11:09:34.602,0.83185,0.83205,9.50,5.60
2010.07.29 11:09:35.983,0.83185,0.83205,5.50,9.60
2010.07.29 11:09:37.482,0.83185,0.83205,5.50,13.60
2010.07.29 11:09:37.720,0.83185,0.83205,1.50,13.60
2010.07.29 11:09:38.640,0.83185,0.83205,1.50,15.20
2010.07.29 11:09:38.814,0.83185,0.83205,1.00,16.00
2010.07.29 11:09:38.939,0.8318,0.83205,12.70,16.00
2010.07.29 11:09:40.760,0.8318,0.83205,13.50,14.40
2010.07.29 11:09:43.891,0.83185,0.83205,3.90,9.60
2010.07.29 11:09:45.773,0.83185,0.83205,3.10,9.60
2010.07.29 11:09:46.364,0.83185,0.83205,4.70,8.00
2010.07.29 11:09:50.631,0.83185,0.83205,3.10,10.40
2010.07.29 11:09:50.741,0.83185,0.832,3.10,1.60
2010.07.29 11:09:50.851,0.83185,0.832,1.50,2.40
2010.07.29 11:09:51.133,0.8318,0.832,5.50,2.40
2010.07.29 11:09:51.411,0.8318,0.832,5.50,6.40
2010.07.29 11:09:51.691,0.8318,0.832,1.50,6.40
2010.07.29 11:09:52.216,0.8318,0.832,1.50,10.40
2010.07.29 11:09:53.501,0.8318,0.832,1.00,10.40
2010.07.29 11:09:54.741,0.8318,0.832,1.00,12.00
2010.07.29 11:10:03.354,0.8318,0.83195,1.00,1.60
2010.07.29 11:10:03.532,0.8318,0.83195,1.00,2.40
2010.07.29 11:10:03.713,0.83175,0.83195,12.70,4.00
2010.07.29 11:10:03.893,0.83175,0.83195,7.20,4.80
2010.07.29 11:10:04.354,0.83175,0.83195,7.20,8.80
2010.07.29 11:10:04.549,0.8317,0.8319,11.10,2.40
2010.07.29 11:10:04.742,0.8317,0.8319,12.70,1.60
2010.07.29 11:10:04.930,0.8317,0.83195,15.10,11.20
2010.07.29 11:10:05.122,0.8317,0.83195,13.50,12.00
2010.07.29 11:10:05.759,0.8317,0.83195,11.90,12.00
2010.07.29 11:10:06.081,0.83175,0.83195,5.60,8.00
2010.07.29 11:10:06.861,0.83175,0.83195,8.00,5.60
2010.07.29 11:10:07.042,0.83175,0.83195,12.70,1.00
2010.07.29 11:10:07.221,0.83175,0.832,12.70,12.80
2010.07.29 11:10:07.890,0.8318,0.832,1.00,12.80
2010.07.29 11:10:08.085,0.83175,0.832,13.50,13.60
2010.07.29 11:10:08.462,0.83175,0.83195,8.70,4.00
2010.07.29 11:10:09.081,0.83175,0.83195,10.30,5.60
2010.07.29 11:10:09.413,0.83175,0.832,15.10,12.80
2010.07.29 11:10:10.350,0.83175,0.83195,13.50,1.60
2010.07.29 11:10:10.571,0.83175,0.83195,13.50,3.20
2010.07.29 11:10:11.236,0.83175,0.83195,1.00,13.60
2010.07.29 11:10:11.422,0.8317,0.83195,11.90,15.20
2010.07.29 11:10:11.611,0.8317,0.83195,11.90,13.60
2010.07.29 11:10:12.974,0.83175,0.83195,1.60,11.20
2010.07.29 11:10:13.311,0.83175,0.83195,5.60,7.20
2010.07.29 11:10:15.630,0.83175,0.83195,1.60,11.20
2010.07.29 11:10:17.202,0.83175,0.83195,3.20,11.20
2010.07.29 11:10:18.029,0.83175,0.83195,1.60,11.20
2010.07.29 11:10:19.005,0.8318,0.8319,1.60,1.60
2010.07.29 11:10:19.223,0.8318,0.83195,1.60,13.60
2010.07.29 11:10:19.442,0.8318,0.83195,1.60,7.20
2010.07.29 11:10:21.151,0.8318,0.83195,1.60,1.60
2010.07.29 11:10:24.213,0.83185,0.83195,1.60,1.60
2010.07.29 11:10:30.330,0.83185,0.83195,1.60,3.20
2010.07.29 11:10:32.141,0.8318,0.83195,1.60,4.00
2010.07.29 11:10:32.862,0.83185,0.83195,1.60,3.20
2010.07.29 11:10:33.020,0.83185,0.83195,1.60,1.60
2010.07.29 11:10:43.111,0.83185,0.832,1.60,11.20
2010.07.29 11:10:43.780,0.83185,0.832,1.60,7.20
2010.07.29 11:10:46.842,0.83185,0.83195,1.60,1.60
2010.07.29 11:10:47.721,0.83185,0.832,1.60,1.60
2010.07.29 11:10:49.446,0.8319,0.83205,2.40,9.60
2010.07.29 11:10:49.631,0.8319,0.83205,2.40,7.20
2010.07.29 11:10:50.404,0.83185,0.83205,4.70,11.20
2010.07.29 11:10:51.965,0.8319,0.83205,2.40,9.60
2010.07.29 11:10:53.403,0.83185,0.83205,4.70,9.60
2010.07.29 11:10:53.855,0.83185,0.83205,2.30,11.20
2010.07.29 11:10:53.993,0.83185,0.832,2.30,1.60
2010.07.29 11:10:54.130,0.83185,0.83205,4.70,9.60
2010.07.29 11:10:54.260,0.83185,0.83205,3.10,9.60
2010.07.29 11:10:56.051,0.83185,0.83205,7.10,5.60
2010.07.29 11:10:56.995,0.8319,0.83205,4.00,9.60
2010.07.29 11:10:57.287,0.83185,0.8321,14.30,13.60
2010.07.29 11:10:57.572,0.83185,0.8321,13.50,13.60
2010.07.29 11:10:58.700,0.83185,0.8321,11.90,13.60
2010.07.29 11:10:58.975,0.83185,0.8321,11.10,13.60
2010.07.29 11:10:59.974,0.8319,0.8321,4.00,13.60
2010.07.29 11:11:00.261,0.8319,0.8321,4.00,9.60
2010.07.29 11:11:01.867,0.8319,0.8321,4.00,13.60
2010.07.29 11:11:02.032,0.83185,0.8321,13.50,13.60
2010.07.29 11:11:09.832,0.83185,0.8321,19.10,9.60
2010.07.29 11:11:10.381,0.8319,0.8321,5.60,4.80
2010.07.29 11:11:10.606,0.8319,0.8321,7.20,4.80
2010.07.29 11:11:12.793,0.8319,0.8321,5.60,7.20
2010.07.29 11:11:12.942,0.8319,0.83205,4.00,2.40
2010.07.29 11:11:13.563,0.83185,0.83205,11.20,2.40
2010.07.29 11:11:15.521,0.8319,0.83205,1.60,6.40
2010.07.29 11:11:15.722,0.83185,0.83205,15.20,2.40
2010.07.29 11:11:15.921,0.83185,0.83205,11.20,2.40
2010.07.29 11:11:16.724,0.8318,0.83205,13.50,12.80
2010.07.29 11:11:17.021,0.83185,0.83205,1.60,12.80
2010.07.29 11:11:19.215,0.8318,0.832,12.70,1.60
2010.07.29 11:11:20.403,0.8318,0.832,11.10,1.60
2010.07.29 11:11:20.704,0.83185,0.83205,4.00,12.80
2010.07.29 11:11:21.001,0.83185,0.83205,4.00,10.40
2010.07.29 11:11:21.301,0.83185,0.83205,4.00,8.80
2010.07.29 11:11:23.400,0.83185,0.83205,4.00,10.40
2010.07.29 11:11:25.250,0.8318,0.83205,11.90,14.40
2010.07.29 11:11:27.092,0.8318,0.83205,11.10,15.20
2010.07.29 11:11:27.751,0.8318,0.832,11.10,1.60
2010.07.29 11:11:28.712,0.8318,0.832,10.30,1.60
2010.07.29 11:11:28.954,0.8318,0.832,10.30,3.20
2010.07.29 11:11:29.558,0.8318,0.832,4.00,4.80
2010.07.29 11:11:29.774,0.83175,0.832,13.50,12.80
2010.07.29 11:11:30.113,0.83175,0.832,15.10,12.80
2010.07.29 11:11:32.571,0.83175,0.832,13.50,12.80
2010.07.29 11:11:33.185,0.83175,0.832,15.10,12.80
2010.07.29 11:11:33.396,0.83185,0.832,1.60,2.40
2010.07.29 11:11:33.601,0.8318,0.832,7.90,1.60
2010.07.29 11:11:33.811,0.83185,0.832,1.60,8.00
2010.07.29 11:11:34.369,0.83185,0.83205,1.60,13.60
2010.07.29 11:11:34.681,0.83185,0.832,1.60,1.60
2010.07.29 11:11:35.480,0.8318,0.832,7.90,1.60
2010.07.29 11:11:35.692,0.8318,0.832,4.00,8.80
2010.07.29 11:11:35.911,0.83175,0.832,15.10,12.80
2010.07.29 11:11:39.062,0.83175,0.83195,12.70,1.60
2010.07.29 11:11:39.181,0.83175,0.83195,9.50,3.20
2010.07.29 11:11:39.301,0.83175,0.83195,7.90,5.60
2010.07.29 11:11:39.420,0.83175,0.83195,11.90,1.60
2010.07.29 11:11:39.810,0.83175,0.832,13.50,12.80
2010.07.29 11:11:39.930,0.83175,0.83195,13.50,1.60
2010.07.29 11:11:40.901,0.83175,0.832,15.10,12.80
2010.07.29 11:11:43.630,0.8318,0.83195,2.40,1.60
2010.07.29 11:11:43.852,0.8318,0.83195,1.60,1.60
2010.07.29 11:11:44.416,0.8318,0.832,5.60,8.00
2010.07.29 11:11:44.606,0.83175,0.83195,3.90,9.60
2010.07.29 11:11:44.801,0.83175,0.83195,7.90,5.60
2010.07.29 11:11:45.565,0.8318,0.832,6.40,3.20
2010.07.29 11:11:46.364,0.8318,0.83205,11.90,15.20
2010.07.29 11:11:46.691,0.8318,0.83205,13.50,15.20
2010.07.29 11:11:47.183,0.8318,0.832,11.90,1.60
2010.07.29 11:11:47.623,0.8318,0.83195,1.00,1.60
2010.07.29 11:11:48.373,0.83175,0.83195,1.50,11.20
2010.07.29 11:11:48.713,0.83175,0.83195,9.50,4.80
2010.07.29 11:11:48.964,0.83175,0.83195,5.50,8.80
2010.07.29 11:11:49.211,0.83175,0.83195,9.50,4.80
2010.07.29 11:11:49.464,0.83175,0.83195,9.50,7.20
2010.07.29 11:11:49.971,0.83175,0.83195,5.50,11.20
2010.07.29 11:11:50.207,0.83175,0.83195,11.90,3.20
2010.07.29 11:11:50.843,0.83175,0.83195,9.50,4.80
2010.07.29 11:11:51.081,0.83175,0.8319,11.90,1.60
2010.07.29 11:11:51.352,0.83175,0.83195,7.90,5.60
2010.07.29 11:11:51.622,0.83175,0.83185,1.00,6.40
2010.07.29 11:11:52.386,0.83155,0.8318,13.50,13.60
2010.07.29 11:11:53.145,0.8316,0.8318,5.60,8.80
2010.07.29 11:11:53.487,0.8316,0.83185,11.10,13.60
2010.07.29 11:11:55.150,0.8316,0.8318,10.30,3.20
2010.07.29 11:11:56.287,0.8316,0.83175,8.00,1.60
2010.07.29 11:11:56.453,0.83155,0.83175,1.50,11.20
2010.07.29 11:11:56.783,0.83155,0.8317,1.00,1.60
2010.07.29 11:11:56.954,0.8315,0.8317,9.50,3.20
2010.07.29 11:11:57.460,0.8315,0.83165,8.70,1.60
2010.07.29 11:11:57.743,0.83145,0.83165,14.30,1.60
2010.07.29 11:11:58.022,0.83145,0.83165,8.70,4.00
2010.07.29 11:11:58.308,0.8314,0.83155,10.30,2.40
2010.07.29 11:11:58.595,0.8314,0.83155,4.00,2.40
2010.07.29 11:11:59.350,0.8314,0.83155,4.00,5.60
2010.07.29 11:11:59.696,0.8314,0.83155,4.00,1.00
2010.07.29 11:12:00.712,0.8314,0.8316,4.00,11.20
2010.07.29 11:12:00.882,0.8314,0.8316,4.00,9.60
2010.07.29 11:12:02.390,0.83145,0.8316,1.60,8.80
2010.07.29 11:12:02.677,0.83145,0.83165,4.00,11.20
2010.07.29 11:12:04.492,0.83145,0.83165,5.60,11.20
2010.07.29 11:12:04.671,0.83145,0.83165,5.60,7.20
2010.07.29 11:12:04.852,0.83145,0.83165,9.60,7.20
2010.07.29 11:12:06.242,0.83145,0.83165,11.90,4.80
2010.07.29 11:12:06.903,0.83145,0.83165,11.90,3.20
2010.07.29 11:12:07.710,0.83145,0.83165,12.70,3.20
2010.07.29 11:12:11.475,0.8315,0.8317,2.40,11.20
2010.07.29 11:12:12.095,0.8315,0.83175,12.70,15.20
2010.07.29 11:12:12.272,0.8315,0.83175,8.70,15.20
2010.07.29 11:12:12.611,0.8315,0.83175,12.70,15.20
2010.07.29 11:12:13.614,0.8315,0.8317,12.70,1.00
2010.07.29 11:12:14.001,0.83155,0.8317,2.40,1.00
2010.07.29 11:12:14.191,0.83155,0.8317,12.00,1.00
2010.07.29 11:12:15.304,0.83155,0.8317,1.60,1.00
2010.07.29 11:12:16.162,0.8315,0.8317,10.30,2.40
2010.07.29 11:12:16.362,0.8315,0.8317,6.30,2.40
2010.07.29 11:12:17.002,0.83155,0.8317,1.60,2.40
2010.07.29 11:12:18.402,0.83155,0.8317,1.60,1.00
2010.07.29 11:12:19.292,0.83155,0.8317,1.60,3.20
2010.07.29 11:12:19.467,0.8315,0.8317,6.30,4.80
2010.07.29 11:12:21.270,0.8315,0.8317,4.70,7.20
2010.07.29 11:12:21.520,0.8315,0.8317,4.70,8.80
2010.07.29 11:12:21.930,0.8315,0.8317,4.70,12.80
2010.07.29 11:12:23.720,0.8315,0.8317,4.00,13.60
2010.07.29 11:12:24.664,0.8315,0.83165,4.00,2.40
2010.07.29 11:12:25.021,0.8315,0.83165,5.60,4.00
2010.07.29 11:12:25.366,0.8315,0.8317,8.70,4.00
2010.07.29 11:12:25.716,0.83155,0.83175,4.00,12.80
2010.07.29 11:12:26.455,0.8315,0.8317,10.30,4.00
2010.07.29 11:12:26.772,0.8315,0.8317,11.90,1.60
2010.07.29 11:12:28.723,0.8315,0.8317,8.70,4.00
2010.07.29 11:12:28.864,0.8315,0.8317,8.00,4.00
2010.07.29 11:12:29.185,0.8315,0.8317,8.00,8.00
2010.07.29 11:12:31.978,0.8315,0.8317,8.00,9.60
2010.07.29 11:12:32.232,0.8315,0.83165,9.60,1.60
2010.07.29 11:12:32.501,0.8315,0.83165,10.40,1.60
2010.07.29 11:12:32.771,0.8315,0.83165,11.10,1.60
2010.07.29 11:12:43.822,0.8315,0.8317,13.50,4.00
2010.07.29 11:12:44.340,0.8315,0.83175,13.50,14.40
2010.07.29 11:12:47.142,0.8315,0.83175,13.50,16.80
2010.07.29 11:12:47.301,0.8315,0.83175,13.50,14.40
2010.07.29 11:12:51.203,0.83155,0.83175,2.40,12.80
2010.07.29 11:12:51.901,0.83155,0.83175,8.00,6.40
2010.07.29 11:12:52.202,0.8315,0.83175,13.50,12.80
2010.07.29 11:12:52.350,0.8315,0.83175,13.50,11.20
2010.07.29 11:12:53.801,0.8315,0.83175,13.50,12.80
2010.07.29 11:12:54.032,0.8315,0.8317,5.50,8.00
2010.07.29 11:12:54.717,0.8315,0.83165,1.60,9.60
2010.07.29 11:12:54.954,0.8315,0.83165,1.60,8.00
2010.07.29 11:12:55.173,0.8315,0.8317,4.70,9.60
2010.07.29 11:12:55.813,0.8315,0.83165,4.70,4.00
2010.07.29 11:12:56.034,0.8315,0.8317,8.70,1.60
2010.07.29 11:12:57.337,0.8315,0.8317,6.30,1.60
2010.07.29 11:12:57.615,0.8315,0.8317,6.30,4.00
2010.07.29 11:12:57.883,0.8315,0.83165,6.30,1.60
2010.07.29 11:13:05.240,0.8315,0.83165,10.30,1.60
2010.07.29 11:13:05.371,0.8315,0.8317,10.30,1.60
2010.07.29 11:13:05.881,0.8316,0.8317,1.60,1.60
2010.07.29 11:13:06.574,0.8316,0.8318,4.00,8.80
2010.07.29 11:13:06.781,0.8316,0.8318,4.00,4.80
2010.07.29 11:13:07.711,0.8316,0.83175,4.00,1.60
2010.07.29 11:13:08.465,0.83155,0.83175,5.60,8.80
2010.07.29 11:13:10.410,0.83155,0.83175,4.00,10.40
2010.07.29 11:13:10.865,0.83155,0.83175,7.10,6.40
2010.07.29 11:13:11.085,0.83155,0.83175,11.90,1.60
2010.07.29 11:13:14.381,0.83155,0.83175,13.50,1.60
2010.07.29 11:13:14.851,0.83155,0.8318,15.10,12.80
2010.07.29 11:13:15.191,0.8316,0.8318,4.00,8.80
2010.07.29 11:13:15.361,0.8316,0.8318,4.00,4.80
2010.07.29 11:13:15.960,0.83155,0.8318,15.10,12.80
2010.07.29 11:13:16.111,0.8316,0.8318,4.00,8.80
2010.07.29 11:13:18.351,0.8316,0.8318,4.00,4.80
2010.07.29 11:13:18.902,0.8316,0.8318,6.40,3.20
2010.07.29 11:13:19.563,0.8316,0.8318,11.10,1.60
2010.07.29 11:13:19.901,0.8316,0.83185,11.10,15.20
2010.07.29 11:13:23.293,0.8316,0.83185,12.70,15.20
2010.07.29 11:13:23.581,0.8316,0.83185,13.50,15.20
2010.07.29 11:13:24.161,0.83165,0.83185,4.00,11.20
2010.07.29 11:13:24.935,0.83165,0.83185,2.40,11.20
2010.07.29 11:13:25.273,0.83165,0.83185,11.20,4.00
2010.07.29 11:13:25.457,0.83165,0.83185,5.60,9.60
2010.07.29 11:13:25.986,0.83165,0.83185,8.00,7.20
2010.07.29 11:13:26.173,0.83165,0.83185,11.10,3.20
2010.07.29 11:13:26.353,0.83175,0.8319,1.60,7.20
2010.07.29 11:13:26.694,0.8317,0.8319,2.30,9.60
2010.07.29 11:13:27.372,0.8317,0.8319,2.30,10.40
2010.07.29 11:13:27.641,0.8317,0.83185,2.30,4.00
2010.07.29 11:13:28.119,0.8317,0.83185,1.60,4.00
2010.07.29 11:13:28.389,0.8317,0.83185,1.60,1.60
2010.07.29 11:13:30.770,0.8317,0.83185,2.30,1.60
2010.07.29 11:13:30.901,0.8317,0.8319,2.30,10.40
2010.07.29 11:13:31.161,0.8317,0.8319,6.30,10.40
2010.07.29 11:13:31.291,0.8317,0.8319,6.30,6.40
2010.07.29 11:13:32.850,0.83175,0.8319,1.60,6.40
2010.07.29 11:13:33.041,0.83175,0.8319,1.60,2.40
2010.07.29 11:13:33.243,0.83175,0.8319,1.60,1.60
2010.07.29 11:13:33.882,0.83175,0.8319,5.60,1.60
2010.07.29 11:13:34.120,0.83175,0.83195,5.60,9.60
2010.07.29 11:13:34.601,0.8318,0.83195,1.60,2.40
2010.07.29 11:13:34.842,0.8318,0.83195,1.60,1.60
2010.07.29 11:13:35.131,0.8318,0.83195,5.60,1.60
2010.07.29 11:13:36.486,0.8318,0.832,8.00,8.80
2010.07.29 11:13:36.614,0.8318,0.832,8.00,7.20
2010.07.29 11:13:36.743,0.8318,0.832,8.00,3.20
2010.07.29 11:13:36.871,0.8318,0.832,8.00,1.60
2010.07.29 11:13:37.001,0.8318,0.832,12.00,1.60
2010.07.29 11:13:37.131,0.8318,0.832,13.60,1.60
2010.07.29 11:13:42.300,0.8318,0.832,13.60,1.00
2010.07.29 11:13:43.888,0.8318,0.832,13.60,2.40
2010.07.29 11:13:44.654,0.83175,0.83195,15.10,1.60
2010.07.29 11:13:44.992,0.8318,0.832,1.60,12.80
2010.07.29 11:13:48.263,0.83175,0.832,16.60,12.80
2010.07.29 11:13:48.431,0.83175,0.83195,16.60,1.60
2010.07.29 11:13:49.354,0.8318,0.832,14.30,1.60
2010.07.29 11:13:53.625,0.8319,0.832,4.00,1.60
2010.07.29 11:13:55.335,0.83195,0.83205,4.00,1.60
2010.07.29 11:13:55.594,0.8319,0.83205,8.00,1.60
2010.07.29 11:13:56.288,0.83195,0.83205,4.00,1.60
2010.07.29 11:13:56.567,0.8319,0.83205,9.60,1.60
2010.07.29 11:13:57.113,0.83195,0.83205,4.00,1.60
2010.07.29 11:13:57.252,0.8319,0.83205,10.40,1.60
2010.07.29 11:13:57.393,0.83195,0.8321,8.00,2.40
2010.07.29 11:13:57.532,0.83195,0.83205,8.00,1.60
2010.07.29 11:13:58.296,0.83195,0.83205,4.00,1.60
2010.07.29 11:13:58.551,0.83195,0.83205,8.00,1.60
2010.07.29 11:13:59.051,0.83195,0.83205,4.00,1.60
2010.07.29 11:13:59.581,0.83195,0.83205,8.00,1.60
2010.07.29 11:14:00.227,0.8319,0.83205,4.00,1.60
2010.07.29 11:14:00.381,0.8319,0.8321,4.00,10.40
2010.07.29 11:14:00.530,0.8319,0.8321,4.00,6.40
2010.07.29 11:14:00.830,0.8319,0.8321,8.00,6.40
2010.07.29 11:14:01.151,0.8319,0.83205,8.00,1.60
2010.07.29 11:14:01.300,0.8319,0.83205,6.40,1.60
2010.07.29 11:14:02.412,0.8319,0.83205,2.40,1.60
2010.07.29 11:14:03.602,0.83185,0.83205,18.40,3.20
2010.07.29 11:14:03.871,0.83185,0.832,12.80,4.00
2010.07.29 11:14:04.398,0.83185,0.832,1.00,9.60
2010.07.29 11:14:04.677,0.83175,0.83195,1.60,12.00
2010.07.29 11:14:05.218,0.83175,0.8319,1.60,1.60
2010.07.29 11:14:08.382,0.8317,0.8319,11.90,1.60
2010.07.29 11:14:10.733,0.8317,0.83195,11.90,13.60
2010.07.29 11:14:11.006,0.8317,0.83195,11.90,15.20
2010.07.29 11:14:11.201,0.8317,0.8319,11.90,1.60
2010.07.29 11:14:11.706,0.8317,0.8319,9.50,4.00
2010.07.29 11:14:12.004,0.8317,0.8319,4.00,9.60
2010.07.29 11:14:13.688,0.83165,0.83185,11.90,1.60
2010.07.29 11:14:13.863,0.83165,0.83185,13.50,1.60
2010.07.29 11:14:15.293,0.83165,0.8319,15.10,12.80
2010.07.29 11:14:16.971,0.8317,0.8319,2.40,11.20
2010.07.29 11:14:17.462,0.8317,0.8319,6.40,7.20
2010.07.29 11:14:18.391,0.8317,0.8319,7.10,5.60
2010.07.29 11:14:18.901,0.8317,0.8319,11.10,1.60
2010.07.29 11:14:19.406,0.8317,0.8319,7.10,1.60
2010.07.29 11:14:20.081,0.8317,0.8319,8.70,4.00
2010.07.29 11:14:20.680,0.8317,0.8319,8.70,2.40
2010.07.29 11:14:20.986,0.8317,0.83185,1.00,1.60
2010.07.29 11:14:21.591,0.8317,0.8319,1.00,12.00
2010.07.29 11:14:27.412,0.83165,0.8319,15.10,13.60
2010.07.29 11:14:29.474,0.83165,0.83185,13.50,1.60
2010.07.29 11:14:31.511,0.83175,0.83185,1.60,1.60
2010.07.29 11:14:31.731,0.83175,0.8319,1.60,1.60
2010.07.29 11:14:31.842,0.83175,0.83195,1.60,14.40
2010.07.29 11:14:32.745,0.8317,0.83185,9.60,2.40
2010.07.29 11:14:32.998,0.83175,0.83185,1.60,8.00
2010.07.29 11:14:33.546,0.83175,0.83185,2.40,1.60
2010.07.29 11:14:33.843,0.83175,0.8319,2.40,1.60
2010.07.29 11:14:37.630,0.8317,0.8319,12.70,1.60
2010.07.29 11:14:37.764,0.83175,0.83195,4.00,12.00
2010.07.29 11:14:38.031,0.83175,0.83195,4.00,8.00
2010.07.29 11:14:38.160,0.83175,0.83195,8.00,8.00
2010.07.29 11:14:40.482,0.83175,0.83195,10.40,6.40
2010.07.29 11:14:40.881,0.83175,0.83195,10.40,4.80
2010.07.29 11:14:44.673,0.83175,0.83195,12.00,3.20
2010.07.29 11:14:46.289,0.83175,0.83195,13.60,3.20
2010.07.29 11:14:47.416,0.8318,0.83195,2.40,3.20
2010.07.29 11:14:47.735,0.8318,0.83195,2.40,1.60
2010.07.29 11:14:48.875,0.83175,0.83195,6.40,8.00
2010.07.29 11:14:49.202,0.83175,0.83195,8.00,8.00
2010.07.29 11:14:51.366,0.83185,0.83195,2.40,7.20
2010.07.29 11:14:51.614,0.83185,0.832,2.40,7.20
2010.07.29 11:14:51.702,0.83185,0.832,2.40,3.20
2010.07.29 11:14:51.881,0.8319,0.832,1.60,3.20
2010.07.29 11:14:51.972,0.83195,0.832,1.60,1.60
2010.07.29 11:14:52.750,0.83195,0.83205,1.60,8.80
2010.07.29 11:14:53.052,0.83195,0.83205,1.60,1.00
2010.07.29 11:14:54.186,0.83195,0.83205,1.60,2.40
2010.07.29 11:14:56.374,0.83185,0.83205,8.00,6.40
2010.07.29 11:14:56.593,0.83185,0.832,4.00,5.60
2010.07.29 11:14:56.811,0.8318,0.83195,7.90,1.60
2010.07.29 11:15:02.421,0.83185,0.83195,1.60,1.60
2010.07.29 11:15:02.592,0.83185,0.832,1.60,2.40
2010.07.29 11:15:03.117,0.8318,0.832,11.90,1.60
2010.07.29 11:15:03.286,0.8319,0.8321,8.00,7.20
2010.07.29 11:15:03.533,0.8319,0.8321,8.00,3.20
2010.07.29 11:15:04.822,0.83195,0.8321,4.00,1.60
2010.07.29 11:15:06.201,0.8319,0.8321,8.70,1.60
2010.07.29 11:15:06.311,0.8319,0.83205,8.70,1.60
2010.07.29 11:15:06.531,0.8319,0.83205,4.70,1.60
2010.07.29 11:15:06.650,0.8319,0.83205,4.00,1.60
2010.07.29 11:15:08.382,0.8319,0.83205,2.40,1.60
2010.07.29 11:15:09.882,0.8319,0.832,2.40,1.60
2010.07.29 11:15:15.633,0.83195,0.83205,2.40,5.60
2010.07.29 11:15:15.871,0.83195,0.83205,2.40,9.60
2010.07.29 11:15:15.991,0.83195,0.832,2.40,1.60
2010.07.29 11:15:16.113,0.8319,0.832,2.40,1.60
2010.07.29 11:15:21.768,0.8319,0.832,4.00,1.60
2010.07.29 11:15:22.210,0.8319,0.83205,4.00,14.40
2010.07.29 11:15:23.163,0.83185,0.832,1.60,1.60
2010.07.29 11:15:23.845,0.8319,0.832,1.60,1.60
2010.07.29 11:15:24.396,0.83185,0.832,1.60,1.60
2010.07.29 11:15:24.604,0.8319,0.832,1.60,1.60
2010.07.29 11:15:29.048,0.8319,0.83205,1.60,12.80
2010.07.29 11:15:34.724,0.8319,0.83205,2.40,12.80
2010.07.29 11:15:34.983,0.8319,0.8321,6.40,3.20
2010.07.29 11:15:35.244,0.83195,0.8321,1.60,3.20
2010.07.29 11:15:35.521,0.83195,0.8321,1.60,1.60
2010.07.29 11:15:36.506,0.83195,0.8321,1.60,3.20
2010.07.29 11:15:37.292,0.83195,0.8321,1.60,1.00
2010.07.29 11:15:37.401,0.83195,0.8321,3.20,1.00
2010.07.29 11:15:37.511,0.83195,0.8321,3.20,2.40
2010.07.29 11:15:38.709,0.83195,0.8321,3.20,1.00
2010.07.29 11:15:39.022,0.83195,0.8321,3.20,2.40
2010.07.29 11:15:39.171,0.83195,0.8321,3.20,1.00
2010.07.29 11:15:39.621,0.83195,0.8321,3.20,2.40
2010.07.29 11:15:40.532,0.83195,0.83215,8.00,10.40
2010.07.29 11:15:41.056,0.83195,0.83215,5.60,16.80
2010.07.29 11:15:41.187,0.83195,0.8321,1.60,2.40
2010.07.29 11:15:41.311,0.83195,0.8321,3.20,2.40
2010.07.29 11:15:43.140,0.83195,0.8321,1.60,2.40
2010.07.29 11:15:43.373,0.83195,0.8321,1.60,1.00
2010.07.29 11:15:46.290,0.8319,0.8321,12.70,1.00
2010.07.29 11:15:46.522,0.8319,0.8321,15.20,1.00
2010.07.29 11:15:46.713,0.8319,0.8321,12.70,1.00
2010.07.29 11:15:46.904,0.8319,0.8321,8.70,1.00
2010.07.29 11:15:51.074,0.83195,0.8321,2.40,1.00
2010.07.29 11:15:51.282,0.83195,0.83215,2.40,12.80
2010.07.29 11:15:51.511,0.83195,0.83215,6.40,12.80
2010.07.29 11:15:52.045,0.83195,0.83215,6.40,8.80
2010.07.29 11:15:52.277,0.83195,0.83215,11.20,1.60
2010.07.29 11:15:52.582,0.832,0.8322,1.60,12.80
2010.07.29 11:15:54.180,0.832,0.83215,1.60,1.60
2010.07.29 11:15:54.662,0.832,0.83215,2.40,1.60
2010.07.29 11:15:55.604,0.832,0.8322,2.40,11.20
2010.07.29 11:15:59.381,0.832,0.8322,1.60,11.20
2010.07.29 11:15:59.771,0.832,0.83215,1.60,1.60
2010.07.29 11:15:59.921,0.832,0.83215,2.40,1.60
2010.07.29 11:16:00.071,0.832,0.8322,2.40,11.20
2010.07.29 11:16:00.820,0.832,0.83215,2.40,1.60
2010.07.29 11:16:01.064,0.832,0.83215,1.60,1.60
2010.07.29 11:16:02.371,0.832,0.83215,2.40,1.60
2010.07.29 11:16:03.221,0.832,0.8322,2.40,11.20
2010.07.29 11:16:10.591,0.832,0.8322,6.40,5.60
2010.07.29 11:16:12.184,0.832,0.8322,2.40,9.60
2010.07.29 11:16:14.413,0.832,0.8322,1.60,12.00
2010.07.29 11:16:14.582,0.832,0.8322,1.60,12.80
2010.07.29 11:16:19.194,0.832,0.8322,2.40,11.20
2010.07.29 11:16:19.872,0.83195,0.83215,15.80,1.60
2010.07.29 11:16:20.436,0.83195,0.83215,8.70,5.60
2010.07.29 11:16:20.572,0.83195,0.83215,8.00,7.20
2010.07.29 11:16:21.542,0.832,0.83215,2.40,7.20
2010.07.29 11:16:21.772,0.832,0.83215,2.40,1.60
2010.07.29 11:16:25.321,0.832,0.8322,2.40,11.20
2010.07.29 11:16:25.522,0.83205,0.8322,1.60,11.20
2010.07.29 11:16:25.732,0.83205,0.8322,1.60,6.40
2010.07.29 11:16:25.941,0.83205,0.8322,1.60,1.60
2010.07.29 11:16:27.724,0.832,0.8322,11.70,4.00
2010.07.29 11:16:27.764,0.83205,0.8322,1.60,1.60
2010.07.29 11:16:29.522,0.8321,0.83225,1.60,8.80
2010.07.29 11:16:29.705,0.8321,0.83225,1.60,3.20
2010.07.29 11:16:29.882,0.8321,0.83225,1.60,1.60
2010.07.29 11:16:30.695,0.8321,0.83225,1.60,3.20
2010.07.29 11:16:38.870,0.8321,0.83225,1.60,1.60
2010.07.29 11:16:39.273,0.83215,0.83225,4.00,1.60
2010.07.29 11:16:39.830,0.83215,0.83225,1.60,1.60
2010.07.29 11:16:40.166,0.8321,0.8323,1.60,12.80
2010.07.29 11:16:43.824,0.83205,0.8323,12.70,19.20
2010.07.29 11:16:44.430,0.83205,0.8323,14.30,19.20
2010.07.29 11:16:51.303,0.83205,0.83225,14.30,1.60
2010.07.29 11:16:51.990,0.83205,0.83225,12.70,3.20
2010.07.29 11:16:55.400,0.83205,0.83225,14.30,1.60
2010.07.29 11:16:56.174,0.83205,0.83225,12.70,3.20
2010.07.29 11:16:58.271,0.83205,0.83225,14.30,1.60
2010.07.29 11:16:59.035,0.83215,0.83235,2.40,12.80
2010.07.29 11:16:59.318,0.8322,0.83235,6.40,4.00
2010.07.29 11:16:59.772,0.8322,0.83235,6.40,1.60
2010.07.29 11:17:00.037,0.8322,0.8324,6.40,10.40
2010.07.29 11:17:00.294,0.83225,0.8324,1.60,8.80
2010.07.29 11:17:01.086,0.83225,0.8324,2.30,1.60
2010.07.29 11:17:01.275,0.83235,0.8325,2.40,14.40
2010.07.29 11:17:01.463,0.83235,0.8325,2.40,9.60
2010.07.29 11:17:02.085,0.83235,0.8325,3.90,4.00
2010.07.29 11:17:02.427,0.8324,0.83255,2.40,3.20
2010.07.29 11:17:02.771,0.83245,0.8326,4.00,5.60
2010.07.29 11:17:03.230,0.8324,0.8326,4.00,9.60
2010.07.29 11:17:03.539,0.83235,0.8326,17.60,12.00
2010.07.29 11:17:03.836,0.83235,0.83255,4.70,9.60
2010.07.29 11:17:04.567,0.83235,0.83255,1.60,11.20
2010.07.29 11:17:04.914,0.8323,0.83255,15.10,11.20
2010.07.29 11:17:05.252,0.83235,0.83255,1.60,11.20
2010.07.29 11:17:05.932,0.8323,0.83255,15.10,11.20
2010.07.29 11:17:06.470,0.8323,0.83255,15.10,12.80
2010.07.29 11:17:06.644,0.83235,0.83255,1.60,11.20
2010.07.29 11:17:06.893,0.8323,0.83255,15.10,12.80
2010.07.29 11:17:07.142,0.8323,0.83255,15.10,14.40
2010.07.29 11:17:07.392,0.8323,0.8325,11.10,4.00
2010.07.29 11:17:08.075,0.8323,0.8325,10.40,12.80
2010.07.29 11:17:08.304,0.8323,0.83255,15.10,11.20
2010.07.29 11:17:08.532,0.8323,0.83255,15.10,12.80
2010.07.29 11:17:09.542,0.8323,0.83255,13.50,14.40
2010.07.29 11:17:10.328,0.83235,0.83255,5.50,9.60
2010.07.29 11:17:10.505,0.8323,0.83255,15.10,11.20
2010.07.29 11:17:11.163,0.8323,0.8325,2.30,9.60
2010.07.29 11:17:12.185,0.8323,0.8325,4.70,8.00
2010.07.29 11:17:13.703,0.8323,0.8325,2.30,9.60
2010.07.29 11:17:13.993,0.8323,0.8325,1.00,13.60
2010.07.29 11:17:14.141,0.83225,0.8325,14.30,16.80
2010.07.29 11:17:14.699,0.83225,0.8324,12.70,1.60
2010.07.29 11:17:15.045,0.8323,0.83245,1.60,1.60
2010.07.29 11:17:15.385,0.83225,0.8325,12.70,15.20
2010.07.29 11:17:16.484,0.8323,0.8325,1.60,12.80
2010.07.29 11:17:16.824,0.8323,0.8325,4.00,8.80
2010.07.29 11:17:17.454,0.8323,0.8325,5.60,8.00
2010.07.29 11:17:17.716,0.8323,0.83255,15.10,12.80
2010.07.29 11:17:22.512,0.83235,0.83255,1.60,11.20
2010.07.29 11:17:24.292,0.8323,0.83255,11.90,13.60
2010.07.29 11:17:24.956,0.8323,0.8325,7.90,4.00
2010.07.29 11:17:26.882,0.8323,0.8325,7.90,6.40
2010.07.29 11:17:27.041,0.8323,0.8325,5.50,8.00
2010.07.29 11:17:27.624,0.8323,0.8325,3.90,8.00
2010.07.29 11:17:27.781,0.8323,0.83255,11.90,15.20
2010.07.29 11:17:29.220,0.8323,0.83255,13.50,17.60
2010.07.29 11:17:29.514,0.8323,0.83255,7.90,17.60
2010.07.29 11:17:29.801,0.8323,0.83255,9.50,15.20
2010.07.29 11:17:30.093,0.8323,0.8325,8.00,3.20
2010.07.29 11:17:30.303,0.8323,0.8325,8.00,4.80
2010.07.29 11:17:30.511,0.8323,0.83255,8.00,15.20
2010.07.29 11:17:31.145,0.8323,0.83255,8.70,15.20
2010.07.29 11:17:31.346,0.8323,0.83255,8.70,17.60
2010.07.29 11:17:31.544,0.8323,0.83245,5.60,1.60
2010.07.29 11:17:32.179,0.8323,0.83255,8.00,17.60
2010.07.29 11:17:34.042,0.83235,0.83255,1.60,15.20
2010.07.29 11:17:34.332,0.83235,0.83255,1.60,10.40
2010.07.29 11:17:34.622,0.8323,0.8325,13.50,1.60
2010.07.29 11:17:35.184,0.8323,0.83245,11.10,1.60
2010.07.29 11:17:35.495,0.83225,0.83245,8.80,8.00
2010.07.29 11:17:35.693,0.8323,0.83245,2.40,4.00
2010.07.29 11:17:35.892,0.8323,0.8325,2.40,10.40
2010.07.29 11:17:36.293,0.8323,0.8325,4.00,8.80
2010.07.29 11:17:36.492,0.8323,0.8325,8.00,4.80
2010.07.29 11:17:36.782,0.83235,0.8325,1.60,4.80
2010.07.29 11:17:37.072,0.83235,0.83255,1.60,11.20
2010.07.29 11:17:37.602,0.83235,0.83255,1.60,10.40
2010.07.29 11:17:38.571,0.83235,0.83255,1.60,12.00
2010.07.29 11:17:39.962,0.8323,0.83255,13.50,14.40
2010.07.29 11:17:40.093,0.8323,0.83255,11.90,16.80
2010.07.29 11:17:40.213,0.8323,0.8325,11.90,1.60
2010.07.29 11:17:40.694,0.8323,0.8325,11.10,1.60
2010.07.29 11:17:41.037,0.8323,0.8325,7.10,7.20
2010.07.29 11:17:42.132,0.8323,0.8325,7.10,3.20
2010.07.29 11:17:42.772,0.8323,0.8325,8.70,3.20
2010.07.29 11:17:43.093,0.8323,0.8325,7.10,3.20
2010.07.29 11:17:43.573,0.8323,0.8325,7.10,7.20
2010.07.29 11:17:43.913,0.8323,0.8325,3.10,11.20
2010.07.29 11:17:44.141,0.83235,0.8325,1.60,9.60
2010.07.29 11:17:44.371,0.83235,0.8325,1.60,8.00
2010.07.29 11:17:45.062,0.8323,0.8325,7.90,5.60
2010.07.29 11:17:45.361,0.8323,0.8325,3.90,9.60
2010.07.29 11:17:46.143,0.83235,0.8325,1.60,9.60
2010.07.29 11:17:46.623,0.83235,0.8325,1.60,11.20
2010.07.29 11:17:46.879,0.8324,0.83255,4.00,12.80
2010.07.29 11:17:47.362,0.8324,0.83255,1.60,12.80
2010.07.29 11:17:48.101,0.8324,0.83255,2.40,12.80
2010.07.29 11:17:48.698,0.8324,0.8325,2.40,1.60
2010.07.29 11:17:51.341,0.8324,0.8325,2.40,5.60
2010.07.29 11:17:51.581,0.8324,0.8325,2.40,9.60
2010.07.29 11:17:53.799,0.8324,0.8325,2.40,10.40
2010.07.29 11:17:54.046,0.8324,0.83245,2.40,1.60
2010.07.29 11:17:54.284,0.8324,0.8325,2.40,12.80
2010.07.29 11:17:54.523,0.8324,0.8325,2.40,12.00
2010.07.29 11:17:56.371,0.83235,0.8325,2.40,12.00
2010.07.29 11:17:56.563,0.83235,0.83245,2.40,8.00
2010.07.29 11:17:59.705,0.8324,0.83245,2.40,8.00
2010.07.29 11:18:00.393,0.8324,0.8325,2.40,12.00
2010.07.29 11:18:02.123,0.8323,0.8325,6.90,8.00
2010.07.29 11:18:02.463,0.8323,0.8325,4.00,11.20
2010.07.29 11:18:05.638,0.8323,0.8325,4.00,9.60
2010.07.29 11:18:06.660,0.8323,0.8325,1.60,11.20
2010.07.29 11:18:07.656,0.8323,0.8325,1.60,12.80
2010.07.29 11:18:08.053,0.83225,0.8323,18.20,1.60
2010.07.29 11:18:08.393,0.83225,0.8324,1.60,12.80
2010.07.29 11:18:08.953,0.8322,0.8323,3.20,1.00
2010.07.29 11:18:09.265,0.8321,0.83225,1.60,1.60
2010.07.29 11:18:09.573,0.8321,0.8323,1.60,12.80
2010.07.29 11:18:09.882,0.8321,0.8323,5.60,8.80
2010.07.29 11:18:10.611,0.8321,0.8323,5.60,7.20
2010.07.29 11:18:11.292,0.8321,0.8323,5.60,3.20
2010.07.29 11:18:11.491,0.8321,0.8323,5.60,4.80
2010.07.29 11:18:11.894,0.8321,0.8323,5.60,3.20
2010.07.29 11:18:12.338,0.8321,0.8323,8.00,3.20
2010.07.29 11:18:12.487,0.8321,0.8323,13.60,3.20
2010.07.29 11:18:12.911,0.8321,0.8323,9.60,3.20
2010.07.29 11:18:13.438,0.8321,0.8323,9.60,1.60
2010.07.29 11:18:14.764,0.83205,0.8323,16.80,15.20
2010.07.29 11:18:15.212,0.8321,0.8323,1.60,15.20
2010.07.29 11:18:15.853,0.83205,0.8323,14.30,16.80
2010.07.29 11:18:16.411,0.83205,0.8323,14.30,19.20
2010.07.29 11:18:17.047,0.83205,0.8323,13.50,19.20
2010.07.29 11:18:18.043,0.8321,0.8323,1.60,12.80
2010.07.29 11:18:18.795,0.8321,0.8323,7.20,7.20
2010.07.29 11:18:20.293,0.8321,0.8323,9.60,5.60
2010.07.29 11:18:20.502,0.8321,0.8323,10.30,4.00
2010.07.29 11:18:21.336,0.8321,0.8323,8.70,7.20
2010.07.29 11:18:21.638,0.83215,0.83235,1.60,11.20
2010.07.29 11:18:21.931,0.83215,0.83235,1.60,12.80
2010.07.29 11:18:23.385,0.8321,0.8323,10.30,4.00
2010.07.29 11:18:24.161,0.8321,0.83235,10.30,12.80
2010.07.29 11:18:25.263,0.83215,0.83235,2.40,11.20
2010.07.29 11:18:25.533,0.8321,0.83235,17.60,12.80
2010.07.29 11:18:25.641,0.8321,0.83235,15.10,12.80
2010.07.29 11:18:26.273,0.8321,0.83235,15.10,14.40
2010.07.29 11:18:26.769,0.8321,0.83235,15.10,12.80
2010.07.29 11:18:27.432,0.8321,0.8323,12.70,3.20
2010.07.29 11:18:27.725,0.8321,0.8323,1.60,12.80
2010.07.29 11:18:29.195,0.8321,0.8323,5.60,12.80
2010.07.29 11:18:29.513,0.8321,0.83235,15.10,14.40
2010.07.29 11:18:29.834,0.83215,0.83235,4.00,8.80
2010.07.29 11:18:30.074,0.83215,0.83235,10.40,7.20
2010.07.29 11:18:30.312,0.83215,0.83235,10.40,3.20
2010.07.29 11:18:31.712,0.83215,0.83235,12.00,3.20
2010.07.29 11:18:31.863,0.83215,0.83235,14.40,1.60
2010.07.29 11:18:32.012,0.83215,0.83235,12.00,1.60
2010.07.29 11:18:32.272,0.83215,0.8324,15.10,12.00
2010.07.29 11:18:32.531,0.8322,0.8324,4.00,8.00
2010.07.29 11:18:33.356,0.83215,0.8324,15.10,12.00
2010.07.29 11:18:34.224,0.83215,0.8324,13.50,13.60
2010.07.29 11:18:39.053,0.83215,0.8324,11.90,13.60
2010.07.29 11:18:40.411,0.83215,0.83235,11.90,1.60
2010.07.29 11:18:40.694,0.83215,0.8324,13.50,16.00
2010.07.29 11:18:40.973,0.83215,0.83235,13.50,1.60
2010.07.29 11:18:41.694,0.83215,0.8324,13.50,16.00
2010.07.29 11:18:42.869,0.83215,0.83235,13.50,1.60
2010.07.29 11:18:44.393,0.83215,0.83235,11.10,3.20
2010.07.29 11:18:44.732,0.83215,0.83235,8.00,5.60
2010.07.29 11:18:47.634,0.83205,0.83225,8.00,2.40
2010.07.29 11:18:47.885,0.83205,0.8322,4.00,2.40
2010.07.29 11:18:48.132,0.832,0.8322,8.70,2.40
2010.07.29 11:18:48.932,0.832,0.8322,4.70,2.40
2010.07.29 11:18:50.082,0.832,0.83215,1.00,1.60
2010.07.29 11:18:50.272,0.83195,0.83215,11.10,1.60
2010.07.29 11:18:50.461,0.832,0.83215,4.00,1.60
2010.07.29 11:18:51.645,0.832,0.8322,4.00,4.00
2010.07.29 11:18:51.903,0.832,0.8322,8.00,4.00
2010.07.29 11:18:52.033,0.832,0.8322,8.00,3.20
2010.07.29 11:18:52.334,0.832,0.8322,9.60,3.20
2010.07.29 11:18:53.332,0.832,0.8322,8.00,3.20
2010.07.29 11:18:53.612,0.832,0.8322,8.00,2.40
2010.07.29 11:18:55.304,0.832,0.8322,4.00,2.40
2010.07.29 11:18:55.513,0.832,0.8322,8.00,2.40
2010.07.29 11:18:56.674,0.83205,0.83225,1.60,11.20
2010.07.29 11:18:57.014,0.83205,0.83225,8.00,8.00
2010.07.29 11:18:57.556,0.83205,0.8323,16.80,12.00
2010.07.29 11:18:57.806,0.83205,0.8323,17.60,12.00
2010.07.29 11:18:58.052,0.8321,0.8323,1.60,9.60
2010.07.29 11:18:58.304,0.83215,0.8323,1.60,9.60
2010.07.29 11:18:58.552,0.8321,0.8323,1.60,12.00
2010.07.29 11:18:59.079,0.8321,0.8323,1.60,13.60
2010.07.29 11:19:01.033,0.83215,0.8323,1.60,7.20
2010.07.29 11:19:01.202,0.83215,0.8323,6.40,3.20
2010.07.29 11:19:01.373,0.83215,0.83235,8.00,9.60
2010.07.29 11:19:02.273,0.83215,0.83235,5.60,11.20
2010.07.29 11:19:03.214,0.83215,0.83235,7.20,9.60
2010.07.29 11:19:03.473,0.83215,0.83235,11.20,5.60
2010.07.29 11:19:04.080,0.83215,0.83235,1.60,12.00
2010.07.29 11:19:04.336,0.83215,0.83235,3.20,12.00
2010.07.29 11:19:06.084,0.83215,0.83235,1.60,12.00
2010.07.29 11:19:06.421,0.83215,0.8323,1.60,4.00
2010.07.29 11:19:06.981,0.83215,0.83235,1.60,12.00
2010.07.29 11:19:07.262,0.83215,0.83235,1.60,13.60
2010.07.29 11:19:07.791,0.83215,0.8323,1.60,1.60
2010.07.29 11:19:07.899,0.8321,0.83225,1.60,1.60
2010.07.29 11:19:10.599,0.8321,0.83225,1.60,3.20
2010.07.29 11:19:11.141,0.8321,0.83225,1.60,7.20
2010.07.29 11:19:12.103,0.8321,0.83225,1.60,1.60
2010.07.29 11:19:12.332,0.83215,0.8323,1.60,11.20
2010.07.29 11:19:13.023,0.83215,0.8322,1.60,2.40
2010.07.29 11:19:13.253,0.83205,0.83225,2.30,12.00
2010.07.29 11:19:14.027,0.8321,0.83225,1.60,4.00
2010.07.29 11:19:14.333,0.8321,0.83225,1.60,3.20
2010.07.29 11:19:14.992,0.8321,0.83225,8.00,1.60
2010.07.29 11:19:15.436,0.8321,0.83225,8.70,1.60
2010.07.29 11:19:15.588,0.83215,0.83235,4.00,10.40
2010.07.29 11:19:15.734,0.8321,0.83235,13.50,12.80
2010.07.29 11:19:16.463,0.83215,0.83235,2.40,10.40
2010.07.29 11:19:16.807,0.83215,0.83235,6.40,6.40
2010.07.29 11:19:17.152,0.8321,0.83235,13.50,8.80
2010.07.29 11:19:17.493,0.83215,0.83235,2.40,10.40
2010.07.29 11:19:17.702,0.83215,0.83235,6.40,6.40
2010.07.29 11:19:17.912,0.83215,0.83235,2.40,6.40
2010.07.29 11:19:18.121,0.83215,0.83235,2.40,10.40
2010.07.29 11:19:18.334,0.8321,0.8323,5.60,6.40
2010.07.29 11:19:18.890,0.8321,0.8323,1.60,10.40
2010.07.29 11:19:19.097,0.83215,0.8323,2.40,8.80
2010.07.29 11:19:19.307,0.83215,0.8323,2.40,8.00
2010.07.29 11:19:19.515,0.83215,0.8323,3.90,8.00
2010.07.29 11:19:20.164,0.83215,0.83235,7.90,5.60
2010.07.29 11:19:21.182,0.83215,0.83235,11.10,4.00
2010.07.29 11:19:21.433,0.83215,0.83235,7.90,4.00
2010.07.29 11:19:22.123,0.83215,0.83235,9.50,4.00
2010.07.29 11:19:22.373,0.83215,0.83235,7.90,5.60
2010.07.29 11:19:23.275,0.8322,0.8324,1.60,8.00
2010.07.29 11:19:23.474,0.83225,0.8324,1.60,8.00
2010.07.29 11:19:24.248,0.83225,0.83245,1.60,12.80
2010.07.29 11:19:24.597,0.83225,0.83245,1.60,11.20
2010.07.29 11:19:24.904,0.83225,0.83245,1.60,12.80
2010.07.29 11:19:26.341,0.83225,0.83245,1.60,11.20
2010.07.29 11:19:27.182,0.83225,0.83245,2.40,9.60
2010.07.29 11:19:27.664,0.83225,0.83245,2.40,8.00
2010.07.29 11:19:27.744,0.83225,0.8325,11.90,13.60
2010.07.29 11:19:27.945,0.83225,0.8325,13.50,12.80
2010.07.29 11:19:29.822,0.83225,0.8325,15.10,12.80
2010.07.29 11:19:31.321,0.83225,0.8325,16.70,12.80
2010.07.29 11:19:31.390,0.83225,0.8325,19.20,12.80
2010.07.29 11:19:35.072,0.8323,0.8325,1.60,12.80
2010.07.29 11:19:35.264,0.8323,0.8325,8.70,4.00
2010.07.29 11:19:36.416,0.8323,0.83255,11.10,12.80
2010.07.29 11:19:37.304,0.83235,0.83255,4.00,8.80
2010.07.29 11:19:37.393,0.83235,0.83255,8.00,4.80
2010.07.29 11:19:39.444,0.83235,0.83255,10.40,1.60
2010.07.29 11:19:39.658,0.8324,0.8326,4.00,5.60
2010.07.29 11:19:40.417,0.8324,0.8325,4.00,3.20
2010.07.29 11:19:41.111,0.83235,0.8325,8.00,3.20
2010.07.29 11:19:41.458,0.8323,0.83245,4.00,1.60
2010.07.29 11:19:42.231,0.8323,0.83245,8.00,1.60
2010.07.29 11:19:42.735,0.8323,0.83245,8.00,3.20
2010.07.29 11:19:43.952,0.83225,0.83245,7.20,9.60
2010.07.29 11:19:44.211,0.83225,0.83245,3.20,9.60
2010.07.29 11:19:44.491,0.83225,0.83245,7.20,5.60
2010.07.29 11:19:45.142,0.83225,0.83245,13.60,4.00
2010.07.29 11:19:45.292,0.8323,0.8325,6.40,7.20
2010.07.29 11:19:45.924,0.8323,0.8325,11.10,1.60
2010.07.29 11:19:51.976,0.8323,0.8324,1.00,8.00
2010.07.29 11:19:52.691,0.83225,0.8324,1.50,10.40
2010.07.29 11:19:52.905,0.83215,0.83235,15.20,2.40
2010.07.29 11:19:53.113,0.83215,0.83235,11.20,6.40
2010.07.29 11:19:53.521,0.83215,0.83235,7.20,10.40
2010.07.29 11:19:53.908,0.83215,0.83235,9.60,8.00
2010.07.29 11:19:54.253,0.8322,0.8324,3.20,9.60
2010.07.29 11:19:56.767,0.8322,0.83245,12.00,15.20
2010.07.29 11:19:56.881,0.83225,0.83245,3.20,11.20
2010.07.29 11:19:59.143,0.83235,0.83255,4.00,7.20
2010.07.29 11:19:59.379,0.83235,0.83255,5.60,1.00
2010.07.29 11:20:00.022,0.83235,0.83255,7.10,5.60
2010.07.29 11:20:00.574,0.8324,0.83255,1.60,4.00
2010.07.29 11:20:00.905,0.8324,0.8326,6.30,11.20
2010.07.29 11:20:01.234,0.8324,0.8326,6.30,3.20
2010.07.29 11:20:02.346,0.8324,0.8325,4.00,2.40
2010.07.29 11:20:02.493,0.8323,0.83245,5.60,1.60
2010.07.29 11:20:02.643,0.8323,0.83245,4.00,4.00
2010.07.29 11:20:02.792,0.83225,0.83245,5.60,8.80
2010.07.29 11:20:02.941,0.83225,0.83245,5.60,7.20
2010.07.29 11:20:03.082,0.83225,0.83245,7.20,8.00
2010.07.29 11:20:04.502,0.83225,0.83245,5.60,10.40
2010.07.29 11:20:04.773,0.83225,0.8324,3.20,1.60
2010.07.29 11:20:04.962,0.83225,0.83245,1.60,12.80
2010.07.29 11:20:05.152,0.83225,0.83245,1.60,12.00
2010.07.29 11:20:05.629,0.83225,0.83245,5.60,8.00
2010.07.29 11:20:05.745,0.83225,0.83245,7.20,8.00
2010.07.29 11:20:06.112,0.83225,0.8324,7.20,1.60
2010.07.29 11:20:06.751,0.83225,0.83245,1.60,15.20
2010.07.29 11:20:07.049,0.83225,0.83245,2.30,13.60
2010.07.29 11:20:07.347,0.83225,0.8324,1.00,1.60
2010.07.29 11:20:07.646,0.8322,0.8324,6.30,4.00
2010.07.29 11:20:08.355,0.83215,0.8324,13.50,16.00
2010.07.29 11:20:09.557,0.83215,0.8324,15.10,16.00
2010.07.29 11:20:09.842,0.83215,0.83235,12.70,2.40
2010.07.29 11:20:09.992,0.83215,0.83235,11.10,4.00
2010.07.29 11:20:10.142,0.83215,0.83235,1.50,16.00
2010.07.29 11:20:10.331,0.83215,0.83235,1.50,17.60
2010.07.29 11:20:10.521,0.83215,0.83235,1.00,17.60
2010.07.29 11:20:11.671,0.8321,0.83235,12.70,19.20
2010.07.29 11:20:11.814,0.8321,0.83225,8.70,4.00
2010.07.29 11:20:11.953,0.83205,0.83225,14.30,4.00
2010.07.29 11:20:12.092,0.83205,0.83225,4.70,12.80
2010.07.29 11:20:12.232,0.83205,0.83225,4.70,16.80
2010.07.29 11:20:12.795,0.83205,0.83225,11.10,5.60
2010.07.29 11:20:13.127,0.8321,0.83225,3.10,1.60
2010.07.29 11:20:13.462,0.8321,0.83225,7.10,1.60
2010.07.29 11:20:14.272,0.8321,0.8323,7.10,1.60
2010.07.29 11:20:14.784,0.8321,0.83235,7.90,13.60
2010.07.29 11:20:15.006,0.83215,0.83235,7.90,7.20
2010.07.29 11:20:15.431,0.83215,0.83235,7.90,5.60
2010.07.29 11:20:15.642,0.8322,0.8324,1.60,11.20
2010.07.29 11:20:15.862,0.8322,0.83235,1.60,8.00
2010.07.29 11:20:16.341,0.8322,0.83235,2.30,8.00
2010.07.29 11:20:16.690,0.83225,0.83245,1.60,16.80
2010.07.29 11:20:17.034,0.83225,0.83245,1.60,14.40
2010.07.29 11:20:17.233,0.83225,0.83245,4.00,11.20
2010.07.29 11:20:17.432,0.83225,0.83245,5.50,11.20
2010.07.29 11:20:17.822,0.83225,0.83245,9.50,7.20
2010.07.29 11:20:18.394,0.83225,0.83245,13.50,3.20
2010.07.29 11:20:19.273,0.83225,0.83245,13.50,1.60
2010.07.29 11:20:20.512,0.83225,0.8324,9.50,1.60
2010.07.29 11:20:20.824,0.83225,0.83245,3.20,13.60
2010.07.29 11:20:21.131,0.83225,0.83245,1.60,13.60
2010.07.29 11:20:22.278,0.8323,0.83245,1.00,12.80
2010.07.29 11:20:22.592,0.8323,0.8325,4.70,9.60
2010.07.29 11:20:22.713,0.8323,0.8325,1.00,13.60
2010.07.29 11:20:23.491,0.8323,0.83245,1.00,1.60
2010.07.29 11:20:25.526,0.8323,0.83255,11.10,15.20
2010.07.29 11:20:26.212,0.83235,0.83255,1.60,14.40
2010.07.29 11:20:27.543,0.83235,0.8325,1.60,1.60
2010.07.29 11:20:27.882,0.83235,0.8325,1.60,5.60
2010.07.29 11:20:30.012,0.8323,0.8325,7.10,5.60
2010.07.29 11:20:30.247,0.8323,0.8325,3.10,8.00
2010.07.29 11:20:30.692,0.8323,0.8325,3.10,9.60
2010.07.29 11:20:32.691,0.8323,0.8325,3.10,8.00
2010.07.29 11:20:32.811,0.8323,0.8325,3.10,4.00
2010.07.29 11:20:32.933,0.8323,0.8325,7.10,4.00
2010.07.29 11:20:33.513,0.8323,0.83255,11.10,13.60
2010.07.29 11:20:34.891,0.8323,0.8325,6.30,6.40
2010.07.29 11:20:35.077,0.83225,0.8325,13.50,12.00
2010.07.29 11:20:35.261,0.8323,0.8325,2.40,9.60
2010.07.29 11:20:36.251,0.83235,0.8325,1.60,9.60
2010.07.29 11:20:36.483,0.83235,0.8325,2.40,1.60
2010.07.29 11:20:36.712,0.83235,0.8325,1.60,4.00
2010.07.29 11:20:39.553,0.83235,0.8325,1.60,8.00
2010.07.29 11:20:39.893,0.83235,0.8325,1.60,9.60
2010.07.29 11:20:41.733,0.83235,0.8325,1.60,11.20
2010.07.29 11:20:45.724,0.83235,0.83245,1.60,1.60
2010.07.29 11:20:46.024,0.83235,0.83245,1.60,3.20
2010.07.29 11:20:46.253,0.8323,0.83245,2.40,3.20
2010.07.29 11:20:46.733,0.8323,0.83245,2.40,1.60
2010.07.29 11:20:46.968,0.8323,0.83245,2.40,13.60
2010.07.29 11:20:50.232,0.8323,0.83245,2.40,9.60
2010.07.29 11:20:50.402,0.8323,0.83245,2.40,5.60
2010.07.29 11:20:50.583,0.83235,0.83245,2.40,5.60
2010.07.29 11:20:54.615,0.8323,0.83245,2.40,7.20
2010.07.29 11:20:58.467,0.8323,0.83245,2.40,5.60
2010.07.29 11:20:58.523,0.8323,0.83245,2.40,9.60
2010.07.29 11:20:58.582,0.8323,0.83245,2.40,5.60
2010.07.29 11:20:59.904,0.83235,0.83245,2.40,1.60
2010.07.29 11:21:05.692,0.83235,0.83245,1.60,5.60
2010.07.29 11:21:05.873,0.83235,0.83245,1.60,9.60
2010.07.29 11:21:06.488,0.83235,0.83245,1.60,11.20
2010.07.29 11:21:09.674,0.8323,0.83245,1.60,9.60
2010.07.29 11:21:09.876,0.8323,0.8324,1.60,1.60
2010.07.29 11:21:11.432,0.8323,0.83245,1.60,12.80
2010.07.29 11:21:11.722,0.8323,0.8324,1.60,1.60
2010.07.29 11:21:12.465,0.8323,0.8324,1.60,9.60
2010.07.29 11:21:15.758,0.8321,0.8323,4.00,5.60
2010.07.29 11:21:15.959,0.8321,0.8323,4.00,9.60
2010.07.29 11:21:16.634,0.83205,0.83225,12.70,1.60
2010.07.29 11:21:17.319,0.83205,0.8323,15.10,11.20
2010.07.29 11:21:18.413,0.83205,0.8323,16.70,11.20
2010.07.29 11:21:23.212,0.83205,0.83225,11.10,3.20
2010.07.29 11:21:23.492,0.83205,0.83225,7.10,7.20
2010.07.29 11:21:24.289,0.83205,0.83225,7.10,11.20
2010.07.29 11:21:24.593,0.83205,0.83225,7.20,11.20
2010.07.29 11:21:24.901,0.83205,0.83225,11.20,7.20
2010.07.29 11:21:25.202,0.83205,0.83225,9.60,7.20
2010.07.29 11:21:25.515,0.832,0.8322,1.50,16.00
2010.07.29 11:21:25.713,0.832,0.8322,1.50,17.60
2010.07.29 11:21:25.912,0.832,0.83215,1.00,3.20
2010.07.29 11:21:26.642,0.832,0.83215,1.00,7.20
2010.07.29 11:21:27.402,0.83195,0.83215,7.90,7.20
2010.07.29 11:21:27.892,0.832,0.83215,1.60,7.20
2010.07.29 11:21:28.352,0.832,0.83215,1.60,5.60
2010.07.29 11:21:28.576,0.832,0.8322,11.90,4.00
2010.07.29 11:21:28.724,0.83205,0.83225,1.60,19.20
2010.07.29 11:21:30.517,0.83205,0.83225,4.70,11.20
2010.07.29 11:21:30.743,0.83205,0.83225,17.60,1.60
2010.07.29 11:21:32.482,0.83205,0.83225,16.00,1.60
2010.07.29 11:21:33.099,0.83205,0.83225,9.60,5.60
2010.07.29 11:21:34.740,0.83205,0.83225,11.20,1.60
2010.07.29 11:21:35.053,0.83205,0.83225,16.00,1.60
2010.07.29 11:21:36.352,0.8321,0.83225,2.40,1.60
2010.07.29 11:21:36.966,0.83205,0.8323,20.80,12.80
2010.07.29 11:21:37.474,0.8321,0.8323,1.00,11.20
2010.07.29 11:21:37.814,0.8321,0.8323,1.00,9.60
2010.07.29 11:21:38.948,0.83205,0.83225,2.40,17.60
2010.07.29 11:21:40.692,0.83205,0.83225,3.20,17.60
2010.07.29 11:21:40.846,0.83205,0.83225,3.10,14.40
2010.07.29 11:21:43.073,0.83205,0.8322,1.50,12.00
2010.07.29 11:21:43.313,0.832,0.8322,1.00,13.60
2010.07.29 11:21:43.908,0.832,0.83215,1.00,1.60
2010.07.29 11:21:44.158,0.832,0.83215,6.30,1.60
2010.07.29 11:21:44.771,0.832,0.83225,6.30,20.80
2010.07.29 11:21:45.812,0.832,0.8322,5.50,2.40
2010.07.29 11:21:46.087,0.832,0.8322,1.00,13.60
2010.07.29 11:21:46.889,0.832,0.8322,4.70,13.60
2010.07.29 11:21:47.141,0.832,0.8322,4.70,9.60
2010.07.29 11:21:48.223,0.832,0.8322,4.70,5.60
2010.07.29 11:21:48.662,0.832,0.8322,4.70,9.60
2010.07.29 11:21:48.842,0.832,0.8322,1.00,9.60
2010.07.29 11:21:49.022,0.832,0.83215,1.00,1.60
2010.07.29 11:21:51.552,0.832,0.83215,1.00,2.40
2010.07.29 11:21:51.834,0.83195,0.83215,13.50,3.20
2010.07.29 11:21:52.174,0.83195,0.83215,3.90,9.60
2010.07.29 11:21:53.076,0.8319,0.8321,11.10,3.20
2010.07.29 11:21:54.333,0.83195,0.83215,1.00,18.40
2010.07.29 11:21:54.586,0.83195,0.83215,11.90,4.80
2010.07.29 11:21:54.834,0.83195,0.83215,11.90,1.60
2010.07.29 11:21:55.964,0.83195,0.83215,1.50,15.20
2010.07.29 11:21:56.292,0.83195,0.83215,7.90,7.20
2010.07.29 11:21:56.840,0.83195,0.83215,5.50,9.60
2010.07.29 11:21:57.107,0.8319,0.83215,13.50,16.00
2010.07.29 11:21:59.012,0.83195,0.83215,4.00,10.40
2010.07.29 11:21:59.794,0.83195,0.83215,8.00,4.00
2010.07.29 11:22:00.014,0.83195,0.83215,15.10,1.60
2010.07.29 11:22:00.172,0.83195,0.83215,13.50,3.20
2010.07.29 11:22:00.914,0.83195,0.83215,3.10,13.60
2010.07.29 11:22:01.074,0.83195,0.83215,2.30,13.60
2010.07.29 11:22:02.368,0.83195,0.83215,1.00,13.60
2010.07.29 11:22:05.723,0.8319,0.8321,12.70,1.60
2010.07.29 11:22:05.935,0.8319,0.8321,9.60,1.60
2010.07.29 11:22:06.769,0.83185,0.83205,8.80,4.80
2010.07.29 11:22:07.115,0.8318,0.83205,13.50,11.20
2010.07.29 11:22:07.583,0.83185,0.83205,6.40,4.80
2010.07.29 11:22:07.934,0.8319,0.83205,4.00,2.40
2010.07.29 11:22:08.442,0.83185,0.83205,10.40,2.40
2010.07.29 11:22:09.387,0.83185,0.83195,4.00,1.60
2010.07.29 11:22:09.638,0.8318,0.83195,4.00,1.60
2010.07.29 11:22:10.340,0.83175,0.83185,8.00,5.60
2010.07.29 11:22:11.099,0.8317,0.8318,4.00,2.40
2010.07.29 11:22:11.449,0.83165,0.83175,4.00,1.60
2010.07.29 11:22:12.235,0.8316,0.83185,15.20,15.20
2010.07.29 11:22:12.576,0.83165,0.83185,8.00,5.60
2010.07.29 11:22:13.384,0.83165,0.83185,16.80,1.00
2010.07.29 11:22:14.164,0.8317,0.83195,15.20,16.80
2010.07.29 11:22:14.425,0.83175,0.83195,1.60,12.80
2010.07.29 11:22:14.683,0.83175,0.83195,9.60,4.80
2010.07.29 11:22:15.504,0.8317,0.83185,4.00,2.40
2010.07.29 11:22:15.848,0.83165,0.83185,9.60,4.80
2010.07.29 11:22:16.077,0.83165,0.83185,14.40,1.60
2010.07.29 11:22:16.658,0.8317,0.83185,4.00,1.60
2010.07.29 11:22:16.887,0.83175,0.83195,2.40,12.00
2010.07.29 11:22:17.236,0.83175,0.83195,4.00,12.00
2010.07.29 11:22:17.745,0.83175,0.83195,4.00,10.40
2010.07.29 11:22:18.090,0.83195,0.83205,1.60,9.60
2010.07.29 11:22:18.642,0.83195,0.83205,2.40,8.00
2010.07.29 11:22:18.976,0.832,0.8322,3.20,4.80
2010.07.29 11:22:19.753,0.832,0.8322,3.20,8.80
2010.07.29 11:22:20.097,0.832,0.8322,3.20,6.40
2010.07.29 11:22:20.366,0.832,0.8322,4.00,8.00
2010.07.29 11:22:21.015,0.83195,0.8322,15.10,13.60
2010.07.29 11:22:21.273,0.83195,0.83215,6.30,8.00
2010.07.29 11:22:21.543,0.83195,0.83215,10.30,4.00
2010.07.29 11:22:22.591,0.83195,0.83215,8.70,8.00
2010.07.29 11:22:22.936,0.83195,0.8322,19.20,13.60
2010.07.29 11:22:23.537,0.83195,0.8322,15.10,12.00
2010.07.29 11:22:23.806,0.83195,0.83215,10.30,4.00
2010.07.29 11:22:24.615,0.83195,0.83215,3.90,11.20
2010.07.29 11:22:25.360,0.83195,0.83215,1.60,11.20
2010.07.29 11:22:25.676,0.832,0.83215,5.60,1.00
2010.07.29 11:22:26.362,0.832,0.83215,1.60,5.60
2010.07.29 11:22:26.612,0.832,0.83215,4.00,1.60
2010.07.29 11:22:26.866,0.832,0.8322,1.60,11.20
2010.07.29 11:22:27.555,0.83195,0.8322,12.70,15.20
2010.07.29 11:22:28.099,0.83195,0.83215,17.60,4.00
2010.07.29 11:22:28.308,0.832,0.8322,8.00,6.40
2010.07.29 11:22:28.516,0.8321,0.8322,1.60,8.00
2010.07.29 11:22:29.157,0.83205,0.8322,15.20,2.40
2010.07.29 11:22:29.493,0.83205,0.8322,8.00,3.20
2010.07.29 11:22:29.833,0.83195,0.8322,16.80,15.20
2010.07.29 11:22:31.015,0.832,0.8322,4.00,11.20
2010.07.29 11:22:31.741,0.832,0.8322,4.00,7.20
2010.07.29 11:22:32.693,0.832,0.8322,4.00,6.40
2010.07.29 11:22:33.035,0.832,0.8322,4.00,10.40
2010.07.29 11:22:33.562,0.832,0.8322,4.00,6.40
2010.07.29 11:22:34.191,0.832,0.8322,12.80,4.80
2010.07.29 11:22:34.867,0.83205,0.83225,2.40,16.00
2010.07.29 11:22:35.166,0.83205,0.83225,10.40,8.00
2010.07.29 11:22:36.052,0.83205,0.83225,10.40,6.40
2010.07.29 11:22:37.046,0.8321,0.83225,1.60,11.20
2010.07.29 11:22:37.213,0.83215,0.83225,1.60,12.80
2010.07.29 11:22:37.543,0.8322,0.83225,2.40,11.20
2010.07.29 11:22:37.999,0.8322,0.83225,2.40,9.60
2010.07.29 11:22:38.167,0.8322,0.8323,1.60,8.80
2010.07.29 11:22:38.845,0.83225,0.83235,4.00,11.20
2010.07.29 11:22:39.341,0.83225,0.83235,1.60,9.60
2010.07.29 11:22:39.570,0.8322,0.8323,1.60,4.80
2010.07.29 11:22:39.801,0.8322,0.8323,1.60,6.40
2010.07.29 11:22:40.474,0.8322,0.8323,1.60,10.40
2010.07.29 11:22:40.814,0.83215,0.83225,1.60,1.60
2010.07.29 11:22:41.152,0.83215,0.83225,1.60,3.20
2010.07.29 11:22:41.845,0.8322,0.83225,2.40,1.60
2010.07.29 11:22:42.086,0.83225,0.83235,1.60,12.80
2010.07.29 11:22:42.562,0.8322,0.83235,2.40,12.80
2010.07.29 11:22:43.394,0.83215,0.83225,1.60,3.20
2010.07.29 11:22:43.735,0.83215,0.83225,1.60,7.20
2010.07.29 11:22:43.941,0.83215,0.83225,1.60,1.60
2010.07.29 11:22:44.583,0.8322,0.83225,1.60,4.00
2010.07.29 11:22:44.787,0.8322,0.8323,1.60,12.80
2010.07.29 11:22:45.135,0.8322,0.83225,1.60,1.60
2010.07.29 11:22:45.911,0.83215,0.83225,1.60,2.40
2010.07.29 11:22:46.669,0.83205,0.8322,8.00,1.60
2010.07.29 11:22:46.957,0.832,0.8322,12.70,1.60
2010.07.29 11:22:47.699,0.832,0.8322,9.60,4.00
2010.07.29 11:22:47.997,0.832,0.8322,5.60,5.60
2010.07.29 11:22:48.335,0.832,0.8322,5.60,7.20
2010.07.29 11:22:49.082,0.832,0.8322,5.60,11.20
2010.07.29 11:22:49.314,0.832,0.8322,5.60,7.20
2010.07.29 11:22:51.224,0.832,0.8322,9.60,3.20
2010.07.29 11:22:51.432,0.832,0.8322,5.60,3.20
2010.07.29 11:22:54.643,0.832,0.8322,1.60,7.20
2010.07.29 11:22:54.881,0.832,0.8322,5.60,11.20
2010.07.29 11:22:55.112,0.832,0.8322,1.60,11.20
2010.07.29 11:22:55.856,0.832,0.8322,4.00,9.60
2010.07.29 11:22:56.179,0.83195,0.8322,11.10,15.20
2010.07.29 11:22:56.683,0.83195,0.8322,11.90,13.60
2010.07.29 11:22:56.934,0.832,0.8322,1.60,11.20
2010.07.29 11:22:57.183,0.832,0.8322,5.60,7.20
2010.07.29 11:22:57.502,0.832,0.8322,5.60,3.20
2010.07.29 11:22:58.260,0.832,0.8322,1.60,11.20
2010.07.29 11:22:58.359,0.83195,0.8321,4.00,4.80
2010.07.29 11:22:58.454,0.8319,0.8321,8.00,4.80
2010.07.29 11:22:59.086,0.83185,0.83205,11.10,1.60
2010.07.29 11:22:59.352,0.8319,0.83205,4.00,1.60
2010.07.29 11:23:00.071,0.83185,0.83205,12.70,1.60
2010.07.29 11:23:00.416,0.83185,0.8321,15.10,12.80
2010.07.29 11:23:01.230,0.83185,0.8321,14.30,15.20
2010.07.29 11:23:01.759,0.83195,0.8321,1.60,1.00
2010.07.29 11:23:02.215,0.83195,0.83215,1.60,11.20
2010.07.29 11:23:02.557,0.83195,0.83215,5.60,8.00
2010.07.29 11:23:03.943,0.83195,0.83215,1.60,12.00
2010.07.29 11:23:04.604,0.83195,0.83215,1.60,13.60
2010.07.29 11:23:04.993,0.8319,0.83215,12.70,15.20
2010.07.29 11:23:05.699,0.83195,0.83215,1.60,12.80
2010.07.29 11:23:05.975,0.83195,0.83215,7.20,5.60
2010.07.29 11:23:06.102,0.83195,0.83215,5.60,5.60
2010.07.29 11:23:07.991,0.83195,0.83215,1.60,9.60
2010.07.29 11:23:08.243,0.83195,0.83215,5.60,5.60
2010.07.29 11:23:08.520,0.83195,0.83215,5.60,9.60
2010.07.29 11:23:08.682,0.83195,0.83215,5.60,5.60
2010.07.29 11:23:08.842,0.83195,0.83215,4.00,9.60
2010.07.29 11:23:09.629,0.83195,0.83215,4.00,11.20
2010.07.29 11:23:10.424,0.83195,0.83215,4.00,16.80
2010.07.29 11:23:10.908,0.8319,0.83215,11.90,16.80
2010.07.29 11:23:11.170,0.8319,0.83215,10.30,16.80
2010.07.29 11:23:11.397,0.83195,0.83215,9.60,2.40
2010.07.29 11:23:11.623,0.83195,0.83215,12.00,1.00
2010.07.29 11:23:12.675,0.83195,0.83215,12.00,2.40
2010.07.29 11:23:13.004,0.83195,0.83215,13.60,2.40
2010.07.29 11:23:13.804,0.832,0.83215,1.60,2.40
2010.07.29 11:23:14.070,0.83195,0.8321,1.60,1.60
2010.07.29 11:23:14.333,0.83195,0.8321,5.60,1.60
2010.07.29 11:23:15.072,0.8319,0.8321,9.60,4.00
2010.07.29 11:23:15.367,0.8319,0.8321,11.90,1.60
2010.07.29 11:23:16.079,0.83195,0.8321,1.60,1.60
2010.07.29 11:23:16.400,0.8319,0.8321,11.20,1.60
2010.07.29 11:23:16.625,0.83195,0.83215,1.60,14.40
2010.07.29 11:23:16.844,0.83195,0.83215,3.20,10.40
2010.07.29 11:23:17.064,0.832,0.8322,4.00,13.60
2010.07.29 11:23:17.537,0.832,0.83215,4.00,1.60
2010.07.29 11:23:17.755,0.832,0.83225,12.70,12.80
2010.07.29 11:23:18.425,0.832,0.83225,10.30,12.80
2010.07.29 11:23:18.765,0.832,0.8322,11.90,1.60
2010.07.29 11:23:19.032,0.832,0.83225,14.30,12.80
2010.07.29 11:23:19.788,0.83205,0.83225,4.00,8.80
2010.07.29 11:23:19.998,0.83205,0.83225,10.40,1.60
2010.07.29 11:23:20.205,0.83205,0.8323,12.70,12.00
2010.07.29 11:23:20.850,0.83205,0.8322,8.00,1.60
2010.07.29 11:23:21.830,0.83205,0.83225,5.60,8.00
2010.07.29 11:23:22.469,0.83205,0.83225,4.00,8.00
2010.07.29 11:23:24.091,0.83205,0.83225,5.60,7.20
2010.07.29 11:23:24.253,0.83205,0.83225,6.40,5.60
2010.07.29 11:23:24.391,0.83205,0.83225,8.00,4.80
2010.07.29 11:23:24.532,0.83205,0.83225,9.60,4.80
2010.07.29 11:23:24.602,0.83205,0.83225,8.80,1.00
2010.07.29 11:23:24.672,0.83205,0.83225,14.40,1.00
2010.07.29 11:23:25.235,0.8321,0.8323,4.00,13.60
2010.07.29 11:23:25.335,0.8321,0.8323,5.60,7.20
2010.07.29 11:23:26.905,0.8321,0.8323,8.00,1.60
2010.07.29 11:23:27.375,0.8321,0.8323,12.00,1.60
2010.07.29 11:23:27.564,0.83215,0.8323,1.60,1.00
2010.07.29 11:23:28.834,0.83215,0.83235,1.60,13.60
2010.07.29 11:23:29.072,0.83215,0.83235,4.00,11.20
2010.07.29 11:23:29.313,0.83215,0.83235,8.00,5.60
2010.07.29 11:23:29.552,0.83215,0.83235,5.60,6.40
2010.07.29 11:23:29.793,0.83215,0.83235,8.00,6.40
2010.07.29 11:23:30.033,0.83215,0.83235,4.00,8.80
2010.07.29 11:23:30.784,0.83215,0.83235,6.40,6.40
2010.07.29 11:23:32.002,0.83215,0.83235,2.40,10.40
2010.07.29 11:23:35.127,0.83215,0.83235,4.00,10.40
2010.07.29 11:23:38.870,0.83215,0.83235,4.00,8.80
2010.07.29 11:23:40.192,0.83215,0.83235,3.20,10.40
2010.07.29 11:23:40.715,0.83215,0.83235,1.60,10.40
2010.07.29 11:23:40.875,0.83215,0.83235,1.60,12.00
2010.07.29 11:23:41.263,0.8321,0.83235,15.10,15.20
2010.07.29 11:23:41.632,0.83215,0.83235,2.40,12.00
2010.07.29 11:23:42.234,0.83215,0.83235,1.60,12.00
2010.07.29 11:23:42.575,0.83215,0.83235,12.00,2.40
2010.07.29 11:23:43.102,0.83215,0.83235,13.60,1.00
2010.07.29 11:23:43.764,0.8322,0.8324,4.00,15.20
2010.07.29 11:23:43.952,0.8322,0.83235,8.00,4.00
2010.07.29 11:23:44.163,0.8322,0.8324,9.60,9.60
2010.07.29 11:23:45.333,0.83225,0.83245,1.60,14.40
2010.07.29 11:23:45.452,0.8322,0.83245,20.00,16.00
2010.07.29 11:23:46.101,0.8322,0.8324,16.00,4.00
2010.07.29 11:23:46.212,0.8322,0.83245,20.00,16.00
2010.07.29 11:23:46.912,0.8322,0.8324,16.00,4.00
2010.07.29 11:23:47.191,0.8322,0.83245,20.00,16.00
2010.07.29 11:23:47.462,0.8322,0.8324,16.00,4.00
2010.07.29 11:23:48.003,0.8322,0.83245,16.00,16.00
2010.07.29 11:23:48.666,0.8322,0.8324,16.00,4.00
2010.07.29 11:23:48.893,0.83225,0.8324,1.60,4.00
2010.07.29 11:23:49.091,0.83225,0.83245,1.60,14.40
2010.07.29 11:23:49.471,0.8322,0.83245,20.00,16.00
2010.07.29 11:23:52.844,0.8322,0.83245,20.00,14.40
2010.07.29 11:23:53.022,0.8322,0.8324,12.00,4.80
2010.07.29 11:23:53.203,0.8322,0.8324,8.00,8.80
2010.07.29 11:23:53.691,0.8322,0.83235,8.00,1.60
2010.07.29 11:23:53.855,0.83215,0.83235,5.50,9.60
2010.07.29 11:23:57.996,0.83215,0.8323,1.50,7.20
2010.07.29 11:23:58.242,0.8321,0.8323,3.90,11.20
2010.07.29 11:23:58.492,0.8321,0.8323,2.30,11.20
2010.07.29 11:23:59.707,0.8321,0.8323,1.00,13.60
2010.07.29 11:23:59.885,0.83205,0.8323,16.00,15.20
2010.07.29 11:24:00.063,0.83205,0.8323,11.90,17.60
2010.07.29 11:24:00.698,0.83205,0.83225,12.80,1.60
2010.07.29 11:24:06.058,0.83205,0.83225,15.20,3.20
2010.07.29 11:24:06.248,0.8321,0.83225,5.60,1.60
2010.07.29 11:24:07.291,0.8321,0.8323,5.60,3.20
2010.07.29 11:24:07.936,0.8321,0.83225,1.60,1.60
2010.07.29 11:24:08.138,0.83205,0.83225,9.60,3.20
2010.07.29 11:24:08.334,0.83205,0.83225,11.20,1.60
2010.07.29 11:24:08.533,0.83205,0.83225,9.60,3.20
2010.07.29 11:24:09.974,0.83205,0.83225,7.20,5.60
2010.07.29 11:24:10.793,0.8321,0.83225,1.60,5.60
2010.07.29 11:24:11.033,0.83205,0.83225,8.80,1.60
2010.07.29 11:24:11.656,0.83205,0.83225,9.60,7.20
2010.07.29 11:24:11.897,0.83205,0.83225,11.20,3.20
2010.07.29 11:24:12.794,0.83205,0.83225,12.00,2.40
2010.07.29 11:24:13.094,0.83205,0.83225,12.70,1.60
2010.07.29 11:24:13.935,0.83205,0.8323,16.80,16.80
2010.07.29 11:24:14.132,0.8321,0.8323,1.60,17.60
2010.07.29 11:24:14.894,0.8321,0.8323,6.30,9.60
2010.07.29 11:24:15.225,0.8321,0.8323,10.30,5.60
2010.07.29 11:24:16.244,0.8321,0.8323,6.30,5.60
2010.07.29 11:24:16.964,0.8321,0.8323,7.90,3.20
2010.07.29 11:24:17.864,0.8321,0.8323,6.30,4.00
2010.07.29 11:24:19.393,0.8321,0.8323,12.00,1.60
2010.07.29 11:24:19.645,0.8321,0.83235,16.00,13.60
2010.07.29 11:24:20.226,0.83215,0.83235,1.60,12.80
2010.07.29 11:24:20.835,0.8321,0.83235,16.00,15.20
2010.07.29 11:24:21.438,0.8321,0.8323,11.90,4.00
2010.07.29 11:24:21.704,0.8321,0.8323,3.90,9.60
2010.07.29 11:24:21.973,0.8321,0.8323,1.00,11.20
2010.07.29 11:24:23.474,0.8321,0.8323,1.00,12.00
2010.07.29 11:24:23.818,0.83205,0.8323,12.70,15.20
2010.07.29 11:24:23.975,0.83205,0.83225,8.70,4.00
2010.07.29 11:24:24.585,0.83205,0.8322,1.00,1.60
2010.07.29 11:24:25.282,0.83205,0.8322,6.30,1.60
2010.07.29 11:24:25.934,0.83205,0.83225,1.00,17.60
2010.07.29 11:24:26.023,0.83205,0.83225,3.90,12.00
2010.07.29 11:24:26.113,0.83205,0.83225,2.30,13.60
2010.07.29 11:24:26.287,0.83205,0.83225,3.10,13.60
2010.07.29 11:24:28.292,0.83205,0.83225,3.10,11.20
2010.07.29 11:24:28.474,0.83205,0.83225,5.50,11.20
2010.07.29 11:24:29.085,0.83205,0.83225,7.10,8.00
2010.07.29 11:24:29.265,0.83205,0.83225,11.10,4.00
2010.07.29 11:24:29.604,0.83205,0.8323,15.10,10.40
2010.07.29 11:24:30.533,0.83205,0.8323,15.10,12.00
2010.07.29 11:24:30.732,0.83205,0.83225,11.10,5.60
2010.07.29 11:24:34.543,0.83205,0.83225,7.10,9.60
2010.07.29 11:24:35.232,0.83205,0.83225,15.10,1.60
2010.07.29 11:24:36.535,0.83205,0.8323,15.10,10.40
2010.07.29 11:24:37.177,0.8321,0.83235,13.60,13.60
2010.07.29 11:24:37.524,0.8321,0.83235,16.00,13.60
2010.07.29 11:24:39.215,0.8321,0.83235,16.00,12.00
2010.07.29 11:24:39.545,0.8321,0.83235,17.60,12.80
2010.07.29 11:24:39.875,0.8321,0.8323,11.10,3.20
2010.07.29 11:24:40.206,0.8321,0.8323,1.60,15.20
2010.07.29 11:24:40.533,0.8321,0.8323,1.60,12.80
2010.07.29 11:24:41.337,0.8321,0.8323,4.00,15.20
2010.07.29 11:24:41.452,0.83215,0.8323,2.40,15.20
2010.07.29 11:24:41.573,0.83215,0.8323,2.40,11.20
2010.07.29 11:24:41.692,0.83215,0.8323,2.40,7.20
2010.07.29 11:24:43.613,0.8321,0.8323,8.00,7.20
2010.07.29 11:24:43.862,0.8321,0.83225,8.00,1.60
2010.07.29 11:24:44.602,0.8321,0.83225,4.00,1.60
2010.07.29 11:24:45.697,0.8321,0.83225,1.60,1.60
2010.07.29 11:24:49.282,0.8321,0.8323,4.00,15.20
2010.07.29 11:24:50.182,0.8321,0.8323,1.60,16.80
2010.07.29 11:24:50.444,0.8321,0.83225,1.60,8.80
2010.07.29 11:24:51.395,0.83205,0.83225,8.00,8.80
2010.07.29 11:24:52.332,0.83205,0.83225,13.50,7.20
2010.07.29 11:24:52.492,0.83205,0.83225,13.50,3.20
2010.07.29 11:24:53.133,0.83205,0.8323,15.10,16.80
2010.07.29 11:24:53.385,0.8321,0.8323,2.40,15.20
2010.07.29 11:24:58.491,0.8321,0.83225,2.40,1.60
2010.07.29 11:25:00.693,0.8321,0.83225,2.40,3.20
2010.07.29 11:25:01.356,0.83215,0.83225,2.40,3.20
2010.07.29 11:25:01.511,0.83215,0.83225,2.40,1.60
2010.07.29 11:25:01.762,0.83215,0.83225,2.40,5.60
2010.07.29 11:25:02.151,0.83215,0.83225,2.40,1.60
2010.07.29 11:25:07.817,0.8321,0.83235,7.90,17.60
2010.07.29 11:25:08.153,0.8321,0.8323,7.90,5.60
2010.07.29 11:25:10.332,0.83215,0.8323,1.60,5.60
2010.07.29 11:25:11.021,0.83215,0.83235,1.50,14.40
2010.07.29 11:25:11.300,0.83215,0.8323,1.50,4.00
2010.07.29 11:25:11.572,0.83215,0.83235,1.50,16.00
2010.07.29 11:25:12.861,0.8321,0.83225,5.50,1.60
2010.07.29 11:25:13.205,0.83205,0.83225,12.70,1.60
2010.07.29 11:25:13.455,0.83205,0.83225,11.10,1.60
2010.07.29 11:25:13.572,0.83205,0.83225,12.70,1.60
2010.07.29 11:25:13.685,0.83205,0.83225,11.10,3.20
2010.07.29 11:25:14.293,0.83205,0.83225,12.70,1.60
2010.07.29 11:25:17.162,0.83205,0.83225,11.10,4.80
2010.07.29 11:25:18.585,0.83205,0.83225,12.70,3.20
2010.07.29 11:25:19.461,0.83205,0.83225,11.10,4.80
2010.07.29 11:25:20.673,0.83205,0.83225,9.50,5.60
2010.07.29 11:25:22.492,0.83205,0.8322,8.00,1.60
2010.07.29 11:25:22.835,0.832,0.83225,11.10,15.20
2010.07.29 11:25:23.173,0.83205,0.83225,8.00,7.20
2010.07.29 11:25:24.300,0.83205,0.83225,8.00,5.60
2010.07.29 11:25:25.313,0.83205,0.8322,8.00,1.60
2010.07.29 11:25:25.524,0.83205,0.8322,8.00,3.20
2010.07.29 11:25:25.968,0.83205,0.8322,4.00,3.20
2010.07.29 11:25:26.099,0.832,0.8322,4.70,3.20
2010.07.29 11:25:26.662,0.832,0.83215,4.70,1.60
2010.07.29 11:25:26.793,0.83195,0.83215,15.90,1.60
2010.07.29 11:25:26.922,0.83195,0.83215,7.80,8.00
2010.07.29 11:25:27.052,0.83195,0.83215,1.60,12.00
2010.07.29 11:25:27.800,0.83195,0.83215,1.60,8.80
2010.07.29 11:25:28.148,0.83195,0.83215,7.20,8.80
2010.07.29 11:25:28.315,0.83195,0.83215,8.00,7.20
2010.07.29 11:25:28.901,0.83195,0.8322,19.20,12.80
2010.07.29 11:25:29.076,0.832,0.8322,16.00,1.60
2010.07.29 11:25:30.336,0.83205,0.8322,4.00,1.60
2010.07.29 11:25:31.142,0.83205,0.83225,4.00,11.20
2010.07.29 11:25:31.414,0.83205,0.83225,9.60,6.40
2010.07.29 11:25:32.124,0.83205,0.83225,5.60,10.40
2010.07.29 11:25:35.782,0.83205,0.83225,1.60,14.40
2010.07.29 11:25:38.931,0.83205,0.83225,1.60,13.60
2010.07.29 11:25:39.112,0.83205,0.83225,1.60,12.80
2010.07.29 11:25:39.730,0.83205,0.83225,3.20,11.20
2010.07.29 11:25:39.986,0.83205,0.83225,7.20,7.20
2010.07.29 11:25:45.181,0.83205,0.83225,3.20,11.20
2010.07.29 11:25:47.172,0.83205,0.83225,4.70,11.20
2010.07.29 11:25:47.514,0.83205,0.83225,12.70,3.20
2010.07.29 11:25:48.539,0.83205,0.83225,14.30,1.60
2010.07.29 11:25:51.072,0.83205,0.8323,15.10,17.60
2010.07.29 11:25:51.792,0.8321,0.8323,7.10,5.60
2010.07.29 11:25:52.723,0.8321,0.8323,7.10,8.00
2010.07.29 11:25:52.914,0.8321,0.8323,5.50,12.00
2010.07.29 11:25:53.559,0.8321,0.8323,7.10,5.60
2010.07.29 11:25:54.613,0.8321,0.8323,7.10,9.60
2010.07.29 11:25:54.791,0.8321,0.8323,3.10,9.60
2010.07.29 11:25:54.961,0.8321,0.8323,3.10,11.20
2010.07.29 11:25:56.257,0.8321,0.8323,3.10,9.60
2010.07.29 11:25:56.632,0.8321,0.8323,3.10,5.60
2010.07.29 11:25:56.771,0.8321,0.8323,7.10,5.60
2010.07.29 11:25:58.591,0.8321,0.8323,7.10,4.00
2010.07.29 11:25:58.812,0.8321,0.8323,5.50,6.40
2010.07.29 11:25:59.044,0.8321,0.8323,3.10,9.60
2010.07.29 11:25:59.262,0.8321,0.8323,3.10,8.00
2010.07.29 11:25:59.983,0.8321,0.8323,7.10,4.00
2010.07.29 11:26:01.112,0.8321,0.83235,11.10,16.80
2010.07.29 11:26:01.781,0.8321,0.83235,7.10,16.80
2010.07.29 11:26:02.995,0.8321,0.83235,12.70,15.20
2010.07.29 11:26:04.062,0.8321,0.83235,12.70,16.80
2010.07.29 11:26:05.423,0.8321,0.8323,12.70,2.40
2010.07.29 11:26:05.593,0.8321,0.83235,12.70,15.20
2010.07.29 11:26:06.832,0.8321,0.83235,8.70,15.20
2010.07.29 11:26:07.202,0.83215,0.83235,1.60,12.80
2010.07.29 11:26:07.385,0.83215,0.83235,4.70,9.60
2010.07.29 11:26:08.025,0.83215,0.8324,15.10,12.80
2010.07.29 11:26:08.273,0.8322,0.8324,2.40,8.00
2010.07.29 11:26:08.523,0.8322,0.8324,3.90,8.00
2010.07.29 11:26:10.874,0.8322,0.8324,1.50,11.20
2010.07.29 11:26:11.032,0.8322,0.8324,1.50,15.20
2010.07.29 11:26:14.483,0.8322,0.8324,1.00,16.00
2010.07.29 11:26:14.676,0.83215,0.83235,11.10,9.60
2010.07.29 11:26:14.864,0.83215,0.8323,1.50,2.40
2010.07.29 11:26:15.470,0.8321,0.83235,12.70,18.40
2010.07.29 11:26:15.655,0.8321,0.83235,12.70,19.20
2010.07.29 11:26:16.494,0.83215,0.83235,1.60,13.60
2010.07.29 11:26:17.059,0.83215,0.83235,7.20,7.20
2010.07.29 11:26:17.247,0.83215,0.83235,4.70,9.60
2010.07.29 11:26:17.783,0.83215,0.83235,5.50,8.00
2010.07.29 11:26:18.256,0.83215,0.83235,1.00,12.80
2010.07.29 11:26:18.600,0.8321,0.8323,9.50,6.40
2010.07.29 11:26:18.932,0.8321,0.8323,11.10,6.40
2010.07.29 11:26:19.912,0.8321,0.83225,8.00,2.40
2010.07.29 11:26:20.113,0.8321,0.83225,4.00,1.60
2010.07.29 11:26:20.675,0.8321,0.8323,5.60,5.60
2010.07.29 11:26:20.936,0.8321,0.8323,12.00,1.00
2010.07.29 11:26:21.194,0.8321,0.8323,11.20,1.00
2010.07.29 11:26:21.453,0.8321,0.8323,12.00,1.00
2010.07.29 11:26:23.145,0.8321,0.8323,4.00,12.80
2010.07.29 11:26:23.291,0.8321,0.8323,4.00,11.20
2010.07.29 11:26:23.862,0.8321,0.8323,7.20,6.40
2010.07.29 11:26:24.002,0.8321,0.8323,7.20,2.40
2010.07.29 11:26:27.351,0.8321,0.8323,11.20,2.40
2010.07.29 11:26:47.714,0.83215,0.8323,1.00,1.60
2010.07.29 11:26:48.014,0.8322,0.8324,4.70,12.00
2010.07.29 11:26:48.307,0.83225,0.83245,6.30,8.00
2010.07.29 11:26:48.599,0.8323,0.83245,2.40,8.00
2010.07.29 11:26:49.072,0.8323,0.83245,4.80,8.00
2010.07.29 11:26:49.372,0.83235,0.83255,4.00,11.20
2010.07.29 11:26:49.663,0.83235,0.83255,4.00,7.20
2010.07.29 11:26:50.495,0.83235,0.83255,7.20,8.80
2010.07.29 11:26:50.836,0.8323,0.8325,9.50,8.00
2010.07.29 11:26:51.175,0.83225,0.83245,13.60,1.60
2010.07.29 11:26:51.845,0.83235,0.8325,1.60,1.60
2010.07.29 11:26:52.312,0.8323,0.8325,12.00,4.00
2010.07.29 11:26:52.594,0.83225,0.8325,15.10,8.00
2010.07.29 11:26:53.039,0.83225,0.8325,15.10,12.00
2010.07.29 11:26:53.308,0.83225,0.83245,13.60,1.60
2010.07.29 11:26:57.473,0.83225,0.83245,12.00,1.60
2010.07.29 11:26:57.811,0.83225,0.83245,13.60,1.60
2010.07.29 11:26:58.131,0.83225,0.83245,16.00,1.60
2010.07.29 11:27:01.122,0.83225,0.83245,13.60,1.60
2010.07.29 11:27:04.634,0.83225,0.83245,1.60,11.20
2010.07.29 11:27:04.924,0.83225,0.83245,8.00,7.20
2010.07.29 11:27:05.482,0.83225,0.83245,12.00,7.20
2010.07.29 11:27:05.780,0.83225,0.83245,8.00,7.20
2010.07.29 11:27:06.365,0.83225,0.83245,12.00,1.60
2010.07.29 11:27:07.198,0.83225,0.83245,11.10,8.00
2010.07.29 11:27:07.454,0.83225,0.83245,3.10,16.00
2010.07.29 11:27:08.365,0.83225,0.83245,7.10,12.00
2010.07.29 11:27:12.182,0.83225,0.83245,9.50,9.60
2010.07.29 11:27:12.462,0.83235,0.83245,1.60,1.60
2010.07.29 11:27:14.124,0.83235,0.8325,1.20,11.20
2010.07.29 11:27:14.643,0.83235,0.8325,1.20,8.80
2010.07.29 11:27:14.883,0.83235,0.83255,2.80,11.20
2010.07.29 11:27:15.121,0.83235,0.83255,2.80,9.60
2010.07.29 11:27:19.764,0.83235,0.83255,2.80,11.20
2010.07.29 11:27:19.964,0.83235,0.83255,2.80,12.80
2010.07.29 11:27:20.768,0.83235,0.8325,2.80,4.00
2010.07.29 11:27:21.073,0.83235,0.83255,2.80,12.80
2010.07.29 11:27:22.505,0.83235,0.83255,1.20,16.80
2010.07.29 11:27:22.843,0.83235,0.83255,1.20,18.40
2010.07.29 11:27:23.274,0.83235,0.8325,1.20,4.00
2010.07.29 11:27:24.883,0.83235,0.83255,4.40,14.40
2010.07.29 11:27:25.632,0.83235,0.83255,6.80,8.00
2010.07.29 11:27:25.945,0.83235,0.83255,10.80,2.40
2010.07.29 11:27:27.306,0.83235,0.83255,11.60,1.60
2010.07.29 11:27:27.506,0.8324,0.83255,1.60,1.60
2010.07.29 11:27:27.702,0.8324,0.8326,1.60,4.80
2010.07.29 11:27:29.472,0.8324,0.8326,2.30,3.20
2010.07.29 11:27:29.623,0.8324,0.83255,4.70,3.20
2010.07.29 11:27:29.773,0.8324,0.83255,5.60,1.60
2010.07.29 11:27:29.922,0.8324,0.8326,5.60,3.20
2010.07.29 11:27:30.072,0.8324,0.8326,5.60,4.80
2010.07.29 11:27:30.888,0.8324,0.83255,4.00,1.60
2010.07.29 11:27:31.203,0.83235,0.83255,14.00,1.60
2010.07.29 11:27:31.522,0.83235,0.83255,8.40,5.60
2010.07.29 11:27:32.164,0.83235,0.83255,8.40,9.60
2010.07.29 11:27:32.697,0.83235,0.83255,4.40,9.60
2010.07.29 11:27:32.917,0.8324,0.8325,1.60,4.00
2010.07.29 11:27:33.216,0.83235,0.83255,2.80,17.60
2010.07.29 11:27:33.815,0.83235,0.83255,1.20,19.20
2010.07.29 11:27:34.932,0.83235,0.83255,1.20,20.80
2010.07.29 11:27:35.291,0.83235,0.8325,1.20,2.40
2010.07.29 11:27:38.725,0.83235,0.8325,2.80,2.40
2010.07.29 11:27:38.876,0.83235,0.83255,4.40,16.80
2010.07.29 11:27:39.022,0.83235,0.83255,2.80,18.40
2010.07.29 11:27:39.313,0.8324,0.83255,1.60,14.40
2010.07.29 11:27:39.916,0.8324,0.83255,2.40,1.60
2010.07.29 11:27:40.215,0.8324,0.8326,9.60,3.20
2010.07.29 11:27:41.404,0.8324,0.8326,5.60,3.20
2010.07.29 11:27:41.674,0.8324,0.8326,9.60,3.20
2010.07.29 11:27:42.944,0.8324,0.8326,11.20,3.20
2010.07.29 11:27:46.393,0.83245,0.8326,8.00,3.20
2010.07.29 11:27:48.346,0.83245,0.83255,8.00,3.20
2010.07.29 11:27:48.587,0.83245,0.8326,8.00,3.20
2010.07.29 11:27:48.832,0.83245,0.8326,4.00,3.20
2010.07.29 11:27:49.278,0.8324,0.8326,11.20,3.20
2010.07.29 11:27:51.951,0.8324,0.8326,11.20,2.40
2010.07.29 11:27:52.062,0.8324,0.8326,11.90,1.60
2010.07.29 11:27:54.241,0.8324,0.83255,11.90,1.60
2010.07.29 11:27:54.331,0.8324,0.83255,10.30,3.20
2010.07.29 11:27:54.512,0.8324,0.8326,11.90,1.60
2010.07.29 11:27:54.712,0.83245,0.8326,8.00,1.60
2010.07.29 11:27:54.901,0.83245,0.8326,4.00,1.60
2010.07.29 11:27:55.009,0.8324,0.8326,11.90,1.60
2010.07.29 11:28:00.229,0.83245,0.83265,1.60,17.60
2010.07.29 11:28:00.506,0.8324,0.83255,6.30,5.60
2010.07.29 11:28:00.696,0.8324,0.83255,1.00,5.60
2010.07.29 11:28:00.887,0.8324,0.83255,4.70,2.40
2010.07.29 11:28:01.505,0.83245,0.8326,4.00,2.40
2010.07.29 11:28:01.749,0.8325,0.8327,1.60,16.00
2010.07.29 11:28:01.997,0.83255,0.8327,2.40,11.20
2010.07.29 11:28:02.235,0.83255,0.83275,16.00,1.60
2010.07.29 11:28:02.476,0.8326,0.8328,4.80,8.80
2010.07.29 11:28:03.268,0.83265,0.83285,12.00,5.60
2010.07.29 11:28:03.615,0.83265,0.8329,19.20,13.60
2010.07.29 11:28:03.763,0.83265,0.8329,20.80,11.20
2010.07.29 11:28:04.345,0.83265,0.8329,19.20,11.20
2010.07.29 11:28:04.501,0.8327,0.8329,8.00,6.40
2010.07.29 11:28:05.333,0.8327,0.83285,6.40,1.60
2010.07.29 11:28:05.945,0.83265,0.8328,11.10,1.60
2010.07.29 11:28:06.128,0.83255,0.83265,4.80,2.40
2010.07.29 11:28:06.316,0.8325,0.83265,1.60,2.40
2010.07.29 11:28:06.494,0.8325,0.83265,1.60,6.40
2010.07.29 11:28:07.057,0.8325,0.83265,1.60,10.40
2010.07.29 11:28:09.651,0.8325,0.83265,1.60,8.00
2010.07.29 11:28:11.523,0.83255,0.83265,1.60,4.00
2010.07.29 11:28:11.875,0.8325,0.83265,1.60,2.40
2010.07.29 11:28:12.137,0.83245,0.83265,16.80,2.40
2010.07.29 11:28:12.396,0.83245,0.83265,15.20,1.60
2010.07.29 11:28:13.083,0.83245,0.83265,14.40,1.60
2010.07.29 11:28:15.583,0.8325,0.83265,1.60,1.60
2010.07.29 11:28:17.402,0.8325,0.83265,3.20,1.60
2010.07.29 11:28:18.069,0.8325,0.8327,3.20,11.20
2010.07.29 11:28:19.341,0.8325,0.8327,1.60,13.60
2010.07.29 11:28:19.792,0.8325,0.8327,1.60,9.60
2010.07.29 11:28:20.247,0.8325,0.8327,5.60,5.60
2010.07.29 11:28:20.486,0.8325,0.8327,7.20,3.20
2010.07.29 11:28:20.722,0.8325,0.8327,5.60,5.60
2010.07.29 11:28:22.252,0.8325,0.8327,5.60,4.00
2010.07.29 11:28:22.484,0.83255,0.8327,1.60,4.00
2010.07.29 11:28:22.604,0.83255,0.8327,4.00,4.00
2010.07.29 11:28:22.725,0.83255,0.8327,8.00,4.00
2010.07.29 11:28:23.275,0.8326,0.83275,1.60,1.60
2010.07.29 11:28:25.175,0.83255,0.83275,16.00,1.60
2010.07.29 11:28:27.258,0.8326,0.83275,2.40,1.60
2010.07.29 11:28:27.536,0.8326,0.8328,12.00,4.00
2010.07.29 11:28:28.042,0.8326,0.8328,9.60,4.00
2010.07.29 11:28:28.296,0.8326,0.8328,10.40,1.60
2010.07.29 11:28:28.742,0.83265,0.8328,1.60,1.60
2010.07.29 11:28:28.873,0.83265,0.83285,2.40,12.00
2010.07.29 11:28:29.399,0.83265,0.83285,4.00,12.00
2010.07.29 11:28:29.537,0.83265,0.83285,1.60,14.40
2010.07.29 11:28:30.641,0.8326,0.83285,15.20,16.00
2010.07.29 11:28:32.110,0.8326,0.83285,16.80,15.20
2010.07.29 11:28:32.831,0.8326,0.83285,14.30,15.20
2010.07.29 11:28:32.996,0.8326,0.8328,11.90,1.60
2010.07.29 11:28:33.482,0.8326,0.8328,7.90,1.60
2010.07.29 11:28:33.802,0.8326,0.8328,11.90,1.60
2010.07.29 11:28:34.871,0.83265,0.8328,1.60,1.60
2010.07.29 11:28:38.871,0.83265,0.8328,4.00,1.60
2010.07.29 11:28:39.757,0.83265,0.8328,1.60,3.20
2010.07.29 11:28:40.103,0.8326,0.8328,3.20,11.20
2010.07.29 11:28:40.446,0.8326,0.8328,3.20,9.60
2010.07.29 11:28:41.016,0.8326,0.8328,7.20,5.60
2010.07.29 11:28:41.356,0.83265,0.8328,1.60,5.60
2010.07.29 11:28:41.685,0.83265,0.8328,1.60,7.20
2010.07.29 11:28:42.468,0.83265,0.8328,1.60,3.20
2010.07.29 11:28:44.254,0.83265,0.8328,1.60,1.60
2010.07.29 11:28:48.223,0.83265,0.83285,1.60,15.20
2010.07.29 11:28:51.663,0.83265,0.8328,1.60,4.00
2010.07.29 11:28:51.932,0.83265,0.83285,1.60,15.20
2010.07.29 11:28:52.702,0.83265,0.83285,4.00,11.20
2010.07.29 11:28:53.396,0.83265,0.8328,4.00,8.00
2010.07.29 11:28:53.513,0.83265,0.83285,4.00,12.00
2010.07.29 11:28:53.799,0.83265,0.83285,4.00,13.60
2010.07.29 11:28:53.921,0.83265,0.83285,2.40,13.60
2010.07.29 11:28:54.161,0.83265,0.83285,4.00,13.60
2010.07.29 11:28:57.522,0.83265,0.8328,1.60,6.40
2010.07.29 11:28:57.752,0.83265,0.8328,1.60,4.00
2010.07.29 11:29:00.894,0.83265,0.8328,1.60,12.00
2010.07.29 11:29:03.689,0.8326,0.8328,7.20,12.00
2010.07.29 11:29:04.702,0.8326,0.8328,8.80,12.00
2010.07.29 11:29:04.883,0.83265,0.8328,1.60,8.00
2010.07.29 11:29:05.142,0.8326,0.8328,12.80,8.00
2010.07.29 11:29:05.403,0.8326,0.8328,12.80,4.00
2010.07.29 11:29:07.252,0.8326,0.8328,16.80,4.00
2010.07.29 11:29:07.512,0.8326,0.8328,12.80,4.00
2010.07.29 11:29:08.083,0.8326,0.8328,8.80,8.00
2010.07.29 11:29:08.348,0.8326,0.8328,8.80,12.00
2010.07.29 11:29:10.312,0.8326,0.8328,7.20,12.00
2010.07.29 11:29:10.472,0.8326,0.8328,12.80,4.00
2010.07.29 11:29:10.641,0.8326,0.8328,8.80,12.00
2010.07.29 11:29:11.432,0.8326,0.8328,12.80,8.00
2010.07.29 11:29:16.498,0.8326,0.8328,12.80,4.00
2010.07.29 11:29:16.668,0.83265,0.83285,4.00,12.80
2010.07.29 11:29:18.919,0.83265,0.8328,4.00,8.00
2010.07.29 11:29:19.683,0.83265,0.8328,2.40,8.00
2010.07.29 11:29:22.132,0.83265,0.8328,2.40,4.00
2010.07.29 11:29:22.638,0.83265,0.83285,2.40,14.40
2010.07.29 11:29:28.744,0.83265,0.83285,2.40,12.80
2010.07.29 11:29:28.994,0.83265,0.83285,4.00,10.40
2010.07.29 11:29:29.142,0.83265,0.83285,1.60,12.80
2010.07.29 11:29:29.441,0.83265,0.83285,1.60,14.40
2010.07.29 11:29:30.863,0.8326,0.83285,17.60,16.00
2010.07.29 11:29:33.154,0.8326,0.83285,16.00,16.00
2010.07.29 11:29:33.471,0.8326,0.83285,17.60,16.00
2010.07.29 11:29:34.734,0.83265,0.83285,1.60,14.40
2010.07.29 11:29:36.133,0.83265,0.8328,1.60,4.00
2010.07.29 11:29:36.473,0.8326,0.8328,11.20,5.60
2010.07.29 11:29:37.537,0.8326,0.8328,13.60,4.00
2010.07.29 11:29:37.866,0.8326,0.83285,13.60,14.40
2010.07.29 11:29:38.962,0.8326,0.83285,17.60,14.40
2010.07.29 11:29:39.164,0.83265,0.83285,1.60,14.40
2010.07.29 11:29:44.053,0.8326,0.83285,17.60,14.40
2010.07.29 11:29:44.851,0.8326,0.83285,13.60,14.40
2010.07.29 11:29:45.032,0.8326,0.83285,17.60,14.40
2010.07.29 11:29:46.161,0.83265,0.83285,1.60,14.40
2010.07.29 11:29:56.578,0.83275,0.83285,2.40,4.00
2010.07.29 11:29:56.884,0.83285,0.83295,4.00,3.20
2010.07.29 11:29:57.114,0.8329,0.833,1.60,1.60
2010.07.29 11:29:57.805,0.83295,0.8331,1.60,1.60
2010.07.29 11:29:58.042,0.833,0.83315,6.40,1.60
2010.07.29 11:29:58.386,0.833,0.8331,1.60,1.60
2010.07.29 11:29:59.332,0.833,0.8331,4.00,1.60
2010.07.29 11:29:59.745,0.833,0.8332,8.80,2.40
2010.07.29 11:30:00.300,0.83295,0.83315,1.60,14.40
2010.07.29 11:30:00.468,0.8329,0.83315,12.00,16.80
2010.07.29 11:30:01.932,0.83295,0.83315,1.60,16.80
2010.07.29 11:30:02.812,0.8329,0.8331,11.20,1.60
2010.07.29 11:30:03.155,0.8329,0.83305,4.00,6.40
2010.07.29 11:30:03.497,0.8328,0.833,10.40,4.00
2010.07.29 11:30:03.833,0.8328,0.833,11.20,4.00
2010.07.29 11:30:04.548,0.8328,0.833,9.60,5.60
2010.07.29 11:30:04.825,0.8328,0.833,9.60,9.60
2010.07.29 11:30:05.077,0.8328,0.833,8.00,8.00
2010.07.29 11:30:05.647,0.83275,0.833,15.10,8.00
2010.07.29 11:30:05.896,0.83275,0.83295,8.70,4.00
2010.07.29 11:30:07.274,0.83275,0.83295,10.30,4.00
2010.07.29 11:30:07.702,0.83275,0.833,14.30,12.00
2010.07.29 11:30:08.739,0.83275,0.83295,11.90,1.60
2010.07.29 11:30:09.088,0.83275,0.83295,7.90,5.60
2010.07.29 11:30:09.434,0.83275,0.83295,3.90,9.60
2010.07.29 11:30:12.358,0.8328,0.83295,4.00,8.00
2010.07.29 11:30:12.545,0.8327,0.8329,13.60,1.60
2010.07.29 11:30:12.888,0.83275,0.83295,1.60,11.20
2010.07.29 11:30:13.666,0.83275,0.83295,3.20,11.20
2010.07.29 11:30:16.299,0.83275,0.83295,1.60,11.20
2010.07.29 11:30:16.635,0.8327,0.8329,8.80,6.40
2010.07.29 11:30:16.973,0.8327,0.8329,10.40,5.60
2010.07.29 11:30:17.194,0.8327,0.8329,11.20,5.60
2010.07.29 11:30:17.415,0.8327,0.83295,12.00,14.40
2010.07.29 11:30:17.986,0.8327,0.8329,15.20,1.60
2010.07.29 11:30:18.319,0.83275,0.83295,2.40,11.20
2010.07.29 11:30:18.652,0.83275,0.83295,4.00,9.60
2010.07.29 11:30:18.983,0.83275,0.83295,4.00,5.60
2010.07.29 11:30:19.262,0.83275,0.83295,8.00,5.60
2010.07.29 11:30:20.882,0.83275,0.83295,12.00,1.60
2010.07.29 11:30:22.144,0.83275,0.83295,9.60,3.20
2010.07.29 11:30:22.326,0.8327,0.8329,4.70,9.60
2010.07.29 11:30:24.228,0.8327,0.8329,11.10,4.00
2010.07.29 11:30:24.423,0.83275,0.8329,2.30,9.60
2010.07.29 11:30:24.621,0.83275,0.8329,1.60,8.00
2010.07.29 11:30:24.824,0.83275,0.8329,1.60,4.00
2010.07.29 11:30:25.460,0.8327,0.83295,13.60,16.80
2010.07.29 11:30:26.704,0.8327,0.83295,12.00,17.60
2010.07.29 11:30:27.309,0.8327,0.8329,7.90,2.40
2010.07.29 11:30:27.484,0.8327,0.8329,7.90,6.40
2010.07.29 11:30:27.662,0.8327,0.8329,5.50,8.00
2010.07.29 11:30:28.382,0.8327,0.8329,7.90,6.40
2010.07.29 11:30:29.873,0.8327,0.8329,5.50,10.40
2010.07.29 11:30:29.972,0.8327,0.8329,9.50,6.40
2010.07.29 11:30:30.312,0.8327,0.8329,5.50,6.40
2010.07.29 11:30:30.652,0.8327,0.8329,9.50,6.40
2010.07.29 11:30:32.531,0.8327,0.8329,8.70,6.40
2010.07.29 11:30:32.823,0.8327,0.8329,4.70,10.40
2010.07.29 11:30:33.092,0.8327,0.8329,8.70,6.40
2010.07.29 11:30:33.291,0.8327,0.8329,8.70,2.40
2010.07.29 11:30:33.762,0.8327,0.8329,6.30,4.00
2010.07.29 11:30:34.222,0.8327,0.83285,4.70,2.40
2010.07.29 11:30:34.567,0.8327,0.83285,8.70,4.00
2010.07.29 11:30:35.352,0.8327,0.83285,4.70,4.00
2010.07.29 11:30:35.983,0.8327,0.83285,8.70,4.00
2010.07.29 11:30:36.154,0.8327,0.83285,8.00,4.00
2010.07.29 11:30:36.772,0.8327,0.83285,8.00,2.40
2010.07.29 11:30:36.942,0.8327,0.8329,8.00,6.40
2010.07.29 11:30:39.118,0.8327,0.8329,8.00,5.60
2010.07.29 11:30:39.182,0.8327,0.8329,10.30,4.00
2010.07.29 11:30:40.982,0.8327,0.8329,11.90,4.00
2010.07.29 11:30:42.468,0.8328,0.8329,8.00,2.40
2010.07.29 11:30:42.607,0.83275,0.83295,4.00,8.80
2010.07.29 11:30:42.744,0.83275,0.83295,8.00,4.80
2010.07.29 11:30:43.451,0.83275,0.83295,10.40,2.40
2010.07.29 11:30:44.133,0.83275,0.83295,8.00,4.80
2010.07.29 11:30:44.472,0.83275,0.83295,12.80,2.40
2010.07.29 11:30:45.163,0.8328,0.83295,4.00,1.60
2010.07.29 11:30:46.412,0.83275,0.83295,13.50,1.60
2010.07.29 11:30:47.342,0.83275,0.833,13.50,12.00
2010.07.29 11:30:47.802,0.83275,0.833,16.00,12.00
2010.07.29 11:30:48.072,0.83275,0.833,17.60,12.00
2010.07.29 11:30:48.606,0.83275,0.83295,15.20,2.40
2010.07.29 11:30:48.766,0.83275,0.83295,9.60,3.20
2010.07.29 11:30:48.925,0.83275,0.83295,1.60,11.20
2010.07.29 11:30:49.510,0.8327,0.83295,12.70,13.60
2010.07.29 11:30:49.673,0.8327,0.8329,10.30,4.00
2010.07.29 11:30:53.875,0.83275,0.83295,4.00,8.80
2010.07.29 11:30:55.626,0.83275,0.83295,8.00,4.00
2010.07.29 11:30:55.865,0.83275,0.83295,10.40,2.40
2010.07.29 11:30:56.105,0.8328,0.83295,4.00,1.00
2010.07.29 11:30:56.763,0.8328,0.83295,8.00,1.00
2010.07.29 11:30:57.004,0.8328,0.833,8.00,3.20
2010.07.29 11:30:59.142,0.8328,0.83295,8.00,2.40
2010.07.29 11:31:00.914,0.83275,0.8329,8.00,2.40
2010.07.29 11:31:01.931,0.83275,0.8329,9.60,2.40
2010.07.29 11:31:03.673,0.83275,0.8329,12.00,2.40
2010.07.29 11:31:03.933,0.83275,0.83295,12.00,6.40
2010.07.29 11:31:04.443,0.8328,0.83295,2.40,6.40
2010.07.29 11:31:04.597,0.8328,0.833,8.80,5.60
2010.07.29 11:31:04.743,0.8328,0.833,12.80,3.20
2010.07.29 11:31:05.032,0.8328,0.833,12.80,2.40
2010.07.29 11:31:06.663,0.8328,0.833,12.00,2.40
2010.07.29 11:31:08.053,0.8328,0.833,12.00,3.20
2010.07.29 11:31:09.974,0.8328,0.833,12.80,3.20
2010.07.29 11:31:10.639,0.8328,0.833,12.80,1.60
2010.07.29 11:31:11.471,0.8328,0.833,14.40,1.60
2010.07.29 11:31:12.127,0.8328,0.833,12.80,1.60
2010.07.29 11:31:12.363,0.8328,0.833,12.80,3.20
2010.07.29 11:31:12.602,0.8328,0.833,8.80,5.60
2010.07.29 11:31:13.558,0.8328,0.833,12.80,5.60
2010.07.29 11:31:14.689,0.8328,0.833,12.80,4.00
2010.07.29 11:31:14.975,0.8328,0.833,12.80,5.60
2010.07.29 11:31:15.532,0.8328,0.833,14.40,4.80
2010.07.29 11:31:17.391,0.8328,0.833,14.40,3.20
2010.07.29 11:31:18.785,0.83275,0.8329,3.10,8.00
2010.07.29 11:31:19.559,0.8327,0.8329,6.40,5.60
2010.07.29 11:31:19.726,0.8327,0.83295,16.00,16.00
2010.07.29 11:31:19.885,0.83275,0.83295,1.60,13.60
2010.07.29 11:31:20.048,0.8328,0.83295,2.40,10.40
2010.07.29 11:31:20.672,0.8328,0.83295,2.40,12.80
2010.07.29 11:31:21.020,0.83275,0.83295,4.80,10.40
2010.07.29 11:31:21.964,0.83275,0.83295,14.40,2.40
2010.07.29 11:31:22.194,0.83275,0.83295,7.90,8.80
2010.07.29 11:31:22.422,0.83275,0.83295,6.30,11.20
2010.07.29 11:31:22.657,0.8327,0.8329,8.70,2.40
2010.07.29 11:31:23.229,0.8327,0.8329,8.00,4.00
2010.07.29 11:31:23.575,0.8327,0.8329,8.00,5.60
2010.07.29 11:31:24.103,0.8327,0.8329,11.10,1.60
2010.07.29 11:31:25.454,0.8327,0.8329,8.70,4.00
2010.07.29 11:31:26.147,0.83265,0.83285,5.60,8.80
2010.07.29 11:31:26.372,0.83265,0.83285,9.60,4.80
2010.07.29 11:31:26.591,0.83265,0.83285,5.60,8.80
2010.07.29 11:31:27.811,0.83265,0.83285,9.60,4.80
2010.07.29 11:31:32.291,0.83265,0.83285,9.60,3.20
2010.07.29 11:31:32.482,0.83265,0.83285,11.20,3.20
2010.07.29 11:31:35.997,0.83265,0.83285,9.60,3.20
2010.07.29 11:31:38.450,0.83265,0.83285,5.60,7.20
2010.07.29 11:31:38.793,0.83265,0.83285,1.60,11.20
2010.07.29 11:31:39.132,0.83265,0.83285,5.60,7.20
2010.07.29 11:31:39.753,0.83265,0.83285,5.60,9.60
2010.07.29 11:31:40.118,0.83265,0.83285,4.00,11.20
2010.07.29 11:31:44.844,0.83265,0.8328,4.00,1.60
2010.07.29 11:31:46.293,0.8326,0.8328,4.70,8.00
2010.07.29 11:31:47.502,0.8326,0.8328,8.70,4.00
2010.07.29 11:31:48.102,0.8326,0.83285,8.70,14.40
2010.07.29 11:31:49.188,0.8326,0.8328,6.30,5.60
2010.07.29 11:31:49.515,0.8326,0.8328,5.60,4.00
2010.07.29 11:31:52.272,0.8326,0.8328,7.10,2.40
2010.07.29 11:31:52.445,0.83265,0.8328,4.00,2.40
2010.07.29 11:31:52.615,0.83265,0.83285,4.00,12.00
2010.07.29 11:31:52.784,0.83265,0.83285,4.00,11.20
2010.07.29 11:31:53.349,0.83265,0.83285,9.50,7.20
2010.07.29 11:31:53.697,0.83265,0.83285,13.50,1.60
2010.07.29 11:31:54.038,0.8327,0.83285,4.00,8.00
2010.07.29 11:31:54.547,0.8327,0.83285,4.70,8.00
2010.07.29 11:31:54.783,0.83275,0.83295,4.70,9.60
2010.07.29 11:31:55.353,0.83275,0.83295,6.30,8.80
2010.07.29 11:31:56.123,0.83275,0.8329,1.60,1.60
2010.07.29 11:31:56.464,0.8327,0.8329,5.50,7.20
2010.07.29 11:31:56.706,0.83265,0.8328,8.00,3.20
2010.07.29 11:31:57.351,0.83255,0.83275,12.00,4.00
2010.07.29 11:31:57.579,0.8325,0.8327,9.60,4.80
2010.07.29 11:31:58.794,0.8325,0.8327,7.10,8.00
2010.07.29 11:31:59.136,0.8325,0.8327,6.30,4.00
2010.07.29 11:31:59.645,0.8325,0.8327,7.10,8.00
2010.07.29 11:31:59.967,0.8325,0.8327,7.10,1.60
2010.07.29 11:32:00.283,0.8325,0.8327,7.10,8.00
2010.07.29 11:32:00.604,0.8325,0.8327,6.30,8.00
2010.07.29 11:32:01.429,0.8325,0.83265,5.60,1.60
2010.07.29 11:32:02.133,0.8325,0.8327,14.40,5.60
2010.07.29 11:32:02.323,0.8325,0.8327,16.80,4.00
2010.07.29 11:32:02.767,0.83255,0.8327,2.40,4.00
2010.07.29 11:32:02.987,0.83255,0.8327,10.30,2.40
2010.07.29 11:32:03.395,0.83255,0.8327,11.10,2.40
2010.07.29 11:32:04.356,0.8326,0.83275,1.60,4.00
2010.07.29 11:32:06.099,0.8326,0.8328,8.70,4.00
2010.07.29 11:32:07.464,0.8326,0.8328,10.30,4.00
2010.07.29 11:32:07.772,0.8326,0.8328,11.10,4.00
2010.07.29 11:32:08.045,0.83265,0.8328,2.40,4.00
2010.07.29 11:32:08.184,0.83265,0.83285,2.40,12.00
2010.07.29 11:32:08.324,0.83265,0.83285,3.10,12.00
2010.07.29 11:32:10.193,0.8327,0.83285,1.60,12.00
2010.07.29 11:32:10.413,0.8327,0.83285,1.60,11.20
2010.07.29 11:32:11.065,0.8327,0.83285,1.60,9.60
2010.07.29 11:32:11.324,0.83265,0.83285,3.10,9.60
2010.07.29 11:32:11.584,0.83265,0.83285,3.10,12.80
2010.07.29 11:32:13.403,0.83265,0.83285,3.10,14.40
2010.07.29 11:32:13.509,0.8327,0.83285,1.60,8.00
2010.07.29 11:32:16.453,0.8327,0.8328,1.60,1.60
2010.07.29 11:32:16.712,0.8327,0.83285,1.60,8.00
2010.07.29 11:32:17.354,0.83265,0.8328,4.70,4.00
2010.07.29 11:32:17.575,0.83265,0.8328,4.70,4.00
2010.07.29 11:32:18.219,0.83265,0.83285,7.20,12.00
2010.07.29 11:32:18.567,0.83265,0.83285,15.20,4.00
2010.07.29 11:32:18.976,0.83265,0.83285,13.60,5.60
2010.07.29 11:32:19.231,0.83265,0.8328,11.10,1.60
2010.07.29 11:32:19.891,0.83265,0.83285,11.10,5.60
2010.07.29 11:32:20.093,0.83265,0.83285,5.60,13.60
2010.07.29 11:32:20.303,0.8327,0.83285,3.20,4.00
2010.07.29 11:32:20.513,0.8327,0.83285,3.20,1.60
2010.07.29 11:32:21.019,0.83275,0.8329,1.60,15.20
2010.07.29 11:32:21.368,0.83275,0.8329,6.30,4.00
2010.07.29 11:32:22.819,0.83275,0.8329,2.30,4.00
2010.07.29 11:32:23.485,0.83275,0.83295,2.30,15.20
2010.07.29 11:32:24.472,0.83275,0.83295,6.30,11.20
2010.07.29 11:32:24.934,0.83275,0.83295,4.70,13.60
2010.07.29 11:32:25.174,0.8327,0.83295,10.30,19.20
2010.07.29 11:32:25.884,0.8327,0.8329,1.60,10.40
2010.07.29 11:32:26.933,0.8327,0.8329,1.60,8.80
2010.07.29 11:32:27.491,0.8327,0.8328,1.60,1.60
2010.07.29 11:32:27.677,0.83265,0.83285,9.50,8.00
2010.07.29 11:32:27.926,0.83265,0.8328,1.00,1.60
2010.07.29 11:32:28.176,0.8326,0.8328,11.90,4.00
2010.07.29 11:32:28.424,0.8326,0.8328,9.50,5.60
2010.07.29 11:32:29.105,0.8326,0.83275,8.70,4.00
2010.07.29 11:32:29.335,0.8326,0.8328,1.00,13.60
2010.07.29 11:32:29.563,0.8326,0.8328,4.70,5.60
2010.07.29 11:32:32.894,0.8326,0.8328,6.30,4.00
2010.07.29 11:32:33.238,0.8326,0.83285,11.10,17.60
2010.07.29 11:32:38.055,0.8326,0.83285,10.30,19.20
2010.07.29 11:32:39.224,0.8326,0.83285,11.10,17.60
2010.07.29 11:32:39.452,0.8326,0.83285,7.10,17.60
2010.07.29 11:32:42.213,0.8326,0.83285,11.10,17.60
2010.07.29 11:32:48.902,0.8326,0.83285,10.30,19.20
2010.07.29 11:32:49.112,0.8326,0.8328,10.30,1.60
2010.07.29 11:32:49.232,0.8326,0.8328,6.30,1.60
2010.07.29 11:32:49.352,0.8326,0.83285,6.30,19.20
2010.07.29 11:32:49.955,0.8326,0.83285,7.10,17.60
2010.07.29 11:32:50.461,0.8326,0.83285,7.10,15.20
2010.07.29 11:32:51.223,0.8326,0.83285,11.10,13.60
2010.07.29 11:32:51.393,0.8326,0.83285,11.10,15.20
2010.07.29 11:32:51.562,0.8326,0.8328,8.70,4.00
2010.07.29 11:32:51.904,0.8326,0.83285,8.70,13.60
2010.07.29 11:32:52.547,0.8326,0.8328,8.70,4.00
2010.07.29 11:32:52.834,0.8326,0.8328,12.70,2.40
2010.07.29 11:32:53.402,0.8326,0.8328,8.70,2.40
2010.07.29 11:32:54.832,0.8326,0.8328,7.90,2.40
2010.07.29 11:32:55.341,0.8326,0.8328,8.70,2.40
2010.07.29 11:32:59.630,0.8326,0.8328,5.60,4.80
2010.07.29 11:32:59.775,0.8326,0.8328,5.60,8.80
2010.07.29 11:32:59.914,0.8326,0.8328,4.00,8.80
2010.07.29 11:33:00.481,0.83255,0.8328,20.80,8.80
2010.07.29 11:33:00.824,0.83255,0.8328,19.20,13.60
2010.07.29 11:33:01.165,0.83255,0.83275,18.40,1.60
2010.07.29 11:33:01.850,0.8325,0.8327,13.50,4.00
2010.07.29 11:33:02.114,0.8325,0.8327,12.70,4.00
2010.07.29 11:33:03.172,0.8325,0.8327,11.10,4.80
2010.07.29 11:33:03.382,0.8325,0.8327,10.30,5.60
2010.07.29 11:33:05.816,0.8325,0.83265,3.10,4.00
2010.07.29 11:33:06.093,0.8325,0.83265,2.30,1.60
2010.07.29 11:33:06.375,0.8325,0.83265,3.90,1.60
2010.07.29 11:33:06.998,0.8325,0.83265,4.70,4.00
2010.07.29 11:33:07.239,0.83245,0.83255,8.00,2.40
2010.07.29 11:33:07.476,0.83235,0.83255,12.40,5.60
2010.07.29 11:33:07.941,0.83235,0.83255,14.00,4.00
2010.07.29 11:33:08.182,0.83235,0.83255,10.80,6.40
2010.07.29 11:33:10.983,0.83235,0.83255,16.50,2.40
2010.07.29 11:33:11.718,0.83235,0.8325,9.20,4.00
2010.07.29 11:33:12.033,0.83235,0.8325,1.20,15.20
2010.07.29 11:33:12.336,0.83235,0.8325,1.20,13.60
2010.07.29 11:33:12.885,0.83235,0.8325,1.20,9.60
2010.07.29 11:33:13.228,0.83235,0.8325,1.20,5.60
2010.07.29 11:33:15.785,0.83235,0.8325,1.20,2.40
2010.07.29 11:33:15.986,0.83235,0.83255,1.20,15.20
2010.07.29 11:33:16.184,0.83235,0.8325,1.20,1.60
2010.07.29 11:33:16.384,0.83235,0.83255,1.20,15.20
2010.07.29 11:33:17.605,0.83235,0.83245,1.20,1.60
2010.07.29 11:33:17.865,0.83235,0.8325,1.20,9.60
2010.07.29 11:33:18.124,0.83235,0.8325,1.20,7.20
2010.07.29 11:33:18.383,0.83235,0.8325,1.20,5.60
2010.07.29 11:33:18.724,0.83235,0.8325,1.20,4.00
2010.07.29 11:33:19.541,0.83235,0.83255,5.20,7.20
2010.07.29 11:33:19.685,0.83235,0.83255,9.20,7.20
2010.07.29 11:33:20.479,0.83235,0.83255,13.20,7.20
2010.07.29 11:33:20.626,0.83235,0.83255,14.00,1.60
2010.07.29 11:33:21.523,0.83235,0.83255,11.60,2.40
2010.07.29 11:33:22.201,0.83235,0.83255,13.20,2.40
2010.07.29 11:33:22.429,0.83235,0.83245,1.20,2.40
2010.07.29 11:33:22.876,0.83235,0.8325,1.20,13.60
2010.07.29 11:33:23.645,0.83235,0.8325,1.20,4.00
2010.07.29 11:33:23.962,0.83235,0.8325,1.20,5.60
2010.07.29 11:33:24.818,0.83235,0.8325,1.20,4.00
2010.07.29 11:33:25.160,0.83235,0.83245,1.00,3.20
2010.07.29 11:33:25.476,0.83235,0.8325,1.00,12.80
2010.07.29 11:33:25.801,0.83235,0.83245,1.00,1.60
2010.07.29 11:33:26.426,0.83235,0.83245,1.00,3.20
2010.07.29 11:33:26.756,0.83235,0.83245,1.00,1.60
2010.07.29 11:33:27.096,0.83235,0.8325,1.00,14.40
2010.07.29 11:33:27.435,0.83235,0.8325,1.00,5.60
2010.07.29 11:33:27.673,0.83235,0.8325,1.00,8.00
2010.07.29 11:33:28.353,0.83235,0.8325,1.00,16.00
2010.07.29 11:33:29.757,0.83215,0.8323,3.20,2.40
2010.07.29 11:33:30.602,0.83215,0.8323,1.60,2.40
2010.07.29 11:33:31.112,0.83215,0.8323,1.60,4.80
2010.07.29 11:33:32.014,0.83215,0.83235,1.60,17.60
2010.07.29 11:33:32.204,0.83215,0.8323,1.60,2.40
2010.07.29 11:33:34.078,0.8321,0.83225,8.80,4.00
2010.07.29 11:33:34.203,0.8321,0.83225,8.00,4.00
2010.07.29 11:33:34.323,0.8321,0.83225,8.00,2.40
2010.07.29 11:33:34.443,0.8321,0.83225,4.00,2.40
2010.07.29 11:33:34.904,0.8321,0.8323,4.00,12.80
2010.07.29 11:33:35.024,0.8321,0.8323,4.00,7.20
2010.07.29 11:33:36.105,0.8321,0.8323,5.60,5.60
2010.07.29 11:33:36.423,0.8321,0.8323,12.00,3.20
2010.07.29 11:33:36.742,0.8321,0.8323,6.40,4.80
2010.07.29 11:33:37.592,0.8321,0.8323,10.40,4.80
2010.07.29 11:33:37.804,0.8321,0.8323,9.60,6.40
2010.07.29 11:33:38.092,0.8321,0.8323,5.60,6.40
2010.07.29 11:33:38.182,0.8321,0.8323,9.60,6.40
2010.07.29 11:33:38.513,0.8321,0.8323,5.60,6.40
2010.07.29 11:33:39.601,0.8321,0.83225,1.00,4.00
2010.07.29 11:33:39.913,0.8321,0.83225,1.00,2.40
2010.07.29 11:33:40.974,0.83205,0.8322,9.50,2.40
2010.07.29 11:33:42.863,0.83205,0.8322,11.10,2.40
2010.07.29 11:33:43.252,0.83205,0.83225,13.60,4.00
2010.07.29 11:33:45.787,0.83205,0.83225,11.10,8.00
2010.07.29 11:33:45.893,0.83205,0.83225,12.70,5.60
2010.07.29 11:33:46.113,0.83205,0.83225,12.70,3.20
2010.07.29 11:33:47.633,0.83205,0.83225,11.10,5.60
2010.07.29 11:33:47.832,0.83205,0.83225,7.10,9.60
2010.07.29 11:33:48.033,0.83205,0.83225,7.10,10.40
2010.07.29 11:33:48.795,0.83205,0.8322,2.30,2.40
2010.07.29 11:33:49.908,0.83205,0.8322,1.60,6.40
2010.07.29 11:33:50.255,0.832,0.8322,5.50,8.00
2010.07.29 11:33:51.214,0.832,0.8322,7.10,5.60
2010.07.29 11:33:51.806,0.832,0.8322,11.90,1.60
2010.07.29 11:33:51.964,0.83205,0.8322,2.40,1.60
2010.07.29 11:33:52.182,0.83205,0.83225,2.40,11.20
2010.07.29 11:33:52.292,0.83205,0.83225,3.90,11.20
2010.07.29 11:33:53.306,0.83205,0.83225,7.90,7.20
2010.07.29 11:33:53.646,0.83205,0.83225,3.90,11.20
2010.07.29 11:33:55.764,0.83205,0.8322,1.50,2.40
2010.07.29 11:33:58.473,0.83205,0.8322,1.50,4.00
2010.07.29 11:34:00.132,0.83205,0.8322,1.00,4.00
2010.07.29 11:34:00.232,0.832,0.8322,13.50,4.00
2010.07.29 11:34:00.335,0.832,0.8322,9.50,4.00
2010.07.29 11:34:00.625,0.832,0.8322,12.00,4.00
2010.07.29 11:34:01.683,0.832,0.8322,17.60,2.40
2010.07.29 11:34:01.992,0.832,0.8322,13.60,2.40
2010.07.29 11:34:03.265,0.832,0.8322,17.60,2.40
2010.07.29 11:34:05.443,0.83205,0.8322,8.00,2.40
2010.07.29 11:34:05.718,0.83205,0.8322,13.50,2.40
2010.07.29 11:34:06.515,0.8321,0.83225,1.60,1.60
2010.07.29 11:34:06.855,0.83215,0.83235,1.60,12.80
2010.07.29 11:34:07.327,0.83215,0.83235,1.60,11.20
2010.07.29 11:34:07.646,0.83215,0.83235,7.20,5.60
2010.07.29 11:34:08.826,0.8322,0.83235,1.60,5.60
2010.07.29 11:34:09.169,0.8322,0.8324,4.70,13.60
2010.07.29 11:34:09.517,0.8322,0.8324,7.90,8.80
2010.07.29 11:34:09.663,0.8322,0.8324,11.90,2.40
2010.07.29 11:34:09.815,0.83225,0.8324,1.60,1.00
2010.07.29 11:34:10.445,0.83225,0.83245,5.60,7.20
2010.07.29 11:34:11.612,0.83225,0.83245,1.60,7.20
2010.07.29 11:34:12.140,0.83225,0.83245,1.60,12.80
2010.07.29 11:34:12.365,0.8322,0.8324,12.70,1.60
2010.07.29 11:34:12.963,0.83225,0.83245,1.60,15.20
2010.07.29 11:34:13.457,0.83225,0.83245,1.60,12.80
2010.07.29 11:34:13.785,0.83225,0.83245,1.60,11.20
2010.07.29 11:34:14.463,0.83225,0.83245,5.60,7.20
2010.07.29 11:34:15.622,0.83225,0.83245,1.60,11.20
2010.07.29 11:34:16.342,0.83225,0.83245,5.60,7.20
2010.07.29 11:34:16.571,0.83225,0.83245,3.20,7.20
2010.07.29 11:34:16.802,0.83225,0.83245,3.20,11.20
2010.07.29 11:34:17.033,0.83225,0.83245,7.20,7.20
2010.07.29 11:34:18.363,0.83225,0.83245,11.20,5.60
2010.07.29 11:34:18.705,0.83225,0.83245,16.80,4.00
2010.07.29 11:34:19.201,0.83225,0.83245,20.80,4.00
2010.07.29 11:34:19.366,0.83225,0.8325,20.80,13.60
2010.07.29 11:34:20.344,0.83225,0.8325,20.80,15.20
2010.07.29 11:34:21.143,0.83225,0.8325,20.80,13.60
2010.07.29 11:34:21.482,0.83225,0.8325,20.80,15.20
2010.07.29 11:34:23.020,0.83225,0.8325,20.80,13.60
2010.07.29 11:34:23.218,0.8323,0.83245,1.60,8.80
2010.07.29 11:34:23.416,0.83225,0.83245,15.20,4.00
2010.07.29 11:34:23.615,0.83225,0.8325,17.60,14.40
2010.07.29 11:34:23.854,0.83225,0.8325,18.40,16.00
2010.07.29 11:34:27.136,0.83225,0.8324,12.70,2.40
2010.07.29 11:34:27.599,0.83225,0.8324,8.70,6.40
2010.07.29 11:34:27.778,0.83225,0.83245,1.60,9.60
2010.07.29 11:34:28.465,0.8322,0.8324,9.50,6.40
2010.07.29 11:34:29.235,0.83225,0.83245,1.60,14.40
2010.07.29 11:34:31.115,0.83225,0.83245,14.40,3.20
2010.07.29 11:34:31.332,0.83225,0.83245,17.60,1.60
2010.07.29 11:34:33.872,0.83225,0.83235,13.60,1.60
2010.07.29 11:34:34.094,0.83225,0.8324,1.60,9.60
2010.07.29 11:34:34.324,0.8322,0.8324,8.00,5.60
2010.07.29 11:34:34.886,0.8322,0.8324,8.00,6.40
2010.07.29 11:34:35.005,0.8322,0.8324,12.00,2.40
2010.07.29 11:34:35.912,0.8322,0.8324,12.00,4.80
2010.07.29 11:34:37.406,0.83225,0.8324,1.60,4.80
2010.07.29 11:34:37.415,0.83225,0.83235,1.60,1.00
2010.07.29 11:34:37.534,0.8322,0.83235,10.40,3.20
2010.07.29 11:34:37.653,0.8322,0.83235,8.00,5.60
2010.07.29 11:34:37.774,0.8322,0.83235,4.00,5.60
2010.07.29 11:34:37.892,0.83215,0.83235,16.80,5.60
2010.07.29 11:34:38.012,0.83215,0.83235,17.60,4.00
2010.07.29 11:34:38.133,0.83215,0.83235,17.60,3.20
2010.07.29 11:34:39.535,0.83215,0.83235,13.60,7.20
2010.07.29 11:34:40.132,0.83215,0.83235,13.60,11.20
2010.07.29 11:34:40.632,0.83215,0.83235,9.60,11.20
2010.07.29 11:34:41.656,0.83215,0.8323,4.00,3.20
2010.07.29 11:34:41.774,0.83215,0.8323,2.40,4.00
2010.07.29 11:34:41.893,0.8321,0.8323,12.00,7.20
2010.07.29 11:34:42.478,0.8321,0.8323,12.00,6.40
2010.07.29 11:34:43.755,0.83215,0.83235,4.00,14.40
2010.07.29 11:34:44.172,0.83215,0.83235,5.60,14.40
2010.07.29 11:34:46.436,0.83215,0.83235,3.20,14.40
2010.07.29 11:34:48.358,0.8321,0.8323,7.10,10.40
2010.07.29 11:34:48.706,0.8322,0.83235,5.60,2.40
2010.07.29 11:34:49.235,0.8322,0.83235,7.20,2.40
2010.07.29 11:34:49.466,0.8323,0.8324,1.60,8.00
2010.07.29 11:34:49.686,0.8323,0.8324,1.60,4.00
2010.07.29 11:34:50.316,0.8323,0.83245,1.60,7.20
2010.07.29 11:34:52.542,0.8323,0.83245,1.60,11.20
2010.07.29 11:34:52.824,0.83225,0.83245,3.20,11.20
2010.07.29 11:34:54.244,0.83225,0.83245,5.60,11.20
2010.07.29 11:34:55.636,0.83225,0.83245,3.20,11.20
2010.07.29 11:35:00.061,0.8323,0.83245,2.40,9.60
2010.07.29 11:35:00.300,0.8323,0.8325,4.00,9.60
2010.07.29 11:35:00.845,0.8323,0.83245,1.60,8.00
2010.07.29 11:35:01.883,0.8323,0.83245,1.60,9.60
2010.07.29 11:35:02.413,0.83225,0.83245,5.60,8.00
2010.07.29 11:35:02.694,0.83225,0.83245,9.60,4.00
2010.07.29 11:35:03.424,0.83225,0.83245,9.60,8.00
2010.07.29 11:35:03.748,0.83225,0.83245,4.80,11.20
2010.07.29 11:35:04.065,0.83225,0.83245,3.20,13.60
2010.07.29 11:35:04.965,0.83225,0.83245,4.80,11.20
2010.07.29 11:35:05.164,0.83225,0.83245,5.60,12.00
2010.07.29 11:35:05.363,0.83225,0.83245,5.60,9.60
2010.07.29 11:35:06.003,0.83225,0.83245,5.60,12.00
2010.07.29 11:35:06.258,0.83225,0.83245,4.80,13.60
2010.07.29 11:35:06.515,0.83225,0.83245,7.20,13.60
2010.07.29 11:35:07.664,0.83225,0.83245,3.90,12.00
2010.07.29 11:35:07.935,0.83225,0.83245,9.60,6.40
2010.07.29 11:35:08.579,0.83225,0.83245,7.20,10.40
2010.07.29 11:35:08.925,0.83225,0.8324,1.60,4.00
2010.07.29 11:35:09.721,0.8322,0.8324,11.20,4.00
2010.07.29 11:35:10.713,0.83225,0.8324,1.60,4.00
2010.07.29 11:35:11.053,0.83225,0.8324,1.60,5.60
2010.07.29 11:35:11.202,0.83225,0.8324,1.60,4.00
2010.07.29 11:35:11.435,0.83225,0.8324,1.60,8.00
2010.07.29 11:35:12.150,0.83225,0.8324,3.20,8.00
2010.07.29 11:35:12.393,0.83225,0.8324,3.20,4.00
2010.07.29 11:35:13.715,0.8322,0.8324,1.00,11.20
2010.07.29 11:35:14.352,0.8322,0.8324,4.70,7.20
2010.07.29 11:35:15.103,0.8322,0.8324,1.00,11.20
2010.07.29 11:35:15.408,0.8322,0.8324,6.30,5.60
2010.07.29 11:35:15.576,0.83225,0.8324,2.40,4.00
2010.07.29 11:35:16.259,0.83225,0.8324,4.00,5.60
2010.07.29 11:35:16.614,0.83225,0.8324,3.20,4.00
2010.07.29 11:35:17.294,0.83225,0.83245,4.80,15.20
2010.07.29 11:35:19.814,0.83225,0.83245,7.20,13.60
2010.07.29 11:35:24.535,0.83225,0.83245,4.80,12.80
2010.07.29 11:35:25.523,0.83225,0.83245,8.00,8.80
2010.07.29 11:35:26.059,0.83225,0.83245,9.60,8.80
2010.07.29 11:35:28.633,0.83225,0.83245,8.00,8.80
2010.07.29 11:35:29.752,0.83225,0.83245,12.00,4.80
2010.07.29 11:35:30.274,0.83225,0.83245,16.00,1.00
2010.07.29 11:35:30.812,0.83225,0.83245,17.60,1.00
2010.07.29 11:35:33.511,0.83225,0.83245,13.60,4.80
2010.07.29 11:35:33.794,0.83225,0.83245,9.60,8.80
2010.07.29 11:35:36.062,0.83225,0.8324,5.60,1.60
2010.07.29 11:35:36.671,0.8322,0.8324,9.60,8.00
2010.07.29 11:35:36.853,0.83225,0.8324,1.60,2.40
2010.07.29 11:35:37.103,0.83225,0.83245,4.00,14.40
2010.07.29 11:35:38.750,0.83225,0.83245,4.00,16.00
2010.07.29 11:35:39.177,0.83225,0.83245,3.20,16.00
2010.07.29 11:35:39.387,0.83225,0.83245,1.60,16.00
2010.07.29 11:35:40.362,0.83225,0.83245,3.20,16.00
2010.07.29 11:35:40.692,0.83225,0.83245,3.20,14.40
2010.07.29 11:35:45.027,0.83225,0.83245,1.60,16.00
2010.07.29 11:35:48.793,0.83225,0.83245,3.20,14.40
2010.07.29 11:35:52.313,0.83225,0.83245,1.60,16.00
2010.07.29 11:35:54.532,0.83225,0.8324,1.60,4.00
2010.07.29 11:35:58.814,0.8322,0.8324,11.20,4.00
2010.07.29 11:35:59.247,0.83225,0.8324,1.00,4.00
2010.07.29 11:35:59.569,0.83225,0.83245,7.20,9.60
2010.07.29 11:36:00.013,0.83225,0.83245,8.80,9.60
2010.07.29 11:36:01.675,0.83225,0.83245,10.40,8.00
2010.07.29 11:36:02.956,0.8323,0.83245,2.40,4.00
2010.07.29 11:36:03.102,0.8323,0.8325,2.40,10.40
2010.07.29 11:36:03.870,0.8323,0.8325,2.40,11.20
2010.07.29 11:36:04.114,0.83225,0.83245,3.20,10.40
2010.07.29 11:36:04.765,0.83225,0.83245,5.60,8.80
2010.07.29 11:36:06.365,0.83225,0.83245,1.60,10.40
2010.07.29 11:36:08.912,0.83225,0.83245,1.60,12.80
2010.07.29 11:36:09.154,0.83215,0.8324,12.70,17.60
2010.07.29 11:36:09.386,0.83215,0.8324,14.30,18.40
2010.07.29 11:36:14.093,0.83215,0.83235,14.30,4.00
2010.07.29 11:36:14.732,0.83215,0.83235,10.30,4.00
2010.07.29 11:36:14.854,0.83215,0.8324,10.30,18.40
2010.07.29 11:36:14.972,0.83215,0.8324,14.30,18.40
2010.07.29 11:36:15.612,0.83215,0.8324,14.30,19.20
2010.07.29 11:36:20.365,0.83215,0.83235,14.30,4.00
2010.07.29 11:36:20.572,0.83215,0.83235,10.30,4.00
2010.07.29 11:36:22.263,0.8322,0.83235,2.40,4.00
2010.07.29 11:36:23.199,0.8322,0.83235,6.40,4.00
2010.07.29 11:36:23.404,0.8322,0.8324,12.00,8.00
2010.07.29 11:36:24.960,0.8322,0.8324,12.00,7.20
2010.07.29 11:36:25.177,0.8322,0.8324,13.60,6.40
2010.07.29 11:36:26.942,0.8322,0.8324,13.60,7.20
2010.07.29 11:36:27.539,0.8322,0.83235,12.00,2.40
2010.07.29 11:36:27.771,0.8322,0.83235,4.00,4.00
2010.07.29 11:36:27.844,0.83215,0.83235,9.60,4.00
2010.07.29 11:36:27.923,0.83215,0.83235,13.60,4.00
2010.07.29 11:36:28.003,0.83215,0.83235,15.20,1.60
2010.07.29 11:36:28.553,0.8322,0.83235,2.40,1.60
2010.07.29 11:36:28.897,0.8322,0.83235,2.40,1.00
2010.07.29 11:36:29.235,0.83215,0.8324,16.00,19.20
2010.07.29 11:36:30.080,0.8322,0.8324,1.60,16.80
2010.07.29 11:36:30.317,0.8322,0.8324,5.60,15.20
2010.07.29 11:36:30.543,0.8322,0.8324,9.60,7.20
2010.07.29 11:36:31.962,0.8322,0.8324,9.60,11.20
2010.07.29 11:36:32.966,0.8322,0.8324,9.60,7.20
2010.07.29 11:36:33.816,0.8322,0.8324,9.60,11.20
2010.07.29 11:36:34.622,0.8322,0.8324,9.60,7.20
2010.07.29 11:36:34.883,0.8322,0.8324,14.40,5.60
2010.07.29 11:36:37.442,0.8322,0.83235,10.40,1.60
2010.07.29 11:36:37.616,0.8322,0.83235,4.70,4.00
2010.07.29 11:36:37.795,0.8322,0.83235,4.00,6.40
2010.07.29 11:36:37.976,0.83215,0.83235,2.40,17.60
2010.07.29 11:36:38.315,0.83215,0.83235,9.60,13.60
2010.07.29 11:36:38.848,0.83215,0.83235,11.20,4.80
2010.07.29 11:36:39.189,0.83215,0.8324,13.60,17.60
2010.07.29 11:36:39.713,0.8322,0.8324,1.60,15.20
2010.07.29 11:36:39.974,0.83215,0.8324,13.60,17.60
2010.07.29 11:36:40.454,0.83215,0.8324,19.20,13.60
2010.07.29 11:36:40.765,0.83215,0.8324,15.20,17.60
2010.07.29 11:36:43.383,0.83215,0.83235,13.60,4.00
2010.07.29 11:36:45.787,0.83215,0.83235,6.40,11.20
2010.07.29 11:36:46.172,0.83215,0.83235,6.40,7.20
2010.07.29 11:36:46.363,0.83215,0.83235,10.40,7.20
2010.07.29 11:36:47.043,0.83215,0.83235,10.40,5.60
2010.07.29 11:36:47.755,0.83215,0.83235,12.00,5.60
2010.07.29 11:36:49.433,0.83215,0.83235,8.00,9.60
2010.07.29 11:36:49.766,0.83215,0.8323,1.60,1.60
2010.07.29 11:36:51.459,0.83215,0.83235,5.60,11.20
2010.07.29 11:36:59.793,0.83215,0.83235,11.20,7.20
2010.07.29 11:37:00.883,0.83215,0.83235,12.80,6.40
2010.07.29 11:37:01.082,0.83215,0.8324,17.60,17.60
2010.07.29 11:37:01.705,0.83215,0.8324,16.80,19.20
2010.07.29 11:37:05.796,0.8322,0.8324,3.20,14.40
2010.07.29 11:37:06.024,0.8322,0.8324,1.60,10.40
2010.07.29 11:37:06.253,0.8322,0.8324,3.20,10.40
2010.07.29 11:37:06.483,0.8322,0.8324,7.20,2.40
2010.07.29 11:37:07.163,0.83225,0.8324,1.60,4.80
2010.07.29 11:37:08.009,0.83215,0.8324,16.80,8.80
2010.07.29 11:37:08.182,0.8322,0.8324,4.00,4.80
2010.07.29 11:37:08.353,0.83215,0.8324,14.30,12.80
2010.07.29 11:37:08.754,0.8322,0.8324,1.60,10.40
2010.07.29 11:37:08.993,0.8322,0.8324,4.00,9.60
2010.07.29 11:37:09.233,0.83215,0.8324,14.30,13.60
2010.07.29 11:37:09.504,0.8322,0.8324,1.60,11.20
2010.07.29 11:37:09.834,0.83215,0.8324,16.80,13.60
2010.07.29 11:37:10.293,0.83215,0.8324,16.80,12.80
2010.07.29 11:37:10.457,0.83215,0.8324,14.30,16.80
2010.07.29 11:37:10.602,0.83215,0.8324,14.30,17.60
2010.07.29 11:37:15.034,0.8322,0.8324,1.60,15.20
2010.07.29 11:37:15.354,0.8322,0.8324,1.60,14.40
2010.07.29 11:37:16.202,0.8322,0.8324,5.60,10.40
2010.07.29 11:37:18.346,0.8322,0.8324,4.00,11.20
2010.07.29 11:37:18.543,0.83215,0.8324,14.40,15.20
2010.07.29 11:37:18.744,0.83215,0.83235,7.10,4.00
2010.07.29 11:37:18.943,0.83215,0.83235,5.60,5.60
2010.07.29 11:37:19.143,0.83215,0.83235,7.20,5.60
2010.07.29 11:37:21.252,0.83215,0.83235,5.60,8.00
2010.07.29 11:37:21.443,0.83215,0.83235,4.00,9.60
2010.07.29 11:37:21.643,0.8321,0.8323,8.70,2.40
2010.07.29 11:37:22.182,0.8321,0.8323,8.70,1.60
2010.07.29 11:37:23.014,0.83215,0.8323,2.40,5.60
2010.07.29 11:37:23.103,0.83215,0.8323,4.00,6.40
2010.07.29 11:37:23.195,0.83215,0.8323,7.20,6.40
2010.07.29 11:37:23.284,0.83215,0.8323,5.60,4.00
2010.07.29 11:37:23.483,0.83215,0.83235,9.60,1.60
2010.07.29 11:37:23.592,0.83215,0.83235,5.60,5.60
2010.07.29 11:37:24.043,0.83215,0.83235,7.20,5.60
2010.07.29 11:37:24.388,0.83215,0.83235,3.20,9.60
2010.07.29 11:37:27.625,0.83215,0.83235,12.00,1.60
2010.07.29 11:37:27.745,0.83215,0.83235,13.60,1.60
2010.07.29 11:37:27.863,0.83215,0.83235,7.20,5.60
2010.07.29 11:37:27.982,0.83215,0.83235,3.20,9.60
2010.07.29 11:37:28.941,0.83215,0.8323,3.20,2.40
2010.07.29 11:37:29.052,0.83215,0.8323,1.60,2.40
2010.07.29 11:37:29.344,0.8321,0.8323,8.70,6.40
2010.07.29 11:37:31.092,0.83215,0.83235,2.30,12.80
2010.07.29 11:37:31.273,0.83215,0.83235,2.30,14.40
2010.07.29 11:37:32.062,0.83215,0.83235,4.70,12.00
2010.07.29 11:37:32.224,0.83215,0.83235,5.50,12.00
2010.07.29 11:37:32.678,0.83215,0.83235,5.50,8.00
2010.07.29 11:37:32.928,0.8322,0.83235,1.60,8.00
2010.07.29 11:37:33.601,0.8322,0.83235,2.30,1.60
2010.07.29 11:37:36.502,0.8322,0.8324,2.30,12.00
2010.07.29 11:37:36.773,0.8322,0.8324,4.80,12.80
2010.07.29 11:37:36.973,0.8322,0.8324,2.30,12.00
2010.07.29 11:37:38.405,0.8322,0.83235,1.00,8.00
2010.07.29 11:37:39.363,0.83215,0.83235,7.90,13.60
2010.07.29 11:37:40.046,0.83215,0.83235,3.90,13.60
2010.07.29 11:37:45.758,0.83215,0.83235,4.70,13.60
2010.07.29 11:37:45.897,0.83215,0.83235,12.70,4.00
2010.07.29 11:37:46.022,0.83215,0.8324,16.70,16.80
2010.07.29 11:37:51.812,0.83215,0.83235,12.70,4.00
2010.07.29 11:37:53.686,0.83215,0.83235,11.10,5.60
2010.07.29 11:37:55.162,0.83215,0.83235,8.70,7.20
2010.07.29 11:37:55.674,0.83215,0.83235,11.10,5.60
2010.07.29 11:37:55.962,0.83215,0.83235,8.70,7.20
2010.07.29 11:37:56.392,0.83215,0.83235,11.10,5.60
2010.07.29 11:37:57.483,0.83215,0.83235,8.70,7.20
2010.07.29 11:37:58.363,0.83215,0.83235,10.30,5.60
2010.07.29 11:38:00.310,0.83215,0.83235,13.60,4.00
2010.07.29 11:38:00.408,0.83215,0.8324,17.60,12.80
2010.07.29 11:38:01.034,0.83215,0.8324,19.20,12.80
2010.07.29 11:38:03.652,0.8322,0.8324,1.60,11.20
2010.07.29 11:38:06.723,0.8322,0.8324,4.00,11.20
2010.07.29 11:38:07.024,0.8322,0.8324,1.60,9.60
2010.07.29 11:38:07.375,0.8322,0.8324,3.20,8.00
2010.07.29 11:38:07.773,0.8322,0.8324,1.60,8.00
2010.07.29 11:38:08.429,0.83225,0.83245,3.20,14.40
2010.07.29 11:38:08.753,0.83225,0.83245,1.60,16.80
2010.07.29 11:38:09.423,0.83225,0.8324,3.20,4.00
2010.07.29 11:38:09.768,0.83225,0.83245,4.80,8.80
2010.07.29 11:38:10.106,0.83225,0.83245,7.90,9.60
2010.07.29 11:38:10.884,0.83225,0.83245,4.00,10.40
2010.07.29 11:38:11.229,0.83225,0.83245,9.50,4.00
2010.07.29 11:38:11.579,0.83225,0.83245,5.60,10.40
2010.07.29 11:38:12.327,0.83225,0.83245,6.40,10.40
2010.07.29 11:38:12.638,0.83225,0.83245,13.60,4.00
2010.07.29 11:38:16.833,0.8323,0.83245,3.20,4.00
2010.07.29 11:38:17.044,0.8323,0.8325,4.00,13.60
2010.07.29 11:38:17.253,0.83235,0.8325,1.60,13.60
2010.07.29 11:38:18.953,0.83235,0.8325,1.60,11.20
2010.07.29 11:38:20.632,0.83235,0.8325,1.60,13.60
2010.07.29 11:38:23.844,0.83235,0.8325,3.20,11.20
2010.07.29 11:38:23.972,0.83235,0.8325,5.60,11.20
2010.07.29 11:38:24.103,0.83235,0.8325,1.60,11.20
2010.07.29 11:38:24.492,0.83235,0.83245,1.60,4.00
2010.07.29 11:38:25.284,0.83245,0.8325,1.60,1.60
2010.07.29 11:38:25.484,0.83235,0.8325,3.20,9.60
2010.07.29 11:38:26.104,0.83235,0.8325,1.60,8.00
2010.07.29 11:38:26.315,0.83235,0.83255,3.20,11.20
2010.07.29 11:38:26.584,0.8323,0.8325,2.30,6.40
2010.07.29 11:38:26.855,0.8323,0.8325,2.30,9.60
2010.07.29 11:38:29.750,0.8323,0.8325,11.10,1.60
2010.07.29 11:38:29.902,0.83235,0.8325,4.00,1.60
2010.07.29 11:38:30.053,0.83235,0.83255,4.00,16.00
2010.07.29 11:38:30.203,0.83235,0.8325,1.60,1.60
2010.07.29 11:38:30.363,0.8323,0.8325,7.10,1.60
2010.07.29 11:38:30.512,0.8323,0.8325,11.10,1.60
2010.07.29 11:38:30.662,0.8323,0.8325,7.10,1.60
2010.07.29 11:38:31.788,0.8323,0.83245,5.50,1.60
2010.07.29 11:38:31.973,0.8323,0.8325,5.50,10.40
2010.07.29 11:38:32.512,0.8323,0.8325,7.10,8.80
2010.07.29 11:38:32.692,0.8323,0.8325,5.50,10.40
2010.07.29 11:38:34.823,0.8323,0.8324,5.50,1.60
2010.07.29 11:38:34.984,0.83225,0.83245,4.80,12.80
2010.07.29 11:38:35.545,0.83225,0.83245,6.40,12.80
2010.07.29 11:38:35.840,0.83225,0.8324,6.40,1.60
2010.07.29 11:38:35.985,0.83225,0.8324,5.60,1.60
2010.07.29 11:38:43.662,0.83225,0.83245,5.60,14.40
2010.07.29 11:38:44.293,0.83225,0.8324,5.60,1.60
2010.07.29 11:38:44.514,0.83225,0.8324,2.30,5.60
2010.07.29 11:38:45.249,0.83225,0.83245,5.60,12.80
2010.07.29 11:38:46.383,0.8323,0.83245,1.60,10.40
2010.07.29 11:38:46.534,0.8323,0.83245,4.00,4.00
2010.07.29 11:38:46.693,0.83225,0.83245,8.80,12.00
2010.07.29 11:38:47.483,0.83235,0.83245,1.60,8.00
2010.07.29 11:38:47.827,0.83235,0.8325,1.60,9.60
2010.07.29 11:38:50.823,0.83235,0.83245,1.60,4.00
2010.07.29 11:38:51.284,0.8323,0.83245,4.00,4.00
2010.07.29 11:38:52.550,0.83235,0.83245,1.60,4.00
2010.07.29 11:38:52.827,0.83235,0.8325,1.60,11.20
2010.07.29 11:38:53.425,0.8323,0.83245,1.60,8.00
2010.07.29 11:38:53.594,0.83225,0.83245,12.80,8.00
2010.07.29 11:38:53.873,0.8323,0.83245,1.60,8.00
2010.07.29 11:39:00.463,0.83225,0.83245,12.80,8.00
2010.07.29 11:39:02.114,0.8323,0.83245,1.60,8.00
2010.07.29 11:39:03.785,0.83235,0.83245,1.60,4.00
2010.07.29 11:39:05.813,0.8323,0.83245,1.60,8.00
2010.07.29 11:39:06.104,0.83225,0.83245,12.80,8.00
2010.07.29 11:39:07.165,0.8323,0.83245,1.60,8.00
2010.07.29 11:39:07.462,0.83225,0.83245,12.80,8.00
2010.07.29 11:39:08.583,0.83225,0.83245,11.20,8.00
2010.07.29 11:39:09.475,0.83225,0.83245,9.60,9.60
2010.07.29 11:39:10.235,0.83225,0.83245,8.00,12.00
2010.07.29 11:39:10.439,0.83225,0.83245,5.60,13.60
2010.07.29 11:39:14.474,0.83225,0.83245,3.20,13.60
2010.07.29 11:39:14.931,0.83225,0.8324,3.20,1.00
2010.07.29 11:39:15.119,0.83225,0.8324,1.60,7.20
2010.07.29 11:39:16.475,0.83225,0.8324,1.60,1.00
2010.07.29 11:39:17.054,0.83225,0.8324,3.20,1.00
2010.07.29 11:39:17.314,0.8322,0.8324,9.60,1.00
2010.07.29 11:39:18.343,0.83225,0.8324,4.00,1.00
2010.07.29 11:39:18.872,0.83225,0.83245,4.00,17.60
2010.07.29 11:39:20.845,0.83225,0.83245,5.60,15.20
2010.07.29 11:39:22.183,0.83225,0.83245,3.20,15.20
2010.07.29 11:39:22.583,0.83225,0.8324,3.20,4.00
2010.07.29 11:39:23.094,0.83225,0.83245,1.60,17.60
2010.07.29 11:39:23.273,0.8322,0.83245,11.20,19.20
2010.07.29 11:39:25.572,0.83225,0.83245,1.60,16.80
2010.07.29 11:39:25.724,0.83225,0.83245,1.60,11.20
2010.07.29 11:39:26.984,0.8322,0.83245,15.20,13.60
2010.07.29 11:39:27.254,0.8322,0.83245,11.20,17.60
2010.07.29 11:39:27.522,0.83225,0.83245,1.60,16.00
2010.07.29 11:39:30.698,0.83225,0.83245,1.60,17.60
2010.07.29 11:39:34.373,0.83225,0.83245,3.20,15.20
2010.07.29 11:39:35.275,0.8323,0.83245,1.60,11.20
2010.07.29 11:39:35.515,0.8323,0.83245,1.60,8.00
2010.07.29 11:39:35.744,0.8323,0.83245,4.00,8.00
2010.07.29 11:39:35.976,0.83235,0.8325,1.60,9.60
2010.07.29 11:39:37.743,0.83235,0.8325,1.60,11.20
2010.07.29 11:39:37.864,0.8323,0.8325,4.00,12.00
2010.07.29 11:39:37.985,0.8323,0.8325,4.00,9.60
2010.07.29 11:39:40.133,0.83235,0.8325,2.40,9.60
2010.07.29 11:39:40.292,0.83235,0.8325,5.60,9.60
2010.07.29 11:39:40.373,0.83235,0.8325,8.00,8.80
2010.07.29 11:39:40.453,0.83235,0.8325,9.60,4.00
2010.07.29 11:39:52.172,0.83235,0.8325,8.80,4.00
2010.07.29 11:39:52.503,0.83235,0.8325,7.20,4.00
2010.07.29 11:39:52.602,0.83235,0.8325,5.60,4.00
2010.07.29 11:39:52.704,0.83235,0.8325,5.60,8.00
2010.07.29 11:39:52.805,0.83235,0.8325,1.60,8.00
2010.07.29 11:39:53.308,0.83235,0.8325,1.60,8.80
2010.07.29 11:39:53.408,0.83235,0.8325,1.60,9.60
2010.07.29 11:39:53.944,0.8323,0.8325,4.00,9.60
2010.07.29 11:39:54.284,0.8323,0.83245,2.40,4.00
2010.07.29 11:39:54.626,0.83225,0.83245,16.80,4.00
2010.07.29 11:39:54.873,0.83225,0.83245,12.80,8.00
2010.07.29 11:39:57.736,0.83225,0.83245,12.00,8.00
2010.07.29 11:40:00.463,0.83225,0.83245,10.40,8.00
2010.07.29 11:40:01.877,0.8323,0.83245,1.60,8.00
2010.07.29 11:40:02.060,0.8323,0.83245,1.60,4.00
2010.07.29 11:40:03.107,0.83235,0.8325,1.60,9.60
2010.07.29 11:40:04.467,0.8324,0.8325,1.60,9.60
2010.07.29 11:40:04.655,0.8324,0.83255,2.40,1.00
2010.07.29 11:40:04.845,0.83245,0.8326,4.00,8.00
2010.07.29 11:40:05.035,0.83245,0.8326,5.50,4.00
2010.07.29 11:40:05.223,0.83245,0.83265,5.50,8.00
2010.07.29 11:40:05.826,0.83245,0.83265,5.50,9.60
2010.07.29 11:40:07.423,0.8325,0.83265,1.60,9.60
2010.07.29 11:40:08.016,0.83245,0.83265,13.50,1.60
2010.07.29 11:40:08.225,0.83245,0.83265,3.90,8.00
2010.07.29 11:40:09.503,0.83245,0.83265,7.90,4.00
2010.07.29 11:40:09.623,0.83245,0.8327,11.90,12.80
2010.07.29 11:40:11.102,0.83245,0.8327,13.50,12.80
2010.07.29 11:40:12.105,0.83245,0.8327,15.10,11.20
2010.07.29 11:40:12.326,0.83245,0.8327,17.60,11.20
2010.07.29 11:40:12.545,0.8325,0.8327,2.40,8.80
2010.07.29 11:40:13.939,0.8325,0.8327,3.90,9.60
2010.07.29 11:40:14.479,0.83245,0.8327,17.60,12.80
2010.07.29 11:40:19.032,0.83245,0.8327,16.00,12.80
2010.07.29 11:40:19.850,0.8325,0.8327,2.40,10.40
2010.07.29 11:40:25.444,0.83245,0.8327,19.20,12.00
2010.07.29 11:40:26.165,0.83245,0.83265,17.60,2.40
2010.07.29 11:40:26.447,0.8325,0.8327,7.20,12.00
2010.07.29 11:40:26.625,0.8325,0.8327,13.60,5.60
2010.07.29 11:40:26.806,0.83255,0.83275,1.60,15.20
2010.07.29 11:40:26.983,0.83255,0.83275,2.40,13.60
2010.07.29 11:40:27.606,0.83265,0.83275,1.60,4.00
2010.07.29 11:40:27.837,0.83265,0.8328,1.60,9.60
2010.07.29 11:40:28.064,0.83265,0.83275,1.60,4.00
2010.07.29 11:40:28.294,0.83265,0.8328,1.60,9.60
2010.07.29 11:40:28.967,0.83265,0.8328,1.60,11.20
2010.07.29 11:40:29.308,0.83255,0.83275,5.50,8.00
2010.07.29 11:40:29.924,0.83255,0.83275,7.10,8.00
2010.07.29 11:40:30.623,0.83255,0.8328,15.10,13.60
2010.07.29 11:40:35.975,0.83255,0.8328,15.10,12.00
2010.07.29 11:40:42.371,0.83255,0.8328,15.10,13.60
2010.07.29 11:40:42.894,0.8326,0.8328,4.00,9.60
2010.07.29 11:40:44.002,0.83255,0.8328,15.10,13.60
2010.07.29 11:40:46.274,0.83255,0.8328,13.50,13.60
2010.07.29 11:40:47.041,0.83255,0.83275,5.50,8.00
2010.07.29 11:40:47.193,0.83255,0.83275,5.50,9.60
2010.07.29 11:40:48.006,0.8325,0.8327,5.50,5.60
2010.07.29 11:40:48.153,0.8325,0.8327,1.50,11.20
2010.07.29 11:40:50.123,0.8325,0.8327,3.90,9.60
2010.07.29 11:40:50.773,0.83255,0.8327,1.60,9.60
2010.07.29 11:40:51.422,0.8325,0.8327,3.90,9.60
2010.07.29 11:40:59.860,0.8325,0.8327,2.30,13.60
2010.07.29 11:41:00.653,0.8325,0.8327,1.00,14.40
2010.07.29 11:41:00.857,0.83245,0.83265,19.20,1.60
2010.07.29 11:41:01.557,0.83245,0.83265,17.60,1.60
2010.07.29 11:41:05.077,0.8325,0.83265,1.60,1.60
2010.07.29 11:41:05.682,0.83245,0.83265,17.60,1.60
2010.07.29 11:41:08.894,0.83245,0.83265,13.60,3.20
2010.07.29 11:41:09.024,0.83245,0.83265,12.00,4.00
2010.07.29 11:41:09.154,0.83245,0.83265,2.40,14.40
2010.07.29 11:41:12.843,0.83245,0.83265,4.00,14.40
2010.07.29 11:41:14.167,0.83245,0.83265,1.60,14.40
2010.07.29 11:41:21.613,0.83245,0.83265,3.10,9.60
2010.07.29 11:41:21.773,0.83245,0.83265,9.60,9.60
2010.07.29 11:41:22.258,0.83245,0.83265,11.20,9.60
2010.07.29 11:41:22.418,0.8325,0.8327,6.40,12.00
2010.07.29 11:41:22.756,0.8325,0.8327,14.40,4.00
2010.07.29 11:41:23.535,0.8325,0.8327,11.90,4.00
2010.07.29 11:41:24.113,0.8325,0.8327,13.50,4.00
2010.07.29 11:41:24.334,0.83255,0.8327,1.50,4.00
2010.07.29 11:41:24.553,0.83255,0.8327,1.50,2.40
2010.07.29 11:41:25.106,0.83255,0.8327,1.50,4.00
2010.07.29 11:41:25.419,0.83255,0.8327,3.90,2.40
2010.07.29 11:41:25.736,0.83255,0.8327,1.50,2.40
2010.07.29 11:41:26.866,0.83255,0.8327,1.00,6.40
2010.07.29 11:41:27.206,0.8325,0.8327,5.50,10.40
2010.07.29 11:41:28.443,0.8325,0.83265,5.50,1.60
2010.07.29 11:41:28.543,0.8325,0.8327,5.50,10.40
2010.07.29 11:41:28.743,0.8325,0.8327,1.50,10.40
2010.07.29 11:41:28.844,0.8325,0.8327,1.00,14.40
2010.07.29 11:41:30.872,0.8325,0.8327,2.30,13.60
2010.07.29 11:41:31.751,0.8325,0.83265,1.00,4.00
2010.07.29 11:41:33.603,0.8325,0.83265,1.00,2.40
2010.07.29 11:41:33.734,0.8325,0.83265,1.50,2.40
2010.07.29 11:41:33.873,0.8325,0.8327,1.50,14.40
2010.07.29 11:41:36.163,0.8325,0.83265,1.50,4.00
2010.07.29 11:41:36.853,0.83245,0.83265,15.20,4.00
2010.07.29 11:41:46.872,0.8325,0.83265,1.00,4.00
2010.07.29 11:41:47.002,0.8325,0.83265,1.00,5.60
2010.07.29 11:41:50.596,0.8325,0.83265,2.40,4.00
2010.07.29 11:41:51.184,0.8325,0.83265,6.40,1.60
2010.07.29 11:41:51.367,0.83255,0.8327,1.60,4.00
2010.07.29 11:41:52.203,0.83255,0.8327,1.60,2.40
2010.07.29 11:41:52.833,0.83255,0.8327,1.60,4.00
2010.07.29 11:41:53.504,0.83255,0.8327,1.60,2.40
2010.07.29 11:41:53.656,0.83255,0.8327,3.20,2.40
2010.07.29 11:41:53.854,0.83255,0.8327,4.70,2.40
2010.07.29 11:41:54.256,0.83255,0.83275,11.10,8.00
2010.07.29 11:41:55.075,0.83255,0.83275,7.10,13.60
2010.07.29 11:41:56.115,0.83255,0.83275,11.20,7.20
2010.07.29 11:41:56.739,0.83255,0.83275,15.20,1.60
2010.07.29 11:41:59.613,0.83255,0.8328,16.80,19.20
2010.07.29 11:42:01.866,0.83255,0.83275,16.80,1.60
2010.07.29 11:42:02.804,0.83255,0.83275,15.20,1.60
2010.07.29 11:42:03.483,0.83255,0.83275,12.70,4.00
2010.07.29 11:42:03.624,0.83255,0.83275,8.70,8.00
2010.07.29 11:42:05.513,0.83255,0.83275,9.50,8.00
2010.07.29 11:42:05.977,0.83255,0.83275,8.70,4.00
2010.07.29 11:42:06.024,0.83255,0.83275,12.70,4.00
2010.07.29 11:42:07.977,0.83255,0.83275,11.10,4.00
2010.07.29 11:42:08.473,0.83255,0.8327,7.10,2.40
2010.07.29 11:42:08.919,0.83255,0.8327,7.10,4.00
2010.07.29 11:42:09.156,0.83255,0.8327,3.10,4.00
2010.07.29 11:42:09.393,0.83255,0.8327,3.90,4.00
2010.07.29 11:42:09.624,0.83255,0.8327,1.50,3.20
2010.07.29 11:42:10.326,0.8325,0.8327,3.10,13.60
2010.07.29 11:42:10.604,0.8325,0.8327,7.10,5.60
2010.07.29 11:42:12.034,0.8325,0.8327,8.70,4.00
2010.07.29 11:42:17.584,0.8325,0.8327,7.10,8.00
2010.07.29 11:42:21.762,0.8325,0.8327,7.10,6.40
2010.07.29 11:42:21.932,0.83255,0.8327,2.40,4.00
2010.07.29 11:42:22.441,0.83255,0.8327,4.80,4.00
2010.07.29 11:42:22.620,0.83255,0.8328,17.60,16.00
2010.07.29 11:42:22.864,0.83255,0.83275,17.60,1.60
2010.07.29 11:42:32.383,0.83255,0.83275,17.60,2.40
2010.07.29 11:42:48.974,0.8326,0.83275,3.10,2.40
2010.07.29 11:42:49.063,0.8326,0.83275,4.70,2.40
2010.07.29 11:42:49.122,0.8326,0.8328,4.70,8.00
2010.07.29 11:42:49.153,0.8326,0.8328,4.70,4.00
2010.07.29 11:42:49.664,0.8326,0.83285,9.50,13.60
2010.07.29 11:42:50.004,0.83265,0.8328,1.60,1.60
2010.07.29 11:42:50.645,0.83265,0.8328,1.60,8.00
2010.07.29 11:42:50.783,0.83265,0.8328,1.60,4.00
2010.07.29 11:42:50.923,0.8326,0.8328,8.70,4.00
2010.07.29 11:42:55.912,0.8326,0.8328,9.50,4.00
2010.07.29 11:42:56.063,0.8326,0.8328,7.10,6.40
2010.07.29 11:42:56.213,0.8326,0.8328,7.10,8.80
2010.07.29 11:42:56.376,0.8326,0.83285,9.50,17.60
2010.07.29 11:42:56.883,0.8326,0.8328,7.10,2.40
2010.07.29 11:42:57.134,0.8326,0.8328,9.50,2.40
2010.07.29 11:42:57.833,0.8326,0.8328,7.10,4.80
2010.07.29 11:42:58.045,0.8326,0.8328,7.10,8.80
2010.07.29 11:42:59.065,0.8326,0.83275,7.10,1.60
2010.07.29 11:42:59.205,0.8326,0.83275,6.30,1.60
2010.07.29 11:42:59.742,0.83255,0.83275,12.70,1.60
2010.07.29 11:43:01.793,0.83255,0.8328,16.70,13.60
2010.07.29 11:43:02.065,0.8326,0.8328,9.60,1.60
2010.07.29 11:43:02.345,0.83265,0.83285,11.20,5.60
2010.07.29 11:43:06.027,0.83265,0.83285,9.60,7.20
2010.07.29 11:43:07.056,0.83265,0.83285,9.60,5.60
2010.07.29 11:43:07.398,0.83265,0.8328,9.60,1.60
2010.07.29 11:43:07.594,0.83265,0.83285,9.60,4.00
2010.07.29 11:43:07.795,0.83265,0.83285,1.60,12.00
2010.07.29 11:43:07.995,0.83265,0.83285,1.60,11.20
2010.07.29 11:43:09.546,0.8326,0.83285,13.50,11.20
2010.07.29 11:43:09.818,0.8327,0.83285,1.60,4.00
2010.07.29 11:43:10.054,0.8327,0.8329,1.60,12.80
2010.07.29 11:43:12.193,0.83265,0.8329,15.10,15.20
2010.07.29 11:43:13.213,0.8327,0.8329,1.60,12.80
2010.07.29 11:43:16.362,0.83265,0.8329,15.10,16.80
2010.07.29 11:43:16.594,0.83265,0.83285,9.50,6.40
2010.07.29 11:43:16.833,0.83265,0.83285,7.10,9.60
2010.07.29 11:43:20.592,0.83265,0.83285,9.50,8.00
2010.07.29 11:43:21.194,0.83265,0.83285,9.50,12.00
2010.07.29 11:43:21.263,0.83265,0.83285,5.50,12.00
2010.07.29 11:43:21.323,0.83265,0.83285,7.10,12.00
2010.07.29 11:43:22.218,0.8327,0.8329,1.60,12.80
2010.07.29 11:43:24.756,0.8327,0.83285,1.60,1.60
2010.07.29 11:43:26.506,0.8327,0.83285,1.60,8.00
2010.07.29 11:43:26.623,0.8327,0.83285,1.60,4.00
2010.07.29 11:43:27.674,0.8327,0.83285,1.60,5.60
2010.07.29 11:43:27.983,0.83265,0.83285,7.90,5.60
2010.07.29 11:43:29.014,0.83265,0.83285,9.50,5.60
2010.07.29 11:43:29.974,0.83265,0.83285,4.70,9.60
2010.07.29 11:43:30.589,0.83265,0.83285,5.50,5.60
2010.07.29 11:43:30.743,0.83265,0.83285,9.50,5.60
2010.07.29 11:43:31.114,0.8327,0.83285,1.60,5.60
2010.07.29 11:43:31.422,0.8327,0.83285,1.60,1.60
2010.07.29 11:43:32.256,0.83265,0.83285,13.50,1.60
2010.07.29 11:43:32.595,0.8327,0.8328,1.60,2.40
2010.07.29 11:43:33.374,0.8327,0.83285,1.60,3.20
2010.07.29 11:43:37.434,0.83265,0.83285,7.90,5.60
2010.07.29 11:43:37.704,0.8327,0.83285,1.60,5.60
2010.07.29 11:43:37.974,0.8327,0.8328,1.60,1.60
2010.07.29 11:43:38.551,0.83265,0.83285,7.90,5.60
2010.07.29 11:43:38.728,0.83265,0.83285,3.90,9.60
2010.07.29 11:43:38.904,0.83265,0.8329,11.90,16.00
2010.07.29 11:43:39.634,0.83265,0.83285,11.90,1.60
2010.07.29 11:43:46.043,0.83265,0.83285,13.50,1.60
2010.07.29 11:43:47.254,0.8327,0.83285,1.60,1.60
2010.07.29 11:43:47.563,0.8327,0.8329,1.60,13.60
2010.07.29 11:43:47.713,0.8327,0.8329,1.60,15.20
2010.07.29 11:43:47.863,0.8327,0.83285,1.60,4.00
2010.07.29 11:43:51.564,0.83265,0.83285,11.10,4.00
2010.07.29 11:43:52.404,0.83265,0.83285,12.70,4.00
2010.07.29 11:43:52.653,0.8327,0.83285,1.60,4.00
2010.07.29 11:43:52.763,0.8327,0.8329,5.60,11.20
2010.07.29 11:43:57.268,0.8327,0.8329,8.00,11.20
2010.07.29 11:43:57.592,0.8327,0.8329,5.60,11.20
2010.07.29 11:43:57.753,0.8327,0.8329,12.00,8.00
2010.07.29 11:43:58.073,0.8327,0.8329,13.60,6.40
2010.07.29 11:43:58.243,0.8327,0.8329,17.60,2.40
2010.07.29 11:43:59.643,0.8327,0.8329,16.00,2.40
2010.07.29 11:44:02.072,0.8327,0.8329,16.00,4.00
2010.07.29 11:44:02.394,0.8327,0.8329,15.20,4.00
2010.07.29 11:44:02.553,0.8327,0.8329,14.40,4.80
2010.07.29 11:44:03.497,0.8327,0.8329,8.00,6.40
2010.07.29 11:44:03.834,0.8327,0.8329,5.60,10.40
2010.07.29 11:44:04.903,0.8327,0.8329,8.00,10.40
2010.07.29 11:44:07.244,0.8327,0.8328,1.60,2.40
2010.07.29 11:44:07.414,0.8326,0.8328,17.60,2.40
2010.07.29 11:44:07.584,0.8326,0.8328,16.00,4.00
2010.07.29 11:44:08.025,0.8326,0.8328,17.60,2.40
2010.07.29 11:44:09.555,0.8327,0.8328,1.60,2.40
2010.07.29 11:44:10.288,0.8327,0.83285,4.00,8.00
2010.07.29 11:44:10.425,0.8327,0.8329,9.50,4.00
2010.07.29 11:44:10.564,0.8327,0.8329,7.10,5.60
2010.07.29 11:44:10.705,0.8327,0.8329,11.10,5.60
2010.07.29 11:44:11.299,0.83275,0.83295,13.50,5.60
2010.07.29 11:44:11.639,0.83285,0.83295,1.00,2.40
2010.07.29 11:44:11.989,0.8329,0.833,1.60,8.00
2010.07.29 11:44:12.778,0.8329,0.8331,8.00,5.60
2010.07.29 11:44:13.124,0.8329,0.8331,8.70,5.60
2010.07.29 11:44:13.474,0.8329,0.8331,4.00,7.20
2010.07.29 11:44:14.050,0.83285,0.83305,11.10,1.60
2010.07.29 11:44:14.198,0.83285,0.833,4.70,1.60
2010.07.29 11:44:14.347,0.83285,0.83295,4.00,2.40
2010.07.29 11:44:15.253,0.8328,0.83295,6.30,2.40
2010.07.29 11:44:15.596,0.8328,0.83295,2.30,2.40
2010.07.29 11:44:17.954,0.8328,0.83285,1.00,2.40
2010.07.29 11:44:18.226,0.83265,0.83285,21.60,2.40
2010.07.29 11:44:18.862,0.83265,0.8328,8.00,9.60
2010.07.29 11:44:19.055,0.83265,0.83275,8.00,2.40
2010.07.29 11:44:19.393,0.83255,0.83275,14.30,2.40
2010.07.29 11:44:20.535,0.83255,0.83275,12.70,2.40
2010.07.29 11:44:20.724,0.8326,0.8328,1.60,16.00
2010.07.29 11:44:20.919,0.8326,0.8328,1.60,12.00
2010.07.29 11:44:21.544,0.8326,0.83275,1.60,2.40
2010.07.29 11:44:21.846,0.83255,0.83275,14.30,2.40
2010.07.29 11:44:22.845,0.83255,0.8328,16.80,18.40
2010.07.29 11:44:23.323,0.8326,0.83275,1.60,2.40
2010.07.29 11:44:24.143,0.83255,0.83275,14.30,2.40
2010.07.29 11:44:24.283,0.83255,0.83275,12.70,2.40
2010.07.29 11:44:25.023,0.83255,0.83275,14.30,2.40
2010.07.29 11:44:26.315,0.83255,0.83275,14.30,6.40
2010.07.29 11:44:26.463,0.83255,0.83275,10.30,6.40
2010.07.29 11:44:26.602,0.83255,0.83275,8.70,8.00
2010.07.29 11:44:26.744,0.83255,0.83275,11.90,4.00
2010.07.29 11:44:27.175,0.83255,0.8327,8.70,2.40
2010.07.29 11:44:27.791,0.83245,0.83255,10.40,3.20
2010.07.29 11:44:28.071,0.83235,0.83255,5.60,10.40
2010.07.29 11:44:28.686,0.83235,0.83255,1.60,10.40
2010.07.29 11:44:29.026,0.8323,0.83255,7.90,16.00
2010.07.29 11:44:29.796,0.83235,0.8325,1.60,8.00
2010.07.29 11:44:30.112,0.8323,0.83255,7.10,16.00
2010.07.29 11:44:31.044,0.8323,0.83255,7.10,17.60
2010.07.29 11:44:32.494,0.8323,0.83255,7.10,19.20
2010.07.29 11:44:32.613,0.8323,0.83255,6.30,20.80
2010.07.29 11:44:32.723,0.8323,0.83245,6.30,2.40
2010.07.29 11:44:32.834,0.8323,0.83245,2.30,2.40
2010.07.29 11:44:34.275,0.8323,0.83245,1.00,4.00
2010.07.29 11:44:34.482,0.83225,0.83245,8.00,7.20
2010.07.29 11:44:36.393,0.83225,0.83245,9.60,5.60
2010.07.29 11:44:36.624,0.83225,0.83245,9.60,6.40
2010.07.29 11:44:36.864,0.83225,0.83245,4.00,11.20
2010.07.29 11:44:37.025,0.83225,0.83245,8.00,7.20
2010.07.29 11:44:39.948,0.83225,0.83245,8.00,8.80
2010.07.29 11:44:40.119,0.83225,0.83245,8.00,6.40
2010.07.29 11:44:40.285,0.83225,0.83245,9.60,3.20
2010.07.29 11:44:40.446,0.83225,0.83245,9.60,4.80
2010.07.29 11:44:40.907,0.83225,0.8324,9.60,2.40
2010.07.29 11:44:41.209,0.8322,0.83235,13.50,2.40
2010.07.29 11:44:43.394,0.83225,0.83235,2.40,2.40
2010.07.29 11:44:44.017,0.83225,0.83245,20.80,2.40
2010.07.29 11:44:45.880,0.8323,0.8325,1.60,13.60
2010.07.29 11:44:46.077,0.83225,0.8325,19.20,16.00
2010.07.29 11:44:47.546,0.83225,0.8325,20.80,15.20
2010.07.29 11:44:48.147,0.83225,0.8325,20.80,13.60
2010.07.29 11:44:48.385,0.8323,0.8325,4.00,12.00
2010.07.29 11:44:50.845,0.8323,0.8325,4.00,11.20
2010.07.29 11:44:51.133,0.8323,0.8325,4.00,10.40
2010.07.29 11:44:51.253,0.83225,0.8325,20.80,14.40
2010.07.29 11:44:54.847,0.8323,0.8325,1.60,14.40
2010.07.29 11:44:55.123,0.8323,0.8325,5.60,14.40
2010.07.29 11:44:55.552,0.8323,0.8325,5.60,10.40
2010.07.29 11:44:58.144,0.8323,0.83245,1.60,2.40
2010.07.29 11:45:10.803,0.83225,0.83245,16.80,2.40
2010.07.29 11:45:11.421,0.83225,0.83245,14.40,4.00
2010.07.29 11:45:11.445,0.83225,0.8324,11.90,2.40
2010.07.29 11:45:11.708,0.83225,0.83245,7.90,9.60
2010.07.29 11:45:11.956,0.83225,0.83245,3.90,13.60
2010.07.29 11:45:12.298,0.83225,0.8324,8.70,2.40
2010.07.29 11:45:13.085,0.83225,0.8324,1.00,2.40
2010.07.29 11:45:14.413,0.83225,0.8324,4.70,2.40
2010.07.29 11:45:16.074,0.83225,0.8324,1.00,2.40
2010.07.29 11:45:16.874,0.83225,0.8324,2.30,2.40
2010.07.29 11:45:17.120,0.8323,0.83245,3.20,8.00
2010.07.29 11:45:17.690,0.83235,0.83245,3.20,8.00
2010.07.29 11:45:17.930,0.83235,0.83255,12.80,2.40
2010.07.29 11:45:19.964,0.83235,0.83255,11.20,2.40
2010.07.29 11:45:21.120,0.83235,0.83255,12.70,1.60
2010.07.29 11:45:21.338,0.8324,0.8326,1.60,13.60
2010.07.29 11:45:21.675,0.8324,0.8326,3.20,13.60
2010.07.29 11:45:22.014,0.8324,0.8326,7.20,9.60
2010.07.29 11:45:23.900,0.8324,0.8326,7.20,13.60
2010.07.29 11:45:23.923,0.8324,0.8326,3.20,13.60
2010.07.29 11:45:26.482,0.8324,0.8326,4.00,15.20
2010.07.29 11:45:26.578,0.8324,0.8326,2.30,12.00
2010.07.29 11:45:27.634,0.8324,0.8326,1.60,12.80
2010.07.29 11:45:27.934,0.8324,0.8326,1.60,13.60
2010.07.29 11:45:35.005,0.8324,0.8326,5.60,13.60
2010.07.29 11:45:35.213,0.8324,0.8326,5.60,9.60
2010.07.29 11:45:37.542,0.8324,0.83255,5.60,2.40
2010.07.29 11:45:37.815,0.8324,0.8326,8.00,11.20
2010.07.29 11:45:38.362,0.8324,0.8326,8.80,4.00
2010.07.29 11:45:38.644,0.8324,0.8326,5.60,8.00
2010.07.29 11:45:38.785,0.8324,0.8326,6.30,2.40
2010.07.29 11:45:39.214,0.8324,0.8326,4.70,6.40
2010.07.29 11:45:39.354,0.8324,0.8326,2.30,13.60
2010.07.29 11:45:39.495,0.8324,0.8326,6.30,4.00
2010.07.29 11:45:40.174,0.8324,0.8326,6.30,2.40
2010.07.29 11:45:40.784,0.8324,0.83255,4.70,2.40
2010.07.29 11:45:41.024,0.8324,0.83255,1.00,2.40
2010.07.29 11:45:43.674,0.8324,0.8326,1.60,16.00
2010.07.29 11:45:43.754,0.83235,0.83255,18.40,2.40
2010.07.29 11:45:49.305,0.8324,0.83255,1.60,2.40
2010.07.29 11:45:49.532,0.83235,0.83255,18.40,2.40
2010.07.29 11:45:51.823,0.83235,0.8325,16.80,2.40
2010.07.29 11:45:51.864,0.83235,0.8325,13.60,2.40
2010.07.29 11:45:52.492,0.83235,0.83255,8.70,6.40
2010.07.29 11:45:52.709,0.83235,0.83255,1.60,17.60
2010.07.29 11:45:55.353,0.83235,0.83255,1.60,19.20
2010.07.29 11:45:56.033,0.8323,0.83255,12.70,19.20
2010.07.29 11:45:56.234,0.8323,0.83255,12.70,20.80
2010.07.29 11:45:56.455,0.83235,0.83255,1.60,19.20
2010.07.29 11:45:56.593,0.83235,0.83255,9.60,11.20
2010.07.29 11:45:57.223,0.83235,0.83255,9.60,9.60
2010.07.29 11:45:58.078,0.83235,0.83255,9.60,11.20
2010.07.29 11:46:00.584,0.83235,0.83255,5.60,15.20
2010.07.29 11:46:00.773,0.83235,0.83255,1.60,19.20
2010.07.29 11:46:05.474,0.83235,0.83255,5.60,13.60
2010.07.29 11:46:06.387,0.83235,0.8325,1.60,8.00
2010.07.29 11:46:06.493,0.83235,0.83255,1.60,19.20
2010.07.29 11:46:11.422,0.8323,0.83255,12.70,20.80
2010.07.29 11:46:12.044,0.8323,0.83255,8.70,20.80
2010.07.29 11:46:12.974,0.83235,0.83255,1.60,16.80
2010.07.29 11:46:13.234,0.83235,0.83255,1.60,14.40
2010.07.29 11:46:16.394,0.83235,0.83255,1.60,12.80
2010.07.29 11:46:17.262,0.83235,0.83255,1.60,14.40
2010.07.29 11:46:20.215,0.83235,0.83255,1.60,12.80
2010.07.29 11:46:23.926,0.8323,0.8325,12.70,2.40
2010.07.29 11:46:24.025,0.8323,0.8325,3.90,10.40
2010.07.29 11:46:24.123,0.8323,0.8325,2.30,10.40
2010.07.29 11:46:24.223,0.8323,0.8325,3.90,10.40
2010.07.29 11:46:26.743,0.8323,0.8325,2.30,12.80
2010.07.29 11:46:27.498,0.8323,0.8325,6.30,1.60
2010.07.29 11:46:27.825,0.8323,0.83255,6.30,16.80
2010.07.29 11:46:28.154,0.83235,0.83255,1.60,14.40
2010.07.29 11:46:30.113,0.83235,0.8325,1.60,4.00
2010.07.29 11:46:32.894,0.83235,0.83255,1.60,14.40
2010.07.29 11:46:33.563,0.8323,0.8325,7.90,1.60
2010.07.29 11:46:33.786,0.8323,0.8325,1.60,15.20
2010.07.29 11:46:36.385,0.8323,0.83245,5.60,4.00
2010.07.29 11:46:42.284,0.8323,0.8324,4.00,2.40
2010.07.29 11:46:42.526,0.83225,0.8323,8.00,1.60
2010.07.29 11:46:42.766,0.8322,0.8323,4.00,5.60
2010.07.29 11:46:43.006,0.8322,0.8323,4.00,4.00
2010.07.29 11:46:43.721,0.83215,0.83235,14.40,4.00
2010.07.29 11:46:43.999,0.83215,0.83235,11.90,4.00
2010.07.29 11:46:44.315,0.83215,0.83235,11.10,4.00
2010.07.29 11:46:47.793,0.83215,0.83225,8.00,4.00
2010.07.29 11:46:48.041,0.8321,0.83215,12.00,2.40
2010.07.29 11:46:48.740,0.83215,0.83225,8.00,4.80
2010.07.29 11:46:49.537,0.8321,0.83225,4.00,3.20
2010.07.29 11:46:49.878,0.83205,0.8322,7.10,2.40
2010.07.29 11:46:50.217,0.83205,0.83225,11.10,3.20
2010.07.29 11:46:50.556,0.83205,0.8322,7.10,2.40
2010.07.29 11:46:51.217,0.83205,0.8322,11.10,2.40
2010.07.29 11:46:51.407,0.8321,0.83225,4.00,3.20
2010.07.29 11:46:51.594,0.8321,0.83225,4.00,1.60
2010.07.29 11:46:53.066,0.83205,0.83225,11.90,1.60
2010.07.29 11:46:53.394,0.83205,0.8322,11.10,2.40
2010.07.29 11:46:55.513,0.83205,0.8322,9.50,2.40
2010.07.29 11:46:55.731,0.83205,0.8322,1.50,2.40
2010.07.29 11:46:56.860,0.83205,0.83225,9.50,3.20
2010.07.29 11:46:58.357,0.83205,0.83225,5.50,7.20
2010.07.29 11:47:00.215,0.83205,0.83225,1.50,11.20
2010.07.29 11:47:00.522,0.832,0.8322,8.70,6.40
2010.07.29 11:47:01.031,0.832,0.8322,8.00,7.20
2010.07.29 11:47:01.330,0.832,0.8322,6.30,3.20
2010.07.29 11:47:01.988,0.832,0.8322,10.40,3.20
2010.07.29 11:47:02.303,0.83205,0.8322,4.00,3.20
2010.07.29 11:47:02.645,0.832,0.8322,6.30,3.20
2010.07.29 11:47:03.748,0.832,0.8322,6.30,5.60
2010.07.29 11:47:03.895,0.832,0.83215,2.30,1.60
2010.07.29 11:47:05.385,0.832,0.8321,1.00,2.40
2010.07.29 11:47:06.630,0.83205,0.8322,1.60,15.20
2010.07.29 11:47:06.847,0.83205,0.8322,4.00,3.20
2010.07.29 11:47:07.056,0.83205,0.83215,4.00,1.60
2010.07.29 11:47:07.734,0.83195,0.8322,12.70,17.60
2010.07.29 11:47:08.382,0.832,0.83215,1.60,1.60
2010.07.29 11:47:08.730,0.832,0.83215,5.60,1.60
2010.07.29 11:47:09.493,0.832,0.8322,6.30,3.20
2010.07.29 11:47:09.835,0.832,0.8322,6.30,1.60
2010.07.29 11:47:11.014,0.832,0.8322,6.30,4.00
2010.07.29 11:47:11.491,0.832,0.8322,1.60,8.00
2010.07.29 11:47:11.664,0.832,0.8322,1.60,12.00
2010.07.29 11:47:14.693,0.83205,0.8322,4.00,4.00
2010.07.29 11:47:15.467,0.832,0.8322,1.60,12.00
2010.07.29 11:47:15.894,0.832,0.8322,1.60,9.60
2010.07.29 11:47:18.034,0.83195,0.83215,15.20,2.40
2010.07.29 11:47:18.375,0.83195,0.83215,11.10,2.40
2010.07.29 11:47:18.547,0.83195,0.83215,8.00,4.80
2010.07.29 11:47:18.719,0.8319,0.83205,8.70,1.60
2010.07.29 11:47:19.333,0.8319,0.8321,8.00,7.20
2010.07.29 11:47:19.678,0.83185,0.83205,13.50,2.40
2010.07.29 11:47:20.018,0.83185,0.8321,11.10,12.80
2010.07.29 11:47:20.275,0.83185,0.8321,15.10,12.80
2010.07.29 11:47:20.536,0.83185,0.8321,17.60,12.80
2010.07.29 11:47:21.177,0.8319,0.8321,9.60,2.40
2010.07.29 11:47:21.304,0.8319,0.8321,9.60,3.20
2010.07.29 11:47:21.436,0.8319,0.83205,8.00,1.60
2010.07.29 11:47:21.568,0.8319,0.83205,4.00,1.60
2010.07.29 11:47:22.136,0.83185,0.83205,12.70,1.60
2010.07.29 11:47:23.021,0.83185,0.83205,14.30,1.60
2010.07.29 11:47:23.374,0.83185,0.8321,16.70,11.20
2010.07.29 11:47:25.156,0.8319,0.8321,2.40,9.60
2010.07.29 11:47:25.437,0.8319,0.8321,9.60,1.60
2010.07.29 11:47:26.159,0.83185,0.8321,16.70,11.20
2010.07.29 11:47:26.798,0.8319,0.8321,1.60,9.60
2010.07.29 11:47:26.995,0.8319,0.8321,9.60,1.60
2010.07.29 11:47:29.504,0.8319,0.8321,4.00,4.00
2010.07.29 11:47:31.418,0.8319,0.8321,4.00,8.00
2010.07.29 11:47:31.593,0.83185,0.8321,15.10,12.00
2010.07.29 11:47:33.253,0.8319,0.8321,4.00,12.00
2010.07.29 11:47:33.606,0.8319,0.8321,4.00,8.00
2010.07.29 11:47:34.774,0.8319,0.8321,4.00,7.20
2010.07.29 11:47:35.113,0.8319,0.8321,4.00,6.40
2010.07.29 11:47:36.812,0.8319,0.8321,5.60,6.40
2010.07.29 11:47:37.674,0.8319,0.8321,5.60,2.40
2010.07.29 11:47:37.903,0.8319,0.8321,5.60,6.40
2010.07.29 11:47:40.557,0.8319,0.83205,5.60,4.00
2010.07.29 11:47:40.740,0.83185,0.83205,5.60,10.40
2010.07.29 11:47:40.929,0.8318,0.832,8.00,3.20
2010.07.29 11:47:41.077,0.8318,0.83195,4.00,2.40
2010.07.29 11:47:41.217,0.8318,0.83195,1.60,2.40
2010.07.29 11:47:41.787,0.83175,0.8319,8.00,1.60
2010.07.29 11:47:42.064,0.83175,0.8319,12.00,1.60
2010.07.29 11:47:43.106,0.83175,0.8319,9.60,1.60
2010.07.29 11:47:43.300,0.83165,0.83185,15.20,1.60
2010.07.29 11:47:43.497,0.83165,0.83185,19.20,1.00
2010.07.29 11:47:43.684,0.8317,0.83185,2.40,1.00
2010.07.29 11:47:44.417,0.83165,0.83185,15.20,3.20
2010.07.29 11:47:46.113,0.83165,0.83185,13.60,5.60
2010.07.29 11:47:47.073,0.83165,0.83185,9.60,9.60
2010.07.29 11:47:48.264,0.83165,0.83185,6.40,9.60
2010.07.29 11:47:48.813,0.83165,0.8318,2.40,1.60
2010.07.29 11:47:49.174,0.83165,0.8318,2.40,5.60
2010.07.29 11:47:49.731,0.8316,0.8318,4.00,5.60
2010.07.29 11:47:50.083,0.8316,0.8318,8.00,4.00
2010.07.29 11:47:51.105,0.83165,0.8318,6.40,3.20
2010.07.29 11:47:52.314,0.83165,0.8318,6.40,1.60
2010.07.29 11:47:53.024,0.83165,0.83185,6.40,9.60
2010.07.29 11:47:53.514,0.83165,0.83185,2.40,9.60
2010.07.29 11:47:53.704,0.8317,0.83185,2.40,11.20
2010.07.29 11:47:53.895,0.8317,0.83185,2.40,10.40
2010.07.29 11:47:54.626,0.8317,0.83185,2.40,6.40
2010.07.29 11:47:54.883,0.8317,0.83185,2.40,2.40
2010.07.29 11:47:57.777,0.83165,0.83185,19.20,1.60
2010.07.29 11:48:05.745,0.83165,0.83185,17.60,1.60
2010.07.29 11:48:07.578,0.83165,0.8319,20.80,15.20
2010.07.29 11:48:10.054,0.8317,0.8319,4.00,9.60
2010.07.29 11:48:10.527,0.8317,0.8319,4.00,8.80
2010.07.29 11:48:10.676,0.8317,0.8319,16.00,2.40
2010.07.29 11:48:13.003,0.8317,0.8319,15.20,2.40
2010.07.29 11:48:17.774,0.8317,0.8319,16.00,2.40
2010.07.29 11:48:17.904,0.8317,0.8319,11.90,4.00
2010.07.29 11:48:18.034,0.8317,0.8319,7.90,4.00
2010.07.29 11:48:22.715,0.8317,0.83185,5.50,1.60
2010.07.29 11:48:22.951,0.83165,0.83185,9.60,7.20
2010.07.29 11:48:23.204,0.83165,0.83185,11.20,7.20
2010.07.29 11:48:23.455,0.83165,0.83185,12.00,7.20
2010.07.29 11:48:24.542,0.83165,0.83185,12.80,6.40
2010.07.29 11:48:24.672,0.8317,0.83185,4.00,1.60
2010.07.29 11:48:24.796,0.8317,0.83185,4.70,1.60
2010.07.29 11:48:25.609,0.8317,0.83185,8.70,1.60
2010.07.29 11:48:25.946,0.8317,0.83185,4.70,1.60
2010.07.29 11:48:27.995,0.8317,0.83185,4.70,4.00
2010.07.29 11:48:29.283,0.8317,0.83185,4.70,2.40
2010.07.29 11:48:29.893,0.8317,0.83185,7.10,2.40
2010.07.29 11:48:30.036,0.8317,0.8319,14.40,2.40
2010.07.29 11:48:30.176,0.8317,0.83195,14.40,17.60
2010.07.29 11:48:30.715,0.8317,0.8319,14.40,4.00
2010.07.29 11:48:30.859,0.8317,0.83195,14.40,17.60
2010.07.29 11:48:32.256,0.83175,0.83195,2.30,15.20
2010.07.29 11:48:36.944,0.83175,0.83195,10.30,5.60
2010.07.29 11:48:37.744,0.83175,0.83195,10.30,7.20
2010.07.29 11:48:38.726,0.83175,0.83195,6.30,7.20
2010.07.29 11:48:39.054,0.83175,0.83195,6.30,11.20
2010.07.29 11:48:40.406,0.83175,0.83195,10.30,7.20
2010.07.29 11:48:40.823,0.83175,0.83195,11.90,5.60
2010.07.29 11:48:41.244,0.8318,0.83195,1.60,4.00
2010.07.29 11:48:41.727,0.83175,0.832,12.70,15.20
2010.07.29 11:48:41.958,0.83175,0.832,15.10,12.00
2010.07.29 11:48:42.415,0.8318,0.832,3.10,9.60
2010.07.29 11:48:42.664,0.8318,0.832,7.10,4.00
2010.07.29 11:48:43.524,0.8318,0.832,4.70,12.80
2010.07.29 11:48:44.021,0.8318,0.832,1.00,15.20
2010.07.29 11:48:48.137,0.8318,0.832,1.00,13.60
2010.07.29 11:48:51.934,0.8318,0.83195,1.00,1.60
2010.07.29 11:48:52.165,0.8318,0.83195,1.00,2.40
2010.07.29 11:48:52.395,0.8318,0.832,1.50,15.20
2010.07.29 11:48:52.624,0.8318,0.832,10.40,6.40
2010.07.29 11:48:53.361,0.83185,0.832,1.60,8.00
2010.07.29 11:48:53.697,0.83185,0.83205,5.60,12.80
2010.07.29 11:48:53.877,0.83185,0.83205,7.20,4.00
2010.07.29 11:48:54.757,0.83185,0.83205,7.20,8.00
2010.07.29 11:48:56.430,0.83185,0.83205,7.20,9.60
2010.07.29 11:48:56.659,0.83185,0.83205,4.80,12.00
2010.07.29 11:48:57.311,0.83185,0.83205,1.60,13.60
2010.07.29 11:48:57.666,0.83185,0.832,1.60,8.00
2010.07.29 11:49:00.514,0.8318,0.832,3.90,8.00
2010.07.29 11:49:00.796,0.8318,0.832,7.90,4.00
2010.07.29 11:49:02.844,0.83185,0.832,4.00,4.00
2010.07.29 11:49:03.602,0.83185,0.83205,8.00,8.80
2010.07.29 11:49:03.764,0.83185,0.832,9.60,1.60
2010.07.29 11:49:04.785,0.83185,0.83205,9.60,8.80
2010.07.29 11:49:08.579,0.83185,0.832,8.00,1.60
2010.07.29 11:49:09.638,0.83185,0.832,12.00,1.60
2010.07.29 11:49:09.964,0.83185,0.832,8.00,1.60
2010.07.29 11:49:14.366,0.83185,0.83205,8.00,8.80
2010.07.29 11:49:17.353,0.83185,0.832,8.00,1.60
2010.07.29 11:49:24.874,0.83185,0.832,4.00,1.60
2010.07.29 11:49:25.044,0.83185,0.832,8.00,1.60
2010.07.29 11:49:29.895,0.83185,0.832,8.80,1.60
2010.07.29 11:49:32.456,0.83185,0.83205,8.80,8.00
2010.07.29 11:49:33.377,0.83185,0.83205,14.40,1.60
2010.07.29 11:49:34.108,0.83185,0.83205,15.20,2.40
2010.07.29 11:49:34.439,0.83185,0.83205,14.40,3.20
2010.07.29 11:49:35.199,0.83185,0.83205,14.40,2.40
2010.07.29 11:49:35.506,0.83185,0.83205,14.40,1.60
2010.07.29 11:49:37.216,0.83195,0.8321,4.00,11.20
2010.07.29 11:49:37.391,0.832,0.8321,4.00,1.60
2010.07.29 11:49:37.556,0.832,0.83215,4.00,1.60
2010.07.29 11:49:38.236,0.832,0.83215,8.00,1.60
2010.07.29 11:49:38.857,0.832,0.83215,4.00,1.60
2010.07.29 11:49:40.377,0.832,0.8322,12.00,4.00
2010.07.29 11:49:41.517,0.832,0.8322,13.60,5.60
2010.07.29 11:49:42.121,0.832,0.83215,5.60,1.60
2010.07.29 11:49:42.276,0.832,0.83215,1.60,1.60
2010.07.29 11:49:42.963,0.832,0.8321,1.60,1.60
2010.07.29 11:49:44.839,0.83195,0.8321,4.70,1.60
2010.07.29 11:49:45.038,0.83195,0.8321,2.30,1.60
2010.07.29 11:49:46.037,0.832,0.83215,4.00,1.60
2010.07.29 11:49:46.371,0.832,0.83215,1.60,1.60
2010.07.29 11:49:47.025,0.832,0.83215,4.00,1.60
2010.07.29 11:49:47.731,0.832,0.83215,5.60,1.60
2010.07.29 11:49:48.060,0.83205,0.8322,2.40,1.60
2010.07.29 11:49:50.684,0.83195,0.8321,10.40,1.60
2010.07.29 11:49:50.889,0.83195,0.83215,2.40,13.60
2010.07.29 11:49:51.085,0.83195,0.83215,2.40,17.60
2010.07.29 11:49:52.544,0.83195,0.83215,4.00,16.80
2010.07.29 11:49:52.734,0.83195,0.83215,5.60,12.80
2010.07.29 11:49:53.829,0.83195,0.83215,5.60,11.20
2010.07.29 11:49:55.205,0.83195,0.83215,9.60,7.20
2010.07.29 11:49:57.556,0.832,0.83215,6.40,7.20
2010.07.29 11:49:57.699,0.832,0.83215,4.00,1.60
2010.07.29 11:49:57.964,0.832,0.83215,6.40,1.60
2010.07.29 11:49:58.095,0.832,0.83215,7.20,1.60
2010.07.29 11:49:58.443,0.832,0.83215,4.80,1.60
2010.07.29 11:49:58.575,0.832,0.83215,7.20,1.60
2010.07.29 11:49:59.254,0.832,0.83215,4.80,1.60
2010.07.29 11:49:59.788,0.832,0.83215,6.40,1.60
2010.07.29 11:50:00.193,0.832,0.83215,4.00,1.60
2010.07.29 11:50:00.794,0.832,0.83215,6.40,1.60
2010.07.29 11:50:10.364,0.832,0.83215,2.40,1.60
2010.07.29 11:50:10.945,0.83195,0.8321,10.40,1.60
2010.07.29 11:50:11.206,0.83195,0.83215,14.40,3.20
2010.07.29 11:50:11.843,0.832,0.83215,6.40,3.20
2010.07.29 11:50:13.243,0.832,0.83215,6.40,1.60
2010.07.29 11:50:23.036,0.832,0.83215,11.20,1.60
2010.07.29 11:50:27.297,0.832,0.83215,8.00,1.60
2010.07.29 11:50:27.526,0.832,0.83215,6.40,1.60
2010.07.29 11:50:28.648,0.832,0.83215,4.00,1.60
2010.07.29 11:50:28.824,0.832,0.83215,6.40,1.60
2010.07.29 11:50:30.596,0.832,0.83215,4.00,1.60
2010.07.29 11:50:31.806,0.832,0.83215,6.40,1.60
2010.07.29 11:50:32.634,0.832,0.83215,4.80,1.60
2010.07.29 11:50:37.763,0.832,0.83215,6.40,1.60
2010.07.29 11:50:38.324,0.832,0.83215,10.40,1.60
2010.07.29 11:50:42.593,0.832,0.83215,6.40,1.60
2010.07.29 11:50:42.805,0.832,0.83215,2.40,1.60
2010.07.29 11:50:43.815,0.832,0.8321,2.40,1.60
2010.07.29 11:50:44.096,0.83195,0.8321,15.20,1.60
2010.07.29 11:50:45.963,0.83195,0.8321,14.40,1.60
2010.07.29 11:50:46.104,0.83195,0.8321,13.60,1.60
2010.07.29 11:50:47.454,0.83195,0.8321,8.00,1.60
2010.07.29 11:50:47.754,0.83195,0.8321,12.00,1.60
2010.07.29 11:50:48.166,0.83195,0.8321,10.40,1.60
2010.07.29 11:50:48.295,0.83195,0.8321,8.00,1.60
2010.07.29 11:50:48.428,0.8319,0.8321,13.60,1.60
2010.07.29 11:50:54.695,0.83195,0.8321,1.60,1.60
2010.07.29 11:50:56.675,0.83195,0.83215,6.40,13.60
2010.07.29 11:50:56.954,0.83195,0.83215,2.40,17.60
2010.07.29 11:50:57.453,0.83195,0.83215,4.00,15.20
2010.07.29 11:50:57.846,0.83195,0.83215,2.40,17.60
2010.07.29 11:50:58.975,0.83195,0.83215,4.00,15.20
2010.07.29 11:50:59.194,0.83195,0.83215,2.40,17.60
2010.07.29 11:50:59.414,0.83195,0.83215,4.00,16.80
2010.07.29 11:50:59.822,0.83195,0.83215,2.40,19.20
2010.07.29 11:51:00.421,0.8319,0.8321,13.60,4.00
2010.07.29 11:51:00.656,0.8319,0.83205,8.80,1.60
2010.07.29 11:51:02.174,0.8319,0.83205,6.40,1.60
2010.07.29 11:51:03.146,0.8319,0.83205,2.40,1.60
2010.07.29 11:51:03.799,0.8319,0.8321,2.40,13.60
2010.07.29 11:51:07.474,0.8319,0.8321,6.40,13.60
2010.07.29 11:51:07.673,0.8319,0.8321,6.40,5.60
2010.07.29 11:51:07.794,0.8319,0.8321,6.40,9.60
2010.07.29 11:51:08.033,0.8319,0.8321,6.40,5.60
2010.07.29 11:51:08.273,0.8319,0.83205,6.40,1.60
2010.07.29 11:51:09.553,0.8319,0.83205,2.40,1.60
2010.07.29 11:51:19.853,0.8319,0.83205,6.40,1.60
2010.07.29 11:51:23.175,0.8319,0.83205,2.40,1.60
2010.07.29 11:51:26.318,0.8319,0.83205,1.60,1.60
2010.07.29 11:51:36.474,0.8319,0.832,1.60,1.60
2010.07.29 11:51:36.615,0.8319,0.83205,1.60,1.60
2010.07.29 11:51:49.323,0.8319,0.83205,4.00,1.60
2010.07.29 11:51:50.504,0.83195,0.8321,4.00,11.20
2010.07.29 11:51:50.705,0.83195,0.8321,5.60,1.60
2010.07.29 11:51:51.336,0.83195,0.8321,6.40,1.60
2010.07.29 11:51:56.285,0.832,0.8321,2.40,1.60
2010.07.29 11:51:56.421,0.832,0.83215,2.40,1.60
2010.07.29 11:51:56.556,0.832,0.8322,3.90,12.00
2010.07.29 11:51:56.945,0.832,0.83215,3.90,1.60
2010.07.29 11:52:01.176,0.8321,0.83215,1.60,1.60
2010.07.29 11:52:01.604,0.832,0.8322,3.90,12.00
2010.07.29 11:52:01.947,0.832,0.83225,9.50,20.80
2010.07.29 11:52:02.593,0.832,0.8322,5.50,4.00
2010.07.29 11:52:02.897,0.832,0.8322,3.90,9.60
2010.07.29 11:52:03.202,0.8321,0.8322,1.60,9.60
2010.07.29 11:52:03.507,0.832,0.8322,7.10,5.60
2010.07.29 11:52:04.224,0.832,0.8322,5.50,9.60
2010.07.29 11:52:04.567,0.832,0.8322,1.50,13.60
2010.07.29 11:52:05.275,0.8321,0.8322,4.00,9.60
2010.07.29 11:52:05.798,0.8321,0.8322,4.00,8.00
2010.07.29 11:52:05.974,0.832,0.8322,3.90,9.60
2010.07.29 11:52:06.316,0.832,0.8322,3.90,12.00
2010.07.29 11:52:06.936,0.832,0.8322,3.90,9.60
2010.07.29 11:52:08.230,0.832,0.8322,3.90,12.00
2010.07.29 11:52:11.235,0.832,0.8322,3.90,9.60
2010.07.29 11:52:12.302,0.832,0.8322,3.90,12.00
2010.07.29 11:52:12.606,0.832,0.8322,3.90,9.60
2010.07.29 11:52:15.536,0.832,0.8322,3.90,12.00
2010.07.29 11:52:19.584,0.832,0.8322,7.90,8.00
2010.07.29 11:52:19.835,0.832,0.8322,7.90,4.00
2010.07.29 11:52:22.934,0.832,0.8322,7.90,1.60
2010.07.29 11:52:23.085,0.832,0.8322,11.90,1.60
2010.07.29 11:52:24.476,0.832,0.8322,7.90,1.60
2010.07.29 11:52:29.153,0.832,0.8322,3.90,9.60
2010.07.29 11:52:31.566,0.832,0.8322,5.50,9.60
2010.07.29 11:52:41.005,0.832,0.8322,3.90,9.60
2010.07.29 11:52:41.200,0.83195,0.8322,13.50,13.60
2010.07.29 11:52:41.390,0.83195,0.8322,9.50,13.60
2010.07.29 11:52:41.575,0.83195,0.83215,9.50,4.00
2010.07.29 11:52:41.767,0.83195,0.83215,9.50,5.60
2010.07.29 11:52:45.854,0.83195,0.83215,7.10,7.20
2010.07.29 11:52:46.254,0.83195,0.8321,7.10,4.00
2010.07.29 11:52:46.455,0.83195,0.8321,1.50,1.60
2010.07.29 11:52:47.115,0.83195,0.8321,1.50,8.00
2010.07.29 11:52:47.418,0.83195,0.8321,3.10,6.40
2010.07.29 11:52:49.185,0.8319,0.8321,2.30,12.00
2010.07.29 11:52:53.953,0.8319,0.8321,1.00,14.40
2010.07.29 11:52:54.558,0.8319,0.83205,1.00,1.60
2010.07.29 11:52:59.027,0.83185,0.83205,3.10,11.20
2010.07.29 11:52:59.184,0.83185,0.832,1.50,2.40
2010.07.29 11:52:59.346,0.8318,0.832,4.70,12.00
2010.07.29 11:52:59.508,0.8318,0.832,2.30,15.20
2010.07.29 11:52:59.664,0.8318,0.832,6.30,11.20
2010.07.29 11:52:59.823,0.8318,0.832,6.30,7.20
2010.07.29 11:53:01.443,0.8318,0.832,8.80,4.80
2010.07.29 11:53:03.624,0.8318,0.832,8.80,7.20
2010.07.29 11:53:05.304,0.8318,0.832,9.60,3.20
2010.07.29 11:53:11.293,0.8318,0.832,12.00,1.60
2010.07.29 11:53:11.864,0.8318,0.832,9.60,3.20
2010.07.29 11:53:15.974,0.8318,0.832,9.60,7.20
2010.07.29 11:53:16.354,0.8318,0.832,9.60,3.20
2010.07.29 11:53:17.803,0.8318,0.832,9.60,7.20
2010.07.29 11:53:17.943,0.8318,0.832,9.60,3.20
2010.07.29 11:53:20.593,0.8318,0.832,9.60,7.20
2010.07.29 11:53:20.733,0.8318,0.832,5.60,11.20
2010.07.29 11:53:21.487,0.83185,0.83205,2.30,14.40
2010.07.29 11:53:21.664,0.83185,0.83205,2.30,11.20
2010.07.29 11:53:22.024,0.83185,0.83205,3.10,11.20
2010.07.29 11:53:22.384,0.83185,0.83205,1.50,13.60
2010.07.29 11:53:22.564,0.83185,0.83205,3.10,16.80
2010.07.29 11:53:22.835,0.83185,0.83205,3.10,11.20
2010.07.29 11:53:23.369,0.83185,0.83205,3.10,12.80
2010.07.29 11:53:24.145,0.83185,0.832,1.60,5.60
2010.07.29 11:53:24.395,0.83185,0.83205,1.60,12.00
2010.07.29 11:53:25.068,0.83185,0.83205,2.30,11.20
2010.07.29 11:53:25.235,0.83185,0.83205,3.10,12.80
2010.07.29 11:53:29.115,0.83185,0.832,1.60,4.00
2010.07.29 11:53:29.710,0.83185,0.83205,1.60,12.00
2010.07.29 11:53:29.988,0.83185,0.832,1.60,1.60
2010.07.29 11:53:31.285,0.8318,0.832,10.40,1.60
2010.07.29 11:53:33.342,0.8318,0.83195,8.00,2.40
2010.07.29 11:53:33.527,0.83175,0.83195,2.30,16.00
2010.07.29 11:53:33.708,0.83175,0.83195,4.00,9.60
2010.07.29 11:53:34.302,0.83175,0.8319,1.60,1.60
2010.07.29 11:53:34.505,0.83175,0.8319,3.10,4.00
2010.07.29 11:53:34.714,0.83175,0.83195,3.10,12.80
2010.07.29 11:53:35.244,0.83175,0.83195,3.10,11.20
2010.07.29 11:53:35.454,0.83175,0.83195,1.60,14.40
2010.07.29 11:53:36.176,0.83175,0.83195,1.60,12.00
2010.07.29 11:53:36.445,0.83175,0.83195,1.60,13.60
2010.07.29 11:53:38.267,0.8317,0.8319,10.40,5.60
2010.07.29 11:53:38.775,0.8317,0.8319,10.40,8.00
2010.07.29 11:53:39.174,0.8317,0.8319,10.40,4.00
2010.07.29 11:53:39.334,0.8317,0.8319,10.40,5.60
2010.07.29 11:53:39.496,0.83175,0.8319,1.60,8.00
2010.07.29 11:53:40.070,0.83175,0.8319,1.60,4.00
2010.07.29 11:53:40.281,0.8317,0.83195,7.90,20.80
2010.07.29 11:53:40.934,0.8317,0.83195,14.40,15.20
2010.07.29 11:53:41.136,0.8317,0.8319,14.40,4.00
2010.07.29 11:53:41.479,0.83175,0.8319,1.60,6.40
2010.07.29 11:53:42.193,0.83175,0.83195,2.30,11.20
2010.07.29 11:53:42.398,0.83175,0.8319,1.00,2.40
2010.07.29 11:53:42.594,0.83175,0.8319,1.00,4.00
2010.07.29 11:53:42.794,0.83175,0.8319,1.00,2.40
2010.07.29 11:53:42.994,0.83175,0.8319,1.00,4.00
2010.07.29 11:53:43.395,0.8318,0.8319,4.70,1.60
2010.07.29 11:53:43.665,0.8318,0.8319,4.00,2.40
2010.07.29 11:53:43.935,0.83175,0.8319,2.30,2.40
2010.07.29 11:53:44.554,0.83175,0.83195,1.00,15.20
2010.07.29 11:53:44.975,0.83175,0.8319,1.00,1.60
2010.07.29 11:53:47.955,0.83175,0.8319,1.00,5.60
2010.07.29 11:53:53.115,0.83175,0.83195,2.30,14.40
2010.07.29 11:53:53.274,0.83175,0.83195,2.30,12.80
2010.07.29 11:53:56.623,0.83175,0.83195,1.00,13.60
2010.07.29 11:53:56.743,0.83175,0.83195,1.00,15.20
2010.07.29 11:53:56.864,0.83175,0.8319,1.00,1.60
2010.07.29 11:53:56.984,0.83175,0.8319,1.00,4.00
2010.07.29 11:53:57.104,0.83175,0.8319,1.00,8.00
2010.07.29 11:53:58.204,0.83175,0.8319,1.00,9.60
2010.07.29 11:53:59.536,0.83175,0.8319,1.00,5.60
2010.07.29 11:54:01.405,0.83175,0.8319,1.00,4.00
2010.07.29 11:54:02.229,0.8318,0.83195,1.00,3.20
2010.07.29 11:54:02.485,0.83175,0.83195,3.10,11.20
2010.07.29 11:54:03.077,0.83175,0.83195,1.50,12.00
2010.07.29 11:54:03.596,0.83175,0.83195,1.60,13.60
2010.07.29 11:54:04.005,0.83175,0.83195,3.10,12.80
2010.07.29 11:54:04.215,0.83175,0.8319,1.50,4.00
2010.07.29 11:54:04.945,0.83175,0.8319,1.50,2.40
2010.07.29 11:54:07.085,0.8317,0.8319,16.00,4.00
2010.07.29 11:54:07.314,0.8317,0.8319,15.20,4.00
2010.07.29 11:54:07.546,0.8317,0.8319,15.20,1.60
2010.07.29 11:54:11.193,0.8317,0.8319,15.20,4.00
2010.07.29 11:54:13.735,0.8317,0.8319,14.40,4.00
2010.07.29 11:54:14.220,0.8317,0.8319,10.30,5.60
2010.07.29 11:54:14.348,0.8317,0.8319,8.80,5.60
2010.07.29 11:54:15.023,0.8317,0.8319,12.80,5.60
2010.07.29 11:54:17.283,0.8317,0.8319,8.80,5.60
2010.07.29 11:54:20.273,0.8317,0.8319,12.80,5.60
2010.07.29 11:54:28.866,0.8317,0.8319,10.30,5.60
2010.07.29 11:54:28.974,0.8317,0.8319,10.30,8.80
2010.07.29 11:54:29.067,0.8317,0.83185,10.30,1.60
2010.07.29 11:54:29.164,0.8317,0.83185,2.30,1.60
2010.07.29 11:54:29.759,0.8317,0.83185,1.00,1.60
2010.07.29 11:54:34.095,0.83165,0.83185,13.60,1.60
2010.07.29 11:54:34.389,0.83165,0.83185,15.20,1.60
2010.07.29 11:54:35.256,0.83165,0.83185,16.80,1.60
2010.07.29 11:54:35.588,0.83165,0.83185,15.20,1.60
2010.07.29 11:54:40.197,0.83165,0.83185,16.80,1.60
2010.07.29 11:54:42.935,0.83165,0.83185,18.40,1.60
2010.07.29 11:54:43.881,0.83165,0.8319,18.40,20.80
2010.07.29 11:54:45.054,0.83165,0.83185,18.40,1.60
2010.07.29 11:54:45.303,0.83165,0.83185,16.80,1.60
2010.07.29 11:54:47.095,0.83165,0.83185,18.40,1.60
2010.07.29 11:54:47.416,0.83165,0.83185,16.80,1.60
2010.07.29 11:54:54.416,0.8317,0.83185,1.60,1.60
2010.07.29 11:54:54.585,0.8317,0.83185,6.40,1.60
2010.07.29 11:54:54.754,0.8317,0.83185,4.00,1.60
2010.07.29 11:54:55.315,0.8317,0.8319,4.00,16.80
2010.07.29 11:54:55.661,0.8317,0.8319,12.00,8.00
2010.07.29 11:55:02.516,0.8317,0.8319,8.00,8.00
2010.07.29 11:55:02.815,0.8317,0.8319,8.00,12.00
2010.07.29 11:55:03.006,0.8317,0.8319,8.00,8.00
2010.07.29 11:55:03.627,0.8317,0.8319,12.00,8.00
2010.07.29 11:55:10.155,0.8317,0.8319,8.00,9.60
2010.07.29 11:55:10.679,0.8317,0.8319,5.50,9.60
2010.07.29 11:55:10.849,0.8316,0.8318,9.50,7.20
2010.07.29 11:55:11.014,0.8316,0.8318,5.50,7.20
2010.07.29 11:55:11.656,0.8316,0.8318,1.50,16.00
2010.07.29 11:55:12.954,0.8316,0.8318,3.90,13.60
2010.07.29 11:55:13.573,0.8316,0.8318,7.90,5.60
2010.07.29 11:55:13.856,0.8316,0.8318,11.90,1.60
2010.07.29 11:55:20.744,0.8316,0.8318,9.50,4.80
2010.07.29 11:55:20.825,0.8316,0.83175,5.50,1.60
2010.07.29 11:55:20.914,0.8316,0.83175,1.50,1.60
2010.07.29 11:55:21.234,0.8316,0.83175,1.00,1.60
2010.07.29 11:55:29.027,0.8316,0.8318,1.00,15.20
2010.07.29 11:55:29.991,0.8316,0.8318,1.00,11.20
2010.07.29 11:55:30.036,0.8316,0.8318,4.70,11.20
2010.07.29 11:55:30.377,0.8316,0.8318,4.70,7.20
2010.07.29 11:55:31.186,0.8316,0.8318,4.70,11.20
2010.07.29 11:55:32.639,0.8316,0.83175,1.00,1.60
2010.07.29 11:55:33.547,0.8316,0.83175,4.70,1.60
2010.07.29 11:55:34.605,0.83165,0.83175,1.60,1.60
2010.07.29 11:55:34.728,0.83165,0.8318,4.00,7.20
2010.07.29 11:55:34.845,0.83165,0.83185,13.60,4.00
2010.07.29 11:55:34.966,0.83165,0.83185,15.20,4.00
2010.07.29 11:55:35.085,0.83165,0.83185,16.00,1.60
2010.07.29 11:55:35.204,0.83165,0.83185,16.80,1.60
2010.07.29 11:55:35.710,0.83165,0.83185,17.60,1.60
2010.07.29 11:55:37.375,0.8317,0.83185,1.60,1.60
2010.07.29 11:55:42.876,0.8317,0.83185,1.60,4.00
2010.07.29 11:55:43.157,0.8317,0.83185,1.60,8.00
2010.07.29 11:55:43.999,0.8317,0.83185,1.60,9.60
2010.07.29 11:55:45.407,0.83165,0.83185,11.10,9.60
2010.07.29 11:55:46.226,0.8317,0.83185,1.60,9.60
2010.07.29 11:55:46.374,0.8317,0.83185,1.60,5.60
2010.07.29 11:55:51.494,0.8317,0.83185,1.60,7.20
2010.07.29 11:55:51.584,0.83165,0.83185,12.70,8.80
2010.07.29 11:55:51.676,0.83165,0.8318,8.00,1.60
2010.07.29 11:55:52.217,0.8315,0.8317,15.20,4.00
2010.07.29 11:55:52.557,0.8315,0.8317,1.60,15.20
2010.07.29 11:55:52.894,0.8315,0.83165,1.60,4.00
2010.07.29 11:55:53.687,0.8315,0.8317,1.60,15.20
2010.07.29 11:55:53.968,0.8315,0.83165,1.60,4.00
2010.07.29 11:55:54.245,0.8315,0.8317,1.60,15.20
2010.07.29 11:55:55.487,0.8315,0.83165,1.60,1.60
2010.07.29 11:55:55.777,0.8315,0.8317,1.60,13.60
2010.07.29 11:55:56.515,0.8315,0.8317,1.60,9.60
2010.07.29 11:55:56.966,0.8315,0.8317,5.60,9.60
2010.07.29 11:55:57.205,0.8315,0.8317,5.60,8.00
2010.07.29 11:55:58.569,0.8315,0.8317,5.60,12.00
2010.07.29 11:55:58.907,0.8315,0.83165,1.60,4.00
2010.07.29 11:55:59.465,0.8315,0.8317,5.60,8.00
2010.07.29 11:56:00.131,0.8315,0.8317,8.00,2.40
2010.07.29 11:56:00.338,0.8315,0.83175,12.70,19.20
2010.07.29 11:56:01.242,0.8315,0.83165,12.70,1.60
2010.07.29 11:56:01.550,0.8315,0.83165,4.70,4.00
2010.07.29 11:56:01.896,0.8315,0.83165,3.10,4.00
2010.07.29 11:56:04.680,0.8315,0.83165,7.10,4.00
2010.07.29 11:56:05.236,0.8315,0.83165,7.10,1.60
2010.07.29 11:56:05.891,0.8315,0.83165,6.40,1.60
2010.07.29 11:56:06.156,0.8315,0.83165,5.60,1.60
2010.07.29 11:56:07.046,0.8315,0.83165,5.60,3.20
2010.07.29 11:56:07.364,0.8315,0.83165,5.60,1.60
2010.07.29 11:56:10.319,0.8315,0.83165,5.60,3.20
2010.07.29 11:56:10.536,0.8315,0.83165,9.60,1.60
2010.07.29 11:56:14.106,0.8315,0.83165,5.60,1.60
2010.07.29 11:56:17.024,0.8315,0.8317,5.60,9.60
2010.07.29 11:56:17.276,0.8315,0.8317,4.00,16.80
2010.07.29 11:56:17.394,0.8315,0.83165,4.00,1.60
2010.07.29 11:56:17.505,0.83145,0.83165,11.10,4.00
2010.07.29 11:56:17.624,0.8315,0.83165,4.00,2.40
2010.07.29 11:56:18.156,0.8315,0.8317,1.60,11.20
2010.07.29 11:56:18.466,0.8315,0.8317,5.60,11.20
2010.07.29 11:56:20.436,0.8315,0.8317,4.00,11.20
2010.07.29 11:56:21.034,0.83155,0.8317,2.40,9.60
2010.07.29 11:56:21.254,0.8315,0.8317,4.00,11.20
2010.07.29 11:56:21.774,0.83145,0.8317,16.70,15.20
2010.07.29 11:56:22.754,0.83145,0.8317,19.20,15.20
2010.07.29 11:56:25.245,0.83145,0.8317,17.60,16.00
2010.07.29 11:56:25.434,0.83145,0.83165,15.20,1.60
2010.07.29 11:56:25.614,0.83145,0.83165,11.10,3.20
2010.07.29 11:56:25.796,0.83145,0.83165,5.50,7.20
2010.07.29 11:56:25.984,0.83145,0.83165,4.00,7.20
2010.07.29 11:56:26.551,0.83145,0.83165,5.60,8.80
2010.07.29 11:56:26.897,0.83145,0.83165,9.60,4.80
2010.07.29 11:56:27.235,0.83145,0.83165,8.00,6.40
2010.07.29 11:56:28.756,0.83145,0.8316,8.00,4.00
2010.07.29 11:56:28.909,0.8314,0.8316,12.70,2.40
2010.07.29 11:56:29.405,0.8314,0.8316,15.10,2.40
2010.07.29 11:56:29.694,0.83145,0.83165,4.00,10.40
2010.07.29 11:56:30.436,0.83145,0.83165,8.00,10.40
2010.07.29 11:56:30.625,0.83145,0.83165,8.00,6.40
2010.07.29 11:56:32.995,0.8315,0.83165,2.40,1.60
2010.07.29 11:56:33.114,0.83155,0.8317,1.60,5.60
2010.07.29 11:56:33.236,0.83155,0.83175,5.60,8.80
2010.07.29 11:56:33.354,0.83155,0.83175,5.60,7.20
2010.07.29 11:56:34.485,0.83155,0.83175,1.60,11.20
2010.07.29 11:56:37.324,0.8315,0.83175,11.90,16.00
2010.07.29 11:56:37.874,0.8315,0.83175,11.10,17.60
2010.07.29 11:56:38.188,0.8315,0.83175,14.40,19.20
2010.07.29 11:56:38.507,0.83155,0.83175,5.60,11.20
2010.07.29 11:56:38.825,0.83155,0.83175,7.20,9.60
2010.07.29 11:56:39.580,0.8316,0.83175,3.10,1.60
2010.07.29 11:56:41.095,0.8316,0.83175,1.00,1.60
2010.07.29 11:56:41.365,0.8316,0.8318,3.10,12.00
2010.07.29 11:56:41.638,0.8316,0.8318,5.60,10.40
2010.07.29 11:56:41.887,0.8316,0.8318,3.90,12.00
2010.07.29 11:56:42.783,0.8316,0.8317,3.90,2.40
2010.07.29 11:56:42.991,0.8316,0.8318,1.50,13.60
2010.07.29 11:56:43.199,0.83155,0.83175,11.10,4.80
2010.07.29 11:56:43.827,0.83155,0.83175,8.00,6.40
2010.07.29 11:56:44.026,0.83155,0.83175,5.60,10.40
2010.07.29 11:56:45.211,0.83155,0.83175,7.20,10.40
2010.07.29 11:56:45.465,0.83155,0.83175,14.30,8.00
2010.07.29 11:56:45.715,0.83155,0.83175,16.80,1.60
2010.07.29 11:56:46.452,0.83155,0.83175,18.40,1.60
2010.07.29 11:56:47.686,0.83155,0.83175,16.80,3.20
2010.07.29 11:56:47.984,0.83155,0.83175,15.20,4.80
2010.07.29 11:56:52.233,0.83155,0.83175,15.20,7.20
2010.07.29 11:56:52.304,0.83155,0.8317,13.60,1.60
2010.07.29 11:56:52.374,0.83155,0.8317,12.00,1.60
2010.07.29 11:56:52.444,0.83155,0.8317,4.00,1.60
2010.07.29 11:56:52.515,0.83155,0.8317,2.40,4.80
2010.07.29 11:56:52.595,0.83155,0.8317,8.00,5.60
2010.07.29 11:56:52.675,0.83155,0.8317,4.00,4.80
2010.07.29 11:56:53.204,0.83155,0.8317,4.00,4.80
2010.07.29 11:56:53.545,0.8315,0.8317,4.00,4.80
2010.07.29 11:56:56.284,0.8315,0.8317,4.00,5.60
2010.07.29 11:56:56.764,0.8315,0.8317,4.00,9.60
2010.07.29 11:56:58.116,0.83145,0.83165,14.40,5.60
2010.07.29 11:57:00.606,0.8315,0.83165,1.60,4.00
2010.07.29 11:57:00.735,0.8315,0.83165,1.60,1.60
2010.07.29 11:57:00.869,0.8315,0.8317,8.00,1.60
2010.07.29 11:57:00.995,0.8315,0.8317,12.00,1.60
2010.07.29 11:57:01.327,0.83155,0.83175,4.00,15.20
2010.07.29 11:57:01.861,0.83155,0.83175,5.60,12.80
2010.07.29 11:57:02.199,0.83155,0.83175,9.60,12.80
2010.07.29 11:57:02.535,0.83155,0.83175,5.60,12.80
2010.07.29 11:57:03.504,0.83155,0.83175,4.00,15.20
2010.07.29 11:57:03.667,0.8315,0.8317,12.80,1.60
2010.07.29 11:57:10.927,0.8315,0.8317,11.20,3.20
2010.07.29 11:57:11.553,0.8315,0.8317,8.70,3.20
2010.07.29 11:57:11.748,0.83145,0.83165,12.70,5.60
2010.07.29 11:57:12.056,0.83155,0.83165,1.60,2.40
2010.07.29 11:57:12.366,0.8315,0.8317,1.00,13.60
2010.07.29 11:57:13.001,0.83145,0.83165,14.30,4.00
2010.07.29 11:57:14.374,0.83145,0.83165,12.70,4.80
2010.07.29 11:57:14.871,0.83145,0.83165,11.90,6.40
2010.07.29 11:57:15.102,0.83145,0.83165,2.30,14.40
2010.07.29 11:57:16.532,0.8315,0.83165,2.40,9.60
2010.07.29 11:57:16.727,0.8315,0.83165,2.40,8.00
2010.07.29 11:57:16.924,0.8315,0.83165,2.40,9.60
2010.07.29 11:57:20.906,0.8315,0.83165,2.40,11.20
2010.07.29 11:57:21.972,0.8315,0.83165,2.40,13.60
2010.07.29 11:57:22.540,0.8315,0.83165,2.40,14.40
2010.07.29 11:57:22.769,0.8314,0.83165,16.00,17.60
2010.07.29 11:57:23.237,0.8314,0.8316,12.00,4.00
2010.07.29 11:57:23.487,0.8314,0.8316,1.50,12.00
2010.07.29 11:57:24.009,0.83135,0.8316,17.60,12.80
2010.07.29 11:57:24.147,0.83135,0.8316,17.60,11.20
2010.07.29 11:57:24.303,0.83135,0.8316,17.60,12.80
2010.07.29 11:57:25.735,0.8314,0.8316,3.20,8.80
2010.07.29 11:57:26.439,0.8314,0.8316,14.40,1.00
2010.07.29 11:57:26.565,0.83145,0.8316,4.00,1.00
2010.07.29 11:57:29.745,0.83145,0.83165,4.00,12.00
2010.07.29 11:57:30.006,0.83145,0.83165,4.00,13.60
2010.07.29 11:57:34.836,0.83145,0.8316,4.00,1.00
2010.07.29 11:57:34.953,0.83145,0.83165,1.60,17.60
2010.07.29 11:57:35.068,0.83145,0.83165,1.60,16.00
2010.07.29 11:57:35.177,0.83145,0.83165,3.20,16.80
2010.07.29 11:57:35.955,0.83145,0.83165,3.20,15.20
2010.07.29 11:57:37.115,0.83145,0.8316,3.20,2.40
2010.07.29 11:57:37.458,0.83145,0.83165,1.60,19.20
2010.07.29 11:57:38.406,0.83145,0.8316,1.60,1.60
2010.07.29 11:57:39.476,0.8314,0.83155,8.80,4.00
2010.07.29 11:57:39.681,0.8314,0.83155,1.60,9.60
2010.07.29 11:57:39.879,0.8314,0.83155,1.60,8.80
2010.07.29 11:57:40.148,0.83135,0.83155,11.20,3.20
2010.07.29 11:57:40.417,0.83135,0.83155,5.60,11.20
2010.07.29 11:57:40.686,0.8314,0.83155,1.60,8.80
2010.07.29 11:57:41.227,0.8314,0.83155,1.60,11.20
2010.07.29 11:57:41.670,0.83135,0.83155,5.60,11.20
2010.07.29 11:57:41.934,0.8314,0.83155,1.60,11.20
2010.07.29 11:57:42.195,0.8314,0.83155,1.60,8.80
2010.07.29 11:57:42.347,0.83135,0.8315,9.60,2.40
2010.07.29 11:57:42.497,0.83135,0.83155,4.00,19.20
2010.07.29 11:57:42.645,0.83135,0.83155,5.60,16.80
2010.07.29 11:57:43.180,0.8314,0.83155,1.60,12.80
2010.07.29 11:57:43.497,0.8314,0.83155,5.60,1.60
2010.07.29 11:57:43.815,0.8314,0.83155,6.30,1.60
2010.07.29 11:57:45.006,0.8314,0.83155,10.30,1.60
2010.07.29 11:57:45.434,0.8314,0.83155,8.70,1.60
2010.07.29 11:57:45.604,0.8314,0.83155,10.30,1.60
2010.07.29 11:57:46.780,0.8314,0.8316,8.70,6.40
2010.07.29 11:57:46.963,0.83135,0.83155,15.20,1.60
2010.07.29 11:57:47.135,0.83135,0.83155,15.20,3.20
2010.07.29 11:57:47.315,0.83135,0.83155,11.20,7.20
2010.07.29 11:57:47.675,0.83135,0.83155,15.20,3.20
2010.07.29 11:57:48.284,0.83135,0.83155,11.20,7.20
2010.07.29 11:57:48.633,0.8313,0.8315,10.40,2.40
2010.07.29 11:57:48.977,0.8313,0.8315,2.40,12.00
2010.07.29 11:57:49.775,0.8313,0.83145,2.40,1.00
2010.07.29 11:57:49.915,0.8313,0.83145,2.40,3.20
2010.07.29 11:57:50.417,0.83125,0.83145,12.00,3.20
2010.07.29 11:57:50.670,0.8313,0.83145,2.40,1.60
2010.07.29 11:57:51.475,0.83125,0.83145,12.00,4.00
2010.07.29 11:57:52.060,0.83125,0.83145,12.00,5.60
2010.07.29 11:57:52.215,0.83125,0.83145,12.00,7.20
2010.07.29 11:57:52.905,0.83125,0.83135,12.00,1.60
2010.07.29 11:57:53.058,0.83125,0.8314,8.00,1.00
2010.07.29 11:57:53.398,0.83125,0.8314,2.40,1.60
2010.07.29 11:57:54.187,0.8312,0.8314,12.80,2.40
2010.07.29 11:57:57.166,0.8312,0.8314,8.80,2.40
2010.07.29 11:57:57.625,0.8312,0.8314,8.00,2.40
2010.07.29 11:57:57.957,0.8312,0.8314,8.00,3.20
2010.07.29 11:57:58.609,0.8312,0.83135,4.00,1.60
2010.07.29 11:57:58.936,0.8312,0.8314,8.00,7.20
2010.07.29 11:57:59.915,0.8312,0.83135,6.40,1.60
2010.07.29 11:58:00.155,0.8312,0.8314,8.00,7.20
2010.07.29 11:58:00.394,0.8312,0.8314,4.00,11.20
2010.07.29 11:58:00.634,0.8312,0.8314,4.00,12.00
2010.07.29 11:58:00.875,0.8312,0.83135,4.00,1.00
2010.07.29 11:58:01.332,0.8312,0.83135,2.40,1.00
2010.07.29 11:58:02.828,0.8312,0.83125,2.40,1.60
2010.07.29 11:58:03.399,0.83115,0.83135,9.60,4.00
2010.07.29 11:58:03.611,0.8312,0.8314,12.00,1.60
2010.07.29 11:58:03.826,0.8312,0.8314,13.60,1.00
2010.07.29 11:58:04.044,0.8312,0.8314,14.40,1.00
2010.07.29 11:58:04.982,0.83125,0.83145,6.40,12.80
2010.07.29 11:58:05.283,0.83125,0.83145,12.00,10.40
2010.07.29 11:58:06.016,0.83125,0.83145,10.40,12.80
2010.07.29 11:58:06.325,0.83125,0.83145,13.60,8.80
2010.07.29 11:58:06.637,0.83125,0.83145,12.00,7.20
2010.07.29 11:58:06.947,0.8312,0.8314,13.60,2.40
2010.07.29 11:58:07.254,0.8312,0.8314,12.00,4.00
2010.07.29 11:58:09.004,0.83125,0.8314,2.40,4.00
2010.07.29 11:58:10.499,0.83125,0.8314,6.40,4.00
2010.07.29 11:58:10.675,0.8313,0.8314,4.00,4.00
2010.07.29 11:58:11.786,0.83125,0.8314,10.40,4.00
2010.07.29 11:58:12.124,0.83125,0.8314,6.40,4.00
2010.07.29 11:58:12.404,0.83125,0.8314,2.40,4.00
2010.07.29 11:58:13.348,0.83125,0.8314,2.40,1.60
2010.07.29 11:58:13.607,0.83125,0.8314,2.40,1.00
2010.07.29 11:58:14.116,0.83125,0.8314,2.40,4.00
2010.07.29 11:58:16.135,0.83125,0.83135,2.40,2.40
2010.07.29 11:58:16.260,0.83125,0.8314,4.00,1.60
2010.07.29 11:58:16.386,0.83125,0.8314,2.40,8.00
2010.07.29 11:58:16.516,0.83125,0.8314,4.00,2.40
2010.07.29 11:58:16.644,0.83125,0.8314,2.40,2.40
2010.07.29 11:58:17.005,0.83125,0.83135,2.40,2.40
2010.07.29 11:58:17.656,0.83125,0.83135,2.40,12.00
2010.07.29 11:58:17.999,0.83115,0.8313,4.80,1.60
2010.07.29 11:58:18.339,0.83115,0.8313,4.00,2.40
2010.07.29 11:58:18.793,0.8312,0.8313,2.40,2.40
2010.07.29 11:58:19.527,0.8312,0.83135,4.00,11.20
2010.07.29 11:58:19.740,0.8312,0.8314,14.40,2.40
2010.07.29 11:58:20.157,0.8312,0.8314,12.80,2.40
2010.07.29 11:58:20.792,0.8312,0.8314,14.40,4.80
2010.07.29 11:58:21.109,0.8312,0.8314,12.00,7.20
2010.07.29 11:58:22.037,0.8312,0.8314,12.00,8.00
2010.07.29 11:58:23.451,0.8312,0.8314,8.00,12.00
2010.07.29 11:58:23.608,0.8312,0.83135,6.40,2.40
2010.07.29 11:58:23.757,0.83115,0.83135,12.00,5.60
2010.07.29 11:58:23.909,0.8312,0.83135,2.40,2.40
2010.07.29 11:58:24.207,0.8312,0.83135,2.40,1.00
2010.07.29 11:58:25.457,0.8312,0.83135,2.40,3.20
2010.07.29 11:58:26.381,0.8312,0.83135,2.40,1.00
2010.07.29 11:58:26.547,0.8312,0.83135,2.40,4.80
2010.07.29 11:58:26.798,0.8312,0.83135,2.40,7.20
2010.07.29 11:58:27.046,0.8312,0.8313,2.40,2.40
2010.07.29 11:58:27.298,0.83115,0.83135,4.00,8.00
2010.07.29 11:58:27.932,0.8311,0.8313,7.20,5.60
2010.07.29 11:58:28.181,0.8311,0.83135,16.00,12.00
2010.07.29 11:58:28.427,0.83115,0.83135,1.60,12.00
2010.07.29 11:58:29.368,0.83115,0.83135,1.60,13.60
2010.07.29 11:58:29.935,0.83115,0.83135,5.60,13.60
2010.07.29 11:58:30.127,0.8312,0.83135,1.60,9.60
2010.07.29 11:58:30.315,0.8312,0.83135,1.60,5.60
2010.07.29 11:58:30.505,0.83115,0.83135,7.10,6.40
2010.07.29 11:58:31.103,0.8312,0.83135,4.80,4.00
2010.07.29 11:58:31.452,0.8312,0.83135,4.00,1.60
2010.07.29 11:58:32.567,0.8312,0.8314,4.00,14.40
2010.07.29 11:58:34.017,0.83115,0.8314,16.80,17.60
2010.07.29 11:58:34.335,0.8312,0.8314,4.00,14.40
2010.07.29 11:58:34.647,0.8312,0.8314,2.40,14.40
2010.07.29 11:58:34.958,0.83115,0.83135,15.20,1.60
2010.07.29 11:58:35.727,0.83115,0.83135,12.70,1.60
2010.07.29 11:58:35.978,0.83115,0.83135,6.40,10.40
2010.07.29 11:58:36.701,0.83115,0.8313,5.60,1.60
2010.07.29 11:58:37.294,0.83115,0.8313,1.60,1.60
2010.07.29 11:58:37.977,0.83115,0.8313,1.60,10.40
2010.07.29 11:58:38.770,0.83115,0.8313,1.60,1.60
2010.07.29 11:58:41.127,0.83115,0.8313,1.60,2.40
2010.07.29 11:58:42.885,0.83115,0.8313,1.60,1.60
2010.07.29 11:58:47.013,0.8311,0.83125,10.30,4.00
2010.07.29 11:58:47.211,0.8311,0.8313,4.00,7.20
2010.07.29 11:58:47.407,0.83115,0.83125,1.60,1.60
2010.07.29 11:58:47.598,0.8312,0.83125,1.60,1.60
2010.07.29 11:58:49.067,0.8312,0.83125,1.60,4.00
2010.07.29 11:58:49.217,0.8312,0.83125,1.00,9.60
2010.07.29 11:58:50.919,0.8312,0.83125,1.00,13.60
2010.07.29 11:58:51.200,0.83105,0.83115,2.40,2.40
2010.07.29 11:58:51.418,0.8312,0.83125,1.00,17.60
2010.07.29 11:58:51.628,0.831,0.8312,5.60,4.00
2010.07.29 11:58:52.755,0.831,0.8312,5.60,8.00
2010.07.29 11:58:53.026,0.831,0.83115,5.60,1.60
2010.07.29 11:58:53.297,0.831,0.8312,1.60,12.00
2010.07.29 11:58:53.725,0.831,0.8312,5.60,8.00
2010.07.29 11:58:54.386,0.83105,0.8312,1.60,4.00
2010.07.29 11:58:56.568,0.831,0.8312,9.60,4.00
2010.07.29 11:58:57.015,0.83105,0.8312,1.60,4.00
2010.07.29 11:58:58.317,0.83105,0.83125,4.00,16.00
2010.07.29 11:58:58.566,0.83105,0.83125,4.00,17.60
2010.07.29 11:58:58.817,0.83105,0.83125,4.00,12.00
2010.07.29 11:58:59.028,0.83105,0.8312,8.00,1.60
2010.07.29 11:58:59.240,0.83105,0.8312,12.00,1.60
2010.07.29 11:58:59.890,0.83105,0.83125,12.00,9.60
2010.07.29 11:59:01.777,0.83105,0.83125,13.60,8.00
2010.07.29 11:59:01.930,0.83105,0.83125,12.00,9.60
2010.07.29 11:59:02.266,0.83105,0.83125,8.00,9.60
2010.07.29 11:59:02.595,0.83105,0.83125,8.00,13.60
2010.07.29 11:59:02.926,0.8311,0.83125,1.60,7.20
2010.07.29 11:59:04.464,0.8311,0.83125,1.60,4.80
2010.07.29 11:59:04.656,0.8311,0.83125,1.60,1.60
2010.07.29 11:59:04.725,0.8311,0.8313,5.60,12.00
2010.07.29 11:59:04.795,0.83115,0.8313,1.60,4.00
2010.07.29 11:59:04.866,0.83115,0.83135,4.00,15.20
2010.07.29 11:59:05.656,0.83115,0.8313,1.60,1.60
2010.07.29 11:59:07.464,0.83115,0.83135,1.60,17.60
2010.07.29 11:59:07.845,0.83115,0.8313,1.60,4.00
2010.07.29 11:59:08.786,0.8312,0.8313,1.60,4.00
2010.07.29 11:59:09.372,0.8312,0.83135,5.60,9.60
2010.07.29 11:59:09.530,0.8312,0.8314,5.60,10.40
2010.07.29 11:59:09.874,0.8312,0.8314,4.00,11.20
2010.07.29 11:59:12.709,0.8312,0.8314,8.00,8.80
2010.07.29 11:59:14.445,0.8312,0.8314,5.60,11.20
2010.07.29 11:59:14.565,0.8312,0.8314,4.00,11.20
2010.07.29 11:59:22.976,0.8312,0.8313,4.00,4.00
2010.07.29 11:59:23.166,0.8312,0.8313,4.00,1.60
2010.07.29 11:59:23.356,0.83115,0.83135,4.00,12.80
2010.07.29 11:59:23.812,0.83115,0.83135,6.40,11.20
2010.07.29 11:59:24.163,0.83115,0.8314,16.00,14.40
2010.07.29 11:59:24.507,0.8312,0.8314,4.70,4.00
2010.07.29 11:59:24.845,0.8312,0.83145,8.70,17.60
2010.07.29 11:59:25.979,0.8312,0.83125,4.70,1.60
2010.07.29 11:59:26.556,0.83115,0.83125,1.60,2.40
2010.07.29 11:59:26.818,0.8311,0.83125,1.60,12.80
2010.07.29 11:59:27.624,0.8311,0.83125,1.60,13.60
2010.07.29 11:59:28.999,0.83105,0.83125,5.60,13.60
2010.07.29 11:59:29.180,0.83105,0.8312,1.60,4.00
2010.07.29 11:59:29.338,0.83105,0.8312,1.60,7.20
2010.07.29 11:59:30.227,0.83105,0.8312,1.60,11.20
2010.07.29 11:59:30.576,0.831,0.8311,1.60,1.60
2010.07.29 11:59:31.364,0.8311,0.83125,1.60,3.20
2010.07.29 11:59:31.658,0.83105,0.83125,17.60,1.00
2010.07.29 11:59:31.947,0.8311,0.83125,1.60,2.40
2010.07.29 11:59:32.709,0.83105,0.83125,13.60,5.60
2010.07.29 11:59:35.575,0.83105,0.83125,13.60,3.20
2010.07.29 11:59:36.349,0.83105,0.8312,12.00,1.60
2010.07.29 11:59:36.601,0.8311,0.83125,1.60,3.20
2010.07.29 11:59:36.906,0.8311,0.83125,5.60,3.20
2010.07.29 11:59:37.976,0.8311,0.8312,4.00,1.60
2010.07.29 11:59:38.579,0.8311,0.8312,8.00,1.60
2010.07.29 11:59:38.749,0.8311,0.83125,9.60,2.40
2010.07.29 11:59:42.666,0.8311,0.8312,9.60,1.60
2010.07.29 11:59:42.764,0.8311,0.83125,9.60,4.80
2010.07.29 11:59:42.864,0.8311,0.83125,8.00,4.80
2010.07.29 11:59:43.065,0.8311,0.83125,8.00,2.40
2010.07.29 11:59:43.164,0.8311,0.83125,9.60,2.40
2010.07.29 11:59:48.117,0.8311,0.83125,12.80,2.40
2010.07.29 11:59:48.399,0.83115,0.83135,12.00,11.20
2010.07.29 11:59:48.675,0.83115,0.83135,4.00,19.20
2010.07.29 11:59:50.288,0.83115,0.8313,4.00,1.60
2010.07.29 11:59:50.612,0.83115,0.83125,1.60,1.60
2010.07.29 11:59:50.939,0.83115,0.8313,1.60,8.80
2010.07.29 11:59:51.096,0.83115,0.8313,4.00,6.40
2010.07.29 11:59:51.259,0.83115,0.8313,4.00,2.40
2010.07.29 11:59:52.038,0.83115,0.8313,5.60,1.00
2010.07.29 11:59:52.380,0.83115,0.8313,5.60,3.20
2010.07.29 11:59:53.029,0.83115,0.83125,8.00,2.40
2010.07.29 11:59:53.245,0.8311,0.83125,9.60,3.20
2010.07.29 11:59:54.571,0.8311,0.83125,9.60,5.60
2010.07.29 11:59:54.648,0.8311,0.83125,4.00,1.00
2010.07.29 11:59:54.715,0.8311,0.83125,5.60,1.00
2010.07.29 11:59:54.856,0.8311,0.83125,9.60,2.40
2010.07.29 11:59:55.619,0.8311,0.83125,9.60,3.20
2010.07.29 11:59:56.157,0.8311,0.8312,9.60,1.60
2010.07.29 11:59:56.429,0.8311,0.83125,9.60,1.00
2010.07.29 11:59:56.698,0.8311,0.8313,9.60,8.00
2010.07.29 11:59:56.947,0.83115,0.8313,1.60,1.60
2010.07.29 11:59:57.197,0.83115,0.8313,9.60,1.60
2010.07.29 11:59:57.445,0.83115,0.8313,5.60,1.60
2010.07.29 11:59:59.037,0.83115,0.8313,4.00,4.00
2010.07.29 11:59:59.217,0.83115,0.8313,8.00,4.00
2010.07.29 11:59:59.735,0.83115,0.83135,8.00,12.80
