2007.11.15 02:00:00.266,0.9929,0.9932,1.80,0.50
2007.11.15 02:00:00.504,0.9928,0.9932,25.30,0.50
2007.11.15 02:00:00.749,0.9928,0.9932,25.30,0.50
2007.11.15 02:00:00.932,0.9929,0.9932,1.50,0.50
2007.11.15 02:00:01.115,0.9928,0.9932,25.20,0.50
2007.11.15 02:00:01.297,0.9929,0.9932,1.90,0.50
2007.11.15 02:00:01.481,0.9928,0.9932,25.20,0.50
2007.11.15 02:00:01.664,0.9928,0.9932,25.20,0.50
2007.11.15 02:00:01.848,0.9929,0.9932,1.90,0.50
2007.11.15 02:00:02.183,0.9928,0.9932,7.60,0.50
2007.11.15 02:00:02.516,0.9928,0.9932,18.40,0.50
2007.11.15 02:00:02.849,0.9928,0.9932,25.20,0.50
2007.11.15 02:00:03.031,0.9929,0.9932,1.00,0.50
2007.11.15 02:00:03.215,0.9929,0.9931,1.00,0.50
2007.11.15 02:00:03.397,0.9928,0.9931,16.00,0.50
2007.11.15 02:00:03.581,0.9927,0.9931,21.20,0.50
2007.11.15 02:00:03.763,0.9928,0.9931,2.70,0.50
2007.11.15 02:00:03.954,0.9927,0.9931,21.20,0.50
2007.11.15 02:00:04.202,0.9927,0.9931,21.20,0.50
2007.11.15 02:00:04.450,0.9927,0.9931,21.20,0.50
2007.11.15 02:00:04.698,0.9927,0.9931,21.20,0.50
2007.11.15 02:00:04.946,0.9927,0.9932,32.50,0.50
2007.11.15 02:00:05.165,0.99275,0.9932,14.40,0.50
2007.11.15 02:00:05.382,0.9928,0.9932,14.00,0.50
2007.11.15 02:00:05.601,0.9928,0.9932,20.80,0.50
2007.11.15 02:00:05.819,0.9928,0.9932,20.80,0.50
2007.11.15 02:00:06.037,0.9928,0.9932,20.80,0.50
2007.11.15 02:00:06.431,0.9928,0.9932,20.80,0.50
2007.11.15 02:00:06.687,0.9929,0.9932,1.00,0.50
2007.11.15 02:00:06.944,0.9928,0.9932,20.80,0.50
2007.11.15 02:00:07.162,0.9928,0.9932,20.80,0.50
2007.11.15 02:00:07.380,0.9928,0.9932,20.80,0.50
2007.11.15 02:00:07.598,0.9928,0.9932,20.80,0.50
2007.11.15 02:00:07.816,0.9928,0.9932,20.80,0.50
2007.11.15 02:00:08.034,0.9929,0.9932,0.60,0.50
2007.11.15 02:00:08.213,0.9928,0.9933,25.70,0.50
2007.11.15 02:00:08.390,0.9928,0.9933,25.70,0.50
2007.11.15 02:00:08.573,0.9928,0.9933,25.70,0.50
2007.11.15 02:00:08.746,0.9928,0.9933,25.70,0.50
2007.11.15 02:00:08.924,0.9928,0.9933,25.70,0.50
2007.11.15 02:00:09.105,0.9929,0.9933,4.30,0.50
2007.11.15 02:00:09.338,0.9928,0.99335,28.10,0.80
2007.11.15 02:00:09.571,0.9929,0.99335,4.80,0.80
2007.11.15 02:00:09.804,0.9929,0.9934,4.00,4.00
2007.11.15 02:00:10.038,0.9928,0.9934,23.70,4.00
2007.11.15 02:00:10.267,0.9929,0.9934,1.00,4.00
2007.11.15 02:00:10.494,0.9929,0.9934,1.10,4.00
2007.11.15 02:00:10.723,0.9929,0.9934,1.00,4.00
2007.11.15 02:00:10.951,0.9929,0.9934,1.10,4.00
2007.11.15 02:00:11.179,0.9929,0.9934,0.90,4.00
2007.11.15 02:00:11.416,0.99285,0.9934,8.40,4.00
2007.11.15 02:00:11.656,0.9929,0.9934,0.80,4.00
2007.11.15 02:00:11.902,0.9929,0.9934,1.60,4.00
2007.11.15 02:00:12.141,0.9929,0.9934,1.60,4.00
2007.11.15 02:00:12.394,0.9929,0.9934,1.60,4.00
2007.11.15 02:00:12.649,0.9929,0.9934,1.60,4.00
2007.11.15 02:00:12.902,0.9929,0.9934,1.60,4.00
2007.11.15 02:00:13.156,0.9929,0.9934,1.60,4.00
2007.11.15 02:00:13.299,0.9929,0.9934,1.60,6.80
2007.11.15 02:00:13.443,0.9929,0.9934,1.60,12.80
2007.11.15 02:00:13.586,0.9929,0.9934,1.60,12.80
2007.11.15 02:00:13.728,0.9929,0.9934,1.60,10.40
2007.11.15 02:00:13.872,0.9929,0.9934,1.60,4.00
2007.11.15 02:00:14.022,0.9929,0.9934,1.60,4.00
2007.11.15 02:00:14.158,0.9929,0.9934,1.60,4.00
2007.11.15 02:00:14.452,0.9929,0.9934,1.60,4.00
2007.11.15 02:00:14.744,0.9929,0.9934,1.60,4.00
2007.11.15 02:00:15.038,0.9929,0.9934,1.60,4.00
2007.11.15 02:00:15.331,0.9929,0.9934,1.60,4.00
2007.11.15 02:00:15.488,0.9929,0.9934,1.60,4.00
2007.11.15 02:00:15.645,0.9929,0.9934,1.60,4.00
2007.11.15 02:00:15.804,0.9929,0.9934,1.60,4.00
2007.11.15 02:00:15.961,0.9929,0.9934,1.60,4.00
2007.11.15 02:00:16.118,0.9929,0.9934,1.60,4.00
2007.11.15 02:00:16.277,0.9929,0.9934,1.60,4.00
2007.11.15 02:00:16.460,0.9929,0.9934,1.60,4.00
2007.11.15 02:00:16.643,0.9929,0.9934,1.60,4.00
2007.11.15 02:00:16.825,0.9929,0.9934,1.60,4.00
2007.11.15 02:00:17.009,0.9929,0.9934,1.60,4.00
2007.11.15 02:00:17.192,0.9929,0.9934,1.60,4.00
2007.11.15 02:00:17.374,0.9929,0.9934,1.60,4.00
2007.11.15 02:00:17.672,0.9929,0.9934,1.60,4.00
2007.11.15 02:00:17.969,0.9929,0.9934,1.60,4.00
2007.11.15 02:00:18.268,0.9929,0.9934,1.60,4.00
2007.11.15 02:00:18.565,0.9929,0.9934,1.60,4.00
2007.11.15 02:00:18.763,0.9929,0.9934,1.60,4.00
2007.11.15 02:00:18.935,0.9929,0.9934,1.60,4.00
2007.11.15 02:00:19.107,0.9929,0.9934,1.60,4.00
2007.11.15 02:00:19.280,0.9929,0.9934,1.60,4.00
2007.11.15 02:00:19.453,0.9929,0.9934,1.60,4.00
2007.11.15 02:00:19.660,0.9929,0.9934,1.60,4.00
2007.11.15 02:00:19.869,0.9929,0.9934,1.60,4.00
2007.11.15 02:00:20.076,0.9929,0.9934,1.60,4.00
2007.11.15 02:00:20.284,0.9929,0.9934,1.60,4.00
2007.11.15 02:00:20.452,0.9929,0.9934,1.60,4.00
2007.11.15 02:00:20.619,0.9929,0.9934,1.60,4.00
2007.11.15 02:00:20.786,0.9929,0.9934,1.60,4.00
2007.11.15 02:00:20.954,0.9929,0.9934,1.60,4.00
2007.11.15 02:00:21.122,0.9929,0.9934,1.60,4.00
2007.11.15 02:00:21.289,0.9929,0.9934,1.60,4.00
2007.11.15 02:00:21.457,0.9929,0.9934,1.60,4.00
2007.11.15 02:00:21.625,0.9929,0.9934,1.60,4.00
2007.11.15 02:00:21.793,0.9929,0.9934,1.60,4.00
2007.11.15 02:00:21.841,0.9928,0.9934,23.60,4.00
2007.11.15 02:00:21.960,0.9929,0.9934,1.60,4.00
2007.11.15 02:00:22.128,0.9929,0.9934,1.60,4.00
2007.11.15 02:00:22.297,0.9929,0.9934,1.60,4.00
2007.11.15 02:00:22.465,0.9929,0.9934,1.60,4.00
2007.11.15 02:00:22.763,0.9929,0.9934,1.60,4.00
2007.11.15 02:00:23.061,0.9929,0.9934,1.60,4.00
2007.11.15 02:00:23.360,0.993,0.9934,2.40,4.00
2007.11.15 02:00:23.527,0.993,0.9934,2.40,4.00
2007.11.15 02:00:23.696,0.993,0.9934,2.40,4.00
2007.11.15 02:00:23.863,0.993,0.9934,2.40,4.00
2007.11.15 02:00:24.037,0.993,0.9934,2.40,4.00
2007.11.15 02:00:24.205,0.993,0.9934,2.40,4.00
2007.11.15 02:00:24.372,0.993,0.9934,2.40,4.00
2007.11.15 02:00:24.554,0.993,0.9934,2.40,4.00
2007.11.15 02:00:24.737,0.993,0.9934,2.40,4.00
2007.11.15 02:00:24.922,0.993,0.9934,2.40,4.00
2007.11.15 02:00:25.106,0.993,0.9934,2.40,4.00
2007.11.15 02:00:25.289,0.9931,0.9934,0.50,4.00
2007.11.15 02:00:25.472,0.9931,0.9934,0.50,4.00
2007.11.15 02:00:25.700,0.9931,0.9934,0.50,4.00
2007.11.15 02:00:25.928,0.9931,0.9934,0.50,4.00
2007.11.15 02:00:26.157,0.9931,0.9934,0.50,4.00
2007.11.15 02:00:26.384,0.9931,0.9934,0.50,4.00
2007.11.15 02:00:26.567,0.9931,0.9934,0.50,4.00
2007.11.15 02:00:26.751,0.9931,0.9934,0.50,4.00
2007.11.15 02:00:26.933,0.9931,0.9934,0.50,4.00
2007.11.15 02:00:27.117,0.9931,0.9934,0.50,4.00
2007.11.15 02:00:27.300,0.9931,0.9934,0.50,4.00
2007.11.15 02:00:27.483,0.9931,0.9934,0.50,4.00
2007.11.15 02:00:27.810,0.9931,0.9934,0.50,4.00
2007.11.15 02:00:28.138,0.9931,0.9934,0.50,4.00
2007.11.15 02:00:28.465,0.9931,0.9934,0.50,2.40
2007.11.15 02:00:28.614,0.9931,0.9934,0.50,2.40
2007.11.15 02:00:28.762,0.9931,0.9935,0.50,6.00
2007.11.15 02:00:28.910,0.9931,0.9935,0.50,6.00
2007.11.15 02:00:29.057,0.9931,0.9935,0.50,6.00
2007.11.15 02:00:29.206,0.9931,0.9935,0.50,12.00
2007.11.15 02:00:29.353,0.9931,0.9935,0.50,10.40
2007.11.15 02:00:29.502,0.9931,0.9935,0.50,4.40
2007.11.15 02:00:29.829,0.9931,0.9935,0.50,4.40
2007.11.15 02:00:30.157,0.9931,0.9935,0.50,0.50
2007.11.15 02:00:30.485,0.9931,0.9935,0.50,0.50
2007.11.15 02:00:30.814,0.9931,0.9935,0.50,0.50
2007.11.15 02:00:31.085,0.9931,0.9935,0.50,0.50
2007.11.15 02:00:31.214,0.9931,0.9935,0.50,0.50
2007.11.15 02:00:31.341,0.9931,0.9935,0.50,0.50
2007.11.15 02:00:31.468,0.9931,0.9935,0.50,0.50
2007.11.15 02:00:31.596,0.9931,0.9935,0.50,0.50
2007.11.15 02:00:31.722,0.9931,0.9935,0.50,0.50
2007.11.15 02:00:32.005,0.9931,0.9935,0.50,0.50
2007.11.15 02:00:32.287,0.9931,0.9935,0.50,0.50
2007.11.15 02:00:32.570,0.9931,0.9935,0.50,0.50
2007.11.15 02:00:32.854,0.9931,0.9935,0.50,0.50
2007.11.15 02:00:33.103,0.9931,0.9935,0.50,0.50
2007.11.15 02:00:33.350,0.9931,0.9935,0.50,0.50
2007.11.15 02:00:33.604,0.9931,0.9936,1.20,8.40
2007.11.15 02:00:33.846,0.9931,0.99355,1.20,0.80
2007.11.15 02:00:34.050,0.9931,0.99355,1.20,0.80
2007.11.15 02:00:34.248,0.9931,0.99355,1.20,0.80
2007.11.15 02:00:34.446,0.9931,0.99355,2.80,0.80
2007.11.15 02:00:34.644,0.9931,0.99355,2.80,0.80
2007.11.15 02:00:34.841,0.9931,0.99355,2.80,0.80
2007.11.15 02:00:35.094,0.9931,0.99355,2.80,0.80
2007.11.15 02:00:35.347,0.9931,0.9935,2.80,0.50
2007.11.15 02:00:35.600,0.9931,0.9935,2.80,0.50
2007.11.15 02:00:35.853,0.9931,0.9935,2.80,0.50
2007.11.15 02:00:35.976,0.9931,0.9935,2.80,0.50
2007.11.15 02:00:36.099,0.9931,0.9935,2.80,0.50
2007.11.15 02:00:36.222,0.9931,0.9935,2.80,0.50
2007.11.15 02:00:36.345,0.9931,0.9935,2.80,0.50
2007.11.15 02:00:36.468,0.9931,0.9935,2.80,0.50
2007.11.15 02:00:36.591,0.9931,0.9935,2.80,0.50
2007.11.15 02:00:36.714,0.9931,0.9935,2.80,0.50
2007.11.15 02:00:36.836,0.9931,0.9935,2.80,0.50
2007.11.15 02:00:37.083,0.9931,0.9935,2.80,0.50
2007.11.15 02:00:37.331,0.9931,0.9935,2.80,0.50
2007.11.15 02:00:37.578,0.9931,0.9935,2.80,0.50
2007.11.15 02:00:37.826,0.9931,0.9935,2.80,0.50
2007.11.15 02:00:38.081,0.9931,0.9935,2.80,0.50
2007.11.15 02:00:38.302,0.9931,0.9935,2.80,0.50
2007.11.15 02:00:38.530,0.9931,0.9935,2.80,0.50
2007.11.15 02:00:38.759,0.9931,0.9935,2.80,0.50
2007.11.15 02:00:38.987,0.9931,0.9935,2.80,0.50
2007.11.15 02:00:39.105,0.9931,0.9935,2.80,0.50
2007.11.15 02:00:39.223,0.9931,0.9935,2.80,0.50
2007.11.15 02:00:39.341,0.9931,0.9935,2.80,0.50
2007.11.15 02:00:39.458,0.9931,0.9935,2.80,0.50
2007.11.15 02:00:39.575,0.9931,0.9935,2.80,0.50
2007.11.15 02:00:39.693,0.9931,0.9935,2.80,0.50
2007.11.15 02:00:39.811,0.9931,0.9935,5.20,0.50
2007.11.15 02:00:39.928,0.9931,0.9935,5.20,0.50
2007.11.15 02:00:40.187,0.9932,0.9935,0.80,0.50
2007.11.15 02:00:40.445,0.9932,0.9936,1.20,6.80
2007.11.15 02:00:40.703,0.9932,0.9936,1.20,6.80
2007.11.15 02:00:40.961,0.9932,0.9936,1.20,2.80
2007.11.15 02:00:41.219,0.9932,0.9936,1.20,2.80
2007.11.15 02:00:41.387,0.9932,0.9936,1.20,2.80
2007.11.15 02:00:41.555,0.9932,0.9936,1.20,2.80
2007.11.15 02:00:41.722,0.9932,0.9936,1.20,2.80
2007.11.15 02:00:41.890,0.9932,0.9936,1.20,2.80
2007.11.15 02:00:42.058,0.9932,0.9936,1.20,2.80
2007.11.15 02:00:42.331,0.9932,0.9936,1.20,2.80
2007.11.15 02:00:42.604,0.9932,0.9936,1.20,2.80
2007.11.15 02:00:42.877,0.9932,0.9936,1.20,2.80
2007.11.15 02:00:43.150,0.9932,0.9936,1.20,2.80
2007.11.15 02:00:43.408,0.9932,0.9936,1.20,2.80
2007.11.15 02:00:43.537,0.9932,0.9936,1.20,2.80
2007.11.15 02:00:43.663,0.9932,0.9936,1.20,2.80
2007.11.15 02:00:43.791,0.9932,0.9936,1.20,2.80
2007.11.15 02:00:43.919,0.9932,0.9936,1.20,2.80
2007.11.15 02:00:44.045,0.9932,0.9936,1.20,2.80
2007.11.15 02:00:44.175,0.9932,0.9936,1.20,2.80
2007.11.15 02:00:44.403,0.9931,0.9936,14.00,2.80
2007.11.15 02:00:44.611,0.9931,0.9936,14.00,2.80
2007.11.15 02:00:44.830,0.9931,0.9936,5.20,2.80
2007.11.15 02:00:45.048,0.9931,0.9936,3.60,2.80
2007.11.15 02:00:45.267,0.9931,0.9936,3.60,2.80
2007.11.15 02:00:45.506,0.9931,0.9936,3.60,2.80
2007.11.15 02:00:45.743,0.9931,0.9936,3.60,6.80
2007.11.15 02:00:45.981,0.9931,0.9936,3.60,6.80
2007.11.15 02:00:46.220,0.9931,0.9936,3.60,6.80
2007.11.15 02:00:46.404,0.9931,0.9936,3.60,6.80
2007.11.15 02:00:46.587,0.9931,0.9936,3.60,6.80
2007.11.15 02:00:46.770,0.9931,0.9936,3.60,6.80
2007.11.15 02:00:46.954,0.9931,0.9936,3.60,6.80
2007.11.15 02:00:47.136,0.9931,0.9936,3.60,6.80
2007.11.15 02:00:47.318,0.9931,0.9936,3.60,6.80
2007.11.15 02:00:47.596,0.9931,0.9936,3.60,6.80
2007.11.15 02:00:47.874,0.9931,0.9936,3.60,6.80
2007.11.15 02:00:48.153,0.9931,0.99355,3.60,0.80
2007.11.15 02:00:48.291,0.9931,0.9935,1.20,0.50
2007.11.15 02:00:48.429,0.9931,0.9935,1.20,0.50
2007.11.15 02:00:48.567,0.9931,0.9935,1.20,0.50
2007.11.15 02:00:48.705,0.9931,0.9935,1.20,0.50
2007.11.15 02:00:48.843,0.9931,0.9935,1.20,0.50
2007.11.15 02:00:48.986,0.9931,0.9935,1.20,0.50
2007.11.15 02:00:49.118,0.9931,0.9935,1.20,0.50
2007.11.15 02:00:49.256,0.9931,0.9935,1.20,0.50
2007.11.15 02:00:49.572,0.9931,0.9935,1.20,0.50
2007.11.15 02:00:49.821,0.9931,0.9935,1.20,0.50
2007.11.15 02:00:50.070,0.9931,0.9935,1.20,0.50
2007.11.15 02:00:50.322,0.9931,0.9935,1.20,0.50
2007.11.15 02:00:50.449,0.9931,0.9935,1.20,0.50
2007.11.15 02:00:50.577,0.9931,0.9935,1.20,0.50
2007.11.15 02:00:50.705,0.9931,0.9935,1.20,0.50
2007.11.15 02:00:50.837,0.9931,0.9935,1.20,0.50
2007.11.15 02:00:50.965,0.9931,0.9935,1.20,0.50
2007.11.15 02:00:51.093,0.9931,0.9935,1.20,0.50
2007.11.15 02:00:51.221,0.9931,0.9935,1.20,0.50
2007.11.15 02:00:51.349,0.9931,0.9935,2.80,0.50
2007.11.15 02:00:51.576,0.9931,0.9935,2.80,0.50
2007.11.15 02:00:51.806,0.9931,0.9935,2.80,0.50
2007.11.15 02:00:52.032,0.9931,0.9935,2.80,0.50
2007.11.15 02:00:52.260,0.9931,0.9935,2.80,0.50
2007.11.15 02:00:52.488,0.9931,0.9935,2.80,0.50
2007.11.15 02:00:52.743,0.9931,0.9935,2.80,0.50
2007.11.15 02:00:52.984,0.9931,0.9935,2.80,0.50
2007.11.15 02:00:53.232,0.9931,0.9935,2.80,0.50
2007.11.15 02:00:53.480,0.9931,0.9935,2.80,0.50
2007.11.15 02:00:53.603,0.9931,0.9935,2.80,0.50
2007.11.15 02:00:53.726,0.9931,0.9935,2.80,0.50
2007.11.15 02:00:53.849,0.9931,0.9935,2.80,0.50
2007.11.15 02:00:53.972,0.9931,0.9935,2.80,0.50
2007.11.15 02:00:54.094,0.9931,0.9935,2.80,0.50
2007.11.15 02:00:54.217,0.9931,0.9935,2.80,0.50
2007.11.15 02:00:54.340,0.9931,0.9935,2.80,0.50
2007.11.15 02:00:54.462,0.9931,0.9935,2.80,0.50
2007.11.15 02:00:54.690,0.9931,0.9935,2.80,0.50
2007.11.15 02:00:54.913,0.9931,0.9935,2.80,0.50
2007.11.15 02:00:55.136,0.9931,0.9935,2.80,0.50
2007.11.15 02:00:55.358,0.9931,0.9935,2.80,0.50
2007.11.15 02:00:55.723,0.9931,0.9935,2.80,0.50
2007.11.15 02:00:55.879,0.9931,0.9935,2.80,0.50
2007.11.15 02:00:56.032,0.9931,0.9935,2.80,0.50
2007.11.15 02:00:56.189,0.9931,0.9935,2.80,0.50
2007.11.15 02:00:56.337,0.9931,0.9935,2.80,0.50
2007.11.15 02:00:56.490,0.9931,0.9935,2.80,0.50
2007.11.15 02:00:56.668,0.9931,0.9935,2.80,0.50
2007.11.15 02:00:56.847,0.9931,0.9936,5.20,14.80
2007.11.15 02:00:57.025,0.9931,0.9936,3.60,7.20
2007.11.15 02:00:57.203,0.9931,0.9936,3.60,7.20
2007.11.15 02:00:57.380,0.9931,0.9936,3.60,7.20
2007.11.15 02:00:57.558,0.9931,0.9936,3.60,7.20
2007.11.15 02:00:57.877,0.9931,0.9936,3.60,7.20
2007.11.15 02:00:58.194,0.9931,0.9936,3.60,7.20
2007.11.15 02:00:58.516,0.9931,0.9936,3.60,7.20
2007.11.15 02:00:58.643,0.9931,0.9936,3.60,7.20
2007.11.15 02:00:58.770,0.9931,0.9936,3.60,7.20
2007.11.15 02:00:58.901,0.9931,0.9936,3.60,7.20
2007.11.15 02:00:59.035,0.9931,0.9936,3.60,7.20
2007.11.15 02:00:59.157,0.9931,0.99355,3.60,0.80
2007.11.15 02:00:59.286,0.9931,0.9935,3.60,0.50
2007.11.15 02:00:59.419,0.9931,0.9935,2.80,0.50
2007.11.15 02:00:59.547,0.9931,0.9935,2.80,0.50
2007.11.15 02:00:59.826,0.9931,0.9935,2.80,0.50
2007.11.15 02:01:00.102,0.9931,0.9935,1.20,0.50
2007.11.15 02:01:00.381,0.9931,0.9935,1.20,0.50
2007.11.15 02:01:00.659,0.9931,0.9935,1.20,0.50
2007.11.15 02:01:00.822,0.9931,0.9935,1.20,0.50
2007.11.15 02:01:00.985,0.9931,0.9935,1.20,0.50
2007.11.15 02:01:01.147,0.9931,0.9935,1.20,0.50
2007.11.15 02:01:01.310,0.9931,0.9935,1.20,0.50
2007.11.15 02:01:01.474,0.9931,0.9935,1.20,0.50
2007.11.15 02:01:01.636,0.9931,0.9935,1.20,0.50
2007.11.15 02:01:01.891,0.9931,0.9935,1.20,0.50
2007.11.15 02:01:02.100,0.9931,0.9935,1.20,0.50
2007.11.15 02:01:02.306,0.9931,0.9935,1.20,0.50
2007.11.15 02:01:02.514,0.9931,0.9935,1.20,0.50
2007.11.15 02:01:02.722,0.9931,0.9935,1.20,0.50
2007.11.15 02:01:02.924,0.9931,0.9935,1.20,0.50
2007.11.15 02:01:03.126,0.9931,0.9935,1.20,0.50
2007.11.15 02:01:03.329,0.9931,0.9935,1.20,0.50
2007.11.15 02:01:03.532,0.9931,0.9935,1.20,0.50
2007.11.15 02:01:03.735,0.9931,0.99335,0.50,0.80
2007.11.15 02:01:03.938,0.993,0.99335,4.40,0.80
2007.11.15 02:01:04.142,0.993,0.99335,2.80,0.80
2007.11.15 02:01:04.345,0.993,0.99335,2.80,0.80
2007.11.15 02:01:04.549,0.993,0.99335,2.80,0.80
2007.11.15 02:01:04.752,0.993,0.99335,2.80,0.80
2007.11.15 02:01:05.005,0.993,0.99335,2.80,0.80
2007.11.15 02:01:05.257,0.993,0.9933,0.50,0.50
2007.11.15 02:01:05.510,0.993,0.9933,0.50,0.50
2007.11.15 02:01:05.762,0.993,0.9933,0.50,0.50
2007.11.15 02:01:06.015,0.993,0.9933,0.50,0.50
2007.11.15 02:01:06.172,0.993,0.9933,0.50,0.50
2007.11.15 02:01:06.331,0.993,0.9933,0.50,0.50
2007.11.15 02:01:06.488,0.993,0.9933,0.50,0.50
2007.11.15 02:01:06.645,0.993,0.9933,0.50,0.50
2007.11.15 02:01:06.804,0.993,0.9933,0.50,0.50
2007.11.15 02:01:06.961,0.993,0.9933,0.50,0.50
2007.11.15 02:01:07.148,0.993,0.9933,0.50,0.50
2007.11.15 02:01:07.337,0.993,0.9933,0.50,0.50
2007.11.15 02:01:07.524,0.993,0.9933,0.50,0.50
2007.11.15 02:01:07.711,0.993,0.9933,0.50,0.50
2007.11.15 02:01:08.054,0.993,0.9933,0.50,0.50
2007.11.15 02:01:08.307,0.9929,0.9933,5.20,0.50
2007.11.15 02:01:08.561,0.9929,0.9933,5.20,0.50
2007.11.15 02:01:08.814,0.9929,0.9932,4.40,0.50
2007.11.15 02:01:09.067,0.9929,0.9932,2.80,0.50
2007.11.15 02:01:09.219,0.9929,0.9932,2.80,0.50
2007.11.15 02:01:09.373,0.9929,0.9932,2.80,0.50
2007.11.15 02:01:09.525,0.9929,0.9932,2.80,0.50
2007.11.15 02:01:09.678,0.9929,0.9932,2.80,0.50
2007.11.15 02:01:09.830,0.9929,0.9932,2.80,0.50
2007.11.15 02:01:09.984,0.9929,0.9932,2.80,0.50
2007.11.15 02:01:10.251,0.9929,0.9932,2.80,0.50
2007.11.15 02:01:10.519,0.9929,0.9932,2.80,0.50
2007.11.15 02:01:10.787,0.9929,0.9932,2.80,0.50
2007.11.15 02:01:11.055,0.9929,0.9932,2.80,0.50
2007.11.15 02:01:11.182,0.9929,0.9932,2.80,0.50
2007.11.15 02:01:11.311,0.9929,0.9932,2.80,0.50
2007.11.15 02:01:11.438,0.9929,0.9932,2.80,0.50
2007.11.15 02:01:11.566,0.9929,0.9932,2.80,0.50
2007.11.15 02:01:11.694,0.9929,0.9932,2.80,0.50
2007.11.15 02:01:11.821,0.9929,0.9932,2.80,0.50
2007.11.15 02:01:11.950,0.9929,0.9932,2.80,0.50
2007.11.15 02:01:12.078,0.9929,0.9932,2.80,0.50
2007.11.15 02:01:12.166,0.9929,0.9932,1.00,0.50
2007.11.15 02:01:12.286,0.9929,0.9932,2.80,0.50
2007.11.15 02:01:12.503,0.9929,0.9932,2.80,0.50
2007.11.15 02:01:12.710,0.9929,0.9932,2.80,0.50
2007.11.15 02:01:12.918,0.9929,0.9932,2.80,0.50
2007.11.15 02:01:13.126,0.9929,0.9932,2.80,0.50
2007.11.15 02:01:13.379,0.9929,0.9932,2.80,0.50
2007.11.15 02:01:13.632,0.9929,0.9932,3.60,0.50
2007.11.15 02:01:13.885,0.9929,0.9933,3.60,0.50
2007.11.15 02:01:14.218,0.9929,0.9933,3.60,0.50
2007.11.15 02:01:14.384,0.9929,0.9933,3.60,0.50
2007.11.15 02:01:14.553,0.9929,0.9933,3.60,0.50
2007.11.15 02:01:14.721,0.9929,0.9933,3.60,0.50
2007.11.15 02:01:14.888,0.9929,0.9933,3.60,0.50
2007.11.15 02:01:15.057,0.9929,0.9933,3.60,0.50
2007.11.15 02:01:15.234,0.9929,0.9933,3.60,0.50
2007.11.15 02:01:15.411,0.9929,0.9933,3.60,0.50
2007.11.15 02:01:15.589,0.9929,0.9933,3.60,0.50
2007.11.15 02:01:15.766,0.9929,0.9933,3.60,0.50
2007.11.15 02:01:15.944,0.9929,0.9933,3.60,0.50
2007.11.15 02:01:16.122,0.9929,0.9933,3.60,0.50
2007.11.15 02:01:16.270,0.9929,0.9933,3.60,0.50
2007.11.15 02:01:16.423,0.9929,0.9933,3.60,0.50
2007.11.15 02:01:16.565,0.9929,0.9933,3.60,0.50
2007.11.15 02:01:16.713,0.9929,0.9933,3.60,0.50
2007.11.15 02:01:16.860,0.9929,0.9933,3.60,0.50
2007.11.15 02:01:17.009,0.9929,0.9933,3.60,0.50
2007.11.15 02:01:17.156,0.9929,0.9933,3.60,0.50
2007.11.15 02:01:17.420,0.9929,0.9933,3.60,0.50
2007.11.15 02:01:17.683,0.9929,0.9933,3.60,0.50
2007.11.15 02:01:17.947,0.993,0.9933,0.50,0.50
2007.11.15 02:01:18.210,0.993,0.9933,0.50,0.50
2007.11.15 02:01:18.378,0.993,0.9933,0.50,0.50
2007.11.15 02:01:18.545,0.993,0.9933,0.50,0.50
2007.11.15 02:01:18.714,0.993,0.9933,0.50,0.50
2007.11.15 02:01:18.881,0.993,0.9933,0.50,0.50
2007.11.15 02:01:19.054,0.993,0.9933,0.50,0.50
2007.11.15 02:01:19.222,0.993,0.9933,0.50,0.50
2007.11.15 02:01:19.420,0.993,0.9933,0.50,0.50
2007.11.15 02:01:19.617,0.993,0.9933,0.50,0.50
2007.11.15 02:01:19.815,0.9929,0.9933,2.80,0.50
2007.11.15 02:01:20.014,0.9929,0.9933,1.20,0.50
2007.11.15 02:01:20.211,0.9929,0.9933,1.20,0.50
2007.11.15 02:01:20.395,0.9929,0.9933,1.20,0.50
2007.11.15 02:01:20.577,0.9929,0.9933,1.20,0.50
2007.11.15 02:01:20.760,0.9929,0.9933,1.20,0.50
2007.11.15 02:01:20.942,0.9929,0.9933,1.20,0.50
2007.11.15 02:01:21.130,0.9929,0.9933,1.20,0.50
2007.11.15 02:01:21.307,0.9929,0.9933,1.20,0.50
2007.11.15 02:01:21.465,0.9929,0.9933,1.20,0.50
2007.11.15 02:01:21.622,0.9929,0.9933,1.20,0.50
2007.11.15 02:01:21.780,0.9929,0.9933,1.20,0.50
2007.11.15 02:01:21.937,0.9929,0.9933,1.20,0.50
2007.11.15 02:01:22.095,0.9929,0.9933,1.20,0.50
2007.11.15 02:01:22.253,0.9929,0.9933,1.20,0.50
2007.11.15 02:01:22.516,0.993,0.9933,0.50,0.50
2007.11.15 02:01:22.779,0.993,0.9934,1.20,11.60
2007.11.15 02:01:23.041,0.993,0.9934,1.20,0.50
2007.11.15 02:01:23.304,0.993,0.9934,1.20,0.50
2007.11.15 02:01:23.567,0.993,0.9934,1.20,0.50
2007.11.15 02:01:23.727,0.993,0.9934,1.20,0.50
2007.11.15 02:01:23.880,0.993,0.9934,1.20,0.50
2007.11.15 02:01:24.032,0.993,0.9934,1.20,0.50
2007.11.15 02:01:24.186,0.993,0.99335,0.50,0.80
2007.11.15 02:01:24.338,0.993,0.9933,0.50,0.50
2007.11.15 02:01:24.591,0.993,0.9933,0.50,0.50
2007.11.15 02:01:24.843,0.993,0.9933,0.50,0.50
2007.11.15 02:01:25.095,0.993,0.9933,0.50,0.50
2007.11.15 02:01:25.348,0.993,0.9933,0.50,0.50
2007.11.15 02:01:25.601,0.993,0.9933,0.50,0.50
2007.11.15 02:01:25.753,0.993,0.9933,0.50,0.50
2007.11.15 02:01:25.906,0.993,0.9933,0.50,0.50
2007.11.15 02:01:26.058,0.993,0.9933,0.50,0.50
2007.11.15 02:01:26.216,0.993,0.9933,0.50,0.50
2007.11.15 02:01:26.363,0.993,0.9933,0.50,0.50
2007.11.15 02:01:26.572,0.993,0.9933,0.50,0.50
2007.11.15 02:01:26.780,0.9931,0.9934,0.50,8.80
2007.11.15 02:01:26.988,0.9931,0.9934,0.50,0.50
2007.11.15 02:01:27.196,0.993,0.9934,1.20,0.50
2007.11.15 02:01:27.406,0.993,0.9934,1.20,8.00
2007.11.15 02:01:27.654,0.993,0.9934,1.20,8.00
2007.11.15 02:01:27.902,0.993,0.9934,1.20,2.00
2007.11.15 02:01:28.150,0.993,0.9934,1.20,0.50
2007.11.15 02:01:28.398,0.9931,0.9934,2.80,0.50
2007.11.15 02:01:28.612,0.9931,0.9934,3.60,0.50
2007.11.15 02:01:28.824,0.9931,0.9935,3.60,12.80
2007.11.15 02:01:29.037,0.9931,0.9935,3.60,5.90
2007.11.15 02:01:29.251,0.9931,0.99335,2.40,0.80
2007.11.15 02:01:29.464,0.9931,0.99335,2.40,0.80
2007.11.15 02:01:29.712,0.9931,0.99335,2.80,0.80
2007.11.15 02:01:29.966,0.9931,0.9934,2.80,0.60
2007.11.15 02:01:30.215,0.9931,0.99345,2.40,0.30
2007.11.15 02:01:30.463,0.9931,0.9935,2.40,3.80
2007.11.15 02:01:30.681,0.9931,0.9935,2.40,9.90
2007.11.15 02:01:30.900,0.9931,0.9935,3.60,3.60
2007.11.15 02:01:31.118,0.9931,0.9935,3.60,5.20
2007.11.15 02:01:31.336,0.9931,0.9935,1.20,5.20
2007.11.15 02:01:31.555,0.9931,0.9935,1.20,9.20
2007.11.15 02:01:31.782,0.9931,0.9934,0.50,0.50
2007.11.15 02:01:32.011,0.9931,0.9934,0.50,0.50
2007.11.15 02:01:32.239,0.9931,0.9934,0.50,0.50
2007.11.15 02:01:32.467,0.9931,0.9934,0.50,0.50
2007.11.15 02:01:32.772,0.9931,0.9934,0.50,0.50
2007.11.15 02:01:33.075,0.9931,0.9934,0.50,0.50
2007.11.15 02:01:33.378,0.9931,0.9934,2.80,0.50
2007.11.15 02:01:33.680,0.9931,0.9934,2.80,0.50
2007.11.15 02:01:33.884,0.9931,0.9934,2.80,0.50
2007.11.15 02:01:34.086,0.9931,0.9934,2.80,0.50
2007.11.15 02:01:34.290,0.9931,0.9934,2.80,0.50
2007.11.15 02:01:34.492,0.9931,0.9934,2.80,0.50
2007.11.15 02:01:34.686,0.9931,0.9934,2.80,0.50
2007.11.15 02:01:34.879,0.9931,0.9934,2.80,0.50
2007.11.15 02:01:35.072,0.9931,0.9934,2.80,0.50
2007.11.15 02:01:35.266,0.9931,0.9934,2.40,0.50
2007.11.15 02:01:35.459,0.9931,0.9934,2.40,0.50
2007.11.15 02:01:35.756,0.9931,0.9934,2.40,0.50
2007.11.15 02:01:36.053,0.9931,0.9934,2.40,0.50
2007.11.15 02:01:36.350,0.993,0.9934,1.20,0.50
2007.11.15 02:01:36.648,0.993,0.9934,1.20,0.50
2007.11.15 02:01:36.862,0.993,0.9934,1.20,0.50
2007.11.15 02:01:37.074,0.993,0.9934,1.20,0.50
2007.11.15 02:01:37.288,0.993,0.9934,1.20,0.50
2007.11.15 02:01:37.501,0.993,0.9934,1.20,0.50
2007.11.15 02:01:37.834,0.993,0.9934,1.20,0.50
2007.11.15 02:01:38.167,0.993,0.9934,1.20,0.50
2007.11.15 02:01:38.501,0.993,0.9934,1.20,0.50
2007.11.15 02:01:38.645,0.993,0.9934,1.20,0.50
2007.11.15 02:01:38.872,0.993,0.9934,0.60,0.50
2007.11.15 02:01:38.881,0.9929,0.9933,1.70,0.50
2007.11.15 02:01:39.024,0.9929,0.9933,1.70,0.50
2007.11.15 02:01:39.168,0.993,0.9933,0.50,0.50
2007.11.15 02:01:39.311,0.9929,0.9934,4.00,1.80
2007.11.15 02:01:39.454,0.993,0.9934,0.60,0.30
2007.11.15 02:01:39.602,0.993,0.9934,0.70,0.30
2007.11.15 02:01:39.895,0.9929,0.9934,2.40,0.30
2007.11.15 02:01:40.189,0.9929,0.9934,2.40,2.60
2007.11.15 02:01:40.482,0.9929,0.9934,2.40,2.40
2007.11.15 02:01:40.775,0.993,0.9934,0.90,2.40
2007.11.15 02:01:40.967,0.9929,0.9934,2.40,2.40
2007.11.15 02:01:41.160,0.993,0.9935,0.60,27.00
2007.11.15 02:01:41.353,0.9929,0.9935,2.40,27.00
2007.11.15 02:01:41.546,0.993,0.9935,0.90,27.00
2007.11.15 02:01:41.769,0.993,0.9935,4.80,15.70
2007.11.15 02:01:41.992,0.993,0.9935,4.80,15.70
2007.11.15 02:01:42.214,0.9931,0.9935,1.00,15.70
2007.11.15 02:01:42.438,0.993,0.9935,2.40,18.10
2007.11.15 02:01:42.661,0.993,0.9935,2.40,18.10
2007.11.15 02:01:42.929,0.993,0.9934,0.70,0.60
2007.11.15 02:01:43.198,0.9929,0.9934,6.40,6.70
2007.11.15 02:01:43.465,0.9929,0.9933,4.80,0.30
2007.11.15 02:01:43.734,0.993,0.9933,0.60,0.30
2007.11.15 02:01:43.982,0.9929,0.9934,2.40,15.50
2007.11.15 02:01:44.230,0.993,0.9934,0.60,13.10
2007.11.15 02:01:44.479,0.993,0.9934,0.50,4.00
2007.11.15 02:01:44.727,0.9929,0.9934,2.40,4.00
2007.11.15 02:01:45.043,0.9929,0.99345,2.40,6.00
2007.11.15 02:01:45.287,0.993,0.99345,1.30,6.00
2007.11.15 02:01:45.531,0.9929,0.99345,4.80,6.00
2007.11.15 02:01:45.774,0.9929,0.99345,4.80,6.00
2007.11.15 02:01:45.936,0.9929,0.99345,4.80,6.00
2007.11.15 02:01:46.098,0.9929,0.99345,4.80,6.00
2007.11.15 02:01:46.261,0.9929,0.99345,4.00,6.00
2007.11.15 02:01:46.423,0.993,0.99345,1.00,6.00
2007.11.15 02:01:46.586,0.9929,0.99345,4.00,6.00
2007.11.15 02:01:46.748,0.9929,0.99345,4.00,6.00
2007.11.15 02:01:46.912,0.9929,0.99345,4.00,6.00
2007.11.15 02:01:47.186,0.9931,0.99345,0.50,6.00
2007.11.15 02:01:47.459,0.993,0.9935,4.80,15.80
2007.11.15 02:01:47.733,0.993,0.9935,4.80,15.80
2007.11.15 02:01:48.006,0.993,0.9935,4.80,15.80
2007.11.15 02:01:48.234,0.993,0.9935,4.80,15.80
2007.11.15 02:01:48.462,0.9931,0.9935,0.80,15.80
2007.11.15 02:01:48.688,0.9931,0.9935,0.50,15.80
2007.11.15 02:01:48.916,0.993,0.9935,4.80,15.80
2007.11.15 02:01:49.070,0.9931,0.9935,0.90,15.80
2007.11.15 02:01:49.211,0.9931,0.9935,0.80,15.80
2007.11.15 02:01:49.359,0.993,0.9935,4.80,15.80
2007.11.15 02:01:49.507,0.9931,0.9935,0.80,15.80
2007.11.15 02:01:49.655,0.993,0.9935,4.80,15.80
2007.11.15 02:01:49.803,0.993,0.9935,4.80,13.40
2007.11.15 02:01:49.952,0.993,0.9935,4.80,12.30
2007.11.15 02:01:50.184,0.9931,0.9935,0.90,11.20
2007.11.15 02:01:50.417,0.993,0.9935,4.80,11.20
2007.11.15 02:01:50.650,0.9931,0.9935,0.50,11.20
2007.11.15 02:01:50.882,0.993,0.9935,2.40,9.60
2007.11.15 02:01:51.212,0.993,0.9935,2.40,9.60
2007.11.15 02:01:51.430,0.9929,0.9934,8.80,0.50
2007.11.15 02:01:51.654,0.9929,0.9934,8.80,0.50
2007.11.15 02:01:51.872,0.993,0.9934,1.00,6.40
2007.11.15 02:01:52.090,0.9929,0.9934,8.80,6.40
2007.11.15 02:01:52.308,0.993,0.9934,1.00,6.40
2007.11.15 02:01:52.607,0.993,0.9934,0.50,6.40
2007.11.15 02:01:52.904,0.9929,0.9934,8.80,6.40
2007.11.15 02:01:53.203,0.9929,0.9934,8.80,6.40
2007.11.15 02:01:53.500,0.9929,0.9934,8.80,6.40
2007.11.15 02:01:53.750,0.9929,0.9934,8.80,6.40
2007.11.15 02:01:53.998,0.9929,0.9934,11.20,6.00
2007.11.15 02:01:54.247,0.993,0.9934,0.70,6.00
2007.11.15 02:01:54.426,0.993,0.9934,1.00,6.00
2007.11.15 02:01:54.603,0.993,0.9934,0.90,6.00
2007.11.15 02:01:54.782,0.9929,0.9934,11.20,6.00
2007.11.15 02:01:54.959,0.9929,0.9934,11.20,6.00
2007.11.15 02:01:55.144,0.993,0.99345,0.60,6.00
2007.11.15 02:01:55.315,0.993,0.99345,4.80,6.00
2007.11.15 02:01:55.574,0.9931,0.99345,0.60,6.00
2007.11.15 02:01:55.832,0.9931,0.9935,0.50,7.20
2007.11.15 02:01:56.089,0.9931,0.9935,1.00,7.20
2007.11.15 02:01:56.348,0.993,0.9935,4.80,7.20
2007.11.15 02:01:56.605,0.993,0.9935,4.80,7.20
2007.11.15 02:01:56.864,0.9931,0.9935,0.50,7.20
2007.11.15 02:01:57.122,0.9931,0.9935,0.50,7.20
2007.11.15 02:01:57.384,0.9929,0.9934,4.80,0.50
2007.11.15 02:01:57.592,0.993,0.9934,0.90,6.40
2007.11.15 02:01:57.799,0.993,0.9934,0.90,6.40
2007.11.15 02:01:58.006,0.9929,0.9934,4.80,6.40
2007.11.15 02:01:58.214,0.993,0.9934,0.70,6.40
2007.11.15 02:01:58.421,0.9929,0.9934,4.80,6.40
2007.11.15 02:01:58.754,0.9929,0.9934,4.80,6.40
2007.11.15 02:01:59.087,0.9929,0.9934,4.80,6.40
2007.11.15 02:01:59.419,0.9929,0.9934,4.80,6.40
2007.11.15 02:01:59.757,0.993,0.9934,0.60,6.40
2007.11.15 02:01:59.899,0.993,0.9934,0.50,0.50
2007.11.15 02:02:00.047,0.993,0.9934,1.00,0.50
2007.11.15 02:02:00.194,0.993,0.9934,0.60,0.50
2007.11.15 02:02:00.342,0.9929,0.9934,4.80,0.50
2007.11.15 02:02:00.490,0.993,0.9934,0.90,2.00
2007.11.15 02:02:00.733,0.993,0.9934,0.70,2.00
2007.11.15 02:02:00.976,0.9929,0.9934,8.80,2.00
2007.11.15 02:02:01.219,0.993,0.9934,0.50,2.00
2007.11.15 02:02:01.461,0.9929,0.9934,8.80,2.00
2007.11.15 02:02:01.620,0.993,0.9934,0.90,2.00
2007.11.15 02:02:01.778,0.9929,0.9934,8.80,2.00
2007.11.15 02:02:01.935,0.9929,0.9934,8.80,2.00
2007.11.15 02:02:02.094,0.9929,0.9934,8.80,2.00
2007.11.15 02:02:02.251,0.993,0.9934,1.00,2.00
2007.11.15 02:02:02.410,0.9929,0.9934,8.80,2.00
2007.11.15 02:02:02.567,0.993,0.9934,0.90,2.00
2007.11.15 02:02:02.835,0.9929,0.9934,8.80,2.00
2007.11.15 02:02:03.102,0.9929,0.9934,8.80,2.00
2007.11.15 02:02:03.370,0.993,0.9934,0.60,2.00
2007.11.15 02:02:03.637,0.993,0.9934,0.50,2.00
2007.11.15 02:02:03.811,0.9928,0.9934,28.40,2.80
2007.11.15 02:02:03.984,0.9928,0.9934,17.60,7.20
2007.11.15 02:02:04.157,0.9928,0.9934,17.60,7.20
2007.11.15 02:02:04.329,0.9929,0.9934,1.60,7.20
2007.11.15 02:02:04.502,0.9928,0.9934,17.60,7.20
2007.11.15 02:02:04.675,0.9929,0.9934,1.70,7.20
2007.11.15 02:02:04.952,0.9929,0.9934,0.60,7.20
2007.11.15 02:02:05.230,0.9929,0.9934,2.80,7.20
2007.11.15 02:02:05.507,0.9928,0.9934,17.60,7.20
2007.11.15 02:02:05.785,0.9929,0.9934,0.70,7.20
2007.11.15 02:02:05.934,0.9928,0.9934,17.60,7.20
2007.11.15 02:02:06.081,0.9928,0.9934,17.60,7.20
2007.11.15 02:02:06.228,0.9928,0.9934,17.60,7.20
2007.11.15 02:02:06.377,0.9929,0.9934,3.30,7.20
2007.11.15 02:02:06.525,0.9928,0.9934,17.60,7.20
2007.11.15 02:02:06.672,0.9928,0.9934,17.60,7.20
2007.11.15 02:02:06.861,0.9929,0.9934,1.10,7.20
2007.11.15 02:02:07.049,0.9929,0.9934,0.90,7.20
2007.11.15 02:02:07.236,0.9928,0.9934,17.60,7.20
2007.11.15 02:02:07.424,0.9928,0.9934,17.60,7.20
2007.11.15 02:02:07.612,0.9929,0.9934,0.50,7.20
2007.11.15 02:02:07.869,0.9928,0.9934,17.60,6.40
2007.11.15 02:02:08.128,0.9929,0.9934,0.80,6.40
2007.11.15 02:02:08.387,0.9929,0.9934,6.00,6.40
2007.11.15 02:02:08.644,0.9929,0.9934,6.00,6.40
2007.11.15 02:02:08.902,0.9929,0.9934,6.00,6.40
2007.11.15 02:02:09.026,0.9929,0.9934,6.00,6.40
2007.11.15 02:02:09.148,0.9929,0.9934,6.00,6.40
2007.11.15 02:02:09.272,0.9929,0.9933,3.60,0.50
2007.11.15 02:02:09.395,0.9929,0.9933,3.60,0.50
2007.11.15 02:02:09.518,0.9929,0.9933,3.60,0.50
2007.11.15 02:02:09.705,0.9929,0.9933,3.60,0.50
2007.11.15 02:02:09.939,0.9929,0.9933,3.60,0.50
2007.11.15 02:02:10.172,0.9929,0.9933,3.60,0.50
2007.11.15 02:02:10.408,0.9929,0.9933,3.60,0.50
2007.11.15 02:02:10.640,0.9929,0.9933,3.60,0.50
2007.11.15 02:02:10.874,0.9929,0.9933,3.60,0.50
2007.11.15 02:02:11.036,0.9929,0.9933,3.60,0.50
2007.11.15 02:02:11.199,0.9929,0.9933,3.60,0.50
2007.11.15 02:02:11.362,0.9929,0.9933,3.60,0.50
2007.11.15 02:02:11.525,0.9929,0.9933,3.60,0.50
2007.11.15 02:02:11.693,0.9929,0.9933,3.60,0.50
2007.11.15 02:02:11.855,0.9929,0.9933,3.60,0.50
2007.11.15 02:02:12.044,0.9929,0.9933,3.60,0.50
2007.11.15 02:02:12.232,0.9929,0.9933,3.60,0.50
2007.11.15 02:02:12.419,0.9929,0.9933,3.60,0.50
2007.11.15 02:02:12.608,0.9929,0.9933,3.60,0.50
2007.11.15 02:02:12.797,0.9929,0.9933,3.60,0.50
2007.11.15 02:02:12.986,0.9929,0.9933,3.60,0.50
2007.11.15 02:02:13.249,0.993,0.9933,0.80,0.50
2007.11.15 02:02:13.512,0.993,0.9934,1.20,6.40
2007.11.15 02:02:13.776,0.9929,0.9934,7.60,8.00
2007.11.15 02:02:14.040,0.9929,0.9934,6.00,0.50
2007.11.15 02:02:14.217,0.9929,0.9934,6.00,6.40
2007.11.15 02:02:14.396,0.9929,0.9934,6.00,6.40
2007.11.15 02:02:14.573,0.9929,0.9934,6.00,6.40
2007.11.15 02:02:14.751,0.9929,0.9934,6.00,6.40
2007.11.15 02:02:14.928,0.9929,0.9934,6.00,6.40
2007.11.15 02:02:15.097,0.9929,0.9934,6.00,6.40
2007.11.15 02:02:15.264,0.9929,0.9934,6.00,6.40
2007.11.15 02:02:15.433,0.9929,0.9934,6.00,6.40
2007.11.15 02:02:15.600,0.9929,0.9934,6.00,6.40
2007.11.15 02:02:15.865,0.9929,0.9934,6.00,6.40
2007.11.15 02:02:16.033,0.9929,0.9934,6.00,6.40
2007.11.15 02:02:16.191,0.993,0.9934,0.80,6.40
2007.11.15 02:02:16.355,0.993,0.9934,1.20,2.00
2007.11.15 02:02:16.514,0.993,0.9934,1.20,2.00
2007.11.15 02:02:16.672,0.993,0.9934,1.20,2.00
2007.11.15 02:02:16.829,0.993,0.9934,1.20,2.00
2007.11.15 02:02:16.987,0.993,0.9934,1.20,2.00
2007.11.15 02:02:17.205,0.993,0.9934,1.20,2.00
2007.11.15 02:02:17.422,0.993,0.9934,1.20,2.00
2007.11.15 02:02:17.639,0.993,0.9934,1.20,2.00
2007.11.15 02:02:17.857,0.993,0.9934,1.20,2.00
2007.11.15 02:02:18.075,0.993,0.9934,1.20,2.00
2007.11.15 02:02:18.302,0.993,0.9934,1.20,2.00
2007.11.15 02:02:18.531,0.993,0.9934,1.20,2.00
2007.11.15 02:02:18.758,0.993,0.9934,1.20,2.00
2007.11.15 02:02:18.992,0.993,0.9934,1.20,2.00
2007.11.15 02:02:19.214,0.993,0.9934,1.20,2.00
2007.11.15 02:02:19.361,0.993,0.9934,1.20,2.00
2007.11.15 02:02:19.508,0.993,0.9934,1.20,2.00
2007.11.15 02:02:19.656,0.993,0.9934,1.20,2.00
2007.11.15 02:02:19.803,0.993,0.9934,1.20,2.00
2007.11.15 02:02:19.951,0.993,0.9934,1.20,2.00
2007.11.15 02:02:20.100,0.993,0.9934,1.20,2.00
2007.11.15 02:02:20.248,0.993,0.9934,1.20,2.00
2007.11.15 02:02:20.451,0.993,0.9934,1.20,2.00
2007.11.15 02:02:20.654,0.993,0.9934,1.20,2.00
2007.11.15 02:02:20.856,0.993,0.9934,1.20,2.00
2007.11.15 02:02:21.059,0.993,0.9934,1.20,2.00
2007.11.15 02:02:21.262,0.993,0.9934,1.20,2.00
2007.11.15 02:02:21.449,0.993,0.9934,1.20,2.00
2007.11.15 02:02:21.636,0.993,0.9934,1.20,2.00
2007.11.15 02:02:21.824,0.993,0.9934,1.20,2.00
2007.11.15 02:02:22.028,0.993,0.9934,1.20,2.00
2007.11.15 02:02:22.215,0.993,0.9934,1.20,2.00
2007.11.15 02:02:22.354,0.993,0.9934,1.20,2.00
2007.11.15 02:02:22.491,0.993,0.9934,1.20,2.00
2007.11.15 02:02:22.629,0.993,0.9934,1.20,2.00
2007.11.15 02:02:22.767,0.993,0.9934,1.20,2.00
2007.11.15 02:02:22.906,0.993,0.9934,1.20,2.00
2007.11.15 02:02:23.043,0.993,0.9934,1.20,2.00
2007.11.15 02:02:23.181,0.993,0.9934,1.20,2.00
2007.11.15 02:02:23.319,0.993,0.9934,1.20,2.00
2007.11.15 02:02:23.637,0.993,0.9934,1.20,2.00
2007.11.15 02:02:23.954,0.993,0.9934,1.20,2.00
2007.11.15 02:02:24.272,0.993,0.9934,1.20,2.00
2007.11.15 02:02:24.395,0.993,0.9934,1.20,2.00
2007.11.15 02:02:24.518,0.993,0.9934,1.20,2.00
2007.11.15 02:02:24.640,0.993,0.9934,1.20,2.00
2007.11.15 02:02:24.763,0.993,0.9934,1.20,2.00
2007.11.15 02:02:24.886,0.993,0.9934,1.20,2.00
2007.11.15 02:02:25.010,0.993,0.9934,1.20,2.00
2007.11.15 02:02:25.137,0.993,0.9934,1.20,2.00
2007.11.15 02:02:25.260,0.993,0.9934,1.20,2.00
2007.11.15 02:02:25.384,0.993,0.9934,1.20,2.00
2007.11.15 02:02:25.606,0.993,0.9934,1.20,2.00
2007.11.15 02:02:25.829,0.993,0.9934,1.20,2.00
2007.11.15 02:02:26.051,0.993,0.9934,1.20,2.00
2007.11.15 02:02:26.273,0.993,0.9934,1.20,2.00
2007.11.15 02:02:26.497,0.993,0.9934,1.20,2.00
2007.11.15 02:02:26.625,0.993,0.9934,1.20,2.00
2007.11.15 02:02:26.759,0.993,0.9934,1.20,2.00
2007.11.15 02:02:26.886,0.993,0.9934,1.20,2.00
2007.11.15 02:02:27.013,0.993,0.9934,1.20,2.00
2007.11.15 02:02:27.141,0.993,0.9934,1.20,2.00
2007.11.15 02:02:27.269,0.993,0.9934,1.20,2.00
2007.11.15 02:02:27.396,0.993,0.9934,1.20,2.00
2007.11.15 02:02:27.589,0.993,0.9934,1.20,2.00
2007.11.15 02:02:27.788,0.993,0.9934,1.20,2.00
2007.11.15 02:02:27.981,0.993,0.9934,1.20,2.00
2007.11.15 02:02:28.187,0.993,0.9934,1.20,2.00
2007.11.15 02:02:28.379,0.993,0.9934,1.20,2.00
2007.11.15 02:02:28.623,0.993,0.9934,1.20,2.00
2007.11.15 02:02:28.866,0.993,0.9934,1.20,2.00
2007.11.15 02:02:29.109,0.993,0.9934,1.20,2.00
2007.11.15 02:02:29.353,0.993,0.9934,1.20,2.00
2007.11.15 02:02:29.595,0.993,0.9934,1.20,2.00
2007.11.15 02:02:29.713,0.993,0.9934,1.20,2.00
2007.11.15 02:02:29.837,0.993,0.9934,1.20,2.00
2007.11.15 02:02:29.949,0.993,0.9934,1.20,2.00
2007.11.15 02:02:30.067,0.993,0.9934,1.20,2.00
2007.11.15 02:02:30.187,0.993,0.99335,0.50,6.80
2007.11.15 02:02:30.304,0.9929,0.9933,3.60,0.50
2007.11.15 02:02:30.422,0.9929,0.9933,3.60,0.50
2007.11.15 02:02:30.540,0.9929,0.9933,3.60,0.50
2007.11.15 02:02:30.657,0.9929,0.9933,3.60,0.50
2007.11.15 02:02:30.930,0.9929,0.9933,3.60,0.50
2007.11.15 02:02:31.204,0.9929,0.9933,3.60,0.50
2007.11.15 02:02:31.476,0.9929,0.9933,3.60,2.00
2007.11.15 02:02:31.749,0.9929,0.9933,3.60,2.00
2007.11.15 02:02:31.872,0.9929,0.9933,3.60,2.00
2007.11.15 02:02:31.995,0.9929,0.9933,3.60,2.00
2007.11.15 02:02:32.117,0.9929,0.9933,3.60,2.00
2007.11.15 02:02:32.240,0.9929,0.9933,3.60,2.00
2007.11.15 02:02:32.362,0.9929,0.9933,3.60,2.00
2007.11.15 02:02:32.485,0.9929,0.9933,3.60,2.00
2007.11.15 02:02:32.608,0.9929,0.9933,3.60,2.00
2007.11.15 02:02:32.730,0.9929,0.9933,3.60,2.00
2007.11.15 02:02:32.853,0.9929,0.9933,3.60,2.00
2007.11.15 02:02:33.186,0.9929,0.9933,3.60,2.00
2007.11.15 02:02:33.293,0.9929,0.99335,3.60,8.80
2007.11.15 02:02:33.519,0.9929,0.9933,3.60,0.90
2007.11.15 02:02:33.851,0.9929,0.9933,3.60,0.70
2007.11.15 02:02:33.949,0.9929,0.9933,3.60,0.60
2007.11.15 02:02:34.047,0.9929,0.9933,3.60,0.60
2007.11.15 02:02:34.145,0.9929,0.9933,3.60,0.90
2007.11.15 02:02:34.354,0.9929,0.99335,3.60,8.80
2007.11.15 02:02:34.451,0.9929,0.99335,3.60,8.80
2007.11.15 02:02:34.548,0.9929,0.9933,3.60,0.60
2007.11.15 02:02:34.647,0.9929,0.9933,3.60,0.50
2007.11.15 02:02:34.744,0.9929,0.99335,3.60,8.80
2007.11.15 02:02:34.848,0.9929,0.9933,3.60,0.70
2007.11.15 02:02:34.940,0.9929,0.99335,3.60,8.80
2007.11.15 02:02:35.198,0.9929,0.99335,3.60,8.80
2007.11.15 02:02:35.456,0.9929,0.99335,3.60,8.80
2007.11.15 02:02:35.720,0.9929,0.9933,3.60,0.90
2007.11.15 02:02:35.972,0.9929,0.99335,3.60,8.80
2007.11.15 02:02:36.100,0.9929,0.9933,3.60,0.70
2007.11.15 02:02:36.228,0.9929,0.99335,3.60,8.80
2007.11.15 02:02:36.354,0.9929,0.9933,3.60,0.50
2007.11.15 02:02:36.482,0.9929,0.99335,3.60,8.80
2007.11.15 02:02:36.610,0.9929,0.9933,3.60,0.90
2007.11.15 02:02:36.738,0.9929,0.9933,3.60,0.70
2007.11.15 02:02:36.866,0.9929,0.99335,3.60,8.80
2007.11.15 02:02:36.994,0.9929,0.9933,3.60,0.90
2007.11.15 02:02:37.206,0.9929,0.9933,3.60,0.60
2007.11.15 02:02:37.418,0.9929,0.99335,3.60,8.80
2007.11.15 02:02:37.631,0.9929,0.99335,3.60,8.80
2007.11.15 02:02:37.843,0.9929,0.99335,3.60,8.80
2007.11.15 02:02:38.056,0.9929,0.9933,3.60,0.70
2007.11.15 02:02:38.289,0.9929,0.9933,3.60,0.70
2007.11.15 02:02:38.522,0.9929,0.99335,3.60,8.80
2007.11.15 02:02:38.755,0.9929,0.99335,3.60,8.80
2007.11.15 02:02:38.988,0.9929,0.99335,3.60,8.80
2007.11.15 02:02:39.221,0.9929,0.99335,3.60,8.80
2007.11.15 02:02:39.409,0.9929,0.99335,3.60,8.80
2007.11.15 02:02:39.596,0.9929,0.9933,3.60,0.80
2007.11.15 02:02:39.783,0.9929,0.9933,3.60,0.60
2007.11.15 02:02:39.971,0.9929,0.9933,3.60,0.70
2007.11.15 02:02:40.159,0.9929,0.99335,3.60,8.80
2007.11.15 02:02:40.327,0.9929,0.9933,3.60,0.90
2007.11.15 02:02:40.519,0.9929,0.99335,3.60,8.80
2007.11.15 02:02:40.687,0.9929,0.9933,3.60,0.90
2007.11.15 02:02:40.854,0.9929,0.99335,3.60,8.80
2007.11.15 02:02:41.028,0.9929,0.9933,3.60,0.50
2007.11.15 02:02:41.197,0.9929,0.9933,3.60,0.60
2007.11.15 02:02:41.412,0.9929,0.99335,3.60,7.30
2007.11.15 02:02:41.627,0.9929,0.99335,3.60,7.30
2007.11.15 02:02:41.841,0.9929,0.9933,3.60,0.50
2007.11.15 02:02:42.053,0.9929,0.99335,3.60,8.80
2007.11.15 02:02:42.265,0.9929,0.99335,3.60,8.80
2007.11.15 02:02:42.441,0.9929,0.99335,3.60,8.80
2007.11.15 02:02:42.614,0.9929,0.99335,3.60,8.80
2007.11.15 02:02:42.788,0.9929,0.99335,3.60,8.80
2007.11.15 02:02:42.959,0.9929,0.99335,3.60,8.80
2007.11.15 02:02:43.132,0.9929,0.9933,3.60,0.90
2007.11.15 02:02:43.305,0.9929,0.9933,3.60,0.60
2007.11.15 02:02:43.583,0.9929,0.99335,3.60,8.80
2007.11.15 02:02:43.861,0.9929,0.99335,3.60,8.80
2007.11.15 02:02:44.139,0.9929,0.9933,3.60,0.60
2007.11.15 02:02:44.416,0.9929,0.9933,3.60,0.50
2007.11.15 02:02:44.527,0.9929,0.9933,3.60,0.50
2007.11.15 02:02:44.640,0.9929,0.99335,3.60,7.30
2007.11.15 02:02:44.753,0.9929,0.9933,3.60,0.50
2007.11.15 02:02:44.865,0.9929,0.9933,3.60,0.50
2007.11.15 02:02:44.978,0.9929,0.9933,3.60,0.70
2007.11.15 02:02:45.090,0.9929,0.99335,3.60,8.80
2007.11.15 02:02:45.203,0.9929,0.9933,3.60,0.60
2007.11.15 02:02:45.316,0.9929,0.99325,2.40,1.30
2007.11.15 02:02:45.575,0.9929,0.99325,2.40,1.30
2007.11.15 02:02:45.822,0.9929,0.99325,2.40,1.30
2007.11.15 02:02:46.075,0.9929,0.99325,2.40,1.30
2007.11.15 02:02:46.328,0.9929,0.9933,2.40,0.70
2007.11.15 02:02:46.511,0.9929,0.99335,2.40,8.80
2007.11.15 02:02:46.694,0.9929,0.99335,2.40,8.80
2007.11.15 02:02:46.877,0.9929,0.99335,2.40,8.80
2007.11.15 02:02:47.059,0.9929,0.99335,2.40,8.80
2007.11.15 02:02:47.242,0.9929,0.9933,2.40,0.80
2007.11.15 02:02:47.431,0.9929,0.99335,2.40,8.80
2007.11.15 02:02:47.603,0.9929,0.9933,2.40,0.70
2007.11.15 02:02:47.775,0.9929,0.9933,2.40,0.90
2007.11.15 02:02:47.948,0.9929,0.99335,2.40,8.80
2007.11.15 02:02:48.122,0.9929,0.9933,2.40,0.50
2007.11.15 02:02:48.295,0.9929,0.9933,3.60,0.70
2007.11.15 02:02:48.468,0.9929,0.99335,3.60,8.80
2007.11.15 02:02:48.747,0.9929,0.99335,3.60,8.00
2007.11.15 02:02:49.027,0.9929,0.99345,6.00,11.20
2007.11.15 02:02:49.305,0.9929,0.99345,6.00,8.80
2007.11.15 02:02:49.583,0.9929,0.99345,6.00,8.80
2007.11.15 02:02:49.736,0.9929,0.9934,6.00,0.60
2007.11.15 02:02:49.888,0.9929,0.99345,6.00,8.80
2007.11.15 02:02:50.041,0.9929,0.99345,6.00,8.80
2007.11.15 02:02:50.193,0.9929,0.9934,6.00,0.50
2007.11.15 02:02:50.346,0.9929,0.99345,6.00,8.80
2007.11.15 02:02:50.498,0.9929,0.99345,6.00,8.80
2007.11.15 02:02:50.656,0.9929,0.99345,6.00,8.80
2007.11.15 02:02:50.815,0.9929,0.99345,6.00,8.80
2007.11.15 02:02:50.973,0.9929,0.99345,6.00,8.80
2007.11.15 02:02:51.131,0.9929,0.9934,6.00,0.60
2007.11.15 02:02:51.289,0.9929,0.9934,6.00,0.50
2007.11.15 02:02:51.451,0.9929,0.99345,3.60,11.20
2007.11.15 02:02:51.603,0.9929,0.9934,3.60,0.70
2007.11.15 02:02:51.786,0.9929,0.99335,3.60,1.50
2007.11.15 02:02:51.969,0.9929,0.9933,3.60,0.90
2007.11.15 02:02:52.151,0.9929,0.99335,3.60,22.50
2007.11.15 02:02:52.334,0.9929,0.99335,3.60,24.90
2007.11.15 02:02:52.517,0.9929,0.99335,3.60,24.90
2007.11.15 02:02:52.850,0.9929,0.99335,3.60,24.90
2007.11.15 02:02:53.091,0.9929,0.9933,3.60,0.90
2007.11.15 02:02:53.335,0.9929,0.99335,3.60,24.90
2007.11.15 02:02:53.583,0.9929,0.9933,3.60,0.60
2007.11.15 02:02:53.826,0.9929,0.9933,3.60,0.50
2007.11.15 02:02:54.029,0.9929,0.99335,3.60,24.90
2007.11.15 02:02:54.232,0.9929,0.9933,3.60,0.80
2007.11.15 02:02:54.434,0.9929,0.9933,3.60,0.90
2007.11.15 02:02:54.637,0.9929,0.9933,3.60,0.80
2007.11.15 02:02:54.839,0.9929,0.99335,3.60,24.90
2007.11.15 02:02:54.992,0.9929,0.99335,3.60,24.90
2007.11.15 02:02:55.145,0.9929,0.99335,3.60,24.90
2007.11.15 02:02:55.297,0.9929,0.9933,3.60,0.60
2007.11.15 02:02:55.451,0.9929,0.99335,3.60,24.90
2007.11.15 02:02:55.604,0.9929,0.99335,3.60,24.90
2007.11.15 02:02:55.757,0.9929,0.9933,3.60,0.50
2007.11.15 02:02:55.910,0.9929,0.9933,3.60,0.60
2007.11.15 02:02:56.063,0.9929,0.99335,3.60,24.90
2007.11.15 02:02:56.236,0.9929,0.99335,3.60,24.90
2007.11.15 02:02:56.409,0.9929,0.9933,3.60,0.80
2007.11.15 02:02:56.581,0.9929,0.99335,3.60,24.90
2007.11.15 02:02:56.754,0.9929,0.99335,3.60,24.90
2007.11.15 02:02:56.928,0.9929,0.9933,3.60,0.70
2007.11.15 02:02:57.100,0.9929,0.99335,3.60,24.90
2007.11.15 02:02:57.269,0.9929,0.99335,3.60,24.90
2007.11.15 02:02:57.437,0.9929,0.9933,3.60,0.70
2007.11.15 02:02:57.605,0.9929,0.9933,3.60,0.70
2007.11.15 02:02:57.773,0.9929,0.99325,2.40,0.30
2007.11.15 02:02:57.941,0.9929,0.99325,2.40,0.90
2007.11.15 02:02:58.108,0.9929,0.99325,2.40,2.40
2007.11.15 02:02:58.407,0.9929,0.9932,2.40,0.70
2007.11.15 02:02:58.704,0.9929,0.99325,2.40,2.40
2007.11.15 02:02:59.013,0.9929,0.9932,2.40,0.80
2007.11.15 02:02:59.119,0.9929,0.99325,2.40,2.40
2007.11.15 02:02:59.227,0.9929,0.9932,2.40,0.80
2007.11.15 02:02:59.334,0.9929,0.99325,2.40,2.40
2007.11.15 02:02:59.443,0.9929,0.9932,2.40,0.90
2007.11.15 02:02:59.550,0.9929,0.99325,2.40,2.40
2007.11.15 02:02:59.658,0.9929,0.99325,2.40,2.40
2007.11.15 02:02:59.766,0.9929,0.9932,2.40,0.60
2007.11.15 02:02:59.873,0.9929,0.9932,2.40,0.90
2007.11.15 02:02:59.980,0.9929,0.99325,2.40,2.40
2007.11.15 02:03:00.087,0.9929,0.99325,2.40,2.40
2007.11.15 02:03:00.366,0.9929,0.99325,2.40,2.40
2007.11.15 02:03:00.643,0.9929,0.99325,2.40,2.40
2007.11.15 02:03:00.921,0.9929,0.99325,2.40,3.50
2007.11.15 02:03:01.198,0.9929,0.99325,2.40,9.60
2007.11.15 02:03:01.337,0.9929,0.99325,2.40,18.50
2007.11.15 02:03:01.474,0.9929,0.9932,2.40,0.80
2007.11.15 02:03:01.612,0.9929,0.9932,2.40,0.80
2007.11.15 02:03:01.750,0.9929,0.9932,2.40,0.70
2007.11.15 02:03:01.889,0.9929,0.9932,2.40,0.60
2007.11.15 02:03:02.026,0.9929,0.99325,2.40,22.50
2007.11.15 02:03:02.164,0.9929,0.99325,2.40,22.50
2007.11.15 02:03:02.447,0.9929,0.99325,2.40,2.40
2007.11.15 02:03:02.731,0.9929,0.9932,2.40,1.80
2007.11.15 02:03:03.012,0.9929,0.9932,2.40,1.80
2007.11.15 02:03:03.295,0.9929,0.9932,2.40,1.80
2007.11.15 02:03:03.543,0.9929,0.9932,2.40,1.80
2007.11.15 02:03:03.789,0.9929,0.9932,2.40,1.80
2007.11.15 02:03:04.036,0.9929,0.9932,2.40,1.80
2007.11.15 02:03:04.285,0.9929,0.9932,2.40,1.80
2007.11.15 02:03:04.402,0.9929,0.9932,2.40,1.80
2007.11.15 02:03:04.521,0.9929,0.9932,2.40,1.80
2007.11.15 02:03:04.644,0.9929,0.9932,2.40,1.80
2007.11.15 02:03:04.762,0.9929,0.9932,2.40,11.10
2007.11.15 02:03:04.880,0.9929,0.9932,2.40,11.30
2007.11.15 02:03:04.997,0.9929,0.9932,2.40,15.30
2007.11.15 02:03:05.174,0.9929,0.9932,2.40,15.30
2007.11.15 02:03:05.292,0.9929,0.9932,2.40,15.30
2007.11.15 02:03:05.550,0.9929,0.9932,2.40,15.30
2007.11.15 02:03:05.713,0.9929,0.9932,2.40,0.50
2007.11.15 02:03:05.809,0.9929,0.9932,2.40,0.90
2007.11.15 02:03:06.067,0.9929,0.99325,2.40,16.30
2007.11.15 02:03:06.332,0.9929,0.99325,2.40,22.40
2007.11.15 02:03:06.488,0.9929,0.9932,2.40,0.70
2007.11.15 02:03:06.645,0.9929,0.99325,2.40,22.40
2007.11.15 02:03:06.805,0.9929,0.99325,2.40,22.40
2007.11.15 02:03:06.963,0.9929,0.9932,2.40,0.80
2007.11.15 02:03:07.120,0.9929,0.99325,2.40,22.40
2007.11.15 02:03:07.279,0.9929,0.9932,2.40,0.80
2007.11.15 02:03:07.472,0.9929,0.9932,2.40,0.50
2007.11.15 02:03:07.664,0.9929,0.99325,2.40,22.40
2007.11.15 02:03:07.863,0.9929,0.99325,2.40,22.40
2007.11.15 02:03:08.056,0.9929,0.99325,2.40,22.40
2007.11.15 02:03:08.248,0.9929,0.99325,2.40,22.40
2007.11.15 02:03:08.442,0.9929,0.99325,2.40,22.40
2007.11.15 02:03:08.750,0.9929,0.99325,2.40,22.40
2007.11.15 02:03:09.058,0.9929,0.99325,2.40,13.50
2007.11.15 02:03:09.366,0.9929,0.99325,2.40,9.50
2007.11.15 02:03:09.674,0.9929,0.9932,2.40,0.50
2007.11.15 02:03:09.862,0.9929,0.99325,2.40,9.50
2007.11.15 02:03:10.050,0.9929,0.99325,2.40,9.50
2007.11.15 02:03:10.238,0.9929,0.99325,2.40,3.40
2007.11.15 02:03:10.426,0.9929,0.99325,2.40,3.40
2007.11.15 02:03:10.614,0.9929,0.9932,2.40,0.50
2007.11.15 02:03:10.856,0.9929,0.9932,2.40,0.60
2007.11.15 02:03:11.099,0.9929,0.9932,2.40,0.80
2007.11.15 02:03:11.343,0.9929,0.9932,2.40,0.70
2007.11.15 02:03:11.585,0.9929,0.9932,2.40,0.80
2007.11.15 02:03:11.739,0.9929,0.9932,2.40,0.50
2007.11.15 02:03:11.892,0.9929,0.99325,2.40,3.40
2007.11.15 02:03:12.045,0.9929,0.99325,2.40,3.40
2007.11.15 02:03:12.198,0.9929,0.9932,2.40,0.60
2007.11.15 02:03:12.352,0.9929,0.9932,2.40,0.50
2007.11.15 02:03:12.505,0.9929,0.9933,2.40,17.40
2007.11.15 02:03:12.662,0.9929,0.9933,2.40,17.40
2007.11.15 02:03:12.960,0.9929,0.9933,2.40,0.60
2007.11.15 02:03:13.258,0.9929,0.99335,2.40,18.20
2007.11.15 02:03:13.555,0.9929,0.99335,2.40,18.20
2007.11.15 02:03:13.853,0.9929,0.99335,2.40,18.20
2007.11.15 02:03:14.087,0.9929,0.99335,2.40,18.20
2007.11.15 02:03:14.319,0.9929,0.99335,2.40,18.20
2007.11.15 02:03:14.552,0.9929,0.9933,2.40,0.80
2007.11.15 02:03:14.785,0.9929,0.99335,2.40,18.20
2007.11.15 02:03:14.918,0.9929,0.99335,2.40,18.20
2007.11.15 02:03:15.050,0.9929,0.9933,2.40,0.60
2007.11.15 02:03:15.182,0.9929,0.99335,2.40,18.20
2007.11.15 02:03:15.316,0.9929,0.9933,2.40,0.70
2007.11.15 02:03:15.448,0.9929,0.99335,2.40,18.20
2007.11.15 02:03:15.580,0.9929,0.99335,2.40,18.20
2007.11.15 02:03:15.713,0.9929,0.99335,2.40,18.20
2007.11.15 02:03:15.901,0.9929,0.9933,2.40,0.70
2007.11.15 02:03:16.089,0.9929,0.99335,2.40,18.20
2007.11.15 02:03:16.277,0.9929,0.9933,2.40,0.50
2007.11.15 02:03:16.464,0.9929,0.9933,2.40,0.70
2007.11.15 02:03:16.652,0.9929,0.9933,2.40,0.80
2007.11.15 02:03:16.840,0.9929,0.99325,2.40,1.60
2007.11.15 02:03:17.023,0.9929,0.99325,2.40,3.30
2007.11.15 02:03:17.206,0.9929,0.9932,3.20,0.70
2007.11.15 02:03:17.494,0.9929,0.99325,3.20,2.60
2007.11.15 02:03:17.676,0.9929,0.99325,3.20,2.60
2007.11.15 02:03:17.859,0.9929,0.99325,0.80,2.60
2007.11.15 02:03:18.082,0.9929,0.99325,0.80,2.60
2007.11.15 02:03:18.311,0.9929,0.9932,0.80,0.80
2007.11.15 02:03:18.533,0.9929,0.99325,0.80,2.60
2007.11.15 02:03:18.757,0.9929,0.99325,1.20,2.60
2007.11.15 02:03:18.981,0.9929,0.9932,1.20,0.80
2007.11.15 02:03:19.269,0.993,0.99325,0.50,2.60
2007.11.15 02:03:19.556,0.993,0.99325,0.50,2.60
2007.11.15 02:03:19.846,0.993,0.9932,0.50,0.60
2007.11.15 02:03:20.138,0.993,0.99325,0.50,2.60
2007.11.15 02:03:20.297,0.993,0.99325,0.50,2.60
2007.11.15 02:03:20.454,0.993,0.99325,0.50,2.60
2007.11.15 02:03:20.611,0.993,0.9932,0.50,0.50
2007.11.15 02:03:20.770,0.993,0.9932,0.50,0.80
2007.11.15 02:03:20.928,0.9929,0.99315,0.50,2.60
2007.11.15 02:03:21.087,0.9929,0.99315,0.50,2.60
2007.11.15 02:03:21.314,0.9929,0.99315,0.50,2.60
2007.11.15 02:03:21.541,0.9929,0.9931,0.50,0.70
2007.11.15 02:03:21.769,0.9929,0.99315,0.50,2.60
2007.11.15 02:03:21.997,0.9929,0.9931,0.50,0.80
2007.11.15 02:03:22.224,0.9929,0.99315,0.50,4.20
2007.11.15 02:03:22.397,0.9929,0.99315,0.50,4.20
2007.11.15 02:03:22.570,0.9929,0.99315,0.50,4.20
2007.11.15 02:03:22.742,0.9929,0.99315,0.50,4.20
2007.11.15 02:03:22.916,0.9929,0.9931,0.50,0.90
2007.11.15 02:03:23.088,0.9929,0.99315,0.50,4.20
2007.11.15 02:03:23.261,0.9928,0.9931,2.80,0.80
2007.11.15 02:03:23.655,0.9928,0.99315,2.80,4.90
2007.11.15 02:03:23.947,0.9928,0.99315,2.80,4.90
2007.11.15 02:03:24.241,0.9928,0.99315,2.80,4.90
2007.11.15 02:03:24.354,0.9928,0.9931,2.80,0.80
2007.11.15 02:03:24.466,0.9928,0.99315,2.80,4.90
2007.11.15 02:03:24.578,0.9928,0.99315,2.80,4.90
2007.11.15 02:03:24.691,0.9928,0.99315,2.80,4.90
2007.11.15 02:03:24.804,0.9928,0.99315,2.80,4.90
2007.11.15 02:03:24.918,0.9928,0.99315,2.80,4.90
2007.11.15 02:03:25.031,0.9928,0.99315,2.80,4.90
2007.11.15 02:03:25.145,0.9928,0.9931,2.80,0.90
2007.11.15 02:03:25.257,0.9928,0.99315,2.80,21.40
2007.11.15 02:03:25.570,0.9928,0.9931,2.80,0.80
2007.11.15 02:03:25.883,0.9927,0.9931,3.60,0.80
2007.11.15 02:03:26.196,0.9927,0.993,1.20,0.50
2007.11.15 02:03:26.510,0.9927,0.993,1.20,0.80
2007.11.15 02:03:26.699,0.9928,0.993,0.50,0.60
2007.11.15 02:03:26.886,0.9928,0.9931,0.50,17.20
2007.11.15 02:03:27.075,0.9928,0.9929,0.50,0.90
2007.11.15 02:03:27.264,0.9927,0.993,1.20,5.60
2007.11.15 02:03:27.481,0.9927,0.993,1.20,0.60
2007.11.15 02:03:27.700,0.9927,0.993,1.20,0.90
2007.11.15 02:03:27.918,0.9927,0.993,1.20,0.60
2007.11.15 02:03:28.136,0.9927,0.993,1.20,0.70
2007.11.15 02:03:28.355,0.9927,0.99305,0.50,4.90
2007.11.15 02:03:28.642,0.9927,0.993,0.50,3.90
2007.11.15 02:03:28.931,0.9926,0.993,1.20,6.10
2007.11.15 02:03:29.221,0.9927,0.993,0.50,6.30
2007.11.15 02:03:29.508,0.9927,0.993,0.50,6.30
2007.11.15 02:03:29.825,0.9927,0.993,0.50,6.30
2007.11.15 02:03:30.007,0.9926,0.993,1.20,6.30
2007.11.15 02:03:30.190,0.9926,0.9929,1.20,0.60
2007.11.15 02:03:30.374,0.9926,0.993,1.20,6.30
2007.11.15 02:03:30.559,0.9926,0.993,1.20,6.30
2007.11.15 02:03:30.775,0.9926,0.99295,0.50,4.20
2007.11.15 02:03:30.976,0.9925,0.9929,3.60,0.80
2007.11.15 02:03:31.183,0.9925,0.9929,3.60,0.70
2007.11.15 02:03:31.392,0.9925,0.9929,3.60,4.70
2007.11.15 02:03:31.600,0.9925,0.9929,3.60,4.70
2007.11.15 02:03:31.824,0.9926,0.9929,0.50,4.70
2007.11.15 02:03:32.047,0.9926,0.9928,0.50,0.70
2007.11.15 02:03:32.277,0.9926,0.9929,0.50,4.70
2007.11.15 02:03:32.499,0.9926,0.9929,0.50,4.70
2007.11.15 02:03:32.730,0.9926,0.9928,0.50,0.50
2007.11.15 02:03:32.968,0.9926,0.9928,0.50,3.20
2007.11.15 02:03:33.205,0.9926,0.9928,0.50,3.20
2007.11.15 02:03:33.443,0.9926,0.9928,0.50,1.60
2007.11.15 02:03:33.680,0.9926,0.9928,0.50,1.60
2007.11.15 02:03:33.938,0.9926,0.9928,0.50,1.60
2007.11.15 02:03:34.195,0.9926,0.9928,0.50,1.60
2007.11.15 02:03:34.454,0.9926,0.9929,0.50,3.90
2007.11.15 02:03:34.712,0.9925,0.9928,3.60,1.60
2007.11.15 02:03:34.865,0.9925,0.9928,3.60,1.60
2007.11.15 02:03:35.023,0.9925,0.9928,3.60,1.60
2007.11.15 02:03:35.171,0.9925,0.9928,3.60,1.60
2007.11.15 02:03:35.323,0.9925,0.9928,3.60,1.60
2007.11.15 02:03:35.476,0.9925,0.9928,3.60,1.60
2007.11.15 02:03:35.629,0.9925,0.9928,3.60,1.60
2007.11.15 02:03:35.990,0.9926,0.9928,0.50,1.60
2007.11.15 02:03:36.197,0.9926,0.9928,0.50,1.60
2007.11.15 02:03:36.405,0.9926,0.9928,0.50,3.20
2007.11.15 02:03:36.612,0.9926,0.9928,0.50,3.20
2007.11.15 02:03:36.810,0.9926,0.9928,0.50,3.20
2007.11.15 02:03:37.007,0.9926,0.9928,0.50,1.60
2007.11.15 02:03:37.205,0.9926,0.9929,0.50,3.90
2007.11.15 02:03:37.405,0.9926,0.9929,2.80,3.60
2007.11.15 02:03:37.604,0.9926,0.9929,2.80,3.60
2007.11.15 02:03:37.802,0.9926,0.9929,2.80,3.60
2007.11.15 02:03:38.011,0.9926,0.9929,2.80,2.00
2007.11.15 02:03:38.207,0.9926,0.9929,2.40,2.00
2007.11.15 02:03:38.410,0.9926,0.9929,2.40,2.00
2007.11.15 02:03:38.613,0.9926,0.9929,2.40,2.00
2007.11.15 02:03:38.815,0.9926,0.9929,2.80,2.00
2007.11.15 02:03:39.108,0.9926,0.9929,2.80,2.00
2007.11.15 02:03:39.401,0.9926,0.9929,3.60,1.60
2007.11.15 02:03:39.694,0.9926,0.9929,3.60,1.60
2007.11.15 02:03:39.848,0.9926,0.9929,3.60,1.60
2007.11.15 02:03:40.000,0.9926,0.9929,3.60,1.60
2007.11.15 02:03:40.153,0.9926,0.9929,3.60,1.60
2007.11.15 02:03:40.309,0.9926,0.9929,3.60,2.00
2007.11.15 02:03:40.462,0.9926,0.9929,3.60,2.00
2007.11.15 02:03:40.614,0.9926,0.9929,3.60,2.00
2007.11.15 02:03:40.771,0.9926,0.9929,2.80,2.00
2007.11.15 02:03:41.009,0.9926,0.9929,2.80,0.50
2007.11.15 02:03:41.247,0.9926,0.9929,2.80,0.50
2007.11.15 02:03:41.485,0.9926,0.9929,2.80,0.50
2007.11.15 02:03:41.723,0.9926,0.9929,2.80,0.50
2007.11.15 02:03:41.961,0.9926,0.9929,0.50,2.00
2007.11.15 02:03:42.154,0.9926,0.9929,0.50,2.00
2007.11.15 02:03:42.337,0.9926,0.9929,0.50,2.00
2007.11.15 02:03:42.521,0.9926,0.9929,0.50,2.00
2007.11.15 02:03:42.708,0.9926,0.9929,1.20,1.60
2007.11.15 02:03:42.890,0.9926,0.9929,1.20,1.60
2007.11.15 02:03:43.088,0.9926,0.9929,1.20,1.60
2007.11.15 02:03:43.287,0.9926,0.9929,1.20,1.60
2007.11.15 02:03:43.484,0.9926,0.9929,1.20,1.60
2007.11.15 02:03:43.683,0.9926,0.9929,1.20,1.60
2007.11.15 02:03:43.881,0.9926,0.9929,1.20,1.60
2007.11.15 02:03:44.153,0.9926,0.9929,1.20,1.60
2007.11.15 02:03:44.431,0.9926,0.9929,1.20,1.60
2007.11.15 02:03:44.704,0.9926,0.993,1.20,5.20
2007.11.15 02:03:44.978,0.9926,0.993,1.20,5.20
2007.11.15 02:03:45.125,0.9926,0.993,1.20,5.20
2007.11.15 02:03:45.272,0.9926,0.993,1.20,5.20
2007.11.15 02:03:45.423,0.9926,0.993,1.20,5.20
2007.11.15 02:03:45.571,0.9926,0.993,1.20,5.20
2007.11.15 02:03:45.718,0.9926,0.993,1.20,5.20
2007.11.15 02:03:45.867,0.9926,0.993,1.20,5.20
2007.11.15 02:03:46.015,0.9926,0.993,1.20,5.20
2007.11.15 02:03:46.282,0.9926,0.993,1.20,5.20
2007.11.15 02:03:46.550,0.9926,0.993,1.20,5.20
2007.11.15 02:03:46.818,0.9926,0.993,1.20,5.20
2007.11.15 02:03:47.085,0.9926,0.993,1.20,5.20
2007.11.15 02:03:47.228,0.9926,0.993,1.20,5.20
2007.11.15 02:03:47.371,0.9926,0.993,1.20,5.20
2007.11.15 02:03:47.514,0.9926,0.993,1.20,5.20
2007.11.15 02:03:47.657,0.9926,0.993,1.20,5.20
2007.11.15 02:03:47.799,0.9926,0.993,1.20,5.20
2007.11.15 02:03:47.955,0.9926,0.993,1.20,4.40
2007.11.15 02:03:48.098,0.9926,0.9929,1.20,1.60
2007.11.15 02:03:48.401,0.9926,0.9929,3.60,1.60
2007.11.15 02:03:48.704,0.9926,0.9929,3.60,1.60
2007.11.15 02:03:49.007,0.9926,0.9929,3.60,1.60
2007.11.15 02:03:49.309,0.9926,0.993,3.60,3.20
2007.11.15 02:03:49.458,0.9926,0.993,3.60,3.20
2007.11.15 02:03:49.605,0.9926,0.993,3.60,3.20
2007.11.15 02:03:49.754,0.9926,0.993,3.60,3.20
2007.11.15 02:03:49.902,0.9926,0.993,3.60,3.20
2007.11.15 02:03:50.050,0.9926,0.993,3.60,3.20
2007.11.15 02:03:50.197,0.9926,0.993,3.60,3.20
2007.11.15 02:03:50.384,0.9926,0.993,3.60,3.20
2007.11.15 02:03:50.573,0.9926,0.993,3.60,3.20
2007.11.15 02:03:50.760,0.9926,0.993,3.60,3.20
2007.11.15 02:03:50.948,0.9926,0.993,3.60,3.20
2007.11.15 02:03:51.135,0.9926,0.993,3.60,3.20
2007.11.15 02:03:51.304,0.9926,0.993,3.60,3.20
2007.11.15 02:03:51.471,0.9926,0.993,3.60,3.20
2007.11.15 02:03:51.639,0.9926,0.993,3.60,3.20
2007.11.15 02:03:51.807,0.9927,0.993,3.60,3.20
2007.11.15 02:03:51.977,0.9927,0.993,3.60,3.20
2007.11.15 02:03:52.145,0.9927,0.993,3.60,3.20
2007.11.15 02:03:52.363,0.9928,0.993,0.50,3.20
2007.11.15 02:03:52.581,0.9928,0.993,0.50,1.60
2007.11.15 02:03:52.799,0.9928,0.993,0.50,1.60
2007.11.15 02:03:53.016,0.9928,0.993,0.50,1.60
2007.11.15 02:03:53.234,0.9928,0.993,0.50,1.60
2007.11.15 02:03:53.517,0.9928,0.993,0.50,3.20
2007.11.15 02:03:53.800,0.9928,0.993,0.50,3.20
2007.11.15 02:03:54.083,0.9928,0.993,0.50,3.20
2007.11.15 02:03:54.481,0.9928,0.993,0.50,3.20
2007.11.15 02:03:54.629,0.9928,0.993,0.50,3.20
2007.11.15 02:03:54.777,0.9928,0.993,0.50,3.20
2007.11.15 02:03:54.931,0.9928,0.993,0.50,3.20
2007.11.15 02:03:55.078,0.9928,0.993,0.50,3.20
2007.11.15 02:03:55.229,0.9928,0.993,0.50,3.20
2007.11.15 02:03:55.377,0.9928,0.993,0.50,3.20
2007.11.15 02:03:55.525,0.9928,0.993,0.50,3.20
2007.11.15 02:03:55.793,0.9928,0.993,0.50,3.20
2007.11.15 02:03:56.060,0.9928,0.993,0.50,3.20
2007.11.15 02:03:56.329,0.9928,0.993,0.50,3.20
2007.11.15 02:03:56.597,0.9928,0.993,0.50,3.20
2007.11.15 02:03:56.729,0.9928,0.993,0.50,3.20
2007.11.15 02:03:56.868,0.9928,0.993,0.50,3.20
2007.11.15 02:03:57.001,0.9928,0.993,0.50,3.20
2007.11.15 02:03:57.134,0.9928,0.993,0.50,3.20
2007.11.15 02:03:57.266,0.9928,0.993,0.50,3.20
2007.11.15 02:03:57.399,0.9928,0.993,0.50,3.20
2007.11.15 02:03:57.532,0.9928,0.993,0.50,3.20
2007.11.15 02:03:57.664,0.9928,0.993,0.50,3.20
2007.11.15 02:03:57.872,0.9928,0.993,0.50,3.20
2007.11.15 02:03:58.080,0.9928,0.993,0.50,1.60
2007.11.15 02:03:58.291,0.9929,0.993,0.50,1.60
2007.11.15 02:03:58.498,0.9929,0.993,0.50,1.60
2007.11.15 02:03:58.707,0.9929,0.993,0.50,1.60
2007.11.15 02:03:58.987,0.9929,0.993,0.50,1.60
2007.11.15 02:03:59.255,0.9929,0.993,0.50,1.60
2007.11.15 02:03:59.528,0.9929,0.993,0.50,1.60
2007.11.15 02:03:59.801,0.9929,0.993,0.50,1.60
2007.11.15 02:03:59.958,0.9929,0.993,0.50,1.60
2007.11.15 02:04:00.117,0.9929,0.993,0.50,1.60
2007.11.15 02:04:00.276,0.9929,0.993,0.50,1.60
2007.11.15 02:04:00.432,0.9929,0.993,0.50,1.60
2007.11.15 02:04:00.637,0.9929,0.993,0.50,1.60
2007.11.15 02:04:00.796,0.9929,0.993,0.50,1.60
2007.11.15 02:04:00.968,0.9929,0.993,0.50,1.60
2007.11.15 02:04:01.141,0.9929,0.993,0.50,1.60
2007.11.15 02:04:01.319,0.9929,0.993,0.50,1.60
2007.11.15 02:04:01.486,0.9929,0.993,0.50,1.60
2007.11.15 02:04:01.658,0.9929,0.993,0.50,1.60
2007.11.15 02:04:01.831,0.9929,0.993,0.50,1.60
2007.11.15 02:04:01.993,0.9929,0.993,0.50,1.60
2007.11.15 02:04:02.157,0.993,0.9931,0.80,8.40
2007.11.15 02:04:02.319,0.993,0.9931,0.80,8.40
2007.11.15 02:04:02.487,0.993,0.9931,0.80,1.60
2007.11.15 02:04:02.650,0.993,0.9931,0.80,1.60
2007.11.15 02:04:02.813,0.993,0.9931,0.80,1.60
2007.11.15 02:04:03.072,0.993,0.9931,0.80,1.60
2007.11.15 02:04:03.330,0.993,0.9932,0.80,1.60
2007.11.15 02:04:03.587,0.993,0.9932,0.80,1.60
2007.11.15 02:04:03.846,0.9931,0.9932,0.80,1.60
2007.11.15 02:04:04.104,0.9931,0.9932,0.80,1.60
2007.11.15 02:04:04.338,0.9931,0.9932,1.20,1.60
2007.11.15 02:04:04.570,0.9931,0.9932,1.20,1.60
2007.11.15 02:04:04.804,0.9931,0.9932,1.20,1.60
2007.11.15 02:04:05.036,0.9931,0.9932,1.20,1.60
2007.11.15 02:04:05.179,0.9931,0.9932,1.20,1.60
2007.11.15 02:04:05.189,0.9931,0.9932,1.20,0.90
2007.11.15 02:04:05.323,0.9931,0.9932,1.20,0.90
2007.11.15 02:04:05.465,0.9931,0.9932,1.20,0.80
2007.11.15 02:04:05.608,0.9931,0.9933,1.20,5.60
2007.11.15 02:04:05.751,0.9931,0.9933,0.50,5.60
2007.11.15 02:04:05.893,0.9931,0.9933,0.50,5.60
2007.11.15 02:04:06.038,0.9931,0.9933,0.50,5.60
2007.11.15 02:04:06.346,0.9931,0.9933,0.50,5.60
2007.11.15 02:04:06.801,0.9931,0.9932,0.50,0.70
2007.11.15 02:04:07.109,0.9931,0.9933,0.50,5.60
2007.11.15 02:04:07.287,0.9931,0.9933,1.20,5.60
2007.11.15 02:04:07.464,0.9931,0.9933,1.20,5.60
2007.11.15 02:04:07.641,0.9931,0.9932,1.20,0.80
2007.11.15 02:04:07.819,0.9931,0.9933,1.20,5.60
2007.11.15 02:04:07.997,0.9931,0.9932,1.20,0.90
2007.11.15 02:04:08.229,0.9931,0.9932,0.50,0.80
2007.11.15 02:04:08.463,0.9931,0.9933,0.50,5.60
2007.11.15 02:04:08.701,0.9931,0.9932,0.50,0.60
2007.11.15 02:04:08.928,0.9931,0.9933,0.50,5.60
2007.11.15 02:04:09.160,0.9931,0.9933,0.50,5.60
2007.11.15 02:04:09.423,0.9931,0.9932,0.50,0.70
2007.11.15 02:04:09.685,0.9931,0.9932,0.50,0.90
2007.11.15 02:04:09.948,0.9931,0.9933,0.50,5.60
2007.11.15 02:04:10.210,0.9931,0.9933,0.50,5.60
2007.11.15 02:04:10.312,0.9931,0.9933,0.50,5.60
2007.11.15 02:04:10.416,0.9931,0.9933,0.50,5.60
2007.11.15 02:04:10.519,0.9931,0.9933,0.50,5.60
2007.11.15 02:04:10.621,0.9931,0.9933,0.50,5.60
2007.11.15 02:04:10.723,0.9931,0.9933,0.50,5.60
2007.11.15 02:04:10.827,0.9931,0.9932,0.50,0.50
2007.11.15 02:04:10.929,0.9931,0.9933,0.50,5.60
2007.11.15 02:04:11.031,0.9931,0.9933,0.50,5.60
2007.11.15 02:04:11.135,0.9931,0.9933,0.50,5.60
2007.11.15 02:04:11.449,0.9931,0.9932,0.50,0.60
2007.11.15 02:04:11.750,0.9931,0.9933,0.50,5.60
2007.11.15 02:04:12.059,0.9931,0.9932,0.50,0.70
2007.11.15 02:04:12.251,0.9931,0.9933,0.50,5.60
2007.11.15 02:04:12.444,0.9931,0.9932,0.50,0.70
2007.11.15 02:04:12.637,0.9931,0.9933,0.50,5.60
2007.11.15 02:04:12.968,0.9931,0.9933,0.50,5.60
2007.11.15 02:04:13.160,0.9931,0.9933,0.50,5.60
2007.11.15 02:04:13.302,0.9931,0.9932,0.50,0.80
2007.11.15 02:04:13.446,0.9931,0.9933,0.50,5.60
2007.11.15 02:04:13.588,0.9931,0.9932,0.50,0.60
2007.11.15 02:04:13.731,0.9931,0.9933,1.20,5.60
2007.11.15 02:04:13.873,0.9931,0.9932,1.20,0.70
2007.11.15 02:04:14.015,0.9931,0.9933,1.20,5.60
2007.11.15 02:04:14.159,0.9931,0.9932,0.50,0.70
2007.11.15 02:04:14.492,0.9931,0.9932,0.50,0.80
2007.11.15 02:04:14.825,0.9931,0.9933,0.50,5.60
2007.11.15 02:04:15.158,0.9931,0.9933,0.50,5.60
2007.11.15 02:04:15.311,0.993,0.9933,0.50,4.20
2007.11.15 02:04:15.465,0.993,0.9932,0.50,0.60
2007.11.15 02:04:15.617,0.993,0.9932,0.50,0.80
2007.11.15 02:04:15.770,0.993,0.9933,0.50,4.20
2007.11.15 02:04:15.923,0.993,0.9932,0.50,0.60
2007.11.15 02:04:16.075,0.993,0.9933,0.50,4.20
2007.11.15 02:04:16.228,0.993,0.9933,0.50,4.20
2007.11.15 02:04:16.511,0.993,0.9933,0.50,4.20
2007.11.15 02:04:16.794,0.993,0.9932,0.50,0.50
2007.11.15 02:04:17.078,0.993,0.9933,0.50,4.20
2007.11.15 02:04:17.364,0.993,0.9933,0.50,4.20
2007.11.15 02:04:17.516,0.993,0.9932,0.50,0.80
2007.11.15 02:04:17.675,0.993,0.9932,0.50,0.60
2007.11.15 02:04:17.829,0.993,0.9933,0.50,4.20
2007.11.15 02:04:17.982,0.993,0.9933,0.50,4.20
2007.11.15 02:04:18.135,0.993,0.9933,0.50,4.20
2007.11.15 02:04:18.453,0.993,0.9932,0.50,0.60
2007.11.15 02:04:18.770,0.993,0.9932,0.50,0.90
2007.11.15 02:04:19.128,0.993,0.9933,0.50,4.20
2007.11.15 02:04:19.444,0.993,0.9933,0.50,4.20
2007.11.15 02:04:19.578,0.993,0.9933,0.50,4.20
2007.11.15 02:04:19.711,0.993,0.9933,0.50,4.20
2007.11.15 02:04:19.849,0.993,0.9933,0.50,4.20
2007.11.15 02:04:19.976,0.993,0.9932,0.50,0.80
2007.11.15 02:04:20.109,0.993,0.9932,0.50,0.60
2007.11.15 02:04:20.242,0.993,0.9933,0.50,4.20
2007.11.15 02:04:20.374,0.993,0.9932,0.50,0.70
2007.11.15 02:04:20.552,0.993,0.9932,0.50,0.80
2007.11.15 02:04:20.729,0.993,0.9933,0.50,4.20
2007.11.15 02:04:20.907,0.993,0.9933,0.50,4.20
2007.11.15 02:04:21.085,0.993,0.9933,0.50,4.20
2007.11.15 02:04:21.263,0.993,0.9933,0.50,4.20
2007.11.15 02:04:21.427,0.993,0.9933,0.50,4.30
2007.11.15 02:04:21.589,0.993,0.9933,0.50,4.30
2007.11.15 02:04:21.752,0.993,0.9932,0.50,0.50
2007.11.15 02:04:21.914,0.993,0.9933,0.50,4.30
2007.11.15 02:04:22.078,0.993,0.9932,0.50,0.50
2007.11.15 02:04:22.240,0.993,0.9932,0.50,0.50
2007.11.15 02:04:22.403,0.993,0.9933,0.50,4.30
2007.11.15 02:04:22.586,0.993,0.9932,0.50,0.90
2007.11.15 02:04:22.768,0.993,0.9933,0.50,4.30
2007.11.15 02:04:22.951,0.993,0.9933,0.50,4.30
2007.11.15 02:04:23.133,0.993,0.9933,0.50,4.30
2007.11.15 02:04:23.316,0.993,0.9933,0.50,4.30
2007.11.15 02:04:23.554,0.993,0.9932,0.50,0.80
2007.11.15 02:04:23.798,0.993,0.9933,0.50,4.30
2007.11.15 02:04:24.031,0.993,0.9933,0.50,4.30
2007.11.15 02:04:24.268,0.993,0.9933,0.50,4.30
2007.11.15 02:04:24.507,0.993,0.9932,0.50,0.70
2007.11.15 02:04:24.699,0.993,0.9932,0.50,0.70
2007.11.15 02:04:24.892,0.993,0.9933,0.50,4.20
2007.11.15 02:04:25.085,0.993,0.9932,0.50,0.70
2007.11.15 02:04:25.294,0.993,0.9932,0.50,0.80
2007.11.15 02:04:25.488,0.993,0.9933,0.50,4.20
2007.11.15 02:04:25.726,0.993,0.9932,0.50,0.50
2007.11.15 02:04:25.964,0.993,0.9932,0.50,0.60
2007.11.15 02:04:26.203,0.993,0.9932,0.50,0.90
2007.11.15 02:04:26.441,0.993,0.9932,0.50,0.80
2007.11.15 02:04:26.578,0.993,0.9933,0.50,4.30
2007.11.15 02:04:26.716,0.993,0.9932,0.50,0.60
2007.11.15 02:04:26.856,0.993,0.9932,0.50,0.50
2007.11.15 02:04:26.993,0.993,0.9933,0.50,4.30
2007.11.15 02:04:27.131,0.993,0.9933,0.50,4.30
2007.11.15 02:04:27.271,0.993,0.9933,0.50,4.30
2007.11.15 02:04:27.410,0.993,0.9932,0.50,0.70
2007.11.15 02:04:27.633,0.993,0.9932,0.50,0.80
2007.11.15 02:04:27.855,0.993,0.9933,0.50,4.30
2007.11.15 02:04:28.077,0.993,0.9933,0.50,4.30
2007.11.15 02:04:28.301,0.993,0.9932,0.50,0.60
2007.11.15 02:04:28.524,0.993,0.9932,0.50,0.90
2007.11.15 02:04:28.763,0.993,0.9932,0.50,0.80
2007.11.15 02:04:29.000,0.993,0.9933,0.50,4.30
2007.11.15 02:04:29.238,0.993,0.9933,0.50,4.30
2007.11.15 02:04:29.476,0.993,0.9933,0.50,4.30
2007.11.15 02:04:29.669,0.993,0.9933,0.50,4.30
2007.11.15 02:04:29.858,0.993,0.9932,0.50,0.90
2007.11.15 02:04:30.047,0.993,0.9932,0.50,0.60
2007.11.15 02:04:30.234,0.993,0.9933,0.50,4.20
2007.11.15 02:04:30.422,0.993,0.9932,0.50,0.90
2007.11.15 02:04:30.611,0.993,0.9933,0.50,4.20
2007.11.15 02:04:30.789,0.993,0.9933,0.50,4.20
2007.11.15 02:04:30.966,0.993,0.9933,0.50,4.20
2007.11.15 02:04:31.144,0.993,0.9933,0.50,4.20
2007.11.15 02:04:31.459,0.993,0.9933,0.50,4.20
2007.11.15 02:04:31.638,0.993,0.9932,0.50,0.60
2007.11.15 02:04:31.851,0.993,0.9933,0.50,4.30
2007.11.15 02:04:32.065,0.993,0.9933,0.50,4.30
2007.11.15 02:04:32.278,0.993,0.9933,0.50,4.30
2007.11.15 02:04:32.491,0.993,0.9932,0.50,2.00
2007.11.15 02:04:32.703,0.993,0.9932,0.50,2.00
2007.11.15 02:04:32.877,0.993,0.9932,0.50,2.00
2007.11.15 02:04:33.050,0.993,0.9932,0.50,2.00
2007.11.15 02:04:33.223,0.993,0.9932,0.50,2.00
2007.11.15 02:04:33.397,0.993,0.9932,0.50,2.00
2007.11.15 02:04:33.568,0.993,0.9932,0.50,2.00
2007.11.15 02:04:33.741,0.993,0.9932,0.50,2.00
2007.11.15 02:04:34.029,0.993,0.9932,0.50,2.00
2007.11.15 02:04:34.317,0.993,0.9932,0.50,2.00
2007.11.15 02:04:34.605,0.993,0.9932,0.50,0.50
2007.11.15 02:04:34.893,0.993,0.9932,0.50,0.50
2007.11.15 02:04:35.040,0.993,0.9932,0.50,0.50
2007.11.15 02:04:35.183,0.993,0.9932,0.50,0.50
2007.11.15 02:04:35.328,0.993,0.9932,0.50,0.50
2007.11.15 02:04:35.469,0.993,0.9932,0.50,0.50
2007.11.15 02:04:35.612,0.993,0.9932,0.50,0.50
2007.11.15 02:04:35.755,0.993,0.9932,0.50,0.50
2007.11.15 02:04:35.897,0.993,0.9932,0.50,0.50
2007.11.15 02:04:36.125,0.993,0.9932,0.50,0.50
2007.11.15 02:04:36.354,0.993,0.9932,0.50,0.50
2007.11.15 02:04:36.580,0.993,0.9932,0.50,0.50
2007.11.15 02:04:36.808,0.993,0.9932,0.50,0.50
2007.11.15 02:04:37.041,0.993,0.9932,0.50,0.50
2007.11.15 02:04:37.193,0.993,0.9932,0.50,0.50
2007.11.15 02:04:37.350,0.993,0.9932,0.50,0.50
2007.11.15 02:04:37.625,0.993,0.9932,0.50,0.50
2007.11.15 02:04:37.783,0.993,0.9932,0.50,0.50
2007.11.15 02:04:37.940,0.993,0.9933,0.50,3.60
2007.11.15 02:04:38.109,0.993,0.9933,0.50,2.00
2007.11.15 02:04:38.277,0.993,0.9933,0.50,2.00
2007.11.15 02:04:38.445,0.993,0.9933,0.50,2.00
2007.11.15 02:04:38.612,0.993,0.9933,0.50,2.00
2007.11.15 02:04:38.779,0.993,0.9933,0.50,2.00
2007.11.15 02:04:38.948,0.993,0.9933,0.50,2.00
2007.11.15 02:04:39.246,0.993,0.9933,0.50,2.00
2007.11.15 02:04:39.544,0.993,0.9933,0.50,2.00
2007.11.15 02:04:39.843,0.993,0.9933,0.50,2.00
2007.11.15 02:04:40.140,0.993,0.9933,0.50,2.00
2007.11.15 02:04:40.251,0.993,0.9933,0.50,2.00
2007.11.15 02:04:40.359,0.993,0.9933,0.50,2.00
2007.11.15 02:04:40.466,0.993,0.9933,0.50,2.00
2007.11.15 02:04:40.575,0.993,0.9933,0.50,2.00
2007.11.15 02:04:40.683,0.993,0.9933,0.50,2.00
2007.11.15 02:04:40.790,0.993,0.9933,0.50,2.00
2007.11.15 02:04:40.899,0.993,0.9933,0.50,2.00
2007.11.15 02:04:41.008,0.993,0.9933,0.50,2.00
2007.11.15 02:04:41.341,0.993,0.9933,0.50,2.00
2007.11.15 02:04:41.675,0.993,0.9933,0.50,2.00
2007.11.15 02:04:42.008,0.993,0.9933,0.50,2.00
2007.11.15 02:04:42.141,0.993,0.9933,0.50,2.00
2007.11.15 02:04:42.274,0.993,0.9933,0.50,2.00
2007.11.15 02:04:42.407,0.993,0.9933,0.50,2.00
2007.11.15 02:04:42.539,0.993,0.9933,0.50,2.00
2007.11.15 02:04:42.672,0.993,0.9933,0.50,2.00
2007.11.15 02:04:42.805,0.993,0.9933,0.50,2.00
2007.11.15 02:04:42.938,0.993,0.9933,0.50,2.00
2007.11.15 02:04:43.071,0.993,0.9933,0.50,2.00
2007.11.15 02:04:43.309,0.993,0.9933,0.50,2.00
2007.11.15 02:04:43.547,0.993,0.9933,0.50,2.00
2007.11.15 02:04:43.787,0.9931,0.9933,0.50,2.00
2007.11.15 02:04:44.025,0.9931,0.9933,0.50,2.00
2007.11.15 02:04:44.257,0.9931,0.9933,0.50,2.00
2007.11.15 02:04:44.490,0.9931,0.9933,0.50,2.00
2007.11.15 02:04:44.723,0.9931,0.9933,0.50,2.00
2007.11.15 02:04:44.955,0.9931,0.9933,0.50,2.00
2007.11.15 02:04:45.188,0.9931,0.9933,0.50,2.00
2007.11.15 02:04:45.326,0.9931,0.9933,0.50,2.00
2007.11.15 02:04:45.464,0.9931,0.9933,0.50,2.00
2007.11.15 02:04:45.602,0.9931,0.9933,0.50,2.00
2007.11.15 02:04:45.740,0.9931,0.9933,0.50,2.00
2007.11.15 02:04:45.878,0.9931,0.9934,0.50,3.80
2007.11.15 02:04:46.016,0.9931,0.9934,0.50,3.80
2007.11.15 02:04:46.153,0.9931,0.9934,0.50,3.80
2007.11.15 02:04:46.291,0.9931,0.9934,0.50,3.80
2007.11.15 02:04:46.594,0.9931,0.9934,0.50,3.80
2007.11.15 02:04:46.897,0.9931,0.9934,0.50,3.80
2007.11.15 02:04:47.201,0.9931,0.9934,0.50,3.80
2007.11.15 02:04:47.505,0.9931,0.9933,0.50,1.60
2007.11.15 02:04:47.678,0.9931,0.9933,0.50,1.60
2007.11.15 02:04:47.850,0.9931,0.9933,0.50,1.60
2007.11.15 02:04:48.023,0.9931,0.9933,0.50,1.60
2007.11.15 02:04:48.196,0.9931,0.9933,0.50,1.60
2007.11.15 02:04:48.368,0.9931,0.9933,0.50,1.60
2007.11.15 02:04:48.607,0.9931,0.9934,0.50,3.60
2007.11.15 02:04:48.840,0.9931,0.9934,0.50,3.60
2007.11.15 02:04:49.072,0.9931,0.9934,0.50,3.60
2007.11.15 02:04:49.305,0.9931,0.9934,0.50,3.60
2007.11.15 02:04:49.542,0.9931,0.9934,0.50,3.60
2007.11.15 02:04:49.780,0.9931,0.9934,0.50,3.60
2007.11.15 02:04:50.018,0.9931,0.9933,0.50,1.60
2007.11.15 02:04:50.256,0.9931,0.9933,0.50,1.60
2007.11.15 02:04:50.450,0.9931,0.9933,0.50,1.60
2007.11.15 02:04:50.642,0.9931,0.9933,0.50,1.60
2007.11.15 02:04:50.835,0.9931,0.9934,0.50,2.20
2007.11.15 02:04:51.028,0.9931,0.9934,0.50,3.80
2007.11.15 02:04:51.226,0.9931,0.9934,1.20,3.80
2007.11.15 02:04:51.419,0.9931,0.9934,1.20,3.20
2007.11.15 02:04:51.672,0.9931,0.9934,1.20,3.20
2007.11.15 02:04:51.920,0.9931,0.9934,1.20,1.60
2007.11.15 02:04:52.168,0.9931,0.9934,1.20,1.60
2007.11.15 02:04:52.416,0.9931,0.9934,1.20,1.60
2007.11.15 02:04:52.604,0.9931,0.9934,1.20,1.60
2007.11.15 02:04:52.793,0.9931,0.9934,1.20,1.60
2007.11.15 02:04:52.982,0.9931,0.9934,1.20,1.60
2007.11.15 02:04:53.169,0.9931,0.9934,1.20,1.60
2007.11.15 02:04:53.357,0.9931,0.9934,1.20,1.60
2007.11.15 02:04:53.649,0.9931,0.9934,1.20,1.60
2007.11.15 02:04:53.943,0.9931,0.9934,1.20,1.60
2007.11.15 02:04:54.235,0.9931,0.9934,0.50,2.00
2007.11.15 02:04:54.529,0.9931,0.9934,0.50,2.00
2007.11.15 02:04:54.697,0.9931,0.9934,0.50,2.00
2007.11.15 02:04:54.864,0.9931,0.9934,0.50,2.00
2007.11.15 02:04:55.033,0.9931,0.9934,0.50,3.60
2007.11.15 02:04:55.200,0.9931,0.9934,1.20,3.60
2007.11.15 02:04:55.368,0.9931,0.9934,1.20,3.20
2007.11.15 02:04:55.542,0.9931,0.9934,1.20,1.60
2007.11.15 02:04:55.778,0.9931,0.9934,1.20,1.60
2007.11.15 02:04:56.120,0.9931,0.9934,1.20,1.60
2007.11.15 02:04:56.361,0.9931,0.9934,1.20,1.60
2007.11.15 02:04:56.510,0.9931,0.9935,1.20,3.80
2007.11.15 02:04:56.604,0.9931,0.9935,1.20,3.80
2007.11.15 02:04:56.782,0.9931,0.9935,1.20,3.80
2007.11.15 02:04:56.961,0.9931,0.9934,1.20,0.80
2007.11.15 02:04:57.139,0.9931,0.9935,1.20,4.60
2007.11.15 02:04:57.317,0.9931,0.9934,0.50,0.50
2007.11.15 02:04:57.494,0.9931,0.99345,0.50,4.50
2007.11.15 02:04:57.673,0.9931,0.9934,0.50,0.70
2007.11.15 02:04:57.876,0.9931,0.99345,0.50,4.90
2007.11.15 02:04:58.079,0.9931,0.99345,0.50,4.90
2007.11.15 02:04:58.284,0.9931,0.9934,0.50,0.80
2007.11.15 02:04:58.487,0.9931,0.99345,0.50,4.90
2007.11.15 02:04:58.690,0.9931,0.99345,0.50,4.90
2007.11.15 02:04:58.968,0.9931,0.9934,0.50,4.30
2007.11.15 02:04:59.245,0.9931,0.9934,0.50,4.30
2007.11.15 02:04:59.524,0.9931,0.9934,0.50,4.30
2007.11.15 02:04:59.632,0.9931,0.9933,0.50,0.50
2007.11.15 02:04:59.739,0.9931,0.9933,0.50,0.50
2007.11.15 02:04:59.847,0.9931,0.9933,0.50,0.50
2007.11.15 02:04:59.955,0.9931,0.9934,0.50,4.30
2007.11.15 02:05:00.063,0.9931,0.9934,0.50,4.30
2007.11.15 02:05:00.171,0.9931,0.9933,0.50,0.50
2007.11.15 02:05:00.279,0.9931,0.9933,0.50,0.50
2007.11.15 02:05:00.387,0.9931,0.9933,0.50,0.50
2007.11.15 02:05:00.496,0.9931,0.9933,0.50,0.50
2007.11.15 02:05:00.604,0.9931,0.9934,0.50,4.30
2007.11.15 02:05:00.913,0.9931,0.9934,1.20,0.90
2007.11.15 02:05:01.221,0.9931,0.9934,1.20,0.80
2007.11.15 02:05:01.530,0.9931,0.9935,1.20,3.80
2007.11.15 02:05:01.838,0.9931,0.9935,1.20,3.80
2007.11.15 02:05:02.010,0.9931,0.9935,1.20,3.80
2007.11.15 02:05:02.275,0.9931,0.9935,1.20,3.80
2007.11.15 02:05:02.448,0.9931,0.9935,1.20,3.80
2007.11.15 02:05:02.620,0.9931,0.9934,1.20,0.80
2007.11.15 02:05:02.733,0.9931,0.9934,1.20,0.50
2007.11.15 02:05:02.846,0.9931,0.9934,1.20,0.80
2007.11.15 02:05:02.959,0.9931,0.9934,1.20,0.60
2007.11.15 02:05:03.072,0.9931,0.9934,1.20,0.50
2007.11.15 02:05:03.186,0.9931,0.9935,1.20,3.80
2007.11.15 02:05:03.298,0.9931,0.9934,1.20,0.70
2007.11.15 02:05:03.412,0.9931,0.9935,1.20,6.30
2007.11.15 02:05:03.524,0.9931,0.9934,1.20,0.90
2007.11.15 02:05:03.638,0.9931,0.9934,0.50,0.60
2007.11.15 02:05:03.972,0.9931,0.99345,0.50,4.40
2007.11.15 02:05:04.306,0.9931,0.9935,1.20,14.30
2007.11.15 02:05:04.639,0.9931,0.9935,1.20,14.30
2007.11.15 02:05:04.787,0.9931,0.9934,1.20,0.80
2007.11.15 02:05:04.934,0.9931,0.9935,1.20,14.30
2007.11.15 02:05:05.082,0.9931,0.9935,1.20,14.30
2007.11.15 02:05:05.229,0.9931,0.9935,1.20,14.30
2007.11.15 02:05:05.377,0.9931,0.9934,1.20,0.70
2007.11.15 02:05:05.524,0.9931,0.99345,1.20,5.60
2007.11.15 02:05:05.673,0.9931,0.99345,0.50,6.40
2007.11.15 02:05:05.935,0.993,0.9934,1.20,0.90
2007.11.15 02:05:06.198,0.993,0.99345,1.20,13.30
2007.11.15 02:05:06.461,0.993,0.9934,1.20,0.90
2007.11.15 02:05:06.725,0.993,0.9934,1.20,0.50
2007.11.15 02:05:06.933,0.9931,0.9933,0.50,0.90
2007.11.15 02:05:07.141,0.9931,0.9934,0.50,7.10
2007.11.15 02:05:07.348,0.9931,0.9934,0.50,7.10
2007.11.15 02:05:07.557,0.9931,0.9933,0.50,0.80
2007.11.15 02:05:07.765,0.9931,0.9934,0.50,7.10
2007.11.15 02:05:07.972,0.9931,0.9934,0.50,7.10
2007.11.15 02:05:08.165,0.9931,0.9933,0.50,0.70
2007.11.15 02:05:08.444,0.9931,0.9933,0.50,0.90
2007.11.15 02:05:08.637,0.9931,0.9934,0.50,7.10
2007.11.15 02:05:08.837,0.9931,0.9934,0.50,7.10
2007.11.15 02:05:09.073,0.9931,0.9933,0.50,0.70
2007.11.15 02:05:09.311,0.9931,0.9934,0.50,7.10
2007.11.15 02:05:09.556,0.9931,0.9933,0.50,0.70
2007.11.15 02:05:09.788,0.9931,0.9934,0.50,7.10
2007.11.15 02:05:10.025,0.9931,0.9934,0.50,7.10
2007.11.15 02:05:10.193,0.9931,0.99335,0.50,2.40
2007.11.15 02:05:10.362,0.993,0.99335,0.50,3.20
2007.11.15 02:05:10.536,0.993,0.9933,0.50,0.80
2007.11.15 02:05:10.698,0.9929,0.9933,3.60,0.60
2007.11.15 02:05:10.866,0.9929,0.9933,3.60,0.70
2007.11.15 02:05:11.134,0.9929,0.9933,3.60,0.70
2007.11.15 02:05:11.406,0.9929,0.9933,2.40,14.40
2007.11.15 02:05:11.674,0.9929,0.9932,2.40,0.70
2007.11.15 02:05:11.948,0.9929,0.9932,2.40,0.80
2007.11.15 02:05:12.150,0.9929,0.99325,2.40,3.30
2007.11.15 02:05:12.354,0.9929,0.9932,2.40,2.30
2007.11.15 02:05:12.564,0.9929,0.9931,2.40,0.90
2007.11.15 02:05:12.768,0.9929,0.9932,2.40,2.30
2007.11.15 02:05:12.971,0.9929,0.9931,2.40,0.90
2007.11.15 02:05:13.166,0.9929,0.9932,2.40,2.30
2007.11.15 02:05:13.353,0.9929,0.9931,0.80,0.60
2007.11.15 02:05:13.541,0.9929,0.9932,0.80,0.60
2007.11.15 02:05:13.731,0.9929,0.9932,0.80,0.80
2007.11.15 02:05:13.919,0.9929,0.9933,0.80,6.90
2007.11.15 02:05:14.108,0.9929,0.9933,0.80,6.90
2007.11.15 02:05:14.441,0.993,0.9934,0.80,12.00
2007.11.15 02:05:14.775,0.993,0.9933,0.80,0.60
2007.11.15 02:05:15.108,0.993,0.9933,0.80,0.60
2007.11.15 02:05:15.311,0.993,0.9934,1.20,6.00
2007.11.15 02:05:15.519,0.993,0.9934,1.20,6.00
2007.11.15 02:05:15.723,0.993,0.9933,1.20,0.50
2007.11.15 02:05:15.927,0.9931,0.9933,0.50,0.80
2007.11.15 02:05:16.129,0.9931,0.9934,0.50,2.80
2007.11.15 02:05:16.389,0.9931,0.9934,0.50,2.80
2007.11.15 02:05:16.646,0.9931,0.9934,0.50,2.80
2007.11.15 02:05:16.904,0.9931,0.9934,0.50,2.80
2007.11.15 02:05:17.162,0.9931,0.9934,0.50,2.80
2007.11.15 02:05:17.335,0.9931,0.9934,0.50,2.80
2007.11.15 02:05:17.507,0.9931,0.9934,0.50,2.80
2007.11.15 02:05:17.679,0.9931,0.9934,0.50,2.80
2007.11.15 02:05:17.852,0.9931,0.9933,0.50,0.50
2007.11.15 02:05:18.026,0.9931,0.9933,0.50,0.50
2007.11.15 02:05:18.199,0.9931,0.9933,0.50,0.50
2007.11.15 02:05:18.423,0.993,0.99335,0.50,1.30
2007.11.15 02:05:18.645,0.993,0.99335,0.50,1.30
2007.11.15 02:05:18.867,0.993,0.99335,0.50,1.30
2007.11.15 02:05:19.091,0.993,0.99335,0.50,1.30
2007.11.15 02:05:19.313,0.993,0.9933,0.50,0.50
2007.11.15 02:05:19.576,0.993,0.99335,0.50,1.30
2007.11.15 02:05:19.839,0.993,0.99335,0.50,1.30
2007.11.15 02:05:20.101,0.993,0.9933,0.50,0.50
2007.11.15 02:05:20.364,0.993,0.9933,0.50,0.50
2007.11.15 02:05:20.517,0.993,0.99335,0.50,2.80
2007.11.15 02:05:20.762,0.993,0.99335,0.50,2.80
2007.11.15 02:05:20.917,0.993,0.99335,0.50,2.80
2007.11.15 02:05:21.070,0.993,0.99335,0.50,2.80
2007.11.15 02:05:21.228,0.993,0.99335,0.50,2.80
2007.11.15 02:05:21.422,0.993,0.99335,0.50,2.80
2007.11.15 02:05:21.614,0.993,0.9933,0.50,0.90
2007.11.15 02:05:21.807,0.993,0.99335,0.50,2.80
2007.11.15 02:05:22.001,0.993,0.99335,0.50,2.80
2007.11.15 02:05:22.194,0.993,0.99335,0.50,2.80
2007.11.15 02:05:22.393,0.993,0.9933,0.50,0.80
2007.11.15 02:05:22.602,0.993,0.9933,0.50,0.60
2007.11.15 02:05:22.810,0.993,0.9933,0.50,0.90
2007.11.15 02:05:23.018,0.993,0.9933,0.50,0.80
2007.11.15 02:05:23.227,0.993,0.9933,0.50,0.60
2007.11.15 02:05:23.434,0.993,0.9933,0.50,0.50
2007.11.15 02:05:23.607,0.993,0.99335,0.50,2.80
2007.11.15 02:05:23.781,0.993,0.99335,0.50,2.80
2007.11.15 02:05:23.953,0.993,0.99335,0.50,2.80
2007.11.15 02:05:24.126,0.993,0.99335,0.50,2.80
2007.11.15 02:05:24.299,0.993,0.9933,0.50,0.50
2007.11.15 02:05:24.472,0.993,0.99335,0.50,2.80
2007.11.15 02:05:24.775,0.993,0.9933,0.50,0.90
2007.11.15 02:05:25.078,0.993,0.9933,0.50,0.90
2007.11.15 02:05:25.382,0.993,0.9933,0.50,2.50
2007.11.15 02:05:25.685,0.993,0.9933,0.50,2.50
2007.11.15 02:05:25.856,0.993,0.9932,0.50,0.50
2007.11.15 02:05:26.031,0.993,0.9932,0.50,0.50
2007.11.15 02:05:26.204,0.993,0.9932,0.50,0.50
2007.11.15 02:05:26.377,0.993,0.9932,0.50,0.50
2007.11.15 02:05:26.548,0.993,0.9932,0.50,0.50
2007.11.15 02:05:26.722,0.993,0.9932,0.50,0.50
2007.11.15 02:05:26.923,0.993,0.9932,0.50,0.50
2007.11.15 02:05:27.097,0.993,0.9932,0.50,0.50
2007.11.15 02:05:27.271,0.993,0.9932,0.50,0.50
2007.11.15 02:05:27.443,0.993,0.9932,0.50,0.50
2007.11.15 02:05:27.615,0.993,0.9932,0.50,0.50
2007.11.15 02:05:27.757,0.993,0.9932,0.50,0.50
2007.11.15 02:05:27.901,0.993,0.9932,0.50,0.50
2007.11.15 02:05:28.043,0.993,0.9932,0.50,0.50
2007.11.15 02:05:28.186,0.993,0.9932,0.50,0.50
2007.11.15 02:05:28.329,0.993,0.9933,1.20,1.60
2007.11.15 02:05:28.472,0.993,0.9933,1.20,1.60
2007.11.15 02:05:28.614,0.993,0.9933,1.20,1.60
2007.11.15 02:05:28.922,0.993,0.9933,1.20,1.60
2007.11.15 02:05:29.229,0.993,0.9933,1.20,1.60
2007.11.15 02:05:29.538,0.993,0.9933,1.20,1.60
2007.11.15 02:05:29.845,0.993,0.9933,0.50,2.00
2007.11.15 02:05:29.963,0.993,0.9933,0.50,2.00
2007.11.15 02:05:30.080,0.993,0.9933,0.50,2.00
2007.11.15 02:05:30.198,0.993,0.9933,0.50,2.00
2007.11.15 02:05:30.316,0.993,0.9933,0.50,2.00
2007.11.15 02:05:30.434,0.993,0.9933,0.50,2.00
2007.11.15 02:05:30.551,0.993,0.9933,0.50,2.00
2007.11.15 02:05:30.669,0.993,0.9933,0.50,2.00
2007.11.15 02:05:30.786,0.993,0.9933,0.50,2.00
2007.11.15 02:05:31.004,0.993,0.9933,0.50,2.00
2007.11.15 02:05:31.222,0.993,0.9933,0.50,2.00
2007.11.15 02:05:31.440,0.993,0.9933,0.50,2.00
2007.11.15 02:05:31.657,0.993,0.9933,0.50,2.00
2007.11.15 02:05:31.875,0.993,0.9933,0.50,2.00
2007.11.15 02:05:32.028,0.993,0.9933,0.50,2.00
2007.11.15 02:05:32.186,0.993,0.9933,0.50,2.00
2007.11.15 02:05:32.339,0.993,0.9933,0.50,2.00
2007.11.15 02:05:32.493,0.993,0.9933,0.50,2.00
2007.11.15 02:05:32.645,0.993,0.9933,0.50,2.00
2007.11.15 02:05:32.799,0.993,0.9932,0.50,0.50
2007.11.15 02:05:33.083,0.993,0.9932,0.50,0.50
2007.11.15 02:05:33.275,0.993,0.9932,0.50,0.50
2007.11.15 02:05:33.468,0.993,0.9932,0.50,0.50
2007.11.15 02:05:33.661,0.993,0.9932,0.50,0.50
2007.11.15 02:05:33.854,0.993,0.9932,0.50,0.50
2007.11.15 02:05:34.052,0.993,0.9932,0.50,0.50
2007.11.15 02:05:34.326,0.993,0.9932,0.50,0.50
2007.11.15 02:05:34.599,0.993,0.9932,0.50,0.50
2007.11.15 02:05:34.872,0.993,0.9932,0.50,0.50
2007.11.15 02:05:35.145,0.993,0.9932,0.50,0.50
2007.11.15 02:05:35.249,0.993,0.9932,0.50,0.50
2007.11.15 02:05:35.351,0.993,0.9932,0.50,0.50
2007.11.15 02:05:35.454,0.993,0.9932,0.50,0.50
2007.11.15 02:05:35.557,0.993,0.9932,0.50,0.50
2007.11.15 02:05:35.659,0.993,0.9932,0.50,0.50
2007.11.15 02:05:35.762,0.993,0.9932,0.50,0.50
2007.11.15 02:05:35.865,0.993,0.9932,0.50,0.50
2007.11.15 02:05:35.969,0.993,0.9932,0.50,0.50
2007.11.15 02:05:36.211,0.993,0.9932,0.50,0.50
2007.11.15 02:05:36.454,0.993,0.9932,0.50,0.50
2007.11.15 02:05:36.697,0.993,0.9932,0.50,0.50
2007.11.15 02:05:36.940,0.993,0.9932,0.50,0.50
2007.11.15 02:05:37.182,0.993,0.9932,0.50,0.50
2007.11.15 02:05:37.294,0.993,0.9932,0.50,0.50
2007.11.15 02:05:37.407,0.993,0.9932,0.50,0.50
2007.11.15 02:05:37.519,0.993,0.9932,0.50,0.50
2007.11.15 02:05:37.632,0.993,0.9932,0.50,0.50
2007.11.15 02:05:37.745,0.993,0.9932,0.50,0.50
2007.11.15 02:05:37.858,0.993,0.9932,0.50,0.50
2007.11.15 02:05:37.972,0.993,0.9932,0.50,0.50
2007.11.15 02:05:38.204,0.993,0.9932,0.50,0.50
2007.11.15 02:05:38.439,0.993,0.9932,0.50,0.50
2007.11.15 02:05:38.673,0.993,0.9932,0.50,0.50
2007.11.15 02:05:38.905,0.993,0.9932,0.50,0.50
2007.11.15 02:05:39.240,0.993,0.9932,0.50,0.50
2007.11.15 02:05:39.462,0.993,0.9932,0.50,0.50
2007.11.15 02:05:39.685,0.993,0.9932,0.50,0.50
2007.11.15 02:05:39.908,0.993,0.9932,0.50,0.50
2007.11.15 02:05:40.131,0.993,0.9932,0.50,0.50
2007.11.15 02:05:40.229,0.993,0.9932,0.50,0.50
2007.11.15 02:05:40.326,0.993,0.9932,0.50,0.50
2007.11.15 02:05:40.424,0.993,0.9932,0.50,0.50
2007.11.15 02:05:40.522,0.993,0.9932,0.50,0.50
2007.11.15 02:05:40.620,0.993,0.9932,0.50,0.50
2007.11.15 02:05:40.723,0.993,0.9932,0.50,0.50
2007.11.15 02:05:40.816,0.993,0.9932,0.50,0.50
2007.11.15 02:05:40.914,0.993,0.9932,0.50,0.50
2007.11.15 02:05:41.012,0.993,0.9932,0.50,0.50
2007.11.15 02:05:41.110,0.993,0.9932,0.50,0.50
2007.11.15 02:05:41.208,0.993,0.9932,0.50,0.50
2007.11.15 02:05:41.470,0.993,0.9932,0.50,0.50
2007.11.15 02:05:41.733,0.993,0.9932,0.50,0.50
2007.11.15 02:05:41.995,0.993,0.9932,0.50,0.50
2007.11.15 02:05:42.258,0.993,0.9932,0.50,0.50
2007.11.15 02:05:42.521,0.993,0.9932,0.50,0.50
2007.11.15 02:05:42.624,0.993,0.9932,0.50,0.50
2007.11.15 02:05:42.726,0.993,0.9932,0.50,0.50
2007.11.15 02:05:42.834,0.993,0.9932,0.50,0.50
2007.11.15 02:05:42.932,0.993,0.9932,0.50,0.50
2007.11.15 02:05:43.034,0.993,0.9932,0.50,0.50
2007.11.15 02:05:43.136,0.993,0.9932,0.50,0.50
2007.11.15 02:05:43.239,0.993,0.9932,0.50,0.50
2007.11.15 02:05:43.341,0.993,0.9932,0.50,0.50
2007.11.15 02:05:43.593,0.993,0.9932,0.50,0.50
2007.11.15 02:05:43.846,0.993,0.9932,0.50,0.50
2007.11.15 02:05:44.098,0.993,0.9932,0.50,0.50
2007.11.15 02:05:44.351,0.993,0.9932,0.50,0.50
2007.11.15 02:05:44.560,0.993,0.9932,0.50,0.50
2007.11.15 02:05:44.767,0.993,0.9932,0.50,0.50
2007.11.15 02:05:44.979,0.993,0.9932,0.50,0.50
2007.11.15 02:05:45.186,0.993,0.9932,0.50,0.50
2007.11.15 02:05:45.402,0.993,0.9932,0.50,0.50
2007.11.15 02:05:45.516,0.993,0.9932,0.50,0.50
2007.11.15 02:05:45.629,0.993,0.9932,0.50,0.50
2007.11.15 02:05:45.742,0.993,0.9932,0.50,0.50
2007.11.15 02:05:45.856,0.993,0.9932,0.50,0.50
2007.11.15 02:05:45.969,0.993,0.9932,0.50,0.50
2007.11.15 02:05:46.081,0.993,0.9932,0.50,0.50
2007.11.15 02:05:46.196,0.993,0.9932,0.50,0.50
2007.11.15 02:05:46.315,0.993,0.9932,0.50,0.50
2007.11.15 02:05:46.428,0.993,0.9932,0.50,0.50
2007.11.15 02:05:46.712,0.993,0.9932,0.50,0.50
2007.11.15 02:05:46.995,0.993,0.9932,0.50,0.50
2007.11.15 02:05:47.278,0.993,0.9933,0.50,2.00
2007.11.15 02:05:47.560,0.993,0.9933,0.50,2.00
2007.11.15 02:05:47.659,0.993,0.9933,0.50,2.00
2007.11.15 02:05:47.757,0.993,0.9933,0.50,2.00
2007.11.15 02:05:47.855,0.993,0.9933,0.50,2.00
2007.11.15 02:05:47.952,0.993,0.9933,0.50,2.00
2007.11.15 02:05:48.050,0.993,0.9933,0.50,2.00
2007.11.15 02:05:48.148,0.993,0.9933,0.50,2.00
2007.11.15 02:05:48.246,0.993,0.9933,0.50,2.00
2007.11.15 02:05:48.344,0.993,0.9933,0.50,2.00
2007.11.15 02:05:48.447,0.993,0.9933,0.50,2.00
2007.11.15 02:05:48.544,0.993,0.9933,0.50,2.00
2007.11.15 02:05:48.643,0.993,0.9933,0.50,2.00
2007.11.15 02:05:48.891,0.993,0.9933,0.50,2.00
2007.11.15 02:05:49.138,0.993,0.9933,0.50,2.00
2007.11.15 02:05:49.386,0.993,0.9933,0.50,2.00
2007.11.15 02:05:49.634,0.993,0.9933,0.50,2.00
2007.11.15 02:05:49.866,0.993,0.9933,0.50,2.00
2007.11.15 02:05:50.098,0.993,0.9933,0.50,2.00
2007.11.15 02:05:50.332,0.993,0.9933,0.50,2.00
2007.11.15 02:05:50.564,0.993,0.9933,0.50,2.00
2007.11.15 02:05:50.797,0.993,0.9933,0.50,2.00
2007.11.15 02:05:50.940,0.993,0.9933,0.50,2.00
2007.11.15 02:05:51.082,0.993,0.9933,0.50,2.00
2007.11.15 02:05:51.225,0.993,0.9933,0.50,2.00
2007.11.15 02:05:51.368,0.993,0.9933,0.50,2.00
2007.11.15 02:05:51.561,0.993,0.9933,0.50,2.00
2007.11.15 02:05:51.704,0.993,0.9933,0.50,2.00
2007.11.15 02:05:51.868,0.993,0.9933,0.50,2.00
2007.11.15 02:05:52.030,0.993,0.9933,0.50,2.00
2007.11.15 02:05:52.193,0.993,0.9933,0.50,2.00
2007.11.15 02:05:52.356,0.993,0.9933,0.50,2.00
2007.11.15 02:05:52.520,0.993,0.9933,0.50,2.00
2007.11.15 02:05:52.682,0.993,0.9933,0.50,2.00
2007.11.15 02:05:52.846,0.993,0.9933,0.50,2.00
2007.11.15 02:05:53.011,0.993,0.9933,0.50,2.00
2007.11.15 02:05:53.175,0.993,0.9932,0.50,0.50
2007.11.15 02:05:53.338,0.993,0.9932,0.50,0.50
2007.11.15 02:05:53.501,0.993,0.9932,0.50,0.50
2007.11.15 02:05:53.665,0.993,0.9932,0.50,0.50
2007.11.15 02:05:53.827,0.993,0.9932,0.50,0.50
2007.11.15 02:05:54.145,0.993,0.9932,0.50,0.50
2007.11.15 02:05:54.462,0.993,0.9932,0.50,0.50
2007.11.15 02:05:54.780,0.993,0.9932,0.50,0.50
2007.11.15 02:05:55.098,0.993,0.9932,0.50,0.50
2007.11.15 02:05:55.206,0.993,0.9932,0.50,0.50
2007.11.15 02:05:55.313,0.993,0.9932,0.50,0.50
2007.11.15 02:05:55.422,0.993,0.9932,0.50,0.50
2007.11.15 02:05:55.529,0.993,0.9932,0.50,0.50
2007.11.15 02:05:55.636,0.993,0.9932,0.50,0.50
2007.11.15 02:05:55.743,0.993,0.9932,0.50,0.50
2007.11.15 02:05:55.851,0.993,0.9932,0.50,0.50
2007.11.15 02:05:55.959,0.993,0.9932,0.50,0.50
2007.11.15 02:05:56.181,0.993,0.9932,0.50,0.50
2007.11.15 02:05:56.405,0.993,0.9932,0.50,0.50
2007.11.15 02:05:56.628,0.993,0.9932,0.50,0.50
2007.11.15 02:05:56.851,0.993,0.9932,0.50,0.50
2007.11.15 02:05:57.073,0.993,0.9932,0.50,0.50
2007.11.15 02:05:57.296,0.993,0.9932,0.50,0.50
2007.11.15 02:05:57.409,0.993,0.9932,0.50,0.50
2007.11.15 02:05:57.521,0.993,0.9932,0.50,0.50
2007.11.15 02:05:57.730,0.993,0.9932,1.20,0.50
2007.11.15 02:05:57.844,0.9931,0.9933,0.50,2.20
2007.11.15 02:05:57.966,0.9931,0.9933,0.50,2.00
2007.11.15 02:05:58.071,0.9931,0.9933,0.50,2.00
2007.11.15 02:05:58.185,0.9931,0.9933,0.50,2.00
2007.11.15 02:05:58.481,0.9931,0.9933,0.50,0.50
2007.11.15 02:05:58.762,0.9931,0.9933,0.50,0.50
2007.11.15 02:05:59.049,0.9931,0.9933,0.50,0.50
2007.11.15 02:05:59.337,0.9931,0.9933,0.50,0.50
2007.11.15 02:05:59.570,0.9931,0.9933,0.50,0.50
2007.11.15 02:05:59.803,0.9931,0.9933,0.50,0.50
2007.11.15 02:05:59.836,0.9931,0.9933,0.50,0.50
2007.11.15 02:06:00.036,0.993,0.9933,4.10,0.50
2007.11.15 02:06:00.272,0.993,0.9933,4.10,0.50
2007.11.15 02:06:00.374,0.993,0.9933,4.10,0.50
2007.11.15 02:06:00.477,0.993,0.9933,4.10,0.50
2007.11.15 02:06:00.581,0.9931,0.9933,0.50,0.50
2007.11.15 02:06:00.684,0.993,0.9933,4.10,0.50
2007.11.15 02:06:00.787,0.993,0.9933,4.10,0.50
2007.11.15 02:06:00.890,0.9931,0.9933,0.50,0.50
2007.11.15 02:06:00.992,0.9931,0.9933,0.50,0.50
2007.11.15 02:06:01.096,0.9931,0.9933,0.50,0.50
2007.11.15 02:06:01.198,0.9931,0.9933,0.50,0.50
2007.11.15 02:06:01.302,0.9931,0.9933,0.50,0.50
2007.11.15 02:06:01.549,0.9931,0.9933,0.50,0.50
2007.11.15 02:06:01.798,0.9931,0.9933,0.50,0.50
2007.11.15 02:06:02.046,0.9931,0.9933,0.50,0.50
2007.11.15 02:06:02.293,0.9931,0.9933,0.50,0.50
2007.11.15 02:06:02.417,0.9931,0.9933,0.50,0.50
2007.11.15 02:06:02.540,0.9931,0.9933,0.50,0.50
2007.11.15 02:06:02.663,0.9931,0.9933,0.50,0.50
2007.11.15 02:06:02.786,0.9931,0.9933,0.50,0.50
2007.11.15 02:06:02.909,0.9931,0.9933,0.50,0.50
2007.11.15 02:06:03.032,0.9931,0.9933,0.50,0.50
2007.11.15 02:06:03.156,0.9931,0.9933,0.50,0.50
2007.11.15 02:06:03.277,0.9931,0.9933,0.50,0.50
2007.11.15 02:06:03.401,0.9931,0.9933,0.50,0.50
2007.11.15 02:06:03.583,0.9931,0.9933,0.50,0.50
2007.11.15 02:06:03.887,0.9931,0.9933,0.50,0.50
2007.11.15 02:06:04.069,0.9931,0.9933,0.50,0.50
2007.11.15 02:06:04.251,0.9931,0.9933,0.50,0.50
2007.11.15 02:06:04.435,0.9931,0.9933,0.50,0.50
2007.11.15 02:06:04.707,0.9931,0.9933,0.50,0.50
2007.11.15 02:06:04.980,0.9931,0.9933,0.50,0.50
2007.11.15 02:06:05.258,0.9931,0.9933,0.50,0.50
2007.11.15 02:06:05.526,0.9931,0.9933,0.50,0.50
2007.11.15 02:06:05.638,0.9931,0.9933,0.50,0.50
2007.11.15 02:06:05.751,0.9931,0.9933,0.50,0.50
2007.11.15 02:06:05.863,0.9931,0.9933,0.50,0.50
2007.11.15 02:06:05.976,0.9931,0.9933,0.50,0.50
2007.11.15 02:06:06.088,0.9931,0.9933,0.50,0.50
2007.11.15 02:06:06.201,0.9931,0.9933,0.50,0.50
2007.11.15 02:06:06.313,0.9931,0.9933,0.50,0.50
2007.11.15 02:06:06.427,0.9931,0.9933,0.50,0.50
2007.11.15 02:06:06.540,0.9931,0.9933,0.50,0.50
2007.11.15 02:06:06.752,0.9931,0.9933,0.50,0.50
2007.11.15 02:06:06.964,0.9931,0.9933,0.50,0.50
2007.11.15 02:06:07.177,0.9931,0.9933,0.50,0.50
2007.11.15 02:06:07.390,0.9931,0.9933,0.50,0.50
2007.11.15 02:06:07.602,0.9931,0.9933,0.50,0.50
2007.11.15 02:06:07.735,0.9931,0.9933,0.50,0.50
2007.11.15 02:06:07.868,0.9931,0.9933,0.50,0.50
2007.11.15 02:06:08.000,0.9931,0.9933,0.50,0.50
2007.11.15 02:06:08.133,0.9931,0.9933,0.50,0.50
2007.11.15 02:06:08.265,0.9931,0.9933,0.50,0.50
2007.11.15 02:06:08.397,0.9931,0.9933,0.50,0.50
2007.11.15 02:06:08.530,0.9931,0.9933,0.50,0.50
2007.11.15 02:06:08.713,0.9931,0.9933,0.50,0.50
2007.11.15 02:06:08.895,0.9931,0.9933,0.50,0.50
2007.11.15 02:06:09.078,0.9931,0.9933,0.50,0.50
2007.11.15 02:06:09.261,0.9931,0.9933,0.50,0.50
2007.11.15 02:06:09.444,0.9931,0.9933,2.80,0.50
2007.11.15 02:06:09.627,0.9931,0.9933,2.80,0.50
2007.11.15 02:06:09.881,0.9932,0.9934,0.50,2.00
2007.11.15 02:06:10.134,0.9932,0.9934,0.50,2.00
2007.11.15 02:06:10.386,0.9932,0.9934,0.50,2.00
2007.11.15 02:06:10.640,0.9932,0.9934,0.50,2.00
2007.11.15 02:06:10.771,0.9931,0.9934,1.60,2.00
2007.11.15 02:06:10.893,0.9931,0.9934,1.20,0.50
2007.11.15 02:06:11.016,0.9931,0.9934,1.20,0.50
2007.11.15 02:06:11.139,0.9931,0.9934,1.20,0.50
2007.11.15 02:06:11.262,0.9931,0.9933,0.50,0.50
2007.11.15 02:06:11.386,0.9931,0.9933,0.50,0.50
2007.11.15 02:06:11.509,0.9931,0.9933,0.50,0.50
2007.11.15 02:06:11.631,0.9931,0.9933,0.50,0.50
2007.11.15 02:06:11.904,0.9931,0.9933,0.50,0.50
2007.11.15 02:06:12.177,0.9931,0.9933,1.20,0.50
2007.11.15 02:06:12.449,0.9931,0.9934,1.20,2.00
2007.11.15 02:06:12.722,0.9931,0.9934,1.20,4.40
2007.11.15 02:06:12.871,0.9931,0.9934,1.20,4.40
2007.11.15 02:06:13.018,0.9931,0.9934,1.20,4.40
2007.11.15 02:06:13.166,0.9931,0.9934,1.20,4.40
2007.11.15 02:06:13.313,0.9931,0.9933,1.20,2.00
2007.11.15 02:06:13.461,0.9931,0.9933,0.50,2.00
2007.11.15 02:06:13.610,0.9931,0.9933,0.50,2.00
2007.11.15 02:06:13.765,0.9931,0.9933,0.50,2.00
2007.11.15 02:06:14.018,0.9931,0.9933,0.50,2.00
2007.11.15 02:06:14.271,0.9931,0.9933,1.20,1.60
2007.11.15 02:06:14.525,0.9931,0.9933,1.20,1.60
2007.11.15 02:06:14.777,0.9931,0.9933,1.20,1.60
2007.11.15 02:06:15.016,0.9931,0.9933,1.20,1.60
2007.11.15 02:06:15.253,0.9931,0.9933,1.20,1.60
2007.11.15 02:06:15.491,0.9931,0.9933,1.20,1.60
2007.11.15 02:06:15.729,0.9931,0.9933,1.20,1.60
2007.11.15 02:06:15.841,0.9931,0.9933,1.20,1.60
2007.11.15 02:06:15.954,0.9931,0.9933,1.20,1.60
2007.11.15 02:06:16.226,0.9931,0.9933,1.20,1.60
2007.11.15 02:06:16.339,0.9931,0.9933,1.20,1.60
2007.11.15 02:06:16.452,0.9931,0.9933,1.20,1.60
2007.11.15 02:06:16.565,0.9931,0.9933,1.20,1.60
2007.11.15 02:06:16.677,0.9931,0.9933,1.20,1.60
2007.11.15 02:06:16.791,0.9931,0.9933,1.20,1.60
2007.11.15 02:06:16.998,0.9931,0.9933,1.20,1.60
2007.11.15 02:06:17.205,0.9931,0.9933,1.20,1.60
2007.11.15 02:06:17.418,0.9931,0.9933,1.20,1.60
2007.11.15 02:06:17.626,0.9931,0.9933,1.20,1.60
2007.11.15 02:06:17.833,0.9931,0.9933,1.20,1.60
2007.11.15 02:06:18.001,0.9931,0.9933,1.20,1.60
2007.11.15 02:06:18.168,0.9931,0.9934,1.20,2.00
2007.11.15 02:06:18.336,0.9931,0.9934,1.20,2.00
2007.11.15 02:06:18.504,0.9931,0.9934,1.20,2.00
2007.11.15 02:06:18.671,0.9932,0.9934,0.50,2.00
2007.11.15 02:06:18.840,0.9932,0.9934,0.50,2.00
2007.11.15 02:06:19.150,0.9932,0.9934,0.50,2.00
2007.11.15 02:06:19.447,0.9932,0.9934,0.50,2.00
2007.11.15 02:06:19.750,0.9932,0.9934,0.50,2.00
2007.11.15 02:06:20.053,0.9932,0.9934,0.50,1.60
2007.11.15 02:06:20.325,0.9932,0.9935,0.50,6.00
2007.11.15 02:06:20.598,0.9932,0.9935,0.50,6.00
2007.11.15 02:06:20.878,0.9933,0.9935,0.50,2.00
2007.11.15 02:06:21.030,0.9933,0.9935,0.50,2.00
2007.11.15 02:06:21.188,0.9933,0.9935,0.50,2.00
2007.11.15 02:06:21.345,0.9933,0.9935,0.50,2.00
2007.11.15 02:06:21.504,0.9933,0.9935,0.50,2.00
2007.11.15 02:06:21.661,0.9933,0.9935,0.50,2.00
2007.11.15 02:06:21.820,0.9933,0.9935,0.50,2.00
2007.11.15 02:06:21.978,0.9933,0.9935,0.50,2.00
2007.11.15 02:06:22.211,0.9933,0.9935,0.50,2.00
2007.11.15 02:06:22.443,0.9933,0.9935,0.50,2.00
2007.11.15 02:06:22.676,0.9933,0.9935,0.50,2.00
2007.11.15 02:06:22.908,0.9933,0.9935,0.50,2.00
2007.11.15 02:06:23.036,0.9933,0.9935,0.50,2.00
2007.11.15 02:06:23.169,0.9933,0.9935,0.50,2.00
2007.11.15 02:06:23.291,0.9933,0.9935,0.50,2.00
2007.11.15 02:06:23.418,0.9933,0.9935,0.50,2.00
2007.11.15 02:06:23.546,0.9933,0.9935,0.50,2.00
2007.11.15 02:06:23.674,0.9933,0.9935,0.50,2.00
2007.11.15 02:06:23.801,0.9933,0.9935,0.50,2.00
2007.11.15 02:06:23.928,0.9933,0.9935,0.50,2.00
2007.11.15 02:06:24.227,0.9933,0.9935,0.50,2.00
2007.11.15 02:06:24.524,0.9933,0.9935,0.50,2.00
2007.11.15 02:06:24.823,0.9933,0.9935,0.50,2.00
2007.11.15 02:06:25.121,0.9933,0.9935,0.50,2.00
2007.11.15 02:06:25.228,0.9933,0.9935,0.50,2.00
2007.11.15 02:06:25.338,0.9933,0.9935,0.50,2.00
2007.11.15 02:06:25.445,0.9933,0.9935,0.50,2.00
2007.11.15 02:06:25.552,0.9933,0.9935,0.50,2.00
2007.11.15 02:06:25.660,0.9933,0.9935,0.50,2.00
2007.11.15 02:06:25.769,0.9933,0.9935,0.50,2.00
2007.11.15 02:06:25.877,0.9933,0.9935,0.50,1.60
2007.11.15 02:06:25.984,0.9933,0.9935,0.50,1.60
2007.11.15 02:06:26.207,0.9933,0.9935,0.50,1.60
2007.11.15 02:06:26.431,0.9933,0.9935,0.50,2.00
2007.11.15 02:06:26.653,0.9933,0.9935,0.50,2.00
2007.11.15 02:06:26.875,0.9933,0.9935,0.50,2.00
2007.11.15 02:06:27.098,0.9933,0.9935,0.50,2.00
2007.11.15 02:06:27.240,0.9933,0.9935,0.50,2.00
2007.11.15 02:06:27.385,0.9932,0.9935,0.50,2.00
2007.11.15 02:06:27.528,0.9932,0.9935,0.50,2.00
2007.11.15 02:06:27.671,0.9932,0.9935,0.50,2.00
2007.11.15 02:06:27.813,0.9932,0.9935,0.50,2.00
2007.11.15 02:06:27.962,0.9932,0.9935,0.50,2.00
2007.11.15 02:06:28.098,0.9932,0.9935,0.50,2.00
2007.11.15 02:06:28.241,0.9932,0.9935,0.50,2.00
2007.11.15 02:06:28.560,0.9932,0.9935,0.50,2.00
2007.11.15 02:06:28.849,0.9932,0.9935,0.50,2.00
2007.11.15 02:06:29.136,0.9932,0.9935,0.50,2.00
2007.11.15 02:06:29.423,0.9932,0.9935,0.50,2.00
2007.11.15 02:06:29.630,0.9932,0.9935,0.50,2.00
2007.11.15 02:06:29.838,0.9932,0.9935,0.50,2.00
2007.11.15 02:06:30.045,0.9932,0.9935,0.50,2.00
2007.11.15 02:06:30.254,0.9932,0.9935,0.50,2.00
2007.11.15 02:06:30.371,0.9932,0.9935,0.50,2.00
2007.11.15 02:06:30.489,0.9932,0.9935,0.50,2.00
2007.11.15 02:06:30.607,0.9932,0.9935,0.50,2.00
2007.11.15 02:06:30.725,0.9932,0.9935,0.50,2.00
2007.11.15 02:06:30.842,0.9932,0.9935,0.50,2.00
2007.11.15 02:06:30.960,0.9932,0.9935,0.50,2.00
2007.11.15 02:06:31.078,0.9932,0.9935,0.50,2.00
2007.11.15 02:06:31.195,0.9932,0.9935,0.50,2.00
2007.11.15 02:06:31.313,0.9932,0.9935,0.50,2.00
2007.11.15 02:06:31.541,0.9932,0.9935,0.50,2.00
2007.11.15 02:06:31.770,0.9932,0.9935,0.50,2.00
2007.11.15 02:06:31.997,0.9932,0.9935,0.50,2.00
2007.11.15 02:06:32.225,0.9932,0.9935,0.50,2.00
2007.11.15 02:06:32.260,0.9932,0.9935,0.50,2.00
2007.11.15 02:06:32.453,0.9932,0.9935,0.50,2.00
2007.11.15 02:06:32.566,0.9931,0.9935,7.30,2.00
2007.11.15 02:06:32.679,0.9931,0.9935,7.30,2.00
2007.11.15 02:06:32.791,0.9931,0.9935,7.30,2.00
2007.11.15 02:06:32.904,0.9932,0.9935,0.50,2.00
2007.11.15 02:06:33.017,0.9931,0.9935,7.30,2.00
2007.11.15 02:06:33.129,0.9931,0.9935,7.30,2.00
2007.11.15 02:06:33.242,0.9932,0.9935,0.50,2.00
2007.11.15 02:06:33.355,0.9932,0.9935,0.50,2.00
2007.11.15 02:06:33.582,0.9932,0.9935,0.50,2.00
2007.11.15 02:06:33.810,0.9933,0.9935,0.50,2.00
2007.11.15 02:06:34.040,0.9933,0.9935,0.50,2.00
2007.11.15 02:06:34.270,0.9933,0.9935,0.50,2.00
2007.11.15 02:06:34.497,0.9933,0.9935,0.50,2.00
2007.11.15 02:06:34.745,0.9933,0.9935,0.50,2.00
2007.11.15 02:06:34.995,0.9933,0.9935,0.50,2.00
2007.11.15 02:06:35.242,0.9933,0.9935,0.50,2.00
2007.11.15 02:06:35.490,0.9933,0.9935,0.50,2.00
2007.11.15 02:06:35.604,0.9933,0.9935,0.50,2.00
2007.11.15 02:06:35.716,0.9933,0.9935,0.50,2.00
2007.11.15 02:06:35.828,0.9933,0.9935,0.50,2.00
2007.11.15 02:06:35.941,0.9933,0.9935,0.50,2.00
2007.11.15 02:06:36.060,0.9933,0.9935,0.50,2.00
2007.11.15 02:06:36.166,0.9933,0.9935,0.50,2.00
2007.11.15 02:06:36.279,0.9933,0.9935,0.50,2.00
2007.11.15 02:06:36.392,0.9933,0.9935,0.50,2.00
2007.11.15 02:06:36.505,0.9933,0.9935,0.50,2.00
2007.11.15 02:06:36.763,0.9933,0.9935,0.50,2.00
2007.11.15 02:06:37.022,0.9933,0.9935,0.50,2.00
2007.11.15 02:06:37.279,0.9933,0.9935,0.50,2.00
2007.11.15 02:06:37.537,0.9933,0.9935,0.50,2.00
2007.11.15 02:06:37.640,0.9933,0.9935,0.50,2.00
2007.11.15 02:06:37.743,0.9933,0.9935,0.50,2.00
2007.11.15 02:06:37.845,0.9933,0.9935,0.50,2.00
2007.11.15 02:06:37.948,0.9933,0.9935,0.50,2.00
2007.11.15 02:06:38.052,0.9933,0.9935,0.50,2.00
2007.11.15 02:06:38.155,0.9933,0.9935,0.50,2.00
2007.11.15 02:06:38.258,0.9933,0.9935,0.50,2.00
2007.11.15 02:06:38.361,0.9933,0.9935,0.50,2.00
2007.11.15 02:06:38.463,0.9933,0.9935,0.50,2.00
2007.11.15 02:06:38.566,0.9933,0.9935,0.50,2.00
2007.11.15 02:06:38.814,0.9933,0.9935,0.50,2.00
2007.11.15 02:06:39.062,0.9933,0.9935,0.50,2.00
2007.11.15 02:06:39.309,0.9933,0.9935,0.50,2.00
2007.11.15 02:06:39.557,0.9933,0.9935,0.50,2.00
2007.11.15 02:06:39.770,0.9933,0.9935,0.50,2.00
2007.11.15 02:06:39.983,0.9933,0.9935,0.50,2.00
2007.11.15 02:06:40.196,0.9933,0.9935,0.50,2.00
2007.11.15 02:06:40.409,0.9933,0.9935,0.50,2.00
2007.11.15 02:06:40.622,0.9933,0.9935,0.50,2.00
2007.11.15 02:06:40.888,0.9933,0.9935,0.50,2.00
2007.11.15 02:06:41.015,0.9933,0.9935,0.50,2.00
2007.11.15 02:06:41.144,0.9933,0.9935,0.50,2.00
2007.11.15 02:06:41.274,0.9933,0.9935,0.50,2.00
2007.11.15 02:06:41.402,0.9933,0.9935,0.50,2.00
2007.11.15 02:06:41.534,0.9933,0.9935,0.50,2.00
2007.11.15 02:06:41.662,0.9933,0.9935,0.50,2.00
2007.11.15 02:06:41.829,0.9933,0.9935,0.50,2.00
2007.11.15 02:06:41.997,0.9933,0.9935,0.50,2.00
2007.11.15 02:06:42.164,0.9933,0.9935,0.50,2.00
2007.11.15 02:06:42.332,0.9933,0.9935,0.50,2.00
2007.11.15 02:06:42.500,0.9933,0.9935,0.50,2.00
2007.11.15 02:06:42.668,0.9933,0.9935,0.50,2.00
2007.11.15 02:06:42.820,0.9933,0.9935,0.50,2.00
2007.11.15 02:06:42.972,0.9933,0.9935,0.50,2.00
2007.11.15 02:06:43.125,0.9933,0.9935,0.50,2.00
2007.11.15 02:06:43.278,0.9933,0.9935,0.50,2.00
2007.11.15 02:06:43.430,0.9933,0.9935,0.50,2.00
2007.11.15 02:06:43.583,0.9933,0.9935,0.50,2.00
2007.11.15 02:06:43.736,0.9933,0.9935,0.50,2.00
2007.11.15 02:06:43.898,0.9933,0.9935,0.50,2.00
2007.11.15 02:06:44.061,0.9933,0.9935,0.50,2.00
2007.11.15 02:06:44.224,0.9933,0.9935,0.50,2.00
2007.11.15 02:06:44.387,0.9933,0.9935,0.50,2.00
2007.11.15 02:06:44.550,0.9933,0.9935,0.50,2.00
2007.11.15 02:06:44.712,0.9933,0.9935,0.50,2.00
2007.11.15 02:06:44.971,0.9933,0.9935,0.50,2.00
2007.11.15 02:06:45.234,0.9933,0.9935,0.50,2.00
2007.11.15 02:06:45.487,0.9933,0.9935,0.50,2.00
2007.11.15 02:06:45.745,0.9933,0.9935,0.50,2.00
2007.11.15 02:06:45.873,0.9931,0.9935,17.20,2.00
2007.11.15 02:06:46.001,0.9931,0.9935,1.60,2.00
2007.11.15 02:06:46.129,0.99305,0.9935,6.80,2.00
2007.11.15 02:06:46.257,0.99305,0.9935,6.80,2.00
2007.11.15 02:06:46.386,0.99305,0.9935,6.80,2.00
2007.11.15 02:06:46.513,0.99305,0.9935,6.80,2.00
2007.11.15 02:06:46.640,0.99305,0.9935,6.80,2.00
2007.11.15 02:06:46.767,0.99305,0.9935,6.80,2.00
2007.11.15 02:06:47.059,0.99305,0.9935,6.80,2.00
2007.11.15 02:06:47.296,0.99305,0.9935,6.80,2.00
2007.11.15 02:06:47.535,0.993,0.9935,8.00,2.00
2007.11.15 02:06:47.772,0.993,0.9935,8.00,2.00
2007.11.15 02:06:48.011,0.99305,0.9935,6.80,2.00
2007.11.15 02:06:48.178,0.99305,0.9935,6.80,2.00
2007.11.15 02:06:48.346,0.99305,0.9935,6.80,2.00
2007.11.15 02:06:48.514,0.99305,0.9935,6.80,2.00
2007.11.15 02:06:48.682,0.99305,0.9935,6.80,2.00
2007.11.15 02:06:48.849,0.99305,0.9935,6.80,2.00
2007.11.15 02:06:49.032,0.99305,0.9935,6.80,2.00
2007.11.15 02:06:49.214,0.99305,0.9935,6.80,2.00
2007.11.15 02:06:49.397,0.99305,0.9935,6.80,2.00
2007.11.15 02:06:49.580,0.99305,0.9935,6.80,2.00
2007.11.15 02:06:49.763,0.99305,0.9935,6.80,2.00
2007.11.15 02:06:49.945,0.99305,0.9935,6.80,2.00
2007.11.15 02:06:50.178,0.99305,0.9935,6.80,2.00
2007.11.15 02:06:50.293,0.99305,0.9935,6.80,0.60
2007.11.15 02:06:50.411,0.99305,0.99355,6.80,2.80
2007.11.15 02:06:50.644,0.99305,0.9935,6.80,0.90
2007.11.15 02:06:50.877,0.99305,0.99355,6.80,2.80
2007.11.15 02:06:51.110,0.99305,0.99355,6.80,2.80
2007.11.15 02:06:51.243,0.993,0.9935,9.60,0.50
2007.11.15 02:06:51.376,0.993,0.9935,9.60,2.00
2007.11.15 02:06:51.509,0.993,0.9935,9.60,2.00
2007.11.15 02:06:51.641,0.993,0.9935,9.60,2.00
2007.11.15 02:06:51.774,0.993,0.9935,9.60,2.00
2007.11.15 02:06:51.907,0.993,0.9935,9.60,2.00
2007.11.15 02:06:52.114,0.993,0.9935,9.60,2.00
2007.11.15 02:06:52.321,0.993,0.9935,9.60,2.00
2007.11.15 02:06:52.530,0.993,0.9935,9.60,2.00
2007.11.15 02:06:52.738,0.993,0.9935,9.60,2.00
2007.11.15 02:06:52.946,0.993,0.9935,9.60,2.00
2007.11.15 02:06:53.218,0.993,0.9935,9.60,2.00
2007.11.15 02:06:53.347,0.993,0.9935,9.60,2.00
2007.11.15 02:06:53.475,0.993,0.9935,9.60,2.00
2007.11.15 02:06:53.603,0.993,0.9935,9.60,2.00
2007.11.15 02:06:53.730,0.993,0.9935,9.60,2.00
2007.11.15 02:06:53.863,0.993,0.9935,9.60,2.00
2007.11.15 02:06:53.991,0.993,0.9935,9.60,2.00
2007.11.15 02:06:54.163,0.993,0.9935,9.60,2.00
2007.11.15 02:06:54.335,0.993,0.9935,9.60,2.00
2007.11.15 02:06:54.509,0.993,0.9935,9.60,2.00
2007.11.15 02:06:54.682,0.9931,0.9935,0.80,2.00
2007.11.15 02:06:54.855,0.9931,0.9935,0.80,2.00
2007.11.15 02:06:55.028,0.9931,0.9935,0.80,2.00
2007.11.15 02:06:55.281,0.9931,0.9935,0.80,2.00
2007.11.15 02:06:55.534,0.9931,0.9935,0.80,2.00
2007.11.15 02:06:55.787,0.9931,0.9935,0.80,2.00
2007.11.15 02:06:56.044,0.9931,0.9935,0.80,2.00
2007.11.15 02:06:56.166,0.9931,0.9935,0.80,2.00
2007.11.15 02:06:56.295,0.9931,0.9935,1.20,2.00
2007.11.15 02:06:56.423,0.9931,0.9935,1.20,2.00
2007.11.15 02:06:56.550,0.9931,0.9935,1.20,2.00
2007.11.15 02:06:56.677,0.9931,0.9935,1.20,2.00
2007.11.15 02:06:56.806,0.9932,0.9935,0.50,2.00
2007.11.15 02:06:56.933,0.9932,0.9935,0.50,2.00
2007.11.15 02:06:57.060,0.9932,0.9935,0.50,2.00
2007.11.15 02:06:57.269,0.9932,0.9935,0.50,2.00
2007.11.15 02:06:57.477,0.9932,0.9935,0.50,2.00
2007.11.15 02:06:57.684,0.9932,0.9935,0.50,2.00
2007.11.15 02:06:57.892,0.9932,0.9935,0.50,2.00
2007.11.15 02:06:58.100,0.9932,0.9935,0.50,2.00
2007.11.15 02:06:58.277,0.9932,0.9935,0.50,2.00
2007.11.15 02:06:58.454,0.9932,0.9935,0.50,2.00
2007.11.15 02:06:58.633,0.9932,0.9935,0.50,2.00
2007.11.15 02:06:58.814,0.9932,0.9935,0.50,2.00
2007.11.15 02:06:58.993,0.9932,0.9935,0.50,2.00
2007.11.15 02:06:59.170,0.9932,0.9935,0.50,2.00
2007.11.15 02:06:59.417,0.9932,0.9935,0.50,2.00
2007.11.15 02:06:59.665,0.9932,0.9935,0.50,2.00
2007.11.15 02:06:59.912,0.9932,0.9935,0.50,2.00
2007.11.15 02:07:00.160,0.9932,0.9935,0.50,2.00
2007.11.15 02:07:00.408,0.9932,0.9935,0.50,2.00
2007.11.15 02:07:00.520,0.9932,0.9935,0.50,2.00
2007.11.15 02:07:00.632,0.9932,0.9935,0.50,2.00
2007.11.15 02:07:00.746,0.9932,0.9935,0.50,2.00
2007.11.15 02:07:00.859,0.9932,0.9935,0.50,2.00
2007.11.15 02:07:00.972,0.9932,0.9935,0.50,2.00
2007.11.15 02:07:01.084,0.9932,0.9935,0.50,2.00
2007.11.15 02:07:01.198,0.9932,0.9935,0.50,2.00
2007.11.15 02:07:01.405,0.9932,0.9935,0.50,2.00
2007.11.15 02:07:01.613,0.9932,0.9935,0.50,2.00
2007.11.15 02:07:01.820,0.9932,0.9935,0.50,2.00
2007.11.15 02:07:02.027,0.9932,0.9935,0.50,2.00
2007.11.15 02:07:02.236,0.9932,0.9935,0.50,2.00
2007.11.15 02:07:02.443,0.9932,0.9935,0.50,2.00
2007.11.15 02:07:02.576,0.9932,0.9935,0.50,2.00
2007.11.15 02:07:02.709,0.9932,0.9935,0.50,2.00
2007.11.15 02:07:02.842,0.9932,0.9935,0.50,2.00
2007.11.15 02:07:02.975,0.9932,0.9935,0.50,2.00
2007.11.15 02:07:03.108,0.9932,0.9935,0.50,2.00
2007.11.15 02:07:03.241,0.9932,0.9935,0.50,2.00
2007.11.15 02:07:03.464,0.9932,0.9935,0.50,2.00
2007.11.15 02:07:03.686,0.9932,0.9935,0.50,2.00
2007.11.15 02:07:03.910,0.9932,0.9935,0.50,2.00
2007.11.15 02:07:04.132,0.9932,0.9935,0.50,2.00
2007.11.15 02:07:04.356,0.9932,0.9935,0.50,2.00
2007.11.15 02:07:04.598,0.9932,0.9935,0.50,2.00
2007.11.15 02:07:04.841,0.9932,0.9935,0.50,2.00
2007.11.15 02:07:05.083,0.9932,0.9935,0.50,2.00
2007.11.15 02:07:05.326,0.9932,0.9935,0.50,2.00
2007.11.15 02:07:05.569,0.9932,0.9935,0.50,2.00
2007.11.15 02:07:05.686,0.9932,0.9935,0.50,2.00
2007.11.15 02:07:05.803,0.9932,0.9935,0.50,2.00
2007.11.15 02:07:05.921,0.9932,0.9935,0.50,2.00
2007.11.15 02:07:06.039,0.9932,0.9935,0.50,2.00
2007.11.15 02:07:06.157,0.9932,0.9935,0.50,2.00
2007.11.15 02:07:06.274,0.9932,0.9935,0.50,2.00
2007.11.15 02:07:06.392,0.9932,0.9935,0.50,2.00
2007.11.15 02:07:06.599,0.9932,0.9935,0.50,2.00
2007.11.15 02:07:06.807,0.9932,0.9935,0.50,2.00
2007.11.15 02:07:07.015,0.9932,0.9935,0.50,2.00
2007.11.15 02:07:07.222,0.9932,0.9935,0.50,2.00
2007.11.15 02:07:07.430,0.9932,0.9935,0.50,2.00
2007.11.15 02:07:07.597,0.9932,0.9935,0.50,2.00
2007.11.15 02:07:07.766,0.9932,0.9935,0.50,2.00
2007.11.15 02:07:07.933,0.9932,0.9935,0.50,2.00
2007.11.15 02:07:08.102,0.9932,0.9935,0.50,2.00
2007.11.15 02:07:08.269,0.9932,0.9935,0.50,2.00
2007.11.15 02:07:08.438,0.9932,0.9935,0.50,2.00
2007.11.15 02:07:08.705,0.9932,0.9935,0.50,2.00
2007.11.15 02:07:08.974,0.9932,0.9935,2.80,2.00
2007.11.15 02:07:09.242,0.9932,0.9935,3.60,2.00
2007.11.15 02:07:09.510,0.9932,0.9935,3.60,1.60
2007.11.15 02:07:09.769,0.9932,0.9935,3.60,1.60
2007.11.15 02:07:10.027,0.9932,0.9935,3.60,1.60
2007.11.15 02:07:10.285,0.9932,0.9935,3.60,1.60
2007.11.15 02:07:10.543,0.9932,0.9935,3.60,1.60
2007.11.15 02:07:10.695,0.9932,0.9935,3.60,1.60
2007.11.15 02:07:10.849,0.9932,0.9935,3.60,1.60
2007.11.15 02:07:11.001,0.9932,0.9935,3.60,1.60
2007.11.15 02:07:11.155,0.9932,0.9935,3.60,1.60
2007.11.15 02:07:11.308,0.9932,0.9935,3.60,1.60
2007.11.15 02:07:11.461,0.9932,0.9935,3.60,1.60
2007.11.15 02:07:11.708,0.9932,0.9935,3.60,1.60
2007.11.15 02:07:11.905,0.9932,0.9935,3.60,1.60
2007.11.15 02:07:12.102,0.9932,0.9935,3.60,1.60
2007.11.15 02:07:12.299,0.9932,0.9935,3.60,1.60
2007.11.15 02:07:12.502,0.9932,0.9935,3.60,1.60
2007.11.15 02:07:12.704,0.9932,0.9935,3.60,0.60
2007.11.15 02:07:12.834,0.9932,0.9936,3.60,2.10
2007.11.15 02:07:12.967,0.9932,0.9935,3.60,0.70
2007.11.15 02:07:13.099,0.9932,0.9936,3.60,2.10
2007.11.15 02:07:13.236,0.9932,0.9936,3.60,2.10
2007.11.15 02:07:13.365,0.9932,0.9935,3.60,0.80
2007.11.15 02:07:13.498,0.9932,0.9935,3.60,0.60
2007.11.15 02:07:13.630,0.9932,0.9936,3.60,2.10
2007.11.15 02:07:13.762,0.9932,0.9936,3.60,2.10
2007.11.15 02:07:13.985,0.9932,0.9935,3.60,0.90
2007.11.15 02:07:14.207,0.9932,0.9935,3.60,0.90
2007.11.15 02:07:14.430,0.9932,0.9936,3.60,2.10
2007.11.15 02:07:14.654,0.9933,0.9936,0.80,2.10
2007.11.15 02:07:14.876,0.9933,0.9937,1.20,12.80
2007.11.15 02:07:15.150,0.9933,0.9937,1.20,5.90
2007.11.15 02:07:15.424,0.9932,0.9937,10.40,4.00
2007.11.15 02:07:15.697,0.9933,0.9937,1.20,4.00
2007.11.15 02:07:15.969,0.9933,0.9936,1.20,0.90
2007.11.15 02:07:16.172,0.9933,0.9937,1.20,4.00
2007.11.15 02:07:16.376,0.9933,0.9937,1.20,4.00
2007.11.15 02:07:16.578,0.9933,0.9936,1.20,0.90
2007.11.15 02:07:16.781,0.9933,0.9937,1.20,4.00
2007.11.15 02:07:16.978,0.9933,0.9937,1.20,4.00
2007.11.15 02:07:17.177,0.9933,0.9937,1.20,4.00
2007.11.15 02:07:17.374,0.9933,0.9936,1.20,0.70
2007.11.15 02:07:17.571,0.9933,0.9936,1.20,0.60
2007.11.15 02:07:17.863,0.9933,0.9937,1.20,4.00
2007.11.15 02:07:18.031,0.9933,0.9937,1.20,4.00
2007.11.15 02:07:18.198,0.9933,0.9937,1.20,4.00
2007.11.15 02:07:18.366,0.9933,0.9938,3.60,11.60
2007.11.15 02:07:18.535,0.9933,0.9936,3.60,0.50
2007.11.15 02:07:18.703,0.9933,0.99375,3.60,2.40
2007.11.15 02:07:18.871,0.9933,0.99375,3.60,2.40
2007.11.15 02:07:19.204,0.9933,0.9936,3.60,0.70
2007.11.15 02:07:19.537,0.9933,0.9936,3.60,0.90
2007.11.15 02:07:19.870,0.9933,0.9936,3.60,0.60
2007.11.15 02:07:20.203,0.9934,0.9938,0.80,10.80
2007.11.15 02:07:20.436,0.9934,0.9936,3.60,0.90
2007.11.15 02:07:20.670,0.9934,0.9938,3.60,2.10
2007.11.15 02:07:20.903,0.9934,0.9936,3.60,0.50
2007.11.15 02:07:21.095,0.9934,0.9938,3.60,2.10
2007.11.15 02:07:21.289,0.9934,0.9938,3.60,2.10
2007.11.15 02:07:21.481,0.9934,0.9936,3.60,0.90
2007.11.15 02:07:21.673,0.9934,0.9938,3.60,2.10
2007.11.15 02:07:21.867,0.9934,0.9936,3.60,0.50
2007.11.15 02:07:22.059,0.9934,0.9938,3.60,2.10
2007.11.15 02:07:22.301,0.9934,0.9938,3.60,2.10
2007.11.15 02:07:22.544,0.9934,0.9938,3.60,2.10
2007.11.15 02:07:22.786,0.9934,0.9936,3.60,0.80
2007.11.15 02:07:23.029,0.9934,0.9936,3.60,0.90
2007.11.15 02:07:23.237,0.9934,0.9938,3.60,2.10
2007.11.15 02:07:23.446,0.9934,0.9936,3.60,0.50
2007.11.15 02:07:23.666,0.9934,0.9936,3.60,0.50
2007.11.15 02:07:24.024,0.9934,0.9936,3.60,0.50
2007.11.15 02:07:24.232,0.9934,0.9938,3.60,2.10
2007.11.15 02:07:24.446,0.9934,0.9938,3.60,2.10
2007.11.15 02:07:24.658,0.9934,0.9936,3.60,0.90
2007.11.15 02:07:24.872,0.9934,0.9936,3.60,0.70
2007.11.15 02:07:25.085,0.9934,0.9938,3.60,2.10
2007.11.15 02:07:25.384,0.9934,0.9936,1.20,0.90
2007.11.15 02:07:25.683,0.9934,0.9936,1.20,0.70
2007.11.15 02:07:25.981,0.9934,0.9936,3.60,0.50
2007.11.15 02:07:26.280,0.9934,0.9936,3.60,0.60
2007.11.15 02:07:26.462,0.9934,0.9936,3.60,0.50
2007.11.15 02:07:26.645,0.9934,0.9936,3.60,0.70
2007.11.15 02:07:26.827,0.9934,0.9936,3.60,0.80
2007.11.15 02:07:27.016,0.9934,0.9936,3.60,0.70
2007.11.15 02:07:27.199,0.9934,0.9936,3.60,0.60
2007.11.15 02:07:27.382,0.9934,0.9936,3.60,0.70
2007.11.15 02:07:27.585,0.9934,0.9936,3.60,0.70
2007.11.15 02:07:27.788,0.9934,0.9936,3.60,0.80
2007.11.15 02:07:27.990,0.9934,0.9936,3.60,0.70
2007.11.15 02:07:28.192,0.9934,0.9936,3.60,0.80
2007.11.15 02:07:28.397,0.9934,0.9936,3.60,0.70
2007.11.15 02:07:28.549,0.9934,0.9936,3.60,0.50
2007.11.15 02:07:28.702,0.9934,0.9936,3.60,0.50
2007.11.15 02:07:28.856,0.9935,0.9936,1.20,0.70
2007.11.15 02:07:29.009,0.9935,0.9936,1.20,0.50
2007.11.15 02:07:29.163,0.9935,0.9936,1.20,0.70
2007.11.15 02:07:29.316,0.9935,0.9936,1.20,0.50
2007.11.15 02:07:29.650,0.9935,0.9936,3.60,0.70
2007.11.15 02:07:29.982,0.9935,0.99405,1.20,8.10
2007.11.15 02:07:30.315,0.9935,0.994,1.20,0.50
2007.11.15 02:07:30.497,0.9935,0.994,1.20,0.50
2007.11.15 02:07:30.680,0.9935,0.99405,1.20,7.30
2007.11.15 02:07:30.863,0.9935,0.994,1.20,0.50
2007.11.15 02:07:31.045,0.9935,0.994,1.20,0.50
2007.11.15 02:07:31.228,0.9935,0.994,1.20,0.50
2007.11.15 02:07:31.411,0.9935,0.99405,1.20,7.30
2007.11.15 02:07:31.674,0.9935,0.994,1.20,0.50
2007.11.15 02:07:31.886,0.9934,0.99405,24.80,7.30
2007.11.15 02:07:31.937,0.9934,0.99405,26.40,7.30
2007.11.15 02:07:32.200,0.9935,0.99405,11.60,1.30
2007.11.15 02:07:32.464,0.9935,0.99405,22.00,1.30
2007.11.15 02:07:32.671,0.9936,0.994,0.80,0.50
2007.11.15 02:07:32.880,0.9936,0.994,0.70,0.50
2007.11.15 02:07:33.088,0.9936,0.994,0.90,0.50
2007.11.15 02:07:33.296,0.9936,0.994,0.80,0.50
2007.11.15 02:07:33.503,0.9935,0.99405,18.80,1.30
2007.11.15 02:07:33.731,0.9935,0.99405,18.80,1.30
2007.11.15 02:07:33.959,0.9935,0.99405,18.80,1.30
2007.11.15 02:07:34.192,0.9935,0.99405,4.40,1.30
2007.11.15 02:07:34.421,0.9935,0.99405,11.20,1.30
2007.11.15 02:07:34.665,0.9936,0.994,0.70,0.50
2007.11.15 02:07:34.908,0.9936,0.9939,0.50,0.50
2007.11.15 02:07:35.150,0.9935,0.99395,8.50,1.30
2007.11.15 02:07:35.394,0.9935,0.99395,1.70,1.30
2007.11.15 02:07:35.636,0.9935,0.99395,1.70,1.30
2007.11.15 02:07:35.820,0.9935,0.99395,1.70,1.30
2007.11.15 02:07:36.004,0.9935,0.99395,1.70,1.30
2007.11.15 02:07:36.338,0.9935,0.99395,8.50,1.30
2007.11.15 02:07:36.375,0.9936,0.9939,0.50,0.50
2007.11.15 02:07:36.557,0.9936,0.9939,0.50,0.50
2007.11.15 02:07:36.824,0.9935,0.99395,8.50,1.30
2007.11.15 02:07:37.093,0.9936,0.9939,0.50,0.50
2007.11.15 02:07:37.360,0.9935,0.99395,8.50,1.30
2007.11.15 02:07:37.627,0.9935,0.99395,8.50,1.30
2007.11.15 02:07:37.799,0.9935,0.99395,8.50,1.30
2007.11.15 02:07:37.973,0.9935,0.99395,8.50,1.30
2007.11.15 02:07:38.145,0.9935,0.99395,8.50,1.30
2007.11.15 02:07:38.318,0.9935,0.99395,8.50,1.30
2007.11.15 02:07:38.491,0.9936,0.9939,0.50,0.50
2007.11.15 02:07:38.663,0.9935,0.99395,8.50,1.30
2007.11.15 02:07:38.852,0.9935,0.99395,8.50,1.30
2007.11.15 02:07:39.039,0.9935,0.99395,8.50,1.30
2007.11.15 02:07:39.227,0.9936,0.9939,0.50,0.50
2007.11.15 02:07:39.415,0.9936,0.9939,0.50,0.50
2007.11.15 02:07:39.602,0.9935,0.99395,8.50,1.30
2007.11.15 02:07:39.789,0.9935,0.99395,8.50,1.30
2007.11.15 02:07:40.072,0.9935,0.9939,8.50,0.50
2007.11.15 02:07:40.355,0.9935,0.9939,8.50,0.50
2007.11.15 02:07:40.639,0.9935,0.9939,2.10,0.50
2007.11.15 02:07:40.922,0.99345,0.9939,12.00,0.50
2007.11.15 02:07:41.096,0.9935,0.9939,1.70,0.50
2007.11.15 02:07:41.268,0.9935,0.9939,0.50,0.50
2007.11.15 02:07:41.442,0.9934,0.9939,14.80,0.50
2007.11.15 02:07:41.615,0.9934,0.9939,14.80,0.50
2007.11.15 02:07:41.787,0.9933,0.9939,30.00,0.50
2007.11.15 02:07:42.026,0.9934,0.9939,5.20,0.50
2007.11.15 02:07:42.253,0.9933,0.9939,30.00,0.50
2007.11.15 02:07:42.502,0.9934,0.9939,6.20,0.50
2007.11.15 02:07:42.736,0.9933,0.9939,30.00,0.50
2007.11.15 02:07:42.968,0.9934,0.9939,1.10,0.50
2007.11.15 02:07:43.131,0.9933,0.9939,30.00,0.50
2007.11.15 02:07:43.295,0.9934,0.99385,6.00,0.80
2007.11.15 02:07:43.457,0.9934,0.9938,1.80,0.50
2007.11.15 02:07:43.620,0.99335,0.9938,10.80,0.50
2007.11.15 02:07:43.782,0.99335,0.9938,10.80,0.50
2007.11.15 02:07:43.945,0.9933,0.9938,8.30,0.50
2007.11.15 02:07:44.183,0.9932,0.9939,30.40,12.80
2007.11.15 02:07:44.421,0.9933,0.9939,17.60,12.40
2007.11.15 02:07:44.660,0.9933,0.9939,17.60,12.40
2007.11.15 02:07:44.897,0.9933,0.9939,17.60,12.40
2007.11.15 02:07:45.140,0.9933,0.9939,17.60,12.40
2007.11.15 02:07:45.383,0.99335,0.9938,1.00,0.50
2007.11.15 02:07:45.630,0.99335,0.9938,1.70,0.50
2007.11.15 02:07:45.873,0.9932,0.9938,30.00,0.50
2007.11.15 02:07:46.116,0.9933,0.9938,1.60,0.50
2007.11.15 02:07:46.303,0.9932,0.9938,30.00,0.50
2007.11.15 02:07:46.491,0.9933,0.9938,5.50,0.50
2007.11.15 02:07:46.679,0.9933,0.9938,8.50,0.50
2007.11.15 02:07:46.866,0.9932,0.9938,30.00,0.50
2007.11.15 02:07:47.053,0.9932,0.9938,30.00,0.50
2007.11.15 02:07:47.231,0.9932,0.9938,30.00,0.50
2007.11.15 02:07:47.409,0.9932,0.9938,30.00,0.50
2007.11.15 02:07:47.586,0.9933,0.9938,2.20,0.50
2007.11.15 02:07:47.763,0.9932,0.9938,30.00,0.50
2007.11.15 02:07:47.941,0.9932,0.9938,30.00,0.50
2007.11.15 02:07:48.089,0.9933,0.9938,10.20,0.50
2007.11.15 02:07:48.237,0.9932,0.9938,30.00,0.50
2007.11.15 02:07:48.385,0.9932,0.9938,30.00,0.50
2007.11.15 02:07:48.667,0.9932,0.9938,30.00,0.50
2007.11.15 02:07:48.815,0.9932,0.9938,30.00,0.50
2007.11.15 02:07:48.963,0.9933,0.9938,1.90,0.50
2007.11.15 02:07:49.117,0.9932,0.9938,30.00,0.50
2007.11.15 02:07:49.269,0.9932,0.99375,28.00,0.80
2007.11.15 02:07:49.424,0.99325,0.9937,14.80,2.80
2007.11.15 02:07:49.577,0.9933,0.9937,1.70,2.80
2007.11.15 02:07:49.730,0.9933,0.9937,0.60,2.80
2007.11.15 02:07:49.883,0.9931,0.9937,26.40,2.80
2007.11.15 02:07:50.036,0.9931,0.9937,26.40,2.80
2007.11.15 02:07:50.369,0.9931,0.9937,26.40,2.80
2007.11.15 02:07:50.707,0.9932,0.9937,1.00,2.80
2007.11.15 02:07:51.040,0.9931,0.9937,26.40,2.80
2007.11.15 02:07:51.184,0.9932,0.9937,2.30,2.80
2007.11.15 02:07:51.326,0.9931,0.9937,26.40,2.80
2007.11.15 02:07:51.470,0.9931,0.9937,26.40,2.80
2007.11.15 02:07:51.620,0.9931,0.9937,26.40,2.80
2007.11.15 02:07:51.759,0.9932,0.9937,2.80,2.80
2007.11.15 02:07:51.902,0.99315,0.9937,0.60,3.60
2007.11.15 02:07:52.045,0.9931,0.9937,22.40,3.60
2007.11.15 02:07:52.353,0.99315,0.9937,1.20,3.60
2007.11.15 02:07:52.661,0.9931,0.9937,16.80,3.60
2007.11.15 02:07:52.969,0.9931,0.9937,18.40,3.60
2007.11.15 02:07:53.277,0.9931,0.9937,18.40,3.60
2007.11.15 02:07:53.450,0.99315,0.9937,0.70,3.60
2007.11.15 02:07:53.624,0.99315,0.9937,3.70,4.40
2007.11.15 02:07:53.798,0.9931,0.9936,22.40,0.80
2007.11.15 02:07:53.971,0.99315,0.9936,2.30,0.80
2007.11.15 02:07:54.144,0.99315,0.9936,2.40,0.80
2007.11.15 02:07:54.327,0.9931,0.9936,22.40,0.80
2007.11.15 02:07:54.510,0.99315,0.9936,3.30,0.80
2007.11.15 02:07:54.832,0.99315,0.9936,3.40,0.80
2007.11.15 02:07:55.013,0.9931,0.9936,22.40,0.80
2007.11.15 02:07:55.195,0.9931,0.9936,22.40,0.80
2007.11.15 02:07:55.423,0.9931,0.9936,22.40,0.80
2007.11.15 02:07:55.652,0.99315,0.9936,1.10,0.80
2007.11.15 02:07:55.880,0.9931,0.9936,22.40,0.80
2007.11.15 02:07:56.107,0.99315,0.9936,1.60,0.80
2007.11.15 02:07:56.335,0.99315,0.9936,3.20,0.80
2007.11.15 02:07:56.453,0.9931,0.9936,22.40,0.80
2007.11.15 02:07:56.572,0.9931,0.9936,22.40,0.80
2007.11.15 02:07:56.688,0.9931,0.9936,22.40,0.80
2007.11.15 02:07:56.806,0.9931,0.9936,22.40,0.80
2007.11.15 02:07:56.924,0.9931,0.9936,22.40,0.80
2007.11.15 02:07:57.042,0.9931,0.9936,22.40,0.80
2007.11.15 02:07:57.160,0.99315,0.9936,3.60,0.80
2007.11.15 02:07:57.277,0.99315,0.9936,0.90,0.80
2007.11.15 02:07:57.395,0.9931,0.9936,22.40,0.80
2007.11.15 02:07:57.603,0.9931,0.9936,22.40,0.80
2007.11.15 02:07:57.810,0.9931,0.9936,22.40,0.80
2007.11.15 02:07:58.024,0.9931,0.9936,22.40,0.80
2007.11.15 02:07:58.226,0.99315,0.9936,2.30,0.80
2007.11.15 02:07:58.433,0.99315,0.9936,0.50,0.80
2007.11.15 02:07:58.642,0.9931,0.9936,22.40,0.80
2007.11.15 02:07:58.759,0.9931,0.9936,22.40,0.80
2007.11.15 02:07:58.876,0.9931,0.9936,22.40,0.80
2007.11.15 02:07:58.995,0.99315,0.9936,2.10,0.80
2007.11.15 02:07:59.113,0.99315,0.9936,1.60,0.80
2007.11.15 02:07:59.230,0.9931,0.9936,22.40,0.80
2007.11.15 02:07:59.348,0.99315,0.9936,1.70,0.80
2007.11.15 02:07:59.466,0.9931,0.9936,22.40,0.80
2007.11.15 02:07:59.584,0.9931,0.9936,22.40,0.80
2007.11.15 02:07:59.897,0.99315,0.9936,3.30,0.80
2007.11.15 02:08:00.210,0.99315,0.9936,1.70,0.80
2007.11.15 02:08:00.523,0.9931,0.9936,22.40,0.80
2007.11.15 02:08:00.631,0.99315,0.9936,3.70,0.80
2007.11.15 02:08:00.739,0.99315,0.9936,3.30,0.80
2007.11.15 02:08:00.988,0.9931,0.9936,22.40,0.80
2007.11.15 02:08:01.098,0.99315,0.9936,6.80,0.80
2007.11.15 02:08:01.206,0.99315,0.9936,6.80,0.80
2007.11.15 02:08:01.315,0.99315,0.9936,6.80,0.80
2007.11.15 02:08:01.422,0.99315,0.9936,6.80,0.80
2007.11.15 02:08:01.535,0.99315,0.9936,6.80,0.80
2007.11.15 02:08:01.719,0.99315,0.9936,6.80,0.80
2007.11.15 02:08:01.901,0.99315,0.9936,6.80,0.80
2007.11.15 02:08:02.085,0.99315,0.9936,6.80,0.80
2007.11.15 02:08:02.267,0.9932,0.9936,6.80,0.80
2007.11.15 02:08:02.452,0.9932,0.9936,6.80,0.80
2007.11.15 02:08:02.635,0.9932,0.9936,6.80,0.80
2007.11.15 02:08:02.848,0.9932,0.9936,6.80,0.80
2007.11.15 02:08:03.060,0.9932,0.9936,6.80,0.80
2007.11.15 02:08:03.273,0.9932,0.9936,6.80,0.80
2007.11.15 02:08:03.487,0.9932,0.9937,6.80,3.60
2007.11.15 02:08:03.701,0.9932,0.9937,6.80,3.60
2007.11.15 02:08:03.944,0.9932,0.9937,6.80,3.60
2007.11.15 02:08:04.187,0.9932,0.9937,6.80,3.60
2007.11.15 02:08:04.430,0.9932,0.9937,8.40,3.60
2007.11.15 02:08:04.673,0.9932,0.9937,8.40,3.60
2007.11.15 02:08:04.932,0.9931,0.9936,26.40,2.80
2007.11.15 02:08:05.190,0.9931,0.9936,26.40,2.80
2007.11.15 02:08:05.448,0.9931,0.9936,26.40,2.80
2007.11.15 02:08:05.705,0.9931,0.9936,26.40,2.80
2007.11.15 02:08:05.920,0.9931,0.9936,22.40,2.80
2007.11.15 02:08:06.138,0.9931,0.9936,22.40,3.60
2007.11.15 02:08:06.351,0.9931,0.9936,22.40,3.60
2007.11.15 02:08:06.563,0.9931,0.9936,22.40,3.60
2007.11.15 02:08:06.784,0.9931,0.9935,22.40,0.50
2007.11.15 02:08:06.966,0.9931,0.9935,5.20,0.50
2007.11.15 02:08:07.168,0.9931,0.9935,5.20,0.50
2007.11.15 02:08:07.351,0.9931,0.9935,5.20,0.50
2007.11.15 02:08:07.534,0.9931,0.9935,5.20,0.50
2007.11.15 02:08:07.723,0.9931,0.9935,5.20,0.50
2007.11.15 02:08:07.902,0.9931,0.9935,5.20,0.50
2007.11.15 02:08:08.080,0.9931,0.9935,5.20,0.50
2007.11.15 02:08:08.257,0.9931,0.9935,5.20,0.50
2007.11.15 02:08:08.437,0.9931,0.9935,5.20,0.50
2007.11.15 02:08:08.615,0.9931,0.9935,5.20,0.50
2007.11.15 02:08:08.792,0.9931,0.9935,5.20,0.50
2007.11.15 02:08:08.965,0.9931,0.9935,5.20,2.80
2007.11.15 02:08:09.138,0.9931,0.9935,5.20,2.80
2007.11.15 02:08:09.164,0.99305,0.9935,12.00,2.80
2007.11.15 02:08:09.311,0.99305,0.9934,10.80,0.50
2007.11.15 02:08:09.484,0.9929,0.9934,30.00,0.50
2007.11.15 02:08:09.657,0.9929,0.9934,30.00,0.50
2007.11.15 02:08:09.830,0.9929,0.9935,27.60,2.80
2007.11.15 02:08:10.145,0.9929,0.9935,27.60,3.60
2007.11.15 02:08:10.462,0.9929,0.9935,27.60,3.60
2007.11.15 02:08:10.774,0.993,0.9935,11.00,3.60
2007.11.15 02:08:11.087,0.993,0.9935,6.50,3.60
2007.11.15 02:08:11.245,0.9929,0.9935,27.60,3.60
2007.11.15 02:08:11.403,0.993,0.9935,7.00,3.60
2007.11.15 02:08:11.560,0.9929,0.9935,27.60,3.60
2007.11.15 02:08:11.719,0.9929,0.9935,27.60,3.60
2007.11.15 02:08:11.876,0.993,0.9935,11.10,3.60
2007.11.15 02:08:12.044,0.993,0.9935,8.90,3.60
2007.11.15 02:08:12.211,0.993,0.9935,22.40,3.60
2007.11.15 02:08:12.380,0.99305,0.9935,2.20,3.60
2007.11.15 02:08:12.548,0.993,0.9935,22.40,3.60
2007.11.15 02:08:12.715,0.993,0.9935,22.40,3.60
2007.11.15 02:08:12.882,0.99305,0.9935,3.30,3.60
2007.11.15 02:08:13.106,0.993,0.9935,22.40,3.60
2007.11.15 02:08:13.334,0.993,0.9935,22.40,3.60
2007.11.15 02:08:13.558,0.993,0.9935,22.40,3.60
2007.11.15 02:08:13.782,0.993,0.9935,22.40,3.60
2007.11.15 02:08:14.005,0.993,0.9935,20.80,3.60
2007.11.15 02:08:14.163,0.9929,0.9935,23.60,3.60
2007.11.15 02:08:14.321,0.993,0.9935,8.10,3.60
2007.11.15 02:08:14.478,0.993,0.9935,6.70,3.60
2007.11.15 02:08:14.639,0.993,0.9935,3.30,3.60
2007.11.15 02:08:14.796,0.9929,0.9935,23.60,3.60
2007.11.15 02:08:14.954,0.993,0.9935,9.80,1.20
2007.11.15 02:08:15.288,0.99305,0.9935,9.60,1.20
2007.11.15 02:08:15.621,0.99305,0.9935,13.60,1.20
2007.11.15 02:08:15.953,0.9931,0.9935,0.70,1.20
2007.11.15 02:08:16.131,0.99305,0.9935,13.60,1.20
2007.11.15 02:08:16.309,0.99305,0.9935,13.60,1.20
2007.11.15 02:08:16.488,0.9931,0.9935,2.20,1.20
2007.11.15 02:08:16.665,0.99305,0.9935,13.60,1.20
2007.11.15 02:08:16.844,0.99305,0.9935,22.40,0.80
2007.11.15 02:08:17.022,0.993,0.9935,27.60,0.80
2007.11.15 02:08:17.240,0.9931,0.9935,4.60,0.80
2007.11.15 02:08:17.459,0.993,0.9935,30.00,0.50
2007.11.15 02:08:17.678,0.993,0.9935,30.00,0.50
2007.11.15 02:08:17.896,0.9931,0.9936,4.60,3.60
2007.11.15 02:08:18.114,0.9931,0.9936,4.10,3.60
2007.11.15 02:08:18.347,0.99305,0.9936,20.80,3.60
2007.11.15 02:08:18.580,0.99305,0.9936,22.40,3.60
2007.11.15 02:08:18.812,0.99305,0.9936,22.40,3.60
2007.11.15 02:08:19.046,0.9931,0.9936,12.00,3.60
2007.11.15 02:08:19.244,0.993,0.9936,30.00,3.60
2007.11.15 02:08:19.518,0.993,0.9936,30.00,3.60
2007.11.15 02:08:19.716,0.993,0.9936,29.20,3.60
2007.11.15 02:08:19.914,0.99305,0.9936,18.80,3.60
2007.11.15 02:08:20.113,0.99305,0.9936,14.80,3.60
2007.11.15 02:08:20.362,0.99305,0.9936,14.80,3.60
2007.11.15 02:08:20.609,0.99305,0.9936,14.80,3.60
2007.11.15 02:08:20.858,0.9931,0.9935,4.40,2.80
2007.11.15 02:08:21.106,0.993,0.9935,28.80,2.80
2007.11.15 02:08:21.354,0.993,0.9935,28.80,2.80
2007.11.15 02:08:21.531,0.993,0.9935,28.80,2.80
2007.11.15 02:08:21.709,0.9931,0.9935,1.50,2.80
2007.11.15 02:08:21.887,0.993,0.9935,28.80,2.80
2007.11.15 02:08:22.065,0.993,0.9935,28.80,2.80
2007.11.15 02:08:22.243,0.9931,0.9935,1.50,1.20
2007.11.15 02:08:22.436,0.9931,0.9935,1.80,1.20
2007.11.15 02:08:22.628,0.99305,0.9935,16.00,1.20
2007.11.15 02:08:22.822,0.9931,0.9935,8.30,1.20
2007.11.15 02:08:23.015,0.9931,0.9935,8.90,1.20
2007.11.15 02:08:23.215,0.99305,0.9935,24.80,1.20
2007.11.15 02:08:23.451,0.99305,0.9935,24.80,1.20
2007.11.15 02:08:23.695,0.993,0.9935,32.40,1.20
2007.11.15 02:08:23.938,0.9931,0.9935,14.50,1.20
2007.11.15 02:08:24.181,0.993,0.9935,30.40,0.80
2007.11.15 02:08:24.424,0.99315,0.9935,3.70,0.80
2007.11.15 02:08:24.656,0.99315,0.9935,3.50,0.80
2007.11.15 02:08:24.891,0.99315,0.9935,1.30,0.80
2007.11.15 02:08:25.128,0.99315,0.9935,1.90,0.80
2007.11.15 02:08:25.362,0.9932,0.9935,0.80,0.80
2007.11.15 02:08:25.718,0.9932,0.9936,1.00,1.20
2007.11.15 02:08:25.999,0.9931,0.9936,28.80,1.20
2007.11.15 02:08:26.288,0.9932,0.9936,1.20,1.20
2007.11.15 02:08:26.452,0.9931,0.9936,28.80,1.20
2007.11.15 02:08:26.615,0.9932,0.9936,1.00,1.20
2007.11.15 02:08:26.779,0.9932,0.9935,0.90,0.50
2007.11.15 02:08:26.942,0.9931,0.9935,28.80,0.50
2007.11.15 02:08:27.105,0.9932,0.9935,0.70,0.50
2007.11.15 02:08:27.269,0.99305,0.9935,17.60,0.50
2007.11.15 02:08:27.439,0.9931,0.9935,3.50,0.50
2007.11.15 02:08:27.756,0.99305,0.9935,17.60,0.50
2007.11.15 02:08:28.074,0.99305,0.9935,20.00,0.50
2007.11.15 02:08:28.391,0.99305,0.9935,20.00,0.50
2007.11.15 02:08:28.530,0.9931,0.9935,6.80,0.50
2007.11.15 02:08:28.668,0.99305,0.9935,20.00,0.50
2007.11.15 02:08:28.805,0.99305,0.9935,20.00,0.50
2007.11.15 02:08:28.943,0.9931,0.9935,4.40,0.50
2007.11.15 02:08:29.082,0.99305,0.9935,20.00,0.50
2007.11.15 02:08:29.219,0.9932,0.9935,0.80,0.50
2007.11.15 02:08:29.357,0.9931,0.9935,13.20,0.50
2007.11.15 02:08:29.550,0.9931,0.9935,13.20,0.50
2007.11.15 02:08:29.742,0.9931,0.9935,13.20,0.50
2007.11.15 02:08:29.936,0.9932,0.9935,1.20,0.50
2007.11.15 02:08:30.128,0.9932,0.9935,0.70,0.50
2007.11.15 02:08:30.321,0.9931,0.9935,13.20,0.50
2007.11.15 02:08:30.514,0.9931,0.9935,13.20,0.50
2007.11.15 02:08:30.787,0.9932,0.9935,0.60,0.50
2007.11.15 02:08:31.060,0.9931,0.9935,13.20,0.50
2007.11.15 02:08:31.333,0.9931,0.9936,15.60,1.40
2007.11.15 02:08:31.606,0.9932,0.9936,0.70,1.40
2007.11.15 02:08:31.900,0.9932,0.9936,0.70,1.20
2007.11.15 02:08:32.044,0.9932,0.9936,2.10,1.20
2007.11.15 02:08:32.188,0.9931,0.9936,31.20,1.20
2007.11.15 02:08:32.335,0.9932,0.9936,1.80,1.20
2007.11.15 02:08:32.478,0.9932,0.9936,2.00,1.20
2007.11.15 02:08:32.665,0.9931,0.9936,31.20,1.20
2007.11.15 02:08:32.854,0.9932,0.9936,1.30,1.20
2007.11.15 02:08:33.047,0.9931,0.9936,31.20,1.20
2007.11.15 02:08:33.235,0.9932,0.9936,1.60,1.20
2007.11.15 02:08:33.423,0.9931,0.9936,31.20,1.20
2007.11.15 02:08:33.611,0.9931,0.9936,31.20,1.20
2007.11.15 02:08:33.789,0.9932,0.9936,1.90,1.20
2007.11.15 02:08:33.967,0.9932,0.9936,0.60,1.20
2007.11.15 02:08:34.144,0.9932,0.9936,0.50,1.20
2007.11.15 02:08:34.322,0.9932,0.9936,1.90,1.20
2007.11.15 02:08:34.500,0.9932,0.9936,1.00,1.20
2007.11.15 02:08:34.678,0.9931,0.9936,31.20,1.20
2007.11.15 02:08:34.851,0.9932,0.9936,1.00,1.20
2007.11.15 02:08:35.025,0.9931,0.9936,31.20,1.20
2007.11.15 02:08:35.204,0.99315,0.9936,10.80,1.20
2007.11.15 02:08:35.378,0.99315,0.9936,10.80,1.20
2007.11.15 02:08:35.550,0.99315,0.9936,10.80,1.20
2007.11.15 02:08:35.723,0.9932,0.9936,2.00,1.20
2007.11.15 02:08:36.056,0.9932,0.9936,0.70,1.20
2007.11.15 02:08:36.390,0.9932,0.9936,4.00,1.20
2007.11.15 02:08:36.722,0.9932,0.9936,4.00,1.20
2007.11.15 02:08:36.885,0.9932,0.9936,4.00,1.20
2007.11.15 02:08:37.048,0.9932,0.9936,4.00,1.20
2007.11.15 02:08:37.211,0.9932,0.9936,1.60,1.20
2007.11.15 02:08:37.375,0.9932,0.9936,1.60,1.20
2007.11.15 02:08:37.537,0.9932,0.9936,1.60,1.20
2007.11.15 02:08:37.700,0.9932,0.9936,1.60,1.20
2007.11.15 02:08:38.084,0.9932,0.9936,1.60,1.20
2007.11.15 02:08:38.360,0.9932,0.9936,1.60,1.20
2007.11.15 02:08:38.638,0.9932,0.9936,1.60,1.20
2007.11.15 02:08:38.918,0.9932,0.9936,1.60,1.20
2007.11.15 02:08:39.060,0.9932,0.9936,1.60,1.20
2007.11.15 02:08:39.201,0.9932,0.9936,1.60,1.20
2007.11.15 02:08:39.343,0.9932,0.9936,1.60,1.20
2007.11.15 02:08:39.487,0.9932,0.9936,1.60,1.20
2007.11.15 02:08:39.629,0.9932,0.9936,1.60,1.20
2007.11.15 02:08:39.771,0.9932,0.9936,4.00,1.20
2007.11.15 02:08:40.104,0.9932,0.9936,4.00,1.20
2007.11.15 02:08:40.437,0.9932,0.9936,4.00,1.20
2007.11.15 02:08:40.770,0.9932,0.9936,4.00,1.20
2007.11.15 02:08:40.883,0.9932,0.9936,4.00,1.20
2007.11.15 02:08:40.996,0.9932,0.9936,4.00,1.20
2007.11.15 02:08:41.110,0.9932,0.9936,4.00,1.20
2007.11.15 02:08:41.223,0.9932,0.9936,4.00,1.20
2007.11.15 02:08:41.334,0.9932,0.9936,4.00,1.20
2007.11.15 02:08:41.448,0.9932,0.9936,4.00,1.20
2007.11.15 02:08:41.560,0.9932,0.9936,4.00,1.20
2007.11.15 02:08:41.673,0.9932,0.9936,4.80,1.20
2007.11.15 02:08:41.786,0.9932,0.9936,5.20,1.20
2007.11.15 02:08:42.069,0.9932,0.9936,5.20,1.20
2007.11.15 02:08:42.352,0.9932,0.9936,5.20,1.20
2007.11.15 02:08:42.634,0.9932,0.9936,5.20,1.20
2007.11.15 02:08:42.917,0.9932,0.9935,4.00,0.50
2007.11.15 02:08:43.081,0.9932,0.9935,4.00,0.50
2007.11.15 02:08:43.243,0.9932,0.9935,2.40,0.50
2007.11.15 02:08:43.407,0.9932,0.9935,2.40,0.50
2007.11.15 02:08:43.569,0.9932,0.9935,2.40,0.50
2007.11.15 02:08:43.732,0.9932,0.9935,2.40,0.50
2007.11.15 02:08:43.894,0.9932,0.9935,2.40,0.50
2007.11.15 02:08:44.057,0.9932,0.9935,2.40,0.50
2007.11.15 02:08:44.265,0.9932,0.9935,2.40,0.50
2007.11.15 02:08:44.473,0.9932,0.9935,2.40,0.50
2007.11.15 02:08:44.692,0.9932,0.9935,2.40,0.50
2007.11.15 02:08:44.896,0.9932,0.9935,2.40,0.50
2007.11.15 02:08:45.144,0.9932,0.9935,2.40,0.50
2007.11.15 02:08:45.397,0.9932,0.9935,2.40,0.50
2007.11.15 02:08:45.645,0.9932,0.9935,2.40,0.50
2007.11.15 02:08:45.892,0.9932,0.9935,2.40,0.50
2007.11.15 02:08:46.141,0.9932,0.9935,2.40,0.50
2007.11.15 02:08:46.301,0.9932,0.9934,2.40,0.50
2007.11.15 02:08:46.465,0.9932,0.9934,2.40,0.50
2007.11.15 02:08:46.618,0.9932,0.9934,2.40,0.50
2007.11.15 02:08:46.775,0.9932,0.9935,2.40,1.40
2007.11.15 02:08:46.940,0.9932,0.9935,2.40,1.20
2007.11.15 02:08:47.091,0.9932,0.9935,2.40,1.20
2007.11.15 02:08:47.344,0.9931,0.9935,5.20,1.20
2007.11.15 02:08:47.597,0.9931,0.9935,5.20,1.20
2007.11.15 02:08:47.850,0.9931,0.9935,5.20,1.20
2007.11.15 02:08:48.103,0.9931,0.9935,5.20,1.20
2007.11.15 02:08:48.355,0.9931,0.9935,5.20,1.20
2007.11.15 02:08:48.503,0.9931,0.9935,5.20,1.20
2007.11.15 02:08:48.650,0.9931,0.9935,5.20,1.20
2007.11.15 02:08:48.797,0.9931,0.9935,5.20,1.20
2007.11.15 02:08:48.945,0.9931,0.9935,5.20,1.20
2007.11.15 02:08:49.098,0.9931,0.9935,5.20,1.20
2007.11.15 02:08:49.245,0.9931,0.9935,5.20,1.20
2007.11.15 02:08:49.433,0.9931,0.9935,5.20,1.20
2007.11.15 02:08:49.621,0.9931,0.9935,5.20,1.20
2007.11.15 02:08:49.809,0.9931,0.9935,5.20,1.20
2007.11.15 02:08:49.997,0.9931,0.9935,3.60,1.20
2007.11.15 02:08:50.184,0.9931,0.9935,3.60,1.20
2007.11.15 02:08:50.434,0.9931,0.9935,3.60,1.20
2007.11.15 02:08:50.681,0.9931,0.9935,3.60,1.20
2007.11.15 02:08:50.929,0.9931,0.9935,3.60,1.20
2007.11.15 02:08:51.177,0.9931,0.9935,3.60,1.20
2007.11.15 02:08:51.289,0.9931,0.9935,3.60,1.20
2007.11.15 02:08:51.402,0.9931,0.9935,3.60,1.20
2007.11.15 02:08:51.515,0.9931,0.9935,3.60,1.20
2007.11.15 02:08:51.626,0.9931,0.9935,3.60,1.20
2007.11.15 02:08:51.738,0.9931,0.9935,3.60,1.20
2007.11.15 02:08:51.856,0.9931,0.9935,3.60,1.20
2007.11.15 02:08:51.969,0.9931,0.9935,3.60,1.20
2007.11.15 02:08:52.083,0.9931,0.9935,3.60,1.20
2007.11.15 02:08:52.196,0.9931,0.9935,3.60,1.20
2007.11.15 02:08:52.428,0.9931,0.9935,3.60,1.20
2007.11.15 02:08:52.661,0.9931,0.9935,3.60,1.20
2007.11.15 02:08:52.894,0.9931,0.9935,3.60,1.20
2007.11.15 02:08:53.127,0.9931,0.9935,3.60,1.20
2007.11.15 02:08:53.359,0.9932,0.9935,2.40,1.20
2007.11.15 02:08:53.487,0.9932,0.9935,2.40,1.20
2007.11.15 02:08:53.615,0.9932,0.9935,2.40,1.20
2007.11.15 02:08:53.743,0.9932,0.9935,2.40,1.20
2007.11.15 02:08:53.871,0.9932,0.9935,2.40,1.20
2007.11.15 02:08:53.999,0.9932,0.9935,2.40,1.20
2007.11.15 02:08:54.126,0.9932,0.9935,2.40,1.20
2007.11.15 02:08:54.254,0.9932,0.9935,2.40,1.20
2007.11.15 02:08:54.477,0.9932,0.9935,2.40,1.20
2007.11.15 02:08:54.700,0.9932,0.9935,2.40,1.20
2007.11.15 02:08:54.923,0.9932,0.9935,2.40,1.20
2007.11.15 02:08:55.146,0.9932,0.9935,2.40,1.20
2007.11.15 02:08:55.369,0.9932,0.9935,2.40,1.20
2007.11.15 02:08:55.612,0.9932,0.9935,2.40,1.20
2007.11.15 02:08:55.854,0.9932,0.9935,2.40,1.20
2007.11.15 02:08:56.098,0.9932,0.9935,2.40,1.20
2007.11.15 02:08:56.340,0.9932,0.9935,2.40,1.20
2007.11.15 02:08:56.602,0.9932,0.9935,2.40,1.20
2007.11.15 02:08:56.759,0.9932,0.9935,2.40,1.20
2007.11.15 02:08:56.916,0.9932,0.9935,2.40,1.20
2007.11.15 02:08:57.075,0.9932,0.9935,2.40,1.20
2007.11.15 02:08:57.234,0.9932,0.9935,2.40,1.20
2007.11.15 02:08:57.392,0.9932,0.9935,2.40,1.20
2007.11.15 02:08:57.554,0.9932,0.9935,2.40,1.20
2007.11.15 02:08:57.717,0.9932,0.9935,2.40,1.20
2007.11.15 02:08:57.880,0.9932,0.9935,2.40,1.20
2007.11.15 02:08:58.047,0.9932,0.9935,2.40,1.20
2007.11.15 02:08:58.210,0.9932,0.9935,2.40,1.20
2007.11.15 02:08:58.373,0.9932,0.9935,2.40,1.20
2007.11.15 02:08:58.536,0.9932,0.9935,2.40,1.20
2007.11.15 02:08:58.714,0.9932,0.9935,2.40,1.20
2007.11.15 02:08:58.892,0.9932,0.9935,2.40,1.20
2007.11.15 02:08:59.071,0.9932,0.9935,2.40,1.20
2007.11.15 02:08:59.249,0.9932,0.9935,2.40,1.20
2007.11.15 02:08:59.427,0.9932,0.9935,2.40,1.20
2007.11.15 02:08:59.603,0.9932,0.9935,2.40,1.20
2007.11.15 02:08:59.767,0.9932,0.9935,2.40,1.20
2007.11.15 02:08:59.936,0.9932,0.9935,2.40,1.20
2007.11.15 02:09:00.092,0.9932,0.9935,2.40,1.20
2007.11.15 02:09:00.255,0.9932,0.9935,2.40,1.20
2007.11.15 02:09:00.418,0.9932,0.9935,2.40,1.20
2007.11.15 02:09:00.580,0.9932,0.9935,2.40,1.20
2007.11.15 02:09:00.744,0.9932,0.9935,2.40,1.20
2007.11.15 02:09:01.027,0.9932,0.9935,2.40,1.20
2007.11.15 02:09:01.310,0.9932,0.9935,2.40,1.20
2007.11.15 02:09:01.594,0.9932,0.9935,2.40,1.20
2007.11.15 02:09:01.606,0.9931,0.9935,3.60,1.20
2007.11.15 02:09:01.732,0.9932,0.9935,1.40,1.20
2007.11.15 02:09:01.870,0.9932,0.9935,1.10,1.20
2007.11.15 02:09:02.008,0.9932,0.9935,0.50,1.20
2007.11.15 02:09:02.146,0.9931,0.9935,3.60,1.20
2007.11.15 02:09:02.284,0.9932,0.9935,1.30,1.20
2007.11.15 02:09:02.422,0.9932,0.9935,1.30,1.20
2007.11.15 02:09:02.560,0.9932,0.9935,1.00,1.20
2007.11.15 02:09:02.757,0.9931,0.9935,3.60,1.20
2007.11.15 02:09:02.960,0.9932,0.9935,0.90,1.20
2007.11.15 02:09:03.163,0.9932,0.9935,1.10,1.20
2007.11.15 02:09:03.371,0.9932,0.9935,0.70,1.20
2007.11.15 02:09:03.574,0.9931,0.9935,3.60,1.20
2007.11.15 02:09:03.777,0.9932,0.9935,1.20,1.20
2007.11.15 02:09:03.985,0.9932,0.9935,0.70,1.20
2007.11.15 02:09:04.192,0.9932,0.9935,0.90,1.20
2007.11.15 02:09:04.400,0.9932,0.9935,1.50,1.20
2007.11.15 02:09:04.607,0.9932,0.9935,1.60,1.20
2007.11.15 02:09:04.816,0.9932,0.9935,0.90,1.20
2007.11.15 02:09:05.068,0.9931,0.9935,3.60,1.20
2007.11.15 02:09:05.321,0.9932,0.9935,1.60,1.20
2007.11.15 02:09:05.574,0.9932,0.9935,1.00,1.20
2007.11.15 02:09:05.826,0.9931,0.9935,3.60,1.20
2007.11.15 02:09:05.990,0.9932,0.9935,1.10,1.20
2007.11.15 02:09:06.152,0.9931,0.9935,3.60,1.20
2007.11.15 02:09:06.316,0.9932,0.9935,1.10,1.20
2007.11.15 02:09:06.478,0.9931,0.9935,3.60,1.20
2007.11.15 02:09:06.641,0.9931,0.9935,3.60,1.20
2007.11.15 02:09:06.804,0.9931,0.9935,3.60,1.20
2007.11.15 02:09:06.967,0.9932,0.9935,1.30,1.20
2007.11.15 02:09:07.150,0.9932,0.9935,0.60,1.20
2007.11.15 02:09:07.333,0.9931,0.9935,3.60,1.20
2007.11.15 02:09:07.515,0.9931,0.9935,3.60,1.20
2007.11.15 02:09:07.698,0.9932,0.9935,1.10,1.20
2007.11.15 02:09:07.880,0.9931,0.9935,3.60,1.20
2007.11.15 02:09:08.063,0.9932,0.9935,1.20,1.20
2007.11.15 02:09:08.220,0.9932,0.9935,0.50,1.20
2007.11.15 02:09:08.379,0.9931,0.9935,3.60,1.20
2007.11.15 02:09:08.536,0.9932,0.9935,0.60,1.20
2007.11.15 02:09:08.695,0.9931,0.9935,3.60,1.20
2007.11.15 02:09:08.924,0.9931,0.9935,3.60,1.20
2007.11.15 02:09:09.073,0.9932,0.9935,1.20,1.20
2007.11.15 02:09:09.221,0.9932,0.9935,1.40,1.20
2007.11.15 02:09:09.368,0.9931,0.9935,3.60,1.20
2007.11.15 02:09:09.516,0.9931,0.9935,3.60,1.20
2007.11.15 02:09:09.663,0.9931,0.9935,3.60,1.20
2007.11.15 02:09:09.811,0.9931,0.9935,3.60,1.20
2007.11.15 02:09:09.958,0.9932,0.9935,1.00,1.20
2007.11.15 02:09:10.226,0.9932,0.9935,0.90,1.20
2007.11.15 02:09:10.493,0.9931,0.9935,3.60,1.20
2007.11.15 02:09:10.761,0.9931,0.9935,3.60,1.20
2007.11.15 02:09:11.028,0.9931,0.9935,3.60,1.20
2007.11.15 02:09:11.301,0.9932,0.9935,1.00,1.20
2007.11.15 02:09:11.394,0.9931,0.9935,3.60,1.20
2007.11.15 02:09:11.493,0.9931,0.9935,3.60,1.20
2007.11.15 02:09:11.591,0.9932,0.9935,0.90,1.20
2007.11.15 02:09:11.688,0.9932,0.9935,1.10,1.20
2007.11.15 02:09:11.786,0.9931,0.9935,3.60,1.20
2007.11.15 02:09:11.885,0.9931,0.9935,3.60,1.20
2007.11.15 02:09:11.982,0.9931,0.9935,3.60,1.20
2007.11.15 02:09:12.080,0.9931,0.9935,3.60,1.20
2007.11.15 02:09:12.374,0.9932,0.9935,1.20,1.20
2007.11.15 02:09:12.666,0.9931,0.9935,3.60,1.20
2007.11.15 02:09:12.959,0.9931,0.9935,3.60,1.20
2007.11.15 02:09:13.252,0.9932,0.9935,1.50,1.20
2007.11.15 02:09:13.404,0.9931,0.9935,3.60,1.20
2007.11.15 02:09:13.558,0.9932,0.9935,1.10,1.20
2007.11.15 02:09:13.711,0.9932,0.9935,1.60,1.20
2007.11.15 02:09:13.863,0.9931,0.9935,3.60,1.20
2007.11.15 02:09:14.015,0.9931,0.9935,3.60,1.20
2007.11.15 02:09:14.169,0.9931,0.9935,3.60,1.20
2007.11.15 02:09:14.321,0.9932,0.9935,1.00,1.20
2007.11.15 02:09:14.510,0.9931,0.9935,3.60,1.20
2007.11.15 02:09:14.697,0.9931,0.9935,3.60,1.20
2007.11.15 02:09:14.886,0.9932,0.9935,1.60,1.20
2007.11.15 02:09:15.090,0.9932,0.9935,1.30,1.20
2007.11.15 02:09:15.278,0.9932,0.9935,0.80,1.20
2007.11.15 02:09:15.526,0.9931,0.9935,27.20,1.20
2007.11.15 02:09:15.774,0.9931,0.9935,28.00,1.20
2007.11.15 02:09:16.023,0.9932,0.9935,0.70,0.80
2007.11.15 02:09:16.270,0.99315,0.9935,12.00,0.80
2007.11.15 02:09:16.518,0.99315,0.9935,12.00,0.80
2007.11.15 02:09:16.717,0.99315,0.9936,12.00,1.20
2007.11.15 02:09:16.915,0.9932,0.9936,0.50,1.20
2007.11.15 02:09:17.112,0.9932,0.9936,0.70,1.20
2007.11.15 02:09:17.310,0.9932,0.9936,3.00,1.20
2007.11.15 02:09:17.442,0.99315,0.9936,12.00,1.20
2007.11.15 02:09:17.576,0.9932,0.9936,1.50,1.20
2007.11.15 02:09:17.709,0.99315,0.9936,12.00,1.20
2007.11.15 02:09:17.843,0.99315,0.9936,12.00,1.20
2007.11.15 02:09:17.975,0.99315,0.9936,12.00,1.20
2007.11.15 02:09:18.108,0.99315,0.9936,12.00,1.20
2007.11.15 02:09:18.240,0.99315,0.9936,12.00,1.20
2007.11.15 02:09:18.373,0.9932,0.9936,1.60,1.20
2007.11.15 02:09:18.570,0.9932,0.9936,2.90,1.20
2007.11.15 02:09:18.768,0.9932,0.9936,2.20,1.20
2007.11.15 02:09:18.967,0.99315,0.9936,10.80,1.20
2007.11.15 02:09:19.165,0.9931,0.9936,31.20,1.20
2007.11.15 02:09:19.362,0.9931,0.9936,31.20,1.20
2007.11.15 02:09:19.625,0.9932,0.9936,0.90,1.20
2007.11.15 02:09:19.888,0.9932,0.9936,6.40,0.80
2007.11.15 02:09:20.152,0.9933,0.9936,1.80,0.80
2007.11.15 02:09:20.415,0.9932,0.9936,23.60,0.80
2007.11.15 02:09:20.657,0.9932,0.9936,23.60,0.80
2007.11.15 02:09:20.900,0.9932,0.9936,31.60,0.80
2007.11.15 02:09:21.255,0.9932,0.9937,30.00,0.80
2007.11.15 02:09:21.499,0.9932,0.9937,27.60,0.80
2007.11.15 02:09:21.645,0.9932,0.9937,27.60,0.80
2007.11.15 02:09:21.794,0.9933,0.9937,3.30,0.80
2007.11.15 02:09:21.942,0.9933,0.9937,0.90,0.80
2007.11.15 02:09:22.090,0.9931,0.9937,28.80,0.80
2007.11.15 02:09:22.237,0.9931,0.9937,28.80,0.80
2007.11.15 02:09:22.386,0.9932,0.9937,4.20,0.80
2007.11.15 02:09:22.534,0.9931,0.9937,28.80,0.80
2007.11.15 02:09:22.822,0.9932,0.9937,4.30,0.80
2007.11.15 02:09:23.100,0.9931,0.9937,28.80,0.80
2007.11.15 02:09:23.382,0.9932,0.9937,1.30,0.80
2007.11.15 02:09:23.665,0.9931,0.9937,28.80,0.80
2007.11.15 02:09:23.762,0.9932,0.9937,0.80,0.80
2007.11.15 02:09:23.864,0.9932,0.9937,7.30,0.80
2007.11.15 02:09:23.961,0.9931,0.9937,28.80,0.80
2007.11.15 02:09:24.059,0.9932,0.9937,7.20,0.80
2007.11.15 02:09:24.156,0.9931,0.9937,28.80,0.80
2007.11.15 02:09:24.254,0.9931,0.9937,28.80,0.80
2007.11.15 02:09:24.352,0.9932,0.9937,7.80,0.80
2007.11.15 02:09:24.449,0.9931,0.9937,28.80,0.80
2007.11.15 02:09:24.548,0.9932,0.9937,10.20,0.80
2007.11.15 02:09:24.645,0.9931,0.9937,28.80,0.80
2007.11.15 02:09:24.744,0.9932,0.9937,8.40,0.80
2007.11.15 02:09:25.012,0.9931,0.9937,28.80,0.80
2007.11.15 02:09:25.280,0.9932,0.9937,1.80,0.80
2007.11.15 02:09:25.548,0.9932,0.9937,5.90,0.80
2007.11.15 02:09:25.817,0.9931,0.9937,30.00,0.80
2007.11.15 02:09:26.110,0.9932,0.9937,26.40,0.80
2007.11.15 02:09:26.402,0.99325,0.9937,3.50,0.80
2007.11.15 02:09:26.694,0.9932,0.9937,26.40,0.80
2007.11.15 02:09:26.988,0.99325,0.9938,1.30,13.20
2007.11.15 02:09:27.200,0.9932,0.9938,17.60,13.20
2007.11.15 02:09:27.409,0.9932,0.9938,13.60,13.20
2007.11.15 02:09:27.616,0.99325,0.9938,1.40,13.20
2007.11.15 02:09:27.824,0.9932,0.9937,24.80,0.50
2007.11.15 02:09:28.078,0.99325,0.9937,0.60,1.20
2007.11.15 02:09:28.331,0.9931,0.9937,30.00,1.20
2007.11.15 02:09:28.583,0.9932,0.9937,0.90,1.20
2007.11.15 02:09:28.837,0.9931,0.9937,30.00,0.80
2007.11.15 02:09:29.040,0.9932,0.9937,6.20,0.80
2007.11.15 02:09:29.243,0.99325,0.9937,2.70,0.80
2007.11.15 02:09:29.447,0.99325,0.9937,1.30,0.80
2007.11.15 02:09:29.650,0.99325,0.9937,2.80,0.80
2007.11.15 02:09:29.854,0.99325,0.9937,10.80,0.80
2007.11.15 02:09:30.096,0.99325,0.9937,10.80,0.80
2007.11.15 02:09:30.339,0.99325,0.9937,12.00,0.50
2007.11.15 02:09:30.583,0.9933,0.9937,2.40,0.50
2007.11.15 02:09:30.826,0.99325,0.9937,9.60,0.50
2007.11.15 02:09:31.070,0.99325,0.9937,9.60,0.50
2007.11.15 02:09:31.383,0.99325,0.9937,9.60,1.20
2007.11.15 02:09:31.695,0.99325,0.9937,9.60,1.20
2007.11.15 02:09:32.009,0.99325,0.9937,9.60,1.20
2007.11.15 02:09:32.126,0.9933,0.9937,1.30,1.20
2007.11.15 02:09:32.243,0.99325,0.9937,9.60,1.20
2007.11.15 02:09:32.361,0.9933,0.9937,1.10,1.20
2007.11.15 02:09:32.479,0.99325,0.9937,9.60,1.20
2007.11.15 02:09:32.597,0.99325,0.9937,9.60,1.20
2007.11.15 02:09:32.715,0.99325,0.9937,9.60,1.20
2007.11.15 02:09:32.833,0.9933,0.9937,0.90,1.20
2007.11.15 02:09:32.950,0.99325,0.9937,9.60,1.20
2007.11.15 02:09:33.068,0.9933,0.9937,0.60,1.20
2007.11.15 02:09:33.301,0.9933,0.9937,1.30,1.20
2007.11.15 02:09:33.567,0.9933,0.9937,1.60,1.20
2007.11.15 02:09:33.800,0.9933,0.9937,0.80,1.20
2007.11.15 02:09:34.033,0.99325,0.9937,9.60,1.20
2007.11.15 02:09:34.267,0.99325,0.9937,9.60,1.20
2007.11.15 02:09:34.380,0.99325,0.9937,9.60,1.20
2007.11.15 02:09:34.494,0.9933,0.9937,1.00,1.20
2007.11.15 02:09:34.607,0.99325,0.9937,9.60,1.20
2007.11.15 02:09:34.720,0.99325,0.9937,9.60,1.20
2007.11.15 02:09:34.834,0.99325,0.9937,9.60,1.20
2007.11.15 02:09:34.947,0.99325,0.9937,9.60,1.20
2007.11.15 02:09:35.060,0.9933,0.9937,1.10,1.20
2007.11.15 02:09:35.393,0.9933,0.9937,0.60,1.20
2007.11.15 02:09:35.725,0.9933,0.9937,0.50,1.20
2007.11.15 02:09:36.058,0.99325,0.9937,9.60,1.20
2007.11.15 02:09:36.152,0.9933,0.9937,0.50,1.20
2007.11.15 02:09:36.245,0.99325,0.9937,9.60,1.20
2007.11.15 02:09:36.337,0.99325,0.9937,9.60,1.20
2007.11.15 02:09:36.431,0.9933,0.9937,0.80,1.20
2007.11.15 02:09:36.524,0.99325,0.9937,9.60,1.20
2007.11.15 02:09:36.617,0.99325,0.9937,9.60,1.20
2007.11.15 02:09:36.714,0.99325,0.9937,9.60,1.20
2007.11.15 02:09:36.807,0.99325,0.9937,9.60,1.20
2007.11.15 02:09:36.899,0.99325,0.9937,9.60,1.20
2007.11.15 02:09:36.992,0.99325,0.9937,9.60,1.20
2007.11.15 02:09:37.085,0.99325,0.9937,9.60,1.20
2007.11.15 02:09:37.359,0.99325,0.9937,9.60,1.20
2007.11.15 02:09:37.621,0.99325,0.9937,9.60,1.20
2007.11.15 02:09:37.889,0.99325,0.9937,9.60,1.20
2007.11.15 02:09:38.157,0.99325,0.9937,9.60,1.20
2007.11.15 02:09:38.311,0.99325,0.9937,9.60,1.20
2007.11.15 02:09:38.463,0.9933,0.9937,0.60,1.20
2007.11.15 02:09:38.617,0.9933,0.9937,3.30,1.20
2007.11.15 02:09:38.769,0.9933,0.9937,1.30,1.20
2007.11.15 02:09:38.921,0.9933,0.9937,1.50,1.20
2007.11.15 02:09:39.074,0.9933,0.9937,4.70,1.20
2007.11.15 02:09:39.227,0.9933,0.9937,2.30,1.20
2007.11.15 02:09:39.494,0.9933,0.9937,4.70,1.20
2007.11.15 02:09:39.762,0.9933,0.9937,3.20,1.20
2007.11.15 02:09:40.030,0.9933,0.9937,3.20,1.20
2007.11.15 02:09:40.298,0.99325,0.9937,17.60,1.20
2007.11.15 02:09:40.511,0.9933,0.9937,4.10,1.20
2007.11.15 02:09:40.724,0.9933,0.9937,1.70,1.20
2007.11.15 02:09:40.937,0.99325,0.9937,17.60,1.20
2007.11.15 02:09:41.149,0.99325,0.9937,17.60,1.20
2007.11.15 02:09:41.362,0.99325,0.9937,17.60,1.20
2007.11.15 02:09:41.500,0.9933,0.9937,1.90,1.20
2007.11.15 02:09:41.637,0.9933,0.9937,2.70,1.20
2007.11.15 02:09:41.776,0.9933,0.9937,3.80,1.20
2007.11.15 02:09:41.912,0.99325,0.9937,13.60,1.20
2007.11.15 02:09:42.050,0.99325,0.9937,13.60,1.20
2007.11.15 02:09:42.188,0.99325,0.9937,13.60,1.20
2007.11.15 02:09:42.326,0.99325,0.9937,13.60,1.20
2007.11.15 02:09:42.465,0.9933,0.9937,2.60,1.20
2007.11.15 02:09:42.667,0.9933,0.9937,2.50,1.20
2007.11.15 02:09:42.871,0.9933,0.9937,1.00,1.20
2007.11.15 02:09:43.073,0.9933,0.9937,2.70,1.20
2007.11.15 02:09:43.275,0.99325,0.9937,13.60,1.20
2007.11.15 02:09:43.478,0.99325,0.9937,13.60,1.20
2007.11.15 02:09:43.636,0.9933,0.9937,2.90,1.20
2007.11.15 02:09:43.794,0.9933,0.9937,3.20,1.20
2007.11.15 02:09:43.952,0.9933,0.9937,3.40,1.20
2007.11.15 02:09:44.111,0.99325,0.9937,13.60,1.20
2007.11.15 02:09:44.269,0.9934,0.9937,0.70,1.20
2007.11.15 02:09:44.426,0.9933,0.9937,9.20,1.20
2007.11.15 02:09:44.584,0.9934,0.9937,1.40,1.20
2007.11.15 02:09:44.792,0.9933,0.9937,9.20,1.20
2007.11.15 02:09:45.000,0.9933,0.9937,9.20,1.20
2007.11.15 02:09:45.208,0.9933,0.9937,9.20,1.20
2007.11.15 02:09:45.421,0.9933,0.9937,9.20,1.20
2007.11.15 02:09:45.628,0.9933,0.9937,9.20,1.20
2007.11.15 02:09:45.900,0.9933,0.9937,9.20,1.20
2007.11.15 02:09:46.150,0.9933,0.9937,9.20,1.20
2007.11.15 02:09:46.397,0.9933,0.9937,9.20,1.20
2007.11.15 02:09:46.644,0.9934,0.9937,0.50,1.20
2007.11.15 02:09:46.772,0.9933,0.9937,9.20,1.20
2007.11.15 02:09:46.901,0.9934,0.9937,1.20,1.20
2007.11.15 02:09:47.029,0.9933,0.9937,9.20,1.20
2007.11.15 02:09:47.157,0.9934,0.9937,1.10,1.20
2007.11.15 02:09:47.287,0.9933,0.9937,9.20,1.20
2007.11.15 02:09:47.415,0.9934,0.9937,1.10,1.20
2007.11.15 02:09:47.543,0.9933,0.9937,9.20,1.20
2007.11.15 02:09:47.671,0.9933,0.9937,9.20,1.20
2007.11.15 02:09:47.889,0.9934,0.9937,1.10,1.20
2007.11.15 02:09:48.107,0.9933,0.9937,9.20,1.20
2007.11.15 02:09:48.325,0.9934,0.9937,0.50,1.20
2007.11.15 02:09:48.543,0.9933,0.9937,9.20,1.20
2007.11.15 02:09:48.761,0.9934,0.9937,1.40,1.20
2007.11.15 02:09:48.897,0.9933,0.9937,9.20,1.20
2007.11.15 02:09:49.030,0.9933,0.9937,9.20,1.20
2007.11.15 02:09:49.164,0.9934,0.9937,0.80,1.20
2007.11.15 02:09:49.296,0.9934,0.9937,1.50,1.20
2007.11.15 02:09:49.428,0.9934,0.9937,0.70,1.20
2007.11.15 02:09:49.566,0.9933,0.9937,9.20,1.20
2007.11.15 02:09:49.693,0.9933,0.9937,9.20,1.20
2007.11.15 02:09:49.826,0.9933,0.9937,9.20,1.20
2007.11.15 02:09:50.039,0.9934,0.9937,0.60,1.20
2007.11.15 02:09:50.252,0.9933,0.9937,9.20,1.20
2007.11.15 02:09:50.472,0.9933,0.9937,9.20,1.20
2007.11.15 02:09:50.683,0.9934,0.9937,1.10,1.20
2007.11.15 02:09:50.895,0.9933,0.9937,9.20,1.20
2007.11.15 02:09:51.162,0.9933,0.9937,9.20,1.20
2007.11.15 02:09:51.430,0.9934,0.9937,0.60,1.20
2007.11.15 02:09:51.697,0.9933,0.9937,9.20,1.20
2007.11.15 02:09:52.070,0.9934,0.9937,1.40,1.20
2007.11.15 02:09:52.238,0.9934,0.9937,1.40,1.20
2007.11.15 02:09:52.407,0.9933,0.9937,9.20,1.20
2007.11.15 02:09:52.574,0.9933,0.9937,9.20,1.20
2007.11.15 02:09:52.742,0.9934,0.9937,1.30,1.20
2007.11.15 02:09:52.910,0.9934,0.9937,0.60,1.20
2007.11.15 02:09:53.113,0.9934,0.9937,2.40,1.20
2007.11.15 02:09:53.318,0.9934,0.9937,2.40,1.20
2007.11.15 02:09:53.521,0.9934,0.9937,2.40,1.20
2007.11.15 02:09:53.723,0.9934,0.9937,2.40,1.20
2007.11.15 02:09:53.926,0.9934,0.9937,2.40,1.20
2007.11.15 02:09:54.144,0.9934,0.9937,2.40,1.20
2007.11.15 02:09:54.361,0.9934,0.9937,2.40,1.20
2007.11.15 02:09:54.579,0.9934,0.9937,2.40,1.20
2007.11.15 02:09:54.803,0.9934,0.9937,2.40,1.20
2007.11.15 02:09:55.014,0.9934,0.9937,2.40,1.20
2007.11.15 02:09:55.072,0.9934,0.99375,2.40,2.00
2007.11.15 02:09:55.207,0.9934,0.99375,2.40,2.00
2007.11.15 02:09:55.399,0.9934,0.99375,2.40,2.00
2007.11.15 02:09:55.591,0.9934,0.99375,2.40,2.00
2007.11.15 02:09:55.785,0.9934,0.99375,2.40,2.00
2007.11.15 02:09:55.983,0.9934,0.9937,2.40,0.90
2007.11.15 02:09:56.250,0.9934,0.99375,2.40,2.00
2007.11.15 02:09:56.518,0.9934,0.99375,2.40,2.00
2007.11.15 02:09:56.792,0.9934,0.9937,2.40,0.80
2007.11.15 02:09:57.054,0.9934,0.99375,2.40,2.00
2007.11.15 02:09:57.183,0.9934,0.9937,2.40,0.80
2007.11.15 02:09:57.310,0.9934,0.99375,2.40,2.00
2007.11.15 02:09:57.438,0.9934,0.9937,2.40,0.90
2007.11.15 02:09:57.565,0.9934,0.9937,2.40,0.80
2007.11.15 02:09:57.693,0.9934,0.9937,2.40,0.90
2007.11.15 02:09:57.820,0.9934,0.9937,2.40,0.90
2007.11.15 02:09:57.948,0.9934,0.99375,2.40,2.00
2007.11.15 02:09:58.076,0.9934,0.99375,2.40,2.00
2007.11.15 02:09:58.279,0.9934,0.99375,2.40,2.00
2007.11.15 02:09:58.483,0.9934,0.99375,2.40,2.00
2007.11.15 02:09:58.686,0.9934,0.99375,2.40,2.00
2007.11.15 02:09:58.889,0.9934,0.9937,2.40,0.90
2007.11.15 02:09:59.092,0.9934,0.99375,2.40,2.00
2007.11.15 02:09:59.230,0.9934,0.99375,2.40,2.00
2007.11.15 02:09:59.368,0.9934,0.99375,2.40,2.00
2007.11.15 02:09:59.506,0.9934,0.99375,2.40,2.40
2007.11.15 02:09:59.644,0.9934,0.99375,2.40,2.40
2007.11.15 02:09:59.782,0.9934,0.9937,2.40,0.60
2007.11.15 02:09:59.920,0.9934,0.99375,2.40,2.40
2007.11.15 02:10:00.059,0.9934,0.9937,2.40,0.90
2007.11.15 02:10:00.197,0.9934,0.99375,2.40,2.00
2007.11.15 02:10:00.474,0.9934,0.99375,2.40,2.00
2007.11.15 02:10:00.751,0.9934,0.99375,2.40,2.00
2007.11.15 02:10:01.028,0.9934,0.99375,2.40,2.00
2007.11.15 02:10:01.305,0.9934,0.99375,2.40,2.00
2007.11.15 02:10:01.582,0.9934,0.99375,2.40,2.00
2007.11.15 02:10:01.725,0.9934,0.99375,2.40,2.00
2007.11.15 02:10:01.867,0.9934,0.99375,2.40,2.00
2007.11.15 02:10:02.009,0.9934,0.99375,2.40,2.00
2007.11.15 02:10:02.153,0.9934,0.99375,2.40,2.00
2007.11.15 02:10:02.295,0.9934,0.99375,2.40,2.00
2007.11.15 02:10:02.438,0.9934,0.99375,2.40,2.00
2007.11.15 02:10:02.641,0.9934,0.99375,2.40,2.00
2007.11.15 02:10:02.843,0.9934,0.9937,2.40,0.70
2007.11.15 02:10:03.047,0.9934,0.9937,2.40,0.60
2007.11.15 02:10:03.250,0.9934,0.9937,2.40,0.80
2007.11.15 02:10:03.453,0.9934,0.9937,2.40,0.60
2007.11.15 02:10:03.691,0.9934,0.99375,2.40,2.00
2007.11.15 02:10:03.929,0.9934,0.99375,2.40,2.00
2007.11.15 02:10:04.167,0.9934,0.9937,2.40,0.50
2007.11.15 02:10:04.409,0.9934,0.9937,2.40,0.70
2007.11.15 02:10:04.580,0.9934,0.9937,2.40,0.80
2007.11.15 02:10:04.754,0.9934,0.99375,2.40,2.00
2007.11.15 02:10:04.926,0.9934,0.99375,2.40,2.00
2007.11.15 02:10:05.100,0.9934,0.99375,2.40,2.00
2007.11.15 02:10:05.272,0.9934,0.99375,2.40,2.00
2007.11.15 02:10:05.446,0.9934,0.99375,2.40,2.00
2007.11.15 02:10:05.763,0.9934,0.99375,2.40,2.00
2007.11.15 02:10:06.081,0.9934,0.99375,2.40,2.00
2007.11.15 02:10:06.399,0.9934,0.9937,2.40,0.50
2007.11.15 02:10:06.723,0.9934,0.9937,2.40,0.60
2007.11.15 02:10:06.875,0.9934,0.9937,2.40,0.90
2007.11.15 02:10:07.034,0.9934,0.99375,2.40,2.00
2007.11.15 02:10:07.191,0.9934,0.99375,2.40,2.00
2007.11.15 02:10:07.350,0.9934,0.99375,2.40,2.00
2007.11.15 02:10:07.507,0.9934,0.99375,2.40,2.00
2007.11.15 02:10:07.660,0.9934,0.99375,2.40,2.00
2007.11.15 02:10:07.812,0.9934,0.99375,2.40,2.00
2007.11.15 02:10:07.964,0.9934,0.99375,2.40,2.00
2007.11.15 02:10:08.118,0.9934,0.99375,2.40,2.00
2007.11.15 02:10:08.271,0.9934,0.9937,2.40,0.70
2007.11.15 02:10:08.424,0.9934,0.99375,2.40,2.00
2007.11.15 02:10:08.576,0.9934,0.9937,2.40,0.50
2007.11.15 02:10:08.730,0.9934,0.9937,2.40,0.90
2007.11.15 02:10:08.937,0.9934,0.99375,2.40,2.00
2007.11.15 02:10:09.145,0.9934,0.99375,2.40,2.00
2007.11.15 02:10:09.353,0.9934,0.9937,2.40,0.90
2007.11.15 02:10:09.561,0.9934,0.99375,2.40,2.00
2007.11.15 02:10:09.769,0.9934,0.99375,2.40,2.00
2007.11.15 02:10:09.912,0.9934,0.99375,2.40,2.00
2007.11.15 02:10:10.054,0.9934,0.99375,2.40,2.00
2007.11.15 02:10:10.197,0.9934,0.99375,2.40,2.00
2007.11.15 02:10:10.341,0.9934,0.9937,2.40,0.60
2007.11.15 02:10:10.571,0.9934,0.99375,2.40,2.00
2007.11.15 02:10:10.714,0.9934,0.9937,2.40,0.80
2007.11.15 02:10:10.971,0.9934,0.9937,2.40,0.60
2007.11.15 02:10:11.229,0.9934,0.99375,2.40,2.00
2007.11.15 02:10:11.488,0.9934,0.99375,2.40,2.00
2007.11.15 02:10:11.746,0.9934,0.9937,2.40,0.70
2007.11.15 02:10:11.904,0.9934,0.9937,2.40,0.80
2007.11.15 02:10:12.067,0.9934,0.99375,2.40,2.00
2007.11.15 02:10:12.219,0.9934,0.9937,2.40,0.90
2007.11.15 02:10:12.377,0.9934,0.99375,2.40,2.00
2007.11.15 02:10:12.535,0.9934,0.99375,2.40,2.00
2007.11.15 02:10:12.692,0.9934,0.99375,2.40,2.00
2007.11.15 02:10:12.850,0.9934,0.99375,2.40,2.00
2007.11.15 02:10:13.107,0.9934,0.99375,2.40,2.00
2007.11.15 02:10:13.360,0.9934,0.99375,2.40,2.00
2007.11.15 02:10:13.612,0.9934,0.99375,2.40,2.00
2007.11.15 02:10:13.864,0.9934,0.9937,2.40,0.80
2007.11.15 02:10:14.022,0.9934,0.99375,2.40,2.00
2007.11.15 02:10:14.179,0.9934,0.9937,2.40,0.90
2007.11.15 02:10:14.337,0.9932,0.9938,7.60,1.30
2007.11.15 02:10:14.495,0.9932,0.99375,7.60,0.80
2007.11.15 02:10:14.653,0.9932,0.9938,7.60,1.30
2007.11.15 02:10:14.811,0.9932,0.9938,7.60,1.30
2007.11.15 02:10:14.969,0.9932,0.99375,7.60,0.80
2007.11.15 02:10:15.176,0.9932,0.99375,7.60,0.80
2007.11.15 02:10:15.384,0.9932,0.9938,7.60,1.30
2007.11.15 02:10:15.591,0.9932,0.9938,7.60,1.30
2007.11.15 02:10:15.800,0.9933,0.9938,0.80,1.00
2007.11.15 02:10:16.008,0.9933,0.99375,0.80,0.80
2007.11.15 02:10:16.260,0.9933,0.9938,0.80,1.00
2007.11.15 02:10:16.512,0.9933,0.99375,0.80,0.80
2007.11.15 02:10:16.765,0.9933,0.9938,0.80,1.00
2007.11.15 02:10:17.018,0.9933,0.99375,0.80,0.80
2007.11.15 02:10:17.270,0.99325,0.9938,6.80,1.30
2007.11.15 02:10:17.418,0.9932,0.9938,7.60,1.30
2007.11.15 02:10:17.566,0.9932,0.9938,7.60,1.30
2007.11.15 02:10:17.714,0.9932,0.99375,7.60,0.80
2007.11.15 02:10:17.862,0.9932,0.9938,7.60,1.30
2007.11.15 02:10:18.009,0.9932,0.9938,7.60,1.30
2007.11.15 02:10:18.157,0.9932,0.9938,7.60,1.30
2007.11.15 02:10:18.365,0.9932,0.9938,7.60,1.30
2007.11.15 02:10:18.573,0.9932,0.99375,7.60,0.80
2007.11.15 02:10:18.780,0.9932,0.99375,7.60,0.80
2007.11.15 02:10:18.988,0.9932,0.9938,7.60,1.30
2007.11.15 02:10:19.195,0.9932,0.9938,7.60,1.30
2007.11.15 02:10:19.343,0.9932,0.9938,7.60,1.30
2007.11.15 02:10:19.491,0.9932,0.99375,7.60,0.80
2007.11.15 02:10:19.639,0.9932,0.99375,7.60,0.80
2007.11.15 02:10:19.786,0.9932,0.9938,7.60,1.30
2007.11.15 02:10:19.933,0.9932,0.9938,7.60,1.30
2007.11.15 02:10:20.080,0.9932,0.9938,7.60,1.30
2007.11.15 02:10:20.228,0.9932,0.99375,7.60,0.80
2007.11.15 02:10:20.411,0.9932,0.99375,7.60,0.80
2007.11.15 02:10:20.593,0.9932,0.99375,7.60,0.80
2007.11.15 02:10:20.776,0.9932,0.99375,7.60,0.80
2007.11.15 02:10:20.958,0.9932,0.9938,7.60,1.30
2007.11.15 02:10:21.141,0.9932,0.9938,7.60,1.30
2007.11.15 02:10:21.324,0.9932,0.99375,7.60,0.80
2007.11.15 02:10:21.581,0.9932,0.9938,7.60,1.30
2007.11.15 02:10:21.839,0.9932,0.99375,7.60,0.80
2007.11.15 02:10:22.096,0.9932,0.9938,7.60,1.30
2007.11.15 02:10:22.354,0.9932,0.9938,7.60,1.30
2007.11.15 02:10:22.472,0.9932,0.99375,7.60,0.80
2007.11.15 02:10:22.590,0.9932,0.99375,7.60,0.80
2007.11.15 02:10:22.708,0.9934,0.99365,2.40,1.30
2007.11.15 02:10:22.897,0.9934,0.99365,2.40,1.30
2007.11.15 02:10:23.014,0.9934,0.99365,2.40,1.30
2007.11.15 02:10:23.133,0.9934,0.9936,2.40,0.50
2007.11.15 02:10:23.255,0.9934,0.99365,2.40,1.30
2007.11.15 02:10:23.518,0.9934,0.9936,2.40,0.50
2007.11.15 02:10:23.781,0.9934,0.9936,2.40,0.50
2007.11.15 02:10:24.044,0.9934,0.9936,2.40,0.50
2007.11.15 02:10:24.308,0.9934,0.9936,2.40,0.50
2007.11.15 02:10:24.420,0.9934,0.9936,2.40,0.50
2007.11.15 02:10:24.533,0.9934,0.9936,2.40,0.50
2007.11.15 02:10:24.647,0.9934,0.9936,2.40,0.50
2007.11.15 02:10:24.760,0.9934,0.9936,2.40,0.50
2007.11.15 02:10:24.874,0.9934,0.9936,2.40,1.20
2007.11.15 02:10:24.988,0.9934,0.9936,2.40,1.20
2007.11.15 02:10:25.106,0.9934,0.9936,2.40,1.20
2007.11.15 02:10:25.215,0.9932,0.9936,8.00,1.20
2007.11.15 02:10:25.328,0.9932,0.9936,8.00,1.20
2007.11.15 02:10:25.662,0.9932,0.9936,8.00,1.20
2007.11.15 02:10:26.002,0.9932,0.9936,4.00,1.20
2007.11.15 02:10:26.329,0.9932,0.9936,2.40,1.20
2007.11.15 02:10:26.502,0.9932,0.9936,2.40,1.20
2007.11.15 02:10:26.676,0.9932,0.9936,2.40,1.20
2007.11.15 02:10:26.849,0.9931,0.9936,28.80,1.20
2007.11.15 02:10:27.021,0.9931,0.9936,28.80,1.20
2007.11.15 02:10:27.195,0.9931,0.9936,28.80,1.20
2007.11.15 02:10:27.367,0.9931,0.9936,28.80,1.20
2007.11.15 02:10:27.595,0.9931,0.9936,28.80,1.20
2007.11.15 02:10:27.823,0.9931,0.9936,28.80,1.20
2007.11.15 02:10:28.050,0.9931,0.9936,28.80,1.20
2007.11.15 02:10:28.278,0.9931,0.9936,28.80,1.20
2007.11.15 02:10:28.506,0.9931,0.9936,28.80,1.20
2007.11.15 02:10:28.629,0.9931,0.9936,28.80,1.20
2007.11.15 02:10:28.751,0.9931,0.9936,28.80,1.20
2007.11.15 02:10:28.874,0.9931,0.9936,28.80,1.20
2007.11.15 02:10:29.052,0.9931,0.9936,28.80,1.20
2007.11.15 02:10:29.174,0.9931,0.9936,28.80,1.20
2007.11.15 02:10:29.297,0.9931,0.9936,28.80,1.20
2007.11.15 02:10:29.420,0.9931,0.9936,28.80,1.20
2007.11.15 02:10:29.543,0.9931,0.9936,28.80,1.20
2007.11.15 02:10:29.736,0.9931,0.9936,28.80,1.20
2007.11.15 02:10:29.929,0.9931,0.9936,28.80,1.20
2007.11.15 02:10:30.121,0.9931,0.9936,28.80,1.20
2007.11.15 02:10:30.313,0.9931,0.9936,28.80,1.20
2007.11.15 02:10:30.508,0.9931,0.9936,28.80,1.20
2007.11.15 02:10:30.746,0.9931,0.9936,28.80,1.20
2007.11.15 02:10:30.990,0.9931,0.9936,28.80,1.20
2007.11.15 02:10:31.220,0.9931,0.9936,28.80,1.20
2007.11.15 02:10:31.458,0.9931,0.9936,28.80,1.20
2007.11.15 02:10:31.696,0.9931,0.9936,28.80,1.20
2007.11.15 02:10:31.819,0.9931,0.9936,28.80,1.20
2007.11.15 02:10:31.942,0.9931,0.9936,28.80,1.20
2007.11.15 02:10:32.064,0.9931,0.9936,28.80,1.20
2007.11.15 02:10:32.187,0.9931,0.9936,26.40,1.20
2007.11.15 02:10:32.317,0.9932,0.9936,1.20,1.20
2007.11.15 02:10:32.440,0.9932,0.9936,1.20,1.20
2007.11.15 02:10:32.563,0.9932,0.9936,1.20,1.20
2007.11.15 02:10:32.686,0.9932,0.9936,1.20,1.20
2007.11.15 02:10:32.934,0.9932,0.9936,1.20,1.20
2007.11.15 02:10:33.182,0.9932,0.9936,2.80,1.20
2007.11.15 02:10:33.429,0.9932,0.9936,2.80,1.20
2007.11.15 02:10:33.683,0.9932,0.9936,2.80,1.20
2007.11.15 02:10:33.815,0.9932,0.9936,2.80,1.20
2007.11.15 02:10:33.953,0.9932,0.9936,2.80,1.20
2007.11.15 02:10:34.090,0.9932,0.9936,2.80,1.20
2007.11.15 02:10:34.229,0.9932,0.9936,2.80,1.20
2007.11.15 02:10:34.366,0.9932,0.9936,2.80,1.20
2007.11.15 02:10:34.505,0.9932,0.9936,2.80,1.20
2007.11.15 02:10:34.642,0.9932,0.9936,2.80,1.20
2007.11.15 02:10:34.779,0.9932,0.9936,2.80,1.20
2007.11.15 02:10:34.972,0.9932,0.9936,2.80,1.20
2007.11.15 02:10:35.216,0.9932,0.9936,2.80,1.20
2007.11.15 02:10:35.409,0.9932,0.9936,2.80,1.20
2007.11.15 02:10:35.602,0.9932,0.9936,2.80,1.20
2007.11.15 02:10:35.795,0.9932,0.9936,1.60,1.20
2007.11.15 02:10:36.024,0.9931,0.9936,31.20,1.20
2007.11.15 02:10:36.254,0.9931,0.9936,28.80,1.20
2007.11.15 02:10:36.481,0.9931,0.9936,28.80,1.20
2007.11.15 02:10:36.709,0.9931,0.9936,28.80,1.20
2007.11.15 02:10:36.936,0.9931,0.9936,28.80,1.20
2007.11.15 02:10:37.099,0.9931,0.9936,28.80,1.20
2007.11.15 02:10:37.258,0.9932,0.9936,1.20,1.20
2007.11.15 02:10:37.416,0.9932,0.9936,1.20,1.20
2007.11.15 02:10:37.574,0.9932,0.9936,2.80,1.20
2007.11.15 02:10:37.732,0.9932,0.9936,5.20,1.20
2007.11.15 02:10:37.889,0.9932,0.9936,5.20,1.20
2007.11.15 02:10:38.117,0.9932,0.9936,5.20,1.20
2007.11.15 02:10:38.345,0.9932,0.9936,5.20,1.20
2007.11.15 02:10:38.573,0.9932,0.9936,5.20,1.20
2007.11.15 02:10:38.801,0.9932,0.9936,5.20,1.20
2007.11.15 02:10:39.034,0.9932,0.9936,5.20,1.20
2007.11.15 02:10:39.166,0.9932,0.9936,5.20,1.20
2007.11.15 02:10:39.303,0.9932,0.9936,5.20,1.20
2007.11.15 02:10:39.441,0.9932,0.9936,5.20,1.20
2007.11.15 02:10:39.579,0.9932,0.9936,5.20,1.20
2007.11.15 02:10:39.716,0.9932,0.9936,5.20,1.20
2007.11.15 02:10:39.854,0.9932,0.9936,5.20,1.20
2007.11.15 02:10:39.991,0.9932,0.9936,5.20,1.20
2007.11.15 02:10:40.249,0.9932,0.9936,5.20,1.20
2007.11.15 02:10:40.317,0.9932,0.9936,2.30,1.20
2007.11.15 02:10:40.507,0.99315,0.9936,12.00,1.20
2007.11.15 02:10:40.764,0.9932,0.9936,1.00,1.20
2007.11.15 02:10:41.021,0.9932,0.9936,1.70,1.20
2007.11.15 02:10:41.376,0.99315,0.9936,12.00,1.20
2007.11.15 02:10:41.599,0.99315,0.9936,12.00,1.20
2007.11.15 02:10:41.821,0.9932,0.9936,1.80,1.20
2007.11.15 02:10:42.043,0.99315,0.9936,12.00,1.20
2007.11.15 02:10:42.160,0.9932,0.9936,2.40,1.20
2007.11.15 02:10:42.278,0.99315,0.9936,12.00,1.20
2007.11.15 02:10:42.396,0.9932,0.9936,2.10,1.20
2007.11.15 02:10:42.514,0.99315,0.9936,12.00,1.20
2007.11.15 02:10:42.633,0.9932,0.9936,1.00,1.20
2007.11.15 02:10:42.750,0.9932,0.9936,1.80,1.20
2007.11.15 02:10:42.867,0.99315,0.9936,12.00,1.20
2007.11.15 02:10:42.985,0.99315,0.9936,12.00,1.20
2007.11.15 02:10:43.103,0.99315,0.9936,12.00,1.20
2007.11.15 02:10:43.330,0.99315,0.9936,12.00,1.20
2007.11.15 02:10:43.558,0.9932,0.9936,3.00,1.20
2007.11.15 02:10:43.785,0.9932,0.9936,2.00,1.20
2007.11.15 02:10:44.013,0.99315,0.9936,12.00,1.20
2007.11.15 02:10:44.240,0.99315,0.9936,12.00,1.20
2007.11.15 02:10:44.362,0.9932,0.9936,2.90,1.20
2007.11.15 02:10:44.485,0.9932,0.9936,2.10,1.20
2007.11.15 02:10:44.608,0.9932,0.9936,2.70,1.20
2007.11.15 02:10:44.731,0.9932,0.9936,0.80,1.20
2007.11.15 02:10:44.854,0.9932,0.9936,0.60,1.20
2007.11.15 02:10:44.977,0.99315,0.9936,12.00,1.20
2007.11.15 02:10:45.099,0.99315,0.9936,12.00,1.20
2007.11.15 02:10:45.293,0.9932,0.9936,1.30,1.20
2007.11.15 02:10:45.480,0.9932,0.9936,3.00,1.20
2007.11.15 02:10:45.663,0.99315,0.9936,12.00,1.20
2007.11.15 02:10:45.846,0.99315,0.9936,12.00,1.20
2007.11.15 02:10:46.031,0.99315,0.9936,12.00,1.20
2007.11.15 02:10:46.213,0.9932,0.9936,2.60,1.20
2007.11.15 02:10:46.496,0.99315,0.9936,12.00,1.20
2007.11.15 02:10:46.778,0.9932,0.9936,1.60,1.20
2007.11.15 02:10:47.062,0.9932,0.9936,2.60,1.20
2007.11.15 02:10:47.344,0.9932,0.9936,1.80,1.20
2007.11.15 02:10:47.536,0.99315,0.9936,12.00,1.20
2007.11.15 02:10:47.649,0.9932,0.9936,2.30,1.20
2007.11.15 02:10:47.760,0.99315,0.9936,12.00,1.20
2007.11.15 02:10:47.872,0.99315,0.9936,12.00,1.20
2007.11.15 02:10:47.986,0.99315,0.9936,12.00,1.20
2007.11.15 02:10:48.108,0.99315,0.9936,12.00,1.20
2007.11.15 02:10:48.214,0.9932,0.9936,0.60,1.20
2007.11.15 02:10:48.391,0.9932,0.9936,1.10,1.20
2007.11.15 02:10:48.569,0.99315,0.9936,12.00,1.20
2007.11.15 02:10:48.747,0.9932,0.9936,1.50,1.20
2007.11.15 02:10:48.929,0.9932,0.9936,3.00,1.20
2007.11.15 02:10:49.107,0.99315,0.9936,12.00,1.20
2007.11.15 02:10:49.285,0.99315,0.9936,12.00,1.20
2007.11.15 02:10:49.433,0.9932,0.9936,1.00,1.20
2007.11.15 02:10:49.582,0.9932,0.9936,1.00,1.20
2007.11.15 02:10:49.729,0.99315,0.9936,12.00,1.20
2007.11.15 02:10:49.876,0.99315,0.9936,12.00,1.20
2007.11.15 02:10:50.024,0.99315,0.9936,12.00,1.20
2007.11.15 02:10:50.172,0.99315,0.9936,12.00,1.20
2007.11.15 02:10:50.328,0.99315,0.9936,12.00,1.20
2007.11.15 02:10:50.497,0.9932,0.9936,2.60,1.20
2007.11.15 02:10:50.665,0.99315,0.9936,12.00,1.20
2007.11.15 02:10:50.834,0.9932,0.9936,1.90,1.20
2007.11.15 02:10:51.002,0.99315,0.9936,12.00,1.20
2007.11.15 02:10:51.169,0.99315,0.9936,12.00,1.20
2007.11.15 02:10:51.337,0.9932,0.9936,0.80,1.20
2007.11.15 02:10:51.600,0.99315,0.9936,9.60,1.20
2007.11.15 02:10:51.863,0.99315,0.9936,9.60,1.20
2007.11.15 02:10:52.126,0.9932,0.9936,0.70,1.20
2007.11.15 02:10:52.389,0.9932,0.9936,1.80,1.20
2007.11.15 02:10:52.491,0.99315,0.9936,9.60,1.20
2007.11.15 02:10:52.595,0.99315,0.9936,9.60,1.20
2007.11.15 02:10:52.697,0.9932,0.9936,0.80,1.20
2007.11.15 02:10:52.800,0.99315,0.9936,9.60,1.20
2007.11.15 02:10:52.903,0.99315,0.9936,9.60,1.20
2007.11.15 02:10:53.005,0.9932,0.9936,1.60,1.20
2007.11.15 02:10:53.108,0.99315,0.9936,9.60,1.20
2007.11.15 02:10:53.211,0.99315,0.9936,9.60,1.20
2007.11.15 02:10:53.313,0.9932,0.9936,1.50,1.20
2007.11.15 02:10:53.416,0.99315,0.9936,9.60,1.20
2007.11.15 02:10:53.697,0.99315,0.9936,9.60,1.20
2007.11.15 02:10:53.935,0.99315,0.9936,9.60,1.20
2007.11.15 02:10:54.172,0.99315,0.9936,10.10,1.20
2007.11.15 02:10:54.411,0.9933,0.9936,0.70,0.80
2007.11.15 02:10:54.554,0.9933,0.9936,1.00,0.80
2007.11.15 02:10:54.697,0.99325,0.9936,8.00,0.80
2007.11.15 02:10:54.840,0.99325,0.9936,8.00,0.80
2007.11.15 02:10:54.983,0.99325,0.9936,8.00,0.80
2007.11.15 02:10:55.126,0.9933,0.9936,0.50,0.80
2007.11.15 02:10:55.270,0.99325,0.9937,8.00,1.20
2007.11.15 02:10:55.415,0.99325,0.9937,9.60,1.20
2007.11.15 02:10:55.555,0.9933,0.9937,1.60,1.20
2007.11.15 02:10:55.873,0.99325,0.9937,9.60,1.20
2007.11.15 02:10:56.196,0.99325,0.9937,9.60,1.20
2007.11.15 02:10:56.514,0.9933,0.9937,1.30,1.20
2007.11.15 02:10:56.612,0.99325,0.9937,9.60,1.20
2007.11.15 02:10:56.708,0.99325,0.9937,9.60,1.20
2007.11.15 02:10:56.805,0.9933,0.9937,1.00,1.20
2007.11.15 02:10:56.903,0.99325,0.9937,9.60,1.20
2007.11.15 02:10:57.001,0.9933,0.9937,0.50,1.20
2007.11.15 02:10:57.100,0.9933,0.9937,0.50,1.20
2007.11.15 02:10:57.198,0.99325,0.9937,9.60,1.20
2007.11.15 02:10:57.296,0.9933,0.9937,0.80,1.20
2007.11.15 02:10:57.394,0.9933,0.9937,1.60,1.20
2007.11.15 02:10:57.498,0.9933,0.9937,0.70,1.20
2007.11.15 02:10:57.725,0.99325,0.9937,9.60,1.20
2007.11.15 02:10:57.953,0.9933,0.9937,0.50,1.20
2007.11.15 02:10:58.181,0.9933,0.9937,1.50,1.20
2007.11.15 02:10:58.408,0.9933,0.9937,1.50,1.20
2007.11.15 02:10:58.637,0.99325,0.9937,9.60,1.20
2007.11.15 02:10:58.769,0.99325,0.9937,9.60,1.20
2007.11.15 02:10:58.902,0.99325,0.9937,9.60,1.20
2007.11.15 02:10:59.035,0.9933,0.9937,1.10,1.20
2007.11.15 02:10:59.168,0.99325,0.9937,9.60,1.20
2007.11.15 02:10:59.300,0.99325,0.9937,9.60,1.20
2007.11.15 02:10:59.434,0.9933,0.9937,1.30,1.20
2007.11.15 02:10:59.566,0.99325,0.9937,9.60,1.20
2007.11.15 02:10:59.865,0.9933,0.9937,0.80,1.20
2007.11.15 02:11:00.053,0.99325,0.9937,9.60,1.20
2007.11.15 02:11:00.241,0.99325,0.9937,9.60,1.20
2007.11.15 02:11:00.436,0.99325,0.9937,9.60,1.20
2007.11.15 02:11:00.623,0.9933,0.9937,1.20,1.20
2007.11.15 02:11:00.830,0.99325,0.9937,9.60,1.20
2007.11.15 02:11:01.038,0.9933,0.9937,0.50,1.20
2007.11.15 02:11:01.246,0.9933,0.9937,0.90,1.20
2007.11.15 02:11:01.453,0.99325,0.9937,9.60,1.20
2007.11.15 02:11:01.661,0.9933,0.9937,0.50,1.20
2007.11.15 02:11:01.834,0.99325,0.9937,8.40,1.20
2007.11.15 02:11:02.008,0.9933,0.9937,0.50,1.20
2007.11.15 02:11:02.185,0.9933,0.9937,0.90,1.20
2007.11.15 02:11:02.359,0.9931,0.9937,32.80,1.20
2007.11.15 02:11:02.532,0.9931,0.9937,32.80,1.20
2007.11.15 02:11:02.704,0.9931,0.9937,32.80,1.20
2007.11.15 02:11:02.958,0.9931,0.9937,32.80,1.20
2007.11.15 02:11:03.211,0.9932,0.9937,4.20,1.20
2007.11.15 02:11:03.463,0.9932,0.9937,2.50,1.20
2007.11.15 02:11:03.716,0.9932,0.9937,3.60,1.20
2007.11.15 02:11:03.848,0.9931,0.9937,32.80,1.20
2007.11.15 02:11:03.980,0.9932,0.9937,4.40,1.20
2007.11.15 02:11:04.114,0.9931,0.9937,32.80,1.20
2007.11.15 02:11:04.246,0.9932,0.9937,9.90,1.20
2007.11.15 02:11:04.383,0.9931,0.9937,32.80,1.20
2007.11.15 02:11:04.516,0.9932,0.9937,10.70,1.20
2007.11.15 02:11:04.649,0.9932,0.9937,9.40,1.20
2007.11.15 02:11:04.781,0.9932,0.9937,4.90,1.20
2007.11.15 02:11:04.983,0.9931,0.9937,32.80,1.20
2007.11.15 02:11:05.186,0.9932,0.9937,11.50,1.20
2007.11.15 02:11:05.393,0.9932,0.9937,5.80,1.20
2007.11.15 02:11:05.592,0.9931,0.9937,32.80,1.20
2007.11.15 02:11:05.795,0.9932,0.9937,5.70,1.20
2007.11.15 02:11:06.024,0.9931,0.9937,32.80,1.20
2007.11.15 02:11:06.272,0.9931,0.9937,32.80,1.20
2007.11.15 02:11:06.520,0.9931,0.9937,32.80,1.20
2007.11.15 02:11:06.768,0.9931,0.9937,32.80,1.20
2007.11.15 02:11:07.015,0.9932,0.9937,7.00,1.20
2007.11.15 02:11:07.149,0.9932,0.9937,3.60,1.20
2007.11.15 02:11:07.281,0.9931,0.9937,32.80,1.20
2007.11.15 02:11:07.413,0.9932,0.9937,1.00,1.20
2007.11.15 02:11:07.546,0.9931,0.9937,32.80,1.20
2007.11.15 02:11:07.679,0.9932,0.9937,7.00,1.20
2007.11.15 02:11:07.813,0.9932,0.9937,5.60,1.20
2007.11.15 02:11:07.971,0.9932,0.9937,3.70,1.20
2007.11.15 02:11:08.130,0.9931,0.9937,32.80,1.20
2007.11.15 02:11:08.287,0.9931,0.9937,32.80,1.20
2007.11.15 02:11:08.445,0.9932,0.9937,2.50,1.20
2007.11.15 02:11:08.602,0.9931,0.9937,32.80,1.20
2007.11.15 02:11:08.759,0.9932,0.9937,4.10,1.20
2007.11.15 02:11:08.917,0.9931,0.9937,32.80,1.20
2007.11.15 02:11:09.086,0.9932,0.9937,5.70,1.20
2007.11.15 02:11:09.253,0.9932,0.9937,7.50,1.20
2007.11.15 02:11:09.422,0.9931,0.9937,32.80,1.20
2007.11.15 02:11:09.589,0.9931,0.9937,32.80,1.20
2007.11.15 02:11:09.758,0.9932,0.9937,23.20,1.20
2007.11.15 02:11:09.925,0.9932,0.9937,23.20,1.20
2007.11.15 02:11:10.093,0.9932,0.9937,23.20,1.20
2007.11.15 02:11:10.265,0.9932,0.9937,23.20,1.20
2007.11.15 02:11:10.442,0.9932,0.9937,23.20,1.20
2007.11.15 02:11:10.614,0.9932,0.9937,23.20,1.20
2007.11.15 02:11:10.788,0.9932,0.9937,23.20,1.20
2007.11.15 02:11:10.960,0.9932,0.9937,23.20,1.20
2007.11.15 02:11:11.258,0.9932,0.9937,23.20,1.20
2007.11.15 02:11:11.555,0.9932,0.9937,23.20,1.20
2007.11.15 02:11:11.853,0.9932,0.9937,23.20,1.20
2007.11.15 02:11:12.191,0.9933,0.9937,0.80,1.20
2007.11.15 02:11:12.304,0.9933,0.9937,1.20,1.20
2007.11.15 02:11:12.416,0.9933,0.9937,1.20,1.20
2007.11.15 02:11:12.529,0.9933,0.9937,1.20,1.20
2007.11.15 02:11:12.640,0.9933,0.9937,1.20,1.20
2007.11.15 02:11:12.754,0.9933,0.9937,1.20,1.20
2007.11.15 02:11:12.868,0.9933,0.9937,1.20,1.20
2007.11.15 02:11:12.980,0.9933,0.9937,1.20,1.20
2007.11.15 02:11:13.092,0.9933,0.9937,1.20,1.20
2007.11.15 02:11:13.355,0.9933,0.9937,1.20,1.20
2007.11.15 02:11:13.617,0.9933,0.9937,1.20,1.20
2007.11.15 02:11:13.881,0.9933,0.9937,1.20,1.20
2007.11.15 02:11:14.144,0.9933,0.9937,1.20,1.20
2007.11.15 02:11:14.247,0.9933,0.9937,1.20,1.20
2007.11.15 02:11:14.349,0.9933,0.9937,1.20,1.20
2007.11.15 02:11:14.452,0.9933,0.9937,1.20,1.20
2007.11.15 02:11:14.554,0.9933,0.9937,1.20,1.20
2007.11.15 02:11:14.658,0.9933,0.9937,1.20,1.20
2007.11.15 02:11:14.760,0.9933,0.9937,1.20,1.20
2007.11.15 02:11:14.862,0.9933,0.9937,1.20,1.20
2007.11.15 02:11:14.966,0.9933,0.9937,1.20,1.20
2007.11.15 02:11:15.069,0.9933,0.9937,1.20,1.20
2007.11.15 02:11:15.291,0.9933,0.9937,1.20,1.20
2007.11.15 02:11:15.514,0.9933,0.9937,1.20,1.20
2007.11.15 02:11:15.737,0.9933,0.9937,1.20,1.20
2007.11.15 02:11:15.959,0.9933,0.9937,1.20,1.20
2007.11.15 02:11:16.181,0.9933,0.9937,1.20,1.20
2007.11.15 02:11:16.409,0.9933,0.9937,1.20,1.20
2007.11.15 02:11:16.636,0.9933,0.9937,1.20,1.20
2007.11.15 02:11:16.864,0.9933,0.9937,1.20,1.20
2007.11.15 02:11:17.092,0.9933,0.9937,1.20,1.20
2007.11.15 02:11:17.202,0.9933,0.9937,1.20,1.20
2007.11.15 02:11:17.309,0.9933,0.9937,1.20,1.20
2007.11.15 02:11:17.417,0.9933,0.9937,1.20,1.20
2007.11.15 02:11:17.526,0.9933,0.9937,1.20,1.20
2007.11.15 02:11:17.634,0.9933,0.9937,1.20,1.20
2007.11.15 02:11:17.741,0.9933,0.9937,1.20,1.20
2007.11.15 02:11:17.850,0.9933,0.9937,1.20,1.20
2007.11.15 02:11:17.957,0.9933,0.9937,1.20,1.20
2007.11.15 02:11:18.064,0.9933,0.9937,1.20,1.20
2007.11.15 02:11:18.173,0.9933,0.9937,1.20,1.20
2007.11.15 02:11:18.410,0.9933,0.9937,1.20,1.20
2007.11.15 02:11:18.648,0.9933,0.9937,1.20,1.20
2007.11.15 02:11:18.886,0.9933,0.9937,1.20,1.20
2007.11.15 02:11:19.124,0.9933,0.9937,1.20,1.20
2007.11.15 02:11:19.361,0.9933,0.9937,1.20,1.20
2007.11.15 02:11:19.546,0.9933,0.9937,1.20,1.20
2007.11.15 02:11:19.728,0.9933,0.9937,1.20,1.20
2007.11.15 02:11:19.912,0.9933,0.9937,1.20,1.20
2007.11.15 02:11:20.094,0.9933,0.9937,1.20,1.20
2007.11.15 02:11:20.278,0.99325,0.9937,6.80,1.20
2007.11.15 02:11:20.477,0.9932,0.9937,18.40,1.20
2007.11.15 02:11:20.670,0.9932,0.9937,18.40,1.20
2007.11.15 02:11:20.868,0.9932,0.9937,18.40,1.20
2007.11.15 02:11:21.055,0.9932,0.9937,18.40,1.20
2007.11.15 02:11:21.247,0.9932,0.9937,18.40,1.20
2007.11.15 02:11:21.570,0.9932,0.9937,18.40,1.20
2007.11.15 02:11:21.894,0.9932,0.9937,8.00,3.60
2007.11.15 02:11:22.216,0.9932,0.9937,4.00,3.60
2007.11.15 02:11:22.369,0.9932,0.9937,4.00,3.60
2007.11.15 02:11:22.523,0.9932,0.9937,4.00,3.60
2007.11.15 02:11:22.676,0.9932,0.9937,4.00,3.60
2007.11.15 02:11:22.829,0.9932,0.9937,4.00,3.60
2007.11.15 02:11:22.981,0.9932,0.9937,4.00,3.60
2007.11.15 02:11:23.134,0.9932,0.9937,4.00,3.60
2007.11.15 02:11:23.287,0.9932,0.9937,4.00,3.60
2007.11.15 02:11:23.466,0.9932,0.9937,4.00,3.60
2007.11.15 02:11:23.644,0.9932,0.9937,4.00,3.60
2007.11.15 02:11:23.821,0.9932,0.9937,12.80,3.60
2007.11.15 02:11:23.999,0.9932,0.9937,19.60,3.60
2007.11.15 02:11:24.176,0.9932,0.9937,19.60,3.60
2007.11.15 02:11:24.354,0.9932,0.9937,18.40,1.20
2007.11.15 02:11:24.632,0.9932,0.9937,18.40,1.20
2007.11.15 02:11:24.910,0.9932,0.9937,18.40,1.20
2007.11.15 02:11:25.188,0.99325,0.9937,6.80,1.20
2007.11.15 02:11:25.467,0.99325,0.9937,6.80,1.20
2007.11.15 02:11:25.684,0.99325,0.9937,6.80,1.20
2007.11.15 02:11:25.903,0.99325,0.9937,6.80,1.20
2007.11.15 02:11:26.120,0.99325,0.9937,6.80,1.20
2007.11.15 02:11:26.338,0.99325,0.9937,6.80,1.20
2007.11.15 02:11:26.576,0.99325,0.9937,6.80,1.20
2007.11.15 02:11:26.813,0.99325,0.9937,6.80,1.20
2007.11.15 02:11:27.051,0.99325,0.9937,6.80,1.20
2007.11.15 02:11:27.289,0.99325,0.9937,6.80,1.20
2007.11.15 02:11:27.526,0.99325,0.9937,6.80,1.20
2007.11.15 02:11:27.640,0.99325,0.9937,6.80,1.20
2007.11.15 02:11:27.752,0.99325,0.9937,6.80,1.20
2007.11.15 02:11:27.864,0.99325,0.9937,6.80,1.20
2007.11.15 02:11:27.978,0.99325,0.9937,6.80,1.20
2007.11.15 02:11:28.090,0.99325,0.9937,6.80,1.20
2007.11.15 02:11:28.203,0.99325,0.9937,6.80,1.20
2007.11.15 02:11:28.317,0.99325,0.9937,6.80,1.20
2007.11.15 02:11:28.429,0.99325,0.9937,6.80,1.20
2007.11.15 02:11:28.542,0.99325,0.9937,6.80,1.20
2007.11.15 02:11:28.760,0.99325,0.9937,6.80,1.20
2007.11.15 02:11:28.977,0.99325,0.9937,6.80,1.20
2007.11.15 02:11:29.195,0.99325,0.9937,6.80,1.20
2007.11.15 02:11:29.412,0.99325,0.9937,6.80,1.20
2007.11.15 02:11:29.630,0.99325,0.9937,6.80,1.20
2007.11.15 02:11:29.757,0.99325,0.9937,6.80,1.20
2007.11.15 02:11:29.886,0.99325,0.9937,6.80,1.20
2007.11.15 02:11:30.013,0.99325,0.9937,6.80,1.20
2007.11.15 02:11:30.141,0.99325,0.9937,6.80,1.20
2007.11.15 02:11:30.269,0.99325,0.9937,6.80,1.20
2007.11.15 02:11:30.397,0.99325,0.9937,6.80,1.20
2007.11.15 02:11:30.684,0.99325,0.9937,6.80,1.20
2007.11.15 02:11:30.871,0.99325,0.9937,6.80,1.20
2007.11.15 02:11:31.063,0.99325,0.9937,6.80,1.20
2007.11.15 02:11:31.256,0.99325,0.9937,6.80,1.20
2007.11.15 02:11:31.448,0.99325,0.9937,6.80,1.20
2007.11.15 02:11:31.641,0.99325,0.9937,6.80,1.20
2007.11.15 02:11:31.834,0.99325,0.9937,6.80,1.20
2007.11.15 02:11:32.026,0.99325,0.9937,6.80,1.20
2007.11.15 02:11:32.254,0.99325,0.9937,6.80,1.20
2007.11.15 02:11:32.481,0.99325,0.9937,6.80,1.20
2007.11.15 02:11:32.709,0.99325,0.9937,6.80,0.80
2007.11.15 02:11:32.938,0.9933,0.9937,1.60,0.80
2007.11.15 02:11:33.091,0.9933,0.9937,1.60,0.80
2007.11.15 02:11:33.244,0.9933,0.9937,1.60,0.80
2007.11.15 02:11:33.397,0.9933,0.9937,1.60,0.80
2007.11.15 02:11:33.549,0.9933,0.9937,1.60,0.80
2007.11.15 02:11:33.702,0.9933,0.9937,1.60,0.80
2007.11.15 02:11:33.854,0.9933,0.9937,1.60,0.80
2007.11.15 02:11:34.007,0.9933,0.9937,1.60,0.80
2007.11.15 02:11:34.195,0.9933,0.9937,1.60,0.80
2007.11.15 02:11:34.384,0.9933,0.9937,1.60,0.80
2007.11.15 02:11:34.572,0.9933,0.9937,1.60,0.80
2007.11.15 02:11:34.759,0.9933,0.9937,1.60,0.80
2007.11.15 02:11:34.947,0.9933,0.9937,1.60,0.80
2007.11.15 02:11:35.104,0.9933,0.9937,1.60,0.80
2007.11.15 02:11:35.263,0.9933,0.9937,1.60,0.80
2007.11.15 02:11:35.420,0.9933,0.9937,1.60,0.80
2007.11.15 02:11:35.579,0.9933,0.9937,1.60,0.80
2007.11.15 02:11:35.736,0.9933,0.9937,1.60,0.80
2007.11.15 02:11:35.894,0.9933,0.9937,1.60,0.80
2007.11.15 02:11:36.052,0.9933,0.9937,1.60,0.80
2007.11.15 02:11:36.300,0.9933,0.9938,1.60,12.40
2007.11.15 02:11:36.547,0.9933,0.9938,1.60,12.40
2007.11.15 02:11:36.840,0.9933,0.9938,1.60,12.40
2007.11.15 02:11:37.088,0.9933,0.9938,1.60,12.40
2007.11.15 02:11:37.202,0.9933,0.9938,1.60,12.40
2007.11.15 02:11:37.315,0.9933,0.9938,1.60,12.40
2007.11.15 02:11:37.428,0.9933,0.9938,1.60,12.40
2007.11.15 02:11:37.541,0.9933,0.9938,1.60,12.40
2007.11.15 02:11:37.656,0.9933,0.99375,1.60,0.80
2007.11.15 02:11:37.769,0.9933,0.9937,1.60,0.50
2007.11.15 02:11:37.882,0.99325,0.9937,6.80,0.50
2007.11.15 02:11:37.995,0.99325,0.9937,6.80,0.50
2007.11.15 02:11:38.268,0.99325,0.9937,6.80,0.50
2007.11.15 02:11:38.541,0.99325,0.9937,6.80,0.50
2007.11.15 02:11:38.815,0.99325,0.9937,6.80,2.80
2007.11.15 02:11:39.089,0.9932,0.9937,10.80,3.60
2007.11.15 02:11:39.229,0.9932,0.9937,10.80,3.60
2007.11.15 02:11:39.366,0.9932,0.9937,10.80,3.60
2007.11.15 02:11:39.503,0.9932,0.9937,4.00,3.60
2007.11.15 02:11:39.641,0.9932,0.9937,4.00,3.60
2007.11.15 02:11:39.779,0.9932,0.9937,4.00,3.60
2007.11.15 02:11:39.844,0.99315,0.9937,10.80,3.60
2007.11.15 02:11:39.916,0.99315,0.9937,10.80,3.60
2007.11.15 02:11:40.054,0.99315,0.9937,10.80,3.60
2007.11.15 02:11:40.192,0.99315,0.9937,10.80,3.60
2007.11.15 02:11:40.460,0.99315,0.9937,10.80,3.60
2007.11.15 02:11:40.728,0.9932,0.9937,1.60,3.60
2007.11.15 02:11:40.996,0.99315,0.9937,10.80,3.60
2007.11.15 02:11:41.263,0.99315,0.9937,10.80,3.60
2007.11.15 02:11:41.478,0.99315,0.9937,10.80,3.60
2007.11.15 02:11:41.691,0.99315,0.9937,10.80,3.60
2007.11.15 02:11:41.904,0.99315,0.9937,10.80,3.60
2007.11.15 02:11:42.118,0.99315,0.9937,10.80,3.60
2007.11.15 02:11:42.331,0.99315,0.9937,10.80,3.60
2007.11.15 02:11:42.454,0.99315,0.9937,10.80,3.60
2007.11.15 02:11:42.577,0.9932,0.9937,1.00,3.60
2007.11.15 02:11:42.699,0.9932,0.9937,1.30,3.60
2007.11.15 02:11:42.823,0.99315,0.9937,10.80,3.60
2007.11.15 02:11:43.007,0.99315,0.9937,10.80,3.60
2007.11.15 02:11:43.130,0.99315,0.9937,10.80,3.60
2007.11.15 02:11:43.254,0.9932,0.9937,3.10,1.20
2007.11.15 02:11:43.376,0.99315,0.9937,14.40,1.20
2007.11.15 02:11:43.600,0.99315,0.9937,14.40,1.20
2007.11.15 02:11:43.825,0.99315,0.9937,14.40,1.20
2007.11.15 02:11:44.048,0.99315,0.9937,14.40,1.20
2007.11.15 02:11:44.270,0.99315,0.9937,14.40,1.20
2007.11.15 02:11:44.492,0.99315,0.9937,14.40,1.20
2007.11.15 02:11:44.635,0.9932,0.9937,2.80,1.20
2007.11.15 02:11:44.779,0.99315,0.9937,14.40,1.20
2007.11.15 02:11:44.923,0.9932,0.9937,1.60,1.20
2007.11.15 02:11:45.065,0.99315,0.9937,14.40,1.20
2007.11.15 02:11:45.209,0.9932,0.9937,3.20,1.20
2007.11.15 02:11:45.351,0.9932,0.9937,3.30,1.20
2007.11.15 02:11:45.493,0.99315,0.9937,14.40,1.20
2007.11.15 02:11:45.657,0.9932,0.9937,3.50,1.20
2007.11.15 02:11:45.819,0.9932,0.9937,2.10,1.20
2007.11.15 02:11:45.981,0.9932,0.9937,2.20,1.20
2007.11.15 02:11:46.144,0.99315,0.9937,14.40,1.20
2007.11.15 02:11:46.307,0.9932,0.9937,1.80,1.20
2007.11.15 02:11:46.470,0.99315,0.9937,14.40,1.20
2007.11.15 02:11:46.743,0.9932,0.9937,1.80,1.20
2007.11.15 02:11:47.015,0.99315,0.9937,14.40,1.20
2007.11.15 02:11:47.288,0.99315,0.9937,14.40,1.20
2007.11.15 02:11:47.561,0.9932,0.9937,4.00,1.20
2007.11.15 02:11:47.834,0.9932,0.9937,2.50,1.20
2007.11.15 02:11:47.931,0.99315,0.9937,14.40,1.20
2007.11.15 02:11:48.029,0.99315,0.9937,14.40,1.20
2007.11.15 02:11:48.128,0.9932,0.9937,0.80,1.20
2007.11.15 02:11:48.226,0.99315,0.9937,14.40,1.20
2007.11.15 02:11:48.324,0.99315,0.9937,14.40,1.20
2007.11.15 02:11:48.421,0.99315,0.9937,14.40,1.20
2007.11.15 02:11:48.519,0.9932,0.9937,2.40,1.20
2007.11.15 02:11:48.617,0.99315,0.9937,14.40,1.20
2007.11.15 02:11:48.855,0.99315,0.9937,14.40,1.20
2007.11.15 02:11:49.167,0.9932,0.9937,0.60,1.20
2007.11.15 02:11:49.405,0.99315,0.9937,14.40,1.20
2007.11.15 02:11:49.643,0.99315,0.9937,14.40,1.20
2007.11.15 02:11:49.751,0.99315,0.9937,14.40,1.20
2007.11.15 02:11:49.858,0.99315,0.9937,14.40,1.20
2007.11.15 02:11:49.967,0.9932,0.9937,3.90,1.20
2007.11.15 02:11:50.074,0.9932,0.9937,2.40,1.20
2007.11.15 02:11:50.182,0.9932,0.9937,3.30,1.20
2007.11.15 02:11:50.290,0.9932,0.9937,2.60,1.20
2007.11.15 02:11:50.398,0.9932,0.9937,2.90,1.20
2007.11.15 02:11:50.506,0.99315,0.9937,14.40,1.20
2007.11.15 02:11:50.613,0.9932,0.9937,2.70,1.20
2007.11.15 02:11:50.721,0.9932,0.9937,2.00,1.20
2007.11.15 02:11:50.999,0.9932,0.9937,2.80,1.20
2007.11.15 02:11:51.277,0.99315,0.9937,14.40,1.20
2007.11.15 02:11:51.554,0.9932,0.9937,2.00,1.20
2007.11.15 02:11:51.831,0.9932,0.9937,1.90,1.20
2007.11.15 02:11:52.067,0.99315,0.9937,14.40,1.20
2007.11.15 02:11:52.305,0.9932,0.9937,1.60,1.20
2007.11.15 02:11:52.543,0.9932,0.9937,2.10,1.20
2007.11.15 02:11:52.781,0.99315,0.9937,14.40,1.20
2007.11.15 02:11:53.019,0.99315,0.9937,14.40,1.20
2007.11.15 02:11:53.126,0.9932,0.9937,0.50,1.20
2007.11.15 02:11:53.235,0.99315,0.9937,14.40,1.20
2007.11.15 02:11:53.342,0.99315,0.9937,14.40,1.20
2007.11.15 02:11:53.451,0.9932,0.9937,3.60,1.20
2007.11.15 02:11:53.559,0.9932,0.9937,1.30,1.20
2007.11.15 02:11:53.666,0.9932,0.9937,3.40,1.20
2007.11.15 02:11:53.775,0.9932,0.9937,5.70,1.20
2007.11.15 02:11:53.882,0.9932,0.9937,6.40,1.20
2007.11.15 02:11:54.142,0.9932,0.9937,13.20,1.20
2007.11.15 02:11:54.395,0.9932,0.9937,13.20,1.20
2007.11.15 02:11:54.648,0.9932,0.9937,13.20,1.20
2007.11.15 02:11:54.901,0.9932,0.9937,13.20,1.20
2007.11.15 02:11:55.053,0.9932,0.9937,13.20,1.20
2007.11.15 02:11:55.326,0.9932,0.9937,13.20,1.20
2007.11.15 02:11:55.478,0.9932,0.9937,13.20,1.20
2007.11.15 02:11:55.631,0.9932,0.9937,13.20,1.20
2007.11.15 02:11:55.784,0.9933,0.9937,1.60,1.20
2007.11.15 02:11:55.936,0.9933,0.9937,1.50,1.20
2007.11.15 02:11:56.185,0.9932,0.9937,13.20,1.20
2007.11.15 02:11:56.432,0.9932,0.9937,13.20,1.20
2007.11.15 02:11:56.681,0.9933,0.9937,0.70,1.20
2007.11.15 02:11:56.928,0.9933,0.9937,0.80,1.20
2007.11.15 02:11:57.176,0.9932,0.9937,13.20,1.20
2007.11.15 02:11:57.294,0.9932,0.9937,13.20,1.20
2007.11.15 02:11:57.411,0.9932,0.9937,13.20,1.20
2007.11.15 02:11:57.534,0.9932,0.9937,13.20,1.20
2007.11.15 02:11:57.651,0.9932,0.9937,13.20,1.20
2007.11.15 02:11:57.769,0.9932,0.9937,13.20,1.20
2007.11.15 02:11:57.888,0.9933,0.9937,0.70,1.20
2007.11.15 02:11:58.005,0.9932,0.9937,13.20,1.20
2007.11.15 02:11:58.263,0.9933,0.9937,0.50,1.20
2007.11.15 02:11:58.521,0.9933,0.9937,0.90,1.20
2007.11.15 02:11:58.781,0.9932,0.9937,17.20,1.20
2007.11.15 02:11:59.039,0.9933,0.9937,0.80,1.20
2007.11.15 02:11:59.212,0.9933,0.9937,1.00,1.20
2007.11.15 02:11:59.385,0.9932,0.9937,17.20,1.20
2007.11.15 02:11:59.558,0.9932,0.9937,17.20,1.20
2007.11.15 02:11:59.731,0.9932,0.9937,10.40,1.20
2007.11.15 02:11:59.903,0.9932,0.9937,10.40,1.20
2007.11.15 02:12:00.076,0.9932,0.9937,10.40,1.20
2007.11.15 02:12:00.294,0.9933,0.9937,0.90,1.20
2007.11.15 02:12:00.512,0.9933,0.9937,1.00,1.20
2007.11.15 02:12:00.730,0.9932,0.9937,17.20,1.20
2007.11.15 02:12:00.948,0.9933,0.9937,0.50,1.20
2007.11.15 02:12:01.166,0.9932,0.9937,17.20,1.20
2007.11.15 02:12:01.493,0.9932,0.9937,17.20,1.20
2007.11.15 02:12:01.750,0.9932,0.9937,17.20,1.20
2007.11.15 02:12:02.007,0.9932,0.9937,10.40,1.20
2007.11.15 02:12:02.265,0.9932,0.9937,17.20,1.20
2007.11.15 02:12:02.468,0.9932,0.9937,17.20,1.20
2007.11.15 02:12:02.670,0.9932,0.9937,17.20,1.20
2007.11.15 02:12:02.872,0.9932,0.9937,17.20,1.20
2007.11.15 02:12:03.075,0.9932,0.9937,17.20,1.20
2007.11.15 02:12:03.278,0.9933,0.9937,0.50,1.20
2007.11.15 02:12:03.447,0.9933,0.9937,0.50,1.20
2007.11.15 02:12:03.605,0.9933,0.9937,0.50,1.20
2007.11.15 02:12:03.767,0.9933,0.9937,0.80,1.20
2007.11.15 02:12:03.929,0.9932,0.9937,17.20,1.20
2007.11.15 02:12:04.093,0.9933,0.9937,0.60,1.20
2007.11.15 02:12:04.256,0.9932,0.9937,17.20,1.20
2007.11.15 02:12:04.491,0.9932,0.9937,17.20,1.20
2007.11.15 02:12:04.724,0.9933,0.9937,0.50,1.20
2007.11.15 02:12:04.958,0.9932,0.9937,1.00,1.20
2007.11.15 02:12:05.191,0.99315,0.9937,14.40,1.20
2007.11.15 02:12:05.423,0.99315,0.9937,14.40,1.20
2007.11.15 02:12:05.607,0.9932,0.9937,4.20,1.20
2007.11.15 02:12:05.789,0.99315,0.9937,14.40,1.20
2007.11.15 02:12:05.971,0.9932,0.9937,1.20,1.20
2007.11.15 02:12:06.154,0.99315,0.9937,14.40,1.20
2007.11.15 02:12:06.337,0.9932,0.9937,2.50,1.20
2007.11.15 02:12:06.619,0.9932,0.9937,1.00,1.20
2007.11.15 02:12:06.902,0.9932,0.9937,7.60,1.20
2007.11.15 02:12:07.186,0.9932,0.9937,7.60,1.20
2007.11.15 02:12:07.469,0.9932,0.9937,7.60,1.20
2007.11.15 02:12:07.656,0.9932,0.9937,7.60,1.20
2007.11.15 02:12:07.781,0.9932,0.9937,7.60,1.20
2007.11.15 02:12:07.903,0.9932,0.9937,7.60,1.20
2007.11.15 02:12:08.027,0.9932,0.9937,7.60,1.20
2007.11.15 02:12:08.150,0.9932,0.9937,7.60,1.20
2007.11.15 02:12:08.273,0.9932,0.9937,7.60,1.20
2007.11.15 02:12:08.397,0.9932,0.9937,7.60,1.20
2007.11.15 02:12:08.600,0.9932,0.9937,7.60,1.20
2007.11.15 02:12:08.802,0.9932,0.9937,7.60,1.20
2007.11.15 02:12:09.005,0.9932,0.9937,7.60,1.20
2007.11.15 02:12:09.215,0.9932,0.9937,14.40,1.20
2007.11.15 02:12:09.420,0.9932,0.9937,14.40,1.20
2007.11.15 02:12:09.632,0.9932,0.9937,14.40,1.20
2007.11.15 02:12:09.847,0.9932,0.9937,14.40,1.20
2007.11.15 02:12:10.060,0.9932,0.9937,14.40,1.20
2007.11.15 02:12:10.272,0.9932,0.9937,14.40,1.20
2007.11.15 02:12:10.485,0.9932,0.9937,14.40,1.20
2007.11.15 02:12:10.653,0.9932,0.9937,14.40,1.20
2007.11.15 02:12:10.821,0.9932,0.9937,14.40,1.20
2007.11.15 02:12:10.987,0.9932,0.9937,14.40,1.20
2007.11.15 02:12:11.156,0.9932,0.9937,14.40,1.20
2007.11.15 02:12:11.324,0.9932,0.9937,14.40,1.20
2007.11.15 02:12:11.492,0.9932,0.9937,14.40,1.20
2007.11.15 02:12:11.735,0.9932,0.9937,14.40,1.20
2007.11.15 02:12:11.978,0.9932,0.9937,14.40,1.20
2007.11.15 02:12:12.220,0.9932,0.9937,14.40,1.20
2007.11.15 02:12:12.464,0.9932,0.9937,14.40,1.20
2007.11.15 02:12:12.706,0.9932,0.9937,14.40,1.20
2007.11.15 02:12:12.829,0.9932,0.9937,14.40,1.20
2007.11.15 02:12:12.953,0.9932,0.9937,14.40,1.20
2007.11.15 02:12:13.075,0.9932,0.9937,14.40,1.20
2007.11.15 02:12:13.198,0.9932,0.9937,14.40,1.20
2007.11.15 02:12:13.322,0.9932,0.9937,14.40,1.20
2007.11.15 02:12:13.444,0.9932,0.9937,14.40,1.20
2007.11.15 02:12:13.567,0.9932,0.9937,14.40,1.20
2007.11.15 02:12:13.820,0.9932,0.9937,14.40,1.20
2007.11.15 02:12:13.997,0.9932,0.9937,14.40,1.20
2007.11.15 02:12:14.169,0.9932,0.9937,14.40,1.20
2007.11.15 02:12:14.342,0.9932,0.9937,14.40,1.20
2007.11.15 02:12:14.514,0.9932,0.9937,14.40,1.20
2007.11.15 02:12:14.692,0.9932,0.9937,14.40,1.20
2007.11.15 02:12:14.826,0.9932,0.9937,14.40,1.20
2007.11.15 02:12:14.959,0.9932,0.9937,14.40,1.20
2007.11.15 02:12:15.092,0.9932,0.9937,14.40,1.20
2007.11.15 02:12:15.224,0.9932,0.9937,14.40,1.20
2007.11.15 02:12:15.356,0.9932,0.9937,14.40,1.20
2007.11.15 02:12:15.490,0.9932,0.9937,14.40,1.20
2007.11.15 02:12:15.623,0.9932,0.9937,14.40,1.20
2007.11.15 02:12:15.755,0.9932,0.9937,14.40,1.20
2007.11.15 02:12:15.957,0.9932,0.9937,14.40,1.20
2007.11.15 02:12:16.144,0.9932,0.9937,14.40,1.20
2007.11.15 02:12:16.331,0.9932,0.9937,14.40,1.20
2007.11.15 02:12:16.520,0.9932,0.9937,14.40,1.20
2007.11.15 02:12:16.707,0.9932,0.9937,14.40,1.20
2007.11.15 02:12:16.894,0.9932,0.9937,14.40,1.20
2007.11.15 02:12:17.138,0.9932,0.9937,14.40,1.20
2007.11.15 02:12:17.380,0.9932,0.9937,14.40,1.20
2007.11.15 02:12:17.623,0.9932,0.9937,14.40,1.20
2007.11.15 02:12:17.865,0.9932,0.9937,14.40,1.20
2007.11.15 02:12:17.987,0.9932,0.9937,14.40,1.20
2007.11.15 02:12:18.111,0.9932,0.9937,14.40,1.20
2007.11.15 02:12:18.234,0.9932,0.9937,14.40,1.20
2007.11.15 02:12:18.356,0.9932,0.9937,14.40,1.20
2007.11.15 02:12:18.479,0.9932,0.9937,14.40,1.20
2007.11.15 02:12:18.603,0.9932,0.9937,14.40,1.20
2007.11.15 02:12:18.725,0.9932,0.9937,14.40,1.20
2007.11.15 02:12:18.847,0.9932,0.9937,14.40,1.20
2007.11.15 02:12:18.969,0.9932,0.9937,14.40,1.20
2007.11.15 02:12:19.182,0.9932,0.9937,14.40,1.20
2007.11.15 02:12:19.395,0.9932,0.9937,14.40,1.20
2007.11.15 02:12:19.609,0.9932,0.9937,14.40,1.20
2007.11.15 02:12:19.821,0.9932,0.9937,14.40,1.20
2007.11.15 02:12:20.035,0.9932,0.9937,14.40,1.20
2007.11.15 02:12:20.168,0.9932,0.9937,14.40,1.20
2007.11.15 02:12:20.300,0.9932,0.9937,14.40,1.20
2007.11.15 02:12:20.433,0.9932,0.9937,14.40,1.20
2007.11.15 02:12:20.570,0.9932,0.9937,14.40,1.20
2007.11.15 02:12:20.703,0.9932,0.9937,14.40,1.20
2007.11.15 02:12:20.835,0.9932,0.9937,14.40,1.20
2007.11.15 02:12:20.971,0.9932,0.9937,14.40,1.20
2007.11.15 02:12:21.102,0.9932,0.9937,14.40,1.20
2007.11.15 02:12:21.415,0.9932,0.9937,14.40,1.20
2007.11.15 02:12:21.728,0.9932,0.9937,14.40,1.20
2007.11.15 02:12:22.046,0.9932,0.9937,14.40,1.20
2007.11.15 02:12:22.139,0.9932,0.9937,14.40,1.20
2007.11.15 02:12:22.232,0.9932,0.9937,14.40,1.20
2007.11.15 02:12:22.324,0.9932,0.9937,14.40,1.20
2007.11.15 02:12:22.417,0.9932,0.9937,14.40,1.20
2007.11.15 02:12:22.510,0.9932,0.9937,14.40,1.20
2007.11.15 02:12:22.602,0.9932,0.9937,14.40,1.20
2007.11.15 02:12:22.694,0.9932,0.9937,14.40,1.20
2007.11.15 02:12:22.787,0.9932,0.9937,14.40,1.20
2007.11.15 02:12:22.881,0.9932,0.9937,14.40,1.20
2007.11.15 02:12:22.978,0.9932,0.9937,14.40,1.20
2007.11.15 02:12:23.065,0.9932,0.9937,14.40,1.20
2007.11.15 02:12:23.344,0.9932,0.9937,14.40,1.20
2007.11.15 02:12:23.621,0.9932,0.9937,14.40,1.20
2007.11.15 02:12:23.901,0.9932,0.9937,14.40,1.20
2007.11.15 02:12:24.179,0.9932,0.9937,14.40,1.20
2007.11.15 02:12:24.283,0.9932,0.9937,14.40,1.20
2007.11.15 02:12:24.386,0.9932,0.9937,14.40,1.20
2007.11.15 02:12:24.488,0.9932,0.9937,14.40,1.20
2007.11.15 02:12:24.591,0.9932,0.9937,14.40,1.20
2007.11.15 02:12:24.695,0.9932,0.9937,14.40,1.20
2007.11.15 02:12:24.797,0.9932,0.9937,14.40,1.20
2007.11.15 02:12:24.899,0.9932,0.9937,14.40,1.20
2007.11.15 02:12:25.002,0.9932,0.9937,14.40,1.20
2007.11.15 02:12:25.106,0.9932,0.9937,14.40,1.20
2007.11.15 02:12:25.208,0.9932,0.9937,14.40,1.20
2007.11.15 02:12:25.311,0.9932,0.9937,14.40,1.20
2007.11.15 02:12:25.545,0.9932,0.9937,14.40,1.20
2007.11.15 02:12:25.777,0.9932,0.9937,14.40,1.20
2007.11.15 02:12:26.159,0.9932,0.9937,14.40,1.20
2007.11.15 02:12:26.394,0.9932,0.9937,14.40,1.20
2007.11.15 02:12:26.634,0.9932,0.9937,14.40,1.20
2007.11.15 02:12:26.872,0.9932,0.9937,14.40,1.20
2007.11.15 02:12:27.109,0.9932,0.9937,14.40,1.20
2007.11.15 02:12:27.347,0.9932,0.9937,14.40,1.20
2007.11.15 02:12:27.475,0.9932,0.9937,14.40,1.20
2007.11.15 02:12:27.597,0.9932,0.9937,14.40,1.20
2007.11.15 02:12:27.721,0.9932,0.9937,14.40,1.20
2007.11.15 02:12:27.843,0.9932,0.9937,14.40,1.20
2007.11.15 02:12:27.966,0.9932,0.9937,14.40,1.20
2007.11.15 02:12:28.094,0.9932,0.9937,14.40,1.20
2007.11.15 02:12:28.216,0.9932,0.9937,14.40,1.20
2007.11.15 02:12:28.339,0.9932,0.9937,14.40,1.20
2007.11.15 02:12:28.461,0.9932,0.9937,14.40,1.20
2007.11.15 02:12:28.674,0.9932,0.9937,14.40,1.20
2007.11.15 02:12:28.887,0.9932,0.9937,14.40,1.20
2007.11.15 02:12:29.099,0.9932,0.9937,14.40,1.20
2007.11.15 02:12:29.312,0.9932,0.9937,14.40,1.20
2007.11.15 02:12:29.525,0.9932,0.9937,14.40,1.20
2007.11.15 02:12:29.672,0.9932,0.9937,14.40,1.20
2007.11.15 02:12:29.820,0.9932,0.9937,14.40,1.20
2007.11.15 02:12:29.968,0.9932,0.9937,14.40,1.20
2007.11.15 02:12:30.116,0.9932,0.9937,14.40,1.20
2007.11.15 02:12:30.161,0.9931,0.9937,32.80,1.20
2007.11.15 02:12:30.263,0.9931,0.9937,32.80,1.20
2007.11.15 02:12:30.411,0.9932,0.9937,5.00,1.20
2007.11.15 02:12:30.559,0.9931,0.9937,32.80,1.20
2007.11.15 02:12:30.736,0.9932,0.9937,2.00,1.20
2007.11.15 02:12:30.914,0.9931,0.9937,32.80,1.20
2007.11.15 02:12:31.092,0.9932,0.9937,3.10,1.20
2007.11.15 02:12:31.269,0.9931,0.9937,32.80,1.20
2007.11.15 02:12:31.447,0.9932,0.9937,2.50,1.20
2007.11.15 02:12:31.695,0.9931,0.9937,32.80,1.20
2007.11.15 02:12:31.943,0.9932,0.9937,2.00,1.20
2007.11.15 02:12:32.317,0.99315,0.9936,12.00,0.50
2007.11.15 02:12:32.565,0.99315,0.9936,12.00,0.50
2007.11.15 02:12:32.683,0.99315,0.9936,12.00,0.50
2007.11.15 02:12:32.801,0.99315,0.9936,12.00,0.50
2007.11.15 02:12:32.919,0.99315,0.9936,12.00,0.50
2007.11.15 02:12:33.037,0.9932,0.9936,2.30,0.50
2007.11.15 02:12:33.154,0.99315,0.9936,12.00,0.50
2007.11.15 02:12:33.271,0.99315,0.9936,12.00,0.50
2007.11.15 02:12:33.391,0.9932,0.9936,1.10,0.50
2007.11.15 02:12:33.509,0.99315,0.9936,12.00,0.50
2007.11.15 02:12:33.627,0.99315,0.9936,12.00,0.50
2007.11.15 02:12:33.896,0.99315,0.9936,12.00,1.40
2007.11.15 02:12:34.160,0.9932,0.9935,1.80,0.50
2007.11.15 02:12:34.422,0.9931,0.9935,22.80,0.50
2007.11.15 02:12:34.687,0.9932,0.9935,1.80,0.50
2007.11.15 02:12:34.845,0.99315,0.9936,10.40,1.20
2007.11.15 02:12:35.003,0.99315,0.9936,12.00,1.20
2007.11.15 02:12:35.163,0.99315,0.9936,12.00,1.20
2007.11.15 02:12:35.321,0.99315,0.9936,12.00,1.20
2007.11.15 02:12:35.478,0.99315,0.9936,12.00,1.20
2007.11.15 02:12:35.636,0.9932,0.9936,1.40,1.20
2007.11.15 02:12:35.795,0.9932,0.9936,1.50,1.20
2007.11.15 02:12:35.992,0.99315,0.9936,12.00,1.20
2007.11.15 02:12:36.190,0.9932,0.9936,1.00,1.20
2007.11.15 02:12:36.388,0.9932,0.9936,1.90,1.20
2007.11.15 02:12:36.585,0.99315,0.9936,12.00,1.20
2007.11.15 02:12:36.782,0.9932,0.9936,2.10,1.20
2007.11.15 02:12:36.980,0.99315,0.9936,12.00,1.20
2007.11.15 02:12:37.222,0.9932,0.9936,0.70,1.20
2007.11.15 02:12:37.465,0.9932,0.9936,2.40,1.20
2007.11.15 02:12:37.707,0.9932,0.9936,0.50,1.20
2007.11.15 02:12:37.950,0.9932,0.9936,2.70,1.20
2007.11.15 02:12:38.063,0.9932,0.9936,2.60,1.20
2007.11.15 02:12:38.177,0.99315,0.9936,12.00,1.20
2007.11.15 02:12:38.289,0.99315,0.9936,12.00,1.20
2007.11.15 02:12:38.472,0.99315,0.9936,12.00,1.20
2007.11.15 02:12:38.585,0.99315,0.9936,12.00,1.20
2007.11.15 02:12:38.698,0.99315,0.9936,12.00,1.20
2007.11.15 02:12:38.811,0.9932,0.9936,2.40,1.20
2007.11.15 02:12:38.926,0.99315,0.9936,12.00,1.20
2007.11.15 02:12:39.119,0.99315,0.9936,12.00,1.20
2007.11.15 02:12:39.307,0.9932,0.9936,1.30,1.20
2007.11.15 02:12:39.495,0.99315,0.9936,12.00,1.20
2007.11.15 02:12:39.684,0.9932,0.9936,1.30,1.20
2007.11.15 02:12:39.871,0.9932,0.9936,2.70,1.20
2007.11.15 02:12:40.058,0.99315,0.9936,12.00,1.20
2007.11.15 02:12:40.206,0.9932,0.9936,2.10,1.20
2007.11.15 02:12:40.355,0.99315,0.9936,12.00,1.20
2007.11.15 02:12:40.502,0.99315,0.9936,12.00,1.20
2007.11.15 02:12:40.650,0.99315,0.9936,12.00,1.20
2007.11.15 02:12:40.798,0.99315,0.9936,12.00,1.20
2007.11.15 02:12:40.946,0.99315,0.9936,12.00,1.20
2007.11.15 02:12:41.093,0.99315,0.9936,12.00,1.20
2007.11.15 02:12:41.271,0.99315,0.9936,12.00,1.20
2007.11.15 02:12:41.449,0.9932,0.9936,0.50,1.20
2007.11.15 02:12:41.627,0.99315,0.9936,12.00,1.20
2007.11.15 02:12:41.805,0.99315,0.9936,12.00,1.20
2007.11.15 02:12:41.983,0.99315,0.9936,12.00,1.20
2007.11.15 02:12:42.160,0.99315,0.9936,12.00,1.20
2007.11.15 02:12:42.388,0.99315,0.9936,12.00,1.20
2007.11.15 02:12:42.616,0.9932,0.9936,2.20,1.20
2007.11.15 02:12:42.843,0.9932,0.9936,2.30,1.20
2007.11.15 02:12:43.071,0.99315,0.9936,12.00,1.20
2007.11.15 02:12:43.299,0.99315,0.9936,12.00,1.20
2007.11.15 02:12:43.431,0.99315,0.9936,12.00,1.20
2007.11.15 02:12:43.564,0.99315,0.9936,12.00,1.20
2007.11.15 02:12:43.697,0.99315,0.9936,12.00,1.20
2007.11.15 02:12:43.829,0.99315,0.9936,12.00,1.20
2007.11.15 02:12:43.962,0.99315,0.9936,12.00,1.20
2007.11.15 02:12:44.095,0.9932,0.9936,0.60,1.20
2007.11.15 02:12:44.228,0.9932,0.9936,0.50,1.20
2007.11.15 02:12:44.360,0.9932,0.9936,1.50,1.20
2007.11.15 02:12:44.629,0.9932,0.9936,1.30,1.20
2007.11.15 02:12:44.842,0.99315,0.9936,12.00,1.20
2007.11.15 02:12:45.055,0.9932,0.9936,1.60,1.20
2007.11.15 02:12:45.268,0.9932,0.9936,2.60,1.20
2007.11.15 02:12:45.386,0.9932,0.9936,0.90,1.20
2007.11.15 02:12:45.504,0.99315,0.9936,12.00,1.20
2007.11.15 02:12:45.622,0.99315,0.9936,12.00,1.20
2007.11.15 02:12:45.740,0.99315,0.9936,12.00,1.20
2007.11.15 02:12:45.860,0.99315,0.9936,12.00,1.20
2007.11.15 02:12:45.977,0.9932,0.9936,1.00,1.20
2007.11.15 02:12:46.096,0.9932,0.9936,1.70,1.20
2007.11.15 02:12:46.213,0.9932,0.9936,1.90,1.20
2007.11.15 02:12:46.336,0.99315,0.9936,12.00,1.20
2007.11.15 02:12:46.663,0.99315,0.9936,12.00,1.20
2007.11.15 02:12:46.996,0.99315,0.9936,10.40,1.20
2007.11.15 02:12:47.329,0.9932,0.9936,1.40,1.20
2007.11.15 02:12:47.661,0.9932,0.9936,1.50,1.20
2007.11.15 02:12:47.779,0.9932,0.9936,1.10,1.20
2007.11.15 02:12:47.897,0.99315,0.9936,10.40,1.20
2007.11.15 02:12:48.014,0.99315,0.9936,10.40,1.20
2007.11.15 02:12:48.132,0.99315,0.9936,10.40,1.20
2007.11.15 02:12:48.250,0.9932,0.9936,1.60,1.20
2007.11.15 02:12:48.368,0.9932,0.9936,1.80,1.20
2007.11.15 02:12:48.576,0.9932,0.9936,1.00,1.20
2007.11.15 02:12:48.784,0.9932,0.9936,2.00,1.20
2007.11.15 02:12:48.992,0.9932,0.9936,2.10,1.20
2007.11.15 02:12:49.200,0.99315,0.9936,10.40,1.20
2007.11.15 02:12:49.408,0.9932,0.9936,1.60,1.20
2007.11.15 02:12:49.575,0.99315,0.9936,10.40,1.20
2007.11.15 02:12:49.743,0.9932,0.9936,1.60,1.20
2007.11.15 02:12:49.910,0.99315,0.9936,10.40,1.20
2007.11.15 02:12:50.077,0.99315,0.9936,10.40,1.20
2007.11.15 02:12:50.245,0.9932,0.9936,1.60,1.20
2007.11.15 02:12:50.413,0.9932,0.9936,0.50,1.20
2007.11.15 02:12:50.581,0.99315,0.9936,10.40,1.20
2007.11.15 02:12:50.813,0.99315,0.9936,10.40,1.20
2007.11.15 02:12:51.047,0.99315,0.9936,10.40,1.20
2007.11.15 02:12:51.281,0.9932,0.9936,1.90,1.20
2007.11.15 02:12:51.513,0.99315,0.9936,10.40,1.20
2007.11.15 02:12:51.711,0.99315,0.9936,10.40,1.20
2007.11.15 02:12:51.910,0.9932,0.9936,1.80,1.20
2007.11.15 02:12:52.108,0.9932,0.9936,1.10,1.20
2007.11.15 02:12:52.305,0.99315,0.9936,10.40,1.20
2007.11.15 02:12:52.503,0.99315,0.9936,10.40,1.20
2007.11.15 02:12:52.701,0.9932,0.9936,1.60,1.20
2007.11.15 02:12:52.904,0.99315,0.9936,10.40,1.20
2007.11.15 02:12:53.107,0.9932,0.9936,1.40,1.20
2007.11.15 02:12:53.310,0.9932,0.9936,1.80,1.20
2007.11.15 02:12:53.513,0.9932,0.9936,1.80,1.20
2007.11.15 02:12:53.716,0.99315,0.9936,10.40,1.20
2007.11.15 02:12:53.918,0.9932,0.9936,1.30,1.20
2007.11.15 02:12:54.122,0.99315,0.9936,10.40,1.20
2007.11.15 02:12:54.324,0.99315,0.9936,10.40,1.20
2007.11.15 02:12:54.526,0.99315,0.9936,10.40,1.20
2007.11.15 02:12:54.728,0.99315,0.9936,10.40,1.20
2007.11.15 02:12:54.856,0.99315,0.9936,10.40,1.20
2007.11.15 02:12:54.984,0.9932,0.9936,1.60,1.20
2007.11.15 02:12:55.113,0.99315,0.9936,10.40,1.20
2007.11.15 02:12:55.241,0.99315,0.9936,10.40,1.20
2007.11.15 02:12:55.369,0.99315,0.9936,10.40,1.20
2007.11.15 02:12:55.497,0.99315,0.9936,10.40,1.20
2007.11.15 02:12:55.625,0.9932,0.9936,1.80,1.20
2007.11.15 02:12:55.938,0.99315,0.9936,10.40,1.20
2007.11.15 02:12:56.251,0.99315,0.9936,10.40,1.20
2007.11.15 02:12:56.564,0.99315,0.9936,12.00,1.20
2007.11.15 02:12:56.949,0.99315,0.9936,12.00,1.20
2007.11.15 02:12:57.202,0.99315,0.9936,12.00,1.20
2007.11.15 02:12:57.455,0.9932,0.9936,1.00,1.20
2007.11.15 02:12:57.708,0.99315,0.9936,12.00,1.20
2007.11.15 02:12:57.871,0.99315,0.9936,12.00,1.20
2007.11.15 02:12:58.034,0.99315,0.9936,12.00,1.20
2007.11.15 02:12:58.197,0.9932,0.9936,0.60,1.20
2007.11.15 02:12:58.360,0.9932,0.9936,2.30,1.20
2007.11.15 02:12:58.522,0.99315,0.9936,12.00,1.20
2007.11.15 02:12:58.685,0.9932,0.9936,1.10,1.20
2007.11.15 02:12:58.922,0.9932,0.9936,2.70,1.20
2007.11.15 02:12:59.160,0.99315,0.9936,12.00,1.20
2007.11.15 02:12:59.398,0.9932,0.9936,5.20,1.20
2007.11.15 02:12:59.635,0.9932,0.9936,5.20,1.20
2007.11.15 02:12:59.798,0.9932,0.9936,5.20,1.20
2007.11.15 02:12:59.963,0.9932,0.9936,5.20,1.20
2007.11.15 02:13:00.125,0.9932,0.9936,5.20,1.20
2007.11.15 02:13:00.287,0.9932,0.9936,5.20,1.20
2007.11.15 02:13:00.450,0.9932,0.9936,5.20,1.20
2007.11.15 02:13:00.612,0.9932,0.9936,5.20,1.20
2007.11.15 02:13:00.801,0.9932,0.9936,5.20,1.20
2007.11.15 02:13:00.989,0.9932,0.9936,5.20,1.20
2007.11.15 02:13:01.182,0.9932,0.9936,5.20,1.20
2007.11.15 02:13:01.369,0.9932,0.9936,5.20,1.20
2007.11.15 02:13:01.558,0.9932,0.9936,5.20,1.20
2007.11.15 02:13:01.745,0.9932,0.9936,5.20,1.20
2007.11.15 02:13:01.988,0.9932,0.9936,5.20,1.20
2007.11.15 02:13:02.232,0.9932,0.9936,5.20,1.20
2007.11.15 02:13:02.368,0.9932,0.9936,5.20,0.90
2007.11.15 02:13:02.474,0.9932,0.99365,5.20,2.00
2007.11.15 02:13:02.717,0.9932,0.99365,5.20,2.00
2007.11.15 02:13:03.108,0.9932,0.9936,5.20,0.90
2007.11.15 02:13:03.221,0.9932,0.99365,5.20,2.00
2007.11.15 02:13:03.332,0.9932,0.99365,5.20,2.00
2007.11.15 02:13:03.444,0.9932,0.99365,5.20,2.00
2007.11.15 02:13:03.557,0.9932,0.9936,5.20,0.90
2007.11.15 02:13:03.670,0.9932,0.9936,5.20,0.80
2007.11.15 02:13:03.783,0.9932,0.99365,5.20,2.00
2007.11.15 02:13:03.896,0.9932,0.99365,5.20,2.00
2007.11.15 02:13:04.098,0.9932,0.99365,5.20,2.00
2007.11.15 02:13:04.302,0.9932,0.99365,5.20,2.00
2007.11.15 02:13:04.505,0.9932,0.99365,5.20,2.00
2007.11.15 02:13:04.708,0.9932,0.99365,5.20,2.00
2007.11.15 02:13:04.910,0.9932,0.9937,4.40,4.30
2007.11.15 02:13:05.052,0.9932,0.9937,4.40,4.30
2007.11.15 02:13:05.200,0.9932,0.9936,4.40,0.50
2007.11.15 02:13:05.344,0.9932,0.9937,4.40,4.30
2007.11.15 02:13:05.486,0.9932,0.9937,4.40,4.30
2007.11.15 02:13:05.629,0.9932,0.9936,4.40,0.90
2007.11.15 02:13:05.772,0.9932,0.9937,4.40,4.30
2007.11.15 02:13:05.914,0.9932,0.9936,4.40,0.90
2007.11.15 02:13:06.188,0.9932,0.9936,4.40,0.90
2007.11.15 02:13:06.460,0.9932,0.9936,4.40,0.90
2007.11.15 02:13:06.733,0.9932,0.9936,4.40,0.50
2007.11.15 02:13:07.010,0.9932,0.9937,4.40,4.30
2007.11.15 02:13:07.218,0.9932,0.9937,4.40,4.30
2007.11.15 02:13:07.426,0.9932,0.9937,4.40,4.30
2007.11.15 02:13:07.633,0.9932,0.9937,4.40,4.30
2007.11.15 02:13:07.842,0.9932,0.9937,4.40,4.30
2007.11.15 02:13:08.049,0.9932,0.9936,4.40,0.80
2007.11.15 02:13:08.232,0.9932,0.9937,4.40,4.30
2007.11.15 02:13:08.415,0.9932,0.9937,4.40,4.30
2007.11.15 02:13:08.597,0.9932,0.9937,4.40,4.30
2007.11.15 02:13:08.780,0.9932,0.9937,4.40,4.30
2007.11.15 02:13:08.962,0.9932,0.9937,4.40,4.30
2007.11.15 02:13:09.277,0.9932,0.9936,4.40,0.70
2007.11.15 02:13:09.535,0.9932,0.9937,4.40,4.30
2007.11.15 02:13:09.792,0.9932,0.9937,4.40,4.30
2007.11.15 02:13:10.049,0.9932,0.9937,4.40,4.30
2007.11.15 02:13:10.182,0.9932,0.9937,4.40,4.30
2007.11.15 02:13:10.314,0.9932,0.9937,4.40,4.30
2007.11.15 02:13:10.447,0.9932,0.9937,4.40,4.30
2007.11.15 02:13:10.579,0.9932,0.9937,4.40,4.30
2007.11.15 02:13:10.718,0.9932,0.9937,4.40,4.30
2007.11.15 02:13:10.850,0.9932,0.9937,4.40,4.30
2007.11.15 02:13:10.983,0.9932,0.9937,4.40,4.30
2007.11.15 02:13:11.180,0.9932,0.9937,4.40,4.30
2007.11.15 02:13:11.378,0.9932,0.9937,4.40,4.30
2007.11.15 02:13:11.575,0.9932,0.9937,4.40,4.30
2007.11.15 02:13:11.773,0.9932,0.9937,4.40,4.30
2007.11.15 02:13:11.971,0.9932,0.9936,4.40,0.80
2007.11.15 02:13:12.169,0.9932,0.9937,4.40,4.30
2007.11.15 02:13:12.417,0.9932,0.9936,4.40,0.50
2007.11.15 02:13:12.664,0.9932,0.9937,4.40,4.30
2007.11.15 02:13:12.913,0.9932,0.9937,4.40,4.20
2007.11.15 02:13:13.160,0.9932,0.9937,4.40,4.30
2007.11.15 02:13:13.337,0.9932,0.9937,4.40,4.30
2007.11.15 02:13:13.514,0.9932,0.9937,4.40,4.30
2007.11.15 02:13:13.693,0.9932,0.9936,4.40,0.80
2007.11.15 02:13:13.870,0.9932,0.9936,4.40,0.90
2007.11.15 02:13:14.048,0.9932,0.9936,4.40,0.80
2007.11.15 02:13:14.275,0.9932,0.9937,4.40,4.30
2007.11.15 02:13:14.502,0.9932,0.9937,4.40,4.30
2007.11.15 02:13:14.729,0.9932,0.9937,4.40,4.30
2007.11.15 02:13:14.956,0.9932,0.9937,4.40,4.30
2007.11.15 02:13:15.184,0.9932,0.9936,4.40,0.80
2007.11.15 02:13:15.445,0.9932,0.9937,4.40,4.30
2007.11.15 02:13:15.592,0.9932,0.9936,4.40,0.70
2007.11.15 02:13:15.741,0.9932,0.9937,4.40,4.30
2007.11.15 02:13:15.888,0.9932,0.9936,4.40,0.80
2007.11.15 02:13:16.036,0.9932,0.9936,4.40,0.70
2007.11.15 02:13:16.191,0.9932,0.9936,4.40,0.80
2007.11.15 02:13:16.451,0.9932,0.9936,4.40,0.50
2007.11.15 02:13:16.721,0.9932,0.9936,4.40,0.90
2007.11.15 02:13:16.988,0.9932,0.9936,4.40,0.60
2007.11.15 02:13:17.256,0.9932,0.9936,4.40,0.70
2007.11.15 02:13:17.494,0.9932,0.9937,4.40,4.30
2007.11.15 02:13:17.721,0.9932,0.9936,4.40,0.90
2007.11.15 02:13:17.953,0.9932,0.9937,4.40,4.30
2007.11.15 02:13:18.186,0.9932,0.9936,4.40,0.60
2007.11.15 02:13:18.314,0.9932,0.9937,4.40,4.30
2007.11.15 02:13:18.441,0.9932,0.9936,4.40,0.70
2007.11.15 02:13:18.569,0.9932,0.9937,4.40,4.30
2007.11.15 02:13:18.696,0.9932,0.9936,4.40,0.90
2007.11.15 02:13:18.824,0.9932,0.9937,4.40,4.30
2007.11.15 02:13:18.951,0.9932,0.9936,4.40,0.60
2007.11.15 02:13:19.079,0.9932,0.9937,4.40,4.30
2007.11.15 02:13:19.206,0.9932,0.9936,4.40,0.50
2007.11.15 02:13:19.499,0.9932,0.9937,4.40,4.30
2007.11.15 02:13:19.793,0.9932,0.9936,4.40,0.60
2007.11.15 02:13:20.085,0.9932,0.9936,4.40,0.90
2007.11.15 02:13:20.377,0.9933,0.9937,2.40,4.30
2007.11.15 02:13:20.519,0.9933,0.9936,2.40,0.90
2007.11.15 02:13:20.662,0.9933,0.9936,2.40,0.90
2007.11.15 02:13:20.805,0.9933,0.9937,2.40,4.30
2007.11.15 02:13:20.947,0.9933,0.9937,2.40,4.30
2007.11.15 02:13:21.090,0.9933,0.9936,2.40,0.80
2007.11.15 02:13:21.232,0.9933,0.9936,2.40,0.50
2007.11.15 02:13:21.410,0.9933,0.9936,2.40,0.60
2007.11.15 02:13:21.617,0.9933,0.9937,2.40,4.30
2007.11.15 02:13:21.796,0.9933,0.9937,2.40,4.30
2007.11.15 02:13:21.974,0.9933,0.9936,2.40,0.50
2007.11.15 02:13:22.150,0.9933,0.9937,2.40,4.30
2007.11.15 02:13:22.335,0.9933,0.9936,2.40,0.90
2007.11.15 02:13:22.569,0.9933,0.9937,2.40,4.30
2007.11.15 02:13:22.801,0.9933,0.9936,2.40,0.60
2007.11.15 02:13:23.034,0.9933,0.9936,2.40,0.50
2007.11.15 02:13:23.266,0.9933,0.9937,2.40,4.30
2007.11.15 02:13:23.499,0.9933,0.9937,2.40,4.30
2007.11.15 02:13:23.690,0.9933,0.9937,2.40,4.30
2007.11.15 02:13:23.878,0.9933,0.9936,2.40,0.80
2007.11.15 02:13:24.066,0.9933,0.9937,2.40,4.30
2007.11.15 02:13:24.253,0.9933,0.9937,2.40,4.30
2007.11.15 02:13:24.441,0.9933,0.9936,2.40,0.80
2007.11.15 02:13:24.579,0.9933,0.9936,2.40,0.90
2007.11.15 02:13:24.712,0.9933,0.9937,2.40,4.30
2007.11.15 02:13:24.846,0.9933,0.9937,2.40,4.30
2007.11.15 02:13:24.978,0.9933,0.9936,2.40,0.60
2007.11.15 02:13:25.110,0.9933,0.9937,2.40,4.30
2007.11.15 02:13:25.248,0.9933,0.9936,2.40,0.90
2007.11.15 02:13:25.380,0.9933,0.9937,2.40,4.30
2007.11.15 02:13:25.513,0.9933,0.9937,2.40,4.30
2007.11.15 02:13:25.701,0.9933,0.9937,2.40,4.30
2007.11.15 02:13:25.889,0.9933,0.9937,2.40,4.30
2007.11.15 02:13:26.076,0.9933,0.9936,2.40,0.50
2007.11.15 02:13:26.264,0.9933,0.9937,2.40,4.30
2007.11.15 02:13:26.452,0.9933,0.9937,2.40,4.30
2007.11.15 02:13:26.641,0.9933,0.9936,2.40,0.80
2007.11.15 02:13:26.888,0.9933,0.9937,2.40,4.30
2007.11.15 02:13:27.136,0.9933,0.9937,2.40,4.30
2007.11.15 02:13:27.383,0.9933,0.9937,2.40,4.30
2007.11.15 02:13:27.771,0.9933,0.9936,0.90,0.80
2007.11.15 02:13:27.773,0.9932,0.9937,4.40,4.30
2007.11.15 02:13:27.895,0.9932,0.9937,4.40,4.30
2007.11.15 02:13:28.018,0.9933,0.9936,0.50,0.60
2007.11.15 02:13:28.140,0.9933,0.9936,0.50,0.50
2007.11.15 02:13:28.263,0.9933,0.9936,0.80,0.70
2007.11.15 02:13:28.385,0.9933,0.9936,0.80,0.50
2007.11.15 02:13:28.508,0.9932,0.9937,4.40,4.30
2007.11.15 02:13:28.631,0.9932,0.9937,4.40,4.30
2007.11.15 02:13:28.753,0.9933,0.9936,0.70,0.50
2007.11.15 02:13:28.941,0.9932,0.9937,4.40,4.30
2007.11.15 02:13:29.132,0.9933,0.9936,0.80,0.80
2007.11.15 02:13:29.320,0.9933,0.9936,0.80,0.60
2007.11.15 02:13:29.508,0.9932,0.9937,4.40,4.30
2007.11.15 02:13:29.695,0.9933,0.9936,0.60,0.50
2007.11.15 02:13:29.883,0.9932,0.9937,4.40,4.30
2007.11.15 02:13:30.026,0.9932,0.9937,4.40,4.30
2007.11.15 02:13:30.168,0.9932,0.9937,4.40,4.30
2007.11.15 02:13:30.311,0.9932,0.9937,4.40,4.30
2007.11.15 02:13:30.454,0.9933,0.9936,0.80,0.70
2007.11.15 02:13:30.598,0.9932,0.9937,4.40,4.30
2007.11.15 02:13:30.740,0.9933,0.9936,1.10,1.20
2007.11.15 02:13:30.882,0.9933,0.9936,0.50,1.20
2007.11.15 02:13:31.065,0.9933,0.9936,1.30,1.20
2007.11.15 02:13:31.248,0.9932,0.9936,4.40,1.20
2007.11.15 02:13:31.431,0.9932,0.9936,4.40,1.20
2007.11.15 02:13:31.613,0.9932,0.9936,4.40,1.20
2007.11.15 02:13:31.796,0.9932,0.9936,4.40,1.20
2007.11.15 02:13:32.058,0.9932,0.9936,4.40,1.20
2007.11.15 02:13:32.321,0.9933,0.9936,1.00,1.20
2007.11.15 02:13:32.584,0.9932,0.9936,4.40,1.20
2007.11.15 02:13:32.847,0.9932,0.9936,4.40,1.20
2007.11.15 02:13:32.989,0.9932,0.9936,4.40,1.20
2007.11.15 02:13:33.131,0.9932,0.9936,4.40,1.20
2007.11.15 02:13:33.274,0.9932,0.9936,4.40,1.20
2007.11.15 02:13:33.417,0.9932,0.9936,4.40,1.20
2007.11.15 02:13:33.560,0.9933,0.9936,0.50,1.20
2007.11.15 02:13:33.702,0.9933,0.9936,1.30,1.20
2007.11.15 02:13:33.941,0.9932,0.9936,4.40,1.20
2007.11.15 02:13:34.133,0.9933,0.9936,1.10,1.20
2007.11.15 02:13:34.327,0.9932,0.9936,4.40,1.20
2007.11.15 02:13:34.520,0.9932,0.9936,4.40,1.20
2007.11.15 02:13:34.712,0.9933,0.9936,1.20,1.20
2007.11.15 02:13:34.906,0.9932,0.9936,4.40,1.20
2007.11.15 02:13:35.099,0.9933,0.9936,0.50,1.20
2007.11.15 02:13:35.288,0.9933,0.9936,1.30,1.20
2007.11.15 02:13:35.475,0.9932,0.9936,4.40,1.20
2007.11.15 02:13:35.663,0.9933,0.9936,1.60,1.20
2007.11.15 02:13:35.851,0.9932,0.9936,4.40,1.20
2007.11.15 02:13:36.039,0.9932,0.9936,4.40,1.20
2007.11.15 02:13:36.211,0.9932,0.9936,4.40,1.20
2007.11.15 02:13:36.384,0.9933,0.9936,0.60,1.20
2007.11.15 02:13:36.558,0.9933,0.9936,1.20,1.20
2007.11.15 02:13:36.730,0.9933,0.9936,1.00,1.20
2007.11.15 02:13:36.902,0.9932,0.9936,4.40,1.20
2007.11.15 02:13:37.081,0.9932,0.9936,4.40,1.20
2007.11.15 02:13:37.354,0.9933,0.9936,1.20,1.20
2007.11.15 02:13:37.631,0.9932,0.9936,4.40,1.20
2007.11.15 02:13:37.909,0.9933,0.9936,1.40,1.20
2007.11.15 02:13:38.186,0.9932,0.9936,4.40,1.20
2007.11.15 02:13:38.354,0.9932,0.9936,4.40,1.20
2007.11.15 02:13:38.522,0.9932,0.9936,4.40,1.20
2007.11.15 02:13:38.691,0.9933,0.9936,1.30,1.20
2007.11.15 02:13:38.858,0.9932,0.9936,4.40,1.20
2007.11.15 02:13:39.025,0.9932,0.9936,4.40,1.20
2007.11.15 02:13:39.193,0.9933,0.9936,0.60,1.20
2007.11.15 02:13:39.350,0.9932,0.9936,4.40,1.20
2007.11.15 02:13:39.508,0.9933,0.9936,1.40,1.20
2007.11.15 02:13:39.666,0.9933,0.9936,1.10,1.20
2007.11.15 02:13:39.822,0.9933,0.9936,1.10,1.20
2007.11.15 02:13:40.107,0.9933,0.9936,1.60,1.20
2007.11.15 02:13:40.255,0.9933,0.9936,1.50,1.20
2007.11.15 02:13:40.403,0.9932,0.9936,4.40,1.20
2007.11.15 02:13:40.550,0.9932,0.9936,4.40,1.20
2007.11.15 02:13:40.698,0.9933,0.9936,0.80,1.20
2007.11.15 02:13:40.846,0.9933,0.9936,0.70,1.20
2007.11.15 02:13:40.993,0.9932,0.9936,4.40,1.20
2007.11.15 02:13:41.141,0.9933,0.9936,0.60,1.20
2007.11.15 02:13:41.337,0.9932,0.9936,4.40,1.20
2007.11.15 02:13:41.524,0.9932,0.9936,4.40,1.20
2007.11.15 02:13:41.712,0.9933,0.9936,1.50,1.20
2007.11.15 02:13:41.907,0.9933,0.9936,1.50,1.20
2007.11.15 02:13:42.094,0.9932,0.9936,4.40,1.20
2007.11.15 02:13:42.283,0.9933,0.9936,0.90,1.20
2007.11.15 02:13:42.561,0.9933,0.9936,1.30,1.20
2007.11.15 02:13:42.838,0.9933,0.9936,0.70,1.20
2007.11.15 02:13:43.115,0.9932,0.9936,4.40,1.20
2007.11.15 02:13:43.393,0.9932,0.9936,4.40,1.20
2007.11.15 02:13:43.505,0.9932,0.9936,4.40,1.20
2007.11.15 02:13:43.618,0.9932,0.9936,4.40,1.20
2007.11.15 02:13:43.731,0.9933,0.9936,0.90,1.20
2007.11.15 02:13:43.843,0.9933,0.9936,1.30,1.20
2007.11.15 02:13:43.956,0.9933,0.9936,0.80,1.20
2007.11.15 02:13:44.069,0.9932,0.9936,4.40,1.20
2007.11.15 02:13:44.181,0.9932,0.9936,4.40,1.20
2007.11.15 02:13:44.294,0.9932,0.9936,4.40,1.20
2007.11.15 02:13:44.406,0.9932,0.9936,4.40,1.20
2007.11.15 02:13:44.648,0.9932,0.9936,4.40,1.20
2007.11.15 02:13:44.896,0.9932,0.9936,4.40,1.20
2007.11.15 02:13:45.134,0.9933,0.9936,1.10,1.20
2007.11.15 02:13:45.376,0.9933,0.9936,0.50,1.20
2007.11.15 02:13:45.619,0.9932,0.9936,4.40,1.20
2007.11.15 02:13:45.777,0.9933,0.9936,1.60,1.20
2007.11.15 02:13:45.934,0.9932,0.9936,4.40,1.20
2007.11.15 02:13:46.091,0.9933,0.9936,1.50,1.20
2007.11.15 02:13:46.272,0.9933,0.9936,0.70,1.20
2007.11.15 02:13:46.428,0.9933,0.9936,0.90,1.20
2007.11.15 02:13:46.677,0.9932,0.9936,4.40,1.20
2007.11.15 02:13:46.926,0.9933,0.9936,0.60,1.20
2007.11.15 02:13:47.173,0.9932,0.9936,4.40,1.20
2007.11.15 02:13:47.422,0.9933,0.9936,1.10,1.20
2007.11.15 02:13:47.670,0.9932,0.9936,4.40,1.20
2007.11.15 02:13:47.789,0.9932,0.9936,4.40,1.20
2007.11.15 02:13:47.906,0.9932,0.9936,11.20,1.20
2007.11.15 02:13:48.024,0.9934,0.9936,1.20,1.20
2007.11.15 02:13:48.148,0.9934,0.9936,0.60,1.20
2007.11.15 02:13:48.260,0.9932,0.9936,11.20,1.20
2007.11.15 02:13:48.378,0.9934,0.9936,1.60,1.20
2007.11.15 02:13:48.496,0.9932,0.9936,4.40,1.20
2007.11.15 02:13:48.614,0.9932,0.9936,4.40,1.20
2007.11.15 02:13:48.732,0.9932,0.9936,4.40,1.20
2007.11.15 02:13:49.039,0.9932,0.9936,4.40,1.20
2007.11.15 02:13:49.353,0.9934,0.9936,1.00,1.20
2007.11.15 02:13:49.656,0.9932,0.9936,4.40,1.20
2007.11.15 02:13:49.964,0.9932,0.9936,4.40,1.20
2007.11.15 02:13:50.077,0.9934,0.9936,0.50,1.20
2007.11.15 02:13:50.190,0.9934,0.9936,0.70,1.20
2007.11.15 02:13:50.303,0.9934,0.9936,1.50,1.20
2007.11.15 02:13:50.416,0.9932,0.9936,4.40,1.20
2007.11.15 02:13:50.529,0.9934,0.9936,0.90,1.20
2007.11.15 02:13:50.640,0.9932,0.9936,4.40,1.20
2007.11.15 02:13:50.752,0.9932,0.9936,4.40,1.20
2007.11.15 02:13:50.865,0.9932,0.9936,4.40,1.20
2007.11.15 02:13:50.977,0.9932,0.9936,4.40,1.20
2007.11.15 02:13:51.239,0.9934,0.9936,0.50,1.20
2007.11.15 02:13:51.504,0.9932,0.9936,4.40,1.20
2007.11.15 02:13:51.772,0.9934,0.9936,1.50,1.20
2007.11.15 02:13:52.028,0.9934,0.9936,1.60,1.20
2007.11.15 02:13:52.241,0.9934,0.9936,1.40,1.20
2007.11.15 02:13:52.453,0.9932,0.9936,4.40,1.20
2007.11.15 02:13:52.666,0.9934,0.9936,1.00,1.20
2007.11.15 02:13:52.879,0.9932,0.9936,4.40,1.20
2007.11.15 02:13:53.092,0.9932,0.9936,4.40,1.20
2007.11.15 02:13:53.224,0.9932,0.9936,4.40,1.20
2007.11.15 02:13:53.356,0.9934,0.9936,1.30,1.20
2007.11.15 02:13:53.490,0.9932,0.9936,4.40,1.20
2007.11.15 02:13:53.623,0.9932,0.9936,4.40,1.20
2007.11.15 02:13:53.758,0.9934,0.9936,0.70,0.80
2007.11.15 02:13:53.891,0.9932,0.9936,7.60,0.80
2007.11.15 02:13:54.025,0.9934,0.9936,0.80,0.80
2007.11.15 02:13:54.157,0.9934,0.9936,0.70,0.80
2007.11.15 02:13:54.425,0.9932,0.9936,14.40,0.80
2007.11.15 02:13:54.693,0.9932,0.9936,14.40,0.80
2007.11.15 02:13:54.961,0.9934,0.9936,1.20,0.80
2007.11.15 02:13:55.229,0.9932,0.9936,14.40,0.80
2007.11.15 02:13:55.337,0.9934,0.9936,1.10,0.80
2007.11.15 02:13:55.445,0.9932,0.9936,14.40,0.80
2007.11.15 02:13:55.553,0.9934,0.9936,1.00,0.80
2007.11.15 02:13:55.661,0.9932,0.9936,14.40,0.80
2007.11.15 02:13:55.769,0.9934,0.9936,1.40,0.80
2007.11.15 02:13:55.877,0.9932,0.9936,14.40,0.80
2007.11.15 02:13:55.985,0.9934,0.9936,1.50,0.80
2007.11.15 02:13:56.093,0.9934,0.9936,1.50,0.80
2007.11.15 02:13:56.201,0.9932,0.9936,14.40,0.80
2007.11.15 02:13:56.309,0.9932,0.9936,14.40,0.80
2007.11.15 02:13:56.542,0.9934,0.9936,0.70,0.80
2007.11.15 02:13:56.775,0.9934,0.9937,2.40,1.20
2007.11.15 02:13:57.007,0.9934,0.9937,2.40,1.20
2007.11.15 02:13:57.239,0.9934,0.9937,2.40,1.20
2007.11.15 02:13:57.472,0.9934,0.9937,2.40,1.20
2007.11.15 02:13:57.686,0.9934,0.9937,2.40,1.20
2007.11.15 02:13:57.898,0.9934,0.9937,2.40,1.20
2007.11.15 02:13:58.111,0.9934,0.9937,2.40,1.20
2007.11.15 02:13:58.324,0.9934,0.9937,2.40,1.20
2007.11.15 02:13:58.594,0.9934,0.9937,2.40,1.20
2007.11.15 02:13:58.747,0.9934,0.9937,2.40,1.20
2007.11.15 02:13:58.902,0.9934,0.9937,2.40,1.20
2007.11.15 02:13:59.054,0.9934,0.9937,2.40,1.20
2007.11.15 02:13:59.208,0.9934,0.9937,2.40,1.20
2007.11.15 02:13:59.361,0.9934,0.9937,2.40,1.20
2007.11.15 02:13:59.544,0.9934,0.9937,2.40,1.20
2007.11.15 02:13:59.726,0.9934,0.9937,2.40,1.20
2007.11.15 02:13:59.909,0.9934,0.9937,2.40,1.20
2007.11.15 02:14:00.094,0.9934,0.9937,2.40,1.20
2007.11.15 02:14:00.276,0.9934,0.9937,2.40,1.20
2007.11.15 02:14:00.423,0.9934,0.9937,2.40,1.20
2007.11.15 02:14:00.572,0.9934,0.9937,2.40,1.20
2007.11.15 02:14:00.692,0.9932,0.9937,27.20,1.20
2007.11.15 02:14:00.720,0.9932,0.9937,27.20,1.20
2007.11.15 02:14:00.867,0.9932,0.9937,27.20,1.20
2007.11.15 02:14:01.014,0.9932,0.9937,27.20,1.20
2007.11.15 02:14:01.163,0.9932,0.9937,27.20,1.20
2007.11.15 02:14:01.310,0.9932,0.9937,27.20,1.20
2007.11.15 02:14:01.504,0.9934,0.9937,0.50,1.20
2007.11.15 02:14:01.697,0.9932,0.9937,27.20,1.20
2007.11.15 02:14:01.889,0.9932,0.9937,27.20,1.20
2007.11.15 02:14:02.082,0.9932,0.9937,27.20,1.20
2007.11.15 02:14:02.275,0.9934,0.9937,1.50,1.20
2007.11.15 02:14:02.468,0.9932,0.9937,27.20,1.20
2007.11.15 02:14:02.726,0.9932,0.9937,27.20,1.20
2007.11.15 02:14:02.989,0.9934,0.9937,1.60,1.20
2007.11.15 02:14:03.247,0.9934,0.9937,0.90,1.20
2007.11.15 02:14:03.510,0.9932,0.9937,27.20,1.20
2007.11.15 02:14:03.704,0.9932,0.9937,27.20,1.20
2007.11.15 02:14:03.896,0.9935,0.9937,0.60,1.20
2007.11.15 02:14:04.089,0.9935,0.9937,1.40,1.20
2007.11.15 02:14:04.283,0.9935,0.9937,1.10,1.20
2007.11.15 02:14:04.482,0.9935,0.9937,0.50,1.20
2007.11.15 02:14:04.753,0.9935,0.9937,1.50,1.20
2007.11.15 02:14:04.986,0.9935,0.9937,0.80,1.20
2007.11.15 02:14:05.219,0.9935,0.9937,0.50,1.20
2007.11.15 02:14:05.453,0.9935,0.9937,0.90,1.20
2007.11.15 02:14:05.590,0.9935,0.9937,0.70,1.20
2007.11.15 02:14:05.723,0.9935,0.9937,1.40,1.20
2007.11.15 02:14:05.856,0.9935,0.9937,0.50,1.20
2007.11.15 02:14:05.989,0.9935,0.9937,0.70,1.20
2007.11.15 02:14:06.122,0.9935,0.9937,0.90,1.20
2007.11.15 02:14:06.259,0.9935,0.9937,1.50,1.20
2007.11.15 02:14:06.392,0.9935,0.9937,0.90,1.20
2007.11.15 02:14:06.525,0.9935,0.9937,1.10,1.20
2007.11.15 02:14:06.729,0.9935,0.9937,0.50,1.20
2007.11.15 02:14:06.933,0.9934,0.9937,3.20,0.80
2007.11.15 02:14:07.136,0.9935,0.9937,0.50,0.80
2007.11.15 02:14:07.339,0.9934,0.9937,3.20,0.80
2007.11.15 02:14:07.542,0.9934,0.9937,3.20,0.80
2007.11.15 02:14:07.836,0.9934,0.9938,8.80,1.20
2007.11.15 02:14:08.128,0.9934,0.9938,8.80,1.20
2007.11.15 02:14:08.421,0.9935,0.9937,0.80,0.50
2007.11.15 02:14:08.714,0.9935,0.9937,0.90,0.50
2007.11.15 02:14:08.918,0.9935,0.9937,1.00,0.80
2007.11.15 02:14:09.121,0.9935,0.9937,0.80,0.80
2007.11.15 02:14:09.330,0.9935,0.9937,1.60,0.80
2007.11.15 02:14:09.532,0.9933,0.9937,22.40,0.80
2007.11.15 02:14:09.735,0.9933,0.9937,22.40,0.80
2007.11.15 02:14:09.939,0.9935,0.9937,0.90,0.80
2007.11.15 02:14:10.143,0.9935,0.9937,1.10,0.80
2007.11.15 02:14:10.345,0.9933,0.9937,22.40,0.80
2007.11.15 02:14:10.548,0.9935,0.9937,1.60,0.80
2007.11.15 02:14:10.681,0.9933,0.9937,22.40,0.80
2007.11.15 02:14:10.920,0.9933,0.9937,22.40,0.80
2007.11.15 02:14:11.053,0.9933,0.9937,22.40,0.80
2007.11.15 02:14:11.185,0.9933,0.9937,22.40,0.80
2007.11.15 02:14:11.318,0.9933,0.9937,22.40,0.80
2007.11.15 02:14:11.451,0.9935,0.9937,1.00,0.80
2007.11.15 02:14:11.585,0.9933,0.9937,22.40,0.80
2007.11.15 02:14:11.853,0.9933,0.9938,22.40,1.20
2007.11.15 02:14:12.123,0.9933,0.9938,22.40,1.20
2007.11.15 02:14:12.391,0.9933,0.9938,22.40,1.20
2007.11.15 02:14:12.659,0.9935,0.9938,0.70,1.20
2007.11.15 02:14:12.786,0.9933,0.9938,22.40,1.20
2007.11.15 02:14:12.914,0.9933,0.9938,22.40,1.20
2007.11.15 02:14:13.042,0.9933,0.9938,22.40,1.20
2007.11.15 02:14:13.170,0.9933,0.9938,22.40,1.20
2007.11.15 02:14:13.298,0.9933,0.9938,22.40,1.20
2007.11.15 02:14:13.426,0.9933,0.9938,22.40,1.20
2007.11.15 02:14:13.555,0.9935,0.9938,1.30,1.20
2007.11.15 02:14:13.681,0.9933,0.9938,22.40,1.20
2007.11.15 02:14:13.895,0.9933,0.9938,22.40,1.20
2007.11.15 02:14:14.108,0.9933,0.9938,22.40,1.20
2007.11.15 02:14:14.321,0.9933,0.9938,22.40,1.20
2007.11.15 02:14:14.535,0.9933,0.9938,22.40,1.20
2007.11.15 02:14:14.747,0.9935,0.9938,1.60,1.20
2007.11.15 02:14:14.911,0.9933,0.9938,22.40,1.20
2007.11.15 02:14:15.073,0.9933,0.9938,22.40,1.20
2007.11.15 02:14:15.235,0.9935,0.9938,1.20,1.20
2007.11.15 02:14:15.398,0.9933,0.9938,22.40,1.20
2007.11.15 02:14:15.561,0.9935,0.9938,1.20,1.20
2007.11.15 02:14:15.727,0.9933,0.9938,22.40,1.20
2007.11.15 02:14:15.890,0.9933,0.9938,22.40,1.20
2007.11.15 02:14:16.083,0.9933,0.9938,22.40,1.20
2007.11.15 02:14:16.276,0.9933,0.9938,22.40,1.20
2007.11.15 02:14:16.469,0.9933,0.9938,22.40,1.20
2007.11.15 02:14:16.662,0.9933,0.9938,22.40,1.20
2007.11.15 02:14:16.854,0.9935,0.9938,1.00,1.20
2007.11.15 02:14:17.091,0.9935,0.9938,1.40,1.20
2007.11.15 02:14:17.329,0.9935,0.9938,1.20,1.20
2007.11.15 02:14:17.567,0.9933,0.9938,22.40,1.20
2007.11.15 02:14:17.805,0.9935,0.9938,1.00,1.20
2007.11.15 02:14:18.043,0.9933,0.9938,22.40,1.20
2007.11.15 02:14:18.175,0.9935,0.9938,1.40,1.20
2007.11.15 02:14:18.307,0.9933,0.9938,22.40,1.20
2007.11.15 02:14:18.441,0.9935,0.9938,0.60,1.20
2007.11.15 02:14:18.573,0.9933,0.9938,22.40,1.20
2007.11.15 02:14:18.707,0.9935,0.9938,1.00,1.20
2007.11.15 02:14:18.839,0.9935,0.9938,0.50,1.20
2007.11.15 02:14:19.068,0.9933,0.9938,22.40,2.00
2007.11.15 02:14:19.295,0.9933,0.9938,22.40,2.00
2007.11.15 02:14:19.523,0.9933,0.9938,22.40,2.00
2007.11.15 02:14:19.753,0.9933,0.9938,22.40,2.00
2007.11.15 02:14:19.980,0.9935,0.9938,0.50,2.00
2007.11.15 02:14:20.144,0.9935,0.9938,1.60,2.00
2007.11.15 02:14:20.307,0.9935,0.9938,1.60,2.00
2007.11.15 02:14:20.469,0.9935,0.9938,1.30,2.00
2007.11.15 02:14:20.631,0.9933,0.9938,6.10,2.00
2007.11.15 02:14:20.795,0.9932,0.9938,33.20,2.00
2007.11.15 02:14:20.957,0.9933,0.9938,8.70,2.00
2007.11.15 02:14:21.124,0.9933,0.9938,5.50,2.00
2007.11.15 02:14:21.293,0.9932,0.9938,33.20,2.00
2007.11.15 02:14:21.460,0.9932,0.9938,33.20,2.00
2007.11.15 02:14:21.628,0.9933,0.9938,11.20,2.00
2007.11.15 02:14:21.796,0.9932,0.9938,33.20,2.00
2007.11.15 02:14:21.964,0.9933,0.9938,6.60,2.00
2007.11.15 02:14:22.247,0.9933,0.9938,4.00,2.80
2007.11.15 02:14:22.530,0.9933,0.9938,9.90,2.80
2007.11.15 02:14:22.816,0.9932,0.9938,32.40,2.80
2007.11.15 02:14:23.245,0.9932,0.9938,32.40,2.80
2007.11.15 02:14:23.402,0.9932,0.9938,32.40,2.80
2007.11.15 02:14:23.561,0.9932,0.9938,32.40,2.80
2007.11.15 02:14:23.718,0.9933,0.9938,5.60,2.80
2007.11.15 02:14:23.875,0.9933,0.9938,8.20,2.80
2007.11.15 02:14:24.033,0.9932,0.9938,32.40,2.80
2007.11.15 02:14:24.190,0.9932,0.9938,32.40,2.80
2007.11.15 02:14:24.378,0.9932,0.9938,32.40,2.80
2007.11.15 02:14:24.565,0.9933,0.9938,8.90,2.80
2007.11.15 02:14:24.753,0.9933,0.9938,6.50,2.80
2007.11.15 02:14:24.942,0.9932,0.9938,32.40,2.80
2007.11.15 02:14:25.129,0.9932,0.9938,32.40,2.80
2007.11.15 02:14:25.346,0.9935,0.9938,0.50,2.80
2007.11.15 02:14:25.564,0.9933,0.9938,22.40,2.80
2007.11.15 02:14:25.782,0.9935,0.9938,0.70,2.80
2007.11.15 02:14:25.999,0.9933,0.9938,22.40,2.80
2007.11.15 02:14:26.217,0.9933,0.9938,22.40,2.80
2007.11.15 02:14:26.399,0.9933,0.9938,22.40,2.80
2007.11.15 02:14:26.582,0.9933,0.9938,22.40,2.80
2007.11.15 02:14:26.765,0.9933,0.9938,22.40,2.80
2007.11.15 02:14:26.949,0.9935,0.9938,1.30,2.80
2007.11.15 02:14:27.131,0.9935,0.9938,1.60,2.80
2007.11.15 02:14:27.315,0.9935,0.9938,1.50,2.80
2007.11.15 02:14:27.593,0.9933,0.9938,22.40,2.80
2007.11.15 02:14:27.871,0.9935,0.9938,1.40,2.80
2007.11.15 02:14:28.150,0.9935,0.9938,2.40,2.80
2007.11.15 02:14:28.337,0.9935,0.9938,2.40,2.80
2007.11.15 02:14:28.525,0.9935,0.9938,2.40,2.80
2007.11.15 02:14:28.712,0.9935,0.9938,2.40,2.80
2007.11.15 02:14:28.904,0.9935,0.9938,2.40,2.80
2007.11.15 02:14:29.092,0.9935,0.9938,2.40,2.80
2007.11.15 02:14:29.413,0.9935,0.9938,2.40,2.80
2007.11.15 02:14:29.629,0.9935,0.9938,2.40,2.80
2007.11.15 02:14:29.848,0.9935,0.9938,2.40,2.80
2007.11.15 02:14:30.065,0.9935,0.9938,2.40,2.80
2007.11.15 02:14:30.282,0.9935,0.9938,2.40,2.80
2007.11.15 02:14:30.410,0.9935,0.9938,2.40,2.80
2007.11.15 02:14:30.539,0.9935,0.9938,2.40,2.80
2007.11.15 02:14:30.666,0.9935,0.9938,2.40,2.80
2007.11.15 02:14:30.795,0.9935,0.9938,2.40,2.80
2007.11.15 02:14:30.922,0.9935,0.9938,2.40,2.80
2007.11.15 02:14:31.051,0.9935,0.9938,2.40,2.80
2007.11.15 02:14:31.179,0.9935,0.9938,2.40,2.80
2007.11.15 02:14:31.307,0.9935,0.9938,2.40,2.80
2007.11.15 02:14:31.434,0.9935,0.9938,2.40,2.80
2007.11.15 02:14:31.641,0.9935,0.9938,2.40,2.80
2007.11.15 02:14:31.849,0.9935,0.9938,2.40,2.80
2007.11.15 02:14:32.052,0.9935,0.9938,2.40,2.80
2007.11.15 02:14:32.254,0.9935,0.9938,2.40,2.80
2007.11.15 02:14:32.457,0.9935,0.9938,2.40,2.80
2007.11.15 02:14:32.724,0.9935,0.9938,2.40,2.80
2007.11.15 02:14:32.992,0.9935,0.9938,2.40,2.80
2007.11.15 02:14:33.114,0.9935,0.9938,0.60,2.80
2007.11.15 02:14:33.259,0.9933,0.9938,22.40,2.80
2007.11.15 02:14:33.526,0.9935,0.9938,0.80,2.80
2007.11.15 02:14:33.693,0.9935,0.9938,1.10,2.80
2007.11.15 02:14:33.861,0.9933,0.9938,22.40,2.80
2007.11.15 02:14:34.034,0.9933,0.9938,22.40,2.80
2007.11.15 02:14:34.196,0.9933,0.9938,22.40,2.80
2007.11.15 02:14:34.365,0.9935,0.9938,0.70,2.80
2007.11.15 02:14:34.573,0.9935,0.9938,1.50,2.80
2007.11.15 02:14:34.782,0.9933,0.9938,22.40,2.80
2007.11.15 02:14:34.989,0.9933,0.9938,22.40,2.80
2007.11.15 02:14:35.197,0.9933,0.9938,22.40,2.80
2007.11.15 02:14:35.404,0.9935,0.9938,1.00,2.80
2007.11.15 02:14:35.657,0.9933,0.9938,22.40,2.80
2007.11.15 02:14:35.910,0.9933,0.9938,22.40,2.80
2007.11.15 02:14:36.163,0.9935,0.9938,0.90,2.80
2007.11.15 02:14:36.415,0.9935,0.9938,1.60,2.80
2007.11.15 02:14:36.538,0.9933,0.9938,22.40,2.80
2007.11.15 02:14:36.672,0.9935,0.9938,1.50,2.80
2007.11.15 02:14:36.794,0.9935,0.9938,1.60,2.80
2007.11.15 02:14:36.917,0.9933,0.9938,22.40,2.80
2007.11.15 02:14:37.039,0.9933,0.9938,22.40,2.80
2007.11.15 02:14:37.162,0.9933,0.9938,22.40,2.80
2007.11.15 02:14:37.284,0.9933,0.9938,22.40,2.80
2007.11.15 02:14:37.407,0.9933,0.9938,22.40,2.80
2007.11.15 02:14:37.529,0.9933,0.9938,22.40,2.80
2007.11.15 02:14:37.812,0.9933,0.9938,22.40,2.80
2007.11.15 02:14:38.095,0.9933,0.9938,22.40,2.80
2007.11.15 02:14:38.378,0.9933,0.9938,22.40,2.80
2007.11.15 02:14:38.661,0.9933,0.9938,22.40,2.80
2007.11.15 02:14:38.835,0.9935,0.9938,0.60,2.80
2007.11.15 02:14:39.007,0.9935,0.9938,0.80,2.80
2007.11.15 02:14:39.180,0.9935,0.9938,1.40,2.80
2007.11.15 02:14:39.353,0.9933,0.9938,22.40,2.80
2007.11.15 02:14:39.525,0.9935,0.9938,1.20,2.80
2007.11.15 02:14:39.698,0.9935,0.9938,1.40,2.80
2007.11.15 02:14:40.007,0.9933,0.9938,22.40,2.80
2007.11.15 02:14:40.314,0.9933,0.9938,22.40,2.80
2007.11.15 02:14:40.622,0.9933,0.9938,22.40,2.80
2007.11.15 02:14:40.804,0.9933,0.9938,22.40,2.80
2007.11.15 02:14:40.987,0.9933,0.9938,22.40,2.80
2007.11.15 02:14:41.170,0.9935,0.9938,1.40,2.80
2007.11.15 02:14:41.354,0.9933,0.9938,22.40,2.80
2007.11.15 02:14:41.537,0.9933,0.9938,22.40,2.80
2007.11.15 02:14:41.732,0.9935,0.9938,1.10,2.80
2007.11.15 02:14:41.910,0.9933,0.9938,22.40,2.80
2007.11.15 02:14:42.088,0.9935,0.9938,1.20,2.80
2007.11.15 02:14:42.265,0.9935,0.9938,1.40,2.80
2007.11.15 02:14:42.443,0.9933,0.9938,22.40,2.80
2007.11.15 02:14:42.620,0.9935,0.9938,1.20,2.80
2007.11.15 02:14:42.798,0.9933,0.9938,22.40,2.80
2007.11.15 02:14:43.046,0.9933,0.9938,22.40,2.80
2007.11.15 02:14:43.294,0.9935,0.9938,1.00,2.80
2007.11.15 02:14:43.542,0.9933,0.9938,22.40,2.80
2007.11.15 02:14:43.790,0.9933,0.9938,22.40,2.80
2007.11.15 02:14:43.923,0.9933,0.9938,22.40,2.80
2007.11.15 02:14:44.055,0.9933,0.9938,22.40,2.80
2007.11.15 02:14:44.188,0.9935,0.9938,1.60,2.80
2007.11.15 02:14:44.320,0.9933,0.9938,22.40,2.80
2007.11.15 02:14:44.453,0.9933,0.9938,22.40,2.80
2007.11.15 02:14:44.585,0.9933,0.9938,22.40,2.80
2007.11.15 02:14:44.719,0.9933,0.9938,22.40,2.80
2007.11.15 02:14:44.941,0.9933,0.9938,22.40,2.80
2007.11.15 02:14:45.146,0.9933,0.9938,22.40,2.80
2007.11.15 02:14:45.359,0.9933,0.9938,22.40,2.80
2007.11.15 02:14:45.572,0.9933,0.9938,22.40,2.80
2007.11.15 02:14:45.789,0.9935,0.9938,0.90,2.80
2007.11.15 02:14:45.936,0.9933,0.9938,22.40,2.80
2007.11.15 02:14:46.089,0.9933,0.9938,22.40,2.80
2007.11.15 02:14:46.241,0.9933,0.9938,22.40,2.80
2007.11.15 02:14:46.394,0.9935,0.9938,1.20,2.80
2007.11.15 02:14:46.547,0.9935,0.9938,0.90,2.80
2007.11.15 02:14:46.699,0.9933,0.9938,22.40,2.80
2007.11.15 02:14:46.853,0.9935,0.9938,0.70,2.80
2007.11.15 02:14:47.041,0.9933,0.9938,22.40,2.80
2007.11.15 02:14:47.229,0.9933,0.9938,22.40,2.80
2007.11.15 02:14:47.417,0.9933,0.9938,22.40,2.80
2007.11.15 02:14:47.605,0.9933,0.9938,22.40,2.80
2007.11.15 02:14:47.899,0.9935,0.9938,1.00,2.80
2007.11.15 02:14:48.117,0.9935,0.9938,1.30,2.80
2007.11.15 02:14:48.335,0.9933,0.9938,22.40,2.80
2007.11.15 02:14:48.552,0.9935,0.9938,1.10,2.80
2007.11.15 02:14:48.775,0.9935,0.9938,0.80,2.80
2007.11.15 02:14:48.992,0.9935,0.9938,0.50,2.80
2007.11.15 02:14:49.132,0.9935,0.9938,1.50,2.80
2007.11.15 02:14:49.270,0.9933,0.9938,22.40,2.80
2007.11.15 02:14:49.408,0.9935,0.9938,1.40,2.80
2007.11.15 02:14:49.546,0.9933,0.9938,22.40,2.80
2007.11.15 02:14:49.684,0.9935,0.9938,0.70,2.80
2007.11.15 02:14:49.822,0.9933,0.9938,22.40,2.80
2007.11.15 02:14:49.959,0.9933,0.9938,22.40,2.80
2007.11.15 02:14:50.142,0.9933,0.9938,22.40,2.80
2007.11.15 02:14:50.325,0.9935,0.9938,0.50,2.80
2007.11.15 02:14:50.507,0.9935,0.9938,1.60,2.80
2007.11.15 02:14:50.690,0.9935,0.9938,1.30,2.80
2007.11.15 02:14:50.873,0.9933,0.9938,22.40,2.80
2007.11.15 02:14:51.055,0.9935,0.9938,1.30,2.80
2007.11.15 02:14:51.243,0.9933,0.9938,22.40,2.80
2007.11.15 02:14:51.431,0.9933,0.9938,22.40,2.80
2007.11.15 02:14:51.619,0.9935,0.9938,1.20,2.80
2007.11.15 02:14:51.808,0.9933,0.9938,22.40,2.80
2007.11.15 02:14:51.995,0.9933,0.9938,22.40,2.80
2007.11.15 02:14:52.269,0.9935,0.9938,1.00,2.80
2007.11.15 02:14:52.544,0.9935,0.9938,0.60,3.60
2007.11.15 02:14:52.817,0.9934,0.9938,6.40,3.60
2007.11.15 02:14:53.090,0.9935,0.9937,1.50,0.80
2007.11.15 02:14:53.208,0.9935,0.9937,1.30,0.80
2007.11.15 02:14:53.326,0.9935,0.9937,1.30,0.80
2007.11.15 02:14:53.444,0.9935,0.9937,0.70,0.80
2007.11.15 02:14:53.566,0.9935,0.9937,0.70,0.80
2007.11.15 02:14:53.683,0.9935,0.9937,0.90,0.80
2007.11.15 02:14:53.801,0.9934,0.9937,6.40,0.80
2007.11.15 02:14:54.059,0.9934,0.9937,6.40,0.80
2007.11.15 02:14:54.251,0.9934,0.9937,6.40,0.80
2007.11.15 02:14:54.444,0.9935,0.9937,1.10,0.80
2007.11.15 02:14:54.637,0.9935,0.9937,1.10,0.80
2007.11.15 02:14:54.836,0.9935,0.9937,1.60,0.80
2007.11.15 02:14:55.022,0.9935,0.9937,0.50,0.80
2007.11.15 02:14:55.216,0.9934,0.9937,6.40,2.40
2007.11.15 02:14:55.367,0.9934,0.9937,6.40,2.40
2007.11.15 02:14:55.527,0.9934,0.9937,6.40,1.60
2007.11.15 02:14:55.673,0.9933,0.9937,20.00,1.60
2007.11.15 02:14:55.828,0.9933,0.9937,20.00,1.60
2007.11.15 02:14:55.981,0.9934,0.9937,0.80,1.60
2007.11.15 02:14:56.134,0.9934,0.9937,1.90,1.60
2007.11.15 02:14:56.286,0.9933,0.9938,20.00,3.60
2007.11.15 02:14:56.510,0.9934,0.9938,1.40,3.60
2007.11.15 02:14:56.733,0.9932,0.9938,30.80,3.60
2007.11.15 02:14:56.956,0.9933,0.9938,4.60,3.60
2007.11.15 02:14:57.187,0.9933,0.9938,3.50,3.60
2007.11.15 02:14:57.422,0.9932,0.9938,30.80,3.60
2007.11.15 02:14:57.665,0.9932,0.9938,33.20,3.60
2007.11.15 02:14:57.908,0.9932,0.9938,33.20,3.60
2007.11.15 02:14:58.150,0.9932,0.9938,33.20,3.60
2007.11.15 02:14:58.288,0.9933,0.9938,11.20,3.60
2007.11.15 02:14:58.426,0.9933,0.9938,3.20,3.60
2007.11.15 02:14:58.563,0.9933,0.9938,10.30,3.60
2007.11.15 02:14:58.700,0.9932,0.9938,33.20,3.60
2007.11.15 02:14:58.839,0.9933,0.9938,8.70,3.60
2007.11.15 02:14:58.976,0.9933,0.9938,3.10,3.60
2007.11.15 02:14:59.114,0.9933,0.9938,7.60,3.60
2007.11.15 02:14:59.252,0.9932,0.9938,33.20,3.60
2007.11.15 02:14:59.454,0.9932,0.9938,33.20,3.60
2007.11.15 02:14:59.657,0.9933,0.9938,9.20,3.60
2007.11.15 02:14:59.859,0.9932,0.9938,33.20,3.60
2007.11.15 02:15:00.061,0.9933,0.9938,6.20,3.60
2007.11.15 02:15:00.265,0.9933,0.9938,22.40,3.60
2007.11.15 02:15:00.393,0.9933,0.9938,22.40,3.60
2007.11.15 02:15:00.520,0.9933,0.9938,22.40,3.60
2007.11.15 02:15:00.647,0.9933,0.9938,22.40,3.60
2007.11.15 02:15:00.775,0.9933,0.9938,22.40,3.60
2007.11.15 02:15:00.902,0.9933,0.9938,22.40,3.60
2007.11.15 02:15:01.029,0.9933,0.9938,22.40,3.60
2007.11.15 02:15:01.158,0.9933,0.9938,22.40,3.60
2007.11.15 02:15:01.286,0.9933,0.9938,22.40,3.60
2007.11.15 02:15:01.498,0.9933,0.9938,22.40,3.60
2007.11.15 02:15:01.710,0.9933,0.9938,22.40,3.60
2007.11.15 02:15:01.923,0.9933,0.9938,22.40,3.60
2007.11.15 02:15:02.142,0.9933,0.9938,22.40,3.60
2007.11.15 02:15:02.355,0.9933,0.9938,22.40,3.60
2007.11.15 02:15:02.572,0.9933,0.9938,22.40,3.60
2007.11.15 02:15:02.789,0.9933,0.9938,22.40,3.60
2007.11.15 02:15:03.007,0.9933,0.9938,22.40,3.60
2007.11.15 02:15:03.224,0.9933,0.9938,22.40,3.60
2007.11.15 02:15:03.442,0.9933,0.9938,22.40,3.60
2007.11.15 02:15:03.571,0.9933,0.9938,22.40,3.60
2007.11.15 02:15:03.698,0.9933,0.9938,22.40,3.60
2007.11.15 02:15:03.826,0.9933,0.9938,22.40,3.60
2007.11.15 02:15:03.953,0.9933,0.9938,22.40,3.60
2007.11.15 02:15:04.081,0.9933,0.9938,22.40,3.60
2007.11.15 02:15:04.209,0.9933,0.9938,22.40,3.60
2007.11.15 02:15:04.336,0.9933,0.9938,22.40,3.60
2007.11.15 02:15:04.464,0.9933,0.9938,22.40,3.60
2007.11.15 02:15:04.727,0.9933,0.9938,22.40,3.60
2007.11.15 02:15:04.990,0.9933,0.9938,22.40,3.60
2007.11.15 02:15:05.253,0.9933,0.9938,22.40,3.60
2007.11.15 02:15:05.516,0.9933,0.9938,22.40,3.60
2007.11.15 02:15:05.674,0.9933,0.9938,22.40,3.60
2007.11.15 02:15:05.822,0.9933,0.9938,22.40,3.60
2007.11.15 02:15:05.974,0.9933,0.9938,22.40,3.60
2007.11.15 02:15:06.127,0.9933,0.9938,22.40,3.60
2007.11.15 02:15:06.382,0.9933,0.9938,22.40,3.60
2007.11.15 02:15:06.532,0.9933,0.9938,22.40,3.60
2007.11.15 02:15:06.685,0.9933,0.9938,22.40,3.60
2007.11.15 02:15:06.907,0.9933,0.9938,22.40,3.60
2007.11.15 02:15:07.121,0.9933,0.9938,22.40,3.60
2007.11.15 02:15:07.339,0.9933,0.9938,22.40,3.60
2007.11.15 02:15:07.557,0.9933,0.9938,22.40,3.60
2007.11.15 02:15:07.775,0.9933,0.9938,22.40,3.60
2007.11.15 02:15:08.012,0.9933,0.9938,22.40,3.60
2007.11.15 02:15:08.250,0.9934,0.9938,2.40,3.60
2007.11.15 02:15:08.487,0.9934,0.9938,2.40,3.60
2007.11.15 02:15:08.724,0.9934,0.9938,2.40,3.60
2007.11.15 02:15:08.892,0.9934,0.9938,2.40,3.60
2007.11.15 02:15:09.060,0.9934,0.9938,2.40,3.60
2007.11.15 02:15:09.227,0.9934,0.9938,2.40,3.60
2007.11.15 02:15:09.394,0.9934,0.9938,2.40,3.60
2007.11.15 02:15:09.562,0.9934,0.9938,2.40,3.60
2007.11.15 02:15:09.730,0.9934,0.9938,2.40,3.60
2007.11.15 02:15:09.904,0.9934,0.9938,2.40,3.60
2007.11.15 02:15:10.079,0.9934,0.9938,2.40,3.60
2007.11.15 02:15:10.251,0.9934,0.9938,2.40,3.60
2007.11.15 02:15:10.422,0.9934,0.9938,2.40,3.60
2007.11.15 02:15:10.595,0.9934,0.9938,2.40,3.60
2007.11.15 02:15:10.768,0.9934,0.9938,2.40,3.60
2007.11.15 02:15:10.975,0.9934,0.9938,2.40,3.60
2007.11.15 02:15:11.183,0.9934,0.9938,2.40,3.60
2007.11.15 02:15:11.390,0.9934,0.9938,2.40,3.60
2007.11.15 02:15:11.599,0.9934,0.9938,2.40,3.60
2007.11.15 02:15:11.747,0.9934,0.9938,2.40,3.60
2007.11.15 02:15:11.894,0.9934,0.9938,2.40,3.60
2007.11.15 02:15:12.042,0.9934,0.9938,2.40,3.60
2007.11.15 02:15:12.189,0.9934,0.9938,2.40,3.60
2007.11.15 02:15:12.336,0.9934,0.9938,2.40,3.60
2007.11.15 02:15:12.540,0.9934,0.9938,2.40,3.60
2007.11.15 02:15:12.688,0.9934,0.9938,2.40,3.60
2007.11.15 02:15:12.926,0.9934,0.9938,2.40,3.60
2007.11.15 02:15:13.163,0.9934,0.9938,2.40,3.60
2007.11.15 02:15:13.400,0.9934,0.9938,2.40,3.60
2007.11.15 02:15:13.536,0.9934,0.99385,2.40,5.20
2007.11.15 02:15:13.638,0.9934,0.9938,2.40,0.60
2007.11.15 02:15:13.875,0.9934,0.9938,2.40,0.80
2007.11.15 02:15:13.997,0.9934,0.99385,2.40,5.20
2007.11.15 02:15:14.121,0.9934,0.9938,2.40,0.70
2007.11.15 02:15:14.244,0.9934,0.9938,2.40,0.70
2007.11.15 02:15:14.366,0.9934,0.9938,2.40,0.80
2007.11.15 02:15:14.489,0.9934,0.9938,2.40,0.50
2007.11.15 02:15:14.612,0.9934,0.99385,2.40,5.20
2007.11.15 02:15:14.734,0.9934,0.9938,2.40,0.70
2007.11.15 02:15:14.856,0.9934,0.99385,2.40,5.20
2007.11.15 02:15:15.053,0.9934,0.99385,2.40,5.20
2007.11.15 02:15:15.252,0.9934,0.99385,2.40,5.20
2007.11.15 02:15:15.450,0.9934,0.9938,2.40,0.60
2007.11.15 02:15:15.648,0.9934,0.9938,2.40,0.70
2007.11.15 02:15:15.845,0.9934,0.99385,2.40,5.20
2007.11.15 02:15:16.042,0.9934,0.99385,2.40,5.20
2007.11.15 02:15:16.191,0.9934,0.99385,2.40,5.20
2007.11.15 02:15:16.339,0.9934,0.9938,2.40,0.50
2007.11.15 02:15:16.487,0.9934,0.9938,2.40,0.80
2007.11.15 02:15:16.634,0.9934,0.99385,2.40,5.20
2007.11.15 02:15:16.782,0.9934,0.99385,2.40,5.20
2007.11.15 02:15:16.930,0.9934,0.9938,2.40,0.50
2007.11.15 02:15:17.108,0.9934,0.9938,2.40,0.70
2007.11.15 02:15:17.286,0.9934,0.9938,3.60,0.50
2007.11.15 02:15:17.464,0.9934,0.99385,9.20,5.20
2007.11.15 02:15:17.641,0.9934,0.99385,9.20,5.20
2007.11.15 02:15:17.818,0.9934,0.9938,9.20,0.90
2007.11.15 02:15:17.997,0.9934,0.99385,9.20,5.20
2007.11.15 02:15:18.304,0.9934,0.9938,9.20,0.50
2007.11.15 02:15:18.708,0.9934,0.9938,9.20,0.70
2007.11.15 02:15:19.011,0.9934,0.9938,9.20,0.60
2007.11.15 02:15:19.148,0.9934,0.99385,9.20,5.20
2007.11.15 02:15:19.287,0.9934,0.99385,9.20,5.20
2007.11.15 02:15:19.425,0.9934,0.9938,9.20,0.70
2007.11.15 02:15:19.563,0.9934,0.99385,9.20,5.20
2007.11.15 02:15:19.700,0.9934,0.99385,9.20,5.20
2007.11.15 02:15:19.838,0.9934,0.9938,9.20,0.80
2007.11.15 02:15:19.975,0.9934,0.99385,9.20,5.20
2007.11.15 02:15:20.114,0.9934,0.99385,9.20,5.20
2007.11.15 02:15:20.296,0.9934,0.99385,9.20,5.20
2007.11.15 02:15:20.479,0.9934,0.99385,9.20,5.20
2007.11.15 02:15:20.662,0.9934,0.9938,9.20,0.60
2007.11.15 02:15:20.845,0.9934,0.99385,9.20,5.20
2007.11.15 02:15:21.027,0.9934,0.9938,9.20,0.80
2007.11.15 02:15:21.210,0.9934,0.99385,9.20,5.20
2007.11.15 02:15:21.363,0.9934,0.9938,7.60,0.50
2007.11.15 02:15:21.515,0.9934,0.9938,7.60,0.90
2007.11.15 02:15:21.668,0.9934,0.99385,7.60,5.20
2007.11.15 02:15:21.820,0.9934,0.9938,7.60,0.60
2007.11.15 02:15:21.974,0.9934,0.99385,7.60,5.20
2007.11.15 02:15:22.127,0.9934,0.99385,7.60,5.20
2007.11.15 02:15:22.281,0.9934,0.9938,7.60,0.80
2007.11.15 02:15:22.613,0.9934,0.99385,7.60,5.20
2007.11.15 02:15:22.947,0.9934,0.9938,7.60,0.90
2007.11.15 02:15:23.280,0.9934,0.99385,7.60,5.20
2007.11.15 02:15:23.613,0.9934,0.99385,7.60,5.20
2007.11.15 02:15:23.700,0.9934,0.9938,7.60,0.70
2007.11.15 02:15:23.789,0.9934,0.99385,7.60,5.20
2007.11.15 02:15:23.876,0.9934,0.99385,7.60,5.20
2007.11.15 02:15:23.963,0.9934,0.9938,7.60,0.80
2007.11.15 02:15:24.051,0.9934,0.99385,7.60,5.20
2007.11.15 02:15:24.140,0.9934,0.9938,7.60,0.70
2007.11.15 02:15:24.227,0.9934,0.99385,7.60,5.20
2007.11.15 02:15:24.315,0.9934,0.9937,7.60,0.80
2007.11.15 02:15:24.597,0.9934,0.99375,7.60,2.40
2007.11.15 02:15:24.881,0.9934,0.9937,7.60,0.80
2007.11.15 02:15:25.164,0.9934,0.99375,7.60,2.40
2007.11.15 02:15:25.447,0.9934,0.99375,7.60,2.40
2007.11.15 02:15:25.594,0.9934,0.9937,7.60,0.80
2007.11.15 02:15:25.743,0.9934,0.99375,7.60,2.40
2007.11.15 02:15:25.891,0.9934,0.99375,7.60,2.40
2007.11.15 02:15:26.039,0.9934,0.99375,7.60,2.40
2007.11.15 02:15:26.186,0.9934,0.99375,7.60,2.40
2007.11.15 02:15:26.334,0.9934,0.9937,7.60,0.80
2007.11.15 02:15:26.481,0.9934,0.9937,7.60,0.80
2007.11.15 02:15:26.709,0.9934,0.9937,7.60,0.80
2007.11.15 02:15:26.937,0.9934,0.99375,9.20,4.00
2007.11.15 02:15:27.164,0.9934,0.99375,16.00,4.00
2007.11.15 02:15:27.392,0.9935,0.9937,2.40,0.60
2007.11.15 02:15:27.621,0.9935,0.9938,2.40,0.80
2007.11.15 02:15:27.929,0.9934,0.9938,9.20,0.80
2007.11.15 02:15:28.237,0.9935,0.9938,1.60,0.90
2007.11.15 02:15:28.545,0.9934,0.99385,9.20,5.20
2007.11.15 02:15:28.718,0.9934,0.9938,9.20,0.50
2007.11.15 02:15:28.891,0.9934,0.9938,13.20,0.70
2007.11.15 02:15:29.063,0.9934,0.9938,13.20,0.90
2007.11.15 02:15:29.237,0.9934,0.99385,13.20,5.20
2007.11.15 02:15:29.410,0.9934,0.99385,13.20,5.20
2007.11.15 02:15:29.583,0.9934,0.99385,13.20,5.20
2007.11.15 02:15:29.755,0.9934,0.99385,13.20,5.20
2007.11.15 02:15:29.928,0.9934,0.99385,13.20,5.20
2007.11.15 02:15:30.101,0.9934,0.99385,13.20,5.20
2007.11.15 02:15:30.273,0.9934,0.99385,13.20,5.20
2007.11.15 02:15:30.447,0.9934,0.99385,13.20,5.20
2007.11.15 02:15:30.619,0.9934,0.9938,13.20,0.90
2007.11.15 02:15:30.802,0.9934,0.99385,13.20,5.20
2007.11.15 02:15:31.028,0.9934,0.9938,13.20,0.80
2007.11.15 02:15:31.211,0.9934,0.99385,13.20,5.20
2007.11.15 02:15:31.394,0.9934,0.99385,13.20,5.20
2007.11.15 02:15:31.582,0.9934,0.9938,13.20,0.70
2007.11.15 02:15:31.745,0.9934,0.99385,13.20,5.20
2007.11.15 02:15:31.908,0.9934,0.9938,13.20,0.50
2007.11.15 02:15:32.071,0.9934,0.9938,13.20,0.60
2007.11.15 02:15:32.235,0.9934,0.99385,13.20,5.20
2007.11.15 02:15:32.397,0.9934,0.99385,13.20,5.20
2007.11.15 02:15:32.565,0.9934,0.9938,13.20,0.60
2007.11.15 02:15:32.837,0.9934,0.9938,9.20,0.50
2007.11.15 02:15:33.110,0.9934,0.99385,9.20,5.20
2007.11.15 02:15:33.384,0.9934,0.9938,9.20,0.80
2007.11.15 02:15:33.656,0.9934,0.9938,9.20,0.70
2007.11.15 02:15:33.763,0.9934,0.99385,9.20,5.20
2007.11.15 02:15:33.871,0.9934,0.99385,9.20,5.20
2007.11.15 02:15:33.980,0.9934,0.99385,9.20,5.20
2007.11.15 02:15:34.087,0.9934,0.9938,9.20,0.70
2007.11.15 02:15:34.199,0.9934,0.9938,9.20,0.80
2007.11.15 02:15:34.302,0.9934,0.99385,9.20,5.20
2007.11.15 02:15:34.410,0.9934,0.99385,9.20,5.20
2007.11.15 02:15:34.518,0.9934,0.99385,9.20,5.20
2007.11.15 02:15:34.625,0.9934,0.9938,9.20,0.50
2007.11.15 02:15:34.733,0.9934,0.99385,9.20,5.20
2007.11.15 02:15:35.016,0.9934,0.99385,9.20,5.20
2007.11.15 02:15:35.299,0.9934,0.9938,9.20,0.90
2007.11.15 02:15:35.581,0.9934,0.99385,9.20,5.20
2007.11.15 02:15:35.865,0.9934,0.99375,9.20,2.40
2007.11.15 02:15:35.973,0.9934,0.9937,9.20,0.80
2007.11.15 02:15:36.081,0.9934,0.9937,9.20,0.80
2007.11.15 02:15:36.196,0.9934,0.99375,9.20,2.40
2007.11.15 02:15:36.303,0.9934,0.99375,9.20,2.40
2007.11.15 02:15:36.412,0.9934,0.9937,9.20,0.80
2007.11.15 02:15:36.519,0.9934,0.99375,9.20,2.40
2007.11.15 02:15:36.627,0.9934,0.9937,9.20,0.80
2007.11.15 02:15:36.734,0.9934,0.99375,9.20,2.40
2007.11.15 02:15:36.843,0.9934,0.9937,9.20,0.80
2007.11.15 02:15:37.196,0.9934,0.9937,9.20,0.80
2007.11.15 02:15:37.499,0.9934,0.9937,9.20,0.80
2007.11.15 02:15:37.802,0.9934,0.9937,9.20,0.80
2007.11.15 02:15:38.106,0.9934,0.99375,9.20,2.40
2007.11.15 02:15:38.310,0.9934,0.9937,9.20,0.80
2007.11.15 02:15:38.514,0.9934,0.9937,9.20,0.80
2007.11.15 02:15:38.716,0.9934,0.99375,9.20,2.40
2007.11.15 02:15:38.919,0.9934,0.99375,9.20,2.40
2007.11.15 02:15:39.093,0.9934,0.99375,9.20,2.40
2007.11.15 02:15:39.266,0.9934,0.99375,9.20,2.40
2007.11.15 02:15:39.438,0.9934,0.99375,9.20,2.40
2007.11.15 02:15:39.610,0.9934,0.9937,9.20,0.80
2007.11.15 02:15:39.784,0.9934,0.99375,9.20,2.40
2007.11.15 02:15:39.962,0.9934,0.9937,9.20,0.80
2007.11.15 02:15:40.139,0.9934,0.99375,9.20,2.40
2007.11.15 02:15:40.316,0.9934,0.99375,9.20,2.40
2007.11.15 02:15:40.494,0.9934,0.9937,9.20,0.80
2007.11.15 02:15:40.672,0.9934,0.99375,9.20,2.40
2007.11.15 02:15:40.851,0.9934,0.99375,8.00,4.00
2007.11.15 02:15:41.028,0.9934,0.99375,4.00,4.00
2007.11.15 02:15:41.226,0.9934,0.9937,1.60,0.80
2007.11.15 02:15:41.424,0.9933,0.99375,17.60,5.20
2007.11.15 02:15:41.623,0.9933,0.9937,10.80,0.90
2007.11.15 02:15:41.820,0.9933,0.9937,9.60,0.70
2007.11.15 02:15:42.019,0.9933,0.99375,5.60,2.80
2007.11.15 02:15:42.231,0.9933,0.99375,5.60,2.80
2007.11.15 02:15:42.443,0.9933,0.99375,4.00,2.80
2007.11.15 02:15:42.657,0.9933,0.9937,5.60,0.80
2007.11.15 02:15:42.869,0.9933,0.99375,5.60,2.80
2007.11.15 02:15:43.081,0.9933,0.9937,5.60,0.60
2007.11.15 02:15:43.371,0.9933,0.9937,1.60,0.60
2007.11.15 02:15:43.659,0.9933,0.9937,1.60,0.60
2007.11.15 02:15:43.946,0.9933,0.99375,1.60,5.20
2007.11.15 02:15:44.234,0.9933,0.9937,1.60,0.90
2007.11.15 02:15:44.411,0.9933,0.99375,1.60,5.20
2007.11.15 02:15:44.589,0.9933,0.9937,1.60,0.50
2007.11.15 02:15:44.767,0.9933,0.9937,1.60,3.60
2007.11.15 02:15:44.945,0.9933,0.99365,1.60,1.30
2007.11.15 02:15:45.123,0.9933,0.99365,1.60,1.30
2007.11.15 02:15:45.327,0.9933,0.99375,5.20,5.20
2007.11.15 02:15:45.530,0.9933,0.9937,9.20,0.70
2007.11.15 02:15:45.732,0.9933,0.99375,13.20,5.20
2007.11.15 02:15:45.937,0.9933,0.99375,13.20,5.20
2007.11.15 02:15:46.139,0.9933,0.99375,13.20,5.20
2007.11.15 02:15:46.402,0.9933,0.99375,13.20,5.20
2007.11.15 02:15:46.664,0.9933,0.99375,13.20,5.20
2007.11.15 02:15:46.927,0.9933,0.9937,15.60,0.50
2007.11.15 02:15:47.191,0.9934,0.9937,1.60,0.60
2007.11.15 02:15:47.373,0.9933,0.99375,15.60,5.20
2007.11.15 02:15:47.555,0.9933,0.99375,15.60,5.20
2007.11.15 02:15:47.738,0.9934,0.99375,4.00,5.20
2007.11.15 02:15:47.921,0.9934,0.9937,4.00,0.50
2007.11.15 02:15:48.105,0.9934,0.9937,4.00,0.90
2007.11.15 02:15:48.347,0.9934,0.99375,4.00,5.20
2007.11.15 02:15:48.590,0.9934,0.99375,4.00,5.20
2007.11.15 02:15:48.833,0.9933,0.9937,15.60,0.80
2007.11.15 02:15:49.077,0.9933,0.99375,15.60,5.20
2007.11.15 02:15:49.319,0.9933,0.99375,15.60,5.20
2007.11.15 02:15:49.521,0.9933,0.99375,15.60,5.20
2007.11.15 02:15:49.665,0.9933,0.99375,15.60,5.20
2007.11.15 02:15:49.807,0.9933,0.9937,13.20,0.60
2007.11.15 02:15:49.950,0.9933,0.99375,13.20,5.20
2007.11.15 02:15:50.093,0.9933,0.99375,13.20,5.20
2007.11.15 02:15:50.266,0.9933,0.99365,12.40,1.30
2007.11.15 02:15:50.439,0.9933,0.99365,12.40,1.30
2007.11.15 02:15:50.611,0.9933,0.99365,8.40,1.30
2007.11.15 02:15:50.784,0.9933,0.9936,11.60,0.50
2007.11.15 02:15:50.962,0.9933,0.9937,11.60,0.90
2007.11.15 02:15:51.135,0.9933,0.9937,11.60,0.50
2007.11.15 02:15:51.383,0.9933,0.99375,11.60,5.20
2007.11.15 02:15:51.631,0.9933,0.99375,15.60,5.20
2007.11.15 02:15:51.879,0.9933,0.99375,15.60,5.20
2007.11.15 02:15:52.127,0.9933,0.9937,15.60,0.90
2007.11.15 02:15:52.250,0.9933,0.9937,15.60,0.50
2007.11.15 02:15:52.372,0.9933,0.99375,15.60,5.20
2007.11.15 02:15:52.494,0.9933,0.99375,15.60,5.20
2007.11.15 02:15:52.617,0.9933,0.9937,15.60,0.90
2007.11.15 02:15:52.740,0.9933,0.99375,15.60,5.20
2007.11.15 02:15:52.863,0.9933,0.9937,15.60,0.50
2007.11.15 02:15:52.985,0.9933,0.99375,15.60,5.20
2007.11.15 02:15:53.108,0.9933,0.9937,15.60,0.80
2007.11.15 02:15:53.411,0.9933,0.99375,15.60,5.20
2007.11.15 02:15:53.714,0.9933,0.99375,15.60,5.20
2007.11.15 02:15:54.016,0.9933,0.99375,15.60,5.20
2007.11.15 02:15:54.319,0.9935,0.9937,2.40,0.70
2007.11.15 02:15:54.442,0.9935,0.99375,2.40,5.20
2007.11.15 02:15:54.565,0.9935,0.99375,2.40,5.20
2007.11.15 02:15:54.687,0.9935,0.9937,2.40,0.70
2007.11.15 02:15:54.810,0.9935,0.9937,2.40,0.80
2007.11.15 02:15:54.933,0.9935,0.99375,2.40,5.20
2007.11.15 02:15:55.055,0.9935,0.99375,2.40,5.20
2007.11.15 02:15:55.178,0.9935,0.9937,2.40,0.50
2007.11.15 02:15:55.466,0.9935,0.99375,2.40,5.20
2007.11.15 02:15:55.754,0.9935,0.99375,2.40,5.20
2007.11.15 02:15:56.042,0.9935,0.99375,2.40,5.20
2007.11.15 02:15:56.331,0.9935,0.99375,2.40,5.20
2007.11.15 02:15:56.528,0.9935,0.99375,2.40,5.20
2007.11.15 02:15:56.727,0.9935,0.9937,2.40,0.70
2007.11.15 02:15:56.924,0.9935,0.99375,2.40,5.20
2007.11.15 02:15:57.121,0.9935,0.9937,2.40,0.80
2007.11.15 02:15:57.319,0.9935,0.9937,2.40,0.60
2007.11.15 02:15:57.536,0.9935,0.99375,2.40,5.20
2007.11.15 02:15:57.754,0.9935,0.9937,2.40,0.80
2007.11.15 02:15:57.971,0.9935,0.9937,2.40,0.50
2007.11.15 02:15:58.188,0.9935,0.99375,2.40,5.20
2007.11.15 02:15:58.416,0.9935,0.9937,2.40,0.50
2007.11.15 02:15:58.644,0.9935,0.9937,2.40,0.90
2007.11.15 02:15:58.872,0.9935,0.99375,2.40,5.20
2007.11.15 02:15:59.100,0.9935,0.9937,2.40,0.70
2007.11.15 02:15:59.327,0.9935,0.9937,2.40,0.70
2007.11.15 02:15:59.460,0.9935,0.99375,2.40,5.20
2007.11.15 02:15:59.592,0.9935,0.9937,2.40,0.60
2007.11.15 02:15:59.725,0.9935,0.9937,2.40,0.80
2007.11.15 02:15:59.858,0.9935,0.9937,2.40,0.80
2007.11.15 02:15:59.990,0.9935,0.99375,2.40,5.20
2007.11.15 02:16:00.123,0.9935,0.99375,2.40,4.40
2007.11.15 02:16:00.256,0.9935,0.9937,2.40,0.80
2007.11.15 02:16:00.479,0.9935,0.9938,4.00,2.80
2007.11.15 02:16:00.701,0.9935,0.9937,4.00,0.70
2007.11.15 02:16:00.924,0.9935,0.9938,4.00,2.80
2007.11.15 02:16:01.147,0.9935,0.9938,4.00,2.80
2007.11.15 02:16:01.369,0.9935,0.9938,4.00,2.80
2007.11.15 02:16:01.532,0.9935,0.99385,4.00,5.20
2007.11.15 02:16:01.848,0.9935,0.99385,4.00,5.20
2007.11.15 02:16:02.012,0.9935,0.99385,4.40,5.20
2007.11.15 02:16:02.175,0.9935,0.99385,4.40,5.20
2007.11.15 02:16:02.338,0.9936,0.9938,0.50,0.90
2007.11.15 02:16:02.642,0.9936,0.99385,0.50,5.20
2007.11.15 02:16:02.946,0.9936,0.9938,0.50,0.60
2007.11.15 02:16:03.256,0.9936,0.99385,0.50,5.20
2007.11.15 02:16:03.559,0.9936,0.99385,0.50,5.20
2007.11.15 02:16:03.753,0.9936,0.99385,0.50,5.20
2007.11.15 02:16:03.954,0.9936,0.9938,0.50,0.80
2007.11.15 02:16:04.148,0.9936,0.99385,0.50,5.20
2007.11.15 02:16:04.342,0.9935,0.99385,4.00,5.20
2007.11.15 02:16:04.535,0.9935,0.9938,2.40,0.70
2007.11.15 02:16:04.741,0.9935,0.99385,2.40,5.20
2007.11.15 02:16:04.949,0.9935,0.99385,2.40,5.20
2007.11.15 02:16:05.157,0.9935,0.99385,2.40,5.20
2007.11.15 02:16:05.366,0.9935,0.99375,2.40,2.40
2007.11.15 02:16:05.574,0.9935,0.9937,2.40,0.80
2007.11.15 02:16:05.816,0.9935,0.99375,2.40,2.40
2007.11.15 02:16:06.059,0.9935,0.9937,2.40,0.80
2007.11.15 02:16:06.302,0.9935,0.99375,2.40,2.40
2007.11.15 02:16:06.545,0.9935,0.99375,2.40,2.40
2007.11.15 02:16:06.773,0.9935,0.9937,2.40,0.80
2007.11.15 02:16:07.002,0.9935,0.9937,2.40,0.90
2007.11.15 02:16:07.230,0.9935,0.99375,2.40,4.00
2007.11.15 02:16:07.458,0.9935,0.99375,2.40,4.00
2007.11.15 02:16:07.686,0.9935,0.99375,2.40,4.00
2007.11.15 02:16:08.022,0.9935,0.9937,2.40,2.40
2007.11.15 02:16:08.288,0.9935,0.9937,2.40,2.40
2007.11.15 02:16:08.558,0.9935,0.9937,2.40,2.40
2007.11.15 02:16:08.827,0.9936,0.9937,2.40,1.60
2007.11.15 02:16:08.974,0.9936,0.9937,2.40,1.60
2007.11.15 02:16:09.122,0.9936,0.9937,2.40,1.60
2007.11.15 02:16:09.277,0.9936,0.9937,2.40,1.60
2007.11.15 02:16:09.419,0.9936,0.9937,2.40,1.60
2007.11.15 02:16:09.569,0.9936,0.9937,2.40,0.80
2007.11.15 02:16:09.717,0.9935,0.9938,2.40,2.00
2007.11.15 02:16:09.864,0.9935,0.9938,2.40,2.80
2007.11.15 02:16:10.102,0.9935,0.9938,2.40,2.80
2007.11.15 02:16:10.346,0.9935,0.9938,2.40,2.80
2007.11.15 02:16:10.587,0.9935,0.9938,2.40,2.80
2007.11.15 02:16:10.825,0.9935,0.9938,2.40,2.80
2007.11.15 02:16:11.062,0.9935,0.9938,2.40,2.80
2007.11.15 02:16:11.316,0.9935,0.9938,2.40,2.80
2007.11.15 02:16:11.564,0.9935,0.9938,2.40,2.80
2007.11.15 02:16:11.810,0.9935,0.9938,2.40,2.80
2007.11.15 02:16:12.058,0.9935,0.9938,2.40,2.80
2007.11.15 02:16:12.191,0.9935,0.9938,2.40,2.80
2007.11.15 02:16:12.324,0.9935,0.9938,2.40,2.80
2007.11.15 02:16:12.456,0.9935,0.9938,2.40,2.80
2007.11.15 02:16:12.589,0.9935,0.9938,2.40,2.80
2007.11.15 02:16:12.722,0.9935,0.9938,2.40,2.80
2007.11.15 02:16:12.855,0.9935,0.9938,2.40,1.20
2007.11.15 02:16:12.994,0.9935,0.9938,4.00,1.20
2007.11.15 02:16:13.127,0.9935,0.9938,4.00,1.20
2007.11.15 02:16:13.460,0.9935,0.9938,4.00,1.20
2007.11.15 02:16:13.793,0.9935,0.9938,4.00,1.20
2007.11.15 02:16:14.182,0.9935,0.9938,4.00,1.20
2007.11.15 02:16:14.310,0.9935,0.9938,4.00,1.20
2007.11.15 02:16:14.438,0.9935,0.9938,4.00,1.20
2007.11.15 02:16:14.566,0.9935,0.9938,4.00,1.20
2007.11.15 02:16:14.693,0.9935,0.9938,4.40,1.20
2007.11.15 02:16:14.821,0.9935,0.9938,4.40,1.20
2007.11.15 02:16:14.949,0.9935,0.9938,4.40,1.20
2007.11.15 02:16:15.077,0.9935,0.9938,4.40,1.20
2007.11.15 02:16:15.205,0.9935,0.9938,4.40,1.20
2007.11.15 02:16:15.417,0.9935,0.9938,4.40,1.20
2007.11.15 02:16:15.629,0.9935,0.9938,4.40,1.20
2007.11.15 02:16:15.842,0.9935,0.9938,4.40,1.20
2007.11.15 02:16:16.054,0.9935,0.9938,4.40,1.20
2007.11.15 02:16:16.268,0.9935,0.9938,4.40,1.20
2007.11.15 02:16:16.420,0.9935,0.9938,4.40,1.20
2007.11.15 02:16:16.573,0.9935,0.9938,4.40,1.20
2007.11.15 02:16:16.726,0.9935,0.9938,4.40,1.20
2007.11.15 02:16:16.879,0.9935,0.9938,4.40,1.20
2007.11.15 02:16:17.031,0.9935,0.9938,4.40,1.20
2007.11.15 02:16:17.184,0.9935,0.9938,4.40,1.20
2007.11.15 02:16:17.336,0.9935,0.9938,4.40,1.20
2007.11.15 02:16:17.588,0.9935,0.9938,4.40,1.20
2007.11.15 02:16:17.842,0.9935,0.9938,4.40,1.20
2007.11.15 02:16:18.100,0.9935,0.9938,4.40,1.20
2007.11.15 02:16:18.354,0.9935,0.9937,4.40,0.50
2007.11.15 02:16:18.522,0.9935,0.9937,2.80,0.50
2007.11.15 02:16:18.690,0.9935,0.9937,2.80,0.50
2007.11.15 02:16:18.857,0.9935,0.9937,2.80,0.50
2007.11.15 02:16:19.024,0.9935,0.9937,2.80,0.50
2007.11.15 02:16:19.192,0.9935,0.9937,2.80,0.50
2007.11.15 02:16:19.363,0.9935,0.9937,2.80,0.50
2007.11.15 02:16:19.556,0.9935,0.9937,2.80,0.50
2007.11.15 02:16:19.750,0.9935,0.9937,2.80,0.50
2007.11.15 02:16:19.943,0.9935,0.9937,2.80,0.50
2007.11.15 02:16:20.136,0.9935,0.9937,2.80,0.50
2007.11.15 02:16:20.340,0.9935,0.9937,2.80,0.50
2007.11.15 02:16:20.535,0.9935,0.9937,2.80,0.50
2007.11.15 02:16:20.738,0.9935,0.9937,2.80,0.50
2007.11.15 02:16:20.941,0.9935,0.9937,2.80,0.50
2007.11.15 02:16:21.143,0.9935,0.9937,2.80,0.50
2007.11.15 02:16:21.347,0.9935,0.9937,2.80,0.50
2007.11.15 02:16:21.550,0.9935,0.9937,2.80,0.50
2007.11.15 02:16:21.692,0.9935,0.9937,2.80,0.50
2007.11.15 02:16:21.841,0.9935,0.9937,2.80,0.50
2007.11.15 02:16:21.982,0.9935,0.9937,2.80,0.50
2007.11.15 02:16:22.126,0.9935,0.9937,2.80,0.50
2007.11.15 02:16:22.269,0.9935,0.9937,2.80,0.50
2007.11.15 02:16:22.411,0.9935,0.9937,2.80,0.50
2007.11.15 02:16:22.717,0.9935,0.9937,2.80,0.50
2007.11.15 02:16:23.020,0.9935,0.9937,2.80,0.50
2007.11.15 02:16:23.323,0.9935,0.9937,2.80,0.50
2007.11.15 02:16:23.626,0.9935,0.9937,2.80,0.50
2007.11.15 02:16:23.809,0.9936,0.9938,2.40,0.80
2007.11.15 02:16:23.993,0.9936,0.9938,2.40,0.80
2007.11.15 02:16:24.176,0.9936,0.9938,2.40,0.80
2007.11.15 02:16:24.358,0.9936,0.9938,2.40,0.80
2007.11.15 02:16:24.541,0.9936,0.9938,2.40,0.80
2007.11.15 02:16:24.785,0.9936,0.9938,2.40,0.80
2007.11.15 02:16:25.028,0.9935,0.9939,5.20,1.20
2007.11.15 02:16:25.270,0.9935,0.9939,5.20,1.20
2007.11.15 02:16:25.513,0.9935,0.9939,5.20,1.20
2007.11.15 02:16:25.706,0.9935,0.9939,5.20,1.20
2007.11.15 02:16:25.899,0.9935,0.9939,5.20,1.20
2007.11.15 02:16:26.094,0.9935,0.9939,5.20,1.20
2007.11.15 02:16:26.287,0.9935,0.9939,5.20,1.20
2007.11.15 02:16:26.501,0.9935,0.9939,5.20,1.20
2007.11.15 02:16:26.694,0.9935,0.9939,5.20,1.20
2007.11.15 02:16:26.862,0.9935,0.9939,5.20,1.20
2007.11.15 02:16:27.029,0.9935,0.9939,5.20,1.20
2007.11.15 02:16:27.198,0.9935,0.9939,5.20,1.20
2007.11.15 02:16:27.366,0.9935,0.9939,5.20,1.20
2007.11.15 02:16:27.535,0.9935,0.9939,5.20,1.20
2007.11.15 02:16:27.778,0.9935,0.9939,5.20,1.20
2007.11.15 02:16:28.015,0.9935,0.9939,5.20,1.20
2007.11.15 02:16:28.057,0.9934,0.9939,15.60,1.20
2007.11.15 02:16:28.253,0.9935,0.9939,3.30,1.20
2007.11.15 02:16:28.492,0.9936,0.9939,0.50,1.20
2007.11.15 02:16:28.730,0.9936,0.9939,0.50,1.20
2007.11.15 02:16:28.923,0.9936,0.9939,0.50,1.20
2007.11.15 02:16:29.111,0.9936,0.9939,0.50,1.20
2007.11.15 02:16:29.300,0.9936,0.9939,0.50,2.00
2007.11.15 02:16:29.487,0.9935,0.9939,3.30,2.00
2007.11.15 02:16:29.674,0.9935,0.9939,3.30,2.00
2007.11.15 02:16:29.846,0.9935,0.9939,3.30,2.00
2007.11.15 02:16:30.020,0.9936,0.9939,0.50,2.00
2007.11.15 02:16:30.193,0.9936,0.9939,0.50,2.00
2007.11.15 02:16:30.365,0.9935,0.9939,3.30,2.00
2007.11.15 02:16:30.538,0.9936,0.9939,0.50,2.00
2007.11.15 02:16:30.710,0.9936,0.9939,0.50,2.00
2007.11.15 02:16:30.907,0.9936,0.9939,0.50,2.00
2007.11.15 02:16:31.105,0.9935,0.9939,3.30,2.00
2007.11.15 02:16:31.302,0.9935,0.9939,3.30,2.00
2007.11.15 02:16:31.500,0.9935,0.9939,3.30,2.00
2007.11.15 02:16:31.697,0.9936,0.9939,0.50,2.00
2007.11.15 02:16:31.895,0.9935,0.9939,3.30,2.00
2007.11.15 02:16:32.088,0.9935,0.9939,3.30,2.00
2007.11.15 02:16:32.280,0.9935,0.9939,3.30,2.00
2007.11.15 02:16:32.473,0.9935,0.9939,3.30,2.00
2007.11.15 02:16:32.667,0.9935,0.9939,3.30,2.00
2007.11.15 02:16:32.861,0.9936,0.9939,0.50,2.00
2007.11.15 02:16:33.154,0.9935,0.9939,3.30,2.00
2007.11.15 02:16:33.442,0.9935,0.9938,5.70,1.60
2007.11.15 02:16:33.730,0.9935,0.9938,5.70,1.60
2007.11.15 02:16:34.017,0.9936,0.9938,0.50,1.60
2007.11.15 02:16:34.225,0.9935,0.9938,0.90,1.60
2007.11.15 02:16:34.433,0.9934,0.9939,12.80,2.00
2007.11.15 02:16:34.641,0.9935,0.9939,1.60,2.00
2007.11.15 02:16:34.849,0.9934,0.9939,12.80,2.00
2007.11.15 02:16:35.058,0.9935,0.9939,1.50,2.00
2007.11.15 02:16:35.305,0.9934,0.9939,12.80,2.00
2007.11.15 02:16:35.552,0.9934,0.9939,12.80,2.00
2007.11.15 02:16:35.800,0.9934,0.9938,2.50,1.60
2007.11.15 02:16:36.049,0.9934,0.9938,1.60,1.60
2007.11.15 02:16:36.226,0.9933,0.9938,24.40,1.60
2007.11.15 02:16:36.404,0.9933,0.9938,10.80,1.60
2007.11.15 02:16:36.582,0.9933,0.9938,10.80,1.60
2007.11.15 02:16:36.760,0.9934,0.9938,1.80,1.60
2007.11.15 02:16:36.937,0.9933,0.9937,10.80,1.60
2007.11.15 02:16:37.115,0.9933,0.9937,10.80,1.60
2007.11.15 02:16:37.352,0.9933,0.9937,10.80,1.60
2007.11.15 02:16:37.591,0.9934,0.9937,1.70,1.60
2007.11.15 02:16:37.829,0.9933,0.9937,10.80,1.60
2007.11.15 02:16:38.066,0.9933,0.9938,10.80,1.60
2007.11.15 02:16:38.354,0.9933,0.9938,8.40,1.60
2007.11.15 02:16:38.643,0.9933,0.9938,8.40,1.60
2007.11.15 02:16:38.930,0.9933,0.9938,8.40,1.60
2007.11.15 02:16:39.224,0.9933,0.9937,17.20,1.60
2007.11.15 02:16:39.406,0.9934,0.9937,0.70,1.60
2007.11.15 02:16:39.594,0.9933,0.9937,24.00,1.60
2007.11.15 02:16:39.783,0.9935,0.9937,1.00,1.60
2007.11.15 02:16:39.971,0.9935,0.9937,0.70,1.60
2007.11.15 02:16:40.160,0.9934,0.9938,4.00,1.60
2007.11.15 02:16:40.459,0.9934,0.9938,5.70,2.00
2007.11.15 02:16:40.758,0.9934,0.9938,4.00,1.60
2007.11.15 02:16:41.057,0.9934,0.9938,4.00,1.60
2007.11.15 02:16:41.355,0.9934,0.9938,4.00,1.60
2007.11.15 02:16:41.553,0.9935,0.9938,0.70,1.60
2007.11.15 02:16:41.750,0.9935,0.9938,0.60,1.60
2007.11.15 02:16:41.948,0.9935,0.9938,0.70,1.60
2007.11.15 02:16:42.147,0.9934,0.9938,4.00,1.60
2007.11.15 02:16:42.353,0.9934,0.9938,4.00,1.60
2007.11.15 02:16:42.546,0.9935,0.9938,0.60,1.60
2007.11.15 02:16:42.748,0.9935,0.9938,1.00,1.60
2007.11.15 02:16:42.946,0.9935,0.9938,1.00,1.60
2007.11.15 02:16:43.145,0.9934,0.9938,4.00,1.60
2007.11.15 02:16:43.382,0.9934,0.9938,4.00,1.60
2007.11.15 02:16:43.621,0.9935,0.9938,0.60,1.60
2007.11.15 02:16:43.859,0.9934,0.9938,4.00,1.60
2007.11.15 02:16:44.096,0.9934,0.9938,4.00,1.60
2007.11.15 02:16:44.333,0.9935,0.9938,0.90,1.60
2007.11.15 02:16:44.451,0.9934,0.9938,4.00,1.60
2007.11.15 02:16:44.569,0.9935,0.9938,0.90,1.60
2007.11.15 02:16:44.687,0.9934,0.9938,4.00,1.60
2007.11.15 02:16:44.806,0.9935,0.9938,0.60,1.60
2007.11.15 02:16:45.000,0.9934,0.9938,4.00,1.60
2007.11.15 02:16:45.120,0.9935,0.9938,0.90,1.60
2007.11.15 02:16:45.237,0.9934,0.9938,4.00,1.60
2007.11.15 02:16:45.355,0.9935,0.9938,0.80,1.60
2007.11.15 02:16:45.559,0.9935,0.9938,0.80,1.60
2007.11.15 02:16:45.762,0.9935,0.9938,0.50,1.60
2007.11.15 02:16:45.965,0.9935,0.9938,0.60,1.60
2007.11.15 02:16:46.167,0.9934,0.9938,4.00,1.60
2007.11.15 02:16:46.372,0.9935,0.9938,1.00,1.60
2007.11.15 02:16:46.526,0.9934,0.9938,4.00,1.60
2007.11.15 02:16:46.678,0.9935,0.9938,0.50,1.60
2007.11.15 02:16:46.832,0.9935,0.9938,0.80,1.60
2007.11.15 02:16:46.985,0.9935,0.9938,0.50,1.60
2007.11.15 02:16:47.138,0.9935,0.9938,1.00,1.60
2007.11.15 02:16:47.291,0.9934,0.9938,4.00,1.60
2007.11.15 02:16:47.444,0.9934,0.9938,4.00,1.60
2007.11.15 02:16:47.656,0.9934,0.9938,4.00,1.60
2007.11.15 02:16:47.870,0.9934,0.9938,4.00,1.60
2007.11.15 02:16:48.088,0.9935,0.9938,0.60,1.60
2007.11.15 02:16:48.301,0.9935,0.9938,0.70,1.60
2007.11.15 02:16:48.513,0.9935,0.9938,0.80,1.60
2007.11.15 02:16:48.736,0.9935,0.9938,0.70,1.60
2007.11.15 02:16:48.959,0.9935,0.9938,1.00,1.60
2007.11.15 02:16:49.182,0.9934,0.9938,4.00,1.60
2007.11.15 02:16:49.404,0.9934,0.9938,4.00,1.60
2007.11.15 02:16:49.628,0.9935,0.9938,0.60,1.60
2007.11.15 02:16:49.761,0.9934,0.9938,4.00,1.60
2007.11.15 02:16:49.894,0.9934,0.9938,4.00,1.60
2007.11.15 02:16:50.027,0.9935,0.9938,0.70,1.60
2007.11.15 02:16:50.159,0.9934,0.9938,4.00,1.60
2007.11.15 02:16:50.292,0.9935,0.9938,0.80,1.60
2007.11.15 02:16:50.425,0.9935,0.9938,0.60,1.60
2007.11.15 02:16:50.559,0.9935,0.9938,0.60,1.60
2007.11.15 02:16:50.691,0.9934,0.9938,4.00,1.60
2007.11.15 02:16:50.878,0.9935,0.9938,0.60,1.60
2007.11.15 02:16:51.162,0.9934,0.9938,4.00,1.60
2007.11.15 02:16:51.349,0.9935,0.9938,0.50,1.60
2007.11.15 02:16:51.537,0.9934,0.9938,4.00,1.60
2007.11.15 02:16:51.725,0.9934,0.9938,4.00,1.60
2007.11.15 02:16:51.852,0.9935,0.9938,0.70,1.60
2007.11.15 02:16:51.979,0.9934,0.9938,4.00,1.60
2007.11.15 02:16:52.107,0.9934,0.9938,4.00,1.60
2007.11.15 02:16:52.235,0.9935,0.9938,0.90,1.60
2007.11.15 02:16:52.362,0.9935,0.9938,0.60,1.60
2007.11.15 02:16:52.490,0.9934,0.9938,4.00,1.60
2007.11.15 02:16:52.618,0.9934,0.9938,4.00,1.60
2007.11.15 02:16:52.746,0.9934,0.9938,4.00,1.60
2007.11.15 02:16:52.873,0.9934,0.9938,4.00,1.60
2007.11.15 02:16:53.171,0.9934,0.9938,4.00,1.60
2007.11.15 02:16:53.468,0.9934,0.9938,4.00,1.60
2007.11.15 02:16:53.766,0.9934,0.9938,4.00,1.60
2007.11.15 02:16:54.064,0.9934,0.9938,4.00,1.60
2007.11.15 02:16:54.161,0.9934,0.9938,4.00,1.60
2007.11.15 02:16:54.258,0.9934,0.9938,4.00,1.60
2007.11.15 02:16:54.356,0.9935,0.9938,1.00,1.60
2007.11.15 02:16:54.454,0.9935,0.9938,0.50,1.60
2007.11.15 02:16:54.551,0.9934,0.9938,4.00,1.60
2007.11.15 02:16:54.649,0.9935,0.9938,0.80,1.60
2007.11.15 02:16:54.747,0.9934,0.9938,4.00,1.60
2007.11.15 02:16:54.844,0.9935,0.9938,0.80,1.60
2007.11.15 02:16:55.067,0.9935,0.9938,0.90,1.60
2007.11.15 02:16:55.291,0.9935,0.9938,1.20,1.60
2007.11.15 02:16:55.514,0.9935,0.9938,1.20,1.60
2007.11.15 02:16:55.737,0.9935,0.9938,1.20,1.60
2007.11.15 02:16:55.959,0.9935,0.9938,1.20,1.60
2007.11.15 02:16:56.142,0.9935,0.9938,1.20,1.60
2007.11.15 02:16:56.325,0.9935,0.9938,1.20,1.60
2007.11.15 02:16:56.507,0.9935,0.9938,1.20,1.60
2007.11.15 02:16:56.690,0.9935,0.9938,1.20,1.60
2007.11.15 02:16:56.872,0.9935,0.9938,1.20,1.60
2007.11.15 02:16:57.055,0.9935,0.9938,1.20,1.60
2007.11.15 02:16:57.326,0.9935,0.9938,1.20,1.60
2007.11.15 02:16:57.478,0.9935,0.9938,1.20,1.60
2007.11.15 02:16:57.632,0.9935,0.9938,1.20,1.60
2007.11.15 02:16:57.784,0.9935,0.9938,1.20,1.60
2007.11.15 02:16:57.937,0.9935,0.9938,1.20,1.60
2007.11.15 02:16:58.090,0.9935,0.9938,1.20,1.60
2007.11.15 02:16:58.332,0.9935,0.9938,1.20,1.60
2007.11.15 02:16:58.575,0.9935,0.9938,1.20,1.60
2007.11.15 02:16:58.818,0.9935,0.9938,1.20,1.60
2007.11.15 02:16:59.061,0.9935,0.9938,1.20,1.60
2007.11.15 02:16:59.304,0.9935,0.9938,1.20,1.60
2007.11.15 02:16:59.433,0.9935,0.9938,1.20,1.60
2007.11.15 02:16:59.556,0.9935,0.9938,1.20,1.60
2007.11.15 02:16:59.680,0.9935,0.9938,1.20,1.60
2007.11.15 02:16:59.803,0.9935,0.9938,1.20,1.60
2007.11.15 02:16:59.925,0.9935,0.9938,1.20,1.60
2007.11.15 02:17:00.047,0.9935,0.9938,1.20,1.60
2007.11.15 02:17:00.170,0.9935,0.9938,1.20,1.60
2007.11.15 02:17:00.293,0.9935,0.9938,1.20,1.60
2007.11.15 02:17:00.415,0.9935,0.9938,1.20,1.60
2007.11.15 02:17:00.623,0.9935,0.9938,1.20,1.60
2007.11.15 02:17:00.831,0.9935,0.9938,1.20,1.60
2007.11.15 02:17:01.039,0.9935,0.9938,1.20,1.60
2007.11.15 02:17:01.247,0.9935,0.9938,1.20,1.60
2007.11.15 02:17:01.454,0.9935,0.9938,1.20,1.60
2007.11.15 02:17:01.587,0.9935,0.9938,1.20,1.60
2007.11.15 02:17:01.719,0.9935,0.9938,1.20,1.60
2007.11.15 02:17:01.852,0.9935,0.9938,1.20,1.60
2007.11.15 02:17:01.985,0.9935,0.9938,1.20,1.60
2007.11.15 02:17:02.118,0.9935,0.9938,1.20,1.60
2007.11.15 02:17:02.250,0.9935,0.9938,1.20,1.60
2007.11.15 02:17:02.383,0.9935,0.9938,1.20,1.60
2007.11.15 02:17:02.606,0.9935,0.9938,1.20,1.60
2007.11.15 02:17:02.828,0.9935,0.9938,1.20,1.60
2007.11.15 02:17:03.051,0.9935,0.9938,1.20,1.60
2007.11.15 02:17:03.274,0.9935,0.9938,1.20,1.60
2007.11.15 02:17:03.497,0.9935,0.9938,1.20,1.60
2007.11.15 02:17:03.830,0.9935,0.9938,1.20,1.60
2007.11.15 02:17:04.162,0.9935,0.9938,1.20,1.60
2007.11.15 02:17:04.494,0.9935,0.9938,1.20,1.60
2007.11.15 02:17:04.607,0.9935,0.9938,1.20,1.60
2007.11.15 02:17:04.720,0.9935,0.9938,1.20,1.60
2007.11.15 02:17:04.832,0.9935,0.9938,1.20,1.60
2007.11.15 02:17:04.950,0.9935,0.9938,1.20,1.60
2007.11.15 02:17:05.064,0.9935,0.9938,1.20,1.60
2007.11.15 02:17:05.177,0.9935,0.9938,1.20,1.60
2007.11.15 02:17:05.289,0.9935,0.9938,1.20,1.60
2007.11.15 02:17:05.401,0.9935,0.9938,1.20,1.60
2007.11.15 02:17:05.520,0.9935,0.9938,1.20,1.60
2007.11.15 02:17:05.752,0.9935,0.9938,1.20,1.60
2007.11.15 02:17:05.989,0.9935,0.9938,1.20,1.60
2007.11.15 02:17:06.227,0.9935,0.9938,1.20,1.60
2007.11.15 02:17:06.464,0.9935,0.9938,1.20,1.60
2007.11.15 02:17:06.702,0.9935,0.9938,1.20,1.60
2007.11.15 02:17:06.886,0.9935,0.9938,1.20,1.60
2007.11.15 02:17:07.068,0.9935,0.9938,1.20,1.60
2007.11.15 02:17:07.252,0.9935,0.9938,1.20,1.60
2007.11.15 02:17:07.434,0.9935,0.9938,1.20,1.60
2007.11.15 02:17:08.722,0.9935,0.9938,0.50,1.60
2007.11.15 02:17:08.828,0.9935,0.9938,0.70,1.60
2007.11.15 02:17:08.936,0.9935,0.9938,0.60,1.60
2007.11.15 02:17:09.044,0.9935,0.9938,0.80,1.60
2007.11.15 02:17:09.152,0.9935,0.9938,0.50,1.60
2007.11.15 02:17:09.259,0.9935,0.9938,0.90,1.60
2007.11.15 02:17:09.367,0.9934,0.9938,4.00,1.60
2007.11.15 02:17:09.475,0.9934,0.9938,4.00,1.60
2007.11.15 02:17:09.583,0.9934,0.9938,4.00,1.60
2007.11.15 02:17:09.690,0.9934,0.9938,4.00,1.60
2007.11.15 02:17:09.799,0.9935,0.9938,0.50,1.60
2007.11.15 02:17:09.907,0.9934,0.9938,4.00,1.60
2007.11.15 02:17:10.235,0.9934,0.9938,4.00,1.60
2007.11.15 02:17:10.562,0.9935,0.9938,0.50,1.60
2007.11.15 02:17:10.889,0.9934,0.9939,1.60,0.80
2007.11.15 02:17:11.032,0.9934,0.9939,1.60,0.80
2007.11.15 02:17:11.174,0.99325,0.9939,8.40,0.80
2007.11.15 02:17:11.317,0.9933,0.9939,2.60,0.80
2007.11.15 02:17:11.459,0.99325,0.9939,8.40,0.80
2007.11.15 02:17:11.601,0.99325,0.9939,8.40,0.80
2007.11.15 02:17:11.744,0.99325,0.9939,8.40,0.80
2007.11.15 02:17:11.886,0.99325,0.9939,8.40,0.80
2007.11.15 02:17:12.083,0.99325,0.9939,8.40,0.80
2007.11.15 02:17:12.289,0.9934,0.9938,2.50,1.60
2007.11.15 02:17:12.481,0.9933,0.9938,27.60,1.60
2007.11.15 02:17:12.680,0.9934,0.9938,1.00,1.60
2007.11.15 02:17:12.877,0.9933,0.9938,20.80,1.60
2007.11.15 02:17:13.075,0.9934,0.9938,1.50,1.60
2007.11.15 02:17:13.372,0.9934,0.9938,2.00,1.60
2007.11.15 02:17:13.671,0.9934,0.9938,0.90,1.60
2007.11.15 02:17:13.968,0.9933,0.9938,8.00,1.60
2007.11.15 02:17:14.107,0.9934,0.9938,1.10,1.60
2007.11.15 02:17:14.244,0.9933,0.9938,8.00,1.60
2007.11.15 02:17:14.381,0.9934,0.9938,1.40,1.60
2007.11.15 02:17:14.520,0.9934,0.9938,0.70,1.60
2007.11.15 02:17:14.657,0.9934,0.9938,1.70,1.60
2007.11.15 02:17:14.801,0.9933,0.9938,8.00,1.60
2007.11.15 02:17:14.938,0.9933,0.9938,8.00,1.60
2007.11.15 02:17:15.075,0.9934,0.9938,2.10,1.60
2007.11.15 02:17:15.309,0.9933,0.9938,8.00,1.60
2007.11.15 02:17:15.541,0.9934,0.9938,1.80,1.60
2007.11.15 02:17:15.774,0.9934,0.9938,1.40,1.60
2007.11.15 02:17:16.007,0.9933,0.9938,8.00,2.40
2007.11.15 02:17:16.142,0.9934,0.9938,0.60,2.40
2007.11.15 02:17:16.274,0.9934,0.9938,1.50,2.40
2007.11.15 02:17:16.406,0.9933,0.9938,8.00,2.40
2007.11.15 02:17:16.540,0.9934,0.9938,1.70,2.40
2007.11.15 02:17:16.672,0.9933,0.9938,8.00,2.40
2007.11.15 02:17:16.805,0.9933,0.9938,8.00,2.40
2007.11.15 02:17:17.050,0.9933,0.9938,8.00,2.40
2007.11.15 02:17:17.223,0.9933,0.9938,8.00,2.40
2007.11.15 02:17:17.397,0.9934,0.9938,1.60,2.40
2007.11.15 02:17:17.575,0.9933,0.9938,8.00,2.40
2007.11.15 02:17:17.747,0.9934,0.9938,2.10,2.40
2007.11.15 02:17:17.920,0.9934,0.9938,0.90,2.40
2007.11.15 02:17:18.093,0.9934,0.9938,1.00,2.40
2007.11.15 02:17:18.357,0.9933,0.9938,8.00,2.40
2007.11.15 02:17:18.608,0.9933,0.9938,8.00,2.40
2007.11.15 02:17:18.866,0.9933,0.9938,8.00,2.40
2007.11.15 02:17:19.124,0.9933,0.9938,8.00,1.60
2007.11.15 02:17:19.257,0.9934,0.9938,0.90,2.80
2007.11.15 02:17:19.390,0.9934,0.9938,0.90,2.80
2007.11.15 02:17:19.523,0.9933,0.9938,5.60,2.80
2007.11.15 02:17:19.656,0.9934,0.9938,0.90,2.80
2007.11.15 02:17:19.790,0.9933,0.9938,8.00,2.40
2007.11.15 02:17:19.923,0.9933,0.9938,8.00,2.40
2007.11.15 02:17:20.056,0.9933,0.9938,8.00,2.40
2007.11.15 02:17:20.188,0.9933,0.9938,8.00,2.40
2007.11.15 02:17:20.462,0.9934,0.9938,1.10,2.40
2007.11.15 02:17:20.734,0.9934,0.9938,1.90,2.40
2007.11.15 02:17:21.008,0.9934,0.9938,1.30,2.40
2007.11.15 02:17:21.281,0.9933,0.9938,8.00,2.40
2007.11.15 02:17:21.404,0.9934,0.9938,1.10,2.40
2007.11.15 02:17:21.527,0.9934,0.9938,0.70,2.40
2007.11.15 02:17:21.652,0.9933,0.9938,8.00,2.40
2007.11.15 02:17:21.774,0.9934,0.9938,1.80,2.40
2007.11.15 02:17:21.896,0.9933,0.9938,8.00,2.40
2007.11.15 02:17:22.019,0.9933,0.9938,8.00,2.40
2007.11.15 02:17:22.143,0.9934,0.9938,1.90,2.80
2007.11.15 02:17:22.266,0.9933,0.9938,4.80,2.80
2007.11.15 02:17:22.550,0.9933,0.9937,4.80,1.60
2007.11.15 02:17:22.827,0.9933,0.9937,4.80,1.60
2007.11.15 02:17:23.217,0.9934,0.9937,0.70,1.60
2007.11.15 02:17:23.496,0.9933,0.9937,4.80,1.60
2007.11.15 02:17:23.734,0.9933,0.9937,4.80,1.60
2007.11.15 02:17:23.972,0.9933,0.9937,4.80,1.60
2007.11.15 02:17:24.216,0.9934,0.9937,0.80,1.60
2007.11.15 02:17:24.451,0.9933,0.9937,4.80,1.60
2007.11.15 02:17:24.564,0.9933,0.9937,4.80,1.60
2007.11.15 02:17:24.684,0.9934,0.9937,0.50,1.60
2007.11.15 02:17:24.791,0.9934,0.9937,1.50,1.60
2007.11.15 02:17:24.904,0.9933,0.9937,8.00,1.60
2007.11.15 02:17:25.017,0.9933,0.9937,8.00,1.60
2007.11.15 02:17:25.130,0.9934,0.9937,1.30,1.60
2007.11.15 02:17:25.244,0.9933,0.9937,8.00,1.60
2007.11.15 02:17:25.356,0.9934,0.9937,1.10,1.60
2007.11.15 02:17:25.625,0.9933,0.9937,8.00,1.60
2007.11.15 02:17:25.897,0.9933,0.9937,8.00,1.60
2007.11.15 02:17:26.165,0.9933,0.9937,8.00,1.60
2007.11.15 02:17:26.433,0.9933,0.9937,8.00,1.60
2007.11.15 02:17:26.574,0.9933,0.9937,8.00,1.60
2007.11.15 02:17:26.712,0.9933,0.9937,8.00,1.60
2007.11.15 02:17:26.850,0.9934,0.9937,1.00,1.60
2007.11.15 02:17:26.988,0.9933,0.9937,8.00,1.60
2007.11.15 02:17:27.126,0.9933,0.9937,8.00,1.60
2007.11.15 02:17:27.263,0.9933,0.9937,8.00,1.60
2007.11.15 02:17:27.400,0.9933,0.9937,8.00,1.60
2007.11.15 02:17:27.538,0.9934,0.9937,0.90,1.60
2007.11.15 02:17:27.746,0.9933,0.9937,8.00,1.60
2007.11.15 02:17:27.953,0.9934,0.9937,1.30,1.60
2007.11.15 02:17:28.160,0.9933,0.9937,8.00,1.60
2007.11.15 02:17:28.368,0.9934,0.9937,1.50,1.60
2007.11.15 02:17:28.577,0.9934,0.9937,1.00,1.60
2007.11.15 02:17:28.809,0.9933,0.9937,8.00,1.60
2007.11.15 02:17:29.041,0.9933,0.9937,8.00,1.60
2007.11.15 02:17:29.377,0.9933,0.9937,8.00,1.60
2007.11.15 02:17:29.611,0.9934,0.9937,2.20,1.60
2007.11.15 02:17:29.713,0.9933,0.9937,8.00,1.60
2007.11.15 02:17:29.817,0.9933,0.9937,8.00,1.60
2007.11.15 02:17:29.919,0.9933,0.9938,8.00,0.80
2007.11.15 02:17:30.023,0.9933,0.9938,8.00,2.40
2007.11.15 02:17:30.126,0.9934,0.9938,0.50,2.40
2007.11.15 02:17:30.229,0.9934,0.9938,1.50,2.40
2007.11.15 02:17:30.332,0.9934,0.9938,1.90,2.40
2007.11.15 02:17:30.434,0.9934,0.9938,0.80,2.40
2007.11.15 02:17:30.544,0.9933,0.9938,8.00,2.40
2007.11.15 02:17:30.646,0.9934,0.9938,1.70,2.40
2007.11.15 02:17:30.903,0.9933,0.9938,8.00,2.40
2007.11.15 02:17:31.162,0.9934,0.9938,2.00,2.40
2007.11.15 02:17:31.419,0.9933,0.9938,8.00,2.40
2007.11.15 02:17:31.677,0.9934,0.9938,1.10,2.40
2007.11.15 02:17:31.810,0.9933,0.9938,8.00,2.40
2007.11.15 02:17:31.942,0.9934,0.9938,1.50,2.40
2007.11.15 02:17:32.077,0.9933,0.9938,8.00,2.40
2007.11.15 02:17:32.208,0.9934,0.9938,1.10,2.40
2007.11.15 02:17:32.340,0.9933,0.9938,8.00,2.40
2007.11.15 02:17:32.473,0.9934,0.9938,0.50,2.40
2007.11.15 02:17:32.607,0.9933,0.9938,8.00,2.40
2007.11.15 02:17:32.738,0.9934,0.9938,1.80,2.40
2007.11.15 02:17:33.071,0.9933,0.9938,8.00,2.40
2007.11.15 02:17:33.403,0.9934,0.9938,2.10,2.40
2007.11.15 02:17:33.736,0.9933,0.9938,8.00,2.40
2007.11.15 02:17:33.835,0.9934,0.9938,1.00,2.40
2007.11.15 02:17:33.932,0.9933,0.9938,8.00,2.40
2007.11.15 02:17:34.029,0.9934,0.9938,1.90,2.40
2007.11.15 02:17:34.128,0.9934,0.9938,1.90,2.40
2007.11.15 02:17:34.225,0.9934,0.9938,0.80,2.40
2007.11.15 02:17:34.327,0.9933,0.9938,8.00,2.40
2007.11.15 02:17:34.424,0.9933,0.9938,8.00,2.40
2007.11.15 02:17:34.521,0.9934,0.9938,2.10,2.40
2007.11.15 02:17:34.619,0.9933,0.9938,8.00,2.40
2007.11.15 02:17:34.717,0.9934,0.9938,2.10,2.40
2007.11.15 02:17:34.815,0.9933,0.9938,8.00,2.40
2007.11.15 02:17:35.113,0.9934,0.9938,1.80,2.40
2007.11.15 02:17:35.538,0.9933,0.9938,8.00,2.40
2007.11.15 02:17:35.836,0.9933,0.9938,8.00,2.40
2007.11.15 02:17:35.919,0.9933,0.9938,8.00,2.40
2007.11.15 02:17:36.001,0.9933,0.9938,8.00,2.40
2007.11.15 02:17:36.085,0.9933,0.9938,8.00,2.40
2007.11.15 02:17:36.168,0.9933,0.9938,8.00,2.40
2007.11.15 02:17:36.254,0.9933,0.9938,8.00,2.40
2007.11.15 02:17:36.337,0.9934,0.9938,1.20,2.40
2007.11.15 02:17:36.420,0.9934,0.9938,1.20,2.40
2007.11.15 02:17:36.504,0.9934,0.9938,1.10,2.40
2007.11.15 02:17:36.586,0.9934,0.9938,0.60,2.40
2007.11.15 02:17:36.669,0.9933,0.9938,8.00,2.40
2007.11.15 02:17:36.751,0.9934,0.9938,0.80,2.40
2007.11.15 02:17:36.788,0.9934,0.99385,0.80,4.00
2007.11.15 02:17:36.835,0.9934,0.9938,3.60,2.40
2007.11.15 02:17:37.133,0.9934,0.9938,3.60,2.40
2007.11.15 02:17:37.433,0.9934,0.9938,3.60,2.40
2007.11.15 02:17:37.732,0.9934,0.9938,3.60,2.40
2007.11.15 02:17:38.030,0.9934,0.9938,3.60,2.40
2007.11.15 02:17:38.217,0.9934,0.9938,3.60,2.40
2007.11.15 02:17:38.405,0.9934,0.9938,3.60,2.40
2007.11.15 02:17:38.592,0.9934,0.9938,3.60,2.40
2007.11.15 02:17:38.780,0.9934,0.9938,3.60,2.40
2007.11.15 02:17:38.975,0.9934,0.9938,3.60,2.40
2007.11.15 02:17:39.155,0.9934,0.9938,3.60,2.40
2007.11.15 02:17:39.308,0.9934,0.9938,3.60,2.40
2007.11.15 02:17:39.461,0.9934,0.9938,3.60,2.40
2007.11.15 02:17:39.613,0.9934,0.9938,3.60,2.40
2007.11.15 02:17:39.772,0.9934,0.9938,3.60,2.40
2007.11.15 02:17:39.925,0.9934,0.9938,3.60,2.40
2007.11.15 02:17:40.077,0.9934,0.9938,3.60,2.40
2007.11.15 02:17:40.232,0.9934,0.9938,3.60,2.40
2007.11.15 02:17:40.385,0.9934,0.9938,3.60,2.40
2007.11.15 02:17:40.536,0.9934,0.9938,3.60,2.40
2007.11.15 02:17:40.689,0.9935,0.9938,0.80,2.40
2007.11.15 02:17:40.848,0.9935,0.9938,1.20,2.40
2007.11.15 02:17:40.995,0.9935,0.9938,1.20,2.40
2007.11.15 02:17:41.147,0.9935,0.9938,1.20,2.40
2007.11.15 02:17:41.435,0.9935,0.9938,1.20,2.40
2007.11.15 02:17:41.722,0.9935,0.9938,1.20,2.40
2007.11.15 02:17:42.011,0.9935,0.9938,1.20,2.40
2007.11.15 02:17:42.298,0.9935,0.9938,1.20,2.40
2007.11.15 02:17:42.471,0.9935,0.9938,1.20,2.40
2007.11.15 02:17:42.645,0.9935,0.9938,1.20,2.40
2007.11.15 02:17:42.817,0.9935,0.9938,1.20,2.40
2007.11.15 02:17:42.991,0.9935,0.9938,1.20,2.40
2007.11.15 02:17:43.163,0.9935,0.9938,1.20,2.40
2007.11.15 02:17:43.336,0.9935,0.9938,1.20,2.40
2007.11.15 02:17:43.629,0.9935,0.9938,1.20,2.40
2007.11.15 02:17:43.922,0.9935,0.9938,1.20,2.40
2007.11.15 02:17:44.215,0.9935,0.9938,1.20,2.40
2007.11.15 02:17:44.507,0.9935,0.9938,1.20,2.40
2007.11.15 02:17:44.655,0.9935,0.9938,1.20,2.40
2007.11.15 02:17:44.803,0.9935,0.9938,1.20,2.40
2007.11.15 02:17:44.950,0.9935,0.9938,1.20,2.40
2007.11.15 02:17:45.099,0.9935,0.9938,1.20,2.40
2007.11.15 02:17:45.246,0.9935,0.9938,1.20,2.40
2007.11.15 02:17:45.429,0.9935,0.9938,1.20,2.40
2007.11.15 02:17:45.612,0.9935,0.9938,1.20,2.40
2007.11.15 02:17:45.795,0.9934,0.9938,5.20,2.40
2007.11.15 02:17:45.979,0.9934,0.9938,3.60,2.40
2007.11.15 02:17:46.161,0.9934,0.9938,3.60,2.40
2007.11.15 02:17:46.343,0.9934,0.9938,3.60,2.40
2007.11.15 02:17:46.591,0.9934,0.9938,3.60,2.40
2007.11.15 02:17:46.838,0.9934,0.9938,3.60,2.40
2007.11.15 02:17:47.085,0.9934,0.9938,3.60,2.40
2007.11.15 02:17:47.333,0.9934,0.9938,3.60,2.40
2007.11.15 02:17:47.481,0.9934,0.9938,3.60,2.40
2007.11.15 02:17:47.629,0.9934,0.9938,3.60,2.40
2007.11.15 02:17:47.874,0.9934,0.9938,3.60,2.40
2007.11.15 02:17:48.024,0.9934,0.9938,3.60,2.40
2007.11.15 02:17:48.172,0.9934,0.9938,3.60,2.40
2007.11.15 02:17:48.319,0.9934,0.9938,3.60,2.40
2007.11.15 02:17:48.467,0.9934,0.9938,3.60,2.40
2007.11.15 02:17:48.760,0.9934,0.9938,3.60,2.40
2007.11.15 02:17:49.054,0.9934,0.9938,3.60,2.40
2007.11.15 02:17:49.346,0.9934,0.9938,3.60,2.40
2007.11.15 02:17:49.639,0.9934,0.9938,3.60,2.40
2007.11.15 02:17:49.747,0.9934,0.9938,3.60,2.40
2007.11.15 02:17:49.855,0.9934,0.9938,3.60,2.40
2007.11.15 02:17:49.962,0.9934,0.9938,3.60,2.40
2007.11.15 02:17:50.070,0.9934,0.9938,3.60,2.40
2007.11.15 02:17:50.177,0.9934,0.9938,3.60,2.40
2007.11.15 02:17:50.287,0.9934,0.9938,3.60,2.40
2007.11.15 02:17:50.394,0.9934,0.9938,3.60,2.40
2007.11.15 02:17:50.501,0.9934,0.9938,3.60,2.40
2007.11.15 02:17:50.719,0.9934,0.9938,3.60,2.40
2007.11.15 02:17:50.936,0.9934,0.9938,3.60,2.40
2007.11.15 02:17:51.154,0.9934,0.9938,3.60,2.40
2007.11.15 02:17:51.372,0.9934,0.9938,3.60,2.40
2007.11.15 02:17:51.589,0.9934,0.9938,3.60,2.40
2007.11.15 02:17:51.729,0.9935,0.9938,0.80,2.40
2007.11.15 02:17:51.869,0.9935,0.9938,1.20,2.40
2007.11.15 02:17:52.012,0.9935,0.9938,1.20,2.40
2007.11.15 02:17:52.149,0.9935,0.9938,1.20,2.40
2007.11.15 02:17:52.287,0.9935,0.9938,1.20,2.40
2007.11.15 02:17:52.426,0.9935,0.9938,1.20,2.40
2007.11.15 02:17:52.563,0.9935,0.9938,1.20,2.40
2007.11.15 02:17:52.702,0.9935,0.9938,1.20,2.40
2007.11.15 02:17:52.984,0.9935,0.9938,1.20,2.40
2007.11.15 02:17:53.267,0.9935,0.9938,1.20,2.40
2007.11.15 02:17:53.550,0.9935,0.9938,1.20,2.40
2007.11.15 02:17:53.837,0.9935,0.9938,1.20,2.40
2007.11.15 02:17:54.071,0.9935,0.9938,1.20,2.40
2007.11.15 02:17:54.304,0.9935,0.9938,1.20,2.40
2007.11.15 02:17:54.536,0.9935,0.9938,1.20,2.40
2007.11.15 02:17:54.775,0.9935,0.9938,1.20,2.40
2007.11.15 02:17:54.903,0.9935,0.9938,1.20,2.40
2007.11.15 02:17:55.031,0.9935,0.9938,1.20,2.40
2007.11.15 02:17:55.159,0.9935,0.9938,1.20,2.40
2007.11.15 02:17:55.287,0.9935,0.9938,1.20,2.40
2007.11.15 02:17:55.414,0.9935,0.9938,1.20,2.40
2007.11.15 02:17:55.542,0.9935,0.9938,1.20,2.40
2007.11.15 02:17:55.670,0.9935,0.9938,1.20,2.40
2007.11.15 02:17:55.798,0.9935,0.9938,1.20,2.40
2007.11.15 02:17:56.066,0.9935,0.9938,1.20,2.40
2007.11.15 02:17:56.335,0.9935,0.9938,1.20,2.40
2007.11.15 02:17:56.602,0.9935,0.9938,1.20,2.40
2007.11.15 02:17:56.869,0.9935,0.9938,1.20,2.40
2007.11.15 02:17:57.012,0.9935,0.9938,1.20,2.40
2007.11.15 02:17:57.155,0.9935,0.9938,1.20,2.40
2007.11.15 02:17:57.298,0.9935,0.9938,1.20,2.40
2007.11.15 02:17:57.441,0.9935,0.9938,1.20,2.40
2007.11.15 02:17:57.583,0.9935,0.9938,1.20,2.40
2007.11.15 02:17:57.727,0.9935,0.9938,1.20,2.40
2007.11.15 02:17:57.870,0.9935,0.9938,1.20,2.40
2007.11.15 02:17:58.148,0.9935,0.9938,1.20,2.40
2007.11.15 02:17:58.425,0.9935,0.9938,1.20,2.40
2007.11.15 02:17:58.704,0.9935,0.9938,1.20,2.40
2007.11.15 02:17:58.982,0.9935,0.9938,1.20,2.40
2007.11.15 02:17:59.260,0.9935,0.9938,1.20,2.40
2007.11.15 02:17:59.387,0.9935,0.9938,1.20,2.40
2007.11.15 02:17:59.515,0.9935,0.9938,1.20,2.40
2007.11.15 02:17:59.643,0.9935,0.9938,1.20,2.40
2007.11.15 02:17:59.770,0.9935,0.9938,1.20,2.40
2007.11.15 02:17:59.898,0.9935,0.9938,1.20,2.40
2007.11.15 02:18:00.026,0.9935,0.9938,1.20,2.40
2007.11.15 02:18:00.283,0.9935,0.9938,1.20,2.40
2007.11.15 02:18:00.541,0.9935,0.9938,1.20,2.40
2007.11.15 02:18:00.798,0.9935,0.9938,1.20,2.40
2007.11.15 02:18:01.056,0.9935,0.9938,1.20,2.40
2007.11.15 02:18:01.169,0.9935,0.9938,1.20,2.40
2007.11.15 02:18:01.282,0.9935,0.9938,1.20,2.40
2007.11.15 02:18:01.394,0.9935,0.9938,1.20,2.40
2007.11.15 02:18:01.506,0.9935,0.9938,1.20,2.40
2007.11.15 02:18:01.619,0.9935,0.9938,1.20,2.40
2007.11.15 02:18:01.732,0.9935,0.9938,1.20,2.40
2007.11.15 02:18:01.845,0.9935,0.9938,1.20,2.40
2007.11.15 02:18:01.957,0.9935,0.9938,1.20,2.40
2007.11.15 02:18:02.071,0.9935,0.9938,1.20,2.40
2007.11.15 02:18:02.320,0.9935,0.9938,1.20,2.40
2007.11.15 02:18:02.546,0.9935,0.9938,1.20,2.40
2007.11.15 02:18:02.784,0.9935,0.9938,1.20,2.40
2007.11.15 02:18:03.023,0.9935,0.9938,1.20,2.40
2007.11.15 02:18:03.261,0.9935,0.9938,1.20,2.40
2007.11.15 02:18:03.484,0.9935,0.9938,1.20,2.40
2007.11.15 02:18:03.712,0.9935,0.9938,1.20,2.40
2007.11.15 02:18:03.929,0.9935,0.9938,1.20,2.40
2007.11.15 02:18:04.151,0.9935,0.9938,1.20,2.40
2007.11.15 02:18:04.284,0.9935,0.9938,1.20,2.40
2007.11.15 02:18:04.417,0.9935,0.9938,1.20,2.40
2007.11.15 02:18:04.550,0.9935,0.9938,1.20,2.40
2007.11.15 02:18:04.683,0.9935,0.9938,1.20,2.40
2007.11.15 02:18:04.816,0.9935,0.9938,1.20,2.40
2007.11.15 02:18:04.950,0.9935,0.9938,1.20,2.40
2007.11.15 02:18:05.081,0.9935,0.9938,1.20,2.40
2007.11.15 02:18:05.215,0.9935,0.9938,1.20,2.40
2007.11.15 02:18:05.497,0.9935,0.9938,1.20,2.40
2007.11.15 02:18:05.780,0.9935,0.9938,1.20,2.40
2007.11.15 02:18:06.063,0.9935,0.9938,1.20,2.40
2007.11.15 02:18:06.363,0.9935,0.9938,1.20,2.40
2007.11.15 02:18:06.491,0.9935,0.9938,1.20,2.40
2007.11.15 02:18:06.618,0.9935,0.9938,1.20,2.40
2007.11.15 02:18:06.752,0.9935,0.9938,1.20,2.40
2007.11.15 02:18:06.875,0.9935,0.9938,1.20,2.40
2007.11.15 02:18:07.002,0.9935,0.9938,1.20,2.40
2007.11.15 02:18:07.138,0.9935,0.9938,1.20,2.40
2007.11.15 02:18:07.258,0.9935,0.9938,1.20,1.60
2007.11.15 02:18:07.532,0.9935,0.9938,1.20,1.60
2007.11.15 02:18:07.805,0.9935,0.9938,1.20,1.60
2007.11.15 02:18:08.078,0.9935,0.9938,1.20,1.60
2007.11.15 02:18:08.352,0.9935,0.9938,1.20,1.60
2007.11.15 02:18:08.589,0.9935,0.9938,1.20,1.60
2007.11.15 02:18:08.834,0.9935,0.9938,1.20,1.60
2007.11.15 02:18:09.064,0.9935,0.9938,1.20,1.60
2007.11.15 02:18:09.302,0.9935,0.9938,1.20,1.60
2007.11.15 02:18:09.539,0.9935,0.9938,1.20,1.60
2007.11.15 02:18:09.768,0.9935,0.9938,1.20,1.60
2007.11.15 02:18:09.996,0.9935,0.9938,1.20,1.60
2007.11.15 02:18:10.224,0.9935,0.9938,0.80,1.60
2007.11.15 02:18:10.452,0.9934,0.9938,3.60,1.60
2007.11.15 02:18:10.670,0.9934,0.9938,3.60,1.60
2007.11.15 02:18:10.887,0.9934,0.9938,3.60,1.60
2007.11.15 02:18:11.105,0.9934,0.9938,3.60,1.60
2007.11.15 02:18:11.323,0.9934,0.9938,3.60,1.60
2007.11.15 02:18:11.541,0.9934,0.9938,3.60,1.60
2007.11.15 02:18:11.713,0.9934,0.9938,3.60,1.60
2007.11.15 02:18:11.887,0.9934,0.9938,3.60,1.60
2007.11.15 02:18:12.059,0.9934,0.9938,3.60,1.60
2007.11.15 02:18:12.233,0.9934,0.9938,3.60,1.60
2007.11.15 02:18:12.525,0.9934,0.9938,3.60,1.60
2007.11.15 02:18:12.757,0.9934,0.9938,3.60,1.60
2007.11.15 02:18:12.989,0.9934,0.9938,3.60,1.60
2007.11.15 02:18:13.222,0.9934,0.9938,3.60,1.60
2007.11.15 02:18:13.455,0.9934,0.9938,3.60,1.60
2007.11.15 02:18:13.687,0.9934,0.9938,3.60,1.60
2007.11.15 02:18:13.920,0.9934,0.9938,3.60,1.60
2007.11.15 02:18:14.153,0.9934,0.9938,3.60,1.60
2007.11.15 02:18:14.385,0.9934,0.9938,3.60,1.60
2007.11.15 02:18:14.618,0.9934,0.9938,3.60,1.60
2007.11.15 02:18:14.776,0.9934,0.9938,3.60,1.60
2007.11.15 02:18:14.933,0.9934,0.9938,3.60,1.60
2007.11.15 02:18:15.090,0.9934,0.9938,3.60,1.60
2007.11.15 02:18:15.249,0.9934,0.9938,3.60,1.60
2007.11.15 02:18:15.407,0.9934,0.9938,3.60,1.60
2007.11.15 02:18:15.564,0.9934,0.9938,3.60,1.60
2007.11.15 02:18:15.722,0.9934,0.9938,3.60,1.60
2007.11.15 02:18:15.965,0.9934,0.9938,3.60,1.60
2007.11.15 02:18:16.208,0.9934,0.9938,3.60,1.60
2007.11.15 02:18:16.451,0.9934,0.9938,3.60,1.60
2007.11.15 02:18:16.693,0.9934,0.9938,3.60,1.60
2007.11.15 02:18:16.936,0.9934,0.9938,3.60,1.60
2007.11.15 02:18:17.063,0.9934,0.9938,3.60,1.60
2007.11.15 02:18:17.190,0.9934,0.9938,3.60,1.60
2007.11.15 02:18:17.319,0.9934,0.9938,3.60,1.60
2007.11.15 02:18:17.447,0.9934,0.9938,3.60,1.60
2007.11.15 02:18:17.574,0.9934,0.9938,3.60,1.60
2007.11.15 02:18:17.702,0.9934,0.9938,3.60,1.60
2007.11.15 02:18:17.831,0.9934,0.9938,3.60,1.60
2007.11.15 02:18:18.028,0.9934,0.9938,3.60,1.60
2007.11.15 02:18:18.227,0.9934,0.9938,3.60,1.60
2007.11.15 02:18:18.424,0.9934,0.9938,3.60,1.60
2007.11.15 02:18:18.688,0.9934,0.9938,3.60,1.60
2007.11.15 02:18:18.884,0.9934,0.9938,5.20,1.60
2007.11.15 02:18:19.147,0.9934,0.9938,5.20,1.60
2007.11.15 02:18:19.410,0.9934,0.9938,5.20,1.60
2007.11.15 02:18:19.672,0.9934,0.9938,5.20,1.60
2007.11.15 02:18:19.935,0.9934,0.9938,5.20,1.60
2007.11.15 02:18:20.067,0.9934,0.9938,5.20,1.60
2007.11.15 02:18:20.199,0.9934,0.9938,5.20,1.60
2007.11.15 02:18:20.333,0.9934,0.9938,5.20,1.60
2007.11.15 02:18:20.465,0.9934,0.9938,5.20,1.60
2007.11.15 02:18:20.599,0.9934,0.9938,5.20,1.60
2007.11.15 02:18:20.731,0.9934,0.9938,5.20,1.60
2007.11.15 02:18:20.864,0.9934,0.9938,5.20,1.60
2007.11.15 02:18:21.056,0.9934,0.9938,5.20,1.60
2007.11.15 02:18:21.249,0.9934,0.9938,5.20,1.60
2007.11.15 02:18:21.441,0.9934,0.9938,5.20,1.60
2007.11.15 02:18:21.633,0.9934,0.9938,5.20,1.60
2007.11.15 02:18:21.827,0.9934,0.9938,5.20,1.60
2007.11.15 02:18:22.019,0.9934,0.9938,5.20,1.60
2007.11.15 02:18:22.177,0.9934,0.9938,5.20,1.60
2007.11.15 02:18:22.334,0.9934,0.9938,5.20,1.60
2007.11.15 02:18:22.491,0.9934,0.9938,5.20,1.60
2007.11.15 02:18:22.650,0.9934,0.9938,5.20,1.60
2007.11.15 02:18:22.807,0.9934,0.9938,5.20,1.60
2007.11.15 02:18:24.412,0.9934,0.9938,5.20,1.60
2007.11.15 02:18:24.507,0.9934,0.9938,5.20,1.60
2007.11.15 02:18:24.605,0.9934,0.9938,5.20,1.60
2007.11.15 02:18:24.710,0.9934,0.9938,5.20,1.60
2007.11.15 02:18:24.807,0.9934,0.9938,5.20,1.60
2007.11.15 02:18:24.904,0.9934,0.9938,5.20,1.60
2007.11.15 02:18:25.003,0.9934,0.9938,5.20,1.60
2007.11.15 02:18:25.102,0.9934,0.9938,5.20,1.60
2007.11.15 02:18:25.201,0.9934,0.9938,5.20,1.60
2007.11.15 02:18:25.298,0.9934,0.9938,5.20,1.60
2007.11.15 02:18:25.396,0.9934,0.9938,5.20,1.60
2007.11.15 02:18:25.564,0.9934,0.9938,5.20,1.60
2007.11.15 02:18:25.872,0.9934,0.9938,5.20,1.60
2007.11.15 02:18:26.181,0.9934,0.9938,5.20,1.60
2007.11.15 02:18:26.494,0.9934,0.9938,5.20,1.60
2007.11.15 02:18:26.796,0.9934,0.9938,5.20,1.60
2007.11.15 02:18:26.914,0.9934,0.9938,5.20,1.60
2007.11.15 02:18:27.030,0.9934,0.9938,5.20,1.60
2007.11.15 02:18:27.148,0.9934,0.9938,5.20,1.60
2007.11.15 02:18:27.266,0.9934,0.9938,5.20,1.60
2007.11.15 02:18:27.384,0.9934,0.9938,5.20,1.60
2007.11.15 02:18:27.502,0.9934,0.9938,5.20,1.60
2007.11.15 02:18:27.620,0.9934,0.9938,5.20,1.60
2007.11.15 02:18:27.875,0.9934,0.9938,5.20,1.60
2007.11.15 02:18:28.132,0.9934,0.9938,5.20,1.60
2007.11.15 02:18:28.385,0.9934,0.9938,5.20,1.60
2007.11.15 02:18:28.637,0.9934,0.9938,5.20,1.60
2007.11.15 02:18:28.859,0.9934,0.9938,5.20,1.60
2007.11.15 02:18:29.081,0.9934,0.9938,5.20,1.60
2007.11.15 02:18:29.304,0.9934,0.9938,5.20,1.60
2007.11.15 02:18:29.527,0.9934,0.9938,5.20,1.60
2007.11.15 02:18:29.749,0.9934,0.9938,5.20,1.60
2007.11.15 02:18:29.971,0.9934,0.9938,5.20,1.60
2007.11.15 02:18:30.140,0.9934,0.9938,5.20,1.60
2007.11.15 02:18:30.312,0.9934,0.9938,5.20,1.60
2007.11.15 02:18:30.479,0.9934,0.9938,5.20,1.60
2007.11.15 02:18:30.648,0.9934,0.9938,5.20,1.60
2007.11.15 02:18:30.815,0.9934,0.9938,5.20,1.60
2007.11.15 02:18:30.987,0.9934,0.9938,5.20,1.60
2007.11.15 02:18:31.161,0.9934,0.9938,5.20,1.60
2007.11.15 02:18:31.333,0.9934,0.9938,5.20,1.60
2007.11.15 02:18:31.505,0.9934,0.9938,5.20,1.60
2007.11.15 02:18:31.732,0.9934,0.9938,5.20,1.60
2007.11.15 02:18:31.904,0.9934,0.9938,5.20,1.60
2007.11.15 02:18:32.047,0.9934,0.9938,5.20,1.60
2007.11.15 02:18:32.191,0.9934,0.9938,5.20,1.60
2007.11.15 02:18:32.334,0.9934,0.9938,3.60,1.60
2007.11.15 02:18:32.476,0.9934,0.9938,3.60,1.60
2007.11.15 02:18:32.620,0.9934,0.9938,3.60,1.60
2007.11.15 02:18:32.763,0.9934,0.9938,3.60,1.60
2007.11.15 02:18:32.905,0.9934,0.9938,3.60,1.60
2007.11.15 02:18:33.208,0.9934,0.9938,3.60,1.60
2007.11.15 02:18:33.511,0.9934,0.9938,3.60,1.60
2007.11.15 02:18:33.814,0.9934,0.9938,3.60,1.60
2007.11.15 02:18:34.116,0.9934,0.9938,3.60,1.60
2007.11.15 02:18:34.213,0.9934,0.9938,3.60,1.60
2007.11.15 02:18:34.312,0.9934,0.9938,3.60,1.60
2007.11.15 02:18:34.415,0.9934,0.9938,3.60,1.60
2007.11.15 02:18:34.507,0.9934,0.9938,3.60,1.60
2007.11.15 02:18:34.606,0.9934,0.9938,3.60,1.60
2007.11.15 02:18:34.703,0.9934,0.9938,3.60,1.60
2007.11.15 02:18:34.801,0.9934,0.9938,3.60,1.60
2007.11.15 02:18:34.900,0.9934,0.9938,3.60,1.60
2007.11.15 02:18:34.997,0.9934,0.9938,3.60,1.60
2007.11.15 02:18:35.305,0.9934,0.9938,3.60,1.60
2007.11.15 02:18:35.602,0.9934,0.9938,3.60,1.60
2007.11.15 02:18:35.905,0.9934,0.9938,1.20,1.60
2007.11.15 02:18:36.208,0.9934,0.99375,0.50,0.80
2007.11.15 02:18:36.341,0.9934,0.99375,0.50,0.80
2007.11.15 02:18:36.474,0.9934,0.99375,0.50,0.80
2007.11.15 02:18:36.606,0.9934,0.99375,0.50,0.80
2007.11.15 02:18:36.740,0.9934,0.99375,0.50,0.80
2007.11.15 02:18:36.872,0.9934,0.99375,0.50,0.80
2007.11.15 02:18:37.005,0.9934,0.99375,0.50,0.80
2007.11.15 02:18:37.303,0.9933,0.9937,2.80,1.60
2007.11.15 02:18:37.602,0.9933,0.9937,2.80,1.60
2007.11.15 02:18:37.901,0.9933,0.9937,2.80,2.00
2007.11.15 02:18:38.201,0.9933,0.9937,2.80,2.00
2007.11.15 02:18:38.468,0.9933,0.9937,2.80,0.50
2007.11.15 02:18:38.737,0.9933,0.9936,2.80,1.60
2007.11.15 02:18:39.005,0.9933,0.9936,2.80,1.60
2007.11.15 02:18:39.273,0.9933,0.9936,2.80,1.60
2007.11.15 02:18:39.471,0.9933,0.9936,2.80,1.60
2007.11.15 02:18:39.668,0.9933,0.9936,2.80,1.60
2007.11.15 02:18:39.868,0.9933,0.9936,2.80,1.60
2007.11.15 02:18:40.065,0.9933,0.9936,2.80,1.60
2007.11.15 02:18:40.262,0.9933,0.9936,2.80,1.60
2007.11.15 02:18:40.420,0.9933,0.9936,1.20,1.60
2007.11.15 02:18:40.578,0.9933,0.9936,1.20,1.60
2007.11.15 02:18:40.736,0.9933,0.9936,1.20,1.60
2007.11.15 02:18:40.894,0.9933,0.9936,3.60,1.60
2007.11.15 02:18:41.053,0.9933,0.9936,3.60,1.60
2007.11.15 02:18:41.210,0.9933,0.9936,3.60,1.60
2007.11.15 02:18:41.509,0.9933,0.9937,3.60,1.60
2007.11.15 02:18:41.806,0.9933,0.9937,3.60,1.60
2007.11.15 02:18:42.105,0.9933,0.9937,3.60,1.60
2007.11.15 02:18:42.318,0.9933,0.9937,3.60,1.60
2007.11.15 02:18:42.531,0.9933,0.9937,3.60,1.60
2007.11.15 02:18:42.752,0.9933,0.9937,0.60,1.60
2007.11.15 02:18:42.957,0.9933,0.9937,1.30,1.60
2007.11.15 02:18:43.169,0.9933,0.9937,1.50,1.60
2007.11.15 02:18:43.407,0.9932,0.9937,13.20,1.60
2007.11.15 02:18:43.645,0.9933,0.9937,0.90,1.60
2007.11.15 02:18:43.883,0.9932,0.9937,13.20,1.60
2007.11.15 02:18:44.120,0.9932,0.9937,13.20,1.60
2007.11.15 02:18:44.357,0.9932,0.9937,13.20,1.60
2007.11.15 02:18:44.505,0.9932,0.9937,13.20,1.60
2007.11.15 02:18:44.654,0.9933,0.99365,1.40,0.80
2007.11.15 02:18:44.802,0.9933,0.99365,1.30,0.80
2007.11.15 02:18:44.951,0.9932,0.99365,5.70,0.80
2007.11.15 02:18:45.098,0.9933,0.99365,0.50,0.80
2007.11.15 02:18:45.246,0.9933,0.99365,0.50,0.80
2007.11.15 02:18:45.394,0.9932,0.99365,5.70,0.80
2007.11.15 02:18:45.678,0.9933,0.99365,0.50,0.80
2007.11.15 02:18:45.960,0.9932,0.99365,5.70,0.80
2007.11.15 02:18:46.244,0.9933,0.9936,1.00,1.60
2007.11.15 02:18:46.527,0.9932,0.9936,6.40,1.60
2007.11.15 02:18:46.665,0.9932,0.9936,6.40,1.60
2007.11.15 02:18:46.803,0.9933,0.9936,0.90,1.60
2007.11.15 02:18:46.948,0.9932,0.9936,6.40,1.60
2007.11.15 02:18:47.079,0.9933,0.9936,0.90,1.60
2007.11.15 02:18:47.216,0.9932,0.9936,6.40,1.60
2007.11.15 02:18:47.355,0.9932,0.9936,6.40,1.60
2007.11.15 02:18:47.492,0.9932,0.9936,6.40,1.60
2007.11.15 02:18:47.711,0.9933,0.9936,2.10,1.60
2007.11.15 02:18:47.929,0.9933,0.9936,1.40,1.60
2007.11.15 02:18:48.146,0.9932,0.9936,17.60,1.60
2007.11.15 02:18:48.365,0.9933,0.9936,2.60,2.00
2007.11.15 02:18:48.583,0.9932,0.9936,8.00,2.00
2007.11.15 02:18:48.862,0.9932,0.9936,5.70,2.00
2007.11.15 02:18:49.139,0.9932,0.9936,5.70,2.00
2007.11.15 02:18:49.417,0.9932,0.9936,0.80,2.00
2007.11.15 02:18:49.596,0.9932,0.9936,1.20,2.00
2007.11.15 02:18:49.768,0.9931,0.9936,28.00,2.00
2007.11.15 02:18:49.940,0.9931,0.9936,28.00,2.00
2007.11.15 02:18:50.240,0.9931,0.9936,16.00,2.00
2007.11.15 02:18:50.413,0.9932,0.9936,1.10,2.00
2007.11.15 02:18:50.620,0.9931,0.9936,16.00,2.00
2007.11.15 02:18:50.829,0.9932,0.9936,1.70,2.00
2007.11.15 02:18:51.037,0.9931,0.9936,16.00,2.00
2007.11.15 02:18:51.245,0.9931,0.9935,16.00,1.60
2007.11.15 02:18:51.452,0.9932,0.9935,1.90,1.60
2007.11.15 02:18:51.675,0.9931,0.9935,16.00,1.60
2007.11.15 02:18:51.898,0.9931,0.9935,16.00,1.60
2007.11.15 02:18:52.121,0.9932,0.9935,1.80,1.60
2007.11.15 02:18:52.344,0.9931,0.9935,16.00,1.60
2007.11.15 02:18:52.567,0.9932,0.9935,0.60,1.60
2007.11.15 02:18:52.789,0.9931,0.9935,16.00,1.60
2007.11.15 02:18:53.012,0.9931,0.9935,16.00,1.60
2007.11.15 02:18:53.234,0.9931,0.9935,16.00,1.60
2007.11.15 02:18:53.458,0.9932,0.9935,1.50,1.60
2007.11.15 02:18:53.680,0.9932,0.9935,0.80,1.60
2007.11.15 02:18:53.913,0.9931,0.9935,16.00,1.60
2007.11.15 02:18:54.145,0.9932,0.9935,1.00,1.60
2007.11.15 02:18:54.378,0.9932,0.9935,1.60,1.60
2007.11.15 02:18:54.611,0.9931,0.9935,16.00,1.60
2007.11.15 02:18:54.843,0.9932,0.9935,1.20,1.60
2007.11.15 02:18:54.971,0.9931,0.9935,16.00,1.60
2007.11.15 02:18:55.099,0.9931,0.9935,16.00,1.60
2007.11.15 02:18:55.228,0.9932,0.9935,0.50,1.60
2007.11.15 02:18:55.355,0.9932,0.9936,1.70,2.00
2007.11.15 02:18:55.484,0.9931,0.9936,16.00,2.00
2007.11.15 02:18:55.612,0.9932,0.9936,1.00,2.00
2007.11.15 02:18:55.740,0.9931,0.9936,15.20,2.10
2007.11.15 02:18:55.998,0.9932,0.9936,0.50,10.60
2007.11.15 02:18:56.400,0.993,0.9935,19.20,2.00
2007.11.15 02:18:56.657,0.993,0.9935,19.20,2.00
2007.11.15 02:18:56.914,0.993,0.9935,19.20,2.00
2007.11.15 02:18:57.078,0.9931,0.9935,1.20,2.00
2007.11.15 02:18:57.240,0.993,0.9935,19.20,2.00
2007.11.15 02:18:57.403,0.993,0.9935,19.20,2.00
2007.11.15 02:18:57.570,0.9931,0.9935,1.20,2.00
2007.11.15 02:18:57.732,0.9931,0.9935,2.80,2.00
2007.11.15 02:18:57.895,0.993,0.9935,19.20,2.00
2007.11.15 02:18:58.089,0.9931,0.9935,1.60,2.00
2007.11.15 02:18:58.281,0.993,0.9935,19.20,2.00
2007.11.15 02:18:58.474,0.9931,0.9935,0.80,2.00
2007.11.15 02:18:58.667,0.9931,0.9935,1.60,2.00
2007.11.15 02:18:58.859,0.9931,0.9935,0.70,2.00
2007.11.15 02:18:59.052,0.9931,0.9935,2.40,2.00
2007.11.15 02:18:59.290,0.993,0.9935,19.20,2.00
2007.11.15 02:18:59.529,0.9931,0.9935,2.40,2.00
2007.11.15 02:18:59.766,0.9931,0.9935,2.40,2.00
2007.11.15 02:19:00.004,0.9931,0.9935,0.80,2.00
2007.11.15 02:19:00.242,0.993,0.9935,19.20,2.00
2007.11.15 02:19:00.405,0.993,0.9935,19.20,2.00
2007.11.15 02:19:00.567,0.993,0.9935,19.20,2.00
2007.11.15 02:19:00.731,0.9931,0.9934,2.30,0.50
2007.11.15 02:19:00.893,0.993,0.9934,20.80,0.50
2007.11.15 02:19:01.056,0.9931,0.9934,0.60,0.50
2007.11.15 02:19:01.220,0.993,0.9934,5.70,0.50
2007.11.15 02:19:01.452,0.993,0.9934,3.20,0.50
2007.11.15 02:19:01.692,0.9931,0.9934,1.70,0.50
2007.11.15 02:19:01.919,0.9931,0.9934,0.60,1.60
2007.11.15 02:19:02.151,0.993,0.9934,12.80,1.60
2007.11.15 02:19:02.579,0.9931,0.9934,0.60,1.60
2007.11.15 02:19:02.842,0.9931,0.9934,0.80,1.60
2007.11.15 02:19:03.110,0.993,0.9934,12.80,1.60
2007.11.15 02:19:03.367,0.993,0.9934,15.60,1.60
2007.11.15 02:19:03.616,0.993,0.9934,22.40,1.60
2007.11.15 02:19:03.863,0.993,0.9934,22.40,1.60
2007.11.15 02:19:04.112,0.9931,0.9934,0.50,1.60
2007.11.15 02:19:04.360,0.993,0.9934,22.40,1.60
2007.11.15 02:19:04.538,0.9931,0.9934,1.60,1.60
2007.11.15 02:19:04.716,0.9931,0.9934,1.60,1.60
2007.11.15 02:19:04.893,0.993,0.9934,20.00,1.60
2007.11.15 02:19:05.077,0.9931,0.9934,0.80,1.60
2007.11.15 02:19:05.254,0.993,0.9934,19.60,1.60
2007.11.15 02:19:05.433,0.9931,0.9934,1.20,1.60
2007.11.15 02:19:05.611,0.993,0.9934,12.80,1.60
2007.11.15 02:19:05.789,0.9931,0.9934,0.70,1.60
2007.11.15 02:19:05.967,0.993,0.9935,12.80,2.80
2007.11.15 02:19:06.145,0.993,0.9935,12.80,2.80
2007.11.15 02:19:06.324,0.9931,0.9935,0.60,2.80
2007.11.15 02:19:06.525,0.9931,0.9935,1.30,2.80
2007.11.15 02:19:06.728,0.993,0.9935,12.80,2.80
2007.11.15 02:19:06.932,0.993,0.9935,12.80,2.80
2007.11.15 02:19:07.136,0.9931,0.9935,1.50,2.80
2007.11.15 02:19:07.339,0.993,0.9935,12.80,2.80
2007.11.15 02:19:07.532,0.993,0.9935,12.80,2.80
2007.11.15 02:19:07.724,0.993,0.9935,12.80,2.80
2007.11.15 02:19:07.917,0.993,0.9935,12.80,2.80
2007.11.15 02:19:08.110,0.993,0.9935,12.80,2.80
2007.11.15 02:19:08.302,0.993,0.9935,12.80,2.80
2007.11.15 02:19:08.559,0.993,0.9935,12.80,2.80
2007.11.15 02:19:08.817,0.9931,0.9935,1.40,2.80
2007.11.15 02:19:09.074,0.9931,0.9935,1.70,2.80
2007.11.15 02:19:09.332,0.9931,0.9935,1.40,2.80
2007.11.15 02:19:09.455,0.9931,0.9935,0.50,2.80
2007.11.15 02:19:09.577,0.9931,0.9935,0.50,2.80
2007.11.15 02:19:09.700,0.9931,0.9935,0.60,2.80
2007.11.15 02:19:09.822,0.9931,0.9935,2.80,2.80
2007.11.15 02:19:09.945,0.9931,0.9935,2.80,2.80
2007.11.15 02:19:10.069,0.9931,0.9935,2.80,2.80
2007.11.15 02:19:10.192,0.9931,0.9935,2.80,2.80
2007.11.15 02:19:10.315,0.9931,0.9935,2.80,2.80
2007.11.15 02:19:10.537,0.9931,0.9935,2.80,2.80
2007.11.15 02:19:10.761,0.9931,0.9935,2.80,2.80
2007.11.15 02:19:10.984,0.9931,0.9935,2.80,2.80
2007.11.15 02:19:11.207,0.9931,0.9935,2.80,2.00
2007.11.15 02:19:11.430,0.9932,0.9935,0.50,2.00
2007.11.15 02:19:11.598,0.9932,0.9935,0.50,2.00
2007.11.15 02:19:11.767,0.9932,0.9935,1.20,1.60
2007.11.15 02:19:11.935,0.9932,0.9935,2.80,1.60
2007.11.15 02:19:12.103,0.9932,0.9935,2.80,1.60
2007.11.15 02:19:12.271,0.9932,0.9935,2.80,1.60
2007.11.15 02:19:12.439,0.9932,0.9936,1.20,2.00
2007.11.15 02:19:12.747,0.9932,0.9936,1.20,2.00
2007.11.15 02:19:13.055,0.9932,0.9936,2.80,2.00
2007.11.15 02:19:13.363,0.9932,0.9936,2.80,2.00
2007.11.15 02:19:13.611,0.9932,0.9936,1.20,2.00
2007.11.15 02:19:13.859,0.9932,0.9936,1.20,2.00
2007.11.15 02:19:14.106,0.9932,0.9936,1.20,2.00
2007.11.15 02:19:14.354,0.9932,0.9936,1.20,2.00
2007.11.15 02:19:14.601,0.9932,0.9936,1.20,2.00
2007.11.15 02:19:14.750,0.9932,0.9936,1.20,2.00
2007.11.15 02:19:14.918,0.9932,0.9936,1.20,2.00
2007.11.15 02:19:15.066,0.9932,0.9936,1.20,2.00
2007.11.15 02:19:15.213,0.9932,0.99355,0.50,0.80
2007.11.15 02:19:15.363,0.9931,0.9935,2.80,0.50
2007.11.15 02:19:15.568,0.9931,0.9935,2.80,0.50
2007.11.15 02:19:15.769,0.9931,0.9935,2.80,0.50
2007.11.15 02:19:15.977,0.9931,0.9935,2.80,0.50
2007.11.15 02:19:16.182,0.9931,0.9935,2.80,0.50
2007.11.15 02:19:16.385,0.9931,0.9935,2.80,2.00
2007.11.15 02:19:16.548,0.9931,0.9935,2.80,2.00
2007.11.15 02:19:16.714,0.9931,0.9935,2.80,2.00
2007.11.15 02:19:16.877,0.9931,0.9935,2.80,2.00
2007.11.15 02:19:17.040,0.9931,0.9935,2.80,2.00
2007.11.15 02:19:17.204,0.9931,0.9935,2.80,2.00
2007.11.15 02:19:17.366,0.9931,0.9935,2.80,2.00
2007.11.15 02:19:17.531,0.9931,0.9935,2.80,2.00
2007.11.15 02:19:17.749,0.9931,0.9935,2.80,2.00
2007.11.15 02:19:17.967,0.9931,0.9935,2.80,2.00
2007.11.15 02:19:18.185,0.9931,0.9935,2.80,2.00
2007.11.15 02:19:18.403,0.9931,0.9935,2.80,2.00
2007.11.15 02:19:18.716,0.9931,0.9935,2.80,2.00
2007.11.15 02:19:19.029,0.9931,0.9935,2.80,2.00
2007.11.15 02:19:19.348,0.9931,0.9935,2.80,2.00
2007.11.15 02:19:19.655,0.9931,0.9935,2.80,2.00
2007.11.15 02:19:19.819,0.9931,0.9935,2.80,2.00
2007.11.15 02:19:19.982,0.9931,0.9935,2.80,2.00
2007.11.15 02:19:20.145,0.9931,0.9935,2.80,2.00
2007.11.15 02:19:20.308,0.9931,0.9935,2.80,2.00
2007.11.15 02:19:20.471,0.9931,0.9935,2.80,2.00
2007.11.15 02:19:20.634,0.9931,0.9935,2.80,2.00
2007.11.15 02:19:20.821,0.9931,0.9935,2.80,2.00
2007.11.15 02:19:21.075,0.9931,0.9935,2.80,2.00
2007.11.15 02:19:21.263,0.9931,0.9935,2.80,2.00
2007.11.15 02:19:21.451,0.9931,0.9935,2.80,2.00
2007.11.15 02:19:21.645,0.9931,0.9935,2.80,2.00
2007.11.15 02:19:21.818,0.9931,0.9935,2.80,2.00
2007.11.15 02:19:21.991,0.9931,0.9935,2.80,2.00
2007.11.15 02:19:22.165,0.9931,0.9935,2.80,2.00
2007.11.15 02:19:22.338,0.9932,0.9935,0.50,2.00
2007.11.15 02:19:22.512,0.9932,0.9935,0.50,2.00
2007.11.15 02:19:22.685,0.9932,0.9935,1.20,2.00
2007.11.15 02:19:22.888,0.9932,0.9935,1.20,1.60
2007.11.15 02:19:23.090,0.9932,0.9935,1.20,1.60
2007.11.15 02:19:23.293,0.9932,0.9935,1.20,1.60
2007.11.15 02:19:23.496,0.9932,0.9935,1.20,1.60
2007.11.15 02:19:23.698,0.9932,0.9935,1.20,1.60
2007.11.15 02:19:23.953,0.9932,0.9935,1.20,1.60
2007.11.15 02:19:24.195,0.9932,0.9935,1.20,1.60
2007.11.15 02:19:24.443,0.9932,0.9935,1.20,1.60
2007.11.15 02:19:24.697,0.9931,0.9935,14.00,1.60
2007.11.15 02:19:24.842,0.9931,0.9935,5.20,1.60
2007.11.15 02:19:24.984,0.9931,0.9935,3.60,1.60
2007.11.15 02:19:25.127,0.9931,0.9935,3.60,1.60
2007.11.15 02:19:25.270,0.9931,0.9935,3.60,1.60
2007.11.15 02:19:25.412,0.9931,0.9935,3.60,1.60
2007.11.15 02:19:25.556,0.9931,0.9935,3.60,1.60
2007.11.15 02:19:25.698,0.9931,0.9935,3.60,1.60
2007.11.15 02:19:25.982,0.9931,0.9935,1.20,2.10
2007.11.15 02:19:26.265,0.9931,0.9935,1.20,2.90
2007.11.15 02:19:26.549,0.9931,0.9935,1.20,2.00
2007.11.15 02:19:26.833,0.9931,0.9935,1.20,2.00
2007.11.15 02:19:27.236,0.9931,0.9935,1.20,6.00
2007.11.15 02:19:27.495,0.9931,0.9934,1.20,1.60
2007.11.15 02:19:27.752,0.9931,0.9934,1.20,1.60
2007.11.15 02:19:27.909,0.9931,0.9934,1.20,1.60
2007.11.15 02:19:28.067,0.9931,0.9934,1.20,1.60
2007.11.15 02:19:28.225,0.9931,0.9934,1.20,1.60
2007.11.15 02:19:28.382,0.9931,0.9934,1.20,1.60
2007.11.15 02:19:28.541,0.9931,0.9934,1.20,1.60
2007.11.15 02:19:28.700,0.9931,0.9934,1.20,1.60
2007.11.15 02:19:28.858,0.9931,0.9934,1.20,5.60
2007.11.15 02:19:29.180,0.9931,0.9934,1.20,5.60
2007.11.15 02:19:29.504,0.9931,0.9934,1.20,5.60
2007.11.15 02:19:29.831,0.9931,0.9934,1.20,5.60
2007.11.15 02:19:29.993,0.9931,0.9934,1.20,5.60
2007.11.15 02:19:30.160,0.9931,0.9934,1.20,5.60
2007.11.15 02:19:30.328,0.9931,0.9934,1.20,5.60
2007.11.15 02:19:30.495,0.9931,0.9934,1.20,5.60
2007.11.15 02:19:30.663,0.9931,0.9934,1.20,5.60
2007.11.15 02:19:30.831,0.9931,0.9934,0.50,6.10
2007.11.15 02:19:30.999,0.9931,0.9934,0.50,6.10
2007.11.15 02:19:31.272,0.9931,0.9933,0.50,1.60
2007.11.15 02:19:31.545,0.9931,0.9933,0.50,1.60
2007.11.15 02:19:31.817,0.9931,0.9933,0.50,1.60
2007.11.15 02:19:32.091,0.9931,0.9933,0.50,1.60
2007.11.15 02:19:32.253,0.9931,0.9933,0.50,1.60
2007.11.15 02:19:32.416,0.9931,0.9933,0.50,1.60
2007.11.15 02:19:32.578,0.9931,0.9933,0.50,1.60
2007.11.15 02:19:32.741,0.9931,0.9933,0.50,1.60
2007.11.15 02:19:32.903,0.9931,0.9933,0.50,1.60
2007.11.15 02:19:33.056,0.9931,0.9933,0.50,1.60
2007.11.15 02:19:33.227,0.9931,0.9933,0.50,1.60
2007.11.15 02:19:33.400,0.9931,0.9933,0.50,1.60
2007.11.15 02:19:33.555,0.9931,0.9933,0.50,1.60
2007.11.15 02:19:33.707,0.9931,0.9933,0.50,1.60
2007.11.15 02:19:33.860,0.9931,0.9933,0.50,1.60
2007.11.15 02:19:34.012,0.9931,0.9933,0.50,1.60
2007.11.15 02:19:34.095,0.9931,0.9933,0.50,0.60
2007.11.15 02:19:34.254,0.9931,0.9933,0.50,0.60
2007.11.15 02:19:34.497,0.9931,0.9934,0.50,6.10
2007.11.15 02:19:34.740,0.9931,0.9933,0.50,0.60
2007.11.15 02:19:34.989,0.9931,0.9933,0.50,0.60
2007.11.15 02:19:35.226,0.9931,0.9933,0.50,0.90
2007.11.15 02:19:35.348,0.9931,0.9934,0.50,6.10
2007.11.15 02:19:35.471,0.9931,0.9933,0.50,0.90
2007.11.15 02:19:35.595,0.9931,0.9934,0.50,6.10
2007.11.15 02:19:35.718,0.9931,0.99335,0.50,2.40
2007.11.15 02:19:35.840,0.993,0.99335,0.50,2.80
2007.11.15 02:19:35.964,0.993,0.99335,0.50,2.80
2007.11.15 02:19:36.087,0.993,0.9932,0.50,0.70
2007.11.15 02:19:36.210,0.993,0.9933,0.50,2.10
2007.11.15 02:19:36.467,0.993,0.9933,0.50,2.10
2007.11.15 02:19:36.726,0.993,0.9933,0.50,2.10
2007.11.15 02:19:36.984,0.993,0.9932,0.50,0.70
2007.11.15 02:19:37.243,0.993,0.9932,0.50,0.60
2007.11.15 02:19:37.384,0.993,0.9933,0.50,2.10
2007.11.15 02:19:37.527,0.993,0.9933,0.50,2.10
2007.11.15 02:19:37.670,0.993,0.9933,0.50,2.10
2007.11.15 02:19:37.812,0.993,0.9933,0.50,2.10
2007.11.15 02:19:37.955,0.993,0.9933,0.50,2.10
2007.11.15 02:19:38.098,0.993,0.9932,0.50,0.80
2007.11.15 02:19:38.242,0.993,0.9932,0.50,0.70
2007.11.15 02:19:38.571,0.993,0.9932,0.50,0.90
2007.11.15 02:19:38.888,0.993,0.9933,0.50,2.10
2007.11.15 02:19:39.210,0.993,0.9933,0.50,2.10
2007.11.15 02:19:39.558,0.993,0.9933,0.50,2.10
2007.11.15 02:19:39.786,0.993,0.9933,0.50,2.10
2007.11.15 02:19:40.015,0.993,0.9932,0.50,0.70
2007.11.15 02:19:40.243,0.993,0.9933,1.20,2.10
2007.11.15 02:19:40.400,0.993,0.9932,1.20,0.80
2007.11.15 02:19:40.559,0.993,0.9933,1.20,2.10
2007.11.15 02:19:40.717,0.993,0.9933,1.20,2.10
2007.11.15 02:19:40.874,0.993,0.9933,1.20,2.10
2007.11.15 02:19:41.032,0.993,0.9932,1.20,0.70
2007.11.15 02:19:41.191,0.993,0.9933,1.20,2.10
2007.11.15 02:19:41.348,0.993,0.9933,1.20,2.10
2007.11.15 02:19:41.583,0.993,0.9932,1.20,0.60
2007.11.15 02:19:41.814,0.993,0.9933,1.20,2.10
2007.11.15 02:19:42.046,0.993,0.9933,1.20,2.10
2007.11.15 02:19:42.278,0.993,0.9932,1.20,0.90
2007.11.15 02:19:42.477,0.993,0.9932,1.20,0.90
2007.11.15 02:19:42.674,0.993,0.9932,1.20,0.50
2007.11.15 02:19:42.877,0.993,0.9933,1.20,2.10
2007.11.15 02:19:43.075,0.993,0.9934,1.20,6.00
2007.11.15 02:19:43.281,0.993,0.9933,1.20,0.90
2007.11.15 02:19:43.600,0.993,0.9934,1.20,6.00
2007.11.15 02:19:43.919,0.993,0.9934,1.20,6.00
2007.11.15 02:19:44.237,0.9931,0.9934,0.50,2.10
2007.11.15 02:19:44.555,0.9931,0.9933,0.50,0.70
2007.11.15 02:19:44.702,0.9931,0.9934,0.50,2.10
2007.11.15 02:19:44.851,0.9931,0.9934,0.50,2.10
2007.11.15 02:19:44.998,0.9931,0.9933,0.50,0.70
2007.11.15 02:19:45.150,0.9931,0.9934,0.50,2.10
2007.11.15 02:19:45.298,0.9931,0.9934,0.50,0.60
2007.11.15 02:19:45.445,0.9931,0.99345,0.50,5.20
2007.11.15 02:19:45.725,0.9931,0.99345,0.50,5.20
2007.11.15 02:19:45.948,0.993,0.9934,1.20,0.80
2007.11.15 02:19:46.171,0.993,0.99345,1.20,8.80
2007.11.15 02:19:46.394,0.993,0.99345,1.20,8.80
2007.11.15 02:19:46.562,0.993,0.9934,1.20,0.60
2007.11.15 02:19:46.730,0.993,0.9934,1.20,0.90
2007.11.15 02:19:46.897,0.993,0.99345,1.20,8.80
2007.11.15 02:19:47.066,0.993,0.9934,1.20,0.80
2007.11.15 02:19:47.233,0.993,0.9934,1.20,0.60
2007.11.15 02:19:47.401,0.993,0.99345,1.20,8.80
2007.11.15 02:19:47.604,0.993,0.9934,1.20,2.10
2007.11.15 02:19:47.808,0.993,0.9933,1.20,0.50
2007.11.15 02:19:48.011,0.993,0.9934,1.20,2.10
2007.11.15 02:19:48.213,0.993,0.9934,1.20,2.10
2007.11.15 02:19:48.415,0.993,0.9933,1.20,0.80
2007.11.15 02:19:48.618,0.993,0.9933,1.20,0.90
2007.11.15 02:19:48.870,0.993,0.9934,1.20,2.10
2007.11.15 02:19:49.123,0.993,0.9934,1.20,2.10
2007.11.15 02:19:49.376,0.9931,0.9934,0.50,2.10
2007.11.15 02:19:49.630,0.9931,0.9933,0.50,0.90
2007.11.15 02:19:49.762,0.9931,0.9934,0.50,2.10
2007.11.15 02:19:49.896,0.9931,0.9933,0.50,0.60
2007.11.15 02:19:50.028,0.9931,0.9934,0.50,2.10
2007.11.15 02:19:50.161,0.993,0.9934,1.20,4.80
2007.11.15 02:19:50.295,0.993,0.9933,0.50,0.70
2007.11.15 02:19:50.427,0.993,0.9933,0.50,0.50
2007.11.15 02:19:50.560,0.993,0.99335,0.50,1.30
2007.11.15 02:19:50.883,0.993,0.99335,0.50,1.30
2007.11.15 02:19:51.205,0.993,0.99335,0.50,1.30
2007.11.15 02:19:51.529,0.993,0.9933,0.50,0.70
2007.11.15 02:19:51.697,0.993,0.9934,1.20,11.00
2007.11.15 02:19:51.896,0.993,0.9934,1.20,12.20
2007.11.15 02:19:52.064,0.993,0.9934,1.20,12.20
2007.11.15 02:19:52.241,0.993,0.9933,1.20,0.90
2007.11.15 02:19:52.409,0.993,0.9933,1.20,0.50
2007.11.15 02:19:52.583,0.993,0.9934,1.20,6.10
2007.11.15 02:19:52.886,0.993,0.9934,1.20,6.10
2007.11.15 02:19:53.189,0.993,0.9933,1.20,0.60
2007.11.15 02:19:53.492,0.993,0.9934,1.20,6.10
2007.11.15 02:19:53.704,0.993,0.9934,1.20,6.10
2007.11.15 02:19:53.917,0.993,0.9934,1.20,6.10
2007.11.15 02:19:54.129,0.993,0.9933,1.20,0.70
2007.11.15 02:19:54.342,0.993,0.9934,1.20,6.10
2007.11.15 02:19:54.554,0.993,0.9933,1.20,0.50
2007.11.15 02:19:54.682,0.993,0.9933,1.20,0.70
2007.11.15 02:19:54.809,0.993,0.9933,1.20,0.70
2007.11.15 02:19:54.937,0.993,0.9934,1.20,6.10
2007.11.15 02:19:55.065,0.993,0.9934,1.20,6.10
2007.11.15 02:19:55.137,0.993,0.9933,0.90,0.50
2007.11.15 02:19:55.192,0.9929,0.9934,4.80,6.10
2007.11.15 02:19:55.320,0.9929,0.9934,4.80,6.10
2007.11.15 02:19:55.448,0.993,0.9933,0.50,0.70
2007.11.15 02:19:55.576,0.993,0.9933,0.80,0.80
2007.11.15 02:19:55.784,0.9929,0.9934,4.80,6.10
2007.11.15 02:19:55.991,0.9929,0.9934,4.80,6.10
2007.11.15 02:19:56.202,0.993,0.9933,1.20,0.50
2007.11.15 02:19:56.410,0.993,0.9934,1.20,6.10
2007.11.15 02:19:56.617,0.993,0.9934,1.20,6.10
2007.11.15 02:19:56.786,0.993,0.9934,1.20,6.10
2007.11.15 02:19:56.954,0.993,0.9933,1.20,0.90
2007.11.15 02:19:57.123,0.993,0.9933,1.20,0.60
2007.11.15 02:19:57.290,0.993,0.9934,1.20,6.10
2007.11.15 02:19:57.458,0.993,0.9934,1.20,6.10
2007.11.15 02:19:57.629,0.993,0.9934,1.20,6.10
2007.11.15 02:19:57.797,0.993,0.9933,1.20,0.90
2007.11.15 02:19:58.055,0.993,0.9933,1.20,0.70
2007.11.15 02:19:58.224,0.993,0.9934,1.20,6.10
2007.11.15 02:19:58.393,0.993,0.9934,1.20,6.10
2007.11.15 02:19:58.560,0.993,0.9934,1.20,6.10
2007.11.15 02:19:58.729,0.993,0.9934,1.20,6.10
2007.11.15 02:19:58.982,0.993,0.9933,1.20,0.90
2007.11.15 02:19:59.234,0.993,0.9934,1.20,6.10
2007.11.15 02:19:59.487,0.993,0.9933,1.20,0.70
2007.11.15 02:19:59.739,0.993,0.9934,1.20,6.10
2007.11.15 02:19:59.847,0.993,0.9934,1.20,6.10
2007.11.15 02:19:59.956,0.993,0.9933,1.20,0.80
2007.11.15 02:20:00.065,0.993,0.9934,1.20,6.10
2007.11.15 02:20:00.178,0.993,0.9934,1.20,6.10
2007.11.15 02:20:00.284,0.993,0.9933,1.20,0.90
2007.11.15 02:20:00.392,0.993,0.9934,1.20,6.10
2007.11.15 02:20:00.500,0.993,0.9933,1.20,0.80
2007.11.15 02:20:00.608,0.993,0.9933,1.20,0.60
2007.11.15 02:20:00.715,0.993,0.9934,1.20,6.10
2007.11.15 02:20:00.823,0.993,0.9934,1.20,6.10
2007.11.15 02:20:01.061,0.993,0.9933,1.20,0.60
2007.11.15 02:20:01.299,0.993,0.9934,1.20,6.10
2007.11.15 02:20:01.536,0.993,0.9934,1.20,6.10
2007.11.15 02:20:01.774,0.9931,0.9934,0.50,2.10
2007.11.15 02:20:01.922,0.9931,0.9934,0.50,2.10
2007.11.15 02:20:02.070,0.9931,0.9933,0.50,0.80
2007.11.15 02:20:02.217,0.9931,0.9933,0.50,0.80
2007.11.15 02:20:02.365,0.9931,0.9933,0.50,0.80
2007.11.15 02:20:02.513,0.9931,0.9933,0.50,0.60
2007.11.15 02:20:02.661,0.9931,0.9934,0.50,2.10
2007.11.15 02:20:02.809,0.9931,0.9934,0.50,2.10
2007.11.15 02:20:03.027,0.9931,0.9934,0.50,2.10
2007.11.15 02:20:03.245,0.9931,0.9933,0.50,1.60
2007.11.15 02:20:03.463,0.9931,0.9933,0.50,1.60
2007.11.15 02:20:03.680,0.9931,0.9933,0.50,1.60
2007.11.15 02:20:03.898,0.9931,0.9933,0.50,1.60
2007.11.15 02:20:04.216,0.9931,0.9933,0.50,1.60
2007.11.15 02:20:04.452,0.9931,0.9933,0.50,1.60
2007.11.15 02:20:04.690,0.9931,0.9933,0.50,1.60
2007.11.15 02:20:04.928,0.993,0.9933,1.20,1.60
2007.11.15 02:20:05.081,0.993,0.9933,1.20,1.60
2007.11.15 02:20:05.234,0.993,0.9933,1.20,1.60
2007.11.15 02:20:05.386,0.993,0.9933,1.20,1.60
2007.11.15 02:20:05.539,0.993,0.9933,1.20,1.60
2007.11.15 02:20:05.692,0.993,0.9933,1.20,1.60
2007.11.15 02:20:05.845,0.993,0.9933,1.20,1.60
2007.11.15 02:20:05.997,0.993,0.9933,1.20,1.60
2007.11.15 02:20:06.150,0.993,0.9933,1.20,1.60
2007.11.15 02:20:06.353,0.993,0.9933,1.20,1.60
2007.11.15 02:20:06.555,0.993,0.9933,1.20,1.60
2007.11.15 02:20:06.757,0.993,0.9933,1.20,1.60
2007.11.15 02:20:06.960,0.993,0.9933,1.20,1.60
2007.11.15 02:20:07.162,0.993,0.9933,1.20,1.60
2007.11.15 02:20:07.365,0.993,0.9933,1.20,1.60
2007.11.15 02:20:07.567,0.993,0.9933,1.20,1.60
2007.11.15 02:20:07.770,0.993,0.9933,1.20,1.60
2007.11.15 02:20:07.973,0.993,0.9933,1.20,1.60
2007.11.15 02:20:08.182,0.993,0.9933,1.20,1.60
2007.11.15 02:20:08.324,0.9931,0.9933,0.50,1.60
2007.11.15 02:20:08.472,0.9931,0.9933,0.50,1.60
2007.11.15 02:20:08.619,0.9931,0.9933,0.50,1.60
2007.11.15 02:20:08.767,0.9931,0.9933,0.50,1.60
2007.11.15 02:20:08.915,0.9931,0.9933,0.50,1.60
2007.11.15 02:20:09.063,0.9931,0.9933,0.50,1.60
2007.11.15 02:20:09.211,0.9931,0.9933,0.50,1.60
2007.11.15 02:20:09.519,0.993,0.9934,1.20,2.00
2007.11.15 02:20:09.828,0.993,0.9933,0.50,0.50
2007.11.15 02:20:10.135,0.993,0.9933,0.50,0.50
2007.11.15 02:20:10.375,0.993,0.9933,0.50,0.50
2007.11.15 02:20:10.524,0.993,0.9933,0.50,0.50
2007.11.15 02:20:10.674,0.993,0.9933,1.20,0.50
2007.11.15 02:20:10.822,0.993,0.9934,1.20,8.20
2007.11.15 02:20:10.970,0.993,0.9933,1.20,1.60
2007.11.15 02:20:11.118,0.993,0.9933,1.20,1.60
2007.11.15 02:20:11.297,0.993,0.9933,1.20,1.60
2007.11.15 02:20:11.475,0.993,0.9933,1.20,1.60
2007.11.15 02:20:11.654,0.993,0.9933,1.20,1.60
2007.11.15 02:20:11.832,0.993,0.9933,0.50,2.00
2007.11.15 02:20:12.009,0.993,0.9933,0.50,2.00
2007.11.15 02:20:12.188,0.993,0.9933,0.50,2.00
2007.11.15 02:20:12.445,0.993,0.9933,0.50,2.00
2007.11.15 02:20:12.703,0.993,0.9933,0.50,2.00
2007.11.15 02:20:12.961,0.993,0.9933,0.50,2.00
2007.11.15 02:20:13.219,0.9929,0.9933,2.80,2.00
2007.11.15 02:20:13.352,0.9929,0.9933,1.20,2.00
2007.11.15 02:20:13.485,0.9929,0.9933,1.20,2.00
2007.11.15 02:20:13.618,0.9929,0.9933,1.20,2.00
2007.11.15 02:20:13.751,0.9929,0.9933,1.20,2.00
2007.11.15 02:20:13.884,0.9929,0.9933,1.20,2.00
2007.11.15 02:20:14.017,0.9929,0.9933,1.20,2.00
2007.11.15 02:20:14.149,0.9929,0.9933,1.20,2.00
2007.11.15 02:20:14.281,0.9929,0.9933,1.20,2.00
2007.11.15 02:20:14.585,0.9929,0.9933,1.20,2.00
2007.11.15 02:20:14.888,0.9929,0.9933,1.20,2.00
2007.11.15 02:20:15.190,0.9929,0.9932,1.20,1.60
2007.11.15 02:20:15.494,0.9929,0.9932,1.20,1.60
2007.11.15 02:20:15.681,0.9929,0.9932,1.20,1.60
2007.11.15 02:20:15.870,0.9929,0.9932,1.20,1.60
2007.11.15 02:20:16.057,0.9929,0.9932,1.20,1.60
2007.11.15 02:20:16.245,0.993,0.9932,0.50,1.60
2007.11.15 02:20:16.537,0.993,0.9932,0.50,1.60
2007.11.15 02:20:16.731,0.993,0.9932,0.50,1.60
2007.11.15 02:20:16.932,0.993,0.9932,0.50,1.60
2007.11.15 02:20:17.125,0.993,0.9933,0.50,2.00
2007.11.15 02:20:17.318,0.993,0.9933,0.50,2.00
2007.11.15 02:20:17.510,0.993,0.9933,0.50,2.00
2007.11.15 02:20:17.728,0.993,0.9933,0.50,2.00
2007.11.15 02:20:17.946,0.993,0.9933,0.50,2.00
2007.11.15 02:20:18.167,0.993,0.9933,0.50,2.00
2007.11.15 02:20:18.385,0.993,0.9933,0.50,2.00
2007.11.15 02:20:18.602,0.993,0.9933,0.50,2.00
2007.11.15 02:20:18.850,0.993,0.9932,0.50,2.40
2007.11.15 02:20:19.099,0.993,0.9932,0.50,2.40
2007.11.15 02:20:19.347,0.993,0.9932,0.50,2.40
2007.11.15 02:20:19.595,0.993,0.9932,0.50,2.40
2007.11.15 02:20:19.757,0.993,0.9932,0.50,2.40
2007.11.15 02:20:19.921,0.993,0.9932,0.50,2.40
2007.11.15 02:20:20.084,0.993,0.9932,0.50,2.40
2007.11.15 02:20:20.247,0.993,0.9932,0.50,2.40
2007.11.15 02:20:20.409,0.993,0.9932,0.50,2.40
2007.11.15 02:20:20.573,0.993,0.9932,0.50,2.40
2007.11.15 02:20:20.736,0.993,0.9932,0.50,2.40
2007.11.15 02:20:20.915,0.993,0.9932,0.50,2.40
2007.11.15 02:20:21.087,0.993,0.9932,0.50,2.40
2007.11.15 02:20:21.260,0.9929,0.9932,1.20,2.40
2007.11.15 02:20:21.438,0.9929,0.9931,1.20,1.60
2007.11.15 02:20:21.606,0.9929,0.9931,1.20,1.60
2007.11.15 02:20:21.804,0.9929,0.9931,1.20,1.60
2007.11.15 02:20:22.001,0.9929,0.9931,1.20,1.60
2007.11.15 02:20:22.199,0.9929,0.9931,1.20,1.60
2007.11.15 02:20:22.399,0.9929,0.9931,1.20,1.60
2007.11.15 02:20:22.702,0.9929,0.9931,1.20,1.60
2007.11.15 02:20:22.876,0.9929,0.9931,1.20,1.60
2007.11.15 02:20:23.049,0.9929,0.9931,1.20,1.60
2007.11.15 02:20:23.222,0.9929,0.9931,1.20,1.60
2007.11.15 02:20:23.395,0.9929,0.9931,1.20,1.60
2007.11.15 02:20:23.567,0.9929,0.9931,1.20,1.60
2007.11.15 02:20:23.740,0.9929,0.9931,1.20,1.60
2007.11.15 02:20:24.024,0.9929,0.9931,1.20,1.60
2007.11.15 02:20:24.307,0.9929,0.9931,0.50,1.60
2007.11.15 02:20:24.590,0.9929,0.9931,0.50,1.60
2007.11.15 02:20:24.874,0.9929,0.9931,1.20,1.60
2007.11.15 02:20:25.045,0.9929,0.9931,1.20,1.60
2007.11.15 02:20:25.214,0.9929,0.9931,0.50,1.60
2007.11.15 02:20:25.381,0.9928,0.9931,3.60,1.60
2007.11.15 02:20:25.550,0.9928,0.9931,3.60,1.60
2007.11.15 02:20:25.718,0.9928,0.9931,3.60,1.60
2007.11.15 02:20:25.885,0.9928,0.9931,3.60,1.60
2007.11.15 02:20:26.143,0.9928,0.9931,3.60,1.60
2007.11.15 02:20:26.400,0.9928,0.9931,3.60,1.60
2007.11.15 02:20:26.658,0.9928,0.9931,3.60,1.60
2007.11.15 02:20:26.915,0.9928,0.9931,3.60,1.60
2007.11.15 02:20:27.083,0.9928,0.9931,3.60,1.60
2007.11.15 02:20:27.257,0.9928,0.9931,1.20,1.60
2007.11.15 02:20:27.419,0.9928,0.9932,1.20,2.00
2007.11.15 02:20:27.586,0.9928,0.9932,1.20,2.00
2007.11.15 02:20:27.758,0.9928,0.9932,1.20,2.00
2007.11.15 02:20:27.926,0.9928,0.9932,1.20,2.00
2007.11.15 02:20:28.179,0.9928,0.9932,1.20,2.00
2007.11.15 02:20:28.433,0.9928,0.9931,1.20,1.60
2007.11.15 02:20:28.685,0.9928,0.9931,1.20,1.60
2007.11.15 02:20:28.937,0.9928,0.9931,1.20,1.60
2007.11.15 02:20:29.175,0.9928,0.9931,1.20,2.00
2007.11.15 02:20:29.413,0.9928,0.9931,0.50,2.00
2007.11.15 02:20:29.650,0.9928,0.9931,0.50,2.00
2007.11.15 02:20:29.888,0.9928,0.9931,0.50,2.00
2007.11.15 02:20:30.132,0.9928,0.9931,0.50,2.00
2007.11.15 02:20:30.289,0.9928,0.9931,0.50,2.00
2007.11.15 02:20:30.452,0.9928,0.9931,0.50,2.00
2007.11.15 02:20:30.614,0.9928,0.9931,0.50,2.00
2007.11.15 02:20:30.776,0.9928,0.9931,0.50,2.00
2007.11.15 02:20:30.939,0.9928,0.9931,0.50,2.00
2007.11.15 02:20:31.101,0.9928,0.9931,0.50,2.00
2007.11.15 02:20:31.309,0.9928,0.9931,0.50,2.00
2007.11.15 02:20:31.517,0.9928,0.9931,0.50,2.00
2007.11.15 02:20:31.724,0.9928,0.9931,0.50,2.00
2007.11.15 02:20:31.932,0.9928,0.9931,0.50,2.00
2007.11.15 02:20:32.139,0.9928,0.9931,0.50,2.00
2007.11.15 02:20:32.297,0.9928,0.9931,0.50,2.00
2007.11.15 02:20:32.455,0.9928,0.9931,0.50,2.00
2007.11.15 02:20:32.613,0.9928,0.9931,0.50,2.00
2007.11.15 02:20:32.770,0.9928,0.9931,0.50,2.00
2007.11.15 02:20:32.929,0.9928,0.9931,0.50,2.00
2007.11.15 02:20:33.086,0.9928,0.9931,0.50,2.00
2007.11.15 02:20:33.243,0.9928,0.9931,0.50,2.00
2007.11.15 02:20:33.452,0.9928,0.9931,0.50,2.00
2007.11.15 02:20:33.659,0.9928,0.9931,0.50,2.00
2007.11.15 02:20:33.867,0.9928,0.9931,0.50,2.00
2007.11.15 02:20:34.081,0.9928,0.9931,0.50,2.00
2007.11.15 02:20:34.288,0.9928,0.9931,0.50,2.00
2007.11.15 02:20:34.506,0.9928,0.9931,0.50,2.00
2007.11.15 02:20:34.723,0.9928,0.9931,0.50,2.00
2007.11.15 02:20:35.026,0.9928,0.9931,0.50,2.00
2007.11.15 02:20:35.246,0.9928,0.9931,0.50,2.00
2007.11.15 02:20:35.464,0.9928,0.9931,0.50,2.00
2007.11.15 02:20:35.576,0.9928,0.9931,0.50,2.00
2007.11.15 02:20:35.697,0.9928,0.9931,0.50,2.00
2007.11.15 02:20:35.802,0.9928,0.9931,0.50,2.00
2007.11.15 02:20:35.915,0.9928,0.9931,0.50,2.00
2007.11.15 02:20:36.028,0.9928,0.9931,0.50,2.00
2007.11.15 02:20:36.141,0.9928,0.9931,0.50,2.00
2007.11.15 02:20:36.254,0.9928,0.9931,0.50,2.00
2007.11.15 02:20:36.368,0.9928,0.9931,0.50,2.00
2007.11.15 02:20:36.481,0.9928,0.9931,0.50,2.00
2007.11.15 02:20:36.813,0.9928,0.9931,0.50,2.00
2007.11.15 02:20:37.146,0.9928,0.9931,0.50,2.00
2007.11.15 02:20:37.478,0.9928,0.9931,0.50,2.00
2007.11.15 02:20:37.596,0.9928,0.9931,0.50,2.00
2007.11.15 02:20:37.714,0.9928,0.9931,0.50,2.00
2007.11.15 02:20:37.831,0.9928,0.9931,0.50,2.00
2007.11.15 02:20:37.950,0.9928,0.9931,0.50,2.00
2007.11.15 02:20:38.067,0.9928,0.9931,0.50,2.00
2007.11.15 02:20:38.184,0.9928,0.9931,0.50,2.00
2007.11.15 02:20:38.304,0.9928,0.9931,0.50,2.00
2007.11.15 02:20:38.421,0.9928,0.9931,0.50,2.00
2007.11.15 02:20:38.543,0.9928,0.9931,0.50,2.00
2007.11.15 02:20:38.758,0.9928,0.9931,0.50,2.00
2007.11.15 02:20:38.976,0.9928,0.9931,0.50,2.00
2007.11.15 02:20:39.194,0.9928,0.9931,0.50,2.00
2007.11.15 02:20:39.411,0.9928,0.9931,0.50,2.00
2007.11.15 02:20:39.629,0.9928,0.9931,0.50,2.00
2007.11.15 02:20:39.842,0.9928,0.9931,0.50,2.00
2007.11.15 02:20:40.055,0.9928,0.9931,0.50,2.00
2007.11.15 02:20:40.267,0.9928,0.9931,0.50,2.00
2007.11.15 02:20:40.481,0.9928,0.9931,0.50,2.00
2007.11.15 02:20:40.693,0.9928,0.9931,0.50,2.00
2007.11.15 02:20:40.825,0.9928,0.9931,0.50,2.00
2007.11.15 02:20:40.958,0.9928,0.9931,0.50,2.00
2007.11.15 02:20:41.197,0.9928,0.9931,0.50,2.00
2007.11.15 02:20:41.329,0.9928,0.9931,0.50,2.00
2007.11.15 02:20:41.462,0.9928,0.9931,0.50,2.00
2007.11.15 02:20:41.595,0.9928,0.9931,0.50,2.00
2007.11.15 02:20:41.733,0.9928,0.9931,0.50,2.00
2007.11.15 02:20:41.931,0.9928,0.9931,0.50,2.00
2007.11.15 02:20:42.129,0.9928,0.9931,0.50,2.00
2007.11.15 02:20:42.326,0.9928,0.9931,0.50,2.00
2007.11.15 02:20:42.524,0.9928,0.9931,0.50,2.00
2007.11.15 02:20:42.724,0.9928,0.9931,0.50,2.00
2007.11.15 02:20:42.906,0.9928,0.9931,0.50,2.00
2007.11.15 02:20:43.089,0.9928,0.9931,0.50,2.00
2007.11.15 02:20:43.272,0.9928,0.9931,0.50,2.00
2007.11.15 02:20:43.454,0.9928,0.9931,0.50,2.00
2007.11.15 02:20:43.637,0.9928,0.9931,0.50,2.00
2007.11.15 02:20:43.821,0.9928,0.9931,0.50,2.00
2007.11.15 02:20:44.063,0.9928,0.9931,0.50,2.00
2007.11.15 02:20:44.307,0.9928,0.9931,0.50,2.00
2007.11.15 02:20:44.445,0.9927,0.9931,4.10,2.00
2007.11.15 02:20:44.550,0.9927,0.9931,4.10,2.00
2007.11.15 02:20:44.793,0.9927,0.9931,4.10,2.00
2007.11.15 02:20:45.002,0.9928,0.9931,0.50,2.00
2007.11.15 02:20:45.209,0.9927,0.9931,4.10,2.00
2007.11.15 02:20:45.417,0.9928,0.9931,0.50,2.00
2007.11.15 02:20:45.625,0.9928,0.9931,0.50,2.00
2007.11.15 02:20:45.835,0.9927,0.9931,7.60,1.60
2007.11.15 02:20:46.032,0.9927,0.9931,7.60,1.60
2007.11.15 02:20:46.230,0.9928,0.9931,4.80,1.60
2007.11.15 02:20:46.429,0.9929,0.9931,0.90,1.60
2007.11.15 02:20:46.626,0.9929,0.9931,0.90,1.60
2007.11.15 02:20:46.823,0.9929,0.9931,1.00,1.60
2007.11.15 02:20:47.021,0.9928,0.9931,4.80,1.60
2007.11.15 02:20:47.358,0.9929,0.9931,0.60,1.60
2007.11.15 02:20:47.573,0.9928,0.9931,4.80,1.60
2007.11.15 02:20:47.785,0.9929,0.9931,1.00,1.60
2007.11.15 02:20:47.998,0.9928,0.9931,4.80,1.60
2007.11.15 02:20:48.145,0.9928,0.9931,4.80,1.60
2007.11.15 02:20:48.283,0.9928,0.9931,4.80,1.60
2007.11.15 02:20:48.426,0.9929,0.9931,0.60,1.60
2007.11.15 02:20:48.575,0.9928,0.9931,4.80,1.60
2007.11.15 02:20:48.717,0.9928,0.9931,4.80,1.60
2007.11.15 02:20:48.859,0.9928,0.9931,4.80,1.60
2007.11.15 02:20:49.002,0.9929,0.9931,0.90,1.60
2007.11.15 02:20:49.290,0.9928,0.9931,4.80,1.60
2007.11.15 02:20:49.577,0.9928,0.9931,4.80,1.60
2007.11.15 02:20:49.866,0.9929,0.9932,1.70,1.60
2007.11.15 02:20:50.153,0.9929,0.9932,1.70,1.60
2007.11.15 02:20:50.291,0.9929,0.9932,1.70,1.60
2007.11.15 02:20:50.429,0.9929,0.9932,1.70,1.60
2007.11.15 02:20:50.567,0.993,0.9932,0.50,1.60
2007.11.15 02:20:50.704,0.993,0.9932,0.50,1.60
2007.11.15 02:20:50.843,0.993,0.9932,0.50,0.50
2007.11.15 02:20:50.981,0.9929,0.9932,1.70,0.50
2007.11.15 02:20:51.119,0.9929,0.9932,1.70,0.50
2007.11.15 02:20:51.368,0.993,0.9932,0.50,0.50
2007.11.15 02:20:51.615,0.9929,0.9932,1.70,0.50
2007.11.15 02:20:51.863,0.993,0.9932,0.50,0.50
2007.11.15 02:20:52.111,0.993,0.9932,0.50,0.50
2007.11.15 02:20:52.233,0.9929,0.9932,1.70,0.50
2007.11.15 02:20:52.356,0.993,0.9932,0.50,0.50
2007.11.15 02:20:52.479,0.9929,0.9932,1.70,0.50
2007.11.15 02:20:52.602,0.9929,0.9932,1.70,0.50
2007.11.15 02:20:52.725,0.993,0.9932,0.50,0.50
2007.11.15 02:20:52.847,0.9929,0.9932,1.70,0.50
2007.11.15 02:20:52.970,0.9929,0.9932,1.70,0.50
2007.11.15 02:20:53.093,0.993,0.9932,0.50,0.50
2007.11.15 02:20:53.310,0.993,0.9932,0.50,0.50
2007.11.15 02:20:53.527,0.9929,0.9932,1.70,0.50
2007.11.15 02:20:53.745,0.993,0.9932,0.50,0.50
2007.11.15 02:20:53.962,0.993,0.9932,0.50,0.50
2007.11.15 02:20:54.180,0.9929,0.9932,1.70,0.50
2007.11.15 02:20:54.378,0.9929,0.9932,1.70,0.50
2007.11.15 02:20:54.576,0.993,0.9932,0.50,2.00
2007.11.15 02:20:54.774,0.9928,0.9932,10.40,2.00
2007.11.15 02:20:54.973,0.9928,0.9932,9.70,2.00
2007.11.15 02:20:55.170,0.9929,0.9932,0.50,2.00
2007.11.15 02:20:55.368,0.9929,0.9932,0.50,2.00
2007.11.15 02:20:55.584,0.9928,0.9932,9.70,2.00
2007.11.15 02:20:55.802,0.9928,0.9932,9.70,2.00
2007.11.15 02:20:56.020,0.9928,0.9932,9.70,2.00
2007.11.15 02:20:56.238,0.9929,0.9932,0.50,2.00
2007.11.15 02:20:56.431,0.9928,0.9932,9.70,2.00
2007.11.15 02:20:56.624,0.9929,0.9932,0.50,2.00
2007.11.15 02:20:56.817,0.9928,0.9932,9.70,2.00
2007.11.15 02:20:57.011,0.9928,0.9932,9.70,2.00
2007.11.15 02:20:57.203,0.9928,0.9932,9.70,2.00
2007.11.15 02:20:57.356,0.9929,0.9932,0.50,2.00
2007.11.15 02:20:57.508,0.9928,0.9932,9.70,2.00
2007.11.15 02:20:57.661,0.9928,0.9932,9.70,2.00
2007.11.15 02:20:57.814,0.9928,0.9932,9.70,2.00
2007.11.15 02:20:57.967,0.9928,0.9932,9.70,2.00
2007.11.15 02:20:58.119,0.9928,0.9932,9.70,2.00
2007.11.15 02:20:58.272,0.9929,0.9932,0.50,2.00
2007.11.15 02:20:58.425,0.9929,0.9932,0.50,2.00
2007.11.15 02:20:58.597,0.9928,0.9932,9.70,2.00
2007.11.15 02:20:58.770,0.9928,0.9932,9.70,2.00
2007.11.15 02:20:58.942,0.9928,0.9932,9.70,2.00
2007.11.15 02:20:59.115,0.9928,0.9932,9.70,2.00
2007.11.15 02:20:59.288,0.9928,0.9932,9.70,2.00
2007.11.15 02:20:59.460,0.9928,0.9932,9.70,2.00
2007.11.15 02:20:59.714,0.9929,0.9932,0.50,2.00
2007.11.15 02:20:59.967,0.9928,0.9932,9.70,2.00
2007.11.15 02:21:00.220,0.9929,0.9932,0.50,2.00
2007.11.15 02:21:00.473,0.9929,0.9932,0.50,2.00
2007.11.15 02:21:00.581,0.9929,0.9932,0.50,2.00
2007.11.15 02:21:00.688,0.9929,0.9932,0.50,2.00
2007.11.15 02:21:00.796,0.9929,0.9932,0.50,2.00
2007.11.15 02:21:00.903,0.9929,0.9932,0.50,2.00
2007.11.15 02:21:01.011,0.9928,0.9932,9.70,2.00
2007.11.15 02:21:01.120,0.9929,0.9932,0.50,2.00
2007.11.15 02:21:01.227,0.9929,0.9932,0.50,2.00
2007.11.15 02:21:01.335,0.9928,0.9932,9.70,2.00
2007.11.15 02:21:01.443,0.9929,0.9932,0.50,2.00
2007.11.15 02:21:01.551,0.9928,0.9932,9.70,2.00
2007.11.15 02:21:01.809,0.9928,0.9932,9.70,2.00
2007.11.15 02:21:02.067,0.9929,0.9932,0.50,2.00
2007.11.15 02:21:02.326,0.9929,0.9932,0.50,2.00
2007.11.15 02:21:02.582,0.9928,0.9932,9.70,2.00
2007.11.15 02:21:02.695,0.9928,0.9932,9.70,2.00
2007.11.15 02:21:02.808,0.9929,0.9932,0.50,2.00
2007.11.15 02:21:02.921,0.9928,0.9932,9.70,2.00
2007.11.15 02:21:03.034,0.9928,0.9932,9.70,2.00
2007.11.15 02:21:03.146,0.9928,0.9932,9.70,2.00
2007.11.15 02:21:03.259,0.9929,0.9932,0.50,2.00
2007.11.15 02:21:03.372,0.9929,0.9932,0.50,2.00
2007.11.15 02:21:03.485,0.9929,0.9932,0.50,2.00
2007.11.15 02:21:03.597,0.9929,0.9932,0.50,2.00
2007.11.15 02:21:03.844,0.9928,0.9932,9.70,2.00
2007.11.15 02:21:04.092,0.9928,0.9932,9.70,2.00
2007.11.15 02:21:04.340,0.9928,0.9932,9.70,2.00
2007.11.15 02:21:04.588,0.9928,0.9932,9.70,2.00
2007.11.15 02:21:04.810,0.9928,0.9932,9.70,2.00
2007.11.15 02:21:05.033,0.9928,0.9932,9.70,2.00
2007.11.15 02:21:05.256,0.9928,0.9932,9.70,2.00
2007.11.15 02:21:05.479,0.9928,0.9932,9.70,2.00
2007.11.15 02:21:05.845,0.9929,0.9932,0.50,0.80
2007.11.15 02:21:05.992,0.9928,0.99325,9.70,2.80
2007.11.15 02:21:06.141,0.9928,0.99325,9.70,2.80
2007.11.15 02:21:06.288,0.9928,0.99325,9.70,2.80
2007.11.15 02:21:06.436,0.9929,0.9932,0.50,0.50
2007.11.15 02:21:06.584,0.9929,0.9932,0.50,0.70
2007.11.15 02:21:06.731,0.9928,0.99325,9.70,2.80
2007.11.15 02:21:06.879,0.9928,0.99325,9.70,2.80
2007.11.15 02:21:07.117,0.9928,0.99325,9.70,2.80
2007.11.15 02:21:07.355,0.9929,0.9932,0.50,0.80
2007.11.15 02:21:07.593,0.9929,0.9932,0.50,0.70
2007.11.15 02:21:07.830,0.9928,0.99325,9.70,2.80
2007.11.15 02:21:08.064,0.9929,0.9932,0.50,0.50
2007.11.15 02:21:08.291,0.9928,0.99325,9.70,2.80
2007.11.15 02:21:08.520,0.9928,0.99325,9.70,2.80
2007.11.15 02:21:08.748,0.9928,0.99325,9.70,2.80
2007.11.15 02:21:08.976,0.9929,0.9932,0.50,0.90
2007.11.15 02:21:09.234,0.9929,0.9932,0.50,0.90
2007.11.15 02:21:09.491,0.9928,0.99325,9.70,2.80
2007.11.15 02:21:09.750,0.9929,0.9932,0.50,0.70
2007.11.15 02:21:10.008,0.9928,0.99325,9.70,2.80
2007.11.15 02:21:10.140,0.9928,0.99325,9.70,2.80
2007.11.15 02:21:10.272,0.9928,0.99325,9.70,2.80
2007.11.15 02:21:10.405,0.9928,0.99325,9.70,2.80
2007.11.15 02:21:10.538,0.9928,0.99325,9.70,2.80
2007.11.15 02:21:10.671,0.9929,0.9932,0.50,0.80
2007.11.15 02:21:10.803,0.9929,0.9932,0.50,0.70
2007.11.15 02:21:10.976,0.9929,0.9932,0.50,0.90
2007.11.15 02:21:11.148,0.9928,0.99325,9.70,2.80
2007.11.15 02:21:11.322,0.9928,0.99325,9.70,2.80
2007.11.15 02:21:11.495,0.9929,0.9932,0.50,0.60
2007.11.15 02:21:11.667,0.9929,0.9932,0.50,0.60
2007.11.15 02:21:11.840,0.9929,0.9932,0.50,0.80
2007.11.15 02:21:12.017,0.9928,0.99325,9.70,2.80
2007.11.15 02:21:12.195,0.9929,0.9932,0.50,0.50
2007.11.15 02:21:12.372,0.9928,0.99325,9.70,2.80
2007.11.15 02:21:12.550,0.9928,0.99325,9.70,2.80
2007.11.15 02:21:12.727,0.9928,0.99325,9.70,2.80
2007.11.15 02:21:12.905,0.9928,0.99325,9.70,2.80
2007.11.15 02:21:13.047,0.9929,0.9932,0.50,0.90
2007.11.15 02:21:13.190,0.9929,0.9932,0.50,0.70
2007.11.15 02:21:13.332,0.9929,0.9932,0.50,0.60
2007.11.15 02:21:13.475,0.9929,0.99325,0.50,2.80
2007.11.15 02:21:13.617,0.9929,0.99325,0.50,2.80
2007.11.15 02:21:13.760,0.9929,0.99325,0.50,2.80
2007.11.15 02:21:13.902,0.9929,0.99325,0.50,2.80
2007.11.15 02:21:14.045,0.9929,0.9932,0.50,0.70
2007.11.15 02:21:14.373,0.9929,0.99325,0.50,2.80
2007.11.15 02:21:14.702,0.9929,0.99325,0.50,2.80
2007.11.15 02:21:15.028,0.9929,0.9932,0.50,0.60
2007.11.15 02:21:15.177,0.9929,0.99325,0.50,2.80
2007.11.15 02:21:15.324,0.9929,0.9932,0.50,0.90
2007.11.15 02:21:15.472,0.9929,0.9932,0.50,0.90
2007.11.15 02:21:15.619,0.9929,0.9932,0.50,0.60
2007.11.15 02:21:15.766,0.9929,0.9932,0.50,0.50
2007.11.15 02:21:15.914,0.9929,0.99325,0.50,2.80
2007.11.15 02:21:16.087,0.9929,0.99325,0.50,2.80
2007.11.15 02:21:16.259,0.9929,0.9932,0.50,0.60
2007.11.15 02:21:16.432,0.9929,0.9932,0.50,0.60
2007.11.15 02:21:16.604,0.9929,0.99325,0.50,2.80
2007.11.15 02:21:16.782,0.9929,0.99325,0.50,2.80
2007.11.15 02:21:16.954,0.9929,0.99325,0.50,2.80
2007.11.15 02:21:17.107,0.9929,0.99325,0.50,2.80
2007.11.15 02:21:17.259,0.9929,0.9932,0.50,0.70
2007.11.15 02:21:17.412,0.9929,0.99325,0.50,2.80
2007.11.15 02:21:17.564,0.9929,0.9932,0.50,0.50
2007.11.15 02:21:17.717,0.9929,0.9932,0.50,0.60
2007.11.15 02:21:17.869,0.9929,0.99325,0.50,2.80
2007.11.15 02:21:18.174,0.9929,0.99325,0.50,2.80
2007.11.15 02:21:18.381,0.9929,0.9932,0.50,0.70
2007.11.15 02:21:18.589,0.9929,0.9932,0.50,0.80
2007.11.15 02:21:18.796,0.9929,0.99325,0.50,2.80
2007.11.15 02:21:19.004,0.9929,0.9932,0.50,0.80
2007.11.15 02:21:19.231,0.9929,0.99325,0.50,2.80
2007.11.15 02:21:19.458,0.9929,0.99325,0.50,2.80
2007.11.15 02:21:19.687,0.9929,0.9932,0.50,0.70
2007.11.15 02:21:19.915,0.9929,0.99325,0.50,2.80
2007.11.15 02:21:20.144,0.9929,0.9932,0.50,0.80
2007.11.15 02:21:20.286,0.9929,0.99325,0.50,2.80
2007.11.15 02:21:20.429,0.9929,0.9932,0.50,0.80
2007.11.15 02:21:20.572,0.9929,0.9932,0.50,0.50
2007.11.15 02:21:20.714,0.9929,0.99325,0.50,2.80
2007.11.15 02:21:20.857,0.9929,0.99325,0.50,2.80
2007.11.15 02:21:21.000,0.9929,0.9932,0.50,0.80
2007.11.15 02:21:21.142,0.9929,0.9932,0.50,0.80
2007.11.15 02:21:21.335,0.9929,0.99325,0.50,2.80
2007.11.15 02:21:21.527,0.9929,0.99325,0.50,2.80
2007.11.15 02:21:21.721,0.9929,0.9932,0.50,0.60
2007.11.15 02:21:21.913,0.9929,0.9932,0.50,0.50
2007.11.15 02:21:22.106,0.9929,0.9932,0.50,0.50
2007.11.15 02:21:22.274,0.9929,0.99325,0.50,2.80
2007.11.15 02:21:22.442,0.9929,0.9932,0.50,0.90
2007.11.15 02:21:22.609,0.9929,0.9932,0.50,0.80
2007.11.15 02:21:22.778,0.9929,0.9932,0.50,0.90
2007.11.15 02:21:22.945,0.9929,0.99325,0.50,2.80
2007.11.15 02:21:23.112,0.9929,0.99325,0.50,2.80
2007.11.15 02:21:23.281,0.9929,0.99325,0.50,2.80
2007.11.15 02:21:23.443,0.9929,0.9932,0.50,0.50
2007.11.15 02:21:23.606,0.9929,0.99325,0.50,2.80
2007.11.15 02:21:23.768,0.9929,0.99325,0.50,2.80
2007.11.15 02:21:23.931,0.9929,0.9932,0.50,0.90
2007.11.15 02:21:24.094,0.9929,0.99325,0.50,2.80
2007.11.15 02:21:24.335,0.9929,0.9932,0.50,0.90
2007.11.15 02:21:24.599,0.9929,0.9932,0.50,0.70
2007.11.15 02:21:24.860,0.9928,0.9933,0.80,6.80
2007.11.15 02:21:25.123,0.9927,0.9934,6.80,6.80
2007.11.15 02:21:25.384,0.9927,0.9933,6.80,0.50
2007.11.15 02:21:25.517,0.9927,0.9933,6.80,0.50
2007.11.15 02:21:25.650,0.9927,0.9933,6.80,0.90
2007.11.15 02:21:25.788,0.9927,0.9934,6.80,6.80
2007.11.15 02:21:25.921,0.9927,0.9933,6.80,0.90
2007.11.15 02:21:26.053,0.9927,0.9934,6.80,6.80
2007.11.15 02:21:26.186,0.9927,0.9934,6.80,6.80
2007.11.15 02:21:26.318,0.9927,0.9933,6.80,0.50
2007.11.15 02:21:26.531,0.9927,0.9933,6.80,0.70
2007.11.15 02:21:26.742,0.9927,0.9933,6.80,0.60
2007.11.15 02:21:26.955,0.9927,0.9933,6.80,0.70
2007.11.15 02:21:27.167,0.9927,0.9934,6.80,6.80
2007.11.15 02:21:27.380,0.9927,0.9934,6.80,6.80
2007.11.15 02:21:27.517,0.9927,0.9934,6.80,6.80
2007.11.15 02:21:27.655,0.9927,0.9933,6.80,0.60
2007.11.15 02:21:27.792,0.9927,0.9933,6.80,0.60
2007.11.15 02:21:27.929,0.9927,0.9933,6.80,0.70
2007.11.15 02:21:28.067,0.9927,0.9933,6.80,0.60
2007.11.15 02:21:28.205,0.9927,0.99315,8.40,0.80
2007.11.15 02:21:28.343,0.9928,0.9931,0.50,0.50
2007.11.15 02:21:28.551,0.9928,0.99315,0.50,1.30
2007.11.15 02:21:28.758,0.9928,0.9931,0.50,0.50
2007.11.15 02:21:28.967,0.9928,0.99315,0.50,1.30
2007.11.15 02:21:29.174,0.9928,0.9931,0.50,0.50
2007.11.15 02:21:29.381,0.9928,0.99315,0.50,1.30
2007.11.15 02:21:29.639,0.9928,0.99315,0.50,1.30
2007.11.15 02:21:29.897,0.9928,0.9931,1.20,0.70
2007.11.15 02:21:30.154,0.9928,0.9931,1.20,0.80
2007.11.15 02:21:30.495,0.9928,0.9932,1.20,3.60
2007.11.15 02:21:30.642,0.9928,0.9932,1.20,3.60
2007.11.15 02:21:30.790,0.9928,0.9932,1.20,3.60
2007.11.15 02:21:30.937,0.9928,0.9932,1.20,3.60
2007.11.15 02:21:31.086,0.9928,0.9932,1.20,3.60
2007.11.15 02:21:31.234,0.9928,0.9932,1.20,3.60
2007.11.15 02:21:31.382,0.9928,0.9932,1.20,3.60
2007.11.15 02:21:31.531,0.9928,0.9932,1.20,3.60
2007.11.15 02:21:31.742,0.9928,0.9931,1.20,0.70
2007.11.15 02:21:31.955,0.9928,0.9932,1.20,3.60
2007.11.15 02:21:32.168,0.9928,0.9932,1.20,3.60
2007.11.15 02:21:32.380,0.9928,0.9932,1.20,3.60
2007.11.15 02:21:32.593,0.9928,0.9932,1.20,3.60
2007.11.15 02:21:32.807,0.9928,0.9932,1.20,3.60
2007.11.15 02:21:32.934,0.9928,0.9932,1.20,3.60
2007.11.15 02:21:33.063,0.9928,0.9931,1.20,0.90
2007.11.15 02:21:33.190,0.9928,0.9931,1.20,0.70
2007.11.15 02:21:33.320,0.9928,0.9931,0.50,1.60
2007.11.15 02:21:33.447,0.9928,0.9931,0.50,1.60
2007.11.15 02:21:33.576,0.9928,0.9931,0.50,1.60
2007.11.15 02:21:33.703,0.9928,0.9931,1.20,1.60
2007.11.15 02:21:33.957,0.9928,0.9931,1.20,1.60
2007.11.15 02:21:34.209,0.9928,0.9931,1.20,1.60
2007.11.15 02:21:34.462,0.9928,0.9931,1.20,1.60
2007.11.15 02:21:34.714,0.9928,0.9931,1.20,1.60
2007.11.15 02:21:34.966,0.9928,0.9931,1.20,1.60
2007.11.15 02:21:35.220,0.9928,0.9931,1.20,1.60
2007.11.15 02:21:35.472,0.9928,0.9931,1.20,1.60
2007.11.15 02:21:35.724,0.9928,0.9931,1.20,1.60
2007.11.15 02:21:35.853,0.9928,0.9931,1.20,1.60
2007.11.15 02:21:35.980,0.9928,0.9931,1.20,1.60
2007.11.15 02:21:36.107,0.9928,0.9931,1.20,1.60
2007.11.15 02:21:36.236,0.9928,0.9931,1.20,1.60
2007.11.15 02:21:36.363,0.9928,0.9931,1.20,1.60
2007.11.15 02:21:36.491,0.9928,0.9931,1.20,1.60
2007.11.15 02:21:36.658,0.9928,0.9931,1.20,1.60
2007.11.15 02:21:36.866,0.9928,0.9931,1.20,1.60
2007.11.15 02:21:37.073,0.9928,0.9931,1.20,1.60
2007.11.15 02:21:37.281,0.9928,0.9931,1.20,1.60
2007.11.15 02:21:37.489,0.9928,0.9931,1.20,1.60
2007.11.15 02:21:37.697,0.9928,0.9931,1.20,1.60
2007.11.15 02:21:37.845,0.9928,0.9931,1.20,1.60
2007.11.15 02:21:37.994,0.9928,0.9931,1.20,1.60
2007.11.15 02:21:38.142,0.9928,0.9931,1.20,1.60
2007.11.15 02:21:38.289,0.9928,0.9931,1.20,1.60
2007.11.15 02:21:38.436,0.9928,0.9931,1.20,1.60
2007.11.15 02:21:38.585,0.9928,0.9931,1.20,1.60
2007.11.15 02:21:38.732,0.9928,0.9931,1.20,1.60
2007.11.15 02:21:38.914,0.9928,0.9931,1.20,1.60
2007.11.15 02:21:39.098,0.9928,0.9931,1.20,1.60
2007.11.15 02:21:39.280,0.9928,0.9931,1.20,1.60
2007.11.15 02:21:39.465,0.9928,0.9931,1.20,1.60
2007.11.15 02:21:39.648,0.9928,0.9931,1.20,1.60
2007.11.15 02:21:39.831,0.9928,0.9931,1.20,1.60
2007.11.15 02:21:40.085,0.9928,0.9931,1.20,1.60
2007.11.15 02:21:40.337,0.9928,0.9931,0.50,2.00
2007.11.15 02:21:40.591,0.9928,0.9931,0.50,2.00
2007.11.15 02:21:40.848,0.9928,0.9931,0.50,2.00
2007.11.15 02:21:40.995,0.9928,0.9931,0.50,2.00
2007.11.15 02:21:41.144,0.9928,0.9931,0.50,2.00
2007.11.15 02:21:41.291,0.9928,0.9931,0.50,2.00
2007.11.15 02:21:41.438,0.9928,0.9931,0.50,2.00
2007.11.15 02:21:41.585,0.9928,0.9931,0.50,2.00
2007.11.15 02:21:41.733,0.9928,0.9931,0.50,2.00
2007.11.15 02:21:41.881,0.9928,0.9931,0.50,2.00
2007.11.15 02:21:42.068,0.9928,0.9931,0.50,2.00
2007.11.15 02:21:42.257,0.9928,0.9931,0.50,2.00
2007.11.15 02:21:42.444,0.9928,0.9931,0.50,2.00
2007.11.15 02:21:42.631,0.9928,0.9931,0.50,2.00
2007.11.15 02:21:42.820,0.9928,0.9931,0.50,2.00
2007.11.15 02:21:43.009,0.9928,0.9931,0.50,2.00
2007.11.15 02:21:43.172,0.9928,0.9931,0.50,2.00
2007.11.15 02:21:43.222,0.9927,0.9931,1.70,2.00
2007.11.15 02:21:43.334,0.9927,0.9931,1.70,2.00
2007.11.15 02:21:43.502,0.9928,0.9931,0.50,2.00
2007.11.15 02:21:43.665,0.9928,0.9931,0.50,2.00
2007.11.15 02:21:43.828,0.9928,0.9931,0.50,2.00
2007.11.15 02:21:43.997,0.9928,0.9931,0.50,2.00
2007.11.15 02:21:44.250,0.9927,0.9931,1.70,2.00
2007.11.15 02:21:44.502,0.9928,0.9931,0.50,2.00
2007.11.15 02:21:44.760,0.9927,0.9931,1.70,2.00
2007.11.15 02:21:45.007,0.9927,0.9931,1.70,2.00
2007.11.15 02:21:45.145,0.9927,0.9931,1.70,2.00
2007.11.15 02:21:45.283,0.9927,0.9931,1.70,2.00
2007.11.15 02:21:45.420,0.9927,0.9931,1.70,2.00
2007.11.15 02:21:45.558,0.9928,0.9931,0.50,2.00
2007.11.15 02:21:45.695,0.9927,0.9931,1.70,2.00
2007.11.15 02:21:45.833,0.9927,0.9931,1.70,2.00
2007.11.15 02:21:45.971,0.9927,0.9931,1.70,2.00
2007.11.15 02:21:46.109,0.9928,0.9931,0.50,2.00
2007.11.15 02:21:46.287,0.9928,0.9931,0.50,2.00
2007.11.15 02:21:46.464,0.9928,0.9931,0.50,2.00
2007.11.15 02:21:46.642,0.9927,0.9931,1.70,2.00
2007.11.15 02:21:46.820,0.9928,0.9931,0.50,2.00
2007.11.15 02:21:46.997,0.9928,0.9931,0.50,2.00
2007.11.15 02:21:47.176,0.9928,0.9931,0.50,2.00
2007.11.15 02:21:47.323,0.9927,0.9931,1.70,2.00
2007.11.15 02:21:47.470,0.9928,0.9931,0.50,2.00
2007.11.15 02:21:47.618,0.9927,0.9931,1.70,2.00
2007.11.15 02:21:47.766,0.9928,0.9931,0.50,2.00
2007.11.15 02:21:47.913,0.9927,0.9931,1.70,2.00
2007.11.15 02:21:48.061,0.9928,0.9931,0.50,2.00
2007.11.15 02:21:48.209,0.9928,0.9931,0.50,2.00
2007.11.15 02:21:48.376,0.9928,0.9931,0.50,2.00
2007.11.15 02:21:48.544,0.9928,0.9931,0.50,2.00
2007.11.15 02:21:48.713,0.9927,0.9931,1.70,2.00
2007.11.15 02:21:48.979,0.9928,0.9931,0.50,2.00
2007.11.15 02:21:49.148,0.9927,0.9931,1.70,2.00
2007.11.15 02:21:49.316,0.9928,0.9931,0.50,2.00
2007.11.15 02:21:49.549,0.9927,0.9931,1.70,2.00
2007.11.15 02:21:49.778,0.9927,0.9931,1.70,2.00
2007.11.15 02:21:50.006,0.9927,0.9931,1.70,2.00
2007.11.15 02:21:50.234,0.9927,0.9931,1.70,2.00
2007.11.15 02:21:50.462,0.9927,0.9931,1.70,2.00
2007.11.15 02:21:50.619,0.9927,0.9931,1.70,2.00
2007.11.15 02:21:50.777,0.9927,0.9931,1.70,2.00
2007.11.15 02:21:50.940,0.9928,0.9931,0.50,2.00
2007.11.15 02:21:51.097,0.9928,0.9931,0.50,2.00
2007.11.15 02:21:51.254,0.9927,0.9931,1.70,2.00
2007.11.15 02:21:51.412,0.9928,0.9931,0.50,2.00
2007.11.15 02:21:51.645,0.9927,0.9931,1.70,2.00
2007.11.15 02:21:51.878,0.9927,0.9931,1.70,2.00
2007.11.15 02:21:52.112,0.9928,0.9931,0.50,2.00
2007.11.15 02:21:52.344,0.9927,0.9931,1.70,2.00
2007.11.15 02:21:52.528,0.9928,0.9931,0.50,2.00
2007.11.15 02:21:52.710,0.9928,0.9931,0.50,2.00
2007.11.15 02:21:52.892,0.9927,0.9931,1.70,2.00
2007.11.15 02:21:53.075,0.9927,0.9931,1.70,2.00
2007.11.15 02:21:53.258,0.9928,0.9931,0.50,2.00
2007.11.15 02:21:53.446,0.9927,0.9931,1.70,2.00
2007.11.15 02:21:53.598,0.9927,0.9931,1.70,2.00
2007.11.15 02:21:53.751,0.9927,0.9931,1.70,2.00
2007.11.15 02:21:53.903,0.9928,0.9931,0.50,2.00
2007.11.15 02:21:54.056,0.9928,0.9931,0.50,2.00
2007.11.15 02:21:54.209,0.9927,0.9931,1.70,2.00
2007.11.15 02:21:54.362,0.9927,0.9931,1.70,2.00
2007.11.15 02:21:54.515,0.9927,0.9931,1.70,2.00
2007.11.15 02:21:54.767,0.9928,0.9931,0.50,2.00
2007.11.15 02:21:55.139,0.9927,0.9931,1.70,2.00
2007.11.15 02:21:55.392,0.9927,0.9931,1.00,2.00
2007.11.15 02:21:55.644,0.9927,0.9931,2.20,2.00
2007.11.15 02:21:55.788,0.9926,0.9931,20.80,2.00
2007.11.15 02:21:55.931,0.9927,0.9931,1.10,2.00
2007.11.15 02:21:56.074,0.9927,0.9931,2.10,2.00
2007.11.15 02:21:56.217,0.9926,0.9931,20.80,2.00
2007.11.15 02:21:56.360,0.9927,0.9931,0.90,2.00
2007.11.15 02:21:56.503,0.9927,0.993,2.20,1.60
2007.11.15 02:21:56.811,0.9926,0.993,8.00,1.60
2007.11.15 02:21:57.119,0.9927,0.993,0.60,1.60
2007.11.15 02:21:57.428,0.9926,0.993,8.00,1.60
2007.11.15 02:21:57.735,0.9928,0.993,0.50,1.60
2007.11.15 02:21:57.908,0.9927,0.993,4.10,1.60
2007.11.15 02:21:58.081,0.9928,0.993,0.50,1.60
2007.11.15 02:21:58.253,0.9927,0.993,4.10,1.60
2007.11.15 02:21:58.426,0.9927,0.993,4.10,1.60
2007.11.15 02:21:58.599,0.9927,0.993,4.10,1.60
2007.11.15 02:21:58.817,0.9927,0.993,4.10,1.60
2007.11.15 02:21:59.034,0.9928,0.993,0.50,1.60
2007.11.15 02:21:59.252,0.9928,0.993,0.50,1.60
2007.11.15 02:21:59.469,0.9928,0.993,0.50,1.60
2007.11.15 02:21:59.687,0.9927,0.993,4.10,1.60
2007.11.15 02:21:59.919,0.9927,0.993,4.10,1.60
2007.11.15 02:22:00.152,0.9927,0.993,4.10,1.60
2007.11.15 02:22:00.384,0.9927,0.993,4.10,1.60
2007.11.15 02:22:00.617,0.9927,0.993,4.10,1.60
2007.11.15 02:22:00.730,0.9927,0.993,4.10,1.60
2007.11.15 02:22:00.843,0.9927,0.993,4.10,1.60
2007.11.15 02:22:00.956,0.9928,0.993,0.50,1.60
2007.11.15 02:22:01.069,0.9928,0.993,0.50,1.60
2007.11.15 02:22:01.307,0.9927,0.9931,0.70,0.50
2007.11.15 02:22:01.421,0.9927,0.9931,2.00,2.00
2007.11.15 02:22:01.534,0.9926,0.9931,11.20,2.00
2007.11.15 02:22:01.646,0.9927,0.9931,2.00,2.00
2007.11.15 02:22:01.859,0.9927,0.9931,0.60,2.00
2007.11.15 02:22:02.072,0.9927,0.9931,0.70,2.00
2007.11.15 02:22:02.284,0.9927,0.9931,1.40,2.00
2007.11.15 02:22:02.505,0.9926,0.9931,11.20,2.00
2007.11.15 02:22:02.718,0.9926,0.9931,7.60,0.50
2007.11.15 02:22:02.871,0.9928,0.993,0.50,1.60
2007.11.15 02:22:03.029,0.9927,0.993,1.70,1.60
2007.11.15 02:22:03.182,0.9928,0.993,0.50,1.60
2007.11.15 02:22:03.335,0.9928,0.993,0.50,1.60
2007.11.15 02:22:03.488,0.9927,0.993,1.70,1.60
2007.11.15 02:22:03.640,0.9927,0.9931,1.70,3.60
2007.11.15 02:22:03.908,0.9928,0.9931,0.50,3.60
2007.11.15 02:22:04.177,0.9927,0.9931,1.70,3.60
2007.11.15 02:22:04.444,0.9927,0.9931,1.70,3.60
2007.11.15 02:22:04.713,0.9928,0.9931,0.50,3.60
2007.11.15 02:22:04.960,0.9928,0.9931,0.50,3.60
2007.11.15 02:22:05.208,0.9928,0.9931,0.50,3.60
2007.11.15 02:22:05.456,0.9928,0.9931,0.50,3.60
2007.11.15 02:22:05.704,0.9928,0.9931,0.50,3.60
2007.11.15 02:22:05.847,0.9927,0.9931,1.70,3.60
2007.11.15 02:22:05.989,0.9927,0.9931,1.70,3.60
2007.11.15 02:22:06.131,0.9928,0.9931,0.50,3.60
2007.11.15 02:22:06.274,0.9927,0.9931,1.70,3.60
2007.11.15 02:22:06.417,0.9928,0.9931,0.50,3.60
2007.11.15 02:22:06.560,0.9928,0.9931,0.50,3.60
2007.11.15 02:22:06.703,0.9928,0.9931,0.50,3.60
2007.11.15 02:22:06.877,0.9928,0.9931,0.50,3.60
2007.11.15 02:22:07.050,0.9927,0.9931,1.70,3.60
2007.11.15 02:22:07.223,0.9927,0.9931,1.70,3.60
2007.11.15 02:22:07.469,0.9928,0.9931,0.50,2.00
2007.11.15 02:22:07.642,0.9927,0.9931,1.70,2.00
2007.11.15 02:22:07.814,0.9928,0.9931,0.50,2.00
2007.11.15 02:22:08.018,0.9927,0.9931,1.70,2.00
2007.11.15 02:22:08.221,0.9927,0.9931,1.70,2.00
2007.11.15 02:22:08.423,0.9927,0.9931,1.70,2.00
2007.11.15 02:22:08.625,0.9928,0.9931,0.50,2.00
2007.11.15 02:22:08.831,0.9927,0.9931,1.70,2.00
2007.11.15 02:22:08.974,0.9928,0.9931,0.50,2.00
2007.11.15 02:22:09.119,0.9927,0.9931,1.70,2.00
2007.11.15 02:22:09.268,0.9928,0.9931,0.50,2.00
2007.11.15 02:22:09.411,0.9927,0.9931,1.70,2.00
2007.11.15 02:22:09.554,0.9928,0.9931,0.50,2.00
2007.11.15 02:22:09.697,0.9927,0.9931,1.70,2.00
2007.11.15 02:22:09.839,0.9927,0.9931,1.70,2.00
2007.11.15 02:22:10.132,0.9928,0.9931,0.50,2.00
2007.11.15 02:22:10.425,0.9927,0.9931,1.00,2.00
2007.11.15 02:22:10.717,0.9927,0.9931,1.00,4.40
2007.11.15 02:22:11.010,0.9927,0.9931,1.00,6.00
2007.11.15 02:22:11.138,0.9927,0.9931,1.00,6.00
2007.11.15 02:22:11.265,0.9928,0.9931,0.50,6.00
2007.11.15 02:22:11.393,0.9928,0.9931,0.50,6.00
2007.11.15 02:22:11.521,0.9928,0.9931,0.50,6.00
2007.11.15 02:22:11.648,0.9928,0.9931,0.50,6.00
2007.11.15 02:22:11.777,0.9928,0.993,0.50,2.00
2007.11.15 02:22:11.903,0.9928,0.993,0.50,2.00
2007.11.15 02:22:12.126,0.9927,0.993,3.30,2.00
2007.11.15 02:22:12.349,0.9927,0.993,3.30,2.00
2007.11.15 02:22:12.572,0.9928,0.993,0.50,2.00
2007.11.15 02:22:12.795,0.9928,0.993,0.50,2.00
2007.11.15 02:22:13.016,0.9928,0.993,0.50,2.00
2007.11.15 02:22:13.259,0.9928,0.993,0.50,2.00
2007.11.15 02:22:13.627,0.9928,0.993,0.50,2.00
2007.11.15 02:22:13.870,0.9928,0.993,0.50,2.00
2007.11.15 02:22:14.112,0.9928,0.993,0.50,2.00
2007.11.15 02:22:14.277,0.9928,0.993,0.50,2.00
2007.11.15 02:22:14.439,0.9928,0.993,0.50,2.00
2007.11.15 02:22:14.602,0.9928,0.993,0.50,2.00
2007.11.15 02:22:14.764,0.9928,0.993,0.50,2.00
2007.11.15 02:22:14.933,0.9928,0.993,0.50,2.00
2007.11.15 02:22:15.096,0.9928,0.993,0.50,2.00
2007.11.15 02:22:15.259,0.9928,0.993,0.50,2.00
2007.11.15 02:22:15.593,0.9928,0.993,0.50,2.00
2007.11.15 02:22:15.925,0.9928,0.993,0.50,2.00
2007.11.15 02:22:16.258,0.9928,0.993,0.50,2.00
2007.11.15 02:22:16.360,0.9928,0.993,0.50,2.00
2007.11.15 02:22:16.463,0.9928,0.993,0.50,2.00
2007.11.15 02:22:16.566,0.9928,0.993,0.50,2.00
2007.11.15 02:22:16.670,0.9928,0.993,0.50,2.00
2007.11.15 02:22:16.772,0.9928,0.993,0.50,2.00
2007.11.15 02:22:16.874,0.9928,0.993,0.50,2.00
2007.11.15 02:22:16.979,0.9928,0.993,0.50,2.00
2007.11.15 02:22:17.082,0.9928,0.993,0.50,2.00
2007.11.15 02:22:17.185,0.9928,0.993,0.50,2.00
2007.11.15 02:22:17.287,0.9928,0.993,0.50,2.00
2007.11.15 02:22:17.536,0.9928,0.993,0.50,2.00
2007.11.15 02:22:17.788,0.9928,0.993,0.50,2.00
2007.11.15 02:22:18.035,0.9928,0.993,0.50,2.00
2007.11.15 02:22:18.282,0.9928,0.993,0.50,2.00
2007.11.15 02:22:18.400,0.9928,0.993,0.50,2.00
2007.11.15 02:22:18.518,0.9928,0.993,0.50,2.00
2007.11.15 02:22:18.636,0.9928,0.993,0.50,2.00
2007.11.15 02:22:18.754,0.9928,0.993,0.50,2.00
2007.11.15 02:22:18.872,0.9928,0.993,0.50,2.00
2007.11.15 02:22:18.991,0.9928,0.993,0.50,2.00
2007.11.15 02:22:19.109,0.9928,0.993,0.50,2.00
2007.11.15 02:22:19.227,0.9928,0.993,0.50,2.00
2007.11.15 02:22:19.352,0.9928,0.993,0.50,2.00
2007.11.15 02:22:19.789,0.9928,0.993,0.50,2.00
2007.11.15 02:22:20.123,0.9928,0.993,0.50,2.00
2007.11.15 02:22:20.461,0.9928,0.993,0.50,2.00
2007.11.15 02:22:20.589,0.9928,0.993,0.50,2.00
2007.11.15 02:22:20.717,0.9928,0.993,0.50,2.00
2007.11.15 02:22:20.844,0.9928,0.993,0.50,2.00
2007.11.15 02:22:20.977,0.9928,0.993,0.50,2.00
2007.11.15 02:22:21.104,0.9928,0.993,0.50,2.00
2007.11.15 02:22:21.232,0.9928,0.993,0.50,2.00
2007.11.15 02:22:21.360,0.9928,0.993,0.50,2.00
2007.11.15 02:22:21.489,0.9928,0.993,0.50,2.00
2007.11.15 02:22:21.721,0.9928,0.993,0.50,2.00
2007.11.15 02:22:21.954,0.9928,0.993,0.50,2.00
2007.11.15 02:22:22.187,0.9928,0.993,0.50,2.00
2007.11.15 02:22:22.420,0.9928,0.993,0.50,2.00
2007.11.15 02:22:22.652,0.9928,0.993,0.50,2.00
2007.11.15 02:22:22.810,0.9928,0.993,0.50,2.00
2007.11.15 02:22:22.968,0.9928,0.993,0.50,2.00
2007.11.15 02:22:23.125,0.9928,0.993,0.50,2.00
2007.11.15 02:22:23.283,0.9928,0.993,0.50,2.00
2007.11.15 02:22:23.441,0.9928,0.993,0.50,2.00
2007.11.15 02:22:23.598,0.9928,0.993,0.50,2.00
2007.11.15 02:22:23.773,0.9928,0.993,0.50,2.00
2007.11.15 02:22:23.945,0.9928,0.993,0.50,2.00
2007.11.15 02:22:24.118,0.9928,0.993,0.50,2.00
2007.11.15 02:22:24.290,0.9928,0.993,0.50,2.00
2007.11.15 02:22:24.463,0.9928,0.993,0.50,2.00
2007.11.15 02:22:24.635,0.9928,0.993,0.50,2.00
2007.11.15 02:22:24.923,0.9928,0.993,0.50,2.00
2007.11.15 02:22:25.210,0.9928,0.993,0.50,2.00
2007.11.15 02:22:25.498,0.9928,0.993,0.50,2.00
2007.11.15 02:22:25.785,0.9928,0.993,0.50,2.00
2007.11.15 02:22:25.949,0.9928,0.993,0.50,2.00
2007.11.15 02:22:26.065,0.9928,0.993,0.50,2.00
2007.11.15 02:22:26.184,0.9928,0.993,0.50,2.00
2007.11.15 02:22:26.302,0.9928,0.993,0.50,2.00
2007.11.15 02:22:26.426,0.9928,0.993,0.50,2.00
2007.11.15 02:22:26.538,0.9928,0.993,0.50,2.00
2007.11.15 02:22:26.657,0.9928,0.993,0.50,2.00
2007.11.15 02:22:26.859,0.9928,0.993,0.50,2.00
2007.11.15 02:22:27.063,0.9928,0.993,0.50,2.00
2007.11.15 02:22:27.266,0.9928,0.993,0.50,2.00
2007.11.15 02:22:27.470,0.9928,0.993,0.50,2.00
2007.11.15 02:22:27.673,0.9928,0.993,0.50,2.00
2007.11.15 02:22:27.856,0.9928,0.993,0.50,2.00
2007.11.15 02:22:28.038,0.9928,0.993,0.50,2.00
2007.11.15 02:22:28.222,0.9928,0.993,0.50,2.00
2007.11.15 02:22:28.404,0.9928,0.993,0.50,2.00
2007.11.15 02:22:28.587,0.9928,0.993,0.50,2.00
2007.11.15 02:22:28.769,0.9928,0.993,0.50,2.00
2007.11.15 02:22:28.993,0.9928,0.993,0.50,2.00
2007.11.15 02:22:29.219,0.9928,0.993,0.50,2.00
2007.11.15 02:22:29.440,0.9928,0.993,0.50,2.00
2007.11.15 02:22:29.664,0.9928,0.993,0.50,2.00
2007.11.15 02:22:29.886,0.9928,0.993,0.50,2.00
2007.11.15 02:22:30.130,0.9928,0.993,0.50,2.00
2007.11.15 02:22:30.373,0.9928,0.993,0.50,2.00
2007.11.15 02:22:30.616,0.9928,0.993,0.50,2.00
2007.11.15 02:22:30.859,0.9928,0.993,0.50,2.00
2007.11.15 02:22:30.972,0.9928,0.993,0.50,2.00
2007.11.15 02:22:31.087,0.9928,0.993,0.50,2.00
2007.11.15 02:22:31.201,0.9928,0.993,0.50,2.00
2007.11.15 02:22:31.313,0.9928,0.993,0.50,2.00
2007.11.15 02:22:31.426,0.9928,0.993,0.50,2.00
2007.11.15 02:22:31.539,0.9928,0.993,0.50,2.00
2007.11.15 02:22:31.657,0.9928,0.993,0.50,2.00
2007.11.15 02:22:31.770,0.9928,0.993,0.50,2.00
2007.11.15 02:22:31.883,0.9928,0.993,0.50,2.00
2007.11.15 02:22:32.111,0.9928,0.993,0.50,2.00
2007.11.15 02:22:32.339,0.9928,0.993,0.50,2.00
2007.11.15 02:22:32.566,0.9928,0.993,0.50,0.50
2007.11.15 02:22:32.795,0.9928,0.993,0.50,0.50
2007.11.15 02:22:33.024,0.9928,0.993,0.50,0.50
2007.11.15 02:22:33.202,0.9928,0.993,0.50,0.50
2007.11.15 02:22:33.382,0.9928,0.993,0.50,0.50
2007.11.15 02:22:33.559,0.9928,0.993,0.50,0.50
2007.11.15 02:22:33.662,0.9927,0.993,4.10,0.50
2007.11.15 02:22:33.736,0.9928,0.993,0.50,0.50
2007.11.15 02:22:33.914,0.9928,0.993,0.50,0.50
2007.11.15 02:22:34.092,0.9927,0.993,4.10,0.50
2007.11.15 02:22:34.279,0.9928,0.993,0.50,0.50
2007.11.15 02:22:34.468,0.9928,0.993,0.50,0.50
2007.11.15 02:22:34.655,0.9928,0.993,0.50,0.50
2007.11.15 02:22:34.842,0.9928,0.993,0.50,0.50
2007.11.15 02:22:35.030,0.9928,0.993,0.50,0.50
2007.11.15 02:22:35.218,0.9928,0.993,0.50,0.50
2007.11.15 02:22:35.515,0.9928,0.993,0.50,0.50
2007.11.15 02:22:35.814,0.9928,0.993,0.50,0.50
2007.11.15 02:22:36.111,0.9928,0.993,0.50,0.50
2007.11.15 02:22:36.408,0.9928,0.993,0.50,0.50
2007.11.15 02:22:36.546,0.9928,0.993,0.50,0.50
2007.11.15 02:22:36.685,0.9928,0.993,0.50,0.50
2007.11.15 02:22:36.822,0.9928,0.993,0.50,0.50
2007.11.15 02:22:36.959,0.9928,0.993,0.50,0.50
2007.11.15 02:22:37.096,0.9928,0.993,0.50,0.50
2007.11.15 02:22:37.235,0.9928,0.993,0.50,0.50
2007.11.15 02:22:37.372,0.9928,0.993,0.50,0.50
2007.11.15 02:22:37.510,0.9928,0.993,0.50,0.50
2007.11.15 02:22:37.759,0.9928,0.993,0.50,0.50
2007.11.15 02:22:38.006,0.9928,0.993,0.50,0.50
2007.11.15 02:22:38.271,0.9928,0.993,0.50,0.50
2007.11.15 02:22:38.520,0.9928,0.993,0.50,0.50
2007.11.15 02:22:38.628,0.9928,0.993,0.50,0.50
2007.11.15 02:22:38.735,0.9928,0.993,0.50,0.50
2007.11.15 02:22:38.843,0.9928,0.993,0.50,0.50
2007.11.15 02:22:38.952,0.9928,0.993,0.50,0.50
2007.11.15 02:22:39.059,0.9928,0.993,0.50,0.50
2007.11.15 02:22:39.166,0.9928,0.993,0.50,0.50
2007.11.15 02:22:39.291,0.9928,0.993,0.50,0.50
2007.11.15 02:22:39.388,0.9928,0.993,0.50,0.50
2007.11.15 02:22:39.496,0.9928,0.993,0.50,0.50
2007.11.15 02:22:39.604,0.9928,0.993,0.50,0.50
2007.11.15 02:22:39.936,0.9928,0.993,0.50,0.50
2007.11.15 02:22:40.268,0.9928,0.993,0.50,0.50
2007.11.15 02:22:40.601,0.9928,0.993,0.50,0.50
2007.11.15 02:22:40.730,0.9928,0.993,0.50,0.50
2007.11.15 02:22:40.845,0.9928,0.993,0.50,0.50
2007.11.15 02:22:40.969,0.9928,0.993,0.50,0.50
2007.11.15 02:22:41.092,0.9928,0.993,0.50,0.50
2007.11.15 02:22:41.219,0.9928,0.993,0.50,0.50
2007.11.15 02:22:41.337,0.9928,0.993,0.50,0.50
2007.11.15 02:22:41.459,0.9928,0.993,0.50,0.50
2007.11.15 02:22:41.582,0.9928,0.993,0.50,0.50
2007.11.15 02:22:41.705,0.9928,0.993,0.50,0.50
2007.11.15 02:22:41.953,0.9928,0.993,0.50,0.50
2007.11.15 02:22:42.200,0.9928,0.993,0.50,0.50
2007.11.15 02:22:42.448,0.9928,0.993,0.50,0.50
2007.11.15 02:22:42.695,0.9928,0.993,0.50,0.50
2007.11.15 02:22:42.848,0.9928,0.993,0.50,0.50
2007.11.15 02:22:43.001,0.9928,0.993,0.50,0.50
2007.11.15 02:22:43.153,0.9928,0.993,0.50,0.50
2007.11.15 02:22:43.306,0.9928,0.993,0.50,0.50
2007.11.15 02:22:43.459,0.9928,0.993,0.50,0.50
2007.11.15 02:22:43.611,0.9928,0.993,0.50,0.50
2007.11.15 02:22:43.823,0.9928,0.993,0.50,0.50
2007.11.15 02:22:44.037,0.9928,0.993,0.50,0.50
2007.11.15 02:22:44.249,0.9928,0.993,0.50,0.50
2007.11.15 02:22:44.462,0.9928,0.993,0.50,0.50
2007.11.15 02:22:44.675,0.9928,0.993,0.50,0.50
2007.11.15 02:22:44.902,0.9928,0.993,0.50,0.50
2007.11.15 02:22:45.129,0.9928,0.993,0.50,0.50
2007.11.15 02:22:45.362,0.9928,0.993,0.50,0.50
2007.11.15 02:22:45.591,0.9928,0.993,0.50,0.50
2007.11.15 02:22:45.818,0.9928,0.993,0.50,0.50
2007.11.15 02:22:46.036,0.9928,0.993,0.50,0.50
2007.11.15 02:22:46.253,0.9928,0.993,0.50,0.50
2007.11.15 02:22:46.470,0.9928,0.993,0.50,0.50
2007.11.15 02:22:46.688,0.9928,0.993,0.50,0.50
2007.11.15 02:22:46.906,0.9928,0.993,0.50,0.50
2007.11.15 02:22:47.068,0.9928,0.993,0.50,0.50
2007.11.15 02:22:47.231,0.9928,0.993,0.50,0.50
2007.11.15 02:22:47.393,0.9928,0.993,0.50,0.50
2007.11.15 02:22:47.555,0.9928,0.993,0.50,0.50
2007.11.15 02:22:47.718,0.9928,0.993,0.50,0.50
2007.11.15 02:22:47.880,0.9928,0.993,0.50,0.50
2007.11.15 02:22:48.043,0.9928,0.993,0.50,0.50
2007.11.15 02:22:48.206,0.9928,0.993,0.50,0.50
2007.11.15 02:22:48.368,0.9928,0.993,0.50,0.50
2007.11.15 02:22:48.531,0.9928,0.993,0.50,0.50
2007.11.15 02:22:48.693,0.9928,0.993,0.50,0.50
2007.11.15 02:22:48.856,0.9928,0.993,0.50,0.50
2007.11.15 02:22:49.019,0.9928,0.993,0.50,0.50
2007.11.15 02:22:49.181,0.9928,0.993,0.50,0.50
2007.11.15 02:22:49.344,0.9928,0.993,0.50,0.50
2007.11.15 02:22:49.506,0.9928,0.993,0.50,0.50
2007.11.15 02:22:49.669,0.9928,0.993,0.50,0.50
2007.11.15 02:22:49.831,0.9928,0.993,0.50,0.50
2007.11.15 02:22:49.994,0.9928,0.993,0.50,0.50
2007.11.15 02:22:50.157,0.9928,0.993,0.50,0.50
2007.11.15 02:22:50.414,0.9928,0.993,0.50,0.50
2007.11.15 02:22:50.671,0.9928,0.993,0.50,0.50
2007.11.15 02:22:50.929,0.9928,0.993,0.50,0.50
2007.11.15 02:22:51.186,0.9928,0.993,0.50,0.50
2007.11.15 02:22:51.349,0.9928,0.993,0.50,0.50
2007.11.15 02:22:51.506,0.9928,0.993,0.50,0.50
2007.11.15 02:22:51.664,0.9928,0.993,0.50,0.50
2007.11.15 02:22:51.822,0.9928,0.993,0.50,0.50
2007.11.15 02:22:51.980,0.9928,0.993,0.50,0.50
2007.11.15 02:22:52.137,0.9928,0.993,0.50,0.50
2007.11.15 02:22:52.300,0.9928,0.993,0.50,0.50
2007.11.15 02:22:52.463,0.9928,0.993,0.50,0.50
2007.11.15 02:22:52.626,0.9928,0.993,0.50,0.50
2007.11.15 02:22:52.789,0.9928,0.993,0.50,0.50
2007.11.15 02:22:52.953,0.9928,0.993,0.50,0.50
2007.11.15 02:22:53.115,0.9928,0.993,0.50,0.50
2007.11.15 02:22:53.277,0.9928,0.993,0.50,0.50
2007.11.15 02:22:53.450,0.9928,0.993,0.50,0.50
2007.11.15 02:22:53.622,0.9928,0.993,0.50,0.50
2007.11.15 02:22:53.795,0.9928,0.993,0.50,0.50
2007.11.15 02:22:53.967,0.9928,0.993,0.50,0.50
2007.11.15 02:22:54.139,0.9928,0.993,0.50,0.50
2007.11.15 02:22:54.318,0.9928,0.993,0.50,0.50
2007.11.15 02:22:54.484,0.9928,0.993,0.50,0.50
2007.11.15 02:22:54.656,0.9928,0.993,0.50,0.50
2007.11.15 02:22:54.833,0.9928,0.993,0.50,0.50
2007.11.15 02:22:55.005,0.9928,0.993,0.50,0.50
2007.11.15 02:22:55.178,0.9928,0.993,0.50,0.50
2007.11.15 02:22:55.351,0.9928,0.993,0.50,0.50
2007.11.15 02:22:55.619,0.9928,0.993,0.50,0.50
2007.11.15 02:22:55.888,0.9928,0.993,0.50,0.50
2007.11.15 02:22:56.155,0.9928,0.993,0.50,0.50
2007.11.15 02:22:56.423,0.9927,0.993,0.50,0.50
2007.11.15 02:22:56.552,0.9927,0.993,0.50,0.50
2007.11.15 02:22:56.758,0.9927,0.993,0.50,0.50
2007.11.15 02:22:56.887,0.9927,0.993,0.50,0.50
2007.11.15 02:22:57.016,0.9927,0.993,0.50,0.50
2007.11.15 02:22:57.144,0.9927,0.993,0.50,0.50
2007.11.15 02:22:57.278,0.9927,0.993,0.50,0.50
2007.11.15 02:22:57.405,0.9927,0.993,0.50,0.50
2007.11.15 02:22:57.623,0.9927,0.993,0.50,0.50
2007.11.15 02:22:57.842,0.9927,0.993,0.50,2.00
2007.11.15 02:22:58.060,0.9927,0.993,0.50,3.60
2007.11.15 02:22:58.278,0.9927,0.993,0.50,3.60
2007.11.15 02:22:58.496,0.9927,0.993,0.50,3.60
2007.11.15 02:22:58.643,0.9927,0.993,0.50,3.60
2007.11.15 02:22:58.792,0.9927,0.993,0.50,3.60
2007.11.15 02:22:58.939,0.9927,0.993,0.50,3.60
2007.11.15 02:22:59.087,0.9927,0.993,0.50,3.60
2007.11.15 02:22:59.236,0.9927,0.993,0.50,3.60
2007.11.15 02:22:59.385,0.9927,0.993,0.50,3.60
2007.11.15 02:22:59.536,0.9927,0.993,0.50,3.60
2007.11.15 02:22:59.708,0.9927,0.993,0.50,3.60
2007.11.15 02:22:59.881,0.9927,0.993,0.50,3.60
2007.11.15 02:23:00.062,0.9927,0.993,0.50,3.60
2007.11.15 02:23:00.227,0.9928,0.993,0.50,3.60
2007.11.15 02:23:00.402,0.9928,0.993,0.50,2.00
2007.11.15 02:23:00.575,0.9928,0.993,0.50,2.00
2007.11.15 02:23:00.872,0.9928,0.993,0.50,2.00
2007.11.15 02:23:01.170,0.9928,0.993,0.50,2.00
2007.11.15 02:23:01.468,0.9928,0.993,0.50,2.00
2007.11.15 02:23:01.767,0.9927,0.993,0.50,2.00
2007.11.15 02:23:01.900,0.9927,0.993,0.50,2.00
2007.11.15 02:23:02.033,0.9927,0.993,0.50,2.00
2007.11.15 02:23:02.167,0.9927,0.993,0.50,2.00
2007.11.15 02:23:02.299,0.9927,0.993,0.50,2.00
2007.11.15 02:23:02.432,0.9927,0.993,0.50,2.00
2007.11.15 02:23:02.565,0.9927,0.993,0.50,2.00
2007.11.15 02:23:02.698,0.9927,0.993,0.50,2.00
2007.11.15 02:23:02.927,0.9927,0.993,0.50,2.00
2007.11.15 02:23:03.154,0.9927,0.993,0.50,2.00
2007.11.15 02:23:03.381,0.9927,0.993,0.50,2.00
2007.11.15 02:23:03.609,0.9927,0.993,0.50,2.00
2007.11.15 02:23:03.837,0.9927,0.993,0.50,2.00
2007.11.15 02:23:03.980,0.9927,0.993,0.50,2.00
2007.11.15 02:23:04.123,0.9927,0.993,0.50,2.00
2007.11.15 02:23:04.265,0.9927,0.993,0.50,2.00
2007.11.15 02:23:04.408,0.9927,0.993,0.50,2.00
2007.11.15 02:23:04.552,0.9927,0.993,0.50,2.00
2007.11.15 02:23:04.695,0.9927,0.993,0.50,2.00
2007.11.15 02:23:04.968,0.9927,0.993,0.50,3.60
2007.11.15 02:23:05.243,0.9927,0.993,0.50,3.60
2007.11.15 02:23:05.516,0.9927,0.993,0.50,2.00
2007.11.15 02:23:05.789,0.9927,0.993,0.50,2.00
2007.11.15 02:23:05.922,0.9927,0.993,0.50,2.00
2007.11.15 02:23:06.055,0.9927,0.993,0.50,2.00
2007.11.15 02:23:06.190,0.9927,0.993,0.50,2.00
2007.11.15 02:23:06.321,0.9927,0.993,0.50,2.00
2007.11.15 02:23:06.453,0.9927,0.993,0.50,2.00
2007.11.15 02:23:06.586,0.9927,0.993,0.50,2.00
2007.11.15 02:23:06.719,0.9927,0.993,0.50,2.00
2007.11.15 02:23:06.852,0.9927,0.993,0.50,2.00
2007.11.15 02:23:07.065,0.9927,0.993,0.50,2.00
2007.11.15 02:23:07.278,0.9927,0.993,0.50,2.00
2007.11.15 02:23:07.491,0.9927,0.993,0.50,2.00
2007.11.15 02:23:07.703,0.9927,0.993,0.50,2.00
2007.11.15 02:23:07.916,0.9927,0.993,0.50,2.00
2007.11.15 02:23:08.044,0.9927,0.993,0.50,2.00
2007.11.15 02:23:08.173,0.9927,0.993,1.20,2.00
2007.11.15 02:23:08.302,0.9928,0.993,0.50,2.00
2007.11.15 02:23:08.430,0.9928,0.993,0.50,2.00
2007.11.15 02:23:08.557,0.9928,0.993,0.50,2.00
2007.11.15 02:23:08.685,0.9928,0.993,0.50,2.00
2007.11.15 02:23:08.813,0.9928,0.993,0.50,2.00
2007.11.15 02:23:09.073,0.9928,0.993,0.50,0.60
2007.11.15 02:23:09.078,0.9928,0.9931,0.50,8.00
2007.11.15 02:23:09.351,0.9928,0.993,0.50,0.90
2007.11.15 02:23:09.629,0.9928,0.9931,0.50,8.00
2007.11.15 02:23:09.904,0.9927,0.993,0.50,0.60
2007.11.15 02:23:10.176,0.9927,0.99305,0.50,2.80
2007.11.15 02:23:10.419,0.9927,0.99305,0.50,2.80
2007.11.15 02:23:10.662,0.9927,0.993,0.50,0.80
2007.11.15 02:23:10.910,0.9927,0.993,0.50,0.80
2007.11.15 02:23:11.153,0.9927,0.993,0.50,0.70
2007.11.15 02:23:11.297,0.9927,0.99305,0.50,2.80
2007.11.15 02:23:11.440,0.9927,0.993,0.50,0.50
2007.11.15 02:23:11.583,0.9927,0.99305,0.50,2.80
2007.11.15 02:23:11.725,0.9927,0.99305,0.50,2.80
2007.11.15 02:23:11.868,0.9927,0.99305,0.50,2.80
2007.11.15 02:23:12.011,0.9927,0.993,0.50,0.90
2007.11.15 02:23:12.153,0.9927,0.993,0.50,0.80
2007.11.15 02:23:12.336,0.9927,0.99305,0.50,2.80
2007.11.15 02:23:12.518,0.9927,0.99305,0.50,2.80
2007.11.15 02:23:12.701,0.9927,0.99305,0.50,2.80
2007.11.15 02:23:12.884,0.9927,0.99305,0.50,2.80
2007.11.15 02:23:13.067,0.9927,0.99305,0.50,2.80
2007.11.15 02:23:13.250,0.9927,0.993,0.50,0.60
2007.11.15 02:23:13.408,0.9927,0.99305,0.50,2.80
2007.11.15 02:23:13.566,0.9927,0.993,0.50,0.60
2007.11.15 02:23:13.724,0.9927,0.993,0.50,0.90
2007.11.15 02:23:13.881,0.9927,0.99305,0.50,2.80
2007.11.15 02:23:14.038,0.9927,0.99305,0.50,2.80
2007.11.15 02:23:14.196,0.9927,0.99305,0.50,2.80
2007.11.15 02:23:14.379,0.9927,0.99305,0.50,2.80
2007.11.15 02:23:14.562,0.9927,0.99305,0.50,2.80
2007.11.15 02:23:14.744,0.9927,0.99305,0.50,2.80
2007.11.15 02:23:14.927,0.9927,0.993,0.50,0.90
2007.11.15 02:23:15.241,0.9927,0.993,0.50,0.90
2007.11.15 02:23:15.459,0.9927,0.993,0.50,0.50
2007.11.15 02:23:15.677,0.9927,0.99305,0.50,2.80
2007.11.15 02:23:15.895,0.9927,0.99305,0.50,2.80
2007.11.15 02:23:16.119,0.9927,0.99305,0.50,2.80
2007.11.15 02:23:16.331,0.9927,0.99305,0.50,2.80
2007.11.15 02:23:16.453,0.9927,0.99305,0.50,2.80
2007.11.15 02:23:16.576,0.9927,0.99305,0.50,2.80
2007.11.15 02:23:16.699,0.9927,0.993,0.50,0.80
2007.11.15 02:23:16.823,0.9927,0.99305,0.50,2.80
2007.11.15 02:23:16.945,0.9927,0.99305,0.50,2.80
2007.11.15 02:23:17.068,0.9927,0.993,0.50,0.80
2007.11.15 02:23:17.190,0.9927,0.99305,0.50,2.80
2007.11.15 02:23:17.314,0.9927,0.993,0.50,0.80
2007.11.15 02:23:17.527,0.9927,0.993,0.50,0.70
2007.11.15 02:23:17.740,0.9927,0.993,0.50,0.90
2007.11.15 02:23:17.953,0.9927,0.993,0.50,0.50
2007.11.15 02:23:18.166,0.9927,0.993,0.50,0.70
2007.11.15 02:23:18.379,0.9927,0.99305,0.50,2.80
2007.11.15 02:23:18.592,0.9927,0.993,0.50,0.90
2007.11.15 02:23:18.730,0.9927,0.99305,0.50,2.80
2007.11.15 02:23:18.868,0.9927,0.99305,0.50,2.80
2007.11.15 02:23:19.006,0.9927,0.993,0.50,0.70
2007.11.15 02:23:19.143,0.9927,0.99305,0.50,2.80
2007.11.15 02:23:19.281,0.9927,0.993,2.80,0.50
2007.11.15 02:23:19.420,0.9927,0.993,2.80,0.70
2007.11.15 02:23:19.638,0.9927,0.99305,2.80,2.80
2007.11.15 02:23:19.856,0.9927,0.99305,0.50,2.80
2007.11.15 02:23:20.074,0.9927,0.99305,0.50,4.40
2007.11.15 02:23:20.292,0.9927,0.993,0.50,0.60
2007.11.15 02:23:20.510,0.9927,0.993,0.50,0.90
2007.11.15 02:23:20.783,0.9927,0.99305,0.50,2.80
2007.11.15 02:23:21.055,0.9927,0.99305,0.50,2.80
2007.11.15 02:23:21.402,0.9927,0.993,0.50,0.70
2007.11.15 02:23:21.674,0.9927,0.993,0.50,0.80
2007.11.15 02:23:21.796,0.9927,0.99305,0.50,2.80
2007.11.15 02:23:21.920,0.9927,0.993,0.50,0.50
2007.11.15 02:23:22.042,0.9927,0.993,0.50,0.60
2007.11.15 02:23:22.166,0.9927,0.9929,0.50,0.50
2007.11.15 02:23:22.288,0.9927,0.9929,0.50,0.50
2007.11.15 02:23:22.411,0.9927,0.993,0.50,2.10
2007.11.15 02:23:22.533,0.9927,0.993,0.50,2.10
2007.11.15 02:23:22.751,0.9927,0.99295,0.50,1.30
2007.11.15 02:23:22.969,0.9926,0.99295,0.50,1.30
2007.11.15 02:23:23.186,0.9926,0.99295,0.50,1.30
2007.11.15 02:23:23.404,0.9926,0.9929,0.50,0.50
2007.11.15 02:23:23.622,0.9926,0.99295,0.50,2.80
2007.11.15 02:23:23.804,0.9926,0.99295,0.50,2.80
2007.11.15 02:23:23.987,0.9926,0.99295,0.50,2.80
2007.11.15 02:23:24.169,0.9926,0.9929,0.50,0.70
2007.11.15 02:23:24.352,0.9926,0.9929,0.50,0.50
2007.11.15 02:23:24.535,0.9926,0.99295,0.50,2.80
2007.11.15 02:23:24.693,0.9926,0.99295,0.50,2.80
2007.11.15 02:23:24.852,0.9926,0.9929,0.50,0.90
2007.11.15 02:23:25.009,0.9926,0.99295,0.50,2.80
2007.11.15 02:23:25.166,0.9926,0.99295,0.50,2.80
2007.11.15 02:23:25.324,0.9926,0.99295,0.50,2.80
2007.11.15 02:23:25.482,0.9926,0.9929,0.50,0.80
2007.11.15 02:23:25.640,0.9926,0.99295,0.50,2.80
2007.11.15 02:23:25.923,0.9926,0.99295,0.50,2.80
2007.11.15 02:23:26.206,0.9926,0.99295,0.50,2.80
2007.11.15 02:23:26.489,0.9926,0.99295,0.50,2.80
2007.11.15 02:23:26.772,0.9926,0.99295,0.50,2.80
2007.11.15 02:23:27.055,0.9926,0.99295,0.50,2.80
2007.11.15 02:23:27.167,0.9926,0.99295,0.50,2.80
2007.11.15 02:23:27.280,0.9926,0.9929,0.50,0.80
2007.11.15 02:23:27.393,0.9926,0.99295,0.50,2.80
2007.11.15 02:23:27.561,0.9926,0.99295,0.50,2.80
2007.11.15 02:23:27.676,0.9926,0.99295,0.50,2.80
2007.11.15 02:23:27.789,0.9926,0.9929,0.50,0.50
2007.11.15 02:23:27.992,0.9926,0.9929,0.50,0.60
2007.11.15 02:23:28.199,0.9926,0.99295,0.50,2.80
2007.11.15 02:23:28.401,0.9926,0.99295,0.50,2.80
2007.11.15 02:23:28.603,0.9926,0.99295,0.50,2.80
2007.11.15 02:23:28.806,0.9926,0.9929,0.50,0.80
2007.11.15 02:23:28.968,0.9926,0.99295,0.50,2.80
2007.11.15 02:23:29.131,0.9926,0.99295,0.50,2.80
2007.11.15 02:23:29.294,0.9926,0.9929,0.50,0.80
2007.11.15 02:23:29.456,0.9926,0.99295,0.50,2.80
2007.11.15 02:23:29.619,0.9926,0.99295,0.50,2.80
2007.11.15 02:23:29.781,0.9926,0.9929,0.50,0.50
2007.11.15 02:23:29.945,0.9926,0.99295,0.50,2.80
2007.11.15 02:23:30.218,0.9926,0.993,1.20,13.00
2007.11.15 02:23:30.492,0.9926,0.9929,1.20,0.80
2007.11.15 02:23:30.766,0.9927,0.993,0.50,3.60
2007.11.15 02:23:31.039,0.9927,0.9929,0.50,0.70
2007.11.15 02:23:31.202,0.9927,0.993,0.50,3.60
2007.11.15 02:23:31.365,0.9927,0.9929,0.50,0.90
2007.11.15 02:23:31.528,0.9927,0.9929,0.50,0.90
2007.11.15 02:23:31.690,0.9927,0.993,0.50,3.60
2007.11.15 02:23:31.854,0.9926,0.99305,1.20,2.80
2007.11.15 02:23:32.016,0.9926,0.993,1.20,0.80
2007.11.15 02:23:32.260,0.9926,0.993,1.20,0.90
2007.11.15 02:23:32.503,0.9926,0.99305,1.20,2.80
2007.11.15 02:23:32.746,0.9927,0.99305,0.50,2.80
2007.11.15 02:23:32.989,0.9927,0.99305,0.50,2.80
2007.11.15 02:23:33.230,0.9927,0.99305,0.50,2.80
2007.11.15 02:23:33.468,0.9927,0.99305,0.50,2.80
2007.11.15 02:23:33.728,0.9927,0.993,0.50,0.70
2007.11.15 02:23:33.965,0.9927,0.99305,0.50,2.80
2007.11.15 02:23:34.204,0.9927,0.993,0.50,0.70
2007.11.15 02:23:34.393,0.9927,0.99305,0.50,2.80
2007.11.15 02:23:34.570,0.9927,0.99305,0.50,2.80
2007.11.15 02:23:34.754,0.9927,0.99305,0.50,2.80
2007.11.15 02:23:34.938,0.9927,0.99305,0.50,2.80
2007.11.15 02:23:35.121,0.9927,0.99295,0.50,0.80
2007.11.15 02:23:35.389,0.9926,0.9929,0.50,0.50
2007.11.15 02:23:35.656,0.9926,0.9929,0.50,0.50
2007.11.15 02:23:35.925,0.9926,0.99295,0.50,2.80
2007.11.15 02:23:36.192,0.9926,0.99295,0.50,2.80
2007.11.15 02:23:36.361,0.9926,0.9929,0.50,0.90
2007.11.15 02:23:36.528,0.9926,0.9929,0.50,0.80
2007.11.15 02:23:36.697,0.9926,0.9929,0.50,0.60
2007.11.15 02:23:36.869,0.9926,0.99295,0.50,2.80
2007.11.15 02:23:37.038,0.9926,0.9929,0.50,2.00
2007.11.15 02:23:37.206,0.9926,0.9929,0.50,2.00
2007.11.15 02:23:37.389,0.9926,0.9929,0.50,2.00
2007.11.15 02:23:37.572,0.9926,0.9929,0.50,2.00
2007.11.15 02:23:37.753,0.9926,0.9929,0.50,2.00
2007.11.15 02:23:37.936,0.9926,0.9929,0.50,2.00
2007.11.15 02:23:38.118,0.9926,0.9929,0.50,2.00
2007.11.15 02:23:38.302,0.9926,0.9929,0.50,2.00
2007.11.15 02:23:38.449,0.9926,0.9929,0.50,2.00
2007.11.15 02:23:38.598,0.9926,0.9929,0.50,2.00
2007.11.15 02:23:38.745,0.9926,0.9929,0.50,2.00
2007.11.15 02:23:38.892,0.9926,0.9929,0.50,2.00
2007.11.15 02:23:39.041,0.9926,0.9929,0.50,2.00
2007.11.15 02:23:39.188,0.9926,0.9929,0.50,2.00
2007.11.15 02:23:39.337,0.9926,0.9929,0.50,2.00
2007.11.15 02:23:39.535,0.9926,0.9929,0.50,2.00
2007.11.15 02:23:39.896,0.9926,0.9929,0.50,2.00
2007.11.15 02:23:40.093,0.9926,0.9929,0.50,2.00
2007.11.15 02:23:40.292,0.9926,0.9929,0.50,2.00
2007.11.15 02:23:40.519,0.9926,0.9929,0.50,2.00
2007.11.15 02:23:40.747,0.9926,0.9929,0.50,2.00
2007.11.15 02:23:40.974,0.9926,0.9929,0.50,2.00
2007.11.15 02:23:41.202,0.9926,0.9929,0.50,2.00
2007.11.15 02:23:41.430,0.9926,0.9929,0.50,2.00
2007.11.15 02:23:41.567,0.9926,0.9929,0.50,2.00
2007.11.15 02:23:41.704,0.9926,0.9929,0.50,2.00
2007.11.15 02:23:41.842,0.9926,0.9929,0.50,2.00
2007.11.15 02:23:41.980,0.9926,0.9929,0.50,2.00
2007.11.15 02:23:42.123,0.9926,0.9929,0.50,2.00
2007.11.15 02:23:42.255,0.9926,0.9929,0.50,2.00
2007.11.15 02:23:42.392,0.9926,0.9929,0.50,2.00
2007.11.15 02:23:42.531,0.9926,0.9929,0.50,2.00
2007.11.15 02:23:42.718,0.9926,0.9929,0.50,2.00
2007.11.15 02:23:42.905,0.9926,0.9929,0.50,2.00
2007.11.15 02:23:43.094,0.9926,0.9929,0.50,2.00
2007.11.15 02:23:43.281,0.9926,0.9929,0.50,2.00
2007.11.15 02:23:43.469,0.9926,0.9929,0.50,2.00
2007.11.15 02:23:43.656,0.9926,0.9929,0.50,2.00
2007.11.15 02:23:43.800,0.9926,0.9929,0.50,2.00
2007.11.15 02:23:43.942,0.9926,0.9929,0.50,2.00
2007.11.15 02:23:44.084,0.9926,0.9929,0.50,2.00
2007.11.15 02:23:44.227,0.9926,0.9929,0.50,2.00
2007.11.15 02:23:44.370,0.9926,0.9929,0.50,2.00
2007.11.15 02:23:44.512,0.9926,0.9929,0.50,2.00
2007.11.15 02:23:44.691,0.9926,0.9929,0.50,2.00
2007.11.15 02:23:44.868,0.9926,0.9929,0.50,2.00
2007.11.15 02:23:45.046,0.9926,0.9929,0.50,2.00
2007.11.15 02:23:45.223,0.9926,0.9929,0.50,2.00
2007.11.15 02:23:45.401,0.9926,0.9929,0.50,2.00
2007.11.15 02:23:45.578,0.9926,0.9929,0.50,2.00
2007.11.15 02:23:45.816,0.9926,0.9929,0.50,2.00
2007.11.15 02:23:46.054,0.9926,0.9929,0.50,2.00
2007.11.15 02:23:46.292,0.9926,0.9929,0.50,2.00
2007.11.15 02:23:46.530,0.9926,0.9929,0.50,2.00
2007.11.15 02:23:46.768,0.9926,0.9929,0.50,2.00
2007.11.15 02:23:46.896,0.9926,0.9929,0.50,2.00
2007.11.15 02:23:47.023,0.9926,0.9929,0.50,2.00
2007.11.15 02:23:47.152,0.9926,0.9929,0.50,2.00
2007.11.15 02:23:47.279,0.9926,0.9929,0.50,2.00
2007.11.15 02:23:47.407,0.9926,0.9929,0.50,2.00
2007.11.15 02:23:47.534,0.9926,0.9929,0.50,2.00
2007.11.15 02:23:47.662,0.9926,0.9929,0.50,2.00
2007.11.15 02:23:47.874,0.9926,0.9929,0.50,2.00
2007.11.15 02:23:48.088,0.9926,0.9929,0.50,2.00
2007.11.15 02:23:48.300,0.9926,0.9929,0.50,2.00
2007.11.15 02:23:48.513,0.9926,0.9929,0.50,2.00
2007.11.15 02:23:48.726,0.9926,0.9929,0.50,2.00
2007.11.15 02:23:48.838,0.9926,0.9929,0.50,2.00
2007.11.15 02:23:48.950,0.9926,0.9929,0.50,2.00
2007.11.15 02:23:49.063,0.9926,0.9929,0.50,2.00
2007.11.15 02:23:49.176,0.9926,0.9929,0.50,2.00
2007.11.15 02:23:49.289,0.9926,0.9929,0.50,2.00
2007.11.15 02:23:49.402,0.9926,0.9929,0.50,2.00
2007.11.15 02:23:49.516,0.9926,0.9929,0.50,2.00
2007.11.15 02:23:49.628,0.9926,0.9929,0.50,2.00
2007.11.15 02:23:49.741,0.9926,0.9929,2.80,2.00
2007.11.15 02:23:49.975,0.9926,0.9929,2.80,2.00
2007.11.15 02:23:50.207,0.9926,0.9929,2.80,2.00
2007.11.15 02:23:50.440,0.9926,0.9929,2.80,2.00
2007.11.15 02:23:50.674,0.9926,0.9929,2.80,2.00
2007.11.15 02:23:50.912,0.9926,0.9929,2.80,2.00
2007.11.15 02:23:51.199,0.9926,0.9929,2.80,2.00
2007.11.15 02:23:51.486,0.9926,0.9929,2.80,2.00
2007.11.15 02:23:51.774,0.9926,0.9929,2.80,2.00
2007.11.15 02:23:51.871,0.9926,0.9929,2.80,2.00
2007.11.15 02:23:51.969,0.9926,0.9929,2.80,2.00
2007.11.15 02:23:52.208,0.9926,0.9929,2.80,2.00
2007.11.15 02:23:52.305,0.9926,0.9929,2.80,2.00
2007.11.15 02:23:52.404,0.9926,0.9929,2.80,2.00
2007.11.15 02:23:52.501,0.9926,0.9929,2.80,2.00
2007.11.15 02:23:52.599,0.9926,0.9929,2.80,2.00
2007.11.15 02:23:52.697,0.9926,0.9929,2.80,2.00
2007.11.15 02:23:52.801,0.9926,0.9929,2.80,2.00
2007.11.15 02:23:53.008,0.9926,0.9929,2.80,2.00
2007.11.15 02:23:53.221,0.9926,0.9929,2.80,2.00
2007.11.15 02:23:53.433,0.9926,0.9929,2.80,2.00
2007.11.15 02:23:53.646,0.9926,0.9929,2.80,2.00
2007.11.15 02:23:53.859,0.9926,0.9929,2.80,2.00
2007.11.15 02:23:53.976,0.9926,0.9929,2.80,2.00
2007.11.15 02:23:54.094,0.9926,0.9929,2.80,2.00
2007.11.15 02:23:54.212,0.9926,0.9929,2.80,2.00
2007.11.15 02:23:54.329,0.9926,0.9929,2.80,2.00
2007.11.15 02:23:54.447,0.9926,0.9929,2.80,2.00
2007.11.15 02:23:54.564,0.9926,0.9929,2.80,2.00
2007.11.15 02:23:54.681,0.9926,0.9929,2.80,2.00
2007.11.15 02:23:54.799,0.9926,0.9929,2.80,2.00
2007.11.15 02:23:54.917,0.9926,0.9929,2.80,2.00
2007.11.15 02:23:55.256,0.9926,0.9929,2.80,2.00
2007.11.15 02:23:55.583,0.9926,0.9929,2.80,2.00
2007.11.15 02:23:55.916,0.9926,0.9929,2.80,2.00
2007.11.15 02:23:56.014,0.9926,0.9929,2.80,2.00
2007.11.15 02:23:56.117,0.9926,0.9929,2.80,2.00
2007.11.15 02:23:56.215,0.9926,0.9929,2.80,2.00
2007.11.15 02:23:56.313,0.9926,0.9929,2.80,2.00
2007.11.15 02:23:56.411,0.9926,0.9929,2.80,2.00
2007.11.15 02:23:56.508,0.9926,0.9929,2.80,2.00
2007.11.15 02:23:56.610,0.9926,0.9929,2.80,2.00
2007.11.15 02:23:56.703,0.9926,0.9929,2.80,2.00
2007.11.15 02:23:56.801,0.9926,0.9929,2.80,2.00
2007.11.15 02:23:56.899,0.9926,0.9929,2.80,2.00
2007.11.15 02:23:56.997,0.9926,0.9929,2.80,2.00
2007.11.15 02:23:57.289,0.9926,0.9929,2.80,2.00
2007.11.15 02:23:57.572,0.9926,0.9929,2.80,2.00
2007.11.15 02:23:57.858,0.9926,0.9929,2.80,2.00
2007.11.15 02:23:58.146,0.9926,0.9929,2.80,2.00
2007.11.15 02:23:58.373,0.9927,0.9929,0.50,1.60
2007.11.15 02:23:58.497,0.9927,0.9929,0.50,1.60
2007.11.15 02:23:58.619,0.9927,0.9929,0.50,1.60
2007.11.15 02:23:58.742,0.9927,0.9929,0.50,1.60
2007.11.15 02:23:58.865,0.9927,0.9929,0.50,1.60
2007.11.15 02:23:58.988,0.9927,0.9929,0.50,1.60
2007.11.15 02:23:59.112,0.9927,0.9929,0.50,1.60
2007.11.15 02:23:59.360,0.9927,0.9929,0.50,1.60
2007.11.15 02:23:59.602,0.9927,0.9929,0.50,1.60
2007.11.15 02:23:59.851,0.9927,0.9929,0.50,1.60
2007.11.15 02:24:00.092,0.9927,0.9929,0.50,1.60
2007.11.15 02:24:00.306,0.9926,0.9929,2.80,0.50
2007.11.15 02:24:00.519,0.9926,0.9929,2.80,0.50
2007.11.15 02:24:00.731,0.9926,0.993,3.60,2.00
2007.11.15 02:24:00.945,0.9926,0.993,3.60,12.60
2007.11.15 02:24:01.157,0.9926,0.993,3.60,12.60
2007.11.15 02:24:01.340,0.9926,0.9929,3.60,1.60
2007.11.15 02:24:01.523,0.9926,0.9929,3.60,1.60
2007.11.15 02:24:01.706,0.9926,0.9929,3.60,1.60
2007.11.15 02:24:01.890,0.9926,0.9929,3.60,1.60
2007.11.15 02:24:02.071,0.9926,0.9929,3.60,1.60
2007.11.15 02:24:02.254,0.9926,0.9929,3.60,1.60
2007.11.15 02:24:02.441,0.9926,0.9929,3.60,1.60
2007.11.15 02:24:02.629,0.9926,0.9929,3.60,1.60
2007.11.15 02:24:02.816,0.9926,0.9929,3.60,1.60
2007.11.15 02:24:03.005,0.9926,0.9929,3.60,1.60
2007.11.15 02:24:03.193,0.9926,0.9929,3.60,1.60
2007.11.15 02:24:03.361,0.9926,0.9929,3.60,1.60
2007.11.15 02:24:03.374,0.9926,0.9929,1.10,1.60
2007.11.15 02:24:03.529,0.9925,0.9929,8.00,1.60
2007.11.15 02:24:03.697,0.9926,0.9929,2.00,1.60
2007.11.15 02:24:03.865,0.9926,0.9929,0.70,1.60
2007.11.15 02:24:04.033,0.9926,0.9929,0.90,1.60
2007.11.15 02:24:04.201,0.9926,0.9929,1.30,1.60
2007.11.15 02:24:04.529,0.9926,0.9929,1.80,1.60
2007.11.15 02:24:04.757,0.9926,0.9929,0.90,1.60
2007.11.15 02:24:04.984,0.9926,0.993,1.50,2.00
2007.11.15 02:24:05.212,0.9926,0.993,1.30,2.00
2007.11.15 02:24:05.420,0.9925,0.993,8.00,2.00
2007.11.15 02:24:05.628,0.9925,0.993,8.00,2.00
2007.11.15 02:24:05.836,0.9925,0.993,8.00,2.00
2007.11.15 02:24:06.051,0.9926,0.993,1.40,2.00
2007.11.15 02:24:06.251,0.9925,0.993,8.00,2.00
2007.11.15 02:24:06.394,0.9925,0.993,8.00,2.00
2007.11.15 02:24:06.537,0.9926,0.993,2.10,2.00
2007.11.15 02:24:06.679,0.9926,0.993,0.50,2.00
2007.11.15 02:24:06.822,0.9926,0.993,2.10,2.00
2007.11.15 02:24:06.964,0.9926,0.993,1.60,2.00
2007.11.15 02:24:07.107,0.9925,0.993,8.00,2.00
2007.11.15 02:24:07.250,0.9925,0.993,8.00,2.00
2007.11.15 02:24:07.393,0.9926,0.993,0.60,2.00
2007.11.15 02:24:07.681,0.9926,0.99295,0.70,0.80
2007.11.15 02:24:07.969,0.9925,0.9929,9.60,2.00
2007.11.15 02:24:08.258,0.9926,0.9929,1.70,2.00
2007.11.15 02:24:08.546,0.9925,0.9929,9.60,2.00
2007.11.15 02:24:08.694,0.9926,0.9929,1.20,2.00
2007.11.15 02:24:08.842,0.9925,0.9929,9.60,2.00
2007.11.15 02:24:08.990,0.9926,0.9929,0.90,2.00
2007.11.15 02:24:09.138,0.9925,0.9929,9.60,2.00
2007.11.15 02:24:09.286,0.9925,0.9929,8.00,1.60
2007.11.15 02:24:09.434,0.9925,0.9929,8.00,1.60
2007.11.15 02:24:09.611,0.9925,0.9929,8.00,1.60
2007.11.15 02:24:09.790,0.9925,0.9929,8.00,1.60
2007.11.15 02:24:09.967,0.9925,0.9929,8.00,1.60
2007.11.15 02:24:10.146,0.9926,0.9929,0.60,1.60
2007.11.15 02:24:10.329,0.9926,0.9929,0.50,1.60
2007.11.15 02:24:10.501,0.9925,0.9929,8.00,1.60
2007.11.15 02:24:10.809,0.9925,0.9929,8.00,1.60
2007.11.15 02:24:11.116,0.9925,0.9929,8.00,1.60
2007.11.15 02:24:11.425,0.9925,0.9929,8.00,1.60
2007.11.15 02:24:11.528,0.9925,0.9929,8.00,1.60
2007.11.15 02:24:11.630,0.9925,0.9929,8.00,1.60
2007.11.15 02:24:11.733,0.9925,0.9929,8.00,1.60
2007.11.15 02:24:11.836,0.9925,0.9929,8.00,1.60
2007.11.15 02:24:11.938,0.9925,0.9929,8.00,1.60
2007.11.15 02:24:12.041,0.9925,0.9929,8.00,1.60
2007.11.15 02:24:12.143,0.9926,0.9929,0.90,1.60
2007.11.15 02:24:12.246,0.9925,0.9929,10.40,1.60
2007.11.15 02:24:12.382,0.9926,0.9929,1.10,1.60
2007.11.15 02:24:12.609,0.9926,0.9929,1.80,1.60
2007.11.15 02:24:12.838,0.9926,0.993,6.50,2.00
2007.11.15 02:24:13.065,0.9926,0.993,6.50,2.00
2007.11.15 02:24:13.292,0.9927,0.993,0.50,2.00
2007.11.15 02:24:13.524,0.9926,0.993,6.50,2.00
2007.11.15 02:24:13.727,0.9926,0.993,6.50,2.00
2007.11.15 02:24:13.930,0.9926,0.993,6.50,2.00
2007.11.15 02:24:14.133,0.9926,0.993,6.50,2.00
2007.11.15 02:24:14.335,0.9926,0.993,6.50,2.00
2007.11.15 02:24:14.539,0.9926,0.993,6.50,2.00
2007.11.15 02:24:14.722,0.9927,0.993,0.50,2.00
2007.11.15 02:24:14.906,0.9927,0.993,0.50,2.00
2007.11.15 02:24:15.089,0.9926,0.993,6.50,2.00
2007.11.15 02:24:15.271,0.9926,0.993,6.50,2.00
2007.11.15 02:24:15.455,0.9927,0.993,0.50,2.00
2007.11.15 02:24:15.702,0.9926,0.993,6.50,2.00
2007.11.15 02:24:15.951,0.9927,0.993,0.50,2.00
2007.11.15 02:24:16.198,0.9926,0.993,6.50,2.00
2007.11.15 02:24:16.452,0.9927,0.993,0.50,2.00
2007.11.15 02:24:16.575,0.9927,0.993,0.50,2.00
2007.11.15 02:24:16.846,0.9927,0.993,0.50,2.00
2007.11.15 02:24:16.968,0.9927,0.993,0.50,2.00
2007.11.15 02:24:17.091,0.9926,0.993,6.50,2.00
2007.11.15 02:24:17.214,0.9927,0.993,0.50,2.00
2007.11.15 02:24:17.336,0.9926,0.993,6.50,2.00
2007.11.15 02:24:17.458,0.9926,0.993,6.50,2.00
2007.11.15 02:24:17.582,0.9926,0.993,6.50,2.00
2007.11.15 02:24:17.779,0.9926,0.993,6.50,2.00
2007.11.15 02:24:17.977,0.9926,0.993,6.50,2.00
2007.11.15 02:24:18.175,0.9926,0.993,6.50,2.00
2007.11.15 02:24:18.375,0.9926,0.993,6.50,2.00
2007.11.15 02:24:18.574,0.9927,0.993,0.50,2.00
2007.11.15 02:24:18.741,0.9927,0.993,0.50,2.00
2007.11.15 02:24:18.909,0.9926,0.993,6.50,2.00
2007.11.15 02:24:19.076,0.9927,0.993,0.50,2.00
2007.11.15 02:24:19.243,0.9927,0.993,0.50,2.00
2007.11.15 02:24:19.411,0.9927,0.993,0.50,2.00
2007.11.15 02:24:19.579,0.9927,0.993,0.50,2.00
2007.11.15 02:24:19.716,0.9927,0.993,0.50,2.00
2007.11.15 02:24:19.854,0.9926,0.993,6.50,2.00
2007.11.15 02:24:19.991,0.9927,0.993,0.50,2.00
2007.11.15 02:24:20.129,0.9926,0.993,6.50,2.00
2007.11.15 02:24:20.266,0.9926,0.993,6.50,2.00
2007.11.15 02:24:20.404,0.9927,0.993,0.50,2.00
2007.11.15 02:24:20.542,0.9927,0.993,0.50,2.00
2007.11.15 02:24:20.680,0.9926,0.993,6.50,2.00
2007.11.15 02:24:20.972,0.9927,0.993,0.50,2.00
2007.11.15 02:24:21.265,0.9926,0.993,0.90,2.00
2007.11.15 02:24:21.559,0.9926,0.993,1.30,2.00
2007.11.15 02:24:21.851,0.9925,0.993,12.00,2.00
2007.11.15 02:24:21.983,0.9926,0.993,1.20,2.00
2007.11.15 02:24:22.116,0.9925,0.993,12.00,2.00
2007.11.15 02:24:22.249,0.9925,0.993,12.00,2.00
2007.11.15 02:24:22.382,0.9925,0.993,12.00,2.00
2007.11.15 02:24:22.514,0.9925,0.993,12.00,2.00
2007.11.15 02:24:22.647,0.9925,0.993,12.00,2.00
2007.11.15 02:24:22.830,0.9926,0.993,2.00,2.00
2007.11.15 02:24:23.013,0.9926,0.993,2.20,2.00
2007.11.15 02:24:23.195,0.9925,0.993,12.00,2.00
2007.11.15 02:24:23.379,0.9926,0.993,1.90,2.00
2007.11.15 02:24:23.562,0.9925,0.993,12.00,2.00
2007.11.15 02:24:23.748,0.9926,0.993,1.60,2.00
2007.11.15 02:24:23.906,0.9926,0.993,0.50,2.00
2007.11.15 02:24:24.063,0.9925,0.993,12.00,2.00
2007.11.15 02:24:24.221,0.9925,0.993,12.00,2.00
2007.11.15 02:24:24.380,0.9925,0.993,12.00,2.00
2007.11.15 02:24:24.538,0.9925,0.993,12.00,2.00
2007.11.15 02:24:24.695,0.9925,0.993,12.00,2.00
2007.11.15 02:24:24.869,0.9925,0.993,12.00,2.00
2007.11.15 02:24:25.041,0.9925,0.993,12.00,2.00
2007.11.15 02:24:25.215,0.9926,0.993,1.60,2.00
2007.11.15 02:24:25.388,0.9925,0.993,12.00,2.00
2007.11.15 02:24:25.560,0.9925,0.993,12.00,2.00
2007.11.15 02:24:25.733,0.9926,0.993,1.10,2.00
2007.11.15 02:24:26.001,0.9927,0.993,0.50,2.00
2007.11.15 02:24:26.269,0.9927,0.993,0.50,2.00
2007.11.15 02:24:26.536,0.9926,0.993,6.50,2.00
2007.11.15 02:24:26.803,0.9927,0.993,0.50,2.00
2007.11.15 02:24:26.942,0.9926,0.993,6.50,2.00
2007.11.15 02:24:27.080,0.9926,0.993,6.50,2.00
2007.11.15 02:24:27.217,0.9927,0.993,0.50,2.00
2007.11.15 02:24:27.354,0.9927,0.993,0.50,2.00
2007.11.15 02:24:27.492,0.9926,0.993,6.50,2.00
2007.11.15 02:24:27.630,0.9926,0.993,6.50,2.00
2007.11.15 02:24:27.769,0.9925,0.993,19.60,2.00
2007.11.15 02:24:27.905,0.9926,0.993,2.20,2.00
2007.11.15 02:24:28.114,0.9926,0.993,1.20,2.00
2007.11.15 02:24:28.321,0.9926,0.993,6.50,2.00
2007.11.15 02:24:28.529,0.9926,0.993,6.50,2.00
2007.11.15 02:24:28.737,0.9926,0.993,6.50,2.00
2007.11.15 02:24:28.944,0.9926,0.993,6.50,2.00
2007.11.15 02:24:29.178,0.9927,0.993,0.50,2.00
2007.11.15 02:24:29.380,0.9927,0.993,0.50,2.00
2007.11.15 02:24:29.583,0.9927,0.993,0.50,2.00
2007.11.15 02:24:29.785,0.9927,0.993,0.50,2.00
2007.11.15 02:24:29.938,0.9926,0.993,6.50,2.00
2007.11.15 02:24:30.086,0.9926,0.993,6.50,2.00
2007.11.15 02:24:30.234,0.9927,0.993,0.50,2.00
2007.11.15 02:24:30.388,0.9927,0.993,0.50,2.00
2007.11.15 02:24:30.536,0.9927,0.993,0.50,2.00
2007.11.15 02:24:30.683,0.9927,0.993,0.50,2.00
2007.11.15 02:24:30.831,0.9926,0.993,6.50,2.00
2007.11.15 02:24:31.104,0.9926,0.993,6.50,2.00
2007.11.15 02:24:31.376,0.9927,0.993,0.50,2.00
2007.11.15 02:24:31.650,0.9926,0.993,6.50,2.00
2007.11.15 02:24:31.922,0.9926,0.993,6.50,2.00
2007.11.15 02:24:32.195,0.9926,0.993,6.50,2.00
2007.11.15 02:24:32.292,0.9926,0.993,6.50,2.00
2007.11.15 02:24:32.389,0.9927,0.993,0.50,2.00
2007.11.15 02:24:32.486,0.9926,0.993,6.50,2.00
2007.11.15 02:24:32.585,0.9927,0.993,0.50,2.00
2007.11.15 02:24:32.683,0.9927,0.993,0.50,2.00
2007.11.15 02:24:32.781,0.9925,0.9929,21.20,0.50
2007.11.15 02:24:32.879,0.9925,0.9929,21.20,0.50
2007.11.15 02:24:32.977,0.9925,0.9929,13.60,0.50
2007.11.15 02:24:33.280,0.9925,0.9929,13.60,0.50
2007.11.15 02:24:33.583,0.9926,0.9929,0.90,0.50
2007.11.15 02:24:33.886,0.9925,0.9929,14.40,0.50
2007.11.15 02:24:34.190,0.9926,0.9929,0.60,0.50
2007.11.15 02:24:34.337,0.9925,0.9929,14.40,0.50
2007.11.15 02:24:34.484,0.9925,0.9929,14.40,0.50
2007.11.15 02:24:34.632,0.9925,0.9929,14.40,0.50
2007.11.15 02:24:34.781,0.9926,0.9929,1.20,0.50
2007.11.15 02:24:34.928,0.9925,0.9929,14.40,0.50
2007.11.15 02:24:35.076,0.9925,0.9929,14.40,0.50
2007.11.15 02:24:35.345,0.9925,0.9929,12.80,0.50
2007.11.15 02:24:35.512,0.9925,0.9929,8.00,2.00
2007.11.15 02:24:35.680,0.9926,0.9929,0.50,2.00
2007.11.15 02:24:35.848,0.9925,0.9929,8.00,2.00
2007.11.15 02:24:36.017,0.9925,0.9929,8.00,2.00
2007.11.15 02:24:36.254,0.9926,0.9929,0.80,2.00
2007.11.15 02:24:36.491,0.9926,0.9929,1.50,2.00
2007.11.15 02:24:36.730,0.9926,0.9929,1.40,2.00
2007.11.15 02:24:36.967,0.9925,0.9929,8.00,2.00
2007.11.15 02:24:37.205,0.9926,0.9929,1.80,2.00
2007.11.15 02:24:37.322,0.9926,0.9929,0.80,2.00
2007.11.15 02:24:37.440,0.9926,0.9929,1.20,2.00
2007.11.15 02:24:37.559,0.9926,0.9929,1.60,2.00
2007.11.15 02:24:37.676,0.9925,0.9929,8.00,2.00
2007.11.15 02:24:37.793,0.9925,0.9929,8.00,2.00
2007.11.15 02:24:37.910,0.9925,0.9929,8.00,2.00
2007.11.15 02:24:38.029,0.9926,0.9929,1.00,2.00
2007.11.15 02:24:38.147,0.9925,0.9929,8.00,2.00
2007.11.15 02:24:38.384,0.9926,0.9929,0.70,2.00
2007.11.15 02:24:38.621,0.9925,0.9929,8.00,2.00
2007.11.15 02:24:38.859,0.9925,0.9929,8.00,2.00
2007.11.15 02:24:39.096,0.9925,0.9929,8.00,2.00
2007.11.15 02:24:39.334,0.9925,0.9929,8.00,2.00
2007.11.15 02:24:39.463,0.9926,0.9929,1.70,2.00
2007.11.15 02:24:39.590,0.9926,0.9929,0.80,2.00
2007.11.15 02:24:39.718,0.9926,0.9929,0.80,2.00
2007.11.15 02:24:39.847,0.9925,0.9929,8.00,2.00
2007.11.15 02:24:39.974,0.9925,0.9929,8.00,2.00
2007.11.15 02:24:40.102,0.9926,0.9929,1.40,2.00
2007.11.15 02:24:40.231,0.9925,0.9929,8.00,2.00
2007.11.15 02:24:40.523,0.9925,0.9929,8.00,2.00
2007.11.15 02:24:40.816,0.9926,0.9929,0.80,2.00
2007.11.15 02:24:41.109,0.9925,0.9929,8.00,2.00
2007.11.15 02:24:41.504,0.9925,0.9929,8.00,2.00
2007.11.15 02:24:41.616,0.9925,0.9929,8.00,2.00
2007.11.15 02:24:41.731,0.9926,0.9929,1.10,2.00
2007.11.15 02:24:41.844,0.9926,0.9929,1.00,2.00
2007.11.15 02:24:41.958,0.9926,0.9929,0.60,2.00
2007.11.15 02:24:42.071,0.9926,0.9929,1.80,2.00
2007.11.15 02:24:42.184,0.9925,0.9929,8.00,2.00
2007.11.15 02:24:42.336,0.9925,0.9929,8.00,2.00
2007.11.15 02:24:42.489,0.9926,0.9929,1.10,2.00
2007.11.15 02:24:42.643,0.9926,0.9929,1.20,2.00
2007.11.15 02:24:42.795,0.9925,0.9929,8.00,2.00
2007.11.15 02:24:42.949,0.9925,0.9929,8.00,2.00
2007.11.15 02:24:43.101,0.9926,0.9929,1.10,2.00
2007.11.15 02:24:43.254,0.9926,0.9929,1.50,2.00
2007.11.15 02:24:43.438,0.9926,0.9929,0.90,2.00
2007.11.15 02:24:43.621,0.9925,0.9929,8.00,2.00
2007.11.15 02:24:43.803,0.9926,0.9929,1.80,2.00
2007.11.15 02:24:43.987,0.9926,0.9929,1.70,2.00
2007.11.15 02:24:44.169,0.9925,0.9929,8.00,2.00
2007.11.15 02:24:44.352,0.9925,0.9929,8.00,2.00
2007.11.15 02:24:44.514,0.9926,0.9929,1.60,2.00
2007.11.15 02:24:44.672,0.9925,0.9929,8.00,2.00
2007.11.15 02:24:44.829,0.9925,0.9929,8.00,2.00
2007.11.15 02:24:44.986,0.9925,0.9929,8.00,2.00
2007.11.15 02:24:45.145,0.9926,0.9929,0.60,2.00
2007.11.15 02:24:45.305,0.9926,0.9929,0.80,2.00
2007.11.15 02:24:45.572,0.9926,0.9929,1.00,2.00
2007.11.15 02:24:45.840,0.9925,0.9929,8.00,2.00
2007.11.15 02:24:46.107,0.9926,0.9929,1.70,2.00
2007.11.15 02:24:46.376,0.9925,0.9929,8.00,2.00
2007.11.15 02:24:46.514,0.9925,0.9929,8.00,2.00
2007.11.15 02:24:46.652,0.9925,0.9929,8.80,2.00
2007.11.15 02:24:46.791,0.9925,0.9929,6.40,1.60
2007.11.15 02:24:46.929,0.9925,0.9929,6.40,1.60
2007.11.15 02:24:47.067,0.9926,0.9929,2.20,1.60
2007.11.15 02:24:47.205,0.9925,0.9929,6.40,1.60
2007.11.15 02:24:47.343,0.9926,0.9929,1.20,1.60
2007.11.15 02:24:47.664,0.9925,0.9929,6.40,1.60
2007.11.15 02:24:47.917,0.9926,0.993,0.80,2.00
2007.11.15 02:24:48.170,0.9925,0.993,15.60,2.00
2007.11.15 02:24:48.428,0.9926,0.993,6.50,2.00
2007.11.15 02:24:48.556,0.9927,0.993,0.50,2.00
2007.11.15 02:24:48.684,0.9926,0.993,6.50,2.00
2007.11.15 02:24:48.812,0.9927,0.993,0.50,2.00
2007.11.15 02:24:48.940,0.9927,0.993,0.50,2.00
2007.11.15 02:24:49.068,0.9927,0.993,0.50,2.00
2007.11.15 02:24:49.197,0.9927,0.993,0.50,2.00
2007.11.15 02:24:49.324,0.9925,0.993,17.20,2.00
2007.11.15 02:24:49.454,0.9925,0.993,10.40,2.00
2007.11.15 02:24:49.708,0.9926,0.99295,1.10,0.80
2007.11.15 02:24:49.960,0.9925,0.9929,8.00,0.50
2007.11.15 02:24:50.213,0.9925,0.9929,8.00,0.50
2007.11.15 02:24:50.466,0.9925,0.9929,8.00,2.00
2007.11.15 02:24:50.705,0.9926,0.9929,0.50,2.00
2007.11.15 02:24:50.943,0.9925,0.9929,8.00,2.00
2007.11.15 02:24:51.180,0.9926,0.9929,0.90,2.00
2007.11.15 02:24:51.418,0.9926,0.9929,1.40,2.00
2007.11.15 02:24:51.655,0.9926,0.9929,0.60,2.00
2007.11.15 02:24:51.838,0.9926,0.9929,1.80,2.00
2007.11.15 02:24:52.021,0.9926,0.9929,0.70,2.00
2007.11.15 02:24:52.204,0.9926,0.9929,1.70,2.00
2007.11.15 02:24:52.387,0.9926,0.9929,0.60,2.00
2007.11.15 02:24:52.570,0.9925,0.9929,8.00,2.00
2007.11.15 02:24:52.708,0.9926,0.9929,1.40,2.00
2007.11.15 02:24:52.846,0.9926,0.9929,1.50,2.00
2007.11.15 02:24:52.983,0.9925,0.9929,8.00,2.00
2007.11.15 02:24:53.121,0.9925,0.9929,8.00,2.00
2007.11.15 02:24:53.259,0.9926,0.9929,0.50,2.00
2007.11.15 02:24:53.397,0.9926,0.9929,0.60,2.00
2007.11.15 02:24:53.535,0.9926,0.9929,1.20,2.00
2007.11.15 02:24:53.826,0.9926,0.9929,1.10,2.00
2007.11.15 02:24:53.855,0.9925,0.9929,8.00,2.00
2007.11.15 02:24:54.037,0.9926,0.9929,1.70,2.00
2007.11.15 02:24:54.221,0.9925,0.9929,8.00,2.00
2007.11.15 02:24:54.408,0.9926,0.9929,1.60,2.00
2007.11.15 02:24:54.591,0.9926,0.9929,0.90,2.00
2007.11.15 02:24:54.754,0.9925,0.9929,8.00,2.00
2007.11.15 02:24:54.917,0.9926,0.9929,2.80,2.00
2007.11.15 02:24:55.079,0.9926,0.9929,2.80,2.00
2007.11.15 02:24:55.242,0.9926,0.9929,2.80,2.00
2007.11.15 02:24:55.405,0.9926,0.9929,2.80,2.00
2007.11.15 02:24:55.568,0.9926,0.9929,2.80,2.00
2007.11.15 02:24:55.731,0.9926,0.9929,2.80,2.00
2007.11.15 02:24:56.014,0.9926,0.9929,2.80,2.00
2007.11.15 02:24:56.297,0.9926,0.9929,2.80,2.00
2007.11.15 02:24:56.586,0.9926,0.9929,2.80,2.00
2007.11.15 02:24:56.708,0.9926,0.9929,2.80,2.00
2007.11.15 02:24:56.836,0.9926,0.9929,2.80,2.00
2007.11.15 02:24:56.964,0.9926,0.9929,2.80,2.00
2007.11.15 02:24:57.091,0.9926,0.9929,2.80,2.00
2007.11.15 02:24:57.220,0.9926,0.9929,2.80,2.00
2007.11.15 02:24:57.348,0.9926,0.9929,2.80,2.00
2007.11.15 02:24:57.477,0.9926,0.9929,2.80,2.00
2007.11.15 02:24:57.610,0.9926,0.9929,2.80,2.00
2007.11.15 02:24:57.868,0.9926,0.9929,2.80,2.00
2007.11.15 02:24:58.126,0.9926,0.9929,2.80,2.00
2007.11.15 02:24:58.383,0.9926,0.9929,2.80,2.00
2007.11.15 02:24:58.641,0.9926,0.9929,2.80,2.00
2007.11.15 02:24:58.748,0.9926,0.9929,2.80,2.00
2007.11.15 02:24:58.852,0.9926,0.9929,2.80,2.00
2007.11.15 02:24:58.954,0.9926,0.9929,2.80,2.00
2007.11.15 02:24:59.058,0.9926,0.9929,2.80,2.00
2007.11.15 02:24:59.160,0.9926,0.9929,2.80,2.00
2007.11.15 02:24:59.263,0.9926,0.9929,2.80,2.00
2007.11.15 02:24:59.367,0.9926,0.9929,2.80,2.00
2007.11.15 02:24:59.470,0.9926,0.9929,2.80,2.00
2007.11.15 02:24:59.573,0.9926,0.9929,2.80,2.00
2007.11.15 02:24:59.676,0.9926,0.9929,2.80,2.00
2007.11.15 02:24:59.996,0.9926,0.9929,2.80,2.00
2007.11.15 02:25:00.238,0.9926,0.9929,2.80,2.00
2007.11.15 02:25:00.477,0.9926,0.9929,2.80,2.00
2007.11.15 02:25:00.715,0.9926,0.9929,2.80,2.00
2007.11.15 02:25:00.932,0.9926,0.9929,2.80,2.00
2007.11.15 02:25:01.150,0.9926,0.9929,2.80,2.00
2007.11.15 02:25:01.367,0.9926,0.9929,2.80,2.00
2007.11.15 02:25:01.586,0.9926,0.9929,2.80,2.00
2007.11.15 02:25:01.803,0.9926,0.9929,2.80,2.00
2007.11.15 02:25:01.921,0.9926,0.9929,2.80,2.00
2007.11.15 02:25:02.038,0.9926,0.9929,2.80,2.00
2007.11.15 02:25:02.157,0.9926,0.9929,2.80,2.00
2007.11.15 02:25:02.274,0.9926,0.9929,2.80,2.00
2007.11.15 02:25:02.391,0.9926,0.9929,2.80,2.00
2007.11.15 02:25:02.510,0.9926,0.9929,2.80,2.00
2007.11.15 02:25:02.627,0.9926,0.9929,2.80,2.00
2007.11.15 02:25:02.746,0.9926,0.9929,2.80,2.00
2007.11.15 02:25:02.864,0.9926,0.9929,5.20,2.00
2007.11.15 02:25:03.103,0.9926,0.9929,5.20,2.00
2007.11.15 02:25:03.341,0.9927,0.9929,0.50,1.60
2007.11.15 02:25:03.579,0.9927,0.9929,0.50,1.60
2007.11.15 02:25:03.818,0.9927,0.9929,0.50,1.60
2007.11.15 02:25:04.055,0.9927,0.9929,0.50,1.60
2007.11.15 02:25:04.207,0.9927,0.9929,0.50,1.60
2007.11.15 02:25:04.360,0.9927,0.9929,0.50,1.60
2007.11.15 02:25:04.513,0.9927,0.993,0.50,0.50
2007.11.15 02:25:04.666,0.9927,0.993,0.50,2.00
2007.11.15 02:25:04.820,0.9926,0.993,3.60,2.00
2007.11.15 02:25:04.972,0.9926,0.993,3.60,2.00
2007.11.15 02:25:05.175,0.9926,0.993,3.60,2.00
2007.11.15 02:25:05.378,0.9926,0.993,3.60,2.00
2007.11.15 02:25:05.580,0.9926,0.993,3.60,2.00
2007.11.15 02:25:05.782,0.9926,0.993,3.60,2.00
2007.11.15 02:25:05.985,0.9926,0.993,3.60,2.00
2007.11.15 02:25:06.223,0.9926,0.993,3.60,2.00
2007.11.15 02:25:06.459,0.9926,0.993,3.60,2.00
2007.11.15 02:25:06.697,0.9926,0.993,3.60,2.00
2007.11.15 02:25:06.935,0.9926,0.993,3.60,2.00
2007.11.15 02:25:07.173,0.9926,0.993,3.60,2.00
2007.11.15 02:25:07.285,0.9926,0.993,3.60,2.00
2007.11.15 02:25:07.399,0.9926,0.993,3.60,2.00
2007.11.15 02:25:07.512,0.9926,0.993,3.60,2.00
2007.11.15 02:25:07.625,0.9926,0.993,3.60,2.00
2007.11.15 02:25:07.738,0.9926,0.993,6.00,2.00
2007.11.15 02:25:07.857,0.9927,0.993,0.50,2.00
2007.11.15 02:25:07.964,0.9927,0.993,0.50,2.00
2007.11.15 02:25:08.077,0.9927,0.993,0.50,2.00
2007.11.15 02:25:08.189,0.9927,0.993,0.50,2.00
2007.11.15 02:25:08.452,0.9927,0.993,0.50,2.00
2007.11.15 02:25:08.710,0.9927,0.993,0.50,2.00
2007.11.15 02:25:08.968,0.9927,0.993,0.50,2.00
2007.11.15 02:25:09.226,0.9927,0.993,0.50,2.00
2007.11.15 02:25:09.343,0.9927,0.993,0.50,2.00
2007.11.15 02:25:09.462,0.9927,0.993,0.50,2.00
2007.11.15 02:25:09.579,0.9927,0.993,0.50,2.00
2007.11.15 02:25:09.697,0.9927,0.99295,0.50,0.80
2007.11.15 02:25:09.814,0.9926,0.9929,0.50,0.50
2007.11.15 02:25:09.932,0.9926,0.9929,0.50,0.50
2007.11.15 02:25:10.050,0.9926,0.9929,0.50,0.50
2007.11.15 02:25:10.168,0.9926,0.9929,0.50,0.50
2007.11.15 02:25:10.286,0.9926,0.9929,0.50,0.50
2007.11.15 02:25:10.582,0.9926,0.9929,0.50,0.50
2007.11.15 02:25:10.880,0.9926,0.9929,0.50,0.50
2007.11.15 02:25:11.178,0.9926,0.9929,0.50,0.50
2007.11.15 02:25:11.387,0.9926,0.9929,0.50,0.50
2007.11.15 02:25:11.594,0.9926,0.9929,0.50,0.50
2007.11.15 02:25:11.802,0.9926,0.9929,0.50,0.50
2007.11.15 02:25:12.010,0.9926,0.9929,0.50,0.50
2007.11.15 02:25:12.324,0.9926,0.9929,0.50,2.00
2007.11.15 02:25:12.426,0.9926,0.9929,0.50,2.00
2007.11.15 02:25:12.530,0.9926,0.9929,0.50,2.00
2007.11.15 02:25:12.633,0.9926,0.9929,1.20,2.00
2007.11.15 02:25:12.736,0.9926,0.9929,1.20,2.00
2007.11.15 02:25:12.837,0.9926,0.9929,1.20,2.00
2007.11.15 02:25:12.941,0.9927,0.9929,0.50,1.60
2007.11.15 02:25:13.046,0.9927,0.9929,0.50,1.60
2007.11.15 02:25:13.148,0.9927,0.9929,0.50,1.60
2007.11.15 02:25:13.251,0.9927,0.9929,0.50,1.60
2007.11.15 02:25:13.321,0.9926,0.9929,1.70,1.60
2007.11.15 02:25:13.354,0.9926,0.9929,1.70,1.60
2007.11.15 02:25:13.677,0.9927,0.9929,0.50,1.60
2007.11.15 02:25:14.001,0.9926,0.9929,1.70,1.60
2007.11.15 02:25:14.322,0.9926,0.9929,1.70,1.60
2007.11.15 02:25:14.645,0.9927,0.9929,0.50,1.60
2007.11.15 02:25:14.769,0.9925,0.9929,17.20,1.60
2007.11.15 02:25:14.891,0.9925,0.993,8.80,2.00
2007.11.15 02:25:15.013,0.9925,0.993,8.80,2.00
2007.11.15 02:25:15.137,0.9925,0.993,8.80,2.00
2007.11.15 02:25:15.260,0.9926,0.993,0.60,2.00
2007.11.15 02:25:15.383,0.9926,0.993,0.80,2.00
2007.11.15 02:25:15.715,0.9925,0.993,8.80,2.00
2007.11.15 02:25:16.048,0.9926,0.993,0.90,2.00
2007.11.15 02:25:16.381,0.9925,0.993,7.20,2.00
2007.11.15 02:25:16.478,0.9926,0.993,1.00,2.00
2007.11.15 02:25:16.577,0.9925,0.993,7.20,2.00
2007.11.15 02:25:16.675,0.9925,0.993,7.20,2.00
2007.11.15 02:25:16.774,0.9926,0.993,6.50,2.00
2007.11.15 02:25:16.872,0.9926,0.993,6.50,2.00
2007.11.15 02:25:16.970,0.9926,0.993,6.50,2.00
2007.11.15 02:25:17.068,0.9927,0.993,0.50,2.00
2007.11.15 02:25:17.166,0.9927,0.993,0.50,2.00
2007.11.15 02:25:17.263,0.9926,0.993,6.50,2.00
2007.11.15 02:25:17.362,0.9926,0.993,6.50,2.00
2007.11.15 02:25:17.460,0.9926,0.993,6.50,2.00
2007.11.15 02:25:17.783,0.9927,0.993,0.50,2.00
2007.11.15 02:25:18.107,0.9926,0.993,6.50,2.00
2007.11.15 02:25:18.484,0.9926,0.993,0.50,2.00
2007.11.15 02:25:18.602,0.9925,0.993,10.40,2.00
2007.11.15 02:25:18.720,0.9925,0.993,10.40,2.00
2007.11.15 02:25:18.838,0.9925,0.993,10.40,2.00
2007.11.15 02:25:18.957,0.9925,0.993,10.40,2.00
2007.11.15 02:25:19.074,0.9925,0.993,10.40,2.00
2007.11.15 02:25:19.192,0.9925,0.993,10.40,2.00
2007.11.15 02:25:19.309,0.9926,0.993,1.80,2.00
2007.11.15 02:25:19.428,0.9926,0.993,1.60,2.00
2007.11.15 02:25:19.546,0.9926,0.993,0.80,2.00
2007.11.15 02:25:19.879,0.9925,0.993,10.40,2.00
2007.11.15 02:25:20.212,0.9926,0.993,1.30,2.00
2007.11.15 02:25:20.545,0.9925,0.993,10.40,2.00
2007.11.15 02:25:20.787,0.9925,0.993,10.40,2.00
2007.11.15 02:25:21.030,0.9926,0.993,2.10,2.00
2007.11.15 02:25:21.272,0.9925,0.993,10.40,2.00
2007.11.15 02:25:21.520,0.9926,0.993,0.70,2.00
2007.11.15 02:25:21.763,0.9926,0.993,1.10,2.00
2007.11.15 02:25:21.945,0.9926,0.993,1.60,2.00
2007.11.15 02:25:22.128,0.9925,0.993,10.40,2.00
2007.11.15 02:25:22.311,0.9926,0.993,0.50,2.00
2007.11.15 02:25:22.494,0.9926,0.993,0.60,2.00
2007.11.15 02:25:22.677,0.9925,0.993,10.40,2.00
2007.11.15 02:25:22.859,0.9925,0.993,10.40,2.00
2007.11.15 02:25:23.042,0.9925,0.993,8.80,2.00
2007.11.15 02:25:23.224,0.9925,0.993,8.80,2.00
2007.11.15 02:25:23.409,0.9926,0.9929,3.00,1.60
2007.11.15 02:25:23.592,0.9925,0.9929,8.80,1.60
2007.11.15 02:25:23.775,0.9926,0.9929,0.80,1.60
2007.11.15 02:25:24.028,0.9926,0.9929,0.90,1.60
2007.11.15 02:25:24.285,0.9926,0.9929,0.90,1.60
2007.11.15 02:25:24.645,0.9925,0.9929,4.80,1.60
2007.11.15 02:25:24.898,0.9925,0.9929,4.80,1.60
2007.11.15 02:25:25.080,0.9926,0.9929,0.50,1.60
2007.11.15 02:25:25.266,0.9925,0.9929,4.80,1.60
2007.11.15 02:25:25.448,0.9925,0.993,4.80,3.60
2007.11.15 02:25:25.631,0.9926,0.993,0.90,3.60
2007.11.15 02:25:25.814,0.9925,0.9929,4.10,0.50
2007.11.15 02:25:25.997,0.9925,0.9929,4.10,0.50
2007.11.15 02:25:26.328,0.9925,0.9929,4.10,0.50
2007.11.15 02:25:26.660,0.9925,0.9929,4.10,0.50
2007.11.15 02:25:26.995,0.9926,0.9929,1.70,2.00
2007.11.15 02:25:27.152,0.9927,0.9929,0.50,2.00
2007.11.15 02:25:27.311,0.9927,0.9929,0.50,2.00
2007.11.15 02:25:27.469,0.9927,0.9929,0.50,2.00
2007.11.15 02:25:27.627,0.9926,0.9929,1.70,2.00
2007.11.15 02:25:27.785,0.9927,0.993,0.50,3.60
2007.11.15 02:25:27.944,0.9926,0.993,4.10,3.60
2007.11.15 02:25:28.187,0.9927,0.993,0.50,3.60
2007.11.15 02:25:28.431,0.9927,0.993,0.50,3.60
2007.11.15 02:25:28.674,0.9926,0.993,4.10,3.60
2007.11.15 02:25:28.916,0.9927,0.993,0.50,3.60
2007.11.15 02:25:29.158,0.9926,0.993,4.10,3.60
2007.11.15 02:25:29.353,0.9926,0.993,4.10,3.60
2007.11.15 02:25:29.545,0.9926,0.993,4.10,3.60
2007.11.15 02:25:29.737,0.9927,0.993,0.50,3.60
2007.11.15 02:25:29.930,0.9927,0.993,0.50,3.60
2007.11.15 02:25:30.122,0.9926,0.993,4.10,3.60
2007.11.15 02:25:30.256,0.9927,0.993,0.50,3.60
2007.11.15 02:25:30.388,0.9927,0.993,0.50,3.60
2007.11.15 02:25:30.520,0.9926,0.993,4.10,3.60
2007.11.15 02:25:30.807,0.9926,0.993,4.10,3.60
2007.11.15 02:25:30.818,0.9925,0.993,20.00,3.60
2007.11.15 02:25:30.952,0.9926,0.993,0.60,2.00
2007.11.15 02:25:31.086,0.9926,0.993,0.80,2.00
2007.11.15 02:25:31.365,0.9925,0.993,8.80,2.00
2007.11.15 02:25:31.642,0.9925,0.993,8.80,2.00
2007.11.15 02:25:31.919,0.9926,0.993,0.60,2.00
2007.11.15 02:25:32.196,0.9925,0.993,8.80,2.00
2007.11.15 02:25:32.320,0.9926,0.993,1.00,2.00
2007.11.15 02:25:32.443,0.9925,0.993,8.80,2.00
2007.11.15 02:25:32.565,0.9925,0.993,8.80,2.00
2007.11.15 02:25:32.688,0.9926,0.993,0.70,2.00
2007.11.15 02:25:32.811,0.9925,0.993,8.80,2.00
2007.11.15 02:25:32.934,0.9926,0.993,0.90,2.80
2007.11.15 02:25:33.057,0.9925,0.993,4.80,2.80
2007.11.15 02:25:33.180,0.9925,0.99295,4.10,0.80
2007.11.15 02:25:33.303,0.9926,0.9929,0.50,0.50
2007.11.15 02:25:33.603,0.9926,0.9929,0.50,0.50
2007.11.15 02:25:33.890,0.9925,0.9929,6.50,0.50
2007.11.15 02:25:34.183,0.9926,0.9929,0.50,0.50
2007.11.15 02:25:34.476,0.9925,0.9929,6.50,0.50
2007.11.15 02:25:34.664,0.9926,0.9929,0.50,0.50
2007.11.15 02:25:34.852,0.9925,0.9929,8.10,2.00
2007.11.15 02:25:35.040,0.9925,0.9929,8.10,2.00
2007.11.15 02:25:35.227,0.9926,0.9929,0.50,2.00
2007.11.15 02:25:35.410,0.9925,0.9929,8.10,2.00
2007.11.15 02:25:35.592,0.9926,0.9929,0.50,2.00
2007.11.15 02:25:35.775,0.9925,0.9929,8.10,2.00
2007.11.15 02:25:35.958,0.9926,0.9929,0.50,2.00
2007.11.15 02:25:36.141,0.9925,0.9929,8.10,2.00
2007.11.15 02:25:36.324,0.9925,0.9929,8.10,2.00
2007.11.15 02:25:36.581,0.9926,0.9929,0.50,2.00
2007.11.15 02:25:36.977,0.9924,0.9928,4.00,0.50
2007.11.15 02:25:37.236,0.9924,0.9928,4.00,0.50
2007.11.15 02:25:37.374,0.9924,0.99285,6.80,1.30
2007.11.15 02:25:37.494,0.9924,0.99285,4.00,1.30
2007.11.15 02:25:37.717,0.9925,0.9928,0.80,0.50
2007.11.15 02:25:37.940,0.9925,0.9928,0.80,0.50
2007.11.15 02:25:38.163,0.9924,0.99285,5.60,2.80
2007.11.15 02:25:38.386,0.9925,0.9928,0.50,0.60
2007.11.15 02:25:38.638,0.9924,0.9929,6.40,3.70
2007.11.15 02:25:38.891,0.9925,0.9928,0.70,0.50
2007.11.15 02:25:39.144,0.9925,0.9929,0.70,0.90
2007.11.15 02:25:39.397,0.9925,0.9929,0.60,0.60
2007.11.15 02:25:39.600,0.9924,0.99295,15.20,2.80
2007.11.15 02:25:39.803,0.9924,0.99295,15.20,2.80
2007.11.15 02:25:40.006,0.9924,0.99295,15.20,2.80
2007.11.15 02:25:40.208,0.9924,0.99295,15.20,2.80
2007.11.15 02:25:40.411,0.9925,0.99295,6.50,2.80
2007.11.15 02:25:40.615,0.9926,0.9929,0.50,0.60
2007.11.15 02:25:40.867,0.9926,0.9929,0.50,0.80
2007.11.15 02:25:41.119,0.9925,0.99295,6.50,2.80
2007.11.15 02:25:41.372,0.9926,0.9929,0.50,0.60
2007.11.15 02:25:41.625,0.9926,0.9929,0.50,0.80
2007.11.15 02:25:41.824,0.9924,0.99295,17.20,2.80
2007.11.15 02:25:42.023,0.9925,0.9929,0.50,0.70
2007.11.15 02:25:42.221,0.99245,0.9929,9.60,2.80
2007.11.15 02:25:42.419,0.9925,0.9928,2.80,0.50
2007.11.15 02:25:42.642,0.9925,0.99285,2.80,1.30
2007.11.15 02:25:42.864,0.9925,0.99285,2.80,1.30
2007.11.15 02:25:43.146,0.9925,0.99285,2.80,1.30
2007.11.15 02:25:43.367,0.9925,0.99285,2.40,1.30
2007.11.15 02:25:43.590,0.9925,0.99285,2.40,1.30
2007.11.15 02:25:43.787,0.9925,0.99285,2.80,1.30
2007.11.15 02:25:43.986,0.9925,0.9928,2.80,0.50
2007.11.15 02:25:44.182,0.9925,0.9928,2.80,0.50
2007.11.15 02:25:44.381,0.9925,0.99285,2.80,1.30
2007.11.15 02:25:44.579,0.9925,0.99285,2.80,1.30
2007.11.15 02:25:44.748,0.9925,0.99285,2.80,1.30
2007.11.15 02:25:44.915,0.9925,0.9928,2.80,0.50
2007.11.15 02:25:45.082,0.9925,0.99285,2.80,1.30
2007.11.15 02:25:45.256,0.9925,0.99285,2.80,1.30
2007.11.15 02:25:45.424,0.9925,0.9928,2.80,0.50
2007.11.15 02:25:45.593,0.9925,0.99285,2.80,1.30
2007.11.15 02:25:45.836,0.9925,0.99275,2.40,1.30
2007.11.15 02:25:46.079,0.9925,0.99275,2.40,1.30
2007.11.15 02:25:46.323,0.9925,0.9928,2.80,0.50
2007.11.15 02:25:46.566,0.9925,0.9928,2.80,0.50
2007.11.15 02:25:46.820,0.9925,0.9928,2.40,0.70
2007.11.15 02:25:47.072,0.9925,0.99285,2.40,2.80
2007.11.15 02:25:47.325,0.9925,0.99285,2.40,2.80
2007.11.15 02:25:47.577,0.9925,0.99285,2.40,2.80
2007.11.15 02:25:47.770,0.9925,0.9928,2.40,0.60
2007.11.15 02:25:47.963,0.9925,0.99285,2.40,2.80
2007.11.15 02:25:48.156,0.9925,0.9928,2.40,0.80
2007.11.15 02:25:48.349,0.9925,0.9929,2.40,2.20
2007.11.15 02:25:48.543,0.9925,0.9928,2.40,0.80
2007.11.15 02:25:48.735,0.9925,0.9929,2.40,2.20
2007.11.15 02:25:48.964,0.9925,0.9928,2.40,0.80
2007.11.15 02:25:49.314,0.9925,0.9928,2.40,0.80
2007.11.15 02:25:49.545,0.9925,0.99295,2.40,9.20
2007.11.15 02:25:49.773,0.9925,0.9929,2.40,0.70
2007.11.15 02:25:49.976,0.9925,0.9929,2.40,0.60
2007.11.15 02:25:50.180,0.9925,0.99295,2.40,8.80
2007.11.15 02:25:50.383,0.9925,0.9929,2.40,0.70
2007.11.15 02:25:50.585,0.9925,0.9929,2.40,2.10
2007.11.15 02:25:50.795,0.9925,0.9928,2.40,0.90
2007.11.15 02:25:51.067,0.9925,0.9929,2.40,2.10
2007.11.15 02:25:51.345,0.9925,0.9928,2.40,0.50
2007.11.15 02:25:51.623,0.9925,0.9929,2.40,0.50
2007.11.15 02:25:51.900,0.9925,0.9929,2.40,0.70
2007.11.15 02:25:52.048,0.9925,0.99295,2.40,2.80
2007.11.15 02:25:52.197,0.9925,0.99295,3.20,2.80
2007.11.15 02:25:52.345,0.9925,0.9929,3.60,0.60
2007.11.15 02:25:52.492,0.9925,0.99295,3.60,2.80
2007.11.15 02:25:52.639,0.9925,0.9929,3.60,0.70
2007.11.15 02:25:52.794,0.9925,0.99295,3.60,2.80
2007.11.15 02:25:53.102,0.9925,0.99295,3.60,4.60
2007.11.15 02:25:53.411,0.9925,0.99285,2.80,1.30
2007.11.15 02:25:53.718,0.9925,0.99285,0.50,1.30
2007.11.15 02:25:54.026,0.9925,0.99285,0.50,2.80
2007.11.15 02:25:54.214,0.9925,0.9928,0.50,0.60
2007.11.15 02:25:54.402,0.9925,0.9928,0.50,0.90
2007.11.15 02:25:54.591,0.9925,0.9928,0.50,0.90
2007.11.15 02:25:54.778,0.9925,0.99285,0.50,6.80
2007.11.15 02:25:54.966,0.9925,0.99285,0.50,6.80
2007.11.15 02:25:55.180,0.9925,0.99285,0.50,6.80
2007.11.15 02:25:55.476,0.9925,0.99285,0.50,6.80
2007.11.15 02:25:55.682,0.9925,0.99285,0.50,6.80
2007.11.15 02:25:55.889,0.9925,0.9928,0.50,0.50
2007.11.15 02:25:56.114,0.9925,0.99285,0.50,6.80
2007.11.15 02:25:56.335,0.9925,0.9928,0.50,0.50
2007.11.15 02:25:56.558,0.9925,0.9928,0.50,0.50
2007.11.15 02:25:56.781,0.9925,0.99285,0.50,6.80
2007.11.15 02:25:57.006,0.9925,0.99285,0.50,8.40
2007.11.15 02:25:57.229,0.9925,0.99285,0.50,8.60
2007.11.15 02:25:57.452,0.9924,0.9928,1.20,0.90
2007.11.15 02:25:57.676,0.9924,0.9928,0.50,8.50
2007.11.15 02:25:57.899,0.9924,0.99275,0.50,1.30
2007.11.15 02:25:58.121,0.9924,0.99275,0.50,2.80
2007.11.15 02:25:58.414,0.9924,0.99275,0.50,2.80
2007.11.15 02:25:58.708,0.9924,0.99275,0.50,2.80
2007.11.15 02:25:59.001,0.9924,0.9927,0.50,0.70
2007.11.15 02:25:59.183,0.9924,0.99275,0.50,2.80
2007.11.15 02:25:59.367,0.9924,0.9927,0.50,0.90
2007.11.15 02:25:59.550,0.9924,0.99275,0.50,2.80
2007.11.15 02:25:59.732,0.9924,0.99275,0.50,2.80
2007.11.15 02:25:59.916,0.9924,0.99275,0.50,2.80
2007.11.15 02:26:00.098,0.9924,0.99275,0.50,2.80
2007.11.15 02:26:00.296,0.9924,0.99275,0.50,2.80
2007.11.15 02:26:00.495,0.9924,0.9927,0.50,0.90
2007.11.15 02:26:00.692,0.9924,0.99265,0.50,0.80
2007.11.15 02:26:00.891,0.9923,0.9926,0.50,0.50
2007.11.15 02:26:01.088,0.9923,0.99265,0.50,1.30
2007.11.15 02:26:01.391,0.9923,0.99265,0.50,1.30
2007.11.15 02:26:01.695,0.9923,0.9926,0.50,0.50
2007.11.15 02:26:01.997,0.9923,0.99265,0.50,1.30
2007.11.15 02:26:02.145,0.9923,0.9926,0.50,0.50
2007.11.15 02:26:02.293,0.9923,0.9926,0.50,0.50
2007.11.15 02:26:02.440,0.9923,0.99265,0.50,1.30
2007.11.15 02:26:02.588,0.9923,0.99265,0.50,1.30
2007.11.15 02:26:02.735,0.9923,0.99265,0.50,1.30
2007.11.15 02:26:02.889,0.9923,0.9926,0.50,0.50
2007.11.15 02:26:03.036,0.9923,0.99265,0.50,1.30
2007.11.15 02:26:03.245,0.9922,0.9926,0.50,6.00
2007.11.15 02:26:03.454,0.9922,0.9926,0.50,7.70
2007.11.15 02:26:03.662,0.9922,0.99255,0.50,1.30
2007.11.15 02:26:03.870,0.9922,0.99255,0.50,1.30
2007.11.15 02:26:04.078,0.9922,0.9925,0.50,0.50
2007.11.15 02:26:04.271,0.9922,0.9925,0.50,0.50
2007.11.15 02:26:04.464,0.9922,0.9924,0.50,0.70
2007.11.15 02:26:04.662,0.9922,0.9925,0.50,2.10
2007.11.15 02:26:04.850,0.9922,0.9924,0.50,0.70
2007.11.15 02:26:05.044,0.9922,0.9925,0.50,2.50
2007.11.15 02:26:05.238,0.992,0.9924,5.60,0.80
2007.11.15 02:26:05.446,0.9922,0.9925,2.40,2.10
2007.11.15 02:26:05.654,0.9922,0.9924,2.40,1.60
2007.11.15 02:26:05.863,0.992,0.9924,5.20,1.60
2007.11.15 02:26:06.070,0.992,0.9924,5.20,1.60
2007.11.15 02:26:06.278,0.9921,0.9924,2.40,1.60
2007.11.15 02:26:06.612,0.9921,0.9924,3.20,1.60
2007.11.15 02:26:06.944,0.9921,0.9924,3.20,1.60
2007.11.15 02:26:07.276,0.9921,0.9924,3.20,1.60
2007.11.15 02:26:07.485,0.9921,0.9924,3.20,1.60
2007.11.15 02:26:07.821,0.9921,0.9924,3.60,1.60
2007.11.15 02:26:08.029,0.9921,0.9924,3.60,1.60
2007.11.15 02:26:08.238,0.9922,0.9924,0.50,1.60
2007.11.15 02:26:08.396,0.9922,0.9924,0.50,1.60
2007.11.15 02:26:08.553,0.9922,0.9924,0.50,1.60
2007.11.15 02:26:08.710,0.9922,0.9924,0.50,1.60
2007.11.15 02:26:08.869,0.9922,0.9924,0.50,1.60
2007.11.15 02:26:09.026,0.9922,0.9924,0.50,1.60
2007.11.15 02:26:09.184,0.9922,0.9925,0.50,2.00
2007.11.15 02:26:09.341,0.9922,0.9925,0.50,2.00
2007.11.15 02:26:09.682,0.9923,0.9925,0.80,2.00
2007.11.15 02:26:10.014,0.9923,0.9925,1.20,1.60
2007.11.15 02:26:10.347,0.9923,0.9925,1.20,1.60
2007.11.15 02:26:10.525,0.9923,0.9925,1.20,1.60
2007.11.15 02:26:10.703,0.9923,0.9925,1.20,1.60
2007.11.15 02:26:10.881,0.9923,0.9925,1.20,1.60
2007.11.15 02:26:11.058,0.9923,0.9925,1.20,1.60
2007.11.15 02:26:11.237,0.9923,0.9926,3.60,1.60
2007.11.15 02:26:11.415,0.9923,0.9926,3.60,1.60
2007.11.15 02:26:11.723,0.9923,0.9926,0.50,1.60
2007.11.15 02:26:12.034,0.99225,0.9926,6.80,1.60
2007.11.15 02:26:12.345,0.99225,0.9926,6.80,1.60
2007.11.15 02:26:12.529,0.9922,0.9927,4.00,11.60
2007.11.15 02:26:12.712,0.9922,0.9927,4.00,11.60
2007.11.15 02:26:12.896,0.9922,0.9927,4.00,11.60
2007.11.15 02:26:13.079,0.9922,0.9927,4.00,11.60
2007.11.15 02:26:13.262,0.9922,0.9927,6.40,9.20
2007.11.15 02:26:13.446,0.9923,0.9927,0.50,3.20
2007.11.15 02:26:13.750,0.9923,0.9927,0.50,3.60
2007.11.15 02:26:14.053,0.9923,0.9927,0.50,3.60
2007.11.15 02:26:14.356,0.9923,0.9926,0.50,0.50
2007.11.15 02:26:14.499,0.9923,0.9926,0.50,0.50
2007.11.15 02:26:14.648,0.9923,0.9926,0.50,0.50
2007.11.15 02:26:14.785,0.9923,0.9926,0.50,0.50
2007.11.15 02:26:14.927,0.9923,0.9926,0.50,0.50
2007.11.15 02:26:15.071,0.9923,0.9926,0.50,0.50
2007.11.15 02:26:15.212,0.9923,0.9926,0.50,0.50
2007.11.15 02:26:15.355,0.9923,0.9926,0.50,0.50
2007.11.15 02:26:15.610,0.9923,0.9926,0.50,0.50
2007.11.15 02:26:15.853,0.9923,0.9926,0.50,0.50
2007.11.15 02:26:16.095,0.9923,0.9926,0.50,0.50
2007.11.15 02:26:16.340,0.9923,0.9926,0.50,2.00
2007.11.15 02:26:16.582,0.9923,0.9926,0.50,2.00
2007.11.15 02:26:16.835,0.9923,0.9926,0.50,2.00
2007.11.15 02:26:17.087,0.9923,0.9926,0.50,2.00
2007.11.15 02:26:17.339,0.9923,0.9926,0.50,2.00
2007.11.15 02:26:17.592,0.9923,0.9926,0.50,2.00
2007.11.15 02:26:17.735,0.9923,0.9926,0.50,2.00
2007.11.15 02:26:17.878,0.9923,0.9926,0.50,2.00
2007.11.15 02:26:18.020,0.9923,0.9926,0.50,2.00
2007.11.15 02:26:18.170,0.9923,0.9926,0.50,2.00
2007.11.15 02:26:18.305,0.9923,0.9926,0.50,2.00
2007.11.15 02:26:18.449,0.9923,0.9926,0.50,2.00
2007.11.15 02:26:18.667,0.9923,0.9926,0.50,2.00
2007.11.15 02:26:18.890,0.9923,0.9926,0.50,2.00
2007.11.15 02:26:19.103,0.9923,0.9926,0.50,2.00
2007.11.15 02:26:19.321,0.9923,0.9926,0.50,2.00
2007.11.15 02:26:19.539,0.9923,0.9926,0.50,2.00
2007.11.15 02:26:19.682,0.9923,0.9926,0.50,2.00
2007.11.15 02:26:19.825,0.9923,0.9926,0.50,2.00
2007.11.15 02:26:19.967,0.9923,0.9926,0.50,2.00
2007.11.15 02:26:20.153,0.9923,0.9926,0.50,2.00
2007.11.15 02:26:20.296,0.9923,0.9926,0.50,2.00
2007.11.15 02:26:20.438,0.9923,0.9926,0.50,2.00
2007.11.15 02:26:20.581,0.9923,0.9926,0.50,2.00
2007.11.15 02:26:20.740,0.9923,0.9926,1.20,2.00
2007.11.15 02:26:20.898,0.9923,0.9926,1.20,1.60
2007.11.15 02:26:21.056,0.9923,0.9926,1.20,1.60
2007.11.15 02:26:21.214,0.9923,0.9926,1.20,1.60
2007.11.15 02:26:21.372,0.9923,0.9926,1.20,1.60
2007.11.15 02:26:21.530,0.9923,0.9926,1.20,1.60
2007.11.15 02:26:21.688,0.9923,0.9926,1.20,1.60
2007.11.15 02:26:22.026,0.9923,0.9926,1.20,1.60
2007.11.15 02:26:22.354,0.9923,0.9926,1.20,1.60
2007.11.15 02:26:22.689,0.9923,0.99265,0.50,0.80
2007.11.15 02:26:22.811,0.9923,0.9926,0.50,0.50
2007.11.15 02:26:22.936,0.9923,0.9926,0.50,0.50
2007.11.15 02:26:23.058,0.9923,0.9926,0.50,0.50
2007.11.15 02:26:23.181,0.9923,0.9926,0.50,0.50
2007.11.15 02:26:23.303,0.9923,0.9926,0.50,0.50
2007.11.15 02:26:23.426,0.9923,0.9926,0.50,0.50
2007.11.15 02:26:23.548,0.9923,0.9926,0.50,0.50
2007.11.15 02:26:23.670,0.9923,0.9926,0.50,0.50
2007.11.15 02:26:23.794,0.9923,0.9926,0.50,0.50
2007.11.15 02:26:24.102,0.9923,0.9926,0.50,0.50
2007.11.15 02:26:24.409,0.9923,0.9926,0.50,0.50
2007.11.15 02:26:24.716,0.9923,0.9926,1.20,0.50
2007.11.15 02:26:25.024,0.9924,0.9926,0.50,1.60
2007.11.15 02:26:25.152,0.9924,0.9926,0.50,1.60
2007.11.15 02:26:25.280,0.9924,0.9926,0.50,1.60
2007.11.15 02:26:25.408,0.9924,0.9926,0.50,1.60
2007.11.15 02:26:25.535,0.9924,0.9926,0.50,1.60
2007.11.15 02:26:25.663,0.9924,0.9926,0.50,1.60
2007.11.15 02:26:25.797,0.9924,0.9926,0.50,1.60
2007.11.15 02:26:26.109,0.9924,0.9926,0.50,1.60
2007.11.15 02:26:26.426,0.9923,0.9927,1.20,2.00
2007.11.15 02:26:26.745,0.9923,0.9927,1.20,2.00
2007.11.15 02:26:26.883,0.9923,0.9927,1.20,2.00
2007.11.15 02:26:27.021,0.9923,0.9927,1.20,2.00
2007.11.15 02:26:27.159,0.9923,0.9927,1.20,2.00
2007.11.15 02:26:27.298,0.9923,0.9927,1.20,2.00
2007.11.15 02:26:27.436,0.9923,0.9927,1.20,2.00
2007.11.15 02:26:27.573,0.9923,0.9927,1.20,2.00
2007.11.15 02:26:27.711,0.9923,0.9927,1.20,2.00
2007.11.15 02:26:27.848,0.9923,0.9927,1.20,2.00
2007.11.15 02:26:28.065,0.9923,0.9927,1.20,2.00
2007.11.15 02:26:28.277,0.9923,0.99265,0.50,0.80
2007.11.15 02:26:28.490,0.9923,0.9926,0.50,0.50
2007.11.15 02:26:28.704,0.9923,0.9926,0.50,0.50
2007.11.15 02:26:28.916,0.9923,0.9926,0.50,0.50
2007.11.15 02:26:29.175,0.9923,0.9926,0.50,0.50
2007.11.15 02:26:29.433,0.9923,0.9926,0.50,2.00
2007.11.15 02:26:29.690,0.9923,0.9926,0.50,2.00
2007.11.15 02:26:29.949,0.9923,0.9926,0.50,2.00
2007.11.15 02:26:30.123,0.9923,0.9926,0.50,2.00
2007.11.15 02:26:30.291,0.9924,0.9927,0.50,3.60
2007.11.15 02:26:30.460,0.9924,0.9927,0.50,3.60
2007.11.15 02:26:30.628,0.9924,0.9927,0.50,3.60
2007.11.15 02:26:30.797,0.9923,0.9927,1.20,3.60
2007.11.15 02:26:30.965,0.9923,0.9927,1.20,2.00
2007.11.15 02:26:31.297,0.9923,0.9927,1.20,2.00
2007.11.15 02:26:31.630,0.9923,0.9927,1.20,2.00
2007.11.15 02:26:31.964,0.9922,0.9927,3.60,2.00
2007.11.15 02:26:32.097,0.9922,0.9927,3.60,3.60
2007.11.15 02:26:32.229,0.9922,0.9927,3.60,3.60
2007.11.15 02:26:32.477,0.9922,0.9927,3.60,2.00
2007.11.15 02:26:32.610,0.9922,0.9927,3.60,2.00
2007.11.15 02:26:32.743,0.9923,0.9926,3.20,1.60
2007.11.15 02:26:32.876,0.9923,0.9926,3.20,1.60
2007.11.15 02:26:33.009,0.9923,0.9926,3.20,1.60
2007.11.15 02:26:33.246,0.9923,0.9926,3.20,1.60
2007.11.15 02:26:33.485,0.9923,0.9926,3.20,1.60
2007.11.15 02:26:33.723,0.9923,0.9926,3.20,1.60
2007.11.15 02:26:33.961,0.9923,0.9927,0.80,3.60
2007.11.15 02:26:34.200,0.9922,0.9926,3.60,0.80
2007.11.15 02:26:34.382,0.9922,0.9926,3.60,0.80
2007.11.15 02:26:34.572,0.9922,0.9926,3.60,0.80
2007.11.15 02:26:34.748,0.9922,0.9926,3.60,0.80
2007.11.15 02:26:34.932,0.9922,0.9926,3.60,0.80
2007.11.15 02:26:35.115,0.9922,0.9926,3.60,0.80
2007.11.15 02:26:35.323,0.9922,0.9926,3.60,0.80
2007.11.15 02:26:35.530,0.9922,0.9926,3.60,0.80
2007.11.15 02:26:35.738,0.9922,0.9926,3.60,0.80
2007.11.15 02:26:35.946,0.9922,0.9926,3.60,0.80
2007.11.15 02:26:36.154,0.9922,0.9926,3.60,0.80
2007.11.15 02:26:36.457,0.9922,0.9926,1.20,1.20
2007.11.15 02:26:36.759,0.9922,0.9926,1.20,1.20
2007.11.15 02:26:37.062,0.9922,0.9926,1.20,1.20
2007.11.15 02:26:37.365,0.9922,0.9926,1.20,1.20
2007.11.15 02:26:37.578,0.9922,0.9926,1.20,1.20
2007.11.15 02:26:37.790,0.9922,0.9926,1.20,1.20
2007.11.15 02:26:38.003,0.9922,0.9926,1.20,1.20
2007.11.15 02:26:38.215,0.9922,0.9926,1.20,1.20
2007.11.15 02:26:38.359,0.9922,0.9926,1.20,1.20
2007.11.15 02:26:38.641,0.9922,0.9926,3.60,1.20
2007.11.15 02:26:38.781,0.9922,0.9926,3.60,1.20
2007.11.15 02:26:38.925,0.9923,0.9926,0.50,1.20
2007.11.15 02:26:39.071,0.9923,0.9926,0.50,1.20
2007.11.15 02:26:39.216,0.9923,0.9926,0.50,1.20
2007.11.15 02:26:39.413,0.9923,0.9926,0.50,1.20
2007.11.15 02:26:39.611,0.9923,0.9926,0.50,1.20
2007.11.15 02:26:39.808,0.9923,0.9926,0.50,1.20
2007.11.15 02:26:40.006,0.9923,0.9926,0.50,1.20
2007.11.15 02:26:40.205,0.9923,0.9926,0.50,1.20
2007.11.15 02:26:40.402,0.9923,0.9926,0.50,1.20
2007.11.15 02:26:40.571,0.9923,0.9926,0.50,1.20
2007.11.15 02:26:40.739,0.9923,0.9926,0.50,1.20
2007.11.15 02:26:40.907,0.9923,0.9926,0.50,1.20
2007.11.15 02:26:41.075,0.9923,0.9926,0.50,1.20
2007.11.15 02:26:41.242,0.9923,0.9926,0.50,1.20
2007.11.15 02:26:41.409,0.9923,0.9926,0.50,1.20
2007.11.15 02:26:41.658,0.9923,0.9926,0.50,1.20
2007.11.15 02:26:41.905,0.9923,0.9926,0.50,1.20
2007.11.15 02:26:42.154,0.9923,0.9926,0.50,1.20
2007.11.15 02:26:42.401,0.9923,0.9926,0.50,1.20
2007.11.15 02:26:42.492,0.9922,0.9926,4.10,1.20
2007.11.15 02:26:42.536,0.9923,0.9926,0.50,1.20
2007.11.15 02:26:42.664,0.9923,0.9926,0.50,1.20
2007.11.15 02:26:42.791,0.9923,0.9926,0.50,1.20
2007.11.15 02:26:42.920,0.9923,0.9926,0.50,1.20
2007.11.15 02:26:43.047,0.9923,0.9926,0.50,1.20
2007.11.15 02:26:43.175,0.9923,0.9926,0.50,1.20
2007.11.15 02:26:43.304,0.9923,0.9926,0.50,1.20
2007.11.15 02:26:43.431,0.9923,0.9926,0.50,1.20
2007.11.15 02:26:43.685,0.9923,0.9926,0.50,1.20
2007.11.15 02:26:43.937,0.9923,0.9926,0.50,1.20
2007.11.15 02:26:44.190,0.9923,0.9926,0.50,1.20
2007.11.15 02:26:44.443,0.9923,0.9926,0.50,1.20
2007.11.15 02:26:44.570,0.9923,0.9926,0.50,1.20
2007.11.15 02:26:44.800,0.9923,0.9926,0.50,1.20
2007.11.15 02:26:44.927,0.9923,0.9926,0.50,1.20
2007.11.15 02:26:45.056,0.9923,0.9926,0.50,1.20
2007.11.15 02:26:45.184,0.9923,0.9926,0.50,1.20
2007.11.15 02:26:45.312,0.9923,0.9926,0.50,1.20
2007.11.15 02:26:45.440,0.9923,0.9926,0.50,1.20
2007.11.15 02:26:45.617,0.9923,0.9926,0.50,1.20
2007.11.15 02:26:45.801,0.9923,0.9926,0.50,1.20
2007.11.15 02:26:45.972,0.9923,0.9926,0.50,1.20
2007.11.15 02:26:46.150,0.9923,0.9926,0.50,1.20
2007.11.15 02:26:46.327,0.9923,0.9926,0.50,1.20
2007.11.15 02:26:46.505,0.9923,0.9926,0.50,1.20
2007.11.15 02:26:46.769,0.9923,0.9926,1.20,1.20
2007.11.15 02:26:47.033,0.9924,0.9926,0.50,0.80
2007.11.15 02:26:47.296,0.9924,0.9926,0.50,0.80
2007.11.15 02:26:47.559,0.9924,0.9926,0.50,0.80
2007.11.15 02:26:47.728,0.9923,0.9926,3.60,0.80
2007.11.15 02:26:47.896,0.9923,0.9927,1.20,2.80
2007.11.15 02:26:48.064,0.9923,0.9927,1.20,2.80
2007.11.15 02:26:48.232,0.9923,0.9927,1.20,2.80
2007.11.15 02:26:48.399,0.9923,0.9927,1.20,2.80
2007.11.15 02:26:48.566,0.9923,0.9927,1.20,2.80
2007.11.15 02:26:48.733,0.9923,0.9927,1.20,2.80
2007.11.15 02:26:48.961,0.9923,0.9927,1.20,2.80
2007.11.15 02:26:49.190,0.9923,0.9927,1.20,2.80
2007.11.15 02:26:49.417,0.9923,0.9927,1.20,2.80
2007.11.15 02:26:49.645,0.9923,0.9927,1.20,2.80
2007.11.15 02:26:49.782,0.9923,0.9927,1.20,2.80
2007.11.15 02:26:49.920,0.9923,0.9927,1.20,2.80
2007.11.15 02:26:50.058,0.9923,0.9927,1.20,2.80
2007.11.15 02:26:50.195,0.9923,0.9927,1.20,2.80
2007.11.15 02:26:50.334,0.9923,0.9927,1.20,2.80
2007.11.15 02:26:50.472,0.9923,0.9927,1.20,2.80
2007.11.15 02:26:50.611,0.9923,0.9927,1.20,2.80
2007.11.15 02:26:50.748,0.9923,0.9927,1.20,2.80
2007.11.15 02:26:50.981,0.9923,0.9927,1.20,2.80
2007.11.15 02:26:51.215,0.9923,0.9927,1.20,2.80
2007.11.15 02:26:51.449,0.9923,0.9927,1.20,2.80
2007.11.15 02:26:51.681,0.9923,0.9927,1.20,2.80
2007.11.15 02:26:51.948,0.9923,0.9927,1.20,2.80
2007.11.15 02:26:52.220,0.9923,0.9927,1.20,2.80
2007.11.15 02:26:52.487,0.9923,0.9927,1.20,2.80
2007.11.15 02:26:52.755,0.9923,0.9927,1.20,2.80
2007.11.15 02:26:52.883,0.9923,0.9927,1.20,2.80
2007.11.15 02:26:53.017,0.9923,0.9927,1.20,2.80
2007.11.15 02:26:53.145,0.9923,0.9927,1.20,2.80
2007.11.15 02:26:53.273,0.9923,0.9927,1.20,2.80
2007.11.15 02:26:53.400,0.9923,0.9927,1.20,2.80
2007.11.15 02:26:53.528,0.9923,0.9927,1.20,2.80
2007.11.15 02:26:53.656,0.9923,0.9927,1.20,2.80
2007.11.15 02:26:53.784,0.9923,0.9927,1.20,2.80
2007.11.15 02:26:54.012,0.9923,0.9927,1.20,2.80
2007.11.15 02:26:54.240,0.9923,0.9927,1.20,2.80
2007.11.15 02:26:54.467,0.9923,0.9927,1.20,2.80
2007.11.15 02:26:54.694,0.9923,0.9927,1.20,2.80
2007.11.15 02:26:54.922,0.9923,0.9927,1.20,2.80
2007.11.15 02:26:55.130,0.9923,0.9927,1.20,2.80
2007.11.15 02:26:55.337,0.9923,0.9927,3.60,1.20
2007.11.15 02:26:55.546,0.9923,0.9927,3.60,1.20
2007.11.15 02:26:55.753,0.9924,0.9927,0.50,1.20
2007.11.15 02:26:55.961,0.9924,0.9927,0.50,1.20
2007.11.15 02:26:56.154,0.9924,0.9927,0.50,1.20
2007.11.15 02:26:56.346,0.9923,0.9926,2.80,0.50
2007.11.15 02:26:56.539,0.9923,0.9926,2.80,0.50
2007.11.15 02:26:56.732,0.9923,0.9926,2.80,0.50
2007.11.15 02:26:56.925,0.9923,0.9926,2.80,0.50
2007.11.15 02:26:57.208,0.9923,0.9926,2.80,0.50
2007.11.15 02:26:57.491,0.9923,0.9926,5.20,0.50
2007.11.15 02:26:57.774,0.9923,0.9926,6.00,0.50
2007.11.15 02:26:58.056,0.9924,0.9926,0.50,0.80
2007.11.15 02:26:58.250,0.9924,0.9926,0.50,0.80
2007.11.15 02:26:58.445,0.9924,0.9926,0.50,0.80
2007.11.15 02:26:58.637,0.9924,0.9926,0.50,0.80
2007.11.15 02:26:58.831,0.9924,0.9926,0.50,0.80
2007.11.15 02:26:59.023,0.9924,0.9926,0.50,0.80
2007.11.15 02:26:59.231,0.9924,0.9926,0.50,0.80
2007.11.15 02:26:59.438,0.9924,0.9926,0.50,0.80
2007.11.15 02:26:59.646,0.9924,0.9926,0.50,0.80
2007.11.15 02:26:59.853,0.9924,0.9926,0.50,0.80
2007.11.15 02:27:00.062,0.9924,0.9926,0.50,0.80
2007.11.15 02:27:00.209,0.9923,0.9926,3.60,0.80
2007.11.15 02:27:00.357,0.9923,0.9927,3.60,1.20
2007.11.15 02:27:00.505,0.9923,0.9927,3.60,2.80
2007.11.15 02:27:00.653,0.9923,0.9927,3.60,2.80
2007.11.15 02:27:00.801,0.9923,0.9927,3.60,2.40
2007.11.15 02:27:00.949,0.9923,0.9927,3.60,2.40
2007.11.15 02:27:01.099,0.9923,0.9927,3.60,0.80
2007.11.15 02:27:01.432,0.9923,0.9927,3.60,0.80
2007.11.15 02:27:01.764,0.9923,0.9927,3.60,0.80
2007.11.15 02:27:02.096,0.9923,0.9927,3.60,0.80
2007.11.15 02:27:02.224,0.9923,0.9927,3.60,0.80
2007.11.15 02:27:02.351,0.9923,0.9927,3.60,0.80
2007.11.15 02:27:02.480,0.9923,0.9927,3.60,0.80
2007.11.15 02:27:02.607,0.9923,0.9927,3.60,0.80
2007.11.15 02:27:02.737,0.9923,0.9927,3.60,0.80
2007.11.15 02:27:02.864,0.9923,0.9927,3.60,0.80
2007.11.15 02:27:02.991,0.9923,0.9927,3.60,0.80
2007.11.15 02:27:03.119,0.9923,0.9927,3.60,0.80
2007.11.15 02:27:03.343,0.9923,0.9927,1.20,1.20
2007.11.15 02:27:03.567,0.9923,0.9927,1.20,2.80
2007.11.15 02:27:03.789,0.9923,0.9927,1.20,2.80
2007.11.15 02:27:04.014,0.9923,0.9927,1.20,2.80
2007.11.15 02:27:04.237,0.9923,0.9927,1.20,2.80
2007.11.15 02:27:04.415,0.9923,0.9927,1.20,2.80
2007.11.15 02:27:04.593,0.9923,0.9927,1.20,2.80
2007.11.15 02:27:04.770,0.9923,0.9927,1.20,2.80
2007.11.15 02:27:04.948,0.9923,0.9927,1.20,2.80
2007.11.15 02:27:05.126,0.9923,0.9927,1.20,2.80
2007.11.15 02:27:05.303,0.9923,0.9927,1.20,2.80
2007.11.15 02:27:05.466,0.9923,0.9927,1.20,2.80
2007.11.15 02:27:05.630,0.9923,0.9927,1.20,2.80
2007.11.15 02:27:05.793,0.9923,0.9927,1.20,2.80
2007.11.15 02:27:05.956,0.9923,0.9927,1.20,2.80
2007.11.15 02:27:06.118,0.9923,0.9927,1.20,2.80
2007.11.15 02:27:06.281,0.9923,0.9927,1.20,2.80
2007.11.15 02:27:06.529,0.9923,0.9927,1.20,2.80
2007.11.15 02:27:06.776,0.9923,0.9927,1.20,2.80
2007.11.15 02:27:07.024,0.9923,0.9927,1.20,2.80
2007.11.15 02:27:07.272,0.9923,0.9927,1.20,5.20
2007.11.15 02:27:07.400,0.9923,0.9927,1.20,5.20
2007.11.15 02:27:07.528,0.9923,0.9927,1.20,5.20
2007.11.15 02:27:07.656,0.9923,0.9927,1.20,5.20
2007.11.15 02:27:07.784,0.9923,0.9927,1.20,5.20
2007.11.15 02:27:07.912,0.9923,0.9927,1.20,5.20
2007.11.15 02:27:08.040,0.9923,0.9927,1.20,5.20
2007.11.15 02:27:08.168,0.9923,0.9927,1.20,5.20
2007.11.15 02:27:08.296,0.9923,0.9927,1.20,5.20
2007.11.15 02:27:08.514,0.9923,0.9927,1.20,5.20
2007.11.15 02:27:08.732,0.9923,0.9927,1.20,5.20
2007.11.15 02:27:08.950,0.9923,0.9927,1.20,5.20
2007.11.15 02:27:09.168,0.9923,0.9927,1.20,5.20
2007.11.15 02:27:09.469,0.9923,0.9927,1.20,5.20
2007.11.15 02:27:09.607,0.9923,0.9927,1.20,5.20
2007.11.15 02:27:09.746,0.9923,0.9927,1.20,5.20
2007.11.15 02:27:09.884,0.9923,0.9927,1.20,5.20
2007.11.15 02:27:10.021,0.9923,0.9927,1.20,5.20
2007.11.15 02:27:10.159,0.9923,0.9927,1.20,5.20
2007.11.15 02:27:10.296,0.9923,0.9927,1.20,5.20
2007.11.15 02:27:10.434,0.9923,0.9927,1.20,5.20
2007.11.15 02:27:10.627,0.9923,0.9927,1.20,5.20
2007.11.15 02:27:10.825,0.9923,0.9927,1.20,5.20
2007.11.15 02:27:11.013,0.9923,0.9927,1.20,5.20
2007.11.15 02:27:11.206,0.9923,0.9927,1.20,5.20
2007.11.15 02:27:11.399,0.9923,0.9927,1.20,5.20
2007.11.15 02:27:11.627,0.9923,0.9927,1.20,5.20
2007.11.15 02:27:11.855,0.9923,0.9927,1.20,5.20
2007.11.15 02:27:12.083,0.9923,0.9927,1.20,5.20
2007.11.15 02:27:12.311,0.9923,0.9927,1.20,5.20
2007.11.15 02:27:12.539,0.9923,0.9927,1.20,5.20
2007.11.15 02:27:12.681,0.9923,0.9927,1.20,5.20
2007.11.15 02:27:12.823,0.9923,0.9927,1.20,5.20
2007.11.15 02:27:12.970,0.9923,0.9927,1.20,5.20
2007.11.15 02:27:13.112,0.9923,0.9927,1.20,5.20
2007.11.15 02:27:13.255,0.9923,0.9927,1.20,5.20
2007.11.15 02:27:13.399,0.9924,0.9926,0.50,0.80
2007.11.15 02:27:13.541,0.9924,0.9926,0.50,0.80
2007.11.15 02:27:13.763,0.9924,0.9926,0.50,0.80
2007.11.15 02:27:13.986,0.9924,0.9926,0.50,0.80
2007.11.15 02:27:14.210,0.9924,0.9926,0.50,0.80
2007.11.15 02:27:14.432,0.9924,0.9926,0.50,1.20
2007.11.15 02:27:14.656,0.9924,0.9926,0.50,1.20
2007.11.15 02:27:14.818,0.9924,0.9926,0.50,1.20
2007.11.15 02:27:14.981,0.9924,0.9926,0.50,1.20
2007.11.15 02:27:15.143,0.9924,0.9926,0.50,1.20
2007.11.15 02:27:15.307,0.9924,0.9926,0.50,1.20
2007.11.15 02:27:15.468,0.9924,0.9926,0.50,1.20
2007.11.15 02:27:15.631,0.9924,0.9926,0.50,1.20
2007.11.15 02:27:15.804,0.9924,0.9926,0.50,1.20
2007.11.15 02:27:15.985,0.9924,0.9926,0.50,1.20
2007.11.15 02:27:16.150,0.9924,0.9926,0.50,0.80
2007.11.15 02:27:16.323,0.9924,0.9926,0.50,0.80
2007.11.15 02:27:16.503,0.9924,0.9926,0.50,0.80
2007.11.15 02:27:16.669,0.9924,0.9926,0.50,0.80
2007.11.15 02:27:16.982,0.9924,0.9926,0.50,0.80
2007.11.15 02:27:17.299,0.9924,0.9926,0.50,0.80
2007.11.15 02:27:17.612,0.9924,0.9926,0.50,0.80
2007.11.15 02:27:17.925,0.9923,0.9927,1.20,2.80
2007.11.15 02:27:18.073,0.9923,0.9927,1.20,1.20
2007.11.15 02:27:18.220,0.9923,0.9927,1.20,1.20
2007.11.15 02:27:18.369,0.9923,0.9927,1.20,1.20
2007.11.15 02:27:18.517,0.9923,0.9927,1.20,1.20
2007.11.15 02:27:18.664,0.9923,0.9927,1.20,1.20
2007.11.15 02:27:18.863,0.9923,0.9927,1.20,1.20
2007.11.15 02:27:19.060,0.9923,0.9927,1.20,1.20
2007.11.15 02:27:19.258,0.9923,0.9927,1.20,1.20
2007.11.15 02:27:19.456,0.9923,0.9927,1.20,1.20
2007.11.15 02:27:19.653,0.9923,0.9927,1.20,1.20
2007.11.15 02:27:19.817,0.9923,0.9927,1.20,1.20
2007.11.15 02:27:19.980,0.9923,0.9927,1.20,1.20
2007.11.15 02:27:20.143,0.9923,0.9927,1.20,1.20
2007.11.15 02:27:20.305,0.9923,0.9927,3.60,1.20
2007.11.15 02:27:20.469,0.9923,0.9927,3.60,1.20
2007.11.15 02:27:20.632,0.9923,0.9927,3.60,1.20
2007.11.15 02:27:20.794,0.9923,0.9927,3.60,1.20
2007.11.15 02:27:20.992,0.9923,0.9927,3.60,1.20
2007.11.15 02:27:21.190,0.9923,0.9927,3.60,1.20
2007.11.15 02:27:21.388,0.9923,0.9927,3.60,1.20
2007.11.15 02:27:21.586,0.9923,0.9927,3.60,1.20
2007.11.15 02:27:21.798,0.9923,0.9927,3.60,1.20
2007.11.15 02:27:22.030,0.9923,0.9927,3.60,1.20
2007.11.15 02:27:22.263,0.9923,0.9927,3.60,1.20
2007.11.15 02:27:22.495,0.9923,0.9927,3.60,1.20
2007.11.15 02:27:22.728,0.9923,0.9927,3.60,1.20
2007.11.15 02:27:22.961,0.9923,0.9927,3.60,1.20
2007.11.15 02:27:23.078,0.9923,0.9927,3.60,1.20
2007.11.15 02:27:23.196,0.9923,0.9927,3.60,1.20
2007.11.15 02:27:23.314,0.9923,0.9927,3.60,1.20
2007.11.15 02:27:23.432,0.9923,0.9927,3.60,1.20
2007.11.15 02:27:23.550,0.9923,0.9927,3.60,1.20
2007.11.15 02:27:23.668,0.9923,0.9927,3.60,1.20
2007.11.15 02:27:23.787,0.9923,0.9927,3.60,1.20
2007.11.15 02:27:23.906,0.9923,0.9927,3.60,1.20
2007.11.15 02:27:24.023,0.9923,0.9927,3.60,1.20
2007.11.15 02:27:24.258,0.9924,0.9927,0.50,1.20
2007.11.15 02:27:24.491,0.9924,0.9927,0.50,1.20
2007.11.15 02:27:24.725,0.9924,0.9927,0.50,1.20
2007.11.15 02:27:24.957,0.9924,0.9927,0.50,1.20
2007.11.15 02:27:25.191,0.9924,0.9927,0.50,1.20
2007.11.15 02:27:25.374,0.9924,0.9927,0.50,1.20
2007.11.15 02:27:25.557,0.9924,0.9927,0.50,1.20
2007.11.15 02:27:25.740,0.9924,0.9927,0.50,1.20
2007.11.15 02:27:25.923,0.9923,0.9927,3.60,1.20
2007.11.15 02:27:26.105,0.9923,0.9927,3.60,2.80
2007.11.15 02:27:26.368,0.9924,0.9927,0.50,2.80
2007.11.15 02:27:26.631,0.9924,0.9927,0.50,1.20
2007.11.15 02:27:26.893,0.9924,0.9927,0.50,1.20
2007.11.15 02:27:27.156,0.9924,0.9927,0.50,1.20
2007.11.15 02:27:27.309,0.9924,0.9927,0.50,1.20
2007.11.15 02:27:27.457,0.9924,0.9927,0.50,1.20
2007.11.15 02:27:27.604,0.9924,0.9927,0.50,1.20
2007.11.15 02:27:27.752,0.9924,0.9927,0.50,1.20
2007.11.15 02:27:27.961,0.9924,0.9927,0.50,1.20
2007.11.15 02:27:28.110,0.9924,0.9927,0.50,1.20
2007.11.15 02:27:28.258,0.9924,0.9927,0.50,1.20
2007.11.15 02:27:28.426,0.9924,0.9927,0.50,1.20
2007.11.15 02:27:28.594,0.9924,0.9927,0.50,1.20
2007.11.15 02:27:28.766,0.9924,0.9927,0.50,1.20
2007.11.15 02:27:28.932,0.9924,0.9927,0.50,1.20
2007.11.15 02:27:29.101,0.9924,0.9927,0.50,1.20
2007.11.15 02:27:29.269,0.9924,0.9927,0.50,1.20
2007.11.15 02:27:29.427,0.9924,0.9927,0.50,1.20
2007.11.15 02:27:29.584,0.9924,0.9927,0.50,1.20
2007.11.15 02:27:29.742,0.9924,0.9927,0.50,1.20
2007.11.15 02:27:29.901,0.9924,0.9927,0.50,1.20
2007.11.15 02:27:30.058,0.9924,0.9927,0.50,1.20
2007.11.15 02:27:30.216,0.9924,0.9927,0.50,1.20
2007.11.15 02:27:30.374,0.9924,0.9927,0.50,1.20
2007.11.15 02:27:30.531,0.9924,0.9927,0.50,1.20
2007.11.15 02:27:30.688,0.9924,0.9927,0.50,1.20
2007.11.15 02:27:30.845,0.9924,0.9927,0.50,1.20
2007.11.15 02:27:31.008,0.9924,0.9927,0.50,1.20
2007.11.15 02:27:31.166,0.9924,0.9927,0.50,1.20
2007.11.15 02:27:31.323,0.9924,0.9927,0.50,1.20
2007.11.15 02:27:31.482,0.9924,0.9927,0.50,1.20
2007.11.15 02:27:31.734,0.9924,0.9927,0.50,1.20
2007.11.15 02:27:31.988,0.9924,0.9927,0.50,1.20
2007.11.15 02:27:32.241,0.9924,0.9927,0.50,1.20
2007.11.15 02:27:32.494,0.9924,0.9927,0.50,1.20
2007.11.15 02:27:32.601,0.9924,0.9927,0.50,1.20
2007.11.15 02:27:32.710,0.9924,0.9927,0.50,1.20
2007.11.15 02:27:32.824,0.9924,0.9927,0.50,1.20
2007.11.15 02:27:32.925,0.9924,0.9927,0.50,1.20
2007.11.15 02:27:33.033,0.9924,0.9927,0.50,1.20
2007.11.15 02:27:33.140,0.9924,0.9927,0.50,1.20
2007.11.15 02:27:33.247,0.9924,0.9927,0.50,1.20
2007.11.15 02:27:33.356,0.9924,0.9927,0.50,1.20
2007.11.15 02:27:33.464,0.9924,0.9927,0.50,1.20
2007.11.15 02:27:33.573,0.9924,0.9927,0.50,1.20
2007.11.15 02:27:33.805,0.9924,0.9927,0.50,1.20
2007.11.15 02:27:34.120,0.9924,0.9927,0.50,1.20
2007.11.15 02:27:34.353,0.9924,0.9927,0.50,1.20
2007.11.15 02:27:34.586,0.9924,0.9927,0.50,1.20
2007.11.15 02:27:34.703,0.9924,0.9927,0.50,1.20
2007.11.15 02:27:34.820,0.9924,0.9927,0.50,1.20
2007.11.15 02:27:34.938,0.9924,0.9927,0.50,1.20
2007.11.15 02:27:35.055,0.9924,0.9927,0.50,1.20
2007.11.15 02:27:35.173,0.9924,0.9927,0.50,1.20
2007.11.15 02:27:35.290,0.9924,0.9927,0.50,1.20
2007.11.15 02:27:35.407,0.9924,0.9927,0.50,1.20
2007.11.15 02:27:35.530,0.9924,0.9927,0.50,1.20
2007.11.15 02:27:35.643,0.9924,0.9927,0.50,1.20
2007.11.15 02:27:35.819,0.9923,0.9927,5.70,1.20
2007.11.15 02:27:35.871,0.9924,0.9927,4.10,0.80
2007.11.15 02:27:36.098,0.9924,0.9927,4.10,0.80
2007.11.15 02:27:36.326,0.9924,0.9927,4.10,0.80
2007.11.15 02:27:36.553,0.9925,0.9927,0.50,0.80
2007.11.15 02:27:36.780,0.9924,0.9927,4.10,0.80
2007.11.15 02:27:37.047,0.9924,0.9927,4.10,0.80
2007.11.15 02:27:37.316,0.99235,0.9927,8.00,0.80
2007.11.15 02:27:37.583,0.9924,0.9927,0.50,0.80
2007.11.15 02:27:37.851,0.9924,0.9927,0.90,0.80
2007.11.15 02:27:38.004,0.9923,0.9927,29.20,0.80
2007.11.15 02:27:38.157,0.9923,0.9927,29.20,0.80
2007.11.15 02:27:38.309,0.9924,0.9927,0.90,0.80
2007.11.15 02:27:38.462,0.9923,0.9927,29.20,0.80
2007.11.15 02:27:38.615,0.9923,0.9927,29.20,0.80
2007.11.15 02:27:38.767,0.9923,0.9927,29.20,0.80
2007.11.15 02:27:38.965,0.9924,0.9927,0.50,0.80
2007.11.15 02:27:39.162,0.9923,0.9927,29.20,0.80
2007.11.15 02:27:39.359,0.9923,0.9927,29.20,0.80
2007.11.15 02:27:39.556,0.9923,0.9927,29.20,0.80
2007.11.15 02:27:39.753,0.9925,0.9927,0.50,0.80
2007.11.15 02:27:39.897,0.9924,0.9927,4.10,0.80
2007.11.15 02:27:40.040,0.9925,0.9927,0.50,0.80
2007.11.15 02:27:40.278,0.9925,0.9927,0.50,0.80
2007.11.15 02:27:40.422,0.9925,0.9927,0.50,0.80
2007.11.15 02:27:40.564,0.9925,0.9927,0.50,0.80
2007.11.15 02:27:40.708,0.9924,0.9927,3.30,0.80
2007.11.15 02:27:40.851,0.9923,0.9927,20.90,1.20
2007.11.15 02:27:41.080,0.9923,0.9927,20.90,1.20
2007.11.15 02:27:41.308,0.9924,0.9927,0.50,1.20
2007.11.15 02:27:41.535,0.9924,0.9927,0.50,1.20
2007.11.15 02:27:41.764,0.9923,0.9927,20.90,1.20
2007.11.15 02:27:42.021,0.9924,0.9927,0.50,1.20
2007.11.15 02:27:42.279,0.9924,0.9927,0.50,1.20
2007.11.15 02:27:42.538,0.9924,0.9927,0.50,1.20
2007.11.15 02:27:42.795,0.9923,0.9927,20.90,1.20
2007.11.15 02:27:43.052,0.9924,0.9927,0.50,1.20
2007.11.15 02:27:43.166,0.9924,0.9927,0.50,1.20
2007.11.15 02:27:43.279,0.9924,0.9927,0.50,1.20
2007.11.15 02:27:43.391,0.9923,0.9927,20.90,1.20
2007.11.15 02:27:43.503,0.9923,0.9927,20.90,1.20
2007.11.15 02:27:43.622,0.9924,0.9927,0.50,1.20
2007.11.15 02:27:43.734,0.9924,0.9927,0.50,1.20
2007.11.15 02:27:43.846,0.9923,0.9927,20.90,1.20
2007.11.15 02:27:43.959,0.9923,0.9927,20.90,1.20
2007.11.15 02:27:44.182,0.9924,0.9927,0.50,1.20
2007.11.15 02:27:44.404,0.9924,0.9927,0.50,1.20
2007.11.15 02:27:44.628,0.9923,0.9927,20.90,1.20
2007.11.15 02:27:44.851,0.9923,0.9927,20.90,1.20
2007.11.15 02:27:45.073,0.9924,0.9927,0.50,1.20
2007.11.15 02:27:45.226,0.9923,0.9927,20.90,1.20
2007.11.15 02:27:45.378,0.9923,0.9927,20.90,1.20
2007.11.15 02:27:45.532,0.9923,0.9927,20.90,1.20
2007.11.15 02:27:45.684,0.9923,0.9927,20.90,1.20
2007.11.15 02:27:45.836,0.9923,0.9927,20.90,1.20
2007.11.15 02:27:45.990,0.9924,0.9927,0.50,1.20
2007.11.15 02:27:46.142,0.9923,0.9927,20.90,1.20
2007.11.15 02:27:46.438,0.99225,0.9927,10.40,1.20
2007.11.15 02:27:46.590,0.9922,0.9927,22.80,2.80
2007.11.15 02:27:46.743,0.9922,0.9927,22.80,2.80
2007.11.15 02:27:46.897,0.9923,0.9927,2.20,2.80
2007.11.15 02:27:47.055,0.9922,0.9927,22.80,2.80
2007.11.15 02:27:47.347,0.9922,0.9927,22.80,2.80
2007.11.15 02:27:47.644,0.9923,0.9927,0.90,2.80
2007.11.15 02:27:47.942,0.9923,0.9927,1.80,2.80
2007.11.15 02:27:48.241,0.9922,0.9927,22.80,2.80
2007.11.15 02:27:48.538,0.9922,0.9927,22.80,2.80
2007.11.15 02:27:48.645,0.9922,0.99265,21.20,0.80
2007.11.15 02:27:48.754,0.9923,0.9926,1.00,0.50
2007.11.15 02:27:48.861,0.9922,0.9926,8.00,0.50
2007.11.15 02:27:48.969,0.9923,0.9926,1.50,0.50
2007.11.15 02:27:49.078,0.9922,0.9926,8.00,0.50
2007.11.15 02:27:49.185,0.9922,0.9926,8.00,0.50
2007.11.15 02:27:49.294,0.9923,0.9926,0.50,0.50
2007.11.15 02:27:49.401,0.9923,0.9926,0.60,0.50
2007.11.15 02:27:49.699,0.9922,0.9926,8.00,0.50
2007.11.15 02:27:49.987,0.9923,0.9926,0.80,0.50
2007.11.15 02:27:50.280,0.9922,0.9926,8.00,0.50
2007.11.15 02:27:50.572,0.9923,0.9926,1.00,0.50
2007.11.15 02:27:50.674,0.9922,0.9926,8.00,0.50
2007.11.15 02:27:50.778,0.9923,0.9926,1.40,0.50
2007.11.15 02:27:50.880,0.9922,0.9926,8.00,0.50
2007.11.15 02:27:50.984,0.9923,0.9926,1.70,0.50
2007.11.15 02:27:51.096,0.9923,0.9926,0.90,0.50
2007.11.15 02:27:51.198,0.9923,0.9926,1.30,0.50
2007.11.15 02:27:51.302,0.9922,0.9926,8.80,1.20
2007.11.15 02:27:51.404,0.9922,0.9926,8.80,1.20
2007.11.15 02:27:51.507,0.9922,0.9926,8.00,1.20
2007.11.15 02:27:51.841,0.9922,0.9926,8.00,1.20
2007.11.15 02:27:52.173,0.9922,0.9926,8.00,1.20
2007.11.15 02:27:52.601,0.9923,0.9926,1.20,1.20
2007.11.15 02:27:52.704,0.9922,0.9926,8.00,1.20
2007.11.15 02:27:52.805,0.9923,0.9926,1.70,1.20
2007.11.15 02:27:52.907,0.9922,0.9926,8.00,1.20
2007.11.15 02:27:53.011,0.9922,0.9926,8.00,1.20
2007.11.15 02:27:53.114,0.9922,0.9926,8.00,1.20
2007.11.15 02:27:53.216,0.9922,0.9926,8.00,1.20
2007.11.15 02:27:53.319,0.9922,0.9926,8.00,1.20
2007.11.15 02:27:53.423,0.9923,0.9926,1.30,1.20
2007.11.15 02:27:53.525,0.9923,0.9926,1.10,1.20
2007.11.15 02:27:53.628,0.9923,0.9926,0.90,1.20
2007.11.15 02:27:53.881,0.9922,0.9926,8.00,1.20
2007.11.15 02:27:54.135,0.9923,0.9926,1.10,1.20
2007.11.15 02:27:54.387,0.9923,0.9926,1.30,1.20
2007.11.15 02:27:54.640,0.9922,0.9926,8.00,1.20
2007.11.15 02:27:54.893,0.9922,0.9926,8.00,1.20
2007.11.15 02:27:55.011,0.9922,0.9926,8.00,1.20
2007.11.15 02:27:55.134,0.9923,0.9926,0.60,1.20
2007.11.15 02:27:55.251,0.9923,0.9926,1.60,1.20
2007.11.15 02:27:55.370,0.9923,0.9926,1.00,1.20
2007.11.15 02:27:55.487,0.9923,0.9926,1.20,1.20
2007.11.15 02:27:55.605,0.9922,0.9926,8.00,1.20
2007.11.15 02:27:55.723,0.9922,0.9926,8.00,1.20
2007.11.15 02:27:55.976,0.9923,0.9926,1.70,1.20
2007.11.15 02:27:56.229,0.9922,0.9926,8.00,1.20
2007.11.15 02:27:56.482,0.9922,0.9926,8.00,1.20
2007.11.15 02:27:56.734,0.9922,0.9926,8.00,1.20
2007.11.15 02:27:56.942,0.9922,0.9926,8.00,1.20
2007.11.15 02:27:57.151,0.9923,0.9926,1.20,1.20
2007.11.15 02:27:57.359,0.9922,0.9926,5.20,1.20
2007.11.15 02:27:57.567,0.9923,0.9926,1.50,1.20
2007.11.15 02:27:57.774,0.9923,0.9926,1.30,1.20
2007.11.15 02:27:57.951,0.9922,0.9926,5.20,1.20
2007.11.15 02:27:58.129,0.9922,0.9926,5.20,1.20
2007.11.15 02:27:58.307,0.9921,0.9925,23.60,0.80
2007.11.15 02:27:58.490,0.9921,0.9925,22.80,0.80
2007.11.15 02:27:58.759,0.9922,0.9925,1.70,0.80
2007.11.15 02:27:58.917,0.9921,0.9925,22.80,0.80
2007.11.15 02:27:59.075,0.9921,0.9925,22.80,0.80
2007.11.15 02:27:59.233,0.9921,0.9925,22.80,0.80
2007.11.15 02:27:59.391,0.9921,0.9925,22.80,0.80
2007.11.15 02:27:59.550,0.9921,0.9925,22.80,0.80
2007.11.15 02:27:59.707,0.9921,0.9925,22.80,0.80
2007.11.15 02:27:59.865,0.9921,0.9925,22.80,0.80
2007.11.15 02:28:00.048,0.9922,0.9925,0.70,0.80
2007.11.15 02:28:00.232,0.9921,0.9925,22.80,0.80
2007.11.15 02:28:00.414,0.9922,0.9925,1.60,0.80
2007.11.15 02:28:00.597,0.9921,0.9925,22.80,0.80
2007.11.15 02:28:00.781,0.9921,0.9925,22.80,0.80
2007.11.15 02:28:00.963,0.9922,0.9925,1.80,0.80
2007.11.15 02:28:01.121,0.9921,0.9925,22.80,0.80
2007.11.15 02:28:01.279,0.9922,0.9925,1.60,0.80
2007.11.15 02:28:01.437,0.9921,0.9925,22.80,0.80
2007.11.15 02:28:01.595,0.9921,0.9925,22.80,0.80
2007.11.15 02:28:01.752,0.9922,0.9925,2.00,0.80
2007.11.15 02:28:01.914,0.9921,0.9925,22.80,0.80
2007.11.15 02:28:02.072,0.9921,0.9925,22.80,0.80
2007.11.15 02:28:02.405,0.9922,0.9925,0.50,0.80
2007.11.15 02:28:02.738,0.9922,0.9925,1.30,0.80
2007.11.15 02:28:03.071,0.9921,0.9925,22.80,0.80
2007.11.15 02:28:03.204,0.9921,0.9925,22.80,0.80
2007.11.15 02:28:03.336,0.9922,0.9925,2.00,0.80
2007.11.15 02:28:03.469,0.9922,0.9925,0.50,0.80
2007.11.15 02:28:03.603,0.9922,0.9925,1.50,0.80
2007.11.15 02:28:03.735,0.9921,0.9925,22.80,0.80
2007.11.15 02:28:03.867,0.9921,0.9925,22.80,0.80
2007.11.15 02:28:04.000,0.9921,0.9925,22.80,0.80
2007.11.15 02:28:04.134,0.9922,0.9925,0.70,0.80
2007.11.15 02:28:04.371,0.9921,0.9925,22.80,0.80
2007.11.15 02:28:04.608,0.9922,0.9925,1.30,0.80
2007.11.15 02:28:04.915,0.9922,0.9925,1.70,0.80
2007.11.15 02:28:05.155,0.9922,0.9925,3.60,0.80
2007.11.15 02:28:05.277,0.9922,0.9925,3.60,0.80
2007.11.15 02:28:05.400,0.9922,0.9925,3.60,0.80
2007.11.15 02:28:05.522,0.9922,0.9925,3.60,0.80
2007.11.15 02:28:05.646,0.9922,0.9925,3.60,0.80
2007.11.15 02:28:05.769,0.9922,0.9925,3.60,0.80
2007.11.15 02:28:05.892,0.9922,0.9925,3.60,0.80
2007.11.15 02:28:06.021,0.9922,0.9925,3.60,0.80
2007.11.15 02:28:06.138,0.9922,0.9925,3.60,0.80
2007.11.15 02:28:06.261,0.9922,0.9925,3.60,0.80
2007.11.15 02:28:06.561,0.9922,0.9925,3.60,0.80
2007.11.15 02:28:06.853,0.9922,0.9925,3.60,0.80
2007.11.15 02:28:07.146,0.9922,0.9925,3.60,0.80
2007.11.15 02:28:07.437,0.9922,0.9925,3.60,0.80
2007.11.15 02:28:07.595,0.9922,0.9925,3.60,0.80
2007.11.15 02:28:07.753,0.9922,0.9925,3.60,0.80
2007.11.15 02:28:07.911,0.9922,0.9925,3.60,0.80
2007.11.15 02:28:08.070,0.9922,0.9925,3.60,0.80
2007.11.15 02:28:08.227,0.9922,0.9925,3.60,0.80
2007.11.15 02:28:08.384,0.9922,0.9925,3.60,0.80
2007.11.15 02:28:08.541,0.9922,0.9925,3.60,0.80
2007.11.15 02:28:08.709,0.9922,0.9925,3.60,0.80
2007.11.15 02:28:08.877,0.9922,0.9925,3.60,0.80
2007.11.15 02:28:09.044,0.9922,0.9925,3.60,0.80
2007.11.15 02:28:09.212,0.9922,0.9925,3.60,0.80
2007.11.15 02:28:09.379,0.9922,0.9925,3.60,0.80
2007.11.15 02:28:09.548,0.9922,0.9925,3.60,0.80
2007.11.15 02:28:09.711,0.9922,0.9925,3.60,0.80
2007.11.15 02:28:09.879,0.9922,0.9925,3.60,0.80
2007.11.15 02:28:10.041,0.9922,0.9925,3.60,0.80
2007.11.15 02:28:10.205,0.9922,0.9925,3.60,0.80
2007.11.15 02:28:10.367,0.9922,0.9925,3.60,0.80
2007.11.15 02:28:10.530,0.9922,0.9925,3.60,0.80
2007.11.15 02:28:10.698,0.9922,0.9925,3.60,0.80
2007.11.15 02:28:10.856,0.9922,0.9925,3.60,0.80
2007.11.15 02:28:11.074,0.9922,0.9925,3.60,0.80
2007.11.15 02:28:11.232,0.9922,0.9925,3.60,0.80
2007.11.15 02:28:11.391,0.9922,0.9925,3.60,0.80
2007.11.15 02:28:11.554,0.9922,0.9925,3.60,0.80
2007.11.15 02:28:11.713,0.9922,0.9925,3.60,0.80
2007.11.15 02:28:11.971,0.9922,0.9925,3.60,0.80
2007.11.15 02:28:12.229,0.9922,0.9925,3.60,0.80
2007.11.15 02:28:12.487,0.9922,0.9925,3.60,0.80
2007.11.15 02:28:12.745,0.9922,0.9925,3.60,0.80
2007.11.15 02:28:12.847,0.9922,0.9925,3.60,0.80
2007.11.15 02:28:12.950,0.9922,0.9925,3.60,0.80
2007.11.15 02:28:13.053,0.9922,0.9925,3.60,0.80
2007.11.15 02:28:13.156,0.9922,0.9925,3.60,0.80
2007.11.15 02:28:13.258,0.9922,0.9925,3.60,0.80
2007.11.15 02:28:13.362,0.9922,0.9925,3.60,0.80
2007.11.15 02:28:13.465,0.9922,0.9925,3.60,0.80
2007.11.15 02:28:13.568,0.9922,0.9925,3.60,0.80
2007.11.15 02:28:13.670,0.9922,0.9925,3.60,0.80
2007.11.15 02:28:13.772,0.9922,0.9925,3.60,0.80
2007.11.15 02:28:14.050,0.9922,0.9925,3.60,0.80
2007.11.15 02:28:14.327,0.9922,0.9925,3.60,0.80
2007.11.15 02:28:14.605,0.9922,0.9925,3.60,0.80
2007.11.15 02:28:14.882,0.9922,0.9925,3.60,0.80
2007.11.15 02:28:15.030,0.9922,0.9925,3.60,0.80
2007.11.15 02:28:15.178,0.9922,0.9925,3.60,0.80
2007.11.15 02:28:15.326,0.9922,0.9925,3.60,0.80
2007.11.15 02:28:15.474,0.9922,0.9925,3.60,0.80
2007.11.15 02:28:15.621,0.9922,0.9925,3.60,0.80
2007.11.15 02:28:15.769,0.9922,0.9925,3.60,0.80
2007.11.15 02:28:15.917,0.9922,0.9925,3.60,0.80
2007.11.15 02:28:16.090,0.9922,0.9925,3.60,0.80
2007.11.15 02:28:16.263,0.9922,0.9925,3.60,0.80
2007.11.15 02:28:16.436,0.9922,0.9925,3.60,0.80
2007.11.15 02:28:16.609,0.9922,0.9925,3.60,0.80
2007.11.15 02:28:16.782,0.9922,0.9925,3.60,0.80
2007.11.15 02:28:16.954,0.9922,0.9925,3.60,0.80
2007.11.15 02:28:17.237,0.9922,0.9925,3.60,0.80
2007.11.15 02:28:17.495,0.9922,0.9925,1.20,0.80
2007.11.15 02:28:17.752,0.9922,0.9925,1.20,0.80
2007.11.15 02:28:18.010,0.9922,0.9925,1.20,0.80
2007.11.15 02:28:18.143,0.9922,0.9925,1.20,0.80
2007.11.15 02:28:18.276,0.9922,0.9925,1.20,0.80
2007.11.15 02:28:18.409,0.9922,0.9925,1.20,0.80
2007.11.15 02:28:18.541,0.9922,0.9925,1.20,0.80
2007.11.15 02:28:18.674,0.9922,0.9925,0.50,0.80
2007.11.15 02:28:18.807,0.9922,0.9925,0.50,1.20
2007.11.15 02:28:18.940,0.9922,0.9925,0.50,1.20
2007.11.15 02:28:19.073,0.9922,0.9925,0.50,1.20
2007.11.15 02:28:19.326,0.9922,0.9925,0.50,1.20
2007.11.15 02:28:19.579,0.9922,0.9925,0.50,1.20
2007.11.15 02:28:19.832,0.9922,0.9925,0.50,1.20
2007.11.15 02:28:20.085,0.9922,0.9925,0.50,1.20
2007.11.15 02:28:20.207,0.9922,0.9925,0.50,1.20
2007.11.15 02:28:20.330,0.9922,0.9925,0.50,1.20
2007.11.15 02:28:20.452,0.9922,0.9925,0.50,1.20
2007.11.15 02:28:20.575,0.9922,0.9925,0.50,1.20
2007.11.15 02:28:20.704,0.9922,0.9925,0.50,1.20
2007.11.15 02:28:20.821,0.9922,0.9925,0.50,1.20
2007.11.15 02:28:20.944,0.9922,0.9925,0.50,1.20
2007.11.15 02:28:21.067,0.9922,0.9925,0.50,1.20
2007.11.15 02:28:21.190,0.9922,0.9925,1.20,1.20
2007.11.15 02:28:21.399,0.9922,0.9925,1.20,0.80
2007.11.15 02:28:21.607,0.9922,0.9925,1.20,0.80
2007.11.15 02:28:21.815,0.9922,0.9925,0.50,1.20
2007.11.15 02:28:22.023,0.9922,0.9925,0.50,1.20
2007.11.15 02:28:22.230,0.9922,0.9925,0.50,1.20
2007.11.15 02:28:22.508,0.9922,0.9925,0.50,1.20
2007.11.15 02:28:22.786,0.9922,0.9925,0.50,1.20
2007.11.15 02:28:23.064,0.9922,0.9925,0.50,1.20
2007.11.15 02:28:23.391,0.9922,0.9925,0.50,1.20
2007.11.15 02:28:23.570,0.9922,0.9925,0.50,1.20
2007.11.15 02:28:23.747,0.9922,0.9925,0.50,1.20
2007.11.15 02:28:23.925,0.9922,0.9925,0.50,1.20
2007.11.15 02:28:24.095,0.9921,0.9925,4.10,1.20
2007.11.15 02:28:24.104,0.9922,0.9925,0.50,2.80
2007.11.15 02:28:24.281,0.9921,0.9925,1.70,2.80
2007.11.15 02:28:24.449,0.9922,0.9925,0.50,2.80
2007.11.15 02:28:24.616,0.9922,0.9925,0.50,2.80
2007.11.15 02:28:24.784,0.9921,0.9925,1.70,2.80
2007.11.15 02:28:24.952,0.9921,0.9925,1.70,2.80
2007.11.15 02:28:25.121,0.9921,0.9925,1.70,2.80
2007.11.15 02:28:25.289,0.9921,0.9925,1.70,5.20
2007.11.15 02:28:25.542,0.9921,0.9925,1.70,5.20
2007.11.15 02:28:25.800,0.9922,0.9925,0.50,5.20
2007.11.15 02:28:26.047,0.9921,0.9925,1.70,5.20
2007.11.15 02:28:26.300,0.9922,0.9924,0.50,0.80
2007.11.15 02:28:26.553,0.9922,0.9924,0.50,0.80
2007.11.15 02:28:26.807,0.9922,0.9924,0.50,0.80
2007.11.15 02:28:27.065,0.9921,0.9924,1.70,0.80
2007.11.15 02:28:27.312,0.9922,0.9924,0.50,0.80
2007.11.15 02:28:27.480,0.9921,0.9924,1.70,0.80
2007.11.15 02:28:27.647,0.9921,0.9924,1.70,0.80
2007.11.15 02:28:27.815,0.9922,0.9924,0.50,0.80
2007.11.15 02:28:27.983,0.9921,0.9924,1.70,0.80
2007.11.15 02:28:28.150,0.9921,0.9924,1.70,0.80
2007.11.15 02:28:28.318,0.9921,0.9924,1.70,0.80
2007.11.15 02:28:28.491,0.9921,0.9924,1.70,0.80
2007.11.15 02:28:28.659,0.9921,0.9924,1.70,0.80
2007.11.15 02:28:28.827,0.9922,0.9924,0.50,0.80
2007.11.15 02:28:28.994,0.9922,0.9924,0.50,0.80
2007.11.15 02:28:29.161,0.9921,0.9924,1.70,0.80
2007.11.15 02:28:29.330,0.9921,0.9925,1.70,2.80
2007.11.15 02:28:29.556,0.9922,0.9925,0.50,2.80
2007.11.15 02:28:29.724,0.992,0.99245,23.70,0.80
2007.11.15 02:28:29.893,0.992,0.99245,14.90,0.80
2007.11.15 02:28:30.063,0.9921,0.9924,0.50,1.60
2007.11.15 02:28:30.231,0.992,0.9924,6.50,2.00
2007.11.15 02:28:30.399,0.9921,0.9924,0.50,2.00
2007.11.15 02:28:30.636,0.9921,0.9924,0.50,2.00
2007.11.15 02:28:30.874,0.992,0.9924,6.50,2.00
2007.11.15 02:28:31.112,0.9921,0.9924,0.50,2.00
2007.11.15 02:28:31.350,0.9921,0.9924,0.90,0.80
2007.11.15 02:28:31.583,0.992,0.9924,7.20,0.80
2007.11.15 02:28:31.822,0.9921,0.9924,0.70,0.80
2007.11.15 02:28:32.057,0.9921,0.9924,0.90,0.80
2007.11.15 02:28:32.290,0.992,0.9924,7.20,0.80
2007.11.15 02:28:32.524,0.9921,0.9924,0.60,0.80
2007.11.15 02:28:32.666,0.992,0.9924,6.50,0.80
2007.11.15 02:28:32.803,0.992,0.9924,6.50,1.20
2007.11.15 02:28:32.943,0.992,0.9924,6.50,0.50
2007.11.15 02:28:33.082,0.992,0.9924,6.50,0.50
2007.11.15 02:28:33.221,0.9921,0.9924,0.90,0.50
2007.11.15 02:28:33.358,0.992,0.9925,7.20,2.80
2007.11.15 02:28:33.496,0.9921,0.9925,0.60,1.20
2007.11.15 02:28:33.634,0.9921,0.9925,1.00,1.20
2007.11.15 02:28:33.897,0.9922,0.9924,0.50,1.20
2007.11.15 02:28:34.159,0.9921,0.9924,1.70,1.20
2007.11.15 02:28:34.423,0.9921,0.9924,1.70,1.20
2007.11.15 02:28:34.685,0.9922,0.9924,0.50,1.20
2007.11.15 02:28:34.839,0.9921,0.9924,1.70,0.80
2007.11.15 02:28:34.992,0.9921,0.9925,1.70,2.80
2007.11.15 02:28:35.145,0.9921,0.9925,1.70,2.80
2007.11.15 02:28:35.298,0.9921,0.9924,1.70,0.50
2007.11.15 02:28:35.452,0.9921,0.9924,1.70,0.50
2007.11.15 02:28:35.720,0.992,0.9924,6.50,0.50
2007.11.15 02:28:35.982,0.992,0.9924,6.50,0.50
2007.11.15 02:28:36.244,0.9921,0.9924,0.50,0.50
2007.11.15 02:28:36.507,0.992,0.9924,6.50,0.50
2007.11.15 02:28:36.769,0.9921,0.9924,0.50,0.50
2007.11.15 02:28:37.032,0.9921,0.9924,0.50,0.50
2007.11.15 02:28:37.306,0.9921,0.9923,0.50,0.50
2007.11.15 02:28:37.579,0.9921,0.9923,0.50,0.50
2007.11.15 02:28:37.851,0.9921,0.9923,0.50,0.50
2007.11.15 02:28:38.029,0.9921,0.9923,0.50,0.50
2007.11.15 02:28:38.206,0.9921,0.9923,0.50,0.50
2007.11.15 02:28:38.385,0.9921,0.9923,0.50,0.50
2007.11.15 02:28:38.562,0.992,0.9923,6.50,0.50
2007.11.15 02:28:38.741,0.992,0.9923,6.50,0.50
2007.11.15 02:28:38.918,0.992,0.9923,6.50,0.50
2007.11.15 02:28:39.090,0.992,0.9923,6.50,0.50
2007.11.15 02:28:39.265,0.992,0.9923,6.50,0.50
2007.11.15 02:28:39.437,0.9921,0.9923,0.50,0.50
2007.11.15 02:28:39.611,0.992,0.9923,6.50,0.50
2007.11.15 02:28:39.784,0.992,0.9923,1.10,0.50
2007.11.15 02:28:39.957,0.992,0.9923,0.80,0.50
2007.11.15 02:28:40.170,0.992,0.9923,1.10,0.50
2007.11.15 02:28:40.384,0.992,0.9922,1.80,0.50
2007.11.15 02:28:40.597,0.992,0.9922,1.40,0.50
2007.11.15 02:28:40.809,0.9919,0.9922,4.10,0.50
2007.11.15 02:28:41.023,0.992,0.9922,0.50,0.50
2007.11.15 02:28:41.251,0.992,0.9923,4.10,4.40
2007.11.15 02:28:41.479,0.9921,0.9922,0.50,0.80
2007.11.15 02:28:41.707,0.9921,0.9922,0.50,0.80
2007.11.15 02:28:41.935,0.992,0.9922,4.10,0.80
2007.11.15 02:28:42.193,0.9921,0.9922,0.50,0.80
2007.11.15 02:28:42.451,0.9919,0.9922,8.10,1.20
2007.11.15 02:28:42.709,0.9919,0.9922,8.80,1.20
2007.11.15 02:28:42.969,0.9921,0.9922,0.50,0.80
2007.11.15 02:28:43.192,0.992,0.9922,4.10,0.80
2007.11.15 02:28:43.415,0.9921,0.9922,0.50,0.80
2007.11.15 02:28:43.645,0.992,0.9923,4.10,2.80
2007.11.15 02:28:43.868,0.992,0.9923,4.10,2.80
2007.11.15 02:28:44.090,0.992,0.9923,4.10,2.80
2007.11.15 02:28:44.333,0.992,0.9923,4.10,1.20
2007.11.15 02:28:44.577,0.992,0.9923,4.10,1.20
2007.11.15 02:28:44.819,0.9919,0.9923,5.70,1.20
2007.11.15 02:28:45.063,0.992,0.9923,0.50,1.20
2007.11.15 02:28:45.270,0.9919,0.9923,5.70,1.20
2007.11.15 02:28:45.478,0.9919,0.9923,5.70,1.20
2007.11.15 02:28:45.686,0.9919,0.9923,5.70,1.20
2007.11.15 02:28:45.894,0.9919,0.9923,5.70,1.20
2007.11.15 02:28:46.102,0.9919,0.9923,5.70,1.20
2007.11.15 02:28:46.310,0.992,0.9923,0.50,1.20
2007.11.15 02:28:46.518,0.9919,0.9923,5.70,1.20
2007.11.15 02:28:46.725,0.9919,0.9923,5.70,1.20
2007.11.15 02:28:46.932,0.9919,0.9923,5.70,1.20
2007.11.15 02:28:47.140,0.9919,0.9923,1.70,2.80
2007.11.15 02:28:47.418,0.992,0.9923,0.50,2.80
2007.11.15 02:28:47.695,0.9919,0.9923,1.70,2.80
2007.11.15 02:28:48.047,0.992,0.9922,0.50,0.50
2007.11.15 02:28:48.328,0.9919,0.9922,0.50,0.60
2007.11.15 02:28:48.526,0.9918,0.9922,6.50,2.10
2007.11.15 02:28:48.725,0.9918,0.9922,1.00,2.10
2007.11.15 02:28:48.926,0.9917,0.9922,5.60,1.30
2007.11.15 02:28:49.123,0.9918,0.9922,1.10,1.30
2007.11.15 02:28:49.332,0.9917,0.9922,5.60,1.30
2007.11.15 02:28:49.539,0.9918,0.9922,1.90,1.30
2007.11.15 02:28:49.748,0.9918,0.9922,0.50,1.30
2007.11.15 02:28:49.955,0.9918,0.9922,1.90,1.30
2007.11.15 02:28:50.168,0.9917,0.9922,5.60,0.60
2007.11.15 02:28:50.343,0.9917,0.9921,5.60,0.80
2007.11.15 02:28:50.514,0.9917,0.9921,5.60,0.80
2007.11.15 02:28:50.687,0.9918,0.9921,0.50,0.80
2007.11.15 02:28:50.861,0.9917,0.9921,5.60,0.80
2007.11.15 02:28:51.033,0.9917,0.9921,5.60,0.80
2007.11.15 02:28:51.206,0.9917,0.9921,5.60,0.80
2007.11.15 02:28:51.444,0.9917,0.9921,5.60,2.40
2007.11.15 02:28:51.681,0.9918,0.9921,0.90,2.40
2007.11.15 02:28:51.919,0.9917,0.9921,5.60,2.40
2007.11.15 02:28:52.158,0.9918,0.9921,0.90,2.40
2007.11.15 02:28:52.397,0.9918,0.9921,4.10,2.40
2007.11.15 02:28:52.691,0.9918,0.9921,0.80,2.40
2007.11.15 02:28:52.983,0.9917,0.9921,10.40,2.40
2007.11.15 02:28:53.275,0.9917,0.9921,10.40,2.40
2007.11.15 02:28:53.569,0.9917,0.9921,5.60,0.80
2007.11.15 02:28:53.758,0.9919,0.9921,0.50,0.80
2007.11.15 02:28:53.946,0.9919,0.9921,0.50,0.80
2007.11.15 02:28:54.217,0.9919,0.9921,0.50,0.80
2007.11.15 02:28:54.404,0.9918,0.9921,4.10,0.80
2007.11.15 02:28:54.592,0.9918,0.9921,4.10,0.80
2007.11.15 02:28:54.790,0.9919,0.9921,0.50,0.80
2007.11.15 02:28:54.983,0.9919,0.9921,0.50,0.80
2007.11.15 02:28:55.178,0.9918,0.9921,4.10,0.80
2007.11.15 02:28:55.371,0.9917,0.9921,10.50,1.20
2007.11.15 02:28:55.564,0.9917,0.9921,10.50,2.80
2007.11.15 02:28:55.757,0.9918,0.9921,0.50,2.80
2007.11.15 02:28:55.980,0.9917,0.9921,10.50,2.80
2007.11.15 02:28:56.203,0.9917,0.9921,10.50,2.80
2007.11.15 02:28:56.426,0.9917,0.9921,10.50,2.80
2007.11.15 02:28:56.649,0.9918,0.9921,0.50,2.80
2007.11.15 02:28:56.883,0.9918,0.9921,0.50,2.80
2007.11.15 02:28:57.118,0.9917,0.9921,10.50,2.80
2007.11.15 02:28:57.351,0.9917,0.9921,10.50,2.80
2007.11.15 02:28:57.584,0.9917,0.9921,10.50,2.80
2007.11.15 02:28:57.816,0.9917,0.9919,1.70,0.80
2007.11.15 02:28:57.990,0.9917,0.9919,1.70,0.80
2007.11.15 02:28:58.162,0.9917,0.9919,1.70,0.80
2007.11.15 02:28:58.336,0.9917,0.9919,1.70,0.80
2007.11.15 02:28:58.515,0.9917,0.9919,1.70,0.80
2007.11.15 02:28:58.688,0.9917,0.9919,1.70,0.80
2007.11.15 02:28:58.977,0.9917,0.9919,1.70,0.80
2007.11.15 02:28:59.266,0.9917,0.992,4.10,0.80
2007.11.15 02:28:59.554,0.9917,0.992,4.10,0.80
2007.11.15 02:28:59.842,0.9917,0.992,4.10,4.80
2007.11.15 02:29:00.051,0.9918,0.992,0.50,4.80
2007.11.15 02:29:00.373,0.9917,0.992,4.10,4.00
2007.11.15 02:29:00.582,0.9918,0.992,0.50,4.00
2007.11.15 02:29:00.790,0.9917,0.992,4.10,4.00
2007.11.15 02:29:00.999,0.9917,0.992,4.10,5.60
2007.11.15 02:29:01.151,0.9918,0.992,0.70,5.60
2007.11.15 02:29:01.305,0.9917,0.992,2.40,8.00
2007.11.15 02:29:01.457,0.9917,0.992,2.40,6.40
2007.11.15 02:29:01.610,0.9918,0.992,1.00,6.40
2007.11.15 02:29:01.764,0.9919,0.992,0.50,4.00
2007.11.15 02:29:01.918,0.9919,0.9921,0.50,2.40
2007.11.15 02:29:02.250,0.9918,0.9921,4.10,2.40
2007.11.15 02:29:02.583,0.9918,0.9921,4.10,0.80
2007.11.15 02:29:02.916,0.9918,0.9921,4.10,0.80
2007.11.15 02:29:03.068,0.9918,0.9921,4.10,0.80
2007.11.15 02:29:03.221,0.9919,0.9921,0.50,0.80
2007.11.15 02:29:03.374,0.9918,0.9921,4.10,0.80
2007.11.15 02:29:03.527,0.9919,0.9921,0.50,0.80
2007.11.15 02:29:03.680,0.9919,0.9921,0.50,0.80
2007.11.15 02:29:03.832,0.9919,0.9921,0.50,0.80
2007.11.15 02:29:03.985,0.9919,0.9922,0.50,2.80
2007.11.15 02:29:04.203,0.9919,0.9922,0.50,2.80
2007.11.15 02:29:04.421,0.9918,0.9922,4.10,2.80
2007.11.15 02:29:04.638,0.9918,0.9922,4.10,2.80
2007.11.15 02:29:04.856,0.9919,0.9922,0.50,2.80
2007.11.15 02:29:05.073,0.9918,0.9922,4.10,2.80
2007.11.15 02:29:05.241,0.9918,0.9922,4.10,2.80
2007.11.15 02:29:05.409,0.9918,0.9922,4.10,2.80
2007.11.15 02:29:05.576,0.9918,0.9922,4.10,2.80
2007.11.15 02:29:05.744,0.9919,0.9922,0.50,2.80
2007.11.15 02:29:05.911,0.9919,0.9922,0.50,2.80
2007.11.15 02:29:06.079,0.9919,0.9922,0.50,2.80
2007.11.15 02:29:06.337,0.9919,0.9922,0.50,2.80
2007.11.15 02:29:06.595,0.9918,0.9922,4.10,2.80
2007.11.15 02:29:06.854,0.9919,0.9922,4.10,2.80
2007.11.15 02:29:07.112,0.992,0.9922,0.50,1.20
2007.11.15 02:29:07.391,0.9919,0.9922,0.50,1.20
2007.11.15 02:29:07.669,0.9919,0.9922,1.50,1.20
2007.11.15 02:29:07.948,0.9919,0.9922,6.50,1.20
2007.11.15 02:29:08.225,0.9919,0.9922,6.50,1.20
2007.11.15 02:29:08.433,0.992,0.9922,0.50,1.20
2007.11.15 02:29:08.641,0.992,0.9922,0.50,1.20
2007.11.15 02:29:08.849,0.9919,0.9922,6.50,1.20
2007.11.15 02:29:09.057,0.992,0.9922,0.50,1.20
2007.11.15 02:29:09.265,0.9919,0.9922,6.50,1.20
2007.11.15 02:29:09.432,0.9919,0.9922,6.50,1.20
2007.11.15 02:29:09.600,0.9919,0.9922,6.50,1.20
2007.11.15 02:29:09.768,0.9919,0.9922,6.50,1.20
2007.11.15 02:29:09.941,0.992,0.9922,0.50,1.20
2007.11.15 02:29:10.103,0.9919,0.9922,6.50,1.20
2007.11.15 02:29:10.271,0.9919,0.9922,4.10,0.50
2007.11.15 02:29:10.434,0.992,0.9922,0.50,0.50
2007.11.15 02:29:10.597,0.992,0.9922,0.50,0.50
2007.11.15 02:29:10.760,0.9919,0.9922,4.10,0.50
2007.11.15 02:29:10.923,0.9919,0.9923,1.70,2.80
2007.11.15 02:29:11.086,0.992,0.9923,0.50,2.80
2007.11.15 02:29:11.248,0.9919,0.9923,1.70,2.80
2007.11.15 02:29:11.496,0.9919,0.9923,1.70,2.80
2007.11.15 02:29:11.744,0.992,0.9923,4.10,2.80
2007.11.15 02:29:11.992,0.992,0.9923,4.10,2.80
2007.11.15 02:29:12.240,0.992,0.9923,4.10,2.80
2007.11.15 02:29:12.488,0.9921,0.9923,0.50,2.80
2007.11.15 02:29:12.736,0.9921,0.9923,0.50,2.80
2007.11.15 02:29:12.984,0.9921,0.9923,0.50,2.80
2007.11.15 02:29:13.230,0.9921,0.9923,0.50,2.80
2007.11.15 02:29:13.375,0.9921,0.9923,0.50,2.80
2007.11.15 02:29:13.518,0.9921,0.9923,0.50,2.80
2007.11.15 02:29:13.660,0.9921,0.9923,0.50,2.80
2007.11.15 02:29:13.803,0.9921,0.9923,0.50,2.80
2007.11.15 02:29:13.946,0.9921,0.9923,0.50,2.80
2007.11.15 02:29:14.089,0.9921,0.9923,0.50,2.80
2007.11.15 02:29:14.231,0.9921,0.9923,0.50,2.80
2007.11.15 02:29:14.429,0.9921,0.9923,0.50,2.80
2007.11.15 02:29:14.627,0.9921,0.9923,0.50,2.80
2007.11.15 02:29:14.825,0.9921,0.9923,0.50,2.80
2007.11.15 02:29:15.023,0.9921,0.9923,0.50,1.20
2007.11.15 02:29:15.221,0.9921,0.9923,0.50,1.20
2007.11.15 02:29:15.409,0.9921,0.9923,0.50,1.20
2007.11.15 02:29:15.596,0.9921,0.9923,0.50,1.20
2007.11.15 02:29:15.709,0.992,0.9923,4.10,1.20
2007.11.15 02:29:15.784,0.992,0.9923,0.70,0.80
2007.11.15 02:29:15.972,0.992,0.9923,0.90,0.80
2007.11.15 02:29:16.167,0.9919,0.9923,6.40,0.80
2007.11.15 02:29:16.355,0.992,0.9923,1.00,0.80
2007.11.15 02:29:16.593,0.9919,0.9923,6.40,0.80
2007.11.15 02:29:16.831,0.9919,0.9923,6.40,0.80
2007.11.15 02:29:17.069,0.9919,0.9923,6.40,0.80
2007.11.15 02:29:17.307,0.992,0.9923,0.60,0.80
2007.11.15 02:29:17.569,0.9919,0.9923,6.40,0.80
2007.11.15 02:29:17.832,0.992,0.9923,0.70,0.80
2007.11.15 02:29:18.095,0.992,0.9923,0.50,0.80
2007.11.15 02:29:18.359,0.9921,0.9923,0.50,1.20
2007.11.15 02:29:18.532,0.992,0.9923,4.10,1.20
2007.11.15 02:29:18.705,0.992,0.9923,4.10,1.20
2007.11.15 02:29:18.879,0.9921,0.9923,0.50,1.20
2007.11.15 02:29:19.052,0.992,0.9923,4.10,1.20
2007.11.15 02:29:19.225,0.992,0.9923,4.10,1.20
2007.11.15 02:29:19.398,0.9921,0.9923,0.50,1.20
2007.11.15 02:29:19.590,0.992,0.9923,4.10,1.20
2007.11.15 02:29:19.783,0.992,0.9923,4.10,1.20
2007.11.15 02:29:19.976,0.992,0.9923,4.10,1.20
2007.11.15 02:29:20.169,0.992,0.9923,4.10,1.20
2007.11.15 02:29:20.362,0.992,0.9923,4.10,1.20
2007.11.15 02:29:20.509,0.992,0.9923,4.10,1.20
2007.11.15 02:29:20.657,0.992,0.9923,4.10,1.20
2007.11.15 02:29:20.805,0.9921,0.9923,0.50,1.20
2007.11.15 02:29:20.953,0.992,0.9923,4.10,1.20
2007.11.15 02:29:21.100,0.9921,0.9923,0.50,1.20
2007.11.15 02:29:21.254,0.992,0.9922,0.50,0.50
2007.11.15 02:29:21.402,0.9919,0.9922,6.50,0.50
2007.11.15 02:29:21.651,0.9919,0.9922,6.50,0.50
2007.11.15 02:29:21.899,0.9919,0.9922,6.50,0.50
2007.11.15 02:29:22.147,0.9919,0.9922,6.50,0.50
2007.11.15 02:29:22.395,0.9919,0.9922,6.50,0.50
2007.11.15 02:29:22.647,0.9919,0.9922,6.50,0.50
2007.11.15 02:29:22.900,0.9919,0.9922,6.50,0.50
2007.11.15 02:29:23.152,0.992,0.9922,0.50,0.50
2007.11.15 02:29:23.405,0.992,0.9922,0.50,0.50
2007.11.15 02:29:23.547,0.992,0.9922,0.50,0.50
2007.11.15 02:29:23.690,0.992,0.9922,0.50,0.50
2007.11.15 02:29:23.833,0.992,0.9922,0.50,0.50
2007.11.15 02:29:23.976,0.9919,0.9922,6.50,0.50
2007.11.15 02:29:24.119,0.9919,0.9922,6.50,0.50
2007.11.15 02:29:24.261,0.9919,0.9922,6.50,0.50
2007.11.15 02:29:24.404,0.9919,0.9922,6.50,0.50
2007.11.15 02:29:24.546,0.9919,0.9922,6.50,0.50
2007.11.15 02:29:24.809,0.992,0.9922,0.50,0.50
2007.11.15 02:29:25.072,0.992,0.9922,0.50,0.50
2007.11.15 02:29:25.334,0.9919,0.9922,6.50,0.50
2007.11.15 02:29:25.597,0.992,0.9922,0.50,0.50
2007.11.15 02:29:25.745,0.992,0.9922,0.50,0.50
2007.11.15 02:29:25.893,0.992,0.9922,0.50,0.50
2007.11.15 02:29:26.041,0.992,0.9922,0.50,0.50
2007.11.15 02:29:26.189,0.9919,0.9922,6.40,0.50
2007.11.15 02:29:26.337,0.992,0.9922,1.60,0.50
2007.11.15 02:29:26.484,0.9919,0.9922,6.40,0.50
2007.11.15 02:29:26.632,0.9919,0.9922,6.40,0.50
2007.11.15 02:29:26.929,0.9919,0.9922,6.40,0.50
2007.11.15 02:29:27.227,0.9919,0.9922,6.40,0.50
2007.11.15 02:29:27.531,0.992,0.9922,1.10,0.50
2007.11.15 02:29:27.829,0.992,0.9922,1.50,0.50
2007.11.15 02:29:28.072,0.9919,0.9922,7.20,0.50
2007.11.15 02:29:28.316,0.9919,0.9922,7.20,0.50
2007.11.15 02:29:28.559,0.992,0.9922,1.60,0.50
2007.11.15 02:29:28.802,0.992,0.9922,0.50,0.50
2007.11.15 02:29:28.995,0.992,0.9922,1.10,0.50
2007.11.15 02:29:29.188,0.992,0.9922,0.80,0.50
2007.11.15 02:29:29.386,0.9919,0.9922,7.20,0.50
2007.11.15 02:29:29.573,0.9919,0.9922,7.20,0.50
2007.11.15 02:29:29.767,0.992,0.9922,1.30,0.50
2007.11.15 02:29:29.915,0.9919,0.9922,7.20,0.50
2007.11.15 02:29:30.062,0.9919,0.9922,7.20,0.50
2007.11.15 02:29:30.210,0.9919,0.9922,5.60,0.50
2007.11.15 02:29:30.358,0.99185,0.9922,10.80,0.50
2007.11.15 02:29:30.506,0.99175,0.9922,10.40,1.20
2007.11.15 02:29:30.654,0.99175,0.9922,10.40,1.20
2007.11.15 02:29:30.803,0.9918,0.9922,6.00,1.20
2007.11.15 02:29:31.190,0.9918,0.9922,6.00,1.20
2007.11.15 02:29:31.437,0.9918,0.9922,6.00,1.20
2007.11.15 02:29:31.693,0.9918,0.9922,6.00,1.20
2007.11.15 02:29:31.940,0.9918,0.9922,6.00,1.20
2007.11.15 02:29:32.203,0.9918,0.9922,6.00,1.20
2007.11.15 02:29:32.466,0.9918,0.9922,6.00,1.20
2007.11.15 02:29:32.729,0.9918,0.9922,6.00,1.20
2007.11.15 02:29:32.991,0.9919,0.9922,0.70,1.20
2007.11.15 02:29:33.141,0.9918,0.9922,6.00,1.20
2007.11.15 02:29:33.288,0.9918,0.9922,6.00,1.20
2007.11.15 02:29:33.442,0.9918,0.9922,6.00,1.20
2007.11.15 02:29:33.584,0.9918,0.9922,6.00,1.20
2007.11.15 02:29:33.731,0.9918,0.9922,6.00,1.20
2007.11.15 02:29:33.880,0.9919,0.9922,1.10,1.20
2007.11.15 02:29:34.104,0.9919,0.9922,1.10,1.20
2007.11.15 02:29:34.316,0.9918,0.9922,6.00,1.20
2007.11.15 02:29:34.533,0.9919,0.9922,0.60,1.20
2007.11.15 02:29:34.751,0.9918,0.9922,6.00,1.20
2007.11.15 02:29:34.970,0.9918,0.9922,6.00,1.20
2007.11.15 02:29:35.128,0.9919,0.9922,0.80,1.20
2007.11.15 02:29:35.286,0.9918,0.9922,14.40,0.50
2007.11.15 02:29:35.443,0.9919,0.9922,1.20,0.50
2007.11.15 02:29:35.602,0.9918,0.9922,7.60,0.50
2007.11.15 02:29:35.759,0.9919,0.9922,1.60,0.50
2007.11.15 02:29:35.918,0.9919,0.9922,0.60,0.50
2007.11.15 02:29:36.156,0.9919,0.9922,0.80,0.50
2007.11.15 02:29:36.394,0.9918,0.9922,7.60,0.50
2007.11.15 02:29:36.631,0.9918,0.9922,7.60,0.50
2007.11.15 02:29:36.870,0.9918,0.9922,7.60,0.50
2007.11.15 02:29:37.138,0.9918,0.9922,7.60,0.50
2007.11.15 02:29:37.406,0.9918,0.9922,7.60,0.50
2007.11.15 02:29:37.673,0.9918,0.9922,7.60,0.50
2007.11.15 02:29:37.941,0.9919,0.9922,1.00,0.50
2007.11.15 02:29:38.048,0.9918,0.9922,7.60,0.50
2007.11.15 02:29:38.160,0.9918,0.9922,7.60,0.50
2007.11.15 02:29:38.267,0.9918,0.9922,7.60,0.50
2007.11.15 02:29:38.376,0.9918,0.9922,7.60,0.50
2007.11.15 02:29:38.483,0.9919,0.9922,1.50,0.50
2007.11.15 02:29:38.592,0.9919,0.9922,1.20,0.50
2007.11.15 02:29:38.700,0.9918,0.9922,6.80,0.50
2007.11.15 02:29:38.809,0.9918,0.9922,6.80,0.50
2007.11.15 02:29:38.917,0.9918,0.9922,6.80,0.50
2007.11.15 02:29:39.185,0.9919,0.9922,1.30,0.50
2007.11.15 02:29:39.453,0.9919,0.9922,1.20,0.50
2007.11.15 02:29:39.720,0.9919,0.9922,1.20,0.50
2007.11.15 02:29:39.988,0.9918,0.9922,6.80,0.50
2007.11.15 02:29:40.255,0.9919,0.9922,0.80,0.50
2007.11.15 02:29:40.413,0.9918,0.9922,6.80,0.50
2007.11.15 02:29:40.571,0.9918,0.9922,6.80,0.50
2007.11.15 02:29:40.729,0.9918,0.9922,6.80,0.50
2007.11.15 02:29:40.892,0.9918,0.9922,6.80,0.50
2007.11.15 02:29:41.044,0.9918,0.9922,6.80,0.50
2007.11.15 02:29:41.267,0.9918,0.9922,6.80,0.50
2007.11.15 02:29:41.490,0.9919,0.9922,1.00,0.50
2007.11.15 02:29:41.712,0.9918,0.9922,6.80,0.50
2007.11.15 02:29:41.935,0.9918,0.9922,6.80,0.50
2007.11.15 02:29:42.158,0.9919,0.9922,1.10,0.50
2007.11.15 02:29:42.401,0.9918,0.9922,6.00,1.20
2007.11.15 02:29:42.644,0.9918,0.9922,6.00,1.20
2007.11.15 02:29:42.887,0.9918,0.9922,6.00,1.20
2007.11.15 02:29:43.130,0.9918,0.9922,6.00,1.20
2007.11.15 02:29:43.328,0.9919,0.9922,1.60,1.20
2007.11.15 02:29:43.526,0.9918,0.9922,6.00,1.20
2007.11.15 02:29:43.723,0.9919,0.9922,0.50,1.20
2007.11.15 02:29:43.923,0.9918,0.9922,6.00,1.20
2007.11.15 02:29:44.121,0.9918,0.9922,6.00,1.20
2007.11.15 02:29:44.283,0.9918,0.9922,6.00,1.20
2007.11.15 02:29:44.448,0.9919,0.9922,1.60,1.20
2007.11.15 02:29:44.610,0.9918,0.9922,6.00,1.20
2007.11.15 02:29:44.774,0.9918,0.9922,5.20,1.20
2007.11.15 02:29:44.936,0.9919,0.9922,0.60,0.50
2007.11.15 02:29:45.100,0.9918,0.9922,4.00,0.50
2007.11.15 02:29:45.263,0.9919,0.9922,0.70,2.00
2007.11.15 02:29:45.486,0.9919,0.9922,1.30,2.00
2007.11.15 02:29:45.710,0.9918,0.9922,3.20,2.00
2007.11.15 02:29:45.933,0.9918,0.9922,6.00,1.20
2007.11.15 02:29:46.157,0.9918,0.9922,6.00,1.20
2007.11.15 02:29:46.349,0.9918,0.9922,6.00,1.20
2007.11.15 02:29:46.542,0.9919,0.9922,0.80,1.20
2007.11.15 02:29:46.735,0.9919,0.9922,1.40,1.20
2007.11.15 02:29:46.927,0.9918,0.9922,6.00,1.20
2007.11.15 02:29:47.119,0.9918,0.9922,6.00,1.20
2007.11.15 02:29:47.313,0.9919,0.9922,1.60,1.20
2007.11.15 02:29:47.615,0.9918,0.9922,6.00,1.20
2007.11.15 02:29:47.918,0.9918,0.9922,7.60,0.50
2007.11.15 02:29:48.220,0.9918,0.9922,7.60,0.50
2007.11.15 02:29:48.337,0.9919,0.9922,1.40,0.50
2007.11.15 02:29:48.456,0.9919,0.9922,0.60,0.50
2007.11.15 02:29:48.574,0.9919,0.9922,1.60,0.50
2007.11.15 02:29:48.692,0.9918,0.9922,7.60,0.50
2007.11.15 02:29:48.810,0.9919,0.9922,0.80,0.50
2007.11.15 02:29:48.928,0.9918,0.9922,7.60,0.50
2007.11.15 02:29:49.046,0.9919,0.9922,1.10,0.50
2007.11.15 02:29:49.163,0.9918,0.9922,7.60,0.50
2007.11.15 02:29:49.452,0.9919,0.9922,1.00,0.50
2007.11.15 02:29:49.741,0.9919,0.9922,1.10,0.50
2007.11.15 02:29:50.029,0.9918,0.9922,7.60,0.50
2007.11.15 02:29:50.317,0.9919,0.9923,1.60,1.20
2007.11.15 02:29:50.465,0.9919,0.9923,0.50,1.20
2007.11.15 02:29:50.612,0.9919,0.9923,0.70,1.20
2007.11.15 02:29:50.766,0.9918,0.9923,10.40,1.20
2007.11.15 02:29:50.908,0.9918,0.9923,10.40,1.20
2007.11.15 02:29:51.055,0.9919,0.9923,1.20,1.20
2007.11.15 02:29:51.205,0.9919,0.9923,1.20,1.20
2007.11.15 02:29:51.353,0.9918,0.9923,10.40,1.20
2007.11.15 02:29:51.594,0.9919,0.9923,1.10,1.20
2007.11.15 02:29:51.836,0.9918,0.9923,10.40,1.20
2007.11.15 02:29:52.079,0.9918,0.9923,10.40,1.20
2007.11.15 02:29:52.321,0.9919,0.9923,1.20,1.20
2007.11.15 02:29:52.564,0.9918,0.9923,10.40,1.20
2007.11.15 02:29:52.791,0.9919,0.9923,0.80,1.20
2007.11.15 02:29:53.018,0.9918,0.9923,10.40,1.20
2007.11.15 02:29:53.246,0.9918,0.9923,10.40,1.20
2007.11.15 02:29:53.474,0.9918,0.9923,10.40,1.20
2007.11.15 02:29:53.612,0.9918,0.9923,10.40,1.20
2007.11.15 02:29:53.749,0.9918,0.9923,10.40,1.20
2007.11.15 02:29:53.888,0.9919,0.9923,0.70,1.20
2007.11.15 02:29:54.025,0.9918,0.9923,10.40,1.20
2007.11.15 02:29:54.163,0.9919,0.9923,1.60,1.20
2007.11.15 02:29:54.300,0.9919,0.9923,1.10,1.20
2007.11.15 02:29:54.438,0.9918,0.9923,10.40,1.20
2007.11.15 02:29:54.651,0.9919,0.9923,0.90,1.20
2007.11.15 02:29:54.865,0.9918,0.9923,10.40,1.20
2007.11.15 02:29:55.077,0.9918,0.9923,10.40,1.20
2007.11.15 02:29:55.289,0.9918,0.9923,10.40,1.20
2007.11.15 02:29:55.503,0.9919,0.9923,1.60,1.20
2007.11.15 02:29:55.660,0.9918,0.9923,10.40,1.20
2007.11.15 02:29:55.837,0.9919,0.9923,1.20,1.20
2007.11.15 02:29:55.994,0.9918,0.9923,10.40,1.20
2007.11.15 02:29:56.153,0.9918,0.9923,10.40,1.20
2007.11.15 02:29:56.310,0.9918,0.9923,10.40,1.20
2007.11.15 02:29:56.472,0.9918,0.9923,10.40,1.20
2007.11.15 02:29:56.631,0.9919,0.9923,1.20,1.20
2007.11.15 02:29:56.818,0.9918,0.9923,10.40,1.20
2007.11.15 02:29:56.996,0.9919,0.9923,1.60,1.20
2007.11.15 02:29:57.174,0.9918,0.9923,10.40,1.20
2007.11.15 02:29:57.352,0.9918,0.9923,10.40,1.20
2007.11.15 02:29:57.535,0.9919,0.9923,1.40,1.20
2007.11.15 02:29:57.712,0.9919,0.9923,0.90,1.20
2007.11.15 02:29:57.974,0.9919,0.9923,1.60,1.20
2007.11.15 02:29:58.237,0.9918,0.9923,10.40,1.20
2007.11.15 02:29:58.499,0.9918,0.9923,10.40,1.20
2007.11.15 02:29:58.762,0.9918,0.9923,10.40,1.20
2007.11.15 02:29:58.895,0.9918,0.9923,10.40,1.20
2007.11.15 02:29:59.027,0.9919,0.9923,1.00,1.20
2007.11.15 02:29:59.161,0.9918,0.9923,10.40,1.20
2007.11.15 02:29:59.294,0.9918,0.9923,10.40,1.20
2007.11.15 02:29:59.427,0.9919,0.9923,0.70,1.20
2007.11.15 02:29:59.560,0.9918,0.9923,10.40,1.20
2007.11.15 02:29:59.692,0.9918,0.9923,10.40,1.20
2007.11.15 02:29:59.825,0.9918,0.9923,10.40,1.20
2007.11.15 02:30:00.037,0.9919,0.9923,1.00,1.20
2007.11.15 02:30:00.249,0.9918,0.9923,10.40,1.20
2007.11.15 02:30:00.461,0.9919,0.9923,1.00,1.20
2007.11.15 02:30:00.673,0.9918,0.9923,10.40,1.20
2007.11.15 02:30:00.885,0.9918,0.9923,10.40,1.20
2007.11.15 02:30:01.038,0.9918,0.9923,10.40,1.20
2007.11.15 02:30:01.191,0.9918,0.9923,10.40,1.20
2007.11.15 02:30:01.344,0.9919,0.9923,1.40,1.20
2007.11.15 02:30:01.496,0.9918,0.9923,10.40,1.20
2007.11.15 02:30:01.649,0.9918,0.9923,10.40,1.20
2007.11.15 02:30:01.801,0.9918,0.9923,10.40,1.20
2007.11.15 02:30:02.006,0.9918,0.9923,10.40,1.20
2007.11.15 02:30:02.188,0.9919,0.9923,1.20,1.20
2007.11.15 02:30:02.370,0.9918,0.9923,10.40,1.20
2007.11.15 02:30:02.553,0.9919,0.9923,1.00,1.20
2007.11.15 02:30:02.740,0.9918,0.9923,10.40,1.20
2007.11.15 02:30:02.919,0.9918,0.9923,10.40,1.20
2007.11.15 02:30:03.101,0.9918,0.9923,10.40,1.20
2007.11.15 02:30:03.319,0.9918,0.9923,10.40,1.20
2007.11.15 02:30:03.537,0.9918,0.9923,10.40,1.20
2007.11.15 02:30:03.755,0.9918,0.9923,10.40,1.20
2007.11.15 02:30:03.973,0.9918,0.9923,10.40,1.20
2007.11.15 02:30:04.192,0.9919,0.9923,1.40,1.20
2007.11.15 02:30:04.329,0.9918,0.9923,10.40,1.20
2007.11.15 02:30:04.467,0.9919,0.9923,0.60,1.20
2007.11.15 02:30:04.605,0.9919,0.9923,1.40,1.20
2007.11.15 02:30:04.743,0.9919,0.9923,1.50,1.20
2007.11.15 02:30:04.881,0.9919,0.9923,1.00,1.20
2007.11.15 02:30:05.018,0.9918,0.9923,10.40,1.20
2007.11.15 02:30:05.216,0.9918,0.9923,10.40,1.20
2007.11.15 02:30:05.414,0.9919,0.9923,1.00,1.20
2007.11.15 02:30:05.611,0.9918,0.9923,10.40,1.20
2007.11.15 02:30:05.808,0.9918,0.9923,10.40,1.20
2007.11.15 02:30:06.006,0.9919,0.9923,1.20,1.20
2007.11.15 02:30:06.189,0.9918,0.9923,10.40,1.20
2007.11.15 02:30:06.371,0.9918,0.9923,10.40,1.20
2007.11.15 02:30:06.554,0.9918,0.9923,10.40,1.20
2007.11.15 02:30:06.737,0.9919,0.9923,1.30,1.20
2007.11.15 02:30:06.919,0.9919,0.9923,1.10,1.20
2007.11.15 02:30:07.103,0.9919,0.9923,1.60,1.20
2007.11.15 02:30:07.366,0.9919,0.9923,0.50,1.20
2007.11.15 02:30:07.629,0.9919,0.9923,1.10,1.20
2007.11.15 02:30:07.892,0.9918,0.9923,10.40,1.20
2007.11.15 02:30:08.165,0.9918,0.9923,10.40,1.20
2007.11.15 02:30:08.263,0.9918,0.9923,10.40,1.20
2007.11.15 02:30:08.362,0.9918,0.9923,10.40,1.20
2007.11.15 02:30:08.460,0.9919,0.9923,1.60,1.20
2007.11.15 02:30:08.558,0.9919,0.9923,1.10,1.20
2007.11.15 02:30:08.661,0.9919,0.9923,1.30,1.20
2007.11.15 02:30:08.752,0.9918,0.9923,10.40,1.20
2007.11.15 02:30:08.850,0.9919,0.9923,0.80,1.20
2007.11.15 02:30:08.949,0.9918,0.9923,10.40,1.20
2007.11.15 02:30:09.048,0.9918,0.9923,10.40,1.20
2007.11.15 02:30:09.152,0.9919,0.9923,1.10,1.20
2007.11.15 02:30:09.249,0.9919,0.9923,1.30,1.20
2007.11.15 02:30:09.532,0.9918,0.9923,10.40,1.20
2007.11.15 02:30:09.815,0.9918,0.9923,10.40,1.20
2007.11.15 02:30:10.099,0.9919,0.9923,1.30,1.20
2007.11.15 02:30:10.381,0.9919,0.9923,0.90,1.20
2007.11.15 02:30:10.529,0.9918,0.9923,10.40,1.20
2007.11.15 02:30:10.677,0.9918,0.9923,10.40,1.20
2007.11.15 02:30:10.825,0.9918,0.9923,10.40,1.20
2007.11.15 02:30:10.973,0.9918,0.9923,10.40,1.20
2007.11.15 02:30:11.121,0.9919,0.9923,1.50,1.20
2007.11.15 02:30:11.269,0.9918,0.9923,10.40,1.20
2007.11.15 02:30:11.447,0.9918,0.9923,10.40,1.20
2007.11.15 02:30:11.625,0.9919,0.9923,0.70,1.20
2007.11.15 02:30:11.803,0.9918,0.9923,10.40,1.20
2007.11.15 02:30:11.981,0.9919,0.9923,2.40,1.20
2007.11.15 02:30:12.159,0.9919,0.9923,2.40,1.20
2007.11.15 02:30:12.336,0.9919,0.9923,2.40,1.20
2007.11.15 02:30:12.580,0.9919,0.9923,2.40,1.20
2007.11.15 02:30:12.822,0.9919,0.9923,2.40,1.20
2007.11.15 02:30:13.065,0.9919,0.9923,2.40,1.20
2007.11.15 02:30:13.308,0.9919,0.9923,2.40,1.20
2007.11.15 02:30:13.416,0.9919,0.9923,2.40,1.20
2007.11.15 02:30:13.523,0.9919,0.9923,2.40,1.20
2007.11.15 02:30:13.630,0.9919,0.9923,2.40,1.20
2007.11.15 02:30:13.743,0.9919,0.9923,2.40,1.20
2007.11.15 02:30:13.847,0.9919,0.9923,2.40,1.20
2007.11.15 02:30:13.955,0.9919,0.9923,2.40,1.20
2007.11.15 02:30:14.063,0.9919,0.9923,2.40,1.20
2007.11.15 02:30:14.171,0.9919,0.9923,2.40,1.20
2007.11.15 02:30:14.330,0.9919,0.9923,2.40,1.20
2007.11.15 02:30:14.522,0.9919,0.9923,2.40,1.20
2007.11.15 02:30:14.714,0.9919,0.9923,2.40,1.20
2007.11.15 02:30:14.907,0.9919,0.9923,2.40,1.20
2007.11.15 02:30:15.100,0.9919,0.9923,2.40,1.20
2007.11.15 02:30:15.294,0.9919,0.9923,2.40,1.20
2007.11.15 02:30:15.486,0.9919,0.9923,2.40,1.20
2007.11.15 02:30:15.623,0.9919,0.9923,2.40,1.20
2007.11.15 02:30:15.761,0.9919,0.9923,2.40,1.20
2007.11.15 02:30:15.899,0.9919,0.9923,2.40,1.20
2007.11.15 02:30:16.036,0.9919,0.9923,2.40,1.20
2007.11.15 02:30:16.175,0.9919,0.9923,2.40,1.20
2007.11.15 02:30:16.313,0.9919,0.9923,2.40,1.20
2007.11.15 02:30:16.450,0.9919,0.9923,2.40,1.20
2007.11.15 02:30:16.633,0.9919,0.9923,2.40,1.20
2007.11.15 02:30:16.815,0.9919,0.9923,2.40,1.20
2007.11.15 02:30:16.999,0.9919,0.9923,2.40,1.20
2007.11.15 02:30:17.188,0.9919,0.9923,2.40,1.20
2007.11.15 02:30:17.370,0.9919,0.9923,2.40,1.20
2007.11.15 02:30:17.553,0.9919,0.9923,2.40,1.20
2007.11.15 02:30:17.796,0.9919,0.9923,2.40,1.20
2007.11.15 02:30:18.044,0.9919,0.9923,2.40,1.20
2007.11.15 02:30:18.287,0.9919,0.9923,2.40,1.20
2007.11.15 02:30:18.530,0.9919,0.9923,2.40,1.20
2007.11.15 02:30:18.657,0.9919,0.9923,2.40,1.20
2007.11.15 02:30:18.785,0.9919,0.9923,2.40,1.20
2007.11.15 02:30:18.913,0.9919,0.9923,2.40,1.20
2007.11.15 02:30:19.041,0.9919,0.9923,2.40,1.20
2007.11.15 02:30:19.169,0.9919,0.9923,4.80,1.20
2007.11.15 02:30:19.297,0.9919,0.9923,7.60,0.80
2007.11.15 02:30:19.425,0.9919,0.9923,7.60,0.80
2007.11.15 02:30:19.553,0.9919,0.9923,7.60,0.80
2007.11.15 02:30:19.855,0.9919,0.9923,14.00,0.80
2007.11.15 02:30:20.158,0.99195,0.9923,6.80,0.80
2007.11.15 02:30:20.492,0.99195,0.9924,6.80,0.80
2007.11.15 02:30:20.796,0.99195,0.9924,6.80,0.80
2007.11.15 02:30:20.959,0.99195,0.9924,6.80,0.80
2007.11.15 02:30:21.123,0.99195,0.9924,6.80,0.80
2007.11.15 02:30:21.286,0.99195,0.9924,6.80,0.80
2007.11.15 02:30:21.448,0.9919,0.9924,13.20,0.80
2007.11.15 02:30:21.612,0.9919,0.9924,13.20,0.80
2007.11.15 02:30:21.817,0.9919,0.9924,13.20,0.80
2007.11.15 02:30:22.019,0.9919,0.9924,9.20,0.80
2007.11.15 02:30:22.223,0.9919,0.9924,9.20,0.80
2007.11.15 02:30:22.426,0.9919,0.9924,9.20,3.20
2007.11.15 02:30:22.635,0.9919,0.9924,9.20,3.20
2007.11.15 02:30:22.907,0.9919,0.9924,2.40,3.60
2007.11.15 02:30:23.185,0.9919,0.9924,2.40,3.60
2007.11.15 02:30:23.463,0.9919,0.9924,2.40,3.60
2007.11.15 02:30:23.740,0.9919,0.9924,2.40,3.60
2007.11.15 02:30:23.898,0.9919,0.9924,2.40,3.60
2007.11.15 02:30:24.062,0.9919,0.9924,2.40,3.60
2007.11.15 02:30:24.213,0.9919,0.9924,6.00,1.20
2007.11.15 02:30:24.372,0.9919,0.9924,14.40,1.20
2007.11.15 02:30:24.530,0.9919,0.9924,14.40,1.20
2007.11.15 02:30:24.688,0.9919,0.9924,14.40,1.20
2007.11.15 02:30:24.901,0.99195,0.9924,6.80,0.80
2007.11.15 02:30:25.120,0.99195,0.9924,6.80,0.80
2007.11.15 02:30:25.333,0.99195,0.9924,6.80,0.80
2007.11.15 02:30:25.546,0.99195,0.9924,6.80,0.80
2007.11.15 02:30:25.759,0.99195,0.99235,6.80,0.80
2007.11.15 02:30:25.961,0.9919,0.99235,16.40,0.80
2007.11.15 02:30:26.165,0.9919,0.99235,16.40,0.80
2007.11.15 02:30:26.367,0.9919,0.99235,16.40,0.80
2007.11.15 02:30:26.655,0.9919,0.99235,11.60,0.80
2007.11.15 02:30:26.835,0.9919,0.99235,7.60,0.80
2007.11.15 02:30:27.019,0.9919,0.99235,7.60,0.80
2007.11.15 02:30:27.202,0.9919,0.9923,7.60,0.50
2007.11.15 02:30:27.384,0.9919,0.9923,7.60,0.50
2007.11.15 02:30:27.566,0.9919,0.9923,7.60,0.50
2007.11.15 02:30:27.749,0.9919,0.9923,7.60,0.50
2007.11.15 02:30:27.932,0.9919,0.9923,7.60,0.50
2007.11.15 02:30:28.190,0.9919,0.9923,7.60,0.50
2007.11.15 02:30:28.448,0.9919,0.9923,7.60,0.50
2007.11.15 02:30:28.706,0.9919,0.9923,7.60,0.50
2007.11.15 02:30:28.963,0.9919,0.9923,7.60,0.50
2007.11.15 02:30:29.081,0.9919,0.9923,7.60,0.50
2007.11.15 02:30:29.199,0.9919,0.9923,7.60,0.50
2007.11.15 02:30:29.317,0.9919,0.9923,7.60,0.50
2007.11.15 02:30:29.439,0.9919,0.9923,7.60,0.50
2007.11.15 02:30:29.556,0.9919,0.9923,7.60,0.50
2007.11.15 02:30:29.675,0.9919,0.9923,7.60,0.50
2007.11.15 02:30:29.792,0.9919,0.9923,7.60,0.50
2007.11.15 02:30:29.909,0.9919,0.9923,7.60,0.50
2007.11.15 02:30:30.123,0.9919,0.9923,7.60,0.50
2007.11.15 02:30:30.336,0.9919,0.9923,7.60,0.50
2007.11.15 02:30:30.549,0.9919,0.9923,7.60,0.50
2007.11.15 02:30:30.761,0.9919,0.9923,7.60,0.50
2007.11.15 02:30:30.975,0.9919,0.9923,7.60,0.50
2007.11.15 02:30:31.102,0.9919,0.9923,7.60,0.50
2007.11.15 02:30:31.229,0.9919,0.9923,7.60,0.50
2007.11.15 02:30:31.358,0.9919,0.9923,7.60,0.50
2007.11.15 02:30:31.485,0.9919,0.9923,7.60,0.50
2007.11.15 02:30:31.613,0.9919,0.9923,7.60,0.50
2007.11.15 02:30:31.741,0.9919,0.9923,7.60,0.50
2007.11.15 02:30:31.868,0.9919,0.9923,7.60,0.50
2007.11.15 02:30:31.997,0.9919,0.9923,7.60,0.50
2007.11.15 02:30:32.201,0.9919,0.9923,7.60,0.50
2007.11.15 02:30:32.404,0.9919,0.9923,7.60,0.50
2007.11.15 02:30:32.606,0.9919,0.9923,7.60,0.50
2007.11.15 02:30:32.819,0.9919,0.99225,6.80,0.80
2007.11.15 02:30:33.023,0.9919,0.9922,4.00,0.50
2007.11.15 02:30:33.258,0.9919,0.9922,4.00,0.50
2007.11.15 02:30:33.478,0.9919,0.9922,2.40,0.50
2007.11.15 02:30:33.705,0.9919,0.9922,2.40,0.50
2007.11.15 02:30:33.939,0.9919,0.9922,2.40,0.50
2007.11.15 02:30:34.167,0.9919,0.9922,2.40,0.50
2007.11.15 02:30:34.370,0.9919,0.9922,2.40,0.50
2007.11.15 02:30:34.572,0.9919,0.9922,2.40,0.50
2007.11.15 02:30:34.775,0.9919,0.9923,2.40,0.50
2007.11.15 02:30:34.978,0.9919,0.9923,2.40,1.20
2007.11.15 02:30:35.180,0.9919,0.9923,2.40,1.20
2007.11.15 02:30:35.378,0.9919,0.9923,2.40,1.20
2007.11.15 02:30:35.582,0.9919,0.9923,2.40,1.20
2007.11.15 02:30:35.773,0.9919,0.9923,4.80,1.20
2007.11.15 02:30:35.971,0.9919,0.9923,4.80,1.20
2007.11.15 02:30:36.169,0.9919,0.9923,5.60,1.20
2007.11.15 02:30:36.397,0.9919,0.9923,7.60,1.20
2007.11.15 02:30:36.624,0.9919,0.9923,7.60,1.20
2007.11.15 02:30:36.853,0.9919,0.9923,7.60,1.20
2007.11.15 02:30:37.081,0.9919,0.9923,7.60,1.20
2007.11.15 02:30:37.309,0.9919,0.9923,7.60,1.20
2007.11.15 02:30:37.576,0.9919,0.9923,7.60,1.20
2007.11.15 02:30:37.843,0.9919,0.9923,7.60,1.20
2007.11.15 02:30:38.110,0.9919,0.9923,7.60,1.20
2007.11.15 02:30:38.379,0.9919,0.9923,5.20,1.20
2007.11.15 02:30:38.497,0.9919,0.9923,5.20,1.20
2007.11.15 02:30:38.614,0.9919,0.9923,5.20,1.20
2007.11.15 02:30:38.734,0.9919,0.9923,4.40,1.20
2007.11.15 02:30:38.974,0.9919,0.9923,4.00,0.50
2007.11.15 02:30:39.092,0.9919,0.9923,2.40,1.20
2007.11.15 02:30:39.209,0.9919,0.9923,2.40,1.20
2007.11.15 02:30:39.328,0.9919,0.9923,2.40,1.20
2007.11.15 02:30:39.551,0.9919,0.9923,2.40,1.20
2007.11.15 02:30:39.773,0.9919,0.9923,2.40,1.20
2007.11.15 02:30:39.996,0.9919,0.9923,2.40,1.20
2007.11.15 02:30:40.220,0.9919,0.9923,2.40,1.20
2007.11.15 02:30:40.442,0.9919,0.9923,2.40,1.20
2007.11.15 02:30:40.620,0.9919,0.9923,2.40,1.20
2007.11.15 02:30:40.798,0.9919,0.9923,2.40,1.20
2007.11.15 02:30:40.975,0.9919,0.9923,2.40,1.20
2007.11.15 02:30:41.153,0.9919,0.9923,2.40,1.20
2007.11.15 02:30:41.330,0.9919,0.9923,2.40,1.20
2007.11.15 02:30:41.483,0.9919,0.9923,2.40,1.20
2007.11.15 02:30:41.635,0.9919,0.9923,2.40,1.20
2007.11.15 02:30:41.787,0.9919,0.9923,2.40,1.20
2007.11.15 02:30:41.941,0.9919,0.9923,2.40,1.20
2007.11.15 02:30:41.982,0.9919,0.9923,2.40,0.80
2007.11.15 02:30:42.093,0.9919,0.99235,2.40,2.00
2007.11.15 02:30:42.246,0.9919,0.99235,2.40,2.00
2007.11.15 02:30:42.399,0.9919,0.9923,2.40,0.90
2007.11.15 02:30:42.667,0.9919,0.9923,2.40,0.50
2007.11.15 02:30:42.934,0.9919,0.99235,2.40,2.00
2007.11.15 02:30:43.202,0.9919,0.9923,2.40,0.70
2007.11.15 02:30:43.470,0.9919,0.9923,2.40,0.70
2007.11.15 02:30:43.582,0.9919,0.99235,2.40,2.00
2007.11.15 02:30:43.694,0.9919,0.9923,2.40,0.70
2007.11.15 02:30:43.808,0.9919,0.99235,2.40,2.00
2007.11.15 02:30:43.920,0.9919,0.9923,2.40,0.60
2007.11.15 02:30:44.033,0.9919,0.99235,2.40,2.00
2007.11.15 02:30:44.146,0.9919,0.99235,2.40,2.00
2007.11.15 02:30:44.258,0.9919,0.99235,2.40,2.00
2007.11.15 02:30:44.377,0.9919,0.99235,2.40,2.00
2007.11.15 02:30:44.485,0.9919,0.99235,2.40,2.00
2007.11.15 02:30:44.597,0.9919,0.99235,2.40,2.00
2007.11.15 02:30:44.816,0.9919,0.99235,2.40,2.00
2007.11.15 02:30:45.137,0.9919,0.99235,2.40,2.00
2007.11.15 02:30:45.354,0.9919,0.99235,2.40,2.00
2007.11.15 02:30:45.572,0.9919,0.99235,2.40,2.00
2007.11.15 02:30:45.689,0.9919,0.99235,2.40,2.00
2007.11.15 02:30:45.813,0.9919,0.9923,2.40,0.60
2007.11.15 02:30:45.925,0.9919,0.99235,2.40,2.00
2007.11.15 02:30:46.042,0.9919,0.99235,2.40,2.00
2007.11.15 02:30:46.161,0.9919,0.9923,2.40,0.60
2007.11.15 02:30:46.278,0.9919,0.9923,2.40,0.90
2007.11.15 02:30:46.395,0.9919,0.99235,2.40,2.00
2007.11.15 02:30:46.514,0.9919,0.99235,2.40,2.00
2007.11.15 02:30:46.631,0.9919,0.9923,2.40,0.60
2007.11.15 02:30:46.874,0.9919,0.99235,2.40,2.00
2007.11.15 02:30:47.117,0.9919,0.9923,2.40,0.70
2007.11.15 02:30:47.361,0.9919,0.9923,2.40,0.90
2007.11.15 02:30:47.604,0.9919,0.99235,2.40,2.00
2007.11.15 02:30:47.846,0.9919,0.99235,2.40,2.00
2007.11.15 02:30:48.060,0.9919,0.9923,2.40,0.70
2007.11.15 02:30:48.272,0.9919,0.9923,2.40,0.50
2007.11.15 02:30:48.485,0.9919,0.99235,2.40,2.00
2007.11.15 02:30:48.699,0.9919,0.9923,2.40,0.90
2007.11.15 02:30:48.816,0.9919,0.9923,2.40,0.70
2007.11.15 02:30:48.933,0.9919,0.99235,2.40,2.00
2007.11.15 02:30:49.051,0.9919,0.99235,2.40,2.00
2007.11.15 02:30:49.170,0.9919,0.9923,2.40,0.60
2007.11.15 02:30:49.287,0.9919,0.99235,2.40,2.00
2007.11.15 02:30:49.405,0.9919,0.9923,2.40,0.70
2007.11.15 02:30:49.524,0.9919,0.9923,2.40,0.60
2007.11.15 02:30:49.641,0.9919,0.9923,2.40,0.60
2007.11.15 02:30:49.759,0.9919,0.9923,2.40,0.50
2007.11.15 02:30:49.977,0.9919,0.99235,2.40,2.00
2007.11.15 02:30:50.194,0.9919,0.9923,2.40,0.60
2007.11.15 02:30:50.412,0.9919,0.9923,2.40,0.80
2007.11.15 02:30:50.631,0.9919,0.99235,2.40,2.00
2007.11.15 02:30:50.849,0.9919,0.9922,2.40,0.50
2007.11.15 02:30:50.982,0.9919,0.99225,2.40,1.30
2007.11.15 02:30:51.116,0.9919,0.99225,2.40,1.30
2007.11.15 02:30:51.304,0.9919,0.9922,2.40,0.50
2007.11.15 02:30:51.436,0.9919,0.9922,2.40,0.50
2007.11.15 02:30:51.568,0.9919,0.99225,2.40,1.30
2007.11.15 02:30:51.701,0.9919,0.99225,2.40,1.30
2007.11.15 02:30:51.833,0.9919,0.9922,2.40,0.50
2007.11.15 02:30:52.067,0.9919,0.9922,2.40,0.50
2007.11.15 02:30:52.305,0.9919,0.99225,2.40,1.30
2007.11.15 02:30:52.531,0.9919,0.99225,2.40,1.30
2007.11.15 02:30:52.764,0.9919,0.99225,2.40,1.30
2007.11.15 02:30:52.998,0.9919,0.9922,2.40,0.50
2007.11.15 02:30:53.231,0.9919,0.99225,2.40,1.30
2007.11.15 02:30:53.458,0.9919,0.9922,2.40,0.50
2007.11.15 02:30:53.685,0.9919,0.99225,2.40,1.30
2007.11.15 02:30:53.913,0.9919,0.99225,2.40,1.30
2007.11.15 02:30:54.030,0.9919,0.99225,2.40,1.30
2007.11.15 02:30:54.148,0.9919,0.99225,2.40,1.30
2007.11.15 02:30:54.266,0.9919,0.99225,2.40,1.30
2007.11.15 02:30:54.383,0.9919,0.99225,2.40,1.30
2007.11.15 02:30:54.502,0.9919,0.99225,2.40,1.30
2007.11.15 02:30:54.620,0.9919,0.9922,2.40,0.50
2007.11.15 02:30:54.737,0.9919,0.99225,2.40,1.30
2007.11.15 02:30:54.854,0.9919,0.9922,2.40,0.50
2007.11.15 02:30:54.973,0.9919,0.9922,2.40,0.50
2007.11.15 02:30:55.195,0.9919,0.99225,2.40,1.30
2007.11.15 02:30:55.419,0.9919,0.99225,2.40,1.30
2007.11.15 02:30:55.641,0.9919,0.99225,2.40,1.30
2007.11.15 02:30:55.864,0.9919,0.9922,2.40,0.50
2007.11.15 02:30:56.087,0.9919,0.99225,2.40,1.30
2007.11.15 02:30:56.220,0.9919,0.9922,2.40,0.50
2007.11.15 02:30:56.353,0.9919,0.9922,2.40,0.50
2007.11.15 02:30:56.485,0.9919,0.9922,2.40,0.50
2007.11.15 02:30:56.618,0.9919,0.99225,2.40,1.30
2007.11.15 02:30:56.750,0.9919,0.99225,2.40,1.30
2007.11.15 02:30:56.883,0.9919,0.9922,2.40,0.50
2007.11.15 02:30:57.020,0.9919,0.99225,2.40,1.30
2007.11.15 02:30:57.193,0.9919,0.9922,2.40,0.50
2007.11.15 02:30:57.466,0.9919,0.9922,2.40,0.50
2007.11.15 02:30:57.644,0.9919,0.99225,2.40,2.00
2007.11.15 02:30:57.822,0.9919,0.9922,2.40,0.90
2007.11.15 02:30:58.000,0.9919,0.99225,2.40,2.00
2007.11.15 02:30:58.237,0.9919,0.99225,2.40,2.00
2007.11.15 02:30:58.474,0.9919,0.99225,2.40,2.00
2007.11.15 02:30:58.712,0.9919,0.99225,2.40,2.00
2007.11.15 02:30:58.951,0.9919,0.99225,2.40,2.00
2007.11.15 02:30:59.188,0.9919,0.9922,2.40,0.50
2007.11.15 02:30:59.301,0.9919,0.99225,2.80,2.00
2007.11.15 02:30:59.415,0.9919,0.99225,2.80,2.00
2007.11.15 02:30:59.529,0.9919,0.99225,2.80,2.00
2007.11.15 02:30:59.641,0.9919,0.9922,2.80,0.80
2007.11.15 02:30:59.754,0.9919,0.9922,2.80,0.90
2007.11.15 02:30:59.866,0.9919,0.9922,2.80,0.60
2007.11.15 02:30:59.980,0.9919,0.9922,2.80,0.50
2007.11.15 02:31:00.092,0.9919,0.9922,2.80,0.50
2007.11.15 02:31:00.204,0.9919,0.99225,2.80,2.00
2007.11.15 02:31:00.511,0.9919,0.99225,2.80,2.00
2007.11.15 02:31:00.819,0.9919,0.9922,3.60,0.90
2007.11.15 02:31:01.127,0.9919,0.9922,3.60,0.50
2007.11.15 02:31:01.435,0.9919,0.9922,5.20,0.50
2007.11.15 02:31:01.548,0.9919,0.9923,5.20,1.70
2007.11.15 02:31:01.660,0.9919,0.9923,5.20,1.70
2007.11.15 02:31:01.779,0.9919,0.9923,7.60,0.80
2007.11.15 02:31:01.886,0.9919,0.99235,7.60,2.00
2007.11.15 02:31:01.999,0.9919,0.99235,7.60,2.00
2007.11.15 02:31:02.112,0.9919,0.9923,7.60,0.50
2007.11.15 02:31:02.226,0.9919,0.9923,7.60,0.60
2007.11.15 02:31:02.484,0.9919,0.99235,6.00,2.00
2007.11.15 02:31:02.742,0.9919,0.99235,6.00,2.00
2007.11.15 02:31:02.999,0.9919,0.99235,6.00,2.00
2007.11.15 02:31:03.257,0.992,0.99235,0.50,2.00
2007.11.15 02:31:03.624,0.992,0.99235,0.50,1.30
2007.11.15 02:31:03.851,0.992,0.99235,0.50,1.30
2007.11.15 02:31:04.079,0.992,0.9923,0.50,0.50
2007.11.15 02:31:04.307,0.992,0.9923,0.50,0.50
2007.11.15 02:31:04.445,0.992,0.9923,0.50,0.50
2007.11.15 02:31:04.582,0.992,0.99235,0.50,1.30
2007.11.15 02:31:04.720,0.992,0.99235,0.50,1.30
2007.11.15 02:31:04.858,0.992,0.9923,0.50,0.50
2007.11.15 02:31:04.995,0.992,0.99235,0.50,1.30
2007.11.15 02:31:05.133,0.992,0.9923,0.50,0.50
2007.11.15 02:31:05.271,0.992,0.9923,0.50,0.50
2007.11.15 02:31:05.409,0.992,0.99235,0.50,1.30
2007.11.15 02:31:05.627,0.992,0.9923,0.50,0.50
2007.11.15 02:31:05.845,0.992,0.99235,0.50,1.30
2007.11.15 02:31:06.064,0.992,0.99235,0.50,1.30
2007.11.15 02:31:06.281,0.992,0.99235,0.50,1.30
2007.11.15 02:31:06.499,0.992,0.99235,0.50,1.30
2007.11.15 02:31:06.631,0.992,0.99235,0.50,1.30
2007.11.15 02:31:06.764,0.992,0.99235,0.50,1.30
2007.11.15 02:31:06.897,0.992,0.99235,0.50,1.30
2007.11.15 02:31:07.031,0.992,0.99235,0.50,1.30
2007.11.15 02:31:07.164,0.992,0.99235,0.50,1.30
2007.11.15 02:31:07.296,0.992,0.99235,0.50,1.30
2007.11.15 02:31:07.428,0.992,0.99235,0.50,1.30
2007.11.15 02:31:07.707,0.992,0.99235,0.50,1.30
2007.11.15 02:31:07.985,0.992,0.99235,0.50,1.30
2007.11.15 02:31:08.263,0.992,0.9923,0.50,0.50
2007.11.15 02:31:08.540,0.992,0.99235,0.50,1.30
2007.11.15 02:31:08.642,0.992,0.99235,0.50,1.30
2007.11.15 02:31:08.745,0.992,0.99235,0.50,1.30
2007.11.15 02:31:08.847,0.992,0.9923,0.50,0.50
2007.11.15 02:31:08.950,0.992,0.99235,0.50,1.30
2007.11.15 02:31:09.053,0.992,0.9923,0.50,0.50
2007.11.15 02:31:09.157,0.992,0.9923,0.50,0.50
2007.11.15 02:31:09.260,0.992,0.99235,0.50,1.30
2007.11.15 02:31:09.362,0.992,0.99235,2.80,1.30
2007.11.15 02:31:09.465,0.992,0.9923,2.80,0.50
2007.11.15 02:31:09.569,0.992,0.9923,2.80,0.50
2007.11.15 02:31:09.816,0.9921,0.99245,0.50,2.00
2007.11.15 02:31:10.065,0.9921,0.9924,0.50,0.90
2007.11.15 02:31:10.313,0.992,0.99245,12.00,2.00
2007.11.15 02:31:10.563,0.992,0.99245,1.20,2.00
2007.11.15 02:31:10.721,0.9921,0.9924,0.50,0.70
2007.11.15 02:31:10.879,0.9921,0.99245,0.50,2.00
2007.11.15 02:31:11.038,0.9921,0.9924,0.50,0.70
2007.11.15 02:31:11.195,0.9921,0.9924,0.50,0.70
2007.11.15 02:31:11.360,0.9921,0.99245,0.50,1.30
2007.11.15 02:31:11.517,0.9921,0.99245,0.50,1.30
2007.11.15 02:31:11.676,0.9921,0.9924,0.50,0.50
2007.11.15 02:31:11.954,0.992,0.9924,1.20,0.50
2007.11.15 02:31:12.233,0.992,0.99235,0.50,0.80
2007.11.15 02:31:12.510,0.992,0.9923,0.50,0.50
2007.11.15 02:31:12.788,0.992,0.9923,0.50,0.50
2007.11.15 02:31:13.052,0.992,0.9923,0.50,0.50
2007.11.15 02:31:13.315,0.992,0.9923,2.80,0.50
2007.11.15 02:31:13.579,0.992,0.9923,2.80,0.50
2007.11.15 02:31:13.732,0.992,0.9923,2.80,0.50
2007.11.15 02:31:13.886,0.992,0.9923,2.80,0.50
2007.11.15 02:31:14.039,0.992,0.9923,2.80,0.50
2007.11.15 02:31:14.193,0.992,0.9923,2.80,0.50
2007.11.15 02:31:14.347,0.992,0.9923,4.40,0.50
2007.11.15 02:31:14.499,0.992,0.9923,4.40,0.50
2007.11.15 02:31:14.652,0.992,0.9923,4.40,0.50
2007.11.15 02:31:14.850,0.992,0.9923,4.40,0.50
2007.11.15 02:31:15.048,0.992,0.9923,4.40,0.50
2007.11.15 02:31:15.246,0.992,0.9923,4.40,0.50
2007.11.15 02:31:15.444,0.992,0.9923,4.40,0.50
2007.11.15 02:31:15.641,0.992,0.9923,4.40,0.50
2007.11.15 02:31:15.770,0.992,0.9923,4.40,0.50
2007.11.15 02:31:15.948,0.992,0.9923,4.40,0.50
2007.11.15 02:31:16.076,0.992,0.9923,2.80,0.50
2007.11.15 02:31:16.203,0.992,0.9923,2.80,0.50
2007.11.15 02:31:16.331,0.992,0.9923,2.80,0.50
2007.11.15 02:31:16.458,0.992,0.9923,2.80,0.50
2007.11.15 02:31:16.593,0.992,0.9923,2.80,0.50
2007.11.15 02:31:16.721,0.992,0.9923,2.80,0.50
2007.11.15 02:31:16.928,0.992,0.9923,2.80,0.50
2007.11.15 02:31:17.137,0.992,0.9923,2.80,0.50
2007.11.15 02:31:17.345,0.992,0.9923,2.80,0.50
2007.11.15 02:31:17.554,0.992,0.9923,2.80,0.50
2007.11.15 02:31:17.761,0.992,0.9923,2.80,0.50
2007.11.15 02:31:17.988,0.992,0.9923,2.80,0.50
2007.11.15 02:31:18.211,0.992,0.9923,2.80,0.50
2007.11.15 02:31:18.433,0.992,0.9923,2.80,0.50
2007.11.15 02:31:18.658,0.992,0.9923,2.80,0.50
2007.11.15 02:31:18.882,0.992,0.9924,2.40,1.20
2007.11.15 02:31:19.046,0.992,0.9924,2.40,1.20
2007.11.15 02:31:19.199,0.992,0.9924,2.40,1.20
2007.11.15 02:31:19.356,0.992,0.9924,2.40,1.20
2007.11.15 02:31:19.514,0.992,0.9924,2.40,1.20
2007.11.15 02:31:19.672,0.992,0.9924,2.40,1.20
2007.11.15 02:31:19.830,0.992,0.9924,2.40,0.50
2007.11.15 02:31:20.091,0.992,0.9924,4.00,0.50
2007.11.15 02:31:20.348,0.992,0.9924,4.00,0.50
2007.11.15 02:31:20.607,0.992,0.9924,4.00,0.50
2007.11.15 02:31:20.864,0.992,0.9924,4.00,0.50
2007.11.15 02:31:21.017,0.992,0.9924,4.00,0.50
2007.11.15 02:31:21.171,0.992,0.9924,4.00,0.50
2007.11.15 02:31:21.326,0.992,0.9924,4.00,3.60
2007.11.15 02:31:21.478,0.992,0.9924,2.40,3.60
2007.11.15 02:31:21.631,0.992,0.9924,2.40,3.60
2007.11.15 02:31:21.784,0.992,0.9924,2.40,3.60
2007.11.15 02:31:21.937,0.992,0.9924,2.40,3.60
2007.11.15 02:31:22.134,0.992,0.9924,2.40,3.60
2007.11.15 02:31:22.332,0.992,0.9924,2.40,3.60
2007.11.15 02:31:22.531,0.992,0.9924,2.40,3.60
2007.11.15 02:31:22.729,0.992,0.9924,2.40,3.60
2007.11.15 02:31:22.927,0.992,0.9924,2.40,3.60
2007.11.15 02:31:23.189,0.992,0.9924,2.40,3.60
2007.11.15 02:31:23.452,0.992,0.9924,2.40,3.60
2007.11.15 02:31:23.716,0.992,0.9924,2.40,3.60
2007.11.15 02:31:23.978,0.992,0.9924,2.40,3.60
2007.11.15 02:31:24.241,0.992,0.9924,2.40,3.60
2007.11.15 02:31:24.353,0.992,0.9924,2.40,3.60
2007.11.15 02:31:24.467,0.992,0.9924,2.40,3.60
2007.11.15 02:31:24.580,0.992,0.9924,2.40,3.60
2007.11.15 02:31:24.692,0.992,0.9924,2.40,3.60
2007.11.15 02:31:24.805,0.992,0.9924,2.40,3.60
2007.11.15 02:31:24.918,0.992,0.9924,2.40,3.60
2007.11.15 02:31:25.030,0.992,0.9924,2.40,3.60
2007.11.15 02:31:25.238,0.992,0.9924,2.40,3.60
2007.11.15 02:31:25.446,0.992,0.9924,2.40,3.60
2007.11.15 02:31:25.654,0.992,0.9924,2.40,3.60
2007.11.15 02:31:25.862,0.992,0.9924,2.40,3.60
2007.11.15 02:31:26.071,0.992,0.9924,2.40,3.60
2007.11.15 02:31:26.279,0.992,0.9924,2.40,3.60
2007.11.15 02:31:26.452,0.992,0.9924,2.40,3.60
2007.11.15 02:31:26.624,0.992,0.9924,2.40,3.60
2007.11.15 02:31:26.798,0.992,0.9924,2.40,3.60
2007.11.15 02:31:26.976,0.992,0.9924,2.40,3.60
2007.11.15 02:31:27.149,0.992,0.9924,2.40,3.60
2007.11.15 02:31:27.298,0.992,0.9924,2.40,3.60
2007.11.15 02:31:27.448,0.992,0.9924,2.40,3.60
2007.11.15 02:31:27.596,0.992,0.9924,2.40,3.60
2007.11.15 02:31:27.745,0.992,0.9924,2.40,3.60
2007.11.15 02:31:27.893,0.992,0.9924,2.40,1.20
2007.11.15 02:31:28.043,0.992,0.9924,4.00,1.20
2007.11.15 02:31:28.282,0.992,0.9924,4.00,1.20
2007.11.15 02:31:28.564,0.992,0.9924,2.40,1.20
2007.11.15 02:31:28.848,0.992,0.9924,2.40,3.60
2007.11.15 02:31:29.130,0.992,0.9924,2.40,3.60
2007.11.15 02:31:29.413,0.992,0.9924,2.40,3.60
2007.11.15 02:31:29.571,0.992,0.9924,2.40,3.60
2007.11.15 02:31:29.728,0.992,0.9924,2.40,3.60
2007.11.15 02:31:29.885,0.992,0.9924,2.40,3.60
2007.11.15 02:31:30.044,0.992,0.9924,2.40,3.60
2007.11.15 02:31:30.201,0.992,0.9924,2.40,3.60
2007.11.15 02:31:30.359,0.992,0.9924,2.40,3.60
2007.11.15 02:31:30.542,0.992,0.9924,2.40,3.60
2007.11.15 02:31:30.724,0.992,0.9924,2.40,3.60
2007.11.15 02:31:30.907,0.992,0.9924,2.40,3.60
2007.11.15 02:31:31.090,0.992,0.9924,2.40,3.60
2007.11.15 02:31:31.273,0.992,0.9924,3.20,0.80
2007.11.15 02:31:31.460,0.99205,0.9924,6.80,0.80
2007.11.15 02:31:31.653,0.99205,0.9924,6.80,0.80
2007.11.15 02:31:31.852,0.99205,0.9924,6.80,0.80
2007.11.15 02:31:32.038,0.99205,0.9924,6.80,0.80
2007.11.15 02:31:32.232,0.99205,0.9924,6.80,0.80
2007.11.15 02:31:32.425,0.99205,0.9925,6.80,3.60
2007.11.15 02:31:32.718,0.99205,0.9925,6.80,3.60
2007.11.15 02:31:33.011,0.992,0.9925,14.80,3.60
2007.11.15 02:31:33.304,0.992,0.9925,12.80,1.20
2007.11.15 02:31:33.597,0.992,0.9925,14.40,2.80
2007.11.15 02:31:33.745,0.992,0.9925,14.40,2.80
2007.11.15 02:31:33.893,0.992,0.9925,14.40,2.80
2007.11.15 02:31:34.041,0.992,0.9925,14.40,2.80
2007.11.15 02:31:34.190,0.992,0.9925,14.40,2.80
2007.11.15 02:31:34.447,0.992,0.9925,14.40,2.80
2007.11.15 02:31:34.594,0.992,0.9925,14.40,2.80
2007.11.15 02:31:34.767,0.992,0.9925,14.40,2.80
2007.11.15 02:31:34.940,0.992,0.9925,14.40,2.80
2007.11.15 02:31:35.112,0.992,0.9925,14.40,2.80
2007.11.15 02:31:35.287,0.992,0.9924,12.00,0.50
2007.11.15 02:31:35.459,0.992,0.9924,5.20,0.50
2007.11.15 02:31:35.631,0.992,0.9924,5.20,0.50
2007.11.15 02:31:35.862,0.992,0.9924,5.20,0.50
2007.11.15 02:31:36.088,0.992,0.9924,5.20,0.50
2007.11.15 02:31:36.316,0.992,0.9924,5.20,0.50
2007.11.15 02:31:36.545,0.992,0.9924,5.20,0.50
2007.11.15 02:31:36.773,0.992,0.9924,4.00,0.50
2007.11.15 02:31:36.946,0.992,0.9924,2.40,1.20
2007.11.15 02:31:37.121,0.992,0.9924,2.40,1.20
2007.11.15 02:31:37.294,0.992,0.9924,2.40,0.80
2007.11.15 02:31:37.467,0.992,0.9924,2.40,0.80
2007.11.15 02:31:37.640,0.992,0.9924,2.40,0.80
2007.11.15 02:31:37.813,0.992,0.9924,2.40,0.80
2007.11.15 02:31:38.121,0.992,0.9924,2.40,0.80
2007.11.15 02:31:38.429,0.992,0.9924,2.40,0.80
2007.11.15 02:31:38.736,0.992,0.9924,2.40,0.80
2007.11.15 02:31:38.834,0.992,0.9924,2.40,0.80
2007.11.15 02:31:38.932,0.992,0.9924,2.40,0.80
2007.11.15 02:31:39.030,0.992,0.9924,2.40,0.80
2007.11.15 02:31:39.127,0.992,0.9924,2.40,0.80
2007.11.15 02:31:39.225,0.992,0.9924,2.40,0.80
2007.11.15 02:31:39.323,0.992,0.9924,2.40,0.80
2007.11.15 02:31:39.421,0.992,0.9924,2.40,0.80
2007.11.15 02:31:39.518,0.992,0.9924,2.40,0.80
2007.11.15 02:31:39.616,0.992,0.9924,2.40,0.80
2007.11.15 02:31:39.715,0.992,0.9924,2.40,0.80
2007.11.15 02:31:39.812,0.992,0.9924,2.40,1.20
2007.11.15 02:31:40.109,0.992,0.9924,2.40,1.20
2007.11.15 02:31:40.406,0.992,0.9924,2.40,1.20
2007.11.15 02:31:40.705,0.992,0.9924,2.40,1.20
2007.11.15 02:31:41.003,0.992,0.9924,3.60,1.20
2007.11.15 02:31:41.161,0.992,0.9924,3.60,1.20
2007.11.15 02:31:41.319,0.992,0.9924,5.20,1.20
2007.11.15 02:31:41.477,0.992,0.9924,5.20,1.20
2007.11.15 02:31:41.636,0.992,0.9924,5.20,1.20
2007.11.15 02:31:41.799,0.992,0.9924,5.20,1.20
2007.11.15 02:31:41.981,0.992,0.9924,5.20,1.20
2007.11.15 02:31:42.168,0.992,0.9924,5.20,1.20
2007.11.15 02:31:42.356,0.992,0.9924,5.20,1.20
2007.11.15 02:31:42.543,0.992,0.9924,5.20,1.20
2007.11.15 02:31:42.732,0.992,0.9924,5.20,1.20
2007.11.15 02:31:42.919,0.992,0.9924,5.20,1.20
2007.11.15 02:31:43.162,0.992,0.9924,5.20,1.20
2007.11.15 02:31:43.401,0.992,0.9924,5.20,1.20
2007.11.15 02:31:43.638,0.992,0.9924,5.20,1.20
2007.11.15 02:31:43.876,0.992,0.9924,5.20,1.20
2007.11.15 02:31:43.984,0.992,0.9924,5.20,1.20
2007.11.15 02:31:44.096,0.992,0.9924,5.20,1.20
2007.11.15 02:31:44.198,0.992,0.9924,5.20,1.20
2007.11.15 02:31:44.306,0.992,0.9924,5.20,1.20
2007.11.15 02:31:44.415,0.992,0.9924,5.20,1.20
2007.11.15 02:31:44.523,0.992,0.9924,5.20,1.20
2007.11.15 02:31:44.630,0.992,0.9924,5.20,1.20
2007.11.15 02:31:44.738,0.992,0.9924,7.60,0.80
2007.11.15 02:31:44.846,0.992,0.9924,7.60,0.80
2007.11.15 02:31:44.953,0.992,0.9924,7.60,0.80
2007.11.15 02:31:45.216,0.992,0.9924,7.60,0.80
2007.11.15 02:31:45.478,0.992,0.9924,12.80,0.80
2007.11.15 02:31:45.742,0.992,0.9924,12.80,0.80
2007.11.15 02:31:46.004,0.992,0.9924,12.80,0.80
2007.11.15 02:31:46.266,0.992,0.9924,12.80,0.80
2007.11.15 02:31:46.425,0.992,0.9924,12.80,0.80
2007.11.15 02:31:46.582,0.992,0.9924,12.80,0.80
2007.11.15 02:31:46.765,0.992,0.9924,12.80,0.80
2007.11.15 02:31:46.923,0.992,0.9924,12.80,0.80
2007.11.15 02:31:47.081,0.992,0.9925,12.80,1.30
2007.11.15 02:31:47.259,0.992,0.9924,12.80,0.90
2007.11.15 02:31:47.438,0.992,0.99245,5.20,1.30
2007.11.15 02:31:47.615,0.992,0.9924,5.20,0.50
2007.11.15 02:31:47.793,0.992,0.9924,5.20,0.50
2007.11.15 02:31:47.971,0.992,0.9924,5.20,0.50
2007.11.15 02:31:48.149,0.992,0.9924,5.20,0.50
2007.11.15 02:31:48.447,0.992,0.9924,5.20,0.50
2007.11.15 02:31:48.745,0.992,0.9924,5.20,0.50
2007.11.15 02:31:49.043,0.992,0.9924,5.20,0.50
2007.11.15 02:31:49.341,0.992,0.9924,7.60,0.80
2007.11.15 02:31:49.465,0.992,0.9924,12.80,0.80
2007.11.15 02:31:49.588,0.992,0.9924,12.80,0.80
2007.11.15 02:31:49.712,0.992,0.9924,12.80,0.80
2007.11.15 02:31:49.834,0.992,0.9924,12.80,0.80
2007.11.15 02:31:49.958,0.992,0.9924,12.80,0.80
2007.11.15 02:31:50.080,0.992,0.9924,12.80,0.80
2007.11.15 02:31:50.206,0.992,0.9924,12.80,0.80
2007.11.15 02:31:50.464,0.992,0.9924,12.80,0.80
2007.11.15 02:31:50.722,0.992,0.9924,12.80,0.80
2007.11.15 02:31:50.986,0.992,0.9924,12.80,0.80
2007.11.15 02:31:51.238,0.9921,0.9925,0.80,1.20
2007.11.15 02:31:51.386,0.9921,0.9925,1.20,1.20
2007.11.15 02:31:51.540,0.9921,0.9925,1.20,1.20
2007.11.15 02:31:51.681,0.9921,0.9925,1.20,1.20
2007.11.15 02:31:51.829,0.9921,0.9925,1.20,1.20
2007.11.15 02:31:51.976,0.9921,0.9925,1.20,1.20
2007.11.15 02:31:52.130,0.9921,0.9925,1.20,1.20
2007.11.15 02:31:52.271,0.9921,0.9925,1.20,1.20
2007.11.15 02:31:52.504,0.9921,0.9925,1.20,1.20
2007.11.15 02:31:52.737,0.9921,0.9925,0.50,1.20
2007.11.15 02:31:52.970,0.992,0.9925,18.40,1.20
2007.11.15 02:31:53.202,0.992,0.9925,12.80,1.20
2007.11.15 02:31:53.436,0.992,0.9925,12.80,1.20
2007.11.15 02:31:53.663,0.992,0.9925,12.80,1.20
2007.11.15 02:31:53.891,0.9921,0.9925,1.20,1.20
2007.11.15 02:31:54.120,0.9921,0.9925,1.20,1.20
2007.11.15 02:31:54.348,0.9921,0.9925,1.20,1.20
2007.11.15 02:31:54.576,0.9921,0.9925,1.20,1.20
2007.11.15 02:31:54.760,0.9922,0.9925,0.50,1.20
2007.11.15 02:31:54.933,0.9922,0.9925,0.50,1.20
2007.11.15 02:31:55.110,0.9922,0.9925,0.50,1.20
2007.11.15 02:31:55.287,0.9922,0.9925,0.50,1.20
2007.11.15 02:31:55.465,0.9922,0.9925,0.50,1.20
2007.11.15 02:31:55.642,0.9922,0.9925,0.50,1.20
2007.11.15 02:31:55.839,0.9922,0.9925,0.50,1.20
2007.11.15 02:31:56.038,0.9922,0.9925,0.50,1.20
2007.11.15 02:31:56.235,0.9922,0.9925,0.50,1.20
2007.11.15 02:31:56.432,0.9922,0.9925,0.50,1.20
2007.11.15 02:31:56.631,0.9922,0.9925,0.50,1.20
2007.11.15 02:31:56.768,0.9922,0.9925,0.50,1.20
2007.11.15 02:31:56.905,0.9922,0.9925,0.50,1.20
2007.11.15 02:31:57.043,0.9922,0.9925,0.50,1.20
2007.11.15 02:31:57.180,0.9922,0.9925,0.50,1.20
2007.11.15 02:31:57.318,0.9921,0.9925,1.20,1.20
2007.11.15 02:31:57.456,0.9921,0.9925,1.20,1.20
2007.11.15 02:31:57.593,0.9921,0.9925,1.20,1.20
2007.11.15 02:31:57.731,0.9921,0.9925,1.20,1.20
2007.11.15 02:31:58.047,0.9921,0.9925,1.20,2.80
2007.11.15 02:31:58.359,0.9921,0.9925,1.20,2.80
2007.11.15 02:31:58.672,0.9921,0.9925,1.20,1.20
2007.11.15 02:31:58.830,0.9921,0.9925,1.20,1.20
2007.11.15 02:31:59.087,0.9921,0.9925,1.20,1.20
2007.11.15 02:31:59.246,0.9921,0.9925,1.20,1.20
2007.11.15 02:31:59.404,0.9921,0.9925,1.20,1.20
2007.11.15 02:31:59.562,0.9921,0.9925,1.20,1.20
2007.11.15 02:31:59.723,0.9921,0.9925,1.20,1.20
2007.11.15 02:31:59.885,0.9921,0.9925,1.20,1.20
2007.11.15 02:32:00.048,0.9921,0.9925,1.20,1.20
2007.11.15 02:32:00.209,0.9921,0.9925,1.20,1.20
2007.11.15 02:32:00.373,0.9921,0.9925,1.20,1.20
2007.11.15 02:32:00.535,0.9921,0.9925,1.20,1.20
2007.11.15 02:32:00.698,0.9921,0.9925,1.20,1.20
2007.11.15 02:32:00.877,0.9921,0.9925,1.20,1.20
2007.11.15 02:32:01.054,0.9921,0.9925,1.20,1.20
2007.11.15 02:32:01.233,0.9921,0.9925,1.20,1.20
2007.11.15 02:32:01.411,0.9921,0.9925,1.20,1.20
2007.11.15 02:32:01.588,0.9921,0.9925,1.20,1.20
2007.11.15 02:32:01.767,0.9921,0.9925,1.20,1.20
2007.11.15 02:32:01.919,0.9921,0.9925,1.20,1.20
2007.11.15 02:32:02.072,0.9921,0.9925,1.20,1.20
2007.11.15 02:32:02.224,0.9921,0.9925,1.20,1.20
2007.11.15 02:32:02.377,0.9921,0.9925,1.20,1.20
2007.11.15 02:32:02.530,0.9921,0.9925,1.20,1.20
2007.11.15 02:32:02.682,0.9921,0.9925,1.20,1.20
2007.11.15 02:32:02.836,0.9921,0.9925,1.20,1.20
2007.11.15 02:32:03.110,0.9921,0.9925,1.20,1.20
2007.11.15 02:32:03.372,0.9921,0.9925,1.20,1.20
2007.11.15 02:32:03.639,0.9921,0.9925,1.20,1.20
2007.11.15 02:32:03.907,0.9921,0.9925,1.20,1.20
2007.11.15 02:32:04.020,0.9921,0.9925,1.20,1.20
2007.11.15 02:32:04.132,0.9921,0.9925,1.20,1.20
2007.11.15 02:32:04.245,0.9921,0.9925,1.20,1.20
2007.11.15 02:32:04.358,0.9921,0.9925,1.20,1.20
2007.11.15 02:32:04.471,0.9921,0.9925,1.20,1.20
2007.11.15 02:32:04.588,0.9921,0.9925,1.20,1.20
2007.11.15 02:32:04.696,0.9921,0.9925,1.20,1.20
2007.11.15 02:32:04.809,0.9921,0.9925,1.20,1.20
2007.11.15 02:32:04.923,0.9921,0.9925,1.20,1.20
2007.11.15 02:32:05.246,0.9921,0.9925,1.20,1.20
2007.11.15 02:32:05.529,0.9921,0.9925,1.20,1.20
2007.11.15 02:32:05.811,0.9921,0.9925,1.20,1.20
2007.11.15 02:32:06.093,0.9921,0.9925,1.20,1.20
2007.11.15 02:32:06.251,0.9921,0.9925,1.20,1.20
2007.11.15 02:32:06.404,0.9921,0.9925,3.60,0.80
2007.11.15 02:32:06.557,0.9921,0.9925,3.60,0.80
2007.11.15 02:32:06.710,0.9921,0.9925,3.60,0.80
2007.11.15 02:32:06.863,0.9921,0.9925,3.60,0.80
2007.11.15 02:32:07.016,0.9921,0.9925,3.60,0.80
2007.11.15 02:32:07.259,0.9921,0.9925,3.60,0.80
2007.11.15 02:32:07.502,0.9921,0.9925,5.20,0.80
2007.11.15 02:32:07.745,0.9921,0.9925,5.20,0.80
2007.11.15 02:32:07.988,0.9921,0.9925,5.20,0.80
2007.11.15 02:32:08.229,0.9921,0.9925,5.20,0.80
2007.11.15 02:32:08.449,0.9921,0.9925,2.80,0.80
2007.11.15 02:32:08.666,0.9921,0.9925,2.80,0.80
2007.11.15 02:32:08.884,0.9921,0.9925,2.80,1.20
2007.11.15 02:32:09.103,0.9921,0.9925,1.20,1.20
2007.11.15 02:32:09.321,0.9921,0.9925,1.20,1.20
2007.11.15 02:32:09.503,0.9921,0.9925,1.20,1.20
2007.11.15 02:32:09.687,0.9921,0.9925,1.20,1.20
2007.11.15 02:32:09.869,0.9921,0.9925,3.60,0.80
2007.11.15 02:32:10.056,0.9921,0.9925,3.60,0.80
2007.11.15 02:32:10.239,0.9921,0.9925,6.00,0.80
2007.11.15 02:32:10.423,0.9921,0.9925,7.60,0.80
2007.11.15 02:32:10.636,0.9921,0.9925,7.60,0.80
2007.11.15 02:32:10.849,0.9922,0.9925,1.20,0.80
2007.11.15 02:32:11.062,0.9922,0.9925,1.20,0.80
2007.11.15 02:32:11.411,0.9922,0.9925,1.20,0.80
2007.11.15 02:32:11.574,0.9922,0.9925,1.20,0.80
2007.11.15 02:32:11.738,0.9921,0.9925,24.80,0.80
2007.11.15 02:32:11.903,0.9921,0.9925,22.40,0.80
2007.11.15 02:32:12.065,0.9921,0.9925,18.40,0.80
2007.11.15 02:32:12.235,0.9921,0.9925,20.80,0.80
2007.11.15 02:32:12.392,0.9921,0.9926,20.80,0.80
2007.11.15 02:32:12.561,0.9921,0.9926,20.80,0.80
2007.11.15 02:32:12.839,0.9922,0.9926,10.00,0.80
2007.11.15 02:32:13.121,0.9922,0.9926,16.80,0.80
2007.11.15 02:32:13.404,0.9923,0.9927,1.20,0.80
2007.11.15 02:32:13.688,0.9923,0.9927,1.20,0.80
2007.11.15 02:32:13.936,0.9923,0.9927,1.20,0.80
2007.11.15 02:32:14.185,0.9923,0.9927,10.00,0.80
2007.11.15 02:32:14.435,0.9923,0.9927,10.00,0.80
2007.11.15 02:32:14.684,0.9923,0.9927,10.00,0.80
2007.11.15 02:32:14.884,0.9923,0.9927,1.20,0.80
2007.11.15 02:32:15.076,0.9923,0.9927,1.20,0.80
2007.11.15 02:32:15.268,0.9923,0.9927,1.20,0.80
2007.11.15 02:32:15.464,0.9923,0.9927,1.20,0.80
2007.11.15 02:32:15.668,0.9923,0.9927,1.20,0.80
2007.11.15 02:32:15.871,0.9923,0.9927,1.20,0.80
2007.11.15 02:32:16.080,0.9923,0.9927,1.20,0.80
2007.11.15 02:32:16.283,0.9923,0.9927,1.20,0.80
2007.11.15 02:32:16.486,0.9923,0.9927,1.20,0.80
2007.11.15 02:32:16.659,0.9923,0.9927,1.20,0.80
2007.11.15 02:32:16.833,0.9923,0.9927,1.20,1.20
2007.11.15 02:32:17.005,0.9923,0.9927,1.20,1.20
2007.11.15 02:32:17.178,0.9923,0.9927,1.20,1.20
2007.11.15 02:32:17.351,0.9923,0.9927,1.20,2.80
2007.11.15 02:32:17.582,0.9923,0.9927,1.20,2.80
2007.11.15 02:32:17.783,0.9922,0.9927,22.40,5.20
2007.11.15 02:32:17.987,0.9922,0.9927,6.80,5.20
2007.11.15 02:32:18.189,0.9922,0.9927,1.20,5.20
2007.11.15 02:32:18.393,0.9922,0.9927,1.20,5.20
2007.11.15 02:32:18.595,0.9922,0.9927,1.20,5.20
2007.11.15 02:32:18.887,0.9922,0.9927,1.20,5.20
2007.11.15 02:32:19.186,0.9922,0.9927,1.20,5.20
2007.11.15 02:32:19.473,0.9922,0.9926,1.20,0.80
2007.11.15 02:32:19.765,0.9922,0.9926,1.20,0.80
2007.11.15 02:32:19.938,0.9922,0.9926,1.20,0.80
2007.11.15 02:32:20.111,0.9922,0.9926,1.20,0.80
2007.11.15 02:32:20.284,0.9922,0.9926,1.20,0.80
2007.11.15 02:32:20.457,0.9922,0.9926,1.20,0.80
2007.11.15 02:32:20.630,0.9922,0.9926,1.20,0.80
2007.11.15 02:32:20.803,0.9922,0.9926,1.20,0.80
2007.11.15 02:32:21.111,0.9922,0.9926,1.20,0.80
2007.11.15 02:32:21.419,0.9922,0.9926,1.20,0.80
2007.11.15 02:32:21.726,0.9922,0.9926,1.20,0.80
2007.11.15 02:32:21.874,0.9922,0.9926,1.20,0.80
2007.11.15 02:32:22.022,0.9922,0.9926,1.20,0.80
2007.11.15 02:32:22.171,0.9922,0.9926,1.20,0.80
2007.11.15 02:32:22.319,0.9923,0.9926,1.20,0.80
2007.11.15 02:32:22.467,0.9923,0.9926,1.20,0.80
2007.11.15 02:32:22.617,0.9923,0.9926,1.20,0.80
2007.11.15 02:32:22.763,0.9923,0.9926,1.20,0.80
2007.11.15 02:32:23.091,0.9923,0.9926,1.20,0.80
2007.11.15 02:32:23.419,0.9923,0.9927,1.20,2.80
2007.11.15 02:32:23.750,0.9923,0.9927,1.20,2.80
2007.11.15 02:32:24.079,0.9923,0.9927,1.20,5.20
2007.11.15 02:32:24.207,0.9922,0.9927,12.00,5.20
2007.11.15 02:32:24.334,0.9922,0.9927,12.00,5.20
2007.11.15 02:32:24.463,0.9922,0.9926,5.20,0.80
2007.11.15 02:32:24.591,0.9922,0.9926,1.20,0.80
2007.11.15 02:32:24.721,0.9922,0.9926,1.20,0.80
2007.11.15 02:32:24.849,0.9922,0.9926,1.20,0.80
2007.11.15 02:32:25.092,0.9922,0.9926,1.20,0.80
2007.11.15 02:32:25.335,0.9922,0.9926,1.20,0.80
2007.11.15 02:32:25.578,0.9922,0.9926,1.20,0.80
2007.11.15 02:32:25.821,0.9922,0.9926,1.20,1.20
2007.11.15 02:32:26.070,0.9922,0.9926,1.20,2.80
2007.11.15 02:32:26.228,0.9922,0.9926,1.20,2.80
2007.11.15 02:32:26.386,0.9922,0.9926,1.20,1.20
2007.11.15 02:32:26.544,0.9922,0.9926,1.20,1.20
2007.11.15 02:32:26.701,0.9922,0.9926,1.20,1.20
2007.11.15 02:32:26.859,0.9922,0.9926,1.20,1.20
2007.11.15 02:32:27.016,0.9922,0.9926,1.20,1.20
2007.11.15 02:32:27.274,0.9922,0.9926,1.20,0.80
2007.11.15 02:32:27.532,0.9922,0.9926,1.20,0.80
2007.11.15 02:32:27.791,0.9922,0.9926,1.20,1.20
2007.11.15 02:32:28.049,0.9922,0.9926,1.20,2.80
2007.11.15 02:32:28.327,0.9922,0.9926,1.20,2.80
2007.11.15 02:32:28.605,0.9922,0.9926,1.20,2.80
2007.11.15 02:32:28.882,0.9922,0.9926,1.20,2.80
2007.11.15 02:32:29.160,0.9922,0.9926,1.20,1.20
2007.11.15 02:32:29.395,0.9922,0.9926,1.20,2.80
2007.11.15 02:32:29.615,0.9922,0.9926,1.20,2.80
2007.11.15 02:32:29.936,0.9922,0.9926,1.20,0.80
2007.11.15 02:32:30.170,0.9922,0.9926,1.20,0.80
2007.11.15 02:32:30.402,0.9922,0.9926,1.20,0.80
2007.11.15 02:32:30.634,0.9922,0.9926,1.20,0.80
2007.11.15 02:32:30.867,0.9922,0.9926,1.20,0.80
2007.11.15 02:32:31.100,0.9922,0.9926,1.20,0.80
2007.11.15 02:32:31.323,0.9922,0.9926,1.20,0.80
2007.11.15 02:32:31.545,0.9922,0.9926,1.20,0.80
2007.11.15 02:32:31.768,0.9922,0.9926,1.20,0.80
2007.11.15 02:32:31.991,0.9922,0.9926,1.20,0.80
2007.11.15 02:32:32.165,0.9922,0.9926,1.20,0.80
2007.11.15 02:32:32.334,0.9923,0.9926,1.20,0.80
2007.11.15 02:32:32.501,0.9923,0.9926,1.20,0.80
2007.11.15 02:32:32.669,0.9923,0.9926,1.20,0.80
2007.11.15 02:32:32.836,0.9923,0.9926,1.20,0.80
2007.11.15 02:32:33.005,0.9923,0.9926,1.20,0.80
2007.11.15 02:32:33.318,0.9923,0.9926,1.20,0.80
2007.11.15 02:32:33.630,0.9923,0.9926,1.20,0.80
2007.11.15 02:32:33.943,0.9922,0.9926,1.20,0.80
2007.11.15 02:32:34.256,0.9922,0.9926,1.20,0.80
2007.11.15 02:32:34.408,0.9922,0.9926,1.20,0.80
2007.11.15 02:32:34.555,0.9922,0.9926,1.20,0.80
2007.11.15 02:32:34.703,0.9922,0.9926,1.20,0.80
2007.11.15 02:32:34.851,0.9922,0.9926,1.20,0.80
2007.11.15 02:32:35.000,0.9922,0.9926,1.20,0.80
2007.11.15 02:32:35.147,0.9922,0.9926,1.20,0.80
2007.11.15 02:32:35.380,0.9922,0.9926,1.20,0.80
2007.11.15 02:32:35.618,0.9922,0.9926,1.20,0.80
2007.11.15 02:32:35.850,0.9922,0.9926,1.20,0.80
2007.11.15 02:32:36.120,0.9922,0.9926,1.20,0.80
2007.11.15 02:32:36.353,0.9922,0.9926,1.20,0.80
2007.11.15 02:32:36.545,0.9922,0.9926,1.20,0.80
2007.11.15 02:32:36.739,0.9923,0.9926,1.20,0.80
2007.11.15 02:32:36.931,0.9923,0.9926,1.20,0.80
2007.11.15 02:32:37.124,0.9923,0.9926,1.20,0.80
2007.11.15 02:32:37.317,0.9923,0.9926,1.20,0.80
2007.11.15 02:32:37.550,0.9923,0.9926,1.20,0.80
2007.11.15 02:32:37.784,0.9923,0.9926,1.20,0.80
2007.11.15 02:32:38.016,0.9923,0.9926,1.20,0.80
2007.11.15 02:32:38.249,0.9923,0.9926,1.20,0.80
2007.11.15 02:32:38.518,0.9923,0.9926,1.20,0.80
2007.11.15 02:32:38.794,0.9923,0.9926,1.20,0.80
2007.11.15 02:32:39.062,0.9923,0.9926,1.20,0.80
2007.11.15 02:32:39.330,0.9923,0.9926,1.20,0.80
2007.11.15 02:32:39.479,0.9923,0.9926,1.20,0.80
2007.11.15 02:32:39.626,0.9923,0.9926,1.20,0.80
2007.11.15 02:32:39.775,0.9923,0.9926,1.20,0.80
2007.11.15 02:32:39.923,0.9923,0.9926,1.20,0.80
2007.11.15 02:32:40.071,0.9923,0.9926,1.20,0.80
2007.11.15 02:32:40.218,0.9923,0.9926,1.20,0.80
2007.11.15 02:32:40.366,0.9923,0.9926,1.20,0.80
2007.11.15 02:32:40.554,0.9923,0.9926,1.20,0.80
2007.11.15 02:32:40.742,0.9923,0.9926,1.20,0.80
2007.11.15 02:32:40.929,0.9923,0.9926,1.20,0.80
2007.11.15 02:32:41.117,0.9923,0.9926,1.20,0.80
2007.11.15 02:32:41.306,0.9923,0.9926,1.20,0.80
2007.11.15 02:32:41.469,0.9923,0.9926,1.20,0.80
2007.11.15 02:32:41.630,0.9923,0.9926,1.20,0.80
2007.11.15 02:32:41.794,0.9923,0.9926,1.20,0.80
2007.11.15 02:32:41.957,0.9923,0.9926,1.20,0.80
2007.11.15 02:32:42.119,0.9923,0.9926,1.20,0.80
2007.11.15 02:32:42.305,0.9923,0.9926,1.20,0.80
2007.11.15 02:32:42.478,0.9923,0.9926,1.20,0.80
2007.11.15 02:32:42.650,0.9923,0.9926,1.20,0.80
2007.11.15 02:32:42.824,0.9923,0.9926,1.20,0.80
2007.11.15 02:32:42.997,0.9923,0.9926,1.20,0.80
2007.11.15 02:32:43.169,0.9923,0.9926,1.20,0.80
2007.11.15 02:32:43.342,0.9923,0.9926,1.20,0.80
2007.11.15 02:32:43.630,0.9923,0.9926,0.50,0.80
2007.11.15 02:32:43.918,0.9922,0.9926,2.40,0.80
2007.11.15 02:32:44.206,0.9922,0.9926,2.40,0.80
2007.11.15 02:32:44.494,0.9922,0.9926,2.40,0.80
2007.11.15 02:32:44.651,0.9922,0.9926,2.40,0.80
2007.11.15 02:32:44.810,0.9922,0.9926,2.40,1.20
2007.11.15 02:32:44.968,0.9922,0.9926,2.40,1.20
2007.11.15 02:32:45.127,0.9922,0.9926,2.40,1.20
2007.11.15 02:32:45.284,0.9921,0.9926,6.00,1.20
2007.11.15 02:32:45.442,0.9921,0.9926,6.00,1.20
2007.11.15 02:32:45.711,0.9921,0.9926,3.60,0.80
2007.11.15 02:32:45.979,0.9921,0.9925,3.60,0.80
2007.11.15 02:32:46.247,0.9922,0.9925,1.20,0.80
2007.11.15 02:32:46.515,0.9922,0.9925,1.20,0.80
2007.11.15 02:32:46.700,0.9922,0.9925,1.20,0.80
2007.11.15 02:32:46.883,0.9922,0.9926,1.20,0.80
2007.11.15 02:32:47.065,0.9922,0.9926,1.20,0.80
2007.11.15 02:32:47.248,0.9922,0.9926,1.20,0.80
2007.11.15 02:32:47.430,0.9922,0.9926,1.20,0.80
2007.11.15 02:32:47.614,0.9922,0.9926,1.20,0.80
2007.11.15 02:32:47.841,0.9922,0.9926,1.20,0.80
2007.11.15 02:32:48.069,0.9922,0.9926,1.20,2.40
2007.11.15 02:32:48.302,0.9922,0.9926,1.20,2.40
2007.11.15 02:32:48.524,0.9922,0.9926,1.20,2.40
2007.11.15 02:32:48.773,0.9922,0.9926,1.20,2.40
2007.11.15 02:32:49.025,0.9922,0.9926,1.20,2.40
2007.11.15 02:32:49.273,0.9922,0.9926,1.20,2.40
2007.11.15 02:32:49.521,0.9922,0.9926,1.20,2.40
2007.11.15 02:32:49.711,0.9923,0.9926,1.20,2.40
2007.11.15 02:32:49.895,0.9923,0.9926,1.20,0.80
2007.11.15 02:32:50.078,0.9923,0.9926,1.20,0.80
2007.11.15 02:32:50.261,0.9923,0.9926,1.20,0.80
2007.11.15 02:32:50.444,0.9923,0.9926,1.20,0.80
2007.11.15 02:32:50.482,0.9923,0.9927,1.20,5.20
2007.11.15 02:32:50.627,0.9923,0.9927,1.20,5.20
2007.11.15 02:32:50.846,0.9923,0.9927,1.20,5.20
2007.11.15 02:32:51.064,0.9923,0.9927,1.20,5.20
2007.11.15 02:32:51.282,0.9923,0.9926,1.20,0.80
2007.11.15 02:32:51.501,0.9923,0.9927,1.20,5.20
2007.11.15 02:32:51.719,0.9923,0.9926,0.50,1.70
2007.11.15 02:32:51.897,0.9923,0.99255,0.50,0.80
2007.11.15 02:32:52.078,0.9923,0.9926,0.50,1.70
2007.11.15 02:32:52.256,0.9923,0.9926,0.50,2.10
2007.11.15 02:32:52.435,0.9923,0.99255,0.50,0.80
2007.11.15 02:32:52.614,0.9923,0.9926,0.50,2.10
2007.11.15 02:32:52.792,0.9922,0.9926,0.50,2.10
2007.11.15 02:32:53.031,0.9922,0.9926,0.50,2.10
2007.11.15 02:32:53.269,0.9922,0.99255,0.50,2.00
2007.11.15 02:32:53.507,0.9922,0.9925,0.50,0.70
2007.11.15 02:32:53.745,0.9922,0.9925,0.50,0.70
2007.11.15 02:32:53.973,0.9922,0.99255,0.50,2.00
2007.11.15 02:32:54.200,0.9922,0.99255,0.50,2.00
2007.11.15 02:32:54.428,0.9922,0.9925,0.50,0.90
2007.11.15 02:32:54.657,0.9922,0.9925,0.50,0.60
2007.11.15 02:32:54.885,0.9922,0.99255,0.50,2.00
2007.11.15 02:32:55.017,0.9922,0.9925,0.50,0.80
2007.11.15 02:32:55.149,0.9922,0.99255,0.50,2.00
2007.11.15 02:32:55.283,0.9922,0.99255,0.50,2.00
2007.11.15 02:32:55.415,0.9922,0.9925,0.50,0.70
2007.11.15 02:32:55.548,0.9922,0.9925,0.50,0.60
2007.11.15 02:32:55.682,0.9922,0.9925,0.50,0.80
2007.11.15 02:32:55.815,0.9922,0.99255,0.50,2.00
2007.11.15 02:32:55.948,0.9922,0.9925,0.50,0.60
2007.11.15 02:32:56.165,0.9922,0.9925,0.50,0.90
2007.11.15 02:32:56.384,0.9922,0.9924,0.50,0.50
2007.11.15 02:32:56.602,0.9922,0.9924,0.50,0.50
2007.11.15 02:32:56.819,0.9922,0.9925,0.50,1.80
2007.11.15 02:32:57.037,0.9922,0.9925,0.50,1.80
2007.11.15 02:32:57.205,0.9922,0.9925,0.50,1.80
2007.11.15 02:32:57.374,0.9922,0.9925,0.50,1.80
2007.11.15 02:32:57.541,0.9922,0.9925,0.50,1.80
2007.11.15 02:32:57.710,0.9921,0.9924,2.80,0.50
2007.11.15 02:32:57.877,0.9921,0.9924,2.80,0.50
2007.11.15 02:32:58.046,0.9921,0.99245,2.80,1.30
2007.11.15 02:32:58.378,0.9921,0.99245,2.80,1.30
2007.11.15 02:32:58.711,0.9921,0.9924,3.60,0.50
2007.11.15 02:32:59.044,0.9921,0.9925,3.60,1.30
2007.11.15 02:32:59.377,0.9921,0.9925,3.60,1.30
2007.11.15 02:32:59.524,0.9921,0.9924,3.60,0.80
2007.11.15 02:32:59.673,0.9921,0.99245,2.80,2.00
2007.11.15 02:32:59.820,0.9921,0.99245,2.80,2.00
2007.11.15 02:32:59.968,0.9921,0.99245,2.80,1.30
2007.11.15 02:33:00.117,0.9921,0.99245,2.80,1.30
2007.11.15 02:33:00.364,0.9921,0.9924,2.80,0.50
2007.11.15 02:33:00.612,0.9921,0.99245,2.80,1.30
2007.11.15 02:33:00.861,0.9921,0.9923,2.80,0.50
2007.11.15 02:33:01.109,0.9921,0.9923,2.80,0.50
2007.11.15 02:33:01.276,0.9921,0.9924,2.80,0.50
2007.11.15 02:33:01.445,0.9921,0.9924,2.80,0.70
2007.11.15 02:33:01.613,0.9921,0.9924,2.80,0.70
2007.11.15 02:33:01.781,0.9922,0.99245,0.50,2.00
2007.11.15 02:33:01.949,0.9922,0.9925,0.50,1.70
2007.11.15 02:33:02.118,0.9922,0.9924,0.50,0.50
2007.11.15 02:33:02.380,0.9922,0.9925,0.50,1.70
2007.11.15 02:33:02.644,0.9922,0.9925,0.50,1.70
2007.11.15 02:33:02.906,0.9922,0.9925,0.50,1.70
2007.11.15 02:33:03.169,0.9922,0.9924,0.50,0.50
2007.11.15 02:33:03.418,0.9922,0.9924,0.50,0.50
2007.11.15 02:33:03.665,0.9922,0.9925,0.50,1.70
2007.11.15 02:33:03.914,0.9922,0.9924,0.50,0.50
2007.11.15 02:33:04.161,0.9922,0.9925,0.50,1.70
2007.11.15 02:33:04.284,0.9922,0.9924,0.50,0.50
2007.11.15 02:33:04.407,0.9922,0.9924,0.50,0.50
2007.11.15 02:33:04.529,0.9922,0.9925,0.50,1.70
2007.11.15 02:33:04.653,0.9922,0.9924,0.50,0.50
2007.11.15 02:33:04.776,0.9922,0.9925,0.50,1.70
2007.11.15 02:33:04.898,0.9922,0.9924,0.50,0.50
2007.11.15 02:33:05.021,0.9922,0.9924,0.50,0.50
2007.11.15 02:33:05.145,0.9922,0.9924,0.50,0.50
2007.11.15 02:33:05.363,0.9922,0.9924,0.50,0.50
2007.11.15 02:33:05.581,0.9922,0.9924,0.50,0.50
2007.11.15 02:33:05.798,0.9922,0.9925,0.50,1.70
2007.11.15 02:33:06.015,0.9922,0.9925,0.50,1.70
2007.11.15 02:33:06.233,0.9922,0.9924,0.50,0.50
2007.11.15 02:33:06.390,0.9922,0.9924,0.50,0.50
2007.11.15 02:33:06.548,0.9922,0.9925,0.50,1.70
2007.11.15 02:33:06.705,0.9922,0.9925,0.50,1.70
2007.11.15 02:33:07.023,0.9923,0.99255,0.50,2.00
2007.11.15 02:33:07.182,0.9923,0.99255,0.50,2.00
2007.11.15 02:33:07.374,0.9923,0.99255,0.50,2.00
2007.11.15 02:33:07.566,0.9923,0.99255,0.50,2.00
2007.11.15 02:33:07.759,0.9923,0.9925,0.50,0.90
2007.11.15 02:33:07.958,0.9923,0.99255,0.50,2.00
2007.11.15 02:33:08.144,0.9923,0.9925,0.50,0.70
2007.11.15 02:33:08.337,0.9922,0.9924,0.50,0.50
2007.11.15 02:33:08.611,0.9922,0.9925,0.50,1.80
2007.11.15 02:33:08.884,0.9922,0.99255,0.50,2.00
2007.11.15 02:33:09.156,0.9922,0.99255,0.50,2.00
2007.11.15 02:33:09.428,0.9922,0.99255,0.50,2.00
2007.11.15 02:33:09.585,0.9922,0.99255,0.50,2.00
2007.11.15 02:33:09.743,0.9922,0.99255,0.50,2.00
2007.11.15 02:33:09.900,0.9922,0.9925,0.50,0.70
2007.11.15 02:33:10.058,0.9922,0.99255,0.50,2.00
2007.11.15 02:33:10.216,0.9922,0.9925,0.50,0.60
2007.11.15 02:33:10.375,0.9922,0.99255,0.50,2.00
2007.11.15 02:33:10.562,0.9922,0.9925,0.50,0.90
2007.11.15 02:33:10.751,0.9922,0.99255,0.50,2.00
2007.11.15 02:33:10.938,0.9922,0.99255,0.50,2.00
2007.11.15 02:33:11.126,0.9922,0.9925,0.50,0.50
2007.11.15 02:33:11.314,0.9922,0.99255,0.50,2.00
2007.11.15 02:33:11.501,0.9922,0.9925,0.50,0.90
2007.11.15 02:33:11.739,0.9922,0.99255,0.50,2.00
2007.11.15 02:33:11.977,0.9922,0.99255,0.50,2.00
2007.11.15 02:33:12.215,0.9922,0.9925,0.50,0.50
2007.11.15 02:33:12.453,0.9922,0.9925,0.50,0.70
2007.11.15 02:33:12.611,0.9922,0.9925,0.50,0.70
2007.11.15 02:33:12.769,0.9922,0.99255,0.50,2.00
2007.11.15 02:33:12.927,0.9922,0.99255,0.50,2.00
2007.11.15 02:33:13.189,0.9922,0.9924,0.50,0.50
2007.11.15 02:33:13.348,0.9922,0.9925,0.50,1.70
2007.11.15 02:33:13.679,0.9922,0.9925,0.50,1.70
2007.11.15 02:33:14.013,0.9922,0.9925,0.50,1.70
2007.11.15 02:33:14.346,0.9922,0.9924,0.50,0.50
2007.11.15 02:33:14.473,0.9922,0.9924,0.50,0.50
2007.11.15 02:33:14.601,0.9922,0.9925,0.50,1.70
2007.11.15 02:33:14.729,0.9922,0.9925,0.50,1.70
2007.11.15 02:33:14.856,0.9922,0.9925,0.50,1.70
2007.11.15 02:33:14.983,0.9922,0.9925,0.50,1.70
2007.11.15 02:33:15.112,0.9922,0.9925,0.50,1.70
2007.11.15 02:33:15.240,0.9922,0.9924,0.50,0.50
2007.11.15 02:33:15.368,0.9922,0.9925,0.50,1.70
2007.11.15 02:33:15.601,0.9922,0.9924,0.50,0.50
2007.11.15 02:33:15.834,0.9922,0.9924,0.50,0.50
2007.11.15 02:33:16.067,0.9922,0.9924,0.50,0.50
2007.11.15 02:33:16.299,0.9922,0.99255,0.50,2.00
2007.11.15 02:33:16.532,0.9922,0.9925,0.50,0.60
2007.11.15 02:33:16.675,0.9922,0.9925,0.50,0.50
2007.11.15 02:33:16.819,0.9921,0.99255,1.20,2.00
2007.11.15 02:33:16.961,0.9921,0.99255,1.20,2.00
2007.11.15 02:33:17.104,0.9921,0.9925,1.20,0.70
2007.11.15 02:33:17.247,0.9921,0.9925,3.60,0.90
2007.11.15 02:33:17.391,0.9921,0.99255,10.40,2.00
2007.11.15 02:33:17.688,0.9921,0.99255,5.20,2.00
2007.11.15 02:33:17.987,0.9921,0.9925,5.20,0.50
2007.11.15 02:33:18.285,0.9921,0.99255,5.20,2.00
2007.11.15 02:33:18.583,0.9921,0.9925,5.20,0.70
2007.11.15 02:33:18.861,0.9921,0.9924,2.80,0.50
2007.11.15 02:33:19.139,0.9921,0.9925,1.20,1.70
2007.11.15 02:33:19.418,0.9921,0.9924,0.50,0.50
2007.11.15 02:33:19.576,0.9921,0.9924,0.50,0.50
2007.11.15 02:33:19.733,0.9921,0.99245,0.50,1.30
2007.11.15 02:33:19.890,0.9921,0.99245,0.50,1.30
2007.11.15 02:33:20.048,0.9921,0.9924,0.50,0.50
2007.11.15 02:33:20.206,0.9921,0.9924,0.50,0.50
2007.11.15 02:33:20.364,0.9921,0.9924,0.50,0.50
2007.11.15 02:33:20.524,0.9921,0.9924,0.50,0.50
2007.11.15 02:33:20.728,0.9921,0.9924,0.50,0.50
2007.11.15 02:33:20.930,0.9921,0.9924,0.50,0.50
2007.11.15 02:33:21.132,0.9921,0.9924,0.50,0.50
2007.11.15 02:33:21.335,0.9921,0.9924,0.50,0.50
2007.11.15 02:33:21.538,0.9921,0.9924,0.50,0.50
2007.11.15 02:33:21.670,0.9921,0.9924,0.50,0.50
2007.11.15 02:33:21.803,0.9921,0.9924,0.50,0.50
2007.11.15 02:33:21.935,0.9921,0.9924,0.50,0.50
2007.11.15 02:33:22.068,0.9921,0.9924,0.50,0.50
2007.11.15 02:33:22.201,0.9921,0.9924,0.50,0.50
2007.11.15 02:33:22.334,0.9921,0.9924,0.50,0.50
2007.11.15 02:33:22.472,0.9921,0.9924,0.50,0.50
2007.11.15 02:33:22.604,0.9921,0.9924,0.50,0.50
2007.11.15 02:33:22.862,0.9921,0.9924,0.50,1.20
2007.11.15 02:33:23.120,0.9921,0.9924,0.50,1.20
2007.11.15 02:33:23.378,0.9921,0.9924,0.50,1.20
2007.11.15 02:33:23.636,0.9921,0.9924,0.50,1.20
2007.11.15 02:33:23.892,0.9921,0.9924,0.50,1.20
2007.11.15 02:33:24.120,0.9921,0.9924,0.50,1.20
2007.11.15 02:33:24.352,0.9921,0.9924,0.50,1.20
2007.11.15 02:33:24.580,0.9921,0.9924,0.50,1.20
2007.11.15 02:33:24.809,0.9921,0.9924,3.60,0.80
2007.11.15 02:33:24.997,0.9921,0.9924,5.20,0.80
2007.11.15 02:33:25.185,0.9921,0.9924,5.20,0.80
2007.11.15 02:33:25.520,0.9921,0.9924,1.20,0.80
2007.11.15 02:33:25.708,0.9921,0.9925,1.20,1.20
2007.11.15 02:33:25.935,0.9921,0.9925,1.20,1.20
2007.11.15 02:33:26.163,0.9921,0.9925,2.80,1.20
2007.11.15 02:33:26.391,0.9921,0.9925,1.20,1.20
2007.11.15 02:33:26.619,0.9921,0.9925,1.20,1.20
2007.11.15 02:33:26.847,0.9921,0.9925,1.20,1.20
2007.11.15 02:33:27.075,0.9921,0.9925,1.20,1.20
2007.11.15 02:33:27.212,0.9921,0.9925,0.60,1.20
2007.11.15 02:33:27.328,0.9921,0.9925,0.80,1.20
2007.11.15 02:33:27.581,0.992,0.9925,28.40,1.20
2007.11.15 02:33:27.834,0.992,0.9924,8.10,0.50
2007.11.15 02:33:28.087,0.992,0.9924,8.10,0.50
2007.11.15 02:33:28.278,0.992,0.9924,8.10,0.50
2007.11.15 02:33:28.471,0.992,0.9924,8.10,0.50
2007.11.15 02:33:28.664,0.992,0.9924,8.10,0.50
2007.11.15 02:33:28.856,0.992,0.9924,8.10,0.50
2007.11.15 02:33:29.125,0.992,0.9924,8.10,0.50
2007.11.15 02:33:29.394,0.992,0.9923,8.10,0.50
2007.11.15 02:33:29.662,0.992,0.9923,8.10,0.50
2007.11.15 02:33:29.929,0.992,0.9923,8.10,0.50
2007.11.15 02:33:30.197,0.992,0.9923,8.10,0.50
2007.11.15 02:33:30.364,0.992,0.9923,8.10,0.50
2007.11.15 02:33:30.533,0.992,0.9923,8.10,0.50
2007.11.15 02:33:30.700,0.992,0.9923,8.10,0.50
2007.11.15 02:33:30.868,0.9921,0.9923,0.50,0.50
2007.11.15 02:33:31.035,0.992,0.9923,8.10,0.50
2007.11.15 02:33:31.213,0.992,0.9923,8.10,0.50
2007.11.15 02:33:31.391,0.9921,0.9924,0.50,1.20
2007.11.15 02:33:31.678,0.992,0.9924,8.10,1.20
2007.11.15 02:33:31.857,0.9921,0.9924,4.10,1.20
2007.11.15 02:33:32.034,0.9922,0.9924,0.50,1.20
2007.11.15 02:33:32.233,0.9922,0.9924,0.50,1.20
2007.11.15 02:33:32.430,0.9922,0.9924,0.50,1.20
2007.11.15 02:33:32.628,0.9922,0.9924,0.50,1.20
2007.11.15 02:33:32.826,0.9921,0.9924,4.10,1.20
2007.11.15 02:33:33.024,0.9921,0.9924,4.10,1.20
2007.11.15 02:33:33.222,0.9921,0.9924,4.10,0.50
2007.11.15 02:33:33.475,0.9922,0.9924,0.50,0.50
2007.11.15 02:33:33.727,0.9921,0.9924,4.10,0.50
2007.11.15 02:33:33.980,0.9921,0.9924,4.10,0.50
2007.11.15 02:33:34.238,0.9922,0.9924,0.50,0.50
2007.11.15 02:33:34.351,0.9922,0.9924,0.50,0.50
2007.11.15 02:33:34.464,0.9921,0.9924,4.10,0.50
2007.11.15 02:33:34.576,0.9921,0.9924,4.10,0.50
2007.11.15 02:33:34.690,0.9922,0.9924,0.50,0.50
2007.11.15 02:33:34.802,0.9922,0.9924,0.50,0.50
2007.11.15 02:33:34.914,0.9921,0.9924,4.10,0.50
2007.11.15 02:33:35.028,0.9921,0.9924,4.10,0.50
2007.11.15 02:33:35.140,0.9921,0.9924,4.10,0.50
2007.11.15 02:33:35.253,0.9922,0.9924,0.50,0.50
2007.11.15 02:33:35.485,0.9921,0.9924,4.10,0.50
2007.11.15 02:33:35.718,0.9922,0.9924,0.50,0.50
2007.11.15 02:33:35.950,0.9922,0.9924,0.50,0.50
2007.11.15 02:33:36.182,0.9921,0.9924,4.10,0.50
2007.11.15 02:33:36.415,0.9921,0.9924,4.10,0.50
2007.11.15 02:33:36.577,0.9921,0.9924,4.10,0.50
2007.11.15 02:33:36.740,0.9921,0.9924,4.10,0.50
2007.11.15 02:33:36.902,0.9921,0.9924,4.10,0.50
2007.11.15 02:33:37.066,0.9922,0.9924,0.50,0.50
2007.11.15 02:33:37.228,0.9921,0.9924,4.10,0.50
2007.11.15 02:33:37.392,0.9922,0.9924,0.50,0.50
2007.11.15 02:33:37.539,0.9921,0.9924,4.10,0.50
2007.11.15 02:33:37.832,0.9921,0.9924,4.10,0.50
2007.11.15 02:33:37.980,0.9921,0.9924,4.10,0.50
2007.11.15 02:33:38.128,0.9922,0.9924,0.50,0.50
2007.11.15 02:33:38.276,0.9922,0.9924,0.50,0.50
2007.11.15 02:33:38.425,0.992,0.9924,18.80,0.50
2007.11.15 02:33:38.573,0.9921,0.9924,1.70,0.50
2007.11.15 02:33:38.816,0.9921,0.9924,1.20,0.50
2007.11.15 02:33:39.064,0.9921,0.9924,1.50,0.50
2007.11.15 02:33:39.301,0.992,0.9924,18.80,0.50
2007.11.15 02:33:39.543,0.992,0.9924,18.80,0.50
2007.11.15 02:33:39.787,0.9921,0.9924,0.50,0.50
2007.11.15 02:33:39.909,0.992,0.9924,18.80,0.50
2007.11.15 02:33:40.031,0.9921,0.9924,0.90,0.50
2007.11.15 02:33:40.155,0.992,0.9924,18.80,0.50
2007.11.15 02:33:40.277,0.992,0.9924,18.80,0.50
2007.11.15 02:33:40.399,0.992,0.9924,18.80,0.50
2007.11.15 02:33:40.523,0.992,0.9924,18.80,0.50
2007.11.15 02:33:40.645,0.992,0.9924,18.80,0.50
2007.11.15 02:33:40.888,0.9921,0.9924,1.70,0.50
2007.11.15 02:33:41.130,0.992,0.9924,18.80,0.50
2007.11.15 02:33:41.373,0.992,0.9924,18.80,0.50
2007.11.15 02:33:41.615,0.992,0.9924,18.80,0.50
2007.11.15 02:33:41.859,0.992,0.9924,18.80,0.50
2007.11.15 02:33:41.991,0.992,0.9924,18.80,0.50
2007.11.15 02:33:42.123,0.992,0.9924,18.80,0.50
2007.11.15 02:33:42.256,0.9921,0.9924,1.80,0.50
2007.11.15 02:33:42.388,0.9921,0.9924,0.70,0.50
2007.11.15 02:33:42.522,0.992,0.9924,18.80,0.50
2007.11.15 02:33:42.654,0.992,0.9924,18.80,0.50
2007.11.15 02:33:42.788,0.992,0.9924,18.80,0.50
2007.11.15 02:33:43.042,0.9921,0.9924,0.50,0.50
2007.11.15 02:33:43.294,0.9921,0.9924,4.10,0.50
2007.11.15 02:33:43.546,0.9921,0.9924,4.10,0.50
2007.11.15 02:33:43.799,0.9921,0.9924,4.10,0.50
2007.11.15 02:33:44.042,0.9922,0.9924,0.50,0.50
2007.11.15 02:33:44.284,0.9922,0.9924,0.50,0.50
2007.11.15 02:33:44.528,0.9921,0.9924,4.10,0.50
2007.11.15 02:33:44.770,0.9921,0.9924,4.10,0.50
2007.11.15 02:33:44.898,0.9922,0.9924,0.50,0.50
2007.11.15 02:33:45.026,0.9921,0.9924,4.10,0.50
2007.11.15 02:33:45.154,0.9921,0.9924,4.10,0.50
2007.11.15 02:33:45.281,0.9921,0.9924,4.10,0.50
2007.11.15 02:33:45.415,0.9922,0.9924,0.50,0.50
2007.11.15 02:33:45.537,0.9922,0.9924,0.50,0.50
2007.11.15 02:33:45.664,0.9921,0.9924,4.10,0.50
2007.11.15 02:33:45.792,0.9921,0.9924,4.10,0.50
2007.11.15 02:33:46.025,0.9922,0.9924,0.50,0.50
2007.11.15 02:33:46.258,0.9921,0.9924,4.10,0.50
2007.11.15 02:33:46.491,0.9921,0.9924,4.10,0.50
2007.11.15 02:33:46.724,0.9921,0.9924,4.10,0.50
2007.11.15 02:33:46.957,0.9922,0.9925,0.50,1.20
2007.11.15 02:33:47.119,0.9921,0.9925,5.70,1.20
2007.11.15 02:33:47.281,0.9922,0.9925,0.50,1.20
2007.11.15 02:33:47.444,0.9921,0.9925,5.70,1.20
2007.11.15 02:33:47.607,0.9921,0.9925,5.70,1.20
2007.11.15 02:33:47.770,0.9923,0.9925,0.50,1.20
2007.11.15 02:33:47.933,0.9922,0.9925,1.70,1.20
2007.11.15 02:33:48.190,0.9923,0.9925,0.50,1.20
2007.11.15 02:33:48.448,0.9922,0.9925,1.70,1.20
2007.11.15 02:33:48.706,0.9922,0.9925,1.70,1.20
2007.11.15 02:33:48.964,0.9923,0.9925,0.50,1.20
2007.11.15 02:33:49.222,0.9923,0.9925,0.50,1.20
2007.11.15 02:33:49.429,0.9922,0.9925,1.70,1.20
2007.11.15 02:33:49.637,0.9922,0.9925,1.70,1.20
2007.11.15 02:33:49.844,0.9922,0.9925,1.70,1.20
2007.11.15 02:33:50.173,0.9923,0.9925,0.50,1.20
2007.11.15 02:33:50.356,0.9922,0.9925,1.70,1.20
2007.11.15 02:33:50.539,0.9922,0.9925,1.70,1.20
2007.11.15 02:33:50.722,0.9922,0.9925,1.70,1.20
2007.11.15 02:33:50.905,0.9922,0.9925,1.70,1.20
2007.11.15 02:33:51.089,0.9922,0.9925,1.70,1.20
2007.11.15 02:33:51.297,0.9922,0.9925,1.70,1.20
2007.11.15 02:33:51.506,0.9922,0.9925,1.70,1.20
2007.11.15 02:33:51.714,0.9922,0.9925,1.70,1.20
2007.11.15 02:33:51.921,0.9923,0.9925,0.50,1.20
2007.11.15 02:33:52.130,0.9922,0.9925,1.70,1.20
2007.11.15 02:33:52.287,0.9922,0.9925,1.70,1.20
2007.11.15 02:33:52.445,0.9922,0.9925,1.70,1.20
2007.11.15 02:33:52.604,0.9922,0.9925,1.70,1.20
2007.11.15 02:33:52.763,0.9923,0.9925,0.50,1.20
2007.11.15 02:33:52.920,0.9922,0.9925,1.70,1.20
2007.11.15 02:33:53.077,0.9923,0.9925,0.50,1.20
2007.11.15 02:33:53.235,0.9923,0.9925,0.50,1.20
2007.11.15 02:33:53.473,0.9922,0.9925,1.70,1.20
2007.11.15 02:33:53.710,0.9922,0.9925,1.00,1.20
2007.11.15 02:33:53.950,0.9922,0.9925,0.50,1.20
2007.11.15 02:33:54.188,0.9922,0.9925,1.70,1.20
2007.11.15 02:33:54.380,0.9923,0.9925,0.50,1.20
2007.11.15 02:33:54.572,0.9923,0.9925,0.50,1.20
2007.11.15 02:33:54.765,0.9923,0.9925,0.50,1.20
2007.11.15 02:33:54.957,0.9923,0.9925,0.50,1.20
2007.11.15 02:33:55.150,0.9923,0.9925,0.50,1.20
2007.11.15 02:33:55.344,0.9922,0.9925,1.70,1.20
2007.11.15 02:33:55.531,0.9922,0.9925,1.70,1.20
2007.11.15 02:33:55.720,0.9922,0.9925,1.70,1.20
2007.11.15 02:33:55.908,0.9922,0.9925,1.70,1.20
2007.11.15 02:33:56.095,0.9922,0.9925,1.70,1.20
2007.11.15 02:33:56.331,0.9922,0.9925,1.70,1.20
2007.11.15 02:33:56.459,0.9922,0.9925,1.70,1.20
2007.11.15 02:33:56.587,0.9922,0.9925,1.70,1.20
2007.11.15 02:33:56.715,0.9923,0.9925,0.50,1.20
2007.11.15 02:33:56.846,0.9923,0.9925,0.50,1.20
2007.11.15 02:33:56.974,0.9922,0.9925,1.70,1.20
2007.11.15 02:33:57.102,0.9923,0.9925,0.50,1.20
2007.11.15 02:33:57.230,0.9923,0.9925,0.50,1.20
2007.11.15 02:33:57.359,0.9923,0.9925,0.50,1.20
2007.11.15 02:33:57.616,0.9923,0.9925,0.50,1.20
2007.11.15 02:33:57.874,0.9922,0.9925,1.70,1.20
2007.11.15 02:33:58.133,0.9922,0.9925,1.70,1.20
2007.11.15 02:33:58.390,0.9923,0.9925,0.50,1.20
2007.11.15 02:33:58.617,0.9922,0.9925,1.70,1.20
2007.11.15 02:33:58.846,0.9922,0.9925,1.70,1.20
2007.11.15 02:33:59.074,0.9922,0.9925,1.70,1.20
2007.11.15 02:33:59.301,0.9923,0.9925,0.50,1.20
2007.11.15 02:33:59.529,0.9922,0.9925,1.70,1.20
2007.11.15 02:33:59.671,0.9923,0.9925,0.50,1.20
2007.11.15 02:33:59.814,0.9922,0.9925,1.70,1.20
2007.11.15 02:33:59.957,0.9923,0.9925,0.50,1.20
2007.11.15 02:34:00.100,0.9922,0.9925,1.70,1.20
2007.11.15 02:34:00.243,0.9923,0.9925,0.50,1.20
2007.11.15 02:34:00.387,0.9921,0.9925,4.10,1.20
2007.11.15 02:34:00.600,0.9921,0.9925,4.10,1.20
2007.11.15 02:34:00.809,0.9921,0.9924,4.10,0.50
2007.11.15 02:34:01.016,0.9921,0.9924,4.10,0.50
2007.11.15 02:34:01.224,0.9921,0.9924,4.10,0.50
2007.11.15 02:34:01.431,0.9921,0.9924,4.10,1.20
2007.11.15 02:34:01.630,0.9921,0.9924,4.10,1.20
2007.11.15 02:34:01.830,0.9922,0.9924,0.50,1.20
2007.11.15 02:34:02.027,0.9922,0.9924,0.50,1.20
2007.11.15 02:34:02.225,0.9922,0.9924,0.50,1.20
2007.11.15 02:34:02.496,0.9921,0.9924,4.10,1.20
2007.11.15 02:34:02.629,0.9921,0.9924,4.10,1.20
2007.11.15 02:34:02.760,0.9921,0.9924,4.10,1.20
2007.11.15 02:34:02.893,0.9922,0.9924,0.50,1.20
2007.11.15 02:34:03.027,0.9922,0.9924,0.50,1.20
2007.11.15 02:34:03.160,0.9921,0.9924,4.10,1.20
2007.11.15 02:34:03.292,0.9921,0.9924,4.10,1.20
2007.11.15 02:34:03.424,0.9921,0.9924,4.10,1.20
2007.11.15 02:34:03.557,0.9922,0.9924,0.50,1.20
2007.11.15 02:34:03.891,0.992,0.9924,12.80,1.20
2007.11.15 02:34:04.223,0.992,0.9924,12.80,1.20
2007.11.15 02:34:04.556,0.992,0.9924,12.80,1.20
2007.11.15 02:34:04.674,0.992,0.9924,12.80,1.20
2007.11.15 02:34:04.791,0.992,0.9924,12.80,1.20
2007.11.15 02:34:04.908,0.992,0.9924,12.80,1.20
2007.11.15 02:34:05.026,0.992,0.9924,12.80,1.20
2007.11.15 02:34:05.148,0.9921,0.9924,0.60,1.20
2007.11.15 02:34:05.266,0.9922,0.9924,1.30,1.20
2007.11.15 02:34:05.385,0.9922,0.9924,0.70,1.20
2007.11.15 02:34:05.502,0.9921,0.9924,2.90,1.20
2007.11.15 02:34:05.620,0.9922,0.9924,0.50,1.20
2007.11.15 02:34:05.934,0.9921,0.9924,6.00,0.80
2007.11.15 02:34:06.247,0.9923,0.9925,1.40,1.20
2007.11.15 02:34:06.559,0.9921,0.9925,9.20,1.20
2007.11.15 02:34:06.872,0.9923,0.9925,1.40,1.20
2007.11.15 02:34:07.050,0.9921,0.9925,8.40,1.20
2007.11.15 02:34:07.228,0.9921,0.9925,8.40,1.20
2007.11.15 02:34:07.407,0.9923,0.9925,0.70,1.20
2007.11.15 02:34:07.584,0.9921,0.9925,8.40,1.20
2007.11.15 02:34:07.763,0.9923,0.9925,1.30,1.20
2007.11.15 02:34:07.905,0.9922,0.9925,3.30,1.20
2007.11.15 02:34:08.048,0.9923,0.9925,1.40,1.20
2007.11.15 02:34:08.191,0.9923,0.9925,0.50,1.20
2007.11.15 02:34:08.335,0.9922,0.9925,2.90,1.20
2007.11.15 02:34:08.477,0.9923,0.9925,1.10,1.20
2007.11.15 02:34:08.653,0.9922,0.9925,2.90,1.20
2007.11.15 02:34:08.795,0.9922,0.9925,2.90,1.20
2007.11.15 02:34:09.096,0.9922,0.9925,2.90,1.20
2007.11.15 02:34:09.394,0.9923,0.9925,1.50,1.20
2007.11.15 02:34:09.693,0.9923,0.9925,0.60,1.20
2007.11.15 02:34:09.993,0.9923,0.9925,1.40,1.20
2007.11.15 02:34:10.190,0.9922,0.9925,2.90,1.20
2007.11.15 02:34:10.389,0.9923,0.9925,1.50,1.20
2007.11.15 02:34:10.587,0.9922,0.9925,2.90,1.20
2007.11.15 02:34:10.785,0.9922,0.9925,2.90,1.20
2007.11.15 02:34:10.982,0.9922,0.9925,2.90,1.20
2007.11.15 02:34:11.175,0.9922,0.9925,2.90,1.20
2007.11.15 02:34:11.368,0.9922,0.9925,2.90,1.20
2007.11.15 02:34:11.561,0.9923,0.9925,1.00,1.20
2007.11.15 02:34:11.755,0.9922,0.9925,2.90,1.20
2007.11.15 02:34:11.947,0.9922,0.9924,2.90,0.50
2007.11.15 02:34:12.146,0.9923,0.9924,1.10,0.50
2007.11.15 02:34:12.343,0.9922,0.9925,0.90,0.70
2007.11.15 02:34:12.541,0.9921,0.9925,5.60,0.50
2007.11.15 02:34:12.739,0.9922,0.9925,2.80,0.50
2007.11.15 02:34:12.937,0.9922,0.9925,2.80,0.50
2007.11.15 02:34:13.134,0.9922,0.9925,2.80,0.50
2007.11.15 02:34:13.353,0.9922,0.9925,0.50,1.20
2007.11.15 02:34:13.572,0.9922,0.9925,0.50,1.20
2007.11.15 02:34:13.790,0.9923,0.9925,0.50,1.20
2007.11.15 02:34:14.008,0.9923,0.9925,0.50,1.20
2007.11.15 02:34:14.269,0.9923,0.9925,0.50,1.20
2007.11.15 02:34:14.527,0.9923,0.9925,0.50,1.20
2007.11.15 02:34:14.815,0.9923,0.9925,0.50,1.20
2007.11.15 02:34:15.073,0.9923,0.9925,0.50,1.20
2007.11.15 02:34:15.233,0.9923,0.9925,0.50,1.20
2007.11.15 02:34:15.390,0.9923,0.9925,0.50,1.20
2007.11.15 02:34:15.549,0.9923,0.9925,0.50,1.20
2007.11.15 02:34:15.706,0.9923,0.9925,0.50,1.20
2007.11.15 02:34:15.864,0.9923,0.9925,0.50,1.20
2007.11.15 02:34:16.025,0.9923,0.9925,0.50,1.20
2007.11.15 02:34:16.183,0.9923,0.9925,0.50,1.20
2007.11.15 02:34:16.391,0.9923,0.9925,0.50,1.20
2007.11.15 02:34:16.599,0.9923,0.9925,0.50,1.20
2007.11.15 02:34:16.810,0.9923,0.9925,0.50,1.20
2007.11.15 02:34:17.017,0.9923,0.9925,0.50,1.20
2007.11.15 02:34:17.231,0.9923,0.9925,0.50,1.20
2007.11.15 02:34:17.407,0.9923,0.9925,0.50,1.20
2007.11.15 02:34:17.589,0.9923,0.9925,0.50,1.20
2007.11.15 02:34:17.772,0.9923,0.9925,0.50,1.20
2007.11.15 02:34:17.955,0.9923,0.9925,0.50,1.20
2007.11.15 02:34:18.138,0.9923,0.9925,0.50,1.20
2007.11.15 02:34:18.321,0.9923,0.9925,0.50,1.20
2007.11.15 02:34:18.539,0.9923,0.9925,0.50,1.20
2007.11.15 02:34:18.757,0.9923,0.9925,0.50,1.20
2007.11.15 02:34:18.981,0.9923,0.9925,0.50,1.20
2007.11.15 02:34:19.198,0.9923,0.9925,0.50,1.20
2007.11.15 02:34:19.431,0.9923,0.9925,0.50,1.20
2007.11.15 02:34:19.664,0.9923,0.9925,0.50,1.20
2007.11.15 02:34:19.896,0.9923,0.9925,0.50,1.20
2007.11.15 02:34:20.130,0.9923,0.9925,0.50,1.20
2007.11.15 02:34:20.364,0.9922,0.9925,2.80,1.20
2007.11.15 02:34:20.591,0.9922,0.9925,2.80,1.20
2007.11.15 02:34:20.970,0.9922,0.9925,0.50,1.20
2007.11.15 02:34:21.047,0.9922,0.9925,0.50,1.20
2007.11.15 02:34:21.275,0.9922,0.9925,0.50,1.20
2007.11.15 02:34:21.449,0.9922,0.9925,0.50,1.20
2007.11.15 02:34:21.621,0.9922,0.9925,0.50,1.20
2007.11.15 02:34:21.794,0.9923,0.9925,0.50,1.20
2007.11.15 02:34:21.968,0.9923,0.9925,0.50,1.20
2007.11.15 02:34:22.140,0.9923,0.9925,0.50,1.20
2007.11.15 02:34:22.313,0.9923,0.9925,0.50,1.20
2007.11.15 02:34:22.545,0.9923,0.9925,0.50,1.20
2007.11.15 02:34:22.777,0.9923,0.9925,0.50,1.20
2007.11.15 02:34:23.009,0.9923,0.9925,0.50,1.20
2007.11.15 02:34:23.246,0.9923,0.9925,0.50,1.20
2007.11.15 02:34:23.389,0.9923,0.9925,0.50,1.20
2007.11.15 02:34:23.534,0.9923,0.9925,0.50,1.20
2007.11.15 02:34:23.675,0.9923,0.9925,0.50,1.20
2007.11.15 02:34:23.818,0.9923,0.9925,0.50,1.20
2007.11.15 02:34:23.960,0.9923,0.9925,0.50,1.20
2007.11.15 02:34:24.103,0.9923,0.9925,0.50,1.20
2007.11.15 02:34:24.246,0.9923,0.9925,0.50,1.20
2007.11.15 02:34:24.574,0.9923,0.9925,0.50,1.20
2007.11.15 02:34:24.679,0.9922,0.9925,1.00,1.20
2007.11.15 02:34:24.908,0.9922,0.9925,1.00,1.20
2007.11.15 02:34:25.236,0.9922,0.9925,1.00,1.20
2007.11.15 02:34:25.389,0.9922,0.9925,1.00,1.20
2007.11.15 02:34:25.542,0.9923,0.9925,0.50,1.20
2007.11.15 02:34:25.696,0.9922,0.9925,1.00,1.20
2007.11.15 02:34:25.849,0.9923,0.9925,0.50,1.20
2007.11.15 02:34:26.001,0.9922,0.9925,1.00,1.20
2007.11.15 02:34:26.154,0.9922,0.9925,1.00,1.20
2007.11.15 02:34:26.307,0.9923,0.9925,0.50,1.20
2007.11.15 02:34:26.533,0.9923,0.9925,0.50,1.20
2007.11.15 02:34:26.761,0.9922,0.9924,0.60,0.50
2007.11.15 02:34:27.138,0.9922,0.9924,0.80,0.50
2007.11.15 02:34:27.365,0.9922,0.9924,1.70,0.50
2007.11.15 02:34:27.553,0.9921,0.9924,12.00,0.50
2007.11.15 02:34:27.742,0.9921,0.9924,12.00,0.50
2007.11.15 02:34:27.930,0.9922,0.9924,0.60,0.50
2007.11.15 02:34:28.117,0.9921,0.9924,12.00,0.50
2007.11.15 02:34:28.305,0.9923,0.9924,1.60,0.50
2007.11.15 02:34:28.493,0.9922,0.9924,2.90,0.50
2007.11.15 02:34:28.777,0.9923,0.9924,0.80,0.50
2007.11.15 02:34:29.049,0.9922,0.9924,2.90,0.50
2007.11.15 02:34:29.327,0.9922,0.9924,2.90,0.50
2007.11.15 02:34:29.605,0.9922,0.9924,2.90,0.50
2007.11.15 02:34:29.883,0.9923,0.9924,0.50,0.50
2007.11.15 02:34:29.996,0.9922,0.9924,2.90,0.50
2007.11.15 02:34:30.109,0.9923,0.9924,1.40,0.50
2007.11.15 02:34:30.221,0.9922,0.9924,2.90,0.50
2007.11.15 02:34:30.334,0.9922,0.9924,2.90,0.50
2007.11.15 02:34:30.447,0.9923,0.9924,0.90,0.50
2007.11.15 02:34:30.559,0.9922,0.9924,2.90,0.50
2007.11.15 02:34:30.672,0.9922,0.9924,2.90,0.50
2007.11.15 02:34:30.890,0.9922,0.9924,2.90,0.50
2007.11.15 02:34:31.108,0.9923,0.9924,1.60,0.50
2007.11.15 02:34:31.326,0.9923,0.9924,0.50,0.50
2007.11.15 02:34:31.544,0.9923,0.9924,1.20,0.50
2007.11.15 02:34:31.762,0.9923,0.9924,1.20,0.50
2007.11.15 02:34:31.905,0.9923,0.9924,0.80,0.50
2007.11.15 02:34:32.048,0.9922,0.9924,2.90,0.50
2007.11.15 02:34:32.191,0.9923,0.9924,1.00,0.50
2007.11.15 02:34:32.334,0.9922,0.9924,2.90,0.50
2007.11.15 02:34:32.476,0.9922,0.9924,2.90,0.50
2007.11.15 02:34:32.619,0.9922,0.9924,2.90,0.50
2007.11.15 02:34:32.763,0.9923,0.9925,1.20,1.20
2007.11.15 02:34:32.991,0.9923,0.9925,1.10,0.50
2007.11.15 02:34:33.305,0.9923,0.9925,1.30,0.50
2007.11.15 02:34:33.531,0.9922,0.9925,4.80,0.50
2007.11.15 02:34:33.760,0.9922,0.9925,4.80,0.50
2007.11.15 02:34:34.003,0.9922,0.9925,4.80,0.50
2007.11.15 02:34:34.246,0.9922,0.9925,4.80,0.50
2007.11.15 02:34:34.489,0.9922,0.9925,4.80,0.50
2007.11.15 02:34:34.732,0.9923,0.9925,0.50,0.50
2007.11.15 02:34:34.975,0.9922,0.9925,5.70,0.50
2007.11.15 02:34:35.158,0.9923,0.9925,0.50,0.50
2007.11.15 02:34:35.341,0.9922,0.9925,5.70,0.50
2007.11.15 02:34:35.528,0.9922,0.9925,5.70,0.50
2007.11.15 02:34:35.710,0.9922,0.9925,5.70,0.50
2007.11.15 02:34:35.894,0.9922,0.9925,5.70,0.50
2007.11.15 02:34:36.096,0.9922,0.9925,5.70,0.50
2007.11.15 02:34:36.298,0.9923,0.9925,0.50,0.50
2007.11.15 02:34:36.501,0.9923,0.9925,0.50,0.50
2007.11.15 02:34:36.705,0.9923,0.9925,0.50,0.50
2007.11.15 02:34:36.913,0.9922,0.9925,5.70,0.50
2007.11.15 02:34:37.056,0.9923,0.9925,0.50,0.50
2007.11.15 02:34:37.204,0.9923,0.9925,0.50,0.50
2007.11.15 02:34:37.352,0.9923,0.9925,0.50,0.50
2007.11.15 02:34:37.499,0.9922,0.9925,5.70,0.50
2007.11.15 02:34:37.646,0.9922,0.9925,5.70,0.50
2007.11.15 02:34:37.795,0.9922,0.9925,5.70,0.50
2007.11.15 02:34:37.943,0.9922,0.9925,5.70,0.50
2007.11.15 02:34:38.126,0.9922,0.9925,5.70,0.50
2007.11.15 02:34:38.309,0.9922,0.9925,5.70,0.50
2007.11.15 02:34:38.491,0.9923,0.9925,0.50,0.50
2007.11.15 02:34:38.675,0.9923,0.9925,0.50,0.50
2007.11.15 02:34:38.857,0.9922,0.9925,5.70,0.50
2007.11.15 02:34:39.039,0.9922,0.9925,5.70,0.50
2007.11.15 02:34:39.283,0.9922,0.9925,5.70,0.50
2007.11.15 02:34:39.525,0.9922,0.9925,5.70,0.50
2007.11.15 02:34:39.767,0.9922,0.9925,5.70,0.50
2007.11.15 02:34:40.012,0.9922,0.9925,5.70,0.50
2007.11.15 02:34:40.255,0.9922,0.9926,8.10,1.20
2007.11.15 02:34:40.387,0.9922,0.9926,8.10,1.20
2007.11.15 02:34:40.520,0.9922,0.9926,8.10,1.20
2007.11.15 02:34:40.653,0.9922,0.9926,8.10,1.20
2007.11.15 02:34:40.785,0.9923,0.9926,0.50,1.20
2007.11.15 02:34:40.919,0.9923,0.9926,0.50,1.20
2007.11.15 02:34:41.052,0.9922,0.9926,8.10,1.20
2007.11.15 02:34:41.184,0.9922,0.9926,8.10,1.20
2007.11.15 02:34:41.413,0.9922,0.9926,8.10,1.20
2007.11.15 02:34:41.640,0.9923,0.9926,0.50,1.20
2007.11.15 02:34:41.868,0.9922,0.9926,8.10,1.20
2007.11.15 02:34:42.096,0.9922,0.9926,8.10,1.20
2007.11.15 02:34:42.324,0.9922,0.9926,8.00,1.20
2007.11.15 02:34:42.456,0.9922,0.9926,8.00,1.20
2007.11.15 02:34:42.588,0.9922,0.9926,8.00,1.20
2007.11.15 02:34:42.720,0.9922,0.9926,8.00,1.20
2007.11.15 02:34:42.854,0.9923,0.9926,0.50,1.20
2007.11.15 02:34:42.986,0.9922,0.9926,8.00,1.20
2007.11.15 02:34:43.119,0.9923,0.9926,0.60,1.20
2007.11.15 02:34:43.252,0.9923,0.9926,0.80,1.20
2007.11.15 02:34:43.439,0.9923,0.9926,1.40,1.20
2007.11.15 02:34:43.627,0.9923,0.9926,1.50,1.20
2007.11.15 02:34:43.815,0.9922,0.9926,8.00,1.20
2007.11.15 02:34:44.002,0.9922,0.9926,8.00,1.20
2007.11.15 02:34:44.189,0.9922,0.9926,8.00,1.20
2007.11.15 02:34:44.421,0.9922,0.9926,8.00,1.20
2007.11.15 02:34:44.654,0.9922,0.9926,8.00,1.20
2007.11.15 02:34:44.887,0.9922,0.9926,8.00,1.20
2007.11.15 02:34:45.119,0.9922,0.9926,8.00,1.20
2007.11.15 02:34:45.353,0.9923,0.9926,1.50,1.20
2007.11.15 02:34:45.627,0.9923,0.9926,1.70,1.20
2007.11.15 02:34:45.759,0.9923,0.9926,0.80,1.20
2007.11.15 02:34:45.892,0.9922,0.9926,8.00,1.20
2007.11.15 02:34:46.025,0.9923,0.9926,1.30,1.20
2007.11.15 02:34:46.159,0.9922,0.9926,8.00,1.20
2007.11.15 02:34:46.293,0.9923,0.9926,0.50,1.20
2007.11.15 02:34:46.481,0.9923,0.9926,1.20,1.20
2007.11.15 02:34:46.670,0.9922,0.9926,8.00,1.20
2007.11.15 02:34:46.857,0.9923,0.9926,1.10,1.20
2007.11.15 02:34:47.045,0.9923,0.9926,1.60,1.20
2007.11.15 02:34:47.233,0.9923,0.9926,1.70,1.20
2007.11.15 02:34:47.421,0.9922,0.9926,8.00,1.20
2007.11.15 02:34:47.563,0.9922,0.9926,8.00,1.20
2007.11.15 02:34:47.705,0.9922,0.9926,8.00,1.20
2007.11.15 02:34:47.848,0.9922,0.9926,8.00,1.20
2007.11.15 02:34:47.991,0.9922,0.9926,8.00,1.20
2007.11.15 02:34:48.134,0.9923,0.9926,0.70,1.20
2007.11.15 02:34:48.277,0.9923,0.9926,1.40,1.20
2007.11.15 02:34:48.421,0.9923,0.9926,0.60,1.20
2007.11.15 02:34:48.608,0.9922,0.9926,8.00,1.20
2007.11.15 02:34:48.796,0.9922,0.9926,8.00,1.20
2007.11.15 02:34:48.984,0.9922,0.9926,8.00,1.20
2007.11.15 02:34:49.172,0.9923,0.9926,0.80,1.20
2007.11.15 02:34:49.361,0.9922,0.9926,8.00,1.20
2007.11.15 02:34:49.555,0.9922,0.9926,8.00,1.20
2007.11.15 02:34:49.817,0.9922,0.9926,8.00,1.20
2007.11.15 02:34:50.081,0.9922,0.9926,8.00,1.20
2007.11.15 02:34:50.343,0.9922,0.9926,8.00,1.20
2007.11.15 02:34:50.605,0.9922,0.9926,8.00,1.20
2007.11.15 02:34:50.739,0.9922,0.9926,8.00,1.20
2007.11.15 02:34:50.872,0.9922,0.9926,8.00,1.20
2007.11.15 02:34:51.006,0.9922,0.9926,8.00,1.20
2007.11.15 02:34:51.138,0.9923,0.9926,1.70,1.20
2007.11.15 02:34:51.270,0.9922,0.9926,8.00,1.20
2007.11.15 02:34:51.403,0.9922,0.9926,8.00,1.20
2007.11.15 02:34:51.535,0.9922,0.9926,8.00,1.20
2007.11.15 02:34:51.788,0.9923,0.9926,0.50,1.20
2007.11.15 02:34:52.011,0.9923,0.9926,1.50,1.20
2007.11.15 02:34:52.235,0.9922,0.9926,8.00,1.20
2007.11.15 02:34:52.464,0.9922,0.9926,8.00,1.20
2007.11.15 02:34:52.681,0.9922,0.9926,8.00,1.20
2007.11.15 02:34:52.815,0.9923,0.9925,0.70,0.50
2007.11.15 02:34:52.948,0.9923,0.9925,1.80,0.50
2007.11.15 02:34:53.084,0.9923,0.9925,1.60,0.50
2007.11.15 02:34:53.217,0.9923,0.9925,1.10,0.50
2007.11.15 02:34:53.350,0.9922,0.9925,2.90,0.50
2007.11.15 02:34:53.482,0.9923,0.9925,1.50,0.50
2007.11.15 02:34:53.615,0.9922,0.9925,2.90,0.50
2007.11.15 02:34:53.748,0.9922,0.9925,2.90,0.50
2007.11.15 02:34:54.081,0.9923,0.9925,1.00,1.20
2007.11.15 02:34:54.414,0.9922,0.9925,2.90,1.20
2007.11.15 02:34:54.753,0.9923,0.9925,1.40,1.20
2007.11.15 02:34:54.860,0.9923,0.9925,0.80,1.20
2007.11.15 02:34:54.967,0.9922,0.9925,2.90,1.20
2007.11.15 02:34:55.074,0.9922,0.9925,2.90,1.20
2007.11.15 02:34:55.182,0.9922,0.9925,2.90,1.20
2007.11.15 02:34:55.291,0.9923,0.9925,1.30,1.20
2007.11.15 02:34:55.398,0.9923,0.9925,1.30,1.20
2007.11.15 02:34:55.506,0.9922,0.9925,2.90,1.20
2007.11.15 02:34:55.613,0.9923,0.9925,0.80,1.20
2007.11.15 02:34:55.726,0.9923,0.9925,1.10,1.20
2007.11.15 02:34:55.833,0.9922,0.9925,2.90,1.20
2007.11.15 02:34:56.096,0.9922,0.9925,2.90,1.20
2007.11.15 02:34:56.360,0.9922,0.9925,2.90,1.20
2007.11.15 02:34:56.622,0.9922,0.9925,2.90,1.20
2007.11.15 02:34:56.884,0.9923,0.9925,0.70,1.20
2007.11.15 02:34:56.993,0.9922,0.9925,2.90,1.20
2007.11.15 02:34:57.100,0.9922,0.9925,2.90,1.20
2007.11.15 02:34:57.207,0.9923,0.9925,0.80,1.20
2007.11.15 02:34:57.315,0.9922,0.9925,2.90,1.20
2007.11.15 02:34:57.423,0.9922,0.9925,2.90,1.20
2007.11.15 02:34:57.530,0.9922,0.9925,2.90,1.20
2007.11.15 02:34:57.639,0.9923,0.9925,0.60,1.20
2007.11.15 02:34:57.746,0.9922,0.9925,2.90,1.20
2007.11.15 02:34:57.957,0.9922,0.9925,2.90,1.20
2007.11.15 02:34:58.183,0.9921,0.9925,5.60,1.20
2007.11.15 02:34:58.411,0.9921,0.9925,5.60,1.20
2007.11.15 02:34:58.638,0.9921,0.9925,5.60,1.20
2007.11.15 02:34:58.866,0.9921,0.9925,5.60,1.20
2007.11.15 02:34:59.094,0.9921,0.9925,5.60,1.20
2007.11.15 02:34:59.322,0.9921,0.9925,5.60,1.20
2007.11.15 02:34:59.535,0.9921,0.9925,5.60,1.20
2007.11.15 02:34:59.747,0.9922,0.9925,1.40,1.20
2007.11.15 02:34:59.961,0.9921,0.9925,5.60,1.20
2007.11.15 02:35:00.173,0.9922,0.9925,1.30,1.20
2007.11.15 02:35:00.306,0.9923,0.9925,0.50,1.20
2007.11.15 02:35:00.440,0.9923,0.9925,0.50,1.20
2007.11.15 02:35:00.572,0.9923,0.9925,0.50,1.20
2007.11.15 02:35:00.711,0.9922,0.9925,3.30,1.20
2007.11.15 02:35:00.843,0.9922,0.9925,3.30,1.20
2007.11.15 02:35:00.976,0.9922,0.9925,3.30,1.20
2007.11.15 02:35:01.108,0.9923,0.9925,0.50,1.20
2007.11.15 02:35:01.247,0.9923,0.9925,0.50,1.20
2007.11.15 02:35:01.489,0.9923,0.9925,0.50,1.20
2007.11.15 02:35:01.732,0.9923,0.9925,0.50,1.20
2007.11.15 02:35:01.974,0.9923,0.9925,0.50,1.20
2007.11.15 02:35:02.217,0.9922,0.9925,3.30,1.20
2007.11.15 02:35:02.329,0.9923,0.9925,0.50,1.20
2007.11.15 02:35:02.443,0.9922,0.9925,3.30,1.20
2007.11.15 02:35:02.555,0.9922,0.9925,3.30,1.20
2007.11.15 02:35:02.667,0.9922,0.9925,3.30,1.20
2007.11.15 02:35:02.785,0.9922,0.9925,3.30,1.20
2007.11.15 02:35:02.899,0.9922,0.9925,3.30,1.20
2007.11.15 02:35:03.012,0.9923,0.9925,0.50,1.20
2007.11.15 02:35:03.124,0.9923,0.9925,0.50,1.20
2007.11.15 02:35:03.237,0.9923,0.9925,0.50,1.20
2007.11.15 02:35:03.460,0.9923,0.9925,0.50,1.20
2007.11.15 02:35:03.683,0.9923,0.9925,0.50,1.20
2007.11.15 02:35:03.905,0.9923,0.9925,0.50,1.20
2007.11.15 02:35:04.128,0.9923,0.9925,0.50,1.20
2007.11.15 02:35:04.351,0.9923,0.9925,0.50,1.20
2007.11.15 02:35:04.565,0.9922,0.9925,3.30,1.20
2007.11.15 02:35:04.778,0.9923,0.9925,0.50,1.20
2007.11.15 02:35:04.991,0.9922,0.9925,3.30,1.20
2007.11.15 02:35:05.203,0.9923,0.9925,0.50,1.20
2007.11.15 02:35:05.415,0.9922,0.9925,3.30,1.20
2007.11.15 02:35:05.554,0.9923,0.9925,0.50,1.20
2007.11.15 02:35:05.691,0.9922,0.9925,3.30,1.20
2007.11.15 02:35:05.828,0.9923,0.9925,0.50,1.20
2007.11.15 02:35:05.967,0.9923,0.9925,0.50,1.20
2007.11.15 02:35:06.104,0.9922,0.9925,3.30,1.20
2007.11.15 02:35:06.246,0.9922,0.9925,3.30,1.20
2007.11.15 02:35:06.379,0.9922,0.9925,3.30,1.20
2007.11.15 02:35:06.517,0.9923,0.9925,0.50,1.20
2007.11.15 02:35:06.714,0.9923,0.9925,0.50,1.20
2007.11.15 02:35:06.912,0.9922,0.9925,3.30,1.20
2007.11.15 02:35:07.110,0.9922,0.9925,3.30,1.20
2007.11.15 02:35:07.307,0.9923,0.9925,0.50,1.20
2007.11.15 02:35:07.506,0.9923,0.9925,0.50,1.20
2007.11.15 02:35:07.653,0.9922,0.9925,3.30,1.20
2007.11.15 02:35:07.800,0.9922,0.9925,3.30,1.20
2007.11.15 02:35:07.949,0.9922,0.9925,3.30,1.20
2007.11.15 02:35:08.096,0.9922,0.9925,3.30,1.20
2007.11.15 02:35:08.244,0.9922,0.9925,3.30,1.20
2007.11.15 02:35:08.392,0.9922,0.9925,3.30,1.20
2007.11.15 02:35:08.540,0.9922,0.9925,3.30,1.20
2007.11.15 02:35:08.702,0.9923,0.9925,0.50,1.20
2007.11.15 02:35:08.866,0.9922,0.9925,3.30,1.20
2007.11.15 02:35:09.029,0.9922,0.9925,3.30,1.20
2007.11.15 02:35:09.193,0.9923,0.9925,0.50,1.20
2007.11.15 02:35:09.356,0.9922,0.9925,3.30,1.20
2007.11.15 02:35:09.518,0.9923,0.9925,0.50,1.20
2007.11.15 02:35:09.771,0.9923,0.9925,0.50,1.20
2007.11.15 02:35:10.023,0.9922,0.9925,3.30,1.20
2007.11.15 02:35:10.276,0.9922,0.9925,3.30,1.20
2007.11.15 02:35:10.529,0.9923,0.9925,0.50,1.20
2007.11.15 02:35:10.628,0.9922,0.9925,3.30,1.20
2007.11.15 02:35:10.725,0.9922,0.9925,3.30,1.20
2007.11.15 02:35:10.822,0.9922,0.9925,3.30,1.20
2007.11.15 02:35:10.927,0.9922,0.9925,3.30,1.20
2007.11.15 02:35:11.025,0.9923,0.9925,0.50,1.20
2007.11.15 02:35:11.122,0.9923,0.9925,0.50,1.20
2007.11.15 02:35:11.219,0.9923,0.9925,0.50,1.20
2007.11.15 02:35:11.318,0.9922,0.9925,3.30,1.20
2007.11.15 02:35:11.415,0.9923,0.9925,0.50,1.20
2007.11.15 02:35:11.513,0.9923,0.9925,0.50,1.20
2007.11.15 02:35:11.611,0.9923,0.9925,0.50,1.20
2007.11.15 02:35:11.864,0.9923,0.9925,0.50,1.20
2007.11.15 02:35:12.116,0.9922,0.9925,3.30,1.20
2007.11.15 02:35:12.369,0.9922,0.9925,3.30,1.20
2007.11.15 02:35:12.622,0.9922,0.9925,3.30,1.20
2007.11.15 02:35:12.740,0.9922,0.9925,3.30,1.20
2007.11.15 02:35:12.857,0.9923,0.9925,1.00,1.20
2007.11.15 02:35:12.980,0.9922,0.9925,3.30,1.20
2007.11.15 02:35:13.092,0.9923,0.9925,1.00,1.20
2007.11.15 02:35:13.211,0.9922,0.9925,3.30,1.20
2007.11.15 02:35:13.328,0.9923,0.9925,1.60,1.20
2007.11.15 02:35:13.446,0.9923,0.9925,0.70,1.20
2007.11.15 02:35:13.564,0.9922,0.9925,3.30,1.20
2007.11.15 02:35:13.682,0.9922,0.9925,3.30,1.20
2007.11.15 02:35:13.995,0.9922,0.9925,2.90,1.20
2007.11.15 02:35:14.308,0.9922,0.9925,2.90,1.20
2007.11.15 02:35:14.621,0.9922,0.9925,2.90,1.20
2007.11.15 02:35:14.934,0.9922,0.9925,2.90,1.20
2007.11.15 02:35:15.047,0.9922,0.9925,2.90,1.20
2007.11.15 02:35:15.160,0.9923,0.9925,1.50,1.20
2007.11.15 02:35:15.274,0.9923,0.9925,0.50,1.20
2007.11.15 02:35:15.386,0.9922,0.9925,2.90,1.20
2007.11.15 02:35:15.500,0.9922,0.9925,2.90,1.20
2007.11.15 02:35:15.612,0.9922,0.9925,2.90,1.20
2007.11.15 02:35:15.725,0.9922,0.9925,2.90,1.20
2007.11.15 02:35:15.897,0.9923,0.9925,0.60,1.20
2007.11.15 02:35:16.070,0.9922,0.9925,2.90,1.20
2007.11.15 02:35:16.244,0.9923,0.9925,0.90,1.20
2007.11.15 02:35:16.436,0.9923,0.9925,1.60,1.20
2007.11.15 02:35:16.609,0.9922,0.9925,2.90,1.20
2007.11.15 02:35:16.781,0.9922,0.9925,2.90,1.20
2007.11.15 02:35:16.934,0.9922,0.9925,2.90,1.20
2007.11.15 02:35:17.086,0.9922,0.9925,2.90,1.20
2007.11.15 02:35:17.239,0.9921,0.9925,5.60,1.20
2007.11.15 02:35:17.392,0.9921,0.9925,5.60,1.20
2007.11.15 02:35:17.545,0.9921,0.9925,5.60,1.20
2007.11.15 02:35:17.698,0.9921,0.9925,5.60,1.20
2007.11.15 02:35:17.851,0.9921,0.9925,5.60,1.20
2007.11.15 02:35:18.028,0.9921,0.9925,5.60,1.20
2007.11.15 02:35:18.206,0.9922,0.9925,1.60,1.20
2007.11.15 02:35:18.383,0.9922,0.9925,1.30,1.20
2007.11.15 02:35:18.576,0.9921,0.9925,5.60,1.20
2007.11.15 02:35:18.753,0.9921,0.9925,5.60,1.20
2007.11.15 02:35:18.932,0.9922,0.9925,0.50,1.20
2007.11.15 02:35:19.199,0.9921,0.9925,5.60,1.20
2007.11.15 02:35:19.466,0.9921,0.9925,5.60,1.20
2007.11.15 02:35:19.734,0.9921,0.9925,5.60,1.20
2007.11.15 02:35:20.001,0.9922,0.9925,2.80,1.20
2007.11.15 02:35:20.109,0.9922,0.9925,2.80,1.20
2007.11.15 02:35:20.217,0.9922,0.9925,2.80,1.20
2007.11.15 02:35:20.325,0.9922,0.9925,2.80,1.20
2007.11.15 02:35:20.432,0.9922,0.9925,2.80,1.20
2007.11.15 02:35:20.541,0.9922,0.9925,2.80,1.20
2007.11.15 02:35:20.647,0.9922,0.9925,2.80,1.20
2007.11.15 02:35:20.755,0.9922,0.9925,2.80,1.20
2007.11.15 02:35:20.863,0.9922,0.9925,2.80,1.20
2007.11.15 02:35:20.972,0.9922,0.9925,2.80,1.20
2007.11.15 02:35:21.079,0.9922,0.9925,2.80,1.20
2007.11.15 02:35:21.331,0.9922,0.9925,2.80,1.20
2007.11.15 02:35:21.583,0.9922,0.9925,2.80,1.20
2007.11.15 02:35:21.837,0.9923,0.9925,0.50,0.80
2007.11.15 02:35:22.089,0.9923,0.9925,0.50,0.80
2007.11.15 02:35:22.246,0.9923,0.9925,0.50,0.80
2007.11.15 02:35:22.403,0.9923,0.9925,0.50,0.80
2007.11.15 02:35:22.595,0.9923,0.9925,0.50,0.80
2007.11.15 02:35:22.752,0.9923,0.9925,0.50,0.80
2007.11.15 02:35:22.910,0.9923,0.9925,0.50,0.80
2007.11.15 02:35:23.067,0.9923,0.9925,0.50,0.80
2007.11.15 02:35:23.225,0.9923,0.9925,0.50,0.80
2007.11.15 02:35:23.444,0.9923,0.9925,0.50,0.80
2007.11.15 02:35:23.662,0.9923,0.9925,0.50,0.80
2007.11.15 02:35:23.880,0.9923,0.9925,0.50,0.80
2007.11.15 02:35:24.003,0.9923,0.9926,0.50,5.30
2007.11.15 02:35:24.097,0.9923,0.9925,0.50,0.80
2007.11.15 02:35:24.336,0.9923,0.9925,0.50,0.80
2007.11.15 02:35:24.574,0.9923,0.9925,0.50,0.80
2007.11.15 02:35:24.811,0.9923,0.9926,0.50,5.30
2007.11.15 02:35:25.054,0.9923,0.9925,0.50,0.80
2007.11.15 02:35:25.292,0.9923,0.9926,0.50,5.30
2007.11.15 02:35:25.470,0.9923,0.9926,0.50,5.30
2007.11.15 02:35:25.648,0.9923,0.9925,0.50,0.80
2007.11.15 02:35:25.825,0.9923,0.9926,0.50,5.30
2007.11.15 02:35:26.002,0.9923,0.9925,0.50,0.80
2007.11.15 02:35:26.179,0.9923,0.9926,0.50,5.30
2007.11.15 02:35:26.387,0.9923,0.9925,0.50,0.80
2007.11.15 02:35:26.594,0.9923,0.9926,0.50,5.30
2007.11.15 02:35:26.802,0.9923,0.9926,0.50,5.30
2007.11.15 02:35:27.009,0.9923,0.9925,0.50,0.80
2007.11.15 02:35:27.217,0.9923,0.9926,0.50,5.30
2007.11.15 02:35:27.370,0.9923,0.9926,0.50,5.30
2007.11.15 02:35:27.523,0.9923,0.9926,0.50,5.30
2007.11.15 02:35:27.676,0.9923,0.9925,0.50,0.80
2007.11.15 02:35:27.829,0.9923,0.9926,0.50,5.30
2007.11.15 02:35:27.981,0.9923,0.9926,0.50,5.30
2007.11.15 02:35:28.134,0.9923,0.9925,0.50,0.80
2007.11.15 02:35:28.287,0.9923,0.9926,0.50,5.30
2007.11.15 02:35:28.440,0.9923,0.9925,0.50,0.80
2007.11.15 02:35:28.751,0.9923,0.9926,0.50,5.30
2007.11.15 02:35:29.009,0.9923,0.9925,0.50,0.80
2007.11.15 02:35:29.267,0.9923,0.9925,0.50,0.80
2007.11.15 02:35:29.525,0.9923,0.9926,0.50,5.30
2007.11.15 02:35:29.758,0.9923,0.9926,0.50,5.30
2007.11.15 02:35:29.991,0.9923,0.9926,0.50,5.30
2007.11.15 02:35:30.225,0.9923,0.9925,0.50,0.80
2007.11.15 02:35:30.459,0.9923,0.9926,0.50,5.30
2007.11.15 02:35:30.627,0.9923,0.9926,0.50,5.30
2007.11.15 02:35:30.790,0.9923,0.9925,0.50,0.80
2007.11.15 02:35:30.952,0.9923,0.9926,0.50,5.30
2007.11.15 02:35:31.114,0.9923,0.9925,0.50,0.80
2007.11.15 02:35:31.278,0.9923,0.9926,0.50,5.30
2007.11.15 02:35:31.440,0.9923,0.9926,0.50,5.30
2007.11.15 02:35:31.603,0.9923,0.9926,0.50,5.30
2007.11.15 02:35:31.791,0.9923,0.9925,0.50,0.80
2007.11.15 02:35:31.979,0.9923,0.9926,0.50,5.30
2007.11.15 02:35:32.167,0.9923,0.9925,0.50,0.80
2007.11.15 02:35:32.355,0.9923,0.9925,0.50,0.50
2007.11.15 02:35:32.543,0.9923,0.9925,0.50,0.70
2007.11.15 02:35:32.731,0.9923,0.99255,0.50,2.00
2007.11.15 02:35:32.933,0.9923,0.99255,0.50,2.00
2007.11.15 02:35:33.136,0.9923,0.99255,0.50,2.00
2007.11.15 02:35:33.339,0.9923,0.99255,0.50,2.00
2007.11.15 02:35:33.542,0.9923,0.99255,0.50,2.00
2007.11.15 02:35:33.745,0.9923,0.9925,0.50,0.60
2007.11.15 02:35:33.953,0.9923,0.9926,0.50,5.20
2007.11.15 02:35:34.161,0.9923,0.9926,0.50,5.20
2007.11.15 02:35:34.368,0.9923,0.9926,0.50,5.20
2007.11.15 02:35:34.580,0.9923,0.9925,0.50,0.80
2007.11.15 02:35:34.912,0.9923,0.9926,0.50,0.50
2007.11.15 02:35:35.163,0.9923,0.99265,0.50,2.00
2007.11.15 02:35:35.416,0.9923,0.9926,0.50,0.60
2007.11.15 02:35:35.669,0.9923,0.99265,0.50,2.00
2007.11.15 02:35:35.822,0.9923,0.9926,0.50,0.80
2007.11.15 02:35:35.975,0.9923,0.99265,0.50,2.00
2007.11.15 02:35:36.127,0.9923,0.99265,0.50,2.00
2007.11.15 02:35:36.280,0.9923,0.99265,0.50,2.00
2007.11.15 02:35:36.433,0.9923,0.9926,0.50,0.60
2007.11.15 02:35:36.585,0.9923,0.9926,0.50,0.70
2007.11.15 02:35:36.738,0.9923,0.9926,0.50,0.80
2007.11.15 02:35:36.931,0.9923,0.99265,0.50,2.00
2007.11.15 02:35:37.124,0.9923,0.9926,0.50,0.70
2007.11.15 02:35:37.317,0.9923,0.99255,0.50,1.30
2007.11.15 02:35:37.509,0.9923,0.99255,0.50,1.30
2007.11.15 02:35:37.702,0.9923,0.9925,0.50,0.50
2007.11.15 02:35:37.895,0.9923,0.99255,0.50,1.30
2007.11.15 02:35:38.082,0.9923,0.99255,0.50,1.30
2007.11.15 02:35:38.270,0.9923,0.99255,0.50,1.30
2007.11.15 02:35:38.458,0.9923,0.9925,0.50,0.50
2007.11.15 02:35:38.646,0.9923,0.99255,0.50,1.30
2007.11.15 02:35:38.834,0.9923,0.9925,0.50,0.50
2007.11.15 02:35:38.991,0.9923,0.9925,0.50,0.50
2007.11.15 02:35:39.149,0.9923,0.99255,0.50,1.30
2007.11.15 02:35:39.307,0.9923,0.9925,0.50,0.50
2007.11.15 02:35:39.464,0.9923,0.9925,0.50,0.50
2007.11.15 02:35:39.622,0.9923,0.99255,0.50,1.30
2007.11.15 02:35:39.779,0.9923,0.99255,0.50,1.30
2007.11.15 02:35:40.062,0.9923,0.99255,0.50,1.30
2007.11.15 02:35:40.344,0.9923,0.99255,0.50,1.30
2007.11.15 02:35:40.628,0.9923,0.9925,0.50,0.50
2007.11.15 02:35:40.910,0.9923,0.9925,0.50,0.50
2007.11.15 02:35:41.076,0.9923,0.9925,0.50,0.50
2007.11.15 02:35:41.183,0.9923,0.9925,0.50,0.50
2007.11.15 02:35:41.291,0.9923,0.9925,0.50,0.50
2007.11.15 02:35:41.399,0.9923,0.99255,0.50,1.30
2007.11.15 02:35:41.505,0.9923,0.99255,0.50,1.30
2007.11.15 02:35:41.613,0.9923,0.99255,0.50,1.30
2007.11.15 02:35:41.721,0.9923,0.99255,0.50,1.30
2007.11.15 02:35:41.829,0.9923,0.99255,0.50,1.30
2007.11.15 02:35:42.007,0.9923,0.99255,0.50,1.30
2007.11.15 02:35:42.184,0.9923,0.99255,0.50,1.30
2007.11.15 02:35:42.363,0.9923,0.99255,0.50,1.30
2007.11.15 02:35:42.540,0.9923,0.99255,0.50,1.30
2007.11.15 02:35:42.718,0.9923,0.9925,0.50,0.50
2007.11.15 02:35:42.895,0.9923,0.9925,0.50,0.50
2007.11.15 02:35:43.079,0.9922,0.99255,1.00,1.80
2007.11.15 02:35:43.252,0.9922,0.99255,1.00,2.00
2007.11.15 02:35:43.429,0.9922,0.99255,1.00,2.00
2007.11.15 02:35:43.612,0.9922,0.99255,1.00,2.00
2007.11.15 02:35:43.790,0.9922,0.99255,1.00,2.00
2007.11.15 02:35:43.967,0.9922,0.99255,1.00,2.00
2007.11.15 02:35:44.240,0.9922,0.99255,1.00,2.00
2007.11.15 02:35:44.513,0.9922,0.99255,1.00,2.00
2007.11.15 02:35:44.785,0.9922,0.99255,1.00,2.00
2007.11.15 02:35:45.059,0.9923,0.9925,0.50,0.50
2007.11.15 02:35:45.156,0.9923,0.9925,0.50,0.80
2007.11.15 02:35:45.253,0.9922,0.99255,1.00,2.00
2007.11.15 02:35:45.351,0.9922,0.99255,1.00,2.00
2007.11.15 02:35:45.450,0.9922,0.99255,1.00,2.00
2007.11.15 02:35:45.547,0.9922,0.99255,1.00,2.00
2007.11.15 02:35:45.644,0.9923,0.9925,0.50,0.50
2007.11.15 02:35:45.743,0.9923,0.9925,0.50,0.60
2007.11.15 02:35:45.841,0.9922,0.99255,1.00,2.00
2007.11.15 02:35:45.938,0.9923,0.9925,0.50,0.70
2007.11.15 02:35:46.036,0.9923,0.9925,0.50,0.50
2007.11.15 02:35:46.134,0.9923,0.9925,0.50,0.80
2007.11.15 02:35:46.401,0.9923,0.9925,0.50,0.80
2007.11.15 02:35:46.668,0.9922,0.99255,1.00,2.00
2007.11.15 02:35:46.937,0.9922,0.99255,1.00,2.00
2007.11.15 02:35:47.237,0.9922,0.99255,1.00,2.00
2007.11.15 02:35:47.324,0.9922,0.99255,1.00,2.00
2007.11.15 02:35:47.413,0.9923,0.9925,0.50,0.80
2007.11.15 02:35:47.501,0.9922,0.99255,1.00,2.00
2007.11.15 02:35:47.589,0.9922,0.99255,1.00,2.00
2007.11.15 02:35:47.677,0.9922,0.99255,1.00,2.00
2007.11.15 02:35:47.772,0.9922,0.99255,1.00,2.00
2007.11.15 02:35:47.858,0.9922,0.99255,1.00,2.00
2007.11.15 02:35:47.946,0.9922,0.99255,1.00,2.00
2007.11.15 02:35:48.034,0.9922,0.99255,1.00,2.00
2007.11.15 02:35:48.122,0.9923,0.9925,0.50,0.70
2007.11.15 02:35:48.210,0.9922,0.99255,1.00,2.00
2007.11.15 02:35:48.297,0.9923,0.9925,0.50,0.50
2007.11.15 02:35:48.569,0.9922,0.99255,1.00,2.00
2007.11.15 02:35:48.843,0.9922,0.99255,1.00,2.00
2007.11.15 02:35:49.116,0.9923,0.9925,0.50,0.50
2007.11.15 02:35:49.388,0.9922,0.99255,1.00,2.00
2007.11.15 02:35:49.596,0.9923,0.9925,0.50,0.70
2007.11.15 02:35:49.804,0.9923,0.9925,0.50,0.80
2007.11.15 02:35:50.011,0.9922,0.99255,1.00,2.00
2007.11.15 02:35:50.218,0.9922,0.99255,1.00,2.00
2007.11.15 02:35:50.427,0.9922,0.99255,1.00,2.00
2007.11.15 02:35:50.575,0.9923,0.9925,0.50,0.90
2007.11.15 02:35:50.722,0.9923,0.9925,0.50,0.90
2007.11.15 02:35:50.871,0.9922,0.99255,1.00,2.00
2007.11.15 02:35:51.018,0.9922,0.99255,1.00,2.00
2007.11.15 02:35:51.167,0.9922,0.99255,1.00,2.00
2007.11.15 02:35:51.314,0.9922,0.99255,1.00,2.00
2007.11.15 02:35:51.463,0.9922,0.99255,1.00,2.00
2007.11.15 02:35:51.655,0.9923,0.9925,0.50,0.70
2007.11.15 02:35:51.850,0.9922,0.99255,1.00,2.00
2007.11.15 02:35:52.043,0.9923,0.9925,0.50,0.70
2007.11.15 02:35:52.237,0.9923,0.9925,0.60,0.90
2007.11.15 02:35:52.431,0.9923,0.9925,1.00,0.80
2007.11.15 02:35:52.624,0.9922,0.9925,4.00,0.80
2007.11.15 02:35:52.812,0.9922,0.9925,2.50,0.80
2007.11.15 02:35:52.999,0.9923,0.9925,0.50,0.80
2007.11.15 02:35:53.188,0.9923,0.9925,0.50,0.80
2007.11.15 02:35:53.404,0.9923,0.9925,0.50,0.80
2007.11.15 02:35:53.593,0.9922,0.9925,2.50,0.80
2007.11.15 02:35:53.800,0.9922,0.9925,2.50,0.80
2007.11.15 02:35:54.007,0.9922,0.9925,2.50,0.80
2007.11.15 02:35:54.215,0.9923,0.9925,0.50,0.80
2007.11.15 02:35:54.423,0.9923,0.9925,0.50,0.80
2007.11.15 02:35:54.631,0.9922,0.9925,2.50,0.80
2007.11.15 02:35:54.888,0.9922,0.9925,2.50,0.80
2007.11.15 02:35:55.145,0.9922,0.9925,2.50,0.80
2007.11.15 02:35:55.402,0.9923,0.9925,0.50,0.80
2007.11.15 02:35:55.660,0.9922,0.9925,2.50,0.80
2007.11.15 02:35:55.784,0.9923,0.9925,0.50,0.80
2007.11.15 02:35:55.906,0.9923,0.9925,0.50,0.80
2007.11.15 02:35:56.034,0.9923,0.9925,0.50,0.80
2007.11.15 02:35:56.158,0.9922,0.9925,2.50,0.80
2007.11.15 02:35:56.280,0.9922,0.9925,2.50,0.80
2007.11.15 02:35:56.403,0.9923,0.9925,0.50,0.80
2007.11.15 02:35:56.525,0.9922,0.9925,2.50,0.80
2007.11.15 02:35:56.648,0.9922,0.9925,2.50,0.80
2007.11.15 02:35:56.770,0.9922,0.9925,2.50,0.80
2007.11.15 02:35:57.078,0.9922,0.9925,2.50,0.80
2007.11.15 02:35:57.386,0.9922,0.9925,2.50,0.80
2007.11.15 02:35:57.695,0.9923,0.9925,0.50,0.80
2007.11.15 02:35:57.848,0.9922,0.9925,2.50,0.80
2007.11.15 02:35:58.002,0.9923,0.9925,0.50,0.80
2007.11.15 02:35:58.154,0.9922,0.9925,2.50,0.80
2007.11.15 02:35:58.307,0.9922,0.9925,2.50,0.80
2007.11.15 02:35:58.461,0.9922,0.9925,2.50,0.80
2007.11.15 02:35:58.613,0.9922,0.9925,2.50,0.80
2007.11.15 02:35:58.765,0.9922,0.9925,2.50,0.80
2007.11.15 02:35:58.978,0.9922,0.9925,2.50,0.80
2007.11.15 02:35:59.191,0.9922,0.9925,2.50,0.80
2007.11.15 02:35:59.403,0.9922,0.9925,2.50,0.80
2007.11.15 02:35:59.616,0.9922,0.9925,2.50,0.80
2007.11.15 02:35:59.829,0.9923,0.9925,0.50,0.80
2007.11.15 02:36:00.046,0.9923,0.9925,0.50,0.80
2007.11.15 02:36:00.265,0.9922,0.9925,2.50,0.80
2007.11.15 02:36:00.482,0.9923,0.9925,0.50,0.80
2007.11.15 02:36:00.701,0.9923,0.9925,0.50,0.80
2007.11.15 02:36:00.918,0.9922,0.9925,2.50,0.80
2007.11.15 02:36:01.066,0.9922,0.9925,2.50,0.80
2007.11.15 02:36:01.213,0.9922,0.9925,2.50,0.80
2007.11.15 02:36:01.361,0.9922,0.9925,2.50,0.80
2007.11.15 02:36:01.508,0.9922,0.9925,2.50,0.80
2007.11.15 02:36:01.656,0.9922,0.9925,2.50,0.80
2007.11.15 02:36:01.804,0.9922,0.9925,2.50,0.80
2007.11.15 02:36:01.951,0.9922,0.9925,2.50,0.80
2007.11.15 02:36:02.139,0.9923,0.9925,0.50,0.80
2007.11.15 02:36:02.327,0.9922,0.9925,2.50,0.80
2007.11.15 02:36:02.514,0.9922,0.9925,2.50,0.80
2007.11.15 02:36:02.702,0.9923,0.9925,0.50,0.80
2007.11.15 02:36:02.889,0.9923,0.9925,0.50,0.80
2007.11.15 02:36:03.077,0.9922,0.9925,2.50,0.80
2007.11.15 02:36:03.241,0.9923,0.9925,0.50,0.80
2007.11.15 02:36:03.403,0.9922,0.9925,2.50,0.80
2007.11.15 02:36:03.566,0.9923,0.9925,0.50,0.80
2007.11.15 02:36:03.729,0.9922,0.9925,2.50,0.80
2007.11.15 02:36:03.892,0.9923,0.9925,0.50,0.80
2007.11.15 02:36:04.055,0.9922,0.9925,2.50,0.80
2007.11.15 02:36:04.212,0.9923,0.9925,0.50,0.80
2007.11.15 02:36:04.377,0.9922,0.9925,2.50,0.80
2007.11.15 02:36:04.529,0.9923,0.9925,0.50,0.80
2007.11.15 02:36:04.686,0.9923,0.9925,0.50,0.80
2007.11.15 02:36:04.844,0.9923,0.9925,0.50,0.80
2007.11.15 02:36:05.002,0.9922,0.9925,2.50,0.80
2007.11.15 02:36:05.265,0.9923,0.9925,0.50,0.80
2007.11.15 02:36:05.527,0.9923,0.9925,0.50,0.80
2007.11.15 02:36:05.789,0.9923,0.9925,0.50,0.80
2007.11.15 02:36:06.052,0.9922,0.9925,2.50,0.80
2007.11.15 02:36:06.150,0.9923,0.9925,0.50,0.80
2007.11.15 02:36:06.248,0.9922,0.9925,2.50,0.80
2007.11.15 02:36:06.346,0.9923,0.9925,0.50,0.80
2007.11.15 02:36:06.448,0.9922,0.9925,2.50,0.80
2007.11.15 02:36:06.545,0.9922,0.9925,2.50,0.80
2007.11.15 02:36:06.643,0.9922,0.9925,2.50,0.80
2007.11.15 02:36:06.741,0.9922,0.9925,2.50,0.80
2007.11.15 02:36:06.838,0.9923,0.9925,0.50,0.80
2007.11.15 02:36:06.935,0.9922,0.9925,2.50,0.80
2007.11.15 02:36:07.033,0.9922,0.9925,2.50,0.80
2007.11.15 02:36:07.276,0.9923,0.9925,0.50,0.80
2007.11.15 02:36:07.519,0.9923,0.9925,0.50,0.80
2007.11.15 02:36:07.763,0.9923,0.9925,0.50,0.80
2007.11.15 02:36:08.005,0.9922,0.9925,2.50,0.80
2007.11.15 02:36:08.248,0.9923,0.9925,0.50,0.80
2007.11.15 02:36:08.377,0.9923,0.9925,0.50,0.80
2007.11.15 02:36:08.504,0.9923,0.9925,0.50,0.80
2007.11.15 02:36:08.631,0.9923,0.9925,0.50,0.80
2007.11.15 02:36:08.759,0.9922,0.9925,2.50,0.80
2007.11.15 02:36:08.887,0.9922,0.9925,2.50,0.80
2007.11.15 02:36:09.015,0.9922,0.9925,2.50,0.80
2007.11.15 02:36:09.142,0.9922,0.9925,2.50,0.80
2007.11.15 02:36:09.425,0.9923,0.9925,0.50,0.80
2007.11.15 02:36:09.708,0.9922,0.9925,2.50,0.80
2007.11.15 02:36:09.990,0.9922,0.9925,2.50,0.80
2007.11.15 02:36:10.273,0.9922,0.9925,2.50,0.80
2007.11.15 02:36:10.405,0.9923,0.9925,0.50,0.80
2007.11.15 02:36:10.538,0.9923,0.9925,0.50,0.80
2007.11.15 02:36:10.670,0.9922,0.9925,2.50,0.80
2007.11.15 02:36:10.809,0.9922,0.9925,2.50,0.80
2007.11.15 02:36:10.941,0.9922,0.9925,2.50,0.80
2007.11.15 02:36:11.074,0.9923,0.9925,0.50,0.80
2007.11.15 02:36:11.206,0.9923,0.9925,0.50,0.80
2007.11.15 02:36:11.394,0.9922,0.9925,2.50,0.80
2007.11.15 02:36:11.582,0.9923,0.9925,0.50,0.80
2007.11.15 02:36:11.882,0.9923,0.9925,0.50,0.80
2007.11.15 02:36:12.069,0.9923,0.9925,0.50,0.80
2007.11.15 02:36:12.257,0.9923,0.9925,0.50,0.80
2007.11.15 02:36:12.410,0.9923,0.9925,0.50,0.80
2007.11.15 02:36:12.562,0.9923,0.9925,0.50,0.80
2007.11.15 02:36:12.715,0.9923,0.9925,0.50,0.80
2007.11.15 02:36:12.867,0.9923,0.9925,0.50,0.80
2007.11.15 02:36:13.020,0.9923,0.9925,0.50,0.80
2007.11.15 02:36:13.173,0.9923,0.9925,0.50,0.80
2007.11.15 02:36:13.330,0.9923,0.9925,0.50,0.80
2007.11.15 02:36:13.488,0.9923,0.9925,0.50,0.80
2007.11.15 02:36:13.645,0.9923,0.9925,0.50,0.80
2007.11.15 02:36:13.803,0.9923,0.9925,0.50,0.80
2007.11.15 02:36:13.961,0.9923,0.9925,0.50,0.80
2007.11.15 02:36:14.120,0.9923,0.9925,0.50,0.80
2007.11.15 02:36:14.278,0.9923,0.9925,0.50,0.80
2007.11.15 02:36:14.598,0.9923,0.9925,0.50,0.80
2007.11.15 02:36:14.915,0.9923,0.9925,0.50,0.80
2007.11.15 02:36:15.233,0.9923,0.9925,0.50,0.80
2007.11.15 02:36:15.551,0.9923,0.9925,0.50,0.80
2007.11.15 02:36:15.688,0.9923,0.9925,0.50,0.80
2007.11.15 02:36:15.826,0.9923,0.9925,0.50,0.80
2007.11.15 02:36:15.964,0.9923,0.9925,0.50,0.80
2007.11.15 02:36:16.102,0.9923,0.9925,0.50,0.80
2007.11.15 02:36:16.240,0.9923,0.9925,0.50,0.80
2007.11.15 02:36:16.438,0.9923,0.9925,0.50,0.80
2007.11.15 02:36:16.636,0.9923,0.9925,0.50,0.80
2007.11.15 02:36:16.834,0.9923,0.9925,0.50,0.80
2007.11.15 02:36:17.032,0.9923,0.9925,0.50,0.80
2007.11.15 02:36:17.228,0.9923,0.9925,0.50,0.80
2007.11.15 02:36:17.425,0.9923,0.9925,0.50,0.80
2007.11.15 02:36:17.583,0.9923,0.9925,0.50,0.80
2007.11.15 02:36:17.741,0.9923,0.9925,0.50,0.80
2007.11.15 02:36:18.046,0.9923,0.9925,0.50,0.80
2007.11.15 02:36:18.203,0.9923,0.9925,0.50,0.80
2007.11.15 02:36:18.362,0.9923,0.9925,0.50,0.80
2007.11.15 02:36:18.517,0.9923,0.9925,0.50,0.80
2007.11.15 02:36:18.673,0.9923,0.9925,0.50,0.80
2007.11.15 02:36:18.827,0.9923,0.9925,0.50,0.80
2007.11.15 02:36:18.981,0.9923,0.9925,0.50,0.80
2007.11.15 02:36:19.139,0.9923,0.9925,0.50,0.80
2007.11.15 02:36:19.293,0.9923,0.9925,0.50,0.80
2007.11.15 02:36:19.445,0.9923,0.9925,0.50,0.80
2007.11.15 02:36:19.747,0.9923,0.9925,0.50,0.80
2007.11.15 02:36:20.050,0.9923,0.9925,0.50,0.80
2007.11.15 02:36:20.353,0.9923,0.9925,0.50,0.80
2007.11.15 02:36:20.446,0.9923,0.9925,0.50,0.80
2007.11.15 02:36:20.454,0.9923,0.9926,0.50,5.30
2007.11.15 02:36:20.538,0.9923,0.9925,0.50,0.80
2007.11.15 02:36:20.631,0.9923,0.9926,0.50,5.30
2007.11.15 02:36:20.727,0.9923,0.9926,0.50,5.30
2007.11.15 02:36:20.821,0.9923,0.9926,0.50,5.30
2007.11.15 02:36:20.914,0.9923,0.9926,0.50,5.30
2007.11.15 02:36:21.007,0.9923,0.9926,0.50,5.30
2007.11.15 02:36:21.098,0.9923,0.9926,0.50,5.30
2007.11.15 02:36:21.192,0.9923,0.9926,1.20,5.30
2007.11.15 02:36:21.286,0.9924,0.9925,0.50,0.80
2007.11.15 02:36:21.378,0.9924,0.9926,0.50,4.80
2007.11.15 02:36:21.684,0.9924,0.9925,0.50,0.80
2007.11.15 02:36:21.987,0.9924,0.9925,0.50,0.80
2007.11.15 02:36:22.290,0.9924,0.9925,0.50,0.80
2007.11.15 02:36:22.593,0.9924,0.9926,0.50,4.80
2007.11.15 02:36:22.731,0.9924,0.9925,0.50,0.80
2007.11.15 02:36:22.869,0.9924,0.9926,0.50,4.80
2007.11.15 02:36:23.006,0.9924,0.9926,0.50,4.80
2007.11.15 02:36:23.144,0.9924,0.9926,0.50,4.80
2007.11.15 02:36:23.282,0.9924,0.9926,0.50,4.80
2007.11.15 02:36:23.421,0.9924,0.9926,0.50,4.80
2007.11.15 02:36:23.559,0.9924,0.9926,0.50,4.80
2007.11.15 02:36:23.697,0.9923,0.9925,1.20,0.80
2007.11.15 02:36:23.930,0.9923,0.9925,1.20,0.80
2007.11.15 02:36:24.206,0.9923,0.9926,1.20,3.20
2007.11.15 02:36:24.439,0.9923,0.9925,1.20,0.80
2007.11.15 02:36:24.679,0.9923,0.9925,1.20,0.80
2007.11.15 02:36:24.934,0.9923,0.9925,1.20,0.80
2007.11.15 02:36:25.197,0.9923,0.9926,1.20,3.20
2007.11.15 02:36:25.460,0.9923,0.9927,1.20,5.20
2007.11.15 02:36:25.724,0.9923,0.9926,1.20,0.80
2007.11.15 02:36:25.842,0.9923,0.9927,1.20,5.20
2007.11.15 02:36:25.960,0.9923,0.9927,1.20,5.20
2007.11.15 02:36:26.077,0.9923,0.9927,1.20,5.20
2007.11.15 02:36:26.195,0.9923,0.9927,1.20,5.20
2007.11.15 02:36:26.313,0.9923,0.9927,1.20,5.20
2007.11.15 02:36:26.431,0.9923,0.9927,1.20,5.20
2007.11.15 02:36:26.548,0.9923,0.9926,1.20,0.80
2007.11.15 02:36:26.666,0.9923,0.9927,1.20,5.20
2007.11.15 02:36:26.784,0.9923,0.9927,1.20,5.20
2007.11.15 02:36:27.002,0.9923,0.9926,1.20,0.80
2007.11.15 02:36:27.219,0.9923,0.9926,1.20,0.80
2007.11.15 02:36:27.437,0.9923,0.9926,1.20,0.80
2007.11.15 02:36:27.655,0.9923,0.9926,1.20,0.80
2007.11.15 02:36:27.872,0.9923,0.9926,1.20,0.80
2007.11.15 02:36:28.004,0.9923,0.9926,1.20,0.80
2007.11.15 02:36:28.137,0.9923,0.9927,1.20,5.20
2007.11.15 02:36:28.270,0.9923,0.9927,1.20,5.20
2007.11.15 02:36:28.403,0.9923,0.9926,1.20,0.80
2007.11.15 02:36:28.536,0.9923,0.9926,1.20,0.80
2007.11.15 02:36:28.669,0.9923,0.9927,1.20,5.20
2007.11.15 02:36:28.801,0.9923,0.9927,1.20,5.20
2007.11.15 02:36:28.935,0.9923,0.9926,1.20,0.80
2007.11.15 02:36:29.148,0.9923,0.9927,1.20,5.20
2007.11.15 02:36:29.361,0.9923,0.9926,1.20,0.80
2007.11.15 02:36:29.574,0.9923,0.9927,1.20,5.20
2007.11.15 02:36:29.786,0.9923,0.9927,1.20,5.20
2007.11.15 02:36:29.999,0.9923,0.9927,1.20,5.20
2007.11.15 02:36:30.362,0.9923,0.9927,1.20,5.20
2007.11.15 02:36:30.575,0.9923,0.9926,1.20,0.80
2007.11.15 02:36:30.789,0.9923,0.9927,1.20,5.20
2007.11.15 02:36:31.002,0.9923,0.9927,1.20,5.20
2007.11.15 02:36:31.215,0.9923,0.9926,1.20,0.80
2007.11.15 02:36:31.322,0.9923,0.9927,1.20,5.20
2007.11.15 02:36:31.430,0.9923,0.9926,1.20,0.80
2007.11.15 02:36:31.538,0.9923,0.9927,1.20,5.20
2007.11.15 02:36:31.645,0.9923,0.9926,1.20,0.80
2007.11.15 02:36:31.752,0.9923,0.9927,1.20,5.20
2007.11.15 02:36:31.861,0.9923,0.9926,1.20,0.80
2007.11.15 02:36:31.969,0.9923,0.9926,1.20,0.80
2007.11.15 02:36:32.077,0.9923,0.9926,1.20,0.80
2007.11.15 02:36:32.329,0.9923,0.9927,1.20,5.20
2007.11.15 02:36:32.581,0.9923,0.9927,1.20,5.20
2007.11.15 02:36:32.834,0.9923,0.9927,1.20,5.20
2007.11.15 02:36:33.086,0.9923,0.9927,1.20,5.20
2007.11.15 02:36:33.194,0.9923,0.9927,1.20,5.20
2007.11.15 02:36:33.302,0.9923,0.9926,1.20,0.80
2007.11.15 02:36:33.409,0.9923,0.9927,1.20,5.20
2007.11.15 02:36:33.516,0.9923,0.9926,1.20,0.80
2007.11.15 02:36:33.624,0.9923,0.9926,1.20,0.80
2007.11.15 02:36:33.731,0.9923,0.9926,1.20,0.80
2007.11.15 02:36:33.838,0.9923,0.9926,1.20,0.80
2007.11.15 02:36:33.947,0.9923,0.9926,1.20,0.80
2007.11.15 02:36:34.055,0.9923,0.9927,1.20,5.20
2007.11.15 02:36:34.283,0.9923,0.9926,1.20,0.80
2007.11.15 02:36:34.510,0.9923,0.9927,1.20,5.20
2007.11.15 02:36:34.738,0.9923,0.9927,1.20,5.20
2007.11.15 02:36:34.967,0.9923,0.9926,1.20,0.80
2007.11.15 02:36:35.194,0.9923,0.9927,1.20,5.20
2007.11.15 02:36:35.436,0.9923,0.9927,1.20,5.20
2007.11.15 02:36:35.679,0.9923,0.9927,1.20,5.20
2007.11.15 02:36:35.922,0.9923,0.9927,3.60,4.80
2007.11.15 02:36:36.166,0.9923,0.9926,3.60,0.80
2007.11.15 02:36:36.288,0.9923,0.9927,3.60,4.80
2007.11.15 02:36:36.529,0.9923,0.9926,3.60,0.80
2007.11.15 02:36:36.651,0.9923,0.9927,3.60,4.80
2007.11.15 02:36:36.774,0.9923,0.9926,3.60,0.80
2007.11.15 02:36:36.897,0.9923,0.9927,3.60,4.80
2007.11.15 02:36:37.022,0.9923,0.9927,3.60,4.80
2007.11.15 02:36:37.146,0.9923,0.9927,3.60,4.80
2007.11.15 02:36:37.340,0.9923,0.9926,3.60,0.80
2007.11.15 02:36:37.532,0.9923,0.9926,3.60,0.80
2007.11.15 02:36:37.731,0.9924,0.9927,0.80,4.80
2007.11.15 02:36:37.918,0.9924,0.9926,1.20,0.80
2007.11.15 02:36:38.110,0.9924,0.9926,1.20,0.80
2007.11.15 02:36:38.306,0.9924,0.9926,0.50,0.80
2007.11.15 02:36:38.495,0.9924,0.9927,0.50,4.80
2007.11.15 02:36:38.682,0.9924,0.9927,0.50,4.80
2007.11.15 02:36:38.872,0.9924,0.9927,0.50,4.80
2007.11.15 02:36:39.060,0.9924,0.9927,0.50,4.80
2007.11.15 02:36:39.247,0.9924,0.9927,0.50,4.80
2007.11.15 02:36:39.515,0.9924,0.9927,0.50,4.80
2007.11.15 02:36:39.782,0.9924,0.9926,0.50,0.80
2007.11.15 02:36:40.050,0.9924,0.9927,0.50,4.80
2007.11.15 02:36:40.317,0.9924,0.9926,0.50,0.80
2007.11.15 02:36:40.436,0.9924,0.9927,0.50,4.80
2007.11.15 02:36:40.554,0.9924,0.9927,0.50,4.80
2007.11.15 02:36:40.671,0.9924,0.9927,0.50,4.80
2007.11.15 02:36:40.790,0.9924,0.9926,0.50,0.80
2007.11.15 02:36:40.908,0.9924,0.9927,0.50,4.80
2007.11.15 02:36:41.026,0.9924,0.9927,0.50,4.80
2007.11.15 02:36:41.144,0.9924,0.9926,0.50,0.80
2007.11.15 02:36:41.263,0.9924,0.9927,0.50,4.80
2007.11.15 02:36:41.380,0.9924,0.9927,0.50,4.80
2007.11.15 02:36:41.713,0.9924,0.9926,0.50,0.80
2007.11.15 02:36:42.046,0.9924,0.9927,0.50,4.80
2007.11.15 02:36:42.379,0.9924,0.9927,0.50,4.80
2007.11.15 02:36:42.497,0.9924,0.9926,0.50,0.80
2007.11.15 02:36:42.687,0.9924,0.9927,0.50,4.80
2007.11.15 02:36:42.806,0.9924,0.9927,0.50,4.80
2007.11.15 02:36:42.923,0.9924,0.9926,0.50,0.80
2007.11.15 02:36:43.042,0.9924,0.9927,0.50,4.80
2007.11.15 02:36:43.160,0.9924,0.9926,0.50,0.80
2007.11.15 02:36:43.278,0.9924,0.9926,0.50,0.80
2007.11.15 02:36:43.397,0.9924,0.9926,0.50,0.80
2007.11.15 02:36:43.623,0.9924,0.9926,0.50,0.80
2007.11.15 02:36:43.852,0.9924,0.9927,0.50,4.80
2007.11.15 02:36:44.080,0.9924,0.9927,0.50,4.80
2007.11.15 02:36:44.311,0.9924,0.9926,0.50,0.80
2007.11.15 02:36:44.537,0.9924,0.9926,0.50,0.80
2007.11.15 02:36:44.754,0.9924,0.9927,0.50,4.80
2007.11.15 02:36:44.973,0.9924,0.9927,0.50,4.80
2007.11.15 02:36:45.197,0.9924,0.9927,0.50,0.70
2007.11.15 02:36:45.416,0.9924,0.9927,0.50,1.80
2007.11.15 02:36:45.634,0.9924,0.9926,0.50,0.50
2007.11.15 02:36:45.776,0.9924,0.9927,0.50,0.90
2007.11.15 02:36:45.914,0.9924,0.9927,0.50,0.50
2007.11.15 02:36:46.052,0.9924,0.9927,0.50,0.60
2007.11.15 02:36:46.189,0.9924,0.99275,0.50,2.00
2007.11.15 02:36:46.328,0.9924,0.9927,0.50,1.80
2007.11.15 02:36:46.466,0.9924,0.9926,0.50,0.50
2007.11.15 02:36:46.603,0.9924,0.9926,0.50,0.50
2007.11.15 02:36:46.897,0.9924,0.9926,0.50,0.50
2007.11.15 02:36:47.189,0.9924,0.9927,0.50,1.80
2007.11.15 02:36:47.482,0.9924,0.9926,0.50,0.50
2007.11.15 02:36:47.776,0.9924,0.9926,0.50,0.50
2007.11.15 02:36:47.888,0.9924,0.9926,0.50,0.50
2007.11.15 02:36:48.000,0.9924,0.9926,0.50,0.50
2007.11.15 02:36:48.112,0.9924,0.9927,0.50,1.80
2007.11.15 02:36:48.226,0.9924,0.9927,0.50,1.80
2007.11.15 02:36:48.339,0.9924,0.9927,0.50,1.80
2007.11.15 02:36:48.452,0.9924,0.9927,0.50,1.80
2007.11.15 02:36:48.564,0.9924,0.9926,0.50,0.50
2007.11.15 02:36:48.677,0.9924,0.9926,1.20,0.50
2007.11.15 02:36:48.896,0.9925,0.9928,0.50,14.50
2007.11.15 02:36:49.115,0.9925,0.9927,0.50,0.60
2007.11.15 02:36:49.334,0.9925,0.9928,0.50,9.70
2007.11.15 02:36:49.550,0.9925,0.9928,0.50,9.70
2007.11.15 02:36:49.768,0.9925,0.9928,0.50,9.70
2007.11.15 02:36:50.022,0.9925,0.9928,0.50,9.70
2007.11.15 02:36:50.275,0.9925,0.9928,0.50,9.70
2007.11.15 02:36:50.527,0.9925,0.9927,0.50,0.70
2007.11.15 02:36:50.781,0.9925,0.9928,0.50,9.70
2007.11.15 02:36:50.904,0.9925,0.9928,0.50,9.70
2007.11.15 02:36:51.027,0.9925,0.9928,0.50,9.70
2007.11.15 02:36:51.149,0.9925,0.9928,0.50,9.70
2007.11.15 02:36:51.273,0.9925,0.9928,0.50,9.70
2007.11.15 02:36:51.395,0.9925,0.9927,0.50,0.80
2007.11.15 02:36:51.517,0.9925,0.9928,0.50,9.70
2007.11.15 02:36:51.641,0.9925,0.9928,0.50,9.70
2007.11.15 02:36:51.763,0.9925,0.9927,0.50,0.50
2007.11.15 02:36:51.886,0.9925,0.9928,0.50,9.70
2007.11.15 02:36:52.100,0.9925,0.9927,0.50,0.70
2007.11.15 02:36:52.313,0.9924,0.9928,1.20,4.10
2007.11.15 02:36:52.531,0.9924,0.9927,1.20,0.80
2007.11.15 02:36:52.744,0.9924,0.9927,0.50,0.90
2007.11.15 02:36:52.956,0.9924,0.99275,0.50,2.00
2007.11.15 02:36:53.140,0.9924,0.9927,0.50,0.60
2007.11.15 02:36:53.322,0.9924,0.9927,0.50,0.80
2007.11.15 02:36:53.506,0.9924,0.9927,0.50,0.70
2007.11.15 02:36:53.688,0.9924,0.99275,0.50,2.00
2007.11.15 02:36:53.872,0.9924,0.99275,0.50,2.00
2007.11.15 02:36:54.076,0.9924,0.9927,0.50,0.90
2007.11.15 02:36:54.278,0.9924,0.9927,0.50,0.50
2007.11.15 02:36:54.482,0.9924,0.99275,0.50,2.00
2007.11.15 02:36:54.685,0.9924,0.99275,0.50,2.00
2007.11.15 02:36:55.019,0.9924,0.9927,0.50,0.50
2007.11.15 02:36:55.243,0.9924,0.99275,0.50,2.00
2007.11.15 02:36:55.466,0.9924,0.99275,0.50,2.00
2007.11.15 02:36:55.689,0.9924,0.9927,0.50,0.50
2007.11.15 02:36:55.913,0.9924,0.9927,0.50,1.70
2007.11.15 02:36:56.136,0.9924,0.9927,0.50,1.70
2007.11.15 02:36:56.289,0.9924,0.9926,0.50,0.50
2007.11.15 02:36:56.442,0.9924,0.9927,0.50,1.70
2007.11.15 02:36:56.594,0.9924,0.9926,0.50,0.50
2007.11.15 02:36:56.747,0.9924,0.9927,0.50,1.70
2007.11.15 02:36:56.900,0.9924,0.9926,0.50,0.50
2007.11.15 02:36:57.052,0.9924,0.9926,0.50,0.50
2007.11.15 02:36:57.205,0.9924,0.9926,0.50,0.50
2007.11.15 02:36:57.419,0.9925,0.99275,0.50,4.00
2007.11.15 02:36:57.632,0.9925,0.9927,0.50,0.80
2007.11.15 02:36:57.846,0.9925,0.99275,0.50,3.00
2007.11.15 02:36:58.060,0.9925,0.9927,0.50,0.60
2007.11.15 02:36:58.272,0.9925,0.9927,0.50,0.50
2007.11.15 02:36:58.471,0.9925,0.9927,0.50,0.80
2007.11.15 02:36:58.669,0.9925,0.9928,0.50,13.90
2007.11.15 02:36:58.870,0.9925,0.9927,0.50,0.90
2007.11.15 02:36:59.068,0.9925,0.9927,0.50,0.50
2007.11.15 02:36:59.266,0.9925,0.9927,0.50,0.90
2007.11.15 02:36:59.418,0.9925,0.9927,0.50,0.70
2007.11.15 02:36:59.571,0.9925,0.9928,0.50,13.90
2007.11.15 02:36:59.724,0.9925,0.99275,0.50,2.10
2007.11.15 02:36:59.878,0.9924,0.9926,0.50,0.50
2007.11.15 02:37:00.031,0.9924,0.9926,0.50,0.50
2007.11.15 02:37:00.184,0.9924,0.99275,0.50,4.00
2007.11.15 02:37:00.518,0.9924,0.9927,0.50,0.60
2007.11.15 02:37:00.854,0.9924,0.9927,0.50,0.50
2007.11.15 02:37:01.187,0.9924,0.9927,0.50,0.90
2007.11.15 02:37:01.335,0.9924,0.99275,0.50,2.00
2007.11.15 02:37:01.483,0.9924,0.99275,0.50,2.00
2007.11.15 02:37:01.631,0.9924,0.9927,0.50,0.90
2007.11.15 02:37:01.785,0.9924,0.99275,0.50,2.00
2007.11.15 02:37:01.927,0.9924,0.9927,0.50,0.80
2007.11.15 02:37:02.075,0.9924,0.99275,0.50,2.00
2007.11.15 02:37:02.222,0.9924,0.9927,0.50,0.90
2007.11.15 02:37:02.431,0.9924,0.9927,0.50,0.80
2007.11.15 02:37:02.638,0.9924,0.9927,1.20,0.70
2007.11.15 02:37:02.847,0.9925,0.9928,0.50,5.70
2007.11.15 02:37:03.054,0.9925,0.9927,0.50,0.50
2007.11.15 02:37:03.263,0.9925,0.9927,0.50,0.90
2007.11.15 02:37:03.454,0.9924,0.9927,0.50,1.70
2007.11.15 02:37:03.628,0.9924,0.9926,0.50,0.50
2007.11.15 02:37:03.811,0.9924,0.9927,0.50,1.70
2007.11.15 02:37:03.996,0.9924,0.9927,0.50,1.70
2007.11.15 02:37:04.179,0.9924,0.9927,0.50,1.70
2007.11.15 02:37:04.361,0.9924,0.9927,0.50,1.70
2007.11.15 02:37:04.670,0.9924,0.9926,0.50,0.50
2007.11.15 02:37:04.977,0.9924,0.9927,0.50,1.70
2007.11.15 02:37:05.285,0.9924,0.9927,0.50,1.70
2007.11.15 02:37:05.592,0.9924,0.9927,0.50,1.70
2007.11.15 02:37:05.710,0.9924,0.9927,0.50,1.70
2007.11.15 02:37:05.827,0.9924,0.9926,0.50,0.50
2007.11.15 02:37:05.946,0.9924,0.9927,0.50,1.70
2007.11.15 02:37:06.063,0.9924,0.9926,0.50,0.50
2007.11.15 02:37:06.181,0.9924,0.9927,0.50,1.70
2007.11.15 02:37:06.298,0.9924,0.9927,0.50,1.70
2007.11.15 02:37:06.416,0.9924,0.9927,0.50,1.70
2007.11.15 02:37:06.704,0.9924,0.9926,0.50,0.50
2007.11.15 02:37:06.991,0.9924,0.9927,0.50,1.70
2007.11.15 02:37:07.346,0.9924,0.9926,0.50,0.50
2007.11.15 02:37:07.634,0.9924,0.9927,0.50,1.70
2007.11.15 02:37:07.766,0.9924,0.9926,0.50,0.50
2007.11.15 02:37:07.899,0.9924,0.9926,0.50,0.50
2007.11.15 02:37:08.038,0.9924,0.9927,0.50,1.70
2007.11.15 02:37:08.171,0.9924,0.9927,0.50,1.70
2007.11.15 02:37:08.303,0.9924,0.9926,0.50,0.50
2007.11.15 02:37:08.435,0.9924,0.9927,0.50,1.70
2007.11.15 02:37:08.569,0.9924,0.9927,0.50,1.70
2007.11.15 02:37:08.701,0.9924,0.9927,0.50,1.70
2007.11.15 02:37:08.975,0.9924,0.99275,0.50,3.60
2007.11.15 02:37:09.249,0.9924,0.99275,0.50,3.60
2007.11.15 02:37:09.524,0.9924,0.99275,0.50,3.60
2007.11.15 02:37:09.797,0.9924,0.9927,0.50,0.70
2007.11.15 02:37:10.029,0.9924,0.99275,0.50,3.60
2007.11.15 02:37:10.262,0.9924,0.99275,0.50,3.60
2007.11.15 02:37:10.494,0.9924,0.9927,0.50,0.90
2007.11.15 02:37:10.726,0.9924,0.99275,0.50,3.60
2007.11.15 02:37:10.854,0.9924,0.99275,0.50,3.60
2007.11.15 02:37:10.982,0.9924,0.9927,0.50,0.60
2007.11.15 02:37:11.109,0.9924,0.9927,0.50,0.70
2007.11.15 02:37:11.237,0.9924,0.99275,0.50,3.60
2007.11.15 02:37:11.365,0.9924,0.99275,0.50,3.60
2007.11.15 02:37:11.492,0.9924,0.99275,0.50,3.60
2007.11.15 02:37:11.620,0.9924,0.99275,0.50,3.60
2007.11.15 02:37:11.747,0.9924,0.99275,0.50,3.60
2007.11.15 02:37:11.990,0.9924,0.9927,0.50,2.80
2007.11.15 02:37:12.232,0.9924,0.9927,0.50,2.80
2007.11.15 02:37:12.475,0.9924,0.9927,0.50,2.80
2007.11.15 02:37:12.718,0.9924,0.9927,0.50,2.80
2007.11.15 02:37:12.961,0.9924,0.9927,0.50,1.20
2007.11.15 02:37:13.150,0.9924,0.9927,0.50,1.20
2007.11.15 02:37:13.327,0.9924,0.9927,0.50,1.20
2007.11.15 02:37:13.511,0.9924,0.9927,0.50,1.20
2007.11.15 02:37:13.695,0.9924,0.9927,0.50,3.60
2007.11.15 02:37:13.878,0.9923,0.9926,2.40,0.50
2007.11.15 02:37:14.102,0.9923,0.9926,2.40,0.50
2007.11.15 02:37:14.329,0.9923,0.9926,2.40,0.50
2007.11.15 02:37:14.553,0.9923,0.9926,2.40,0.50
2007.11.15 02:37:14.777,0.9923,0.9927,2.40,3.70
2007.11.15 02:37:14.999,0.9923,0.9927,2.40,3.60
2007.11.15 02:37:15.282,0.9923,0.9927,2.40,3.60
2007.11.15 02:37:15.565,0.9923,0.9927,2.40,3.60
2007.11.15 02:37:15.848,0.9923,0.9927,2.40,3.60
2007.11.15 02:37:16.132,0.9923,0.9927,2.40,3.60
2007.11.15 02:37:16.259,0.9923,0.9927,2.40,3.60
2007.11.15 02:37:16.386,0.9923,0.9927,2.40,3.60
2007.11.15 02:37:16.515,0.9923,0.9927,2.40,3.60
2007.11.15 02:37:16.642,0.9923,0.9927,2.40,3.60
2007.11.15 02:37:16.769,0.9923,0.9927,2.40,3.60
2007.11.15 02:37:16.903,0.9923,0.9927,2.40,3.60
2007.11.15 02:37:17.025,0.9923,0.9927,2.40,3.60
2007.11.15 02:37:17.152,0.9923,0.9927,2.40,3.60
2007.11.15 02:37:17.395,0.9923,0.9927,2.40,3.60
2007.11.15 02:37:17.638,0.9923,0.9927,2.40,3.60
2007.11.15 02:37:17.882,0.9923,0.9927,3.60,1.20
2007.11.15 02:37:18.124,0.9923,0.9927,3.60,1.20
2007.11.15 02:37:18.281,0.9923,0.9927,3.60,1.20
2007.11.15 02:37:18.439,0.9923,0.9927,3.60,1.20
2007.11.15 02:37:18.597,0.9923,0.9927,3.60,1.20
2007.11.15 02:37:18.754,0.9923,0.9927,3.60,1.20
2007.11.15 02:37:18.912,0.99225,0.9927,10.40,1.20
2007.11.15 02:37:19.070,0.99225,0.9927,10.40,1.20
2007.11.15 02:37:19.227,0.9923,0.9927,0.50,1.20
2007.11.15 02:37:19.415,0.99225,0.9927,10.40,1.20
2007.11.15 02:37:19.668,0.99225,0.9927,10.40,1.20
2007.11.15 02:37:19.854,0.9923,0.9927,1.70,1.20
2007.11.15 02:37:20.042,0.9923,0.9927,1.10,1.20
2007.11.15 02:37:20.229,0.99225,0.9927,10.40,1.20
2007.11.15 02:37:20.418,0.9922,0.9927,14.00,1.20
2007.11.15 02:37:20.650,0.9922,0.9927,14.00,1.20
2007.11.15 02:37:20.882,0.9922,0.9927,14.00,1.20
2007.11.15 02:37:21.116,0.9923,0.9927,1.40,2.80
2007.11.15 02:37:21.348,0.9922,0.9927,16.40,2.80
2007.11.15 02:37:21.555,0.9922,0.9927,16.40,2.80
2007.11.15 02:37:21.763,0.9923,0.9927,1.90,2.80
2007.11.15 02:37:21.970,0.9922,0.9927,16.40,2.80
2007.11.15 02:37:22.178,0.9923,0.9927,0.60,2.80
2007.11.15 02:37:22.385,0.9922,0.9927,16.40,2.80
2007.11.15 02:37:22.583,0.9923,0.9927,0.90,2.80
2007.11.15 02:37:22.781,0.99225,0.9927,10.40,2.80
2007.11.15 02:37:22.978,0.99225,0.9927,10.40,2.80
2007.11.15 02:37:23.176,0.99225,0.9927,10.40,2.80
2007.11.15 02:37:23.374,0.99225,0.9927,10.40,1.20
2007.11.15 02:37:23.567,0.99225,0.9927,10.40,1.20
2007.11.15 02:37:23.760,0.99225,0.9927,10.40,1.20
2007.11.15 02:37:23.953,0.9923,0.9927,0.50,1.20
2007.11.15 02:37:24.146,0.99225,0.9927,10.40,1.20
2007.11.15 02:37:24.345,0.9923,0.9927,1.50,1.20
2007.11.15 02:37:24.531,0.99225,0.9927,10.40,1.20
2007.11.15 02:37:24.784,0.99225,0.9927,10.40,0.80
2007.11.15 02:37:25.036,0.9923,0.9927,0.90,0.80
2007.11.15 02:37:25.289,0.9923,0.9927,0.90,0.80
2007.11.15 02:37:25.542,0.9923,0.9927,0.70,0.80
2007.11.15 02:37:25.836,0.9923,0.9928,16.00,2.80
2007.11.15 02:37:26.029,0.9924,0.9928,0.50,2.80
2007.11.15 02:37:26.222,0.9923,0.9928,22.80,2.80
2007.11.15 02:37:26.421,0.9923,0.9928,16.00,2.80
2007.11.15 02:37:26.601,0.9923,0.9928,16.00,2.80
2007.11.15 02:37:26.789,0.9924,0.9928,1.00,2.80
2007.11.15 02:37:26.977,0.9923,0.9928,16.00,2.80
2007.11.15 02:37:27.165,0.9923,0.9928,16.00,2.80
2007.11.15 02:37:27.354,0.9923,0.9928,16.00,2.80
2007.11.15 02:37:27.542,0.9923,0.9928,16.00,2.80
2007.11.15 02:37:27.684,0.9923,0.9928,16.00,2.80
2007.11.15 02:37:27.827,0.9923,0.9928,16.00,2.80
2007.11.15 02:37:27.970,0.9923,0.9928,16.00,2.80
2007.11.15 02:37:28.112,0.9924,0.9928,0.90,2.80
2007.11.15 02:37:28.255,0.9924,0.9928,0.50,2.80
2007.11.15 02:37:28.398,0.9923,0.9928,16.00,2.80
2007.11.15 02:37:28.541,0.9923,0.9928,16.00,2.80
2007.11.15 02:37:28.683,0.9923,0.9928,16.00,2.80
2007.11.15 02:37:28.856,0.9923,0.9928,16.00,2.80
2007.11.15 02:37:29.029,0.9924,0.9928,0.90,2.80
2007.11.15 02:37:29.202,0.9923,0.9928,16.00,2.80
2007.11.15 02:37:29.376,0.9923,0.9928,16.00,5.20
2007.11.15 02:37:29.549,0.9924,0.9928,1.00,5.30
2007.11.15 02:37:29.723,0.9923,0.9927,15.30,0.50
2007.11.15 02:37:29.996,0.9923,0.9927,15.30,0.50
2007.11.15 02:37:30.269,0.9923,0.9927,15.30,0.50
2007.11.15 02:37:30.542,0.9923,0.9927,15.30,0.50
2007.11.15 02:37:30.814,0.9924,0.9927,0.50,0.50
2007.11.15 02:37:30.962,0.9923,0.9927,6.50,1.20
2007.11.15 02:37:31.110,0.9924,0.9927,0.50,1.20
2007.11.15 02:37:31.257,0.9924,0.9927,0.50,1.20
2007.11.15 02:37:31.406,0.9924,0.9927,0.50,1.20
2007.11.15 02:37:31.553,0.9924,0.9927,0.50,1.20
2007.11.15 02:37:31.701,0.9924,0.9927,0.90,1.20
2007.11.15 02:37:31.997,0.9924,0.9927,0.50,0.80
2007.11.15 02:37:32.185,0.9924,0.9927,0.80,0.80
2007.11.15 02:37:32.373,0.9924,0.9927,0.80,0.80
2007.11.15 02:37:32.567,0.9924,0.9927,0.50,0.80
2007.11.15 02:37:32.755,0.9923,0.9927,7.20,0.80
2007.11.15 02:37:32.917,0.9923,0.9927,7.20,0.80
2007.11.15 02:37:33.080,0.9923,0.9927,7.20,0.80
2007.11.15 02:37:33.242,0.9924,0.9927,0.60,0.80
2007.11.15 02:37:33.405,0.9923,0.9927,7.20,0.80
2007.11.15 02:37:33.569,0.9924,0.9927,0.60,0.80
2007.11.15 02:37:33.732,0.9924,0.9927,0.60,0.80
2007.11.15 02:37:33.911,0.9923,0.9927,7.20,0.80
2007.11.15 02:37:34.089,0.9923,0.9927,7.20,0.80
2007.11.15 02:37:34.267,0.9924,0.9927,0.80,0.80
2007.11.15 02:37:34.445,0.9924,0.9927,0.50,0.80
2007.11.15 02:37:34.623,0.9923,0.9927,7.20,0.80
2007.11.15 02:37:34.800,0.9924,0.9927,0.80,0.80
2007.11.15 02:37:35.066,0.9923,0.9927,7.20,0.80
2007.11.15 02:37:35.329,0.9923,0.9927,7.20,0.80
2007.11.15 02:37:35.592,0.9923,0.9927,7.20,0.80
2007.11.15 02:37:35.854,0.9923,0.9927,7.20,0.80
2007.11.15 02:37:35.978,0.9923,0.9927,7.20,0.80
2007.11.15 02:37:36.100,0.9923,0.9927,7.20,0.80
2007.11.15 02:37:36.223,0.9923,0.9927,7.20,0.80
2007.11.15 02:37:36.346,0.9924,0.9927,0.50,0.80
2007.11.15 02:37:36.469,0.9924,0.9927,0.90,0.80
2007.11.15 02:37:36.592,0.9923,0.9927,7.20,0.80
2007.11.15 02:37:36.715,0.9923,0.9927,7.20,0.80
2007.11.15 02:37:36.838,0.9923,0.9927,7.20,0.80
2007.11.15 02:37:36.961,0.9924,0.9927,0.90,0.80
2007.11.15 02:37:37.199,0.9924,0.9927,0.80,0.80
2007.11.15 02:37:37.426,0.9924,0.9927,0.90,0.80
2007.11.15 02:37:37.658,0.9924,0.9927,0.80,0.80
2007.11.15 02:37:37.891,0.9924,0.9927,0.90,0.80
2007.11.15 02:37:38.154,0.9923,0.9927,7.20,0.80
2007.11.15 02:37:38.266,0.9923,0.9927,7.20,0.80
2007.11.15 02:37:38.379,0.9923,0.9927,7.20,0.80
2007.11.15 02:37:38.492,0.9923,0.9927,7.20,0.80
2007.11.15 02:37:38.605,0.9923,0.9927,7.20,0.80
2007.11.15 02:37:38.719,0.9924,0.9927,0.90,0.80
2007.11.15 02:37:38.831,0.9923,0.9927,7.20,0.80
2007.11.15 02:37:38.943,0.9924,0.9927,0.80,0.80
2007.11.15 02:37:39.142,0.9923,0.9927,8.00,0.80
2007.11.15 02:37:39.340,0.9923,0.9927,8.00,0.80
2007.11.15 02:37:39.537,0.9923,0.9927,8.00,0.80
2007.11.15 02:37:39.735,0.9923,0.9927,8.00,0.80
2007.11.15 02:37:39.934,0.9923,0.9927,8.00,0.80
2007.11.15 02:37:40.133,0.9924,0.9927,0.70,0.80
2007.11.15 02:37:40.390,0.9923,0.9927,8.00,0.80
2007.11.15 02:37:40.648,0.9924,0.9927,0.50,0.80
2007.11.15 02:37:40.911,0.9924,0.9927,0.80,0.80
2007.11.15 02:37:41.170,0.9924,0.9927,0.80,0.80
2007.11.15 02:37:41.292,0.9924,0.9927,0.70,0.80
2007.11.15 02:37:41.415,0.9923,0.9927,14.40,0.80
2007.11.15 02:37:41.538,0.9924,0.9927,1.90,0.80
2007.11.15 02:37:41.661,0.9924,0.9927,2.00,0.80
2007.11.15 02:37:41.784,0.9924,0.9927,1.10,0.80
2007.11.15 02:37:41.913,0.9925,0.9927,0.50,0.80
2007.11.15 02:37:42.030,0.9924,0.9927,4.10,0.80
2007.11.15 02:37:42.278,0.9925,0.9927,0.50,0.80
2007.11.15 02:37:42.526,0.9924,0.9927,4.10,0.80
2007.11.15 02:37:42.774,0.9924,0.9927,4.10,0.80
2007.11.15 02:37:43.022,0.9924,0.9927,4.10,0.80
2007.11.15 02:37:43.160,0.9924,0.9927,10.90,0.80
2007.11.15 02:37:43.298,0.9926,0.9927,0.50,0.80
2007.11.15 02:37:43.436,0.9925,0.9927,1.70,0.80
2007.11.15 02:37:43.580,0.9926,0.9927,0.50,0.80
2007.11.15 02:37:43.718,0.9924,0.9927,16.40,0.80
2007.11.15 02:37:43.856,0.9925,0.9927,1.00,0.80
2007.11.15 02:37:43.994,0.9924,0.9927,9.60,0.80
2007.11.15 02:37:44.131,0.9924,0.9927,9.60,0.80
2007.11.15 02:37:44.439,0.9924,0.9927,9.60,0.80
2007.11.15 02:37:44.748,0.9924,0.9928,15.20,0.80
2007.11.15 02:37:45.055,0.9924,0.9928,15.20,0.80
2007.11.15 02:37:45.274,0.9925,0.9928,1.00,0.80
2007.11.15 02:37:45.492,0.9925,0.9928,1.00,0.80
2007.11.15 02:37:45.709,0.9924,0.9928,15.20,0.80
2007.11.15 02:37:45.926,0.9924,0.9928,15.20,0.80
2007.11.15 02:37:46.145,0.9924,0.9928,15.20,0.80
2007.11.15 02:37:46.352,0.9925,0.9928,1.20,0.80
2007.11.15 02:37:46.560,0.9925,0.9928,1.20,0.80
2007.11.15 02:37:46.768,0.9925,0.9928,1.20,0.80
2007.11.15 02:37:46.976,0.9925,0.9928,1.20,0.80
2007.11.15 02:37:47.183,0.9925,0.9928,1.20,0.80
2007.11.15 02:37:47.340,0.9925,0.9928,1.20,0.80
2007.11.15 02:37:47.499,0.9925,0.9928,1.20,0.80
2007.11.15 02:37:47.656,0.9925,0.9928,1.20,0.80
2007.11.15 02:37:47.813,0.9925,0.9928,1.20,0.80
2007.11.15 02:37:47.971,0.9925,0.9928,1.20,0.80
2007.11.15 02:37:48.129,0.9925,0.9928,1.20,0.80
2007.11.15 02:37:48.307,0.9925,0.9928,1.20,0.80
2007.11.15 02:37:48.484,0.9925,0.9928,1.20,0.80
2007.11.15 02:37:48.661,0.9925,0.9928,1.20,0.80
2007.11.15 02:37:48.839,0.9925,0.9928,1.20,0.80
2007.11.15 02:37:49.018,0.9925,0.9928,1.20,0.80
2007.11.15 02:37:49.195,0.9925,0.9928,1.20,0.80
2007.11.15 02:37:49.367,0.9925,0.9928,1.20,0.80
2007.11.15 02:37:49.541,0.9925,0.9928,1.20,0.80
2007.11.15 02:37:49.713,0.9925,0.9928,1.20,0.80
2007.11.15 02:37:49.887,0.9925,0.9928,1.20,0.80
2007.11.15 02:37:50.059,0.9925,0.9928,1.20,0.80
2007.11.15 02:37:50.233,0.9925,0.9928,1.20,0.80
2007.11.15 02:37:50.481,0.9925,0.9928,1.20,0.80
2007.11.15 02:37:50.729,0.9925,0.9928,1.20,0.80
2007.11.15 02:37:50.977,0.9925,0.9928,1.20,0.80
2007.11.15 02:37:51.230,0.9925,0.9928,1.20,0.80
2007.11.15 02:37:51.363,0.9925,0.9928,1.20,0.80
2007.11.15 02:37:51.495,0.9925,0.9928,1.20,0.80
2007.11.15 02:37:51.628,0.9925,0.9928,1.20,0.80
2007.11.15 02:37:51.762,0.9925,0.9928,1.20,0.80
2007.11.15 02:37:51.894,0.9925,0.9928,1.20,0.80
2007.11.15 02:37:52.026,0.9925,0.9928,1.20,0.80
2007.11.15 02:37:52.159,0.9925,0.9928,1.20,0.80
2007.11.15 02:37:52.292,0.9925,0.9928,1.20,0.80
2007.11.15 02:37:52.526,0.9925,0.9928,1.20,0.80
2007.11.15 02:37:52.758,0.9925,0.9928,1.20,0.80
2007.11.15 02:37:52.991,0.9925,0.9928,1.20,0.80
2007.11.15 02:37:53.224,0.9925,0.9928,1.20,0.80
2007.11.15 02:37:53.457,0.9925,0.9928,1.20,0.80
2007.11.15 02:37:53.604,0.9925,0.9928,1.20,0.80
2007.11.15 02:37:53.752,0.9925,0.9928,1.20,0.80
2007.11.15 02:37:53.900,0.9925,0.9928,1.20,0.80
2007.11.15 02:37:54.047,0.9925,0.9928,1.20,0.80
2007.11.15 02:37:54.195,0.9925,0.9928,1.20,0.80
2007.11.15 02:37:54.342,0.9925,0.9928,1.20,0.80
2007.11.15 02:37:54.490,0.9925,0.9928,1.20,0.80
2007.11.15 02:37:54.679,0.9925,0.9928,1.20,0.80
2007.11.15 02:37:54.867,0.9925,0.9928,1.20,0.80
2007.11.15 02:37:55.056,0.9925,0.9928,1.20,0.80
2007.11.15 02:37:55.245,0.9925,0.9928,1.20,0.80
2007.11.15 02:37:55.432,0.9925,0.9928,1.20,0.80
2007.11.15 02:37:55.670,0.9925,0.9928,1.20,0.80
2007.11.15 02:37:55.913,0.9925,0.9928,1.20,0.80
2007.11.15 02:37:56.151,0.9925,0.9928,1.20,0.80
2007.11.15 02:37:56.388,0.9925,0.9928,1.20,0.80
2007.11.15 02:37:56.641,0.9925,0.9928,1.20,0.80
2007.11.15 02:37:56.778,0.9925,0.9928,1.20,0.80
2007.11.15 02:37:56.916,0.9925,0.9928,1.20,0.80
2007.11.15 02:37:57.054,0.9925,0.9928,1.20,0.80
2007.11.15 02:37:57.191,0.9925,0.9928,1.20,0.80
2007.11.15 02:37:57.328,0.9925,0.9928,1.20,0.80
2007.11.15 02:37:57.466,0.9925,0.9928,1.20,0.80
2007.11.15 02:37:57.669,0.9925,0.9928,1.20,0.80
2007.11.15 02:37:57.871,0.9925,0.9928,1.20,0.80
2007.11.15 02:37:58.074,0.9925,0.9928,1.20,0.80
2007.11.15 02:37:58.276,0.9925,0.9928,1.20,0.80
2007.11.15 02:37:58.480,0.9925,0.9928,1.20,0.80
2007.11.15 02:37:58.627,0.9925,0.9928,1.20,0.80
2007.11.15 02:37:58.776,0.9925,0.9928,1.20,0.80
2007.11.15 02:37:58.923,0.9925,0.9928,1.20,0.80
2007.11.15 02:37:59.072,0.9925,0.9929,1.20,0.50
2007.11.15 02:37:59.220,0.9925,0.99285,0.50,0.80
2007.11.15 02:37:59.368,0.9925,0.9928,0.50,0.50
2007.11.15 02:37:59.516,0.9925,0.9928,0.50,0.50
2007.11.15 02:37:59.753,0.9925,0.9928,0.50,0.50
2007.11.15 02:37:59.991,0.9925,0.9928,0.50,0.50
2007.11.15 02:38:00.228,0.9925,0.9928,0.50,0.50
2007.11.15 02:38:00.467,0.9925,0.9928,0.50,1.20
2007.11.15 02:38:00.695,0.9925,0.9928,0.50,1.20
2007.11.15 02:38:00.922,0.9925,0.9928,0.50,1.20
2007.11.15 02:38:01.151,0.9925,0.9928,0.50,1.20
2007.11.15 02:38:01.378,0.9925,0.9928,0.50,1.20
2007.11.15 02:38:01.607,0.9925,0.9928,0.50,1.20
2007.11.15 02:38:01.834,0.9925,0.9928,0.50,1.20
2007.11.15 02:38:01.953,0.9925,0.9928,0.50,1.20
2007.11.15 02:38:02.071,0.9925,0.9928,0.50,1.20
2007.11.15 02:38:02.188,0.9925,0.9928,0.50,1.20
2007.11.15 02:38:02.307,0.9925,0.9928,0.50,1.20
2007.11.15 02:38:02.424,0.9925,0.9928,2.80,1.20
2007.11.15 02:38:02.542,0.9925,0.9928,2.80,1.20
2007.11.15 02:38:02.809,0.9925,0.9928,2.80,1.20
2007.11.15 02:38:03.057,0.9926,0.9928,0.50,0.80
2007.11.15 02:38:03.304,0.9926,0.9928,0.50,0.80
2007.11.15 02:38:03.553,0.9926,0.9928,0.50,0.80
2007.11.15 02:38:03.801,0.9926,0.9928,0.50,0.80
2007.11.15 02:38:04.049,0.9926,0.9928,0.50,0.80
2007.11.15 02:38:04.207,0.9926,0.9928,0.50,0.80
2007.11.15 02:38:04.364,0.9926,0.9929,0.50,1.20
2007.11.15 02:38:04.533,0.9926,0.9929,0.50,1.20
2007.11.15 02:38:04.689,0.9926,0.9929,0.50,1.20
2007.11.15 02:38:04.846,0.9926,0.9929,0.50,1.20
2007.11.15 02:38:05.003,0.9926,0.9929,0.50,1.20
2007.11.15 02:38:05.296,0.9926,0.9929,0.50,1.20
2007.11.15 02:38:05.589,0.9926,0.9929,0.50,1.20
2007.11.15 02:38:05.881,0.9926,0.9929,0.50,1.20
2007.11.15 02:38:06.174,0.9926,0.9929,0.50,1.20
2007.11.15 02:38:06.296,0.9926,0.9929,0.50,1.20
2007.11.15 02:38:06.418,0.9926,0.9929,0.50,1.20
2007.11.15 02:38:06.542,0.9926,0.9929,0.50,1.20
2007.11.15 02:38:06.664,0.9926,0.9929,0.50,1.20
2007.11.15 02:38:06.786,0.9926,0.9929,0.50,1.20
2007.11.15 02:38:06.914,0.9926,0.9929,0.50,1.20
2007.11.15 02:38:07.167,0.9926,0.9929,0.50,1.20
2007.11.15 02:38:07.419,0.9926,0.9929,0.50,1.20
2007.11.15 02:38:07.671,0.9926,0.9929,0.50,1.20
2007.11.15 02:38:07.924,0.9926,0.9929,0.50,1.20
2007.11.15 02:38:08.177,0.9926,0.9929,0.50,1.20
2007.11.15 02:38:08.350,0.9926,0.9929,0.50,1.20
2007.11.15 02:38:08.523,0.9926,0.9929,0.50,1.20
2007.11.15 02:38:08.697,0.9926,0.9929,0.50,1.20
2007.11.15 02:38:08.976,0.9926,0.9929,0.50,1.20
2007.11.15 02:38:09.219,0.9926,0.9929,1.20,0.80
2007.11.15 02:38:09.468,0.9926,0.9929,1.20,0.80
2007.11.15 02:38:09.710,0.9926,0.9929,1.20,0.80
2007.11.15 02:38:09.954,0.9927,0.9929,0.50,0.80
2007.11.15 02:38:10.198,0.9927,0.9929,0.50,0.80
2007.11.15 02:38:10.486,0.9926,0.993,1.20,1.20
2007.11.15 02:38:10.775,0.9926,0.993,1.20,2.80
2007.11.15 02:38:11.063,0.9926,0.993,1.20,2.80
2007.11.15 02:38:11.225,0.9926,0.993,1.20,2.80
2007.11.15 02:38:11.388,0.9926,0.9929,1.20,0.80
2007.11.15 02:38:11.551,0.9926,0.9929,1.20,0.80
2007.11.15 02:38:11.713,0.9926,0.9929,1.20,0.80
2007.11.15 02:38:11.876,0.9926,0.9929,1.20,0.80
2007.11.15 02:38:12.040,0.9926,0.9929,1.20,0.80
2007.11.15 02:38:12.204,0.9926,0.9929,1.20,0.80
2007.11.15 02:38:12.392,0.9926,0.9929,1.20,0.80
2007.11.15 02:38:12.580,0.9926,0.9929,1.20,0.80
2007.11.15 02:38:12.769,0.9926,0.9929,0.50,0.80
2007.11.15 02:38:12.956,0.9926,0.9929,0.50,1.20
2007.11.15 02:38:13.144,0.9926,0.9929,0.50,1.20
2007.11.15 02:38:13.347,0.9926,0.9929,0.50,1.20
2007.11.15 02:38:13.550,0.9926,0.9929,0.50,1.20
2007.11.15 02:38:13.754,0.9926,0.9929,0.50,1.20
2007.11.15 02:38:13.956,0.9926,0.9929,0.50,1.20
2007.11.15 02:38:14.160,0.9926,0.9929,0.50,1.20
2007.11.15 02:38:14.364,0.9926,0.9929,1.20,0.80
2007.11.15 02:38:14.568,0.9926,0.9929,1.20,0.80
2007.11.15 02:38:14.769,0.9926,0.9929,1.20,0.80
2007.11.15 02:38:14.972,0.9926,0.9929,1.20,0.80
2007.11.15 02:38:15.176,0.9926,0.9929,1.20,0.80
2007.11.15 02:38:15.504,0.9926,0.9929,0.50,1.20
2007.11.15 02:38:15.833,0.9926,0.9929,1.20,0.80
2007.11.15 02:38:16.160,0.9926,0.9929,1.20,0.80
2007.11.15 02:38:16.489,0.9926,0.9929,1.20,0.80
2007.11.15 02:38:16.637,0.9926,0.9929,1.20,0.80
2007.11.15 02:38:16.792,0.9927,0.9929,0.50,0.80
2007.11.15 02:38:16.939,0.9927,0.9929,0.50,0.80
2007.11.15 02:38:17.087,0.9927,0.9929,0.50,0.80
2007.11.15 02:38:17.235,0.9926,0.9929,2.80,0.80
2007.11.15 02:38:17.524,0.9926,0.9929,0.50,1.20
2007.11.15 02:38:17.812,0.9926,0.9929,0.50,1.20
2007.11.15 02:38:18.100,0.9926,0.9929,0.50,1.20
2007.11.15 02:38:18.387,0.9926,0.9929,0.50,1.20
2007.11.15 02:38:18.554,0.9926,0.9929,0.50,1.20
2007.11.15 02:38:18.722,0.9926,0.9929,0.50,1.20
2007.11.15 02:38:18.889,0.9926,0.9929,0.50,1.20
2007.11.15 02:38:19.057,0.9926,0.9929,0.50,1.20
2007.11.15 02:38:19.224,0.9926,0.9929,0.50,1.20
2007.11.15 02:38:19.234,0.9926,0.9929,0.50,0.90
2007.11.15 02:38:19.392,0.9926,0.9929,0.50,0.70
2007.11.15 02:38:19.601,0.9926,0.9929,0.50,0.50
2007.11.15 02:38:19.803,0.9926,0.99295,0.50,2.00
2007.11.15 02:38:20.006,0.9926,0.99295,0.50,2.00
2007.11.15 02:38:20.209,0.9926,0.99295,0.50,2.00
2007.11.15 02:38:20.412,0.9926,0.99295,0.50,2.00
2007.11.15 02:38:20.660,0.9926,0.99295,0.50,2.00
2007.11.15 02:38:20.908,0.9926,0.99295,0.50,2.00
2007.11.15 02:38:21.288,0.9926,0.99295,0.50,2.00
2007.11.15 02:38:21.535,0.9926,0.99295,0.50,2.00
2007.11.15 02:38:21.633,0.9926,0.9929,0.50,0.80
2007.11.15 02:38:21.730,0.9926,0.99295,0.50,2.00
2007.11.15 02:38:21.828,0.9926,0.99295,0.50,2.00
2007.11.15 02:38:21.925,0.9926,0.99295,0.50,2.00
2007.11.15 02:38:22.023,0.9926,0.99295,0.50,2.00
2007.11.15 02:38:22.120,0.9926,0.99295,0.50,2.00
2007.11.15 02:38:22.218,0.9926,0.99295,0.50,2.00
2007.11.15 02:38:22.315,0.9926,0.99295,0.50,2.00
2007.11.15 02:38:22.413,0.9926,0.99295,0.50,2.00
2007.11.15 02:38:22.736,0.9926,0.99295,0.50,2.00
2007.11.15 02:38:23.058,0.9926,0.99295,0.50,2.00
2007.11.15 02:38:23.381,0.9926,0.9929,0.50,0.80
2007.11.15 02:38:23.564,0.9926,0.99295,0.50,2.00
2007.11.15 02:38:23.747,0.9926,0.99295,0.50,2.00
2007.11.15 02:38:23.930,0.9926,0.99295,0.50,2.00
2007.11.15 02:38:24.113,0.9926,0.99295,0.50,2.00
2007.11.15 02:38:24.296,0.9926,0.99295,0.50,2.00
2007.11.15 02:38:24.479,0.9926,0.9929,0.50,0.50
2007.11.15 02:38:24.757,0.9926,0.9929,0.50,0.80
2007.11.15 02:38:25.035,0.9926,0.99295,0.50,2.00
2007.11.15 02:38:25.312,0.9926,0.99295,0.50,2.00
2007.11.15 02:38:25.590,0.9926,0.99295,0.50,2.00
2007.11.15 02:38:25.858,0.9926,0.9929,0.50,0.70
2007.11.15 02:38:26.128,0.9926,0.99295,0.50,2.00
2007.11.15 02:38:26.396,0.9926,0.993,1.20,12.00
2007.11.15 02:38:26.565,0.9926,0.9929,1.20,0.80
2007.11.15 02:38:26.733,0.9926,0.993,1.20,11.80
2007.11.15 02:38:26.901,0.9926,0.993,1.20,11.80
2007.11.15 02:38:27.069,0.9926,0.993,1.20,11.80
2007.11.15 02:38:27.237,0.9926,0.99305,1.20,2.80
2007.11.15 02:38:27.450,0.9926,0.993,1.20,0.50
2007.11.15 02:38:27.673,0.9926,0.99305,1.20,3.60
2007.11.15 02:38:27.897,0.9926,0.993,1.20,0.90
2007.11.15 02:38:28.121,0.9926,0.993,1.20,0.50
2007.11.15 02:38:28.344,0.9926,0.99305,1.20,3.60
2007.11.15 02:38:28.566,0.9926,0.993,1.20,0.80
2007.11.15 02:38:28.729,0.9926,0.993,1.20,0.60
2007.11.15 02:38:28.892,0.9926,0.99305,1.20,3.60
2007.11.15 02:38:29.055,0.9926,0.99305,1.20,3.60
2007.11.15 02:38:29.218,0.9926,0.9929,0.50,0.50
2007.11.15 02:38:29.381,0.9926,0.9929,0.50,0.50
2007.11.15 02:38:29.543,0.9926,0.99295,0.50,1.30
2007.11.15 02:38:29.710,0.9926,0.99295,0.50,1.30
2007.11.15 02:38:29.963,0.9926,0.99295,0.50,1.30
2007.11.15 02:38:30.219,0.9926,0.9929,0.50,0.50
2007.11.15 02:38:30.471,0.9926,0.99295,0.50,1.30
2007.11.15 02:38:30.724,0.9926,0.9929,0.50,0.50
2007.11.15 02:38:30.950,0.9926,0.99295,0.50,1.30
2007.11.15 02:38:31.178,0.9926,0.9929,2.80,0.50
2007.11.15 02:38:31.406,0.9926,0.99295,2.80,2.00
2007.11.15 02:38:31.634,0.9926,0.9929,2.80,0.50
2007.11.15 02:38:31.812,0.9926,0.99295,0.50,2.00
2007.11.15 02:38:31.990,0.9926,0.99295,0.50,2.00
2007.11.15 02:38:32.168,0.9926,0.99295,0.50,2.00
2007.11.15 02:38:32.346,0.9926,0.9929,0.50,0.80
2007.11.15 02:38:32.523,0.9926,0.99295,0.50,2.00
2007.11.15 02:38:32.701,0.9926,0.9929,0.50,0.70
2007.11.15 02:38:32.928,0.9926,0.9929,0.50,0.90
2007.11.15 02:38:33.156,0.9926,0.99295,0.50,2.00
2007.11.15 02:38:33.383,0.9926,0.99295,0.50,2.00
2007.11.15 02:38:33.613,0.9926,0.99295,0.50,2.00
2007.11.15 02:38:33.842,0.9926,0.9929,0.50,0.90
2007.11.15 02:38:33.985,0.9926,0.99295,0.50,2.00
2007.11.15 02:38:34.128,0.9926,0.99295,0.50,2.00
2007.11.15 02:38:34.270,0.9926,0.99295,0.50,2.00
2007.11.15 02:38:34.413,0.9926,0.9929,0.50,0.70
2007.11.15 02:38:34.556,0.9926,0.9929,0.50,0.50
2007.11.15 02:38:34.702,0.9926,0.9929,0.50,0.50
2007.11.15 02:38:34.845,0.9926,0.99295,0.50,2.00
2007.11.15 02:38:34.988,0.9926,0.99295,0.50,2.00
2007.11.15 02:38:35.295,0.9926,0.99295,0.50,2.00
2007.11.15 02:38:35.603,0.9926,0.99295,0.50,2.00
2007.11.15 02:38:35.911,0.9926,0.9929,0.50,0.90
2007.11.15 02:38:36.019,0.9926,0.99295,0.50,2.00
2007.11.15 02:38:36.126,0.9926,0.99295,0.50,2.00
2007.11.15 02:38:36.234,0.9926,0.9929,0.50,0.70
2007.11.15 02:38:36.343,0.9926,0.99295,0.50,2.00
2007.11.15 02:38:36.450,0.9926,0.99295,0.50,2.00
2007.11.15 02:38:36.558,0.9926,0.9929,0.50,0.60
2007.11.15 02:38:36.666,0.9926,0.9929,0.50,0.80
2007.11.15 02:38:36.773,0.9926,0.99295,0.50,2.00
2007.11.15 02:38:36.888,0.9926,0.99295,0.50,2.00
2007.11.15 02:38:36.989,0.9926,0.9929,0.50,0.80
2007.11.15 02:38:37.212,0.9926,0.9929,0.50,0.60
2007.11.15 02:38:37.435,0.9926,0.99295,0.50,2.00
2007.11.15 02:38:37.658,0.9926,0.9929,0.50,0.80
2007.11.15 02:38:37.880,0.9926,0.99295,0.50,2.00
2007.11.15 02:38:38.103,0.9926,0.99295,0.50,2.00
2007.11.15 02:38:38.286,0.9926,0.9929,0.50,0.90
2007.11.15 02:38:38.469,0.9926,0.99295,0.50,2.00
2007.11.15 02:38:38.657,0.9926,0.9929,0.50,0.90
2007.11.15 02:38:38.835,0.9926,0.99295,0.50,2.00
2007.11.15 02:38:39.018,0.9926,0.9929,0.50,0.50
2007.11.15 02:38:39.200,0.9926,0.99295,0.50,2.00
2007.11.15 02:38:39.407,0.9926,0.9929,0.50,0.80
2007.11.15 02:38:39.615,0.9926,0.9929,0.50,0.70
2007.11.15 02:38:39.823,0.9926,0.99295,0.50,2.00
2007.11.15 02:38:40.031,0.9926,0.9929,0.50,0.80
2007.11.15 02:38:40.299,0.9926,0.99295,0.50,2.00
2007.11.15 02:38:40.567,0.9926,0.99295,0.50,2.00
2007.11.15 02:38:40.837,0.9926,0.99295,0.50,2.00
2007.11.15 02:38:41.104,0.9926,0.9929,0.50,0.70
2007.11.15 02:38:41.256,0.9926,0.9929,0.50,0.70
2007.11.15 02:38:41.408,0.9926,0.99295,0.50,2.00
2007.11.15 02:38:41.562,0.9926,0.99295,0.50,2.00
2007.11.15 02:38:41.715,0.9926,0.99295,0.50,2.00
2007.11.15 02:38:41.867,0.9926,0.99295,0.50,2.00
2007.11.15 02:38:42.020,0.9926,0.99295,0.50,2.00
2007.11.15 02:38:42.173,0.9926,0.9929,0.50,0.60
2007.11.15 02:38:42.371,0.9926,0.99295,0.50,2.00
2007.11.15 02:38:42.569,0.9926,0.9929,0.50,0.60
2007.11.15 02:38:42.767,0.9926,0.99295,0.50,2.00
2007.11.15 02:38:42.964,0.9926,0.9929,0.50,0.60
2007.11.15 02:38:43.163,0.9926,0.99295,0.50,2.00
2007.11.15 02:38:43.360,0.9926,0.9929,0.50,0.50
2007.11.15 02:38:43.503,0.9926,0.9929,0.50,0.60
2007.11.15 02:38:43.649,0.9926,0.99295,0.50,2.00
2007.11.15 02:38:43.791,0.9926,0.99295,0.50,2.00
2007.11.15 02:38:43.935,0.9926,0.9929,0.50,0.80
2007.11.15 02:38:44.077,0.9926,0.99295,0.50,2.00
2007.11.15 02:38:44.220,0.9926,0.99295,0.50,2.00
2007.11.15 02:38:44.478,0.9926,0.9929,0.50,0.70
2007.11.15 02:38:44.737,0.9926,0.9929,0.50,0.80
2007.11.15 02:38:44.995,0.9926,0.99295,0.50,2.00
2007.11.15 02:38:45.252,0.9926,0.9929,0.50,0.80
2007.11.15 02:38:45.491,0.9926,0.99295,0.50,2.00
2007.11.15 02:38:45.729,0.9926,0.9929,0.50,0.70
2007.11.15 02:38:45.967,0.9926,0.9929,0.50,0.90
2007.11.15 02:38:46.204,0.9926,0.99295,0.50,2.00
2007.11.15 02:38:46.353,0.9926,0.99295,0.50,2.00
2007.11.15 02:38:46.501,0.9926,0.99295,0.50,2.00
2007.11.15 02:38:46.649,0.9926,0.9929,0.50,0.80
2007.11.15 02:38:46.796,0.9926,0.99295,0.50,2.00
2007.11.15 02:38:46.945,0.9926,0.99295,0.50,2.00
2007.11.15 02:38:47.092,0.9926,0.9929,0.50,0.80
2007.11.15 02:38:47.241,0.9926,0.99295,0.50,2.00
2007.11.15 02:38:47.423,0.9926,0.99295,0.50,2.00
2007.11.15 02:38:47.607,0.9926,0.99295,0.50,2.00
2007.11.15 02:38:47.790,0.9926,0.9929,0.50,0.50
2007.11.15 02:38:47.972,0.9926,0.99295,0.50,2.00
2007.11.15 02:38:48.155,0.9926,0.99295,0.50,2.00
2007.11.15 02:38:48.337,0.9926,0.9929,0.50,0.90
2007.11.15 02:38:48.486,0.9926,0.9929,0.50,0.90
2007.11.15 02:38:48.535,0.9926,0.99295,0.50,2.00
2007.11.15 02:38:48.733,0.9926,0.99295,0.50,2.00
2007.11.15 02:38:48.930,0.9926,0.9929,0.50,0.80
2007.11.15 02:38:49.128,0.9926,0.9929,0.50,0.70
2007.11.15 02:38:49.325,0.9926,0.99295,0.50,2.00
2007.11.15 02:38:49.508,0.9926,0.99295,0.50,2.00
2007.11.15 02:38:49.690,0.9926,0.9929,0.50,0.80
2007.11.15 02:38:49.878,0.9926,0.9929,0.50,0.80
2007.11.15 02:38:50.060,0.9926,0.99295,0.50,2.00
2007.11.15 02:38:50.244,0.9926,0.9929,0.50,0.60
2007.11.15 02:38:50.426,0.9926,0.99295,0.50,2.00
2007.11.15 02:38:50.669,0.9926,0.99295,0.50,2.00
2007.11.15 02:38:50.911,0.9926,0.9929,0.50,0.70
2007.11.15 02:38:51.155,0.9926,0.9929,0.50,0.80
2007.11.15 02:38:51.397,0.9926,0.9929,0.50,0.50
2007.11.15 02:38:51.504,0.9926,0.99295,0.50,2.00
2007.11.15 02:38:51.613,0.9926,0.99295,0.50,2.00
2007.11.15 02:38:51.720,0.9926,0.9929,0.50,0.90
2007.11.15 02:38:51.829,0.9926,0.99295,0.50,2.00
2007.11.15 02:38:51.936,0.9926,0.99295,0.50,2.00
2007.11.15 02:38:52.100,0.9926,0.99295,0.50,2.00
2007.11.15 02:38:52.208,0.9926,0.9929,0.50,0.90
2007.11.15 02:38:52.317,0.9926,0.99295,0.50,2.00
2007.11.15 02:38:52.424,0.9926,0.9929,0.50,0.50
2007.11.15 02:38:52.651,0.9926,0.99295,0.50,2.00
2007.11.15 02:38:52.878,0.9926,0.99295,0.50,2.00
2007.11.15 02:38:53.107,0.9926,0.9929,0.50,0.80
2007.11.15 02:38:53.334,0.9926,0.9929,0.50,0.60
2007.11.15 02:38:53.563,0.9926,0.9929,0.50,0.80
2007.11.15 02:38:53.750,0.9926,0.9929,0.50,0.60
2007.11.15 02:38:53.938,0.9926,0.99295,0.50,2.00
2007.11.15 02:38:54.126,0.9926,0.9929,0.50,0.60
2007.11.15 02:38:54.314,0.9926,0.99295,0.50,2.00
2007.11.15 02:38:54.503,0.9926,0.99295,0.50,2.00
2007.11.15 02:38:54.690,0.9926,0.99295,0.50,2.00
2007.11.15 02:38:54.897,0.9926,0.9929,0.50,0.80
2007.11.15 02:38:55.086,0.9926,0.99295,0.50,2.00
2007.11.15 02:38:55.283,0.9926,0.99295,0.50,2.00
2007.11.15 02:38:55.481,0.9926,0.9929,0.50,0.70
2007.11.15 02:38:55.679,0.9926,0.99295,0.50,2.00
2007.11.15 02:38:55.941,0.9926,0.99295,0.50,2.00
2007.11.15 02:38:56.204,0.9926,0.99295,0.50,2.00
2007.11.15 02:38:56.466,0.9926,0.99295,0.50,2.00
2007.11.15 02:38:56.729,0.9926,0.99295,0.50,2.00
2007.11.15 02:38:56.992,0.9926,0.99295,0.50,2.00
2007.11.15 02:38:57.100,0.9926,0.99295,0.50,2.00
2007.11.15 02:38:57.208,0.9925,0.99295,1.60,2.00
2007.11.15 02:38:57.317,0.9925,0.9929,1.20,0.90
2007.11.15 02:38:57.424,0.9925,0.99295,1.20,2.00
2007.11.15 02:38:57.532,0.9925,0.9929,1.20,0.50
2007.11.15 02:38:57.641,0.9925,0.99295,1.20,2.00
2007.11.15 02:38:57.748,0.9925,0.99295,1.20,2.00
2007.11.15 02:38:57.857,0.9925,0.99295,1.20,2.00
2007.11.15 02:38:58.260,0.9925,0.99295,1.20,2.00
2007.11.15 02:38:58.594,0.9925,0.9929,1.20,0.90
2007.11.15 02:38:58.928,0.9925,0.9929,1.20,0.60
2007.11.15 02:38:59.026,0.9925,0.9929,1.20,0.50
2007.11.15 02:38:59.118,0.9925,0.99295,1.20,2.00
2007.11.15 02:38:59.211,0.9925,0.9929,1.20,0.60
2007.11.15 02:38:59.304,0.9925,0.9929,1.20,0.90
2007.11.15 02:38:59.398,0.9925,0.99295,1.20,2.00
2007.11.15 02:38:59.490,0.9925,0.9929,1.20,0.50
2007.11.15 02:38:59.582,0.9925,0.99295,1.20,2.00
2007.11.15 02:38:59.675,0.9925,0.99295,1.20,2.00
2007.11.15 02:38:59.769,0.9925,0.9929,1.20,0.70
2007.11.15 02:38:59.861,0.9925,0.99295,1.20,2.00
2007.11.15 02:38:59.953,0.9925,0.9929,1.20,0.80
2007.11.15 02:39:00.287,0.9925,0.99285,0.50,1.60
2007.11.15 02:39:00.620,0.9925,0.9928,0.50,0.70
2007.11.15 02:39:00.952,0.9925,0.99285,0.50,2.00
2007.11.15 02:39:01.110,0.9925,0.99285,0.50,2.00
2007.11.15 02:39:01.269,0.9925,0.99285,0.50,2.00
2007.11.15 02:39:01.426,0.9925,0.99285,0.50,2.00
2007.11.15 02:39:01.585,0.9925,0.99285,0.50,2.00
2007.11.15 02:39:01.742,0.9925,0.99285,0.50,2.00
2007.11.15 02:39:01.900,0.9925,0.99285,0.50,2.00
2007.11.15 02:39:02.058,0.9925,0.99285,0.50,2.00
2007.11.15 02:39:02.281,0.9925,0.9928,0.50,0.80
2007.11.15 02:39:02.504,0.9925,0.9928,0.50,0.50
2007.11.15 02:39:02.727,0.9925,0.99285,0.50,2.00
2007.11.15 02:39:02.949,0.9925,0.9928,0.50,0.70
2007.11.15 02:39:03.173,0.9925,0.9928,0.50,0.50
2007.11.15 02:39:03.331,0.9925,0.99285,0.50,2.00
2007.11.15 02:39:03.479,0.9925,0.9928,0.50,0.80
2007.11.15 02:39:03.632,0.9925,0.99285,0.50,2.00
2007.11.15 02:39:03.785,0.9925,0.99285,0.50,2.00
2007.11.15 02:39:03.937,0.9925,0.9928,0.50,0.50
2007.11.15 02:39:04.091,0.9925,0.9928,0.50,0.90
2007.11.15 02:39:04.420,0.9925,0.9928,0.50,0.80
2007.11.15 02:39:04.615,0.9925,0.99285,0.50,2.00
2007.11.15 02:39:04.808,0.9925,0.99285,0.50,2.00
2007.11.15 02:39:05.000,0.9925,0.99285,0.50,2.00
2007.11.15 02:39:05.194,0.9925,0.9928,0.50,0.90
2007.11.15 02:39:05.422,0.9925,0.9928,0.50,0.70
2007.11.15 02:39:05.653,0.9925,0.99285,0.50,2.00
2007.11.15 02:39:05.882,0.9925,0.9928,0.50,0.50
2007.11.15 02:39:06.110,0.9925,0.9928,0.50,0.50
2007.11.15 02:39:06.339,0.9925,0.99285,0.50,2.00
2007.11.15 02:39:06.491,0.9925,0.99285,0.50,2.00
2007.11.15 02:39:06.645,0.9925,0.99285,0.50,2.00
2007.11.15 02:39:06.798,0.9925,0.99285,0.50,2.00
2007.11.15 02:39:06.951,0.9925,0.9928,0.50,0.80
2007.11.15 02:39:07.110,0.9925,0.9928,0.50,0.70
2007.11.15 02:39:07.257,0.9925,0.9928,0.50,0.60
2007.11.15 02:39:07.409,0.9925,0.99285,0.50,2.00
2007.11.15 02:39:07.561,0.9925,0.99285,0.50,2.00
2007.11.15 02:39:07.714,0.9925,0.9928,0.50,0.70
2007.11.15 02:39:07.870,0.9925,0.9928,0.50,0.50
2007.11.15 02:39:08.023,0.9925,0.99285,0.50,2.00
2007.11.15 02:39:08.176,0.9925,0.99285,0.50,2.00
2007.11.15 02:39:08.329,0.9925,0.99285,0.50,2.00
2007.11.15 02:39:08.513,0.9925,0.99285,0.50,2.00
2007.11.15 02:39:08.695,0.9925,0.99285,0.50,2.00
2007.11.15 02:39:08.877,0.9925,0.9928,0.50,0.70
2007.11.15 02:39:09.060,0.9925,0.99285,0.50,2.00
2007.11.15 02:39:09.244,0.9925,0.99285,0.50,2.00
2007.11.15 02:39:09.427,0.9925,0.99285,0.50,2.00
2007.11.15 02:39:09.606,0.9925,0.99285,0.50,2.00
2007.11.15 02:39:09.784,0.9925,0.99285,0.50,2.00
2007.11.15 02:39:09.962,0.9925,0.99285,0.50,2.00
2007.11.15 02:39:10.140,0.9925,0.99285,0.50,2.00
2007.11.15 02:39:10.317,0.9925,0.99285,0.50,2.00
2007.11.15 02:39:10.584,0.9925,0.99285,0.50,2.00
2007.11.15 02:39:10.833,0.9925,0.99285,0.50,2.00
2007.11.15 02:39:11.079,0.9925,0.99285,0.50,2.00
2007.11.15 02:39:11.328,0.9925,0.9928,0.50,0.80
2007.11.15 02:39:11.575,0.9925,0.99285,0.50,2.00
2007.11.15 02:39:11.822,0.9925,0.9928,0.50,0.90
2007.11.15 02:39:11.946,0.9925,0.99285,0.50,2.00
2007.11.15 02:39:12.068,0.9925,0.9928,0.50,0.50
2007.11.15 02:39:12.191,0.9925,0.99285,0.50,2.00
2007.11.15 02:39:12.315,0.9925,0.99285,0.50,2.00
2007.11.15 02:39:12.437,0.9925,0.9928,0.50,0.70
2007.11.15 02:39:12.559,0.9925,0.99285,0.50,2.00
2007.11.15 02:39:12.682,0.9925,0.9928,0.50,0.50
2007.11.15 02:39:12.804,0.9925,0.9928,0.50,0.60
2007.11.15 02:39:13.023,0.9925,0.9928,0.50,0.90
2007.11.15 02:39:13.240,0.9925,0.99285,0.50,2.00
2007.11.15 02:39:13.458,0.9925,0.9928,0.50,0.50
2007.11.15 02:39:13.675,0.9925,0.99285,0.50,2.00
2007.11.15 02:39:13.894,0.9925,0.99285,0.50,2.00
2007.11.15 02:39:14.092,0.9925,0.99285,0.50,2.00
2007.11.15 02:39:14.290,0.9925,0.9928,0.50,0.70
2007.11.15 02:39:14.487,0.9925,0.9928,0.50,0.90
2007.11.15 02:39:14.684,0.9925,0.99285,0.50,2.00
2007.11.15 02:39:14.883,0.9925,0.9928,0.50,0.50
2007.11.15 02:39:15.045,0.9925,0.9928,0.50,0.50
2007.11.15 02:39:15.213,0.9925,0.9928,0.50,0.50
2007.11.15 02:39:15.376,0.9925,0.9928,0.50,0.90
2007.11.15 02:39:15.540,0.9925,0.9928,0.50,0.70
2007.11.15 02:39:15.703,0.9925,0.9928,0.50,1.20
2007.11.15 02:39:15.867,0.9925,0.9928,0.50,1.20
2007.11.15 02:39:16.124,0.9925,0.9928,0.50,1.20
2007.11.15 02:39:16.381,0.9925,0.9928,0.50,1.20
2007.11.15 02:39:16.744,0.9925,0.9928,0.50,1.20
2007.11.15 02:39:17.002,0.9925,0.9928,0.50,1.20
2007.11.15 02:39:17.115,0.9925,0.9928,0.50,1.20
2007.11.15 02:39:17.228,0.9925,0.9928,0.50,1.20
2007.11.15 02:39:17.340,0.9925,0.9928,0.50,1.20
2007.11.15 02:39:17.454,0.9925,0.9928,0.50,1.20
2007.11.15 02:39:17.568,0.9925,0.9928,0.50,1.20
2007.11.15 02:39:17.680,0.9925,0.9928,0.50,1.20
2007.11.15 02:39:17.795,0.9925,0.9928,0.50,1.20
2007.11.15 02:39:17.908,0.9926,0.9928,0.50,1.20
2007.11.15 02:39:18.170,0.9926,0.9928,0.50,1.20
2007.11.15 02:39:18.434,0.9926,0.9928,0.50,0.80
2007.11.15 02:39:18.697,0.9926,0.9928,0.50,1.20
2007.11.15 02:39:18.960,0.9926,0.9928,0.50,0.50
2007.11.15 02:39:19.128,0.9926,0.9928,0.50,0.50
2007.11.15 02:39:19.296,0.9926,0.9928,0.50,0.50
2007.11.15 02:39:19.464,0.9926,0.9928,0.50,0.50
2007.11.15 02:39:19.632,0.9926,0.9928,0.50,0.50
2007.11.15 02:39:19.800,0.9926,0.9928,0.50,0.50
2007.11.15 02:39:19.968,0.9926,0.9928,0.50,0.50
2007.11.15 02:39:20.186,0.9926,0.9928,0.50,0.50
2007.11.15 02:39:20.404,0.9926,0.9928,0.50,0.50
2007.11.15 02:39:20.621,0.9926,0.9928,0.50,0.50
2007.11.15 02:39:20.839,0.9926,0.9928,0.50,0.50
2007.11.15 02:39:21.057,0.9926,0.9928,0.50,0.50
2007.11.15 02:39:21.300,0.9926,0.9928,0.50,0.50
2007.11.15 02:39:21.542,0.9926,0.9928,0.50,0.50
2007.11.15 02:39:21.785,0.9926,0.9928,0.50,0.50
2007.11.15 02:39:22.028,0.9926,0.9928,0.50,0.50
2007.11.15 02:39:22.271,0.9926,0.9928,0.50,0.50
2007.11.15 02:39:22.409,0.9926,0.9928,0.50,0.50
2007.11.15 02:39:22.547,0.9926,0.9928,0.50,0.50
2007.11.15 02:39:22.685,0.9926,0.9928,1.20,0.50
2007.11.15 02:39:22.906,0.9926,0.9929,1.20,1.80
2007.11.15 02:39:22.910,0.9927,0.9929,0.50,0.60
2007.11.15 02:39:23.047,0.9927,0.9929,0.50,0.70
2007.11.15 02:39:23.245,0.9927,0.993,0.50,7.50
2007.11.15 02:39:23.442,0.9927,0.993,0.50,7.50
2007.11.15 02:39:23.641,0.9927,0.9929,0.50,0.60
2007.11.15 02:39:23.838,0.9927,0.9929,0.50,0.90
2007.11.15 02:39:24.035,0.9927,0.993,0.50,7.50
2007.11.15 02:39:24.233,0.9927,0.993,0.50,7.50
2007.11.15 02:39:24.400,0.9927,0.993,0.50,7.50
2007.11.15 02:39:24.568,0.9927,0.993,0.50,7.50
2007.11.15 02:39:24.736,0.9927,0.993,0.50,7.50
2007.11.15 02:39:24.903,0.9927,0.9929,0.50,0.70
2007.11.15 02:39:25.071,0.9927,0.9929,0.50,0.80
2007.11.15 02:39:25.238,0.9927,0.9929,0.50,0.70
2007.11.15 02:39:25.506,0.9927,0.9929,0.50,0.60
2007.11.15 02:39:25.773,0.9927,0.993,0.50,7.50
2007.11.15 02:39:26.040,0.9927,0.993,0.50,7.50
2007.11.15 02:39:26.309,0.9927,0.993,0.50,7.50
2007.11.15 02:39:26.417,0.9927,0.993,0.50,7.50
2007.11.15 02:39:26.525,0.9927,0.9929,0.50,0.90
2007.11.15 02:39:26.632,0.9927,0.993,0.50,7.50
2007.11.15 02:39:26.740,0.9927,0.9929,0.50,0.50
2007.11.15 02:39:26.848,0.9927,0.993,0.50,7.50
2007.11.15 02:39:26.955,0.9927,0.9929,0.50,0.60
2007.11.15 02:39:27.062,0.9927,0.993,0.50,7.50
2007.11.15 02:39:27.170,0.9927,0.9929,0.50,0.60
2007.11.15 02:39:27.278,0.9927,0.9929,0.50,0.70
2007.11.15 02:39:27.385,0.9927,0.993,0.50,7.50
2007.11.15 02:39:27.644,0.9927,0.993,0.50,7.50
2007.11.15 02:39:27.901,0.9927,0.993,0.50,7.50
2007.11.15 02:39:28.159,0.9927,0.9929,0.50,0.60
2007.11.15 02:39:28.417,0.9927,0.9929,0.50,0.80
2007.11.15 02:39:28.519,0.9927,0.9929,0.50,0.60
2007.11.15 02:39:28.621,0.9927,0.9929,0.50,0.60
2007.11.15 02:39:28.724,0.9927,0.9929,0.50,0.50
2007.11.15 02:39:28.826,0.9927,0.993,0.50,7.50
2007.11.15 02:39:29.066,0.9927,0.993,0.50,7.50
2007.11.15 02:39:29.169,0.9927,0.9929,0.50,0.50
2007.11.15 02:39:29.270,0.9927,0.993,0.50,7.50
2007.11.15 02:39:29.373,0.9927,0.993,0.50,7.50
2007.11.15 02:39:29.475,0.9927,0.993,0.50,7.50
2007.11.15 02:39:29.733,0.9927,0.993,0.50,7.50
2007.11.15 02:39:29.990,0.9927,0.993,0.50,7.50
2007.11.15 02:39:30.248,0.9927,0.993,0.50,7.50
2007.11.15 02:39:30.506,0.9927,0.9929,0.50,0.90
2007.11.15 02:39:30.714,0.9927,0.993,0.50,7.50
2007.11.15 02:39:30.922,0.9927,0.993,0.50,7.50
2007.11.15 02:39:31.130,0.9927,0.9929,0.50,0.80
2007.11.15 02:39:31.338,0.9927,0.993,0.50,7.50
2007.11.15 02:39:31.546,0.9927,0.993,0.50,7.50
2007.11.15 02:39:31.754,0.9927,0.9929,0.50,0.50
2007.11.15 02:39:31.888,0.9927,0.993,0.50,7.50
2007.11.15 02:39:32.021,0.9927,0.9929,0.50,0.60
2007.11.15 02:39:32.153,0.9927,0.993,0.50,7.50
2007.11.15 02:39:32.286,0.9927,0.993,0.50,7.50
2007.11.15 02:39:32.418,0.9927,0.993,0.50,7.50
2007.11.15 02:39:32.551,0.9927,0.993,0.50,7.50
2007.11.15 02:39:32.683,0.9927,0.993,0.50,7.50
2007.11.15 02:39:32.901,0.9927,0.993,0.50,7.50
2007.11.15 02:39:33.119,0.9927,0.9929,0.50,0.60
2007.11.15 02:39:33.337,0.9927,0.993,0.50,7.50
2007.11.15 02:39:33.555,0.9927,0.993,0.50,7.50
2007.11.15 02:39:33.772,0.9927,0.9929,0.50,0.90
2007.11.15 02:39:33.910,0.9927,0.993,0.50,7.50
2007.11.15 02:39:34.048,0.9927,0.993,0.50,7.50
2007.11.15 02:39:34.186,0.9927,0.993,0.50,7.50
2007.11.15 02:39:34.328,0.9927,0.993,0.50,7.50
2007.11.15 02:39:34.466,0.9927,0.9929,0.50,0.50
2007.11.15 02:39:34.603,0.9927,0.993,0.50,7.50
2007.11.15 02:39:34.741,0.9927,0.993,0.50,7.50
2007.11.15 02:39:34.919,0.9927,0.9929,0.50,0.80
2007.11.15 02:39:35.229,0.9927,0.9929,0.50,0.60
2007.11.15 02:39:35.405,0.9927,0.9929,0.50,0.70
2007.11.15 02:39:35.583,0.9927,0.993,0.50,7.50
2007.11.15 02:39:35.761,0.9927,0.9929,0.50,0.60
2007.11.15 02:39:35.945,0.9927,0.9929,0.50,0.50
2007.11.15 02:39:36.163,0.9927,0.9929,0.50,0.90
2007.11.15 02:39:36.386,0.9927,0.9929,0.50,0.90
2007.11.15 02:39:36.609,0.9927,0.9929,0.50,0.50
2007.11.15 02:39:36.832,0.9927,0.9929,0.50,0.50
2007.11.15 02:39:37.055,0.9927,0.9929,0.50,0.90
2007.11.15 02:39:37.177,0.9927,0.9929,0.50,0.90
2007.11.15 02:39:37.300,0.9927,0.993,0.50,7.50
2007.11.15 02:39:37.427,0.9927,0.993,0.50,7.50
2007.11.15 02:39:37.545,0.9927,0.9929,0.50,0.90
2007.11.15 02:39:37.668,0.9927,0.9929,0.50,0.90
2007.11.15 02:39:37.790,0.9927,0.993,0.50,7.50
2007.11.15 02:39:37.919,0.9927,0.9929,0.50,0.60
2007.11.15 02:39:38.142,0.9927,0.9929,0.50,0.80
2007.11.15 02:39:38.370,0.9927,0.993,0.50,7.50
2007.11.15 02:39:38.598,0.9927,0.993,0.50,7.50
2007.11.15 02:39:38.826,0.9927,0.9929,0.50,0.50
2007.11.15 02:39:39.054,0.9927,0.9929,0.50,0.60
2007.11.15 02:39:39.187,0.9927,0.993,0.50,7.50
2007.11.15 02:39:39.320,0.9927,0.993,0.50,7.50
2007.11.15 02:39:39.452,0.9927,0.993,0.50,7.50
2007.11.15 02:39:39.585,0.9927,0.993,0.50,7.50
2007.11.15 02:39:39.718,0.9927,0.993,0.50,7.50
2007.11.15 02:39:39.850,0.9927,0.993,0.50,7.50
2007.11.15 02:39:39.984,0.9927,0.9929,0.50,0.50
2007.11.15 02:39:40.116,0.9927,0.9929,0.50,0.60
2007.11.15 02:39:40.409,0.9927,0.993,0.50,7.50
2007.11.15 02:39:40.708,0.9927,0.993,0.50,7.50
2007.11.15 02:39:41.000,0.9927,0.993,0.50,7.50
2007.11.15 02:39:41.390,0.9927,0.9929,0.50,0.70
2007.11.15 02:39:41.654,0.9927,0.993,0.50,7.50
2007.11.15 02:39:41.916,0.9927,0.993,0.50,7.50
2007.11.15 02:39:42.178,0.9927,0.993,0.50,7.50
2007.11.15 02:39:42.287,0.9927,0.9929,0.50,0.90
2007.11.15 02:39:42.395,0.9927,0.993,0.50,7.50
2007.11.15 02:39:42.502,0.9927,0.993,0.50,7.50
2007.11.15 02:39:42.609,0.9927,0.993,0.50,7.50
2007.11.15 02:39:42.718,0.9927,0.993,0.50,7.50
2007.11.15 02:39:42.826,0.9927,0.993,0.50,7.50
2007.11.15 02:39:42.933,0.9927,0.993,0.50,7.50
2007.11.15 02:39:43.040,0.9927,0.993,0.50,7.50
2007.11.15 02:39:43.278,0.9927,0.9929,0.50,0.90
2007.11.15 02:39:43.515,0.9927,0.993,0.50,7.50
2007.11.15 02:39:43.752,0.9927,0.9929,0.50,0.60
2007.11.15 02:39:43.991,0.9927,0.993,0.50,7.50
2007.11.15 02:39:44.229,0.9927,0.993,0.50,7.50
2007.11.15 02:39:44.366,0.9927,0.993,0.50,7.50
2007.11.15 02:39:44.503,0.9927,0.9929,0.50,0.70
2007.11.15 02:39:44.642,0.9927,0.993,0.50,7.50
2007.11.15 02:39:44.780,0.9927,0.993,0.50,7.50
2007.11.15 02:39:44.917,0.9927,0.993,0.50,7.50
2007.11.15 02:39:45.054,0.9927,0.993,0.50,7.50
2007.11.15 02:39:45.227,0.9927,0.9929,0.50,0.90
2007.11.15 02:39:45.399,0.9927,0.993,0.50,7.50
2007.11.15 02:39:45.571,0.9927,0.9929,0.50,0.70
2007.11.15 02:39:45.745,0.9927,0.9929,0.50,0.70
2007.11.15 02:39:45.918,0.9927,0.9929,0.50,0.60
2007.11.15 02:39:46.091,0.9927,0.993,0.50,7.50
2007.11.15 02:39:46.424,0.9927,0.9929,0.50,0.90
2007.11.15 02:39:46.756,0.9927,0.993,0.50,7.50
2007.11.15 02:39:47.090,0.9927,0.993,0.50,7.50
2007.11.15 02:39:47.553,0.9927,0.993,0.50,7.50
2007.11.15 02:39:47.736,0.9927,0.9929,0.50,0.90
2007.11.15 02:39:47.917,0.9927,0.9929,0.50,0.60
2007.11.15 02:39:48.100,0.9927,0.993,0.50,7.50
2007.11.15 02:39:48.294,0.9927,0.993,0.50,7.50
2007.11.15 02:39:48.487,0.9927,0.9929,0.50,0.80
2007.11.15 02:39:48.680,0.9927,0.993,0.50,7.50
2007.11.15 02:39:48.878,0.9927,0.9929,0.50,0.80
2007.11.15 02:39:49.067,0.9927,0.9929,0.50,0.70
2007.11.15 02:39:49.259,0.9927,0.993,0.50,7.50
2007.11.15 02:39:49.416,0.9927,0.9929,0.50,0.70
2007.11.15 02:39:49.574,0.9927,0.993,0.50,7.50
2007.11.15 02:39:49.732,0.9927,0.9929,0.50,0.90
2007.11.15 02:39:49.891,0.9927,0.993,0.50,7.50
2007.11.15 02:39:50.048,0.9927,0.993,0.50,7.50
2007.11.15 02:39:50.206,0.9927,0.9929,0.50,0.90
2007.11.15 02:39:50.363,0.9927,0.993,0.50,7.50
2007.11.15 02:39:50.520,0.9927,0.9929,0.50,1.20
2007.11.15 02:39:50.784,0.9927,0.9929,0.50,1.20
2007.11.15 02:39:51.046,0.9927,0.9929,0.50,1.20
2007.11.15 02:39:51.309,0.9927,0.9929,0.50,1.20
2007.11.15 02:39:51.571,0.9927,0.9929,0.50,1.20
2007.11.15 02:39:51.700,0.9927,0.9929,0.50,1.20
2007.11.15 02:39:51.827,0.9927,0.9929,0.50,1.20
2007.11.15 02:39:51.954,0.9927,0.9929,0.50,1.20
2007.11.15 02:39:52.083,0.9927,0.9929,0.50,1.20
2007.11.15 02:39:52.210,0.9927,0.9929,0.50,1.20
2007.11.15 02:39:52.337,0.9927,0.9929,0.50,1.20
2007.11.15 02:39:52.466,0.9927,0.9929,0.50,1.20
2007.11.15 02:39:52.698,0.9927,0.9929,0.50,1.20
2007.11.15 02:39:52.931,0.9926,0.993,0.80,0.20
2007.11.15 02:39:53.164,0.9926,0.993,0.80,0.20
2007.11.15 02:39:53.396,0.9926,0.993,0.80,0.20
2007.11.15 02:39:53.719,0.9926,0.993,0.80,0.20
2007.11.15 02:39:53.847,0.9926,0.993,0.80,0.20
2007.11.15 02:39:53.974,0.9926,0.993,0.80,0.20
2007.11.15 02:39:54.102,0.99245,0.993,7.60,0.20
2007.11.15 02:39:54.231,0.99245,0.993,7.60,0.20
2007.11.15 02:39:54.358,0.99245,0.993,7.60,0.20
2007.11.15 02:39:54.486,0.99245,0.993,7.60,0.20
2007.11.15 02:39:54.613,0.99245,0.993,7.60,0.20
2007.11.15 02:39:54.741,0.99245,0.993,7.60,0.20
2007.11.15 02:39:54.868,0.99245,0.993,7.60,0.20
2007.11.15 02:39:55.121,0.99245,0.993,7.60,0.20
2007.11.15 02:39:55.373,0.99245,0.993,7.60,0.20
2007.11.15 02:39:55.624,0.99245,0.993,7.60,0.20
2007.11.15 02:39:55.878,0.99245,0.993,7.60,0.20
2007.11.15 02:39:56.100,0.99245,0.993,7.60,0.20
2007.11.15 02:39:56.321,0.99245,0.993,7.60,0.20
2007.11.15 02:39:56.544,0.99245,0.993,7.60,0.20
2007.11.15 02:39:56.767,0.99245,0.993,7.60,0.20
2007.11.15 02:39:56.989,0.99245,0.993,7.60,0.20
2007.11.15 02:39:57.131,0.99245,0.993,7.60,0.20
2007.11.15 02:39:57.274,0.99245,0.993,7.60,0.20
2007.11.15 02:39:57.416,0.99245,0.993,7.60,0.20
2007.11.15 02:39:57.559,0.99245,0.993,7.60,0.20
2007.11.15 02:39:57.701,0.99245,0.993,7.60,0.20
2007.11.15 02:39:57.844,0.99245,0.993,7.60,0.20
2007.11.15 02:39:58.031,0.99245,0.993,7.60,0.20
2007.11.15 02:39:58.219,0.99245,0.993,7.60,0.20
2007.11.15 02:39:58.406,0.99245,0.993,7.60,0.20
2007.11.15 02:39:58.593,0.99245,0.993,7.60,0.20
2007.11.15 02:39:58.781,0.99245,0.993,7.60,0.20
2007.11.15 02:39:58.968,0.99245,0.993,7.60,0.20
2007.11.15 02:39:59.126,0.99245,0.993,7.60,0.20
2007.11.15 02:39:59.284,0.99245,0.993,7.60,0.20
2007.11.15 02:39:59.442,0.99245,0.993,7.60,0.20
2007.11.15 02:39:59.599,0.99245,0.993,7.60,0.20
2007.11.15 02:39:59.877,0.99245,0.993,7.60,0.20
2007.11.15 02:40:00.034,0.99245,0.993,7.60,0.20
2007.11.15 02:40:00.201,0.99245,0.993,7.60,0.20
2007.11.15 02:40:00.356,0.99245,0.993,7.60,0.20
2007.11.15 02:40:00.514,0.99245,0.993,7.60,0.20
2007.11.15 02:40:00.671,0.99245,0.993,7.60,0.20
2007.11.15 02:40:00.828,0.99245,0.993,7.60,0.20
2007.11.15 02:40:00.985,0.99245,0.993,7.60,0.20
2007.11.15 02:40:01.272,0.99245,0.993,7.60,0.20
2007.11.15 02:40:01.559,0.99245,0.993,7.60,0.20
2007.11.15 02:40:01.847,0.99245,0.993,7.60,0.20
2007.11.15 02:40:02.135,0.99245,0.993,7.60,0.20
2007.11.15 02:40:02.268,0.99245,0.993,7.60,0.20
2007.11.15 02:40:02.402,0.99245,0.993,7.60,0.20
2007.11.15 02:40:02.533,0.99245,0.993,7.60,0.20
2007.11.15 02:40:02.666,0.99245,0.993,7.60,0.20
2007.11.15 02:40:02.800,0.99245,0.993,7.60,0.20
2007.11.15 02:40:02.932,0.99245,0.993,8.00,0.20
2007.11.15 02:40:03.065,0.99245,0.993,8.00,0.20
2007.11.15 02:40:03.254,0.9926,0.9929,3.60,0.80
2007.11.15 02:40:03.429,0.9926,0.9929,1.50,0.80
2007.11.15 02:40:03.443,0.9925,0.9929,8.80,0.80
2007.11.15 02:40:03.630,0.9925,0.9929,8.80,0.80
2007.11.15 02:40:03.818,0.9925,0.9929,8.80,0.80
2007.11.15 02:40:04.007,0.9926,0.9929,1.40,0.80
2007.11.15 02:40:04.195,0.9925,0.9929,8.80,0.80
2007.11.15 02:40:04.382,0.9925,0.9929,8.80,0.80
2007.11.15 02:40:04.570,0.9926,0.993,1.00,2.40
2007.11.15 02:40:04.759,0.9926,0.993,2.90,2.40
2007.11.15 02:40:04.946,0.9925,0.993,8.80,2.40
2007.11.15 02:40:05.134,0.9925,0.993,8.80,0.80
2007.11.15 02:40:05.322,0.9925,0.993,8.80,0.80
2007.11.15 02:40:05.491,0.9925,0.993,8.80,0.80
2007.11.15 02:40:05.659,0.9926,0.993,3.40,0.80
2007.11.15 02:40:05.828,0.9926,0.993,1.60,1.20
2007.11.15 02:40:06.039,0.9925,0.993,6.40,2.80
2007.11.15 02:40:06.207,0.9926,0.993,0.90,2.80
2007.11.15 02:40:06.449,0.9925,0.993,6.40,2.80
2007.11.15 02:40:06.692,0.9925,0.993,6.40,2.80
2007.11.15 02:40:06.940,0.9925,0.993,6.40,2.80
2007.11.15 02:40:07.184,0.9926,0.993,1.50,2.80
2007.11.15 02:40:07.296,0.9925,0.993,6.40,2.80
2007.11.15 02:40:07.408,0.9926,0.993,1.40,2.80
2007.11.15 02:40:07.522,0.9925,0.993,6.40,2.80
2007.11.15 02:40:07.634,0.9925,0.993,6.40,2.80
2007.11.15 02:40:07.746,0.9926,0.993,1.70,2.80
2007.11.15 02:40:07.859,0.9926,0.993,1.10,2.80
2007.11.15 02:40:07.972,0.9925,0.993,6.40,2.80
2007.11.15 02:40:08.084,0.9926,0.993,1.60,2.80
2007.11.15 02:40:08.198,0.9925,0.993,6.40,2.80
2007.11.15 02:40:08.310,0.9926,0.993,0.80,2.80
2007.11.15 02:40:08.568,0.9926,0.993,1.90,2.80
2007.11.15 02:40:08.825,0.9925,0.993,6.40,2.80
2007.11.15 02:40:09.083,0.9925,0.993,6.40,2.80
2007.11.15 02:40:09.341,0.9925,0.993,6.40,2.80
2007.11.15 02:40:09.469,0.9925,0.993,6.40,2.80
2007.11.15 02:40:09.597,0.9926,0.993,1.10,2.80
2007.11.15 02:40:09.725,0.9925,0.993,6.40,2.80
2007.11.15 02:40:09.853,0.9926,0.993,1.40,2.80
2007.11.15 02:40:09.980,0.9926,0.993,0.70,2.80
2007.11.15 02:40:10.108,0.9925,0.993,6.40,2.80
2007.11.15 02:40:10.239,0.9925,0.993,6.40,2.80
2007.11.15 02:40:10.366,0.9925,0.993,6.40,1.20
2007.11.15 02:40:10.569,0.9926,0.993,1.00,1.20
2007.11.15 02:40:10.773,0.9925,0.993,6.40,1.20
2007.11.15 02:40:10.975,0.9925,0.993,6.40,1.20
2007.11.15 02:40:11.177,0.9926,0.993,1.60,1.20
2007.11.15 02:40:11.380,0.9925,0.993,6.40,1.20
2007.11.15 02:40:11.608,0.9926,0.993,2.20,1.20
2007.11.15 02:40:11.835,0.9926,0.993,1.60,1.20
2007.11.15 02:40:12.200,0.9926,0.993,1.00,1.20
2007.11.15 02:40:12.428,0.9925,0.993,6.40,1.20
2007.11.15 02:40:12.536,0.9925,0.993,6.40,1.20
2007.11.15 02:40:12.644,0.9926,0.993,0.70,1.20
2007.11.15 02:40:12.750,0.9925,0.993,6.40,1.20
2007.11.15 02:40:12.861,0.9925,0.993,6.40,1.20
2007.11.15 02:40:12.968,0.9925,0.993,6.40,1.20
2007.11.15 02:40:13.078,0.9925,0.993,6.40,1.20
2007.11.15 02:40:13.184,0.9926,0.993,2.10,1.20
2007.11.15 02:40:13.291,0.9926,0.993,1.30,1.20
2007.11.15 02:40:13.404,0.9925,0.993,6.40,1.20
2007.11.15 02:40:13.506,0.9925,0.993,6.40,1.20
2007.11.15 02:40:13.614,0.9925,0.993,6.40,1.20
2007.11.15 02:40:13.852,0.9926,0.993,2.00,1.20
2007.11.15 02:40:14.090,0.9926,0.993,1.80,1.20
2007.11.15 02:40:14.328,0.9925,0.993,6.40,1.20
2007.11.15 02:40:14.565,0.9925,0.993,6.40,1.20
2007.11.15 02:40:14.803,0.9925,0.993,6.40,1.20
2007.11.15 02:40:14.926,0.9925,0.993,6.40,1.20
2007.11.15 02:40:15.048,0.9925,0.993,6.40,1.20
2007.11.15 02:40:15.171,0.9926,0.993,0.80,1.20
2007.11.15 02:40:15.294,0.9925,0.993,6.40,1.20
2007.11.15 02:40:15.417,0.9926,0.993,1.60,1.20
2007.11.15 02:40:15.540,0.9925,0.993,6.40,1.20
2007.11.15 02:40:15.662,0.9925,0.993,6.40,1.20
2007.11.15 02:40:15.950,0.9925,0.993,6.40,1.20
2007.11.15 02:40:16.238,0.9926,0.993,1.50,1.20
2007.11.15 02:40:16.526,0.9925,0.993,6.40,1.20
2007.11.15 02:40:16.813,0.9925,0.993,6.40,1.20
2007.11.15 02:40:16.905,0.9925,0.993,6.40,1.20
2007.11.15 02:40:16.998,0.9926,0.993,1.00,1.20
2007.11.15 02:40:17.091,0.9925,0.993,6.40,1.20
2007.11.15 02:40:17.183,0.9925,0.993,6.40,1.20
2007.11.15 02:40:17.276,0.9925,0.993,6.40,1.20
2007.11.15 02:40:17.369,0.9925,0.993,6.40,1.20
2007.11.15 02:40:17.461,0.9925,0.993,6.40,1.20
2007.11.15 02:40:17.555,0.9925,0.993,6.40,1.20
2007.11.15 02:40:17.647,0.9925,0.993,6.40,1.20
2007.11.15 02:40:17.739,0.9925,0.993,6.40,1.20
2007.11.15 02:40:17.831,0.9925,0.993,6.40,1.20
2007.11.15 02:40:18.084,0.9925,0.993,6.40,1.20
2007.11.15 02:40:18.376,0.9925,0.993,6.40,1.20
2007.11.15 02:40:18.629,0.9925,0.993,6.40,1.20
2007.11.15 02:40:18.883,0.9925,0.993,6.40,1.20
2007.11.15 02:40:18.982,0.9926,0.993,1.70,1.20
2007.11.15 02:40:19.080,0.9925,0.993,6.40,1.20
2007.11.15 02:40:19.179,0.9925,0.993,6.40,1.20
2007.11.15 02:40:19.276,0.9926,0.993,1.20,1.20
2007.11.15 02:40:19.373,0.9926,0.993,2.00,1.20
2007.11.15 02:40:19.471,0.9925,0.993,6.40,1.20
2007.11.15 02:40:19.570,0.9925,0.993,6.40,1.20
2007.11.15 02:40:19.667,0.9926,0.993,1.50,1.20
2007.11.15 02:40:19.765,0.9925,0.993,6.40,1.20
2007.11.15 02:40:19.863,0.9925,0.993,6.40,1.20
2007.11.15 02:40:19.961,0.9925,0.993,6.40,1.20
2007.11.15 02:40:20.229,0.9925,0.993,6.40,1.20
2007.11.15 02:40:20.497,0.9926,0.993,1.70,1.20
2007.11.15 02:40:20.765,0.9926,0.993,1.20,1.20
2007.11.15 02:40:21.038,0.9925,0.993,6.40,1.20
2007.11.15 02:40:21.231,0.9926,0.993,1.60,1.20
2007.11.15 02:40:21.424,0.9925,0.993,7.60,1.20
2007.11.15 02:40:21.617,0.9925,0.993,7.60,1.20
2007.11.15 02:40:21.811,0.9925,0.9929,7.60,0.50
2007.11.15 02:40:22.004,0.9925,0.9929,7.60,0.50
2007.11.15 02:40:22.217,0.9925,0.9929,7.60,0.50
2007.11.15 02:40:22.430,0.9925,0.9929,7.60,0.50
2007.11.15 02:40:22.643,0.9926,0.9929,0.50,0.50
2007.11.15 02:40:22.856,0.9926,0.9929,0.60,0.80
2007.11.15 02:40:23.069,0.9926,0.9929,1.10,0.80
2007.11.15 02:40:23.247,0.9925,0.9929,7.60,0.80
2007.11.15 02:40:23.430,0.9925,0.9929,7.60,0.80
2007.11.15 02:40:23.607,0.9926,0.9929,0.60,0.80
2007.11.15 02:40:23.785,0.9926,0.9929,1.00,0.80
2007.11.15 02:40:23.963,0.9926,0.9929,1.20,0.80
2007.11.15 02:40:24.141,0.9926,0.9929,1.40,0.80
2007.11.15 02:40:24.294,0.9925,0.9929,7.60,0.80
2007.11.15 02:40:24.541,0.9925,0.9929,7.60,0.80
2007.11.15 02:40:24.696,0.9926,0.9929,1.30,0.80
2007.11.15 02:40:24.850,0.9925,0.9929,7.60,0.80
2007.11.15 02:40:25.002,0.9925,0.9929,7.60,0.80
2007.11.15 02:40:25.155,0.9926,0.9929,1.60,0.80
2007.11.15 02:40:25.303,0.9926,0.9929,0.80,0.80
2007.11.15 02:40:25.446,0.9925,0.9929,7.60,0.80
2007.11.15 02:40:25.589,0.9925,0.9929,7.60,0.80
2007.11.15 02:40:25.731,0.9925,0.9929,7.60,0.80
2007.11.15 02:40:25.875,0.9926,0.9929,0.70,0.80
2007.11.15 02:40:26.018,0.9925,0.9929,7.60,0.80
2007.11.15 02:40:26.160,0.9926,0.9929,1.60,0.80
2007.11.15 02:40:26.448,0.9925,0.9929,7.60,0.80
2007.11.15 02:40:26.736,0.9925,0.9929,7.60,0.80
2007.11.15 02:40:27.023,0.9925,0.9929,7.60,0.80
2007.11.15 02:40:27.311,0.9925,0.9929,7.60,0.80
2007.11.15 02:40:27.420,0.9926,0.9929,0.60,0.80
2007.11.15 02:40:27.528,0.9925,0.9929,7.60,0.80
2007.11.15 02:40:27.635,0.9925,0.9929,7.60,0.80
2007.11.15 02:40:27.744,0.9926,0.9929,0.50,0.80
2007.11.15 02:40:27.857,0.9925,0.9929,6.40,0.80
2007.11.15 02:40:27.959,0.9926,0.9929,0.70,0.80
2007.11.15 02:40:28.067,0.9925,0.9929,6.40,0.80
2007.11.15 02:40:28.175,0.9925,0.9929,6.40,0.80
2007.11.15 02:40:28.447,0.9925,0.9929,6.40,0.80
2007.11.15 02:40:28.719,0.9926,0.9929,2.10,0.80
2007.11.15 02:40:28.992,0.9926,0.9929,1.80,0.80
2007.11.15 02:40:29.270,0.9925,0.9929,6.40,0.80
2007.11.15 02:40:29.538,0.9925,0.9929,6.40,0.80
2007.11.15 02:40:29.661,0.9925,0.9929,6.40,0.80
2007.11.15 02:40:29.784,0.9926,0.9929,1.50,0.80
2007.11.15 02:40:29.906,0.9926,0.9929,1.70,0.80
2007.11.15 02:40:30.029,0.9925,0.9929,6.40,0.80
2007.11.15 02:40:30.152,0.9925,0.9929,6.40,0.80
2007.11.15 02:40:30.275,0.9926,0.9929,2.20,0.80
2007.11.15 02:40:30.483,0.9925,0.9929,6.40,0.80
2007.11.15 02:40:30.702,0.9925,0.993,6.40,11.60
2007.11.15 02:40:30.911,0.9926,0.9929,0.90,0.80
2007.11.15 02:40:31.119,0.9925,0.993,6.40,11.60
2007.11.15 02:40:31.327,0.9925,0.993,6.40,11.60
2007.11.15 02:40:31.546,0.9926,0.9929,0.60,0.80
2007.11.15 02:40:31.758,0.9925,0.993,6.40,11.60
2007.11.15 02:40:31.972,0.9925,0.993,6.40,11.60
2007.11.15 02:40:32.184,0.9926,0.9929,0.60,0.80
2007.11.15 02:40:32.397,0.9926,0.9929,0.60,0.80
2007.11.15 02:40:32.535,0.9926,0.9929,0.90,0.80
2007.11.15 02:40:32.673,0.9925,0.993,6.40,11.60
2007.11.15 02:40:32.811,0.9926,0.993,3.60,11.60
2007.11.15 02:40:32.949,0.9926,0.9929,3.60,0.80
2007.11.15 02:40:33.088,0.9926,0.993,3.60,11.60
2007.11.15 02:40:33.226,0.9926,0.9929,3.60,0.80
2007.11.15 02:40:33.364,0.9926,0.993,3.60,11.60
2007.11.15 02:40:33.501,0.9926,0.993,3.60,11.60
2007.11.15 02:40:33.689,0.9926,0.9929,3.60,0.80
2007.11.15 02:40:33.877,0.9926,0.9929,3.60,0.80
2007.11.15 02:40:34.065,0.9926,0.9929,3.60,0.80
2007.11.15 02:40:34.253,0.9926,0.9929,3.60,0.80
2007.11.15 02:40:34.440,0.9926,0.9929,3.60,0.80
2007.11.15 02:40:34.588,0.9926,0.993,3.60,11.60
2007.11.15 02:40:34.729,0.9926,0.9929,3.60,0.80
2007.11.15 02:40:34.872,0.9926,0.993,3.60,11.60
2007.11.15 02:40:35.014,0.9926,0.993,3.60,11.60
2007.11.15 02:40:35.158,0.9926,0.993,3.60,11.60
2007.11.15 02:40:35.301,0.9926,0.993,3.60,11.60
2007.11.15 02:40:35.444,0.9926,0.9929,3.60,0.80
2007.11.15 02:40:35.743,0.9926,0.9929,3.60,0.80
2007.11.15 02:40:36.029,0.9926,0.993,3.60,11.60
2007.11.15 02:40:36.323,0.9926,0.993,3.60,11.60
2007.11.15 02:40:36.616,0.9926,0.993,3.60,11.60
2007.11.15 02:40:36.709,0.9926,0.9929,3.60,0.80
2007.11.15 02:40:36.866,0.9926,0.993,3.60,11.60
2007.11.15 02:40:36.960,0.9926,0.993,3.60,11.60
2007.11.15 02:40:37.052,0.9926,0.993,3.60,11.60
2007.11.15 02:40:37.146,0.9926,0.993,3.60,11.60
2007.11.15 02:40:37.239,0.9926,0.9929,3.60,0.80
2007.11.15 02:40:37.331,0.9926,0.993,3.60,11.60
2007.11.15 02:40:37.423,0.9926,0.993,3.60,11.60
2007.11.15 02:40:37.515,0.9926,0.993,3.60,11.60
2007.11.15 02:40:37.609,0.9926,0.993,3.60,11.60
2007.11.15 02:40:37.702,0.9926,0.993,3.60,11.60
2007.11.15 02:40:37.949,0.9926,0.993,3.60,11.60
2007.11.15 02:40:38.197,0.9926,0.9929,3.60,0.80
2007.11.15 02:40:38.445,0.9926,0.9929,3.60,0.80
2007.11.15 02:40:38.692,0.9926,0.993,3.60,11.60
2007.11.15 02:40:38.819,0.9926,0.9929,3.60,0.80
2007.11.15 02:40:38.948,0.9926,0.9929,3.60,0.80
2007.11.15 02:40:39.076,0.9926,0.993,3.60,11.60
2007.11.15 02:40:39.204,0.9926,0.9929,3.60,0.80
2007.11.15 02:40:39.331,0.9926,0.993,3.60,11.60
2007.11.15 02:40:39.458,0.9926,0.993,3.60,11.60
2007.11.15 02:40:39.585,0.9926,0.993,3.60,11.60
2007.11.15 02:40:39.713,0.9926,0.9929,3.60,0.80
2007.11.15 02:40:39.936,0.9926,0.993,6.00,1.30
2007.11.15 02:40:40.159,0.9926,0.993,6.00,1.30
2007.11.15 02:40:40.383,0.9926,0.993,6.00,1.30
2007.11.15 02:40:40.604,0.9926,0.9931,7.60,14.00
2007.11.15 02:40:40.828,0.9926,0.9929,7.60,0.80
2007.11.15 02:40:41.095,0.9926,0.9931,7.60,14.00
2007.11.15 02:40:41.363,0.9926,0.9929,7.60,0.80
2007.11.15 02:40:41.630,0.9926,0.9931,7.60,14.00
2007.11.15 02:40:41.898,0.9926,0.9931,7.60,14.00
2007.11.15 02:40:42.036,0.9926,0.9931,7.60,14.00
2007.11.15 02:40:42.173,0.9926,0.9929,7.60,0.80
2007.11.15 02:40:42.311,0.9926,0.9931,7.60,14.00
2007.11.15 02:40:42.450,0.9926,0.993,7.60,0.80
2007.11.15 02:40:42.587,0.9926,0.9931,7.60,14.00
2007.11.15 02:40:42.725,0.9926,0.9931,7.60,14.00
2007.11.15 02:40:42.863,0.9926,0.993,7.60,0.80
2007.11.15 02:40:43.056,0.9926,0.9931,7.60,14.00
2007.11.15 02:40:43.248,0.9926,0.9931,7.60,14.00
2007.11.15 02:40:43.441,0.9926,0.9931,6.00,14.00
2007.11.15 02:40:43.634,0.9926,0.993,6.00,0.80
2007.11.15 02:40:43.826,0.9926,0.993,6.00,0.80
2007.11.15 02:40:43.974,0.9926,0.9931,7.60,14.00
2007.11.15 02:40:44.121,0.9926,0.9931,7.60,14.00
2007.11.15 02:40:44.268,0.9926,0.9931,7.60,14.00
2007.11.15 02:40:44.416,0.9926,0.9931,7.60,14.00
2007.11.15 02:40:44.570,0.9926,0.9931,6.00,14.00
2007.11.15 02:40:44.713,0.9926,0.993,6.00,0.80
2007.11.15 02:40:44.861,0.9926,0.993,6.00,0.80
2007.11.15 02:40:45.089,0.9926,0.9931,6.00,14.00
2007.11.15 02:40:45.317,0.9926,0.9931,6.00,14.00
2007.11.15 02:40:45.544,0.9926,0.993,6.00,0.80
2007.11.15 02:40:45.771,0.9926,0.993,6.00,0.80
2007.11.15 02:40:46.000,0.9926,0.9931,6.00,14.00
2007.11.15 02:40:46.233,0.9926,0.9931,6.00,14.00
2007.11.15 02:40:46.460,0.9926,0.9931,6.00,14.00
2007.11.15 02:40:46.689,0.9926,0.9931,6.00,14.00
2007.11.15 02:40:46.916,0.9926,0.9931,6.00,14.00
2007.11.15 02:40:47.043,0.9926,0.9931,6.00,14.00
2007.11.15 02:40:47.170,0.9926,0.9931,6.00,14.00
2007.11.15 02:40:47.299,0.9926,0.993,6.00,0.80
2007.11.15 02:40:47.427,0.9926,0.9931,6.00,14.00
2007.11.15 02:40:47.554,0.9926,0.9931,6.00,14.00
2007.11.15 02:40:47.681,0.9926,0.9931,6.00,14.00
2007.11.15 02:40:47.810,0.9926,0.993,6.00,0.80
2007.11.15 02:40:47.937,0.9926,0.993,6.00,0.80
2007.11.15 02:40:48.135,0.9926,0.993,6.00,0.80
2007.11.15 02:40:48.333,0.9926,0.9931,6.00,14.00
2007.11.15 02:40:48.530,0.9926,0.9931,6.00,14.00
2007.11.15 02:40:48.727,0.9926,0.9931,6.00,14.00
2007.11.15 02:40:48.925,0.9926,0.9931,6.00,14.00
2007.11.15 02:40:49.189,0.9926,0.993,6.00,0.80
2007.11.15 02:40:49.331,0.9926,0.993,6.00,0.80
2007.11.15 02:40:49.473,0.9926,0.9931,6.00,14.00
2007.11.15 02:40:49.616,0.9926,0.9931,6.00,14.00
2007.11.15 02:40:49.758,0.9926,0.993,6.00,0.80
2007.11.15 02:40:49.901,0.9926,0.993,6.00,0.80
2007.11.15 02:40:50.043,0.9926,0.9931,6.00,14.00
2007.11.15 02:40:50.226,0.9926,0.993,6.00,0.80
2007.11.15 02:40:50.408,0.9926,0.993,6.00,0.80
2007.11.15 02:40:50.591,0.9926,0.9931,6.00,14.00
2007.11.15 02:40:50.774,0.9926,0.993,6.00,0.80
2007.11.15 02:40:50.956,0.9926,0.993,6.00,0.80
2007.11.15 02:40:51.178,0.9926,0.9931,6.00,14.00
2007.11.15 02:40:51.401,0.9926,0.993,6.00,0.80
2007.11.15 02:40:51.624,0.9926,0.993,6.00,0.80
2007.11.15 02:40:51.852,0.9926,0.9931,6.00,14.00
2007.11.15 02:40:52.069,0.9926,0.993,6.00,0.80
2007.11.15 02:40:52.186,0.9926,0.993,6.00,0.80
2007.11.15 02:40:52.305,0.9926,0.9931,6.00,14.00
2007.11.15 02:40:52.422,0.9926,0.993,6.00,0.80
2007.11.15 02:40:52.540,0.9926,0.9931,6.00,14.00
2007.11.15 02:40:52.657,0.9926,0.993,6.00,0.80
2007.11.15 02:40:52.776,0.9926,0.9931,6.00,14.00
2007.11.15 02:40:52.893,0.9926,0.993,6.00,0.80
2007.11.15 02:40:53.011,0.9926,0.993,6.00,0.80
2007.11.15 02:40:53.128,0.9926,0.993,6.00,0.80
2007.11.15 02:40:53.341,0.9926,0.9931,6.00,14.00
2007.11.15 02:40:53.553,0.9926,0.993,6.00,0.80
2007.11.15 02:40:53.765,0.9926,0.9931,6.00,14.00
2007.11.15 02:40:53.979,0.9926,0.993,6.00,0.80
2007.11.15 02:40:54.191,0.9926,0.9931,6.00,14.00
2007.11.15 02:40:54.379,0.9926,0.9931,6.00,14.00
2007.11.15 02:40:54.568,0.9926,0.993,6.00,0.80
2007.11.15 02:40:54.756,0.9926,0.9931,6.00,14.00
2007.11.15 02:40:54.944,0.9926,0.9931,6.00,14.00
2007.11.15 02:40:55.132,0.9926,0.9931,6.00,14.00
2007.11.15 02:40:55.349,0.9926,0.9931,6.00,14.00
2007.11.15 02:40:55.498,0.9926,0.9931,6.00,14.00
2007.11.15 02:40:55.645,0.9926,0.9931,6.00,14.00
2007.11.15 02:40:55.792,0.9926,0.9931,6.00,14.00
2007.11.15 02:40:55.940,0.9926,0.993,6.00,0.80
2007.11.15 02:40:56.087,0.9926,0.9931,6.00,14.00
2007.11.15 02:40:56.234,0.9926,0.9931,6.00,14.00
2007.11.15 02:40:56.383,0.9926,0.9931,6.00,14.00
2007.11.15 02:40:56.635,0.9926,0.9931,6.00,14.00
2007.11.15 02:40:56.893,0.9926,0.9931,6.00,14.00
2007.11.15 02:40:57.140,0.9926,0.993,6.00,0.80
2007.11.15 02:40:57.393,0.9926,0.9931,6.00,14.00
2007.11.15 02:40:57.507,0.9926,0.993,6.00,0.80
2007.11.15 02:40:57.619,0.9926,0.993,6.00,0.80
2007.11.15 02:40:57.738,0.9926,0.993,6.00,0.80
2007.11.15 02:40:57.845,0.9926,0.9931,6.00,14.00
2007.11.15 02:40:57.957,0.9926,0.993,6.00,0.80
2007.11.15 02:40:58.069,0.9926,0.993,6.00,0.80
2007.11.15 02:40:58.182,0.9926,0.993,6.00,0.80
2007.11.15 02:40:58.295,0.9926,0.9931,6.00,14.00
2007.11.15 02:40:58.538,0.9926,0.993,6.00,0.80
2007.11.15 02:40:58.780,0.9926,0.9931,6.00,14.00
2007.11.15 02:40:59.023,0.9926,0.993,6.00,0.80
2007.11.15 02:40:59.267,0.9926,0.993,6.00,0.80
2007.11.15 02:40:59.404,0.9926,0.9931,6.00,14.00
2007.11.15 02:40:59.543,0.9926,0.9931,6.00,14.00
2007.11.15 02:40:59.680,0.9926,0.9931,6.00,14.00
2007.11.15 02:40:59.819,0.9926,0.993,6.00,0.80
2007.11.15 02:40:59.958,0.9926,0.993,6.00,0.80
2007.11.15 02:41:00.095,0.9926,0.993,6.00,0.80
2007.11.15 02:41:00.233,0.9926,0.993,6.00,0.80
2007.11.15 02:41:00.371,0.9926,0.993,6.00,0.80
2007.11.15 02:41:00.539,0.9926,0.993,6.00,0.80
2007.11.15 02:41:00.708,0.9926,0.993,6.00,0.80
2007.11.15 02:41:00.876,0.9926,0.993,6.00,0.80
2007.11.15 02:41:01.043,0.9926,0.993,6.00,0.80
2007.11.15 02:41:01.211,0.9926,0.993,6.00,0.80
2007.11.15 02:41:01.510,0.9926,0.993,6.00,0.80
2007.11.15 02:41:01.787,0.9926,0.993,6.00,0.80
2007.11.15 02:41:02.064,0.9926,0.993,6.00,0.80
2007.11.15 02:41:02.341,0.9926,0.993,6.00,0.80
2007.11.15 02:41:02.464,0.9926,0.993,6.00,0.80
2007.11.15 02:41:02.586,0.9926,0.993,6.00,0.80
2007.11.15 02:41:02.710,0.9926,0.993,6.00,0.80
2007.11.15 02:41:02.832,0.9926,0.993,6.00,0.80
2007.11.15 02:41:02.956,0.9926,0.993,6.00,0.80
2007.11.15 02:41:03.078,0.9926,0.993,6.00,0.80
2007.11.15 02:41:03.201,0.9926,0.993,6.00,0.80
2007.11.15 02:41:03.323,0.9926,0.993,6.00,0.80
2007.11.15 02:41:03.446,0.9926,0.993,6.00,0.80
2007.11.15 02:41:03.674,0.9926,0.993,6.00,0.80
2007.11.15 02:41:03.904,0.9926,0.993,6.00,0.80
2007.11.15 02:41:04.130,0.9926,0.993,6.00,0.80
2007.11.15 02:41:04.358,0.9926,0.993,6.00,0.80
2007.11.15 02:41:04.586,0.9926,0.993,6.00,0.80
2007.11.15 02:41:04.708,0.9926,0.993,6.00,0.80
2007.11.15 02:41:04.832,0.9926,0.993,3.60,1.20
2007.11.15 02:41:04.954,0.9926,0.993,3.60,1.20
2007.11.15 02:41:05.077,0.9926,0.993,3.60,1.20
2007.11.15 02:41:05.200,0.9926,0.993,3.60,1.20
2007.11.15 02:41:05.323,0.9926,0.993,3.60,1.20
2007.11.15 02:41:05.445,0.9926,0.993,3.60,1.20
2007.11.15 02:41:05.713,0.9926,0.993,3.60,1.20
2007.11.15 02:41:05.980,0.9926,0.993,3.60,1.20
2007.11.15 02:41:06.247,0.9926,0.9929,3.60,0.80
2007.11.15 02:41:06.515,0.9926,0.9929,6.00,0.80
2007.11.15 02:41:06.744,0.9926,0.9929,6.00,0.80
2007.11.15 02:41:06.971,0.9926,0.9929,6.00,0.80
2007.11.15 02:41:07.199,0.9926,0.9929,6.00,0.80
2007.11.15 02:41:07.427,0.9926,0.993,6.00,0.80
2007.11.15 02:41:07.667,0.9926,0.993,6.00,0.80
2007.11.15 02:41:07.775,0.9926,0.9931,6.00,14.00
2007.11.15 02:41:07.805,0.9926,0.9931,6.00,14.00
2007.11.15 02:41:07.944,0.9926,0.9931,6.00,14.00
2007.11.15 02:41:08.082,0.9926,0.993,6.00,0.80
2007.11.15 02:41:08.224,0.9926,0.9931,6.00,14.00
2007.11.15 02:41:08.357,0.9926,0.9931,6.00,14.00
2007.11.15 02:41:08.495,0.9926,0.9931,6.00,14.00
2007.11.15 02:41:08.694,0.9926,0.9931,6.00,14.00
2007.11.15 02:41:08.891,0.9926,0.993,6.00,0.80
2007.11.15 02:41:09.094,0.9926,0.993,6.00,0.80
2007.11.15 02:41:09.292,0.9926,0.993,6.00,0.80
2007.11.15 02:41:09.492,0.9926,0.993,6.00,0.80
2007.11.15 02:41:09.621,0.9926,0.993,6.00,0.80
2007.11.15 02:41:09.749,0.9926,0.993,6.00,0.80
2007.11.15 02:41:09.878,0.9926,0.993,6.00,0.80
2007.11.15 02:41:10.005,0.9926,0.993,6.00,0.80
2007.11.15 02:41:10.133,0.9926,0.993,6.00,0.80
2007.11.15 02:41:10.262,0.9926,0.993,6.00,0.80
2007.11.15 02:41:10.389,0.9926,0.993,6.00,0.80
2007.11.15 02:41:10.516,0.9926,0.993,6.00,0.80
2007.11.15 02:41:10.719,0.9927,0.993,0.80,0.80
2007.11.15 02:41:10.923,0.9927,0.993,1.20,0.80
2007.11.15 02:41:11.126,0.9927,0.993,1.20,0.80
2007.11.15 02:41:11.328,0.9927,0.993,1.20,0.80
2007.11.15 02:41:11.532,0.9927,0.993,1.20,0.80
2007.11.15 02:41:11.800,0.9926,0.993,6.00,0.80
2007.11.15 02:41:12.068,0.9926,0.993,6.00,0.80
2007.11.15 02:41:12.335,0.9927,0.993,1.20,0.80
2007.11.15 02:41:12.603,0.9927,0.993,1.20,0.80
2007.11.15 02:41:12.802,0.9927,0.993,0.50,1.20
2007.11.15 02:41:12.996,0.9927,0.993,0.50,1.20
2007.11.15 02:41:13.189,0.9927,0.993,1.20,0.80
2007.11.15 02:41:13.382,0.9927,0.993,1.20,0.80
2007.11.15 02:41:13.575,0.9927,0.993,1.20,0.80
2007.11.15 02:41:13.834,0.9927,0.993,1.20,0.80
2007.11.15 02:41:14.077,0.9927,0.993,1.20,0.80
2007.11.15 02:41:14.320,0.9927,0.993,1.20,0.80
2007.11.15 02:41:14.567,0.9927,0.993,1.20,0.80
2007.11.15 02:41:14.699,0.9927,0.993,1.20,0.80
2007.11.15 02:41:14.831,0.9927,0.993,1.20,0.80
2007.11.15 02:41:14.964,0.9927,0.993,1.20,0.80
2007.11.15 02:41:15.097,0.9927,0.993,1.20,0.80
2007.11.15 02:41:15.229,0.9927,0.993,1.20,0.80
2007.11.15 02:41:15.361,0.9927,0.993,1.20,0.80
2007.11.15 02:41:15.494,0.9927,0.993,1.20,0.80
2007.11.15 02:41:15.633,0.9927,0.993,1.20,0.80
2007.11.15 02:41:15.855,0.9927,0.993,1.20,0.80
2007.11.15 02:41:16.078,0.9927,0.993,1.20,0.80
2007.11.15 02:41:16.301,0.9927,0.993,1.20,0.80
2007.11.15 02:41:16.529,0.9927,0.993,1.20,0.80
2007.11.15 02:41:16.746,0.9927,0.993,1.20,0.80
2007.11.15 02:41:16.939,0.9927,0.993,1.20,0.80
2007.11.15 02:41:17.132,0.9927,0.993,1.20,0.80
2007.11.15 02:41:17.325,0.9927,0.993,1.20,0.80
2007.11.15 02:41:17.517,0.9927,0.993,1.20,0.80
2007.11.15 02:41:17.710,0.9927,0.993,1.20,0.80
2007.11.15 02:41:17.904,0.9928,0.993,0.50,0.80
2007.11.15 02:41:18.061,0.9928,0.993,0.50,0.80
2007.11.15 02:41:18.218,0.9928,0.993,0.50,0.80
2007.11.15 02:41:18.376,0.9928,0.993,0.50,0.80
2007.11.15 02:41:18.534,0.9928,0.993,0.50,0.80
2007.11.15 02:41:18.691,0.9928,0.993,0.50,0.80
2007.11.15 02:41:18.849,0.9928,0.993,0.50,0.80
2007.11.15 02:41:19.047,0.9928,0.993,0.50,0.80
2007.11.15 02:41:19.244,0.9928,0.993,0.50,0.80
2007.11.15 02:41:19.442,0.9928,0.993,0.50,0.80
2007.11.15 02:41:19.639,0.9928,0.993,0.50,0.80
2007.11.15 02:41:19.837,0.9927,0.993,1.20,0.80
2007.11.15 02:41:20.005,0.9927,0.993,1.20,0.80
2007.11.15 02:41:20.174,0.9927,0.993,0.50,0.80
2007.11.15 02:41:20.342,0.9927,0.993,0.50,1.20
2007.11.15 02:41:20.510,0.9927,0.993,0.50,1.20
2007.11.15 02:41:20.677,0.9927,0.993,0.50,1.20
2007.11.15 02:41:20.845,0.9927,0.993,0.50,1.20
2007.11.15 02:41:21.133,0.9927,0.993,0.50,1.20
2007.11.15 02:41:21.421,0.9927,0.993,0.50,1.20
2007.11.15 02:41:21.709,0.9927,0.993,0.50,1.20
2007.11.15 02:41:21.997,0.9927,0.993,0.50,1.20
2007.11.15 02:41:22.120,0.9927,0.993,0.50,1.20
2007.11.15 02:41:22.243,0.9927,0.993,0.50,1.20
2007.11.15 02:41:22.366,0.9927,0.993,0.50,1.20
2007.11.15 02:41:22.490,0.9927,0.993,0.50,1.20
2007.11.15 02:41:22.613,0.9927,0.993,0.50,1.20
2007.11.15 02:41:22.735,0.9927,0.993,0.50,1.20
2007.11.15 02:41:22.858,0.9927,0.993,0.50,1.20
2007.11.15 02:41:22.980,0.9927,0.993,0.50,1.20
2007.11.15 02:41:23.272,0.9927,0.993,0.50,1.20
2007.11.15 02:41:23.565,0.9927,0.993,0.50,1.20
2007.11.15 02:41:23.858,0.9927,0.993,0.50,1.20
2007.11.15 02:41:24.151,0.9927,0.993,0.50,1.20
2007.11.15 02:41:24.253,0.9927,0.993,0.50,1.20
2007.11.15 02:41:24.356,0.9927,0.993,0.50,1.20
2007.11.15 02:41:24.460,0.9927,0.993,0.50,1.20
2007.11.15 02:41:24.562,0.9927,0.993,0.50,1.20
2007.11.15 02:41:24.666,0.9927,0.993,1.20,1.20
2007.11.15 02:41:24.770,0.9927,0.993,1.20,1.20
2007.11.15 02:41:24.874,0.9928,0.993,0.50,1.20
2007.11.15 02:41:24.977,0.9928,0.993,0.50,0.80
2007.11.15 02:41:25.080,0.9928,0.993,0.50,0.80
2007.11.15 02:41:25.362,0.9928,0.993,0.50,0.80
2007.11.15 02:41:25.645,0.9928,0.993,0.50,0.80
2007.11.15 02:41:25.927,0.9928,0.993,0.50,0.80
2007.11.15 02:41:26.210,0.9928,0.993,0.50,0.80
2007.11.15 02:41:26.419,0.9927,0.993,1.20,0.80
2007.11.15 02:41:26.617,0.9927,0.993,1.20,0.80
2007.11.15 02:41:26.820,0.9927,0.993,1.20,0.80
2007.11.15 02:41:27.029,0.9927,0.993,1.20,0.80
2007.11.15 02:41:27.226,0.9927,0.993,1.20,0.80
2007.11.15 02:41:27.473,0.9927,0.993,1.20,0.80
2007.11.15 02:41:27.721,0.9927,0.993,1.20,0.80
2007.11.15 02:41:27.969,0.9927,0.993,1.20,0.80
2007.11.15 02:41:28.217,0.9927,0.993,1.20,0.80
2007.11.15 02:41:28.360,0.9927,0.993,1.20,0.80
2007.11.15 02:41:28.503,0.9927,0.993,1.20,0.80
2007.11.15 02:41:28.646,0.9927,0.993,1.20,0.80
2007.11.15 02:41:28.790,0.9927,0.993,1.20,0.80
2007.11.15 02:41:28.931,0.9927,0.993,1.20,0.80
2007.11.15 02:41:29.073,0.9927,0.993,1.20,0.80
2007.11.15 02:41:29.217,0.9927,0.993,0.50,0.80
2007.11.15 02:41:29.359,0.9927,0.993,0.50,1.20
2007.11.15 02:41:29.567,0.9927,0.993,0.50,1.20
2007.11.15 02:41:29.776,0.9927,0.993,0.50,1.20
2007.11.15 02:41:29.984,0.9927,0.993,0.50,1.20
2007.11.15 02:41:30.192,0.9927,0.993,0.50,1.20
2007.11.15 02:41:30.399,0.9927,0.993,0.50,1.20
2007.11.15 02:41:30.577,0.9927,0.993,0.50,1.20
2007.11.15 02:41:30.755,0.9927,0.993,0.50,1.20
2007.11.15 02:41:30.934,0.9927,0.993,0.50,1.20
2007.11.15 02:41:31.112,0.9927,0.993,0.50,1.20
2007.11.15 02:41:31.290,0.9927,0.993,0.50,1.20
2007.11.15 02:41:31.557,0.9927,0.993,0.50,1.20
2007.11.15 02:41:31.825,0.9927,0.993,0.50,1.20
2007.11.15 02:41:32.093,0.9927,0.993,0.50,1.20
2007.11.15 02:41:32.361,0.9927,0.993,0.50,1.20
2007.11.15 02:41:32.473,0.9927,0.993,0.50,1.20
2007.11.15 02:41:32.586,0.9927,0.993,0.50,1.20
2007.11.15 02:41:32.699,0.9927,0.993,0.50,1.20
2007.11.15 02:41:32.812,0.9927,0.993,0.50,1.20
2007.11.15 02:41:32.930,0.9927,0.993,0.50,1.20
2007.11.15 02:41:33.038,0.9927,0.993,0.50,1.20
2007.11.15 02:41:33.151,0.9927,0.993,0.50,1.20
2007.11.15 02:41:33.264,0.9927,0.993,0.50,1.20
2007.11.15 02:41:33.376,0.9927,0.993,0.50,1.20
2007.11.15 02:41:33.604,0.9927,0.993,0.50,1.20
2007.11.15 02:41:33.832,0.9927,0.993,0.50,1.20
2007.11.15 02:41:34.060,0.9927,0.993,0.50,1.20
2007.11.15 02:41:34.288,0.9927,0.993,0.50,1.20
2007.11.15 02:41:34.515,0.9927,0.993,0.50,1.20
2007.11.15 02:41:34.658,0.9927,0.993,0.50,1.20
2007.11.15 02:41:34.801,0.9926,0.993,3.60,1.20
2007.11.15 02:41:34.944,0.9926,0.993,3.60,1.20
2007.11.15 02:41:35.088,0.9926,0.993,3.60,1.20
2007.11.15 02:41:35.230,0.9926,0.993,3.60,1.20
2007.11.15 02:41:35.374,0.9926,0.993,3.60,2.80
2007.11.15 02:41:35.621,0.9926,0.993,3.60,2.80
2007.11.15 02:41:35.869,0.9926,0.993,3.60,2.80
2007.11.15 02:41:36.116,0.9926,0.993,3.60,2.80
2007.11.15 02:41:36.364,0.9926,0.9929,3.60,0.80
2007.11.15 02:41:36.597,0.9926,0.9929,3.60,0.80
2007.11.15 02:41:36.830,0.9926,0.9929,3.60,0.80
2007.11.15 02:41:37.063,0.9926,0.9929,3.60,0.80
2007.11.15 02:41:37.297,0.9926,0.9929,3.60,0.80
2007.11.15 02:41:37.528,0.9926,0.9929,3.60,0.80
2007.11.15 02:41:37.681,0.9926,0.9929,3.60,0.80
2007.11.15 02:41:37.834,0.9926,0.9929,3.60,0.80
2007.11.15 02:41:37.987,0.9926,0.9929,3.60,0.80
2007.11.15 02:41:38.139,0.9926,0.9929,3.60,0.80
2007.11.15 02:41:38.292,0.9926,0.9929,3.60,0.80
2007.11.15 02:41:38.486,0.9926,0.9929,3.60,0.80
2007.11.15 02:41:38.643,0.9926,0.9929,3.60,0.80
2007.11.15 02:41:38.801,0.9926,0.9929,3.60,0.80
2007.11.15 02:41:38.960,0.9926,0.9929,3.60,0.80
2007.11.15 02:41:39.119,0.9926,0.9929,3.60,0.80
2007.11.15 02:41:39.276,0.9926,0.9929,3.60,0.80
2007.11.15 02:41:39.433,0.9926,0.9929,3.60,0.80
2007.11.15 02:41:39.591,0.9926,0.9929,3.60,0.80
2007.11.15 02:41:39.794,0.9926,0.9929,3.60,0.80
2007.11.15 02:41:39.996,0.9926,0.9929,3.60,0.80
2007.11.15 02:41:40.199,0.9926,0.9929,3.60,0.80
2007.11.15 02:41:40.401,0.9926,0.9929,3.60,0.80
2007.11.15 02:41:40.604,0.9926,0.9929,3.60,0.80
2007.11.15 02:41:40.754,0.9926,0.9929,3.60,0.80
2007.11.15 02:41:40.902,0.9926,0.9929,3.60,0.80
2007.11.15 02:41:41.050,0.9926,0.9929,3.60,0.80
2007.11.15 02:41:41.198,0.9926,0.9929,3.60,0.80
2007.11.15 02:41:41.346,0.9926,0.9929,3.60,0.80
2007.11.15 02:41:41.494,0.9926,0.9929,3.60,0.80
2007.11.15 02:41:41.642,0.9926,0.9929,3.60,0.80
2007.11.15 02:41:41.929,0.9926,0.9929,3.60,0.80
2007.11.15 02:41:42.220,0.9927,0.9929,0.50,0.80
2007.11.15 02:41:42.506,0.9927,0.9929,0.50,0.80
2007.11.15 02:41:42.794,0.9927,0.9929,0.50,0.80
2007.11.15 02:41:42.947,0.9927,0.9929,0.50,0.80
2007.11.15 02:41:43.099,0.9927,0.9929,0.50,0.80
2007.11.15 02:41:43.252,0.9928,0.9929,0.50,0.80
2007.11.15 02:41:43.405,0.9928,0.9929,0.50,0.80
2007.11.15 02:41:43.558,0.9928,0.993,0.50,1.20
2007.11.15 02:41:43.711,0.9928,0.993,0.50,1.20
2007.11.15 02:41:43.953,0.9928,0.993,0.50,1.20
2007.11.15 02:41:44.197,0.9928,0.993,0.50,1.20
2007.11.15 02:41:44.439,0.9928,0.993,0.50,1.20
2007.11.15 02:41:44.683,0.9928,0.993,0.50,1.20
2007.11.15 02:41:44.925,0.9928,0.993,0.50,1.20
2007.11.15 02:41:45.047,0.9928,0.993,0.50,1.20
2007.11.15 02:41:45.169,0.9928,0.993,0.50,1.20
2007.11.15 02:41:45.295,0.9928,0.993,0.50,1.20
2007.11.15 02:41:45.418,0.9928,0.993,0.50,1.20
2007.11.15 02:41:45.541,0.9928,0.993,0.50,1.20
2007.11.15 02:41:45.664,0.9928,0.993,0.50,1.20
2007.11.15 02:41:45.786,0.9928,0.993,0.50,1.20
2007.11.15 02:41:45.909,0.9928,0.993,0.50,1.20
2007.11.15 02:41:46.237,0.9928,0.993,0.50,1.20
2007.11.15 02:41:46.565,0.9928,0.993,0.50,1.20
2007.11.15 02:41:46.893,0.9928,0.993,0.50,1.20
2007.11.15 02:41:47.220,0.9928,0.993,0.50,1.20
2007.11.15 02:41:47.324,0.9928,0.993,0.50,1.20
2007.11.15 02:41:47.427,0.9928,0.993,0.50,1.20
2007.11.15 02:41:47.530,0.9928,0.993,0.50,1.20
2007.11.15 02:41:47.633,0.9928,0.993,0.50,1.20
2007.11.15 02:41:47.735,0.9928,0.993,0.50,1.20
2007.11.15 02:41:47.841,0.9928,0.993,0.50,1.20
2007.11.15 02:41:47.944,0.9928,0.993,0.50,1.20
2007.11.15 02:41:48.046,0.9928,0.993,0.50,1.20
2007.11.15 02:41:48.264,0.9928,0.993,0.50,1.20
2007.11.15 02:41:48.481,0.9928,0.993,0.50,1.20
2007.11.15 02:41:48.700,0.9928,0.993,0.50,1.20
2007.11.15 02:41:48.917,0.9928,0.993,0.50,1.20
2007.11.15 02:41:49.135,0.9928,0.993,0.50,1.20
2007.11.15 02:41:49.253,0.9928,0.993,0.50,1.20
2007.11.15 02:41:49.370,0.9928,0.993,0.50,1.20
2007.11.15 02:41:49.487,0.9928,0.993,0.50,1.20
2007.11.15 02:41:49.606,0.9928,0.993,0.50,1.20
2007.11.15 02:41:49.725,0.9928,0.993,0.50,1.20
2007.11.15 02:41:49.843,0.9928,0.993,0.50,0.80
2007.11.15 02:41:49.961,0.9928,0.993,0.50,0.80
2007.11.15 02:41:50.078,0.9928,0.993,0.50,0.80
2007.11.15 02:41:50.196,0.9928,0.993,0.50,0.80
2007.11.15 02:41:50.459,0.9928,0.993,0.50,0.80
2007.11.15 02:41:50.807,0.9928,0.993,0.50,0.80
2007.11.15 02:41:51.071,0.9928,0.993,0.50,0.80
2007.11.15 02:41:51.341,0.9928,0.993,0.50,0.80
2007.11.15 02:41:51.539,0.9928,0.993,0.50,0.80
2007.11.15 02:41:51.738,0.9928,0.993,0.50,0.80
2007.11.15 02:41:51.942,0.9928,0.993,0.50,0.80
2007.11.15 02:41:52.134,0.9928,0.993,0.50,0.80
2007.11.15 02:41:52.332,0.9928,0.993,0.50,0.80
2007.11.15 02:41:52.495,0.9928,0.993,0.50,0.80
2007.11.15 02:41:52.664,0.9928,0.993,0.50,0.80
2007.11.15 02:41:52.828,0.9928,0.993,0.50,0.80
2007.11.15 02:41:52.991,0.9928,0.993,0.50,0.80
2007.11.15 02:41:53.153,0.9928,0.993,0.50,0.80
2007.11.15 02:41:53.315,0.9928,0.993,0.50,0.80
2007.11.15 02:41:53.479,0.9928,0.993,0.50,0.80
2007.11.15 02:41:53.667,0.9928,0.993,0.50,0.80
2007.11.15 02:41:53.855,0.9928,0.993,0.50,0.80
2007.11.15 02:41:54.043,0.9928,0.993,0.50,0.80
2007.11.15 02:41:54.230,0.9928,0.993,0.50,0.80
2007.11.15 02:41:54.417,0.9928,0.993,0.50,0.80
2007.11.15 02:41:54.551,0.9928,0.993,0.50,0.80
2007.11.15 02:41:54.684,0.9928,0.993,0.50,0.80
2007.11.15 02:41:54.817,0.9928,0.993,0.50,0.80
2007.11.15 02:41:54.949,0.9928,0.993,0.50,0.80
2007.11.15 02:41:55.081,0.9928,0.993,0.50,0.80
2007.11.15 02:41:55.215,0.9928,0.993,0.50,0.80
2007.11.15 02:41:55.348,0.9928,0.993,0.50,0.80
2007.11.15 02:41:55.480,0.9928,0.993,0.50,0.80
2007.11.15 02:41:55.672,0.9928,0.993,0.50,0.80
2007.11.15 02:41:55.867,0.9928,0.993,0.50,0.80
2007.11.15 02:41:56.065,0.9928,0.993,0.50,0.80
2007.11.15 02:41:56.253,0.9929,0.993,0.50,0.80
2007.11.15 02:41:56.446,0.9929,0.993,0.50,0.80
2007.11.15 02:41:56.639,0.9929,0.993,0.50,0.80
2007.11.15 02:41:56.971,0.9928,0.993,0.50,0.80
2007.11.15 02:41:57.250,0.9928,0.993,0.50,1.20
2007.11.15 02:41:57.534,0.9928,0.993,0.50,1.20
2007.11.15 02:41:57.660,0.9928,0.993,0.50,1.20
2007.11.15 02:41:57.792,0.9928,0.993,0.50,1.20
2007.11.15 02:41:57.926,0.9928,0.993,0.50,1.20
2007.11.15 02:41:58.059,0.9928,0.993,0.50,1.20
2007.11.15 02:41:58.192,0.9928,0.993,0.50,1.20
2007.11.15 02:41:58.324,0.9928,0.993,0.50,1.20
2007.11.15 02:41:58.457,0.9928,0.993,0.50,1.20
2007.11.15 02:41:58.590,0.9928,0.993,0.50,1.20
2007.11.15 02:41:58.819,0.9928,0.993,0.50,1.20
2007.11.15 02:41:59.046,0.9928,0.993,0.50,1.20
2007.11.15 02:41:59.273,0.9928,0.993,0.50,1.20
2007.11.15 02:41:59.501,0.9928,0.993,0.50,1.20
2007.11.15 02:41:59.730,0.9928,0.993,0.50,1.20
2007.11.15 02:41:59.889,0.9928,0.993,0.50,1.20
2007.11.15 02:42:00.046,0.9928,0.993,0.50,1.20
2007.11.15 02:42:00.203,0.9928,0.993,0.50,1.20
2007.11.15 02:42:00.361,0.9928,0.993,0.50,1.20
2007.11.15 02:42:00.520,0.9928,0.993,0.50,1.20
2007.11.15 02:42:00.678,0.9928,0.993,0.50,1.20
2007.11.15 02:42:00.845,0.9928,0.993,0.50,1.20
2007.11.15 02:42:01.012,0.9928,0.993,0.50,1.20
2007.11.15 02:42:01.182,0.9928,0.993,0.50,1.20
2007.11.15 02:42:01.355,0.9928,0.993,0.50,1.20
2007.11.15 02:42:01.518,0.9928,0.993,0.50,1.20
2007.11.15 02:42:01.686,0.9928,0.993,0.50,1.20
2007.11.15 02:42:01.855,0.9928,0.993,0.50,0.80
2007.11.15 02:42:02.132,0.9928,0.993,0.50,0.80
2007.11.15 02:42:02.411,0.9928,0.993,0.50,0.80
2007.11.15 02:42:02.688,0.9928,0.993,0.50,0.80
2007.11.15 02:42:02.967,0.9928,0.993,0.50,0.80
2007.11.15 02:42:03.135,0.9928,0.993,0.50,0.80
2007.11.15 02:42:03.302,0.9928,0.993,0.50,0.80
2007.11.15 02:42:03.471,0.9928,0.993,0.50,0.80
2007.11.15 02:42:03.640,0.9928,0.993,0.50,0.80
2007.11.15 02:42:03.813,0.9928,0.993,0.50,0.80
2007.11.15 02:42:03.945,0.9928,0.993,0.50,0.80
2007.11.15 02:42:04.079,0.9928,0.993,0.50,0.80
2007.11.15 02:42:04.212,0.9928,0.993,0.50,0.80
2007.11.15 02:42:04.344,0.9928,0.993,0.50,0.80
2007.11.15 02:42:04.379,0.9927,0.993,4.10,0.80
2007.11.15 02:42:04.476,0.9928,0.993,0.50,0.80
2007.11.15 02:42:04.610,0.9928,0.993,0.50,0.80
2007.11.15 02:42:04.742,0.9928,0.993,0.50,0.80
2007.11.15 02:42:04.874,0.9928,0.993,0.50,0.80
2007.11.15 02:42:05.092,0.9928,0.993,0.50,0.80
2007.11.15 02:42:05.310,0.9929,0.993,0.50,0.80
2007.11.15 02:42:05.528,0.9929,0.993,0.50,0.80
2007.11.15 02:42:05.745,0.9929,0.993,0.50,0.80
2007.11.15 02:42:05.963,0.9929,0.993,0.50,0.80
2007.11.15 02:42:06.135,0.9929,0.993,0.50,0.80
2007.11.15 02:42:06.308,0.9929,0.993,0.50,0.80
2007.11.15 02:42:06.480,0.9929,0.993,0.50,0.80
2007.11.15 02:42:06.653,0.9929,0.993,0.50,0.80
2007.11.15 02:42:06.827,0.9929,0.993,0.50,0.80
2007.11.15 02:42:06.999,0.9929,0.993,0.50,0.80
2007.11.15 02:42:07.236,0.9929,0.993,0.50,0.80
2007.11.15 02:42:07.474,0.9929,0.993,0.50,0.80
2007.11.15 02:42:07.712,0.9929,0.993,0.50,0.80
2007.11.15 02:42:07.949,0.9929,0.993,0.50,0.80
2007.11.15 02:42:08.188,0.9929,0.993,0.50,0.80
2007.11.15 02:42:08.321,0.9929,0.993,0.50,0.80
2007.11.15 02:42:08.453,0.9929,0.993,0.50,0.80
2007.11.15 02:42:08.587,0.9929,0.993,0.50,0.80
2007.11.15 02:42:08.719,0.9929,0.993,0.50,0.80
2007.11.15 02:42:08.852,0.9928,0.993,0.50,0.80
2007.11.15 02:42:08.985,0.9928,0.993,0.50,0.80
2007.11.15 02:42:09.118,0.9928,0.993,0.50,0.80
2007.11.15 02:42:09.294,0.9928,0.993,0.50,0.80
2007.11.15 02:42:09.530,0.9928,0.993,0.50,0.80
2007.11.15 02:42:09.769,0.9928,0.993,0.50,0.80
2007.11.15 02:42:10.006,0.9928,0.993,0.50,0.80
2007.11.15 02:42:10.243,0.9928,0.993,0.50,0.80
2007.11.15 02:42:10.367,0.9928,0.993,0.50,0.80
2007.11.15 02:42:10.489,0.9928,0.993,0.50,0.80
2007.11.15 02:42:10.611,0.9928,0.993,0.50,0.80
2007.11.15 02:42:10.734,0.9928,0.993,0.50,0.80
2007.11.15 02:42:10.858,0.9928,0.993,0.50,0.80
2007.11.15 02:42:10.980,0.9928,0.993,0.50,0.80
2007.11.15 02:42:11.105,0.9928,0.993,0.50,0.80
2007.11.15 02:42:11.227,0.9928,0.993,0.50,0.80
2007.11.15 02:42:11.350,0.9928,0.993,0.50,0.80
2007.11.15 02:42:11.653,0.9928,0.993,0.50,0.80
2007.11.15 02:42:11.956,0.9929,0.993,0.50,0.80
2007.11.15 02:42:12.260,0.993,0.9931,0.50,2.40
2007.11.15 02:42:12.562,0.993,0.9931,0.50,2.40
2007.11.15 02:42:12.736,0.993,0.9931,0.50,2.40
2007.11.15 02:42:12.908,0.993,0.9931,0.50,2.40
2007.11.15 02:42:13.082,0.993,0.9931,0.50,2.40
2007.11.15 02:42:13.255,0.993,0.9931,0.50,2.40
2007.11.15 02:42:13.429,0.993,0.9931,0.50,2.40
2007.11.15 02:42:13.651,0.993,0.9931,0.50,2.40
2007.11.15 02:42:13.874,0.993,0.9931,0.50,2.40
2007.11.15 02:42:14.096,0.993,0.9931,0.50,2.40
2007.11.15 02:42:14.319,0.993,0.9931,0.50,2.40
2007.11.15 02:42:14.542,0.993,0.9931,0.50,2.40
2007.11.15 02:42:14.689,0.993,0.9931,0.50,2.40
2007.11.15 02:42:14.838,0.993,0.9931,0.50,2.40
2007.11.15 02:42:14.985,0.993,0.9931,0.50,2.40
2007.11.15 02:42:15.134,0.993,0.9931,0.50,2.40
2007.11.15 02:42:15.281,0.993,0.9931,0.50,2.40
2007.11.15 02:42:15.449,0.993,0.9931,0.50,2.40
2007.11.15 02:42:15.667,0.993,0.9931,0.50,2.40
2007.11.15 02:42:15.884,0.993,0.9931,0.50,2.40
2007.11.15 02:42:16.102,0.993,0.9931,0.50,2.40
2007.11.15 02:42:16.319,0.993,0.9931,0.50,2.40
2007.11.15 02:42:16.539,0.993,0.9931,0.50,2.40
2007.11.15 02:42:16.762,0.993,0.9931,0.50,2.40
2007.11.15 02:42:16.991,0.993,0.9931,0.50,2.40
2007.11.15 02:42:17.215,0.993,0.9931,0.50,2.40
2007.11.15 02:42:17.437,0.993,0.9931,0.50,2.40
2007.11.15 02:42:17.661,0.993,0.9931,0.50,2.40
2007.11.15 02:42:17.794,0.993,0.9931,0.50,2.40
2007.11.15 02:42:17.927,0.993,0.9931,0.50,2.40
2007.11.15 02:42:18.060,0.993,0.9931,0.50,2.40
2007.11.15 02:42:18.194,0.993,0.9931,0.50,2.40
2007.11.15 02:42:18.326,0.993,0.9931,0.50,2.40
2007.11.15 02:42:18.459,0.993,0.9931,0.50,2.40
2007.11.15 02:42:18.591,0.993,0.9931,0.50,2.40
2007.11.15 02:42:18.768,0.993,0.9931,0.50,2.40
2007.11.15 02:42:18.947,0.993,0.9931,0.50,2.40
2007.11.15 02:42:19.125,0.993,0.9931,0.50,2.40
2007.11.15 02:42:19.303,0.993,0.9931,0.50,2.40
2007.11.15 02:42:19.480,0.993,0.9931,0.50,2.40
2007.11.15 02:42:19.658,0.993,0.9931,0.50,2.40
2007.11.15 02:42:19.835,0.993,0.9931,0.50,2.40
2007.11.15 02:42:19.996,0.993,0.9931,0.50,2.40
2007.11.15 02:42:20.163,0.993,0.9931,0.50,2.40
2007.11.15 02:42:20.331,0.993,0.9931,0.50,2.40
2007.11.15 02:42:20.500,0.993,0.9931,0.50,2.40
2007.11.15 02:42:20.668,0.993,0.9931,1.20,2.40
2007.11.15 02:42:20.877,0.9931,0.9932,0.50,4.00
2007.11.15 02:42:21.086,0.9931,0.9932,0.50,4.00
2007.11.15 02:42:21.294,0.9931,0.9932,0.50,4.00
2007.11.15 02:42:21.610,0.9931,0.9932,0.50,4.00
2007.11.15 02:42:21.819,0.9931,0.9932,0.50,4.00
2007.11.15 02:42:22.107,0.9931,0.9932,0.50,4.00
2007.11.15 02:42:22.395,0.9931,0.9932,0.50,4.00
2007.11.15 02:42:22.682,0.9931,0.9932,0.50,4.00
2007.11.15 02:42:22.824,0.9931,0.9932,0.50,4.00
2007.11.15 02:42:22.973,0.9931,0.9932,0.50,4.00
2007.11.15 02:42:23.114,0.9931,0.9932,0.50,4.00
2007.11.15 02:42:23.257,0.9931,0.9932,0.50,4.00
2007.11.15 02:42:23.399,0.9931,0.9932,0.50,4.00
2007.11.15 02:42:23.544,0.9931,0.9932,0.50,4.00
2007.11.15 02:42:23.689,0.9931,0.9932,0.50,4.00
2007.11.15 02:42:23.921,0.993,0.9932,0.50,0.80
2007.11.15 02:42:24.154,0.993,0.9932,0.50,0.80
2007.11.15 02:42:24.388,0.993,0.9932,0.50,0.80
2007.11.15 02:42:24.620,0.993,0.9932,0.50,0.80
2007.11.15 02:42:24.853,0.993,0.9932,0.50,0.80
2007.11.15 02:42:25.031,0.993,0.9932,0.50,0.80
2007.11.15 02:42:25.209,0.993,0.9932,0.50,0.80
2007.11.15 02:42:25.388,0.993,0.9932,0.50,0.80
2007.11.15 02:42:25.565,0.993,0.9932,0.50,0.80
2007.11.15 02:42:25.743,0.993,0.9932,0.50,0.80
2007.11.15 02:42:25.906,0.993,0.9932,0.50,0.80
2007.11.15 02:42:26.068,0.993,0.9932,0.50,0.80
2007.11.15 02:42:26.232,0.993,0.9932,0.50,0.80
2007.11.15 02:42:26.394,0.993,0.9932,0.50,0.80
2007.11.15 02:42:26.557,0.993,0.9932,0.50,0.80
2007.11.15 02:42:26.720,0.993,0.9932,0.50,0.80
2007.11.15 02:42:26.883,0.993,0.9932,0.50,0.80
2007.11.15 02:42:27.155,0.993,0.9932,0.50,0.80
2007.11.15 02:42:27.427,0.993,0.9932,0.50,1.20
2007.11.15 02:42:27.772,0.993,0.9932,0.50,1.30
2007.11.15 02:42:27.899,0.993,0.9932,0.50,1.30
2007.11.15 02:42:28.027,0.993,0.9932,0.50,1.30
2007.11.15 02:42:28.155,0.993,0.9932,0.50,1.30
2007.11.15 02:42:28.283,0.993,0.9932,0.50,1.30
2007.11.15 02:42:28.411,0.993,0.9932,0.50,1.30
2007.11.15 02:42:28.538,0.993,0.9932,0.50,1.30
2007.11.15 02:42:28.667,0.993,0.9932,0.50,1.30
2007.11.15 02:42:28.795,0.993,0.9932,0.50,1.30
2007.11.15 02:42:29.048,0.993,0.9932,0.50,1.30
2007.11.15 02:42:29.301,0.993,0.9932,0.50,1.30
2007.11.15 02:42:29.554,0.993,0.9932,0.50,1.30
2007.11.15 02:42:29.769,0.993,0.9932,0.50,1.30
2007.11.15 02:42:29.807,0.993,0.9932,0.50,1.30
2007.11.15 02:42:29.955,0.9929,0.9932,1.70,5.30
2007.11.15 02:42:30.103,0.993,0.9932,0.50,5.30
2007.11.15 02:42:30.252,0.993,0.9932,0.50,5.30
2007.11.15 02:42:30.399,0.993,0.9932,0.50,5.30
2007.11.15 02:42:30.546,0.9929,0.9932,1.70,5.30
2007.11.15 02:42:30.695,0.993,0.9932,0.50,5.30
2007.11.15 02:42:30.843,0.9929,0.9932,1.70,5.30
2007.11.15 02:42:31.015,0.9929,0.9932,1.70,5.30
2007.11.15 02:42:31.188,0.9929,0.9932,1.70,5.30
2007.11.15 02:42:31.361,0.9929,0.9932,1.70,5.30
2007.11.15 02:42:31.534,0.9929,0.9932,1.70,5.30
2007.11.15 02:42:31.706,0.993,0.9932,0.50,5.30
2007.11.15 02:42:31.879,0.9929,0.9932,1.70,5.30
2007.11.15 02:42:32.131,0.993,0.9932,0.50,5.30
2007.11.15 02:42:32.384,0.993,0.9932,0.50,5.30
2007.11.15 02:42:32.636,0.9929,0.9932,1.70,5.30
2007.11.15 02:42:32.889,0.9929,0.9932,1.70,5.30
2007.11.15 02:42:33.146,0.9929,0.9932,1.70,5.30
2007.11.15 02:42:33.249,0.993,0.9932,0.50,5.30
2007.11.15 02:42:33.352,0.993,0.9932,0.50,5.30
2007.11.15 02:42:33.454,0.9929,0.9932,1.70,5.30
2007.11.15 02:42:33.557,0.9929,0.9932,1.70,5.30
2007.11.15 02:42:33.661,0.993,0.9932,0.50,5.30
2007.11.15 02:42:33.763,0.9928,0.9931,4.10,0.50
2007.11.15 02:42:33.931,0.9929,0.9931,0.50,0.50
2007.11.15 02:42:34.158,0.9929,0.9931,0.50,0.50
2007.11.15 02:42:34.385,0.9928,0.9931,4.10,0.50
2007.11.15 02:42:34.613,0.9928,0.9931,4.10,0.50
2007.11.15 02:42:34.840,0.9929,0.9931,0.50,0.50
2007.11.15 02:42:35.068,0.9929,0.9931,0.50,0.50
2007.11.15 02:42:35.190,0.9928,0.9931,4.10,0.50
2007.11.15 02:42:35.313,0.9928,0.9931,4.10,0.50
2007.11.15 02:42:35.435,0.9929,0.9931,0.50,0.50
2007.11.15 02:42:35.558,0.9929,0.9931,0.50,0.50
2007.11.15 02:42:35.681,0.9928,0.9931,4.10,0.50
2007.11.15 02:42:35.804,0.9928,0.9931,4.10,0.50
2007.11.15 02:42:35.926,0.9928,0.9931,4.10,0.50
2007.11.15 02:42:36.051,0.9928,0.9931,4.10,0.50
2007.11.15 02:42:36.173,0.9928,0.9931,4.10,0.50
2007.11.15 02:42:36.481,0.9928,0.9931,4.10,0.50
2007.11.15 02:42:36.789,0.9929,0.9931,0.50,0.50
2007.11.15 02:42:37.097,0.9929,0.9931,0.50,0.50
2007.11.15 02:42:37.405,0.9929,0.9931,0.50,0.50
2007.11.15 02:42:37.523,0.9928,0.9931,4.10,0.50
2007.11.15 02:42:37.641,0.9928,0.9931,4.10,0.50
2007.11.15 02:42:37.758,0.9929,0.9931,0.50,0.50
2007.11.15 02:42:37.876,0.9929,0.9931,0.50,0.50
2007.11.15 02:42:37.993,0.9929,0.9931,0.50,0.50
2007.11.15 02:42:38.111,0.9928,0.9931,4.10,0.50
2007.11.15 02:42:38.228,0.9929,0.9931,0.50,0.50
2007.11.15 02:42:38.446,0.9928,0.9931,4.10,0.50
2007.11.15 02:42:38.664,0.9928,0.9931,4.10,0.50
2007.11.15 02:42:38.882,0.9928,0.9931,4.10,0.50
2007.11.15 02:42:39.100,0.9928,0.9931,4.10,0.50
2007.11.15 02:42:39.318,0.9928,0.9931,4.10,0.50
2007.11.15 02:42:39.452,0.9929,0.9931,0.50,0.50
2007.11.15 02:42:39.585,0.9928,0.9931,4.10,0.50
2007.11.15 02:42:39.718,0.9928,0.9931,4.10,0.50
2007.11.15 02:42:39.851,0.9928,0.9931,4.10,0.50
2007.11.15 02:42:40.095,0.9929,0.9931,0.50,0.50
2007.11.15 02:42:40.227,0.9929,0.9931,0.50,0.50
2007.11.15 02:42:40.359,0.9929,0.9931,0.50,0.50
2007.11.15 02:42:40.577,0.9928,0.9931,4.10,0.50
2007.11.15 02:42:40.794,0.9928,0.9931,4.10,0.50
2007.11.15 02:42:41.012,0.9929,0.9931,0.50,0.50
2007.11.15 02:42:41.236,0.9928,0.9931,4.10,0.50
2007.11.15 02:42:41.449,0.9928,0.9931,4.10,0.50
2007.11.15 02:42:41.706,0.9928,0.9931,4.10,0.50
2007.11.15 02:42:41.964,0.9929,0.9931,0.50,0.50
2007.11.15 02:42:42.222,0.9928,0.9931,4.90,0.50
2007.11.15 02:42:42.482,0.9928,0.9931,4.10,0.50
2007.11.15 02:42:42.665,0.9929,0.9931,0.50,0.50
2007.11.15 02:42:42.847,0.9928,0.9931,4.10,0.50
2007.11.15 02:42:43.037,0.9929,0.9931,0.50,0.50
2007.11.15 02:42:43.212,0.9928,0.9931,4.10,0.50
2007.11.15 02:42:43.394,0.9928,0.9931,4.10,0.50
2007.11.15 02:42:43.577,0.9929,0.9931,0.50,0.50
2007.11.15 02:42:43.755,0.9929,0.9931,0.50,0.50
2007.11.15 02:42:43.932,0.9929,0.9931,0.50,0.50
2007.11.15 02:42:44.111,0.9928,0.9931,4.10,0.50
2007.11.15 02:42:44.289,0.9928,0.9931,4.10,0.50
2007.11.15 02:42:44.466,0.9928,0.9931,4.10,0.50
2007.11.15 02:42:44.644,0.9928,0.9931,4.10,0.50
2007.11.15 02:42:44.793,0.99275,0.9931,8.80,0.50
2007.11.15 02:42:44.941,0.9928,0.9931,1.40,0.50
2007.11.15 02:42:45.089,0.9927,0.9931,3.30,0.50
2007.11.15 02:42:45.237,0.9928,0.9931,0.50,0.50
2007.11.15 02:42:45.385,0.9926,0.9931,20.00,0.50
2007.11.15 02:42:45.532,0.9926,0.9931,20.00,0.50
2007.11.15 02:42:45.800,0.9926,0.9931,20.00,0.50
2007.11.15 02:42:46.069,0.9926,0.9931,20.00,0.50
2007.11.15 02:42:46.337,0.9927,0.9931,2.20,1.20
2007.11.15 02:42:46.605,0.9928,0.9931,0.80,1.20
2007.11.15 02:42:46.857,0.9927,0.9931,20.80,1.20
2007.11.15 02:42:47.105,0.9928,0.9931,2.40,1.20
2007.11.15 02:42:47.354,0.9928,0.9931,0.50,1.20
2007.11.15 02:42:47.601,0.9928,0.9931,1.20,1.20
2007.11.15 02:42:47.745,0.9927,0.9931,17.60,1.20
2007.11.15 02:42:47.887,0.9927,0.9931,17.60,0.50
2007.11.15 02:42:48.031,0.99265,0.9931,17.60,0.50
2007.11.15 02:42:48.174,0.9928,0.9931,0.50,0.50
2007.11.15 02:42:48.318,0.9927,0.9931,10.90,0.50
2007.11.15 02:42:48.461,0.9928,0.9931,0.50,0.50
2007.11.15 02:42:48.604,0.9928,0.9931,0.50,0.50
2007.11.15 02:42:48.796,0.9929,0.9931,0.50,0.50
2007.11.15 02:42:48.994,0.9929,0.9931,0.50,0.50
2007.11.15 02:42:49.182,0.9927,0.9931,11.30,0.50
2007.11.15 02:42:49.375,0.9929,0.9931,0.50,0.50
2007.11.15 02:42:49.567,0.9929,0.9931,0.50,0.50
2007.11.15 02:42:49.760,0.9928,0.9931,1.00,1.20
2007.11.15 02:42:49.902,0.9929,0.9931,0.50,1.20
2007.11.15 02:42:50.045,0.9928,0.9931,1.00,1.20
2007.11.15 02:42:50.188,0.9929,0.9931,0.50,1.20
2007.11.15 02:42:50.330,0.9929,0.9931,0.50,1.20
2007.11.15 02:42:50.473,0.9928,0.9931,1.00,1.20
2007.11.15 02:42:50.615,0.9928,0.9931,1.00,1.20
2007.11.15 02:42:50.759,0.9928,0.9931,2.40,1.20
2007.11.15 02:42:50.958,0.9929,0.9931,1.70,0.80
2007.11.15 02:42:51.156,0.9929,0.9931,1.70,0.80
2007.11.15 02:42:51.353,0.993,0.9931,0.50,0.80
2007.11.15 02:42:51.552,0.9929,0.9931,1.70,0.80
2007.11.15 02:42:51.750,0.993,0.9932,0.50,1.20
2007.11.15 02:42:52.083,0.993,0.9932,0.50,1.20
2007.11.15 02:42:52.418,0.9929,0.9932,1.70,1.20
2007.11.15 02:42:52.752,0.9929,0.9932,1.70,1.20
2007.11.15 02:42:52.909,0.993,0.9932,0.50,1.20
2007.11.15 02:42:53.067,0.993,0.9932,0.50,1.20
2007.11.15 02:42:53.225,0.9928,0.9931,9.70,0.50
2007.11.15 02:42:53.384,0.9928,0.9931,9.70,0.50
2007.11.15 02:42:53.542,0.9928,0.9931,9.70,0.50
2007.11.15 02:42:53.700,0.9929,0.9931,0.50,0.50
2007.11.15 02:42:53.857,0.9928,0.9931,9.70,0.50
2007.11.15 02:42:54.090,0.9928,0.9931,9.70,0.50
2007.11.15 02:42:54.323,0.993,0.9932,0.50,0.50
2007.11.15 02:42:54.556,0.993,0.9932,0.50,0.50
2007.11.15 02:42:54.789,0.993,0.9932,0.50,0.50
2007.11.15 02:42:55.023,0.9929,0.9932,1.70,1.20
2007.11.15 02:42:55.191,0.9929,0.9932,1.70,1.20
2007.11.15 02:42:55.359,0.9929,0.9932,1.70,1.20
2007.11.15 02:42:55.528,0.9929,0.9932,1.70,1.20
2007.11.15 02:42:55.695,0.993,0.9932,0.50,1.20
2007.11.15 02:42:55.864,0.9928,0.9931,9.70,0.50
2007.11.15 02:42:56.092,0.9928,0.9931,9.70,0.50
2007.11.15 02:42:56.321,0.9928,0.9931,9.70,0.50
2007.11.15 02:42:56.548,0.9928,0.9931,9.70,0.50
2007.11.15 02:42:56.776,0.9928,0.9931,9.70,0.50
2007.11.15 02:42:57.003,0.9929,0.9931,0.50,0.50
2007.11.15 02:42:57.247,0.9929,0.9931,0.50,0.50
2007.11.15 02:42:57.490,0.9929,0.9931,0.50,0.50
2007.11.15 02:42:57.732,0.9929,0.9931,0.50,0.50
2007.11.15 02:42:57.974,0.9929,0.9931,0.50,0.50
2007.11.15 02:42:58.083,0.9929,0.9931,0.50,0.50
2007.11.15 02:42:58.190,0.9929,0.9931,0.50,0.50
2007.11.15 02:42:58.298,0.9929,0.9931,0.50,0.50
2007.11.15 02:42:58.405,0.9929,0.9931,0.50,0.50
2007.11.15 02:42:58.582,0.9929,0.9931,0.50,0.50
2007.11.15 02:42:58.691,0.9929,0.9931,0.50,0.50
2007.11.15 02:42:58.799,0.9929,0.9931,0.50,0.50
2007.11.15 02:42:58.907,0.9929,0.9931,0.50,0.50
2007.11.15 02:42:59.091,0.9929,0.9931,0.50,0.50
2007.11.15 02:42:59.277,0.9929,0.9931,0.50,0.50
2007.11.15 02:42:59.460,0.9929,0.9931,0.50,0.50
2007.11.15 02:42:59.643,0.9929,0.9931,0.50,0.50
2007.11.15 02:42:59.825,0.9929,0.9931,0.50,0.50
2007.11.15 02:43:00.010,0.9929,0.9931,0.50,0.50
2007.11.15 02:43:00.158,0.9929,0.9931,0.50,0.50
2007.11.15 02:43:00.305,0.9929,0.9931,0.50,0.50
2007.11.15 02:43:00.452,0.9929,0.9931,0.50,0.50
2007.11.15 02:43:00.601,0.9929,0.9931,0.50,0.50
2007.11.15 02:43:00.749,0.993,0.9932,0.50,1.20
2007.11.15 02:43:00.897,0.993,0.9932,0.50,1.20
2007.11.15 02:43:01.044,0.993,0.9932,0.50,1.20
2007.11.15 02:43:01.258,0.993,0.9932,0.50,1.20
2007.11.15 02:43:01.471,0.993,0.9932,0.50,1.20
2007.11.15 02:43:01.683,0.993,0.9932,0.50,1.20
2007.11.15 02:43:01.897,0.993,0.9932,0.50,1.20
2007.11.15 02:43:02.110,0.993,0.9932,0.50,1.20
2007.11.15 02:43:02.350,0.993,0.9932,0.50,1.20
2007.11.15 02:43:02.577,0.993,0.9932,0.50,0.50
2007.11.15 02:43:02.811,0.993,0.9932,0.50,0.50
2007.11.15 02:43:03.043,0.993,0.9932,0.50,0.50
2007.11.15 02:43:03.207,0.993,0.9932,0.50,0.50
2007.11.15 02:43:03.370,0.993,0.9932,0.50,0.50
2007.11.15 02:43:03.532,0.993,0.9932,0.50,0.50
2007.11.15 02:43:03.700,0.993,0.9932,0.50,0.50
2007.11.15 02:43:03.862,0.993,0.9932,0.50,0.50
2007.11.15 02:43:04.025,0.993,0.9932,0.50,0.50
2007.11.15 02:43:04.188,0.993,0.9932,0.50,0.50
2007.11.15 02:43:04.371,0.993,0.9932,0.50,0.50
2007.11.15 02:43:04.554,0.993,0.9932,0.50,0.50
2007.11.15 02:43:04.748,0.9929,0.9932,0.50,0.50
2007.11.15 02:43:04.932,0.9929,0.9931,0.50,0.50
2007.11.15 02:43:05.114,0.9929,0.9931,0.50,0.50
2007.11.15 02:43:05.302,0.993,0.9932,0.50,0.50
2007.11.15 02:43:05.491,0.993,0.9932,0.50,0.50
2007.11.15 02:43:05.679,0.993,0.9932,0.50,0.50
2007.11.15 02:43:05.867,0.993,0.9932,0.50,1.20
2007.11.15 02:43:06.055,0.993,0.9932,0.50,1.20
2007.11.15 02:43:06.243,0.993,0.9932,0.50,1.20
2007.11.15 02:43:06.456,0.993,0.9932,0.50,1.20
2007.11.15 02:43:06.670,0.993,0.9932,0.50,1.20
2007.11.15 02:43:06.882,0.993,0.9932,0.50,1.20
2007.11.15 02:43:07.094,0.993,0.9932,0.50,1.20
2007.11.15 02:43:07.308,0.993,0.9932,0.50,1.20
2007.11.15 02:43:07.525,0.993,0.9932,0.50,1.20
2007.11.15 02:43:07.748,0.993,0.9932,0.50,1.20
2007.11.15 02:43:07.966,0.993,0.9932,0.50,1.20
2007.11.15 02:43:08.183,0.993,0.9932,0.50,1.20
2007.11.15 02:43:08.402,0.993,0.9932,0.50,1.20
2007.11.15 02:43:08.530,0.993,0.9932,0.50,1.20
2007.11.15 02:43:08.657,0.993,0.9932,0.50,1.20
2007.11.15 02:43:08.784,0.993,0.9932,0.50,1.20
2007.11.15 02:43:08.912,0.993,0.9932,0.50,1.20
2007.11.15 02:43:09.039,0.993,0.9932,0.50,1.20
2007.11.15 02:43:09.167,0.993,0.9932,0.50,1.20
2007.11.15 02:43:09.294,0.993,0.9932,0.50,1.20
2007.11.15 02:43:09.422,0.993,0.9932,0.50,1.20
2007.11.15 02:43:09.625,0.993,0.9932,0.50,1.20
2007.11.15 02:43:09.827,0.993,0.9932,0.50,1.20
2007.11.15 02:43:10.030,0.993,0.9932,0.50,1.20
2007.11.15 02:43:10.233,0.993,0.9932,0.50,1.20
2007.11.15 02:43:10.435,0.993,0.9932,0.50,1.20
2007.11.15 02:43:10.564,0.993,0.9932,0.50,1.20
2007.11.15 02:43:10.691,0.993,0.9932,0.50,1.20
2007.11.15 02:43:10.900,0.993,0.9932,0.50,1.20
2007.11.15 02:43:11.027,0.993,0.9932,0.50,1.20
2007.11.15 02:43:11.154,0.993,0.9932,0.50,1.20
2007.11.15 02:43:11.281,0.993,0.9932,0.50,1.20
2007.11.15 02:43:11.409,0.993,0.9932,0.50,1.20
2007.11.15 02:43:11.538,0.993,0.9932,0.50,1.20
2007.11.15 02:43:11.806,0.993,0.9932,0.50,1.20
2007.11.15 02:43:12.074,0.993,0.9932,0.50,1.20
2007.11.15 02:43:12.341,0.993,0.9932,0.50,1.20
2007.11.15 02:43:12.610,0.993,0.9932,0.50,1.20
2007.11.15 02:43:12.877,0.993,0.9932,0.50,1.20
2007.11.15 02:43:12.975,0.993,0.9932,0.50,1.20
2007.11.15 02:43:13.074,0.993,0.9932,0.50,1.20
2007.11.15 02:43:13.171,0.993,0.9932,0.50,0.50
2007.11.15 02:43:13.269,0.993,0.9932,0.50,0.50
2007.11.15 02:43:13.367,0.993,0.9932,0.50,0.50
2007.11.15 02:43:13.465,0.993,0.9932,0.50,0.50
2007.11.15 02:43:13.562,0.993,0.9932,0.50,0.50
2007.11.15 02:43:13.661,0.993,0.9932,0.50,0.50
2007.11.15 02:43:13.913,0.9929,0.9931,0.50,0.50
2007.11.15 02:43:14.166,0.9929,0.9931,0.50,0.50
2007.11.15 02:43:14.419,0.9929,0.9931,0.50,0.50
2007.11.15 02:43:14.673,0.9929,0.9931,0.50,0.50
2007.11.15 02:43:14.925,0.9929,0.9931,0.50,0.50
2007.11.15 02:43:15.083,0.9929,0.9931,0.50,0.50
2007.11.15 02:43:15.241,0.9929,0.9931,0.50,0.50
2007.11.15 02:43:15.398,0.9929,0.9931,0.50,0.50
2007.11.15 02:43:15.557,0.9929,0.9931,0.50,0.50
2007.11.15 02:43:15.714,0.9929,0.9931,0.50,0.50
2007.11.15 02:43:15.892,0.9929,0.9931,0.50,0.50
2007.11.15 02:43:16.075,0.9929,0.9931,0.50,0.50
2007.11.15 02:43:16.248,0.993,0.9932,0.50,1.20
2007.11.15 02:43:16.427,0.993,0.9932,0.50,1.20
2007.11.15 02:43:16.604,0.993,0.9932,0.50,1.20
2007.11.15 02:43:16.782,0.993,0.9932,0.50,1.20
2007.11.15 02:43:17.080,0.993,0.9932,0.50,1.20
2007.11.15 02:43:17.378,0.993,0.9932,0.50,1.20
2007.11.15 02:43:17.677,0.993,0.9932,0.50,1.20
2007.11.15 02:43:17.974,0.993,0.9932,0.50,1.20
2007.11.15 02:43:18.092,0.993,0.9932,0.50,1.20
2007.11.15 02:43:18.209,0.993,0.9932,0.50,1.20
2007.11.15 02:43:18.327,0.993,0.9932,0.50,1.20
2007.11.15 02:43:18.444,0.993,0.9932,0.50,1.20
2007.11.15 02:43:18.562,0.993,0.9932,0.50,1.20
2007.11.15 02:43:18.680,0.993,0.9932,0.50,1.20
2007.11.15 02:43:18.798,0.993,0.9932,0.50,1.20
2007.11.15 02:43:19.001,0.993,0.9932,0.50,1.20
2007.11.15 02:43:19.203,0.993,0.9932,0.50,1.20
2007.11.15 02:43:19.405,0.993,0.9932,0.50,1.20
2007.11.15 02:43:19.608,0.993,0.9932,0.50,1.20
2007.11.15 02:43:19.811,0.993,0.9932,0.50,1.20
2007.11.15 02:43:19.949,0.993,0.9932,0.50,0.50
2007.11.15 02:43:20.086,0.993,0.9932,0.50,0.50
2007.11.15 02:43:20.225,0.993,0.9932,0.50,0.50
2007.11.15 02:43:20.362,0.993,0.9932,0.50,0.50
2007.11.15 02:43:20.500,0.993,0.9932,0.50,0.50
2007.11.15 02:43:20.638,0.993,0.9932,0.50,0.50
2007.11.15 02:43:20.777,0.993,0.9932,0.50,0.50
2007.11.15 02:43:20.914,0.993,0.9932,0.50,0.50
2007.11.15 02:43:21.112,0.993,0.9932,0.50,0.50
2007.11.15 02:43:21.310,0.9928,0.9932,2.80,1.20
2007.11.15 02:43:21.507,0.9928,0.9932,2.80,1.20
2007.11.15 02:43:21.706,0.9928,0.9932,1.60,1.20
2007.11.15 02:43:21.904,0.9928,0.9932,1.60,1.20
2007.11.15 02:43:22.158,0.99275,0.9932,6.80,1.20
2007.11.15 02:43:22.412,0.9928,0.9932,9.60,0.50
2007.11.15 02:43:22.664,0.9928,0.9932,13.60,0.50
2007.11.15 02:43:22.917,0.9928,0.9932,13.60,0.50
2007.11.15 02:43:23.220,0.9928,0.9932,13.60,0.50
2007.11.15 02:43:23.382,0.9928,0.9932,13.60,0.50
2007.11.15 02:43:23.544,0.9928,0.9932,13.60,0.50
2007.11.15 02:43:23.707,0.9928,0.9932,16.00,0.50
2007.11.15 02:43:23.871,0.9928,0.9931,15.60,0.50
2007.11.15 02:43:24.035,0.9928,0.9931,15.60,0.50
2007.11.15 02:43:24.244,0.9928,0.9931,8.80,0.50
2007.11.15 02:43:24.450,0.9928,0.9931,7.20,0.50
2007.11.15 02:43:24.659,0.9928,0.9931,3.20,0.50
2007.11.15 02:43:24.873,0.9928,0.9931,3.20,0.50
2007.11.15 02:43:25.082,0.9928,0.9931,3.20,0.50
2007.11.15 02:43:25.255,0.9928,0.9931,3.60,0.50
2007.11.15 02:43:25.428,0.9928,0.9931,3.60,0.50
2007.11.15 02:43:25.602,0.9928,0.9931,3.60,0.50
2007.11.15 02:43:25.776,0.9929,0.9931,0.50,0.50
2007.11.15 02:43:25.948,0.9929,0.9931,0.50,0.50
2007.11.15 02:43:26.120,0.9929,0.9931,0.50,0.50
2007.11.15 02:43:26.272,0.9929,0.9931,0.50,0.50
2007.11.15 02:43:26.426,0.9929,0.9931,0.50,0.50
2007.11.15 02:43:26.579,0.9929,0.9931,0.50,0.50
2007.11.15 02:43:26.733,0.9929,0.9931,0.50,0.50
2007.11.15 02:43:26.887,0.9929,0.9931,0.50,0.50
2007.11.15 02:43:27.039,0.9929,0.9931,0.50,0.50
2007.11.15 02:43:27.192,0.9929,0.9931,0.50,0.50
2007.11.15 02:43:27.455,0.9929,0.9931,0.50,0.50
2007.11.15 02:43:27.724,0.9929,0.9932,0.50,0.50
2007.11.15 02:43:27.988,0.9929,0.9932,0.50,1.20
2007.11.15 02:43:28.250,0.9929,0.9932,0.50,1.20
2007.11.15 02:43:28.404,0.9929,0.9932,0.50,1.20
2007.11.15 02:43:28.557,0.9929,0.9932,0.50,1.20
2007.11.15 02:43:28.710,0.9929,0.9932,0.50,1.20
2007.11.15 02:43:28.863,0.9929,0.9932,0.50,1.20
2007.11.15 02:43:29.015,0.9929,0.9932,0.50,1.20
2007.11.15 02:43:29.169,0.9929,0.9932,0.50,1.20
2007.11.15 02:43:29.382,0.9929,0.9932,0.50,1.20
2007.11.15 02:43:29.555,0.9929,0.9932,0.50,1.20
2007.11.15 02:43:29.728,0.9929,0.9932,0.50,1.20
2007.11.15 02:43:29.901,0.9929,0.9932,0.50,1.20
2007.11.15 02:43:30.079,0.9929,0.9932,0.50,1.20
2007.11.15 02:43:30.250,0.9929,0.9932,0.50,1.20
2007.11.15 02:43:30.423,0.9929,0.9932,0.50,1.20
2007.11.15 02:43:30.591,0.9929,0.9932,0.50,1.20
2007.11.15 02:43:30.759,0.9929,0.9932,0.50,1.20
2007.11.15 02:43:30.926,0.9929,0.9932,0.50,1.20
2007.11.15 02:43:31.094,0.9929,0.9932,0.50,1.20
2007.11.15 02:43:31.262,0.9929,0.9932,0.50,1.20
2007.11.15 02:43:31.429,0.9929,0.9932,0.50,1.20
2007.11.15 02:43:31.678,0.9929,0.9932,0.50,1.20
2007.11.15 02:43:31.925,0.9929,0.9932,0.50,1.20
2007.11.15 02:43:32.179,0.9929,0.9932,1.20,1.20
2007.11.15 02:43:32.428,0.993,0.9932,0.50,1.20
2007.11.15 02:43:32.556,0.993,0.9932,0.50,1.20
2007.11.15 02:43:32.693,0.993,0.9932,0.50,1.20
2007.11.15 02:43:32.812,0.993,0.9932,0.50,1.20
2007.11.15 02:43:32.940,0.993,0.9932,0.50,1.20
2007.11.15 02:43:33.067,0.993,0.9932,0.50,1.20
2007.11.15 02:43:33.201,0.993,0.9932,0.50,1.20
2007.11.15 02:43:33.323,0.993,0.9932,0.50,1.20
2007.11.15 02:43:33.450,0.993,0.9932,0.50,1.20
2007.11.15 02:43:33.712,0.9929,0.9932,0.50,1.20
2007.11.15 02:43:33.975,0.9929,0.9931,0.50,0.50
2007.11.15 02:43:34.239,0.993,0.9932,0.50,0.50
2007.11.15 02:43:34.502,0.993,0.9932,0.50,0.50
2007.11.15 02:43:34.639,0.993,0.9932,0.50,0.50
2007.11.15 02:43:34.771,0.993,0.9932,0.50,0.50
2007.11.15 02:43:34.904,0.993,0.9932,0.50,0.50
2007.11.15 02:43:35.037,0.993,0.9932,0.50,1.20
2007.11.15 02:43:35.170,0.993,0.9932,0.50,1.20
2007.11.15 02:43:35.240,0.9929,0.9932,1.70,1.20
2007.11.15 02:43:35.303,0.9929,0.9932,1.70,1.20
2007.11.15 02:43:35.541,0.993,0.9932,0.50,1.20
2007.11.15 02:43:35.702,0.993,0.9932,0.50,1.20
2007.11.15 02:43:35.865,0.9929,0.9932,1.70,1.20
2007.11.15 02:43:36.028,0.993,0.9932,0.50,1.20
2007.11.15 02:43:36.198,0.9929,0.9932,1.00,1.20
2007.11.15 02:43:36.355,0.9928,0.9931,9.70,0.50
2007.11.15 02:43:36.518,0.9928,0.9931,9.70,0.50
2007.11.15 02:43:36.681,0.9929,0.9931,0.50,0.50
2007.11.15 02:43:36.959,0.99265,0.9931,18.40,0.50
2007.11.15 02:43:37.238,0.9927,0.9931,5.00,1.20
2007.11.15 02:43:37.516,0.9926,0.9931,32.40,1.20
2007.11.15 02:43:37.794,0.9926,0.9931,32.40,1.20
2007.11.15 02:43:37.931,0.9926,0.9931,32.40,1.20
2007.11.15 02:43:38.075,0.9926,0.9931,32.40,1.20
2007.11.15 02:43:38.212,0.9926,0.9931,32.40,1.20
2007.11.15 02:43:38.349,0.9926,0.9931,32.40,1.20
2007.11.15 02:43:38.487,0.9927,0.9931,3.80,1.20
2007.11.15 02:43:38.625,0.9926,0.9931,32.80,1.20
2007.11.15 02:43:38.770,0.9927,0.9931,16.50,0.50
2007.11.15 02:43:38.911,0.9927,0.9931,16.50,0.50
2007.11.15 02:43:39.105,0.9928,0.9931,0.50,0.50
2007.11.15 02:43:39.298,0.9927,0.9931,16.50,0.50
2007.11.15 02:43:39.497,0.9927,0.9931,16.50,0.50
2007.11.15 02:43:39.689,0.9927,0.9931,16.50,0.50
2007.11.15 02:43:39.882,0.9927,0.9931,16.50,0.50
2007.11.15 02:43:40.075,0.9928,0.9931,0.50,0.50
2007.11.15 02:43:40.227,0.9927,0.9931,16.50,0.50
2007.11.15 02:43:40.379,0.9928,0.9931,0.50,0.50
2007.11.15 02:43:40.531,0.9927,0.9931,9.70,0.50
2007.11.15 02:43:40.684,0.9927,0.9931,9.70,0.50
2007.11.15 02:43:40.840,0.9927,0.9931,9.70,0.50
2007.11.15 02:43:40.993,0.9927,0.9931,9.70,0.50
2007.11.15 02:43:41.145,0.9927,0.9931,9.70,0.50
2007.11.15 02:43:41.368,0.9928,0.9931,0.50,1.20
2007.11.15 02:43:41.702,0.9928,0.9931,0.50,1.20
2007.11.15 02:43:41.915,0.9927,0.9931,16.50,1.20
2007.11.15 02:43:42.128,0.9927,0.9931,16.50,1.20
2007.11.15 02:43:42.336,0.9928,0.9931,0.50,1.20
2007.11.15 02:43:42.543,0.9928,0.9931,0.50,1.20
2007.11.15 02:43:42.752,0.99275,0.9931,4.10,1.20
2007.11.15 02:43:42.960,0.9929,0.9931,0.50,0.80
2007.11.15 02:43:43.170,0.9928,0.9932,12.50,1.20
2007.11.15 02:43:43.352,0.9928,0.9932,9.70,1.20
2007.11.15 02:43:43.536,0.9928,0.9932,9.70,1.20
2007.11.15 02:43:43.719,0.9928,0.9932,9.70,1.20
2007.11.15 02:43:43.902,0.9929,0.9932,0.50,1.20
2007.11.15 02:43:44.085,0.9928,0.9932,9.70,1.20
2007.11.15 02:43:44.268,0.9928,0.9932,9.70,1.20
2007.11.15 02:43:44.471,0.9928,0.9932,9.70,1.20
2007.11.15 02:43:44.673,0.9929,0.9932,0.50,1.20
2007.11.15 02:43:44.876,0.9928,0.9932,9.70,1.20
2007.11.15 02:43:45.079,0.9928,0.9932,9.70,1.20
2007.11.15 02:43:45.282,0.9929,0.9932,0.50,1.20
2007.11.15 02:43:45.483,0.9928,0.9932,9.70,1.20
2007.11.15 02:43:45.642,0.9928,0.9932,9.70,1.20
2007.11.15 02:43:45.793,0.9929,0.9932,0.50,1.20
2007.11.15 02:43:45.946,0.9929,0.9932,0.50,1.20
2007.11.15 02:43:46.099,0.9928,0.9932,9.70,1.20
2007.11.15 02:43:46.251,0.9928,0.9932,9.70,1.20
2007.11.15 02:43:46.404,0.9928,0.9932,9.70,1.20
2007.11.15 02:43:46.573,0.9928,0.9932,9.70,1.20
2007.11.15 02:43:46.739,0.9929,0.9932,0.50,1.20
2007.11.15 02:43:46.908,0.9928,0.9932,9.70,1.20
2007.11.15 02:43:47.076,0.9929,0.9932,0.50,1.20
2007.11.15 02:43:47.243,0.9928,0.9932,9.70,1.20
2007.11.15 02:43:47.410,0.9928,0.9932,9.70,1.20
2007.11.15 02:43:47.688,0.9929,0.9932,0.50,1.20
2007.11.15 02:43:47.966,0.9929,0.9932,0.50,1.20
2007.11.15 02:43:48.244,0.9928,0.9932,9.70,1.20
2007.11.15 02:43:48.521,0.9928,0.9932,9.70,1.20
2007.11.15 02:43:48.613,0.9928,0.9932,9.70,1.20
2007.11.15 02:43:48.706,0.9928,0.9932,9.70,1.20
2007.11.15 02:43:48.799,0.9928,0.9932,9.70,1.20
2007.11.15 02:43:48.892,0.9929,0.9932,0.50,1.20
2007.11.15 02:43:48.984,0.9928,0.9932,9.70,1.20
2007.11.15 02:43:49.076,0.9928,0.9932,9.70,1.20
2007.11.15 02:43:49.170,0.9928,0.9932,9.70,1.20
2007.11.15 02:43:49.264,0.9929,0.9932,0.50,1.20
2007.11.15 02:43:49.355,0.9928,0.9932,9.70,1.20
2007.11.15 02:43:49.448,0.9929,0.9932,0.50,1.20
2007.11.15 02:43:49.696,0.9929,0.9932,0.50,1.20
2007.11.15 02:43:49.945,0.9928,0.9932,9.70,1.20
2007.11.15 02:43:50.192,0.9928,0.9932,9.70,1.20
2007.11.15 02:43:50.442,0.9929,0.9932,0.50,1.20
2007.11.15 02:43:50.690,0.9929,0.9932,0.50,1.20
2007.11.15 02:43:50.847,0.9928,0.9932,9.70,1.20
2007.11.15 02:43:51.004,0.9928,0.9932,9.70,1.20
2007.11.15 02:43:51.169,0.9928,0.9932,9.70,1.20
2007.11.15 02:43:51.320,0.9929,0.9932,0.50,1.20
2007.11.15 02:43:51.477,0.9929,0.9932,0.50,1.20
2007.11.15 02:43:51.750,0.9928,0.9932,9.70,1.20
2007.11.15 02:43:52.023,0.9928,0.9932,9.70,1.20
2007.11.15 02:43:52.295,0.9928,0.9932,9.70,1.20
2007.11.15 02:43:52.569,0.9929,0.9932,0.50,1.20
2007.11.15 02:43:52.691,0.9928,0.9932,9.70,1.20
2007.11.15 02:43:52.815,0.9929,0.9932,0.50,1.20
2007.11.15 02:43:52.938,0.9929,0.9932,0.50,1.20
2007.11.15 02:43:53.060,0.9929,0.9932,0.50,1.20
2007.11.15 02:43:53.183,0.9929,0.9932,0.50,1.20
2007.11.15 02:43:53.306,0.9928,0.9932,9.70,1.20
2007.11.15 02:43:53.429,0.9929,0.9932,0.50,1.20
2007.11.15 02:43:53.552,0.9929,0.9932,0.50,1.20
2007.11.15 02:43:53.775,0.9929,0.9932,1.70,1.20
2007.11.15 02:43:54.025,0.993,0.9932,0.50,1.20
2007.11.15 02:43:54.248,0.993,0.9932,0.50,1.20
2007.11.15 02:43:54.471,0.9929,0.9932,1.70,1.20
2007.11.15 02:43:54.695,0.9929,0.9932,1.70,1.20
2007.11.15 02:43:54.873,0.9929,0.9932,1.70,1.20
2007.11.15 02:43:55.052,0.9929,0.9932,1.70,1.20
2007.11.15 02:43:55.229,0.993,0.9932,0.50,1.20
2007.11.15 02:43:55.407,0.9929,0.9932,1.70,1.20
2007.11.15 02:43:55.584,0.9929,0.9932,1.70,1.20
2007.11.15 02:43:55.732,0.993,0.9932,0.50,1.20
2007.11.15 02:43:55.879,0.993,0.9932,0.50,1.20
2007.11.15 02:43:56.027,0.993,0.9932,0.50,1.20
2007.11.15 02:43:56.175,0.993,0.9932,0.50,1.20
2007.11.15 02:43:56.322,0.9929,0.9932,1.70,1.20
2007.11.15 02:43:56.470,0.993,0.9932,0.50,1.20
2007.11.15 02:43:56.617,0.9929,0.9932,1.70,1.20
2007.11.15 02:43:56.935,0.993,0.9932,0.50,1.20
2007.11.15 02:43:57.253,0.993,0.9932,0.50,1.20
2007.11.15 02:43:57.571,0.9929,0.9932,1.70,1.20
2007.11.15 02:43:57.888,0.9929,0.9932,1.70,1.20
2007.11.15 02:43:57.997,0.993,0.9932,0.50,1.20
2007.11.15 02:43:58.104,0.993,0.9932,0.50,1.20
2007.11.15 02:43:58.213,0.9929,0.9932,1.70,1.20
2007.11.15 02:43:58.320,0.993,0.9932,0.50,1.20
2007.11.15 02:43:58.428,0.9929,0.9932,1.70,1.20
2007.11.15 02:43:58.536,0.9929,0.9932,1.70,1.20
2007.11.15 02:43:58.643,0.9929,0.9932,1.70,1.20
2007.11.15 02:43:58.751,0.9929,0.9932,1.70,1.20
2007.11.15 02:43:58.939,0.993,0.9932,0.50,1.20
2007.11.15 02:43:59.126,0.9929,0.9932,1.70,1.20
2007.11.15 02:43:59.314,0.9929,0.9932,1.70,1.20
2007.11.15 02:43:59.502,0.9929,0.9932,1.70,1.20
2007.11.15 02:43:59.690,0.993,0.9932,0.50,1.20
2007.11.15 02:43:59.878,0.9929,0.9932,1.70,1.20
2007.11.15 02:44:00.025,0.993,0.9932,0.50,0.50
2007.11.15 02:44:00.195,0.993,0.9932,0.50,0.50
2007.11.15 02:44:00.343,0.9929,0.9932,1.70,0.50
2007.11.15 02:44:00.491,0.9929,0.9932,1.70,0.50
2007.11.15 02:44:00.640,0.9929,0.9932,1.70,0.50
2007.11.15 02:44:00.792,0.9929,0.9932,1.70,0.50
2007.11.15 02:44:00.954,0.993,0.9932,0.50,0.50
2007.11.15 02:44:01.117,0.9929,0.9932,1.70,0.50
2007.11.15 02:44:01.280,0.9929,0.9932,1.70,0.50
2007.11.15 02:44:01.442,0.9929,0.9932,1.70,0.50
2007.11.15 02:44:01.605,0.9929,0.9932,1.70,0.50
2007.11.15 02:44:01.767,0.9929,0.9932,1.70,0.50
2007.11.15 02:44:01.930,0.9929,0.9932,1.70,0.50
2007.11.15 02:44:02.178,0.9929,0.9932,1.70,0.50
2007.11.15 02:44:02.425,0.993,0.9932,0.50,0.50
2007.11.15 02:44:02.673,0.993,0.9932,0.50,0.50
2007.11.15 02:44:02.920,0.9929,0.9932,1.70,0.50
2007.11.15 02:44:03.029,0.9929,0.9932,1.70,0.50
2007.11.15 02:44:03.136,0.993,0.9932,0.50,0.50
2007.11.15 02:44:03.243,0.993,0.9932,0.50,0.50
2007.11.15 02:44:03.352,0.9929,0.9932,1.70,0.50
2007.11.15 02:44:03.459,0.9929,0.9932,1.70,0.50
2007.11.15 02:44:03.566,0.993,0.9932,0.50,0.50
2007.11.15 02:44:03.674,0.9929,0.9932,1.70,0.50
2007.11.15 02:44:03.782,0.993,0.9932,0.50,0.50
2007.11.15 02:44:03.891,0.993,0.9932,0.50,0.50
2007.11.15 02:44:03.998,0.9929,0.9932,1.70,0.50
2007.11.15 02:44:04.245,0.9929,0.9932,1.70,0.50
2007.11.15 02:44:04.494,0.993,0.9932,0.50,0.50
2007.11.15 02:44:04.741,0.993,0.9932,0.50,0.50
2007.11.15 02:44:04.989,0.993,0.9932,0.50,0.50
2007.11.15 02:44:05.091,0.993,0.9932,0.50,0.50
2007.11.15 02:44:05.193,0.993,0.9932,0.50,0.50
2007.11.15 02:44:05.296,0.993,0.9932,0.50,0.50
2007.11.15 02:44:05.400,0.993,0.9932,0.50,0.50
2007.11.15 02:44:05.502,0.993,0.9932,0.50,0.50
2007.11.15 02:44:05.604,0.993,0.9932,0.50,0.50
2007.11.15 02:44:05.713,0.993,0.9932,0.50,0.50
2007.11.15 02:44:05.815,0.993,0.9932,0.50,0.50
2007.11.15 02:44:05.917,0.993,0.9932,0.50,0.50
2007.11.15 02:44:06.020,0.993,0.9932,0.50,0.50
2007.11.15 02:44:06.353,0.993,0.9932,0.50,0.50
2007.11.15 02:44:06.592,0.993,0.9932,0.50,0.50
2007.11.15 02:44:06.831,0.993,0.9932,0.50,0.50
2007.11.15 02:44:07.069,0.9929,0.9932,0.50,0.50
2007.11.15 02:44:07.285,0.9929,0.9932,0.50,0.50
2007.11.15 02:44:07.504,0.9929,0.9932,0.50,0.50
2007.11.15 02:44:07.722,0.9929,0.9932,0.50,0.50
2007.11.15 02:44:07.940,0.9929,0.9932,0.50,0.50
2007.11.15 02:44:08.159,0.9929,0.9932,0.50,0.50
2007.11.15 02:44:08.321,0.9929,0.9932,0.50,0.50
2007.11.15 02:44:08.484,0.9929,0.9932,0.50,0.50
2007.11.15 02:44:08.648,0.9929,0.9932,0.50,0.50
2007.11.15 02:44:08.811,0.9929,0.9932,0.50,0.50
2007.11.15 02:44:08.979,0.9929,0.9932,0.50,0.50
2007.11.15 02:44:09.142,0.9929,0.9932,0.50,0.50
2007.11.15 02:44:09.294,0.9929,0.9932,0.50,0.50
2007.11.15 02:44:09.448,0.9929,0.9932,0.50,0.50
2007.11.15 02:44:09.600,0.9929,0.9932,0.50,0.50
2007.11.15 02:44:09.760,0.9929,0.9932,0.50,0.50
2007.11.15 02:44:09.914,0.9929,0.9932,0.50,0.50
2007.11.15 02:44:10.065,0.9929,0.9932,0.50,0.50
2007.11.15 02:44:10.218,0.9929,0.9932,0.50,0.50
2007.11.15 02:44:10.390,0.9929,0.9932,0.50,0.50
2007.11.15 02:44:10.563,0.9929,0.9932,0.50,0.50
2007.11.15 02:44:10.736,0.9929,0.9932,1.20,0.50
2007.11.15 02:44:10.908,0.993,0.9932,0.50,0.50
2007.11.15 02:44:11.082,0.993,0.9932,0.50,0.50
2007.11.15 02:44:11.254,0.993,0.9932,0.50,1.20
2007.11.15 02:44:11.462,0.993,0.9932,0.50,1.20
2007.11.15 02:44:11.669,0.993,0.9932,0.50,1.20
2007.11.15 02:44:11.877,0.993,0.9932,0.50,1.20
2007.11.15 02:44:12.084,0.993,0.9932,0.50,1.20
2007.11.15 02:44:12.292,0.993,0.9932,0.50,1.20
2007.11.15 02:44:12.520,0.993,0.9932,0.50,1.20
2007.11.15 02:44:12.748,0.993,0.9932,0.50,1.20
2007.11.15 02:44:12.976,0.9929,0.9932,0.50,0.50
2007.11.15 02:44:13.204,0.9929,0.9932,0.50,0.50
2007.11.15 02:44:13.432,0.9929,0.9932,0.50,0.50
2007.11.15 02:44:13.579,0.9929,0.9932,0.50,0.50
2007.11.15 02:44:13.727,0.9929,0.9932,0.50,0.50
2007.11.15 02:44:13.874,0.9929,0.9932,0.50,0.50
2007.11.15 02:44:14.022,0.9929,0.9932,0.50,0.50
2007.11.15 02:44:14.170,0.9929,0.9932,0.50,0.50
2007.11.15 02:44:14.317,0.9929,0.9932,0.50,0.50
2007.11.15 02:44:14.465,0.9929,0.9932,0.50,0.50
2007.11.15 02:44:14.752,0.9929,0.9932,0.50,0.50
2007.11.15 02:44:15.040,0.9929,0.9932,0.50,0.50
2007.11.15 02:44:15.328,0.9929,0.9932,0.50,0.50
2007.11.15 02:44:15.615,0.9929,0.9932,0.50,0.50
2007.11.15 02:44:15.738,0.9929,0.9932,0.50,0.50
2007.11.15 02:44:15.860,0.9929,0.9932,0.50,0.50
2007.11.15 02:44:15.983,0.9929,0.9932,0.50,0.50
2007.11.15 02:44:16.105,0.9929,0.9932,0.50,0.50
2007.11.15 02:44:16.229,0.9929,0.9932,1.20,0.50
2007.11.15 02:44:16.351,0.993,0.9932,0.50,0.50
2007.11.15 02:44:16.474,0.993,0.9932,0.50,1.20
2007.11.15 02:44:16.597,0.993,0.9932,0.50,1.20
2007.11.15 02:44:16.874,0.993,0.9932,0.50,1.20
2007.11.15 02:44:17.152,0.993,0.9932,0.50,1.20
2007.11.15 02:44:17.430,0.993,0.9932,0.50,1.20
2007.11.15 02:44:17.707,0.993,0.9932,0.50,1.20
2007.11.15 02:44:17.940,0.993,0.9932,0.50,1.20
2007.11.15 02:44:18.172,0.993,0.9932,0.50,1.20
2007.11.15 02:44:18.405,0.993,0.9932,0.50,1.20
2007.11.15 02:44:18.674,0.993,0.9932,0.50,1.20
2007.11.15 02:44:18.780,0.993,0.9932,0.50,1.20
2007.11.15 02:44:18.888,0.993,0.9932,0.50,1.20
2007.11.15 02:44:18.995,0.993,0.9932,0.50,1.20
2007.11.15 02:44:19.102,0.993,0.9932,0.50,1.20
2007.11.15 02:44:19.211,0.993,0.9932,0.50,1.20
2007.11.15 02:44:19.320,0.993,0.9932,0.50,1.20
2007.11.15 02:44:19.427,0.993,0.9932,0.50,1.20
2007.11.15 02:44:19.534,0.993,0.9932,0.50,1.20
2007.11.15 02:44:19.643,0.993,0.9932,0.50,1.20
2007.11.15 02:44:19.750,0.993,0.9932,0.50,1.20
2007.11.15 02:44:20.017,0.993,0.9932,0.50,1.20
2007.11.15 02:44:20.285,0.993,0.9932,0.50,1.20
2007.11.15 02:44:20.552,0.993,0.9932,0.50,1.20
2007.11.15 02:44:20.820,0.9929,0.9932,0.50,0.50
2007.11.15 02:44:20.944,0.9929,0.9932,0.50,0.50
2007.11.15 02:44:21.066,0.9929,0.9932,0.50,0.50
2007.11.15 02:44:21.188,0.9929,0.9932,0.50,0.50
2007.11.15 02:44:21.311,0.9929,0.9932,0.50,0.50
2007.11.15 02:44:21.434,0.9929,0.9932,0.50,0.50
2007.11.15 02:44:21.558,0.9929,0.9932,0.50,0.50
2007.11.15 02:44:21.680,0.9929,0.9932,0.50,0.50
2007.11.15 02:44:21.804,0.9929,0.9932,0.50,0.50
2007.11.15 02:44:21.927,0.9929,0.9932,0.50,0.50
2007.11.15 02:44:22.260,0.9929,0.9932,0.50,0.50
2007.11.15 02:44:22.593,0.9929,0.9932,0.50,0.50
2007.11.15 02:44:22.926,0.9929,0.9932,0.50,0.50
2007.11.15 02:44:23.079,0.9929,0.9932,0.50,0.50
2007.11.15 02:44:23.231,0.9929,0.9932,0.50,0.50
2007.11.15 02:44:23.384,0.9929,0.9932,0.50,0.50
2007.11.15 02:44:23.537,0.9929,0.9932,0.50,0.50
2007.11.15 02:44:23.690,0.9929,0.9932,0.50,0.50
2007.11.15 02:44:23.842,0.9929,0.9932,0.50,0.50
2007.11.15 02:44:24.016,0.9929,0.9932,0.50,0.50
2007.11.15 02:44:24.188,0.9929,0.9932,0.50,0.50
2007.11.15 02:44:24.362,0.9929,0.9932,0.50,0.50
2007.11.15 02:44:24.535,0.9929,0.9932,0.50,0.50
2007.11.15 02:44:24.839,0.9929,0.9932,0.50,0.50
2007.11.15 02:44:25.031,0.9929,0.9932,0.50,0.50
2007.11.15 02:44:25.224,0.993,0.9932,0.50,0.50
2007.11.15 02:44:25.417,0.993,0.9932,0.50,1.20
2007.11.15 02:44:25.610,0.993,0.9932,0.50,1.20
2007.11.15 02:44:25.803,0.993,0.9932,0.50,1.20
2007.11.15 02:44:25.996,0.993,0.9932,0.50,1.20
2007.11.15 02:44:26.219,0.993,0.9932,0.50,1.20
2007.11.15 02:44:26.441,0.993,0.9932,0.50,1.20
2007.11.15 02:44:26.663,0.993,0.9932,0.50,1.20
2007.11.15 02:44:26.885,0.993,0.9932,0.50,1.20
2007.11.15 02:44:27.107,0.993,0.9932,0.50,1.20
2007.11.15 02:44:27.345,0.993,0.9932,0.50,1.20
2007.11.15 02:44:27.583,0.993,0.9932,0.50,1.20
2007.11.15 02:44:27.821,0.993,0.9932,0.50,1.20
2007.11.15 02:44:28.058,0.993,0.9932,0.50,1.20
2007.11.15 02:44:28.295,0.993,0.9932,0.50,1.20
2007.11.15 02:44:28.437,0.993,0.9932,0.50,1.20
2007.11.15 02:44:28.579,0.993,0.9932,0.50,1.20
2007.11.15 02:44:28.721,0.993,0.9932,0.50,1.20
2007.11.15 02:44:28.864,0.993,0.9932,0.50,1.20
2007.11.15 02:44:29.006,0.993,0.9932,0.50,1.20
2007.11.15 02:44:29.149,0.993,0.9932,0.50,1.20
2007.11.15 02:44:29.383,0.993,0.9932,0.50,1.20
2007.11.15 02:44:29.615,0.993,0.9932,0.50,1.20
2007.11.15 02:44:29.848,0.993,0.9932,0.50,1.20
2007.11.15 02:44:30.081,0.993,0.9932,0.50,1.20
2007.11.15 02:44:30.314,0.993,0.9932,0.50,1.20
2007.11.15 02:44:30.437,0.993,0.9932,0.50,1.20
2007.11.15 02:44:30.560,0.993,0.9932,0.50,1.20
2007.11.15 02:44:30.682,0.993,0.9932,0.50,1.20
2007.11.15 02:44:30.805,0.993,0.9932,0.50,1.20
2007.11.15 02:44:31.000,0.993,0.9932,0.50,1.20
2007.11.15 02:44:31.123,0.993,0.9932,0.50,1.20
2007.11.15 02:44:31.246,0.993,0.9932,0.50,1.20
2007.11.15 02:44:31.419,0.993,0.9932,0.50,1.20
2007.11.15 02:44:31.592,0.993,0.9932,0.50,1.20
2007.11.15 02:44:31.766,0.993,0.9932,0.50,1.20
2007.11.15 02:44:31.938,0.993,0.9932,0.50,1.20
2007.11.15 02:44:32.117,0.993,0.9932,0.50,1.20
2007.11.15 02:44:32.290,0.993,0.9932,0.50,1.20
2007.11.15 02:44:32.593,0.993,0.9932,0.50,1.20
2007.11.15 02:44:32.850,0.993,0.9932,0.50,1.20
2007.11.15 02:44:32.895,0.9929,0.9932,1.70,1.20
2007.11.15 02:44:33.197,0.9929,0.9932,1.70,1.20
2007.11.15 02:44:33.501,0.993,0.9932,0.50,1.20
2007.11.15 02:44:33.614,0.9929,0.9932,1.70,1.20
2007.11.15 02:44:33.727,0.9929,0.9932,1.70,1.20
2007.11.15 02:44:33.839,0.9929,0.9932,1.70,1.20
2007.11.15 02:44:33.952,0.993,0.9932,0.50,1.20
2007.11.15 02:44:34.064,0.993,0.9932,0.50,1.20
2007.11.15 02:44:34.177,0.993,0.9932,0.50,1.20
2007.11.15 02:44:34.290,0.993,0.9932,0.50,1.20
2007.11.15 02:44:34.403,0.993,0.9932,0.50,1.20
2007.11.15 02:44:34.646,0.993,0.9932,0.50,1.20
2007.11.15 02:44:34.888,0.993,0.9932,0.50,1.20
2007.11.15 02:44:35.131,0.993,0.9932,0.50,0.50
2007.11.15 02:44:35.374,0.993,0.9932,0.50,0.50
2007.11.15 02:44:35.617,0.993,0.9932,0.50,0.50
2007.11.15 02:44:35.745,0.993,0.9932,0.50,0.50
2007.11.15 02:44:35.872,0.993,0.9932,0.50,0.50
2007.11.15 02:44:36.000,0.993,0.9932,0.50,0.50
2007.11.15 02:44:36.127,0.993,0.9932,0.50,0.50
2007.11.15 02:44:36.260,0.993,0.9932,0.50,0.50
2007.11.15 02:44:36.383,0.993,0.9932,0.50,0.50
2007.11.15 02:44:36.511,0.993,0.9932,0.50,0.50
2007.11.15 02:44:36.698,0.993,0.9932,0.50,0.50
2007.11.15 02:44:36.891,0.993,0.9932,0.50,0.50
2007.11.15 02:44:37.154,0.993,0.9932,0.50,0.50
2007.11.15 02:44:37.342,0.993,0.9932,0.50,0.50
2007.11.15 02:44:37.531,0.993,0.9932,0.50,0.50
2007.11.15 02:44:37.744,0.993,0.9932,0.50,0.50
2007.11.15 02:44:37.957,0.993,0.9932,0.50,0.50
2007.11.15 02:44:38.169,0.993,0.9932,0.50,0.50
2007.11.15 02:44:38.382,0.993,0.9932,0.50,0.50
2007.11.15 02:44:38.596,0.993,0.9932,0.50,0.50
2007.11.15 02:44:38.719,0.993,0.9932,0.50,0.50
2007.11.15 02:44:38.841,0.993,0.9932,0.50,0.50
2007.11.15 02:44:38.964,0.993,0.9932,0.50,0.50
2007.11.15 02:44:39.087,0.993,0.9932,0.50,0.50
2007.11.15 02:44:39.210,0.993,0.9932,0.50,0.50
2007.11.15 02:44:39.332,0.993,0.9932,0.50,0.50
2007.11.15 02:44:39.455,0.993,0.9932,0.50,0.50
2007.11.15 02:44:39.577,0.993,0.9932,0.50,0.50
2007.11.15 02:44:39.780,0.993,0.9932,0.50,0.50
2007.11.15 02:44:39.982,0.993,0.9932,0.50,0.50
2007.11.15 02:44:40.184,0.993,0.9932,0.50,0.50
2007.11.15 02:44:40.387,0.993,0.9932,0.50,0.50
2007.11.15 02:44:40.590,0.993,0.9932,0.50,0.50
2007.11.15 02:44:40.723,0.993,0.9932,0.50,0.50
2007.11.15 02:44:40.856,0.993,0.9932,0.50,0.50
2007.11.15 02:44:40.988,0.993,0.9932,0.50,0.50
2007.11.15 02:44:41.121,0.993,0.9932,0.50,0.50
2007.11.15 02:44:41.254,0.993,0.9932,0.50,0.50
2007.11.15 02:44:41.387,0.993,0.9932,0.50,0.50
2007.11.15 02:44:41.519,0.993,0.9932,0.50,0.50
2007.11.15 02:44:41.652,0.993,0.9932,0.50,0.50
2007.11.15 02:44:41.849,0.993,0.9932,0.50,0.50
2007.11.15 02:44:42.047,0.993,0.9932,0.50,0.50
2007.11.15 02:44:42.245,0.993,0.9932,0.50,0.50
2007.11.15 02:44:42.443,0.993,0.9932,0.50,0.50
2007.11.15 02:44:42.640,0.993,0.9932,0.50,0.50
2007.11.15 02:44:42.943,0.993,0.9932,0.50,0.50
2007.11.15 02:44:43.317,0.993,0.9932,0.50,0.50
2007.11.15 02:44:43.621,0.993,0.9932,0.50,0.50
2007.11.15 02:44:43.722,0.993,0.9932,0.50,0.50
2007.11.15 02:44:43.826,0.993,0.9932,0.50,0.50
2007.11.15 02:44:43.928,0.993,0.9932,0.50,0.50
2007.11.15 02:44:44.035,0.993,0.9932,0.50,0.50
2007.11.15 02:44:44.138,0.993,0.9932,0.50,0.50
2007.11.15 02:44:44.242,0.993,0.9932,0.50,0.50
2007.11.15 02:44:44.344,0.993,0.9932,0.50,0.50
2007.11.15 02:44:44.446,0.993,0.9932,0.50,0.50
2007.11.15 02:44:44.550,0.993,0.9932,0.50,0.50
2007.11.15 02:44:44.653,0.993,0.9932,0.50,0.50
2007.11.15 02:44:44.906,0.993,0.9932,0.50,0.50
2007.11.15 02:44:45.159,0.993,0.9932,0.50,0.50
2007.11.15 02:44:45.412,0.993,0.9932,0.50,0.50
2007.11.15 02:44:45.665,0.993,0.9932,0.50,0.50
2007.11.15 02:44:45.772,0.993,0.9932,0.50,0.50
2007.11.15 02:44:45.880,0.993,0.9932,0.50,0.50
2007.11.15 02:44:45.988,0.993,0.9932,0.50,0.50
2007.11.15 02:44:46.096,0.993,0.9932,0.50,0.50
2007.11.15 02:44:46.204,0.993,0.9932,0.50,0.50
2007.11.15 02:44:46.315,0.993,0.9932,0.50,0.50
2007.11.15 02:44:46.422,0.993,0.9932,0.50,0.50
2007.11.15 02:44:46.530,0.993,0.9932,0.50,0.50
2007.11.15 02:44:46.638,0.993,0.9932,0.50,0.50
2007.11.15 02:44:46.745,0.993,0.9932,0.50,0.50
2007.11.15 02:44:47.009,0.993,0.9932,0.50,0.50
2007.11.15 02:44:47.272,0.993,0.9932,0.50,0.50
2007.11.15 02:44:47.534,0.993,0.9932,0.50,0.50
2007.11.15 02:44:47.797,0.993,0.9932,0.50,0.50
2007.11.15 02:44:48.010,0.993,0.9932,0.50,0.50
2007.11.15 02:44:48.223,0.993,0.9932,0.50,0.50
2007.11.15 02:44:48.436,0.993,0.9932,0.50,0.50
2007.11.15 02:44:48.649,0.993,0.9932,0.50,0.50
2007.11.15 02:44:48.861,0.993,0.9932,0.50,0.50
2007.11.15 02:44:49.004,0.993,0.9932,0.50,0.50
2007.11.15 02:44:49.148,0.993,0.9932,0.50,0.50
2007.11.15 02:44:49.291,0.993,0.9932,0.50,0.50
2007.11.15 02:44:49.479,0.993,0.9932,0.50,0.50
2007.11.15 02:44:49.620,0.993,0.9932,0.50,0.50
2007.11.15 02:44:49.764,0.993,0.9932,0.50,0.50
2007.11.15 02:44:49.907,0.993,0.9932,0.50,0.50
2007.11.15 02:44:50.085,0.993,0.9932,0.50,0.50
2007.11.15 02:44:50.263,0.993,0.9932,0.50,0.50
2007.11.15 02:44:50.441,0.993,0.9932,0.50,0.50
2007.11.15 02:44:50.618,0.993,0.9932,0.50,0.50
2007.11.15 02:44:50.795,0.993,0.9932,0.50,0.50
2007.11.15 02:44:50.975,0.993,0.9932,0.50,0.50
2007.11.15 02:44:51.128,0.993,0.9932,0.50,0.50
2007.11.15 02:44:51.280,0.993,0.9932,0.50,0.50
2007.11.15 02:44:51.434,0.993,0.9932,0.50,0.50
2007.11.15 02:44:51.587,0.993,0.9932,0.50,0.50
2007.11.15 02:44:51.739,0.993,0.9932,0.50,0.50
2007.11.15 02:44:51.892,0.993,0.9932,0.50,0.50
2007.11.15 02:44:52.045,0.993,0.9932,0.50,0.50
2007.11.15 02:44:52.322,0.993,0.9932,0.50,0.50
2007.11.15 02:44:52.600,0.993,0.9932,0.50,0.50
2007.11.15 02:44:52.878,0.993,0.9932,0.50,0.50
2007.11.15 02:44:53.156,0.993,0.9932,0.50,0.50
2007.11.15 02:44:53.258,0.993,0.9932,0.50,0.50
2007.11.15 02:44:53.363,0.993,0.9932,0.50,0.50
2007.11.15 02:44:53.465,0.993,0.9932,0.50,0.50
2007.11.15 02:44:53.569,0.993,0.9932,0.50,0.50
2007.11.15 02:44:53.672,0.993,0.9932,0.50,0.50
2007.11.15 02:44:53.775,0.993,0.9932,0.50,0.50
2007.11.15 02:44:53.878,0.993,0.9932,0.50,0.50
2007.11.15 02:44:53.981,0.993,0.9932,0.50,0.50
2007.11.15 02:44:54.083,0.993,0.9932,0.50,0.50
2007.11.15 02:44:54.185,0.993,0.9932,0.50,0.50
2007.11.15 02:44:54.445,0.993,0.9932,0.50,0.50
2007.11.15 02:44:54.702,0.993,0.9932,0.50,0.50
2007.11.15 02:44:54.961,0.993,0.9932,0.50,0.50
2007.11.15 02:44:55.220,0.993,0.9932,0.50,2.80
2007.11.15 02:44:55.347,0.993,0.9932,0.50,2.80
2007.11.15 02:44:55.475,0.993,0.9932,0.50,2.80
2007.11.15 02:44:55.634,0.993,0.9932,0.50,2.80
2007.11.15 02:44:55.762,0.993,0.9932,0.50,2.80
2007.11.15 02:44:55.889,0.993,0.9932,0.50,2.80
2007.11.15 02:44:56.017,0.993,0.9932,0.50,2.80
2007.11.15 02:44:56.144,0.993,0.9932,0.50,2.80
2007.11.15 02:44:56.272,0.993,0.9932,0.50,2.80
2007.11.15 02:44:56.464,0.993,0.9932,0.50,2.80
2007.11.15 02:44:56.656,0.993,0.9932,0.50,2.80
2007.11.15 02:44:56.849,0.993,0.9932,0.50,2.80
2007.11.15 02:44:57.041,0.993,0.9932,0.50,2.80
2007.11.15 02:44:57.234,0.993,0.9932,0.50,2.80
2007.11.15 02:44:57.426,0.993,0.9932,0.50,2.80
2007.11.15 02:44:57.663,0.993,0.9932,0.50,2.80
2007.11.15 02:44:57.900,0.993,0.9932,0.50,2.80
2007.11.15 02:44:58.138,0.993,0.9932,0.50,2.80
2007.11.15 02:44:58.375,0.993,0.9932,0.50,2.80
2007.11.15 02:44:58.614,0.993,0.9932,1.20,2.80
2007.11.15 02:44:58.748,0.993,0.9932,1.20,2.80
2007.11.15 02:44:58.881,0.9931,0.9932,0.50,2.40
2007.11.15 02:44:59.014,0.9931,0.9932,0.50,2.40
2007.11.15 02:44:59.147,0.9931,0.9932,0.50,2.40
2007.11.15 02:44:59.281,0.9931,0.9932,0.50,2.40
2007.11.15 02:44:59.416,0.9931,0.9932,0.50,2.40
2007.11.15 02:44:59.548,0.9931,0.9932,0.50,2.40
2007.11.15 02:44:59.846,0.9931,0.9932,0.50,2.40
2007.11.15 02:45:00.144,0.9931,0.9932,0.50,2.40
2007.11.15 02:45:00.442,0.9931,0.9932,0.50,2.40
2007.11.15 02:45:00.740,0.9931,0.9932,0.50,2.40
2007.11.15 02:45:00.873,0.9931,0.9932,0.50,2.40
2007.11.15 02:45:01.006,0.9931,0.9932,0.50,2.40
2007.11.15 02:45:01.139,0.9931,0.9932,0.50,2.40
2007.11.15 02:45:01.271,0.9931,0.9932,0.50,2.40
2007.11.15 02:45:01.406,0.9931,0.9932,0.50,2.40
2007.11.15 02:45:01.539,0.9931,0.9932,0.50,2.40
2007.11.15 02:45:01.793,0.9931,0.9932,0.50,2.40
2007.11.15 02:45:01.985,0.9931,0.9932,0.50,2.40
2007.11.15 02:45:02.178,0.9931,0.9932,0.50,2.40
2007.11.15 02:45:02.370,0.9931,0.9932,0.50,2.40
2007.11.15 02:45:02.564,0.9931,0.9932,0.50,2.40
2007.11.15 02:45:02.757,0.9931,0.9932,0.50,2.40
2007.11.15 02:45:02.970,0.9931,0.9932,0.50,2.40
2007.11.15 02:45:03.183,0.9931,0.9932,0.50,2.40
2007.11.15 02:45:03.396,0.9929,0.9932,0.50,2.80
2007.11.15 02:45:03.609,0.9929,0.9932,0.50,2.80
2007.11.15 02:45:03.823,0.9929,0.9932,0.50,2.80
2007.11.15 02:45:04.041,0.9929,0.9932,0.50,2.80
2007.11.15 02:45:04.259,0.9929,0.9932,0.50,2.80
2007.11.15 02:45:04.477,0.9929,0.9932,0.50,2.80
2007.11.15 02:45:04.695,0.9929,0.9932,0.50,2.80
2007.11.15 02:45:04.912,0.9929,0.9932,0.50,2.80
2007.11.15 02:45:05.066,0.9929,0.9932,0.50,2.80
2007.11.15 02:45:05.219,0.9929,0.9932,0.50,2.80
2007.11.15 02:45:05.371,0.9929,0.9932,0.50,2.80
2007.11.15 02:45:05.525,0.9929,0.9932,0.50,2.80
2007.11.15 02:45:05.678,0.9929,0.9932,0.50,2.80
2007.11.15 02:45:05.831,0.993,0.9932,0.50,2.80
2007.11.15 02:45:06.024,0.993,0.9932,0.50,2.80
2007.11.15 02:45:06.216,0.993,0.9932,0.50,2.80
2007.11.15 02:45:06.409,0.993,0.9932,0.50,2.80
2007.11.15 02:45:06.602,0.993,0.9932,0.50,2.80
2007.11.15 02:45:06.794,0.993,0.9932,0.50,2.80
2007.11.15 02:45:06.983,0.993,0.9932,0.50,2.80
2007.11.15 02:45:07.170,0.993,0.9932,0.50,2.80
2007.11.15 02:45:07.359,0.993,0.9932,0.50,2.80
2007.11.15 02:45:07.547,0.993,0.9932,0.50,2.80
2007.11.15 02:45:07.734,0.993,0.9932,0.50,2.80
2007.11.15 02:45:07.959,0.993,0.9932,0.50,2.80
2007.11.15 02:45:08.185,0.993,0.9932,0.50,2.80
2007.11.15 02:45:08.413,0.993,0.9932,0.50,2.80
2007.11.15 02:45:08.640,0.993,0.9932,0.50,2.80
2007.11.15 02:45:08.873,0.993,0.9932,0.50,2.80
2007.11.15 02:45:09.096,0.993,0.9932,0.50,2.80
2007.11.15 02:45:09.228,0.993,0.9932,0.50,2.80
2007.11.15 02:45:09.363,0.993,0.9932,0.50,2.80
2007.11.15 02:45:09.495,0.993,0.9932,0.50,2.80
2007.11.15 02:45:09.628,0.993,0.9932,0.50,2.80
2007.11.15 02:45:09.761,0.993,0.9932,0.50,2.80
2007.11.15 02:45:09.896,0.993,0.9932,0.50,2.80
2007.11.15 02:45:10.029,0.993,0.9932,0.50,2.80
2007.11.15 02:45:10.216,0.993,0.9932,0.50,2.80
2007.11.15 02:45:10.404,0.993,0.9932,0.50,2.80
2007.11.15 02:45:10.593,0.993,0.9932,0.50,2.80
2007.11.15 02:45:10.781,0.993,0.9932,0.50,2.40
2007.11.15 02:45:10.969,0.993,0.9932,0.50,2.40
2007.11.15 02:45:11.157,0.993,0.9932,0.50,2.40
2007.11.15 02:45:11.345,0.993,0.9932,0.50,2.40
2007.11.15 02:45:11.533,0.993,0.9932,0.50,2.40
2007.11.15 02:45:11.721,0.993,0.9932,0.50,2.40
2007.11.15 02:45:11.910,0.993,0.9932,0.50,2.40
2007.11.15 02:45:12.097,0.993,0.9932,0.50,2.40
2007.11.15 02:45:12.371,0.993,0.9932,1.20,2.40
2007.11.15 02:45:12.643,0.993,0.9932,1.20,2.40
2007.11.15 02:45:12.917,0.9931,0.9933,0.50,2.40
2007.11.15 02:45:13.190,0.9931,0.9933,0.50,2.40
2007.11.15 02:45:13.342,0.9931,0.9933,0.50,2.40
2007.11.15 02:45:13.496,0.9931,0.9933,0.50,2.40
2007.11.15 02:45:13.648,0.9931,0.9933,0.50,2.40
2007.11.15 02:45:13.801,0.9931,0.9933,0.50,2.40
2007.11.15 02:45:13.954,0.9931,0.9933,0.50,2.40
2007.11.15 02:45:14.130,0.9931,0.9933,0.50,2.40
2007.11.15 02:45:14.339,0.9931,0.9933,0.50,2.80
2007.11.15 02:45:14.546,0.9931,0.9933,0.50,2.80
2007.11.15 02:45:14.755,0.9931,0.9933,0.50,2.80
2007.11.15 02:45:14.963,0.9931,0.9933,0.50,2.80
2007.11.15 02:45:15.172,0.9931,0.9933,0.50,2.80
2007.11.15 02:45:15.464,0.9931,0.9933,0.50,2.80
2007.11.15 02:45:15.751,0.9931,0.9933,0.50,2.80
2007.11.15 02:45:16.039,0.9931,0.9932,0.50,2.40
2007.11.15 02:45:16.327,0.9931,0.9932,0.50,2.40
2007.11.15 02:45:16.499,0.9931,0.9932,0.50,2.40
2007.11.15 02:45:16.673,0.9931,0.9932,0.50,2.40
2007.11.15 02:45:16.846,0.9931,0.9932,0.50,2.40
2007.11.15 02:45:17.019,0.9931,0.9932,0.50,2.40
2007.11.15 02:45:17.192,0.9931,0.9932,0.50,2.40
2007.11.15 02:45:17.506,0.9931,0.9932,0.50,2.40
2007.11.15 02:45:17.818,0.9931,0.9932,0.50,2.40
2007.11.15 02:45:18.131,0.9931,0.9932,0.50,2.40
2007.11.15 02:45:18.443,0.9931,0.9932,0.50,2.40
2007.11.15 02:45:18.571,0.9931,0.9932,0.50,2.40
2007.11.15 02:45:18.699,0.9931,0.9932,0.50,2.40
2007.11.15 02:45:18.826,0.9931,0.9932,0.50,2.40
2007.11.15 02:45:18.955,0.9931,0.9932,0.50,2.40
2007.11.15 02:45:19.083,0.9931,0.9932,0.50,2.40
2007.11.15 02:45:19.212,0.9931,0.9933,1.20,2.80
2007.11.15 02:45:19.340,0.9932,0.9933,0.50,2.40
2007.11.15 02:45:19.674,0.9932,0.9934,0.50,6.10
2007.11.15 02:45:20.009,0.9932,0.9933,0.50,2.40
2007.11.15 02:45:20.341,0.9932,0.9934,0.50,6.00
2007.11.15 02:45:20.514,0.9932,0.9934,0.50,6.00
2007.11.15 02:45:20.689,0.9931,0.9932,0.50,2.40
2007.11.15 02:45:20.860,0.9931,0.9932,0.50,2.40
2007.11.15 02:45:21.033,0.9931,0.9932,0.50,2.40
2007.11.15 02:45:21.207,0.993,0.9932,1.20,2.40
2007.11.15 02:45:21.380,0.993,0.9932,1.20,2.40
2007.11.15 02:45:21.639,0.993,0.9932,1.20,2.40
2007.11.15 02:45:21.896,0.993,0.9932,1.20,2.40
2007.11.15 02:45:22.154,0.993,0.9932,1.20,2.40
2007.11.15 02:45:22.412,0.993,0.9932,1.20,2.40
2007.11.15 02:45:22.651,0.993,0.9932,1.20,2.40
2007.11.15 02:45:22.888,0.993,0.9932,0.50,2.40
2007.11.15 02:45:23.127,0.993,0.9932,0.50,2.40
2007.11.15 02:45:23.364,0.993,0.9932,0.50,2.40
2007.11.15 02:45:23.522,0.993,0.9932,0.50,2.40
2007.11.15 02:45:23.680,0.993,0.9932,0.50,2.40
2007.11.15 02:45:23.838,0.993,0.9932,0.50,2.40
2007.11.15 02:45:23.995,0.993,0.9932,0.50,2.40
2007.11.15 02:45:24.153,0.993,0.9932,0.50,2.40
2007.11.15 02:45:24.311,0.993,0.9932,0.50,2.40
2007.11.15 02:45:24.469,0.993,0.9932,0.50,2.40
2007.11.15 02:45:24.662,0.993,0.9932,0.50,2.40
2007.11.15 02:45:24.855,0.993,0.9932,1.20,2.40
2007.11.15 02:45:25.048,0.993,0.9932,1.20,2.40
2007.11.15 02:45:25.241,0.993,0.9932,1.20,2.40
2007.11.15 02:45:25.433,0.993,0.9932,1.20,2.40
2007.11.15 02:45:25.596,0.993,0.9932,1.20,2.40
2007.11.15 02:45:25.759,0.993,0.9932,0.50,2.40
2007.11.15 02:45:25.922,0.993,0.9932,0.50,2.40
2007.11.15 02:45:26.085,0.993,0.9932,0.50,2.40
2007.11.15 02:45:26.247,0.993,0.9932,0.50,2.40
2007.11.15 02:45:26.290,0.993,0.9932,0.50,2.40
2007.11.15 02:45:26.444,0.993,0.9932,0.50,2.40
2007.11.15 02:45:26.640,0.9929,0.9932,12.90,2.40
2007.11.15 02:45:26.831,0.993,0.9932,0.50,2.40
2007.11.15 02:45:27.024,0.9929,0.9932,12.90,2.40
2007.11.15 02:45:27.217,0.993,0.9932,0.50,2.40
2007.11.15 02:45:27.409,0.993,0.9932,0.50,2.40
2007.11.15 02:45:27.607,0.9929,0.9932,12.90,2.40
2007.11.15 02:45:27.846,0.9929,0.9932,13.60,2.40
2007.11.15 02:45:28.084,0.9929,0.9932,13.60,2.40
2007.11.15 02:45:28.321,0.993,0.9932,0.90,2.40
2007.11.15 02:45:28.559,0.9929,0.9932,13.60,2.40
2007.11.15 02:45:28.798,0.993,0.9932,0.90,2.40
2007.11.15 02:45:28.925,0.9929,0.9932,13.60,2.40
2007.11.15 02:45:29.053,0.9929,0.9932,13.60,2.40
2007.11.15 02:45:29.182,0.9929,0.9932,13.60,2.40
2007.11.15 02:45:29.309,0.9929,0.9932,13.60,2.40
2007.11.15 02:45:29.436,0.9929,0.9932,13.60,2.40
2007.11.15 02:45:29.564,0.9929,0.9932,13.60,2.40
2007.11.15 02:45:29.692,0.9929,0.9932,13.60,2.40
2007.11.15 02:45:29.821,0.9929,0.9932,13.60,2.40
2007.11.15 02:45:30.098,0.9929,0.9932,13.60,2.40
2007.11.15 02:45:30.377,0.9929,0.9932,13.60,2.40
2007.11.15 02:45:30.655,0.993,0.9932,0.50,2.40
2007.11.15 02:45:30.932,0.9929,0.9932,13.60,2.40
2007.11.15 02:45:31.069,0.9929,0.9932,13.60,2.40
2007.11.15 02:45:31.207,0.993,0.9932,0.80,2.40
2007.11.15 02:45:31.345,0.9929,0.9932,13.60,2.40
2007.11.15 02:45:31.484,0.993,0.9932,0.80,2.40
2007.11.15 02:45:31.621,0.9929,0.9932,13.60,2.40
2007.11.15 02:45:31.759,0.993,0.9932,0.50,2.40
2007.11.15 02:45:31.897,0.9929,0.9932,12.90,2.40
2007.11.15 02:45:32.105,0.993,0.9932,0.50,2.40
2007.11.15 02:45:32.313,0.9929,0.9932,12.90,2.40
2007.11.15 02:45:32.600,0.993,0.9932,0.50,2.40
2007.11.15 02:45:32.808,0.993,0.9932,0.50,2.40
2007.11.15 02:45:33.016,0.9929,0.9932,12.90,2.40
2007.11.15 02:45:33.243,0.9929,0.9932,12.90,2.40
2007.11.15 02:45:33.471,0.9929,0.9932,12.90,2.40
2007.11.15 02:45:33.699,0.993,0.9932,0.50,2.40
2007.11.15 02:45:33.929,0.9929,0.9932,12.90,2.40
2007.11.15 02:45:34.156,0.993,0.9932,0.50,2.40
2007.11.15 02:45:34.279,0.993,0.9932,0.50,2.40
2007.11.15 02:45:34.403,0.9929,0.9932,12.90,2.40
2007.11.15 02:45:34.526,0.993,0.9932,0.50,2.40
2007.11.15 02:45:34.649,0.9929,0.9932,12.90,2.40
2007.11.15 02:45:34.771,0.9929,0.9932,12.90,2.40
2007.11.15 02:45:34.894,0.993,0.9932,0.50,2.40
2007.11.15 02:45:35.017,0.993,0.9932,0.50,2.40
2007.11.15 02:45:35.140,0.993,0.9932,0.50,2.40
2007.11.15 02:45:35.263,0.9929,0.9932,13.60,2.40
2007.11.15 02:45:35.496,0.9929,0.9934,6.40,10.10
2007.11.15 02:45:35.729,0.993,0.9934,1.70,6.10
2007.11.15 02:45:35.963,0.993,0.9934,1.70,6.00
2007.11.15 02:45:36.196,0.9931,0.9934,0.50,0.50
2007.11.15 02:45:36.394,0.993,0.9934,1.70,0.50
2007.11.15 02:45:36.591,0.9931,0.9934,0.50,0.50
2007.11.15 02:45:36.789,0.993,0.9934,1.70,0.50
2007.11.15 02:45:37.000,0.993,0.9934,1.70,0.50
2007.11.15 02:45:37.189,0.9931,0.9934,0.50,0.50
2007.11.15 02:45:37.437,0.993,0.9934,1.70,2.00
2007.11.15 02:45:37.685,0.9931,0.9934,0.50,2.00
2007.11.15 02:45:37.933,0.993,0.9934,1.70,2.00
2007.11.15 02:45:38.181,0.993,0.9934,1.70,2.00
2007.11.15 02:45:38.429,0.993,0.9934,1.70,2.00
2007.11.15 02:45:38.547,0.993,0.9934,1.70,2.00
2007.11.15 02:45:38.768,0.9931,0.9934,0.50,2.00
2007.11.15 02:45:38.886,0.993,0.9934,1.70,2.00
2007.11.15 02:45:39.004,0.993,0.9934,1.70,2.00
2007.11.15 02:45:39.123,0.993,0.9934,1.70,2.00
2007.11.15 02:45:39.241,0.993,0.9934,1.70,2.00
2007.11.15 02:45:39.424,0.993,0.9934,1.70,2.00
2007.11.15 02:45:39.607,0.9931,0.9934,0.50,2.00
2007.11.15 02:45:39.790,0.9931,0.9934,0.50,2.00
2007.11.15 02:45:39.973,0.993,0.9934,1.70,2.00
2007.11.15 02:45:40.156,0.993,0.9934,1.70,2.00
2007.11.15 02:45:40.345,0.993,0.9934,1.70,2.00
2007.11.15 02:45:40.579,0.993,0.9934,1.70,2.00
2007.11.15 02:45:40.812,0.993,0.9934,1.70,2.00
2007.11.15 02:45:41.046,0.993,0.9934,1.70,2.00
2007.11.15 02:45:41.278,0.993,0.9934,1.70,2.00
2007.11.15 02:45:41.401,0.993,0.9934,1.70,2.00
2007.11.15 02:45:41.524,0.993,0.9934,1.70,2.00
2007.11.15 02:45:41.647,0.9931,0.9934,0.50,2.00
2007.11.15 02:45:41.769,0.993,0.9934,1.70,2.00
2007.11.15 02:45:41.897,0.993,0.9934,1.70,2.00
2007.11.15 02:45:42.021,0.993,0.9934,1.70,2.00
2007.11.15 02:45:42.144,0.9931,0.9934,0.50,2.00
2007.11.15 02:45:42.271,0.993,0.9934,1.70,2.00
2007.11.15 02:45:42.394,0.9931,0.9934,0.50,2.00
2007.11.15 02:45:42.707,0.993,0.9934,1.70,2.00
2007.11.15 02:45:43.019,0.9931,0.9934,0.50,2.00
2007.11.15 02:45:43.332,0.993,0.9934,1.70,2.00
2007.11.15 02:45:43.420,0.993,0.9934,1.70,2.00
2007.11.15 02:45:43.507,0.9931,0.9934,0.50,2.00
2007.11.15 02:45:43.595,0.993,0.9934,1.70,2.00
2007.11.15 02:45:43.683,0.993,0.9934,1.70,2.00
2007.11.15 02:45:43.770,0.993,0.9934,1.70,2.00
2007.11.15 02:45:43.857,0.9931,0.9934,0.50,2.00
2007.11.15 02:45:43.946,0.993,0.9934,1.70,2.00
2007.11.15 02:45:44.034,0.993,0.9934,1.70,2.00
2007.11.15 02:45:44.121,0.993,0.9934,1.70,2.00
2007.11.15 02:45:44.209,0.993,0.9934,1.70,2.00
2007.11.15 02:45:44.297,0.9931,0.9934,0.50,2.00
2007.11.15 02:45:44.610,0.9931,0.9934,0.50,2.00
2007.11.15 02:45:44.933,0.9931,0.9934,0.50,2.00
2007.11.15 02:45:45.246,0.9931,0.9934,0.50,2.00
2007.11.15 02:45:45.558,0.993,0.9934,1.70,2.00
2007.11.15 02:45:45.697,0.993,0.9934,1.70,2.00
2007.11.15 02:45:45.834,0.9931,0.9934,0.50,2.00
2007.11.15 02:45:45.972,0.993,0.9934,1.70,2.00
2007.11.15 02:45:46.109,0.9931,0.9934,0.50,2.00
2007.11.15 02:45:46.247,0.993,0.9934,1.70,2.00
2007.11.15 02:45:46.385,0.9931,0.9934,0.50,2.00
2007.11.15 02:45:46.598,0.9931,0.9934,0.50,2.00
2007.11.15 02:45:46.817,0.993,0.9934,1.70,2.00
2007.11.15 02:45:47.031,0.993,0.9934,1.70,2.00
2007.11.15 02:45:47.243,0.9931,0.9934,0.50,2.00
2007.11.15 02:45:47.456,0.993,0.9934,1.70,0.50
2007.11.15 02:45:47.709,0.9931,0.9934,0.50,0.50
2007.11.15 02:45:47.962,0.9931,0.9934,0.50,0.50
2007.11.15 02:45:48.215,0.993,0.9934,1.70,0.50
2007.11.15 02:45:48.468,0.9931,0.9934,0.50,0.50
2007.11.15 02:45:48.581,0.9931,0.9934,0.50,0.50
2007.11.15 02:45:48.694,0.993,0.9934,1.70,0.50
2007.11.15 02:45:48.814,0.9931,0.9934,0.50,0.50
2007.11.15 02:45:48.919,0.9931,0.9934,0.50,0.50
2007.11.15 02:45:49.032,0.993,0.9934,1.70,0.50
2007.11.15 02:45:49.144,0.9931,0.9934,0.50,0.50
2007.11.15 02:45:49.257,0.9931,0.9934,0.50,0.50
2007.11.15 02:45:49.369,0.9931,0.9934,0.50,0.50
2007.11.15 02:45:49.482,0.9931,0.9934,0.50,0.50
2007.11.15 02:45:49.595,0.993,0.9934,1.70,0.50
2007.11.15 02:45:49.832,0.993,0.9934,1.70,0.50
2007.11.15 02:45:50.070,0.993,0.9934,1.70,0.50
2007.11.15 02:45:50.307,0.993,0.9934,1.70,0.50
2007.11.15 02:45:50.546,0.993,0.9934,1.70,0.50
2007.11.15 02:45:50.683,0.993,0.9934,1.70,0.50
2007.11.15 02:45:50.821,0.9931,0.9934,0.50,0.50
2007.11.15 02:45:51.096,0.9931,0.9934,0.50,0.50
2007.11.15 02:45:51.234,0.993,0.9934,1.70,0.50
2007.11.15 02:45:51.372,0.993,0.9934,1.70,0.50
2007.11.15 02:45:51.510,0.9931,0.9934,0.50,0.50
2007.11.15 02:45:51.719,0.993,0.9934,1.70,0.50
2007.11.15 02:45:51.915,0.993,0.9934,1.70,0.50
2007.11.15 02:45:52.119,0.993,0.9934,1.70,0.50
2007.11.15 02:45:52.322,0.9931,0.9934,0.50,0.50
2007.11.15 02:45:52.524,0.993,0.9934,1.70,0.50
2007.11.15 02:45:52.726,0.993,0.9934,1.70,0.50
2007.11.15 02:45:52.959,0.993,0.9934,1.70,0.50
2007.11.15 02:45:53.192,0.993,0.9934,1.70,0.50
2007.11.15 02:45:53.424,0.993,0.9934,1.70,0.50
2007.11.15 02:45:53.657,0.993,0.9934,1.70,0.50
2007.11.15 02:45:53.785,0.993,0.9934,1.70,0.50
2007.11.15 02:45:53.913,0.993,0.9934,1.70,0.50
2007.11.15 02:45:54.040,0.9931,0.9934,0.50,0.50
2007.11.15 02:45:54.167,0.993,0.9934,1.70,0.50
2007.11.15 02:45:54.296,0.9931,0.9934,0.50,0.50
2007.11.15 02:45:54.424,0.9931,0.9934,0.50,0.50
2007.11.15 02:45:54.551,0.993,0.9934,1.70,0.50
2007.11.15 02:45:54.679,0.9931,0.9934,0.50,0.50
2007.11.15 02:45:54.887,0.9931,0.9934,0.50,0.50
2007.11.15 02:45:55.094,0.9931,0.9934,0.50,0.50
2007.11.15 02:45:55.302,0.9931,0.9934,0.50,0.50
2007.11.15 02:45:55.510,0.9931,0.9934,0.50,0.50
2007.11.15 02:45:55.717,0.9931,0.9934,0.50,0.50
2007.11.15 02:45:55.925,0.9931,0.9934,0.50,0.50
2007.11.15 02:45:56.063,0.9931,0.9934,0.50,0.50
2007.11.15 02:45:56.200,0.9931,0.9934,0.50,0.50
2007.11.15 02:45:56.337,0.9931,0.9934,0.50,0.50
2007.11.15 02:45:56.475,0.9931,0.9934,0.50,0.50
2007.11.15 02:45:56.614,0.9931,0.9934,0.50,0.50
2007.11.15 02:45:56.752,0.9931,0.9934,0.50,0.50
2007.11.15 02:45:56.954,0.9931,0.9934,0.50,0.50
2007.11.15 02:45:57.255,0.9931,0.9934,0.50,0.50
2007.11.15 02:45:57.458,0.9931,0.9934,0.50,0.50
2007.11.15 02:45:57.661,0.9931,0.9934,0.50,0.50
2007.11.15 02:45:57.864,0.9931,0.9934,0.50,0.50
2007.11.15 02:45:58.073,0.9931,0.9934,0.50,0.50
2007.11.15 02:45:58.280,0.9931,0.9934,0.50,0.50
2007.11.15 02:45:58.489,0.9931,0.9934,0.50,0.50
2007.11.15 02:45:58.698,0.9931,0.9934,0.50,0.50
2007.11.15 02:45:58.904,0.9931,0.9934,0.50,0.50
2007.11.15 02:45:59.042,0.9931,0.9934,0.50,0.50
2007.11.15 02:45:59.180,0.9931,0.9934,0.50,0.50
2007.11.15 02:45:59.317,0.9931,0.9934,0.50,0.50
2007.11.15 02:45:59.356,0.993,0.9934,1.70,0.50
2007.11.15 02:45:59.456,0.993,0.9934,1.70,0.50
2007.11.15 02:45:59.593,0.9931,0.9934,0.50,0.50
2007.11.15 02:45:59.732,0.9931,0.9934,0.50,0.50
2007.11.15 02:45:59.869,0.993,0.9934,1.70,0.50
2007.11.15 02:46:00.007,0.9931,0.9934,0.50,0.50
2007.11.15 02:46:00.206,0.993,0.9934,1.70,0.50
2007.11.15 02:46:00.403,0.993,0.9934,1.70,0.50
2007.11.15 02:46:00.601,0.993,0.9934,1.70,0.50
2007.11.15 02:46:00.798,0.993,0.9934,1.70,0.50
2007.11.15 02:46:00.996,0.9931,0.9934,0.50,0.50
2007.11.15 02:46:01.135,0.993,0.9934,1.70,0.50
2007.11.15 02:46:01.272,0.993,0.9934,1.70,0.50
2007.11.15 02:46:01.410,0.993,0.9934,1.70,0.50
2007.11.15 02:46:01.548,0.9931,0.9934,0.50,0.50
2007.11.15 02:46:01.685,0.9931,0.9934,0.50,0.50
2007.11.15 02:46:01.822,0.993,0.9934,1.70,0.50
2007.11.15 02:46:01.961,0.9931,0.9934,0.50,0.50
2007.11.15 02:46:02.173,0.993,0.9934,1.70,0.50
2007.11.15 02:46:02.386,0.9931,0.9934,0.50,0.50
2007.11.15 02:46:02.599,0.993,0.9934,1.70,0.50
2007.11.15 02:46:02.812,0.9931,0.9934,0.50,0.50
2007.11.15 02:46:03.025,0.9931,0.9934,0.50,0.50
2007.11.15 02:46:03.238,0.9931,0.9934,0.50,0.50
2007.11.15 02:46:03.476,0.993,0.9934,1.70,0.50
2007.11.15 02:46:03.713,0.9931,0.9934,0.50,0.50
2007.11.15 02:46:03.958,0.993,0.9934,1.70,0.50
2007.11.15 02:46:04.189,0.993,0.9934,1.70,0.50
2007.11.15 02:46:04.382,0.9931,0.9934,0.50,0.50
2007.11.15 02:46:04.575,0.993,0.9934,1.70,0.50
2007.11.15 02:46:04.768,0.9931,0.9934,0.50,0.50
2007.11.15 02:46:04.960,0.9931,0.9934,0.50,0.50
2007.11.15 02:46:05.152,0.993,0.9934,1.70,0.50
2007.11.15 02:46:05.401,0.9931,0.9934,1.70,0.50
2007.11.15 02:46:05.649,0.9932,0.9934,0.50,0.50
2007.11.15 02:46:05.896,0.9931,0.9934,1.70,0.50
2007.11.15 02:46:06.145,0.9932,0.9934,0.50,0.50
2007.11.15 02:46:06.380,0.9931,0.9934,1.70,0.50
2007.11.15 02:46:06.600,0.9932,0.9934,0.50,0.50
2007.11.15 02:46:06.827,0.9932,0.9934,0.50,0.50
2007.11.15 02:46:07.055,0.9932,0.9934,0.50,0.50
2007.11.15 02:46:07.283,0.9932,0.9934,0.50,0.50
2007.11.15 02:46:07.426,0.9931,0.9934,1.70,0.50
2007.11.15 02:46:07.568,0.9932,0.9934,0.50,0.50
2007.11.15 02:46:07.710,0.9931,0.9934,1.70,0.50
2007.11.15 02:46:07.854,0.9931,0.9934,1.70,0.50
2007.11.15 02:46:07.996,0.9932,0.9934,0.50,0.50
2007.11.15 02:46:08.140,0.9932,0.9934,0.50,0.50
2007.11.15 02:46:08.392,0.9931,0.9934,1.70,0.50
2007.11.15 02:46:08.651,0.9932,0.9934,0.50,0.50
2007.11.15 02:46:08.898,0.9932,0.9934,0.50,0.50
2007.11.15 02:46:09.151,0.9932,0.9934,0.50,0.50
2007.11.15 02:46:09.254,0.9931,0.9934,1.70,0.50
2007.11.15 02:46:09.357,0.9931,0.9934,1.70,0.50
2007.11.15 02:46:09.588,0.9931,0.9934,1.70,0.50
2007.11.15 02:46:09.690,0.9932,0.9934,0.50,0.50
2007.11.15 02:46:09.791,0.9931,0.9934,1.70,0.50
2007.11.15 02:46:09.895,0.9932,0.9934,0.50,0.50
2007.11.15 02:46:09.998,0.9931,0.9934,1.70,0.50
2007.11.15 02:46:10.100,0.9932,0.9934,0.50,0.50
2007.11.15 02:46:10.202,0.9931,0.9934,1.00,0.50
2007.11.15 02:46:10.411,0.9931,0.9934,0.50,0.50
2007.11.15 02:46:10.618,0.993,0.9934,25.30,0.50
2007.11.15 02:46:10.826,0.993,0.9934,25.30,0.50
2007.11.15 02:46:11.033,0.993,0.9934,18.50,0.50
2007.11.15 02:46:11.241,0.993,0.9934,18.50,0.50
2007.11.15 02:46:11.434,0.9931,0.9934,0.50,0.50
2007.11.15 02:46:11.626,0.9931,0.9934,0.50,0.50
2007.11.15 02:46:11.818,0.9931,0.9934,0.50,0.50
2007.11.15 02:46:12.012,0.993,0.9934,18.50,0.50
2007.11.15 02:46:12.205,0.9931,0.9934,0.50,0.50
2007.11.15 02:46:12.378,0.993,0.9934,18.50,0.50
2007.11.15 02:46:12.551,0.9931,0.9934,0.50,0.50
2007.11.15 02:46:12.724,0.993,0.9934,18.50,0.50
2007.11.15 02:46:12.897,0.993,0.9934,18.50,0.50
2007.11.15 02:46:13.070,0.993,0.9934,18.50,0.50
2007.11.15 02:46:13.243,0.9931,0.9934,0.50,0.50
2007.11.15 02:46:13.472,0.993,0.9934,18.50,0.50
2007.11.15 02:46:13.700,0.993,0.9934,18.50,0.50
2007.11.15 02:46:13.929,0.9931,0.9933,0.50,0.50
2007.11.15 02:46:14.157,0.9931,0.9933,0.50,0.50
2007.11.15 02:46:14.385,0.993,0.9933,3.30,0.50
2007.11.15 02:46:14.543,0.9931,0.9933,0.50,0.50
2007.11.15 02:46:14.701,0.9931,0.9933,0.50,0.50
2007.11.15 02:46:14.859,0.993,0.9934,4.10,0.50
2007.11.15 02:46:15.017,0.993,0.9934,4.10,0.50
2007.11.15 02:46:15.174,0.9931,0.9934,0.50,0.50
2007.11.15 02:46:15.332,0.9931,0.9934,0.50,0.50
2007.11.15 02:46:15.530,0.9931,0.9934,0.50,0.50
2007.11.15 02:46:15.755,0.993,0.9934,4.10,0.50
2007.11.15 02:46:15.954,0.9931,0.9934,0.50,0.50
2007.11.15 02:46:16.158,0.993,0.9934,4.10,0.50
2007.11.15 02:46:16.349,0.993,0.9934,4.10,0.50
2007.11.15 02:46:16.532,0.9931,0.9934,0.50,0.50
2007.11.15 02:46:16.716,0.9931,0.9934,0.50,0.50
2007.11.15 02:46:16.899,0.9931,0.9934,0.50,0.50
2007.11.15 02:46:17.081,0.9931,0.9934,0.50,0.50
2007.11.15 02:46:17.264,0.9931,0.9934,0.50,0.50
2007.11.15 02:46:17.447,0.993,0.9934,4.10,0.50
2007.11.15 02:46:17.720,0.9931,0.9934,0.50,0.50
2007.11.15 02:46:17.992,0.993,0.9934,4.10,0.50
2007.11.15 02:46:18.265,0.993,0.9934,4.10,0.50
2007.11.15 02:46:18.537,0.993,0.9934,4.10,0.50
2007.11.15 02:46:18.654,0.993,0.9934,4.10,0.50
2007.11.15 02:46:18.772,0.993,0.9934,4.10,0.50
2007.11.15 02:46:18.889,0.993,0.9934,4.10,0.50
2007.11.15 02:46:19.006,0.993,0.9934,4.10,0.50
2007.11.15 02:46:19.126,0.993,0.9934,4.80,0.50
2007.11.15 02:46:19.245,0.9932,0.9934,0.50,0.50
2007.11.15 02:46:19.364,0.9932,0.9934,0.50,0.50
2007.11.15 02:46:19.481,0.9931,0.9934,1.70,0.50
2007.11.15 02:46:19.744,0.9931,0.9934,1.70,0.50
2007.11.15 02:46:20.009,0.9931,0.9934,1.70,0.50
2007.11.15 02:46:20.271,0.9931,0.9934,1.70,0.50
2007.11.15 02:46:20.535,0.9931,0.9934,1.70,0.50
2007.11.15 02:46:20.697,0.9931,0.9934,1.00,0.50
2007.11.15 02:46:20.860,0.993,0.9934,18.90,0.50
2007.11.15 02:46:21.023,0.993,0.9934,12.10,0.50
2007.11.15 02:46:21.187,0.9931,0.9933,0.50,0.50
2007.11.15 02:46:21.350,0.993,0.9933,8.10,0.50
2007.11.15 02:46:21.512,0.9931,0.9933,0.50,0.50
2007.11.15 02:46:21.913,0.993,0.9933,8.10,0.50
2007.11.15 02:46:22.185,0.993,0.9933,8.10,0.50
2007.11.15 02:46:22.458,0.993,0.9933,8.10,0.50
2007.11.15 02:46:22.665,0.9931,0.9933,0.50,0.50
2007.11.15 02:46:22.873,0.9931,0.9933,0.50,0.50
2007.11.15 02:46:23.081,0.9931,0.9933,0.50,0.50
2007.11.15 02:46:23.289,0.993,0.9934,4.10,0.50
2007.11.15 02:46:23.497,0.993,0.9934,4.10,0.50
2007.11.15 02:46:23.685,0.9931,0.9934,0.50,0.50
2007.11.15 02:46:23.872,0.993,0.9934,4.10,0.50
2007.11.15 02:46:24.060,0.993,0.9934,4.10,0.50
2007.11.15 02:46:24.248,0.993,0.9934,4.10,0.50
2007.11.15 02:46:24.435,0.993,0.9934,4.10,0.50
2007.11.15 02:46:24.623,0.9931,0.9934,0.50,0.50
2007.11.15 02:46:24.821,0.9931,0.9934,0.50,0.50
2007.11.15 02:46:25.018,0.993,0.9934,4.10,0.50
2007.11.15 02:46:25.216,0.993,0.9934,4.10,0.50
2007.11.15 02:46:25.413,0.993,0.9934,4.10,0.50
2007.11.15 02:46:25.612,0.993,0.9934,4.90,0.50
2007.11.15 02:46:25.779,0.993,0.9934,4.90,0.50
2007.11.15 02:46:25.947,0.993,0.9934,4.90,0.50
2007.11.15 02:46:26.121,0.993,0.9934,4.90,0.50
2007.11.15 02:46:26.282,0.993,0.9934,4.90,0.50
2007.11.15 02:46:26.449,0.993,0.9934,4.90,0.50
2007.11.15 02:46:26.617,0.993,0.9934,4.90,0.50
2007.11.15 02:46:26.784,0.993,0.9934,4.90,0.50
2007.11.15 02:46:26.977,0.993,0.9934,4.90,0.50
2007.11.15 02:46:27.171,0.9931,0.9934,0.50,0.50
2007.11.15 02:46:27.363,0.993,0.9934,4.90,0.50
2007.11.15 02:46:27.555,0.993,0.9934,4.90,0.50
2007.11.15 02:46:27.748,0.9931,0.9934,0.50,0.50
2007.11.15 02:46:28.082,0.993,0.9934,4.90,0.50
2007.11.15 02:46:28.335,0.9931,0.9934,0.50,0.50
2007.11.15 02:46:28.587,0.9931,0.9934,0.50,0.50
2007.11.15 02:46:28.842,0.993,0.9934,4.90,0.50
2007.11.15 02:46:28.959,0.9931,0.9934,0.50,0.50
2007.11.15 02:46:29.078,0.9931,0.9934,0.50,0.50
2007.11.15 02:46:29.195,0.9931,0.9934,0.50,0.50
2007.11.15 02:46:29.314,0.9931,0.9933,0.50,0.50
2007.11.15 02:46:29.431,0.9931,0.9933,0.50,0.50
2007.11.15 02:46:29.548,0.9931,0.9933,0.50,0.50
2007.11.15 02:46:29.667,0.9931,0.9933,0.50,0.50
2007.11.15 02:46:29.784,0.9931,0.9933,0.50,0.50
2007.11.15 02:46:30.042,0.9931,0.9933,0.50,0.50
2007.11.15 02:46:30.305,0.9931,0.9933,0.50,0.50
2007.11.15 02:46:30.556,0.9931,0.9933,0.50,0.50
2007.11.15 02:46:30.815,0.9931,0.9934,0.50,0.90
2007.11.15 02:46:30.987,0.9931,0.9934,0.50,0.60
2007.11.15 02:46:31.159,0.9931,0.9934,0.50,0.60
2007.11.15 02:46:31.332,0.9931,0.9934,0.50,0.50
2007.11.15 02:46:31.505,0.9931,0.9934,0.50,0.50
2007.11.15 02:46:31.679,0.9931,0.9933,0.50,0.50
2007.11.15 02:46:31.851,0.9931,0.9933,0.50,0.50
2007.11.15 02:46:32.165,0.9931,0.9933,0.50,0.50
2007.11.15 02:46:32.479,0.9931,0.9933,0.50,0.50
2007.11.15 02:46:32.791,0.9931,0.9933,0.50,0.50
2007.11.15 02:46:33.022,0.9931,0.9933,0.50,0.50
2007.11.15 02:46:33.255,0.9931,0.9933,0.50,0.50
2007.11.15 02:46:33.488,0.9931,0.9933,0.50,0.50
2007.11.15 02:46:33.721,0.9931,0.9934,0.50,0.60
2007.11.15 02:46:33.864,0.9931,0.9934,0.50,0.50
2007.11.15 02:46:34.007,0.9931,0.9934,0.50,0.50
2007.11.15 02:46:34.250,0.9931,0.9934,0.50,0.50
2007.11.15 02:46:34.393,0.9931,0.9934,0.50,0.50
2007.11.15 02:46:34.536,0.9931,0.9934,0.50,1.20
2007.11.15 02:46:34.686,0.9931,0.9934,0.50,1.20
2007.11.15 02:46:34.820,0.9931,0.9934,0.50,1.20
2007.11.15 02:46:35.068,0.9931,0.9934,0.50,1.20
2007.11.15 02:46:35.316,0.9931,0.9934,0.50,1.20
2007.11.15 02:46:35.564,0.9931,0.9934,0.50,1.20
2007.11.15 02:46:35.812,0.9931,0.9934,0.50,1.20
2007.11.15 02:46:36.060,0.9931,0.9934,0.50,1.20
2007.11.15 02:46:36.203,0.9931,0.9934,0.50,1.20
2007.11.15 02:46:36.346,0.9931,0.9933,0.50,2.40
2007.11.15 02:46:36.489,0.9931,0.9933,0.50,2.40
2007.11.15 02:46:36.632,0.9931,0.9933,0.50,2.40
2007.11.15 02:46:36.775,0.9931,0.9933,0.50,2.40
2007.11.15 02:46:36.917,0.9931,0.9933,0.50,2.40
2007.11.15 02:46:37.199,0.9931,0.9934,0.50,1.20
2007.11.15 02:46:37.482,0.9931,0.9934,0.50,1.20
2007.11.15 02:46:37.766,0.9931,0.9934,0.50,1.20
2007.11.15 02:46:38.049,0.9931,0.9934,0.50,1.20
2007.11.15 02:46:38.287,0.9931,0.9932,0.50,0.80
2007.11.15 02:46:38.525,0.9931,0.9932,0.50,0.80
2007.11.15 02:46:38.763,0.9931,0.9932,0.50,0.80
2007.11.15 02:46:39.000,0.9931,0.9932,0.50,0.80
2007.11.15 02:46:39.177,0.9931,0.9932,0.50,0.80
2007.11.15 02:46:39.355,0.9931,0.9932,0.50,0.80
2007.11.15 02:46:39.533,0.9931,0.9932,0.50,0.80
2007.11.15 02:46:39.711,0.9931,0.9932,0.50,0.80
2007.11.15 02:46:39.889,0.9931,0.9932,0.50,0.80
2007.11.15 02:46:40.066,0.9931,0.9932,0.50,0.80
2007.11.15 02:46:40.239,0.9931,0.9932,0.50,0.80
2007.11.15 02:46:40.412,0.9931,0.9932,0.50,0.80
2007.11.15 02:46:40.584,0.9931,0.9932,0.50,0.80
2007.11.15 02:46:40.757,0.9931,0.9932,0.50,0.80
2007.11.15 02:46:40.930,0.9931,0.9932,0.50,0.80
2007.11.15 02:46:41.087,0.9931,0.9932,0.50,0.80
2007.11.15 02:46:41.240,0.9931,0.9932,0.50,0.80
2007.11.15 02:46:41.393,0.9931,0.9932,0.50,0.80
2007.11.15 02:46:41.546,0.9931,0.9932,0.50,0.80
2007.11.15 02:46:41.699,0.9931,0.9932,0.50,0.80
2007.11.15 02:46:41.853,0.9931,0.9933,0.50,0.80
2007.11.15 02:46:42.006,0.9931,0.9933,0.50,0.80
2007.11.15 02:46:42.194,0.9931,0.9933,0.50,0.80
2007.11.15 02:46:42.381,0.9931,0.9933,0.50,0.80
2007.11.15 02:46:42.569,0.9931,0.9933,0.50,0.80
2007.11.15 02:46:42.757,0.9931,0.9933,0.50,0.80
2007.11.15 02:46:42.945,0.9931,0.9933,0.50,0.80
2007.11.15 02:46:43.132,0.9931,0.9933,0.50,0.80
2007.11.15 02:46:43.451,0.9931,0.9933,0.50,0.80
2007.11.15 02:46:43.769,0.9931,0.9934,0.50,1.20
2007.11.15 02:46:44.086,0.9931,0.9934,0.50,1.20
2007.11.15 02:46:44.224,0.9931,0.9934,0.50,1.20
2007.11.15 02:46:44.362,0.9931,0.9934,0.50,1.20
2007.11.15 02:46:44.500,0.9931,0.9934,0.50,1.20
2007.11.15 02:46:44.637,0.9931,0.9934,0.50,1.20
2007.11.15 02:46:44.774,0.9931,0.9934,0.50,1.20
2007.11.15 02:46:44.913,0.9931,0.9934,0.50,1.20
2007.11.15 02:46:45.050,0.9931,0.9934,0.50,1.20
2007.11.15 02:46:45.252,0.9931,0.9934,0.50,1.20
2007.11.15 02:46:45.456,0.9931,0.9934,0.50,1.20
2007.11.15 02:46:45.659,0.9931,0.9934,0.50,1.20
2007.11.15 02:46:45.862,0.9931,0.9934,0.50,1.20
2007.11.15 02:46:46.065,0.9931,0.9934,0.50,1.20
2007.11.15 02:46:46.238,0.9931,0.9934,0.50,1.20
2007.11.15 02:46:46.562,0.9931,0.9934,0.50,1.20
2007.11.15 02:46:46.583,0.9931,0.9934,0.50,1.20
2007.11.15 02:46:46.755,0.9931,0.9934,0.50,1.20
2007.11.15 02:46:46.927,0.9931,0.9934,0.50,1.20
2007.11.15 02:46:47.100,0.9931,0.9934,0.50,1.20
2007.11.15 02:46:47.273,0.9931,0.9934,0.50,1.20
2007.11.15 02:46:47.452,0.9931,0.9933,0.50,0.50
2007.11.15 02:46:47.619,0.9931,0.9933,0.50,0.50
2007.11.15 02:46:47.792,0.9931,0.9933,0.50,0.50
2007.11.15 02:46:47.964,0.9931,0.9933,0.50,0.50
2007.11.15 02:46:48.137,0.9931,0.9933,0.50,0.50
2007.11.15 02:46:48.460,0.9931,0.9933,0.50,0.50
2007.11.15 02:46:48.783,0.9931,0.9934,0.50,2.80
2007.11.15 02:46:49.105,0.9931,0.9934,0.50,1.20
2007.11.15 02:46:49.429,0.9931,0.9934,0.50,1.20
2007.11.15 02:46:49.602,0.9931,0.9934,0.50,1.20
2007.11.15 02:46:49.774,0.9931,0.9934,0.50,1.20
2007.11.15 02:46:49.948,0.9931,0.9934,0.50,1.20
2007.11.15 02:46:50.120,0.9931,0.9934,0.50,1.20
2007.11.15 02:46:50.292,0.9931,0.9934,0.50,1.20
2007.11.15 02:46:50.495,0.9931,0.9934,0.50,1.20
2007.11.15 02:46:50.699,0.9931,0.9934,0.50,1.20
2007.11.15 02:46:50.902,0.9931,0.9934,0.50,1.20
2007.11.15 02:46:51.104,0.9931,0.9934,0.50,1.20
2007.11.15 02:46:51.307,0.9931,0.9934,0.50,1.20
2007.11.15 02:46:51.440,0.9931,0.9934,0.50,1.20
2007.11.15 02:46:51.573,0.9931,0.9934,0.50,1.20
2007.11.15 02:46:51.706,0.9931,0.9934,0.50,1.20
2007.11.15 02:46:51.839,0.9931,0.9934,0.50,1.20
2007.11.15 02:46:51.973,0.9931,0.9934,0.50,1.20
2007.11.15 02:46:52.106,0.9931,0.9934,0.50,1.20
2007.11.15 02:46:52.237,0.9931,0.9934,0.50,1.20
2007.11.15 02:46:52.370,0.9931,0.9934,0.50,1.20
2007.11.15 02:46:52.730,0.9931,0.9934,0.50,1.20
2007.11.15 02:46:52.979,0.9931,0.9934,0.50,1.20
2007.11.15 02:46:53.227,0.9931,0.9934,0.50,1.20
2007.11.15 02:46:53.481,0.9931,0.9934,0.50,1.20
2007.11.15 02:46:53.690,0.9931,0.9934,0.50,1.20
2007.11.15 02:46:53.897,0.9931,0.9934,0.50,1.20
2007.11.15 02:46:53.980,0.9931,0.9934,0.50,0.80
2007.11.15 02:46:54.106,0.9931,0.99345,0.50,2.00
2007.11.15 02:46:54.314,0.9932,0.9935,0.50,11.40
2007.11.15 02:46:54.522,0.9932,0.9934,0.50,0.50
2007.11.15 02:46:54.711,0.9932,0.9934,0.50,0.50
2007.11.15 02:46:54.889,0.9932,0.9935,0.50,11.40
2007.11.15 02:46:55.073,0.9932,0.9934,0.50,0.50
2007.11.15 02:46:55.256,0.9932,0.9934,0.50,0.50
2007.11.15 02:46:55.438,0.9932,0.9935,0.50,11.40
2007.11.15 02:46:55.621,0.9932,0.9934,0.50,0.50
2007.11.15 02:46:55.808,0.9932,0.9934,0.50,0.50
2007.11.15 02:46:55.997,0.9932,0.9935,0.50,11.40
2007.11.15 02:46:56.187,0.9932,0.9935,0.50,11.40
2007.11.15 02:46:56.376,0.9932,0.9935,0.50,11.40
2007.11.15 02:46:56.564,0.9932,0.9934,0.50,0.50
2007.11.15 02:46:56.701,0.9932,0.9935,0.50,11.40
2007.11.15 02:46:56.839,0.9932,0.9935,0.50,11.40
2007.11.15 02:46:56.977,0.9932,0.9934,0.50,0.50
2007.11.15 02:46:57.115,0.9932,0.9935,0.50,11.40
2007.11.15 02:46:57.253,0.9931,0.99355,1.20,13.90
2007.11.15 02:46:57.391,0.9931,0.9935,1.20,0.60
2007.11.15 02:46:57.529,0.9931,0.99355,1.20,6.00
2007.11.15 02:46:57.666,0.9931,0.9935,1.20,0.90
2007.11.15 02:46:57.999,0.9931,0.99355,1.20,6.00
2007.11.15 02:46:58.331,0.9931,0.99355,1.20,7.60
2007.11.15 02:46:58.664,0.9931,0.99355,1.20,7.60
2007.11.15 02:46:58.891,0.9931,0.99355,1.20,7.60
2007.11.15 02:46:58.990,0.9931,0.99355,1.20,7.60
2007.11.15 02:46:59.087,0.9931,0.9935,1.20,0.70
2007.11.15 02:46:59.185,0.9931,0.9935,1.20,0.70
2007.11.15 02:46:59.288,0.9931,0.9935,1.20,0.60
2007.11.15 02:46:59.386,0.9931,0.99355,1.20,7.60
2007.11.15 02:46:59.483,0.9931,0.99355,1.20,7.60
2007.11.15 02:46:59.580,0.9931,0.99355,1.20,7.60
2007.11.15 02:46:59.678,0.9931,0.99355,1.20,7.60
2007.11.15 02:46:59.943,0.9931,0.99355,1.20,7.60
2007.11.15 02:47:00.206,0.9931,0.9935,2.80,6.80
2007.11.15 02:47:00.469,0.9932,0.9935,0.50,6.80
2007.11.15 02:47:00.732,0.9932,0.9934,0.50,0.80
2007.11.15 02:47:00.875,0.9932,0.9934,0.50,0.80
2007.11.15 02:47:01.018,0.9932,0.9934,0.50,0.80
2007.11.15 02:47:01.160,0.9932,0.9935,0.50,6.80
2007.11.15 02:47:01.304,0.9932,0.9935,0.50,0.70
2007.11.15 02:47:01.447,0.9932,0.99355,0.50,7.60
2007.11.15 02:47:01.589,0.9932,0.9935,0.50,0.90
2007.11.15 02:47:01.732,0.9932,0.9935,0.50,0.70
2007.11.15 02:47:01.965,0.9932,0.99355,0.50,3.60
2007.11.15 02:47:02.198,0.9932,0.99355,0.50,3.60
2007.11.15 02:47:02.431,0.9932,0.9935,0.50,0.80
2007.11.15 02:47:02.663,0.9932,0.99355,0.50,3.60
2007.11.15 02:47:02.903,0.9932,0.99355,0.50,3.60
2007.11.15 02:47:03.125,0.9932,0.99355,0.50,3.60
2007.11.15 02:47:03.353,0.9932,0.9935,0.50,3.40
2007.11.15 02:47:03.580,0.9932,0.9935,0.50,3.40
2007.11.15 02:47:03.809,0.9932,0.9935,0.50,3.40
2007.11.15 02:47:03.986,0.9932,0.9935,0.50,3.40
2007.11.15 02:47:04.163,0.9932,0.9934,0.50,0.50
2007.11.15 02:47:04.342,0.9932,0.9935,0.50,3.40
2007.11.15 02:47:04.519,0.9932,0.9934,0.50,0.50
2007.11.15 02:47:04.698,0.9932,0.9934,0.50,0.50
2007.11.15 02:47:04.875,0.9932,0.9934,0.50,0.50
2007.11.15 02:47:05.074,0.9932,0.9935,0.50,3.40
2007.11.15 02:47:05.271,0.9932,0.9935,0.50,3.40
2007.11.15 02:47:05.468,0.9932,0.9935,0.50,3.40
2007.11.15 02:47:05.667,0.9932,0.9934,0.50,0.50
2007.11.15 02:47:05.864,0.9932,0.9934,0.50,0.50
2007.11.15 02:47:06.026,0.9932,0.9934,0.50,0.50
2007.11.15 02:47:06.190,0.9932,0.9934,0.50,0.50
2007.11.15 02:47:06.352,0.9932,0.9935,0.50,3.40
2007.11.15 02:47:06.514,0.9932,0.9935,0.50,3.40
2007.11.15 02:47:06.678,0.9932,0.9934,0.50,0.50
2007.11.15 02:47:06.840,0.9932,0.9935,0.50,3.40
2007.11.15 02:47:07.009,0.9932,0.9935,0.50,3.40
2007.11.15 02:47:07.196,0.9932,0.9934,0.50,0.50
2007.11.15 02:47:07.390,0.9932,0.9934,0.50,0.50
2007.11.15 02:47:07.583,0.9932,0.9934,0.50,0.50
2007.11.15 02:47:07.776,0.9932,0.9934,0.50,0.50
2007.11.15 02:47:07.975,0.9932,0.9934,0.50,0.50
2007.11.15 02:47:08.251,0.9931,0.99345,0.50,2.00
2007.11.15 02:47:08.535,0.9931,0.99345,0.50,2.00
2007.11.15 02:47:08.818,0.9932,0.9935,0.50,11.30
2007.11.15 02:47:09.100,0.9932,0.9935,0.50,11.30
2007.11.15 02:47:09.249,0.9932,0.9934,0.50,0.60
2007.11.15 02:47:09.397,0.9932,0.9934,0.50,0.50
2007.11.15 02:47:09.545,0.9932,0.9934,0.50,0.50
2007.11.15 02:47:09.692,0.9932,0.9935,0.50,11.30
2007.11.15 02:47:09.840,0.9932,0.9935,0.50,11.30
2007.11.15 02:47:09.988,0.9932,0.9935,0.50,11.30
2007.11.15 02:47:10.136,0.9932,0.9935,0.50,11.30
2007.11.15 02:47:10.358,0.9932,0.9935,0.50,11.30
2007.11.15 02:47:10.582,0.9932,0.9935,0.50,11.30
2007.11.15 02:47:10.804,0.9932,0.9934,0.50,0.90
2007.11.15 02:47:11.027,0.9932,0.9935,0.50,7.40
2007.11.15 02:47:11.220,0.9932,0.9935,0.50,7.40
2007.11.15 02:47:11.364,0.9932,0.9934,0.50,0.50
2007.11.15 02:47:11.507,0.9932,0.9934,0.50,0.50
2007.11.15 02:47:11.649,0.9932,0.9934,0.50,0.50
2007.11.15 02:47:11.792,0.9932,0.9935,0.50,7.40
2007.11.15 02:47:11.935,0.9932,0.9935,0.50,7.40
2007.11.15 02:47:12.078,0.9932,0.9935,0.50,7.40
2007.11.15 02:47:12.265,0.9932,0.9935,0.50,7.40
2007.11.15 02:47:12.464,0.9932,0.9934,0.50,0.50
2007.11.15 02:47:12.651,0.9932,0.99345,0.50,1.30
2007.11.15 02:47:12.846,0.9931,0.99345,0.50,1.30
2007.11.15 02:47:13.034,0.9931,0.9934,0.50,0.50
2007.11.15 02:47:13.222,0.9931,0.9934,0.50,1.00
2007.11.15 02:47:13.505,0.9931,0.9934,0.50,1.00
2007.11.15 02:47:13.787,0.9931,0.9933,0.50,0.50
2007.11.15 02:47:14.070,0.9931,0.9933,0.50,0.50
2007.11.15 02:47:14.353,0.9931,0.9934,0.50,1.00
2007.11.15 02:47:14.550,0.9931,0.9934,0.50,1.00
2007.11.15 02:47:14.748,0.9931,0.9934,0.50,1.00
2007.11.15 02:47:14.946,0.9931,0.9933,0.50,0.50
2007.11.15 02:47:15.143,0.9931,0.9934,0.50,1.00
2007.11.15 02:47:15.341,0.9931,0.9934,0.50,1.00
2007.11.15 02:47:15.619,0.9931,0.9933,0.50,0.50
2007.11.15 02:47:15.897,0.9931,0.9933,0.50,0.50
2007.11.15 02:47:16.176,0.9931,0.9934,0.50,1.00
2007.11.15 02:47:16.353,0.9931,0.9933,0.50,0.50
2007.11.15 02:47:16.532,0.9931,0.9934,0.50,1.00
2007.11.15 02:47:16.709,0.9931,0.9933,0.50,0.50
2007.11.15 02:47:16.886,0.9931,0.9933,0.50,0.50
2007.11.15 02:47:17.064,0.9931,0.9934,0.50,1.00
2007.11.15 02:47:17.384,0.9931,0.9934,0.50,0.50
2007.11.15 02:47:17.587,0.9931,0.99345,0.50,2.00
2007.11.15 02:47:17.790,0.9931,0.9934,0.50,0.50
2007.11.15 02:47:17.994,0.9931,0.9934,0.50,0.60
2007.11.15 02:47:18.199,0.9931,0.9934,0.50,0.70
2007.11.15 02:47:18.486,0.9931,0.99345,0.50,2.00
2007.11.15 02:47:18.774,0.9931,0.9934,0.50,0.90
2007.11.15 02:47:19.061,0.9931,0.99345,0.50,2.00
2007.11.15 02:47:19.349,0.9931,0.9934,0.50,0.60
2007.11.15 02:47:19.492,0.9931,0.99345,0.50,2.00
2007.11.15 02:47:19.636,0.9931,0.99345,0.50,2.00
2007.11.15 02:47:19.781,0.9931,0.9933,0.50,0.50
2007.11.15 02:47:19.924,0.9931,0.9934,0.50,1.70
2007.11.15 02:47:20.066,0.9931,0.9934,0.50,1.70
2007.11.15 02:47:20.208,0.9931,0.9933,0.50,0.50
2007.11.15 02:47:20.351,0.9931,0.9934,0.50,1.70
2007.11.15 02:47:20.588,0.9931,0.9933,0.50,0.50
2007.11.15 02:47:20.826,0.9931,0.9934,0.50,1.70
2007.11.15 02:47:21.063,0.9931,0.9933,0.50,0.50
2007.11.15 02:47:21.302,0.9931,0.9934,0.50,1.70
2007.11.15 02:47:21.444,0.9931,0.9933,0.50,0.50
2007.11.15 02:47:21.588,0.9931,0.9933,0.50,0.50
2007.11.15 02:47:21.730,0.9931,0.9933,0.50,0.50
2007.11.15 02:47:21.873,0.9931,0.9934,0.50,1.70
2007.11.15 02:47:22.015,0.9931,0.9933,0.50,0.50
2007.11.15 02:47:22.158,0.9931,0.9934,0.50,1.70
2007.11.15 02:47:22.301,0.9931,0.99345,0.50,3.70
2007.11.15 02:47:22.445,0.9931,0.99345,0.50,2.00
2007.11.15 02:47:22.652,0.9931,0.9934,0.50,0.80
2007.11.15 02:47:22.868,0.9931,0.9933,0.50,0.50
2007.11.15 02:47:23.069,0.9931,0.9934,0.50,1.80
2007.11.15 02:47:23.278,0.9931,0.9933,0.50,0.50
2007.11.15 02:47:23.557,0.9931,0.9933,0.50,0.50
2007.11.15 02:47:23.881,0.993,0.9933,0.50,0.50
2007.11.15 02:47:24.206,0.993,0.9933,0.50,0.50
2007.11.15 02:47:24.527,0.993,0.9933,0.50,0.50
2007.11.15 02:47:24.690,0.993,0.9933,0.50,0.50
2007.11.15 02:47:24.856,0.993,0.9933,0.50,0.50
2007.11.15 02:47:25.018,0.993,0.9933,0.50,0.50
2007.11.15 02:47:25.180,0.9931,0.9933,0.50,0.50
2007.11.15 02:47:25.343,0.9931,0.9933,0.50,1.20
2007.11.15 02:47:25.507,0.9931,0.9933,0.50,1.20
2007.11.15 02:47:25.689,0.9931,0.9933,0.50,1.20
2007.11.15 02:47:25.872,0.9931,0.9933,0.50,1.20
2007.11.15 02:47:26.055,0.9931,0.9933,0.50,1.20
2007.11.15 02:47:26.238,0.9931,0.9933,0.50,1.20
2007.11.15 02:47:26.421,0.9931,0.9933,0.50,1.20
2007.11.15 02:47:26.603,0.9931,0.9933,0.50,1.20
2007.11.15 02:47:26.811,0.9931,0.9933,0.50,1.20
2007.11.15 02:47:27.019,0.9931,0.9933,0.50,1.20
2007.11.15 02:47:27.226,0.9931,0.9933,0.50,1.20
2007.11.15 02:47:27.434,0.9931,0.9933,0.50,1.20
2007.11.15 02:47:27.553,0.9931,0.9933,0.50,1.20
2007.11.15 02:47:27.670,0.9931,0.9933,0.50,1.20
2007.11.15 02:47:27.787,0.9931,0.9933,0.50,1.20
2007.11.15 02:47:27.906,0.9931,0.9933,0.50,1.20
2007.11.15 02:47:28.025,0.9931,0.9933,0.50,1.20
2007.11.15 02:47:28.142,0.9931,0.9933,0.50,1.20
2007.11.15 02:47:28.259,0.9931,0.9933,0.50,1.20
2007.11.15 02:47:28.382,0.9931,0.9933,0.50,1.20
2007.11.15 02:47:28.499,0.9931,0.9933,0.50,1.20
2007.11.15 02:47:28.807,0.9931,0.9933,0.50,1.20
2007.11.15 02:47:29.114,0.9931,0.9933,0.50,1.20
2007.11.15 02:47:29.422,0.9931,0.9933,0.50,0.50
2007.11.15 02:47:29.730,0.9931,0.9933,0.50,0.50
2007.11.15 02:47:29.913,0.9931,0.9933,0.50,0.50
2007.11.15 02:47:30.095,0.9931,0.9933,0.50,0.50
2007.11.15 02:47:30.282,0.9931,0.9933,0.50,0.50
2007.11.15 02:47:30.466,0.9931,0.9933,0.50,0.50
2007.11.15 02:47:30.669,0.9931,0.9933,0.50,0.50
2007.11.15 02:47:30.878,0.9931,0.9933,0.50,0.50
2007.11.15 02:47:31.075,0.9931,0.9933,0.50,0.50
2007.11.15 02:47:31.254,0.993,0.9933,1.70,0.50
2007.11.15 02:47:31.278,0.993,0.9933,1.70,0.50
2007.11.15 02:47:31.481,0.9931,0.9933,0.50,0.50
2007.11.15 02:47:31.664,0.993,0.9933,1.70,0.50
2007.11.15 02:47:31.847,0.9931,0.9933,0.50,0.50
2007.11.15 02:47:32.030,0.993,0.9933,1.70,0.50
2007.11.15 02:47:32.220,0.9931,0.9933,0.50,0.50
2007.11.15 02:47:32.403,0.9931,0.9933,0.50,0.50
2007.11.15 02:47:32.585,0.9931,0.9933,0.50,0.50
2007.11.15 02:47:32.773,0.9931,0.9934,0.50,1.70
2007.11.15 02:47:32.961,0.9931,0.9934,0.50,1.20
2007.11.15 02:47:33.149,0.9931,0.9934,0.50,1.20
2007.11.15 02:47:33.337,0.9931,0.9934,0.50,1.20
2007.11.15 02:47:33.525,0.9931,0.9934,0.50,1.20
2007.11.15 02:47:33.713,0.9931,0.9934,0.50,1.20
2007.11.15 02:47:34.010,0.9931,0.9934,0.50,1.20
2007.11.15 02:47:34.308,0.9931,0.9934,0.50,1.20
2007.11.15 02:47:34.606,0.9931,0.9934,0.50,1.20
2007.11.15 02:47:34.906,0.9931,0.9935,1.20,2.80
2007.11.15 02:47:35.108,0.9931,0.9935,1.20,3.60
2007.11.15 02:47:35.312,0.9932,0.9935,0.50,2.80
2007.11.15 02:47:35.522,0.9932,0.9935,0.50,1.20
2007.11.15 02:47:35.719,0.9932,0.9935,0.50,2.00
2007.11.15 02:47:35.923,0.9932,0.9935,0.50,1.30
2007.11.15 02:47:36.196,0.9932,0.9935,0.50,1.30
2007.11.15 02:47:36.470,0.9932,0.9935,0.50,2.80
2007.11.15 02:47:36.742,0.9932,0.9935,0.50,2.80
2007.11.15 02:47:36.925,0.9932,0.9935,0.50,2.80
2007.11.15 02:47:37.108,0.9932,0.9935,0.50,2.80
2007.11.15 02:47:37.290,0.9932,0.9935,0.50,2.80
2007.11.15 02:47:37.473,0.9932,0.9935,0.50,2.80
2007.11.15 02:47:37.656,0.9932,0.9935,0.50,2.80
2007.11.15 02:47:37.838,0.9932,0.9935,0.50,2.80
2007.11.15 02:47:38.090,0.9932,0.9935,0.50,2.80
2007.11.15 02:47:38.348,0.9932,0.9935,0.50,2.80
2007.11.15 02:47:38.596,0.9932,0.9935,0.50,2.80
2007.11.15 02:47:38.850,0.9931,0.9934,0.50,0.10
2007.11.15 02:47:38.963,0.9931,0.9934,0.50,0.10
2007.11.15 02:47:39.076,0.9931,0.9934,0.50,0.10
2007.11.15 02:47:39.188,0.9931,0.9934,0.50,0.10
2007.11.15 02:47:39.301,0.9931,0.9934,0.50,0.60
2007.11.15 02:47:39.420,0.9931,0.9934,0.50,0.60
2007.11.15 02:47:39.527,0.9931,0.9934,0.50,0.60
2007.11.15 02:47:39.639,0.9931,0.9934,0.50,0.60
2007.11.15 02:47:39.753,0.9931,0.9934,0.50,0.60
2007.11.15 02:47:39.864,0.9931,0.9934,0.50,0.60
2007.11.15 02:47:40.142,0.9931,0.9934,0.50,0.60
2007.11.15 02:47:40.420,0.9931,0.9933,0.50,0.50
2007.11.15 02:47:40.698,0.9931,0.9933,0.50,0.50
2007.11.15 02:47:40.976,0.9931,0.9933,0.50,0.50
2007.11.15 02:47:41.253,0.9931,0.9933,1.20,0.50
2007.11.15 02:47:41.366,0.9931,0.9934,1.20,0.80
2007.11.15 02:47:41.478,0.9931,0.9934,1.20,0.80
2007.11.15 02:47:41.591,0.9931,0.9934,1.20,0.80
2007.11.15 02:47:41.704,0.9931,0.9934,1.20,0.80
2007.11.15 02:47:41.817,0.9931,0.9934,1.20,0.80
2007.11.15 02:47:42.046,0.9931,0.9934,1.20,0.80
2007.11.15 02:47:42.303,0.9931,0.9934,1.20,0.80
2007.11.15 02:47:42.561,0.9931,0.9934,1.20,0.80
2007.11.15 02:47:42.818,0.9931,0.9934,1.20,0.80
2007.11.15 02:47:43.078,0.9931,0.9934,1.20,0.80
2007.11.15 02:47:43.283,0.9931,0.9934,1.20,0.80
2007.11.15 02:47:43.484,0.9931,0.9934,1.20,0.80
2007.11.15 02:47:43.688,0.9931,0.9934,1.20,0.80
2007.11.15 02:47:43.892,0.9931,0.9934,1.20,0.80
2007.11.15 02:47:44.094,0.9931,0.9934,1.20,0.80
2007.11.15 02:47:44.228,0.9931,0.9934,1.20,0.80
2007.11.15 02:47:44.361,0.9931,0.9935,1.20,2.80
2007.11.15 02:47:44.495,0.9931,0.9935,1.20,2.80
2007.11.15 02:47:44.626,0.9931,0.9935,1.20,2.80
2007.11.15 02:47:44.759,0.9931,0.9935,1.20,2.80
2007.11.15 02:47:44.891,0.9931,0.9935,1.20,2.80
2007.11.15 02:47:45.024,0.9931,0.9935,1.20,2.80
2007.11.15 02:47:45.158,0.9931,0.9935,1.20,2.80
2007.11.15 02:47:45.401,0.9931,0.9935,1.20,2.80
2007.11.15 02:47:45.644,0.9931,0.9935,1.20,2.80
2007.11.15 02:47:45.888,0.9931,0.9935,1.20,2.80
2007.11.15 02:47:46.131,0.9931,0.9935,1.20,2.80
2007.11.15 02:47:46.374,0.9931,0.9935,1.20,2.80
2007.11.15 02:47:46.528,0.9931,0.9935,1.20,2.80
2007.11.15 02:47:46.681,0.9931,0.9935,1.20,2.80
2007.11.15 02:47:46.833,0.9932,0.9935,0.50,2.80
2007.11.15 02:47:46.987,0.9932,0.9935,0.50,2.80
2007.11.15 02:47:47.140,0.9932,0.9935,0.50,1.20
2007.11.15 02:47:47.293,0.9932,0.9935,0.50,1.20
2007.11.15 02:47:47.546,0.9932,0.9935,0.50,1.20
2007.11.15 02:47:47.799,0.9932,0.9935,0.50,1.20
2007.11.15 02:47:48.052,0.9932,0.9935,0.50,1.20
2007.11.15 02:47:48.304,0.9932,0.9935,0.50,1.20
2007.11.15 02:47:48.527,0.9932,0.9935,0.50,1.20
2007.11.15 02:47:48.749,0.9932,0.9935,0.50,1.20
2007.11.15 02:47:48.972,0.9932,0.9935,0.50,1.20
2007.11.15 02:47:49.195,0.9932,0.9935,0.50,1.20
2007.11.15 02:47:49.418,0.9932,0.9935,0.50,1.20
2007.11.15 02:47:49.575,0.9932,0.9935,0.50,1.20
2007.11.15 02:47:49.734,0.9932,0.9935,0.50,1.20
2007.11.15 02:47:49.891,0.9932,0.9935,0.50,1.20
2007.11.15 02:47:50.049,0.9932,0.9935,0.50,1.20
2007.11.15 02:47:50.206,0.9932,0.9935,0.50,1.20
2007.11.15 02:47:50.364,0.9932,0.9935,0.50,1.20
2007.11.15 02:47:50.521,0.9932,0.9935,0.50,1.20
2007.11.15 02:47:50.729,0.9932,0.9935,0.50,1.20
2007.11.15 02:47:50.937,0.9932,0.9935,0.50,1.20
2007.11.15 02:47:51.144,0.9932,0.9935,0.50,1.20
2007.11.15 02:47:51.353,0.9932,0.9935,0.50,1.20
2007.11.15 02:47:51.560,0.9932,0.9935,0.50,1.20
2007.11.15 02:47:51.743,0.9932,0.9935,0.50,1.20
2007.11.15 02:47:51.925,0.9932,0.9935,0.50,1.20
2007.11.15 02:47:52.107,0.9932,0.9935,0.50,1.20
2007.11.15 02:47:52.291,0.9932,0.9935,0.50,1.20
2007.11.15 02:47:52.473,0.9932,0.9935,0.50,1.20
2007.11.15 02:47:52.617,0.9932,0.9935,0.50,1.20
2007.11.15 02:47:52.760,0.9932,0.9935,0.50,1.20
2007.11.15 02:47:52.902,0.9932,0.9935,0.50,1.20
2007.11.15 02:47:53.044,0.9932,0.9935,0.50,1.20
2007.11.15 02:47:53.187,0.9932,0.9935,0.50,1.20
2007.11.15 02:47:53.330,0.9932,0.9935,0.50,1.20
2007.11.15 02:47:53.473,0.9932,0.9935,0.50,1.20
2007.11.15 02:47:53.760,0.9932,0.9935,0.50,1.20
2007.11.15 02:47:54.048,0.9932,0.9935,0.50,1.20
2007.11.15 02:47:54.379,0.9931,0.9935,1.20,2.80
2007.11.15 02:47:54.667,0.9931,0.9935,1.20,2.80
2007.11.15 02:47:54.830,0.9931,0.9935,1.20,2.80
2007.11.15 02:47:54.998,0.9931,0.9935,1.20,2.80
2007.11.15 02:47:55.160,0.9931,0.9935,1.20,2.80
2007.11.15 02:47:55.321,0.9931,0.9935,1.20,2.80
2007.11.15 02:47:55.485,0.9931,0.9935,1.20,2.80
2007.11.15 02:47:55.627,0.9931,0.9935,1.20,2.80
2007.11.15 02:47:55.775,0.9931,0.9935,1.20,2.80
2007.11.15 02:47:55.918,0.9931,0.9935,1.20,2.80
2007.11.15 02:47:56.060,0.9931,0.9935,1.20,2.80
2007.11.15 02:47:56.203,0.9931,0.9935,1.20,2.80
2007.11.15 02:47:56.345,0.9931,0.9935,1.20,2.80
2007.11.15 02:47:56.489,0.9931,0.9935,1.20,2.80
2007.11.15 02:47:56.691,0.9931,0.9935,1.20,2.80
2007.11.15 02:47:56.894,0.9931,0.9935,1.20,2.80
2007.11.15 02:47:57.096,0.9931,0.9935,1.20,2.80
2007.11.15 02:47:57.299,0.9931,0.9935,1.20,2.80
2007.11.15 02:47:57.501,0.9931,0.9935,1.20,2.80
2007.11.15 02:47:57.654,0.9931,0.9935,1.20,2.80
2007.11.15 02:47:57.806,0.9931,0.9935,1.20,2.80
2007.11.15 02:47:57.959,0.9931,0.9935,1.20,1.20
2007.11.15 02:47:58.112,0.9931,0.9935,1.20,1.20
2007.11.15 02:47:58.264,0.9931,0.9935,1.20,1.20
2007.11.15 02:47:58.418,0.9931,0.9935,1.20,1.20
2007.11.15 02:47:58.571,0.9931,0.9935,1.20,1.20
2007.11.15 02:47:58.904,0.9931,0.9935,1.20,1.20
2007.11.15 02:47:59.237,0.9931,0.9935,1.20,1.20
2007.11.15 02:47:59.570,0.9931,0.9935,1.20,1.20
2007.11.15 02:47:59.903,0.9931,0.9934,0.50,1.20
2007.11.15 02:47:59.986,0.9931,0.9934,0.50,1.20
2007.11.15 02:48:00.068,0.9931,0.9934,0.50,1.20
2007.11.15 02:48:00.151,0.9931,0.9934,0.50,1.20
2007.11.15 02:48:00.234,0.9931,0.9934,0.50,1.20
2007.11.15 02:48:00.317,0.9931,0.9934,0.50,1.20
2007.11.15 02:48:00.537,0.9931,0.9934,0.50,1.20
2007.11.15 02:48:00.620,0.9931,0.9934,0.50,1.20
2007.11.15 02:48:00.953,0.9931,0.9934,0.50,1.20
2007.11.15 02:48:01.286,0.9931,0.9934,0.50,1.20
2007.11.15 02:48:01.619,0.9931,0.9934,0.50,1.20
2007.11.15 02:48:01.952,0.9931,0.9934,0.50,1.20
2007.11.15 02:48:02.144,0.9931,0.9934,1.20,1.20
2007.11.15 02:48:02.338,0.9931,0.9934,1.20,0.80
2007.11.15 02:48:02.530,0.9931,0.9934,1.20,0.80
2007.11.15 02:48:02.724,0.9931,0.9934,1.20,0.80
2007.11.15 02:48:03.006,0.9931,0.9934,1.20,0.80
2007.11.15 02:48:03.290,0.9931,0.9934,1.20,0.80
2007.11.15 02:48:03.572,0.9931,0.9934,1.20,0.80
2007.11.15 02:48:03.854,0.9931,0.9934,1.20,0.80
2007.11.15 02:48:04.088,0.9931,0.9935,3.60,3.60
2007.11.15 02:48:04.322,0.9932,0.9935,0.50,2.00
2007.11.15 02:48:04.554,0.9932,0.9935,0.50,2.00
2007.11.15 02:48:04.788,0.9932,0.9935,0.50,2.00
2007.11.15 02:48:04.997,0.9932,0.9935,0.50,2.00
2007.11.15 02:48:05.200,0.9932,0.9935,0.50,2.00
2007.11.15 02:48:05.401,0.9932,0.9935,0.50,2.00
2007.11.15 02:48:05.610,0.9932,0.9935,0.50,2.00
2007.11.15 02:48:05.807,0.9932,0.9935,0.50,2.00
2007.11.15 02:48:06.010,0.9932,0.9935,0.50,2.00
2007.11.15 02:48:06.187,0.9932,0.9935,0.50,1.20
2007.11.15 02:48:06.365,0.9932,0.9935,0.50,1.20
2007.11.15 02:48:06.543,0.9932,0.9935,0.50,1.20
2007.11.15 02:48:06.720,0.9932,0.9935,0.50,1.20
2007.11.15 02:48:06.897,0.9932,0.9935,0.50,1.20
2007.11.15 02:48:07.056,0.9932,0.9935,0.50,1.20
2007.11.15 02:48:07.213,0.9932,0.9935,0.50,1.20
2007.11.15 02:48:07.372,0.9932,0.9935,0.50,1.20
2007.11.15 02:48:07.530,0.9932,0.9935,0.50,1.20
2007.11.15 02:48:07.688,0.9932,0.9935,0.50,1.20
2007.11.15 02:48:07.847,0.9932,0.9935,0.50,1.20
2007.11.15 02:48:08.004,0.9932,0.9935,0.50,1.20
2007.11.15 02:48:08.287,0.9932,0.9935,0.50,1.20
2007.11.15 02:48:08.570,0.9932,0.9935,0.50,1.20
2007.11.15 02:48:08.853,0.9932,0.9935,0.50,1.20
2007.11.15 02:48:09.135,0.9932,0.9935,0.50,1.20
2007.11.15 02:48:09.237,0.9932,0.9935,0.50,1.20
2007.11.15 02:48:09.341,0.9932,0.9935,0.50,1.20
2007.11.15 02:48:09.444,0.9932,0.9935,0.50,1.20
2007.11.15 02:48:09.546,0.9932,0.9935,0.50,1.20
2007.11.15 02:48:09.649,0.9932,0.9935,0.50,1.20
2007.11.15 02:48:09.752,0.9932,0.9935,0.50,1.20
2007.11.15 02:48:09.854,0.9932,0.9935,0.50,1.20
2007.11.15 02:48:09.956,0.9932,0.9935,0.50,1.20
2007.11.15 02:48:10.059,0.9932,0.9935,0.50,1.20
2007.11.15 02:48:10.348,0.9932,0.9935,0.50,1.20
2007.11.15 02:48:10.635,0.9932,0.9935,0.50,1.20
2007.11.15 02:48:10.923,0.9932,0.9935,0.50,1.20
2007.11.15 02:48:11.212,0.9932,0.9935,0.50,1.20
2007.11.15 02:48:11.315,0.9932,0.9935,0.50,1.20
2007.11.15 02:48:11.419,0.9932,0.9935,0.50,1.20
2007.11.15 02:48:11.522,0.9932,0.9935,0.50,1.20
2007.11.15 02:48:11.624,0.9932,0.9935,0.50,1.20
2007.11.15 02:48:11.732,0.9932,0.9935,0.50,1.20
2007.11.15 02:48:11.834,0.9932,0.9935,0.50,1.20
2007.11.15 02:48:11.937,0.9932,0.9935,0.50,1.20
2007.11.15 02:48:12.041,0.9932,0.9935,0.50,1.20
2007.11.15 02:48:12.143,0.9932,0.9935,0.50,1.20
2007.11.15 02:48:12.247,0.9932,0.9935,0.50,3.60
2007.11.15 02:48:12.579,0.9932,0.9935,0.50,3.60
2007.11.15 02:48:12.912,0.9932,0.9935,0.50,3.60
2007.11.15 02:48:13.245,0.9932,0.9935,0.50,3.60
2007.11.15 02:48:13.434,0.9932,0.9935,0.50,3.60
2007.11.15 02:48:13.621,0.9932,0.9935,0.50,3.60
2007.11.15 02:48:13.808,0.9932,0.9935,0.50,3.60
2007.11.15 02:48:13.997,0.9932,0.9935,0.50,3.60
2007.11.15 02:48:14.184,0.9932,0.9935,0.50,3.60
2007.11.15 02:48:14.373,0.9932,0.9935,0.50,3.60
2007.11.15 02:48:14.532,0.9932,0.9935,0.50,3.60
2007.11.15 02:48:14.689,0.9932,0.9935,0.50,3.60
2007.11.15 02:48:14.847,0.9932,0.9935,0.50,3.60
2007.11.15 02:48:15.011,0.9932,0.9935,0.50,3.60
2007.11.15 02:48:15.162,0.9932,0.9935,0.50,3.60
2007.11.15 02:48:15.321,0.9932,0.9935,0.50,3.60
2007.11.15 02:48:15.473,0.9932,0.9935,0.50,3.60
2007.11.15 02:48:15.626,0.9932,0.9935,0.50,3.60
2007.11.15 02:48:15.780,0.9932,0.9935,0.50,3.60
2007.11.15 02:48:15.932,0.9932,0.9935,0.50,3.60
2007.11.15 02:48:16.085,0.9932,0.9935,0.50,3.60
2007.11.15 02:48:16.239,0.9932,0.9935,0.50,3.60
2007.11.15 02:48:16.391,0.9932,0.9935,0.50,3.60
2007.11.15 02:48:16.584,0.9932,0.9935,0.50,3.60
2007.11.15 02:48:16.777,0.9932,0.9935,0.50,3.60
2007.11.15 02:48:16.971,0.9932,0.9935,0.50,3.60
2007.11.15 02:48:17.164,0.9932,0.9935,0.50,3.60
2007.11.15 02:48:17.358,0.9932,0.9935,0.50,3.60
2007.11.15 02:48:17.521,0.9932,0.9935,0.50,3.60
2007.11.15 02:48:17.683,0.9932,0.9935,0.50,3.60
2007.11.15 02:48:17.846,0.9932,0.9935,0.50,3.60
2007.11.15 02:48:18.008,0.9932,0.9935,0.50,3.60
2007.11.15 02:48:18.174,0.9932,0.9935,0.50,3.60
2007.11.15 02:48:18.336,0.9932,0.9935,0.50,3.60
2007.11.15 02:48:18.589,0.9932,0.9935,0.50,3.60
2007.11.15 02:48:18.843,0.9932,0.9935,0.50,3.60
2007.11.15 02:48:19.095,0.9932,0.9935,0.50,3.60
2007.11.15 02:48:19.348,0.9932,0.9935,0.50,3.60
2007.11.15 02:48:19.456,0.9932,0.9935,0.50,3.60
2007.11.15 02:48:19.564,0.9932,0.9935,0.50,3.60
2007.11.15 02:48:19.672,0.9932,0.9935,0.50,3.60
2007.11.15 02:48:19.779,0.9932,0.9935,0.50,3.60
2007.11.15 02:48:19.887,0.9932,0.9935,0.50,3.60
2007.11.15 02:48:19.995,0.9932,0.9935,0.50,3.60
2007.11.15 02:48:20.103,0.9932,0.9935,0.50,3.60
2007.11.15 02:48:20.211,0.9932,0.9935,0.50,3.60
2007.11.15 02:48:20.318,0.9932,0.9935,0.50,3.60
2007.11.15 02:48:20.427,0.9932,0.9935,0.50,3.60
2007.11.15 02:48:20.714,0.9932,0.9935,0.50,3.60
2007.11.15 02:48:21.002,0.9932,0.9935,0.50,3.60
2007.11.15 02:48:21.290,0.9932,0.9935,0.50,3.60
2007.11.15 02:48:21.578,0.9932,0.9935,0.50,3.60
2007.11.15 02:48:21.692,0.9932,0.9935,0.50,3.60
2007.11.15 02:48:21.804,0.9932,0.9935,0.50,3.60
2007.11.15 02:48:21.917,0.9932,0.9935,0.50,3.60
2007.11.15 02:48:22.030,0.9932,0.9935,0.50,3.60
2007.11.15 02:48:22.142,0.9932,0.9935,0.50,3.60
2007.11.15 02:48:22.255,0.9932,0.9935,0.50,3.60
2007.11.15 02:48:22.367,0.9932,0.9935,0.50,3.60
2007.11.15 02:48:22.481,0.9932,0.9935,0.50,3.60
2007.11.15 02:48:22.759,0.9932,0.9934,0.50,0.80
2007.11.15 02:48:23.036,0.9932,0.9934,0.50,0.80
2007.11.15 02:48:23.314,0.9932,0.9934,0.50,0.80
2007.11.15 02:48:23.591,0.9932,0.9934,0.50,0.80
2007.11.15 02:48:23.810,0.9932,0.9934,0.50,0.80
2007.11.15 02:48:24.027,0.9932,0.9934,0.50,0.80
2007.11.15 02:48:24.245,0.9932,0.9934,0.50,0.80
2007.11.15 02:48:24.462,0.9932,0.9934,0.50,0.80
2007.11.15 02:48:24.681,0.9932,0.9934,0.50,0.80
2007.11.15 02:48:24.853,0.9932,0.9934,0.50,0.80
2007.11.15 02:48:25.026,0.9932,0.9934,0.50,0.80
2007.11.15 02:48:25.199,0.9932,0.9934,0.50,0.80
2007.11.15 02:48:25.372,0.9932,0.9934,0.50,0.80
2007.11.15 02:48:25.545,0.9932,0.9934,0.50,0.80
2007.11.15 02:48:25.713,0.9932,0.9934,0.50,0.80
2007.11.15 02:48:25.875,0.9932,0.9934,0.50,0.80
2007.11.15 02:48:26.039,0.9932,0.9934,0.50,0.80
2007.11.15 02:48:26.201,0.9932,0.9934,0.50,0.80
2007.11.15 02:48:26.364,0.9932,0.9934,0.50,0.80
2007.11.15 02:48:26.527,0.9932,0.9934,0.50,0.80
2007.11.15 02:48:26.689,0.9932,0.9934,0.50,0.80
2007.11.15 02:48:26.893,0.9932,0.9934,0.50,0.80
2007.11.15 02:48:27.095,0.9932,0.9934,0.50,0.80
2007.11.15 02:48:27.298,0.9932,0.9934,0.50,0.80
2007.11.15 02:48:27.501,0.9932,0.9934,0.50,0.80
2007.11.15 02:48:27.704,0.9932,0.9934,0.50,0.80
2007.11.15 02:48:27.872,0.9932,0.9934,0.50,0.80
2007.11.15 02:48:28.040,0.9932,0.9934,0.50,0.80
2007.11.15 02:48:28.208,0.9932,0.9935,0.50,1.20
2007.11.15 02:48:28.376,0.9932,0.9935,0.50,1.20
2007.11.15 02:48:28.545,0.9932,0.9935,0.50,1.20
2007.11.15 02:48:28.713,0.9932,0.9935,0.50,1.20
2007.11.15 02:48:28.981,0.9932,0.9935,0.50,1.20
2007.11.15 02:48:29.044,0.9932,0.9935,0.50,1.20
2007.11.15 02:48:29.249,0.9932,0.9935,0.50,1.20
2007.11.15 02:48:29.516,0.9932,0.9935,0.50,1.20
2007.11.15 02:48:29.783,0.9931,0.9935,4.10,1.20
2007.11.15 02:48:29.921,0.9931,0.9935,4.10,1.20
2007.11.15 02:48:30.058,0.9932,0.9935,0.50,1.20
2007.11.15 02:48:30.196,0.9932,0.9935,0.50,1.20
2007.11.15 02:48:30.334,0.9931,0.9933,1.70,0.80
2007.11.15 02:48:30.472,0.9931,0.9933,1.70,0.80
2007.11.15 02:48:30.609,0.9931,0.9933,1.70,0.80
2007.11.15 02:48:30.747,0.9932,0.9933,0.50,0.80
2007.11.15 02:48:31.010,0.9931,0.9933,1.70,0.80
2007.11.15 02:48:31.345,0.9932,0.9933,0.50,0.80
2007.11.15 02:48:31.607,0.9932,0.9933,0.50,0.80
2007.11.15 02:48:31.871,0.9932,0.9933,0.50,0.80
2007.11.15 02:48:32.021,0.9931,0.9933,1.70,0.80
2007.11.15 02:48:32.170,0.9931,0.9933,1.70,0.80
2007.11.15 02:48:32.317,0.9931,0.9933,1.70,0.80
2007.11.15 02:48:32.465,0.9931,0.9933,1.70,0.80
2007.11.15 02:48:32.613,0.9932,0.9933,0.50,0.80
2007.11.15 02:48:32.760,0.9931,0.9933,1.70,0.80
2007.11.15 02:48:32.908,0.9932,0.9933,0.50,0.80
2007.11.15 02:48:33.116,0.9931,0.9933,1.70,0.80
2007.11.15 02:48:33.324,0.9931,0.9933,1.70,0.80
2007.11.15 02:48:33.532,0.9931,0.9933,1.70,0.80
2007.11.15 02:48:33.740,0.9932,0.9933,0.50,0.80
2007.11.15 02:48:33.950,0.9931,0.9934,4.10,0.80
2007.11.15 02:48:34.168,0.9931,0.9934,4.10,0.80
2007.11.15 02:48:34.385,0.9931,0.9934,4.10,0.80
2007.11.15 02:48:34.603,0.9931,0.9934,4.10,0.80
2007.11.15 02:48:34.819,0.9931,0.9934,4.10,0.80
2007.11.15 02:48:35.037,0.9932,0.9935,0.50,1.20
2007.11.15 02:48:35.165,0.9932,0.9935,0.50,1.20
2007.11.15 02:48:35.292,0.9931,0.9935,4.10,1.20
2007.11.15 02:48:35.420,0.9932,0.9935,0.50,1.20
2007.11.15 02:48:35.547,0.9931,0.9935,4.10,1.20
2007.11.15 02:48:35.675,0.9931,0.9935,4.10,1.20
2007.11.15 02:48:35.802,0.9931,0.9935,4.10,1.20
2007.11.15 02:48:35.931,0.9931,0.9935,4.10,1.20
2007.11.15 02:48:36.060,0.9932,0.9935,0.50,1.20
2007.11.15 02:48:36.266,0.9931,0.9935,4.10,1.20
2007.11.15 02:48:36.474,0.9931,0.9935,4.10,1.20
2007.11.15 02:48:36.681,0.9931,0.9935,4.10,1.20
2007.11.15 02:48:36.889,0.9931,0.9935,0.80,0.80
2007.11.15 02:48:37.096,0.99305,0.9935,10.40,0.80
2007.11.15 02:48:37.294,0.99305,0.9935,10.40,0.80
2007.11.15 02:48:37.504,0.99305,0.9935,10.40,0.80
2007.11.15 02:48:37.703,0.9931,0.9935,1.80,0.80
2007.11.15 02:48:37.900,0.9931,0.9935,2.00,0.80
2007.11.15 02:48:38.098,0.9931,0.9935,1.80,0.80
2007.11.15 02:48:38.388,0.9931,0.9935,2.20,0.80
2007.11.15 02:48:38.675,0.99305,0.9935,10.40,1.20
2007.11.15 02:48:38.964,0.9931,0.9935,0.80,1.20
2007.11.15 02:48:39.252,0.9931,0.9935,0.50,2.80
2007.11.15 02:48:39.393,0.9931,0.9935,0.90,2.80
2007.11.15 02:48:39.536,0.993,0.9935,21.20,2.80
2007.11.15 02:48:39.685,0.993,0.9935,20.40,2.80
2007.11.15 02:48:39.829,0.993,0.9935,22.00,2.40
2007.11.15 02:48:39.971,0.9931,0.9935,0.90,0.80
2007.11.15 02:48:40.114,0.99305,0.9935,10.40,0.80
2007.11.15 02:48:40.257,0.99305,0.9935,10.40,0.80
2007.11.15 02:48:40.540,0.993,0.9935,22.00,0.80
2007.11.15 02:48:40.825,0.9931,0.9935,0.50,0.80
2007.11.15 02:48:41.108,0.9931,0.9935,0.60,0.80
2007.11.15 02:48:41.391,0.9931,0.9935,2.20,0.80
2007.11.15 02:48:41.554,0.9931,0.9935,2.00,0.80
2007.11.15 02:48:41.717,0.9931,0.9935,1.80,0.80
2007.11.15 02:48:41.880,0.99305,0.9935,10.40,0.80
2007.11.15 02:48:42.043,0.9931,0.9935,0.50,0.80
2007.11.15 02:48:42.205,0.99305,0.9935,10.40,0.80
2007.11.15 02:48:42.382,0.9931,0.9935,1.30,0.80
2007.11.15 02:48:42.560,0.9931,0.9935,1.10,0.80
2007.11.15 02:48:42.738,0.9931,0.9935,4.40,0.80
2007.11.15 02:48:42.916,0.9932,0.9935,0.80,0.80
2007.11.15 02:48:43.093,0.9931,0.9935,11.20,0.80
2007.11.15 02:48:43.272,0.9931,0.9935,11.20,0.80
2007.11.15 02:48:43.661,0.9931,0.9935,11.20,0.80
2007.11.15 02:48:43.955,0.9932,0.9935,1.30,0.80
2007.11.15 02:48:44.248,0.9932,0.9935,1.30,0.80
2007.11.15 02:48:44.372,0.9932,0.9935,1.30,0.80
2007.11.15 02:48:44.493,0.9932,0.9935,1.30,0.80
2007.11.15 02:48:44.616,0.9932,0.9935,1.30,0.80
2007.11.15 02:48:44.739,0.9932,0.9935,1.30,0.80
2007.11.15 02:48:44.861,0.9933,0.9935,0.50,0.80
2007.11.15 02:48:44.984,0.9932,0.9935,1.30,0.80
2007.11.15 02:48:45.106,0.9933,0.9935,0.50,0.80
2007.11.15 02:48:45.228,0.9932,0.9935,1.30,0.80
2007.11.15 02:48:45.352,0.9932,0.9935,1.30,0.80
2007.11.15 02:48:45.625,0.9933,0.9935,0.50,0.80
2007.11.15 02:48:45.898,0.9933,0.9935,0.50,0.80
2007.11.15 02:48:46.171,0.9933,0.9935,0.50,0.80
2007.11.15 02:48:46.444,0.9933,0.9935,0.50,0.80
2007.11.15 02:48:46.607,0.9932,0.9935,1.30,0.80
2007.11.15 02:48:46.770,0.9933,0.9935,0.50,0.80
2007.11.15 02:48:46.933,0.9933,0.9936,0.50,1.20
2007.11.15 02:48:47.096,0.9932,0.9936,4.10,1.20
2007.11.15 02:48:47.258,0.9932,0.9936,4.10,1.20
2007.11.15 02:48:47.422,0.9932,0.9936,4.10,1.20
2007.11.15 02:48:47.618,0.9932,0.9936,4.10,1.20
2007.11.15 02:48:47.817,0.9933,0.9936,0.50,1.20
2007.11.15 02:48:48.020,0.9932,0.9936,4.10,1.20
2007.11.15 02:48:48.212,0.9932,0.9936,4.10,1.20
2007.11.15 02:48:48.411,0.9932,0.9936,4.10,1.20
2007.11.15 02:48:48.609,0.9932,0.9936,4.10,1.20
2007.11.15 02:48:48.856,0.9932,0.9936,4.10,1.20
2007.11.15 02:48:49.104,0.9933,0.9936,0.50,1.20
2007.11.15 02:48:49.351,0.9932,0.9936,4.10,1.20
2007.11.15 02:48:49.599,0.9932,0.9936,4.10,1.20
2007.11.15 02:48:49.822,0.9932,0.9936,4.10,3.60
2007.11.15 02:48:49.924,0.9933,0.9936,0.50,5.20
2007.11.15 02:48:50.027,0.9933,0.9936,0.50,5.20
2007.11.15 02:48:50.129,0.9932,0.9936,1.70,5.20
2007.11.15 02:48:50.231,0.9932,0.9936,1.70,5.20
2007.11.15 02:48:50.334,0.9932,0.9936,1.70,5.20
2007.11.15 02:48:50.438,0.9932,0.9936,1.70,5.20
2007.11.15 02:48:50.539,0.9933,0.9936,0.50,5.20
2007.11.15 02:48:50.793,0.9932,0.9936,1.70,5.20
2007.11.15 02:48:51.045,0.9932,0.9936,1.70,5.20
2007.11.15 02:48:51.298,0.99315,0.9935,8.00,0.80
2007.11.15 02:48:51.556,0.9931,0.9935,23.60,0.80
2007.11.15 02:48:51.693,0.9931,0.9935,23.60,0.80
2007.11.15 02:48:51.832,0.9932,0.9935,0.60,0.80
2007.11.15 02:48:51.969,0.9931,0.9935,23.60,0.80
2007.11.15 02:48:52.113,0.9932,0.9935,0.50,0.80
2007.11.15 02:48:52.253,0.9931,0.9935,23.60,0.80
2007.11.15 02:48:52.391,0.9931,0.9935,23.60,0.80
2007.11.15 02:48:52.529,0.9931,0.9935,23.60,0.80
2007.11.15 02:48:52.668,0.9931,0.9935,23.60,0.80
2007.11.15 02:48:52.900,0.9931,0.9935,23.60,0.80
2007.11.15 02:48:53.139,0.9931,0.9935,23.60,0.80
2007.11.15 02:48:53.371,0.9933,0.9935,0.50,0.80
2007.11.15 02:48:53.605,0.9933,0.9935,0.50,0.80
2007.11.15 02:48:53.837,0.9933,0.9935,0.50,0.80
2007.11.15 02:48:54.080,0.9932,0.9935,1.70,0.80
2007.11.15 02:48:54.323,0.9932,0.9935,1.70,0.80
2007.11.15 02:48:54.566,0.9933,0.9935,0.50,0.80
2007.11.15 02:48:54.809,0.9932,0.9935,1.70,0.80
2007.11.15 02:48:54.981,0.9932,0.9935,1.70,0.80
2007.11.15 02:48:55.155,0.9932,0.9935,1.70,0.80
2007.11.15 02:48:55.328,0.9932,0.9935,1.70,0.80
2007.11.15 02:48:55.501,0.9932,0.9935,1.70,0.80
2007.11.15 02:48:55.673,0.9933,0.9935,0.50,0.80
2007.11.15 02:48:55.977,0.9933,0.9935,0.50,0.80
2007.11.15 02:48:56.159,0.9932,0.9935,1.70,0.80
2007.11.15 02:48:56.342,0.9933,0.9935,0.50,0.80
2007.11.15 02:48:56.524,0.9932,0.9935,1.70,0.80
2007.11.15 02:48:56.707,0.9932,0.9935,1.70,0.80
2007.11.15 02:48:56.889,0.9933,0.9935,0.50,0.80
2007.11.15 02:48:57.012,0.9932,0.9935,1.70,0.80
2007.11.15 02:48:57.134,0.9932,0.9935,1.70,0.80
2007.11.15 02:48:57.256,0.9933,0.9935,0.50,0.80
2007.11.15 02:48:57.381,0.9933,0.9935,0.50,0.80
2007.11.15 02:48:57.503,0.9932,0.9935,1.70,0.80
2007.11.15 02:48:57.627,0.9933,0.9935,0.50,0.80
2007.11.15 02:48:57.749,0.9932,0.9935,1.70,0.80
2007.11.15 02:48:57.873,0.9932,0.9935,1.70,0.80
2007.11.15 02:48:57.995,0.9932,0.9935,1.70,0.80
2007.11.15 02:48:58.243,0.9932,0.9935,1.70,0.80
2007.11.15 02:48:58.490,0.9932,0.9935,1.70,0.80
2007.11.15 02:48:58.739,0.9933,0.9935,0.50,0.80
2007.11.15 02:48:58.986,0.9931,0.9935,9.70,1.20
2007.11.15 02:48:59.244,0.9932,0.9935,0.50,1.20
2007.11.15 02:48:59.502,0.9932,0.9935,0.50,1.20
2007.11.15 02:48:59.759,0.9931,0.9935,9.70,1.20
2007.11.15 02:49:00.017,0.9932,0.9935,0.50,1.20
2007.11.15 02:49:00.275,0.9932,0.9935,0.50,1.20
2007.11.15 02:49:00.417,0.9931,0.9935,9.70,1.20
2007.11.15 02:49:00.561,0.9931,0.9935,9.70,1.20
2007.11.15 02:49:00.703,0.9931,0.9935,9.70,1.20
2007.11.15 02:49:00.847,0.9932,0.9935,0.50,1.20
2007.11.15 02:49:00.989,0.9931,0.9935,9.70,1.20
2007.11.15 02:49:01.138,0.9932,0.9935,0.50,1.20
2007.11.15 02:49:01.325,0.9931,0.9935,9.70,1.20
2007.11.15 02:49:01.518,0.9932,0.9935,0.50,1.20
2007.11.15 02:49:01.710,0.9932,0.9935,0.50,1.20
2007.11.15 02:49:01.903,0.9931,0.9935,9.70,1.20
2007.11.15 02:49:02.139,0.9931,0.9935,9.70,1.20
2007.11.15 02:49:02.298,0.9932,0.9935,0.50,1.20
2007.11.15 02:49:02.455,0.9932,0.9935,0.50,1.20
2007.11.15 02:49:02.612,0.9931,0.9935,9.70,1.20
2007.11.15 02:49:02.770,0.9931,0.9935,9.70,1.20
2007.11.15 02:49:02.928,0.9932,0.9935,0.50,1.20
2007.11.15 02:49:03.086,0.9932,0.9935,0.50,1.20
2007.11.15 02:49:03.243,0.9932,0.9935,0.50,1.20
2007.11.15 02:49:03.486,0.9931,0.9935,9.70,1.20
2007.11.15 02:49:03.729,0.9932,0.9935,0.50,1.20
2007.11.15 02:49:03.973,0.9932,0.9935,0.50,1.20
2007.11.15 02:49:04.217,0.9932,0.9935,0.50,1.20
2007.11.15 02:49:04.420,0.9932,0.9935,0.50,1.20
2007.11.15 02:49:04.621,0.9931,0.9935,9.70,1.20
2007.11.15 02:49:04.824,0.9932,0.9935,0.50,1.20
2007.11.15 02:49:05.028,0.9932,0.9935,0.50,1.20
2007.11.15 02:49:05.230,0.9932,0.9935,0.50,1.20
2007.11.15 02:49:05.358,0.9931,0.9935,9.70,1.20
2007.11.15 02:49:05.486,0.9931,0.9935,9.70,1.20
2007.11.15 02:49:05.613,0.9932,0.9935,0.50,1.20
2007.11.15 02:49:05.741,0.9931,0.9935,9.70,1.20
2007.11.15 02:49:05.870,0.9931,0.9935,9.70,1.20
2007.11.15 02:49:05.997,0.9931,0.9935,9.70,1.20
2007.11.15 02:49:06.126,0.9931,0.9935,9.70,1.20
2007.11.15 02:49:06.253,0.9932,0.9935,0.50,1.20
2007.11.15 02:49:06.450,0.9931,0.9935,9.70,1.20
2007.11.15 02:49:06.648,0.9931,0.9935,9.70,1.20
2007.11.15 02:49:06.847,0.9931,0.9935,9.70,1.20
2007.11.15 02:49:07.045,0.9931,0.9935,9.70,1.20
2007.11.15 02:49:07.243,0.9932,0.9935,0.50,1.20
2007.11.15 02:49:07.440,0.9931,0.9935,9.70,1.20
2007.11.15 02:49:07.658,0.9931,0.9935,9.70,1.20
2007.11.15 02:49:07.875,0.9931,0.9935,9.70,1.20
2007.11.15 02:49:08.094,0.9931,0.9935,9.70,1.20
2007.11.15 02:49:08.316,0.9932,0.9935,0.50,1.20
2007.11.15 02:49:08.445,0.9931,0.9935,9.70,1.20
2007.11.15 02:49:08.578,0.9931,0.9935,9.70,1.20
2007.11.15 02:49:08.710,0.9931,0.9935,9.70,1.20
2007.11.15 02:49:08.843,0.9932,0.9935,0.50,1.20
2007.11.15 02:49:08.975,0.9931,0.9935,9.70,1.20
2007.11.15 02:49:09.108,0.9932,0.9935,0.50,1.20
2007.11.15 02:49:09.242,0.9932,0.9935,0.50,1.20
2007.11.15 02:49:09.374,0.9931,0.9935,9.70,1.20
2007.11.15 02:49:09.697,0.9932,0.9935,0.50,1.20
2007.11.15 02:49:10.020,0.9932,0.9935,0.50,1.20
2007.11.15 02:49:10.343,0.9931,0.9935,9.70,1.20
2007.11.15 02:49:10.436,0.9932,0.9935,0.50,1.20
2007.11.15 02:49:10.530,0.9931,0.9935,9.70,1.20
2007.11.15 02:49:10.622,0.9932,0.9935,0.50,1.20
2007.11.15 02:49:10.715,0.9931,0.9935,9.70,1.20
2007.11.15 02:49:10.808,0.9932,0.9935,0.50,1.20
2007.11.15 02:49:10.900,0.9931,0.9935,9.70,1.20
2007.11.15 02:49:10.994,0.9932,0.9935,0.50,1.20
2007.11.15 02:49:11.086,0.9931,0.9935,9.70,1.20
2007.11.15 02:49:11.179,0.9931,0.9935,9.70,1.20
2007.11.15 02:49:11.272,0.9932,0.9935,0.50,1.20
2007.11.15 02:49:11.365,0.9932,0.9935,0.50,1.20
2007.11.15 02:49:11.643,0.9931,0.9935,9.70,1.20
2007.11.15 02:49:11.921,0.9932,0.9935,0.50,1.20
2007.11.15 02:49:12.198,0.9932,0.9935,0.50,1.20
2007.11.15 02:49:12.477,0.9931,0.9935,9.70,1.20
2007.11.15 02:49:12.589,0.9931,0.9935,9.70,1.20
2007.11.15 02:49:12.701,0.9931,0.9935,9.70,1.20
2007.11.15 02:49:12.815,0.9932,0.9935,0.50,1.20
2007.11.15 02:49:12.927,0.9931,0.9935,9.70,1.20
2007.11.15 02:49:13.039,0.9932,0.9935,0.50,1.20
2007.11.15 02:49:13.153,0.9931,0.9935,9.70,1.20
2007.11.15 02:49:13.266,0.9932,0.9935,0.50,1.20
2007.11.15 02:49:13.379,0.9931,0.9935,9.70,1.20
2007.11.15 02:49:13.491,0.9932,0.9935,0.50,1.20
2007.11.15 02:49:13.818,0.9932,0.9935,0.50,1.20
2007.11.15 02:49:14.146,0.9932,0.9935,0.50,1.20
2007.11.15 02:49:14.473,0.9931,0.9935,9.70,1.20
2007.11.15 02:49:14.801,0.9932,0.9935,0.50,1.20
2007.11.15 02:49:14.899,0.9932,0.9935,0.50,1.20
2007.11.15 02:49:14.996,0.9931,0.9935,9.70,1.20
2007.11.15 02:49:15.094,0.9931,0.9935,9.70,1.20
2007.11.15 02:49:15.192,0.9932,0.9935,0.50,1.20
2007.11.15 02:49:15.290,0.9931,0.9935,9.70,1.20
2007.11.15 02:49:15.389,0.9932,0.9935,0.50,1.20
2007.11.15 02:49:15.486,0.9931,0.9935,9.70,1.20
2007.11.15 02:49:15.720,0.9931,0.9935,9.70,1.20
2007.11.15 02:49:15.952,0.9931,0.9935,9.70,1.20
2007.11.15 02:49:16.185,0.9931,0.9935,9.70,1.20
2007.11.15 02:49:16.418,0.9931,0.9935,9.70,1.20
2007.11.15 02:49:16.651,0.9932,0.9935,0.50,1.20
2007.11.15 02:49:16.763,0.9931,0.9935,9.70,1.20
2007.11.15 02:49:16.876,0.9931,0.9935,9.70,1.20
2007.11.15 02:49:16.989,0.9932,0.9935,0.50,1.20
2007.11.15 02:49:17.103,0.9932,0.9935,0.50,1.20
2007.11.15 02:49:17.215,0.9932,0.9935,0.50,1.20
2007.11.15 02:49:17.327,0.9932,0.9935,0.50,1.20
2007.11.15 02:49:17.440,0.9931,0.9935,9.70,1.20
2007.11.15 02:49:17.552,0.9931,0.9935,9.70,1.20
2007.11.15 02:49:17.761,0.9931,0.9935,9.70,1.20
2007.11.15 02:49:17.969,0.9931,0.9934,4.10,0.50
2007.11.15 02:49:18.176,0.9932,0.9934,0.50,0.50
2007.11.15 02:49:18.384,0.9932,0.9934,0.50,0.50
2007.11.15 02:49:18.593,0.9931,0.9934,4.10,0.50
2007.11.15 02:49:18.861,0.9932,0.9934,0.50,0.50
2007.11.15 02:49:19.128,0.9931,0.9934,4.10,0.50
2007.11.15 02:49:19.396,0.9932,0.9934,0.50,0.50
2007.11.15 02:49:19.664,0.9931,0.9934,3.30,0.50
2007.11.15 02:49:19.798,0.9931,0.9934,0.50,0.50
2007.11.15 02:49:19.930,0.9931,0.9934,0.50,0.50
2007.11.15 02:49:20.064,0.9931,0.9934,0.50,0.50
2007.11.15 02:49:20.196,0.9931,0.9934,0.50,0.50
2007.11.15 02:49:20.329,0.9931,0.9934,0.50,0.50
2007.11.15 02:49:20.462,0.9931,0.9934,0.50,0.50
2007.11.15 02:49:20.621,0.993,0.9934,21.30,0.50
2007.11.15 02:49:20.844,0.993,0.9934,21.30,0.50
2007.11.15 02:49:21.068,0.993,0.9934,21.30,0.50
2007.11.15 02:49:21.295,0.993,0.9934,21.30,0.50
2007.11.15 02:49:21.514,0.9931,0.9934,0.50,0.50
2007.11.15 02:49:21.737,0.9931,0.9934,0.50,0.50
2007.11.15 02:49:21.875,0.9931,0.9934,0.50,0.50
2007.11.15 02:49:22.013,0.9931,0.9934,0.50,0.50
2007.11.15 02:49:22.151,0.9931,0.9934,0.50,0.50
2007.11.15 02:49:22.289,0.9931,0.9934,0.50,1.20
2007.11.15 02:49:22.426,0.9931,0.9934,0.50,1.20
2007.11.15 02:49:22.565,0.9931,0.9934,0.50,1.20
2007.11.15 02:49:22.702,0.9931,0.9934,0.50,1.20
2007.11.15 02:49:22.841,0.9931,0.9934,0.50,1.20
2007.11.15 02:49:23.074,0.9931,0.9934,0.50,1.20
2007.11.15 02:49:23.310,0.9931,0.9934,0.50,1.20
2007.11.15 02:49:23.543,0.9931,0.9934,0.50,1.20
2007.11.15 02:49:23.776,0.9931,0.9934,0.50,1.20
2007.11.15 02:49:24.010,0.9931,0.9934,0.50,1.20
2007.11.15 02:49:24.237,0.9931,0.9934,0.50,1.20
2007.11.15 02:49:24.466,0.9931,0.9934,0.50,1.20
2007.11.15 02:49:24.693,0.9931,0.9934,0.50,1.20
2007.11.15 02:49:24.926,0.9931,0.9934,0.50,1.20
2007.11.15 02:49:25.039,0.9931,0.9934,0.50,1.20
2007.11.15 02:49:25.152,0.9931,0.9934,0.50,1.20
2007.11.15 02:49:25.265,0.9931,0.9934,0.50,1.20
2007.11.15 02:49:25.378,0.9931,0.9934,0.50,1.20
2007.11.15 02:49:25.495,0.9931,0.9934,0.50,1.20
2007.11.15 02:49:25.608,0.9931,0.9934,0.50,1.20
2007.11.15 02:49:25.721,0.9931,0.9934,0.50,1.20
2007.11.15 02:49:25.834,0.9931,0.9934,0.50,1.20
2007.11.15 02:49:25.948,0.9931,0.9934,0.50,1.20
2007.11.15 02:49:26.201,0.9931,0.9934,0.50,1.20
2007.11.15 02:49:26.453,0.9931,0.9934,0.50,1.20
2007.11.15 02:49:26.781,0.9931,0.9934,0.50,1.20
2007.11.15 02:49:27.034,0.9931,0.9934,0.50,1.20
2007.11.15 02:49:27.237,0.9931,0.9934,0.50,1.20
2007.11.15 02:49:27.442,0.9931,0.9934,0.50,1.20
2007.11.15 02:49:27.646,0.9931,0.9934,0.50,1.20
2007.11.15 02:49:27.848,0.9931,0.9934,0.50,1.20
2007.11.15 02:49:28.051,0.9931,0.9934,0.50,1.20
2007.11.15 02:49:28.198,0.9931,0.9934,0.50,1.20
2007.11.15 02:49:28.345,0.9931,0.9934,0.50,1.20
2007.11.15 02:49:28.493,0.9931,0.9934,0.50,1.20
2007.11.15 02:49:28.641,0.9931,0.9934,0.50,1.20
2007.11.15 02:49:28.788,0.9931,0.9934,0.50,1.20
2007.11.15 02:49:28.936,0.9931,0.9934,0.50,1.20
2007.11.15 02:49:29.084,0.9931,0.9934,0.50,1.20
2007.11.15 02:49:29.387,0.9932,0.9934,0.50,0.80
2007.11.15 02:49:29.689,0.9932,0.9934,0.50,0.80
2007.11.15 02:49:29.993,0.9932,0.9934,1.20,0.80
2007.11.15 02:49:30.296,0.9931,0.9934,12.40,0.80
2007.11.15 02:49:30.463,0.9931,0.9934,12.40,0.80
2007.11.15 02:49:30.631,0.9931,0.9934,12.40,0.80
2007.11.15 02:49:30.798,0.9931,0.9934,3.60,0.80
2007.11.15 02:49:30.967,0.9931,0.9934,3.60,0.80
2007.11.15 02:49:31.134,0.9931,0.9934,3.60,0.80
2007.11.15 02:49:31.302,0.9931,0.9934,3.60,0.80
2007.11.15 02:49:31.525,0.9931,0.9934,3.60,0.80
2007.11.15 02:49:31.747,0.9931,0.9934,3.60,0.80
2007.11.15 02:49:31.970,0.9931,0.9934,3.60,0.80
2007.11.15 02:49:32.192,0.9931,0.9934,3.60,0.80
2007.11.15 02:49:32.349,0.9931,0.9934,1.20,0.80
2007.11.15 02:49:32.507,0.9931,0.9934,1.20,0.80
2007.11.15 02:49:32.664,0.9931,0.9934,1.20,0.80
2007.11.15 02:49:32.943,0.9931,0.9934,1.20,0.80
2007.11.15 02:49:33.101,0.9931,0.9934,1.20,0.80
2007.11.15 02:49:33.258,0.9931,0.9934,1.20,0.80
2007.11.15 02:49:33.425,0.9931,0.9934,1.20,0.80
2007.11.15 02:49:33.593,0.9931,0.9934,1.20,0.80
2007.11.15 02:49:33.760,0.9931,0.9934,1.20,0.80
2007.11.15 02:49:33.928,0.9931,0.9934,1.20,0.80
2007.11.15 02:49:34.096,0.9931,0.9934,1.20,0.80
2007.11.15 02:49:34.264,0.9931,0.9934,1.20,0.80
2007.11.15 02:49:34.432,0.9931,0.9934,1.20,0.80
2007.11.15 02:49:34.490,0.9931,0.9934,1.20,0.80
2007.11.15 02:49:34.694,0.9931,0.9935,1.20,3.60
2007.11.15 02:49:34.957,0.9931,0.9934,1.20,0.80
2007.11.15 02:49:35.220,0.9931,0.9935,1.20,3.60
2007.11.15 02:49:35.481,0.9931,0.9935,1.20,3.60
2007.11.15 02:49:35.604,0.9931,0.9934,1.20,0.80
2007.11.15 02:49:35.726,0.9931,0.9934,1.20,0.80
2007.11.15 02:49:35.849,0.9931,0.9934,1.20,0.80
2007.11.15 02:49:35.972,0.9931,0.9935,1.20,3.60
2007.11.15 02:49:36.094,0.9931,0.9935,1.20,3.60
2007.11.15 02:49:36.217,0.9931,0.9935,1.20,3.60
2007.11.15 02:49:36.339,0.9931,0.9934,1.20,0.80
2007.11.15 02:49:36.552,0.9931,0.9935,1.20,3.60
2007.11.15 02:49:36.765,0.9931,0.9935,1.20,3.60
2007.11.15 02:49:36.977,0.9931,0.9935,1.20,3.60
2007.11.15 02:49:37.190,0.9931,0.9935,1.20,3.60
2007.11.15 02:49:37.402,0.9931,0.9934,1.20,0.80
2007.11.15 02:49:37.615,0.9931,0.9935,1.20,3.60
2007.11.15 02:49:37.757,0.9931,0.9934,1.20,0.80
2007.11.15 02:49:37.900,0.9931,0.9935,1.20,3.60
2007.11.15 02:49:38.043,0.9931,0.9935,1.20,3.60
2007.11.15 02:49:38.190,0.9931,0.9935,1.20,3.60
2007.11.15 02:49:38.333,0.9931,0.9934,1.20,0.80
2007.11.15 02:49:38.476,0.9931,0.9935,1.20,3.60
2007.11.15 02:49:38.649,0.9931,0.9935,1.20,3.60
2007.11.15 02:49:38.817,0.9931,0.9934,1.20,0.80
2007.11.15 02:49:39.101,0.9931,0.9934,1.20,0.80
2007.11.15 02:49:39.269,0.9931,0.9934,1.20,0.80
2007.11.15 02:49:39.437,0.9931,0.9935,1.20,3.60
2007.11.15 02:49:39.606,0.9931,0.9935,1.20,3.60
2007.11.15 02:49:39.853,0.9931,0.9935,1.20,3.60
2007.11.15 02:49:40.091,0.9931,0.9934,1.20,0.80
2007.11.15 02:49:40.333,0.9931,0.9935,1.20,3.60
2007.11.15 02:49:40.577,0.9931,0.9935,1.20,3.60
2007.11.15 02:49:40.694,0.9931,0.9935,1.20,3.60
2007.11.15 02:49:40.812,0.9931,0.9934,1.20,0.80
2007.11.15 02:49:40.930,0.9931,0.9934,1.20,0.80
2007.11.15 02:49:41.049,0.9931,0.9935,1.20,3.60
2007.11.15 02:49:41.167,0.9931,0.9934,1.20,0.80
2007.11.15 02:49:41.284,0.9931,0.9935,1.20,3.60
2007.11.15 02:49:41.402,0.9931,0.9935,1.20,3.60
2007.11.15 02:49:41.521,0.9931,0.9935,1.20,3.60
2007.11.15 02:49:41.638,0.9931,0.9935,1.20,3.60
2007.11.15 02:49:41.896,0.9931,0.9934,1.20,0.80
2007.11.15 02:49:42.154,0.9931,0.9935,1.20,3.60
2007.11.15 02:49:42.412,0.9931,0.9935,1.20,3.60
2007.11.15 02:49:42.671,0.9931,0.9935,1.20,3.60
2007.11.15 02:49:42.803,0.9931,0.9935,1.20,3.60
2007.11.15 02:49:42.936,0.9931,0.9934,1.20,0.80
2007.11.15 02:49:43.069,0.9931,0.9935,1.20,3.60
2007.11.15 02:49:43.202,0.9931,0.9935,1.20,3.60
2007.11.15 02:49:43.334,0.9931,0.9935,1.20,3.60
2007.11.15 02:49:43.468,0.9931,0.9935,1.20,3.60
2007.11.15 02:49:43.600,0.9931,0.9934,1.20,0.80
2007.11.15 02:49:43.735,0.9931,0.9935,1.20,3.60
2007.11.15 02:49:44.049,0.9931,0.9935,1.20,3.60
2007.11.15 02:49:44.363,0.9931,0.9934,0.50,0.50
2007.11.15 02:49:44.676,0.9931,0.9934,0.50,0.50
2007.11.15 02:49:44.990,0.9931,0.99345,0.50,1.30
2007.11.15 02:49:45.264,0.9931,0.99345,0.50,1.30
2007.11.15 02:49:45.418,0.9931,0.99345,0.50,1.30
2007.11.15 02:49:45.571,0.9931,0.9934,0.50,0.50
2007.11.15 02:49:45.723,0.9931,0.9934,0.50,0.50
2007.11.15 02:49:45.876,0.9931,0.99345,0.50,1.30
2007.11.15 02:49:46.034,0.9931,0.9934,0.50,0.50
2007.11.15 02:49:46.193,0.9931,0.9935,1.20,3.40
2007.11.15 02:49:46.357,0.9931,0.9935,1.20,2.80
2007.11.15 02:49:46.515,0.9931,0.9934,1.20,0.80
2007.11.15 02:49:46.672,0.9931,0.9935,1.20,2.80
2007.11.15 02:49:46.830,0.9931,0.9935,1.20,2.80
2007.11.15 02:49:46.987,0.9931,0.9935,1.20,2.80
2007.11.15 02:49:47.234,0.9931,0.9935,1.20,2.80
2007.11.15 02:49:47.482,0.9931,0.9935,1.20,2.80
2007.11.15 02:49:47.728,0.9931,0.9935,1.20,2.80
2007.11.15 02:49:47.976,0.9931,0.9935,1.20,0.60
2007.11.15 02:49:48.104,0.9931,0.99355,1.20,4.00
2007.11.15 02:49:48.233,0.9931,0.99345,0.50,1.30
2007.11.15 02:49:48.360,0.9931,0.9934,0.50,0.50
2007.11.15 02:49:48.487,0.9931,0.9934,0.50,0.50
2007.11.15 02:49:48.621,0.9931,0.9934,0.50,0.50
2007.11.15 02:49:48.748,0.9931,0.9934,0.50,0.50
2007.11.15 02:49:48.876,0.9931,0.99345,0.50,1.30
2007.11.15 02:49:49.004,0.9931,0.99345,0.50,1.30
2007.11.15 02:49:49.327,0.9931,0.99345,0.50,1.30
2007.11.15 02:49:49.650,0.9931,0.9934,0.50,0.50
2007.11.15 02:49:49.973,0.9931,0.9934,1.20,0.80
2007.11.15 02:49:50.296,0.9931,0.9934,1.20,0.80
2007.11.15 02:49:50.426,0.9931,0.9934,1.20,0.80
2007.11.15 02:49:50.552,0.9931,0.9935,1.20,2.80
2007.11.15 02:49:50.680,0.9931,0.9935,1.20,2.80
2007.11.15 02:49:50.807,0.9931,0.9934,1.20,0.80
2007.11.15 02:49:50.940,0.9931,0.9934,1.20,0.80
2007.11.15 02:49:51.068,0.9931,0.9934,1.20,0.80
2007.11.15 02:49:51.196,0.9931,0.99355,1.20,3.60
2007.11.15 02:49:51.426,0.9931,0.9935,1.20,0.70
2007.11.15 02:49:51.620,0.9931,0.99355,1.20,3.60
2007.11.15 02:49:51.813,0.9931,0.99355,1.20,3.60
2007.11.15 02:49:52.006,0.9931,0.99355,1.20,3.60
2007.11.15 02:49:52.206,0.9931,0.99355,1.20,3.60
2007.11.15 02:49:52.343,0.9931,0.9935,1.20,0.50
2007.11.15 02:49:52.482,0.9931,0.99355,1.20,3.60
2007.11.15 02:49:52.620,0.9931,0.9935,1.20,0.90
2007.11.15 02:49:52.759,0.9932,0.99355,0.50,3.60
2007.11.15 02:49:52.896,0.9932,0.99355,0.50,3.60
2007.11.15 02:49:53.035,0.9932,0.9935,0.50,0.60
2007.11.15 02:49:53.172,0.9932,0.99355,0.50,2.00
2007.11.15 02:49:53.310,0.9932,0.9935,0.50,0.80
2007.11.15 02:49:53.562,0.9932,0.99355,0.50,2.00
2007.11.15 02:49:53.821,0.9932,0.99355,0.50,2.00
2007.11.15 02:49:54.067,0.9932,0.99355,0.50,2.00
2007.11.15 02:49:54.320,0.9932,0.9935,0.50,0.70
2007.11.15 02:49:54.523,0.9932,0.99355,0.50,2.00
2007.11.15 02:49:54.727,0.9932,0.9935,1.20,0.80
2007.11.15 02:49:54.930,0.9932,0.9936,1.20,9.30
2007.11.15 02:49:55.133,0.9932,0.9935,1.20,0.80
2007.11.15 02:49:55.336,0.9932,0.9936,1.20,9.30
2007.11.15 02:49:55.499,0.9932,0.9936,1.20,9.30
2007.11.15 02:49:55.662,0.9932,0.9936,1.20,9.30
2007.11.15 02:49:55.825,0.9932,0.9936,1.20,9.30
2007.11.15 02:49:55.987,0.9932,0.9936,1.20,9.30
2007.11.15 02:49:56.149,0.9932,0.9936,1.20,9.30
2007.11.15 02:49:56.313,0.9932,0.9935,1.20,0.80
2007.11.15 02:49:56.475,0.9932,0.9935,1.20,0.80
2007.11.15 02:49:56.663,0.9932,0.9935,1.20,0.80
2007.11.15 02:49:56.850,0.9932,0.9936,1.20,9.30
2007.11.15 02:49:57.038,0.9932,0.9935,1.20,0.80
2007.11.15 02:49:57.225,0.9932,0.9936,1.20,9.30
2007.11.15 02:49:57.414,0.9932,0.9935,1.20,0.80
2007.11.15 02:49:57.587,0.9932,0.9936,1.20,9.30
2007.11.15 02:49:57.714,0.9932,0.9936,1.20,9.30
2007.11.15 02:49:57.844,0.9932,0.9935,1.20,0.80
2007.11.15 02:49:57.971,0.9932,0.9936,1.20,9.30
2007.11.15 02:49:58.100,0.9932,0.9935,1.20,0.80
2007.11.15 02:49:58.227,0.9932,0.9936,1.20,9.30
2007.11.15 02:49:58.354,0.9932,0.9935,1.20,0.80
2007.11.15 02:49:58.482,0.9932,0.9935,1.20,0.80
2007.11.15 02:49:58.660,0.9932,0.9935,1.20,0.80
2007.11.15 02:49:58.838,0.9932,0.9936,1.20,9.30
2007.11.15 02:49:59.017,0.9932,0.9936,1.20,9.30
2007.11.15 02:49:59.194,0.9932,0.9935,1.20,0.80
2007.11.15 02:49:59.375,0.9932,0.9935,1.20,0.80
2007.11.15 02:49:59.556,0.9932,0.9935,1.20,0.80
2007.11.15 02:49:59.819,0.9932,0.9935,1.20,0.80
2007.11.15 02:50:00.081,0.9932,0.9935,1.20,0.80
2007.11.15 02:50:00.345,0.9932,0.9936,1.20,9.30
2007.11.15 02:50:00.607,0.9932,0.9936,1.20,9.30
2007.11.15 02:50:00.706,0.9932,0.9936,1.20,9.30
2007.11.15 02:50:00.804,0.9932,0.9935,1.20,0.80
2007.11.15 02:50:00.901,0.9932,0.9936,1.20,9.30
2007.11.15 02:50:01.000,0.9932,0.9936,1.20,9.30
2007.11.15 02:50:01.098,0.9932,0.9935,1.20,0.80
2007.11.15 02:50:01.195,0.9932,0.9936,1.20,9.30
2007.11.15 02:50:01.292,0.9932,0.9935,1.20,0.80
2007.11.15 02:50:01.391,0.9932,0.9936,1.20,9.30
2007.11.15 02:50:01.488,0.9932,0.9936,1.20,9.30
2007.11.15 02:50:01.588,0.9932,0.9936,1.20,9.30
2007.11.15 02:50:01.685,0.9932,0.9935,1.20,0.80
2007.11.15 02:50:01.958,0.9932,0.99355,0.50,2.00
2007.11.15 02:50:02.232,0.9932,0.9935,0.50,0.90
2007.11.15 02:50:02.506,0.9932,0.99355,0.50,2.00
2007.11.15 02:50:02.780,0.9932,0.9935,0.50,1.20
2007.11.15 02:50:02.903,0.9932,0.9935,0.50,1.20
2007.11.15 02:50:03.025,0.9932,0.9935,0.50,1.20
2007.11.15 02:50:03.147,0.9932,0.9935,0.50,1.20
2007.11.15 02:50:03.269,0.9932,0.9935,0.50,1.20
2007.11.15 02:50:03.393,0.9932,0.9935,0.50,1.20
2007.11.15 02:50:03.515,0.9932,0.9935,0.50,1.20
2007.11.15 02:50:03.755,0.9932,0.9935,0.50,1.20
2007.11.15 02:50:03.963,0.9932,0.9935,0.50,1.20
2007.11.15 02:50:04.170,0.9932,0.9935,0.50,1.20
2007.11.15 02:50:04.377,0.9932,0.9935,0.50,1.20
2007.11.15 02:50:04.585,0.9932,0.9935,0.50,1.20
2007.11.15 02:50:04.792,0.9932,0.9935,0.50,1.20
2007.11.15 02:50:04.974,0.9932,0.9935,0.50,1.20
2007.11.15 02:50:05.157,0.9932,0.9935,0.50,1.20
2007.11.15 02:50:05.340,0.9932,0.9935,0.50,1.20
2007.11.15 02:50:05.522,0.9932,0.9935,0.50,1.20
2007.11.15 02:50:05.705,0.9932,0.9935,0.50,1.20
2007.11.15 02:50:05.887,0.9932,0.9935,0.50,1.20
2007.11.15 02:50:06.062,0.9932,0.9935,0.50,1.20
2007.11.15 02:50:06.230,0.9932,0.9935,0.50,1.20
2007.11.15 02:50:06.397,0.9932,0.9935,0.50,1.20
2007.11.15 02:50:06.565,0.9932,0.9935,0.50,1.20
2007.11.15 02:50:06.732,0.9932,0.9935,0.50,1.20
2007.11.15 02:50:06.899,0.9932,0.9935,0.50,1.20
2007.11.15 02:50:07.077,0.9932,0.9935,0.50,1.20
2007.11.15 02:50:07.255,0.9932,0.9935,0.50,1.20
2007.11.15 02:50:07.432,0.9932,0.9935,0.50,1.20
2007.11.15 02:50:07.609,0.9932,0.9935,0.50,1.20
2007.11.15 02:50:07.788,0.9932,0.9935,0.50,1.20
2007.11.15 02:50:07.965,0.9932,0.9935,0.50,1.20
2007.11.15 02:50:08.127,0.9932,0.9935,0.50,1.20
2007.11.15 02:50:08.290,0.9932,0.9935,0.50,1.20
2007.11.15 02:50:08.452,0.9932,0.9935,0.50,1.20
2007.11.15 02:50:08.615,0.9932,0.9935,0.50,1.20
2007.11.15 02:50:08.778,0.9932,0.9935,0.50,1.20
2007.11.15 02:50:08.942,0.9932,0.9935,0.50,1.20
2007.11.15 02:50:09.224,0.9932,0.9935,0.50,1.20
2007.11.15 02:50:09.507,0.9932,0.9935,0.50,1.20
2007.11.15 02:50:09.902,0.9932,0.9935,0.50,1.20
2007.11.15 02:50:10.186,0.9932,0.9935,0.50,1.20
2007.11.15 02:50:10.283,0.9932,0.9935,0.50,1.20
2007.11.15 02:50:10.380,0.9932,0.9935,0.50,1.20
2007.11.15 02:50:10.479,0.9932,0.9935,0.50,1.20
2007.11.15 02:50:10.576,0.9932,0.9935,0.50,1.20
2007.11.15 02:50:10.673,0.9932,0.9935,0.50,1.20
2007.11.15 02:50:10.772,0.9932,0.9935,0.50,1.20
2007.11.15 02:50:10.870,0.9932,0.9935,0.50,1.20
2007.11.15 02:50:10.969,0.9932,0.9935,0.50,1.20
2007.11.15 02:50:11.297,0.9932,0.9935,0.50,1.20
2007.11.15 02:50:11.625,0.9932,0.9935,0.50,1.20
2007.11.15 02:50:11.953,0.9932,0.9935,0.50,1.20
2007.11.15 02:50:12.117,0.9932,0.9935,0.50,1.20
2007.11.15 02:50:12.279,0.9932,0.9935,0.50,1.20
2007.11.15 02:50:12.442,0.9932,0.9935,0.50,1.20
2007.11.15 02:50:12.604,0.9932,0.9935,0.50,1.20
2007.11.15 02:50:12.769,0.9932,0.9935,1.20,0.80
2007.11.15 02:50:12.932,0.9932,0.9935,1.20,0.80
2007.11.15 02:50:13.095,0.9932,0.9935,1.20,0.80
2007.11.15 02:50:13.312,0.9932,0.9935,1.20,0.80
2007.11.15 02:50:13.530,0.9932,0.9935,1.20,0.80
2007.11.15 02:50:13.748,0.9932,0.9935,1.20,0.80
2007.11.15 02:50:13.965,0.9932,0.9935,1.20,0.80
2007.11.15 02:50:14.183,0.9932,0.9935,1.20,0.80
2007.11.15 02:50:14.446,0.9932,0.9935,1.20,0.80
2007.11.15 02:50:14.708,0.9932,0.9935,1.20,0.80
2007.11.15 02:50:14.970,0.9932,0.9935,1.20,0.80
2007.11.15 02:50:15.235,0.9932,0.9935,0.50,1.20
2007.11.15 02:50:15.347,0.9932,0.9935,0.50,1.20
2007.11.15 02:50:15.460,0.9932,0.9935,0.50,1.20
2007.11.15 02:50:15.581,0.9932,0.9935,0.50,1.20
2007.11.15 02:50:15.693,0.9932,0.9935,0.50,1.20
2007.11.15 02:50:15.806,0.9932,0.9935,0.50,1.20
2007.11.15 02:50:16.066,0.9932,0.9935,0.50,1.20
2007.11.15 02:50:16.178,0.9932,0.9935,0.50,1.20
2007.11.15 02:50:16.400,0.9932,0.9935,0.50,1.20
2007.11.15 02:50:16.624,0.9932,0.9935,0.50,1.20
2007.11.15 02:50:16.846,0.9932,0.9935,0.50,1.20
2007.11.15 02:50:17.068,0.9932,0.9935,0.50,1.20
2007.11.15 02:50:17.291,0.9932,0.9935,0.50,1.20
2007.11.15 02:50:17.430,0.9932,0.9935,0.50,1.20
2007.11.15 02:50:17.567,0.9932,0.9935,0.50,1.20
2007.11.15 02:50:17.704,0.9932,0.9935,0.50,1.20
2007.11.15 02:50:17.841,0.9932,0.9935,0.50,1.20
2007.11.15 02:50:17.979,0.9932,0.9935,0.50,1.20
2007.11.15 02:50:18.117,0.9932,0.9935,0.50,1.20
2007.11.15 02:50:18.255,0.9932,0.9935,1.20,0.80
2007.11.15 02:50:18.427,0.9932,0.9935,1.20,0.80
2007.11.15 02:50:18.600,0.9932,0.9935,1.20,0.80
2007.11.15 02:50:18.773,0.9932,0.9935,1.20,0.80
2007.11.15 02:50:18.945,0.9932,0.9935,1.20,0.80
2007.11.15 02:50:19.119,0.9932,0.9935,1.20,0.80
2007.11.15 02:50:19.406,0.9932,0.9935,1.20,0.80
2007.11.15 02:50:19.695,0.9932,0.9935,1.20,0.80
2007.11.15 02:50:19.983,0.9932,0.9935,1.20,0.80
2007.11.15 02:50:20.271,0.9932,0.9935,1.20,0.80
2007.11.15 02:50:20.389,0.9932,0.9935,1.20,0.80
2007.11.15 02:50:20.506,0.9932,0.9935,1.20,0.80
2007.11.15 02:50:20.624,0.9932,0.9935,1.20,0.80
2007.11.15 02:50:20.742,0.9932,0.9935,1.20,0.80
2007.11.15 02:50:20.860,0.9932,0.9935,1.20,0.80
2007.11.15 02:50:20.979,0.9932,0.9935,1.20,0.80
2007.11.15 02:50:21.096,0.9932,0.9935,1.20,0.80
2007.11.15 02:50:21.213,0.9932,0.9935,1.20,0.80
2007.11.15 02:50:21.526,0.9932,0.9935,1.20,0.80
2007.11.15 02:50:21.839,0.9932,0.9935,1.20,0.80
2007.11.15 02:50:22.228,0.9932,0.9935,0.50,0.50
2007.11.15 02:50:22.350,0.9932,0.9935,0.50,0.50
2007.11.15 02:50:22.474,0.9932,0.9935,0.50,0.50
2007.11.15 02:50:22.596,0.9932,0.9935,0.50,0.50
2007.11.15 02:50:22.720,0.9932,0.9935,0.50,0.50
2007.11.15 02:50:22.843,0.9932,0.9935,0.50,0.50
2007.11.15 02:50:22.965,0.9932,0.9935,0.50,0.50
2007.11.15 02:50:23.089,0.9932,0.9935,0.50,0.50
2007.11.15 02:50:23.211,0.9932,0.9935,0.50,0.50
2007.11.15 02:50:23.334,0.9932,0.9935,0.50,0.50
2007.11.15 02:50:23.631,0.9932,0.9935,0.50,0.50
2007.11.15 02:50:23.929,0.9932,0.9935,0.50,0.50
2007.11.15 02:50:24.227,0.9932,0.9935,0.50,0.50
2007.11.15 02:50:24.445,0.9932,0.9935,0.50,0.50
2007.11.15 02:50:24.653,0.9932,0.9935,0.50,0.50
2007.11.15 02:50:24.865,0.9932,0.9935,0.50,0.50
2007.11.15 02:50:25.077,0.9932,0.9935,0.50,1.20
2007.11.15 02:50:25.296,0.9932,0.9935,0.50,1.20
2007.11.15 02:50:25.433,0.9932,0.9935,0.50,1.20
2007.11.15 02:50:25.576,0.9932,0.9935,0.50,1.20
2007.11.15 02:50:25.719,0.9932,0.9935,0.50,1.20
2007.11.15 02:50:25.862,0.9932,0.9935,0.50,1.20
2007.11.15 02:50:26.004,0.9932,0.9935,0.50,1.20
2007.11.15 02:50:26.146,0.9932,0.9935,0.50,1.20
2007.11.15 02:50:26.290,0.9932,0.9935,0.50,1.20
2007.11.15 02:50:26.547,0.9932,0.9935,0.50,1.20
2007.11.15 02:50:26.806,0.9932,0.9935,0.50,1.20
2007.11.15 02:50:27.064,0.9932,0.9935,0.50,1.20
2007.11.15 02:50:27.331,0.9931,0.99345,4.40,0.80
2007.11.15 02:50:27.569,0.9931,0.9934,0.50,0.50
2007.11.15 02:50:27.812,0.9931,0.9934,0.50,0.50
2007.11.15 02:50:28.049,0.9931,0.9934,0.50,0.50
2007.11.15 02:50:28.395,0.9931,0.9934,0.50,0.50
2007.11.15 02:50:28.597,0.9931,0.9934,0.50,0.50
2007.11.15 02:50:28.806,0.9931,0.9934,0.50,0.50
2007.11.15 02:50:29.009,0.9931,0.9934,0.50,0.50
2007.11.15 02:50:29.211,0.9931,0.9934,0.50,0.50
2007.11.15 02:50:29.414,0.9931,0.9934,2.80,0.50
2007.11.15 02:50:29.691,0.9931,0.9934,2.80,0.50
2007.11.15 02:50:29.971,0.9932,0.9935,0.50,2.80
2007.11.15 02:50:30.249,0.9932,0.9934,0.50,0.80
2007.11.15 02:50:30.526,0.9932,0.9934,0.50,0.80
2007.11.15 02:50:30.710,0.9932,0.9934,0.50,0.80
2007.11.15 02:50:30.892,0.9931,0.9935,1.20,1.20
2007.11.15 02:50:31.075,0.9931,0.9935,1.20,1.20
2007.11.15 02:50:31.257,0.9931,0.9935,1.20,1.20
2007.11.15 02:50:31.440,0.9931,0.9935,1.20,1.20
2007.11.15 02:50:31.623,0.9931,0.9935,1.20,1.20
2007.11.15 02:50:31.855,0.9931,0.9935,1.20,1.20
2007.11.15 02:50:32.088,0.9931,0.9935,1.20,1.20
2007.11.15 02:50:32.320,0.9931,0.9935,1.20,1.20
2007.11.15 02:50:32.553,0.9931,0.9935,1.20,1.20
2007.11.15 02:50:32.786,0.9931,0.9935,1.20,1.20
2007.11.15 02:50:32.919,0.9931,0.9935,1.20,1.20
2007.11.15 02:50:33.052,0.9931,0.9935,1.20,1.20
2007.11.15 02:50:33.184,0.9931,0.9935,1.20,1.20
2007.11.15 02:50:33.317,0.9931,0.9935,1.20,1.20
2007.11.15 02:50:33.450,0.9931,0.9935,1.20,1.20
2007.11.15 02:50:33.583,0.9931,0.9935,1.20,1.20
2007.11.15 02:50:33.831,0.9931,0.9935,1.20,1.20
2007.11.15 02:50:34.079,0.9931,0.9935,1.20,1.20
2007.11.15 02:50:34.326,0.9931,0.9935,1.20,2.80
2007.11.15 02:50:34.575,0.9931,0.9935,1.20,2.80
2007.11.15 02:50:34.822,0.9931,0.9935,1.20,2.80
2007.11.15 02:50:34.950,0.993,0.9935,19.60,2.80
2007.11.15 02:50:35.089,0.9931,0.9935,1.20,2.80
2007.11.15 02:50:35.357,0.9931,0.9935,1.20,2.80
2007.11.15 02:50:35.625,0.9931,0.9935,1.20,2.80
2007.11.15 02:50:35.747,0.9931,0.9935,1.20,2.80
2007.11.15 02:50:35.870,0.9931,0.9935,1.20,2.80
2007.11.15 02:50:35.993,0.9931,0.9935,1.20,2.80
2007.11.15 02:50:36.116,0.9931,0.9935,1.20,2.80
2007.11.15 02:50:36.239,0.9931,0.9935,1.20,2.80
2007.11.15 02:50:36.361,0.9931,0.9935,1.20,2.80
2007.11.15 02:50:36.484,0.9931,0.9935,1.20,2.80
2007.11.15 02:50:36.612,0.9931,0.9935,1.20,2.80
2007.11.15 02:50:36.840,0.9931,0.9935,1.20,2.80
2007.11.15 02:50:37.074,0.9931,0.9935,1.20,1.20
2007.11.15 02:50:37.307,0.9931,0.9935,1.20,1.20
2007.11.15 02:50:37.540,0.9931,0.9935,1.20,1.20
2007.11.15 02:50:37.773,0.9931,0.9935,1.20,1.20
2007.11.15 02:50:37.991,0.9931,0.9935,1.20,1.20
2007.11.15 02:50:38.208,0.9931,0.9935,1.20,1.20
2007.11.15 02:50:38.426,0.9931,0.9935,1.20,1.20
2007.11.15 02:50:38.644,0.9931,0.9935,1.20,1.20
2007.11.15 02:50:38.818,0.9931,0.9935,1.20,1.20
2007.11.15 02:50:38.991,0.9931,0.9935,1.20,1.20
2007.11.15 02:50:39.164,0.9931,0.9935,1.20,1.20
2007.11.15 02:50:39.336,0.9931,0.9935,1.20,1.20
2007.11.15 02:50:39.509,0.9931,0.9935,1.20,1.20
2007.11.15 02:50:39.682,0.9931,0.9935,1.20,1.20
2007.11.15 02:50:39.854,0.9931,0.9935,1.20,1.20
2007.11.15 02:50:40.117,0.9931,0.9935,1.20,1.20
2007.11.15 02:50:40.380,0.9931,0.9935,1.20,1.20
2007.11.15 02:50:40.721,0.9931,0.9935,1.20,1.20
2007.11.15 02:50:40.830,0.9931,0.9935,1.20,1.20
2007.11.15 02:50:40.936,0.9931,0.9935,1.20,1.20
2007.11.15 02:50:41.044,0.9931,0.9935,1.20,1.20
2007.11.15 02:50:41.152,0.9931,0.9935,1.20,1.20
2007.11.15 02:50:41.259,0.9931,0.9935,1.20,1.20
2007.11.15 02:50:41.367,0.9931,0.9935,1.20,1.20
2007.11.15 02:50:41.475,0.9931,0.9935,1.20,1.20
2007.11.15 02:50:41.583,0.9931,0.9935,1.20,1.20
2007.11.15 02:50:41.691,0.9931,0.9935,1.20,1.20
2007.11.15 02:50:41.799,0.9931,0.9935,1.20,1.20
2007.11.15 02:50:42.052,0.9931,0.9935,1.20,1.20
2007.11.15 02:50:42.305,0.9931,0.9935,1.20,1.20
2007.11.15 02:50:42.558,0.9931,0.9935,1.20,1.20
2007.11.15 02:50:42.811,0.9931,0.9935,1.20,1.20
2007.11.15 02:50:42.919,0.9931,0.9935,1.20,1.20
2007.11.15 02:50:43.027,0.9931,0.9935,1.20,1.20
2007.11.15 02:50:43.135,0.9931,0.9935,1.20,1.20
2007.11.15 02:50:43.243,0.9931,0.9935,1.20,1.20
2007.11.15 02:50:43.351,0.9931,0.9935,1.20,1.20
2007.11.15 02:50:43.459,0.9931,0.9935,1.20,1.20
2007.11.15 02:50:43.566,0.9931,0.9935,1.20,1.20
2007.11.15 02:50:43.674,0.9931,0.9935,1.20,1.20
2007.11.15 02:50:43.782,0.9931,0.9935,1.20,1.20
2007.11.15 02:50:43.889,0.9931,0.9935,1.20,1.20
2007.11.15 02:50:44.182,0.9931,0.9935,1.20,1.20
2007.11.15 02:50:44.475,0.9931,0.9935,1.20,1.20
2007.11.15 02:50:44.767,0.9931,0.9935,1.20,1.20
2007.11.15 02:50:45.059,0.9931,0.9935,1.20,1.20
2007.11.15 02:50:45.237,0.9931,0.9935,1.20,1.20
2007.11.15 02:50:45.415,0.9931,0.9935,1.20,1.20
2007.11.15 02:50:45.593,0.9931,0.9935,1.20,1.20
2007.11.15 02:50:45.770,0.9931,0.9935,1.20,1.20
2007.11.15 02:50:45.947,0.9931,0.9935,1.20,1.20
2007.11.15 02:50:46.127,0.9931,0.9935,1.20,1.20
2007.11.15 02:50:46.274,0.9931,0.9935,1.20,1.20
2007.11.15 02:50:46.422,0.9931,0.9935,1.20,1.20
2007.11.15 02:50:46.569,0.9931,0.9935,1.20,1.20
2007.11.15 02:50:46.717,0.9931,0.9935,1.20,1.20
2007.11.15 02:50:46.889,0.9931,0.9935,1.20,1.20
2007.11.15 02:50:47.037,0.9931,0.9935,1.20,1.20
2007.11.15 02:50:47.234,0.9931,0.9935,1.20,1.20
2007.11.15 02:50:47.432,0.9931,0.9935,1.20,1.20
2007.11.15 02:50:47.630,0.9931,0.9935,1.20,1.20
2007.11.15 02:50:47.826,0.9931,0.9935,1.20,1.20
2007.11.15 02:50:48.024,0.9931,0.9935,1.20,1.20
2007.11.15 02:50:48.167,0.9931,0.9935,1.20,1.20
2007.11.15 02:50:48.309,0.9931,0.9935,1.20,1.20
2007.11.15 02:50:48.452,0.9931,0.9935,1.20,1.20
2007.11.15 02:50:48.595,0.9931,0.9935,1.20,1.20
2007.11.15 02:50:48.738,0.9931,0.9935,1.20,1.20
2007.11.15 02:50:48.883,0.9931,0.9935,1.20,1.20
2007.11.15 02:50:49.026,0.9931,0.9935,1.20,1.20
2007.11.15 02:50:49.304,0.9931,0.9935,1.20,1.20
2007.11.15 02:50:49.583,0.9931,0.9935,1.20,1.20
2007.11.15 02:50:49.860,0.9931,0.9935,1.20,1.20
2007.11.15 02:50:50.138,0.9931,0.9935,1.20,1.20
2007.11.15 02:50:50.235,0.9931,0.9935,1.20,1.20
2007.11.15 02:50:50.333,0.9931,0.9935,1.20,1.20
2007.11.15 02:50:50.430,0.9931,0.9935,1.20,1.20
2007.11.15 02:50:50.534,0.9931,0.9935,1.20,1.20
2007.11.15 02:50:50.625,0.9931,0.9935,1.20,1.20
2007.11.15 02:50:50.723,0.9931,0.9935,1.20,1.20
2007.11.15 02:50:50.821,0.9931,0.9935,1.20,1.20
2007.11.15 02:50:50.918,0.9931,0.9935,1.20,1.20
2007.11.15 02:50:51.016,0.9931,0.9935,1.20,1.20
2007.11.15 02:50:51.113,0.9931,0.9935,1.20,1.20
2007.11.15 02:50:51.210,0.9931,0.9935,1.20,1.20
2007.11.15 02:50:51.493,0.9931,0.9935,1.20,1.20
2007.11.15 02:50:51.776,0.9931,0.9935,1.20,1.20
2007.11.15 02:50:52.059,0.9931,0.9935,1.20,1.20
2007.11.15 02:50:52.342,0.9931,0.9935,1.20,1.20
2007.11.15 02:50:52.454,0.9931,0.9935,1.20,1.20
2007.11.15 02:50:52.566,0.9931,0.9935,1.20,1.20
2007.11.15 02:50:52.679,0.9931,0.9935,1.20,1.20
2007.11.15 02:50:52.792,0.9931,0.9935,1.20,1.20
2007.11.15 02:50:53.044,0.9931,0.9935,1.20,1.20
2007.11.15 02:50:53.157,0.9931,0.9935,1.20,1.20
2007.11.15 02:50:53.269,0.9931,0.9935,1.20,1.20
2007.11.15 02:50:53.382,0.9931,0.9935,1.20,1.20
2007.11.15 02:50:53.585,0.9931,0.9935,1.20,1.20
2007.11.15 02:50:53.788,0.9931,0.9935,1.20,1.20
2007.11.15 02:50:53.991,0.9931,0.9935,1.20,1.20
2007.11.15 02:50:54.194,0.9931,0.9935,1.20,1.20
2007.11.15 02:50:54.397,0.9931,0.9935,1.20,1.20
2007.11.15 02:50:54.640,0.9931,0.9935,1.20,1.20
2007.11.15 02:50:54.883,0.9931,0.9935,1.20,1.20
2007.11.15 02:50:55.126,0.9931,0.9935,1.20,1.20
2007.11.15 02:50:55.368,0.9931,0.9935,1.20,1.20
2007.11.15 02:50:55.611,0.9931,0.9935,1.20,1.20
2007.11.15 02:50:55.739,0.9931,0.9935,1.20,1.20
2007.11.15 02:50:55.866,0.9931,0.9935,1.20,1.20
2007.11.15 02:50:55.994,0.9931,0.9935,1.20,1.20
2007.11.15 02:50:56.122,0.9931,0.9935,1.20,1.20
2007.11.15 02:50:56.249,0.9931,0.9935,1.20,1.20
2007.11.15 02:50:56.377,0.9931,0.9935,1.20,1.20
2007.11.15 02:50:56.505,0.9931,0.9935,1.20,1.20
2007.11.15 02:50:56.707,0.9931,0.9935,1.20,1.20
2007.11.15 02:50:56.911,0.9931,0.9935,1.20,1.20
2007.11.15 02:50:57.113,0.9931,0.9935,1.20,1.20
2007.11.15 02:50:57.317,0.9931,0.9935,1.20,1.20
2007.11.15 02:50:57.520,0.9931,0.9935,1.20,1.20
2007.11.15 02:50:57.662,0.9931,0.9935,1.20,1.20
2007.11.15 02:50:57.805,0.9931,0.9935,1.20,1.20
2007.11.15 02:50:57.947,0.9931,0.9935,1.20,1.20
2007.11.15 02:50:58.090,0.9931,0.9935,1.20,1.20
2007.11.15 02:50:58.232,0.9931,0.9935,1.20,1.20
2007.11.15 02:50:58.375,0.9931,0.9935,1.20,1.20
2007.11.15 02:50:58.518,0.9931,0.9935,1.20,1.20
2007.11.15 02:50:58.715,0.9931,0.9935,1.20,1.20
2007.11.15 02:50:58.913,0.9931,0.9935,1.20,1.20
2007.11.15 02:50:59.210,0.9931,0.9935,1.20,1.20
2007.11.15 02:50:59.408,0.9931,0.9935,1.20,1.20
2007.11.15 02:50:59.629,0.9931,0.9935,1.20,1.20
2007.11.15 02:50:59.851,0.9931,0.9935,1.20,1.20
2007.11.15 02:51:00.079,0.9931,0.9935,0.50,1.20
2007.11.15 02:51:00.297,0.9931,0.9935,0.50,1.20
2007.11.15 02:51:00.520,0.9931,0.9935,0.50,1.20
2007.11.15 02:51:00.642,0.9931,0.9935,0.50,1.20
2007.11.15 02:51:00.764,0.9931,0.9935,0.50,1.20
2007.11.15 02:51:00.887,0.9931,0.9935,0.50,1.20
2007.11.15 02:51:01.009,0.9931,0.9935,0.50,1.20
2007.11.15 02:51:01.131,0.9931,0.9935,0.50,1.20
2007.11.15 02:51:01.255,0.9931,0.9935,0.50,1.20
2007.11.15 02:51:01.377,0.9931,0.9935,0.50,1.20
2007.11.15 02:51:01.499,0.9931,0.9935,0.50,1.20
2007.11.15 02:51:01.622,0.9931,0.9935,0.50,1.20
2007.11.15 02:51:01.849,0.9931,0.9935,0.50,1.20
2007.11.15 02:51:02.078,0.9931,0.9935,0.50,1.20
2007.11.15 02:51:02.305,0.9931,0.9935,0.50,1.20
2007.11.15 02:51:02.534,0.9931,0.9935,0.50,1.20
2007.11.15 02:51:02.681,0.9931,0.9935,0.50,1.20
2007.11.15 02:51:02.829,0.9931,0.9935,0.50,1.20
2007.11.15 02:51:02.977,0.9931,0.9935,0.50,1.20
2007.11.15 02:51:03.124,0.9931,0.9935,0.50,1.20
2007.11.15 02:51:03.272,0.9931,0.9935,0.50,1.20
2007.11.15 02:51:03.420,0.9931,0.9935,0.50,1.20
2007.11.15 02:51:03.567,0.9931,0.9935,0.50,1.20
2007.11.15 02:51:03.769,0.9931,0.9935,0.50,1.20
2007.11.15 02:51:03.971,0.9931,0.9935,0.50,1.20
2007.11.15 02:51:04.175,0.9931,0.9935,0.50,1.20
2007.11.15 02:51:04.378,0.9931,0.9935,0.50,1.20
2007.11.15 02:51:04.580,0.9931,0.9935,0.50,1.20
2007.11.15 02:51:04.859,0.9932,0.9935,2.40,1.20
2007.11.15 02:51:05.137,0.9932,0.9935,2.40,1.20
2007.11.15 02:51:05.416,0.9932,0.9935,2.40,1.20
2007.11.15 02:51:05.695,0.9932,0.9935,2.40,1.20
2007.11.15 02:51:05.908,0.9932,0.9935,2.40,1.20
2007.11.15 02:51:06.120,0.9932,0.9935,2.40,1.20
2007.11.15 02:51:06.334,0.9932,0.9935,2.40,1.20
2007.11.15 02:51:06.546,0.9932,0.9935,2.40,1.20
2007.11.15 02:51:06.760,0.9932,0.9935,2.40,1.20
2007.11.15 02:51:06.977,0.9932,0.9935,2.40,1.20
2007.11.15 02:51:07.195,0.9932,0.9935,2.40,1.20
2007.11.15 02:51:07.412,0.9932,0.9935,2.40,1.20
2007.11.15 02:51:07.629,0.9932,0.9935,2.40,1.20
2007.11.15 02:51:07.848,0.9932,0.9935,2.40,1.20
2007.11.15 02:51:07.995,0.9932,0.9935,2.40,1.20
2007.11.15 02:51:08.142,0.9932,0.9935,2.40,1.20
2007.11.15 02:51:08.291,0.9932,0.9935,2.40,1.20
2007.11.15 02:51:08.438,0.9932,0.9935,2.40,1.20
2007.11.15 02:51:08.585,0.9932,0.9935,2.40,1.20
2007.11.15 02:51:08.733,0.9932,0.9935,2.40,1.20
2007.11.15 02:51:08.880,0.9932,0.9935,2.40,1.20
2007.11.15 02:51:09.072,0.9932,0.9935,2.40,1.20
2007.11.15 02:51:09.265,0.9932,0.9935,2.40,1.20
2007.11.15 02:51:09.457,0.9932,0.9935,2.40,1.20
2007.11.15 02:51:09.650,0.9932,0.9935,2.40,1.20
2007.11.15 02:51:09.842,0.9932,0.9935,2.40,1.20
2007.11.15 02:51:10.035,0.9932,0.9935,2.40,1.20
2007.11.15 02:51:10.332,0.9932,0.9935,2.40,1.20
2007.11.15 02:51:10.636,0.9932,0.9935,2.40,1.20
2007.11.15 02:51:10.928,0.9932,0.9935,2.40,1.20
2007.11.15 02:51:11.085,0.9932,0.9935,2.40,1.20
2007.11.15 02:51:11.242,0.9932,0.9935,2.40,1.20
2007.11.15 02:51:11.543,0.9932,0.9935,2.40,1.20
2007.11.15 02:51:11.701,0.9932,0.9935,2.40,1.20
2007.11.15 02:51:11.858,0.9932,0.9935,2.40,1.20
2007.11.15 02:51:12.016,0.9932,0.9935,2.40,1.20
2007.11.15 02:51:12.204,0.9932,0.9935,2.40,1.20
2007.11.15 02:51:12.391,0.9932,0.9935,2.40,1.20
2007.11.15 02:51:12.578,0.9932,0.9935,2.40,1.20
2007.11.15 02:51:12.768,0.9932,0.9935,2.40,1.20
2007.11.15 02:51:12.956,0.9932,0.9935,2.40,1.20
2007.11.15 02:51:13.145,0.9932,0.9935,2.40,1.20
2007.11.15 02:51:13.367,0.9932,0.9935,2.40,1.20
2007.11.15 02:51:13.591,0.9932,0.9935,2.40,1.20
2007.11.15 02:51:13.814,0.9932,0.9935,2.40,1.30
2007.11.15 02:51:14.037,0.9932,0.9935,2.40,1.30
2007.11.15 02:51:14.261,0.9932,0.9935,2.40,1.30
2007.11.15 02:51:14.563,0.9932,0.9935,2.40,1.20
2007.11.15 02:51:14.867,0.9932,0.9935,2.40,1.20
2007.11.15 02:51:15.169,0.9932,0.9935,2.40,1.20
2007.11.15 02:51:15.333,0.9932,0.9935,2.40,1.20
2007.11.15 02:51:15.496,0.9932,0.9935,2.40,1.20
2007.11.15 02:51:15.658,0.9932,0.9935,2.40,1.20
2007.11.15 02:51:15.821,0.9932,0.9935,2.40,1.20
2007.11.15 02:51:15.984,0.9932,0.9935,2.40,1.20
2007.11.15 02:51:16.146,0.9932,0.9935,2.40,1.20
2007.11.15 02:51:16.323,0.9932,0.9935,2.40,1.20
2007.11.15 02:51:16.502,0.9932,0.9935,2.40,1.20
2007.11.15 02:51:16.679,0.9932,0.9935,2.40,1.20
2007.11.15 02:51:16.858,0.9932,0.9935,2.40,1.20
2007.11.15 02:51:17.035,0.9932,0.9935,2.40,1.20
2007.11.15 02:51:17.212,0.9932,0.9935,2.40,1.20
2007.11.15 02:51:17.445,0.9932,0.9935,2.40,1.20
2007.11.15 02:51:17.703,0.9932,0.9935,2.40,1.20
2007.11.15 02:51:17.938,0.9932,0.9935,2.40,1.20
2007.11.15 02:51:18.170,0.9932,0.9935,2.40,1.20
2007.11.15 02:51:18.351,0.9932,0.99345,2.40,0.80
2007.11.15 02:51:18.529,0.9932,0.9934,2.40,0.50
2007.11.15 02:51:18.707,0.9932,0.9934,2.40,0.50
2007.11.15 02:51:18.885,0.9932,0.9934,2.40,0.50
2007.11.15 02:51:19.064,0.9932,0.9934,2.40,0.50
2007.11.15 02:51:19.241,0.9932,0.9934,2.40,0.50
2007.11.15 02:51:19.574,0.9932,0.9934,2.40,0.50
2007.11.15 02:51:19.906,0.9932,0.9934,2.40,0.50
2007.11.15 02:51:20.240,0.9932,0.9934,2.40,0.50
2007.11.15 02:51:20.399,0.9932,0.9934,2.40,0.50
2007.11.15 02:51:20.557,0.9932,0.9934,2.40,0.50
2007.11.15 02:51:20.715,0.9932,0.9934,2.40,0.50
2007.11.15 02:51:20.873,0.9932,0.9935,2.80,1.20
2007.11.15 02:51:21.030,0.9932,0.9935,2.80,1.20
2007.11.15 02:51:21.189,0.9932,0.9935,2.80,1.20
2007.11.15 02:51:21.346,0.9932,0.9935,2.80,1.20
2007.11.15 02:51:21.620,0.9932,0.9935,4.40,1.20
2007.11.15 02:51:21.892,0.9932,0.9935,4.40,1.20
2007.11.15 02:51:22.165,0.9932,0.9935,4.40,0.50
2007.11.15 02:51:22.249,0.9932,0.99355,4.40,1.30
2007.11.15 02:51:22.438,0.9932,0.99355,2.40,1.30
2007.11.15 02:51:22.621,0.9932,0.99355,2.40,1.30
2007.11.15 02:51:22.804,0.9932,0.99355,2.40,1.30
2007.11.15 02:51:22.987,0.9932,0.9935,2.40,0.50
2007.11.15 02:51:23.172,0.9932,0.99345,2.40,1.30
2007.11.15 02:51:23.354,0.9932,0.99345,2.40,1.30
2007.11.15 02:51:23.607,0.9932,0.99345,2.40,1.30
2007.11.15 02:51:23.861,0.9932,0.99345,2.40,1.30
2007.11.15 02:51:24.113,0.9932,0.9934,2.40,0.50
2007.11.15 02:51:24.374,0.9932,0.9935,2.40,0.60
2007.11.15 02:51:24.616,0.9932,0.9935,2.40,0.90
2007.11.15 02:51:24.861,0.9932,0.99355,2.80,2.00
2007.11.15 02:51:25.104,0.9932,0.9935,2.80,0.70
2007.11.15 02:51:25.347,0.9932,0.99355,4.40,2.00
2007.11.15 02:51:25.589,0.9932,0.99355,4.40,1.30
2007.11.15 02:51:25.777,0.9932,0.99355,4.40,1.30
2007.11.15 02:51:25.964,0.9932,0.9935,4.40,0.50
2007.11.15 02:51:26.152,0.9932,0.9935,4.40,0.50
2007.11.15 02:51:26.340,0.9932,0.99355,2.40,1.30
2007.11.15 02:51:26.529,0.9932,0.9935,2.40,0.50
2007.11.15 02:51:26.731,0.9932,0.99355,2.40,1.30
2007.11.15 02:51:26.934,0.9932,0.99355,2.40,1.30
2007.11.15 02:51:27.136,0.9932,0.99355,2.40,2.00
2007.11.15 02:51:27.339,0.9932,0.99355,2.40,2.00
2007.11.15 02:51:27.542,0.9932,0.99355,2.40,2.00
2007.11.15 02:51:27.764,0.9932,0.99355,2.40,2.00
2007.11.15 02:51:27.987,0.9932,0.99355,2.40,2.00
2007.11.15 02:51:28.210,0.9932,0.99355,2.40,2.00
2007.11.15 02:51:28.432,0.9932,0.9935,2.40,0.50
2007.11.15 02:51:28.660,0.9932,0.9935,2.40,0.60
2007.11.15 02:51:28.788,0.9932,0.99355,2.40,2.00
2007.11.15 02:51:28.921,0.9932,0.9935,2.40,0.90
2007.11.15 02:51:29.053,0.9932,0.9935,2.40,0.50
2007.11.15 02:51:29.186,0.9932,0.9935,2.40,0.90
2007.11.15 02:51:29.320,0.9932,0.9935,2.40,0.80
2007.11.15 02:51:29.453,0.9932,0.9935,2.40,0.90
2007.11.15 02:51:29.771,0.9932,0.9935,2.40,0.90
2007.11.15 02:51:30.089,0.9932,0.9935,2.40,0.90
2007.11.15 02:51:30.407,0.9932,0.99355,2.40,2.00
2007.11.15 02:51:30.724,0.9932,0.99355,2.40,2.00
2007.11.15 02:51:30.871,0.9932,0.99355,2.40,2.00
2007.11.15 02:51:31.019,0.9932,0.99355,2.40,2.00
2007.11.15 02:51:31.168,0.9932,0.9935,2.40,0.70
2007.11.15 02:51:31.316,0.9932,0.9935,2.80,0.90
2007.11.15 02:51:31.464,0.9932,0.9935,4.40,0.50
2007.11.15 02:51:31.612,0.9932,0.99355,4.40,2.00
2007.11.15 02:51:31.849,0.9932,0.99355,4.40,2.00
2007.11.15 02:51:32.087,0.9932,0.9935,4.40,0.90
2007.11.15 02:51:32.324,0.9932,0.99355,4.40,2.00
2007.11.15 02:51:32.562,0.9932,0.99355,4.40,2.00
2007.11.15 02:51:32.710,0.9932,0.99355,4.40,2.00
2007.11.15 02:51:32.857,0.9932,0.99355,4.40,2.00
2007.11.15 02:51:33.005,0.9932,0.99355,4.40,2.00
2007.11.15 02:51:33.153,0.9932,0.9935,4.40,0.70
2007.11.15 02:51:33.307,0.9932,0.99355,4.40,2.00
2007.11.15 02:51:33.455,0.9932,0.99355,4.40,2.00
2007.11.15 02:51:33.603,0.9932,0.99355,4.40,2.00
2007.11.15 02:51:33.761,0.9932,0.9935,5.20,0.60
2007.11.15 02:51:33.919,0.9932,0.9936,3.60,0.60
2007.11.15 02:51:34.077,0.9932,0.9936,3.60,0.50
2007.11.15 02:51:34.235,0.9932,0.9936,2.80,1.70
2007.11.15 02:51:34.393,0.9932,0.99355,2.80,1.30
2007.11.15 02:51:34.551,0.9932,0.9935,4.40,0.50
2007.11.15 02:51:34.709,0.9932,0.9935,4.40,0.50
2007.11.15 02:51:35.041,0.9932,0.99355,4.40,1.30
2007.11.15 02:51:35.374,0.9932,0.9935,4.40,0.50
2007.11.15 02:51:35.707,0.9932,0.9935,4.40,0.50
2007.11.15 02:51:35.825,0.9932,0.9935,4.40,0.50
2007.11.15 02:51:35.943,0.9932,0.99355,4.40,1.30
2007.11.15 02:51:36.189,0.9932,0.99355,4.40,1.30
2007.11.15 02:51:36.308,0.9932,0.99355,4.40,1.30
2007.11.15 02:51:36.426,0.9932,0.99355,4.40,1.30
2007.11.15 02:51:36.543,0.9932,0.99355,4.40,1.30
2007.11.15 02:51:36.660,0.9932,0.99355,4.40,1.30
2007.11.15 02:51:36.784,0.9932,0.9935,4.40,0.50
2007.11.15 02:51:36.985,0.9932,0.99355,4.40,1.30
2007.11.15 02:51:37.194,0.9932,0.9935,4.40,0.50
2007.11.15 02:51:37.403,0.9932,0.9935,4.40,0.50
2007.11.15 02:51:37.612,0.9932,0.99355,4.40,1.30
2007.11.15 02:51:37.821,0.9932,0.9935,4.40,0.50
2007.11.15 02:51:38.024,0.9932,0.99355,4.40,1.30
2007.11.15 02:51:38.227,0.9932,0.9935,4.40,0.50
2007.11.15 02:51:38.430,0.9932,0.99355,4.40,1.30
2007.11.15 02:51:38.633,0.9932,0.99355,4.40,1.30
2007.11.15 02:51:38.836,0.9932,0.9935,4.40,0.50
2007.11.15 02:51:39.023,0.9932,0.99355,4.40,1.30
2007.11.15 02:51:39.212,0.9932,0.9935,4.40,0.50
2007.11.15 02:51:39.399,0.9932,0.9935,4.40,0.50
2007.11.15 02:51:39.587,0.9932,0.9935,4.40,0.50
2007.11.15 02:51:39.775,0.9932,0.99355,4.40,1.30
2007.11.15 02:51:40.000,0.9932,0.9935,4.40,0.50
2007.11.15 02:51:40.224,0.9932,0.99355,4.40,1.30
2007.11.15 02:51:40.445,0.9932,0.99355,4.40,1.30
2007.11.15 02:51:40.668,0.9932,0.99355,4.40,1.30
2007.11.15 02:51:40.897,0.9932,0.99355,2.00,1.30
2007.11.15 02:51:41.020,0.9932,0.9935,2.00,0.50
2007.11.15 02:51:41.142,0.9932,0.99355,2.00,1.30
2007.11.15 02:51:41.264,0.9932,0.99355,2.00,1.30
2007.11.15 02:51:41.387,0.9932,0.99355,0.50,1.30
2007.11.15 02:51:41.510,0.9932,0.9935,0.50,0.50
2007.11.15 02:51:41.633,0.9932,0.9935,0.50,0.50
2007.11.15 02:51:41.756,0.9932,0.99355,0.50,1.30
2007.11.15 02:51:41.878,0.9932,0.99355,0.50,1.30
2007.11.15 02:51:42.105,0.9932,0.99355,0.50,1.30
2007.11.15 02:51:42.352,0.9932,0.99365,1.20,2.00
2007.11.15 02:51:42.579,0.9932,0.99365,1.20,2.00
2007.11.15 02:51:42.814,0.9933,0.99365,0.50,2.00
2007.11.15 02:51:43.040,0.9933,0.99365,0.50,2.00
2007.11.15 02:51:43.223,0.9932,0.99365,24.80,2.00
2007.11.15 02:51:43.407,0.9932,0.99365,22.40,1.30
2007.11.15 02:51:43.589,0.9932,0.9936,22.40,0.50
2007.11.15 02:51:43.772,0.9932,0.9936,22.40,0.50
2007.11.15 02:51:43.955,0.9932,0.9936,6.80,0.50
2007.11.15 02:51:44.149,0.9932,0.9936,0.50,1.30
2007.11.15 02:51:44.342,0.9932,0.9935,0.50,0.50
2007.11.15 02:51:44.535,0.9932,0.99355,0.50,1.30
2007.11.15 02:51:44.728,0.9932,0.9935,0.50,0.50
2007.11.15 02:51:44.921,0.9932,0.99355,0.50,1.30
2007.11.15 02:51:45.219,0.9932,0.9935,0.50,0.50
2007.11.15 02:51:45.515,0.9932,0.9935,0.50,0.50
2007.11.15 02:51:45.814,0.9932,0.9936,1.20,0.80
2007.11.15 02:51:46.111,0.9932,0.99365,1.20,2.00
2007.11.15 02:51:46.265,0.9932,0.9936,1.20,0.90
2007.11.15 02:51:46.417,0.9932,0.9936,1.20,0.90
2007.11.15 02:51:46.569,0.9932,0.99365,1.20,2.00
2007.11.15 02:51:46.723,0.9932,0.99365,1.20,2.00
2007.11.15 02:51:46.881,0.9932,0.99365,1.20,2.00
2007.11.15 02:51:47.033,0.9932,0.99365,1.20,2.00
2007.11.15 02:51:47.216,0.9932,0.9936,1.20,0.90
2007.11.15 02:51:47.398,0.9932,0.99365,1.20,2.00
2007.11.15 02:51:47.583,0.9932,0.9936,1.20,0.70
2007.11.15 02:51:47.766,0.9932,0.99365,1.20,2.00
2007.11.15 02:51:47.948,0.9932,0.9936,1.20,0.70
2007.11.15 02:51:48.132,0.9932,0.9936,1.20,0.90
2007.11.15 02:51:48.290,0.9932,0.99365,1.20,2.00
2007.11.15 02:51:48.505,0.9932,0.9936,1.20,0.50
2007.11.15 02:51:48.662,0.9932,0.99365,1.20,2.00
2007.11.15 02:51:48.822,0.9932,0.9936,1.20,0.50
2007.11.15 02:51:48.979,0.9932,0.99365,1.20,2.00
2007.11.15 02:51:49.138,0.9932,0.99365,1.20,2.00
2007.11.15 02:51:49.335,0.9932,0.99365,1.20,2.00
2007.11.15 02:51:49.532,0.9932,0.9936,1.20,0.60
2007.11.15 02:51:49.730,0.9932,0.9936,1.20,0.60
2007.11.15 02:51:49.928,0.9932,0.9936,1.20,0.60
2007.11.15 02:51:50.126,0.9932,0.99365,1.20,2.00
2007.11.15 02:51:50.359,0.9932,0.9936,1.20,0.50
2007.11.15 02:51:50.592,0.9932,0.9936,1.20,1.20
2007.11.15 02:51:50.824,0.9932,0.9936,1.20,1.20
2007.11.15 02:51:51.057,0.9932,0.9936,1.20,1.20
2007.11.15 02:51:51.290,0.9932,0.9936,1.20,1.20
2007.11.15 02:51:51.423,0.9932,0.9936,1.20,1.20
2007.11.15 02:51:51.545,0.9932,0.9936,1.20,1.20
2007.11.15 02:51:51.673,0.9932,0.9936,1.20,1.20
2007.11.15 02:51:51.801,0.9932,0.9936,1.20,1.20
2007.11.15 02:51:51.927,0.9932,0.9936,1.20,1.20
2007.11.15 02:51:52.056,0.9932,0.9936,1.20,1.20
2007.11.15 02:51:52.183,0.9932,0.9936,1.20,1.20
2007.11.15 02:51:52.311,0.9932,0.9936,1.20,1.20
2007.11.15 02:51:52.513,0.9932,0.9936,1.20,1.20
2007.11.15 02:51:52.717,0.9934,0.9936,0.80,1.20
2007.11.15 02:51:52.920,0.9934,0.9936,0.80,0.80
2007.11.15 02:51:53.123,0.9934,0.9936,0.80,0.80
2007.11.15 02:51:53.328,0.9934,0.9936,0.80,1.20
2007.11.15 02:51:53.536,0.9934,0.9936,0.80,1.20
2007.11.15 02:51:53.744,0.9934,0.9936,0.80,1.20
2007.11.15 02:51:53.952,0.9934,0.9936,0.80,1.20
2007.11.15 02:51:54.160,0.9932,0.9936,15.60,0.50
2007.11.15 02:51:54.369,0.9932,0.9936,2.80,0.50
2007.11.15 02:51:54.675,0.9932,0.99365,2.80,1.30
2007.11.15 02:51:54.983,0.9932,0.9936,2.80,0.50
2007.11.15 02:51:55.291,0.9932,0.99365,2.80,1.30
2007.11.15 02:51:55.599,0.9932,0.9936,2.80,0.50
2007.11.15 02:51:55.737,0.9932,0.9936,2.80,0.50
2007.11.15 02:51:55.877,0.9932,0.99365,2.80,1.30
2007.11.15 02:51:56.013,0.9932,0.99365,2.80,1.30
2007.11.15 02:51:56.152,0.9932,0.9936,2.80,0.70
2007.11.15 02:51:56.289,0.9932,0.9936,2.80,0.70
2007.11.15 02:51:56.427,0.9932,0.99365,2.80,2.00
2007.11.15 02:51:56.604,0.9932,0.99365,2.80,2.00
2007.11.15 02:51:56.782,0.9932,0.9936,2.80,0.70
2007.11.15 02:51:56.959,0.9932,0.99365,2.80,2.00
2007.11.15 02:51:57.137,0.9932,0.9936,2.80,0.90
2007.11.15 02:51:57.314,0.9932,0.9936,2.80,0.80
2007.11.15 02:51:57.492,0.9932,0.99365,2.80,2.00
2007.11.15 02:51:57.639,0.9932,0.99365,2.80,2.00
2007.11.15 02:51:57.787,0.9932,0.99365,2.80,2.00
2007.11.15 02:51:57.934,0.9932,0.99365,2.80,2.00
2007.11.15 02:51:58.081,0.9932,0.99365,2.80,2.00
2007.11.15 02:51:58.230,0.9932,0.9936,2.80,0.70
2007.11.15 02:51:58.377,0.9932,0.9936,2.80,0.80
2007.11.15 02:51:58.526,0.9932,0.99365,2.80,2.00
2007.11.15 02:51:58.693,0.9932,0.9936,2.80,0.70
2007.11.15 02:51:58.861,0.9932,0.99365,2.80,2.00
2007.11.15 02:51:59.028,0.9932,0.99365,2.80,2.00
2007.11.15 02:51:59.196,0.9932,0.99365,2.80,2.00
2007.11.15 02:51:59.363,0.9932,0.99365,2.80,2.00
2007.11.15 02:51:59.537,0.9932,0.9936,2.80,0.50
2007.11.15 02:51:59.700,0.9932,0.9936,2.80,0.90
2007.11.15 02:51:59.972,0.9932,0.99365,2.80,2.00
2007.11.15 02:52:00.245,0.9932,0.9936,2.80,0.70
2007.11.15 02:52:00.518,0.9932,0.99365,2.80,2.00
2007.11.15 02:52:00.829,0.9932,0.99365,2.80,2.00
2007.11.15 02:52:00.948,0.9932,0.9936,2.80,0.80
2007.11.15 02:52:01.067,0.9932,0.99365,2.80,2.00
2007.11.15 02:52:01.184,0.9932,0.9936,2.80,0.50
2007.11.15 02:52:01.303,0.9932,0.99365,2.80,2.00
2007.11.15 02:52:01.423,0.9932,0.99365,2.80,2.00
2007.11.15 02:52:01.542,0.9932,0.99365,2.80,2.00
2007.11.15 02:52:01.660,0.9932,0.9936,2.80,0.50
2007.11.15 02:52:01.862,0.9932,0.9936,2.80,0.50
2007.11.15 02:52:02.065,0.9932,0.99365,2.80,2.00
2007.11.15 02:52:02.268,0.9932,0.99365,2.80,2.00
2007.11.15 02:52:02.471,0.9932,0.99365,2.80,2.00
2007.11.15 02:52:02.674,0.9932,0.99365,2.80,2.00
2007.11.15 02:52:02.812,0.9932,0.99365,2.80,2.00
2007.11.15 02:52:02.950,0.9932,0.99365,2.80,2.00
2007.11.15 02:52:03.088,0.9932,0.99365,2.80,2.00
2007.11.15 02:52:03.225,0.9932,0.99365,2.80,2.00
2007.11.15 02:52:03.364,0.9932,0.9936,2.80,0.90
2007.11.15 02:52:03.507,0.9932,0.99365,2.80,2.00
2007.11.15 02:52:03.645,0.9932,0.99365,2.80,2.00
2007.11.15 02:52:03.783,0.9932,0.9936,2.80,0.70
2007.11.15 02:52:03.996,0.9932,0.99365,2.80,2.00
2007.11.15 02:52:04.210,0.9933,0.99365,0.80,1.70
2007.11.15 02:52:04.431,0.9933,0.9936,0.80,2.60
2007.11.15 02:52:04.645,0.9933,0.9935,0.80,0.50
2007.11.15 02:52:04.857,0.9933,0.9936,0.80,4.20
2007.11.15 02:52:05.125,0.9933,0.9935,0.80,0.50
2007.11.15 02:52:05.393,0.9933,0.9936,0.80,2.50
2007.11.15 02:52:05.661,0.9933,0.9935,0.80,0.50
2007.11.15 02:52:05.928,0.9933,0.9936,0.80,2.50
2007.11.15 02:52:06.071,0.9933,0.9935,0.80,0.50
2007.11.15 02:52:06.214,0.9933,0.9936,0.80,2.50
2007.11.15 02:52:06.357,0.9933,0.9936,1.20,2.50
2007.11.15 02:52:06.500,0.9933,0.9935,1.20,0.60
2007.11.15 02:52:06.643,0.9933,0.9935,1.20,0.80
2007.11.15 02:52:06.786,0.9933,0.9935,1.20,0.90
2007.11.15 02:52:06.989,0.9933,0.9936,1.20,2.50
2007.11.15 02:52:07.167,0.9933,0.9936,1.20,2.50
2007.11.15 02:52:07.345,0.9933,0.9935,1.20,0.60
2007.11.15 02:52:07.522,0.9933,0.9936,1.20,2.50
2007.11.15 02:52:07.700,0.9933,0.9936,1.20,2.50
2007.11.15 02:52:07.878,0.9933,0.9936,1.20,2.50
2007.11.15 02:52:08.055,0.9933,0.9936,1.20,2.50
2007.11.15 02:52:08.237,0.9933,0.9936,1.20,2.60
2007.11.15 02:52:08.421,0.9933,0.9936,1.20,2.60
2007.11.15 02:52:08.603,0.9933,0.9935,1.20,0.50
2007.11.15 02:52:08.785,0.9933,0.9936,1.20,2.60
2007.11.15 02:52:08.969,0.9933,0.9935,1.20,0.50
2007.11.15 02:52:09.152,0.9933,0.9936,1.20,2.60
2007.11.15 02:52:09.324,0.9933,0.9936,1.20,2.60
2007.11.15 02:52:09.496,0.9933,0.9936,1.20,2.60
2007.11.15 02:52:09.670,0.9933,0.9935,1.20,0.50
2007.11.15 02:52:09.842,0.9933,0.9936,1.20,2.60
2007.11.15 02:52:10.015,0.9933,0.9936,1.20,2.60
2007.11.15 02:52:10.188,0.9933,0.9936,1.20,2.60
2007.11.15 02:52:10.435,0.9933,0.9935,1.20,0.50
2007.11.15 02:52:10.684,0.9933,0.9935,1.20,0.50
2007.11.15 02:52:10.931,0.9933,0.9935,1.20,0.50
2007.11.15 02:52:11.179,0.9933,0.9936,1.20,2.60
2007.11.15 02:52:11.426,0.9933,0.9936,1.20,2.60
2007.11.15 02:52:11.549,0.9933,0.9935,1.20,0.50
2007.11.15 02:52:11.671,0.9933,0.9936,1.20,2.60
2007.11.15 02:52:11.795,0.9933,0.9935,1.20,0.50
2007.11.15 02:52:11.918,0.9933,0.9935,1.20,0.50
2007.11.15 02:52:12.040,0.9933,0.9936,1.20,2.60
2007.11.15 02:52:12.164,0.9933,0.9935,0.50,0.50
2007.11.15 02:52:12.286,0.9932,0.9936,1.20,2.60
2007.11.15 02:52:12.495,0.9932,0.9935,1.20,0.50
2007.11.15 02:52:12.703,0.9932,0.9935,1.20,1.00
2007.11.15 02:52:12.911,0.9932,0.9935,1.20,1.00
2007.11.15 02:52:13.158,0.9932,0.9934,0.50,0.50
2007.11.15 02:52:13.365,0.9931,0.99345,2.00,1.30
2007.11.15 02:52:13.537,0.9931,0.9934,2.00,0.50
2007.11.15 02:52:13.709,0.9931,0.9934,2.00,0.50
2007.11.15 02:52:13.881,0.9931,0.9934,2.00,0.50
2007.11.15 02:52:14.055,0.9931,0.99345,2.00,1.30
2007.11.15 02:52:14.227,0.9931,0.99345,2.00,1.30
2007.11.15 02:52:14.400,0.9931,0.9934,2.00,0.50
2007.11.15 02:52:14.603,0.9931,0.99345,2.00,1.30
2007.11.15 02:52:14.806,0.9931,0.9934,2.00,0.50
2007.11.15 02:52:15.008,0.9931,0.99345,2.00,1.30
2007.11.15 02:52:15.212,0.9931,0.99345,2.00,1.30
2007.11.15 02:52:15.414,0.9931,0.99345,2.00,1.30
2007.11.15 02:52:15.638,0.9931,0.9934,2.00,0.50
2007.11.15 02:52:15.861,0.9931,0.9934,2.00,0.50
2007.11.15 02:52:16.083,0.9931,0.9934,2.00,0.50
2007.11.15 02:52:16.305,0.9931,0.99345,2.00,1.30
2007.11.15 02:52:16.459,0.9931,0.9934,2.00,0.50
2007.11.15 02:52:16.611,0.9931,0.99345,2.00,1.30
2007.11.15 02:52:16.764,0.9931,0.9934,2.00,0.50
2007.11.15 02:52:16.917,0.9931,0.99345,2.00,1.30
2007.11.15 02:52:17.070,0.9931,0.9934,2.00,0.50
2007.11.15 02:52:17.222,0.9931,0.99345,2.00,1.30
2007.11.15 02:52:17.377,0.9931,0.9934,2.00,0.50
2007.11.15 02:52:17.530,0.9931,0.99345,2.00,1.30
2007.11.15 02:52:17.762,0.9931,0.99345,2.00,1.30
2007.11.15 02:52:17.996,0.9931,0.99345,2.00,1.30
2007.11.15 02:52:18.228,0.9931,0.99345,2.00,1.30
2007.11.15 02:52:18.461,0.9931,0.99345,2.00,1.30
2007.11.15 02:52:18.615,0.9931,0.9934,2.00,0.50
2007.11.15 02:52:18.767,0.9931,0.9934,2.00,0.50
2007.11.15 02:52:18.925,0.9931,0.99345,2.00,1.30
2007.11.15 02:52:19.073,0.9931,0.99345,2.00,1.30
2007.11.15 02:52:19.319,0.9931,0.99345,2.00,1.30
2007.11.15 02:52:19.472,0.9931,0.99345,2.00,1.30
2007.11.15 02:52:19.765,0.9932,0.9935,0.50,1.80
2007.11.15 02:52:20.059,0.9932,0.99355,0.50,2.00
2007.11.15 02:52:20.352,0.9931,0.99355,6.80,2.00
2007.11.15 02:52:20.644,0.9931,0.9935,1.20,0.80
2007.11.15 02:52:20.818,0.9931,0.99355,1.20,2.00
2007.11.15 02:52:20.990,0.9931,0.9935,3.60,0.70
2007.11.15 02:52:21.164,0.9931,0.99355,3.60,2.00
2007.11.15 02:52:21.336,0.9932,0.9935,1.20,0.70
2007.11.15 02:52:21.509,0.9932,0.9936,1.20,2.50
2007.11.15 02:52:21.718,0.9932,0.9936,1.20,2.50
2007.11.15 02:52:21.925,0.9932,0.9936,1.20,2.50
2007.11.15 02:52:22.133,0.9932,0.9935,1.20,0.80
2007.11.15 02:52:22.341,0.9932,0.9936,1.20,2.50
2007.11.15 02:52:22.548,0.9932,0.9936,1.20,2.50
2007.11.15 02:52:22.756,0.9932,0.9935,1.20,1.70
2007.11.15 02:52:22.963,0.9932,0.9934,1.20,0.50
2007.11.15 02:52:23.170,0.9932,0.9934,1.20,0.50
2007.11.15 02:52:23.321,0.9932,0.9935,1.20,1.70
2007.11.15 02:52:23.379,0.9932,0.9934,1.20,0.50
2007.11.15 02:52:23.586,0.9932,0.9935,1.20,1.70
2007.11.15 02:52:23.783,0.9932,0.9935,1.20,1.70
2007.11.15 02:52:23.981,0.9932,0.9934,1.20,0.50
2007.11.15 02:52:24.178,0.9932,0.9935,1.20,1.70
2007.11.15 02:52:24.376,0.9932,0.9935,1.20,1.70
2007.11.15 02:52:24.573,0.9932,0.9935,1.20,1.70
2007.11.15 02:52:24.861,0.9932,0.9934,1.20,0.50
2007.11.15 02:52:25.151,0.9933,0.9935,0.50,1.80
2007.11.15 02:52:25.480,0.9933,0.9936,1.20,3.30
2007.11.15 02:52:25.769,0.9933,0.9935,1.20,0.80
2007.11.15 02:52:25.966,0.9933,0.9936,1.20,3.30
2007.11.15 02:52:26.164,0.9933,0.9936,1.20,3.30
2007.11.15 02:52:26.362,0.9933,0.9936,1.20,3.30
2007.11.15 02:52:27.576,0.9933,0.9935,1.20,0.50
2007.11.15 02:52:27.669,0.9933,0.9935,1.20,0.50
2007.11.15 02:52:27.761,0.9933,0.9936,1.20,1.80
2007.11.15 02:52:27.860,0.9933,0.9936,1.20,1.80
2007.11.15 02:52:27.953,0.9933,0.9935,1.20,0.50
2007.11.15 02:52:28.047,0.9933,0.9936,1.20,1.80
2007.11.15 02:52:28.139,0.9933,0.9935,1.20,0.50
2007.11.15 02:52:28.232,0.9933,0.9936,1.20,1.80
2007.11.15 02:52:28.326,0.9933,0.9936,1.20,1.80
2007.11.15 02:52:28.418,0.9933,0.9935,1.20,0.50
2007.11.15 02:52:28.512,0.9933,0.9936,1.20,1.80
2007.11.15 02:52:28.606,0.9933,0.9935,1.20,0.50
2007.11.15 02:52:28.918,0.9933,0.9936,1.20,1.80
2007.11.15 02:52:29.230,0.9933,0.9935,1.20,0.50
2007.11.15 02:52:29.543,0.9933,0.9936,1.20,1.80
2007.11.15 02:52:29.861,0.9933,0.9936,1.20,1.80
2007.11.15 02:52:30.060,0.9933,0.9936,1.20,1.80
2007.11.15 02:52:30.257,0.9933,0.9936,1.20,1.80
2007.11.15 02:52:30.461,0.9933,0.9936,1.20,1.80
2007.11.15 02:52:30.653,0.9933,0.9936,1.20,1.80
2007.11.15 02:52:30.796,0.9933,0.9935,1.20,0.50
2007.11.15 02:52:30.939,0.9933,0.9935,1.20,0.50
2007.11.15 02:52:31.081,0.9933,0.9935,1.20,0.50
2007.11.15 02:52:31.224,0.9933,0.9935,1.20,0.50
2007.11.15 02:52:31.367,0.9933,0.9935,1.20,0.50
2007.11.15 02:52:31.509,0.9933,0.9936,1.20,1.80
2007.11.15 02:52:31.654,0.9933,0.9936,1.20,1.80
2007.11.15 02:52:31.856,0.9933,0.9935,1.20,0.50
2007.11.15 02:52:32.058,0.9933,0.9935,1.20,0.50
2007.11.15 02:52:32.262,0.9933,0.9936,1.20,1.80
2007.11.15 02:52:32.464,0.9933,0.9936,1.20,1.80
2007.11.15 02:52:32.739,0.9933,0.9936,1.20,1.80
2007.11.15 02:52:32.876,0.9933,0.9936,1.20,1.80
2007.11.15 02:52:33.013,0.9933,0.9935,1.20,0.50
2007.11.15 02:52:33.152,0.9933,0.9935,1.20,0.50
2007.11.15 02:52:33.289,0.9933,0.9935,1.20,0.50
2007.11.15 02:52:33.427,0.9933,0.9936,1.20,1.80
2007.11.15 02:52:33.565,0.9933,0.9936,1.20,1.80
2007.11.15 02:52:33.704,0.9933,0.9936,0.50,1.80
2007.11.15 02:52:33.848,0.9932,0.9936,1.20,1.80
2007.11.15 02:52:34.076,0.9932,0.9935,1.20,0.50
2007.11.15 02:52:34.312,0.9932,0.9936,1.20,2.60
2007.11.15 02:52:34.541,0.9932,0.9934,1.20,0.50
2007.11.15 02:52:34.769,0.9932,0.9934,1.20,0.50
2007.11.15 02:52:35.082,0.9932,0.9934,1.20,0.50
2007.11.15 02:52:35.394,0.9932,0.9935,1.20,1.00
2007.11.15 02:52:35.706,0.9932,0.9935,1.20,1.00
2007.11.15 02:52:36.017,0.9932,0.9935,1.20,1.00
2007.11.15 02:52:36.160,0.9932,0.9935,1.20,1.00
2007.11.15 02:52:36.302,0.9932,0.9935,1.20,1.00
2007.11.15 02:52:36.445,0.9932,0.9935,1.20,1.00
2007.11.15 02:52:36.588,0.9932,0.9935,1.20,1.00
2007.11.15 02:52:36.730,0.9932,0.9935,1.20,1.00
2007.11.15 02:52:36.872,0.9932,0.9935,1.20,1.00
2007.11.15 02:52:37.015,0.9932,0.9934,1.20,0.50
2007.11.15 02:52:37.203,0.9932,0.9935,1.20,1.00
2007.11.15 02:52:37.390,0.9932,0.9934,1.20,0.50
2007.11.15 02:52:37.578,0.9932,0.9935,1.20,1.00
2007.11.15 02:52:37.766,0.9932,0.9935,1.20,1.00
2007.11.15 02:52:37.953,0.9932,0.9935,1.20,1.00
2007.11.15 02:52:38.141,0.9932,0.9935,1.20,1.00
2007.11.15 02:52:38.319,0.9932,0.9934,1.20,0.50
2007.11.15 02:52:38.496,0.9932,0.9934,1.20,0.50
2007.11.15 02:52:38.674,0.9932,0.9934,1.20,0.50
2007.11.15 02:52:38.905,0.9932,0.9935,1.20,1.00
2007.11.15 02:52:39.085,0.9932,0.9935,1.20,1.00
2007.11.15 02:52:39.288,0.9932,0.9935,1.20,1.00
2007.11.15 02:52:39.490,0.9932,0.9935,1.20,1.00
2007.11.15 02:52:39.693,0.9932,0.9934,1.20,0.50
2007.11.15 02:52:39.896,0.9932,0.9934,1.20,0.50
2007.11.15 02:52:40.099,0.9932,0.9934,1.20,0.50
2007.11.15 02:52:40.404,0.9932,0.9934,1.20,0.50
2007.11.15 02:52:40.701,0.9932,0.9934,1.20,0.50
2007.11.15 02:52:40.999,0.9932,0.9934,1.20,0.50
2007.11.15 02:52:41.297,0.9932,0.9935,1.20,1.00
2007.11.15 02:52:41.470,0.9932,0.9934,1.20,0.50
2007.11.15 02:52:41.643,0.9932,0.9934,1.20,0.50
2007.11.15 02:52:41.816,0.9932,0.9934,1.20,0.50
2007.11.15 02:52:41.988,0.9932,0.9934,1.20,0.50
2007.11.15 02:52:42.160,0.9932,0.9935,1.20,1.00
2007.11.15 02:52:42.373,0.9932,0.9934,1.20,0.50
2007.11.15 02:52:42.585,0.9932,0.9935,1.20,1.00
2007.11.15 02:52:42.802,0.9932,0.9935,1.20,1.00
2007.11.15 02:52:43.014,0.9932,0.9935,1.20,1.00
2007.11.15 02:52:43.227,0.9932,0.9935,0.50,1.00
2007.11.15 02:52:43.405,0.9931,0.9933,1.20,0.50
2007.11.15 02:52:43.584,0.9931,0.9934,1.20,1.00
2007.11.15 02:52:43.761,0.9931,0.9934,1.20,1.00
2007.11.15 02:52:43.939,0.9931,0.9933,1.20,0.50
2007.11.15 02:52:44.117,0.9931,0.9933,1.20,0.70
2007.11.15 02:52:44.295,0.9931,0.9934,1.20,6.50
2007.11.15 02:52:44.551,0.9931,0.9934,1.20,6.50
2007.11.15 02:52:44.811,0.9931,0.9934,1.20,6.50
2007.11.15 02:52:45.067,0.9931,0.9934,1.20,6.50
2007.11.15 02:52:45.326,0.9931,0.9934,1.20,6.50
2007.11.15 02:52:45.538,0.9931,0.9933,1.20,0.80
2007.11.15 02:52:45.752,0.9931,0.9933,1.20,0.50
2007.11.15 02:52:45.963,0.9931,0.9934,1.20,1.80
2007.11.15 02:52:46.176,0.9931,0.9934,1.20,1.80
2007.11.15 02:52:46.389,0.9931,0.9934,1.20,1.80
2007.11.15 02:52:46.572,0.9931,0.9933,1.20,0.50
2007.11.15 02:52:46.755,0.9931,0.9934,1.20,1.80
2007.11.15 02:52:46.939,0.9932,0.9935,0.50,13.70
2007.11.15 02:52:47.122,0.9932,0.9934,0.50,0.90
2007.11.15 02:52:47.305,0.9932,0.9934,0.50,0.50
2007.11.15 02:52:47.489,0.9932,0.9935,0.50,12.10
2007.11.15 02:52:47.742,0.9932,0.9934,0.50,0.90
2007.11.15 02:52:47.995,0.9932,0.9934,0.50,0.50
2007.11.15 02:52:48.248,0.9932,0.9935,0.50,12.10
2007.11.15 02:52:48.500,0.9932,0.9935,0.50,12.10
2007.11.15 02:52:48.638,0.9932,0.9934,0.50,0.70
2007.11.15 02:52:48.776,0.9932,0.9934,0.50,0.60
2007.11.15 02:52:48.915,0.9931,0.9934,1.20,1.70
2007.11.15 02:52:49.054,0.9931,0.9933,1.20,0.50
2007.11.15 02:52:49.193,0.9931,0.9934,1.20,1.70
2007.11.15 02:52:49.330,0.9931,0.9933,1.20,0.50
2007.11.15 02:52:49.474,0.9931,0.9934,1.20,1.70
2007.11.15 02:52:49.757,0.9931,0.9934,1.20,1.70
2007.11.15 02:52:50.041,0.9931,0.9934,1.20,1.70
2007.11.15 02:52:50.326,0.9931,0.9933,1.20,0.50
2007.11.15 02:52:50.612,0.9931,0.9933,1.20,0.50
2007.11.15 02:52:50.840,0.9931,0.9933,1.20,0.50
2007.11.15 02:52:51.068,0.9931,0.9933,1.20,0.50
2007.11.15 02:52:51.296,0.9931,0.9934,1.20,0.70
2007.11.15 02:52:51.524,0.9931,0.99345,1.20,1.40
2007.11.15 02:52:51.751,0.9931,0.99345,1.20,1.40
2007.11.15 02:52:51.934,0.9931,0.99345,1.20,1.40
2007.11.15 02:52:52.117,0.9931,0.9934,1.20,0.70
2007.11.15 02:52:52.300,0.9931,0.99345,1.20,1.40
2007.11.15 02:52:52.483,0.9931,0.9934,1.20,0.70
2007.11.15 02:52:52.665,0.9931,0.99345,1.20,1.40
2007.11.15 02:52:52.847,0.9931,0.99345,1.20,1.40
2007.11.15 02:52:53.030,0.9931,0.9934,1.20,0.70
2007.11.15 02:52:53.213,0.9931,0.99345,1.20,1.40
2007.11.15 02:52:53.396,0.9931,0.9934,1.20,0.70
2007.11.15 02:52:53.579,0.9931,0.99345,1.20,1.40
2007.11.15 02:52:53.761,0.9931,0.99345,1.20,1.40
2007.11.15 02:52:53.963,0.9931,0.99345,1.20,1.40
2007.11.15 02:52:54.165,0.9931,0.99345,1.20,1.40
2007.11.15 02:52:54.368,0.9931,0.99345,1.20,1.40
2007.11.15 02:52:54.572,0.9931,0.99345,1.20,1.40
2007.11.15 02:52:54.774,0.9931,0.99345,1.20,1.40
2007.11.15 02:52:55.013,0.9931,0.99345,1.20,1.40
2007.11.15 02:52:55.251,0.9931,0.9934,1.20,0.60
2007.11.15 02:52:55.490,0.9931,0.9934,1.20,0.60
2007.11.15 02:52:55.728,0.9931,0.99345,1.20,1.40
2007.11.15 02:52:55.895,0.9931,0.9934,1.20,0.50
2007.11.15 02:52:56.063,0.9931,0.9935,1.20,12.10
2007.11.15 02:52:56.231,0.9931,0.9934,1.20,0.60
2007.11.15 02:52:56.399,0.9931,0.9934,1.20,0.50
2007.11.15 02:52:56.566,0.9931,0.9935,1.20,12.10
2007.11.15 02:52:56.735,0.9931,0.9935,1.20,12.10
2007.11.15 02:52:56.903,0.9931,0.9934,1.20,0.50
2007.11.15 02:52:57.141,0.9931,0.9934,1.20,0.50
2007.11.15 02:52:57.387,0.9931,0.9934,1.20,0.60
2007.11.15 02:52:57.626,0.9931,0.9935,1.20,12.10
2007.11.15 02:52:57.864,0.9931,0.9935,1.20,12.10
2007.11.15 02:52:57.988,0.9931,0.9934,1.20,0.50
2007.11.15 02:52:58.115,0.9931,0.9934,1.20,0.70
2007.11.15 02:52:58.238,0.9931,0.9934,1.20,0.80
2007.11.15 02:52:58.361,0.9931,0.9934,1.20,0.60
2007.11.15 02:52:58.485,0.9931,0.9935,1.20,12.10
2007.11.15 02:52:58.607,0.9931,0.9935,1.20,12.10
2007.11.15 02:52:58.730,0.9931,0.9935,1.20,12.10
2007.11.15 02:52:58.853,0.9931,0.9934,1.20,0.90
2007.11.15 02:52:58.976,0.9931,0.9934,1.20,0.60
2007.11.15 02:52:59.229,0.9931,0.9934,1.20,0.80
2007.11.15 02:52:59.481,0.9931,0.9935,1.20,12.10
2007.11.15 02:52:59.734,0.9931,0.9935,1.20,12.10
2007.11.15 02:52:59.987,0.9931,0.9935,1.20,12.10
2007.11.15 02:53:00.190,0.9931,0.9935,1.20,12.10
2007.11.15 02:53:00.393,0.9931,0.9934,1.20,0.70
2007.11.15 02:53:00.595,0.9931,0.9934,1.20,0.90
2007.11.15 02:53:00.798,0.9931,0.9934,1.20,0.60
2007.11.15 02:53:01.000,0.9931,0.9935,1.20,12.10
2007.11.15 02:53:01.133,0.9931,0.9935,1.20,12.10
2007.11.15 02:53:01.266,0.9931,0.9935,1.20,12.10
2007.11.15 02:53:01.398,0.9931,0.9935,1.20,12.10
2007.11.15 02:53:01.531,0.9931,0.9934,1.20,0.80
2007.11.15 02:53:01.664,0.9931,0.9935,1.20,12.10
2007.11.15 02:53:01.796,0.9931,0.9934,1.20,0.70
2007.11.15 02:53:01.929,0.9931,0.9935,1.20,12.10
2007.11.15 02:53:02.062,0.9931,0.9934,1.20,0.70
2007.11.15 02:53:02.271,0.993,0.9934,5.20,0.50
2007.11.15 02:53:02.478,0.993,0.99345,1.20,2.00
2007.11.15 02:53:02.687,0.993,0.9934,1.20,0.70
2007.11.15 02:53:02.894,0.993,0.9934,1.20,0.80
2007.11.15 02:53:03.102,0.993,0.9934,1.20,0.50
2007.11.15 02:53:03.306,0.993,0.9934,1.20,0.70
2007.11.15 02:53:03.546,0.993,0.99345,1.20,3.60
2007.11.15 02:53:03.749,0.993,0.99345,1.20,3.60
2007.11.15 02:53:03.952,0.993,0.9934,1.20,0.60
2007.11.15 02:53:04.154,0.993,0.9934,1.20,0.80
2007.11.15 02:53:04.282,0.993,0.99345,1.20,3.60
2007.11.15 02:53:04.411,0.993,0.99345,3.60,3.60
2007.11.15 02:53:04.538,0.993,0.99345,3.60,3.60
2007.11.15 02:53:04.666,0.9931,0.9934,0.80,0.60
2007.11.15 02:53:04.795,0.9931,0.9935,0.80,8.90
2007.11.15 02:53:04.923,0.9931,0.9934,1.20,0.90
2007.11.15 02:53:05.051,0.9931,0.9935,1.20,8.90
2007.11.15 02:53:05.179,0.9931,0.9934,1.20,0.50
2007.11.15 02:53:05.512,0.9931,0.9935,1.20,8.10
2007.11.15 02:53:05.845,0.993,0.99345,1.20,2.00
2007.11.15 02:53:06.179,0.9931,0.99345,0.80,3.60
2007.11.15 02:53:06.316,0.9931,0.9934,1.20,0.50
2007.11.15 02:53:06.449,0.9931,0.9935,1.20,8.90
2007.11.15 02:53:06.582,0.9931,0.9935,1.20,8.90
2007.11.15 02:53:06.715,0.9931,0.9934,0.50,0.80
2007.11.15 02:53:06.848,0.993,0.9934,1.20,2.60
2007.11.15 02:53:06.982,0.993,0.9933,1.20,0.50
2007.11.15 02:53:07.115,0.993,0.9934,1.20,2.60
2007.11.15 02:53:07.247,0.993,0.9933,1.20,0.50
2007.11.15 02:53:07.546,0.993,0.9933,1.20,0.50
2007.11.15 02:53:07.843,0.993,0.9934,1.20,2.60
2007.11.15 02:53:08.141,0.993,0.9934,1.20,2.60
2007.11.15 02:53:08.439,0.993,0.9934,1.20,4.90
2007.11.15 02:53:08.596,0.993,0.9934,1.20,4.90
2007.11.15 02:53:08.754,0.993,0.9933,0.50,0.80
2007.11.15 02:53:08.912,0.9929,0.99335,1.20,2.80
2007.11.15 02:53:09.070,0.9929,0.9933,1.20,0.70
2007.11.15 02:53:09.228,0.9929,0.99335,1.20,2.00
2007.11.15 02:53:09.447,0.9929,0.9932,1.20,0.80
2007.11.15 02:53:09.710,0.9929,0.9932,1.20,0.80
2007.11.15 02:53:09.925,0.9929,0.9932,1.20,0.80
2007.11.15 02:53:10.143,0.9929,0.9933,1.20,2.00
2007.11.15 02:53:10.360,0.9929,0.9932,1.20,0.80
2007.11.15 02:53:10.623,0.9929,0.9932,1.20,0.80
2007.11.15 02:53:10.886,0.9929,0.9932,1.20,0.80
2007.11.15 02:53:11.149,0.9929,0.9933,1.20,2.00
2007.11.15 02:53:11.413,0.993,0.9932,1.20,0.80
2007.11.15 02:53:11.566,0.993,0.9932,1.20,0.80
2007.11.15 02:53:11.719,0.993,0.9933,0.50,1.30
2007.11.15 02:53:11.873,0.993,0.9933,0.50,1.70
2007.11.15 02:53:12.026,0.993,0.9933,0.50,2.50
2007.11.15 02:53:12.179,0.993,0.9933,0.50,2.50
2007.11.15 02:53:12.331,0.993,0.9932,0.50,0.50
2007.11.15 02:53:12.485,0.993,0.9932,0.50,0.50
2007.11.15 02:53:12.783,0.993,0.9932,0.50,0.50
2007.11.15 02:53:13.082,0.993,0.9932,0.50,0.50
2007.11.15 02:53:13.380,0.993,0.9932,0.50,0.50
2007.11.15 02:53:13.573,0.993,0.9933,0.50,2.50
2007.11.15 02:53:13.766,0.9929,0.9931,1.20,0.50
2007.11.15 02:53:13.958,0.9929,0.9932,1.20,1.00
2007.11.15 02:53:14.152,0.9929,0.9932,1.20,1.00
2007.11.15 02:53:14.344,0.9929,0.9932,1.20,1.00
2007.11.15 02:53:14.537,0.9929,0.9931,1.20,0.50
2007.11.15 02:53:14.771,0.9929,0.9932,1.20,1.00
2007.11.15 02:53:15.001,0.9929,0.9932,1.20,3.20
2007.11.15 02:53:15.228,0.9929,0.9932,1.20,3.20
2007.11.15 02:53:15.455,0.9929,0.9932,1.20,3.20
2007.11.15 02:53:15.682,0.9929,0.9932,1.20,3.20
2007.11.15 02:53:15.941,0.993,0.9932,0.50,0.90
2007.11.15 02:53:16.198,0.993,0.9933,0.50,12.10
2007.11.15 02:53:16.457,0.993,0.9933,0.50,12.10
2007.11.15 02:53:16.714,0.993,0.9933,0.50,12.10
2007.11.15 02:53:16.888,0.993,0.9932,0.50,0.70
2007.11.15 02:53:17.061,0.993,0.9933,0.50,12.10
2007.11.15 02:53:17.233,0.993,0.9933,0.50,12.10
2007.11.15 02:53:17.406,0.993,0.9933,0.50,12.10
2007.11.15 02:53:17.578,0.993,0.9932,0.50,0.60
2007.11.15 02:53:17.730,0.993,0.9932,0.50,1.20
2007.11.15 02:53:17.884,0.993,0.9932,0.50,1.20
2007.11.15 02:53:18.036,0.993,0.9932,0.50,1.20
2007.11.15 02:53:18.189,0.993,0.9932,0.50,1.20
2007.11.15 02:53:18.341,0.993,0.9932,0.50,1.20
2007.11.15 02:53:18.494,0.993,0.9932,0.50,1.20
2007.11.15 02:53:18.647,0.993,0.9932,0.50,1.20
2007.11.15 02:53:18.845,0.993,0.9932,0.50,1.20
2007.11.15 02:53:19.048,0.993,0.9932,0.50,1.20
2007.11.15 02:53:19.245,0.9929,0.9931,2.80,0.50
2007.11.15 02:53:19.443,0.9929,0.9931,1.20,0.50
2007.11.15 02:53:19.642,0.9929,0.9931,1.20,0.50
2007.11.15 02:53:19.849,0.9929,0.9931,1.20,0.50
2007.11.15 02:53:20.058,0.9929,0.9931,1.20,0.50
2007.11.15 02:53:20.266,0.9929,0.9931,1.20,0.50
2007.11.15 02:53:20.473,0.9929,0.9931,1.20,0.50
2007.11.15 02:53:20.681,0.9929,0.9931,1.20,0.50
2007.11.15 02:53:20.974,0.9929,0.9931,1.20,0.50
2007.11.15 02:53:21.268,0.9929,0.9932,1.20,1.20
2007.11.15 02:53:21.561,0.9929,0.9932,1.20,1.20
2007.11.15 02:53:21.854,0.993,0.9932,0.50,1.20
2007.11.15 02:53:22.038,0.993,0.9932,0.50,1.20
2007.11.15 02:53:22.222,0.993,0.9932,1.20,1.20
2007.11.15 02:53:22.404,0.993,0.9932,1.20,1.20
2007.11.15 02:53:22.586,0.993,0.9932,1.20,1.20
2007.11.15 02:53:22.768,0.993,0.9932,1.20,1.20
2007.11.15 02:53:23.004,0.993,0.9932,1.20,1.20
2007.11.15 02:53:23.231,0.993,0.9932,1.20,1.20
2007.11.15 02:53:23.459,0.993,0.9932,1.20,0.50
2007.11.15 02:53:23.686,0.993,0.9932,0.50,0.50
2007.11.15 02:53:23.915,0.993,0.9932,0.50,0.50
2007.11.15 02:53:24.108,0.993,0.9932,0.50,0.50
2007.11.15 02:53:24.301,0.993,0.9932,0.50,0.50
2007.11.15 02:53:24.493,0.993,0.9932,0.50,0.50
2007.11.15 02:53:24.686,0.993,0.9932,0.50,0.50
2007.11.15 02:53:24.879,0.993,0.9932,0.50,0.50
2007.11.15 02:53:25.071,0.993,0.9932,0.50,0.50
2007.11.15 02:53:25.370,0.993,0.9932,0.50,2.00
2007.11.15 02:53:25.669,0.993,0.9932,0.50,2.00
2007.11.15 02:53:25.966,0.993,0.9932,0.50,2.00
2007.11.15 02:53:26.155,0.9929,0.9931,0.50,1.20
2007.11.15 02:53:26.343,0.9929,0.9931,0.50,1.20
2007.11.15 02:53:26.531,0.9929,0.9931,0.50,1.20
2007.11.15 02:53:26.719,0.9929,0.9931,0.50,1.20
2007.11.15 02:53:26.741,0.9929,0.9932,0.50,2.50
2007.11.15 02:53:26.906,0.9929,0.9931,0.50,0.90
2007.11.15 02:53:27.094,0.9929,0.9931,0.50,0.70
2007.11.15 02:53:27.312,0.9929,0.9932,0.50,2.50
2007.11.15 02:53:27.530,0.9929,0.9931,0.50,0.60
2007.11.15 02:53:27.748,0.9929,0.9932,1.20,2.50
2007.11.15 02:53:27.966,0.9929,0.9932,1.20,2.50
2007.11.15 02:53:28.214,0.9929,0.9931,1.20,0.50
2007.11.15 02:53:28.455,0.9929,0.9932,1.20,2.50
2007.11.15 02:53:28.698,0.9929,0.9931,1.20,0.50
2007.11.15 02:53:28.941,0.9929,0.9932,1.20,2.50
2007.11.15 02:53:29.159,0.9929,0.9931,1.20,0.50
2007.11.15 02:53:29.377,0.9929,0.9932,1.20,2.50
2007.11.15 02:53:29.594,0.9929,0.9932,1.20,2.50
2007.11.15 02:53:29.812,0.9929,0.9932,1.20,2.50
2007.11.15 02:53:30.035,0.9929,0.9931,1.20,0.50
2007.11.15 02:53:30.323,0.9929,0.9932,1.20,2.50
2007.11.15 02:53:30.615,0.9929,0.9931,1.20,0.50
2007.11.15 02:53:30.915,0.9929,0.9932,1.20,2.50
2007.11.15 02:53:31.208,0.9929,0.9932,1.20,2.50
2007.11.15 02:53:31.333,0.993,0.9932,0.50,0.70
2007.11.15 02:53:31.456,0.993,0.9933,0.50,17.00
2007.11.15 02:53:31.579,0.993,0.9933,0.50,17.00
2007.11.15 02:53:31.702,0.993,0.9933,0.50,17.00
2007.11.15 02:53:31.826,0.993,0.9932,0.50,0.90
2007.11.15 02:53:31.948,0.993,0.9933,0.50,17.00
2007.11.15 02:53:32.071,0.993,0.9932,0.50,0.50
2007.11.15 02:53:32.194,0.993,0.9932,0.50,0.90
2007.11.15 02:53:32.468,0.993,0.9933,0.50,17.00
2007.11.15 02:53:32.730,0.993,0.9932,0.50,0.50
2007.11.15 02:53:32.997,0.9929,0.9932,1.20,1.70
2007.11.15 02:53:33.265,0.993,0.9933,0.50,23.00
2007.11.15 02:53:33.429,0.993,0.9933,0.50,16.20
2007.11.15 02:53:33.591,0.993,0.9932,0.50,0.70
2007.11.15 02:53:33.754,0.993,0.9933,0.50,16.20
2007.11.15 02:53:33.917,0.993,0.9932,0.50,0.90
2007.11.15 02:53:34.079,0.993,0.9933,0.50,16.20
2007.11.15 02:53:34.377,0.993,0.9933,0.50,16.20
2007.11.15 02:53:34.607,0.993,0.9932,0.50,0.80
2007.11.15 02:53:34.835,0.993,0.9932,0.50,0.60
2007.11.15 02:53:35.062,0.993,0.9932,0.50,0.80
2007.11.15 02:53:35.290,0.9929,0.9932,1.20,1.70
2007.11.15 02:53:35.558,0.9929,0.9932,1.20,1.70
2007.11.15 02:53:35.826,0.9929,0.9932,1.20,1.70
2007.11.15 02:53:36.093,0.9929,0.9932,1.20,1.70
2007.11.15 02:53:36.363,0.993,0.9933,0.50,23.00
2007.11.15 02:53:36.560,0.993,0.9933,0.50,16.20
2007.11.15 02:53:36.753,0.993,0.9932,0.50,0.80
2007.11.15 02:53:36.946,0.993,0.9933,0.50,16.20
2007.11.15 02:53:37.144,0.993,0.9932,0.50,0.80
2007.11.15 02:53:37.336,0.993,0.9933,0.50,16.20
2007.11.15 02:53:37.608,0.993,0.9933,0.50,16.20
2007.11.15 02:53:37.881,0.993,0.9932,0.50,0.90
2007.11.15 02:53:38.153,0.993,0.9932,0.50,0.60
2007.11.15 02:53:38.427,0.993,0.9933,0.50,16.20
2007.11.15 02:53:38.534,0.993,0.9933,0.50,16.20
2007.11.15 02:53:38.642,0.993,0.9933,0.50,16.20
2007.11.15 02:53:38.750,0.993,0.9933,0.50,16.20
2007.11.15 02:53:38.857,0.993,0.9932,0.50,0.80
2007.11.15 02:53:38.965,0.993,0.9933,0.50,16.20
2007.11.15 02:53:39.073,0.993,0.9933,0.50,16.20
2007.11.15 02:53:39.180,0.993,0.9933,0.50,16.20
2007.11.15 02:53:39.288,0.9929,0.9931,1.20,0.50
2007.11.15 02:53:39.397,0.9929,0.9931,1.20,0.50
2007.11.15 02:53:39.504,0.9929,0.9931,1.20,0.50
2007.11.15 02:53:39.817,0.9929,0.9932,1.20,1.70
2007.11.15 02:53:40.137,0.9929,0.9932,1.20,1.70
2007.11.15 02:53:40.548,0.9929,0.9933,1.20,8.90
2007.11.15 02:53:40.765,0.9929,0.9932,1.20,0.80
2007.11.15 02:53:40.983,0.9929,0.9933,1.20,8.90
2007.11.15 02:53:41.201,0.9929,0.9933,1.20,8.90
2007.11.15 02:53:41.419,0.9929,0.9933,1.20,8.90
2007.11.15 02:53:41.637,0.9929,0.9933,1.20,8.90
2007.11.15 02:53:41.829,0.9929,0.9933,1.20,8.90
2007.11.15 02:53:42.021,0.9929,0.9933,1.20,8.90
2007.11.15 02:53:42.214,0.9929,0.9932,1.20,0.50
2007.11.15 02:53:42.406,0.9929,0.9933,1.20,8.90
2007.11.15 02:53:42.599,0.9929,0.9932,1.20,0.90
2007.11.15 02:53:42.791,0.9929,0.9933,1.20,8.90
2007.11.15 02:53:42.934,0.9929,0.9932,1.20,0.50
2007.11.15 02:53:43.077,0.9929,0.9933,1.20,8.90
2007.11.15 02:53:43.219,0.9929,0.9932,1.20,0.90
2007.11.15 02:53:43.362,0.9929,0.9933,1.20,8.90
2007.11.15 02:53:43.505,0.9929,0.9932,1.20,0.70
2007.11.15 02:53:43.647,0.9929,0.9932,1.20,0.70
2007.11.15 02:53:43.840,0.9929,0.9933,1.20,8.90
2007.11.15 02:53:44.033,0.9929,0.9933,1.20,8.90
2007.11.15 02:53:44.226,0.9929,0.9933,1.20,4.20
2007.11.15 02:53:44.419,0.9929,0.9933,1.20,4.20
2007.11.15 02:53:44.612,0.9929,0.9932,1.20,0.50
2007.11.15 02:53:44.756,0.9929,0.9933,1.20,4.20
2007.11.15 02:53:44.901,0.9929,0.9932,1.20,0.50
2007.11.15 02:53:45.045,0.9929,0.9933,1.20,4.20
2007.11.15 02:53:45.187,0.9929,0.9933,1.20,4.20
2007.11.15 02:53:45.329,0.9929,0.9933,1.20,4.20
2007.11.15 02:53:45.472,0.9929,0.9932,1.20,0.50
2007.11.15 02:53:45.614,0.9929,0.9933,1.20,4.20
2007.11.15 02:53:45.866,0.9929,0.9933,1.20,4.20
2007.11.15 02:53:46.119,0.9929,0.9932,1.20,0.50
2007.11.15 02:53:46.372,0.9929,0.9932,1.20,1.10
2007.11.15 02:53:46.713,0.9929,0.9932,1.20,1.10
2007.11.15 02:53:46.966,0.9929,0.99325,1.20,0.70
2007.11.15 02:53:47.089,0.9929,0.9932,1.20,0.60
2007.11.15 02:53:47.212,0.9929,0.9932,1.20,0.60
2007.11.15 02:53:47.336,0.9929,0.9933,1.20,15.10
2007.11.15 02:53:47.459,0.9929,0.9932,1.20,0.50
2007.11.15 02:53:47.582,0.9929,0.9933,1.20,9.00
2007.11.15 02:53:47.704,0.9929,0.9933,1.20,9.00
2007.11.15 02:53:47.827,0.9929,0.9933,1.20,9.00
2007.11.15 02:53:48.132,0.9929,0.9933,1.20,9.00
2007.11.15 02:53:48.435,0.9929,0.9932,1.20,0.50
2007.11.15 02:53:48.737,0.9929,0.9932,1.20,1.70
2007.11.15 02:53:49.040,0.9929,0.9932,1.20,1.70
2007.11.15 02:53:49.178,0.9929,0.9932,1.20,1.70
2007.11.15 02:53:49.315,0.9929,0.9931,1.20,0.50
2007.11.15 02:53:49.453,0.9929,0.9932,1.20,1.70
2007.11.15 02:53:49.591,0.9929,0.9931,1.20,0.50
2007.11.15 02:53:49.729,0.9929,0.9932,1.20,1.70
2007.11.15 02:53:49.867,0.9929,0.9932,1.20,1.70
2007.11.15 02:53:50.060,0.9929,0.9931,1.20,0.50
2007.11.15 02:53:50.253,0.9929,0.9931,0.50,0.50
2007.11.15 02:53:50.446,0.9929,0.9931,0.50,0.50
2007.11.15 02:53:50.639,0.9929,0.9931,0.50,0.50
2007.11.15 02:53:50.832,0.9929,0.9932,1.20,1.70
2007.11.15 02:53:51.135,0.9929,0.9932,1.20,1.70
2007.11.15 02:53:51.437,0.9929,0.9932,1.20,1.70
2007.11.15 02:53:51.740,0.9929,0.9932,1.20,1.70
2007.11.15 02:53:52.042,0.9929,0.9931,1.20,0.50
2007.11.15 02:53:52.207,0.993,0.9933,0.50,26.20
2007.11.15 02:53:52.371,0.993,0.9933,0.50,26.20
2007.11.15 02:53:52.542,0.993,0.9933,0.50,21.00
2007.11.15 02:53:52.706,0.993,0.9932,0.50,0.90
2007.11.15 02:53:52.883,0.993,0.9933,0.50,21.00
2007.11.15 02:53:53.132,0.993,0.9933,0.50,20.20
2007.11.15 02:53:53.380,0.9929,0.9932,0.50,2.60
2007.11.15 02:53:53.628,0.9929,0.9931,0.50,0.50
2007.11.15 02:53:53.876,0.9929,0.9932,0.50,2.60
2007.11.15 02:53:54.089,0.9929,0.9931,0.50,0.50
2007.11.15 02:53:54.304,0.9928,0.9931,4.80,1.20
2007.11.15 02:53:54.517,0.9928,0.9931,4.80,1.20
2007.11.15 02:53:54.730,0.9928,0.9931,4.10,1.20
2007.11.15 02:53:54.948,0.9928,0.9931,4.10,1.20
2007.11.15 02:53:55.135,0.9928,0.9931,4.10,1.20
2007.11.15 02:53:55.322,0.9928,0.9931,4.10,1.20
2007.11.15 02:53:55.511,0.9929,0.9931,0.50,1.20
2007.11.15 02:53:55.699,0.9928,0.9931,4.80,1.20
2007.11.15 02:53:55.886,0.9929,0.9931,0.70,1.20
2007.11.15 02:53:56.199,0.9928,0.9931,4.80,1.20
2007.11.15 02:53:56.511,0.9929,0.9931,1.00,1.20
2007.11.15 02:53:56.824,0.9928,0.9931,4.80,0.80
2007.11.15 02:53:57.139,0.9928,0.9931,4.80,0.80
2007.11.15 02:53:57.277,0.9929,0.9932,0.60,0.50
2007.11.15 02:53:57.415,0.9928,0.9932,6.40,1.20
2007.11.15 02:53:57.555,0.9928,0.9932,6.40,1.20
2007.11.15 02:53:57.692,0.9929,0.9932,0.90,1.20
2007.11.15 02:53:57.831,0.9928,0.9932,6.40,1.20
2007.11.15 02:53:57.968,0.9928,0.9932,6.40,1.20
2007.11.15 02:53:58.106,0.9928,0.9932,6.40,1.20
2007.11.15 02:53:58.334,0.9929,0.9932,0.90,1.20
2007.11.15 02:53:58.562,0.9928,0.9932,6.40,1.20
2007.11.15 02:53:58.790,0.9929,0.9932,0.70,1.20
2007.11.15 02:53:59.039,0.9928,0.9932,6.40,1.20
2007.11.15 02:53:59.168,0.9928,0.9932,6.40,1.20
2007.11.15 02:53:59.296,0.9928,0.9932,6.40,1.20
2007.11.15 02:53:59.424,0.9928,0.9932,6.40,1.20
2007.11.15 02:53:59.557,0.9929,0.9932,0.70,1.20
2007.11.15 02:53:59.680,0.9928,0.9932,6.40,1.20
2007.11.15 02:53:59.809,0.9928,0.9932,6.40,1.20
2007.11.15 02:53:59.938,0.9928,0.9931,6.40,0.50
2007.11.15 02:54:00.066,0.9928,0.9931,6.40,0.50
2007.11.15 02:54:00.399,0.9929,0.9931,1.00,0.50
2007.11.15 02:54:00.732,0.9929,0.9931,0.90,0.50
2007.11.15 02:54:01.068,0.9929,0.9931,0.80,0.50
2007.11.15 02:54:01.236,0.9928,0.9931,6.40,0.50
2007.11.15 02:54:01.403,0.9928,0.9931,6.40,0.50
2007.11.15 02:54:01.572,0.9928,0.9931,6.40,0.50
2007.11.15 02:54:01.739,0.9928,0.9931,6.40,0.50
2007.11.15 02:54:01.907,0.9928,0.9931,6.40,0.50
2007.11.15 02:54:02.075,0.9928,0.9931,6.40,0.50
2007.11.15 02:54:02.293,0.9929,0.9931,0.90,0.50
2007.11.15 02:54:02.511,0.9929,0.9931,0.60,0.50
2007.11.15 02:54:02.729,0.9928,0.9931,6.40,0.50
2007.11.15 02:54:02.947,0.9929,0.9931,0.80,1.20
2007.11.15 02:54:03.165,0.9929,0.9931,0.50,1.20
2007.11.15 02:54:03.342,0.9928,0.9931,4.80,1.20
2007.11.15 02:54:03.520,0.9929,0.9931,0.70,1.20
2007.11.15 02:54:03.698,0.9928,0.9931,4.80,1.20
2007.11.15 02:54:03.875,0.9928,0.9931,4.80,1.20
2007.11.15 02:54:04.053,0.9929,0.9931,0.90,1.20
2007.11.15 02:54:04.231,0.9928,0.9931,4.80,1.20
2007.11.15 02:54:04.419,0.9928,0.9931,4.80,1.20
2007.11.15 02:54:04.607,0.9929,0.9931,0.80,1.20
2007.11.15 02:54:04.796,0.9929,0.9931,0.70,1.20
2007.11.15 02:54:04.991,0.9929,0.9931,0.50,1.20
2007.11.15 02:54:05.205,0.9929,0.9931,0.70,1.20
2007.11.15 02:54:05.448,0.9928,0.9931,4.80,1.20
2007.11.15 02:54:05.691,0.9928,0.9931,4.80,1.20
2007.11.15 02:54:05.934,0.9928,0.9931,4.80,1.20
2007.11.15 02:54:06.177,0.9928,0.9931,4.80,1.20
2007.11.15 02:54:06.420,0.9928,0.9931,4.80,1.20
2007.11.15 02:54:06.544,0.9929,0.9931,0.80,1.20
2007.11.15 02:54:06.666,0.9928,0.9931,4.80,1.20
2007.11.15 02:54:06.788,0.9928,0.9931,4.80,1.20
2007.11.15 02:54:06.911,0.9928,0.9931,4.80,1.20
2007.11.15 02:54:07.033,0.9928,0.9931,4.80,1.20
2007.11.15 02:54:07.157,0.9929,0.9931,0.60,1.20
2007.11.15 02:54:07.280,0.9929,0.9931,0.60,1.20
2007.11.15 02:54:07.402,0.9929,0.9931,0.70,1.20
2007.11.15 02:54:07.735,0.9929,0.9931,0.80,1.20
2007.11.15 02:54:08.069,0.9928,0.9931,4.80,1.20
2007.11.15 02:54:08.402,0.9928,0.9931,4.80,1.20
2007.11.15 02:54:08.520,0.9928,0.9931,4.80,1.20
2007.11.15 02:54:08.637,0.9928,0.9931,4.80,1.20
2007.11.15 02:54:08.755,0.9928,0.9931,4.80,1.20
2007.11.15 02:54:08.873,0.9928,0.9931,4.80,1.20
2007.11.15 02:54:08.990,0.9928,0.9931,4.80,1.20
2007.11.15 02:54:09.108,0.9928,0.9931,4.80,1.20
2007.11.15 02:54:09.226,0.9928,0.9931,6.40,0.50
2007.11.15 02:54:09.343,0.9929,0.9931,0.80,0.50
2007.11.15 02:54:09.460,0.9928,0.9931,6.40,0.50
2007.11.15 02:54:09.708,0.9928,0.9931,6.40,0.50
2007.11.15 02:54:09.956,0.9929,0.9932,0.60,1.20
2007.11.15 02:54:10.203,0.9928,0.9932,6.40,1.20
2007.11.15 02:54:10.452,0.9928,0.9931,6.40,0.50
2007.11.15 02:54:10.684,0.9928,0.9931,6.40,0.50
2007.11.15 02:54:10.918,0.9929,0.9931,0.80,0.50
2007.11.15 02:54:11.152,0.9928,0.9931,6.40,0.50
2007.11.15 02:54:11.386,0.9928,0.9931,6.40,0.50
2007.11.15 02:54:11.619,0.9929,0.9931,0.90,1.20
2007.11.15 02:54:11.837,0.9928,0.9931,4.80,1.20
2007.11.15 02:54:12.056,0.9929,0.9931,0.60,1.20
2007.11.15 02:54:12.275,0.9928,0.9931,4.80,1.20
2007.11.15 02:54:12.493,0.9929,0.9931,0.60,1.20
2007.11.15 02:54:12.711,0.9929,0.9931,0.60,1.20
2007.11.15 02:54:12.938,0.9928,0.9931,4.80,1.20
2007.11.15 02:54:13.167,0.9929,0.9931,0.80,1.20
2007.11.15 02:54:13.395,0.9928,0.9931,4.80,1.20
2007.11.15 02:54:13.623,0.9929,0.9931,0.90,1.20
2007.11.15 02:54:13.796,0.9929,0.9931,0.90,1.20
2007.11.15 02:54:13.968,0.9928,0.9931,4.80,1.20
2007.11.15 02:54:14.146,0.9929,0.9931,1.00,1.20
2007.11.15 02:54:14.319,0.9929,0.9931,0.50,1.20
2007.11.15 02:54:14.492,0.9929,0.9931,0.60,1.20
2007.11.15 02:54:14.664,0.9928,0.9931,4.80,1.20
2007.11.15 02:54:14.871,0.9928,0.9931,4.80,1.20
2007.11.15 02:54:15.079,0.9929,0.9931,0.60,1.20
2007.11.15 02:54:15.287,0.9928,0.9931,4.80,0.50
2007.11.15 02:54:15.495,0.9929,0.9932,1.00,1.20
2007.11.15 02:54:15.706,0.9928,0.9932,4.10,1.20
2007.11.15 02:54:15.993,0.9927,0.9932,26.00,1.20
2007.11.15 02:54:16.280,0.9928,0.9932,1.80,1.20
2007.11.15 02:54:16.570,0.99275,0.9932,9.60,1.20
2007.11.15 02:54:16.857,0.99275,0.9932,9.60,1.20
2007.11.15 02:54:17.090,0.99275,0.9932,9.60,1.20
2007.11.15 02:54:17.324,0.9928,0.9932,6.40,1.20
2007.11.15 02:54:17.556,0.9928,0.9932,6.40,1.20
2007.11.15 02:54:17.790,0.9928,0.9931,6.40,0.50
2007.11.15 02:54:17.953,0.9929,0.9931,1.00,0.50
2007.11.15 02:54:18.117,0.9929,0.9931,0.90,0.50
2007.11.15 02:54:18.279,0.9929,0.9931,1.00,0.50
2007.11.15 02:54:18.442,0.9929,0.9931,0.60,0.50
2007.11.15 02:54:18.606,0.9928,0.9931,6.40,0.50
2007.11.15 02:54:18.768,0.9929,0.9931,0.50,0.50
2007.11.15 02:54:18.932,0.9929,0.9931,0.70,0.50
2007.11.15 02:54:19.174,0.9928,0.9931,6.40,0.50
2007.11.15 02:54:19.417,0.9929,0.9931,0.50,0.50
2007.11.15 02:54:19.660,0.9928,0.9931,6.40,0.50
2007.11.15 02:54:19.903,0.9929,0.9931,0.90,0.50
2007.11.15 02:54:20.056,0.9928,0.9931,6.40,0.50
2007.11.15 02:54:20.209,0.9928,0.9931,6.40,0.50
2007.11.15 02:54:20.363,0.9928,0.9931,6.40,0.50
2007.11.15 02:54:20.515,0.9928,0.9931,6.40,0.50
2007.11.15 02:54:20.667,0.9928,0.9931,6.40,0.50
2007.11.15 02:54:20.821,0.9928,0.9931,6.40,0.50
2007.11.15 02:54:21.088,0.9928,0.9931,6.40,0.50
2007.11.15 02:54:21.356,0.9929,0.9931,1.00,0.50
2007.11.15 02:54:21.623,0.9929,0.9931,0.70,0.50
2007.11.15 02:54:21.896,0.9929,0.9931,0.90,0.50
2007.11.15 02:54:22.014,0.9928,0.9931,6.40,0.50
2007.11.15 02:54:22.131,0.9929,0.9931,1.20,0.50
2007.11.15 02:54:22.251,0.9929,0.9931,1.20,0.50
2007.11.15 02:54:22.369,0.9929,0.9931,1.20,0.50
2007.11.15 02:54:22.492,0.9929,0.9931,1.20,0.50
2007.11.15 02:54:22.609,0.9929,0.9931,1.20,0.50
2007.11.15 02:54:22.727,0.9929,0.9931,1.20,0.50
2007.11.15 02:54:22.845,0.9929,0.9931,1.20,0.50
2007.11.15 02:54:22.962,0.9929,0.9931,1.20,0.50
2007.11.15 02:54:23.173,0.9929,0.9931,1.20,0.50
2007.11.15 02:54:23.376,0.9929,0.9931,1.20,0.50
2007.11.15 02:54:23.692,0.9929,0.9931,1.20,0.50
2007.11.15 02:54:23.895,0.9929,0.9931,1.20,0.50
2007.11.15 02:54:24.098,0.9929,0.9931,1.20,0.50
2007.11.15 02:54:24.252,0.9929,0.9931,1.20,0.50
2007.11.15 02:54:24.404,0.9929,0.9931,1.20,0.50
2007.11.15 02:54:24.558,0.9929,0.9931,1.20,0.50
2007.11.15 02:54:24.712,0.9929,0.9931,1.20,0.50
2007.11.15 02:54:24.865,0.9929,0.9931,1.20,0.50
2007.11.15 02:54:25.018,0.9929,0.9931,1.20,0.50
2007.11.15 02:54:25.171,0.9929,0.9931,1.20,0.50
2007.11.15 02:54:25.355,0.9929,0.9931,1.20,0.50
2007.11.15 02:54:25.538,0.9929,0.9931,1.20,0.50
2007.11.15 02:54:25.721,0.9929,0.9931,1.20,0.50
2007.11.15 02:54:25.903,0.9929,0.9931,1.20,0.50
2007.11.15 02:54:26.085,0.9929,0.9931,1.20,0.50
2007.11.15 02:54:26.269,0.9929,0.9931,1.20,0.50
2007.11.15 02:54:26.508,0.9929,0.9931,1.20,0.50
2007.11.15 02:54:26.746,0.9929,0.9931,1.20,0.50
2007.11.15 02:54:26.984,0.9929,0.9931,1.20,0.50
2007.11.15 02:54:27.222,0.9929,0.9931,1.20,0.50
2007.11.15 02:54:27.325,0.9929,0.9931,1.20,0.50
2007.11.15 02:54:27.427,0.9929,0.9931,1.20,0.50
2007.11.15 02:54:27.531,0.9929,0.9931,1.20,0.50
2007.11.15 02:54:27.633,0.9929,0.9931,1.20,0.50
2007.11.15 02:54:27.736,0.9929,0.9931,1.20,0.50
2007.11.15 02:54:27.838,0.9929,0.9931,1.20,0.50
2007.11.15 02:54:27.940,0.9929,0.9931,1.20,0.50
2007.11.15 02:54:28.043,0.9929,0.9931,1.20,0.50
2007.11.15 02:54:28.145,0.9929,0.9931,1.20,0.50
2007.11.15 02:54:28.248,0.9929,0.9931,1.20,0.50
2007.11.15 02:54:28.510,0.9929,0.9931,1.20,0.50
2007.11.15 02:54:28.774,0.9929,0.9931,1.20,0.50
2007.11.15 02:54:29.036,0.9929,0.9931,1.20,0.50
2007.11.15 02:54:29.299,0.9929,0.9931,1.20,0.50
2007.11.15 02:54:29.443,0.9929,0.9931,1.20,0.50
2007.11.15 02:54:29.586,0.9929,0.9931,1.20,0.50
2007.11.15 02:54:29.845,0.9929,0.9931,1.20,0.50
2007.11.15 02:54:29.987,0.9929,0.9931,1.20,0.50
2007.11.15 02:54:30.132,0.9929,0.9931,1.20,0.50
2007.11.15 02:54:30.275,0.9929,0.9931,1.20,0.50
2007.11.15 02:54:30.417,0.9929,0.9931,1.20,0.50
2007.11.15 02:54:30.721,0.993,0.9931,0.80,0.50
2007.11.15 02:54:31.024,0.993,0.9932,1.20,1.20
2007.11.15 02:54:31.328,0.993,0.9932,1.20,1.20
2007.11.15 02:54:31.631,0.993,0.9932,1.20,1.20
2007.11.15 02:54:31.793,0.993,0.9932,1.20,1.20
2007.11.15 02:54:31.956,0.993,0.9932,1.20,1.20
2007.11.15 02:54:32.120,0.993,0.9932,1.20,1.20
2007.11.15 02:54:32.284,0.9929,0.9932,1.20,0.50
2007.11.15 02:54:32.454,0.9929,0.9932,1.20,0.50
2007.11.15 02:54:32.615,0.9929,0.9932,1.20,0.50
2007.11.15 02:54:32.838,0.9929,0.9932,1.20,0.50
2007.11.15 02:54:33.060,0.9929,0.9932,1.20,0.50
2007.11.15 02:54:33.282,0.9929,0.9932,1.20,0.50
2007.11.15 02:54:33.506,0.9929,0.9932,1.20,0.50
2007.11.15 02:54:33.729,0.9929,0.9932,1.20,0.50
2007.11.15 02:54:33.861,0.9929,0.9932,1.20,0.50
2007.11.15 02:54:33.994,0.9929,0.9932,1.20,0.50
2007.11.15 02:54:34.126,0.9929,0.9932,1.20,0.50
2007.11.15 02:54:34.260,0.9929,0.9932,1.20,0.50
2007.11.15 02:54:34.392,0.9929,0.9932,1.20,0.50
2007.11.15 02:54:34.526,0.9929,0.9932,1.20,0.50
2007.11.15 02:54:34.658,0.9929,0.9932,1.20,0.50
2007.11.15 02:54:34.790,0.9929,0.9932,1.20,0.50
2007.11.15 02:54:35.018,0.9929,0.9932,1.20,0.50
2007.11.15 02:54:35.245,0.9929,0.9932,1.20,0.50
2007.11.15 02:54:35.473,0.9929,0.9932,1.20,0.50
2007.11.15 02:54:35.701,0.9929,0.9932,1.20,0.50
2007.11.15 02:54:36.003,0.9929,0.9932,1.20,0.50
2007.11.15 02:54:36.226,0.9929,0.9932,1.20,0.50
2007.11.15 02:54:36.449,0.9929,0.9932,1.20,0.50
2007.11.15 02:54:36.673,0.9929,0.9932,1.20,0.50
2007.11.15 02:54:36.902,0.9929,0.9932,1.20,0.50
2007.11.15 02:54:37.006,0.9929,0.9932,1.20,0.50
2007.11.15 02:54:37.109,0.9929,0.9932,1.20,0.50
2007.11.15 02:54:37.213,0.993,0.9932,0.80,0.50
2007.11.15 02:54:37.323,0.993,0.9932,1.20,1.20
2007.11.15 02:54:37.425,0.993,0.9932,1.20,1.20
2007.11.15 02:54:37.530,0.993,0.9932,1.20,1.20
2007.11.15 02:54:37.640,0.993,0.9932,1.20,1.20
2007.11.15 02:54:37.737,0.9929,0.9932,1.20,1.20
2007.11.15 02:54:37.841,0.9929,0.9932,1.20,1.20
2007.11.15 02:54:37.946,0.9929,0.9932,1.20,1.20
2007.11.15 02:54:38.280,0.9929,0.9931,1.20,0.50
2007.11.15 02:54:38.613,0.9929,0.9931,1.20,0.50
2007.11.15 02:54:38.947,0.9929,0.9931,1.20,0.50
2007.11.15 02:54:39.075,0.9929,0.9931,1.20,0.50
2007.11.15 02:54:39.120,0.9928,0.9931,6.40,0.50
2007.11.15 02:54:39.210,0.9929,0.9931,1.00,0.50
2007.11.15 02:54:39.338,0.9928,0.9932,4.80,1.20
2007.11.15 02:54:39.465,0.9929,0.9932,0.90,1.20
2007.11.15 02:54:39.593,0.9929,0.9932,0.50,1.20
2007.11.15 02:54:39.721,0.9929,0.9932,0.70,1.20
2007.11.15 02:54:39.848,0.9929,0.9932,0.60,1.20
2007.11.15 02:54:39.976,0.9928,0.9932,4.80,1.20
2007.11.15 02:54:40.274,0.9928,0.9932,4.80,1.20
2007.11.15 02:54:40.572,0.9928,0.9932,4.80,1.20
2007.11.15 02:54:40.870,0.9929,0.9932,1.00,1.20
2007.11.15 02:54:41.167,0.9928,0.9932,4.80,1.20
2007.11.15 02:54:41.385,0.9928,0.9932,4.80,1.20
2007.11.15 02:54:41.602,0.9928,0.9932,4.80,1.20
2007.11.15 02:54:41.820,0.9928,0.9932,4.80,1.20
2007.11.15 02:54:42.169,0.9928,0.9932,4.80,1.20
2007.11.15 02:54:42.322,0.9928,0.9932,4.80,1.20
2007.11.15 02:54:42.475,0.9929,0.9932,0.50,1.20
2007.11.15 02:54:42.632,0.9928,0.9932,4.80,1.20
2007.11.15 02:54:42.779,0.9929,0.9932,0.70,1.20
2007.11.15 02:54:42.932,0.9928,0.9932,4.80,1.20
2007.11.15 02:54:43.084,0.9928,0.9932,4.80,1.20
2007.11.15 02:54:43.312,0.9928,0.9932,4.80,1.20
2007.11.15 02:54:43.539,0.9929,0.9932,0.60,1.20
2007.11.15 02:54:43.768,0.9928,0.9932,4.80,1.20
2007.11.15 02:54:43.995,0.9929,0.9932,0.80,1.20
2007.11.15 02:54:44.223,0.9929,0.9932,0.90,1.20
2007.11.15 02:54:44.391,0.9928,0.9932,4.80,1.20
2007.11.15 02:54:44.559,0.9929,0.9932,0.60,1.20
2007.11.15 02:54:44.727,0.9929,0.9932,0.60,1.20
2007.11.15 02:54:44.895,0.9928,0.9932,4.80,1.20
2007.11.15 02:54:45.062,0.9928,0.9932,4.80,1.20
2007.11.15 02:54:45.224,0.9929,0.9932,0.60,1.20
2007.11.15 02:54:45.371,0.9929,0.9932,0.80,1.20
2007.11.15 02:54:45.518,0.9928,0.9932,4.80,1.20
2007.11.15 02:54:45.665,0.9929,0.9932,0.50,1.20
2007.11.15 02:54:45.813,0.9928,0.9932,4.80,1.20
2007.11.15 02:54:45.961,0.9929,0.9932,0.80,1.20
2007.11.15 02:54:46.109,0.9929,0.9932,0.60,1.20
2007.11.15 02:54:46.402,0.9928,0.9932,4.80,1.20
2007.11.15 02:54:46.695,0.9928,0.9932,4.80,1.20
2007.11.15 02:54:46.988,0.9929,0.9932,0.80,1.20
2007.11.15 02:54:47.281,0.9928,0.9932,4.80,1.20
2007.11.15 02:54:47.444,0.9929,0.9932,0.80,1.20
2007.11.15 02:54:47.610,0.9928,0.9932,4.80,1.20
2007.11.15 02:54:47.773,0.9929,0.9932,0.60,1.20
2007.11.15 02:54:47.937,0.9928,0.9932,4.80,1.20
2007.11.15 02:54:48.099,0.9929,0.9932,0.90,1.20
2007.11.15 02:54:48.336,0.9929,0.9932,1.00,1.20
2007.11.15 02:54:48.510,0.9928,0.9932,4.80,1.20
2007.11.15 02:54:48.683,0.9928,0.9932,4.80,1.20
2007.11.15 02:54:48.856,0.9928,0.9932,4.80,1.20
2007.11.15 02:54:49.033,0.9928,0.9932,4.80,1.20
2007.11.15 02:54:49.206,0.9929,0.9932,2.40,1.20
2007.11.15 02:54:49.380,0.993,0.9932,0.80,0.50
2007.11.15 02:54:49.552,0.9929,0.9932,2.40,0.50
2007.11.15 02:54:49.724,0.9929,0.9932,2.40,0.50
2007.11.15 02:54:49.897,0.9929,0.9932,2.40,0.50
2007.11.15 02:54:50.076,0.9929,0.9932,2.40,0.50
2007.11.15 02:54:50.258,0.9929,0.9932,2.40,0.50
2007.11.15 02:54:50.480,0.9929,0.9932,2.40,0.50
2007.11.15 02:54:50.702,0.993,0.9932,0.50,0.50
2007.11.15 02:54:50.926,0.9928,0.9932,21.60,0.50
2007.11.15 02:54:51.148,0.9929,0.9932,0.90,0.50
2007.11.15 02:54:51.371,0.9929,0.9932,0.70,0.50
2007.11.15 02:54:51.689,0.9928,0.9932,21.60,0.50
2007.11.15 02:54:52.008,0.9929,0.9932,0.90,0.50
2007.11.15 02:54:52.325,0.9928,0.9932,21.60,0.50
2007.11.15 02:54:52.443,0.9928,0.9932,21.60,0.50
2007.11.15 02:54:52.561,0.9929,0.9932,0.70,0.50
2007.11.15 02:54:52.678,0.9928,0.9932,21.60,0.50
2007.11.15 02:54:52.796,0.9928,0.9932,21.60,0.50
2007.11.15 02:54:52.914,0.9929,0.9932,0.90,0.50
2007.11.15 02:54:53.032,0.9928,0.9932,21.60,0.50
2007.11.15 02:54:53.150,0.9929,0.9932,2.00,0.50
2007.11.15 02:54:53.269,0.993,0.9932,0.50,0.50
2007.11.15 02:54:53.387,0.9929,0.9932,2.40,0.50
2007.11.15 02:54:53.644,0.9929,0.9932,2.40,0.50
2007.11.15 02:54:53.907,0.993,0.9932,0.80,0.50
2007.11.15 02:54:54.166,0.9929,0.9932,2.40,0.50
2007.11.15 02:54:54.493,0.9929,0.9932,2.40,0.50
2007.11.15 02:54:54.631,0.9929,0.9932,2.40,0.50
2007.11.15 02:54:54.769,0.993,0.9932,0.70,0.50
2007.11.15 02:54:54.907,0.9929,0.9932,2.40,0.50
2007.11.15 02:54:55.045,0.9929,0.9932,2.40,0.50
2007.11.15 02:54:55.190,0.993,0.9932,0.80,0.50
2007.11.15 02:54:55.327,0.9929,0.9932,3.10,0.50
2007.11.15 02:54:55.466,0.9928,0.9932,10.40,0.50
2007.11.15 02:54:55.603,0.9929,0.9932,0.60,0.50
2007.11.15 02:54:55.936,0.9928,0.9932,10.40,0.50
2007.11.15 02:54:56.269,0.9928,0.9932,10.40,0.50
2007.11.15 02:54:56.602,0.9929,0.9932,0.60,0.50
2007.11.15 02:54:56.765,0.9928,0.9932,10.40,0.50
2007.11.15 02:54:56.928,0.9928,0.9932,10.40,0.50
2007.11.15 02:54:57.091,0.9928,0.9932,10.40,0.50
2007.11.15 02:54:57.253,0.9928,0.9932,10.40,0.50
2007.11.15 02:54:57.417,0.9928,0.9932,10.40,0.50
2007.11.15 02:54:57.581,0.9928,0.9932,10.40,0.50
2007.11.15 02:54:57.743,0.9928,0.9932,10.40,0.50
2007.11.15 02:54:57.951,0.9928,0.9932,10.40,0.50
2007.11.15 02:54:58.149,0.9928,0.9932,10.40,0.50
2007.11.15 02:54:58.351,0.9929,0.9932,0.80,0.50
2007.11.15 02:54:58.554,0.9928,0.9932,17.20,0.50
2007.11.15 02:54:58.756,0.9929,0.9932,0.90,0.50
2007.11.15 02:54:59.000,0.9929,0.9932,1.00,0.50
2007.11.15 02:54:59.245,0.9929,0.9931,1.00,0.50
2007.11.15 02:54:59.487,0.9928,0.9931,17.20,0.50
2007.11.15 02:54:59.729,0.9928,0.9931,10.40,0.50
2007.11.15 02:54:59.907,0.9928,0.9931,10.40,0.50
2007.11.15 02:55:00.084,0.9928,0.9931,10.40,0.50
2007.11.15 02:55:00.262,0.9929,0.9931,1.00,0.50
2007.11.15 02:55:00.441,0.9928,0.9931,10.40,0.50
2007.11.15 02:55:00.653,0.9928,0.9931,10.40,0.50
2007.11.15 02:55:00.831,0.9929,0.9931,1.00,0.50
2007.11.15 02:55:01.130,0.9928,0.9931,10.40,0.50
2007.11.15 02:55:01.428,0.9928,0.9932,17.20,1.20
2007.11.15 02:55:01.727,0.9929,0.9932,0.70,0.50
2007.11.15 02:55:02.025,0.9929,0.9932,0.60,0.50
2007.11.15 02:55:02.177,0.9928,0.9932,17.20,0.50
2007.11.15 02:55:02.330,0.9928,0.9932,17.20,0.50
2007.11.15 02:55:02.482,0.9929,0.9932,0.90,0.50
2007.11.15 02:55:02.635,0.9928,0.9932,17.20,0.50
2007.11.15 02:55:02.788,0.9928,0.9932,17.20,0.50
2007.11.15 02:55:02.941,0.9928,0.9932,17.20,0.50
2007.11.15 02:55:03.124,0.9928,0.9932,17.20,0.50
2007.11.15 02:55:03.306,0.9928,0.9932,17.20,0.50
2007.11.15 02:55:03.488,0.9928,0.9932,17.20,0.50
2007.11.15 02:55:03.671,0.9928,0.9932,17.20,0.50
2007.11.15 02:55:03.856,0.9929,0.9932,0.50,0.50
2007.11.15 02:55:04.015,0.9928,0.9932,17.20,0.50
2007.11.15 02:55:04.167,0.9928,0.9932,17.20,0.50
2007.11.15 02:55:04.320,0.9928,0.9932,17.20,0.50
2007.11.15 02:55:04.479,0.9929,0.9932,1.80,0.50
2007.11.15 02:55:04.630,0.9928,0.9932,17.20,0.50
2007.11.15 02:55:04.783,0.9928,0.9932,17.20,0.50
2007.11.15 02:55:04.935,0.9928,0.9932,17.20,0.50
2007.11.15 02:55:05.193,0.9929,0.9932,1.30,0.50
2007.11.15 02:55:05.452,0.9929,0.9932,0.90,0.50
2007.11.15 02:55:05.713,0.9929,0.9932,1.30,0.50
2007.11.15 02:55:05.972,0.9928,0.9932,17.20,0.50
2007.11.15 02:55:06.180,0.9929,0.9932,1.80,0.50
2007.11.15 02:55:06.388,0.9928,0.9932,17.20,0.50
2007.11.15 02:55:06.596,0.9928,0.9932,17.20,0.50
2007.11.15 02:55:06.809,0.9928,0.9932,17.20,0.50
2007.11.15 02:55:07.018,0.9929,0.9932,0.90,0.50
2007.11.15 02:55:07.166,0.9929,0.9932,0.60,0.50
2007.11.15 02:55:07.314,0.9929,0.9932,1.70,0.50
2007.11.15 02:55:07.462,0.9928,0.9932,17.20,0.50
2007.11.15 02:55:07.611,0.9928,0.9932,17.20,0.50
2007.11.15 02:55:07.759,0.9929,0.9932,1.30,0.50
2007.11.15 02:55:07.907,0.9929,0.9932,2.80,0.50
2007.11.15 02:55:08.054,0.9929,0.9932,2.80,0.50
2007.11.15 02:55:08.307,0.9929,0.9932,2.80,0.50
2007.11.15 02:55:08.565,0.9929,0.9932,2.80,0.50
2007.11.15 02:55:08.812,0.9929,0.9932,2.80,0.50
2007.11.15 02:55:09.064,0.9929,0.9932,2.80,0.50
2007.11.15 02:55:09.223,0.993,0.9932,0.80,0.50
2007.11.15 02:55:09.380,0.993,0.9932,1.20,0.50
2007.11.15 02:55:09.542,0.993,0.9932,1.20,0.50
2007.11.15 02:55:09.699,0.993,0.9932,1.20,0.50
2007.11.15 02:55:09.856,0.993,0.9932,1.20,0.50
2007.11.15 02:55:10.014,0.993,0.9932,1.20,0.50
2007.11.15 02:55:10.171,0.993,0.9932,1.20,0.50
2007.11.15 02:55:10.468,0.993,0.9932,1.20,0.50
2007.11.15 02:55:10.766,0.993,0.9932,1.20,0.50
2007.11.15 02:55:11.064,0.993,0.9932,1.20,0.50
2007.11.15 02:55:11.361,0.993,0.9932,1.20,0.50
2007.11.15 02:55:11.635,0.993,0.9932,1.20,0.50
2007.11.15 02:55:11.908,0.993,0.9932,1.20,0.50
2007.11.15 02:55:12.181,0.993,0.9933,1.20,0.80
2007.11.15 02:55:12.304,0.993,0.9933,1.20,0.80
2007.11.15 02:55:12.427,0.993,0.9933,1.20,0.80
2007.11.15 02:55:12.550,0.993,0.9933,1.20,0.80
2007.11.15 02:55:12.674,0.993,0.9933,1.20,0.80
2007.11.15 02:55:12.797,0.993,0.9933,1.20,0.80
2007.11.15 02:55:12.979,0.993,0.9933,1.20,0.80
2007.11.15 02:55:13.101,0.993,0.9933,1.20,0.80
2007.11.15 02:55:13.225,0.993,0.9933,1.20,0.80
2007.11.15 02:55:13.452,0.993,0.9933,1.20,0.80
2007.11.15 02:55:13.687,0.993,0.9933,1.20,0.80
2007.11.15 02:55:13.907,0.993,0.9933,1.20,0.80
2007.11.15 02:55:14.135,0.993,0.9933,1.20,0.80
2007.11.15 02:55:14.363,0.993,0.9933,1.20,0.80
2007.11.15 02:55:14.501,0.993,0.9933,1.20,0.80
2007.11.15 02:55:14.639,0.993,0.9933,1.20,0.80
2007.11.15 02:55:14.777,0.993,0.9933,1.20,0.80
2007.11.15 02:55:14.914,0.993,0.9933,1.20,0.80
2007.11.15 02:55:15.052,0.993,0.9933,1.20,0.80
2007.11.15 02:55:15.190,0.993,0.9933,1.20,0.80
2007.11.15 02:55:15.328,0.993,0.9933,1.20,0.80
2007.11.15 02:55:15.536,0.993,0.9933,1.20,0.80
2007.11.15 02:55:15.744,0.993,0.9933,1.20,0.80
2007.11.15 02:55:15.953,0.993,0.9934,1.20,1.60
2007.11.15 02:55:16.161,0.993,0.9934,2.80,1.60
2007.11.15 02:55:16.368,0.993,0.9934,2.80,1.60
2007.11.15 02:55:16.700,0.993,0.9934,2.80,1.60
2007.11.15 02:55:17.033,0.993,0.9934,1.20,1.60
2007.11.15 02:55:17.373,0.993,0.9934,8.00,0.80
2007.11.15 02:55:17.546,0.993,0.9934,8.00,0.80
2007.11.15 02:55:17.720,0.993,0.9934,8.00,0.80
2007.11.15 02:55:17.893,0.993,0.9934,8.00,0.80
2007.11.15 02:55:18.065,0.993,0.9934,8.00,0.80
2007.11.15 02:55:18.239,0.993,0.9934,8.00,0.80
2007.11.15 02:55:18.411,0.993,0.9934,8.00,0.80
2007.11.15 02:55:18.618,0.993,0.9934,8.00,0.80
2007.11.15 02:55:18.825,0.993,0.9934,8.00,0.80
2007.11.15 02:55:19.146,0.993,0.9934,9.60,0.80
2007.11.15 02:55:19.354,0.993,0.9934,9.60,0.80
2007.11.15 02:55:19.562,0.993,0.9934,9.60,0.80
2007.11.15 02:55:19.765,0.993,0.9934,9.60,0.80
2007.11.15 02:55:19.969,0.993,0.9934,8.00,0.80
2007.11.15 02:55:20.172,0.993,0.9934,8.00,0.80
2007.11.15 02:55:20.374,0.993,0.9934,8.00,0.80
2007.11.15 02:55:20.577,0.993,0.9934,8.00,0.80
2007.11.15 02:55:20.804,0.993,0.9934,8.00,0.80
2007.11.15 02:55:21.032,0.993,0.9934,8.00,0.80
2007.11.15 02:55:21.259,0.993,0.9934,8.00,0.80
2007.11.15 02:55:21.486,0.993,0.9934,8.00,0.80
2007.11.15 02:55:21.700,0.993,0.9934,8.00,0.80
2007.11.15 02:55:21.912,0.993,0.9934,8.00,0.80
2007.11.15 02:55:22.125,0.993,0.9935,8.00,4.40
2007.11.15 02:55:22.338,0.993,0.9935,8.00,4.40
2007.11.15 02:55:22.552,0.993,0.9935,8.00,4.40
2007.11.15 02:55:22.674,0.993,0.9935,8.00,4.40
2007.11.15 02:55:22.796,0.993,0.9935,8.00,4.40
2007.11.15 02:55:22.919,0.993,0.9935,8.00,4.40
2007.11.15 02:55:23.042,0.993,0.9935,8.00,4.40
2007.11.15 02:55:23.164,0.993,0.9935,8.00,4.40
2007.11.15 02:55:23.288,0.993,0.9935,18.40,4.40
2007.11.15 02:55:23.410,0.993,0.9935,18.40,4.40
2007.11.15 02:55:23.532,0.993,0.9935,18.40,4.40
2007.11.15 02:55:23.656,0.993,0.9935,22.40,4.40
2007.11.15 02:55:23.974,0.993,0.9935,22.40,4.40
2007.11.15 02:55:24.291,0.993,0.9935,22.40,4.40
2007.11.15 02:55:24.610,0.993,0.9935,22.40,4.40
2007.11.15 02:55:24.752,0.993,0.9935,22.40,4.40
2007.11.15 02:55:24.894,0.993,0.9935,22.40,4.40
2007.11.15 02:55:25.039,0.993,0.9935,22.40,4.40
2007.11.15 02:55:25.309,0.993,0.9935,22.40,4.40
2007.11.15 02:55:25.453,0.993,0.9935,12.00,4.40
2007.11.15 02:55:25.598,0.993,0.9935,8.00,4.40
2007.11.15 02:55:25.888,0.993,0.9935,12.00,4.40
2007.11.15 02:55:26.178,0.993,0.9935,12.00,4.40
2007.11.15 02:55:26.465,0.993,0.9935,20.80,4.40
2007.11.15 02:55:26.755,0.993,0.9935,24.80,4.40
2007.11.15 02:55:26.974,0.993,0.9935,26.40,4.40
2007.11.15 02:55:27.181,0.993,0.9935,26.40,4.40
2007.11.15 02:55:27.394,0.99305,0.9935,6.80,2.00
2007.11.15 02:55:27.607,0.99305,0.9935,6.80,2.00
2007.11.15 02:55:27.880,0.99305,0.9935,6.80,2.00
2007.11.15 02:55:28.152,0.99305,0.9935,6.80,2.00
2007.11.15 02:55:28.425,0.993,0.9935,28.80,2.00
2007.11.15 02:55:28.705,0.993,0.9935,24.80,2.00
2007.11.15 02:55:28.936,0.993,0.9935,24.80,2.00
2007.11.15 02:55:29.174,0.993,0.9935,24.80,2.00
2007.11.15 02:55:29.412,0.993,0.9935,24.80,2.00
2007.11.15 02:55:29.655,0.993,0.9935,24.80,2.00
2007.11.15 02:55:29.892,0.993,0.9935,24.80,2.00
2007.11.15 02:55:30.130,0.993,0.9935,24.80,2.00
2007.11.15 02:55:30.368,0.993,0.9935,24.80,2.00
2007.11.15 02:55:30.606,0.993,0.9935,24.80,2.00
2007.11.15 02:55:30.844,0.993,0.9935,24.80,2.00
2007.11.15 02:55:31.122,0.993,0.9935,24.80,2.00
2007.11.15 02:55:31.478,0.993,0.9935,24.80,2.00
2007.11.15 02:55:31.757,0.993,0.9935,24.80,2.00
2007.11.15 02:55:31.869,0.993,0.9935,24.80,2.00
2007.11.15 02:55:31.982,0.993,0.9935,24.80,2.00
2007.11.15 02:55:32.095,0.993,0.9935,24.80,2.00
2007.11.15 02:55:32.208,0.993,0.9935,24.80,2.00
2007.11.15 02:55:32.321,0.993,0.9935,24.80,2.00
2007.11.15 02:55:32.434,0.993,0.9935,24.80,2.00
2007.11.15 02:55:32.547,0.993,0.9935,24.80,2.00
2007.11.15 02:55:32.661,0.99305,0.9935,6.80,2.00
2007.11.15 02:55:32.774,0.99305,0.9935,6.80,2.00
2007.11.15 02:55:33.072,0.99305,0.9935,6.80,2.00
2007.11.15 02:55:33.369,0.99305,0.9935,6.80,2.00
2007.11.15 02:55:33.667,0.99305,0.9935,6.80,2.00
2007.11.15 02:55:33.965,0.99305,0.9935,6.80,2.00
2007.11.15 02:55:34.142,0.99305,0.9935,6.80,2.00
2007.11.15 02:55:34.319,0.99305,0.9935,6.80,2.00
2007.11.15 02:55:34.498,0.99305,0.9935,6.80,2.00
2007.11.15 02:55:34.675,0.99305,0.9935,6.80,2.00
2007.11.15 02:55:34.858,0.99305,0.9935,6.80,2.00
2007.11.15 02:55:35.045,0.99305,0.9935,6.80,2.00
2007.11.15 02:55:35.233,0.993,0.9935,28.80,2.00
2007.11.15 02:55:35.422,0.993,0.9935,28.80,2.00
2007.11.15 02:55:35.611,0.993,0.9935,28.80,2.00
2007.11.15 02:55:35.798,0.993,0.9935,28.80,2.00
2007.11.15 02:55:36.111,0.993,0.9935,28.80,2.00
2007.11.15 02:55:36.425,0.99305,0.9935,6.80,2.00
2007.11.15 02:55:36.737,0.9931,0.9935,1.20,2.00
2007.11.15 02:55:37.051,0.9931,0.9935,1.20,2.00
2007.11.15 02:55:37.258,0.9931,0.9935,1.20,2.00
2007.11.15 02:55:37.468,0.9931,0.9935,1.20,2.80
2007.11.15 02:55:37.676,0.9931,0.9935,1.20,2.80
2007.11.15 02:55:37.885,0.9931,0.9935,1.20,2.80
2007.11.15 02:55:38.099,0.9931,0.9935,1.20,2.80
2007.11.15 02:55:38.300,0.9931,0.9935,1.20,2.80
2007.11.15 02:55:38.508,0.9931,0.9935,1.20,2.80
2007.11.15 02:55:38.716,0.9931,0.9935,1.20,2.80
2007.11.15 02:55:38.925,0.9931,0.9935,1.20,2.00
2007.11.15 02:55:39.137,0.9931,0.9935,1.20,2.00
2007.11.15 02:55:39.350,0.9931,0.9935,1.20,2.00
2007.11.15 02:55:39.563,0.9931,0.9935,1.20,2.00
2007.11.15 02:55:39.775,0.9931,0.9935,1.20,2.00
2007.11.15 02:55:39.989,0.9931,0.9935,1.20,2.00
2007.11.15 02:55:40.151,0.9931,0.9935,1.20,2.00
2007.11.15 02:55:40.314,0.9931,0.9935,1.20,2.00
2007.11.15 02:55:40.477,0.9931,0.9935,1.20,2.00
2007.11.15 02:55:40.639,0.9931,0.9935,1.20,2.00
2007.11.15 02:55:40.802,0.9931,0.9935,1.20,2.00
2007.11.15 02:55:40.871,0.9931,0.9935,1.20,0.80
2007.11.15 02:55:40.965,0.9931,0.9935,1.20,2.00
2007.11.15 02:55:41.228,0.9931,0.9935,1.20,2.00
2007.11.15 02:55:41.490,0.9931,0.9935,1.20,2.00
2007.11.15 02:55:41.752,0.9931,0.9935,1.20,2.00
2007.11.15 02:55:42.020,0.9931,0.9935,1.20,2.00
2007.11.15 02:55:42.147,0.9931,0.9935,1.20,2.00
2007.11.15 02:55:42.275,0.9931,0.9935,1.20,2.00
2007.11.15 02:55:42.405,0.9931,0.9935,1.20,2.00
2007.11.15 02:55:42.532,0.9931,0.9935,1.20,2.00
2007.11.15 02:55:42.660,0.9931,0.9935,1.20,2.00
2007.11.15 02:55:42.789,0.9931,0.9935,1.20,2.00
2007.11.15 02:55:42.917,0.9931,0.9935,1.20,2.00
2007.11.15 02:55:43.044,0.9931,0.9935,1.20,2.00
2007.11.15 02:55:43.308,0.9931,0.9935,1.20,2.00
2007.11.15 02:55:43.570,0.9931,0.9935,1.20,2.00
2007.11.15 02:55:43.832,0.9931,0.9935,1.20,2.00
2007.11.15 02:55:44.096,0.9931,0.9935,1.20,2.00
2007.11.15 02:55:44.208,0.9931,0.9935,1.20,2.00
2007.11.15 02:55:44.321,0.9931,0.9935,1.20,2.00
2007.11.15 02:55:44.434,0.9931,0.9935,1.20,2.00
2007.11.15 02:55:44.547,0.9931,0.9935,1.20,2.00
2007.11.15 02:55:44.659,0.9931,0.9935,1.20,2.00
2007.11.15 02:55:44.772,0.9931,0.9935,1.20,2.00
2007.11.15 02:55:44.887,0.9931,0.9935,1.20,2.00
2007.11.15 02:55:44.999,0.9931,0.9935,1.20,2.00
2007.11.15 02:55:45.112,0.9931,0.9935,1.20,2.00
2007.11.15 02:55:45.375,0.9931,0.9935,1.20,2.00
2007.11.15 02:55:45.638,0.9931,0.9935,1.20,2.00
2007.11.15 02:55:45.901,0.9931,0.9935,1.20,2.00
2007.11.15 02:55:46.164,0.9931,0.9935,1.20,2.00
2007.11.15 02:55:46.412,0.9931,0.9935,1.20,2.00
2007.11.15 02:55:46.660,0.9931,0.9935,1.20,2.00
2007.11.15 02:55:46.907,0.9931,0.9935,1.20,2.00
2007.11.15 02:55:47.155,0.9931,0.9935,1.20,2.00
2007.11.15 02:55:47.403,0.9931,0.9935,1.20,2.00
2007.11.15 02:55:47.561,0.9931,0.9935,1.20,2.00
2007.11.15 02:55:47.718,0.9931,0.9935,1.20,2.00
2007.11.15 02:55:47.876,0.9931,0.9935,1.20,2.00
2007.11.15 02:55:48.034,0.9931,0.9935,1.20,2.00
2007.11.15 02:55:48.192,0.9931,0.9935,1.20,2.00
2007.11.15 02:55:48.350,0.9931,0.9935,1.20,2.00
2007.11.15 02:55:48.522,0.9931,0.9935,1.20,2.00
2007.11.15 02:55:48.695,0.9931,0.9935,1.20,2.00
2007.11.15 02:55:48.867,0.9931,0.9935,1.20,2.00
2007.11.15 02:55:49.040,0.9931,0.9935,1.20,2.00
2007.11.15 02:55:49.213,0.9931,0.9935,1.20,2.00
2007.11.15 02:55:49.386,0.9931,0.9935,1.20,2.00
2007.11.15 02:55:49.548,0.9931,0.9935,1.20,2.00
2007.11.15 02:55:49.711,0.9931,0.9935,1.20,2.00
2007.11.15 02:55:50.012,0.9931,0.9935,1.20,2.00
2007.11.15 02:55:50.174,0.9931,0.9935,1.20,2.00
2007.11.15 02:55:50.338,0.9931,0.9935,3.60,2.00
2007.11.15 02:55:50.520,0.9931,0.9935,3.60,2.00
2007.11.15 02:55:50.703,0.9931,0.9935,3.60,1.60
2007.11.15 02:55:50.886,0.9931,0.9935,1.20,1.60
2007.11.15 02:55:51.070,0.9931,0.9935,1.20,1.60
2007.11.15 02:55:51.253,0.9931,0.9935,1.20,1.60
2007.11.15 02:55:51.436,0.9931,0.9935,1.20,2.00
2007.11.15 02:55:51.776,0.9933,0.9935,0.80,2.00
2007.11.15 02:55:52.102,0.9933,0.9935,0.80,2.00
2007.11.15 02:55:52.435,0.9933,0.9935,0.80,2.80
2007.11.15 02:55:52.768,0.9933,0.9935,0.80,2.80
2007.11.15 02:55:52.906,0.9933,0.9935,0.80,2.80
2007.11.15 02:55:53.044,0.9933,0.9935,0.80,2.80
2007.11.15 02:55:53.181,0.9933,0.9935,0.80,2.80
2007.11.15 02:55:53.319,0.9933,0.9935,0.80,2.80
2007.11.15 02:55:53.456,0.9933,0.9935,0.80,2.00
2007.11.15 02:55:53.769,0.9933,0.9935,1.20,2.00
2007.11.15 02:55:54.081,0.9933,0.9935,1.20,2.00
2007.11.15 02:55:54.394,0.9933,0.9935,1.20,2.00
2007.11.15 02:55:54.707,0.9933,0.9935,1.20,2.00
2007.11.15 02:55:54.875,0.9933,0.9935,1.20,2.80
2007.11.15 02:55:55.043,0.9933,0.9935,1.20,2.80
2007.11.15 02:55:55.211,0.9933,0.9935,1.20,2.00
2007.11.15 02:55:55.380,0.9933,0.9935,1.20,2.00
2007.11.15 02:55:55.548,0.9933,0.9935,1.20,2.00
2007.11.15 02:55:55.851,0.9933,0.9935,1.20,2.00
2007.11.15 02:55:56.206,0.9933,0.9935,1.20,2.00
2007.11.15 02:55:56.508,0.9932,0.9935,1.20,2.00
2007.11.15 02:55:56.716,0.9932,0.9935,1.20,2.00
2007.11.15 02:55:56.924,0.9932,0.9935,1.20,2.00
2007.11.15 02:55:57.132,0.9932,0.9935,1.20,2.00
2007.11.15 02:55:57.339,0.9932,0.9935,1.20,2.00
2007.11.15 02:55:57.547,0.9932,0.9935,1.20,2.00
2007.11.15 02:55:57.695,0.9932,0.9935,1.20,2.00
2007.11.15 02:55:57.842,0.9932,0.9935,1.20,2.00
2007.11.15 02:55:57.991,0.9932,0.9935,1.20,2.00
2007.11.15 02:55:58.139,0.9932,0.9935,1.20,2.00
2007.11.15 02:55:58.286,0.9932,0.9935,1.20,2.00
2007.11.15 02:55:58.434,0.9932,0.9935,1.20,2.00
2007.11.15 02:55:58.582,0.9932,0.9935,1.20,2.00
2007.11.15 02:55:58.779,0.9932,0.9935,1.20,2.00
2007.11.15 02:55:58.978,0.9932,0.9935,1.20,2.00
2007.11.15 02:55:59.176,0.9932,0.9935,0.50,2.80
2007.11.15 02:55:59.373,0.9931,0.9935,1.20,2.80
2007.11.15 02:55:59.572,0.9931,0.9935,1.20,2.80
2007.11.15 02:55:59.774,0.9931,0.9935,1.20,2.80
2007.11.15 02:55:59.976,0.9931,0.9935,1.20,2.80
2007.11.15 02:56:00.179,0.9931,0.9935,1.20,2.80
2007.11.15 02:56:00.383,0.9931,0.9935,1.20,4.40
2007.11.15 02:56:00.586,0.9931,0.9935,1.20,4.40
2007.11.15 02:56:00.769,0.9931,0.9935,1.20,4.40
2007.11.15 02:56:00.951,0.9931,0.9935,1.20,4.40
2007.11.15 02:56:01.134,0.9931,0.9935,1.20,4.40
2007.11.15 02:56:01.317,0.9931,0.9935,1.20,4.40
2007.11.15 02:56:01.499,0.9931,0.9935,1.20,4.40
2007.11.15 02:56:01.683,0.9931,0.9935,1.20,4.40
2007.11.15 02:56:01.951,0.9931,0.9934,1.20,0.80
2007.11.15 02:56:02.389,0.9931,0.9934,1.20,0.80
2007.11.15 02:56:02.659,0.9931,0.9934,1.20,0.80
2007.11.15 02:56:02.807,0.9931,0.9934,1.20,0.80
2007.11.15 02:56:02.949,0.9931,0.9934,1.20,0.80
2007.11.15 02:56:03.092,0.9931,0.9934,1.20,1.60
2007.11.15 02:56:03.234,0.9931,0.9934,1.20,1.60
2007.11.15 02:56:03.377,0.9931,0.9934,1.20,1.60
2007.11.15 02:56:03.519,0.9931,0.9934,1.20,1.60
2007.11.15 02:56:03.662,0.9931,0.9934,1.20,1.60
2007.11.15 02:56:03.804,0.9931,0.9934,1.20,1.60
2007.11.15 02:56:04.136,0.9931,0.9934,1.20,1.60
2007.11.15 02:56:04.469,0.9931,0.9934,1.20,1.60
2007.11.15 02:56:04.802,0.9931,0.9934,1.20,1.60
2007.11.15 02:56:04.939,0.9931,0.9934,1.20,1.60
2007.11.15 02:56:05.076,0.9931,0.9934,1.20,1.60
2007.11.15 02:56:05.214,0.9931,0.9934,1.20,1.60
2007.11.15 02:56:05.352,0.9931,0.9934,1.20,1.60
2007.11.15 02:56:05.489,0.9931,0.9934,1.20,1.60
2007.11.15 02:56:05.628,0.9931,0.9934,1.20,1.60
2007.11.15 02:56:05.766,0.9931,0.9934,1.20,1.60
2007.11.15 02:56:06.064,0.9931,0.9934,1.20,1.60
2007.11.15 02:56:06.361,0.9931,0.9934,1.20,1.60
2007.11.15 02:56:06.660,0.9931,0.9934,1.20,1.60
2007.11.15 02:56:06.957,0.9931,0.9934,1.20,1.60
2007.11.15 02:56:07.080,0.9931,0.9934,1.20,1.60
2007.11.15 02:56:07.203,0.9931,0.9934,1.20,1.60
2007.11.15 02:56:07.326,0.9931,0.9934,1.20,1.60
2007.11.15 02:56:07.448,0.9931,0.9934,1.20,1.60
2007.11.15 02:56:07.571,0.9931,0.9934,1.20,1.60
2007.11.15 02:56:07.694,0.9931,0.9934,1.20,1.60
2007.11.15 02:56:07.817,0.9931,0.9934,1.20,1.60
2007.11.15 02:56:07.995,0.9931,0.9934,1.20,1.60
2007.11.15 02:56:08.173,0.9931,0.9934,1.20,1.60
2007.11.15 02:56:08.351,0.9931,0.9934,1.20,1.60
2007.11.15 02:56:08.588,0.9931,0.9934,1.20,1.60
2007.11.15 02:56:08.765,0.9931,0.9934,1.20,1.60
2007.11.15 02:56:08.913,0.9931,0.9934,1.20,1.60
2007.11.15 02:56:09.060,0.9931,0.9934,1.20,1.60
2007.11.15 02:56:09.208,0.9931,0.9934,3.60,1.60
2007.11.15 02:56:09.356,0.9932,0.9934,0.50,0.80
2007.11.15 02:56:09.504,0.9932,0.9934,1.20,0.80
2007.11.15 02:56:09.652,0.9932,0.9934,1.20,0.80
2007.11.15 02:56:09.800,0.9932,0.9934,1.20,0.80
2007.11.15 02:56:10.032,0.9932,0.9934,1.20,0.80
2007.11.15 02:56:10.265,0.9931,0.9934,1.20,1.20
2007.11.15 02:56:10.499,0.9931,0.9934,1.20,1.20
2007.11.15 02:56:10.732,0.9932,0.9934,0.80,1.20
2007.11.15 02:56:10.966,0.9932,0.9935,1.20,2.80
2007.11.15 02:56:11.219,0.9931,0.9934,1.20,0.50
2007.11.15 02:56:11.472,0.9931,0.9934,1.20,2.00
2007.11.15 02:56:11.724,0.9931,0.9934,1.20,2.00
2007.11.15 02:56:11.978,0.9931,0.9934,1.20,2.00
2007.11.15 02:56:12.146,0.9931,0.9934,1.20,2.00
2007.11.15 02:56:12.313,0.9931,0.9934,1.20,2.00
2007.11.15 02:56:12.480,0.9931,0.9934,1.20,2.00
2007.11.15 02:56:12.648,0.9931,0.9934,1.20,2.00
2007.11.15 02:56:12.815,0.9931,0.9934,1.20,2.00
2007.11.15 02:56:12.983,0.9931,0.9934,1.20,2.00
2007.11.15 02:56:13.185,0.9931,0.9934,1.20,2.00
2007.11.15 02:56:13.388,0.9931,0.9934,1.20,2.00
2007.11.15 02:56:13.590,0.9931,0.9934,1.20,2.00
2007.11.15 02:56:13.793,0.9931,0.9934,1.20,2.00
2007.11.15 02:56:13.996,0.9931,0.9934,1.20,2.00
2007.11.15 02:56:14.199,0.9931,0.9934,1.20,2.00
2007.11.15 02:56:14.376,0.9931,0.9934,1.20,2.00
2007.11.15 02:56:14.555,0.9931,0.9934,1.20,2.00
2007.11.15 02:56:14.771,0.9931,0.9934,1.20,2.00
2007.11.15 02:56:14.948,0.9931,0.9934,1.20,2.00
2007.11.15 02:56:15.126,0.9931,0.9934,1.20,2.00
2007.11.15 02:56:15.279,0.9931,0.9934,1.20,2.00
2007.11.15 02:56:15.431,0.9931,0.9934,1.20,2.00
2007.11.15 02:56:15.583,0.9931,0.9934,1.20,2.00
2007.11.15 02:56:15.737,0.9931,0.9934,1.20,2.00
2007.11.15 02:56:15.889,0.9931,0.9934,1.20,2.00
2007.11.15 02:56:16.042,0.9931,0.9934,1.20,2.00
2007.11.15 02:56:16.194,0.9931,0.9934,1.20,2.00
2007.11.15 02:56:16.451,0.9931,0.9934,1.20,2.00
2007.11.15 02:56:16.708,0.9931,0.9934,1.20,2.00
2007.11.15 02:56:16.966,0.9931,0.9934,1.20,2.00
2007.11.15 02:56:17.223,0.9931,0.9933,1.20,0.50
2007.11.15 02:56:17.481,0.9931,0.9933,1.20,0.50
2007.11.15 02:56:17.600,0.9931,0.9933,1.20,0.50
2007.11.15 02:56:17.718,0.9931,0.9933,1.20,0.50
2007.11.15 02:56:17.836,0.9931,0.9933,1.20,0.50
2007.11.15 02:56:17.954,0.9931,0.9933,1.20,0.50
2007.11.15 02:56:18.071,0.9931,0.9933,1.20,0.50
2007.11.15 02:56:18.189,0.9931,0.9933,1.20,0.50
2007.11.15 02:56:18.312,0.9931,0.9933,1.20,0.50
2007.11.15 02:56:18.609,0.9931,0.9933,1.20,0.50
2007.11.15 02:56:18.906,0.9931,0.9933,1.20,0.50
2007.11.15 02:56:19.203,0.9931,0.9933,1.20,0.50
2007.11.15 02:56:19.501,0.9931,0.9933,1.20,0.50
2007.11.15 02:56:19.623,0.9931,0.9933,1.20,0.50
2007.11.15 02:56:19.748,0.9931,0.9933,1.20,0.50
2007.11.15 02:56:19.870,0.9931,0.9933,1.20,0.50
2007.11.15 02:56:19.992,0.9931,0.9933,1.20,0.50
2007.11.15 02:56:20.116,0.9931,0.9933,1.20,0.50
2007.11.15 02:56:20.238,0.9931,0.9933,1.20,0.50
2007.11.15 02:56:20.362,0.9931,0.9933,1.20,0.50
2007.11.15 02:56:20.559,0.9931,0.9933,1.20,0.50
2007.11.15 02:56:20.757,0.9931,0.9933,1.20,0.50
2007.11.15 02:56:20.956,0.9931,0.9933,1.20,0.50
2007.11.15 02:56:21.153,0.9931,0.9933,1.20,0.50
2007.11.15 02:56:21.351,0.9931,0.9933,1.20,0.50
2007.11.15 02:56:21.574,0.9931,0.9933,1.20,0.50
2007.11.15 02:56:21.796,0.9931,0.9933,1.20,0.50
2007.11.15 02:56:22.019,0.9931,0.9933,1.20,0.50
2007.11.15 02:56:22.242,0.9931,0.9933,1.20,0.50
2007.11.15 02:56:22.464,0.9931,0.9933,1.20,0.50
2007.11.15 02:56:22.610,0.9931,0.9933,0.70,0.50
2007.11.15 02:56:22.622,0.993,0.9933,4.00,0.50
2007.11.15 02:56:22.780,0.9929,0.9933,10.40,0.50
2007.11.15 02:56:22.942,0.9929,0.9933,17.20,0.50
2007.11.15 02:56:23.099,0.993,0.9933,0.90,0.50
2007.11.15 02:56:23.257,0.993,0.9933,0.50,0.50
2007.11.15 02:56:23.415,0.9929,0.9933,17.20,0.50
2007.11.15 02:56:23.579,0.993,0.9933,0.80,0.50
2007.11.15 02:56:23.786,0.9929,0.9933,17.20,0.50
2007.11.15 02:56:23.999,0.9929,0.9933,17.20,0.50
2007.11.15 02:56:24.212,0.9929,0.9933,17.20,0.50
2007.11.15 02:56:24.424,0.9929,0.9933,17.20,0.50
2007.11.15 02:56:24.637,0.9929,0.9933,17.20,0.50
2007.11.15 02:56:24.779,0.9929,0.9933,17.20,0.50
2007.11.15 02:56:24.923,0.993,0.9933,1.00,0.50
2007.11.15 02:56:25.065,0.9929,0.9933,17.20,0.50
2007.11.15 02:56:25.208,0.993,0.9933,0.60,0.50
2007.11.15 02:56:25.350,0.9929,0.9933,17.20,0.50
2007.11.15 02:56:25.493,0.993,0.9933,1.00,0.50
2007.11.15 02:56:25.635,0.9929,0.9933,17.20,0.50
2007.11.15 02:56:25.833,0.993,0.9933,0.90,0.50
2007.11.15 02:56:26.031,0.993,0.9933,0.70,0.50
2007.11.15 02:56:26.229,0.9929,0.9933,17.20,0.50
2007.11.15 02:56:26.426,0.9929,0.9933,17.20,0.50
2007.11.15 02:56:26.625,0.9929,0.9933,17.20,0.50
2007.11.15 02:56:26.908,0.9929,0.9933,17.20,0.50
2007.11.15 02:56:27.191,0.993,0.9933,0.60,0.50
2007.11.15 02:56:27.473,0.993,0.9933,1.00,0.50
2007.11.15 02:56:27.757,0.993,0.9933,0.90,0.50
2007.11.15 02:56:27.929,0.993,0.9933,0.50,0.50
2007.11.15 02:56:28.101,0.993,0.9933,0.90,0.50
2007.11.15 02:56:28.274,0.993,0.9933,1.00,0.50
2007.11.15 02:56:28.447,0.993,0.9933,0.70,0.50
2007.11.15 02:56:28.621,0.993,0.9933,0.70,0.50
2007.11.15 02:56:28.793,0.993,0.9933,1.00,0.50
2007.11.15 02:56:28.977,0.993,0.9933,0.60,0.50
2007.11.15 02:56:29.161,0.9929,0.9933,17.20,0.50
2007.11.15 02:56:29.345,0.9929,0.9933,17.20,0.50
2007.11.15 02:56:29.528,0.9929,0.9933,17.20,0.50
2007.11.15 02:56:29.710,0.993,0.9933,0.90,0.50
2007.11.15 02:56:29.862,0.9929,0.9933,17.20,0.50
2007.11.15 02:56:30.014,0.9929,0.9933,17.20,0.50
2007.11.15 02:56:30.168,0.993,0.9933,0.80,0.50
2007.11.15 02:56:30.320,0.993,0.9933,1.00,0.50
2007.11.15 02:56:30.473,0.993,0.9933,0.80,0.50
2007.11.15 02:56:30.627,0.993,0.9933,0.60,0.50
2007.11.15 02:56:30.781,0.993,0.9933,1.00,0.50
2007.11.15 02:56:31.004,0.993,0.9933,0.70,0.50
2007.11.15 02:56:31.227,0.993,0.9933,0.50,0.50
2007.11.15 02:56:31.450,0.9929,0.9933,10.40,0.50
2007.11.15 02:56:31.673,0.993,0.9933,0.70,0.50
2007.11.15 02:56:31.976,0.9929,0.9933,10.40,0.50
2007.11.15 02:56:32.279,0.993,0.9933,0.50,0.50
2007.11.15 02:56:32.582,0.993,0.9933,0.80,0.50
2007.11.15 02:56:32.885,0.9929,0.9933,10.40,0.50
2007.11.15 02:56:33.064,0.9929,0.9933,10.40,0.50
2007.11.15 02:56:33.280,0.993,0.9933,0.90,0.50
2007.11.15 02:56:33.457,0.993,0.9933,0.60,0.50
2007.11.15 02:56:33.637,0.993,0.9933,1.00,0.50
2007.11.15 02:56:33.814,0.9929,0.9933,10.40,0.50
2007.11.15 02:56:34.037,0.9929,0.9933,10.40,0.50
2007.11.15 02:56:34.261,0.9929,0.9933,17.20,0.50
2007.11.15 02:56:34.485,0.993,0.9933,1.00,0.50
2007.11.15 02:56:34.712,0.993,0.9933,1.20,0.50
2007.11.15 02:56:34.926,0.9929,0.9933,26.00,0.50
2007.11.15 02:56:35.138,0.9929,0.9933,26.00,0.50
2007.11.15 02:56:35.351,0.9929,0.9933,23.60,0.50
2007.11.15 02:56:35.564,0.9929,0.9933,23.60,0.50
2007.11.15 02:56:35.779,0.9929,0.9933,23.60,0.50
2007.11.15 02:56:36.002,0.993,0.9933,0.70,0.50
2007.11.15 02:56:36.225,0.9929,0.9933,16.80,0.50
2007.11.15 02:56:36.448,0.9929,0.9933,16.80,0.50
2007.11.15 02:56:36.698,0.993,0.9933,1.00,0.50
2007.11.15 02:56:36.894,0.9929,0.9933,16.80,0.50
2007.11.15 02:56:37.148,0.993,0.9933,1.00,0.50
2007.11.15 02:56:37.404,0.9929,0.9933,16.80,0.50
2007.11.15 02:56:37.656,0.9929,0.9933,16.80,0.50
2007.11.15 02:56:37.909,0.993,0.9933,0.90,0.50
2007.11.15 02:56:38.062,0.9929,0.9933,16.80,0.50
2007.11.15 02:56:38.215,0.993,0.9933,0.90,0.50
2007.11.15 02:56:38.367,0.993,0.9933,0.60,0.50
2007.11.15 02:56:38.521,0.993,0.9933,0.80,0.50
2007.11.15 02:56:38.673,0.9929,0.9933,16.80,0.50
2007.11.15 02:56:38.826,0.993,0.9933,0.50,0.50
2007.11.15 02:56:38.979,0.9929,0.9933,16.80,0.50
2007.11.15 02:56:39.442,0.9929,0.9933,16.80,0.50
2007.11.15 02:56:39.754,0.993,0.9933,0.60,0.50
2007.11.15 02:56:40.067,0.9929,0.9933,23.60,0.50
2007.11.15 02:56:40.251,0.993,0.9933,0.80,0.50
2007.11.15 02:56:40.433,0.993,0.9933,0.90,0.50
2007.11.15 02:56:40.615,0.9929,0.9933,16.80,0.50
2007.11.15 02:56:40.799,0.9929,0.9933,16.80,0.50
2007.11.15 02:56:40.987,0.993,0.9933,1.00,0.50
2007.11.15 02:56:41.319,0.9929,0.9933,16.80,0.50
2007.11.15 02:56:41.656,0.9929,0.9933,16.80,0.50
2007.11.15 02:56:41.989,0.993,0.9933,0.90,0.50
2007.11.15 02:56:42.167,0.9929,0.9933,4.00,2.00
2007.11.15 02:56:42.344,0.9929,0.9933,4.00,2.00
2007.11.15 02:56:42.522,0.9929,0.9933,4.00,2.00
2007.11.15 02:56:42.701,0.993,0.9933,0.50,2.00
2007.11.15 02:56:42.878,0.9929,0.9933,4.00,2.00
2007.11.15 02:56:43.055,0.9929,0.9933,4.00,2.00
2007.11.15 02:56:43.309,0.9929,0.9933,4.00,2.00
2007.11.15 02:56:43.561,0.9929,0.9933,4.00,2.00
2007.11.15 02:56:43.814,0.993,0.9933,0.60,2.00
2007.11.15 02:56:44.067,0.993,0.9933,1.00,2.00
2007.11.15 02:56:44.320,0.9929,0.9933,4.00,2.00
2007.11.15 02:56:44.523,0.993,0.9933,0.90,2.00
2007.11.15 02:56:44.662,0.993,0.9933,0.90,0.90
2007.11.15 02:56:44.725,0.9929,0.9934,4.00,6.50
2007.11.15 02:56:44.928,0.993,0.9933,0.80,0.60
2007.11.15 02:56:45.131,0.9929,0.9934,4.00,6.50
2007.11.15 02:56:45.369,0.993,0.9933,0.50,0.80
2007.11.15 02:56:45.608,0.993,0.9933,0.60,0.60
2007.11.15 02:56:45.846,0.9929,0.9934,4.00,6.50
2007.11.15 02:56:46.088,0.993,0.9933,0.50,0.50
2007.11.15 02:56:46.326,0.9929,0.9934,8.00,6.60
2007.11.15 02:56:46.580,0.9929,0.9934,8.00,6.60
2007.11.15 02:56:46.833,0.9929,0.9934,8.00,6.60
2007.11.15 02:56:47.088,0.9929,0.9934,8.00,6.60
2007.11.15 02:56:47.342,0.993,0.9933,0.80,0.50
2007.11.15 02:56:47.505,0.9929,0.9934,8.00,6.60
2007.11.15 02:56:47.669,0.9929,0.9934,8.00,6.60
2007.11.15 02:56:47.832,0.9929,0.9934,8.00,6.60
2007.11.15 02:56:47.995,0.9929,0.9934,8.00,6.60
2007.11.15 02:56:48.158,0.993,0.9933,0.70,0.50
2007.11.15 02:56:48.315,0.9929,0.9934,8.00,6.60
2007.11.15 02:56:48.474,0.9929,0.9934,8.00,6.60
2007.11.15 02:56:48.631,0.9929,0.9934,8.00,6.60
2007.11.15 02:56:48.793,0.9929,0.9934,8.00,6.60
2007.11.15 02:56:48.951,0.993,0.9933,0.70,0.50
2007.11.15 02:56:49.109,0.993,0.9933,0.80,0.50
2007.11.15 02:56:49.267,0.9929,0.9934,8.00,6.60
2007.11.15 02:56:49.481,0.9929,0.9934,8.00,6.60
2007.11.15 02:56:49.694,0.993,0.9933,1.20,0.50
2007.11.15 02:56:49.907,0.993,0.9934,1.20,6.60
2007.11.15 02:56:50.120,0.993,0.9934,1.20,6.60
2007.11.15 02:56:50.333,0.993,0.9933,1.20,0.50
2007.11.15 02:56:50.531,0.993,0.9933,1.20,0.50
2007.11.15 02:56:50.729,0.993,0.9934,1.20,6.60
2007.11.15 02:56:50.927,0.993,0.9934,1.20,6.60
2007.11.15 02:56:51.126,0.993,0.9934,1.20,6.60
2007.11.15 02:56:51.323,0.993,0.9934,2.80,4.20
2007.11.15 02:56:51.768,0.993,0.9934,2.80,4.20
2007.11.15 02:56:52.074,0.993,0.9933,2.80,0.50
2007.11.15 02:56:52.377,0.993,0.9933,2.80,0.50
2007.11.15 02:56:52.558,0.993,0.9933,2.80,0.50
2007.11.15 02:56:52.741,0.993,0.9933,2.80,0.50
2007.11.15 02:56:52.925,0.993,0.9934,2.00,4.20
2007.11.15 02:56:53.107,0.993,0.9933,2.00,0.50
2007.11.15 02:56:53.290,0.993,0.9934,2.00,4.20
2007.11.15 02:56:53.473,0.993,0.9934,2.00,4.20
2007.11.15 02:56:53.690,0.993,0.9933,2.00,0.50
2007.11.15 02:56:53.914,0.993,0.9934,2.00,4.20
2007.11.15 02:56:54.132,0.993,0.9933,2.00,0.50
2007.11.15 02:56:54.350,0.993,0.9933,2.00,0.50
2007.11.15 02:56:54.571,0.993,0.9934,2.00,4.20
2007.11.15 02:56:54.775,0.993,0.9933,2.00,0.50
2007.11.15 02:56:54.978,0.993,0.9933,2.00,0.50
2007.11.15 02:56:55.181,0.993,0.9934,2.00,4.20
2007.11.15 02:56:55.383,0.993,0.9933,2.00,0.50
2007.11.15 02:56:55.586,0.993,0.9934,2.00,4.20
2007.11.15 02:56:55.774,0.993,0.9934,2.00,4.20
2007.11.15 02:56:55.961,0.993,0.9934,2.00,4.20
2007.11.15 02:56:56.149,0.993,0.9934,2.00,4.20
2007.11.15 02:56:56.336,0.993,0.9934,2.00,4.20
2007.11.15 02:56:56.524,0.993,0.9933,2.00,0.50
2007.11.15 02:56:56.786,0.993,0.9934,2.00,4.20
2007.11.15 02:56:57.049,0.993,0.9933,2.00,0.50
2007.11.15 02:56:57.312,0.993,0.9934,2.00,4.20
2007.11.15 02:56:57.574,0.993,0.9934,2.00,4.20
2007.11.15 02:56:57.929,0.993,0.9934,2.00,4.20
2007.11.15 02:56:58.136,0.993,0.9933,2.00,0.50
2007.11.15 02:56:58.344,0.993,0.9934,2.00,4.20
2007.11.15 02:56:58.552,0.993,0.9933,2.00,0.50
2007.11.15 02:56:58.714,0.993,0.9933,2.00,0.50
2007.11.15 02:56:58.877,0.993,0.9933,2.80,0.50
2007.11.15 02:56:59.040,0.993,0.9934,2.80,3.40
2007.11.15 02:56:59.203,0.993,0.9934,2.80,3.40
2007.11.15 02:56:59.366,0.993,0.9933,1.20,0.50
2007.11.15 02:56:59.528,0.993,0.9933,1.20,0.50
2007.11.15 02:56:59.692,0.993,0.9934,1.20,4.10
2007.11.15 02:57:00.026,0.993,0.99345,2.80,5.20
2007.11.15 02:57:00.359,0.993,0.99345,1.20,5.20
2007.11.15 02:57:00.692,0.993,0.99345,1.20,5.20
2007.11.15 02:57:00.880,0.993,0.9934,1.20,0.80
2007.11.15 02:57:01.075,0.993,0.99345,1.20,5.20
2007.11.15 02:57:01.256,0.993,0.9934,1.20,0.50
2007.11.15 02:57:01.444,0.993,0.99345,1.20,5.20
2007.11.15 02:57:01.632,0.993,0.9934,1.20,0.60
2007.11.15 02:57:01.944,0.993,0.9934,1.20,0.90
2007.11.15 02:57:02.257,0.993,0.9934,1.20,0.80
2007.11.15 02:57:02.570,0.993,0.9934,1.20,0.70
2007.11.15 02:57:02.883,0.993,0.99345,1.20,5.20
2007.11.15 02:57:03.071,0.993,0.99345,1.20,5.20
2007.11.15 02:57:03.258,0.993,0.9934,1.20,0.70
2007.11.15 02:57:03.446,0.993,0.99345,1.20,5.20
2007.11.15 02:57:03.634,0.993,0.99345,1.20,5.20
2007.11.15 02:57:03.822,0.993,0.99345,1.20,5.20
2007.11.15 02:57:04.093,0.993,0.99345,1.20,5.20
2007.11.15 02:57:04.337,0.993,0.99345,1.20,5.20
2007.11.15 02:57:04.578,0.993,0.99345,1.20,5.20
2007.11.15 02:57:04.821,0.993,0.99345,1.20,5.20
2007.11.15 02:57:04.968,0.993,0.99345,1.20,5.20
2007.11.15 02:57:05.116,0.993,0.9934,1.20,0.70
2007.11.15 02:57:05.264,0.993,0.99345,1.20,5.20
2007.11.15 02:57:05.412,0.993,0.9934,1.20,0.80
2007.11.15 02:57:05.559,0.993,0.9934,1.20,0.70
2007.11.15 02:57:05.708,0.993,0.99345,1.20,5.20
2007.11.15 02:57:05.976,0.993,0.99345,2.80,5.20
2007.11.15 02:57:06.245,0.993,0.99345,2.80,5.20
2007.11.15 02:57:06.513,0.993,0.99345,1.20,5.20
2007.11.15 02:57:06.788,0.993,0.99345,1.20,5.20
2007.11.15 02:57:07.020,0.993,0.99345,1.20,5.20
2007.11.15 02:57:07.257,0.993,0.99345,1.20,5.20
2007.11.15 02:57:07.495,0.993,0.9934,1.20,0.90
2007.11.15 02:57:07.734,0.993,0.9934,1.20,0.60
2007.11.15 02:57:07.972,0.993,0.9934,1.20,0.70
2007.11.15 02:57:08.124,0.993,0.9934,1.20,0.60
2007.11.15 02:57:08.278,0.993,0.9934,1.20,0.90
2007.11.15 02:57:08.430,0.993,0.99345,1.20,5.20
2007.11.15 02:57:08.583,0.993,0.9934,1.20,0.50
2007.11.15 02:57:08.737,0.993,0.99345,1.20,5.20
2007.11.15 02:57:08.890,0.993,0.99345,1.20,5.20
2007.11.15 02:57:09.133,0.993,0.99345,1.20,5.20
2007.11.15 02:57:09.376,0.993,0.99345,1.20,5.20
2007.11.15 02:57:09.619,0.993,0.9934,1.20,0.80
2007.11.15 02:57:09.861,0.993,0.99345,1.20,5.20
2007.11.15 02:57:10.024,0.993,0.9934,1.20,0.50
2007.11.15 02:57:10.261,0.993,0.99345,1.20,5.20
2007.11.15 02:57:10.425,0.993,0.9934,1.20,0.50
2007.11.15 02:57:10.600,0.993,0.99345,1.20,5.20
2007.11.15 02:57:10.763,0.993,0.9934,1.20,0.90
2007.11.15 02:57:10.924,0.993,0.99345,2.80,5.20
2007.11.15 02:57:11.198,0.993,0.9934,2.80,0.70
2007.11.15 02:57:11.471,0.993,0.9934,1.20,0.70
2007.11.15 02:57:11.744,0.993,0.99345,1.20,5.20
2007.11.15 02:57:12.017,0.993,0.9934,1.20,0.70
2007.11.15 02:57:12.260,0.993,0.9934,1.20,2.80
2007.11.15 02:57:12.503,0.993,0.9934,1.20,2.80
2007.11.15 02:57:12.745,0.993,0.9934,1.20,2.80
2007.11.15 02:57:12.988,0.993,0.9934,1.20,2.80
2007.11.15 02:57:13.231,0.993,0.9934,1.20,2.80
2007.11.15 02:57:13.419,0.993,0.9934,1.20,2.80
2007.11.15 02:57:13.606,0.993,0.9934,1.20,2.80
2007.11.15 02:57:13.795,0.993,0.9934,1.20,2.80
2007.11.15 02:57:13.982,0.993,0.9934,1.20,2.80
2007.11.15 02:57:14.171,0.993,0.9934,1.20,2.80
2007.11.15 02:57:14.393,0.993,0.9934,1.20,2.80
2007.11.15 02:57:14.617,0.993,0.9934,1.20,2.80
2007.11.15 02:57:14.840,0.993,0.9934,1.20,2.80
2007.11.15 02:57:15.063,0.993,0.9934,1.20,2.80
2007.11.15 02:57:15.286,0.993,0.9934,1.20,2.80
2007.11.15 02:57:15.503,0.993,0.9934,1.20,2.80
2007.11.15 02:57:15.722,0.993,0.9934,1.20,2.80
2007.11.15 02:57:15.939,0.993,0.9934,1.20,2.80
2007.11.15 02:57:16.157,0.993,0.9934,1.20,2.80
2007.11.15 02:57:16.428,0.993,0.9934,1.20,2.80
2007.11.15 02:57:16.649,0.993,0.9934,1.20,2.80
2007.11.15 02:57:16.880,0.993,0.9934,1.20,2.80
2007.11.15 02:57:17.098,0.993,0.9934,1.20,4.40
2007.11.15 02:57:17.321,0.993,0.9934,1.20,5.20
2007.11.15 02:57:17.549,0.993,0.9934,1.20,5.20
2007.11.15 02:57:17.777,0.993,0.9934,1.20,5.20
2007.11.15 02:57:18.005,0.993,0.9933,1.20,1.60
2007.11.15 02:57:18.233,0.993,0.9933,1.20,1.60
2007.11.15 02:57:18.446,0.993,0.9933,1.20,1.60
2007.11.15 02:57:18.659,0.993,0.9933,1.20,1.60
2007.11.15 02:57:18.872,0.993,0.9933,1.20,1.60
2007.11.15 02:57:19.085,0.993,0.9933,1.20,1.60
2007.11.15 02:57:19.297,0.993,0.9933,1.20,1.60
2007.11.15 02:57:19.506,0.993,0.9933,1.20,1.60
2007.11.15 02:57:19.707,0.993,0.9933,1.20,1.60
2007.11.15 02:57:19.909,0.993,0.9933,1.20,1.60
2007.11.15 02:57:20.113,0.993,0.9933,1.20,1.60
2007.11.15 02:57:20.315,0.993,0.9933,1.20,1.60
2007.11.15 02:57:20.512,0.993,0.9933,1.20,1.60
2007.11.15 02:57:20.711,0.993,0.9933,1.20,1.60
2007.11.15 02:57:20.910,0.993,0.9933,1.20,1.60
2007.11.15 02:57:21.108,0.993,0.9933,1.20,1.60
2007.11.15 02:57:21.305,0.993,0.9933,1.20,1.60
2007.11.15 02:57:21.503,0.993,0.9933,1.20,1.60
2007.11.15 02:57:21.785,0.993,0.9933,1.20,1.60
2007.11.15 02:57:22.068,0.993,0.9933,1.20,1.60
2007.11.15 02:57:22.351,0.993,0.9933,1.20,1.60
2007.11.15 02:57:22.588,0.993,0.9933,1.20,1.60
2007.11.15 02:57:22.708,0.993,0.9933,1.20,1.60
2007.11.15 02:57:22.826,0.993,0.9933,1.20,1.60
2007.11.15 02:57:22.945,0.993,0.9933,1.20,1.60
2007.11.15 02:57:23.062,0.993,0.9933,1.20,1.60
2007.11.15 02:57:23.180,0.993,0.9933,1.20,1.60
2007.11.15 02:57:23.298,0.993,0.9933,1.20,1.60
2007.11.15 02:57:23.415,0.993,0.9933,1.20,1.60
2007.11.15 02:57:23.623,0.993,0.9933,1.20,1.60
2007.11.15 02:57:23.831,0.993,0.9933,1.20,1.60
2007.11.15 02:57:24.039,0.993,0.9933,1.20,1.60
2007.11.15 02:57:24.248,0.993,0.9933,1.20,1.60
2007.11.15 02:57:24.456,0.993,0.9933,1.20,1.60
2007.11.15 02:57:24.584,0.993,0.9933,1.20,1.60
2007.11.15 02:57:24.712,0.993,0.9933,1.20,1.60
2007.11.15 02:57:24.840,0.993,0.9933,1.20,1.60
2007.11.15 02:57:24.966,0.993,0.9933,1.20,1.60
2007.11.15 02:57:25.095,0.993,0.9933,1.20,1.60
2007.11.15 02:57:25.223,0.993,0.9933,1.20,1.60
2007.11.15 02:57:25.352,0.993,0.9933,1.20,1.60
2007.11.15 02:57:25.479,0.993,0.9934,1.20,2.80
2007.11.15 02:57:25.736,0.993,0.9934,1.20,2.80
2007.11.15 02:57:25.993,0.993,0.9934,1.20,2.80
2007.11.15 02:57:26.253,0.993,0.9934,1.20,2.80
2007.11.15 02:57:26.286,0.9929,0.9934,19.60,2.80
2007.11.15 02:57:26.510,0.993,0.9934,0.90,2.80
2007.11.15 02:57:26.749,0.9929,0.9934,19.60,2.80
2007.11.15 02:57:26.986,0.9929,0.9934,19.60,2.80
2007.11.15 02:57:27.225,0.9929,0.9934,19.60,2.80
2007.11.15 02:57:27.462,0.9929,0.9934,19.60,2.80
2007.11.15 02:57:27.701,0.993,0.9934,0.90,2.80
2007.11.15 02:57:27.883,0.9929,0.9934,19.60,2.80
2007.11.15 02:57:28.065,0.993,0.9934,0.90,2.80
2007.11.15 02:57:28.249,0.9929,0.9934,19.60,2.80
2007.11.15 02:57:28.431,0.9929,0.9934,19.60,2.80
2007.11.15 02:57:28.753,0.993,0.9934,0.90,2.80
2007.11.15 02:57:28.926,0.9929,0.9934,19.60,2.80
2007.11.15 02:57:29.099,0.993,0.9934,0.50,2.80
2007.11.15 02:57:29.273,0.9929,0.9934,12.80,2.80
2007.11.15 02:57:29.446,0.9929,0.9934,12.80,2.80
2007.11.15 02:57:29.619,0.9929,0.9934,12.80,2.80
2007.11.15 02:57:29.841,0.993,0.9934,0.60,2.80
2007.11.15 02:57:30.063,0.9929,0.9934,11.30,2.80
2007.11.15 02:57:30.286,0.993,0.9934,0.50,2.80
2007.11.15 02:57:30.509,0.9929,0.9934,11.30,2.80
2007.11.15 02:57:30.731,0.9929,0.9934,11.30,2.80
2007.11.15 02:57:30.909,0.993,0.9934,0.50,2.80
2007.11.15 02:57:31.086,0.9929,0.9934,11.30,2.80
2007.11.15 02:57:31.263,0.993,0.9934,0.50,2.80
2007.11.15 02:57:31.442,0.9929,0.9934,11.30,2.80
2007.11.15 02:57:31.619,0.993,0.9934,0.50,2.80
2007.11.15 02:57:31.797,0.993,0.9933,0.50,1.60
2007.11.15 02:57:32.076,0.993,0.9933,0.50,1.60
2007.11.15 02:57:32.354,0.9929,0.9933,4.00,2.40
2007.11.15 02:57:32.631,0.9929,0.9933,4.00,2.40
2007.11.15 02:57:32.909,0.9929,0.9933,4.00,2.80
2007.11.15 02:57:33.077,0.9929,0.9933,4.00,2.80
2007.11.15 02:57:33.245,0.9929,0.9933,4.00,2.80
2007.11.15 02:57:33.412,0.9929,0.9933,4.00,2.80
2007.11.15 02:57:33.581,0.9929,0.9933,4.00,2.80
2007.11.15 02:57:33.748,0.9929,0.9933,4.00,2.80
2007.11.15 02:57:33.952,0.9929,0.9933,4.00,2.00
2007.11.15 02:57:34.154,0.993,0.9933,0.80,2.00
2007.11.15 02:57:34.357,0.993,0.9933,0.80,2.00
2007.11.15 02:57:34.559,0.9929,0.9933,4.00,2.00
2007.11.15 02:57:34.914,0.993,0.9933,1.00,2.00
2007.11.15 02:57:34.964,0.9929,0.9933,4.00,2.00
2007.11.15 02:57:35.147,0.993,0.9933,0.80,2.00
2007.11.15 02:57:35.330,0.993,0.9933,0.50,2.00
2007.11.15 02:57:35.512,0.993,0.9933,1.00,2.00
2007.11.15 02:57:35.695,0.993,0.9933,0.80,2.00
2007.11.15 02:57:35.877,0.993,0.9933,0.90,2.00
2007.11.15 02:57:36.025,0.9929,0.9933,4.00,2.00
2007.11.15 02:57:36.172,0.9929,0.9933,4.00,2.00
2007.11.15 02:57:36.320,0.993,0.9933,0.70,2.00
2007.11.15 02:57:36.468,0.9929,0.9933,4.00,2.00
2007.11.15 02:57:36.617,0.9929,0.9933,4.00,2.00
2007.11.15 02:57:36.764,0.9929,0.9933,4.00,2.00
2007.11.15 02:57:36.912,0.993,0.9933,0.60,2.00
2007.11.15 02:57:37.210,0.993,0.9933,0.70,2.00
2007.11.15 02:57:37.508,0.9929,0.9933,4.00,2.00
2007.11.15 02:57:37.806,0.9929,0.9933,4.00,2.00
2007.11.15 02:57:38.105,0.9929,0.9933,4.00,2.00
2007.11.15 02:57:38.207,0.9929,0.9933,4.00,2.00
2007.11.15 02:57:38.309,0.9929,0.9933,4.00,2.00
2007.11.15 02:57:38.412,0.9929,0.9933,4.00,2.00
2007.11.15 02:57:38.516,0.9929,0.9933,4.00,2.00
2007.11.15 02:57:38.618,0.9929,0.9933,4.00,2.00
2007.11.15 02:57:38.720,0.993,0.9933,0.70,2.00
2007.11.15 02:57:38.823,0.9929,0.9933,4.00,2.00
2007.11.15 02:57:38.927,0.9929,0.9933,4.00,2.00
2007.11.15 02:57:39.029,0.993,0.9933,0.80,2.00
2007.11.15 02:57:39.131,0.993,0.9933,1.00,2.00
2007.11.15 02:57:39.404,0.993,0.9933,0.60,2.00
2007.11.15 02:57:39.676,0.9929,0.9933,4.00,2.00
2007.11.15 02:57:39.949,0.993,0.9933,1.00,2.00
2007.11.15 02:57:40.223,0.993,0.9933,1.00,2.00
2007.11.15 02:57:40.335,0.9929,0.9933,4.00,2.00
2007.11.15 02:57:40.447,0.993,0.9933,0.90,2.00
2007.11.15 02:57:40.561,0.993,0.9933,0.60,2.00
2007.11.15 02:57:40.673,0.993,0.9933,0.70,2.00
2007.11.15 02:57:40.785,0.9929,0.9933,4.00,2.00
2007.11.15 02:57:40.898,0.9929,0.9933,4.00,2.00
2007.11.15 02:57:41.083,0.9929,0.9933,4.00,2.00
2007.11.15 02:57:41.197,0.993,0.9933,0.70,2.00
2007.11.15 02:57:41.510,0.993,0.9933,0.60,2.00
2007.11.15 02:57:41.823,0.9929,0.9933,4.00,2.00
2007.11.15 02:57:42.137,0.9929,0.9933,4.00,2.00
2007.11.15 02:57:42.457,0.9929,0.9933,4.00,2.00
2007.11.15 02:57:42.575,0.993,0.9933,0.60,2.00
2007.11.15 02:57:42.692,0.9929,0.9933,4.00,2.00
2007.11.15 02:57:42.810,0.993,0.9933,0.80,2.00
2007.11.15 02:57:42.928,0.993,0.9933,0.50,2.00
2007.11.15 02:57:44.187,0.993,0.9933,0.90,2.00
2007.11.15 02:57:44.269,0.9929,0.9933,4.00,2.00
2007.11.15 02:57:44.352,0.9929,0.9933,4.00,2.00
2007.11.15 02:57:44.434,0.9929,0.9933,4.00,2.00
2007.11.15 02:57:44.522,0.9929,0.9933,4.00,2.00
2007.11.15 02:57:44.606,0.9929,0.9933,4.00,2.00
2007.11.15 02:57:44.690,0.9929,0.9933,4.00,2.00
2007.11.15 02:57:44.773,0.9929,0.9933,4.00,2.00
2007.11.15 02:57:44.856,0.993,0.9933,1.00,2.00
2007.11.15 02:57:44.939,0.9929,0.9933,4.00,2.00
2007.11.15 02:57:45.022,0.9929,0.9933,4.00,2.00
2007.11.15 02:57:45.104,0.993,0.9933,0.50,2.00
2007.11.15 02:57:45.186,0.9929,0.9933,4.00,2.00
2007.11.15 02:57:45.519,0.9929,0.9933,4.00,2.00
2007.11.15 02:57:45.852,0.993,0.9933,0.70,2.00
2007.11.15 02:57:46.185,0.9929,0.9933,4.00,2.00
2007.11.15 02:57:46.518,0.9929,0.9933,4.00,2.00
2007.11.15 02:57:46.740,0.9929,0.9933,4.00,2.00
2007.11.15 02:57:46.963,0.9929,0.9933,4.00,2.00
2007.11.15 02:57:47.185,0.9929,0.9933,4.00,2.00
2007.11.15 02:57:47.408,0.993,0.9933,1.00,2.00
2007.11.15 02:57:47.566,0.9929,0.9933,4.00,2.00
2007.11.15 02:57:47.724,0.9929,0.9933,4.00,2.00
2007.11.15 02:57:47.881,0.9929,0.9933,4.00,2.00
2007.11.15 02:57:48.039,0.9929,0.9933,4.00,2.00
2007.11.15 02:57:48.346,0.993,0.9933,0.50,2.00
2007.11.15 02:57:48.493,0.9929,0.9933,4.00,2.00
2007.11.15 02:57:48.641,0.9929,0.9933,4.00,2.00
2007.11.15 02:57:48.788,0.9929,0.9933,4.00,2.00
2007.11.15 02:57:48.936,0.993,0.9933,0.60,2.00
2007.11.15 02:57:49.084,0.993,0.9933,0.70,2.00
2007.11.15 02:57:49.234,0.9929,0.9933,4.00,2.00
2007.11.15 02:57:49.387,0.9929,0.9933,4.00,2.00
2007.11.15 02:57:49.634,0.9929,0.9933,4.00,2.00
2007.11.15 02:57:49.882,0.9929,0.9933,4.00,2.00
2007.11.15 02:57:50.129,0.993,0.9933,0.80,2.00
2007.11.15 02:57:50.378,0.993,0.9933,0.80,2.00
2007.11.15 02:57:50.480,0.993,0.9933,0.80,2.00
2007.11.15 02:57:50.582,0.9929,0.9933,4.00,2.00
2007.11.15 02:57:50.685,0.993,0.9933,0.50,2.00
2007.11.15 02:57:50.788,0.993,0.9933,0.60,2.00
2007.11.15 02:57:50.890,0.9929,0.9933,4.00,2.00
2007.11.15 02:57:50.999,0.9929,0.9933,4.00,2.00
2007.11.15 02:57:51.101,0.993,0.9933,0.80,2.00
2007.11.15 02:57:51.204,0.9929,0.9933,4.00,2.00
2007.11.15 02:57:51.307,0.993,0.9933,1.00,2.00
2007.11.15 02:57:51.409,0.9929,0.9933,4.00,2.00
2007.11.15 02:57:51.742,0.9929,0.9933,4.00,2.00
2007.11.15 02:57:52.074,0.993,0.9933,0.80,2.00
2007.11.15 02:57:52.407,0.9929,0.9933,4.00,2.00
2007.11.15 02:57:52.500,0.993,0.9933,0.90,2.00
2007.11.15 02:57:52.593,0.9929,0.9933,4.00,2.00
2007.11.15 02:57:52.686,0.9929,0.9933,4.00,2.00
2007.11.15 02:57:52.779,0.9929,0.9933,4.00,2.00
2007.11.15 02:57:52.871,0.993,0.9933,0.80,2.00
2007.11.15 02:57:52.964,0.9929,0.9933,4.00,2.00
2007.11.15 02:57:53.057,0.993,0.9933,0.50,2.00
2007.11.15 02:57:53.155,0.9929,0.9933,4.00,2.00
2007.11.15 02:57:53.247,0.993,0.9933,0.80,2.00
2007.11.15 02:57:53.340,0.9929,0.9933,4.00,2.00
2007.11.15 02:57:53.433,0.993,0.9933,0.80,2.00
2007.11.15 02:57:53.525,0.993,0.9933,0.50,2.00
2007.11.15 02:57:53.804,0.9929,0.9933,4.00,2.00
2007.11.15 02:57:54.082,0.993,0.9933,0.60,2.00
2007.11.15 02:57:54.514,0.993,0.9933,1.20,2.00
2007.11.15 02:57:54.791,0.993,0.9933,1.20,2.00
2007.11.15 02:57:54.894,0.993,0.9933,1.20,2.00
2007.11.15 02:57:54.997,0.993,0.9933,1.20,2.00
2007.11.15 02:57:55.100,0.993,0.9933,1.20,2.00
2007.11.15 02:57:55.203,0.993,0.9933,1.20,2.00
2007.11.15 02:57:55.306,0.993,0.9933,1.20,2.00
2007.11.15 02:57:55.357,0.993,0.9934,1.20,12.80
2007.11.15 02:57:55.409,0.993,0.9933,1.20,0.80
2007.11.15 02:57:55.512,0.993,0.9933,1.20,0.70
2007.11.15 02:57:55.616,0.993,0.9933,1.20,0.50
2007.11.15 02:57:55.954,0.993,0.9933,1.20,0.60
2007.11.15 02:57:56.280,0.993,0.9934,1.20,12.80
2007.11.15 02:57:56.613,0.993,0.9934,1.20,12.80
2007.11.15 02:57:56.795,0.993,0.9934,1.20,12.80
2007.11.15 02:57:56.977,0.993,0.9934,1.20,12.80
2007.11.15 02:57:57.160,0.993,0.9933,1.20,0.80
2007.11.15 02:57:57.343,0.993,0.9933,1.20,0.90
2007.11.15 02:57:57.526,0.993,0.9934,1.20,12.80
2007.11.15 02:57:57.708,0.993,0.9934,1.20,12.80
2007.11.15 02:57:57.866,0.993,0.9933,1.20,0.90
2007.11.15 02:57:58.024,0.993,0.9933,1.20,0.50
2007.11.15 02:57:58.182,0.993,0.9933,1.20,0.60
2007.11.15 02:57:58.340,0.993,0.9934,1.20,12.80
2007.11.15 02:57:58.497,0.993,0.9934,1.20,12.80
2007.11.15 02:57:58.655,0.993,0.9933,1.20,0.80
2007.11.15 02:57:58.813,0.993,0.9934,1.20,12.80
2007.11.15 02:57:58.990,0.993,0.9933,1.20,0.80
2007.11.15 02:57:59.168,0.993,0.9933,1.20,0.60
2007.11.15 02:57:59.346,0.993,0.9933,1.20,0.80
2007.11.15 02:57:59.523,0.993,0.9934,1.20,12.80
2007.11.15 02:57:59.701,0.993,0.9933,1.20,0.90
2007.11.15 02:57:59.853,0.993,0.9934,1.20,12.80
2007.11.15 02:58:00.006,0.993,0.9934,1.20,12.80
2007.11.15 02:58:00.158,0.993,0.9933,1.20,0.80
2007.11.15 02:58:00.317,0.993,0.9933,1.20,0.50
2007.11.15 02:58:00.464,0.993,0.9934,1.20,12.80
2007.11.15 02:58:00.681,0.993,0.9933,1.20,0.70
2007.11.15 02:58:00.824,0.993,0.9934,1.20,12.80
2007.11.15 02:58:00.966,0.993,0.9934,1.20,12.80
2007.11.15 02:58:01.109,0.993,0.9934,1.20,12.80
2007.11.15 02:58:01.253,0.993,0.9934,1.20,12.80
2007.11.15 02:58:01.395,0.993,0.9933,1.20,0.70
2007.11.15 02:58:01.538,0.993,0.9934,1.20,12.80
2007.11.15 02:58:01.681,0.993,0.9934,1.20,12.80
2007.11.15 02:58:01.968,0.993,0.9934,1.20,12.80
2007.11.15 02:58:02.256,0.993,0.9933,1.20,0.80
2007.11.15 02:58:02.542,0.993,0.9934,1.20,12.80
2007.11.15 02:58:02.831,0.993,0.9933,1.20,0.80
2007.11.15 02:58:02.928,0.993,0.9933,1.20,0.70
2007.11.15 02:58:03.027,0.993,0.9933,1.20,0.50
2007.11.15 02:58:03.124,0.993,0.9933,1.20,0.80
2007.11.15 02:58:03.222,0.993,0.9934,1.20,12.80
2007.11.15 02:58:03.319,0.993,0.9933,1.20,0.60
2007.11.15 02:58:03.417,0.993,0.9934,1.20,12.80
2007.11.15 02:58:03.515,0.993,0.9934,1.20,12.80
2007.11.15 02:58:03.612,0.993,0.9933,1.20,0.50
2007.11.15 02:58:03.710,0.993,0.9933,1.20,0.80
2007.11.15 02:58:03.942,0.993,0.9933,0.50,0.90
2007.11.15 02:58:04.174,0.9928,0.9934,6.80,0.80
2007.11.15 02:58:04.407,0.9928,0.9934,6.80,0.80
2007.11.15 02:58:04.639,0.9928,0.99345,6.80,7.60
2007.11.15 02:58:04.871,0.9928,0.9934,6.80,0.80
2007.11.15 02:58:04.993,0.9928,0.9934,6.80,0.80
2007.11.15 02:58:05.114,0.9928,0.99345,6.80,7.60
2007.11.15 02:58:05.237,0.9928,0.9934,6.80,0.80
2007.11.15 02:58:05.359,0.9928,0.9934,6.80,0.80
2007.11.15 02:58:05.481,0.9928,0.99345,6.80,7.60
2007.11.15 02:58:05.602,0.9928,0.99345,6.80,7.60
2007.11.15 02:58:05.725,0.9928,0.99345,6.80,7.60
2007.11.15 02:58:05.848,0.9928,0.99345,6.80,7.60
2007.11.15 02:58:06.055,0.9928,0.99345,6.80,7.60
2007.11.15 02:58:06.264,0.993,0.99335,1.20,4.40
2007.11.15 02:58:06.471,0.993,0.9933,1.20,0.50
2007.11.15 02:58:06.679,0.993,0.99335,1.20,4.40
2007.11.15 02:58:06.887,0.993,0.9933,1.20,0.80
2007.11.15 02:58:07.105,0.993,0.9933,1.20,0.70
2007.11.15 02:58:07.324,0.993,0.9934,1.20,8.40
2007.11.15 02:58:07.543,0.993,0.9934,1.20,7.60
2007.11.15 02:58:07.761,0.993,0.9934,1.20,7.60
2007.11.15 02:58:07.979,0.993,0.9933,1.20,0.70
2007.11.15 02:58:08.162,0.993,0.9934,1.20,7.60
2007.11.15 02:58:08.345,0.993,0.9934,1.20,7.60
2007.11.15 02:58:08.528,0.993,0.9934,1.20,7.60
2007.11.15 02:58:08.710,0.993,0.9934,1.20,7.60
2007.11.15 02:58:08.893,0.993,0.9933,1.20,0.70
2007.11.15 02:58:09.076,0.993,0.9934,1.20,7.60
2007.11.15 02:58:09.254,0.993,0.9933,1.20,0.60
2007.11.15 02:58:09.431,0.993,0.9934,1.20,7.60
2007.11.15 02:58:09.609,0.993,0.9933,1.20,0.70
2007.11.15 02:58:09.787,0.993,0.9934,1.20,7.60
2007.11.15 02:58:09.965,0.993,0.9933,1.20,0.70
2007.11.15 02:58:10.144,0.993,0.9934,1.20,7.60
2007.11.15 02:58:10.351,0.993,0.9934,1.20,7.60
2007.11.15 02:58:10.558,0.993,0.9934,1.20,7.60
2007.11.15 02:58:10.767,0.993,0.9934,1.20,7.60
2007.11.15 02:58:10.974,0.993,0.9933,1.20,0.80
2007.11.15 02:58:11.181,0.993,0.9933,1.20,0.90
2007.11.15 02:58:11.349,0.993,0.9933,1.20,0.90
2007.11.15 02:58:11.516,0.993,0.9934,1.20,7.60
2007.11.15 02:58:11.684,0.993,0.9934,1.20,7.60
2007.11.15 02:58:11.852,0.993,0.9934,1.20,7.60
2007.11.15 02:58:12.019,0.993,0.9933,1.20,0.50
2007.11.15 02:58:12.188,0.993,0.9933,1.20,0.50
2007.11.15 02:58:12.436,0.993,0.9934,1.20,7.60
2007.11.15 02:58:12.685,0.993,0.9933,1.20,0.60
2007.11.15 02:58:13.037,0.993,0.9933,1.20,0.90
2007.11.15 02:58:13.285,0.993,0.9934,1.20,7.60
2007.11.15 02:58:13.388,0.993,0.9933,1.20,0.50
2007.11.15 02:58:13.489,0.993,0.9933,1.20,0.60
2007.11.15 02:58:13.592,0.993,0.9933,1.20,0.80
2007.11.15 02:58:13.694,0.993,0.9934,1.20,7.60
2007.11.15 02:58:13.797,0.993,0.9934,1.20,7.60
2007.11.15 02:58:13.900,0.993,0.9934,1.20,7.60
2007.11.15 02:58:14.003,0.993,0.9934,1.20,7.60
2007.11.15 02:58:14.106,0.993,0.9933,1.20,0.60
2007.11.15 02:58:14.208,0.993,0.9933,1.20,0.90
2007.11.15 02:58:14.312,0.993,0.9933,1.20,0.90
2007.11.15 02:58:14.414,0.993,0.9933,1.20,0.80
2007.11.15 02:58:14.691,0.993,0.9933,1.20,0.60
2007.11.15 02:58:14.969,0.993,0.9934,1.20,7.60
2007.11.15 02:58:15.245,0.993,0.9934,1.20,7.60
2007.11.15 02:58:15.524,0.993,0.9934,1.20,7.60
2007.11.15 02:58:15.631,0.993,0.9934,1.20,7.60
2007.11.15 02:58:15.739,0.993,0.9933,1.20,0.50
2007.11.15 02:58:15.846,0.993,0.9934,1.20,7.60
2007.11.15 02:58:15.954,0.993,0.9934,1.20,7.60
2007.11.15 02:58:16.061,0.993,0.9934,1.20,7.60
2007.11.15 02:58:16.169,0.993,0.9934,1.20,7.60
2007.11.15 02:58:16.276,0.993,0.9934,1.20,7.60
2007.11.15 02:58:16.384,0.993,0.9933,1.20,0.90
2007.11.15 02:58:16.491,0.993,0.9934,1.20,7.60
2007.11.15 02:58:16.823,0.993,0.9933,1.20,0.60
2007.11.15 02:58:17.155,0.993,0.9934,1.20,7.60
2007.11.15 02:58:17.487,0.993,0.9934,1.20,7.60
2007.11.15 02:58:17.591,0.993,0.9934,1.20,7.60
2007.11.15 02:58:17.683,0.993,0.9934,1.20,7.60
2007.11.15 02:58:17.782,0.993,0.9933,1.20,0.60
2007.11.15 02:58:17.879,0.993,0.9933,1.20,0.70
2007.11.15 02:58:17.978,0.993,0.9933,1.20,0.50
2007.11.15 02:58:18.075,0.993,0.9934,1.20,7.60
2007.11.15 02:58:18.173,0.993,0.9934,1.20,7.60
2007.11.15 02:58:18.271,0.993,0.9933,1.20,0.70
2007.11.15 02:58:18.368,0.993,0.9933,1.20,0.60
2007.11.15 02:58:18.467,0.993,0.9933,1.20,0.90
2007.11.15 02:58:18.745,0.993,0.9934,1.20,7.60
2007.11.15 02:58:19.023,0.993,0.9933,1.20,0.70
2007.11.15 02:58:19.301,0.993,0.9933,1.20,0.80
2007.11.15 02:58:19.578,0.993,0.9934,1.20,7.60
2007.11.15 02:58:19.685,0.993,0.9933,1.20,0.60
2007.11.15 02:58:19.794,0.993,0.9934,1.20,7.60
2007.11.15 02:58:19.901,0.993,0.9933,1.20,0.90
2007.11.15 02:58:20.009,0.993,0.9934,1.20,7.60
2007.11.15 02:58:20.117,0.993,0.9934,1.20,7.60
2007.11.15 02:58:20.224,0.993,0.9934,1.20,7.60
2007.11.15 02:58:20.331,0.993,0.9934,1.20,7.60
2007.11.15 02:58:20.440,0.993,0.9934,1.20,7.60
2007.11.15 02:58:20.547,0.993,0.9934,1.20,7.60
2007.11.15 02:58:20.825,0.993,0.9934,1.20,0.60
2007.11.15 02:58:21.103,0.993,0.9934,1.20,0.60
2007.11.15 02:58:21.380,0.993,0.9934,1.20,0.70
2007.11.15 02:58:21.657,0.993,0.9934,1.20,0.50
2007.11.15 02:58:21.875,0.993,0.99345,1.20,5.20
2007.11.15 02:58:22.093,0.993,0.9934,1.20,0.60
2007.11.15 02:58:22.312,0.993,0.99345,1.20,5.20
2007.11.15 02:58:22.529,0.993,0.9934,1.20,2.80
2007.11.15 02:58:22.747,0.993,0.9934,1.20,2.80
2007.11.15 02:58:22.871,0.993,0.9934,1.20,2.80
2007.11.15 02:58:22.993,0.993,0.9934,1.20,2.80
2007.11.15 02:58:23.115,0.993,0.9934,1.20,2.80
2007.11.15 02:58:23.238,0.993,0.9934,1.20,2.80
2007.11.15 02:58:23.361,0.993,0.9934,1.20,2.80
2007.11.15 02:58:23.483,0.993,0.9934,1.20,2.80
2007.11.15 02:58:23.612,0.993,0.9934,1.20,2.80
2007.11.15 02:58:23.729,0.993,0.9934,1.20,2.80
2007.11.15 02:58:23.853,0.993,0.9934,1.20,2.80
2007.11.15 02:58:24.086,0.993,0.9934,1.20,2.80
2007.11.15 02:58:24.319,0.993,0.9934,1.20,2.80
2007.11.15 02:58:24.551,0.993,0.9934,1.20,2.80
2007.11.15 02:58:24.784,0.993,0.9934,1.20,2.80
2007.11.15 02:58:24.923,0.993,0.9934,1.20,2.80
2007.11.15 02:58:25.060,0.993,0.9934,1.20,2.80
2007.11.15 02:58:25.199,0.993,0.9934,1.20,2.80
2007.11.15 02:58:25.405,0.993,0.9934,1.20,2.80
2007.11.15 02:58:25.543,0.993,0.9934,1.20,2.80
2007.11.15 02:58:25.681,0.993,0.9934,1.20,2.80
2007.11.15 02:58:25.818,0.993,0.9934,1.20,2.80
2007.11.15 02:58:25.996,0.993,0.9934,1.20,2.80
2007.11.15 02:58:26.175,0.993,0.9934,1.20,2.80
2007.11.15 02:58:26.360,0.993,0.9934,1.20,2.80
2007.11.15 02:58:26.537,0.993,0.9934,1.20,2.80
2007.11.15 02:58:26.715,0.993,0.9934,1.20,2.80
2007.11.15 02:58:26.893,0.993,0.9934,1.20,2.80
2007.11.15 02:58:27.166,0.993,0.9934,1.20,2.80
2007.11.15 02:58:27.440,0.993,0.9934,1.20,2.80
2007.11.15 02:58:27.711,0.993,0.9934,1.20,2.80
2007.11.15 02:58:27.983,0.993,0.9934,1.20,2.80
2007.11.15 02:58:28.087,0.993,0.9934,1.20,2.80
2007.11.15 02:58:28.190,0.993,0.9934,1.20,2.80
2007.11.15 02:58:28.293,0.993,0.9934,1.20,2.80
2007.11.15 02:58:28.396,0.993,0.9934,1.20,2.80
2007.11.15 02:58:28.498,0.993,0.9934,1.20,2.80
2007.11.15 02:58:28.600,0.993,0.9934,1.20,2.80
2007.11.15 02:58:28.706,0.993,0.9934,1.20,2.80
2007.11.15 02:58:28.810,0.993,0.9934,1.20,2.80
2007.11.15 02:58:28.912,0.993,0.9934,1.20,2.80
2007.11.15 02:58:29.014,0.993,0.9934,1.20,2.80
2007.11.15 02:58:29.268,0.993,0.9934,1.20,2.80
2007.11.15 02:58:29.520,0.993,0.9934,1.20,2.80
2007.11.15 02:58:29.773,0.993,0.9934,1.20,2.80
2007.11.15 02:58:30.026,0.993,0.9934,1.20,2.80
2007.11.15 02:58:30.153,0.993,0.9934,1.20,2.80
2007.11.15 02:58:30.282,0.993,0.9934,1.20,2.80
2007.11.15 02:58:30.409,0.993,0.9934,1.20,2.80
2007.11.15 02:58:30.536,0.993,0.9934,1.20,2.80
2007.11.15 02:58:30.668,0.993,0.9934,1.20,2.80
2007.11.15 02:58:30.795,0.993,0.9934,1.20,2.80
2007.11.15 02:58:30.924,0.993,0.9934,1.20,2.80
2007.11.15 02:58:31.051,0.993,0.9934,1.20,2.80
2007.11.15 02:58:31.280,0.9931,0.9934,0.80,2.00
2007.11.15 02:58:31.595,0.9931,0.9934,1.20,1.60
2007.11.15 02:58:31.823,0.9931,0.9934,1.20,1.60
2007.11.15 02:58:32.052,0.9931,0.9934,1.20,1.60
2007.11.15 02:58:32.314,0.9931,0.9934,1.20,1.60
2007.11.15 02:58:32.577,0.9931,0.9934,1.20,1.60
2007.11.15 02:58:32.595,0.9931,0.9935,1.20,9.20
2007.11.15 02:58:32.840,0.9931,0.9935,1.20,9.20
2007.11.15 02:58:33.102,0.9931,0.9935,1.20,9.20
2007.11.15 02:58:33.240,0.9931,0.9935,1.20,9.20
2007.11.15 02:58:33.378,0.9931,0.9935,1.20,9.20
2007.11.15 02:58:33.516,0.9931,0.9935,1.20,9.20
2007.11.15 02:58:33.654,0.9931,0.9935,1.20,9.20
2007.11.15 02:58:33.792,0.9931,0.9935,1.20,9.20
2007.11.15 02:58:33.930,0.9931,0.9935,1.20,9.20
2007.11.15 02:58:34.068,0.9931,0.9935,1.20,9.20
2007.11.15 02:58:34.286,0.9931,0.9934,1.20,0.70
2007.11.15 02:58:34.505,0.9931,0.9935,1.20,9.20
2007.11.15 02:58:34.723,0.9931,0.9935,1.20,9.20
2007.11.15 02:58:34.940,0.9931,0.9935,1.20,9.20
2007.11.15 02:58:35.160,0.9931,0.99355,1.20,6.80
2007.11.15 02:58:35.304,0.9931,0.9935,1.20,5.70
2007.11.15 02:58:35.453,0.9931,0.9935,1.20,5.70
2007.11.15 02:58:35.590,0.9931,0.9934,1.20,0.50
2007.11.15 02:58:35.733,0.9931,0.9934,1.20,0.50
2007.11.15 02:58:35.876,0.9931,0.9935,1.20,5.70
2007.11.15 02:58:36.018,0.9931,0.9935,1.20,5.70
2007.11.15 02:58:36.161,0.9931,0.9934,1.20,0.50
2007.11.15 02:58:36.419,0.9931,0.9935,1.20,5.70
2007.11.15 02:58:36.671,0.9931,0.9934,1.20,0.50
2007.11.15 02:58:36.926,0.9931,0.9934,1.20,0.50
2007.11.15 02:58:37.178,0.9931,0.9935,1.20,5.70
2007.11.15 02:58:37.386,0.9931,0.9935,1.20,5.70
2007.11.15 02:58:37.593,0.9931,0.9934,1.20,0.50
2007.11.15 02:58:37.801,0.9931,0.9935,1.20,5.70
2007.11.15 02:58:38.008,0.9931,0.9935,1.20,5.70
2007.11.15 02:58:38.216,0.9931,0.9934,1.20,0.50
2007.11.15 02:58:38.354,0.9931,0.9935,1.20,5.70
2007.11.15 02:58:38.492,0.9931,0.9935,1.20,5.70
2007.11.15 02:58:38.629,0.9931,0.9934,1.20,0.50
2007.11.15 02:58:38.767,0.9931,0.9935,1.20,5.70
2007.11.15 02:58:38.904,0.9931,0.9935,1.20,5.70
2007.11.15 02:58:39.041,0.9931,0.9935,1.20,5.70
2007.11.15 02:58:39.180,0.9931,0.9934,1.20,0.50
2007.11.15 02:58:39.319,0.9931,0.9934,1.20,0.50
2007.11.15 02:58:39.521,0.9931,0.9935,1.20,5.70
2007.11.15 02:58:39.724,0.9931,0.9934,1.20,0.50
2007.11.15 02:58:39.931,0.9931,0.9935,1.20,5.70
2007.11.15 02:58:40.134,0.9931,0.9935,1.20,5.70
2007.11.15 02:58:40.336,0.9931,0.9935,1.20,5.70
2007.11.15 02:58:40.484,0.9931,0.9934,1.20,0.50
2007.11.15 02:58:40.632,0.9931,0.9935,1.20,5.70
2007.11.15 02:58:40.779,0.9931,0.9934,1.20,0.50
2007.11.15 02:58:40.927,0.9931,0.9935,1.20,5.70
2007.11.15 02:58:41.075,0.9931,0.9935,1.20,5.70
2007.11.15 02:58:41.224,0.9931,0.9934,1.20,0.50
2007.11.15 02:58:41.371,0.9931,0.9935,1.20,5.70
2007.11.15 02:58:41.538,0.9931,0.9935,1.20,5.70
2007.11.15 02:58:41.707,0.9931,0.9935,1.20,5.70
2007.11.15 02:58:41.874,0.9931,0.9934,1.20,0.50
2007.11.15 02:58:42.042,0.9931,0.9935,1.20,5.70
2007.11.15 02:58:42.210,0.9931,0.9934,1.20,0.50
2007.11.15 02:58:42.378,0.9931,0.9935,1.20,5.70
2007.11.15 02:58:42.641,0.9931,0.9935,1.20,5.70
2007.11.15 02:58:42.904,0.9931,0.9934,1.20,0.50
2007.11.15 02:58:43.167,0.9931,0.9935,1.20,5.70
2007.11.15 02:58:43.430,0.9931,0.9935,1.20,5.70
2007.11.15 02:58:43.698,0.9931,0.9934,1.20,0.50
2007.11.15 02:58:43.947,0.9931,0.9934,1.20,0.50
2007.11.15 02:58:44.043,0.9931,0.9935,1.20,5.70
2007.11.15 02:58:44.141,0.9931,0.9935,1.20,5.70
2007.11.15 02:58:44.240,0.9931,0.9934,1.20,0.50
2007.11.15 02:58:44.337,0.9931,0.9934,1.20,0.50
2007.11.15 02:58:44.434,0.9931,0.9935,1.20,5.70
2007.11.15 02:58:44.531,0.9931,0.9935,1.20,5.70
2007.11.15 02:58:44.744,0.9931,0.9935,1.20,5.70
2007.11.15 02:58:44.957,0.9931,0.9935,1.20,5.70
2007.11.15 02:58:45.169,0.9931,0.9935,1.20,5.70
2007.11.15 02:58:45.382,0.9931,0.9934,1.20,0.50
2007.11.15 02:58:45.595,0.9931,0.9935,1.20,4.90
2007.11.15 02:58:45.733,0.9931,0.9934,1.20,0.70
2007.11.15 02:58:45.871,0.9931,0.9935,1.20,5.60
2007.11.15 02:58:46.009,0.9931,0.9935,1.20,5.60
2007.11.15 02:58:46.147,0.9931,0.9935,1.20,5.60
2007.11.15 02:58:46.285,0.9931,0.9934,1.20,0.80
2007.11.15 02:58:46.424,0.9931,0.9934,1.20,0.70
2007.11.15 02:58:46.561,0.9931,0.9934,1.20,0.60
2007.11.15 02:58:46.869,0.9931,0.9935,1.20,5.60
2007.11.15 02:58:47.177,0.9931,0.9935,1.20,5.60
2007.11.15 02:58:47.485,0.9931,0.9935,1.20,5.60
2007.11.15 02:58:47.793,0.9931,0.9934,1.20,0.80
2007.11.15 02:58:47.891,0.9931,0.9935,1.20,5.60
2007.11.15 02:58:47.989,0.9931,0.9935,1.20,5.60
2007.11.15 02:58:48.087,0.9931,0.9935,1.20,5.60
2007.11.15 02:58:48.184,0.9931,0.9934,1.20,0.80
2007.11.15 02:58:48.282,0.9931,0.9935,1.20,5.60
2007.11.15 02:58:48.380,0.9931,0.9934,1.20,0.90
2007.11.15 02:58:48.477,0.9931,0.9934,1.20,0.80
2007.11.15 02:58:48.575,0.9931,0.9934,1.20,0.50
2007.11.15 02:58:48.673,0.9931,0.9934,1.20,0.60
2007.11.15 02:58:48.906,0.9931,0.9935,1.20,5.60
2007.11.15 02:58:49.139,0.9931,0.9934,1.20,0.70
2007.11.15 02:58:49.372,0.9931,0.9934,1.20,0.90
2007.11.15 02:58:49.605,0.9931,0.9935,1.20,5.60
2007.11.15 02:58:49.838,0.9931,0.9935,1.20,5.60
2007.11.15 02:58:50.117,0.9931,0.9934,1.20,0.70
2007.11.15 02:58:50.249,0.9931,0.9935,1.20,5.60
2007.11.15 02:58:50.382,0.9931,0.9935,1.20,5.60
2007.11.15 02:58:50.516,0.9931,0.9934,1.20,0.80
2007.11.15 02:58:50.649,0.9931,0.9934,1.20,0.50
2007.11.15 02:58:50.808,0.9931,0.9934,1.20,0.90
2007.11.15 02:58:50.964,0.9931,0.9935,1.20,5.60
2007.11.15 02:58:51.122,0.9931,0.9934,1.20,0.50
2007.11.15 02:58:51.280,0.9931,0.9935,1.20,5.60
2007.11.15 02:58:51.439,0.9931,0.9935,1.20,5.60
2007.11.15 02:58:51.596,0.9931,0.9935,1.20,5.60
2007.11.15 02:58:51.753,0.9931,0.9935,1.20,5.60
2007.11.15 02:58:52.022,0.9931,0.9935,1.20,5.60
2007.11.15 02:58:52.289,0.9931,0.9934,1.20,0.90
2007.11.15 02:58:52.558,0.9931,0.9934,1.20,0.50
2007.11.15 02:58:52.825,0.9931,0.9934,1.20,0.50
2007.11.15 02:58:52.948,0.9931,0.9934,1.20,0.90
2007.11.15 02:58:53.072,0.9931,0.9935,1.20,5.60
2007.11.15 02:58:53.195,0.9931,0.9935,1.20,5.60
2007.11.15 02:58:53.317,0.9931,0.9935,1.20,5.60
2007.11.15 02:58:53.440,0.9931,0.9935,1.20,5.60
2007.11.15 02:58:53.563,0.9931,0.9935,1.20,5.60
2007.11.15 02:58:53.686,0.9931,0.9935,1.20,5.60
2007.11.15 02:58:53.810,0.9931,0.9934,1.20,0.50
2007.11.15 02:58:54.017,0.9931,0.9935,1.20,5.60
2007.11.15 02:58:54.225,0.9931,0.9934,1.20,0.80
2007.11.15 02:58:54.433,0.9931,0.9935,1.20,5.60
2007.11.15 02:58:54.641,0.9931,0.9935,1.20,5.60
2007.11.15 02:58:54.849,0.9931,0.9934,1.20,0.70
2007.11.15 02:58:55.011,0.9931,0.9935,1.20,5.60
2007.11.15 02:58:55.174,0.9931,0.9935,1.20,5.60
2007.11.15 02:58:55.337,0.9931,0.9935,1.20,5.60
2007.11.15 02:58:55.499,0.9931,0.9935,1.20,5.60
2007.11.15 02:58:55.668,0.9931,0.9935,1.20,5.60
2007.11.15 02:58:55.824,0.9931,0.9935,1.20,5.60
2007.11.15 02:58:55.987,0.9931,0.9934,1.20,0.70
2007.11.15 02:58:56.280,0.9931,0.9934,1.20,0.50
2007.11.15 02:58:56.460,0.9931,0.9935,1.20,5.60
2007.11.15 02:58:56.637,0.9931,0.9934,1.20,0.50
2007.11.15 02:58:56.820,0.9931,0.9935,1.20,5.60
2007.11.15 02:58:56.996,0.9931,0.9935,1.20,5.60
2007.11.15 02:58:57.226,0.9931,0.9934,1.20,0.50
2007.11.15 02:58:57.453,0.9931,0.9935,1.20,5.60
2007.11.15 02:58:57.684,0.9931,0.9934,1.20,0.80
2007.11.15 02:58:57.910,0.9931,0.9935,1.20,5.60
2007.11.15 02:58:58.140,0.9931,0.9934,1.20,0.80
2007.11.15 02:58:58.273,0.9931,0.9934,1.20,0.80
2007.11.15 02:58:58.405,0.9931,0.9935,1.20,5.60
2007.11.15 02:58:58.537,0.9931,0.9935,1.20,5.60
2007.11.15 02:58:58.671,0.9931,0.9934,1.20,0.50
2007.11.15 02:58:58.804,0.9931,0.9935,1.20,5.60
2007.11.15 02:58:58.937,0.9931,0.9935,1.20,5.60
2007.11.15 02:58:59.070,0.9931,0.9935,1.20,5.60
2007.11.15 02:58:59.248,0.9931,0.9935,1.20,5.60
2007.11.15 02:58:59.430,0.9931,0.9935,1.20,5.60
2007.11.15 02:58:59.609,0.9931,0.9935,1.20,5.60
2007.11.15 02:58:59.787,0.9931,0.9935,1.20,5.60
2007.11.15 02:58:59.964,0.9931,0.9935,1.20,5.60
2007.11.15 02:59:00.142,0.9931,0.9934,1.20,0.80
2007.11.15 02:59:00.295,0.9931,0.9935,1.20,5.60
2007.11.15 02:59:00.438,0.9931,0.9934,1.20,0.50
2007.11.15 02:59:00.586,0.9931,0.9934,1.20,0.60
2007.11.15 02:59:00.733,0.9931,0.9934,1.20,0.70
2007.11.15 02:59:00.881,0.9931,0.9934,1.20,0.80
2007.11.15 02:59:01.029,0.9931,0.9934,1.20,0.70
2007.11.15 02:59:01.177,0.9931,0.9934,1.20,0.80
2007.11.15 02:59:01.345,0.9931,0.9934,1.20,0.50
2007.11.15 02:59:01.514,0.9931,0.9935,1.20,5.60
2007.11.15 02:59:01.682,0.9931,0.9935,1.20,5.60
2007.11.15 02:59:01.849,0.9931,0.9934,1.20,2.00
2007.11.15 02:59:02.017,0.9931,0.9934,1.20,2.00
2007.11.15 02:59:02.185,0.9931,0.9934,1.20,2.00
2007.11.15 02:59:02.443,0.9931,0.9934,1.20,2.00
2007.11.15 02:59:02.690,0.9931,0.9934,1.20,2.00
2007.11.15 02:59:02.938,0.9931,0.9934,1.20,2.00
2007.11.15 02:59:03.186,0.9931,0.9934,1.20,2.00
2007.11.15 02:59:03.288,0.9931,0.9934,1.20,2.00
2007.11.15 02:59:03.390,0.9931,0.9934,1.20,2.00
2007.11.15 02:59:03.493,0.9931,0.9934,1.20,2.00
2007.11.15 02:59:03.596,0.9931,0.9934,1.20,2.00
2007.11.15 02:59:03.698,0.9931,0.9934,1.20,2.00
2007.11.15 02:59:03.801,0.9931,0.9934,1.20,2.00
2007.11.15 02:59:03.904,0.9931,0.9934,1.20,2.00
2007.11.15 02:59:04.007,0.9931,0.9934,1.20,2.00
2007.11.15 02:59:04.110,0.9931,0.9934,1.20,2.00
2007.11.15 02:59:04.213,0.9931,0.9934,1.20,2.00
2007.11.15 02:59:04.461,0.9931,0.9934,1.20,2.00
2007.11.15 02:59:04.708,0.9931,0.9934,1.20,2.00
2007.11.15 02:59:04.955,0.9931,0.9934,1.20,2.00
2007.11.15 02:59:05.203,0.9931,0.9934,1.20,2.00
2007.11.15 02:59:05.450,0.9931,0.9934,0.50,2.00
2007.11.15 02:59:05.593,0.9931,0.9934,0.50,2.00
2007.11.15 02:59:05.735,0.9931,0.9934,0.50,2.00
2007.11.15 02:59:05.878,0.9931,0.9934,0.50,2.00
2007.11.15 02:59:06.025,0.9931,0.9934,0.50,2.00
2007.11.15 02:59:06.163,0.9931,0.9934,0.50,2.00
2007.11.15 02:59:06.305,0.9931,0.9934,0.50,2.00
2007.11.15 02:59:06.573,0.9931,0.9934,0.50,2.00
2007.11.15 02:59:06.841,0.9931,0.9934,0.50,2.00
2007.11.15 02:59:07.109,0.9931,0.9934,0.50,2.00
2007.11.15 02:59:07.377,0.9931,0.9934,0.50,2.00
2007.11.15 02:59:07.619,0.9931,0.9934,0.50,2.00
2007.11.15 02:59:07.861,0.9931,0.9934,0.50,2.00
2007.11.15 02:59:08.103,0.9931,0.9934,0.50,2.00
2007.11.15 02:59:08.346,0.9931,0.9934,0.50,2.00
2007.11.15 02:59:08.602,0.9931,0.9934,0.50,2.00
2007.11.15 02:59:08.756,0.9931,0.9934,0.50,2.00
2007.11.15 02:59:08.908,0.9931,0.9934,0.50,2.00
2007.11.15 02:59:09.060,0.9931,0.9934,0.50,2.00
2007.11.15 02:59:09.213,0.9931,0.9934,0.50,2.00
2007.11.15 02:59:09.367,0.9931,0.9934,0.50,2.00
2007.11.15 02:59:09.536,0.9931,0.9934,0.50,2.00
2007.11.15 02:59:09.704,0.9931,0.9934,0.50,2.00
2007.11.15 02:59:09.871,0.9931,0.9934,0.50,2.00
2007.11.15 02:59:10.039,0.9931,0.9934,0.50,2.00
2007.11.15 02:59:10.213,0.9931,0.9934,0.50,2.00
2007.11.15 02:59:10.375,0.9931,0.9934,0.50,2.00
2007.11.15 02:59:10.532,0.9931,0.9934,0.50,2.00
2007.11.15 02:59:10.690,0.9931,0.9934,0.50,2.00
2007.11.15 02:59:10.848,0.9931,0.9934,0.50,2.00
2007.11.15 02:59:11.005,0.9931,0.9934,0.50,2.00
2007.11.15 02:59:11.162,0.9931,0.9934,0.50,2.00
2007.11.15 02:59:11.320,0.9931,0.9934,0.50,2.00
2007.11.15 02:59:11.477,0.9931,0.9934,0.50,2.00
2007.11.15 02:59:11.646,0.9931,0.9934,0.50,2.00
2007.11.15 02:59:11.809,0.9931,0.9934,0.50,2.00
2007.11.15 02:59:11.971,0.9931,0.9934,0.50,2.00
2007.11.15 02:59:12.134,0.9931,0.9934,0.50,2.00
2007.11.15 02:59:12.297,0.9931,0.9934,0.50,2.00
2007.11.15 02:59:12.465,0.9931,0.9934,0.50,2.00
2007.11.15 02:59:12.623,0.9931,0.9934,0.50,2.00
2007.11.15 02:59:12.895,0.9931,0.9934,0.50,2.00
2007.11.15 02:59:13.168,0.9931,0.9934,0.50,2.00
2007.11.15 02:59:13.441,0.9931,0.9934,0.50,2.00
2007.11.15 02:59:13.713,0.9931,0.9934,0.50,2.00
2007.11.15 02:59:13.906,0.9931,0.9934,0.50,2.00
2007.11.15 02:59:14.098,0.9931,0.9934,0.50,2.00
2007.11.15 02:59:14.291,0.9931,0.9934,0.50,2.00
2007.11.15 02:59:14.485,0.9931,0.9934,0.50,2.00
2007.11.15 02:59:14.763,0.9931,0.9934,0.50,2.00
2007.11.15 02:59:14.953,0.9931,0.9934,0.50,2.00
2007.11.15 02:59:15.140,0.9931,0.9934,0.50,2.00
2007.11.15 02:59:15.329,0.9931,0.9934,0.50,2.00
2007.11.15 02:59:15.516,0.9931,0.9934,0.50,2.00
2007.11.15 02:59:15.706,0.9931,0.9934,0.50,2.00
2007.11.15 02:59:15.853,0.993,0.9935,0.80,0.80
2007.11.15 02:59:16.000,0.993,0.9935,0.80,0.80
2007.11.15 02:59:16.148,0.993,0.9935,0.80,0.80
2007.11.15 02:59:16.295,0.993,0.9935,0.80,0.80
2007.11.15 02:59:16.443,0.993,0.9935,0.80,0.80
2007.11.15 02:59:16.591,0.993,0.9935,0.80,0.80
2007.11.15 02:59:16.743,0.993,0.9935,0.80,0.80
2007.11.15 02:59:17.018,0.993,0.9935,0.80,0.80
2007.11.15 02:59:17.296,0.993,0.9935,0.80,0.80
2007.11.15 02:59:17.574,0.993,0.9935,0.80,0.80
2007.11.15 02:59:17.852,0.993,0.9935,0.80,0.80
2007.11.15 02:59:17.969,0.993,0.9935,0.80,0.80
2007.11.15 02:59:18.087,0.993,0.9935,0.80,0.80
2007.11.15 02:59:18.204,0.993,0.9935,0.80,0.80
2007.11.15 02:59:18.322,0.993,0.9935,0.80,0.80
2007.11.15 02:59:18.440,0.993,0.9935,0.80,0.80
2007.11.15 02:59:18.557,0.993,0.9935,0.80,0.80
2007.11.15 02:59:18.675,0.993,0.9935,0.80,0.80
2007.11.15 02:59:18.793,0.993,0.9935,0.80,0.80
2007.11.15 02:59:18.910,0.993,0.9935,0.80,0.80
2007.11.15 02:59:19.027,0.993,0.9935,0.80,0.80
2007.11.15 02:59:19.250,0.993,0.9935,0.80,0.80
2007.11.15 02:59:19.472,0.993,0.9935,0.80,0.80
2007.11.15 02:59:19.699,0.993,0.9935,0.80,0.80
2007.11.15 02:59:19.922,0.993,0.9935,0.80,0.80
2007.11.15 02:59:20.145,0.993,0.9935,0.80,0.80
2007.11.15 02:59:20.326,0.993,0.9935,0.80,0.80
2007.11.15 02:59:20.492,0.993,0.9935,0.80,0.80
2007.11.15 02:59:20.664,0.993,0.9935,0.80,0.80
2007.11.15 02:59:20.919,0.993,0.9935,0.80,0.80
2007.11.15 02:59:21.090,0.993,0.9935,0.80,0.80
2007.11.15 02:59:21.317,0.993,0.9935,0.80,0.80
2007.11.15 02:59:21.544,0.993,0.9935,0.80,0.80
2007.11.15 02:59:21.772,0.993,0.9935,0.80,0.80
2007.11.15 02:59:21.998,0.993,0.9935,0.80,0.80
2007.11.15 02:59:22.227,0.993,0.9935,0.80,0.80
2007.11.15 02:59:22.464,0.993,0.9935,0.80,0.80
2007.11.15 02:59:22.702,0.993,0.9935,0.80,0.80
2007.11.15 02:59:22.940,0.99305,0.9935,0.50,1.20
2007.11.15 02:59:23.177,0.99305,0.9935,0.50,1.20
2007.11.15 02:59:23.380,0.99305,0.9935,0.50,1.20
2007.11.15 02:59:23.583,0.99305,0.9935,0.50,1.20
2007.11.15 02:59:23.786,0.99305,0.9935,0.50,1.20
2007.11.15 02:59:23.988,0.99305,0.9935,0.50,0.50
2007.11.15 02:59:24.197,0.99305,0.9935,0.50,0.50
2007.11.15 02:59:24.399,0.99305,0.9935,0.50,0.50
2007.11.15 02:59:24.642,0.99305,0.9935,0.50,0.50
2007.11.15 02:59:24.889,0.99305,0.9935,0.50,0.50
2007.11.15 02:59:25.126,0.99305,0.9935,0.50,0.50
2007.11.15 02:59:25.368,0.99305,0.9935,0.50,0.50
2007.11.15 02:59:25.541,0.99305,0.9935,0.50,0.50
2007.11.15 02:59:25.714,0.99305,0.9935,0.50,0.50
2007.11.15 02:59:25.885,0.99305,0.9935,0.50,0.50
2007.11.15 02:59:26.058,0.99305,0.9935,0.50,0.50
2007.11.15 02:59:26.231,0.99305,0.9935,0.50,0.50
2007.11.15 02:59:26.404,0.99305,0.9935,0.50,0.50
2007.11.15 02:59:26.621,0.99305,0.9935,0.50,0.50
2007.11.15 02:59:26.838,0.99305,0.9935,0.50,0.50
2007.11.15 02:59:27.082,0.99305,0.9935,0.50,0.50
2007.11.15 02:59:27.300,0.99305,0.9935,0.50,0.50
2007.11.15 02:59:27.528,0.99305,0.9935,0.50,0.50
2007.11.15 02:59:27.756,0.99305,0.9935,0.50,0.50
2007.11.15 02:59:27.985,0.993,0.99355,0.80,1.60
2007.11.15 02:59:28.212,0.993,0.99355,7.60,1.60
2007.11.15 02:59:28.441,0.9931,0.9934,1.20,1.60
2007.11.15 02:59:28.588,0.9931,0.9934,1.20,1.60
2007.11.15 02:59:28.732,0.9931,0.9934,1.20,1.60
2007.11.15 02:59:28.875,0.9931,0.9934,1.20,1.60
2007.11.15 02:59:29.017,0.9931,0.9934,1.20,1.60
2007.11.15 02:59:29.161,0.9932,0.9934,0.80,1.60
2007.11.15 02:59:29.304,0.9932,0.9935,1.20,2.00
2007.11.15 02:59:29.447,0.9932,0.9935,1.20,2.00
2007.11.15 02:59:29.684,0.9932,0.9935,1.20,2.00
2007.11.15 02:59:29.922,0.9932,0.9935,1.20,2.00
2007.11.15 02:59:30.159,0.9932,0.9935,1.20,2.00
2007.11.15 02:59:30.398,0.9932,0.9935,1.20,2.00
2007.11.15 02:59:30.545,0.9932,0.9935,1.20,2.00
2007.11.15 02:59:30.693,0.9932,0.9935,1.20,2.00
2007.11.15 02:59:30.841,0.9932,0.9935,1.20,2.00
2007.11.15 02:59:30.990,0.9932,0.9935,1.20,2.00
2007.11.15 02:59:31.137,0.9932,0.9935,1.20,2.00
2007.11.15 02:59:31.284,0.9932,0.9935,1.20,2.00
2007.11.15 02:59:31.433,0.9932,0.9935,1.20,2.00
2007.11.15 02:59:31.605,0.9932,0.9935,1.20,2.00
2007.11.15 02:59:31.777,0.9932,0.9935,1.20,2.00
2007.11.15 02:59:31.950,0.9932,0.9935,1.20,2.00
2007.11.15 02:59:32.123,0.9932,0.9935,1.20,2.00
2007.11.15 02:59:32.295,0.9932,0.9935,1.20,2.00
2007.11.15 02:59:32.469,0.9932,0.9935,1.20,2.00
2007.11.15 02:59:32.797,0.9932,0.9935,1.20,2.00
2007.11.15 02:59:33.245,0.9932,0.9935,1.20,2.00
2007.11.15 02:59:33.573,0.9932,0.9935,1.20,2.00
2007.11.15 02:59:33.716,0.9932,0.9935,1.20,2.00
2007.11.15 02:59:33.861,0.9932,0.9935,1.20,2.00
2007.11.15 02:59:34.004,0.9932,0.9935,1.20,2.00
2007.11.15 02:59:34.148,0.9932,0.9935,1.20,2.00
2007.11.15 02:59:34.291,0.9932,0.9935,1.20,2.00
2007.11.15 02:59:34.434,0.9932,0.9935,1.20,2.00
2007.11.15 02:59:34.582,0.9932,0.9935,1.20,2.00
2007.11.15 02:59:34.771,0.9932,0.9935,1.20,2.00
2007.11.15 02:59:34.963,0.9932,0.9935,1.20,2.00
2007.11.15 02:59:35.156,0.9932,0.9935,1.20,2.00
2007.11.15 02:59:35.349,0.9932,0.9935,1.20,2.00
2007.11.15 02:59:35.543,0.9932,0.9935,1.20,2.00
2007.11.15 02:59:35.736,0.9932,0.9935,1.20,2.00
2007.11.15 02:59:35.894,0.9932,0.9935,1.20,2.00
2007.11.15 02:59:36.052,0.9932,0.9935,1.20,2.00
2007.11.15 02:59:36.211,0.9931,0.9935,1.20,2.00
2007.11.15 02:59:36.247,0.993,0.9935,26.00,2.00
2007.11.15 02:59:36.376,0.993,0.9935,26.00,2.80
2007.11.15 02:59:36.534,0.993,0.9935,26.00,2.80
2007.11.15 02:59:36.695,0.993,0.9935,26.00,2.80
2007.11.15 02:59:36.957,0.993,0.9935,26.00,2.80
2007.11.15 02:59:37.219,0.9931,0.9935,0.60,2.80
2007.11.15 02:59:37.482,0.9931,0.9935,1.20,2.80
2007.11.15 02:59:37.745,0.9931,0.9934,1.20,0.50
2007.11.15 02:59:37.964,0.9931,0.9934,1.20,0.50
2007.11.15 02:59:38.182,0.9931,0.9934,1.20,0.50
2007.11.15 02:59:38.400,0.9931,0.9934,1.20,0.50
2007.11.15 02:59:38.618,0.9931,0.9934,1.20,0.50
2007.11.15 02:59:38.836,0.9931,0.9934,1.20,0.50
2007.11.15 02:59:39.009,0.9931,0.9934,1.20,0.50
2007.11.15 02:59:39.182,0.9932,0.9934,0.80,0.50
2007.11.15 02:59:39.417,0.9932,0.9934,1.20,1.60
2007.11.15 02:59:39.590,0.9932,0.9934,1.20,1.60
2007.11.15 02:59:39.763,0.9932,0.9934,1.20,1.60
2007.11.15 02:59:39.982,0.9932,0.9934,1.20,1.60
2007.11.15 02:59:40.199,0.9932,0.9934,1.20,1.60
2007.11.15 02:59:40.418,0.9932,0.9935,1.20,2.00
2007.11.15 02:59:40.635,0.9932,0.9935,1.20,2.00
2007.11.15 02:59:40.853,0.9932,0.9935,1.20,2.00
2007.11.15 02:59:41.025,0.9932,0.9935,1.20,2.00
2007.11.15 02:59:41.198,0.9932,0.9935,1.20,2.00
2007.11.15 02:59:41.371,0.9932,0.9935,1.20,2.00
2007.11.15 02:59:41.545,0.9932,0.9935,1.20,2.00
2007.11.15 02:59:41.718,0.9932,0.9935,1.20,2.00
2007.11.15 02:59:41.890,0.9932,0.9935,1.20,2.00
2007.11.15 02:59:42.183,0.9932,0.9935,1.20,2.00
2007.11.15 02:59:42.477,0.9932,0.9935,1.20,2.00
2007.11.15 02:59:42.770,0.9932,0.9935,1.20,2.00
2007.11.15 02:59:43.063,0.9932,0.9935,1.20,2.00
2007.11.15 02:59:43.175,0.9932,0.9935,1.20,2.00
2007.11.15 02:59:43.287,0.9932,0.9935,1.20,2.00
2007.11.15 02:59:43.400,0.9932,0.9935,1.20,2.00
2007.11.15 02:59:43.513,0.9932,0.9935,1.20,2.00
2007.11.15 02:59:43.625,0.9932,0.9935,1.20,2.00
2007.11.15 02:59:43.738,0.9932,0.9935,1.20,2.00
2007.11.15 02:59:43.850,0.9932,0.9935,1.20,2.00
2007.11.15 02:59:43.963,0.9932,0.9935,1.20,2.00
2007.11.15 02:59:44.162,0.9932,0.9935,1.20,2.00
2007.11.15 02:59:44.359,0.9932,0.9935,1.20,2.00
2007.11.15 02:59:44.561,0.9932,0.9935,1.20,2.00
2007.11.15 02:59:44.758,0.9932,0.9935,1.20,2.00
2007.11.15 02:59:44.956,0.9932,0.9935,1.20,2.00
2007.11.15 02:59:45.153,0.9932,0.9935,1.20,2.00
2007.11.15 02:59:45.321,0.9932,0.9935,1.20,2.00
2007.11.15 02:59:45.572,0.9932,0.9935,1.20,2.00
2007.11.15 02:59:45.739,0.9932,0.9935,1.20,2.00
2007.11.15 02:59:45.909,0.9932,0.9935,1.20,2.00
2007.11.15 02:59:46.078,0.9932,0.9935,1.20,2.00
2007.11.15 02:59:46.236,0.9932,0.9935,1.20,2.00
2007.11.15 02:59:46.393,0.9932,0.9935,1.20,2.00
2007.11.15 02:59:46.550,0.9932,0.9935,1.20,2.00
2007.11.15 02:59:46.708,0.9932,0.9935,1.20,2.00
2007.11.15 02:59:46.866,0.9932,0.9935,1.20,2.00
2007.11.15 02:59:47.024,0.9932,0.9935,1.20,2.00
2007.11.15 02:59:47.286,0.9932,0.9935,1.20,2.00
2007.11.15 02:59:47.550,0.9932,0.9935,1.20,2.00
2007.11.15 02:59:47.813,0.9932,0.9935,1.20,2.00
2007.11.15 02:59:48.077,0.9932,0.9935,1.20,2.00
2007.11.15 02:59:48.185,0.9932,0.9935,1.20,2.00
2007.11.15 02:59:48.297,0.9932,0.9935,1.20,2.00
2007.11.15 02:59:48.405,0.9932,0.9935,1.20,2.00
2007.11.15 02:59:48.513,0.9932,0.9935,1.20,2.00
2007.11.15 02:59:48.620,0.9932,0.9935,1.20,2.00
2007.11.15 02:59:48.729,0.9932,0.9935,1.20,2.00
2007.11.15 02:59:48.842,0.9932,0.9935,1.20,2.00
2007.11.15 02:59:48.944,0.9932,0.9935,1.20,2.00
2007.11.15 02:59:49.052,0.9932,0.9935,1.20,2.00
2007.11.15 02:59:49.159,0.9932,0.9935,1.20,2.00
2007.11.15 02:59:49.417,0.9932,0.9935,1.20,2.00
2007.11.15 02:59:49.675,0.9932,0.9935,1.20,2.00
2007.11.15 02:59:49.932,0.9932,0.9935,1.20,2.00
2007.11.15 02:59:50.190,0.9932,0.9935,1.20,2.00
2007.11.15 02:59:50.308,0.9932,0.9935,1.20,2.00
2007.11.15 02:59:50.428,0.9932,0.9935,1.20,2.00
2007.11.15 02:59:50.546,0.9932,0.9935,1.20,2.00
2007.11.15 02:59:50.664,0.9932,0.9935,1.20,2.00
2007.11.15 02:59:50.782,0.9932,0.9935,1.20,2.00
2007.11.15 02:59:50.899,0.9932,0.9935,1.20,2.00
2007.11.15 02:59:51.017,0.9932,0.9935,1.20,2.00
2007.11.15 02:59:51.134,0.9932,0.9935,1.20,2.00
2007.11.15 02:59:51.352,0.9932,0.9935,1.20,2.00
2007.11.15 02:59:51.570,0.9932,0.9935,1.20,2.00
2007.11.15 02:59:51.788,0.9932,0.9935,1.20,2.00
2007.11.15 02:59:52.006,0.9932,0.9935,1.20,2.00
2007.11.15 02:59:52.229,0.9932,0.9935,1.20,2.00
2007.11.15 02:59:52.434,0.9932,0.9935,1.20,2.00
2007.11.15 02:59:52.647,0.9932,0.9935,1.20,2.00
2007.11.15 02:59:52.860,0.9932,0.9935,1.20,2.00
2007.11.15 02:59:53.073,0.9932,0.9935,1.20,2.00
2007.11.15 02:59:53.285,0.9932,0.9935,1.20,2.00
2007.11.15 02:59:53.433,0.9932,0.9935,1.20,2.00
2007.11.15 02:59:53.581,0.9932,0.9935,1.20,2.00
2007.11.15 02:59:53.735,0.9932,0.9935,0.50,2.00
2007.11.15 02:59:53.878,0.993,0.9935,12.00,2.00
2007.11.15 02:59:54.025,0.993,0.9934,12.00,0.50
2007.11.15 02:59:54.173,0.993,0.99345,12.00,0.50
2007.11.15 02:59:54.322,0.993,0.99335,6.80,0.80
2007.11.15 02:59:54.540,0.9929,0.99335,16.00,0.80
2007.11.15 02:59:54.758,0.9929,0.99335,16.00,0.80
2007.11.15 02:59:54.975,0.9929,0.99335,16.00,0.80
2007.11.15 02:59:55.194,0.9929,0.99335,13.60,0.80
2007.11.15 02:59:55.413,0.9929,0.99335,2.80,0.80
2007.11.15 02:59:55.581,0.9929,0.99335,2.80,0.80
2007.11.15 02:59:55.750,0.9929,0.9933,2.80,0.50
2007.11.15 02:59:55.917,0.9929,0.9933,2.80,0.50
2007.11.15 02:59:56.086,0.9929,0.9933,2.80,0.50
2007.11.15 02:59:56.253,0.9929,0.9933,2.80,0.50
2007.11.15 02:59:56.420,0.9929,0.9933,2.80,0.50
2007.11.15 02:59:56.598,0.9929,0.9933,2.80,0.50
2007.11.15 02:59:56.776,0.9929,0.9933,2.80,0.50
2007.11.15 02:59:56.955,0.9929,0.9933,2.80,0.50
2007.11.15 02:59:57.133,0.9929,0.9933,2.80,0.50
2007.11.15 02:59:57.311,0.9929,0.9933,2.80,0.50
2007.11.15 02:59:57.544,0.9929,0.9933,2.80,0.50
2007.11.15 02:59:57.912,0.9929,0.9933,2.80,0.50
2007.11.15 02:59:58.145,0.9929,0.9933,2.80,0.50
2007.11.15 02:59:58.378,0.9929,0.9933,2.80,0.50
2007.11.15 02:59:58.485,0.9929,0.9933,2.80,0.50
2007.11.15 02:59:58.593,0.9929,0.9933,2.80,0.50
2007.11.15 02:59:58.701,0.9929,0.9933,2.80,0.50
2007.11.15 02:59:58.809,0.9929,0.9933,2.80,0.50
2007.11.15 02:59:58.916,0.9929,0.9933,2.80,0.50
2007.11.15 02:59:59.024,0.9929,0.9933,2.80,0.50
2007.11.15 02:59:59.132,0.9929,0.9933,2.80,0.50
2007.11.15 02:59:59.240,0.9929,0.9933,2.80,0.50
2007.11.15 02:59:59.349,0.9929,0.9933,2.80,0.50
2007.11.15 02:59:59.456,0.9929,0.9933,2.80,0.50
2007.11.15 02:59:59.724,0.9929,0.9933,2.00,0.50
2007.11.15 02:59:59.992,0.9929,0.9934,8.40,4.40
