2017.05.04 18:00:00.019,1.13801,1.13815,2.00,1.00
2017.05.04 18:00:00.123,1.138,1.13814,2.25,1.00
2017.05.04 18:00:00.175,1.138,1.13812,1.87,1.00
2017.05.04 18:00:00.380,1.13799,1.13812,1.00,1.00
2017.05.04 18:00:00.514,1.13799,1.13809,1.00,1.00
2017.05.04 18:00:00.617,1.13796,1.13808,1.50,1.00
2017.05.04 18:00:00.669,1.13797,1.13811,1.87,1.00
2017.05.04 18:00:00.874,1.13796,1.13808,3.00,1.00
2017.05.04 18:00:01.029,1.13796,1.13808,1.00,1.00
2017.05.04 18:00:01.082,1.13794,1.13808,1.25,1.50
2017.05.04 18:00:01.134,1.13793,1.13805,1.31,1.00
2017.05.04 18:00:01.461,1.13792,1.13802,1.00,1.00
2017.05.04 18:00:02.049,1.13789,1.13802,1.50,1.00
2017.05.04 18:00:02.726,1.13789,1.13802,1.69,1.00
2017.05.04 18:00:02.778,1.13792,1.13803,1.12,1.00
2017.05.04 18:00:03.135,1.13791,1.13801,1.37,1.00
2017.05.04 18:00:03.339,1.1379,1.13802,1.31,1.00
2017.05.04 18:00:03.589,1.13789,1.138,1.37,1.00
2017.05.04 18:00:03.696,1.13789,1.13802,1.37,1.50
2017.05.04 18:00:03.991,1.13788,1.138,1.87,1.00
2017.05.04 18:00:05.986,1.1379,1.13803,1.12,1.50
2017.05.04 18:00:06.038,1.13792,1.13804,1.37,1.00
2017.05.04 18:00:06.141,1.13794,1.13806,1.00,1.00
2017.05.04 18:00:06.345,1.13794,1.13806,1.75,1.00
2017.05.04 18:00:09.409,1.13792,1.13805,2.25,1.00
2017.05.04 18:00:09.562,1.13793,1.13805,1.69,1.00
2017.05.04 18:00:10.062,1.13791,1.13805,1.87,1.00
2017.05.04 18:00:10.270,1.13795,1.13806,1.12,1.00
2017.05.04 18:00:10.627,1.13795,1.13808,2.06,1.50
2017.05.04 18:00:11.498,1.13795,1.13806,2.00,1.00
2017.05.04 18:00:11.551,1.13795,1.13808,1.25,1.50
2017.05.04 18:00:11.807,1.13796,1.13806,1.00,1.00
2017.05.04 18:00:12.491,1.13793,1.13806,1.50,1.00
2017.05.04 18:00:12.877,1.13794,1.13807,2.06,1.00
2017.05.04 18:00:15.864,1.13795,1.13806,1.50,1.00
2017.05.04 18:00:16.483,1.13799,1.13807,1.00,1.00
2017.05.04 18:00:16.534,1.13801,1.13811,1.00,1.37
2017.05.04 18:00:16.949,1.13804,1.13814,1.00,1.00
2017.05.04 18:00:17.000,1.13804,1.13816,1.00,1.12
2017.05.04 18:00:17.053,1.13805,1.13818,2.62,1.50
2017.05.04 18:00:17.207,1.13807,1.13819,1.50,1.00
2017.05.04 18:00:17.741,1.13806,1.13819,1.00,1.00
2017.05.04 18:00:18.581,1.13808,1.13819,1.00,1.00
2017.05.04 18:00:20.014,1.13806,1.13816,1.00,1.00
2017.05.04 18:00:20.118,1.13807,1.13819,1.00,1.00
2017.05.04 18:00:20.222,1.13809,1.13821,1.17,1.25
2017.05.04 18:00:20.540,1.13812,1.13823,1.12,1.00
2017.05.04 18:00:21.234,1.13812,1.13824,1.12,1.00
2017.05.04 18:00:21.557,1.13811,1.13822,1.37,1.00
2017.05.04 18:00:21.894,1.13809,1.13819,1.00,1.00
2017.05.04 18:00:23.145,1.13808,1.13819,1.00,1.00
2017.05.04 18:00:23.478,1.13805,1.13816,1.75,1.00
2017.05.04 18:00:23.632,1.13803,1.13814,1.50,1.00
2017.05.04 18:00:24.272,1.13803,1.13813,1.50,1.00
2017.05.04 18:00:24.375,1.13803,1.13815,1.50,1.00
2017.05.04 18:00:26.160,1.13806,1.13817,1.00,1.00
2017.05.04 18:00:29.119,1.13803,1.13814,3.37,1.00
2017.05.04 18:00:29.223,1.13803,1.13813,1.37,1.00
2017.05.04 18:00:29.377,1.13804,1.13816,1.00,1.00
2017.05.04 18:00:29.988,1.13804,1.13815,1.12,1.00
2017.05.04 18:00:30.282,1.13801,1.13813,1.37,1.00
2017.05.04 18:00:30.334,1.13801,1.13814,1.50,1.00
2017.05.04 18:00:32.049,1.13801,1.13812,1.12,1.00
2017.05.04 18:00:33.607,1.13799,1.1381,1.75,1.00
2017.05.04 18:00:33.711,1.13795,1.13809,2.67,1.00
2017.05.04 18:00:33.814,1.13795,1.13807,1.50,1.00
2017.05.04 18:00:34.217,1.13799,1.1381,1.00,1.00
2017.05.04 18:00:34.370,1.13799,1.13812,1.12,1.00
2017.05.04 18:00:34.971,1.138,1.13812,1.00,1.00
2017.05.04 18:00:35.074,1.13803,1.13813,1.00,1.00
2017.05.04 18:00:35.389,1.138,1.13809,1.00,1.00
2017.05.04 18:00:36.842,1.138,1.1381,1.00,1.00
2017.05.04 18:00:38.080,1.13799,1.13808,1.12,1.00
2017.05.04 18:00:40.044,1.13798,1.13808,1.00,1.00
2017.05.04 18:00:41.145,1.13798,1.13809,1.00,1.00
2017.05.04 18:00:42.164,1.13799,1.1381,1.00,1.00
2017.05.04 18:00:42.729,1.138,1.13811,1.00,1.00
2017.05.04 18:00:43.080,1.13803,1.13814,1.00,1.12
2017.05.04 18:00:45.076,1.13804,1.13814,1.00,1.00
2017.05.04 18:00:46.050,1.13803,1.13814,1.00,1.00
2017.05.04 18:00:49.022,1.13802,1.13814,1.12,1.00
2017.05.04 18:00:49.637,1.13799,1.13808,1.75,1.00
2017.05.04 18:00:49.688,1.13799,1.1381,1.37,1.12
2017.05.04 18:00:49.740,1.13798,1.13811,1.37,1.00
2017.05.04 18:00:50.081,1.13799,1.13813,1.12,1.12
2017.05.04 18:00:50.597,1.13801,1.13813,1.00,1.12
2017.05.04 18:00:52.069,1.138,1.13813,1.00,1.12
2017.05.04 18:00:55.776,1.138,1.13812,1.00,1.00
2017.05.04 18:00:56.083,1.13799,1.1381,1.00,1.00
2017.05.04 18:00:56.511,1.13799,1.13813,1.12,1.50
2017.05.04 18:00:57.297,1.138,1.13814,1.12,1.00
2017.05.04 18:01:03.122,1.138,1.1381,1.12,1.00
2017.05.04 18:01:04.069,1.13806,1.13817,1.19,1.12
2017.05.04 18:01:04.377,1.1381,1.13821,1.37,1.00
2017.05.04 18:01:04.869,1.13809,1.13821,1.00,1.00
2017.05.04 18:01:05.262,1.13808,1.13818,1.25,1.00
2017.05.04 18:01:05.813,1.13806,1.13818,1.87,1.00
2017.05.04 18:01:11.416,1.13809,1.13817,1.00,1.00
2017.05.04 18:01:11.947,1.13809,1.13816,1.00,1.00
2017.05.04 18:01:12.260,1.13804,1.13813,1.00,1.00
2017.05.04 18:01:17.858,1.13804,1.13812,1.00,1.00
2017.05.04 18:01:18.064,1.138,1.13811,2.06,1.00
2017.05.04 18:01:18.116,1.138,1.13809,2.06,1.00
2017.05.04 18:01:18.629,1.13801,1.13809,1.44,1.00
2017.05.04 18:01:20.938,1.13801,1.13811,2.25,1.00
2017.05.04 18:01:28.346,1.13802,1.13813,1.19,1.00
2017.05.04 18:01:30.557,1.13803,1.13814,1.25,1.00
2017.05.04 18:01:31.275,1.13803,1.13813,1.25,1.00
2017.05.04 18:01:32.109,1.13804,1.13813,1.00,1.00
2017.05.04 18:01:33.001,1.13805,1.13815,1.25,1.00
2017.05.04 18:01:34.793,1.13805,1.13817,1.25,1.00
2017.05.04 18:01:35.361,1.13806,1.13817,1.00,1.00
2017.05.04 18:01:35.413,1.13806,1.13819,1.00,1.50
2017.05.04 18:01:36.024,1.13807,1.13819,1.00,1.00
2017.05.04 18:01:40.107,1.13807,1.1382,1.50,1.12
2017.05.04 18:01:41.955,1.13809,1.13822,1.00,2.25
2017.05.04 18:01:42.057,1.13809,1.13822,1.50,1.00
2017.05.04 18:01:46.343,1.13809,1.13822,2.06,1.00
2017.05.04 18:01:46.547,1.1381,1.13825,1.87,1.87
2017.05.04 18:01:46.929,1.13814,1.13826,1.50,2.25
2017.05.04 18:01:47.236,1.13816,1.13826,1.00,1.00
2017.05.04 18:01:47.287,1.13816,1.13828,1.00,1.00
2017.05.04 18:01:49.700,1.13816,1.13829,1.00,1.50
2017.05.04 18:01:49.803,1.13814,1.13829,1.00,1.50
2017.05.04 18:01:50.701,1.13814,1.13827,1.50,1.00
2017.05.04 18:01:51.383,1.13812,1.13827,1.50,1.12
2017.05.04 18:01:51.897,1.13811,1.13826,1.69,1.00
2017.05.04 18:01:52.704,1.13811,1.13825,1.69,1.00
2017.05.04 18:01:53.820,1.13813,1.13828,1.00,3.00
2017.05.04 18:01:54.386,1.13812,1.13828,1.87,1.50
2017.05.04 18:01:54.906,1.13813,1.13828,1.00,1.50
2017.05.04 18:01:57.671,1.13813,1.13828,1.50,2.25
2017.05.04 18:01:57.773,1.13814,1.13828,1.00,1.50
2017.05.04 18:01:58.299,1.13813,1.13827,1.12,1.00
2017.05.04 18:02:00.320,1.13815,1.13828,1.00,1.12
2017.05.04 18:02:04.214,1.13815,1.13826,1.00,1.00
2017.05.04 18:02:04.854,1.13815,1.13828,1.00,1.12
2017.05.04 18:02:04.906,1.13817,1.13829,1.00,1.37
2017.05.04 18:02:05.436,1.13817,1.13829,1.00,1.12
2017.05.04 18:02:06.623,1.13817,1.13828,1.00,1.00
2017.05.04 18:02:06.995,1.13813,1.13825,1.00,1.00
2017.05.04 18:02:07.098,1.1381,1.13824,1.12,1.50
2017.05.04 18:02:07.665,1.1381,1.13822,1.00,1.00
2017.05.04 18:02:08.898,1.1381,1.13821,1.00,1.00
2017.05.04 18:02:09.543,1.13809,1.13821,1.00,1.12
2017.05.04 18:02:10.340,1.13807,1.13821,1.00,1.12
2017.05.04 18:02:11.175,1.13805,1.13821,2.44,1.12
2017.05.04 18:02:11.880,1.13805,1.1382,2.44,1.00
2017.05.04 18:02:12.539,1.13805,1.13819,1.62,1.00
2017.05.04 18:02:13.896,1.13805,1.13819,1.00,1.37
2017.05.04 18:02:15.362,1.13806,1.13818,1.00,1.12
2017.05.04 18:02:15.895,1.13805,1.13818,1.00,1.12
2017.05.04 18:02:16.425,1.13806,1.13819,1.00,2.25
2017.05.04 18:02:16.781,1.13803,1.13818,1.69,1.12
2017.05.04 18:02:16.833,1.13802,1.13816,1.50,1.00
2017.05.04 18:02:19.677,1.138,1.13813,1.25,1.37
2017.05.04 18:02:19.779,1.13798,1.13812,1.00,1.37
2017.05.04 18:02:20.317,1.13797,1.1381,1.69,1.00
2017.05.04 18:02:21.276,1.13798,1.1381,1.00,1.00
2017.05.04 18:02:21.871,1.13797,1.1381,1.00,1.00
2017.05.04 18:02:25.200,1.138,1.13811,1.50,1.00
2017.05.04 18:02:25.517,1.13804,1.13815,1.00,1.00
2017.05.04 18:02:25.569,1.13802,1.13815,1.50,1.00
2017.05.04 18:02:26.445,1.13801,1.13816,1.12,1.12
2017.05.04 18:02:27.923,1.13801,1.13815,1.12,1.00
2017.05.04 18:02:28.437,1.13802,1.13815,1.00,1.00
2017.05.04 18:02:28.961,1.13802,1.13814,1.00,1.00
2017.05.04 18:02:31.001,1.13802,1.13815,1.00,1.00
2017.05.04 18:02:31.502,1.13803,1.13816,1.00,1.12
2017.05.04 18:02:31.906,1.13805,1.13816,1.00,1.12
2017.05.04 18:02:32.163,1.13806,1.13819,2.06,1.00
2017.05.04 18:02:34.252,1.1381,1.13822,1.00,1.05
2017.05.04 18:02:35.259,1.13808,1.13822,1.00,1.12
2017.05.04 18:02:35.311,1.13807,1.1382,2.06,1.00
2017.05.04 18:02:35.870,1.13806,1.13821,2.25,1.31
2017.05.04 18:02:36.827,1.13807,1.1382,1.12,1.00
2017.05.04 18:02:37.133,1.13805,1.13819,1.00,1.37
2017.05.04 18:02:37.981,1.13807,1.13821,1.00,2.44
2017.05.04 18:02:38.339,1.13804,1.13819,2.81,1.37
2017.05.04 18:02:39.101,1.13806,1.13819,1.00,1.37
2017.05.04 18:02:39.441,1.13801,1.13814,1.00,1.37
2017.05.04 18:02:39.777,1.138,1.13816,2.06,1.87
2017.05.04 18:02:40.083,1.138,1.13814,1.69,1.00
2017.05.04 18:02:41.251,1.13798,1.13812,1.19,1.50
2017.05.04 18:02:41.303,1.13798,1.13812,1.25,1.50
2017.05.04 18:02:44.509,1.13798,1.1381,1.25,1.00
2017.05.04 18:02:44.896,1.13801,1.1381,1.00,1.00
2017.05.04 18:02:45.216,1.13803,1.13811,1.00,1.00
2017.05.04 18:02:45.877,1.13804,1.13811,1.00,1.00
2017.05.04 18:02:46.406,1.13804,1.1381,1.00,1.00
2017.05.04 18:02:46.663,1.13805,1.13813,1.00,1.50
2017.05.04 18:02:47.181,1.13806,1.13813,1.00,1.00
2017.05.04 18:02:47.718,1.13806,1.13814,1.00,1.25
2017.05.04 18:02:47.974,1.13806,1.13815,1.00,2.25
2017.05.04 18:02:49.941,1.13806,1.13815,1.00,1.44
2017.05.04 18:02:50.473,1.13807,1.13815,1.00,1.00
2017.05.04 18:02:50.761,1.13809,1.13817,1.00,1.62
2017.05.04 18:02:51.054,1.13804,1.13813,1.00,2.06
2017.05.04 18:02:51.259,1.13802,1.1381,1.00,1.00
2017.05.04 18:02:51.958,1.13802,1.13809,1.00,1.00
2017.05.04 18:02:52.900,1.13802,1.1381,1.00,1.00
2017.05.04 18:02:53.207,1.13801,1.13808,1.00,1.00
2017.05.04 18:02:54.849,1.138,1.13808,1.00,1.00
2017.05.04 18:02:55.153,1.13802,1.13811,1.00,1.87
2017.05.04 18:02:55.257,1.13803,1.13811,1.00,1.12
2017.05.04 18:02:55.418,1.13801,1.13811,1.00,1.00
2017.05.04 18:02:56.404,1.13801,1.1381,1.00,1.00
2017.05.04 18:02:56.670,1.13801,1.13808,1.00,1.00
2017.05.04 18:02:56.825,1.13802,1.1381,1.00,1.00
2017.05.04 18:02:57.190,1.13804,1.1381,1.00,1.00
2017.05.04 18:02:57.725,1.13805,1.13811,1.00,1.00
2017.05.04 18:02:57.778,1.13799,1.13807,1.00,1.00
2017.05.04 18:02:57.829,1.13801,1.13807,1.00,1.00
2017.05.04 18:02:58.376,1.13802,1.13808,1.00,1.00
2017.05.04 18:02:59.016,1.13803,1.13809,1.00,1.00
2017.05.04 18:02:59.323,1.13808,1.13814,1.00,1.00
2017.05.04 18:02:59.854,1.13806,1.13816,1.00,1.25
2017.05.04 18:02:59.957,1.13808,1.13816,1.00,1.00
2017.05.04 18:03:00.626,1.13807,1.13814,1.00,1.25
2017.05.04 18:03:00.677,1.13805,1.13814,1.00,1.25
2017.05.04 18:03:01.602,1.13807,1.13814,1.00,1.00
2017.05.04 18:03:01.825,1.13806,1.13816,1.37,1.00
2017.05.04 18:03:01.879,1.13809,1.13816,1.25,1.75
2017.05.04 18:03:01.983,1.13815,1.13822,1.00,1.12
2017.05.04 18:03:02.035,1.13817,1.13822,1.00,1.12
2017.05.04 18:03:03.721,1.13818,1.13825,1.00,1.75
2017.05.04 18:03:03.910,1.13822,1.13828,1.00,1.00
2017.05.04 18:03:04.726,1.13822,1.13829,1.00,1.00
2017.05.04 18:03:07.541,1.13823,1.13828,1.00,1.00
2017.05.04 18:03:07.593,1.13821,1.13828,1.00,1.00
2017.05.04 18:03:07.746,1.13823,1.1383,1.00,1.00
2017.05.04 18:03:08.683,1.13824,1.13831,1.00,1.00
2017.05.04 18:03:08.999,1.13827,1.13833,1.00,1.00
2017.05.04 18:03:09.306,1.13828,1.13835,1.00,1.00
2017.05.04 18:03:09.999,1.13829,1.13837,1.00,1.50
2017.05.04 18:03:10.236,1.13831,1.13837,1.00,1.00
2017.05.04 18:03:11.468,1.13832,1.13838,1.00,1.00
2017.05.04 18:03:11.972,1.13832,1.13841,1.00,3.00
2017.05.04 18:03:12.285,1.13834,1.13841,1.00,1.50
2017.05.04 18:03:12.388,1.13832,1.13841,1.00,1.50
2017.05.04 18:03:13.096,1.13833,1.1384,1.00,1.00
2017.05.04 18:03:13.611,1.13832,1.1384,1.00,1.00
2017.05.04 18:03:13.996,1.13835,1.13842,1.00,1.37
2017.05.04 18:03:16.100,1.13833,1.13842,1.00,1.37
2017.05.04 18:03:16.151,1.13835,1.13841,1.00,1.12
2017.05.04 18:03:16.406,1.13835,1.13843,1.00,1.00
2017.05.04 18:03:17.243,1.13833,1.13839,1.00,1.00
2017.05.04 18:03:17.397,1.13834,1.13844,1.00,2.62
2017.05.04 18:03:17.601,1.13836,1.13844,1.00,1.50
2017.05.04 18:03:18.106,1.13835,1.13842,1.00,1.00
2017.05.04 18:03:18.874,1.13835,1.13841,1.00,1.00
2017.05.04 18:03:19.387,1.13835,1.1384,1.00,1.00
2017.05.04 18:03:19.438,1.13833,1.13841,1.00,1.00
2017.05.04 18:03:19.490,1.13833,1.13838,1.00,1.00
2017.05.04 18:03:20.069,1.13832,1.13837,1.00,1.00
2017.05.04 18:03:20.224,1.13835,1.13842,1.00,1.50
2017.05.04 18:03:20.276,1.13837,1.13842,1.00,1.00
2017.05.04 18:03:20.328,1.13838,1.13845,1.00,1.00
2017.05.04 18:03:20.433,1.13839,1.13848,1.00,1.31
2017.05.04 18:03:20.716,1.13841,1.13848,1.00,1.00
2017.05.04 18:03:20.971,1.13839,1.13848,1.00,1.00
2017.05.04 18:03:21.504,1.1384,1.1385,1.00,1.50
2017.05.04 18:03:22.276,1.1384,1.13848,1.00,1.00
2017.05.04 18:03:22.783,1.1384,1.13847,1.00,1.00
2017.05.04 18:03:23.039,1.13838,1.13847,1.00,1.00
2017.05.04 18:03:23.091,1.13838,1.13844,1.00,1.00
2017.05.04 18:03:23.499,1.13835,1.13845,1.00,1.12
2017.05.04 18:03:24.027,1.13835,1.13843,1.00,1.00
2017.05.04 18:03:25.538,1.13836,1.13843,1.00,1.00
2017.05.04 18:03:26.219,1.13836,1.13844,1.00,1.00
2017.05.04 18:03:26.944,1.13838,1.13846,1.00,1.00
2017.05.04 18:03:27.453,1.13836,1.13845,1.00,1.00
2017.05.04 18:03:27.637,1.13836,1.13843,1.00,1.00
2017.05.04 18:03:27.688,1.13834,1.13842,1.00,1.00
2017.05.04 18:03:28.606,1.13834,1.13841,1.00,1.00
2017.05.04 18:03:29.727,1.13834,1.13842,1.00,1.00
2017.05.04 18:03:30.079,1.13839,1.13846,1.00,1.12
2017.05.04 18:03:30.412,1.13836,1.13843,1.00,1.00
2017.05.04 18:03:31.218,1.13836,1.13842,1.00,1.00
2017.05.04 18:03:32.043,1.13836,1.13844,1.00,1.87
2017.05.04 18:03:32.550,1.13835,1.13844,1.00,1.12
2017.05.04 18:03:33.329,1.13835,1.13842,1.00,1.00
2017.05.04 18:03:33.878,1.13836,1.13842,1.00,1.00
2017.05.04 18:03:34.323,1.13836,1.13844,1.00,1.12
2017.05.04 18:03:35.491,1.13838,1.13845,1.00,1.00
2017.05.04 18:03:36.020,1.13837,1.13845,1.00,1.00
2017.05.04 18:03:36.522,1.13837,1.13846,1.00,1.00
2017.05.04 18:03:37.030,1.13837,1.13847,1.00,1.00
2017.05.04 18:03:37.968,1.13837,1.13845,1.00,1.00
2017.05.04 18:03:39.049,1.13839,1.13845,1.00,1.00
2017.05.04 18:03:39.560,1.1384,1.13845,1.00,1.00
2017.05.04 18:03:39.943,1.1384,1.13847,1.00,1.00
2017.05.04 18:03:40.475,1.13841,1.13848,1.00,1.00
2017.05.04 18:03:40.526,1.13843,1.13848,1.00,1.00
2017.05.04 18:03:40.629,1.13842,1.1385,1.00,1.00
2017.05.04 18:03:40.869,1.1384,1.13847,1.00,1.00
2017.05.04 18:03:40.921,1.13838,1.13847,1.00,1.00
2017.05.04 18:03:40.974,1.1384,1.13847,1.00,1.00
2017.05.04 18:03:42.440,1.13838,1.13845,1.00,1.00
2017.05.04 18:03:42.789,1.13841,1.13848,1.00,1.12
2017.05.04 18:03:42.893,1.13837,1.13845,1.00,1.00
2017.05.04 18:03:42.945,1.13835,1.13845,1.00,1.12
2017.05.04 18:03:42.997,1.13833,1.13837,1.12,1.42
2017.05.04 18:03:43.051,1.13829,1.13834,1.00,1.00
2017.05.04 18:03:43.258,1.13825,1.13835,1.00,1.00
2017.05.04 18:03:43.310,1.13828,1.13835,1.00,1.00
2017.05.04 18:03:43.846,1.13827,1.13835,1.00,1.00
2017.05.04 18:03:44.119,1.13828,1.13837,1.00,1.00
2017.05.04 18:03:44.273,1.13827,1.13835,1.00,1.00
2017.05.04 18:03:44.376,1.13827,1.13837,1.00,1.00
2017.05.04 18:03:44.606,1.13829,1.13837,1.00,1.00
2017.05.04 18:03:44.962,1.13827,1.13837,1.00,1.00
2017.05.04 18:03:45.168,1.13831,1.13839,1.00,1.00
2017.05.04 18:03:45.324,1.13829,1.13839,1.00,1.00
2017.05.04 18:03:45.857,1.13832,1.13839,1.00,1.00
2017.05.04 18:03:46.401,1.13829,1.1384,1.00,1.00
2017.05.04 18:03:49.814,1.13827,1.13837,1.12,1.00
2017.05.04 18:03:49.968,1.13825,1.13837,1.00,1.00
2017.05.04 18:03:50.575,1.13825,1.13836,1.00,1.00
2017.05.04 18:03:51.373,1.13827,1.13837,1.00,1.00
2017.05.04 18:03:51.731,1.13826,1.13839,1.00,1.00
2017.05.04 18:03:52.235,1.13827,1.13839,1.00,1.50
2017.05.04 18:03:52.744,1.13826,1.13838,1.00,1.00
2017.05.04 18:03:52.796,1.13824,1.13838,1.00,1.00
2017.05.04 18:03:52.847,1.13826,1.13838,1.00,1.00
2017.05.04 18:03:53.154,1.13826,1.13836,1.00,1.00
2017.05.04 18:03:53.256,1.13827,1.13839,1.00,1.50
2017.05.04 18:03:53.727,1.13825,1.13838,1.00,1.00
2017.05.04 18:03:54.307,1.13825,1.13837,1.00,1.00
2017.05.04 18:03:54.844,1.13824,1.13837,1.00,1.00
2017.05.04 18:03:54.997,1.13824,1.13835,1.00,1.00
2017.05.04 18:03:55.590,1.13823,1.13837,1.00,1.50
2017.05.04 18:03:55.692,1.13826,1.13837,1.00,1.00
2017.05.04 18:03:55.998,1.13828,1.13837,1.00,1.00
2017.05.04 18:03:56.328,1.13827,1.13835,1.00,1.00
2017.05.04 18:03:56.840,1.13828,1.13838,1.00,3.00
2017.05.04 18:03:57.097,1.13829,1.13837,1.00,1.00
2017.05.04 18:03:57.800,1.13829,1.1384,1.00,1.50
2017.05.04 18:03:57.851,1.13832,1.13841,1.00,2.25
2017.05.04 18:03:57.903,1.13832,1.13841,1.00,1.12
2017.05.04 18:03:58.109,1.13835,1.13842,1.00,2.25
2017.05.04 18:03:58.384,1.13831,1.1384,1.00,1.00
2017.05.04 18:03:59.127,1.13832,1.13842,1.00,1.50
2017.05.04 18:03:59.281,1.13833,1.13844,1.00,1.87
2017.05.04 18:03:59.383,1.13832,1.13842,1.00,1.12
2017.05.04 18:03:59.706,1.1383,1.13839,1.00,1.00
2017.05.04 18:04:00.233,1.13831,1.13839,1.00,1.00
2017.05.04 18:04:00.540,1.13833,1.1384,1.00,1.00
2017.05.04 18:04:00.795,1.13831,1.13841,1.00,1.12
2017.05.04 18:04:01.778,1.13832,1.13842,1.00,1.00
2017.05.04 18:04:02.480,1.13833,1.13842,1.00,1.00
2017.05.04 18:04:02.791,1.13833,1.1384,1.00,1.00
2017.05.04 18:04:03.471,1.13833,1.13842,1.00,1.00
2017.05.04 18:04:04.029,1.13832,1.13841,1.00,1.00
2017.05.04 18:04:04.547,1.13834,1.13842,1.00,1.00
2017.05.04 18:04:05.055,1.13834,1.13845,1.00,1.00
2017.05.04 18:04:05.107,1.13832,1.13841,1.12,1.00
2017.05.04 18:04:06.113,1.1383,1.13838,1.75,1.00
2017.05.04 18:04:06.215,1.1383,1.13838,1.00,1.00
2017.05.04 18:04:09.559,1.13828,1.13838,1.00,1.00
2017.05.04 18:04:09.791,1.13828,1.13835,1.00,1.00
2017.05.04 18:04:10.332,1.13827,1.13835,1.00,1.00
2017.05.04 18:04:11.131,1.13829,1.13837,1.00,1.37
2017.05.04 18:04:11.802,1.13829,1.13837,1.00,1.00
2017.05.04 18:04:12.065,1.1383,1.13839,1.00,1.00
2017.05.04 18:04:12.271,1.13832,1.13839,1.00,1.00
2017.05.04 18:04:12.526,1.1383,1.13838,1.00,1.00
2017.05.04 18:04:12.578,1.13832,1.1384,1.00,1.00
2017.05.04 18:04:13.530,1.13833,1.1384,1.00,1.00
2017.05.04 18:04:13.633,1.13831,1.13839,1.00,1.00
2017.05.04 18:04:13.735,1.13829,1.13837,1.00,1.00
2017.05.04 18:04:14.042,1.13832,1.1384,1.00,1.00
2017.05.04 18:04:14.893,1.13832,1.13839,1.00,1.00
2017.05.04 18:04:15.398,1.13831,1.13838,1.00,1.00
2017.05.04 18:04:15.653,1.13831,1.1384,1.00,1.12
2017.05.04 18:04:15.705,1.13833,1.13841,1.00,1.50
2017.05.04 18:04:16.235,1.13833,1.13841,1.00,1.12
2017.05.04 18:04:16.669,1.13833,1.13839,1.00,1.00
2017.05.04 18:04:18.799,1.13833,1.13842,1.00,1.37
2017.05.04 18:04:19.346,1.13833,1.13842,1.00,1.00
2017.05.04 18:04:19.856,1.13834,1.13843,1.00,1.00
2017.05.04 18:04:20.371,1.13834,1.13842,1.00,1.00
2017.05.04 18:04:20.616,1.1383,1.1384,1.00,1.00
2017.05.04 18:04:21.285,1.1383,1.13839,1.00,1.00
2017.05.04 18:04:21.814,1.1383,1.13839,1.00,1.37
2017.05.04 18:04:22.452,1.1383,1.13837,1.00,1.00
2017.05.04 18:04:23.462,1.13832,1.13841,1.00,1.75
2017.05.04 18:04:23.514,1.13832,1.13841,1.00,1.50
2017.05.04 18:04:23.666,1.13834,1.13842,1.00,1.50
2017.05.04 18:04:24.176,1.13834,1.13842,1.00,1.00
2017.05.04 18:04:24.663,1.13832,1.13842,1.00,1.00
2017.05.04 18:04:26.633,1.13834,1.13842,1.00,1.00
2017.05.04 18:04:27.175,1.13835,1.13844,1.00,1.50
2017.05.04 18:04:27.481,1.13833,1.13842,1.00,1.00
2017.05.04 18:04:27.687,1.1383,1.13838,1.00,1.00
2017.05.04 18:04:28.686,1.1383,1.13839,1.00,1.00
2017.05.04 18:04:32.932,1.13831,1.13839,1.00,1.00
2017.05.04 18:04:33.533,1.13831,1.13838,1.00,1.00
2017.05.04 18:04:34.296,1.13831,1.13841,1.25,1.50
2017.05.04 18:04:34.463,1.13831,1.13838,1.00,1.00
2017.05.04 18:04:34.974,1.1383,1.13838,1.00,1.00
2017.05.04 18:04:35.564,1.1383,1.13839,1.00,1.00
2017.05.04 18:04:35.895,1.1383,1.13837,1.00,1.00
2017.05.04 18:04:36.540,1.1383,1.13838,1.00,1.00
2017.05.04 18:04:37.440,1.1383,1.13837,1.00,1.00
2017.05.04 18:04:38.411,1.1383,1.13838,1.00,1.00
2017.05.04 18:04:40.861,1.13832,1.13839,1.00,1.00
2017.05.04 18:04:40.912,1.13829,1.13839,1.19,1.00
2017.05.04 18:04:41.066,1.13827,1.13837,1.50,1.00
2017.05.04 18:04:41.118,1.13827,1.13839,1.00,1.00
2017.05.04 18:04:41.323,1.13823,1.13834,1.12,1.00
2017.05.04 18:04:41.375,1.13821,1.13834,1.75,1.00
2017.05.04 18:04:41.477,1.13821,1.13834,1.00,1.00
2017.05.04 18:04:42.041,1.13819,1.13832,1.87,1.00
2017.05.04 18:04:43.569,1.13831,1.1384,1.25,2.62
2017.05.04 18:04:43.622,1.13826,1.1384,1.75,1.12
2017.05.04 18:04:44.129,1.13827,1.13841,1.81,1.00
2017.05.04 18:04:44.980,1.13827,1.1384,1.81,1.00
2017.05.04 18:04:45.033,1.13825,1.13838,2.25,1.00
2017.05.04 18:04:45.087,1.13826,1.13838,1.00,1.50
2017.05.04 18:04:45.242,1.13825,1.13835,1.37,1.50
2017.05.04 18:04:45.294,1.13823,1.13835,1.37,1.50
2017.05.04 18:04:45.449,1.13821,1.13832,1.12,1.00
2017.05.04 18:04:45.602,1.1382,1.13832,1.19,1.00
2017.05.04 18:04:47.534,1.1382,1.13832,1.00,1.00
2017.05.04 18:04:47.585,1.1382,1.1383,1.00,1.00
2017.05.04 18:04:49.054,1.1382,1.13832,2.62,1.00
2017.05.04 18:04:49.487,1.1382,1.13834,2.25,1.50
2017.05.04 18:04:51.111,1.13821,1.13835,1.50,1.50
2017.05.04 18:04:51.245,1.1382,1.13832,2.25,1.00
2017.05.04 18:04:51.350,1.1382,1.13831,1.19,1.00
2017.05.04 18:04:51.885,1.1382,1.1383,1.00,1.00
2017.05.04 18:04:51.937,1.1382,1.13827,1.00,1.00
2017.05.04 18:04:51.989,1.13816,1.1383,2.44,1.00
2017.05.04 18:04:52.984,1.13818,1.13829,1.31,1.00
2017.05.04 18:04:53.582,1.13818,1.13828,1.31,1.00
2017.05.04 18:04:53.944,1.13819,1.13829,1.50,1.00
2017.05.04 18:04:54.148,1.1382,1.13831,1.19,1.00
2017.05.04 18:04:54.377,1.13821,1.13834,2.44,1.00
2017.05.04 18:04:54.648,1.13823,1.13836,1.19,1.00
2017.05.04 18:04:55.996,1.13821,1.13836,2.06,1.87
2017.05.04 18:04:56.049,1.1382,1.13834,1.12,1.50
2017.05.04 18:04:56.534,1.13819,1.13828,2.06,1.00
2017.05.04 18:04:56.688,1.13815,1.13826,3.00,1.00
2017.05.04 18:04:57.109,1.13813,1.13826,1.12,1.00
2017.05.04 18:04:57.619,1.13814,1.13826,1.00,1.00
2017.05.04 18:04:57.993,1.13813,1.13824,1.12,1.00
2017.05.04 18:05:01.501,1.13813,1.13828,1.69,2.62
2017.05.04 18:05:01.655,1.13814,1.13826,1.19,1.00
2017.05.04 18:05:02.114,1.13815,1.13829,1.25,1.50
2017.05.04 18:05:02.326,1.13815,1.13827,1.25,1.00
2017.05.04 18:05:02.582,1.13815,1.13829,1.69,1.50
2017.05.04 18:05:02.634,1.13815,1.13827,1.25,1.00
2017.05.04 18:05:06.150,1.13816,1.13828,1.25,1.00
2017.05.04 18:05:06.456,1.13815,1.13826,1.00,1.00
2017.05.04 18:05:06.971,1.13815,1.13825,1.00,1.00
2017.05.04 18:05:07.509,1.13815,1.13826,1.25,1.00
2017.05.04 18:05:07.611,1.13816,1.13828,1.00,1.00
2017.05.04 18:05:08.605,1.13815,1.13828,1.69,1.00
2017.05.04 18:05:09.135,1.13815,1.13826,1.69,1.00
2017.05.04 18:05:10.995,1.13815,1.13825,1.00,1.00
2017.05.04 18:05:11.099,1.13811,1.13825,2.44,1.00
2017.05.04 18:05:11.660,1.13813,1.13825,1.50,1.00
2017.05.04 18:05:11.764,1.13813,1.13825,1.25,1.00
2017.05.04 18:05:11.816,1.13813,1.13825,1.75,1.00
2017.05.04 18:05:12.183,1.13815,1.13828,1.44,1.00
2017.05.04 18:05:12.235,1.13812,1.13824,2.81,1.00
2017.05.04 18:05:14.207,1.13812,1.13824,1.31,1.00
2017.05.04 18:05:15.896,1.13814,1.13826,1.12,1.00
2017.05.04 18:05:16.048,1.13814,1.13824,1.25,1.00
2017.05.04 18:05:16.605,1.13813,1.13824,1.25,1.00
2017.05.04 18:05:21.813,1.13813,1.13825,1.50,1.00
2017.05.04 18:05:21.864,1.13814,1.13827,1.44,1.00
2017.05.04 18:05:22.391,1.13816,1.13827,1.87,1.00
2017.05.04 18:05:25.901,1.13819,1.13831,1.25,1.87
2017.05.04 18:05:25.991,1.13818,1.13829,1.19,1.00
2017.05.04 18:05:26.095,1.13817,1.13832,1.50,2.62
2017.05.04 18:05:26.797,1.13817,1.1383,2.25,1.00
2017.05.04 18:05:28.892,1.13817,1.13829,3.00,1.00
2017.05.04 18:05:29.420,1.13817,1.13829,1.87,1.00
2017.05.04 18:05:30.211,1.13816,1.13826,1.75,1.00
2017.05.04 18:05:30.471,1.13812,1.13824,2.44,1.00
2017.05.04 18:05:31.803,1.13818,1.13831,1.12,2.25
2017.05.04 18:05:32.142,1.13822,1.13835,4.31,1.00
2017.05.04 18:05:33.079,1.13823,1.13835,3.75,1.00
2017.05.04 18:05:33.130,1.13823,1.13835,1.12,1.00
2017.05.04 18:05:33.714,1.13825,1.13836,1.69,1.50
2017.05.04 18:05:34.820,1.13824,1.13836,1.87,1.00
2017.05.04 18:05:35.400,1.13821,1.13832,1.75,1.00
2017.05.04 18:05:35.451,1.13821,1.13831,1.12,1.00
2017.05.04 18:05:35.554,1.13818,1.13831,2.44,1.00
2017.05.04 18:05:36.697,1.1382,1.13831,1.00,1.00
2017.05.04 18:05:36.952,1.1382,1.13833,1.50,1.00
2017.05.04 18:05:37.536,1.1382,1.13831,1.50,1.00
2017.05.04 18:05:38.144,1.1382,1.1383,1.00,1.00
2017.05.04 18:05:39.149,1.1382,1.13832,1.00,1.00
2017.05.04 18:05:39.691,1.13821,1.13832,1.87,1.00
2017.05.04 18:05:40.177,1.1382,1.1383,1.62,1.00
2017.05.04 18:05:40.728,1.1382,1.1383,1.00,1.00
2017.05.04 18:05:41.036,1.13821,1.13831,1.50,1.00
2017.05.04 18:05:41.568,1.13822,1.13832,2.06,1.00
2017.05.04 18:05:42.794,1.13822,1.13831,1.31,1.00
2017.05.04 18:05:43.334,1.13823,1.13834,1.00,1.00
2017.05.04 18:05:47.660,1.13825,1.13835,1.25,1.00
2017.05.04 18:05:47.762,1.13825,1.13837,1.25,1.00
2017.05.04 18:05:49.134,1.13825,1.1384,1.25,1.87
2017.05.04 18:05:49.185,1.13825,1.13836,1.25,1.00
2017.05.04 18:05:49.594,1.13824,1.13834,1.50,1.00
2017.05.04 18:05:49.646,1.13824,1.13836,1.00,1.00
2017.05.04 18:05:50.163,1.13824,1.13835,1.00,1.00
2017.05.04 18:05:52.198,1.13824,1.13834,1.00,1.00
2017.05.04 18:05:53.200,1.13822,1.13832,1.56,1.00
2017.05.04 18:05:53.303,1.1382,1.13831,1.12,1.00
2017.05.04 18:05:53.408,1.13824,1.13835,1.87,3.00
2017.05.04 18:05:53.460,1.13825,1.13836,1.00,1.75
2017.05.04 18:05:53.728,1.13822,1.13833,1.12,1.00
2017.05.04 18:05:53.780,1.1382,1.13831,1.69,1.00
2017.05.04 18:05:54.156,1.13818,1.13829,1.69,1.00
2017.05.04 18:05:54.657,1.13818,1.13829,1.25,1.00
2017.05.04 18:05:54.981,1.1382,1.1383,1.25,1.00
2017.05.04 18:05:58.056,1.13819,1.1383,1.25,1.00
2017.05.04 18:06:00.642,1.1382,1.13831,1.25,1.00
2017.05.04 18:06:04.964,1.13819,1.1383,1.25,1.00
2017.05.04 18:06:08.188,1.13817,1.13828,1.50,1.00
2017.05.04 18:06:09.770,1.13817,1.13827,1.00,1.00
2017.05.04 18:06:10.211,1.13817,1.13829,1.00,1.00
2017.05.04 18:06:10.735,1.13817,1.1383,1.69,1.50
2017.05.04 18:06:10.893,1.13817,1.13828,1.25,1.00
2017.05.04 18:06:11.201,1.13815,1.13826,1.00,1.00
2017.05.04 18:06:11.708,1.13815,1.13827,1.00,1.00
2017.05.04 18:06:12.052,1.13815,1.13825,1.00,1.00
2017.05.04 18:06:12.104,1.13815,1.13827,1.00,1.00
2017.05.04 18:06:12.249,1.13817,1.13827,1.00,1.00
2017.05.04 18:06:12.911,1.13817,1.13828,1.00,1.00
2017.05.04 18:06:14.613,1.13818,1.13828,1.00,1.00
2017.05.04 18:06:14.715,1.13816,1.13828,1.00,1.00
2017.05.04 18:06:14.817,1.13815,1.13825,1.00,1.00
2017.05.04 18:06:17.281,1.13815,1.13826,1.00,1.00
2017.05.04 18:06:18.719,1.13816,1.13828,1.00,1.00
2017.05.04 18:06:18.770,1.13818,1.13828,1.00,1.00
2017.05.04 18:06:19.413,1.13814,1.13826,2.44,1.00
2017.05.04 18:06:20.001,1.13814,1.13824,1.69,1.00
2017.05.04 18:06:20.398,1.13814,1.13826,1.69,1.50
2017.05.04 18:06:20.851,1.13814,1.13824,1.69,1.00
2017.05.04 18:06:24.769,1.13816,1.13824,1.00,1.00
2017.05.04 18:06:25.281,1.13815,1.13823,1.00,1.00
2017.05.04 18:06:25.819,1.13815,1.13825,1.00,1.00
2017.05.04 18:06:26.320,1.13815,1.13823,1.00,1.00
2017.05.04 18:06:28.574,1.13815,1.13824,1.00,1.00
2017.05.04 18:06:29.086,1.13815,1.13823,1.00,1.00
2017.05.04 18:06:29.954,1.13813,1.13824,1.62,1.00
2017.05.04 18:06:30.260,1.13814,1.13822,1.31,1.00
2017.05.04 18:06:30.312,1.13812,1.13822,1.31,1.00
2017.05.04 18:06:31.083,1.13812,1.13823,2.06,1.00
2017.05.04 18:06:31.611,1.13812,1.13821,1.12,1.00
2017.05.04 18:06:31.662,1.1381,1.13821,1.12,1.00
2017.05.04 18:06:32.326,1.1381,1.1382,1.12,1.00
2017.05.04 18:06:33.181,1.13813,1.13822,1.25,1.00
2017.05.04 18:06:33.708,1.13812,1.13821,1.31,1.00
2017.05.04 18:06:34.317,1.13811,1.13821,1.31,1.00
2017.05.04 18:06:39.807,1.13811,1.13823,1.31,1.00
2017.05.04 18:06:40.325,1.13812,1.13822,1.12,1.00
2017.05.04 18:06:41.160,1.13812,1.13823,1.12,1.00
2017.05.04 18:06:41.263,1.13814,1.13824,1.00,1.00
2017.05.04 18:06:41.927,1.13813,1.13824,1.12,1.00
2017.05.04 18:06:43.606,1.13819,1.1383,1.00,2.25
2017.05.04 18:06:43.708,1.1382,1.13831,1.37,1.37
2017.05.04 18:06:43.861,1.13821,1.13832,1.12,1.00
2017.05.04 18:06:43.964,1.13821,1.1383,1.12,1.00
2017.05.04 18:06:44.819,1.13821,1.1383,1.19,1.00
2017.05.04 18:06:45.643,1.13821,1.13826,1.00,1.00
2017.05.04 18:06:45.972,1.13811,1.1382,2.48,1.00
2017.05.04 18:06:46.508,1.13811,1.13819,2.48,1.00
2017.05.04 18:06:46.561,1.13812,1.13822,1.69,1.00
2017.05.04 18:06:46.614,1.13814,1.13823,1.00,1.00
2017.05.04 18:06:47.116,1.13814,1.13825,1.00,1.00
2017.05.04 18:06:47.636,1.13814,1.13823,1.00,1.00
2017.05.04 18:06:50.399,1.13818,1.13825,1.00,1.00
2017.05.04 18:06:50.502,1.13819,1.13827,1.00,1.00
2017.05.04 18:06:51.027,1.13818,1.13827,1.00,1.00
2017.05.04 18:06:51.297,1.13816,1.13825,1.55,1.00
2017.05.04 18:06:51.732,1.13815,1.13823,1.50,1.00
2017.05.04 18:06:51.783,1.13815,1.13823,1.00,1.00
2017.05.04 18:06:52.309,1.13815,1.13824,1.00,1.00
2017.05.04 18:06:52.828,1.13814,1.13824,1.00,1.00
2017.05.04 18:06:53.410,1.13814,1.13823,1.00,1.00
2017.05.04 18:06:53.947,1.13813,1.13823,1.00,1.00
2017.05.04 18:06:54.345,1.13815,1.13823,1.00,1.00
2017.05.04 18:06:54.937,1.13815,1.13824,1.12,1.00
2017.05.04 18:06:55.480,1.13816,1.13825,1.00,1.00
2017.05.04 18:06:56.067,1.13816,1.13827,1.00,1.00
2017.05.04 18:06:56.119,1.13816,1.13825,1.00,1.00
2017.05.04 18:06:56.532,1.13815,1.13823,1.12,1.00
2017.05.04 18:06:56.584,1.13815,1.13825,1.12,1.00
2017.05.04 18:06:57.528,1.13815,1.13823,1.12,1.00
2017.05.04 18:06:57.732,1.13816,1.13825,1.00,1.00
2017.05.04 18:06:59.454,1.13816,1.13826,1.00,1.00
2017.05.04 18:06:59.556,1.13815,1.13823,1.12,1.00
2017.05.04 18:06:59.608,1.13814,1.13825,1.50,1.00
2017.05.04 18:06:59.763,1.13813,1.13823,1.87,1.00
2017.05.04 18:06:59.814,1.13813,1.13823,1.00,1.00
2017.05.04 18:07:00.939,1.13814,1.13824,1.00,1.00
2017.05.04 18:07:01.465,1.13815,1.13825,1.00,1.00
2017.05.04 18:07:01.730,1.13815,1.13827,2.25,1.00
2017.05.04 18:07:02.484,1.13815,1.13826,1.50,1.00
2017.05.04 18:07:04.224,1.13818,1.13829,1.00,1.50
2017.05.04 18:07:04.530,1.13815,1.13826,1.12,1.00
2017.05.04 18:07:05.042,1.13815,1.13825,1.12,1.00
2017.05.04 18:07:06.583,1.13817,1.13825,1.00,1.00
2017.05.04 18:07:06.636,1.13817,1.13827,1.00,1.00
2017.05.04 18:07:06.789,1.13817,1.13825,1.00,1.00
2017.05.04 18:07:07.574,1.13816,1.13827,1.00,1.00
2017.05.04 18:07:08.417,1.13816,1.13826,1.00,1.00
2017.05.04 18:07:09.740,1.13817,1.13829,1.50,1.12
2017.05.04 18:07:09.844,1.13817,1.13827,1.00,1.00
2017.05.04 18:07:10.050,1.13812,1.13825,1.50,1.00
2017.05.04 18:07:10.573,1.13814,1.13825,1.00,1.00
2017.05.04 18:07:14.682,1.13812,1.13825,2.44,1.00
2017.05.04 18:07:19.899,1.13812,1.13824,2.44,1.00
2017.05.04 18:07:20.660,1.13814,1.13825,1.19,1.00
2017.05.04 18:07:23.740,1.13815,1.13823,5.55,1.00
2017.05.04 18:07:23.792,1.13814,1.13821,1.50,1.00
2017.05.04 18:07:23.945,1.13811,1.13821,1.00,1.00
2017.05.04 18:07:23.997,1.13811,1.13819,1.00,1.00
2017.05.04 18:07:24.049,1.13809,1.13819,1.31,1.00
2017.05.04 18:07:27.636,1.13807,1.13818,1.37,1.00
2017.05.04 18:07:30.660,1.13806,1.13815,1.75,1.00
2017.05.04 18:07:30.763,1.13807,1.13817,2.19,1.00
2017.05.04 18:07:31.810,1.13808,1.13819,1.69,1.00
2017.05.04 18:07:33.003,1.13808,1.13817,1.69,1.00
2017.05.04 18:07:33.108,1.13809,1.13819,1.25,1.00
2017.05.04 18:07:36.023,1.13808,1.1382,1.69,1.00
2017.05.04 18:07:37.418,1.13808,1.13819,2.44,1.00
2017.05.04 18:07:38.425,1.13809,1.1382,1.31,1.00
2017.05.04 18:07:38.927,1.13809,1.1382,1.69,1.00
2017.05.04 18:07:39.542,1.13809,1.13819,2.06,1.00
2017.05.04 18:07:40.255,1.13807,1.13819,1.50,1.00
2017.05.04 18:07:40.306,1.13807,1.13819,1.12,1.00
2017.05.04 18:07:40.714,1.13807,1.13814,1.12,1.00
2017.05.04 18:07:40.867,1.13802,1.13814,2.06,1.00
2017.05.04 18:07:40.970,1.13804,1.13816,1.69,1.00
2017.05.04 18:07:41.021,1.13806,1.13818,1.87,1.00
2017.05.04 18:07:41.531,1.13808,1.13818,1.62,1.00
2017.05.04 18:07:42.930,1.13808,1.13819,1.62,1.00
2017.05.04 18:07:43.489,1.13808,1.1382,1.62,1.00
2017.05.04 18:07:43.798,1.13808,1.13818,1.62,1.00
2017.05.04 18:07:44.486,1.13809,1.13819,1.00,1.00
2017.05.04 18:07:44.538,1.13809,1.13821,1.00,1.00
2017.05.04 18:07:46.344,1.13809,1.13821,1.12,1.00
2017.05.04 18:07:46.892,1.1381,1.13821,1.50,1.00
2017.05.04 18:07:48.619,1.13809,1.1382,2.00,1.00
2017.05.04 18:07:48.670,1.13807,1.1382,3.19,1.00
2017.05.04 18:07:49.172,1.13807,1.13821,3.56,1.00
2017.05.04 18:07:49.975,1.1381,1.13821,1.12,1.00
2017.05.04 18:07:50.499,1.13811,1.1382,1.25,1.00
2017.05.04 18:07:51.006,1.13811,1.13821,1.25,1.00
2017.05.04 18:07:51.509,1.13811,1.13822,1.25,1.00
2017.05.04 18:07:52.275,1.13811,1.13821,1.25,1.00
2017.05.04 18:07:55.170,1.13811,1.1382,1.00,1.00
2017.05.04 18:07:55.685,1.13808,1.1382,2.62,1.00
2017.05.04 18:07:56.945,1.13807,1.13818,1.75,1.00
2017.05.04 18:07:57.100,1.13806,1.13816,1.25,1.00
2017.05.04 18:08:02.509,1.13806,1.13818,2.81,1.00
2017.05.04 18:08:03.067,1.13806,1.13818,1.69,1.00
2017.05.04 18:08:03.939,1.13806,1.13818,1.87,1.00
2017.05.04 18:08:03.991,1.13809,1.13818,1.00,1.00
2017.05.04 18:08:04.093,1.13809,1.1382,1.00,1.00
2017.05.04 18:08:04.348,1.1381,1.1382,1.69,1.00
2017.05.04 18:08:05.314,1.13808,1.1382,2.25,1.00
2017.05.04 18:08:05.861,1.13808,1.13821,1.87,1.00
2017.05.04 18:08:08.155,1.13812,1.13821,1.00,1.00
2017.05.04 18:08:08.208,1.13811,1.13823,1.00,1.00
2017.05.04 18:08:08.766,1.13812,1.13822,1.00,1.00
2017.05.04 18:08:10.049,1.13811,1.13821,1.25,1.00
2017.05.04 18:08:12.342,1.1381,1.1382,1.31,1.00
2017.05.04 18:08:13.221,1.13807,1.13817,1.75,1.00
2017.05.04 18:08:13.325,1.13806,1.13817,1.00,1.00
2017.05.04 18:08:13.871,1.13806,1.13818,1.00,1.00
2017.05.04 18:08:17.190,1.13807,1.13818,1.00,1.00
2017.05.04 18:08:17.788,1.13806,1.13817,1.25,1.00
2017.05.04 18:08:17.957,1.13809,1.13819,1.00,1.00
2017.05.04 18:08:18.501,1.13807,1.13818,1.50,1.00
2017.05.04 18:08:23.488,1.13806,1.13816,2.25,1.00
2017.05.04 18:08:23.590,1.13805,1.13818,2.00,1.00
2017.05.04 18:08:23.643,1.13805,1.13818,1.69,1.00
2017.05.04 18:08:24.019,1.13806,1.13818,1.55,1.00
2017.05.04 18:08:24.591,1.13807,1.13818,1.55,1.00
2017.05.04 18:08:25.173,1.13808,1.13819,1.00,1.00
2017.05.04 18:08:29.118,1.13808,1.13819,1.19,1.00
2017.05.04 18:08:31.974,1.13807,1.13819,1.50,1.00
2017.05.04 18:08:32.697,1.13805,1.13815,1.31,1.00
2017.05.04 18:08:35.771,1.13807,1.13811,1.00,1.00
2017.05.04 18:08:35.875,1.13798,1.13809,2.25,1.00
2017.05.04 18:08:35.926,1.13798,1.13809,2.25,1.00
2017.05.04 18:08:35.978,1.13798,1.13809,1.12,1.00
2017.05.04 18:08:39.990,1.13799,1.13811,1.25,1.00
2017.05.04 18:08:40.093,1.13802,1.13813,1.37,1.00
2017.05.04 18:08:41.066,1.13799,1.13811,3.19,1.00
2017.05.04 18:08:41.169,1.13798,1.1381,3.94,1.00
2017.05.04 18:08:49.703,1.13797,1.13809,2.06,1.00
2017.05.04 18:08:50.112,1.13797,1.13808,1.25,1.12
2017.05.04 18:08:53.230,1.13798,1.13808,1.25,1.12
2017.05.04 18:08:55.264,1.13798,1.13811,2.06,1.37
2017.05.04 18:08:55.903,1.13798,1.13811,2.44,1.00
2017.05.04 18:08:57.851,1.13798,1.13812,2.44,1.00
2017.05.04 18:08:58.846,1.13798,1.13813,3.65,1.00
2017.05.04 18:08:59.977,1.138,1.13814,2.06,1.00
2017.05.04 18:09:00.283,1.13801,1.13814,3.19,1.00
2017.05.04 18:09:01.110,1.13803,1.13816,1.62,1.00
2017.05.04 18:09:01.626,1.13804,1.13816,1.19,1.00
2017.05.04 18:09:02.853,1.13804,1.13817,1.19,1.00
2017.05.04 18:09:05.226,1.13805,1.13817,1.12,1.00
2017.05.04 18:09:06.630,1.13805,1.13817,1.75,1.00
2017.05.04 18:09:08.128,1.13805,1.13819,4.12,1.00
2017.05.04 18:09:08.512,1.13807,1.13817,1.00,1.00
2017.05.04 18:09:08.615,1.13804,1.13817,3.00,1.00
2017.05.04 18:09:09.139,1.13804,1.13816,2.62,1.00
2017.05.04 18:09:09.731,1.13804,1.13816,3.37,1.00
2017.05.04 18:09:10.513,1.13804,1.13816,2.81,1.00
2017.05.04 18:09:10.620,1.13804,1.13817,4.12,1.00
2017.05.04 18:09:11.546,1.13805,1.13819,1.87,1.00
2017.05.04 18:09:12.048,1.13806,1.1382,1.87,1.00
2017.05.04 18:09:13.081,1.13806,1.13819,2.62,1.00
2017.05.04 18:09:13.982,1.13808,1.13821,1.19,1.00
2017.05.04 18:09:14.289,1.13808,1.13819,1.31,1.00
2017.05.04 18:09:18.293,1.13807,1.13818,2.44,1.00
2017.05.04 18:09:18.598,1.13807,1.1382,2.81,1.00
2017.05.04 18:09:22.902,1.13809,1.1382,1.44,1.00
2017.05.04 18:09:22.953,1.13809,1.13822,1.50,1.12
2017.05.04 18:09:23.005,1.13809,1.1382,2.06,1.00
2017.05.04 18:09:23.522,1.13809,1.1382,1.87,1.00
2017.05.04 18:09:24.571,1.13809,1.13821,1.50,1.00
2017.05.04 18:09:24.896,1.13808,1.13819,1.87,1.00
2017.05.04 18:09:27.395,1.13806,1.13818,2.44,1.00
2017.05.04 18:09:27.447,1.13806,1.13818,1.69,1.00
2017.05.04 18:09:27.977,1.13807,1.13817,1.12,1.00
2017.05.04 18:09:28.575,1.13807,1.13818,1.25,1.00
2017.05.04 18:09:29.098,1.13806,1.1382,5.06,1.00
2017.05.04 18:09:29.149,1.1381,1.1382,1.00,1.00
2017.05.04 18:09:30.231,1.1381,1.13821,1.00,1.00
2017.05.04 18:09:30.905,1.1381,1.13822,1.00,1.00
2017.05.04 18:09:33.915,1.13811,1.13822,1.25,1.00
2017.05.04 18:09:33.967,1.13812,1.13824,1.31,1.00
2017.05.04 18:09:34.559,1.13813,1.13824,1.25,1.00
2017.05.04 18:09:35.114,1.13812,1.13822,1.31,1.00
2017.05.04 18:09:35.635,1.13812,1.13823,1.31,1.00
2017.05.04 18:09:37.854,1.13813,1.13825,1.12,1.00
2017.05.04 18:09:38.369,1.13813,1.13826,1.50,1.00
2017.05.04 18:09:40.804,1.13812,1.13824,2.06,1.50
2017.05.04 18:09:41.161,1.13811,1.13822,1.87,1.00
2017.05.04 18:09:42.029,1.13814,1.13823,1.00,1.00
2017.05.04 18:09:42.083,1.13812,1.13823,1.31,1.00
2017.05.04 18:09:49.775,1.13809,1.13821,2.25,1.00
2017.05.04 18:09:50.311,1.13809,1.1382,2.25,1.00
2017.05.04 18:09:50.465,1.13809,1.1382,1.12,1.00
2017.05.04 18:09:50.628,1.13809,1.13818,1.12,1.00
2017.05.04 18:09:51.009,1.13804,1.13811,1.00,1.00
2017.05.04 18:09:51.061,1.13802,1.13811,1.25,1.00
2017.05.04 18:09:51.113,1.13799,1.13811,1.87,1.00
2017.05.04 18:09:51.165,1.13799,1.13809,1.87,1.00
2017.05.04 18:09:51.676,1.13799,1.1381,1.12,1.00
2017.05.04 18:09:52.517,1.13801,1.13813,1.00,1.50
2017.05.04 18:09:52.648,1.13804,1.13813,1.25,1.00
2017.05.04 18:09:52.700,1.13804,1.13815,1.25,1.50
2017.05.04 18:09:52.904,1.13801,1.13813,2.25,1.00
2017.05.04 18:09:53.313,1.138,1.13811,2.25,1.00
2017.05.04 18:09:54.492,1.13799,1.13809,2.19,1.00
2017.05.04 18:09:54.595,1.13799,1.13809,1.44,1.00
2017.05.04 18:09:54.748,1.138,1.13812,1.12,1.00
2017.05.04 18:09:55.811,1.13801,1.13812,1.25,1.00
2017.05.04 18:09:55.964,1.13801,1.13814,1.50,1.00
2017.05.04 18:09:56.667,1.13803,1.13813,1.00,1.00
2017.05.04 18:09:57.278,1.13801,1.13809,1.12,1.00
2017.05.04 18:09:57.782,1.13801,1.1381,1.00,1.00
2017.05.04 18:09:58.299,1.13802,1.13811,1.00,1.00
2017.05.04 18:10:00.008,1.13802,1.13813,1.00,1.00
2017.05.04 18:10:05.146,1.13802,1.13811,1.00,1.00
2017.05.04 18:10:09.679,1.138,1.13811,1.50,1.00
2017.05.04 18:10:09.731,1.138,1.13809,1.50,1.00
2017.05.04 18:10:10.089,1.13801,1.13811,1.00,1.50
2017.05.04 18:10:10.913,1.13801,1.1381,1.00,1.00
2017.05.04 18:10:11.250,1.13801,1.13808,1.00,1.00
2017.05.04 18:10:16.846,1.13801,1.13813,2.06,1.50
2017.05.04 18:10:17.363,1.13802,1.13812,1.25,1.00
2017.05.04 18:10:17.414,1.13802,1.1381,1.00,1.00
2017.05.04 18:10:17.517,1.138,1.1381,1.00,1.00
2017.05.04 18:10:17.568,1.138,1.13808,1.00,1.00
2017.05.04 18:10:18.088,1.13798,1.13808,1.31,1.00
2017.05.04 18:10:18.589,1.13798,1.13809,1.31,1.00
2017.05.04 18:10:19.107,1.13797,1.13809,4.12,1.00
2017.05.04 18:10:19.159,1.13799,1.13811,1.25,1.50
2017.05.04 18:10:19.378,1.13799,1.13809,1.25,1.00
2017.05.04 18:10:19.923,1.13797,1.13808,2.25,1.00
2017.05.04 18:10:21.140,1.13795,1.13806,2.25,1.00
2017.05.04 18:10:21.243,1.13796,1.13808,1.44,1.00
2017.05.04 18:10:21.805,1.13796,1.13807,1.44,1.00
2017.05.04 18:10:22.838,1.13794,1.13804,2.25,1.00
2017.05.04 18:10:22.941,1.13794,1.13807,2.06,1.00
2017.05.04 18:10:23.544,1.13794,1.13806,2.44,1.00
2017.05.04 18:10:25.818,1.13795,1.13807,2.44,1.00
2017.05.04 18:10:26.183,1.13794,1.13807,1.75,1.00
2017.05.04 18:10:26.234,1.13794,1.13808,2.00,1.75
2017.05.04 18:10:26.337,1.13794,1.13808,2.00,1.00
2017.05.04 18:10:26.500,1.13794,1.13808,3.19,1.00
2017.05.04 18:10:27.014,1.13795,1.13809,2.44,1.50
2017.05.04 18:10:29.236,1.13797,1.13809,1.00,1.00
2017.05.04 18:10:29.472,1.13797,1.13812,1.00,2.25
2017.05.04 18:10:30.123,1.13795,1.13812,3.37,1.87
2017.05.04 18:10:32.148,1.13795,1.1381,2.62,1.00
2017.05.04 18:10:32.830,1.13794,1.13809,2.25,1.50
2017.05.04 18:10:32.932,1.13794,1.13809,1.69,2.25
2017.05.04 18:10:33.308,1.13795,1.13809,1.00,1.87
2017.05.04 18:10:34.161,1.13794,1.13804,1.69,1.00
2017.05.04 18:10:34.693,1.13795,1.13804,1.00,1.00
2017.05.04 18:10:35.243,1.13794,1.13804,1.25,1.00
2017.05.04 18:10:36.495,1.13794,1.13803,1.00,1.00
2017.05.04 18:10:37.070,1.13793,1.13804,1.87,1.00
2017.05.04 18:10:37.862,1.13793,1.13804,3.37,1.00
2017.05.04 18:10:38.601,1.13793,1.13804,2.62,1.00
2017.05.04 18:10:38.945,1.13796,1.13804,1.00,1.00
2017.05.04 18:10:39.306,1.13794,1.13804,1.25,1.00
2017.05.04 18:10:39.548,1.13793,1.13801,1.19,1.00
2017.05.04 18:10:39.753,1.13787,1.13797,1.44,1.00
2017.05.04 18:10:40.291,1.13786,1.13796,1.50,1.00
2017.05.04 18:10:41.655,1.13789,1.13799,1.00,1.50
2017.05.04 18:10:41.750,1.13788,1.138,1.75,1.00
2017.05.04 18:10:41.801,1.13789,1.13799,1.00,1.00
2017.05.04 18:10:42.423,1.13788,1.13799,1.69,1.00
2017.05.04 18:10:42.969,1.13788,1.13798,1.69,1.00
2017.05.04 18:10:43.563,1.13786,1.13797,3.00,1.00
2017.05.04 18:10:44.935,1.13786,1.13797,2.25,1.00
2017.05.04 18:10:44.986,1.13789,1.13798,1.00,1.00
2017.05.04 18:10:45.038,1.13791,1.13802,1.00,1.37
2017.05.04 18:10:45.089,1.13789,1.13802,3.00,1.37
2017.05.04 18:10:45.141,1.1379,1.13802,2.25,1.00
2017.05.04 18:10:45.193,1.13791,1.13805,1.00,1.00
2017.05.04 18:10:45.295,1.13792,1.13804,1.12,1.00
2017.05.04 18:10:45.764,1.13792,1.13803,2.81,1.00
2017.05.04 18:10:46.874,1.13792,1.13802,1.50,1.00
2017.05.04 18:10:48.969,1.13792,1.13803,1.12,1.00
2017.05.04 18:10:49.020,1.13793,1.13803,1.31,1.00
2017.05.04 18:10:49.562,1.13794,1.13804,1.00,1.00
2017.05.04 18:10:51.981,1.13796,1.13806,1.00,1.00
2017.05.04 18:10:52.550,1.13797,1.13807,1.50,1.00
2017.05.04 18:10:54.434,1.13795,1.13805,1.50,1.00
2017.05.04 18:10:55.258,1.13795,1.13806,1.00,1.00
2017.05.04 18:10:55.564,1.13793,1.13803,1.00,1.00
2017.05.04 18:10:59.139,1.13791,1.13803,1.69,1.00
2017.05.04 18:10:59.640,1.1379,1.13802,1.00,1.00
2017.05.04 18:11:02.482,1.1379,1.13802,1.19,1.00
2017.05.04 18:11:02.670,1.13786,1.13797,1.19,1.00
2017.05.04 18:11:02.977,1.13789,1.13798,1.25,1.12
2017.05.04 18:11:03.193,1.13789,1.138,1.25,1.00
2017.05.04 18:11:03.441,1.13792,1.13801,1.25,1.00
2017.05.04 18:11:03.543,1.13789,1.13801,1.00,1.00
2017.05.04 18:11:04.061,1.13788,1.13801,1.50,1.00
2017.05.04 18:11:04.163,1.1379,1.13801,1.00,1.00
2017.05.04 18:11:05.991,1.13793,1.13803,1.00,1.50
2017.05.04 18:11:06.043,1.13789,1.13802,1.69,1.00
2017.05.04 18:11:06.146,1.13789,1.138,1.25,1.00
2017.05.04 18:11:13.038,1.13789,1.13801,1.25,1.00
2017.05.04 18:11:13.342,1.13791,1.13803,1.12,1.00
2017.05.04 18:11:13.911,1.13792,1.13803,1.25,1.00
2017.05.04 18:11:16.466,1.1379,1.13802,1.12,1.50
2017.05.04 18:11:17.130,1.13791,1.13802,1.25,1.00
2017.05.04 18:11:17.820,1.13792,1.13804,1.25,1.00
2017.05.04 18:11:19.356,1.13792,1.13805,1.69,1.12
2017.05.04 18:11:19.995,1.13791,1.13807,3.19,1.37
2017.05.04 18:11:20.197,1.13796,1.13808,1.25,1.50
2017.05.04 18:11:20.452,1.13799,1.13812,1.00,1.00
2017.05.04 18:11:20.707,1.13801,1.13812,1.00,1.00
2017.05.04 18:11:21.222,1.13801,1.13815,1.00,2.62
2017.05.04 18:11:24.993,1.13802,1.13816,2.81,1.75
2017.05.04 18:11:25.095,1.13804,1.13819,1.31,1.75
2017.05.04 18:11:25.199,1.13804,1.13819,1.31,1.50
2017.05.04 18:11:25.456,1.13805,1.13819,1.19,3.00
2017.05.04 18:11:25.770,1.138,1.13813,1.12,1.37
2017.05.04 18:11:25.976,1.13802,1.13814,1.00,1.75
2017.05.04 18:11:26.286,1.13801,1.13814,1.00,1.00
2017.05.04 18:11:26.338,1.13803,1.13815,1.00,1.12
2017.05.04 18:11:26.440,1.13801,1.13815,1.00,1.87
2017.05.04 18:11:26.984,1.13802,1.13815,1.00,1.87
2017.05.04 18:11:27.500,1.13802,1.13816,1.00,2.62
2017.05.04 18:11:27.615,1.13802,1.13816,1.00,1.37
2017.05.04 18:11:27.718,1.13802,1.13817,1.00,2.62
2017.05.04 18:11:29.226,1.13803,1.13817,1.00,1.87
2017.05.04 18:11:30.026,1.13803,1.13815,1.00,1.00
2017.05.04 18:11:30.574,1.13801,1.13816,1.50,1.37
2017.05.04 18:11:30.795,1.13801,1.13815,1.00,1.37
2017.05.04 18:11:31.537,1.13801,1.13813,1.00,1.50
2017.05.04 18:11:32.235,1.13801,1.13813,1.00,1.50
2017.05.04 18:11:34.804,1.13799,1.13811,1.00,1.12
2017.05.04 18:11:35.521,1.13799,1.13811,1.00,1.87
2017.05.04 18:11:35.728,1.13801,1.13814,1.00,2.25
2017.05.04 18:11:35.832,1.13802,1.13814,1.00,1.37
2017.05.04 18:11:36.376,1.13801,1.13813,1.00,1.00
2017.05.04 18:11:36.428,1.13803,1.13815,1.00,1.87
2017.05.04 18:11:36.909,1.13801,1.13813,1.00,1.50
2017.05.04 18:11:36.961,1.13801,1.13813,1.00,1.50
2017.05.04 18:11:37.270,1.13795,1.13807,1.00,1.50
2017.05.04 18:11:37.552,1.13795,1.13807,1.00,1.12
2017.05.04 18:11:38.032,1.138,1.1381,1.00,1.75
2017.05.04 18:11:38.086,1.13797,1.13808,1.50,1.12
2017.05.04 18:11:38.139,1.13795,1.13808,2.25,1.12
2017.05.04 18:11:38.191,1.13795,1.13807,1.00,1.00
2017.05.04 18:11:38.624,1.13794,1.13808,1.00,1.12
2017.05.04 18:11:38.675,1.13794,1.13807,1.00,1.00
2017.05.04 18:11:38.823,1.13793,1.13806,1.50,1.37
2017.05.04 18:11:39.369,1.13793,1.13804,1.00,2.62
2017.05.04 18:11:39.989,1.13792,1.13803,1.00,1.87
2017.05.04 18:11:40.296,1.13794,1.13804,1.50,1.42
2017.05.04 18:11:40.450,1.138,1.13813,1.00,2.36
2017.05.04 18:11:41.690,1.13803,1.13814,1.00,1.50
2017.05.04 18:11:41.742,1.13803,1.13814,1.00,1.00
2017.05.04 18:11:41.895,1.13801,1.13814,1.00,1.37
2017.05.04 18:11:42.429,1.13801,1.13814,1.00,1.00
2017.05.04 18:11:42.675,1.13801,1.13814,1.00,1.37
2017.05.04 18:11:42.727,1.13799,1.13814,1.00,1.87
2017.05.04 18:11:43.274,1.13798,1.13814,1.00,1.87
2017.05.04 18:11:43.933,1.13799,1.13814,1.00,1.87
2017.05.04 18:11:44.228,1.13797,1.13811,1.00,1.12
2017.05.04 18:11:44.383,1.13799,1.1381,1.00,1.12
2017.05.04 18:11:44.730,1.13807,1.13818,1.00,1.62
2017.05.04 18:11:45.036,1.13804,1.13816,1.50,1.37
2017.05.04 18:11:45.190,1.13801,1.13814,1.00,1.37
2017.05.04 18:11:45.293,1.13803,1.13814,1.00,1.12
2017.05.04 18:11:45.345,1.138,1.13814,1.00,1.62
2017.05.04 18:11:45.399,1.13798,1.13814,1.00,1.62
2017.05.04 18:11:45.451,1.13799,1.13814,1.00,2.06
2017.05.04 18:11:45.973,1.138,1.13813,1.00,1.87
2017.05.04 18:11:49.964,1.13799,1.13812,1.00,1.87
2017.05.04 18:11:53.985,1.13797,1.13811,1.00,1.50
2017.05.04 18:11:54.036,1.13799,1.13811,1.00,1.50
2017.05.04 18:11:54.623,1.13797,1.13811,1.19,1.87
2017.05.04 18:11:56.245,1.13799,1.13811,1.00,1.37
2017.05.04 18:11:58.114,1.13799,1.13812,1.19,1.75
2017.05.04 18:11:58.167,1.13799,1.13812,1.19,1.00
2017.05.04 18:11:58.748,1.13797,1.1381,3.37,1.00
2017.05.04 18:11:59.089,1.13798,1.1381,1.12,1.00
2017.05.04 18:12:02.426,1.13798,1.13809,1.12,1.00
2017.05.04 18:12:02.740,1.13798,1.13811,1.00,2.25
2017.05.04 18:12:04.390,1.13798,1.13812,1.00,1.87
2017.05.04 18:12:05.077,1.13797,1.13812,1.50,1.87
2017.05.04 18:12:05.589,1.13798,1.13812,1.00,1.87
2017.05.04 18:12:06.600,1.13799,1.13813,1.19,1.50
2017.05.04 18:12:07.082,1.13798,1.13812,1.00,1.12
2017.05.04 18:12:10.840,1.13798,1.13814,1.19,2.62
2017.05.04 18:12:12.011,1.138,1.13812,1.00,1.12
2017.05.04 18:12:12.064,1.13798,1.13812,1.12,1.50
2017.05.04 18:12:13.251,1.13799,1.13814,1.00,2.62
2017.05.04 18:12:13.760,1.13798,1.13812,1.25,1.00
2017.05.04 18:12:14.444,1.13798,1.13811,1.25,1.00
2017.05.04 18:12:15.493,1.13797,1.13808,1.12,1.00
2017.05.04 18:12:15.722,1.13791,1.13804,1.25,1.00
2017.05.04 18:12:15.773,1.13791,1.13802,1.00,1.62
2017.05.04 18:12:16.283,1.1379,1.13804,1.00,2.44
2017.05.04 18:12:16.834,1.13791,1.13804,1.00,1.94
2017.05.04 18:12:17.640,1.13793,1.13807,1.00,1.75
2017.05.04 18:12:17.691,1.13793,1.13805,1.00,1.00
2017.05.04 18:12:17.828,1.13793,1.13808,1.12,2.44
2017.05.04 18:12:18.378,1.13794,1.1381,1.00,2.25
2017.05.04 18:12:18.808,1.13794,1.13808,1.00,1.50
2017.05.04 18:12:19.100,1.13791,1.13806,1.12,3.00
2017.05.04 18:12:20.600,1.13789,1.13804,3.00,1.00
2017.05.04 18:12:22.058,1.13787,1.13802,2.62,1.50
2017.05.04 18:12:22.212,1.13785,1.13799,1.12,1.69
2017.05.04 18:12:22.264,1.13783,1.13792,1.75,1.37
2017.05.04 18:12:22.367,1.13777,1.13792,1.75,1.12
2017.05.04 18:12:22.419,1.13777,1.13792,1.00,1.37
2017.05.04 18:12:22.522,1.13782,1.13793,1.00,1.12
2017.05.04 18:12:22.831,1.13786,1.13796,1.00,1.50
2017.05.04 18:12:23.165,1.1379,1.13798,1.00,1.12
2017.05.04 18:12:23.675,1.13791,1.13801,1.00,1.87
2017.05.04 18:12:25.720,1.13793,1.13801,1.00,1.87
2017.05.04 18:12:26.306,1.13794,1.13801,1.00,1.87
2017.05.04 18:12:26.756,1.13794,1.13801,1.00,1.50
2017.05.04 18:12:27.349,1.13795,1.13804,1.00,1.12
2017.05.04 18:12:27.452,1.13795,1.13804,1.00,1.00
2017.05.04 18:12:27.504,1.13793,1.13803,1.00,1.87
2017.05.04 18:12:27.606,1.1379,1.138,1.00,1.37
2017.05.04 18:12:27.760,1.1379,1.13797,1.00,1.00
2017.05.04 18:12:27.812,1.13788,1.13797,1.00,1.00
2017.05.04 18:12:27.967,1.13786,1.13796,1.00,1.37
2017.05.04 18:12:28.351,1.13788,1.13797,1.00,5.15
2017.05.04 18:12:28.555,1.13788,1.13796,1.00,1.12
2017.05.04 18:12:32.103,1.13787,1.13796,1.00,1.12
2017.05.04 18:12:33.668,1.13788,1.13797,1.00,1.75
2017.05.04 18:12:33.772,1.1379,1.13797,1.00,1.75
2017.05.04 18:12:33.882,1.13785,1.13794,1.00,1.87
2017.05.04 18:12:33.936,1.13783,1.13791,1.00,1.37
2017.05.04 18:12:33.987,1.13781,1.13789,1.00,1.37
2017.05.04 18:12:34.038,1.13781,1.13789,1.00,1.37
2017.05.04 18:12:34.141,1.13781,1.13789,1.00,1.12
2017.05.04 18:12:34.449,1.1378,1.13789,1.00,1.87
2017.05.04 18:12:34.500,1.1378,1.13789,1.00,1.87
2017.05.04 18:12:34.705,1.1378,1.13789,1.00,1.75
2017.05.04 18:12:34.807,1.1378,1.13788,1.00,1.00
2017.05.04 18:12:35.096,1.13782,1.1379,1.00,1.87
2017.05.04 18:12:35.199,1.13782,1.1379,1.00,1.00
2017.05.04 18:12:35.730,1.1378,1.13788,1.00,1.12
2017.05.04 18:12:36.835,1.13782,1.13789,1.00,1.37
2017.05.04 18:12:37.194,1.13781,1.1379,1.00,1.12
2017.05.04 18:12:37.399,1.13784,1.13792,1.00,1.75
2017.05.04 18:12:37.992,1.13786,1.1379,1.00,1.00
2017.05.04 18:12:38.044,1.13786,1.13795,1.00,1.87
2017.05.04 18:12:39.228,1.13786,1.13795,1.00,1.87
2017.05.04 18:12:40.173,1.13782,1.1379,1.00,1.00
2017.05.04 18:12:43.133,1.13784,1.13792,1.00,1.37
2017.05.04 18:12:43.726,1.1378,1.13791,1.00,1.50
2017.05.04 18:12:45.077,1.13783,1.13791,1.00,1.37
2017.05.04 18:12:45.329,1.13785,1.13794,1.00,1.50
2017.05.04 18:12:46.677,1.13785,1.13791,1.00,1.00
2017.05.04 18:12:46.729,1.13781,1.1379,1.00,1.00
2017.05.04 18:12:46.780,1.13784,1.13792,1.00,1.00
2017.05.04 18:12:47.327,1.13785,1.13794,1.00,1.37
2017.05.04 18:12:48.634,1.13786,1.13795,1.00,1.50
2017.05.04 18:12:50.914,1.13788,1.13795,1.00,1.50
2017.05.04 18:12:51.068,1.13788,1.13796,1.00,1.50
2017.05.04 18:12:51.375,1.1379,1.13796,1.00,1.00
2017.05.04 18:12:51.479,1.13788,1.13796,1.00,1.00
2017.05.04 18:12:52.568,1.13789,1.13796,1.00,1.00
2017.05.04 18:12:55.206,1.13791,1.13796,1.00,1.00
2017.05.04 18:12:56.295,1.1379,1.13796,1.00,1.12
2017.05.04 18:12:56.397,1.13789,1.13799,1.00,1.87
2017.05.04 18:12:56.905,1.1379,1.13799,1.00,1.50
2017.05.04 18:12:58.419,1.13785,1.13795,1.00,1.87
2017.05.04 18:12:58.470,1.13786,1.13796,1.00,1.87
2017.05.04 18:12:59.081,1.13786,1.13795,1.00,1.12
2017.05.04 18:13:00.462,1.13787,1.13795,1.00,1.12
2017.05.04 18:13:02.247,1.13788,1.13796,1.00,1.87
2017.05.04 18:13:02.400,1.13786,1.13796,1.00,1.87
2017.05.04 18:13:03.801,1.13788,1.13795,1.00,1.50
2017.05.04 18:13:04.088,1.13788,1.13798,1.00,1.87
2017.05.04 18:13:04.516,1.1379,1.13798,1.00,1.87
2017.05.04 18:13:04.822,1.13791,1.13799,1.00,1.00
2017.05.04 18:13:05.603,1.13792,1.13799,1.00,1.00
2017.05.04 18:13:06.162,1.13792,1.138,1.00,1.50
2017.05.04 18:13:06.315,1.1379,1.138,1.00,1.87
2017.05.04 18:13:06.418,1.1379,1.138,1.00,1.87
2017.05.04 18:13:06.891,1.13792,1.13799,1.00,1.00
2017.05.04 18:13:07.614,1.13792,1.13798,1.00,1.00
2017.05.04 18:13:07.718,1.1379,1.13798,1.00,1.00
2017.05.04 18:13:08.615,1.1379,1.138,1.00,1.87
2017.05.04 18:13:09.814,1.1379,1.13798,1.00,1.00
2017.05.04 18:13:10.803,1.13789,1.13797,1.00,1.12
2017.05.04 18:13:11.125,1.13789,1.13796,1.00,1.37
2017.05.04 18:13:11.689,1.1379,1.13797,1.00,1.87
2017.05.04 18:13:13.175,1.13791,1.13796,1.00,1.00
2017.05.04 18:13:13.706,1.13791,1.13797,1.00,1.75
2017.05.04 18:13:18.725,1.13791,1.13799,1.00,1.12
2017.05.04 18:13:19.120,1.13793,1.13801,1.00,1.87
2017.05.04 18:13:19.528,1.13795,1.13801,1.00,1.50
2017.05.04 18:13:21.090,1.13795,1.13801,1.00,1.12
2017.05.04 18:13:21.619,1.13794,1.138,1.00,1.12
2017.05.04 18:13:22.260,1.13795,1.13802,1.00,2.62
2017.05.04 18:13:23.211,1.13796,1.13801,1.00,1.37
2017.05.04 18:13:23.364,1.13794,1.13803,1.00,1.12
2017.05.04 18:13:23.534,1.13794,1.13803,1.00,1.12
2017.05.04 18:13:25.382,1.13794,1.13803,1.00,1.87
2017.05.04 18:13:26.010,1.13796,1.13802,1.00,1.37
2017.05.04 18:13:26.318,1.13802,1.13806,1.00,1.00
2017.05.04 18:13:26.369,1.13802,1.13808,1.00,1.75
2017.05.04 18:13:26.421,1.13802,1.13808,1.00,1.00
2017.05.04 18:13:26.850,1.13799,1.13808,1.00,1.00
2017.05.04 18:13:27.406,1.13799,1.13809,1.00,1.12
2017.05.04 18:13:28.026,1.13799,1.1381,1.00,1.50
2017.05.04 18:13:29.101,1.13799,1.1381,1.00,1.50
2017.05.04 18:13:32.461,1.13798,1.1381,1.00,1.87
2017.05.04 18:13:33.234,1.13797,1.1381,1.00,1.87
2017.05.04 18:13:33.864,1.13798,1.1381,1.00,1.87
2017.05.04 18:13:34.212,1.13795,1.13807,1.50,1.00
2017.05.04 18:13:34.561,1.13798,1.13807,1.00,1.12
2017.05.04 18:13:35.095,1.13801,1.1381,1.00,1.12
2017.05.04 18:13:35.146,1.13799,1.1381,1.00,1.12
2017.05.04 18:13:35.858,1.13798,1.1381,1.00,1.87
2017.05.04 18:13:36.362,1.13799,1.1381,1.00,2.62
2017.05.04 18:13:36.907,1.13799,1.13808,1.00,1.00
2017.05.04 18:13:39.302,1.13799,1.13809,1.00,1.12
2017.05.04 18:13:39.608,1.13797,1.13805,1.00,1.87
2017.05.04 18:13:39.659,1.13794,1.13804,1.50,1.37
2017.05.04 18:13:39.834,1.13789,1.13801,1.50,2.62
2017.05.04 18:13:40.039,1.1379,1.138,1.00,1.37
2017.05.04 18:13:40.090,1.13792,1.138,1.00,1.37
2017.05.04 18:13:40.619,1.13791,1.13802,1.00,1.12
2017.05.04 18:13:40.957,1.13792,1.13804,1.00,1.50
2017.05.04 18:13:41.008,1.13789,1.13803,1.87,1.37
2017.05.04 18:13:41.161,1.13788,1.13803,1.12,1.37
2017.05.04 18:13:41.213,1.1379,1.13803,1.00,1.37
2017.05.04 18:13:42.604,1.13789,1.13803,1.00,1.37
2017.05.04 18:13:44.496,1.1379,1.13804,1.00,1.50
2017.05.04 18:13:44.803,1.1379,1.13799,1.00,1.00
2017.05.04 18:13:45.306,1.13789,1.13801,1.00,1.37
2017.05.04 18:13:45.817,1.1379,1.13799,1.00,1.00
2017.05.04 18:13:46.934,1.13786,1.13799,1.00,1.50
2017.05.04 18:13:46.986,1.13788,1.13799,1.00,1.50
2017.05.04 18:13:47.038,1.13788,1.13799,1.00,1.50
2017.05.04 18:13:47.242,1.1379,1.138,1.00,1.50
2017.05.04 18:13:47.769,1.13788,1.13799,1.00,1.12
2017.05.04 18:13:47.952,1.13789,1.13801,1.00,1.12
2017.05.04 18:13:48.501,1.13786,1.138,1.50,1.37
2017.05.04 18:13:48.553,1.13786,1.13797,1.50,1.00
2017.05.04 18:13:48.605,1.13786,1.138,1.50,1.87
2017.05.04 18:13:49.121,1.13787,1.13799,1.00,1.50
2017.05.04 18:13:51.432,1.13785,1.13799,1.00,1.12
2017.05.04 18:13:51.587,1.13785,1.13797,1.00,1.00
2017.05.04 18:13:52.149,1.13782,1.13796,1.87,1.37
2017.05.04 18:13:52.254,1.13781,1.13796,1.12,1.12
2017.05.04 18:13:52.306,1.13783,1.13796,1.00,1.12
2017.05.04 18:13:52.808,1.13784,1.13797,1.00,1.87
2017.05.04 18:13:53.324,1.13784,1.13795,1.00,1.00
2017.05.04 18:13:53.878,1.13784,1.13796,1.00,1.00
2017.05.04 18:13:54.185,1.13785,1.13798,1.00,1.12
2017.05.04 18:13:54.738,1.13786,1.138,1.00,1.87
2017.05.04 18:13:55.267,1.13785,1.13797,1.00,1.12
2017.05.04 18:13:55.763,1.13786,1.13801,1.00,1.37
2017.05.04 18:13:56.389,1.13785,1.138,1.12,1.87
2017.05.04 18:13:58.333,1.13789,1.13799,1.00,1.37
2017.05.04 18:13:58.641,1.13789,1.13802,1.00,1.75
2017.05.04 18:13:58.743,1.13789,1.13804,1.00,2.17
2017.05.04 18:13:58.950,1.13794,1.13804,1.00,1.00
2017.05.04 18:13:59.206,1.13794,1.13807,1.00,1.87
2017.05.04 18:13:59.667,1.13792,1.13807,2.25,1.37
2017.05.04 18:13:59.718,1.13794,1.13809,1.00,3.00
2017.05.04 18:14:00.047,1.13794,1.13808,1.00,1.12
2017.05.04 18:14:00.736,1.13794,1.13808,1.00,1.50
2017.05.04 18:14:01.272,1.13794,1.13809,1.00,2.25
2017.05.04 18:14:01.427,1.13794,1.13807,1.00,1.37
2017.05.04 18:14:03.057,1.13796,1.13809,1.00,1.87
2017.05.04 18:14:03.213,1.13796,1.1381,1.25,1.87
2017.05.04 18:14:03.367,1.13798,1.13812,1.00,2.62
2017.05.04 18:14:03.744,1.13796,1.13811,1.12,2.25
2017.05.04 18:14:03.898,1.13798,1.13811,1.00,1.75
2017.05.04 18:14:03.949,1.13795,1.1381,2.81,1.50
2017.05.04 18:14:04.104,1.13794,1.13809,2.44,2.25
2017.05.04 18:14:04.206,1.13795,1.13809,1.00,1.12
2017.05.04 18:14:04.259,1.13794,1.13807,1.12,1.37
2017.05.04 18:14:04.362,1.13792,1.13806,1.00,1.50
2017.05.04 18:14:04.414,1.13795,1.13807,1.00,1.87
2017.05.04 18:14:04.567,1.13793,1.13807,1.87,1.37
2017.05.04 18:14:10.204,1.13793,1.13807,3.00,1.50
2017.05.04 18:14:10.982,1.13796,1.13807,1.00,1.50
2017.05.04 18:14:11.327,1.13799,1.13809,1.00,2.17
2017.05.04 18:14:11.466,1.13798,1.1381,2.06,1.05
2017.05.04 18:14:12.434,1.13798,1.1381,1.87,1.05
2017.05.04 18:14:13.433,1.13799,1.1381,1.00,1.05
2017.05.04 18:14:13.900,1.13797,1.1381,1.50,1.12
2017.05.04 18:14:13.952,1.13797,1.1381,1.12,1.87
2017.05.04 18:14:14.502,1.13795,1.1381,2.25,2.62
2017.05.04 18:14:15.037,1.13795,1.13808,1.00,1.87
2017.05.04 18:14:17.096,1.13797,1.13808,1.00,1.12
2017.05.04 18:14:17.198,1.13797,1.1381,1.50,1.50
2017.05.04 18:14:19.654,1.138,1.13811,1.00,1.00
2017.05.04 18:14:19.859,1.138,1.13813,1.00,1.50
2017.05.04 18:14:23.564,1.13802,1.13814,1.00,1.00
2017.05.04 18:14:24.173,1.13801,1.13815,1.00,1.37
2017.05.04 18:14:24.708,1.13801,1.13813,1.00,1.00
2017.05.04 18:14:25.379,1.13799,1.13813,2.06,2.25
2017.05.04 18:14:25.711,1.13799,1.13813,2.06,2.25
2017.05.04 18:14:25.763,1.13798,1.13812,2.62,1.37
2017.05.04 18:14:26.314,1.13798,1.13812,2.62,1.00
2017.05.04 18:14:26.842,1.13798,1.13811,3.37,1.00
2017.05.04 18:14:27.736,1.13798,1.13812,3.37,1.50
2017.05.04 18:14:29.968,1.13798,1.13811,1.87,1.12
2017.05.04 18:14:30.507,1.13799,1.13812,1.00,1.87
2017.05.04 18:14:31.134,1.13798,1.13811,1.87,1.12
2017.05.04 18:14:32.331,1.13797,1.1381,3.75,1.00
2017.05.04 18:14:32.864,1.13797,1.13812,3.00,1.50
2017.05.04 18:14:33.526,1.13799,1.13812,1.00,1.50
2017.05.04 18:14:33.902,1.138,1.13814,2.44,1.00
2017.05.04 18:14:33.953,1.13802,1.13815,1.00,1.50
2017.05.04 18:14:34.497,1.13802,1.13815,1.00,1.87
2017.05.04 18:14:35.157,1.13803,1.13815,1.00,1.87
2017.05.04 18:14:35.466,1.13799,1.13809,1.37,1.12
2017.05.04 18:14:35.518,1.13797,1.13809,1.50,1.12
2017.05.04 18:14:35.620,1.13796,1.13809,3.00,1.12
2017.05.04 18:14:36.220,1.13797,1.13809,1.00,1.00
2017.05.04 18:14:37.360,1.13797,1.1381,1.87,1.12
2017.05.04 18:14:38.185,1.138,1.13814,1.00,3.37
2017.05.04 18:14:38.492,1.13802,1.13814,1.12,1.50
2017.05.04 18:14:38.543,1.13802,1.13814,1.12,1.12
2017.05.04 18:14:39.115,1.13801,1.13814,1.00,1.12
2017.05.04 18:14:39.834,1.138,1.13813,2.44,1.00
2017.05.04 18:14:40.352,1.13801,1.13815,1.25,2.62
2017.05.04 18:14:41.224,1.138,1.13815,1.50,2.62
2017.05.04 18:14:42.797,1.138,1.13813,1.00,1.12
2017.05.04 18:14:43.306,1.138,1.13812,1.00,1.00
2017.05.04 18:14:43.861,1.138,1.13812,1.00,1.37
2017.05.04 18:14:44.380,1.138,1.13812,1.00,1.00
2017.05.04 18:14:44.911,1.13801,1.13812,1.00,1.00
2017.05.04 18:14:45.301,1.13803,1.13816,1.00,2.62
2017.05.04 18:14:45.353,1.13803,1.13816,1.00,1.50
2017.05.04 18:14:46.003,1.13801,1.13815,2.25,1.12
2017.05.04 18:14:46.506,1.13801,1.13814,1.50,1.12
2017.05.04 18:14:47.060,1.13802,1.13814,1.00,1.12
2017.05.04 18:14:47.580,1.13803,1.13816,1.00,2.25
2017.05.04 18:14:47.632,1.13801,1.13816,2.25,2.25
2017.05.04 18:14:48.153,1.13802,1.13816,1.00,1.50
2017.05.04 18:14:49.201,1.13801,1.13816,1.50,2.25
2017.05.04 18:14:49.624,1.13805,1.13817,1.00,1.75
2017.05.04 18:14:49.726,1.13805,1.13819,1.00,1.50
2017.05.04 18:14:49.778,1.13809,1.13821,1.87,1.75
2017.05.04 18:14:49.933,1.13811,1.13825,1.37,1.00
2017.05.04 18:14:50.640,1.13813,1.13827,1.00,1.50
2017.05.04 18:14:50.743,1.13815,1.13827,1.00,1.00
2017.05.04 18:14:50.845,1.13813,1.13827,1.00,1.50
2017.05.04 18:14:51.215,1.13816,1.13827,1.00,1.00
2017.05.04 18:14:51.773,1.13814,1.13828,1.50,2.25
2017.05.04 18:14:52.286,1.13813,1.13826,1.00,1.12
2017.05.04 18:14:53.379,1.13813,1.13827,1.50,1.00
2017.05.04 18:14:54.376,1.13814,1.13827,1.00,1.12
2017.05.04 18:14:54.535,1.13812,1.13827,3.37,1.50
2017.05.04 18:14:54.903,1.13814,1.13828,1.00,1.37
2017.05.04 18:14:56.701,1.13813,1.13828,1.00,2.25
2017.05.04 18:14:57.684,1.13816,1.13829,1.00,2.25
2017.05.04 18:14:58.040,1.13817,1.1383,1.00,1.37
2017.05.04 18:14:58.655,1.13816,1.13828,1.12,1.12
2017.05.04 18:14:59.342,1.13818,1.13829,1.00,1.00
2017.05.04 18:14:59.864,1.13817,1.13827,1.00,1.00
2017.05.04 18:15:00.018,1.13817,1.1383,1.00,1.00
2017.05.04 18:15:00.070,1.13817,1.13828,1.00,1.00
2017.05.04 18:15:00.287,1.13817,1.1383,1.00,1.00
2017.05.04 18:15:00.476,1.13817,1.13828,1.00,1.00
2017.05.04 18:15:00.579,1.13817,1.1383,1.00,1.12
2017.05.04 18:15:00.631,1.13817,1.13828,1.00,1.00
2017.05.04 18:15:00.938,1.13815,1.13829,2.25,1.50
2017.05.04 18:15:01.463,1.13815,1.13827,1.87,1.00
2017.05.04 18:15:03.177,1.13815,1.13829,2.62,1.87
2017.05.04 18:15:03.325,1.13814,1.13825,1.87,1.12
2017.05.04 18:15:03.427,1.13813,1.13824,1.12,1.00
2017.05.04 18:15:03.963,1.13813,1.13826,1.00,1.87
2017.05.04 18:15:04.167,1.13813,1.13823,1.00,1.00
2017.05.04 18:15:04.219,1.13813,1.13825,1.00,1.12
2017.05.04 18:15:05.599,1.13813,1.13824,1.00,1.00
2017.05.04 18:15:06.100,1.13812,1.13824,1.00,1.00
2017.05.04 18:15:06.624,1.13812,1.13825,1.00,1.50
2017.05.04 18:15:07.285,1.13813,1.13825,1.00,1.50
2017.05.04 18:15:07.667,1.13813,1.13823,1.00,1.00
2017.05.04 18:15:08.177,1.13812,1.13823,1.00,1.00
2017.05.04 18:15:08.229,1.1381,1.13823,1.12,1.00
2017.05.04 18:15:09.612,1.1381,1.13822,1.12,1.12
2017.05.04 18:15:09.969,1.13812,1.13822,1.00,1.00
2017.05.04 18:15:10.122,1.13809,1.1382,1.12,1.00
2017.05.04 18:15:11.157,1.13808,1.13819,2.25,1.00
2017.05.04 18:15:11.782,1.13808,1.13821,1.50,1.12
2017.05.04 18:15:12.320,1.13808,1.13821,1.00,1.12
2017.05.04 18:15:13.772,1.13809,1.13822,1.00,1.00
2017.05.04 18:15:13.824,1.13811,1.13823,1.00,1.50
2017.05.04 18:15:14.130,1.1381,1.13821,1.00,1.00
2017.05.04 18:15:14.893,1.1381,1.1382,1.00,1.00
2017.05.04 18:15:15.018,1.13808,1.1382,1.12,1.00
2017.05.04 18:15:17.405,1.13809,1.1382,1.00,1.00
2017.05.04 18:15:19.054,1.13808,1.13819,1.12,1.12
2017.05.04 18:15:19.580,1.13807,1.13818,1.50,1.00
2017.05.04 18:15:21.713,1.13806,1.13818,1.37,1.37
2017.05.04 18:15:22.215,1.13806,1.13817,1.12,1.00
2017.05.04 18:15:23.151,1.13806,1.13819,1.12,1.00
2017.05.04 18:15:26.805,1.13807,1.13819,1.00,1.00
2017.05.04 18:15:27.326,1.13807,1.13818,1.00,1.12
2017.05.04 18:15:27.636,1.13807,1.1382,1.00,1.87
2017.05.04 18:15:28.476,1.13808,1.1382,1.00,1.12
2017.05.04 18:15:28.630,1.13809,1.13823,1.00,2.25
2017.05.04 18:15:28.681,1.13807,1.13817,1.00,1.37
2017.05.04 18:15:28.937,1.13804,1.13816,2.62,1.00
2017.05.04 18:15:29.692,1.13808,1.13818,1.00,1.00
2017.05.04 18:15:29.948,1.1381,1.13825,1.12,1.87
2017.05.04 18:15:30.712,1.13812,1.13826,1.00,1.00
2017.05.04 18:15:31.243,1.13813,1.13826,1.69,1.00
2017.05.04 18:15:31.592,1.13815,1.13826,1.00,1.00
2017.05.04 18:15:32.107,1.13814,1.13826,1.00,1.37
2017.05.04 18:15:32.672,1.13813,1.13826,1.12,1.00
2017.05.04 18:15:34.664,1.13816,1.13828,1.00,1.00
2017.05.04 18:15:35.182,1.13816,1.13827,1.00,1.00
2017.05.04 18:15:35.534,1.13814,1.13828,1.00,1.37
2017.05.04 18:15:35.586,1.13814,1.13826,1.37,1.37
2017.05.04 18:15:35.739,1.13812,1.13822,1.31,1.00
2017.05.04 18:15:36.046,1.13814,1.13825,1.00,1.50
2017.05.04 18:15:36.201,1.13814,1.13826,1.00,1.50
2017.05.04 18:15:36.712,1.13814,1.13828,1.00,1.50
2017.05.04 18:15:37.260,1.13815,1.13829,1.12,1.87
2017.05.04 18:15:37.363,1.13817,1.1383,1.00,1.75
2017.05.04 18:15:37.465,1.13817,1.1383,1.00,1.75
2017.05.04 18:15:37.975,1.13816,1.13829,3.37,1.00
2017.05.04 18:15:38.477,1.13817,1.1383,1.00,1.87
2017.05.04 18:15:38.580,1.13817,1.13829,1.00,1.00
2017.05.04 18:15:39.112,1.13816,1.1383,1.87,1.37
2017.05.04 18:15:39.217,1.13821,1.13832,1.00,1.12
2017.05.04 18:15:39.400,1.13819,1.13832,1.12,1.37
2017.05.04 18:15:39.454,1.13819,1.13833,1.87,1.00
2017.05.04 18:15:39.557,1.13821,1.13834,1.00,1.12
2017.05.04 18:15:39.863,1.13818,1.13832,1.50,1.00
2017.05.04 18:15:40.017,1.13821,1.13836,2.25,1.12
2017.05.04 18:15:40.322,1.13822,1.13837,2.25,1.50
2017.05.04 18:15:40.662,1.13821,1.13834,3.00,1.00
2017.05.04 18:15:41.180,1.13821,1.13837,2.62,2.62
2017.05.04 18:15:41.342,1.13826,1.13837,1.00,1.87
2017.05.04 18:15:41.863,1.13825,1.13837,1.00,1.00
2017.05.04 18:15:42.272,1.13827,1.13837,1.00,1.00
2017.05.04 18:15:43.058,1.13823,1.13837,1.87,1.00
2017.05.04 18:15:44.439,1.13823,1.13836,1.37,1.00
2017.05.04 18:15:44.490,1.13822,1.13834,3.75,1.00
2017.05.04 18:15:45.009,1.13822,1.13833,2.25,1.00
2017.05.04 18:15:45.164,1.13824,1.13835,1.00,1.00
2017.05.04 18:15:45.718,1.13824,1.13836,2.44,1.00
2017.05.04 18:15:46.087,1.13824,1.13833,1.50,1.00
2017.05.04 18:15:46.343,1.13821,1.13831,1.50,1.00
2017.05.04 18:15:46.395,1.13821,1.13833,1.00,1.00
2017.05.04 18:15:46.916,1.13821,1.13832,1.69,1.00
2017.05.04 18:15:47.957,1.13825,1.13835,1.00,1.50
2017.05.04 18:15:48.263,1.13828,1.1384,1.87,1.00
2017.05.04 18:15:48.366,1.1383,1.1384,1.00,1.00
2017.05.04 18:15:48.883,1.13829,1.1384,1.00,1.00
2017.05.04 18:15:49.387,1.13829,1.13839,1.00,1.00
2017.05.04 18:15:50.231,1.13829,1.13841,1.00,1.00
2017.05.04 18:15:50.283,1.13831,1.13843,1.00,1.37
2017.05.04 18:15:50.848,1.13833,1.13844,1.00,1.12
2017.05.04 18:15:51.255,1.13836,1.13846,1.00,1.75
2017.05.04 18:15:51.767,1.13836,1.13848,1.00,1.12
2017.05.04 18:15:52.243,1.13844,1.13853,1.00,4.80
2017.05.04 18:15:52.346,1.13845,1.13853,1.69,2.25
2017.05.04 18:15:52.533,1.13854,1.13859,1.00,1.00
2017.05.04 18:15:52.584,1.13857,1.13861,1.00,1.00
2017.05.04 18:15:52.636,1.13859,1.13864,1.00,1.00
2017.05.04 18:15:52.687,1.13863,1.13867,1.00,1.00
2017.05.04 18:15:52.739,1.13862,1.13872,1.00,1.37
2017.05.04 18:15:52.842,1.13864,1.13871,1.00,1.00
2017.05.04 18:15:53.148,1.13863,1.13875,1.00,1.87
2017.05.04 18:15:53.199,1.13861,1.13874,1.00,1.50
2017.05.04 18:15:53.544,1.13863,1.13876,1.00,1.12
2017.05.04 18:15:53.698,1.13865,1.13877,1.00,2.62
2017.05.04 18:15:53.902,1.13863,1.13877,1.00,1.87
2017.05.04 18:15:54.210,1.13866,1.13875,1.00,1.00
2017.05.04 18:15:54.261,1.13863,1.13875,1.00,1.00
2017.05.04 18:15:54.416,1.13861,1.13874,1.00,1.37
2017.05.04 18:15:55.099,1.13857,1.13872,1.31,1.00
2017.05.04 18:15:55.457,1.13856,1.13874,3.19,4.12
2017.05.04 18:15:55.773,1.13852,1.13869,3.00,1.12
2017.05.04 18:15:56.342,1.13853,1.13869,1.31,1.87
2017.05.04 18:15:56.992,1.13852,1.13869,2.44,1.87
2017.05.04 18:15:57.197,1.13852,1.13867,1.12,1.37
2017.05.04 18:15:57.505,1.13852,1.13867,1.50,1.87
2017.05.04 18:15:57.660,1.13854,1.13868,1.69,1.00
2017.05.04 18:15:58.226,1.13855,1.13868,1.00,1.00
2017.05.04 18:15:58.750,1.13853,1.13867,2.62,1.00
2017.05.04 18:15:58.996,1.13853,1.13865,2.62,1.00
2017.05.04 18:15:59.048,1.13852,1.13867,2.44,1.00
2017.05.04 18:15:59.151,1.13852,1.13864,1.69,1.00
2017.05.04 18:15:59.202,1.13852,1.13867,1.69,1.00
2017.05.04 18:15:59.408,1.13855,1.13869,1.00,1.75
2017.05.04 18:15:59.742,1.13851,1.13863,1.37,1.37
2017.05.04 18:16:00.218,1.13849,1.13863,1.12,2.25
2017.05.04 18:16:00.270,1.13849,1.13863,1.12,2.62
2017.05.04 18:16:00.799,1.13849,1.13863,3.56,1.00
2017.05.04 18:16:00.851,1.13851,1.13865,1.37,1.12
2017.05.04 18:16:01.310,1.13852,1.13863,1.37,1.00
2017.05.04 18:16:01.362,1.13852,1.13866,1.00,1.12
2017.05.04 18:16:01.884,1.1385,1.13867,1.50,1.50
2017.05.04 18:16:02.252,1.1385,1.13867,2.25,1.50
2017.05.04 18:16:03.089,1.1385,1.13865,1.50,1.00
2017.05.04 18:16:04.528,1.13851,1.13866,1.12,1.12
2017.05.04 18:16:05.071,1.13852,1.13865,1.12,1.00
2017.05.04 18:16:05.123,1.13852,1.13867,1.12,1.12
2017.05.04 18:16:05.786,1.13851,1.13864,2.62,1.00
2017.05.04 18:16:05.837,1.13851,1.13866,2.62,1.00
2017.05.04 18:16:05.939,1.13851,1.13864,2.62,1.00
2017.05.04 18:16:06.195,1.1385,1.13863,1.87,1.00
2017.05.04 18:16:06.297,1.1385,1.13862,1.12,1.37
2017.05.04 18:16:06.348,1.1385,1.13864,1.00,1.12
2017.05.04 18:16:06.400,1.1385,1.13863,1.00,1.37
2017.05.04 18:16:06.604,1.1385,1.13864,1.00,1.00
2017.05.04 18:16:07.124,1.1385,1.1386,1.00,1.00
2017.05.04 18:16:07.380,1.13848,1.13862,1.75,1.00
2017.05.04 18:16:07.744,1.13848,1.1386,1.75,1.00
2017.05.04 18:16:08.262,1.13849,1.1386,1.00,1.00
2017.05.04 18:16:08.930,1.13848,1.13861,1.00,1.50
2017.05.04 18:16:09.401,1.13845,1.13858,1.50,1.00
2017.05.04 18:16:09.503,1.13847,1.13862,1.25,1.37
2017.05.04 18:16:09.555,1.13851,1.13864,1.37,1.42
2017.05.04 18:16:09.708,1.13855,1.13869,1.00,1.75
2017.05.04 18:16:09.810,1.13855,1.1387,1.87,1.50
2017.05.04 18:16:10.318,1.13856,1.13869,1.37,1.00
2017.05.04 18:16:11.509,1.13858,1.1387,1.00,1.00
2017.05.04 18:16:11.561,1.13858,1.1387,1.37,1.00
2017.05.04 18:16:12.962,1.13858,1.13869,1.87,1.00
2017.05.04 18:16:13.478,1.1386,1.1387,1.12,1.00
2017.05.04 18:16:14.205,1.13857,1.1387,2.06,1.00
2017.05.04 18:16:15.632,1.13857,1.13868,1.87,1.00
2017.05.04 18:16:15.684,1.13856,1.13868,1.50,1.00
2017.05.04 18:16:15.788,1.13856,1.13866,1.00,1.00
2017.05.04 18:16:15.839,1.13856,1.13868,1.00,1.00
2017.05.04 18:16:16.122,1.13856,1.13865,1.00,1.00
2017.05.04 18:16:16.290,1.13854,1.13865,1.00,1.00
2017.05.04 18:16:16.343,1.13857,1.1387,1.25,1.00
2017.05.04 18:16:16.395,1.13855,1.13868,1.19,1.00
2017.05.04 18:16:16.447,1.13857,1.1387,1.12,1.12
2017.05.04 18:16:16.499,1.13859,1.1387,1.00,1.37
2017.05.04 18:16:16.550,1.13857,1.1387,1.12,1.37
2017.05.04 18:16:16.705,1.13854,1.13869,1.87,1.37
2017.05.04 18:16:16.809,1.13857,1.13869,1.00,1.00
2017.05.04 18:16:16.861,1.13854,1.13869,1.50,1.00
2017.05.04 18:16:16.913,1.13855,1.13869,1.50,1.37
2017.05.04 18:16:16.964,1.13855,1.13869,1.50,1.12
2017.05.04 18:16:17.117,1.13853,1.13869,1.50,1.37
2017.05.04 18:16:17.445,1.13854,1.13867,1.00,1.37
2017.05.04 18:16:17.955,1.13853,1.13867,1.00,3.00
2017.05.04 18:16:18.119,1.13853,1.13867,1.00,1.50
2017.05.04 18:16:18.222,1.13856,1.13868,1.00,1.37
2017.05.04 18:16:18.274,1.13856,1.13869,1.00,1.00
2017.05.04 18:16:18.325,1.13859,1.1387,1.00,1.87
2017.05.04 18:16:18.377,1.13855,1.1387,1.50,1.87
2017.05.04 18:16:18.531,1.13853,1.13869,1.87,1.37
2017.05.04 18:16:18.846,1.13856,1.13868,1.00,1.75
2017.05.04 18:16:18.999,1.13854,1.13868,1.12,1.75
2017.05.04 18:16:19.080,1.13856,1.13868,1.00,1.75
2017.05.04 18:16:19.132,1.13854,1.13868,1.12,1.75
2017.05.04 18:16:19.879,1.13853,1.13868,1.00,1.75
2017.05.04 18:16:20.415,1.13852,1.13867,1.12,1.50
2017.05.04 18:16:20.921,1.13852,1.13866,1.12,1.37
2017.05.04 18:16:21.531,1.13852,1.13866,1.12,1.37
2017.05.04 18:16:21.988,1.13854,1.13867,1.00,1.50
2017.05.04 18:16:22.114,1.13852,1.13867,1.87,2.25
2017.05.04 18:16:22.755,1.13852,1.13867,1.12,3.75
2017.05.04 18:16:23.272,1.13852,1.13867,1.12,1.50
2017.05.04 18:16:25.623,1.13852,1.13866,2.81,1.37
2017.05.04 18:16:26.152,1.13852,1.13866,2.06,1.00
2017.05.04 18:16:26.660,1.13852,1.13866,2.06,1.87
2017.05.04 18:16:27.340,1.13853,1.13866,1.00,1.00
2017.05.04 18:16:27.444,1.13855,1.13869,1.50,1.50
2017.05.04 18:16:27.770,1.13859,1.1387,1.00,1.00
2017.05.04 18:16:28.319,1.13858,1.13872,3.19,1.00
2017.05.04 18:16:28.869,1.13858,1.13873,3.19,1.12
2017.05.04 18:16:28.921,1.13861,1.13873,1.00,1.12
2017.05.04 18:16:29.429,1.13862,1.13874,1.00,1.00
2017.05.04 18:16:29.634,1.13862,1.13876,1.50,1.00
2017.05.04 18:16:32.213,1.13862,1.13874,1.50,1.00
2017.05.04 18:16:33.432,1.13861,1.1387,1.75,1.87
2017.05.04 18:16:33.484,1.13858,1.13869,2.25,1.12
2017.05.04 18:16:33.637,1.13856,1.13868,1.00,1.00
2017.05.04 18:16:34.403,1.13855,1.13868,1.25,1.00
2017.05.04 18:16:34.604,1.13851,1.13862,1.12,1.00
2017.05.04 18:16:34.758,1.1385,1.13862,1.12,1.00
2017.05.04 18:16:35.352,1.13853,1.13866,1.25,1.00
2017.05.04 18:16:35.608,1.13856,1.13867,1.62,1.00
2017.05.04 18:16:36.313,1.13856,1.13869,1.62,1.00
2017.05.04 18:16:36.365,1.13855,1.13867,3.37,1.00
2017.05.04 18:16:36.672,1.13852,1.13864,2.06,1.00
2017.05.04 18:16:37.292,1.13852,1.13863,1.69,1.00
2017.05.04 18:16:37.812,1.13853,1.13864,1.00,1.00
2017.05.04 18:16:38.315,1.13854,1.13865,1.50,1.00
2017.05.04 18:16:39.921,1.13856,1.13866,1.00,1.00
2017.05.04 18:16:41.399,1.13853,1.13863,1.87,1.00
2017.05.04 18:16:41.451,1.13853,1.13864,1.12,1.00
2017.05.04 18:16:44.313,1.13852,1.13862,1.00,1.00
2017.05.04 18:16:46.330,1.13853,1.13862,1.00,1.00
2017.05.04 18:16:46.547,1.13853,1.13864,1.00,1.00
2017.05.04 18:16:47.171,1.13851,1.13862,1.87,1.00
2017.05.04 18:16:47.679,1.13853,1.13863,1.00,1.00
2017.05.04 18:16:48.214,1.13851,1.13863,1.87,1.00
2017.05.04 18:16:48.721,1.13851,1.13863,1.12,1.00
2017.05.04 18:16:50.221,1.13852,1.13863,1.12,1.00
2017.05.04 18:16:50.855,1.13852,1.13864,1.12,1.00
2017.05.04 18:16:53.234,1.13852,1.13862,1.12,1.00
2017.05.04 18:16:54.191,1.13853,1.13862,1.00,1.00
2017.05.04 18:16:54.724,1.13852,1.13862,1.00,1.00
2017.05.04 18:16:55.030,1.13853,1.13865,1.50,1.50
2017.05.04 18:16:55.081,1.13855,1.13865,1.87,1.50
2017.05.04 18:16:55.184,1.13856,1.13868,1.87,1.00
2017.05.04 18:16:55.322,1.13856,1.13869,3.00,1.00
2017.05.04 18:16:55.878,1.13856,1.13868,3.75,1.00
2017.05.04 18:16:57.332,1.13859,1.13868,1.00,1.00
2017.05.04 18:16:57.639,1.1386,1.1387,1.00,1.00
2017.05.04 18:16:58.187,1.1386,1.13869,1.00,1.00
2017.05.04 18:16:58.735,1.13859,1.13869,1.50,1.00
2017.05.04 18:16:58.945,1.13858,1.13867,1.50,1.00
2017.05.04 18:16:59.251,1.13858,1.13869,1.50,1.00
2017.05.04 18:17:00.218,1.13859,1.13869,1.00,1.00
2017.05.04 18:17:00.782,1.1386,1.1387,1.00,1.00
2017.05.04 18:17:01.669,1.1386,1.13869,1.00,1.00
2017.05.04 18:17:02.397,1.13859,1.13869,1.12,1.00
2017.05.04 18:17:02.448,1.13859,1.1387,1.50,1.00
2017.05.04 18:17:02.781,1.13862,1.13872,1.00,1.00
2017.05.04 18:17:03.049,1.13862,1.13874,3.37,1.00
2017.05.04 18:17:03.356,1.13863,1.13874,1.50,1.00
2017.05.04 18:17:04.957,1.13865,1.13875,1.37,1.00
2017.05.04 18:17:05.110,1.13865,1.13879,2.25,1.00
2017.05.04 18:17:06.727,1.13865,1.13875,1.87,1.00
2017.05.04 18:17:06.881,1.13862,1.13874,2.25,1.00
2017.05.04 18:17:07.342,1.13863,1.13877,2.62,1.12
2017.05.04 18:17:07.394,1.13865,1.13878,1.87,1.50
2017.05.04 18:17:07.599,1.13867,1.1388,1.37,1.00
2017.05.04 18:17:08.525,1.13868,1.13881,1.12,1.12
2017.05.04 18:17:08.579,1.13868,1.13877,6.19,1.00
2017.05.04 18:17:08.675,1.1387,1.13879,1.75,1.00
2017.05.04 18:17:08.727,1.13871,1.13885,1.12,1.12
2017.05.04 18:17:08.829,1.13875,1.13886,1.00,1.00
2017.05.04 18:17:09.136,1.13875,1.13883,1.12,1.00
2017.05.04 18:17:09.188,1.13873,1.13888,1.75,1.37
2017.05.04 18:17:09.240,1.13874,1.1389,2.81,1.87
2017.05.04 18:17:09.590,1.13875,1.13885,2.00,1.00
2017.05.04 18:17:09.642,1.13875,1.13886,1.00,1.00
2017.05.04 18:17:10.004,1.13875,1.13886,2.85,1.00
2017.05.04 18:17:11.202,1.13875,1.13888,1.75,1.00
2017.05.04 18:17:11.253,1.13876,1.1389,1.50,1.00
2017.05.04 18:17:11.356,1.13878,1.1389,1.75,1.00
2017.05.04 18:17:11.613,1.13872,1.13887,1.00,3.56
2017.05.04 18:17:11.768,1.13872,1.13887,1.00,1.87
2017.05.04 18:17:11.820,1.13877,1.13889,1.00,1.12
2017.05.04 18:17:11.924,1.13877,1.13891,1.87,1.37
2017.05.04 18:17:11.976,1.13879,1.13891,1.00,1.12
2017.05.04 18:17:12.131,1.13876,1.1389,1.00,1.69
2017.05.04 18:17:12.765,1.13875,1.13889,1.00,1.37
2017.05.04 18:17:13.340,1.13875,1.13889,1.00,1.12
2017.05.04 18:17:14.036,1.13879,1.13889,1.00,1.00
2017.05.04 18:17:14.341,1.13884,1.13898,1.62,1.75
2017.05.04 18:17:14.445,1.13885,1.13897,1.50,1.00
2017.05.04 18:17:14.497,1.13885,1.13899,3.19,1.00
2017.05.04 18:17:14.981,1.13888,1.13902,1.69,1.12
2017.05.04 18:17:15.090,1.13889,1.13899,1.12,1.00
2017.05.04 18:17:15.218,1.13889,1.13903,1.37,1.12
2017.05.04 18:17:15.320,1.13893,1.13902,1.00,1.50
2017.05.04 18:17:15.729,1.13896,1.13904,1.00,1.37
2017.05.04 18:17:15.930,1.139,1.13914,1.50,2.25
2017.05.04 18:17:15.982,1.13903,1.13914,1.00,1.37
2017.05.04 18:17:16.033,1.13903,1.13917,1.00,1.87
2017.05.04 18:17:16.237,1.13903,1.13913,1.00,1.37
2017.05.04 18:17:16.443,1.13896,1.1391,2.25,1.87
2017.05.04 18:17:16.494,1.13896,1.1391,1.87,1.87
2017.05.04 18:17:16.546,1.13896,1.13908,1.87,1.00
2017.05.04 18:17:17.095,1.13896,1.13909,1.12,1.50
2017.05.04 18:17:17.432,1.13895,1.13907,1.87,1.00
2017.05.04 18:17:17.920,1.13896,1.13909,1.12,1.87
2017.05.04 18:17:17.972,1.13895,1.1391,2.81,1.87
2017.05.04 18:17:18.279,1.1389,1.139,1.37,1.00
2017.05.04 18:17:18.331,1.13889,1.139,1.12,1.00
2017.05.04 18:17:18.382,1.13887,1.13898,2.06,1.12
2017.05.04 18:17:18.536,1.13889,1.13902,1.12,1.00
2017.05.04 18:17:18.589,1.13889,1.13902,2.81,1.00
2017.05.04 18:17:18.932,1.1389,1.13899,1.37,1.00
2017.05.04 18:17:19.035,1.13887,1.13899,1.87,1.00
2017.05.04 18:17:19.189,1.13887,1.13901,1.37,1.12
2017.05.04 18:17:19.241,1.13886,1.13897,1.75,1.00
2017.05.04 18:17:19.344,1.13882,1.13894,1.12,1.00
2017.05.04 18:17:19.447,1.13882,1.13892,1.00,1.00
2017.05.04 18:17:19.783,1.13876,1.13884,1.00,1.00
2017.05.04 18:17:19.835,1.13873,1.13886,1.00,1.00
2017.05.04 18:17:20.041,1.13873,1.13884,1.00,1.00
2017.05.04 18:17:20.553,1.13873,1.13884,1.37,1.00
2017.05.04 18:17:20.877,1.13875,1.13888,1.00,1.37
2017.05.04 18:17:21.410,1.13876,1.13888,1.00,1.12
2017.05.04 18:17:21.923,1.1388,1.13888,1.00,1.00
2017.05.04 18:17:22.159,1.13881,1.13894,1.00,1.87
2017.05.04 18:17:22.211,1.13883,1.13894,1.00,1.37
2017.05.04 18:17:22.519,1.13889,1.13901,1.00,1.87
2017.05.04 18:17:22.570,1.1389,1.13902,1.00,1.80
2017.05.04 18:17:22.775,1.13889,1.13902,1.00,1.87
2017.05.04 18:17:23.082,1.13891,1.13901,1.00,1.12
2017.05.04 18:17:23.757,1.13895,1.13902,1.00,1.00
2017.05.04 18:17:23.964,1.13896,1.13908,1.00,1.37
2017.05.04 18:17:24.411,1.13898,1.13906,1.00,1.00
2017.05.04 18:17:24.618,1.13898,1.13909,1.00,1.37
2017.05.04 18:17:24.669,1.13903,1.13913,1.00,1.12
2017.05.04 18:17:24.773,1.13903,1.13914,1.00,1.75
2017.05.04 18:17:24.824,1.13903,1.13913,1.00,1.00
2017.05.04 18:17:25.381,1.13903,1.13915,1.00,1.37
2017.05.04 18:17:25.543,1.13905,1.13918,1.00,1.62
2017.05.04 18:17:25.851,1.13907,1.13918,1.00,1.31
2017.05.04 18:17:25.955,1.13908,1.13918,1.00,1.37
2017.05.04 18:17:26.007,1.13909,1.13918,1.00,1.00
2017.05.04 18:17:26.368,1.13913,1.13921,1.00,1.69
2017.05.04 18:17:26.493,1.13911,1.13923,1.00,1.12
2017.05.04 18:17:26.544,1.13911,1.13924,1.00,2.62
2017.05.04 18:17:26.596,1.13911,1.13924,1.00,4.31
2017.05.04 18:17:26.647,1.13911,1.13924,1.00,2.06
2017.05.04 18:17:26.699,1.13909,1.13924,1.00,1.87
2017.05.04 18:17:27.060,1.13906,1.13922,1.87,1.87
2017.05.04 18:17:27.164,1.13903,1.13921,1.87,3.94
2017.05.04 18:17:27.267,1.13906,1.1392,1.00,1.37
2017.05.04 18:17:27.507,1.13908,1.13921,1.00,1.75
2017.05.04 18:17:27.662,1.1391,1.13924,1.00,1.87
2017.05.04 18:17:27.942,1.13907,1.13924,2.25,1.87
2017.05.04 18:17:28.198,1.13907,1.1392,1.50,1.12
2017.05.04 18:17:28.300,1.13906,1.13922,1.50,2.44
2017.05.04 18:17:28.352,1.13905,1.1392,1.37,1.37
2017.05.04 18:17:28.740,1.13904,1.1392,1.87,1.37
2017.05.04 18:17:28.843,1.13904,1.13921,1.87,1.50
2017.05.04 18:17:28.997,1.13906,1.13921,1.00,1.50
2017.05.04 18:17:29.099,1.13907,1.13924,1.75,2.25
2017.05.04 18:17:29.507,1.13906,1.1392,1.00,1.00
2017.05.04 18:17:29.809,1.13907,1.13921,1.75,1.75
2017.05.04 18:17:29.861,1.13907,1.13921,2.62,1.00
2017.05.04 18:17:29.913,1.13909,1.13923,1.37,1.00
2017.05.04 18:17:30.812,1.1391,1.13921,1.00,1.00
2017.05.04 18:17:30.966,1.13908,1.13922,1.00,1.12
2017.05.04 18:17:31.176,1.13908,1.1392,1.00,1.00
2017.05.04 18:17:31.701,1.13908,1.13919,1.00,1.00
2017.05.04 18:17:31.805,1.13908,1.13921,1.00,1.12
2017.05.04 18:17:32.553,1.13909,1.13924,1.00,1.50
2017.05.04 18:17:32.608,1.13908,1.13921,1.12,1.12
2017.05.04 18:17:32.918,1.13903,1.13917,1.37,1.00
2017.05.04 18:17:33.226,1.13902,1.13917,1.25,1.87
2017.05.04 18:17:33.603,1.139,1.13914,1.50,1.37
2017.05.04 18:17:34.138,1.139,1.13915,1.75,1.50
2017.05.04 18:17:34.446,1.13906,1.1392,1.37,1.37
2017.05.04 18:17:34.497,1.13906,1.1392,1.37,1.37
2017.05.04 18:17:34.651,1.13904,1.13918,2.25,1.00
2017.05.04 18:17:34.936,1.13902,1.13915,1.87,1.00
2017.05.04 18:17:35.040,1.13903,1.13918,1.87,2.17
2017.05.04 18:17:35.092,1.13902,1.13915,1.62,1.00
2017.05.04 18:17:35.501,1.139,1.13914,1.50,1.00
2017.05.04 18:17:35.905,1.13903,1.13917,1.12,1.50
2017.05.04 18:17:36.365,1.139,1.13916,3.00,1.37
2017.05.04 18:17:37.303,1.13906,1.13919,1.37,3.37
2017.05.04 18:17:37.492,1.13906,1.13919,1.50,1.50
2017.05.04 18:17:38.746,1.13909,1.13924,3.00,1.75
2017.05.04 18:17:39.003,1.13911,1.13926,2.25,1.00
2017.05.04 18:17:39.208,1.13911,1.13921,1.37,1.00
2017.05.04 18:17:39.415,1.13907,1.1392,1.00,1.87
2017.05.04 18:17:39.570,1.13905,1.13922,3.37,1.12
2017.05.04 18:17:39.674,1.13906,1.1392,1.12,1.62
2017.05.04 18:17:39.778,1.13904,1.13918,1.50,1.00
2017.05.04 18:17:39.903,1.13902,1.13916,1.37,1.50
2017.05.04 18:17:40.290,1.13901,1.13916,1.50,1.75
2017.05.04 18:17:40.802,1.13901,1.13916,1.37,2.44
2017.05.04 18:17:41.343,1.13901,1.13915,1.00,1.50
2017.05.04 18:17:41.941,1.13901,1.13915,1.12,1.50
2017.05.04 18:17:43.069,1.13901,1.13916,1.50,1.75
2017.05.04 18:17:43.380,1.139,1.13916,1.00,2.44
2017.05.04 18:17:43.551,1.13897,1.13914,1.87,2.81
2017.05.04 18:17:43.602,1.13896,1.13911,1.50,2.06
2017.05.04 18:17:43.705,1.13896,1.13911,1.00,2.62
2017.05.04 18:17:44.164,1.13895,1.13906,1.00,1.25
2017.05.04 18:17:44.215,1.13893,1.13908,1.12,1.69
2017.05.04 18:17:44.267,1.13893,1.13904,1.37,1.37
2017.05.04 18:17:44.370,1.13889,1.13903,1.37,1.00
2017.05.04 18:17:44.898,1.13889,1.13904,1.50,1.87
2017.05.04 18:17:45.052,1.13891,1.13908,2.25,2.06
2017.05.04 18:17:45.104,1.13891,1.13907,2.62,1.00
2017.05.04 18:17:45.308,1.13894,1.1391,1.37,3.49
2017.05.04 18:17:45.617,1.13895,1.1391,1.00,1.87
2017.05.04 18:17:46.153,1.13895,1.13911,1.12,1.87
2017.05.04 18:17:46.459,1.13895,1.13907,1.00,2.25
2017.05.04 18:17:46.510,1.13895,1.13907,1.00,1.00
2017.05.04 18:17:47.024,1.13897,1.13913,2.06,1.87
2017.05.04 18:17:47.127,1.13898,1.13915,4.31,1.50
2017.05.04 18:17:47.281,1.13899,1.13913,1.87,1.00
2017.05.04 18:17:47.588,1.13896,1.13911,2.15,1.00
2017.05.04 18:17:48.075,1.13895,1.13904,2.00,1.00
2017.05.04 18:17:48.127,1.13894,1.13905,1.00,1.00
2017.05.04 18:17:48.178,1.13891,1.13903,1.50,1.00
2017.05.04 18:17:48.230,1.13891,1.13903,1.50,1.00
2017.05.04 18:17:48.385,1.13889,1.13902,1.12,1.12
2017.05.04 18:17:48.437,1.13889,1.13898,1.00,1.00
2017.05.04 18:17:48.643,1.13885,1.13898,1.50,1.00
2017.05.04 18:17:48.696,1.13885,1.13896,1.50,1.00
2017.05.04 18:17:48.998,1.13882,1.13893,1.87,1.00
2017.05.04 18:17:49.307,1.13881,1.13891,1.37,1.00
2017.05.04 18:17:49.614,1.1388,1.13889,1.37,1.00
2017.05.04 18:17:49.666,1.1388,1.13891,1.37,1.00
2017.05.04 18:17:49.903,1.1388,1.13887,1.37,1.00
2017.05.04 18:17:50.006,1.13878,1.13885,1.00,1.00
2017.05.04 18:17:50.511,1.13876,1.13885,1.87,1.00
2017.05.04 18:17:51.134,1.13875,1.13884,1.50,1.00
2017.05.04 18:17:51.238,1.13875,1.13882,1.00,1.00
2017.05.04 18:17:51.340,1.13872,1.13881,1.00,1.00
2017.05.04 18:17:51.596,1.13871,1.13877,1.87,1.00
2017.05.04 18:17:51.820,1.13867,1.13876,1.87,1.00
2017.05.04 18:17:51.923,1.13867,1.13879,2.62,1.00
2017.05.04 18:17:52.030,1.13866,1.13876,1.50,1.00
2017.05.04 18:17:52.082,1.13866,1.13874,1.00,1.00
2017.05.04 18:17:52.390,1.13858,1.13867,1.69,1.00
2017.05.04 18:17:52.706,1.13857,1.13863,1.12,1.00
2017.05.04 18:17:52.757,1.13856,1.13864,1.37,1.00
2017.05.04 18:17:52.860,1.13855,1.13864,1.00,1.00
2017.05.04 18:17:53.065,1.13852,1.1386,1.12,1.00
2017.05.04 18:17:53.116,1.1385,1.1386,1.31,1.00
2017.05.04 18:17:53.219,1.13849,1.1386,1.19,1.00
2017.05.04 18:17:54.043,1.13849,1.13856,1.50,1.00
2017.05.04 18:17:54.298,1.13845,1.13854,1.00,1.00
2017.05.04 18:17:54.554,1.13842,1.13851,1.87,1.00
2017.05.04 18:17:54.687,1.13842,1.13852,1.50,1.00
2017.05.04 18:17:54.739,1.13842,1.13855,2.25,1.50
2017.05.04 18:17:54.843,1.13843,1.13855,2.00,1.50
2017.05.04 18:17:55.153,1.13837,1.13842,1.12,1.00
2017.05.04 18:17:55.205,1.13834,1.13844,1.12,1.00
2017.05.04 18:17:55.257,1.13832,1.13842,1.87,1.00
2017.05.04 18:17:55.545,1.13831,1.13845,1.37,1.00
2017.05.04 18:17:55.724,1.13834,1.13847,1.50,1.00
2017.05.04 18:17:56.033,1.13841,1.13854,2.25,1.12
2017.05.04 18:17:56.237,1.13844,1.13857,1.00,1.50
2017.05.04 18:17:56.477,1.13842,1.13854,1.12,1.00
2017.05.04 18:17:56.734,1.13835,1.13847,1.00,1.00
2017.05.04 18:17:56.939,1.13836,1.13846,2.25,1.00
2017.05.04 18:17:57.144,1.1383,1.13843,1.37,1.87
2017.05.04 18:17:57.246,1.13827,1.13839,1.50,1.00
2017.05.04 18:17:57.490,1.13821,1.13837,1.62,1.12
2017.05.04 18:17:57.646,1.13823,1.13835,1.00,1.00
2017.05.04 18:17:58.084,1.13821,1.13831,1.37,2.62
2017.05.04 18:17:58.137,1.13818,1.13828,1.87,1.12
2017.05.04 18:17:58.291,1.13815,1.13829,1.37,1.37
2017.05.04 18:17:58.497,1.13814,1.13824,1.12,1.37
2017.05.04 18:17:58.549,1.13812,1.13821,1.87,1.00
2017.05.04 18:17:58.703,1.13807,1.13819,3.00,1.37
2017.05.04 18:17:58.755,1.13807,1.13818,1.37,1.37
2017.05.04 18:17:58.806,1.13804,1.13815,1.75,1.00
2017.05.04 18:17:58.933,1.13803,1.13815,1.50,1.00
2017.05.04 18:17:59.089,1.13804,1.13819,2.52,1.37
2017.05.04 18:17:59.141,1.13805,1.1382,1.50,1.00
2017.05.04 18:17:59.451,1.13808,1.13812,1.00,1.00
2017.05.04 18:17:59.503,1.13804,1.13812,1.37,1.12
2017.05.04 18:17:59.555,1.13798,1.13812,1.12,1.00
2017.05.04 18:17:59.925,1.13798,1.13807,1.50,1.37
2017.05.04 18:18:00.028,1.13795,1.13804,1.00,1.00
2017.05.04 18:18:00.132,1.13791,1.13804,1.00,1.00
2017.05.04 18:18:00.184,1.13793,1.13806,1.50,1.00
2017.05.04 18:18:00.493,1.13793,1.13809,1.12,1.87
2017.05.04 18:18:00.595,1.13794,1.13808,1.37,1.00
2017.05.04 18:18:00.899,1.13791,1.13806,2.55,1.12
2017.05.04 18:18:01.003,1.13791,1.13808,1.87,1.00
2017.05.04 18:18:01.158,1.13796,1.1381,1.00,1.00
2017.05.04 18:18:01.363,1.13798,1.13814,1.50,1.05
2017.05.04 18:18:01.786,1.13802,1.13816,1.00,1.00
2017.05.04 18:18:01.838,1.13802,1.1382,1.69,2.25
2017.05.04 18:18:01.889,1.13803,1.1382,2.00,1.50
2017.05.04 18:18:01.992,1.13807,1.13824,1.37,1.50
2017.05.04 18:18:02.095,1.13809,1.13825,1.37,1.50
2017.05.04 18:18:02.612,1.1381,1.13825,1.37,1.12
2017.05.04 18:18:03.127,1.13811,1.13827,1.12,3.37
2017.05.04 18:18:03.280,1.13812,1.13827,2.06,1.00
2017.05.04 18:18:03.383,1.13815,1.13827,1.37,1.00
2017.05.04 18:18:03.434,1.13815,1.13831,1.37,1.87
2017.05.04 18:18:03.537,1.13815,1.13829,1.37,1.37
2017.05.04 18:18:03.864,1.13815,1.13831,1.87,1.12
2017.05.04 18:18:04.366,1.13817,1.13833,1.37,1.37
2017.05.04 18:18:05.344,1.13817,1.13833,1.37,1.37
2017.05.04 18:18:05.577,1.13815,1.13832,1.87,2.62
2017.05.04 18:18:05.730,1.13815,1.1383,1.50,1.37
2017.05.04 18:18:06.243,1.13815,1.1383,1.50,1.12
2017.05.04 18:18:06.805,1.13815,1.1383,1.69,2.62
2017.05.04 18:18:06.960,1.13814,1.13829,1.37,1.31
2017.05.04 18:18:07.498,1.13815,1.13832,1.50,1.19
2017.05.04 18:18:07.601,1.13817,1.13833,1.50,1.69
2017.05.04 18:18:07.653,1.13817,1.13833,1.50,1.00
2017.05.04 18:18:08.011,1.13817,1.13832,1.87,1.37
2017.05.04 18:18:08.309,1.13817,1.13834,1.50,1.31
2017.05.04 18:18:08.360,1.13818,1.13832,1.00,1.00
2017.05.04 18:18:08.705,1.13818,1.13834,1.00,1.00
2017.05.04 18:18:08.756,1.13818,1.13833,1.12,1.00
2017.05.04 18:18:08.910,1.1382,1.13836,1.50,1.00
2017.05.04 18:18:08.962,1.13822,1.13836,1.00,1.00
2017.05.04 18:18:09.124,1.13824,1.13839,1.12,1.25
2017.05.04 18:18:09.227,1.13828,1.13841,1.00,2.44
2017.05.04 18:18:09.279,1.13826,1.13841,1.00,2.00
2017.05.04 18:18:09.816,1.13829,1.1384,1.00,1.00
2017.05.04 18:18:09.970,1.13831,1.13843,1.00,1.12
2017.05.04 18:18:10.072,1.13829,1.13845,1.00,2.15
2017.05.04 18:18:10.337,1.13828,1.13841,1.00,1.87
2017.05.04 18:18:10.389,1.13828,1.13844,1.50,2.81
2017.05.04 18:18:10.623,1.13829,1.13845,1.00,1.69
2017.05.04 18:18:10.676,1.13831,1.13845,1.00,1.50
2017.05.04 18:18:11.092,1.13832,1.13846,1.00,1.25
2017.05.04 18:18:11.607,1.13833,1.13847,1.00,2.06
2017.05.04 18:18:11.726,1.13834,1.13847,1.00,1.12
2017.05.04 18:18:11.830,1.13832,1.13847,1.00,1.69
2017.05.04 18:18:12.370,1.13832,1.13847,1.00,2.62
2017.05.04 18:18:12.638,1.13832,1.13847,1.00,2.62
2017.05.04 18:18:12.793,1.13832,1.13847,1.00,1.69
2017.05.04 18:18:13.600,1.13832,1.13848,1.00,3.56
2017.05.04 18:18:13.789,1.13832,1.13847,1.00,1.87
2017.05.04 18:18:14.290,1.13833,1.13847,1.00,1.00
2017.05.04 18:18:14.723,1.13837,1.13848,1.00,1.37
2017.05.04 18:18:14.878,1.13838,1.13853,1.12,1.37
2017.05.04 18:18:14.932,1.1384,1.13854,1.00,2.90
2017.05.04 18:18:15.035,1.1384,1.13855,1.00,2.44
2017.05.04 18:18:15.087,1.1384,1.13853,1.00,1.12
2017.05.04 18:18:15.190,1.13842,1.13855,1.00,1.50
2017.05.04 18:18:15.652,1.13844,1.13856,1.25,1.12
2017.05.04 18:18:15.807,1.13845,1.13859,1.00,1.37
2017.05.04 18:18:15.911,1.13844,1.13859,1.00,2.62
2017.05.04 18:18:16.220,1.13836,1.13852,1.12,1.87
2017.05.04 18:18:16.376,1.13833,1.13849,1.50,1.50
2017.05.04 18:18:16.509,1.13832,1.13847,1.00,2.62
2017.05.04 18:18:16.818,1.1383,1.13845,1.12,1.37
2017.05.04 18:18:17.074,1.1383,1.13845,1.00,1.50
2017.05.04 18:18:17.177,1.13832,1.13845,1.00,1.00
2017.05.04 18:18:17.540,1.13834,1.13845,1.00,1.00
2017.05.04 18:18:17.803,1.1383,1.13845,1.00,1.37
2017.05.04 18:18:17.957,1.1383,1.13845,1.00,1.37
2017.05.04 18:18:18.251,1.13832,1.13844,1.00,1.12
2017.05.04 18:18:18.905,1.13832,1.13844,1.00,1.62
2017.05.04 18:18:18.957,1.13834,1.13845,1.00,1.50
2017.05.04 18:18:19.111,1.13834,1.13848,1.00,1.37
2017.05.04 18:18:19.448,1.13836,1.1385,1.00,1.12
2017.05.04 18:18:19.601,1.13838,1.1385,1.00,1.37
2017.05.04 18:18:19.703,1.13838,1.1385,1.00,1.12
2017.05.04 18:18:20.215,1.13839,1.13853,1.00,1.12
2017.05.04 18:18:20.789,1.13839,1.13854,1.00,1.12
2017.05.04 18:18:21.521,1.13838,1.13854,1.12,1.12
2017.05.04 18:18:22.081,1.13839,1.13854,1.00,3.37
2017.05.04 18:18:22.132,1.13841,1.13854,1.00,1.75
2017.05.04 18:18:22.439,1.13834,1.13849,1.75,2.81
2017.05.04 18:18:22.490,1.13834,1.13848,1.00,1.31
2017.05.04 18:18:22.991,1.13834,1.13847,1.00,1.50
2017.05.04 18:18:23.298,1.13831,1.13847,1.87,2.25
2017.05.04 18:18:23.451,1.13831,1.13845,1.37,1.37
2017.05.04 18:18:23.605,1.13826,1.13842,1.87,1.12
2017.05.04 18:18:23.656,1.13826,1.13841,1.12,1.00
2017.05.04 18:18:24.171,1.13825,1.13843,2.25,3.00
2017.05.04 18:18:24.780,1.13825,1.13843,2.25,2.25
2017.05.04 18:18:25.505,1.13825,1.13843,3.00,2.25
2017.05.04 18:18:26.089,1.13825,1.13843,3.75,2.25
2017.05.04 18:18:27.050,1.13826,1.13841,1.12,1.00
2017.05.04 18:18:27.357,1.13828,1.13844,1.00,1.87
2017.05.04 18:18:28.116,1.13829,1.13844,1.00,1.50
2017.05.04 18:18:28.456,1.13832,1.13847,1.22,1.75
2017.05.04 18:18:28.508,1.13832,1.13847,1.12,1.00
2017.05.04 18:18:29.023,1.13832,1.13845,1.00,1.87
2017.05.04 18:18:29.075,1.13832,1.13846,1.00,1.80
2017.05.04 18:18:29.127,1.13832,1.13843,1.00,1.87
2017.05.04 18:18:29.316,1.13833,1.13846,1.00,1.75
2017.05.04 18:18:29.420,1.13832,1.13849,1.50,3.94
2017.05.04 18:18:29.523,1.13833,1.13849,1.50,2.06
2017.05.04 18:18:29.829,1.13834,1.1385,1.87,1.87
2017.05.04 18:18:30.147,1.1384,1.13855,1.00,1.75
2017.05.04 18:18:30.331,1.13842,1.13857,1.12,1.00
2017.05.04 18:18:30.536,1.1384,1.13858,3.37,3.19
2017.05.04 18:18:30.588,1.1384,1.13857,1.50,1.12
2017.05.04 18:18:30.640,1.1384,1.13855,1.37,1.00
2017.05.04 18:18:30.949,1.13831,1.13848,2.25,1.62
2017.05.04 18:18:31.053,1.13831,1.13848,2.25,2.06
2017.05.04 18:18:31.105,1.13831,1.13848,2.25,2.81
2017.05.04 18:18:31.260,1.13831,1.13848,1.00,1.87
2017.05.04 18:18:31.719,1.13831,1.13845,1.50,1.37
2017.05.04 18:18:32.129,1.13832,1.13848,1.50,1.50
2017.05.04 18:18:32.522,1.13831,1.13848,2.25,2.25
2017.05.04 18:18:33.100,1.13831,1.13846,2.25,1.12
2017.05.04 18:18:33.935,1.13831,1.13848,1.87,2.25
2017.05.04 18:18:35.335,1.13831,1.13848,1.87,2.44
2017.05.04 18:18:36.123,1.13831,1.13849,1.87,3.94
2017.05.04 18:18:36.605,1.13831,1.13846,1.75,2.06
2017.05.04 18:18:36.760,1.13828,1.13846,3.75,2.44
2017.05.04 18:18:37.114,1.13829,1.13846,1.50,2.44
2017.05.04 18:18:37.487,1.13828,1.13843,1.75,1.37
2017.05.04 18:18:37.620,1.13829,1.13844,1.37,1.12
2017.05.04 18:18:37.672,1.13829,1.13844,1.00,1.50
2017.05.04 18:18:37.775,1.13827,1.13844,1.87,1.50
2017.05.04 18:18:37.980,1.13829,1.13845,1.00,3.19
2017.05.04 18:18:38.394,1.13827,1.13844,1.12,3.94
2017.05.04 18:18:38.727,1.13825,1.13841,1.00,1.50
2017.05.04 18:18:39.238,1.13824,1.13839,1.87,1.00
2017.05.04 18:18:39.545,1.1382,1.13836,1.25,1.87
2017.05.04 18:18:39.729,1.1382,1.13836,1.87,1.37
2017.05.04 18:18:39.934,1.1382,1.13836,1.50,2.62
2017.05.04 18:18:40.191,1.13816,1.13833,3.56,1.37
2017.05.04 18:18:40.243,1.1382,1.13833,1.00,1.00
2017.05.04 18:18:40.634,1.13817,1.13834,1.50,1.37
2017.05.04 18:18:40.686,1.13817,1.13833,1.37,1.37
2017.05.04 18:18:40.737,1.13817,1.13833,1.37,1.12
2017.05.04 18:18:41.200,1.1382,1.13833,1.00,1.00
2017.05.04 18:18:41.354,1.13822,1.13837,1.00,1.50
2017.05.04 18:18:41.698,1.1382,1.13837,1.50,1.50
2017.05.04 18:18:41.750,1.1382,1.13837,1.50,1.87
2017.05.04 18:18:41.802,1.1382,1.13837,1.50,1.87
2017.05.04 18:18:42.220,1.13816,1.13832,3.75,1.87
2017.05.04 18:18:42.375,1.13815,1.13831,1.25,1.75
2017.05.04 18:18:42.744,1.13819,1.13831,1.50,1.37
2017.05.04 18:18:42.898,1.13819,1.13834,1.50,1.00
2017.05.04 18:18:43.122,1.13817,1.13833,1.12,1.37
2017.05.04 18:18:43.481,1.13816,1.13833,1.50,1.37
2017.05.04 18:18:43.754,1.13816,1.13833,1.00,3.37
2017.05.04 18:18:44.256,1.13815,1.1383,1.50,1.37
2017.05.04 18:18:44.624,1.13817,1.1383,1.00,1.00
2017.05.04 18:18:44.777,1.13819,1.13834,1.31,1.00
2017.05.04 18:18:44.880,1.13821,1.13835,1.25,1.37
2017.05.04 18:18:44.983,1.13821,1.13837,1.62,1.87
2017.05.04 18:18:45.159,1.13824,1.13838,1.00,1.37
2017.05.04 18:18:45.674,1.13823,1.13837,1.75,1.00
2017.05.04 18:18:46.319,1.13823,1.13836,1.75,1.00
2017.05.04 18:18:46.860,1.13823,1.13835,2.25,1.00
2017.05.04 18:18:46.912,1.13823,1.13837,1.75,1.00
2017.05.04 18:18:47.441,1.13824,1.13836,1.00,1.00
2017.05.04 18:18:48.178,1.13824,1.13833,1.12,1.00
2017.05.04 18:18:48.332,1.13819,1.13831,1.87,1.00
2017.05.04 18:18:48.785,1.13819,1.13835,2.25,1.00
2017.05.04 18:18:49.233,1.13819,1.13832,3.56,1.00
2017.05.04 18:18:50.132,1.13818,1.13831,3.94,1.00
2017.05.04 18:18:50.387,1.13817,1.13832,3.56,1.00
2017.05.04 18:18:50.439,1.13817,1.13832,2.44,1.00
2017.05.04 18:18:52.290,1.13817,1.13828,1.69,1.00
2017.05.04 18:18:52.549,1.13813,1.13825,1.50,1.00
2017.05.04 18:18:52.704,1.13813,1.13822,1.00,1.00
2017.05.04 18:18:52.810,1.13809,1.13822,1.87,1.00
2017.05.04 18:18:52.862,1.13807,1.1382,1.37,1.00
2017.05.04 18:18:52.914,1.13807,1.1382,1.00,1.00
2017.05.04 18:18:53.172,1.13812,1.13826,1.87,2.62
2017.05.04 18:18:53.276,1.13813,1.13824,1.87,1.00
2017.05.04 18:18:53.329,1.13814,1.13826,1.12,1.00
2017.05.04 18:18:53.910,1.13813,1.13826,1.87,1.00
2017.05.04 18:18:54.639,1.13813,1.13825,1.00,1.00
2017.05.04 18:18:54.691,1.13811,1.13822,1.00,1.00
2017.05.04 18:18:54.870,1.13806,1.1382,1.50,1.00
2017.05.04 18:18:55.380,1.13805,1.13818,1.37,1.12
2017.05.04 18:18:55.432,1.13804,1.1382,1.69,1.50
2017.05.04 18:18:55.935,1.13805,1.13818,1.00,1.12
2017.05.04 18:18:56.145,1.13803,1.13816,1.69,1.00
2017.05.04 18:18:56.197,1.13802,1.13818,2.44,1.12
2017.05.04 18:18:56.249,1.13802,1.13817,1.87,1.37
2017.05.04 18:18:56.455,1.13799,1.13813,2.62,1.12
2017.05.04 18:18:56.999,1.13799,1.13808,1.00,1.00
2017.05.04 18:18:57.162,1.13796,1.1381,1.50,1.12
2017.05.04 18:18:57.214,1.13795,1.1381,4.50,1.87
2017.05.04 18:18:57.520,1.13789,1.13803,1.50,1.00
2017.05.04 18:18:57.674,1.13791,1.13807,2.81,1.75
2017.05.04 18:18:58.152,1.13791,1.13805,1.25,1.12
2017.05.04 18:18:58.725,1.13795,1.13808,1.12,1.87
2017.05.04 18:18:58.879,1.13796,1.13813,1.87,1.12
2017.05.04 18:18:58.930,1.13796,1.13814,2.62,1.75
2017.05.04 18:18:58.981,1.13799,1.13812,1.25,1.00
2017.05.04 18:18:59.159,1.13801,1.13818,1.00,1.75
2017.05.04 18:18:59.364,1.13802,1.13819,1.19,1.87
2017.05.04 18:18:59.674,1.13808,1.1382,2.44,1.37
2017.05.04 18:18:59.727,1.13806,1.1382,1.50,1.72
2017.05.04 18:18:59.921,1.13804,1.13821,2.06,1.37
2017.05.04 18:18:59.973,1.13805,1.1382,1.12,1.00
2017.05.04 18:19:00.181,1.13808,1.13821,1.00,1.00
2017.05.04 18:19:00.438,1.13805,1.13821,2.25,1.00
2017.05.04 18:19:00.490,1.13804,1.1382,1.50,1.52
2017.05.04 18:19:00.798,1.13804,1.13818,1.37,1.75
2017.05.04 18:19:01.048,1.13803,1.13819,1.00,2.25
2017.05.04 18:19:01.201,1.13804,1.13818,1.12,2.25
2017.05.04 18:19:01.511,1.13803,1.13818,3.37,2.25
2017.05.04 18:19:01.719,1.13811,1.13822,1.00,1.12
2017.05.04 18:19:02.052,1.13811,1.13824,1.00,1.12
2017.05.04 18:19:02.155,1.13813,1.13827,1.37,1.75
2017.05.04 18:19:02.360,1.13811,1.13824,1.87,1.00
2017.05.04 18:19:02.873,1.13811,1.13823,1.00,1.00
2017.05.04 18:19:03.677,1.13811,1.13822,1.50,1.00
2017.05.04 18:19:04.119,1.13809,1.13822,1.12,1.00
2017.05.04 18:19:04.222,1.13809,1.13818,1.00,1.00
2017.05.04 18:19:04.376,1.13805,1.13816,1.37,1.00
2017.05.04 18:19:04.478,1.13801,1.13814,4.31,1.00
2017.05.04 18:19:04.530,1.13801,1.13812,1.50,1.00
2017.05.04 18:19:04.582,1.138,1.13812,1.00,1.00
2017.05.04 18:19:04.736,1.13798,1.1381,1.62,1.00
2017.05.04 18:19:04.787,1.13798,1.1381,1.25,1.00
2017.05.04 18:19:05.127,1.13796,1.1381,1.87,1.37
2017.05.04 18:19:05.437,1.13794,1.13808,1.87,1.00
2017.05.04 18:19:05.540,1.13792,1.13807,1.12,1.00
2017.05.04 18:19:05.592,1.13792,1.13805,1.00,1.00
2017.05.04 18:19:05.987,1.13792,1.13807,1.87,1.75
2017.05.04 18:19:06.039,1.13794,1.13808,1.12,1.37
2017.05.04 18:19:06.142,1.13793,1.13803,1.00,1.00
2017.05.04 18:19:06.245,1.1379,1.13805,1.37,1.12
2017.05.04 18:19:06.297,1.1379,1.13804,1.00,1.00
2017.05.04 18:19:06.841,1.13789,1.13803,1.00,1.00
2017.05.04 18:19:07.304,1.13793,1.13806,1.37,2.62
2017.05.04 18:19:07.356,1.13792,1.13806,1.25,2.62
2017.05.04 18:19:07.408,1.13795,1.13805,1.00,1.37
2017.05.04 18:19:07.511,1.13795,1.13806,1.00,1.00
2017.05.04 18:19:07.563,1.13797,1.13806,1.00,1.00
2017.05.04 18:19:07.615,1.13793,1.13808,1.69,1.12
2017.05.04 18:19:08.154,1.13795,1.13809,1.25,1.12
2017.05.04 18:19:08.674,1.13793,1.13808,2.06,1.12
2017.05.04 18:19:08.726,1.13793,1.13806,2.06,1.00
2017.05.04 18:19:08.777,1.13794,1.13808,1.31,1.00
2017.05.04 18:19:09.323,1.13792,1.13807,2.62,1.00
2017.05.04 18:19:10.482,1.13791,1.13803,2.25,1.00
2017.05.04 18:19:10.791,1.13789,1.13802,2.25,1.00
2017.05.04 18:19:10.894,1.13792,1.13804,1.00,1.12
2017.05.04 18:19:11.286,1.13788,1.138,2.44,1.00
2017.05.04 18:19:11.390,1.13788,1.138,1.25,1.00
2017.05.04 18:19:11.753,1.13786,1.13798,1.12,1.00
2017.05.04 18:19:12.111,1.13785,1.138,1.25,1.00
2017.05.04 18:19:12.244,1.13785,1.138,2.44,1.00
2017.05.04 18:19:13.147,1.13786,1.13799,1.00,1.50
2017.05.04 18:19:13.250,1.13784,1.13798,1.00,1.00
2017.05.04 18:19:13.437,1.13784,1.13799,1.50,1.50
2017.05.04 18:19:13.540,1.13786,1.13801,1.00,1.00
2017.05.04 18:19:13.788,1.13789,1.13803,1.37,1.50
2017.05.04 18:19:13.892,1.13792,1.13806,1.00,1.00
2017.05.04 18:19:13.943,1.13792,1.13808,1.50,1.37
2017.05.04 18:19:13.995,1.13792,1.13808,1.87,1.00
2017.05.04 18:19:15.018,1.13792,1.13808,1.37,1.37
2017.05.04 18:19:15.121,1.13792,1.13805,1.37,1.00
2017.05.04 18:19:15.173,1.13792,1.13804,1.00,1.12
2017.05.04 18:19:15.714,1.13791,1.13805,1.37,1.00
2017.05.04 18:19:15.919,1.13791,1.13807,1.37,1.12
2017.05.04 18:19:18.232,1.13794,1.13807,1.00,1.00
2017.05.04 18:19:18.413,1.13795,1.13811,1.12,1.50
2017.05.04 18:19:18.958,1.13796,1.13812,1.00,1.50
2017.05.04 18:19:19.475,1.13797,1.13812,1.00,1.50
2017.05.04 18:19:20.175,1.13801,1.13812,1.00,1.50
2017.05.04 18:19:20.226,1.13799,1.13814,1.50,1.12
2017.05.04 18:19:20.278,1.13799,1.13817,1.50,2.62
2017.05.04 18:19:20.356,1.13799,1.13817,1.50,2.25
2017.05.04 18:19:20.408,1.13801,1.13817,1.00,1.87
2017.05.04 18:19:20.921,1.138,1.13816,2.25,1.12
2017.05.04 18:19:21.313,1.13799,1.13814,1.75,1.37
2017.05.04 18:19:21.416,1.13798,1.13812,1.37,1.00
2017.05.04 18:19:21.622,1.138,1.13816,1.00,3.00
2017.05.04 18:19:21.929,1.13797,1.13814,2.06,1.87
2017.05.04 18:19:21.981,1.13797,1.13814,1.87,2.25
2017.05.04 18:19:22.032,1.13796,1.13814,1.75,3.56
2017.05.04 18:19:22.084,1.13797,1.13813,1.00,1.12
2017.05.04 18:19:22.265,1.13794,1.13811,1.31,1.75
2017.05.04 18:19:22.725,1.13796,1.13811,1.00,2.62
2017.05.04 18:19:23.235,1.13795,1.13811,1.25,1.12
2017.05.04 18:19:23.772,1.13795,1.1381,1.00,1.00
2017.05.04 18:19:24.131,1.13799,1.13811,1.00,1.12
2017.05.04 18:19:24.646,1.138,1.13815,1.00,1.87
2017.05.04 18:19:25.147,1.13801,1.13817,1.00,1.75
2017.05.04 18:19:25.250,1.13798,1.13813,2.25,1.50
2017.05.04 18:19:25.301,1.13798,1.13813,1.50,3.00
2017.05.04 18:19:25.353,1.13798,1.13812,1.12,1.37
2017.05.04 18:19:25.456,1.13796,1.13811,1.00,1.37
2017.05.04 18:19:25.559,1.13799,1.13811,1.00,1.37
2017.05.04 18:19:27.260,1.13798,1.13811,1.00,1.87
2017.05.04 18:19:27.312,1.13795,1.1381,1.12,1.37
2017.05.04 18:19:27.619,1.13797,1.13811,1.00,1.12
2017.05.04 18:19:27.926,1.13801,1.13814,1.00,2.25
2017.05.04 18:19:28.310,1.13791,1.138,1.00,1.69
2017.05.04 18:19:28.617,1.13785,1.13799,1.12,1.00
2017.05.04 18:19:29.127,1.13789,1.138,1.00,1.31
2017.05.04 18:19:29.179,1.13787,1.138,1.00,1.12
2017.05.04 18:19:29.230,1.13789,1.138,1.00,1.12
2017.05.04 18:19:30.209,1.13785,1.13796,1.12,1.00
2017.05.04 18:19:30.465,1.13783,1.13796,1.50,1.00
2017.05.04 18:19:30.842,1.13782,1.13791,1.12,1.00
2017.05.04 18:19:31.150,1.13781,1.13787,1.00,1.12
2017.05.04 18:19:31.498,1.1378,1.13784,1.00,1.00
2017.05.04 18:19:31.550,1.13781,1.13787,1.00,1.12
2017.05.04 18:19:31.704,1.1378,1.13784,1.00,1.00
2017.05.04 18:19:31.857,1.13779,1.13786,1.00,1.12
2017.05.04 18:19:31.908,1.13779,1.13783,1.00,1.00
2017.05.04 18:19:32.317,1.13769,1.13779,1.00,1.00
2017.05.04 18:19:32.554,1.13764,1.13777,1.37,1.00
2017.05.04 18:19:32.606,1.13764,1.1378,1.00,3.00
2017.05.04 18:19:33.074,1.13762,1.13779,3.00,1.75
2017.05.04 18:19:33.330,1.13762,1.13777,3.75,1.12
2017.05.04 18:19:33.726,1.13765,1.1378,1.75,1.75
2017.05.04 18:19:33.779,1.13767,1.1378,1.37,1.50
2017.05.04 18:19:33.934,1.13766,1.13778,1.00,1.37
2017.05.04 18:19:34.089,1.13762,1.13775,1.31,1.12
2017.05.04 18:19:34.243,1.1376,1.13776,2.62,1.37
2017.05.04 18:19:34.398,1.13763,1.13777,1.00,2.25
2017.05.04 18:19:34.729,1.13764,1.1378,3.37,1.50
2017.05.04 18:19:34.833,1.13762,1.13776,1.75,1.00
2017.05.04 18:19:34.885,1.13764,1.13778,1.00,1.00
2017.05.04 18:19:34.936,1.13763,1.13778,1.00,1.37
2017.05.04 18:19:35.193,1.13758,1.13774,3.37,1.00
2017.05.04 18:19:35.295,1.13758,1.13774,2.25,1.50
2017.05.04 18:19:35.794,1.13759,1.13775,1.87,1.87
2017.05.04 18:19:35.898,1.13758,1.13775,4.12,1.12
2017.05.04 18:19:36.053,1.13758,1.13772,2.25,1.62
2017.05.04 18:19:36.261,1.13756,1.13771,1.87,1.00
2017.05.04 18:19:36.313,1.13757,1.13773,1.12,2.44
2017.05.04 18:19:36.468,1.13758,1.13774,1.37,3.00
2017.05.04 18:19:36.663,1.13758,1.13774,1.37,3.37
2017.05.04 18:19:36.877,1.13756,1.13772,2.25,1.37
2017.05.04 18:19:37.082,1.13759,1.13774,1.37,1.75
2017.05.04 18:19:37.184,1.13759,1.13776,3.00,2.06
2017.05.04 18:19:37.400,1.13764,1.13777,2.62,1.87
2017.05.04 18:19:37.454,1.13764,1.13779,1.50,1.12
2017.05.04 18:19:37.728,1.13761,1.13772,1.37,1.12
2017.05.04 18:19:37.779,1.13756,1.13772,1.87,1.87
2017.05.04 18:19:37.883,1.13755,1.13771,1.00,1.87
2017.05.04 18:19:37.935,1.13755,1.13768,1.00,1.37
2017.05.04 18:19:38.089,1.13752,1.13767,1.50,1.00
2017.05.04 18:19:38.439,1.13751,1.13765,1.00,1.00
2017.05.04 18:19:38.960,1.13752,1.13766,1.00,1.50
2017.05.04 18:19:39.957,1.13751,1.13766,1.50,1.00
2017.05.04 18:19:40.265,1.1376,1.13771,1.50,1.50
2017.05.04 18:19:40.444,1.13766,1.1378,1.50,1.87
2017.05.04 18:19:40.548,1.13768,1.13782,1.12,2.25
2017.05.04 18:19:41.317,1.13765,1.13775,1.75,1.00
2017.05.04 18:19:41.510,1.1376,1.13772,1.37,1.50
2017.05.04 18:19:41.563,1.13756,1.13772,1.75,1.50
2017.05.04 18:19:41.923,1.1376,1.13773,1.00,1.31
2017.05.04 18:19:42.086,1.13762,1.13774,1.00,1.69
2017.05.04 18:19:42.137,1.13759,1.13774,2.25,1.50
2017.05.04 18:19:42.189,1.13762,1.13775,1.00,1.37
2017.05.04 18:19:42.768,1.1376,1.13777,1.87,1.12
2017.05.04 18:19:42.820,1.13764,1.13777,1.12,1.12
2017.05.04 18:19:42.924,1.13762,1.13777,1.12,1.00
2017.05.04 18:19:43.385,1.13764,1.13779,2.25,1.50
2017.05.04 18:19:43.895,1.13763,1.13777,1.37,1.12
2017.05.04 18:19:44.599,1.13765,1.13778,1.00,1.37
2017.05.04 18:19:44.900,1.13767,1.13781,1.00,2.25
2017.05.04 18:19:45.461,1.13768,1.13781,1.00,2.62
2017.05.04 18:19:45.704,1.1377,1.13783,1.00,2.25
2017.05.04 18:19:45.962,1.13773,1.13784,1.00,3.75
2017.05.04 18:19:46.014,1.13771,1.13784,1.00,2.25
2017.05.04 18:19:46.136,1.13773,1.13784,1.00,1.75
2017.05.04 18:19:46.238,1.1377,1.13784,1.00,1.37
2017.05.04 18:19:46.698,1.13768,1.13782,2.44,1.00
2017.05.04 18:19:46.750,1.13771,1.13782,1.00,1.00
2017.05.04 18:19:46.864,1.13769,1.13782,1.50,1.12
2017.05.04 18:19:47.068,1.13772,1.13783,1.00,2.25
2017.05.04 18:19:47.273,1.13772,1.13786,1.00,1.87
2017.05.04 18:19:47.478,1.13777,1.13786,1.00,1.00
2017.05.04 18:19:47.755,1.13778,1.13793,2.44,2.62
2017.05.04 18:19:48.295,1.13782,1.13794,1.00,1.87
2017.05.04 18:19:48.347,1.13782,1.13794,1.50,1.00
2017.05.04 18:19:48.398,1.13782,1.13796,2.25,1.12
2017.05.04 18:19:48.450,1.13783,1.13797,1.50,1.50
2017.05.04 18:19:48.501,1.13782,1.13797,1.69,1.87
2017.05.04 18:19:48.654,1.13781,1.13796,1.00,1.75
2017.05.04 18:19:48.932,1.13782,1.13796,1.37,1.12
2017.05.04 18:19:49.239,1.13788,1.13803,1.37,1.87
2017.05.04 18:19:49.444,1.13789,1.13804,1.00,2.25
2017.05.04 18:19:49.907,1.13787,1.13801,1.50,1.00
2017.05.04 18:19:50.231,1.13784,1.13799,2.44,1.75
2017.05.04 18:19:50.487,1.13786,1.13801,1.00,1.12
2017.05.04 18:19:51.260,1.13786,1.13801,1.00,2.25
2017.05.04 18:19:51.587,1.13785,1.13801,1.37,1.00
2017.05.04 18:19:52.147,1.13787,1.13803,1.00,1.37
2017.05.04 18:19:52.613,1.13788,1.13803,1.00,1.00
2017.05.04 18:19:52.665,1.1379,1.13804,1.00,2.25
2017.05.04 18:19:53.042,1.13791,1.13807,1.87,1.75
2017.05.04 18:19:53.525,1.13789,1.13804,1.50,1.12
2017.05.04 18:19:53.730,1.13793,1.13805,1.00,1.00
2017.05.04 18:19:53.833,1.13793,1.13808,1.37,1.12
2017.05.04 18:19:55.484,1.13793,1.13809,1.37,1.12
2017.05.04 18:19:55.844,1.13796,1.13811,1.00,1.87
2017.05.04 18:19:56.166,1.13803,1.1382,3.37,1.69
2017.05.04 18:19:56.678,1.13805,1.1382,1.69,1.00
2017.05.04 18:19:57.212,1.13804,1.13819,3.94,1.00
2017.05.04 18:19:57.866,1.13804,1.13821,3.94,1.00
2017.05.04 18:19:59.161,1.13805,1.1382,2.25,1.00
2017.05.04 18:19:59.212,1.13805,1.13822,2.25,1.50
2017.05.04 18:19:59.366,1.13805,1.1382,2.25,1.00
2017.05.04 18:20:00.202,1.13805,1.13822,2.25,1.00
2017.05.04 18:20:00.611,1.13806,1.13819,1.12,1.00
2017.05.04 18:20:00.918,1.13801,1.13813,1.00,1.37
2017.05.04 18:20:01.206,1.13794,1.13807,1.00,1.00
2017.05.04 18:20:01.665,1.13794,1.13809,1.12,1.12
2017.05.04 18:20:01.717,1.13796,1.13811,1.00,1.75
2017.05.04 18:20:02.367,1.13794,1.13805,1.25,1.00
2017.05.04 18:20:02.470,1.1379,1.13805,2.62,1.37
2017.05.04 18:20:02.623,1.13787,1.13803,2.25,1.00
2017.05.04 18:20:02.675,1.13787,1.13801,3.00,1.00
2017.05.04 18:20:02.880,1.13787,1.138,1.12,1.00
2017.05.04 18:20:02.982,1.13791,1.13803,1.00,1.50
2017.05.04 18:20:03.135,1.13791,1.13804,3.00,1.12
2017.05.04 18:20:03.318,1.13789,1.13801,1.50,1.00
2017.05.04 18:20:03.728,1.13787,1.13801,1.87,1.00
2017.05.04 18:20:04.038,1.13793,1.13804,1.00,1.87
2017.05.04 18:20:04.222,1.13792,1.13807,1.00,1.50
2017.05.04 18:20:04.379,1.13794,1.1381,3.37,1.87
2017.05.04 18:20:04.431,1.13794,1.1381,1.87,1.75
2017.05.04 18:20:04.482,1.13794,1.1381,2.25,1.12
2017.05.04 18:20:04.894,1.13797,1.13811,1.25,1.50
2017.05.04 18:20:05.349,1.13797,1.13808,1.25,1.00
2017.05.04 18:20:05.504,1.13794,1.13807,2.81,1.00
2017.05.04 18:20:05.557,1.13794,1.13802,1.69,1.00
2017.05.04 18:20:05.762,1.13789,1.13802,1.37,1.12
2017.05.04 18:20:05.814,1.13788,1.13802,2.44,1.12
2017.05.04 18:20:06.036,1.13791,1.13804,1.25,1.75
2017.05.04 18:20:06.190,1.13793,1.13805,1.25,1.12
2017.05.04 18:20:06.243,1.13791,1.13805,1.00,1.12
2017.05.04 18:20:06.295,1.13791,1.13803,1.00,1.37
2017.05.04 18:20:06.602,1.13791,1.13805,1.00,1.50
2017.05.04 18:20:06.891,1.13789,1.13804,1.50,1.87
2017.05.04 18:20:06.943,1.13788,1.13803,1.37,1.50
2017.05.04 18:20:07.046,1.13786,1.13801,1.00,1.00
2017.05.04 18:20:07.352,1.13788,1.13801,1.00,1.00
2017.05.04 18:20:07.659,1.13786,1.13801,1.12,1.00
2017.05.04 18:20:07.966,1.13785,1.13799,1.00,1.12
2017.05.04 18:20:08.237,1.13784,1.13801,1.50,2.62
2017.05.04 18:20:08.543,1.13784,1.138,1.00,3.37
2017.05.04 18:20:08.594,1.13782,1.13798,1.12,1.00
2017.05.04 18:20:09.170,1.13783,1.13798,1.12,1.00
2017.05.04 18:20:09.273,1.13785,1.13801,1.87,1.37
2017.05.04 18:20:09.325,1.13787,1.13801,1.00,1.12
2017.05.04 18:20:09.894,1.13787,1.138,1.00,1.00
2017.05.04 18:20:09.997,1.13787,1.138,1.00,1.50
2017.05.04 18:20:10.867,1.13783,1.138,3.75,1.50
2017.05.04 18:20:11.588,1.13785,1.13801,1.00,1.87
2017.05.04 18:20:11.639,1.13787,1.13802,1.50,1.87
2017.05.04 18:20:11.691,1.13787,1.13802,1.87,1.37
2017.05.04 18:20:11.743,1.13787,1.13802,1.87,1.00
2017.05.04 18:20:11.795,1.1379,1.13802,1.00,1.00
2017.05.04 18:20:12.307,1.1379,1.13804,1.00,1.50
2017.05.04 18:20:12.617,1.13786,1.138,1.00,1.50
2017.05.04 18:20:12.919,1.13789,1.13804,1.00,3.37
2017.05.04 18:20:12.971,1.13789,1.13804,1.12,3.37
2017.05.04 18:20:13.023,1.13789,1.13804,1.12,3.37
2017.05.04 18:20:13.723,1.13786,1.138,1.00,1.37
2017.05.04 18:20:14.031,1.13774,1.13785,1.12,1.87
2017.05.04 18:20:14.135,1.13769,1.13785,1.00,3.00
2017.05.04 18:20:14.476,1.13767,1.13781,1.12,1.12
2017.05.04 18:20:14.528,1.13766,1.13781,1.80,2.62
2017.05.04 18:20:14.631,1.13764,1.13781,1.87,2.62
2017.05.04 18:20:15.244,1.13766,1.13782,1.00,1.12
2017.05.04 18:20:15.346,1.13768,1.13783,1.12,2.25
2017.05.04 18:20:15.449,1.13768,1.13782,1.00,1.00
2017.05.04 18:20:15.501,1.13769,1.13782,1.87,1.00
2017.05.04 18:20:15.753,1.13772,1.13786,1.00,2.62
2017.05.04 18:20:15.806,1.13772,1.13787,1.12,1.50
2017.05.04 18:20:15.858,1.13772,1.13786,1.12,2.62
2017.05.04 18:20:16.375,1.13772,1.13785,1.00,1.12
2017.05.04 18:20:16.428,1.13769,1.13786,1.00,1.94
2017.05.04 18:20:16.560,1.13771,1.13785,1.00,1.37
2017.05.04 18:20:16.971,1.13769,1.13782,1.00,1.75
2017.05.04 18:20:17.075,1.13766,1.13779,1.00,1.50
2017.05.04 18:20:17.587,1.13767,1.1378,1.00,1.37
2017.05.04 18:20:17.756,1.13766,1.13776,1.00,1.00
2017.05.04 18:20:17.910,1.13763,1.13774,1.50,1.00
2017.05.04 18:20:18.012,1.13761,1.13771,1.87,1.00
2017.05.04 18:20:18.432,1.13761,1.13773,1.00,1.12
2017.05.04 18:20:18.586,1.13764,1.13776,1.00,1.75
2017.05.04 18:20:18.808,1.13765,1.13776,1.25,1.00
2017.05.04 18:20:18.910,1.13763,1.13773,1.37,1.00
2017.05.04 18:20:19.217,1.13761,1.13771,1.00,3.00
2017.05.04 18:20:19.474,1.13757,1.13771,2.62,1.37
2017.05.04 18:20:19.710,1.13762,1.1377,1.00,1.37
2017.05.04 18:20:19.761,1.13762,1.13771,1.00,1.00
2017.05.04 18:20:19.813,1.13762,1.13773,1.00,1.00
2017.05.04 18:20:20.410,1.13763,1.13773,1.00,1.12
2017.05.04 18:20:20.461,1.13761,1.13773,1.00,1.12
2017.05.04 18:20:21.191,1.13761,1.13775,1.00,1.87
2017.05.04 18:20:21.243,1.13766,1.13776,1.00,1.50
2017.05.04 18:20:21.754,1.13763,1.13777,1.00,1.75
2017.05.04 18:20:22.270,1.13761,1.13773,1.12,1.00
2017.05.04 18:20:23.246,1.13761,1.13771,1.12,1.00
2017.05.04 18:20:23.522,1.13758,1.13769,1.00,1.00
2017.05.04 18:20:23.574,1.13759,1.13773,3.00,1.50
2017.05.04 18:20:23.625,1.13762,1.13774,1.19,1.87
2017.05.04 18:20:23.728,1.13761,1.13775,2.25,1.00
2017.05.04 18:20:23.983,1.13764,1.13776,1.44,1.00
2017.05.04 18:20:24.387,1.13764,1.13773,1.25,1.00
2017.05.04 18:20:24.543,1.13762,1.13775,1.44,1.00
2017.05.04 18:20:24.597,1.13762,1.13777,1.50,1.50
2017.05.04 18:20:24.700,1.13762,1.13777,1.50,1.87
2017.05.04 18:20:25.173,1.13763,1.13772,1.00,1.80
2017.05.04 18:20:25.297,1.13761,1.13776,1.62,3.00
2017.05.04 18:20:25.453,1.1376,1.13773,1.25,1.00
2017.05.04 18:20:25.709,1.13762,1.13773,1.00,1.00
2017.05.04 18:20:26.149,1.13764,1.13776,1.00,1.00
2017.05.04 18:20:26.201,1.13765,1.13774,1.12,1.00
2017.05.04 18:20:26.509,1.13764,1.13776,1.69,1.00
2017.05.04 18:20:26.561,1.13765,1.13775,1.00,1.37
2017.05.04 18:20:26.737,1.13762,1.13772,1.69,1.00
2017.05.04 18:20:26.842,1.13761,1.1377,1.25,1.00
2017.05.04 18:20:27.359,1.13763,1.13774,1.31,1.12
2017.05.04 18:20:27.462,1.13763,1.13774,2.25,1.12
2017.05.04 18:20:27.983,1.13764,1.13775,2.25,1.50
2017.05.04 18:20:28.294,1.13763,1.13771,1.75,1.00
2017.05.04 18:20:28.449,1.13762,1.13773,2.00,1.00
2017.05.04 18:20:28.552,1.13763,1.13775,1.75,1.00
2017.05.04 18:20:28.604,1.13764,1.13777,2.06,1.00
2017.05.04 18:20:28.656,1.13767,1.13779,3.37,1.37
2017.05.04 18:20:28.709,1.13768,1.13778,1.87,1.12
2017.05.04 18:20:28.760,1.13768,1.13776,1.62,1.00
2017.05.04 18:20:29.067,1.13764,1.13773,1.62,1.00
2017.05.04 18:20:29.272,1.13763,1.13771,1.87,1.00
2017.05.04 18:20:29.833,1.13761,1.13775,1.75,1.12
2017.05.04 18:20:30.088,1.1376,1.13772,4.87,1.00
2017.05.04 18:20:30.347,1.13757,1.13767,1.19,1.00
2017.05.04 18:20:30.523,1.13756,1.13764,1.00,1.00
2017.05.04 18:20:30.575,1.13752,1.13763,1.12,1.00
2017.05.04 18:20:30.627,1.13754,1.13766,1.00,1.50
2017.05.04 18:20:30.884,1.13756,1.13767,1.62,1.00
2017.05.04 18:20:30.936,1.13757,1.13769,1.31,1.12
2017.05.04 18:20:31.421,1.13758,1.13772,1.62,3.00
2017.05.04 18:20:31.472,1.1376,1.13773,1.25,1.87
2017.05.04 18:20:31.987,1.13761,1.13773,1.00,1.00
2017.05.04 18:20:32.039,1.13759,1.13771,1.87,1.00
2017.05.04 18:20:32.369,1.13756,1.13769,1.50,1.12
2017.05.04 18:20:32.828,1.13757,1.13771,2.00,1.50
2017.05.04 18:20:33.095,1.13762,1.13777,1.37,1.50
2017.05.04 18:20:33.150,1.13766,1.1378,1.12,2.62
2017.05.04 18:20:33.358,1.13764,1.1378,1.50,2.25
2017.05.04 18:20:33.462,1.13764,1.13779,2.62,3.00
2017.05.04 18:20:33.972,1.13763,1.13777,1.50,1.00
2017.05.04 18:20:34.282,1.13763,1.1377,1.00,1.00
2017.05.04 18:20:34.385,1.13758,1.1377,1.00,1.00
2017.05.04 18:20:35.120,1.13758,1.13771,1.50,1.00
2017.05.04 18:20:35.172,1.13759,1.13772,1.37,1.00
2017.05.04 18:20:35.482,1.13756,1.13766,1.00,1.00
2017.05.04 18:20:35.604,1.13754,1.13765,1.00,1.00
2017.05.04 18:20:35.709,1.13753,1.13763,1.25,1.00
2017.05.04 18:20:35.864,1.13752,1.13765,1.00,1.00
2017.05.04 18:20:36.017,1.13755,1.13767,1.25,1.50
2017.05.04 18:20:36.171,1.13755,1.13769,1.69,1.50
2017.05.04 18:20:36.650,1.13757,1.13771,1.87,1.12
2017.05.04 18:20:36.753,1.13756,1.13773,2.25,2.25
2017.05.04 18:20:37.059,1.13754,1.13767,1.00,1.50
2017.05.04 18:20:37.393,1.13763,1.13771,1.00,1.87
2017.05.04 18:20:37.547,1.13765,1.13776,1.00,1.50
2017.05.04 18:20:37.598,1.13762,1.13775,1.00,1.00
2017.05.04 18:20:37.701,1.13761,1.13773,1.00,1.00
2017.05.04 18:20:37.804,1.13759,1.13773,1.50,1.50
2017.05.04 18:20:38.348,1.13759,1.13772,1.00,1.37
2017.05.04 18:20:38.854,1.13759,1.13772,1.00,1.00
2017.05.04 18:20:39.467,1.1376,1.13769,1.00,1.12
2017.05.04 18:20:39.520,1.13757,1.13768,1.00,1.50
2017.05.04 18:20:39.877,1.13756,1.13766,1.00,1.00
2017.05.04 18:20:39.928,1.13754,1.13766,1.00,1.00
2017.05.04 18:20:39.979,1.13751,1.13764,1.50,1.37
2017.05.04 18:20:40.082,1.13749,1.13761,1.50,1.00
2017.05.04 18:20:40.454,1.13753,1.13761,1.00,1.12
2017.05.04 18:20:40.505,1.13752,1.13764,1.00,1.00
2017.05.04 18:20:40.659,1.13751,1.13764,1.00,1.75
2017.05.04 18:20:40.915,1.13749,1.13762,1.00,1.50
2017.05.04 18:20:40.966,1.13748,1.13762,1.00,1.87
2017.05.04 18:20:41.274,1.1375,1.13762,1.00,1.50
2017.05.04 18:20:41.823,1.1375,1.13762,1.00,1.12
2017.05.04 18:20:42.350,1.13749,1.13761,1.00,1.00
2017.05.04 18:20:42.689,1.13747,1.13757,1.00,1.00
2017.05.04 18:20:43.158,1.13745,1.13758,1.00,1.50
2017.05.04 18:20:43.537,1.13743,1.13757,1.00,1.12
2017.05.04 18:20:43.640,1.13743,1.13754,1.00,1.00
2017.05.04 18:20:43.857,1.13743,1.13756,1.00,1.87
2017.05.04 18:20:44.238,1.13746,1.13756,1.00,1.87
2017.05.04 18:20:44.392,1.13746,1.13758,1.00,1.50
2017.05.04 18:20:44.939,1.13745,1.13757,1.00,1.00
2017.05.04 18:20:45.455,1.13744,1.13757,1.00,1.00
2017.05.04 18:20:45.601,1.13741,1.13756,1.87,1.37
2017.05.04 18:20:45.755,1.1374,1.13755,1.12,1.12
2017.05.04 18:20:45.941,1.13743,1.13757,1.00,2.25
2017.05.04 18:20:46.197,1.13743,1.13758,1.12,1.87
2017.05.04 18:20:46.625,1.13747,1.13759,1.00,1.37
2017.05.04 18:20:46.945,1.13752,1.13763,1.00,1.12
2017.05.04 18:20:47.258,1.13746,1.13755,2.00,1.00
2017.05.04 18:20:47.413,1.13743,1.13753,1.12,1.12
2017.05.04 18:20:47.466,1.13743,1.13755,1.00,1.12
2017.05.04 18:20:47.519,1.13741,1.13754,1.31,1.00
2017.05.04 18:20:47.773,1.13738,1.13753,1.50,1.37
2017.05.04 18:20:47.824,1.13739,1.13753,1.00,1.00
2017.05.04 18:20:47.979,1.13741,1.13753,1.00,1.50
2017.05.04 18:20:48.338,1.13743,1.13753,1.00,1.00
2017.05.04 18:20:48.674,1.13748,1.13753,1.00,1.00
2017.05.04 18:20:48.726,1.13748,1.13757,1.00,1.50
2017.05.04 18:20:49.243,1.13748,1.13758,1.00,1.00
2017.05.04 18:20:49.346,1.13748,1.13756,1.00,1.00
2017.05.04 18:20:49.657,1.1375,1.13758,1.00,1.00
2017.05.04 18:20:49.931,1.13749,1.1376,1.00,1.00
2017.05.04 18:20:50.342,1.13749,1.13758,1.00,1.00
2017.05.04 18:20:50.649,1.13752,1.13761,1.00,1.00
2017.05.04 18:20:50.928,1.13753,1.13763,1.00,1.00
2017.05.04 18:20:51.337,1.13754,1.13765,1.00,1.00
2017.05.04 18:20:51.645,1.13756,1.13765,1.00,1.00
2017.05.04 18:20:52.216,1.13756,1.13767,1.00,1.87
2017.05.04 18:20:52.529,1.13756,1.13767,1.00,4.12
2017.05.04 18:20:52.580,1.13756,1.13765,1.00,1.12
2017.05.04 18:20:52.632,1.13754,1.13765,1.00,1.50
2017.05.04 18:20:52.734,1.13754,1.13765,1.00,4.12
2017.05.04 18:20:52.786,1.13754,1.13765,1.00,2.62
2017.05.04 18:20:52.907,1.13754,1.13765,1.00,2.62
2017.05.04 18:20:53.213,1.13753,1.13763,1.00,1.00
2017.05.04 18:20:54.090,1.13755,1.13763,1.00,1.00
2017.05.04 18:20:54.436,1.13758,1.13767,1.00,1.00
2017.05.04 18:20:54.488,1.1376,1.13767,1.00,1.00
2017.05.04 18:20:54.692,1.13763,1.13771,1.00,1.00
2017.05.04 18:20:54.947,1.13761,1.13772,1.00,1.12
2017.05.04 18:20:54.998,1.13761,1.13772,1.00,1.37
2017.05.04 18:20:55.050,1.13761,1.13772,1.00,1.12
2017.05.04 18:20:55.536,1.13763,1.13772,1.00,1.12
2017.05.04 18:20:56.047,1.13762,1.13773,1.00,2.44
2017.05.04 18:20:56.099,1.1376,1.13772,1.00,2.06
2017.05.04 18:20:56.150,1.13763,1.13771,1.00,1.25
2017.05.04 18:20:56.405,1.13758,1.13772,1.12,1.19
2017.05.04 18:20:56.456,1.13762,1.13772,1.00,1.19
2017.05.04 18:20:56.979,1.13762,1.13772,1.00,1.25
2017.05.04 18:20:58.359,1.13764,1.13772,1.00,1.25
2017.05.04 18:20:58.670,1.13762,1.13772,1.00,1.87
2017.05.04 18:20:58.772,1.13764,1.13772,1.00,1.50
2017.05.04 18:20:59.460,1.13764,1.13773,1.00,1.25
2017.05.04 18:20:59.795,1.13769,1.13776,1.00,1.37
2017.05.04 18:21:00.161,1.13765,1.13776,1.00,1.00
2017.05.04 18:21:00.315,1.13768,1.13776,1.00,1.12
2017.05.04 18:21:00.593,1.13765,1.13774,1.00,1.00
2017.05.04 18:21:00.646,1.13763,1.13774,1.00,1.12
2017.05.04 18:21:00.778,1.13765,1.13774,1.00,1.50
2017.05.04 18:21:01.264,1.13763,1.13774,1.00,1.37
2017.05.04 18:21:01.643,1.13763,1.13771,1.00,1.00
2017.05.04 18:21:01.695,1.13759,1.1377,1.00,1.00
2017.05.04 18:21:01.831,1.13761,1.13771,1.00,1.87
2017.05.04 18:21:02.240,1.13762,1.13772,1.00,1.00
2017.05.04 18:21:02.343,1.13767,1.13774,1.00,1.12
2017.05.04 18:21:02.652,1.13774,1.13778,1.00,1.00
2017.05.04 18:21:02.801,1.13776,1.13781,1.00,1.00
2017.05.04 18:21:02.853,1.13776,1.13785,1.00,1.00
2017.05.04 18:21:03.779,1.13776,1.13783,1.00,1.00
2017.05.04 18:21:03.831,1.13774,1.13783,1.00,1.00
2017.05.04 18:21:04.188,1.13776,1.13785,1.00,1.50
2017.05.04 18:21:04.715,1.13778,1.13787,1.00,1.50
2017.05.04 18:21:05.122,1.1378,1.13789,1.00,1.87
2017.05.04 18:21:05.309,1.13781,1.13792,1.00,3.00
2017.05.04 18:21:05.361,1.13778,1.13792,1.00,1.75
2017.05.04 18:21:05.464,1.13778,1.13791,1.12,1.12
2017.05.04 18:21:05.515,1.13778,1.13789,1.12,1.00
2017.05.04 18:21:05.924,1.13776,1.13788,1.00,1.50
2017.05.04 18:21:06.129,1.13774,1.13784,1.00,1.00
2017.05.04 18:21:06.227,1.13771,1.13784,1.50,1.37
2017.05.04 18:21:06.331,1.1377,1.13782,1.00,2.81
2017.05.04 18:21:06.855,1.13771,1.13781,1.00,1.00
2017.05.04 18:21:07.172,1.13775,1.13781,1.00,1.00
2017.05.04 18:21:07.485,1.13772,1.13782,1.00,1.50
2017.05.04 18:21:07.691,1.13775,1.13782,1.00,1.00
2017.05.04 18:21:08.155,1.13773,1.13782,1.00,1.00
2017.05.04 18:21:08.662,1.13776,1.13782,1.00,1.00
2017.05.04 18:21:08.848,1.13772,1.13782,1.00,1.12
2017.05.04 18:21:09.052,1.13775,1.13782,1.00,1.12
2017.05.04 18:21:09.365,1.13776,1.13785,1.00,1.50
2017.05.04 18:21:09.833,1.13774,1.13782,1.00,1.00
2017.05.04 18:21:10.038,1.13774,1.13784,1.00,1.50
2017.05.04 18:21:10.552,1.13775,1.13783,1.00,1.00
2017.05.04 18:21:11.429,1.13776,1.13784,1.00,1.12
2017.05.04 18:21:12.202,1.13777,1.13784,1.00,1.12
2017.05.04 18:21:16.402,1.1378,1.13786,1.00,1.50
2017.05.04 18:21:16.454,1.1378,1.13786,1.00,1.00
2017.05.04 18:21:16.506,1.13776,1.13788,1.00,1.12
2017.05.04 18:21:16.558,1.13781,1.13789,1.00,1.50
2017.05.04 18:21:17.327,1.13781,1.13789,1.00,1.00
2017.05.04 18:21:17.856,1.13781,1.13788,1.00,1.00
2017.05.04 18:21:18.352,1.13776,1.13788,1.00,1.25
2017.05.04 18:21:18.403,1.13775,1.13786,1.00,1.00
2017.05.04 18:21:18.710,1.13778,1.13786,1.00,1.00
2017.05.04 18:21:18.966,1.13781,1.1379,1.00,1.31
2017.05.04 18:21:19.526,1.1378,1.13787,1.00,1.00
2017.05.04 18:21:20.650,1.13782,1.13789,1.00,1.12
2017.05.04 18:21:20.856,1.13783,1.13791,1.00,1.00
2017.05.04 18:21:20.907,1.13782,1.13789,1.00,1.00
2017.05.04 18:21:20.959,1.13781,1.13792,1.00,1.12
2017.05.04 18:21:21.012,1.13783,1.13791,1.00,1.00
2017.05.04 18:21:21.320,1.1378,1.13792,1.00,1.00
2017.05.04 18:21:21.371,1.1378,1.13788,1.00,1.00
2017.05.04 18:21:21.422,1.13778,1.13788,1.00,1.00
2017.05.04 18:21:21.646,1.1378,1.13788,1.00,1.00
2017.05.04 18:21:22.005,1.1378,1.1379,1.00,1.00
2017.05.04 18:21:22.516,1.13781,1.1379,1.00,1.12
2017.05.04 18:21:23.167,1.13781,1.13789,1.00,1.00
2017.05.04 18:21:23.693,1.13781,1.13788,1.00,1.00
2017.05.04 18:21:24.054,1.13779,1.13787,1.00,1.00
2017.05.04 18:21:24.157,1.1378,1.13789,1.00,1.31
2017.05.04 18:21:24.465,1.1378,1.13786,1.00,1.00
2017.05.04 18:21:25.003,1.13779,1.13786,1.00,1.00
2017.05.04 18:21:25.576,1.1378,1.13786,1.00,1.00
2017.05.04 18:21:26.135,1.13779,1.13786,1.00,1.00
2017.05.04 18:21:26.790,1.13779,1.13787,1.00,1.00
2017.05.04 18:21:27.734,1.1378,1.13787,1.00,1.00
2017.05.04 18:21:27.837,1.13781,1.13789,1.00,1.00
2017.05.04 18:21:27.940,1.13783,1.13789,1.00,1.00
2017.05.04 18:21:27.992,1.1378,1.13789,1.00,1.00
2017.05.04 18:21:28.163,1.13783,1.13791,1.00,3.00
2017.05.04 18:21:28.591,1.13785,1.13791,1.00,1.00
2017.05.04 18:21:28.934,1.13785,1.13793,1.00,1.12
2017.05.04 18:21:30.108,1.13787,1.13796,1.00,1.00
2017.05.04 18:21:30.858,1.13787,1.13795,1.00,1.00
2017.05.04 18:21:31.048,1.13784,1.13794,1.00,1.00
2017.05.04 18:21:31.151,1.13783,1.13791,1.00,1.00
2017.05.04 18:21:31.659,1.13783,1.13794,1.00,1.87
2017.05.04 18:21:32.518,1.13783,1.1379,1.00,1.00
2017.05.04 18:21:33.026,1.13782,1.13791,1.00,1.12
2017.05.04 18:21:33.334,1.13784,1.13792,1.00,2.25
2017.05.04 18:21:33.539,1.13784,1.13793,1.00,1.12
2017.05.04 18:21:34.485,1.1378,1.1379,1.00,1.12
2017.05.04 18:21:34.642,1.13778,1.13789,1.12,1.12
2017.05.04 18:21:34.920,1.1378,1.13787,1.00,1.00
2017.05.04 18:21:35.506,1.1378,1.13789,1.00,2.62
2017.05.04 18:21:36.039,1.13779,1.1379,1.00,2.25
2017.05.04 18:21:36.589,1.13779,1.13789,1.00,1.87
2017.05.04 18:21:38.100,1.13782,1.13789,1.00,1.37
2017.05.04 18:21:38.152,1.1378,1.1379,1.00,3.00
2017.05.04 18:21:38.310,1.13782,1.1379,1.00,1.00
2017.05.04 18:21:38.830,1.13782,1.13791,1.00,1.12
2017.05.04 18:21:39.892,1.13782,1.1379,1.00,1.00
2017.05.04 18:21:42.237,1.13784,1.13792,1.00,1.50
2017.05.04 18:21:43.370,1.13787,1.13794,1.00,1.75
2017.05.04 18:21:43.422,1.1379,1.13794,1.00,1.50
2017.05.04 18:21:43.524,1.13792,1.13799,1.00,1.00
2017.05.04 18:21:43.576,1.13792,1.13801,1.00,1.50
2017.05.04 18:21:43.628,1.13796,1.13801,1.00,1.00
2017.05.04 18:21:43.731,1.13797,1.13804,1.00,2.25
2017.05.04 18:21:44.142,1.13795,1.13804,1.00,2.25
2017.05.04 18:21:44.193,1.13794,1.13801,1.00,1.00
2017.05.04 18:21:44.448,1.13791,1.138,1.00,1.00
2017.05.04 18:21:44.938,1.13791,1.13797,1.00,1.00
2017.05.04 18:21:45.040,1.13792,1.138,1.00,1.00
2017.05.04 18:21:45.934,1.13792,1.13798,1.00,1.00
2017.05.04 18:21:45.986,1.1379,1.13798,1.00,1.00
2017.05.04 18:21:46.566,1.13791,1.13798,1.00,1.00
2017.05.04 18:21:47.292,1.13792,1.13799,1.00,1.00
2017.05.04 18:21:47.811,1.13797,1.13803,1.00,2.06
2017.05.04 18:21:47.914,1.13797,1.13804,1.00,1.50
2017.05.04 18:21:48.017,1.13797,1.13807,1.00,1.87
2017.05.04 18:21:48.120,1.13791,1.13801,1.50,1.00
2017.05.04 18:21:48.449,1.13792,1.13799,1.00,1.00
2017.05.04 18:21:48.756,1.1379,1.13799,1.00,1.00
2017.05.04 18:21:48.909,1.1379,1.13801,1.00,1.00
2017.05.04 18:21:49.109,1.1379,1.13799,1.00,1.00
2017.05.04 18:21:49.620,1.13791,1.138,1.00,1.00
2017.05.04 18:21:50.155,1.1379,1.138,1.00,1.00
2017.05.04 18:21:51.002,1.13792,1.138,1.00,1.00
2017.05.04 18:21:51.474,1.13789,1.13797,1.00,1.00
2017.05.04 18:21:51.576,1.13786,1.13795,1.00,1.00
2017.05.04 18:21:51.627,1.13788,1.13795,1.00,1.00
2017.05.04 18:21:51.811,1.13789,1.13798,1.00,1.12
2017.05.04 18:21:52.342,1.1379,1.13798,1.00,1.12
2017.05.04 18:21:53.056,1.1379,1.13797,1.00,1.00
2017.05.04 18:21:53.810,1.13789,1.13797,1.00,1.00
2017.05.04 18:21:54.311,1.1379,1.13798,1.00,1.12
2017.05.04 18:21:54.669,1.13788,1.13797,1.00,1.00
2017.05.04 18:21:54.988,1.1379,1.13797,1.00,1.00
2017.05.04 18:21:55.246,1.13796,1.13804,1.00,1.00
2017.05.04 18:21:55.822,1.13796,1.13806,1.00,1.50
2017.05.04 18:21:56.510,1.13795,1.13804,1.00,1.00
2017.05.04 18:21:57.038,1.138,1.13806,1.00,2.25
2017.05.04 18:21:57.090,1.13795,1.13805,1.00,1.31
2017.05.04 18:21:57.142,1.13799,1.13805,1.00,1.25
2017.05.04 18:21:57.296,1.13796,1.13805,1.00,1.00
2017.05.04 18:21:57.348,1.13796,1.13803,1.00,1.00
2017.05.04 18:21:57.808,1.13793,1.138,1.00,1.00
2017.05.04 18:21:58.342,1.13793,1.13802,1.00,1.00
2017.05.04 18:21:59.148,1.13793,1.13801,1.00,1.00
2017.05.04 18:21:59.251,1.13793,1.13803,1.00,1.00
2017.05.04 18:21:59.302,1.13795,1.13803,1.00,1.00
2017.05.04 18:22:00.040,1.13795,1.13805,1.00,1.00
2017.05.04 18:22:00.836,1.13796,1.13805,1.00,1.00
2017.05.04 18:22:00.887,1.13798,1.13808,1.00,1.00
2017.05.04 18:22:01.392,1.13799,1.1381,1.00,1.50
2017.05.04 18:22:01.919,1.13799,1.13808,1.00,1.00
2017.05.04 18:22:02.472,1.138,1.1381,1.00,1.50
2017.05.04 18:22:02.888,1.138,1.13807,1.00,1.00
2017.05.04 18:22:02.939,1.13796,1.13805,1.00,1.00
2017.05.04 18:22:03.245,1.13793,1.13805,1.00,1.00
2017.05.04 18:22:03.846,1.13793,1.13803,1.00,1.00
2017.05.04 18:22:04.186,1.13793,1.13801,1.00,1.00
2017.05.04 18:22:04.313,1.13793,1.13805,1.00,1.12
2017.05.04 18:22:04.834,1.13793,1.13804,1.00,1.00
2017.05.04 18:22:05.778,1.13794,1.13804,1.00,1.00
2017.05.04 18:22:06.305,1.13795,1.13804,1.00,1.00
2017.05.04 18:22:06.356,1.13793,1.13804,1.00,1.00
2017.05.04 18:22:07.024,1.13793,1.13803,1.00,1.00
2017.05.04 18:22:07.078,1.1379,1.13795,1.50,1.00
2017.05.04 18:22:07.266,1.13783,1.13794,1.12,1.00
2017.05.04 18:22:07.368,1.13785,1.13797,1.00,1.50
2017.05.04 18:22:07.676,1.13782,1.13794,1.37,1.50
2017.05.04 18:22:07.983,1.13779,1.13793,1.87,1.00
2017.05.04 18:22:08.543,1.13779,1.13792,1.25,1.00
2017.05.04 18:22:09.873,1.13779,1.13794,2.06,1.00
2017.05.04 18:22:10.929,1.1378,1.13793,1.00,1.00
2017.05.04 18:22:11.249,1.13783,1.13797,1.87,1.00
2017.05.04 18:22:11.352,1.13785,1.13799,1.12,1.12
2017.05.04 18:22:11.658,1.13786,1.13799,1.87,1.12
2017.05.04 18:22:11.709,1.13785,1.13799,1.37,1.12
2017.05.04 18:22:12.135,1.13782,1.13797,3.00,1.00
2017.05.04 18:22:12.697,1.13782,1.13796,1.75,1.00
2017.05.04 18:22:12.749,1.13782,1.13798,1.12,1.50
2017.05.04 18:22:13.462,1.13782,1.13797,1.12,1.00
2017.05.04 18:22:15.166,1.13784,1.13798,1.37,1.50
2017.05.04 18:22:16.603,1.13783,1.13797,1.87,1.00
2017.05.04 18:22:18.374,1.13784,1.13799,1.50,1.87
2017.05.04 18:22:18.578,1.13785,1.13799,1.75,1.50
2017.05.04 18:22:18.681,1.13785,1.13799,1.12,1.50
2017.05.04 18:22:19.821,1.13783,1.13796,1.12,1.00
2017.05.04 18:22:19.872,1.13782,1.13796,1.50,1.00
2017.05.04 18:22:19.975,1.13781,1.13794,3.37,1.00
2017.05.04 18:22:20.502,1.1378,1.1379,1.12,1.00
2017.05.04 18:22:20.656,1.13778,1.13791,1.37,2.25
2017.05.04 18:22:20.707,1.13778,1.13791,1.00,1.12
2017.05.04 18:22:21.070,1.13782,1.13794,1.00,1.37
2017.05.04 18:22:21.584,1.1378,1.13793,1.87,1.00
2017.05.04 18:22:21.744,1.1378,1.13795,4.50,1.50
2017.05.04 18:22:22.106,1.1378,1.13794,1.31,1.00
2017.05.04 18:22:22.938,1.13779,1.13791,2.62,1.00
2017.05.04 18:22:23.271,1.13788,1.138,1.00,1.50
2017.05.04 18:22:23.322,1.13788,1.138,1.00,1.12
2017.05.04 18:22:23.475,1.13788,1.138,1.50,1.50
2017.05.04 18:22:26.469,1.13789,1.13802,1.87,2.25
2017.05.04 18:22:27.019,1.1379,1.13803,1.75,1.75
2017.05.04 18:22:27.072,1.1379,1.13803,1.87,1.75
2017.05.04 18:22:27.124,1.1379,1.13804,1.87,1.87
2017.05.04 18:22:27.776,1.13791,1.13803,1.12,1.37
2017.05.04 18:22:28.117,1.13791,1.13805,1.87,1.87
2017.05.04 18:22:28.221,1.13794,1.13805,1.37,1.12
2017.05.04 18:22:31.454,1.13797,1.13809,1.87,2.25
2017.05.04 18:22:31.711,1.13802,1.13813,1.00,1.12
2017.05.04 18:22:31.870,1.13802,1.1381,1.00,1.87
2017.05.04 18:22:31.922,1.13798,1.1381,4.50,1.87
2017.05.04 18:22:31.974,1.13798,1.1381,1.37,1.87
2017.05.04 18:22:32.127,1.13798,1.1381,1.37,2.62
2017.05.04 18:22:32.446,1.13798,1.13802,1.12,1.00
2017.05.04 18:22:32.498,1.13794,1.13802,1.00,1.37
2017.05.04 18:22:32.704,1.1379,1.13802,1.37,1.97
2017.05.04 18:22:32.808,1.13788,1.13802,1.87,1.72
2017.05.04 18:22:32.962,1.13789,1.13802,1.12,1.50
2017.05.04 18:22:33.507,1.1379,1.13803,1.00,1.50
2017.05.04 18:22:35.696,1.1379,1.13804,1.50,1.50
2017.05.04 18:22:36.214,1.13791,1.13802,1.50,1.00
2017.05.04 18:22:36.418,1.13793,1.13804,1.00,1.12
2017.05.04 18:22:37.675,1.13792,1.13805,1.12,1.37
2017.05.04 18:22:38.223,1.13792,1.13806,1.87,1.87
2017.05.04 18:22:40.756,1.13791,1.13804,4.12,1.12
2017.05.04 18:22:41.489,1.13795,1.13808,1.72,1.75
2017.05.04 18:22:41.597,1.13796,1.13809,2.25,1.37
2017.05.04 18:22:41.649,1.13796,1.13808,1.87,1.12
2017.05.04 18:22:41.752,1.13796,1.13811,1.12,1.50
2017.05.04 18:22:41.804,1.13795,1.13807,2.62,1.00
2017.05.04 18:22:42.060,1.13792,1.13805,1.50,1.12
2017.05.04 18:22:42.582,1.13792,1.13805,1.50,1.37
2017.05.04 18:22:42.815,1.13792,1.13804,1.50,1.37
2017.05.04 18:22:43.174,1.13792,1.13805,1.00,1.12
2017.05.04 18:22:43.747,1.13792,1.13805,1.00,1.37
2017.05.04 18:22:44.282,1.13792,1.13805,1.00,1.12
2017.05.04 18:22:44.611,1.13795,1.13808,1.00,1.50
2017.05.04 18:22:44.662,1.13793,1.13807,1.25,1.50
2017.05.04 18:22:44.765,1.13797,1.13807,1.00,1.12
2017.05.04 18:22:45.434,1.13799,1.13808,1.00,1.12
2017.05.04 18:22:45.852,1.13798,1.13807,1.00,1.37
2017.05.04 18:22:46.006,1.138,1.13809,1.00,1.00
2017.05.04 18:22:47.055,1.13797,1.13808,1.50,1.37
2017.05.04 18:22:47.568,1.13797,1.13808,1.00,1.37
2017.05.04 18:22:48.110,1.13796,1.13805,1.00,1.12
2017.05.04 18:22:49.153,1.13795,1.13804,1.00,1.37
2017.05.04 18:22:49.664,1.13795,1.13804,1.00,1.12
2017.05.04 18:22:50.402,1.13794,1.13804,1.00,1.12
2017.05.04 18:22:51.050,1.13793,1.13804,1.50,1.12
2017.05.04 18:22:51.440,1.13793,1.13804,1.50,1.37
2017.05.04 18:22:51.492,1.13793,1.13805,1.50,1.12
2017.05.04 18:22:51.905,1.13795,1.13805,1.00,1.00
2017.05.04 18:22:52.709,1.13795,1.13806,1.00,1.12
2017.05.04 18:22:55.316,1.13796,1.13806,1.00,1.00
2017.05.04 18:22:55.860,1.13795,1.13807,1.00,1.12
2017.05.04 18:22:56.397,1.13795,1.13806,1.00,1.00
2017.05.04 18:22:57.984,1.13797,1.13809,1.00,1.87
2017.05.04 18:22:58.443,1.13797,1.13808,1.12,1.37
2017.05.04 18:22:58.495,1.13797,1.13808,1.12,1.12
2017.05.04 18:23:01.648,1.13795,1.13806,2.25,1.12
2017.05.04 18:23:01.924,1.13795,1.13806,1.12,1.00
2017.05.04 18:23:03.562,1.13796,1.13806,1.00,1.00
2017.05.04 18:23:03.614,1.13798,1.13809,1.00,1.12
2017.05.04 18:23:04.114,1.13797,1.13807,1.12,1.12
2017.05.04 18:23:04.422,1.13796,1.13805,1.00,1.00
2017.05.04 18:23:06.372,1.13794,1.13803,1.00,1.00
2017.05.04 18:23:06.825,1.13794,1.13805,1.00,1.00
2017.05.04 18:23:06.878,1.13797,1.13809,1.00,2.25
2017.05.04 18:23:07.210,1.138,1.13809,1.12,1.00
2017.05.04 18:23:07.831,1.138,1.13811,1.12,1.00
2017.05.04 18:23:10.489,1.138,1.13812,1.80,1.00
2017.05.04 18:23:10.542,1.13801,1.13814,1.12,1.12
2017.05.04 18:23:10.594,1.13803,1.13815,1.50,1.12
2017.05.04 18:23:10.899,1.13804,1.13815,1.37,1.50
2017.05.04 18:23:10.951,1.13804,1.13817,1.37,1.00
2017.05.04 18:23:11.462,1.13806,1.13818,1.12,1.12
2017.05.04 18:23:12.002,1.13806,1.13819,2.06,1.00
2017.05.04 18:23:12.456,1.13806,1.13817,1.87,1.00
2017.05.04 18:23:13.255,1.13807,1.1382,1.37,1.00
2017.05.04 18:23:14.141,1.13807,1.13819,1.87,1.00
2017.05.04 18:23:14.294,1.13806,1.13817,1.87,1.00
2017.05.04 18:23:14.981,1.13806,1.13815,2.25,1.00
2017.05.04 18:23:15.391,1.13806,1.13815,1.00,1.00
2017.05.04 18:23:15.443,1.13806,1.13813,1.00,1.00
2017.05.04 18:23:15.545,1.13804,1.13812,1.00,1.00
2017.05.04 18:23:15.648,1.13802,1.13812,1.12,1.00
2017.05.04 18:23:15.699,1.13802,1.13814,1.00,1.00
2017.05.04 18:23:15.904,1.13801,1.13812,1.50,1.00
2017.05.04 18:23:16.450,1.13799,1.13811,3.37,1.00
2017.05.04 18:23:16.858,1.13799,1.13813,3.00,1.00
2017.05.04 18:23:17.358,1.13799,1.13811,4.50,1.00
2017.05.04 18:23:17.512,1.138,1.13813,1.37,1.00
2017.05.04 18:23:17.564,1.138,1.13815,2.81,1.12
2017.05.04 18:23:17.668,1.13801,1.13813,1.12,1.00
2017.05.04 18:23:17.874,1.138,1.13812,1.00,1.00
2017.05.04 18:23:20.102,1.13798,1.13811,2.62,1.00
2017.05.04 18:23:20.236,1.13801,1.13814,1.69,1.12
2017.05.04 18:23:20.289,1.13803,1.13816,1.12,1.00
2017.05.04 18:23:20.443,1.13803,1.13818,2.62,1.50
2017.05.04 18:23:20.596,1.13803,1.13815,1.50,1.00
2017.05.04 18:23:20.802,1.13808,1.13822,1.12,1.00
2017.05.04 18:23:20.854,1.1381,1.13823,1.37,2.25
2017.05.04 18:23:21.387,1.13812,1.13823,1.00,1.00
2017.05.04 18:23:21.694,1.13808,1.1382,1.00,2.62
2017.05.04 18:23:21.796,1.1381,1.13821,1.00,1.00
2017.05.04 18:23:22.001,1.13814,1.13822,1.00,1.00
2017.05.04 18:23:22.103,1.13814,1.13825,1.00,1.00
2017.05.04 18:23:22.969,1.1381,1.13822,1.12,1.00
2017.05.04 18:23:23.724,1.13814,1.13824,1.00,2.25
2017.05.04 18:23:24.251,1.13813,1.13824,1.00,1.00
2017.05.04 18:23:24.854,1.13815,1.13826,1.00,1.37
2017.05.04 18:23:25.963,1.13813,1.13825,1.00,1.37
2017.05.04 18:23:26.473,1.13812,1.13825,1.50,1.37
2017.05.04 18:23:26.830,1.13812,1.1382,1.00,1.12
2017.05.04 18:23:26.984,1.13808,1.1382,1.37,1.00
2017.05.04 18:23:27.563,1.13806,1.1382,1.50,1.12
2017.05.04 18:23:27.615,1.13806,1.13818,1.50,1.00
2017.05.04 18:23:28.244,1.13809,1.13823,1.37,1.12
2017.05.04 18:23:28.428,1.13812,1.13825,1.00,1.12
2017.05.04 18:23:28.934,1.13811,1.13824,1.00,1.00
2017.05.04 18:23:30.113,1.13811,1.13825,1.12,1.00
2017.05.04 18:23:30.423,1.13811,1.13821,1.12,1.00
2017.05.04 18:23:30.978,1.13809,1.13822,2.06,1.00
2017.05.04 18:23:31.515,1.13809,1.13821,2.06,1.00
2017.05.04 18:23:31.877,1.13808,1.13821,1.37,1.00
2017.05.04 18:23:32.183,1.13809,1.13823,1.00,1.00
2017.05.04 18:23:32.336,1.13809,1.13821,1.00,1.00
2017.05.04 18:23:32.745,1.1381,1.13823,1.00,1.00
2017.05.04 18:23:33.056,1.13811,1.13824,1.69,1.00
2017.05.04 18:23:33.366,1.13813,1.13827,1.69,1.00
2017.05.04 18:23:33.521,1.13814,1.13827,1.50,1.12
2017.05.04 18:23:33.954,1.13816,1.1383,1.25,1.87
2017.05.04 18:23:34.221,1.13816,1.13825,1.00,1.12
2017.05.04 18:23:34.426,1.13811,1.13825,1.69,1.12
2017.05.04 18:23:34.784,1.13811,1.13827,2.44,1.87
2017.05.04 18:23:35.224,1.13811,1.13825,2.44,1.00
2017.05.04 18:23:35.711,1.13814,1.13828,3.56,1.00
2017.05.04 18:23:36.029,1.13814,1.13827,3.94,1.00
2017.05.04 18:23:38.907,1.13815,1.13827,1.12,1.00
2017.05.04 18:23:38.959,1.13815,1.13825,1.12,1.00
2017.05.04 18:23:40.100,1.13814,1.13826,2.25,1.00
2017.05.04 18:23:40.609,1.13814,1.13827,2.25,1.50
2017.05.04 18:23:41.471,1.13814,1.13825,2.25,1.00
2017.05.04 18:23:45.142,1.13813,1.13822,1.12,1.00
2017.05.04 18:23:46.396,1.13811,1.13823,1.75,1.00
2017.05.04 18:23:46.551,1.1381,1.13825,3.00,1.87
2017.05.04 18:23:46.603,1.1381,1.13825,1.87,1.12
2017.05.04 18:23:46.807,1.1381,1.13825,3.00,1.87
2017.05.04 18:23:47.922,1.13811,1.13823,1.50,1.00
2017.05.04 18:23:48.177,1.13812,1.13825,1.50,1.00
2017.05.04 18:23:48.474,1.13812,1.13827,2.44,1.50
2017.05.04 18:23:48.526,1.13812,1.13826,3.19,1.37
2017.05.04 18:23:49.039,1.13811,1.13823,1.62,1.37
2017.05.04 18:23:49.194,1.13812,1.13824,1.37,1.50
2017.05.04 18:23:49.726,1.13812,1.13824,1.00,1.87
2017.05.04 18:23:49.879,1.1381,1.13821,2.81,1.00
2017.05.04 18:23:50.809,1.13809,1.1382,1.50,1.00
2017.05.04 18:23:51.116,1.13807,1.13821,1.25,1.00
2017.05.04 18:23:51.623,1.13807,1.1382,1.25,1.00
2017.05.04 18:23:54.475,1.13808,1.13821,1.00,1.50
2017.05.04 18:23:54.985,1.13807,1.1382,1.00,1.50
2017.05.04 18:23:56.384,1.1381,1.13823,1.00,1.12
2017.05.04 18:23:56.691,1.13817,1.13827,1.00,1.12
2017.05.04 18:23:57.061,1.13818,1.13829,1.00,1.50
2017.05.04 18:23:57.165,1.13816,1.13829,1.12,1.12
2017.05.04 18:23:57.323,1.13816,1.13827,1.12,1.00
2017.05.04 18:24:00.937,1.13813,1.13826,1.75,1.00
2017.05.04 18:24:03.832,1.13818,1.13831,1.00,3.00
2017.05.04 18:24:03.883,1.13818,1.13831,1.00,1.87
2017.05.04 18:24:03.935,1.1382,1.13833,1.00,1.12
2017.05.04 18:24:04.445,1.1382,1.13832,1.00,1.50
2017.05.04 18:24:05.825,1.13821,1.13832,1.69,1.00
2017.05.04 18:24:06.365,1.13822,1.13833,1.00,1.00
2017.05.04 18:24:06.418,1.1382,1.13833,1.12,1.50
2017.05.04 18:24:06.471,1.1382,1.1383,1.50,1.00
2017.05.04 18:24:10.001,1.1382,1.13828,1.00,1.00
2017.05.04 18:24:10.052,1.13817,1.13827,1.00,1.00
2017.05.04 18:24:11.900,1.13817,1.1383,1.12,1.00
2017.05.04 18:24:12.002,1.13819,1.13831,1.00,1.00
2017.05.04 18:24:12.309,1.13819,1.13832,1.75,1.50
2017.05.04 18:24:12.865,1.13817,1.13831,3.11,1.00
2017.05.04 18:24:15.008,1.13817,1.1383,3.11,1.00
2017.05.04 18:24:17.977,1.13819,1.13831,1.75,1.00
2017.05.04 18:24:18.725,1.13819,1.1383,1.75,1.00
2017.05.04 18:24:19.645,1.13817,1.13829,2.17,1.00
2017.05.04 18:24:20.242,1.13817,1.1383,2.17,1.50
2017.05.04 18:24:20.395,1.13815,1.13828,2.25,1.00
2017.05.04 18:24:21.851,1.13815,1.13827,3.00,1.00
2017.05.04 18:24:22.741,1.13815,1.13828,3.00,1.00
2017.05.04 18:24:24.285,1.13814,1.13827,1.12,1.87
2017.05.04 18:24:24.388,1.13813,1.13827,1.12,1.12
2017.05.04 18:24:24.698,1.13812,1.13823,2.74,1.87
2017.05.04 18:24:24.750,1.13813,1.13825,1.05,1.12
2017.05.04 18:24:24.802,1.13812,1.13822,1.87,1.00
2017.05.04 18:24:25.085,1.13808,1.13821,1.50,1.50
2017.05.04 18:24:25.707,1.13808,1.1382,1.50,1.00
2017.05.04 18:24:26.218,1.13807,1.13819,1.75,1.00
2017.05.04 18:24:26.452,1.13809,1.13821,1.37,1.00
2017.05.04 18:24:26.657,1.13809,1.13824,2.06,1.00
2017.05.04 18:24:26.709,1.13809,1.13822,2.06,1.00
2017.05.04 18:24:26.914,1.1381,1.13824,1.25,1.00
2017.05.04 18:24:27.016,1.13811,1.13824,1.87,1.00
2017.05.04 18:24:27.323,1.1381,1.13822,1.75,1.00
2017.05.04 18:24:27.821,1.1381,1.13824,1.87,1.00
2017.05.04 18:24:28.371,1.1381,1.13825,1.50,1.00
2017.05.04 18:24:28.895,1.13812,1.13825,1.00,1.37
2017.05.04 18:24:29.403,1.13812,1.13825,1.00,1.00
2017.05.04 18:24:29.916,1.13812,1.13824,1.00,1.00
2017.05.04 18:24:30.020,1.13812,1.13823,1.00,1.87
2017.05.04 18:24:30.224,1.1381,1.1382,1.00,1.00
2017.05.04 18:24:30.883,1.1381,1.13819,1.00,1.00
2017.05.04 18:24:31.407,1.13807,1.13818,1.00,1.00
2017.05.04 18:24:32.393,1.13807,1.13816,1.00,1.00
2017.05.04 18:24:32.699,1.13802,1.13814,1.75,1.00
2017.05.04 18:24:34.429,1.13803,1.13815,1.75,1.00
2017.05.04 18:24:34.908,1.13805,1.13813,1.05,1.00
2017.05.04 18:24:35.012,1.138,1.13811,3.37,1.00
2017.05.04 18:24:35.241,1.138,1.13815,2.25,1.50
2017.05.04 18:24:35.293,1.138,1.13815,1.50,1.87
2017.05.04 18:24:35.616,1.138,1.13815,1.50,1.12
2017.05.04 18:24:35.718,1.138,1.13815,1.50,1.37
2017.05.04 18:24:36.026,1.138,1.13812,1.75,1.00
2017.05.04 18:24:36.742,1.138,1.13814,3.56,1.00
2017.05.04 18:24:37.223,1.13806,1.13813,1.00,1.00
2017.05.04 18:24:37.986,1.13801,1.13814,3.19,1.00
2017.05.04 18:24:38.037,1.13801,1.13814,3.19,1.00
2017.05.04 18:24:38.141,1.13802,1.13812,1.50,1.00
2017.05.04 18:24:40.850,1.13801,1.13815,2.44,1.50
2017.05.04 18:24:41.003,1.13802,1.13813,1.50,1.00
2017.05.04 18:24:41.801,1.138,1.13812,2.00,1.00
2017.05.04 18:24:42.242,1.138,1.13813,1.00,1.50
2017.05.04 18:24:42.294,1.138,1.13811,1.00,1.00
2017.05.04 18:24:42.850,1.13801,1.13811,1.00,1.00
2017.05.04 18:24:42.952,1.13801,1.13813,1.00,1.00
2017.05.04 18:24:43.651,1.13801,1.13811,1.00,1.00
2017.05.04 18:24:44.702,1.13802,1.13812,1.00,1.00
2017.05.04 18:24:46.046,1.13801,1.13811,1.37,1.00
2017.05.04 18:24:46.149,1.13802,1.13813,1.00,1.50
2017.05.04 18:24:46.699,1.13803,1.13814,1.00,1.37
2017.05.04 18:24:47.223,1.13804,1.13815,1.00,1.87
2017.05.04 18:24:48.133,1.13804,1.13813,1.00,1.00
2017.05.04 18:24:48.496,1.13805,1.13815,1.00,1.12
2017.05.04 18:24:49.025,1.13805,1.13814,1.00,1.00
2017.05.04 18:24:49.537,1.13806,1.13817,1.00,1.87
2017.05.04 18:24:49.628,1.13806,1.13817,1.12,1.50
2017.05.04 18:24:49.683,1.13808,1.13817,1.00,1.12
2017.05.04 18:24:50.347,1.1381,1.13817,1.00,1.00
2017.05.04 18:24:50.874,1.1381,1.13818,1.00,1.00
2017.05.04 18:24:51.738,1.1381,1.13819,1.00,1.00
2017.05.04 18:24:52.332,1.1381,1.13821,1.00,1.37
2017.05.04 18:24:52.666,1.13814,1.13824,1.00,1.00
2017.05.04 18:24:52.972,1.13813,1.13822,1.00,1.00
2017.05.04 18:24:53.075,1.13811,1.13822,1.00,1.12
2017.05.04 18:24:53.611,1.13811,1.13823,1.00,1.12
2017.05.04 18:24:53.714,1.13811,1.1382,1.00,1.00
2017.05.04 18:24:53.867,1.13814,1.13824,1.00,1.50
2017.05.04 18:24:54.377,1.13815,1.13826,1.00,1.37
2017.05.04 18:24:54.428,1.13813,1.13824,1.12,1.00
2017.05.04 18:24:54.735,1.13812,1.13824,1.50,1.37
2017.05.04 18:24:55.251,1.13812,1.13824,1.00,1.37
2017.05.04 18:24:55.686,1.13812,1.13824,1.00,1.12
2017.05.04 18:24:55.739,1.1382,1.13826,1.00,1.50
2017.05.04 18:24:55.842,1.13817,1.13826,1.12,1.00
2017.05.04 18:24:55.894,1.1382,1.13826,1.00,1.00
2017.05.04 18:24:55.946,1.1382,1.13831,1.00,1.00
2017.05.04 18:24:55.997,1.13822,1.13831,1.00,1.00
2017.05.04 18:24:56.254,1.13824,1.13835,1.00,1.00
2017.05.04 18:24:56.400,1.13822,1.13835,1.12,1.00
2017.05.04 18:24:56.976,1.13823,1.13835,1.00,1.00
2017.05.04 18:24:57.027,1.13823,1.13833,1.00,1.00
2017.05.04 18:24:57.501,1.13823,1.13835,1.00,1.00
2017.05.04 18:24:57.603,1.13825,1.13835,1.00,1.00
2017.05.04 18:24:57.944,1.13827,1.13836,1.00,1.00
2017.05.04 18:24:58.099,1.13824,1.13836,1.00,1.00
2017.05.04 18:24:58.619,1.13825,1.13836,1.00,1.00
2017.05.04 18:24:59.130,1.13826,1.13837,1.00,1.00
2017.05.04 18:25:00.444,1.13828,1.13838,1.00,1.50
2017.05.04 18:25:00.971,1.13829,1.13838,1.00,1.00
2017.05.04 18:25:01.257,1.13829,1.1384,1.00,1.00
2017.05.04 18:25:01.463,1.1383,1.13838,1.00,1.00
2017.05.04 18:25:01.566,1.13827,1.13838,1.37,1.37
2017.05.04 18:25:02.070,1.13827,1.13837,1.00,1.00
2017.05.04 18:25:02.278,1.13827,1.13835,1.00,1.00
2017.05.04 18:25:02.626,1.13829,1.13838,1.00,1.50
2017.05.04 18:25:02.678,1.13827,1.13838,1.00,1.50
2017.05.04 18:25:03.368,1.13829,1.13839,1.00,1.00
2017.05.04 18:25:03.980,1.1383,1.13841,1.00,3.00
2017.05.04 18:25:04.979,1.1383,1.13839,1.00,1.00
2017.05.04 18:25:05.528,1.13829,1.13836,1.00,1.00
2017.05.04 18:25:05.580,1.13827,1.13835,1.00,1.00
2017.05.04 18:25:05.786,1.13829,1.13837,1.00,1.00
2017.05.04 18:25:06.763,1.13829,1.13839,1.00,1.50
2017.05.04 18:25:07.251,1.13831,1.13839,1.00,1.12
2017.05.04 18:25:07.872,1.1383,1.13839,1.00,1.00
2017.05.04 18:25:08.227,1.13828,1.13838,1.12,1.00
2017.05.04 18:25:08.704,1.13829,1.13836,1.00,1.00
2017.05.04 18:25:08.908,1.13829,1.13839,1.00,1.50
2017.05.04 18:25:09.424,1.13829,1.13837,1.00,1.00
2017.05.04 18:25:09.985,1.1383,1.13837,1.00,1.00
2017.05.04 18:25:11.263,1.1383,1.13838,1.00,1.00
2017.05.04 18:25:13.660,1.13828,1.13838,1.00,1.00
2017.05.04 18:25:15.121,1.13826,1.13837,1.00,1.12
2017.05.04 18:25:15.172,1.13827,1.13835,1.00,1.00
2017.05.04 18:25:15.326,1.13828,1.13837,1.00,1.00
2017.05.04 18:25:15.828,1.13827,1.13838,1.12,1.12
2017.05.04 18:25:16.366,1.13828,1.13839,1.12,1.00
2017.05.04 18:25:16.921,1.13828,1.1384,1.12,1.00
2017.05.04 18:25:17.410,1.13832,1.13842,1.00,1.50
2017.05.04 18:25:17.514,1.13832,1.13843,1.00,1.12
2017.05.04 18:25:18.146,1.13832,1.13842,1.00,1.00
2017.05.04 18:25:18.663,1.13833,1.13841,1.00,1.00
2017.05.04 18:25:18.765,1.13835,1.13843,1.00,1.00
2017.05.04 18:25:19.752,1.13835,1.13844,1.00,1.00
2017.05.04 18:25:20.287,1.13836,1.13845,1.00,1.00
2017.05.04 18:25:20.593,1.13838,1.13846,1.00,1.00
2017.05.04 18:25:21.125,1.13835,1.13844,1.12,1.00
2017.05.04 18:25:21.430,1.13834,1.13849,1.50,3.75
2017.05.04 18:25:21.956,1.13836,1.13849,1.00,2.25
2017.05.04 18:25:22.213,1.13838,1.13849,1.00,1.00
2017.05.04 18:25:22.545,1.1384,1.13852,1.00,2.06
2017.05.04 18:25:23.529,1.1384,1.13853,1.00,1.69
2017.05.04 18:25:23.580,1.1384,1.13853,1.00,1.31
2017.05.04 18:25:24.122,1.1384,1.13854,1.00,3.56
2017.05.04 18:25:24.640,1.1384,1.13853,1.00,1.50
2017.05.04 18:25:25.180,1.1384,1.13854,1.87,2.62
2017.05.04 18:25:26.039,1.13842,1.13854,1.00,1.50
2017.05.04 18:25:26.193,1.13843,1.13857,1.00,1.50
2017.05.04 18:25:27.286,1.13847,1.13857,1.00,1.50
2017.05.04 18:25:27.491,1.13848,1.1386,1.00,1.00
2017.05.04 18:25:27.980,1.13851,1.13861,1.00,1.25
2017.05.04 18:25:28.034,1.13848,1.13861,1.00,1.25
2017.05.04 18:25:28.137,1.13846,1.13862,1.12,1.44
2017.05.04 18:25:28.461,1.13849,1.13862,1.00,1.31
2017.05.04 18:25:28.563,1.13847,1.13862,1.12,1.19
2017.05.04 18:25:29.423,1.13848,1.13863,1.00,3.00
2017.05.04 18:25:29.474,1.1385,1.13863,1.00,1.50
2017.05.04 18:25:29.577,1.13851,1.13865,1.00,1.00
2017.05.04 18:25:30.469,1.13852,1.13865,1.00,1.00
2017.05.04 18:25:30.806,1.13854,1.13865,1.00,1.00
2017.05.04 18:25:30.908,1.13854,1.13868,1.12,1.00
2017.05.04 18:25:31.411,1.13854,1.13868,1.87,1.00
2017.05.04 18:25:31.723,1.13852,1.13868,1.00,2.06
2017.05.04 18:25:31.825,1.13851,1.13867,2.25,2.62
2017.05.04 18:25:32.385,1.13852,1.13867,1.00,2.62
2017.05.04 18:25:32.707,1.13854,1.13865,1.00,1.50
2017.05.04 18:25:33.023,1.13851,1.13864,1.00,1.50
2017.05.04 18:25:33.075,1.13852,1.13862,1.00,2.06
2017.05.04 18:25:33.127,1.13853,1.13865,1.00,1.69
2017.05.04 18:25:33.232,1.1386,1.13866,1.00,2.25
2017.05.04 18:25:33.284,1.13857,1.13866,1.00,2.25
2017.05.04 18:25:33.489,1.13855,1.13869,1.00,2.06
2017.05.04 18:25:33.983,1.13855,1.13866,1.00,1.87
2017.05.04 18:25:34.137,1.13853,1.13865,1.00,1.00
2017.05.04 18:25:34.188,1.13853,1.13863,1.00,1.87
2017.05.04 18:25:34.412,1.13851,1.13862,1.12,1.87
2017.05.04 18:25:34.464,1.13849,1.13861,1.50,1.87
2017.05.04 18:25:34.770,1.13849,1.13862,1.12,1.00
2017.05.04 18:25:34.872,1.13853,1.13865,1.00,1.87
2017.05.04 18:25:35.405,1.13854,1.13865,1.00,2.62
2017.05.04 18:25:36.253,1.13855,1.13865,1.00,2.62
2017.05.04 18:25:36.763,1.13854,1.13865,1.00,2.62
2017.05.04 18:25:37.137,1.13854,1.13865,1.00,1.12
2017.05.04 18:25:37.188,1.13857,1.13865,1.00,1.12
2017.05.04 18:25:38.916,1.13856,1.13865,1.00,1.12
2017.05.04 18:25:39.222,1.13852,1.13863,1.12,1.37
2017.05.04 18:25:39.377,1.13853,1.13861,1.00,1.37
2017.05.04 18:25:39.428,1.13852,1.13863,1.00,1.12
2017.05.04 18:25:39.480,1.13853,1.13863,1.00,2.81
2017.05.04 18:25:40.003,1.13852,1.13863,1.00,2.62
2017.05.04 18:25:40.140,1.13855,1.13865,1.00,1.31
2017.05.04 18:25:40.191,1.13855,1.13865,1.00,2.62
2017.05.04 18:25:40.498,1.13861,1.13871,1.00,1.00
2017.05.04 18:25:40.702,1.13862,1.13873,1.00,1.12
2017.05.04 18:25:40.886,1.13864,1.13874,1.00,1.50
2017.05.04 18:25:41.091,1.13864,1.13876,1.00,1.37
2017.05.04 18:25:41.145,1.13866,1.13876,1.00,1.19
2017.05.04 18:25:41.198,1.13866,1.13877,1.00,1.69
2017.05.04 18:25:41.695,1.13863,1.13874,1.00,1.37
2017.05.04 18:25:42.126,1.13859,1.13869,1.12,1.12
2017.05.04 18:25:42.331,1.13855,1.13868,1.00,2.06
2017.05.04 18:25:42.383,1.13857,1.13868,1.00,2.06
2017.05.04 18:25:42.638,1.13854,1.13868,1.00,2.81
2017.05.04 18:25:43.187,1.13854,1.13866,1.00,1.87
2017.05.04 18:25:43.915,1.13855,1.13865,1.00,1.31
2017.05.04 18:25:44.424,1.13854,1.13865,1.00,1.69
2017.05.04 18:25:44.629,1.13857,1.13867,1.00,1.50
2017.05.04 18:25:44.683,1.13857,1.13869,1.00,1.50
2017.05.04 18:25:44.734,1.13857,1.13869,1.00,1.12
2017.05.04 18:25:44.952,1.13855,1.13867,1.00,1.00
2017.05.04 18:25:45.589,1.13854,1.13867,1.12,1.12
2017.05.04 18:25:46.839,1.13854,1.13866,1.12,1.00
2017.05.04 18:25:47.822,1.13856,1.13866,1.00,1.00
2017.05.04 18:25:48.331,1.13858,1.13869,1.00,2.62
2017.05.04 18:25:48.741,1.13858,1.1387,1.12,1.00
2017.05.04 18:25:49.286,1.13857,1.1387,1.00,2.06
2017.05.04 18:25:49.390,1.13859,1.1387,1.00,1.00
2017.05.04 18:25:49.749,1.13856,1.13871,2.25,1.50
2017.05.04 18:25:49.801,1.13859,1.13871,1.00,1.50
2017.05.04 18:25:50.361,1.13861,1.13873,1.00,1.12
2017.05.04 18:25:50.672,1.13863,1.13875,1.00,3.56
2017.05.04 18:25:51.477,1.13863,1.13875,1.00,1.69
2017.05.04 18:25:52.385,1.13864,1.13875,1.00,1.12
2017.05.04 18:25:52.888,1.13865,1.13875,1.12,1.00
2017.05.04 18:25:52.940,1.13865,1.13878,1.50,1.12
2017.05.04 18:25:56.346,1.13865,1.13877,1.00,1.00
2017.05.04 18:25:57.381,1.13865,1.13876,1.00,1.00
2017.05.04 18:25:57.912,1.13865,1.13873,1.00,1.00
2017.05.04 18:26:00.034,1.13865,1.13874,1.00,1.00
2017.05.04 18:26:00.285,1.13865,1.13876,1.87,1.00
2017.05.04 18:26:00.337,1.13865,1.13878,2.74,1.00
2017.05.04 18:26:00.388,1.13867,1.13878,1.00,1.00
2017.05.04 18:26:00.697,1.13869,1.13877,1.00,1.00
2017.05.04 18:26:01.056,1.13868,1.13872,1.00,1.00
2017.05.04 18:26:01.381,1.13865,1.1387,1.00,1.00
2017.05.04 18:26:01.433,1.13861,1.13871,1.00,1.00
2017.05.04 18:26:01.536,1.13861,1.13869,1.00,1.00
2017.05.04 18:26:03.261,1.13859,1.13868,1.87,1.00
2017.05.04 18:26:04.195,1.13858,1.13867,2.25,1.00
2017.05.04 18:26:04.404,1.13858,1.13867,1.00,1.00
2017.05.04 18:26:05.134,1.13859,1.13868,1.12,1.00
2017.05.04 18:26:05.339,1.13859,1.13869,2.62,1.00
2017.05.04 18:26:05.876,1.13859,1.1387,2.25,1.00
2017.05.04 18:26:06.185,1.13862,1.1387,1.12,1.00
2017.05.04 18:26:06.466,1.13862,1.13872,1.12,1.00
2017.05.04 18:26:06.619,1.13862,1.1387,1.12,1.00
2017.05.04 18:26:07.290,1.13862,1.13869,1.12,1.00
2017.05.04 18:26:07.341,1.13861,1.13869,1.12,1.00
2017.05.04 18:26:07.393,1.13861,1.13872,1.12,1.00
2017.05.04 18:26:07.648,1.13863,1.13872,1.00,1.00
2017.05.04 18:26:11.349,1.13863,1.13871,1.12,1.00
2017.05.04 18:26:12.041,1.13863,1.13867,1.00,1.00
2017.05.04 18:26:12.093,1.13859,1.13867,1.50,1.00
2017.05.04 18:26:12.349,1.13856,1.13866,1.50,1.00
2017.05.04 18:26:12.909,1.13861,1.13867,1.00,1.00
2017.05.04 18:26:12.960,1.13861,1.13869,1.00,1.00
2017.05.04 18:26:13.435,1.13859,1.13867,1.50,1.00
2017.05.04 18:26:13.589,1.13857,1.13866,1.50,1.00
2017.05.04 18:26:13.728,1.1386,1.13869,1.00,1.00
2017.05.04 18:26:14.125,1.1386,1.13871,1.00,1.00
2017.05.04 18:26:14.392,1.1386,1.13869,1.50,1.00
2017.05.04 18:26:14.698,1.13859,1.13866,1.12,1.00
2017.05.04 18:26:15.223,1.13856,1.13867,1.87,1.00
2017.05.04 18:26:15.535,1.13856,1.13865,1.87,1.00
2017.05.04 18:26:16.902,1.13856,1.13866,1.12,1.00
2017.05.04 18:26:16.953,1.13855,1.13865,2.25,1.00
2017.05.04 18:26:17.553,1.13855,1.13865,2.62,1.00
2017.05.04 18:26:17.656,1.13855,1.13863,1.87,1.00
2017.05.04 18:26:17.965,1.13846,1.13856,2.25,1.00
2017.05.04 18:26:18.421,1.13847,1.13858,1.50,1.00
2017.05.04 18:26:18.963,1.13848,1.13857,1.50,1.00
2017.05.04 18:26:19.218,1.1385,1.13859,1.00,1.00
2017.05.04 18:26:19.321,1.1385,1.13861,2.25,1.00
2017.05.04 18:26:20.033,1.1385,1.1386,2.25,1.00
2017.05.04 18:26:20.084,1.1385,1.13858,1.50,1.00
2017.05.04 18:26:20.390,1.13848,1.13856,2.25,1.00
2017.05.04 18:26:20.910,1.13847,1.13855,1.37,1.00
2017.05.04 18:26:21.061,1.13846,1.13854,1.00,1.00
2017.05.04 18:26:22.480,1.13846,1.13853,1.00,1.00
2017.05.04 18:26:22.823,1.13847,1.13855,1.00,1.00
2017.05.04 18:26:23.332,1.13846,1.13855,1.00,1.00
2017.05.04 18:26:23.946,1.13846,1.13854,1.00,1.00
2017.05.04 18:26:24.475,1.13846,1.13853,1.12,1.00
2017.05.04 18:26:24.527,1.13846,1.13855,1.50,1.00
2017.05.04 18:26:24.811,1.13845,1.13851,1.50,1.00
2017.05.04 18:26:24.862,1.13845,1.13854,1.12,1.00
2017.05.04 18:26:24.914,1.13843,1.13851,1.75,1.00
2017.05.04 18:26:24.966,1.13842,1.13851,1.50,1.00
2017.05.04 18:26:25.375,1.13842,1.13848,1.12,1.00
2017.05.04 18:26:25.847,1.13842,1.13851,1.12,1.00
2017.05.04 18:26:26.236,1.1384,1.13848,2.62,1.00
2017.05.04 18:26:26.288,1.13839,1.13848,1.87,1.00
2017.05.04 18:26:26.598,1.13837,1.13848,3.37,1.00
2017.05.04 18:26:27.624,1.13838,1.13846,1.12,1.00
2017.05.04 18:26:28.070,1.13837,1.13848,1.50,1.00
2017.05.04 18:26:28.573,1.13838,1.13848,1.12,1.00
2017.05.04 18:26:29.432,1.1384,1.13848,1.00,1.00
2017.05.04 18:26:29.755,1.13841,1.13849,1.50,1.00
2017.05.04 18:26:30.541,1.13842,1.13851,1.12,1.00
2017.05.04 18:26:30.593,1.13842,1.13853,1.69,1.00
2017.05.04 18:26:30.644,1.13843,1.13853,1.37,1.00
2017.05.04 18:26:31.177,1.13844,1.13854,1.87,1.00
2017.05.04 18:26:31.524,1.13843,1.1385,1.00,1.00
2017.05.04 18:26:31.729,1.13839,1.13848,1.87,1.00
2017.05.04 18:26:32.020,1.1384,1.13852,1.00,1.50
2017.05.04 18:26:32.123,1.1384,1.1385,1.00,1.00
2017.05.04 18:26:32.569,1.1384,1.13852,2.25,1.00
2017.05.04 18:26:32.621,1.1384,1.13852,3.00,1.00
2017.05.04 18:26:32.926,1.13842,1.13852,1.12,1.00
2017.05.04 18:26:32.978,1.13842,1.13852,1.37,1.00
2017.05.04 18:26:33.301,1.13842,1.1385,1.12,1.00
2017.05.04 18:26:33.613,1.1384,1.13849,1.00,1.00
2017.05.04 18:26:34.061,1.13839,1.13847,1.00,1.00
2017.05.04 18:26:34.164,1.13838,1.13849,1.00,1.00
2017.05.04 18:26:35.838,1.13838,1.13847,1.50,1.00
2017.05.04 18:26:36.650,1.13839,1.13847,1.00,1.00
2017.05.04 18:26:37.520,1.13839,1.13848,1.00,1.00
2017.05.04 18:26:38.066,1.13838,1.13848,1.50,1.00
2017.05.04 18:26:38.369,1.13841,1.13851,1.00,1.00
2017.05.04 18:26:38.706,1.13838,1.13847,1.87,1.00
2017.05.04 18:26:40.432,1.13838,1.13844,1.37,1.00
2017.05.04 18:26:40.535,1.13835,1.13844,1.12,1.00
2017.05.04 18:26:40.586,1.13835,1.13844,1.00,1.00
2017.05.04 18:26:42.805,1.13834,1.13845,1.87,1.00
2017.05.04 18:26:42.857,1.13834,1.13842,1.12,1.00
2017.05.04 18:26:43.194,1.13832,1.13841,1.12,1.00
2017.05.04 18:26:43.602,1.13832,1.13839,1.12,1.00
2017.05.04 18:26:43.908,1.13832,1.13842,1.00,1.00
2017.05.04 18:26:44.497,1.13832,1.13841,1.00,1.00
2017.05.04 18:26:44.651,1.13832,1.13843,1.00,1.00
2017.05.04 18:26:44.804,1.13833,1.13845,1.00,1.00
2017.05.04 18:26:45.315,1.13833,1.13844,2.25,1.00
2017.05.04 18:26:45.366,1.13833,1.13842,1.50,1.00
2017.05.04 18:26:45.895,1.13833,1.13843,1.00,1.00
2017.05.04 18:26:46.418,1.13835,1.13844,1.00,1.00
2017.05.04 18:26:46.724,1.13836,1.13844,1.37,1.00
2017.05.04 18:26:46.829,1.13836,1.13846,1.12,1.00
2017.05.04 18:26:47.345,1.13836,1.13847,2.62,1.00
2017.05.04 18:26:47.879,1.13837,1.13846,1.50,1.00
2017.05.04 18:26:48.509,1.13837,1.13846,1.12,1.00
2017.05.04 18:26:49.073,1.13837,1.13847,1.12,1.00
2017.05.04 18:26:49.699,1.13839,1.13848,1.00,1.00
2017.05.04 18:26:50.347,1.1384,1.13849,1.00,1.00
2017.05.04 18:26:50.964,1.13838,1.13848,1.37,1.00
2017.05.04 18:26:51.271,1.13838,1.13846,1.37,1.00
2017.05.04 18:26:51.781,1.13837,1.13846,2.06,1.00
2017.05.04 18:26:54.310,1.13837,1.13845,1.37,1.00
2017.05.04 18:26:54.621,1.13836,1.13843,1.00,1.00
2017.05.04 18:26:55.183,1.13834,1.13842,1.50,1.00
2017.05.04 18:26:55.518,1.13834,1.13844,1.87,1.00
2017.05.04 18:26:55.722,1.13836,1.13846,1.12,1.00
2017.05.04 18:26:56.261,1.13836,1.13845,1.12,1.00
2017.05.04 18:27:01.090,1.13836,1.13844,1.12,1.00
2017.05.04 18:27:02.976,1.13837,1.13846,1.00,1.00
2017.05.04 18:27:06.053,1.13835,1.13845,1.37,1.00
2017.05.04 18:27:06.104,1.13835,1.13843,1.00,1.00
2017.05.04 18:27:06.513,1.13833,1.13841,1.50,1.00
2017.05.04 18:27:07.591,1.13831,1.13838,2.62,1.00
2017.05.04 18:27:07.695,1.13828,1.13838,1.87,1.00
2017.05.04 18:27:07.747,1.13829,1.13838,1.00,1.00
2017.05.04 18:27:07.875,1.13827,1.13838,1.12,1.00
2017.05.04 18:27:08.094,1.13827,1.13836,1.12,1.00
2017.05.04 18:27:08.619,1.13828,1.13837,1.00,1.00
2017.05.04 18:27:10.099,1.13829,1.13837,1.00,1.00
2017.05.04 18:27:10.203,1.1383,1.1384,1.00,1.00
2017.05.04 18:27:10.254,1.1383,1.13842,1.00,1.00
2017.05.04 18:27:10.461,1.13829,1.13838,2.25,1.00
2017.05.04 18:27:10.617,1.13829,1.1384,1.50,1.00
2017.05.04 18:27:10.876,1.13831,1.13842,1.00,1.00
2017.05.04 18:27:11.234,1.13832,1.13844,1.12,1.00
2017.05.04 18:27:11.388,1.13833,1.13844,1.37,1.00
2017.05.04 18:27:12.055,1.13834,1.13845,1.50,1.00
2017.05.04 18:27:12.556,1.13835,1.13846,1.00,1.00
2017.05.04 18:27:13.069,1.13836,1.13846,1.00,1.00
2017.05.04 18:27:13.377,1.13839,1.13849,1.00,1.00
2017.05.04 18:27:13.711,1.13841,1.1385,1.00,1.00
2017.05.04 18:27:13.997,1.13838,1.1385,1.87,1.00
2017.05.04 18:27:14.498,1.1384,1.13848,1.12,1.00
2017.05.04 18:27:14.549,1.13842,1.13853,1.00,1.12
2017.05.04 18:27:14.704,1.13842,1.1385,1.50,1.00
2017.05.04 18:27:14.807,1.13841,1.13852,1.12,1.00
2017.05.04 18:27:15.785,1.13843,1.13855,1.12,1.00
2017.05.04 18:27:15.836,1.13843,1.13855,1.50,1.00
2017.05.04 18:27:16.550,1.13846,1.13855,1.00,1.00
2017.05.04 18:27:16.602,1.13846,1.13857,1.00,1.00
2017.05.04 18:27:17.221,1.13845,1.13855,1.87,1.00
2017.05.04 18:27:17.763,1.13845,1.13854,1.00,1.00
2017.05.04 18:27:17.815,1.13843,1.13856,3.00,1.00
2017.05.04 18:27:17.866,1.13843,1.13856,2.62,1.00
2017.05.04 18:27:17.917,1.13843,1.13854,2.62,1.00
2017.05.04 18:27:18.433,1.13843,1.13853,1.00,1.00
2017.05.04 18:27:19.083,1.13843,1.13854,1.00,1.00
2017.05.04 18:27:20.624,1.13844,1.13857,2.25,1.00
2017.05.04 18:27:21.134,1.13846,1.13858,1.12,1.00
2017.05.04 18:27:21.673,1.13845,1.13857,1.37,1.00
2017.05.04 18:27:22.220,1.13847,1.13858,1.00,1.00
2017.05.04 18:27:24.531,1.13846,1.13858,1.12,1.00
2017.05.04 18:27:25.305,1.13845,1.13856,1.87,1.00
2017.05.04 18:27:25.509,1.13844,1.13856,1.12,1.00
2017.05.04 18:27:25.813,1.13844,1.13854,1.50,1.00
2017.05.04 18:27:26.167,1.13844,1.13856,1.12,1.00
2017.05.04 18:27:26.397,1.13843,1.13854,1.50,1.00
2017.05.04 18:27:26.602,1.1384,1.13852,2.25,1.00
2017.05.04 18:27:26.653,1.1384,1.13854,2.25,1.00
2017.05.04 18:27:26.756,1.13843,1.13854,1.00,1.00
2017.05.04 18:27:26.909,1.13841,1.13855,2.62,1.12
2017.05.04 18:27:27.337,1.13844,1.13855,1.00,1.12
2017.05.04 18:27:27.560,1.13845,1.13858,1.50,1.12
2017.05.04 18:27:27.765,1.13848,1.13858,1.00,1.00
2017.05.04 18:27:27.816,1.13846,1.13858,1.50,1.00
2017.05.04 18:27:27.996,1.13848,1.13858,1.00,1.00
2017.05.04 18:27:28.086,1.13846,1.13858,1.00,1.00
2017.05.04 18:27:28.188,1.13846,1.13856,1.00,1.00
2017.05.04 18:27:28.824,1.13846,1.13858,2.25,1.00
2017.05.04 18:27:29.571,1.13847,1.13858,1.00,1.00
2017.05.04 18:27:30.553,1.1385,1.13863,1.00,1.50
2017.05.04 18:27:30.605,1.13853,1.13863,1.00,1.50
2017.05.04 18:27:30.809,1.13854,1.13865,1.00,1.00
2017.05.04 18:27:31.341,1.13854,1.13863,1.00,1.00
2017.05.04 18:27:31.651,1.1385,1.13858,1.00,1.00
2017.05.04 18:27:31.855,1.13844,1.13856,1.62,1.00
2017.05.04 18:27:31.907,1.13844,1.13856,1.25,1.00
2017.05.04 18:27:31.958,1.13846,1.13856,1.00,1.00
2017.05.04 18:27:32.085,1.13846,1.13858,1.50,1.12
2017.05.04 18:27:32.601,1.13846,1.13858,2.06,1.00
2017.05.04 18:27:33.822,1.13846,1.13858,1.87,1.00
2017.05.04 18:27:34.519,1.13846,1.13857,1.12,1.00
2017.05.04 18:27:35.130,1.13846,1.13858,1.00,1.12
2017.05.04 18:27:36.441,1.13849,1.1386,1.00,1.37
2017.05.04 18:27:36.646,1.13847,1.13859,2.06,1.00
2017.05.04 18:27:37.191,1.13847,1.13858,1.12,1.00
2017.05.04 18:27:37.702,1.13846,1.13858,1.00,1.50
2017.05.04 18:27:37.809,1.13846,1.13856,1.00,1.00
2017.05.04 18:27:38.338,1.13847,1.13859,1.00,1.00
2017.05.04 18:27:38.441,1.13849,1.1386,1.37,1.00
2017.05.04 18:27:40.316,1.1385,1.13861,1.37,1.00
2017.05.04 18:27:40.676,1.13853,1.13861,1.00,1.00
2017.05.04 18:27:41.329,1.13851,1.13861,1.12,1.00
2017.05.04 18:27:42.025,1.13853,1.13861,1.00,1.00
2017.05.04 18:27:42.078,1.13855,1.13866,1.00,1.37
2017.05.04 18:27:43.250,1.13856,1.13865,1.00,1.00
2017.05.04 18:27:44.062,1.13854,1.13865,2.25,1.00
2017.05.04 18:27:44.113,1.13854,1.13867,2.25,1.00
2017.05.04 18:27:44.613,1.13855,1.13868,1.12,1.00
2017.05.04 18:27:45.130,1.13856,1.13868,1.00,1.00
2017.05.04 18:27:45.182,1.13856,1.13866,1.00,1.00
2017.05.04 18:27:46.020,1.13854,1.13866,2.62,1.00
2017.05.04 18:27:46.359,1.13858,1.13867,1.00,1.00
2017.05.04 18:27:48.725,1.13858,1.13866,1.00,1.00
2017.05.04 18:27:48.929,1.13854,1.13866,1.87,1.00
2017.05.04 18:27:50.243,1.13854,1.13864,1.87,1.00
2017.05.04 18:27:52.279,1.13852,1.13864,1.12,1.00
2017.05.04 18:27:52.767,1.13852,1.13861,1.12,1.00
2017.05.04 18:27:52.921,1.1385,1.13861,1.00,1.00
2017.05.04 18:27:53.465,1.13851,1.13861,1.12,1.00
2017.05.04 18:27:54.075,1.13851,1.1386,1.12,1.00
2017.05.04 18:27:56.614,1.13847,1.1386,1.12,1.00
2017.05.04 18:27:57.038,1.13846,1.13858,1.12,1.00
2017.05.04 18:27:57.399,1.13845,1.13856,2.72,1.00
2017.05.04 18:27:57.706,1.13843,1.13852,1.87,1.00
2017.05.04 18:27:57.912,1.13842,1.13852,1.00,1.00
2017.05.04 18:27:59.908,1.13843,1.13853,1.00,1.00
2017.05.04 18:28:00.265,1.1384,1.13852,2.25,1.00
2017.05.04 18:28:00.501,1.13845,1.13855,1.00,1.12
2017.05.04 18:28:00.808,1.13846,1.13856,1.22,1.00
2017.05.04 18:28:00.861,1.13846,1.13856,1.00,1.00
2017.05.04 18:28:00.964,1.13848,1.13857,1.00,1.00
2017.05.04 18:28:01.118,1.13848,1.1386,1.00,1.50
2017.05.04 18:28:01.323,1.1385,1.13861,1.00,1.12
2017.05.04 18:28:01.728,1.13851,1.13861,1.75,1.00
2017.05.04 18:28:02.458,1.13853,1.13862,1.12,1.00
2017.05.04 18:28:03.382,1.13853,1.13863,1.12,1.00
2017.05.04 18:28:03.893,1.13852,1.13862,1.00,1.00
2017.05.04 18:28:04.323,1.13852,1.13864,1.00,1.00
2017.05.04 18:28:04.731,1.1385,1.13863,1.50,1.00
2017.05.04 18:28:05.330,1.13851,1.13862,1.00,1.00
2017.05.04 18:28:05.912,1.13849,1.13862,1.87,1.00
2017.05.04 18:28:07.461,1.13851,1.13862,1.00,1.00
2017.05.04 18:28:08.031,1.13849,1.1386,1.87,1.00
2017.05.04 18:28:08.083,1.13849,1.13864,1.87,1.87
2017.05.04 18:28:08.134,1.13849,1.1386,1.87,1.00
2017.05.04 18:28:08.468,1.13848,1.13858,1.75,1.00
2017.05.04 18:28:08.984,1.13847,1.13854,1.12,1.00
2017.05.04 18:28:09.089,1.13845,1.13854,1.37,1.00
2017.05.04 18:28:09.707,1.13845,1.13855,1.50,1.00
2017.05.04 18:28:09.841,1.13845,1.13857,1.50,1.00
2017.05.04 18:28:10.381,1.13848,1.13857,1.00,1.00
2017.05.04 18:28:11.150,1.13848,1.13858,1.00,1.00
2017.05.04 18:28:12.410,1.13845,1.13855,1.87,1.00
2017.05.04 18:28:12.917,1.13846,1.13856,1.37,1.00
2017.05.04 18:28:14.291,1.13844,1.13854,3.37,1.00
2017.05.04 18:28:14.343,1.13844,1.13856,3.75,1.00
2017.05.04 18:28:14.852,1.13847,1.13855,1.12,1.00
2017.05.04 18:28:15.427,1.13844,1.13854,2.62,1.00
2017.05.04 18:28:15.529,1.13844,1.13854,1.12,1.00
2017.05.04 18:28:15.997,1.13846,1.13854,1.00,1.00
2017.05.04 18:28:16.048,1.13844,1.13854,1.00,1.00
2017.05.04 18:28:16.560,1.13844,1.13855,1.22,1.00
2017.05.04 18:28:17.133,1.13845,1.13855,1.56,1.00
2017.05.04 18:28:18.242,1.13847,1.13855,1.00,1.00
2017.05.04 18:28:18.396,1.13848,1.13857,1.00,1.00
2017.05.04 18:28:19.006,1.13847,1.13857,1.00,1.00
2017.05.04 18:28:19.645,1.13846,1.13857,1.31,1.00
2017.05.04 18:28:19.749,1.13844,1.13852,1.87,1.00
2017.05.04 18:28:19.955,1.13843,1.13853,1.12,1.00
2017.05.04 18:28:20.110,1.13845,1.13854,1.00,1.00
2017.05.04 18:28:20.427,1.13845,1.13856,1.00,1.00
2017.05.04 18:28:21.082,1.13847,1.13857,1.00,1.00
2017.05.04 18:28:21.644,1.13848,1.13857,1.12,1.00
2017.05.04 18:28:22.767,1.13846,1.13858,1.50,1.00
2017.05.04 18:28:22.972,1.13845,1.13856,1.12,1.00
2017.05.04 18:28:23.882,1.13847,1.13856,1.00,1.00
2017.05.04 18:28:24.412,1.13846,1.13856,1.00,1.00
2017.05.04 18:28:25.198,1.13848,1.13856,1.00,1.00
2017.05.04 18:28:25.784,1.13847,1.13856,1.50,1.00
2017.05.04 18:28:26.198,1.13851,1.13859,1.00,1.00
2017.05.04 18:28:28.736,1.13854,1.13864,1.00,2.44
2017.05.04 18:28:28.860,1.13852,1.13862,1.00,1.00
2017.05.04 18:28:29.389,1.13851,1.13861,1.37,1.00
2017.05.04 18:28:32.767,1.1385,1.13863,1.87,1.00
2017.05.04 18:28:32.876,1.1385,1.13863,3.37,1.00
2017.05.04 18:28:33.233,1.13852,1.13865,1.87,1.00
2017.05.04 18:28:33.869,1.13854,1.13864,1.12,1.00
2017.05.04 18:28:34.137,1.13854,1.13866,1.12,1.00
2017.05.04 18:28:34.240,1.13851,1.1386,2.00,1.00
2017.05.04 18:28:34.292,1.13851,1.13862,1.75,1.00
2017.05.04 18:28:34.343,1.13849,1.13857,1.00,1.00
2017.05.04 18:28:34.395,1.13849,1.13859,1.00,1.00
2017.05.04 18:28:34.899,1.13849,1.13858,1.25,1.00
2017.05.04 18:28:35.953,1.13846,1.13857,2.06,1.00
2017.05.04 18:28:36.836,1.13846,1.13857,1.50,1.00
2017.05.04 18:28:38.617,1.13847,1.13857,1.12,1.00
2017.05.04 18:28:40.107,1.13848,1.13857,1.00,1.00
2017.05.04 18:28:40.340,1.13846,1.13856,1.00,1.00
2017.05.04 18:28:40.391,1.13844,1.13855,1.22,1.00
2017.05.04 18:28:40.545,1.13846,1.13856,1.00,1.00
2017.05.04 18:28:40.884,1.13849,1.13857,1.00,1.00
2017.05.04 18:28:41.235,1.13847,1.13857,1.00,1.00
2017.05.04 18:28:41.761,1.13845,1.13857,2.25,1.00
2017.05.04 18:28:43.486,1.13847,1.13859,1.00,1.00
2017.05.04 18:28:44.562,1.13848,1.13859,1.00,1.00
2017.05.04 18:28:45.513,1.13847,1.13859,1.00,1.00
2017.05.04 18:28:46.514,1.13849,1.13859,1.00,1.00
2017.05.04 18:28:47.075,1.13848,1.13859,1.00,1.00
2017.05.04 18:28:47.548,1.13846,1.13859,1.87,1.00
2017.05.04 18:28:50.608,1.13846,1.13858,1.87,1.00
2017.05.04 18:28:54.092,1.13846,1.13857,1.12,1.00
2017.05.04 18:28:55.533,1.13843,1.13856,1.87,1.50
2017.05.04 18:28:55.640,1.13843,1.13854,1.37,1.00
2017.05.04 18:28:56.182,1.13843,1.13855,1.00,1.00
2017.05.04 18:28:57.291,1.13842,1.13855,1.00,1.50
2017.05.04 18:28:57.648,1.1384,1.13853,1.12,1.00
2017.05.04 18:28:58.210,1.1384,1.13854,1.59,1.00
2017.05.04 18:28:58.521,1.13843,1.13855,1.12,1.00
2017.05.04 18:28:59.359,1.13843,1.13856,1.12,1.00
2017.05.04 18:28:59.895,1.13843,1.13855,1.12,1.00
2017.05.04 18:29:00.485,1.13843,1.13856,1.12,1.00
2017.05.04 18:29:01.039,1.13843,1.13857,1.12,1.00
2017.05.04 18:29:01.348,1.13841,1.13854,1.00,1.00
2017.05.04 18:29:01.860,1.13841,1.13855,1.87,1.00
2017.05.04 18:29:03.861,1.13841,1.13855,2.62,1.00
2017.05.04 18:29:04.379,1.13842,1.13855,1.31,1.00
2017.05.04 18:29:04.632,1.13843,1.13857,1.00,1.12
2017.05.04 18:29:04.684,1.13845,1.13857,1.00,1.12
2017.05.04 18:29:05.209,1.13845,1.13858,1.12,1.00
2017.05.04 18:29:05.525,1.13845,1.13856,1.12,1.00
2017.05.04 18:29:08.384,1.13845,1.13858,1.31,1.50
2017.05.04 18:29:08.437,1.13846,1.1386,1.25,1.00
2017.05.04 18:29:08.591,1.13846,1.13861,2.00,1.50
2017.05.04 18:29:10.520,1.13847,1.1386,1.75,1.00
2017.05.04 18:29:10.924,1.13846,1.13858,1.87,1.00
2017.05.04 18:29:11.656,1.13846,1.13857,1.87,1.00
2017.05.04 18:29:13.323,1.13854,1.13864,1.00,1.87
2017.05.04 18:29:13.523,1.13854,1.13867,1.00,1.00
2017.05.04 18:29:14.530,1.13856,1.13867,1.00,1.00
2017.05.04 18:29:15.025,1.13857,1.1387,1.50,1.00
2017.05.04 18:29:15.341,1.1386,1.13869,1.00,1.00
2017.05.04 18:29:15.949,1.13858,1.1387,1.37,1.00
2017.05.04 18:29:16.458,1.13858,1.13871,1.69,1.50
2017.05.04 18:29:16.803,1.13858,1.13869,1.69,1.00
2017.05.04 18:29:17.284,1.1386,1.13872,1.00,1.00
2017.05.04 18:29:17.489,1.1386,1.13873,1.50,1.50
2017.05.04 18:29:18.210,1.13862,1.13876,1.12,1.50
2017.05.04 18:29:18.262,1.13862,1.13876,2.25,1.50
2017.05.04 18:29:18.860,1.13866,1.13878,1.19,1.37
2017.05.04 18:29:18.915,1.13866,1.1388,1.31,1.12
2017.05.04 18:29:19.068,1.13866,1.13878,1.31,1.00
2017.05.04 18:29:19.509,1.13865,1.13876,2.25,1.00
2017.05.04 18:29:20.083,1.13863,1.13876,2.25,1.00
2017.05.04 18:29:21.016,1.13864,1.13877,1.81,1.00
2017.05.04 18:29:21.506,1.13863,1.13874,1.50,1.00
2017.05.04 18:29:22.309,1.13862,1.13873,1.75,1.00
2017.05.04 18:29:22.462,1.13861,1.13873,1.25,1.00
2017.05.04 18:29:23.276,1.13861,1.13874,2.06,1.00
2017.05.04 18:29:23.429,1.13861,1.13874,4.50,1.00
2017.05.04 18:29:24.091,1.13861,1.13873,2.44,1.00
2017.05.04 18:29:24.582,1.13861,1.1387,1.75,1.00
2017.05.04 18:29:24.634,1.13859,1.13872,1.50,1.00
2017.05.04 18:29:24.686,1.13862,1.13874,1.50,1.00
2017.05.04 18:29:24.831,1.13862,1.13877,1.50,1.87
2017.05.04 18:29:25.036,1.13862,1.13875,2.25,1.00
2017.05.04 18:29:25.138,1.13861,1.13874,1.69,1.00
2017.05.04 18:29:25.650,1.13861,1.13873,1.25,1.00
2017.05.04 18:29:25.804,1.13861,1.13871,1.00,1.00
2017.05.04 18:29:25.855,1.13859,1.13873,2.44,1.00
2017.05.04 18:29:26.111,1.13859,1.13871,2.44,1.00
2017.05.04 18:29:26.767,1.13858,1.13872,3.00,1.00
2017.05.04 18:29:27.084,1.1386,1.13875,1.25,1.50
2017.05.04 18:29:28.072,1.13861,1.13875,1.00,1.50
2017.05.04 18:29:28.223,1.13862,1.13875,1.50,1.00
2017.05.04 18:29:28.748,1.13861,1.13876,3.37,1.00
2017.05.04 18:29:29.818,1.13862,1.13877,2.44,1.50
2017.05.04 18:29:30.359,1.13861,1.13876,3.56,1.00
2017.05.04 18:29:31.021,1.13862,1.13877,2.25,1.00
2017.05.04 18:29:31.575,1.13863,1.13878,2.25,1.12
2017.05.04 18:29:31.886,1.13862,1.13876,1.87,1.12
2017.05.04 18:29:33.158,1.13861,1.13875,2.81,1.00
2017.05.04 18:29:33.800,1.13861,1.13876,2.81,1.00
2017.05.04 18:29:34.107,1.13868,1.13882,1.00,1.12
2017.05.04 18:29:34.159,1.13868,1.13883,1.12,2.06
2017.05.04 18:29:34.720,1.13869,1.13883,1.00,1.12
2017.05.04 18:29:35.560,1.13868,1.13884,3.19,1.69
2017.05.04 18:29:38.102,1.13868,1.13882,1.00,1.00
2017.05.04 18:29:38.255,1.1387,1.13881,1.00,1.00
2017.05.04 18:29:40.124,1.13872,1.13885,1.00,3.56
2017.05.04 18:29:40.626,1.13871,1.13883,1.00,1.12
2017.05.04 18:29:41.267,1.13869,1.13882,1.00,1.00
2017.05.04 18:29:41.799,1.13868,1.13882,1.12,1.00
2017.05.04 18:29:42.587,1.13871,1.13882,1.00,1.12
2017.05.04 18:29:43.092,1.1387,1.13882,1.00,1.12
2017.05.04 18:29:44.193,1.13871,1.13882,1.00,1.00
2017.05.04 18:29:44.783,1.13872,1.13882,1.00,1.69
2017.05.04 18:29:45.317,1.13872,1.13882,1.00,1.25
2017.05.04 18:29:45.470,1.13869,1.13881,1.12,1.12
2017.05.04 18:29:45.992,1.1387,1.13881,1.00,1.12
2017.05.04 18:29:46.765,1.1387,1.1388,1.00,1.00
2017.05.04 18:29:47.316,1.13869,1.1388,1.12,1.00
2017.05.04 18:29:47.916,1.13869,1.13881,1.00,1.50
2017.05.04 18:29:48.712,1.13866,1.13878,1.12,1.37
2017.05.04 18:29:49.043,1.13864,1.13875,1.00,1.00
2017.05.04 18:29:49.787,1.13864,1.13876,1.00,1.00
2017.05.04 18:29:50.767,1.13863,1.13876,1.00,1.12
2017.05.04 18:29:51.281,1.13864,1.13875,1.00,1.00
2017.05.04 18:29:51.876,1.13864,1.13878,1.00,1.87
2017.05.04 18:29:52.410,1.13865,1.13878,1.00,1.12
2017.05.04 18:29:52.925,1.13866,1.13878,1.00,1.12
2017.05.04 18:29:53.550,1.13865,1.13878,1.00,1.12
2017.05.04 18:29:53.955,1.13867,1.13879,1.00,1.87
2017.05.04 18:29:54.210,1.13865,1.13879,1.50,1.00
2017.05.04 18:29:54.466,1.13863,1.13876,1.87,1.37
2017.05.04 18:29:54.518,1.13863,1.13876,1.12,1.37
2017.05.04 18:29:55.073,1.13862,1.13875,1.50,1.00
2017.05.04 18:29:59.086,1.13859,1.13873,1.31,1.37
2017.05.04 18:29:59.695,1.13858,1.13873,3.00,1.50
2017.05.04 18:30:00.256,1.13862,1.13875,1.00,2.81
2017.05.04 18:30:00.307,1.13859,1.13872,2.25,1.00
2017.05.04 18:30:01.087,1.13857,1.13871,1.50,1.37
2017.05.04 18:30:01.600,1.13857,1.13871,1.00,1.50
2017.05.04 18:30:02.399,1.13855,1.13871,1.50,2.06
2017.05.04 18:30:02.503,1.13857,1.13871,1.00,1.69
2017.05.04 18:30:02.809,1.13856,1.13868,1.00,1.00
2017.05.04 18:30:03.504,1.13854,1.13868,1.50,1.50
2017.05.04 18:30:04.044,1.13856,1.13869,1.00,1.00
2017.05.04 18:30:04.587,1.13854,1.13867,1.87,1.00
2017.05.04 18:30:05.120,1.13854,1.13867,1.00,1.12
2017.05.04 18:30:06.139,1.1386,1.13869,1.00,1.37
2017.05.04 18:30:06.242,1.13861,1.13871,1.87,1.50
2017.05.04 18:30:06.360,1.13863,1.13875,1.00,1.75
2017.05.04 18:30:06.411,1.1386,1.13874,1.50,1.00
2017.05.04 18:30:06.666,1.1386,1.13876,1.87,1.31
2017.05.04 18:30:07.126,1.13859,1.13873,1.12,1.69
2017.05.04 18:30:07.443,1.13858,1.13873,1.00,3.94
2017.05.04 18:30:07.797,1.13856,1.13871,1.12,1.12
2017.05.04 18:30:08.336,1.13854,1.1387,1.50,1.25
2017.05.04 18:30:08.872,1.13853,1.13869,3.00,1.00
2017.05.04 18:30:09.315,1.13856,1.13871,1.50,1.00
2017.05.04 18:30:09.832,1.13855,1.13869,1.12,1.62
2017.05.04 18:30:10.360,1.13856,1.13869,1.00,1.25
2017.05.04 18:30:10.878,1.13855,1.13869,1.00,3.19
2017.05.04 18:30:11.084,1.13857,1.13872,1.00,2.81
2017.05.04 18:30:11.136,1.1386,1.13872,1.00,2.06
2017.05.04 18:30:11.238,1.13858,1.13872,1.00,1.31
2017.05.04 18:30:11.340,1.1386,1.13872,1.00,1.00
2017.05.04 18:30:11.646,1.13862,1.13876,1.00,3.19
2017.05.04 18:30:12.771,1.1386,1.13874,1.00,1.69
2017.05.04 18:30:13.692,1.13859,1.13874,1.50,2.81
2017.05.04 18:30:14.216,1.13859,1.13874,1.50,2.81
2017.05.04 18:30:14.804,1.13859,1.13873,1.87,1.50
2017.05.04 18:30:14.856,1.13863,1.13874,1.00,1.12
2017.05.04 18:30:14.959,1.13864,1.13878,1.00,1.87
2017.05.04 18:30:16.409,1.13864,1.13874,1.00,1.00
2017.05.04 18:30:16.461,1.13861,1.13875,1.00,1.25
2017.05.04 18:30:16.513,1.13864,1.13875,1.00,1.25
2017.05.04 18:30:17.110,1.13864,1.13878,1.00,4.31
2017.05.04 18:30:17.416,1.13866,1.13879,1.00,1.62
2017.05.04 18:30:17.468,1.13866,1.13879,1.00,1.25
2017.05.04 18:30:17.664,1.13867,1.13881,1.00,1.50
2017.05.04 18:30:18.288,1.13867,1.1388,1.12,1.00
2017.05.04 18:30:19.514,1.13866,1.13881,1.37,1.25
2017.05.04 18:30:21.349,1.1387,1.13882,1.00,1.50
2017.05.04 18:30:21.503,1.13873,1.13886,1.00,1.00
2017.05.04 18:30:21.656,1.13873,1.13889,1.75,1.56
2017.05.04 18:30:22.243,1.13875,1.13888,1.12,1.25
2017.05.04 18:30:24.335,1.13872,1.13885,2.62,1.00
2017.05.04 18:30:26.978,1.13872,1.13886,1.87,1.00
2017.05.04 18:30:27.584,1.13873,1.13888,1.75,1.69
2017.05.04 18:30:27.897,1.13878,1.13888,1.00,1.19
2017.05.04 18:30:27.951,1.13877,1.1389,1.19,1.37
2017.05.04 18:30:28.056,1.13876,1.13891,1.50,1.87
2017.05.04 18:30:28.110,1.13874,1.13886,4.69,1.00
2017.05.04 18:30:28.227,1.13874,1.13886,1.69,1.00
2017.05.04 18:30:28.750,1.13875,1.13886,1.00,1.00
2017.05.04 18:30:29.565,1.13875,1.13887,1.00,1.00
2017.05.04 18:30:29.668,1.13876,1.13889,1.12,1.00
2017.05.04 18:30:30.224,1.13877,1.1389,1.50,1.25
2017.05.04 18:30:31.161,1.13878,1.13891,1.00,1.25
2017.05.04 18:30:31.368,1.13879,1.13893,1.00,1.25
2017.05.04 18:30:31.929,1.1388,1.13893,1.00,1.00
2017.05.04 18:30:32.535,1.1388,1.13894,1.00,1.25
2017.05.04 18:30:35.006,1.1388,1.13893,1.50,1.00
2017.05.04 18:30:35.550,1.1388,1.13894,1.50,1.00
2017.05.04 18:30:36.826,1.1388,1.13892,1.00,1.00
2017.05.04 18:30:37.583,1.1388,1.13893,1.00,1.00
2017.05.04 18:30:38.527,1.13881,1.13896,1.00,2.44
2017.05.04 18:30:38.578,1.13883,1.13896,1.00,2.25
2017.05.04 18:30:39.126,1.13884,1.13896,1.12,1.00
2017.05.04 18:30:39.228,1.13885,1.13898,1.00,1.00
2017.05.04 18:30:39.769,1.13885,1.13898,1.50,1.50
2017.05.04 18:30:40.282,1.13884,1.13899,1.12,1.12
2017.05.04 18:30:40.871,1.13884,1.13899,1.00,1.12
2017.05.04 18:30:42.079,1.13886,1.13898,1.00,1.00
2017.05.04 18:30:42.669,1.13886,1.13895,1.00,1.00
2017.05.04 18:30:43.046,1.13886,1.13897,1.00,1.00
2017.05.04 18:30:43.201,1.13886,1.13895,1.37,1.00
2017.05.04 18:30:43.355,1.13886,1.13897,1.37,1.00
2017.05.04 18:30:43.930,1.13886,1.13896,1.37,1.00
2017.05.04 18:30:45.191,1.1389,1.13899,1.00,1.00
2017.05.04 18:30:45.294,1.1389,1.13901,1.00,1.00
2017.05.04 18:30:45.601,1.13891,1.13902,1.50,1.00
2017.05.04 18:30:46.109,1.13891,1.13903,1.87,1.00
2017.05.04 18:30:46.474,1.1389,1.139,1.75,1.00
2017.05.04 18:30:47.116,1.13887,1.13897,2.62,1.00
2017.05.04 18:30:47.167,1.13888,1.13897,1.00,1.00
2017.05.04 18:30:47.269,1.13888,1.13895,1.00,1.00
2017.05.04 18:30:47.496,1.13888,1.13897,1.00,1.00
2017.05.04 18:30:47.701,1.13886,1.13896,1.00,1.00
2017.05.04 18:30:48.866,1.13884,1.13895,1.12,1.00
2017.05.04 18:30:49.405,1.13885,1.13895,1.00,1.00
2017.05.04 18:30:50.089,1.13882,1.13894,1.12,1.87
2017.05.04 18:30:50.681,1.13884,1.13895,1.00,1.00
2017.05.04 18:30:51.358,1.13883,1.13895,1.50,1.00
2017.05.04 18:30:51.935,1.13884,1.13896,1.00,1.00
2017.05.04 18:30:52.191,1.13884,1.13893,1.50,1.00
2017.05.04 18:30:52.363,1.13882,1.13894,1.00,1.00
2017.05.04 18:30:55.381,1.13883,1.13894,1.00,1.00
2017.05.04 18:30:55.533,1.13881,1.13894,3.00,1.00
2017.05.04 18:30:56.076,1.13881,1.13894,3.37,1.00
2017.05.04 18:30:56.267,1.13884,1.13894,1.50,1.00
2017.05.04 18:30:56.790,1.13884,1.13894,2.62,1.00
2017.05.04 18:30:58.803,1.13884,1.13896,1.87,1.50
2017.05.04 18:30:59.436,1.13884,1.13897,1.50,1.00
2017.05.04 18:31:00.169,1.13882,1.13896,3.00,1.00
2017.05.04 18:31:00.324,1.13882,1.13895,1.87,1.00
2017.05.04 18:31:00.907,1.13882,1.13895,1.50,1.12
2017.05.04 18:31:00.958,1.13882,1.13895,1.87,1.12
2017.05.04 18:31:01.522,1.13883,1.13894,1.37,1.00
2017.05.04 18:31:02.035,1.13883,1.13895,1.37,1.00
2017.05.04 18:31:05.655,1.13882,1.13894,1.75,1.00
2017.05.04 18:31:07.643,1.13881,1.13895,2.62,1.00
2017.05.04 18:31:09.739,1.13881,1.13894,1.75,1.50
2017.05.04 18:31:09.842,1.13881,1.13894,1.00,1.50
2017.05.04 18:31:10.873,1.13881,1.13896,1.50,1.25
2017.05.04 18:31:10.925,1.13881,1.13894,1.50,1.00
2017.05.04 18:31:11.793,1.13885,1.13898,1.00,1.87
2017.05.04 18:31:12.357,1.13885,1.13898,1.12,1.00
2017.05.04 18:31:13.660,1.13887,1.13898,1.00,1.00
2017.05.04 18:31:13.763,1.13887,1.139,1.00,1.87
2017.05.04 18:31:14.025,1.13887,1.13895,1.00,1.00
2017.05.04 18:31:14.076,1.13887,1.13897,1.00,1.00
2017.05.04 18:31:14.179,1.13883,1.13897,1.50,1.00
2017.05.04 18:31:14.487,1.13883,1.13897,1.87,1.00
2017.05.04 18:31:15.039,1.13883,1.13896,2.62,1.00
2017.05.04 18:31:15.156,1.13888,1.13899,1.00,1.00
2017.05.04 18:31:15.310,1.1389,1.13899,1.00,1.00
2017.05.04 18:31:15.639,1.1389,1.13902,1.00,1.12
2017.05.04 18:31:16.181,1.13889,1.13901,1.00,1.12
2017.05.04 18:31:16.233,1.13887,1.13901,1.00,1.12
2017.05.04 18:31:16.734,1.13886,1.13901,1.50,1.87
2017.05.04 18:31:17.262,1.13886,1.139,1.50,1.00
2017.05.04 18:31:17.315,1.13886,1.13898,1.50,1.00
2017.05.04 18:31:19.736,1.13884,1.13896,2.25,1.00
2017.05.04 18:31:21.206,1.13883,1.13895,2.92,1.00
2017.05.04 18:31:22.045,1.13883,1.13893,1.75,1.00
2017.05.04 18:31:22.350,1.13883,1.13897,1.75,1.12
2017.05.04 18:31:22.956,1.13883,1.13898,1.75,1.31
2017.05.04 18:31:25.806,1.13882,1.13897,2.25,1.50
2017.05.04 18:31:25.908,1.13882,1.13896,1.12,1.37
2017.05.04 18:31:25.996,1.13881,1.13896,3.37,1.37
2017.05.04 18:31:26.047,1.13881,1.13896,3.00,1.37
2017.05.04 18:31:26.479,1.13881,1.13896,3.00,1.37
2017.05.04 18:31:26.582,1.13882,1.13896,1.37,1.37
2017.05.04 18:31:26.633,1.13882,1.13896,1.00,1.37
2017.05.04 18:31:26.979,1.13881,1.13896,3.37,1.37
2017.05.04 18:31:29.097,1.13885,1.13896,1.00,2.62
2017.05.04 18:31:30.307,1.13885,1.13896,1.00,1.87
2017.05.04 18:31:31.125,1.13885,1.13896,1.00,1.87
2017.05.04 18:31:32.449,1.13885,1.13895,1.00,1.37
2017.05.04 18:31:32.552,1.13882,1.13895,1.50,1.62
2017.05.04 18:31:33.236,1.13882,1.13895,1.50,1.00
2017.05.04 18:31:33.898,1.13882,1.13896,1.50,1.12
2017.05.04 18:31:34.408,1.13882,1.13894,1.50,1.00
2017.05.04 18:31:34.561,1.13881,1.13895,1.00,2.81
2017.05.04 18:31:34.847,1.13878,1.13892,1.00,1.56
2017.05.04 18:31:35.052,1.13878,1.13889,1.00,1.00
2017.05.04 18:31:35.754,1.1388,1.13889,1.00,1.00
2017.05.04 18:31:35.856,1.1388,1.13893,1.50,1.75
2017.05.04 18:31:35.959,1.1388,1.13893,1.50,1.00
2017.05.04 18:31:36.598,1.13881,1.13894,1.00,1.25
2017.05.04 18:31:37.404,1.1388,1.13894,1.00,1.25
2017.05.04 18:31:37.456,1.13879,1.13894,1.12,1.72
2017.05.04 18:31:39.239,1.13879,1.13893,1.00,1.12
2017.05.04 18:31:41.532,1.13885,1.13893,1.00,1.25
2017.05.04 18:31:41.840,1.13894,1.13904,1.00,2.19
2017.05.04 18:31:41.943,1.13896,1.13904,1.00,1.19
2017.05.04 18:31:43.002,1.13896,1.13905,1.00,1.50
2017.05.04 18:31:43.104,1.13897,1.13905,1.00,1.25
2017.05.04 18:31:43.644,1.13897,1.13904,1.00,1.00
2017.05.04 18:31:46.551,1.13897,1.13904,1.00,1.19
2017.05.04 18:31:47.054,1.13893,1.13902,1.00,1.56
2017.05.04 18:31:47.157,1.13894,1.13903,1.00,1.31
2017.05.04 18:31:47.343,1.13892,1.13903,1.00,1.31
2017.05.04 18:31:47.845,1.13891,1.13903,1.12,1.56
2017.05.04 18:31:48.368,1.13892,1.13903,1.00,1.19
2017.05.04 18:31:48.474,1.1389,1.13901,1.00,1.00
2017.05.04 18:31:48.577,1.13888,1.13899,1.00,1.87
2017.05.04 18:31:48.628,1.13886,1.13897,1.50,1.12
2017.05.04 18:31:48.679,1.13885,1.13896,1.50,1.37
2017.05.04 18:31:49.186,1.13886,1.13896,1.00,1.00
2017.05.04 18:31:49.968,1.13885,1.13895,1.00,1.00
2017.05.04 18:31:50.639,1.13885,1.13896,1.00,1.00
2017.05.04 18:31:51.629,1.13886,1.13898,1.00,1.50
2017.05.04 18:31:51.885,1.13888,1.13901,1.50,1.37
2017.05.04 18:31:52.042,1.13892,1.13906,1.50,2.25
2017.05.04 18:31:52.094,1.13892,1.13904,1.87,1.00
2017.05.04 18:31:52.196,1.13892,1.13906,2.25,1.00
2017.05.04 18:31:52.298,1.13892,1.13902,1.12,1.00
2017.05.04 18:31:52.401,1.1389,1.13902,1.50,1.00
2017.05.04 18:31:52.948,1.1389,1.13903,1.12,1.87
2017.05.04 18:31:52.999,1.1389,1.139,1.12,1.00
2017.05.04 18:31:53.892,1.1389,1.13902,1.50,1.00
2017.05.04 18:31:53.943,1.13892,1.13905,1.00,1.00
2017.05.04 18:31:54.460,1.13893,1.13906,1.00,1.00
2017.05.04 18:31:54.966,1.13894,1.13908,1.12,2.25
2017.05.04 18:31:55.484,1.13894,1.13908,1.00,1.50
2017.05.04 18:31:56.004,1.13895,1.13908,1.00,1.00
2017.05.04 18:31:57.252,1.13895,1.13907,1.00,1.00
2017.05.04 18:31:57.763,1.13894,1.13907,1.00,1.50
2017.05.04 18:31:58.106,1.13892,1.13898,1.12,1.12
2017.05.04 18:31:58.260,1.13883,1.13896,1.00,1.12
2017.05.04 18:31:58.788,1.13882,1.13897,1.00,1.37
2017.05.04 18:31:58.840,1.13885,1.13898,1.12,1.00
2017.05.04 18:31:58.993,1.13883,1.13898,1.00,1.87
2017.05.04 18:31:59.531,1.13883,1.13897,1.12,1.37
2017.05.04 18:31:59.889,1.13881,1.13893,1.50,1.00
2017.05.04 18:32:00.413,1.1388,1.13892,1.75,1.00
2017.05.04 18:32:00.567,1.13877,1.13891,1.50,1.00
2017.05.04 18:32:01.090,1.1388,1.13895,1.00,1.87
2017.05.04 18:32:01.193,1.13883,1.13896,1.00,1.50
2017.05.04 18:32:01.728,1.13882,1.13896,1.00,1.50
2017.05.04 18:32:02.097,1.13883,1.13897,1.00,1.00
2017.05.04 18:32:03.119,1.13883,1.13895,1.00,1.00
2017.05.04 18:32:03.637,1.13882,1.13895,1.00,1.00
2017.05.04 18:32:04.729,1.13881,1.13892,1.00,1.00
2017.05.04 18:32:04.901,1.13879,1.13892,1.50,1.00
2017.05.04 18:32:05.770,1.13879,1.13891,1.12,1.00
2017.05.04 18:32:06.989,1.13879,1.13893,1.12,1.00
2017.05.04 18:32:07.143,1.1388,1.13895,1.87,1.50
2017.05.04 18:32:07.297,1.13881,1.13895,2.62,1.00
2017.05.04 18:32:07.826,1.13883,1.13895,1.12,1.00
2017.05.04 18:32:08.355,1.13881,1.13896,2.25,1.50
2017.05.04 18:32:09.200,1.13881,1.13895,1.50,1.00
2017.05.04 18:32:09.938,1.13881,1.13894,1.69,1.00
2017.05.04 18:32:11.624,1.13886,1.13898,1.00,1.50
2017.05.04 18:32:12.145,1.13886,1.13898,1.00,1.00
2017.05.04 18:32:13.546,1.13884,1.13898,1.00,1.00
2017.05.04 18:32:15.954,1.13884,1.13898,1.00,2.62
2017.05.04 18:32:17.583,1.13884,1.13897,1.50,1.12
2017.05.04 18:32:18.388,1.13884,1.13897,1.50,1.37
2017.05.04 18:32:19.381,1.13884,1.13895,1.50,1.00
2017.05.04 18:32:19.764,1.13882,1.13895,1.50,1.12
2017.05.04 18:32:20.368,1.13882,1.13895,1.00,1.37
2017.05.04 18:32:20.880,1.13882,1.13893,1.00,1.00
2017.05.04 18:32:21.060,1.1388,1.13892,1.00,1.00
2017.05.04 18:32:22.053,1.1388,1.13891,1.00,1.00
2017.05.04 18:32:23.494,1.1388,1.13893,1.00,1.00
2017.05.04 18:32:26.397,1.13881,1.13896,1.50,1.50
2017.05.04 18:32:26.449,1.13883,1.13896,1.00,1.00
2017.05.04 18:32:26.942,1.13885,1.13898,1.50,1.00
2017.05.04 18:32:27.299,1.13887,1.13898,1.00,1.00
2017.05.04 18:32:29.207,1.1389,1.13901,1.00,2.25
2017.05.04 18:32:29.361,1.13892,1.13902,1.00,1.50
2017.05.04 18:32:29.845,1.13894,1.13905,1.00,1.37
2017.05.04 18:32:29.896,1.13891,1.13902,1.00,1.00
2017.05.04 18:32:30.203,1.13893,1.13906,1.00,2.25
2017.05.04 18:32:30.357,1.13893,1.13906,1.00,1.00
2017.05.04 18:32:30.680,1.13895,1.13906,1.00,1.00
2017.05.04 18:32:31.170,1.13891,1.13903,1.50,1.12
2017.05.04 18:32:31.324,1.1389,1.13903,1.00,1.62
2017.05.04 18:32:31.922,1.1389,1.13901,1.00,1.00
2017.05.04 18:32:32.165,1.13888,1.13901,2.25,1.00
2017.05.04 18:32:33.635,1.13888,1.13902,2.25,1.12
2017.05.04 18:32:34.155,1.13889,1.13902,1.00,1.12
2017.05.04 18:32:35.594,1.13888,1.13898,1.00,1.00
2017.05.04 18:32:35.747,1.13886,1.139,1.50,1.00
2017.05.04 18:32:35.901,1.13888,1.139,1.00,1.00
2017.05.04 18:32:36.544,1.13887,1.139,1.00,1.00
2017.05.04 18:32:37.203,1.13888,1.13901,1.00,1.00
2017.05.04 18:32:38.628,1.13889,1.13902,1.00,1.00
2017.05.04 18:32:39.202,1.13888,1.13901,1.00,1.00
2017.05.04 18:32:39.913,1.13888,1.13902,1.00,1.50
2017.05.04 18:32:40.524,1.13887,1.13902,1.87,1.50
2017.05.04 18:32:41.394,1.13889,1.13904,1.00,1.50
2017.05.04 18:32:41.702,1.13891,1.13904,1.00,1.00
2017.05.04 18:32:42.177,1.1389,1.13903,1.12,1.37
2017.05.04 18:32:42.381,1.13888,1.13903,2.25,1.12
2017.05.04 18:32:42.933,1.13888,1.13901,2.25,1.00
2017.05.04 18:32:47.510,1.13888,1.13902,1.50,2.62
2017.05.04 18:32:51.219,1.13892,1.13903,1.00,1.12
2017.05.04 18:32:51.321,1.1389,1.13903,1.69,1.12
2017.05.04 18:32:51.689,1.1389,1.13902,1.50,2.62
2017.05.04 18:32:52.375,1.13888,1.139,1.00,2.62
2017.05.04 18:32:52.862,1.13887,1.13895,1.12,1.00
2017.05.04 18:32:53.017,1.13881,1.13892,1.00,2.62
2017.05.04 18:32:53.272,1.13881,1.13892,1.00,1.12
2017.05.04 18:32:55.218,1.13881,1.13893,1.00,3.37
2017.05.04 18:32:55.762,1.13881,1.13893,1.00,1.87
2017.05.04 18:33:00.603,1.13881,1.13886,1.00,1.00
2017.05.04 18:33:00.655,1.13877,1.13886,1.50,1.50
2017.05.04 18:33:00.805,1.13875,1.13886,1.00,1.50
2017.05.04 18:33:00.911,1.13873,1.13886,1.00,1.50
2017.05.04 18:33:01.594,1.13874,1.13887,1.00,2.62
2017.05.04 18:33:03.783,1.13874,1.13887,1.00,2.62
2017.05.04 18:33:04.352,1.13874,1.13887,1.00,2.62
2017.05.04 18:33:05.290,1.13874,1.13886,1.87,1.00
2017.05.04 18:33:06.049,1.13873,1.13886,1.50,1.87
2017.05.04 18:33:06.580,1.13874,1.13885,1.00,1.00
2017.05.04 18:33:14.210,1.13874,1.13884,1.00,1.00
2017.05.04 18:33:14.873,1.13874,1.13886,1.00,1.12
2017.05.04 18:33:16.998,1.13874,1.13887,1.00,2.25
2017.05.04 18:33:17.100,1.13876,1.13887,1.00,1.00
2017.05.04 18:33:19.282,1.13877,1.13888,1.00,1.00
2017.05.04 18:33:19.334,1.13878,1.1389,1.00,1.12
2017.05.04 18:33:22.012,1.13876,1.1389,1.50,2.25
2017.05.04 18:33:22.064,1.13876,1.13887,1.00,1.00
2017.05.04 18:33:22.370,1.13874,1.13887,1.50,1.50
2017.05.04 18:33:23.464,1.13874,1.13886,1.00,1.87
2017.05.04 18:33:24.002,1.13872,1.13885,1.37,1.12
2017.05.04 18:33:24.054,1.13871,1.13885,1.50,1.00
2017.05.04 18:33:26.585,1.13871,1.13884,1.00,1.00
2017.05.04 18:33:27.061,1.13869,1.1388,1.50,1.12
2017.05.04 18:33:27.163,1.13868,1.1388,1.50,1.37
2017.05.04 18:33:27.266,1.13866,1.13879,1.50,1.87
2017.05.04 18:33:28.387,1.13867,1.13879,1.00,1.50
2017.05.04 18:33:28.443,1.13865,1.13879,1.50,1.50
2017.05.04 18:33:29.126,1.13869,1.13881,1.00,1.12
2017.05.04 18:33:29.706,1.13869,1.13882,1.50,1.00
2017.05.04 18:33:30.025,1.13869,1.13881,1.00,2.62
2017.05.04 18:33:30.077,1.13871,1.13884,1.00,1.50
2017.05.04 18:33:30.180,1.13875,1.13887,1.00,1.75
2017.05.04 18:33:30.282,1.13875,1.13885,1.00,1.12
2017.05.04 18:33:30.435,1.13873,1.13885,1.25,1.12
2017.05.04 18:33:32.055,1.13874,1.13887,1.69,4.12
2017.05.04 18:33:32.210,1.13876,1.13888,1.50,1.87
2017.05.04 18:33:32.415,1.13878,1.13891,1.00,1.12
2017.05.04 18:33:32.953,1.13876,1.1389,1.69,1.87
2017.05.04 18:33:33.554,1.13876,1.13888,1.25,1.00
2017.05.04 18:33:34.267,1.13876,1.13887,1.25,1.87
2017.05.04 18:33:34.814,1.13875,1.13887,1.00,1.87
2017.05.04 18:33:36.496,1.13873,1.13881,1.00,1.12
2017.05.04 18:33:36.599,1.13868,1.13879,2.25,1.00
2017.05.04 18:33:37.159,1.13867,1.1388,1.12,1.00
2017.05.04 18:33:37.798,1.13866,1.13878,4.31,1.00
2017.05.04 18:33:38.105,1.13864,1.13875,2.62,1.00
2017.05.04 18:33:38.208,1.13862,1.13874,2.44,1.00
2017.05.04 18:33:38.412,1.13862,1.13874,1.69,1.00
2017.05.04 18:33:39.130,1.13862,1.13876,1.69,2.25
2017.05.04 18:33:40.492,1.13861,1.13874,1.00,1.00
2017.05.04 18:33:41.041,1.13861,1.13875,1.00,1.87
2017.05.04 18:33:41.549,1.13861,1.13874,1.50,1.00
2017.05.04 18:33:41.602,1.13864,1.13876,1.50,1.50
2017.05.04 18:33:43.343,1.13863,1.13874,1.00,1.00
2017.05.04 18:33:43.701,1.13861,1.13872,1.00,1.00
2017.05.04 18:33:44.296,1.1386,1.13871,1.00,1.00
2017.05.04 18:33:47.383,1.13858,1.13871,1.87,1.50
2017.05.04 18:33:47.930,1.13858,1.13871,1.87,1.00
2017.05.04 18:33:48.237,1.1386,1.13873,1.25,1.87
2017.05.04 18:33:48.874,1.13861,1.13874,1.00,2.25
2017.05.04 18:33:50.436,1.13859,1.13872,1.00,1.50
2017.05.04 18:33:50.728,1.13861,1.13874,1.69,2.25
2017.05.04 18:33:52.546,1.13863,1.13876,1.87,2.25
2017.05.04 18:33:52.676,1.13863,1.13876,2.44,1.50
2017.05.04 18:33:53.186,1.13862,1.13875,1.50,1.12
2017.05.04 18:33:54.474,1.13865,1.13875,1.00,1.12
2017.05.04 18:33:56.531,1.13864,1.13875,1.00,1.12
2017.05.04 18:33:57.926,1.13865,1.13876,1.00,1.50
2017.05.04 18:33:58.442,1.13864,1.13875,1.00,1.12
2017.05.04 18:33:59.034,1.13864,1.13874,1.00,1.00
2017.05.04 18:33:59.816,1.13862,1.13874,1.00,1.00
2017.05.04 18:34:00.251,1.1386,1.1387,1.00,1.00
2017.05.04 18:34:00.563,1.13858,1.13869,1.00,1.75
2017.05.04 18:34:01.536,1.1386,1.1387,1.37,2.25
2017.05.04 18:34:01.755,1.13861,1.13874,1.00,2.25
2017.05.04 18:34:02.165,1.13862,1.13873,1.12,1.37
2017.05.04 18:34:02.270,1.1386,1.13873,1.00,1.12
2017.05.04 18:34:02.322,1.13859,1.1387,1.12,1.00
2017.05.04 18:34:02.629,1.13859,1.13868,1.00,1.00
2017.05.04 18:34:02.732,1.13859,1.1387,1.00,1.00
2017.05.04 18:34:03.648,1.13859,1.13872,1.87,1.00
2017.05.04 18:34:03.700,1.13863,1.13872,1.00,1.00
2017.05.04 18:34:03.854,1.13864,1.13876,1.00,1.00
2017.05.04 18:34:04.381,1.13863,1.13875,1.00,1.00
2017.05.04 18:34:04.745,1.13863,1.13879,2.81,2.25
2017.05.04 18:34:05.087,1.13863,1.13876,1.50,1.00
2017.05.04 18:34:06.494,1.13863,1.13876,1.00,1.37
2017.05.04 18:34:06.843,1.13865,1.13876,1.00,1.75
2017.05.04 18:34:09.114,1.13863,1.13876,1.00,1.75
2017.05.04 18:34:10.064,1.13862,1.13874,1.12,1.12
2017.05.04 18:34:12.066,1.13865,1.13876,1.12,1.75
2017.05.04 18:34:14.421,1.13864,1.13879,4.12,1.75
2017.05.04 18:34:14.472,1.13864,1.13879,4.12,1.50
2017.05.04 18:34:14.575,1.13864,1.13879,2.25,1.50
2017.05.04 18:34:14.926,1.13866,1.13877,1.00,1.12
2017.05.04 18:34:15.435,1.13865,1.13876,1.00,1.00
2017.05.04 18:34:18.680,1.13865,1.13879,1.00,1.12
2017.05.04 18:34:19.390,1.13866,1.13879,1.00,1.12
2017.05.04 18:34:22.366,1.13869,1.13882,1.00,2.25
2017.05.04 18:34:22.633,1.13869,1.13882,1.00,1.50
2017.05.04 18:34:26.454,1.13871,1.13882,1.50,1.00
2017.05.04 18:34:26.690,1.13872,1.13885,1.00,1.50
2017.05.04 18:34:28.284,1.13876,1.13885,1.00,1.00
2017.05.04 18:34:28.387,1.13874,1.13885,1.00,1.00
2017.05.04 18:34:29.097,1.13873,1.13882,1.00,1.00
2017.05.04 18:34:29.148,1.13871,1.13882,1.00,1.00
2017.05.04 18:34:30.059,1.13871,1.13881,1.00,1.00
2017.05.04 18:34:30.261,1.13869,1.13879,1.25,1.00
2017.05.04 18:34:30.313,1.13867,1.13879,1.00,1.00
2017.05.04 18:34:30.365,1.1387,1.13882,1.00,1.50
2017.05.04 18:34:32.038,1.13872,1.13883,1.00,1.00
2017.05.04 18:34:32.895,1.13872,1.13885,1.00,1.50
2017.05.04 18:34:33.401,1.13873,1.13886,1.00,2.25
2017.05.04 18:34:33.504,1.13873,1.13886,1.00,1.00
2017.05.04 18:34:34.018,1.13875,1.13888,1.50,1.50
2017.05.04 18:34:34.325,1.13877,1.1389,1.50,2.25
2017.05.04 18:34:35.159,1.13873,1.13886,2.06,1.00
2017.05.04 18:34:35.315,1.13876,1.13887,1.00,1.12
2017.05.04 18:34:35.831,1.13875,1.13887,1.50,1.12
2017.05.04 18:34:36.992,1.13876,1.13889,1.00,1.75
2017.05.04 18:34:37.659,1.13875,1.13888,1.00,1.87
2017.05.04 18:34:37.711,1.13873,1.13887,2.06,1.50
2017.05.04 18:34:38.288,1.13874,1.13889,1.50,1.75
2017.05.04 18:34:38.790,1.13873,1.13886,1.25,1.00
2017.05.04 18:34:39.333,1.13873,1.13885,1.69,1.50
2017.05.04 18:34:39.702,1.13871,1.13885,1.00,1.00
2017.05.04 18:34:41.123,1.13873,1.13885,1.00,1.00
2017.05.04 18:34:41.486,1.13875,1.13885,1.00,1.00
2017.05.04 18:34:41.856,1.13873,1.13886,1.00,1.00
2017.05.04 18:34:42.336,1.13876,1.13888,1.00,1.50
2017.05.04 18:34:42.489,1.13874,1.13888,1.00,1.50
2017.05.04 18:34:43.002,1.13875,1.13888,1.00,1.00
2017.05.04 18:34:43.289,1.13873,1.13888,2.44,1.00
2017.05.04 18:34:43.341,1.13874,1.13889,2.25,1.75
2017.05.04 18:34:43.860,1.13875,1.13889,1.00,1.00
2017.05.04 18:34:44.400,1.13875,1.1389,1.00,1.00
2017.05.04 18:34:44.989,1.13875,1.13889,1.00,1.00
2017.05.04 18:34:45.539,1.13876,1.13889,1.00,1.00
2017.05.04 18:34:45.693,1.13874,1.13882,1.00,1.00
2017.05.04 18:34:45.745,1.13869,1.13882,1.50,1.37
2017.05.04 18:34:46.276,1.13869,1.13882,1.00,3.00
2017.05.04 18:34:46.696,1.13867,1.13881,1.50,1.37
2017.05.04 18:34:47.441,1.13867,1.13878,1.00,1.00
2017.05.04 18:34:47.646,1.13868,1.1388,1.00,1.00
2017.05.04 18:34:47.698,1.13867,1.13882,1.00,1.87
2017.05.04 18:34:47.902,1.13869,1.13882,1.00,1.87
2017.05.04 18:34:48.236,1.1387,1.13885,1.00,3.37
2017.05.04 18:34:48.441,1.13871,1.13886,2.25,1.00
2017.05.04 18:34:48.967,1.13871,1.13886,1.69,1.87
2017.05.04 18:34:49.588,1.13872,1.13886,1.00,1.12
2017.05.04 18:34:49.956,1.13871,1.13883,1.87,1.00
2017.05.04 18:34:50.626,1.13871,1.13884,1.50,1.50
2017.05.04 18:34:51.809,1.13871,1.13883,1.00,1.00
2017.05.04 18:34:52.316,1.13871,1.13882,1.00,1.00
2017.05.04 18:34:52.959,1.13871,1.13884,1.00,2.25
2017.05.04 18:34:53.011,1.13869,1.13883,1.00,1.00
2017.05.04 18:34:53.911,1.13869,1.13883,1.00,1.37
2017.05.04 18:34:56.206,1.13869,1.13883,1.00,1.50
2017.05.04 18:34:56.938,1.1387,1.13883,1.00,1.00
2017.05.04 18:34:57.193,1.13869,1.13881,1.00,1.00
2017.05.04 18:34:57.539,1.13872,1.13884,1.50,1.50
2017.05.04 18:34:57.888,1.13872,1.13882,1.50,1.00
2017.05.04 18:34:58.442,1.13872,1.13883,1.00,1.00
2017.05.04 18:35:00.117,1.13869,1.1388,1.87,1.00
2017.05.04 18:35:00.861,1.13869,1.13882,1.00,1.00
2017.05.04 18:35:00.912,1.13869,1.1388,1.00,1.00
2017.05.04 18:35:01.397,1.13873,1.13884,1.00,1.50
2017.05.04 18:35:01.743,1.13876,1.13885,1.12,1.00
2017.05.04 18:35:02.113,1.13875,1.13888,1.12,1.50
2017.05.04 18:35:02.620,1.13876,1.13887,1.00,1.00
2017.05.04 18:35:02.723,1.13877,1.13889,1.12,1.00
2017.05.04 18:35:03.748,1.13878,1.13889,1.00,1.00
2017.05.04 18:35:04.290,1.13878,1.1389,1.00,1.00
2017.05.04 18:35:05.209,1.13875,1.13889,3.37,1.00
2017.05.04 18:35:05.735,1.13875,1.13888,3.00,1.00
2017.05.04 18:35:06.675,1.13875,1.13888,1.50,1.00
2017.05.04 18:35:13.999,1.13876,1.13888,1.00,1.00
2017.05.04 18:35:14.050,1.13876,1.1389,1.00,1.00
2017.05.04 18:35:21.151,1.13876,1.13889,1.00,1.00
2017.05.04 18:35:22.895,1.13876,1.1389,1.00,1.00
2017.05.04 18:35:32.198,1.13876,1.1389,1.12,1.87
2017.05.04 18:35:32.720,1.13876,1.1389,1.00,2.25
2017.05.04 18:35:34.283,1.13876,1.1389,1.00,1.00
2017.05.04 18:35:37.790,1.13877,1.1389,1.00,1.00
2017.05.04 18:35:38.345,1.13877,1.13889,1.00,1.00
2017.05.04 18:35:39.098,1.13878,1.13889,1.00,1.00
2017.05.04 18:35:39.429,1.13878,1.13891,1.00,1.00
2017.05.04 18:35:39.634,1.13878,1.13888,1.50,1.00
2017.05.04 18:35:40.653,1.13878,1.13889,1.50,1.00
2017.05.04 18:35:41.204,1.13879,1.1389,1.00,1.00
2017.05.04 18:35:46.224,1.13877,1.13886,1.00,1.00
2017.05.04 18:35:46.276,1.13875,1.13886,1.69,1.50
2017.05.04 18:35:49.369,1.13874,1.13887,1.69,1.87
2017.05.04 18:35:49.981,1.13874,1.13886,1.25,1.50
2017.05.04 18:35:57.044,1.13874,1.13884,1.25,1.00
2017.05.04 18:35:58.655,1.13874,1.13886,1.25,1.50
2017.05.04 18:35:59.601,1.13869,1.13881,2.25,1.00
2017.05.04 18:35:59.756,1.13869,1.13881,1.12,1.00
2017.05.04 18:36:00.063,1.13867,1.13878,2.00,1.00
2017.05.04 18:36:00.115,1.13868,1.1388,1.50,1.00
2017.05.04 18:36:00.218,1.13866,1.13878,2.44,1.00
2017.05.04 18:36:02.158,1.13868,1.13881,1.50,1.00
2017.05.04 18:36:02.683,1.1387,1.1388,1.00,1.00
2017.05.04 18:36:03.139,1.13871,1.13883,1.00,1.00
2017.05.04 18:36:08.018,1.13873,1.13885,1.00,1.00
2017.05.04 18:36:08.324,1.13871,1.13884,2.44,1.00
2017.05.04 18:36:16.761,1.13872,1.13884,1.00,1.00
2017.05.04 18:36:17.962,1.13873,1.13886,1.00,1.50
2017.05.04 18:36:18.080,1.13873,1.13886,1.75,1.50
2017.05.04 18:36:18.592,1.13876,1.13887,1.00,1.00
2017.05.04 18:36:19.108,1.13875,1.13887,1.12,1.00
2017.05.04 18:36:20.801,1.13878,1.13887,1.00,1.00
2017.05.04 18:36:20.852,1.13878,1.1389,1.50,1.50
2017.05.04 18:36:21.227,1.13878,1.13891,2.06,1.50
2017.05.04 18:36:21.778,1.13877,1.13889,1.62,1.50
2017.05.04 18:36:22.290,1.13877,1.1389,1.25,1.50
2017.05.04 18:36:23.068,1.13878,1.1389,1.00,1.00
2017.05.04 18:36:23.601,1.13877,1.1389,1.25,1.00
2017.05.04 18:36:24.749,1.13878,1.1389,1.25,1.00
2017.05.04 18:36:26.246,1.13878,1.13888,1.25,1.00
2017.05.04 18:36:28.972,1.13876,1.13888,1.31,1.50
2017.05.04 18:36:29.075,1.13875,1.13885,2.25,1.00
2017.05.04 18:36:29.886,1.13875,1.13887,2.25,1.00
2017.05.04 18:36:34.769,1.13876,1.13889,2.06,1.00
2017.05.04 18:36:35.651,1.13875,1.13888,1.50,1.50
2017.05.04 18:36:36.275,1.13875,1.13888,1.00,2.25
2017.05.04 18:36:36.378,1.13874,1.13885,1.50,1.00
2017.05.04 18:36:39.589,1.13874,1.13884,1.00,1.00
2017.05.04 18:36:40.369,1.13875,1.13884,1.00,1.12
2017.05.04 18:36:40.625,1.13877,1.13887,1.25,1.00
2017.05.04 18:36:41.233,1.13876,1.13887,1.00,1.00
2017.05.04 18:36:42.179,1.13876,1.13886,1.00,1.00
2017.05.04 18:36:44.616,1.13875,1.13886,1.50,1.12
2017.05.04 18:36:45.624,1.13874,1.13886,1.00,1.00
2017.05.04 18:36:46.283,1.13874,1.13887,1.00,1.50
2017.05.04 18:36:46.791,1.13875,1.13887,1.00,1.00
2017.05.04 18:36:49.808,1.13875,1.13888,1.00,1.00
2017.05.04 18:36:49.859,1.13875,1.13886,1.00,1.00
2017.05.04 18:36:52.643,1.13874,1.13886,1.25,1.00
2017.05.04 18:36:53.377,1.13873,1.13883,1.00,1.00
2017.05.04 18:36:53.944,1.13871,1.13883,1.00,1.00
2017.05.04 18:36:56.353,1.1387,1.13883,2.06,1.00
2017.05.04 18:36:57.174,1.13874,1.13884,1.00,1.00
2017.05.04 18:36:57.277,1.13874,1.13886,1.50,1.00
2017.05.04 18:36:57.533,1.13875,1.13887,1.50,1.00
2017.05.04 18:37:00.631,1.13875,1.13884,1.50,1.00
2017.05.04 18:37:00.734,1.1387,1.13881,2.25,1.00
2017.05.04 18:37:00.929,1.1387,1.1388,1.00,1.00
2017.05.04 18:37:00.981,1.13867,1.13878,1.75,1.00
2017.05.04 18:37:01.239,1.13867,1.13878,1.00,1.00
2017.05.04 18:37:01.914,1.13867,1.13879,1.00,1.00
2017.05.04 18:37:02.426,1.13868,1.1388,1.00,1.00
2017.05.04 18:37:04.922,1.13868,1.13878,1.00,1.00
2017.05.04 18:37:05.302,1.13869,1.13881,1.69,1.00
2017.05.04 18:37:05.828,1.1387,1.13882,1.00,1.00
2017.05.04 18:37:07.861,1.1387,1.13881,1.50,1.00
2017.05.04 18:37:09.934,1.13871,1.13881,1.00,1.00
2017.05.04 18:37:10.701,1.1387,1.13881,1.00,1.00
2017.05.04 18:37:11.056,1.1387,1.13879,1.00,1.00
2017.05.04 18:37:12.157,1.13869,1.13879,2.06,1.00
2017.05.04 18:37:12.212,1.13869,1.13881,2.06,1.00
2017.05.04 18:37:13.166,1.1387,1.13881,1.00,1.00
2017.05.04 18:37:15.906,1.1387,1.13881,2.44,1.00
2017.05.04 18:37:16.418,1.1387,1.13882,2.44,1.00
2017.05.04 18:37:17.134,1.1387,1.1388,2.44,1.00
2017.05.04 18:37:17.582,1.13873,1.13884,1.00,1.00
2017.05.04 18:37:18.091,1.13873,1.13883,1.00,1.00
2017.05.04 18:37:24.337,1.13872,1.13883,1.69,1.00
2017.05.04 18:37:26.463,1.13873,1.13883,1.00,1.00
2017.05.04 18:37:26.965,1.13873,1.13883,1.37,1.00
2017.05.04 18:37:27.428,1.13873,1.13885,1.37,1.00
2017.05.04 18:37:29.089,1.13876,1.13886,1.00,1.00
2017.05.04 18:37:29.406,1.13876,1.13888,1.50,1.00
2017.05.04 18:37:29.971,1.13876,1.13889,1.50,1.00
2017.05.04 18:37:31.445,1.13876,1.13886,1.00,1.00
2017.05.04 18:37:31.701,1.13873,1.13886,1.37,1.00
2017.05.04 18:37:34.204,1.13875,1.13886,1.00,1.00
2017.05.04 18:37:37.232,1.13873,1.13886,1.87,1.00
2017.05.04 18:37:44.260,1.13874,1.13888,1.12,1.00
2017.05.04 18:37:44.396,1.13876,1.13887,1.00,1.00
2017.05.04 18:37:44.933,1.13876,1.13889,2.06,1.00
2017.05.04 18:37:45.463,1.13875,1.13888,2.44,1.00
2017.05.04 18:37:46.477,1.13877,1.13889,1.12,1.00
2017.05.04 18:37:47.880,1.13877,1.13887,1.00,1.00
2017.05.04 18:37:48.237,1.13875,1.13887,1.69,1.00
2017.05.04 18:37:48.993,1.13875,1.13886,1.69,1.00
2017.05.04 18:37:49.148,1.13872,1.13883,1.75,1.00
2017.05.04 18:37:49.354,1.13869,1.13882,1.50,1.00
2017.05.04 18:37:50.491,1.1387,1.13883,1.12,1.00
2017.05.04 18:37:51.039,1.13871,1.13884,1.00,1.00
2017.05.04 18:37:51.632,1.13872,1.13884,1.00,1.00
2017.05.04 18:37:52.753,1.1387,1.13884,1.12,1.87
2017.05.04 18:37:53.375,1.1387,1.13884,1.12,1.87
2017.05.04 18:37:53.990,1.13871,1.13884,1.00,1.50
2017.05.04 18:37:54.515,1.13872,1.13883,1.00,1.00
2017.05.04 18:37:56.381,1.1387,1.13883,1.12,1.00
2017.05.04 18:37:56.587,1.13868,1.13878,2.25,1.00
2017.05.04 18:37:56.639,1.13868,1.13878,1.00,1.00
2017.05.04 18:37:56.742,1.13866,1.13877,1.00,1.00
2017.05.04 18:38:00.902,1.13866,1.13879,1.00,1.50
2017.05.04 18:38:03.478,1.13865,1.13879,1.00,1.00
2017.05.04 18:38:05.348,1.13865,1.1388,1.00,1.12
2017.05.04 18:38:05.907,1.13865,1.13879,1.00,1.00
2017.05.04 18:38:06.480,1.13867,1.13879,1.00,1.00
2017.05.04 18:38:06.792,1.1387,1.13883,1.00,1.00
2017.05.04 18:38:07.546,1.13871,1.13883,1.00,1.00
2017.05.04 18:38:08.634,1.13871,1.13885,1.00,1.00
2017.05.04 18:38:09.171,1.13871,1.13886,1.87,1.00
2017.05.04 18:38:09.691,1.13873,1.13886,1.00,1.50
2017.05.04 18:38:10.236,1.13873,1.13887,1.00,1.12
2017.05.04 18:38:10.750,1.13874,1.13887,1.50,1.00
2017.05.04 18:38:14.289,1.13876,1.13889,1.00,1.50
2017.05.04 18:38:14.799,1.13879,1.13892,1.00,1.50
2017.05.04 18:38:15.809,1.13878,1.13892,1.00,1.50
2017.05.04 18:38:16.643,1.13878,1.13891,1.00,1.00
2017.05.04 18:38:17.312,1.13877,1.1389,1.00,1.00
2017.05.04 18:38:18.774,1.13876,1.1389,1.50,1.00
2017.05.04 18:38:19.594,1.13876,1.13887,1.00,1.50
2017.05.04 18:38:19.799,1.1387,1.13884,1.50,1.12
2017.05.04 18:38:21.002,1.13874,1.13887,1.00,2.62
2017.05.04 18:38:21.207,1.13877,1.13888,1.00,1.00
2017.05.04 18:38:21.258,1.13877,1.1389,1.00,1.87
2017.05.04 18:38:22.144,1.13876,1.1389,1.00,1.12
2017.05.04 18:38:24.174,1.1388,1.13893,1.00,3.37
2017.05.04 18:38:24.276,1.1388,1.13893,1.00,1.50
2017.05.04 18:38:24.535,1.13879,1.13891,1.00,1.00
2017.05.04 18:38:25.017,1.1388,1.13893,1.00,1.12
2017.05.04 18:38:25.488,1.13882,1.13893,1.00,1.00
2017.05.04 18:38:25.539,1.13883,1.13895,1.00,1.00
2017.05.04 18:38:25.896,1.13885,1.13896,1.00,1.00
2017.05.04 18:38:26.467,1.13884,1.13896,1.00,1.00
2017.05.04 18:38:26.955,1.13885,1.13898,1.00,1.50
2017.05.04 18:38:28.690,1.13884,1.13899,1.00,1.37
2017.05.04 18:38:29.438,1.13886,1.13898,1.00,1.12
2017.05.04 18:38:29.591,1.13882,1.13896,2.25,1.12
2017.05.04 18:38:30.291,1.13882,1.13898,1.50,1.50
2017.05.04 18:38:30.342,1.13886,1.13898,1.00,1.50
2017.05.04 18:38:30.533,1.13884,1.13897,1.50,1.12
2017.05.04 18:38:31.046,1.13882,1.13896,1.50,1.00
2017.05.04 18:38:31.201,1.13881,1.13893,1.75,1.00
2017.05.04 18:38:31.407,1.1388,1.13893,1.69,1.00
2017.05.04 18:38:31.458,1.13882,1.13895,1.00,1.00
2017.05.04 18:38:32.037,1.13884,1.13897,1.00,1.00
2017.05.04 18:38:33.907,1.13884,1.13896,1.00,1.00
2017.05.04 18:38:38.494,1.13883,1.13897,1.50,1.50
2017.05.04 18:38:38.750,1.13881,1.13896,1.50,1.31
2017.05.04 18:38:38.801,1.13881,1.13896,1.50,2.00
2017.05.04 18:38:39.338,1.13882,1.13898,2.25,2.81
2017.05.04 18:38:39.671,1.13884,1.13897,1.00,1.75
2017.05.04 18:38:39.722,1.13884,1.13897,1.00,1.50
2017.05.04 18:38:40.321,1.13883,1.13897,1.50,1.00
2017.05.04 18:38:40.628,1.13881,1.13895,2.25,1.00
2017.05.04 18:38:41.569,1.13882,1.13895,1.00,1.00
2017.05.04 18:38:42.593,1.13881,1.13895,1.00,1.00
2017.05.04 18:38:43.316,1.1388,1.13895,1.00,1.50
2017.05.04 18:38:44.432,1.13882,1.13895,1.00,1.00
2017.05.04 18:38:44.974,1.13883,1.13896,1.00,1.00
2017.05.04 18:38:45.639,1.13882,1.13895,1.50,1.00
2017.05.04 18:38:49.034,1.13883,1.13896,1.00,1.00
2017.05.04 18:38:51.669,1.13887,1.139,1.00,2.25
2017.05.04 18:38:51.771,1.13887,1.139,1.37,1.00
2017.05.04 18:38:51.925,1.13888,1.13902,1.12,1.00
2017.05.04 18:38:52.426,1.13889,1.13903,1.00,1.00
2017.05.04 18:38:53.598,1.1389,1.13903,1.00,1.50
2017.05.04 18:38:55.286,1.13891,1.13905,1.00,1.50
2017.05.04 18:38:55.339,1.13894,1.13907,1.00,1.37
2017.05.04 18:38:55.870,1.13897,1.13909,1.00,1.00
2017.05.04 18:38:56.178,1.13904,1.13918,2.00,1.00
2017.05.04 18:38:56.230,1.13905,1.1392,1.50,1.50
2017.05.04 18:38:56.343,1.13904,1.13918,1.75,1.12
2017.05.04 18:38:56.804,1.13907,1.13921,1.00,1.31
2017.05.04 18:38:57.112,1.13905,1.13918,2.25,1.00
2017.05.04 18:38:57.287,1.13903,1.13918,1.69,1.00
2017.05.04 18:38:57.800,1.13903,1.13919,1.69,1.87
2017.05.04 18:38:58.016,1.13903,1.13918,1.50,1.87
2017.05.04 18:38:58.638,1.13903,1.13917,1.00,1.37
2017.05.04 18:38:59.827,1.13903,1.13915,1.00,1.00
2017.05.04 18:39:00.160,1.139,1.13913,1.00,1.87
2017.05.04 18:39:00.670,1.13898,1.13913,1.62,1.00
2017.05.04 18:39:01.173,1.13898,1.13912,1.69,1.00
2017.05.04 18:39:01.700,1.13895,1.13911,2.81,1.50
2017.05.04 18:39:02.652,1.13895,1.1391,2.06,1.00
2017.05.04 18:39:03.488,1.13894,1.13907,1.75,1.50
2017.05.04 18:39:03.632,1.13893,1.13908,2.25,1.00
2017.05.04 18:39:03.836,1.13898,1.13908,1.00,1.00
2017.05.04 18:39:03.989,1.13898,1.13911,1.50,1.00
2017.05.04 18:39:04.793,1.13898,1.13909,1.00,1.12
2017.05.04 18:39:05.102,1.13894,1.13905,1.00,1.12
2017.05.04 18:39:06.034,1.13894,1.13904,1.00,1.00
2017.05.04 18:39:06.323,1.13894,1.13906,1.00,1.00
2017.05.04 18:39:06.432,1.13894,1.13904,1.00,1.00
2017.05.04 18:39:07.096,1.13893,1.13904,1.00,1.00
2017.05.04 18:39:07.716,1.13893,1.13905,1.00,1.00
2017.05.04 18:39:08.265,1.13893,1.13905,1.00,1.37
2017.05.04 18:39:08.367,1.13891,1.13903,1.00,1.12
2017.05.04 18:39:08.968,1.13888,1.13903,1.00,1.00
2017.05.04 18:39:09.648,1.13887,1.13901,1.12,1.12
2017.05.04 18:39:10.197,1.13888,1.13903,2.25,1.50
2017.05.04 18:39:10.705,1.13889,1.13904,1.75,1.87
2017.05.04 18:39:11.449,1.1389,1.13903,2.25,1.00
2017.05.04 18:39:12.012,1.1389,1.13902,1.00,1.00
2017.05.04 18:39:12.320,1.13892,1.13905,1.00,3.00
2017.05.04 18:39:12.424,1.13892,1.13905,1.00,1.12
2017.05.04 18:39:12.868,1.13893,1.13907,1.50,1.00
2017.05.04 18:39:13.315,1.13895,1.13907,1.00,1.00
2017.05.04 18:39:13.856,1.13895,1.13908,1.00,1.50
2017.05.04 18:39:14.461,1.13895,1.13906,1.00,1.00
2017.05.04 18:39:14.564,1.13893,1.13905,2.44,1.00
2017.05.04 18:39:14.931,1.13895,1.13905,1.00,1.00
2017.05.04 18:39:15.237,1.13897,1.13905,1.00,1.00
2017.05.04 18:39:15.439,1.13897,1.13908,1.12,1.00
2017.05.04 18:39:15.955,1.13894,1.13907,1.87,1.00
2017.05.04 18:39:16.212,1.13898,1.13906,1.00,1.00
2017.05.04 18:39:16.347,1.13896,1.13908,1.31,1.00
2017.05.04 18:39:16.553,1.13896,1.13904,1.31,1.00
2017.05.04 18:39:16.656,1.13896,1.13906,1.00,1.00
2017.05.04 18:39:16.860,1.13893,1.13904,1.00,1.00
2017.05.04 18:39:17.116,1.13891,1.13905,2.81,1.00
2017.05.04 18:39:17.530,1.13893,1.13905,1.00,1.00
2017.05.04 18:39:17.922,1.13892,1.13903,1.25,1.00
2017.05.04 18:39:18.076,1.13893,1.13905,1.00,1.50
2017.05.04 18:39:18.128,1.13897,1.13906,1.37,1.12
2017.05.04 18:39:18.635,1.13897,1.13907,1.12,1.00
2017.05.04 18:39:18.687,1.13897,1.1391,1.50,1.00
2017.05.04 18:39:19.117,1.139,1.13911,1.00,1.00
2017.05.04 18:39:19.652,1.13898,1.1391,1.69,1.00
2017.05.04 18:39:20.022,1.13896,1.13908,1.37,1.00
2017.05.04 18:39:20.125,1.13896,1.13907,1.00,1.00
2017.05.04 18:39:20.879,1.13896,1.13908,1.00,1.00
2017.05.04 18:39:21.475,1.13896,1.13907,1.00,1.00
2017.05.04 18:39:21.578,1.13893,1.13904,2.25,1.00
2017.05.04 18:39:21.732,1.13892,1.13903,1.31,1.00
2017.05.04 18:39:23.494,1.13892,1.13904,1.25,1.12
2017.05.04 18:39:24.715,1.13892,1.13902,1.00,1.00
2017.05.04 18:39:25.269,1.13891,1.13902,1.00,1.00
2017.05.04 18:39:25.657,1.13889,1.139,1.12,1.00
2017.05.04 18:39:26.105,1.13888,1.13898,1.00,1.00
2017.05.04 18:39:26.751,1.13886,1.13898,1.50,1.00
2017.05.04 18:39:27.442,1.13888,1.13898,1.00,1.00
2017.05.04 18:39:30.286,1.13886,1.13898,2.25,1.00
2017.05.04 18:39:31.067,1.13886,1.13897,1.50,1.00
2017.05.04 18:39:31.549,1.13888,1.13897,1.25,1.00
2017.05.04 18:39:32.104,1.13887,1.13896,1.00,1.00
2017.05.04 18:39:33.340,1.13887,1.13895,1.00,1.00
2017.05.04 18:39:33.545,1.13885,1.13895,1.87,1.00
2017.05.04 18:39:34.237,1.13888,1.13894,1.00,1.00
2017.05.04 18:39:34.290,1.13888,1.13897,1.00,1.00
2017.05.04 18:39:34.394,1.13887,1.13895,1.00,1.00
2017.05.04 18:39:34.446,1.13885,1.13894,1.12,1.00
2017.05.04 18:39:34.986,1.13887,1.13897,1.12,1.00
2017.05.04 18:39:35.039,1.13886,1.13899,1.00,1.00
2017.05.04 18:39:35.090,1.13888,1.13895,1.00,1.00
2017.05.04 18:39:35.141,1.13887,1.13898,1.00,1.00
2017.05.04 18:39:35.642,1.13887,1.13897,2.25,1.00
2017.05.04 18:39:35.744,1.13887,1.13899,2.25,1.00
2017.05.04 18:39:35.862,1.13889,1.13897,1.25,1.00
2017.05.04 18:39:36.552,1.13889,1.139,1.25,1.00
2017.05.04 18:39:38.090,1.1389,1.139,1.69,1.00
2017.05.04 18:39:38.436,1.13892,1.139,1.00,1.00
2017.05.04 18:39:38.539,1.13897,1.13907,1.69,1.00
2017.05.04 18:39:38.591,1.13899,1.13907,1.25,1.00
2017.05.04 18:39:38.724,1.13899,1.13909,1.25,1.00
2017.05.04 18:39:39.469,1.13897,1.13907,1.69,1.00
2017.05.04 18:39:39.776,1.13895,1.13903,1.12,1.00
2017.05.04 18:39:39.879,1.13893,1.13902,1.50,1.00
2017.05.04 18:39:39.932,1.13893,1.13902,1.00,1.00
2017.05.04 18:39:40.453,1.13893,1.13901,1.00,1.00
2017.05.04 18:39:40.505,1.1389,1.13901,1.31,1.00
2017.05.04 18:39:40.872,1.1389,1.13903,2.06,1.50
2017.05.04 18:39:41.556,1.13893,1.13903,1.00,1.00
2017.05.04 18:39:41.608,1.13895,1.13908,1.25,2.25
2017.05.04 18:39:41.660,1.13896,1.13908,2.06,1.00
2017.05.04 18:39:42.621,1.13897,1.13908,1.00,1.00
2017.05.04 18:39:45.103,1.13901,1.1391,1.00,1.00
2017.05.04 18:39:45.207,1.13899,1.13909,1.00,1.00
2017.05.04 18:39:45.737,1.13898,1.1391,1.25,1.00
2017.05.04 18:39:45.890,1.13898,1.13908,1.25,1.00
2017.05.04 18:39:46.419,1.13898,1.13909,1.25,1.50
2017.05.04 18:39:46.969,1.13898,1.1391,1.25,1.50
2017.05.04 18:39:47.926,1.13898,1.13909,1.25,1.00
2017.05.04 18:39:48.483,1.13898,1.1391,1.25,1.50
2017.05.04 18:39:48.810,1.13898,1.13907,1.25,1.00
2017.05.04 18:39:49.066,1.13895,1.13906,1.25,1.00
2017.05.04 18:39:49.997,1.13895,1.13907,1.25,1.00
2017.05.04 18:39:50.048,1.13895,1.13907,2.44,1.00
2017.05.04 18:39:53.447,1.13894,1.13904,2.00,1.00
2017.05.04 18:39:53.549,1.13892,1.13906,2.00,1.50
2017.05.04 18:39:53.600,1.13894,1.13907,1.31,1.00
2017.05.04 18:39:54.150,1.13895,1.13907,1.50,1.00
2017.05.04 18:39:56.326,1.13895,1.13906,1.50,1.00
2017.05.04 18:39:56.842,1.13895,1.13905,1.00,1.00
2017.05.04 18:39:57.055,1.13892,1.13902,1.12,1.00
2017.05.04 18:39:57.158,1.13893,1.13905,1.00,1.00
2017.05.04 18:39:57.210,1.13892,1.13903,1.00,1.00
2017.05.04 18:39:57.518,1.13887,1.13898,1.75,1.00
2017.05.04 18:39:57.570,1.13887,1.13898,1.75,1.00
2017.05.04 18:39:57.673,1.13887,1.13899,1.00,1.50
2017.05.04 18:40:00.451,1.13886,1.13899,2.44,1.50
2017.05.04 18:40:00.655,1.13884,1.13898,1.00,1.12
2017.05.04 18:40:00.706,1.13884,1.13896,1.00,1.00
2017.05.04 18:40:01.221,1.13883,1.13896,1.69,1.00
2017.05.04 18:40:02.322,1.13883,1.13897,1.69,1.50
2017.05.04 18:40:02.805,1.13883,1.13895,1.69,1.00
2017.05.04 18:40:03.192,1.13883,1.13897,1.69,1.50
2017.05.04 18:40:03.245,1.13888,1.13899,1.00,1.50
2017.05.04 18:40:03.501,1.13889,1.13901,1.25,1.50
2017.05.04 18:40:03.604,1.1389,1.13903,2.62,2.25
2017.05.04 18:40:03.707,1.13892,1.13905,2.62,1.87
2017.05.04 18:40:03.912,1.13894,1.13907,1.62,1.50
2017.05.04 18:40:04.457,1.13894,1.13907,1.25,1.50
2017.05.04 18:40:05.456,1.13895,1.13905,1.12,1.00
2017.05.04 18:40:05.508,1.13895,1.13907,2.06,1.00
2017.05.04 18:40:05.560,1.13898,1.13907,1.00,1.00
2017.05.04 18:40:05.815,1.139,1.13913,1.31,1.00
2017.05.04 18:40:06.318,1.13901,1.13913,1.00,1.00
2017.05.04 18:40:06.969,1.13901,1.13914,2.06,1.00
2017.05.04 18:40:07.123,1.13901,1.13909,1.00,1.00
2017.05.04 18:40:07.327,1.13898,1.13909,2.06,1.00
2017.05.04 18:40:07.844,1.13898,1.13908,1.69,1.00
2017.05.04 18:40:07.946,1.139,1.13912,1.00,1.50
2017.05.04 18:40:07.997,1.13899,1.1391,1.69,1.00
2017.05.04 18:40:08.508,1.139,1.1391,1.00,1.00
2017.05.04 18:40:10.560,1.139,1.13911,1.00,1.00
2017.05.04 18:40:11.035,1.13897,1.13909,1.75,1.00
2017.05.04 18:40:11.138,1.13897,1.13909,1.00,1.00
2017.05.04 18:40:11.977,1.13896,1.13907,2.44,1.00
2017.05.04 18:40:12.210,1.13893,1.13905,1.12,1.50
2017.05.04 18:40:12.364,1.13894,1.13908,1.12,1.00
2017.05.04 18:40:12.944,1.13894,1.13906,1.00,1.00
2017.05.04 18:40:13.665,1.13894,1.13907,1.00,1.00
2017.05.04 18:40:14.029,1.13895,1.13909,2.06,1.00
2017.05.04 18:40:14.462,1.13896,1.13907,1.50,1.00
2017.05.04 18:40:14.748,1.13892,1.13905,2.25,1.00
2017.05.04 18:40:14.852,1.13894,1.13908,1.12,1.00
2017.05.04 18:40:14.903,1.13894,1.13908,2.06,1.37
2017.05.04 18:40:15.058,1.13895,1.13908,1.69,1.00
2017.05.04 18:40:15.212,1.13898,1.13909,1.00,1.00
2017.05.04 18:40:15.315,1.13896,1.13909,2.06,1.00
2017.05.04 18:40:15.828,1.13896,1.13908,1.31,1.00
2017.05.04 18:40:16.442,1.13895,1.13907,1.50,1.00
2017.05.04 18:40:17.174,1.13895,1.13906,1.50,1.00
2017.05.04 18:40:17.451,1.13895,1.13908,1.50,1.00
2017.05.04 18:40:17.503,1.13895,1.13906,1.50,1.00
2017.05.04 18:40:20.129,1.13893,1.13906,2.25,1.87
2017.05.04 18:40:20.334,1.13891,1.13904,1.00,1.50
2017.05.04 18:40:20.999,1.13893,1.13904,1.00,1.00
2017.05.04 18:40:21.443,1.13891,1.13904,1.50,1.00
2017.05.04 18:40:21.734,1.13891,1.139,1.00,1.00
2017.05.04 18:40:21.837,1.13889,1.139,1.00,1.00
2017.05.04 18:40:21.939,1.13886,1.139,1.12,1.37
2017.05.04 18:40:22.477,1.13886,1.139,1.50,1.00
2017.05.04 18:40:23.018,1.13887,1.139,1.00,1.50
2017.05.04 18:40:23.823,1.13887,1.13899,1.50,1.00
2017.05.04 18:40:24.235,1.13887,1.13901,1.50,1.00
2017.05.04 18:40:24.287,1.13889,1.13902,1.00,1.50
2017.05.04 18:40:24.622,1.13892,1.13905,1.87,1.00
2017.05.04 18:40:25.173,1.13892,1.13904,1.50,1.00
2017.05.04 18:40:25.275,1.13892,1.13906,1.50,1.00
2017.05.04 18:40:25.547,1.13896,1.13907,1.00,1.00
2017.05.04 18:40:25.736,1.13896,1.13909,1.50,1.00
2017.05.04 18:40:26.267,1.13893,1.13905,1.87,1.00
2017.05.04 18:40:26.370,1.13893,1.13905,1.12,1.00
2017.05.04 18:40:26.910,1.13894,1.13906,1.00,1.50
2017.05.04 18:40:28.063,1.13894,1.13907,1.00,1.00
2017.05.04 18:40:28.472,1.13896,1.13907,1.00,1.00
2017.05.04 18:40:28.676,1.13898,1.1391,1.00,1.00
2017.05.04 18:40:29.191,1.13897,1.1391,1.12,1.00
2017.05.04 18:40:29.839,1.13898,1.1391,1.25,1.00
2017.05.04 18:40:30.323,1.139,1.13913,1.00,1.87
2017.05.04 18:40:30.836,1.139,1.13913,1.12,1.00
2017.05.04 18:40:33.241,1.13899,1.13912,1.50,1.00
2017.05.04 18:40:33.547,1.13902,1.13913,1.00,1.00
2017.05.04 18:40:33.701,1.13902,1.13915,1.00,1.00
2017.05.04 18:40:34.080,1.13904,1.13915,1.00,1.00
2017.05.04 18:40:34.613,1.13901,1.13915,2.81,1.00
2017.05.04 18:40:36.921,1.13902,1.13915,1.00,1.00
2017.05.04 18:40:38.233,1.13905,1.13919,1.00,2.25
2017.05.04 18:40:38.386,1.13907,1.13919,1.69,1.00
2017.05.04 18:40:38.795,1.13909,1.13919,1.37,1.00
2017.05.04 18:40:38.847,1.1391,1.13922,1.25,1.00
2017.05.04 18:40:38.950,1.13907,1.13918,1.00,1.12
2017.05.04 18:40:39.407,1.13904,1.13917,1.25,1.12
2017.05.04 18:40:39.510,1.13903,1.13915,1.25,1.00
2017.05.04 18:40:40.237,1.13903,1.13913,1.25,1.00
2017.05.04 18:40:40.809,1.139,1.13912,1.00,1.00
2017.05.04 18:40:41.312,1.139,1.13911,1.00,1.00
2017.05.04 18:40:45.271,1.139,1.1391,1.00,1.00
2017.05.04 18:40:45.373,1.13898,1.13909,1.00,1.00
2017.05.04 18:40:45.901,1.13899,1.13912,1.69,1.00
2017.05.04 18:40:46.106,1.13902,1.13913,1.00,1.00
2017.05.04 18:40:46.777,1.139,1.13911,1.62,1.00
2017.05.04 18:40:48.143,1.139,1.13912,1.62,1.00
2017.05.04 18:40:48.842,1.13899,1.13912,1.12,1.00
2017.05.04 18:40:51.809,1.139,1.13912,1.00,1.00
2017.05.04 18:40:52.216,1.13898,1.13908,1.00,1.00
2017.05.04 18:40:52.267,1.13898,1.1391,1.00,1.50
2017.05.04 18:40:53.240,1.13896,1.13907,1.00,1.00
2017.05.04 18:40:53.772,1.13894,1.13906,3.75,1.00
2017.05.04 18:40:54.577,1.13893,1.13904,1.75,1.00
2017.05.04 18:40:55.175,1.13893,1.13903,1.75,1.00
2017.05.04 18:40:56.045,1.13891,1.13903,1.50,1.00
2017.05.04 18:40:56.096,1.13891,1.13903,1.50,1.00
2017.05.04 18:40:57.511,1.13892,1.13904,1.00,1.00
2017.05.04 18:40:57.924,1.13896,1.13905,1.00,1.00
2017.05.04 18:40:57.976,1.13896,1.13908,1.00,1.00
2017.05.04 18:40:58.027,1.13898,1.1391,1.12,1.37
2017.05.04 18:40:58.079,1.13898,1.1391,1.00,1.00
2017.05.04 18:40:58.182,1.139,1.13913,1.00,2.25
2017.05.04 18:40:58.552,1.13898,1.13909,1.37,1.00
2017.05.04 18:40:59.192,1.13898,1.1391,1.37,1.00
2017.05.04 18:40:59.862,1.13897,1.13909,2.62,1.00
2017.05.04 18:41:00.173,1.13905,1.13916,2.62,1.50
2017.05.04 18:41:00.225,1.13905,1.13918,3.00,1.37
2017.05.04 18:41:00.277,1.13906,1.13919,1.00,1.50
2017.05.04 18:41:01.298,1.13906,1.13919,2.25,1.00
2017.05.04 18:41:01.856,1.13906,1.13919,1.75,1.00
2017.05.04 18:41:02.592,1.13907,1.1392,1.50,1.00
2017.05.04 18:41:03.513,1.13908,1.13921,1.12,1.00
2017.05.04 18:41:05.151,1.13908,1.1392,1.12,1.00
2017.05.04 18:41:07.919,1.13908,1.13921,1.12,1.00
2017.05.04 18:41:08.276,1.1391,1.13922,1.25,1.50
2017.05.04 18:41:08.633,1.1391,1.1392,1.25,1.00
2017.05.04 18:41:08.940,1.13906,1.13916,1.25,1.00
2017.05.04 18:41:09.465,1.13906,1.13917,1.69,1.00
2017.05.04 18:41:09.618,1.13906,1.1392,1.69,1.37
2017.05.04 18:41:10.263,1.13907,1.13919,1.25,1.12
2017.05.04 18:41:10.315,1.13909,1.13922,1.00,2.25
2017.05.04 18:41:10.366,1.13909,1.13922,1.00,2.25
2017.05.04 18:41:10.886,1.13909,1.13922,1.87,1.00
2017.05.04 18:41:18.555,1.13909,1.13923,1.12,1.00
2017.05.04 18:41:19.815,1.13907,1.1392,3.19,1.00
2017.05.04 18:41:19.918,1.13907,1.1392,1.00,1.00
2017.05.04 18:41:20.806,1.13905,1.1392,1.69,1.12
2017.05.04 18:41:22.011,1.13906,1.13918,1.00,1.00
2017.05.04 18:41:23.012,1.13905,1.13919,1.25,1.00
2017.05.04 18:41:24.363,1.13904,1.13919,3.56,1.00
2017.05.04 18:41:24.741,1.13906,1.13919,1.00,1.00
2017.05.04 18:41:25.378,1.13905,1.13919,1.00,1.00
2017.05.04 18:41:26.891,1.13905,1.13917,1.00,1.00
2017.05.04 18:41:27.447,1.13905,1.13919,1.00,1.00
2017.05.04 18:41:27.498,1.13907,1.1392,1.00,1.12
2017.05.04 18:41:28.445,1.13906,1.1392,1.25,1.12
2017.05.04 18:41:31.245,1.13908,1.13921,1.00,1.50
2017.05.04 18:41:31.756,1.13907,1.13919,1.00,1.00
2017.05.04 18:41:32.971,1.13907,1.13918,1.00,1.00
2017.05.04 18:41:35.537,1.13907,1.1392,1.69,1.50
2017.05.04 18:41:36.563,1.13907,1.13919,1.12,1.00
2017.05.04 18:41:38.748,1.1391,1.13923,1.25,1.75
2017.05.04 18:41:38.850,1.1391,1.13923,1.25,1.00
2017.05.04 18:41:39.367,1.13911,1.13923,1.25,1.00
2017.05.04 18:41:40.636,1.13911,1.13925,1.25,1.50
2017.05.04 18:41:41.678,1.13913,1.13925,1.00,1.00
2017.05.04 18:41:42.598,1.13913,1.13924,1.00,1.00
2017.05.04 18:41:43.441,1.13913,1.13925,1.00,1.00
2017.05.04 18:41:45.393,1.13915,1.13925,1.00,1.00
2017.05.04 18:41:45.651,1.13919,1.13932,1.69,1.69
2017.05.04 18:41:46.256,1.13923,1.13935,1.00,2.25
2017.05.04 18:41:46.362,1.13924,1.13935,1.31,3.00
2017.05.04 18:41:46.513,1.1392,1.13931,1.62,1.00
2017.05.04 18:41:46.566,1.1392,1.13931,1.25,1.00
2017.05.04 18:41:47.474,1.13919,1.13931,1.31,1.00
2017.05.04 18:41:48.380,1.1392,1.13931,1.00,1.00
2017.05.04 18:41:51.235,1.13922,1.13933,1.00,1.00
2017.05.04 18:41:51.906,1.13922,1.13932,1.00,1.00
2017.05.04 18:41:53.797,1.13923,1.13932,1.00,1.00
2017.05.04 18:41:57.021,1.13925,1.13936,1.50,1.00
2017.05.04 18:41:57.379,1.13923,1.13934,1.69,1.00
2017.05.04 18:41:57.685,1.13922,1.13932,1.25,1.00
2017.05.04 18:41:58.188,1.13923,1.13933,1.25,1.00
2017.05.04 18:41:58.290,1.13923,1.13935,1.25,1.00
2017.05.04 18:41:59.313,1.13923,1.13936,1.69,2.25
2017.05.04 18:42:00.139,1.13923,1.13935,1.69,1.00
2017.05.04 18:42:00.626,1.13921,1.13931,1.25,1.00
2017.05.04 18:42:00.987,1.13919,1.13929,1.50,1.00
2017.05.04 18:42:02.136,1.13919,1.13931,1.00,1.00
2017.05.04 18:42:02.652,1.13921,1.13932,1.00,1.00
2017.05.04 18:42:02.958,1.13919,1.1393,1.12,1.00
2017.05.04 18:42:04.324,1.13919,1.13932,1.00,1.12
2017.05.04 18:42:04.427,1.13919,1.1393,1.00,1.00
2017.05.04 18:42:04.955,1.13915,1.13929,2.44,3.37
2017.05.04 18:42:05.108,1.13915,1.13927,1.25,1.00
2017.05.04 18:42:05.564,1.13915,1.13929,1.69,1.50
2017.05.04 18:42:05.730,1.13917,1.13928,1.25,1.00
2017.05.04 18:42:06.276,1.13917,1.13929,1.00,1.00
2017.05.04 18:42:07.456,1.13916,1.13929,1.25,1.00
2017.05.04 18:42:07.800,1.13915,1.13927,1.25,1.00
2017.05.04 18:42:08.806,1.13915,1.13926,1.25,1.00
2017.05.04 18:42:10.085,1.13915,1.13928,1.69,1.00
2017.05.04 18:42:10.819,1.13916,1.13928,1.00,1.00
2017.05.04 18:42:10.921,1.13918,1.13929,1.00,1.50
2017.05.04 18:42:14.303,1.13916,1.13929,1.00,1.00
2017.05.04 18:42:14.848,1.13917,1.13929,1.00,1.00
2017.05.04 18:42:17.763,1.13915,1.13927,1.31,1.00
2017.05.04 18:42:18.173,1.13916,1.13929,1.25,2.25
2017.05.04 18:42:18.495,1.13916,1.13927,1.25,1.00
2017.05.04 18:42:18.988,1.13914,1.13927,1.00,1.00
2017.05.04 18:42:20.141,1.13914,1.13926,1.00,1.00
2017.05.04 18:42:20.244,1.13915,1.13928,1.00,1.00
2017.05.04 18:42:21.229,1.13915,1.13929,1.00,1.50
2017.05.04 18:42:21.333,1.1392,1.13931,1.50,1.00
2017.05.04 18:42:21.643,1.13929,1.13942,1.00,1.75
2017.05.04 18:42:21.695,1.13929,1.13942,1.12,1.37
2017.05.04 18:42:21.746,1.13929,1.13942,1.12,1.00
2017.05.04 18:42:21.798,1.13926,1.13937,1.75,1.00
2017.05.04 18:42:21.901,1.13924,1.13937,1.50,1.00
2017.05.04 18:42:22.649,1.13924,1.13936,1.00,1.00
2017.05.04 18:42:23.900,1.13923,1.13936,1.50,1.00
2017.05.04 18:42:24.360,1.13923,1.13934,1.00,1.00
2017.05.04 18:42:24.668,1.13925,1.13938,1.00,1.75
2017.05.04 18:42:24.821,1.13925,1.13938,1.00,1.12
2017.05.04 18:42:26.752,1.13925,1.13937,1.50,1.00
2017.05.04 18:42:27.284,1.13925,1.13938,1.00,1.12
2017.05.04 18:42:27.459,1.13924,1.13935,1.00,1.00
2017.05.04 18:42:27.663,1.13922,1.13935,1.00,1.12
2017.05.04 18:42:27.766,1.13922,1.13933,1.00,1.00
2017.05.04 18:42:27.868,1.13922,1.13935,1.50,1.12
2017.05.04 18:42:28.816,1.13922,1.13934,1.25,1.00
2017.05.04 18:42:28.920,1.13924,1.13936,1.25,1.50
2017.05.04 18:42:35.809,1.13921,1.13935,2.25,1.50
2017.05.04 18:42:36.727,1.13922,1.13935,1.00,1.50
2017.05.04 18:42:43.027,1.13923,1.13936,1.00,1.50
2017.05.04 18:42:43.740,1.13926,1.13936,1.00,1.50
2017.05.04 18:42:43.844,1.13928,1.1394,1.00,1.50
2017.05.04 18:42:43.897,1.13925,1.1394,1.00,1.50
2017.05.04 18:42:44.357,1.13923,1.13933,1.31,1.00
2017.05.04 18:42:44.460,1.13921,1.13933,1.00,1.12
2017.05.04 18:42:44.513,1.1392,1.13933,1.00,1.50
2017.05.04 18:42:48.166,1.13922,1.13935,1.00,3.00
2017.05.04 18:42:48.218,1.13922,1.13935,1.69,2.25
2017.05.04 18:42:48.877,1.13922,1.13937,1.69,2.62
2017.05.04 18:42:49.515,1.13921,1.13935,1.69,1.37
2017.05.04 18:42:49.943,1.13924,1.13936,1.00,1.50
2017.05.04 18:42:50.455,1.13924,1.13937,1.00,1.00
2017.05.04 18:42:51.196,1.13925,1.13938,1.00,1.12
2017.05.04 18:42:52.879,1.13924,1.13938,1.69,1.12
2017.05.04 18:42:57.071,1.13925,1.13939,1.00,2.25
2017.05.04 18:42:57.888,1.13925,1.13937,1.00,1.00
2017.05.04 18:42:59.066,1.13928,1.13941,1.25,3.67
2017.05.04 18:42:59.394,1.13928,1.13941,1.69,1.12
2017.05.04 18:43:00.181,1.13928,1.1394,1.69,1.00
2017.05.04 18:43:01.931,1.13927,1.13937,1.00,1.00
2017.05.04 18:43:01.983,1.13924,1.13937,1.87,1.50
2017.05.04 18:43:03.721,1.13925,1.13938,1.00,2.25
2017.05.04 18:43:05.111,1.13926,1.13938,1.50,1.50
2017.05.04 18:43:09.071,1.13925,1.13934,1.12,1.00
2017.05.04 18:43:09.373,1.13916,1.13929,1.69,1.37
2017.05.04 18:43:09.424,1.13916,1.13929,1.69,1.00
2017.05.04 18:43:10.113,1.13918,1.1393,1.00,1.12
2017.05.04 18:43:11.471,1.13917,1.1393,1.00,1.87
2017.05.04 18:43:11.778,1.13913,1.13925,1.50,1.50
2017.05.04 18:43:13.645,1.13915,1.13928,1.12,1.75
2017.05.04 18:43:13.697,1.13915,1.13928,1.00,1.00
2017.05.04 18:43:14.271,1.13915,1.13929,1.00,1.12
2017.05.04 18:43:17.233,1.13917,1.13929,1.00,1.00
2017.05.04 18:43:17.566,1.13912,1.13924,1.00,1.00
2017.05.04 18:43:17.873,1.13911,1.13923,1.00,1.75
2017.05.04 18:43:18.078,1.13908,1.1392,1.50,1.12
2017.05.04 18:43:18.588,1.13909,1.13923,1.00,1.75
2017.05.04 18:43:21.492,1.13908,1.13922,1.87,1.50
2017.05.04 18:43:21.664,1.13907,1.13919,1.00,1.12
2017.05.04 18:43:21.970,1.13904,1.13916,1.00,1.00
2017.05.04 18:43:22.564,1.13908,1.13919,1.00,1.75
2017.05.04 18:43:22.718,1.13908,1.1392,1.50,1.00
2017.05.04 18:43:23.456,1.1391,1.1392,1.00,1.00
2017.05.04 18:43:24.018,1.1391,1.13921,1.00,1.12
2017.05.04 18:43:24.745,1.13909,1.13921,1.00,1.12
2017.05.04 18:43:25.344,1.13909,1.1392,1.00,1.00
2017.05.04 18:43:25.550,1.13911,1.13924,1.50,1.87
2017.05.04 18:43:25.602,1.13911,1.13922,1.50,1.00
2017.05.04 18:43:26.114,1.13911,1.13923,1.00,1.00
2017.05.04 18:43:28.388,1.13902,1.13915,1.12,1.00
2017.05.04 18:43:29.232,1.13902,1.13915,1.37,1.00
2017.05.04 18:43:29.716,1.13901,1.13915,2.06,1.00
2017.05.04 18:43:30.373,1.13901,1.13915,2.06,1.00
2017.05.04 18:43:31.026,1.13901,1.13915,1.62,1.19
2017.05.04 18:43:31.543,1.13901,1.13915,2.81,1.00
2017.05.04 18:43:32.092,1.13902,1.13915,1.00,1.00
2017.05.04 18:43:32.699,1.13903,1.13915,1.00,1.00
2017.05.04 18:43:33.230,1.13903,1.13916,2.44,1.00
2017.05.04 18:43:35.471,1.13902,1.13915,3.00,1.00
2017.05.04 18:43:36.777,1.13902,1.13916,1.87,1.50
2017.05.04 18:43:37.529,1.13906,1.13918,1.00,1.12
2017.05.04 18:43:37.734,1.13907,1.1392,1.12,1.00
2017.05.04 18:43:38.211,1.13909,1.1392,1.12,1.00
2017.05.04 18:43:38.749,1.13909,1.13921,1.00,1.00
2017.05.04 18:43:39.880,1.13907,1.13919,1.00,1.50
2017.05.04 18:43:40.076,1.13904,1.13917,1.00,1.50
2017.05.04 18:43:40.539,1.13904,1.13915,1.00,1.00
2017.05.04 18:43:43.704,1.13904,1.13914,1.00,1.00
2017.05.04 18:43:43.755,1.13905,1.13917,1.00,1.00
2017.05.04 18:43:44.313,1.13906,1.13917,1.00,1.00
2017.05.04 18:43:47.479,1.13904,1.13917,1.87,1.00
2017.05.04 18:43:48.027,1.13903,1.13916,1.50,1.87
2017.05.04 18:43:48.559,1.13904,1.13916,1.00,1.87
2017.05.04 18:43:49.285,1.13903,1.13915,1.00,1.00
2017.05.04 18:43:50.662,1.13902,1.13915,1.00,1.50
2017.05.04 18:43:51.329,1.13901,1.13914,1.12,1.50
2017.05.04 18:43:52.196,1.13898,1.13911,1.75,1.00
2017.05.04 18:43:52.248,1.13898,1.13911,1.50,1.00
2017.05.04 18:43:52.299,1.13898,1.13913,1.12,1.87
2017.05.04 18:43:53.189,1.139,1.13912,1.00,1.00
2017.05.04 18:43:54.189,1.13899,1.13912,1.00,1.50
2017.05.04 18:43:54.696,1.13899,1.13914,1.00,1.87
2017.05.04 18:43:55.408,1.139,1.13914,1.00,1.37
2017.05.04 18:43:55.946,1.13902,1.13913,1.00,1.12
2017.05.04 18:43:56.549,1.13903,1.13914,1.00,1.00
2017.05.04 18:43:57.256,1.13901,1.13914,1.00,1.00
2017.05.04 18:43:58.111,1.13903,1.13916,1.00,1.87
2017.05.04 18:44:00.448,1.13902,1.13915,1.00,1.12
2017.05.04 18:44:05.532,1.13903,1.13916,1.00,1.37
2017.05.04 18:44:05.928,1.13905,1.13918,1.00,2.25
2017.05.04 18:44:05.979,1.13905,1.13918,1.00,1.87
2017.05.04 18:44:06.659,1.13905,1.13918,1.12,1.50
2017.05.04 18:44:06.863,1.13904,1.13917,1.00,1.87
2017.05.04 18:44:07.393,1.13904,1.13917,1.37,2.25
2017.05.04 18:44:07.938,1.13904,1.13918,1.37,1.00
2017.05.04 18:44:08.385,1.13905,1.13919,1.37,1.50
2017.05.04 18:44:08.933,1.13905,1.1392,1.37,1.00
2017.05.04 18:44:09.565,1.13907,1.13921,1.37,2.25
2017.05.04 18:44:12.418,1.13907,1.1392,1.37,1.00
2017.05.04 18:44:15.237,1.13907,1.1392,1.37,1.50
2017.05.04 18:44:20.050,1.13909,1.13921,1.37,1.00
2017.05.04 18:44:20.203,1.13909,1.13922,1.12,1.37
2017.05.04 18:44:20.728,1.13908,1.1392,1.00,1.00
2017.05.04 18:44:21.326,1.13906,1.1392,1.37,1.00
2017.05.04 18:44:21.704,1.13903,1.13917,1.87,1.00
2017.05.04 18:44:22.330,1.13903,1.13918,1.50,1.87
2017.05.04 18:44:22.670,1.13905,1.13918,1.37,1.12
2017.05.04 18:44:23.190,1.13905,1.13918,1.37,1.87
2017.05.04 18:44:28.397,1.13903,1.13918,1.50,1.87
2017.05.04 18:44:28.901,1.13902,1.13917,1.75,1.00
2017.05.04 18:44:29.004,1.139,1.13912,2.62,1.00
2017.05.04 18:44:29.106,1.139,1.13912,1.50,1.00
2017.05.04 18:44:29.617,1.13902,1.13915,1.12,3.00
2017.05.04 18:44:30.400,1.139,1.13915,1.31,3.00
2017.05.04 18:44:34.806,1.13902,1.13915,1.00,1.75
2017.05.04 18:44:34.959,1.13902,1.13916,1.25,1.37
2017.05.04 18:44:35.061,1.13904,1.13917,1.00,2.25
2017.05.04 18:44:35.779,1.13902,1.13917,1.25,2.25
2017.05.04 18:44:36.308,1.13903,1.13917,1.25,1.50
2017.05.04 18:44:36.543,1.139,1.13914,2.06,1.00
2017.05.04 18:44:36.852,1.139,1.13915,2.44,1.12
2017.05.04 18:44:38.289,1.13901,1.13915,1.19,1.12
2017.05.04 18:44:41.733,1.1391,1.13919,1.00,2.25
2017.05.04 18:44:41.836,1.1391,1.13919,1.00,1.37
2017.05.04 18:44:41.887,1.1391,1.13921,1.00,1.00
2017.05.04 18:44:42.011,1.1391,1.13923,1.00,1.00
2017.05.04 18:44:42.711,1.13911,1.13924,1.00,1.12
2017.05.04 18:44:45.439,1.13911,1.13924,1.37,1.00
2017.05.04 18:44:46.938,1.1391,1.13923,3.00,1.00
2017.05.04 18:44:47.949,1.13909,1.13924,2.44,1.00
2017.05.04 18:44:50.403,1.1391,1.13923,1.50,1.00
2017.05.04 18:44:51.882,1.13911,1.13924,1.37,1.00
2017.05.04 18:44:55.343,1.1391,1.13923,1.50,1.00
2017.05.04 18:44:56.348,1.13909,1.13922,2.00,1.00
2017.05.04 18:44:58.182,1.13908,1.1392,1.87,1.00
2017.05.04 18:44:58.234,1.13908,1.1392,1.50,1.00
2017.05.04 18:44:58.286,1.13908,1.1392,1.00,1.00
2017.05.04 18:44:58.388,1.13906,1.1392,1.87,1.00
2017.05.04 18:44:59.210,1.13906,1.1392,1.87,1.00
2017.05.04 18:45:01.078,1.13906,1.13917,1.00,1.00
2017.05.04 18:45:01.130,1.13906,1.1392,1.12,1.00
2017.05.04 18:45:01.314,1.13906,1.13915,1.00,1.00
2017.05.04 18:45:01.519,1.13899,1.13909,1.00,1.00
2017.05.04 18:45:01.724,1.13899,1.13909,1.37,1.00
2017.05.04 18:45:01.879,1.13899,1.13909,1.12,1.00
2017.05.04 18:45:02.419,1.13899,1.13911,1.37,1.00
2017.05.04 18:45:02.799,1.13896,1.1391,2.06,1.00
2017.05.04 18:45:03.536,1.13896,1.13909,1.62,1.00
2017.05.04 18:45:03.803,1.13896,1.13907,1.62,1.00
2017.05.04 18:45:04.101,1.13896,1.1391,2.81,1.50
2017.05.04 18:45:05.058,1.13896,1.13909,2.81,1.00
2017.05.04 18:45:05.667,1.13896,1.13909,2.06,1.00
2017.05.04 18:45:06.872,1.13896,1.1391,1.62,1.50
2017.05.04 18:45:06.924,1.13899,1.13912,1.37,1.50
2017.05.04 18:45:07.273,1.13898,1.1391,1.62,1.00
2017.05.04 18:45:08.030,1.13897,1.13909,1.87,1.00
2017.05.04 18:45:08.639,1.13898,1.13908,1.37,1.00
2017.05.04 18:45:09.122,1.13898,1.1391,1.37,1.50
2017.05.04 18:45:10.215,1.13897,1.13909,2.25,1.00
2017.05.04 18:45:12.802,1.13898,1.13914,1.37,2.66
2017.05.04 18:45:14.058,1.13898,1.13914,1.37,2.66
2017.05.04 18:45:14.110,1.13899,1.13912,2.44,1.00
2017.05.04 18:45:14.161,1.139,1.13912,1.00,1.00
2017.05.04 18:45:14.821,1.13899,1.13912,2.44,1.00
2017.05.04 18:45:15.076,1.13901,1.13914,1.37,1.00
2017.05.04 18:45:15.434,1.13901,1.13914,2.06,1.00
2017.05.04 18:45:18.122,1.13901,1.13913,1.25,1.00
2017.05.04 18:45:19.368,1.13901,1.13915,1.69,1.00
2017.05.04 18:45:19.903,1.13901,1.13914,1.69,1.00
2017.05.04 18:45:22.848,1.13903,1.13918,2.06,2.25
2017.05.04 18:45:22.900,1.13905,1.13918,1.56,1.12
2017.05.04 18:45:23.206,1.13907,1.13918,1.56,1.00
2017.05.04 18:45:23.809,1.13909,1.1392,1.00,1.00
2017.05.04 18:45:26.744,1.13906,1.1392,1.56,1.00
2017.05.04 18:45:27.292,1.13907,1.13921,1.31,1.00
2017.05.04 18:45:30.930,1.13904,1.13918,2.44,1.00
2017.05.04 18:45:31.242,1.13906,1.13919,1.50,1.00
2017.05.04 18:45:31.782,1.13904,1.13918,1.19,1.00
2017.05.04 18:45:32.139,1.13906,1.13921,1.00,1.00
2017.05.04 18:45:32.938,1.13906,1.13921,1.37,1.00
2017.05.04 18:45:36.021,1.13907,1.1392,1.00,1.00
2017.05.04 18:45:36.286,1.13907,1.13922,2.25,1.00
2017.05.04 18:45:36.337,1.13907,1.13922,2.62,1.00
2017.05.04 18:45:36.883,1.13911,1.13924,1.87,1.00
2017.05.04 18:45:36.935,1.13911,1.13924,1.87,1.00
2017.05.04 18:45:38.982,1.13911,1.13922,1.75,1.00
2017.05.04 18:45:39.135,1.13909,1.13922,2.00,1.00
2017.05.04 18:45:39.187,1.13909,1.13922,1.69,1.00
2017.05.04 18:45:40.546,1.1391,1.13924,1.12,1.00
2017.05.04 18:45:40.600,1.13916,1.13926,1.00,1.12
2017.05.04 18:45:40.806,1.13914,1.13928,1.94,1.00
2017.05.04 18:45:46.003,1.13915,1.1393,1.69,1.12
2017.05.04 18:45:46.575,1.13915,1.13928,1.69,1.00
2017.05.04 18:45:46.890,1.13918,1.13931,1.25,1.50
2017.05.04 18:45:47.216,1.13918,1.13931,2.00,1.00
2017.05.04 18:45:47.722,1.13919,1.13932,2.44,1.00
2017.05.04 18:45:48.226,1.13921,1.13934,1.00,1.12
2017.05.04 18:45:48.766,1.1392,1.13933,1.31,1.00
2017.05.04 18:45:49.786,1.13917,1.13931,1.90,1.00
2017.05.04 18:45:50.305,1.13918,1.13932,1.31,1.00
2017.05.04 18:45:51.674,1.13918,1.13931,1.75,1.00
2017.05.04 18:45:52.687,1.13917,1.1393,2.00,1.00
2017.05.04 18:45:54.792,1.13919,1.13931,1.50,1.50
2017.05.04 18:45:55.540,1.13916,1.13929,2.00,1.00
2017.05.04 18:45:55.642,1.13916,1.13929,1.69,1.00
2017.05.04 18:45:56.533,1.13916,1.13928,1.00,1.00
2017.05.04 18:45:57.271,1.13915,1.1393,2.81,1.00
2017.05.04 18:45:57.809,1.13916,1.1393,1.00,1.00
2017.05.04 18:45:58.852,1.13918,1.13931,1.19,1.87
2017.05.04 18:45:59.277,1.13919,1.13932,1.69,1.00
2017.05.04 18:45:59.827,1.13919,1.13932,2.44,1.00
2017.05.04 18:45:59.929,1.13919,1.13934,3.37,1.12
2017.05.04 18:46:00.277,1.13919,1.13932,2.62,1.00
2017.05.04 18:46:01.373,1.13919,1.13931,2.44,1.00
2017.05.04 18:46:02.362,1.13917,1.13928,1.69,1.00
2017.05.04 18:46:02.465,1.13916,1.13928,1.37,1.12
2017.05.04 18:46:02.517,1.13914,1.13928,1.25,1.12
2017.05.04 18:46:02.892,1.13916,1.13931,1.69,3.75
2017.05.04 18:46:03.180,1.13918,1.13931,1.12,1.50
2017.05.04 18:46:03.334,1.13916,1.13929,2.81,1.50
2017.05.04 18:46:03.818,1.13918,1.13931,2.06,1.00
2017.05.04 18:46:04.328,1.13919,1.13932,1.25,1.87
2017.05.04 18:46:04.380,1.13921,1.13932,1.25,1.00
2017.05.04 18:46:04.958,1.13921,1.13933,1.69,1.50
2017.05.04 18:46:05.241,1.13918,1.13931,3.19,1.50
2017.05.04 18:46:05.768,1.13919,1.13932,1.69,1.50
2017.05.04 18:46:07.184,1.13918,1.1393,1.19,1.00
2017.05.04 18:46:07.609,1.13918,1.13933,2.06,1.50
2017.05.04 18:46:09.232,1.13921,1.13934,1.19,1.75
2017.05.04 18:46:09.487,1.13922,1.13934,1.19,1.00
2017.05.04 18:46:09.882,1.13923,1.13936,1.69,1.87
2017.05.04 18:46:11.507,1.1392,1.13933,1.75,1.50
2017.05.04 18:46:11.610,1.13919,1.13933,1.62,1.50
2017.05.04 18:46:11.712,1.13918,1.13933,2.44,1.87
2017.05.04 18:46:12.465,1.1392,1.13933,1.00,1.87
2017.05.04 18:46:13.077,1.1392,1.13933,1.37,1.87
2017.05.04 18:46:13.729,1.1392,1.13933,1.37,1.12
2017.05.04 18:46:13.883,1.13922,1.13936,2.06,1.75
2017.05.04 18:46:14.036,1.13922,1.13937,2.81,1.50
2017.05.04 18:46:14.321,1.13925,1.13939,1.62,1.50
2017.05.04 18:46:14.831,1.13924,1.13937,1.19,1.12
2017.05.04 18:46:14.984,1.13922,1.13937,2.44,1.12
2017.05.04 18:46:15.781,1.13922,1.13933,1.00,1.00
2017.05.04 18:46:15.834,1.13919,1.13933,1.31,1.00
2017.05.04 18:46:15.987,1.13918,1.13929,1.25,1.00
2017.05.04 18:46:16.294,1.13918,1.13934,1.31,1.50
2017.05.04 18:46:16.346,1.13919,1.13934,1.00,1.50
2017.05.04 18:46:16.882,1.1392,1.13934,1.12,1.00
2017.05.04 18:46:16.934,1.1392,1.13934,1.37,1.00
2017.05.04 18:46:17.597,1.13922,1.13935,1.87,1.00
2017.05.04 18:46:18.346,1.13921,1.13935,1.12,1.00
2017.05.04 18:46:18.806,1.13923,1.13935,1.00,1.00
2017.05.04 18:46:19.318,1.13923,1.13936,1.00,1.00
2017.05.04 18:46:19.838,1.13923,1.13937,1.62,1.00
2017.05.04 18:46:20.617,1.13923,1.13935,1.62,1.00
2017.05.04 18:46:21.172,1.13923,1.13934,1.62,1.00
2017.05.04 18:46:21.719,1.13927,1.13938,1.37,1.00
2017.05.04 18:46:22.479,1.13926,1.13939,1.87,1.00
2017.05.04 18:46:23.048,1.13926,1.1394,1.87,1.00
2017.05.04 18:46:24.663,1.13927,1.1394,1.37,1.00
2017.05.04 18:46:25.289,1.13932,1.13945,2.25,1.00
2017.05.04 18:46:26.116,1.13933,1.13944,1.12,1.00
2017.05.04 18:46:26.435,1.13932,1.13945,1.37,1.00
2017.05.04 18:46:26.486,1.13932,1.13945,1.37,1.00
2017.05.04 18:46:27.190,1.13932,1.13945,1.12,1.00
2017.05.04 18:46:27.777,1.13933,1.13945,1.00,1.00
2017.05.04 18:46:28.144,1.13931,1.13945,1.00,1.25
2017.05.04 18:46:28.196,1.13931,1.13943,1.00,1.00
2017.05.04 18:46:28.819,1.13931,1.13941,1.00,1.00
2017.05.04 18:46:28.872,1.13929,1.13941,1.50,1.00
2017.05.04 18:46:29.398,1.13929,1.1394,1.12,1.00
2017.05.04 18:46:29.721,1.13925,1.13936,2.62,1.00
2017.05.04 18:46:29.824,1.13922,1.13933,1.50,1.00
2017.05.04 18:46:30.331,1.13922,1.13933,1.37,1.00
2017.05.04 18:46:31.075,1.13922,1.13933,1.12,1.00
2017.05.04 18:46:32.117,1.13922,1.13932,1.12,1.00
2017.05.04 18:46:35.344,1.13921,1.13934,1.37,1.00
2017.05.04 18:46:36.600,1.13925,1.13936,1.37,1.12
2017.05.04 18:46:37.116,1.13925,1.13937,1.37,1.00
2017.05.04 18:46:37.573,1.13922,1.13932,1.31,1.00
2017.05.04 18:46:38.270,1.13922,1.13932,1.37,1.00
2017.05.04 18:46:38.321,1.13922,1.13932,1.12,1.00
2017.05.04 18:46:38.895,1.13922,1.13933,1.12,1.00
2017.05.04 18:46:43.804,1.13921,1.13932,1.00,1.00
2017.05.04 18:46:43.907,1.13919,1.13929,1.50,1.00
2017.05.04 18:46:44.162,1.13919,1.1393,1.00,1.00
2017.05.04 18:46:44.265,1.13916,1.13929,1.50,1.00
2017.05.04 18:46:45.225,1.13916,1.13927,1.50,1.00
2017.05.04 18:46:46.505,1.13914,1.13927,1.69,1.00
2017.05.04 18:46:47.020,1.13914,1.13926,1.12,1.00
2017.05.04 18:46:47.745,1.13914,1.13927,1.12,1.00
2017.05.04 18:46:48.570,1.13915,1.13927,1.00,1.00
2017.05.04 18:46:49.227,1.13915,1.13928,1.00,1.00
2017.05.04 18:46:52.256,1.13915,1.13927,1.00,1.00
2017.05.04 18:46:53.898,1.13915,1.13928,1.00,1.00
2017.05.04 18:46:54.558,1.13914,1.13928,1.12,1.00
2017.05.04 18:46:55.060,1.13913,1.13928,2.06,1.00
2017.05.04 18:46:57.451,1.13913,1.13926,1.69,1.00
2017.05.04 18:46:58.021,1.13913,1.13928,1.25,1.00
2017.05.04 18:46:58.800,1.13913,1.13928,1.69,1.00
2017.05.04 18:46:59.950,1.13913,1.13928,1.69,1.00
2017.05.04 18:47:00.471,1.13914,1.13928,1.62,1.00
2017.05.04 18:47:02.066,1.13914,1.13928,2.06,1.00
2017.05.04 18:47:04.714,1.13915,1.13928,1.37,1.00
2017.05.04 18:47:05.685,1.13914,1.13928,2.06,1.00
2017.05.04 18:47:06.206,1.13915,1.13929,2.06,1.00
2017.05.04 18:47:09.713,1.13919,1.13933,1.37,1.50
2017.05.04 18:47:09.816,1.1392,1.13935,1.62,2.06
2017.05.04 18:47:10.337,1.13921,1.13935,1.37,1.00
2017.05.04 18:47:12.096,1.13921,1.13933,1.12,1.00
2017.05.04 18:47:12.706,1.13921,1.13933,1.37,1.00
2017.05.04 18:47:13.417,1.13923,1.13937,1.87,1.00
2017.05.04 18:47:13.571,1.13924,1.13937,1.00,1.00
2017.05.04 18:47:15.001,1.13924,1.13935,1.00,1.00
2017.05.04 18:47:15.156,1.13922,1.13935,1.00,1.00
2017.05.04 18:47:16.441,1.13922,1.13937,1.69,1.12
2017.05.04 18:47:17.201,1.13922,1.13935,2.44,1.00
2017.05.04 18:47:17.762,1.13923,1.13938,1.12,1.62
2017.05.04 18:47:17.864,1.13924,1.13938,1.37,1.37
2017.05.04 18:47:18.409,1.13925,1.13938,1.37,1.00
2017.05.04 18:47:18.716,1.1392,1.13933,3.94,1.00
2017.05.04 18:47:19.212,1.13922,1.13936,1.12,1.00
2017.05.04 18:47:19.263,1.13922,1.13936,1.37,1.00
2017.05.04 18:47:20.190,1.13921,1.13936,1.69,1.00
2017.05.04 18:47:20.520,1.1392,1.13934,2.81,1.00
2017.05.04 18:47:24.567,1.13921,1.13935,1.69,1.00
2017.05.04 18:47:24.755,1.13921,1.13935,1.69,1.00
2017.05.04 18:47:24.857,1.13923,1.13936,1.56,1.00
2017.05.04 18:47:25.062,1.13927,1.1394,1.00,1.87
2017.05.04 18:47:25.113,1.13927,1.1394,2.81,1.00
2017.05.04 18:47:25.652,1.13927,1.1394,2.81,1.00
2017.05.04 18:47:26.153,1.13928,1.1394,1.62,1.00
2017.05.04 18:47:26.496,1.13927,1.13938,2.06,1.00
2017.05.04 18:47:27.245,1.13927,1.13939,2.06,1.00
2017.05.04 18:47:28.518,1.13927,1.1394,2.06,1.00
2017.05.04 18:47:29.148,1.13931,1.13944,1.00,1.87
2017.05.04 18:47:29.199,1.13932,1.13945,1.37,1.50
2017.05.04 18:47:29.386,1.13932,1.13947,2.81,1.25
2017.05.04 18:47:29.897,1.13932,1.13947,2.81,1.25
2017.05.04 18:47:31.676,1.13932,1.13946,2.06,1.00
2017.05.04 18:47:32.243,1.13932,1.13945,2.81,1.00
2017.05.04 18:47:36.215,1.13933,1.13945,1.00,1.00
2017.05.04 18:47:39.654,1.13931,1.13946,2.81,1.00
2017.05.04 18:47:40.622,1.13931,1.13947,2.81,1.69
2017.05.04 18:47:41.962,1.13929,1.13941,1.12,1.00
2017.05.04 18:47:42.065,1.13929,1.13941,1.00,1.00
2017.05.04 18:47:43.732,1.13929,1.13942,1.50,1.00
2017.05.04 18:47:43.938,1.13929,1.13939,1.00,1.00
2017.05.04 18:47:46.690,1.13927,1.13939,1.25,1.00
2017.05.04 18:47:47.522,1.13927,1.13941,1.25,1.00
2017.05.04 18:47:47.805,1.13927,1.13939,1.25,1.00
2017.05.04 18:47:48.769,1.13928,1.13941,1.56,1.00
2017.05.04 18:47:49.104,1.13927,1.13939,1.12,1.00
2017.05.04 18:47:49.156,1.13927,1.13939,1.37,1.00
2017.05.04 18:47:49.615,1.13924,1.13937,2.81,1.00
2017.05.04 18:47:50.188,1.13924,1.13937,2.81,1.00
2017.05.04 18:47:50.697,1.13924,1.13938,2.81,1.00
2017.05.04 18:47:51.244,1.13925,1.13939,1.56,1.00
2017.05.04 18:47:52.399,1.13926,1.1394,1.56,1.00
2017.05.04 18:47:53.620,1.13926,1.1394,1.56,1.00
2017.05.04 18:47:55.984,1.13928,1.13941,1.12,1.50
2017.05.04 18:47:56.541,1.13928,1.1394,1.50,1.00
2017.05.04 18:47:57.792,1.13929,1.1394,1.00,1.00
2017.05.04 18:47:58.306,1.13925,1.13937,2.00,1.00
2017.05.04 18:47:58.511,1.13923,1.13937,1.69,1.00
2017.05.04 18:47:59.047,1.13923,1.13936,1.69,1.00
2017.05.04 18:47:59.545,1.13925,1.13938,1.37,1.00
2017.05.04 18:48:00.293,1.13923,1.13937,1.50,1.00
2017.05.04 18:48:00.685,1.13924,1.13939,1.12,1.50
2017.05.04 18:48:01.197,1.13925,1.13939,1.00,1.00
2017.05.04 18:48:02.334,1.13925,1.1394,1.62,2.25
2017.05.04 18:48:02.592,1.13926,1.13936,1.37,1.00
2017.05.04 18:48:02.896,1.13916,1.13929,2.19,1.00
2017.05.04 18:48:03.409,1.13918,1.1393,1.12,1.00
2017.05.04 18:48:05.047,1.13917,1.13929,1.37,1.00
2017.05.04 18:48:05.400,1.13917,1.13931,2.06,1.00
2017.05.04 18:48:06.175,1.13923,1.13935,1.62,2.25
2017.05.04 18:48:06.226,1.13923,1.13934,1.31,1.50
2017.05.04 18:48:06.329,1.13923,1.13934,1.62,1.00
2017.05.04 18:48:06.530,1.13925,1.13936,1.00,1.00
2017.05.04 18:48:06.970,1.13926,1.13937,2.06,1.00
2017.05.04 18:48:07.174,1.13926,1.13939,2.06,1.00
2017.05.04 18:48:07.277,1.13926,1.13939,3.56,1.00
2017.05.04 18:48:07.328,1.13927,1.1394,1.25,1.00
2017.05.04 18:48:08.383,1.13927,1.13939,1.25,1.00
2017.05.04 18:48:10.014,1.13926,1.1394,1.69,1.00
2017.05.04 18:48:10.627,1.13926,1.13939,1.69,1.00
2017.05.04 18:48:13.280,1.13924,1.13938,2.06,1.00
2017.05.04 18:48:14.660,1.13926,1.13939,1.62,1.00
2017.05.04 18:48:15.293,1.13926,1.13937,1.62,1.00
2017.05.04 18:48:15.929,1.13926,1.13939,1.62,1.00
2017.05.04 18:48:16.825,1.13926,1.13938,1.62,1.00
2017.05.04 18:48:17.460,1.13926,1.13937,1.62,1.00
2017.05.04 18:48:19.177,1.13926,1.13936,1.62,1.00
2017.05.04 18:48:19.228,1.13922,1.13934,2.00,1.00
2017.05.04 18:48:19.331,1.1392,1.13933,1.50,1.00
2017.05.04 18:48:19.587,1.1392,1.13933,1.69,1.00
2017.05.04 18:48:19.638,1.1392,1.13935,2.44,1.87
2017.05.04 18:48:19.689,1.1392,1.13935,1.69,1.87
2017.05.04 18:48:20.376,1.1392,1.13933,1.69,1.00
2017.05.04 18:48:22.547,1.13918,1.13931,2.06,1.00
2017.05.04 18:48:22.649,1.13918,1.13933,2.06,1.50
2017.05.04 18:48:23.337,1.13918,1.13932,2.06,1.00
2017.05.04 18:48:23.592,1.1392,1.13932,1.69,1.00
2017.05.04 18:48:24.347,1.1392,1.13932,1.69,1.00
2017.05.04 18:48:25.467,1.13922,1.13934,1.00,1.50
2017.05.04 18:48:26.497,1.13923,1.13934,1.00,1.00
2017.05.04 18:48:28.563,1.13922,1.13934,1.00,1.00
2017.05.04 18:48:31.979,1.13921,1.13934,1.31,1.50
2017.05.04 18:48:32.785,1.13921,1.13933,1.31,1.00
2017.05.04 18:48:35.504,1.13921,1.13933,1.37,1.00
2017.05.04 18:48:36.017,1.13921,1.13934,1.37,1.00
2017.05.04 18:48:36.837,1.13921,1.13934,1.00,1.00
2017.05.04 18:48:37.370,1.1392,1.13934,1.69,1.00
2017.05.04 18:48:38.335,1.13921,1.13935,1.87,1.87
2017.05.04 18:48:38.386,1.13921,1.13932,1.00,1.00
2017.05.04 18:48:38.489,1.13918,1.13931,1.37,1.00
2017.05.04 18:48:39.036,1.13918,1.13931,1.12,1.87
2017.05.04 18:48:39.506,1.1392,1.13932,1.31,1.50
2017.05.04 18:48:39.712,1.13921,1.13933,1.50,1.00
2017.05.04 18:48:40.040,1.13918,1.13931,1.37,1.50
2017.05.04 18:48:40.092,1.13918,1.13931,1.37,1.50
2017.05.04 18:48:40.717,1.13918,1.13931,1.00,1.50
2017.05.04 18:48:41.728,1.13916,1.1393,1.12,1.00
2017.05.04 18:48:42.680,1.13915,1.1393,1.87,1.50
2017.05.04 18:48:43.221,1.13917,1.13932,1.19,1.50
2017.05.04 18:48:43.733,1.13919,1.13932,1.31,1.00
2017.05.04 18:48:44.272,1.13921,1.13934,1.00,2.25
2017.05.04 18:48:45.293,1.13921,1.13934,1.37,1.50
2017.05.04 18:48:45.396,1.13921,1.13935,1.87,1.25
2017.05.04 18:48:47.385,1.13922,1.13934,1.12,1.00
2017.05.04 18:48:47.437,1.13921,1.13932,1.12,1.00
2017.05.04 18:48:47.998,1.13921,1.13934,1.00,1.00
2017.05.04 18:48:48.523,1.13921,1.13935,1.31,1.31
2017.05.04 18:48:49.216,1.13921,1.13935,2.81,1.25
2017.05.04 18:48:49.750,1.13923,1.13935,1.00,1.25
2017.05.04 18:48:50.256,1.13921,1.13935,2.06,1.25
2017.05.04 18:48:50.797,1.13921,1.13936,2.06,1.19
2017.05.04 18:48:53.940,1.13922,1.13935,1.50,1.69
2017.05.04 18:48:55.821,1.13921,1.13934,1.87,1.00
2017.05.04 18:48:56.335,1.1392,1.13933,2.06,1.00
2017.05.04 18:48:56.976,1.1392,1.13934,2.06,1.50
2017.05.04 18:48:57.194,1.1392,1.13931,1.75,1.00
2017.05.04 18:48:57.346,1.13918,1.13932,1.19,1.00
2017.05.04 18:48:57.963,1.13918,1.13933,2.44,1.50
2017.05.04 18:48:58.014,1.1392,1.13933,1.37,1.50
2017.05.04 18:49:00.292,1.13919,1.13932,1.37,1.00
2017.05.04 18:49:00.822,1.1392,1.13933,1.12,1.50
2017.05.04 18:49:01.337,1.1392,1.13932,1.12,1.00
2017.05.04 18:49:01.865,1.13921,1.13933,1.00,1.00
2017.05.04 18:49:07.766,1.13919,1.13934,1.12,1.50
2017.05.04 18:49:08.794,1.1392,1.13934,1.00,1.50
2017.05.04 18:49:10.816,1.13919,1.13934,1.00,1.50
2017.05.04 18:49:11.225,1.13921,1.13934,1.00,1.50
2017.05.04 18:49:11.927,1.13922,1.13935,1.00,1.87
2017.05.04 18:49:12.511,1.13922,1.13936,1.12,1.12
2017.05.04 18:49:13.133,1.13927,1.13938,1.00,1.50
2017.05.04 18:49:13.339,1.13925,1.13938,1.00,2.06
2017.05.04 18:49:13.391,1.13925,1.13938,1.00,1.69
2017.05.04 18:49:14.024,1.13925,1.13937,1.00,1.00
2017.05.04 18:49:14.681,1.13924,1.13937,1.00,1.00
2017.05.04 18:49:20.191,1.13923,1.13933,1.37,1.00
2017.05.04 18:49:20.395,1.1392,1.13933,1.50,1.50
2017.05.04 18:49:21.147,1.13922,1.13935,1.12,1.12
2017.05.04 18:49:21.658,1.13923,1.13936,1.25,1.87
2017.05.04 18:49:22.196,1.1392,1.13932,2.06,1.00
2017.05.04 18:49:23.587,1.13922,1.13934,1.12,1.00
2017.05.04 18:49:32.141,1.13923,1.13934,1.00,1.00
2017.05.04 18:49:32.663,1.1392,1.13934,3.56,1.00
2017.05.04 18:49:34.426,1.13922,1.13935,1.31,1.00
2017.05.04 18:49:34.478,1.13923,1.13936,1.62,1.00
2017.05.04 18:49:35.013,1.13923,1.13936,1.31,1.00
2017.05.04 18:49:35.551,1.13922,1.13935,1.00,1.00
2017.05.04 18:49:35.897,1.13921,1.13933,1.37,1.00
2017.05.04 18:49:43.570,1.13922,1.13936,1.00,1.00
2017.05.04 18:49:43.674,1.13924,1.13937,1.00,1.12
2017.05.04 18:49:45.585,1.13923,1.13936,1.37,1.00
2017.05.04 18:49:45.738,1.13922,1.13936,1.00,1.00
2017.05.04 18:49:46.581,1.13922,1.13935,1.00,1.00
2017.05.04 18:49:47.160,1.13921,1.13935,1.31,1.00
2017.05.04 18:49:47.263,1.1392,1.1393,1.00,1.00
2017.05.04 18:49:47.519,1.13916,1.1393,1.00,1.12
2017.05.04 18:49:47.622,1.13916,1.13928,1.00,1.00
2017.05.04 18:49:48.179,1.13915,1.13928,1.50,1.00
2017.05.04 18:49:48.910,1.13916,1.13928,1.00,1.00
2017.05.04 18:49:49.300,1.13916,1.1393,1.00,1.12
2017.05.04 18:49:49.844,1.13917,1.1393,1.00,1.12
2017.05.04 18:49:50.471,1.13915,1.13926,1.12,1.00
2017.05.04 18:49:51.005,1.13916,1.13929,1.00,1.37
2017.05.04 18:49:51.517,1.13916,1.13929,1.12,1.00
2017.05.04 18:49:52.027,1.13917,1.1393,1.00,1.12
2017.05.04 18:49:52.549,1.13916,1.13929,1.87,1.00
2017.05.04 18:49:53.093,1.13917,1.13929,1.00,1.00
2017.05.04 18:49:53.911,1.1392,1.13933,1.37,2.25
2017.05.04 18:49:53.962,1.13922,1.13933,1.12,1.12
2017.05.04 18:49:54.014,1.13921,1.13934,1.87,1.50
2017.05.04 18:49:54.118,1.13922,1.13937,1.75,1.87
2017.05.04 18:49:54.169,1.13923,1.13937,1.50,1.12
2017.05.04 18:49:54.892,1.13924,1.13937,1.00,1.12
2017.05.04 18:49:55.541,1.13923,1.13938,2.44,2.25
2017.05.04 18:49:55.594,1.13922,1.13932,1.37,1.00
2017.05.04 18:49:55.748,1.13919,1.13932,2.25,1.00
2017.05.04 18:49:56.387,1.13921,1.13934,1.25,1.12
2017.05.04 18:49:56.698,1.13918,1.13931,2.81,1.00
2017.05.04 18:49:57.242,1.13918,1.1393,1.25,1.00
2017.05.04 18:49:57.911,1.13918,1.13929,1.00,1.00
2017.05.04 18:50:00.977,1.13919,1.13931,1.12,1.00
2017.05.04 18:50:02.469,1.13918,1.1393,1.69,1.00
2017.05.04 18:50:03.162,1.13921,1.13934,1.12,2.25
2017.05.04 18:50:03.627,1.13918,1.13931,2.06,1.00
2017.05.04 18:50:03.781,1.13918,1.13931,1.31,1.00
2017.05.04 18:50:03.908,1.13917,1.13926,1.12,1.00
2017.05.04 18:50:04.063,1.13913,1.13925,1.62,1.00
2017.05.04 18:50:04.592,1.13911,1.13925,1.81,1.50
2017.05.04 18:50:05.138,1.13914,1.13927,1.00,1.50
2017.05.04 18:50:05.242,1.13917,1.13927,1.00,1.50
2017.05.04 18:50:05.415,1.13915,1.13928,2.06,1.00
2017.05.04 18:50:05.518,1.13915,1.13927,1.31,1.00
2017.05.04 18:50:06.349,1.13914,1.13927,2.06,1.00
2017.05.04 18:50:06.400,1.13915,1.13928,1.62,1.00
2017.05.04 18:50:06.733,1.13916,1.1393,1.12,1.50
2017.05.04 18:50:07.268,1.13916,1.13929,1.12,1.00
2017.05.04 18:50:08.039,1.13918,1.13928,1.00,1.00
2017.05.04 18:50:08.546,1.13917,1.13929,1.50,1.00
2017.05.04 18:50:09.094,1.13918,1.13929,1.50,1.00
2017.05.04 18:50:09.706,1.13918,1.13928,1.50,1.00
2017.05.04 18:50:12.378,1.13915,1.13927,2.62,1.00
2017.05.04 18:50:12.929,1.13915,1.13928,1.87,1.00
2017.05.04 18:50:14.929,1.13915,1.13927,1.87,1.00
2017.05.04 18:50:15.083,1.13915,1.13927,1.50,1.00
2017.05.04 18:50:16.451,1.13915,1.13928,1.50,1.50
2017.05.04 18:50:18.984,1.13915,1.13928,1.37,1.37
2017.05.04 18:50:19.605,1.13915,1.13928,1.75,1.00
2017.05.04 18:50:20.902,1.13914,1.13925,2.00,1.00
2017.05.04 18:50:21.157,1.13914,1.13927,1.62,1.00
2017.05.04 18:50:21.209,1.13914,1.13927,1.25,1.00
2017.05.04 18:50:21.261,1.13917,1.13928,1.00,1.00
2017.05.04 18:50:21.606,1.1392,1.1393,1.00,1.00
2017.05.04 18:50:21.710,1.13919,1.13932,1.69,1.12
2017.05.04 18:50:21.813,1.1392,1.13931,1.00,1.37
2017.05.04 18:50:21.968,1.1392,1.13932,1.25,1.12
2017.05.04 18:50:22.830,1.13918,1.1393,1.12,1.00
2017.05.04 18:50:23.396,1.13918,1.13931,1.00,1.50
2017.05.04 18:50:24.071,1.13919,1.13931,1.00,1.00
2017.05.04 18:50:24.995,1.13918,1.13931,1.00,1.50
2017.05.04 18:50:25.325,1.13916,1.13928,1.50,1.00
2017.05.04 18:50:25.959,1.13916,1.13929,1.87,1.50
2017.05.04 18:50:28.611,1.13917,1.13928,1.12,1.00
2017.05.04 18:50:29.563,1.13916,1.13927,1.87,1.00
2017.05.04 18:50:29.816,1.13916,1.13929,1.87,1.50
2017.05.04 18:50:29.919,1.13913,1.13925,2.00,1.00
2017.05.04 18:50:30.123,1.13912,1.13926,2.06,1.00
2017.05.04 18:50:30.277,1.13912,1.13924,2.06,1.00
2017.05.04 18:50:31.109,1.13915,1.13926,1.00,1.00
2017.05.04 18:50:31.819,1.13914,1.13925,1.00,1.00
2017.05.04 18:50:32.153,1.13911,1.13918,1.94,1.00
2017.05.04 18:50:32.388,1.13908,1.13921,1.00,1.00
2017.05.04 18:50:33.367,1.13908,1.13922,1.00,1.00
2017.05.04 18:50:33.890,1.13908,1.13921,1.12,1.00
2017.05.04 18:50:34.840,1.13906,1.13919,1.94,1.50
2017.05.04 18:50:35.045,1.13906,1.13919,1.12,1.50
2017.05.04 18:50:35.734,1.13904,1.13919,1.12,2.25
2017.05.04 18:50:36.017,1.13902,1.13915,3.19,1.00
2017.05.04 18:50:36.770,1.13902,1.13917,1.00,2.81
2017.05.04 18:50:37.193,1.13904,1.13916,1.00,1.12
2017.05.04 18:50:39.820,1.13903,1.13916,1.00,1.12
2017.05.04 18:50:41.948,1.13902,1.13915,1.00,1.00
2017.05.04 18:50:42.204,1.139,1.13914,1.00,1.00
2017.05.04 18:50:42.256,1.13902,1.13915,1.00,2.81
2017.05.04 18:50:42.446,1.13902,1.13915,1.00,2.25
2017.05.04 18:50:42.839,1.13905,1.13918,1.00,1.87
2017.05.04 18:50:43.146,1.13907,1.1392,1.00,1.31
2017.05.04 18:50:43.869,1.13905,1.1392,1.50,1.87
2017.05.04 18:50:44.382,1.13906,1.13921,1.00,1.87
2017.05.04 18:50:44.434,1.13909,1.13921,1.00,1.87
2017.05.04 18:50:45.401,1.13908,1.13921,1.00,1.87
2017.05.04 18:50:48.037,1.13908,1.13921,2.62,1.37
2017.05.04 18:50:48.140,1.13911,1.13926,3.37,1.12
2017.05.04 18:50:48.549,1.13914,1.13927,1.75,1.00
2017.05.04 18:50:49.084,1.13915,1.13928,1.50,1.00
2017.05.04 18:50:49.889,1.13915,1.13929,2.25,1.00
2017.05.04 18:50:50.310,1.13916,1.13927,1.37,1.00
2017.05.04 18:50:50.854,1.13916,1.13928,1.37,1.00
2017.05.04 18:50:51.161,1.13914,1.13924,1.75,1.00
2017.05.04 18:50:51.263,1.13914,1.13925,1.00,1.00
2017.05.04 18:50:51.989,1.13912,1.13925,1.00,1.00
2017.05.04 18:50:53.023,1.13912,1.13927,1.00,2.25
2017.05.04 18:50:53.927,1.13912,1.13926,1.00,1.00
2017.05.04 18:50:54.433,1.13912,1.13925,1.00,1.00
2017.05.04 18:50:55.226,1.13913,1.13926,1.00,1.50
2017.05.04 18:50:56.282,1.13912,1.13925,1.00,1.00
2017.05.04 18:50:57.255,1.13912,1.13924,1.00,1.00
2017.05.04 18:50:57.777,1.13912,1.13926,1.00,1.50
2017.05.04 18:50:58.368,1.13912,1.13925,1.00,1.00
2017.05.04 18:50:58.419,1.13912,1.13923,1.00,1.00
2017.05.04 18:50:59.054,1.13911,1.13923,1.00,1.50
2017.05.04 18:50:59.385,1.13911,1.13924,1.12,1.50
2017.05.04 18:50:59.888,1.13911,1.13923,1.12,1.00
2017.05.04 18:51:02.162,1.13913,1.13924,1.00,1.00
2017.05.04 18:51:02.264,1.13911,1.13924,1.12,1.00
2017.05.04 18:51:05.210,1.13909,1.13922,1.50,1.50
2017.05.04 18:51:05.459,1.13907,1.1392,1.00,1.00
2017.05.04 18:51:06.221,1.13907,1.13919,1.00,1.00
2017.05.04 18:51:07.196,1.13906,1.1392,1.12,1.00
2017.05.04 18:51:07.457,1.1391,1.13922,1.00,1.50
2017.05.04 18:51:07.969,1.13911,1.13922,1.00,1.00
2017.05.04 18:51:08.477,1.13912,1.13922,1.00,1.00
2017.05.04 18:51:09.299,1.13912,1.13924,1.00,1.00
2017.05.04 18:51:10.146,1.13912,1.13925,1.00,1.87
2017.05.04 18:51:11.238,1.13912,1.13924,1.00,1.00
2017.05.04 18:51:11.392,1.1391,1.13925,1.12,1.87
2017.05.04 18:51:11.762,1.1391,1.13923,1.12,1.00
2017.05.04 18:51:12.284,1.1391,1.13924,1.87,1.00
2017.05.04 18:51:12.944,1.13911,1.13924,1.00,1.00
2017.05.04 18:51:14.720,1.1391,1.13923,1.12,1.00
2017.05.04 18:51:15.273,1.1391,1.13922,1.12,1.00
2017.05.04 18:51:16.584,1.1391,1.13923,1.12,1.50
2017.05.04 18:51:23.870,1.13911,1.13923,1.00,1.00
2017.05.04 18:51:25.163,1.13912,1.13923,1.00,1.00
2017.05.04 18:51:25.265,1.13912,1.13925,1.00,1.00
2017.05.04 18:51:25.762,1.13914,1.13926,1.00,1.12
2017.05.04 18:51:26.135,1.13913,1.13924,1.00,1.00
2017.05.04 18:51:26.652,1.13913,1.13925,1.00,1.00
2017.05.04 18:51:30.349,1.13915,1.13925,1.00,1.00
2017.05.04 18:51:30.420,1.13913,1.13925,1.00,1.00
2017.05.04 18:51:30.954,1.13913,1.13926,1.00,1.12
2017.05.04 18:51:31.284,1.13915,1.13926,1.00,1.12
2017.05.04 18:51:31.833,1.13914,1.13927,1.00,1.00
2017.05.04 18:51:32.370,1.13913,1.13928,1.12,1.87
2017.05.04 18:51:32.728,1.13913,1.13926,1.12,1.00
2017.05.04 18:51:32.971,1.13913,1.13928,1.12,1.87
2017.05.04 18:51:33.718,1.13913,1.13927,1.12,1.00
2017.05.04 18:51:35.438,1.13913,1.13925,1.12,1.00
2017.05.04 18:51:44.704,1.13912,1.13925,1.00,1.87
2017.05.04 18:51:45.709,1.13913,1.13925,1.00,1.87
2017.05.04 18:51:45.811,1.13911,1.13925,1.00,1.12
2017.05.04 18:51:46.035,1.13907,1.13919,1.75,1.00
2017.05.04 18:51:46.139,1.13906,1.13919,1.00,1.00
2017.05.04 18:51:46.241,1.13906,1.13918,1.00,1.37
2017.05.04 18:51:46.293,1.13908,1.13921,1.00,1.50
2017.05.04 18:51:46.344,1.13909,1.13921,1.37,1.12
2017.05.04 18:51:46.651,1.13907,1.13921,1.50,1.00
2017.05.04 18:51:47.526,1.13907,1.1392,1.50,1.00
2017.05.04 18:51:48.061,1.13907,1.13922,1.50,2.25
2017.05.04 18:51:49.240,1.13906,1.13917,2.25,1.37
2017.05.04 18:51:49.343,1.13904,1.13917,1.50,1.00
2017.05.04 18:51:49.854,1.13904,1.13917,1.00,1.87
2017.05.04 18:51:50.414,1.13904,1.13916,1.00,1.00
2017.05.04 18:51:50.915,1.13904,1.13917,1.00,1.12
2017.05.04 18:51:51.426,1.13903,1.13916,1.00,1.00
2017.05.04 18:51:51.935,1.13904,1.13917,1.00,1.12
2017.05.04 18:51:52.228,1.13902,1.13915,1.69,1.00
2017.05.04 18:51:52.744,1.13902,1.13917,1.00,2.25
2017.05.04 18:51:52.796,1.13905,1.13918,1.00,1.37
2017.05.04 18:51:53.101,1.13908,1.1392,2.62,1.00
2017.05.04 18:51:53.205,1.13908,1.13921,1.00,1.00
2017.05.04 18:51:53.719,1.13909,1.13923,1.00,1.50
2017.05.04 18:52:00.775,1.1391,1.13924,1.00,1.75
2017.05.04 18:52:00.929,1.13913,1.13925,1.12,1.75
2017.05.04 18:52:01.210,1.13915,1.13928,1.00,1.00
2017.05.04 18:52:02.287,1.13916,1.13928,1.00,1.00
2017.05.04 18:52:03.548,1.13917,1.1393,1.00,1.12
2017.05.04 18:52:03.701,1.13919,1.13931,1.00,1.50
2017.05.04 18:52:03.752,1.13919,1.13932,1.00,1.12
2017.05.04 18:52:06.994,1.13922,1.13932,1.00,1.12
2017.05.04 18:52:07.045,1.1392,1.13932,1.00,1.12
2017.05.04 18:52:10.165,1.13921,1.13933,1.00,1.37
2017.05.04 18:52:11.006,1.13917,1.1393,1.12,1.12
2017.05.04 18:52:11.346,1.13915,1.13929,1.00,1.12
2017.05.04 18:52:12.023,1.13917,1.13929,1.00,1.12
2017.05.04 18:52:13.935,1.13913,1.13925,1.37,1.00
2017.05.04 18:52:14.139,1.13913,1.13927,1.37,1.25
2017.05.04 18:52:14.190,1.13913,1.13926,1.00,1.37
2017.05.04 18:52:15.600,1.1391,1.13923,1.12,1.00
2017.05.04 18:52:16.543,1.1391,1.13924,1.12,1.00
2017.05.04 18:52:16.594,1.13912,1.13924,1.00,1.00
2017.05.04 18:52:18.033,1.13912,1.13925,1.00,1.12
2017.05.04 18:52:20.200,1.13911,1.13925,1.00,1.12
2017.05.04 18:52:20.539,1.13916,1.13929,1.00,2.62
2017.05.04 18:52:21.512,1.13916,1.13929,1.00,1.50
2017.05.04 18:52:22.340,1.13913,1.13926,1.12,1.00
2017.05.04 18:52:22.719,1.13911,1.13926,1.00,1.50
2017.05.04 18:52:23.738,1.13912,1.13926,1.00,1.37
2017.05.04 18:52:24.689,1.13913,1.13926,1.00,1.37
2017.05.04 18:52:26.528,1.13911,1.13926,1.50,1.37
2017.05.04 18:52:28.990,1.13914,1.13927,1.00,1.50
2017.05.04 18:52:29.194,1.13914,1.13927,1.00,1.00
2017.05.04 18:52:29.297,1.13911,1.13924,2.25,1.00
2017.05.04 18:52:29.399,1.13911,1.13924,1.00,1.00
2017.05.04 18:52:30.255,1.1391,1.13923,1.25,1.00
2017.05.04 18:52:30.615,1.1391,1.13923,1.19,1.00
2017.05.04 18:52:31.367,1.13913,1.13923,1.00,1.00
2017.05.04 18:52:32.074,1.13912,1.13925,1.00,1.50
2017.05.04 18:52:33.055,1.13912,1.13924,1.00,1.00
2017.05.04 18:52:39.410,1.13912,1.13922,1.00,1.00
2017.05.04 18:52:40.013,1.13912,1.13923,1.00,1.00
2017.05.04 18:52:44.668,1.13912,1.13923,1.00,1.87
2017.05.04 18:52:50.704,1.13913,1.13923,1.00,1.37
2017.05.04 18:52:50.756,1.13911,1.13923,1.00,1.37
2017.05.04 18:52:51.286,1.1391,1.13922,1.25,1.12
2017.05.04 18:52:52.384,1.1391,1.13921,1.25,1.00
2017.05.04 18:52:52.435,1.13909,1.13917,1.00,1.12
2017.05.04 18:52:52.487,1.13906,1.13918,1.37,1.37
2017.05.04 18:52:52.849,1.13909,1.13921,1.00,1.75
2017.05.04 18:52:52.952,1.13909,1.13921,1.00,1.50
2017.05.04 18:52:53.156,1.13909,1.1392,1.00,1.75
2017.05.04 18:52:53.666,1.1391,1.13922,2.06,1.75
2017.05.04 18:52:53.769,1.1391,1.13924,1.69,2.25
2017.05.04 18:52:54.623,1.13911,1.13924,1.00,2.25
2017.05.04 18:52:55.606,1.1391,1.13924,1.69,2.25
2017.05.04 18:52:56.701,1.13911,1.13924,1.00,2.25
2017.05.04 18:52:57.232,1.1391,1.13922,1.12,1.37
2017.05.04 18:52:59.310,1.13914,1.13927,1.50,2.25
2017.05.04 18:52:59.464,1.13914,1.13926,1.00,1.50
2017.05.04 18:52:59.975,1.13915,1.13927,1.25,2.25
2017.05.04 18:53:00.494,1.13914,1.13927,1.00,3.00
2017.05.04 18:53:00.937,1.13916,1.13927,1.25,1.75
2017.05.04 18:53:01.447,1.13916,1.13927,1.25,1.37
2017.05.04 18:53:01.982,1.13917,1.13929,1.00,1.75
2017.05.04 18:53:03.448,1.13924,1.13928,1.00,1.00
2017.05.04 18:53:03.704,1.1393,1.13942,1.50,1.75
2017.05.04 18:53:03.756,1.13933,1.13944,1.00,3.37
2017.05.04 18:53:03.808,1.13933,1.13944,1.00,1.75
2017.05.04 18:53:03.926,1.13933,1.13944,1.00,1.50
2017.05.04 18:53:04.182,1.13931,1.13943,1.31,1.00
2017.05.04 18:53:04.693,1.13929,1.13941,1.12,1.00
2017.05.04 18:53:04.898,1.13926,1.13941,3.00,1.50
2017.05.04 18:53:05.052,1.13926,1.1394,3.37,1.12
2017.05.04 18:53:05.831,1.13926,1.1394,3.37,1.12
2017.05.04 18:53:06.170,1.13928,1.13942,1.62,1.75
2017.05.04 18:53:06.689,1.13929,1.13942,1.37,1.75
2017.05.04 18:53:08.461,1.13929,1.13942,1.12,2.25
2017.05.04 18:53:09.805,1.13927,1.13939,1.87,1.00
2017.05.04 18:53:10.354,1.13926,1.1394,1.50,1.87
2017.05.04 18:53:10.546,1.13926,1.13939,1.50,1.00
2017.05.04 18:53:11.073,1.13927,1.1394,1.37,1.12
2017.05.04 18:53:11.661,1.13927,1.1394,1.00,1.12
2017.05.04 18:53:11.996,1.13926,1.13938,1.12,1.00
2017.05.04 18:53:13.567,1.13927,1.13941,1.00,2.25
2017.05.04 18:53:15.870,1.13928,1.13941,1.00,1.50
2017.05.04 18:53:16.459,1.13927,1.13941,1.69,1.50
2017.05.04 18:53:17.110,1.13926,1.13939,1.50,1.00
2017.05.04 18:53:17.844,1.13926,1.13938,1.12,1.00
2017.05.04 18:53:19.379,1.13924,1.13933,1.37,1.50
2017.05.04 18:53:19.430,1.13924,1.13932,1.00,1.00
2017.05.04 18:53:19.482,1.13918,1.13932,2.25,1.00
2017.05.04 18:53:19.585,1.13918,1.13933,1.87,1.00
2017.05.04 18:53:19.743,1.13918,1.13932,2.06,1.00
2017.05.04 18:53:20.270,1.13919,1.13932,1.00,1.00
2017.05.04 18:53:20.595,1.13917,1.13928,1.87,1.00
2017.05.04 18:53:20.850,1.13916,1.13928,1.00,1.00
2017.05.04 18:53:21.308,1.13916,1.1393,1.25,1.00
2017.05.04 18:53:21.833,1.13917,1.1393,1.00,1.00
2017.05.04 18:53:22.037,1.13917,1.13932,1.12,1.00
2017.05.04 18:53:22.348,1.13917,1.13932,1.31,2.25
2017.05.04 18:53:22.856,1.13919,1.13932,1.00,1.75
2017.05.04 18:53:22.959,1.13919,1.13932,1.00,1.12
2017.05.04 18:53:23.743,1.13919,1.13931,1.00,1.00
2017.05.04 18:53:24.343,1.1392,1.13931,1.00,1.00
2017.05.04 18:53:29.929,1.1392,1.13933,1.00,2.62
2017.05.04 18:53:30.048,1.13922,1.13933,1.00,1.50
2017.05.04 18:53:30.255,1.13926,1.13937,1.00,1.50
2017.05.04 18:53:30.745,1.13926,1.13939,1.00,1.50
2017.05.04 18:53:31.360,1.13927,1.13939,1.00,1.00
2017.05.04 18:53:31.701,1.13925,1.13939,1.00,1.00
2017.05.04 18:53:31.804,1.13925,1.13938,1.00,1.37
2017.05.04 18:53:32.424,1.13925,1.13939,1.00,2.44
2017.05.04 18:53:40.348,1.13921,1.13934,1.31,1.50
2017.05.04 18:53:40.400,1.13921,1.13932,1.12,1.00
2017.05.04 18:53:41.350,1.1392,1.13932,1.00,1.00
2017.05.04 18:53:43.217,1.13918,1.13932,1.00,1.00
2017.05.04 18:53:43.372,1.13918,1.13932,1.00,1.50
2017.05.04 18:53:43.703,1.1392,1.13932,1.00,1.50
2017.05.04 18:53:44.283,1.13921,1.13932,1.00,1.50
2017.05.04 18:53:44.463,1.13921,1.13934,1.00,1.37
2017.05.04 18:53:47.599,1.13922,1.13934,1.00,1.37
2017.05.04 18:53:48.113,1.13922,1.13933,1.00,1.50
2017.05.04 18:53:48.740,1.13921,1.13933,1.00,1.50
2017.05.04 18:53:52.922,1.13921,1.13933,1.50,1.00
2017.05.04 18:53:53.377,1.1392,1.13933,1.00,1.00
2017.05.04 18:53:53.429,1.13918,1.13929,1.19,1.00
2017.05.04 18:53:53.531,1.1392,1.13932,1.00,1.00
2017.05.04 18:53:53.633,1.1392,1.13932,1.00,1.50
2017.05.04 18:53:53.685,1.1392,1.13932,1.00,1.00
2017.05.04 18:53:56.462,1.13919,1.13932,1.00,1.00
2017.05.04 18:53:56.667,1.13917,1.13929,1.00,1.00
2017.05.04 18:53:56.821,1.13913,1.13926,1.12,1.00
2017.05.04 18:53:57.247,1.13912,1.13924,1.00,1.00
2017.05.04 18:53:57.401,1.13912,1.13927,1.00,2.25
2017.05.04 18:53:59.326,1.13913,1.13927,1.12,1.50
2017.05.04 18:54:00.273,1.13912,1.13925,1.37,1.00
2017.05.04 18:54:03.550,1.13913,1.13926,1.12,1.87
2017.05.04 18:54:05.305,1.13911,1.13926,1.31,1.87
2017.05.04 18:54:05.823,1.13911,1.13926,1.62,1.87
2017.05.04 18:54:08.933,1.13911,1.13926,1.62,1.87
2017.05.04 18:54:10.227,1.13914,1.13926,1.00,1.12
2017.05.04 18:54:15.374,1.13914,1.13927,1.00,1.00
2017.05.04 18:54:16.036,1.13918,1.1393,1.00,2.25
2017.05.04 18:54:16.576,1.13918,1.1393,1.12,1.00
2017.05.04 18:54:17.376,1.13917,1.13931,1.37,1.12
2017.05.04 18:54:19.159,1.13918,1.13932,1.62,1.50
2017.05.04 18:54:19.261,1.1392,1.13933,1.00,1.87
2017.05.04 18:54:23.562,1.13922,1.13934,1.12,1.37
2017.05.04 18:54:23.715,1.1392,1.13934,1.00,1.87
2017.05.04 18:54:24.234,1.1392,1.13933,1.37,1.00
2017.05.04 18:54:25.465,1.13921,1.13932,1.00,1.00
2017.05.04 18:54:26.456,1.13921,1.13933,1.00,1.50
2017.05.04 18:54:27.065,1.1392,1.13933,1.12,1.50
2017.05.04 18:54:28.007,1.13919,1.13933,1.37,1.87
2017.05.04 18:54:28.109,1.13919,1.13932,1.00,1.00
2017.05.04 18:54:28.716,1.13918,1.13931,1.50,1.00
2017.05.04 18:54:29.605,1.13918,1.13931,1.12,1.00
2017.05.04 18:54:31.246,1.1392,1.13935,1.00,2.25
2017.05.04 18:54:31.553,1.13921,1.13934,1.37,1.37
2017.05.04 18:54:31.706,1.13921,1.13934,1.12,1.12
2017.05.04 18:54:32.219,1.1392,1.13934,1.00,1.12
2017.05.04 18:54:34.612,1.13921,1.13935,1.00,1.37
2017.05.04 18:54:35.918,1.13921,1.13935,1.50,1.12
2017.05.04 18:54:36.026,1.13921,1.13935,1.00,1.50
2017.05.04 18:54:38.029,1.13921,1.13934,1.00,1.00
2017.05.04 18:54:41.276,1.1392,1.13935,1.50,1.87
2017.05.04 18:54:41.782,1.1392,1.13935,1.37,3.00
2017.05.04 18:54:43.924,1.1392,1.13935,1.00,1.50
2017.05.04 18:54:44.808,1.1392,1.13935,1.37,3.00
2017.05.04 18:54:44.859,1.1392,1.13935,1.12,2.62
2017.05.04 18:54:44.911,1.1392,1.13935,1.37,2.62
2017.05.04 18:54:45.013,1.1392,1.13934,1.00,1.00
2017.05.04 18:54:45.592,1.1392,1.13933,1.00,1.00
2017.05.04 18:54:47.023,1.13917,1.13929,1.50,1.50
2017.05.04 18:54:47.278,1.13915,1.13928,1.00,1.50
2017.05.04 18:54:47.796,1.13916,1.13927,1.00,1.00
2017.05.04 18:54:48.315,1.13913,1.13922,1.75,1.00
2017.05.04 18:54:48.366,1.13912,1.13925,1.75,1.00
2017.05.04 18:54:48.418,1.13912,1.13925,1.87,1.50
2017.05.04 18:54:48.968,1.1391,1.13922,1.37,1.00
2017.05.04 18:54:49.020,1.1391,1.13922,1.37,1.00
2017.05.04 18:54:49.578,1.13911,1.13923,1.12,1.00
2017.05.04 18:54:50.150,1.13912,1.13922,1.00,1.00
2017.05.04 18:54:52.981,1.1391,1.13922,1.87,1.00
2017.05.04 18:54:54.097,1.13914,1.13925,1.00,1.00
2017.05.04 18:54:55.823,1.13914,1.13927,1.00,1.87
2017.05.04 18:54:57.143,1.13913,1.13925,1.12,1.00
2017.05.04 18:54:57.348,1.1391,1.13923,1.12,1.50
2017.05.04 18:54:57.817,1.13907,1.13921,1.12,1.00
2017.05.04 18:54:58.367,1.13907,1.13921,2.06,1.00
2017.05.04 18:54:58.419,1.13909,1.13924,1.19,2.25
2017.05.04 18:54:58.708,1.13911,1.13926,1.00,1.87
2017.05.04 18:54:58.981,1.13911,1.13924,1.00,1.00
2017.05.04 18:54:59.451,1.13913,1.13924,1.00,1.00
2017.05.04 18:55:00.237,1.13913,1.13923,1.00,1.00
2017.05.04 18:55:00.493,1.13908,1.13919,1.25,1.00
2017.05.04 18:55:01.020,1.13907,1.13918,1.19,1.00
2017.05.04 18:55:01.531,1.13907,1.13919,1.19,1.00
2017.05.04 18:55:02.174,1.13907,1.13918,1.00,1.00
2017.05.04 18:55:03.243,1.13907,1.1392,1.00,1.50
2017.05.04 18:55:03.397,1.13906,1.13916,1.00,1.00
2017.05.04 18:55:03.449,1.13906,1.13918,1.00,1.12
2017.05.04 18:55:03.704,1.13906,1.13916,1.00,1.00
2017.05.04 18:55:05.255,1.13906,1.13917,1.00,1.00
2017.05.04 18:55:06.309,1.13906,1.13916,1.00,1.00
2017.05.04 18:55:07.259,1.13905,1.13916,1.00,1.00
2017.05.04 18:55:08.261,1.13906,1.13916,1.00,1.00
2017.05.04 18:55:09.516,1.13906,1.13917,1.00,1.00
2017.05.04 18:55:09.619,1.13902,1.13915,1.50,1.00
2017.05.04 18:55:10.128,1.13902,1.13914,1.00,1.00
2017.05.04 18:55:12.095,1.13902,1.13913,1.00,1.00
2017.05.04 18:55:13.646,1.13902,1.13916,1.00,2.25
2017.05.04 18:55:14.181,1.13902,1.13914,1.00,1.00
2017.05.04 18:55:16.068,1.13902,1.13915,1.12,1.12
2017.05.04 18:55:16.451,1.13905,1.13917,1.00,1.75
2017.05.04 18:55:17.468,1.13906,1.13917,1.00,1.75
2017.05.04 18:55:18.692,1.13909,1.1392,1.00,1.75
2017.05.04 18:55:18.795,1.1391,1.1392,1.00,1.50
2017.05.04 18:55:18.898,1.13911,1.13924,1.00,2.62
2017.05.04 18:55:19.102,1.13911,1.13924,1.00,2.25
2017.05.04 18:55:19.667,1.13912,1.13924,1.00,1.50
2017.05.04 18:55:21.225,1.1391,1.13922,1.00,1.00
2017.05.04 18:55:21.532,1.13909,1.1392,1.00,1.00
2017.05.04 18:55:22.234,1.13911,1.13921,1.00,1.00
2017.05.04 18:55:22.771,1.13912,1.13923,1.00,1.37
2017.05.04 18:55:23.298,1.13913,1.13923,1.00,1.00
2017.05.04 18:55:23.401,1.1391,1.13922,1.00,1.00
2017.05.04 18:55:23.454,1.13909,1.13919,1.00,1.00
2017.05.04 18:55:24.006,1.13909,1.1392,1.00,1.00
2017.05.04 18:55:24.432,1.13907,1.1392,1.00,1.00
2017.05.04 18:55:25.028,1.13907,1.13917,1.00,1.00
2017.05.04 18:55:25.657,1.13906,1.13916,1.12,1.00
2017.05.04 18:55:27.157,1.13906,1.13917,1.00,1.00
2017.05.04 18:55:27.684,1.13904,1.13915,1.00,1.00
2017.05.04 18:55:28.191,1.13905,1.13916,1.00,1.00
2017.05.04 18:55:29.001,1.13905,1.13917,1.00,1.00
2017.05.04 18:55:30.884,1.13907,1.13917,1.00,1.00
2017.05.04 18:55:31.712,1.13907,1.13918,1.00,1.00
2017.05.04 18:55:32.038,1.13907,1.13916,1.00,1.00
2017.05.04 18:55:33.587,1.13907,1.13917,1.00,1.00
2017.05.04 18:55:35.405,1.13907,1.13918,1.00,1.00
2017.05.04 18:55:36.616,1.1391,1.1392,1.00,1.37
2017.05.04 18:55:37.207,1.13908,1.1392,1.00,1.37
2017.05.04 18:55:37.361,1.13907,1.13917,1.00,1.00
2017.05.04 18:55:38.223,1.13905,1.13917,1.00,1.00
2017.05.04 18:55:38.470,1.13907,1.13917,1.00,1.00
2017.05.04 18:55:39.070,1.13907,1.13918,1.00,1.00
2017.05.04 18:55:39.971,1.13907,1.1392,1.00,1.87
2017.05.04 18:55:40.481,1.13908,1.1392,1.00,1.37
2017.05.04 18:55:41.169,1.13906,1.1392,1.00,1.37
2017.05.04 18:55:41.271,1.13906,1.13917,1.00,1.00
2017.05.04 18:55:41.375,1.13902,1.13916,2.44,1.00
2017.05.04 18:55:41.426,1.13902,1.13913,1.50,1.00
2017.05.04 18:55:41.529,1.13902,1.13914,1.00,1.00
2017.05.04 18:55:41.975,1.13906,1.13914,1.00,1.00
2017.05.04 18:55:42.026,1.13906,1.13916,1.00,1.12
2017.05.04 18:55:44.368,1.13905,1.13916,1.00,1.12
2017.05.04 18:55:44.623,1.13906,1.13918,1.00,1.12
2017.05.04 18:55:49.645,1.13907,1.13918,1.00,1.12
2017.05.04 18:55:50.159,1.13908,1.13921,1.00,1.75
2017.05.04 18:55:53.106,1.13907,1.13919,1.00,1.37
2017.05.04 18:55:53.579,1.13904,1.13917,1.69,1.00
2017.05.04 18:55:54.123,1.13904,1.13918,1.19,1.12
2017.05.04 18:55:54.782,1.13906,1.13917,1.00,1.00
2017.05.04 18:55:55.300,1.13906,1.13918,1.00,1.12
2017.05.04 18:55:56.270,1.13907,1.13918,1.00,1.12
2017.05.04 18:55:56.655,1.13903,1.13916,1.12,1.00
2017.05.04 18:55:56.761,1.13901,1.13915,1.12,1.12
2017.05.04 18:55:56.864,1.13903,1.13917,1.00,1.87
2017.05.04 18:55:57.171,1.13905,1.13917,1.00,1.00
2017.05.04 18:55:57.909,1.13906,1.13917,1.00,1.00
2017.05.04 18:55:58.467,1.13904,1.13916,1.25,1.00
2017.05.04 18:55:58.978,1.13902,1.13915,1.19,1.00
2017.05.04 18:55:59.423,1.13902,1.13914,1.00,1.37
2017.05.04 18:55:59.985,1.13901,1.13913,1.00,1.12
2017.05.04 18:56:00.496,1.139,1.13913,1.25,1.00
2017.05.04 18:56:01.056,1.13901,1.13913,1.00,1.00
2017.05.04 18:56:02.987,1.13905,1.13913,1.00,1.00
2017.05.04 18:56:03.142,1.13905,1.13917,1.00,1.00
2017.05.04 18:56:04.404,1.13906,1.13917,1.00,1.00
2017.05.04 18:56:11.627,1.13907,1.13917,1.00,1.00
2017.05.04 18:56:12.143,1.13907,1.13918,1.00,1.00
2017.05.04 18:56:17.454,1.13909,1.13918,1.00,1.00
2017.05.04 18:56:17.557,1.13908,1.1392,1.25,1.12
2017.05.04 18:56:18.098,1.13907,1.13919,1.00,1.00
2017.05.04 18:56:19.847,1.13906,1.13919,1.25,1.00
2017.05.04 18:56:21.030,1.13908,1.13919,1.00,1.00
2017.05.04 18:56:21.566,1.13909,1.13919,1.00,1.00
2017.05.04 18:56:22.067,1.13909,1.13923,1.19,1.75
2017.05.04 18:56:22.602,1.13907,1.13918,1.69,1.00
2017.05.04 18:56:22.859,1.139,1.13912,1.00,3.00
2017.05.04 18:56:23.624,1.13899,1.13912,1.00,1.75
2017.05.04 18:56:24.013,1.13901,1.13913,1.00,2.62
2017.05.04 18:56:24.528,1.13901,1.13913,1.00,2.25
2017.05.04 18:56:24.971,1.13901,1.13913,1.00,2.25
2017.05.04 18:56:25.571,1.13899,1.13913,1.19,2.25
2017.05.04 18:56:26.103,1.13899,1.13911,1.00,1.50
2017.05.04 18:56:26.817,1.139,1.13911,1.00,1.50
2017.05.04 18:56:26.970,1.13901,1.13913,1.00,1.75
2017.05.04 18:56:27.500,1.139,1.13911,1.00,1.12
2017.05.04 18:56:28.069,1.13899,1.13911,1.00,1.12
2017.05.04 18:56:28.757,1.13901,1.13913,1.00,2.06
2017.05.04 18:56:29.880,1.139,1.13913,1.25,1.75
2017.05.04 18:56:29.983,1.13902,1.13914,1.25,1.00
2017.05.04 18:56:30.085,1.13902,1.13915,1.69,1.12
2017.05.04 18:56:31.307,1.13906,1.13918,1.00,4.05
2017.05.04 18:56:31.409,1.13906,1.13917,1.00,1.12
2017.05.04 18:56:32.779,1.13903,1.13916,1.25,1.00
2017.05.04 18:56:33.324,1.13904,1.13917,1.25,1.50
2017.05.04 18:56:35.867,1.13908,1.13918,1.00,1.50
2017.05.04 18:56:35.918,1.13909,1.13919,1.25,1.00
2017.05.04 18:56:36.020,1.13909,1.13922,1.25,1.12
2017.05.04 18:56:36.861,1.13911,1.13925,1.00,1.75
2017.05.04 18:56:36.914,1.13909,1.13924,1.31,2.06
2017.05.04 18:56:37.469,1.13909,1.13923,1.12,1.00
2017.05.04 18:56:37.946,1.13911,1.13922,1.00,1.00
2017.05.04 18:56:38.746,1.13911,1.13923,1.00,1.00
2017.05.04 18:56:40.230,1.1391,1.13923,1.50,1.50
2017.05.04 18:56:40.543,1.13907,1.13918,2.00,1.00
2017.05.04 18:56:40.595,1.13907,1.13918,1.12,1.00
2017.05.04 18:56:40.698,1.13904,1.13917,1.00,1.00
2017.05.04 18:56:41.429,1.13903,1.13917,1.50,1.00
2017.05.04 18:56:44.118,1.13904,1.13917,1.00,1.00
2017.05.04 18:56:45.382,1.13906,1.13919,1.00,2.25
2017.05.04 18:56:46.048,1.13906,1.13918,1.00,1.00
2017.05.04 18:56:46.884,1.13907,1.13918,1.00,1.00
2017.05.04 18:56:47.136,1.13905,1.13918,1.25,1.00
2017.05.04 18:56:47.713,1.13903,1.13917,1.69,1.00
2017.05.04 18:56:47.820,1.13906,1.13917,1.00,1.00
2017.05.04 18:56:47.873,1.13906,1.13919,1.25,1.50
2017.05.04 18:56:47.976,1.13907,1.13919,1.31,1.00
2017.05.04 18:56:48.230,1.13907,1.13921,1.19,1.00
2017.05.04 18:56:50.076,1.13908,1.1392,1.25,1.00
2017.05.04 18:56:50.229,1.13904,1.13919,4.31,1.12
2017.05.04 18:56:50.795,1.13904,1.13918,2.06,1.00
2017.05.04 18:56:51.405,1.13905,1.13917,1.25,1.00
2017.05.04 18:56:51.941,1.13905,1.13918,1.25,1.50
2017.05.04 18:56:53.728,1.13904,1.13917,2.06,1.00
2017.05.04 18:56:54.146,1.13904,1.13914,1.31,1.00
2017.05.04 18:56:54.250,1.139,1.13913,1.50,1.87
2017.05.04 18:56:54.302,1.139,1.13913,1.12,1.50
2017.05.04 18:56:54.844,1.139,1.13913,1.00,1.87
2017.05.04 18:56:55.276,1.13898,1.13912,1.50,1.12
2017.05.04 18:56:55.830,1.13899,1.13912,1.00,1.87
2017.05.04 18:56:56.458,1.139,1.13912,1.00,1.12
2017.05.04 18:56:56.980,1.13901,1.13912,1.00,1.00
2017.05.04 18:56:57.450,1.13899,1.13911,1.00,1.00
2017.05.04 18:56:58.026,1.13898,1.13911,1.00,1.00
2017.05.04 18:56:58.077,1.13898,1.13913,1.50,1.87
2017.05.04 18:56:58.657,1.13898,1.13912,1.50,1.00
2017.05.04 18:56:59.566,1.13898,1.13911,1.50,1.00
2017.05.04 18:57:00.638,1.13899,1.13912,1.00,1.50
2017.05.04 18:57:03.948,1.13898,1.13911,1.50,1.12
2017.05.04 18:57:04.253,1.13898,1.13913,1.50,1.50
2017.05.04 18:57:04.900,1.13899,1.13913,1.00,1.12
2017.05.04 18:57:06.194,1.13902,1.13915,1.00,1.00
2017.05.04 18:57:06.424,1.13902,1.13917,1.50,1.87
2017.05.04 18:57:07.171,1.13904,1.13917,1.00,1.87
2017.05.04 18:57:10.879,1.13901,1.13914,1.75,1.00
2017.05.04 18:57:11.033,1.13899,1.13913,1.12,1.00
2017.05.04 18:57:11.833,1.13901,1.13914,1.00,1.00
2017.05.04 18:57:12.423,1.13899,1.13914,1.12,1.00
2017.05.04 18:57:12.474,1.13898,1.13912,1.50,1.00
2017.05.04 18:57:12.883,1.13897,1.1391,1.50,1.00
2017.05.04 18:57:13.403,1.13896,1.13907,1.75,1.00
2017.05.04 18:57:13.556,1.13895,1.13907,1.00,1.00
2017.05.04 18:57:14.251,1.13895,1.13907,1.00,1.50
2017.05.04 18:57:14.786,1.13896,1.13908,1.00,1.87
2017.05.04 18:57:15.656,1.13896,1.13907,1.00,1.12
2017.05.04 18:57:17.183,1.13898,1.13909,1.00,1.75
2017.05.04 18:57:17.444,1.13898,1.1391,1.00,1.50
2017.05.04 18:57:17.974,1.13897,1.1391,1.00,2.25
2017.05.04 18:57:18.313,1.13897,1.13908,1.00,1.00
2017.05.04 18:57:18.854,1.13895,1.13908,1.00,1.00
2017.05.04 18:57:20.317,1.13894,1.13905,1.00,1.12
2017.05.04 18:57:20.471,1.13892,1.13904,1.12,1.00
2017.05.04 18:57:20.995,1.13893,1.13904,1.00,1.00
2017.05.04 18:57:21.518,1.13892,1.13904,1.25,1.00
2017.05.04 18:57:22.989,1.13892,1.13905,1.69,1.87
2017.05.04 18:57:23.498,1.13893,1.13905,1.00,1.87
2017.05.04 18:57:24.621,1.13891,1.13904,1.00,1.50
2017.05.04 18:57:25.147,1.13891,1.13902,1.00,1.00
2017.05.04 18:57:25.359,1.13891,1.13905,1.00,1.87
2017.05.04 18:57:25.441,1.13891,1.13905,1.00,2.25
2017.05.04 18:57:25.747,1.13895,1.13906,1.00,1.75
2017.05.04 18:57:25.799,1.13895,1.13905,1.00,1.00
2017.05.04 18:57:26.310,1.13894,1.13905,1.00,1.50
2017.05.04 18:57:26.900,1.13895,1.13905,1.00,1.00
2017.05.04 18:57:27.209,1.13893,1.13906,1.25,1.87
2017.05.04 18:57:27.763,1.13894,1.13905,1.00,1.50
2017.05.04 18:57:28.169,1.1389,1.13901,1.69,1.00
2017.05.04 18:57:28.273,1.13887,1.139,1.12,1.87
2017.05.04 18:57:28.427,1.13885,1.13898,2.00,1.37
2017.05.04 18:57:28.479,1.13885,1.13898,1.25,1.50
2017.05.04 18:57:29.019,1.13885,1.13899,1.25,1.37
2017.05.04 18:57:29.493,1.13882,1.13894,2.06,1.00
2017.05.04 18:57:29.629,1.13879,1.13893,2.00,1.00
2017.05.04 18:57:29.681,1.13879,1.13893,1.25,1.12
2017.05.04 18:57:30.190,1.13879,1.13892,1.25,1.12
2017.05.04 18:57:30.956,1.13881,1.13892,1.00,1.00
2017.05.04 18:57:31.197,1.13881,1.13894,1.25,1.00
2017.05.04 18:57:31.751,1.13882,1.13893,1.25,1.00
2017.05.04 18:57:32.283,1.1388,1.13892,1.19,1.00
2017.05.04 18:57:32.792,1.1388,1.13891,1.00,1.00
2017.05.04 18:57:33.402,1.1388,1.13892,1.00,1.50
2017.05.04 18:57:33.453,1.1388,1.13889,1.00,1.00
2017.05.04 18:57:33.607,1.13875,1.13885,1.00,1.00
2017.05.04 18:57:33.734,1.13875,1.13883,1.00,1.00
2017.05.04 18:57:33.786,1.1387,1.13881,1.50,1.00
2017.05.04 18:57:33.888,1.13868,1.13881,1.00,1.12
2017.05.04 18:57:34.699,1.1387,1.13883,1.25,1.37
2017.05.04 18:57:35.002,1.13875,1.13886,1.00,1.12
2017.05.04 18:57:35.515,1.13875,1.13887,1.00,1.00
2017.05.04 18:57:36.046,1.13875,1.13888,1.00,1.00
2017.05.04 18:57:36.683,1.13874,1.13888,1.25,1.00
2017.05.04 18:57:37.686,1.13876,1.13888,1.00,1.00
2017.05.04 18:57:40.159,1.13873,1.13883,1.75,1.12
2017.05.04 18:57:40.417,1.13876,1.13886,1.00,1.50
2017.05.04 18:57:40.958,1.13876,1.13886,1.00,1.00
2017.05.04 18:57:41.465,1.13875,1.13886,1.00,1.00
2017.05.04 18:57:41.842,1.13872,1.13882,2.00,1.12
2017.05.04 18:57:41.893,1.13872,1.13882,1.00,1.00
2017.05.04 18:57:42.409,1.13871,1.1388,1.00,1.00
2017.05.04 18:57:42.513,1.13867,1.13878,1.87,1.00
2017.05.04 18:57:42.819,1.1387,1.13878,1.00,1.00
2017.05.04 18:57:42.922,1.1387,1.13882,1.00,1.75
2017.05.04 18:57:43.024,1.13873,1.13883,1.00,1.75
2017.05.04 18:57:43.127,1.13873,1.13884,1.00,1.00
2017.05.04 18:57:43.675,1.13874,1.13885,1.00,1.00
2017.05.04 18:57:43.828,1.13872,1.13885,1.00,1.00
2017.05.04 18:57:44.033,1.13872,1.13883,1.00,1.00
2017.05.04 18:57:44.084,1.1387,1.13883,1.25,1.00
2017.05.04 18:57:44.136,1.13869,1.13881,1.19,1.00
2017.05.04 18:57:44.700,1.13869,1.13881,1.69,1.00
2017.05.04 18:57:45.016,1.1387,1.13883,1.37,1.00
2017.05.04 18:57:45.550,1.1387,1.13883,1.00,1.50
2017.05.04 18:57:45.602,1.1387,1.13881,1.00,1.00
2017.05.04 18:57:45.704,1.1387,1.13883,1.12,1.50
2017.05.04 18:57:46.252,1.13871,1.13883,1.00,1.00
2017.05.04 18:57:46.996,1.13873,1.13883,1.00,1.00
2017.05.04 18:57:47.048,1.13874,1.13887,1.00,1.75
2017.05.04 18:57:47.101,1.13874,1.13888,2.81,1.75
2017.05.04 18:57:47.154,1.13874,1.13889,1.25,2.25
2017.05.04 18:57:47.681,1.13873,1.13886,2.00,1.50
2017.05.04 18:57:47.927,1.13873,1.13886,1.00,1.00
2017.05.04 18:57:48.153,1.13876,1.13888,1.00,1.50
2017.05.04 18:57:48.257,1.13873,1.13888,1.69,1.50
2017.05.04 18:57:48.817,1.13873,1.13888,2.44,1.00
2017.05.04 18:57:49.320,1.13874,1.13887,1.69,1.00
2017.05.04 18:57:49.477,1.13875,1.13889,1.19,1.00
2017.05.04 18:57:49.981,1.13877,1.1389,1.00,2.25
2017.05.04 18:57:51.176,1.13876,1.1389,1.25,1.50
2017.05.04 18:57:52.592,1.13878,1.1389,1.00,1.50
2017.05.04 18:57:53.848,1.13876,1.1389,1.25,1.50
2017.05.04 18:57:56.596,1.13874,1.13887,2.06,1.50
2017.05.04 18:57:57.189,1.13874,1.13887,1.25,1.50
2017.05.04 18:57:57.602,1.13874,1.13887,1.69,1.00
2017.05.04 18:57:57.653,1.13873,1.13886,1.69,1.00
2017.05.04 18:57:57.926,1.13875,1.13888,1.00,1.50
2017.05.04 18:57:58.130,1.13873,1.13886,1.69,1.00
2017.05.04 18:57:58.234,1.13871,1.13884,1.50,1.50
2017.05.04 18:58:00.176,1.1387,1.13884,1.25,1.00
2017.05.04 18:58:01.083,1.13869,1.13881,1.87,1.00
2017.05.04 18:58:01.186,1.13867,1.13881,1.31,1.50
2017.05.04 18:58:01.536,1.1387,1.13881,1.25,1.00
2017.05.04 18:58:01.895,1.13871,1.13884,1.69,1.50
2017.05.04 18:58:02.048,1.13871,1.13885,1.69,1.12
2017.05.04 18:58:02.524,1.13872,1.13883,1.25,1.00
2017.05.04 18:58:03.065,1.13873,1.13884,1.00,1.00
2017.05.04 18:58:03.566,1.13873,1.13883,1.00,1.00
2017.05.04 18:58:04.169,1.13874,1.13883,1.00,1.00
2017.05.04 18:58:04.221,1.13875,1.13885,1.00,1.12
2017.05.04 18:58:04.454,1.13873,1.13883,1.25,1.00
2017.05.04 18:58:05.000,1.13872,1.13882,1.00,1.00
2017.05.04 18:58:05.343,1.13869,1.1388,1.69,1.00
2017.05.04 18:58:05.532,1.13869,1.13882,2.06,1.00
2017.05.04 18:58:05.587,1.13874,1.13883,1.00,1.50
2017.05.04 18:58:05.919,1.13871,1.13883,1.00,1.12
2017.05.04 18:58:05.971,1.13871,1.13881,1.00,1.00
2017.05.04 18:58:06.371,1.13873,1.13884,1.00,1.50
2017.05.04 18:58:07.344,1.13872,1.13883,1.25,1.12
2017.05.04 18:58:07.662,1.13876,1.13886,1.00,1.50
2017.05.04 18:58:07.713,1.13876,1.13886,1.00,1.12
2017.05.04 18:58:07.817,1.13873,1.13885,1.00,1.00
2017.05.04 18:58:08.023,1.13872,1.13882,1.12,1.00
2017.05.04 18:58:08.380,1.13871,1.13884,1.87,1.00
2017.05.04 18:58:08.702,1.13873,1.13886,1.00,1.12
2017.05.04 18:58:09.591,1.13874,1.13886,1.00,1.00
2017.05.04 18:58:09.642,1.13874,1.13888,1.00,1.00
2017.05.04 18:58:09.803,1.13874,1.13886,1.00,1.00
2017.05.04 18:58:10.478,1.13873,1.13886,1.12,1.00
2017.05.04 18:58:11.012,1.13871,1.13883,3.19,1.87
2017.05.04 18:58:11.115,1.13868,1.13878,1.37,1.00
2017.05.04 18:58:11.416,1.13865,1.13876,1.31,1.00
2017.05.04 18:58:11.672,1.13864,1.13874,1.19,1.00
2017.05.04 18:58:12.328,1.13864,1.13874,1.25,1.00
2017.05.04 18:58:12.738,1.13864,1.13876,1.19,1.00
2017.05.04 18:58:13.322,1.13864,1.13874,1.19,1.00
2017.05.04 18:58:13.846,1.13864,1.13874,1.00,1.00
2017.05.04 18:58:14.489,1.13862,1.13874,1.19,1.00
2017.05.04 18:58:16.817,1.13865,1.13878,1.25,1.50
2017.05.04 18:58:16.971,1.13863,1.13874,1.50,1.31
2017.05.04 18:58:17.280,1.13858,1.13869,1.25,1.00
2017.05.04 18:58:18.061,1.13856,1.13869,1.69,1.00
2017.05.04 18:58:18.571,1.13857,1.13868,1.25,1.00
2017.05.04 18:58:18.879,1.13858,1.13871,1.19,1.50
2017.05.04 18:58:20.032,1.13856,1.13869,1.69,1.50
2017.05.04 18:58:20.084,1.13856,1.13867,1.69,1.00
2017.05.04 18:58:21.156,1.13858,1.13868,1.19,1.00
2017.05.04 18:58:21.310,1.13855,1.13868,1.25,1.00
2017.05.04 18:58:21.361,1.13855,1.1387,1.25,2.25
2017.05.04 18:58:21.464,1.13857,1.13872,1.00,2.25
2017.05.04 18:58:21.977,1.13857,1.13872,1.19,1.50
2017.05.04 18:58:23.401,1.13859,1.13872,1.00,1.00
2017.05.04 18:58:23.939,1.13857,1.13871,1.31,1.00
2017.05.04 18:58:24.394,1.13859,1.13871,1.69,1.00
2017.05.04 18:58:25.072,1.13859,1.13872,1.69,1.50
2017.05.04 18:58:25.675,1.1386,1.13874,1.25,1.12
2017.05.04 18:58:26.209,1.13861,1.13874,1.00,1.31
2017.05.04 18:58:28.083,1.13861,1.13873,1.00,1.00
2017.05.04 18:58:28.978,1.13859,1.13874,1.69,2.06
2017.05.04 18:58:29.526,1.13859,1.13872,1.69,1.00
2017.05.04 18:58:30.027,1.13861,1.13874,1.00,2.06
2017.05.04 18:58:30.247,1.13863,1.13878,1.25,2.00
2017.05.04 18:58:30.875,1.13862,1.13875,2.06,1.00
2017.05.04 18:58:32.191,1.13862,1.13874,2.06,1.00
2017.05.04 18:58:32.733,1.13862,1.13874,1.19,1.31
2017.05.04 18:58:33.250,1.13862,1.13875,1.25,1.56
2017.05.04 18:58:35.965,1.1386,1.13873,1.31,1.25
2017.05.04 18:58:36.960,1.1386,1.13872,1.31,1.00
2017.05.04 18:58:38.666,1.1386,1.13873,1.25,1.25
2017.05.04 18:58:39.845,1.1386,1.13872,1.25,1.00
2017.05.04 18:58:40.834,1.1386,1.13874,1.25,1.31
2017.05.04 18:58:42.405,1.13863,1.13874,1.00,1.31
2017.05.04 18:58:42.713,1.13862,1.13876,3.19,1.25
2017.05.04 18:58:43.243,1.13863,1.13875,1.19,1.87
2017.05.04 18:58:43.347,1.13862,1.13875,1.69,1.87
2017.05.04 18:58:44.814,1.13861,1.13873,2.06,1.00
2017.05.04 18:58:45.607,1.13859,1.13872,1.75,1.12
2017.05.04 18:58:45.709,1.1386,1.13872,1.00,1.00
2017.05.04 18:58:46.017,1.13858,1.13872,1.25,2.25
2017.05.04 18:58:46.865,1.1386,1.13872,1.00,1.00
2017.05.04 18:58:47.399,1.1386,1.13873,1.31,1.50
2017.05.04 18:58:47.780,1.13863,1.13873,1.00,1.50
2017.05.04 18:58:48.035,1.1386,1.13873,1.50,1.50
2017.05.04 18:58:48.838,1.1386,1.13871,1.00,1.00
2017.05.04 18:58:49.373,1.13859,1.1387,1.00,1.50
2017.05.04 18:58:49.897,1.13859,1.13869,1.00,1.00
2017.05.04 18:58:51.563,1.13857,1.13866,1.00,1.00
2017.05.04 18:58:51.871,1.13851,1.13857,1.00,1.00
2017.05.04 18:58:51.922,1.13844,1.13857,1.50,1.00
2017.05.04 18:58:52.025,1.13842,1.13858,1.12,2.25
2017.05.04 18:58:52.127,1.13843,1.13858,1.56,1.75
2017.05.04 18:58:52.229,1.13843,1.13858,2.06,1.50
2017.05.04 18:58:52.784,1.13844,1.13859,1.19,1.50
2017.05.04 18:58:54.014,1.13844,1.13857,1.00,1.00
2017.05.04 18:58:54.623,1.13844,1.13858,1.19,1.00
2017.05.04 18:58:55.087,1.13846,1.1386,1.25,1.50
2017.05.04 18:58:55.343,1.13846,1.1386,2.00,1.00
2017.05.04 18:58:55.844,1.13846,1.13859,2.00,1.00
2017.05.04 18:58:56.386,1.13844,1.1386,2.44,1.87
2017.05.04 18:58:57.560,1.13846,1.13859,1.94,1.00
2017.05.04 18:58:58.714,1.13845,1.13855,1.94,1.00
2017.05.04 18:58:58.922,1.13845,1.13857,1.94,1.00
2017.05.04 18:58:59.044,1.13845,1.13855,2.44,1.00
2017.05.04 18:58:59.248,1.13844,1.13855,1.56,1.00
2017.05.04 18:58:59.390,1.13843,1.13851,1.50,1.00
2017.05.04 18:58:59.543,1.13841,1.13851,1.31,1.00
2017.05.04 18:59:00.102,1.13841,1.13853,1.31,1.00
2017.05.04 18:59:00.428,1.13841,1.13852,1.69,1.00
2017.05.04 18:59:00.480,1.13843,1.13854,1.50,1.00
2017.05.04 18:59:00.736,1.13845,1.13855,1.69,1.00
2017.05.04 18:59:00.788,1.13845,1.13857,1.69,1.00
2017.05.04 18:59:01.267,1.13845,1.13855,1.69,1.00
2017.05.04 18:59:01.768,1.13845,1.13856,1.19,1.00
2017.05.04 18:59:02.311,1.13844,1.13857,2.81,1.00
2017.05.04 18:59:02.624,1.13845,1.13855,1.19,1.00
2017.05.04 18:59:02.787,1.13845,1.13857,1.19,1.00
2017.05.04 18:59:02.963,1.13845,1.13854,1.19,1.00
2017.05.04 18:59:03.467,1.13846,1.13855,1.69,1.00
2017.05.04 18:59:03.801,1.13846,1.13859,1.56,1.00
2017.05.04 18:59:04.158,1.13851,1.13864,1.25,1.37
2017.05.04 18:59:04.210,1.13854,1.13866,1.25,2.25
2017.05.04 18:59:04.261,1.13854,1.13866,1.62,1.50
2017.05.04 18:59:04.575,1.13854,1.13864,2.06,1.00
2017.05.04 18:59:04.835,1.13854,1.13866,2.06,1.00
2017.05.04 18:59:05.193,1.13857,1.13867,1.19,1.00
2017.05.04 18:59:05.789,1.13856,1.13867,2.44,1.00
2017.05.04 18:59:05.841,1.13856,1.13869,2.81,1.00
2017.05.04 18:59:06.065,1.13859,1.1387,1.37,1.00
2017.05.04 18:59:06.373,1.13857,1.13867,1.00,1.00
2017.05.04 18:59:06.426,1.13857,1.13869,1.12,1.00
2017.05.04 18:59:07.074,1.13857,1.13869,2.06,1.00
2017.05.04 18:59:07.228,1.1386,1.13871,1.00,1.00
2017.05.04 18:59:07.554,1.1386,1.13869,1.00,1.00
2017.05.04 18:59:07.961,1.1386,1.13867,1.00,1.00
2017.05.04 18:59:08.127,1.1386,1.1387,1.00,1.00
2017.05.04 18:59:08.865,1.1386,1.13866,1.00,1.00
2017.05.04 18:59:09.027,1.13856,1.13868,2.44,1.00
2017.05.04 18:59:09.079,1.13857,1.13868,1.25,1.00
2017.05.04 18:59:10.156,1.13856,1.13867,2.44,1.00
2017.05.04 18:59:11.185,1.13853,1.13863,3.67,1.00
2017.05.04 18:59:11.287,1.13853,1.13865,2.62,1.00
2017.05.04 18:59:11.750,1.13856,1.13867,1.12,1.00
2017.05.04 18:59:11.853,1.13857,1.13866,1.50,1.00
2017.05.04 18:59:11.904,1.13857,1.13868,1.50,1.00
2017.05.04 18:59:12.029,1.13857,1.13866,1.50,1.00
2017.05.04 18:59:13.023,1.13856,1.13865,1.75,1.00
2017.05.04 18:59:13.262,1.13854,1.13863,2.06,1.00
2017.05.04 18:59:13.656,1.13855,1.13865,1.69,1.00
2017.05.04 18:59:14.193,1.13857,1.13864,1.00,1.00
2017.05.04 18:59:14.550,1.13854,1.13866,1.69,1.00
2017.05.04 18:59:15.518,1.13854,1.13865,2.44,1.00
2017.05.04 18:59:16.551,1.13854,1.13866,2.81,1.00
2017.05.04 18:59:17.888,1.13856,1.13867,1.00,1.00
2017.05.04 18:59:18.355,1.13856,1.13865,1.00,1.00
2017.05.04 18:59:18.881,1.13854,1.13864,1.50,1.00
2017.05.04 18:59:19.436,1.13854,1.13865,1.50,1.00
2017.05.04 18:59:19.981,1.13854,1.13866,1.50,1.00
2017.05.04 18:59:20.492,1.13854,1.13864,1.50,1.00
2017.05.04 18:59:21.012,1.13856,1.13865,1.00,1.00
2017.05.04 18:59:21.741,1.13854,1.13864,1.87,1.00
2017.05.04 18:59:21.843,1.13854,1.13866,1.87,1.00
2017.05.04 18:59:22.203,1.13856,1.13868,1.00,1.00
2017.05.04 18:59:22.255,1.13858,1.13868,1.00,1.00
2017.05.04 18:59:22.707,1.13858,1.13865,1.00,1.00
2017.05.04 18:59:22.963,1.13853,1.13865,1.50,1.00
2017.05.04 18:59:23.499,1.13853,1.13864,1.50,1.00
2017.05.04 18:59:24.147,1.13854,1.13866,1.50,1.00
2017.05.04 18:59:24.358,1.13856,1.13865,1.00,1.00
2017.05.04 18:59:24.410,1.13857,1.13867,1.00,1.00
2017.05.04 18:59:24.461,1.13857,1.13869,1.00,1.00
2017.05.04 18:59:24.557,1.13857,1.13869,2.62,1.00
2017.05.04 18:59:25.099,1.13859,1.13868,1.00,1.00
2017.05.04 18:59:25.304,1.13857,1.13867,1.25,1.00
2017.05.04 18:59:25.811,1.13856,1.13866,1.25,1.00
2017.05.04 18:59:26.015,1.13856,1.13866,1.94,1.00
2017.05.04 18:59:27.331,1.1386,1.13866,1.00,1.00
2017.05.04 18:59:28.859,1.13861,1.13866,1.00,1.00
2017.05.04 18:59:29.396,1.13861,1.13867,1.00,1.00
2017.05.04 18:59:29.915,1.13861,1.13868,1.00,1.00
2017.05.04 18:59:30.123,1.13861,1.1387,1.00,1.00
2017.05.04 18:59:30.276,1.13861,1.13868,1.00,1.00
2017.05.04 18:59:30.328,1.13861,1.1387,1.00,1.00
2017.05.04 18:59:30.431,1.13863,1.13871,1.00,1.00
2017.05.04 18:59:30.964,1.13864,1.13872,1.00,1.00
2017.05.04 18:59:31.437,1.13862,1.1387,1.00,1.00
2017.05.04 18:59:31.973,1.13861,1.13868,1.00,1.00
2017.05.04 18:59:32.075,1.13861,1.1387,1.00,1.00
2017.05.04 18:59:32.586,1.13863,1.13873,1.00,1.00
2017.05.04 18:59:33.098,1.13866,1.13873,1.00,1.00
2017.05.04 18:59:33.253,1.13866,1.13875,1.00,1.00
2017.05.04 18:59:33.724,1.13866,1.1387,1.00,1.00
2017.05.04 18:59:33.827,1.13863,1.1387,1.50,1.00
2017.05.04 18:59:33.879,1.13864,1.13872,1.00,1.00
2017.05.04 18:59:34.214,1.13865,1.13874,1.00,1.00
2017.05.04 18:59:34.265,1.13865,1.13876,1.00,1.50
2017.05.04 18:59:34.318,1.13865,1.13874,1.50,1.00
2017.05.04 18:59:34.624,1.13866,1.13878,2.62,1.00
2017.05.04 18:59:34.778,1.1387,1.13879,1.00,1.00
2017.05.04 18:59:35.157,1.13868,1.13875,1.50,1.00
2017.05.04 18:59:35.209,1.13868,1.13878,1.00,1.00
2017.05.04 18:59:35.261,1.13868,1.13876,1.00,1.00
2017.05.04 18:59:35.569,1.13868,1.13874,1.00,1.00
2017.05.04 18:59:35.898,1.13868,1.13872,1.00,1.00
2017.05.04 18:59:36.052,1.13868,1.13875,1.00,1.00
2017.05.04 18:59:36.155,1.1387,1.13876,1.00,1.00
2017.05.04 18:59:36.467,1.1387,1.13878,1.00,1.00
2017.05.04 18:59:36.981,1.13868,1.13879,1.75,1.00
2017.05.04 18:59:37.542,1.1387,1.13878,1.50,1.00
2017.05.04 18:59:37.595,1.1387,1.1388,1.50,1.00
2017.05.04 18:59:37.697,1.13868,1.13878,1.75,1.00
2017.05.04 18:59:38.113,1.13868,1.13878,1.00,1.00
2017.05.04 18:59:38.217,1.13871,1.13879,1.00,1.00
2017.05.04 18:59:38.759,1.13871,1.13878,1.12,1.00
2017.05.04 18:59:39.576,1.1387,1.13881,1.37,1.00
2017.05.04 18:59:39.628,1.13871,1.13882,1.91,1.00
2017.05.04 18:59:39.833,1.1387,1.1388,1.56,1.00
2017.05.04 18:59:39.936,1.1387,1.13878,1.56,1.00
2017.05.04 18:59:40.421,1.13868,1.13876,1.75,1.00
2017.05.04 18:59:40.523,1.13865,1.13876,3.86,1.00
2017.05.04 18:59:40.626,1.13867,1.13876,1.00,1.00
2017.05.04 18:59:41.050,1.13866,1.1387,1.00,1.00
2017.05.04 18:59:41.204,1.13859,1.13869,2.00,1.00
2017.05.04 18:59:41.306,1.13859,1.13869,2.00,1.00
2017.05.04 18:59:41.873,1.13859,1.1387,2.00,1.00
2017.05.04 18:59:42.077,1.1386,1.13872,2.06,1.00
2017.05.04 18:59:42.601,1.1386,1.13871,2.81,1.00
2017.05.04 18:59:42.761,1.1386,1.13873,2.06,1.00
2017.05.04 18:59:43.866,1.1386,1.13874,2.06,1.00
2017.05.04 18:59:44.121,1.13862,1.13874,1.37,1.00
2017.05.04 18:59:44.946,1.13862,1.13873,1.50,1.00
2017.05.04 18:59:45.615,1.13861,1.13874,2.00,1.00
2017.05.04 18:59:46.043,1.13861,1.13871,1.75,1.00
2017.05.04 18:59:46.250,1.13858,1.13869,1.50,1.00
2017.05.04 18:59:46.303,1.13858,1.13871,2.06,1.00
2017.05.04 18:59:46.814,1.13857,1.1387,2.06,1.00
2017.05.04 18:59:47.278,1.13859,1.1387,1.75,1.00
2017.05.04 18:59:47.380,1.13859,1.13872,1.75,1.00
2017.05.04 18:59:48.041,1.1386,1.13871,1.75,1.00
2017.05.04 18:59:48.093,1.1386,1.13874,1.75,1.50
2017.05.04 18:59:48.145,1.13859,1.1387,1.87,1.00
2017.05.04 18:59:48.318,1.13858,1.1387,1.69,1.00
2017.05.04 18:59:48.372,1.13857,1.13872,2.06,1.00
2017.05.04 18:59:48.526,1.13857,1.13872,1.31,1.00
2017.05.04 18:59:48.629,1.13857,1.13872,2.06,1.00
2017.05.04 18:59:48.732,1.13857,1.13872,1.69,1.00
2017.05.04 18:59:48.835,1.13861,1.13872,1.00,1.00
2017.05.04 18:59:49.158,1.13861,1.13865,1.00,1.00
2017.05.04 18:59:49.387,1.13851,1.13863,1.05,1.00
2017.05.04 18:59:49.440,1.1385,1.13862,1.00,1.00
2017.05.04 18:59:49.493,1.13853,1.13861,1.00,1.00
2017.05.04 18:59:49.545,1.1385,1.13861,1.00,1.12
2017.05.04 18:59:49.648,1.1385,1.13863,1.19,1.00
2017.05.04 18:59:50.159,1.13848,1.13863,2.44,1.12
2017.05.04 18:59:50.351,1.13851,1.13865,2.06,1.00
2017.05.04 18:59:50.657,1.13853,1.13867,2.81,1.25
2017.05.04 18:59:52.194,1.13854,1.13866,3.00,1.00
2017.05.04 18:59:52.246,1.13854,1.13868,2.44,1.00
2017.05.04 18:59:52.790,1.13854,1.13869,2.44,1.87
2017.05.04 18:59:53.337,1.13855,1.13868,1.25,1.00
2017.05.04 18:59:53.945,1.13855,1.1387,1.25,2.25
2017.05.04 18:59:54.099,1.13858,1.13873,1.00,2.25
2017.05.04 18:59:54.253,1.13862,1.13876,2.06,2.92
2017.05.04 18:59:54.355,1.13862,1.13878,3.94,1.12
2017.05.04 18:59:54.893,1.13865,1.13879,1.31,1.50
2017.05.04 18:59:55.251,1.13867,1.13882,1.87,1.50
2017.05.04 18:59:55.845,1.13866,1.13881,2.00,1.00
2017.05.04 18:59:56.357,1.13866,1.13882,2.06,1.00
2017.05.04 18:59:56.799,1.13866,1.1388,2.00,1.00
2017.05.04 18:59:57.303,1.13867,1.13881,2.44,1.00
2017.05.04 18:59:58.356,1.13868,1.13883,2.44,1.87
2017.05.04 18:59:58.459,1.13871,1.13883,1.00,1.50
2017.05.04 18:59:58.767,1.13871,1.1388,1.00,1.00
2017.05.04 18:59:59.269,1.13871,1.13879,1.00,1.50
2017.05.04 18:59:59.372,1.13866,1.13879,2.06,1.00
2017.05.04 18:59:59.423,1.13866,1.13881,1.94,1.00
2017.05.04 18:59:59.700,1.13865,1.13879,1.94,1.00
