2012.09.05 01:00:02.120,0.81893,0.81907,2.18,1.88
2012.09.05 01:00:03.780,0.81893,0.81907,2.18,1.88
2012.09.05 01:00:03.939,0.81893,0.81907,2.18,1.88
2012.09.05 01:00:04.829,0.81893,0.81907,2.18,1.88
2012.09.05 01:00:04.901,0.81893,0.81911,2.18,3.30
2012.09.05 01:00:05.929,0.81893,0.81911,2.18,3.30
2012.09.05 01:00:06.030,0.81893,0.81911,2.18,3.30
2012.09.05 01:00:06.358,0.81893,0.81911,2.18,3.30
2012.09.05 01:00:07.889,0.81893,0.81911,2.18,3.30
2012.09.05 01:00:09.001,0.81893,0.81911,2.18,3.30
2012.09.05 01:00:10.499,0.81893,0.81911,2.18,3.30
2012.09.05 01:00:12.077,0.81893,0.81911,2.18,3.30
2012.09.05 01:00:20.281,0.81895,0.81911,2.18,3.30
2012.09.05 01:00:24.053,0.81895,0.81911,2.18,3.30
2012.09.05 01:00:24.690,0.81897,0.81916,2.18,3.30
2012.09.05 01:00:27.880,0.81897,0.81914,2.18,1.88
2012.09.05 01:00:38.460,0.81897,0.81914,2.18,2.63
2012.09.05 01:00:40.739,0.81897,0.81914,1.43,2.63
2012.09.05 01:00:40.938,0.81897,0.81914,2.18,1.88
2012.09.05 01:00:45.820,0.81901,0.81916,2.63,1.43
2012.09.05 01:00:54.742,0.81903,0.81921,1.43,4.05
2012.09.05 01:00:59.451,0.81903,0.8192,2.18,1.88
2012.09.05 01:01:00.118,0.81903,0.81921,4.05,1.43
2012.09.05 01:01:01.448,0.81908,0.81923,1.43,1.88
2012.09.05 01:01:01.970,0.81908,0.81922,1.43,1.88
2012.09.05 01:01:08.549,0.81908,0.8192,1.43,1.88
2012.09.05 01:01:12.299,0.81908,0.81922,1.43,1.88
2012.09.05 01:01:16.674,0.81908,0.81922,1.43,2.63
2012.09.05 01:01:21.421,0.81903,0.81921,1.43,4.05
2012.09.05 01:01:29.930,0.81906,0.81921,1.43,4.05
2012.09.05 01:01:30.238,0.81909,0.81921,1.43,2.63
2012.09.05 01:01:30.309,0.81909,0.81921,1.43,1.88
2012.09.05 01:01:32.324,0.81913,0.81927,1.43,3.27
2012.09.05 01:01:32.470,0.81913,0.81928,1.43,2.18
2012.09.05 01:01:33.089,0.81913,0.81927,1.43,1.88
2012.09.05 01:01:33.161,0.81911,0.81923,1.43,1.43
2012.09.05 01:01:33.229,0.81907,0.81923,1.88,1.43
2012.09.05 01:01:33.731,0.81908,0.81926,1.43,2.18
2012.09.05 01:01:33.931,0.8191,0.81926,1.88,2.18
2012.09.05 01:01:34.681,0.8191,0.81926,2.63,1.43
2012.09.05 01:01:35.018,0.8191,0.81926,1.88,2.18
2012.09.05 01:01:35.148,0.8191,0.81926,2.63,1.43
2012.09.05 01:01:35.802,0.81913,0.81927,1.43,1.43
2012.09.05 01:01:36.329,0.81913,0.81931,1.43,2.18
2012.09.05 01:01:36.519,0.81913,0.81931,1.43,2.18
2012.09.05 01:01:36.791,0.81913,0.81931,1.43,2.18
2012.09.05 01:01:37.659,0.81913,0.81931,1.43,2.18
2012.09.05 01:01:41.069,0.81918,0.8193,1.43,2.63
2012.09.05 01:01:41.670,0.8191,0.81929,2.18,4.05
2012.09.05 01:01:42.230,0.8191,0.81923,1.43,1.88
2012.09.05 01:01:42.300,0.81905,0.81922,3.68,1.88
2012.09.05 01:01:43.559,0.8191,0.81922,1.43,1.88
2012.09.05 01:01:44.182,0.8191,0.81923,1.43,1.88
2012.09.05 01:01:44.739,0.81909,0.81927,1.43,4.05
2012.09.05 01:01:46.152,0.81908,0.81922,4.05,1.43
2012.09.05 01:01:46.529,0.81907,0.81922,1.88,1.43
2012.09.05 01:01:46.859,0.81906,0.81922,1.43,2.18
2012.09.05 01:01:47.201,0.8191,0.81925,3.30,2.18
2012.09.05 01:01:47.411,0.81912,0.81928,2.63,2.18
2012.09.05 01:01:47.482,0.81912,0.81928,1.88,2.18
2012.09.05 01:01:47.551,0.81912,0.81928,1.88,1.43
2012.09.05 01:01:47.621,0.81914,0.81928,1.88,1.43
2012.09.05 01:01:47.961,0.81911,0.81928,1.88,2.18
2012.09.05 01:01:48.510,0.81912,0.81928,1.88,2.18
2012.09.05 01:01:48.579,0.81912,0.81928,2.63,2.18
2012.09.05 01:01:51.589,0.81914,0.8193,1.43,2.18
2012.09.05 01:01:52.688,0.81914,0.81928,1.43,2.18
2012.09.05 01:01:52.758,0.81912,0.81926,1.88,2.18
2012.09.05 01:01:52.829,0.81912,0.81926,2.63,1.43
2012.09.05 01:01:54.493,0.81914,0.81926,1.88,1.43
2012.09.05 01:01:54.751,0.81915,0.81931,1.43,2.18
2012.09.05 01:01:56.479,0.8192,0.81931,1.88,2.18
2012.09.05 01:01:56.549,0.8192,0.81931,1.88,1.43
2012.09.05 01:01:56.762,0.81924,0.81931,1.88,1.43
2012.09.05 01:01:57.043,0.81924,0.81935,1.88,2.18
2012.09.05 01:01:57.440,0.81924,0.81935,1.88,2.18
2012.09.05 01:01:57.512,0.8192,0.81935,1.88,2.18
2012.09.05 01:01:57.700,0.81918,0.81935,1.88,2.18
2012.09.05 01:01:58.640,0.81918,0.81935,1.88,2.18
2012.09.05 01:01:58.711,0.81918,0.81935,1.88,2.18
2012.09.05 01:01:59.060,0.81918,0.81935,1.88,2.18
2012.09.05 01:02:00.770,0.8192,0.81935,1.88,2.18
2012.09.05 01:02:00.841,0.81917,0.81935,5.55,2.18
2012.09.05 01:02:00.910,0.81921,0.81935,1.43,2.18
2012.09.05 01:02:01.438,0.81922,0.81937,1.43,2.63
2012.09.05 01:02:02.321,0.81918,0.81933,1.43,2.63
2012.09.05 01:02:02.509,0.81922,0.81937,1.43,4.70
2012.09.05 01:02:02.800,0.81922,0.81937,1.43,1.88
2012.09.05 01:02:02.931,0.81922,0.81937,1.43,2.63
2012.09.05 01:02:03.127,0.81922,0.81937,1.43,1.88
2012.09.05 01:02:03.531,0.81922,0.81937,1.43,3.38
2012.09.05 01:02:05.422,0.81918,0.81934,3.30,2.18
2012.09.05 01:02:06.075,0.81918,0.81934,3.30,2.18
2012.09.05 01:02:12.590,0.81918,0.81934,3.30,2.18
2012.09.05 01:02:13.952,0.81914,0.81931,1.88,1.43
2012.09.05 01:02:14.581,0.81917,0.81931,1.88,1.43
2012.09.05 01:02:16.369,0.81917,0.81935,3.30,2.18
2012.09.05 01:02:17.509,0.81921,0.81935,1.88,2.18
2012.09.05 01:02:17.579,0.81919,0.81935,1.88,1.43
2012.09.05 01:02:17.830,0.81921,0.81937,1.43,1.88
2012.09.05 01:02:18.332,0.81922,0.81939,2.63,2.18
2012.09.05 01:02:18.850,0.81921,0.81938,1.43,1.88
2012.09.05 01:02:19.190,0.8192,0.81936,1.88,1.43
2012.09.05 01:02:20.329,0.81917,0.81936,4.05,1.43
2012.09.05 01:02:20.920,0.81917,0.81936,4.05,2.18
2012.09.05 01:02:27.177,0.81921,0.81937,1.43,4.05
2012.09.05 01:02:31.029,0.81921,0.81936,2.18,1.88
2012.09.05 01:02:31.571,0.81921,0.81936,1.43,1.88
2012.09.05 01:02:35.189,0.81921,0.81936,1.43,2.63
2012.09.05 01:02:35.632,0.81921,0.81936,1.43,1.88
2012.09.05 01:02:36.290,0.81919,0.81935,1.43,1.43
2012.09.05 01:02:38.251,0.81918,0.81935,3.30,1.43
2012.09.05 01:02:39.577,0.81918,0.81935,1.43,4.05
2012.09.05 01:02:41.820,0.81921,0.81935,1.88,2.18
2012.09.05 01:02:44.721,0.81918,0.81935,1.43,2.18
2012.09.05 01:02:45.880,0.81919,0.81935,1.88,2.18
2012.09.05 01:02:46.399,0.81918,0.81935,1.43,4.05
2012.09.05 01:02:52.605,0.81919,0.81934,1.88,1.50
2012.09.05 01:02:58.558,0.81919,0.81933,3.30,1.50
2012.09.05 01:03:02.598,0.81919,0.81934,1.43,1.50
2012.09.05 01:03:03.131,0.81919,0.81934,1.43,1.50
2012.09.05 01:03:03.729,0.81919,0.81934,1.43,1.50
2012.09.05 01:03:05.058,0.81919,0.81935,1.43,2.93
2012.09.05 01:03:06.091,0.81919,0.81935,1.43,2.93
2012.09.05 01:03:06.159,0.81916,0.81931,1.88,2.18
2012.09.05 01:03:07.027,0.81916,0.81931,2.63,1.43
2012.09.05 01:03:07.580,0.81916,0.81931,1.88,1.43
2012.09.05 01:03:09.719,0.81916,0.81931,2.63,1.43
2012.09.05 01:03:10.279,0.81916,0.81931,2.63,1.43
2012.09.05 01:03:14.066,0.81916,0.81931,1.88,2.18
2012.09.05 01:03:14.568,0.81916,0.81931,1.88,1.43
2012.09.05 01:03:14.782,0.81916,0.81931,1.88,2.18
2012.09.05 01:03:14.849,0.81916,0.81931,1.88,1.43
2012.09.05 01:03:17.638,0.81918,0.81931,1.88,1.43
2012.09.05 01:03:18.050,0.81916,0.81931,1.88,1.43
2012.09.05 01:03:26.146,0.81917,0.81933,1.43,2.85
2012.09.05 01:03:27.209,0.81917,0.81933,1.43,2.18
2012.09.05 01:03:39.879,0.81917,0.81933,1.43,2.93
2012.09.05 01:03:40.555,0.81914,0.8193,1.88,2.18
2012.09.05 01:03:41.871,0.81912,0.81924,1.43,2.63
2012.09.05 01:03:43.159,0.81907,0.81924,2.18,4.05
2012.09.05 01:03:49.181,0.81907,0.8192,1.43,1.88
2012.09.05 01:03:49.730,0.81903,0.8192,1.50,1.88
2012.09.05 01:03:53.360,0.81902,0.8192,3.68,2.63
2012.09.05 01:03:53.620,0.81901,0.81916,2.18,1.43
2012.09.05 01:03:54.000,0.819,0.81916,2.63,2.18
2012.09.05 01:03:54.513,0.81899,0.81916,1.88,2.18
2012.09.05 01:03:55.360,0.81901,0.81916,1.88,2.18
2012.09.05 01:03:55.429,0.81901,0.81916,2.63,1.43
2012.09.05 01:03:55.622,0.81901,0.81916,1.88,2.18
2012.09.05 01:03:56.610,0.81901,0.81916,2.63,1.43
2012.09.05 01:03:56.901,0.81901,0.81916,1.88,2.18
2012.09.05 01:03:58.150,0.81901,0.81916,2.63,1.43
2012.09.05 01:04:01.329,0.81904,0.81917,1.43,1.43
2012.09.05 01:04:01.838,0.81904,0.81919,1.43,2.63
2012.09.05 01:04:15.888,0.81904,0.81919,2.18,1.88
2012.09.05 01:04:18.681,0.81904,0.81919,1.43,2.63
2012.09.05 01:04:19.639,0.81904,0.81919,2.18,1.88
2012.09.05 01:04:20.509,0.81904,0.8192,2.18,1.43
2012.09.05 01:04:20.989,0.81904,0.8192,1.43,2.18
2012.09.05 01:04:21.827,0.81906,0.81922,2.63,1.43
2012.09.05 01:04:21.971,0.81906,0.81922,2.63,1.43
2012.09.05 01:04:22.100,0.81909,0.81925,2.18,1.43
2012.09.05 01:04:29.672,0.81912,0.81925,1.88,1.43
2012.09.05 01:04:30.090,0.81912,0.8193,1.88,4.05
2012.09.05 01:04:32.359,0.81911,0.81929,4.80,2.63
2012.09.05 01:04:35.291,0.81911,0.81928,2.93,1.88
2012.09.05 01:04:38.339,0.8191,0.81925,2.18,1.43
2012.09.05 01:04:38.663,0.81907,0.81921,3.15,1.88
2012.09.05 01:04:38.743,0.81907,0.81921,1.43,1.88
2012.09.05 01:04:38.930,0.81907,0.81921,1.43,2.63
2012.09.05 01:04:39.131,0.81907,0.81921,2.18,1.88
2012.09.05 01:04:39.272,0.81903,0.81919,3.38,1.43
2012.09.05 01:04:41.509,0.81902,0.81919,2.25,1.43
2012.09.05 01:04:42.374,0.81902,0.81919,1.50,1.43
2012.09.05 01:04:42.878,0.81902,0.81919,1.88,2.18
2012.09.05 01:04:43.209,0.81902,0.81919,3.38,1.43
2012.09.05 01:04:43.430,0.81902,0.81919,2.63,2.18
2012.09.05 01:04:49.518,0.81902,0.81919,2.63,2.18
2012.09.05 01:04:50.620,0.81902,0.81919,3.38,1.43
2012.09.05 01:04:56.634,0.81902,0.81919,2.63,2.18
2012.09.05 01:04:59.034,0.81902,0.81917,2.63,1.43
2012.09.05 01:05:03.132,0.81902,0.81917,1.88,2.18
2012.09.05 01:05:03.280,0.81902,0.81917,2.63,1.43
2012.09.05 01:05:15.658,0.81903,0.81917,1.88,1.43
2012.09.05 01:05:15.971,0.81905,0.81921,1.43,1.43
2012.09.05 01:05:16.479,0.81905,0.81921,2.18,3.30
2012.09.05 01:05:19.178,0.81905,0.81921,4.05,1.43
2012.09.05 01:05:20.158,0.81905,0.81921,4.05,1.43
2012.09.05 01:05:26.169,0.81909,0.81924,2.18,1.43
2012.09.05 01:05:26.683,0.81909,0.81925,2.18,3.30
2012.09.05 01:05:31.049,0.81909,0.81925,2.93,1.43
2012.09.05 01:05:31.186,0.81913,0.81928,2.18,3.30
2012.09.05 01:05:31.440,0.81913,0.81928,1.43,2.63
2012.09.05 01:05:37.789,0.81915,0.8193,1.88,2.18
2012.09.05 01:05:38.441,0.81913,0.8193,1.43,2.18
2012.09.05 01:05:45.218,0.81913,0.81927,1.43,1.88
2012.09.05 01:05:46.339,0.81913,0.81925,1.43,1.88
2012.09.05 01:05:46.850,0.81908,0.81926,4.80,1.88
2012.09.05 01:05:47.781,0.8191,0.81927,2.63,1.43
2012.09.05 01:06:01.829,0.81908,0.8192,2.93,1.88
2012.09.05 01:06:05.268,0.81908,0.81925,2.18,1.88
2012.09.05 01:06:08.997,0.8191,0.81923,2.18,1.88
2012.09.05 01:06:15.058,0.8191,0.81926,2.18,1.43
2012.09.05 01:06:15.191,0.81915,0.81929,2.18,3.30
2012.09.05 01:06:26.171,0.81915,0.81933,4.05,2.55
2012.09.05 01:06:29.469,0.81915,0.8193,2.18,1.88
2012.09.05 01:06:29.990,0.81912,0.81929,1.50,1.43
2012.09.05 01:06:31.087,0.8191,0.81929,2.93,2.18
2012.09.05 01:06:42.610,0.81909,0.81925,1.50,1.43
2012.09.05 01:06:43.270,0.81907,0.81925,4.43,2.18
2012.09.05 01:06:43.525,0.81907,0.81925,5.18,2.18
2012.09.05 01:06:43.850,0.81921,0.81929,1.88,2.18
2012.09.05 01:06:45.478,0.8192,0.81929,1.88,2.18
2012.09.05 01:06:45.799,0.81917,0.81929,1.88,2.18
2012.09.05 01:06:46.882,0.81908,0.81926,1.13,2.18
2012.09.05 01:06:47.459,0.81907,0.81926,2.18,2.18
2012.09.05 01:06:51.661,0.81907,0.81923,1.43,1.43
2012.09.05 01:06:51.770,0.81904,0.81921,2.18,1.43
2012.09.05 01:06:54.081,0.81905,0.81921,1.88,2.18
2012.09.05 01:06:54.622,0.81904,0.81921,1.43,2.18
2012.09.05 01:06:56.371,0.81904,0.81921,2.18,1.43
2012.09.05 01:06:56.655,0.81907,0.81925,2.18,4.05
2012.09.05 01:07:06.890,0.81904,0.8192,4.05,1.43
2012.09.05 01:07:11.529,0.81904,0.8192,3.30,1.43
2012.09.05 01:07:15.749,0.81904,0.8192,4.05,1.43
2012.09.05 01:07:16.038,0.81904,0.8192,3.30,1.43
2012.09.05 01:07:17.610,0.81904,0.8192,2.18,1.43
2012.09.05 01:07:18.040,0.81904,0.8192,1.43,2.18
2012.09.05 01:07:19.223,0.81903,0.8192,1.88,2.18
2012.09.05 01:07:19.583,0.81902,0.81918,1.43,2.18
2012.09.05 01:07:19.662,0.81902,0.81918,2.18,2.18
2012.09.05 01:07:20.193,0.81903,0.81915,1.88,1.43
2012.09.05 01:07:21.431,0.81903,0.81918,1.88,1.43
2012.09.05 01:07:28.572,0.81903,0.81915,1.88,1.43
2012.09.05 01:07:28.642,0.81899,0.81915,2.93,1.43
2012.09.05 01:07:29.151,0.81902,0.81916,1.43,2.18
2012.09.05 01:07:29.682,0.81901,0.81914,1.88,2.18
2012.09.05 01:07:29.810,0.81902,0.81918,2.18,2.18
2012.09.05 01:07:30.071,0.81902,0.81918,1.43,2.18
2012.09.05 01:07:30.580,0.81901,0.81914,1.88,2.18
2012.09.05 01:07:31.679,0.81902,0.81918,1.43,2.18
2012.09.05 01:07:32.228,0.81901,0.81919,3.30,4.05
2012.09.05 01:07:35.965,0.81901,0.81915,1.88,2.18
2012.09.05 01:07:36.202,0.81901,0.81915,1.88,2.18
2012.09.05 01:07:36.271,0.81901,0.8191,1.88,1.43
2012.09.05 01:07:36.619,0.81901,0.8191,1.88,2.18
2012.09.05 01:07:39.313,0.81896,0.81914,1.43,2.63
2012.09.05 01:07:39.384,0.81899,0.81914,1.43,2.63
2012.09.05 01:07:39.465,0.81901,0.8191,1.43,1.88
2012.09.05 01:07:39.542,0.81895,0.8191,2.18,1.88
2012.09.05 01:07:39.681,0.81895,0.81912,2.18,1.88
2012.09.05 01:07:40.941,0.81895,0.81911,2.18,1.88
2012.09.05 01:07:42.974,0.81895,0.81913,4.05,2.63
2012.09.05 01:07:43.185,0.81895,0.8191,2.18,1.88
2012.09.05 01:07:43.524,0.81895,0.81912,1.43,3.27
2012.09.05 01:07:43.670,0.81892,0.8191,4.05,2.18
2012.09.05 01:07:44.254,0.81892,0.81906,2.63,1.43
2012.09.05 01:07:45.133,0.81888,0.81906,2.63,1.43
2012.09.05 01:07:45.274,0.81887,0.81906,2.18,3.30
2012.09.05 01:07:47.593,0.81887,0.81906,1.43,4.70
2012.09.05 01:07:47.834,0.81887,0.81906,2.18,3.95
2012.09.05 01:07:48.232,0.81887,0.81903,2.18,1.88
2012.09.05 01:07:48.601,0.81887,0.81903,1.43,1.88
2012.09.05 01:07:51.182,0.81887,0.81903,2.18,1.88
2012.09.05 01:07:51.450,0.81887,0.81903,1.43,1.88
2012.09.05 01:07:51.780,0.81887,0.81903,2.18,1.88
2012.09.05 01:07:53.870,0.81887,0.81903,1.43,1.88
2012.09.05 01:07:56.211,0.81887,0.81902,1.43,1.43
2012.09.05 01:07:56.280,0.81885,0.819,2.63,1.43
2012.09.05 01:07:58.175,0.81885,0.81898,1.88,1.43
2012.09.05 01:07:58.540,0.81885,0.81896,1.88,1.43
2012.09.05 01:07:59.213,0.81885,0.819,2.63,1.43
2012.09.05 01:08:09.849,0.81885,0.819,2.63,1.43
2012.09.05 01:08:11.141,0.81885,0.819,1.88,2.18
2012.09.05 01:08:11.521,0.81885,0.819,2.63,1.43
2012.09.05 01:08:16.271,0.81884,0.81898,4.05,1.43
2012.09.05 01:08:16.734,0.81884,0.81897,1.88,2.18
2012.09.05 01:08:17.991,0.81882,0.81897,1.88,2.18
2012.09.05 01:08:18.063,0.81882,0.81897,1.88,2.18
2012.09.05 01:08:18.392,0.81882,0.81897,1.88,2.82
2012.09.05 01:08:19.420,0.81882,0.81897,1.88,2.82
2012.09.05 01:08:19.930,0.81882,0.81897,1.88,2.18
2012.09.05 01:08:20.360,0.81882,0.81897,1.88,2.18
2012.09.05 01:08:21.109,0.81879,0.81897,2.18,2.18
2012.09.05 01:08:21.642,0.81876,0.81892,1.43,2.07
2012.09.05 01:08:22.060,0.81876,0.81892,1.43,2.07
2012.09.05 01:08:23.081,0.81876,0.81892,1.43,2.07
2012.09.05 01:08:26.912,0.81876,0.81892,1.43,2.07
2012.09.05 01:08:26.993,0.81871,0.81889,1.43,2.82
2012.09.05 01:08:27.121,0.81871,0.81889,1.43,2.82
2012.09.05 01:08:33.062,0.81871,0.81889,1.43,2.18
2012.09.05 01:08:33.651,0.81872,0.81889,1.43,1.43
2012.09.05 01:08:33.721,0.81875,0.8189,1.43,1.88
2012.09.05 01:08:35.684,0.81875,0.8189,2.18,1.88
2012.09.05 01:08:46.610,0.81875,0.81889,1.43,1.88
2012.09.05 01:08:47.111,0.81875,0.81889,2.18,1.88
2012.09.05 01:09:01.600,0.81874,0.8189,2.18,1.43
2012.09.05 01:09:02.343,0.81874,0.8189,2.18,1.43
2012.09.05 01:09:02.704,0.81875,0.8189,1.50,1.43
2012.09.05 01:09:02.851,0.81878,0.81892,2.63,1.43
2012.09.05 01:09:02.922,0.81878,0.81894,2.85,1.43
2012.09.05 01:09:02.992,0.81881,0.81898,2.63,2.18
2012.09.05 01:09:03.063,0.81885,0.81899,1.43,2.18
2012.09.05 01:09:03.402,0.81885,0.81899,2.18,1.43
2012.09.05 01:09:03.600,0.81885,0.81901,2.18,1.43
2012.09.05 01:09:07.810,0.81885,0.81901,2.18,1.43
2012.09.05 01:09:08.502,0.81885,0.81901,1.43,1.43
2012.09.05 01:09:08.571,0.81885,0.81898,1.43,1.88
2012.09.05 01:09:08.642,0.81885,0.81901,1.43,2.07
2012.09.05 01:09:09.582,0.81885,0.81894,1.43,1.88
2012.09.05 01:09:09.655,0.81882,0.81893,2.18,1.43
2012.09.05 01:09:09.873,0.81876,0.81892,1.43,1.43
2012.09.05 01:09:10.391,0.81876,0.81892,2.18,1.43
2012.09.05 01:09:10.783,0.8188,0.81898,1.43,2.82
2012.09.05 01:09:11.414,0.8188,0.81898,1.43,2.18
2012.09.05 01:09:14.604,0.8188,0.81898,2.18,1.43
2012.09.05 01:09:15.113,0.8188,0.81898,1.43,2.18
2012.09.05 01:09:21.851,0.8188,0.81898,2.18,3.95
2012.09.05 01:09:22.348,0.8188,0.81898,1.43,3.95
2012.09.05 01:09:24.051,0.8188,0.81898,2.18,3.95
2012.09.05 01:09:24.713,0.81881,0.81898,1.50,3.30
2012.09.05 01:09:24.947,0.81882,0.81898,1.50,3.30
2012.09.05 01:09:25.082,0.81882,0.81898,1.50,3.30
2012.09.05 01:09:30.769,0.81883,0.81898,1.43,1.88
2012.09.05 01:09:31.534,0.81883,0.81893,1.43,1.88
2012.09.05 01:09:32.089,0.81879,0.81893,2.18,1.88
2012.09.05 01:09:35.625,0.81879,0.81897,2.18,2.07
2012.09.05 01:09:35.820,0.81879,0.81897,2.18,2.07
2012.09.05 01:09:36.381,0.81879,0.81897,2.18,1.43
2012.09.05 01:09:38.921,0.81883,0.81898,1.43,3.30
2012.09.05 01:09:39.951,0.81883,0.81898,2.18,1.88
2012.09.05 01:09:49.800,0.81883,0.81899,2.18,1.88
2012.09.05 01:09:50.629,0.81883,0.819,2.18,1.88
2012.09.05 01:10:05.262,0.81886,0.819,2.18,1.88
2012.09.05 01:10:05.581,0.8189,0.81903,2.18,1.88
2012.09.05 01:10:06.312,0.8189,0.81903,1.43,1.88
2012.09.05 01:10:06.381,0.8189,0.81901,1.43,1.88
2012.09.05 01:10:06.631,0.81887,0.81901,2.18,1.88
2012.09.05 01:10:07.021,0.81885,0.81901,1.43,1.88
2012.09.05 01:10:11.400,0.81885,0.81902,1.43,1.43
2012.09.05 01:10:13.192,0.81885,0.81902,2.18,1.43
2012.09.05 01:10:22.146,0.81887,0.81902,1.43,1.43
2012.09.05 01:10:22.220,0.81889,0.81905,1.43,1.43
2012.09.05 01:10:22.604,0.8189,0.81905,2.18,1.43
2012.09.05 01:10:22.681,0.81893,0.8191,1.43,3.95
2012.09.05 01:10:23.190,0.81893,0.8191,1.43,3.30
2012.09.05 01:10:23.745,0.81889,0.81905,2.18,1.43
2012.09.05 01:10:24.000,0.81889,0.81905,1.43,1.43
2012.09.05 01:10:43.769,0.81889,0.81907,1.43,1.43
2012.09.05 01:10:59.431,0.81888,0.81902,1.88,1.43
2012.09.05 01:10:59.500,0.81886,0.81902,2.18,1.43
2012.09.05 01:11:03.191,0.81888,0.81902,1.88,1.43
2012.09.05 01:11:03.510,0.81888,0.81902,2.63,1.43
2012.09.05 01:11:05.680,0.81888,0.81902,2.63,1.43
2012.09.05 01:11:08.383,0.81888,0.81902,1.88,1.43
2012.09.05 01:11:13.504,0.81888,0.81902,2.63,1.43
2012.09.05 01:11:14.933,0.81889,0.81906,2.18,1.43
2012.09.05 01:11:39.490,0.81891,0.81906,1.50,1.43
2012.09.05 01:11:42.210,0.81893,0.81908,2.40,1.88
2012.09.05 01:11:44.764,0.81897,0.81912,2.18,1.43
2012.09.05 01:11:44.834,0.81897,0.81915,2.18,1.43
2012.09.05 01:11:47.751,0.81897,0.81915,4.80,1.43
2012.09.05 01:11:48.060,0.81897,0.81915,4.80,2.18
2012.09.05 01:11:48.271,0.81897,0.81915,4.05,2.18
2012.09.05 01:11:51.889,0.81897,0.81915,1.43,1.43
2012.09.05 01:11:56.913,0.81897,0.81915,1.43,2.18
2012.09.05 01:11:57.462,0.81898,0.81915,1.88,2.18
2012.09.05 01:11:59.169,0.81898,0.81915,1.88,1.43
2012.09.05 01:12:00.219,0.81897,0.81915,1.43,1.43
2012.09.05 01:12:00.819,0.81897,0.81915,1.43,2.18
2012.09.05 01:12:04.830,0.81898,0.81914,1.43,1.88
2012.09.05 01:12:09.089,0.81898,0.8191,1.43,1.88
2012.09.05 01:12:13.385,0.81898,0.81914,1.43,3.27
2012.09.05 01:12:17.126,0.81898,0.81911,1.43,1.88
2012.09.05 01:12:24.903,0.81896,0.81911,2.18,1.88
2012.09.05 01:12:37.291,0.81896,0.81911,2.18,1.88
2012.09.05 01:12:42.055,0.81896,0.81912,2.18,1.88
2012.09.05 01:12:49.662,0.81896,0.8191,2.18,1.88
2012.09.05 01:12:49.990,0.81896,0.8191,1.43,3.27
2012.09.05 01:12:50.181,0.81893,0.81909,1.43,2.18
2012.09.05 01:12:51.726,0.81892,0.81909,1.50,2.18
2012.09.05 01:13:09.145,0.8189,0.81909,4.05,1.43
2012.09.05 01:13:10.257,0.81889,0.81908,4.80,1.43
2012.09.05 01:13:12.758,0.81892,0.81904,1.50,1.88
2012.09.05 01:13:15.379,0.81887,0.81903,2.18,1.43
2012.09.05 01:13:17.499,0.81887,0.819,1.43,1.88
2012.09.05 01:13:19.752,0.81883,0.819,1.50,1.43
2012.09.05 01:13:20.469,0.81885,0.819,1.50,1.43
2012.09.05 01:13:20.819,0.81887,0.81902,1.43,1.88
2012.09.05 01:13:20.890,0.81887,0.81905,2.18,1.43
2012.09.05 01:13:20.959,0.81887,0.81905,2.93,1.43
2012.09.05 01:13:22.118,0.81887,0.81905,1.43,1.43
2012.09.05 01:13:23.713,0.81887,0.81905,2.18,1.43
2012.09.05 01:13:23.789,0.81888,0.81905,1.50,1.43
2012.09.05 01:13:23.860,0.81888,0.81905,1.50,1.43
2012.09.05 01:13:24.219,0.81888,0.81905,1.73,1.43
2012.09.05 01:13:24.747,0.81895,0.81906,2.18,1.88
2012.09.05 01:13:25.248,0.81895,0.81907,2.18,1.88
2012.09.05 01:13:25.379,0.81895,0.81912,2.18,1.02
2012.09.05 01:13:25.454,0.81902,0.81915,1.43,1.50
2012.09.05 01:13:27.640,0.81899,0.81914,1.43,2.18
2012.09.05 01:13:27.778,0.81895,0.8191,2.63,1.43
2012.09.05 01:13:28.180,0.81895,0.8191,1.88,2.18
2012.09.05 01:13:28.730,0.81895,0.8191,1.88,2.18
2012.09.05 01:13:29.989,0.81895,0.8191,2.63,1.43
2012.09.05 01:13:31.181,0.81895,0.8191,1.88,2.18
2012.09.05 01:13:39.999,0.81895,0.8191,1.88,2.18
2012.09.05 01:13:41.677,0.81895,0.8191,2.63,1.43
2012.09.05 01:13:42.295,0.81895,0.8191,1.88,1.43
2012.09.05 01:13:44.158,0.81895,0.8191,2.63,1.43
2012.09.05 01:13:44.647,0.81895,0.8191,1.88,2.18
2012.09.05 01:13:47.747,0.81897,0.81912,1.43,1.50
2012.09.05 01:13:53.396,0.81897,0.81913,1.43,3.30
2012.09.05 01:13:53.949,0.81897,0.81913,1.43,4.05
2012.09.05 01:13:58.398,0.81897,0.81913,2.18,2.18
2012.09.05 01:14:00.219,0.81897,0.81913,1.43,2.18
2012.09.05 01:14:01.153,0.81897,0.81913,1.43,1.43
2012.09.05 01:14:01.534,0.81897,0.81913,1.43,2.18
2012.09.05 01:14:24.976,0.81894,0.8191,1.43,2.18
2012.09.05 01:14:29.657,0.81894,0.81908,1.43,2.63
2012.09.05 01:14:29.861,0.81889,0.81906,1.43,2.63
2012.09.05 01:14:32.569,0.8189,0.81907,1.88,2.18
2012.09.05 01:14:32.640,0.81894,0.8191,1.43,4.05
2012.09.05 01:14:33.200,0.81894,0.8191,1.43,4.05
2012.09.05 01:14:34.098,0.81894,0.8191,1.43,4.05
2012.09.05 01:14:40.748,0.81894,0.8191,2.18,3.30
2012.09.05 01:14:42.507,0.81894,0.8191,1.43,4.05
2012.09.05 01:14:43.800,0.81894,0.8191,2.18,3.30
2012.09.05 01:14:44.047,0.81894,0.8191,1.43,4.05
2012.09.05 01:14:44.116,0.81898,0.8191,1.43,2.63
2012.09.05 01:14:44.628,0.81898,0.8191,1.43,1.88
2012.09.05 01:14:45.144,0.81898,0.8191,1.43,2.63
2012.09.05 01:14:46.067,0.81898,0.81913,1.43,2.63
2012.09.05 01:14:52.268,0.81904,0.81916,1.88,2.93
2012.09.05 01:14:52.663,0.81901,0.81916,1.88,2.18
2012.09.05 01:14:58.279,0.81898,0.81914,1.43,2.63
2012.09.05 01:14:58.765,0.81898,0.81914,1.43,2.63
2012.09.05 01:14:58.961,0.81898,0.81914,1.43,2.63
2012.09.05 01:14:59.257,0.81898,0.81914,1.43,2.63
2012.09.05 01:15:01.483,0.81898,0.81913,1.43,2.63
2012.09.05 01:15:04.247,0.81896,0.81912,1.43,2.18
2012.09.05 01:15:13.864,0.81896,0.81911,2.18,1.88
2012.09.05 01:15:20.379,0.81896,0.81912,2.18,1.43
2012.09.05 01:15:21.248,0.81902,0.81912,1.88,1.43
2012.09.05 01:15:21.569,0.81896,0.81912,4.65,1.43
2012.09.05 01:15:32.319,0.81898,0.81912,1.43,1.43
2012.09.05 01:15:32.387,0.819,0.81916,1.43,2.63
2012.09.05 01:15:40.537,0.819,0.81916,1.43,2.63
2012.09.05 01:15:49.268,0.81902,0.81917,1.88,2.93
2012.09.05 01:15:54.958,0.81902,0.81917,1.88,1.43
2012.09.05 01:15:55.792,0.81901,0.81917,2.63,1.43
2012.09.05 01:15:57.838,0.819,0.81913,2.18,1.88
2012.09.05 01:16:08.207,0.819,0.81911,2.18,1.88
2012.09.05 01:16:08.582,0.81897,0.81911,1.50,1.88
2012.09.05 01:16:14.189,0.81897,0.81911,1.50,1.88
2012.09.05 01:16:26.757,0.81896,0.81911,1.50,1.88
2012.09.05 01:16:26.827,0.81899,0.81911,1.50,1.88
2012.09.05 01:16:28.322,0.81896,0.81911,1.50,1.88
2012.09.05 01:16:28.437,0.81899,0.81911,1.50,1.88
2012.09.05 01:16:28.933,0.81897,0.81911,1.50,1.88
2012.09.05 01:16:29.008,0.81896,0.81911,2.93,1.88
2012.09.05 01:16:30.149,0.81896,0.81911,2.93,1.88
2012.09.05 01:16:37.659,0.81896,0.81907,2.93,1.88
2012.09.05 01:16:37.971,0.81896,0.81907,2.18,1.88
2012.09.05 01:16:38.097,0.81896,0.81907,2.18,1.88
2012.09.05 01:16:38.503,0.81896,0.81907,2.18,1.88
2012.09.05 01:16:39.420,0.81896,0.81907,2.18,1.88
2012.09.05 01:16:42.438,0.81896,0.81907,2.18,1.88
2012.09.05 01:16:44.490,0.81896,0.81907,2.18,1.88
2012.09.05 01:16:49.712,0.81895,0.81907,1.50,1.88
2012.09.05 01:16:50.428,0.81895,0.81907,1.50,1.88
2012.09.05 01:16:53.451,0.81895,0.81907,1.50,1.88
2012.09.05 01:16:57.248,0.81895,0.81906,1.50,1.88
2012.09.05 01:16:57.318,0.81895,0.81906,1.50,1.88
2012.09.05 01:17:07.270,0.81891,0.81905,1.50,1.88
2012.09.05 01:17:07.588,0.81891,0.81905,1.50,1.88
2012.09.05 01:17:11.691,0.81891,0.81906,1.50,1.43
2012.09.05 01:17:12.243,0.81893,0.81907,2.18,1.88
2012.09.05 01:17:15.069,0.81893,0.81909,2.18,1.88
2012.09.05 01:17:18.069,0.81895,0.81911,2.63,1.43
2012.09.05 01:17:30.831,0.81895,0.81911,1.88,2.18
2012.09.05 01:17:34.239,0.81894,0.81912,1.43,2.18
2012.09.05 01:17:35.539,0.81894,0.8191,1.43,2.63
2012.09.05 01:17:35.671,0.81891,0.81907,1.43,2.18
2012.09.05 01:17:36.787,0.81891,0.81901,1.43,1.88
2012.09.05 01:17:37.069,0.81889,0.81903,1.69,1.88
2012.09.05 01:17:37.280,0.81889,0.81901,1.69,1.88
2012.09.05 01:17:38.460,0.8189,0.81905,2.18,1.40
2012.09.05 01:17:38.530,0.8189,0.81905,1.43,1.50
2012.09.05 01:17:39.451,0.8189,0.81907,2.18,3.27
2012.09.05 01:17:40.728,0.8189,0.81907,2.18,1.88
2012.09.05 01:17:41.204,0.8189,0.81907,1.43,1.88
2012.09.05 01:17:41.718,0.8189,0.81907,2.18,1.88
2012.09.05 01:17:44.848,0.81893,0.81908,1.88,1.43
2012.09.05 01:17:44.917,0.81891,0.81908,2.63,1.43
2012.09.05 01:17:45.511,0.81896,0.81912,2.18,2.07
2012.09.05 01:17:48.628,0.81896,0.81912,1.43,2.18
2012.09.05 01:17:49.528,0.81896,0.81912,2.18,1.43
2012.09.05 01:17:50.362,0.81896,0.81912,1.43,2.18
2012.09.05 01:18:00.448,0.81896,0.81912,2.18,1.43
2012.09.05 01:18:01.106,0.81896,0.81912,1.43,2.18
2012.09.05 01:18:01.578,0.81896,0.81912,2.18,1.43
2012.09.05 01:18:03.278,0.81896,0.81912,1.43,2.18
2012.09.05 01:18:03.778,0.81896,0.81912,2.18,1.43
2012.09.05 01:18:04.027,0.81898,0.81912,1.88,2.18
2012.09.05 01:18:05.868,0.81898,0.81912,1.88,1.43
2012.09.05 01:18:06.439,0.81898,0.81912,1.88,2.18
2012.09.05 01:18:09.721,0.81898,0.81912,1.88,1.43
2012.09.05 01:18:10.980,0.81899,0.81916,1.43,2.63
2012.09.05 01:18:11.180,0.81899,0.81916,2.18,1.88
2012.09.05 01:18:14.468,0.819,0.81917,2.63,1.43
2012.09.05 01:18:18.638,0.81907,0.81917,1.88,1.43
2012.09.05 01:18:20.419,0.81909,0.81917,1.88,1.43
2012.09.05 01:18:20.552,0.81909,0.8192,1.88,2.18
2012.09.05 01:18:22.038,0.81911,0.8192,1.88,2.18
2012.09.05 01:18:22.238,0.81909,0.8192,1.88,2.18
2012.09.05 01:18:28.969,0.81909,0.8192,1.88,2.18
2012.09.05 01:18:31.174,0.81909,0.8192,1.88,2.18
2012.09.05 01:18:39.988,0.81908,0.8192,1.88,2.18
2012.09.05 01:18:48.007,0.81908,0.81922,1.88,2.18
2012.09.05 01:18:49.230,0.81905,0.81922,1.88,2.18
2012.09.05 01:19:02.660,0.819,0.81916,2.18,2.18
2012.09.05 01:19:02.799,0.81902,0.81916,1.88,2.18
2012.09.05 01:19:03.129,0.819,0.81915,2.18,2.63
2012.09.05 01:19:03.638,0.81901,0.81916,1.88,2.18
2012.09.05 01:19:04.188,0.81898,0.81914,1.88,2.18
2012.09.05 01:19:04.707,0.81897,0.81914,1.88,2.18
2012.09.05 01:19:05.280,0.81898,0.81914,1.88,2.18
2012.09.05 01:19:11.088,0.81897,0.81914,1.88,2.18
2012.09.05 01:19:27.968,0.81898,0.81915,1.88,2.18
2012.09.05 01:19:32.127,0.81896,0.81915,4.05,2.18
2012.09.05 01:19:44.369,0.81896,0.81915,3.30,2.18
2012.09.05 01:19:44.753,0.81892,0.81908,4.91,2.18
2012.09.05 01:19:45.250,0.81892,0.81908,3.30,2.18
2012.09.05 01:19:45.320,0.81892,0.81908,1.43,1.43
2012.09.05 01:19:45.901,0.81893,0.81908,1.88,1.43
2012.09.05 01:19:47.732,0.81893,0.81906,1.88,1.43
2012.09.05 01:19:55.098,0.81893,0.8191,1.88,2.18
2012.09.05 01:19:55.630,0.81896,0.81911,1.43,2.63
2012.09.05 01:19:57.000,0.81894,0.81908,1.43,1.43
2012.09.05 01:19:57.717,0.81893,0.81908,1.88,1.43
2012.09.05 01:20:02.988,0.81894,0.81908,1.88,1.43
2012.09.05 01:20:03.179,0.81891,0.81908,2.63,1.43
2012.09.05 01:20:15.358,0.8189,0.81908,3.30,4.05
2012.09.05 01:20:16.129,0.81891,0.81908,1.88,2.18
2012.09.05 01:20:16.319,0.81891,0.81908,2.63,2.18
2012.09.05 01:20:16.979,0.81893,0.81909,1.43,2.18
2012.09.05 01:20:17.109,0.81893,0.81909,1.43,2.18
2012.09.05 01:20:19.752,0.81889,0.81905,1.88,2.18
2012.09.05 01:20:20.279,0.81888,0.81905,1.43,4.05
2012.09.05 01:20:20.530,0.81888,0.81905,1.43,4.05
2012.09.05 01:20:20.971,0.81888,0.81905,1.43,4.05
2012.09.05 01:20:27.518,0.81889,0.81905,1.43,2.18
2012.09.05 01:20:27.588,0.81891,0.81906,1.43,2.63
2012.09.05 01:20:27.968,0.81891,0.81906,2.18,1.88
2012.09.05 01:20:29.890,0.81891,0.81906,1.43,2.63
2012.09.05 01:20:39.247,0.81888,0.81905,1.88,2.18
2012.09.05 01:20:59.064,0.81889,0.81906,1.43,2.63
2012.09.05 01:21:20.647,0.81889,0.81906,2.18,3.30
2012.09.05 01:21:20.960,0.81889,0.81906,1.43,4.05
2012.09.05 01:21:21.597,0.81889,0.81906,2.18,3.30
2012.09.05 01:21:22.278,0.81892,0.81908,2.18,2.63
2012.09.05 01:21:28.912,0.81897,0.81911,1.43,3.27
2012.09.05 01:21:29.062,0.81897,0.81911,1.43,1.88
2012.09.05 01:21:29.609,0.81897,0.81911,2.18,1.88
2012.09.05 01:21:31.271,0.81897,0.81911,1.43,1.88
2012.09.05 01:21:31.340,0.81897,0.81911,1.43,2.63
2012.09.05 01:21:31.601,0.81893,0.81911,1.43,2.63
2012.09.05 01:21:36.979,0.81895,0.81912,1.88,2.18
2012.09.05 01:21:37.958,0.81893,0.81911,4.05,2.63
2012.09.05 01:21:41.510,0.81893,0.81907,1.43,1.88
2012.09.05 01:21:41.579,0.81893,0.81907,1.43,2.63
2012.09.05 01:21:41.652,0.8189,0.81907,1.50,4.05
2012.09.05 01:21:41.981,0.81892,0.81907,1.88,2.18
2012.09.05 01:21:42.917,0.81892,0.81907,2.63,1.43
2012.09.05 01:21:43.593,0.81893,0.8191,1.43,2.63
2012.09.05 01:21:44.120,0.81893,0.8191,1.43,2.63
2012.09.05 01:21:44.381,0.81897,0.81911,1.88,2.18
2012.09.05 01:21:49.477,0.81897,0.81915,4.05,4.80
2012.09.05 01:21:49.878,0.81897,0.81915,3.30,4.80
2012.09.05 01:21:52.629,0.81897,0.81915,4.05,4.80
2012.09.05 01:21:55.922,0.81897,0.81915,4.80,4.80
2012.09.05 01:21:56.405,0.81897,0.81915,4.05,4.80
2012.09.05 01:21:58.191,0.81897,0.81915,3.30,4.80
2012.09.05 01:22:31.408,0.81897,0.81914,2.18,2.63
2012.09.05 01:22:35.695,0.81897,0.81914,1.43,2.63
2012.09.05 01:22:36.078,0.81897,0.81914,2.18,2.63
2012.09.05 01:22:36.247,0.81897,0.81914,1.43,2.63
2012.09.05 01:22:38.366,0.81897,0.81914,2.18,2.63
2012.09.05 01:22:40.217,0.81897,0.81914,1.43,2.63
2012.09.05 01:22:45.420,0.81894,0.81914,2.63,2.63
2012.09.05 01:22:47.606,0.81894,0.81914,2.63,2.63
2012.09.05 01:22:50.091,0.81894,0.81914,1.88,2.63
2012.09.05 01:22:50.617,0.81894,0.81914,2.63,2.63
2012.09.05 01:22:55.634,0.81894,0.81914,2.63,2.63
2012.09.05 01:23:13.198,0.81895,0.81913,3.38,1.88
2012.09.05 01:23:16.036,0.81895,0.81913,2.63,2.63
2012.09.05 01:23:59.815,0.81895,0.81913,2.74,2.63
2012.09.05 01:24:03.046,0.81896,0.81914,1.50,2.63
2012.09.05 01:24:04.607,0.81899,0.81914,1.43,2.63
2012.09.05 01:24:14.089,0.819,0.81915,1.88,2.93
2012.09.05 01:24:14.222,0.81902,0.81919,1.43,2.18
2012.09.05 01:24:14.813,0.81905,0.8192,1.43,1.50
2012.09.05 01:24:31.031,0.81905,0.81922,1.43,1.50
2012.09.05 01:24:32.840,0.81905,0.8192,1.43,2.63
2012.09.05 01:24:34.023,0.81905,0.8192,3.68,1.88
2012.09.05 01:24:34.101,0.81905,0.81923,5.55,4.05
2012.09.05 01:24:34.291,0.81906,0.81923,1.50,3.30
2012.09.05 01:24:35.112,0.81908,0.81924,2.63,1.50
2012.09.05 01:24:35.449,0.81912,0.81928,1.43,2.93
2012.09.05 01:24:55.216,0.8191,0.81926,1.43,4.05
2012.09.05 01:24:55.738,0.81909,0.81926,1.43,4.05
2012.09.05 01:24:56.361,0.81909,0.81926,1.43,4.05
2012.09.05 01:24:56.971,0.81909,0.81926,1.43,4.05
2012.09.05 01:25:02.180,0.81909,0.81926,1.43,4.05
2012.09.05 01:25:02.488,0.81906,0.81923,3.30,2.18
2012.09.05 01:25:03.040,0.81905,0.81923,2.29,2.18
2012.09.05 01:25:05.370,0.81905,0.81923,2.29,2.18
2012.09.05 01:25:05.808,0.81905,0.81923,3.04,2.18
2012.09.05 01:25:09.577,0.81905,0.81923,1.54,2.18
2012.09.05 01:25:10.978,0.81905,0.81923,2.29,2.18
2012.09.05 01:25:13.947,0.81905,0.81923,1.43,2.18
2012.09.05 01:25:15.988,0.81905,0.81923,2.18,1.43
2012.09.05 01:25:16.480,0.81905,0.81923,1.43,2.18
2012.09.05 01:25:16.588,0.81905,0.81923,2.18,2.18
2012.09.05 01:25:16.973,0.81905,0.81923,1.43,2.18
2012.09.05 01:25:24.100,0.81905,0.81922,1.54,2.63
2012.09.05 01:25:24.168,0.81905,0.81922,1.54,2.63
2012.09.05 01:25:25.808,0.81905,0.81922,1.54,2.63
2012.09.05 01:25:28.058,0.81905,0.81922,1.43,2.63
2012.09.05 01:25:47.939,0.81906,0.81923,1.88,2.18
2012.09.05 01:25:48.991,0.81905,0.81922,2.18,2.63
2012.09.05 01:25:49.181,0.81905,0.81919,1.43,2.63
2012.09.05 01:25:49.251,0.81902,0.81917,1.50,2.18
2012.09.05 01:25:49.778,0.81901,0.81917,2.18,4.05
2012.09.05 01:26:00.539,0.81901,0.81917,2.18,4.05
2012.09.05 01:26:00.668,0.81901,0.81917,2.18,2.18
2012.09.05 01:26:00.738,0.81901,0.81917,2.93,1.43
2012.09.05 01:26:01.311,0.81902,0.81917,1.50,1.43
2012.09.05 01:26:06.051,0.81901,0.81917,3.04,1.43
2012.09.05 01:26:06.253,0.81905,0.81921,1.43,2.18
2012.09.05 01:26:16.930,0.81905,0.81921,2.18,2.18
2012.09.05 01:26:17.695,0.81905,0.81921,2.18,4.05
2012.09.05 01:26:22.509,0.81905,0.81921,2.18,2.18
2012.09.05 01:26:32.259,0.81905,0.81921,2.18,2.18
2012.09.05 01:26:38.995,0.81905,0.81921,2.18,4.05
2012.09.05 01:26:39.579,0.81905,0.81921,2.18,4.05
2012.09.05 01:26:39.781,0.81908,0.81921,1.88,1.43
2012.09.05 01:26:39.910,0.81908,0.81921,1.88,2.18
2012.09.05 01:26:47.419,0.81908,0.81926,3.30,2.18
2012.09.05 01:26:47.928,0.81908,0.81926,4.16,2.18
2012.09.05 01:26:52.379,0.81908,0.81926,4.05,2.18
2012.09.05 01:26:57.638,0.81908,0.81926,4.05,2.18
2012.09.05 01:27:11.364,0.81909,0.81925,2.63,2.18
2012.09.05 01:27:11.554,0.81909,0.81925,2.63,2.18
2012.09.05 01:27:12.400,0.81909,0.81925,2.63,2.18
2012.09.05 01:27:19.029,0.81909,0.81925,1.88,2.18
2012.09.05 01:27:22.667,0.81909,0.81925,1.88,2.18
2012.09.05 01:27:34.800,0.8191,0.81925,1.88,2.18
2012.09.05 01:27:34.870,0.8191,0.81925,1.88,2.18
2012.09.05 01:27:35.881,0.81912,0.81925,1.88,2.18
2012.09.05 01:27:43.129,0.81912,0.81929,1.88,2.40
2012.09.05 01:27:43.272,0.81914,0.81929,1.88,2.18
2012.09.05 01:27:43.459,0.81911,0.81928,1.43,2.85
2012.09.05 01:27:43.601,0.81909,0.81923,1.50,2.18
2012.09.05 01:27:44.106,0.81909,0.81923,1.50,2.18
2012.09.05 01:27:45.472,0.81909,0.81926,2.93,2.93
2012.09.05 01:27:45.539,0.81909,0.81926,2.18,2.93
2012.09.05 01:27:45.730,0.81911,0.81926,2.63,2.18
2012.09.05 01:27:49.771,0.81911,0.81926,1.88,2.18
2012.09.05 01:27:49.958,0.81909,0.81925,2.18,2.63
2012.09.05 01:28:00.439,0.81909,0.81928,4.05,2.18
2012.09.05 01:28:00.509,0.81911,0.81928,1.88,2.18
2012.09.05 01:28:04.473,0.81911,0.81928,3.38,1.43
2012.09.05 01:28:04.732,0.81911,0.81928,2.63,2.18
2012.09.05 01:28:07.999,0.81911,0.81928,3.38,1.43
2012.09.05 01:28:08.243,0.81911,0.81928,2.63,2.18
2012.09.05 01:28:08.818,0.81913,0.81931,1.43,4.80
2012.09.05 01:28:09.381,0.81913,0.81931,1.43,4.80
2012.09.05 01:28:09.455,0.81913,0.81922,1.43,1.88
2012.09.05 01:28:09.932,0.81912,0.81927,2.18,1.43
2012.09.05 01:28:10.119,0.81914,0.8193,2.18,4.05
2012.09.05 01:28:12.463,0.81915,0.8193,1.88,2.18
2012.09.05 01:28:13.758,0.81914,0.8193,4.05,2.18
2012.09.05 01:28:14.078,0.81914,0.81926,2.63,1.43
2012.09.05 01:28:15.969,0.81915,0.81926,1.88,1.43
2012.09.05 01:28:16.279,0.81914,0.81926,2.63,2.18
2012.09.05 01:28:16.408,0.81914,0.81926,2.63,1.43
2012.09.05 01:28:16.538,0.81917,0.81926,1.88,1.43
2012.09.05 01:28:17.678,0.81917,0.81931,1.88,2.18
2012.09.05 01:28:18.849,0.81919,0.81931,1.88,2.18
2012.09.05 01:28:19.849,0.81921,0.81931,1.88,2.18
2012.09.05 01:28:20.050,0.81915,0.81931,2.55,2.18
2012.09.05 01:28:20.120,0.81915,0.81929,1.69,1.50
2012.09.05 01:28:20.379,0.81913,0.81931,1.43,2.18
2012.09.05 01:28:20.939,0.81913,0.81929,2.18,2.63
2012.09.05 01:28:23.181,0.81913,0.81929,1.43,2.63
2012.09.05 01:28:23.730,0.81911,0.81928,1.50,2.18
2012.09.05 01:28:43.728,0.81911,0.81925,1.50,1.43
2012.09.05 01:29:03.721,0.81911,0.81923,1.50,1.43
2012.09.05 01:29:05.848,0.81909,0.81923,1.13,1.43
2012.09.05 01:29:06.979,0.81911,0.81923,1.50,1.43
2012.09.05 01:29:16.300,0.81912,0.81923,1.50,1.43
2012.09.05 01:29:19.359,0.8191,0.81923,1.50,1.43
2012.09.05 01:29:19.864,0.81912,0.81925,1.50,1.43
2012.09.05 01:29:19.940,0.81912,0.81927,1.50,1.43
2012.09.05 01:29:24.054,0.81911,0.81927,1.50,1.43
2012.09.05 01:29:25.301,0.81911,0.81927,1.50,1.43
2012.09.05 01:29:26.383,0.81911,0.81927,1.50,1.43
2012.09.05 01:29:26.802,0.81911,0.81927,1.50,1.43
2012.09.05 01:29:26.871,0.81911,0.81927,1.50,1.43
2012.09.05 01:29:29.180,0.81911,0.81927,1.50,1.43
2012.09.05 01:29:29.701,0.81915,0.81927,1.50,1.43
2012.09.05 01:29:30.310,0.81911,0.81927,1.50,1.43
2012.09.05 01:29:30.818,0.81911,0.81927,1.50,1.43
2012.09.05 01:29:35.388,0.81911,0.81927,1.50,1.43
2012.09.05 01:29:35.580,0.81913,0.81929,2.18,2.18
2012.09.05 01:30:03.411,0.81911,0.81935,1.50,2.18
2012.09.05 01:30:03.620,0.81912,0.81934,1.50,1.40
2012.09.05 01:30:03.837,0.81908,0.81929,2.18,1.50
2012.09.05 01:30:04.263,0.81899,0.81924,2.25,2.93
2012.09.05 01:30:04.412,0.81899,0.81918,2.25,2.18
2012.09.05 01:30:04.493,0.81899,0.81916,2.25,2.18
2012.09.05 01:30:04.704,0.81897,0.81915,1.50,2.25
2012.09.05 01:30:04.782,0.81888,0.81915,1.24,2.25
2012.09.05 01:30:05.062,0.81887,0.81913,2.18,2.37
2012.09.05 01:30:05.141,0.81887,0.81912,2.18,2.25
2012.09.05 01:30:05.284,0.81887,0.81912,2.18,2.90
2012.09.05 01:30:05.769,0.81883,0.81908,2.18,4.55
2012.09.05 01:30:06.124,0.81879,0.81906,2.93,2.18
2012.09.05 01:30:06.270,0.81882,0.81906,1.50,2.18
2012.09.05 01:30:06.412,0.81882,0.81906,1.50,2.18
2012.09.05 01:30:07.043,0.81886,0.81906,1.50,2.18
2012.09.05 01:30:07.263,0.81886,0.81906,1.50,2.18
2012.09.05 01:30:07.687,0.81882,0.81908,2.93,1.50
2012.09.05 01:30:08.042,0.8188,0.81899,2.18,2.18
2012.09.05 01:30:09.191,0.81876,0.81901,1.50,2.15
2012.09.05 01:30:09.708,0.81876,0.81901,1.50,2.15
2012.09.05 01:30:09.784,0.81876,0.81901,1.50,2.15
2012.09.05 01:30:10.450,0.81876,0.81901,2.25,2.15
2012.09.05 01:30:11.228,0.81882,0.81901,1.50,2.15
2012.09.05 01:30:11.370,0.81882,0.81901,1.50,1.50
2012.09.05 01:30:11.731,0.81877,0.81903,1.61,2.93
2012.09.05 01:30:12.131,0.81881,0.81903,1.50,2.93
2012.09.05 01:30:12.204,0.81882,0.81903,1.50,2.93
2012.09.05 01:30:12.550,0.81882,0.81905,1.61,1.50
2012.09.05 01:30:12.761,0.81881,0.81908,3.49,2.93
2012.09.05 01:30:13.209,0.81882,0.81908,1.61,2.93
2012.09.05 01:30:15.056,0.81883,0.81904,1.61,2.18
2012.09.05 01:30:17.290,0.81883,0.81904,1.61,2.18
2012.09.05 01:30:17.428,0.81886,0.81907,1.50,2.18
2012.09.05 01:30:17.559,0.81883,0.81907,1.61,2.18
2012.09.05 01:30:17.705,0.81884,0.81907,1.61,2.18
2012.09.05 01:30:17.839,0.81886,0.81907,1.50,2.18
2012.09.05 01:30:18.098,0.81884,0.81907,1.61,2.93
2012.09.05 01:30:18.508,0.81886,0.81907,1.50,2.93
2012.09.05 01:30:19.184,0.81886,0.81907,1.61,2.18
2012.09.05 01:30:19.470,0.81886,0.8191,1.61,2.18
2012.09.05 01:30:19.799,0.81891,0.8191,1.50,2.18
2012.09.05 01:30:20.141,0.81891,0.8191,1.50,2.18
2012.09.05 01:30:20.961,0.81891,0.81912,1.50,2.18
2012.09.05 01:30:24.252,0.81891,0.81914,1.61,1.50
2012.09.05 01:30:24.451,0.81896,0.81915,1.50,2.18
2012.09.05 01:30:24.981,0.81896,0.81915,1.50,2.18
2012.09.05 01:30:26.429,0.81896,0.81915,1.50,2.18
2012.09.05 01:30:26.768,0.81896,0.81915,1.50,2.18
2012.09.05 01:30:27.098,0.81896,0.81915,1.50,2.18
2012.09.05 01:30:27.549,0.81896,0.81915,2.25,2.18
2012.09.05 01:30:28.843,0.81902,0.81915,1.50,1.43
2012.09.05 01:30:29.160,0.81897,0.81915,1.50,2.18
2012.09.05 01:30:29.962,0.81897,0.81915,1.50,2.18
2012.09.05 01:30:30.169,0.81897,0.81915,1.50,2.18
2012.09.05 01:30:32.840,0.81901,0.81915,1.50,1.43
2012.09.05 01:30:33.868,0.81901,0.81915,1.50,1.43
2012.09.05 01:30:34.625,0.81897,0.81915,1.50,2.18
2012.09.05 01:30:34.802,0.81902,0.8192,1.50,2.18
2012.09.05 01:30:34.871,0.81902,0.8192,1.50,2.18
2012.09.05 01:30:35.060,0.81896,0.8192,3.49,2.18
2012.09.05 01:30:35.380,0.81901,0.8192,1.50,2.18
2012.09.05 01:30:35.449,0.81901,0.8192,2.25,2.18
2012.09.05 01:30:35.901,0.81901,0.8192,2.25,2.18
2012.09.05 01:30:36.716,0.81901,0.81916,2.25,1.43
2012.09.05 01:30:37.132,0.81906,0.81921,1.50,1.43
2012.09.05 01:30:38.192,0.81903,0.81921,2.18,2.18
2012.09.05 01:30:38.541,0.81901,0.81916,2.25,1.43
2012.09.05 01:30:38.840,0.81901,0.81916,1.50,1.43
2012.09.05 01:30:39.898,0.81901,0.81916,2.25,1.43
2012.09.05 01:30:39.970,0.81901,0.81916,2.25,1.43
2012.09.05 01:30:45.699,0.81903,0.81921,2.18,2.18
2012.09.05 01:30:46.840,0.81903,0.81921,2.18,2.18
2012.09.05 01:30:46.968,0.81903,0.81917,2.18,1.43
2012.09.05 01:30:47.339,0.81901,0.81916,1.50,1.43
2012.09.05 01:30:47.869,0.81901,0.81916,1.50,1.43
2012.09.05 01:30:47.999,0.81901,0.81916,1.50,1.43
2012.09.05 01:30:53.580,0.81901,0.81916,1.50,1.43
2012.09.05 01:30:53.899,0.81902,0.81919,2.18,2.18
2012.09.05 01:30:56.642,0.81902,0.81919,2.18,2.18
2012.09.05 01:30:57.008,0.81907,0.81919,1.50,1.43
2012.09.05 01:30:57.660,0.81907,0.81919,1.50,1.43
2012.09.05 01:30:58.009,0.81907,0.81919,1.50,1.43
2012.09.05 01:30:58.908,0.81907,0.81919,1.50,1.43
2012.09.05 01:31:00.929,0.81907,0.81919,1.50,1.43
2012.09.05 01:31:01.188,0.81907,0.81919,1.50,1.43
2012.09.05 01:31:03.625,0.81907,0.81919,1.50,1.43
2012.09.05 01:31:05.368,0.81907,0.81919,1.50,1.43
2012.09.05 01:31:05.498,0.81907,0.81924,1.50,2.18
2012.09.05 01:31:09.520,0.81907,0.81924,1.50,2.18
2012.09.05 01:31:09.870,0.81907,0.81924,1.50,2.18
2012.09.05 01:31:12.882,0.81907,0.81924,1.50,2.18
2012.09.05 01:31:13.211,0.81906,0.81924,2.18,2.18
2012.09.05 01:31:13.350,0.81904,0.8192,2.18,2.18
2012.09.05 01:31:14.801,0.81902,0.8192,2.18,2.18
2012.09.05 01:31:18.531,0.81902,0.8192,2.18,2.18
2012.09.05 01:31:19.989,0.81902,0.8192,2.93,2.18
2012.09.05 01:31:20.970,0.81902,0.8192,2.18,2.18
2012.09.05 01:31:21.041,0.81902,0.8192,2.18,2.18
2012.09.05 01:31:21.463,0.81895,0.81913,1.50,2.18
2012.09.05 01:31:21.543,0.81896,0.81913,1.50,1.43
2012.09.05 01:31:21.611,0.81894,0.81913,2.18,2.18
2012.09.05 01:31:22.100,0.81896,0.81913,1.50,1.43
2012.09.05 01:31:22.611,0.81896,0.81913,1.50,1.43
2012.09.05 01:31:23.679,0.81896,0.81913,1.50,1.43
2012.09.05 01:31:24.273,0.81896,0.81913,1.50,1.43
2012.09.05 01:31:28.899,0.81899,0.81913,1.50,1.43
2012.09.05 01:31:29.349,0.81896,0.81913,1.50,1.43
2012.09.05 01:31:30.049,0.81896,0.81913,1.50,1.43
2012.09.05 01:31:32.388,0.81896,0.81913,1.50,1.43
2012.09.05 01:31:35.010,0.81896,0.81913,1.50,1.43
2012.09.05 01:31:35.689,0.81896,0.81913,1.50,1.43
2012.09.05 01:31:40.457,0.81896,0.81913,1.50,1.43
2012.09.05 01:31:41.005,0.81897,0.81913,2.18,1.43
2012.09.05 01:31:48.278,0.81897,0.81913,2.18,1.43
2012.09.05 01:31:48.829,0.81897,0.81913,2.18,1.43
2012.09.05 01:31:48.959,0.81897,0.8191,2.18,1.43
2012.09.05 01:31:49.280,0.81892,0.81909,1.50,2.18
2012.09.05 01:31:49.599,0.81891,0.81905,1.50,1.43
2012.09.05 01:31:49.741,0.81892,0.81909,2.18,2.18
2012.09.05 01:31:49.875,0.81892,0.81909,2.18,2.18
2012.09.05 01:31:50.272,0.81892,0.81909,1.43,2.18
2012.09.05 01:31:50.814,0.81888,0.81906,2.18,2.18
2012.09.05 01:31:50.961,0.81888,0.81906,2.18,2.18
2012.09.05 01:31:51.871,0.81888,0.81906,1.43,2.18
2012.09.05 01:31:52.433,0.81884,0.81902,2.18,2.18
2012.09.05 01:31:52.511,0.81884,0.81902,1.43,2.18
2012.09.05 01:31:53.101,0.81884,0.81902,1.43,2.82
2012.09.05 01:31:53.619,0.81879,0.81898,2.18,2.18
2012.09.05 01:31:53.938,0.81879,0.81898,2.18,2.18
2012.09.05 01:31:55.320,0.81879,0.81898,2.18,2.18
2012.09.05 01:31:58.330,0.81879,0.81898,2.18,2.18
2012.09.05 01:31:58.731,0.81875,0.81894,2.18,2.18
2012.09.05 01:31:59.812,0.81876,0.81894,1.50,2.18
2012.09.05 01:32:00.089,0.81875,0.81894,2.18,2.18
2012.09.05 01:32:00.410,0.81872,0.8189,2.18,2.18
2012.09.05 01:32:00.891,0.81872,0.8189,2.18,2.18
2012.09.05 01:32:01.171,0.81872,0.8189,2.18,2.18
2012.09.05 01:32:02.534,0.81872,0.8189,2.18,2.18
2012.09.05 01:32:02.672,0.81872,0.81888,2.18,2.18
2012.09.05 01:32:02.821,0.81869,0.81885,2.93,2.18
2012.09.05 01:32:03.281,0.81869,0.81885,2.18,2.18
2012.09.05 01:32:03.479,0.81869,0.81885,2.18,2.18
2012.09.05 01:32:05.552,0.81869,0.81885,2.18,2.18
2012.09.05 01:32:05.739,0.81869,0.81885,2.18,2.18
2012.09.05 01:32:06.014,0.81867,0.8188,1.50,2.18
2012.09.05 01:32:06.409,0.81867,0.8188,1.50,2.18
2012.09.05 01:32:06.579,0.81867,0.8188,1.50,2.18
2012.09.05 01:32:07.033,0.81867,0.8188,1.50,2.18
2012.09.05 01:32:08.531,0.81865,0.8188,1.50,2.18
2012.09.05 01:32:11.019,0.81865,0.8188,1.50,2.18
2012.09.05 01:32:11.719,0.81867,0.81884,1.50,2.18
2012.09.05 01:32:12.089,0.81867,0.81884,1.50,2.18
2012.09.05 01:32:12.461,0.81867,0.81884,1.50,2.18
2012.09.05 01:32:12.793,0.81867,0.81884,1.50,2.18
2012.09.05 01:32:13.100,0.81867,0.81884,1.50,2.18
2012.09.05 01:32:13.950,0.81867,0.81884,2.25,2.18
2012.09.05 01:32:15.062,0.81868,0.81884,1.50,2.18
2012.09.05 01:32:15.379,0.81868,0.81884,1.50,2.18
2012.09.05 01:32:15.659,0.81868,0.81884,1.50,2.18
2012.09.05 01:32:16.173,0.8187,0.81887,2.93,2.18
2012.09.05 01:32:16.302,0.81872,0.81887,1.50,1.43
2012.09.05 01:32:16.656,0.81873,0.81887,2.93,1.43
2012.09.05 01:32:16.790,0.81878,0.81894,2.18,1.50
2012.09.05 01:32:16.933,0.81878,0.81895,2.18,2.18
2012.09.05 01:32:19.310,0.81882,0.81898,2.18,2.18
2012.09.05 01:32:19.831,0.81882,0.81898,2.18,2.18
2012.09.05 01:32:20.200,0.81882,0.81898,2.18,2.18
2012.09.05 01:32:20.739,0.81882,0.81898,2.18,1.43
2012.09.05 01:32:21.330,0.81882,0.81898,2.18,2.93
2012.09.05 01:32:21.581,0.81882,0.81898,2.18,2.18
2012.09.05 01:32:24.220,0.81882,0.81898,2.93,2.18
2012.09.05 01:32:24.979,0.81882,0.81898,2.18,2.18
2012.09.05 01:32:28.820,0.81882,0.81898,2.18,2.18
2012.09.05 01:32:30.078,0.81882,0.81898,2.18,2.18
2012.09.05 01:32:31.465,0.81882,0.81898,2.18,2.18
2012.09.05 01:32:34.498,0.81882,0.81898,2.18,2.82
2012.09.05 01:32:34.679,0.81882,0.81898,2.93,2.82
2012.09.05 01:32:35.211,0.81882,0.81898,2.18,2.82
2012.09.05 01:32:41.119,0.81882,0.81898,2.18,2.82
2012.09.05 01:32:41.664,0.81882,0.81898,2.18,2.82
2012.09.05 01:32:43.719,0.81882,0.81898,1.43,2.18
2012.09.05 01:32:44.069,0.81882,0.81898,2.18,2.18
2012.09.05 01:32:47.481,0.81882,0.81898,2.18,1.43
2012.09.05 01:32:48.112,0.81886,0.819,1.43,1.40
2012.09.05 01:32:48.660,0.81886,0.81902,2.93,2.18
2012.09.05 01:32:49.060,0.81886,0.81902,2.93,2.18
2012.09.05 01:32:49.271,0.81886,0.81902,2.93,2.18
2012.09.05 01:32:49.673,0.81886,0.81902,2.93,2.18
2012.09.05 01:32:50.163,0.81886,0.81902,3.68,1.43
2012.09.05 01:32:50.889,0.81886,0.81902,2.93,2.18
2012.09.05 01:32:51.429,0.81886,0.81902,2.93,2.18
2012.09.05 01:32:52.969,0.81886,0.81902,2.93,2.18
2012.09.05 01:32:53.159,0.81886,0.81902,2.93,2.82
2012.09.05 01:32:53.610,0.81886,0.81902,2.18,2.82
2012.09.05 01:32:54.139,0.81886,0.81902,2.93,1.43
2012.09.05 01:32:56.870,0.81886,0.81902,3.68,1.43
2012.09.05 01:32:57.070,0.8189,0.81904,2.18,2.18
2012.09.05 01:32:57.436,0.8189,0.81908,2.93,2.18
2012.09.05 01:32:57.513,0.81891,0.81908,1.50,1.43
2012.09.05 01:32:58.071,0.81893,0.81908,1.50,1.43
2012.09.05 01:32:59.699,0.81891,0.81908,2.25,1.43
2012.09.05 01:33:00.131,0.81891,0.81908,1.50,2.18
2012.09.05 01:33:03.532,0.8189,0.81908,2.18,2.18
2012.09.05 01:33:04.299,0.8189,0.81908,2.18,2.18
2012.09.05 01:33:08.809,0.81888,0.81904,1.50,2.18
2012.09.05 01:33:09.340,0.81889,0.81904,1.50,2.18
2012.09.05 01:33:09.690,0.81889,0.81904,1.50,2.18
2012.09.05 01:33:15.231,0.81885,0.81899,1.50,2.18
2012.09.05 01:33:15.910,0.81886,0.81904,1.43,2.18
2012.09.05 01:33:25.328,0.81886,0.81904,2.18,2.18
2012.09.05 01:33:28.240,0.81886,0.81904,1.43,2.18
2012.09.05 01:33:31.807,0.81886,0.81904,2.18,2.18
2012.09.05 01:33:33.201,0.81886,0.81904,2.93,2.18
2012.09.05 01:33:33.351,0.81886,0.81904,2.93,2.18
2012.09.05 01:33:35.662,0.81886,0.81904,3.68,2.18
2012.09.05 01:33:35.940,0.81886,0.81904,3.68,2.18
2012.09.05 01:33:37.700,0.81886,0.81904,3.68,2.18
2012.09.05 01:33:38.190,0.81886,0.81904,3.68,2.18
2012.09.05 01:33:38.441,0.81886,0.81904,3.68,2.18
2012.09.05 01:33:39.970,0.81889,0.81906,2.18,2.18
2012.09.05 01:33:40.218,0.81889,0.81908,2.18,2.18
2012.09.05 01:33:40.461,0.81891,0.81908,1.50,1.43
2012.09.05 01:33:40.601,0.81891,0.81908,1.50,1.43
2012.09.05 01:33:41.120,0.81891,0.81908,1.50,1.43
2012.09.05 01:33:41.901,0.81893,0.81908,1.50,1.43
2012.09.05 01:33:42.732,0.81893,0.81908,1.50,2.18
2012.09.05 01:33:43.023,0.81893,0.81908,1.50,1.43
2012.09.05 01:33:43.101,0.81893,0.81908,1.50,2.18
2012.09.05 01:33:43.653,0.81893,0.81908,1.50,2.18
2012.09.05 01:33:43.731,0.81893,0.81908,1.50,2.18
2012.09.05 01:33:44.657,0.81893,0.81908,1.50,2.18
2012.09.05 01:33:44.964,0.81895,0.81909,1.43,1.50
2012.09.05 01:33:45.240,0.81895,0.81909,1.43,1.50
2012.09.05 01:33:45.703,0.81895,0.81909,1.43,1.50
2012.09.05 01:33:45.842,0.8189,0.81906,2.18,2.18
2012.09.05 01:33:46.030,0.81891,0.81906,1.50,1.43
2012.09.05 01:33:47.471,0.8189,0.81906,2.93,2.18
2012.09.05 01:33:48.022,0.81894,0.81909,1.43,1.50
2012.09.05 01:33:48.451,0.81894,0.81909,1.43,1.50
2012.09.05 01:33:49.029,0.81894,0.8191,1.43,2.18
2012.09.05 01:33:49.688,0.81894,0.8191,2.18,2.18
2012.09.05 01:33:50.460,0.81894,0.81909,2.18,1.50
2012.09.05 01:33:52.879,0.81894,0.81907,1.43,1.50
2012.09.05 01:33:54.861,0.81894,0.8191,1.43,2.93
2012.09.05 01:33:58.276,0.81894,0.8191,2.18,2.93
2012.09.05 01:34:01.945,0.81896,0.8191,1.50,2.18
2012.09.05 01:34:02.350,0.81896,0.81914,2.93,1.50
2012.09.05 01:34:02.419,0.81896,0.81914,2.93,1.50
2012.09.05 01:34:02.720,0.81896,0.81913,2.18,1.50
2012.09.05 01:34:02.791,0.81896,0.81913,2.18,1.50
2012.09.05 01:34:02.931,0.81896,0.81914,2.93,1.50
2012.09.05 01:34:03.004,0.81901,0.81914,1.43,1.50
2012.09.05 01:34:03.520,0.81901,0.81913,1.43,1.50
2012.09.05 01:34:04.755,0.81901,0.81914,1.43,1.50
2012.09.05 01:34:07.325,0.81901,0.81914,2.18,1.50
2012.09.05 01:34:07.879,0.81901,0.81914,1.43,1.50
2012.09.05 01:34:08.715,0.81901,0.81914,2.18,1.50
2012.09.05 01:34:10.780,0.81901,0.81914,1.43,1.50
2012.09.05 01:34:11.330,0.81901,0.81914,2.18,1.50
2012.09.05 01:34:11.850,0.81901,0.81914,1.43,1.50
2012.09.05 01:34:13.541,0.81901,0.81914,2.18,1.50
2012.09.05 01:34:17.782,0.81901,0.81914,1.43,1.50
2012.09.05 01:34:18.160,0.81896,0.81914,2.93,2.93
2012.09.05 01:34:18.659,0.81896,0.81914,2.93,2.93
2012.09.05 01:34:20.540,0.81896,0.81914,2.93,2.18
2012.09.05 01:34:20.849,0.81896,0.81914,2.93,2.18
2012.09.05 01:34:21.170,0.81896,0.81914,2.18,2.18
2012.09.05 01:34:21.699,0.81896,0.81914,2.18,2.18
2012.09.05 01:34:22.473,0.81896,0.81914,2.18,2.18
2012.09.05 01:34:23.239,0.81896,0.81914,2.18,2.18
2012.09.05 01:34:23.412,0.81896,0.81914,2.18,2.18
2012.09.05 01:34:23.539,0.81897,0.81914,1.50,2.18
2012.09.05 01:34:26.198,0.81897,0.81914,1.50,2.18
2012.09.05 01:34:27.974,0.81897,0.81914,1.50,2.18
2012.09.05 01:34:28.159,0.81897,0.81914,1.50,2.18
2012.09.05 01:34:28.349,0.81896,0.81914,2.18,2.18
2012.09.05 01:34:28.522,0.81896,0.81914,2.93,2.18
2012.09.05 01:34:29.603,0.81896,0.81914,2.18,2.18
2012.09.05 01:34:30.203,0.81896,0.81914,2.18,2.18
2012.09.05 01:34:31.173,0.81896,0.81914,2.93,2.18
2012.09.05 01:34:32.920,0.81896,0.81914,2.93,2.18
2012.09.05 01:34:33.108,0.81896,0.81914,2.93,2.18
2012.09.05 01:34:34.030,0.81896,0.81914,2.18,2.18
2012.09.05 01:34:34.529,0.81897,0.81914,1.50,2.18
2012.09.05 01:34:35.619,0.81897,0.81914,1.50,2.18
2012.09.05 01:34:35.748,0.81897,0.81914,1.50,2.18
2012.09.05 01:34:36.088,0.81896,0.81914,2.18,2.18
2012.09.05 01:34:36.338,0.81896,0.81914,2.93,2.18
2012.09.05 01:34:36.660,0.81896,0.81914,2.18,2.18
2012.09.05 01:34:36.879,0.81896,0.81914,2.93,2.18
2012.09.05 01:34:39.298,0.81896,0.81914,2.18,2.93
2012.09.05 01:34:39.520,0.81897,0.81914,1.50,2.93
2012.09.05 01:34:40.269,0.81897,0.81914,1.50,2.93
2012.09.05 01:34:40.931,0.81897,0.81914,1.50,2.93
2012.09.05 01:34:42.160,0.81896,0.81914,2.18,2.93
2012.09.05 01:34:42.484,0.81897,0.81914,1.50,2.93
2012.09.05 01:34:43.570,0.81897,0.81914,1.50,2.93
2012.09.05 01:34:44.687,0.81897,0.81913,1.50,1.50
2012.09.05 01:34:45.331,0.81897,0.81913,1.50,1.50
2012.09.05 01:34:51.572,0.81897,0.81913,1.50,1.50
2012.09.05 01:34:51.647,0.81899,0.81913,1.43,1.50
2012.09.05 01:34:51.998,0.81899,0.81913,2.18,1.50
2012.09.05 01:34:54.422,0.81899,0.81913,2.18,1.50
2012.09.05 01:34:54.818,0.81899,0.81913,2.18,1.50
2012.09.05 01:35:03.140,0.81899,0.81913,2.18,1.50
2012.09.05 01:35:03.269,0.81899,0.81913,2.18,1.50
2012.09.05 01:35:05.599,0.81899,0.81916,2.18,1.50
2012.09.05 01:35:10.120,0.81901,0.81918,1.50,2.82
2012.09.05 01:35:11.070,0.81899,0.81918,2.18,3.57
2012.09.05 01:35:13.958,0.81899,0.81918,2.18,2.93
2012.09.05 01:35:14.480,0.81897,0.81913,1.50,2.18
2012.09.05 01:35:19.195,0.81897,0.81913,1.50,2.18
2012.09.05 01:35:20.140,0.81897,0.81913,1.50,2.18
2012.09.05 01:35:26.451,0.819,0.81913,2.18,1.50
2012.09.05 01:35:26.758,0.819,0.81913,2.18,1.50
2012.09.05 01:35:28.488,0.819,0.81913,2.18,1.50
2012.09.05 01:35:29.877,0.819,0.81913,2.18,1.50
2012.09.05 01:35:34.278,0.81896,0.81912,2.93,1.50
2012.09.05 01:35:34.780,0.81896,0.81909,1.50,2.18
2012.09.05 01:35:35.310,0.81893,0.81909,2.18,3.57
2012.09.05 01:35:35.382,0.81891,0.81906,2.25,1.43
2012.09.05 01:35:35.870,0.81891,0.81903,1.50,1.88
2012.09.05 01:35:36.870,0.81891,0.81904,2.25,1.88
2012.09.05 01:35:37.251,0.81892,0.81907,2.18,3.30
2012.09.05 01:35:37.800,0.81896,0.81907,1.50,1.88
2012.09.05 01:35:43.329,0.81893,0.81907,1.13,1.88
2012.09.05 01:35:43.961,0.81896,0.81907,1.50,1.88
2012.09.05 01:35:44.160,0.81892,0.81903,2.55,1.88
2012.09.05 01:35:46.861,0.81891,0.81901,1.13,1.88
2012.09.05 01:35:46.989,0.81892,0.81901,1.13,1.88
2012.09.05 01:35:47.401,0.81893,0.81904,1.13,2.63
2012.09.05 01:35:47.964,0.81893,0.81905,1.13,3.30
2012.09.05 01:35:49.158,0.81893,0.81905,1.13,3.30
2012.09.05 01:35:50.151,0.81892,0.81904,1.50,1.88
2012.09.05 01:35:53.741,0.81891,0.81902,1.50,1.88
2012.09.05 01:35:54.250,0.81892,0.81901,1.50,1.43
2012.09.05 01:35:54.501,0.81892,0.81904,1.50,1.88
2012.09.05 01:35:55.152,0.81892,0.81904,1.50,2.63
2012.09.05 01:35:55.993,0.81892,0.81904,2.25,1.88
2012.09.05 01:35:57.022,0.81892,0.81904,1.50,2.63
2012.09.05 01:35:58.149,0.8189,0.81904,1.50,2.63
2012.09.05 01:35:58.651,0.8189,0.81904,1.50,2.63
2012.09.05 01:35:59.308,0.8189,0.81904,1.50,2.63
2012.09.05 01:35:59.512,0.8189,0.81901,1.50,1.88
2012.09.05 01:35:59.580,0.8189,0.81904,1.50,3.38
2012.09.05 01:35:59.653,0.8189,0.819,1.50,1.43
2012.09.05 01:36:03.728,0.81889,0.819,1.50,4.05
2012.09.05 01:36:03.860,0.81889,0.819,1.50,3.30
2012.09.05 01:36:04.464,0.81889,0.819,1.50,4.05
2012.09.05 01:36:04.759,0.8189,0.819,1.50,1.43
2012.09.05 01:36:06.369,0.8189,0.819,1.50,1.43
2012.09.05 01:36:06.980,0.81889,0.819,1.50,1.43
2012.09.05 01:36:08.490,0.8189,0.819,1.50,2.18
2012.09.05 01:36:08.759,0.8189,0.819,1.50,1.43
2012.09.05 01:36:11.659,0.81886,0.819,1.50,4.05
2012.09.05 01:36:12.188,0.81887,0.819,1.50,3.30
2012.09.05 01:36:13.442,0.81884,0.819,2.18,4.05
2012.09.05 01:36:13.844,0.81884,0.81895,2.18,1.88
2012.09.05 01:36:14.219,0.81884,0.819,2.18,2.93
2012.09.05 01:36:16.863,0.81889,0.81901,1.43,2.63
2012.09.05 01:36:18.033,0.81889,0.81901,1.43,2.63
2012.09.05 01:36:18.511,0.81886,0.81901,2.18,2.63
2012.09.05 01:36:20.268,0.81886,0.81901,2.18,2.63
2012.09.05 01:36:23.488,0.81886,0.81901,2.93,1.88
2012.09.05 01:36:23.559,0.81886,0.81901,2.93,1.88
2012.09.05 01:36:23.834,0.81886,0.81901,2.93,1.88
2012.09.05 01:36:26.828,0.81886,0.81901,2.93,1.88
2012.09.05 01:36:27.026,0.81886,0.81901,2.93,1.88
2012.09.05 01:36:28.125,0.81886,0.81901,2.93,1.88
2012.09.05 01:36:28.440,0.81886,0.81901,2.93,1.88
2012.09.05 01:36:30.829,0.81886,0.819,2.93,1.88
2012.09.05 01:36:31.141,0.81886,0.81897,2.93,1.88
2012.09.05 01:36:31.481,0.81886,0.81902,2.93,3.95
2012.09.05 01:36:32.079,0.81886,0.81902,2.93,3.30
2012.09.05 01:36:39.960,0.81887,0.81902,2.18,1.88
2012.09.05 01:36:44.979,0.81887,0.81902,2.18,1.88
2012.09.05 01:36:49.899,0.81887,0.81902,2.18,1.88
2012.09.05 01:36:50.322,0.81887,0.81902,2.18,2.63
2012.09.05 01:36:51.455,0.81887,0.81902,2.18,2.63
2012.09.05 01:36:51.991,0.81887,0.81902,2.18,2.63
2012.09.05 01:36:52.690,0.81887,0.81898,2.18,2.63
2012.09.05 01:36:53.222,0.81887,0.81898,2.18,2.63
2012.09.05 01:36:54.888,0.81887,0.81898,1.43,2.63
2012.09.05 01:36:58.468,0.81885,0.81898,2.18,2.63
2012.09.05 01:37:00.805,0.81885,0.81898,2.18,2.63
2012.09.05 01:37:01.608,0.81885,0.819,2.18,2.63
2012.09.05 01:37:01.798,0.81885,0.819,2.18,2.63
2012.09.05 01:37:03.070,0.81885,0.819,2.18,2.63
2012.09.05 01:37:03.226,0.81885,0.819,2.18,2.63
2012.09.05 01:37:08.934,0.81886,0.819,1.50,1.88
2012.09.05 01:37:09.448,0.81885,0.81901,2.18,2.63
2012.09.05 01:37:13.578,0.81887,0.81901,1.50,1.88
2012.09.05 01:37:17.760,0.81887,0.81902,1.50,1.88
2012.09.05 01:37:18.008,0.81887,0.81902,1.50,1.88
2012.09.05 01:37:20.540,0.81885,0.81902,2.18,2.63
2012.09.05 01:37:20.669,0.81885,0.81899,2.18,2.63
2012.09.05 01:37:20.801,0.81885,0.81899,2.18,2.63
2012.09.05 01:37:23.815,0.81885,0.81899,2.18,2.63
2012.09.05 01:37:26.675,0.81885,0.81898,1.43,2.63
2012.09.05 01:37:27.183,0.81885,0.81898,2.18,2.63
2012.09.05 01:37:33.900,0.81886,0.81898,1.50,1.88
2012.09.05 01:37:34.472,0.8189,0.81901,1.43,1.88
2012.09.05 01:37:34.979,0.81891,0.81901,1.50,1.88
2012.09.05 01:37:50.831,0.81891,0.81901,1.50,1.88
2012.09.05 01:37:51.239,0.81891,0.81905,1.50,1.88
2012.09.05 01:37:52.871,0.8189,0.81905,2.18,2.63
2012.09.05 01:37:54.221,0.8189,0.81905,2.18,2.63
2012.09.05 01:37:54.680,0.81888,0.81905,2.18,4.05
2012.09.05 01:37:55.679,0.81888,0.81904,2.18,1.50
2012.09.05 01:37:56.111,0.81888,0.81902,2.18,2.63
2012.09.05 01:37:56.509,0.81888,0.81903,2.18,2.63
2012.09.05 01:37:56.759,0.81888,0.81903,2.18,2.63
2012.09.05 01:37:58.723,0.81885,0.819,1.50,2.63
2012.09.05 01:37:59.231,0.81884,0.819,2.93,2.63
2012.09.05 01:37:59.819,0.81884,0.819,2.93,2.63
2012.09.05 01:38:00.972,0.81884,0.81898,2.93,2.63
2012.09.05 01:38:01.370,0.81879,0.81897,2.18,4.05
2012.09.05 01:38:01.511,0.81879,0.81894,1.43,2.63
2012.09.05 01:38:01.761,0.81879,0.81894,2.18,2.63
2012.09.05 01:38:02.469,0.81879,0.81894,2.18,2.63
2012.09.05 01:38:03.047,0.81879,0.81894,2.18,2.63
2012.09.05 01:38:03.331,0.81879,0.81894,2.18,2.63
2012.09.05 01:38:03.529,0.81879,0.81895,2.18,3.38
2012.09.05 01:38:03.903,0.8188,0.81896,2.63,1.50
2012.09.05 01:38:03.971,0.81882,0.81896,1.88,1.50
2012.09.05 01:38:04.302,0.81884,0.81896,1.43,1.50
2012.09.05 01:38:12.158,0.81884,0.81897,2.18,2.63
2012.09.05 01:38:12.650,0.81884,0.81897,2.18,2.63
2012.09.05 01:38:12.780,0.81884,0.81897,2.18,1.88
2012.09.05 01:38:12.911,0.81884,0.81897,2.18,1.88
2012.09.05 01:38:13.517,0.81889,0.81906,1.43,3.22
2012.09.05 01:38:17.579,0.81889,0.81906,1.43,2.63
2012.09.05 01:38:19.071,0.81893,0.81908,1.43,5.45
2012.09.05 01:38:19.321,0.81893,0.81908,1.43,3.38
2012.09.05 01:38:19.699,0.81893,0.8191,2.18,4.05
2012.09.05 01:38:19.969,0.81893,0.8191,2.18,4.05
2012.09.05 01:38:22.132,0.81893,0.8191,2.18,4.05
2012.09.05 01:38:26.619,0.81893,0.81909,2.18,2.63
2012.09.05 01:38:26.748,0.81893,0.81909,2.18,2.63
2012.09.05 01:38:29.329,0.81893,0.81908,1.43,3.38
2012.09.05 01:38:29.853,0.81893,0.81908,2.18,3.38
2012.09.05 01:38:30.464,0.81893,0.81908,2.18,3.38
2012.09.05 01:38:31.579,0.81893,0.81908,1.43,3.38
2012.09.05 01:38:39.722,0.81893,0.81908,2.18,3.38
2012.09.05 01:38:41.024,0.81893,0.81906,2.18,1.88
2012.09.05 01:38:41.300,0.81893,0.81906,2.18,2.63
2012.09.05 01:38:43.032,0.81887,0.81901,3.68,1.88
2012.09.05 01:38:43.961,0.81887,0.81904,2.93,4.80
2012.09.05 01:38:44.532,0.81887,0.81904,3.68,4.05
2012.09.05 01:38:50.121,0.81887,0.81904,2.93,4.05
2012.09.05 01:38:50.371,0.81887,0.81904,2.93,4.05
2012.09.05 01:38:51.069,0.81892,0.81904,2.25,3.30
2012.09.05 01:38:51.531,0.81892,0.81908,3.68,4.05
2012.09.05 01:38:51.603,0.81892,0.81908,3.68,2.18
2012.09.05 01:38:52.120,0.81895,0.81909,2.18,2.63
2012.09.05 01:39:01.712,0.81895,0.81909,2.18,2.63
2012.09.05 01:39:02.222,0.81899,0.81915,3.04,2.18
2012.09.05 01:39:02.360,0.81899,0.81912,1.50,1.43
2012.09.05 01:39:02.803,0.81897,0.81912,1.50,1.43
2012.09.05 01:39:03.341,0.81902,0.81912,1.50,1.43
2012.09.05 01:39:03.670,0.81903,0.81912,2.63,1.43
2012.09.05 01:39:03.743,0.81903,0.81916,2.63,1.43
2012.09.05 01:39:21.389,0.81905,0.81921,1.43,4.05
2012.09.05 01:39:21.972,0.81906,0.81921,1.50,3.30
2012.09.05 01:39:22.361,0.81905,0.81921,2.18,4.05
2012.09.05 01:39:24.439,0.81905,0.81918,2.18,1.88
2012.09.05 01:39:24.950,0.81905,0.8192,2.18,2.63
2012.09.05 01:39:25.593,0.81906,0.81921,1.50,1.43
2012.09.05 01:39:25.990,0.81909,0.81923,1.43,1.88
2012.09.05 01:39:27.110,0.81909,0.81921,1.43,1.88
2012.09.05 01:39:29.770,0.81909,0.81921,1.43,2.63
2012.09.05 01:39:29.841,0.81906,0.8192,2.18,2.18
2012.09.05 01:39:30.329,0.81904,0.8192,1.43,2.18
2012.09.05 01:39:30.992,0.81904,0.8192,2.18,2.18
2012.09.05 01:39:31.510,0.81905,0.8192,1.50,1.43
2012.09.05 01:39:32.020,0.81906,0.8192,1.50,1.43
2012.09.05 01:39:32.091,0.81904,0.8192,4.05,2.18
2012.09.05 01:39:32.614,0.81904,0.8192,2.18,2.18
2012.09.05 01:39:37.478,0.81904,0.8192,2.18,2.18
2012.09.05 01:39:38.540,0.81904,0.8192,2.18,2.18
2012.09.05 01:39:44.095,0.81904,0.8192,2.18,2.18
2012.09.05 01:39:44.739,0.81904,0.8192,2.18,2.18
2012.09.05 01:39:49.159,0.81904,0.81916,2.18,1.88
2012.09.05 01:39:49.482,0.819,0.81915,1.50,2.18
2012.09.05 01:39:49.552,0.81899,0.81915,2.18,2.18
2012.09.05 01:39:49.918,0.81899,0.81912,2.18,2.63
2012.09.05 01:39:50.179,0.81899,0.81912,2.18,2.63
2012.09.05 01:40:06.001,0.81897,0.81912,2.18,4.65
2012.09.05 01:40:06.272,0.81894,0.81906,2.29,1.35
2012.09.05 01:40:06.411,0.81894,0.81906,2.18,1.35
2012.09.05 01:40:06.613,0.81892,0.81899,2.25,1.88
2012.09.05 01:40:07.005,0.81893,0.81901,1.50,1.88
2012.09.05 01:40:07.240,0.81892,0.81903,1.50,1.88
2012.09.05 01:40:08.013,0.81892,0.81903,1.50,1.88
2012.09.05 01:40:08.210,0.81892,0.81903,1.50,1.88
2012.09.05 01:40:09.291,0.81893,0.81905,1.50,1.88
2012.09.05 01:40:12.430,0.81892,0.81908,1.50,2.18
2012.09.05 01:40:19.551,0.81892,0.81907,1.61,1.88
2012.09.05 01:40:20.109,0.81895,0.81908,2.18,2.63
2012.09.05 01:40:27.258,0.81895,0.81908,1.43,2.63
2012.09.05 01:40:29.402,0.81895,0.81908,1.43,2.63
2012.09.05 01:40:31.700,0.81895,0.8191,2.18,1.88
2012.09.05 01:40:33.261,0.81896,0.8191,1.50,1.88
2012.09.05 01:40:34.205,0.81895,0.8191,2.93,1.88
2012.09.05 01:40:34.282,0.81895,0.8191,2.18,2.63
2012.09.05 01:40:39.319,0.81895,0.8191,2.18,2.63
2012.09.05 01:40:44.163,0.81896,0.8191,1.43,2.63
2012.09.05 01:40:44.712,0.81896,0.81909,2.18,2.63
2012.09.05 01:40:46.212,0.81896,0.81908,1.43,2.63
2012.09.05 01:40:49.600,0.81896,0.81911,2.93,3.23
2012.09.05 01:40:50.060,0.81896,0.81911,2.18,3.38
2012.09.05 01:40:50.574,0.81896,0.81911,2.93,2.63
2012.09.05 01:40:54.239,0.81896,0.81908,2.93,1.88
2012.09.05 01:40:56.732,0.81896,0.81911,2.93,1.88
2012.09.05 01:40:57.133,0.81896,0.81911,2.18,2.63
2012.09.05 01:41:00.070,0.81895,0.81908,2.18,2.63
2012.09.05 01:41:09.143,0.81895,0.81909,2.18,2.63
2012.09.05 01:41:19.979,0.81895,0.81909,1.43,2.63
2012.09.05 01:41:20.802,0.81895,0.81909,2.18,2.63
2012.09.05 01:41:29.462,0.81895,0.81909,2.18,2.63
2012.09.05 01:41:30.021,0.81896,0.81909,1.50,2.63
2012.09.05 01:41:33.570,0.81895,0.81906,2.18,2.63
2012.09.05 01:41:33.641,0.81893,0.81906,2.18,2.63
2012.09.05 01:41:33.949,0.81891,0.81906,2.93,2.63
2012.09.05 01:41:34.391,0.81891,0.81906,3.68,1.88
2012.09.05 01:41:34.711,0.81895,0.81908,1.43,1.88
2012.09.05 01:41:35.492,0.81895,0.8191,2.93,1.50
2012.09.05 01:41:40.549,0.81895,0.8191,1.43,2.63
2012.09.05 01:41:43.481,0.81891,0.81907,1.61,2.63
2012.09.05 01:41:43.550,0.81891,0.81907,1.61,2.63
2012.09.05 01:41:43.971,0.81891,0.81907,1.50,1.88
2012.09.05 01:41:44.425,0.8189,0.81907,2.93,2.63
2012.09.05 01:41:44.661,0.81891,0.81908,2.36,4.05
2012.09.05 01:41:45.001,0.81892,0.81908,1.50,4.05
2012.09.05 01:41:45.071,0.81892,0.81908,1.50,4.05
2012.09.05 01:41:45.920,0.81892,0.81908,1.50,4.05
2012.09.05 01:41:45.991,0.81892,0.81908,1.50,3.30
2012.09.05 01:41:46.552,0.81892,0.81908,1.50,4.05
2012.09.05 01:41:46.861,0.81895,0.81908,1.43,1.88
2012.09.05 01:41:51.929,0.81895,0.81911,1.43,4.05
2012.09.05 01:41:55.310,0.81895,0.81908,1.43,1.88
2012.09.05 01:41:59.372,0.81893,0.81908,2.25,3.30
2012.09.05 01:41:59.516,0.81893,0.81899,1.50,1.88
2012.09.05 01:41:59.594,0.81891,0.81899,2.18,1.88
2012.09.05 01:42:00.100,0.81891,0.819,1.43,1.88
2012.09.05 01:42:04.971,0.81886,0.819,1.50,2.63
2012.09.05 01:42:05.043,0.81886,0.81898,1.50,1.88
2012.09.05 01:42:05.716,0.81887,0.81901,1.50,1.88
2012.09.05 01:42:09.888,0.81887,0.81901,1.50,1.88
2012.09.05 01:42:10.531,0.81887,0.81901,1.50,1.88
2012.09.05 01:42:11.731,0.81886,0.81901,2.18,2.63
2012.09.05 01:42:11.803,0.81885,0.819,1.61,2.18
2012.09.05 01:42:12.150,0.81883,0.81899,1.50,2.63
2012.09.05 01:42:12.819,0.81883,0.81899,1.50,2.63
2012.09.05 01:42:14.752,0.81883,0.81899,1.50,2.63
2012.09.05 01:42:15.541,0.81883,0.81897,1.50,1.88
2012.09.05 01:42:17.569,0.81883,0.81895,1.50,1.88
2012.09.05 01:42:18.152,0.81882,0.81895,2.93,1.88
2012.09.05 01:42:19.688,0.81882,0.81895,2.18,2.63
2012.09.05 01:42:20.230,0.81882,0.81895,2.18,2.63
2012.09.05 01:42:21.189,0.81881,0.81894,1.43,4.05
2012.09.05 01:42:21.690,0.81879,0.81894,2.25,4.05
2012.09.05 01:42:22.213,0.81879,0.81894,1.50,4.05
2012.09.05 01:42:22.668,0.81879,0.81894,1.61,4.05
2012.09.05 01:42:22.749,0.81879,0.81894,1.61,4.05
2012.09.05 01:42:23.280,0.81878,0.81892,2.93,1.35
2012.09.05 01:42:23.822,0.81878,0.81892,1.43,1.35
2012.09.05 01:42:23.892,0.81876,0.8189,4.91,2.18
2012.09.05 01:42:24.191,0.81876,0.8189,3.49,2.18
2012.09.05 01:42:32.688,0.81876,0.8189,1.50,2.18
2012.09.05 01:42:33.219,0.81876,0.8189,1.50,2.18
2012.09.05 01:42:33.938,0.81875,0.8189,1.61,2.18
2012.09.05 01:42:34.552,0.81876,0.8189,1.50,2.18
2012.09.05 01:42:40.523,0.81876,0.8189,2.25,1.43
2012.09.05 01:42:42.081,0.81877,0.81891,2.29,1.88
2012.09.05 01:42:42.982,0.81877,0.81894,2.29,2.63
2012.09.05 01:42:43.055,0.81878,0.81894,2.25,1.88
2012.09.05 01:42:43.133,0.81878,0.81896,4.13,3.49
2012.09.05 01:42:43.695,0.81882,0.81896,2.18,2.07
2012.09.05 01:42:48.149,0.81882,0.81896,2.18,1.88
2012.09.05 01:42:48.519,0.81882,0.81899,2.18,2.63
2012.09.05 01:42:58.308,0.81883,0.81899,1.50,2.63
2012.09.05 01:43:21.771,0.81885,0.81899,1.50,2.63
2012.09.05 01:43:22.559,0.81883,0.81899,2.93,2.63
2012.09.05 01:43:23.181,0.81883,0.81898,1.50,1.43
2012.09.05 01:43:23.590,0.81883,0.81898,1.50,2.18
2012.09.05 01:43:24.074,0.81883,0.81898,1.50,1.43
2012.09.05 01:43:24.909,0.81883,0.81898,1.50,2.18
2012.09.05 01:43:25.424,0.81883,0.81897,1.50,2.63
2012.09.05 01:43:25.491,0.81883,0.81897,1.50,1.88
2012.09.05 01:43:25.696,0.81883,0.81897,1.50,2.63
2012.09.05 01:43:26.051,0.81883,0.81897,1.50,1.88
2012.09.05 01:43:26.940,0.81883,0.81898,1.50,2.93
2012.09.05 01:43:39.651,0.81885,0.81899,2.18,2.63
2012.09.05 01:43:41.279,0.81885,0.81901,1.43,2.63
2012.09.05 01:43:41.791,0.81885,0.81901,2.18,2.63
2012.09.05 01:43:42.902,0.81889,0.81903,1.43,1.50
2012.09.05 01:43:48.152,0.81891,0.81905,1.88,2.18
2012.09.05 01:43:49.101,0.8189,0.81905,1.88,2.18
2012.09.05 01:43:49.962,0.81889,0.81905,1.43,2.18
2012.09.05 01:44:03.031,0.81888,0.81906,4.80,2.63
2012.09.05 01:44:08.765,0.81888,0.81907,2.93,4.05
2012.09.05 01:44:12.650,0.81889,0.81907,1.88,2.18
2012.09.05 01:44:13.297,0.81889,0.81907,3.38,2.18
2012.09.05 01:44:18.320,0.81889,0.81907,3.38,2.18
2012.09.05 01:44:18.415,0.81889,0.81907,3.38,2.18
2012.09.05 01:44:22.962,0.81891,0.81909,1.43,4.05
2012.09.05 01:44:23.583,0.81891,0.81906,1.43,2.63
2012.09.05 01:44:26.294,0.81891,0.81908,1.43,1.50
2012.09.05 01:44:26.833,0.81891,0.81909,2.93,4.05
2012.09.05 01:44:27.780,0.81891,0.81903,2.93,1.88
2012.09.05 01:44:28.491,0.81892,0.81905,2.18,1.50
2012.09.05 01:44:30.813,0.81894,0.8191,2.63,2.18
2012.09.05 01:44:30.881,0.81892,0.8191,4.05,2.18
2012.09.05 01:44:31.013,0.81895,0.8191,1.88,2.18
2012.09.05 01:44:35.980,0.81893,0.8191,2.63,2.18
2012.09.05 01:44:37.063,0.81893,0.8191,2.63,2.18
2012.09.05 01:44:40.280,0.81893,0.8191,3.38,2.18
2012.09.05 01:44:47.752,0.81895,0.81911,1.43,4.05
2012.09.05 01:44:48.502,0.81895,0.81911,1.43,4.05
2012.09.05 01:44:50.139,0.81893,0.81908,3.38,1.43
2012.09.05 01:44:52.682,0.81894,0.81908,1.50,1.43
2012.09.05 01:44:53.232,0.81895,0.81911,2.93,2.18
2012.09.05 01:44:54.469,0.81895,0.81911,2.93,2.18
2012.09.05 01:44:54.902,0.81896,0.81911,3.38,2.18
2012.09.05 01:44:55.441,0.81895,0.81911,2.93,2.18
2012.09.05 01:44:55.931,0.81895,0.81911,2.18,2.18
2012.09.05 01:44:57.145,0.81895,0.81911,1.43,2.18
2012.09.05 01:44:57.212,0.81895,0.81911,1.43,2.18
2012.09.05 01:44:57.694,0.81893,0.81909,1.50,2.18
2012.09.05 01:44:59.783,0.81893,0.81909,1.50,2.18
2012.09.05 01:45:02.220,0.81892,0.81909,2.63,2.18
2012.09.05 01:45:03.352,0.81892,0.81909,3.38,2.18
2012.09.05 01:45:03.589,0.81892,0.81909,2.63,2.18
2012.09.05 01:45:03.991,0.8189,0.81904,1.43,2.63
2012.09.05 01:45:04.334,0.81882,0.819,2.18,2.93
2012.09.05 01:45:04.402,0.81882,0.819,2.18,2.93
2012.09.05 01:45:04.472,0.81882,0.819,2.29,2.93
2012.09.05 01:45:04.693,0.81884,0.819,2.25,2.18
2012.09.05 01:45:05.103,0.81891,0.81901,1.43,1.50
2012.09.05 01:45:05.355,0.81889,0.81905,1.43,3.12
2012.09.05 01:45:05.433,0.81889,0.81905,1.43,2.37
2012.09.05 01:45:05.634,0.81889,0.81905,1.43,2.18
2012.09.05 01:45:06.036,0.81894,0.81906,1.43,2.63
2012.09.05 01:45:06.113,0.8189,0.81906,1.43,2.63
2012.09.05 01:45:07.382,0.81891,0.81908,2.63,2.18
2012.09.05 01:45:07.714,0.81892,0.81908,1.88,1.43
2012.09.05 01:45:08.161,0.81896,0.8191,2.18,1.88
2012.09.05 01:45:08.433,0.81899,0.81915,1.43,1.50
2012.09.05 01:45:10.052,0.81899,0.81916,1.43,2.18
2012.09.05 01:45:10.453,0.81897,0.81912,1.43,1.50
2012.09.05 01:45:11.627,0.81897,0.81913,4.05,1.50
2012.09.05 01:45:12.142,0.81897,0.81913,3.30,1.50
2012.09.05 01:45:12.380,0.81897,0.81913,3.30,1.50
2012.09.05 01:45:13.054,0.81896,0.81907,1.43,2.63
2012.09.05 01:45:13.135,0.81893,0.81907,2.18,2.63
2012.09.05 01:45:17.643,0.81893,0.81908,1.43,2.63
2012.09.05 01:45:17.783,0.81893,0.81908,1.43,2.63
2012.09.05 01:45:18.771,0.81893,0.81908,1.43,1.88
2012.09.05 01:45:24.599,0.81893,0.81908,2.18,1.88
2012.09.05 01:45:26.752,0.81893,0.81908,2.18,1.88
2012.09.05 01:45:27.032,0.81895,0.81911,1.50,1.43
2012.09.05 01:45:28.694,0.81898,0.81912,1.43,1.88
2012.09.05 01:45:29.230,0.81898,0.81912,1.43,2.63
2012.09.05 01:45:33.183,0.81898,0.81912,1.43,1.88
2012.09.05 01:45:33.714,0.81898,0.81912,2.18,1.88
2012.09.05 01:45:34.303,0.81898,0.81912,2.18,2.63
2012.09.05 01:45:34.831,0.81898,0.81912,1.43,2.63
2012.09.05 01:45:35.434,0.81898,0.81912,1.43,1.88
2012.09.05 01:45:36.033,0.81898,0.81912,1.43,2.63
2012.09.05 01:45:36.573,0.81894,0.8191,5.55,2.18
2012.09.05 01:45:37.057,0.81894,0.8191,4.05,2.18
2012.09.05 01:45:37.136,0.81894,0.8191,3.30,2.18
2012.09.05 01:45:40.091,0.81894,0.8191,3.30,2.18
2012.09.05 01:45:40.623,0.81894,0.8191,4.05,2.18
2012.09.05 01:45:44.449,0.81894,0.8191,3.30,2.18
2012.09.05 01:45:45.020,0.81894,0.8191,4.05,2.18
2012.09.05 01:45:45.210,0.81894,0.8191,2.18,4.05
2012.09.05 01:45:45.541,0.81889,0.81906,2.25,4.05
2012.09.05 01:45:46.823,0.8189,0.81906,1.50,4.05
2012.09.05 01:45:49.310,0.81888,0.81906,4.05,4.05
2012.09.05 01:45:49.874,0.81888,0.81906,4.05,4.05
2012.09.05 01:45:52.631,0.81888,0.81906,4.05,4.05
2012.09.05 01:45:53.180,0.81888,0.81906,4.80,4.05
2012.09.05 01:45:56.063,0.81893,0.81908,1.43,2.63
2012.09.05 01:45:56.191,0.81894,0.81908,1.50,2.63
2012.09.05 01:45:56.261,0.81894,0.81911,1.50,4.70
2012.09.05 01:46:02.493,0.81893,0.81908,2.18,1.88
2012.09.05 01:46:04.280,0.81893,0.81908,1.43,1.88
2012.09.05 01:46:04.830,0.81893,0.81908,2.18,1.88
2012.09.05 01:46:05.251,0.81893,0.81908,2.18,2.63
2012.09.05 01:46:05.387,0.81893,0.81908,2.18,1.88
2012.09.05 01:46:07.605,0.81893,0.81908,2.18,2.63
2012.09.05 01:46:08.124,0.81893,0.81908,1.43,2.63
2012.09.05 01:46:10.341,0.81893,0.81908,1.43,2.63
2012.09.05 01:46:10.684,0.81889,0.81903,2.18,2.63
2012.09.05 01:46:11.895,0.81889,0.81903,2.18,2.63
2012.09.05 01:46:12.114,0.81889,0.81903,2.18,2.63
2012.09.05 01:46:12.191,0.81889,0.81903,2.18,1.88
2012.09.05 01:46:12.512,0.81891,0.81905,2.63,2.18
2012.09.05 01:46:13.031,0.81893,0.81906,1.43,1.50
2012.09.05 01:46:13.712,0.81893,0.81906,1.43,2.63
2012.09.05 01:46:13.944,0.81888,0.81903,1.43,2.63
2012.09.05 01:46:15.971,0.81884,0.819,1.50,2.63
2012.09.05 01:46:18.555,0.81884,0.819,1.50,2.63
2012.09.05 01:46:25.811,0.81884,0.81897,1.50,1.43
2012.09.05 01:46:26.530,0.81886,0.819,1.43,2.63
2012.09.05 01:46:32.383,0.81884,0.81896,1.50,1.43
2012.09.05 01:46:33.914,0.81885,0.81896,1.50,1.43
2012.09.05 01:46:34.191,0.81885,0.819,1.50,3.30
2012.09.05 01:46:34.885,0.81884,0.81898,2.93,2.63
2012.09.05 01:46:35.368,0.8188,0.81896,2.93,2.93
2012.09.05 01:46:35.893,0.8188,0.81896,2.18,2.78
2012.09.05 01:46:36.427,0.81877,0.81892,2.18,1.43
2012.09.05 01:46:36.891,0.81875,0.81892,2.63,2.18
2012.09.05 01:46:38.860,0.81876,0.81892,2.63,2.18
2012.09.05 01:46:41.504,0.81878,0.81894,2.18,2.18
2012.09.05 01:46:45.799,0.81878,0.81895,1.43,4.05
2012.09.05 01:46:45.873,0.81878,0.81887,1.43,1.88
2012.09.05 01:46:46.342,0.81875,0.81891,1.50,1.88
2012.09.05 01:46:46.481,0.81879,0.81891,1.43,1.88
2012.09.05 01:46:48.200,0.81877,0.81891,1.50,1.88
2012.09.05 01:46:48.750,0.81877,0.81892,1.50,3.30
2012.09.05 01:46:49.071,0.81878,0.81892,1.50,3.30
2012.09.05 01:46:51.221,0.81878,0.81889,1.50,1.88
2012.09.05 01:46:51.350,0.81877,0.81889,1.50,1.88
2012.09.05 01:46:52.683,0.81878,0.81889,1.50,1.88
2012.09.05 01:46:56.592,0.81878,0.81893,1.61,1.43
2012.09.05 01:46:56.664,0.81881,0.81893,1.50,1.43
2012.09.05 01:46:56.743,0.81881,0.81897,1.50,2.02
2012.09.05 01:46:56.812,0.81884,0.81897,1.50,2.02
2012.09.05 01:46:58.964,0.81883,0.81897,2.18,1.88
2012.09.05 01:47:00.590,0.81882,0.81897,1.50,1.43
2012.09.05 01:47:07.162,0.81882,0.81897,1.50,1.43
2012.09.05 01:47:10.230,0.81883,0.81899,2.40,3.30
2012.09.05 01:47:10.784,0.81883,0.819,2.40,1.88
2012.09.05 01:47:11.925,0.81885,0.819,1.50,1.88
2012.09.05 01:47:12.265,0.81884,0.819,1.50,1.88
2012.09.05 01:47:12.780,0.81884,0.81901,1.50,1.43
2012.09.05 01:47:17.110,0.81887,0.81903,2.18,3.30
2012.09.05 01:47:18.282,0.81884,0.819,2.29,1.43
2012.09.05 01:47:19.232,0.81884,0.81895,2.29,1.88
2012.09.05 01:47:19.302,0.81884,0.81899,1.43,1.88
2012.09.05 01:47:20.592,0.81884,0.81899,2.18,1.88
2012.09.05 01:47:20.661,0.81884,0.81899,2.18,1.88
2012.09.05 01:47:24.363,0.81884,0.81899,2.18,2.63
2012.09.05 01:47:24.933,0.81884,0.81899,2.18,2.63
2012.09.05 01:47:29.851,0.81882,0.81896,1.50,1.43
2012.09.05 01:47:30.180,0.8188,0.81894,3.68,1.88
2012.09.05 01:47:31.536,0.81883,0.81894,1.43,1.88
2012.09.05 01:47:33.055,0.81883,0.81896,1.43,1.88
2012.09.05 01:47:33.132,0.81883,0.81898,1.43,2.63
2012.09.05 01:47:42.525,0.81883,0.81898,2.18,1.88
2012.09.05 01:47:42.603,0.81886,0.819,2.18,1.88
2012.09.05 01:47:44.213,0.81886,0.819,1.43,1.88
2012.09.05 01:47:44.844,0.81883,0.81899,1.43,1.43
2012.09.05 01:47:48.441,0.81883,0.81899,1.43,2.18
2012.09.05 01:47:53.873,0.81883,0.81899,2.18,4.05
2012.09.05 01:47:55.221,0.81883,0.81895,1.43,1.88
2012.09.05 01:47:55.529,0.81883,0.81895,1.43,2.63
2012.09.05 01:47:56.450,0.81883,0.81895,1.43,1.88
2012.09.05 01:47:57.034,0.81883,0.81898,2.18,2.63
2012.09.05 01:47:59.155,0.81883,0.81896,2.18,1.88
2012.09.05 01:48:04.980,0.81883,0.81896,2.18,2.63
2012.09.05 01:48:06.608,0.81884,0.81896,1.43,2.63
2012.09.05 01:48:08.052,0.81884,0.81896,1.43,1.88
2012.09.05 01:48:10.656,0.81884,0.81896,1.43,2.63
2012.09.05 01:48:11.321,0.81881,0.81896,2.18,2.63
2012.09.05 01:48:11.452,0.81879,0.81896,2.18,2.63
2012.09.05 01:48:12.282,0.81877,0.81893,1.50,2.63
2012.09.05 01:48:28.141,0.81877,0.81891,1.50,1.88
2012.09.05 01:48:28.490,0.81875,0.81887,1.43,1.88
2012.09.05 01:48:29.074,0.81875,0.8189,1.43,2.63
2012.09.05 01:48:29.643,0.81875,0.8189,1.43,1.88
2012.09.05 01:48:31.391,0.81877,0.81893,1.50,2.63
2012.09.05 01:48:31.602,0.81881,0.81893,1.43,1.88
2012.09.05 01:48:46.402,0.81881,0.8189,1.43,1.88
2012.09.05 01:48:46.534,0.81875,0.8189,2.93,1.88
2012.09.05 01:48:47.050,0.81875,0.8189,2.18,1.88
2012.09.05 01:48:51.353,0.81875,0.81889,2.18,1.88
2012.09.05 01:48:51.563,0.81875,0.81887,2.18,1.88
2012.09.05 01:48:52.592,0.81875,0.81892,1.43,3.27
2012.09.05 01:48:52.662,0.81875,0.81892,2.93,1.88
2012.09.05 01:48:52.972,0.81876,0.81893,1.50,1.43
2012.09.05 01:48:57.131,0.81882,0.81894,1.43,2.63
2012.09.05 01:48:58.510,0.81882,0.81893,1.43,2.63
2012.09.05 01:48:58.792,0.81882,0.81893,1.43,1.88
2012.09.05 01:48:59.124,0.81878,0.81893,2.18,2.63
2012.09.05 01:49:02.461,0.81878,0.81893,2.18,1.88
2012.09.05 01:49:03.762,0.81878,0.81893,2.18,1.88
2012.09.05 01:49:13.541,0.81878,0.81891,1.43,2.10
2012.09.05 01:49:13.993,0.81878,0.81892,1.43,2.71
2012.09.05 01:49:15.844,0.81878,0.8189,1.43,1.88
2012.09.05 01:49:18.856,0.81876,0.8189,1.43,1.88
2012.09.05 01:49:20.461,0.81876,0.81892,2.18,2.18
2012.09.05 01:49:20.593,0.81879,0.81893,1.43,1.50
2012.09.05 01:49:23.154,0.81879,0.81894,1.43,2.82
2012.09.05 01:49:30.341,0.81879,0.81894,1.43,2.63
2012.09.05 01:49:33.354,0.81879,0.81891,1.43,1.88
2012.09.05 01:49:33.493,0.81879,0.81897,1.43,1.43
2012.09.05 01:49:34.000,0.81879,0.81897,4.05,3.30
2012.09.05 01:49:38.852,0.81881,0.81897,1.43,3.90
2012.09.05 01:49:38.981,0.81884,0.81897,1.43,2.47
2012.09.05 01:49:42.301,0.81884,0.81898,1.43,2.63
2012.09.05 01:49:47.692,0.81886,0.819,1.43,2.18
2012.09.05 01:49:47.765,0.81887,0.81901,1.43,1.88
2012.09.05 01:49:48.044,0.81887,0.81904,1.43,3.27
2012.09.05 01:49:48.720,0.81887,0.81905,2.93,4.05
2012.09.05 01:49:50.751,0.81891,0.81905,1.43,2.63
2012.09.05 01:49:53.033,0.81895,0.81906,1.43,2.63
2012.09.05 01:49:53.791,0.81895,0.81906,1.43,1.88
2012.09.05 01:49:53.860,0.81895,0.81906,1.43,2.63
2012.09.05 01:49:54.412,0.81895,0.81903,1.43,1.88
2012.09.05 01:49:56.619,0.81889,0.81903,2.18,1.88
2012.09.05 01:50:03.430,0.81889,0.81903,2.29,1.88
2012.09.05 01:50:03.703,0.81893,0.81903,1.43,1.88
2012.09.05 01:50:04.060,0.81895,0.81903,1.43,1.88
2012.09.05 01:50:04.521,0.81895,0.81905,1.43,1.88
2012.09.05 01:50:04.651,0.81895,0.81908,1.43,2.63
2012.09.05 01:50:12.442,0.81895,0.81909,1.54,2.63
2012.09.05 01:50:12.831,0.81896,0.81915,3.49,2.10
2012.09.05 01:50:13.502,0.81896,0.81915,2.74,1.50
2012.09.05 01:50:14.751,0.81895,0.81914,2.29,2.63
2012.09.05 01:50:15.042,0.81895,0.81914,1.54,2.63
2012.09.05 01:50:15.331,0.81895,0.81914,2.29,2.63
2012.09.05 01:50:15.981,0.81895,0.81914,1.54,2.63
2012.09.05 01:50:18.013,0.81894,0.81911,1.99,2.18
2012.09.05 01:50:23.132,0.81894,0.81911,1.88,2.18
2012.09.05 01:50:23.660,0.81893,0.8191,1.43,2.63
2012.09.05 01:50:24.644,0.8189,0.81907,3.30,2.18
2012.09.05 01:50:24.846,0.81885,0.81902,4.91,1.50
2012.09.05 01:50:24.997,0.81885,0.81902,3.30,2.15
2012.09.05 01:50:25.474,0.81885,0.81902,2.18,1.88
2012.09.05 01:50:25.661,0.8189,0.81902,1.43,1.88
2012.09.05 01:50:28.413,0.81893,0.81902,1.43,1.88
2012.09.05 01:50:28.552,0.81893,0.81905,1.43,2.52
2012.09.05 01:50:29.054,0.81893,0.81905,1.43,2.63
2012.09.05 01:50:30.504,0.81893,0.81905,1.43,1.88
2012.09.05 01:50:30.822,0.81897,0.81903,1.43,1.88
2012.09.05 01:50:35.901,0.81897,0.81907,1.43,3.38
2012.09.05 01:50:42.312,0.81897,0.81907,1.43,2.10
2012.09.05 01:50:42.444,0.81897,0.81908,1.43,1.88
2012.09.05 01:50:45.792,0.81897,0.81906,1.43,2.63
2012.09.05 01:50:45.983,0.81895,0.81906,1.43,2.63
2012.09.05 01:50:55.462,0.81895,0.81907,1.43,1.88
2012.09.05 01:50:57.653,0.81899,0.81907,1.43,1.88
2012.09.05 01:50:57.722,0.81899,0.81909,1.43,1.50
2012.09.05 01:50:57.923,0.81902,0.81912,1.43,1.40
2012.09.05 01:50:58.412,0.81902,0.81917,1.43,1.50
2012.09.05 01:51:00.650,0.81902,0.81916,1.43,2.25
2012.09.05 01:51:01.520,0.81899,0.81915,1.43,1.50
2012.09.05 01:51:02.972,0.81902,0.81915,1.43,1.50
2012.09.05 01:51:03.163,0.81903,0.81918,1.43,1.50
2012.09.05 01:51:08.231,0.81903,0.81916,1.43,1.50
2012.09.05 01:51:08.422,0.81899,0.81916,1.43,1.50
2012.09.05 01:51:13.843,0.81899,0.81913,1.43,1.50
2012.09.05 01:51:14.884,0.81903,0.81916,1.43,1.88
2012.09.05 01:51:15.084,0.81903,0.81918,1.43,3.38
2012.09.05 01:51:16.144,0.81905,0.81919,1.43,3.38
2012.09.05 01:51:16.472,0.81908,0.81919,1.43,3.38
2012.09.05 01:51:19.594,0.81904,0.81918,1.43,2.63
2012.09.05 01:51:20.121,0.81904,0.81917,1.43,1.88
2012.09.05 01:51:20.552,0.81904,0.81917,1.43,2.63
2012.09.05 01:51:20.905,0.81904,0.81909,1.43,1.40
2012.09.05 01:51:21.046,0.81895,0.8191,1.43,1.50
2012.09.05 01:51:21.662,0.81894,0.8191,1.43,2.25
2012.09.05 01:51:22.221,0.81893,0.8191,1.43,2.25
2012.09.05 01:51:32.282,0.81896,0.81907,1.43,1.40
2012.09.05 01:51:32.470,0.81896,0.8191,1.43,3.27
2012.09.05 01:51:36.333,0.81896,0.81911,1.43,2.15
2012.09.05 01:51:41.270,0.81893,0.81909,1.43,4.05
2012.09.05 01:51:48.024,0.81893,0.81909,1.43,4.05
2012.09.05 01:51:50.192,0.81888,0.81906,3.30,4.05
2012.09.05 01:51:51.111,0.81888,0.81905,1.43,3.27
2012.09.05 01:51:51.984,0.81888,0.81905,1.43,3.27
2012.09.05 01:51:53.413,0.81888,0.81905,1.43,3.27
2012.09.05 01:51:57.470,0.81888,0.81905,1.43,3.27
2012.09.05 01:51:58.453,0.81888,0.81906,1.43,4.05
2012.09.05 01:51:59.074,0.81892,0.8191,2.18,1.50
2012.09.05 01:51:59.342,0.81892,0.8191,2.18,1.50
2012.09.05 01:52:00.062,0.81889,0.81903,2.18,1.50
2012.09.05 01:52:00.202,0.81889,0.81903,1.43,1.50
2012.09.05 01:52:00.333,0.81889,0.81898,1.43,1.88
2012.09.05 01:52:05.842,0.81889,0.81903,1.43,1.50
2012.09.05 01:52:05.912,0.81889,0.81905,1.43,5.45
2012.09.05 01:52:06.342,0.81889,0.81905,1.43,5.45
2012.09.05 01:52:18.134,0.81884,0.81902,1.50,2.93
2012.09.05 01:52:18.202,0.81884,0.81902,1.50,2.93
2012.09.05 01:52:18.722,0.81883,0.81899,1.43,1.50
2012.09.05 01:52:22.331,0.81883,0.81899,1.43,1.50
2012.09.05 01:52:23.903,0.81884,0.81902,1.88,4.05
2012.09.05 01:52:30.203,0.81885,0.81902,1.43,4.05
2012.09.05 01:52:30.273,0.81887,0.81902,1.43,2.63
2012.09.05 01:52:36.493,0.81887,0.81903,2.93,2.63
2012.09.05 01:52:37.672,0.81887,0.81902,2.93,1.88
2012.09.05 01:52:38.111,0.81887,0.81902,2.18,2.63
2012.09.05 01:52:43.323,0.81887,0.81902,2.18,1.88
2012.09.05 01:52:43.927,0.81887,0.81902,2.18,2.63
2012.09.05 01:52:49.202,0.81884,0.819,2.18,4.05
2012.09.05 01:52:58.620,0.81884,0.819,2.18,4.05
2012.09.05 01:53:07.171,0.81884,0.819,2.18,4.05
2012.09.05 01:53:10.182,0.81886,0.819,1.43,2.63
2012.09.05 01:53:12.222,0.81888,0.81902,1.43,1.50
2012.09.05 01:53:12.551,0.8189,0.81904,1.43,2.63
2012.09.05 01:53:12.681,0.81886,0.81904,4.05,4.05
2012.09.05 01:53:18.677,0.81886,0.81904,4.80,4.05
2012.09.05 01:53:26.193,0.81886,0.81901,2.93,1.88
2012.09.05 01:53:26.752,0.81886,0.81902,2.93,1.88
2012.09.05 01:53:29.373,0.81887,0.81904,3.38,2.18
2012.09.05 01:53:30.401,0.81887,0.81904,3.38,2.18
2012.09.05 01:53:41.653,0.81889,0.81905,1.43,3.27
2012.09.05 01:53:41.723,0.81887,0.81902,2.18,4.05
2012.09.05 01:53:42.273,0.81886,0.81902,1.43,4.05
2012.09.05 01:53:42.672,0.81886,0.81902,2.18,3.30
2012.09.05 01:53:42.784,0.81886,0.81902,1.43,4.05
2012.09.05 01:53:48.571,0.81886,0.81901,2.18,1.88
2012.09.05 01:53:48.992,0.81886,0.81901,1.43,2.63
2012.09.05 01:54:00.610,0.81886,0.81902,2.18,1.43
2012.09.05 01:54:01.782,0.81887,0.81902,1.43,1.88
2012.09.05 01:54:02.231,0.81887,0.81902,1.43,2.63
2012.09.05 01:54:09.402,0.81887,0.81896,1.43,1.88
2012.09.05 01:54:09.474,0.81882,0.81898,5.55,2.93
2012.09.05 01:54:10.022,0.81882,0.81898,5.66,2.18
2012.09.05 01:54:10.151,0.81887,0.81899,1.43,1.50
2012.09.05 01:54:14.604,0.81887,0.81902,1.43,1.88
2012.09.05 01:54:14.673,0.81891,0.81902,1.43,1.88
2012.09.05 01:54:15.314,0.81893,0.81905,1.43,3.38
2012.09.05 01:54:24.167,0.8189,0.81904,1.43,2.63
2012.09.05 01:54:24.694,0.8189,0.81903,1.43,1.88
2012.09.05 01:54:27.300,0.8189,0.81903,1.43,2.63
2012.09.05 01:54:32.562,0.8189,0.81894,1.43,2.63
2012.09.05 01:54:32.766,0.81884,0.81894,1.43,2.63
2012.09.05 01:54:32.963,0.81884,0.81896,1.43,1.88
2012.09.05 01:54:33.163,0.81884,0.81896,1.43,2.63
2012.09.05 01:54:33.472,0.81884,0.81896,1.43,1.88
2012.09.05 01:54:34.492,0.81886,0.81896,1.43,1.88
2012.09.05 01:54:35.002,0.81888,0.81896,1.43,1.88
2012.09.05 01:54:39.291,0.81888,0.819,1.43,3.38
2012.09.05 01:54:43.996,0.81888,0.81898,1.43,2.63
2012.09.05 01:54:44.385,0.81888,0.81898,1.43,2.63
2012.09.05 01:54:51.487,0.81891,0.81899,1.43,2.63
2012.09.05 01:54:52.013,0.81891,0.81899,1.43,1.88
2012.09.05 01:54:52.272,0.81891,0.81904,1.43,3.08
2012.09.05 01:54:52.344,0.81891,0.81904,1.43,2.15
2012.09.05 01:54:52.614,0.81891,0.81902,1.43,1.88
2012.09.05 01:54:53.156,0.81891,0.81904,1.43,1.50
2012.09.05 01:54:53.632,0.81888,0.81905,1.43,2.63
2012.09.05 01:55:07.013,0.81888,0.81902,1.43,1.88
2012.09.05 01:55:13.581,0.81891,0.81902,1.43,1.88
2012.09.05 01:55:16.924,0.81894,0.81902,1.43,1.88
2012.09.05 01:55:18.413,0.81894,0.81904,1.43,2.63
2012.09.05 01:55:22.162,0.81891,0.81904,1.43,2.63
2012.09.05 01:55:24.357,0.81891,0.81904,1.43,2.63
2012.09.05 01:55:30.873,0.81889,0.81904,1.43,2.63
2012.09.05 01:55:31.416,0.81888,0.81904,1.43,2.63
2012.09.05 01:55:39.774,0.81888,0.81901,1.43,1.88
2012.09.05 01:55:42.657,0.81888,0.81899,1.43,1.88
2012.09.05 01:55:43.942,0.81888,0.81903,1.43,5.07
2012.09.05 01:55:46.782,0.81888,0.81902,1.43,1.88
2012.09.05 01:55:46.922,0.81886,0.81902,2.18,1.88
2012.09.05 01:55:50.591,0.81886,0.81904,2.18,4.80
2012.09.05 01:55:50.882,0.81891,0.81904,1.43,3.38
2012.09.05 01:55:53.557,0.81889,0.81903,1.43,1.43
2012.09.05 01:55:53.635,0.81885,0.81903,2.18,4.80
2012.09.05 01:55:53.963,0.8189,0.81903,1.43,2.63
2012.09.05 01:55:54.523,0.8189,0.81905,1.43,1.50
2012.09.05 01:55:56.651,0.8189,0.81906,2.18,3.30
2012.09.05 01:55:59.881,0.8189,0.81906,1.43,4.05
2012.09.05 01:56:04.315,0.8189,0.81903,1.43,1.88
2012.09.05 01:56:07.012,0.81886,0.81902,2.18,1.43
2012.09.05 01:56:12.305,0.81889,0.81904,1.43,2.63
2012.09.05 01:56:13.012,0.81889,0.81904,2.18,1.88
2012.09.05 01:56:13.493,0.81889,0.81904,1.43,2.63
2012.09.05 01:56:16.753,0.81889,0.81904,2.18,1.88
2012.09.05 01:56:17.404,0.81889,0.81905,2.18,2.63
2012.09.05 01:56:25.484,0.81892,0.81905,1.43,2.63
2012.09.05 01:56:25.554,0.81892,0.81909,1.43,1.50
2012.09.05 01:56:34.261,0.81892,0.81908,1.43,1.88
2012.09.05 01:56:34.773,0.81892,0.8191,4.05,3.57
2012.09.05 01:56:34.903,0.81894,0.8191,1.43,3.57
2012.09.05 01:56:35.213,0.81896,0.8191,1.43,3.57
2012.09.05 01:56:39.592,0.81896,0.81912,2.93,1.88
2012.09.05 01:56:39.782,0.81896,0.81912,2.18,2.63
2012.09.05 01:56:40.202,0.81896,0.81912,2.93,1.88
2012.09.05 01:56:40.405,0.81896,0.81912,2.18,2.63
2012.09.05 01:56:40.473,0.81896,0.81912,2.93,1.88
2012.09.05 01:56:41.024,0.81896,0.81912,2.18,2.63
2012.09.05 01:56:41.884,0.81894,0.81906,2.18,1.88
2012.09.05 01:56:42.093,0.81893,0.81909,2.18,3.38
2012.09.05 01:56:42.164,0.81893,0.81909,2.18,2.63
2012.09.05 01:56:42.952,0.81893,0.81908,1.43,2.63
2012.09.05 01:56:43.024,0.81893,0.81906,1.43,1.88
2012.09.05 01:56:43.782,0.81893,0.81906,1.43,2.63
2012.09.05 01:56:44.535,0.81893,0.81905,1.43,1.88
2012.09.05 01:56:45.174,0.81893,0.81905,1.43,2.63
2012.09.05 01:56:46.014,0.81893,0.81905,1.43,1.88
2012.09.05 01:56:47.082,0.81893,0.81905,1.43,2.63
2012.09.05 01:56:48.492,0.81893,0.81905,1.43,1.88
2012.09.05 01:56:50.253,0.81893,0.81905,1.43,2.63
2012.09.05 01:56:58.370,0.81893,0.81905,1.43,1.88
2012.09.05 01:57:01.922,0.81894,0.81905,1.43,1.88
2012.09.05 01:57:02.862,0.81894,0.81907,1.43,1.88
2012.09.05 01:57:06.163,0.81894,0.81907,2.18,1.88
2012.09.05 01:57:06.976,0.81894,0.81907,1.43,1.88
2012.09.05 01:57:07.501,0.81894,0.81907,2.18,1.88
2012.09.05 01:57:12.403,0.81894,0.81911,2.18,4.13
2012.09.05 01:57:12.961,0.81894,0.81911,2.18,1.88
2012.09.05 01:57:13.163,0.819,0.81911,1.43,1.88
2012.09.05 01:57:13.542,0.819,0.81914,2.18,2.63
2012.09.05 01:57:15.184,0.819,0.81911,2.18,1.88
2012.09.05 01:57:15.701,0.819,0.81911,1.43,1.88
2012.09.05 01:57:16.261,0.819,0.81912,1.43,1.88
2012.09.05 01:57:17.787,0.819,0.81914,1.43,4.13
2012.09.05 01:57:18.345,0.819,0.81914,1.43,2.63
2012.09.05 01:57:18.708,0.819,0.81916,2.18,3.30
2012.09.05 01:57:19.163,0.819,0.81913,2.18,2.63
2012.09.05 01:57:19.562,0.819,0.81914,1.43,3.38
2012.09.05 01:57:19.703,0.819,0.81914,2.18,1.88
2012.09.05 01:57:20.294,0.819,0.81913,2.18,1.50
2012.09.05 01:57:21.204,0.819,0.81909,2.18,1.88
2012.09.05 01:57:21.272,0.819,0.81913,1.43,2.63
2012.09.05 01:57:21.782,0.819,0.81913,1.43,2.63
2012.09.05 01:57:22.293,0.819,0.81913,2.18,1.88
2012.09.05 01:57:22.924,0.819,0.81913,1.43,1.88
2012.09.05 01:57:23.774,0.819,0.81915,2.18,2.63
2012.09.05 01:57:24.278,0.819,0.81916,2.18,3.30
2012.09.05 01:57:24.684,0.819,0.81916,1.43,4.05
2012.09.05 01:57:26.542,0.819,0.81913,1.43,1.88
2012.09.05 01:57:27.490,0.81904,0.81913,1.43,1.88
2012.09.05 01:57:27.843,0.81904,0.81911,1.43,2.63
2012.09.05 01:57:28.153,0.81899,0.81911,1.43,2.63
2012.09.05 01:57:28.222,0.81899,0.81911,1.43,1.88
2012.09.05 01:57:28.485,0.819,0.81914,1.43,2.63
2012.09.05 01:57:28.743,0.81903,0.81914,1.43,2.63
2012.09.05 01:57:29.065,0.819,0.81914,1.43,4.88
2012.09.05 01:57:29.133,0.81898,0.81914,1.43,4.13
2012.09.05 01:57:29.263,0.81898,0.81914,1.43,3.38
2012.09.05 01:57:29.452,0.81898,0.81914,1.43,2.63
2012.09.05 01:57:29.582,0.81898,0.81914,1.43,2.63
2012.09.05 01:57:30.652,0.81898,0.81912,1.43,1.88
2012.09.05 01:57:30.723,0.81898,0.8191,1.43,2.63
2012.09.05 01:57:31.823,0.81898,0.81914,1.43,2.63
2012.09.05 01:57:36.955,0.81899,0.81914,1.43,2.63
2012.09.05 01:57:37.083,0.81902,0.81914,1.43,2.63
2012.09.05 01:57:56.968,0.81901,0.81915,1.43,3.38
2012.09.05 01:58:17.020,0.81902,0.81913,1.43,2.63
2012.09.05 01:58:32.282,0.81902,0.81915,1.43,1.88
2012.09.05 01:58:33.162,0.81902,0.81917,1.43,1.50
2012.09.05 01:58:33.723,0.81902,0.81918,2.18,1.43
2012.09.05 01:58:34.198,0.81902,0.81918,1.43,2.18
2012.09.05 01:58:57.114,0.81903,0.81916,1.43,2.63
2012.09.05 01:59:06.617,0.81903,0.81916,1.43,1.88
2012.09.05 01:59:07.435,0.81903,0.81916,1.43,2.63
2012.09.05 01:59:12.780,0.81903,0.81916,1.43,1.88
2012.09.05 01:59:12.919,0.81903,0.81916,1.43,2.63
2012.09.05 01:59:13.372,0.81903,0.81916,1.43,1.88
2012.09.05 01:59:14.382,0.81903,0.81919,1.43,3.68
2012.09.05 01:59:17.241,0.81905,0.81921,1.43,3.38
2012.09.05 01:59:25.785,0.81905,0.81916,1.43,1.88
2012.09.05 01:59:28.479,0.81905,0.81916,1.43,2.63
2012.09.05 01:59:29.822,0.819,0.81916,2.18,2.63
2012.09.05 01:59:36.674,0.819,0.81916,2.93,1.88
2012.09.05 01:59:37.003,0.819,0.81916,2.18,2.63
