2012.09.10 19:00:00.208,0.82679,0.82695,1.65,1.35
2012.09.10 19:00:00.285,0.82679,0.82695,1.65,1.50
2012.09.10 19:00:00.688,0.82683,0.82698,1.65,4.50
2012.09.10 19:00:01.474,0.82683,0.82698,1.65,4.50
2012.09.10 19:00:01.604,0.82683,0.82693,1.43,1.43
2012.09.10 19:00:02.140,0.82676,0.82692,1.54,1.43
2012.09.10 19:00:03.922,0.82678,0.82695,1.65,2.18
2012.09.10 19:00:05.281,0.82678,0.82695,1.65,2.18
2012.09.10 19:00:05.987,0.82682,0.82698,1.65,5.93
2012.09.10 19:00:09.505,0.82679,0.82697,2.40,2.18
2012.09.10 19:00:09.860,0.82681,0.82697,1.73,5.93
2012.09.10 19:00:13.031,0.82681,0.82697,1.73,5.93
2012.09.10 19:00:13.833,0.82679,0.82697,2.78,5.93
2012.09.10 19:00:13.902,0.82684,0.82697,1.43,5.93
2012.09.10 19:00:14.102,0.82681,0.82697,2.18,4.50
2012.09.10 19:00:15.035,0.82681,0.82697,2.40,4.50
2012.09.10 19:00:15.814,0.82685,0.82697,1.43,4.50
2012.09.10 19:00:15.891,0.82682,0.82697,1.65,4.50
2012.09.10 19:00:16.401,0.82682,0.82697,1.65,4.50
2012.09.10 19:00:18.772,0.82682,0.82697,1.43,4.50
2012.09.10 19:00:19.869,0.82687,0.82697,1.43,4.50
2012.09.10 19:00:20.414,0.82683,0.82697,1.43,4.50
2012.09.10 19:00:20.742,0.82687,0.82697,1.43,4.50
2012.09.10 19:00:21.194,0.82685,0.82697,1.43,4.50
2012.09.10 19:00:21.752,0.82684,0.82697,1.43,4.50
2012.09.10 19:00:22.022,0.82687,0.82697,1.43,4.50
2012.09.10 19:00:22.484,0.82693,0.82697,1.43,3.75
2012.09.10 19:00:22.566,0.82689,0.82697,1.43,4.50
2012.09.10 19:00:24.203,0.82691,0.82697,1.43,3.75
2012.09.10 19:00:24.474,0.82688,0.82697,1.65,4.50
2012.09.10 19:00:24.913,0.82691,0.82697,1.43,3.75
2012.09.10 19:00:25.275,0.82699,0.82703,1.43,3.75
2012.09.10 19:00:25.602,0.82702,0.82716,1.43,2.07
2012.09.10 19:00:27.275,0.82701,0.82716,1.43,1.32
2012.09.10 19:00:28.033,0.82696,0.82716,2.55,1.32
2012.09.10 19:00:28.242,0.82696,0.82716,2.55,1.32
2012.09.10 19:00:28.613,0.82701,0.82716,1.43,2.07
2012.09.10 19:00:29.045,0.82703,0.82719,1.43,1.69
2012.09.10 19:00:29.455,0.82703,0.82716,1.43,2.29
2012.09.10 19:00:29.792,0.82696,0.82713,1.43,1.13
2012.09.10 19:00:29.862,0.82693,0.82713,1.80,1.13
2012.09.10 19:00:30.112,0.82691,0.82711,2.25,1.35
2012.09.10 19:00:30.551,0.82691,0.82706,2.18,1.13
2012.09.10 19:00:31.112,0.8269,0.82704,2.18,1.32
2012.09.10 19:00:31.242,0.82691,0.82706,2.18,1.13
2012.09.10 19:00:31.763,0.82691,0.82707,1.43,5.07
2012.09.10 19:00:31.833,0.82694,0.82708,1.43,1.32
2012.09.10 19:00:32.371,0.82694,0.82709,1.43,2.29
2012.09.10 19:00:34.416,0.82693,0.82709,1.43,1.13
2012.09.10 19:00:37.660,0.82693,0.82709,2.18,1.69
2012.09.10 19:00:37.982,0.82698,0.82709,1.43,1.32
2012.09.10 19:00:39.271,0.82698,0.82712,1.43,1.32
2012.09.10 19:00:39.341,0.82698,0.82713,1.43,1.88
2012.09.10 19:00:53.771,0.82696,0.82714,2.93,1.13
2012.09.10 19:00:56.761,0.82696,0.82712,1.50,1.13
2012.09.10 19:00:57.395,0.82696,0.82712,1.50,1.13
2012.09.10 19:00:58.351,0.82696,0.82712,1.50,1.13
2012.09.10 19:01:01.423,0.82696,0.82712,1.50,1.13
2012.09.10 19:01:02.890,0.82696,0.82712,1.50,1.13
2012.09.10 19:01:03.439,0.82696,0.82712,1.50,1.13
2012.09.10 19:01:05.734,0.82698,0.82712,1.43,1.13
2012.09.10 19:01:08.783,0.82696,0.82712,3.68,1.13
2012.09.10 19:01:16.259,0.82696,0.82713,3.68,1.13
2012.09.10 19:01:17.359,0.82696,0.82713,3.68,1.13
2012.09.10 19:01:19.582,0.82698,0.82713,1.50,1.13
2012.09.10 19:01:20.031,0.82701,0.82715,1.50,5.07
2012.09.10 19:01:21.432,0.82699,0.82716,2.93,2.44
2012.09.10 19:01:23.482,0.82699,0.82716,2.93,2.44
2012.09.10 19:01:25.180,0.82703,0.82717,2.18,1.50
2012.09.10 19:01:29.864,0.82702,0.82713,1.50,1.13
2012.09.10 19:01:29.993,0.82697,0.82713,2.93,1.13
2012.09.10 19:01:30.064,0.82697,0.82712,2.93,1.88
2012.09.10 19:01:30.423,0.82697,0.82706,1.32,1.43
2012.09.10 19:01:31.283,0.82697,0.82708,1.32,1.13
2012.09.10 19:01:31.903,0.82693,0.82708,1.99,1.88
2012.09.10 19:01:31.973,0.82693,0.82708,1.43,2.44
2012.09.10 19:01:32.403,0.82693,0.82708,2.18,1.69
2012.09.10 19:01:36.842,0.82697,0.82709,1.32,1.50
2012.09.10 19:01:36.913,0.82702,0.82713,1.50,1.50
2012.09.10 19:01:37.483,0.82711,0.82716,1.50,1.50
2012.09.10 19:01:37.581,0.82711,0.8272,1.50,1.99
2012.09.10 19:01:38.061,0.82713,0.82724,1.43,2.37
2012.09.10 19:01:38.372,0.82715,0.82723,1.43,1.69
2012.09.10 19:01:38.902,0.82715,0.82723,1.43,1.13
2012.09.10 19:01:39.553,0.82715,0.82723,2.18,1.13
2012.09.10 19:01:40.071,0.82715,0.82725,2.18,1.13
2012.09.10 19:01:42.620,0.82715,0.82725,1.43,1.13
2012.09.10 19:01:43.144,0.82715,0.82725,2.18,1.13
2012.09.10 19:01:43.889,0.82715,0.82728,2.18,1.84
2012.09.10 19:01:47.754,0.82715,0.8273,2.18,2.28
2012.09.10 19:01:47.904,0.82721,0.8273,2.18,1.32
2012.09.10 19:01:47.975,0.82723,0.8273,1.43,1.32
2012.09.10 19:01:48.255,0.82724,0.82741,2.18,2.48
2012.09.10 19:01:48.534,0.82724,0.8274,2.93,1.13
2012.09.10 19:01:48.607,0.82724,0.8274,2.93,1.13
2012.09.10 19:01:48.685,0.82724,0.82742,3.30,1.32
2012.09.10 19:01:48.755,0.82727,0.82744,1.50,2.40
2012.09.10 19:01:49.348,0.82733,0.82747,1.43,1.88
2012.09.10 19:01:49.758,0.82735,0.82747,1.43,1.13
2012.09.10 19:01:53.710,0.82733,0.82747,2.85,2.10
2012.09.10 19:01:53.846,0.82727,0.82742,1.50,1.13
2012.09.10 19:01:54.623,0.82727,0.82742,1.43,1.13
2012.09.10 19:01:56.403,0.82727,0.8274,1.43,1.13
2012.09.10 19:01:56.475,0.82727,0.82738,1.43,1.13
2012.09.10 19:01:56.556,0.82717,0.8273,2.18,1.35
2012.09.10 19:01:56.635,0.82717,0.8273,1.43,1.35
2012.09.10 19:01:56.713,0.82717,0.82729,1.43,1.13
2012.09.10 19:01:57.151,0.82712,0.82722,1.88,4.50
2012.09.10 19:01:57.761,0.82708,0.82722,1.99,4.50
2012.09.10 19:01:58.692,0.82708,0.8272,1.99,1.13
2012.09.10 19:01:58.952,0.82703,0.82719,1.43,1.43
2012.09.10 19:02:01.001,0.82703,0.82716,1.43,4.50
2012.09.10 19:02:02.171,0.82703,0.82716,5.93,1.69
2012.09.10 19:02:02.373,0.82706,0.82719,2.18,1.50
2012.09.10 19:02:02.443,0.82706,0.82714,1.43,4.50
2012.09.10 19:02:03.072,0.82704,0.82711,2.85,1.32
2012.09.10 19:02:03.143,0.82702,0.82711,1.43,1.32
2012.09.10 19:02:03.211,0.82697,0.82711,2.55,1.32
2012.09.10 19:02:03.283,0.82701,0.82711,1.43,1.32
2012.09.10 19:02:03.352,0.82698,0.82711,2.18,1.32
2012.09.10 19:02:03.833,0.827,0.82711,1.43,1.32
2012.09.10 19:02:04.142,0.827,0.82714,2.18,1.50
2012.09.10 19:02:07.948,0.82698,0.82715,2.18,2.18
2012.09.10 19:02:08.029,0.82695,0.82708,1.99,4.50
2012.09.10 19:02:08.344,0.82691,0.82705,1.43,1.13
2012.09.10 19:02:09.019,0.82691,0.82701,1.43,1.73
2012.09.10 19:02:09.261,0.82689,0.82701,1.43,1.73
2012.09.10 19:02:09.336,0.82683,0.82701,2.18,1.73
2012.09.10 19:02:10.092,0.82686,0.82703,1.50,2.48
2012.09.10 19:02:10.166,0.82687,0.82703,2.93,2.48
2012.09.10 19:02:10.314,0.82689,0.82703,2.18,1.50
2012.09.10 19:02:10.453,0.82687,0.82706,2.93,2.25
2012.09.10 19:02:11.159,0.82687,0.82706,2.93,1.13
2012.09.10 19:02:12.201,0.82687,0.82706,2.93,1.13
2012.09.10 19:02:20.881,0.82687,0.82706,2.18,1.13
2012.09.10 19:02:20.954,0.82687,0.82706,1.43,4.35
2012.09.10 19:02:21.484,0.82687,0.82701,1.43,1.13
2012.09.10 19:02:22.183,0.82682,0.82701,1.50,1.13
2012.09.10 19:02:23.692,0.82682,0.82701,1.50,1.13
2012.09.10 19:02:24.212,0.82685,0.827,1.50,1.13
2012.09.10 19:02:26.083,0.82679,0.82697,2.25,1.73
2012.09.10 19:02:28.256,0.82677,0.82692,1.13,1.69
2012.09.10 19:02:28.404,0.82677,0.82691,1.13,1.13
2012.09.10 19:02:29.192,0.82674,0.82694,1.50,1.73
2012.09.10 19:02:32.054,0.82674,0.82691,1.50,1.13
2012.09.10 19:02:32.656,0.82676,0.82695,1.50,2.48
2012.09.10 19:02:34.315,0.82673,0.82694,1.50,1.73
2012.09.10 19:02:34.693,0.82675,0.82693,1.50,1.73
2012.09.10 19:02:36.107,0.82671,0.82693,3.00,1.73
2012.09.10 19:02:36.832,0.82671,0.82693,3.00,1.73
2012.09.10 19:02:37.895,0.82674,0.82693,1.50,1.73
2012.09.10 19:02:40.573,0.82676,0.82692,1.50,1.73
2012.09.10 19:02:40.863,0.82672,0.82692,1.50,1.73
2012.09.10 19:02:41.062,0.82669,0.82689,1.50,1.50
2012.09.10 19:02:41.384,0.82669,0.82689,1.50,1.50
2012.09.10 19:02:41.581,0.82669,0.82689,1.13,2.25
2012.09.10 19:02:43.612,0.82669,0.82689,1.13,2.25
2012.09.10 19:02:43.974,0.82666,0.82688,2.25,1.13
2012.09.10 19:02:44.262,0.82666,0.82686,1.50,1.50
2012.09.10 19:02:44.337,0.82663,0.82683,1.50,1.13
2012.09.10 19:02:45.063,0.82663,0.82682,1.50,1.13
2012.09.10 19:02:45.148,0.82663,0.82681,1.50,1.50
2012.09.10 19:02:45.292,0.82663,0.82682,1.13,1.13
2012.09.10 19:02:46.595,0.82663,0.82679,1.13,1.50
2012.09.10 19:02:46.815,0.82656,0.82675,2.63,1.13
2012.09.10 19:02:47.095,0.82656,0.82674,1.13,1.13
2012.09.10 19:02:47.165,0.82655,0.82674,1.50,1.50
2012.09.10 19:02:47.244,0.82655,0.82674,1.50,1.50
2012.09.10 19:02:47.761,0.82656,0.82676,1.50,1.43
2012.09.10 19:02:48.273,0.82656,0.82677,1.50,1.73
2012.09.10 19:02:49.107,0.82656,0.82677,1.50,1.35
2012.09.10 19:02:49.454,0.8266,0.82679,1.13,1.88
2012.09.10 19:02:49.797,0.82661,0.82676,1.13,1.50
2012.09.10 19:02:50.308,0.82661,0.82676,1.13,1.50
2012.09.10 19:02:51.049,0.82661,0.82676,1.13,1.50
2012.09.10 19:02:51.316,0.82658,0.82673,1.13,2.48
2012.09.10 19:02:51.604,0.82657,0.82673,1.13,2.10
2012.09.10 19:02:51.743,0.82658,0.8267,1.13,1.50
2012.09.10 19:02:51.815,0.82658,0.82673,1.13,1.50
2012.09.10 19:02:51.942,0.82656,0.82672,1.50,1.50
2012.09.10 19:02:52.051,0.82656,0.82674,1.50,2.25
2012.09.10 19:02:52.126,0.82656,0.82674,1.50,2.25
2012.09.10 19:02:52.806,0.82656,0.82674,1.50,2.25
2012.09.10 19:02:52.896,0.82656,0.82674,1.50,1.50
2012.09.10 19:02:53.570,0.82656,0.82674,1.13,1.50
2012.09.10 19:02:54.725,0.82657,0.82675,1.13,1.88
2012.09.10 19:02:55.372,0.82657,0.82675,1.13,1.13
2012.09.10 19:02:56.294,0.82658,0.82675,1.50,1.13
2012.09.10 19:02:57.132,0.82658,0.82675,1.50,1.13
2012.09.10 19:02:57.204,0.82662,0.82678,1.50,2.07
2012.09.10 19:02:57.289,0.82662,0.8268,1.50,1.13
2012.09.10 19:02:57.436,0.82662,0.82677,1.50,1.13
2012.09.10 19:02:57.584,0.82662,0.82677,1.50,1.13
2012.09.10 19:02:59.292,0.82659,0.82677,1.88,1.13
2012.09.10 19:02:59.367,0.82659,0.82677,1.88,1.13
2012.09.10 19:03:00.318,0.82659,0.82677,1.88,1.69
2012.09.10 19:03:00.834,0.82661,0.82677,1.50,1.13
2012.09.10 19:03:02.391,0.82659,0.82677,1.88,1.88
2012.09.10 19:03:02.464,0.82659,0.82677,1.88,1.13
2012.09.10 19:03:04.476,0.82659,0.82676,1.50,1.13
2012.09.10 19:03:04.553,0.82659,0.82678,1.88,5.82
2012.09.10 19:03:04.904,0.82664,0.82678,1.13,5.07
2012.09.10 19:03:05.210,0.8266,0.82677,2.25,1.32
2012.09.10 19:03:05.601,0.82663,0.82679,4.50,1.32
2012.09.10 19:03:06.133,0.82663,0.82681,4.88,1.50
2012.09.10 19:03:06.278,0.82663,0.82679,4.50,1.73
2012.09.10 19:03:06.634,0.8266,0.82676,1.69,1.13
2012.09.10 19:03:07.342,0.82659,0.82676,1.13,1.69
2012.09.10 19:03:10.821,0.82657,0.82674,2.07,1.13
2012.09.10 19:03:11.672,0.82656,0.82674,2.25,1.13
2012.09.10 19:03:12.173,0.82656,0.82675,2.25,1.13
2012.09.10 19:03:13.003,0.82656,0.82673,1.50,1.13
2012.09.10 19:03:13.661,0.82657,0.82673,1.50,1.13
2012.09.10 19:03:14.303,0.82659,0.82675,1.50,5.44
2012.09.10 19:03:14.762,0.82657,0.82675,3.60,1.13
2012.09.10 19:03:15.291,0.82657,0.82675,2.63,1.13
2012.09.10 19:03:16.261,0.82657,0.82675,2.63,1.13
2012.09.10 19:03:16.825,0.82659,0.82675,1.50,1.13
2012.09.10 19:03:17.464,0.82657,0.82675,1.88,1.13
2012.09.10 19:03:18.694,0.82659,0.82675,1.13,1.13
2012.09.10 19:03:22.722,0.82656,0.82674,1.13,1.13
2012.09.10 19:03:24.181,0.82655,0.82675,1.13,1.88
2012.09.10 19:03:26.264,0.82655,0.82671,1.13,4.50
2012.09.10 19:03:26.414,0.82653,0.8267,1.13,1.69
2012.09.10 19:03:27.374,0.82653,0.8267,1.13,5.44
2012.09.10 19:03:27.731,0.82653,0.82673,1.13,3.04
2012.09.10 19:03:27.863,0.82654,0.82673,1.13,1.69
2012.09.10 19:03:28.423,0.82656,0.82672,1.88,1.69
2012.09.10 19:03:28.835,0.82657,0.82672,2.25,1.32
2012.09.10 19:03:29.394,0.82657,0.82673,2.25,1.32
2012.09.10 19:03:30.784,0.8266,0.82676,1.13,1.50
2012.09.10 19:03:31.351,0.82658,0.82677,2.07,1.50
2012.09.10 19:03:33.024,0.82657,0.82676,1.32,1.13
2012.09.10 19:03:33.757,0.82659,0.82676,1.13,1.69
2012.09.10 19:03:34.287,0.8266,0.82678,1.50,2.44
2012.09.10 19:03:34.421,0.8266,0.82678,1.50,1.88
2012.09.10 19:03:34.957,0.8266,0.82676,1.13,1.13
2012.09.10 19:03:35.490,0.82659,0.82675,1.32,1.13
2012.09.10 19:03:36.174,0.82657,0.82675,1.69,1.13
2012.09.10 19:03:43.491,0.82658,0.82676,1.13,1.13
2012.09.10 19:03:43.661,0.82658,0.82676,1.13,1.13
2012.09.10 19:03:44.175,0.82658,0.82678,2.25,1.69
2012.09.10 19:03:44.845,0.82658,0.82676,2.25,1.50
2012.09.10 19:03:45.858,0.82658,0.82676,2.25,1.50
2012.09.10 19:03:45.994,0.82658,0.82674,1.50,1.32
2012.09.10 19:03:46.064,0.82658,0.82672,1.50,1.13
2012.09.10 19:03:46.133,0.82655,0.82672,6.38,1.13
2012.09.10 19:03:46.642,0.82655,0.82671,5.25,2.10
2012.09.10 19:03:46.713,0.82655,0.82671,5.25,1.73
2012.09.10 19:03:46.785,0.82651,0.82671,2.07,2.48
2012.09.10 19:03:47.051,0.82651,0.82669,2.25,1.13
2012.09.10 19:03:47.592,0.82652,0.82669,1.50,1.13
2012.09.10 19:03:47.662,0.82652,0.82674,2.25,1.69
2012.09.10 19:03:47.795,0.82654,0.82676,1.13,2.48
2012.09.10 19:03:48.296,0.82654,0.82671,1.13,1.13
2012.09.10 19:03:48.375,0.82649,0.82671,1.88,1.13
2012.09.10 19:03:48.563,0.82648,0.8267,3.30,1.13
2012.09.10 19:03:49.253,0.82648,0.82669,1.13,1.13
2012.09.10 19:03:49.322,0.82647,0.82669,1.13,1.13
2012.09.10 19:03:49.904,0.82645,0.82665,2.10,1.13
2012.09.10 19:03:50.431,0.82645,0.82667,2.10,1.88
2012.09.10 19:03:50.973,0.82647,0.82667,1.13,1.13
2012.09.10 19:03:51.394,0.82645,0.82666,1.35,1.88
2012.09.10 19:03:51.466,0.82645,0.82666,1.35,1.13
2012.09.10 19:03:52.002,0.82646,0.82665,2.18,1.43
2012.09.10 19:03:52.072,0.82645,0.82662,1.35,1.43
2012.09.10 19:03:52.675,0.82644,0.8266,3.00,1.43
2012.09.10 19:03:52.815,0.82644,0.82663,1.50,2.18
2012.09.10 19:03:53.326,0.82644,0.82663,1.50,2.18
2012.09.10 19:03:53.461,0.82644,0.82663,1.50,2.18
2012.09.10 19:03:54.796,0.82644,0.82662,1.50,1.50
2012.09.10 19:03:57.071,0.82643,0.82661,3.87,2.25
2012.09.10 19:03:57.202,0.82643,0.82661,3.87,2.25
2012.09.10 19:03:57.272,0.82643,0.8266,2.44,1.43
2012.09.10 19:03:57.345,0.82643,0.82657,2.44,1.43
2012.09.10 19:03:59.342,0.82639,0.82657,2.02,2.55
2012.09.10 19:03:59.673,0.82637,0.8265,2.10,1.43
2012.09.10 19:03:59.744,0.82637,0.8265,1.53,1.43
2012.09.10 19:04:00.754,0.82637,0.8265,1.53,1.43
2012.09.10 19:04:01.152,0.82637,0.82653,1.53,1.43
2012.09.10 19:04:01.224,0.82637,0.82653,2.28,1.43
2012.09.10 19:04:01.292,0.82639,0.82655,2.21,2.18
2012.09.10 19:04:04.977,0.82644,0.82657,1.13,1.43
2012.09.10 19:04:05.114,0.82644,0.82659,1.13,1.80
2012.09.10 19:04:07.794,0.82644,0.82656,1.13,1.43
2012.09.10 19:04:08.694,0.82644,0.82656,1.13,2.18
2012.09.10 19:04:08.765,0.8264,0.82654,2.10,2.18
2012.09.10 19:04:09.522,0.8264,0.82658,3.52,2.18
2012.09.10 19:04:09.921,0.8264,0.82658,2.93,2.18
2012.09.10 19:04:13.352,0.82638,0.82655,1.53,1.43
2012.09.10 19:04:14.502,0.82641,0.82656,1.80,1.13
2012.09.10 19:04:15.077,0.82638,0.82655,3.71,1.43
2012.09.10 19:04:16.881,0.82638,0.82655,2.28,1.43
2012.09.10 19:04:17.480,0.8264,0.82656,1.83,1.13
2012.09.10 19:04:17.863,0.82638,0.82654,2.96,1.43
2012.09.10 19:04:18.521,0.82641,0.82656,1.80,1.13
2012.09.10 19:04:18.654,0.82645,0.82657,1.80,2.07
2012.09.10 19:04:19.505,0.82645,0.8266,2.18,1.43
2012.09.10 19:04:19.586,0.82648,0.82664,1.43,2.78
2012.09.10 19:04:19.663,0.82648,0.82664,1.43,2.18
2012.09.10 19:04:20.216,0.8265,0.82668,2.55,2.55
2012.09.10 19:04:20.301,0.8265,0.82665,2.18,1.80
2012.09.10 19:04:20.652,0.82646,0.82664,2.18,1.80
2012.09.10 19:04:20.954,0.82646,0.82659,2.18,1.32
2012.09.10 19:04:21.103,0.82646,0.82659,1.43,1.32
2012.09.10 19:04:21.243,0.82646,0.8266,1.43,1.69
2012.09.10 19:04:22.063,0.82643,0.8266,1.88,2.37
2012.09.10 19:04:22.313,0.82643,0.82657,1.13,1.43
2012.09.10 19:04:22.387,0.82643,0.82659,1.13,1.43
2012.09.10 19:04:22.927,0.82644,0.82662,2.18,1.80
2012.09.10 19:04:23.815,0.82646,0.82662,1.13,1.43
2012.09.10 19:04:24.123,0.82649,0.82665,1.80,1.43
2012.09.10 19:04:24.481,0.82653,0.82669,1.43,2.40
2012.09.10 19:04:24.955,0.8265,0.82667,1.43,2.40
2012.09.10 19:04:25.462,0.8265,0.82666,1.80,1.73
2012.09.10 19:04:26.816,0.8265,0.82667,2.55,3.72
2012.09.10 19:04:31.832,0.8265,0.82665,2.18,1.13
2012.09.10 19:04:32.008,0.82647,0.82663,3.12,2.18
2012.09.10 19:04:36.572,0.82647,0.82663,2.55,2.18
2012.09.10 19:04:36.711,0.8265,0.82665,1.43,1.80
2012.09.10 19:04:39.293,0.8265,0.82662,1.43,1.43
2012.09.10 19:04:39.657,0.82646,0.82661,1.13,1.43
2012.09.10 19:04:40.124,0.82647,0.82663,1.80,2.18
2012.09.10 19:04:40.432,0.8265,0.82665,1.43,2.85
2012.09.10 19:04:41.842,0.82647,0.82664,2.55,1.43
2012.09.10 19:04:44.061,0.82649,0.82665,1.80,1.43
2012.09.10 19:04:44.678,0.82649,0.82666,1.80,2.40
2012.09.10 19:04:46.791,0.82649,0.82665,2.18,4.50
2012.09.10 19:04:47.203,0.82647,0.82663,1.43,2.55
2012.09.10 19:04:47.724,0.82647,0.82663,1.80,2.18
2012.09.10 19:04:49.263,0.82647,0.82662,1.43,1.13
2012.09.10 19:04:49.972,0.82646,0.82659,1.13,1.43
2012.09.10 19:04:51.322,0.82645,0.82662,1.80,1.13
2012.09.10 19:04:52.683,0.82644,0.82659,1.50,1.43
2012.09.10 19:04:53.352,0.82642,0.82659,1.13,1.80
2012.09.10 19:04:53.424,0.82642,0.82659,1.13,1.80
2012.09.10 19:04:55.311,0.82641,0.82659,2.93,2.55
2012.09.10 19:04:55.881,0.82641,0.82657,2.93,1.43
2012.09.10 19:04:56.395,0.82641,0.82655,1.50,1.43
2012.09.10 19:04:57.292,0.82639,0.82655,2.47,1.43
2012.09.10 19:04:57.431,0.82639,0.82655,2.47,1.43
2012.09.10 19:04:59.383,0.82639,0.82655,2.47,1.43
2012.09.10 19:05:00.582,0.82642,0.82657,2.55,1.43
2012.09.10 19:05:02.393,0.82648,0.8266,1.43,3.12
2012.09.10 19:05:02.465,0.82648,0.8266,1.43,1.32
2012.09.10 19:05:03.033,0.82648,0.8266,1.80,1.32
2012.09.10 19:05:03.535,0.82653,0.8266,1.43,1.32
2012.09.10 19:05:03.673,0.82653,0.82667,1.43,1.13
2012.09.10 19:05:07.401,0.82655,0.82668,1.43,1.32
2012.09.10 19:05:09.341,0.82655,0.82669,1.43,1.32
2012.09.10 19:05:12.713,0.82655,0.82669,1.43,1.32
2012.09.10 19:05:13.022,0.82655,0.8267,2.18,1.69
2012.09.10 19:05:13.712,0.82655,0.8267,1.43,1.69
2012.09.10 19:05:14.215,0.82655,0.8267,2.18,1.69
2012.09.10 19:05:14.771,0.82655,0.8267,1.43,1.69
2012.09.10 19:05:21.240,0.82655,0.8267,1.43,1.13
2012.09.10 19:05:25.252,0.82655,0.8267,1.43,1.13
2012.09.10 19:05:27.450,0.82653,0.8267,1.43,3.30
2012.09.10 19:05:27.761,0.82654,0.8267,1.13,2.55
2012.09.10 19:05:28.385,0.82654,0.8267,1.50,1.43
2012.09.10 19:05:29.383,0.82655,0.8267,1.13,1.80
2012.09.10 19:05:30.667,0.82653,0.8267,2.37,2.55
2012.09.10 19:05:31.182,0.82653,0.8267,1.80,2.55
2012.09.10 19:05:32.160,0.82653,0.8267,1.80,3.87
2012.09.10 19:05:32.306,0.82653,0.82663,1.43,1.32
2012.09.10 19:05:32.384,0.82648,0.82663,2.18,1.32
2012.09.10 19:05:33.438,0.82648,0.82659,1.43,1.13
2012.09.10 19:05:33.585,0.82645,0.8266,1.80,4.50
2012.09.10 19:05:33.726,0.82643,0.82659,2.74,2.18
2012.09.10 19:05:34.354,0.82646,0.82659,1.28,2.18
2012.09.10 19:05:35.165,0.82649,0.8266,1.13,4.50
2012.09.10 19:05:35.892,0.82649,0.82661,1.13,1.43
2012.09.10 19:05:37.404,0.82648,0.82661,1.50,1.43
2012.09.10 19:05:38.753,0.82647,0.82661,1.13,1.43
2012.09.10 19:05:39.258,0.82646,0.82661,3.30,1.43
2012.09.10 19:05:39.340,0.82646,0.82659,1.88,1.43
2012.09.10 19:05:40.083,0.82645,0.82659,1.13,1.43
2012.09.10 19:05:40.887,0.82646,0.82659,1.13,1.43
2012.09.10 19:05:41.815,0.82644,0.82659,2.25,1.43
2012.09.10 19:05:45.793,0.82645,0.82659,1.13,2.18
2012.09.10 19:05:48.940,0.82646,0.82661,1.80,2.55
2012.09.10 19:05:50.325,0.82647,0.82661,1.13,2.55
2012.09.10 19:05:50.901,0.82647,0.82661,2.55,1.13
2012.09.10 19:05:51.507,0.82648,0.82663,1.13,1.32
2012.09.10 19:05:51.643,0.82649,0.82663,1.50,1.32
2012.09.10 19:05:52.665,0.82651,0.82666,1.13,1.32
2012.09.10 19:05:52.732,0.82651,0.82667,1.13,2.93
2012.09.10 19:05:53.473,0.82649,0.82666,2.93,1.50
2012.09.10 19:05:53.543,0.82649,0.82662,2.18,1.05
2012.09.10 19:05:53.615,0.82648,0.82655,1.43,4.50
2012.09.10 19:05:54.190,0.82643,0.82653,2.18,1.32
2012.09.10 19:05:54.264,0.82643,0.82653,2.18,1.32
2012.09.10 19:05:54.786,0.82643,0.82655,2.18,1.32
2012.09.10 19:05:54.867,0.82643,0.82656,3.98,1.32
2012.09.10 19:05:54.946,0.82645,0.82656,2.18,1.32
2012.09.10 19:05:55.482,0.82645,0.82656,2.93,1.32
2012.09.10 19:05:55.824,0.82645,0.82656,2.93,1.32
2012.09.10 19:05:57.202,0.82646,0.82661,1.88,1.99
2012.09.10 19:05:58.331,0.82645,0.82661,2.18,2.55
2012.09.10 19:05:59.032,0.82645,0.82661,2.93,2.18
2012.09.10 19:06:00.701,0.82645,0.82661,2.18,2.55
2012.09.10 19:06:02.072,0.82645,0.82661,2.18,2.55
2012.09.10 19:06:04.614,0.82646,0.82661,1.13,2.18
2012.09.10 19:06:10.261,0.82646,0.82661,2.55,1.32
2012.09.10 19:06:10.332,0.82646,0.8266,2.55,5.07
2012.09.10 19:06:10.970,0.82642,0.82657,2.18,1.13
2012.09.10 19:06:11.546,0.82643,0.82658,1.43,2.18
2012.09.10 19:06:12.211,0.82643,0.82658,2.18,2.18
2012.09.10 19:06:13.504,0.82643,0.82658,2.18,2.74
2012.09.10 19:06:15.177,0.82644,0.82658,1.43,1.32
2012.09.10 19:06:15.511,0.82643,0.82658,2.55,1.32
2012.09.10 19:06:16.462,0.82643,0.82656,1.13,1.43
2012.09.10 19:06:17.152,0.82643,0.82658,2.55,2.74
2012.09.10 19:06:17.222,0.82643,0.82656,1.13,1.43
2012.09.10 19:06:19.481,0.82642,0.82656,1.13,1.43
2012.09.10 19:06:19.910,0.82645,0.82658,1.43,1.32
2012.09.10 19:06:20.040,0.82642,0.82657,1.13,1.43
2012.09.10 19:06:21.132,0.82643,0.82657,1.88,1.43
2012.09.10 19:06:21.276,0.82645,0.8266,2.55,2.18
2012.09.10 19:06:23.843,0.82645,0.82659,2.55,1.43
2012.09.10 19:06:23.914,0.82645,0.82657,1.13,1.43
2012.09.10 19:06:24.281,0.82645,0.8266,2.55,2.07
2012.09.10 19:06:24.953,0.82645,0.8266,2.55,1.32
2012.09.10 19:06:26.216,0.82645,0.82659,1.80,1.50
2012.09.10 19:06:29.203,0.82645,0.82659,1.80,1.50
2012.09.10 19:06:29.973,0.82645,0.82661,1.80,2.74
2012.09.10 19:06:37.462,0.82645,0.82659,1.80,1.50
2012.09.10 19:06:37.991,0.82645,0.82658,1.80,2.07
2012.09.10 19:06:38.061,0.82645,0.82658,1.43,2.07
2012.09.10 19:06:38.803,0.82643,0.82655,1.43,1.43
2012.09.10 19:06:39.182,0.82642,0.82658,3.68,3.49
2012.09.10 19:06:40.092,0.82642,0.82658,3.68,3.49
2012.09.10 19:06:40.163,0.82642,0.82658,2.55,3.49
2012.09.10 19:06:40.762,0.82642,0.82656,2.55,1.50
2012.09.10 19:06:42.614,0.82642,0.82658,3.68,3.49
2012.09.10 19:06:42.683,0.82646,0.82658,1.43,2.07
2012.09.10 19:06:43.713,0.82647,0.82658,1.43,2.07
2012.09.10 19:06:44.341,0.82645,0.82658,1.80,2.07
2012.09.10 19:06:48.764,0.82646,0.82658,1.80,1.32
2012.09.10 19:06:56.315,0.82646,0.82658,1.80,1.13
2012.09.10 19:06:57.664,0.82643,0.82658,1.88,2.55
2012.09.10 19:07:00.371,0.82643,0.82657,1.13,5.44
2012.09.10 19:07:01.681,0.82642,0.82657,3.30,1.13
2012.09.10 19:07:02.012,0.82647,0.82658,1.88,1.43
2012.09.10 19:07:02.485,0.82649,0.82661,1.80,1.43
2012.09.10 19:07:02.611,0.82649,0.82664,1.80,1.13
2012.09.10 19:07:03.594,0.82649,0.82664,1.80,1.13
2012.09.10 19:07:03.664,0.82648,0.82661,1.13,2.18
2012.09.10 19:07:04.205,0.82643,0.8266,2.44,2.18
2012.09.10 19:07:04.377,0.82643,0.8266,2.44,2.18
2012.09.10 19:07:05.181,0.82643,0.8266,1.32,2.18
2012.09.10 19:07:05.731,0.82643,0.82658,1.50,1.13
2012.09.10 19:07:07.974,0.82642,0.82656,2.63,1.43
2012.09.10 19:07:08.116,0.8264,0.82654,1.50,2.18
2012.09.10 19:07:08.847,0.82642,0.82655,2.93,1.43
2012.09.10 19:07:08.926,0.82642,0.82658,2.93,1.50
2012.09.10 19:07:09.443,0.82642,0.82658,3.30,1.50
2012.09.10 19:07:10.424,0.82643,0.82659,2.25,2.18
2012.09.10 19:07:10.493,0.82647,0.82659,1.50,1.43
2012.09.10 19:07:10.992,0.82646,0.82663,2.25,2.74
2012.09.10 19:07:11.632,0.82648,0.82663,1.13,1.43
2012.09.10 19:07:12.953,0.82646,0.82663,3.00,2.18
2012.09.10 19:07:13.341,0.82645,0.82663,2.93,2.18
2012.09.10 19:07:13.765,0.82644,0.82658,2.82,1.43
2012.09.10 19:07:17.290,0.82646,0.82658,1.50,1.43
2012.09.10 19:07:19.483,0.82646,0.82658,1.13,1.43
2012.09.10 19:07:20.797,0.82646,0.82661,1.88,1.43
2012.09.10 19:07:22.992,0.82646,0.82658,1.88,1.43
2012.09.10 19:07:25.054,0.82646,0.82658,1.50,1.43
2012.09.10 19:07:32.154,0.82645,0.82658,1.88,1.43
2012.09.10 19:07:32.692,0.82645,0.82661,2.93,2.18
2012.09.10 19:07:34.003,0.82646,0.82661,1.50,2.18
2012.09.10 19:07:34.636,0.82646,0.82661,1.50,2.18
2012.09.10 19:07:35.032,0.82646,0.82659,1.50,1.13
2012.09.10 19:07:39.584,0.82645,0.82659,2.93,1.69
2012.09.10 19:07:42.647,0.82645,0.82659,2.93,1.69
2012.09.10 19:07:43.212,0.82645,0.82659,2.18,1.69
2012.09.10 19:07:43.566,0.82645,0.82659,2.93,1.69
2012.09.10 19:07:45.750,0.82645,0.82659,2.93,1.69
2012.09.10 19:07:50.305,0.82647,0.82661,1.88,1.99
2012.09.10 19:07:50.434,0.82648,0.82664,3.60,1.43
2012.09.10 19:07:50.562,0.8265,0.82667,1.43,1.80
2012.09.10 19:08:08.692,0.82651,0.82666,1.43,1.80
2012.09.10 19:08:09.044,0.82654,0.82669,1.43,1.35
2012.09.10 19:08:10.475,0.82654,0.82669,1.43,4.88
2012.09.10 19:08:10.617,0.82657,0.8267,1.43,1.32
2012.09.10 19:08:10.958,0.8266,0.82676,1.43,2.97
2012.09.10 19:08:11.105,0.8266,0.82676,2.18,2.40
2012.09.10 19:08:11.579,0.8266,0.82676,2.93,1.80
2012.09.10 19:08:12.163,0.82662,0.82676,1.50,1.80
2012.09.10 19:08:12.796,0.8266,0.82676,2.18,1.80
2012.09.10 19:08:14.318,0.8266,0.82676,2.18,1.43
2012.09.10 19:08:14.399,0.82662,0.82679,2.18,1.13
2012.09.10 19:08:14.534,0.82662,0.8268,2.93,2.93
2012.09.10 19:08:14.873,0.8266,0.82675,1.43,1.50
2012.09.10 19:08:15.072,0.82657,0.82673,1.43,1.80
2012.09.10 19:08:15.142,0.82655,0.82673,2.18,1.80
2012.09.10 19:08:17.485,0.82655,0.82673,2.93,1.80
2012.09.10 19:08:18.454,0.82656,0.82673,1.13,1.43
2012.09.10 19:08:18.526,0.82659,0.82675,2.18,1.80
2012.09.10 19:08:18.863,0.8266,0.82675,1.50,1.80
2012.09.10 19:08:19.421,0.82659,0.82675,2.18,1.80
2012.09.10 19:08:19.555,0.82659,0.82675,2.18,1.80
2012.09.10 19:08:21.077,0.82663,0.82678,1.43,3.15
2012.09.10 19:08:21.225,0.82663,0.82678,1.43,1.13
2012.09.10 19:08:21.294,0.82663,0.82679,1.43,3.49
2012.09.10 19:08:22.436,0.82663,0.82674,1.43,1.13
2012.09.10 19:08:22.722,0.82661,0.82676,3.60,5.07
2012.09.10 19:08:23.642,0.82661,0.82676,2.93,1.32
2012.09.10 19:08:27.641,0.82664,0.82678,1.43,1.69
2012.09.10 19:08:27.961,0.82664,0.82678,2.18,1.69
2012.09.10 19:08:28.165,0.82664,0.82678,1.43,1.69
2012.09.10 19:08:28.703,0.8266,0.82676,3.68,1.13
2012.09.10 19:08:29.204,0.82662,0.82675,1.50,1.13
2012.09.10 19:08:29.346,0.82664,0.82677,3.60,4.50
2012.09.10 19:08:29.673,0.82666,0.82682,2.18,3.12
2012.09.10 19:08:30.195,0.82666,0.82682,2.18,2.55
2012.09.10 19:08:30.821,0.82666,0.82682,2.18,2.55
2012.09.10 19:08:31.490,0.82666,0.82681,2.93,1.13
2012.09.10 19:08:31.633,0.82664,0.8268,2.18,2.55
2012.09.10 19:08:31.896,0.82665,0.82681,1.50,1.13
2012.09.10 19:08:32.401,0.82664,0.82682,2.74,2.18
2012.09.10 19:08:33.121,0.82664,0.82681,2.18,1.13
2012.09.10 19:08:33.846,0.82666,0.82681,1.50,1.13
2012.09.10 19:08:34.403,0.82668,0.82681,2.18,1.13
2012.09.10 19:08:35.233,0.82666,0.82681,3.68,2.18
2012.09.10 19:08:35.562,0.82666,0.82681,2.93,1.43
2012.09.10 19:08:35.634,0.82666,0.82681,2.93,1.43
2012.09.10 19:08:37.662,0.82666,0.82681,2.18,2.18
2012.09.10 19:08:39.890,0.82666,0.82681,2.93,2.18
2012.09.10 19:08:40.411,0.82666,0.82679,1.43,1.88
2012.09.10 19:08:40.604,0.82662,0.82679,2.18,1.13
2012.09.10 19:08:41.014,0.82662,0.82679,2.18,1.13
2012.09.10 19:08:41.845,0.82662,0.82679,2.18,1.13
2012.09.10 19:08:48.724,0.82662,0.82679,2.18,1.88
2012.09.10 19:08:49.274,0.82662,0.82679,2.18,1.13
2012.09.10 19:08:51.175,0.82661,0.82676,2.18,1.43
2012.09.10 19:08:51.242,0.82661,0.82676,2.18,1.43
2012.09.10 19:08:52.445,0.82662,0.82678,2.18,1.13
2012.09.10 19:08:53.035,0.82662,0.82678,2.18,1.13
2012.09.10 19:08:56.510,0.82662,0.82678,2.18,1.13
2012.09.10 19:08:57.921,0.82662,0.82678,2.18,1.13
2012.09.10 19:08:58.443,0.82662,0.82678,2.18,1.13
2012.09.10 19:08:58.515,0.82664,0.82679,1.13,1.50
2012.09.10 19:08:58.583,0.82664,0.8268,1.13,2.18
2012.09.10 19:08:58.945,0.82664,0.8268,1.50,2.18
2012.09.10 19:09:02.052,0.82666,0.82683,2.55,2.18
2012.09.10 19:09:02.243,0.82667,0.82683,2.18,2.18
2012.09.10 19:09:05.013,0.82669,0.82684,2.18,1.13
2012.09.10 19:09:07.461,0.82669,0.82684,1.43,1.88
2012.09.10 19:09:08.233,0.82669,0.82685,2.18,2.55
2012.09.10 19:09:08.307,0.82672,0.82685,2.18,1.13
2012.09.10 19:09:09.174,0.82669,0.82685,2.18,2.55
2012.09.10 19:09:09.362,0.82669,0.82685,1.43,2.55
2012.09.10 19:09:10.556,0.82669,0.82685,2.18,2.55
2012.09.10 19:09:12.704,0.82675,0.82688,1.13,1.43
2012.09.10 19:09:13.263,0.82676,0.82692,1.13,3.68
2012.09.10 19:09:13.524,0.82678,0.82693,1.80,2.25
2012.09.10 19:09:14.241,0.82678,0.82693,2.55,2.25
2012.09.10 19:09:14.313,0.82678,0.82693,2.93,2.25
2012.09.10 19:09:14.642,0.82684,0.82696,2.18,5.07
2012.09.10 19:09:15.431,0.82682,0.82695,2.18,1.13
2012.09.10 19:09:17.063,0.82682,0.82695,1.43,1.13
2012.09.10 19:09:17.622,0.82682,0.82695,2.18,1.13
2012.09.10 19:09:17.963,0.82682,0.82697,2.18,2.07
2012.09.10 19:09:18.292,0.82682,0.82697,2.93,1.32
2012.09.10 19:09:18.365,0.82682,0.82698,4.43,1.99
2012.09.10 19:09:18.613,0.82689,0.82701,2.18,2.18
2012.09.10 19:09:19.143,0.82689,0.82702,2.18,1.32
2012.09.10 19:09:20.191,0.82689,0.82704,2.18,1.69
2012.09.10 19:09:20.331,0.8269,0.82704,1.50,1.69
2012.09.10 19:09:21.001,0.82689,0.82704,2.18,1.69
2012.09.10 19:09:21.503,0.8269,0.82704,1.50,1.13
2012.09.10 19:09:22.143,0.8269,0.82704,2.18,1.13
2012.09.10 19:09:22.910,0.8269,0.82704,2.18,5.44
2012.09.10 19:09:23.420,0.8269,0.82704,2.93,5.44
2012.09.10 19:09:23.960,0.8269,0.82704,2.18,5.44
2012.09.10 19:09:24.516,0.8269,0.82704,2.93,1.69
2012.09.10 19:09:25.946,0.82687,0.82704,1.88,1.69
2012.09.10 19:09:28.222,0.82687,0.82704,1.88,5.44
2012.09.10 19:09:28.751,0.82687,0.82703,1.88,1.32
2012.09.10 19:09:28.882,0.82687,0.82703,1.13,1.32
2012.09.10 19:09:30.871,0.82687,0.82702,1.88,1.32
2012.09.10 19:09:32.462,0.82689,0.82705,1.50,1.69
2012.09.10 19:09:32.782,0.82689,0.82705,1.88,1.32
2012.09.10 19:09:34.313,0.82689,0.82705,1.88,1.32
2012.09.10 19:09:35.652,0.82689,0.82706,1.88,1.13
2012.09.10 19:09:37.732,0.82689,0.82705,1.88,1.50
2012.09.10 19:09:38.382,0.82689,0.82705,1.13,1.50
2012.09.10 19:09:39.014,0.82688,0.82703,1.50,1.13
2012.09.10 19:09:39.321,0.82686,0.82703,2.93,1.13
2012.09.10 19:09:41.372,0.82686,0.82702,2.93,1.50
2012.09.10 19:09:41.972,0.82686,0.82698,1.50,1.13
2012.09.10 19:09:44.051,0.8268,0.82697,1.43,1.50
2012.09.10 19:09:45.722,0.8268,0.82697,1.80,1.50
2012.09.10 19:09:45.794,0.82681,0.82699,1.88,3.87
2012.09.10 19:09:45.981,0.82681,0.82699,3.00,3.87
2012.09.10 19:09:46.482,0.82683,0.82699,1.50,3.30
2012.09.10 19:09:51.921,0.82684,0.82699,1.13,3.30
2012.09.10 19:09:52.431,0.82685,0.827,1.50,1.13
2012.09.10 19:10:03.793,0.82686,0.82699,1.50,1.50
2012.09.10 19:10:04.291,0.82687,0.82702,2.25,5.44
2012.09.10 19:10:06.781,0.82687,0.82702,1.50,1.69
2012.09.10 19:10:08.344,0.82687,0.82702,1.88,1.50
2012.09.10 19:10:12.095,0.82689,0.82702,1.32,1.13
2012.09.10 19:10:12.284,0.82693,0.82706,1.69,1.50
2012.09.10 19:10:12.473,0.82694,0.82709,1.13,1.50
2012.09.10 19:10:13.473,0.82694,0.82708,1.50,1.50
2012.09.10 19:10:13.983,0.82692,0.82709,1.88,6.87
2012.09.10 19:10:14.312,0.82696,0.82709,1.88,6.87
2012.09.10 19:10:15.622,0.82698,0.82713,1.13,1.88
2012.09.10 19:10:15.695,0.82698,0.82713,1.13,1.88
2012.09.10 19:10:16.358,0.82699,0.82713,1.13,1.50
2012.09.10 19:10:18.547,0.82699,0.82713,1.13,1.50
2012.09.10 19:10:18.612,0.82699,0.82713,1.13,2.25
2012.09.10 19:10:18.935,0.82701,0.82716,1.13,1.50
2012.09.10 19:10:19.004,0.82701,0.82716,1.13,1.50
2012.09.10 19:10:19.134,0.827,0.82716,1.13,1.50
2012.09.10 19:10:20.005,0.827,0.82716,1.13,1.50
2012.09.10 19:10:20.534,0.82699,0.82715,1.88,1.50
2012.09.10 19:10:22.854,0.82699,0.82715,1.88,1.50
2012.09.10 19:10:22.929,0.82696,0.8271,1.32,2.25
2012.09.10 19:10:23.495,0.82695,0.8271,1.99,2.25
2012.09.10 19:10:24.124,0.82694,0.82708,1.32,1.43
2012.09.10 19:10:24.853,0.82692,0.82708,1.88,2.18
2012.09.10 19:10:26.699,0.82693,0.82708,1.50,1.43
2012.09.10 19:10:27.233,0.82693,0.82711,1.50,1.88
2012.09.10 19:10:27.875,0.82692,0.82709,1.13,1.13
2012.09.10 19:10:32.746,0.82692,0.82708,1.13,1.43
2012.09.10 19:10:33.234,0.82691,0.82708,1.13,2.55
2012.09.10 19:10:39.416,0.82689,0.82707,3.68,1.69
2012.09.10 19:10:39.485,0.82689,0.82704,2.18,1.13
2012.09.10 19:10:39.735,0.82689,0.82704,2.18,5.63
2012.09.10 19:10:41.314,0.82686,0.82704,2.93,2.44
2012.09.10 19:10:52.464,0.82687,0.82701,1.50,1.13
2012.09.10 19:10:52.594,0.82687,0.82702,1.50,1.50
2012.09.10 19:10:52.796,0.82687,0.82703,1.50,1.32
2012.09.10 19:10:53.805,0.82687,0.82703,1.50,1.50
2012.09.10 19:10:54.309,0.82687,0.82702,1.50,1.43
2012.09.10 19:10:55.010,0.82687,0.82703,1.50,1.50
2012.09.10 19:10:59.455,0.82687,0.82703,1.50,1.50
2012.09.10 19:11:02.552,0.82687,0.82704,1.50,1.13
2012.09.10 19:11:02.685,0.82687,0.82704,2.25,1.50
2012.09.10 19:11:03.026,0.82702,0.82716,1.50,2.18
2012.09.10 19:11:03.097,0.82703,0.82712,2.07,1.43
2012.09.10 19:11:03.169,0.82708,0.82712,2.07,1.43
2012.09.10 19:11:03.247,0.82708,0.82717,1.92,1.43
2012.09.10 19:11:03.384,0.82708,0.82717,3.04,1.43
2012.09.10 19:11:03.694,0.82708,0.82719,2.29,1.43
2012.09.10 19:11:03.768,0.82708,0.82721,2.29,2.18
2012.09.10 19:11:04.215,0.8271,0.82728,1.50,3.60
2012.09.10 19:11:06.516,0.8271,0.82728,1.50,3.60
2012.09.10 19:11:06.997,0.8271,0.82728,1.50,3.60
2012.09.10 19:11:12.972,0.82709,0.82727,1.32,1.35
2012.09.10 19:11:25.352,0.8271,0.82725,1.32,1.35
2012.09.10 19:11:25.556,0.82712,0.82729,1.32,2.25
2012.09.10 19:11:26.685,0.82713,0.82733,1.32,1.50
2012.09.10 19:11:29.770,0.82713,0.82729,1.32,1.50
2012.09.10 19:11:30.393,0.82713,0.82729,1.32,1.50
2012.09.10 19:11:33.766,0.82712,0.82727,4.32,2.25
2012.09.10 19:11:34.062,0.82713,0.82727,1.32,1.50
2012.09.10 19:11:34.501,0.82712,0.82727,5.07,1.50
2012.09.10 19:11:34.615,0.82712,0.82727,5.07,1.50
2012.09.10 19:11:42.693,0.82712,0.82727,5.07,1.50
2012.09.10 19:11:44.454,0.82712,0.82727,5.07,1.50
2012.09.10 19:11:51.771,0.82712,0.82727,4.32,1.50
2012.09.10 19:11:51.913,0.82712,0.82727,5.07,1.50
2012.09.10 19:12:20.992,0.82715,0.8273,3.75,2.10
2012.09.10 19:12:21.070,0.82717,0.8273,4.32,2.10
2012.09.10 19:12:27.245,0.82716,0.82733,1.32,1.50
2012.09.10 19:12:27.809,0.82717,0.82731,1.32,1.35
2012.09.10 19:12:28.363,0.82717,0.82731,1.32,1.35
2012.09.10 19:12:29.391,0.82714,0.82731,3.75,1.35
2012.09.10 19:12:31.814,0.82713,0.82731,1.32,1.35
2012.09.10 19:12:31.885,0.82713,0.82731,2.74,2.10
2012.09.10 19:12:35.777,0.82715,0.82731,1.32,1.72
2012.09.10 19:12:39.855,0.82715,0.82731,1.32,1.13
2012.09.10 19:12:40.113,0.82715,0.82731,1.32,1.13
2012.09.10 19:12:41.673,0.82713,0.82731,2.55,1.13
2012.09.10 19:12:45.823,0.82713,0.82731,2.55,1.13
2012.09.10 19:12:46.692,0.82713,0.82731,6.30,1.13
2012.09.10 19:13:00.374,0.82715,0.8273,1.80,1.50
2012.09.10 19:13:06.269,0.82715,0.8273,1.43,1.50
2012.09.10 19:13:06.715,0.82715,0.8273,1.43,1.50
2012.09.10 19:13:11.848,0.82714,0.8273,3.60,1.50
2012.09.10 19:13:20.053,0.82714,0.82729,1.43,1.13
2012.09.10 19:13:20.365,0.82712,0.82728,1.13,1.13
2012.09.10 19:13:20.884,0.82712,0.82728,1.13,1.13
2012.09.10 19:13:21.404,0.82714,0.82729,1.80,1.50
2012.09.10 19:13:24.865,0.82714,0.82729,1.43,1.50
2012.09.10 19:13:36.373,0.82714,0.82729,1.99,1.50
2012.09.10 19:13:53.176,0.82712,0.82729,3.49,1.50
2012.09.10 19:14:09.188,0.82714,0.8273,1.50,1.13
2012.09.10 19:14:09.624,0.82713,0.8273,2.44,1.13
2012.09.10 19:14:10.743,0.82713,0.82729,2.44,1.50
2012.09.10 19:14:18.257,0.82714,0.82729,1.13,1.50
2012.09.10 19:14:18.895,0.82714,0.82729,1.13,1.50
2012.09.10 19:14:38.935,0.82716,0.82729,2.18,1.50
2012.09.10 19:14:48.579,0.82715,0.82732,6.19,1.50
2012.09.10 19:14:48.706,0.82716,0.82734,2.82,1.88
2012.09.10 19:14:48.894,0.82718,0.82733,1.88,1.50
2012.09.10 19:14:50.914,0.82718,0.82733,1.88,1.50
2012.09.10 19:14:51.115,0.82718,0.82733,1.88,1.50
2012.09.10 19:14:53.585,0.82718,0.82733,1.88,1.88
2012.09.10 19:14:53.953,0.82718,0.82733,1.50,1.88
2012.09.10 19:14:56.596,0.82717,0.82733,1.50,2.63
2012.09.10 19:15:00.276,0.82717,0.82733,1.50,2.63
2012.09.10 19:15:04.946,0.82717,0.82731,1.50,1.50
2012.09.10 19:15:07.982,0.82716,0.82733,2.18,1.88
2012.09.10 19:15:08.503,0.82716,0.82731,2.18,1.50
2012.09.10 19:15:10.404,0.82716,0.82731,2.18,1.50
2012.09.10 19:15:11.167,0.82715,0.82731,1.50,1.50
2012.09.10 19:15:15.614,0.82717,0.82732,1.88,1.13
2012.09.10 19:15:24.646,0.82719,0.82734,1.50,1.50
2012.09.10 19:15:27.173,0.82719,0.82734,1.50,1.50
2012.09.10 19:15:30.292,0.82718,0.82734,1.50,2.25
2012.09.10 19:15:31.236,0.82721,0.82734,1.13,1.50
2012.09.10 19:15:31.436,0.82723,0.82739,1.50,1.13
2012.09.10 19:15:31.639,0.82728,0.82743,1.13,2.07
2012.09.10 19:15:31.971,0.8273,0.8275,1.50,1.13
2012.09.10 19:15:33.174,0.82732,0.8275,1.50,1.13
2012.09.10 19:15:33.375,0.82733,0.8275,1.13,1.13
2012.09.10 19:15:33.895,0.82733,0.8275,1.13,1.13
2012.09.10 19:15:34.544,0.82739,0.82755,1.13,1.53
2012.09.10 19:15:34.875,0.82741,0.82755,1.13,1.50
2012.09.10 19:15:38.444,0.82741,0.82755,1.13,1.50
2012.09.10 19:15:39.044,0.82741,0.82755,1.13,1.50
2012.09.10 19:15:39.575,0.82741,0.82755,1.13,1.50
2012.09.10 19:15:39.826,0.82741,0.82756,1.13,1.50
2012.09.10 19:15:40.264,0.82741,0.82758,1.13,1.13
2012.09.10 19:15:42.209,0.82742,0.8276,1.50,1.13
2012.09.10 19:15:42.916,0.82744,0.8276,1.50,1.13
2012.09.10 19:15:43.433,0.82743,0.8276,1.50,1.13
2012.09.10 19:15:43.506,0.82743,0.8276,1.50,1.88
2012.09.10 19:15:43.936,0.82741,0.82758,2.55,1.50
2012.09.10 19:15:44.696,0.82741,0.82756,1.13,1.13
2012.09.10 19:15:45.206,0.82741,0.82756,1.13,1.13
2012.09.10 19:15:46.533,0.82741,0.82756,1.13,1.13
2012.09.10 19:15:47.294,0.82744,0.82761,1.13,1.88
2012.09.10 19:15:47.614,0.82744,0.82759,1.13,1.13
2012.09.10 19:15:47.938,0.82744,0.82759,1.13,1.13
2012.09.10 19:15:48.856,0.82744,0.82762,2.07,1.13
2012.09.10 19:15:50.258,0.82746,0.8276,1.50,1.13
2012.09.10 19:15:50.766,0.82744,0.82762,2.07,1.13
2012.09.10 19:15:51.495,0.82745,0.82762,2.18,1.13
2012.09.10 19:15:53.537,0.82745,0.82762,2.18,1.13
2012.09.10 19:15:54.068,0.82745,0.82762,2.18,1.13
2012.09.10 19:15:56.157,0.82745,0.82761,2.18,2.25
2012.09.10 19:15:56.711,0.82743,0.82758,2.07,1.13
2012.09.10 19:15:57.248,0.82744,0.82759,2.18,1.13
2012.09.10 19:16:03.335,0.82746,0.8276,2.18,1.88
2012.09.10 19:16:03.407,0.82748,0.8276,1.43,1.88
2012.09.10 19:16:03.875,0.82749,0.82762,3.68,5.07
2012.09.10 19:16:03.947,0.82751,0.82768,1.50,1.72
2012.09.10 19:16:04.144,0.82753,0.82769,2.25,1.72
2012.09.10 19:16:08.687,0.82754,0.82768,1.50,1.13
2012.09.10 19:16:11.935,0.82755,0.82769,1.50,1.13
2012.09.10 19:16:23.365,0.82753,0.82767,1.50,1.13
2012.09.10 19:16:24.049,0.82753,0.82767,1.50,1.13
2012.09.10 19:16:26.633,0.82753,0.82767,1.50,1.13
2012.09.10 19:16:26.897,0.82755,0.82769,1.50,1.32
2012.09.10 19:16:27.300,0.82757,0.82769,1.13,1.32
2012.09.10 19:16:27.435,0.82756,0.82769,1.88,1.32
2012.09.10 19:16:28.497,0.82756,0.82767,1.13,1.13
2012.09.10 19:16:28.566,0.82752,0.82767,1.50,1.13
2012.09.10 19:16:28.636,0.82751,0.82767,2.25,1.13
2012.09.10 19:16:48.205,0.82749,0.82766,1.13,5.63
2012.09.10 19:16:48.394,0.82748,0.82763,1.32,1.13
2012.09.10 19:16:55.478,0.82746,0.82763,2.63,1.13
2012.09.10 19:17:03.126,0.82746,0.82761,1.50,1.13
2012.09.10 19:17:03.665,0.82744,0.82761,1.88,1.13
2012.09.10 19:17:04.207,0.82745,0.82761,1.50,1.13
2012.09.10 19:17:04.738,0.82746,0.82761,1.50,1.13
2012.09.10 19:17:07.054,0.82746,0.82761,1.50,1.13
2012.09.10 19:17:18.918,0.82744,0.82761,1.88,1.13
2012.09.10 19:17:21.473,0.82745,0.82761,1.50,1.13
2012.09.10 19:17:25.763,0.82745,0.82761,1.50,1.13
2012.09.10 19:17:26.076,0.82747,0.82764,1.50,1.32
2012.09.10 19:17:26.595,0.82749,0.82764,1.88,1.32
2012.09.10 19:17:28.218,0.8275,0.82766,1.50,1.69
2012.09.10 19:17:28.344,0.8275,0.82766,1.50,1.13
2012.09.10 19:17:29.757,0.82752,0.82768,1.32,1.50
2012.09.10 19:17:30.074,0.82754,0.82769,1.13,1.35
2012.09.10 19:17:30.654,0.82755,0.82771,1.50,1.50
2012.09.10 19:17:30.728,0.82756,0.82771,1.13,1.50
2012.09.10 19:17:32.074,0.82756,0.82773,4.88,1.32
2012.09.10 19:17:34.804,0.82757,0.82771,1.32,1.50
2012.09.10 19:17:36.477,0.82756,0.82767,5.07,1.50
2012.09.10 19:17:36.562,0.82751,0.82768,1.32,2.25
2012.09.10 19:17:36.635,0.8275,0.82768,1.50,1.50
2012.09.10 19:17:39.916,0.82751,0.82768,1.50,1.50
2012.09.10 19:17:41.266,0.82751,0.82767,1.50,1.50
2012.09.10 19:17:45.597,0.8275,0.82766,1.13,1.50
2012.09.10 19:17:46.168,0.82749,0.82766,2.07,1.50
2012.09.10 19:17:55.048,0.82749,0.82763,2.07,1.13
2012.09.10 19:17:58.455,0.82747,0.82761,1.32,1.50
2012.09.10 19:17:58.526,0.82745,0.82761,1.13,1.50
2012.09.10 19:18:03.606,0.82746,0.82763,1.13,1.50
2012.09.10 19:18:04.146,0.82747,0.82764,1.50,1.13
2012.09.10 19:18:05.588,0.82744,0.8276,2.07,1.88
2012.09.10 19:18:05.654,0.82744,0.8276,1.50,1.88
2012.09.10 19:18:07.058,0.82745,0.82761,1.13,1.32
2012.09.10 19:18:07.127,0.82745,0.82763,2.44,2.25
2012.09.10 19:18:30.297,0.82743,0.82762,1.54,4.50
2012.09.10 19:18:30.625,0.82741,0.82754,1.32,1.13
2012.09.10 19:18:31.934,0.82737,0.82753,3.38,1.50
2012.09.10 19:18:38.964,0.82737,0.82753,2.82,1.50
2012.09.10 19:18:39.859,0.82739,0.82755,1.13,1.13
2012.09.10 19:18:40.374,0.8274,0.82756,1.13,1.88
2012.09.10 19:18:40.505,0.82737,0.82755,1.88,1.50
2012.09.10 19:19:02.365,0.82739,0.82755,1.13,1.50
2012.09.10 19:19:05.775,0.82739,0.82757,1.13,2.44
2012.09.10 19:19:05.903,0.82739,0.82755,1.13,1.50
2012.09.10 19:19:08.274,0.82739,0.82757,1.13,1.69
2012.09.10 19:19:13.178,0.8274,0.82757,1.13,1.69
2012.09.10 19:19:13.662,0.8274,0.82759,2.82,4.50
2012.09.10 19:19:14.274,0.8274,0.82758,1.69,1.13
2012.09.10 19:19:48.565,0.8274,0.8276,1.13,3.78
2012.09.10 19:19:48.896,0.82744,0.8276,1.13,1.13
2012.09.10 19:19:57.206,0.82745,0.82762,1.50,1.32
2012.09.10 19:20:00.516,0.82746,0.82764,1.13,1.69
2012.09.10 19:20:04.736,0.82747,0.82764,1.13,1.69
2012.09.10 19:20:04.941,0.82747,0.82764,1.13,1.69
2012.09.10 19:20:16.965,0.82748,0.82765,1.13,1.13
2012.09.10 19:20:17.566,0.82748,0.82766,1.50,1.69
2012.09.10 19:20:21.642,0.82748,0.82765,1.50,1.32
2012.09.10 19:20:21.713,0.82748,0.82764,1.50,1.32
2012.09.10 19:20:30.844,0.82748,0.82766,1.50,1.69
2012.09.10 19:20:38.543,0.82748,0.82765,1.13,5.07
2012.09.10 19:20:41.555,0.82746,0.82763,1.88,1.13
2012.09.10 19:20:49.295,0.82746,0.82763,1.88,1.13
2012.09.10 19:20:53.307,0.82746,0.82762,1.13,1.88
2012.09.10 19:20:56.085,0.82743,0.82761,2.07,1.13
2012.09.10 19:20:56.216,0.82743,0.8276,2.07,1.50
2012.09.10 19:20:56.290,0.82743,0.82758,1.50,1.91
2012.09.10 19:20:56.638,0.8274,0.82754,4.50,1.88
2012.09.10 19:20:57.585,0.8274,0.82754,4.50,1.88
2012.09.10 19:20:57.716,0.82733,0.82752,1.13,1.13
2012.09.10 19:20:57.785,0.82733,0.82752,1.13,1.13
2012.09.10 19:20:57.855,0.82733,0.82752,1.13,1.13
2012.09.10 19:20:58.666,0.82733,0.82752,1.13,1.88
2012.09.10 19:20:58.846,0.82733,0.82752,1.13,1.88
2012.09.10 19:21:03.895,0.82734,0.82752,1.13,1.88
2012.09.10 19:21:04.472,0.82734,0.82752,1.13,1.88
2012.09.10 19:21:05.354,0.82734,0.82752,1.13,2.63
2012.09.10 19:21:05.993,0.82734,0.82752,1.13,2.63
2012.09.10 19:21:06.295,0.82734,0.82752,1.13,1.88
2012.09.10 19:21:09.072,0.82734,0.82752,1.13,1.88
2012.09.10 19:21:09.725,0.82733,0.82752,1.13,1.88
2012.09.10 19:21:17.103,0.82734,0.82752,1.13,1.88
2012.09.10 19:21:17.774,0.82733,0.82752,1.13,1.88
2012.09.10 19:21:20.937,0.82734,0.82752,1.88,1.88
2012.09.10 19:21:21.281,0.82733,0.8275,1.50,1.13
2012.09.10 19:21:22.074,0.82732,0.82749,2.25,1.50
2012.09.10 19:21:22.666,0.82732,0.8275,1.50,1.13
2012.09.10 19:21:25.923,0.82732,0.8275,1.50,1.13
2012.09.10 19:21:34.336,0.82732,0.82753,6.00,3.78
2012.09.10 19:21:34.478,0.82735,0.82753,1.50,1.35
2012.09.10 19:21:34.747,0.82736,0.82754,2.25,1.32
2012.09.10 19:21:36.599,0.82737,0.82755,1.13,1.13
2012.09.10 19:21:40.724,0.82737,0.82755,1.50,1.35
2012.09.10 19:21:41.217,0.82738,0.82755,1.13,2.25
2012.09.10 19:21:42.556,0.82738,0.82755,1.13,2.10
2012.09.10 19:21:45.946,0.82738,0.82755,1.13,1.50
2012.09.10 19:21:46.576,0.82736,0.82753,5.44,1.13
2012.09.10 19:21:47.046,0.82736,0.82752,1.13,1.13
2012.09.10 19:21:47.605,0.82736,0.82753,1.88,1.32
2012.09.10 19:21:47.746,0.82736,0.82753,1.13,1.32
2012.09.10 19:21:47.936,0.82736,0.82753,1.13,1.32
2012.09.10 19:21:48.366,0.82734,0.82752,1.50,1.88
2012.09.10 19:21:48.653,0.82731,0.82748,1.32,1.88
2012.09.10 19:21:48.796,0.8273,0.82748,1.50,2.63
2012.09.10 19:21:49.525,0.82727,0.8274,1.92,1.13
2012.09.10 19:21:49.595,0.82727,0.8274,1.35,1.32
2012.09.10 19:21:49.736,0.82727,0.8274,1.13,1.32
2012.09.10 19:21:49.809,0.82727,0.8274,1.13,1.32
2012.09.10 19:21:50.056,0.82726,0.8274,1.50,1.32
2012.09.10 19:21:51.045,0.82726,0.8274,1.13,1.32
2012.09.10 19:21:51.495,0.82726,0.82743,1.13,1.13
2012.09.10 19:21:57.805,0.82727,0.82745,1.13,1.32
2012.09.10 19:21:58.205,0.82734,0.82745,1.13,1.32
2012.09.10 19:21:58.460,0.82731,0.82745,2.93,1.32
2012.09.10 19:22:00.836,0.82731,0.82745,1.13,1.32
2012.09.10 19:22:01.783,0.82731,0.82745,1.13,1.32
2012.09.10 19:22:02.440,0.82732,0.82748,1.13,5.44
2012.09.10 19:22:02.847,0.82736,0.82747,2.25,1.32
2012.09.10 19:22:06.805,0.82738,0.82755,1.13,1.13
2012.09.10 19:22:20.157,0.82738,0.82756,1.50,1.32
2012.09.10 19:22:25.715,0.82738,0.82756,1.13,1.32
2012.09.10 19:22:39.639,0.8274,0.82756,1.13,1.32
2012.09.10 19:22:39.777,0.8274,0.82756,1.88,1.32
2012.09.10 19:22:43.426,0.8274,0.82757,1.13,1.88
2012.09.10 19:22:44.619,0.8274,0.82758,2.55,1.13
2012.09.10 19:22:45.139,0.82741,0.82758,1.88,1.13
2012.09.10 19:22:49.094,0.82742,0.82757,1.32,1.13
2012.09.10 19:22:52.425,0.8274,0.82757,3.30,1.69
2012.09.10 19:22:56.736,0.8274,0.82758,3.30,1.13
2012.09.10 19:23:08.715,0.82741,0.82758,1.13,1.69
2012.09.10 19:23:08.785,0.82744,0.82758,1.43,1.69
2012.09.10 19:23:10.802,0.82742,0.82758,2.18,1.69
2012.09.10 19:23:11.499,0.82741,0.82758,1.80,1.69
2012.09.10 19:23:13.704,0.82741,0.82758,2.55,1.69
2012.09.10 19:23:21.567,0.82741,0.8276,3.49,2.78
2012.09.10 19:23:22.107,0.82741,0.82759,3.12,1.88
2012.09.10 19:23:23.308,0.82742,0.82757,1.13,1.13
2012.09.10 19:23:23.815,0.82741,0.82757,1.80,3.12
2012.09.10 19:23:26.428,0.82743,0.82757,1.43,1.13
2012.09.10 19:23:26.875,0.82743,0.82757,2.18,1.13
2012.09.10 19:23:27.446,0.82744,0.8276,1.50,3.72
2012.09.10 19:23:27.960,0.82748,0.8276,1.43,1.13
2012.09.10 19:23:33.836,0.82745,0.82761,2.55,1.88
2012.09.10 19:23:36.805,0.82745,0.82761,1.80,1.88
2012.09.10 19:23:36.935,0.82745,0.82759,1.80,1.13
2012.09.10 19:23:37.009,0.82741,0.82758,4.24,1.80
2012.09.10 19:23:37.561,0.82741,0.82756,1.32,2.93
2012.09.10 19:23:38.225,0.82739,0.82756,1.50,2.93
2012.09.10 19:23:44.096,0.82739,0.82756,1.50,2.93
2012.09.10 19:23:44.778,0.82746,0.82758,1.50,1.99
2012.09.10 19:23:45.079,0.82747,0.82763,2.18,2.93
2012.09.10 19:23:45.158,0.82747,0.82763,2.18,2.18
2012.09.10 19:23:47.049,0.82747,0.82763,1.43,2.18
2012.09.10 19:23:47.197,0.82747,0.8276,1.43,1.13
2012.09.10 19:23:47.708,0.82743,0.8276,2.18,3.30
2012.09.10 19:23:47.968,0.82744,0.82759,2.18,2.18
2012.09.10 19:23:48.623,0.82744,0.82759,1.43,2.18
2012.09.10 19:23:49.847,0.82744,0.82759,2.18,2.18
2012.09.10 19:23:52.174,0.82744,0.82759,1.43,2.18
2012.09.10 19:23:53.168,0.82746,0.82761,2.18,1.69
2012.09.10 19:23:53.536,0.82746,0.82762,2.55,1.43
2012.09.10 19:23:55.595,0.82749,0.82765,1.43,2.55
2012.09.10 19:23:56.221,0.82749,0.82765,2.18,2.55
2012.09.10 19:23:57.237,0.82752,0.82765,1.13,2.18
2012.09.10 19:23:57.577,0.82755,0.82765,1.50,1.43
2012.09.10 19:23:57.839,0.82755,0.82767,1.50,1.43
2012.09.10 19:23:57.911,0.82755,0.82772,1.50,2.18
2012.09.10 19:23:59.746,0.82755,0.82772,1.13,2.93
2012.09.10 19:24:00.276,0.82756,0.82773,1.13,2.07
2012.09.10 19:24:01.039,0.82755,0.82771,2.55,1.88
2012.09.10 19:24:01.120,0.82755,0.8277,1.80,1.50
2012.09.10 19:24:01.446,0.82755,0.82771,1.13,1.88
2012.09.10 19:24:01.949,0.82755,0.82771,1.13,1.13
2012.09.10 19:24:05.177,0.82756,0.82772,1.13,4.62
2012.09.10 19:24:05.695,0.82756,0.82772,1.13,4.24
2012.09.10 19:24:12.510,0.82757,0.82772,1.13,3.49
2012.09.10 19:24:16.354,0.82756,0.82772,3.12,1.13
2012.09.10 19:24:17.389,0.82757,0.82771,1.13,1.50
2012.09.10 19:24:17.515,0.82754,0.82768,2.55,1.50
2012.09.10 19:24:17.973,0.82753,0.82765,1.32,1.13
2012.09.10 19:24:18.982,0.82749,0.82763,1.99,1.13
2012.09.10 19:24:19.185,0.82749,0.82763,1.43,1.13
2012.09.10 19:24:19.853,0.82747,0.82763,2.18,1.13
2012.09.10 19:24:21.786,0.82745,0.82763,3.49,1.88
2012.09.10 19:24:22.900,0.82745,0.82763,3.49,1.13
2012.09.10 19:24:23.555,0.82748,0.82763,1.43,1.13
2012.09.10 19:24:24.109,0.82746,0.82763,2.18,1.88
2012.09.10 19:24:24.634,0.82746,0.82762,2.18,1.50
2012.09.10 19:24:29.685,0.82746,0.82763,2.18,1.88
2012.09.10 19:24:39.999,0.82746,0.82763,1.43,1.50
2012.09.10 19:24:44.563,0.82746,0.82764,1.43,2.07
2012.09.10 19:24:45.103,0.82746,0.82763,1.43,1.50
2012.09.10 19:24:47.847,0.82746,0.82763,1.80,1.50
2012.09.10 19:24:49.385,0.82749,0.82765,1.13,1.50
2012.09.10 19:24:58.865,0.82749,0.82765,1.50,1.50
2012.09.10 19:24:59.835,0.8275,0.82765,1.13,1.50
2012.09.10 19:25:00.088,0.8275,0.82766,1.50,1.50
2012.09.10 19:25:00.595,0.82751,0.82768,1.32,2.93
2012.09.10 19:25:01.000,0.82753,0.82769,1.13,1.50
2012.09.10 19:25:03.138,0.82754,0.82769,1.13,1.50
2012.09.10 19:25:03.805,0.82753,0.82769,1.13,1.50
2012.09.10 19:25:12.516,0.82754,0.8277,1.50,2.25
2012.09.10 19:25:13.139,0.82754,0.8277,1.50,2.25
2012.09.10 19:25:13.617,0.82755,0.8277,2.18,1.50
2012.09.10 19:25:13.689,0.82754,0.8277,1.50,1.50
2012.09.10 19:25:15.074,0.82752,0.82768,1.32,3.30
2012.09.10 19:25:15.218,0.82752,0.82768,1.69,2.55
2012.09.10 19:25:19.750,0.82752,0.82768,1.32,3.30
2012.09.10 19:25:20.298,0.8275,0.82767,1.50,1.32
2012.09.10 19:25:23.770,0.82751,0.82768,1.13,3.12
2012.09.10 19:25:24.238,0.82755,0.82768,1.43,1.13
2012.09.10 19:25:25.198,0.82755,0.82768,1.43,1.13
2012.09.10 19:25:28.524,0.82755,0.82768,1.43,1.13
2012.09.10 19:25:34.120,0.82755,0.82768,1.43,1.13
2012.09.10 19:25:34.258,0.82752,0.82768,1.43,3.30
2012.09.10 19:25:34.389,0.82748,0.82765,1.43,1.13
2012.09.10 19:25:34.458,0.82748,0.82764,1.43,1.13
2012.09.10 19:25:36.465,0.82748,0.82764,1.80,1.13
2012.09.10 19:25:40.836,0.82748,0.82764,2.55,1.13
2012.09.10 19:25:40.905,0.82748,0.82764,1.80,1.13
2012.09.10 19:25:41.995,0.82749,0.82764,1.13,1.13
2012.09.10 19:25:50.208,0.8275,0.82765,1.13,1.88
2012.09.10 19:25:51.448,0.82751,0.82765,2.55,1.88
2012.09.10 19:25:53.346,0.82751,0.82765,2.18,1.88
2012.09.10 19:25:53.895,0.82751,0.82765,2.18,1.88
2012.09.10 19:25:56.407,0.82752,0.82768,1.13,3.30
2012.09.10 19:25:56.727,0.8275,0.82766,1.13,2.18
2012.09.10 19:26:02.296,0.8275,0.82765,1.13,2.18
2012.09.10 19:26:02.366,0.8275,0.82763,1.13,2.18
2012.09.10 19:26:02.796,0.8275,0.82763,1.13,2.18
2012.09.10 19:26:03.707,0.82749,0.82759,1.32,1.50
2012.09.10 19:26:03.778,0.82747,0.82758,1.13,1.50
2012.09.10 19:26:04.418,0.82747,0.82758,1.13,1.50
2012.09.10 19:26:05.886,0.82746,0.82758,1.13,1.50
2012.09.10 19:26:08.086,0.82747,0.82763,2.74,4.27
2012.09.10 19:26:08.419,0.82747,0.82763,3.12,4.27
2012.09.10 19:26:10.205,0.82747,0.82763,3.12,4.43
2012.09.10 19:26:10.337,0.82749,0.82759,1.43,1.50
2012.09.10 19:26:10.711,0.82743,0.82759,2.55,1.50
2012.09.10 19:26:12.075,0.82743,0.82759,2.55,1.50
2012.09.10 19:26:13.485,0.82743,0.82757,1.80,2.74
2012.09.10 19:26:13.615,0.82741,0.82755,1.13,3.12
2012.09.10 19:26:13.867,0.82742,0.82755,1.13,3.12
2012.09.10 19:26:14.524,0.82742,0.82755,1.13,2.74
2012.09.10 19:26:17.555,0.82739,0.82755,1.80,3.87
2012.09.10 19:26:20.324,0.82739,0.82755,2.93,2.18
2012.09.10 19:26:29.425,0.82741,0.82757,1.80,2.44
2012.09.10 19:26:33.247,0.82741,0.82757,1.80,2.44
2012.09.10 19:26:33.437,0.82741,0.82755,2.18,1.50
2012.09.10 19:26:33.997,0.82745,0.82755,1.43,1.50
2012.09.10 19:26:34.514,0.82745,0.82756,1.43,1.50
2012.09.10 19:26:35.226,0.82745,0.82759,2.18,1.91
2012.09.10 19:26:36.437,0.82745,0.82759,1.80,1.35
2012.09.10 19:26:38.338,0.82745,0.82759,1.80,1.50
2012.09.10 19:26:47.885,0.82745,0.82759,2.18,1.50
2012.09.10 19:26:49.256,0.82745,0.82759,2.18,1.50
2012.09.10 19:26:53.897,0.82744,0.82759,3.49,2.93
2012.09.10 19:27:07.098,0.82744,0.82759,3.49,2.93
2012.09.10 19:27:12.605,0.82746,0.8276,1.43,1.35
2012.09.10 19:27:16.276,0.82746,0.82759,1.43,1.35
2012.09.10 19:27:17.077,0.82746,0.82759,1.43,1.50
2012.09.10 19:27:18.596,0.82746,0.82759,1.43,1.50
2012.09.10 19:27:40.808,0.82744,0.82758,2.07,1.43
2012.09.10 19:27:44.078,0.82744,0.82758,2.07,2.18
2012.09.10 19:27:52.147,0.82744,0.82758,1.32,2.18
2012.09.10 19:28:07.063,0.82744,0.82758,1.32,2.18
2012.09.10 19:28:13.146,0.82742,0.82758,1.80,2.18
2012.09.10 19:28:13.335,0.82742,0.82758,1.80,2.18
2012.09.10 19:28:13.848,0.82742,0.82758,1.80,2.18
2012.09.10 19:28:17.086,0.82745,0.82758,1.80,1.50
2012.09.10 19:28:21.668,0.82745,0.82759,2.55,1.50
2012.09.10 19:28:24.718,0.82745,0.8276,2.55,2.18
2012.09.10 19:28:24.908,0.82745,0.82759,1.80,1.13
2012.09.10 19:28:25.447,0.82745,0.8276,1.80,2.18
2012.09.10 19:28:25.818,0.82745,0.8276,2.37,2.18
2012.09.10 19:28:25.887,0.82747,0.8276,1.50,2.18
2012.09.10 19:28:26.439,0.82747,0.82763,3.30,2.18
2012.09.10 19:28:29.727,0.82747,0.82763,3.30,2.18
2012.09.10 19:28:33.538,0.82747,0.82763,7.05,2.18
2012.09.10 19:28:33.607,0.82747,0.82763,7.05,2.18
2012.09.10 19:28:34.801,0.82747,0.82763,1.43,4.62
2012.09.10 19:28:34.872,0.82745,0.82759,2.93,1.43
2012.09.10 19:28:42.337,0.82745,0.82759,1.50,1.43
2012.09.10 19:28:44.453,0.82746,0.82762,1.43,2.18
2012.09.10 19:28:45.730,0.82744,0.82759,3.12,1.43
2012.09.10 19:28:57.289,0.82745,0.82759,1.50,2.18
2012.09.10 19:28:57.600,0.82746,0.82763,1.50,2.93
2012.09.10 19:29:02.917,0.82752,0.82764,1.13,1.32
2012.09.10 19:29:08.468,0.82752,0.82764,1.13,1.50
2012.09.10 19:29:11.567,0.82752,0.82765,1.13,1.43
2012.09.10 19:29:11.646,0.82752,0.82768,1.13,3.30
2012.09.10 19:29:13.669,0.82752,0.82765,1.13,1.43
2012.09.10 19:29:20.748,0.82752,0.82765,1.13,2.93
2012.09.10 19:29:22.139,0.82752,0.82765,1.13,2.93
2012.09.10 19:29:26.958,0.82752,0.82765,1.13,1.43
2012.09.10 19:29:27.281,0.82752,0.82768,2.55,2.93
2012.09.10 19:29:30.029,0.82751,0.82767,3.30,2.18
2012.09.10 19:29:30.098,0.82751,0.82767,1.50,3.30
2012.09.10 19:29:30.457,0.8275,0.82765,1.69,2.63
2012.09.10 19:29:32.867,0.82754,0.82765,1.13,2.63
2012.09.10 19:29:39.237,0.82753,0.82767,1.80,1.50
2012.09.10 19:29:39.605,0.82751,0.82767,1.13,3.68
2012.09.10 19:29:47.727,0.82751,0.82767,1.88,3.68
2012.09.10 19:29:48.367,0.82751,0.82766,1.13,1.50
2012.09.10 19:29:51.469,0.82751,0.82763,1.13,1.43
2012.09.10 19:30:09.826,0.82751,0.82765,1.50,2.18
2012.09.10 19:30:22.267,0.82751,0.82766,1.50,3.68
2012.09.10 19:30:23.986,0.82751,0.82763,1.50,1.50
2012.09.10 19:30:26.177,0.82751,0.82766,2.25,2.18
2012.09.10 19:30:26.780,0.82751,0.82764,1.50,1.50
2012.09.10 19:30:27.996,0.82751,0.82764,1.50,1.50
2012.09.10 19:30:31.926,0.82749,0.82764,2.18,3.68
2012.09.10 19:30:32.057,0.82749,0.82764,1.80,3.68
2012.09.10 19:30:39.560,0.82748,0.82762,1.50,2.18
2012.09.10 19:30:41.737,0.82748,0.82762,1.50,2.18
2012.09.10 19:30:43.848,0.82748,0.82762,1.50,2.93
2012.09.10 19:30:44.379,0.82746,0.82757,1.32,1.43
2012.09.10 19:30:46.396,0.82742,0.82757,2.44,1.43
2012.09.10 19:30:46.467,0.82742,0.82757,1.88,1.43
2012.09.10 19:30:51.137,0.82742,0.82757,1.50,1.43
2012.09.10 19:30:59.350,0.82742,0.82757,1.50,2.18
2012.09.10 19:31:02.807,0.82742,0.82753,1.50,1.43
2012.09.10 19:31:06.068,0.8274,0.82751,2.07,1.43
2012.09.10 19:31:25.851,0.82741,0.82752,1.13,1.43
2012.09.10 19:31:27.048,0.8274,0.82752,1.32,1.43
2012.09.10 19:31:27.588,0.82742,0.82752,1.13,1.43
2012.09.10 19:31:28.497,0.82742,0.82756,1.88,2.18
2012.09.10 19:31:32.067,0.82742,0.82756,1.50,2.18
2012.09.10 19:31:32.629,0.82742,0.82756,1.88,1.43
2012.09.10 19:31:33.140,0.82742,0.82758,2.93,1.50
2012.09.10 19:31:33.898,0.82742,0.82755,2.07,1.43
2012.09.10 19:31:35.762,0.82742,0.82755,1.50,2.18
2012.09.10 19:31:40.896,0.82741,0.82754,1.50,1.50
2012.09.10 19:31:44.455,0.82742,0.82755,1.50,2.18
2012.09.10 19:31:44.963,0.82742,0.82755,1.50,2.18
2012.09.10 19:31:54.266,0.82742,0.82755,1.50,2.18
2012.09.10 19:32:03.084,0.82743,0.82758,1.13,2.93
2012.09.10 19:32:05.953,0.82744,0.82758,1.13,2.93
2012.09.10 19:32:08.778,0.82745,0.82758,1.43,1.50
2012.09.10 19:32:12.877,0.82744,0.82758,1.13,2.93
2012.09.10 19:32:14.127,0.82743,0.82758,1.50,2.93
2012.09.10 19:32:25.989,0.82743,0.82756,1.50,1.50
2012.09.10 19:32:26.547,0.82745,0.82755,1.80,1.50
2012.09.10 19:32:28.362,0.82745,0.82755,1.80,1.35
2012.09.10 19:32:28.442,0.82745,0.82751,1.43,1.50
2012.09.10 19:32:28.907,0.82745,0.82752,1.43,1.50
2012.09.10 19:32:29.120,0.82742,0.82752,1.80,1.50
2012.09.10 19:32:29.785,0.82737,0.82752,2.93,1.50
2012.09.10 19:32:30.319,0.82739,0.82754,1.13,2.93
2012.09.10 19:32:30.801,0.82739,0.82752,1.13,1.50
2012.09.10 19:32:31.348,0.82736,0.82748,5.07,2.93
2012.09.10 19:32:33.196,0.82732,0.82747,1.43,1.50
2012.09.10 19:32:33.272,0.82732,0.82744,1.43,1.50
2012.09.10 19:32:33.490,0.82728,0.82743,1.50,2.18
2012.09.10 19:32:35.415,0.8273,0.82742,1.13,1.50
2012.09.10 19:32:35.762,0.82727,0.82736,4.50,2.18
2012.09.10 19:32:36.866,0.82727,0.82738,4.32,1.50
2012.09.10 19:32:38.352,0.82728,0.82738,1.32,1.50
2012.09.10 19:32:38.431,0.82721,0.82733,1.32,1.50
2012.09.10 19:32:38.629,0.82716,0.82733,2.07,1.88
2012.09.10 19:32:40.932,0.82717,0.82729,5.82,1.50
2012.09.10 19:32:41.268,0.82717,0.82729,5.82,1.50
2012.09.10 19:32:42.692,0.82717,0.82729,5.44,1.50
2012.09.10 19:32:43.079,0.82717,0.82729,1.13,1.50
2012.09.10 19:32:44.039,0.82715,0.82729,1.69,2.25
2012.09.10 19:32:44.598,0.82717,0.82729,1.32,2.25
2012.09.10 19:32:44.739,0.82717,0.8273,1.32,1.50
2012.09.10 19:32:45.079,0.82717,0.82728,2.07,1.50
2012.09.10 19:32:48.088,0.82715,0.82733,1.69,1.50
2012.09.10 19:32:48.158,0.82715,0.82732,1.32,1.13
2012.09.10 19:32:48.597,0.82715,0.82732,1.13,1.13
2012.09.10 19:32:50.031,0.82715,0.82731,1.50,1.50
2012.09.10 19:32:51.549,0.82716,0.82732,1.50,1.50
2012.09.10 19:32:54.726,0.82715,0.82733,1.50,1.50
2012.09.10 19:32:55.218,0.82714,0.82732,1.13,1.50
2012.09.10 19:32:57.598,0.82714,0.8273,1.13,1.50
2012.09.10 19:32:58.809,0.82714,0.8273,1.13,1.50
2012.09.10 19:33:00.887,0.82714,0.8273,1.13,1.50
2012.09.10 19:33:03.270,0.82711,0.82725,5.07,1.13
2012.09.10 19:33:03.788,0.82711,0.82725,5.07,1.13
2012.09.10 19:33:04.490,0.82708,0.82726,1.32,1.50
2012.09.10 19:33:05.822,0.82708,0.82726,1.13,1.50
2012.09.10 19:33:08.169,0.82709,0.82727,1.13,2.63
2012.09.10 19:33:08.299,0.82709,0.82726,1.88,1.13
2012.09.10 19:33:08.371,0.82709,0.82726,1.13,1.13
2012.09.10 19:33:08.508,0.82709,0.82724,1.13,1.50
2012.09.10 19:33:09.058,0.82709,0.82724,1.13,1.88
2012.09.10 19:33:12.208,0.82706,0.82722,2.25,1.50
2012.09.10 19:33:12.398,0.82706,0.82722,1.50,1.50
2012.09.10 19:33:12.540,0.82704,0.82718,1.13,1.50
2012.09.10 19:33:12.612,0.82702,0.82717,1.13,1.50
2012.09.10 19:33:12.689,0.827,0.82717,1.69,1.50
2012.09.10 19:33:14.678,0.827,0.82718,1.13,3.00
2012.09.10 19:33:14.870,0.827,0.82718,1.88,2.25
2012.09.10 19:33:15.212,0.827,0.82718,1.13,2.25
2012.09.10 19:33:15.348,0.827,0.82718,1.88,1.50
2012.09.10 19:33:15.767,0.827,0.82718,1.13,2.25
2012.09.10 19:33:16.009,0.827,0.82718,1.88,1.50
2012.09.10 19:33:16.388,0.827,0.82718,1.88,1.50
2012.09.10 19:33:16.771,0.827,0.82718,1.88,2.25
2012.09.10 19:33:17.443,0.827,0.82718,1.88,1.50
2012.09.10 19:33:18.872,0.827,0.82716,1.13,1.50
2012.09.10 19:33:19.378,0.827,0.82714,1.50,1.50
2012.09.10 19:33:20.284,0.827,0.82716,2.25,2.18
2012.09.10 19:33:21.383,0.827,0.82714,1.50,1.50
2012.09.10 19:33:21.994,0.827,0.82713,1.13,2.93
2012.09.10 19:33:22.328,0.82698,0.82708,1.32,1.50
2012.09.10 19:33:23.738,0.82693,0.82708,1.50,1.50
2012.09.10 19:33:24.920,0.82693,0.82708,1.50,1.50
2012.09.10 19:33:25.678,0.82693,0.82708,1.50,1.50
2012.09.10 19:33:25.752,0.82695,0.82711,1.13,1.50
2012.09.10 19:33:25.954,0.82693,0.82709,1.50,1.50
2012.09.10 19:33:26.517,0.82692,0.82709,1.50,1.50
2012.09.10 19:33:27.164,0.82692,0.82709,1.50,1.50
2012.09.10 19:33:27.417,0.82693,0.8271,1.13,1.50
2012.09.10 19:33:28.232,0.82693,0.8271,1.13,1.50
2012.09.10 19:33:36.022,0.82694,0.8271,1.13,1.50
2012.09.10 19:33:38.338,0.82694,0.8271,1.13,1.50
2012.09.10 19:33:39.082,0.82693,0.82709,1.13,1.50
2012.09.10 19:33:39.532,0.82693,0.82709,1.13,1.50
2012.09.10 19:33:42.591,0.82693,0.82709,1.13,1.50
2012.09.10 19:33:42.922,0.82694,0.8271,1.50,1.50
2012.09.10 19:33:47.877,0.82693,0.8271,1.50,1.50
2012.09.10 19:33:55.899,0.82691,0.82703,2.25,1.32
2012.09.10 19:33:55.969,0.82688,0.82703,1.13,1.32
2012.09.10 19:33:56.039,0.82688,0.82702,1.13,1.50
2012.09.10 19:33:56.369,0.82694,0.82703,1.13,1.32
2012.09.10 19:33:57.764,0.82694,0.82703,1.13,1.32
2012.09.10 19:33:58.140,0.82685,0.82704,2.25,1.88
2012.09.10 19:34:02.148,0.82685,0.82704,2.25,2.63
2012.09.10 19:34:02.280,0.82685,0.82703,2.25,1.50
2012.09.10 19:34:03.083,0.82685,0.82702,1.50,1.50
2012.09.10 19:34:03.570,0.82685,0.82703,1.50,1.50
2012.09.10 19:34:05.471,0.82685,0.82703,1.50,1.50
2012.09.10 19:34:05.551,0.82685,0.82703,1.50,1.50
2012.09.10 19:34:05.728,0.82688,0.82704,4.50,1.88
2012.09.10 19:34:05.859,0.82686,0.82705,1.32,2.63
2012.09.10 19:34:06.412,0.82687,0.82707,1.13,1.88
2012.09.10 19:34:08.590,0.82685,0.82698,1.50,1.13
2012.09.10 19:34:09.240,0.82682,0.82698,2.25,1.13
2012.09.10 19:34:09.959,0.82682,0.827,2.63,1.13
2012.09.10 19:34:10.443,0.82682,0.827,2.63,1.13
2012.09.10 19:34:11.598,0.82683,0.827,1.50,1.13
2012.09.10 19:34:22.513,0.82683,0.82701,2.25,1.69
2012.09.10 19:34:22.651,0.82684,0.82702,1.50,2.25
2012.09.10 19:34:22.791,0.82694,0.82705,1.50,1.32
2012.09.10 19:34:23.328,0.82694,0.8271,2.25,3.33
2012.09.10 19:34:24.581,0.82695,0.8271,1.13,1.32
2012.09.10 19:34:26.460,0.82695,0.82713,2.82,1.88
2012.09.10 19:34:33.683,0.82695,0.82713,2.25,2.44
2012.09.10 19:34:34.008,0.82694,0.8271,1.50,1.13
2012.09.10 19:34:40.638,0.82695,0.82713,1.50,1.69
2012.09.10 19:34:42.879,0.82696,0.82713,1.50,1.69
2012.09.10 19:34:42.949,0.82697,0.82714,1.13,1.32
2012.09.10 19:34:43.530,0.82697,0.82715,1.13,1.69
2012.09.10 19:34:44.762,0.82697,0.82715,1.13,1.69
2012.09.10 19:34:46.428,0.82697,0.82714,1.13,1.50
2012.09.10 19:34:47.571,0.82695,0.82713,1.69,2.25
2012.09.10 19:34:47.708,0.82695,0.82712,1.32,1.50
2012.09.10 19:34:48.040,0.82695,0.8271,1.32,1.50
2012.09.10 19:34:48.429,0.82695,0.82709,1.32,1.13
2012.09.10 19:34:50.165,0.82692,0.82705,1.32,4.50
2012.09.10 19:34:50.763,0.82687,0.82703,1.50,1.13
2012.09.10 19:34:52.033,0.82692,0.82705,1.50,1.69
2012.09.10 19:34:52.564,0.82692,0.82708,1.50,1.32
2012.09.10 19:34:53.689,0.82691,0.82704,1.13,1.32
2012.09.10 19:34:54.306,0.82686,0.82703,2.25,1.13
2012.09.10 19:34:56.990,0.82689,0.82708,2.07,3.30
2012.09.10 19:34:58.489,0.82689,0.82708,1.32,1.88
2012.09.10 19:35:00.089,0.82689,0.82708,2.07,1.88
2012.09.10 19:35:00.427,0.82688,0.82706,3.57,1.50
2012.09.10 19:35:02.592,0.82688,0.82703,2.82,4.50
2012.09.10 19:35:03.148,0.82685,0.82699,1.50,1.50
2012.09.10 19:35:03.832,0.82685,0.82699,1.50,1.50
2012.09.10 19:35:06.419,0.82685,0.82699,1.50,1.50
2012.09.10 19:35:08.068,0.82683,0.82699,1.50,1.50
2012.09.10 19:35:10.797,0.82682,0.82699,1.88,1.50
2012.09.10 19:35:13.703,0.82682,0.82699,1.88,1.50
2012.09.10 19:35:13.897,0.82683,0.82699,1.50,1.50
2012.09.10 19:35:14.469,0.82683,0.82699,1.50,1.50
2012.09.10 19:35:15.019,0.82682,0.82699,1.13,1.50
2012.09.10 19:35:19.390,0.82683,0.82699,1.50,1.50
2012.09.10 19:35:19.709,0.82688,0.82703,1.13,1.50
2012.09.10 19:35:28.580,0.8269,0.82704,1.50,2.18
2012.09.10 19:35:37.196,0.82691,0.82703,1.13,2.18
2012.09.10 19:35:40.329,0.82691,0.82706,1.13,2.93
2012.09.10 19:35:40.839,0.82693,0.82708,1.50,2.18
2012.09.10 19:35:41.600,0.82693,0.82705,1.50,2.18
2012.09.10 19:35:48.138,0.82695,0.82707,4.50,1.50
2012.09.10 19:35:48.313,0.82698,0.82707,1.13,1.50
2012.09.10 19:35:54.447,0.82694,0.82709,1.69,2.18
2012.09.10 19:35:54.519,0.82694,0.82709,1.13,2.93
2012.09.10 19:35:56.200,0.82692,0.82707,1.50,2.18
2012.09.10 19:35:57.260,0.82693,0.82708,3.49,2.18
2012.09.10 19:35:57.780,0.82696,0.82708,1.13,2.18
2012.09.10 19:35:59.508,0.82693,0.82708,2.93,2.18
2012.09.10 19:36:01.319,0.82697,0.82707,1.50,2.18
2012.09.10 19:36:02.246,0.82697,0.82707,1.50,1.43
2012.09.10 19:36:02.903,0.82697,0.82709,1.50,2.18
2012.09.10 19:36:06.757,0.82699,0.82711,1.13,2.18
2012.09.10 19:36:14.379,0.82699,0.82714,1.13,2.18
2012.09.10 19:36:20.928,0.82698,0.82714,3.49,2.93
2012.09.10 19:36:26.928,0.82699,0.82714,1.13,2.18
2012.09.10 19:36:31.869,0.82701,0.82715,1.13,2.18
2012.09.10 19:36:34.850,0.827,0.82715,1.50,2.18
2012.09.10 19:36:39.699,0.82698,0.82714,2.07,1.50
2012.09.10 19:36:40.789,0.82698,0.82712,1.50,2.18
2012.09.10 19:36:46.717,0.82699,0.82713,1.13,1.50
2012.09.10 19:36:47.523,0.827,0.82715,1.13,1.50
2012.09.10 19:36:53.358,0.82703,0.82716,1.13,2.93
2012.09.10 19:36:53.430,0.82703,0.82716,1.13,2.93
2012.09.10 19:36:53.499,0.82703,0.82717,1.13,1.13
2012.09.10 19:36:54.019,0.82702,0.82716,1.50,2.93
2012.09.10 19:36:59.108,0.82701,0.82716,1.13,2.93
2012.09.10 19:37:01.022,0.82702,0.82717,1.88,2.93
2012.09.10 19:37:03.222,0.82702,0.82717,1.13,2.93
2012.09.10 19:37:11.519,0.82699,0.82715,3.49,1.50
2012.09.10 19:37:12.388,0.82699,0.82715,3.49,1.50
2012.09.10 19:37:12.797,0.82699,0.82715,3.12,1.50
2012.09.10 19:37:13.409,0.82699,0.82712,1.69,2.18
2012.09.10 19:37:14.029,0.82696,0.82707,5.25,2.18
2012.09.10 19:37:14.769,0.82694,0.82707,1.13,2.93
2012.09.10 19:37:16.419,0.82694,0.82707,1.13,2.93
2012.09.10 19:37:20.567,0.82694,0.82707,1.13,2.93
2012.09.10 19:37:20.641,0.82695,0.82708,1.13,1.50
2012.09.10 19:37:25.075,0.82695,0.8271,1.50,2.18
2012.09.10 19:37:27.390,0.82694,0.8271,1.50,2.18
2012.09.10 19:37:29.428,0.82694,0.8271,1.50,2.18
2012.09.10 19:37:30.930,0.82694,0.8271,1.50,2.18
2012.09.10 19:37:33.266,0.82696,0.82709,1.50,1.43
2012.09.10 19:37:34.092,0.82696,0.82709,1.50,2.18
2012.09.10 19:37:34.451,0.82694,0.82704,2.07,1.43
2012.09.10 19:37:34.729,0.82692,0.82702,1.50,2.18
2012.09.10 19:37:35.861,0.82687,0.82702,3.49,2.18
2012.09.10 19:37:36.212,0.82689,0.82702,1.50,2.18
2012.09.10 19:37:38.263,0.82691,0.82706,1.13,2.93
2012.09.10 19:37:38.572,0.82691,0.82706,1.13,2.93
2012.09.10 19:37:39.102,0.82691,0.82706,1.13,2.93
2012.09.10 19:37:39.169,0.82691,0.82706,1.13,2.93
2012.09.10 19:37:43.659,0.8269,0.82706,3.30,2.93
2012.09.10 19:37:43.878,0.8269,0.82706,3.30,2.93
2012.09.10 19:37:44.821,0.8269,0.82706,3.30,2.93
2012.09.10 19:37:44.887,0.8269,0.82706,3.30,2.93
2012.09.10 19:38:02.030,0.8269,0.82708,3.68,3.68
2012.09.10 19:38:02.101,0.8269,0.82708,3.68,2.93
2012.09.10 19:38:02.485,0.8269,0.82708,3.30,3.68
2012.09.10 19:38:04.260,0.8269,0.82708,3.30,2.93
2012.09.10 19:38:04.329,0.8269,0.82708,2.93,2.93
2012.09.10 19:38:05.292,0.8269,0.82708,3.30,2.93
2012.09.10 19:38:06.209,0.82695,0.82708,1.13,1.50
2012.09.10 19:38:06.530,0.82696,0.82709,1.13,2.18
2012.09.10 19:38:07.263,0.82696,0.82709,1.13,1.43
2012.09.10 19:38:07.589,0.82691,0.82702,1.50,1.43
2012.09.10 19:38:07.662,0.82692,0.82702,1.13,1.43
2012.09.10 19:38:07.733,0.82691,0.82707,1.43,5.07
2012.09.10 19:38:07.810,0.82691,0.82707,1.43,5.07
2012.09.10 19:38:08.188,0.82691,0.82708,1.43,1.43
2012.09.10 19:38:09.492,0.82691,0.82708,2.10,1.43
2012.09.10 19:38:10.911,0.82694,0.82708,1.69,1.43
2012.09.10 19:38:15.658,0.82694,0.82708,1.50,1.43
2012.09.10 19:38:16.278,0.82695,0.82709,1.13,1.43
2012.09.10 19:38:16.807,0.82696,0.82711,1.13,2.18
2012.09.10 19:38:17.150,0.82698,0.82711,1.13,1.43
2012.09.10 19:38:18.851,0.82697,0.82711,1.35,1.43
2012.09.10 19:38:22.338,0.82697,0.82711,4.88,2.18
2012.09.10 19:38:22.589,0.82698,0.82714,1.99,2.93
2012.09.10 19:38:24.929,0.82698,0.82714,2.37,1.43
2012.09.10 19:38:25.681,0.82698,0.82714,1.62,1.43
2012.09.10 19:38:25.752,0.82698,0.82714,1.32,1.43
2012.09.10 19:38:25.889,0.82701,0.82717,3.30,1.43
2012.09.10 19:38:30.860,0.82701,0.82717,1.80,2.18
2012.09.10 19:38:30.932,0.827,0.82715,1.88,2.18
2012.09.10 19:38:40.247,0.82699,0.82715,1.13,2.18
2012.09.10 19:38:41.264,0.82699,0.82715,1.13,1.43
2012.09.10 19:38:44.400,0.82699,0.82713,1.13,1.50
2012.09.10 19:38:44.738,0.82695,0.82707,1.69,1.43
2012.09.10 19:38:44.929,0.82695,0.82704,1.32,1.43
2012.09.10 19:38:45.339,0.82695,0.82708,1.32,1.43
2012.09.10 19:38:46.530,0.82693,0.82708,1.88,1.43
2012.09.10 19:38:48.112,0.82694,0.82708,1.13,1.43
2012.09.10 19:38:50.098,0.82693,0.82708,1.13,1.43
2012.09.10 19:39:06.571,0.82694,0.82708,1.88,1.43
2012.09.10 19:39:07.439,0.82694,0.82708,1.13,1.43
2012.09.10 19:39:07.988,0.82694,0.82708,1.88,1.43
2012.09.10 19:39:10.760,0.82694,0.82708,1.13,1.43
2012.09.10 19:39:15.427,0.82693,0.82708,1.69,1.43
2012.09.10 19:39:20.291,0.82692,0.82708,2.74,1.80
2012.09.10 19:39:20.361,0.82692,0.82703,1.43,1.43
2012.09.10 19:39:20.430,0.82688,0.82702,1.50,1.43
2012.09.10 19:39:20.851,0.82689,0.82702,1.13,1.43
2012.09.10 19:39:20.923,0.82689,0.82705,1.50,2.18
2012.09.10 19:39:30.661,0.82691,0.82705,1.88,1.43
2012.09.10 19:39:31.169,0.82691,0.82706,2.55,1.43
2012.09.10 19:39:31.240,0.82691,0.82704,1.13,1.43
2012.09.10 19:39:33.179,0.82688,0.82702,1.88,1.43
2012.09.10 19:39:33.250,0.82688,0.82702,1.88,1.43
2012.09.10 19:39:34.163,0.82689,0.82704,1.43,2.18
2012.09.10 19:39:38.727,0.82689,0.82704,2.18,1.43
2012.09.10 19:39:44.347,0.82692,0.82707,1.43,1.43
2012.09.10 19:39:44.970,0.8269,0.82706,1.32,1.43
2012.09.10 19:39:45.270,0.82691,0.82708,2.18,2.55
2012.09.10 19:39:45.469,0.82691,0.82708,2.55,2.18
2012.09.10 19:39:46.148,0.82692,0.82708,1.50,1.43
2012.09.10 19:39:49.890,0.82693,0.8271,1.80,2.07
2012.09.10 19:39:54.898,0.82694,0.8271,1.13,1.32
2012.09.10 19:40:07.328,0.82694,0.82711,2.07,2.18
2012.09.10 19:40:09.891,0.82694,0.82711,2.82,1.43
2012.09.10 19:40:20.112,0.82697,0.82715,2.93,3.12
2012.09.10 19:40:20.239,0.82697,0.82715,2.93,3.12
2012.09.10 19:40:21.889,0.82697,0.82715,2.93,3.12
2012.09.10 19:40:25.377,0.82697,0.82715,2.18,3.12
2012.09.10 19:40:40.150,0.82696,0.82712,3.30,1.43
2012.09.10 19:40:54.019,0.82696,0.82712,3.30,1.43
2012.09.10 19:40:56.152,0.82695,0.8271,1.69,1.43
2012.09.10 19:40:59.069,0.82693,0.8271,1.32,2.55
2012.09.10 19:40:59.141,0.82692,0.82709,2.55,1.50
2012.09.10 19:40:59.271,0.82692,0.82707,1.43,1.80
2012.09.10 19:40:59.410,0.82689,0.82704,1.50,1.43
2012.09.10 19:40:59.540,0.82687,0.82704,2.18,1.80
2012.09.10 19:41:01.510,0.82687,0.82704,2.93,1.80
2012.09.10 19:41:05.434,0.82687,0.82704,1.43,3.90
2012.09.10 19:41:05.584,0.82683,0.82699,2.18,1.43
2012.09.10 19:41:06.188,0.82683,0.82699,1.43,1.43
2012.09.10 19:41:08.812,0.82683,0.82699,2.18,1.43
2012.09.10 19:41:09.308,0.82686,0.82702,2.18,1.80
2012.09.10 19:41:09.878,0.82682,0.827,2.18,1.43
2012.09.10 19:41:11.701,0.82682,0.827,2.93,2.18
2012.09.10 19:41:12.278,0.82686,0.82701,2.18,1.80
2012.09.10 19:41:18.791,0.82684,0.827,1.50,2.18
2012.09.10 19:41:21.768,0.82684,0.827,1.50,1.43
2012.09.10 19:41:22.790,0.82684,0.827,1.50,2.37
2012.09.10 19:41:22.859,0.82682,0.827,6.68,2.37
2012.09.10 19:41:23.411,0.82682,0.82696,4.50,1.43
2012.09.10 19:41:26.048,0.8268,0.82696,1.43,2.18
2012.09.10 19:41:42.927,0.82679,0.82694,1.43,1.43
2012.09.10 19:41:43.981,0.82679,0.82694,2.93,1.43
2012.09.10 19:41:44.300,0.82684,0.82696,1.43,1.43
2012.09.10 19:41:44.371,0.82684,0.82699,1.43,1.13
2012.09.10 19:41:44.918,0.82684,0.827,1.43,2.55
2012.09.10 19:41:45.435,0.82684,0.827,2.18,2.55
2012.09.10 19:41:48.238,0.82684,0.827,2.18,2.55
2012.09.10 19:41:53.994,0.82684,0.827,2.18,2.55
2012.09.10 19:41:59.565,0.82684,0.827,2.18,1.80
2012.09.10 19:42:03.093,0.82684,0.827,2.18,1.80
2012.09.10 19:42:04.449,0.82682,0.827,3.30,1.80
2012.09.10 19:42:04.858,0.82683,0.827,1.50,1.80
2012.09.10 19:42:11.886,0.82682,0.827,3.30,1.80
2012.09.10 19:42:12.449,0.82682,0.827,3.30,2.55
2012.09.10 19:42:12.953,0.82681,0.82696,2.18,1.43
2012.09.10 19:42:29.505,0.82682,0.82696,1.88,1.43
2012.09.10 19:42:30.330,0.82682,0.82696,1.88,1.43
2012.09.10 19:42:31.008,0.82682,0.827,3.30,3.30
2012.09.10 19:42:33.381,0.82682,0.82696,1.43,2.18
2012.09.10 19:42:33.700,0.8268,0.82694,1.50,1.43
2012.09.10 19:42:35.954,0.82678,0.82694,2.18,2.18
2012.09.10 19:42:36.271,0.8268,0.82694,1.50,2.18
2012.09.10 19:42:36.690,0.82679,0.82694,1.13,1.43
2012.09.10 19:42:37.690,0.82678,0.82693,2.18,1.43
2012.09.10 19:42:38.219,0.82679,0.82692,1.50,1.43
2012.09.10 19:42:39.420,0.82679,0.82693,1.13,1.43
2012.09.10 19:42:39.489,0.8268,0.82695,1.13,2.18
2012.09.10 19:42:39.691,0.82681,0.82697,1.43,2.18
2012.09.10 19:42:45.790,0.82681,0.82697,2.18,1.43
2012.09.10 19:42:59.738,0.82682,0.82696,1.88,1.43
2012.09.10 19:43:02.862,0.82682,0.82696,1.88,1.43
2012.09.10 19:43:02.947,0.82683,0.82699,2.55,1.43
2012.09.10 19:43:03.221,0.82683,0.82698,2.55,2.18
2012.09.10 19:43:04.157,0.82683,0.82696,1.13,1.43
2012.09.10 19:43:07.619,0.82684,0.82696,1.13,1.43
2012.09.10 19:43:07.690,0.82684,0.82698,1.13,1.43
2012.09.10 19:43:07.970,0.82684,0.827,1.13,2.18
2012.09.10 19:43:11.151,0.82687,0.82699,2.25,1.43
2012.09.10 19:43:11.461,0.82687,0.82702,1.88,1.43
2012.09.10 19:43:14.642,0.82687,0.82702,1.13,1.43
2012.09.10 19:43:18.130,0.82688,0.82706,2.93,2.55
2012.09.10 19:43:18.673,0.82688,0.82706,2.93,1.80
2012.09.10 19:43:21.620,0.82691,0.82706,1.50,1.43
2012.09.10 19:43:29.391,0.82692,0.82708,2.18,1.43
2012.09.10 19:43:29.579,0.82693,0.8271,1.50,2.93
2012.09.10 19:43:30.413,0.82692,0.82708,2.93,1.50
2012.09.10 19:43:30.483,0.82692,0.82708,2.93,1.50
2012.09.10 19:43:30.561,0.82692,0.82707,1.50,2.18
2012.09.10 19:43:31.002,0.82692,0.82707,1.50,2.18
2012.09.10 19:43:36.048,0.82692,0.8271,3.30,2.93
2012.09.10 19:43:36.443,0.82692,0.8271,3.30,2.93
2012.09.10 19:43:38.012,0.82692,0.82706,1.88,1.43
2012.09.10 19:43:38.199,0.82694,0.82709,1.13,1.43
2012.09.10 19:43:38.961,0.82694,0.8271,1.13,2.18
2012.09.10 19:43:42.601,0.82694,0.8271,1.13,2.18
2012.09.10 19:43:42.729,0.82693,0.8271,1.13,2.18
2012.09.10 19:43:42.860,0.82691,0.82706,1.32,1.43
2012.09.10 19:43:43.389,0.82691,0.82706,1.32,1.80
2012.09.10 19:43:44.081,0.82689,0.82706,1.13,2.18
2012.09.10 19:43:45.279,0.82689,0.82706,5.44,2.18
2012.09.10 19:43:48.721,0.8269,0.82706,1.13,1.43
2012.09.10 19:44:02.209,0.82692,0.82706,2.25,1.43
2012.09.10 19:44:02.471,0.82692,0.82708,3.38,2.93
2012.09.10 19:44:03.661,0.82692,0.82708,3.19,2.18
2012.09.10 19:44:04.250,0.82695,0.82708,1.32,2.18
2012.09.10 19:44:04.920,0.82695,0.82705,1.32,1.43
2012.09.10 19:44:10.392,0.82695,0.82705,1.32,2.18
2012.09.10 19:44:10.660,0.82692,0.82705,1.13,2.18
2012.09.10 19:44:10.732,0.82689,0.82705,2.74,2.18
2012.09.10 19:44:11.172,0.82689,0.82699,1.32,1.43
2012.09.10 19:44:13.360,0.82689,0.82704,1.32,2.18
2012.09.10 19:44:13.890,0.82689,0.82704,1.32,2.18
2012.09.10 19:44:15.961,0.82689,0.82704,1.32,2.18
2012.09.10 19:44:16.948,0.82689,0.82704,1.32,1.43
2012.09.10 19:44:18.771,0.8269,0.82705,2.93,2.18
2012.09.10 19:44:19.280,0.8269,0.82706,2.18,1.43
2012.09.10 19:44:28.994,0.8269,0.82706,2.55,2.93
2012.09.10 19:44:30.354,0.82687,0.82704,4.92,1.43
2012.09.10 19:44:30.424,0.82687,0.82704,1.88,1.43
2012.09.10 19:44:30.973,0.82687,0.82704,1.88,2.18
2012.09.10 19:44:39.828,0.82689,0.82704,1.13,1.43
2012.09.10 19:44:40.203,0.8269,0.82706,2.18,1.43
2012.09.10 19:44:40.545,0.82691,0.82706,1.50,2.18
2012.09.10 19:44:43.076,0.8269,0.82706,2.18,2.18
2012.09.10 19:44:44.626,0.8269,0.82706,2.18,2.18
2012.09.10 19:44:45.621,0.8269,0.82706,2.18,2.18
2012.09.10 19:44:49.793,0.82688,0.82703,7.24,1.43
2012.09.10 19:44:51.814,0.82689,0.82703,1.32,2.18
2012.09.10 19:44:55.737,0.82689,0.82706,2.18,1.50
2012.09.10 19:44:56.206,0.8269,0.82706,1.50,1.50
2012.09.10 19:44:59.553,0.8269,0.82707,1.50,2.18
2012.09.10 19:45:00.295,0.8269,0.82705,1.50,1.50
2012.09.10 19:45:00.873,0.82691,0.82707,1.13,2.93
2012.09.10 19:45:02.404,0.82691,0.82707,1.13,2.93
2012.09.10 19:45:04.095,0.82691,0.82707,1.13,2.18
2012.09.10 19:45:05.735,0.82692,0.82707,1.13,1.43
2012.09.10 19:45:06.856,0.82694,0.82707,1.50,1.43
2012.09.10 19:45:06.998,0.82697,0.82711,2.48,2.18
2012.09.10 19:45:07.065,0.82697,0.82711,2.48,2.18
2012.09.10 19:45:07.265,0.82703,0.82713,2.18,1.43
2012.09.10 19:45:07.334,0.82703,0.82718,2.18,1.43
2012.09.10 19:45:11.843,0.82707,0.8272,1.43,1.43
2012.09.10 19:45:11.973,0.82707,0.82722,1.43,1.43
2012.09.10 19:45:12.375,0.82704,0.82719,3.60,1.43
2012.09.10 19:45:14.973,0.82705,0.82719,1.50,1.43
2012.09.10 19:45:15.683,0.82705,0.82719,1.13,2.18
2012.09.10 19:45:16.373,0.82705,0.82719,1.13,2.18
2012.09.10 19:45:16.970,0.82704,0.82715,1.13,1.43
2012.09.10 19:45:17.052,0.82702,0.82715,1.50,1.43
2012.09.10 19:45:17.125,0.82702,0.82715,1.13,1.43
2012.09.10 19:45:17.465,0.82702,0.82717,3.30,1.43
2012.09.10 19:45:17.654,0.82702,0.82715,1.88,1.43
2012.09.10 19:45:19.504,0.82702,0.82715,1.50,1.43
2012.09.10 19:45:19.965,0.82701,0.82715,1.13,2.18
2012.09.10 19:45:20.294,0.82701,0.82715,1.13,2.18
2012.09.10 19:45:20.394,0.827,0.82715,2.07,2.18
2012.09.10 19:45:21.044,0.82701,0.82715,1.13,2.18
2012.09.10 19:45:21.665,0.82701,0.82715,1.13,1.43
2012.09.10 19:45:21.797,0.82701,0.82711,1.13,1.43
2012.09.10 19:45:22.145,0.82699,0.82709,1.13,1.43
2012.09.10 19:45:22.283,0.82697,0.82712,5.07,1.80
2012.09.10 19:45:23.015,0.82696,0.82712,1.88,2.55
2012.09.10 19:45:23.205,0.82696,0.82712,1.88,3.30
2012.09.10 19:45:23.733,0.82696,0.82712,1.13,3.30
2012.09.10 19:45:24.088,0.82696,0.82712,1.13,2.55
2012.09.10 19:45:24.225,0.82696,0.82709,1.13,1.43
2012.09.10 19:45:25.567,0.82696,0.82709,1.13,2.18
2012.09.10 19:45:26.076,0.82696,0.82709,1.13,1.43
2012.09.10 19:45:26.204,0.82696,0.82711,1.13,1.43
2012.09.10 19:45:26.409,0.82697,0.82713,1.80,2.93
2012.09.10 19:45:28.093,0.827,0.82714,1.13,2.18
2012.09.10 19:45:30.753,0.827,0.82714,1.13,1.43
2012.09.10 19:45:30.944,0.82701,0.82717,1.13,2.02
2012.09.10 19:45:31.075,0.82702,0.82718,2.18,1.50
2012.09.10 19:45:31.486,0.827,0.82713,1.69,1.43
2012.09.10 19:45:32.082,0.827,0.82713,1.32,2.18
2012.09.10 19:45:32.288,0.82699,0.82713,1.13,2.18
2012.09.10 19:45:32.368,0.82699,0.82715,1.50,2.18
2012.09.10 19:45:32.695,0.82699,0.82715,1.50,2.93
2012.09.10 19:45:33.125,0.82699,0.82712,1.50,2.18
2012.09.10 19:45:33.454,0.82699,0.82711,1.50,1.50
2012.09.10 19:45:33.780,0.82698,0.82708,1.32,1.50
2012.09.10 19:45:33.997,0.82698,0.8271,1.69,1.50
2012.09.10 19:45:35.673,0.82696,0.82712,2.18,2.93
2012.09.10 19:45:36.245,0.82696,0.8271,2.18,1.50
2012.09.10 19:45:36.785,0.82695,0.82709,2.93,1.50
2012.09.10 19:45:37.104,0.82695,0.82713,4.05,3.87
2012.09.10 19:45:37.895,0.82701,0.82713,1.35,3.49
2012.09.10 19:45:38.234,0.82707,0.82722,2.55,2.07
2012.09.10 19:45:39.087,0.82707,0.82722,1.50,3.12
2012.09.10 19:45:39.315,0.82706,0.82722,1.50,3.12
2012.09.10 19:45:39.503,0.82705,0.8272,2.93,1.32
2012.09.10 19:45:40.255,0.82705,0.82722,2.93,2.55
2012.09.10 19:45:40.867,0.82705,0.8272,2.18,1.50
2012.09.10 19:45:42.098,0.82705,0.8272,1.43,1.50
2012.09.10 19:45:44.875,0.82703,0.82719,2.55,2.18
2012.09.10 19:45:46.062,0.82703,0.82719,2.55,1.43
2012.09.10 19:45:46.195,0.82704,0.82719,1.13,1.43
2012.09.10 19:45:48.264,0.82706,0.82719,1.13,1.43
2012.09.10 19:45:49.204,0.82704,0.82719,1.13,1.43
2012.09.10 19:45:50.712,0.82705,0.82719,1.13,1.43
2012.09.10 19:45:50.784,0.82705,0.82722,3.30,2.18
2012.09.10 19:45:54.353,0.82706,0.82722,1.50,2.18
2012.09.10 19:45:56.086,0.82705,0.82722,1.80,2.18
2012.09.10 19:45:56.813,0.82705,0.8272,1.43,1.43
2012.09.10 19:45:57.152,0.82704,0.82718,1.50,1.43
2012.09.10 19:46:07.322,0.82703,0.82718,2.07,1.43
2012.09.10 19:46:10.066,0.82705,0.82718,1.88,1.43
2012.09.10 19:46:11.516,0.82705,0.8272,2.55,1.43
2012.09.10 19:46:14.484,0.82706,0.8272,1.13,1.43
2012.09.10 19:46:16.043,0.82705,0.8272,3.30,1.43
2012.09.10 19:46:17.393,0.82705,0.82719,1.88,1.43
2012.09.10 19:46:19.773,0.82706,0.82719,1.13,1.43
2012.09.10 19:46:19.848,0.82709,0.82722,2.25,2.18
2012.09.10 19:46:19.924,0.82711,0.82724,1.50,2.18
2012.09.10 19:46:21.753,0.82712,0.82728,2.93,1.43
2012.09.10 19:46:25.328,0.82712,0.82728,1.43,1.43
2012.09.10 19:46:27.343,0.8271,0.82724,1.69,1.43
2012.09.10 19:46:27.814,0.82706,0.8272,3.68,1.43
2012.09.10 19:46:29.287,0.82706,0.8272,5.63,1.43
2012.09.10 19:46:32.267,0.82706,0.8272,1.69,1.43
2012.09.10 19:46:33.527,0.82706,0.8272,1.13,1.43
2012.09.10 19:46:44.236,0.82706,0.82721,1.69,1.43
2012.09.10 19:46:44.824,0.82706,0.82721,1.69,2.18
2012.09.10 19:46:47.007,0.82705,0.82721,1.13,1.43
2012.09.10 19:46:50.333,0.82707,0.82723,2.18,4.43
2012.09.10 19:46:52.012,0.82707,0.82723,2.93,3.52
2012.09.10 19:46:52.533,0.82707,0.82722,2.18,1.35
2012.09.10 19:46:53.409,0.82707,0.82722,2.18,1.35
2012.09.10 19:46:54.073,0.82707,0.82722,2.18,1.35
2012.09.10 19:46:54.672,0.82707,0.82722,2.93,1.35
2012.09.10 19:46:55.343,0.82707,0.82722,2.18,1.35
2012.09.10 19:46:59.832,0.82707,0.82723,2.93,3.52
2012.09.10 19:47:00.943,0.82707,0.82723,2.93,3.52
2012.09.10 19:47:01.325,0.82708,0.82723,1.88,2.77
2012.09.10 19:47:01.644,0.82711,0.82726,2.18,6.41
2012.09.10 19:47:11.742,0.82711,0.82725,2.18,1.50
2012.09.10 19:47:19.175,0.82711,0.82726,2.93,1.32
2012.09.10 19:47:21.303,0.82711,0.82727,2.18,2.93
2012.09.10 19:47:31.644,0.82711,0.82725,1.50,2.18
2012.09.10 19:47:31.872,0.8271,0.82725,1.88,2.18
2012.09.10 19:47:34.964,0.8271,0.82725,1.88,2.18
2012.09.10 19:47:40.464,0.82709,0.82725,3.87,2.18
2012.09.10 19:47:42.453,0.82709,0.82725,3.30,1.43
2012.09.10 19:47:49.363,0.82709,0.82725,3.30,2.18
2012.09.10 19:47:52.659,0.82709,0.82725,2.93,1.43
2012.09.10 19:47:53.878,0.82709,0.82725,2.93,2.18
2012.09.10 19:47:57.588,0.82709,0.82725,2.93,1.43
2012.09.10 19:47:59.232,0.82709,0.82725,2.93,1.43
2012.09.10 19:48:02.871,0.82709,0.82725,2.18,1.43
2012.09.10 19:48:02.943,0.82709,0.82725,2.18,2.18
2012.09.10 19:48:07.833,0.82709,0.82725,2.18,1.43
2012.09.10 19:48:11.873,0.82709,0.82725,2.18,1.80
2012.09.10 19:48:13.745,0.82709,0.82725,2.74,1.80
2012.09.10 19:48:15.755,0.82709,0.82725,3.12,2.18
2012.09.10 19:48:16.925,0.82708,0.82723,1.13,1.43
2012.09.10 19:48:22.656,0.82707,0.82723,1.69,1.43
2012.09.10 19:48:23.762,0.82707,0.82723,1.69,1.43
2012.09.10 19:48:24.343,0.82706,0.82723,1.32,1.80
2012.09.10 19:48:27.495,0.82705,0.82722,2.18,1.13
2012.09.10 19:48:27.803,0.82703,0.82719,4.17,1.43
2012.09.10 19:48:37.213,0.82703,0.82719,1.43,2.93
2012.09.10 19:48:40.235,0.82704,0.82719,1.13,2.18
2012.09.10 19:48:43.195,0.82703,0.82719,2.18,2.18
2012.09.10 19:48:43.704,0.82703,0.82719,1.43,2.93
2012.09.10 19:48:45.084,0.82704,0.82719,4.50,2.18
2012.09.10 19:48:46.425,0.82703,0.82719,5.93,2.18
2012.09.10 19:48:47.626,0.82703,0.82718,4.50,1.43
2012.09.10 19:48:48.164,0.82705,0.82719,1.32,1.50
2012.09.10 19:48:52.113,0.82704,0.82721,1.13,2.93
2012.09.10 19:48:52.424,0.82703,0.8272,6.49,1.88
2012.09.10 19:48:52.495,0.82703,0.82719,6.49,1.50
2012.09.10 19:48:53.654,0.82703,0.82719,1.99,6.75
2012.09.10 19:48:54.168,0.82702,0.82717,1.43,2.18
2012.09.10 19:48:56.036,0.82702,0.82716,1.43,1.50
2012.09.10 19:48:56.244,0.827,0.82715,1.13,2.18
2012.09.10 19:48:57.615,0.827,0.82715,1.13,2.18
2012.09.10 19:48:58.652,0.827,0.82715,1.50,2.18
2012.09.10 19:48:58.795,0.827,0.82715,4.88,2.18
2012.09.10 19:48:58.866,0.82701,0.82715,1.50,1.80
2012.09.10 19:48:59.125,0.827,0.82715,5.93,1.88
2012.09.10 19:48:59.771,0.827,0.82715,5.93,1.13
2012.09.10 19:49:03.963,0.82693,0.82708,2.63,1.43
2012.09.10 19:49:04.277,0.82693,0.82705,2.63,1.43
2012.09.10 19:49:04.356,0.82693,0.82705,1.88,1.43
2012.09.10 19:49:05.473,0.82693,0.82709,1.88,2.18
2012.09.10 19:49:06.144,0.82693,0.82705,1.13,1.43
2012.09.10 19:49:06.414,0.82694,0.82711,1.13,2.18
2012.09.10 19:49:07.650,0.82697,0.82711,1.80,1.50
2012.09.10 19:49:08.836,0.82697,0.8271,1.13,2.18
2012.09.10 19:49:12.464,0.82696,0.8271,1.69,2.18
2012.09.10 19:49:12.775,0.82696,0.82708,1.69,1.50
2012.09.10 19:49:13.884,0.82694,0.82708,2.55,1.50
2012.09.10 19:49:14.634,0.82695,0.82708,1.13,1.50
2012.09.10 19:49:15.016,0.82698,0.82714,2.55,1.50
2012.09.10 19:49:19.806,0.82698,0.82714,1.80,1.50
2012.09.10 19:49:20.663,0.82697,0.82711,1.13,2.18
2012.09.10 19:49:21.785,0.82698,0.82714,1.13,2.18
2012.09.10 19:49:22.355,0.827,0.82715,1.43,2.93
2012.09.10 19:49:23.054,0.827,0.82715,1.43,1.50
2012.09.10 19:49:23.926,0.827,0.82716,2.18,2.93
2012.09.10 19:49:25.342,0.82699,0.82714,1.13,2.18
2012.09.10 19:49:26.853,0.82699,0.82714,1.13,2.18
2012.09.10 19:49:27.397,0.82699,0.82714,1.13,2.93
2012.09.10 19:49:30.948,0.82698,0.82712,1.32,1.88
2012.09.10 19:49:31.687,0.82698,0.8271,1.32,1.13
2012.09.10 19:49:31.824,0.82694,0.82709,1.99,1.50
2012.09.10 19:49:32.144,0.82693,0.82708,2.93,2.18
2012.09.10 19:49:33.065,0.82693,0.82708,2.74,2.18
2012.09.10 19:49:33.134,0.82693,0.82708,2.74,2.18
2012.09.10 19:49:34.611,0.82696,0.82711,1.43,4.35
2012.09.10 19:49:34.748,0.82696,0.82711,1.43,2.93
2012.09.10 19:49:40.015,0.82696,0.82712,1.13,2.93
2012.09.10 19:49:42.064,0.82697,0.82712,1.13,2.18
2012.09.10 19:49:43.595,0.82695,0.82712,2.37,2.93
2012.09.10 19:49:43.736,0.82695,0.82712,1.43,3.52
2012.09.10 19:49:44.179,0.82693,0.82709,3.12,2.18
2012.09.10 19:49:44.682,0.82695,0.82712,1.43,2.93
2012.09.10 19:49:46.386,0.82693,0.8271,1.69,2.18
2012.09.10 19:49:46.817,0.82693,0.8271,5.44,2.18
2012.09.10 19:49:51.155,0.82693,0.8271,1.69,2.18
2012.09.10 19:49:51.918,0.82693,0.8271,1.69,2.18
2012.09.10 19:49:52.483,0.82694,0.8271,1.32,2.18
2012.09.10 19:49:59.117,0.82696,0.82711,1.80,1.50
2012.09.10 19:49:59.254,0.82698,0.82713,1.43,2.10
2012.09.10 19:50:07.986,0.82698,0.82714,1.43,2.93
2012.09.10 19:50:08.178,0.82696,0.8271,1.69,2.18
2012.09.10 19:50:08.324,0.82696,0.8271,1.69,2.18
2012.09.10 19:50:19.933,0.82698,0.82711,1.13,2.18
2012.09.10 19:50:20.005,0.82696,0.82714,3.30,4.05
2012.09.10 19:50:20.074,0.82696,0.82714,3.30,4.05
2012.09.10 19:50:20.145,0.82696,0.82714,2.55,4.05
2012.09.10 19:50:27.982,0.82696,0.8271,1.13,2.18
2012.09.10 19:50:30.324,0.82698,0.8271,1.13,2.18
2012.09.10 19:50:39.232,0.82698,0.82713,1.13,2.18
2012.09.10 19:50:42.785,0.82703,0.82713,1.13,2.18
2012.09.10 19:50:42.857,0.82703,0.82714,1.13,2.10
2012.09.10 19:50:44.625,0.82698,0.82712,1.88,2.18
2012.09.10 19:50:44.695,0.82698,0.82712,1.50,2.18
2012.09.10 19:50:44.764,0.82698,0.82712,1.88,2.18
2012.09.10 19:50:45.274,0.82698,0.82712,1.13,2.18
2012.09.10 19:50:45.835,0.82698,0.82712,1.13,2.18
2012.09.10 19:50:46.375,0.827,0.82712,1.13,2.18
2012.09.10 19:50:49.095,0.82699,0.82715,2.55,2.18
2012.09.10 19:50:50.605,0.82699,0.82715,2.55,2.18
2012.09.10 19:51:01.954,0.82699,0.82714,2.55,1.50
2012.09.10 19:51:14.680,0.82699,0.82714,1.13,2.93
2012.09.10 19:51:17.758,0.82701,0.82716,1.43,1.50
2012.09.10 19:51:30.772,0.82699,0.82715,2.55,2.93
2012.09.10 19:51:38.885,0.82697,0.82715,2.55,2.93
2012.09.10 19:51:40.789,0.82697,0.8271,1.13,2.18
2012.09.10 19:51:42.834,0.82699,0.82709,1.13,1.50
2012.09.10 19:51:42.905,0.82699,0.82714,1.69,1.50
2012.09.10 19:51:44.535,0.82697,0.82713,2.55,2.25
2012.09.10 19:51:45.036,0.82697,0.82713,2.18,1.50
2012.09.10 19:51:46.724,0.82697,0.82713,2.55,1.50
2012.09.10 19:51:59.444,0.82697,0.82708,2.18,1.50
2012.09.10 19:52:16.868,0.82698,0.82713,1.13,2.93
2012.09.10 19:52:17.054,0.827,0.82713,2.55,1.50
2012.09.10 19:52:18.157,0.82701,0.82713,2.18,1.50
2012.09.10 19:52:18.713,0.82701,0.82713,1.32,1.50
2012.09.10 19:52:19.974,0.82699,0.82713,1.99,1.50
2012.09.10 19:52:20.055,0.82699,0.82713,1.43,1.50
2012.09.10 19:52:22.905,0.82702,0.82714,1.43,1.13
2012.09.10 19:52:23.095,0.827,0.82714,1.43,1.88
2012.09.10 19:52:23.613,0.82699,0.82714,2.18,1.88
2012.09.10 19:52:51.255,0.82699,0.82709,1.13,1.50
2012.09.10 19:52:53.306,0.82692,0.82708,1.13,2.18
2012.09.10 19:52:53.706,0.82694,0.82709,1.80,1.50
2012.09.10 19:52:54.155,0.82692,0.82707,2.55,2.18
2012.09.10 19:52:54.933,0.82692,0.82707,1.80,2.93
2012.09.10 19:52:55.456,0.82692,0.82704,1.43,1.50
2012.09.10 19:52:55.645,0.82689,0.82704,3.87,1.50
2012.09.10 19:52:56.457,0.82691,0.82704,2.18,1.50
2012.09.10 19:52:59.485,0.82691,0.82708,2.18,2.18
2012.09.10 19:52:59.613,0.82691,0.82708,2.18,2.18
2012.09.10 19:53:05.213,0.82691,0.82708,2.55,2.77
2012.09.10 19:53:06.804,0.82691,0.82708,2.55,2.18
2012.09.10 19:53:34.708,0.82695,0.82711,1.43,1.88
2012.09.10 19:53:35.214,0.82695,0.82711,1.43,1.88
2012.09.10 19:53:44.948,0.82698,0.82709,1.43,1.50
2012.09.10 19:53:45.015,0.82698,0.82713,1.43,1.13
2012.09.10 19:53:47.536,0.82695,0.82712,2.55,2.18
2012.09.10 19:53:49.434,0.82695,0.82711,1.80,1.50
2012.09.10 19:53:49.505,0.82695,0.82711,1.43,1.88
2012.09.10 19:53:55.303,0.82695,0.82711,2.55,1.50
2012.09.10 19:53:55.565,0.82697,0.82711,1.43,1.50
2012.09.10 19:54:01.694,0.82696,0.82708,2.55,1.50
2012.09.10 19:54:02.284,0.82699,0.82712,1.43,1.50
2012.09.10 19:54:04.734,0.82699,0.82712,1.43,1.50
2012.09.10 19:54:19.675,0.82699,0.82711,1.43,1.13
2012.09.10 19:54:19.745,0.82694,0.82711,5.07,2.55
2012.09.10 19:54:20.227,0.82694,0.82708,1.32,2.18
2012.09.10 19:54:21.082,0.82698,0.82711,1.43,1.50
2012.09.10 19:54:25.995,0.82695,0.82712,2.07,2.18
2012.09.10 19:54:27.945,0.82699,0.82713,1.43,1.50
2012.09.10 19:54:30.894,0.82699,0.82713,1.43,1.50
2012.09.10 19:54:34.681,0.82699,0.82712,1.80,1.50
2012.09.10 19:54:35.185,0.82701,0.82712,1.43,1.50
2012.09.10 19:54:38.435,0.82701,0.82717,2.18,2.18
2012.09.10 19:54:39.079,0.82701,0.82717,2.18,2.18
2012.09.10 19:54:44.093,0.82703,0.82718,1.43,1.50
2012.09.10 19:54:50.466,0.827,0.82716,2.55,2.18
2012.09.10 19:55:02.329,0.82701,0.82716,2.18,2.18
2012.09.10 19:55:02.407,0.82701,0.82716,2.55,2.18
2012.09.10 19:55:02.479,0.82705,0.8272,1.43,1.50
2012.09.10 19:55:02.956,0.82702,0.82719,1.43,2.18
2012.09.10 19:55:11.135,0.82702,0.82718,1.43,2.25
2012.09.10 19:55:11.209,0.827,0.82713,2.18,2.18
2012.09.10 19:55:11.358,0.82698,0.82713,2.18,2.93
2012.09.10 19:55:14.437,0.82699,0.82714,2.93,1.50
2012.09.10 19:55:14.507,0.82704,0.82714,1.43,1.50
2012.09.10 19:55:14.787,0.82706,0.82718,1.80,1.50
2012.09.10 19:55:16.616,0.82706,0.82718,1.80,1.32
2012.09.10 19:55:17.014,0.82697,0.8271,4.50,2.18
2012.09.10 19:55:18.649,0.82696,0.82711,1.99,1.50
2012.09.10 19:55:20.654,0.82693,0.82707,1.43,1.50
2012.09.10 19:55:21.059,0.82694,0.82707,2.55,1.50
2012.09.10 19:55:21.135,0.82697,0.82707,1.43,1.50
2012.09.10 19:55:22.045,0.82697,0.82711,1.43,1.50
2012.09.10 19:55:22.685,0.82697,0.8271,1.43,1.13
2012.09.10 19:55:22.817,0.82697,0.8271,1.13,2.18
2012.09.10 19:55:22.887,0.82701,0.82711,1.43,1.50
2012.09.10 19:55:23.641,0.82699,0.82713,2.74,1.88
2012.09.10 19:55:24.316,0.82699,0.82711,1.99,1.50
2012.09.10 19:55:24.514,0.82693,0.82708,1.32,2.18
2012.09.10 19:55:25.178,0.82692,0.82708,1.50,2.18
2012.09.10 19:55:25.468,0.82691,0.82708,1.43,2.93
2012.09.10 19:55:25.687,0.8269,0.82705,1.50,2.18
2012.09.10 19:55:25.995,0.82692,0.82707,1.43,2.18
2012.09.10 19:55:26.536,0.82692,0.82708,1.43,2.93
2012.09.10 19:55:28.885,0.82692,0.82708,2.74,2.18
2012.09.10 19:55:30.956,0.82692,0.82708,3.12,2.18
2012.09.10 19:55:34.782,0.82692,0.82708,2.55,2.18
2012.09.10 19:55:37.044,0.82692,0.82708,2.55,2.18
2012.09.10 19:55:40.469,0.82692,0.82708,3.12,2.18
2012.09.10 19:55:42.982,0.82692,0.82708,2.55,2.18
2012.09.10 19:55:44.593,0.82693,0.82708,1.13,2.18
2012.09.10 19:55:44.724,0.82695,0.82711,1.43,1.50
2012.09.10 19:55:48.036,0.82692,0.82708,1.13,2.25
2012.09.10 19:55:48.105,0.82692,0.82708,1.13,2.25
2012.09.10 19:55:48.881,0.82692,0.82708,1.13,1.50
2012.09.10 19:55:48.959,0.82692,0.82709,1.13,2.93
2012.09.10 19:55:50.125,0.82691,0.82707,3.30,1.50
2012.09.10 19:55:50.195,0.82692,0.82707,1.35,1.50
2012.09.10 19:55:51.254,0.82696,0.82707,1.80,1.50
2012.09.10 19:55:51.803,0.82699,0.82713,1.43,1.50
2012.09.10 19:55:56.757,0.82699,0.82711,2.18,1.13
2012.09.10 19:55:56.910,0.82699,0.82713,1.32,1.50
2012.09.10 19:55:57.054,0.82699,0.82711,1.32,2.18
2012.09.10 19:55:59.955,0.82695,0.82711,2.18,2.93
2012.09.10 19:56:04.941,0.82698,0.82708,1.43,1.50
2012.09.10 19:56:17.955,0.82698,0.82713,2.18,1.50
2012.09.10 19:56:24.985,0.82699,0.82714,1.43,1.50
2012.09.10 19:56:30.555,0.82699,0.82713,1.43,1.13
2012.09.10 19:56:37.278,0.82697,0.82711,1.43,1.50
2012.09.10 19:57:13.535,0.82697,0.82711,1.43,1.50
2012.09.10 19:57:17.525,0.82697,0.8271,1.43,1.13
2012.09.10 19:57:17.668,0.82692,0.82705,1.43,1.13
2012.09.10 19:57:17.809,0.82688,0.82704,2.74,1.13
2012.09.10 19:57:18.207,0.82688,0.82702,2.74,1.13
2012.09.10 19:57:19.826,0.82691,0.82702,1.43,1.32
2012.09.10 19:57:21.354,0.82691,0.82706,2.18,1.50
2012.09.10 19:57:22.983,0.82691,0.82706,2.18,1.50
2012.09.10 19:57:26.445,0.82691,0.82707,2.18,1.32
2012.09.10 19:57:26.574,0.82695,0.82709,1.43,2.10
2012.09.10 19:57:26.894,0.827,0.82711,1.43,1.32
2012.09.10 19:57:28.319,0.827,0.82712,1.43,2.07
2012.09.10 19:57:28.956,0.827,0.82712,1.43,1.50
2012.09.10 19:57:46.753,0.82699,0.82714,1.43,2.63
2012.09.10 19:57:47.701,0.82698,0.82714,1.43,2.63
2012.09.10 19:57:49.516,0.82698,0.82714,1.43,6.38
2012.09.10 19:57:50.777,0.82698,0.82711,1.43,1.50
2012.09.10 19:57:59.236,0.82698,0.82709,1.43,1.50
2012.09.10 19:58:06.914,0.82697,0.82709,1.43,1.50
2012.09.10 19:58:23.466,0.827,0.82714,1.43,1.50
2012.09.10 19:58:43.483,0.82699,0.82714,1.43,1.50
2012.09.10 19:58:51.318,0.82699,0.82714,1.43,1.50
2012.09.10 19:58:54.117,0.82699,0.82711,1.43,1.50
2012.09.10 19:58:58.834,0.82699,0.82712,1.43,1.50
2012.09.10 19:59:02.324,0.82699,0.82713,1.43,1.50
2012.09.10 19:59:03.554,0.82698,0.82713,1.43,1.50
2012.09.10 19:59:05.963,0.82698,0.82712,1.43,1.50
2012.09.10 19:59:06.959,0.82698,0.82713,1.43,1.50
2012.09.10 19:59:19.316,0.82698,0.82712,1.43,1.50
2012.09.10 19:59:20.574,0.82698,0.8271,1.43,1.50
2012.09.10 19:59:21.313,0.82698,0.82713,1.43,6.19
2012.09.10 19:59:22.635,0.82694,0.82711,1.43,1.32
2012.09.10 19:59:28.443,0.82694,0.82709,1.43,1.50
2012.09.10 19:59:29.596,0.82694,0.82709,1.43,1.50
2012.09.10 19:59:29.725,0.82694,0.82709,1.43,1.50
2012.09.10 19:59:29.925,0.82692,0.82708,2.55,2.18
2012.09.10 19:59:30.054,0.82692,0.82708,2.18,2.93
2012.09.10 19:59:34.464,0.82692,0.82708,1.43,2.18
2012.09.10 19:59:36.585,0.8269,0.82706,2.55,2.18
2012.09.10 19:59:36.777,0.8269,0.82706,1.13,1.80
2012.09.10 19:59:37.284,0.82692,0.82708,1.43,1.13
2012.09.10 19:59:39.674,0.82692,0.82709,2.18,1.50
2012.09.10 19:59:39.918,0.82696,0.8271,1.43,1.50
2012.09.10 19:59:40.443,0.82693,0.82709,2.55,2.18
2012.09.10 19:59:40.586,0.82693,0.82709,2.18,2.18
2012.09.10 19:59:44.145,0.82693,0.82708,1.80,1.50
2012.09.10 19:59:44.275,0.82696,0.82708,1.43,1.50
2012.09.10 19:59:44.345,0.82698,0.82708,1.43,1.50
2012.09.10 19:59:49.843,0.82695,0.82708,1.43,1.50
2012.09.10 19:59:50.384,0.82694,0.8271,1.69,2.93
2012.09.10 19:59:50.916,0.82694,0.82707,1.69,1.43
2012.09.10 19:59:52.074,0.82694,0.82707,1.69,2.18
2012.09.10 19:59:52.475,0.82693,0.82707,1.13,2.18
2012.09.10 19:59:53.024,0.82691,0.82707,1.13,2.18
2012.09.10 19:59:55.374,0.82691,0.82707,1.13,1.43
2012.09.10 19:59:55.445,0.82688,0.82707,3.23,6.49
2012.09.10 19:59:55.516,0.82688,0.82706,1.50,1.13
2012.09.10 19:59:56.196,0.82688,0.82703,1.50,2.18
