2014.10.23 06:00:00.227,1.12412,1.12425,1.00,1.00
2014.10.23 06:00:00.329,1.12407,1.12425,1.37,1.50
2014.10.23 06:00:00.481,1.12407,1.12427,1.37,2.25
2014.10.23 06:00:00.949,1.12406,1.12424,4.57,1.00
2014.10.23 06:00:01.305,1.12406,1.12424,3.82,1.50
2014.10.23 06:00:01.710,1.12406,1.12423,1.12,1.00
2014.10.23 06:00:02.218,1.12403,1.12422,1.12,1.95
2014.10.23 06:00:02.320,1.12403,1.1242,1.12,1.00
2014.10.23 06:00:02.371,1.12401,1.12419,1.87,1.00
2014.10.23 06:00:02.887,1.12402,1.12419,1.12,1.00
2014.10.23 06:00:03.324,1.12402,1.12417,1.00,1.00
2014.10.23 06:00:03.577,1.12399,1.12417,1.12,1.00
2014.10.23 06:00:03.780,1.12401,1.12417,1.00,1.00
2014.10.23 06:00:07.261,1.12402,1.12417,1.00,1.12
2014.10.23 06:00:08.157,1.12401,1.12417,1.12,1.12
2014.10.23 06:00:10.993,1.12401,1.12417,1.37,1.00
2014.10.23 06:00:11.562,1.12401,1.12419,1.87,2.06
2014.10.23 06:00:12.930,1.12401,1.12419,1.87,1.25
2014.10.23 06:00:13.446,1.12402,1.12419,1.00,2.06
2014.10.23 06:00:16.452,1.12402,1.12418,1.00,2.62
2014.10.23 06:00:16.611,1.12398,1.12418,1.50,3.37
2014.10.23 06:00:17.128,1.12398,1.12416,1.50,1.12
2014.10.23 06:00:22.248,1.12398,1.12416,1.87,1.50
2014.10.23 06:00:23.094,1.12398,1.12416,1.87,1.50
2014.10.23 06:00:23.621,1.12398,1.12416,1.50,1.50
2014.10.23 06:00:23.881,1.12398,1.12416,1.87,1.50
2014.10.23 06:00:24.668,1.12398,1.12416,1.87,1.12
2014.10.23 06:00:25.725,1.12398,1.12416,1.87,1.12
2014.10.23 06:00:26.344,1.12398,1.12416,1.87,1.12
2014.10.23 06:00:27.888,1.12398,1.12416,1.87,1.12
2014.10.23 06:00:28.656,1.12398,1.12416,1.87,1.12
2014.10.23 06:00:30.938,1.12397,1.12414,1.37,1.12
2014.10.23 06:00:31.242,1.12397,1.12412,1.12,2.62
2014.10.23 06:00:31.292,1.12397,1.12412,1.12,1.00
2014.10.23 06:00:35.373,1.12396,1.12409,1.00,1.00
2014.10.23 06:00:35.885,1.12397,1.12409,1.00,1.00
2014.10.23 06:00:36.395,1.12396,1.12409,1.00,1.00
2014.10.23 06:00:37.953,1.12397,1.12409,1.00,1.00
2014.10.23 06:00:38.952,1.12396,1.12409,1.00,1.00
2014.10.23 06:00:41.049,1.12397,1.12409,1.00,1.00
2014.10.23 06:00:41.569,1.12396,1.12409,1.12,1.00
2014.10.23 06:00:45.066,1.12396,1.12409,1.37,1.00
2014.10.23 06:00:45.168,1.12396,1.12409,1.00,1.00
2014.10.23 06:00:45.675,1.12397,1.12409,1.00,1.00
2014.10.23 06:00:48.539,1.12396,1.12409,1.00,1.00
2014.10.23 06:00:50.752,1.12397,1.12409,1.00,1.00
2014.10.23 06:00:50.904,1.12397,1.12411,1.00,1.00
2014.10.23 06:00:52.361,1.12396,1.12411,1.00,1.00
2014.10.23 06:00:52.880,1.12397,1.12411,1.00,1.00
2014.10.23 06:00:54.639,1.12397,1.12412,1.00,1.00
2014.10.23 06:00:57.781,1.12397,1.12412,1.00,1.87
2014.10.23 06:00:58.293,1.12397,1.12412,1.00,1.50
2014.10.23 06:00:59.046,1.12397,1.12412,1.00,1.87
2014.10.23 06:00:59.198,1.12392,1.12406,2.70,1.00
2014.10.23 06:00:59.739,1.12391,1.12405,1.00,1.00
2014.10.23 06:01:02.398,1.12392,1.12405,1.00,1.12
2014.10.23 06:01:02.941,1.12392,1.12404,1.00,1.00
2014.10.23 06:01:05.829,1.12391,1.12404,1.00,1.12
2014.10.23 06:01:07.038,1.12391,1.12407,1.12,2.51
2014.10.23 06:01:07.140,1.12389,1.12405,1.87,1.12
2014.10.23 06:01:07.191,1.12388,1.12404,1.00,1.00
2014.10.23 06:01:07.698,1.12387,1.12404,1.00,1.12
2014.10.23 06:01:08.462,1.12392,1.12404,1.00,1.12
2014.10.23 06:01:08.664,1.12387,1.12404,1.00,1.12
2014.10.23 06:01:08.747,1.12391,1.12404,1.00,1.12
2014.10.23 06:01:09.126,1.12386,1.12404,1.87,1.37
2014.10.23 06:01:09.835,1.12386,1.12404,1.87,1.37
2014.10.23 06:01:10.342,1.12387,1.12403,1.00,2.32
2014.10.23 06:01:12.481,1.12387,1.12403,1.00,2.32
2014.10.23 06:01:13.145,1.12386,1.12403,1.12,2.32
2014.10.23 06:01:13.985,1.12386,1.12403,1.12,2.32
2014.10.23 06:01:14.490,1.12387,1.12402,1.00,1.87
2014.10.23 06:01:14.996,1.12386,1.12402,1.12,1.87
2014.10.23 06:01:15.590,1.12386,1.12402,1.00,1.87
2014.10.23 06:01:15.793,1.12386,1.12403,1.12,3.07
2014.10.23 06:01:16.379,1.12386,1.12403,1.00,3.82
2014.10.23 06:01:17.355,1.12386,1.12402,1.00,1.37
2014.10.23 06:01:17.457,1.12383,1.124,1.00,1.87
2014.10.23 06:01:17.772,1.12382,1.12398,1.00,1.12
2014.10.23 06:01:17.925,1.12382,1.124,1.00,1.95
2014.10.23 06:01:18.026,1.12386,1.12401,1.00,1.50
2014.10.23 06:01:18.540,1.12387,1.12401,1.00,1.50
2014.10.23 06:01:18.698,1.12381,1.124,2.62,1.37
2014.10.23 06:01:19.238,1.12381,1.12398,1.50,1.00
2014.10.23 06:01:19.391,1.12381,1.12401,1.50,1.50
2014.10.23 06:01:19.442,1.12386,1.12401,1.00,1.00
2014.10.23 06:01:19.949,1.12387,1.12402,1.00,1.00
2014.10.23 06:01:20.101,1.12383,1.12402,1.00,1.00
2014.10.23 06:01:20.307,1.12386,1.12402,1.00,2.25
2014.10.23 06:01:20.689,1.12386,1.12402,1.00,2.62
2014.10.23 06:01:21.232,1.12386,1.12402,1.00,2.62
2014.10.23 06:01:22.527,1.12382,1.12402,1.50,2.81
2014.10.23 06:01:23.040,1.12381,1.124,1.12,1.87
2014.10.23 06:01:23.818,1.12382,1.124,1.00,1.87
2014.10.23 06:01:25.307,1.12382,1.124,1.00,1.87
2014.10.23 06:01:26.071,1.12381,1.124,1.00,1.87
2014.10.23 06:01:26.677,1.12382,1.124,1.00,1.87
2014.10.23 06:01:26.904,1.12381,1.124,1.87,1.12
2014.10.23 06:01:27.452,1.12382,1.12399,1.00,1.00
2014.10.23 06:01:28.744,1.12382,1.12399,1.37,1.00
2014.10.23 06:01:30.143,1.12382,1.124,1.37,1.00
2014.10.23 06:01:31.045,1.12382,1.124,1.12,1.00
2014.10.23 06:01:35.007,1.12382,1.12401,1.87,1.12
2014.10.23 06:01:39.851,1.12385,1.12401,1.00,1.12
2014.10.23 06:01:40.053,1.12386,1.12403,1.00,1.50
2014.10.23 06:01:40.104,1.12388,1.12403,1.00,1.50
2014.10.23 06:01:40.256,1.12387,1.12405,2.25,1.00
2014.10.23 06:01:40.358,1.12391,1.12405,1.00,1.00
2014.10.23 06:01:40.410,1.12391,1.12407,1.00,1.50
2014.10.23 06:01:40.461,1.12389,1.12407,1.00,1.00
2014.10.23 06:01:40.678,1.12391,1.12406,1.00,1.00
2014.10.23 06:01:40.830,1.12391,1.12409,1.00,1.50
2014.10.23 06:01:41.033,1.12392,1.12412,4.20,1.69
2014.10.23 06:01:41.387,1.12395,1.12413,1.00,1.69
2014.10.23 06:01:41.915,1.12395,1.12413,1.00,1.50
2014.10.23 06:01:42.601,1.12393,1.12412,1.00,1.50
2014.10.23 06:01:44.956,1.12393,1.12412,1.37,2.25
2014.10.23 06:01:45.562,1.12395,1.12412,1.00,1.50
2014.10.23 06:01:46.221,1.12393,1.12412,1.87,1.50
2014.10.23 06:01:47.317,1.12395,1.12412,1.00,2.25
2014.10.23 06:01:47.367,1.12397,1.12412,1.00,2.25
2014.10.23 06:01:47.887,1.12397,1.12414,1.00,1.87
2014.10.23 06:01:47.989,1.12398,1.12416,1.50,1.69
2014.10.23 06:01:49.087,1.12398,1.12416,3.82,1.87
2014.10.23 06:01:49.626,1.12398,1.12416,3.45,1.00
2014.10.23 06:01:50.300,1.12398,1.12415,2.70,1.00
2014.10.23 06:01:50.452,1.12397,1.12413,1.00,1.95
2014.10.23 06:01:50.554,1.12394,1.12413,1.00,2.32
2014.10.23 06:01:50.706,1.12396,1.12411,1.00,1.00
2014.10.23 06:01:51.224,1.12396,1.1241,1.00,1.95
2014.10.23 06:01:51.326,1.12392,1.1241,1.00,1.95
2014.10.23 06:01:52.215,1.12391,1.1241,1.50,2.32
2014.10.23 06:01:52.747,1.12392,1.12409,1.95,1.00
2014.10.23 06:01:53.837,1.12391,1.12409,1.50,1.00
2014.10.23 06:01:54.503,1.12391,1.1241,1.87,1.37
2014.10.23 06:01:54.806,1.12392,1.1241,1.12,1.12
2014.10.23 06:01:55.172,1.12392,1.1241,3.07,1.12
2014.10.23 06:01:55.477,1.12396,1.1241,1.00,1.00
2014.10.23 06:01:56.095,1.12397,1.1241,1.00,1.00
2014.10.23 06:01:56.348,1.12396,1.12413,2.62,1.00
2014.10.23 06:01:56.450,1.12397,1.12415,1.00,1.00
2014.10.23 06:01:56.551,1.12398,1.12417,1.00,1.25
2014.10.23 06:01:56.602,1.12402,1.12417,1.00,1.00
2014.10.23 06:01:57.070,1.12399,1.12418,3.07,1.00
2014.10.23 06:01:57.122,1.12402,1.12419,1.00,1.12
2014.10.23 06:01:57.779,1.12402,1.1242,1.00,2.25
2014.10.23 06:01:58.639,1.124,1.12419,1.12,1.00
2014.10.23 06:02:00.600,1.124,1.12419,1.37,1.00
2014.10.23 06:02:00.702,1.124,1.12419,1.37,1.00
2014.10.23 06:02:01.006,1.12405,1.12421,1.87,1.00
2014.10.23 06:02:01.056,1.12405,1.12423,1.87,1.00
2014.10.23 06:02:01.158,1.12406,1.12425,1.00,2.25
2014.10.23 06:02:01.613,1.12405,1.1242,1.50,1.00
2014.10.23 06:02:01.664,1.12402,1.12419,1.50,1.00
2014.10.23 06:02:02.069,1.12399,1.12417,5.40,1.00
2014.10.23 06:02:02.271,1.12399,1.12415,5.40,1.00
2014.10.23 06:02:02.777,1.12399,1.12416,1.50,1.00
2014.10.23 06:02:05.222,1.12399,1.12415,1.50,1.00
2014.10.23 06:02:06.866,1.12399,1.12417,1.50,1.00
2014.10.23 06:02:07.156,1.12401,1.12417,1.00,1.00
2014.10.23 06:02:07.877,1.12401,1.12416,1.00,1.00
2014.10.23 06:02:07.928,1.12399,1.12416,1.50,1.00
2014.10.23 06:02:08.183,1.12401,1.12416,1.00,1.00
2014.10.23 06:02:08.438,1.12403,1.12419,1.00,1.00
2014.10.23 06:02:08.648,1.12403,1.12421,1.00,1.50
2014.10.23 06:02:08.751,1.12406,1.12422,1.00,1.50
2014.10.23 06:02:09.113,1.12407,1.12424,1.00,1.50
2014.10.23 06:02:09.618,1.12407,1.12425,6.52,1.00
2014.10.23 06:02:10.237,1.12407,1.12426,6.52,1.00
2014.10.23 06:02:10.351,1.1241,1.12426,1.00,1.00
2014.10.23 06:02:10.759,1.12408,1.12424,1.00,1.12
2014.10.23 06:02:10.860,1.12406,1.12423,2.25,1.00
2014.10.23 06:02:11.399,1.12407,1.12423,1.00,1.00
2014.10.23 06:02:13.301,1.12407,1.12424,1.87,1.00
2014.10.23 06:02:13.849,1.12407,1.12424,1.87,1.00
2014.10.23 06:02:14.472,1.12407,1.12425,2.62,3.64
2014.10.23 06:02:17.125,1.12407,1.12424,1.87,1.00
2014.10.23 06:02:17.378,1.12407,1.12424,1.87,1.12
2014.10.23 06:02:17.581,1.12407,1.12422,1.00,1.00
2014.10.23 06:02:18.198,1.12404,1.12422,1.37,1.00
2014.10.23 06:02:18.719,1.12403,1.12421,3.82,1.50
2014.10.23 06:02:19.808,1.12404,1.12421,1.37,1.00
2014.10.23 06:02:20.349,1.12404,1.12422,1.37,1.00
2014.10.23 06:02:20.472,1.12404,1.12422,1.37,1.00
2014.10.23 06:02:21.010,1.12404,1.12422,1.37,1.00
2014.10.23 06:02:21.214,1.12406,1.12424,1.12,1.00
2014.10.23 06:02:21.622,1.12406,1.12422,1.37,1.00
2014.10.23 06:02:21.774,1.12407,1.12424,1.12,1.00
2014.10.23 06:02:22.431,1.12407,1.12423,1.00,1.00
2014.10.23 06:02:23.845,1.12406,1.12423,1.12,1.00
2014.10.23 06:02:27.597,1.12406,1.12423,1.37,1.00
2014.10.23 06:02:28.111,1.12406,1.12422,1.12,1.00
2014.10.23 06:02:28.264,1.12407,1.12424,1.00,1.00
2014.10.23 06:02:28.896,1.12407,1.12423,1.00,1.00
2014.10.23 06:02:29.668,1.12406,1.12423,1.12,1.12
2014.10.23 06:02:30.173,1.12406,1.12423,1.37,1.00
2014.10.23 06:02:32.463,1.12406,1.12424,1.12,5.02
2014.10.23 06:02:33.007,1.12406,1.12422,1.12,1.12
2014.10.23 06:02:34.488,1.12406,1.12419,1.00,1.00
2014.10.23 06:02:34.962,1.12404,1.12421,1.37,1.00
2014.10.23 06:02:35.165,1.12403,1.12417,1.37,1.00
2014.10.23 06:02:35.266,1.12402,1.1242,2.81,1.00
2014.10.23 06:02:35.620,1.12402,1.12418,2.62,1.00
2014.10.23 06:02:35.924,1.12402,1.12416,2.62,1.00
2014.10.23 06:02:36.406,1.12402,1.12418,2.62,1.00
2014.10.23 06:02:39.741,1.12402,1.12418,2.62,1.00
2014.10.23 06:02:42.477,1.12402,1.12418,2.62,1.00
2014.10.23 06:02:44.407,1.12402,1.12418,2.62,1.00
2014.10.23 06:02:47.050,1.12402,1.12419,1.87,1.12
2014.10.23 06:02:50.693,1.12401,1.12416,1.00,1.87
2014.10.23 06:02:50.896,1.12396,1.12412,1.50,1.00
2014.10.23 06:02:51.099,1.12397,1.12409,1.00,1.00
2014.10.23 06:02:51.251,1.12392,1.12409,2.14,1.00
2014.10.23 06:02:51.785,1.12391,1.12409,1.12,1.37
2014.10.23 06:02:51.988,1.1239,1.12405,1.00,1.00
2014.10.23 06:02:52.089,1.12388,1.12404,5.77,1.00
2014.10.23 06:02:52.610,1.12388,1.12405,1.50,1.37
2014.10.23 06:02:52.712,1.12386,1.12403,1.00,1.12
2014.10.23 06:02:52.763,1.12387,1.12401,1.00,1.00
2014.10.23 06:02:53.067,1.12385,1.12399,1.00,1.00
2014.10.23 06:02:53.220,1.12387,1.12402,1.50,1.00
2014.10.23 06:02:53.524,1.12387,1.12404,1.00,1.00
2014.10.23 06:02:53.677,1.12391,1.12407,1.00,2.70
2014.10.23 06:02:53.879,1.12387,1.12405,1.00,1.00
2014.10.23 06:02:53.930,1.12387,1.12405,1.37,1.00
2014.10.23 06:02:54.397,1.12387,1.12403,1.87,1.00
2014.10.23 06:02:54.776,1.12385,1.12403,3.07,1.12
2014.10.23 06:02:54.878,1.12387,1.12399,1.00,1.00
2014.10.23 06:02:54.980,1.12387,1.12402,1.00,1.00
2014.10.23 06:02:55.182,1.12386,1.12405,1.12,4.01
2014.10.23 06:02:55.728,1.12386,1.12405,1.37,3.64
2014.10.23 06:02:56.235,1.12388,1.12405,1.12,1.12
2014.10.23 06:02:57.178,1.12388,1.12406,1.12,1.00
2014.10.23 06:02:59.754,1.12388,1.12406,1.37,1.37
2014.10.23 06:02:59.906,1.12387,1.12404,1.00,1.37
2014.10.23 06:02:59.957,1.12386,1.12404,1.00,1.87
2014.10.23 06:03:00.160,1.12384,1.12402,1.00,1.37
2014.10.23 06:03:00.695,1.12383,1.12403,1.25,3.07
2014.10.23 06:03:01.051,1.12383,1.12403,1.25,3.07
2014.10.23 06:03:01.555,1.12383,1.12403,1.00,1.12
2014.10.23 06:03:06.668,1.12383,1.12403,1.37,1.00
2014.10.23 06:03:07.206,1.12383,1.12403,1.00,1.00
2014.10.23 06:03:08.285,1.12383,1.12403,1.12,1.37
2014.10.23 06:03:08.756,1.12384,1.12404,3.82,1.87
2014.10.23 06:03:08.908,1.12384,1.12404,3.82,1.12
2014.10.23 06:03:09.327,1.12389,1.12405,1.00,1.12
2014.10.23 06:03:09.479,1.1239,1.12407,1.00,1.00
2014.10.23 06:03:09.632,1.12391,1.1241,1.50,1.00
2014.10.23 06:03:09.936,1.12392,1.12407,1.00,1.00
2014.10.23 06:03:10.139,1.12389,1.12408,1.00,1.00
2014.10.23 06:03:10.649,1.12388,1.12407,1.69,1.00
2014.10.23 06:03:11.703,1.12388,1.12407,1.87,1.37
2014.10.23 06:03:12.534,1.12387,1.12405,3.82,1.37
2014.10.23 06:03:12.692,1.12387,1.12405,3.82,1.12
2014.10.23 06:03:12.794,1.12387,1.12405,3.07,1.37
2014.10.23 06:03:13.096,1.12387,1.12405,2.32,1.00
2014.10.23 06:03:13.618,1.12387,1.12405,2.32,1.37
2014.10.23 06:03:15.006,1.12387,1.12405,3.07,1.37
2014.10.23 06:03:15.945,1.12387,1.12405,3.07,1.37
2014.10.23 06:03:16.654,1.12387,1.12405,3.07,1.37
2014.10.23 06:03:20.423,1.12387,1.12405,2.70,1.37
2014.10.23 06:03:20.753,1.12387,1.12405,1.95,1.12
2014.10.23 06:03:20.855,1.12387,1.12405,3.07,1.37
2014.10.23 06:03:21.468,1.12387,1.12405,2.32,1.12
2014.10.23 06:03:22.347,1.12389,1.12407,1.37,1.87
2014.10.23 06:03:22.876,1.12389,1.12407,1.37,1.87
2014.10.23 06:03:23.204,1.12389,1.12404,1.37,1.00
2014.10.23 06:03:23.972,1.12389,1.12404,1.12,1.00
2014.10.23 06:03:24.074,1.12387,1.12404,3.45,1.12
2014.10.23 06:03:24.176,1.12386,1.12404,1.00,2.62
2014.10.23 06:03:24.328,1.12384,1.12399,1.00,1.12
2014.10.23 06:03:28.193,1.12387,1.124,1.00,1.12
2014.10.23 06:03:28.295,1.12384,1.12402,1.00,1.37
2014.10.23 06:03:28.346,1.12384,1.12402,1.37,1.00
2014.10.23 06:03:28.549,1.12386,1.12405,1.87,1.37
2014.10.23 06:03:29.084,1.12388,1.12406,2.62,1.37
2014.10.23 06:03:29.600,1.12388,1.12406,2.62,1.12
2014.10.23 06:03:32.670,1.12388,1.12406,2.62,1.37
2014.10.23 06:03:33.076,1.12387,1.12402,3.45,1.37
2014.10.23 06:03:33.177,1.12385,1.12402,2.14,1.37
2014.10.23 06:03:33.699,1.12384,1.12399,1.00,1.12
2014.10.23 06:03:37.132,1.12387,1.12399,1.00,1.00
2014.10.23 06:03:37.234,1.12387,1.12405,1.87,2.81
2014.10.23 06:03:37.285,1.12389,1.12405,1.95,1.69
2014.10.23 06:03:37.336,1.12389,1.12407,1.95,1.12
2014.10.23 06:03:37.387,1.12391,1.12408,1.00,2.25
2014.10.23 06:03:37.641,1.12394,1.12412,1.00,2.25
2014.10.23 06:03:38.302,1.12394,1.12411,1.00,1.00
2014.10.23 06:03:38.811,1.12394,1.12412,1.00,1.87
2014.10.23 06:03:41.499,1.12397,1.12412,1.00,2.62
2014.10.23 06:03:41.752,1.12394,1.12412,1.00,1.87
2014.10.23 06:03:42.037,1.12396,1.12413,1.00,1.37
2014.10.23 06:03:43.102,1.12396,1.12411,1.00,1.00
2014.10.23 06:03:43.517,1.12397,1.12413,1.00,2.06
2014.10.23 06:03:43.921,1.12393,1.1241,1.50,1.37
2014.10.23 06:03:44.124,1.12392,1.12409,1.00,1.87
2014.10.23 06:03:44.630,1.12392,1.12408,1.00,1.37
2014.10.23 06:03:45.176,1.12391,1.12406,1.00,2.62
2014.10.23 06:03:45.480,1.12391,1.12406,1.00,2.62
2014.10.23 06:03:45.697,1.12386,1.12406,5.51,1.87
2014.10.23 06:03:46.753,1.12386,1.12406,5.32,3.00
2014.10.23 06:03:47.285,1.12387,1.12405,1.00,1.37
2014.10.23 06:03:47.943,1.12387,1.12402,1.00,1.37
2014.10.23 06:03:50.458,1.12387,1.12403,1.00,1.87
2014.10.23 06:03:52.450,1.12387,1.124,1.00,1.37
2014.10.23 06:03:52.501,1.12382,1.12399,1.50,1.37
2014.10.23 06:03:52.754,1.12381,1.12398,1.00,1.37
2014.10.23 06:03:53.750,1.12381,1.12398,1.50,1.37
2014.10.23 06:03:54.262,1.12382,1.12399,1.00,1.37
2014.10.23 06:03:54.945,1.12382,1.12399,1.00,1.12
2014.10.23 06:03:55.047,1.12387,1.12399,1.00,1.37
2014.10.23 06:03:55.381,1.12383,1.12399,1.00,1.37
2014.10.23 06:03:55.533,1.12387,1.12399,1.00,1.37
2014.10.23 06:03:56.622,1.12383,1.12401,1.00,1.87
2014.10.23 06:03:57.125,1.12381,1.12401,2.62,1.87
2014.10.23 06:03:57.629,1.12381,1.12401,2.62,1.87
2014.10.23 06:03:57.680,1.12383,1.12401,1.00,1.87
2014.10.23 06:03:57.781,1.12383,1.12401,1.00,1.87
2014.10.23 06:03:57.832,1.12386,1.12401,1.00,1.87
2014.10.23 06:03:58.861,1.12386,1.12401,1.00,1.12
2014.10.23 06:03:59.368,1.12387,1.12405,1.00,4.20
2014.10.23 06:03:59.790,1.12388,1.12406,1.00,1.00
2014.10.23 06:03:59.842,1.12391,1.12406,1.00,1.00
2014.10.23 06:03:59.995,1.12392,1.12408,1.00,2.62
2014.10.23 06:04:00.500,1.12391,1.12409,1.00,1.37
2014.10.23 06:04:00.753,1.12391,1.1241,1.00,3.75
2014.10.23 06:04:01.298,1.12392,1.1241,1.00,3.00
2014.10.23 06:04:02.010,1.12391,1.1241,1.00,3.00
2014.10.23 06:04:02.468,1.12392,1.1241,1.50,2.62
2014.10.23 06:04:04.353,1.12391,1.12409,1.50,1.37
2014.10.23 06:04:04.919,1.12393,1.1241,1.00,1.37
2014.10.23 06:04:05.425,1.12393,1.1241,1.00,1.37
2014.10.23 06:04:05.784,1.12393,1.1241,1.00,1.12
2014.10.23 06:04:06.306,1.12393,1.12411,1.00,1.87
2014.10.23 06:04:07.100,1.12393,1.12411,1.00,1.87
2014.10.23 06:04:07.577,1.12393,1.12411,1.00,5.32
2014.10.23 06:04:07.881,1.12391,1.12404,1.00,1.37
2014.10.23 06:04:07.982,1.12389,1.12404,1.00,1.37
2014.10.23 06:04:08.033,1.12387,1.12402,1.00,1.00
2014.10.23 06:04:08.336,1.12387,1.12404,1.00,1.00
2014.10.23 06:04:09.386,1.12386,1.12404,1.00,1.12
2014.10.23 06:04:09.599,1.12386,1.12404,1.00,1.37
2014.10.23 06:04:09.894,1.12386,1.12404,1.00,1.12
2014.10.23 06:04:10.533,1.12387,1.12405,1.00,1.50
2014.10.23 06:04:10.856,1.12391,1.12405,1.00,1.69
2014.10.23 06:04:11.382,1.12386,1.12405,1.12,1.69
2014.10.23 06:04:11.816,1.12386,1.12405,1.37,1.69
2014.10.23 06:04:14.603,1.12387,1.12406,2.62,1.00
2014.10.23 06:04:15.115,1.12387,1.12406,2.62,1.00
2014.10.23 06:04:15.856,1.12389,1.12406,1.00,1.00
2014.10.23 06:04:15.906,1.12389,1.12409,1.00,1.00
2014.10.23 06:04:15.957,1.12394,1.12409,1.00,1.00
2014.10.23 06:04:16.059,1.12394,1.12411,1.00,1.00
2014.10.23 06:04:16.110,1.12394,1.12413,2.70,1.00
2014.10.23 06:04:16.363,1.12396,1.12415,2.70,1.00
2014.10.23 06:04:16.868,1.12397,1.12416,1.50,1.50
2014.10.23 06:04:19.073,1.12396,1.12415,4.65,1.12
2014.10.23 06:04:19.478,1.12394,1.12413,1.00,1.12
2014.10.23 06:04:19.791,1.12391,1.12411,1.19,1.00
2014.10.23 06:04:20.357,1.12392,1.12412,1.25,1.95
2014.10.23 06:04:20.975,1.12391,1.12412,3.00,1.95
2014.10.23 06:04:21.329,1.12391,1.12412,3.37,1.95
2014.10.23 06:04:21.657,1.12391,1.12412,3.37,1.95
2014.10.23 06:04:26.010,1.12392,1.12412,1.62,1.95
2014.10.23 06:04:26.516,1.1239,1.12412,4.01,3.82
2014.10.23 06:04:27.021,1.1239,1.12411,2.51,1.87
2014.10.23 06:04:27.533,1.1239,1.12411,2.51,1.87
2014.10.23 06:04:28.806,1.1239,1.12411,2.51,1.50
2014.10.23 06:04:29.149,1.1239,1.12411,2.51,1.50
2014.10.23 06:04:29.520,1.12393,1.12412,3.07,1.95
2014.10.23 06:04:29.626,1.12393,1.12415,5.02,1.87
2014.10.23 06:04:30.236,1.12393,1.12414,5.02,1.12
2014.10.23 06:04:30.287,1.12393,1.12412,4.27,1.50
2014.10.23 06:04:30.903,1.12392,1.12408,1.50,1.00
2014.10.23 06:04:31.207,1.12389,1.12407,1.95,1.00
2014.10.23 06:04:31.258,1.12389,1.12405,1.95,1.00
2014.10.23 06:04:31.487,1.12387,1.12408,1.00,2.89
2014.10.23 06:04:31.538,1.1239,1.12409,1.95,1.69
2014.10.23 06:04:31.843,1.12393,1.12412,1.95,1.00
2014.10.23 06:04:32.148,1.12394,1.12415,1.00,3.45
2014.10.23 06:04:32.199,1.12396,1.12415,1.00,3.45
2014.10.23 06:04:33.004,1.12396,1.12416,3.45,1.50
2014.10.23 06:04:33.314,1.12398,1.12417,1.37,1.00
2014.10.23 06:04:34.266,1.12398,1.12417,1.37,1.37
2014.10.23 06:04:34.468,1.12397,1.12416,1.00,2.70
2014.10.23 06:04:35.578,1.12396,1.12413,1.37,1.00
2014.10.23 06:04:38.134,1.12396,1.12416,1.87,4.01
2014.10.23 06:04:43.687,1.12396,1.12416,1.50,4.01
2014.10.23 06:04:43.990,1.12396,1.12413,1.12,1.00
2014.10.23 06:04:46.218,1.12396,1.12413,1.37,1.00
2014.10.23 06:04:47.005,1.12396,1.12414,1.37,1.12
2014.10.23 06:04:51.734,1.12393,1.12414,3.00,1.00
2014.10.23 06:04:51.886,1.12396,1.12416,3.07,1.00
2014.10.23 06:04:51.937,1.12396,1.12416,3.82,1.00
2014.10.23 06:04:52.522,1.12397,1.12416,2.62,1.12
2014.10.23 06:04:53.753,1.12397,1.12416,2.62,1.00
2014.10.23 06:04:55.841,1.12399,1.12416,1.12,1.00
2014.10.23 06:04:55.943,1.12399,1.12416,1.37,1.00
2014.10.23 06:04:57.053,1.12399,1.12416,1.37,1.00
2014.10.23 06:04:58.877,1.12399,1.12416,1.37,1.00
2014.10.23 06:04:59.396,1.12399,1.12417,1.37,1.00
2014.10.23 06:05:01.346,1.12399,1.12417,1.00,1.00
2014.10.23 06:05:01.399,1.12399,1.12415,1.00,1.00
2014.10.23 06:05:01.927,1.12396,1.12415,4.76,1.00
2014.10.23 06:05:02.652,1.12396,1.12415,4.57,1.00
2014.10.23 06:05:03.285,1.12397,1.12415,1.37,1.00
2014.10.23 06:05:03.488,1.12397,1.12417,1.87,1.50
2014.10.23 06:05:04.166,1.12397,1.12416,1.37,1.00
2014.10.23 06:05:04.268,1.12397,1.12416,1.12,1.50
2014.10.23 06:05:05.605,1.12396,1.12416,3.07,1.50
2014.10.23 06:05:06.135,1.12397,1.12416,1.00,1.50
2014.10.23 06:05:08.124,1.12401,1.12416,1.00,1.00
2014.10.23 06:05:08.346,1.12397,1.12416,1.12,1.00
2014.10.23 06:05:10.412,1.12396,1.12416,3.07,1.12
2014.10.23 06:05:10.867,1.12396,1.12413,1.00,1.95
2014.10.23 06:05:11.170,1.12397,1.12411,1.00,1.00
2014.10.23 06:05:11.322,1.12394,1.12413,1.50,2.70
2014.10.23 06:05:11.525,1.12393,1.1241,1.95,1.00
2014.10.23 06:05:11.679,1.12391,1.1241,1.00,1.00
2014.10.23 06:05:12.227,1.12392,1.1241,1.00,1.00
2014.10.23 06:05:15.900,1.12393,1.12411,1.00,1.50
2014.10.23 06:05:16.305,1.12395,1.12412,1.00,1.00
2014.10.23 06:05:16.508,1.12398,1.12416,1.50,1.50
2014.10.23 06:05:16.912,1.12398,1.12417,2.62,1.25
2014.10.23 06:05:17.790,1.12398,1.12417,2.62,1.00
2014.10.23 06:05:18.331,1.12398,1.12418,2.62,3.64
2014.10.23 06:05:19.251,1.12401,1.12418,1.00,3.45
2014.10.23 06:05:19.761,1.12402,1.12418,1.00,1.95
2014.10.23 06:05:19.812,1.12402,1.1242,1.00,2.44
2014.10.23 06:05:22.166,1.12403,1.1242,1.00,1.00
2014.10.23 06:05:22.267,1.12404,1.12422,1.00,1.50
2014.10.23 06:05:22.369,1.12404,1.1242,1.00,1.00
2014.10.23 06:05:22.470,1.12404,1.12422,1.00,1.50
2014.10.23 06:05:23.449,1.12404,1.12421,1.00,1.00
2014.10.23 06:05:24.094,1.12404,1.1242,1.00,1.00
2014.10.23 06:05:24.599,1.12404,1.12421,1.00,1.00
2014.10.23 06:05:24.807,1.12404,1.12421,1.00,1.37
2014.10.23 06:05:24.858,1.12402,1.12421,1.00,1.87
2014.10.23 06:05:25.393,1.12401,1.1242,1.00,2.32
2014.10.23 06:05:25.546,1.12401,1.1242,1.00,2.32
2014.10.23 06:05:32.236,1.12402,1.12417,1.00,2.32
2014.10.23 06:05:32.388,1.12402,1.12419,1.00,1.12
2014.10.23 06:05:32.936,1.12402,1.12419,1.00,1.37
2014.10.23 06:05:33.341,1.12405,1.1242,1.00,2.70
2014.10.23 06:05:33.392,1.12405,1.12422,1.00,1.12
2014.10.23 06:05:33.544,1.12408,1.12423,1.00,1.50
2014.10.23 06:05:33.797,1.12406,1.12423,1.00,1.00
2014.10.23 06:05:34.050,1.12404,1.12423,1.00,1.37
2014.10.23 06:05:34.151,1.12403,1.12422,1.87,1.87
2014.10.23 06:05:34.656,1.12401,1.12419,1.00,1.87
2014.10.23 06:05:35.161,1.124,1.12419,1.00,1.87
2014.10.23 06:05:38.257,1.124,1.12418,1.37,4.27
2014.10.23 06:05:40.247,1.124,1.12418,1.00,4.27
2014.10.23 06:05:41.865,1.124,1.12418,1.87,3.90
2014.10.23 06:05:41.967,1.124,1.1242,1.87,1.25
2014.10.23 06:05:42.364,1.12406,1.12424,1.12,3.26
2014.10.23 06:05:42.871,1.12407,1.12424,1.00,3.26
2014.10.23 06:05:44.572,1.12407,1.12424,1.00,2.70
2014.10.23 06:05:45.647,1.12406,1.12424,1.87,2.70
2014.10.23 06:05:46.613,1.12406,1.12424,1.50,3.07
2014.10.23 06:05:46.970,1.12407,1.12424,1.00,4.20
2014.10.23 06:05:47.123,1.12404,1.1242,1.00,2.32
2014.10.23 06:05:47.174,1.12401,1.12419,4.12,2.32
2014.10.23 06:05:49.059,1.12401,1.12419,2.25,2.32
2014.10.23 06:05:50.414,1.12401,1.12419,1.50,3.07
2014.10.23 06:05:50.515,1.12401,1.12419,1.00,3.82
2014.10.23 06:05:51.021,1.12402,1.12416,1.00,1.95
2014.10.23 06:05:51.072,1.12399,1.12416,2.25,1.95
2014.10.23 06:05:51.322,1.12397,1.12415,1.00,1.00
2014.10.23 06:05:52.093,1.12397,1.12415,1.87,1.00
2014.10.23 06:05:52.823,1.12397,1.12415,1.87,1.00
2014.10.23 06:05:55.486,1.12397,1.12415,1.12,1.37
2014.10.23 06:06:00.150,1.12397,1.12413,1.00,1.00
2014.10.23 06:06:00.303,1.12394,1.12412,1.00,1.00
2014.10.23 06:06:00.821,1.12393,1.12412,1.87,1.00
2014.10.23 06:06:03.015,1.12393,1.12412,1.87,1.00
2014.10.23 06:06:04.029,1.12393,1.12412,1.87,1.00
2014.10.23 06:06:05.190,1.12393,1.12411,1.87,1.00
2014.10.23 06:06:05.904,1.12393,1.12412,1.87,1.50
2014.10.23 06:06:07.322,1.12393,1.12412,1.87,1.50
2014.10.23 06:06:07.806,1.12393,1.12412,1.87,1.50
2014.10.23 06:06:12.245,1.12393,1.12412,1.87,1.00
2014.10.23 06:06:12.364,1.12396,1.12414,1.37,1.00
2014.10.23 06:06:12.669,1.12401,1.12419,1.12,2.70
2014.10.23 06:06:13.791,1.124,1.12419,1.00,2.70
2014.10.23 06:06:14.484,1.12404,1.12419,1.00,2.70
2014.10.23 06:06:14.989,1.12402,1.1242,1.37,1.00
2014.10.23 06:06:19.987,1.12402,1.12419,1.37,1.00
2014.10.23 06:06:22.252,1.12402,1.1242,1.37,1.00
2014.10.23 06:06:24.501,1.12402,1.12419,1.37,1.00
2014.10.23 06:06:26.141,1.12402,1.12418,1.37,1.00
2014.10.23 06:06:28.319,1.12402,1.12419,1.37,1.00
2014.10.23 06:06:31.543,1.12402,1.12418,1.37,1.00
2014.10.23 06:06:31.721,1.12402,1.12418,1.12,1.00
2014.10.23 06:06:31.873,1.12404,1.12418,1.00,1.00
2014.10.23 06:06:31.975,1.12403,1.1242,1.00,1.00
2014.10.23 06:06:32.026,1.12401,1.1242,1.87,2.70
2014.10.23 06:06:33.827,1.12401,1.1242,1.37,2.70
2014.10.23 06:06:33.928,1.12401,1.1242,1.12,2.70
2014.10.23 06:06:34.433,1.124,1.1242,1.62,2.70
2014.10.23 06:06:36.613,1.124,1.12419,1.37,1.00
2014.10.23 06:06:45.891,1.124,1.1242,1.37,3.45
2014.10.23 06:06:49.236,1.124,1.1242,1.37,3.45
2014.10.23 06:06:52.943,1.12402,1.12419,1.12,1.00
2014.10.23 06:06:53.927,1.12402,1.1242,1.12,2.70
2014.10.23 06:06:54.459,1.12402,1.12419,1.12,1.00
2014.10.23 06:06:55.038,1.12402,1.12419,1.37,1.00
2014.10.23 06:07:01.451,1.12398,1.12415,2.89,1.00
2014.10.23 06:07:01.654,1.12397,1.12411,1.37,1.00
2014.10.23 06:07:01.755,1.12396,1.12411,1.00,1.00
2014.10.23 06:07:01.965,1.12394,1.12412,1.00,1.00
2014.10.23 06:07:02.106,1.12392,1.12411,1.50,1.95
2014.10.23 06:07:03.157,1.12392,1.12411,1.37,1.95
2014.10.23 06:07:07.301,1.12392,1.12412,1.37,1.50
2014.10.23 06:07:07.604,1.12392,1.12412,1.50,1.50
2014.10.23 06:07:08.162,1.12392,1.12412,1.37,1.50
2014.10.23 06:07:14.673,1.12397,1.12412,1.00,1.50
2014.10.23 06:07:31.670,1.12397,1.12411,1.00,1.00
2014.10.23 06:07:31.982,1.12397,1.12413,1.00,3.00
2014.10.23 06:07:33.394,1.12396,1.12413,1.12,3.00
2014.10.23 06:07:38.477,1.12393,1.12413,1.87,3.75
2014.10.23 06:07:38.743,1.12392,1.1241,3.82,1.00
2014.10.23 06:07:40.000,1.12396,1.1241,1.00,1.50
2014.10.23 06:07:41.295,1.12396,1.12408,1.00,1.00
2014.10.23 06:07:41.553,1.12392,1.12408,1.87,1.00
2014.10.23 06:07:42.059,1.12392,1.12409,1.50,1.00
2014.10.23 06:07:42.600,1.12392,1.12408,1.00,1.50
2014.10.23 06:07:43.744,1.12392,1.12409,1.00,1.50
2014.10.23 06:07:43.947,1.12391,1.12407,1.00,1.00
2014.10.23 06:07:47.382,1.12391,1.12407,1.37,1.50
2014.10.23 06:07:55.379,1.1239,1.12405,1.87,1.00
2014.10.23 06:08:00.974,1.12389,1.12405,1.37,1.00
2014.10.23 06:08:01.490,1.12389,1.12405,1.37,1.00
2014.10.23 06:08:03.999,1.12389,1.12405,1.37,1.00
2014.10.23 06:08:04.602,1.12389,1.12407,1.37,1.50
2014.10.23 06:08:13.167,1.1239,1.12409,1.37,1.50
2014.10.23 06:08:14.083,1.1239,1.12408,1.87,1.00
2014.10.23 06:08:14.184,1.1239,1.1241,1.87,2.25
2014.10.23 06:08:15.937,1.1239,1.1241,2.25,2.25
2014.10.23 06:08:16.481,1.12393,1.12411,1.37,1.50
2014.10.23 06:08:17.819,1.12393,1.12411,1.37,1.00
2014.10.23 06:08:19.322,1.12393,1.12411,1.50,1.00
2014.10.23 06:08:19.626,1.12398,1.12416,3.07,1.19
2014.10.23 06:08:20.338,1.124,1.12417,1.37,1.19
2014.10.23 06:08:20.572,1.124,1.12417,1.37,1.00
2014.10.23 06:08:27.725,1.124,1.12417,1.00,1.00
2014.10.23 06:08:27.827,1.12398,1.12412,3.45,1.00
2014.10.23 06:08:27.928,1.12398,1.12418,1.87,6.52
2014.10.23 06:08:28.477,1.12398,1.12418,1.87,1.50
2014.10.23 06:08:29.050,1.12398,1.12418,1.87,1.50
2014.10.23 06:08:29.571,1.12399,1.12419,1.37,1.87
2014.10.23 06:08:31.495,1.12399,1.12418,1.37,1.00
2014.10.23 06:08:38.163,1.12399,1.12419,1.37,1.87
2014.10.23 06:08:41.045,1.12402,1.12419,1.00,1.50
2014.10.23 06:08:41.263,1.12396,1.12414,1.87,1.00
2014.10.23 06:08:41.314,1.12396,1.12414,1.87,1.00
2014.10.23 06:08:41.632,1.12397,1.12413,1.37,1.00
2014.10.23 06:08:41.683,1.12397,1.12415,1.37,1.00
2014.10.23 06:08:45.565,1.124,1.12416,1.37,1.00
2014.10.23 06:08:46.881,1.124,1.12416,1.37,1.00
2014.10.23 06:08:46.983,1.124,1.12417,1.37,1.50
2014.10.23 06:08:47.509,1.124,1.12416,1.37,1.00
2014.10.23 06:08:48.396,1.124,1.12417,1.37,1.50
2014.10.23 06:08:49.187,1.124,1.12417,1.37,1.00
2014.10.23 06:08:54.758,1.12402,1.12417,1.00,1.00
2014.10.23 06:09:04.556,1.12401,1.12417,3.07,1.00
2014.10.23 06:09:04.708,1.12401,1.12419,4.57,1.00
2014.10.23 06:09:07.327,1.12402,1.12419,1.37,1.00
2014.10.23 06:09:10.271,1.12402,1.12419,1.12,1.00
2014.10.23 06:09:16.372,1.12402,1.12419,1.37,1.50
2014.10.23 06:09:21.933,1.12402,1.1242,1.87,1.00
2014.10.23 06:09:22.034,1.12402,1.1242,1.37,1.00
2014.10.23 06:09:24.019,1.12402,1.1242,1.00,1.12
2014.10.23 06:09:24.525,1.12399,1.12419,1.87,3.45
2014.10.23 06:09:24.641,1.12399,1.12419,1.87,3.45
2014.10.23 06:09:25.147,1.12402,1.12419,1.12,1.00
2014.10.23 06:09:26.861,1.12402,1.12418,1.37,1.00
2014.10.23 06:09:27.373,1.12402,1.12418,1.37,1.00
2014.10.23 06:09:29.259,1.12402,1.12417,1.37,1.00
2014.10.23 06:09:32.223,1.12402,1.12419,1.87,1.00
2014.10.23 06:09:33.687,1.12402,1.12419,1.87,1.00
2014.10.23 06:09:33.789,1.12402,1.12419,1.37,1.00
2014.10.23 06:09:34.395,1.12402,1.1242,1.37,3.00
2014.10.23 06:09:40.191,1.12402,1.12419,1.37,1.50
2014.10.23 06:09:40.855,1.12402,1.12418,1.37,1.00
2014.10.23 06:09:41.366,1.12402,1.12418,1.00,1.00
2014.10.23 06:09:42.740,1.124,1.12418,1.37,1.50
2014.10.23 06:09:44.017,1.124,1.12418,1.12,1.00
2014.10.23 06:09:44.944,1.124,1.12418,1.37,1.00
2014.10.23 06:09:45.472,1.124,1.12418,1.12,1.00
2014.10.23 06:09:46.023,1.124,1.12418,1.37,1.00
2014.10.23 06:09:46.560,1.124,1.12418,1.00,1.00
2014.10.23 06:09:48.731,1.124,1.12418,1.37,1.00
2014.10.23 06:09:51.944,1.124,1.12418,1.37,1.00
2014.10.23 06:09:55.072,1.124,1.12418,1.12,1.00
2014.10.23 06:09:55.609,1.12399,1.12417,1.37,1.00
2014.10.23 06:09:55.993,1.12399,1.12419,1.37,2.62
2014.10.23 06:09:56.551,1.12399,1.12418,1.87,1.00
2014.10.23 06:10:02.985,1.12402,1.12417,1.12,1.00
2014.10.23 06:10:05.217,1.12402,1.12417,1.37,1.00
2014.10.23 06:10:05.729,1.12402,1.12418,1.37,1.00
2014.10.23 06:10:08.563,1.12402,1.12419,1.37,1.00
2014.10.23 06:10:08.613,1.12403,1.12421,1.37,2.62
2014.10.23 06:10:09.119,1.12403,1.12421,1.37,1.87
2014.10.23 06:10:13.308,1.12406,1.12421,1.37,1.87
2014.10.23 06:10:18.043,1.12406,1.12421,1.00,1.50
2014.10.23 06:10:18.145,1.12406,1.12421,2.25,1.00
2014.10.23 06:10:18.247,1.12407,1.12421,1.00,1.00
2014.10.23 06:10:18.298,1.12406,1.12428,1.87,1.54
2014.10.23 06:10:18.349,1.12408,1.12428,1.00,1.35
2014.10.23 06:10:18.663,1.12411,1.12428,1.00,1.35
2014.10.23 06:10:22.873,1.12411,1.12428,1.37,1.00
2014.10.23 06:10:23.479,1.12411,1.12428,1.00,1.00
2014.10.23 06:10:23.999,1.12411,1.12428,1.37,1.00
2014.10.23 06:10:27.074,1.12411,1.12428,1.37,1.00
2014.10.23 06:10:29.216,1.12411,1.12428,1.37,1.00
2014.10.23 06:10:29.520,1.12411,1.12428,1.37,1.00
2014.10.23 06:10:29.672,1.12412,1.1243,1.37,1.50
2014.10.23 06:10:29.723,1.12411,1.12431,2.25,2.89
2014.10.23 06:10:30.258,1.12411,1.12431,1.87,2.70
2014.10.23 06:10:30.821,1.12412,1.12431,1.37,1.00
2014.10.23 06:10:32.094,1.12412,1.12431,1.50,1.00
2014.10.23 06:10:32.246,1.12412,1.12434,1.75,2.44
2014.10.23 06:10:32.499,1.12416,1.12435,1.37,3.64
2014.10.23 06:10:33.013,1.12416,1.12435,1.37,1.69
2014.10.23 06:10:33.321,1.12416,1.12433,1.37,1.00
2014.10.23 06:10:33.855,1.12415,1.12433,1.37,2.70
2014.10.23 06:10:34.715,1.12414,1.12433,1.37,3.45
2014.10.23 06:10:38.550,1.12413,1.12433,1.37,3.45
2014.10.23 06:10:42.882,1.12413,1.12433,1.37,2.89
2014.10.23 06:10:43.186,1.12413,1.12433,1.37,2.89
2014.10.23 06:10:44.493,1.12413,1.12433,1.37,3.64
2014.10.23 06:10:45.570,1.12413,1.12428,1.00,1.00
2014.10.23 06:10:46.076,1.12411,1.12428,2.32,1.00
2014.10.23 06:10:48.006,1.12411,1.12428,2.32,1.00
2014.10.23 06:10:50.750,1.12411,1.12427,2.32,1.00
2014.10.23 06:10:50.801,1.12411,1.12427,2.32,1.00
2014.10.23 06:10:50.954,1.1241,1.12424,1.37,1.00
2014.10.23 06:10:51.461,1.12409,1.12424,1.37,1.00
2014.10.23 06:10:51.966,1.12409,1.12424,1.12,1.00
2014.10.23 06:10:54.160,1.12407,1.12422,1.00,1.00
2014.10.23 06:10:54.666,1.12406,1.12421,1.00,1.00
2014.10.23 06:11:00.105,1.12406,1.12421,1.37,1.00
2014.10.23 06:11:00.629,1.12406,1.12421,1.12,1.00
2014.10.23 06:11:01.642,1.12406,1.12421,1.37,1.00
2014.10.23 06:11:03.330,1.12407,1.12424,1.12,1.00
2014.10.23 06:11:03.613,1.12411,1.12424,1.00,1.00
2014.10.23 06:11:03.917,1.12412,1.12428,1.12,2.25
2014.10.23 06:11:04.243,1.12409,1.12428,1.37,2.25
2014.10.23 06:11:04.294,1.12408,1.12426,1.87,1.00
2014.10.23 06:11:04.839,1.12408,1.12426,1.87,1.00
2014.10.23 06:11:05.483,1.12408,1.12426,1.87,1.00
2014.10.23 06:11:05.997,1.12408,1.12426,1.87,1.00
2014.10.23 06:11:06.250,1.12408,1.12428,2.62,1.50
2014.10.23 06:11:06.352,1.12408,1.12428,2.62,1.50
2014.10.23 06:11:06.868,1.1241,1.12428,1.37,1.50
2014.10.23 06:11:07.390,1.1241,1.12428,1.37,1.50
2014.10.23 06:11:08.263,1.1241,1.12428,1.37,1.50
2014.10.23 06:11:08.765,1.1241,1.12428,1.37,1.50
2014.10.23 06:11:09.669,1.1241,1.12428,1.37,1.50
2014.10.23 06:11:10.276,1.1241,1.12428,1.37,1.50
2014.10.23 06:11:10.677,1.1241,1.12428,1.37,1.50
2014.10.23 06:11:11.680,1.1241,1.12428,1.37,1.50
2014.10.23 06:11:12.416,1.1241,1.12428,1.37,1.50
2014.10.23 06:11:12.825,1.1241,1.12428,1.37,1.50
2014.10.23 06:11:15.529,1.1241,1.12428,1.37,1.50
2014.10.23 06:11:16.038,1.1241,1.12428,1.37,1.50
2014.10.23 06:11:16.565,1.1241,1.12428,1.37,1.50
2014.10.23 06:11:17.109,1.1241,1.12428,1.37,1.50
2014.10.23 06:11:17.412,1.1241,1.12428,1.37,1.50
2014.10.23 06:11:18.114,1.1241,1.12428,1.37,1.50
2014.10.23 06:11:18.667,1.1241,1.12428,1.37,1.50
2014.10.23 06:11:19.221,1.1241,1.12428,1.37,1.50
2014.10.23 06:11:20.224,1.1241,1.12428,1.37,1.50
2014.10.23 06:11:20.828,1.1241,1.12428,1.37,1.50
2014.10.23 06:11:21.459,1.1241,1.12428,1.37,1.50
2014.10.23 06:11:22.786,1.1241,1.12428,1.37,1.50
2014.10.23 06:11:23.386,1.1241,1.12428,1.37,1.50
2014.10.23 06:11:23.938,1.1241,1.12428,1.37,1.50
2014.10.23 06:11:27.772,1.1241,1.12428,1.37,1.50
2014.10.23 06:11:27.873,1.1241,1.12428,1.37,1.50
2014.10.23 06:11:28.395,1.1241,1.12428,1.50,1.50
2014.10.23 06:11:30.095,1.1241,1.12428,1.37,1.50
2014.10.23 06:11:32.136,1.1241,1.1243,2.62,2.25
2014.10.23 06:11:36.193,1.1241,1.12427,1.87,1.00
2014.10.23 06:11:36.294,1.1241,1.12429,2.62,1.00
2014.10.23 06:11:36.565,1.1241,1.12429,2.62,1.37
2014.10.23 06:11:36.970,1.1241,1.12426,1.87,1.00
2014.10.23 06:11:37.071,1.1241,1.12426,1.50,1.00
2014.10.23 06:11:37.173,1.12408,1.12426,3.90,1.00
2014.10.23 06:11:37.708,1.12407,1.12426,1.50,1.00
2014.10.23 06:11:38.271,1.12407,1.12426,1.87,1.00
2014.10.23 06:11:39.290,1.1241,1.12426,1.37,1.00
2014.10.23 06:11:39.645,1.12412,1.12427,1.87,1.00
2014.10.23 06:11:41.168,1.12412,1.12427,1.87,1.00
2014.10.23 06:11:44.168,1.12412,1.12427,1.87,1.00
2014.10.23 06:11:44.472,1.12417,1.12429,1.00,1.00
2014.10.23 06:11:46.168,1.12412,1.12429,1.87,1.00
2014.10.23 06:11:46.675,1.12412,1.12429,1.87,1.00
2014.10.23 06:11:46.726,1.12412,1.12429,1.12,1.00
2014.10.23 06:11:49.276,1.12411,1.12427,1.87,1.00
2014.10.23 06:11:49.782,1.12411,1.12426,1.00,1.00
2014.10.23 06:11:58.852,1.12411,1.12426,1.37,1.00
2014.10.23 06:11:59.455,1.12411,1.12426,1.00,1.00
2014.10.23 06:12:00.661,1.12411,1.12426,1.37,1.00
2014.10.23 06:12:01.165,1.12411,1.12426,1.00,1.00
2014.10.23 06:12:02.904,1.12411,1.12425,1.00,1.00
2014.10.23 06:12:04.301,1.12411,1.12425,1.37,1.00
2014.10.23 06:12:04.915,1.12411,1.12425,1.12,1.00
2014.10.23 06:12:07.101,1.12411,1.12425,1.37,1.00
2014.10.23 06:12:07.305,1.12411,1.12427,1.37,1.00
2014.10.23 06:12:12.013,1.12411,1.12427,1.50,1.00
2014.10.23 06:12:12.541,1.12411,1.12428,1.87,1.00
2014.10.23 06:12:17.935,1.12411,1.12428,2.25,1.00
2014.10.23 06:12:22.941,1.12411,1.12428,2.62,1.00
2014.10.23 06:12:23.245,1.12412,1.12428,2.25,1.00
2014.10.23 06:12:23.811,1.12417,1.1243,1.37,1.00
2014.10.23 06:12:24.165,1.12417,1.12432,1.37,1.00
2014.10.23 06:12:24.368,1.12418,1.12435,1.37,1.00
2014.10.23 06:12:24.704,1.12418,1.12435,1.37,1.00
2014.10.23 06:12:24.755,1.12418,1.12435,1.37,1.00
2014.10.23 06:12:24.957,1.12418,1.12436,1.37,1.50
2014.10.23 06:12:25.261,1.12418,1.12436,1.37,1.50
2014.10.23 06:12:25.362,1.12419,1.12436,1.37,1.00
2014.10.23 06:12:26.056,1.12421,1.12436,1.37,1.00
2014.10.23 06:12:26.564,1.12419,1.12436,1.50,1.00
2014.10.23 06:12:26.974,1.1242,1.12438,1.37,1.00
2014.10.23 06:12:27.479,1.12422,1.12439,1.37,1.00
2014.10.23 06:12:29.059,1.1242,1.12439,3.00,1.00
2014.10.23 06:12:29.605,1.12422,1.1244,1.37,1.00
2014.10.23 06:12:30.010,1.12427,1.1244,1.00,1.00
2014.10.23 06:12:30.535,1.12427,1.12441,1.00,1.00
2014.10.23 06:12:31.474,1.12426,1.12441,1.37,1.00
2014.10.23 06:12:31.981,1.12426,1.12444,1.37,1.12
2014.10.23 06:12:34.212,1.12427,1.12444,1.00,1.12
2014.10.23 06:12:34.364,1.12427,1.12442,1.00,1.00
2014.10.23 06:12:34.914,1.12427,1.12442,1.37,1.00
2014.10.23 06:12:35.884,1.12426,1.12442,1.12,1.00
2014.10.23 06:12:36.389,1.12426,1.12442,1.37,1.00
2014.10.23 06:12:38.594,1.12425,1.12442,1.37,1.00
2014.10.23 06:12:39.300,1.12425,1.12442,1.37,1.50
2014.10.23 06:12:39.511,1.12423,1.12442,4.57,1.50
2014.10.23 06:12:39.613,1.12423,1.1244,3.07,1.50
2014.10.23 06:12:40.479,1.12423,1.1244,1.12,2.62
2014.10.23 06:12:40.682,1.12419,1.12437,1.12,1.00
2014.10.23 06:12:40.733,1.12418,1.12435,1.37,1.00
2014.10.23 06:12:41.137,1.12421,1.12435,1.00,1.00
2014.10.23 06:12:41.238,1.12417,1.12435,3.07,1.87
2014.10.23 06:12:41.713,1.12419,1.12437,1.87,1.50
2014.10.23 06:12:41.814,1.12419,1.12437,1.50,1.50
2014.10.23 06:12:41.865,1.12421,1.12437,1.00,1.00
2014.10.23 06:12:42.180,1.12423,1.12439,1.00,1.50
2014.10.23 06:12:42.790,1.12423,1.12439,1.37,1.00
2014.10.23 06:12:43.295,1.12421,1.12439,1.87,2.25
2014.10.23 06:12:44.008,1.12421,1.12439,1.87,1.50
2014.10.23 06:12:45.432,1.12421,1.12439,1.87,1.87
2014.10.23 06:12:47.878,1.12421,1.12438,1.87,1.00
2014.10.23 06:12:48.789,1.12421,1.12439,1.87,2.62
2014.10.23 06:12:49.317,1.12421,1.12439,1.87,2.25
2014.10.23 06:12:50.098,1.12421,1.12439,1.87,2.25
2014.10.23 06:12:50.401,1.12421,1.12438,1.87,1.00
2014.10.23 06:12:51.420,1.12421,1.12439,1.87,2.25
2014.10.23 06:13:01.333,1.12421,1.12439,2.06,1.50
2014.10.23 06:13:03.623,1.12421,1.12439,1.87,1.50
2014.10.23 06:13:04.168,1.12423,1.12439,1.37,1.00
2014.10.23 06:13:05.926,1.12422,1.12438,1.37,1.00
2014.10.23 06:13:11.765,1.12423,1.12438,1.37,1.00
2014.10.23 06:13:12.019,1.12426,1.12444,1.37,1.87
2014.10.23 06:13:12.120,1.12426,1.12445,1.00,1.50
2014.10.23 06:13:12.171,1.12429,1.12445,1.00,1.00
2014.10.23 06:13:12.222,1.12429,1.12447,1.00,1.95
2014.10.23 06:13:12.729,1.12428,1.12446,2.70,1.00
2014.10.23 06:13:12.780,1.12432,1.12447,1.00,1.00
2014.10.23 06:13:16.754,1.12429,1.12447,1.37,1.00
2014.10.23 06:13:18.328,1.12431,1.12449,1.87,1.00
2014.10.23 06:13:18.995,1.12431,1.12449,1.87,1.00
2014.10.23 06:13:22.117,1.12431,1.12448,1.87,1.00
2014.10.23 06:13:22.630,1.12431,1.12449,1.87,1.00
2014.10.23 06:13:23.164,1.12431,1.12448,1.87,1.00
2014.10.23 06:13:23.713,1.12431,1.12449,1.87,1.50
2014.10.23 06:13:25.020,1.12431,1.12448,1.87,1.00
2014.10.23 06:13:25.541,1.12431,1.12449,1.87,1.50
2014.10.23 06:13:27.969,1.12431,1.12449,1.87,1.50
2014.10.23 06:13:28.567,1.12431,1.12449,1.87,1.00
2014.10.23 06:13:30.204,1.12431,1.12449,1.87,1.50
2014.10.23 06:13:35.327,1.12431,1.12449,1.87,1.00
2014.10.23 06:13:46.224,1.12431,1.12449,1.87,1.00
2014.10.23 06:13:47.636,1.12431,1.12449,1.37,1.00
2014.10.23 06:13:49.760,1.12431,1.12449,2.06,1.00
2014.10.23 06:13:50.477,1.12431,1.12449,2.06,1.00
2014.10.23 06:13:51.093,1.12431,1.12449,1.87,1.00
2014.10.23 06:13:52.086,1.12431,1.12449,1.87,1.00
2014.10.23 06:13:54.567,1.12431,1.12449,1.87,1.00
2014.10.23 06:13:54.870,1.12434,1.12451,1.00,1.00
2014.10.23 06:13:55.409,1.12434,1.12452,1.12,1.12
2014.10.23 06:13:58.309,1.12434,1.12452,1.00,1.37
2014.10.23 06:13:59.828,1.12434,1.12452,1.12,1.12
2014.10.23 06:14:01.653,1.12434,1.12453,1.50,1.00
2014.10.23 06:14:02.201,1.12434,1.12453,1.87,1.12
2014.10.23 06:14:02.718,1.12434,1.12453,1.50,1.00
2014.10.23 06:14:04.038,1.12435,1.12453,1.00,1.00
2014.10.23 06:14:04.356,1.12437,1.12454,1.00,1.00
2014.10.23 06:14:05.802,1.12436,1.12454,1.00,1.12
2014.10.23 06:14:07.547,1.12436,1.12454,1.12,1.37
2014.10.23 06:14:08.208,1.12436,1.12454,1.00,1.12
2014.10.23 06:14:08.945,1.12436,1.12456,1.00,4.12
2014.10.23 06:14:10.063,1.12436,1.12455,1.00,1.00
2014.10.23 06:14:10.367,1.12436,1.12454,1.50,1.37
2014.10.23 06:14:10.967,1.12437,1.12454,1.00,1.37
2014.10.23 06:14:11.309,1.12437,1.12454,1.00,1.37
2014.10.23 06:14:11.772,1.12437,1.12454,1.00,1.12
2014.10.23 06:14:11.925,1.12437,1.12452,1.00,1.00
2014.10.23 06:14:11.976,1.12434,1.12452,5.02,1.87
2014.10.23 06:14:12.182,1.12437,1.12452,1.00,1.87
2014.10.23 06:14:12.715,1.12436,1.12452,1.00,1.87
2014.10.23 06:14:16.395,1.12436,1.12452,1.00,1.87
2014.10.23 06:14:17.699,1.12436,1.12452,1.00,1.37
2014.10.23 06:14:18.231,1.12435,1.12452,1.00,1.37
2014.10.23 06:14:20.715,1.12434,1.12451,1.00,1.37
2014.10.23 06:14:22.789,1.12433,1.12451,2.25,1.37
2014.10.23 06:14:23.130,1.12433,1.12451,1.87,1.37
2014.10.23 06:14:23.635,1.12434,1.12452,1.37,1.37
2014.10.23 06:14:24.040,1.12437,1.1245,1.00,1.00
2014.10.23 06:14:25.290,1.12436,1.12454,1.37,3.07
2014.10.23 06:14:25.825,1.12437,1.12454,1.12,3.07
2014.10.23 06:14:26.917,1.12435,1.12454,1.87,4.57
2014.10.23 06:14:27.423,1.12437,1.12452,1.00,1.87
2014.10.23 06:14:28.079,1.12437,1.12452,1.00,1.87
2014.10.23 06:14:28.306,1.12437,1.12452,1.00,1.87
2014.10.23 06:14:29.658,1.12436,1.12452,1.00,1.87
2014.10.23 06:14:31.530,1.12437,1.12451,1.00,1.37
2014.10.23 06:14:31.700,1.12434,1.12451,1.37,1.37
2014.10.23 06:14:32.439,1.12437,1.12451,1.00,1.37
2014.10.23 06:14:32.541,1.12434,1.12451,1.87,1.12
2014.10.23 06:14:32.646,1.12437,1.12451,1.00,1.00
2014.10.23 06:14:33.166,1.12437,1.12452,1.00,1.87
2014.10.23 06:14:33.869,1.12436,1.12452,1.00,1.87
2014.10.23 06:14:34.654,1.12442,1.12452,1.00,1.87
2014.10.23 06:14:34.835,1.12437,1.12452,1.00,1.87
2014.10.23 06:14:35.443,1.12437,1.12452,1.37,1.00
2014.10.23 06:14:35.948,1.12437,1.12452,1.12,1.12
2014.10.23 06:14:36.454,1.12436,1.12452,1.00,1.12
2014.10.23 06:14:36.959,1.12436,1.12452,1.37,1.00
2014.10.23 06:14:37.161,1.12436,1.12453,1.95,1.00
2014.10.23 06:14:37.364,1.12434,1.12453,1.50,1.00
2014.10.23 06:14:37.415,1.12437,1.12454,1.00,2.25
2014.10.23 06:14:38.037,1.12434,1.12454,1.50,3.00
2014.10.23 06:14:38.188,1.12434,1.12453,1.50,1.37
2014.10.23 06:14:38.289,1.12434,1.12453,1.50,1.12
2014.10.23 06:14:38.840,1.12434,1.12452,1.50,1.00
2014.10.23 06:14:39.387,1.12433,1.12452,1.95,1.50
2014.10.23 06:14:39.801,1.12437,1.12452,1.00,1.00
2014.10.23 06:14:40.105,1.12437,1.12452,1.00,1.37
2014.10.23 06:14:40.509,1.12437,1.12455,1.50,3.07
2014.10.23 06:14:41.016,1.12436,1.12456,2.70,1.87
2014.10.23 06:14:42.111,1.12436,1.12451,2.70,1.12
2014.10.23 06:14:42.212,1.12436,1.12451,1.00,1.37
2014.10.23 06:14:42.313,1.12436,1.1245,1.00,1.37
2014.10.23 06:14:43.086,1.12437,1.1245,1.00,1.37
2014.10.23 06:14:43.544,1.12432,1.12451,3.82,1.37
2014.10.23 06:14:44.746,1.12436,1.12451,1.00,1.37
2014.10.23 06:14:45.179,1.12432,1.12448,2.51,1.12
2014.10.23 06:14:49.309,1.12432,1.12448,2.70,1.12
2014.10.23 06:14:50.208,1.12432,1.12448,2.70,1.37
2014.10.23 06:14:55.252,1.12432,1.12448,3.07,1.12
2014.10.23 06:14:59.447,1.12432,1.12449,4.39,1.00
2014.10.23 06:14:59.549,1.12433,1.12449,2.25,1.00
2014.10.23 06:14:59.600,1.12437,1.12454,1.00,1.37
2014.10.23 06:14:59.854,1.12434,1.12454,1.87,3.00
2014.10.23 06:14:59.956,1.12436,1.12454,1.00,2.25
2014.10.23 06:15:00.158,1.12434,1.12454,1.12,3.00
2014.10.23 06:15:00.686,1.12434,1.12453,1.12,1.00
2014.10.23 06:15:01.104,1.12434,1.12454,1.12,3.75
2014.10.23 06:15:01.490,1.12432,1.1245,4.99,1.37
2014.10.23 06:15:01.997,1.12432,1.12448,1.00,1.37
2014.10.23 06:15:03.234,1.12429,1.12448,1.12,1.37
2014.10.23 06:15:03.970,1.12429,1.12448,1.00,1.37
2014.10.23 06:15:04.071,1.12429,1.12446,1.00,1.37
2014.10.23 06:15:05.627,1.12426,1.12446,2.06,1.37
2014.10.23 06:15:05.728,1.12427,1.12446,1.31,1.37
2014.10.23 06:15:06.105,1.12427,1.12442,1.19,1.37
2014.10.23 06:15:06.155,1.12426,1.12442,1.31,1.37
2014.10.23 06:15:06.308,1.12425,1.12442,1.19,1.37
2014.10.23 06:15:06.611,1.12424,1.1244,1.19,1.37
2014.10.23 06:15:06.662,1.12422,1.1244,4.24,1.37
2014.10.23 06:15:07.186,1.12422,1.12438,3.86,1.37
2014.10.23 06:15:07.888,1.12422,1.12438,3.11,1.12
2014.10.23 06:15:08.904,1.12422,1.12438,3.11,1.37
2014.10.23 06:15:10.347,1.12422,1.12438,3.86,1.37
2014.10.23 06:15:12.742,1.12422,1.12438,3.11,1.37
2014.10.23 06:15:14.180,1.12422,1.12438,2.74,1.37
2014.10.23 06:15:16.260,1.12422,1.12438,2.74,1.37
2014.10.23 06:15:18.114,1.12422,1.12438,3.49,1.12
2014.10.23 06:15:18.450,1.12422,1.12438,3.49,1.37
2014.10.23 06:15:20.935,1.12422,1.12438,3.86,1.37
2014.10.23 06:15:21.290,1.12422,1.12439,3.86,1.31
2014.10.23 06:15:21.341,1.12422,1.12439,3.86,1.25
2014.10.23 06:15:21.543,1.12422,1.12441,4.61,2.06
2014.10.23 06:15:22.103,1.12422,1.12437,3.49,1.00
2014.10.23 06:15:22.672,1.12422,1.12437,3.49,1.00
2014.10.23 06:15:23.297,1.12422,1.12437,2.55,1.00
2014.10.23 06:15:23.802,1.12422,1.12437,4.05,1.37
2014.10.23 06:15:24.115,1.12422,1.12436,1.00,1.37
2014.10.23 06:15:25.673,1.12422,1.12436,1.00,1.37
2014.10.23 06:15:26.682,1.12422,1.12436,1.00,1.37
2014.10.23 06:15:27.188,1.12422,1.12435,1.00,1.37
2014.10.23 06:15:27.239,1.12419,1.12435,1.25,1.87
2014.10.23 06:15:27.593,1.12417,1.12434,1.25,1.37
2014.10.23 06:15:28.553,1.12416,1.12432,2.81,1.00
2014.10.23 06:15:29.095,1.12417,1.12432,1.37,1.00
2014.10.23 06:15:29.710,1.12417,1.12432,1.87,1.00
2014.10.23 06:15:29.761,1.12419,1.12437,1.37,3.26
2014.10.23 06:15:30.065,1.12422,1.12436,1.00,1.12
2014.10.23 06:15:30.587,1.12421,1.12438,2.81,2.06
2014.10.23 06:15:31.643,1.12423,1.12438,2.06,1.00
2014.10.23 06:15:31.846,1.12426,1.12442,1.62,1.00
2014.10.23 06:15:34.177,1.12428,1.12441,1.00,1.00
2014.10.23 06:15:34.329,1.12425,1.12441,1.00,1.12
2014.10.23 06:15:34.380,1.12427,1.1244,1.00,1.00
2014.10.23 06:15:34.683,1.12425,1.12438,1.00,1.00
2014.10.23 06:15:35.204,1.12425,1.12437,1.00,1.00
2014.10.23 06:15:38.420,1.12424,1.12437,1.00,1.00
2014.10.23 06:15:38.472,1.12422,1.12437,1.69,1.12
2014.10.23 06:15:39.195,1.12422,1.12437,1.00,1.37
2014.10.23 06:15:39.398,1.12422,1.12439,1.00,3.26
2014.10.23 06:15:39.457,1.12422,1.12439,1.00,3.26
2014.10.23 06:15:39.994,1.12422,1.12439,2.25,3.26
2014.10.23 06:15:40.432,1.12422,1.12436,1.12,1.00
2014.10.23 06:15:41.396,1.12422,1.12435,1.12,1.00
2014.10.23 06:15:41.951,1.12422,1.12434,1.00,1.00
2014.10.23 06:15:44.743,1.1242,1.12434,1.12,1.00
2014.10.23 06:15:44.896,1.12417,1.12435,1.00,1.19
2014.10.23 06:15:44.947,1.12416,1.12432,1.00,1.00
2014.10.23 06:15:45.151,1.12414,1.12432,1.00,1.19
2014.10.23 06:15:45.252,1.12414,1.12429,1.00,1.00
2014.10.23 06:15:45.556,1.12416,1.1243,1.00,1.00
2014.10.23 06:15:45.860,1.12414,1.12426,1.00,1.00
2014.10.23 06:15:46.374,1.12413,1.12427,1.00,1.00
2014.10.23 06:15:46.477,1.12411,1.12427,2.70,1.00
2014.10.23 06:15:46.578,1.12411,1.12425,1.50,1.00
2014.10.23 06:15:47.614,1.12411,1.12426,1.50,1.00
2014.10.23 06:15:48.033,1.12411,1.12429,1.87,2.06
2014.10.23 06:15:48.134,1.12411,1.12429,1.87,2.06
2014.10.23 06:15:48.894,1.12413,1.12429,1.00,1.31
2014.10.23 06:15:49.424,1.12413,1.12429,1.00,1.62
2014.10.23 06:15:49.982,1.12411,1.12429,2.25,2.06
2014.10.23 06:15:50.556,1.12411,1.12427,1.00,1.37
2014.10.23 06:15:51.304,1.12411,1.12427,1.00,1.37
2014.10.23 06:15:52.626,1.12411,1.12428,1.00,2.06
2014.10.23 06:15:52.839,1.12411,1.12424,1.00,1.00
2014.10.23 06:15:55.182,1.1241,1.12424,1.00,1.00
2014.10.23 06:15:55.487,1.12409,1.12426,1.25,1.25
2014.10.23 06:15:55.851,1.12409,1.12422,1.25,1.00
2014.10.23 06:15:55.953,1.12409,1.12425,1.25,1.00
2014.10.23 06:15:57.116,1.12409,1.12425,1.37,1.25
2014.10.23 06:15:59.420,1.12409,1.12425,1.12,1.37
2014.10.23 06:16:01.168,1.12409,1.12426,1.12,1.31
2014.10.23 06:16:01.371,1.12409,1.12426,1.37,1.25
2014.10.23 06:16:02.100,1.12409,1.12424,1.37,1.00
2014.10.23 06:16:02.728,1.12409,1.12424,1.00,1.00
2014.10.23 06:16:02.779,1.12409,1.12421,1.00,1.00
2014.10.23 06:16:02.982,1.12409,1.12424,1.37,1.00
2014.10.23 06:16:03.534,1.12409,1.12424,1.37,1.00
2014.10.23 06:16:07.497,1.12409,1.12425,1.62,1.00
2014.10.23 06:16:08.002,1.12411,1.12425,1.12,1.00
2014.10.23 06:16:08.154,1.12412,1.12425,1.37,1.00
2014.10.23 06:16:08.509,1.12417,1.12432,1.00,2.89
2014.10.23 06:16:08.560,1.12417,1.12433,1.00,1.00
2014.10.23 06:16:08.610,1.12419,1.12434,1.00,1.95
2014.10.23 06:16:09.136,1.12419,1.12435,1.00,1.25
2014.10.23 06:16:09.789,1.12419,1.12435,1.37,1.25
2014.10.23 06:16:10.298,1.12419,1.12434,1.37,1.00
2014.10.23 06:16:10.703,1.12419,1.12436,1.37,1.12
2014.10.23 06:16:14.497,1.12419,1.12437,1.00,1.56
2014.10.23 06:16:14.700,1.12418,1.12435,1.25,1.37
2014.10.23 06:16:15.003,1.12416,1.12432,1.12,1.12
2014.10.23 06:16:15.526,1.12416,1.12431,1.12,1.25
2014.10.23 06:16:16.105,1.12416,1.12429,1.12,1.00
2014.10.23 06:16:16.647,1.12417,1.12429,1.00,1.00
2014.10.23 06:16:16.748,1.12417,1.12432,1.00,1.31
2014.10.23 06:16:17.503,1.12416,1.12433,1.00,3.56
2014.10.23 06:16:17.554,1.12414,1.12432,1.87,1.31
2014.10.23 06:16:18.061,1.12413,1.12431,1.37,1.56
2014.10.23 06:16:18.595,1.12413,1.1243,1.00,1.25
2014.10.23 06:16:19.694,1.12413,1.1243,1.00,2.06
2014.10.23 06:16:25.844,1.12413,1.1243,1.37,1.56
2014.10.23 06:16:28.287,1.12412,1.12429,1.87,1.25
2014.10.23 06:16:31.134,1.12412,1.12429,1.87,1.19
2014.10.23 06:16:31.854,1.12412,1.12429,1.87,1.19
2014.10.23 06:16:33.322,1.12412,1.12429,1.87,4.01
2014.10.23 06:16:36.581,1.12412,1.12429,1.00,3.26
2014.10.23 06:16:38.503,1.12413,1.12429,1.37,3.26
2014.10.23 06:16:38.655,1.12413,1.12431,1.37,2.81
2014.10.23 06:16:38.807,1.12415,1.12431,1.87,1.00
2014.10.23 06:16:38.909,1.1242,1.12436,1.00,2.14
2014.10.23 06:16:39.414,1.12417,1.12435,2.25,1.25
2014.10.23 06:16:39.667,1.12419,1.12435,1.00,1.25
2014.10.23 06:16:40.585,1.12419,1.12436,1.87,3.26
2014.10.23 06:16:41.099,1.12419,1.12436,1.87,1.19
2014.10.23 06:16:41.201,1.12419,1.12437,1.50,4.84
2014.10.23 06:16:42.105,1.12419,1.12436,1.00,1.19
2014.10.23 06:16:42.308,1.12415,1.12432,1.00,2.14
2014.10.23 06:16:42.409,1.12413,1.12429,1.00,1.69
2014.10.23 06:16:42.510,1.12411,1.12429,1.50,3.64
2014.10.23 06:16:43.419,1.12411,1.12429,1.87,3.64
2014.10.23 06:16:43.945,1.12411,1.12429,1.87,3.64
2014.10.23 06:16:44.285,1.12411,1.12429,1.87,4.01
2014.10.23 06:16:45.204,1.12411,1.12429,1.87,3.64
2014.10.23 06:16:45.761,1.12411,1.12429,1.87,4.01
2014.10.23 06:16:46.320,1.12411,1.12429,1.87,4.01
2014.10.23 06:16:46.728,1.12411,1.12428,1.12,1.31
2014.10.23 06:16:47.236,1.12408,1.12426,2.06,3.26
2014.10.23 06:16:47.834,1.12408,1.12426,1.62,3.26
2014.10.23 06:16:48.414,1.12408,1.12426,1.37,4.01
2014.10.23 06:16:49.020,1.12408,1.12426,1.37,3.64
2014.10.23 06:16:49.533,1.12411,1.12426,1.37,3.64
2014.10.23 06:16:50.256,1.12409,1.12426,1.37,2.89
2014.10.23 06:16:50.949,1.12409,1.12426,1.87,2.89
2014.10.23 06:16:51.525,1.12408,1.12425,2.62,1.19
2014.10.23 06:16:52.351,1.12411,1.12425,1.00,1.19
2014.10.23 06:16:52.865,1.12411,1.12426,1.12,1.19
2014.10.23 06:16:53.170,1.12408,1.12426,1.50,1.56
2014.10.23 06:16:54.114,1.12408,1.12426,1.37,1.56
2014.10.23 06:16:56.319,1.12408,1.12426,1.37,1.19
2014.10.23 06:16:56.421,1.12408,1.12426,1.37,1.19
2014.10.23 06:16:56.787,1.1241,1.12428,1.87,1.31
2014.10.23 06:16:57.365,1.1241,1.12428,1.87,1.31
2014.10.23 06:16:57.905,1.1241,1.12428,1.87,2.06
2014.10.23 06:17:03.159,1.1241,1.12428,1.87,2.06
2014.10.23 06:17:06.187,1.1241,1.12428,1.50,1.19
2014.10.23 06:17:07.485,1.12412,1.12428,1.00,1.19
2014.10.23 06:17:07.995,1.12412,1.12428,1.12,1.00
2014.10.23 06:17:10.890,1.12412,1.12428,1.37,1.25
2014.10.23 06:17:13.397,1.12412,1.12428,1.12,1.00
2014.10.23 06:17:16.287,1.12413,1.12428,1.00,1.00
2014.10.23 06:17:16.832,1.12414,1.12428,1.00,1.00
2014.10.23 06:17:17.346,1.12414,1.1243,1.00,1.19
2014.10.23 06:17:19.416,1.12414,1.1243,1.00,1.00
2014.10.23 06:17:21.349,1.12414,1.1243,1.37,1.25
2014.10.23 06:17:21.826,1.12416,1.12433,1.12,3.26
2014.10.23 06:17:21.927,1.12416,1.12431,1.00,1.19
2014.10.23 06:17:22.550,1.12415,1.12431,1.00,1.19
2014.10.23 06:17:27.124,1.12415,1.12431,1.00,1.19
2014.10.23 06:17:29.154,1.12412,1.12431,3.56,1.19
2014.10.23 06:17:30.446,1.12412,1.12431,2.62,1.31
2014.10.23 06:17:35.662,1.12412,1.1243,2.81,1.69
2014.10.23 06:17:36.171,1.12412,1.1243,1.25,2.81
2014.10.23 06:17:36.686,1.12411,1.12427,2.06,1.12
2014.10.23 06:17:38.904,1.12412,1.12429,1.00,1.62
2014.10.23 06:17:39.456,1.12411,1.12429,1.69,1.62
2014.10.23 06:17:40.002,1.12411,1.12429,2.06,1.62
2014.10.23 06:17:40.668,1.12411,1.12429,2.06,1.62
2014.10.23 06:17:40.769,1.12411,1.12429,1.69,1.31
2014.10.23 06:17:40.820,1.12411,1.12427,1.25,1.00
2014.10.23 06:17:41.325,1.12411,1.12428,1.37,2.25
2014.10.23 06:17:41.578,1.1241,1.12428,1.25,2.25
2014.10.23 06:17:42.393,1.12412,1.12428,1.00,3.45
2014.10.23 06:17:43.693,1.12412,1.12428,1.00,4.01
2014.10.23 06:17:44.484,1.12411,1.12428,1.25,4.01
2014.10.23 06:17:44.983,1.12409,1.12427,1.31,1.37
2014.10.23 06:17:46.893,1.1241,1.12428,1.19,3.56
2014.10.23 06:17:48.205,1.1241,1.12428,1.25,4.31
2014.10.23 06:17:53.813,1.12408,1.12427,3.56,1.37
2014.10.23 06:17:54.318,1.12408,1.12427,2.81,5.96
2014.10.23 06:17:54.877,1.12409,1.12426,1.00,1.56
2014.10.23 06:17:55.186,1.12408,1.12425,2.44,1.62
2014.10.23 06:17:55.237,1.12408,1.12425,1.69,1.25
2014.10.23 06:17:55.288,1.12413,1.12425,1.00,1.25
2014.10.23 06:17:55.440,1.12411,1.12431,1.87,2.62
2014.10.23 06:17:55.946,1.12411,1.12428,1.00,1.50
2014.10.23 06:17:56.525,1.1241,1.12428,1.25,1.50
2014.10.23 06:17:56.630,1.1241,1.12424,1.25,1.00
2014.10.23 06:17:57.136,1.12409,1.12425,1.12,1.95
2014.10.23 06:17:57.650,1.12409,1.12426,1.12,1.12
2014.10.23 06:17:59.546,1.12414,1.12427,1.95,1.00
2014.10.23 06:17:59.849,1.1241,1.12428,1.00,1.37
2014.10.23 06:18:00.354,1.12408,1.12426,2.14,1.37
2014.10.23 06:18:00.658,1.12408,1.12427,1.00,3.19
2014.10.23 06:18:00.961,1.12405,1.12421,1.25,1.37
2014.10.23 06:18:01.470,1.12404,1.12421,1.19,1.37
2014.10.23 06:18:01.980,1.12406,1.12421,1.00,1.37
2014.10.23 06:18:02.516,1.12406,1.12421,1.00,1.37
2014.10.23 06:18:02.754,1.12404,1.12421,1.25,1.87
2014.10.23 06:18:03.209,1.12406,1.12421,1.00,1.37
2014.10.23 06:18:07.461,1.12406,1.12421,1.00,1.62
2014.10.23 06:18:07.715,1.12404,1.12419,1.00,2.06
2014.10.23 06:18:07.867,1.12402,1.12417,1.50,2.06
2014.10.23 06:18:08.479,1.12402,1.12418,1.37,1.25
2014.10.23 06:18:08.986,1.12404,1.12418,1.00,1.25
2014.10.23 06:18:09.504,1.12404,1.12418,1.37,1.25
2014.10.23 06:18:12.852,1.12401,1.12418,2.81,1.12
2014.10.23 06:18:13.373,1.12403,1.12421,1.50,1.37
2014.10.23 06:18:13.996,1.12406,1.12421,1.00,1.37
2014.10.23 06:18:14.198,1.12403,1.12421,1.87,1.37
2014.10.23 06:18:14.430,1.12407,1.12421,1.00,1.37
2014.10.23 06:18:14.884,1.12403,1.12421,1.12,1.37
2014.10.23 06:18:15.434,1.12404,1.12421,1.25,1.37
2014.10.23 06:18:16.483,1.12404,1.12421,1.19,1.37
2014.10.23 06:18:16.687,1.12407,1.12424,1.00,3.07
2014.10.23 06:18:16.839,1.12407,1.12425,1.87,1.87
2014.10.23 06:18:17.042,1.12406,1.12423,2.06,1.12
2014.10.23 06:18:17.245,1.12407,1.12425,1.37,1.87
2014.10.23 06:18:28.535,1.12407,1.12425,1.69,1.69
2014.10.23 06:18:29.037,1.12406,1.12425,3.56,2.06
2014.10.23 06:18:29.546,1.12406,1.12425,2.81,1.87
2014.10.23 06:18:32.783,1.12407,1.12425,1.00,1.87
2014.10.23 06:18:35.359,1.12409,1.12425,1.00,1.87
2014.10.23 06:18:35.461,1.1241,1.12425,1.00,1.37
2014.10.23 06:18:35.966,1.12408,1.12425,1.19,2.62
2014.10.23 06:18:36.748,1.12408,1.12425,1.31,2.62
2014.10.23 06:18:36.899,1.12411,1.12426,1.00,1.37
2014.10.23 06:18:37.154,1.1241,1.12428,1.12,1.87
2014.10.23 06:18:37.661,1.12411,1.12428,1.00,1.37
2014.10.23 06:18:39.321,1.12411,1.1243,3.19,1.62
2014.10.23 06:18:40.824,1.12411,1.1243,3.19,1.62
2014.10.23 06:18:41.975,1.12411,1.1243,3.19,1.62
2014.10.23 06:18:45.362,1.12412,1.1243,1.00,2.06
2014.10.23 06:18:46.862,1.12411,1.12429,2.44,1.62
2014.10.23 06:18:48.839,1.12411,1.12429,2.44,1.37
2014.10.23 06:18:51.081,1.12411,1.12429,2.44,1.62
2014.10.23 06:18:59.861,1.12411,1.12429,2.44,1.37
2014.10.23 06:19:00.963,1.12411,1.12429,2.25,1.37
2014.10.23 06:19:02.102,1.12411,1.12428,1.69,1.37
2014.10.23 06:19:04.536,1.12411,1.12428,1.69,1.37
2014.10.23 06:19:04.789,1.12415,1.12431,1.00,1.37
2014.10.23 06:19:04.891,1.12415,1.12431,1.12,1.12
2014.10.23 06:19:05.405,1.12416,1.12431,1.00,1.12
2014.10.23 06:19:09.394,1.12417,1.12431,1.00,1.12
2014.10.23 06:19:09.910,1.12417,1.12434,1.00,3.56
2014.10.23 06:19:11.241,1.12418,1.12434,1.00,2.06
2014.10.23 06:19:11.464,1.12416,1.12434,1.50,2.06
2014.10.23 06:19:11.717,1.12416,1.12433,1.50,1.56
2014.10.23 06:19:11.920,1.12417,1.12433,1.00,2.06
2014.10.23 06:19:12.642,1.12417,1.12433,1.00,1.56
2014.10.23 06:19:12.845,1.12414,1.12431,1.19,1.37
2014.10.23 06:19:13.385,1.12414,1.12431,1.25,1.62
2014.10.23 06:19:13.898,1.12415,1.12431,1.00,1.62
2014.10.23 06:19:14.249,1.12415,1.12431,1.00,1.37
2014.10.23 06:19:14.350,1.12413,1.12431,1.25,1.56
2014.10.23 06:19:14.401,1.12414,1.12431,1.19,1.37
2014.10.23 06:19:14.805,1.12417,1.12431,1.19,1.37
2014.10.23 06:19:15.134,1.12416,1.12431,1.19,1.37
2014.10.23 06:19:15.832,1.12417,1.12431,1.00,1.37
2014.10.23 06:19:16.035,1.12415,1.12431,1.00,1.37
2014.10.23 06:19:16.238,1.12412,1.1243,4.01,1.62
2014.10.23 06:19:16.780,1.12412,1.1243,4.01,1.62
2014.10.23 06:19:17.545,1.12412,1.1243,2.44,1.56
2014.10.23 06:19:18.463,1.12412,1.1243,1.19,2.06
2014.10.23 06:19:19.083,1.12414,1.1243,1.00,1.69
2014.10.23 06:19:19.244,1.12414,1.1243,1.00,2.06
2014.10.23 06:19:19.788,1.12412,1.1243,1.69,2.06
2014.10.23 06:19:22.055,1.12412,1.1243,1.25,2.06
2014.10.23 06:19:25.491,1.12411,1.1243,2.06,1.56
2014.10.23 06:19:26.151,1.12411,1.1243,2.06,1.62
2014.10.23 06:19:27.165,1.12412,1.1243,1.19,1.56
2014.10.23 06:19:31.390,1.12412,1.1243,1.25,2.06
2014.10.23 06:19:31.687,1.12412,1.1243,1.25,2.06
2014.10.23 06:19:32.405,1.12414,1.12431,1.00,1.62
2014.10.23 06:19:32.456,1.12414,1.12431,1.00,1.31
2014.10.23 06:19:32.963,1.12413,1.12431,1.25,1.62
2014.10.23 06:19:33.483,1.12413,1.12431,1.19,1.37
2014.10.23 06:19:34.665,1.12414,1.12431,1.69,1.37
2014.10.23 06:19:35.860,1.12414,1.12431,1.19,1.37
2014.10.23 06:19:36.592,1.12416,1.12433,1.19,1.87
2014.10.23 06:19:38.425,1.12416,1.12433,1.19,1.37
2014.10.23 06:19:38.979,1.12416,1.12433,1.19,1.87
2014.10.23 06:19:40.703,1.12416,1.12433,1.19,1.87
2014.10.23 06:19:41.130,1.12416,1.12433,1.19,1.87
2014.10.23 06:19:45.028,1.12416,1.12433,1.69,2.44
2014.10.23 06:19:45.886,1.12416,1.12433,1.25,2.25
2014.10.23 06:19:47.691,1.12416,1.12433,1.19,2.25
2014.10.23 06:19:50.101,1.12417,1.12433,1.19,1.50
2014.10.23 06:19:51.321,1.12416,1.12433,1.19,2.25
2014.10.23 06:19:52.301,1.12416,1.12433,1.19,2.44
2014.10.23 06:19:55.330,1.12416,1.12433,1.19,2.25
2014.10.23 06:20:04.634,1.12418,1.12434,1.25,1.69
2014.10.23 06:20:04.736,1.12418,1.12434,1.25,1.62
2014.10.23 06:20:05.142,1.12418,1.12434,1.25,1.69
2014.10.23 06:20:05.736,1.12418,1.12434,1.19,1.50
2014.10.23 06:20:06.573,1.12418,1.12434,1.25,1.69
2014.10.23 06:20:09.908,1.12416,1.12434,1.69,3.19
2014.10.23 06:20:10.060,1.12415,1.12431,1.00,2.25
2014.10.23 06:20:10.263,1.12411,1.1243,3.00,1.94
2014.10.23 06:20:11.593,1.12411,1.12428,3.19,1.50
2014.10.23 06:20:13.011,1.12411,1.12431,3.94,3.94
2014.10.23 06:20:13.546,1.12411,1.1243,3.94,2.44
2014.10.23 06:20:14.279,1.12411,1.1243,3.19,2.25
2014.10.23 06:20:14.820,1.12411,1.1243,3.19,1.37
2014.10.23 06:20:15.202,1.12414,1.12431,1.00,3.94
2014.10.23 06:20:15.808,1.12414,1.12431,1.00,3.56
2014.10.23 06:20:20.610,1.12412,1.12431,1.00,2.81
2014.10.23 06:20:30.946,1.12412,1.12431,1.00,6.45
2014.10.23 06:20:32.106,1.12412,1.1243,1.19,1.50
2014.10.23 06:20:34.094,1.12412,1.1243,1.25,1.50
2014.10.23 06:20:35.758,1.12413,1.12431,1.00,5.14
2014.10.23 06:20:37.647,1.12414,1.12431,1.00,5.14
2014.10.23 06:20:45.637,1.12414,1.12431,1.00,5.14
2014.10.23 06:20:52.716,1.12412,1.12431,1.25,5.14
2014.10.23 06:20:53.240,1.12412,1.12431,1.25,5.14
2014.10.23 06:20:53.784,1.12412,1.12431,1.19,5.70
2014.10.23 06:20:55.739,1.12412,1.12431,1.25,5.70
2014.10.23 06:20:56.287,1.12412,1.12431,1.25,5.70
2014.10.23 06:20:59.146,1.12412,1.12431,1.69,5.70
2014.10.23 06:21:00.550,1.12412,1.12431,1.69,5.70
2014.10.23 06:21:03.389,1.12412,1.12431,1.25,5.70
2014.10.23 06:21:04.358,1.12412,1.12431,1.69,5.70
2014.10.23 06:21:05.405,1.12412,1.12431,1.69,5.70
2014.10.23 06:21:06.569,1.12411,1.12429,3.94,1.75
2014.10.23 06:21:06.923,1.12415,1.12429,1.00,1.87
2014.10.23 06:21:07.025,1.12415,1.12428,1.00,1.87
2014.10.23 06:21:07.127,1.12413,1.12429,1.00,1.37
2014.10.23 06:21:07.229,1.12413,1.12428,1.00,1.87
2014.10.23 06:21:08.536,1.12415,1.12428,1.00,1.87
2014.10.23 06:21:09.023,1.12415,1.12428,1.00,1.87
2014.10.23 06:21:09.542,1.12414,1.12428,1.00,1.87
2014.10.23 06:21:12.650,1.12415,1.12428,1.00,1.87
2014.10.23 06:21:23.490,1.12414,1.12428,1.00,1.87
2014.10.23 06:21:32.394,1.12414,1.1243,1.00,1.87
2014.10.23 06:21:43.057,1.12414,1.1243,1.00,1.87
2014.10.23 06:21:45.495,1.12413,1.12428,1.25,1.37
2014.10.23 06:21:46.041,1.12413,1.12428,1.00,1.37
2014.10.23 06:21:47.040,1.12414,1.12428,1.00,1.37
2014.10.23 06:21:47.142,1.12412,1.12428,2.44,1.37
2014.10.23 06:21:49.448,1.12413,1.12428,1.00,1.37
2014.10.23 06:21:54.620,1.12411,1.12428,1.50,1.37
2014.10.23 06:21:55.129,1.12411,1.12428,1.50,1.37
2014.10.23 06:21:55.724,1.12411,1.12428,1.50,1.37
2014.10.23 06:22:05.329,1.12413,1.12428,1.00,1.37
2014.10.23 06:22:07.632,1.12412,1.12428,1.87,1.56
2014.10.23 06:22:10.499,1.12412,1.12428,1.50,1.12
2014.10.23 06:22:10.813,1.12412,1.12428,1.50,1.37
2014.10.23 06:22:11.479,1.12412,1.12428,1.69,1.37
2014.10.23 06:22:12.344,1.12412,1.12428,1.00,1.37
2014.10.23 06:22:13.332,1.12412,1.12428,1.19,1.37
2014.10.23 06:22:14.510,1.12412,1.12429,1.31,1.62
2014.10.23 06:22:14.662,1.12413,1.12431,2.06,1.87
2014.10.23 06:22:15.190,1.12415,1.12431,1.00,1.12
2014.10.23 06:22:15.839,1.12415,1.12431,1.19,1.12
2014.10.23 06:22:16.555,1.12415,1.1243,1.19,1.37
2014.10.23 06:22:17.235,1.12415,1.1243,1.19,1.37
2014.10.23 06:22:17.752,1.12415,1.1243,1.25,1.37
2014.10.23 06:22:18.528,1.12415,1.12431,1.25,1.37
2014.10.23 06:22:19.367,1.12415,1.12431,1.69,1.37
2014.10.23 06:22:19.873,1.12416,1.12433,1.31,2.06
2014.10.23 06:22:24.977,1.12417,1.12433,1.50,1.00
2014.10.23 06:22:25.028,1.12418,1.12435,1.00,4.01
2014.10.23 06:22:25.130,1.12423,1.12437,1.00,4.76
2014.10.23 06:22:25.181,1.12423,1.12437,1.00,4.01
2014.10.23 06:22:25.232,1.12419,1.12437,2.06,3.26
2014.10.23 06:22:25.384,1.12418,1.12434,1.19,1.00
2014.10.23 06:22:25.435,1.12417,1.12434,2.25,1.00
2014.10.23 06:22:25.486,1.12417,1.12434,2.62,1.37
2014.10.23 06:22:25.790,1.12417,1.12434,1.00,1.12
2014.10.23 06:22:26.054,1.12416,1.12434,2.81,1.87
2014.10.23 06:22:30.519,1.12416,1.12432,1.31,1.37
2014.10.23 06:22:30.822,1.12417,1.1243,1.00,1.37
2014.10.23 06:22:31.226,1.12412,1.12429,4.20,1.87
2014.10.23 06:22:33.013,1.12412,1.12428,1.37,1.12
2014.10.23 06:22:33.526,1.12411,1.12429,1.87,1.87
2014.10.23 06:22:34.138,1.12411,1.12429,1.50,1.87
2014.10.23 06:22:38.475,1.12411,1.12429,1.69,1.87
2014.10.23 06:22:41.193,1.12411,1.12429,1.50,1.87
2014.10.23 06:22:41.879,1.12412,1.12429,1.00,1.87
2014.10.23 06:22:46.056,1.12412,1.12429,1.00,4.01
2014.10.23 06:22:46.646,1.1241,1.12426,1.19,1.12
2014.10.23 06:22:47.201,1.12409,1.12426,2.44,1.37
2014.10.23 06:22:48.330,1.12409,1.12426,1.69,1.37
2014.10.23 06:22:50.408,1.12409,1.12426,1.69,1.37
2014.10.23 06:22:51.777,1.12412,1.12428,1.00,1.37
2014.10.23 06:22:53.211,1.12411,1.12428,1.69,1.37
2014.10.23 06:23:01.372,1.12409,1.12426,1.56,1.87
2014.10.23 06:23:01.898,1.12412,1.12426,1.00,1.00
2014.10.23 06:23:01.999,1.12412,1.12428,1.00,1.50
2014.10.23 06:23:05.638,1.12411,1.12428,1.12,1.25
2014.10.23 06:23:06.218,1.12411,1.12429,1.31,3.19
2014.10.23 06:23:08.310,1.12412,1.12429,1.00,2.25
2014.10.23 06:23:09.840,1.12409,1.12428,4.31,1.00
2014.10.23 06:23:10.364,1.12409,1.12427,3.56,1.00
2014.10.23 06:23:10.905,1.12409,1.12428,2.81,1.00
2014.10.23 06:23:11.024,1.12412,1.12429,1.00,3.56
2014.10.23 06:23:20.280,1.12412,1.12429,1.19,1.12
2014.10.23 06:23:21.096,1.12413,1.1243,1.25,3.64
2014.10.23 06:23:23.134,1.12412,1.12429,1.69,1.00
2014.10.23 06:23:23.437,1.12413,1.12429,2.06,1.00
2014.10.23 06:23:23.590,1.12414,1.12432,1.19,2.70
2014.10.23 06:23:24.096,1.12414,1.12431,1.19,1.12
2014.10.23 06:23:24.400,1.12415,1.12431,1.19,1.00
2014.10.23 06:23:24.943,1.12415,1.12432,1.19,2.70
2014.10.23 06:23:25.602,1.12414,1.12432,2.44,2.70
2014.10.23 06:23:32.104,1.12414,1.12431,2.44,1.00
2014.10.23 06:23:32.924,1.12413,1.12429,1.00,1.25
2014.10.23 06:23:33.228,1.12412,1.12427,1.50,1.00
2014.10.23 06:23:34.151,1.12411,1.12427,1.00,1.12
2014.10.23 06:23:37.795,1.12413,1.12427,1.00,1.25
2014.10.23 06:23:37.896,1.12411,1.12429,1.00,1.25
2014.10.23 06:23:38.408,1.12412,1.12429,1.00,1.25
2014.10.23 06:23:41.688,1.12412,1.12427,1.00,1.00
2014.10.23 06:23:42.236,1.12411,1.12428,1.00,1.00
2014.10.23 06:23:50.226,1.1241,1.12428,1.69,1.50
2014.10.23 06:23:50.877,1.12411,1.12428,1.00,1.00
2014.10.23 06:23:51.259,1.12411,1.12426,1.25,1.00
2014.10.23 06:23:53.059,1.12411,1.12428,1.00,1.00
2014.10.23 06:23:53.161,1.12416,1.12429,1.00,1.95
2014.10.23 06:23:53.212,1.12416,1.12431,1.00,1.00
2014.10.23 06:23:53.313,1.12416,1.12434,1.12,3.00
2014.10.23 06:23:53.829,1.12415,1.12434,1.12,1.12
2014.10.23 06:23:54.039,1.12417,1.12434,1.00,1.12
2014.10.23 06:24:03.420,1.12417,1.12434,1.19,1.00
2014.10.23 06:24:04.396,1.12416,1.12434,2.06,1.00
2014.10.23 06:24:06.512,1.12418,1.12435,1.00,1.50
2014.10.23 06:24:06.816,1.1242,1.12438,1.00,1.87
2014.10.23 06:24:06.917,1.12419,1.12436,1.50,1.19
2014.10.23 06:24:07.431,1.12417,1.12436,2.06,1.19
2014.10.23 06:24:08.130,1.12418,1.12436,1.19,1.25
2014.10.23 06:24:09.550,1.12422,1.12438,1.50,2.44
2014.10.23 06:24:09.803,1.12423,1.12438,1.00,1.50
2014.10.23 06:24:10.347,1.12421,1.12437,2.06,1.00
2014.10.23 06:24:10.872,1.12421,1.12437,1.25,1.00
2014.10.23 06:24:13.627,1.12419,1.12437,2.44,1.62
2014.10.23 06:24:14.157,1.12419,1.12437,1.69,1.56
2014.10.23 06:24:14.859,1.12419,1.12437,1.25,1.87
2014.10.23 06:24:17.827,1.12419,1.12436,1.00,1.37
2014.10.23 06:24:18.393,1.1242,1.12434,1.00,1.00
2014.10.23 06:24:22.500,1.1242,1.12436,1.00,1.50
2014.10.23 06:24:22.601,1.1242,1.12436,1.87,1.00
2014.10.23 06:24:22.703,1.12421,1.12438,1.50,1.50
2014.10.23 06:24:22.754,1.12424,1.12438,1.00,1.00
2014.10.23 06:24:22.806,1.12424,1.12441,1.00,3.19
2014.10.23 06:24:22.958,1.12426,1.12441,1.00,2.44
2014.10.23 06:24:23.856,1.12426,1.12441,1.00,2.25
2014.10.23 06:24:26.401,1.12426,1.1244,1.00,1.00
2014.10.23 06:24:31.356,1.12426,1.12441,1.00,2.25
2014.10.23 06:24:31.661,1.12431,1.12448,1.12,2.44
2014.10.23 06:24:31.712,1.12431,1.12448,1.00,1.69
2014.10.23 06:24:32.087,1.12429,1.12447,1.25,1.00
2014.10.23 06:24:32.834,1.12429,1.12447,1.19,1.50
2014.10.23 06:24:32.885,1.12428,1.12443,1.19,1.00
2014.10.23 06:24:32.986,1.12428,1.12447,1.19,2.25
2014.10.23 06:24:33.820,1.12429,1.12443,1.00,1.00
2014.10.23 06:24:34.549,1.12425,1.12443,1.69,1.00
2014.10.23 06:24:35.081,1.12425,1.12443,1.50,1.25
2014.10.23 06:24:36.034,1.12425,1.12441,1.00,1.00
2014.10.23 06:24:36.338,1.12422,1.12439,1.69,1.00
2014.10.23 06:24:36.641,1.12421,1.12439,1.00,1.50
2014.10.23 06:24:37.160,1.1242,1.12439,1.00,3.45
2014.10.23 06:24:37.682,1.1242,1.12439,1.00,3.82
2014.10.23 06:24:42.549,1.1242,1.12439,1.12,3.64
2014.10.23 06:24:43.326,1.12419,1.12438,1.87,1.00
2014.10.23 06:24:45.032,1.12419,1.12438,1.87,1.00
2014.10.23 06:24:52.188,1.12419,1.12438,1.50,1.19
2014.10.23 06:24:52.662,1.12419,1.12435,1.00,1.00
2014.10.23 06:24:53.070,1.12419,1.12437,1.00,1.69
2014.10.23 06:24:53.572,1.12417,1.12437,2.06,1.69
2014.10.23 06:24:54.292,1.12417,1.12437,2.06,2.06
2014.10.23 06:24:54.866,1.12417,1.12435,2.06,1.00
2014.10.23 06:24:55.991,1.12418,1.12435,1.37,1.00
2014.10.23 06:24:56.603,1.12419,1.12437,1.37,1.19
2014.10.23 06:24:56.888,1.12419,1.12437,1.12,1.19
2014.10.23 06:24:57.575,1.1242,1.12437,1.00,1.00
2014.10.23 06:25:07.896,1.12419,1.12437,2.06,1.50
2014.10.23 06:25:09.081,1.12419,1.12434,1.12,1.00
2014.10.23 06:25:10.312,1.12419,1.12434,1.37,1.00
2014.10.23 06:25:10.414,1.12419,1.12436,1.12,1.00
2014.10.23 06:25:10.917,1.12421,1.12436,1.37,1.00
2014.10.23 06:25:11.120,1.12422,1.12439,1.37,1.00
2014.10.23 06:25:11.323,1.12421,1.12439,1.00,1.50
2014.10.23 06:25:11.576,1.12426,1.12439,1.00,1.00
2014.10.23 06:25:11.627,1.12426,1.12441,1.00,1.50
2014.10.23 06:25:11.779,1.12424,1.1244,1.69,1.00
2014.10.23 06:25:12.033,1.12425,1.12442,1.00,1.00
2014.10.23 06:25:12.248,1.12425,1.1244,1.00,1.00
2014.10.23 06:25:13.003,1.12424,1.1244,1.25,1.00
2014.10.23 06:25:13.388,1.12421,1.12437,1.00,1.00
2014.10.23 06:25:13.899,1.12419,1.12436,2.06,1.00
2014.10.23 06:25:14.203,1.12419,1.12433,1.19,1.00
2014.10.23 06:25:14.658,1.12417,1.12433,1.25,1.00
2014.10.23 06:25:15.220,1.12417,1.12431,1.25,1.00
2014.10.23 06:25:19.017,1.12419,1.12431,1.12,1.00
2014.10.23 06:25:19.322,1.1242,1.12434,1.12,1.00
2014.10.23 06:25:19.424,1.12421,1.12434,2.32,1.00
2014.10.23 06:25:19.526,1.12423,1.12438,1.00,1.19
2014.10.23 06:25:19.577,1.12423,1.1244,1.25,1.00
2014.10.23 06:25:19.628,1.12425,1.1244,1.00,1.00
2014.10.23 06:25:19.943,1.12425,1.12438,1.00,1.00
2014.10.23 06:25:20.095,1.12423,1.12438,1.25,1.00
2014.10.23 06:25:20.508,1.12425,1.12437,1.00,1.00
2014.10.23 06:25:21.413,1.12425,1.1244,1.25,1.00
2014.10.23 06:25:22.510,1.12425,1.12437,1.25,1.00
2014.10.23 06:25:22.864,1.1242,1.12436,2.81,1.00
2014.10.23 06:25:22.966,1.12418,1.12435,2.06,1.00
2014.10.23 06:25:23.478,1.12416,1.12434,3.56,1.00
2014.10.23 06:25:23.731,1.12415,1.12433,2.06,1.00
2014.10.23 06:25:25.659,1.12414,1.12433,2.06,1.00
2014.10.23 06:25:29.967,1.12414,1.12432,1.56,1.00
2014.10.23 06:25:30.069,1.12414,1.1243,1.56,1.00
2014.10.23 06:25:30.597,1.12416,1.12431,1.00,1.00
2014.10.23 06:25:31.642,1.12413,1.12431,2.06,1.00
2014.10.23 06:25:35.382,1.12417,1.12431,1.00,1.00
2014.10.23 06:25:35.484,1.12413,1.12431,2.06,1.00
2014.10.23 06:25:35.900,1.12413,1.12427,1.69,1.00
2014.10.23 06:25:36.154,1.12413,1.12429,1.69,1.50
2014.10.23 06:25:36.255,1.12413,1.12426,1.25,1.00
2014.10.23 06:25:36.357,1.12413,1.1243,1.62,1.00
2014.10.23 06:25:36.458,1.12414,1.12431,1.37,1.25
2014.10.23 06:25:36.559,1.12414,1.12431,1.12,1.25
2014.10.23 06:25:37.129,1.12414,1.12431,1.62,1.00
2014.10.23 06:25:38.663,1.12413,1.12431,1.69,1.00
2014.10.23 06:25:38.764,1.12413,1.12428,1.25,1.00
2014.10.23 06:25:39.068,1.12413,1.12425,1.00,1.00
2014.10.23 06:25:39.119,1.12409,1.12425,1.00,1.00
2014.10.23 06:25:39.373,1.12407,1.12425,2.81,1.69
2014.10.23 06:25:40.191,1.12407,1.12423,2.06,1.00
2014.10.23 06:25:41.961,1.12406,1.12423,3.56,1.00
2014.10.23 06:25:44.167,1.12406,1.12423,3.56,1.00
2014.10.23 06:25:44.500,1.12407,1.12421,1.12,1.00
2014.10.23 06:25:45.200,1.12407,1.12421,1.37,1.00
2014.10.23 06:25:47.671,1.12407,1.12421,1.37,1.00
2014.10.23 06:25:48.246,1.12407,1.12422,1.87,1.00
2014.10.23 06:25:50.520,1.12407,1.12422,1.87,1.00
2014.10.23 06:25:50.571,1.12407,1.1242,1.87,1.00
2014.10.23 06:25:52.512,1.12407,1.1242,1.87,1.00
2014.10.23 06:25:52.866,1.12407,1.12422,1.37,1.00
2014.10.23 06:25:54.783,1.12407,1.12422,1.62,1.00
2014.10.23 06:25:56.193,1.12407,1.12422,1.12,1.00
2014.10.23 06:25:56.402,1.12407,1.12419,1.12,1.00
2014.10.23 06:26:04.755,1.12406,1.12419,1.87,1.00
2014.10.23 06:26:05.534,1.12407,1.12419,1.00,1.00
2014.10.23 06:26:07.601,1.12407,1.12418,1.00,1.00
2014.10.23 06:26:10.877,1.12407,1.1242,1.00,1.00
2014.10.23 06:26:11.382,1.12407,1.12421,1.00,1.00
2014.10.23 06:26:11.909,1.12407,1.12422,1.62,1.00
2014.10.23 06:26:12.417,1.12407,1.12422,1.31,1.00
2014.10.23 06:26:16.068,1.12407,1.12423,1.87,1.00
2014.10.23 06:26:16.574,1.12407,1.12423,1.87,1.00
2014.10.23 06:26:20.149,1.12409,1.12423,1.00,1.00
2014.10.23 06:26:20.951,1.12408,1.12423,1.12,1.00
2014.10.23 06:26:24.485,1.12411,1.12423,1.00,1.00
2014.10.23 06:26:24.536,1.12411,1.12426,1.00,1.00
2014.10.23 06:26:25.107,1.12411,1.12427,1.12,1.50
2014.10.23 06:26:28.188,1.12412,1.12427,1.00,1.50
2014.10.23 06:26:28.702,1.12412,1.12425,1.00,1.00
2014.10.23 06:26:28.854,1.12409,1.12425,1.19,1.00
2014.10.23 06:26:29.774,1.12407,1.12425,4.31,1.00
2014.10.23 06:26:30.778,1.12409,1.12425,1.19,1.50
2014.10.23 06:26:30.942,1.12412,1.12425,1.00,1.50
2014.10.23 06:26:31.300,1.12407,1.12425,2.44,1.50
2014.10.23 06:26:31.968,1.12409,1.12425,1.19,1.50
2014.10.23 06:26:34.868,1.12408,1.12422,1.19,1.00
2014.10.23 06:26:35.020,1.12407,1.12423,1.69,2.25
2014.10.23 06:26:35.121,1.12407,1.12423,2.44,2.25
2014.10.23 06:26:36.280,1.12409,1.12423,1.19,1.50
2014.10.23 06:26:36.585,1.12412,1.12423,1.00,1.50
2014.10.23 06:26:37.756,1.12409,1.12423,1.19,1.50
2014.10.23 06:26:38.688,1.12407,1.12423,2.44,1.50
2014.10.23 06:26:41.275,1.12412,1.12423,1.00,1.50
2014.10.23 06:26:47.470,1.12407,1.12423,3.19,1.50
2014.10.23 06:26:47.774,1.12411,1.12423,1.00,1.50
2014.10.23 06:26:48.126,1.12406,1.12422,2.44,1.00
2014.10.23 06:26:48.945,1.12406,1.12422,1.69,1.00
2014.10.23 06:26:52.128,1.12408,1.12422,1.19,1.00
2014.10.23 06:26:53.816,1.12412,1.12422,1.00,1.00
2014.10.23 06:26:54.120,1.12412,1.12427,1.50,1.00
2014.10.23 06:26:54.376,1.12413,1.12426,1.19,1.00
2014.10.23 06:26:54.477,1.12414,1.12429,1.19,1.00
2014.10.23 06:26:54.780,1.12413,1.12427,1.19,1.00
2014.10.23 06:26:55.540,1.12415,1.12427,1.19,1.00
2014.10.23 06:26:55.642,1.12412,1.12427,2.44,1.00
2014.10.23 06:26:55.743,1.12411,1.12427,1.69,1.00
2014.10.23 06:26:55.795,1.12411,1.12425,1.25,1.00
2014.10.23 06:26:56.301,1.12408,1.12425,1.19,1.50
2014.10.23 06:26:56.913,1.12408,1.12424,1.19,1.00
2014.10.23 06:26:58.650,1.12408,1.12425,1.31,1.00
2014.10.23 06:26:59.106,1.12411,1.12429,1.31,1.50
2014.10.23 06:26:59.361,1.12414,1.12429,1.19,1.00
2014.10.23 06:27:00.455,1.12412,1.12429,1.19,1.00
2014.10.23 06:27:00.607,1.12412,1.12426,1.19,1.00
2014.10.23 06:27:01.113,1.12411,1.12429,1.69,1.87
2014.10.23 06:27:01.214,1.12411,1.12426,1.69,1.00
2014.10.23 06:27:01.619,1.12411,1.12428,1.19,2.25
2014.10.23 06:27:01.771,1.12409,1.12427,1.25,1.00
2014.10.23 06:27:01.873,1.12412,1.12428,1.95,1.00
2014.10.23 06:27:02.177,1.12413,1.12429,1.19,1.00
2014.10.23 06:27:02.279,1.12413,1.12431,1.19,3.00
2014.10.23 06:27:02.798,1.12413,1.1243,1.19,1.00
2014.10.23 06:27:03.338,1.12414,1.1243,1.19,1.00
2014.10.23 06:27:05.597,1.12414,1.12428,1.19,1.00
2014.10.23 06:27:06.680,1.12413,1.12428,1.19,1.00
2014.10.23 06:27:07.667,1.12413,1.12427,1.19,1.00
2014.10.23 06:27:08.226,1.12412,1.12427,1.69,1.00
2014.10.23 06:27:09.776,1.12414,1.12427,2.70,1.00
2014.10.23 06:27:09.877,1.12417,1.12434,1.37,1.00
2014.10.23 06:27:09.928,1.12419,1.12435,1.19,2.25
2014.10.23 06:27:10.434,1.12421,1.12435,1.19,1.00
2014.10.23 06:27:11.310,1.1242,1.12435,1.19,1.00
2014.10.23 06:27:11.968,1.1242,1.12436,1.19,1.00
2014.10.23 06:27:12.019,1.1242,1.12438,1.19,2.25
2014.10.23 06:27:12.424,1.12422,1.12438,1.19,2.25
2014.10.23 06:27:13.503,1.1242,1.12438,1.19,1.50
2014.10.23 06:27:16.015,1.12422,1.12438,1.00,1.00
2014.10.23 06:27:16.117,1.12422,1.12439,1.69,1.00
2014.10.23 06:27:16.643,1.12424,1.12439,1.19,1.00
2014.10.23 06:27:17.174,1.12424,1.1244,1.19,2.25
2014.10.23 06:27:17.716,1.12424,1.12439,1.19,1.00
2014.10.23 06:27:18.803,1.12423,1.12439,1.19,1.00
2014.10.23 06:27:19.411,1.12423,1.12439,1.19,1.37
2014.10.23 06:27:19.816,1.12419,1.12436,1.19,1.87
2014.10.23 06:27:20.322,1.12419,1.12436,1.19,1.87
2014.10.23 06:27:21.300,1.12419,1.12432,1.19,1.00
2014.10.23 06:27:21.554,1.12419,1.12434,1.19,1.87
2014.10.23 06:27:21.908,1.12417,1.12434,1.19,1.12
2014.10.23 06:27:21.959,1.12417,1.12436,2.44,1.00
2014.10.23 06:27:22.010,1.12419,1.12436,1.19,1.00
2014.10.23 06:27:22.162,1.12421,1.12438,1.25,1.50
2014.10.23 06:27:22.314,1.12424,1.12439,1.95,1.12
2014.10.23 06:27:22.870,1.12424,1.1244,1.95,1.00
2014.10.23 06:27:23.415,1.12424,1.12441,1.95,1.00
2014.10.23 06:27:23.719,1.12424,1.12441,1.95,1.37
2014.10.23 06:27:24.973,1.12422,1.12433,1.19,1.00
2014.10.23 06:27:25.126,1.12419,1.12432,1.19,1.00
2014.10.23 06:27:25.177,1.12419,1.12438,2.06,3.45
2014.10.23 06:27:25.228,1.12421,1.12438,1.19,1.50
2014.10.23 06:27:26.313,1.12423,1.12438,1.19,1.50
2014.10.23 06:27:28.021,1.12424,1.12438,1.19,1.50
2014.10.23 06:27:30.048,1.12422,1.12438,1.19,1.87
2014.10.23 06:27:31.124,1.12422,1.12438,1.19,1.50
2014.10.23 06:27:32.126,1.12423,1.12438,1.19,1.50
2014.10.23 06:27:34.475,1.12422,1.12438,1.19,1.50
2014.10.23 06:27:35.186,1.12422,1.12439,1.19,1.00
2014.10.23 06:27:38.579,1.12422,1.12439,1.19,1.50
2014.10.23 06:27:39.035,1.12423,1.12442,2.44,3.82
2014.10.23 06:27:39.545,1.12424,1.12442,2.14,1.00
2014.10.23 06:27:39.901,1.12427,1.12444,1.25,1.19
2014.10.23 06:27:40.208,1.1243,1.12445,1.19,1.00
2014.10.23 06:27:40.800,1.1243,1.12447,1.19,1.69
2014.10.23 06:27:40.901,1.12432,1.12447,1.19,1.00
2014.10.23 06:27:41.406,1.12432,1.12446,1.19,1.00
2014.10.23 06:27:41.913,1.12433,1.12446,1.19,1.00
2014.10.23 06:27:43.066,1.12431,1.12446,1.19,1.00
2014.10.23 06:27:46.694,1.12431,1.12446,1.19,1.00
2014.10.23 06:27:47.200,1.12431,1.12444,1.69,1.00
2014.10.23 06:27:47.406,1.12431,1.12447,1.69,1.87
2014.10.23 06:27:47.919,1.12431,1.12447,1.69,1.87
2014.10.23 06:27:48.886,1.12431,1.12447,1.69,1.87
2014.10.23 06:27:48.987,1.1243,1.12444,1.19,1.37
2014.10.23 06:27:49.510,1.1243,1.12444,1.19,1.37
2014.10.23 06:27:50.054,1.12429,1.12443,1.19,1.37
2014.10.23 06:27:50.689,1.12429,1.12442,1.19,1.37
2014.10.23 06:27:50.740,1.12426,1.12442,2.44,1.37
2014.10.23 06:27:50.791,1.12427,1.12442,1.19,1.37
2014.10.23 06:27:51.397,1.12427,1.12443,1.19,1.37
2014.10.23 06:27:52.018,1.12426,1.12443,1.19,1.37
2014.10.23 06:27:53.390,1.12426,1.12443,1.19,1.87
2014.10.23 06:27:54.000,1.12427,1.12442,1.19,1.37
2014.10.23 06:27:54.407,1.12427,1.12442,1.19,1.12
2014.10.23 06:27:56.408,1.12426,1.12442,1.19,1.12
2014.10.23 06:27:57.318,1.12425,1.12442,1.19,1.37
2014.10.23 06:27:59.039,1.12427,1.12442,1.19,1.87
2014.10.23 06:27:59.418,1.12426,1.12442,1.69,2.25
2014.10.23 06:27:59.521,1.12424,1.12439,1.69,1.37
2014.10.23 06:27:59.622,1.12424,1.12438,1.00,1.37
2014.10.23 06:28:00.134,1.12421,1.12436,1.19,1.37
2014.10.23 06:28:00.643,1.12419,1.12436,1.69,1.37
2014.10.23 06:28:03.540,1.12419,1.12436,2.06,1.37
2014.10.23 06:28:04.180,1.1242,1.12436,1.19,1.37
2014.10.23 06:28:04.718,1.12421,1.12438,1.69,1.37
2014.10.23 06:28:04.769,1.12422,1.12438,1.19,1.37
2014.10.23 06:28:05.288,1.12422,1.12438,1.69,1.12
2014.10.23 06:28:06.138,1.12423,1.12438,1.19,1.12
2014.10.23 06:28:06.441,1.12423,1.12438,1.19,1.37
2014.10.23 06:28:07.044,1.12423,1.12438,1.19,1.37
2014.10.23 06:28:09.482,1.12423,1.12439,1.19,1.37
2014.10.23 06:28:12.206,1.12422,1.12439,1.69,1.37
2014.10.23 06:28:12.957,1.12422,1.12439,1.19,1.37
2014.10.23 06:28:14.107,1.12422,1.12439,1.25,1.37
2014.10.23 06:28:14.632,1.12422,1.12439,1.25,1.37
2014.10.23 06:28:15.138,1.12422,1.12439,1.31,1.37
2014.10.23 06:28:15.441,1.12421,1.12436,1.69,1.37
2014.10.23 06:28:16.030,1.12422,1.12435,1.25,1.12
2014.10.23 06:28:16.453,1.12421,1.12437,1.69,1.00
2014.10.23 06:28:16.605,1.12421,1.12438,1.25,1.87
2014.10.23 06:28:16.995,1.12421,1.12438,1.69,1.87
2014.10.23 06:28:18.865,1.12422,1.12438,2.44,1.87
2014.10.23 06:28:19.320,1.1242,1.12436,1.00,1.12
2014.10.23 06:28:19.573,1.1242,1.12436,1.00,1.37
2014.10.23 06:28:20.547,1.1242,1.12436,1.00,1.12
2014.10.23 06:28:21.059,1.1242,1.12436,1.00,1.37
2014.10.23 06:28:21.843,1.1242,1.12436,1.25,1.37
2014.10.23 06:28:25.469,1.1242,1.12436,1.00,1.37
2014.10.23 06:28:26.048,1.1242,1.12436,1.00,1.37
2014.10.23 06:28:29.680,1.1242,1.12436,1.25,1.87
2014.10.23 06:28:29.983,1.1242,1.12432,1.00,1.12
2014.10.23 06:28:30.135,1.12417,1.12431,1.00,1.12
2014.10.23 06:28:30.489,1.12417,1.12431,1.00,1.37
2014.10.23 06:28:30.642,1.12415,1.12428,1.25,1.00
2014.10.23 06:28:31.147,1.12414,1.12427,1.00,1.00
2014.10.23 06:28:31.653,1.12413,1.12426,1.69,1.00
2014.10.23 06:28:35.218,1.12413,1.12426,1.87,1.00
2014.10.23 06:28:35.269,1.12413,1.12428,1.37,1.00
2014.10.23 06:28:35.370,1.12414,1.1243,1.31,1.12
2014.10.23 06:28:35.421,1.12417,1.1243,1.00,1.12
2014.10.23 06:28:35.955,1.12416,1.12429,1.00,1.00
2014.10.23 06:28:36.057,1.12413,1.12429,3.07,1.00
2014.10.23 06:28:37.789,1.12412,1.12428,2.06,1.00
2014.10.23 06:28:41.694,1.12412,1.12428,2.06,1.12
2014.10.23 06:28:43.265,1.12412,1.12425,1.50,1.00
2014.10.23 06:28:43.670,1.12409,1.12424,1.69,1.00
2014.10.23 06:28:50.774,1.12409,1.12423,1.00,1.00
2014.10.23 06:28:51.845,1.12409,1.12421,1.00,1.00
2014.10.23 06:28:52.149,1.12407,1.12421,1.00,1.00
2014.10.23 06:28:52.654,1.12407,1.1242,1.00,1.00
2014.10.23 06:28:52.857,1.12407,1.12422,1.00,1.00
2014.10.23 06:28:53.380,1.12406,1.12423,2.70,1.00
2014.10.23 06:28:53.980,1.12406,1.12422,3.64,1.00
2014.10.23 06:28:54.515,1.12407,1.12421,1.25,1.00
2014.10.23 06:28:55.726,1.12407,1.12421,1.19,1.00
2014.10.23 06:28:56.136,1.12407,1.12423,1.19,1.00
2014.10.23 06:28:57.816,1.12407,1.12423,1.69,1.37
2014.10.23 06:28:58.360,1.12407,1.1242,1.25,1.12
2014.10.23 06:28:59.739,1.12404,1.1242,2.44,1.37
2014.10.23 06:28:59.840,1.12404,1.1242,1.69,1.37
2014.10.23 06:29:00.383,1.12406,1.1242,1.00,1.37
2014.10.23 06:29:03.590,1.12404,1.1242,1.19,1.37
2014.10.23 06:29:03.910,1.12407,1.12422,1.00,1.37
2014.10.23 06:29:03.960,1.12407,1.12422,1.00,1.12
2014.10.23 06:29:04.314,1.12407,1.12419,1.00,1.00
2014.10.23 06:29:04.569,1.12404,1.12419,1.00,1.00
2014.10.23 06:29:12.041,1.12406,1.12417,1.00,1.00
2014.10.23 06:29:12.344,1.12404,1.12417,1.00,1.00
2014.10.23 06:29:12.856,1.12402,1.12417,1.87,1.00
2014.10.23 06:29:13.008,1.12402,1.12415,1.00,1.00
2014.10.23 06:29:13.317,1.12407,1.12417,1.00,1.00
2014.10.23 06:29:13.368,1.12402,1.12417,1.12,1.00
2014.10.23 06:29:13.910,1.12402,1.12417,1.37,1.00
2014.10.23 06:29:15.873,1.12403,1.12418,1.12,1.00
2014.10.23 06:29:15.975,1.12406,1.1242,1.00,1.00
2014.10.23 06:29:16.610,1.12407,1.1242,1.37,1.00
2014.10.23 06:29:16.661,1.12407,1.12422,2.81,1.00
2014.10.23 06:29:16.712,1.12409,1.12422,1.37,1.00
2014.10.23 06:29:16.864,1.12411,1.12424,1.00,1.00
2014.10.23 06:29:18.167,1.12411,1.12425,1.12,1.00
2014.10.23 06:29:22.706,1.12412,1.12425,1.00,1.00
2014.10.23 06:29:25.699,1.12411,1.12425,1.00,1.12
2014.10.23 06:29:25.800,1.12409,1.12423,1.19,1.00
2014.10.23 06:29:26.003,1.12408,1.12425,2.81,1.00
2014.10.23 06:29:26.207,1.12412,1.12423,1.00,1.00
2014.10.23 06:29:26.470,1.1241,1.12424,1.31,1.00
2014.10.23 06:29:26.981,1.12411,1.12424,1.00,1.00
2014.10.23 06:29:27.518,1.12408,1.12424,3.56,1.00
2014.10.23 06:29:28.487,1.12408,1.12424,1.69,1.12
2014.10.23 06:29:28.538,1.12408,1.12422,1.00,1.00
2014.10.23 06:29:28.740,1.12405,1.1242,1.00,1.00
2014.10.23 06:29:29.250,1.12406,1.1242,1.00,1.00
2014.10.23 06:29:30.876,1.12406,1.12418,1.00,1.00
2014.10.23 06:29:31.382,1.12407,1.12422,1.00,1.00
2014.10.23 06:29:31.838,1.12407,1.12425,4.69,1.00
2014.10.23 06:29:31.939,1.1241,1.12425,1.00,1.00
2014.10.23 06:29:32.847,1.1241,1.12424,1.00,1.00
2014.10.23 06:29:34.128,1.1241,1.12424,1.37,1.00
2014.10.23 06:29:34.738,1.1241,1.12424,1.12,1.00
2014.10.23 06:29:38.965,1.1241,1.12425,1.00,1.00
2014.10.23 06:29:39.268,1.12409,1.12423,1.12,1.00
2014.10.23 06:29:40.140,1.12409,1.12423,1.37,1.00
2014.10.23 06:29:40.293,1.12411,1.12427,2.70,1.25
2014.10.23 06:29:40.445,1.12412,1.12429,1.87,1.50
2014.10.23 06:29:40.648,1.12412,1.12427,1.00,1.00
2014.10.23 06:29:40.951,1.12416,1.12431,1.95,1.12
2014.10.23 06:29:41.481,1.12417,1.12432,1.00,1.87
2014.10.23 06:29:41.982,1.12418,1.12432,1.00,1.12
2014.10.23 06:29:42.556,1.12418,1.12434,1.25,1.87
2014.10.23 06:29:43.391,1.12418,1.12434,1.19,1.12
2014.10.23 06:29:44.049,1.12418,1.12433,4.84,1.00
2014.10.23 06:29:44.625,1.12418,1.12433,4.84,1.50
2014.10.23 06:29:46.001,1.12418,1.12433,5.59,1.00
2014.10.23 06:29:47.459,1.12418,1.12433,6.34,1.37
2014.10.23 06:29:49.302,1.12418,1.12434,5.59,1.37
2014.10.23 06:29:50.181,1.12419,1.12436,1.25,1.37
2014.10.23 06:29:50.485,1.12418,1.12433,1.00,3.00
2014.10.23 06:29:50.536,1.12413,1.12433,2.44,3.00
2014.10.23 06:29:51.051,1.12412,1.12428,2.44,1.87
2014.10.23 06:29:54.831,1.12412,1.12426,1.69,1.37
2014.10.23 06:29:55.347,1.12412,1.12426,1.69,1.37
2014.10.23 06:29:57.043,1.12412,1.12426,1.50,1.37
2014.10.23 06:29:57.650,1.12412,1.12423,1.50,1.12
2014.10.23 06:29:58.154,1.12411,1.12423,1.00,1.37
2014.10.23 06:30:02.958,1.12411,1.12423,1.69,1.00
2014.10.23 06:30:03.060,1.12411,1.12429,2.44,2.81
2014.10.23 06:30:03.212,1.12417,1.12429,1.00,2.06
2014.10.23 06:30:04.929,1.12412,1.12429,2.89,1.87
2014.10.23 06:30:09.982,1.12412,1.12429,2.14,1.87
2014.10.23 06:30:13.468,1.12412,1.12429,1.95,2.25
2014.10.23 06:30:14.986,1.12412,1.12429,2.14,1.87
2014.10.23 06:30:15.947,1.12412,1.12428,2.14,1.37
2014.10.23 06:30:20.355,1.12412,1.12428,2.89,1.37
2014.10.23 06:30:21.898,1.12412,1.12427,2.14,1.37
2014.10.23 06:30:24.217,1.1241,1.12426,5.59,1.37
2014.10.23 06:30:24.723,1.1241,1.12426,5.59,1.37
2014.10.23 06:30:24.774,1.1241,1.12426,4.84,1.37
2014.10.23 06:30:25.205,1.1241,1.12426,4.09,1.50
2014.10.23 06:30:25.909,1.12409,1.12426,1.00,1.50
2014.10.23 06:30:26.214,1.12403,1.12419,1.69,1.37
2014.10.23 06:30:26.518,1.12401,1.12416,1.05,1.37
2014.10.23 06:30:26.620,1.12399,1.12414,6.34,1.37
2014.10.23 06:30:26.823,1.12399,1.12416,1.69,1.00
2014.10.23 06:30:27.823,1.12398,1.12416,1.69,1.50
2014.10.23 06:30:27.878,1.12398,1.12416,1.69,1.87
2014.10.23 06:30:29.103,1.12398,1.12416,1.69,2.62
2014.10.23 06:30:29.419,1.12398,1.12416,1.69,2.25
2014.10.23 06:30:30.119,1.12398,1.12416,1.50,1.75
2014.10.23 06:30:30.473,1.12398,1.12416,1.50,1.37
2014.10.23 06:30:32.301,1.12398,1.12416,1.69,1.37
2014.10.23 06:30:33.505,1.12398,1.12416,1.69,1.37
2014.10.23 06:30:34.069,1.12399,1.12416,1.00,2.25
2014.10.23 06:30:34.579,1.12399,1.12416,1.00,2.62
2014.10.23 06:30:35.955,1.12399,1.12416,1.00,2.62
2014.10.23 06:30:37.976,1.12399,1.12416,1.00,1.87
2014.10.23 06:30:38.517,1.12399,1.12416,1.50,1.87
2014.10.23 06:30:38.618,1.12399,1.12416,1.50,1.37
2014.10.23 06:30:38.669,1.12399,1.12416,1.50,1.37
2014.10.23 06:30:39.218,1.12399,1.12416,2.44,1.37
2014.10.23 06:30:39.973,1.12399,1.12413,1.69,1.37
2014.10.23 06:30:41.126,1.12399,1.12415,1.69,1.37
2014.10.23 06:30:41.982,1.12399,1.12416,2.44,1.37
2014.10.23 06:30:42.084,1.12399,1.12415,1.69,1.37
2014.10.23 06:30:42.393,1.12399,1.12415,2.44,1.37
2014.10.23 06:30:43.458,1.12399,1.12415,2.44,1.37
2014.10.23 06:30:43.964,1.12399,1.12415,1.69,1.37
2014.10.23 06:30:45.054,1.12399,1.12415,2.44,1.37
2014.10.23 06:30:45.307,1.12399,1.12416,3.94,1.37
2014.10.23 06:30:45.863,1.12401,1.12417,2.89,1.37
2014.10.23 06:30:46.443,1.12402,1.12417,1.00,1.37
2014.10.23 06:30:49.395,1.12402,1.12417,1.00,1.12
2014.10.23 06:30:49.598,1.12401,1.12416,2.70,1.37
2014.10.23 06:30:50.105,1.12399,1.12414,1.19,1.00
2014.10.23 06:30:50.802,1.12399,1.12414,1.00,1.00
2014.10.23 06:30:52.492,1.12401,1.12414,1.00,1.00
2014.10.23 06:30:52.847,1.12399,1.12414,1.00,1.00
2014.10.23 06:30:55.917,1.12402,1.12414,1.00,1.00
2014.10.23 06:30:56.232,1.12399,1.12415,1.00,1.00
2014.10.23 06:30:58.837,1.124,1.12417,1.12,2.44
2014.10.23 06:30:59.344,1.12401,1.12417,1.00,1.25
2014.10.23 06:30:59.944,1.12401,1.12418,1.00,2.62
2014.10.23 06:31:00.158,1.12401,1.12415,1.00,1.00
2014.10.23 06:31:00.664,1.12399,1.12415,1.25,1.12
2014.10.23 06:31:00.765,1.12398,1.12413,1.19,1.00
2014.10.23 06:31:00.969,1.12398,1.12415,1.19,1.50
2014.10.23 06:31:01.425,1.12397,1.12415,2.81,1.87
2014.10.23 06:31:01.944,1.12399,1.12415,1.00,1.12
2014.10.23 06:31:03.243,1.124,1.12417,1.00,2.06
2014.10.23 06:31:05.821,1.12401,1.12417,1.00,1.12
2014.10.23 06:31:09.601,1.12401,1.12413,1.00,1.00
2014.10.23 06:31:09.804,1.12398,1.12414,2.89,1.00
2014.10.23 06:31:10.304,1.12398,1.12416,3.64,1.50
2014.10.23 06:31:10.918,1.124,1.12418,1.19,1.62
2014.10.23 06:31:12.051,1.12402,1.12419,1.25,2.81
2014.10.23 06:31:12.596,1.12402,1.12419,1.25,2.81
2014.10.23 06:31:14.273,1.12402,1.12419,1.00,1.87
2014.10.23 06:31:14.911,1.12402,1.12419,2.85,1.12
2014.10.23 06:31:15.115,1.12404,1.12421,2.25,1.37
2014.10.23 06:31:15.216,1.12404,1.12423,2.25,2.81
2014.10.23 06:31:15.681,1.12406,1.12423,1.00,1.37
2014.10.23 06:31:16.256,1.12405,1.12423,1.25,1.37
2014.10.23 06:31:16.816,1.12405,1.12423,1.19,1.12
2014.10.23 06:31:18.266,1.12405,1.12423,1.69,1.12
2014.10.23 06:31:19.436,1.12405,1.12424,1.19,2.81
2014.10.23 06:31:20.830,1.12406,1.12424,1.25,1.87
2014.10.23 06:31:22.041,1.12406,1.12424,1.25,1.87
2014.10.23 06:31:22.481,1.1241,1.12426,1.00,2.81
2014.10.23 06:31:22.836,1.12409,1.12426,1.25,1.87
2014.10.23 06:31:23.969,1.12407,1.12426,2.29,3.37
2014.10.23 06:31:25.250,1.12407,1.12421,1.19,1.87
2014.10.23 06:31:25.301,1.12406,1.12421,2.25,1.87
2014.10.23 06:31:25.403,1.12406,1.12418,1.00,1.00
2014.10.23 06:31:25.504,1.12401,1.12417,1.25,1.87
2014.10.23 06:31:26.010,1.12398,1.12416,1.00,1.00
2014.10.23 06:31:26.643,1.12397,1.12416,2.10,1.00
2014.10.23 06:31:26.744,1.12397,1.12416,1.35,1.37
2014.10.23 06:31:27.273,1.12397,1.12416,1.00,1.37
2014.10.23 06:31:28.497,1.12397,1.12416,1.87,1.62
2014.10.23 06:31:29.154,1.12397,1.12416,1.50,1.31
2014.10.23 06:31:30.318,1.12397,1.12416,1.50,1.12
2014.10.23 06:31:30.626,1.12397,1.12414,1.50,1.00
2014.10.23 06:31:33.161,1.12397,1.12413,2.25,1.00
2014.10.23 06:31:33.969,1.12398,1.12413,1.00,1.00
2014.10.23 06:31:34.843,1.12398,1.12414,1.00,1.00
2014.10.23 06:31:41.892,1.12397,1.1241,1.00,1.00
2014.10.23 06:31:41.993,1.12397,1.12412,1.00,1.00
2014.10.23 06:31:42.095,1.12397,1.12414,1.00,2.32
2014.10.23 06:31:42.902,1.12397,1.12415,1.00,2.06
2014.10.23 06:31:43.530,1.12397,1.12411,1.00,1.00
2014.10.23 06:31:43.632,1.12397,1.12414,1.50,1.00
2014.10.23 06:31:44.532,1.12397,1.12411,1.69,1.00
2014.10.23 06:31:44.633,1.12397,1.12413,1.25,1.12
2014.10.23 06:31:45.197,1.12401,1.12413,1.00,1.12
2014.10.23 06:31:45.979,1.12397,1.12413,1.25,1.12
2014.10.23 06:31:46.030,1.12397,1.12413,1.25,1.37
2014.10.23 06:31:50.318,1.12397,1.12412,1.00,1.12
2014.10.23 06:31:50.621,1.12397,1.1241,1.50,1.00
2014.10.23 06:31:50.932,1.12401,1.12411,1.00,1.00
2014.10.23 06:31:51.453,1.12397,1.12411,1.69,1.00
2014.10.23 06:31:57.422,1.12397,1.12412,1.00,1.12
2014.10.23 06:31:58.336,1.12397,1.12412,1.00,1.37
2014.10.23 06:31:58.842,1.12396,1.12412,1.25,1.37
2014.10.23 06:31:59.446,1.12396,1.12412,1.25,1.12
2014.10.23 06:32:00.794,1.12397,1.12412,1.00,1.12
2014.10.23 06:32:03.016,1.12396,1.12412,1.00,1.12
2014.10.23 06:32:03.411,1.12397,1.12409,1.00,1.00
2014.10.23 06:32:03.563,1.12392,1.12409,1.87,1.87
2014.10.23 06:32:03.917,1.12392,1.12406,1.00,1.00
2014.10.23 06:32:04.325,1.1239,1.12406,1.31,1.00
2014.10.23 06:32:04.670,1.12392,1.12406,1.00,1.00
2014.10.23 06:32:05.206,1.12392,1.12407,1.37,1.00
2014.10.23 06:32:05.739,1.12392,1.12408,1.00,1.00
2014.10.23 06:32:05.942,1.12393,1.12412,1.37,4.31
2014.10.23 06:32:06.599,1.12395,1.12412,1.87,1.50
2014.10.23 06:32:06.801,1.12398,1.12413,1.12,1.00
2014.10.23 06:32:07.334,1.12399,1.12415,1.12,1.19
2014.10.23 06:32:07.846,1.12396,1.12415,1.37,2.25
2014.10.23 06:32:08.380,1.12395,1.12414,3.56,1.00
2014.10.23 06:32:09.160,1.12397,1.12415,1.12,2.44
2014.10.23 06:32:09.680,1.12398,1.12415,1.00,1.69
2014.10.23 06:32:10.190,1.12397,1.12415,1.12,2.44
2014.10.23 06:32:14.187,1.12397,1.12415,1.37,2.62
2014.10.23 06:32:14.972,1.12399,1.12415,1.95,2.62
2014.10.23 06:32:15.124,1.12401,1.12417,1.87,1.31
2014.10.23 06:32:15.430,1.12403,1.12418,1.95,1.37
2014.10.23 06:32:15.481,1.12401,1.12418,1.87,1.37
2014.10.23 06:32:15.993,1.12401,1.12418,1.87,1.00
2014.10.23 06:32:16.297,1.12401,1.12419,2.81,1.31
2014.10.23 06:32:16.561,1.12401,1.12418,2.81,1.00
2014.10.23 06:32:16.902,1.12401,1.12418,1.62,1.00
2014.10.23 06:32:17.797,1.12401,1.12418,1.31,1.12
2014.10.23 06:32:24.440,1.12402,1.12418,1.00,1.12
2014.10.23 06:32:27.054,1.12402,1.12418,1.00,1.37
2014.10.23 06:32:27.567,1.124,1.12418,3.64,2.62
2014.10.23 06:32:28.510,1.124,1.12418,3.64,2.62
2014.10.23 06:32:29.212,1.124,1.12418,3.64,2.62
2014.10.23 06:32:33.019,1.12401,1.12418,1.00,3.00
2014.10.23 06:32:33.554,1.12401,1.12418,1.50,2.25
2014.10.23 06:32:36.759,1.12402,1.12418,1.00,2.25
2014.10.23 06:32:37.561,1.12402,1.12418,1.00,1.87
2014.10.23 06:32:43.239,1.12402,1.12418,1.00,1.87
2014.10.23 06:32:43.342,1.12402,1.12418,1.37,1.50
2014.10.23 06:32:43.394,1.12403,1.1242,1.87,1.31
2014.10.23 06:32:43.446,1.12403,1.12421,1.87,2.81
2014.10.23 06:32:43.851,1.12407,1.12421,1.00,1.31
2014.10.23 06:32:44.406,1.12406,1.12421,1.12,1.31
2014.10.23 06:32:44.931,1.12406,1.12421,1.12,1.31
2014.10.23 06:32:45.450,1.12406,1.12421,1.37,1.31
2014.10.23 06:32:47.552,1.12406,1.12421,1.37,1.00
2014.10.23 06:32:48.609,1.12406,1.12422,1.12,1.31
2014.10.23 06:32:49.074,1.12406,1.12422,1.37,1.31
2014.10.23 06:32:49.579,1.12405,1.12423,1.37,5.06
2014.10.23 06:32:50.794,1.12405,1.12423,1.12,5.06
2014.10.23 06:32:52.376,1.12405,1.12423,1.37,4.31
2014.10.23 06:32:52.985,1.12405,1.12423,1.37,3.56
2014.10.23 06:32:57.133,1.12405,1.12421,1.37,1.00
2014.10.23 06:32:57.640,1.12403,1.12421,2.06,1.50
2014.10.23 06:32:57.691,1.12407,1.12421,1.00,1.50
2014.10.23 06:33:03.211,1.12403,1.12421,1.69,1.87
2014.10.23 06:33:03.262,1.12403,1.12421,2.06,1.87
2014.10.23 06:33:03.566,1.12403,1.12421,1.00,1.62
2014.10.23 06:33:04.455,1.12403,1.12421,1.00,1.62
2014.10.23 06:33:09.218,1.12403,1.12421,1.87,2.06
2014.10.23 06:33:09.862,1.12403,1.12421,1.87,2.06
2014.10.23 06:33:10.581,1.12403,1.12421,2.06,2.06
2014.10.23 06:33:11.010,1.12403,1.12421,1.69,1.69
2014.10.23 06:33:11.217,1.12403,1.12421,1.62,1.25
2014.10.23 06:33:12.030,1.12405,1.12421,1.37,1.25
2014.10.23 06:33:12.132,1.12405,1.12421,1.50,1.25
2014.10.23 06:33:12.183,1.12407,1.12424,2.81,1.50
2014.10.23 06:33:12.284,1.12408,1.12426,1.56,1.00
2014.10.23 06:33:12.956,1.12412,1.12426,1.00,1.00
2014.10.23 06:33:13.057,1.12412,1.12429,1.12,3.26
2014.10.23 06:33:13.570,1.12413,1.12429,1.12,2.51
2014.10.23 06:33:14.644,1.12411,1.12429,1.69,3.07
2014.10.23 06:33:15.151,1.12412,1.12428,1.00,1.37
2014.10.23 06:33:15.261,1.1241,1.12428,2.32,1.37
2014.10.23 06:33:15.783,1.12411,1.12428,1.00,1.87
2014.10.23 06:33:18.173,1.12412,1.12428,1.00,1.37
2014.10.23 06:33:19.107,1.12411,1.12428,1.00,1.87
2014.10.23 06:33:20.545,1.12411,1.12428,1.00,3.37
2014.10.23 06:33:21.176,1.12411,1.12428,1.00,3.37
2014.10.23 06:33:22.450,1.12411,1.12428,1.00,2.25
2014.10.23 06:33:22.975,1.12411,1.12428,1.69,2.06
2014.10.23 06:33:27.190,1.12412,1.12428,1.00,1.87
2014.10.23 06:33:29.520,1.12412,1.12428,1.00,2.06
2014.10.23 06:33:31.769,1.12411,1.12427,1.50,1.62
2014.10.23 06:33:32.270,1.12412,1.12427,1.00,1.62
2014.10.23 06:33:32.574,1.12408,1.12426,1.19,1.87
2014.10.23 06:33:32.776,1.12407,1.12426,2.44,2.06
2014.10.23 06:33:33.309,1.12407,1.12426,1.69,2.06
2014.10.23 06:33:35.244,1.12409,1.12426,1.00,1.37
2014.10.23 06:33:35.907,1.12409,1.12427,1.00,2.81
2014.10.23 06:33:36.917,1.12409,1.12427,1.00,3.56
2014.10.23 06:33:37.445,1.12409,1.12427,1.00,2.81
2014.10.23 06:33:39.492,1.12409,1.12427,1.19,3.56
2014.10.23 06:33:40.042,1.12409,1.12427,1.19,3.56
2014.10.23 06:33:41.190,1.12409,1.12427,1.00,4.31
2014.10.23 06:33:42.774,1.12407,1.12425,2.81,1.31
2014.10.23 06:33:42.875,1.12407,1.12421,1.87,1.00
2014.10.23 06:33:43.579,1.12407,1.12421,1.37,1.00
2014.10.23 06:33:44.085,1.12407,1.12421,1.12,1.00
2014.10.23 06:33:48.588,1.12406,1.12421,1.00,1.00
2014.10.23 06:33:48.892,1.12403,1.12417,1.19,1.00
2014.10.23 06:33:49.499,1.12401,1.12417,2.06,1.00
2014.10.23 06:33:52.189,1.12402,1.12417,1.37,1.00
2014.10.23 06:33:52.442,1.12401,1.1242,4.31,1.31
2014.10.23 06:33:55.218,1.12401,1.1242,4.31,1.31
2014.10.23 06:33:59.297,1.12404,1.12421,1.00,1.56
2014.10.23 06:33:59.348,1.12405,1.12422,1.56,1.50
2014.10.23 06:33:59.550,1.12408,1.12425,1.00,1.12
2014.10.23 06:34:00.064,1.12408,1.12424,1.00,1.00
2014.10.23 06:34:03.662,1.12408,1.12425,1.12,1.00
2014.10.23 06:34:04.010,1.12408,1.12423,1.37,1.00
2014.10.23 06:34:04.530,1.12408,1.12423,1.37,1.00
2014.10.23 06:34:05.090,1.12408,1.12423,1.19,1.00
2014.10.23 06:34:05.923,1.12408,1.12423,1.25,1.00
2014.10.23 06:34:06.435,1.12407,1.12423,5.66,1.00
2014.10.23 06:34:06.587,1.12408,1.12425,1.62,1.00
2014.10.23 06:34:07.101,1.12409,1.12425,1.31,1.00
2014.10.23 06:34:09.777,1.12409,1.12425,2.44,1.00
2014.10.23 06:34:10.849,1.12409,1.12425,2.81,1.00
2014.10.23 06:34:14.443,1.12409,1.12425,1.31,1.00
2014.10.23 06:34:15.098,1.12411,1.12425,1.00,1.00
2014.10.23 06:34:15.470,1.12409,1.12425,1.31,1.00
2014.10.23 06:34:15.551,1.12409,1.12425,2.06,1.00
2014.10.23 06:34:17.049,1.12409,1.12425,2.06,1.00
2014.10.23 06:34:20.405,1.12409,1.12424,1.19,1.00
2014.10.23 06:34:20.711,1.12408,1.12422,1.12,1.00
2014.10.23 06:34:21.109,1.12407,1.1242,1.37,1.00
2014.10.23 06:34:21.782,1.12407,1.1242,1.12,1.00
2014.10.23 06:34:23.535,1.12406,1.1242,1.25,1.00
2014.10.23 06:34:27.103,1.12404,1.1242,2.62,1.00
2014.10.23 06:34:27.406,1.12403,1.12418,1.69,1.00
2014.10.23 06:34:27.761,1.12402,1.12417,1.35,1.37
2014.10.23 06:34:27.862,1.12402,1.12418,1.72,1.12
2014.10.23 06:34:28.238,1.12405,1.12419,1.00,1.25
2014.10.23 06:34:30.047,1.12405,1.12419,1.37,1.00
2014.10.23 06:34:31.708,1.12405,1.12419,1.12,1.00
2014.10.23 06:34:32.828,1.12405,1.1242,1.12,1.00
2014.10.23 06:34:33.132,1.12408,1.1242,1.00,1.00
2014.10.23 06:34:33.183,1.12408,1.12426,1.50,2.81
2014.10.23 06:34:34.656,1.12408,1.12426,1.19,1.87
2014.10.23 06:34:35.589,1.12409,1.12426,1.69,1.37
2014.10.23 06:34:35.692,1.12412,1.12426,1.00,1.25
2014.10.23 06:34:35.996,1.12413,1.1243,4.20,2.06
2014.10.23 06:34:36.958,1.12413,1.1243,1.25,1.19
2014.10.23 06:34:37.464,1.12413,1.12429,1.62,1.25
2014.10.23 06:34:38.576,1.12413,1.12432,1.31,3.56
2014.10.23 06:34:38.779,1.12413,1.12432,1.31,3.56
2014.10.23 06:34:38.919,1.12413,1.12432,1.62,2.81
2014.10.23 06:34:39.424,1.12416,1.12432,1.00,3.56
2014.10.23 06:34:39.963,1.12415,1.12432,1.87,3.56
2014.10.23 06:34:40.488,1.12415,1.12432,2.81,1.19
2014.10.23 06:34:40.868,1.12418,1.12432,1.00,1.19
2014.10.23 06:34:41.449,1.12418,1.12433,1.00,2.06
2014.10.23 06:34:42.523,1.12418,1.12433,1.12,2.06
2014.10.23 06:34:43.412,1.12418,1.12432,1.00,1.00
2014.10.23 06:34:44.016,1.12418,1.12432,1.00,2.06
2014.10.23 06:34:44.169,1.12416,1.12432,1.25,2.06
2014.10.23 06:34:47.354,1.12416,1.12432,1.12,2.81
2014.10.23 06:34:48.616,1.12418,1.12432,1.12,1.25
2014.10.23 06:34:48.768,1.12419,1.12435,1.31,1.37
2014.10.23 06:34:49.275,1.1242,1.12435,2.25,1.37
2014.10.23 06:34:49.882,1.1242,1.12436,3.19,1.87
2014.10.23 06:34:50.968,1.1242,1.12434,1.69,1.12
2014.10.23 06:34:51.119,1.1242,1.12434,1.69,1.37
2014.10.23 06:34:51.423,1.12417,1.1243,1.00,1.87
2014.10.23 06:34:51.474,1.12414,1.12427,1.00,1.37
2014.10.23 06:34:51.790,1.12412,1.12429,3.64,1.37
2014.10.23 06:34:58.713,1.12412,1.12429,5.89,1.37
2014.10.23 06:34:59.732,1.12412,1.12429,5.89,1.37
2014.10.23 06:35:00.036,1.12415,1.1243,1.12,1.00
2014.10.23 06:35:00.091,1.12415,1.12428,1.12,1.00
2014.10.23 06:35:00.194,1.1242,1.12434,1.50,2.32
2014.10.23 06:35:00.296,1.1242,1.12438,1.50,4.01
2014.10.23 06:35:00.449,1.12422,1.12438,1.00,2.06
2014.10.23 06:35:01.632,1.12421,1.12438,1.69,1.87
2014.10.23 06:35:08.185,1.12421,1.12438,3.97,1.50
2014.10.23 06:35:08.337,1.12426,1.12442,1.00,1.37
2014.10.23 06:35:08.842,1.12426,1.12444,3.19,1.62
2014.10.23 06:35:09.161,1.12426,1.12444,3.19,1.62
2014.10.23 06:35:10.447,1.12428,1.12444,1.00,1.37
2014.10.23 06:35:11.300,1.12428,1.12444,1.50,1.37
2014.10.23 06:35:13.674,1.12428,1.12444,1.25,1.37
2014.10.23 06:35:17.599,1.12428,1.12443,1.25,1.37
2014.10.23 06:35:17.751,1.12424,1.1244,1.00,1.37
2014.10.23 06:35:17.801,1.12423,1.12439,1.00,1.37
2014.10.23 06:35:18.310,1.12421,1.12437,1.19,1.37
2014.10.23 06:35:18.821,1.12421,1.12438,1.00,1.37
2014.10.23 06:35:19.354,1.12421,1.12435,1.69,1.00
2014.10.23 06:35:20.192,1.12422,1.12435,1.69,1.00
2014.10.23 06:35:20.832,1.12422,1.12439,1.69,1.37
2014.10.23 06:35:21.257,1.12422,1.12439,1.25,1.37
2014.10.23 06:35:22.308,1.12422,1.12437,1.19,1.37
2014.10.23 06:35:25.986,1.12422,1.12438,1.19,1.37
2014.10.23 06:35:26.492,1.12422,1.12438,1.19,1.00
2014.10.23 06:35:27.084,1.12422,1.12438,1.19,1.37
2014.10.23 06:35:29.378,1.12422,1.12438,1.19,1.87
2014.10.23 06:35:30.380,1.12423,1.12438,1.19,1.87
2014.10.23 06:35:35.194,1.12422,1.12438,1.19,1.37
2014.10.23 06:35:36.446,1.12423,1.12438,1.19,1.37
2014.10.23 06:35:39.304,1.12422,1.12438,1.69,1.37
2014.10.23 06:35:43.938,1.12422,1.12438,1.19,1.37
2014.10.23 06:35:45.921,1.12423,1.12439,1.19,1.37
2014.10.23 06:35:47.736,1.12421,1.12439,1.69,1.56
2014.10.23 06:35:48.839,1.12421,1.12436,1.25,1.12
2014.10.23 06:35:53.391,1.12421,1.12436,1.69,1.37
2014.10.23 06:35:53.796,1.12418,1.12435,1.69,3.00
2014.10.23 06:35:53.847,1.12418,1.12429,1.00,1.00
2014.10.23 06:35:53.948,1.12415,1.12429,1.19,1.12
2014.10.23 06:35:54.962,1.12413,1.12429,1.19,1.12
2014.10.23 06:35:56.528,1.12413,1.1243,2.44,1.31
2014.10.23 06:35:57.708,1.12413,1.1243,1.69,1.62
2014.10.23 06:35:58.899,1.12415,1.12431,1.00,1.56
2014.10.23 06:35:59.450,1.12413,1.12431,2.44,1.56
2014.10.23 06:35:59.979,1.12413,1.12431,2.44,1.62
2014.10.23 06:36:01.105,1.12413,1.12431,1.69,1.62
2014.10.23 06:36:03.376,1.12413,1.12431,1.69,2.06
2014.10.23 06:36:03.520,1.12413,1.12431,1.69,2.06
2014.10.23 06:36:04.479,1.12413,1.1243,1.00,1.62
2014.10.23 06:36:06.649,1.12413,1.12431,1.50,2.06
2014.10.23 06:36:06.989,1.12416,1.12431,1.00,2.06
2014.10.23 06:36:07.119,1.12413,1.12431,2.25,1.56
2014.10.23 06:36:07.322,1.12416,1.12432,1.00,1.56
2014.10.23 06:36:07.710,1.12416,1.12433,1.25,1.56
2014.10.23 06:36:08.346,1.12416,1.12433,1.25,1.56
2014.10.23 06:36:09.058,1.12416,1.12433,1.25,1.56
2014.10.23 06:36:13.439,1.12415,1.12433,1.69,2.06
2014.10.23 06:36:13.540,1.12415,1.12433,1.69,2.06
2014.10.23 06:36:13.693,1.12413,1.12431,1.19,4.01
2014.10.23 06:36:14.213,1.12412,1.12431,2.81,2.89
2014.10.23 06:36:16.138,1.12414,1.12433,1.31,4.76
2014.10.23 06:36:17.030,1.12414,1.12431,1.31,1.00
2014.10.23 06:36:17.458,1.12414,1.1243,1.00,2.06
2014.10.23 06:36:17.963,1.12412,1.1243,2.81,2.06
2014.10.23 06:36:19.624,1.12413,1.12432,2.06,1.31
2014.10.23 06:36:20.175,1.12412,1.12431,2.44,2.06
2014.10.23 06:36:20.327,1.12411,1.12429,3.26,1.25
2014.10.23 06:36:22.901,1.12411,1.1243,1.87,2.51
2014.10.23 06:36:23.407,1.12411,1.1243,2.62,1.25
2014.10.23 06:36:24.540,1.12414,1.12432,1.00,1.16
2014.10.23 06:36:26.528,1.12414,1.12432,1.12,1.42
2014.10.23 06:36:26.814,1.12413,1.12429,1.12,1.00
2014.10.23 06:36:27.387,1.12412,1.12431,2.06,1.56
2014.10.23 06:36:28.813,1.12413,1.1243,1.37,1.25
2014.10.23 06:36:29.325,1.12413,1.1243,1.12,1.31
2014.10.23 06:36:30.998,1.12413,1.1243,1.37,1.25
2014.10.23 06:36:31.503,1.12413,1.1243,1.12,1.12
2014.10.23 06:36:32.214,1.12413,1.1243,1.87,1.00
2014.10.23 06:36:32.764,1.12413,1.1243,1.87,1.12
2014.10.23 06:36:34.295,1.12413,1.1243,1.69,1.37
2014.10.23 06:36:35.295,1.12413,1.1243,1.50,1.25
2014.10.23 06:36:36.577,1.12414,1.1243,1.00,1.12
2014.10.23 06:36:46.828,1.12414,1.12428,1.00,1.00
2014.10.23 06:36:59.260,1.12414,1.1243,1.25,1.00
2014.10.23 06:37:03.438,1.12414,1.1243,1.19,1.00
2014.10.23 06:37:04.737,1.12414,1.1243,1.25,1.00
2014.10.23 06:37:05.652,1.12414,1.1243,1.62,1.00
2014.10.23 06:37:05.753,1.12415,1.12432,1.37,1.00
2014.10.23 06:37:06.292,1.12415,1.12432,1.37,1.00
2014.10.23 06:37:06.827,1.12416,1.12433,1.37,1.19
2014.10.23 06:37:07.871,1.12415,1.12433,1.37,1.69
2014.10.23 06:37:13.500,1.12416,1.12433,1.37,1.19
2014.10.23 06:37:14.963,1.12416,1.12433,1.37,1.69
2014.10.23 06:37:17.868,1.12415,1.12432,1.37,1.19
2014.10.23 06:37:18.682,1.12413,1.12432,3.19,1.56
2014.10.23 06:37:18.784,1.12413,1.12431,1.50,1.56
2014.10.23 06:37:19.088,1.12412,1.12427,1.00,1.00
2014.10.23 06:37:19.398,1.12411,1.12425,1.69,1.00
2014.10.23 06:37:20.050,1.12411,1.12426,1.50,1.00
2014.10.23 06:37:20.910,1.12411,1.12425,1.00,1.00
2014.10.23 06:37:21.415,1.1241,1.12425,1.25,1.37
2014.10.23 06:37:22.127,1.1241,1.12425,1.00,1.37
2014.10.23 06:37:22.910,1.1241,1.12425,1.00,1.37
2014.10.23 06:37:23.553,1.1241,1.12425,1.00,1.37
2014.10.23 06:37:23.981,1.1241,1.12421,1.00,1.00
2014.10.23 06:37:24.285,1.12412,1.12421,1.00,1.00
2014.10.23 06:37:24.437,1.12409,1.12421,1.25,1.00
2014.10.23 06:37:26.076,1.12411,1.12421,1.00,1.00
2014.10.23 06:37:29.355,1.12411,1.12424,1.00,1.37
2014.10.23 06:37:30.487,1.12411,1.12422,1.00,1.00
2014.10.23 06:37:30.689,1.12411,1.1242,1.00,1.00
2014.10.23 06:37:31.073,1.12407,1.12419,1.00,1.00
2014.10.23 06:37:31.604,1.12407,1.12418,1.00,1.00
2014.10.23 06:37:34.423,1.12407,1.12421,1.00,2.70
2014.10.23 06:37:35.405,1.12407,1.12419,1.00,1.00
2014.10.23 06:37:37.070,1.12407,1.1242,1.00,1.00
2014.10.23 06:37:38.949,1.12407,1.12421,1.00,1.00
2014.10.23 06:37:39.465,1.12407,1.1242,1.00,1.00
2014.10.23 06:37:41.180,1.12405,1.1242,1.00,1.00
2014.10.23 06:37:41.686,1.12406,1.12421,1.00,1.50
2014.10.23 06:37:42.215,1.12406,1.12419,1.12,1.00
2014.10.23 06:37:44.015,1.12405,1.12419,1.50,1.00
2014.10.23 06:37:50.340,1.12405,1.12419,1.87,1.00
2014.10.23 06:37:50.543,1.12404,1.12418,1.00,1.00
2014.10.23 06:37:50.645,1.12406,1.12418,1.00,1.00
2014.10.23 06:37:50.847,1.12403,1.12418,1.69,1.00
2014.10.23 06:37:50.949,1.12406,1.12421,1.00,3.64
2014.10.23 06:37:51.264,1.12406,1.12419,1.00,1.00
2014.10.23 06:37:51.315,1.12403,1.12419,1.31,1.00
2014.10.23 06:37:51.366,1.12401,1.12417,1.69,1.95
2014.10.23 06:37:51.568,1.12401,1.12417,1.00,1.95
2014.10.23 06:37:52.685,1.12401,1.12417,1.87,2.70
2014.10.23 06:37:55.716,1.12402,1.12417,1.37,2.70
2014.10.23 06:38:00.710,1.12402,1.12417,1.37,2.70
2014.10.23 06:38:04.404,1.12402,1.12417,1.37,1.00
2014.10.23 06:38:04.629,1.12402,1.12417,1.37,1.00
2014.10.23 06:38:04.700,1.12402,1.12417,1.37,1.00
2014.10.23 06:38:06.302,1.12402,1.12417,1.37,1.00
2014.10.23 06:38:09.426,1.12401,1.12417,2.06,1.00
2014.10.23 06:38:09.736,1.12407,1.1242,2.62,1.00
2014.10.23 06:38:09.838,1.12407,1.1242,2.25,1.00
2014.10.23 06:38:09.889,1.12407,1.12423,2.25,1.00
2014.10.23 06:38:09.941,1.12407,1.12423,2.62,1.00
2014.10.23 06:38:09.991,1.12407,1.12425,3.37,4.84
2014.10.23 06:38:10.042,1.12407,1.12425,3.37,5.21
2014.10.23 06:38:10.093,1.12407,1.1242,2.62,1.00
2014.10.23 06:38:10.397,1.12407,1.12423,1.37,1.00
2014.10.23 06:38:10.751,1.12407,1.12421,1.00,1.00
2014.10.23 06:38:11.055,1.12406,1.12419,1.00,1.00
2014.10.23 06:38:11.232,1.12404,1.12419,1.00,1.00
2014.10.23 06:38:11.333,1.12407,1.12419,1.00,1.00
2014.10.23 06:38:14.823,1.12407,1.12417,1.00,1.00
2014.10.23 06:38:15.183,1.12402,1.12417,1.00,1.00
2014.10.23 06:38:16.121,1.12408,1.1242,1.00,1.62
2014.10.23 06:38:16.273,1.1241,1.12422,1.00,1.50
2014.10.23 06:38:16.374,1.1241,1.12427,1.00,4.01
2014.10.23 06:38:19.633,1.1241,1.12427,1.62,1.00
2014.10.23 06:38:20.261,1.1241,1.12428,2.06,2.81
2014.10.23 06:38:20.807,1.1241,1.12428,1.87,2.81
2014.10.23 06:38:21.338,1.1241,1.12428,1.50,2.06
2014.10.23 06:38:21.883,1.1241,1.12426,1.69,1.00
2014.10.23 06:38:22.873,1.12412,1.12428,1.00,4.76
2014.10.23 06:38:23.739,1.12414,1.12428,1.00,3.26
2014.10.23 06:38:24.290,1.12413,1.12428,1.00,1.95
2014.10.23 06:38:27.852,1.12413,1.12429,1.00,3.56
2014.10.23 06:38:31.518,1.12412,1.12428,1.00,1.00
2014.10.23 06:38:46.395,1.12413,1.12429,1.00,1.00
2014.10.23 06:38:46.705,1.12416,1.12431,1.12,1.00
2014.10.23 06:38:47.217,1.12417,1.12431,1.00,1.00
2014.10.23 06:38:47.725,1.12417,1.12432,1.00,1.00
2014.10.23 06:38:49.480,1.12414,1.12432,1.87,1.00
2014.10.23 06:38:50.238,1.12417,1.12432,1.00,1.00
2014.10.23 06:38:50.794,1.12417,1.12433,1.50,1.31
2014.10.23 06:38:51.097,1.12419,1.12435,1.12,2.44
2014.10.23 06:38:51.350,1.12419,1.12436,1.12,2.06
2014.10.23 06:38:53.671,1.12418,1.12436,1.87,2.81
2014.10.23 06:38:55.160,1.12418,1.12436,1.87,3.19
2014.10.23 06:38:55.676,1.1242,1.12436,1.00,1.69
2014.10.23 06:38:56.192,1.12419,1.12436,1.12,2.44
2014.10.23 06:38:58.078,1.12419,1.12436,1.37,2.25
2014.10.23 06:39:04.284,1.12419,1.12436,1.37,2.81
2014.10.23 06:39:05.396,1.12419,1.12436,1.37,2.62
2014.10.23 06:39:06.855,1.12421,1.12436,1.00,1.12
2014.10.23 06:39:09.613,1.12419,1.12435,2.44,1.00
2014.10.23 06:39:11.014,1.1242,1.12436,1.25,1.00
2014.10.23 06:39:13.990,1.12422,1.12436,1.00,1.00
2014.10.23 06:39:15.203,1.12423,1.12436,1.00,1.00
2014.10.23 06:39:15.462,1.12417,1.12436,2.89,1.50
2014.10.23 06:39:15.513,1.12416,1.12435,2.81,1.62
2014.10.23 06:39:15.843,1.12414,1.1243,1.56,1.00
2014.10.23 06:39:16.200,1.12417,1.12434,1.69,1.00
2014.10.23 06:39:16.302,1.1242,1.12434,1.25,1.00
2014.10.23 06:39:16.353,1.12421,1.12436,1.00,1.00
2014.10.23 06:39:16.405,1.12422,1.12439,1.19,4.20
2014.10.23 06:39:16.861,1.12422,1.12442,2.25,1.69
2014.10.23 06:39:17.014,1.12422,1.12442,3.94,1.50
2014.10.23 06:39:17.530,1.12422,1.12442,3.19,1.69
2014.10.23 06:39:17.856,1.12426,1.12442,1.37,1.31
2014.10.23 06:39:18.111,1.1243,1.12447,1.31,1.12
2014.10.23 06:39:18.212,1.12432,1.12447,1.00,1.00
2014.10.23 06:39:18.466,1.12434,1.1245,1.00,1.00
2014.10.23 06:39:19.080,1.12434,1.12451,1.00,1.31
2014.10.23 06:39:19.643,1.12434,1.12451,1.62,1.12
2014.10.23 06:39:20.157,1.12434,1.12451,1.25,1.12
2014.10.23 06:39:21.005,1.12434,1.12451,1.25,1.37
2014.10.23 06:39:21.309,1.12427,1.12444,1.19,1.87
2014.10.23 06:39:21.360,1.12425,1.12442,1.91,1.95
2014.10.23 06:39:22.136,1.12424,1.12441,1.69,1.95
2014.10.23 06:39:22.642,1.12424,1.12441,1.31,2.14
2014.10.23 06:39:24.372,1.12424,1.12441,1.25,2.14
2014.10.23 06:39:26.045,1.12422,1.1244,2.81,1.00
2014.10.23 06:39:26.573,1.12422,1.1244,2.81,1.00
2014.10.23 06:39:27.343,1.12422,1.1244,2.06,1.00
2014.10.23 06:39:27.903,1.12422,1.1244,2.81,1.25
2014.10.23 06:39:27.955,1.12421,1.12437,1.25,1.00
2014.10.23 06:39:28.259,1.12418,1.12434,1.69,1.00
2014.10.23 06:39:28.309,1.12417,1.12434,1.31,1.25
2014.10.23 06:39:28.360,1.12417,1.12432,1.37,1.25
2014.10.23 06:39:28.462,1.12416,1.12432,1.25,1.69
2014.10.23 06:39:28.664,1.12416,1.12431,1.00,1.19
2014.10.23 06:39:29.032,1.12413,1.12431,1.19,1.19
2014.10.23 06:39:29.544,1.12413,1.12429,1.19,1.50
2014.10.23 06:39:29.697,1.12413,1.12429,1.62,1.69
2014.10.23 06:39:30.219,1.12414,1.12429,1.37,1.69
2014.10.23 06:39:30.558,1.12412,1.12426,1.69,1.00
2014.10.23 06:39:30.609,1.12412,1.12426,1.37,1.00
2014.10.23 06:39:30.979,1.12412,1.12429,1.87,1.19
2014.10.23 06:39:31.468,1.12412,1.12429,1.50,1.19
2014.10.23 06:39:31.671,1.1241,1.12426,1.31,1.00
2014.10.23 06:39:31.976,1.12407,1.12424,1.19,2.25
2014.10.23 06:39:32.784,1.12407,1.12424,1.00,2.44
2014.10.23 06:39:32.987,1.12404,1.12423,2.44,1.00
2014.10.23 06:39:33.144,1.12406,1.12421,1.00,1.00
2014.10.23 06:39:33.448,1.12402,1.12417,1.25,1.00
2014.10.23 06:39:34.106,1.12402,1.12417,1.37,1.00
2014.10.23 06:39:34.359,1.12403,1.1242,1.62,1.69
2014.10.23 06:39:34.461,1.12403,1.1242,1.62,1.69
2014.10.23 06:39:34.563,1.12403,1.1242,1.25,1.69
2014.10.23 06:39:34.614,1.12403,1.12418,1.25,1.00
2014.10.23 06:39:35.322,1.12403,1.12421,1.25,5.14
2014.10.23 06:39:35.474,1.12405,1.12421,1.00,4.39
2014.10.23 06:39:35.992,1.12407,1.12421,1.00,3.45
2014.10.23 06:39:36.533,1.12406,1.12421,1.87,1.95
2014.10.23 06:39:37.077,1.12407,1.12422,1.12,1.00
2014.10.23 06:39:38.746,1.12407,1.12424,1.00,1.25
2014.10.23 06:39:38.796,1.12408,1.12424,1.37,1.25
2014.10.23 06:39:38.948,1.1241,1.12429,1.62,1.00
2014.10.23 06:39:39.459,1.1241,1.12428,1.25,1.00
2014.10.23 06:39:39.510,1.12412,1.12428,1.00,1.00
2014.10.23 06:39:39.915,1.12412,1.12425,1.25,1.00
2014.10.23 06:39:40.168,1.12409,1.12426,1.00,2.70
2014.10.23 06:39:40.979,1.12407,1.12426,2.06,2.70
2014.10.23 06:39:41.081,1.12407,1.12426,3.19,2.70
2014.10.23 06:39:41.283,1.12407,1.12426,2.06,2.14
2014.10.23 06:39:41.485,1.12409,1.12426,1.50,2.14
2014.10.23 06:39:41.688,1.12415,1.12427,1.00,1.50
2014.10.23 06:39:43.036,1.12415,1.1243,1.12,1.69
2014.10.23 06:39:43.536,1.12415,1.1243,1.37,1.69
2014.10.23 06:39:44.059,1.12415,1.1243,1.00,1.69
2014.10.23 06:39:45.074,1.12416,1.1243,1.00,1.69
2014.10.23 06:39:45.175,1.12416,1.12427,1.12,1.00
2014.10.23 06:39:45.806,1.12415,1.12427,1.00,1.00
2014.10.23 06:39:46.477,1.12416,1.12427,1.00,1.00
2014.10.23 06:39:46.932,1.12416,1.12427,1.37,1.00
2014.10.23 06:39:47.763,1.12416,1.12427,1.12,1.00
2014.10.23 06:39:48.359,1.12415,1.12427,1.37,1.00
2014.10.23 06:39:48.688,1.12415,1.12427,1.12,1.00
2014.10.23 06:39:48.907,1.12415,1.1243,1.12,1.69
2014.10.23 06:39:48.958,1.12415,1.1243,1.37,1.69
2014.10.23 06:39:50.663,1.12415,1.1243,1.37,1.25
2014.10.23 06:39:52.089,1.12415,1.1243,1.37,1.25
2014.10.23 06:39:52.693,1.12415,1.1243,1.37,1.25
2014.10.23 06:39:53.227,1.12415,1.1243,1.37,1.19
2014.10.23 06:39:53.480,1.12415,1.1243,1.12,1.19
2014.10.23 06:39:53.988,1.12415,1.1243,1.37,1.00
2014.10.23 06:39:54.498,1.12417,1.1243,1.00,1.00
2014.10.23 06:39:55.793,1.12417,1.1243,1.37,1.00
2014.10.23 06:39:55.895,1.12417,1.1243,1.12,1.00
2014.10.23 06:39:57.613,1.12413,1.12429,2.06,1.00
2014.10.23 06:39:59.657,1.12413,1.12429,1.56,1.00
2014.10.23 06:40:00.315,1.12413,1.12429,1.37,1.25
2014.10.23 06:40:00.416,1.12413,1.12429,1.37,1.25
2014.10.23 06:40:01.041,1.12416,1.12431,1.50,2.89
2014.10.23 06:40:01.145,1.12418,1.12432,1.00,1.69
2014.10.23 06:40:01.246,1.12416,1.12432,1.00,4.39
2014.10.23 06:40:01.348,1.12416,1.12429,1.00,1.00
2014.10.23 06:40:01.854,1.12414,1.1243,1.37,1.00
2014.10.23 06:40:02.935,1.12414,1.12431,2.44,1.19
2014.10.23 06:40:03.037,1.12414,1.12431,2.06,1.19
2014.10.23 06:40:03.608,1.12413,1.12432,2.81,3.64
2014.10.23 06:40:05.537,1.12413,1.12432,2.06,2.89
2014.10.23 06:40:08.043,1.12413,1.12432,2.06,2.89
2014.10.23 06:40:08.595,1.12413,1.12432,2.06,2.89
2014.10.23 06:40:08.957,1.12413,1.12432,1.62,2.89
2014.10.23 06:40:09.162,1.12413,1.12432,1.62,3.64
2014.10.23 06:40:09.264,1.12412,1.12429,1.19,1.50
2014.10.23 06:40:09.467,1.12409,1.12428,1.56,2.44
2014.10.23 06:40:09.643,1.12409,1.12424,1.37,1.19
2014.10.23 06:40:09.896,1.12407,1.12423,1.00,1.69
2014.10.23 06:40:10.872,1.12407,1.12423,1.50,1.69
2014.10.23 06:40:11.601,1.12407,1.12422,1.37,1.25
2014.10.23 06:40:12.122,1.12407,1.12421,1.62,1.00
2014.10.23 06:40:13.292,1.12407,1.12421,1.12,1.00
2014.10.23 06:40:13.495,1.12404,1.12421,1.25,1.37
2014.10.23 06:40:13.900,1.12402,1.12418,1.31,1.00
2014.10.23 06:40:14.204,1.124,1.12416,1.69,1.00
2014.10.23 06:40:14.715,1.124,1.12418,1.69,2.44
2014.10.23 06:40:15.027,1.12402,1.12418,1.50,1.56
2014.10.23 06:40:15.544,1.12402,1.12418,1.00,2.06
2014.10.23 06:40:15.798,1.12402,1.12415,1.00,1.12
2014.10.23 06:40:15.849,1.12399,1.12415,1.25,1.12
2014.10.23 06:40:16.517,1.12399,1.12415,1.37,1.25
2014.10.23 06:40:17.023,1.12399,1.12416,1.25,3.45
2014.10.23 06:40:17.730,1.12398,1.12416,1.56,3.45
2014.10.23 06:40:18.617,1.12397,1.12414,2.06,1.00
2014.10.23 06:40:20.009,1.12399,1.12414,1.19,1.37
2014.10.23 06:40:20.313,1.12397,1.12413,1.19,3.37
2014.10.23 06:40:20.618,1.12386,1.124,2.44,1.00
2014.10.23 06:40:20.972,1.12384,1.12401,1.56,1.00
2014.10.23 06:40:21.377,1.12387,1.12401,1.00,1.00
2014.10.23 06:40:21.680,1.12386,1.12403,1.00,1.00
2014.10.23 06:40:21.933,1.12386,1.12403,1.19,1.37
2014.10.23 06:40:23.148,1.12387,1.12403,1.00,3.26
2014.10.23 06:40:23.828,1.12385,1.12403,1.31,4.76
2014.10.23 06:40:24.339,1.12384,1.12403,2.06,5.32
2014.10.23 06:40:24.884,1.12384,1.12403,2.81,1.87
2014.10.23 06:40:25.423,1.12387,1.12403,1.00,1.00
2014.10.23 06:40:25.828,1.12386,1.12403,1.37,1.00
2014.10.23 06:40:26.550,1.12386,1.12404,1.62,1.12
2014.10.23 06:40:26.954,1.12389,1.12404,1.69,1.00
2014.10.23 06:40:27.005,1.12392,1.12408,1.12,1.50
2014.10.23 06:40:27.536,1.12392,1.12409,1.37,1.25
2014.10.23 06:40:28.168,1.12392,1.12409,1.56,1.00
2014.10.23 06:40:28.528,1.12392,1.12408,1.12,2.89
2014.10.23 06:40:28.883,1.12391,1.12404,1.00,1.00
2014.10.23 06:40:29.086,1.12391,1.12406,1.00,1.50
2014.10.23 06:40:29.137,1.12391,1.12406,1.00,1.87
2014.10.23 06:40:29.239,1.12387,1.12405,2.81,1.37
2014.10.23 06:40:29.391,1.12387,1.12402,2.06,1.00
2014.10.23 06:40:29.492,1.12386,1.12404,1.62,1.12
2014.10.23 06:40:30.155,1.12386,1.12404,1.62,1.50
2014.10.23 06:40:30.670,1.12386,1.12403,1.62,1.00
2014.10.23 06:40:31.957,1.12386,1.12403,1.31,1.12
2014.10.23 06:40:32.962,1.12386,1.12403,1.87,1.00
2014.10.23 06:40:33.063,1.12388,1.12404,1.91,1.00
2014.10.23 06:40:33.265,1.12393,1.12409,1.12,3.45
2014.10.23 06:40:33.771,1.12392,1.12409,1.50,1.50
2014.10.23 06:40:34.023,1.12392,1.12411,1.50,2.44
2014.10.23 06:40:34.175,1.12393,1.12411,1.69,1.50
2014.10.23 06:40:34.486,1.12397,1.12409,1.00,1.00
2014.10.23 06:40:34.689,1.12397,1.12412,1.00,1.25
2014.10.23 06:40:35.043,1.12396,1.12409,1.00,1.00
2014.10.23 06:40:35.145,1.12396,1.12412,1.00,1.25
2014.10.23 06:40:35.600,1.12396,1.12414,1.50,3.19
2014.10.23 06:40:36.067,1.12397,1.12414,1.37,1.69
2014.10.23 06:40:36.377,1.12397,1.12412,1.37,1.00
2014.10.23 06:40:36.580,1.12394,1.1241,1.25,2.25
2014.10.23 06:40:36.782,1.12393,1.12408,1.12,1.00
2014.10.23 06:40:37.292,1.12393,1.12409,1.12,1.12
2014.10.23 06:40:37.546,1.12389,1.12407,1.31,1.00
2014.10.23 06:40:38.051,1.12389,1.12408,1.62,2.81
2014.10.23 06:40:38.555,1.12391,1.12408,1.00,2.81
2014.10.23 06:40:39.061,1.12391,1.12408,1.00,2.81
2014.10.23 06:40:39.163,1.12391,1.12404,1.00,1.00
2014.10.23 06:40:39.416,1.12382,1.12397,1.62,1.00
2014.10.23 06:40:39.517,1.12382,1.12399,1.62,1.00
2014.10.23 06:40:39.789,1.12387,1.12399,1.00,1.00
2014.10.23 06:40:40.573,1.12381,1.12399,2.81,1.00
2014.10.23 06:40:41.189,1.12386,1.12401,1.00,4.01
2014.10.23 06:40:41.645,1.12383,1.12403,1.37,2.06
2014.10.23 06:40:42.252,1.12383,1.12403,1.37,2.06
2014.10.23 06:40:42.404,1.12387,1.12401,1.00,1.12
2014.10.23 06:40:42.505,1.12382,1.12401,2.06,1.37
2014.10.23 06:40:42.607,1.12382,1.124,1.25,2.25
2014.10.23 06:40:42.911,1.12381,1.12393,1.00,1.00
2014.10.23 06:40:42.962,1.12377,1.12393,1.00,2.25
2014.10.23 06:40:43.346,1.12377,1.12391,1.00,1.00
2014.10.23 06:40:43.498,1.12376,1.12393,1.00,1.00
2014.10.23 06:40:45.173,1.12377,1.12393,1.00,1.12
2014.10.23 06:40:45.834,1.12372,1.12393,2.81,1.12
2014.10.23 06:40:45.935,1.12376,1.12393,1.00,1.37
2014.10.23 06:40:46.138,1.12372,1.12391,1.25,1.37
2014.10.23 06:40:46.713,1.12372,1.12391,1.69,1.00
2014.10.23 06:40:48.097,1.12372,1.12391,1.50,1.37
2014.10.23 06:40:49.014,1.12372,1.12391,1.87,1.12
2014.10.23 06:40:49.116,1.12372,1.12391,1.87,1.12
2014.10.23 06:40:49.803,1.12372,1.12393,2.06,1.69
2014.10.23 06:40:50.340,1.12372,1.12393,2.06,1.69
2014.10.23 06:40:50.644,1.12377,1.12393,2.89,1.00
2014.10.23 06:40:50.745,1.12379,1.12397,1.00,1.00
2014.10.23 06:40:50.847,1.1238,1.12399,1.00,1.50
2014.10.23 06:40:51.301,1.1238,1.12397,1.00,1.00
2014.10.23 06:40:51.807,1.12381,1.12398,1.00,1.00
2014.10.23 06:40:52.311,1.12381,1.12398,1.19,1.00
2014.10.23 06:40:53.494,1.12381,1.12397,1.19,1.00
2014.10.23 06:40:54.161,1.12382,1.12398,1.87,1.00
2014.10.23 06:40:54.905,1.12382,1.12397,1.87,1.00
2014.10.23 06:40:56.441,1.12381,1.12397,2.06,1.00
2014.10.23 06:40:56.983,1.12381,1.12398,2.66,1.00
2014.10.23 06:40:57.637,1.12384,1.12398,1.19,1.12
2014.10.23 06:40:57.991,1.12384,1.12396,1.19,1.00
2014.10.23 06:40:58.674,1.1238,1.12396,3.79,1.12
2014.10.23 06:40:58.775,1.12379,1.12395,1.19,1.87
2014.10.23 06:40:58.977,1.12377,1.12393,1.19,1.00
2014.10.23 06:40:59.130,1.12377,1.12391,1.19,1.00
2014.10.23 06:40:59.282,1.12374,1.12388,1.00,1.00
2014.10.23 06:40:59.333,1.12372,1.12386,1.19,1.00
2014.10.23 06:40:59.586,1.12368,1.12385,4.39,1.50
2014.10.23 06:41:00.124,1.12368,1.12384,2.14,1.00
2014.10.23 06:41:00.225,1.12368,1.12382,2.14,1.00
2014.10.23 06:41:00.529,1.12367,1.12379,2.29,1.00
2014.10.23 06:41:00.631,1.12367,1.12382,1.35,1.00
2014.10.23 06:41:01.066,1.12367,1.1238,1.00,1.00
2014.10.23 06:41:01.217,1.12366,1.12382,1.00,1.00
2014.10.23 06:41:01.836,1.12364,1.1238,1.54,1.00
2014.10.23 06:41:02.199,1.12366,1.1238,1.25,1.37
2014.10.23 06:41:02.897,1.12364,1.1238,1.05,1.37
2014.10.23 06:41:03.100,1.12364,1.12378,1.05,1.37
2014.10.23 06:41:03.606,1.12364,1.12379,1.05,1.37
2014.10.23 06:41:04.415,1.12365,1.12378,1.00,1.37
2014.10.23 06:41:04.618,1.12367,1.1238,1.00,1.12
2014.10.23 06:41:04.820,1.12367,1.12384,1.00,1.87
2014.10.23 06:41:04.922,1.12368,1.12384,1.12,1.50
2014.10.23 06:41:05.023,1.12368,1.12385,1.37,1.31
2014.10.23 06:41:05.125,1.12368,1.12386,1.00,2.06
2014.10.23 06:41:05.529,1.12368,1.12386,1.56,1.87
2014.10.23 06:41:06.064,1.12368,1.12386,2.06,1.87
2014.10.23 06:41:07.008,1.12368,1.12386,1.19,1.87
2014.10.23 06:41:07.312,1.12367,1.12384,1.69,1.37
2014.10.23 06:41:07.919,1.12366,1.12384,2.06,1.37
2014.10.23 06:41:09.328,1.12368,1.12384,1.12,1.00
2014.10.23 06:41:09.430,1.12371,1.12386,1.00,3.56
2014.10.23 06:41:10.301,1.12371,1.12386,1.00,2.44
2014.10.23 06:41:10.402,1.12371,1.12386,1.00,1.69
2014.10.23 06:41:10.924,1.12367,1.12381,1.25,1.37
2014.10.23 06:41:11.229,1.1236,1.12375,1.19,1.50
2014.10.23 06:41:11.431,1.12358,1.12374,1.19,1.50
2014.10.23 06:41:12.455,1.12359,1.12374,1.19,1.37
2014.10.23 06:41:12.810,1.12357,1.12374,2.29,1.37
2014.10.23 06:41:13.363,1.12357,1.12374,1.69,1.50
2014.10.23 06:41:13.869,1.12356,1.12374,2.89,2.44
2014.10.23 06:41:14.915,1.12356,1.12374,2.89,2.25
2014.10.23 06:41:16.302,1.12357,1.12371,1.00,1.87
2014.10.23 06:41:16.809,1.12357,1.12371,1.00,2.81
2014.10.23 06:41:17.371,1.12357,1.12372,1.00,1.19
2014.10.23 06:41:17.573,1.12357,1.12374,1.00,2.06
2014.10.23 06:41:18.092,1.12358,1.12374,1.00,1.31
2014.10.23 06:41:18.194,1.12358,1.12374,1.37,1.25
2014.10.23 06:41:18.731,1.1236,1.12377,1.00,2.06
2014.10.23 06:41:19.240,1.12363,1.12378,1.00,1.62
2014.10.23 06:41:19.393,1.12362,1.12378,1.12,1.25
2014.10.23 06:41:19.494,1.12362,1.12379,1.00,1.37
2014.10.23 06:41:20.102,1.12363,1.12379,1.00,1.50
2014.10.23 06:41:20.795,1.12363,1.12379,1.00,2.06
2014.10.23 06:41:21.340,1.12363,1.12379,1.00,3.94
2014.10.23 06:41:24.308,1.12363,1.12379,1.00,3.56
2014.10.23 06:41:24.412,1.12363,1.12379,1.12,2.81
2014.10.23 06:41:24.918,1.12363,1.1238,1.37,2.06
2014.10.23 06:41:25.543,1.12363,1.12382,2.06,3.41
2014.10.23 06:41:25.645,1.12363,1.1238,1.19,1.37
2014.10.23 06:41:26.268,1.12363,1.1238,1.19,1.37
2014.10.23 06:41:26.983,1.12362,1.1238,1.19,1.37
2014.10.23 06:41:27.490,1.12362,1.12378,1.62,1.12
2014.10.23 06:41:28.271,1.12363,1.12381,1.87,1.56
2014.10.23 06:41:28.474,1.12364,1.12382,1.56,1.72
2014.10.23 06:41:28.988,1.12366,1.12382,1.00,1.72
2014.10.23 06:41:29.855,1.12366,1.12382,1.37,1.35
2014.10.23 06:41:30.007,1.12367,1.12384,1.56,1.00
2014.10.23 06:41:30.158,1.12368,1.12387,1.37,3.22
2014.10.23 06:41:31.694,1.12369,1.12388,2.06,2.47
2014.10.23 06:41:32.502,1.12371,1.12389,4.20,2.62
2014.10.23 06:41:32.805,1.12369,1.12387,2.44,1.37
2014.10.23 06:41:33.683,1.12369,1.12387,1.25,1.87
2014.10.23 06:41:33.986,1.12372,1.12387,1.00,2.62
2014.10.23 06:41:34.138,1.12369,1.12387,1.25,2.62
2014.10.23 06:41:34.596,1.12369,1.12387,1.25,2.62
2014.10.23 06:41:34.647,1.12372,1.12387,1.00,1.87
2014.10.23 06:41:34.951,1.12374,1.12387,1.00,1.37
2014.10.23 06:41:35.054,1.12372,1.12387,1.00,1.37
2014.10.23 06:41:35.561,1.12371,1.12389,4.76,1.37
2014.10.23 06:41:36.229,1.12371,1.12389,4.01,1.37
2014.10.23 06:41:36.915,1.12371,1.1239,3.45,2.62
2014.10.23 06:41:37.071,1.12373,1.1239,1.00,2.62
2014.10.23 06:41:37.585,1.12372,1.12388,1.00,1.37
2014.10.23 06:41:37.946,1.12374,1.1239,1.00,1.37
2014.10.23 06:41:38.944,1.12374,1.1239,1.00,1.37
2014.10.23 06:41:39.236,1.12372,1.12389,1.19,1.87
2014.10.23 06:41:39.439,1.12372,1.12389,1.56,1.50
2014.10.23 06:41:39.540,1.12373,1.12389,1.25,1.37
2014.10.23 06:41:40.712,1.12372,1.12389,1.31,1.37
2014.10.23 06:41:42.170,1.12372,1.12389,1.50,1.37
2014.10.23 06:41:44.309,1.12373,1.12389,1.00,1.37
2014.10.23 06:41:44.737,1.12373,1.12389,1.00,1.37
2014.10.23 06:41:45.746,1.12376,1.12389,1.00,1.37
2014.10.23 06:41:45.941,1.12376,1.12391,1.00,1.12
2014.10.23 06:41:50.068,1.12377,1.12393,1.00,6.07
2014.10.23 06:41:52.173,1.12377,1.12393,1.00,7.01
2014.10.23 06:41:52.274,1.12373,1.1239,1.62,2.62
2014.10.23 06:41:52.578,1.12373,1.12392,1.31,2.81
2014.10.23 06:41:52.780,1.12372,1.12391,3.56,1.37
2014.10.23 06:41:53.709,1.12373,1.12392,1.37,1.87
2014.10.23 06:41:54.229,1.12373,1.12392,1.12,1.87
2014.10.23 06:41:54.799,1.12373,1.12392,1.62,1.87
2014.10.23 06:41:55.304,1.12373,1.12392,1.31,1.87
2014.10.23 06:41:55.809,1.12373,1.12392,1.62,1.87
2014.10.23 06:41:56.113,1.12377,1.12392,1.00,2.62
2014.10.23 06:41:56.521,1.12377,1.12393,1.00,1.37
2014.10.23 06:41:56.725,1.12377,1.12393,1.00,1.37
2014.10.23 06:41:57.247,1.12376,1.12393,1.69,1.00
2014.10.23 06:41:57.755,1.12377,1.12394,1.12,1.12
2014.10.23 06:41:58.428,1.12378,1.12393,1.00,1.37
2014.10.23 06:41:58.990,1.12379,1.12393,1.00,1.37
2014.10.23 06:41:59.166,1.12377,1.12393,1.25,1.37
2014.10.23 06:41:59.268,1.12376,1.12393,1.69,1.12
2014.10.23 06:41:59.723,1.12379,1.12394,1.00,1.00
2014.10.23 06:41:59.774,1.1238,1.12397,1.00,1.00
2014.10.23 06:41:59.825,1.12382,1.12397,1.00,1.00
2014.10.23 06:42:00.078,1.12382,1.12401,1.00,2.62
2014.10.23 06:42:00.280,1.12384,1.12401,1.00,1.87
2014.10.23 06:42:00.761,1.12384,1.12401,1.00,1.00
2014.10.23 06:42:01.312,1.12384,1.12402,1.00,2.25
2014.10.23 06:42:01.363,1.12384,1.12402,1.00,2.62
2014.10.23 06:42:01.679,1.12384,1.12402,1.00,2.62
2014.10.23 06:42:01.831,1.12382,1.124,1.25,3.07
2014.10.23 06:42:02.186,1.12382,1.12399,1.31,1.12
2014.10.23 06:42:02.388,1.12382,1.12399,1.56,1.00
2014.10.23 06:42:02.692,1.12387,1.12404,1.50,1.87
2014.10.23 06:42:03.207,1.12387,1.12403,1.50,1.37
2014.10.23 06:42:03.611,1.12387,1.12406,2.25,1.50
2014.10.23 06:42:03.810,1.12387,1.12404,1.50,1.00
2014.10.23 06:42:03.912,1.12386,1.12399,1.00,1.37
2014.10.23 06:42:04.216,1.1238,1.12397,1.19,1.87
2014.10.23 06:42:04.419,1.12377,1.12397,2.62,5.02
2014.10.23 06:42:04.944,1.12377,1.12393,1.00,2.32
2014.10.23 06:42:04.995,1.12377,1.12393,1.00,2.32
2014.10.23 06:42:05.515,1.12377,1.12393,1.00,3.07
2014.10.23 06:42:06.093,1.12377,1.12393,1.00,3.07
2014.10.23 06:42:07.691,1.12376,1.12393,1.37,3.45
2014.10.23 06:42:07.793,1.12377,1.12396,1.87,3.26
2014.10.23 06:42:08.148,1.12378,1.12391,1.00,1.00
2014.10.23 06:42:08.300,1.12376,1.12391,1.50,1.00
2014.10.23 06:42:08.451,1.12374,1.12391,1.00,1.50
2014.10.23 06:42:08.973,1.12373,1.12391,1.69,1.00
2014.10.23 06:42:10.197,1.12373,1.12391,1.69,1.50
2014.10.23 06:42:10.607,1.12373,1.1239,1.50,1.75
2014.10.23 06:42:11.136,1.12373,1.1239,1.50,1.50
2014.10.23 06:42:11.660,1.12373,1.12389,1.00,1.50
2014.10.23 06:42:12.198,1.12371,1.12389,1.69,1.75
2014.10.23 06:42:14.036,1.12372,1.12385,1.00,1.37
2014.10.23 06:42:14.289,1.12367,1.12381,1.69,1.37
2014.10.23 06:42:14.492,1.12363,1.12381,1.69,1.37
2014.10.23 06:42:14.544,1.12363,1.12381,1.19,3.45
2014.10.23 06:42:14.847,1.12363,1.12383,2.89,2.62
2014.10.23 06:42:15.049,1.12366,1.12383,1.00,1.12
2014.10.23 06:42:15.150,1.12363,1.12383,2.89,1.12
2014.10.23 06:42:15.403,1.12367,1.12383,1.00,1.12
2014.10.23 06:42:16.162,1.12367,1.12383,1.00,1.37
2014.10.23 06:42:16.466,1.12365,1.12383,1.25,1.87
2014.10.23 06:42:16.618,1.12365,1.1238,1.25,1.37
2014.10.23 06:42:16.821,1.12363,1.1238,1.56,1.12
2014.10.23 06:42:17.689,1.12364,1.12382,3.56,1.37
2014.10.23 06:42:18.223,1.12364,1.12381,1.37,1.37
2014.10.23 06:42:19.970,1.12363,1.1238,1.25,1.37
2014.10.23 06:42:20.324,1.12361,1.12377,1.19,1.37
2014.10.23 06:42:20.803,1.1236,1.12377,1.16,1.37
2014.10.23 06:42:21.429,1.12362,1.12377,1.00,1.37
2014.10.23 06:42:22.536,1.12359,1.12376,1.19,1.37
2014.10.23 06:42:22.689,1.12362,1.12375,1.00,1.00
2014.10.23 06:42:22.790,1.12357,1.12376,4.39,1.50
2014.10.23 06:42:22.842,1.12357,1.12372,4.39,1.00
2014.10.23 06:42:23.044,1.12357,1.12374,1.69,1.00
2014.10.23 06:42:23.196,1.12357,1.12376,2.44,2.70
2014.10.23 06:42:23.702,1.12359,1.12376,1.00,1.00
2014.10.23 06:42:23.977,1.12362,1.12377,1.00,1.00
2014.10.23 06:42:24.282,1.12365,1.1238,1.69,1.50
2014.10.23 06:42:24.485,1.12367,1.12383,1.25,1.50
2014.10.23 06:42:24.990,1.12367,1.12382,1.50,1.69
2014.10.23 06:42:25.091,1.12363,1.12378,1.00,1.00
2014.10.23 06:42:25.401,1.12359,1.12375,1.54,1.00
2014.10.23 06:42:25.796,1.12362,1.12376,1.19,1.00
2014.10.23 06:42:26.051,1.12363,1.12378,1.25,1.00
2014.10.23 06:42:26.254,1.12366,1.12379,1.00,2.62
2014.10.23 06:42:26.558,1.12368,1.12382,1.00,1.37
2014.10.23 06:42:26.912,1.12368,1.12379,1.00,1.00
2014.10.23 06:42:27.266,1.12368,1.12383,1.00,1.37
2014.10.23 06:42:27.468,1.12368,1.12379,1.00,1.00
2014.10.23 06:42:27.996,1.12368,1.12381,1.00,1.37
2014.10.23 06:42:28.046,1.12365,1.12381,1.19,1.37
2014.10.23 06:42:28.367,1.12365,1.12379,1.25,1.37
2014.10.23 06:42:28.570,1.12361,1.12377,1.69,1.87
2014.10.23 06:42:28.671,1.12359,1.12373,1.54,1.37
2014.10.23 06:42:28.773,1.12358,1.12373,2.44,1.50
2014.10.23 06:42:29.027,1.12358,1.12376,1.19,1.25
2014.10.23 06:42:29.358,1.12358,1.12374,1.19,1.00
2014.10.23 06:42:29.713,1.12357,1.12376,1.69,1.00
2014.10.23 06:42:29.917,1.12357,1.12374,1.19,1.00
2014.10.23 06:42:30.019,1.12357,1.12376,1.19,1.00
2014.10.23 06:42:30.120,1.12357,1.12374,1.69,1.00
2014.10.23 06:42:30.373,1.12358,1.12376,1.19,1.50
2014.10.23 06:42:30.891,1.12357,1.12376,2.44,2.06
2014.10.23 06:42:31.710,1.12357,1.12376,1.69,2.06
2014.10.23 06:42:32.115,1.12358,1.12376,1.19,1.31
2014.10.23 06:42:32.321,1.12361,1.12378,2.89,1.00
2014.10.23 06:42:32.423,1.12363,1.12379,1.00,2.62
2014.10.23 06:42:32.964,1.12363,1.12379,1.25,1.87
2014.10.23 06:42:33.269,1.12366,1.12381,3.04,1.00
2014.10.23 06:42:33.421,1.1237,1.12384,1.25,1.00
2014.10.23 06:42:33.933,1.12369,1.12385,1.19,1.00
2014.10.23 06:42:34.452,1.12369,1.12384,1.19,1.00
2014.10.23 06:42:34.989,1.12369,1.12384,1.69,1.12
2014.10.23 06:42:35.538,1.12369,1.12385,1.25,1.37
2014.10.23 06:42:35.841,1.12365,1.12381,1.19,1.37
2014.10.23 06:42:36.346,1.12363,1.12381,1.69,3.56
2014.10.23 06:42:37.153,1.12363,1.12381,1.19,3.56
2014.10.23 06:42:38.020,1.12362,1.12379,2.29,1.37
2014.10.23 06:42:38.172,1.12362,1.12379,1.00,1.62
2014.10.23 06:42:38.681,1.12362,1.12379,1.00,1.56
2014.10.23 06:42:39.392,1.12361,1.12379,1.69,2.06
2014.10.23 06:42:39.497,1.12361,1.12379,2.44,1.62
2014.10.23 06:42:39.813,1.12365,1.12381,1.19,1.87
2014.10.23 06:42:40.370,1.12365,1.12381,2.44,1.37
2014.10.23 06:42:40.523,1.12368,1.12383,1.25,1.12
2014.10.23 06:42:40.878,1.12371,1.12385,1.00,1.19
2014.10.23 06:42:41.407,1.12372,1.12385,1.00,1.00
2014.10.23 06:42:41.661,1.12368,1.12385,1.25,1.25
2014.10.23 06:42:41.763,1.12367,1.12383,1.00,1.25
2014.10.23 06:42:42.067,1.12367,1.12381,1.00,1.00
2014.10.23 06:42:42.118,1.12364,1.12381,1.19,1.00
2014.10.23 06:42:42.574,1.12364,1.12379,1.19,1.00
2014.10.23 06:42:43.079,1.12364,1.12382,1.25,1.37
2014.10.23 06:42:43.383,1.12365,1.12383,1.37,3.64
2014.10.23 06:42:43.485,1.12365,1.12383,2.81,1.00
2014.10.23 06:42:43.535,1.12367,1.12385,1.37,2.06
2014.10.23 06:42:43.738,1.12371,1.12385,1.00,1.69
2014.10.23 06:42:43.840,1.12371,1.12387,1.00,1.25
2014.10.23 06:42:43.942,1.12371,1.12389,2.70,1.00
2014.10.23 06:42:44.245,1.12371,1.12387,1.95,1.00
2014.10.23 06:42:44.550,1.12368,1.12381,2.70,1.00
2014.10.23 06:42:44.602,1.12368,1.12383,1.95,1.00
2014.10.23 06:42:44.705,1.12364,1.12384,1.00,3.94
2014.10.23 06:42:44.960,1.12366,1.12384,1.00,3.00
2014.10.23 06:42:45.265,1.12366,1.12386,5.89,2.25
2014.10.23 06:42:45.325,1.12367,1.12383,1.19,1.00
2014.10.23 06:42:45.427,1.12366,1.12384,1.50,2.29
2014.10.23 06:42:45.631,1.12363,1.12381,2.89,1.19
2014.10.23 06:42:46.127,1.12365,1.12383,2.14,2.44
2014.10.23 06:42:46.431,1.1237,1.12384,1.95,1.00
2014.10.23 06:42:46.941,1.1237,1.12385,1.95,1.00
2014.10.23 06:42:48.301,1.1237,1.12385,2.14,1.00
2014.10.23 06:42:48.554,1.1237,1.12388,2.89,3.19
2014.10.23 06:42:49.348,1.1237,1.12385,2.51,1.00
2014.10.23 06:42:50.149,1.1237,1.12387,3.26,1.25
2014.10.23 06:42:50.669,1.1237,1.12388,4.76,1.00
2014.10.23 06:42:51.924,1.1237,1.12387,4.01,1.50
2014.10.23 06:42:52.565,1.1237,1.12387,2.51,1.50
2014.10.23 06:42:52.942,1.1237,1.12387,2.51,1.50
2014.10.23 06:42:54.944,1.1237,1.12388,4.01,1.50
2014.10.23 06:42:55.249,1.12373,1.12389,3.64,1.00
2014.10.23 06:42:55.350,1.12376,1.12391,2.06,1.00
2014.10.23 06:42:55.502,1.12379,1.12394,1.00,1.50
2014.10.23 06:42:55.656,1.12377,1.12396,1.19,2.44
2014.10.23 06:42:55.959,1.1238,1.12396,1.95,1.19
2014.10.23 06:42:56.676,1.1238,1.12394,1.95,1.19
2014.10.23 06:42:57.189,1.1238,1.12394,2.32,1.19
2014.10.23 06:42:57.493,1.1238,1.12398,2.32,3.04
2014.10.23 06:42:58.313,1.1238,1.12394,2.32,1.00
2014.10.23 06:42:58.566,1.1238,1.12394,2.32,1.00
2014.10.23 06:42:58.768,1.12378,1.12395,1.31,1.00
2014.10.23 06:42:59.293,1.12379,1.12395,1.00,1.00
2014.10.23 06:43:00.291,1.12379,1.12395,1.37,1.00
2014.10.23 06:43:00.453,1.12377,1.12395,4.76,1.00
2014.10.23 06:43:00.859,1.12377,1.12395,4.01,1.00
2014.10.23 06:43:01.405,1.12377,1.12395,5.51,1.00
2014.10.23 06:43:01.911,1.12377,1.12393,2.81,1.00
2014.10.23 06:43:02.432,1.12377,1.12393,2.06,1.00
2014.10.23 06:43:02.561,1.12377,1.12395,2.81,1.25
2014.10.23 06:43:02.790,1.12377,1.12395,2.81,1.25
2014.10.23 06:43:02.962,1.12377,1.12395,2.81,1.25
2014.10.23 06:43:03.189,1.12377,1.12395,2.81,1.19
2014.10.23 06:43:03.914,1.12377,1.12395,2.81,1.19
2014.10.23 06:43:04.016,1.12377,1.12395,2.81,1.19
2014.10.23 06:43:04.067,1.12377,1.12395,2.81,1.19
2014.10.23 06:43:04.404,1.12377,1.12394,2.81,1.25
2014.10.23 06:43:04.505,1.12377,1.12394,2.81,1.25
2014.10.23 06:43:05.906,1.12377,1.12394,1.87,1.00
2014.10.23 06:43:06.401,1.12377,1.12394,2.25,1.00
2014.10.23 06:43:06.502,1.12377,1.12394,2.62,1.00
2014.10.23 06:43:06.705,1.12377,1.12394,1.87,1.00
2014.10.23 06:43:06.778,1.12377,1.12394,1.87,1.00
2014.10.23 06:43:07.311,1.12378,1.12395,1.00,1.25
2014.10.23 06:43:07.955,1.12377,1.12394,2.89,1.00
2014.10.23 06:43:08.296,1.12377,1.12394,3.26,1.00
2014.10.23 06:43:08.945,1.12378,1.12394,1.12,1.25
2014.10.23 06:43:09.732,1.12377,1.12394,3.82,1.25
2014.10.23 06:43:10.098,1.12376,1.12392,1.00,1.00
2014.10.23 06:43:10.404,1.12376,1.12394,1.12,1.25
2014.10.23 06:43:10.506,1.12376,1.12394,1.87,1.19
2014.10.23 06:43:11.832,1.12379,1.12397,1.00,1.69
2014.10.23 06:43:12.375,1.12378,1.12396,1.37,1.69
2014.10.23 06:43:12.426,1.12378,1.12395,1.00,1.25
2014.10.23 06:43:12.932,1.12377,1.12394,1.37,1.00
2014.10.23 06:43:13.033,1.12376,1.12394,1.50,1.00
2014.10.23 06:43:13.197,1.12376,1.12395,1.87,1.69
2014.10.23 06:43:13.652,1.12377,1.12394,1.12,1.00
2014.10.23 06:43:14.015,1.12377,1.12394,1.37,1.25
2014.10.23 06:43:14.557,1.12377,1.12393,1.37,1.00
2014.10.23 06:43:15.145,1.12377,1.12395,1.37,1.25
2014.10.23 06:43:16.153,1.12377,1.12395,1.37,1.19
2014.10.23 06:43:17.146,1.12377,1.12395,1.37,1.19
2014.10.23 06:43:17.652,1.12379,1.12393,1.37,1.25
2014.10.23 06:43:18.130,1.12377,1.12393,1.87,1.25
2014.10.23 06:43:18.761,1.12376,1.12393,1.12,1.69
2014.10.23 06:43:18.964,1.12376,1.1239,1.12,1.00
2014.10.23 06:43:19.267,1.12378,1.1239,1.00,1.00
2014.10.23 06:43:20.295,1.12374,1.12389,1.87,1.00
2014.10.23 06:43:20.497,1.12374,1.12388,1.12,1.00
2014.10.23 06:43:20.599,1.12373,1.12389,1.87,1.69
2014.10.23 06:43:21.489,1.12373,1.1239,1.37,1.69
2014.10.23 06:43:22.100,1.12373,1.12388,1.37,1.00
2014.10.23 06:43:22.207,1.12373,1.12388,1.12,1.00
2014.10.23 06:43:22.310,1.12373,1.12389,1.37,1.00
2014.10.23 06:43:22.822,1.12372,1.1239,1.37,1.50
2014.10.23 06:43:23.328,1.12376,1.12391,1.00,1.00
2014.10.23 06:43:23.848,1.12376,1.1239,1.00,1.00
2014.10.23 06:43:23.964,1.12376,1.12392,1.00,1.00
2014.10.23 06:43:24.168,1.12377,1.1239,1.00,1.00
2014.10.23 06:43:24.270,1.12375,1.12391,1.00,1.00
2014.10.23 06:43:25.314,1.12375,1.12391,1.37,1.00
2014.10.23 06:43:26.314,1.12375,1.12391,1.37,1.00
2014.10.23 06:43:26.568,1.12374,1.12392,1.12,1.69
2014.10.23 06:43:26.669,1.12374,1.12392,1.37,1.69
2014.10.23 06:43:27.155,1.12374,1.1239,1.00,1.00
2014.10.23 06:43:27.257,1.12376,1.12391,1.00,1.00
2014.10.23 06:43:28.569,1.12376,1.12391,1.87,1.00
2014.10.23 06:43:29.354,1.12376,1.12391,1.00,1.00
2014.10.23 06:43:29.659,1.12372,1.12387,1.37,1.00
2014.10.23 06:43:29.963,1.12372,1.12387,1.87,1.00
2014.10.23 06:43:30.065,1.12372,1.12387,1.87,1.00
2014.10.23 06:43:30.318,1.12375,1.12392,1.12,1.69
2014.10.23 06:43:30.470,1.12377,1.12392,1.37,1.69
2014.10.23 06:43:30.522,1.12378,1.12392,1.37,1.00
2014.10.23 06:43:31.027,1.12377,1.12393,1.37,1.00
2014.10.23 06:43:32.865,1.12377,1.12393,1.00,1.00
2014.10.23 06:43:32.967,1.12377,1.12393,1.37,1.00
2014.10.23 06:43:33.872,1.12377,1.12393,1.12,1.00
2014.10.23 06:43:34.024,1.12376,1.12391,1.25,1.00
2014.10.23 06:43:34.226,1.12372,1.12389,3.41,1.50
2014.10.23 06:43:34.277,1.12372,1.12389,2.66,1.50
2014.10.23 06:43:34.530,1.12374,1.12392,1.00,2.44
2014.10.23 06:43:34.992,1.12374,1.12391,1.37,1.00
2014.10.23 06:43:35.299,1.12374,1.12391,1.50,1.00
2014.10.23 06:43:35.654,1.12378,1.12393,1.37,1.00
2014.10.23 06:43:37.204,1.12377,1.12393,1.95,1.00
2014.10.23 06:43:37.306,1.12377,1.12393,2.32,1.00
2014.10.23 06:43:39.446,1.12377,1.12393,1.95,1.00
2014.10.23 06:43:39.955,1.12377,1.12393,1.37,1.00
2014.10.23 06:43:40.460,1.12377,1.12393,1.12,1.00
2014.10.23 06:43:41.034,1.12377,1.12393,1.00,1.37
2014.10.23 06:43:41.540,1.12376,1.12391,1.50,1.12
2014.10.23 06:43:43.113,1.12376,1.12389,1.00,1.00
2014.10.23 06:43:44.881,1.12376,1.12391,1.00,1.25
2014.10.23 06:43:45.445,1.12376,1.12389,1.00,1.00
2014.10.23 06:43:45.496,1.12373,1.12389,1.00,1.00
2014.10.23 06:43:50.571,1.12373,1.12391,1.87,1.87
2014.10.23 06:43:51.084,1.12373,1.12391,1.87,1.87
2014.10.23 06:43:51.617,1.12373,1.12391,1.87,1.87
2014.10.23 06:43:53.706,1.12373,1.12391,1.50,2.06
2014.10.23 06:43:55.904,1.12372,1.1239,2.85,2.25
2014.10.23 06:43:56.223,1.12372,1.12383,1.00,1.00
2014.10.23 06:43:56.274,1.12368,1.12383,1.00,1.00
2014.10.23 06:43:57.407,1.12368,1.12386,1.37,2.81
2014.10.23 06:43:57.912,1.1237,1.12387,1.50,1.19
2014.10.23 06:43:58.135,1.12371,1.12388,1.00,1.25
2014.10.23 06:43:58.646,1.12371,1.1239,1.25,2.44
2014.10.23 06:43:59.318,1.12371,1.1239,2.06,2.81
2014.10.23 06:43:59.571,1.12376,1.1239,1.00,2.81
2014.10.23 06:43:59.770,1.12372,1.1239,1.25,2.81
2014.10.23 06:43:59.922,1.12377,1.1239,1.00,2.81
2014.10.23 06:44:00.452,1.12377,1.1239,1.00,2.62
2014.10.23 06:44:00.650,1.12372,1.1239,1.25,2.62
2014.10.23 06:44:01.004,1.12376,1.1239,1.00,1.50
2014.10.23 06:44:01.622,1.12378,1.12392,1.12,1.69
2014.10.23 06:44:01.925,1.12377,1.12393,1.00,1.31
2014.10.23 06:44:02.431,1.12376,1.12394,1.00,1.62
2014.10.23 06:44:04.406,1.12377,1.12395,1.00,2.06
2014.10.23 06:44:04.459,1.12377,1.1239,1.00,1.00
2014.10.23 06:44:04.510,1.12375,1.1239,1.00,1.00
2014.10.23 06:44:04.714,1.12376,1.12392,1.00,1.00
2014.10.23 06:44:05.221,1.12376,1.12393,1.00,1.25
2014.10.23 06:44:07.582,1.12377,1.12393,1.00,1.00
2014.10.23 06:44:08.246,1.12376,1.12393,1.12,1.00
2014.10.23 06:44:11.163,1.12376,1.12393,2.62,1.00
2014.10.23 06:44:12.139,1.12377,1.12392,1.37,1.00
2014.10.23 06:44:12.680,1.12376,1.12391,2.62,1.00
2014.10.23 06:44:13.224,1.12374,1.12392,1.87,1.00
2014.10.23 06:44:14.835,1.12374,1.12392,1.87,1.25
2014.10.23 06:44:15.163,1.12374,1.12392,1.87,1.25
2014.10.23 06:44:15.941,1.12374,1.12392,1.87,1.25
2014.10.23 06:44:17.775,1.12374,1.12392,1.87,1.19
2014.10.23 06:44:18.300,1.12374,1.1239,1.00,1.00
2014.10.23 06:44:18.401,1.12376,1.1239,1.00,1.12
2014.10.23 06:44:18.503,1.12372,1.1239,4.39,1.87
2014.10.23 06:44:18.857,1.12372,1.12386,1.00,1.95
2014.10.23 06:44:19.161,1.12372,1.12388,2.25,1.25
2014.10.23 06:44:19.262,1.12376,1.12388,1.00,1.00
2014.10.23 06:44:19.313,1.12376,1.1239,1.00,2.70
2014.10.23 06:44:19.819,1.12377,1.1239,1.00,1.00
2014.10.23 06:44:20.280,1.12373,1.1239,1.87,1.00
2014.10.23 06:44:21.820,1.12376,1.1239,1.00,1.00
2014.10.23 06:44:22.649,1.12373,1.1239,1.87,1.00
2014.10.23 06:44:23.381,1.12376,1.1239,1.00,1.00
2014.10.23 06:44:26.282,1.12377,1.1239,1.00,1.00
2014.10.23 06:44:26.550,1.12377,1.12392,1.12,1.25
2014.10.23 06:44:28.395,1.12377,1.12392,2.06,1.00
2014.10.23 06:44:28.447,1.12377,1.12394,2.81,3.45
2014.10.23 06:44:28.548,1.12378,1.12396,1.87,1.25
2014.10.23 06:44:28.599,1.12381,1.12396,1.25,1.00
2014.10.23 06:44:30.129,1.12381,1.12394,1.25,1.95
2014.10.23 06:44:30.306,1.12377,1.12391,1.87,1.95
2014.10.23 06:44:30.408,1.12377,1.12389,1.00,1.95
2014.10.23 06:44:30.712,1.12372,1.12387,1.62,1.95
2014.10.23 06:44:31.470,1.12377,1.12387,1.00,1.95
2014.10.23 06:44:32.527,1.12377,1.12386,1.00,1.00
2014.10.23 06:44:33.054,1.12377,1.12387,1.00,2.70
2014.10.23 06:44:34.228,1.12372,1.12386,2.06,1.95
2014.10.23 06:44:34.330,1.12372,1.12384,1.62,1.95
2014.10.23 06:44:35.092,1.12372,1.12384,1.62,1.95
2014.10.23 06:44:35.687,1.12372,1.12384,1.62,1.95
2014.10.23 06:44:36.231,1.12376,1.12384,1.00,1.95
2014.10.23 06:44:36.435,1.12372,1.12387,1.56,1.95
2014.10.23 06:44:36.593,1.12372,1.12387,1.56,1.95
2014.10.23 06:44:36.798,1.12372,1.1239,2.06,4.09
2014.10.23 06:44:36.899,1.12375,1.12392,1.25,2.70
2014.10.23 06:44:36.950,1.12377,1.12392,1.00,2.70
2014.10.23 06:44:37.052,1.12375,1.12392,1.25,2.70
2014.10.23 06:44:37.305,1.12378,1.12392,1.00,1.95
2014.10.23 06:44:37.457,1.12379,1.12394,1.00,1.50
2014.10.23 06:44:37.609,1.12381,1.12394,1.00,1.00
2014.10.23 06:44:41.254,1.1238,1.12394,1.25,1.00
2014.10.23 06:44:42.319,1.12378,1.12394,1.62,2.70
2014.10.23 06:44:42.521,1.12381,1.12398,1.00,5.96
2014.10.23 06:44:42.926,1.12383,1.12397,1.00,1.00
2014.10.23 06:44:43.483,1.12382,1.12398,1.25,1.37
2014.10.23 06:44:44.017,1.12382,1.12398,1.25,1.12
2014.10.23 06:44:44.330,1.12381,1.12397,1.25,2.32
2014.10.23 06:44:44.432,1.12381,1.12397,1.25,1.95
2014.10.23 06:44:44.735,1.12382,1.12395,1.00,1.00
2014.10.23 06:44:44.888,1.12378,1.12392,1.31,1.95
2014.10.23 06:44:45.394,1.12377,1.12391,1.69,2.70
2014.10.23 06:44:45.905,1.12376,1.12391,1.69,2.70
2014.10.23 06:44:46.488,1.12376,1.1239,1.69,1.00
2014.10.23 06:44:47.051,1.12376,1.1239,1.87,1.00
2014.10.23 06:44:47.152,1.12376,1.12391,1.87,1.95
2014.10.23 06:44:47.203,1.12382,1.12391,1.00,1.95
2014.10.23 06:44:47.659,1.12382,1.12395,1.00,4.09
2014.10.23 06:44:47.812,1.12384,1.12397,1.00,1.95
2014.10.23 06:44:48.266,1.12383,1.12395,1.00,1.00
2014.10.23 06:44:48.368,1.12383,1.12397,1.00,1.00
2014.10.23 06:44:49.478,1.12383,1.12395,1.00,1.00
2014.10.23 06:44:50.270,1.12387,1.12395,1.00,1.00
2014.10.23 06:44:53.979,1.12387,1.12397,1.00,1.00
2014.10.23 06:44:54.919,1.12383,1.12397,1.25,1.00
2014.10.23 06:44:55.225,1.12387,1.12398,1.00,1.00
2014.10.23 06:44:55.376,1.12383,1.12395,1.25,1.00
2014.10.23 06:44:55.732,1.12382,1.12392,1.00,1.00
2014.10.23 06:44:57.095,1.12387,1.12392,1.00,1.00
2014.10.23 06:44:57.247,1.12382,1.12392,1.00,1.00
2014.10.23 06:44:57.765,1.12381,1.12392,1.00,1.00
2014.10.23 06:44:58.494,1.12381,1.12393,1.00,1.00
2014.10.23 06:44:59.013,1.12382,1.12393,1.00,1.00
2014.10.23 06:44:59.621,1.1238,1.12393,1.00,1.00
2014.10.23 06:45:00.304,1.12382,1.12393,1.00,1.00
2014.10.23 06:45:00.418,1.1238,1.12393,1.00,1.00
2014.10.23 06:45:00.468,1.1238,1.12391,1.00,1.00
2014.10.23 06:45:01.028,1.12381,1.12391,1.00,1.00
2014.10.23 06:45:01.537,1.1238,1.12391,1.00,1.00
2014.10.23 06:45:02.610,1.12381,1.12391,1.00,1.00
2014.10.23 06:45:03.125,1.12382,1.12391,1.00,1.00
2014.10.23 06:45:03.668,1.1238,1.12391,1.19,1.00
2014.10.23 06:45:04.238,1.1238,1.12391,1.25,1.00
2014.10.23 06:45:04.658,1.12382,1.12393,1.00,1.00
2014.10.23 06:45:04.911,1.1238,1.12393,1.25,1.00
2014.10.23 06:45:05.475,1.1238,1.12393,1.31,1.00
2014.10.23 06:45:09.304,1.1238,1.12393,1.37,1.00
2014.10.23 06:45:10.111,1.12381,1.12393,1.50,1.00
2014.10.23 06:45:10.572,1.12383,1.12397,3.26,1.00
2014.10.23 06:45:11.255,1.12386,1.12398,1.87,1.00
2014.10.23 06:45:11.824,1.12386,1.12399,1.87,1.00
2014.10.23 06:45:12.737,1.12387,1.12399,1.00,1.00
2014.10.23 06:45:13.249,1.12387,1.124,1.00,1.00
2014.10.23 06:45:13.662,1.12387,1.12404,1.37,1.50
2014.10.23 06:45:13.864,1.12389,1.12405,1.37,1.50
2014.10.23 06:45:14.016,1.12389,1.12407,4.76,2.06
2014.10.23 06:45:14.067,1.12393,1.12407,1.00,1.50
2014.10.23 06:45:14.371,1.12396,1.12408,1.95,1.00
2014.10.23 06:45:14.575,1.12394,1.12408,1.69,1.00
2014.10.23 06:45:15.066,1.12394,1.12408,2.06,1.00
2014.10.23 06:45:15.169,1.12394,1.12408,2.06,1.00
2014.10.23 06:45:15.321,1.12394,1.12406,2.06,1.00
2014.10.23 06:45:15.827,1.12394,1.12407,2.06,1.00
2014.10.23 06:45:16.490,1.12394,1.12408,1.69,1.00
2014.10.23 06:45:17.042,1.12394,1.12408,1.00,1.37
2014.10.23 06:45:17.347,1.1239,1.12401,1.87,1.00
2014.10.23 06:45:17.398,1.1239,1.12403,1.87,1.00
2014.10.23 06:45:18.173,1.1239,1.12403,1.87,1.00
2014.10.23 06:45:18.274,1.12391,1.12407,1.12,2.89
2014.10.23 06:45:18.377,1.12391,1.12407,1.37,2.14
2014.10.23 06:45:18.696,1.12392,1.12405,1.12,1.00
2014.10.23 06:45:18.747,1.12392,1.12408,1.12,1.00
2014.10.23 06:45:18.951,1.12392,1.12406,1.12,1.00
2014.10.23 06:45:19.052,1.12392,1.12408,1.00,1.00
2014.10.23 06:45:19.256,1.12392,1.12408,1.37,1.50
2014.10.23 06:45:19.560,1.12395,1.12409,1.37,1.00
2014.10.23 06:45:19.711,1.12395,1.12411,1.37,1.00
2014.10.23 06:45:20.250,1.12395,1.12411,1.31,1.00
2014.10.23 06:45:20.916,1.12395,1.12411,1.31,1.00
2014.10.23 06:45:21.352,1.12395,1.12411,1.62,1.00
2014.10.23 06:45:21.555,1.12395,1.12413,1.62,1.12
2014.10.23 06:45:22.093,1.12395,1.12413,1.62,2.25
2014.10.23 06:45:25.232,1.12395,1.12412,1.56,1.95
2014.10.23 06:45:25.809,1.12396,1.12412,1.37,2.32
2014.10.23 06:45:26.324,1.12396,1.12412,1.12,1.95
2014.10.23 06:45:26.375,1.12396,1.12409,1.37,1.00
2014.10.23 06:45:26.480,1.12396,1.1241,1.12,1.00
2014.10.23 06:45:27.145,1.12396,1.12409,1.00,1.00
2014.10.23 06:45:27.711,1.12395,1.12408,1.12,1.00
2014.10.23 06:45:28.217,1.12395,1.12408,1.37,1.00
2014.10.23 06:45:29.149,1.12397,1.12408,1.00,1.00
2014.10.23 06:45:30.318,1.12397,1.12408,1.37,1.00
2014.10.23 06:45:30.419,1.12397,1.12408,1.12,1.00
2014.10.23 06:45:32.428,1.12397,1.1241,1.12,1.00
2014.10.23 06:45:32.531,1.12397,1.12408,1.12,1.00
2014.10.23 06:45:32.632,1.12397,1.1241,1.12,1.00
2014.10.23 06:45:33.156,1.12397,1.1241,1.37,1.00
2014.10.23 06:45:33.728,1.12395,1.1241,1.19,1.50
2014.10.23 06:45:33.778,1.12395,1.12406,1.31,1.00
2014.10.23 06:45:34.082,1.12394,1.12403,1.31,1.00
2014.10.23 06:45:34.133,1.12392,1.12403,3.26,1.00
2014.10.23 06:45:36.333,1.12392,1.12403,3.26,1.00
2014.10.23 06:45:38.662,1.12391,1.12403,2.62,1.00
2014.10.23 06:45:38.713,1.12392,1.12406,1.37,1.00
2014.10.23 06:45:39.223,1.12393,1.12407,1.87,1.00
2014.10.23 06:45:39.326,1.12393,1.12408,2.62,1.00
2014.10.23 06:45:39.629,1.12397,1.1241,1.00,1.00
2014.10.23 06:45:39.772,1.12393,1.1241,1.50,1.00
2014.10.23 06:45:39.823,1.12393,1.12408,1.50,1.00
2014.10.23 06:45:40.135,1.12396,1.12408,1.00,1.00
2014.10.23 06:45:44.341,1.12396,1.12408,1.37,1.00
2014.10.23 06:45:44.853,1.12396,1.12411,1.12,1.50
2014.10.23 06:45:44.904,1.12395,1.12411,1.37,1.50
2014.10.23 06:45:45.106,1.12396,1.12411,1.87,1.00
2014.10.23 06:45:45.658,1.12397,1.12411,1.00,1.00
2014.10.23 06:45:46.075,1.12397,1.12414,1.87,1.12
2014.10.23 06:45:46.585,1.12397,1.12414,2.62,1.12
2014.10.23 06:45:49.429,1.12397,1.12414,1.25,1.37
2014.10.23 06:45:50.616,1.12397,1.12414,1.50,1.12
2014.10.23 06:45:51.150,1.12397,1.12414,1.00,1.87
2014.10.23 06:45:51.664,1.12397,1.12414,1.00,1.87
2014.10.23 06:45:54.517,1.12398,1.12415,2.62,1.00
2014.10.23 06:45:55.024,1.124,1.12415,1.31,1.00
2014.10.23 06:45:56.183,1.124,1.12412,1.19,1.00
2014.10.23 06:45:56.691,1.124,1.12412,1.19,1.00
2014.10.23 06:45:57.639,1.12398,1.12412,1.62,1.00
2014.10.23 06:46:01.022,1.12397,1.12413,3.94,1.00
2014.10.23 06:46:01.123,1.12402,1.12413,1.00,1.00
2014.10.23 06:46:01.599,1.12397,1.12413,3.19,1.00
2014.10.23 06:46:02.918,1.12402,1.12413,1.00,1.00
2014.10.23 06:46:03.690,1.12402,1.12412,1.00,1.00
2014.10.23 06:46:04.306,1.12398,1.12412,1.19,1.00
2014.10.23 06:46:04.864,1.12397,1.12412,2.44,1.00
2014.10.23 06:46:05.427,1.12397,1.12412,2.06,1.00
2014.10.23 06:46:05.780,1.12397,1.12412,2.06,1.00
2014.10.23 06:46:06.145,1.12397,1.12412,2.06,1.00
2014.10.23 06:46:06.747,1.12397,1.12412,2.81,1.00
2014.10.23 06:46:09.929,1.12397,1.12412,2.06,1.00
2014.10.23 06:46:10.394,1.12397,1.12412,1.62,1.00
2014.10.23 06:46:15.174,1.12397,1.12412,2.06,1.00
2014.10.23 06:46:17.524,1.12402,1.12412,1.00,1.00
2014.10.23 06:46:18.071,1.12402,1.12413,1.00,1.00
2014.10.23 06:46:22.156,1.12402,1.12411,1.00,1.00
2014.10.23 06:46:26.314,1.12397,1.12411,2.81,1.00
2014.10.23 06:46:30.183,1.12397,1.12411,1.56,1.00
2014.10.23 06:46:30.954,1.12397,1.12411,1.56,1.00
2014.10.23 06:46:31.559,1.12401,1.12411,1.00,1.00
2014.10.23 06:46:31.610,1.12401,1.12413,1.37,1.00
2014.10.23 06:46:31.762,1.12401,1.12415,1.87,1.00
2014.10.23 06:46:31.914,1.12402,1.12416,1.69,1.00
2014.10.23 06:46:31.964,1.12402,1.12419,1.69,1.00
2014.10.23 06:46:32.471,1.12403,1.12418,1.25,1.00
2014.10.23 06:46:32.522,1.12403,1.12416,1.25,1.00
2014.10.23 06:46:33.384,1.12403,1.12415,1.25,1.00
2014.10.23 06:46:34.213,1.12402,1.12415,1.00,1.00
2014.10.23 06:46:34.365,1.124,1.12415,1.12,1.00
2014.10.23 06:46:34.619,1.124,1.12411,1.00,1.00
2014.10.23 06:46:34.669,1.12397,1.12411,1.69,1.00
2014.10.23 06:46:35.177,1.12396,1.12411,1.00,1.00
2014.10.23 06:46:35.380,1.12396,1.12409,1.00,1.00
2014.10.23 06:46:37.370,1.12396,1.1241,1.00,1.00
2014.10.23 06:46:37.674,1.12398,1.1241,1.12,1.00
2014.10.23 06:46:37.978,1.12402,1.1241,1.00,1.00
2014.10.23 06:46:39.962,1.12397,1.1241,2.81,1.00
2014.10.23 06:46:40.543,1.12397,1.12412,2.81,1.00
2014.10.23 06:46:43.418,1.12398,1.12414,1.56,1.00
2014.10.23 06:46:43.714,1.12398,1.12414,1.12,1.00
2014.10.23 06:46:44.396,1.12397,1.12413,3.56,1.00
2014.10.23 06:46:44.897,1.12398,1.12414,1.12,1.00
2014.10.23 06:46:45.773,1.12398,1.12414,1.37,1.12
2014.10.23 06:46:45.824,1.12401,1.12416,1.00,1.87
2014.10.23 06:46:46.027,1.12402,1.12419,2.81,2.32
2014.10.23 06:46:46.533,1.12402,1.12418,2.81,1.00
2014.10.23 06:46:46.584,1.12406,1.12418,1.00,1.00
2014.10.23 06:46:47.236,1.12403,1.12418,1.56,1.00
2014.10.23 06:46:48.339,1.12402,1.12418,3.56,1.12
2014.10.23 06:46:48.643,1.12402,1.12418,1.50,1.87
2014.10.23 06:46:48.744,1.12401,1.12414,1.50,1.00
2014.10.23 06:46:49.051,1.12395,1.1241,1.69,1.00
2014.10.23 06:46:49.584,1.12397,1.1241,1.00,1.00
2014.10.23 06:46:50.091,1.12396,1.12413,1.25,1.87
2014.10.23 06:46:51.041,1.12396,1.12413,1.19,1.87
2014.10.23 06:46:51.681,1.12396,1.12413,1.19,1.87
2014.10.23 06:46:54.342,1.12397,1.12411,1.69,1.00
2014.10.23 06:46:54.494,1.12394,1.1241,1.69,1.37
2014.10.23 06:46:54.798,1.12394,1.12408,1.00,1.37
2014.10.23 06:46:55.228,1.12393,1.12409,2.62,1.31
2014.10.23 06:46:55.330,1.12395,1.12413,1.25,2.06
2014.10.23 06:46:55.809,1.12396,1.12411,1.00,1.62
2014.10.23 06:46:56.320,1.12395,1.12411,1.00,3.82
2014.10.23 06:46:57.234,1.12395,1.12411,1.00,3.82
2014.10.23 06:47:00.302,1.12397,1.12411,1.00,4.01
2014.10.23 06:47:03.917,1.12393,1.12409,1.00,1.37
2014.10.23 06:47:04.530,1.12391,1.12408,1.50,1.69
2014.10.23 06:47:04.632,1.1239,1.12406,1.00,1.95
2014.10.23 06:47:04.936,1.12387,1.12404,1.69,1.37
2014.10.23 06:47:05.637,1.12387,1.12403,1.19,1.37
2014.10.23 06:47:06.688,1.12387,1.12402,1.00,1.37
2014.10.23 06:47:07.236,1.12386,1.12402,1.50,1.37
2014.10.23 06:47:08.097,1.12387,1.12402,1.00,1.37
2014.10.23 06:47:09.213,1.12386,1.12402,1.69,1.37
2014.10.23 06:47:10.127,1.12387,1.12402,1.00,1.37
2014.10.23 06:47:10.738,1.12386,1.12402,1.69,1.37
2014.10.23 06:47:11.042,1.12387,1.12403,1.00,3.45
2014.10.23 06:47:11.105,1.12385,1.12403,1.05,4.20
2014.10.23 06:47:11.908,1.12383,1.124,1.19,1.37
2014.10.23 06:47:12.533,1.12382,1.124,1.54,3.07
2014.10.23 06:47:13.083,1.12382,1.124,2.29,3.07
2014.10.23 06:47:13.894,1.12384,1.124,1.00,2.32
2014.10.23 06:47:14.368,1.12387,1.124,1.00,2.32
2014.10.23 06:47:15.332,1.12387,1.124,1.00,2.51
2014.10.23 06:47:16.902,1.12387,1.124,1.00,2.51
2014.10.23 06:47:17.410,1.12386,1.12401,1.00,1.37
2014.10.23 06:47:18.242,1.12384,1.12401,1.12,1.37
2014.10.23 06:47:18.293,1.12386,1.12401,1.00,1.37
2014.10.23 06:47:18.615,1.12383,1.12401,2.06,1.37
2014.10.23 06:47:18.666,1.12387,1.12401,1.00,1.37
2014.10.23 06:47:19.893,1.12383,1.12401,2.06,1.37
2014.10.23 06:47:20.242,1.12386,1.12401,1.00,1.37
2014.10.23 06:47:20.448,1.12383,1.12401,1.31,1.37
2014.10.23 06:47:21.048,1.12384,1.12401,1.31,1.37
2014.10.23 06:47:21.571,1.12385,1.12403,1.00,5.06
2014.10.23 06:47:21.673,1.12385,1.12403,1.37,4.31
2014.10.23 06:47:22.185,1.12387,1.12403,3.56,1.00
2014.10.23 06:47:22.857,1.12391,1.12403,1.00,1.00
2014.10.23 06:47:23.217,1.12387,1.12403,2.06,1.00
2014.10.23 06:47:23.318,1.12391,1.12405,1.00,2.32
2014.10.23 06:47:23.673,1.12394,1.12409,1.00,1.62
2014.10.23 06:47:25.087,1.12391,1.1241,1.25,5.96
2014.10.23 06:47:25.593,1.12389,1.12408,2.66,2.06
2014.10.23 06:47:26.472,1.12389,1.12408,1.54,2.81
2014.10.23 06:47:26.575,1.12389,1.12408,1.54,3.19
2014.10.23 06:47:26.778,1.12387,1.12404,2.44,1.37
2014.10.23 06:47:27.297,1.12387,1.12404,2.44,1.37
2014.10.23 06:47:28.350,1.1239,1.12404,1.00,1.37
2014.10.23 06:47:28.401,1.1239,1.12405,1.00,3.07
2014.10.23 06:47:28.503,1.1239,1.12406,1.69,1.37
2014.10.23 06:47:29.608,1.12391,1.12408,1.69,1.87
2014.10.23 06:47:29.964,1.12391,1.12408,1.69,1.50
2014.10.23 06:47:30.066,1.12391,1.12406,1.19,1.50
2014.10.23 06:47:30.117,1.1239,1.12405,1.69,1.37
2014.10.23 06:47:30.298,1.12385,1.12402,1.50,1.25
2014.10.23 06:47:30.805,1.12383,1.12403,2.89,2.44
2014.10.23 06:47:31.212,1.12383,1.12403,3.26,2.81
2014.10.23 06:47:31.731,1.12383,1.12403,3.26,2.62
2014.10.23 06:47:32.753,1.12387,1.12403,1.00,1.87
2014.10.23 06:47:33.265,1.12387,1.12403,1.00,1.87
2014.10.23 06:47:33.430,1.12383,1.12403,3.26,3.37
2014.10.23 06:47:33.760,1.12386,1.12403,1.00,2.81
2014.10.23 06:47:35.081,1.12383,1.12402,2.89,1.37
2014.10.23 06:47:35.196,1.12387,1.12402,1.00,1.37
2014.10.23 06:47:36.379,1.12386,1.12401,1.00,1.37
2014.10.23 06:47:36.691,1.12386,1.124,1.00,1.37
2014.10.23 06:47:36.843,1.12384,1.12399,1.00,1.37
2014.10.23 06:47:37.046,1.1238,1.12398,1.50,2.62
2014.10.23 06:47:37.097,1.1238,1.12395,1.00,1.00
2014.10.23 06:47:37.249,1.12377,1.12395,3.64,1.00
2014.10.23 06:47:37.401,1.12376,1.12393,1.25,1.00
2014.10.23 06:47:38.059,1.12377,1.12393,1.00,1.00
2014.10.23 06:47:38.533,1.12377,1.12393,1.00,1.50
2014.10.23 06:47:38.937,1.12375,1.12392,1.35,1.37
2014.10.23 06:47:39.456,1.12376,1.12393,1.00,1.69
2014.10.23 06:47:40.195,1.12376,1.12393,1.00,1.62
2014.10.23 06:47:40.927,1.12376,1.12393,1.00,1.37
2014.10.23 06:47:41.028,1.12381,1.12393,1.00,1.37
2014.10.23 06:47:41.129,1.12376,1.12393,1.00,1.37
2014.10.23 06:47:41.635,1.12377,1.12394,1.00,5.14
2014.10.23 06:47:43.210,1.12377,1.12392,1.00,1.37
2014.10.23 06:47:43.318,1.12376,1.12393,1.00,1.00
2014.10.23 06:47:43.825,1.12377,1.12393,1.00,1.00
2014.10.23 06:47:44.643,1.12379,1.12393,1.00,1.12
2014.10.23 06:47:45.009,1.12375,1.12393,3.79,1.00
2014.10.23 06:47:45.131,1.12375,1.12393,3.79,1.37
2014.10.23 06:47:45.789,1.12375,1.12394,2.66,3.82
2014.10.23 06:47:47.959,1.12378,1.12394,1.00,3.07
2014.10.23 06:47:48.112,1.12377,1.12394,1.69,3.82
2014.10.23 06:47:48.316,1.12377,1.12394,1.69,3.82
2014.10.23 06:47:48.963,1.12377,1.12394,1.50,4.01
2014.10.23 06:47:50.250,1.12377,1.12394,1.00,4.57
2014.10.23 06:47:50.755,1.12377,1.12394,1.00,4.57
2014.10.23 06:47:52.526,1.12377,1.12394,1.50,3.82
2014.10.23 06:47:54.033,1.12378,1.12394,2.10,3.82
2014.10.23 06:47:54.135,1.12378,1.12394,2.85,1.50
2014.10.23 06:47:54.338,1.12379,1.12396,1.00,1.25
2014.10.23 06:47:54.388,1.12381,1.12396,1.00,1.69
2014.10.23 06:47:54.490,1.12378,1.12396,1.00,1.69
2014.10.23 06:47:55.232,1.12378,1.12396,1.00,2.81
2014.10.23 06:47:55.334,1.12377,1.12394,2.29,2.70
2014.10.23 06:47:55.757,1.12376,1.12392,1.85,1.00
2014.10.23 06:47:56.220,1.12375,1.1239,1.19,1.00
2014.10.23 06:47:56.339,1.12375,1.12392,1.19,1.00
2014.10.23 06:47:56.865,1.12375,1.12391,1.69,1.00
2014.10.23 06:47:57.943,1.12377,1.12393,1.00,1.87
2014.10.23 06:47:58.448,1.12376,1.12393,1.25,1.87
2014.10.23 06:47:59.939,1.12377,1.12393,1.00,1.87
2014.10.23 06:48:00.192,1.12377,1.12391,1.00,1.37
2014.10.23 06:48:00.243,1.12375,1.12391,1.25,1.37
2014.10.23 06:48:00.749,1.12373,1.12391,2.66,1.37
2014.10.23 06:48:00.800,1.12376,1.12391,1.00,1.37
2014.10.23 06:48:00.850,1.12376,1.12394,1.00,5.51
2014.10.23 06:48:01.659,1.12376,1.12394,1.00,1.87
2014.10.23 06:48:01.861,1.12376,1.12394,1.00,3.82
2014.10.23 06:48:02.013,1.12382,1.12394,1.00,3.07
2014.10.23 06:48:02.266,1.12382,1.12394,1.00,2.70
2014.10.23 06:48:02.367,1.12377,1.12394,1.00,1.95
2014.10.23 06:48:02.874,1.12376,1.12394,1.00,2.89
2014.10.23 06:48:03.033,1.12374,1.12392,1.25,1.00
2014.10.23 06:48:03.570,1.12376,1.12392,1.00,1.00
2014.10.23 06:48:03.672,1.12373,1.12392,1.54,1.00
2014.10.23 06:48:03.768,1.12376,1.12392,1.00,1.00
2014.10.23 06:48:04.072,1.12376,1.1239,1.00,2.70
2014.10.23 06:48:04.224,1.12373,1.12393,2.47,2.06
2014.10.23 06:48:04.275,1.12373,1.12393,2.10,1.69
2014.10.23 06:48:05.117,1.12373,1.12393,3.04,1.50
2014.10.23 06:48:05.692,1.12374,1.12393,2.06,1.37
2014.10.23 06:48:05.995,1.12377,1.12396,1.35,4.31
2014.10.23 06:48:06.298,1.12377,1.12396,1.35,2.81
2014.10.23 06:48:06.703,1.12377,1.12396,1.35,2.81
2014.10.23 06:48:06.906,1.12376,1.12395,2.47,2.51
2014.10.23 06:48:07.311,1.12379,1.12394,1.00,3.45
2014.10.23 06:48:07.389,1.12381,1.12394,1.54,1.00
2014.10.23 06:48:07.440,1.12381,1.12396,1.05,1.00
2014.10.23 06:48:07.592,1.12381,1.12399,1.05,1.50
2014.10.23 06:48:07.896,1.12378,1.12397,1.19,2.89
2014.10.23 06:48:08.200,1.12378,1.12395,1.19,1.00
2014.10.23 06:48:08.822,1.12377,1.12395,1.91,1.00
2014.10.23 06:48:09.474,1.12383,1.12397,1.35,2.14
2014.10.23 06:48:09.525,1.12383,1.12398,1.35,1.00
2014.10.23 06:48:09.678,1.12386,1.12399,1.87,1.00
2014.10.23 06:48:09.729,1.12386,1.12402,1.87,1.00
2014.10.23 06:48:10.033,1.12387,1.12404,1.00,1.00
2014.10.23 06:48:10.550,1.12387,1.12406,1.00,1.19
2014.10.23 06:48:11.414,1.12387,1.12401,1.00,1.00
2014.10.23 06:48:11.515,1.12387,1.12403,1.00,1.25
2014.10.23 06:48:11.618,1.12385,1.12403,1.00,2.06
2014.10.23 06:48:11.886,1.12383,1.124,1.69,1.00
2014.10.23 06:48:12.646,1.12381,1.124,1.69,1.00
2014.10.23 06:48:12.798,1.12387,1.12401,1.12,1.25
2014.10.23 06:48:13.101,1.12391,1.1241,1.50,2.29
2014.10.23 06:48:13.253,1.12392,1.12411,1.00,3.64
2014.10.23 06:48:13.996,1.12392,1.12411,1.00,3.26
2014.10.23 06:48:14.501,1.12392,1.12411,1.37,3.26
2014.10.23 06:48:15.501,1.12391,1.12411,2.81,3.07
2014.10.23 06:48:16.901,1.12391,1.12411,2.81,2.70
2014.10.23 06:48:18.697,1.12391,1.12411,2.81,1.00
2014.10.23 06:48:20.137,1.12391,1.12411,3.56,1.25
2014.10.23 06:48:20.658,1.12392,1.12411,1.62,1.25
2014.10.23 06:48:21.452,1.12392,1.12411,2.06,1.00
2014.10.23 06:48:21.756,1.12393,1.12409,2.06,1.00
2014.10.23 06:48:22.547,1.12393,1.12409,2.81,1.00
2014.10.23 06:48:22.883,1.12393,1.12409,2.81,1.00
2014.10.23 06:48:23.027,1.12393,1.12411,2.81,1.00
2014.10.23 06:48:23.259,1.12393,1.12411,2.81,1.00
2014.10.23 06:48:24.313,1.12393,1.12411,2.81,1.00
2014.10.23 06:48:24.615,1.12395,1.12412,1.37,1.25
2014.10.23 06:48:24.818,1.12398,1.12416,1.50,3.60
2014.10.23 06:48:24.920,1.12397,1.12417,1.00,4.65
2014.10.23 06:48:25.324,1.12401,1.12418,1.50,1.25
2014.10.23 06:48:25.955,1.12401,1.12418,1.87,1.25
2014.10.23 06:48:26.519,1.12401,1.12418,1.87,1.62
2014.10.23 06:48:27.021,1.12401,1.12415,2.25,1.00
2014.10.23 06:48:27.224,1.12399,1.12414,1.00,1.00
2014.10.23 06:48:28.465,1.12398,1.12414,1.00,1.00
2014.10.23 06:48:28.769,1.12397,1.12413,1.50,1.37
2014.10.23 06:48:29.074,1.12392,1.1241,1.50,1.00
2014.10.23 06:48:29.281,1.12392,1.12412,2.25,2.29
2014.10.23 06:48:29.797,1.12392,1.12412,2.25,1.91
2014.10.23 06:48:30.937,1.12392,1.12412,2.25,1.91
2014.10.23 06:48:31.039,1.12397,1.12412,1.00,1.91
2014.10.23 06:48:31.191,1.12392,1.12413,3.56,5.51
2014.10.23 06:48:31.293,1.12397,1.12413,1.00,1.31
2014.10.23 06:48:31.394,1.12392,1.12413,2.81,2.06
2014.10.23 06:48:32.194,1.12392,1.12413,2.81,1.12
2014.10.23 06:48:32.499,1.12392,1.12414,2.06,2.66
2014.10.23 06:48:34.159,1.12392,1.12412,1.69,2.32
2014.10.23 06:48:34.694,1.12392,1.12413,1.69,1.31
2014.10.23 06:48:36.568,1.12392,1.12413,2.81,1.62
2014.10.23 06:48:37.898,1.12392,1.12414,3.19,2.66
2014.10.23 06:48:38.218,1.12396,1.12414,1.00,2.66
2014.10.23 06:48:41.691,1.12396,1.12414,1.00,2.66
2014.10.23 06:48:42.210,1.12396,1.12412,1.00,1.00
2014.10.23 06:48:42.830,1.12396,1.12412,1.00,1.37
2014.10.23 06:48:43.898,1.12396,1.12412,1.00,1.00
2014.10.23 06:48:44.948,1.12397,1.12412,1.00,1.25
2014.10.23 06:48:46.456,1.12396,1.12412,1.00,1.25
2014.10.23 06:48:46.712,1.12393,1.12412,1.31,1.62
2014.10.23 06:48:49.119,1.12393,1.12412,1.25,1.00
2014.10.23 06:48:50.542,1.12396,1.12412,1.00,1.00
2014.10.23 06:48:52.676,1.12396,1.1241,1.00,1.00
2014.10.23 06:48:54.490,1.12393,1.1241,1.25,1.00
2014.10.23 06:49:00.782,1.12393,1.12413,1.50,5.21
2014.10.23 06:49:00.883,1.12394,1.12413,1.19,1.12
2014.10.23 06:49:01.443,1.12396,1.12413,1.00,1.12
2014.10.23 06:49:03.810,1.12396,1.12414,1.35,1.37
2014.10.23 06:49:04.464,1.12396,1.12413,1.35,1.12
2014.10.23 06:49:05.425,1.12397,1.12413,1.00,1.00
2014.10.23 06:49:08.419,1.12397,1.12413,1.00,1.37
2014.10.23 06:49:09.171,1.12396,1.12413,2.10,1.37
2014.10.23 06:49:11.689,1.12396,1.1241,1.35,1.00
2014.10.23 06:49:13.876,1.12396,1.12411,1.00,1.12
2014.10.23 06:49:14.653,1.12396,1.12408,1.00,1.00
2014.10.23 06:49:25.178,1.12394,1.12408,3.56,1.00
2014.10.23 06:49:25.431,1.12397,1.12408,1.00,1.00
2014.10.23 06:49:25.634,1.12394,1.12409,3.56,1.00
2014.10.23 06:49:25.836,1.12394,1.12409,3.56,1.00
2014.10.23 06:49:26.306,1.12397,1.12411,3.37,1.00
2014.10.23 06:49:26.811,1.12397,1.12412,2.62,1.00
2014.10.23 06:49:28.722,1.12397,1.12413,2.06,1.00
2014.10.23 06:49:29.434,1.12397,1.12413,2.06,1.00
2014.10.23 06:49:30.276,1.12402,1.12413,1.00,1.00
2014.10.23 06:49:31.346,1.12397,1.12413,2.81,1.00
2014.10.23 06:49:33.037,1.12399,1.12418,1.37,1.69
2014.10.23 06:49:33.544,1.12399,1.12418,1.37,1.25
2014.10.23 06:49:35.332,1.12398,1.12417,2.81,1.00
2014.10.23 06:49:35.843,1.12402,1.12421,1.00,3.94
2014.10.23 06:49:36.500,1.12402,1.12418,1.00,1.95
2014.10.23 06:49:36.803,1.12398,1.12418,1.50,2.89
2014.10.23 06:49:36.905,1.12397,1.12416,2.25,1.95
2014.10.23 06:49:37.431,1.12397,1.12415,1.00,1.00
2014.10.23 06:49:37.936,1.12396,1.12415,1.50,1.25
2014.10.23 06:49:38.487,1.12397,1.12416,1.00,2.14
2014.10.23 06:49:38.994,1.12398,1.12416,1.37,1.95
2014.10.23 06:49:39.552,1.12399,1.12417,1.00,1.62
2014.10.23 06:49:39.654,1.12397,1.12415,1.87,1.00
2014.10.23 06:49:40.772,1.12397,1.12415,1.37,1.00
2014.10.23 06:49:42.462,1.12397,1.12415,1.00,1.00
2014.10.23 06:49:43.082,1.12397,1.12415,1.37,1.00
2014.10.23 06:49:44.282,1.12397,1.12415,1.37,1.00
2014.10.23 06:49:45.167,1.12397,1.12415,1.00,1.00
2014.10.23 06:49:45.680,1.12397,1.12414,1.87,1.00
2014.10.23 06:49:45.884,1.12397,1.12414,1.37,1.00
2014.10.23 06:49:46.036,1.12397,1.12417,1.87,5.21
2014.10.23 06:49:46.293,1.12397,1.12417,1.69,5.59
2014.10.23 06:49:46.344,1.12397,1.12414,1.69,1.50
2014.10.23 06:49:46.916,1.12397,1.12414,1.31,2.44
2014.10.23 06:49:47.219,1.12395,1.12408,1.00,1.50
2014.10.23 06:49:47.270,1.12391,1.12408,2.44,1.50
2014.10.23 06:49:47.624,1.12388,1.12407,2.44,1.00
2014.10.23 06:49:47.784,1.12392,1.12407,1.00,1.00
2014.10.23 06:49:48.305,1.1239,1.12406,1.69,1.00
2014.10.23 06:49:48.811,1.12389,1.12407,2.44,1.00
2014.10.23 06:49:48.862,1.12389,1.12404,2.44,1.00
2014.10.23 06:49:49.115,1.12388,1.12403,1.50,1.00
2014.10.23 06:49:49.268,1.12388,1.12405,1.50,1.69
2014.10.23 06:49:50.557,1.12388,1.12405,1.50,2.44
2014.10.23 06:49:51.080,1.12386,1.12405,2.44,2.81
2014.10.23 06:49:51.685,1.12387,1.12405,1.00,2.81
2014.10.23 06:49:53.775,1.12386,1.12405,2.25,2.06
2014.10.23 06:49:54.900,1.12386,1.12405,2.25,2.81
2014.10.23 06:49:56.012,1.12387,1.12405,1.00,2.06
2014.10.23 06:49:58.654,1.12386,1.12404,2.25,1.37
2014.10.23 06:49:59.159,1.12387,1.12405,1.50,3.56
2014.10.23 06:50:00.636,1.12387,1.12404,1.87,1.31
2014.10.23 06:50:00.738,1.1239,1.12404,1.00,1.31
2014.10.23 06:50:01.063,1.1239,1.12402,1.00,1.00
2014.10.23 06:50:01.696,1.1239,1.12401,1.00,1.00
2014.10.23 06:50:01.851,1.12387,1.12402,2.62,1.00
2014.10.23 06:50:02.375,1.12387,1.12404,2.62,1.12
2014.10.23 06:50:02.537,1.12387,1.12404,2.62,1.00
2014.10.23 06:50:02.689,1.1239,1.12407,2.06,1.00
2014.10.23 06:50:03.212,1.12391,1.12408,1.37,2.81
2014.10.23 06:50:03.666,1.12391,1.12406,1.37,1.00
2014.10.23 06:50:04.791,1.12391,1.12408,2.06,2.06
2014.10.23 06:50:05.375,1.12391,1.12407,2.06,1.00
2014.10.23 06:50:06.691,1.12391,1.12407,1.37,2.25
2014.10.23 06:50:06.793,1.12393,1.12409,1.62,1.35
2014.10.23 06:50:06.894,1.12394,1.12412,1.87,1.69
2014.10.23 06:50:06.996,1.12397,1.12412,1.00,1.25
2014.10.23 06:50:07.300,1.12401,1.12418,1.19,1.00
2014.10.23 06:50:07.705,1.12404,1.12422,1.25,2.29
2014.10.23 06:50:07.756,1.12406,1.12422,1.00,2.29
2014.10.23 06:50:08.297,1.12407,1.12422,1.00,1.69
2014.10.23 06:50:09.761,1.12407,1.12421,1.00,1.00
2014.10.23 06:50:10.359,1.12407,1.12422,1.37,1.00
2014.10.23 06:50:11.520,1.12406,1.12422,1.62,1.00
2014.10.23 06:50:12.088,1.12407,1.12424,1.37,1.69
2014.10.23 06:50:12.554,1.12411,1.12424,1.00,1.25
2014.10.23 06:50:13.069,1.12407,1.12423,2.62,1.00
2014.10.23 06:50:13.594,1.12411,1.12423,1.12,1.00
2014.10.23 06:50:14.147,1.12411,1.12421,1.00,1.00
2014.10.23 06:50:14.401,1.12411,1.12426,1.37,1.69
2014.10.23 06:50:14.927,1.12411,1.12426,1.00,1.25
2014.10.23 06:50:15.432,1.12411,1.12428,1.00,1.69
2014.10.23 06:50:15.938,1.12411,1.12427,1.37,1.00
2014.10.23 06:50:16.039,1.1241,1.12427,1.00,1.87
2014.10.23 06:50:16.141,1.12409,1.12423,1.37,1.00
2014.10.23 06:50:16.664,1.12407,1.12423,1.87,1.00
2014.10.23 06:50:17.291,1.12412,1.12423,1.00,1.00
2014.10.23 06:50:17.575,1.12407,1.12423,1.87,1.00
2014.10.23 06:50:18.553,1.12407,1.12423,1.87,1.00
2014.10.23 06:50:18.604,1.12411,1.12426,1.00,3.64
2014.10.23 06:50:19.165,1.12411,1.12426,1.00,3.64
2014.10.23 06:50:20.080,1.12411,1.12426,1.37,3.64
2014.10.23 06:50:21.360,1.12411,1.12428,1.37,1.19
2014.10.23 06:50:21.462,1.12411,1.12429,1.37,3.49
2014.10.23 06:50:21.973,1.12411,1.1243,2.06,3.04
2014.10.23 06:50:22.726,1.12411,1.12429,2.06,1.05
2014.10.23 06:50:23.252,1.12413,1.12429,1.37,1.05
2014.10.23 06:50:25.216,1.12411,1.12429,1.87,1.05
2014.10.23 06:50:25.419,1.12416,1.12429,1.00,1.54
2014.10.23 06:50:25.871,1.12416,1.12427,1.00,1.00
2014.10.23 06:50:26.302,1.12411,1.12427,1.87,1.00
2014.10.23 06:50:26.497,1.12411,1.12427,1.87,1.00
2014.10.23 06:50:26.700,1.12411,1.12425,1.00,1.12
2014.10.23 06:50:27.207,1.12412,1.12424,1.00,1.00
2014.10.23 06:50:27.742,1.12411,1.12424,1.00,1.00
2014.10.23 06:50:28.840,1.12412,1.12428,1.12,1.31
2014.10.23 06:50:29.372,1.12412,1.12428,1.12,1.31
2014.10.23 06:50:29.900,1.12412,1.12429,1.37,3.41
2014.10.23 06:50:30.052,1.12415,1.1243,1.12,3.64
2014.10.23 06:50:30.154,1.12417,1.1243,1.37,2.14
2014.10.23 06:50:30.255,1.12417,1.12434,1.37,2.29
2014.10.23 06:50:30.357,1.12417,1.12435,1.37,2.89
2014.10.23 06:50:30.898,1.12417,1.12435,1.87,2.89
2014.10.23 06:50:31.274,1.12417,1.12435,2.81,1.95
2014.10.23 06:50:31.783,1.12417,1.12437,2.81,2.06
2014.10.23 06:50:32.550,1.12419,1.12437,1.50,2.06
2014.10.23 06:50:33.106,1.12418,1.12435,1.00,1.00
2014.10.23 06:50:34.160,1.12418,1.12433,1.00,1.00
2014.10.23 06:50:34.688,1.12417,1.12433,1.00,1.00
2014.10.23 06:50:35.617,1.12418,1.12433,1.50,1.00
2014.10.23 06:50:38.091,1.12418,1.12437,1.00,2.44
2014.10.23 06:50:38.193,1.12418,1.12436,4.20,1.25
2014.10.23 06:50:38.496,1.12419,1.12434,1.19,1.00
2014.10.23 06:50:39.200,1.12419,1.12437,1.19,1.50
2014.10.23 06:50:39.409,1.12419,1.12435,1.19,1.00
2014.10.23 06:50:39.914,1.12419,1.12435,1.00,1.00
2014.10.23 06:50:43.493,1.12419,1.12435,1.37,1.00
2014.10.23 06:50:43.998,1.12419,1.12435,1.00,1.00
2014.10.23 06:50:46.100,1.12422,1.12437,1.00,1.69
2014.10.23 06:50:48.072,1.12421,1.12437,3.00,1.50
2014.10.23 06:50:49.307,1.12422,1.12439,1.50,1.69
2014.10.23 06:50:49.408,1.12425,1.12439,1.00,1.00
2014.10.23 06:50:49.712,1.12431,1.12444,1.00,2.70
2014.10.23 06:50:50.225,1.1243,1.12443,1.00,1.50
2014.10.23 06:50:50.279,1.12427,1.12443,1.50,1.50
2014.10.23 06:50:51.086,1.12428,1.12443,1.00,1.69
2014.10.23 06:50:51.289,1.12429,1.12444,1.37,1.19
2014.10.23 06:50:51.793,1.12429,1.12444,1.12,1.00
2014.10.23 06:50:52.555,1.12428,1.12444,1.31,1.00
2014.10.23 06:50:52.860,1.12426,1.12439,1.00,1.00
2014.10.23 06:50:53.338,1.12422,1.12437,3.19,1.00
2014.10.23 06:50:53.441,1.12422,1.1244,1.69,1.00
2014.10.23 06:50:53.491,1.12424,1.1244,2.10,1.00
2014.10.23 06:50:53.644,1.12431,1.12447,1.00,1.00
2014.10.23 06:50:53.898,1.12429,1.12446,1.25,1.50
2014.10.23 06:50:54.100,1.12431,1.12446,1.00,1.50
2014.10.23 06:50:54.352,1.12429,1.12446,1.25,1.50
2014.10.23 06:50:54.563,1.12431,1.12446,1.00,1.50
2014.10.23 06:50:56.215,1.12432,1.12446,1.00,1.50
2014.10.23 06:50:56.720,1.12432,1.12448,1.12,1.31
2014.10.23 06:50:57.187,1.12432,1.12444,1.00,1.00
2014.10.23 06:50:57.693,1.12432,1.12447,1.00,1.19
2014.10.23 06:50:58.394,1.12431,1.12447,1.87,1.25
2014.10.23 06:50:58.926,1.12431,1.12447,1.87,1.25
2014.10.23 06:50:59.801,1.12431,1.12447,1.87,1.00
2014.10.23 06:51:00.325,1.12431,1.12449,1.87,1.19
2014.10.23 06:51:00.525,1.12431,1.12448,1.50,1.62
2014.10.23 06:51:00.729,1.12427,1.12446,2.44,1.19
2014.10.23 06:51:00.780,1.12427,1.12441,1.25,1.50
2014.10.23 06:51:01.033,1.12421,1.12441,5.51,2.44
2014.10.23 06:51:01.084,1.12421,1.12441,3.37,3.19
2014.10.23 06:51:01.539,1.12421,1.12437,1.50,1.00
2014.10.23 06:51:01.944,1.12426,1.12437,1.00,1.12
2014.10.23 06:51:02.045,1.12421,1.12437,1.00,1.12
2014.10.23 06:51:02.812,1.12427,1.12437,1.00,1.12
2014.10.23 06:51:03.452,1.12421,1.12437,1.00,3.07
2014.10.23 06:51:03.554,1.12421,1.12433,1.00,1.00
2014.10.23 06:51:03.706,1.12417,1.12431,1.00,1.12
2014.10.23 06:51:04.112,1.12417,1.12433,1.00,1.95
2014.10.23 06:51:04.291,1.12422,1.12436,1.00,1.69
2014.10.23 06:51:04.394,1.12417,1.12435,2.70,1.00
2014.10.23 06:51:04.699,1.12417,1.12432,1.50,1.00
2014.10.23 06:51:05.218,1.12417,1.12433,1.00,1.50
2014.10.23 06:51:05.733,1.12416,1.12433,1.00,1.50
2014.10.23 06:51:06.269,1.12418,1.12433,1.00,1.12
2014.10.23 06:51:06.421,1.12416,1.12435,3.07,2.06
2014.10.23 06:51:06.915,1.12416,1.12435,2.70,1.69
2014.10.23 06:51:07.580,1.12417,1.12435,1.00,1.69
2014.10.23 06:51:07.732,1.12417,1.12433,1.50,1.00
2014.10.23 06:51:07.985,1.12418,1.12437,1.50,2.44
2014.10.23 06:51:08.291,1.12417,1.12432,1.25,1.00
2014.10.23 06:51:08.750,1.12417,1.12434,1.50,1.69
2014.10.23 06:51:09.970,1.12421,1.12434,1.00,1.00
2014.10.23 06:51:10.831,1.12421,1.12435,1.00,1.12
2014.10.23 06:51:10.882,1.12416,1.12435,3.82,1.12
2014.10.23 06:51:11.934,1.12416,1.12435,3.45,1.12
2014.10.23 06:51:12.086,1.12416,1.12433,2.89,1.00
2014.10.23 06:51:12.188,1.12416,1.12435,3.26,2.25
2014.10.23 06:51:12.289,1.12416,1.12433,3.26,1.00
2014.10.23 06:51:12.390,1.12416,1.12435,3.26,1.12
2014.10.23 06:51:12.931,1.12416,1.12435,3.26,1.00
2014.10.23 06:51:14.756,1.12416,1.12435,3.07,1.87
2014.10.23 06:51:14.857,1.12416,1.12435,3.07,1.87
2014.10.23 06:51:15.429,1.12416,1.12435,3.07,1.12
2014.10.23 06:51:17.168,1.12417,1.12435,1.00,1.00
2014.10.23 06:51:17.471,1.12417,1.12431,1.00,1.00
2014.10.23 06:51:17.522,1.12417,1.12434,1.00,1.87
2014.10.23 06:51:17.623,1.12417,1.12431,1.00,1.00
2014.10.23 06:51:18.108,1.12418,1.12435,1.00,2.70
2014.10.23 06:51:19.624,1.12419,1.12435,1.95,1.00
2014.10.23 06:51:19.877,1.1242,1.12434,1.37,1.00
2014.10.23 06:51:20.282,1.12424,1.12437,1.00,1.00
2014.10.23 06:51:20.383,1.12426,1.1244,1.00,2.25
2014.10.23 06:51:20.889,1.12427,1.1244,1.50,1.00
2014.10.23 06:51:21.803,1.12427,1.12439,1.50,1.00
2014.10.23 06:51:23.649,1.12425,1.12439,1.25,1.00
2014.10.23 06:51:23.700,1.12425,1.12437,1.25,1.00
2014.10.23 06:51:24.214,1.12425,1.1244,1.00,1.00
2014.10.23 06:51:24.265,1.12425,1.1244,1.69,1.00
2014.10.23 06:51:24.774,1.12426,1.12439,1.69,1.00
2014.10.23 06:51:26.182,1.12424,1.12439,1.19,1.00
2014.10.23 06:51:26.284,1.12423,1.12438,1.05,1.00
2014.10.23 06:51:26.335,1.12423,1.12433,1.05,1.00
2014.10.23 06:51:27.231,1.12421,1.12435,1.69,1.00
2014.10.23 06:51:27.787,1.12421,1.12435,1.31,1.00
2014.10.23 06:51:28.254,1.12426,1.12435,1.00,1.00
2014.10.23 06:51:28.306,1.12426,1.12439,1.00,1.50
2014.10.23 06:51:28.790,1.12423,1.12438,1.37,1.00
2014.10.23 06:51:29.276,1.12427,1.12438,1.00,1.00
2014.10.23 06:51:29.521,1.12423,1.12438,2.06,1.00
2014.10.23 06:51:30.063,1.12423,1.12437,1.69,1.00
2014.10.23 06:51:30.165,1.12423,1.12434,1.69,1.00
2014.10.23 06:51:30.519,1.12422,1.12437,2.06,1.00
2014.10.23 06:51:30.570,1.12427,1.12437,1.00,1.00
2014.10.23 06:51:32.144,1.12427,1.12436,1.00,1.00
2014.10.23 06:51:32.750,1.12422,1.12436,2.89,1.00
2014.10.23 06:51:33.295,1.12422,1.12437,2.89,1.12
2014.10.23 06:51:39.336,1.12422,1.12437,1.37,1.00
2014.10.23 06:51:39.692,1.12427,1.12436,1.00,1.00
2014.10.23 06:51:39.794,1.12427,1.12439,1.00,1.50
2014.10.23 06:51:46.029,1.12427,1.12436,1.00,1.00
2014.10.23 06:51:46.928,1.12427,1.12437,1.00,1.00
2014.10.23 06:51:49.718,1.12427,1.12437,1.37,1.00
2014.10.23 06:51:49.769,1.12427,1.12442,1.37,1.00
2014.10.23 06:51:49.921,1.12427,1.12442,1.62,1.00
2014.10.23 06:51:50.124,1.12427,1.1244,1.12,1.00
2014.10.23 06:51:50.675,1.12426,1.12439,1.37,1.00
2014.10.23 06:51:51.442,1.12426,1.12439,1.00,1.00
2014.10.23 06:51:53.974,1.12431,1.12439,1.00,1.00
2014.10.23 06:51:54.177,1.12431,1.12441,1.00,1.00
2014.10.23 06:51:54.228,1.12426,1.12441,1.12,1.00
2014.10.23 06:51:54.492,1.12426,1.12441,1.37,1.00
2014.10.23 06:51:54.796,1.12424,1.12437,1.69,1.00
2014.10.23 06:51:54.999,1.12424,1.12439,1.50,1.00
2014.10.23 06:51:55.252,1.12425,1.12439,2.81,1.00
2014.10.23 06:51:55.325,1.12427,1.12441,1.50,1.00
2014.10.23 06:51:55.856,1.12427,1.12442,1.00,1.00
2014.10.23 06:51:56.159,1.12427,1.1244,2.25,1.00
2014.10.23 06:51:57.251,1.12427,1.12441,1.50,1.00
2014.10.23 06:51:57.760,1.12427,1.12442,1.25,1.50
2014.10.23 06:51:58.064,1.12426,1.12437,1.00,1.00
2014.10.23 06:51:58.598,1.12426,1.12436,1.00,1.00
2014.10.23 06:51:59.264,1.12426,1.12437,1.00,1.00
2014.10.23 06:52:00.476,1.12423,1.12437,1.37,1.00
2014.10.23 06:52:01.193,1.12423,1.12437,1.37,1.00
2014.10.23 06:52:01.244,1.12427,1.12439,1.00,1.00
2014.10.23 06:52:01.404,1.12423,1.12439,1.00,1.12
2014.10.23 06:52:01.911,1.12423,1.12439,1.00,1.37
2014.10.23 06:52:02.417,1.12423,1.12437,1.00,1.00
2014.10.23 06:52:07.390,1.12423,1.12434,1.00,1.00
2014.10.23 06:52:07.592,1.12422,1.12437,1.00,1.00
2014.10.23 06:52:11.829,1.12422,1.12437,1.69,1.00
2014.10.23 06:52:12.120,1.12422,1.12434,1.50,1.00
2014.10.23 06:52:12.474,1.12422,1.12432,1.00,1.00
2014.10.23 06:52:13.115,1.12421,1.12432,1.00,1.00
2014.10.23 06:52:13.659,1.12422,1.12432,1.00,1.00
2014.10.23 06:52:21.046,1.12418,1.1243,1.25,1.00
2014.10.23 06:52:21.865,1.12419,1.1243,1.00,1.00
2014.10.23 06:52:22.671,1.12419,1.12431,1.00,1.00
2014.10.23 06:52:22.722,1.12421,1.12431,1.00,1.00
2014.10.23 06:52:24.209,1.12421,1.12432,1.00,1.00
2014.10.23 06:52:26.029,1.12419,1.12432,1.00,1.50
2014.10.23 06:52:26.080,1.12419,1.1243,1.00,1.00
2014.10.23 06:52:26.182,1.12417,1.1243,2.10,1.00
2014.10.23 06:52:26.840,1.12416,1.12432,1.91,1.00
2014.10.23 06:52:26.992,1.12421,1.12434,1.00,2.25
2014.10.23 06:52:29.080,1.12419,1.12434,1.00,1.50
2014.10.23 06:52:31.375,1.12421,1.12434,1.00,1.87
2014.10.23 06:52:32.038,1.12421,1.12432,1.00,1.00
2014.10.23 06:52:32.696,1.12421,1.12434,1.00,5.40
2014.10.23 06:52:33.210,1.12422,1.12434,1.00,1.50
2014.10.23 06:52:38.549,1.12419,1.12434,1.00,1.50
2014.10.23 06:52:41.421,1.12422,1.12434,1.00,1.87
2014.10.23 06:52:42.748,1.12422,1.12431,1.00,1.00
2014.10.23 06:52:42.851,1.12419,1.12431,1.00,1.00
2014.10.23 06:52:42.903,1.12417,1.12431,1.00,1.00
2014.10.23 06:52:44.166,1.12421,1.12431,1.00,1.00
2014.10.23 06:52:46.490,1.12417,1.12431,1.50,1.00
2014.10.23 06:52:46.995,1.12416,1.12431,2.25,1.12
2014.10.23 06:52:47.739,1.12416,1.1243,1.50,1.00
2014.10.23 06:52:51.034,1.12416,1.12426,1.50,1.00
2014.10.23 06:52:53.479,1.12415,1.12425,1.00,1.12
2014.10.23 06:52:53.783,1.12411,1.1242,1.00,1.00
2014.10.23 06:52:54.311,1.12412,1.1242,1.00,1.00
2014.10.23 06:52:54.816,1.12411,1.1242,1.00,1.00
2014.10.23 06:52:55.384,1.12407,1.1242,1.12,1.00
2014.10.23 06:52:56.242,1.12407,1.12421,1.87,1.00
2014.10.23 06:52:56.475,1.12411,1.12421,1.00,1.00
2014.10.23 06:52:56.678,1.12407,1.12419,1.00,1.00
2014.10.23 06:52:57.157,1.12411,1.12419,1.00,1.00
2014.10.23 06:52:57.259,1.12407,1.1242,1.50,1.00
2014.10.23 06:52:57.360,1.12412,1.12423,1.00,1.00
2014.10.23 06:52:57.873,1.12412,1.12424,1.00,1.00
2014.10.23 06:52:58.225,1.1241,1.12421,1.00,1.00
2014.10.23 06:52:59.222,1.12412,1.12421,1.00,1.00
2014.10.23 06:52:59.848,1.12412,1.12424,1.12,1.00
2014.10.23 06:53:01.614,1.12412,1.12422,1.00,1.00
2014.10.23 06:53:01.917,1.12412,1.12419,1.00,1.00
2014.10.23 06:53:02.280,1.12412,1.12423,1.00,1.00
2014.10.23 06:53:06.332,1.12412,1.1242,1.00,1.00
2014.10.23 06:53:06.483,1.12408,1.1242,1.12,1.00
2014.10.23 06:53:06.585,1.12411,1.12423,1.00,1.00
2014.10.23 06:53:06.888,1.12411,1.1242,1.00,1.00
2014.10.23 06:53:07.369,1.12408,1.12419,1.00,1.00
2014.10.23 06:53:08.074,1.12406,1.12419,1.00,1.12
2014.10.23 06:53:08.226,1.12407,1.12418,1.00,1.37
2014.10.23 06:53:08.378,1.12402,1.12418,1.00,1.37
2014.10.23 06:53:08.429,1.12402,1.12414,1.00,1.00
2014.10.23 06:53:08.966,1.12401,1.12414,1.25,1.00
2014.10.23 06:53:09.480,1.12401,1.12415,1.19,1.00
2014.10.23 06:53:11.486,1.12401,1.12415,1.25,1.00
2014.10.23 06:53:14.792,1.12401,1.12413,1.25,1.00
2014.10.23 06:53:18.567,1.12398,1.12406,1.00,1.00
2014.10.23 06:53:18.771,1.12392,1.12405,1.00,1.35
2014.10.23 06:53:18.823,1.12389,1.12403,1.00,1.00
2014.10.23 06:53:18.874,1.12389,1.124,1.50,1.00
2014.10.23 06:53:19.129,1.12376,1.1239,2.29,1.50
2014.10.23 06:53:19.433,1.12378,1.12389,1.00,1.00
2014.10.23 06:53:19.737,1.12381,1.1239,1.25,1.00
2014.10.23 06:53:19.889,1.1238,1.12395,1.19,1.50
2014.10.23 06:53:20.416,1.12379,1.12394,1.54,1.00
2014.10.23 06:53:21.099,1.12382,1.12394,1.00,1.00
2014.10.23 06:53:21.354,1.12377,1.12394,2.44,1.00
2014.10.23 06:53:24.183,1.12377,1.12396,4.01,1.87
2014.10.23 06:53:24.541,1.12381,1.12396,1.00,1.87
2014.10.23 06:53:26.425,1.12382,1.12396,1.00,1.87
2014.10.23 06:53:27.174,1.12381,1.12396,1.00,1.87
2014.10.23 06:53:27.679,1.12382,1.12396,1.00,2.62
2014.10.23 06:53:27.983,1.12388,1.12396,1.50,1.00
2014.10.23 06:53:28.034,1.12388,1.12402,1.50,1.00
2014.10.23 06:53:28.135,1.12388,1.12405,1.50,2.25
2014.10.23 06:53:28.257,1.12392,1.12406,1.00,1.00
2014.10.23 06:53:28.763,1.12392,1.12409,1.35,1.50
2014.10.23 06:53:30.265,1.12392,1.12409,1.05,1.87
2014.10.23 06:53:31.356,1.12392,1.12409,1.05,1.50
2014.10.23 06:53:31.862,1.12392,1.12409,1.91,1.87
2014.10.23 06:53:32.395,1.12392,1.12408,1.91,1.00
2014.10.23 06:53:32.906,1.12396,1.12408,1.00,1.00
2014.10.23 06:53:33.529,1.12392,1.12408,2.66,1.00
2014.10.23 06:53:34.039,1.12392,1.12408,2.66,1.00
2014.10.23 06:53:34.285,1.12392,1.12408,2.66,1.00
2014.10.23 06:53:34.439,1.12394,1.1241,1.00,1.00
2014.10.23 06:53:34.844,1.12397,1.12411,1.00,1.00
2014.10.23 06:53:35.401,1.12396,1.12411,1.00,1.00
2014.10.23 06:53:35.805,1.12396,1.12411,1.37,1.00
2014.10.23 06:53:36.110,1.12401,1.12411,1.00,1.00
2014.10.23 06:53:36.422,1.12397,1.12411,1.37,1.00
2014.10.23 06:53:38.416,1.12397,1.12412,1.37,1.50
2014.10.23 06:53:38.517,1.12397,1.12412,1.37,1.50
2014.10.23 06:53:40.216,1.12397,1.12412,1.37,1.50
2014.10.23 06:53:40.321,1.12397,1.12412,1.37,1.50
2014.10.23 06:53:41.195,1.12397,1.12412,1.12,1.87
2014.10.23 06:53:41.699,1.12397,1.12412,1.00,1.87
2014.10.23 06:53:43.692,1.12397,1.12411,1.37,1.50
2014.10.23 06:53:43.794,1.12396,1.12411,1.37,1.00
2014.10.23 06:53:44.336,1.12396,1.12413,1.60,1.50
2014.10.23 06:53:44.540,1.12397,1.12415,1.54,1.00
2014.10.23 06:53:44.591,1.12399,1.12417,1.00,1.69
2014.10.23 06:53:44.642,1.12399,1.12415,1.00,1.95
2014.10.23 06:53:45.046,1.12398,1.12417,1.25,2.44
2014.10.23 06:53:45.552,1.12398,1.12417,1.19,2.25
2014.10.23 06:53:45.805,1.12397,1.12416,2.66,1.37
2014.10.23 06:53:46.370,1.12397,1.12414,2.29,1.00
2014.10.23 06:53:46.674,1.12401,1.12415,1.00,1.00
2014.10.23 06:53:46.877,1.12397,1.12412,1.00,1.00
2014.10.23 06:53:47.859,1.12396,1.12412,1.00,1.00
2014.10.23 06:53:48.368,1.12397,1.12412,1.00,1.00
2014.10.23 06:53:48.912,1.12396,1.12412,1.12,1.00
2014.10.23 06:53:49.753,1.12396,1.12412,1.37,1.00
2014.10.23 06:53:50.057,1.12397,1.12414,1.50,2.44
2014.10.23 06:53:50.568,1.12397,1.12414,2.25,2.25
2014.10.23 06:53:52.036,1.12401,1.12414,1.12,1.25
2014.10.23 06:53:52.805,1.12402,1.12414,1.00,1.00
2014.10.23 06:53:53.058,1.12398,1.12415,1.12,1.25
2014.10.23 06:53:53.160,1.12398,1.12414,1.87,1.00
2014.10.23 06:53:53.464,1.124,1.12412,1.12,1.00
2014.10.23 06:53:53.767,1.12401,1.12414,1.00,1.00
2014.10.23 06:53:53.869,1.12402,1.12417,2.44,1.50
2014.10.23 06:53:53.971,1.12404,1.12419,2.70,1.00
2014.10.23 06:53:54.072,1.12406,1.12421,1.95,1.00
2014.10.23 06:53:54.400,1.12406,1.12424,1.69,1.00
2014.10.23 06:53:54.451,1.12409,1.12424,1.00,1.00
2014.10.23 06:53:54.655,1.12412,1.12428,1.25,1.00
2014.10.23 06:53:56.166,1.12412,1.12427,1.25,1.00
2014.10.23 06:53:56.369,1.12412,1.12427,1.62,1.00
2014.10.23 06:53:56.911,1.12412,1.12428,1.62,1.00
2014.10.23 06:53:57.386,1.12411,1.12424,1.87,1.00
2014.10.23 06:53:57.488,1.12411,1.12427,1.87,1.00
2014.10.23 06:53:57.834,1.12409,1.12427,1.49,1.00
2014.10.23 06:53:57.936,1.12408,1.12422,4.91,1.00
2014.10.23 06:53:58.037,1.12408,1.12424,4.16,1.12
2014.10.23 06:53:58.139,1.12407,1.12419,1.00,1.00
2014.10.23 06:53:58.668,1.12406,1.12419,1.00,1.00
2014.10.23 06:53:58.770,1.12402,1.12419,1.69,1.00
2014.10.23 06:53:58.973,1.12406,1.1242,1.00,1.50
2014.10.23 06:53:59.641,1.12407,1.1242,1.00,1.00
2014.10.23 06:53:59.947,1.12407,1.1242,1.37,1.00
2014.10.23 06:54:00.466,1.12407,1.1242,1.37,1.00
2014.10.23 06:54:02.237,1.12406,1.12419,1.62,1.00
2014.10.23 06:54:02.288,1.12406,1.12419,1.31,1.00
2014.10.23 06:54:02.389,1.12404,1.12419,1.05,1.12
2014.10.23 06:54:02.693,1.12402,1.12417,2.06,1.00
2014.10.23 06:54:03.218,1.12402,1.12416,1.56,1.00
2014.10.23 06:54:04.162,1.12402,1.12416,1.00,1.00
2014.10.23 06:54:04.263,1.12402,1.12416,1.37,1.00
2014.10.23 06:54:04.790,1.12402,1.12416,1.62,1.00
2014.10.23 06:54:05.360,1.12402,1.12416,1.31,1.00
2014.10.23 06:54:05.664,1.12402,1.12413,1.31,1.00
2014.10.23 06:54:05.967,1.12402,1.12413,1.62,1.00
2014.10.23 06:54:06.889,1.12402,1.12413,1.25,1.00
2014.10.23 06:54:07.092,1.12407,1.12414,1.00,1.00
2014.10.23 06:54:07.194,1.12402,1.12415,2.62,1.00
2014.10.23 06:54:07.296,1.12403,1.1242,1.54,1.50
2014.10.23 06:54:07.347,1.12406,1.12421,1.00,1.50
2014.10.23 06:54:07.448,1.12403,1.1242,2.29,1.00
2014.10.23 06:54:07.499,1.12403,1.12416,1.69,1.00
2014.10.23 06:54:08.632,1.12402,1.12416,2.44,1.00
2014.10.23 06:54:09.400,1.12401,1.12412,1.19,1.00
2014.10.23 06:54:09.805,1.12399,1.1241,1.19,1.00
2014.10.23 06:54:09.856,1.12398,1.1241,1.00,1.00
2014.10.23 06:54:10.363,1.12397,1.12411,1.00,1.00
2014.10.23 06:54:11.264,1.12396,1.12411,2.10,1.00
2014.10.23 06:54:11.719,1.12398,1.12411,1.00,1.00
2014.10.23 06:54:11.924,1.12399,1.12414,1.31,1.00
2014.10.23 06:54:12.076,1.12402,1.12415,1.00,1.00
2014.10.23 06:54:12.127,1.12402,1.12417,1.00,1.00
2014.10.23 06:54:12.279,1.12407,1.12417,1.00,1.00
2014.10.23 06:54:12.431,1.12407,1.12419,1.00,1.00
2014.10.23 06:54:12.633,1.12407,1.12415,1.00,1.00
2014.10.23 06:54:12.735,1.12401,1.12417,3.64,1.00
2014.10.23 06:54:13.089,1.12402,1.12419,1.00,1.50
2014.10.23 06:54:13.594,1.12401,1.12419,2.70,1.87
2014.10.23 06:54:14.099,1.12402,1.12419,1.00,1.50
2014.10.23 06:54:15.840,1.12402,1.12419,1.37,2.25
2014.10.23 06:54:16.188,1.12407,1.12418,1.00,1.00
2014.10.23 06:54:16.239,1.12402,1.12418,2.62,1.00
2014.10.23 06:54:16.440,1.12402,1.12418,3.00,1.00
2014.10.23 06:54:22.194,1.12406,1.12421,1.37,1.00
2014.10.23 06:54:22.245,1.12406,1.12421,1.37,1.00
2014.10.23 06:54:22.549,1.12411,1.12423,1.00,1.00
2014.10.23 06:54:23.086,1.12412,1.12422,1.00,1.00
2014.10.23 06:54:23.610,1.12412,1.12423,1.37,1.00
2014.10.23 06:54:23.936,1.12411,1.12421,1.50,1.00
2014.10.23 06:54:24.459,1.12412,1.12421,1.00,1.00
2014.10.23 06:54:24.771,1.12414,1.12425,1.37,1.00
2014.10.23 06:54:26.954,1.12416,1.12427,1.37,1.00
2014.10.23 06:54:27.627,1.12417,1.12426,1.87,1.00
2014.10.23 06:54:28.867,1.12417,1.12426,1.37,1.00
2014.10.23 06:54:29.414,1.12417,1.12426,1.12,1.00
2014.10.23 06:54:30.026,1.12416,1.12426,1.00,1.00
2014.10.23 06:54:30.077,1.12416,1.12424,1.00,1.00
2014.10.23 06:54:30.564,1.12412,1.12423,3.56,1.00
2014.10.23 06:54:30.615,1.12412,1.12421,3.56,1.00
2014.10.23 06:54:31.123,1.12412,1.12421,3.00,1.00
2014.10.23 06:54:31.377,1.12412,1.12426,2.25,1.00
2014.10.23 06:54:34.496,1.12411,1.12426,1.00,1.00
2014.10.23 06:54:34.702,1.12413,1.12426,1.00,1.00
2014.10.23 06:54:34.804,1.12411,1.12426,1.69,1.00
2014.10.23 06:54:35.057,1.12417,1.12427,1.00,1.00
2014.10.23 06:54:35.159,1.12411,1.12426,1.25,1.00
2014.10.23 06:54:35.462,1.12411,1.12424,1.25,1.00
2014.10.23 06:54:38.971,1.12411,1.12427,1.00,2.70
2014.10.23 06:54:39.072,1.12412,1.12425,1.00,1.00
2014.10.23 06:54:39.174,1.12411,1.12427,1.00,1.50
2014.10.23 06:54:39.534,1.12412,1.12425,1.00,1.00
2014.10.23 06:54:40.066,1.12411,1.12426,1.00,1.12
2014.10.23 06:54:40.232,1.12409,1.12426,1.00,1.00
2014.10.23 06:54:40.849,1.12409,1.12426,1.37,1.25
2014.10.23 06:54:42.167,1.12411,1.12427,1.37,2.70
2014.10.23 06:54:42.319,1.12416,1.12432,1.00,4.01
2014.10.23 06:54:42.421,1.12414,1.12433,1.00,1.56
2014.10.23 06:54:42.472,1.12414,1.12433,1.00,1.00
2014.10.23 06:54:42.883,1.12416,1.12434,1.50,1.00
2014.10.23 06:54:43.186,1.12417,1.12436,1.25,1.00
2014.10.23 06:54:43.237,1.12419,1.12437,1.00,2.81
2014.10.23 06:54:43.995,1.12419,1.12438,1.00,5.51
2014.10.23 06:54:44.534,1.12419,1.12438,1.00,4.01
2014.10.23 06:54:46.880,1.12419,1.12438,1.00,3.82
2014.10.23 06:54:47.098,1.12421,1.12438,1.25,2.70
2014.10.23 06:54:47.300,1.12424,1.12439,1.00,1.00
2014.10.23 06:54:47.705,1.12424,1.12442,1.00,2.00
2014.10.23 06:54:47.756,1.12422,1.12441,1.50,2.25
2014.10.23 06:54:47.807,1.12422,1.12441,1.50,1.87
2014.10.23 06:54:48.331,1.12421,1.12439,1.00,1.69
2014.10.23 06:54:48.606,1.12422,1.12439,1.00,2.06
2014.10.23 06:54:49.712,1.12422,1.12439,1.00,2.62
2014.10.23 06:54:50.016,1.12422,1.12436,1.00,1.37
2014.10.23 06:54:50.220,1.12418,1.12436,2.29,1.37
2014.10.23 06:54:50.783,1.12417,1.12435,1.50,4.27
2014.10.23 06:54:51.318,1.12417,1.12435,1.00,5.77
2014.10.23 06:54:52.296,1.12417,1.12435,1.00,5.96
2014.10.23 06:54:52.347,1.12422,1.12435,1.00,5.96
2014.10.23 06:54:52.753,1.12416,1.12435,2.25,5.40
2014.10.23 06:54:52.855,1.12421,1.12435,1.00,5.40
2014.10.23 06:54:53.209,1.12423,1.12436,1.00,1.00
2014.10.23 06:54:53.361,1.12426,1.12441,1.00,1.50
2014.10.23 06:54:53.462,1.12425,1.12443,1.50,2.25
2014.10.23 06:54:53.715,1.12425,1.12439,1.00,1.00
2014.10.23 06:54:54.267,1.12424,1.12438,1.95,1.00
2014.10.23 06:54:54.786,1.12423,1.12438,1.25,1.00
2014.10.23 06:54:55.342,1.12423,1.12438,1.19,1.00
2014.10.23 06:54:55.579,1.12423,1.1244,1.19,1.00
2014.10.23 06:54:56.797,1.12423,1.12438,1.19,1.00
2014.10.23 06:54:56.899,1.12423,1.12441,1.19,1.12
2014.10.23 06:54:57.354,1.12423,1.1244,1.00,3.82
2014.10.23 06:54:57.810,1.12417,1.12435,2.25,1.00
2014.10.23 06:54:58.063,1.12417,1.12433,1.00,1.95
2014.10.23 06:54:58.366,1.12411,1.12428,1.69,1.00
2014.10.23 06:54:58.909,1.12411,1.12427,1.00,1.50
2014.10.23 06:54:59.364,1.12416,1.12427,1.00,1.00
2014.10.23 06:54:59.466,1.12416,1.12429,1.00,1.50
2014.10.23 06:54:59.719,1.12416,1.12431,1.00,1.50
2014.10.23 06:55:00.240,1.12418,1.12432,1.00,1.00
2014.10.23 06:55:00.393,1.12418,1.12434,1.00,1.00
2014.10.23 06:55:02.162,1.12418,1.12434,1.00,1.37
2014.10.23 06:55:02.679,1.12418,1.12434,1.00,1.37
2014.10.23 06:55:03.151,1.12416,1.12434,1.87,1.87
2014.10.23 06:55:03.990,1.12416,1.12434,1.50,1.87
2014.10.23 06:55:05.113,1.12417,1.12434,1.00,1.87
2014.10.23 06:55:05.644,1.12417,1.12434,1.00,1.87
2014.10.23 06:55:06.206,1.12416,1.12434,1.87,1.87
2014.10.23 06:55:08.096,1.12416,1.12434,2.25,1.87
2014.10.23 06:55:08.434,1.12419,1.12434,1.00,1.87
2014.10.23 06:55:08.979,1.12418,1.12434,1.00,1.87
2014.10.23 06:55:09.907,1.12418,1.12434,1.00,2.06
2014.10.23 06:55:10.214,1.1242,1.12434,1.12,1.00
2014.10.23 06:55:10.366,1.12421,1.12438,1.87,1.00
2014.10.23 06:55:10.519,1.12421,1.12439,1.00,2.62
2014.10.23 06:55:10.621,1.12421,1.12439,1.00,2.25
2014.10.23 06:55:10.672,1.12421,1.12436,1.00,1.00
2014.10.23 06:55:10.977,1.12422,1.12433,1.00,1.00
2014.10.23 06:55:11.230,1.12418,1.12432,1.37,1.00
2014.10.23 06:55:11.433,1.12418,1.1243,1.12,1.00
2014.10.23 06:55:11.535,1.12417,1.12432,1.37,1.00
2014.10.23 06:55:12.040,1.12417,1.12432,1.87,1.00
2014.10.23 06:55:13.921,1.12417,1.1243,1.87,1.00
2014.10.23 06:55:14.227,1.12417,1.1243,1.87,1.00
2014.10.23 06:55:14.430,1.12417,1.12431,1.87,1.00
2014.10.23 06:55:14.936,1.12417,1.12431,1.12,1.00
2014.10.23 06:55:15.442,1.12414,1.1243,1.00,1.00
2014.10.23 06:55:15.493,1.12414,1.12427,1.00,1.00
2014.10.23 06:55:15.544,1.12412,1.12427,2.44,1.00
2014.10.23 06:55:15.747,1.12416,1.12428,1.00,1.00
2014.10.23 06:55:15.949,1.12416,1.1243,1.00,1.00
2014.10.23 06:55:16.503,1.12417,1.1243,1.00,1.00
2014.10.23 06:55:16.604,1.12417,1.12428,1.00,1.00
2014.10.23 06:55:17.271,1.12416,1.12428,1.00,1.00
2014.10.23 06:55:17.576,1.12417,1.12428,1.87,1.00
2014.10.23 06:55:17.678,1.12421,1.12431,1.00,1.00
2014.10.23 06:55:18.192,1.12422,1.12431,1.00,1.00
2014.10.23 06:55:18.812,1.12421,1.12431,1.00,1.00
2014.10.23 06:55:18.964,1.12422,1.12432,1.37,1.00
2014.10.23 06:55:19.014,1.12421,1.12438,2.81,1.00
2014.10.23 06:55:19.517,1.12424,1.12439,1.00,1.50
2014.10.23 06:55:19.669,1.12424,1.12436,1.00,1.00
2014.10.23 06:55:19.821,1.12422,1.12435,1.00,1.00
2014.10.23 06:55:19.872,1.12422,1.12433,1.00,1.00
2014.10.23 06:55:20.125,1.12418,1.12432,1.00,1.00
2014.10.23 06:55:20.227,1.12421,1.12435,1.00,2.44
2014.10.23 06:55:20.429,1.12422,1.12436,1.00,1.00
2014.10.23 06:55:20.985,1.12422,1.12438,1.35,1.00
2014.10.23 06:55:22.078,1.12422,1.12438,1.54,1.37
2014.10.23 06:55:22.383,1.12421,1.12434,1.50,1.00
2014.10.23 06:55:22.855,1.12417,1.12432,1.00,1.00
2014.10.23 06:55:23.320,1.12422,1.12433,1.00,1.00
2014.10.23 06:55:23.421,1.12422,1.12435,1.00,1.50
2014.10.23 06:55:23.675,1.12421,1.12438,1.00,1.50
2014.10.23 06:55:23.827,1.12421,1.12435,1.00,1.00
2014.10.23 06:55:24.356,1.12422,1.12436,1.00,1.00
2014.10.23 06:55:25.433,1.12421,1.12437,2.70,1.37
2014.10.23 06:55:25.940,1.12421,1.12436,1.00,2.06
2014.10.23 06:55:26.193,1.12418,1.12436,1.00,1.69
2014.10.23 06:55:26.734,1.12417,1.12434,1.00,1.00
2014.10.23 06:55:26.998,1.12417,1.12436,1.69,1.25
2014.10.23 06:55:27.049,1.12422,1.12436,1.00,1.69
2014.10.23 06:55:27.561,1.12421,1.12436,1.00,1.25
2014.10.23 06:55:29.786,1.12422,1.12436,1.00,1.00
2014.10.23 06:55:30.293,1.12423,1.12436,1.00,1.00
2014.10.23 06:55:30.344,1.12423,1.12438,1.00,1.69
2014.10.23 06:55:30.445,1.12426,1.12434,1.00,1.00
2014.10.23 06:55:30.547,1.12423,1.12435,1.00,1.00
2014.10.23 06:55:30.699,1.12427,1.12435,1.00,1.00
2014.10.23 06:55:30.817,1.12423,1.12435,1.00,1.00
2014.10.23 06:55:31.785,1.12423,1.12435,1.37,1.00
2014.10.23 06:55:32.405,1.12423,1.12437,1.00,1.00
2014.10.23 06:55:37.721,1.12423,1.12439,1.37,1.50
2014.10.23 06:55:37.825,1.12425,1.12439,1.37,1.00
2014.10.23 06:55:37.876,1.12425,1.12441,1.37,2.25
2014.10.23 06:55:38.381,1.12426,1.12442,1.00,1.00
2014.10.23 06:55:39.155,1.12427,1.12442,1.00,1.00
2014.10.23 06:55:39.678,1.12426,1.12442,1.00,1.00
2014.10.23 06:55:40.270,1.12427,1.12442,1.00,1.00
2014.10.23 06:55:41.516,1.12427,1.12442,1.37,1.00
2014.10.23 06:55:41.567,1.12427,1.1244,1.87,1.00
2014.10.23 06:55:45.526,1.12426,1.12439,2.62,1.00
2014.10.23 06:55:47.738,1.12427,1.12439,1.00,1.00
2014.10.23 06:55:48.258,1.12426,1.1244,1.00,1.00
2014.10.23 06:55:48.461,1.12424,1.12439,1.12,1.00
2014.10.23 06:55:48.512,1.12424,1.12437,1.12,1.00
2014.10.23 06:55:48.765,1.12421,1.12435,2.25,1.00
2014.10.23 06:55:49.473,1.12421,1.12435,3.37,1.00
2014.10.23 06:55:54.904,1.12421,1.12435,1.12,1.00
2014.10.23 06:55:58.813,1.1242,1.12435,1.12,1.00
2014.10.23 06:55:59.439,1.12421,1.12436,1.00,1.00
2014.10.23 06:56:00.070,1.12422,1.12436,1.00,1.00
2014.10.23 06:56:02.823,1.12418,1.12436,3.56,1.00
2014.10.23 06:56:03.560,1.12418,1.12436,1.62,1.00
2014.10.23 06:56:04.093,1.12418,1.12436,1.62,1.00
2014.10.23 06:56:06.523,1.12418,1.12436,1.62,1.00
2014.10.23 06:56:07.099,1.12422,1.12436,1.00,1.00
2014.10.23 06:56:07.532,1.12422,1.12438,1.12,4.84
2014.10.23 06:56:07.633,1.12421,1.12436,1.37,1.00
2014.10.23 06:56:08.173,1.12421,1.12436,1.12,1.00
2014.10.23 06:56:08.512,1.12421,1.12434,1.12,1.00
2014.10.23 06:56:09.553,1.12421,1.12434,1.37,1.00
2014.10.23 06:56:10.260,1.12421,1.12434,1.37,1.00
2014.10.23 06:56:10.823,1.12421,1.12434,1.37,1.00
2014.10.23 06:56:11.150,1.12421,1.12434,1.37,1.00
2014.10.23 06:56:11.890,1.12421,1.12434,1.37,1.00
2014.10.23 06:56:11.941,1.12422,1.12436,1.37,1.00
2014.10.23 06:56:12.042,1.12425,1.12439,1.12,1.00
2014.10.23 06:56:12.093,1.12425,1.12442,1.12,1.69
2014.10.23 06:56:12.195,1.12427,1.12442,1.12,1.19
2014.10.23 06:56:12.710,1.12427,1.12442,1.12,1.00
2014.10.23 06:56:16.897,1.12427,1.12442,1.00,1.37
2014.10.23 06:56:17.051,1.12425,1.12442,1.31,1.37
2014.10.23 06:56:17.563,1.12425,1.12442,1.25,1.37
2014.10.23 06:56:18.077,1.12426,1.12442,1.00,1.37
2014.10.23 06:56:18.232,1.12426,1.12442,1.00,1.12
2014.10.23 06:56:18.990,1.12425,1.12442,1.00,1.12
2014.10.23 06:56:19.702,1.12425,1.12442,1.00,1.37
2014.10.23 06:56:20.225,1.12425,1.12439,1.00,1.00
2014.10.23 06:56:20.759,1.12425,1.12439,1.00,1.37
2014.10.23 06:56:22.569,1.12423,1.12439,1.00,1.87
2014.10.23 06:56:22.620,1.12422,1.12437,1.50,1.37
2014.10.23 06:56:23.151,1.12421,1.12435,1.00,1.00
2014.10.23 06:56:24.378,1.12421,1.12434,1.00,1.00
2014.10.23 06:56:24.918,1.12422,1.12434,1.00,1.00
2014.10.23 06:56:26.897,1.12422,1.12436,1.00,1.00
2014.10.23 06:56:28.568,1.12422,1.12437,1.12,4.39
2014.10.23 06:56:29.184,1.12422,1.12438,1.12,1.31
2014.10.23 06:56:29.544,1.12422,1.12435,1.12,1.00
2014.10.23 06:56:29.696,1.12417,1.12435,2.44,1.37
2014.10.23 06:56:29.747,1.12417,1.12432,1.00,1.00
2014.10.23 06:56:30.050,1.12422,1.12432,1.00,1.00
2014.10.23 06:56:30.101,1.12417,1.12432,1.00,1.00
2014.10.23 06:56:31.220,1.12416,1.12432,1.87,1.00
2014.10.23 06:56:31.740,1.12416,1.12432,1.87,1.00
2014.10.23 06:56:32.789,1.12416,1.12432,1.87,1.00
2014.10.23 06:56:33.492,1.12416,1.12432,1.87,1.00
2014.10.23 06:56:35.584,1.12417,1.12431,1.00,1.00
2014.10.23 06:56:39.889,1.12422,1.12431,1.00,1.00
2014.10.23 06:56:41.036,1.12416,1.12431,1.00,1.00
2014.10.23 06:56:43.325,1.12416,1.12433,1.00,3.07
2014.10.23 06:56:47.370,1.12416,1.12434,1.50,1.50
2014.10.23 06:56:47.471,1.12419,1.12434,1.72,1.00
2014.10.23 06:56:47.522,1.12422,1.12434,1.00,1.00
2014.10.23 06:56:47.725,1.12422,1.12437,1.00,1.00
2014.10.23 06:56:48.385,1.12421,1.12437,1.37,1.00
2014.10.23 06:56:50.340,1.12422,1.12438,1.37,1.50
2014.10.23 06:56:52.589,1.12426,1.12438,1.00,1.00
2014.10.23 06:56:53.421,1.12422,1.12437,1.87,1.00
2014.10.23 06:56:53.775,1.12421,1.12437,1.25,1.50
2014.10.23 06:56:53.977,1.12421,1.12435,1.25,1.00
2014.10.23 06:56:56.390,1.12422,1.12435,1.00,1.00
2014.10.23 06:56:56.961,1.12422,1.12437,1.12,1.00
2014.10.23 06:56:57.214,1.12421,1.12435,1.00,1.95
2014.10.23 06:56:57.518,1.12422,1.12434,1.00,1.37
2014.10.23 06:56:59.518,1.12416,1.12433,1.69,1.12
2014.10.23 06:57:00.791,1.12416,1.12432,1.69,1.00
2014.10.23 06:57:01.044,1.12416,1.12432,3.56,1.00
2014.10.23 06:57:01.368,1.12422,1.12433,1.12,1.00
2014.10.23 06:57:02.025,1.12421,1.12433,1.00,1.00
2014.10.23 06:57:02.328,1.12416,1.1243,3.56,1.00
2014.10.23 06:57:02.890,1.12421,1.1243,1.00,1.00
2014.10.23 06:57:04.564,1.12416,1.1243,3.37,1.00
2014.10.23 06:57:04.969,1.12422,1.1243,1.00,1.00
2014.10.23 06:57:05.454,1.12417,1.1243,1.37,1.00
2014.10.23 06:57:05.681,1.12422,1.1243,1.00,1.00
2014.10.23 06:57:06.085,1.12417,1.12431,1.37,1.00
2014.10.23 06:57:06.420,1.12422,1.12432,1.00,1.00
2014.10.23 06:57:06.521,1.12417,1.12432,1.87,1.00
2014.10.23 06:57:06.573,1.12417,1.12432,1.87,1.00
2014.10.23 06:57:06.876,1.12422,1.12434,1.00,1.00
2014.10.23 06:57:07.297,1.12422,1.12437,1.50,1.25
2014.10.23 06:57:07.845,1.12422,1.12437,1.87,1.25
2014.10.23 06:57:08.202,1.12422,1.12437,2.62,1.00
2014.10.23 06:57:08.253,1.12422,1.12435,2.25,1.00
2014.10.23 06:57:08.741,1.12427,1.12435,1.00,1.00
2014.10.23 06:57:09.370,1.12427,1.12436,1.00,1.00
2014.10.23 06:57:09.472,1.12427,1.12438,1.00,1.00
2014.10.23 06:57:09.524,1.12423,1.12438,1.37,1.00
2014.10.23 06:57:09.576,1.12423,1.12435,1.00,1.00
2014.10.23 06:57:09.829,1.12424,1.12437,1.00,1.00
2014.10.23 06:57:10.353,1.12423,1.12437,2.25,1.00
2014.10.23 06:57:10.813,1.12423,1.12437,2.62,1.00
2014.10.23 06:57:11.116,1.12426,1.12439,1.37,1.00
2014.10.23 06:57:11.571,1.12426,1.12442,1.87,1.00
2014.10.23 06:57:12.077,1.12427,1.12442,1.50,1.00
2014.10.23 06:57:13.931,1.12429,1.12442,1.00,1.00
2014.10.23 06:57:14.084,1.12429,1.12445,2.81,1.00
2014.10.23 06:57:14.236,1.12431,1.12447,2.81,1.50
2014.10.23 06:57:14.488,1.12431,1.12448,4.69,1.00
2014.10.23 06:57:14.792,1.12436,1.12449,1.00,1.00
2014.10.23 06:57:14.901,1.12432,1.12449,1.69,1.00
2014.10.23 06:57:19.502,1.12431,1.12449,3.19,1.00
2014.10.23 06:57:19.553,1.12431,1.12446,1.19,1.00
2014.10.23 06:57:19.655,1.12429,1.12444,1.50,1.50
2014.10.23 06:57:19.705,1.12429,1.12442,1.50,1.00
2014.10.23 06:57:19.756,1.12427,1.12441,1.00,1.00
2014.10.23 06:57:19.858,1.12426,1.12435,1.00,1.00
2014.10.23 06:57:20.314,1.12422,1.12435,3.94,1.00
2014.10.23 06:57:20.841,1.12422,1.12436,3.94,1.00
2014.10.23 06:57:20.898,1.12422,1.12436,3.19,1.00
2014.10.23 06:57:21.101,1.12426,1.12436,1.00,1.00
2014.10.23 06:57:21.637,1.12422,1.12436,3.19,1.00
2014.10.23 06:57:22.319,1.12427,1.12436,1.00,1.00
2014.10.23 06:57:22.420,1.12422,1.12436,2.62,1.00
2014.10.23 06:57:22.522,1.12426,1.12435,1.00,1.00
2014.10.23 06:57:22.623,1.12422,1.12435,2.62,1.00
2014.10.23 06:57:23.159,1.12422,1.12435,2.44,1.00
2014.10.23 06:57:23.378,1.12422,1.12435,2.81,1.00
2014.10.23 06:57:23.972,1.12422,1.12435,3.56,1.00
2014.10.23 06:57:25.185,1.12426,1.12435,1.00,1.00
2014.10.23 06:57:25.387,1.12422,1.12435,2.81,1.00
2014.10.23 06:57:25.539,1.12422,1.12437,2.81,1.00
2014.10.23 06:57:25.786,1.12422,1.12435,1.62,1.00
2014.10.23 06:57:25.887,1.12422,1.1244,3.04,2.89
2014.10.23 06:57:25.989,1.12426,1.12437,1.00,1.00
2014.10.23 06:57:26.040,1.12422,1.12437,2.29,1.00
2014.10.23 06:57:26.193,1.12423,1.12434,1.00,1.00
2014.10.23 06:57:26.714,1.12422,1.12434,1.25,1.00
2014.10.23 06:57:27.226,1.12423,1.12434,1.50,1.00
2014.10.23 06:57:27.599,1.12422,1.12436,2.25,1.00
2014.10.23 06:57:28.113,1.12422,1.12435,2.25,1.00
2014.10.23 06:57:28.478,1.12422,1.12435,3.00,1.00
2014.10.23 06:57:30.820,1.12422,1.12435,3.26,1.00
2014.10.23 06:57:31.022,1.12422,1.12435,2.51,1.00
2014.10.23 06:57:31.124,1.12421,1.12434,1.00,1.00
2014.10.23 06:57:31.226,1.12417,1.1243,4.01,1.00
2014.10.23 06:57:31.429,1.12417,1.12431,1.00,1.00
2014.10.23 06:57:31.530,1.12413,1.1243,1.69,1.50
2014.10.23 06:57:31.682,1.12413,1.12427,1.19,1.00
2014.10.23 06:57:31.985,1.12416,1.12427,1.00,1.00
2014.10.23 06:57:32.836,1.12416,1.12425,1.00,1.00
2014.10.23 06:57:33.342,1.12417,1.12425,1.00,1.00
2014.10.23 06:57:33.546,1.12411,1.12424,4.57,1.00
2014.10.23 06:57:33.852,1.12411,1.12422,1.50,1.00
2014.10.23 06:57:34.004,1.12408,1.12422,1.37,1.00
2014.10.23 06:57:34.551,1.12408,1.12422,1.00,1.00
2014.10.23 06:57:35.144,1.12407,1.12422,1.12,1.00
2014.10.23 06:57:36.726,1.12407,1.12422,1.87,1.00
2014.10.23 06:57:37.289,1.12407,1.12422,1.87,1.00
2014.10.23 06:57:38.139,1.12407,1.12422,1.12,1.00
2014.10.23 06:57:38.773,1.12407,1.12422,1.37,1.00
2014.10.23 06:57:39.076,1.12408,1.12424,1.37,1.25
2014.10.23 06:57:39.610,1.12409,1.12425,1.37,1.00
2014.10.23 06:57:39.814,1.12412,1.12427,1.00,1.00
2014.10.23 06:57:39.916,1.12412,1.12424,1.00,1.00
2014.10.23 06:57:40.220,1.12411,1.12421,1.00,1.00
2014.10.23 06:57:40.474,1.12408,1.12422,2.44,1.00
2014.10.23 06:57:40.804,1.12412,1.12424,1.00,1.00
2014.10.23 06:57:40.905,1.12408,1.12422,2.44,1.00
2014.10.23 06:57:41.007,1.12411,1.12422,1.00,1.00
2014.10.23 06:57:41.355,1.12411,1.1242,1.00,1.00
2014.10.23 06:57:42.749,1.12412,1.12421,1.00,1.00
2014.10.23 06:57:43.324,1.12407,1.12422,2.81,1.00
2014.10.23 06:57:44.046,1.12407,1.12422,1.87,1.00
2014.10.23 06:57:44.679,1.12407,1.12422,1.50,1.00
2014.10.23 06:57:46.154,1.12406,1.12422,1.87,1.00
2014.10.23 06:57:46.460,1.12412,1.12422,1.00,1.00
2014.10.23 06:57:51.034,1.12406,1.12422,3.56,1.00
2014.10.23 06:57:51.186,1.12408,1.12423,1.97,1.00
2014.10.23 06:57:51.338,1.12412,1.12429,1.87,1.50
2014.10.23 06:57:51.389,1.12412,1.12429,1.87,1.87
2014.10.23 06:57:51.920,1.12413,1.1243,1.19,1.00
2014.10.23 06:57:52.072,1.12411,1.12429,1.50,2.89
2014.10.23 06:57:52.123,1.12411,1.12427,1.50,1.00
2014.10.23 06:57:52.666,1.12412,1.12427,1.00,2.25
2014.10.23 06:57:52.978,1.12412,1.12423,1.00,1.00
2014.10.23 06:57:53.130,1.12407,1.12423,3.00,1.00
2014.10.23 06:57:54.068,1.12412,1.12423,1.00,1.00
2014.10.23 06:57:54.321,1.12408,1.12423,1.87,1.00
2014.10.23 06:57:54.524,1.12411,1.12424,1.37,1.00
2014.10.23 06:57:54.777,1.12407,1.12422,1.50,1.00
2014.10.23 06:57:54.878,1.12412,1.12422,1.00,1.00
2014.10.23 06:57:55.182,1.12407,1.12423,1.00,1.00
2014.10.23 06:57:55.740,1.12407,1.12423,1.37,1.00
2014.10.23 06:57:56.716,1.12407,1.12423,1.12,1.00
2014.10.23 06:57:57.237,1.12407,1.12422,1.87,1.00
2014.10.23 06:57:57.792,1.12407,1.12421,1.37,1.00
2014.10.23 06:57:59.255,1.12408,1.1242,1.37,1.00
2014.10.23 06:58:00.458,1.12408,1.12419,1.37,1.00
2014.10.23 06:58:00.863,1.12406,1.12419,3.07,1.00
2014.10.23 06:58:02.759,1.12404,1.12419,2.62,1.00
2014.10.23 06:58:03.395,1.12404,1.12419,2.62,1.00
2014.10.23 06:58:03.748,1.12404,1.12419,3.00,1.00
2014.10.23 06:58:04.052,1.12406,1.12417,1.37,1.00
2014.10.23 06:58:05.095,1.12404,1.12417,1.87,1.00
2014.10.23 06:58:05.349,1.12404,1.12417,1.87,1.00
2014.10.23 06:58:05.553,1.12406,1.12419,1.37,1.00
2014.10.23 06:58:05.756,1.12406,1.12419,1.00,1.00
2014.10.23 06:58:05.858,1.12412,1.12421,1.00,1.00
2014.10.23 06:58:05.959,1.12407,1.12419,1.00,1.00
2014.10.23 06:58:06.313,1.12412,1.1242,1.00,1.00
2014.10.23 06:58:06.430,1.12412,1.12425,1.50,3.90
2014.10.23 06:58:06.531,1.12416,1.12425,2.25,1.95
2014.10.23 06:58:06.734,1.12421,1.12435,1.00,1.12
2014.10.23 06:58:06.886,1.12421,1.12431,1.00,1.00
2014.10.23 06:58:07.233,1.12418,1.12428,2.44,1.00
2014.10.23 06:58:08.224,1.12418,1.12428,1.69,1.00
2014.10.23 06:58:08.530,1.12421,1.12428,1.00,1.00
2014.10.23 06:58:09.141,1.12418,1.12428,1.69,1.00
2014.10.23 06:58:09.192,1.12418,1.1243,2.06,1.00
2014.10.23 06:58:13.034,1.12418,1.12429,2.06,1.00
2014.10.23 06:58:13.135,1.12418,1.12427,2.06,1.00
2014.10.23 06:58:13.898,1.12421,1.12427,1.00,1.00
2014.10.23 06:58:14.000,1.12417,1.12427,1.56,1.00
2014.10.23 06:58:16.610,1.12416,1.12427,1.00,1.00
2014.10.23 06:58:17.070,1.12414,1.12422,1.25,1.00
2014.10.23 06:58:17.274,1.12411,1.1242,1.50,1.00
2014.10.23 06:58:17.629,1.12409,1.12419,1.00,1.00
2014.10.23 06:58:18.135,1.1241,1.12419,1.00,1.00
2014.10.23 06:58:18.288,1.12408,1.12419,1.50,1.00
2014.10.23 06:58:19.295,1.12408,1.12419,1.87,1.00
2014.10.23 06:58:19.805,1.12408,1.12419,1.87,1.00
2014.10.23 06:58:20.183,1.12408,1.12417,1.50,1.00
2014.10.23 06:58:20.704,1.12412,1.12417,1.00,1.00
2014.10.23 06:58:23.217,1.12408,1.12417,1.37,1.00
2014.10.23 06:58:23.764,1.12411,1.12417,1.00,1.00
2014.10.23 06:58:24.583,1.12408,1.12417,1.37,1.00
2014.10.23 06:58:25.306,1.12408,1.12417,1.87,1.00
2014.10.23 06:58:25.358,1.12408,1.12419,1.87,1.00
2014.10.23 06:58:25.409,1.12412,1.12419,1.00,1.00
2014.10.23 06:58:25.460,1.12412,1.12423,1.50,1.00
2014.10.23 06:58:25.511,1.12414,1.12423,1.00,1.00
2014.10.23 06:58:25.562,1.12414,1.12427,1.00,1.00
2014.10.23 06:58:26.104,1.12413,1.12427,1.50,1.00
2014.10.23 06:58:26.617,1.12413,1.12427,1.69,1.00
2014.10.23 06:58:27.177,1.12416,1.12427,1.00,1.00
2014.10.23 06:58:27.647,1.12413,1.12427,1.69,1.00
2014.10.23 06:58:28.487,1.12413,1.12427,2.06,1.00
2014.10.23 06:58:29.538,1.12413,1.12423,1.31,1.00
2014.10.23 06:58:29.640,1.12411,1.12428,3.00,1.00
2014.10.23 06:58:30.187,1.12417,1.12428,1.00,1.00
2014.10.23 06:58:32.362,1.12417,1.1243,1.87,1.00
2014.10.23 06:58:33.923,1.12417,1.1243,1.37,1.00
2014.10.23 06:58:36.175,1.12417,1.1243,1.56,1.00
2014.10.23 06:58:36.685,1.12417,1.12431,2.06,1.00
2014.10.23 06:58:37.343,1.12418,1.12432,1.62,1.00
2014.10.23 06:58:38.234,1.12418,1.12432,1.62,1.00
2014.10.23 06:58:41.146,1.12416,1.12432,3.56,1.00
2014.10.23 06:58:41.298,1.12416,1.12429,3.19,1.00
2014.10.23 06:58:41.819,1.12415,1.12428,3.19,1.00
2014.10.23 06:58:42.287,1.12417,1.1243,1.25,1.00
2014.10.23 06:58:42.876,1.12417,1.1243,1.62,1.00
2014.10.23 06:58:43.486,1.12416,1.12431,1.25,1.00
2014.10.23 06:58:43.638,1.12416,1.12421,1.00,1.00
2014.10.23 06:58:43.834,1.1241,1.12419,1.00,1.00
2014.10.23 06:58:43.888,1.124,1.12414,1.00,1.00
2014.10.23 06:58:44.041,1.12402,1.12414,1.00,1.00
2014.10.23 06:58:44.247,1.12397,1.12413,1.50,1.50
2014.10.23 06:58:44.349,1.12394,1.12413,1.00,3.00
2014.10.23 06:58:44.451,1.12396,1.12412,1.00,2.44
2014.10.23 06:58:44.806,1.12393,1.12411,1.00,1.00
2014.10.23 06:58:44.857,1.12393,1.12407,1.00,1.00
2014.10.23 06:58:45.011,1.12387,1.12407,2.29,1.00
2014.10.23 06:58:45.062,1.12387,1.12404,2.29,1.95
2014.10.23 06:58:45.122,1.12387,1.12406,2.29,2.70
2014.10.23 06:58:45.481,1.12389,1.12407,2.10,1.00
2014.10.23 06:58:45.986,1.12391,1.12408,1.54,1.00
2014.10.23 06:58:46.307,1.12387,1.12404,2.29,1.00
2014.10.23 06:58:46.612,1.12383,1.12396,1.19,1.00
2014.10.23 06:58:46.663,1.1238,1.12396,1.00,1.00
2014.10.23 06:58:46.764,1.12377,1.12395,2.10,1.00
2014.10.23 06:58:46.916,1.12381,1.12395,1.00,1.00
2014.10.23 06:58:46.967,1.12381,1.12397,1.25,1.00
2014.10.23 06:58:47.018,1.12386,1.12398,1.00,1.00
2014.10.23 06:58:47.120,1.12382,1.124,2.85,1.00
2014.10.23 06:58:47.648,1.12382,1.12401,2.85,1.50
2014.10.23 06:58:48.153,1.12382,1.12402,3.04,2.06
2014.10.23 06:58:49.165,1.12382,1.12402,3.79,1.50
2014.10.23 06:58:50.389,1.12383,1.12402,1.31,1.50
2014.10.23 06:58:51.480,1.12382,1.12402,3.04,1.50
2014.10.23 06:58:51.733,1.12386,1.12402,1.00,1.50
2014.10.23 06:58:52.299,1.12387,1.12402,1.00,1.50
2014.10.23 06:58:52.607,1.12392,1.12403,1.12,1.50
2014.10.23 06:58:52.709,1.12392,1.12411,2.10,1.00
2014.10.23 06:58:52.811,1.12395,1.12413,1.00,3.64
2014.10.23 06:58:53.340,1.12395,1.12413,1.00,3.64
2014.10.23 06:58:53.857,1.12394,1.12413,1.00,3.64
2014.10.23 06:58:55.057,1.12394,1.12412,1.25,1.00
2014.10.23 06:58:55.604,1.12392,1.12411,3.79,1.00
2014.10.23 06:58:56.183,1.12392,1.12409,2.44,1.00
2014.10.23 06:58:56.246,1.12392,1.12409,1.25,1.00
2014.10.23 06:58:56.349,1.12389,1.12407,1.69,1.50
2014.10.23 06:58:56.669,1.12387,1.12405,2.06,1.50
2014.10.23 06:58:57.197,1.12387,1.12405,2.06,1.50
2014.10.23 06:58:57.501,1.12397,1.12412,1.00,2.70
2014.10.23 06:58:58.007,1.12396,1.12411,1.25,1.00
2014.10.23 06:58:58.361,1.12397,1.12413,1.00,4.95
2014.10.23 06:58:58.967,1.12393,1.12413,1.19,3.64
2014.10.23 06:58:59.317,1.12396,1.12413,1.00,2.89
2014.10.23 06:58:59.622,1.12396,1.12414,2.06,1.50
2014.10.23 06:59:00.147,1.12397,1.12416,2.62,1.85
2014.10.23 06:59:00.249,1.12397,1.12415,2.62,1.00
2014.10.23 06:59:00.782,1.12397,1.12415,3.37,1.00
2014.10.23 06:59:01.915,1.12397,1.12415,3.56,1.00
2014.10.23 06:59:03.225,1.12397,1.12417,3.56,1.87
2014.10.23 06:59:03.428,1.12397,1.12417,3.56,1.50
2014.10.23 06:59:03.997,1.12398,1.12414,1.19,1.00
2014.10.23 06:59:04.253,1.12397,1.12414,1.50,2.70
2014.10.23 06:59:07.643,1.12397,1.12413,1.00,1.00
2014.10.23 06:59:08.292,1.12397,1.12414,1.00,1.25
2014.10.23 06:59:09.048,1.12397,1.12415,1.00,2.10
2014.10.23 06:59:09.326,1.12402,1.12415,1.00,2.47
2014.10.23 06:59:11.398,1.12397,1.12416,1.00,1.91
2014.10.23 06:59:13.173,1.12402,1.12416,1.00,1.60
2014.10.23 06:59:13.275,1.12396,1.12417,1.37,5.36
2014.10.23 06:59:13.528,1.12402,1.12417,1.00,2.10
2014.10.23 06:59:13.579,1.12402,1.12419,1.00,2.44
2014.10.23 06:59:13.630,1.12406,1.12419,1.00,1.69
2014.10.23 06:59:13.781,1.12406,1.12422,1.00,2.55
2014.10.23 06:59:14.456,1.12406,1.12422,1.00,1.95
2014.10.23 06:59:14.710,1.12411,1.12424,1.00,2.14
2014.10.23 06:59:14.964,1.12411,1.12425,1.00,2.70
2014.10.23 06:59:15.469,1.12411,1.12426,1.00,1.00
2014.10.23 06:59:15.823,1.12416,1.12428,1.00,1.50
2014.10.23 06:59:16.329,1.12416,1.12429,1.00,1.00
2014.10.23 06:59:16.835,1.12417,1.12429,1.00,1.00
2014.10.23 06:59:16.936,1.12417,1.12431,1.00,1.00
2014.10.23 06:59:17.663,1.12417,1.12432,1.00,3.82
2014.10.23 06:59:18.118,1.12412,1.12433,2.06,1.31
2014.10.23 06:59:18.285,1.12412,1.12433,1.31,2.06
2014.10.23 06:59:19.300,1.12412,1.12433,1.31,1.31
2014.10.23 06:59:20.306,1.12411,1.12432,3.56,2.51
2014.10.23 06:59:20.662,1.12411,1.12432,3.94,2.14
2014.10.23 06:59:21.218,1.12417,1.12434,1.00,1.19
2014.10.23 06:59:21.343,1.12417,1.12435,1.00,1.54
2014.10.23 06:59:21.758,1.12422,1.12435,1.00,1.54
2014.10.23 06:59:22.322,1.12417,1.12435,1.50,2.29
2014.10.23 06:59:23.306,1.12417,1.12435,1.50,1.54
2014.10.23 06:59:23.710,1.12416,1.12435,1.37,1.54
2014.10.23 06:59:24.688,1.12416,1.12435,1.75,1.54
2014.10.23 06:59:26.317,1.12422,1.12435,1.12,1.54
2014.10.23 06:59:27.321,1.12422,1.12435,1.12,1.35
2014.10.23 06:59:27.588,1.12421,1.12437,1.00,1.95
2014.10.23 06:59:27.639,1.12421,1.12439,1.00,4.09
2014.10.23 06:59:28.147,1.12422,1.12439,1.12,4.09
2014.10.23 06:59:28.658,1.12421,1.1244,1.37,1.19
2014.10.23 06:59:29.165,1.12421,1.12441,2.81,3.30
2014.10.23 06:59:29.518,1.12421,1.12438,1.69,1.95
2014.10.23 06:59:29.570,1.12421,1.12438,1.00,2.14
2014.10.23 06:59:29.721,1.12421,1.12435,1.00,1.95
2014.10.23 06:59:29.823,1.12422,1.12437,1.00,2.70
2014.10.23 06:59:29.924,1.12421,1.12435,1.00,1.95
2014.10.23 06:59:30.228,1.12421,1.12429,1.00,3.90
2014.10.23 06:59:30.434,1.12421,1.12434,1.00,1.50
2014.10.23 06:59:30.486,1.12416,1.12434,1.00,1.50
2014.10.23 06:59:30.639,1.12417,1.12431,1.00,1.50
2014.10.23 06:59:30.943,1.12416,1.12428,1.00,1.00
2014.10.23 06:59:31.146,1.12411,1.12428,1.00,1.00
2014.10.23 06:59:31.197,1.12411,1.12426,1.00,1.95
2014.10.23 06:59:31.704,1.12412,1.12426,1.00,1.95
2014.10.23 06:59:32.638,1.12411,1.12426,1.00,2.14
2014.10.23 06:59:33.187,1.12412,1.12426,1.00,2.14
2014.10.23 06:59:34.145,1.12412,1.12428,1.00,3.64
2014.10.23 06:59:34.894,1.12412,1.12428,1.00,3.64
2014.10.23 06:59:35.305,1.12417,1.12428,1.00,2.89
2014.10.23 06:59:35.407,1.12412,1.12428,1.12,1.95
2014.10.23 06:59:37.149,1.12411,1.12428,1.12,1.95
2014.10.23 06:59:37.351,1.12411,1.1243,1.00,2.89
2014.10.23 06:59:37.452,1.12411,1.12428,1.00,1.95
2014.10.23 06:59:37.808,1.12407,1.12428,1.62,4.24
2014.10.23 06:59:38.023,1.12407,1.12427,1.62,1.35
2014.10.23 06:59:38.545,1.12411,1.12427,1.00,1.35
2014.10.23 06:59:39.160,1.12411,1.12427,1.00,1.54
2014.10.23 06:59:39.716,1.12408,1.12428,2.06,1.95
2014.10.23 06:59:40.233,1.12411,1.12428,1.37,1.95
2014.10.23 06:59:40.696,1.12416,1.12428,1.00,1.95
2014.10.23 06:59:40.797,1.12412,1.12428,1.00,1.95
2014.10.23 06:59:42.031,1.12412,1.12428,1.37,1.95
2014.10.23 06:59:42.737,1.12411,1.12428,1.62,1.95
2014.10.23 06:59:43.028,1.12412,1.1243,1.37,2.14
2014.10.23 06:59:43.333,1.12416,1.12432,1.00,1.19
2014.10.23 06:59:43.434,1.12412,1.12432,1.37,1.19
2014.10.23 06:59:43.941,1.12412,1.12432,1.00,1.19
2014.10.23 06:59:44.396,1.12412,1.12433,1.19,5.36
2014.10.23 06:59:45.428,1.12412,1.12432,1.00,1.19
2014.10.23 06:59:45.743,1.12411,1.12428,1.25,1.50
2014.10.23 06:59:46.047,1.12411,1.12426,1.00,2.70
2014.10.23 06:59:46.869,1.12411,1.12422,1.00,1.00
2014.10.23 06:59:47.071,1.12406,1.12419,1.25,1.95
2014.10.23 06:59:47.274,1.12412,1.12418,1.00,1.95
2014.10.23 06:59:47.693,1.12401,1.12414,1.19,1.00
2014.10.23 06:59:47.744,1.12401,1.12408,1.19,1.95
2014.10.23 06:59:48.149,1.12396,1.12408,1.00,1.95
2014.10.23 06:59:48.654,1.12396,1.12409,1.00,1.95
2014.10.23 06:59:49.179,1.12397,1.12409,1.00,3.90
2014.10.23 06:59:50.262,1.12396,1.12409,1.00,3.90
2014.10.23 06:59:50.918,1.124,1.12409,1.00,3.90
2014.10.23 06:59:51.374,1.12396,1.12409,1.00,3.90
2014.10.23 06:59:51.879,1.12396,1.1241,1.00,1.95
2014.10.23 06:59:52.132,1.12396,1.12408,1.00,1.95
2014.10.23 06:59:53.037,1.12397,1.12408,1.00,1.95
2014.10.23 06:59:53.138,1.12396,1.1241,1.00,1.95
2014.10.23 06:59:53.290,1.12396,1.12412,1.00,1.00
2014.10.23 06:59:53.341,1.12402,1.12412,1.00,1.00
2014.10.23 06:59:53.644,1.12407,1.12412,1.00,1.00
2014.10.23 06:59:53.694,1.12402,1.12412,1.00,1.00
2014.10.23 06:59:53.745,1.1241,1.12422,1.00,4.95
2014.10.23 06:59:54.099,1.12407,1.12422,1.00,1.05
2014.10.23 06:59:54.902,1.12412,1.12422,1.00,1.05
2014.10.23 06:59:55.003,1.12406,1.12422,1.00,1.05
2014.10.23 06:59:55.408,1.12412,1.12422,1.00,1.05
2014.10.23 06:59:55.937,1.12411,1.12422,1.00,1.05
2014.10.23 06:59:56.178,1.12407,1.12422,1.00,1.05
2014.10.23 06:59:56.518,1.12401,1.12422,1.00,1.05
2014.10.23 06:59:56.620,1.12406,1.12422,1.00,1.05
2014.10.23 06:59:57.063,1.12411,1.12422,1.00,1.05
2014.10.23 06:59:57.167,1.12407,1.12422,1.00,1.05
2014.10.23 06:59:57.369,1.12407,1.12413,1.00,1.00
2014.10.23 06:59:57.522,1.12402,1.12412,1.00,1.00
2014.10.23 06:59:57.637,1.12407,1.12417,1.00,1.00
2014.10.23 06:59:58.166,1.12406,1.12417,1.00,1.00
2014.10.23 06:59:58.267,1.12407,1.1242,1.00,1.00
2014.10.23 06:59:58.382,1.12407,1.12428,1.00,1.00
2014.10.23 06:59:58.638,1.12411,1.12429,1.00,1.00
2014.10.23 06:59:58.942,1.12411,1.12425,1.00,1.00
2014.10.23 06:59:59.295,1.12406,1.12425,1.00,1.50
