2009.11.10 13:00:00.102,0.88975,0.89,2.50,6.50
2009.11.10 13:00:00.382,0.8898,0.89,1.60,6.50
2009.11.10 13:00:00.672,0.8898,0.89,4.00,4.10
2009.11.10 13:00:00.942,0.88975,0.8899,1.00,2.40
2009.11.10 13:00:01.332,0.88975,0.8899,1.70,4.00
2009.11.10 13:00:01.682,0.88975,0.88995,1.70,11.20
2009.11.10 13:00:02.012,0.88975,0.8899,1.70,4.00
2009.11.10 13:00:02.362,0.8898,0.8899,1.60,4.00
2009.11.10 13:00:02.692,0.8898,0.88995,1.60,4.00
2009.11.10 13:00:03.391,0.88985,0.88995,1.60,4.00
2009.11.10 13:00:03.572,0.8898,0.88995,1.60,4.00
2009.11.10 13:00:04.173,0.8898,0.88995,1.60,6.40
2009.11.10 13:00:04.341,0.8898,0.88995,1.60,4.00
2009.11.10 13:00:04.521,0.8898,0.89,1.60,6.50
2009.11.10 13:00:04.971,0.8898,0.89,1.60,2.50
2009.11.10 13:00:05.661,0.8898,0.89,1.60,6.50
2009.11.10 13:00:06.381,0.8898,0.89,4.00,4.10
2009.11.10 13:00:06.680,0.88985,0.89,1.60,4.00
2009.11.10 13:00:07.080,0.88995,0.89,1.60,4.00
2009.11.10 13:00:07.440,0.8899,0.89005,1.60,8.00
2009.11.10 13:00:07.711,0.88995,0.89005,1.60,4.00
2009.11.10 13:00:08.000,0.88995,0.8901,1.60,6.40
2009.11.10 13:00:08.360,0.88995,0.89005,1.60,4.00
2009.11.10 13:00:09.240,0.88985,0.89,1.60,6.40
2009.11.10 13:00:09.570,0.88985,0.89,1.60,7.20
2009.11.10 13:00:09.790,0.88985,0.89,1.60,4.00
2009.11.10 13:00:10.290,0.8898,0.88995,1.00,1.00
2009.11.10 13:00:10.510,0.88975,0.88995,1.60,4.10
2009.11.10 13:00:10.979,0.88975,0.8899,1.60,1.00
2009.11.10 13:00:11.309,0.88975,0.8899,5.60,1.00
2009.11.10 13:00:11.600,0.88975,0.88995,1.60,13.30
2009.11.10 13:00:11.940,0.88965,0.8898,1.60,1.00
2009.11.10 13:00:12.220,0.88955,0.8898,1.60,6.90
2009.11.10 13:00:12.569,0.88955,0.8898,1.60,7.70
2009.11.10 13:00:12.869,0.88955,0.8898,1.60,8.50
2009.11.10 13:00:13.949,0.88965,0.88975,1.60,1.00
2009.11.10 13:00:14.119,0.88965,0.8898,1.60,4.00
2009.11.10 13:00:14.299,0.88965,0.8898,1.60,6.40
2009.11.10 13:00:14.649,0.88965,0.8898,1.60,2.40
2009.11.10 13:00:14.998,0.8896,0.8898,1.60,2.50
2009.11.10 13:00:15.358,0.88965,0.8898,1.60,2.50
2009.11.10 13:00:15.928,0.88965,0.8898,1.60,1.00
2009.11.10 13:00:16.098,0.88965,0.8898,1.60,2.50
2009.11.10 13:00:16.278,0.88965,0.8898,1.60,2.40
2009.11.10 13:00:16.458,0.8896,0.88975,1.60,2.40
2009.11.10 13:00:17.208,0.8896,0.88975,1.60,6.50
2009.11.10 13:00:17.558,0.8896,0.88975,1.60,2.50
2009.11.10 13:00:18.468,0.8896,0.88975,1.60,2.40
2009.11.10 13:00:18.748,0.8896,0.88975,1.60,2.50
2009.11.10 13:00:18.978,0.88955,0.88975,1.60,1.00
2009.11.10 13:00:19.268,0.8896,0.88975,1.60,1.00
2009.11.10 13:00:19.838,0.8896,0.88975,2.40,1.00
2009.11.10 13:00:20.127,0.88965,0.88975,1.60,1.00
2009.11.10 13:00:20.837,0.88965,0.88985,1.60,2.90
2009.11.10 13:00:21.177,0.8896,0.8898,1.60,2.50
2009.11.10 13:00:21.467,0.88965,0.88985,1.60,7.70
2009.11.10 13:00:21.807,0.88965,0.88985,1.60,6.50
2009.11.10 13:00:22.097,0.88965,0.88985,1.60,3.30
2009.11.10 13:00:22.447,0.8896,0.8898,1.60,2.40
2009.11.10 13:00:22.787,0.8896,0.88975,1.60,4.00
2009.11.10 13:00:23.137,0.88955,0.88975,1.60,2.90
2009.11.10 13:00:23.826,0.8895,0.88975,4.80,2.90
2009.11.10 13:00:23.996,0.8896,0.88975,1.60,1.00
2009.11.10 13:00:25.766,0.8896,0.8898,1.60,6.90
2009.11.10 13:00:26.106,0.8895,0.8897,1.00,2.40
2009.11.10 13:00:26.496,0.8895,0.8897,2.40,3.30
2009.11.10 13:00:26.776,0.88945,0.8897,3.30,6.40
2009.11.10 13:00:27.066,0.88955,0.8897,2.40,4.00
2009.11.10 13:00:28.096,0.88955,0.88965,2.40,4.00
2009.11.10 13:00:28.455,0.8896,0.8897,4.80,12.00
2009.11.10 13:00:28.686,0.88965,0.8897,3.20,12.00
2009.11.10 13:00:28.915,0.88965,0.88975,6.40,4.00
2009.11.10 13:00:29.145,0.8897,0.88975,3.20,4.00
2009.11.10 13:00:29.375,0.8897,0.8898,5.60,4.00
2009.11.10 13:00:29.705,0.8897,0.8898,8.90,4.00
2009.11.10 13:00:30.055,0.88975,0.88985,6.80,8.00
2009.11.10 13:00:30.405,0.88975,0.88985,8.40,8.00
2009.11.10 13:00:30.755,0.8898,0.8899,1.00,8.00
2009.11.10 13:00:31.625,0.8898,0.8899,1.00,4.00
2009.11.10 13:00:32.194,0.88975,0.8899,2.80,4.00
2009.11.10 13:00:32.424,0.88975,0.88985,2.40,4.00
2009.11.10 13:00:32.714,0.88975,0.88985,4.00,4.00
2009.11.10 13:00:33.054,0.88975,0.8899,7.20,4.00
2009.11.10 13:00:33.404,0.8898,0.88985,3.20,4.00
2009.11.10 13:00:33.734,0.88975,0.88985,3.20,4.00
2009.11.10 13:00:34.304,0.88975,0.88985,7.20,4.00
2009.11.10 13:00:34.594,0.8898,0.8899,3.20,4.00
2009.11.10 13:00:35.114,0.88975,0.8899,3.20,4.00
2009.11.10 13:00:35.404,0.8898,0.8899,3.20,4.00
2009.11.10 13:00:36.473,0.88975,0.8899,3.20,8.00
2009.11.10 13:00:36.754,0.88975,0.8899,3.20,4.00
2009.11.10 13:00:37.103,0.88975,0.8899,3.20,12.00
2009.11.10 13:00:37.453,0.88975,0.8899,2.40,12.00
2009.11.10 13:00:37.853,0.88975,0.88995,4.00,6.40
2009.11.10 13:00:38.143,0.88975,0.88995,5.70,4.00
2009.11.10 13:00:38.423,0.88975,0.88995,5.60,4.00
2009.11.10 13:00:40.452,0.88975,0.88995,4.10,4.00
2009.11.10 13:00:40.792,0.88975,0.88995,1.00,6.40
2009.11.10 13:00:41.122,0.88975,0.8899,1.00,12.00
2009.11.10 13:00:41.412,0.88975,0.8899,1.00,4.00
2009.11.10 13:00:41.702,0.88975,0.8899,1.00,6.40
2009.11.10 13:00:41.972,0.8897,0.88995,2.50,6.40
2009.11.10 13:00:42.262,0.8897,0.8899,1.00,2.40
2009.11.10 13:00:42.602,0.8897,0.8899,1.00,8.80
2009.11.10 13:00:42.952,0.8897,0.8899,1.00,4.00
2009.11.10 13:00:43.302,0.8897,0.88995,1.00,4.00
2009.11.10 13:00:43.782,0.8897,0.88995,4.90,4.00
2009.11.10 13:00:44.021,0.88975,0.89005,3.20,10.60
2009.11.10 13:00:44.242,0.88975,0.89005,3.20,5.80
2009.11.10 13:00:44.471,0.88975,0.89005,2.40,6.60
2009.11.10 13:00:44.822,0.88975,0.89,2.40,4.00
2009.11.10 13:00:45.411,0.88975,0.89005,3.20,5.80
2009.11.10 13:00:45.751,0.88975,0.89005,2.40,6.60
2009.11.10 13:00:46.101,0.8897,0.89,4.10,4.00
2009.11.10 13:00:46.441,0.8897,0.89,4.10,4.10
2009.11.10 13:00:47.661,0.8897,0.89,5.10,4.00
2009.11.10 13:00:48.621,0.8897,0.89005,8.80,14.70
2009.11.10 13:00:48.740,0.8897,0.89,4.90,4.00
2009.11.10 13:00:49.270,0.88975,0.89,4.00,4.00
2009.11.10 13:00:49.390,0.88975,0.89,3.20,4.00
2009.11.10 13:00:49.621,0.88975,0.89,2.40,4.00
2009.11.10 13:00:49.790,0.88975,0.89005,3.20,4.80
2009.11.10 13:00:50.120,0.8898,0.89005,3.20,4.80
2009.11.10 13:00:50.470,0.8898,0.8901,4.80,10.20
2009.11.10 13:00:50.800,0.8898,0.8901,4.80,10.40
2009.11.10 13:00:51.140,0.8898,0.8901,4.00,11.20
2009.11.10 13:00:51.540,0.8898,0.89,1.00,2.40
2009.11.10 13:00:51.890,0.88975,0.89,1.60,4.40
2009.11.10 13:00:52.220,0.88975,0.89,3.20,6.40
2009.11.10 13:00:53.190,0.8898,0.89,6.80,4.00
2009.11.10 13:00:53.419,0.88985,0.89005,1.00,6.40
2009.11.10 13:00:53.709,0.88985,0.89005,1.00,4.00
2009.11.10 13:00:53.989,0.88985,0.8901,1.00,4.80
2009.11.10 13:00:54.209,0.8898,0.8901,4.10,5.20
2009.11.10 13:00:54.949,0.8898,0.8901,4.30,5.20
2009.11.10 13:00:56.049,0.8898,0.8901,5.40,4.80
2009.11.10 13:00:56.110,0.88985,0.8901,4.90,4.00
2009.11.10 13:00:56.229,0.88985,0.8901,8.10,4.00
2009.11.10 13:00:56.469,0.88985,0.8901,4.90,4.00
2009.11.10 13:00:56.529,0.8899,0.8901,2.70,4.00
2009.11.10 13:00:56.699,0.8899,0.8901,2.40,4.00
2009.11.10 13:00:56.759,0.88985,0.89015,8.10,1.20
2009.11.10 13:00:56.879,0.88985,0.89015,7.30,1.20
2009.11.10 13:00:56.939,0.88985,0.89015,4.10,4.40
2009.11.10 13:00:57.000,0.88985,0.89015,4.00,4.40
2009.11.10 13:00:57.348,0.8899,0.89015,1.00,4.40
2009.11.10 13:00:57.698,0.8899,0.89015,3.30,4.00
2009.11.10 13:00:58.099,0.8899,0.8902,4.10,6.10
2009.11.10 13:00:59.268,0.8899,0.8902,4.90,5.30
2009.11.10 13:00:59.488,0.88995,0.8902,1.00,5.20
2009.11.10 13:00:59.668,0.88995,0.8902,1.00,4.80
2009.11.10 13:01:00.198,0.88995,0.8902,1.00,14.60
2009.11.10 13:01:00.478,0.88995,0.89015,1.00,8.00
2009.11.10 13:01:01.407,0.88995,0.89015,1.00,4.00
2009.11.10 13:01:01.927,0.88995,0.89015,1.00,8.00
2009.11.10 13:01:04.347,0.88995,0.89015,2.40,6.40
2009.11.10 13:01:04.517,0.88995,0.89015,4.50,4.00
2009.11.10 13:01:04.797,0.8899,0.8902,5.70,5.30
2009.11.10 13:01:05.077,0.8899,0.8902,4.90,17.30
2009.11.10 13:01:05.316,0.8899,0.8902,4.80,18.20
2009.11.10 13:01:05.836,0.88995,0.89015,5.20,4.00
2009.11.10 13:01:06.186,0.88995,0.8902,5.20,8.80
2009.11.10 13:01:06.476,0.88995,0.8902,5.20,4.80
2009.11.10 13:01:06.756,0.88995,0.89015,2.80,4.00
2009.11.10 13:01:07.096,0.88995,0.89015,1.00,4.00
2009.11.10 13:01:08.506,0.88995,0.89015,1.00,4.00
2009.11.10 13:01:08.856,0.8899,0.8902,4.50,7.20
2009.11.10 13:01:09.016,0.8899,0.8902,3.70,11.20
2009.11.10 13:01:11.435,0.88995,0.8902,2.40,15.20
2009.11.10 13:01:12.635,0.8899,0.89015,2.80,8.10
2009.11.10 13:01:14.025,0.8899,0.89015,2.80,8.90
2009.11.10 13:01:14.624,0.88995,0.89015,2.50,7.20
2009.11.10 13:01:14.844,0.88995,0.89015,1.00,8.00
2009.11.10 13:01:15.064,0.89005,0.8902,2.40,5.60
2009.11.10 13:01:15.294,0.88995,0.8902,1.00,8.00
2009.11.10 13:01:15.634,0.88995,0.8902,2.40,8.10
2009.11.10 13:01:15.984,0.88995,0.89015,2.40,1.00
2009.11.10 13:01:16.664,0.89,0.8902,2.40,5.70
2009.11.10 13:01:17.014,0.89,0.8902,2.40,1.00
2009.11.10 13:01:17.354,0.88995,0.8902,6.50,4.10
2009.11.10 13:01:17.713,0.88995,0.8902,2.50,4.10
2009.11.10 13:01:20.303,0.88995,0.89015,2.50,1.00
2009.11.10 13:01:20.813,0.89005,0.8902,2.40,1.00
2009.11.10 13:01:21.103,0.89005,0.89025,2.40,3.70
2009.11.10 13:01:21.333,0.89005,0.89025,2.40,3.30
2009.11.10 13:01:22.032,0.89005,0.89025,16.10,1.00
2009.11.10 13:01:22.382,0.89005,0.8903,16.10,1.00
2009.11.10 13:01:22.732,0.8901,0.8903,6.90,1.00
2009.11.10 13:01:23.082,0.89005,0.89025,6.40,2.50
2009.11.10 13:01:23.442,0.89005,0.89025,2.40,2.50
2009.11.10 13:01:24.462,0.89005,0.89025,2.50,2.40
2009.11.10 13:01:24.812,0.89005,0.89025,2.90,2.40
2009.11.10 13:01:27.091,0.89005,0.89025,2.50,2.40
2009.11.10 13:01:27.771,0.89005,0.89025,2.40,2.50
2009.11.10 13:01:29.211,0.89,0.8902,6.50,5.60
2009.11.10 13:01:29.381,0.89,0.8901,4.00,5.70
2009.11.10 13:01:29.551,0.89,0.89015,4.00,2.50
2009.11.10 13:01:29.770,0.88995,0.89015,2.40,4.10
2009.11.10 13:01:30.120,0.88995,0.89015,2.40,2.50
2009.11.10 13:01:31.040,0.89,0.89015,2.40,2.50
2009.11.10 13:01:31.321,0.88995,0.89015,2.40,2.50
2009.11.10 13:01:32.550,0.88995,0.89015,2.40,1.70
2009.11.10 13:01:38.569,0.89,0.8902,2.40,1.00
2009.11.10 13:01:39.348,0.89,0.8902,3.20,1.00
2009.11.10 13:01:39.868,0.89,0.8902,2.40,1.00
2009.11.10 13:01:40.208,0.89,0.8902,2.40,1.00
2009.11.10 13:01:40.548,0.89,0.89025,2.40,9.70
2009.11.10 13:01:41.628,0.89,0.89025,2.40,5.70
2009.11.10 13:01:41.968,0.89,0.89025,2.40,5.60
2009.11.10 13:01:42.198,0.89,0.89025,2.40,9.60
2009.11.10 13:01:42.478,0.89,0.89025,2.40,5.60
2009.11.10 13:01:42.708,0.89,0.89025,2.40,13.40
2009.11.10 13:01:42.998,0.89,0.8902,1.00,4.90
2009.11.10 13:01:43.278,0.89,0.8902,2.40,1.00
2009.11.10 13:01:43.567,0.89,0.8902,2.40,1.00
2009.11.10 13:01:44.017,0.88995,0.8902,7.70,3.30
2009.11.10 13:01:44.187,0.89,0.8902,4.80,1.00
2009.11.10 13:01:45.317,0.88995,0.89015,5.70,2.40
2009.11.10 13:01:45.647,0.88995,0.8902,7.30,3.70
2009.11.10 13:01:45.937,0.88995,0.8902,2.50,15.30
2009.11.10 13:01:47.067,0.89,0.8902,2.40,12.10
2009.11.10 13:01:47.406,0.89,0.8902,2.40,8.80
2009.11.10 13:01:47.706,0.88995,0.8902,3.20,1.00
2009.11.10 13:01:48.396,0.88995,0.8902,3.20,1.00
2009.11.10 13:01:49.486,0.88995,0.89025,3.30,8.80
2009.11.10 13:01:49.666,0.89,0.89025,2.50,8.80
2009.11.10 13:01:49.846,0.89,0.89025,4.90,5.60
2009.11.10 13:01:50.476,0.89,0.89025,8.90,1.60
2009.11.10 13:01:51.805,0.89005,0.89025,2.50,1.60
2009.11.10 13:01:52.155,0.89005,0.8903,2.50,8.10
2009.11.10 13:01:52.595,0.89005,0.8903,2.60,4.90
2009.11.10 13:01:52.945,0.89005,0.8903,3.30,4.00
2009.11.10 13:01:53.295,0.8901,0.89035,2.40,9.70
2009.11.10 13:01:53.645,0.89005,0.8903,6.50,9.80
2009.11.10 13:01:53.995,0.89,0.89025,6.40,4.80
2009.11.10 13:01:54.345,0.89,0.89025,2.40,10.60
2009.11.10 13:01:55.035,0.89,0.89025,2.50,10.60
2009.11.10 13:01:56.664,0.89,0.89025,5.10,8.80
2009.11.10 13:01:56.964,0.89,0.89025,6.50,4.00
2009.11.10 13:01:58.124,0.89005,0.89025,1.00,12.00
2009.11.10 13:01:58.974,0.89005,0.89025,1.00,4.00
2009.11.10 13:01:59.144,0.89005,0.89025,1.00,4.00
2009.11.10 13:01:59.314,0.89005,0.89025,4.10,4.00
2009.11.10 13:01:59.653,0.89005,0.89035,4.10,6.40
2009.11.10 13:02:00.693,0.89005,0.89035,8.10,4.10
2009.11.10 13:02:01.563,0.8901,0.89035,6.40,4.00
2009.11.10 13:02:01.853,0.89015,0.8904,3.20,4.10
2009.11.10 13:02:03.302,0.89015,0.89035,3.20,1.00
2009.11.10 13:02:03.653,0.89005,0.89035,11.30,4.80
2009.11.10 13:02:03.832,0.89005,0.89035,8.10,4.80
2009.11.10 13:02:03.952,0.89005,0.89035,8.10,4.00
2009.11.10 13:02:04.122,0.89005,0.89035,8.10,4.00
2009.11.10 13:02:04.582,0.8901,0.89035,2.90,4.10
2009.11.10 13:02:04.872,0.89015,0.89035,2.40,8.10
2009.11.10 13:02:05.612,0.8901,0.89035,2.40,8.10
2009.11.10 13:02:05.962,0.8901,0.8903,2.40,4.00
2009.11.10 13:02:07.402,0.8901,0.8903,2.40,4.80
2009.11.10 13:02:07.741,0.89005,0.89025,2.40,1.00
2009.11.10 13:02:08.301,0.89,0.8903,9.70,1.00
2009.11.10 13:02:08.901,0.89005,0.8903,2.40,3.30
2009.11.10 13:02:09.071,0.89005,0.89025,2.40,6.40
2009.11.10 13:02:09.251,0.89,0.89025,2.50,8.80
2009.11.10 13:02:09.881,0.89005,0.89025,1.00,8.80
2009.11.10 13:02:10.341,0.89,0.89025,2.50,8.80
2009.11.10 13:02:10.690,0.89,0.8902,1.00,2.40
2009.11.10 13:02:11.661,0.89,0.8902,1.00,6.40
2009.11.10 13:02:11.951,0.89,0.8902,2.50,4.00
2009.11.10 13:02:12.290,0.89,0.8902,2.70,4.00
2009.11.10 13:02:12.640,0.89,0.89025,2.70,8.80
2009.11.10 13:02:12.990,0.89005,0.8902,1.00,4.00
2009.11.10 13:02:13.340,0.89005,0.89025,2.50,6.40
2009.11.10 13:02:14.040,0.89005,0.89025,2.40,4.00
2009.11.10 13:02:14.490,0.89005,0.8903,2.40,6.40
2009.11.10 13:02:14.730,0.89005,0.8903,3.20,6.40
2009.11.10 13:02:14.900,0.89005,0.8903,3.60,4.00
2009.11.10 13:02:15.080,0.89,0.8903,6.50,4.80
2009.11.10 13:02:15.429,0.8901,0.8903,2.40,1.00
2009.11.10 13:02:16.119,0.8901,0.89035,2.40,14.00
2009.11.10 13:02:16.469,0.8901,0.89035,2.40,10.80
2009.11.10 13:02:16.989,0.89005,0.89025,2.50,1.60
2009.11.10 13:02:17.229,0.89015,0.8903,2.40,4.00
2009.11.10 13:02:18.249,0.89015,0.89035,2.40,8.10
2009.11.10 13:02:19.568,0.8901,0.89025,1.00,1.60
2009.11.10 13:02:19.908,0.89005,0.89025,2.40,1.60
2009.11.10 13:02:20.238,0.89005,0.89035,2.80,9.70
2009.11.10 13:02:20.588,0.89005,0.89035,2.90,9.70
2009.11.10 13:02:20.928,0.89005,0.89035,3.70,9.70
2009.11.10 13:02:21.268,0.89005,0.89035,2.90,9.70
2009.11.10 13:02:21.948,0.89005,0.89035,2.50,12.60
2009.11.10 13:02:22.248,0.89005,0.89035,1.00,15.00
2009.11.10 13:02:22.578,0.89005,0.8903,1.00,7.20
2009.11.10 13:02:22.878,0.89005,0.8903,1.00,15.20
2009.11.10 13:02:24.517,0.89005,0.8903,1.00,12.00
2009.11.10 13:02:24.867,0.89005,0.8903,1.00,8.00
2009.11.10 13:02:25.977,0.89005,0.8903,2.50,7.20
2009.11.10 13:02:26.187,0.89005,0.8903,3.90,2.40
2009.11.10 13:02:26.997,0.8901,0.89015,1.00,1.60
2009.11.10 13:02:27.347,0.89,0.89015,1.00,1.60
2009.11.10 13:02:28.086,0.89,0.89015,1.00,4.00
2009.11.10 13:02:28.427,0.89,0.8902,1.00,4.80
2009.11.10 13:02:28.717,0.88995,0.89,4.30,1.60
2009.11.10 13:02:29.107,0.88995,0.8901,4.30,1.60
2009.11.10 13:02:29.456,0.88995,0.89005,5.10,1.60
2009.11.10 13:02:30.596,0.88995,0.8901,1.00,1.60
2009.11.10 13:02:30.896,0.89,0.8901,1.00,1.60
2009.11.10 13:02:31.606,0.89,0.8902,1.00,10.60
2009.11.10 13:02:33.915,0.89,0.8902,2.40,6.40
2009.11.10 13:02:34.095,0.89,0.8901,2.40,1.60
2009.11.10 13:02:34.265,0.88995,0.89005,3.30,1.60
2009.11.10 13:02:34.825,0.8899,0.8901,1.00,5.70
2009.11.10 13:02:35.205,0.8899,0.8901,1.00,4.90
2009.11.10 13:02:35.855,0.8899,0.88995,1.00,1.60
2009.11.10 13:02:36.255,0.8899,0.89,1.00,1.60
2009.11.10 13:02:36.605,0.8899,0.88995,1.00,1.60
2009.11.10 13:02:36.894,0.88985,0.88995,3.30,1.60
2009.11.10 13:02:40.363,0.8899,0.8901,1.00,8.90
2009.11.10 13:02:40.703,0.88985,0.8901,3.70,4.90
2009.11.10 13:02:41.633,0.88985,0.89,4.10,1.60
2009.11.10 13:02:42.473,0.88985,0.89,8.10,1.60
2009.11.10 13:02:43.113,0.88985,0.89,4.10,1.60
2009.11.10 13:02:47.732,0.88985,0.88995,1.60,1.60
2009.11.10 13:02:47.962,0.88985,0.89,3.30,1.60
2009.11.10 13:02:58.009,0.88985,0.89,3.50,1.60
2009.11.10 13:02:58.799,0.88985,0.89,4.20,1.60
2009.11.10 13:02:59.769,0.8899,0.89,1.00,1.60
2009.11.10 13:03:00.219,0.88985,0.89,1.00,1.60
2009.11.10 13:03:00.509,0.8898,0.88995,3.30,1.60
2009.11.10 13:03:01.029,0.8899,0.89,1.00,1.60
2009.11.10 13:03:02.478,0.88985,0.89,3.30,1.60
2009.11.10 13:03:02.818,0.88985,0.89,3.50,1.60
2009.11.10 13:03:03.568,0.88985,0.89,4.20,1.60
2009.11.10 13:03:04.888,0.8899,0.89005,3.30,1.60
2009.11.10 13:03:05.279,0.8899,0.89005,1.00,1.60
2009.11.10 13:03:05.508,0.88985,0.89005,1.00,4.10
2009.11.10 13:03:05.738,0.88985,0.89005,1.00,8.00
2009.11.10 13:03:05.958,0.88985,0.88995,2.50,1.60
2009.11.10 13:03:06.187,0.88985,0.89,2.40,1.60
2009.11.10 13:03:06.348,0.88985,0.89,2.50,1.60
2009.11.10 13:03:06.747,0.8899,0.89,1.00,1.60
2009.11.10 13:03:07.087,0.88985,0.89,2.40,1.60
2009.11.10 13:03:08.917,0.88985,0.89,2.50,1.60
2009.11.10 13:03:09.217,0.88995,0.89005,1.00,5.60
2009.11.10 13:03:09.516,0.88995,0.89005,1.00,1.60
2009.11.10 13:03:10.096,0.8899,0.89005,3.30,1.60
2009.11.10 13:03:11.746,0.8899,0.8901,2.50,4.00
2009.11.10 13:03:13.435,0.89,0.8901,2.50,4.00
2009.11.10 13:03:13.776,0.89,0.8902,2.50,4.80
2009.11.10 13:03:14.795,0.89,0.8902,2.50,4.00
2009.11.10 13:03:18.654,0.89,0.8902,2.40,4.10
2009.11.10 13:03:18.834,0.88995,0.8902,2.90,12.10
2009.11.10 13:03:19.004,0.88995,0.8902,1.00,17.70
2009.11.10 13:03:19.124,0.88995,0.89015,1.00,8.00
2009.11.10 13:03:19.244,0.88995,0.89015,1.00,12.00
2009.11.10 13:03:20.334,0.8899,0.8901,3.30,4.00
2009.11.10 13:03:20.814,0.88995,0.8901,2.40,4.00
2009.11.10 13:03:21.264,0.88995,0.89015,2.40,4.00
2009.11.10 13:03:26.513,0.88995,0.8902,3.20,11.20
2009.11.10 13:03:26.802,0.88995,0.8902,2.40,7.20
2009.11.10 13:03:27.092,0.88995,0.8902,2.40,15.20
2009.11.10 13:03:27.892,0.88995,0.8902,2.50,15.20
2009.11.10 13:03:33.571,0.88995,0.8902,2.50,7.20
2009.11.10 13:03:38.040,0.88995,0.8902,2.70,7.20
2009.11.10 13:03:38.769,0.89,0.8902,1.00,11.20
2009.11.10 13:03:38.949,0.88995,0.8902,1.00,11.30
2009.11.10 13:03:39.129,0.88995,0.8902,4.10,10.00
2009.11.10 13:03:39.299,0.89,0.8902,2.50,4.00
2009.11.10 13:03:39.459,0.89,0.89025,3.20,7.20
2009.11.10 13:03:42.718,0.89,0.8902,3.20,1.00
2009.11.10 13:03:43.178,0.88995,0.8902,3.30,8.10
2009.11.10 13:03:43.518,0.88995,0.8902,2.50,8.10
2009.11.10 13:03:43.798,0.88995,0.8902,3.20,4.00
2009.11.10 13:03:44.148,0.89,0.89025,2.40,4.80
2009.11.10 13:03:44.538,0.89,0.89025,2.40,8.80
2009.11.10 13:03:44.658,0.89,0.89025,2.40,12.80
2009.11.10 13:03:45.188,0.89,0.89025,2.40,8.80
2009.11.10 13:03:45.528,0.89,0.89025,2.40,12.80
2009.11.10 13:03:46.338,0.89,0.8902,2.50,4.00
2009.11.10 13:03:48.007,0.89,0.89025,2.50,8.80
2009.11.10 13:03:48.187,0.89,0.89025,2.50,4.80
2009.11.10 13:03:49.587,0.89,0.89025,2.50,4.00
2009.11.10 13:03:53.356,0.89005,0.89025,2.50,4.00
2009.11.10 13:03:53.526,0.89005,0.8903,2.50,6.40
2009.11.10 13:03:55.105,0.8901,0.8903,2.50,6.40
2009.11.10 13:03:55.506,0.8901,0.8903,2.40,6.40
2009.11.10 13:03:55.725,0.89005,0.8903,3.30,5.60
2009.11.10 13:03:56.325,0.89005,0.8903,4.10,5.60
2009.11.10 13:03:56.545,0.89005,0.8903,4.10,4.80
2009.11.10 13:03:56.905,0.89005,0.8903,4.90,4.80
2009.11.10 13:03:57.255,0.89005,0.8903,4.10,4.80
2009.11.10 13:03:57.615,0.89005,0.8902,4.90,1.00
2009.11.10 13:03:57.945,0.89005,0.8903,4.20,6.00
2009.11.10 13:03:58.185,0.8901,0.8903,2.50,5.60
2009.11.10 13:03:58.425,0.8901,0.8903,2.50,1.60
2009.11.10 13:03:58.984,0.8901,0.8903,2.50,5.60
2009.11.10 13:04:00.644,0.8901,0.8903,1.00,8.00
2009.11.10 13:04:06.513,0.8901,0.8902,1.00,3.20
2009.11.10 13:04:06.853,0.89,0.8902,2.50,4.00
2009.11.10 13:04:07.183,0.89005,0.8902,1.00,4.00
2009.11.10 13:04:07.462,0.89005,0.8902,2.50,4.00
2009.11.10 13:04:07.743,0.89005,0.89025,3.20,4.00
2009.11.10 13:04:07.923,0.89005,0.89025,1.00,4.80
2009.11.10 13:04:08.042,0.89005,0.89025,1.00,4.80
2009.11.10 13:04:08.203,0.89005,0.89025,1.00,4.80
2009.11.10 13:04:08.322,0.89005,0.89025,1.00,4.00
2009.11.10 13:04:10.062,0.89005,0.89025,1.00,4.80
2009.11.10 13:04:10.302,0.89005,0.89025,1.00,4.00
2009.11.10 13:04:10.422,0.8901,0.89025,1.00,4.00
2009.11.10 13:04:11.112,0.89005,0.89025,2.50,4.80
2009.11.10 13:04:11.472,0.89005,0.8902,2.50,4.00
2009.11.10 13:04:12.171,0.89005,0.89025,2.50,8.80
2009.11.10 13:04:12.521,0.89005,0.89025,2.50,6.40
2009.11.10 13:04:12.701,0.89005,0.89025,2.50,8.80
2009.11.10 13:04:13.521,0.89005,0.8902,2.50,1.00
2009.11.10 13:04:13.811,0.89005,0.89025,2.50,10.00
2009.11.10 13:04:13.971,0.89005,0.89025,2.50,9.60
2009.11.10 13:04:14.151,0.89005,0.89025,2.50,13.20
2009.11.10 13:04:14.441,0.89005,0.8902,2.50,4.80
2009.11.10 13:04:15.370,0.89005,0.8902,2.50,4.00
2009.11.10 13:04:15.541,0.89005,0.89025,2.50,10.00
2009.11.10 13:04:15.720,0.89005,0.89025,2.50,9.60
2009.11.10 13:04:16.800,0.89005,0.89025,1.00,9.60
2009.11.10 13:04:17.880,0.89005,0.89025,1.00,13.60
2009.11.10 13:04:18.230,0.89005,0.89025,1.00,17.60
2009.11.10 13:04:20.399,0.89,0.8902,3.30,4.00
2009.11.10 13:04:20.619,0.89,0.8902,3.50,8.00
2009.11.10 13:04:20.799,0.89005,0.8902,1.00,12.00
2009.11.10 13:04:21.139,0.89005,0.8902,1.00,4.00
2009.11.10 13:04:22.639,0.89005,0.8902,1.00,6.40
2009.11.10 13:04:23.099,0.89,0.8902,1.00,8.80
2009.11.10 13:04:23.219,0.89,0.8902,1.00,10.00
2009.11.10 13:04:23.339,0.89,0.89015,1.00,3.20
2009.11.10 13:04:23.679,0.88995,0.89015,1.00,4.80
2009.11.10 13:04:24.828,0.88995,0.89015,1.00,4.80
2009.11.10 13:04:24.998,0.88995,0.89015,1.00,5.60
2009.11.10 13:04:26.978,0.88995,0.89015,1.00,8.80
2009.11.10 13:04:27.158,0.8899,0.89015,3.30,8.00
2009.11.10 13:04:27.338,0.88995,0.89015,3.20,4.80
2009.11.10 13:04:27.508,0.89,0.89015,1.00,4.80
2009.11.10 13:04:28.048,0.89,0.89015,1.00,1.00
2009.11.10 13:04:28.808,0.89,0.89015,1.00,2.40
2009.11.10 13:04:29.028,0.8899,0.8901,1.00,6.40
2009.11.10 13:04:29.257,0.8899,0.8901,1.00,1.60
2009.11.10 13:04:29.487,0.88985,0.89005,2.50,7.20
2009.11.10 13:04:29.717,0.8899,0.89005,1.00,4.00
2009.11.10 13:04:30.237,0.88985,0.89005,2.50,7.20
2009.11.10 13:04:30.577,0.88985,0.8901,3.30,10.80
2009.11.10 13:04:30.927,0.88985,0.8901,3.50,10.40
2009.11.10 13:04:31.277,0.8899,0.8901,1.00,17.60
2009.11.10 13:04:31.567,0.88985,0.8901,2.50,13.70
2009.11.10 13:04:32.666,0.8899,0.89005,1.00,7.20
2009.11.10 13:04:32.997,0.8899,0.89005,1.00,4.80
2009.11.10 13:04:33.336,0.8899,0.89005,1.00,4.00
2009.11.10 13:04:33.686,0.8899,0.89005,1.00,4.80
2009.11.10 13:04:34.916,0.8899,0.89005,2.50,4.80
2009.11.10 13:04:35.086,0.8899,0.89005,2.50,4.00
2009.11.10 13:04:35.376,0.88985,0.89005,4.90,4.00
2009.11.10 13:04:35.666,0.8899,0.89005,1.00,4.00
2009.11.10 13:04:35.896,0.8899,0.8901,2.50,9.60
2009.11.10 13:04:36.636,0.8899,0.8901,1.00,9.60
2009.11.10 13:04:36.986,0.8899,0.8901,2.50,7.20
2009.11.10 13:04:37.276,0.8899,0.8901,1.00,8.80
2009.11.10 13:04:37.625,0.8899,0.8901,1.00,4.00
2009.11.10 13:04:37.915,0.8899,0.8901,1.00,4.80
2009.11.10 13:04:38.205,0.88985,0.89005,1.00,2.40
2009.11.10 13:04:38.535,0.8898,0.89005,8.50,2.40
2009.11.10 13:04:38.875,0.8898,0.89005,4.50,6.40
2009.11.10 13:04:39.585,0.8898,0.89005,3.30,6.40
2009.11.10 13:04:39.705,0.8898,0.89,3.30,1.60
2009.11.10 13:04:39.865,0.8898,0.89,1.00,4.00
2009.11.10 13:04:40.145,0.8898,0.89,1.00,4.80
2009.11.10 13:04:42.094,0.8898,0.89005,3.30,6.40
2009.11.10 13:04:43.004,0.8898,0.89,2.50,1.00
2009.11.10 13:04:43.244,0.8898,0.89005,2.50,7.20
2009.11.10 13:04:43.464,0.8898,0.89,2.50,1.00
2009.11.10 13:04:44.384,0.8898,0.89,3.30,1.00
2009.11.10 13:04:45.073,0.8898,0.89,2.50,4.00
2009.11.10 13:04:45.303,0.8898,0.89005,2.50,7.20
2009.11.10 13:04:45.483,0.8898,0.89005,3.30,7.20
2009.11.10 13:04:45.943,0.8898,0.89,3.30,4.00
2009.11.10 13:04:46.123,0.88985,0.89005,1.00,2.50
2009.11.10 13:04:46.353,0.8898,0.89005,1.00,9.30
2009.11.10 13:04:46.573,0.8898,0.89005,1.00,21.30
2009.11.10 13:04:48.303,0.8898,0.89005,2.50,16.00
2009.11.10 13:04:48.652,0.8898,0.89005,3.30,7.20
2009.11.10 13:04:49.003,0.8898,0.89,3.30,4.00
2009.11.10 13:04:49.983,0.8898,0.89005,3.40,6.40
2009.11.10 13:04:50.322,0.88985,0.89005,2.40,6.40
2009.11.10 13:04:50.552,0.88985,0.89005,2.40,6.50
2009.11.10 13:04:50.832,0.8898,0.89,3.30,4.00
2009.11.10 13:04:51.342,0.8898,0.89,3.30,4.80
2009.11.10 13:04:51.682,0.8898,0.89,3.20,4.00
2009.11.10 13:04:52.392,0.8898,0.89,3.30,4.80
2009.11.10 13:04:52.502,0.8898,0.89,1.00,4.80
2009.11.10 13:04:52.722,0.88975,0.89,4.90,4.80
2009.11.10 13:04:52.832,0.8898,0.89,1.00,4.80
2009.11.10 13:04:53.062,0.8898,0.89,1.00,8.80
2009.11.10 13:04:53.742,0.88975,0.89,3.30,8.80
2009.11.10 13:04:54.441,0.88975,0.89,4.90,8.80
2009.11.10 13:04:54.901,0.88975,0.89,4.90,4.80
2009.11.10 13:04:54.961,0.88975,0.89,4.90,8.80
2009.11.10 13:04:55.301,0.8898,0.89,1.00,8.80
2009.11.10 13:04:58.330,0.8898,0.89,2.50,4.00
2009.11.10 13:04:58.611,0.8898,0.89,3.30,4.00
2009.11.10 13:04:59.190,0.8898,0.89,2.50,4.00
2009.11.10 13:05:00.260,0.8898,0.88995,3.30,4.00
2009.11.10 13:05:00.550,0.8898,0.89,2.50,8.00
2009.11.10 13:05:00.890,0.8898,0.89,3.30,4.00
2009.11.10 13:05:01.979,0.8898,0.89,3.30,6.40
2009.11.10 13:05:02.669,0.8898,0.88995,3.30,4.00
2009.11.10 13:05:02.969,0.8898,0.88995,2.50,4.00
2009.11.10 13:05:03.580,0.8898,0.88995,3.30,4.00
2009.11.10 13:05:04.679,0.8899,0.89,1.00,4.00
2009.11.10 13:05:05.419,0.88985,0.89,1.00,4.00
2009.11.10 13:05:05.639,0.88985,0.89,1.00,8.00
2009.11.10 13:05:05.868,0.8898,0.89,1.00,8.00
2009.11.10 13:05:06.259,0.8898,0.89,1.00,9.60
2009.11.10 13:05:06.598,0.8898,0.89,1.00,10.40
2009.11.10 13:05:07.238,0.8898,0.89,1.00,9.60
2009.11.10 13:05:08.298,0.88975,0.88995,1.00,8.80
2009.11.10 13:05:08.948,0.88975,0.88995,1.00,10.00
2009.11.10 13:05:09.758,0.88975,0.88995,1.00,10.40
2009.11.10 13:05:10.228,0.88975,0.88995,1.00,11.20
2009.11.10 13:05:10.578,0.8897,0.88995,2.50,19.20
2009.11.10 13:05:10.867,0.8897,0.8899,2.50,7.20
2009.11.10 13:05:11.258,0.8897,0.8899,2.50,4.00
2009.11.10 13:05:11.587,0.88975,0.88995,1.00,6.80
2009.11.10 13:05:11.977,0.88975,0.88995,2.50,4.00
2009.11.10 13:05:12.327,0.88975,0.89,2.50,6.40
2009.11.10 13:05:13.687,0.88975,0.89,2.50,7.20
2009.11.10 13:05:14.387,0.88975,0.89,2.40,7.20
2009.11.10 13:05:14.677,0.88975,0.89,3.30,7.20
2009.11.10 13:05:14.856,0.8898,0.89,2.40,6.40
2009.11.10 13:05:15.126,0.88975,0.89,2.50,8.40
2009.11.10 13:05:16.486,0.8898,0.89,2.40,7.20
2009.11.10 13:05:16.606,0.8898,0.89,2.40,8.80
2009.11.10 13:05:16.716,0.88975,0.88995,4.90,2.40
2009.11.10 13:05:16.776,0.88975,0.89,5.30,1.00
2009.11.10 13:05:16.886,0.88975,0.89,6.10,1.00
2009.11.10 13:05:17.006,0.88975,0.89,6.10,4.00
2009.11.10 13:05:17.186,0.88975,0.89,5.30,4.00
2009.11.10 13:05:17.806,0.88975,0.89005,5.30,8.10
2009.11.10 13:05:18.145,0.88975,0.89005,5.50,8.10
2009.11.10 13:05:19.875,0.88975,0.89005,6.00,8.10
2009.11.10 13:05:20.055,0.88975,0.89005,9.60,7.30
2009.11.10 13:05:20.275,0.88975,0.89005,9.60,7.20
2009.11.10 13:05:21.895,0.88985,0.89005,1.00,7.20
2009.11.10 13:05:22.965,0.8898,0.89005,2.50,7.20
2009.11.10 13:05:24.104,0.88985,0.89005,1.00,3.20
2009.11.10 13:05:27.533,0.88985,0.89005,1.00,7.20
2009.11.10 13:05:28.943,0.88985,0.89005,1.00,3.20
2009.11.10 13:05:31.702,0.88985,0.89005,1.00,4.80
2009.11.10 13:05:31.983,0.8898,0.8899,2.50,1.60
2009.11.10 13:05:32.162,0.8898,0.8899,1.00,1.60
2009.11.10 13:05:32.942,0.8898,0.89,1.00,4.80
2009.11.10 13:05:34.532,0.8898,0.8899,1.00,1.60
2009.11.10 13:05:35.052,0.8898,0.88995,1.00,1.60
2009.11.10 13:05:35.271,0.8898,0.89,1.00,4.00
2009.11.10 13:05:36.071,0.88975,0.89,3.30,4.10
2009.11.10 13:05:37.031,0.8898,0.89,1.00,4.80
2009.11.10 13:05:37.671,0.88975,0.8899,3.30,1.60
2009.11.10 13:05:38.700,0.88975,0.89,3.30,4.10
2009.11.10 13:05:39.040,0.88975,0.88995,1.00,4.00
2009.11.10 13:05:40.030,0.88975,0.88995,1.00,4.00
2009.11.10 13:05:40.210,0.88975,0.88985,1.00,1.60
2009.11.10 13:05:40.510,0.8897,0.88985,3.30,1.60
2009.11.10 13:05:40.790,0.8897,0.88985,2.50,1.60
2009.11.10 13:05:42.010,0.88975,0.88985,1.00,1.60
2009.11.10 13:05:46.049,0.88975,0.8899,2.40,1.60
2009.11.10 13:05:46.399,0.8897,0.88985,1.00,4.00
2009.11.10 13:05:46.789,0.88965,0.88985,2.50,1.60
2009.11.10 13:05:47.178,0.88965,0.8898,1.00,1.60
2009.11.10 13:05:47.628,0.88965,0.88985,1.00,4.00
2009.11.10 13:05:48.948,0.88965,0.88975,2.50,1.60
2009.11.10 13:05:49.298,0.88965,0.88975,2.40,1.60
2009.11.10 13:05:50.788,0.88965,0.88975,2.50,1.60
2009.11.10 13:05:51.827,0.88965,0.88975,1.00,1.60
2009.11.10 13:05:52.557,0.88965,0.8898,1.00,1.60
2009.11.10 13:05:52.897,0.88965,0.88985,1.00,4.00
2009.11.10 13:05:54.297,0.8896,0.88975,2.50,1.60
2009.11.10 13:06:00.125,0.8896,0.88975,1.00,1.60
2009.11.10 13:06:05.014,0.8896,0.8898,3.30,5.60
2009.11.10 13:06:05.354,0.8896,0.8898,2.90,5.60
2009.11.10 13:06:05.704,0.8896,0.8898,3.60,1.60
2009.11.10 13:06:05.884,0.8896,0.8898,3.20,1.60
2009.11.10 13:06:06.064,0.8896,0.8898,3.30,5.60
2009.11.10 13:06:06.244,0.8897,0.8898,1.00,5.60
2009.11.10 13:06:06.724,0.8897,0.8898,1.00,1.60
2009.11.10 13:06:17.351,0.8897,0.88985,2.50,1.60
2009.11.10 13:06:17.941,0.8897,0.88985,3.70,1.60
2009.11.10 13:06:18.231,0.8898,0.88985,1.00,1.60
2009.11.10 13:06:18.461,0.8898,0.88995,1.00,1.60
2009.11.10 13:06:19.551,0.8897,0.88995,4.10,4.80
2009.11.10 13:06:19.851,0.8897,0.8899,2.50,1.60
2009.11.10 13:06:20.710,0.8897,0.8899,3.30,5.60
2009.11.10 13:06:20.881,0.8897,0.8899,3.30,1.60
2009.11.10 13:06:23.760,0.8897,0.88995,5.30,5.60
2009.11.10 13:06:24.170,0.8898,0.88995,1.00,1.60
2009.11.10 13:06:25.979,0.88975,0.88995,4.10,1.60
2009.11.10 13:06:29.458,0.88975,0.8899,4.10,1.60
2009.11.10 13:06:29.798,0.88975,0.88995,4.10,1.60
2009.11.10 13:06:30.038,0.88975,0.89,4.10,8.80
2009.11.10 13:06:30.318,0.8897,0.88995,4.00,4.00
2009.11.10 13:06:30.598,0.8897,0.88995,3.20,8.00
2009.11.10 13:06:30.948,0.8897,0.8899,3.30,1.60
2009.11.10 13:06:31.298,0.8897,0.8899,4.90,1.60
2009.11.10 13:06:32.378,0.88975,0.8899,2.70,1.60
2009.11.10 13:06:34.037,0.88975,0.8899,1.00,1.60
2009.11.10 13:06:35.297,0.8897,0.8899,5.50,1.60
2009.11.10 13:06:37.646,0.8897,0.8899,4.90,1.60
2009.11.10 13:06:37.816,0.8897,0.8899,4.10,1.60
2009.11.10 13:06:37.926,0.8897,0.8899,3.30,1.60
2009.11.10 13:06:38.106,0.8897,0.88985,1.00,1.60
2009.11.10 13:06:40.476,0.8897,0.88985,1.00,1.60
2009.11.10 13:06:40.655,0.8897,0.88985,1.00,1.60
2009.11.10 13:06:41.805,0.8897,0.88985,1.00,1.60
2009.11.10 13:06:42.035,0.8897,0.88985,1.00,1.60
2009.11.10 13:06:42.915,0.8897,0.88985,3.20,1.60
2009.11.10 13:06:43.545,0.8897,0.88985,1.00,1.60
2009.11.10 13:06:44.515,0.8897,0.88985,1.00,1.60
2009.11.10 13:06:51.003,0.8897,0.88985,1.00,1.60
2009.11.10 13:06:52.833,0.8897,0.88985,1.00,1.60
2009.11.10 13:06:54.112,0.8897,0.88985,1.00,1.60
2009.11.10 13:06:54.352,0.8897,0.88985,1.00,1.60
2009.11.10 13:06:56.202,0.8897,0.88985,1.00,1.60
2009.11.10 13:06:56.382,0.8897,0.88985,1.00,1.60
2009.11.10 13:06:56.542,0.8897,0.88985,1.00,1.60
2009.11.10 13:06:57.063,0.8897,0.88985,1.00,1.60
2009.11.10 13:06:57.292,0.8897,0.88985,1.00,1.60
2009.11.10 13:06:57.512,0.8897,0.88985,1.00,1.60
2009.11.10 13:06:57.742,0.8897,0.88985,1.00,1.60
2009.11.10 13:06:58.592,0.8897,0.88985,1.00,1.60
2009.11.10 13:07:01.131,0.88965,0.88985,4.10,1.60
2009.11.10 13:07:01.461,0.88965,0.88985,4.00,1.60
2009.11.10 13:07:02.841,0.88965,0.8899,6.50,4.80
2009.11.10 13:07:03.071,0.88965,0.88985,4.10,1.60
2009.11.10 13:07:03.990,0.88965,0.88985,4.10,1.60
2009.11.10 13:07:04.211,0.88965,0.88985,4.00,1.60
2009.11.10 13:07:05.800,0.88965,0.8898,4.00,1.60
2009.11.10 13:07:06.040,0.88965,0.8898,1.00,1.60
2009.11.10 13:07:06.330,0.8896,0.8898,4.50,1.60
2009.11.10 13:07:08.869,0.8896,0.88975,3.20,1.60
2009.11.10 13:07:09.739,0.8896,0.88975,2.40,1.60
2009.11.10 13:07:12.359,0.8896,0.88975,1.00,1.60
2009.11.10 13:07:12.639,0.8896,0.8897,1.00,1.60
2009.11.10 13:07:14.308,0.88955,0.8897,2.50,1.60
2009.11.10 13:07:16.998,0.88955,0.8897,2.40,1.60
2009.11.10 13:07:18.137,0.8895,0.8897,2.50,1.60
2009.11.10 13:07:18.477,0.8895,0.88965,2.50,1.60
2009.11.10 13:07:24.816,0.8895,0.88965,3.30,1.60
2009.11.10 13:07:25.165,0.8895,0.8897,4.90,1.60
2009.11.10 13:07:27.885,0.8895,0.8897,4.20,1.60
2009.11.10 13:07:29.854,0.8895,0.88965,7.30,1.60
2009.11.10 13:07:30.144,0.8895,0.88965,6.50,1.60
2009.11.10 13:07:30.504,0.8895,0.8897,7.90,1.60
2009.11.10 13:07:31.194,0.88955,0.8897,2.40,5.60
2009.11.10 13:07:31.944,0.88955,0.8897,2.50,5.60
2009.11.10 13:07:32.284,0.88955,0.8897,2.40,5.70
2009.11.10 13:07:32.504,0.8895,0.8897,2.40,5.70
2009.11.10 13:07:34.573,0.8895,0.8897,2.40,5.70
2009.11.10 13:07:35.263,0.8895,0.8897,2.40,13.70
2009.11.10 13:07:36.673,0.8895,0.8897,2.40,5.70
2009.11.10 13:07:37.363,0.8895,0.8897,2.40,6.50
2009.11.10 13:07:38.123,0.8895,0.8897,2.40,14.50
2009.11.10 13:07:38.412,0.88945,0.88965,3.20,6.40
2009.11.10 13:07:38.652,0.88945,0.88965,3.20,2.40
2009.11.10 13:07:38.882,0.88945,0.8897,2.40,10.50
2009.11.10 13:07:39.152,0.88945,0.88965,2.40,4.00
2009.11.10 13:07:39.902,0.88945,0.88965,2.50,4.00
2009.11.10 13:07:41.412,0.88945,0.8897,5.30,7.30
2009.11.10 13:07:42.771,0.88945,0.8897,6.30,6.50
2009.11.10 13:07:43.171,0.88945,0.8897,6.30,5.70
2009.11.10 13:07:45.670,0.8895,0.8897,3.20,4.10
2009.11.10 13:07:46.250,0.88955,0.8897,2.40,4.10
2009.11.10 13:07:47.110,0.88955,0.8897,2.40,1.00
2009.11.10 13:07:49.250,0.88955,0.88975,2.40,4.90
2009.11.10 13:07:49.470,0.88955,0.88975,4.50,4.90
2009.11.10 13:07:49.849,0.88955,0.88975,2.40,4.10
2009.11.10 13:07:50.199,0.88955,0.88975,3.20,4.10
2009.11.10 13:07:51.689,0.88955,0.88975,2.40,4.10
2009.11.10 13:07:52.149,0.88955,0.88975,4.50,4.10
2009.11.10 13:07:52.629,0.88955,0.88975,3.20,4.10
2009.11.10 13:07:52.919,0.88955,0.88975,3.20,4.50
2009.11.10 13:07:53.269,0.88955,0.88975,2.40,4.50
2009.11.10 13:07:53.839,0.8895,0.88975,3.20,7.90
2009.11.10 13:07:56.098,0.8895,0.88975,3.20,7.70
2009.11.10 13:07:56.858,0.8895,0.8897,3.20,1.00
2009.11.10 13:07:59.357,0.8895,0.8897,3.20,1.00
2009.11.10 13:07:59.597,0.88955,0.8897,2.40,1.00
2009.11.10 13:08:00.767,0.88955,0.8897,4.80,1.00
2009.11.10 13:08:01.047,0.88955,0.88975,5.60,4.10
2009.11.10 13:08:01.387,0.88955,0.88975,5.60,1.00
2009.11.10 13:08:01.727,0.8896,0.88975,2.40,4.10
2009.11.10 13:08:04.866,0.8896,0.88975,2.40,4.30
2009.11.10 13:08:04.986,0.8896,0.88975,2.40,4.10
2009.11.10 13:08:06.296,0.8896,0.88975,2.40,1.00
2009.11.10 13:08:08.015,0.8896,0.88975,2.40,1.00
2009.11.10 13:08:08.835,0.8896,0.88975,2.40,1.00
2009.11.10 13:08:09.185,0.8896,0.88975,2.40,4.10
2009.11.10 13:08:09.595,0.8896,0.88975,2.40,1.00
2009.11.10 13:08:12.324,0.88955,0.88975,5.60,1.00
2009.11.10 13:08:12.564,0.8896,0.88975,2.40,1.00
2009.11.10 13:08:13.264,0.8896,0.8898,2.40,6.50
2009.11.10 13:08:13.724,0.8896,0.8898,2.40,2.50
2009.11.10 13:08:14.414,0.8896,0.8898,2.40,4.90
2009.11.10 13:08:15.093,0.8896,0.8898,2.40,2.50
2009.11.10 13:08:16.043,0.8896,0.8898,3.20,1.00
2009.11.10 13:08:16.383,0.8896,0.8898,6.80,1.00
2009.11.10 13:08:17.713,0.8896,0.88985,6.80,4.80
2009.11.10 13:08:18.053,0.88965,0.8898,2.40,1.60
2009.11.10 13:08:21.782,0.88965,0.8898,2.40,1.70
2009.11.10 13:08:22.022,0.88965,0.8898,2.40,1.60
2009.11.10 13:08:22.611,0.88965,0.88975,2.40,1.60
2009.11.10 13:08:22.782,0.8896,0.88975,2.40,1.60
2009.11.10 13:08:24.841,0.88955,0.8898,4.10,1.60
2009.11.10 13:08:25.081,0.8896,0.8898,2.40,1.60
2009.11.10 13:08:27.560,0.8896,0.88985,6.80,8.80
2009.11.10 13:08:27.910,0.8896,0.88985,6.80,4.80
2009.11.10 13:08:31.469,0.8896,0.88985,6.80,4.90
2009.11.10 13:08:31.699,0.88965,0.88985,3.20,4.80
2009.11.10 13:08:32.809,0.88965,0.88985,3.20,2.40
2009.11.10 13:08:33.029,0.88965,0.88985,3.20,1.60
2009.11.10 13:08:33.359,0.88965,0.88985,3.20,1.90
2009.11.10 13:08:33.719,0.88965,0.88985,3.20,1.60
2009.11.10 13:08:34.109,0.88965,0.88985,3.20,4.80
2009.11.10 13:08:34.289,0.88965,0.88985,3.20,2.40
2009.11.10 13:08:34.469,0.88965,0.88985,3.20,1.60
2009.11.10 13:08:35.139,0.88975,0.8899,2.40,5.60
2009.11.10 13:08:35.489,0.88975,0.8899,2.40,5.70
2009.11.10 13:08:35.828,0.88975,0.8899,2.40,1.70
2009.11.10 13:08:36.778,0.88975,0.8899,2.40,1.00
2009.11.10 13:08:38.538,0.88975,0.88995,2.40,2.50
2009.11.10 13:08:38.928,0.88975,0.88995,2.40,2.70
2009.11.10 13:08:39.268,0.88975,0.88995,2.40,2.50
2009.11.10 13:08:40.207,0.88975,0.88995,2.40,2.50
2009.11.10 13:08:40.387,0.88975,0.88995,2.40,2.70
2009.11.10 13:08:41.957,0.88975,0.8899,7.70,1.00
2009.11.10 13:08:42.307,0.88975,0.89,12.00,1.00
2009.11.10 13:08:42.587,0.88985,0.89005,2.90,2.40
2009.11.10 13:08:42.857,0.88985,0.89005,2.40,1.60
2009.11.10 13:08:43.726,0.8899,0.8901,2.40,4.00
2009.11.10 13:08:44.067,0.88985,0.8901,5.20,6.40
2009.11.10 13:08:44.427,0.88995,0.89015,2.40,4.80
2009.11.10 13:08:44.666,0.88995,0.89015,4.00,1.00
2009.11.10 13:08:44.906,0.88995,0.89015,4.10,1.00
2009.11.10 13:08:48.295,0.88995,0.89015,8.50,1.00
2009.11.10 13:08:48.815,0.88995,0.8902,8.50,6.50
2009.11.10 13:08:49.385,0.88995,0.89015,1.00,2.40
2009.11.10 13:08:49.775,0.88995,0.8902,4.90,8.10
2009.11.10 13:08:50.475,0.88995,0.8902,5.30,6.50
2009.11.10 13:08:50.705,0.88995,0.8902,4.90,8.10
2009.11.10 13:08:51.554,0.88995,0.8902,4.90,6.50
2009.11.10 13:08:51.894,0.89,0.8902,1.00,6.90
2009.11.10 13:08:52.185,0.88995,0.8902,2.40,4.60
2009.11.10 13:08:52.514,0.88995,0.8902,1.60,6.60
2009.11.10 13:08:52.864,0.8899,0.8902,1.00,10.60
2009.11.10 13:08:53.904,0.8899,0.8902,1.00,11.70
2009.11.10 13:08:54.134,0.88995,0.89015,4.80,1.00
2009.11.10 13:08:54.664,0.88995,0.89015,4.80,1.00
2009.11.10 13:08:55.484,0.88995,0.89015,2.40,2.40
2009.11.10 13:08:55.773,0.88995,0.8901,1.60,2.40
2009.11.10 13:08:56.073,0.8899,0.8901,1.00,2.40
2009.11.10 13:08:56.423,0.8899,0.8901,1.00,2.40
2009.11.10 13:08:56.763,0.8899,0.8901,1.00,2.50
2009.11.10 13:08:57.043,0.8899,0.89015,3.30,6.40
2009.11.10 13:08:57.763,0.88985,0.89015,10.50,4.50
2009.11.10 13:08:58.143,0.8899,0.89015,1.00,8.50
2009.11.10 13:08:58.483,0.8899,0.89015,3.70,2.50
2009.11.10 13:08:58.833,0.8899,0.89015,4.10,2.40
2009.11.10 13:08:59.183,0.8899,0.89015,3.30,2.40
2009.11.10 13:08:59.353,0.8899,0.8902,7.70,7.60
2009.11.10 13:08:59.473,0.8899,0.8902,7.70,8.10
2009.11.10 13:08:59.653,0.88995,0.8902,1.00,9.20
2009.11.10 13:08:59.813,0.88995,0.8902,3.30,8.10
2009.11.10 13:08:59.983,0.89,0.8902,3.20,6.40
2009.11.10 13:09:00.153,0.88995,0.8902,3.30,6.40
2009.11.10 13:09:00.952,0.88995,0.8902,2.40,6.50
2009.11.10 13:09:01.302,0.88995,0.8902,2.50,6.40
2009.11.10 13:09:01.532,0.88995,0.8902,2.40,6.50
2009.11.10 13:09:02.762,0.88995,0.8902,2.40,6.40
2009.11.10 13:09:02.982,0.88995,0.8902,2.50,6.50
2009.11.10 13:09:05.461,0.89005,0.8902,2.40,4.10
2009.11.10 13:09:05.631,0.89005,0.8902,2.40,4.00
2009.11.10 13:09:05.801,0.89005,0.8903,2.50,6.40
2009.11.10 13:09:05.971,0.89005,0.8903,1.00,6.40
2009.11.10 13:09:06.681,0.89005,0.8903,1.00,6.50
2009.11.10 13:09:09.341,0.89,0.8903,4.10,6.50
2009.11.10 13:09:09.450,0.89005,0.8903,2.40,6.50
2009.11.10 13:09:09.510,0.89005,0.8903,2.50,6.40
2009.11.10 13:09:09.860,0.89005,0.8903,1.00,6.40
2009.11.10 13:09:10.630,0.89005,0.8903,1.00,6.50
2009.11.10 13:09:14.639,0.89,0.8903,3.30,6.50
2009.11.10 13:09:14.809,0.89005,0.8903,2.40,6.50
2009.11.10 13:09:15.899,0.89005,0.8903,2.50,6.50
2009.11.10 13:09:17.238,0.89005,0.8903,2.40,6.50
2009.11.10 13:09:17.469,0.89,0.8903,3.30,6.50
2009.11.10 13:09:17.648,0.89,0.89025,3.30,2.40
2009.11.10 13:09:17.888,0.89005,0.8903,2.40,6.90
2009.11.10 13:09:18.118,0.89005,0.8903,2.40,7.30
2009.11.10 13:09:18.288,0.89,0.8903,3.30,7.70
2009.11.10 13:09:18.978,0.89005,0.8903,2.40,7.70
2009.11.10 13:09:19.338,0.89005,0.8903,2.40,7.30
2009.11.10 13:09:19.978,0.89005,0.8903,2.40,6.50
2009.11.10 13:09:20.267,0.89005,0.8903,2.50,6.50
2009.11.10 13:09:20.557,0.89005,0.8903,4.90,6.50
2009.11.10 13:09:21.747,0.89005,0.8903,5.70,6.50
2009.11.10 13:09:22.487,0.89005,0.8903,5.30,6.50
2009.11.10 13:09:22.837,0.89015,0.8903,2.40,4.00
2009.11.10 13:09:23.177,0.89015,0.89035,2.40,8.10
2009.11.10 13:09:23.577,0.89015,0.89035,2.40,4.10
2009.11.10 13:09:23.907,0.89015,0.89035,2.40,6.50
2009.11.10 13:09:24.637,0.89015,0.8904,8.40,8.90
2009.11.10 13:09:24.977,0.89015,0.89035,1.00,2.50
2009.11.10 13:09:25.327,0.8901,0.89035,6.70,2.40
2009.11.10 13:09:25.657,0.8901,0.89035,6.10,2.40
2009.11.10 13:09:25.986,0.8901,0.89035,6.10,2.50
2009.11.10 13:09:26.376,0.89015,0.89035,2.40,2.50
2009.11.10 13:09:26.946,0.89015,0.89035,2.80,2.40
2009.11.10 13:09:27.246,0.89015,0.89035,2.80,2.50
2009.11.10 13:09:27.536,0.89015,0.89035,2.40,2.50
2009.11.10 13:09:27.876,0.8901,0.8904,1.00,8.90
2009.11.10 13:09:28.166,0.8901,0.8904,1.00,12.10
2009.11.10 13:09:28.516,0.8901,0.8904,1.00,12.10
2009.11.10 13:09:28.866,0.8901,0.8904,1.00,13.00
2009.11.10 13:09:29.226,0.8901,0.8904,1.00,21.00
2009.11.10 13:09:29.515,0.8901,0.89035,2.50,4.10
2009.11.10 13:09:29.845,0.8901,0.89035,1.00,4.00
2009.11.10 13:09:30.205,0.8901,0.8904,1.00,12.90
2009.11.10 13:09:30.875,0.8901,0.8904,1.00,12.90
2009.11.10 13:09:31.165,0.89015,0.8904,2.40,7.30
2009.11.10 13:09:31.515,0.89015,0.89035,2.40,2.50
2009.11.10 13:09:31.855,0.89015,0.89035,2.40,2.40
2009.11.10 13:09:33.145,0.89015,0.89035,2.40,2.50
2009.11.10 13:09:34.314,0.8901,0.89035,7.30,8.10
2009.11.10 13:09:34.535,0.8901,0.89035,7.30,1.00
2009.11.10 13:09:34.705,0.89015,0.89035,3.20,1.00
2009.11.10 13:09:34.874,0.89015,0.8904,2.40,6.40
2009.11.10 13:09:38.483,0.8901,0.89035,11.30,4.10
2009.11.10 13:09:39.173,0.8901,0.8903,4.90,4.00
2009.11.10 13:09:39.353,0.8901,0.8903,1.00,4.00
2009.11.10 13:09:39.583,0.8901,0.8903,1.70,2.40
2009.11.10 13:09:39.883,0.8901,0.89025,1.00,2.40
2009.11.10 13:09:40.533,0.8901,0.89025,1.00,4.00
2009.11.10 13:09:42.022,0.89005,0.8903,2.50,4.00
2009.11.10 13:09:42.372,0.89005,0.8903,6.50,2.40
2009.11.10 13:09:43.912,0.89005,0.8903,7.30,2.40
2009.11.10 13:09:44.392,0.89005,0.8903,8.90,2.40
2009.11.10 13:09:44.972,0.8901,0.89035,7.50,4.00
2009.11.10 13:09:46.501,0.89015,0.8904,2.50,4.90
2009.11.10 13:09:46.792,0.89015,0.8904,2.50,4.90
2009.11.10 13:09:46.902,0.89015,0.8904,1.00,6.00
2009.11.10 13:09:48.921,0.89015,0.8904,2.50,2.40
2009.11.10 13:09:49.850,0.8902,0.8904,1.00,2.40
2009.11.10 13:09:53.950,0.8902,0.89045,3.50,8.80
2009.11.10 13:09:54.239,0.8902,0.89045,2.50,3.30
2009.11.10 13:09:54.469,0.8902,0.89045,2.50,2.50
2009.11.10 13:09:55.389,0.8902,0.89045,7.30,2.50
2009.11.10 13:09:55.669,0.8902,0.89045,2.50,6.40
2009.11.10 13:09:55.909,0.8902,0.89045,3.30,2.40
2009.11.10 13:09:56.189,0.8902,0.8905,4.10,7.20
2009.11.10 13:09:57.069,0.8902,0.89045,2.50,5.60
2009.11.10 13:09:57.359,0.8902,0.8904,1.00,6.60
2009.11.10 13:09:57.649,0.8902,0.89035,1.00,4.00
2009.11.10 13:09:58.618,0.8902,0.89035,1.00,4.00
2009.11.10 13:09:58.858,0.8902,0.89035,1.00,4.00
2009.11.10 13:09:59.368,0.89015,0.8904,6.50,3.20
2009.11.10 13:09:59.598,0.89015,0.8904,6.50,2.40
2009.11.10 13:10:01.218,0.89015,0.8904,7.30,2.40
2009.11.10 13:10:01.438,0.8902,0.8904,2.40,2.40
2009.11.10 13:10:01.618,0.89015,0.8904,6.50,2.40
2009.11.10 13:10:01.788,0.89015,0.8904,7.30,2.40
2009.11.10 13:10:01.908,0.89015,0.8904,8.10,2.40
2009.11.10 13:10:03.247,0.8902,0.8904,1.00,2.40
2009.11.10 13:10:04.067,0.8902,0.89045,2.50,4.00
2009.11.10 13:10:04.467,0.8902,0.89045,3.30,4.00
2009.11.10 13:10:06.686,0.8902,0.89045,2.50,4.00
2009.11.10 13:10:06.976,0.8902,0.8904,2.70,2.40
2009.11.10 13:10:11.085,0.8902,0.89045,5.40,4.00
2009.11.10 13:10:14.455,0.8902,0.89045,10.30,4.80
2009.11.10 13:10:14.634,0.8902,0.89045,9.40,4.00
2009.11.10 13:10:15.194,0.89025,0.89045,1.00,4.80
2009.11.10 13:10:16.644,0.89025,0.89045,1.00,4.00
2009.11.10 13:10:18.124,0.89025,0.89045,2.50,4.00
2009.11.10 13:10:23.352,0.89025,0.89045,1.00,4.00
2009.11.10 13:10:25.712,0.89025,0.89045,1.00,4.80
2009.11.10 13:10:26.072,0.89025,0.89045,4.10,4.80
2009.11.10 13:10:26.302,0.89025,0.89045,1.00,4.80
2009.11.10 13:10:27.521,0.89025,0.89045,2.50,1.00
2009.11.10 13:10:27.761,0.8903,0.8905,3.10,1.00
2009.11.10 13:10:28.032,0.89035,0.89055,1.00,4.80
2009.11.10 13:10:31.250,0.89035,0.89055,2.40,2.40
2009.11.10 13:10:31.701,0.89035,0.89055,2.50,2.40
2009.11.10 13:10:33.200,0.89035,0.89055,1.00,4.80
2009.11.10 13:10:34.520,0.8903,0.89055,7.70,4.80
2009.11.10 13:10:34.690,0.8903,0.89055,10.10,1.00
2009.11.10 13:10:34.910,0.8903,0.8906,10.10,4.90
2009.11.10 13:10:35.829,0.8903,0.8906,11.00,4.90
2009.11.10 13:10:36.819,0.89035,0.89055,2.50,2.40
2009.11.10 13:10:38.809,0.89035,0.89055,2.40,2.40
2009.11.10 13:10:38.979,0.8903,0.89055,7.30,8.10
2009.11.10 13:10:39.199,0.8903,0.8905,2.50,1.00
2009.11.10 13:10:39.429,0.8903,0.8905,2.40,1.00
2009.11.10 13:10:45.457,0.8903,0.89055,2.40,5.20
2009.11.10 13:10:45.737,0.8903,0.89055,2.40,4.80
2009.11.10 13:10:46.667,0.8903,0.89055,2.40,5.20
2009.11.10 13:10:46.847,0.8903,0.89055,2.40,8.40
2009.11.10 13:10:46.967,0.8903,0.89055,2.40,5.20
2009.11.10 13:10:47.137,0.8903,0.89055,2.40,4.80
2009.11.10 13:10:47.307,0.8903,0.89055,2.50,4.90
2009.11.10 13:10:47.597,0.8903,0.89055,2.40,4.80
2009.11.10 13:10:48.817,0.89035,0.8906,2.40,7.20
2009.11.10 13:10:48.996,0.89035,0.8906,2.40,6.40
2009.11.10 13:10:49.226,0.8903,0.89055,4.00,1.00
2009.11.10 13:10:49.446,0.8903,0.89055,3.20,1.00
2009.11.10 13:10:49.616,0.8903,0.89055,3.30,3.30
2009.11.10 13:10:49.956,0.8903,0.89055,2.50,4.90
2009.11.10 13:10:50.316,0.8903,0.89055,2.50,4.80
2009.11.10 13:10:50.666,0.8903,0.89055,3.50,4.80
2009.11.10 13:10:51.636,0.8903,0.89055,3.30,4.90
2009.11.10 13:10:51.866,0.89035,0.89055,1.00,4.80
2009.11.10 13:10:54.545,0.89035,0.89055,1.00,4.00
2009.11.10 13:10:54.845,0.8903,0.89055,7.30,4.80
2009.11.10 13:10:54.955,0.8903,0.89055,3.30,4.80
2009.11.10 13:10:55.415,0.8903,0.89055,3.30,4.90
2009.11.10 13:10:56.435,0.8903,0.89055,3.30,4.10
2009.11.10 13:10:57.284,0.8903,0.89055,4.10,4.10
2009.11.10 13:10:57.334,0.8903,0.89055,4.90,1.00
2009.11.10 13:10:58.734,0.8903,0.8906,8.00,7.20
2009.11.10 13:10:59.024,0.89035,0.8906,2.40,7.30
2009.11.10 13:10:59.314,0.89035,0.8906,2.40,15.40
2009.11.10 13:10:59.664,0.89035,0.89055,2.40,1.00
2009.11.10 13:11:01.723,0.89035,0.89055,2.40,1.00
2009.11.10 13:11:02.003,0.89035,0.89055,2.40,1.00
2009.11.10 13:11:02.513,0.89035,0.8906,2.40,7.30
2009.11.10 13:11:02.803,0.8903,0.89055,7.20,4.90
2009.11.10 13:11:03.143,0.89025,0.89055,16.70,1.00
2009.11.10 13:11:03.833,0.89025,0.89055,19.30,2.50
2009.11.10 13:11:04.183,0.89035,0.8905,2.40,1.60
2009.11.10 13:11:04.463,0.89025,0.8905,5.70,4.00
2009.11.10 13:11:04.793,0.89025,0.89055,5.90,9.60
2009.11.10 13:11:05.122,0.89025,0.89055,4.90,9.70
2009.11.10 13:11:05.472,0.89025,0.89055,4.90,9.70
2009.11.10 13:11:05.833,0.89025,0.89055,9.00,9.60
2009.11.10 13:11:06.182,0.89025,0.89055,6.60,9.70
2009.11.10 13:11:09.202,0.8903,0.89055,1.00,4.10
2009.11.10 13:11:09.431,0.8903,0.8905,1.00,3.20
2009.11.10 13:11:09.711,0.8903,0.8905,1.00,4.80
2009.11.10 13:11:09.941,0.89025,0.8905,4.90,1.00
2009.11.10 13:11:10.291,0.89025,0.89055,5.70,9.70
2009.11.10 13:11:10.641,0.89025,0.89055,8.90,8.90
2009.11.10 13:11:10.991,0.89025,0.89055,6.50,9.70
2009.11.10 13:11:11.341,0.8903,0.89055,1.00,9.70
2009.11.10 13:11:11.941,0.8903,0.89055,1.00,8.10
2009.11.10 13:11:12.241,0.89025,0.89055,4.90,9.90
2009.11.10 13:11:12.541,0.8902,0.8905,9.30,3.50
2009.11.10 13:11:12.770,0.8902,0.89045,3.30,1.00
2009.11.10 13:11:13.070,0.8902,0.89045,4.10,1.70
2009.11.10 13:11:13.360,0.8902,0.89045,1.00,2.50
2009.11.10 13:11:13.470,0.8902,0.89045,4.10,2.50
2009.11.10 13:11:13.760,0.89025,0.89045,1.00,2.50
2009.11.10 13:11:13.820,0.8902,0.89045,4.10,2.50
2009.11.10 13:11:14.410,0.8902,0.89045,3.30,2.50
2009.11.10 13:11:14.710,0.89015,0.8904,7.20,5.20
2009.11.10 13:11:15.060,0.89015,0.8904,2.40,14.50
2009.11.10 13:11:15.400,0.89015,0.8904,2.40,6.50
2009.11.10 13:11:15.760,0.89015,0.8904,2.50,4.10
2009.11.10 13:11:16.100,0.89015,0.8904,6.10,1.00
2009.11.10 13:11:16.860,0.89015,0.8904,3.30,4.10
2009.11.10 13:11:17.090,0.89015,0.8904,2.50,4.10
2009.11.10 13:11:17.310,0.89015,0.8904,2.50,8.10
2009.11.10 13:11:18.999,0.89015,0.8904,2.50,8.90
2009.11.10 13:11:21.289,0.8901,0.89035,4.10,5.20
2009.11.10 13:11:21.508,0.8901,0.89035,2.50,2.80
2009.11.10 13:11:21.748,0.8901,0.8904,3.30,10.90
2009.11.10 13:11:21.978,0.89015,0.8904,1.00,10.10
2009.11.10 13:11:26.727,0.8901,0.89035,2.50,2.50
2009.11.10 13:11:28.127,0.89005,0.89035,10.50,2.50
2009.11.10 13:11:28.577,0.89005,0.89035,9.70,3.30
2009.11.10 13:11:28.807,0.89005,0.89035,7.30,3.30
2009.11.10 13:11:29.307,0.8901,0.89035,1.00,7.30
2009.11.10 13:11:30.286,0.89005,0.89035,3.30,8.10
2009.11.10 13:11:30.836,0.89005,0.8903,3.50,4.00
2009.11.10 13:11:33.556,0.89005,0.8903,1.00,8.80
2009.11.10 13:11:33.786,0.89005,0.89025,2.50,2.40
2009.11.10 13:11:35.145,0.89005,0.89025,1.00,2.40
2009.11.10 13:11:37.475,0.89005,0.89025,2.50,2.40
2009.11.10 13:11:37.755,0.89005,0.8903,3.30,1.00
2009.11.10 13:11:37.994,0.89005,0.89035,3.30,8.10
2009.11.10 13:11:39.414,0.89005,0.89035,3.20,8.30
2009.11.10 13:11:39.644,0.89,0.8903,10.30,1.00
2009.11.10 13:11:39.874,0.89,0.8903,9.50,1.00
2009.11.10 13:11:40.454,0.89,0.8903,17.50,1.00
2009.11.10 13:11:40.744,0.89005,0.8903,4.00,1.00
2009.11.10 13:11:40.984,0.89005,0.89035,4.10,7.30
2009.11.10 13:11:41.264,0.89005,0.89035,7.30,7.30
2009.11.10 13:11:41.664,0.8901,0.8904,3.20,7.20
2009.11.10 13:11:41.957,0.8901,0.8904,7.20,3.20
2009.11.10 13:11:42.354,0.8901,0.8904,6.40,7.20
2009.11.10 13:11:42.644,0.89005,0.8904,8.10,7.20
2009.11.10 13:11:43.233,0.89005,0.8904,8.10,8.00
2009.11.10 13:11:43.863,0.89005,0.8904,15.10,7.20
2009.11.10 13:11:44.273,0.8901,0.8904,3.30,4.80
2009.11.10 13:11:45.183,0.8901,0.8904,7.30,4.80
2009.11.10 13:11:45.343,0.8901,0.8904,7.30,1.00
2009.11.10 13:11:45.923,0.8901,0.8904,7.30,4.80
2009.11.10 13:11:46.543,0.8901,0.8904,7.30,1.00
2009.11.10 13:11:46.822,0.8901,0.8904,8.10,1.00
2009.11.10 13:11:47.112,0.89015,0.8904,1.00,1.00
2009.11.10 13:11:47.632,0.8901,0.8904,8.10,1.00
2009.11.10 13:11:47.922,0.89015,0.89045,1.00,8.10
2009.11.10 13:11:48.512,0.8901,0.8904,8.10,1.00
2009.11.10 13:11:49.032,0.89015,0.8904,1.00,1.00
2009.11.10 13:11:49.252,0.8902,0.89045,2.40,7.30
2009.11.10 13:11:49.482,0.8902,0.89045,2.40,7.20
2009.11.10 13:11:50.122,0.8902,0.89045,2.40,7.30
2009.11.10 13:11:50.482,0.89015,0.89045,4.00,7.30
2009.11.10 13:11:50.781,0.89015,0.89045,3.20,10.40
2009.11.10 13:11:51.111,0.89015,0.8904,2.40,3.30
2009.11.10 13:11:51.441,0.8901,0.8904,8.10,6.40
2009.11.10 13:11:51.781,0.8901,0.8904,8.90,7.20
2009.11.10 13:11:52.181,0.8901,0.8904,8.90,3.20
2009.11.10 13:11:52.871,0.89015,0.89045,1.00,8.00
2009.11.10 13:11:53.221,0.89015,0.89045,1.00,16.00
2009.11.10 13:11:53.571,0.89015,0.89045,1.00,8.10
2009.11.10 13:11:57.350,0.8901,0.89045,8.90,8.50
2009.11.10 13:11:57.510,0.8901,0.8904,8.10,1.00
2009.11.10 13:11:57.630,0.8901,0.89035,4.10,4.10
2009.11.10 13:11:57.790,0.8901,0.89035,8.10,1.00
2009.11.10 13:11:58.310,0.8901,0.89035,8.90,1.00
2009.11.10 13:11:58.609,0.8901,0.89035,3.30,1.00
2009.11.10 13:11:59.179,0.8901,0.89035,7.30,1.00
2009.11.10 13:12:00.589,0.8901,0.89035,3.30,1.00
2009.11.10 13:12:01.949,0.8901,0.89035,2.50,1.20
2009.11.10 13:12:02.309,0.8901,0.89035,3.30,1.00
2009.11.10 13:12:02.539,0.8901,0.89035,1.00,2.40
2009.11.10 13:12:02.819,0.89005,0.89035,8.70,1.00
2009.11.10 13:12:03.458,0.89005,0.89035,8.50,1.00
2009.11.10 13:12:03.638,0.89005,0.89035,8.10,1.00
2009.11.10 13:12:03.858,0.89005,0.89035,7.90,1.00
2009.11.10 13:12:04.038,0.8901,0.89035,1.00,1.00
2009.11.10 13:12:07.287,0.8901,0.89035,1.00,1.00
2009.11.10 13:12:07.737,0.8901,0.89035,1.00,4.90
2009.11.10 13:12:07.967,0.8901,0.8903,1.00,1.00
2009.11.10 13:12:08.197,0.89005,0.8903,1.00,1.00
2009.11.10 13:12:08.717,0.89005,0.8903,1.00,1.00
2009.11.10 13:12:12.486,0.89005,0.8903,1.00,4.90
2009.11.10 13:12:12.646,0.89005,0.8903,1.00,1.00
2009.11.10 13:12:18.355,0.89005,0.8903,4.10,1.00
2009.11.10 13:12:19.924,0.89005,0.8903,4.10,1.00
2009.11.10 13:12:22.084,0.8901,0.89035,1.70,1.00
2009.11.10 13:12:22.264,0.8901,0.8903,8.00,1.00
2009.11.10 13:12:22.424,0.8901,0.8904,8.00,4.10
2009.11.10 13:12:22.594,0.8901,0.8903,8.00,1.00
2009.11.10 13:12:23.354,0.8901,0.8904,8.00,8.10
2009.11.10 13:12:23.693,0.8901,0.8903,8.00,1.00
2009.11.10 13:12:24.373,0.8901,0.8904,8.00,7.30
2009.11.10 13:12:24.703,0.8901,0.8903,8.00,1.00
2009.11.10 13:12:24.873,0.8901,0.8903,4.00,1.00
2009.11.10 13:12:25.223,0.8901,0.8903,6.40,1.00
2009.11.10 13:12:25.393,0.8901,0.89035,2.40,2.50
2009.11.10 13:12:26.853,0.8901,0.89035,2.40,2.40
2009.11.10 13:12:28.202,0.89015,0.89035,1.00,2.40
2009.11.10 13:12:29.522,0.89015,0.89035,2.50,2.40
2009.11.10 13:12:29.802,0.89015,0.8904,3.30,7.30
2009.11.10 13:12:30.092,0.89015,0.8904,2.50,4.00
2009.11.10 13:12:30.382,0.89015,0.89045,2.50,17.20
2009.11.10 13:12:30.722,0.89015,0.89045,3.20,17.20
2009.11.10 13:12:31.062,0.89015,0.89035,1.00,3.20
2009.11.10 13:12:31.422,0.89015,0.89025,1.00,2.40
2009.11.10 13:12:31.772,0.89005,0.89025,2.40,2.40
2009.11.10 13:12:32.121,0.89,0.89025,2.40,1.00
2009.11.10 13:12:32.461,0.89005,0.89025,1.00,1.00
2009.11.10 13:12:32.811,0.89,0.89025,2.40,1.00
2009.11.10 13:12:33.851,0.89,0.89025,2.40,8.80
2009.11.10 13:12:34.081,0.89,0.8902,2.40,2.40
2009.11.10 13:12:34.721,0.89,0.8902,2.40,4.80
2009.11.10 13:12:35.681,0.89,0.8902,2.50,4.80
2009.11.10 13:12:36.231,0.89,0.8902,2.50,1.00
2009.11.10 13:12:36.620,0.89,0.8902,2.50,5.60
2009.11.10 13:12:36.960,0.89,0.8902,2.40,5.60
2009.11.10 13:12:38.290,0.89,0.8902,2.40,2.40
2009.11.10 13:12:39.590,0.89,0.8902,2.40,4.80
2009.11.10 13:12:40.099,0.89,0.8902,2.40,5.60
2009.11.10 13:12:43.039,0.89,0.8902,2.40,3.20
2009.11.10 13:12:44.958,0.89,0.8902,4.00,3.20
2009.11.10 13:12:45.178,0.89,0.89025,5.60,5.60
2009.11.10 13:12:45.338,0.89005,0.89025,2.40,3.20
2009.11.10 13:12:45.458,0.89,0.89025,4.00,4.10
2009.11.10 13:12:45.558,0.89,0.89025,3.20,5.70
2009.11.10 13:12:45.848,0.89,0.89025,3.20,5.60
2009.11.10 13:12:45.958,0.89,0.89025,4.80,3.20
2009.11.10 13:12:46.068,0.89,0.89025,4.80,2.40
2009.11.10 13:12:49.697,0.89005,0.89025,2.50,2.40
2009.11.10 13:12:50.027,0.89005,0.89025,2.40,2.40
2009.11.10 13:12:51.557,0.89005,0.89025,2.40,2.50
2009.11.10 13:12:52.197,0.89005,0.89025,2.40,2.40
2009.11.10 13:12:52.247,0.89005,0.89025,2.50,2.40
2009.11.10 13:12:52.416,0.89005,0.89025,2.40,2.40
2009.11.10 13:12:53.796,0.89005,0.89025,2.40,2.50
2009.11.10 13:12:54.476,0.89005,0.89025,2.40,2.40
2009.11.10 13:12:57.606,0.89,0.89025,6.50,4.50
2009.11.10 13:12:57.785,0.89,0.8902,6.50,1.00
2009.11.10 13:12:57.905,0.89,0.8902,6.40,1.00
2009.11.10 13:12:58.195,0.89,0.89025,2.40,4.40
2009.11.10 13:12:58.425,0.88995,0.8902,4.00,2.40
2009.11.10 13:12:58.595,0.88995,0.8902,3.20,2.40
2009.11.10 13:12:58.945,0.88995,0.8902,3.20,2.40
2009.11.10 13:12:59.635,0.89,0.8902,2.40,6.40
2009.11.10 13:13:02.204,0.88995,0.8902,2.40,6.40
2009.11.10 13:13:03.004,0.88995,0.8902,3.20,6.40
2009.11.10 13:13:03.294,0.88995,0.8902,4.40,8.00
2009.11.10 13:13:03.594,0.89,0.8902,2.40,4.00
2009.11.10 13:13:03.894,0.89,0.89025,2.40,9.20
2009.11.10 13:13:04.224,0.88995,0.89025,10.80,9.00
2009.11.10 13:13:04.514,0.89,0.89025,3.20,8.20
2009.11.10 13:13:06.263,0.89005,0.89025,2.40,7.20
2009.11.10 13:13:07.713,0.89,0.8902,3.20,2.40
2009.11.10 13:13:07.943,0.88995,0.89025,5.60,8.10
2009.11.10 13:13:08.183,0.88995,0.89025,4.00,8.90
2009.11.10 13:13:08.423,0.88995,0.89015,2.40,2.40
2009.11.10 13:13:08.653,0.88995,0.8902,2.40,2.40
2009.11.10 13:13:09.003,0.88995,0.89015,2.40,2.40
2009.11.10 13:13:11.352,0.88995,0.8902,2.40,6.40
2009.11.10 13:13:11.932,0.88995,0.89015,2.40,2.40
2009.11.10 13:13:12.172,0.88995,0.8902,3.20,6.40
2009.11.10 13:13:12.462,0.88995,0.8902,4.00,8.00
2009.11.10 13:13:12.752,0.89,0.8902,1.00,6.40
2009.11.10 13:13:13.042,0.88995,0.89015,3.20,2.40
2009.11.10 13:13:13.392,0.88995,0.89015,2.40,2.40
2009.11.10 13:13:16.561,0.88995,0.89015,3.20,2.40
2009.11.10 13:13:16.741,0.88995,0.89015,2.40,2.40
2009.11.10 13:13:17.151,0.88995,0.8902,2.40,7.20
2009.11.10 13:13:17.391,0.89,0.8902,2.40,7.20
2009.11.10 13:13:17.750,0.89,0.8902,2.40,3.20
2009.11.10 13:13:18.440,0.89,0.8902,2.40,7.20
2009.11.10 13:13:18.950,0.89005,0.8902,2.40,4.00
2009.11.10 13:13:19.180,0.89005,0.89025,2.40,9.80
2009.11.10 13:13:20.000,0.89,0.89025,3.20,9.80
2009.11.10 13:13:20.230,0.89,0.8902,2.40,2.40
2009.11.10 13:13:20.520,0.89,0.8902,2.40,4.00
2009.11.10 13:13:20.800,0.89,0.8902,2.40,2.40
2009.11.10 13:13:21.439,0.89,0.8902,2.40,2.50
2009.11.10 13:13:22.379,0.89,0.8902,2.40,3.30
2009.11.10 13:13:22.709,0.89,0.8902,2.40,3.20
2009.11.10 13:13:23.939,0.89,0.8902,2.40,3.30
2009.11.10 13:13:24.919,0.89,0.8902,2.40,3.20
2009.11.10 13:13:25.149,0.89,0.8902,2.40,3.30
2009.11.10 13:13:25.389,0.88995,0.8902,2.50,4.90
2009.11.10 13:13:25.618,0.8899,0.89005,6.40,1.00
2009.11.10 13:13:25.848,0.8899,0.89005,4.00,1.00
2009.11.10 13:13:26.188,0.88985,0.89005,4.00,1.00
2009.11.10 13:13:26.538,0.88985,0.89005,6.40,1.00
2009.11.10 13:13:26.878,0.88985,0.8901,2.40,3.30
2009.11.10 13:13:27.278,0.8898,0.8901,9.70,4.10
2009.11.10 13:13:27.608,0.8898,0.8901,11.30,3.30
2009.11.10 13:13:27.938,0.88985,0.8901,2.40,3.30
2009.11.10 13:13:28.288,0.88985,0.8901,7.20,3.20
2009.11.10 13:13:31.307,0.88985,0.8901,7.20,1.00
2009.11.10 13:13:31.587,0.8899,0.89015,3.30,5.60
2009.11.10 13:13:31.927,0.8899,0.89015,3.20,5.70
2009.11.10 13:13:32.207,0.8899,0.89015,3.20,1.60
2009.11.10 13:13:33.397,0.89,0.8902,2.40,7.30
2009.11.10 13:13:34.187,0.89,0.8902,2.40,3.30
2009.11.10 13:13:34.357,0.88995,0.8902,1.00,6.10
2009.11.10 13:13:34.696,0.8899,0.8902,8.80,6.10
2009.11.10 13:13:35.086,0.8899,0.8902,8.00,6.10
2009.11.10 13:13:35.427,0.89,0.8902,2.40,3.20
2009.11.10 13:13:35.606,0.88995,0.8902,5.20,3.20
2009.11.10 13:13:35.826,0.88995,0.8902,3.20,2.40
2009.11.10 13:13:36.186,0.88995,0.8902,3.20,6.40
2009.11.10 13:13:36.886,0.88995,0.8902,3.20,2.40
2009.11.10 13:13:37.876,0.88995,0.8902,2.40,8.80
2009.11.10 13:13:38.505,0.88995,0.89015,2.40,3.20
2009.11.10 13:13:40.205,0.88995,0.89015,2.40,2.40
2009.11.10 13:13:40.315,0.88995,0.89015,2.40,3.20
2009.11.10 13:13:40.715,0.88995,0.89015,2.40,2.40
2009.11.10 13:13:41.175,0.88995,0.89015,6.40,2.40
2009.11.10 13:13:41.455,0.88995,0.89015,2.40,2.40
2009.11.10 13:13:41.805,0.8899,0.89015,3.20,3.20
2009.11.10 13:13:42.025,0.8899,0.89015,3.20,2.40
2009.11.10 13:13:42.135,0.8899,0.89015,4.00,2.40
2009.11.10 13:13:42.355,0.8899,0.89015,4.10,2.40
2009.11.10 13:13:42.594,0.8899,0.89015,3.30,3.20
2009.11.10 13:13:43.394,0.88995,0.89015,2.40,2.40
2009.11.10 13:13:43.734,0.88995,0.89015,2.40,3.20
2009.11.10 13:13:44.054,0.88995,0.89015,3.30,2.40
2009.11.10 13:13:44.344,0.88995,0.89015,3.30,1.00
2009.11.10 13:13:44.574,0.89,0.8902,2.40,5.70
2009.11.10 13:13:45.824,0.89,0.8902,2.40,5.60
2009.11.10 13:13:45.944,0.89,0.8902,2.40,9.60
2009.11.10 13:13:46.403,0.88995,0.8902,1.00,9.60
2009.11.10 13:13:46.513,0.88995,0.8902,1.00,10.40
2009.11.10 13:13:46.624,0.8899,0.8902,3.30,10.50
2009.11.10 13:13:46.793,0.8899,0.8902,1.00,14.90
2009.11.10 13:13:46.903,0.8899,0.8902,1.00,11.70
2009.11.10 13:13:47.243,0.8899,0.8902,4.10,10.50
2009.11.10 13:13:47.584,0.8899,0.8902,8.10,6.50
2009.11.10 13:13:48.263,0.88995,0.8902,1.00,6.50
2009.11.10 13:13:48.553,0.88995,0.8902,1.00,14.10
2009.11.10 13:13:48.843,0.88995,0.8902,2.10,8.90
2009.11.10 13:13:49.173,0.89,0.8902,2.40,8.90
2009.11.10 13:13:49.463,0.88995,0.8902,1.00,10.50
2009.11.10 13:13:49.753,0.8899,0.8902,1.00,15.60
2009.11.10 13:13:50.043,0.8899,0.89015,1.00,4.80
2009.11.10 13:13:50.393,0.8899,0.89015,1.00,8.80
2009.11.10 13:13:51.023,0.8899,0.89015,1.00,8.00
2009.11.10 13:13:51.872,0.8899,0.89015,1.00,8.00
2009.11.10 13:13:52.392,0.8899,0.89015,1.00,8.10
2009.11.10 13:13:52.982,0.88985,0.89015,8.90,8.10
2009.11.10 13:13:53.102,0.88985,0.89015,8.90,4.90
2009.11.10 13:13:54.252,0.8899,0.89015,1.00,4.90
2009.11.10 13:13:54.702,0.8899,0.89015,1.00,1.00
2009.11.10 13:13:54.932,0.8899,0.89015,1.00,4.00
2009.11.10 13:13:55.171,0.8899,0.89015,2.40,7.30
2009.11.10 13:13:55.462,0.8899,0.89015,2.50,8.80
2009.11.10 13:13:55.581,0.8899,0.89015,2.50,8.90
2009.11.10 13:13:55.751,0.8899,0.89015,3.30,7.30
2009.11.10 13:13:55.871,0.8899,0.89015,3.30,7.30
2009.11.10 13:13:56.312,0.8899,0.89015,7.30,3.30
2009.11.10 13:13:56.421,0.8899,0.89015,3.30,3.30
2009.11.10 13:13:56.761,0.8899,0.89015,3.30,7.30
2009.11.10 13:14:00.210,0.8899,0.89015,3.30,3.30
2009.11.10 13:14:01.590,0.8899,0.89015,1.00,4.10
2009.11.10 13:14:01.810,0.88985,0.8901,8.90,1.00
2009.11.10 13:14:02.490,0.8899,0.89015,2.40,7.30
2009.11.10 13:14:03.070,0.8899,0.89015,2.40,3.30
2009.11.10 13:14:03.410,0.88985,0.89015,8.10,8.40
2009.11.10 13:14:03.820,0.8899,0.8901,2.40,2.40
2009.11.10 13:14:04.149,0.8899,0.8901,3.20,1.00
2009.11.10 13:14:04.439,0.8899,0.8901,3.20,3.30
2009.11.10 13:14:04.670,0.8899,0.8901,3.20,3.20
2009.11.10 13:14:05.179,0.8899,0.8901,3.20,3.30
2009.11.10 13:14:05.409,0.8899,0.89015,3.20,7.20
2009.11.10 13:14:05.579,0.8899,0.89015,3.30,3.20
2009.11.10 13:14:05.979,0.8899,0.89015,3.20,3.30
2009.11.10 13:14:07.029,0.8899,0.89015,3.30,3.30
2009.11.10 13:14:08.628,0.88985,0.8901,2.40,2.40
2009.11.10 13:14:08.868,0.88985,0.8901,4.00,1.00
2009.11.10 13:14:09.168,0.88985,0.89005,4.80,2.40
2009.11.10 13:14:09.508,0.8898,0.89005,4.10,2.50
2009.11.10 13:14:10.238,0.8898,0.8901,13.50,3.20
2009.11.10 13:14:10.348,0.8899,0.8901,1.00,1.00
2009.11.10 13:14:10.638,0.8899,0.89015,1.00,3.20
2009.11.10 13:14:10.748,0.88995,0.89015,2.40,3.20
2009.11.10 13:14:10.868,0.88995,0.8901,2.40,4.00
2009.11.10 13:14:11.168,0.8899,0.8901,2.40,4.00
2009.11.10 13:14:11.288,0.8899,0.8901,3.20,4.00
2009.11.10 13:14:11.637,0.8899,0.89015,2.40,7.20
2009.11.10 13:14:11.978,0.8899,0.8901,2.40,4.00
2009.11.10 13:14:14.627,0.88985,0.89005,3.30,2.40
2009.11.10 13:14:14.737,0.88985,0.89005,3.20,2.40
2009.11.10 13:14:14.857,0.88985,0.89005,3.30,2.40
2009.11.10 13:14:14.967,0.88985,0.8901,3.20,1.00
2009.11.10 13:14:15.137,0.88985,0.8901,3.20,4.00
2009.11.10 13:14:15.457,0.88985,0.8901,3.30,3.20
2009.11.10 13:14:16.197,0.88985,0.8901,3.30,6.40
2009.11.10 13:14:16.486,0.88985,0.89005,3.20,2.40
2009.11.10 13:14:17.116,0.88985,0.89005,3.20,3.20
2009.11.10 13:14:17.416,0.88985,0.89005,3.20,2.40
2009.11.10 13:14:18.136,0.88985,0.89005,3.20,3.20
2009.11.10 13:14:19.066,0.88985,0.89005,7.20,3.20
2009.11.10 13:14:20.346,0.88985,0.89005,7.20,1.00
2009.11.10 13:14:20.865,0.88985,0.89005,3.20,1.00
2009.11.10 13:14:21.445,0.88985,0.89005,2.40,1.00
2009.11.10 13:14:21.795,0.88985,0.89005,3.20,1.00
2009.11.10 13:14:23.375,0.88985,0.89005,2.40,1.00
2009.11.10 13:14:24.134,0.88985,0.89005,3.20,1.00
2009.11.10 13:14:24.304,0.8899,0.89005,2.50,1.00
2009.11.10 13:14:25.744,0.8899,0.89005,4.10,1.00
2009.11.10 13:14:25.804,0.8899,0.89005,3.30,1.00
2009.11.10 13:14:25.974,0.8899,0.89005,2.50,1.00
2009.11.10 13:14:26.084,0.8899,0.8901,2.50,1.00
2009.11.10 13:14:26.424,0.8899,0.8901,2.50,4.80
2009.11.10 13:14:27.234,0.8899,0.8901,2.50,1.00
2009.11.10 13:14:28.473,0.8899,0.8901,2.90,1.00
2009.11.10 13:14:28.803,0.8899,0.8901,2.50,1.00
2009.11.10 13:14:29.843,0.8899,0.89015,2.50,3.40
2009.11.10 13:14:29.963,0.88995,0.8901,1.00,2.40
2009.11.10 13:14:30.123,0.8899,0.89015,3.30,7.20
2009.11.10 13:14:30.293,0.8899,0.89015,3.20,3.20
2009.11.10 13:14:30.453,0.8899,0.89015,2.40,3.20
2009.11.10 13:14:30.613,0.8899,0.89015,3.20,3.20
2009.11.10 13:14:30.783,0.8899,0.8901,4.10,4.00
2009.11.10 13:14:30.953,0.8899,0.8901,3.30,4.00
2009.11.10 13:14:31.303,0.8899,0.8901,3.20,2.40
2009.11.10 13:14:31.643,0.8899,0.8901,2.40,2.40
2009.11.10 13:14:31.983,0.88985,0.8901,4.80,4.10
2009.11.10 13:14:32.432,0.88985,0.8901,4.90,4.00
2009.11.10 13:14:32.782,0.88985,0.8901,4.80,4.10
2009.11.10 13:14:33.812,0.88985,0.8901,4.80,4.90
2009.11.10 13:14:34.172,0.88985,0.8901,1.00,9.90
2009.11.10 13:14:34.292,0.8898,0.8901,9.70,10.80
2009.11.10 13:14:34.452,0.8898,0.8901,5.70,10.00
2009.11.10 13:14:35.142,0.8898,0.8901,9.70,10.00
2009.11.10 13:14:35.831,0.8898,0.8901,5.70,11.20
2009.11.10 13:14:36.571,0.88985,0.8901,1.00,11.20
2009.11.10 13:14:37.261,0.88985,0.8901,4.90,4.40
2009.11.10 13:14:37.482,0.88985,0.8901,4.90,4.50
2009.11.10 13:14:37.661,0.88985,0.8901,4.80,4.50
2009.11.10 13:14:37.841,0.88985,0.8901,4.80,8.50
2009.11.10 13:14:38.361,0.88985,0.8901,4.90,8.50
2009.11.10 13:14:40.171,0.88985,0.8901,4.90,8.40
2009.11.10 13:14:40.461,0.88985,0.8901,5.70,8.00
2009.11.10 13:14:40.641,0.88985,0.8901,5.70,8.10
2009.11.10 13:14:40.861,0.88985,0.8901,4.90,8.50
2009.11.10 13:14:40.980,0.8899,0.8901,1.00,8.50
2009.11.10 13:14:41.151,0.88985,0.8901,5.70,8.50
2009.11.10 13:14:41.320,0.8899,0.8901,2.40,9.30
2009.11.10 13:14:41.680,0.88985,0.8901,4.90,9.30
2009.11.10 13:14:42.380,0.8898,0.8901,5.70,10.80
2009.11.10 13:14:42.610,0.8898,0.8901,4.90,11.20
2009.11.10 13:14:42.910,0.8898,0.89005,4.10,3.20
2009.11.10 13:14:43.200,0.8898,0.89005,2.50,4.80
2009.11.10 13:14:43.430,0.8898,0.89005,2.40,7.30
2009.11.10 13:14:43.650,0.8898,0.89005,4.10,7.20
2009.11.10 13:14:43.870,0.8898,0.89005,4.10,3.20
2009.11.10 13:14:44.550,0.8898,0.89005,1.60,4.00
2009.11.10 13:14:44.890,0.8898,0.89005,3.20,4.00
2009.11.10 13:14:45.229,0.8898,0.89005,3.20,3.20
2009.11.10 13:14:45.619,0.8898,0.89005,3.20,4.80
2009.11.10 13:14:46.369,0.88975,0.89,3.20,3.20
2009.11.10 13:14:46.709,0.88975,0.89,6.40,3.20
2009.11.10 13:14:47.089,0.88975,0.89,2.70,3.20
2009.11.10 13:14:47.439,0.8898,0.89,2.40,1.00
2009.11.10 13:14:49.369,0.8898,0.89,1.00,3.20
2009.11.10 13:14:49.598,0.88975,0.8899,4.10,1.60
2009.11.10 13:14:49.889,0.8898,0.8899,1.00,1.60
2009.11.10 13:14:50.118,0.88975,0.8899,2.50,1.60
2009.11.10 13:14:50.298,0.88975,0.8899,2.40,1.60
2009.11.10 13:14:51.268,0.88975,0.8899,3.30,1.60
2009.11.10 13:14:51.608,0.88975,0.88995,3.30,1.60
2009.11.10 13:14:52.238,0.88975,0.88995,3.30,1.60
2009.11.10 13:14:52.878,0.88975,0.88985,1.00,1.60
2009.11.10 13:14:53.218,0.8897,0.88985,3.30,1.60
2009.11.10 13:14:53.567,0.8897,0.8899,4.00,1.60
2009.11.10 13:14:53.887,0.8897,0.8899,3.30,1.60
2009.11.10 13:14:55.257,0.8897,0.8899,3.50,1.60
2009.11.10 13:14:55.597,0.8897,0.8899,4.90,1.60
2009.11.10 13:14:55.867,0.8897,0.8899,4.10,1.60
2009.11.10 13:14:56.037,0.8897,0.8899,3.30,1.60
2009.11.10 13:14:56.627,0.8897,0.88985,3.30,1.60
2009.11.10 13:14:57.007,0.8897,0.8899,3.30,1.60
2009.11.10 13:14:57.337,0.8897,0.88995,3.30,4.90
2009.11.10 13:14:57.506,0.8897,0.88985,3.70,1.60
2009.11.10 13:14:57.686,0.88975,0.88995,4.00,2.40
2009.11.10 13:14:58.536,0.8898,0.88995,2.40,1.60
2009.11.10 13:14:58.756,0.8898,0.89,2.50,4.00
2009.11.10 13:14:59.106,0.88975,0.8899,3.20,1.60
2009.11.10 13:14:59.806,0.88975,0.8899,4.00,1.60
2009.11.10 13:15:00.506,0.88985,0.89005,4.00,1.00
2009.11.10 13:15:00.846,0.88985,0.8901,4.00,8.80
2009.11.10 13:15:01.186,0.8899,0.8901,2.40,4.80
2009.11.10 13:15:01.475,0.88985,0.8901,3.20,4.90
2009.11.10 13:15:01.825,0.88985,0.89005,4.00,1.60
2009.11.10 13:15:02.725,0.88985,0.89005,4.10,1.60
2009.11.10 13:15:03.115,0.8899,0.89005,3.20,1.60
2009.11.10 13:15:03.985,0.8899,0.89005,2.40,1.60
2009.11.10 13:15:05.035,0.8899,0.89005,3.20,1.60
2009.11.10 13:15:05.544,0.8899,0.89005,3.30,1.60
2009.11.10 13:15:06.214,0.8899,0.89005,4.00,1.60
2009.11.10 13:15:07.064,0.8899,0.89005,3.20,1.60
2009.11.10 13:15:07.294,0.8899,0.89005,2.40,1.60
2009.11.10 13:15:09.614,0.8899,0.89,2.40,1.60
2009.11.10 13:15:10.323,0.8899,0.89005,1.00,1.60
2009.11.10 13:15:10.555,0.8898,0.89005,7.20,4.80
2009.11.10 13:15:10.723,0.8898,0.89,7.30,1.60
2009.11.10 13:15:10.953,0.88985,0.89,2.40,1.60
2009.11.10 13:15:11.133,0.88985,0.89,2.50,1.60
2009.11.10 13:15:12.573,0.88985,0.89005,3.20,2.40
2009.11.10 13:15:14.822,0.88985,0.89005,8.10,1.60
2009.11.10 13:15:15.182,0.88985,0.89005,4.80,4.00
2009.11.10 13:15:15.472,0.88985,0.89005,1.00,4.00
2009.11.10 13:15:15.982,0.88985,0.89005,1.00,4.00
2009.11.10 13:15:16.202,0.88985,0.89005,3.20,1.60
2009.11.10 13:15:16.432,0.88985,0.89005,2.40,1.60
2009.11.10 13:15:16.662,0.88985,0.89005,3.20,1.60
2009.11.10 13:15:17.002,0.88985,0.89005,3.30,1.60
2009.11.10 13:15:17.332,0.88985,0.89005,2.50,1.60
2009.11.10 13:15:20.241,0.88985,0.89005,3.30,1.60
2009.11.10 13:15:20.301,0.88985,0.89005,5.00,1.60
2009.11.10 13:15:20.361,0.8899,0.8901,3.30,1.60
2009.11.10 13:15:20.891,0.8899,0.8901,4.10,1.60
2009.11.10 13:15:21.521,0.8899,0.8901,4.70,1.60
2009.11.10 13:15:22.980,0.8899,0.8901,8.70,1.60
2009.11.10 13:15:23.560,0.8899,0.8901,4.70,1.60
2009.11.10 13:15:23.900,0.8899,0.8901,8.70,1.60
2009.11.10 13:15:24.260,0.8899,0.8901,4.70,1.60
2009.11.10 13:15:25.130,0.8899,0.8901,9.50,1.60
2009.11.10 13:15:25.400,0.8899,0.8901,5.60,1.60
2009.11.10 13:15:25.460,0.88995,0.8901,1.00,1.60
2009.11.10 13:15:25.580,0.88995,0.8901,1.00,1.60
2009.11.10 13:15:26.270,0.8899,0.8901,4.70,1.60
2009.11.10 13:15:27.089,0.8899,0.8901,3.90,1.60
2009.11.10 13:15:27.849,0.8899,0.8901,4.10,1.60
2009.11.10 13:15:28.249,0.8899,0.8901,4.70,1.60
2009.11.10 13:15:29.379,0.8899,0.8901,5.50,1.60
2009.11.10 13:15:29.889,0.8899,0.89015,11.20,1.60
2009.11.10 13:15:34.647,0.88995,0.8901,2.90,1.60
2009.11.10 13:15:39.557,0.88995,0.89015,2.90,1.60
2009.11.10 13:15:40.076,0.88995,0.8902,2.90,5.70
2009.11.10 13:15:40.306,0.88995,0.89015,6.90,1.60
2009.11.10 13:15:40.516,0.88995,0.8901,6.90,1.60
2009.11.10 13:15:40.996,0.88995,0.8901,8.10,1.60
2009.11.10 13:15:41.236,0.88995,0.8901,2.50,1.60
2009.11.10 13:15:41.936,0.88995,0.8901,3.20,1.60
2009.11.10 13:15:42.276,0.88995,0.8901,2.50,1.60
2009.11.10 13:15:45.075,0.88995,0.8901,1.00,1.60
2009.11.10 13:15:46.085,0.88995,0.8901,2.50,1.60
2009.11.10 13:15:46.545,0.88995,0.8901,2.90,1.60
2009.11.10 13:15:46.955,0.88995,0.8901,2.50,1.60
2009.11.10 13:15:49.994,0.88995,0.8902,18.30,1.60
2009.11.10 13:15:50.104,0.88995,0.8902,19.10,2.40
2009.11.10 13:15:50.444,0.89,0.8902,2.80,2.40
2009.11.10 13:15:50.624,0.89,0.89025,2.90,2.40
2009.11.10 13:15:54.383,0.89,0.8902,4.80,1.60
2009.11.10 13:15:54.943,0.89,0.8902,5.60,1.60
2009.11.10 13:15:55.463,0.89,0.89025,4.80,2.50
2009.11.10 13:15:55.753,0.88995,0.8902,5.70,4.80
2009.11.10 13:15:55.972,0.88995,0.89015,5.70,1.60
2009.11.10 13:15:57.532,0.89,0.89015,2.50,1.60
2009.11.10 13:15:57.972,0.89,0.89015,2.40,1.60
2009.11.10 13:16:00.022,0.88995,0.8902,3.30,4.90
2009.11.10 13:16:00.551,0.88995,0.8901,1.00,1.60
2009.11.10 13:16:00.781,0.8899,0.8901,4.00,1.80
2009.11.10 13:16:01.131,0.88985,0.89005,4.00,1.70
2009.11.10 13:16:01.481,0.8898,0.89005,8.90,4.00
2009.11.10 13:16:01.831,0.8898,0.89005,8.90,1.60
2009.11.10 13:16:02.951,0.8898,0.89005,9.00,1.60
2009.11.10 13:16:03.531,0.88985,0.89005,2.40,2.70
2009.11.10 13:16:03.801,0.88985,0.89005,2.50,1.60
2009.11.10 13:16:04.031,0.88985,0.89005,2.40,1.60
2009.11.10 13:16:04.370,0.8898,0.89005,7.20,4.00
2009.11.10 13:16:05.570,0.8898,0.89005,7.20,2.40
2009.11.10 13:16:05.730,0.8898,0.8901,7.20,3.30
2009.11.10 13:16:05.910,0.8898,0.8901,7.20,2.50
2009.11.10 13:16:06.650,0.8898,0.8901,3.20,6.50
2009.11.10 13:16:07.040,0.8898,0.8901,2.40,8.80
2009.11.10 13:16:07.340,0.88985,0.8901,2.50,10.60
2009.11.10 13:16:09.139,0.88985,0.8901,2.50,10.00
2009.11.10 13:16:09.479,0.8898,0.8901,4.00,7.20
2009.11.10 13:16:09.649,0.8898,0.8901,3.20,10.40
2009.11.10 13:16:10.289,0.8898,0.8901,3.20,6.40
2009.11.10 13:16:10.469,0.8898,0.8901,3.20,6.50
2009.11.10 13:16:11.749,0.8898,0.8901,3.20,7.20
2009.11.10 13:16:11.969,0.8898,0.89005,3.20,2.40
2009.11.10 13:16:12.428,0.8898,0.89005,3.20,6.40
2009.11.10 13:16:13.128,0.88975,0.89005,8.10,6.40
2009.11.10 13:16:13.368,0.88975,0.89005,7.20,6.40
2009.11.10 13:16:13.668,0.88975,0.89005,3.20,6.40
2009.11.10 13:16:13.948,0.88975,0.89005,7.20,7.20
2009.11.10 13:16:14.648,0.88975,0.89005,7.20,3.20
2009.11.10 13:16:14.998,0.88975,0.89005,7.30,3.20
2009.11.10 13:16:17.207,0.88975,0.89005,7.20,3.20
2009.11.10 13:16:17.497,0.88975,0.89005,3.20,7.30
2009.11.10 13:16:17.797,0.88975,0.89005,2.40,9.00
2009.11.10 13:16:19.727,0.88975,0.89,2.40,7.20
2009.11.10 13:16:20.367,0.88975,0.89,3.20,5.80
2009.11.10 13:16:20.657,0.88975,0.89,4.00,8.90
2009.11.10 13:16:20.896,0.88975,0.89,2.40,17.70
2009.11.10 13:16:21.196,0.8897,0.88995,8.90,1.00
2009.11.10 13:16:21.886,0.8897,0.89,4.90,9.70
2009.11.10 13:16:22.236,0.8897,0.89,4.80,9.90
2009.11.10 13:16:22.356,0.8897,0.89,4.90,9.70
2009.11.10 13:16:22.526,0.8897,0.89,4.10,10.50
2009.11.10 13:16:22.916,0.8897,0.89,3.30,10.50
2009.11.10 13:16:23.086,0.8897,0.89,2.50,10.50
2009.11.10 13:16:23.706,0.8897,0.89,2.40,10.60
2009.11.10 13:16:24.406,0.8897,0.88995,3.30,3.20
2009.11.10 13:16:24.636,0.88975,0.89,2.40,8.40
2009.11.10 13:16:25.086,0.88975,0.89,2.40,10.80
2009.11.10 13:16:25.315,0.88975,0.88995,1.00,2.40
2009.11.10 13:16:27.095,0.8897,0.88995,2.50,3.40
2009.11.10 13:16:27.315,0.8897,0.88995,1.00,3.40
2009.11.10 13:16:28.574,0.8897,0.88995,1.00,10.00
2009.11.10 13:16:30.394,0.88965,0.88995,7.20,10.90
2009.11.10 13:16:30.734,0.88975,0.88995,1.00,8.80
2009.11.10 13:16:30.894,0.88975,0.8899,1.00,2.40
2009.11.10 13:16:31.364,0.88975,0.88995,1.70,7.20
2009.11.10 13:16:31.544,0.88975,0.88995,4.10,7.20
2009.11.10 13:16:31.654,0.88975,0.89,4.10,4.90
2009.11.10 13:16:32.174,0.88975,0.89,4.10,8.90
2009.11.10 13:16:32.524,0.88975,0.89,4.10,4.90
2009.11.10 13:16:32.864,0.88975,0.89,4.10,4.90
2009.11.10 13:16:33.103,0.88975,0.89,1.00,5.60
2009.11.10 13:16:33.603,0.88975,0.88995,1.00,3.20
2009.11.10 13:16:33.883,0.8897,0.88995,7.30,2.40
2009.11.10 13:16:34.223,0.88975,0.88995,1.00,1.00
2009.11.10 13:16:34.573,0.8897,0.89,7.20,11.60
2009.11.10 13:16:34.913,0.8897,0.89,3.20,11.60
2009.11.10 13:16:35.093,0.88975,0.89,1.00,11.30
2009.11.10 13:16:35.493,0.8897,0.88995,2.50,3.40
2009.11.10 13:16:35.653,0.8897,0.88995,2.50,2.40
2009.11.10 13:16:35.833,0.8897,0.8899,1.00,2.40
2009.11.10 13:16:36.343,0.88965,0.8899,9.20,2.40
2009.11.10 13:16:36.702,0.88965,0.88995,9.20,2.50
2009.11.10 13:16:37.792,0.8897,0.88995,1.00,2.40
2009.11.10 13:16:37.912,0.8897,0.88995,1.00,2.50
2009.11.10 13:16:40.382,0.8897,0.89,3.20,11.60
2009.11.10 13:16:41.641,0.8897,0.89,1.00,11.00
2009.11.10 13:16:41.861,0.8897,0.88995,4.40,1.00
2009.11.10 13:16:42.091,0.8897,0.88995,8.40,1.00
2009.11.10 13:16:42.941,0.8897,0.88995,8.40,1.00
2009.11.10 13:16:43.581,0.8897,0.88995,8.40,1.00
2009.11.10 13:16:45.790,0.8897,0.88995,7.60,1.00
2009.11.10 13:16:45.960,0.8897,0.88995,4.40,4.90
2009.11.10 13:16:46.190,0.8897,0.88995,5.70,3.30
2009.11.10 13:16:46.350,0.8897,0.88995,5.60,1.00
2009.11.10 13:16:47.200,0.88975,0.89,6.40,4.80
2009.11.10 13:16:47.540,0.8898,0.89,3.60,4.80
2009.11.10 13:16:47.890,0.88985,0.89005,7.20,4.80
2009.11.10 13:16:48.240,0.88985,0.8901,7.30,1.00
2009.11.10 13:16:48.860,0.88985,0.8901,3.30,4.80
2009.11.10 13:16:49.150,0.8899,0.89015,4.00,6.40
2009.11.10 13:16:49.490,0.8899,0.8901,1.00,2.40
2009.11.10 13:16:49.840,0.88985,0.89005,1.00,2.40
2009.11.10 13:16:50.129,0.88985,0.89005,1.00,2.40
2009.11.10 13:16:50.479,0.88985,0.89005,1.00,2.40
2009.11.10 13:16:51.579,0.8898,0.89,5.60,1.60
2009.11.10 13:16:53.538,0.8898,0.89,1.60,1.60
2009.11.10 13:16:56.418,0.8898,0.89,1.60,4.00
2009.11.10 13:16:56.818,0.8898,0.89,1.70,4.00
2009.11.10 13:16:57.168,0.8898,0.89,1.60,1.60
2009.11.10 13:16:57.807,0.8898,0.89,1.70,1.60
2009.11.10 13:16:58.148,0.8898,0.89,1.90,1.60
2009.11.10 13:16:58.907,0.8898,0.89,4.10,1.60
2009.11.10 13:16:59.787,0.88985,0.89,1.00,1.60
2009.11.10 13:17:02.926,0.88985,0.89005,3.20,1.60
2009.11.10 13:17:04.006,0.88985,0.89,3.20,1.60
2009.11.10 13:17:04.406,0.88985,0.89005,1.00,4.00
2009.11.10 13:17:04.756,0.88985,0.89005,3.20,4.00
2009.11.10 13:17:05.096,0.88985,0.89005,3.20,4.00
2009.11.10 13:17:05.276,0.88985,0.89005,3.30,4.00
2009.11.10 13:17:06.385,0.8899,0.89005,2.40,1.00
2009.11.10 13:17:06.897,0.8899,0.89005,2.40,4.80
2009.11.10 13:17:07.195,0.88985,0.89005,3.30,4.00
2009.11.10 13:17:07.435,0.88985,0.89005,2.40,4.00
2009.11.10 13:17:07.595,0.88985,0.89005,2.50,4.00
2009.11.10 13:17:07.705,0.88985,0.89005,1.00,4.00
2009.11.10 13:17:07.825,0.8898,0.89,4.10,1.60
2009.11.10 13:17:08.065,0.8898,0.89,4.10,1.60
2009.11.10 13:17:08.225,0.88985,0.89,1.00,1.60
2009.11.10 13:17:08.575,0.8898,0.89,4.10,1.60
2009.11.10 13:17:09.275,0.8898,0.89,3.50,1.60
2009.11.10 13:17:09.565,0.8898,0.88995,1.00,4.00
2009.11.10 13:17:09.845,0.8898,0.8899,1.00,1.60
2009.11.10 13:17:10.125,0.88975,0.8899,8.10,1.60
2009.11.10 13:17:10.415,0.88975,0.8899,6.40,1.60
2009.11.10 13:17:10.814,0.88975,0.89005,8.00,7.20
2009.11.10 13:17:11.164,0.88975,0.89,8.90,2.40
2009.11.10 13:17:11.504,0.88975,0.89,4.80,2.40
2009.11.10 13:17:11.734,0.8898,0.89,1.00,2.40
2009.11.10 13:17:12.014,0.8899,0.89005,1.00,4.00
2009.11.10 13:17:12.254,0.8899,0.8901,3.70,4.80
2009.11.10 13:17:12.554,0.8899,0.8901,3.70,1.00
2009.11.10 13:17:13.064,0.8899,0.89015,3.70,7.20
2009.11.10 13:17:13.234,0.8899,0.89015,2.90,7.20
2009.11.10 13:17:13.454,0.8899,0.89015,2.90,7.20
2009.11.10 13:17:13.804,0.8899,0.89015,3.30,8.00
2009.11.10 13:17:14.143,0.88995,0.8901,1.00,2.40
2009.11.10 13:17:14.483,0.89,0.89015,2.40,1.00
2009.11.10 13:17:14.823,0.88995,0.89015,3.30,3.20
2009.11.10 13:17:15.443,0.88995,0.89015,3.20,3.20
2009.11.10 13:17:16.593,0.88995,0.89015,3.20,2.40
2009.11.10 13:17:18.222,0.88995,0.89015,2.40,2.40
2009.11.10 13:17:18.562,0.88995,0.89015,3.20,2.40
2009.11.10 13:17:19.512,0.89,0.89025,2.40,7.20
2009.11.10 13:17:19.752,0.88995,0.89015,3.20,2.40
2009.11.10 13:17:20.042,0.88995,0.89015,3.30,2.40
2009.11.10 13:17:20.332,0.88995,0.89015,3.20,2.40
2009.11.10 13:17:20.562,0.88995,0.89015,4.80,2.40
2009.11.10 13:17:24.421,0.88995,0.89015,2.40,2.40
2009.11.10 13:17:24.751,0.88995,0.89015,3.20,2.40
2009.11.10 13:17:25.561,0.88995,0.8902,3.20,6.40
2009.11.10 13:17:28.370,0.88995,0.8902,4.80,6.40
2009.11.10 13:17:28.670,0.88995,0.8902,3.20,2.40
2009.11.10 13:17:28.960,0.88995,0.8902,3.20,6.40
2009.11.10 13:17:29.300,0.88995,0.8902,2.40,6.40
2009.11.10 13:17:29.630,0.89,0.8902,1.00,7.20
2009.11.10 13:17:29.960,0.88995,0.8902,3.20,6.40
2009.11.10 13:17:31.440,0.88995,0.8902,4.30,6.40
2009.11.10 13:17:31.799,0.88995,0.8902,4.90,6.40
2009.11.10 13:17:32.029,0.88995,0.8902,4.10,2.40
2009.11.10 13:17:32.209,0.88995,0.8902,4.00,6.40
2009.11.10 13:17:32.889,0.88995,0.8902,4.00,4.00
2009.11.10 13:17:33.349,0.88995,0.89025,4.00,7.20
2009.11.10 13:17:33.459,0.88995,0.89025,4.80,7.20
2009.11.10 13:17:33.789,0.88995,0.8902,4.80,5.00
2009.11.10 13:17:34.139,0.88995,0.89025,4.80,7.20
2009.11.10 13:17:34.499,0.88995,0.89025,4.90,7.20
2009.11.10 13:17:34.849,0.88995,0.89025,4.90,8.80
2009.11.10 13:17:35.128,0.88995,0.8902,4.10,2.40
2009.11.10 13:17:35.468,0.88995,0.8902,4.10,1.00
2009.11.10 13:17:35.738,0.88995,0.89025,4.90,6.40
2009.11.10 13:17:37.598,0.89,0.89025,2.40,6.40
2009.11.10 13:17:37.818,0.89,0.89025,3.30,6.40
2009.11.10 13:17:37.938,0.89,0.89025,4.10,6.40
2009.11.10 13:17:38.058,0.89,0.89025,4.00,6.40
2009.11.10 13:17:38.118,0.89,0.89025,3.20,6.50
2009.11.10 13:17:38.228,0.89,0.89025,1.00,6.50
2009.11.10 13:17:38.348,0.88995,0.89025,8.90,6.50
2009.11.10 13:17:38.408,0.88995,0.89025,8.90,2.50
2009.11.10 13:17:38.648,0.88995,0.89025,12.10,2.50
2009.11.10 13:17:38.997,0.89,0.89025,1.60,2.40
2009.11.10 13:17:40.007,0.89,0.89025,4.00,6.40
2009.11.10 13:17:40.397,0.8901,0.8903,3.20,8.80
2009.11.10 13:17:40.747,0.8901,0.8903,3.20,2.40
2009.11.10 13:17:41.557,0.8901,0.8903,3.20,6.40
2009.11.10 13:17:43.007,0.8901,0.8903,4.00,6.40
2009.11.10 13:17:48.446,0.89015,0.8903,6.40,4.00
2009.11.10 13:17:48.736,0.89015,0.8904,15.30,2.40
2009.11.10 13:17:49.015,0.89015,0.89045,12.90,6.50
2009.11.10 13:17:49.295,0.8902,0.8904,1.60,2.40
2009.11.10 13:17:49.655,0.89015,0.8904,8.90,2.40
2009.11.10 13:17:50.005,0.89015,0.8904,9.90,2.40
2009.11.10 13:17:50.365,0.8902,0.89045,1.00,6.40
2009.11.10 13:17:50.765,0.89015,0.89045,4.40,6.40
2009.11.10 13:17:51.525,0.89015,0.89045,6.10,6.40
2009.11.10 13:17:51.764,0.89015,0.8904,9.20,2.40
2009.11.10 13:17:52.055,0.89015,0.8904,3.60,2.40
2009.11.10 13:17:52.904,0.89015,0.8904,2.80,2.40
2009.11.10 13:17:53.194,0.89015,0.8904,1.00,2.40
2009.11.10 13:17:54.194,0.89015,0.8904,2.80,2.40
2009.11.10 13:17:54.544,0.89015,0.8904,1.00,2.40
2009.11.10 13:17:54.884,0.89015,0.8904,2.80,2.40
2009.11.10 13:17:55.224,0.89015,0.8904,6.80,2.40
2009.11.10 13:17:55.903,0.89015,0.8904,6.90,2.40
2009.11.10 13:17:56.254,0.89015,0.8904,10.90,2.40
2009.11.10 13:17:56.433,0.8902,0.89045,3.20,3.20
2009.11.10 13:17:56.833,0.8902,0.89045,7.20,3.20
2009.11.10 13:17:57.293,0.8902,0.89045,7.60,2.40
2009.11.10 13:17:57.593,0.89025,0.89045,4.00,2.40
2009.11.10 13:17:58.213,0.8902,0.89045,7.60,2.40
2009.11.10 13:17:59.083,0.8902,0.89045,10.80,2.40
2009.11.10 13:17:59.443,0.8903,0.89045,1.00,2.40
2009.11.10 13:17:59.793,0.8903,0.89055,3.20,3.20
2009.11.10 13:18:00.482,0.8903,0.89055,3.60,3.20
2009.11.10 13:18:00.772,0.89035,0.89055,2.40,7.20
2009.11.10 13:18:01.093,0.8903,0.89055,3.60,6.40
2009.11.10 13:18:01.392,0.8903,0.8905,1.00,2.40
2009.11.10 13:18:01.772,0.8903,0.8905,2.40,2.40
2009.11.10 13:18:02.122,0.89025,0.8905,8.10,2.40
2009.11.10 13:18:02.452,0.89025,0.8905,3.70,6.40
2009.11.10 13:18:02.632,0.89025,0.8905,1.30,6.40
2009.11.10 13:18:02.742,0.89025,0.8905,3.70,6.40
2009.11.10 13:18:02.902,0.89025,0.8905,3.60,6.40
2009.11.10 13:18:04.062,0.89025,0.8905,3.70,6.40
2009.11.10 13:18:04.922,0.89025,0.8905,3.60,6.40
2009.11.10 13:18:05.261,0.89025,0.89045,3.60,4.00
2009.11.10 13:18:06.451,0.89025,0.8905,3.60,6.40
2009.11.10 13:18:08.171,0.89025,0.8905,7.30,6.40
2009.11.10 13:18:08.400,0.89025,0.8905,7.30,4.00
2009.11.10 13:18:08.570,0.89025,0.89055,7.30,8.90
2009.11.10 13:18:09.340,0.89025,0.89055,7.40,8.90
2009.11.10 13:18:09.680,0.8903,0.89055,2.50,16.90
2009.11.10 13:18:10.020,0.8903,0.89055,2.40,8.80
2009.11.10 13:18:10.250,0.89025,0.89055,3.20,16.80
2009.11.10 13:18:10.540,0.89025,0.89055,3.60,16.80
2009.11.10 13:18:10.780,0.89025,0.8905,3.60,2.40
2009.11.10 13:18:11.010,0.89025,0.8905,3.70,2.40
2009.11.10 13:18:11.360,0.89025,0.8905,3.60,2.40
2009.11.10 13:18:11.710,0.89025,0.8905,3.70,2.40
2009.11.10 13:18:13.559,0.8903,0.8905,3.60,2.40
2009.11.10 13:18:13.909,0.8903,0.8905,3.60,6.40
2009.11.10 13:18:14.949,0.8903,0.8905,3.60,2.40
2009.11.10 13:18:15.909,0.8903,0.8905,2.80,6.40
2009.11.10 13:18:16.019,0.89025,0.8905,4.90,6.40
2009.11.10 13:18:16.359,0.89025,0.8905,5.00,6.40
2009.11.10 13:18:17.618,0.89025,0.8905,1.20,6.40
2009.11.10 13:18:17.958,0.89025,0.8905,1.70,6.40
2009.11.10 13:18:18.198,0.89025,0.8905,3.50,6.40
2009.11.10 13:18:18.368,0.89025,0.89055,5.90,8.80
2009.11.10 13:18:18.588,0.8903,0.89055,1.00,12.00
2009.11.10 13:18:18.938,0.8903,0.89055,4.10,8.00
2009.11.10 13:18:19.288,0.8903,0.89055,3.90,6.40
2009.11.10 13:18:19.628,0.8903,0.89055,2.90,8.00
2009.11.10 13:18:19.968,0.8903,0.89055,2.50,8.00
2009.11.10 13:18:20.318,0.8903,0.89055,1.90,8.00
2009.11.10 13:18:20.788,0.8903,0.8905,1.90,4.00
2009.11.10 13:18:20.958,0.8903,0.89055,1.10,8.00
2009.11.10 13:18:21.647,0.8903,0.89055,1.00,8.10
2009.11.10 13:18:21.807,0.8903,0.89055,3.30,16.10
2009.11.10 13:18:22.147,0.8903,0.89055,1.00,8.00
2009.11.10 13:18:22.847,0.8903,0.89055,11.40,1.60
2009.11.10 13:18:23.187,0.8903,0.8906,11.40,4.00
2009.11.10 13:18:23.527,0.89035,0.8906,3.30,9.20
2009.11.10 13:18:23.877,0.89035,0.8906,4.10,16.50
2009.11.10 13:18:24.237,0.89035,0.89055,1.00,6.40
2009.11.10 13:18:24.587,0.89035,0.89055,1.00,2.40
2009.11.10 13:18:24.917,0.89035,0.89055,1.00,6.40
2009.11.10 13:18:25.256,0.89035,0.89055,1.00,2.40
2009.11.10 13:18:25.956,0.8903,0.89055,2.50,2.40
2009.11.10 13:18:26.126,0.8903,0.89055,1.00,2.40
2009.11.10 13:18:26.866,0.8903,0.89055,3.70,2.40
2009.11.10 13:18:27.386,0.8903,0.89055,2.50,2.40
2009.11.10 13:18:27.736,0.8903,0.89055,1.00,2.50
2009.11.10 13:18:28.086,0.8903,0.89055,4.90,2.40
2009.11.10 13:18:28.426,0.89035,0.8906,5.30,7.30
2009.11.10 13:18:28.816,0.89035,0.8906,5.30,3.30
2009.11.10 13:18:29.506,0.89035,0.8906,5.30,7.30
2009.11.10 13:18:29.805,0.89035,0.8906,1.00,6.50
2009.11.10 13:18:30.205,0.89035,0.8906,1.00,6.50
2009.11.10 13:18:30.675,0.89035,0.8906,5.70,4.00
2009.11.10 13:18:30.955,0.89035,0.89065,6.50,8.90
2009.11.10 13:18:31.935,0.8904,0.8906,2.40,1.00
2009.11.10 13:18:33.364,0.8904,0.8906,3.20,1.00
2009.11.10 13:18:33.644,0.89045,0.89065,2.40,8.90
2009.11.10 13:18:33.994,0.89035,0.89065,9.70,5.70
2009.11.10 13:18:34.294,0.89035,0.89065,5.70,9.70
2009.11.10 13:18:34.984,0.89035,0.8906,6.40,1.00
2009.11.10 13:18:35.964,0.89035,0.89065,5.70,9.70
2009.11.10 13:18:36.934,0.89035,0.8906,5.70,1.00
2009.11.10 13:18:41.492,0.89035,0.8906,5.60,1.00
2009.11.10 13:18:41.543,0.8904,0.8906,2.40,1.00
2009.11.10 13:18:42.352,0.8904,0.89065,2.40,9.70
2009.11.10 13:18:42.692,0.8904,0.89065,1.00,17.20
2009.11.10 13:18:43.082,0.89035,0.89065,3.60,16.10
2009.11.10 13:18:43.352,0.89035,0.89065,3.20,8.50
2009.11.10 13:18:43.592,0.89035,0.89065,3.20,16.60
2009.11.10 13:18:44.592,0.8903,0.8906,9.70,6.50
2009.11.10 13:18:44.952,0.8903,0.89055,7.20,2.40
2009.11.10 13:18:45.292,0.8903,0.89055,3.20,2.40
2009.11.10 13:18:45.911,0.8903,0.89055,3.20,6.40
2009.11.10 13:18:46.951,0.89025,0.8905,4.30,2.50
2009.11.10 13:18:47.291,0.8903,0.89055,2.40,6.40
2009.11.10 13:18:47.401,0.8903,0.89055,2.40,10.40
2009.11.10 13:18:48.551,0.8903,0.8905,2.80,4.00
2009.11.10 13:18:49.251,0.8903,0.8905,2.90,4.00
2009.11.10 13:18:49.471,0.89035,0.8905,1.00,4.00
2009.11.10 13:18:49.821,0.89035,0.89055,1.00,4.00
2009.11.10 13:18:51.110,0.89035,0.89055,4.10,4.00
2009.11.10 13:18:51.270,0.89035,0.89055,5.10,4.00
2009.11.10 13:18:51.390,0.89035,0.89055,1.00,4.00
2009.11.10 13:18:51.560,0.89035,0.8906,1.00,4.00
2009.11.10 13:18:52.620,0.89035,0.8906,1.00,4.10
2009.11.10 13:18:54.270,0.89035,0.8906,1.00,4.00
2009.11.10 13:18:54.499,0.8903,0.8906,4.50,4.10
2009.11.10 13:18:54.679,0.8903,0.89055,4.50,4.00
2009.11.10 13:18:54.899,0.8903,0.8906,4.50,4.10
2009.11.10 13:18:55.250,0.89035,0.89065,1.00,23.00
2009.11.10 13:18:55.579,0.89035,0.89065,1.00,19.00
2009.11.10 13:18:56.909,0.8903,0.8906,8.50,1.00
2009.11.10 13:18:57.248,0.8903,0.8906,4.50,4.10
2009.11.10 13:18:57.409,0.8903,0.8906,8.50,1.00
2009.11.10 13:18:58.289,0.89035,0.89065,1.00,19.00
2009.11.10 13:18:58.458,0.8903,0.8906,8.10,2.40
2009.11.10 13:18:58.628,0.8903,0.8906,8.90,6.40
2009.11.10 13:18:58.788,0.8903,0.8906,9.30,10.40
2009.11.10 13:18:58.968,0.8903,0.89055,9.30,4.00
2009.11.10 13:18:59.148,0.8903,0.8906,9.30,6.40
2009.11.10 13:18:59.998,0.8903,0.8906,8.50,6.40
2009.11.10 13:19:00.638,0.8903,0.89055,8.00,1.00
2009.11.10 13:19:00.808,0.8903,0.89055,3.20,4.10
2009.11.10 13:19:01.048,0.8903,0.89055,7.20,1.70
2009.11.10 13:19:01.228,0.89025,0.89055,14.30,8.90
2009.11.10 13:19:01.618,0.89025,0.89055,11.90,8.90
2009.11.10 13:19:07.217,0.8903,0.89055,1.00,8.80
2009.11.10 13:19:07.566,0.8903,0.89055,1.00,8.80
2009.11.10 13:19:08.156,0.89025,0.89055,11.50,8.90
2009.11.10 13:19:09.246,0.89025,0.8905,11.90,4.00
2009.11.10 13:19:10.066,0.89025,0.89055,11.90,8.90
2009.11.10 13:19:11.865,0.89025,0.89055,11.50,8.90
2009.11.10 13:19:11.985,0.89025,0.89055,11.70,8.80
2009.11.10 13:19:12.255,0.89025,0.89055,11.50,8.90
2009.11.10 13:19:12.365,0.8903,0.89055,1.00,8.80
2009.11.10 13:19:13.835,0.8903,0.89055,4.00,12.00
2009.11.10 13:19:14.235,0.8903,0.89055,4.80,12.00
2009.11.10 13:19:14.465,0.8903,0.89055,4.00,4.00
2009.11.10 13:19:14.685,0.8903,0.89055,8.00,4.00
2009.11.10 13:19:15.034,0.89035,0.8906,6.80,4.00
2009.11.10 13:19:15.714,0.89035,0.8906,1.00,6.40
2009.11.10 13:19:15.884,0.89035,0.8906,4.00,6.40
2009.11.10 13:19:16.064,0.8903,0.8906,7.20,14.40
2009.11.10 13:19:16.234,0.8903,0.89055,7.30,4.00
2009.11.10 13:19:16.414,0.8903,0.89055,7.20,4.00
2009.11.10 13:19:16.594,0.8903,0.89055,3.20,4.00
2009.11.10 13:19:17.124,0.8903,0.89055,4.00,4.00
2009.11.10 13:19:17.464,0.8903,0.89055,3.20,4.00
2009.11.10 13:19:17.814,0.8903,0.89055,1.00,9.20
2009.11.10 13:19:18.454,0.8903,0.89055,1.00,10.10
2009.11.10 13:19:18.624,0.8903,0.89055,1.00,18.00
2009.11.10 13:19:18.744,0.8903,0.89055,1.00,10.00
2009.11.10 13:19:19.783,0.8903,0.89055,1.00,18.00
2009.11.10 13:19:20.303,0.8903,0.89055,3.20,14.40
2009.11.10 13:19:20.633,0.8903,0.89055,4.00,4.00
2009.11.10 13:19:20.793,0.8903,0.89055,5.70,4.00
2009.11.10 13:19:21.143,0.89035,0.8906,3.20,8.10
2009.11.10 13:19:21.483,0.89035,0.8906,6.40,9.30
2009.11.10 13:19:21.843,0.89035,0.8906,2.40,9.30
2009.11.10 13:19:22.643,0.89035,0.8906,2.50,9.30
2009.11.10 13:19:23.512,0.89035,0.89055,6.50,2.40
2009.11.10 13:19:24.202,0.89035,0.89055,4.10,4.00
2009.11.10 13:19:24.492,0.8904,0.89055,2.40,4.00
2009.11.10 13:19:24.732,0.8904,0.89055,4.80,4.00
2009.11.10 13:19:25.452,0.8904,0.89055,4.80,2.40
2009.11.10 13:19:25.682,0.89035,0.89055,2.40,2.40
2009.11.10 13:19:25.902,0.89035,0.89055,6.40,2.40
2009.11.10 13:19:27.062,0.89035,0.89055,6.50,2.40
2009.11.10 13:19:27.401,0.89035,0.89055,2.50,2.40
2009.11.10 13:19:29.131,0.89035,0.89055,4.10,2.40
2009.11.10 13:19:29.351,0.89035,0.8906,6.80,4.00
2009.11.10 13:19:29.581,0.8904,0.89065,4.80,8.10
2009.11.10 13:19:29.921,0.8904,0.8906,3.20,4.00
2009.11.10 13:19:30.571,0.89045,0.89065,2.40,8.10
2009.11.10 13:19:31.790,0.8904,0.89065,11.20,8.10
2009.11.10 13:19:32.141,0.8904,0.89065,9.30,4.10
2009.11.10 13:19:33.180,0.8904,0.89065,9.30,8.10
2009.11.10 13:19:33.960,0.8904,0.89065,9.30,4.10
2009.11.10 13:19:34.300,0.8904,0.89065,9.30,4.90
2009.11.10 13:19:34.690,0.89035,0.89065,8.50,9.80
2009.11.10 13:19:35.030,0.8904,0.89065,1.60,10.00
2009.11.10 13:19:35.259,0.8904,0.89065,2.00,8.10
2009.11.10 13:19:35.549,0.89035,0.89065,8.90,10.00
2009.11.10 13:19:35.830,0.89035,0.89065,9.30,10.00
2009.11.10 13:19:38.449,0.89035,0.89065,8.90,8.90
2009.11.10 13:19:38.769,0.8904,0.89065,2.40,8.90
2009.11.10 13:19:39.099,0.8904,0.89065,2.40,8.90
2009.11.10 13:19:39.858,0.8904,0.89055,2.90,1.60
2009.11.10 13:19:40.018,0.8904,0.89055,2.40,1.60
2009.11.10 13:19:43.938,0.89035,0.8905,8.10,1.60
2009.11.10 13:19:44.217,0.89035,0.8905,7.30,1.60
2009.11.10 13:19:44.907,0.89035,0.8905,7.20,1.60
2009.11.10 13:19:45.267,0.89035,0.8905,7.30,1.60
2009.11.10 13:19:46.237,0.89035,0.8905,3.30,1.60
2009.11.10 13:19:47.507,0.89035,0.89055,1.00,8.00
2009.11.10 13:19:47.837,0.8903,0.89055,3.20,8.00
2009.11.10 13:19:47.896,0.8903,0.89045,2.40,1.60
2009.11.10 13:19:48.366,0.8903,0.89045,3.10,1.60
2009.11.10 13:19:50.776,0.8903,0.89045,2.40,1.60
2009.11.10 13:19:51.016,0.8903,0.89045,2.50,1.60
2009.11.10 13:19:51.246,0.8903,0.89045,2.40,1.60
2009.11.10 13:19:51.476,0.8903,0.89045,2.50,1.60
2009.11.10 13:19:51.766,0.8903,0.89045,3.30,1.60
2009.11.10 13:19:52.795,0.8903,0.89045,3.20,1.60
2009.11.10 13:19:53.035,0.8903,0.89045,3.30,1.60
2009.11.10 13:19:53.255,0.8903,0.89045,3.20,1.60
2009.11.10 13:19:53.435,0.8903,0.89045,3.30,1.60
2009.11.10 13:19:53.665,0.8903,0.89045,3.20,1.60
2009.11.10 13:19:54.836,0.89035,0.8905,2.40,1.60
2009.11.10 13:19:55.125,0.8903,0.8905,2.50,1.60
2009.11.10 13:19:55.355,0.8903,0.89055,2.50,8.80
2009.11.10 13:19:55.585,0.8903,0.89045,2.90,1.60
2009.11.10 13:19:56.555,0.8903,0.89045,3.30,1.60
2009.11.10 13:19:56.774,0.8903,0.89045,2.50,1.60
2009.11.10 13:19:58.204,0.8904,0.89055,2.40,5.60
2009.11.10 13:19:58.484,0.89035,0.8905,2.40,5.60
2009.11.10 13:19:58.764,0.89035,0.8905,2.40,1.60
2009.11.10 13:20:00.523,0.89035,0.8905,3.20,1.60
2009.11.10 13:20:01.003,0.8904,0.89055,2.40,1.60
2009.11.10 13:20:01.953,0.8905,0.89065,1.00,8.90
2009.11.10 13:20:02.193,0.8905,0.8906,1.00,1.60
2009.11.10 13:20:02.473,0.8905,0.89055,2.40,4.00
2009.11.10 13:20:02.763,0.8905,0.89065,2.40,1.60
2009.11.10 13:20:05.372,0.89055,0.89065,2.40,1.60
2009.11.10 13:20:05.663,0.8905,0.89065,1.00,1.60
2009.11.10 13:20:05.942,0.8905,0.89065,1.00,1.60
2009.11.10 13:20:06.102,0.89045,0.89065,3.30,5.60
2009.11.10 13:20:06.902,0.89045,0.89065,3.30,1.60
2009.11.10 13:20:07.262,0.89045,0.89065,4.10,5.60
2009.11.10 13:20:09.821,0.89045,0.89065,4.10,1.60
2009.11.10 13:20:09.991,0.89045,0.89065,4.90,1.60
2009.11.10 13:20:10.341,0.89055,0.8907,2.40,5.60
2009.11.10 13:20:10.681,0.89045,0.8907,7.20,8.00
2009.11.10 13:20:10.981,0.89045,0.8906,3.20,1.60
2009.11.10 13:20:12.341,0.89045,0.8906,2.40,1.60
2009.11.10 13:20:13.490,0.89045,0.8906,6.40,1.60
2009.11.10 13:20:13.710,0.89045,0.89065,6.80,1.60
2009.11.10 13:20:14.300,0.89045,0.89065,3.60,1.60
2009.11.10 13:20:14.540,0.89045,0.89065,4.00,1.60
2009.11.10 13:20:14.950,0.89045,0.89065,8.10,1.60
2009.11.10 13:20:16.130,0.89045,0.89065,7.70,1.60
2009.11.10 13:20:18.249,0.89045,0.89065,3.70,1.60
2009.11.10 13:20:19.079,0.89045,0.8907,6.50,6.40
2009.11.10 13:20:19.369,0.8905,0.8907,7.60,2.40
2009.11.10 13:20:19.649,0.89055,0.8907,4.80,1.60
2009.11.10 13:20:20.009,0.89055,0.8907,7.20,1.60
2009.11.10 13:20:20.349,0.89055,0.89065,4.00,1.60
2009.11.10 13:20:20.629,0.89055,0.8906,4.00,1.60
2009.11.10 13:20:21.369,0.89045,0.8906,7.20,1.60
2009.11.10 13:20:21.878,0.89045,0.8906,4.80,1.60
2009.11.10 13:20:22.218,0.8904,0.89065,10.10,3.20
2009.11.10 13:20:22.548,0.8904,0.89065,8.00,1.00
2009.11.10 13:20:22.878,0.89045,0.89065,6.40,1.00
2009.11.10 13:20:23.228,0.89045,0.89065,2.40,4.80
2009.11.10 13:20:25.328,0.8905,0.89065,1.00,4.80
2009.11.10 13:20:25.548,0.8905,0.89065,3.70,4.80
2009.11.10 13:20:25.778,0.8905,0.89065,3.70,4.00
2009.11.10 13:20:26.008,0.8905,0.8907,3.70,4.00
2009.11.10 13:20:26.237,0.8905,0.8907,2.90,4.00
2009.11.10 13:20:26.398,0.8905,0.8907,1.00,4.00
2009.11.10 13:20:26.777,0.89045,0.8907,9.30,4.00
2009.11.10 13:20:27.007,0.89045,0.89075,9.30,5.60
2009.11.10 13:20:27.757,0.89045,0.89075,9.20,8.10
2009.11.10 13:20:28.107,0.89045,0.89075,8.10,11.30
2009.11.10 13:20:28.497,0.89045,0.89075,8.00,19.40
2009.11.10 13:20:28.777,0.89055,0.8907,2.40,4.00
2009.11.10 13:20:29.397,0.89055,0.89075,2.40,8.80
2009.11.10 13:20:29.737,0.89055,0.89075,2.40,4.80
2009.11.10 13:20:30.076,0.8905,0.89075,2.50,9.80
2009.11.10 13:20:30.426,0.8905,0.89075,2.50,10.60
2009.11.10 13:20:30.766,0.8905,0.89075,3.30,12.80
2009.11.10 13:20:31.126,0.8905,0.89075,3.20,4.80
2009.11.10 13:20:31.486,0.89045,0.89075,8.90,4.90
2009.11.10 13:20:31.816,0.89045,0.89075,8.90,12.90
2009.11.10 13:20:32.106,0.89045,0.89075,8.10,10.00
2009.11.10 13:20:32.406,0.89045,0.89075,8.10,10.80
2009.11.10 13:20:32.586,0.89045,0.89075,8.10,12.40
2009.11.10 13:20:32.986,0.89045,0.89075,8.10,20.40
2009.11.10 13:20:33.166,0.89045,0.89075,8.00,18.40
2009.11.10 13:20:33.386,0.89045,0.8907,8.10,4.80
2009.11.10 13:20:36.525,0.8905,0.89075,4.10,4.90
2009.11.10 13:20:36.885,0.8905,0.89075,4.00,6.50
2009.11.10 13:20:37.225,0.8905,0.89075,4.10,4.00
2009.11.10 13:20:37.615,0.89055,0.89075,1.00,4.00
2009.11.10 13:20:38.014,0.89055,0.89075,1.00,4.80
2009.11.10 13:20:39.904,0.89055,0.89075,1.00,7.20
2009.11.10 13:20:40.194,0.8905,0.89075,3.30,7.20
2009.11.10 13:20:40.954,0.8905,0.8907,2.50,4.80
2009.11.10 13:20:41.184,0.8905,0.8907,2.50,1.00
2009.11.10 13:20:41.584,0.8905,0.8907,2.40,1.00
2009.11.10 13:20:41.813,0.89045,0.8907,9.30,3.20
2009.11.10 13:20:42.044,0.89045,0.8907,8.50,7.20
2009.11.10 13:20:42.403,0.89045,0.8907,8.50,3.20
2009.11.10 13:20:42.973,0.89045,0.8907,8.50,3.30
2009.11.10 13:20:44.333,0.89045,0.8907,7.70,3.30
2009.11.10 13:20:44.573,0.89045,0.8907,7.70,7.30
2009.11.10 13:20:45.493,0.89045,0.8907,3.70,7.30
2009.11.10 13:20:45.882,0.89045,0.8907,7.70,7.30
2009.11.10 13:20:46.283,0.89045,0.8907,3.70,7.30
2009.11.10 13:20:46.513,0.89045,0.8907,7.70,7.30
2009.11.10 13:20:47.272,0.89045,0.8907,7.30,7.30
2009.11.10 13:20:47.612,0.89045,0.8907,2.50,7.30
2009.11.10 13:20:47.952,0.89045,0.8907,2.50,7.20
2009.11.10 13:20:48.292,0.89045,0.8907,6.50,7.30
2009.11.10 13:20:48.642,0.89045,0.8907,7.20,7.30
2009.11.10 13:20:48.932,0.89045,0.8907,6.50,7.20
2009.11.10 13:20:49.912,0.89045,0.8907,6.50,7.30
2009.11.10 13:20:50.431,0.89045,0.8907,6.50,8.10
2009.11.10 13:20:50.871,0.89045,0.8907,6.40,7.30
2009.11.10 13:20:51.351,0.89045,0.89065,2.40,1.00
2009.11.10 13:20:51.631,0.89045,0.89065,6.40,1.00
2009.11.10 13:20:51.911,0.89045,0.89065,6.50,1.00
2009.11.10 13:20:52.201,0.89045,0.8907,6.50,7.30
2009.11.10 13:20:52.431,0.89045,0.8907,7.30,7.30
2009.11.10 13:20:52.711,0.89045,0.8907,7.60,7.30
2009.11.10 13:20:53.411,0.89045,0.8907,3.60,7.30
2009.11.10 13:20:53.521,0.89045,0.8907,4.40,7.30
2009.11.10 13:20:53.741,0.89045,0.8907,4.10,7.30
2009.11.10 13:20:54.091,0.89045,0.8907,8.10,7.30
2009.11.10 13:20:57.720,0.89045,0.8907,7.30,7.20
2009.11.10 13:20:57.890,0.8905,0.8907,2.40,4.00
2009.11.10 13:20:58.649,0.8905,0.89075,2.40,8.90
2009.11.10 13:20:58.810,0.8905,0.89075,2.50,8.90
2009.11.10 13:20:58.920,0.8905,0.89075,6.50,8.90
2009.11.10 13:20:59.549,0.8905,0.89075,2.50,8.90
2009.11.10 13:21:01.469,0.8905,0.89075,2.50,9.70
2009.11.10 13:21:01.639,0.8905,0.89075,2.50,13.70
2009.11.10 13:21:02.049,0.8905,0.89065,2.50,4.00
2009.11.10 13:21:02.949,0.8905,0.89065,3.30,4.00
2009.11.10 13:21:03.169,0.8905,0.89065,2.40,4.00
2009.11.10 13:21:04.338,0.89045,0.89065,4.00,4.00
2009.11.10 13:21:04.618,0.89045,0.89065,6.50,4.00
2009.11.10 13:21:04.838,0.89045,0.89065,5.00,4.00
2009.11.10 13:21:05.078,0.8905,0.8907,2.40,6.40
2009.11.10 13:21:05.478,0.8905,0.8907,2.40,12.00
2009.11.10 13:21:06.618,0.8905,0.89065,2.50,4.00
2009.11.10 13:21:07.087,0.8905,0.8907,2.50,7.20
2009.11.10 13:21:07.307,0.8905,0.89065,2.50,4.00
2009.11.10 13:21:07.597,0.89045,0.89065,3.20,4.00
2009.11.10 13:21:08.987,0.89045,0.89065,2.40,4.80
2009.11.10 13:21:09.217,0.89045,0.89065,3.20,4.80
2009.11.10 13:21:09.737,0.89045,0.89065,2.50,4.80
2009.11.10 13:21:10.007,0.89055,0.89065,1.60,4.80
2009.11.10 13:21:10.237,0.89055,0.8907,1.60,4.80
2009.11.10 13:21:10.946,0.8905,0.8907,4.00,7.20
2009.11.10 13:21:11.117,0.8905,0.8907,4.10,7.20
2009.11.10 13:21:11.926,0.8905,0.8907,4.10,15.20
2009.11.10 13:21:12.097,0.8905,0.8907,4.10,7.20
2009.11.10 13:21:12.436,0.89055,0.8907,1.60,4.80
2009.11.10 13:21:12.726,0.8905,0.8907,4.10,7.20
2009.11.10 13:21:18.136,0.8905,0.8907,1.60,7.20
2009.11.10 13:21:18.425,0.89045,0.89065,4.00,3.20
2009.11.10 13:21:18.595,0.8904,0.8906,6.50,2.40
2009.11.10 13:21:18.915,0.8904,0.8906,1.00,8.00
2009.11.10 13:21:19.265,0.8904,0.8906,2.40,5.60
2009.11.10 13:21:19.665,0.8904,0.8906,2.40,4.80
2009.11.10 13:21:20.364,0.8904,0.8906,2.50,8.80
2009.11.10 13:21:20.704,0.8904,0.89055,4.10,4.00
2009.11.10 13:21:20.824,0.8904,0.89065,2.50,8.90
2009.11.10 13:21:21.614,0.8904,0.89065,1.00,10.10
2009.11.10 13:21:21.854,0.8904,0.89065,1.00,10.10
2009.11.10 13:21:26.193,0.8904,0.8906,1.00,2.40
2009.11.10 13:21:26.483,0.8904,0.89065,4.10,8.90
2009.11.10 13:21:26.753,0.8904,0.8906,1.00,2.40
2009.11.10 13:21:27.053,0.8904,0.8906,4.10,2.40
2009.11.10 13:21:27.622,0.8904,0.8906,1.00,2.40
2009.11.10 13:21:29.802,0.8904,0.89065,2.50,8.90
2009.11.10 13:21:31.002,0.89035,0.89065,7.20,10.10
2009.11.10 13:21:31.292,0.8903,0.89055,7.30,4.10
2009.11.10 13:21:31.582,0.8903,0.89055,7.30,8.10
2009.11.10 13:21:31.811,0.8903,0.89055,3.30,8.10
2009.11.10 13:21:32.041,0.8903,0.89055,3.30,8.90
2009.11.10 13:21:32.311,0.8903,0.89055,4.90,8.90
2009.11.10 13:21:32.661,0.8903,0.89055,7.30,8.90
2009.11.10 13:21:33.001,0.8903,0.89055,3.30,8.90
2009.11.10 13:21:33.351,0.8903,0.8905,1.00,2.40
2009.11.10 13:21:38.110,0.8903,0.89055,10.50,4.00
2009.11.10 13:21:38.400,0.89035,0.89055,4.00,4.00
2009.11.10 13:21:38.920,0.89035,0.89055,4.10,4.00
2009.11.10 13:21:39.210,0.89035,0.8906,8.10,7.30
2009.11.10 13:21:39.850,0.89035,0.89055,8.10,1.60
2009.11.10 13:21:40.070,0.89035,0.89055,7.30,1.60
2009.11.10 13:21:40.289,0.89035,0.89055,6.50,1.00
2009.11.10 13:21:40.450,0.89035,0.8906,6.50,7.20
2009.11.10 13:21:40.789,0.89035,0.8906,6.50,7.30
2009.11.10 13:21:42.289,0.89035,0.8906,6.50,7.30
2009.11.10 13:21:44.009,0.89035,0.8906,4.10,8.10
2009.11.10 13:21:44.298,0.89035,0.8906,1.00,8.90
2009.11.10 13:21:44.698,0.8903,0.8906,8.90,10.20
2009.11.10 13:21:44.909,0.8903,0.8906,7.30,10.10
2009.11.10 13:21:45.138,0.8903,0.8906,7.30,19.80
2009.11.10 13:21:49.207,0.8903,0.89055,4.90,6.50
2009.11.10 13:21:49.447,0.89035,0.8906,4.10,7.20
2009.11.10 13:21:49.857,0.89035,0.8906,7.20,7.20
2009.11.10 13:21:50.137,0.89035,0.8906,2.40,14.40
2009.11.10 13:21:50.487,0.89035,0.8906,2.50,6.40
2009.11.10 13:21:51.397,0.89035,0.8906,2.50,7.20
2009.11.10 13:21:52.067,0.89035,0.8906,3.30,7.20
2009.11.10 13:21:52.296,0.89035,0.8906,6.90,6.40
2009.11.10 13:21:52.527,0.89045,0.89065,3.20,8.80
2009.11.10 13:21:52.756,0.89045,0.89065,2.50,4.80
2009.11.10 13:21:52.996,0.89045,0.89065,2.50,1.00
2009.11.10 13:21:54.156,0.8904,0.89065,7.70,7.20
2009.11.10 13:21:54.326,0.8904,0.89065,7.30,7.20
2009.11.10 13:21:54.906,0.8904,0.89065,7.30,7.30
2009.11.10 13:21:55.126,0.8904,0.89065,3.30,7.30
2009.11.10 13:21:55.296,0.8904,0.89065,4.10,4.80
2009.11.10 13:21:55.646,0.8904,0.89065,8.10,4.80
2009.11.10 13:21:56.046,0.89045,0.89065,3.20,4.80
2009.11.10 13:21:56.915,0.89045,0.89065,3.30,4.80
2009.11.10 13:21:57.185,0.89045,0.89065,3.30,1.00
2009.11.10 13:21:57.765,0.8905,0.89065,1.60,1.00
2009.11.10 13:22:00.165,0.89045,0.89065,6.50,1.00
2009.11.10 13:22:00.284,0.89055,0.8907,1.60,7.30
2009.11.10 13:22:00.694,0.8905,0.8907,1.60,7.30
2009.11.10 13:22:00.975,0.8905,0.8907,1.60,7.20
2009.11.10 13:22:02.574,0.89045,0.89065,5.60,2.40
2009.11.10 13:22:02.854,0.89045,0.89065,5.60,3.20
2009.11.10 13:22:03.544,0.89045,0.89065,1.60,3.20
2009.11.10 13:22:03.994,0.89045,0.89065,1.60,3.30
2009.11.10 13:22:06.183,0.89045,0.89065,1.60,3.20
2009.11.10 13:22:06.523,0.89045,0.89065,1.60,1.00
2009.11.10 13:22:07.243,0.89045,0.8907,2.40,9.70
2009.11.10 13:22:07.913,0.89045,0.8907,2.50,9.70
2009.11.10 13:22:08.083,0.89045,0.8907,2.40,9.70
2009.11.10 13:22:08.263,0.89045,0.8907,2.40,9.70
2009.11.10 13:22:09.762,0.89045,0.89065,2.40,2.40
2009.11.10 13:22:10.002,0.89045,0.89065,2.40,2.50
2009.11.10 13:22:10.233,0.89045,0.89065,2.40,2.40
2009.11.10 13:22:10.452,0.89045,0.8907,5.60,7.20
2009.11.10 13:22:10.632,0.8905,0.8907,4.10,1.00
2009.11.10 13:22:10.872,0.8905,0.8907,4.90,4.00
2009.11.10 13:22:12.782,0.89055,0.89075,5.60,8.00
2009.11.10 13:22:12.842,0.89065,0.89075,1.60,4.00
2009.11.10 13:22:14.381,0.89055,0.89075,2.40,6.40
2009.11.10 13:22:15.011,0.89055,0.89075,2.40,6.50
2009.11.10 13:22:15.351,0.89055,0.89075,2.40,14.50
2009.11.10 13:22:16.651,0.89055,0.89075,2.40,6.50
2009.11.10 13:22:17.910,0.89055,0.89075,2.40,6.40
2009.11.10 13:22:18.190,0.89055,0.89075,2.40,4.00
2009.11.10 13:22:19.900,0.8906,0.8908,1.60,8.10
2009.11.10 13:22:20.130,0.8906,0.8908,1.60,4.90
2009.11.10 13:22:20.300,0.8906,0.8908,1.60,4.10
2009.11.10 13:22:20.540,0.8905,0.89075,3.20,4.00
2009.11.10 13:22:21.010,0.8905,0.89075,2.40,4.00
2009.11.10 13:22:21.189,0.8905,0.89075,6.50,4.00
2009.11.10 13:22:21.749,0.8905,0.89075,2.50,4.00
2009.11.10 13:22:22.089,0.8905,0.89075,1.70,6.40
2009.11.10 13:22:22.319,0.8905,0.89075,6.50,4.00
2009.11.10 13:22:22.549,0.89055,0.89075,1.00,4.00
2009.11.10 13:22:22.779,0.8906,0.8908,1.60,4.90
2009.11.10 13:22:24.289,0.8906,0.8908,1.60,5.70
2009.11.10 13:22:24.469,0.89055,0.8908,1.70,8.10
2009.11.10 13:22:25.219,0.89055,0.8908,1.60,8.00
2009.11.10 13:22:25.398,0.89055,0.8908,1.70,8.80
2009.11.10 13:22:26.028,0.89055,0.8908,5.70,8.00
2009.11.10 13:22:26.188,0.89055,0.8908,5.70,7.20
2009.11.10 13:22:26.708,0.89055,0.8908,1.70,7.30
2009.11.10 13:22:27.038,0.89055,0.8908,5.70,7.20
2009.11.10 13:22:27.378,0.89055,0.8908,5.70,7.30
2009.11.10 13:22:27.678,0.89055,0.8908,5.60,7.50
2009.11.10 13:22:28.028,0.89055,0.8908,5.70,7.30
2009.11.10 13:22:28.648,0.89055,0.8908,1.70,7.30
2009.11.10 13:22:28.888,0.89055,0.8908,5.70,7.30
2009.11.10 13:22:30.457,0.89055,0.8908,1.70,7.30
2009.11.10 13:22:31.087,0.89055,0.8908,5.70,7.30
2009.11.10 13:22:31.667,0.89055,0.8908,5.70,8.10
2009.11.10 13:22:32.567,0.89055,0.8908,1.70,8.10
2009.11.10 13:22:33.657,0.89055,0.8908,1.70,8.90
2009.11.10 13:22:33.777,0.89055,0.89075,1.00,4.80
2009.11.10 13:22:33.957,0.8905,0.8907,6.50,3.20
2009.11.10 13:22:34.357,0.8905,0.8907,1.00,4.00
2009.11.10 13:22:34.696,0.8905,0.8907,1.00,8.00
2009.11.10 13:22:35.726,0.8905,0.8907,1.00,16.80
2009.11.10 13:22:36.076,0.8905,0.8907,1.00,8.80
2009.11.10 13:22:36.716,0.8905,0.8907,1.00,8.00
2009.11.10 13:22:37.865,0.8905,0.89065,1.00,4.00
2009.11.10 13:22:38.505,0.8905,0.8907,1.00,8.00
2009.11.10 13:22:39.615,0.8905,0.8907,4.10,4.80
2009.11.10 13:22:39.915,0.8905,0.8907,4.00,4.00
2009.11.10 13:22:40.505,0.8905,0.8907,4.10,4.00
2009.11.10 13:22:40.895,0.8905,0.8907,4.00,4.00
2009.11.10 13:22:41.245,0.8905,0.8907,4.10,4.00
2009.11.10 13:22:41.545,0.8905,0.8907,4.00,4.00
2009.11.10 13:22:42.234,0.8905,0.8907,2.50,4.80
2009.11.10 13:22:42.464,0.8905,0.8907,1.00,8.80
2009.11.10 13:22:43.904,0.8905,0.89065,1.00,4.00
2009.11.10 13:22:44.534,0.8905,0.8907,1.00,8.80
2009.11.10 13:22:44.694,0.8905,0.8907,1.00,8.80
2009.11.10 13:22:44.754,0.8905,0.8907,1.00,8.80
2009.11.10 13:22:44.814,0.89045,0.8907,5.30,8.80
2009.11.10 13:22:45.264,0.89045,0.8907,9.30,8.80
2009.11.10 13:22:45.843,0.89045,0.8907,5.30,8.80
2009.11.10 13:22:47.244,0.8905,0.8907,1.60,8.00
2009.11.10 13:22:47.483,0.8905,0.8907,1.60,7.20
2009.11.10 13:22:48.013,0.8905,0.8907,1.60,3.20
2009.11.10 13:22:48.363,0.8905,0.8907,1.70,7.20
2009.11.10 13:22:54.552,0.8905,0.8907,1.70,6.40
2009.11.10 13:22:54.891,0.8905,0.8907,5.30,4.00
2009.11.10 13:22:55.632,0.8905,0.89065,4.00,2.40
2009.11.10 13:22:55.862,0.89045,0.89065,6.40,2.40
2009.11.10 13:22:56.151,0.89045,0.89065,5.60,2.40
2009.11.10 13:22:56.451,0.89045,0.89065,5.60,3.20
2009.11.10 13:22:56.771,0.8905,0.89065,4.00,4.40
2009.11.10 13:22:57.051,0.89045,0.8906,4.00,2.40
2009.11.10 13:22:57.721,0.8904,0.8906,5.70,2.40
2009.11.10 13:22:58.061,0.8904,0.89065,8.90,4.00
2009.11.10 13:22:58.640,0.8904,0.89065,8.90,4.10
2009.11.10 13:22:58.921,0.89045,0.89065,1.00,4.00
2009.11.10 13:22:59.220,0.8904,0.8906,6.40,2.40
2009.11.10 13:22:59.571,0.89045,0.89065,1.60,4.10
2009.11.10 13:22:59.920,0.89045,0.89065,4.00,4.00
2009.11.10 13:23:00.270,0.8904,0.89065,8.90,4.10
2009.11.10 13:23:00.630,0.8904,0.89065,17.70,3.30
2009.11.10 13:23:00.920,0.8904,0.8907,17.80,8.10
2009.11.10 13:23:01.630,0.89045,0.8907,8.10,4.10
2009.11.10 13:23:02.220,0.89045,0.8907,4.10,4.10
2009.11.10 13:23:02.439,0.8905,0.8907,1.60,4.10
2009.11.10 13:23:02.669,0.8905,0.8907,1.60,3.30
2009.11.10 13:23:03.120,0.89045,0.8907,6.50,3.20
2009.11.10 13:23:03.339,0.89045,0.8907,7.60,7.30
2009.11.10 13:23:03.749,0.89045,0.8907,5.00,4.00
2009.11.10 13:23:04.049,0.8905,0.8906,2.40,4.00
2009.11.10 13:23:04.389,0.8905,0.8907,2.40,4.00
2009.11.10 13:23:06.729,0.89045,0.8907,3.20,4.00
2009.11.10 13:23:08.808,0.89045,0.8907,1.00,4.00
2009.11.10 13:23:09.088,0.89045,0.8907,1.00,12.00
2009.11.10 13:23:11.637,0.8904,0.8907,3.30,16.00
2009.11.10 13:23:11.978,0.8904,0.89065,7.30,6.40
2009.11.10 13:23:12.257,0.8904,0.89065,7.30,2.40
2009.11.10 13:23:12.607,0.8904,0.8907,8.90,4.80
2009.11.10 13:23:12.907,0.8904,0.8907,8.10,5.60
2009.11.10 13:23:13.187,0.89045,0.89065,4.00,2.40
2009.11.10 13:23:13.547,0.8904,0.89065,7.30,6.40
2009.11.10 13:23:13.887,0.8904,0.89065,3.20,14.40
2009.11.10 13:23:14.237,0.8904,0.8906,3.30,4.00
2009.11.10 13:23:14.587,0.8904,0.89065,7.70,4.00
2009.11.10 13:23:14.937,0.8904,0.8907,11.70,4.00
2009.11.10 13:23:15.936,0.8904,0.8907,21.90,4.80
2009.11.10 13:23:16.227,0.89045,0.8907,9.10,4.00
2009.11.10 13:23:16.456,0.89045,0.89075,9.10,4.90
2009.11.10 13:23:16.976,0.8905,0.89075,2.50,4.90
2009.11.10 13:23:17.436,0.8905,0.89075,7.30,4.90
2009.11.10 13:23:20.085,0.8905,0.89075,3.30,4.90
2009.11.10 13:23:20.186,0.89055,0.89075,2.40,4.90
2009.11.10 13:23:20.875,0.89055,0.89075,2.40,4.80
2009.11.10 13:23:21.205,0.89055,0.89075,3.20,4.80
2009.11.10 13:23:21.605,0.8906,0.89075,2.40,4.00
2009.11.10 13:23:22.295,0.8906,0.8908,3.30,4.00
2009.11.10 13:23:22.985,0.89065,0.8908,2.40,1.00
2009.11.10 13:23:23.315,0.89065,0.89085,2.40,4.00
2009.11.10 13:23:24.004,0.89065,0.8908,3.20,4.00
2009.11.10 13:23:24.295,0.89065,0.89085,6.50,4.00
2009.11.10 13:23:24.524,0.89065,0.89085,6.60,4.00
2009.11.10 13:23:25.744,0.89075,0.89085,1.60,4.00
2009.11.10 13:23:26.784,0.8907,0.89085,1.60,4.10
2009.11.10 13:23:28.104,0.8907,0.89085,4.00,4.10
2009.11.10 13:23:28.223,0.89075,0.89085,1.60,4.00
2009.11.10 13:23:29.533,0.89075,0.89085,1.60,8.00
2009.11.10 13:23:30.263,0.89075,0.89085,1.60,4.00
2009.11.10 13:23:30.493,0.89075,0.89085,4.00,4.00
2009.11.10 13:23:31.023,0.89075,0.89085,1.60,4.00
2009.11.10 13:23:31.253,0.89075,0.8909,4.00,4.10
2009.11.10 13:23:33.052,0.89075,0.89085,4.00,4.00
2009.11.10 13:23:33.392,0.89075,0.8909,4.00,8.10
2009.11.10 13:23:33.672,0.89075,0.8909,1.60,12.20
2009.11.10 13:23:33.962,0.89075,0.89085,1.60,12.10
2009.11.10 13:23:34.252,0.89075,0.89085,1.60,4.10
2009.11.10 13:23:35.402,0.89075,0.89085,1.60,4.00
2009.11.10 13:23:36.321,0.89075,0.8909,4.00,8.00
2009.11.10 13:23:36.661,0.8908,0.8909,1.60,4.00
2009.11.10 13:23:47.319,0.8908,0.8909,1.60,6.40
2009.11.10 13:23:51.848,0.8908,0.8909,1.60,4.00
2009.11.10 13:23:52.947,0.8908,0.89095,1.60,7.40
2009.11.10 13:23:53.577,0.8908,0.8909,1.60,2.40
2009.11.10 13:23:54.037,0.8908,0.89095,1.60,7.60
2009.11.10 13:23:55.817,0.8908,0.89095,1.60,6.50
2009.11.10 13:23:56.856,0.8908,0.89095,1.60,6.40
2009.11.10 13:23:57.077,0.8908,0.89095,1.60,6.50
2009.11.10 13:23:58.006,0.8908,0.89095,1.60,6.40
2009.11.10 13:24:00.006,0.89075,0.89095,1.70,6.40
2009.11.10 13:24:00.356,0.89075,0.89095,1.80,6.40
2009.11.10 13:24:00.476,0.8908,0.89095,1.60,2.40
2009.11.10 13:24:00.646,0.8908,0.89095,1.60,6.50
2009.11.10 13:24:00.996,0.8908,0.89095,1.60,6.40
2009.11.10 13:24:06.525,0.8908,0.8909,1.60,2.40
2009.11.10 13:24:17.452,0.8908,0.8909,1.60,6.40
2009.11.10 13:24:17.982,0.8908,0.8909,1.60,2.40
2009.11.10 13:24:18.382,0.8908,0.8909,1.60,6.40
2009.11.10 13:24:18.902,0.8908,0.8909,1.60,2.40
2009.11.10 13:24:21.781,0.8908,0.89095,1.60,6.50
2009.11.10 13:24:22.131,0.89085,0.8909,1.60,2.40
2009.11.10 13:24:22.491,0.8908,0.8909,1.60,1.60
2009.11.10 13:24:23.460,0.8908,0.8909,1.60,2.40
2009.11.10 13:24:27.290,0.8908,0.8909,1.60,1.00
2009.11.10 13:24:27.519,0.8907,0.8909,2.40,12.10
2009.11.10 13:24:27.750,0.8907,0.89085,1.60,6.40
2009.11.10 13:24:36.118,0.8907,0.89085,1.60,7.20
2009.11.10 13:24:36.477,0.89065,0.89085,1.70,7.20
2009.11.10 13:24:36.818,0.89065,0.8907,1.60,2.40
2009.11.10 13:24:37.037,0.89065,0.8908,1.60,3.20
2009.11.10 13:24:37.617,0.89065,0.8908,1.60,2.40
2009.11.10 13:24:38.307,0.89065,0.8908,1.60,3.20
2009.11.10 13:24:38.867,0.8906,0.8908,1.70,3.20
2009.11.10 13:24:39.097,0.8906,0.89075,1.70,2.40
2009.11.10 13:24:49.344,0.8906,0.8908,1.80,3.20
2009.11.10 13:24:49.754,0.8906,0.8908,1.80,2.40
2009.11.10 13:24:53.743,0.8906,0.89085,1.80,7.20
2009.11.10 13:24:54.993,0.89065,0.89085,1.70,7.20
2009.11.10 13:24:56.263,0.89065,0.89085,1.60,7.30
2009.11.10 13:24:57.052,0.89065,0.89085,1.70,7.20
2009.11.10 13:24:57.232,0.89065,0.89085,1.60,7.30
2009.11.10 13:24:57.412,0.89065,0.89085,1.70,7.20
2009.11.10 13:25:00.012,0.89065,0.89085,1.60,7.30
2009.11.10 13:25:01.611,0.89065,0.89085,1.60,8.00
2009.11.10 13:25:02.201,0.89065,0.89085,1.60,7.20
2009.11.10 13:25:02.381,0.89065,0.89085,1.60,7.30
2009.11.10 13:25:04.111,0.89065,0.89085,1.60,7.20
2009.11.10 13:25:05.760,0.89065,0.89085,1.60,7.20
2009.11.10 13:25:06.150,0.89065,0.89085,1.60,7.30
2009.11.10 13:25:06.380,0.89065,0.89085,1.60,8.20
2009.11.10 13:25:06.610,0.8906,0.89075,1.70,2.40
2009.11.10 13:25:07.670,0.8907,0.8908,1.60,4.00
2009.11.10 13:25:08.640,0.8907,0.89085,1.60,2.40
2009.11.10 13:25:09.620,0.8907,0.89085,1.60,6.40
2009.11.10 13:25:12.289,0.8907,0.8908,1.60,4.00
2009.11.10 13:25:12.529,0.8907,0.89085,1.60,6.40
2009.11.10 13:25:20.007,0.8907,0.89085,1.60,6.50
2009.11.10 13:25:20.297,0.89065,0.89085,1.60,6.40
2009.11.10 13:25:20.577,0.89065,0.8908,1.60,10.50
2009.11.10 13:25:20.877,0.8906,0.8908,1.60,15.60
2009.11.10 13:25:21.267,0.8906,0.89075,2.40,6.40
2009.11.10 13:25:21.616,0.89065,0.89075,1.60,4.00
2009.11.10 13:25:22.296,0.89065,0.8908,1.60,7.20
2009.11.10 13:25:23.816,0.89065,0.8908,1.60,3.20
2009.11.10 13:25:25.775,0.89055,0.89075,5.60,2.40
2009.11.10 13:25:26.845,0.89055,0.89075,1.60,3.20
2009.11.10 13:25:27.855,0.89055,0.89075,1.60,4.00
2009.11.10 13:25:28.655,0.89055,0.89075,1.60,4.00
2009.11.10 13:25:37.423,0.8905,0.8907,9.30,1.00
2009.11.10 13:25:37.663,0.8906,0.8907,1.00,1.00
2009.11.10 13:25:37.953,0.89055,0.89075,1.00,3.20
2009.11.10 13:25:38.172,0.89055,0.89075,1.00,1.00
2009.11.10 13:25:38.393,0.8905,0.89075,11.60,1.00
2009.11.10 13:25:38.672,0.8905,0.89075,7.60,1.00
2009.11.10 13:25:39.252,0.8905,0.89075,8.40,4.80
2009.11.10 13:25:39.552,0.8905,0.89075,8.40,1.00
2009.11.10 13:25:39.952,0.8905,0.89075,8.50,1.00
2009.11.10 13:25:41.172,0.8905,0.89075,8.30,1.00
2009.11.10 13:25:41.342,0.8905,0.89075,4.10,4.00
2009.11.10 13:25:41.522,0.89055,0.89075,1.00,4.00
2009.11.10 13:25:41.682,0.89055,0.89075,1.00,7.20
2009.11.10 13:25:41.862,0.89055,0.89075,1.00,4.80
2009.11.10 13:25:42.032,0.89055,0.89075,3.20,4.80
2009.11.10 13:25:42.381,0.89055,0.89075,3.20,1.00
2009.11.10 13:25:43.901,0.89055,0.89075,3.30,1.00
2009.11.10 13:25:44.301,0.89065,0.89075,1.00,1.00
2009.11.10 13:25:44.471,0.89065,0.8908,1.00,4.80
2009.11.10 13:25:44.871,0.89065,0.8908,2.50,1.00
2009.11.10 13:25:45.091,0.89065,0.89085,2.50,4.80
2009.11.10 13:25:45.261,0.89065,0.89085,1.00,8.00
2009.11.10 13:25:46.161,0.89065,0.89085,1.00,6.40
2009.11.10 13:25:46.510,0.89065,0.89085,1.00,2.40
2009.11.10 13:25:47.770,0.89065,0.89085,1.00,6.40
2009.11.10 13:25:50.970,0.89065,0.89085,1.00,7.20
2009.11.10 13:26:00.677,0.89065,0.89085,1.00,7.20
2009.11.10 13:26:03.586,0.89065,0.89085,1.00,7.20
2009.11.10 13:26:07.725,0.89065,0.89085,1.00,6.40
2009.11.10 13:26:08.685,0.89065,0.89085,1.00,2.40
2009.11.10 13:26:10.495,0.89065,0.89085,1.00,6.40
2009.11.10 13:26:11.814,0.8906,0.89085,2.50,8.80
2009.11.10 13:26:12.354,0.8906,0.89085,2.50,17.80
2009.11.10 13:26:13.744,0.89065,0.8908,2.40,4.00
2009.11.10 13:26:13.974,0.89065,0.8908,4.80,4.00
2009.11.10 13:26:14.204,0.89065,0.8908,3.20,4.00
2009.11.10 13:26:14.374,0.89065,0.8908,5.60,4.00
2009.11.10 13:26:14.604,0.89065,0.8908,7.50,4.00
2009.11.10 13:26:14.834,0.8907,0.89095,3.30,7.20
2009.11.10 13:26:15.354,0.89075,0.89095,4.00,4.80
2009.11.10 13:26:15.744,0.89075,0.89095,1.00,6.40
2009.11.10 13:26:17.363,0.89075,0.89095,2.50,4.00
2009.11.10 13:26:17.723,0.89085,0.891,1.00,4.00
2009.11.10 13:26:18.063,0.89085,0.89105,1.00,6.40
2009.11.10 13:26:20.062,0.89075,0.89105,8.90,7.40
2009.11.10 13:26:20.412,0.8908,0.89105,5.50,6.40
2009.11.10 13:26:20.812,0.8908,0.89105,4.30,6.40
2009.11.10 13:26:21.572,0.8908,0.89105,2.70,6.40
2009.11.10 13:26:21.802,0.8908,0.89105,1.70,6.40
2009.11.10 13:26:22.332,0.89085,0.891,4.00,2.40
2009.11.10 13:26:22.622,0.8908,0.891,8.90,2.40
2009.11.10 13:26:22.962,0.8908,0.891,4.90,2.40
2009.11.10 13:26:23.302,0.8908,0.89105,16.10,2.40
2009.11.10 13:26:23.702,0.89085,0.89105,1.00,2.40
2009.11.10 13:26:23.992,0.89085,0.891,1.00,2.40
2009.11.10 13:26:24.291,0.89085,0.89105,1.00,2.40
2009.11.10 13:26:24.991,0.89095,0.89105,4.00,2.40
2009.11.10 13:26:25.271,0.8909,0.89105,4.00,2.40
2009.11.10 13:26:25.441,0.89085,0.89105,8.80,2.40
2009.11.10 13:26:25.791,0.89085,0.89105,5.70,2.40
2009.11.10 13:26:26.121,0.89085,0.89105,9.70,2.40
2009.11.10 13:26:26.511,0.89085,0.89105,6.50,6.40
2009.11.10 13:26:26.851,0.89085,0.89105,7.50,4.00
2009.11.10 13:26:27.201,0.89085,0.8911,8.00,4.00
2009.11.10 13:26:27.540,0.89085,0.8911,20.10,2.40
2009.11.10 13:26:28.450,0.89085,0.8911,12.20,2.40
2009.11.10 13:26:30.760,0.8909,0.8911,4.10,2.40
2009.11.10 13:26:31.430,0.8909,0.8911,1.00,2.40
2009.11.10 13:26:32.899,0.89085,0.8911,12.00,2.50
2009.11.10 13:26:33.239,0.89085,0.8911,11.50,2.50
2009.11.10 13:26:33.359,0.89085,0.8911,11.50,6.50
2009.11.10 13:26:33.859,0.89085,0.8911,10.70,6.50
2009.11.10 13:26:33.979,0.89085,0.89105,10.70,2.40
2009.11.10 13:26:34.089,0.89085,0.89105,9.70,2.40
2009.11.10 13:26:34.269,0.89085,0.8911,10.50,4.00
2009.11.10 13:26:34.629,0.89085,0.8911,10.70,2.50
2009.11.10 13:26:34.979,0.8909,0.8911,4.00,2.50
2009.11.10 13:26:35.309,0.8909,0.8911,4.10,2.40
2009.11.10 13:26:37.268,0.8909,0.8911,1.00,2.40
2009.11.10 13:26:37.428,0.8909,0.8911,1.00,6.40
2009.11.10 13:26:39.268,0.89085,0.89105,9.00,2.40
2009.11.10 13:26:39.558,0.89085,0.89105,8.10,2.40
2009.11.10 13:26:40.248,0.89085,0.89105,1.00,3.20
2009.11.10 13:26:40.427,0.8908,0.89105,4.10,3.20
2009.11.10 13:26:40.657,0.8908,0.89105,6.50,8.00
2009.11.10 13:26:40.997,0.8908,0.89105,4.10,9.00
2009.11.10 13:26:41.347,0.8908,0.891,1.00,4.00
2009.11.10 13:26:41.687,0.8908,0.891,2.40,4.00
2009.11.10 13:26:42.657,0.8908,0.89105,2.50,8.10
2009.11.10 13:26:42.997,0.8908,0.89105,1.00,9.00
2009.11.10 13:26:43.517,0.8908,0.89105,1.00,17.00
2009.11.10 13:26:43.747,0.8908,0.89105,1.00,17.80
2009.11.10 13:26:44.047,0.89075,0.891,4.90,4.00
2009.11.10 13:26:44.676,0.89075,0.891,7.30,4.00
2009.11.10 13:26:44.956,0.8908,0.891,1.00,4.00
2009.11.10 13:26:45.866,0.8908,0.891,1.00,4.80
2009.11.10 13:26:46.406,0.89075,0.891,7.30,4.80
2009.11.10 13:26:46.746,0.89075,0.891,8.30,6.40
2009.11.10 13:26:47.036,0.89075,0.891,8.10,1.00
2009.11.10 13:26:47.216,0.89075,0.891,8.20,4.00
2009.11.10 13:26:47.766,0.89075,0.89105,10.50,11.20
2009.11.10 13:26:47.936,0.8908,0.89105,2.70,7.20
2009.11.10 13:26:48.296,0.8908,0.89105,3.30,7.20
2009.11.10 13:26:48.646,0.8908,0.89105,3.20,4.10
2009.11.10 13:26:49.006,0.89085,0.89105,4.10,4.00
2009.11.10 13:26:49.355,0.89085,0.8911,5.60,4.00
2009.11.10 13:26:49.746,0.89085,0.8911,5.40,12.10
2009.11.10 13:26:50.045,0.89085,0.8911,9.40,4.10
2009.11.10 13:26:50.805,0.89085,0.8911,13.40,1.00
2009.11.10 13:26:50.975,0.89085,0.8911,18.40,1.00
2009.11.10 13:26:51.315,0.8909,0.8911,4.00,1.00
2009.11.10 13:26:51.665,0.8909,0.89115,4.00,8.40
2009.11.10 13:26:52.235,0.89085,0.8911,10.60,1.00
2009.11.10 13:26:52.406,0.89085,0.8911,1.60,6.50
2009.11.10 13:26:52.925,0.89085,0.89105,1.60,1.00
2009.11.10 13:26:53.085,0.89085,0.89105,4.00,1.00
2009.11.10 13:26:53.264,0.89085,0.89105,2.40,1.00
2009.11.10 13:26:53.604,0.89085,0.89105,6.40,1.00
2009.11.10 13:26:54.304,0.89085,0.89105,14.40,1.00
2009.11.10 13:26:55.564,0.89085,0.89105,12.00,2.50
2009.11.10 13:26:55.904,0.89085,0.89105,4.80,1.00
2009.11.10 13:26:56.604,0.89085,0.89105,4.00,1.00
2009.11.10 13:26:56.954,0.8908,0.89105,4.10,3.20
2009.11.10 13:26:57.233,0.8908,0.89105,4.00,3.30
2009.11.10 13:26:58.384,0.8908,0.89105,4.10,3.20
2009.11.10 13:26:59.193,0.8908,0.89105,1.00,7.20
2009.11.10 13:26:59.423,0.89075,0.89105,10.80,15.30
2009.11.10 13:27:00.013,0.8908,0.891,1.00,4.00
2009.11.10 13:27:00.883,0.8908,0.891,1.00,4.00
2009.11.10 13:27:01.093,0.8908,0.891,1.00,4.00
2009.11.10 13:27:01.483,0.89075,0.891,8.90,8.00
2009.11.10 13:27:01.662,0.8908,0.891,1.00,4.00
2009.11.10 13:27:04.302,0.8908,0.891,3.30,4.00
2009.11.10 13:27:04.532,0.8908,0.89105,7.30,4.10
2009.11.10 13:27:04.762,0.8908,0.89105,3.30,4.10
2009.11.10 13:27:04.992,0.8908,0.89105,7.30,4.10
2009.11.10 13:27:05.671,0.8908,0.89105,7.30,1.00
2009.11.10 13:27:06.771,0.8908,0.89105,6.50,2.50
2009.11.10 13:27:07.001,0.8908,0.89105,6.50,4.10
2009.11.10 13:27:07.351,0.8908,0.89105,2.50,4.10
2009.11.10 13:27:07.711,0.89075,0.89105,7.30,4.00
2009.11.10 13:27:08.231,0.8908,0.89105,4.00,4.00
2009.11.10 13:27:08.461,0.8908,0.891,4.00,2.40
2009.11.10 13:27:08.961,0.8908,0.89105,4.00,4.00
2009.11.10 13:27:09.201,0.89075,0.89105,7.30,4.00
2009.11.10 13:27:10.020,0.89075,0.89105,10.90,4.00
2009.11.10 13:27:10.480,0.89075,0.89105,7.70,4.00
2009.11.10 13:27:10.780,0.89075,0.891,6.40,2.40
2009.11.10 13:27:11.580,0.8908,0.89105,3.20,6.40
2009.11.10 13:27:11.760,0.8908,0.89105,3.20,4.00
2009.11.10 13:27:12.110,0.8908,0.89105,3.20,4.10
2009.11.10 13:27:12.450,0.8908,0.89105,7.20,1.00
2009.11.10 13:27:13.139,0.8908,0.89105,7.30,1.00
2009.11.10 13:27:14.449,0.8908,0.89105,7.30,1.00
2009.11.10 13:27:15.209,0.8908,0.89105,7.20,1.00
2009.11.10 13:27:15.509,0.89085,0.89105,4.00,1.00
2009.11.10 13:27:17.139,0.89085,0.8911,4.00,6.40
2009.11.10 13:27:17.369,0.89085,0.8911,4.00,7.30
2009.11.10 13:27:18.868,0.89085,0.89105,4.00,1.00
2009.11.10 13:27:19.628,0.89085,0.89105,6.40,1.00
2009.11.10 13:27:19.798,0.89085,0.8911,6.40,6.50
2009.11.10 13:27:20.358,0.89085,0.8911,6.40,2.50
2009.11.10 13:27:20.828,0.89085,0.8911,6.50,2.50
2009.11.10 13:27:22.237,0.89085,0.8911,6.40,2.50
2009.11.10 13:27:22.527,0.89085,0.8911,4.00,6.50
2009.11.10 13:27:22.817,0.89085,0.8911,4.00,8.70
2009.11.10 13:27:23.117,0.8908,0.8911,6.50,10.30
2009.11.10 13:27:23.867,0.8908,0.8911,7.30,7.50
2009.11.10 13:27:24.667,0.8908,0.89105,6.50,1.00
2009.11.10 13:27:25.906,0.89085,0.89105,1.60,1.00
2009.11.10 13:27:26.196,0.8908,0.89105,12.10,7.20
2009.11.10 13:27:26.367,0.8908,0.89105,8.00,7.20
2009.11.10 13:27:26.577,0.8908,0.89105,9.60,4.10
2009.11.10 13:27:26.746,0.89085,0.89105,4.00,4.00
2009.11.10 13:27:26.916,0.89085,0.89105,4.00,1.00
2009.11.10 13:27:27.666,0.8908,0.89105,7.30,1.00
2009.11.10 13:27:27.896,0.8908,0.89105,6.50,1.00
2009.11.10 13:27:28.136,0.8908,0.89105,14.50,1.00
2009.11.10 13:27:28.846,0.8908,0.89105,14.50,3.20
2009.11.10 13:27:29.186,0.89085,0.89105,4.00,1.00
2009.11.10 13:27:29.686,0.8908,0.89105,6.50,1.00
2009.11.10 13:27:32.875,0.8908,0.89105,8.00,1.00
2009.11.10 13:27:33.625,0.89085,0.8911,1.00,7.30
2009.11.10 13:27:33.735,0.8908,0.8911,6.50,15.30
2009.11.10 13:27:34.384,0.8908,0.8911,14.50,3.30
2009.11.10 13:27:35.124,0.89085,0.89105,4.00,1.00
2009.11.10 13:27:37.944,0.89085,0.89105,4.00,2.50
2009.11.10 13:27:38.294,0.8909,0.8911,4.00,1.00
2009.11.10 13:27:38.623,0.8909,0.89115,7.20,3.20
2009.11.10 13:27:38.963,0.8909,0.89115,7.30,4.00
2009.11.10 13:27:39.323,0.8909,0.8912,7.30,6.40
2009.11.10 13:27:39.893,0.8909,0.8912,7.20,6.40
2009.11.10 13:27:40.113,0.8909,0.89115,7.20,2.40
2009.11.10 13:27:40.353,0.8909,0.8912,7.20,6.40
2009.11.10 13:27:41.333,0.8909,0.89115,3.20,4.00
2009.11.10 13:27:41.513,0.8909,0.89115,3.30,4.00
2009.11.10 13:27:41.743,0.8909,0.89115,3.20,4.00
2009.11.10 13:27:44.502,0.8909,0.8912,7.30,6.40
2009.11.10 13:27:44.852,0.8909,0.89115,7.30,4.00
2009.11.10 13:27:45.032,0.8909,0.89115,3.30,4.00
2009.11.10 13:27:47.061,0.8909,0.89115,1.00,7.20
2009.11.10 13:27:47.232,0.8909,0.89115,1.00,11.30
2009.11.10 13:27:47.411,0.8909,0.8911,2.50,4.00
2009.11.10 13:27:47.701,0.8909,0.89115,2.40,4.00
2009.11.10 13:27:49.221,0.8909,0.89115,2.40,4.80
2009.11.10 13:27:49.451,0.8909,0.89115,2.40,15.20
2009.11.10 13:27:49.851,0.8909,0.89115,2.50,4.00
2009.11.10 13:27:50.081,0.8909,0.89115,6.50,4.00
2009.11.10 13:27:50.261,0.8909,0.89115,6.40,4.00
2009.11.10 13:27:50.481,0.8909,0.89115,7.20,4.00
2009.11.10 13:27:50.591,0.8909,0.8912,7.60,6.40
2009.11.10 13:27:50.771,0.891,0.8912,2.40,6.40
2009.11.10 13:27:51.230,0.8909,0.8912,8.10,6.40
2009.11.10 13:27:53.070,0.8909,0.8912,8.10,6.70
2009.11.10 13:27:53.420,0.8909,0.89115,8.10,4.00
2009.11.10 13:27:53.710,0.8909,0.8912,8.10,7.20
2009.11.10 13:27:55.189,0.8909,0.8912,8.10,6.40
2009.11.10 13:27:55.479,0.8909,0.89115,7.30,1.00
2009.11.10 13:27:55.589,0.8909,0.89115,4.90,3.30
2009.11.10 13:27:55.710,0.8909,0.89115,4.90,7.30
2009.11.10 13:27:57.609,0.8909,0.89115,1.00,8.90
2009.11.10 13:27:57.839,0.8909,0.8911,4.00,9.00
2009.11.10 13:27:58.379,0.89085,0.89105,4.10,3.20
2009.11.10 13:27:58.729,0.89085,0.89105,1.00,7.20
2009.11.10 13:27:59.429,0.8908,0.89105,2.50,8.20
2009.11.10 13:27:59.728,0.8908,0.89105,6.50,7.20
2009.11.10 13:28:00.018,0.8908,0.89105,2.60,4.00
2009.11.10 13:28:00.538,0.8909,0.8911,2.40,4.80
2009.11.10 13:28:00.888,0.8909,0.8911,2.40,4.00
2009.11.10 13:28:03.038,0.89085,0.8911,5.70,7.20
2009.11.10 13:28:03.218,0.89085,0.89105,4.10,3.20
2009.11.10 13:28:03.437,0.89085,0.89105,4.00,3.20
2009.11.10 13:28:03.607,0.89085,0.89105,2.40,1.00
2009.11.10 13:28:03.957,0.89085,0.89105,2.50,1.00
2009.11.10 13:28:04.297,0.89085,0.89105,1.00,1.00
2009.11.10 13:28:04.657,0.8908,0.89105,7.20,1.00
2009.11.10 13:28:04.957,0.8908,0.89105,7.20,1.00
2009.11.10 13:28:05.287,0.8908,0.89105,7.60,3.20
2009.11.10 13:28:05.627,0.8908,0.89105,6.50,1.00
2009.11.10 13:28:05.977,0.8908,0.89105,7.40,1.00
2009.11.10 13:28:06.327,0.8908,0.89105,7.40,4.80
2009.11.10 13:28:07.007,0.8908,0.89105,7.20,4.80
2009.11.10 13:28:07.466,0.89085,0.89105,2.40,4.80
2009.11.10 13:28:08.996,0.8908,0.89105,3.20,4.80
2009.11.10 13:28:10.486,0.8908,0.89105,2.50,7.20
2009.11.10 13:28:10.776,0.8908,0.89105,2.40,7.20
2009.11.10 13:28:10.956,0.8908,0.89105,2.50,4.80
2009.11.10 13:28:11.425,0.8908,0.89105,2.50,5.20
2009.11.10 13:28:12.125,0.8908,0.89105,3.20,4.80
2009.11.10 13:28:13.135,0.89085,0.89105,2.50,4.80
2009.11.10 13:28:18.974,0.89085,0.89105,2.50,4.80
2009.11.10 13:28:19.314,0.8908,0.89105,2.50,5.20
2009.11.10 13:28:20.483,0.8908,0.89105,2.50,4.80
2009.11.10 13:28:20.713,0.8908,0.89105,2.60,4.80
2009.11.10 13:28:22.223,0.89085,0.89105,2.40,4.90
2009.11.10 13:28:22.503,0.89085,0.89105,2.40,12.90
2009.11.10 13:28:28.681,0.89085,0.89105,2.50,12.80
2009.11.10 13:28:28.911,0.89085,0.891,2.40,4.00
2009.11.10 13:28:29.081,0.89085,0.89105,2.40,4.80
2009.11.10 13:28:29.261,0.89085,0.89105,2.40,4.90
2009.11.10 13:28:29.971,0.89085,0.891,2.40,4.00
2009.11.10 13:28:30.191,0.8908,0.891,2.50,4.00
2009.11.10 13:28:30.431,0.8908,0.89095,1.00,3.20
2009.11.10 13:28:30.711,0.89075,0.89095,4.00,3.20
2009.11.10 13:28:31.291,0.89075,0.89095,1.00,3.20
2009.11.10 13:28:31.681,0.89075,0.891,8.10,8.90
2009.11.10 13:28:32.021,0.8908,0.891,1.00,8.80
2009.11.10 13:28:32.921,0.89075,0.89095,8.00,1.00
2009.11.10 13:28:33.270,0.89075,0.8909,4.00,4.80
2009.11.10 13:28:33.630,0.8907,0.8909,1.00,12.40
2009.11.10 13:28:35.080,0.8907,0.8909,1.00,5.20
2009.11.10 13:28:35.190,0.8907,0.8909,1.00,7.60
2009.11.10 13:28:35.300,0.8907,0.8909,1.00,7.20
2009.11.10 13:28:36.859,0.89065,0.8909,6.40,7.20
2009.11.10 13:28:37.199,0.8906,0.89085,11.30,2.40
2009.11.10 13:28:37.499,0.8906,0.89085,6.50,2.40
2009.11.10 13:28:39.689,0.8906,0.89085,8.20,2.40
2009.11.10 13:28:39.919,0.8906,0.89085,17.70,2.40
2009.11.10 13:28:40.099,0.89065,0.89085,4.80,2.40
2009.11.10 13:28:40.458,0.89065,0.89085,5.20,2.40
2009.11.10 13:28:40.688,0.89065,0.89085,6.40,2.40
2009.11.10 13:28:40.859,0.89065,0.89085,4.00,2.40
2009.11.10 13:28:41.248,0.89065,0.8909,6.40,6.40
2009.11.10 13:28:42.178,0.89065,0.8909,6.50,7.20
2009.11.10 13:28:42.348,0.89065,0.8909,3.20,7.20
2009.11.10 13:28:42.458,0.89065,0.8909,7.20,8.00
2009.11.10 13:28:42.698,0.8907,0.8909,1.00,8.00
2009.11.10 13:28:43.508,0.89065,0.8909,7.20,8.00
2009.11.10 13:28:44.208,0.8907,0.8909,1.00,8.00
2009.11.10 13:28:44.428,0.8907,0.8909,2.50,4.80
2009.11.10 13:28:44.597,0.8907,0.8909,2.50,4.00
2009.11.10 13:28:45.007,0.8907,0.89095,6.40,11.20
2009.11.10 13:28:45.168,0.8907,0.89095,6.40,6.40
2009.11.10 13:28:46.187,0.8907,0.89095,6.50,6.40
2009.11.10 13:28:46.977,0.89075,0.891,2.50,7.30
2009.11.10 13:28:47.147,0.89075,0.891,6.50,7.30
2009.11.10 13:28:47.387,0.89075,0.891,6.40,7.20
2009.11.10 13:28:47.607,0.8908,0.891,2.40,6.40
2009.11.10 13:28:47.837,0.8908,0.891,2.40,5.60
2009.11.10 13:28:48.067,0.89085,0.891,2.40,4.80
2009.11.10 13:28:48.427,0.89085,0.89105,2.40,4.80
2009.11.10 13:28:50.166,0.8909,0.89105,2.40,4.00
2009.11.10 13:28:50.286,0.8909,0.8911,2.40,8.00
2009.11.10 13:28:50.456,0.8909,0.8911,3.20,4.00
2009.11.10 13:28:50.756,0.8909,0.8911,2.40,4.00
2009.11.10 13:28:51.056,0.8909,0.8911,2.40,4.10
2009.11.10 13:28:51.176,0.8909,0.8911,6.40,1.00
2009.11.10 13:28:51.566,0.8909,0.8911,4.00,4.90
2009.11.10 13:28:52.346,0.89085,0.8911,8.90,4.90
2009.11.10 13:28:52.626,0.89085,0.8911,8.90,8.90
2009.11.10 13:28:53.425,0.89085,0.8911,8.90,4.90
2009.11.10 13:28:54.525,0.89085,0.8911,8.90,8.90
2009.11.10 13:28:58.974,0.89085,0.8911,8.90,4.90
2009.11.10 13:28:59.264,0.89085,0.8911,12.90,4.90
2009.11.10 13:28:59.494,0.89085,0.8911,16.90,4.90
2009.11.10 13:29:01.923,0.8909,0.8911,4.00,4.80
2009.11.10 13:29:02.213,0.8909,0.8911,4.00,4.90
2009.11.10 13:29:02.843,0.8909,0.8911,6.50,1.00
2009.11.10 13:29:03.193,0.89095,0.8911,2.40,2.50
2009.11.10 13:29:03.533,0.8909,0.8911,4.00,1.00
2009.11.10 13:29:03.763,0.8909,0.8911,3.20,1.00
2009.11.10 13:29:04.053,0.8909,0.8911,3.20,4.10
2009.11.10 13:29:04.593,0.8909,0.89115,3.20,6.40
2009.11.10 13:29:05.263,0.8909,0.89115,1.00,6.40
2009.11.10 13:29:08.802,0.8909,0.89115,1.00,10.50
2009.11.10 13:29:09.332,0.8909,0.89115,1.00,6.50
2009.11.10 13:29:09.551,0.8909,0.89115,1.00,6.40
2009.11.10 13:29:09.882,0.89085,0.8911,7.70,2.40
2009.11.10 13:29:10.212,0.89085,0.8911,7.20,2.40
2009.11.10 13:29:11.071,0.89085,0.8911,7.20,6.40
2009.11.10 13:29:11.701,0.89085,0.8911,21.60,2.40
2009.11.10 13:29:12.061,0.89085,0.89115,21.20,6.40
2009.11.10 13:29:12.451,0.8909,0.89115,6.40,6.40
2009.11.10 13:29:12.691,0.89085,0.8911,7.30,2.40
2009.11.10 13:29:12.911,0.8909,0.89115,2.40,8.00
2009.11.10 13:29:13.131,0.8909,0.89115,2.40,7.20
2009.11.10 13:29:13.821,0.8909,0.89115,2.40,7.60
2009.11.10 13:29:14.220,0.89085,0.89115,6.50,7.60
2009.11.10 13:29:14.440,0.89085,0.89115,7.30,7.20
2009.11.10 13:29:14.850,0.89085,0.89115,7.30,8.00
2009.11.10 13:29:15.080,0.89085,0.89115,7.20,8.00
2009.11.10 13:29:15.260,0.89085,0.8911,7.20,6.40
2009.11.10 13:29:15.560,0.89085,0.8911,6.40,6.40
2009.11.10 13:29:15.730,0.89085,0.89105,4.00,2.40
2009.11.10 13:29:15.830,0.89085,0.89105,2.40,4.00
2009.11.10 13:29:16.000,0.89085,0.89105,3.20,4.00
2009.11.10 13:29:16.290,0.89085,0.8911,3.20,6.40
2009.11.10 13:29:17.090,0.89085,0.8911,5.20,6.50
2009.11.10 13:29:17.440,0.89085,0.89115,14.80,6.40
2009.11.10 13:29:17.670,0.8909,0.89115,3.20,6.90
2009.11.10 13:29:17.900,0.89085,0.89115,8.80,6.90
2009.11.10 13:29:18.180,0.89085,0.89115,8.10,7.60
2009.11.10 13:29:18.400,0.89085,0.8911,4.80,2.40
2009.11.10 13:29:18.759,0.89085,0.89105,4.00,2.40
2009.11.10 13:29:19.469,0.8908,0.89105,8.00,2.40
2009.11.10 13:29:19.809,0.8908,0.89105,11.20,2.40
2009.11.10 13:29:20.099,0.8908,0.89105,8.40,2.40
2009.11.10 13:29:20.429,0.8908,0.89105,8.00,2.40
2009.11.10 13:29:21.069,0.89085,0.89105,1.00,2.40
2009.11.10 13:29:21.789,0.89085,0.89105,1.00,6.40
2009.11.10 13:29:22.748,0.8908,0.89105,7.60,7.20
2009.11.10 13:29:23.098,0.89075,0.891,7.70,4.00
2009.11.10 13:29:23.378,0.89075,0.89105,8.00,7.20
2009.11.10 13:29:23.978,0.8908,0.891,2.40,4.00
2009.11.10 13:29:24.828,0.89075,0.891,4.50,6.40
2009.11.10 13:29:25.518,0.89075,0.891,4.00,6.40
2009.11.10 13:29:25.798,0.89075,0.891,3.30,14.40
2009.11.10 13:29:26.078,0.89075,0.891,3.20,6.40
2009.11.10 13:29:26.588,0.89075,0.89095,3.20,4.00
2009.11.10 13:29:26.828,0.89075,0.891,3.30,6.40
2009.11.10 13:29:27.178,0.8908,0.89105,7.20,6.40
2009.11.10 13:29:27.507,0.8908,0.891,4.00,4.00
2009.11.10 13:29:27.797,0.89075,0.891,4.90,8.00
2009.11.10 13:29:28.137,0.89075,0.891,9.10,8.00
2009.11.10 13:29:28.487,0.8908,0.891,2.50,4.00
2009.11.10 13:29:28.837,0.8908,0.89105,1.00,7.30
2009.11.10 13:29:29.177,0.8908,0.89105,1.00,10.50
2009.11.10 13:29:29.467,0.89075,0.89105,3.30,26.80
2009.11.10 13:29:29.747,0.89075,0.89105,2.50,27.60
2009.11.10 13:29:30.337,0.89075,0.891,2.70,5.60
2009.11.10 13:29:30.916,0.8908,0.89095,1.00,1.00
2009.11.10 13:29:31.196,0.89075,0.89095,6.40,1.00
2009.11.10 13:29:32.526,0.89075,0.89095,6.40,1.00
2009.11.10 13:29:32.586,0.89075,0.89095,4.10,4.00
2009.11.10 13:29:32.696,0.89075,0.89095,4.10,5.60
2009.11.10 13:29:32.936,0.89075,0.8909,4.00,1.60
2009.11.10 13:29:33.116,0.89075,0.8909,1.00,1.60
2009.11.10 13:29:33.586,0.89075,0.891,7.20,9.70
2009.11.10 13:29:33.936,0.89075,0.891,3.20,9.70
2009.11.10 13:29:34.285,0.89075,0.891,7.20,9.70
2009.11.10 13:29:34.525,0.89075,0.891,3.20,9.70
2009.11.10 13:29:35.036,0.89075,0.891,3.30,9.70
2009.11.10 13:29:35.725,0.8907,0.891,8.10,10.50
2009.11.10 13:29:35.905,0.89075,0.89095,2.40,1.00
2009.11.10 13:29:36.745,0.89075,0.8909,2.40,1.60
2009.11.10 13:29:37.035,0.8907,0.8909,7.30,1.60
2009.11.10 13:29:37.265,0.89075,0.89095,2.40,4.80
2009.11.10 13:29:37.505,0.89075,0.891,3.20,9.70
2009.11.10 13:29:37.745,0.89075,0.891,7.20,8.10
2009.11.10 13:29:37.915,0.89075,0.891,3.30,7.30
2009.11.10 13:29:38.614,0.89075,0.891,7.30,7.30
2009.11.10 13:29:38.854,0.89075,0.89095,7.20,1.00
2009.11.10 13:29:39.084,0.89075,0.8909,1.00,1.60
2009.11.10 13:29:39.314,0.8907,0.8909,7.30,1.60
2009.11.10 13:29:40.004,0.8907,0.89095,8.10,1.00
2009.11.10 13:29:40.294,0.89075,0.891,7.20,7.30
2009.11.10 13:29:40.754,0.89075,0.891,7.20,7.20
2009.11.10 13:29:40.974,0.89075,0.891,7.30,7.30
2009.11.10 13:29:42.064,0.89075,0.891,7.30,6.50
2009.11.10 13:29:42.174,0.8908,0.89095,1.00,1.00
2009.11.10 13:29:42.234,0.8908,0.8909,1.00,1.60
2009.11.10 13:29:42.694,0.8908,0.89095,1.00,2.40
2009.11.10 13:29:42.804,0.8908,0.891,1.00,6.90
2009.11.10 13:29:43.503,0.89075,0.891,7.20,7.30
2009.11.10 13:29:43.843,0.89075,0.891,7.30,7.30
2009.11.10 13:29:45.973,0.8908,0.891,2.40,4.90
2009.11.10 13:29:46.083,0.8908,0.891,2.40,4.00
2009.11.10 13:29:46.433,0.8908,0.891,6.40,1.00
2009.11.10 13:29:46.773,0.8908,0.891,3.20,4.00
2009.11.10 13:29:47.123,0.8908,0.89105,3.20,6.40
2009.11.10 13:29:47.692,0.8908,0.89105,2.40,6.40
2009.11.10 13:29:47.962,0.8908,0.891,2.40,1.00
2009.11.10 13:29:48.082,0.89075,0.891,6.40,5.60
2009.11.10 13:29:48.422,0.8908,0.89095,2.40,4.00
2009.11.10 13:29:48.772,0.8908,0.89105,2.40,7.20
2009.11.10 13:29:50.452,0.8908,0.89105,2.40,8.00
2009.11.10 13:29:51.381,0.8908,0.891,2.40,1.00
2009.11.10 13:29:51.731,0.89075,0.891,6.50,3.20
2009.11.10 13:29:52.081,0.8908,0.89105,2.40,8.80
2009.11.10 13:29:52.721,0.8908,0.891,2.40,1.00
2009.11.10 13:29:53.061,0.89075,0.891,6.50,9.60
2009.11.10 13:29:53.751,0.89075,0.891,7.20,4.80
2009.11.10 13:29:54.161,0.8908,0.891,2.40,2.40
2009.11.10 13:29:54.391,0.8908,0.89105,2.50,8.80
2009.11.10 13:29:54.571,0.89085,0.891,1.00,1.60
2009.11.10 13:29:54.851,0.8908,0.891,6.50,4.00
2009.11.10 13:29:55.151,0.8908,0.891,2.50,4.00
2009.11.10 13:29:56.450,0.8908,0.891,3.30,4.00
2009.11.10 13:29:56.800,0.8908,0.891,3.30,8.80
2009.11.10 13:29:57.080,0.8908,0.89095,3.30,4.00
2009.11.10 13:29:57.321,0.8908,0.89095,3.50,4.00
2009.11.10 13:29:57.440,0.8908,0.89095,3.30,4.00
2009.11.10 13:29:57.610,0.89085,0.89095,2.40,4.00
2009.11.10 13:29:57.720,0.89085,0.891,2.40,4.00
2009.11.10 13:29:58.060,0.89085,0.89105,2.40,1.60
2009.11.10 13:29:58.410,0.89085,0.89105,2.40,1.00
2009.11.10 13:29:58.920,0.89085,0.89105,2.50,1.60
2009.11.10 13:29:59.100,0.89085,0.89105,1.00,4.00
2009.11.10 13:29:59.510,0.89085,0.891,1.00,1.60
2009.11.10 13:29:59.629,0.8908,0.891,7.30,1.60
2009.11.10 13:29:59.799,0.8908,0.891,7.20,1.60
2009.11.10 13:30:00.079,0.89075,0.891,7.20,4.00
2009.11.10 13:30:00.369,0.89075,0.891,7.20,8.80
2009.11.10 13:30:01.009,0.89075,0.891,7.20,4.80
2009.11.10 13:30:01.249,0.89075,0.891,7.30,4.80
2009.11.10 13:30:01.489,0.89075,0.891,6.50,5.60
2009.11.10 13:30:02.009,0.89075,0.891,6.50,8.80
2009.11.10 13:30:02.349,0.89075,0.8909,4.10,1.60
2009.11.10 13:30:03.029,0.89075,0.8909,1.00,1.60
2009.11.10 13:30:04.938,0.8907,0.8909,7.30,1.60
2009.11.10 13:30:05.708,0.8907,0.8909,7.30,4.00
2009.11.10 13:30:05.768,0.89075,0.8909,1.00,4.00
2009.11.10 13:30:06.418,0.89075,0.8909,1.00,4.80
2009.11.10 13:30:06.788,0.89075,0.8909,1.00,8.80
2009.11.10 13:30:07.148,0.8907,0.8909,1.00,12.00
2009.11.10 13:30:07.428,0.89065,0.8909,3.20,10.40
2009.11.10 13:30:07.948,0.89065,0.8909,4.80,10.80
2009.11.10 13:30:08.238,0.89065,0.8909,7.20,9.70
2009.11.10 13:30:08.527,0.89065,0.89085,6.50,2.40
2009.11.10 13:30:08.817,0.8907,0.89085,2.80,1.00
2009.11.10 13:30:09.107,0.8907,0.89095,2.80,8.00
2009.11.10 13:30:09.457,0.8907,0.89095,3.60,7.20
2009.11.10 13:30:10.767,0.8907,0.89095,3.60,7.20
2009.11.10 13:30:12.606,0.89075,0.89095,2.40,14.40
2009.11.10 13:30:16.606,0.89075,0.8909,4.00,4.00
2009.11.10 13:30:16.895,0.8908,0.8909,2.40,4.00
2009.11.10 13:30:17.225,0.89075,0.89095,2.40,6.40
2009.11.10 13:30:17.455,0.89075,0.8909,3.20,4.00
2009.11.10 13:30:18.105,0.89075,0.8909,2.80,4.00
2009.11.10 13:30:18.455,0.8908,0.89095,1.00,6.40
2009.11.10 13:30:19.135,0.8908,0.89095,1.00,8.80
2009.11.10 13:30:19.255,0.89075,0.89095,4.40,7.20
2009.11.10 13:30:19.375,0.89075,0.8909,2.80,1.00
2009.11.10 13:30:19.825,0.89075,0.8909,3.20,1.00
2009.11.10 13:30:21.574,0.89075,0.89095,3.20,7.20
2009.11.10 13:30:24.593,0.8907,0.89095,4.90,7.20
2009.11.10 13:30:26.183,0.8907,0.89095,4.80,7.20
2009.11.10 13:30:26.363,0.8907,0.8909,2.40,4.00
2009.11.10 13:30:26.593,0.8907,0.8909,1.00,8.00
2009.11.10 13:30:26.813,0.8907,0.8909,4.80,4.00
2009.11.10 13:30:27.333,0.8907,0.8909,4.90,4.00
2009.11.10 13:30:27.623,0.89075,0.89095,2.80,6.40
2009.11.10 13:30:28.782,0.89075,0.89095,1.00,6.40
2009.11.10 13:30:29.132,0.89075,0.89095,1.00,10.40
2009.11.10 13:30:29.412,0.89075,0.89095,1.00,14.40
2009.11.10 13:30:29.932,0.8907,0.89095,4.90,14.40
2009.11.10 13:30:31.332,0.89065,0.89095,8.50,19.20
2009.11.10 13:30:31.632,0.89065,0.89095,5.30,16.00
2009.11.10 13:30:31.912,0.8907,0.89095,3.60,15.20
2009.11.10 13:30:32.532,0.8907,0.8909,4.10,1.00
2009.11.10 13:30:33.521,0.89075,0.89095,1.00,6.40
2009.11.10 13:30:36.421,0.89075,0.89095,2.80,6.40
2009.11.10 13:30:38.870,0.89075,0.89095,1.00,6.40
2009.11.10 13:30:39.230,0.89075,0.8909,1.00,1.60
2009.11.10 13:30:39.560,0.89075,0.8909,1.70,1.60
2009.11.10 13:30:40.710,0.89075,0.89095,1.00,10.40
2009.11.10 13:30:41.109,0.89075,0.89095,1.00,6.40
2009.11.10 13:30:41.289,0.89075,0.89095,1.00,6.40
2009.11.10 13:30:42.329,0.89075,0.89095,1.00,10.40
2009.11.10 13:30:43.169,0.89075,0.89095,1.00,11.20
2009.11.10 13:30:43.449,0.8907,0.8909,1.00,9.60
2009.11.10 13:30:43.969,0.8907,0.8909,1.00,9.60
2009.11.10 13:30:44.239,0.89075,0.8909,1.20,4.80
2009.11.10 13:30:44.519,0.89075,0.8909,4.00,4.00
2009.11.10 13:30:45.229,0.89075,0.8909,1.60,6.40
2009.11.10 13:30:45.559,0.89075,0.8909,1.00,4.00
2009.11.10 13:30:45.908,0.8907,0.8909,1.60,2.40
2009.11.10 13:30:46.258,0.8907,0.8909,2.80,4.80
2009.11.10 13:30:46.608,0.8907,0.8909,2.80,4.00
2009.11.10 13:30:47.628,0.89065,0.8909,7.20,18.50
2009.11.10 13:30:47.858,0.89065,0.8908,1.00,2.40
2009.11.10 13:30:48.218,0.8906,0.8908,1.00,2.40
2009.11.10 13:30:48.558,0.8906,0.8908,1.00,6.40
2009.11.10 13:30:49.407,0.89055,0.8908,4.10,6.40
2009.11.10 13:30:49.688,0.89055,0.8908,5.00,7.20
2009.11.10 13:30:49.917,0.8906,0.8908,1.00,6.40
2009.11.10 13:30:51.657,0.8906,0.8908,1.00,7.20
2009.11.10 13:30:51.887,0.8906,0.8908,1.00,6.40
2009.11.10 13:30:52.067,0.8906,0.8908,1.00,7.20
2009.11.10 13:30:52.747,0.8906,0.8908,1.00,15.20
2009.11.10 13:30:53.267,0.8906,0.8908,1.00,15.20
2009.11.10 13:30:54.576,0.8906,0.8908,2.90,14.40
2009.11.10 13:30:54.746,0.8906,0.8908,1.30,14.40
2009.11.10 13:30:54.976,0.8906,0.8908,1.00,6.40
2009.11.10 13:30:55.306,0.8906,0.8908,1.00,14.40
2009.11.10 13:30:56.236,0.8906,0.8908,1.00,14.40
2009.11.10 13:30:56.586,0.8906,0.8908,2.80,6.40
2009.11.10 13:30:56.926,0.89065,0.8908,1.00,6.40
2009.11.10 13:30:57.226,0.8906,0.8908,1.00,6.40
2009.11.10 13:30:59.765,0.8906,0.8908,1.70,6.40
2009.11.10 13:30:59.935,0.8906,0.89075,1.70,4.00
2009.11.10 13:31:00.165,0.8906,0.8908,1.70,7.20
2009.11.10 13:31:01.065,0.8906,0.8908,1.30,7.20
2009.11.10 13:31:01.395,0.8906,0.8908,1.00,7.20
2009.11.10 13:31:03.524,0.8906,0.8908,3.30,8.00
2009.11.10 13:31:03.884,0.8906,0.8908,3.60,4.00
2009.11.10 13:31:04.224,0.8906,0.89085,6.80,9.80
2009.11.10 13:31:04.614,0.8906,0.89085,2.80,9.80
2009.11.10 13:31:04.914,0.8906,0.89085,2.80,9.00
2009.11.10 13:31:05.893,0.8906,0.89085,2.80,17.00
2009.11.10 13:31:06.583,0.8906,0.8908,3.20,4.00
2009.11.10 13:31:07.993,0.8906,0.8908,2.80,4.00
2009.11.10 13:31:09.263,0.8906,0.89085,8.00,10.40
2009.11.10 13:31:09.423,0.8906,0.89085,8.10,6.40
2009.11.10 13:31:09.533,0.8906,0.89085,9.70,2.40
2009.11.10 13:31:10.222,0.8906,0.89085,9.70,2.40
2009.11.10 13:31:10.462,0.8906,0.89085,9.70,2.40
2009.11.10 13:31:11.892,0.89065,0.89085,2.40,6.40
2009.11.10 13:31:12.752,0.89065,0.89085,2.40,2.40
2009.11.10 13:31:13.442,0.89065,0.89085,2.80,6.40
2009.11.10 13:31:14.222,0.8906,0.89085,4.40,12.80
2009.11.10 13:31:14.512,0.8906,0.89085,1.00,16.90
2009.11.10 13:31:14.852,0.89055,0.8908,6.80,6.40
2009.11.10 13:31:15.191,0.8906,0.8908,1.00,6.40
2009.11.10 13:31:15.541,0.8906,0.8908,1.00,8.00
2009.11.10 13:31:15.701,0.8906,0.8908,1.00,6.40
2009.11.10 13:31:15.871,0.89055,0.8908,4.80,6.40
2009.11.10 13:31:16.051,0.89055,0.8908,4.80,8.00
2009.11.10 13:31:16.681,0.89055,0.8908,8.80,4.00
2009.11.10 13:31:17.031,0.8906,0.8908,4.00,4.00
2009.11.10 13:31:17.361,0.8906,0.89085,6.90,4.10
2009.11.10 13:31:17.811,0.89065,0.89085,4.00,4.10
2009.11.10 13:31:23.689,0.89065,0.8908,4.00,5.20
2009.11.10 13:31:23.979,0.89055,0.8908,10.10,8.00
2009.11.10 13:31:24.149,0.8906,0.8908,4.80,3.20
2009.11.10 13:31:24.429,0.8906,0.8908,4.00,3.20
2009.11.10 13:31:24.609,0.89055,0.8908,11.30,7.20
2009.11.10 13:31:24.839,0.8906,0.8908,1.00,7.20
2009.11.10 13:31:24.899,0.8906,0.8908,1.00,8.80
2009.11.10 13:31:25.299,0.8906,0.8908,1.00,6.40
2009.11.10 13:31:25.639,0.8906,0.89085,4.40,6.40
2009.11.10 13:31:25.979,0.89065,0.89085,3.20,4.00
2009.11.10 13:31:26.219,0.89065,0.89085,2.40,4.00
2009.11.10 13:31:26.448,0.8906,0.89085,2.80,6.40
2009.11.10 13:31:27.378,0.8906,0.89085,2.80,11.20
2009.11.10 13:31:27.488,0.8906,0.89085,2.80,15.20
2009.11.10 13:31:27.548,0.8906,0.89085,2.80,11.20
2009.11.10 13:31:27.658,0.8906,0.89085,2.80,7.20
2009.11.10 13:31:28.838,0.8906,0.89085,3.60,6.40
2009.11.10 13:31:29.178,0.8906,0.89085,7.60,6.40
2009.11.10 13:31:29.968,0.8906,0.89085,2.80,6.40
2009.11.10 13:31:30.198,0.8906,0.89085,3.60,6.40
2009.11.10 13:31:34.287,0.8906,0.89085,4.00,6.40
2009.11.10 13:31:34.577,0.8906,0.89085,7.60,6.40
2009.11.10 13:31:34.937,0.8906,0.89085,3.60,6.40
2009.11.10 13:31:35.636,0.8906,0.8908,3.60,4.00
2009.11.10 13:31:40.825,0.8906,0.89085,8.80,4.00
2009.11.10 13:31:41.845,0.8906,0.89085,5.70,4.00
2009.11.10 13:31:42.405,0.89065,0.89085,1.00,4.00
2009.11.10 13:31:43.974,0.89065,0.89085,1.00,6.40
2009.11.10 13:31:44.364,0.8906,0.89085,1.00,8.40
2009.11.10 13:31:44.704,0.8906,0.89085,2.80,6.40
2009.11.10 13:31:45.044,0.8906,0.89085,3.60,4.00
2009.11.10 13:31:45.274,0.8906,0.89085,8.00,4.00
2009.11.10 13:31:45.734,0.8906,0.89085,4.00,4.00
2009.11.10 13:31:47.594,0.8906,0.89085,4.00,6.40
2009.11.10 13:31:47.824,0.8906,0.8908,2.40,4.00
2009.11.10 13:31:48.004,0.8906,0.8908,3.20,4.00
2009.11.10 13:31:48.183,0.8906,0.89085,3.20,4.80
2009.11.10 13:31:48.533,0.8906,0.89085,4.00,4.00
2009.11.10 13:31:48.893,0.8906,0.89085,3.20,6.40
2009.11.10 13:31:49.243,0.89055,0.89085,8.00,8.80
2009.11.10 13:31:49.533,0.89055,0.89075,7.70,2.40
2009.11.10 13:31:49.823,0.89055,0.89075,2.50,4.00
2009.11.10 13:31:50.103,0.89055,0.89075,2.50,4.80
2009.11.10 13:31:50.393,0.89055,0.89075,2.40,4.00
2009.11.10 13:31:50.903,0.89055,0.89075,2.80,4.00
2009.11.10 13:31:51.143,0.89055,0.89075,2.40,4.00
2009.11.10 13:31:52.003,0.8905,0.89075,7.70,1.00
2009.11.10 13:31:52.293,0.8905,0.89075,3.30,4.00
2009.11.10 13:31:52.632,0.8905,0.89075,7.30,4.00
2009.11.10 13:31:53.252,0.8905,0.89075,3.30,4.00
2009.11.10 13:31:53.842,0.8905,0.89075,3.30,4.10
2009.11.10 13:31:54.962,0.89055,0.89075,2.40,4.00
2009.11.10 13:31:55.472,0.89055,0.89075,3.20,4.00
2009.11.10 13:31:55.701,0.89055,0.8908,7.20,4.00
2009.11.10 13:31:56.051,0.8906,0.8908,1.00,4.00
2009.11.10 13:31:56.381,0.89055,0.8908,8.80,4.00
2009.11.10 13:31:56.741,0.8906,0.8908,3.30,4.00
2009.11.10 13:31:57.421,0.8906,0.8908,3.30,2.40
2009.11.10 13:31:57.751,0.8906,0.8908,7.30,2.40
2009.11.10 13:31:58.091,0.8906,0.8908,3.30,2.40
2009.11.10 13:31:58.331,0.8906,0.8908,2.50,2.40
2009.11.10 13:31:58.671,0.8906,0.8908,6.50,2.40
2009.11.10 13:31:58.961,0.8906,0.89085,6.50,8.90
2009.11.10 13:31:59.081,0.8906,0.89085,6.50,8.10
2009.11.10 13:31:59.251,0.8906,0.89085,2.50,7.30
2009.11.10 13:31:59.371,0.8906,0.89085,3.30,7.30
2009.11.10 13:31:59.881,0.8906,0.89085,7.30,7.30
2009.11.10 13:32:01.530,0.8906,0.89085,7.30,6.50
2009.11.10 13:32:02.350,0.8906,0.89085,7.20,9.00
2009.11.10 13:32:02.520,0.8906,0.89085,1.00,18.20
2009.11.10 13:32:02.750,0.89055,0.8908,1.00,4.90
2009.11.10 13:32:03.280,0.89055,0.8908,1.00,4.10
2009.11.10 13:32:05.719,0.89055,0.8908,1.70,4.10
2009.11.10 13:32:05.889,0.89055,0.8908,1.60,4.10
2009.11.10 13:32:06.049,0.89055,0.8907,1.00,2.40
2009.11.10 13:32:06.219,0.8905,0.8907,8.10,2.40
2009.11.10 13:32:06.569,0.8905,0.89075,7.30,6.50
2009.11.10 13:32:07.269,0.8905,0.8908,8.10,10.50
2009.11.10 13:32:07.429,0.8905,0.89075,4.10,4.00
2009.11.10 13:32:07.539,0.89055,0.89075,3.60,4.00
2009.11.10 13:32:07.709,0.89055,0.8908,6.40,7.30
2009.11.10 13:32:08.478,0.89055,0.8908,9.70,7.20
2009.11.10 13:32:09.198,0.89055,0.8908,9.70,7.30
2009.11.10 13:32:09.548,0.89055,0.8908,9.90,7.20
2009.11.10 13:32:09.888,0.89055,0.8908,11.00,4.00
2009.11.10 13:32:11.048,0.89055,0.8908,9.30,5.70
2009.11.10 13:32:11.338,0.89055,0.8908,5.70,9.20
2009.11.10 13:32:11.558,0.89055,0.8908,1.00,9.20
2009.11.10 13:32:12.557,0.89055,0.8908,1.00,9.30
2009.11.10 13:32:13.007,0.89055,0.8908,1.00,9.30
2009.11.10 13:32:13.357,0.8905,0.8908,9.50,9.70
2009.11.10 13:32:15.097,0.89055,0.8908,6.60,4.80
2009.11.10 13:32:15.507,0.89055,0.89085,23.40,1.00
2009.11.10 13:32:15.847,0.8907,0.8909,4.00,1.60
2009.11.10 13:32:16.526,0.8907,0.8909,4.00,2.40
2009.11.10 13:32:17.006,0.89065,0.8909,7.20,2.40
2009.11.10 13:32:17.126,0.89065,0.8909,8.00,1.60
2009.11.10 13:32:18.296,0.89065,0.8909,4.80,10.70
2009.11.10 13:32:18.626,0.89065,0.8909,7.20,6.40
2009.11.10 13:32:19.026,0.89065,0.89085,7.20,4.00
2009.11.10 13:32:19.196,0.89065,0.89085,3.20,4.00
2009.11.10 13:32:19.316,0.89065,0.89085,2.40,4.00
2009.11.10 13:32:19.426,0.89065,0.89085,6.90,4.00
2009.11.10 13:32:19.486,0.8907,0.8909,2.50,8.80
2009.11.10 13:32:19.726,0.8907,0.8909,4.90,5.60
2009.11.10 13:32:19.946,0.8907,0.8909,5.30,4.00
2009.11.10 13:32:20.006,0.8907,0.8909,4.50,1.60
2009.11.10 13:32:20.346,0.8907,0.8909,3.30,4.00
2009.11.10 13:32:20.696,0.8907,0.89095,3.30,6.50
2009.11.10 13:32:21.055,0.8907,0.89095,2.50,6.50
2009.11.10 13:32:24.375,0.8907,0.89095,2.50,8.90
2009.11.10 13:32:24.544,0.8907,0.8909,2.50,2.40
2009.11.10 13:32:24.894,0.8907,0.89095,6.50,6.50
2009.11.10 13:32:25.564,0.8907,0.89095,6.50,2.50
2009.11.10 13:32:25.674,0.8907,0.89095,2.50,6.50
2009.11.10 13:32:31.153,0.8907,0.89095,2.50,9.70
2009.11.10 13:32:34.902,0.8907,0.89095,2.50,10.50
2009.11.10 13:32:35.072,0.89065,0.89085,6.40,4.00
2009.11.10 13:32:35.532,0.89065,0.89085,4.80,4.00
2009.11.10 13:32:35.763,0.89065,0.8909,6.40,5.70
2009.11.10 13:32:35.992,0.89065,0.89085,4.00,4.00
2009.11.10 13:32:36.232,0.8906,0.89085,8.10,4.80
2009.11.10 13:32:36.402,0.8906,0.89085,11.30,4.00
2009.11.10 13:32:36.641,0.89065,0.8909,2.40,9.70
2009.11.10 13:32:36.982,0.89065,0.8909,7.20,9.70
2009.11.10 13:32:37.331,0.89065,0.8909,3.20,16.90
2009.11.10 13:32:38.061,0.89065,0.8909,3.30,8.90
2009.11.10 13:32:39.061,0.89065,0.8909,2.50,8.90
2009.11.10 13:32:44.110,0.8907,0.8909,2.50,6.40
2009.11.10 13:32:44.460,0.89065,0.8909,4.10,8.00
2009.11.10 13:32:45.650,0.89065,0.8909,4.10,8.10
2009.11.10 13:32:46.629,0.89065,0.8909,8.10,6.50
2009.11.10 13:32:46.849,0.89065,0.8909,8.10,8.10
2009.11.10 13:32:48.499,0.8907,0.89085,4.00,1.00
2009.11.10 13:32:48.849,0.8907,0.8909,4.00,4.10
2009.11.10 13:32:49.259,0.89065,0.8909,11.30,4.10
2009.11.10 13:32:49.369,0.89065,0.8909,7.30,4.10
2009.11.10 13:32:49.609,0.89065,0.8909,6.50,4.10
2009.11.10 13:32:50.808,0.8907,0.8909,2.50,2.40
2009.11.10 13:32:51.108,0.89065,0.8909,8.10,4.10
2009.11.10 13:32:54.228,0.89065,0.8909,3.30,8.10
2009.11.10 13:32:55.047,0.89065,0.89085,1.00,4.00
2009.11.10 13:32:55.287,0.89065,0.89085,3.20,4.00
2009.11.10 13:32:55.587,0.89065,0.8909,8.80,6.50
2009.11.10 13:32:55.887,0.8907,0.8909,2.40,4.00
2009.11.10 13:32:56.167,0.8907,0.8909,1.00,4.00
2009.11.10 13:32:56.497,0.89065,0.8909,3.30,8.00
2009.11.10 13:32:56.837,0.89065,0.8909,3.30,8.10
2009.11.10 13:32:57.187,0.89065,0.8909,7.30,8.00
2009.11.10 13:32:57.946,0.89065,0.8909,7.30,8.10
2009.11.10 13:32:58.866,0.89065,0.8909,3.30,8.10
2009.11.10 13:32:59.726,0.89065,0.8909,2.50,8.10
2009.11.10 13:33:00.776,0.89065,0.8909,6.50,8.10
2009.11.10 13:33:02.575,0.89065,0.8909,8.00,6.50
2009.11.10 13:33:02.915,0.89065,0.89085,6.40,2.50
2009.11.10 13:33:03.275,0.89065,0.89085,4.00,2.50
2009.11.10 13:33:03.545,0.8906,0.89085,6.50,2.50
2009.11.10 13:33:04.115,0.8907,0.8909,2.40,1.00
2009.11.10 13:33:04.455,0.89065,0.89085,2.40,2.40
2009.11.10 13:33:04.795,0.89065,0.8909,6.40,3.30
2009.11.10 13:33:05.425,0.89065,0.8909,9.30,2.50
2009.11.10 13:33:05.775,0.8907,0.8909,2.40,1.00
2009.11.10 13:33:06.135,0.8907,0.8909,6.40,1.00
2009.11.10 13:33:06.424,0.8907,0.8909,2.40,1.00
2009.11.10 13:33:09.284,0.8907,0.89095,2.40,3.30
2009.11.10 13:33:09.574,0.8907,0.89095,2.40,15.30
2009.11.10 13:33:09.864,0.8907,0.8909,2.40,4.10
2009.11.10 13:33:10.443,0.8907,0.8909,2.40,8.10
2009.11.10 13:33:10.733,0.8907,0.8909,2.50,4.00
2009.11.10 13:33:12.503,0.89065,0.8909,8.90,6.50
2009.11.10 13:33:12.733,0.89065,0.8909,2.50,6.50
2009.11.10 13:33:15.162,0.89065,0.8909,2.50,7.30
2009.11.10 13:33:15.392,0.89065,0.89085,2.40,2.50
2009.11.10 13:33:15.672,0.89065,0.89085,2.50,4.00
2009.11.10 13:33:15.952,0.89065,0.8909,2.50,6.50
2009.11.10 13:33:16.842,0.8907,0.89085,2.40,1.00
2009.11.10 13:33:17.072,0.89065,0.89085,3.20,4.80
2009.11.10 13:33:17.592,0.89065,0.89085,3.20,4.00
2009.11.10 13:33:17.822,0.8906,0.89085,3.20,6.40
2009.11.10 13:33:18.112,0.8906,0.89085,3.20,7.20
2009.11.10 13:33:18.452,0.8906,0.8908,3.20,4.00
2009.11.10 13:33:19.391,0.8906,0.8908,2.40,4.00
2009.11.10 13:33:19.502,0.8906,0.8908,4.00,2.40
2009.11.10 13:33:19.561,0.8906,0.8908,6.40,1.00
2009.11.10 13:33:19.681,0.89065,0.8908,1.00,12.00
2009.11.10 13:33:19.902,0.8906,0.8908,1.00,14.40
2009.11.10 13:33:19.962,0.8906,0.89075,1.60,4.00
2009.11.10 13:33:20.021,0.8906,0.89075,1.00,4.00
2009.11.10 13:33:20.201,0.8906,0.8908,1.00,6.40
2009.11.10 13:33:20.371,0.8906,0.8908,1.00,10.40
2009.11.10 13:33:20.431,0.8906,0.8908,1.00,6.40
2009.11.10 13:33:21.991,0.89055,0.8908,3.30,6.40
2009.11.10 13:33:22.221,0.89055,0.8908,3.20,6.40
2009.11.10 13:33:22.620,0.89055,0.8908,3.30,6.40
2009.11.10 13:33:22.790,0.89055,0.8908,3.20,10.40
2009.11.10 13:33:23.130,0.89065,0.89085,1.00,7.20
2009.11.10 13:33:23.531,0.8906,0.8908,2.50,4.00
2009.11.10 13:33:23.830,0.8906,0.8908,4.30,4.00
2009.11.10 13:33:24.230,0.8906,0.89085,5.10,7.20
2009.11.10 13:33:24.810,0.8906,0.89085,5.10,6.40
2009.11.10 13:33:29.209,0.8906,0.89085,3.50,8.00
2009.11.10 13:33:29.499,0.89065,0.89085,1.00,12.00
2009.11.10 13:33:29.719,0.89065,0.89085,1.00,15.20
2009.11.10 13:33:29.999,0.89065,0.89085,1.00,6.40
2009.11.10 13:33:30.729,0.89065,0.89085,2.40,4.00
2009.11.10 13:33:32.448,0.8906,0.89085,3.30,16.40
2009.11.10 13:33:32.678,0.8906,0.89085,6.50,12.90
2009.11.10 13:33:33.048,0.8906,0.89085,6.50,4.10
2009.11.10 13:33:33.398,0.8906,0.89085,6.50,8.10
2009.11.10 13:33:33.578,0.8906,0.89085,6.50,12.10
2009.11.10 13:33:37.277,0.8906,0.89085,6.50,8.10
2009.11.10 13:33:37.557,0.8906,0.89085,6.50,4.10
2009.11.10 13:33:38.877,0.8906,0.8908,6.50,4.00
2009.11.10 13:33:39.746,0.8906,0.89085,6.50,8.10
2009.11.10 13:33:39.976,0.8906,0.89085,6.50,4.10
2009.11.10 13:33:41.556,0.8906,0.89085,5.70,6.50
2009.11.10 13:33:43.766,0.8906,0.89085,4.90,6.50
2009.11.10 13:33:43.935,0.8906,0.89085,5.70,6.90
2009.11.10 13:33:44.165,0.8906,0.89085,4.90,7.30
2009.11.10 13:33:44.335,0.8906,0.89085,5.70,6.50
2009.11.10 13:33:44.905,0.8906,0.89085,3.20,8.70
2009.11.10 13:33:45.185,0.8906,0.8908,4.90,4.00
2009.11.10 13:33:45.415,0.8906,0.8908,5.70,4.00
2009.11.10 13:33:46.185,0.8906,0.89085,5.70,10.50
2009.11.10 13:33:46.405,0.8906,0.89085,5.70,14.50
2009.11.10 13:33:48.094,0.8906,0.89085,4.90,14.50
2009.11.10 13:33:48.314,0.8906,0.8908,2.50,4.00
2009.11.10 13:33:49.254,0.8906,0.89085,2.50,9.30
2009.11.10 13:33:51.614,0.8906,0.89085,2.50,9.70
2009.11.10 13:33:53.173,0.8906,0.8908,2.50,4.00
2009.11.10 13:33:58.252,0.8906,0.8908,1.00,6.40
2009.11.10 13:33:58.422,0.8906,0.8908,2.50,4.00
2009.11.10 13:33:58.602,0.8906,0.8908,1.00,7.20
2009.11.10 13:33:59.132,0.8906,0.8908,1.00,8.00
2009.11.10 13:33:59.752,0.8906,0.8908,2.50,4.00
2009.11.10 13:34:00.092,0.89055,0.8908,7.20,1.00
2009.11.10 13:34:00.432,0.8906,0.8908,2.40,4.80
2009.11.10 13:34:00.721,0.8906,0.8908,2.40,1.00
2009.11.10 13:34:01.391,0.89055,0.89085,7.20,8.00
2009.11.10 13:34:01.742,0.89055,0.89085,6.40,8.80
2009.11.10 13:34:02.731,0.89055,0.89085,6.50,8.80
2009.11.10 13:34:03.081,0.89055,0.89085,4.90,13.00
2009.11.10 13:34:03.251,0.89055,0.8908,4.10,7.30
2009.11.10 13:34:03.711,0.89055,0.8908,5.70,7.30
2009.11.10 13:34:03.941,0.89055,0.8908,9.40,4.00
2009.11.10 13:34:04.231,0.89055,0.8908,4.90,3.30
2009.11.10 13:34:04.511,0.89055,0.8908,4.10,7.30
2009.11.10 13:34:05.081,0.8906,0.8908,2.40,4.10
2009.11.10 13:34:05.360,0.8906,0.8908,3.30,4.80
2009.11.10 13:34:05.640,0.8906,0.8908,7.30,1.00
2009.11.10 13:34:05.860,0.8906,0.89085,13.70,1.60
2009.11.10 13:34:06.141,0.89065,0.89085,4.00,1.60
2009.11.10 13:34:06.470,0.8906,0.89085,9.70,1.60
2009.11.10 13:34:07.460,0.89065,0.89085,4.10,4.00
2009.11.10 13:34:07.630,0.89065,0.89085,4.00,4.80
2009.11.10 13:34:07.980,0.89065,0.89085,4.00,3.20
2009.11.10 13:34:08.840,0.89065,0.89085,4.10,3.20
2009.11.10 13:34:09.419,0.89065,0.8909,4.10,8.10
2009.11.10 13:34:09.839,0.89065,0.8909,1.00,16.10
2009.11.10 13:34:10.129,0.89065,0.8909,4.10,8.10
2009.11.10 13:34:10.299,0.89065,0.8909,4.00,8.00
2009.11.10 13:34:10.409,0.89065,0.8909,7.20,4.80
2009.11.10 13:34:10.749,0.89065,0.8909,7.20,1.00
2009.11.10 13:34:11.099,0.89065,0.8909,7.30,4.80
2009.11.10 13:34:11.449,0.89065,0.8909,7.30,1.00
2009.11.10 13:34:11.679,0.89065,0.8909,15.30,1.00
2009.11.10 13:34:12.419,0.89065,0.8909,6.50,1.70
2009.11.10 13:34:12.649,0.89065,0.8909,4.00,5.10
2009.11.10 13:34:12.888,0.89065,0.8909,4.00,6.20
2009.11.10 13:34:14.418,0.89065,0.89085,6.40,1.00
2009.11.10 13:34:14.758,0.89065,0.8909,7.30,4.00
2009.11.10 13:34:15.748,0.89065,0.8909,7.30,4.10
2009.11.10 13:34:16.048,0.89065,0.8909,6.50,4.10
2009.11.10 13:34:17.518,0.89065,0.89085,6.40,1.00
2009.11.10 13:34:17.977,0.89065,0.8909,6.50,4.10
2009.11.10 13:34:18.267,0.89065,0.8909,6.40,4.30
2009.11.10 13:34:18.947,0.89065,0.89085,6.40,1.00
2009.11.10 13:34:19.297,0.89065,0.8909,6.50,4.10
2009.11.10 13:34:19.587,0.89065,0.8909,6.40,4.30
2009.11.10 13:34:20.057,0.89065,0.89085,2.40,1.00
2009.11.10 13:34:20.637,0.89065,0.89085,2.40,4.10
2009.11.10 13:34:20.916,0.8906,0.89085,10.30,4.90
2009.11.10 13:34:21.206,0.8906,0.89085,18.30,4.90
2009.11.10 13:34:21.946,0.8906,0.89085,10.30,4.90
2009.11.10 13:34:22.236,0.89065,0.89085,4.00,3.30
2009.11.10 13:34:23.446,0.89065,0.89085,7.20,1.00
2009.11.10 13:34:25.166,0.89065,0.8909,4.00,8.10
2009.11.10 13:34:26.125,0.8906,0.8909,15.90,8.10
2009.11.10 13:34:26.355,0.8906,0.8909,19.90,8.10
2009.11.10 13:34:27.125,0.8906,0.8909,20.00,8.10
2009.11.10 13:34:27.465,0.89065,0.89085,4.00,1.00
2009.11.10 13:34:27.825,0.8907,0.89085,2.40,1.00
2009.11.10 13:34:28.175,0.8907,0.89085,2.40,1.00
2009.11.10 13:34:28.515,0.8907,0.8909,2.40,4.80
2009.11.10 13:34:28.975,0.8907,0.8909,4.00,4.80
2009.11.10 13:34:29.315,0.8907,0.8909,4.00,1.00
2009.11.10 13:34:29.904,0.89075,0.8909,2.40,4.00
2009.11.10 13:34:30.524,0.89075,0.89095,2.40,4.80
2009.11.10 13:34:34.833,0.89075,0.89095,2.40,4.90
2009.11.10 13:34:36.333,0.8907,0.89095,4.90,7.30
2009.11.10 13:34:36.623,0.8907,0.89095,4.10,9.70
2009.11.10 13:34:36.913,0.8907,0.8909,4.10,4.00
2009.11.10 13:34:37.492,0.8907,0.8909,4.00,4.00
2009.11.10 13:34:37.772,0.8907,0.89085,4.00,4.00
2009.11.10 13:34:38.062,0.8907,0.8909,4.10,4.00
2009.11.10 13:34:39.532,0.8907,0.8909,4.00,4.10
2009.11.10 13:34:39.812,0.8907,0.8909,4.10,4.00
2009.11.10 13:34:40.102,0.8907,0.8909,4.00,4.10
2009.11.10 13:34:40.272,0.8907,0.8909,4.10,4.00
2009.11.10 13:34:40.632,0.8907,0.8909,4.00,4.10
2009.11.10 13:34:41.042,0.8907,0.8909,4.10,4.00
2009.11.10 13:34:41.262,0.8907,0.8909,4.00,4.10
2009.11.10 13:34:44.461,0.8907,0.89085,2.40,1.00
2009.11.10 13:34:44.681,0.89065,0.8909,2.40,7.30
2009.11.10 13:34:44.841,0.89065,0.89085,2.40,4.00
2009.11.10 13:34:45.071,0.89065,0.89085,2.40,4.10
2009.11.10 13:34:45.601,0.89065,0.89085,2.40,4.00
2009.11.10 13:34:45.940,0.89065,0.89085,2.40,4.90
2009.11.10 13:34:47.160,0.89065,0.89085,2.40,4.80
2009.11.10 13:34:48.310,0.89065,0.89085,4.00,4.80
2009.11.10 13:34:48.490,0.8907,0.89085,2.40,4.00
2009.11.10 13:34:48.890,0.89075,0.89085,2.40,4.00
2009.11.10 13:34:49.570,0.89075,0.89095,2.40,7.30
2009.11.10 13:34:49.900,0.89075,0.89095,2.40,3.30
2009.11.10 13:34:50.630,0.89075,0.89095,2.40,3.20
2009.11.10 13:34:50.979,0.89075,0.89095,2.40,1.00
2009.11.10 13:34:51.619,0.8907,0.89095,7.20,1.00
2009.11.10 13:34:51.799,0.8907,0.89095,7.30,3.20
2009.11.10 13:34:52.649,0.8907,0.89095,3.20,7.20
2009.11.10 13:34:53.349,0.8907,0.89095,7.20,7.20
2009.11.10 13:34:53.589,0.8907,0.89095,3.20,7.20
2009.11.10 13:34:56.968,0.89065,0.8909,8.10,2.50
2009.11.10 13:34:57.318,0.89065,0.8909,4.10,6.50
2009.11.10 13:34:57.718,0.89065,0.8909,8.10,6.50
2009.11.10 13:35:01.547,0.89065,0.8909,7.30,6.50
2009.11.10 13:35:03.166,0.89065,0.8909,6.50,6.50
2009.11.10 13:35:03.576,0.89065,0.8909,7.30,6.50
2009.11.10 13:35:03.836,0.89065,0.8909,3.30,6.50
2009.11.10 13:35:04.336,0.89065,0.8909,4.80,14.80
2009.11.10 13:35:04.566,0.8906,0.8909,7.30,16.80
2009.11.10 13:35:04.796,0.8906,0.8909,6.50,11.70
2009.11.10 13:35:05.126,0.89065,0.8909,2.40,7.20
2009.11.10 13:35:05.476,0.8907,0.8909,2.40,4.80
2009.11.10 13:35:05.876,0.89065,0.8909,2.50,4.80
2009.11.10 13:35:06.116,0.89065,0.8909,2.50,4.80
2009.11.10 13:35:06.595,0.8907,0.8909,2.40,4.80
2009.11.10 13:35:06.775,0.89065,0.8909,2.40,4.80
2009.11.10 13:35:07.125,0.89065,0.8909,2.50,4.80
2009.11.10 13:35:07.465,0.89065,0.8909,6.50,4.80
2009.11.10 13:35:07.815,0.89065,0.8909,6.40,4.80
2009.11.10 13:35:08.095,0.89065,0.8909,6.40,7.20
2009.11.10 13:35:08.395,0.89065,0.8909,2.40,11.20
2009.11.10 13:35:08.635,0.89065,0.8909,2.40,7.20
2009.11.10 13:35:09.576,0.8906,0.8909,8.90,9.80
2009.11.10 13:35:09.805,0.89065,0.8909,3.20,7.40
2009.11.10 13:35:09.975,0.8906,0.89085,3.20,4.80
2009.11.10 13:35:11.174,0.8906,0.89085,7.20,4.80
2009.11.10 13:35:11.764,0.8906,0.89085,7.30,4.80
2009.11.10 13:35:12.454,0.8906,0.89085,8.90,4.80
2009.11.10 13:35:13.044,0.8906,0.89085,14.10,1.00
2009.11.10 13:35:14.044,0.89065,0.89085,2.50,1.00
2009.11.10 13:35:14.394,0.89065,0.89085,6.50,1.00
2009.11.10 13:35:15.083,0.8907,0.8909,2.40,4.80
2009.11.10 13:35:15.384,0.8907,0.8909,3.20,4.80
2009.11.10 13:35:15.733,0.8907,0.8909,3.20,1.00
2009.11.10 13:35:17.183,0.89075,0.89095,2.40,7.20
2009.11.10 13:35:18.443,0.89075,0.8909,2.40,1.00
2009.11.10 13:35:18.783,0.89075,0.89095,2.40,7.20
2009.11.10 13:35:19.143,0.89075,0.89095,2.40,3.20
2009.11.10 13:35:20.432,0.89075,0.89095,2.40,7.20
2009.11.10 13:35:20.612,0.89075,0.89095,2.40,3.20
2009.11.10 13:35:21.002,0.89075,0.89095,2.40,3.30
2009.11.10 13:35:21.302,0.8907,0.8909,6.50,2.40
2009.11.10 13:35:21.662,0.89065,0.8909,10.90,2.50
2009.11.10 13:35:22.012,0.89065,0.8909,8.10,2.50
2009.11.10 13:35:22.352,0.89065,0.8909,8.90,6.50
2009.11.10 13:35:22.692,0.89065,0.8909,8.10,7.30
2009.11.10 13:35:23.382,0.89065,0.8909,4.00,8.90
2009.11.10 13:35:23.501,0.89065,0.8909,1.00,11.30
2009.11.10 13:35:23.782,0.89065,0.89085,1.00,4.00
2009.11.10 13:35:24.131,0.8906,0.89085,1.00,5.60
2009.11.10 13:35:24.431,0.8906,0.89085,1.00,4.00
2009.11.10 13:35:24.791,0.8906,0.89085,4.10,4.00
2009.11.10 13:35:25.121,0.8907,0.8909,2.40,7.20
2009.11.10 13:35:25.471,0.8907,0.8909,2.40,3.20
2009.11.10 13:35:25.801,0.8907,0.8909,2.40,7.20
2009.11.10 13:35:26.551,0.8907,0.8909,2.40,3.20
2009.11.10 13:35:26.791,0.8907,0.8909,2.50,3.20
2009.11.10 13:35:27.181,0.8907,0.8909,2.40,3.30
2009.11.10 13:35:27.531,0.8907,0.8909,2.40,7.30
2009.11.10 13:35:27.921,0.8907,0.8909,2.40,6.50
2009.11.10 13:35:30.290,0.8907,0.8909,2.50,6.40
2009.11.10 13:35:30.620,0.8907,0.8909,3.20,4.00
2009.11.10 13:35:30.970,0.8907,0.89095,4.90,4.00
2009.11.10 13:35:31.319,0.8907,0.89095,4.10,3.60
2009.11.10 13:35:31.950,0.8907,0.89095,1.00,7.60
2009.11.10 13:35:32.889,0.8907,0.89095,1.00,7.70
2009.11.10 13:35:36.698,0.8907,0.89095,1.00,11.70
2009.11.10 13:35:36.918,0.8907,0.8909,1.00,4.00
2009.11.10 13:35:37.318,0.8907,0.8909,1.00,6.40
2009.11.10 13:35:37.548,0.89065,0.8909,7.30,6.40
2009.11.10 13:35:37.888,0.89065,0.8909,6.50,6.40
2009.11.10 13:35:38.228,0.89065,0.8909,6.50,8.80
2009.11.10 13:35:38.618,0.89065,0.8909,2.50,7.30
2009.11.10 13:35:38.908,0.89065,0.8909,4.10,6.50
2009.11.10 13:35:39.188,0.89065,0.8909,8.10,6.50
2009.11.10 13:35:40.507,0.89065,0.8909,8.10,8.10
2009.11.10 13:35:40.747,0.8907,0.8909,2.40,6.40
2009.11.10 13:35:40.977,0.8907,0.8909,1.00,4.10
2009.11.10 13:35:41.267,0.89065,0.8909,6.50,4.10
2009.11.10 13:35:41.497,0.89065,0.8909,6.50,8.10
2009.11.10 13:35:43.307,0.89065,0.8909,2.50,8.10
2009.11.10 13:35:46.536,0.89065,0.8909,4.40,6.40
2009.11.10 13:35:46.756,0.89065,0.8909,3.30,8.90
2009.11.10 13:35:47.696,0.89065,0.8909,3.30,8.10
2009.11.10 13:35:48.795,0.89065,0.8909,3.30,8.90
2009.11.10 13:35:49.035,0.89065,0.8909,2.50,8.10
2009.11.10 13:35:53.254,0.89065,0.8909,3.30,8.10
2009.11.10 13:35:53.544,0.8907,0.8909,2.50,6.40
2009.11.10 13:35:53.664,0.89065,0.8909,7.30,8.10
2009.11.10 13:35:53.954,0.89065,0.8909,7.30,8.10
2009.11.10 13:35:54.064,0.89065,0.8909,2.50,8.10
2009.11.10 13:35:59.213,0.8907,0.8909,1.00,8.00
2009.11.10 13:35:59.373,0.8907,0.8909,2.50,6.40
2009.11.10 13:35:59.603,0.8907,0.8909,1.00,6.40
2009.11.10 13:35:59.723,0.89065,0.8909,3.30,8.10
2009.11.10 13:36:00.283,0.89065,0.8909,2.50,8.10
2009.11.10 13:36:05.282,0.8907,0.8909,2.40,8.10
2009.11.10 13:36:05.452,0.8907,0.8909,2.50,6.40
2009.11.10 13:36:19.488,0.89065,0.8909,3.30,8.10
2009.11.10 13:36:19.718,0.89065,0.8909,1.00,10.40
2009.11.10 13:36:20.808,0.89065,0.89085,1.00,4.00
2009.11.10 13:36:21.098,0.89065,0.89085,1.00,4.00
2009.11.10 13:36:22.117,0.89065,0.8909,4.50,9.70
2009.11.10 13:36:22.677,0.8907,0.89085,2.40,4.00
2009.11.10 13:36:23.277,0.8907,0.8909,2.40,9.70
2009.11.10 13:36:26.566,0.8907,0.8909,2.40,8.90
2009.11.10 13:36:28.046,0.89065,0.89085,1.00,2.40
2009.11.10 13:36:28.736,0.89065,0.89085,1.00,2.40
2009.11.10 13:36:31.105,0.89065,0.89095,12.80,12.90
2009.11.10 13:36:31.395,0.8907,0.89085,1.00,2.40
2009.11.10 13:36:31.635,0.8907,0.8909,1.00,8.90
2009.11.10 13:36:31.855,0.8906,0.8909,9.70,8.80
2009.11.10 13:36:32.075,0.8906,0.89085,9.80,2.40
2009.11.10 13:36:32.475,0.89065,0.89085,1.00,2.40
2009.11.10 13:36:33.895,0.8906,0.89085,8.90,2.90
2009.11.10 13:36:34.115,0.8906,0.89085,9.70,5.30
2009.11.10 13:36:34.355,0.89065,0.89085,2.40,1.00
2009.11.10 13:36:34.594,0.89065,0.8909,6.40,7.20
2009.11.10 13:36:35.394,0.89065,0.8909,2.40,7.20
2009.11.10 13:36:36.274,0.89065,0.8909,2.40,11.20
2009.11.10 13:36:36.514,0.89065,0.8909,2.40,15.20
2009.11.10 13:36:39.923,0.89065,0.89085,5.40,4.00
2009.11.10 13:36:40.093,0.89065,0.8909,5.40,4.00
2009.11.10 13:36:40.663,0.8907,0.89095,4.10,7.30
2009.11.10 13:36:42.043,0.89065,0.89095,4.00,8.10
2009.11.10 13:36:42.732,0.89065,0.8909,4.00,7.20
2009.11.10 13:36:43.142,0.89065,0.8909,3.20,7.20
2009.11.10 13:36:43.252,0.89065,0.8909,3.20,4.80
2009.11.10 13:36:43.492,0.89065,0.8909,3.20,4.00
2009.11.10 13:36:44.542,0.89065,0.8909,3.20,6.40
2009.11.10 13:36:45.342,0.89065,0.8909,5.20,6.40
2009.11.10 13:36:45.742,0.8907,0.8909,4.10,1.00
2009.11.10 13:36:46.082,0.8907,0.89095,4.50,4.90
2009.11.10 13:36:47.001,0.8907,0.89095,5.60,4.10
2009.11.10 13:36:47.241,0.8908,0.89095,2.40,1.00
2009.11.10 13:36:49.211,0.8907,0.89095,8.90,2.50
2009.11.10 13:36:49.381,0.8907,0.89095,8.90,6.50
2009.11.10 13:36:49.551,0.89075,0.89095,4.00,6.50
2009.11.10 13:36:50.481,0.8908,0.89095,2.40,1.00
2009.11.10 13:36:51.111,0.8908,0.891,2.40,6.50
2009.11.10 13:36:51.341,0.8908,0.891,2.40,10.40
2009.11.10 13:36:51.570,0.8908,0.891,2.40,13.60
2009.11.10 13:36:54.380,0.89075,0.891,2.40,16.00
2009.11.10 13:36:54.709,0.89075,0.89095,2.50,4.00
2009.11.10 13:36:56.819,0.89075,0.89095,2.40,4.00
2009.11.10 13:36:56.929,0.89075,0.89095,3.20,4.00
2009.11.10 13:36:57.399,0.89085,0.89095,2.40,1.00
2009.11.10 13:36:57.789,0.8908,0.891,2.40,4.00
2009.11.10 13:36:58.139,0.8908,0.891,2.40,5.60
2009.11.10 13:36:59.008,0.8908,0.891,2.40,8.00
2009.11.10 13:36:59.399,0.8908,0.891,2.40,8.80
2009.11.10 13:37:04.737,0.8908,0.891,2.40,9.10
2009.11.10 13:37:05.987,0.89075,0.891,7.20,10.30
2009.11.10 13:37:06.327,0.89075,0.89095,6.40,1.00
2009.11.10 13:37:07.697,0.89075,0.891,6.40,10.00
2009.11.10 13:37:08.216,0.89075,0.891,6.50,10.10
2009.11.10 13:37:08.326,0.89075,0.891,8.10,8.50
2009.11.10 13:37:08.436,0.89075,0.891,8.10,6.10
2009.11.10 13:37:08.556,0.8908,0.891,2.40,1.30
2009.11.10 13:37:08.676,0.8908,0.891,2.40,4.10
2009.11.10 13:37:08.786,0.8908,0.891,2.40,5.90
2009.11.10 13:37:09.576,0.8908,0.891,2.40,9.60
2009.11.10 13:37:09.906,0.89075,0.891,10.00,4.00
2009.11.10 13:37:10.306,0.89075,0.891,9.70,6.40
2009.11.10 13:37:10.576,0.89075,0.891,9.70,3.30
2009.11.10 13:37:11.256,0.89075,0.891,9.60,3.20
2009.11.10 13:37:11.596,0.89075,0.891,17.80,3.20
2009.11.10 13:37:11.935,0.8908,0.891,6.40,3.30
2009.11.10 13:37:13.845,0.8908,0.891,6.50,3.20
2009.11.10 13:37:14.395,0.89085,0.89105,2.40,5.30
2009.11.10 13:37:14.565,0.89085,0.89105,4.00,1.30
2009.11.10 13:37:14.685,0.89085,0.89105,4.00,1.00
2009.11.10 13:37:14.965,0.89085,0.89105,2.40,1.00
2009.11.10 13:37:15.135,0.89085,0.89105,6.40,1.00
2009.11.10 13:37:15.255,0.89085,0.8911,6.50,10.90
2009.11.10 13:37:15.424,0.89085,0.8911,6.50,14.10
2009.11.10 13:37:15.784,0.89085,0.8911,2.50,10.10
2009.11.10 13:37:16.815,0.89085,0.8911,2.50,13.70
2009.11.10 13:37:17.034,0.8908,0.8911,7.20,10.50
2009.11.10 13:37:17.324,0.8908,0.8911,7.20,18.10
2009.11.10 13:37:17.564,0.8908,0.8911,4.00,16.10
2009.11.10 13:37:17.854,0.8908,0.8911,3.20,15.70
2009.11.10 13:37:18.134,0.8908,0.89105,7.20,6.40
2009.11.10 13:37:18.474,0.8908,0.89105,8.00,4.80
2009.11.10 13:37:18.764,0.8908,0.89105,8.00,4.00
2009.11.10 13:37:19.224,0.89085,0.8911,2.40,12.10
2009.11.10 13:37:19.574,0.89085,0.8911,2.40,7.30
2009.11.10 13:37:19.744,0.89085,0.8911,7.20,7.20
2009.11.10 13:37:19.984,0.89085,0.8911,7.20,8.80
2009.11.10 13:37:20.154,0.89085,0.89105,7.20,2.40
2009.11.10 13:37:20.264,0.89085,0.8911,6.40,3.30
2009.11.10 13:37:20.444,0.89085,0.8911,2.40,7.20
2009.11.10 13:37:20.733,0.89085,0.8911,6.40,7.20
2009.11.10 13:37:21.423,0.89085,0.8911,6.40,6.40
2009.11.10 13:37:22.123,0.89085,0.8911,7.20,6.40
2009.11.10 13:37:22.463,0.89085,0.8911,7.20,2.40
2009.11.10 13:37:23.103,0.89085,0.8911,6.40,2.40
2009.11.10 13:37:23.333,0.8908,0.8911,7.30,10.60
2009.11.10 13:37:23.563,0.89085,0.89105,1.00,2.40
2009.11.10 13:37:24.332,0.8908,0.89105,7.30,6.00
2009.11.10 13:37:28.561,0.8908,0.891,3.30,4.00
2009.11.10 13:37:28.802,0.8908,0.891,2.50,2.40
2009.11.10 13:37:29.031,0.8908,0.89105,2.50,8.80
2009.11.10 13:37:29.201,0.8908,0.89105,7.20,4.80
2009.11.10 13:37:29.491,0.89075,0.891,11.20,6.50
2009.11.10 13:37:29.721,0.89075,0.891,4.00,10.10
2009.11.10 13:37:29.951,0.89075,0.891,1.00,18.80
2009.11.10 13:37:30.191,0.8907,0.89095,7.20,7.20
2009.11.10 13:37:30.421,0.89065,0.89095,8.90,10.20
2009.11.10 13:37:31.141,0.89065,0.89095,5.70,8.60
2009.11.10 13:37:31.491,0.89065,0.89095,8.30,8.20
2009.11.10 13:37:31.790,0.8907,0.89095,4.10,11.00
2009.11.10 13:37:33.980,0.8907,0.89095,4.00,12.00
2009.11.10 13:37:34.150,0.8907,0.8908,4.00,2.40
2009.11.10 13:37:34.320,0.89065,0.8908,4.80,2.40
2009.11.10 13:37:34.490,0.89065,0.8908,4.00,2.40
2009.11.10 13:37:35.010,0.8906,0.8908,11.30,2.40
2009.11.10 13:37:35.240,0.8906,0.8908,7.30,2.40
2009.11.10 13:37:36.449,0.8906,0.8908,6.50,2.40
2009.11.10 13:37:37.389,0.89065,0.8908,1.00,2.40
2009.11.10 13:37:37.669,0.89075,0.89085,2.40,4.80
2009.11.10 13:37:37.969,0.89085,0.8909,1.00,12.80
2009.11.10 13:37:38.259,0.8909,0.891,4.00,1.60
2009.11.10 13:37:38.549,0.89085,0.891,6.40,1.60
2009.11.10 13:37:39.179,0.89085,0.8911,6.40,8.80
2009.11.10 13:37:39.529,0.89085,0.8911,7.20,8.00
2009.11.10 13:37:39.869,0.89085,0.8911,6.50,8.80
2009.11.10 13:37:40.159,0.89085,0.8911,6.50,4.80
2009.11.10 13:37:40.219,0.89085,0.8911,6.50,8.00
2009.11.10 13:37:40.338,0.89085,0.8911,4.10,8.00
2009.11.10 13:37:40.738,0.89085,0.8911,4.00,12.80
2009.11.10 13:37:40.858,0.89085,0.89105,1.00,3.20
2009.11.10 13:37:41.198,0.89085,0.89105,1.00,3.20
2009.11.10 13:37:42.188,0.89085,0.89105,1.00,2.40
2009.11.10 13:37:42.758,0.89085,0.8911,1.00,5.20
2009.11.10 13:37:42.938,0.89085,0.8911,1.00,4.80
2009.11.10 13:37:44.258,0.89085,0.8911,1.00,8.00
2009.11.10 13:37:44.478,0.8908,0.8911,10.30,8.00
2009.11.10 13:37:44.698,0.8908,0.8911,18.30,8.00
2009.11.10 13:37:44.937,0.8908,0.8911,10.30,8.00
2009.11.10 13:37:45.167,0.8908,0.8911,9.50,8.80
2009.11.10 13:37:45.497,0.8908,0.8911,9.70,8.80
2009.11.10 13:37:46.187,0.8908,0.89105,7.30,6.00
2009.11.10 13:37:46.417,0.8908,0.89105,7.30,7.20
2009.11.10 13:37:46.897,0.8908,0.89105,7.30,2.40
2009.11.10 13:37:47.837,0.89085,0.89105,1.00,2.40
2009.11.10 13:37:51.246,0.8908,0.89105,7.30,6.00
2009.11.10 13:37:51.586,0.89085,0.89105,6.40,1.00
2009.11.10 13:37:51.876,0.89085,0.8911,6.40,3.20
2009.11.10 13:37:52.576,0.89085,0.8911,6.40,7.20
2009.11.10 13:37:53.035,0.89085,0.8911,6.50,7.20
2009.11.10 13:37:53.275,0.89085,0.8911,6.50,6.40
2009.11.10 13:37:54.075,0.8908,0.89105,7.30,2.40
2009.11.10 13:37:54.765,0.8908,0.89105,11.30,2.40
2009.11.10 13:37:55.125,0.89085,0.89105,4.00,2.40
2009.11.10 13:37:58.644,0.8908,0.89105,7.20,2.40
2009.11.10 13:37:58.874,0.8908,0.89105,15.20,2.40
2009.11.10 13:37:59.284,0.8908,0.89105,8.00,6.40
2009.11.10 13:38:00.894,0.8908,0.89105,8.00,2.40
2009.11.10 13:38:02.323,0.8908,0.89105,8.00,6.40
2009.11.10 13:38:02.673,0.8908,0.89105,7.20,6.40
2009.11.10 13:38:02.903,0.8908,0.89105,4.00,6.40
2009.11.10 13:38:03.423,0.8908,0.89105,8.00,6.40
2009.11.10 13:38:06.892,0.8908,0.89105,4.00,6.40
2009.11.10 13:38:07.282,0.8908,0.89105,8.00,6.40
2009.11.10 13:38:07.972,0.8908,0.89105,4.00,6.40
2009.11.10 13:38:08.202,0.8908,0.89105,3.30,6.40
2009.11.10 13:38:08.782,0.8908,0.89105,7.30,6.40
2009.11.10 13:38:09.012,0.8908,0.89105,8.10,6.40
2009.11.10 13:38:09.292,0.8908,0.89105,4.10,6.40
2009.11.10 13:38:09.921,0.8908,0.89105,4.90,6.40
2009.11.10 13:38:10.261,0.8908,0.8911,18.80,12.80
2009.11.10 13:38:10.432,0.89085,0.8911,9.60,8.80
2009.11.10 13:38:10.651,0.89085,0.8911,4.80,9.60
2009.11.10 13:38:10.831,0.89085,0.89105,1.00,6.40
2009.11.10 13:38:11.061,0.8908,0.89105,3.30,6.40
2009.11.10 13:38:11.841,0.8908,0.89105,3.30,4.00
2009.11.10 13:38:12.171,0.8908,0.89105,4.10,7.20
2009.11.10 13:38:12.472,0.89085,0.89105,4.40,4.00
2009.11.10 13:38:12.811,0.89085,0.8911,6.20,4.80
2009.11.10 13:38:13.091,0.8909,0.8911,2.50,1.00
2009.11.10 13:38:13.421,0.8909,0.8911,2.40,1.00
2009.11.10 13:38:15.060,0.89095,0.8911,5.20,1.00
2009.11.10 13:38:15.580,0.89095,0.8912,6.00,6.40
2009.11.10 13:38:16.310,0.89095,0.8912,10.10,8.90
2009.11.10 13:38:16.660,0.89095,0.8912,5.70,4.10
2009.11.10 13:38:16.900,0.89095,0.8912,6.40,4.00
2009.11.10 13:38:18.340,0.891,0.8912,2.40,4.10
2009.11.10 13:38:18.639,0.891,0.8912,2.50,4.00
2009.11.10 13:38:18.979,0.891,0.8912,2.40,4.10
2009.11.10 13:38:19.379,0.891,0.8912,2.40,4.00
2009.11.10 13:38:22.728,0.891,0.8912,2.40,6.40
2009.11.10 13:38:23.009,0.891,0.8912,2.40,4.80
2009.11.10 13:38:23.298,0.891,0.8912,2.40,4.00
2009.11.10 13:38:25.697,0.891,0.8912,2.40,4.10
2009.11.10 13:38:26.567,0.891,0.8912,2.40,4.00
2009.11.10 13:38:28.347,0.89095,0.8912,5.60,8.10
2009.11.10 13:38:28.577,0.891,0.8912,2.40,5.70
2009.11.10 13:38:28.747,0.891,0.8912,2.40,4.80
2009.11.10 13:38:29.037,0.891,0.8912,2.40,4.00
2009.11.10 13:38:31.396,0.891,0.8912,2.40,4.10
2009.11.10 13:38:31.746,0.891,0.8912,2.40,4.00
2009.11.10 13:38:32.436,0.891,0.8912,1.00,6.40
2009.11.10 13:38:32.826,0.89095,0.8912,2.40,14.50
2009.11.10 13:38:33.126,0.89095,0.8912,3.20,15.20
2009.11.10 13:38:35.165,0.8909,0.89115,8.00,6.40
2009.11.10 13:38:35.455,0.89095,0.89115,2.40,4.00
2009.11.10 13:38:37.185,0.8909,0.89115,7.30,7.30
2009.11.10 13:38:37.515,0.8909,0.89115,3.30,8.10
2009.11.10 13:38:38.225,0.89095,0.89115,4.80,4.00
2009.11.10 13:38:38.455,0.891,0.89115,2.40,4.00
2009.11.10 13:38:39.044,0.891,0.8912,2.40,4.90
2009.11.10 13:38:39.274,0.891,0.8912,2.40,6.50
2009.11.10 13:38:39.634,0.891,0.8912,2.50,4.80
2009.11.10 13:38:39.984,0.891,0.8912,2.40,4.80
2009.11.10 13:38:42.154,0.891,0.8912,2.40,4.90
2009.11.10 13:38:42.374,0.891,0.8912,2.40,4.80
2009.11.10 13:38:42.613,0.891,0.8912,2.40,4.90
2009.11.10 13:38:42.894,0.891,0.8912,2.40,4.80
2009.11.10 13:38:44.193,0.891,0.8912,2.40,4.90
2009.11.10 13:38:44.373,0.891,0.8912,2.40,4.80
2009.11.10 13:38:44.703,0.89095,0.8912,5.70,8.90
2009.11.10 13:38:44.923,0.89095,0.8912,4.80,8.90
2009.11.10 13:38:45.153,0.89095,0.8912,4.80,8.80
2009.11.10 13:38:45.364,0.89095,0.8912,4.80,8.90
2009.11.10 13:38:46.763,0.89095,0.8912,4.90,8.90
2009.11.10 13:38:46.983,0.89095,0.8911,1.00,2.40
2009.11.10 13:38:47.213,0.89095,0.89115,1.00,2.40
2009.11.10 13:38:47.442,0.89095,0.89115,1.00,3.20
2009.11.10 13:38:47.623,0.89095,0.8911,1.00,2.40
2009.11.10 13:38:47.982,0.8909,0.8911,4.00,2.40
2009.11.10 13:38:48.092,0.89085,0.8911,8.10,2.40
2009.11.10 13:38:48.862,0.89085,0.8911,7.20,7.20
2009.11.10 13:38:49.092,0.89085,0.8911,6.40,7.20
2009.11.10 13:38:49.732,0.89085,0.8911,2.40,7.20
2009.11.10 13:38:50.022,0.89085,0.8911,2.40,6.40
2009.11.10 13:38:51.322,0.89085,0.8911,6.40,6.40
2009.11.10 13:38:52.101,0.89085,0.8911,6.40,2.40
2009.11.10 13:38:52.451,0.89085,0.89115,8.40,8.00
2009.11.10 13:38:52.801,0.89095,0.8911,2.40,4.00
2009.11.10 13:38:53.131,0.89095,0.89115,2.40,4.00
2009.11.10 13:38:57.920,0.891,0.8912,2.40,4.00
2009.11.10 13:38:58.940,0.891,0.8912,2.40,4.10
2009.11.10 13:39:00.439,0.891,0.8912,2.40,4.00
2009.11.10 13:39:00.779,0.891,0.8912,2.40,4.10
2009.11.10 13:39:02.009,0.891,0.8912,2.40,4.00
2009.11.10 13:39:02.249,0.891,0.8912,2.40,4.10
2009.11.10 13:39:05.388,0.891,0.89115,2.40,1.00
2009.11.10 13:39:07.827,0.891,0.8912,2.40,4.10
2009.11.10 13:39:09.667,0.89095,0.89115,3.20,4.00
2009.11.10 13:39:09.897,0.8909,0.89115,4.80,7.20
2009.11.10 13:39:10.187,0.8909,0.89115,4.00,8.80
2009.11.10 13:39:10.537,0.89085,0.89115,11.30,8.80
2009.11.10 13:39:10.887,0.89085,0.89115,7.30,8.80
2009.11.10 13:39:11.817,0.89085,0.89115,7.30,9.60
2009.11.10 13:39:11.987,0.89085,0.89115,7.20,9.60
2009.11.10 13:39:12.586,0.89085,0.8911,7.20,4.00
2009.11.10 13:39:15.026,0.89085,0.89115,7.20,9.70
2009.11.10 13:39:16.755,0.89085,0.89115,15.20,9.70
2009.11.10 13:39:18.065,0.8909,0.89115,6.50,4.90
2009.11.10 13:39:18.465,0.89095,0.89115,4.00,1.00
2009.11.10 13:39:19.155,0.89095,0.89115,4.00,4.50
2009.11.10 13:39:19.395,0.89085,0.89115,7.20,12.90
2009.11.10 13:39:19.665,0.89085,0.8911,6.40,4.00
2009.11.10 13:39:19.954,0.89085,0.8911,2.40,4.00
2009.11.10 13:39:20.245,0.89085,0.8911,6.40,4.00
2009.11.10 13:39:20.484,0.89085,0.8911,2.40,6.40
2009.11.10 13:39:20.774,0.89085,0.8911,2.40,7.20
2009.11.10 13:39:20.994,0.8908,0.89105,8.00,3.30
2009.11.10 13:39:21.344,0.8908,0.89105,2.40,8.10
2009.11.10 13:39:21.694,0.89085,0.89105,2.40,4.80
2009.11.10 13:39:22.044,0.8909,0.89115,2.40,12.20
2009.11.10 13:39:22.384,0.89085,0.8911,6.40,1.00
2009.11.10 13:39:22.784,0.89085,0.8911,6.40,5.60
2009.11.10 13:39:23.134,0.89085,0.8911,6.40,4.00
2009.11.10 13:39:25.043,0.89085,0.8911,6.50,4.80
2009.11.10 13:39:25.393,0.89085,0.8911,4.00,9.70
2009.11.10 13:39:25.683,0.8908,0.8911,7.30,9.70
2009.11.10 13:39:26.203,0.89085,0.8911,2.40,5.60
2009.11.10 13:39:26.483,0.89085,0.8911,6.40,4.80
2009.11.10 13:39:27.153,0.89085,0.8911,8.00,4.80
2009.11.10 13:39:27.263,0.8909,0.8911,2.40,4.80
2009.11.10 13:39:27.423,0.8909,0.8911,2.40,4.00
2009.11.10 13:39:28.103,0.8909,0.89115,2.40,7.20
2009.11.10 13:39:30.402,0.8909,0.8911,2.40,1.70
2009.11.10 13:39:30.622,0.89085,0.8911,4.00,4.80
2009.11.10 13:39:30.982,0.8908,0.8911,8.10,8.80
2009.11.10 13:39:31.322,0.8908,0.89105,8.10,6.40
2009.11.10 13:39:33.781,0.8908,0.89105,1.60,6.40
2009.11.10 13:39:33.941,0.8908,0.89105,3.20,6.40
2009.11.10 13:39:34.161,0.8908,0.89105,4.00,4.00
2009.11.10 13:39:34.331,0.89075,0.89105,11.30,8.00
2009.11.10 13:39:34.501,0.89075,0.89105,6.50,8.00
2009.11.10 13:39:35.061,0.89075,0.89105,6.50,9.60
2009.11.10 13:39:35.231,0.89075,0.89105,8.50,7.20
2009.11.10 13:39:35.691,0.89075,0.891,9.30,2.40
2009.11.10 13:39:35.921,0.8908,0.89105,4.80,8.00
2009.11.10 13:39:36.271,0.89075,0.89105,7.30,8.00
2009.11.10 13:39:37.680,0.8908,0.89105,3.20,7.20
2009.11.10 13:39:37.860,0.8908,0.89105,2.40,6.40
2009.11.10 13:39:38.091,0.8908,0.89105,3.20,6.40
2009.11.10 13:39:38.430,0.89085,0.89105,4.00,2.40
2009.11.10 13:39:39.730,0.89085,0.8911,8.30,4.80
2009.11.10 13:39:40.070,0.89085,0.8911,12.00,4.80
2009.11.10 13:39:40.869,0.8909,0.8911,4.10,4.80
2009.11.10 13:39:41.330,0.8909,0.8911,4.00,4.80
2009.11.10 13:39:44.149,0.8909,0.8911,4.10,4.80
2009.11.10 13:39:47.108,0.8909,0.89115,8.10,4.80
2009.11.10 13:39:47.288,0.8909,0.8912,8.90,5.70
2009.11.10 13:39:47.508,0.89095,0.8912,4.00,4.10
2009.11.10 13:39:47.688,0.89095,0.8912,1.00,8.10
2009.11.10 13:39:47.918,0.89095,0.89115,1.00,6.40
2009.11.10 13:39:48.148,0.89095,0.89115,3.20,4.10
2009.11.10 13:39:48.498,0.89095,0.89115,1.00,2.40
2009.11.10 13:39:48.848,0.89095,0.8912,4.80,8.10
2009.11.10 13:39:49.188,0.89095,0.8912,4.90,8.10
2009.11.10 13:39:49.538,0.89095,0.8912,7.30,8.90
2009.11.10 13:39:49.888,0.89105,0.8912,1.00,4.00
2009.11.10 13:39:50.227,0.89105,0.89125,1.00,6.50
2009.11.10 13:39:50.617,0.89105,0.89125,1.00,2.40
2009.11.10 13:39:51.397,0.89105,0.89125,1.00,1.60
2009.11.10 13:39:51.577,0.89105,0.89125,3.20,12.80
2009.11.10 13:39:51.807,0.89105,0.8912,4.90,4.00
2009.11.10 13:39:51.977,0.89105,0.8912,4.80,4.00
2009.11.10 13:39:52.197,0.89105,0.8912,4.90,4.00
2009.11.10 13:39:52.377,0.89105,0.8913,4.80,9.30
2009.11.10 13:39:52.946,0.89105,0.8913,4.10,9.30
2009.11.10 13:39:53.296,0.89105,0.8913,4.10,8.90
2009.11.10 13:39:53.597,0.891,0.89125,9.20,2.40
2009.11.10 13:39:53.956,0.89105,0.89125,4.00,4.00
2009.11.10 13:39:54.236,0.89105,0.8913,4.00,8.80
2009.11.10 13:39:54.876,0.89105,0.8913,4.10,8.80
2009.11.10 13:39:55.216,0.89105,0.8913,4.10,4.80
2009.11.10 13:39:55.576,0.89105,0.8913,17.70,3.20
2009.11.10 13:39:55.926,0.8911,0.8913,7.20,2.40
2009.11.10 13:39:57.136,0.8911,0.8913,6.40,2.40
2009.11.10 13:39:58.106,0.8911,0.8913,4.80,2.40
2009.11.10 13:39:58.405,0.89105,0.89125,7.20,2.40
2009.11.10 13:39:58.755,0.89115,0.8913,1.60,1.00
2009.11.10 13:39:59.105,0.89115,0.89135,2.40,2.40
2009.11.10 13:39:59.815,0.89115,0.89135,4.80,2.40
2009.11.10 13:39:59.975,0.89115,0.89135,5.60,2.40
2009.11.10 13:40:00.135,0.89115,0.89135,3.20,2.40
2009.11.10 13:40:00.305,0.89115,0.89135,4.80,2.40
2009.11.10 13:40:00.475,0.89115,0.89135,4.80,2.50
2009.11.10 13:40:01.615,0.89115,0.89135,9.60,2.50
2009.11.10 13:40:01.965,0.89115,0.8913,1.00,2.40
2009.11.10 13:40:02.204,0.8911,0.8913,4.00,2.40
2009.11.10 13:40:02.484,0.8911,0.8913,7.20,2.40
2009.11.10 13:40:03.004,0.8911,0.8913,3.20,2.40
2009.11.10 13:40:03.234,0.8911,0.8913,1.00,2.40
2009.11.10 13:40:03.514,0.89105,0.8913,7.20,2.40
2009.11.10 13:40:03.744,0.89105,0.8913,7.20,6.40
2009.11.10 13:40:04.324,0.8911,0.8913,1.00,6.40
2009.11.10 13:40:04.614,0.8911,0.8913,3.20,6.40
2009.11.10 13:40:04.914,0.8911,0.8913,3.20,2.40
2009.11.10 13:40:05.904,0.8911,0.8913,7.20,2.40
2009.11.10 13:40:07.123,0.8911,0.89135,3.20,6.40
2009.11.10 13:40:07.463,0.8911,0.89135,7.20,2.50
2009.11.10 13:40:07.703,0.8911,0.89135,8.00,2.50
2009.11.10 13:40:08.863,0.8911,0.89135,8.10,2.50
2009.11.10 13:40:09.023,0.8911,0.89135,8.10,2.60
2009.11.10 13:40:09.713,0.8911,0.89135,8.10,4.00
2009.11.10 13:40:09.942,0.8911,0.89135,8.00,6.50
2009.11.10 13:40:10.263,0.8911,0.89135,8.00,6.50
2009.11.10 13:40:10.482,0.89115,0.89135,2.40,6.40
2009.11.10 13:40:10.872,0.89115,0.89135,2.40,2.40
2009.11.10 13:40:11.222,0.89115,0.89135,3.20,2.40
2009.11.10 13:40:11.912,0.89115,0.89135,3.30,2.40
2009.11.10 13:40:12.672,0.89115,0.8913,1.00,2.40
2009.11.10 13:40:12.962,0.89115,0.89135,1.00,4.10
2009.11.10 13:40:13.182,0.8911,0.8913,1.60,4.00
2009.11.10 13:40:13.462,0.8911,0.8913,1.00,2.40
2009.11.10 13:40:13.682,0.89105,0.8913,5.60,6.50
2009.11.10 13:40:14.072,0.89105,0.8913,4.80,8.00
2009.11.10 13:40:15.121,0.89105,0.8913,5.60,6.40
2009.11.10 13:40:15.731,0.89105,0.8913,5.60,6.50
2009.11.10 13:40:18.291,0.8911,0.8913,3.20,6.40
2009.11.10 13:40:18.520,0.8911,0.8913,1.00,6.40
2009.11.10 13:40:19.500,0.8911,0.8913,1.00,4.00
2009.11.10 13:40:19.950,0.8911,0.8913,3.20,4.00
2009.11.10 13:40:20.180,0.8911,0.8913,1.00,4.00
2009.11.10 13:40:22.189,0.8911,0.8913,3.20,4.00
2009.11.10 13:40:22.540,0.8911,0.8913,1.00,4.00
2009.11.10 13:40:22.879,0.8911,0.89135,9.30,7.20
2009.11.10 13:40:23.229,0.8911,0.89135,6.40,6.40
2009.11.10 13:40:23.619,0.8911,0.89135,5.60,6.40
2009.11.10 13:40:23.969,0.8911,0.89135,8.00,6.40
2009.11.10 13:40:24.199,0.8911,0.89135,6.40,6.40
2009.11.10 13:40:24.429,0.8911,0.89135,6.40,4.00
2009.11.10 13:40:24.669,0.8911,0.89135,6.50,4.00
2009.11.10 13:40:25.539,0.89115,0.89135,1.00,4.00
2009.11.10 13:40:26.798,0.89115,0.8914,1.00,6.50
2009.11.10 13:40:27.019,0.89115,0.8914,1.00,7.30
2009.11.10 13:40:27.258,0.89115,0.8914,1.00,6.50
2009.11.10 13:40:27.928,0.89115,0.8914,5.60,6.40
2009.11.10 13:40:28.918,0.89115,0.89145,9.60,9.70
2009.11.10 13:40:29.148,0.8912,0.89145,6.00,8.10
2009.11.10 13:40:29.438,0.8912,0.89145,9.70,4.00
2009.11.10 13:40:29.678,0.8912,0.8914,5.60,1.00
2009.11.10 13:40:29.908,0.8912,0.89145,4.80,9.30
2009.11.10 13:40:30.257,0.89125,0.89145,1.00,9.30
2009.11.10 13:40:32.097,0.89125,0.89145,1.00,9.20
2009.11.10 13:40:32.437,0.89125,0.89145,1.00,9.30
2009.11.10 13:40:32.787,0.89125,0.8914,1.00,1.00
2009.11.10 13:40:33.087,0.89125,0.8914,1.00,3.20
2009.11.10 13:40:33.377,0.89115,0.89145,4.80,8.80
2009.11.10 13:40:33.657,0.8911,0.8914,8.50,6.40
2009.11.10 13:40:33.957,0.8911,0.8914,7.30,6.40
2009.11.10 13:40:35.286,0.8911,0.8914,8.00,6.40
2009.11.10 13:40:36.636,0.8911,0.8914,8.00,6.50
2009.11.10 13:40:36.856,0.8911,0.8914,8.00,6.80
2009.11.10 13:40:37.036,0.8911,0.8914,7.20,9.60
2009.11.10 13:40:38.436,0.8911,0.8913,3.60,2.40
2009.11.10 13:40:38.656,0.8911,0.8913,3.20,6.40
2009.11.10 13:40:38.766,0.8911,0.8913,3.20,2.40
2009.11.10 13:40:39.056,0.8911,0.8913,7.20,2.40
2009.11.10 13:40:39.715,0.8911,0.89135,7.20,6.40
2009.11.10 13:40:40.105,0.8911,0.8913,4.00,2.40
2009.11.10 13:40:40.755,0.89105,0.8913,9.70,2.40
2009.11.10 13:40:41.105,0.89105,0.8913,10.70,6.40
2009.11.10 13:40:41.395,0.89105,0.89135,10.10,10.10
2009.11.10 13:40:41.735,0.89105,0.8913,9.30,1.00
2009.11.10 13:40:42.415,0.89105,0.89135,19.10,8.10
2009.11.10 13:40:42.865,0.89105,0.89135,29.50,8.10
2009.11.10 13:40:43.224,0.89105,0.89135,29.60,8.10
2009.11.10 13:40:46.164,0.8911,0.89135,8.00,8.10
2009.11.10 13:40:46.524,0.8911,0.8913,5.60,3.20
2009.11.10 13:40:46.804,0.8911,0.8913,4.80,2.40
2009.11.10 13:40:47.444,0.8911,0.8913,1.00,2.40
2009.11.10 13:40:47.724,0.8911,0.89135,3.20,7.30
2009.11.10 13:40:48.063,0.8911,0.89135,9.60,3.30
2009.11.10 13:40:48.973,0.8911,0.89135,9.70,7.30
2009.11.10 13:40:49.263,0.8911,0.89135,8.90,8.90
2009.11.10 13:40:49.493,0.8911,0.8913,4.80,2.40
2009.11.10 13:40:49.773,0.89105,0.8913,1.00,7.20
2009.11.10 13:40:50.133,0.891,0.8913,11.20,7.20
2009.11.10 13:40:50.853,0.891,0.8913,7.20,10.20
2009.11.10 13:40:51.133,0.891,0.8913,8.10,6.40
2009.11.10 13:40:51.353,0.891,0.8913,8.10,7.20
2009.11.10 13:40:51.812,0.891,0.8913,8.10,8.00
2009.11.10 13:40:51.992,0.891,0.8913,8.10,8.80
2009.11.10 13:40:52.442,0.89105,0.8913,1.00,8.00
2009.11.10 13:40:53.192,0.8911,0.8913,1.00,7.20
2009.11.10 13:40:53.472,0.89105,0.8913,4.80,7.20
2009.11.10 13:40:53.692,0.89105,0.8913,5.60,7.20
2009.11.10 13:40:54.962,0.89105,0.8913,5.60,7.30
2009.11.10 13:40:56.501,0.89105,0.8913,4.80,8.10
2009.11.10 13:40:56.851,0.89105,0.8913,1.00,8.00
2009.11.10 13:40:57.151,0.891,0.89125,8.00,1.00
2009.11.10 13:40:57.491,0.891,0.89125,3.20,5.10
2009.11.10 13:40:57.831,0.891,0.89125,6.40,1.90
2009.11.10 13:40:59.650,0.891,0.89125,6.40,2.50
2009.11.10 13:40:59.921,0.891,0.89125,6.40,1.70
2009.11.10 13:41:00.391,0.891,0.89125,7.20,1.10
2009.11.10 13:41:00.510,0.891,0.89125,6.40,1.90
2009.11.10 13:41:00.730,0.891,0.89125,4.00,3.50
2009.11.10 13:41:01.080,0.89095,0.89125,10.50,8.30
2009.11.10 13:41:01.790,0.89095,0.89125,4.00,12.20
2009.11.10 13:41:02.180,0.89095,0.8912,4.00,4.10
2009.11.10 13:41:02.510,0.89095,0.8912,4.00,2.50
2009.11.10 13:41:03.799,0.891,0.8912,1.00,6.40
2009.11.10 13:41:03.969,0.89105,0.8912,1.60,6.40
2009.11.10 13:41:04.189,0.891,0.8912,2.40,1.00
2009.11.10 13:41:04.419,0.89095,0.8912,7.70,1.00
2009.11.10 13:41:04.599,0.89095,0.8912,5.60,2.40
2009.11.10 13:41:04.830,0.89095,0.8912,4.00,4.10
2009.11.10 13:41:05.010,0.89095,0.8912,8.00,6.50
2009.11.10 13:41:05.240,0.891,0.8912,1.00,6.40
2009.11.10 13:41:05.649,0.891,0.8912,1.00,6.50
2009.11.10 13:41:06.969,0.89095,0.8912,6.40,3.30
2009.11.10 13:41:07.379,0.89095,0.8912,6.40,7.20
2009.11.10 13:41:07.839,0.89095,0.8912,9.60,4.80
2009.11.10 13:41:08.129,0.89095,0.8912,9.20,1.00
2009.11.10 13:41:08.359,0.891,0.8912,4.00,4.80
2009.11.10 13:41:10.018,0.891,0.8912,4.00,1.00
2009.11.10 13:41:10.479,0.891,0.8912,4.00,1.00
2009.11.10 13:41:10.599,0.891,0.8912,4.80,1.00
2009.11.10 13:41:10.938,0.891,0.8912,4.00,1.00
2009.11.10 13:41:10.998,0.891,0.8912,4.00,4.90
2009.11.10 13:41:11.358,0.891,0.8912,4.80,1.00
2009.11.10 13:41:11.718,0.891,0.8912,2.40,3.30
2009.11.10 13:41:12.068,0.891,0.8912,4.00,1.00
2009.11.10 13:41:12.298,0.891,0.8912,1.60,3.30
2009.11.10 13:41:12.948,0.891,0.8912,4.00,1.00
2009.11.10 13:41:13.217,0.891,0.8912,6.40,1.00
2009.11.10 13:41:13.747,0.891,0.8912,4.80,3.30
2009.11.10 13:41:14.027,0.891,0.8912,1.00,3.30
2009.11.10 13:41:14.547,0.891,0.8912,1.00,4.10
2009.11.10 13:41:15.067,0.891,0.8912,1.00,3.30
2009.11.10 13:41:15.817,0.89095,0.8912,8.90,3.30
2009.11.10 13:41:16.277,0.891,0.8912,7.20,1.00
2009.11.10 13:41:17.896,0.891,0.89125,7.20,2.40
2009.11.10 13:41:18.246,0.891,0.89125,9.20,2.40
2009.11.10 13:41:18.606,0.891,0.89125,7.20,2.40
2009.11.10 13:41:19.466,0.891,0.89125,7.20,2.40
2009.11.10 13:41:19.736,0.891,0.89125,7.20,3.60
2009.11.10 13:41:19.956,0.891,0.8912,1.00,4.10
2009.11.10 13:41:20.196,0.891,0.89125,6.40,3.20
2009.11.10 13:41:21.725,0.891,0.89125,6.40,2.40
2009.11.10 13:41:22.535,0.891,0.89125,6.40,3.20
2009.11.10 13:41:22.996,0.891,0.89125,7.20,7.20
2009.11.10 13:41:23.325,0.891,0.89125,8.00,3.20
2009.11.10 13:41:23.665,0.891,0.89125,7.20,3.20
2009.11.10 13:41:23.995,0.891,0.89125,7.20,2.40
2009.11.10 13:41:24.695,0.891,0.89125,7.20,3.30
2009.11.10 13:41:26.055,0.891,0.89125,7.30,3.30
2009.11.10 13:41:26.754,0.89105,0.89125,1.00,3.30
2009.11.10 13:41:27.104,0.89105,0.89125,1.00,6.90
2009.11.10 13:41:27.744,0.89105,0.89125,1.00,9.30
2009.11.10 13:41:28.044,0.89105,0.89125,1.00,8.90
2009.11.10 13:41:28.334,0.89105,0.89125,1.00,4.90
2009.11.10 13:41:28.874,0.891,0.89125,9.70,5.70
2009.11.10 13:41:29.394,0.89105,0.89125,1.00,4.90
2009.11.10 13:41:29.904,0.89105,0.89125,4.80,4.90
2009.11.10 13:41:30.473,0.89105,0.89125,1.00,4.10
2009.11.10 13:41:30.763,0.89105,0.89125,4.80,4.10
2009.11.10 13:41:31.063,0.89105,0.89125,4.80,4.90
2009.11.10 13:41:31.413,0.89105,0.89125,1.00,4.90
2009.11.10 13:41:34.812,0.89105,0.89125,1.00,4.10
2009.11.10 13:41:35.452,0.89105,0.89125,4.00,4.90
2009.11.10 13:41:37.532,0.891,0.89125,8.90,4.90
2009.11.10 13:41:40.191,0.89105,0.89125,1.00,8.10
2009.11.10 13:41:40.521,0.891,0.89125,8.90,8.90
2009.11.10 13:41:41.201,0.891,0.89125,8.90,8.10
2009.11.10 13:41:41.551,0.89105,0.89125,2.40,4.00
2009.11.10 13:41:41.901,0.89105,0.89125,6.40,4.00
2009.11.10 13:41:42.241,0.89105,0.89125,3.20,4.10
2009.11.10 13:41:42.590,0.89105,0.89115,1.00,4.00
2009.11.10 13:41:42.940,0.89095,0.89115,7.30,4.00
2009.11.10 13:41:43.650,0.89095,0.89115,7.30,4.00
2009.11.10 13:41:44.050,0.89095,0.89115,7.30,4.00
2009.11.10 13:41:46.010,0.891,0.89115,1.00,4.00
2009.11.10 13:41:46.349,0.891,0.89115,1.00,4.00
2009.11.10 13:41:46.700,0.891,0.8912,3.20,2.40
2009.11.10 13:41:47.090,0.891,0.89125,7.20,7.30
2009.11.10 13:41:47.429,0.891,0.89125,3.30,7.30
2009.11.10 13:41:48.409,0.891,0.89125,3.20,7.30
2009.11.10 13:41:48.749,0.891,0.89125,1.00,7.30
2009.11.10 13:41:49.040,0.891,0.89125,3.20,6.50
2009.11.10 13:41:49.309,0.891,0.89125,3.20,6.50
2009.11.10 13:41:49.539,0.891,0.89125,3.20,6.50
2009.11.10 13:41:49.839,0.891,0.89125,1.00,6.50
2009.11.10 13:41:50.069,0.89095,0.89125,7.20,11.00
2009.11.10 13:41:50.299,0.89095,0.8912,8.00,1.00
2009.11.10 13:41:50.519,0.891,0.8912,2.40,1.00
2009.11.10 13:41:50.739,0.891,0.8912,6.40,1.00
2009.11.10 13:41:52.908,0.891,0.8912,4.00,2.50
2009.11.10 13:41:53.128,0.89095,0.8912,6.50,3.30
2009.11.10 13:41:54.318,0.89095,0.89115,4.10,4.00
2009.11.10 13:41:54.598,0.89095,0.8912,2.40,7.70
2009.11.10 13:41:54.887,0.89095,0.8912,6.40,3.30
2009.11.10 13:41:55.527,0.89095,0.8912,6.40,4.10
2009.11.10 13:41:55.937,0.89095,0.8912,6.50,6.00
2009.11.10 13:41:56.107,0.89095,0.8912,6.40,7.60
2009.11.10 13:41:56.457,0.89095,0.89115,4.00,4.00
2009.11.10 13:41:58.347,0.89095,0.89115,4.10,4.00
2009.11.10 13:41:58.806,0.89095,0.89115,4.00,4.00
2009.11.10 13:41:59.086,0.89095,0.89115,4.10,4.00
2009.11.10 13:41:59.617,0.89095,0.89115,4.00,4.10
2009.11.10 13:41:59.906,0.8909,0.89115,8.90,4.00
2009.11.10 13:42:02.046,0.8909,0.89115,4.90,5.60
2009.11.10 13:42:02.226,0.8909,0.8911,1.00,2.40
2009.11.10 13:42:02.456,0.8909,0.8911,1.00,2.40
2009.11.10 13:42:07.485,0.8909,0.8911,1.00,2.40
2009.11.10 13:42:11.934,0.8909,0.89115,3.30,9.70
2009.11.10 13:42:12.293,0.8909,0.89115,3.50,9.60
2009.11.10 13:42:12.813,0.8909,0.89115,1.00,10.50
2009.11.10 13:42:13.103,0.8909,0.89115,3.30,9.60
2009.11.10 13:42:13.373,0.8909,0.8911,1.00,2.40
2009.11.10 13:42:16.282,0.8909,0.8911,1.00,2.40
2009.11.10 13:42:16.742,0.8909,0.8911,1.00,2.40
2009.11.10 13:42:19.652,0.8909,0.8911,1.00,3.20
2009.11.10 13:42:19.702,0.8909,0.89105,1.00,2.40
2009.11.10 13:42:20.491,0.89085,0.89105,5.60,2.40
2009.11.10 13:42:20.781,0.89085,0.89105,5.70,2.40
2009.11.10 13:42:21.071,0.89085,0.89105,5.60,2.40
2009.11.10 13:42:21.362,0.89085,0.89105,5.70,4.00
2009.11.10 13:42:22.631,0.89085,0.8911,7.60,8.10
2009.11.10 13:42:22.981,0.89085,0.8911,5.30,4.80
2009.11.10 13:42:23.331,0.89085,0.8911,6.80,3.30
2009.11.10 13:42:23.681,0.89085,0.8911,7.60,2.50
2009.11.10 13:42:24.331,0.89085,0.8911,7.70,2.50
2009.11.10 13:42:25.250,0.89085,0.8911,7.70,3.30
2009.11.10 13:42:25.370,0.89085,0.8911,7.70,4.00
2009.11.10 13:42:27.080,0.89085,0.8911,7.70,4.10
2009.11.10 13:42:27.610,0.89085,0.8911,7.60,2.50
2009.11.10 13:42:29.160,0.89085,0.8911,7.70,2.50
2009.11.10 13:42:29.569,0.89085,0.89105,5.30,2.40
2009.11.10 13:42:29.849,0.89085,0.89105,6.10,2.40
2009.11.10 13:42:30.139,0.89085,0.8911,7.60,2.50
2009.11.10 13:42:30.929,0.89085,0.8911,8.00,2.50
2009.11.10 13:42:31.219,0.89085,0.8911,7.30,2.50
2009.11.10 13:42:31.509,0.89085,0.8911,7.30,4.00
2009.11.10 13:42:31.809,0.89085,0.8911,7.30,4.80
2009.11.10 13:42:32.089,0.89085,0.8911,7.20,4.90
2009.11.10 13:42:33.018,0.89085,0.8911,7.30,4.00
2009.11.10 13:42:33.358,0.89085,0.8911,7.30,3.20
2009.11.10 13:42:34.408,0.89085,0.89105,4.90,2.40
2009.11.10 13:42:35.178,0.89085,0.8911,7.20,7.30
2009.11.10 13:42:35.528,0.89085,0.8911,7.20,3.30
2009.11.10 13:42:36.558,0.89085,0.8911,7.30,3.30
2009.11.10 13:42:36.887,0.89085,0.8911,7.30,4.80
2009.11.10 13:42:37.877,0.89085,0.8911,7.30,4.90
2009.11.10 13:42:38.927,0.89085,0.8911,7.20,4.90
2009.11.10 13:42:39.157,0.89085,0.8911,7.20,3.30
2009.11.10 13:42:39.377,0.89085,0.8911,8.00,3.30
2009.11.10 13:42:40.087,0.89085,0.8911,8.10,3.30
2009.11.10 13:42:40.926,0.89085,0.89105,4.90,2.40
2009.11.10 13:42:41.327,0.89085,0.89105,4.10,2.40
2009.11.10 13:42:41.666,0.89085,0.8911,7.30,8.90
2009.11.10 13:42:42.006,0.89085,0.8911,7.30,4.90
2009.11.10 13:42:42.386,0.89085,0.8911,4.90,4.90
2009.11.10 13:42:42.736,0.8908,0.89105,1.00,9.00
2009.11.10 13:42:43.076,0.89075,0.89105,7.30,10.60
2009.11.10 13:42:43.356,0.89075,0.891,7.30,2.60
2009.11.10 13:42:43.817,0.89075,0.89095,11.30,2.40
2009.11.10 13:42:44.106,0.89075,0.89095,8.00,2.40
2009.11.10 13:42:44.386,0.89075,0.891,15.20,4.00
2009.11.10 13:42:44.605,0.8908,0.891,6.40,2.40
2009.11.10 13:42:46.945,0.8908,0.891,6.40,3.20
2009.11.10 13:42:48.545,0.8908,0.891,8.30,1.00
2009.11.10 13:42:48.785,0.89085,0.89105,4.10,4.80
2009.11.10 13:42:50.054,0.89085,0.89105,4.10,3.20
2009.11.10 13:42:53.503,0.89085,0.89105,4.10,4.80
2009.11.10 13:42:54.993,0.89085,0.89105,6.50,4.80
2009.11.10 13:42:55.333,0.89085,0.89105,7.30,4.80
2009.11.10 13:42:57.323,0.89085,0.89105,7.20,4.80
2009.11.10 13:42:57.563,0.89085,0.89105,7.30,4.80
2009.11.10 13:42:57.682,0.89085,0.89105,4.90,4.80
2009.11.10 13:42:57.792,0.89085,0.89105,4.90,5.20
2009.11.10 13:42:58.132,0.8908,0.89105,8.10,4.80
2009.11.10 13:42:58.462,0.89085,0.89105,2.50,1.00
2009.11.10 13:42:59.162,0.89085,0.89105,6.50,1.00
2009.11.10 13:42:59.452,0.89085,0.89105,6.40,1.00
2009.11.10 13:42:59.732,0.89085,0.89105,6.50,1.00
2009.11.10 13:43:00.012,0.89085,0.8911,7.30,4.00
2009.11.10 13:43:00.312,0.89085,0.8911,7.20,4.00
2009.11.10 13:43:00.592,0.89085,0.8911,4.00,4.90
2009.11.10 13:43:00.822,0.89085,0.8911,4.00,12.40
2009.11.10 13:43:01.651,0.89085,0.8911,4.00,12.00
2009.11.10 13:43:01.991,0.8908,0.8911,7.30,12.00
2009.11.10 13:43:02.281,0.89085,0.89105,1.00,4.80
2009.11.10 13:43:02.571,0.89085,0.89105,2.40,4.80
2009.11.10 13:43:02.861,0.89085,0.89105,3.20,4.80
2009.11.10 13:43:03.381,0.89085,0.89105,1.00,4.80
2009.11.10 13:43:03.711,0.89085,0.89105,3.20,4.80
2009.11.10 13:43:03.951,0.8908,0.89105,7.30,4.80
2009.11.10 13:43:04.891,0.8908,0.89105,7.30,4.90
2009.11.10 13:43:05.751,0.8908,0.89105,7.30,3.30
2009.11.10 13:43:05.871,0.8908,0.89105,8.10,3.20
2009.11.10 13:43:05.991,0.8908,0.89105,8.10,1.00
2009.11.10 13:43:06.111,0.8908,0.8911,8.10,14.00
2009.11.10 13:43:06.630,0.8908,0.89105,4.80,5.20
2009.11.10 13:43:06.970,0.8908,0.89105,6.40,4.90
2009.11.10 13:43:07.310,0.8908,0.89105,7.20,8.80
2009.11.10 13:43:08.070,0.8908,0.89105,7.20,4.80
2009.11.10 13:43:08.360,0.89085,0.89105,3.20,4.10
2009.11.10 13:43:08.640,0.89085,0.89105,7.20,4.00
2009.11.10 13:43:09.810,0.89085,0.89105,6.40,4.80
2009.11.10 13:43:10.090,0.89085,0.89105,14.40,4.90
2009.11.10 13:43:10.899,0.89085,0.89105,6.40,4.90
2009.11.10 13:43:11.429,0.89085,0.89105,6.40,4.80
2009.11.10 13:43:13.599,0.89085,0.89105,4.10,4.80
2009.11.10 13:43:13.949,0.89085,0.89105,4.00,5.70
2009.11.10 13:43:14.568,0.89085,0.89105,4.00,7.30
2009.11.10 13:43:14.918,0.8908,0.89105,7.20,6.10
2009.11.10 13:43:15.218,0.8908,0.89105,7.30,6.40
2009.11.10 13:43:16.068,0.8908,0.89105,7.20,6.50
2009.11.10 13:43:16.928,0.8908,0.89105,4.80,11.60
2009.11.10 13:43:17.568,0.8908,0.89105,4.00,14.20
2009.11.10 13:43:17.748,0.89075,0.891,8.80,4.80
2009.11.10 13:43:18.077,0.89075,0.8909,4.80,1.60
2009.11.10 13:43:18.408,0.8907,0.8909,4.80,4.00
2009.11.10 13:43:18.758,0.8907,0.8909,4.80,4.80
2009.11.10 13:43:19.088,0.8907,0.8909,1.00,4.80
2009.11.10 13:43:19.437,0.8907,0.8909,1.00,8.80
2009.11.10 13:43:20.207,0.8907,0.89085,1.00,2.40
2009.11.10 13:43:20.897,0.8907,0.89085,1.00,6.40
2009.11.10 13:43:21.287,0.8907,0.8908,1.00,4.00
2009.11.10 13:43:21.637,0.8907,0.89085,2.40,4.80
2009.11.10 13:43:21.977,0.8907,0.8909,4.00,6.40
2009.11.10 13:43:22.677,0.8907,0.89085,4.00,2.40
2009.11.10 13:43:23.017,0.8907,0.8909,2.40,6.40
2009.11.10 13:43:23.186,0.8907,0.8909,2.40,2.40
2009.11.10 13:43:23.936,0.89065,0.8909,7.20,2.40
2009.11.10 13:43:31.064,0.89065,0.8909,7.30,2.40
2009.11.10 13:43:31.184,0.89065,0.8909,7.20,2.40
2009.11.10 13:43:31.354,0.89065,0.8909,15.20,2.40
2009.11.10 13:43:31.644,0.89065,0.8909,7.20,2.40
2009.11.10 13:43:33.274,0.89065,0.8909,4.90,10.10
2009.11.10 13:43:33.554,0.89065,0.89085,4.90,5.20
2009.11.10 13:43:33.844,0.89065,0.89085,2.40,3.20
2009.11.10 13:43:34.074,0.89065,0.89085,8.00,3.20
2009.11.10 13:43:34.723,0.89065,0.89085,4.00,3.20
2009.11.10 13:43:35.013,0.89065,0.89085,8.80,2.40
2009.11.10 13:43:35.943,0.89065,0.89085,7.30,2.40
2009.11.10 13:43:36.273,0.89065,0.8908,6.50,2.40
2009.11.10 13:43:36.613,0.89065,0.8908,4.80,2.50
2009.11.10 13:43:36.943,0.8906,0.8908,1.00,2.50
2009.11.10 13:43:37.303,0.8906,0.8908,4.90,2.40
2009.11.10 13:43:37.693,0.8906,0.8908,7.20,1.00
2009.11.10 13:43:38.033,0.8906,0.8908,4.80,2.40
2009.11.10 13:43:39.383,0.8906,0.8908,1.00,2.40
2009.11.10 13:43:40.033,0.8906,0.8908,4.80,2.40
2009.11.10 13:43:40.782,0.8906,0.8908,4.80,2.90
2009.11.10 13:43:41.772,0.8906,0.89075,4.00,3.10
2009.11.10 13:43:42.392,0.89055,0.89075,4.80,3.10
2009.11.10 13:43:43.102,0.89055,0.89075,4.80,3.10
2009.11.10 13:43:43.681,0.8905,0.8907,4.00,2.40
2009.11.10 13:43:43.981,0.8905,0.8907,4.10,2.40
2009.11.10 13:43:48.140,0.8905,0.89075,4.90,2.90
2009.11.10 13:43:48.191,0.8905,0.8907,5.70,2.40
2009.11.10 13:43:48.790,0.8905,0.8907,4.90,2.40
2009.11.10 13:43:49.090,0.89055,0.89075,1.00,2.90
2009.11.10 13:43:49.380,0.89055,0.89075,4.10,2.90
2009.11.10 13:43:50.060,0.89055,0.89075,4.10,2.40
2009.11.10 13:43:50.410,0.89055,0.8908,8.10,8.90
2009.11.10 13:43:50.760,0.89055,0.8908,8.10,4.90
2009.11.10 13:43:51.110,0.89055,0.8908,8.10,9.70
2009.11.10 13:43:52.099,0.89055,0.8908,1.00,10.70
2009.11.10 13:43:52.719,0.89055,0.8908,8.10,9.90
2009.11.10 13:43:52.999,0.89055,0.8908,6.50,10.70
2009.11.10 13:43:53.339,0.89055,0.89075,4.10,2.40
2009.11.10 13:43:53.679,0.89055,0.89075,4.00,2.40
2009.11.10 13:43:54.319,0.8905,0.8907,4.10,2.40
2009.11.10 13:43:54.589,0.8905,0.89075,6.50,6.50
2009.11.10 13:43:55.309,0.8905,0.89075,6.50,2.50
2009.11.10 13:43:57.868,0.8905,0.8908,8.10,7.30
2009.11.10 13:43:58.158,0.8905,0.89075,11.70,3.20
2009.11.10 13:43:58.448,0.89055,0.89075,7.20,3.20
2009.11.10 13:43:58.968,0.89055,0.89075,7.20,2.40
2009.11.10 13:43:59.258,0.89055,0.89075,4.00,2.40
2009.11.10 13:43:59.607,0.8905,0.89075,7.30,2.50
2009.11.10 13:43:59.957,0.8905,0.8908,9.80,8.10
2009.11.10 13:44:00.307,0.89055,0.8908,14.50,5.70
2009.11.10 13:44:00.547,0.89055,0.8908,6.50,9.50
2009.11.10 13:44:00.708,0.89055,0.8908,2.50,10.90
2009.11.10 13:44:00.948,0.8906,0.8908,2.40,5.60
2009.11.10 13:44:01.417,0.8906,0.8908,2.40,3.20
2009.11.10 13:44:01.757,0.89055,0.89075,6.50,2.40
2009.11.10 13:44:02.217,0.89055,0.89075,4.10,2.40
2009.11.10 13:44:02.567,0.89055,0.89075,4.00,2.40
2009.11.10 13:44:03.566,0.89055,0.89075,4.10,2.40
2009.11.10 13:44:05.436,0.89055,0.8908,8.10,5.50
2009.11.10 13:44:05.716,0.89055,0.8908,4.00,6.70
2009.11.10 13:44:06.986,0.89055,0.89075,4.00,3.30
2009.11.10 13:44:07.326,0.89055,0.89075,4.00,2.50
2009.11.10 13:44:08.476,0.89055,0.89075,4.00,3.50
2009.11.10 13:44:08.765,0.89055,0.8907,4.00,2.40
2009.11.10 13:44:09.565,0.8905,0.89075,7.20,3.50
2009.11.10 13:44:09.865,0.8905,0.89075,11.20,3.50
2009.11.10 13:44:12.684,0.8905,0.89075,7.20,3.50
2009.11.10 13:44:12.854,0.8905,0.89075,4.00,4.30
2009.11.10 13:44:13.084,0.89045,0.89075,9.60,8.30
2009.11.10 13:44:13.314,0.89055,0.8907,1.00,2.40
2009.11.10 13:44:13.485,0.89055,0.89075,3.20,6.40
2009.11.10 13:44:13.774,0.89055,0.89075,2.40,6.40
2009.11.10 13:44:14.064,0.89055,0.89075,6.40,2.40
2009.11.10 13:44:14.244,0.89055,0.8908,4.00,2.80
2009.11.10 13:44:14.684,0.89055,0.8908,4.00,2.40
2009.11.10 13:44:15.134,0.89055,0.89085,9.70,11.20
2009.11.10 13:44:15.354,0.89055,0.89085,16.90,9.10
2009.11.10 13:44:15.934,0.89055,0.8908,5.60,6.40
2009.11.10 13:44:16.104,0.89055,0.89075,4.00,1.00
2009.11.10 13:44:16.274,0.8905,0.8908,7.20,8.10
2009.11.10 13:44:16.624,0.8905,0.8908,7.20,11.30
2009.11.10 13:44:17.363,0.8905,0.8908,7.30,8.40
2009.11.10 13:44:17.583,0.8905,0.89075,7.30,4.00
2009.11.10 13:44:17.813,0.8905,0.89075,7.30,4.00
2009.11.10 13:44:18.043,0.89055,0.89075,2.40,1.00
2009.11.10 13:44:18.273,0.89055,0.8908,2.40,8.00
2009.11.10 13:44:18.623,0.89055,0.8908,2.40,11.60
2009.11.10 13:44:18.793,0.89055,0.8908,2.40,13.40
2009.11.10 13:44:18.953,0.89055,0.8908,2.40,8.40
2009.11.10 13:44:19.123,0.89055,0.8908,2.40,11.60
2009.11.10 13:44:19.283,0.89055,0.89075,2.40,4.80
2009.11.10 13:44:19.683,0.8905,0.89075,4.90,4.00
2009.11.10 13:44:20.373,0.8905,0.89075,4.90,4.80
2009.11.10 13:44:20.592,0.8905,0.89075,1.00,4.00
2009.11.10 13:44:20.872,0.8905,0.89075,1.00,4.80
2009.11.10 13:44:21.102,0.8905,0.89075,1.00,4.00
2009.11.10 13:44:21.602,0.8905,0.89075,1.00,5.60
2009.11.10 13:44:21.942,0.8905,0.89075,1.00,4.00
2009.11.10 13:44:22.292,0.8905,0.8907,1.00,4.00
2009.11.10 13:44:22.642,0.8905,0.89075,1.00,8.80
2009.11.10 13:44:23.212,0.8905,0.89075,1.00,4.00
2009.11.10 13:44:23.442,0.8905,0.89075,1.00,4.80
2009.11.10 13:44:23.672,0.8905,0.89075,1.00,4.00
2009.11.10 13:44:24.082,0.8905,0.89075,1.00,5.70
2009.11.10 13:44:24.251,0.8905,0.8907,1.00,2.40
2009.11.10 13:44:24.471,0.8905,0.8907,1.00,7.20
2009.11.10 13:44:24.801,0.8905,0.8907,1.00,6.40
2009.11.10 13:44:25.091,0.8905,0.8907,1.00,2.40
2009.11.10 13:44:25.371,0.8905,0.8907,1.00,6.40
2009.11.10 13:44:25.711,0.89045,0.8907,7.20,6.40
2009.11.10 13:44:26.591,0.89045,0.8907,6.40,6.40
2009.11.10 13:44:26.881,0.8904,0.8907,4.90,7.50
2009.11.10 13:44:27.121,0.8904,0.8906,4.80,1.00
2009.11.10 13:44:27.521,0.8904,0.8906,4.00,1.00
2009.11.10 13:44:27.751,0.89035,0.8906,6.50,1.00
2009.11.10 13:44:29.500,0.89035,0.8906,7.30,1.00
2009.11.10 13:44:29.790,0.89035,0.8906,8.90,1.00
2009.11.10 13:44:30.030,0.89035,0.8906,5.10,4.00
2009.11.10 13:44:30.260,0.89035,0.8906,4.90,4.00
2009.11.10 13:44:30.440,0.89035,0.89065,8.90,4.80
2009.11.10 13:44:31.150,0.89035,0.8906,8.90,4.00
2009.11.10 13:44:32.070,0.89035,0.8906,7.30,4.00
2009.11.10 13:44:32.479,0.89035,0.89065,7.30,5.60
2009.11.10 13:44:33.099,0.89035,0.89065,15.30,5.60
2009.11.10 13:44:33.449,0.8904,0.89065,4.00,4.00
2009.11.10 13:44:33.789,0.89035,0.89065,3.30,4.00
2009.11.10 13:44:34.459,0.89035,0.89065,3.30,12.00
2009.11.10 13:44:38.588,0.89035,0.8906,3.50,4.00
2009.11.10 13:44:39.788,0.89035,0.8906,5.80,4.00
2009.11.10 13:44:40.018,0.89045,0.89065,2.50,4.80
2009.11.10 13:44:40.258,0.89045,0.89065,4.10,4.80
2009.11.10 13:44:40.478,0.89045,0.89065,2.50,4.00
2009.11.10 13:44:40.698,0.89045,0.89065,4.00,2.40
2009.11.10 13:44:41.738,0.8904,0.8906,1.00,4.10
2009.11.10 13:44:42.577,0.8904,0.89055,1.00,7.20
2009.11.10 13:44:42.807,0.8904,0.89055,1.00,3.20
2009.11.10 13:44:43.337,0.8904,0.8905,1.00,2.50
2009.11.10 13:44:43.677,0.89025,0.89045,4.00,2.90
2009.11.10 13:44:43.967,0.8902,0.8904,4.80,2.40
2009.11.10 13:44:44.257,0.8902,0.8904,1.00,2.40
2009.11.10 13:44:44.557,0.8902,0.8904,12.80,2.40
2009.11.10 13:44:45.526,0.89025,0.8905,4.00,6.50
2009.11.10 13:44:45.866,0.89025,0.8905,4.00,4.90
2009.11.10 13:44:46.256,0.89025,0.8905,12.00,4.90
2009.11.10 13:44:46.596,0.89025,0.8905,4.00,4.10
2009.11.10 13:44:46.947,0.89025,0.8905,4.00,1.00
2009.11.10 13:44:48.626,0.89025,0.8905,4.00,3.30
2009.11.10 13:44:50.135,0.8902,0.8905,8.00,7.30
2009.11.10 13:44:50.545,0.8902,0.8905,4.00,7.30
2009.11.10 13:44:53.225,0.8902,0.8904,4.00,1.60
2009.11.10 13:44:53.445,0.89015,0.8904,5.60,5.30
2009.11.10 13:44:53.685,0.8901,0.8904,4.80,5.30
2009.11.10 13:44:54.025,0.8901,0.89035,1.00,14.40
2009.11.10 13:44:54.364,0.89015,0.89035,1.00,12.00
2009.11.10 13:44:54.724,0.89015,0.8904,1.00,6.50
2009.11.10 13:44:55.334,0.89015,0.8904,2.50,4.10
2009.11.10 13:44:55.634,0.89015,0.8904,2.50,4.00
2009.11.10 13:44:56.574,0.89015,0.89045,15.30,10.40
2009.11.10 13:44:56.864,0.89015,0.89045,8.10,6.40
2009.11.10 13:44:57.084,0.89015,0.89045,7.30,6.40
2009.11.10 13:44:57.304,0.89015,0.8904,7.30,1.00
2009.11.10 13:44:57.713,0.89015,0.89045,7.30,6.40
2009.11.10 13:44:58.164,0.89015,0.89045,4.10,9.00
2009.11.10 13:44:58.564,0.89015,0.89045,4.10,8.80
2009.11.10 13:44:59.133,0.89015,0.8904,1.00,6.50
2009.11.10 13:44:59.183,0.89015,0.8904,2.50,4.10
2009.11.10 13:44:59.573,0.89015,0.8904,3.30,4.00
2009.11.10 13:44:59.913,0.89015,0.8904,3.30,4.10
2009.11.10 13:45:00.923,0.89015,0.8904,3.70,4.00
2009.11.10 13:45:01.203,0.89015,0.8904,4.00,4.00
2009.11.10 13:45:01.553,0.8902,0.89045,7.20,4.00
2009.11.10 13:45:01.933,0.89025,0.8905,3.60,4.10
2009.11.10 13:45:02.262,0.8903,0.8905,6.40,4.10
2009.11.10 13:45:02.602,0.8903,0.8905,2.40,4.00
2009.11.10 13:45:02.992,0.8903,0.8905,2.40,8.00
2009.11.10 13:45:03.512,0.89025,0.8905,3.20,8.00
2009.11.10 13:45:03.982,0.89025,0.8905,3.20,4.00
2009.11.10 13:45:04.322,0.8903,0.8905,1.00,4.00
2009.11.10 13:45:04.672,0.89025,0.8905,4.10,8.00
2009.11.10 13:45:05.193,0.89025,0.8905,2.50,8.00
2009.11.10 13:45:05.552,0.8903,0.8905,2.50,1.60
2009.11.10 13:45:05.832,0.89035,0.8905,2.40,1.60
2009.11.10 13:45:06.392,0.89035,0.89055,2.40,1.00
2009.11.10 13:45:07.262,0.89035,0.8906,2.40,7.20
2009.11.10 13:45:07.891,0.89035,0.8906,3.20,7.20
2009.11.10 13:45:08.131,0.89035,0.8906,3.20,4.80
2009.11.10 13:45:08.301,0.89035,0.8906,3.20,4.00
2009.11.10 13:45:08.711,0.89035,0.8906,2.40,4.00
2009.11.10 13:45:08.891,0.89035,0.8906,2.40,7.20
2009.11.10 13:45:09.171,0.89035,0.8906,2.40,15.20
2009.11.10 13:45:09.701,0.89035,0.8906,2.50,15.20
2009.11.10 13:45:09.991,0.89035,0.8906,3.30,7.20
2009.11.10 13:45:10.290,0.89035,0.8906,2.40,6.80
2009.11.10 13:45:10.690,0.89035,0.8906,2.50,6.90
2009.11.10 13:45:11.030,0.89035,0.8906,2.40,15.20
2009.11.10 13:45:11.370,0.89035,0.8906,2.40,7.20
2009.11.10 13:45:13.610,0.89035,0.8906,2.40,3.20
2009.11.10 13:45:14.670,0.8903,0.89055,8.90,2.40
2009.11.10 13:45:15.010,0.89035,0.8906,1.00,3.70
2009.11.10 13:45:15.289,0.89035,0.8906,1.00,6.90
2009.11.10 13:45:16.219,0.89035,0.8906,1.00,7.70
2009.11.10 13:45:16.329,0.89035,0.89055,1.00,2.40
2009.11.10 13:45:17.009,0.89035,0.89055,4.10,2.40
2009.11.10 13:45:17.859,0.89035,0.8906,7.30,6.50
2009.11.10 13:45:18.139,0.8904,0.8906,4.00,2.40
2009.11.10 13:45:18.359,0.8904,0.8906,4.00,2.80
2009.11.10 13:45:19.579,0.8904,0.8906,4.00,3.20
2009.11.10 13:45:19.918,0.8904,0.89065,2.50,7.20
2009.11.10 13:45:20.379,0.8904,0.89065,6.50,3.20
2009.11.10 13:45:20.719,0.8904,0.89065,6.50,10.00
2009.11.10 13:45:20.938,0.8904,0.89065,2.50,9.60
2009.11.10 13:45:21.108,0.8904,0.89065,2.50,12.50
2009.11.10 13:45:21.518,0.8904,0.8906,2.40,1.20
2009.11.10 13:45:21.678,0.89035,0.8906,6.50,1.20
2009.11.10 13:45:22.018,0.89035,0.89055,4.00,1.00
2009.11.10 13:45:22.408,0.89035,0.89055,4.00,5.60
2009.11.10 13:45:22.748,0.89025,0.89055,7.30,9.60
2009.11.10 13:45:23.098,0.8903,0.89055,1.00,8.80
2009.11.10 13:45:23.447,0.8903,0.89055,4.80,8.90
2009.11.10 13:45:23.787,0.8903,0.89055,4.00,9.70
2009.11.10 13:45:24.707,0.89025,0.89055,8.00,9.70
2009.11.10 13:45:26.157,0.89025,0.89055,8.00,9.70
2009.11.10 13:45:26.457,0.8903,0.89055,4.00,8.80
2009.11.10 13:45:26.627,0.8903,0.89055,6.40,9.60
2009.11.10 13:45:27.147,0.8903,0.8905,8.00,1.00
2009.11.10 13:45:27.447,0.8903,0.8905,4.00,3.20
2009.11.10 13:45:28.986,0.8903,0.8905,4.00,3.30
2009.11.10 13:45:29.336,0.8903,0.8905,4.00,3.20
2009.11.10 13:45:30.026,0.8903,0.8905,4.00,3.30
2009.11.10 13:45:30.895,0.8903,0.8905,6.40,1.00
2009.11.10 13:45:31.515,0.8903,0.8905,6.40,1.70
2009.11.10 13:45:31.855,0.8903,0.8905,4.00,1.60
2009.11.10 13:45:32.195,0.89025,0.8905,4.00,2.40
2009.11.10 13:45:32.545,0.8902,0.8905,7.30,6.40
2009.11.10 13:45:33.595,0.8902,0.8905,6.50,6.40
2009.11.10 13:45:34.595,0.8902,0.8905,6.50,6.00
2009.11.10 13:45:34.815,0.8902,0.89045,7.30,4.00
2009.11.10 13:45:36.254,0.8902,0.89045,6.50,4.00
2009.11.10 13:45:36.595,0.8902,0.89045,2.40,4.80
2009.11.10 13:45:36.934,0.89015,0.89045,7.30,5.20
2009.11.10 13:45:37.224,0.89025,0.89045,2.40,12.00
2009.11.10 13:45:37.524,0.89025,0.89045,2.40,4.00
2009.11.10 13:45:42.793,0.89025,0.89045,2.50,4.00
2009.11.10 13:45:44.173,0.8902,0.89045,7.30,4.00
2009.11.10 13:45:44.453,0.8902,0.89045,5.70,4.00
2009.11.10 13:45:44.732,0.89025,0.89045,2.40,4.00
2009.11.10 13:45:46.062,0.89025,0.8905,2.40,11.60
2009.11.10 13:45:46.392,0.89025,0.8905,2.40,8.00
2009.11.10 13:45:46.682,0.89025,0.8905,2.40,11.60
2009.11.10 13:45:47.042,0.89025,0.8905,6.40,9.40
2009.11.10 13:45:48.581,0.89025,0.8905,2.40,9.40
2009.11.10 13:45:49.171,0.89025,0.8905,6.40,9.80
2009.11.10 13:45:49.811,0.89025,0.8905,6.40,9.40
2009.11.10 13:45:50.101,0.89025,0.8905,6.40,9.80
2009.11.10 13:45:50.381,0.89025,0.8905,6.50,10.00
2009.11.10 13:45:50.891,0.89025,0.8905,2.50,18.00
2009.11.10 13:45:51.001,0.89025,0.8905,2.40,9.90
2009.11.10 13:45:51.941,0.89025,0.8905,6.40,10.10
2009.11.10 13:45:52.270,0.89025,0.89045,6.50,1.00
2009.11.10 13:45:52.630,0.89025,0.89045,2.50,1.00
2009.11.10 13:45:53.990,0.89025,0.89045,8.10,1.00
2009.11.10 13:45:54.320,0.89025,0.89045,1.00,3.60
2009.11.10 13:45:54.600,0.89025,0.89045,4.10,2.40
2009.11.10 13:45:54.940,0.89025,0.89045,1.00,3.20
2009.11.10 13:45:55.230,0.89025,0.89045,1.00,7.20
2009.11.10 13:45:55.590,0.8902,0.89045,5.70,7.60
2009.11.10 13:45:55.939,0.8902,0.89045,1.70,8.40
2009.11.10 13:45:56.689,0.8902,0.89045,4.10,9.20
2009.11.10 13:45:57.029,0.8902,0.89045,8.10,9.20
2009.11.10 13:45:57.949,0.8902,0.89045,4.10,9.20
2009.11.10 13:45:58.489,0.8902,0.89045,4.10,8.40
2009.11.10 13:45:58.769,0.8902,0.89045,4.00,8.50
2009.11.10 13:45:58.999,0.8902,0.89045,1.60,8.50
2009.11.10 13:45:59.269,0.8902,0.89045,1.60,9.30
2009.11.10 13:46:00.109,0.8902,0.8904,1.60,1.00
2009.11.10 13:46:00.448,0.8902,0.89045,4.00,9.30
2009.11.10 13:46:01.008,0.8902,0.89045,1.60,9.30
2009.11.10 13:46:01.449,0.8902,0.89045,4.00,9.30
2009.11.10 13:46:02.378,0.8902,0.89045,4.10,9.30
2009.11.10 13:46:03.308,0.8902,0.89045,4.10,8.50
2009.11.10 13:46:04.218,0.89015,0.89035,2.40,3.30
2009.11.10 13:46:04.447,0.8901,0.89035,4.90,7.70
2009.11.10 13:46:05.177,0.8901,0.89035,4.00,7.70
2009.11.10 13:46:06.827,0.8901,0.89035,4.10,7.70
2009.11.10 13:46:09.986,0.89015,0.89035,1.60,6.80
2009.11.10 13:46:10.166,0.8902,0.89035,1.00,4.00
2009.11.10 13:46:10.386,0.8902,0.89035,4.10,4.00
2009.11.10 13:46:10.606,0.8902,0.8904,4.20,8.00
2009.11.10 13:46:10.836,0.89025,0.89045,1.70,6.80
2009.11.10 13:46:11.256,0.89025,0.89045,1.70,2.80
2009.11.10 13:46:12.295,0.89025,0.89045,1.70,3.20
2009.11.10 13:46:12.586,0.8902,0.8904,4.00,2.90
2009.11.10 13:46:12.806,0.89015,0.8904,5.60,6.80
2009.11.10 13:46:13.955,0.8902,0.8904,4.00,7.20
2009.11.10 13:46:14.195,0.8902,0.89045,5.60,3.60
2009.11.10 13:46:14.435,0.8902,0.89045,5.70,3.60
2009.11.10 13:46:14.775,0.8902,0.89045,5.70,7.60
2009.11.10 13:46:15.155,0.8902,0.89045,5.70,7.70
2009.11.10 13:46:15.495,0.8902,0.89045,5.60,7.70
2009.11.10 13:46:15.665,0.8902,0.8904,2.40,4.40
2009.11.10 13:46:16.065,0.89015,0.8903,6.50,2.40
2009.11.10 13:46:16.235,0.89015,0.89035,4.00,4.80
2009.11.10 13:46:16.405,0.89015,0.89035,5.60,4.80
2009.11.10 13:46:16.575,0.89015,0.89035,1.60,1.00
2009.11.10 13:46:17.284,0.89015,0.89035,1.60,1.20
2009.11.10 13:46:17.624,0.89015,0.89035,1.60,5.20
2009.11.10 13:46:17.974,0.89015,0.89035,1.60,1.20
2009.11.10 13:46:18.254,0.89015,0.89035,1.60,2.90
2009.11.10 13:46:21.313,0.89015,0.89035,1.60,2.80
2009.11.10 13:46:21.593,0.89015,0.89035,1.60,6.80
2009.11.10 13:46:21.893,0.89015,0.89035,1.60,6.40
2009.11.10 13:46:22.973,0.8901,0.8903,1.00,6.40
2009.11.10 13:46:23.253,0.8901,0.8903,1.00,6.80
2009.11.10 13:46:26.362,0.8901,0.8902,1.00,2.40
2009.11.10 13:46:27.152,0.89005,0.89025,2.50,6.40
2009.11.10 13:46:27.442,0.89005,0.89025,2.50,2.40
2009.11.10 13:46:27.742,0.89005,0.89025,6.50,2.40
2009.11.10 13:46:28.022,0.89005,0.89025,5.70,2.40
2009.11.10 13:46:28.712,0.89005,0.8903,12.90,6.40
2009.11.10 13:46:29.002,0.89015,0.8903,1.60,2.80
2009.11.10 13:46:31.312,0.89015,0.8903,1.60,6.80
2009.11.10 13:46:32.491,0.8901,0.89025,1.60,2.40
2009.11.10 13:46:33.210,0.89005,0.8903,8.10,3.60
2009.11.10 13:46:35.380,0.89015,0.8903,1.60,2.80
2009.11.10 13:46:38.479,0.8901,0.89025,1.60,2.40
2009.11.10 13:46:38.839,0.89015,0.89025,1.60,1.00
2009.11.10 13:46:39.129,0.89015,0.8903,1.60,3.60
2009.11.10 13:46:42.618,0.89015,0.8903,1.60,3.20
2009.11.10 13:46:44.608,0.89015,0.8903,1.60,2.40
2009.11.10 13:46:45.858,0.89015,0.89035,1.60,6.90
2009.11.10 13:46:46.078,0.89015,0.89035,1.60,2.50
2009.11.10 13:46:46.307,0.89015,0.89035,1.70,2.40
2009.11.10 13:46:47.607,0.89015,0.89035,1.60,2.40
2009.11.10 13:46:48.017,0.89015,0.8903,1.60,2.40
2009.11.10 13:46:48.248,0.89015,0.89035,1.60,7.60
2009.11.10 13:46:48.427,0.89015,0.89035,1.60,6.50
2009.11.10 13:46:48.977,0.89015,0.89035,5.60,2.50
2009.11.10 13:46:52.826,0.89015,0.89035,5.60,3.30
2009.11.10 13:46:53.276,0.89015,0.89035,5.60,4.50
2009.11.10 13:46:53.516,0.89015,0.89035,5.60,4.50
2009.11.10 13:46:53.696,0.89015,0.89035,5.60,3.20
2009.11.10 13:46:54.045,0.89015,0.89035,5.60,2.40
2009.11.10 13:46:55.115,0.89015,0.89035,1.60,2.40
2009.11.10 13:46:57.795,0.89015,0.89035,1.60,2.40
2009.11.10 13:46:58.024,0.89015,0.89035,1.60,3.30
2009.11.10 13:46:58.355,0.89015,0.89035,1.60,3.20
2009.11.10 13:46:59.514,0.89015,0.89035,1.70,3.20
2009.11.10 13:47:01.574,0.8901,0.89035,7.30,5.60
2009.11.10 13:47:01.684,0.8901,0.8903,7.30,2.40
2009.11.10 13:47:02.024,0.8901,0.89035,10.50,3.70
2009.11.10 13:47:02.144,0.8901,0.89035,14.50,2.90
2009.11.10 13:47:02.533,0.89015,0.89035,4.00,3.30
2009.11.10 13:47:05.383,0.89015,0.89035,4.00,2.90
2009.11.10 13:47:07.432,0.89015,0.89035,4.00,5.70
2009.11.10 13:47:08.013,0.8901,0.89035,6.50,4.90
2009.11.10 13:47:08.242,0.89015,0.8903,4.00,5.70
2009.11.10 13:47:08.412,0.89015,0.89025,4.00,2.40
2009.11.10 13:47:08.822,0.89005,0.89025,4.00,2.40
2009.11.10 13:47:09.402,0.89005,0.89025,4.00,2.50
2009.11.10 13:47:10.072,0.89005,0.89025,4.00,2.40
2009.11.10 13:47:10.811,0.89005,0.89025,4.00,2.50
2009.11.10 13:47:11.611,0.89005,0.89025,4.00,2.70
2009.11.10 13:47:12.581,0.89005,0.8902,4.00,2.50
2009.11.10 13:47:12.821,0.89005,0.8902,4.00,2.40
2009.11.10 13:47:13.051,0.89,0.8902,3.30,6.40
2009.11.10 13:47:14.970,0.89,0.8902,3.30,2.40
2009.11.10 13:47:15.700,0.89,0.8902,3.20,6.50
2009.11.10 13:47:15.870,0.8899,0.8902,7.30,12.40
2009.11.10 13:47:16.090,0.8899,0.89015,7.50,3.20
2009.11.10 13:47:16.310,0.8899,0.89015,7.90,1.00
2009.11.10 13:47:16.660,0.8899,0.89015,3.90,4.00
2009.11.10 13:47:17.700,0.8899,0.89015,3.70,4.10
2009.11.10 13:47:18.040,0.8899,0.89015,3.30,7.20
2009.11.10 13:47:18.600,0.88995,0.89015,2.40,9.20
2009.11.10 13:47:18.820,0.88995,0.89015,1.00,8.40
2009.11.10 13:47:19.000,0.88995,0.89015,1.00,12.90
2009.11.10 13:47:19.179,0.8899,0.8901,4.10,4.00
2009.11.10 13:47:19.410,0.8899,0.8901,1.00,6.40
2009.11.10 13:47:19.589,0.8899,0.8901,3.20,4.00
2009.11.10 13:47:21.109,0.8899,0.8901,3.20,4.00
2009.11.10 13:47:21.279,0.88985,0.8901,5.50,4.00
2009.11.10 13:47:21.619,0.8899,0.8901,2.50,4.00
2009.11.10 13:47:21.959,0.8899,0.8901,3.30,4.00
2009.11.10 13:47:22.899,0.8899,0.8901,2.50,4.00
2009.11.10 13:47:23.708,0.8899,0.89015,6.50,6.40
2009.11.10 13:47:24.048,0.8899,0.89015,7.30,6.40
2009.11.10 13:47:24.628,0.8899,0.89015,10.90,6.40
2009.11.10 13:47:24.968,0.88995,0.89015,3.30,6.40
2009.11.10 13:47:25.328,0.88995,0.89015,3.30,2.40
2009.11.10 13:47:25.688,0.88995,0.89015,3.20,2.40
2009.11.10 13:47:26.208,0.88995,0.8902,4.00,6.40
2009.11.10 13:47:26.368,0.88995,0.8902,4.00,14.40
2009.11.10 13:47:26.897,0.88995,0.8902,8.00,6.40
2009.11.10 13:47:27.067,0.88995,0.8902,8.10,3.20
2009.11.10 13:47:27.417,0.88995,0.8902,4.10,6.40
2009.11.10 13:47:27.757,0.88995,0.8902,8.10,6.40
2009.11.10 13:47:28.117,0.88995,0.8902,8.10,2.40
2009.11.10 13:47:28.407,0.88995,0.8902,7.20,2.40
2009.11.10 13:47:28.707,0.88995,0.8902,7.20,6.40
2009.11.10 13:47:28.997,0.88995,0.8902,3.20,6.40
2009.11.10 13:47:29.727,0.88995,0.8902,6.40,6.40
2009.11.10 13:47:30.067,0.88995,0.8902,2.40,6.40
2009.11.10 13:47:30.287,0.88995,0.8902,3.20,6.40
2009.11.10 13:47:31.836,0.88995,0.89015,3.20,2.40
2009.11.10 13:47:32.126,0.88995,0.8902,3.20,6.40
2009.11.10 13:47:32.427,0.88995,0.8902,7.20,6.40
2009.11.10 13:47:33.566,0.88995,0.8902,7.30,6.40
2009.11.10 13:47:34.905,0.88985,0.89005,2.50,2.40
2009.11.10 13:47:35.136,0.88985,0.8901,1.70,6.50
2009.11.10 13:47:35.316,0.88985,0.8901,4.80,4.00
2009.11.10 13:47:35.546,0.88985,0.8901,4.90,4.00
2009.11.10 13:47:35.715,0.88985,0.8901,5.70,4.00
2009.11.10 13:47:36.065,0.8899,0.8901,3.70,4.00
2009.11.10 13:47:36.425,0.8899,0.8901,2.40,4.00
2009.11.10 13:47:36.776,0.8899,0.89015,3.70,4.80
2009.11.10 13:47:37.115,0.8899,0.89015,3.60,4.00
2009.11.10 13:47:37.516,0.8899,0.89015,7.60,4.00
2009.11.10 13:47:38.165,0.88985,0.8901,1.00,10.50
2009.11.10 13:47:38.555,0.88985,0.8901,1.00,10.40
2009.11.10 13:47:39.724,0.88985,0.8901,3.20,9.60
2009.11.10 13:47:40.376,0.88985,0.8901,8.80,2.40
2009.11.10 13:47:40.715,0.88985,0.8901,9.70,6.40
2009.11.10 13:47:41.224,0.88985,0.8901,9.90,6.40
2009.11.10 13:47:41.955,0.88985,0.8901,5.70,6.40
2009.11.10 13:47:42.174,0.88985,0.8901,5.90,6.40
2009.11.10 13:47:44.384,0.8899,0.8901,2.40,6.40
2009.11.10 13:47:44.554,0.8899,0.8901,2.40,6.40
2009.11.10 13:47:44.733,0.8899,0.8901,2.50,6.40
2009.11.10 13:47:44.903,0.88985,0.8901,9.70,4.00
2009.11.10 13:47:45.203,0.88995,0.89015,2.50,6.40
2009.11.10 13:47:45.593,0.88995,0.89015,3.20,2.40
2009.11.10 13:47:45.893,0.88995,0.89015,4.10,4.00
2009.11.10 13:47:46.253,0.89,0.8902,2.40,9.70
2009.11.10 13:47:46.643,0.89,0.8902,2.40,8.90
2009.11.10 13:47:48.183,0.89,0.8902,3.20,8.90
2009.11.10 13:47:48.362,0.89005,0.8902,2.40,5.60
2009.11.10 13:47:49.342,0.89005,0.8902,2.40,4.00
2009.11.10 13:47:49.612,0.89,0.8902,3.20,4.00
2009.11.10 13:47:49.952,0.88995,0.89025,8.40,6.40
2009.11.10 13:47:50.302,0.88995,0.89025,7.20,8.00
2009.11.10 13:47:50.642,0.88995,0.8902,8.00,4.00
2009.11.10 13:47:50.942,0.88995,0.8902,8.10,4.00
2009.11.10 13:47:51.382,0.88995,0.89025,8.10,8.00
2009.11.10 13:47:53.871,0.88995,0.89025,7.30,9.00
2009.11.10 13:47:54.151,0.88995,0.8902,8.10,1.00
2009.11.10 13:47:54.321,0.88995,0.8902,7.30,1.00
2009.11.10 13:47:54.561,0.88995,0.8902,3.30,4.10
2009.11.10 13:47:55.181,0.88995,0.8902,8.10,1.00
2009.11.10 13:47:55.421,0.88995,0.8902,7.30,1.00
2009.11.10 13:47:55.721,0.88995,0.8902,8.10,1.00
2009.11.10 13:47:55.951,0.88995,0.8902,7.30,4.10
2009.11.10 13:47:56.231,0.88995,0.89015,6.50,2.40
2009.11.10 13:47:56.521,0.88995,0.8902,3.30,7.30
2009.11.10 13:47:56.820,0.89,0.8902,1.00,6.40
2009.11.10 13:47:58.040,0.88995,0.8902,3.30,4.10
2009.11.10 13:47:58.270,0.88995,0.8902,3.20,6.40
2009.11.10 13:47:59.261,0.88995,0.8902,3.20,7.20
2009.11.10 13:47:59.500,0.88995,0.8902,4.00,7.20
2009.11.10 13:47:59.720,0.88995,0.8902,3.20,15.20
2009.11.10 13:48:00.470,0.88995,0.8902,3.20,15.40
2009.11.10 13:48:00.829,0.88995,0.8902,3.20,14.50
2009.11.10 13:48:01.189,0.88995,0.8902,3.20,6.50
2009.11.10 13:48:01.869,0.89,0.8902,1.00,6.50
2009.11.10 13:48:02.269,0.88995,0.8902,3.20,4.00
2009.11.10 13:48:02.609,0.88995,0.89015,3.20,4.00
2009.11.10 13:48:03.249,0.88995,0.8901,3.20,3.00
2009.11.10 13:48:03.539,0.8899,0.89,4.00,15.30
2009.11.10 13:48:03.759,0.88985,0.8899,4.00,3.50
2009.11.10 13:48:04.339,0.8897,0.8899,1.70,3.50
2009.11.10 13:48:04.509,0.8897,0.8899,1.60,4.80
2009.11.10 13:48:04.899,0.8897,0.8899,1.60,4.90
2009.11.10 13:48:05.249,0.8897,0.8899,1.60,8.10
2009.11.10 13:48:05.588,0.88965,0.8899,1.00,8.10
2009.11.10 13:48:05.768,0.88965,0.8899,4.10,8.10
2009.11.10 13:48:06.228,0.88965,0.8899,2.40,7.30
2009.11.10 13:48:06.449,0.88965,0.8899,6.40,7.30
2009.11.10 13:48:07.028,0.88965,0.8899,4.80,4.10
2009.11.10 13:48:07.388,0.88965,0.8899,6.70,3.20
2009.11.10 13:48:07.748,0.88965,0.88995,10.60,7.30
2009.11.10 13:48:07.988,0.8897,0.88995,2.50,6.50
2009.11.10 13:48:08.288,0.88965,0.8899,6.50,5.70
2009.11.10 13:48:08.578,0.8896,0.88985,1.60,8.20
2009.11.10 13:48:09.157,0.8896,0.8898,1.60,2.40
2009.11.10 13:48:09.507,0.8896,0.8898,1.60,2.40
2009.11.10 13:48:09.857,0.88955,0.8898,8.10,2.50
2009.11.10 13:48:10.557,0.88955,0.8898,4.10,6.50
2009.11.10 13:48:10.847,0.88955,0.8898,4.10,6.40
2009.11.10 13:48:11.297,0.88955,0.8898,4.90,6.40
2009.11.10 13:48:11.577,0.88955,0.8898,7.30,4.00
2009.11.10 13:48:11.757,0.8896,0.8898,2.40,4.00
2009.11.10 13:48:12.377,0.8896,0.88985,2.40,11.20
2009.11.10 13:48:12.727,0.88965,0.88985,2.50,4.00
2009.11.10 13:48:13.027,0.88965,0.88985,2.40,4.00
2009.11.10 13:48:14.516,0.88965,0.8899,2.40,13.20
2009.11.10 13:48:14.747,0.88965,0.8899,2.40,12.00
2009.11.10 13:48:14.976,0.88965,0.8899,6.40,4.80
2009.11.10 13:48:15.196,0.88965,0.8899,2.40,4.80
2009.11.10 13:48:15.436,0.88965,0.8899,2.40,6.40
2009.11.10 13:48:15.786,0.88965,0.8899,2.40,5.60
2009.11.10 13:48:16.136,0.88965,0.8899,3.30,4.00
2009.11.10 13:48:16.476,0.8897,0.88995,2.40,12.40
2009.11.10 13:48:16.936,0.88965,0.88995,7.20,12.20
2009.11.10 13:48:17.226,0.8897,0.8898,4.00,4.00
2009.11.10 13:48:17.556,0.8897,0.8898,4.00,4.10
2009.11.10 13:48:17.965,0.8895,0.8898,4.00,3.30
2009.11.10 13:48:18.315,0.88945,0.88975,4.10,6.60
2009.11.10 13:48:18.655,0.88945,0.88975,11.20,4.10
2009.11.10 13:48:18.945,0.88955,0.88975,4.00,2.40
2009.11.10 13:48:19.175,0.88955,0.88975,4.00,2.50
2009.11.10 13:48:19.445,0.8895,0.88975,4.80,2.40
2009.11.10 13:48:19.805,0.88955,0.88975,4.00,2.40
2009.11.10 13:48:21.064,0.88955,0.88985,4.00,11.70
2009.11.10 13:48:21.235,0.88955,0.88985,4.00,11.50
2009.11.10 13:48:21.574,0.88955,0.8898,4.00,1.00
2009.11.10 13:48:22.264,0.8895,0.88975,7.20,1.00
2009.11.10 13:48:22.624,0.8895,0.88975,8.50,1.00
2009.11.10 13:48:23.434,0.8895,0.88975,5.60,2.70
2009.11.10 13:48:23.714,0.8895,0.88975,1.00,6.50
2009.11.10 13:48:23.774,0.8895,0.88975,4.80,6.50
2009.11.10 13:48:24.494,0.8895,0.88975,4.00,8.10
2009.11.10 13:48:24.774,0.8895,0.88975,4.00,12.10
2009.11.10 13:48:25.154,0.8895,0.88975,4.00,4.10
2009.11.10 13:48:25.504,0.88955,0.88975,1.00,4.10
2009.11.10 13:48:25.844,0.88955,0.88985,14.60,4.10
2009.11.10 13:48:26.123,0.8896,0.88985,9.30,4.00
2009.11.10 13:48:26.423,0.88965,0.8899,6.90,4.00
2009.11.10 13:48:26.713,0.88965,0.8899,3.70,4.00
2009.11.10 13:48:26.943,0.88965,0.8899,2.40,4.80
2009.11.10 13:48:27.293,0.8896,0.8899,3.60,4.90
2009.11.10 13:48:27.643,0.8896,0.8899,3.20,4.90
2009.11.10 13:48:27.993,0.8896,0.8899,3.20,12.90
2009.11.10 13:48:28.523,0.8896,0.8898,3.20,4.00
2009.11.10 13:48:29.052,0.8896,0.88985,3.20,4.00
2009.11.10 13:48:29.862,0.8896,0.88985,1.00,6.40
2009.11.10 13:48:30.372,0.8896,0.88985,3.20,6.40
2009.11.10 13:48:30.612,0.88965,0.88985,1.00,6.40
2009.11.10 13:48:30.942,0.8896,0.88985,8.90,2.40
2009.11.10 13:48:31.182,0.8896,0.88985,8.50,2.40
2009.11.10 13:48:31.992,0.8896,0.88975,4.80,4.90
2009.11.10 13:48:32.342,0.88945,0.88965,6.40,2.50
2009.11.10 13:48:33.911,0.8895,0.8897,2.40,3.20
2009.11.10 13:48:34.181,0.88955,0.8897,1.00,2.40
2009.11.10 13:48:34.451,0.88965,0.8898,2.40,4.00
2009.11.10 13:48:34.731,0.8896,0.8898,1.00,4.00
2009.11.10 13:48:35.081,0.8896,0.8898,7.20,2.40
2009.11.10 13:48:36.801,0.8896,0.88975,4.00,2.60
2009.11.10 13:48:37.151,0.88955,0.88975,4.00,2.60
2009.11.10 13:48:37.851,0.88955,0.88975,2.40,2.50
2009.11.10 13:48:38.200,0.88955,0.88975,6.40,2.50
2009.11.10 13:48:39.411,0.88955,0.88975,4.00,2.50
2009.11.10 13:48:41.180,0.88955,0.88975,6.40,1.00
2009.11.10 13:48:41.300,0.88955,0.8898,10.50,2.50
2009.11.10 13:48:41.420,0.88955,0.8898,16.00,2.40
2009.11.10 13:48:41.650,0.88955,0.8898,7.50,6.40
2009.11.10 13:48:41.890,0.88955,0.88975,4.40,2.50
2009.11.10 13:48:42.000,0.88955,0.88975,4.00,2.50
2009.11.10 13:48:42.350,0.88955,0.8898,8.40,6.40
2009.11.10 13:48:42.699,0.88955,0.8898,12.80,2.40
2009.11.10 13:48:43.039,0.88955,0.8898,4.00,2.40
2009.11.10 13:48:43.949,0.88955,0.8898,6.40,6.40
2009.11.10 13:48:44.239,0.88955,0.8898,6.40,2.40
2009.11.10 13:48:44.589,0.88955,0.88985,12.60,7.30
2009.11.10 13:48:44.929,0.88955,0.88985,21.80,2.50
2009.11.10 13:48:45.269,0.8896,0.88985,16.90,2.50
2009.11.10 13:48:46.188,0.8896,0.8899,16.90,8.10
2009.11.10 13:48:46.459,0.8896,0.88985,17.40,2.40
2009.11.10 13:48:46.689,0.8896,0.88985,18.50,2.40
2009.11.10 13:48:46.868,0.8897,0.88985,1.60,2.40
2009.11.10 13:48:48.018,0.8897,0.88985,1.60,2.50
2009.11.10 13:48:50.258,0.88965,0.88985,8.00,2.50
2009.11.10 13:48:50.497,0.88965,0.88985,5.60,2.50
2009.11.10 13:48:50.847,0.88965,0.88985,5.60,2.50
2009.11.10 13:48:52.717,0.8897,0.88985,1.60,3.30
2009.11.10 13:48:52.827,0.88965,0.88985,1.60,3.30
2009.11.10 13:48:52.937,0.88965,0.88985,5.60,3.30
2009.11.10 13:48:53.057,0.88965,0.88985,1.60,3.30
2009.11.10 13:48:57.436,0.8897,0.88985,1.60,2.50
2009.11.10 13:48:58.356,0.88965,0.88985,5.60,2.50
2009.11.10 13:48:59.275,0.8897,0.88985,1.60,2.50
2009.11.10 13:49:01.465,0.8897,0.88985,1.60,2.40
2009.11.10 13:49:01.805,0.88975,0.88985,1.60,2.40
2009.11.10 13:49:02.195,0.88975,0.8899,1.60,2.40
2009.11.10 13:49:05.414,0.8897,0.8899,8.00,2.40
2009.11.10 13:49:06.034,0.88965,0.88985,4.00,3.30
2009.11.10 13:49:06.314,0.8896,0.8898,5.60,2.40
2009.11.10 13:49:06.883,0.88965,0.88985,1.60,6.40
2009.11.10 13:49:08.263,0.88965,0.88985,1.60,2.40
2009.11.10 13:49:08.883,0.88965,0.88975,1.60,1.00
2009.11.10 13:49:09.113,0.88965,0.88985,1.60,2.40
2009.11.10 13:49:09.403,0.88965,0.88985,1.60,6.40
2009.11.10 13:49:10.333,0.8896,0.88985,8.00,8.60
2009.11.10 13:49:10.663,0.8896,0.8898,5.60,2.70
2009.11.10 13:49:10.832,0.8896,0.88975,1.60,1.00
2009.11.10 13:49:11.282,0.88955,0.88975,6.40,2.50
2009.11.10 13:49:11.913,0.8896,0.88975,1.60,1.00
2009.11.10 13:49:12.262,0.8896,0.88975,1.60,2.50
2009.11.10 13:49:12.612,0.8896,0.88975,5.60,2.50
2009.11.10 13:49:13.002,0.8896,0.88975,1.60,2.50
2009.11.10 13:49:13.852,0.8896,0.88975,1.60,1.00
2009.11.10 13:49:14.542,0.8896,0.88975,1.60,2.50
2009.11.10 13:49:14.892,0.8896,0.88975,1.60,1.00
2009.11.10 13:49:16.212,0.8896,0.88975,1.60,2.50
2009.11.10 13:49:16.551,0.8896,0.88975,1.60,1.00
2009.11.10 13:49:17.201,0.8896,0.88975,1.60,1.00
2009.11.10 13:49:17.501,0.8896,0.88975,1.60,1.00
2009.11.10 13:49:21.000,0.8896,0.88975,1.60,2.40
2009.11.10 13:49:22.060,0.8896,0.88975,1.60,2.50
2009.11.10 13:49:22.400,0.88955,0.88975,5.60,2.50
2009.11.10 13:49:22.740,0.88955,0.88975,6.40,2.50
2009.11.10 13:49:23.600,0.88955,0.88975,5.60,2.50
2009.11.10 13:49:24.100,0.88955,0.88965,4.00,2.40
2009.11.10 13:49:24.430,0.88955,0.8897,1.60,8.00
2009.11.10 13:49:24.769,0.88955,0.88965,1.60,4.00
2009.11.10 13:49:25.399,0.88955,0.8897,1.60,6.50
2009.11.10 13:49:25.679,0.88955,0.88965,1.60,4.00
2009.11.10 13:49:26.009,0.88955,0.88965,1.60,4.10
2009.11.10 13:49:27.399,0.88955,0.8896,1.60,1.00
2009.11.10 13:49:27.698,0.88945,0.8896,4.00,1.00
2009.11.10 13:49:28.048,0.88945,0.8896,1.60,2.50
2009.11.10 13:49:28.378,0.8894,0.8896,1.60,3.70
2009.11.10 13:49:29.078,0.8894,0.8896,4.00,3.30
2009.11.10 13:49:29.368,0.88945,0.88955,1.60,4.00
2009.11.10 13:49:30.458,0.88945,0.8896,1.60,6.40
2009.11.10 13:49:33.327,0.88945,0.8896,1.60,4.00
2009.11.10 13:49:33.547,0.88955,0.8896,1.60,4.00
2009.11.10 13:49:33.957,0.88955,0.88965,1.60,4.00
2009.11.10 13:49:34.127,0.88955,0.8897,1.60,2.40
2009.11.10 13:49:35.817,0.88955,0.8897,1.60,2.80
2009.11.10 13:49:36.117,0.88955,0.8897,1.60,2.40
2009.11.10 13:49:37.176,0.88955,0.8897,1.60,6.40
2009.11.10 13:49:37.466,0.88955,0.88965,1.60,1.00
2009.11.10 13:49:37.706,0.88955,0.88965,1.60,4.00
2009.11.10 13:49:37.986,0.88955,0.8897,1.60,6.40
2009.11.10 13:49:38.616,0.88955,0.8897,1.60,6.70
2009.11.10 13:49:40.276,0.88945,0.8897,4.00,8.30
2009.11.10 13:49:40.625,0.88955,0.88965,1.60,4.10
2009.11.10 13:49:40.795,0.88955,0.88965,1.60,1.00
2009.11.10 13:49:41.755,0.88955,0.88965,1.60,4.10
2009.11.10 13:49:42.095,0.88955,0.88965,1.60,4.00
2009.11.10 13:49:42.775,0.88945,0.88965,6.40,4.00
2009.11.10 13:49:43.115,0.8895,0.88965,4.00,4.00
2009.11.10 13:49:43.455,0.88955,0.8897,5.60,2.50
2009.11.10 13:49:43.745,0.88955,0.8897,1.60,6.50
2009.11.10 13:49:46.974,0.88955,0.8897,1.60,4.10
2009.11.10 13:49:47.664,0.88955,0.8897,1.60,6.50
2009.11.10 13:49:48.004,0.88955,0.8897,1.60,2.50
2009.11.10 13:49:48.694,0.88955,0.8897,1.60,6.50
2009.11.10 13:49:49.033,0.88955,0.8897,1.60,2.50
2009.11.10 13:49:49.203,0.88955,0.8897,1.60,1.00
2009.11.10 13:49:49.373,0.88955,0.8897,1.60,6.50
2009.11.10 13:49:49.543,0.8895,0.8897,1.60,6.40
2009.11.10 13:49:49.723,0.8895,0.8897,1.60,6.50
2009.11.10 13:49:50.243,0.8895,0.8897,1.60,6.70
2009.11.10 13:49:51.983,0.88945,0.8897,4.00,7.80
2009.11.10 13:49:52.203,0.88945,0.88965,4.00,4.10
2009.11.10 13:49:53.082,0.8894,0.88965,10.40,4.10
2009.11.10 13:49:53.732,0.88945,0.88965,2.40,1.00
2009.11.10 13:49:54.092,0.88945,0.88965,2.40,1.00
2009.11.10 13:49:54.432,0.88945,0.88965,6.40,1.00
2009.11.10 13:49:54.832,0.88945,0.88965,6.40,1.00
2009.11.10 13:49:55.002,0.88945,0.88965,6.40,1.00
2009.11.10 13:49:55.222,0.88945,0.88965,6.40,1.70
2009.11.10 13:49:55.462,0.88945,0.88965,4.00,4.10
2009.11.10 13:49:55.702,0.88945,0.88965,6.40,1.00
2009.11.10 13:49:55.922,0.88945,0.8897,8.00,6.50
2009.11.10 13:49:56.202,0.88945,0.88965,4.80,4.00
2009.11.10 13:49:56.491,0.88945,0.88965,6.40,1.00
2009.11.10 13:49:56.832,0.88945,0.88965,2.40,1.00
2009.11.10 13:49:57.452,0.88945,0.88965,2.40,1.00
2009.11.10 13:49:58.181,0.8894,0.88965,4.80,9.10
2009.11.10 13:49:58.521,0.8894,0.88965,4.00,9.20
2009.11.10 13:49:58.801,0.8894,0.88965,4.00,8.50
2009.11.10 13:49:59.721,0.88935,0.88955,6.40,4.00
2009.11.10 13:50:00.521,0.88935,0.8896,4.00,6.50
2009.11.10 13:50:00.851,0.8894,0.8896,4.00,2.40
2009.11.10 13:50:01.141,0.8894,0.8896,4.00,3.20
2009.11.10 13:50:01.461,0.88935,0.8896,10.50,6.00
2009.11.10 13:50:01.751,0.88935,0.8896,6.50,6.00
2009.11.10 13:50:02.090,0.88935,0.8896,2.50,9.60
2009.11.10 13:50:03.780,0.88935,0.88955,2.40,4.10
2009.11.10 13:50:06.240,0.88935,0.88955,6.40,4.10
2009.11.10 13:50:08.399,0.88935,0.88955,2.40,4.10
2009.11.10 13:50:08.579,0.88935,0.88955,6.40,4.10
2009.11.10 13:50:09.729,0.88935,0.88955,2.40,4.10
2009.11.10 13:50:10.068,0.88935,0.88955,2.40,8.10
2009.11.10 13:50:11.698,0.8893,0.8895,3.20,2.40
2009.11.10 13:50:12.048,0.88925,0.88945,6.40,2.40
2009.11.10 13:50:12.388,0.88925,0.88945,2.40,2.50
2009.11.10 13:50:14.107,0.88925,0.88945,2.40,6.50
2009.11.10 13:50:15.137,0.88925,0.88945,2.40,14.50
2009.11.10 13:50:17.966,0.88925,0.8894,2.40,4.10
2009.11.10 13:50:19.416,0.88925,0.8894,2.40,4.00
2009.11.10 13:50:20.536,0.8892,0.8894,4.00,6.50
2009.11.10 13:50:20.996,0.8892,0.88935,4.00,1.00
2009.11.10 13:50:21.166,0.8892,0.8894,4.00,6.50
2009.11.10 13:50:21.396,0.8892,0.8894,3.20,6.50
2009.11.10 13:50:21.676,0.8891,0.88935,3.30,2.40
2009.11.10 13:50:22.475,0.8891,0.8893,1.00,2.40
2009.11.10 13:50:23.175,0.88905,0.8893,6.90,2.40
2009.11.10 13:50:23.515,0.88905,0.8893,6.90,6.40
2009.11.10 13:50:23.875,0.88905,0.8893,7.10,2.40
2009.11.10 13:50:25.285,0.88905,0.8893,6.10,6.50
2009.11.10 13:50:26.205,0.88905,0.8893,6.30,6.40
2009.11.10 13:50:26.424,0.88905,0.8893,6.10,6.50
2009.11.10 13:50:26.994,0.88905,0.8893,10.10,2.50
2009.11.10 13:50:27.344,0.8891,0.8893,1.00,2.40
2009.11.10 13:50:28.034,0.88905,0.8893,10.10,2.50
2009.11.10 13:50:28.424,0.88905,0.8893,9.30,2.50
2009.11.10 13:50:29.663,0.88905,0.8893,6.90,4.10
2009.11.10 13:50:30.004,0.88905,0.8893,9.30,6.50
2009.11.10 13:50:30.354,0.88905,0.8893,10.10,2.50
2009.11.10 13:50:31.453,0.8891,0.8893,1.00,2.40
2009.11.10 13:50:31.843,0.8891,0.8893,4.00,2.50
2009.11.10 13:50:32.603,0.88905,0.8893,4.10,2.50
2009.11.10 13:50:33.893,0.88905,0.8893,4.10,2.40
2009.11.10 13:50:34.163,0.88905,0.88925,4.10,2.40
2009.11.10 13:50:34.402,0.88905,0.8893,4.10,3.20
2009.11.10 13:50:34.572,0.88905,0.88925,4.00,2.40
2009.11.10 13:50:34.842,0.889,0.8893,9.70,8.50
2009.11.10 13:50:35.012,0.889,0.8893,9.70,16.50
2009.11.10 13:50:35.472,0.889,0.88925,8.90,6.40
2009.11.10 13:50:35.822,0.889,0.88925,3.20,6.40
2009.11.10 13:50:36.223,0.889,0.88925,4.00,4.00
2009.11.10 13:50:36.502,0.889,0.88925,4.90,4.00
2009.11.10 13:50:36.853,0.889,0.88925,8.10,4.00
2009.11.10 13:50:37.182,0.8891,0.8893,3.70,4.00
2009.11.10 13:50:37.922,0.8891,0.88935,1.00,7.20
2009.11.10 13:50:39.071,0.8891,0.88935,1.00,8.80
2009.11.10 13:50:39.361,0.8891,0.88935,1.00,14.90
2009.11.10 13:50:39.711,0.889,0.88925,7.30,4.00
2009.11.10 13:50:40.061,0.889,0.88925,7.20,2.40
2009.11.10 13:50:40.351,0.889,0.8892,4.00,4.00
2009.11.10 13:50:40.701,0.88895,0.88925,10.50,6.50
2009.11.10 13:50:41.031,0.88895,0.88925,18.50,7.70
2009.11.10 13:50:41.411,0.889,0.8892,4.00,1.00
2009.11.10 13:50:41.741,0.889,0.88925,4.90,6.50
2009.11.10 13:50:42.080,0.889,0.88925,4.80,6.40
2009.11.10 13:50:42.420,0.889,0.88925,4.10,6.50
2009.11.10 13:50:43.100,0.889,0.88925,4.00,6.40
2009.11.10 13:50:43.440,0.889,0.88925,4.10,6.50
2009.11.10 13:50:43.960,0.889,0.88925,6.50,6.40
2009.11.10 13:50:44.310,0.889,0.88925,4.00,7.30
2009.11.10 13:50:44.600,0.889,0.88925,1.00,8.50
2009.11.10 13:50:44.880,0.889,0.88925,4.10,7.30
2009.11.10 13:50:45.180,0.889,0.88925,4.10,6.50
2009.11.10 13:50:47.249,0.889,0.88925,4.10,8.10
2009.11.10 13:50:47.589,0.889,0.8892,4.00,4.10
2009.11.10 13:50:50.649,0.889,0.88925,4.00,7.30
2009.11.10 13:50:50.998,0.88905,0.88925,3.20,4.00
2009.11.10 13:50:51.169,0.88905,0.8893,3.20,4.90
2009.11.10 13:50:51.629,0.88905,0.8893,3.20,5.30
2009.11.10 13:50:51.918,0.88905,0.88925,3.20,1.00
2009.11.10 13:50:52.268,0.88905,0.88925,3.20,4.00
2009.11.10 13:50:53.028,0.88905,0.88925,3.20,4.10
2009.11.10 13:50:53.378,0.889,0.88925,5.70,6.50
2009.11.10 13:50:54.837,0.889,0.88925,4.90,6.40
2009.11.10 13:50:55.568,0.88905,0.88925,2.40,4.00
2009.11.10 13:50:56.147,0.889,0.88925,4.90,4.00
2009.11.10 13:50:56.957,0.889,0.88925,4.90,4.10
2009.11.10 13:50:57.247,0.889,0.88925,4.90,6.40
2009.11.10 13:50:57.887,0.889,0.88925,5.30,6.50
2009.11.10 13:50:58.237,0.889,0.88925,2.50,14.50
2009.11.10 13:50:58.537,0.889,0.88925,3.30,14.50
2009.11.10 13:50:58.817,0.889,0.88925,4.00,14.50
2009.11.10 13:50:59.396,0.889,0.88925,4.00,4.10
2009.11.10 13:51:00.836,0.889,0.88925,4.10,4.10
2009.11.10 13:51:01.526,0.889,0.88925,4.10,6.50
2009.11.10 13:51:01.816,0.88905,0.88925,1.00,4.10
2009.11.10 13:51:02.116,0.88905,0.88925,4.00,4.10
2009.11.10 13:51:02.406,0.88905,0.88925,5.20,1.00
2009.11.10 13:51:02.696,0.88905,0.88925,9.20,1.00
2009.11.10 13:51:04.235,0.88905,0.88925,10.00,1.00
2009.11.10 13:51:05.105,0.88905,0.88925,9.60,1.00
2009.11.10 13:51:05.465,0.88905,0.88925,4.00,2.40
2009.11.10 13:51:05.805,0.889,0.88925,1.00,6.40
2009.11.10 13:51:05.985,0.889,0.88925,1.80,6.40
2009.11.10 13:51:07.015,0.889,0.88925,5.70,7.60
2009.11.10 13:51:07.415,0.88905,0.88925,1.60,7.30
2009.11.10 13:51:07.764,0.88905,0.88925,1.60,6.50
2009.11.10 13:51:09.084,0.8891,0.88925,4.00,4.00
2009.11.10 13:51:09.364,0.8892,0.88935,1.60,4.00
2009.11.10 13:51:10.724,0.8892,0.88935,2.40,1.00
2009.11.10 13:51:11.064,0.88915,0.88935,1.00,2.40
2009.11.10 13:51:11.414,0.88915,0.88935,4.00,2.40
2009.11.10 13:51:11.753,0.88915,0.8894,6.40,4.90
2009.11.10 13:51:12.034,0.88915,0.8894,8.10,4.90
2009.11.10 13:51:12.363,0.88915,0.88935,4.00,2.40
2009.11.10 13:51:12.713,0.8892,0.88935,4.00,3.20
2009.11.10 13:51:13.063,0.8892,0.8894,4.00,4.50
2009.11.10 13:51:13.424,0.8892,0.8894,4.00,4.10
2009.11.10 13:51:14.123,0.8892,0.8894,4.80,2.50
2009.11.10 13:51:14.463,0.8892,0.88945,6.40,7.20
2009.11.10 13:51:14.803,0.88925,0.88945,4.00,4.80
2009.11.10 13:51:15.093,0.88925,0.88945,8.00,1.00
2009.11.10 13:51:15.443,0.88925,0.88945,8.10,1.00
2009.11.10 13:51:16.493,0.88925,0.88945,4.10,1.00
2009.11.10 13:51:17.002,0.88925,0.88945,8.10,1.00
2009.11.10 13:51:17.282,0.88925,0.8895,8.10,8.50
2009.11.10 13:51:18.252,0.88925,0.8895,8.10,8.50
2009.11.10 13:51:18.592,0.88925,0.8895,3.20,6.40
2009.11.10 13:51:18.832,0.88925,0.88955,9.60,10.10
2009.11.10 13:51:19.122,0.88925,0.8895,8.00,4.00
2009.11.10 13:51:19.392,0.88925,0.8895,6.40,6.40
2009.11.10 13:51:19.612,0.88925,0.8895,6.40,3.20
2009.11.10 13:51:20.302,0.88925,0.8895,8.00,2.40
2009.11.10 13:51:20.651,0.8893,0.88945,2.40,1.00
2009.11.10 13:51:21.002,0.88925,0.88945,6.40,2.40
2009.11.10 13:51:21.641,0.88925,0.88945,2.40,2.40
2009.11.10 13:51:22.641,0.8892,0.88945,6.50,2.40
2009.11.10 13:51:22.991,0.8892,0.88945,6.50,3.20
2009.11.10 13:51:23.341,0.8892,0.88945,6.50,7.20
2009.11.10 13:51:23.701,0.8892,0.8894,4.80,2.40
2009.11.10 13:51:23.870,0.88915,0.8894,8.00,2.40
2009.11.10 13:51:24.041,0.88915,0.88945,8.20,8.00
2009.11.10 13:51:24.201,0.88915,0.88945,9.00,7.20
2009.11.10 13:51:24.500,0.8892,0.88945,2.40,7.30
2009.11.10 13:51:24.671,0.88925,0.88945,2.40,4.90
2009.11.10 13:51:25.020,0.8892,0.88945,9.20,2.40
2009.11.10 13:51:25.360,0.8892,0.88945,6.70,6.40
2009.11.10 13:51:25.750,0.8892,0.88945,6.70,2.40
2009.11.10 13:51:26.080,0.8892,0.88945,6.70,6.40
2009.11.10 13:51:26.420,0.88925,0.88945,2.50,6.40
2009.11.10 13:51:26.780,0.88925,0.88945,2.50,2.40
2009.11.10 13:51:27.340,0.88925,0.88945,1.00,2.40
2009.11.10 13:51:27.690,0.88925,0.88945,4.00,2.50
2009.11.10 13:51:28.030,0.88925,0.88945,6.40,2.50
2009.11.10 13:51:28.650,0.8892,0.88945,7.30,6.50
2009.11.10 13:51:28.939,0.8892,0.88945,7.30,2.50
2009.11.10 13:51:29.209,0.8892,0.88945,7.30,2.40
2009.11.10 13:51:29.739,0.8892,0.88945,7.30,6.40
2009.11.10 13:51:30.019,0.8892,0.88945,7.30,6.50
2009.11.10 13:51:30.369,0.88925,0.88945,1.60,6.50
2009.11.10 13:51:30.729,0.8892,0.88945,7.30,2.50
2009.11.10 13:51:31.069,0.8892,0.88945,6.50,2.50
2009.11.10 13:51:31.699,0.8892,0.88945,6.50,6.50
2009.11.10 13:51:31.988,0.8892,0.88945,7.30,6.50
2009.11.10 13:51:32.339,0.8892,0.88945,9.60,4.10
2009.11.10 13:51:32.638,0.8892,0.88945,11.30,1.00
2009.11.10 13:51:34.138,0.88925,0.88945,4.00,4.10
2009.11.10 13:51:35.218,0.88925,0.88945,1.60,6.50
2009.11.10 13:51:35.508,0.8892,0.8894,4.00,1.00
2009.11.10 13:51:35.788,0.8892,0.8894,2.50,4.00
2009.11.10 13:51:36.128,0.8892,0.8894,3.20,1.00
2009.11.10 13:51:36.467,0.8892,0.8894,2.40,1.00
2009.11.10 13:51:36.738,0.8892,0.88935,3.20,4.00
2009.11.10 13:51:37.087,0.8892,0.8894,3.20,1.00
2009.11.10 13:51:37.787,0.8892,0.8894,3.20,4.10
2009.11.10 13:51:38.487,0.8892,0.8894,4.00,7.20
2009.11.10 13:51:38.887,0.88915,0.8894,5.70,7.80
2009.11.10 13:51:39.537,0.88915,0.8894,6.50,5.60
2009.11.10 13:51:40.117,0.88915,0.8894,6.50,4.00
2009.11.10 13:51:40.406,0.8892,0.8894,2.40,8.00
2009.11.10 13:51:41.546,0.88915,0.88935,5.60,2.40
2009.11.10 13:51:41.836,0.88915,0.88935,3.20,2.40
2009.11.10 13:51:42.756,0.88915,0.88935,7.20,2.40
2009.11.10 13:51:43.396,0.88915,0.88935,4.00,2.40
2009.11.10 13:51:43.676,0.88915,0.88935,4.80,2.40
2009.11.10 13:51:47.365,0.88915,0.8894,4.80,8.00
2009.11.10 13:51:47.995,0.88915,0.8894,1.00,8.00
2009.11.10 13:51:48.925,0.88915,0.8894,4.80,7.80
2009.11.10 13:51:49.494,0.88915,0.8894,1.00,7.80
2009.11.10 13:51:49.734,0.88915,0.8894,4.80,7.80
2009.11.10 13:51:50.024,0.88915,0.8894,1.00,8.00
2009.11.10 13:51:51.444,0.88915,0.8894,1.00,8.20
2009.11.10 13:51:51.804,0.88915,0.8894,1.00,16.10
2009.11.10 13:51:52.904,0.8892,0.88935,3.20,4.00
2009.11.10 13:51:53.244,0.88925,0.88935,1.00,4.00
2009.11.10 13:51:53.523,0.88925,0.8894,13.70,5.40
2009.11.10 13:51:53.814,0.88925,0.8894,1.00,1.40
2009.11.10 13:51:54.723,0.88925,0.8894,1.00,5.40
2009.11.10 13:51:55.913,0.88915,0.88935,9.30,4.50
2009.11.10 13:51:56.083,0.88915,0.88935,5.60,1.00
2009.11.10 13:51:56.203,0.88915,0.88935,4.80,1.00
2009.11.10 13:51:56.543,0.88915,0.88935,8.00,4.00
2009.11.10 13:51:56.663,0.8892,0.8894,3.20,9.80
2009.11.10 13:51:57.063,0.8892,0.8894,6.40,1.80
2009.11.10 13:51:57.473,0.88925,0.8894,1.00,2.20
2009.11.10 13:51:58.292,0.8892,0.8894,4.40,2.20
2009.11.10 13:51:58.642,0.8892,0.8894,3.60,1.80
2009.11.10 13:51:58.992,0.8892,0.8894,3.20,1.80
2009.11.10 13:51:59.223,0.8892,0.8894,3.20,2.00
2009.11.10 13:51:59.282,0.8892,0.8894,7.20,2.00
2009.11.10 13:51:59.552,0.8892,0.8894,7.20,1.80
2009.11.10 13:52:00.542,0.8892,0.8894,3.20,1.40
2009.11.10 13:52:01.471,0.8892,0.8894,4.00,1.40
2009.11.10 13:52:01.701,0.8892,0.8894,3.20,1.40
2009.11.10 13:52:01.922,0.8892,0.8894,1.00,3.80
2009.11.10 13:52:02.151,0.88915,0.8894,12.50,3.80
2009.11.10 13:52:03.501,0.88915,0.8894,8.00,3.80
2009.11.10 13:52:03.841,0.88915,0.8894,6.40,5.80
2009.11.10 13:52:04.491,0.88915,0.8894,4.00,5.80
2009.11.10 13:52:04.601,0.8891,0.88935,7.30,2.40
2009.11.10 13:52:05.131,0.8891,0.88935,7.30,6.40
2009.11.10 13:52:05.830,0.8891,0.88935,7.20,6.40
2009.11.10 13:52:06.470,0.8891,0.88935,3.20,6.40
2009.11.10 13:52:06.810,0.8891,0.88935,7.20,6.40
2009.11.10 13:52:09.230,0.8891,0.88935,4.00,14.40
2009.11.10 13:52:09.929,0.8891,0.88935,4.00,6.40
2009.11.10 13:52:11.429,0.8891,0.8894,13.40,10.80
2009.11.10 13:52:13.039,0.8891,0.8894,13.40,10.80
2009.11.10 13:52:17.178,0.88915,0.8894,9.20,7.80
2009.11.10 13:52:17.288,0.88915,0.8894,9.20,6.20
2009.11.10 13:52:17.668,0.8892,0.8894,3.20,5.40
2009.11.10 13:52:18.018,0.8892,0.8894,3.20,1.40
2009.11.10 13:52:18.367,0.88915,0.8894,7.20,3.80
2009.11.10 13:52:19.008,0.88915,0.8894,7.20,7.80
2009.11.10 13:52:20.817,0.88915,0.8894,6.40,7.80
2009.11.10 13:52:21.497,0.8891,0.8894,4.00,10.60
2009.11.10 13:52:21.897,0.88915,0.8893,3.20,1.00
2009.11.10 13:52:22.187,0.8891,0.88935,7.20,2.40
2009.11.10 13:52:22.886,0.8891,0.88935,4.80,2.80
2009.11.10 13:52:23.176,0.8891,0.88935,7.20,2.40
2009.11.10 13:52:23.516,0.8891,0.88935,15.20,2.40
2009.11.10 13:52:23.816,0.8891,0.88935,10.40,2.40
2009.11.10 13:52:24.116,0.88915,0.8894,2.40,8.00
2009.11.10 13:52:24.456,0.8891,0.8894,8.10,8.20
2009.11.10 13:52:26.666,0.8891,0.8894,8.10,9.00
2009.11.10 13:52:26.895,0.8891,0.8894,8.10,8.60
2009.11.10 13:52:27.245,0.8891,0.88935,8.10,1.00
2009.11.10 13:52:27.775,0.8891,0.88935,8.10,4.10
2009.11.10 13:52:28.155,0.8891,0.88935,8.10,4.00
2009.11.10 13:52:28.505,0.8891,0.8894,8.10,8.20
2009.11.10 13:52:29.345,0.8891,0.8894,5.70,9.00
2009.11.10 13:52:29.575,0.8891,0.8894,4.80,8.20
2009.11.10 13:52:29.855,0.8891,0.8894,4.80,17.20
2009.11.10 13:52:30.215,0.8891,0.8894,4.00,11.00
2009.11.10 13:52:30.544,0.88905,0.88935,8.10,6.40
2009.11.10 13:52:31.184,0.88905,0.88935,11.20,6.50
2009.11.10 13:52:31.874,0.88915,0.8893,1.00,4.00
2009.11.10 13:52:32.144,0.88915,0.88935,1.00,4.10
2009.11.10 13:52:32.544,0.88915,0.88935,1.00,4.00
2009.11.10 13:52:33.764,0.8891,0.88935,1.00,4.10
2009.11.10 13:52:37.643,0.8891,0.88935,4.80,1.00
2009.11.10 13:52:37.933,0.8891,0.88935,4.00,3.70
2009.11.10 13:52:38.273,0.8891,0.88935,4.00,1.00
2009.11.10 13:52:38.563,0.8891,0.88935,4.00,1.00
2009.11.10 13:52:41.272,0.8891,0.88935,4.00,1.00
2009.11.10 13:52:42.812,0.88905,0.88935,11.20,3.50
2009.11.10 13:52:43.032,0.88905,0.88935,7.20,5.30
2009.11.10 13:52:43.212,0.88905,0.88935,7.20,6.10
2009.11.10 13:52:43.801,0.88905,0.88925,7.20,1.00
2009.11.10 13:52:44.141,0.88905,0.88925,6.40,1.00
2009.11.10 13:52:44.501,0.88905,0.88925,2.40,1.00
2009.11.10 13:52:44.841,0.88905,0.88925,6.40,1.10
2009.11.10 13:52:45.221,0.88905,0.88925,6.40,1.00
2009.11.10 13:52:45.511,0.88905,0.8893,6.40,4.50
2009.11.10 13:52:46.471,0.88905,0.8893,6.40,5.50
2009.11.10 13:52:46.811,0.88905,0.88925,2.40,1.00
2009.11.10 13:52:47.101,0.88905,0.88925,2.40,1.10
2009.11.10 13:52:47.441,0.88905,0.8893,4.40,1.00
2009.11.10 13:52:47.790,0.88905,0.8893,7.20,7.20
2009.11.10 13:52:48.181,0.88905,0.8893,2.40,7.30
2009.11.10 13:52:48.530,0.88905,0.8893,2.40,10.40
2009.11.10 13:52:49.040,0.88905,0.8893,6.40,6.40
2009.11.10 13:52:49.270,0.88905,0.8893,4.00,6.50
2009.11.10 13:52:49.380,0.88905,0.8893,4.00,10.10
2009.11.10 13:52:49.490,0.88905,0.8893,4.00,14.10
2009.11.10 13:52:49.600,0.889,0.8892,5.60,2.40
2009.11.10 13:52:49.710,0.889,0.88925,8.00,6.40
2009.11.10 13:52:49.830,0.889,0.88925,7.20,6.40
2009.11.10 13:52:49.940,0.88905,0.8893,3.20,6.90
2009.11.10 13:52:50.050,0.88905,0.8893,4.80,6.40
2009.11.10 13:52:50.410,0.8891,0.8893,2.40,6.40
2009.11.10 13:52:50.750,0.8891,0.8893,2.40,2.40
2009.11.10 13:52:51.400,0.8891,0.88925,6.40,1.00
2009.11.10 13:52:51.800,0.8891,0.8893,6.40,2.80
2009.11.10 13:52:52.659,0.8891,0.8893,6.50,2.80
2009.11.10 13:52:52.999,0.8891,0.8893,4.00,1.00
2009.11.10 13:52:53.349,0.88905,0.8893,6.40,5.20
2009.11.10 13:52:54.029,0.88905,0.8893,6.40,5.30
2009.11.10 13:52:54.429,0.889,0.8893,6.00,7.60
2009.11.10 13:52:54.549,0.889,0.8893,6.00,6.80
2009.11.10 13:52:54.829,0.889,0.8893,6.00,6.90
2009.11.10 13:52:54.999,0.889,0.8892,6.00,1.00
2009.11.10 13:52:55.109,0.889,0.8892,6.00,1.00
2009.11.10 13:52:55.278,0.889,0.8892,2.00,1.00
2009.11.10 13:52:55.639,0.88905,0.88925,2.40,1.00
2009.11.10 13:52:56.658,0.88905,0.88925,2.40,4.10
2009.11.10 13:52:57.398,0.889,0.88925,4.10,4.10
2009.11.10 13:52:57.738,0.889,0.88925,1.00,4.10
2009.11.10 13:52:58.078,0.889,0.88925,1.00,4.50
2009.11.10 13:52:58.818,0.889,0.88925,1.70,4.40
2009.11.10 13:52:59.118,0.889,0.88925,4.00,4.40
2009.11.10 13:52:59.408,0.88895,0.88925,13.50,4.00
2009.11.10 13:53:00.498,0.88915,0.88925,1.60,4.00
2009.11.10 13:53:00.887,0.88915,0.88935,1.60,4.50
2009.11.10 13:53:01.177,0.88915,0.88935,1.60,2.90
2009.11.10 13:53:01.467,0.8891,0.88935,3.60,3.20
2009.11.10 13:53:01.747,0.8891,0.88935,3.20,3.60
2009.11.10 13:53:02.047,0.8891,0.88935,2.40,7.60
2009.11.10 13:53:02.797,0.8891,0.8894,7.20,10.00
2009.11.10 13:53:03.507,0.8891,0.88935,4.00,5.20
2009.11.10 13:53:03.857,0.88905,0.8893,3.20,4.00
2009.11.10 13:53:04.207,0.88905,0.8893,7.20,4.40
2009.11.10 13:53:05.006,0.88905,0.8893,4.00,4.80
2009.11.10 13:53:05.346,0.889,0.8893,8.10,5.20
2009.11.10 13:53:06.036,0.889,0.8893,16.50,1.00
2009.11.10 13:53:06.146,0.88905,0.88935,6.40,6.00
2009.11.10 13:53:06.316,0.88905,0.8893,6.40,4.00
2009.11.10 13:53:06.606,0.88905,0.88935,6.40,6.00
2009.11.10 13:53:06.776,0.88905,0.88935,6.50,6.00
2009.11.10 13:53:07.396,0.88905,0.88935,15.30,2.00
2009.11.10 13:53:07.726,0.88905,0.88935,16.70,5.20
2009.11.10 13:53:08.106,0.88905,0.88935,31.20,4.80
2009.11.10 13:53:08.405,0.8891,0.8894,5.60,11.40
2009.11.10 13:53:08.805,0.8891,0.88935,4.00,1.00
2009.11.10 13:53:10.315,0.88905,0.88935,12.70,4.80
2009.11.10 13:53:10.675,0.88905,0.88935,8.70,4.80
2009.11.10 13:53:13.094,0.8891,0.88935,2.60,4.10
2009.11.10 13:53:13.384,0.88915,0.88935,2.40,1.00
2009.11.10 13:53:15.724,0.88915,0.8894,2.40,9.80
2009.11.10 13:53:16.423,0.88915,0.8894,2.90,6.20
2009.11.10 13:53:16.814,0.88915,0.8894,6.80,5.40
2009.11.10 13:53:17.163,0.88915,0.8894,6.40,5.40
2009.11.10 13:53:17.513,0.88915,0.8894,2.40,9.40
2009.11.10 13:53:19.043,0.8891,0.8894,4.00,13.20
2009.11.10 13:53:19.523,0.8891,0.8894,4.10,13.40
2009.11.10 13:53:19.693,0.8891,0.88935,6.50,1.00
2009.11.10 13:53:20.203,0.8891,0.8893,3.30,4.00
2009.11.10 13:53:20.533,0.8892,0.88935,1.00,4.00
2009.11.10 13:53:20.872,0.88915,0.8894,2.40,7.80
2009.11.10 13:53:21.222,0.8892,0.8894,6.40,1.40
2009.11.10 13:53:21.572,0.8892,0.8894,6.40,3.80
2009.11.10 13:53:21.962,0.8892,0.8894,7.20,3.80
2009.11.10 13:53:22.322,0.88925,0.8894,4.00,1.40
2009.11.10 13:53:23.352,0.8892,0.8894,5.60,1.40
2009.11.10 13:53:23.701,0.8892,0.8894,4.80,1.40
2009.11.10 13:53:24.641,0.8892,0.8894,4.00,1.40
2009.11.10 13:53:24.871,0.8892,0.8894,4.80,1.40
2009.11.10 13:53:25.151,0.8892,0.8894,6.40,1.40
2009.11.10 13:53:25.372,0.8892,0.8894,14.40,1.40
2009.11.10 13:53:26.542,0.88915,0.8894,7.30,5.40
2009.11.10 13:53:26.651,0.88915,0.8894,7.30,1.40
2009.11.10 13:53:27.001,0.88915,0.8894,4.10,4.20
2009.11.10 13:53:27.161,0.88915,0.8894,1.00,8.40
2009.11.10 13:53:27.341,0.88915,0.8894,1.00,8.00
2009.11.10 13:53:27.561,0.88915,0.8894,2.40,8.00
2009.11.10 13:53:27.901,0.88915,0.8894,4.00,10.40
2009.11.10 13:53:28.241,0.88915,0.8894,8.10,10.20
2009.11.10 13:53:28.940,0.88915,0.8894,4.10,10.20
2009.11.10 13:53:29.920,0.88915,0.8894,4.10,10.40
2009.11.10 13:53:30.880,0.88915,0.8894,4.10,11.20
2009.11.10 13:53:31.100,0.88915,0.8894,4.10,9.60
2009.11.10 13:53:31.270,0.88915,0.8894,4.10,6.20
2009.11.10 13:53:31.440,0.8892,0.88935,2.40,4.00
2009.11.10 13:53:32.400,0.8892,0.8894,2.40,6.20
2009.11.10 13:53:32.740,0.8892,0.8894,2.40,5.40
2009.11.10 13:53:33.020,0.8892,0.8894,2.40,1.40
2009.11.10 13:53:33.959,0.8892,0.8894,2.40,5.40
2009.11.10 13:53:34.579,0.8892,0.8894,2.50,1.40
2009.11.10 13:53:34.929,0.8892,0.8894,2.50,5.40
2009.11.10 13:53:35.959,0.8892,0.8894,2.40,5.40
2009.11.10 13:53:36.309,0.8892,0.8894,2.40,1.40
2009.11.10 13:53:36.608,0.8892,0.8894,6.60,1.40
2009.11.10 13:53:36.998,0.88925,0.8894,5.30,5.40
2009.11.10 13:53:37.298,0.88925,0.8894,2.60,1.40
2009.11.10 13:53:42.917,0.88925,0.8894,12.50,1.40
2009.11.10 13:53:44.527,0.8893,0.8894,3.20,1.00
2009.11.10 13:53:45.047,0.8893,0.8894,2.40,1.00
2009.11.10 13:53:45.217,0.88935,0.8894,1.70,1.00
2009.11.10 13:53:45.566,0.88935,0.8894,4.00,1.00
2009.11.10 13:53:45.926,0.8893,0.8894,3.20,1.00
2009.11.10 13:53:49.575,0.8893,0.88955,3.30,6.40
2009.11.10 13:53:50.355,0.8893,0.88955,3.20,6.40
2009.11.10 13:53:50.985,0.8893,0.8895,3.20,5.60
2009.11.10 13:53:51.265,0.88935,0.8895,4.00,4.00
2009.11.10 13:53:51.495,0.88935,0.88955,4.00,4.80
2009.11.10 13:53:51.655,0.88935,0.88955,1.60,7.20
2009.11.10 13:53:51.825,0.8893,0.88955,8.00,7.20
2009.11.10 13:53:52.065,0.8893,0.88955,4.00,7.20
2009.11.10 13:53:52.475,0.8893,0.88955,4.00,11.20
2009.11.10 13:53:53.184,0.8893,0.8895,1.00,7.20
2009.11.10 13:53:53.524,0.88925,0.8895,4.90,10.00
2009.11.10 13:53:53.874,0.88925,0.8894,1.00,4.00
2009.11.10 13:53:54.164,0.8892,0.8894,4.10,4.00
2009.11.10 13:53:55.054,0.8892,0.8894,3.20,4.00
2009.11.10 13:53:55.384,0.8892,0.8894,1.00,4.00
2009.11.10 13:53:55.725,0.88915,0.88935,4.10,4.00
2009.11.10 13:53:56.064,0.88915,0.8894,4.10,8.00
2009.11.10 13:53:56.464,0.88925,0.8894,2.40,4.00
2009.11.10 13:53:57.144,0.88925,0.88945,2.40,4.00
2009.11.10 13:53:57.813,0.88925,0.88945,2.40,12.00
2009.11.10 13:53:58.113,0.88925,0.88945,2.40,4.00
2009.11.10 13:53:58.683,0.8893,0.88945,1.00,4.00
2009.11.10 13:53:58.973,0.8893,0.8895,2.40,8.00
2009.11.10 13:53:59.203,0.8893,0.8895,2.40,4.00
2009.11.10 13:53:59.703,0.8893,0.8895,3.20,4.00
2009.11.10 13:53:59.933,0.8893,0.8895,2.40,4.00
2009.11.10 13:54:00.263,0.8893,0.8895,2.40,8.00
2009.11.10 13:54:01.343,0.8893,0.8895,2.40,8.00
2009.11.10 13:54:01.733,0.8893,0.8895,2.40,4.00
2009.11.10 13:54:02.073,0.8893,0.8895,3.20,4.00
2009.11.10 13:54:02.772,0.8893,0.88955,2.40,7.60
2009.11.10 13:54:04.302,0.8893,0.88955,3.20,7.60
2009.11.10 13:54:04.352,0.88935,0.88955,2.40,7.20
2009.11.10 13:54:04.522,0.88935,0.8895,2.40,1.00
2009.11.10 13:54:04.642,0.88935,0.88955,2.40,6.40
2009.11.10 13:54:04.812,0.88935,0.88955,2.40,6.90
2009.11.10 13:54:04.932,0.88935,0.88955,2.40,7.70
2009.11.10 13:54:05.042,0.88935,0.88955,2.40,15.60
2009.11.10 13:54:05.163,0.8893,0.8895,3.20,4.00
2009.11.10 13:54:05.512,0.88925,0.88945,6.40,3.70
2009.11.10 13:54:05.862,0.88925,0.8894,5.60,1.00
2009.11.10 13:54:06.262,0.88925,0.88935,1.60,2.90
2009.11.10 13:54:06.962,0.88915,0.88935,3.20,3.60
2009.11.10 13:54:07.301,0.8891,0.88935,8.00,4.40
2009.11.10 13:54:07.651,0.8891,0.88935,21.80,1.00
2009.11.10 13:54:08.011,0.8891,0.8893,16.80,2.80
2009.11.10 13:54:08.371,0.8891,0.88935,19.20,3.70
2009.11.10 13:54:08.711,0.88915,0.8893,4.00,2.90
2009.11.10 13:54:09.691,0.88915,0.8893,4.00,2.90
2009.11.10 13:54:09.871,0.8891,0.8893,4.00,2.90
2009.11.10 13:54:10.101,0.8891,0.8893,6.40,1.30
2009.11.10 13:54:10.221,0.8891,0.8893,6.40,1.00
2009.11.10 13:54:10.341,0.8891,0.8893,4.00,3.20
2009.11.10 13:54:10.510,0.8891,0.8893,4.00,3.30
2009.11.10 13:54:10.860,0.8891,0.8892,4.00,2.90
2009.11.10 13:54:11.210,0.88905,0.8892,1.60,1.00
2009.11.10 13:54:11.570,0.88915,0.88925,1.60,7.20
2009.11.10 13:54:11.790,0.88915,0.88925,1.60,4.80
2009.11.10 13:54:12.420,0.8891,0.88935,8.00,8.10
2009.11.10 13:54:12.700,0.8891,0.88935,7.20,8.00
2009.11.10 13:54:13.050,0.8891,0.88935,10.80,3.20
2009.11.10 13:54:13.400,0.8891,0.88935,9.20,3.20
2009.11.10 13:54:13.740,0.8891,0.88935,10.10,3.30
2009.11.10 13:54:14.090,0.8891,0.88935,10.00,3.20
2009.11.10 13:54:14.440,0.8892,0.88935,1.00,3.30
2009.11.10 13:54:14.789,0.8892,0.88935,1.00,1.00
2009.11.10 13:54:15.139,0.88915,0.88935,5.20,1.00
2009.11.10 13:54:15.480,0.88915,0.88935,4.00,3.30
2009.11.10 13:54:15.829,0.88915,0.88935,4.80,1.00
2009.11.10 13:54:16.119,0.88915,0.8894,8.80,3.20
2009.11.10 13:54:16.409,0.88915,0.8894,9.20,3.20
2009.11.10 13:54:16.749,0.88915,0.88945,14.60,8.10
2009.11.10 13:54:17.019,0.8892,0.88945,11.30,6.40
2009.11.10 13:54:17.249,0.8893,0.8895,2.40,8.90
2009.11.10 13:54:17.549,0.88925,0.8895,8.80,8.80
2009.11.10 13:54:18.149,0.88925,0.8895,4.80,8.80
2009.11.10 13:54:18.329,0.88925,0.8895,4.80,7.20
2009.11.10 13:54:19.109,0.8893,0.8895,2.40,7.20
2009.11.10 13:54:25.267,0.88935,0.88955,4.00,2.50
2009.11.10 13:54:25.897,0.88935,0.88955,4.00,3.30
2009.11.10 13:54:27.096,0.88935,0.88955,4.00,3.60
2009.11.10 13:54:27.396,0.88935,0.88955,4.00,2.50
2009.11.10 13:54:27.976,0.88935,0.88955,4.80,2.50
2009.11.10 13:54:28.326,0.88935,0.88955,6.40,1.00
2009.11.10 13:54:29.026,0.88935,0.88955,7.20,1.00
2009.11.10 13:54:29.316,0.88935,0.8896,7.20,3.30
2009.11.10 13:54:29.776,0.88935,0.8896,4.80,1.60
2009.11.10 13:54:29.896,0.88935,0.8896,4.00,1.00
2009.11.10 13:54:30.676,0.88935,0.8896,4.00,4.80
2009.11.10 13:54:30.846,0.8893,0.8896,4.90,4.80
2009.11.10 13:54:32.265,0.8894,0.8896,2.40,4.80
2009.11.10 13:54:32.605,0.8894,0.8896,2.40,11.20
2009.11.10 13:54:33.185,0.8894,0.8896,2.40,7.70
2009.11.10 13:54:33.705,0.8894,0.8896,4.00,4.10
2009.11.10 13:54:34.005,0.8894,0.88965,4.80,8.90
2009.11.10 13:54:34.335,0.8894,0.8896,1.00,6.40
2009.11.10 13:54:34.675,0.8894,0.8896,3.20,4.00
2009.11.10 13:54:35.405,0.8894,0.88965,2.40,6.50
2009.11.10 13:54:35.704,0.8894,0.88965,3.20,6.50
2009.11.10 13:54:36.044,0.8894,0.88965,3.20,6.70
2009.11.10 13:54:37.144,0.8894,0.88965,4.80,6.70
2009.11.10 13:54:37.314,0.8894,0.88965,5.60,1.00
2009.11.10 13:54:37.484,0.8894,0.88965,4.80,1.00
2009.11.10 13:54:37.664,0.8894,0.8897,4.90,6.50
2009.11.10 13:54:37.894,0.8894,0.8897,12.90,6.90
2009.11.10 13:54:38.064,0.8894,0.8897,15.20,6.50
2009.11.10 13:54:38.234,0.8894,0.8897,15.20,7.70
2009.11.10 13:54:38.584,0.88945,0.8897,2.40,8.00
2009.11.10 13:54:38.933,0.88945,0.8897,2.40,4.00
2009.11.10 13:54:39.333,0.8894,0.88965,4.40,2.40
2009.11.10 13:54:39.613,0.8894,0.88965,4.00,2.40
2009.11.10 13:54:39.953,0.8894,0.88965,3.20,2.40
2009.11.10 13:54:40.243,0.8894,0.88965,15.20,2.40
2009.11.10 13:54:40.583,0.88945,0.88965,4.00,2.50
2009.11.10 13:54:40.993,0.8895,0.8897,2.40,4.90
2009.11.10 13:54:41.343,0.8895,0.8897,2.40,1.00
2009.11.10 13:54:41.573,0.88945,0.8897,6.50,2.50
2009.11.10 13:54:42.183,0.88945,0.8897,4.00,5.50
2009.11.10 13:54:42.403,0.88945,0.8897,4.00,5.80
2009.11.10 13:54:42.813,0.88945,0.8896,4.00,2.40
2009.11.10 13:54:43.833,0.8894,0.8896,4.80,2.50
2009.11.10 13:54:44.852,0.8894,0.8896,4.00,2.50
2009.11.10 13:54:45.092,0.8894,0.88965,4.00,3.30
2009.11.10 13:54:45.372,0.8894,0.88965,8.00,3.30
2009.11.10 13:54:45.592,0.88945,0.88965,4.00,3.30
2009.11.10 13:54:47.402,0.88945,0.8896,4.00,5.20
2009.11.10 13:54:47.691,0.8894,0.88955,4.00,2.80
2009.11.10 13:54:48.781,0.88935,0.88955,6.40,2.80
2009.11.10 13:54:49.081,0.88935,0.88955,2.40,6.90
2009.11.10 13:54:49.431,0.88935,0.88955,2.40,2.90
2009.11.10 13:54:49.711,0.88935,0.88955,3.20,2.90
2009.11.10 13:54:52.341,0.88935,0.88955,7.30,2.80
2009.11.10 13:54:52.730,0.88935,0.88955,7.20,2.90
2009.11.10 13:54:55.630,0.88935,0.88955,3.20,4.50
2009.11.10 13:55:02.548,0.88935,0.88955,3.20,4.10
2009.11.10 13:55:04.787,0.88935,0.88955,3.20,4.50
2009.11.10 13:55:04.957,0.88935,0.88955,3.20,4.10
2009.11.10 13:55:07.737,0.88935,0.88955,3.20,4.50
2009.11.10 13:55:09.097,0.88935,0.88955,4.00,2.80
2009.11.10 13:55:09.436,0.88935,0.88955,4.00,1.00
2009.11.10 13:55:10.426,0.88935,0.88955,3.20,5.70
2009.11.10 13:55:10.806,0.8893,0.88955,8.00,7.60
2009.11.10 13:55:11.096,0.8893,0.88955,8.00,3.60
2009.11.10 13:55:11.956,0.8893,0.88955,8.00,7.60
2009.11.10 13:55:12.226,0.8893,0.88955,7.20,3.60
2009.11.10 13:55:14.015,0.88925,0.88945,11.20,2.50
2009.11.10 13:55:14.365,0.88925,0.88945,2.40,6.90
2009.11.10 13:55:14.535,0.88925,0.88945,1.60,7.70
2009.11.10 13:55:14.655,0.8892,0.88945,7.20,7.70
2009.11.10 13:55:16.085,0.8892,0.88945,3.20,7.70
2009.11.10 13:55:16.435,0.8892,0.88945,7.20,7.70
2009.11.10 13:55:17.394,0.88915,0.88945,12.80,11.30
2009.11.10 13:55:17.734,0.88915,0.8894,8.80,5.50
2009.11.10 13:55:18.074,0.88915,0.88935,7.20,1.00
2009.11.10 13:55:18.774,0.88915,0.88935,3.20,1.00
2009.11.10 13:55:20.284,0.88915,0.88935,4.80,1.00
2009.11.10 13:55:20.983,0.88915,0.8894,5.70,7.70
2009.11.10 13:55:21.314,0.88915,0.88935,9.30,1.00
2009.11.10 13:55:21.654,0.88915,0.8894,6.10,4.80
2009.11.10 13:55:21.993,0.88915,0.8894,4.90,9.20
2009.11.10 13:55:22.333,0.88915,0.8894,9.70,7.60
2009.11.10 13:55:22.623,0.88915,0.8894,5.70,7.60
2009.11.10 13:55:22.983,0.88915,0.8894,9.30,5.60
2009.11.10 13:55:23.333,0.8892,0.8894,2.40,4.00
2009.11.10 13:55:23.683,0.88915,0.8894,5.70,7.60
2009.11.10 13:55:26.532,0.88915,0.8894,6.50,1.00
2009.11.10 13:55:27.872,0.88915,0.8894,6.50,4.90
2009.11.10 13:55:28.751,0.88915,0.8894,6.50,4.10
2009.11.10 13:55:29.551,0.88915,0.8894,6.50,4.00
2009.11.10 13:55:30.001,0.88925,0.8894,2.40,4.00
2009.11.10 13:55:30.571,0.88925,0.88945,2.40,8.00
2009.11.10 13:55:31.961,0.88925,0.88945,2.50,8.00
2009.11.10 13:55:32.601,0.88925,0.88945,2.50,3.20
2009.11.10 13:55:33.091,0.88925,0.88945,2.50,1.00
2009.11.10 13:55:33.370,0.88925,0.8895,4.10,7.70
2009.11.10 13:55:33.700,0.88925,0.8895,8.10,7.70
2009.11.10 13:55:35.240,0.88925,0.8895,4.10,7.70
2009.11.10 13:55:35.460,0.88925,0.8895,8.10,7.70
2009.11.10 13:55:37.029,0.88925,0.8895,8.90,7.70
2009.11.10 13:55:38.469,0.88925,0.8895,8.90,3.70
2009.11.10 13:55:40.159,0.88925,0.8895,8.10,3.70
2009.11.10 13:55:40.918,0.88925,0.8895,16.10,3.70
2009.11.10 13:55:41.199,0.88925,0.8895,8.10,3.70
2009.11.10 13:55:46.797,0.88925,0.8895,8.10,3.30
2009.11.10 13:55:48.057,0.88925,0.8895,8.10,3.20
2009.11.10 13:55:49.156,0.88925,0.8895,8.10,3.30
2009.11.10 13:55:49.427,0.88925,0.8895,8.10,3.20
2009.11.10 13:55:50.876,0.88925,0.8895,4.80,11.00
2009.11.10 13:55:51.217,0.88925,0.8895,1.00,11.40
2009.11.10 13:55:51.556,0.88925,0.8895,1.00,10.90
2009.11.10 13:55:51.886,0.88925,0.88945,4.10,4.80
2009.11.10 13:55:52.466,0.88925,0.88945,4.00,4.80
2009.11.10 13:55:52.706,0.88925,0.88945,4.00,4.90
2009.11.10 13:55:53.746,0.8892,0.88945,7.30,4.90
2009.11.10 13:55:54.275,0.8893,0.88945,4.00,1.00
2009.11.10 13:55:54.555,0.8893,0.88945,2.40,1.00
2009.11.10 13:55:54.785,0.8893,0.8895,4.80,4.00
2009.11.10 13:55:55.185,0.8893,0.88955,6.40,10.50
2009.11.10 13:55:55.525,0.88925,0.8895,8.90,4.10
2009.11.10 13:55:56.215,0.88925,0.88955,17.00,10.10
2009.11.10 13:55:56.545,0.8893,0.88955,6.40,3.30
2009.11.10 13:55:56.895,0.8893,0.88955,7.20,3.30
2009.11.10 13:55:57.794,0.8893,0.88955,7.30,3.30
2009.11.10 13:55:58.924,0.8893,0.88955,4.90,9.20
2009.11.10 13:55:59.094,0.8893,0.88955,4.90,5.20
2009.11.10 13:55:59.494,0.8893,0.88955,4.90,9.20
2009.11.10 13:56:00.244,0.8893,0.88955,7.30,5.30
2009.11.10 13:56:00.624,0.8893,0.88955,14.50,4.90
2009.11.10 13:56:00.924,0.8893,0.88955,4.90,5.30
2009.11.10 13:56:01.284,0.8893,0.88955,6.50,4.90
2009.11.10 13:56:01.554,0.8893,0.88945,4.80,4.10
2009.11.10 13:56:01.733,0.88925,0.88945,4.80,1.70
2009.11.10 13:56:01.964,0.88925,0.88945,4.00,1.00
2009.11.10 13:56:02.193,0.88925,0.88945,4.00,1.00
2009.11.10 13:56:03.373,0.88925,0.88945,4.00,1.00
2009.11.10 13:56:03.783,0.88925,0.88945,4.00,1.00
2009.11.10 13:56:04.893,0.88925,0.8895,4.00,4.50
2009.11.10 13:56:05.173,0.88925,0.8895,4.80,3.20
2009.11.10 13:56:05.403,0.8893,0.8895,4.00,3.20
2009.11.10 13:56:05.783,0.88925,0.88945,4.80,1.00
2009.11.10 13:56:06.133,0.88925,0.8895,4.80,3.20
2009.11.10 13:56:06.482,0.88925,0.88945,4.80,4.90
2009.11.10 13:56:07.113,0.88925,0.88945,1.00,4.90
2009.11.10 13:56:07.292,0.88925,0.88945,1.00,4.80
2009.11.10 13:56:07.462,0.88925,0.88945,1.00,4.00
2009.11.10 13:56:07.912,0.88925,0.88945,4.10,4.80
2009.11.10 13:56:08.252,0.88935,0.88955,4.00,2.50
2009.11.10 13:56:08.652,0.8893,0.88955,4.80,2.50
2009.11.10 13:56:09.462,0.8893,0.88955,4.90,2.50
2009.11.10 13:56:11.741,0.8893,0.88955,1.00,6.50
2009.11.10 13:56:12.841,0.8893,0.88955,4.90,2.50
2009.11.10 13:56:14.221,0.8893,0.88955,7.30,2.50
2009.11.10 13:56:14.451,0.8893,0.88955,18.80,2.40
2009.11.10 13:56:14.741,0.8893,0.88955,7.20,2.40
2009.11.10 13:56:15.381,0.88935,0.88955,4.00,1.00
2009.11.10 13:56:15.720,0.88935,0.88955,1.00,1.00
2009.11.10 13:56:16.060,0.88935,0.88955,4.80,1.00
2009.11.10 13:56:17.160,0.88935,0.8896,1.00,7.30
2009.11.10 13:56:17.400,0.88935,0.88955,1.00,1.00
2009.11.10 13:56:17.680,0.88935,0.8896,3.20,7.20
2009.11.10 13:56:18.360,0.88935,0.8896,4.80,7.20
2009.11.10 13:56:18.709,0.88935,0.8896,1.00,7.20
2009.11.10 13:56:19.410,0.8893,0.88955,7.60,2.40
2009.11.10 13:56:19.590,0.8893,0.8895,4.00,2.40
2009.11.10 13:56:19.889,0.8893,0.88955,7.20,3.30
2009.11.10 13:56:20.169,0.8893,0.88955,7.20,6.50
2009.11.10 13:56:20.769,0.8893,0.88955,7.20,2.40
2009.11.10 13:56:21.469,0.88925,0.8894,4.80,1.00
2009.11.10 13:56:21.709,0.8892,0.8894,1.60,6.60
2009.11.10 13:56:21.979,0.88915,0.8894,4.80,6.60
2009.11.10 13:56:23.378,0.88915,0.88935,5.60,1.00
2009.11.10 13:56:23.728,0.88915,0.8894,5.60,1.00
2009.11.10 13:56:23.958,0.88915,0.8894,1.60,1.00
2009.11.10 13:56:24.528,0.88915,0.8894,1.60,4.40
2009.11.10 13:56:24.808,0.88915,0.8894,1.60,1.00
2009.11.10 13:56:25.608,0.88915,0.88945,2.50,8.40
2009.11.10 13:56:25.948,0.8892,0.88945,2.40,8.00
2009.11.10 13:56:26.238,0.8892,0.88945,3.20,8.00
2009.11.10 13:56:26.518,0.8892,0.88945,7.20,3.60
2009.11.10 13:56:26.807,0.88925,0.88945,4.00,3.60
2009.11.10 13:56:27.097,0.88925,0.88945,4.80,3.60
2009.11.10 13:56:27.327,0.88925,0.88945,4.90,3.60
2009.11.10 13:56:27.627,0.88925,0.88945,13.60,2.80
2009.11.10 13:56:27.977,0.88925,0.88945,4.80,3.20
2009.11.10 13:56:28.327,0.88925,0.88945,5.60,2.80
2009.11.10 13:56:30.877,0.88925,0.88945,5.60,2.40
2009.11.10 13:56:31.286,0.88925,0.88945,4.80,2.40
2009.11.10 13:56:31.506,0.88925,0.88945,4.80,2.80
2009.11.10 13:56:31.896,0.88925,0.88945,1.00,2.80
2009.11.10 13:56:32.066,0.88925,0.88945,4.80,2.80
2009.11.10 13:56:33.846,0.88925,0.88945,1.00,2.80
2009.11.10 13:56:34.446,0.88925,0.88945,1.00,2.40
2009.11.10 13:56:34.745,0.88925,0.88945,1.00,2.80
2009.11.10 13:56:35.266,0.8892,0.88945,7.20,2.80
2009.11.10 13:56:35.505,0.8892,0.88945,7.20,6.80
2009.11.10 13:56:36.555,0.8892,0.88945,7.20,6.40
2009.11.10 13:56:36.905,0.8892,0.88945,8.00,6.40
2009.11.10 13:56:37.675,0.8892,0.88945,8.00,2.40
2009.11.10 13:56:38.985,0.8892,0.8894,4.80,2.40
2009.11.10 13:56:39.315,0.8892,0.8894,1.00,2.40
2009.11.10 13:56:39.605,0.8892,0.8894,1.00,3.60
2009.11.10 13:56:39.895,0.8892,0.8893,1.00,2.40
2009.11.10 13:56:40.364,0.88915,0.88935,4.80,2.80
2009.11.10 13:56:40.534,0.88915,0.88935,8.80,2.80
2009.11.10 13:56:40.884,0.88915,0.88935,4.80,2.40
2009.11.10 13:56:41.964,0.88915,0.88935,4.80,2.90
2009.11.10 13:56:42.314,0.88915,0.88935,1.00,2.90
2009.11.10 13:56:42.664,0.88915,0.88935,4.80,2.90
2009.11.10 13:56:44.393,0.88915,0.88935,1.00,2.90
2009.11.10 13:56:44.683,0.8891,0.88935,8.10,2.90
2009.11.10 13:56:45.543,0.8891,0.88935,12.10,1.00
2009.11.10 13:56:45.773,0.88915,0.88935,7.20,1.00
2009.11.10 13:56:47.003,0.88915,0.88935,8.00,1.00
2009.11.10 13:56:47.243,0.88915,0.88935,7.20,2.50
2009.11.10 13:56:47.463,0.88915,0.88925,4.00,2.40
2009.11.10 13:56:47.683,0.88915,0.8893,4.00,1.00
2009.11.10 13:56:47.853,0.88915,0.88935,4.00,2.90
2009.11.10 13:56:48.092,0.88915,0.88935,4.00,2.80
2009.11.10 13:56:48.442,0.88915,0.88935,4.00,3.70
2009.11.10 13:56:48.783,0.8891,0.88935,7.20,3.70
2009.11.10 13:56:50.092,0.8891,0.88935,7.20,3.60
2009.11.10 13:56:50.432,0.8891,0.8893,4.80,2.50
2009.11.10 13:56:50.892,0.8891,0.8893,1.00,2.50
2009.11.10 13:56:51.132,0.8891,0.8893,4.80,2.50
2009.11.10 13:56:51.482,0.8891,0.8893,9.60,1.00
2009.11.10 13:56:52.062,0.88915,0.88925,4.00,2.40
2009.11.10 13:56:52.452,0.88905,0.88925,6.40,1.00
2009.11.10 13:56:52.681,0.88905,0.88925,6.40,1.00
2009.11.10 13:56:53.021,0.8891,0.8893,4.00,2.40
2009.11.10 13:56:53.301,0.88915,0.88935,4.00,2.40
2009.11.10 13:56:53.591,0.88915,0.88935,4.00,2.60
2009.11.10 13:56:55.891,0.88915,0.88935,4.00,4.80
2009.11.10 13:56:56.241,0.8891,0.88935,6.40,2.40
2009.11.10 13:56:56.591,0.8891,0.8893,2.40,1.60
2009.11.10 13:56:56.941,0.8891,0.8893,7.20,1.60
2009.11.10 13:56:57.280,0.8891,0.88935,9.70,4.90
2009.11.10 13:56:58.000,0.8891,0.88935,10.50,1.00
2009.11.10 13:56:58.061,0.8891,0.88935,4.10,1.00
2009.11.10 13:56:58.420,0.8891,0.88935,8.10,1.00
2009.11.10 13:56:58.770,0.8891,0.88935,1.00,1.00
2009.11.10 13:56:59.160,0.8891,0.88935,1.00,4.40
2009.11.10 13:56:59.440,0.8891,0.8893,1.00,4.00
2009.11.10 13:56:59.730,0.8891,0.8893,1.00,4.40
2009.11.10 13:57:00.020,0.8891,0.8893,5.70,4.00
2009.11.10 13:57:00.299,0.8891,0.8893,1.70,2.40
2009.11.10 13:57:00.580,0.8891,0.8893,2.50,2.40
2009.11.10 13:57:00.859,0.88915,0.8893,1.00,2.40
2009.11.10 13:57:01.209,0.88915,0.88925,1.00,1.60
2009.11.10 13:57:02.239,0.8891,0.88925,2.40,1.60
2009.11.10 13:57:02.949,0.88905,0.8892,3.30,1.60
2009.11.10 13:57:09.327,0.88905,0.8892,3.30,2.40
2009.11.10 13:57:09.547,0.88905,0.8892,1.00,5.20
2009.11.10 13:57:09.728,0.889,0.8892,3.20,4.00
2009.11.10 13:57:09.968,0.889,0.8892,7.20,4.00
2009.11.10 13:57:10.267,0.889,0.8892,3.20,4.00
2009.11.10 13:57:10.557,0.889,0.8892,4.00,4.00
2009.11.10 13:57:11.967,0.88905,0.8892,1.00,4.00
2009.11.10 13:57:13.126,0.88905,0.8892,1.00,4.00
2009.11.10 13:57:13.646,0.889,0.8892,3.20,4.00
2009.11.10 13:57:13.996,0.8891,0.8892,1.00,2.40
2009.11.10 13:57:14.346,0.8891,0.88925,3.20,1.60
2009.11.10 13:57:15.096,0.88915,0.88925,1.00,1.60
2009.11.10 13:57:15.556,0.88905,0.88925,4.90,1.60
2009.11.10 13:57:15.786,0.88905,0.8892,4.10,1.60
2009.11.10 13:57:16.006,0.88905,0.8892,4.90,1.60
2009.11.10 13:57:16.185,0.88915,0.8892,1.00,1.60
2009.11.10 13:57:16.406,0.8891,0.88925,3.20,1.60
2009.11.10 13:57:16.636,0.8891,0.8893,4.20,1.60
2009.11.10 13:57:16.976,0.8891,0.88925,3.20,1.60
2009.11.10 13:57:17.315,0.8891,0.8893,3.20,4.80
2009.11.10 13:57:17.665,0.88905,0.8892,4.90,1.60
2009.11.10 13:57:18.015,0.8892,0.8893,2.40,1.00
2009.11.10 13:57:18.356,0.8892,0.8894,7.40,2.40
2009.11.10 13:57:19.655,0.88925,0.8894,3.30,1.60
2009.11.10 13:57:20.125,0.88925,0.8894,1.00,6.50
2009.11.10 13:57:20.355,0.88925,0.8894,1.00,5.60
2009.11.10 13:57:20.584,0.88915,0.8894,4.80,5.30
2009.11.10 13:57:20.855,0.88915,0.8894,4.80,6.50
2009.11.10 13:57:21.204,0.8891,0.8894,3.30,10.40
2009.11.10 13:57:21.554,0.8891,0.88935,7.20,3.60
2009.11.10 13:57:21.894,0.88915,0.8893,1.00,1.60
2009.11.10 13:57:22.644,0.8891,0.8893,7.20,1.60
2009.11.10 13:57:22.994,0.8891,0.8893,2.40,1.60
2009.11.10 13:57:23.334,0.88905,0.8893,7.30,4.80
2009.11.10 13:57:23.684,0.88905,0.8893,10.90,2.40
2009.11.10 13:57:24.044,0.88915,0.88935,3.20,3.20
2009.11.10 13:57:24.444,0.88915,0.88935,3.30,1.60
2009.11.10 13:57:24.784,0.88915,0.88935,4.10,1.60
2009.11.10 13:57:25.114,0.88915,0.8894,4.90,5.60
2009.11.10 13:57:25.813,0.8892,0.8894,2.50,1.60
2009.11.10 13:57:27.143,0.8892,0.8894,1.60,4.80
2009.11.10 13:57:27.423,0.8892,0.8894,1.00,4.80
2009.11.10 13:57:28.483,0.8891,0.8893,13.70,1.60
2009.11.10 13:57:28.773,0.88915,0.88935,4.00,1.60
2009.11.10 13:57:29.003,0.8892,0.88945,4.40,8.80
2009.11.10 13:57:29.223,0.8892,0.8894,5.60,1.60
2009.11.10 13:57:29.453,0.8892,0.8894,4.90,1.60
2009.11.10 13:57:29.633,0.8892,0.8894,4.10,1.60
2009.11.10 13:57:30.033,0.8892,0.8894,8.10,1.60
2009.11.10 13:57:30.372,0.8892,0.8893,2.40,1.60
2009.11.10 13:57:30.722,0.8891,0.8893,7.30,1.60
2009.11.10 13:57:31.112,0.8891,0.88935,3.20,10.00
2009.11.10 13:57:31.452,0.8891,0.8893,1.00,4.00
2009.11.10 13:57:31.802,0.8891,0.8892,1.00,1.60
2009.11.10 13:57:32.992,0.88915,0.8893,2.50,2.40
2009.11.10 13:57:33.342,0.8892,0.8893,3.70,1.00
2009.11.10 13:57:33.752,0.8892,0.8893,3.20,1.00
2009.11.10 13:57:34.311,0.8892,0.8893,2.40,1.00
2009.11.10 13:57:34.601,0.8892,0.8894,4.00,1.60
2009.11.10 13:57:35.781,0.8893,0.8894,2.40,1.00
2009.11.10 13:57:36.121,0.8893,0.88945,2.40,5.60
2009.11.10 13:57:36.471,0.8893,0.88945,3.20,1.60
2009.11.10 13:57:36.851,0.8893,0.88945,2.40,2.40
2009.11.10 13:57:37.181,0.88925,0.8895,2.40,6.40
2009.11.10 13:57:37.470,0.8892,0.8894,4.80,1.60
2009.11.10 13:57:37.711,0.8892,0.8894,1.00,1.60
2009.11.10 13:57:38.760,0.88925,0.8894,1.00,4.00
2009.11.10 13:57:39.110,0.8892,0.8894,3.20,1.60
2009.11.10 13:57:39.500,0.8892,0.88945,5.10,2.40
2009.11.10 13:57:39.850,0.88925,0.88945,3.20,2.40
2009.11.10 13:57:40.200,0.88925,0.88945,8.00,2.40
2009.11.10 13:57:40.880,0.88925,0.88945,8.80,1.60
2009.11.10 13:57:41.230,0.88925,0.88945,8.00,1.60
2009.11.10 13:57:41.469,0.88925,0.88945,6.40,1.60
2009.11.10 13:57:41.699,0.88925,0.88945,7.20,1.60
2009.11.10 13:57:41.990,0.88925,0.88945,12.50,1.60
2009.11.10 13:57:42.229,0.8893,0.88945,2.60,1.60
2009.11.10 13:57:42.569,0.88925,0.88945,5.60,1.60
2009.11.10 13:57:42.869,0.88925,0.88945,4.80,1.60
2009.11.10 13:57:43.499,0.88925,0.88945,7.20,1.60
2009.11.10 13:57:43.799,0.88925,0.88945,4.80,1.60
2009.11.10 13:57:45.359,0.8893,0.88945,1.00,1.60
2009.11.10 13:57:45.639,0.8893,0.8895,3.60,1.60
2009.11.10 13:57:45.929,0.8893,0.88955,4.90,4.80
2009.11.10 13:57:46.709,0.8893,0.88945,6.40,1.60
2009.11.10 13:57:49.388,0.8893,0.88945,6.40,2.00
2009.11.10 13:57:49.627,0.8893,0.88945,4.00,2.00
2009.11.10 13:57:49.858,0.8893,0.88945,4.00,2.40
2009.11.10 13:57:50.098,0.8893,0.8894,4.00,2.10
2009.11.10 13:57:50.318,0.88925,0.8894,12.00,4.40
2009.11.10 13:57:50.607,0.88925,0.88935,12.00,4.00
2009.11.10 13:57:51.297,0.88925,0.88935,12.00,2.40
2009.11.10 13:57:51.647,0.88925,0.8894,14.40,2.40
2009.11.10 13:57:51.997,0.88925,0.8894,12.00,1.00
2009.11.10 13:57:53.627,0.88925,0.8894,7.20,1.00
2009.11.10 13:57:53.906,0.88925,0.8894,3.20,1.00
2009.11.10 13:57:55.166,0.88925,0.8895,3.20,2.40
2009.11.10 13:57:55.456,0.88925,0.8895,3.20,4.80
2009.11.10 13:57:55.756,0.88925,0.8895,3.20,4.80
2009.11.10 13:57:56.886,0.88925,0.8895,3.20,4.80
2009.11.10 13:57:57.276,0.88925,0.8895,3.20,2.40
2009.11.10 13:57:57.606,0.88925,0.8895,3.20,6.40
2009.11.10 13:57:57.946,0.88925,0.8895,3.20,2.40
2009.11.10 13:57:58.285,0.88925,0.8895,2.40,4.80
2009.11.10 13:57:58.666,0.88925,0.88945,3.20,1.00
2009.11.10 13:57:58.955,0.88925,0.88945,2.40,2.40
2009.11.10 13:57:59.515,0.88925,0.88945,2.40,1.60
2009.11.10 13:58:00.035,0.88925,0.88945,2.40,1.70
2009.11.10 13:58:00.155,0.88925,0.88945,2.40,1.60
2009.11.10 13:58:00.845,0.88925,0.88945,6.40,2.50
2009.11.10 13:58:01.195,0.88925,0.88945,6.40,2.40
2009.11.10 13:58:01.575,0.88925,0.88945,6.40,1.60
2009.11.10 13:58:03.145,0.88925,0.88945,6.50,1.60
2009.11.10 13:58:04.474,0.88925,0.8895,6.50,4.90
2009.11.10 13:58:04.694,0.88925,0.88945,7.30,4.00
2009.11.10 13:58:04.864,0.88925,0.88945,3.30,1.60
2009.11.10 13:58:08.524,0.88925,0.8894,6.50,1.60
2009.11.10 13:58:08.863,0.88925,0.8894,2.50,1.60
2009.11.10 13:58:10.843,0.88925,0.88945,2.50,1.60
2009.11.10 13:58:11.133,0.88925,0.88945,6.50,1.60
2009.11.10 13:58:11.363,0.88925,0.88945,2.50,1.60
2009.11.10 13:58:11.873,0.88925,0.88945,6.50,1.60
2009.11.10 13:58:13.173,0.8893,0.88945,1.00,1.60
2009.11.10 13:58:13.462,0.8893,0.88945,2.40,1.60
2009.11.10 13:58:14.752,0.8893,0.8895,2.50,1.60
2009.11.10 13:58:15.332,0.8893,0.8895,3.30,1.60
2009.11.10 13:58:17.192,0.8893,0.8895,2.50,1.60
2009.11.10 13:58:17.411,0.8893,0.88945,2.40,1.60
2009.11.10 13:58:18.131,0.8893,0.8895,3.20,1.60
2009.11.10 13:58:18.421,0.8893,0.8895,2.40,1.60
2009.11.10 13:58:18.951,0.8893,0.8895,2.50,1.60
2009.11.10 13:58:20.271,0.8893,0.8895,10.50,1.60
2009.11.10 13:58:20.451,0.88935,0.88955,2.40,4.80
2009.11.10 13:58:20.611,0.8893,0.88955,8.00,4.80
2009.11.10 13:58:20.831,0.8893,0.88955,2.40,6.90
2009.11.10 13:58:21.120,0.8893,0.8895,2.40,4.80
2009.11.10 13:58:21.351,0.8893,0.8895,2.40,2.40
2009.11.10 13:58:21.580,0.8893,0.8895,3.20,2.40
2009.11.10 13:58:21.920,0.8893,0.8895,3.60,1.60
2009.11.10 13:58:22.251,0.88935,0.88955,2.40,2.40
2009.11.10 13:58:22.890,0.88935,0.88955,2.40,4.80
2009.11.10 13:58:23.240,0.88935,0.8895,2.40,1.60
2009.11.10 13:58:24.330,0.8893,0.8895,3.20,1.60
2009.11.10 13:58:25.759,0.88925,0.8895,9.30,4.10
2009.11.10 13:58:26.060,0.88925,0.8895,4.90,4.10
2009.11.10 13:58:27.519,0.88925,0.8895,1.60,5.30
2009.11.10 13:58:27.699,0.88925,0.88945,1.00,4.10
2009.11.10 13:58:27.919,0.88925,0.88945,1.60,4.10
2009.11.10 13:58:28.439,0.88925,0.88945,4.80,1.70
2009.11.10 13:58:28.499,0.88925,0.88945,4.90,1.60
2009.11.10 13:58:28.729,0.88925,0.88945,4.80,1.70
2009.11.10 13:58:28.958,0.88925,0.88945,12.80,1.60
2009.11.10 13:58:29.219,0.88925,0.8895,18.40,2.50
2009.11.10 13:58:29.439,0.88925,0.8895,18.40,1.70
2009.11.10 13:58:30.138,0.8893,0.8895,5.60,1.00
2009.11.10 13:58:30.428,0.8893,0.88955,9.60,1.70
2009.11.10 13:58:30.788,0.88935,0.88955,3.20,2.10
2009.11.10 13:58:31.128,0.8893,0.88955,8.00,4.50
2009.11.10 13:58:31.518,0.88925,0.8895,7.20,4.60
2009.11.10 13:58:31.878,0.88925,0.8894,1.00,1.60
2009.11.10 13:58:32.918,0.8892,0.8894,5.60,4.50
2009.11.10 13:58:33.598,0.8892,0.8894,1.00,4.50
2009.11.10 13:58:34.118,0.88915,0.8894,9.60,4.20
2009.11.10 13:58:34.457,0.88915,0.88935,4.00,4.00
2009.11.10 13:58:34.917,0.88915,0.88935,4.00,4.10
2009.11.10 13:58:35.137,0.8892,0.8893,1.00,1.00
2009.11.10 13:58:35.417,0.8892,0.8893,1.00,3.30
2009.11.10 13:58:35.577,0.8891,0.8893,3.20,2.50
2009.11.10 13:58:35.687,0.88905,0.8893,11.20,2.50
2009.11.10 13:58:36.037,0.88905,0.8893,4.80,3.30
2009.11.10 13:58:36.767,0.88905,0.88925,1.00,2.40
2009.11.10 13:58:37.456,0.889,0.88925,7.20,2.40
2009.11.10 13:58:37.796,0.889,0.8893,10.20,3.70
2009.11.10 13:58:38.146,0.8891,0.8893,5.30,1.00
2009.11.10 13:58:38.496,0.88915,0.88935,1.00,3.20
2009.11.10 13:58:38.836,0.8891,0.88935,2.40,3.30
2009.11.10 13:58:39.186,0.8891,0.88935,2.40,7.30
2009.11.10 13:58:39.986,0.8891,0.8893,3.20,2.40
2009.11.10 13:58:40.266,0.8891,0.8893,1.00,2.40
2009.11.10 13:58:40.556,0.88905,0.8893,7.20,2.40
2009.11.10 13:58:40.856,0.8891,0.8893,1.00,2.40
2009.11.10 13:58:41.086,0.88905,0.8893,8.00,2.40
2009.11.10 13:58:41.426,0.8891,0.8893,1.00,2.40
2009.11.10 13:58:41.775,0.88905,0.8893,8.00,2.40
2009.11.10 13:58:42.115,0.88905,0.88925,3.20,1.00
2009.11.10 13:58:48.824,0.88895,0.8892,7.60,2.40
2009.11.10 13:58:49.064,0.88895,0.88925,19.40,6.50
2009.11.10 13:58:49.284,0.88895,0.88925,5.70,2.50
2009.11.10 13:58:49.514,0.88895,0.88925,4.90,4.50
2009.11.10 13:58:49.854,0.88895,0.8892,4.90,3.20
2009.11.10 13:58:50.204,0.88895,0.8892,4.00,1.60
2009.11.10 13:58:50.553,0.88895,0.8892,10.60,1.00
2009.11.10 13:58:50.893,0.889,0.8893,8.10,8.50
2009.11.10 13:58:51.563,0.889,0.8893,4.10,8.50
2009.11.10 13:58:51.903,0.889,0.8893,4.10,8.30
2009.11.10 13:58:52.243,0.889,0.8893,3.30,8.30
2009.11.10 13:58:52.583,0.88905,0.88925,2.40,1.00
2009.11.10 13:58:52.863,0.88905,0.88925,2.40,1.00
2009.11.10 13:58:53.663,0.889,0.88925,2.50,2.50
2009.11.10 13:58:54.002,0.889,0.88925,2.40,2.70
2009.11.10 13:58:54.362,0.88895,0.8892,10.10,4.10
2009.11.10 13:58:54.712,0.88895,0.8892,4.00,4.90
2009.11.10 13:58:55.222,0.88895,0.8892,2.40,4.10
2009.11.10 13:58:55.452,0.88895,0.8892,4.00,4.10
2009.11.10 13:58:55.722,0.8889,0.8892,9.30,4.90
2009.11.10 13:58:56.072,0.8889,0.88915,12.10,2.40
2009.11.10 13:58:56.422,0.8889,0.8892,1.00,8.90
2009.11.10 13:58:57.801,0.8889,0.8892,3.20,8.10
2009.11.10 13:58:58.422,0.8889,0.88915,7.20,2.40
2009.11.10 13:58:59.751,0.8889,0.8891,4.10,2.40
2009.11.10 13:59:00.371,0.8889,0.8891,1.00,2.40
2009.11.10 13:59:02.460,0.8889,0.8891,2.50,2.40
2009.11.10 13:59:02.631,0.8889,0.88915,9.80,4.00
2009.11.10 13:59:03.150,0.8889,0.8892,14.60,8.10
2009.11.10 13:59:03.500,0.8889,0.8892,14.60,8.10
2009.11.10 13:59:03.900,0.8889,0.8892,8.10,5.20
2009.11.10 13:59:04.250,0.88895,0.88915,2.50,2.40
2009.11.10 13:59:04.540,0.88895,0.8892,5.20,8.10
2009.11.10 13:59:05.180,0.88895,0.8892,10.00,4.10
2009.11.10 13:59:05.410,0.88895,0.8892,10.00,4.00
2009.11.10 13:59:05.970,0.88895,0.8892,10.00,2.50
2009.11.10 13:59:06.270,0.88895,0.8892,10.10,2.50
2009.11.10 13:59:06.490,0.88895,0.8892,10.00,2.50
2009.11.10 13:59:06.879,0.88895,0.8892,10.40,2.40
2009.11.10 13:59:07.219,0.88895,0.8892,9.70,4.10
2009.11.10 13:59:08.669,0.88895,0.8892,10.50,4.10
2009.11.10 13:59:08.929,0.88895,0.8892,10.40,4.10
2009.11.10 13:59:09.109,0.88895,0.8892,10.50,4.10
2009.11.10 13:59:09.329,0.88895,0.8892,10.40,4.10
2009.11.10 13:59:09.899,0.8889,0.8892,8.80,4.50
2009.11.10 13:59:10.249,0.8889,0.88915,8.00,2.40
2009.11.10 13:59:10.938,0.8889,0.88915,8.10,2.40
2009.11.10 13:59:11.228,0.8889,0.88915,7.20,2.40
2009.11.10 13:59:12.278,0.8889,0.88915,7.30,2.50
2009.11.10 13:59:12.838,0.88895,0.88915,1.00,2.40
2009.11.10 13:59:13.068,0.8889,0.88915,7.20,2.40
2009.11.10 13:59:13.348,0.8889,0.8892,18.60,4.10
2009.11.10 13:59:13.628,0.88895,0.8892,9.70,4.10
2009.11.10 13:59:13.968,0.88895,0.8892,8.10,4.10
2009.11.10 13:59:14.308,0.88895,0.8891,4.00,1.00
2009.11.10 13:59:14.698,0.8889,0.8891,1.00,2.50
2009.11.10 13:59:14.968,0.88885,0.8891,10.30,2.50
2009.11.10 13:59:15.087,0.88895,0.8891,1.00,2.40
2009.11.10 13:59:15.257,0.88895,0.8891,1.00,2.80
2009.11.10 13:59:15.377,0.88895,0.8892,9.70,5.30
2009.11.10 13:59:15.667,0.88895,0.8892,9.70,4.50
2009.11.10 13:59:17.637,0.889,0.8892,2.40,1.00
2009.11.10 13:59:17.797,0.889,0.8892,3.20,1.00
2009.11.10 13:59:18.147,0.88905,0.88925,4.00,6.90
2009.11.10 13:59:18.497,0.889,0.88925,3.20,3.10
2009.11.10 13:59:18.837,0.889,0.8892,3.30,1.00
2009.11.10 13:59:19.297,0.889,0.8892,4.80,2.80
2009.11.10 13:59:19.647,0.88895,0.88915,8.00,1.00
2009.11.10 13:59:20.036,0.88895,0.88915,3.20,1.00
2009.11.10 13:59:20.496,0.88895,0.88915,8.00,1.00
2009.11.10 13:59:20.666,0.88895,0.88915,13.60,1.00
2009.11.10 13:59:20.776,0.889,0.8892,3.20,1.00
2009.11.10 13:59:20.946,0.889,0.88915,3.20,1.00
2009.11.10 13:59:21.066,0.889,0.8892,3.20,1.00
2009.11.10 13:59:21.426,0.889,0.8892,7.30,1.00
2009.11.10 13:59:22.146,0.889,0.8892,3.30,1.00
2009.11.10 13:59:22.426,0.889,0.8892,5.00,1.00
2009.11.10 13:59:22.656,0.88905,0.88925,4.10,3.60
2009.11.10 13:59:22.956,0.889,0.8892,8.80,1.00
2009.11.10 13:59:23.186,0.889,0.8892,3.20,1.00
2009.11.10 13:59:23.465,0.889,0.8892,3.30,1.00
2009.11.10 13:59:23.755,0.889,0.8892,3.20,1.00
2009.11.10 13:59:23.985,0.889,0.8892,3.30,1.00
2009.11.10 13:59:24.955,0.889,0.8892,3.20,1.00
2009.11.10 13:59:25.295,0.889,0.8892,3.30,1.00
2009.11.10 13:59:26.235,0.889,0.8892,3.20,1.00
2009.11.10 13:59:26.535,0.889,0.8892,3.30,1.00
2009.11.10 13:59:27.555,0.889,0.8892,7.20,1.00
2009.11.10 13:59:27.775,0.889,0.8892,8.00,1.00
2009.11.10 13:59:27.945,0.889,0.8892,8.10,1.00
2009.11.10 13:59:28.125,0.889,0.88925,8.10,3.70
2009.11.10 13:59:28.364,0.88905,0.88925,5.60,1.00
2009.11.10 13:59:28.534,0.88905,0.8893,16.90,4.00
2009.11.10 13:59:28.754,0.88905,0.88935,25.90,3.70
2009.11.10 13:59:29.094,0.88905,0.88935,29.10,2.90
2009.11.10 13:59:29.444,0.8891,0.8894,11.20,7.30
2009.11.10 13:59:29.784,0.88915,0.8894,5.70,4.90
2009.11.10 13:59:30.144,0.8892,0.8894,1.00,2.90
2009.11.10 13:59:30.504,0.88915,0.88935,1.00,2.40
2009.11.10 13:59:30.854,0.88915,0.88935,1.00,2.80
2009.11.10 13:59:31.503,0.88915,0.88935,1.00,3.20
2009.11.10 13:59:31.843,0.8891,0.88935,3.60,3.20
2009.11.10 13:59:32.133,0.88915,0.88935,1.00,2.80
2009.11.10 13:59:32.373,0.8891,0.88935,3.20,2.80
2009.11.10 13:59:32.594,0.88915,0.88935,1.00,2.80
2009.11.10 13:59:32.823,0.8891,0.88935,3.60,2.80
2009.11.10 13:59:33.293,0.8891,0.88935,3.20,2.80
2009.11.10 13:59:33.633,0.8891,0.88935,6.80,6.80
2009.11.10 13:59:34.733,0.8891,0.88935,6.80,2.80
2009.11.10 13:59:36.512,0.8891,0.88935,3.20,6.80
2009.11.10 13:59:37.372,0.8891,0.8893,3.20,1.00
2009.11.10 13:59:37.602,0.88905,0.88925,4.40,1.60
2009.11.10 13:59:37.832,0.88905,0.8893,5.70,7.60
2009.11.10 13:59:38.012,0.8891,0.8893,2.40,4.40
2009.11.10 13:59:38.242,0.88905,0.88925,5.60,1.00
2009.11.10 13:59:38.592,0.88905,0.88925,4.00,2.50
2009.11.10 13:59:38.932,0.88905,0.88925,2.40,1.00
2009.11.10 13:59:39.642,0.88905,0.88925,2.40,1.00
2009.11.10 13:59:40.471,0.88905,0.88925,3.20,1.00
2009.11.10 13:59:40.711,0.889,0.88925,6.80,3.30
2009.11.10 13:59:40.951,0.88905,0.88925,4.80,1.00
2009.11.10 13:59:41.241,0.88905,0.88925,8.80,1.00
2009.11.10 13:59:41.521,0.88905,0.88925,4.00,3.60
2009.11.10 13:59:41.861,0.889,0.88925,3.20,4.10
2009.11.10 13:59:42.211,0.889,0.88925,7.20,4.10
2009.11.10 13:59:44.211,0.889,0.8892,3.20,1.00
2009.11.10 13:59:44.910,0.889,0.88925,3.20,3.30
2009.11.10 13:59:45.070,0.889,0.88925,7.30,4.20
2009.11.10 13:59:45.301,0.889,0.88925,7.20,4.20
2009.11.10 13:59:45.880,0.889,0.88925,7.30,4.20
2009.11.10 13:59:46.180,0.889,0.88925,7.20,4.10
2009.11.10 13:59:47.210,0.88905,0.88925,1.00,3.20
2009.11.10 13:59:47.680,0.88905,0.8893,3.20,3.60
2009.11.10 13:59:47.900,0.88905,0.8893,3.20,3.20
2009.11.10 13:59:49.199,0.8891,0.8893,6.40,1.00
2009.11.10 13:59:49.429,0.88915,0.88935,1.00,2.90
2009.11.10 13:59:49.719,0.8891,0.88935,7.20,1.00
2009.11.10 13:59:50.039,0.88915,0.88935,4.00,1.00
2009.11.10 13:59:50.279,0.88915,0.88935,4.00,1.00
2009.11.10 13:59:50.619,0.88915,0.88935,1.00,2.50
2009.11.10 13:59:51.019,0.88915,0.88935,4.80,2.80
2009.11.10 13:59:52.629,0.8891,0.88935,9.50,2.80
2009.11.10 13:59:52.968,0.8892,0.8894,3.60,1.00
2009.11.10 13:59:53.589,0.8892,0.8894,3.20,1.00
2009.11.10 13:59:55.158,0.8892,0.8894,2.40,1.00
2009.11.10 13:59:55.867,0.88915,0.8894,4.90,5.60
2009.11.10 13:59:56.268,0.88915,0.88935,4.10,4.80
2009.11.10 13:59:56.617,0.88905,0.8893,8.90,4.40
2009.11.10 13:59:56.968,0.88905,0.8893,9.30,3.20
2009.11.10 13:59:57.317,0.8891,0.8893,4.00,1.00
2009.11.10 13:59:57.667,0.88915,0.88935,2.40,1.20
2009.11.10 13:59:58.157,0.8891,0.8893,6.40,1.00
2009.11.10 13:59:58.487,0.88915,0.8893,1.00,1.00
2009.11.10 13:59:58.837,0.88915,0.8893,3.30,1.00
2009.11.10 13:59:59.187,0.88915,0.88935,3.20,1.60
2009.11.10 13:59:59.477,0.88915,0.88935,3.20,1.20
