2015.02.03 02:00:00.161,1.26258,1.26316,1.37,1.00
2015.02.03 02:00:00.263,1.26256,1.2632,1.37,1.00
2015.02.03 02:00:00.314,1.26256,1.26317,1.37,1.00
2015.02.03 02:00:00.365,1.26252,1.26317,1.37,1.00
2015.02.03 02:00:00.467,1.2625,1.26316,1.37,1.00
2015.02.03 02:00:00.569,1.26252,1.26316,1.37,1.00
2015.02.03 02:00:00.673,1.2624,1.26313,1.37,1.00
2015.02.03 02:00:00.977,1.26236,1.26311,1.37,1.00
2015.02.03 02:00:01.284,1.26236,1.26313,1.87,1.00
2015.02.03 02:00:01.590,1.26237,1.26312,1.37,1.00
2015.02.03 02:00:01.818,1.26236,1.26312,1.37,1.00
2015.02.03 02:00:02.225,1.26232,1.26308,1.37,1.00
2015.02.03 02:00:02.530,1.26231,1.26305,1.37,1.00
2015.02.03 02:00:02.581,1.26234,1.26309,1.37,1.00
2015.02.03 02:00:02.682,1.26264,1.26309,0.37,1.00
2015.02.03 02:00:03.493,1.26246,1.26307,1.37,1.00
2015.02.03 02:00:03.645,1.26247,1.26306,1.37,1.00
2015.02.03 02:00:03.797,1.26242,1.26304,1.37,1.00
2015.02.03 02:00:04.891,1.26242,1.26304,1.37,1.00
2015.02.03 02:00:05.513,1.26241,1.26303,1.37,1.00
2015.02.03 02:00:08.056,1.26241,1.26303,1.37,1.00
2015.02.03 02:00:08.157,1.26236,1.26304,1.37,1.00
2015.02.03 02:00:08.509,1.2623,1.26304,1.37,1.00
2015.02.03 02:00:09.696,1.2623,1.26304,1.37,1.00
2015.02.03 02:00:10.259,1.2623,1.26304,1.87,1.00
2015.02.03 02:00:10.802,1.2623,1.26304,1.37,1.00
2015.02.03 02:00:11.778,1.2623,1.26304,1.37,1.00
2015.02.03 02:00:11.888,1.2623,1.26304,1.37,1.00
2015.02.03 02:00:12.453,1.2623,1.26302,1.37,1.00
2015.02.03 02:00:12.554,1.26223,1.26297,1.37,1.50
2015.02.03 02:00:12.817,1.2622,1.26297,1.37,1.00
2015.02.03 02:00:13.025,1.2622,1.26297,1.37,1.00
2015.02.03 02:00:13.126,1.26223,1.26297,1.37,1.00
2015.02.03 02:00:13.329,1.26223,1.26297,1.37,1.00
2015.02.03 02:00:13.539,1.26223,1.26297,1.37,1.00
2015.02.03 02:00:13.843,1.26215,1.26291,1.37,1.00
2015.02.03 02:00:14.314,1.26216,1.26291,1.37,1.50
2015.02.03 02:00:15.195,1.26214,1.26291,1.37,1.50
2015.02.03 02:00:15.347,1.26211,1.26289,1.37,1.00
2015.02.03 02:00:15.651,1.26208,1.26281,1.37,1.00
2015.02.03 02:00:16.107,1.26208,1.26283,1.37,1.00
2015.02.03 02:00:16.310,1.26207,1.26284,1.37,1.00
2015.02.03 02:00:17.949,1.26213,1.26284,1.37,1.00
2015.02.03 02:00:18.000,1.26203,1.26278,1.87,1.00
2015.02.03 02:00:18.305,1.2621,1.26282,1.37,1.00
2015.02.03 02:00:18.406,1.2621,1.26286,1.37,1.50
2015.02.03 02:00:18.714,1.2621,1.2629,1.37,1.00
2015.02.03 02:00:21.487,1.26211,1.2629,1.37,1.00
2015.02.03 02:00:22.027,1.26211,1.26291,1.37,1.00
2015.02.03 02:00:22.490,1.26211,1.26291,1.37,1.00
2015.02.03 02:00:24.317,1.2621,1.26291,1.37,1.00
2015.02.03 02:00:24.470,1.26212,1.26288,1.37,1.00
2015.02.03 02:00:24.774,1.26212,1.26288,1.37,1.00
2015.02.03 02:00:25.079,1.26212,1.26286,1.37,1.00
2015.02.03 02:00:25.684,1.26215,1.26288,1.37,1.00
2015.02.03 02:00:25.786,1.26215,1.26288,1.37,1.00
2015.02.03 02:00:25.989,1.26216,1.2629,1.37,1.00
2015.02.03 02:00:26.345,1.26244,1.2629,0.37,1.00
2015.02.03 02:00:26.852,1.26226,1.2629,1.37,1.00
2015.02.03 02:00:27.846,1.26225,1.26289,1.37,1.00
2015.02.03 02:00:28.150,1.26225,1.26285,1.37,1.00
2015.02.03 02:00:28.201,1.26225,1.26289,1.37,1.00
2015.02.03 02:00:28.403,1.26225,1.26289,1.37,1.00
2015.02.03 02:00:28.505,1.26244,1.26289,0.37,1.00
2015.02.03 02:00:28.758,1.2623,1.26291,1.37,1.00
2015.02.03 02:00:28.960,1.26248,1.26291,0.37,1.00
2015.02.03 02:00:29.061,1.2623,1.26291,1.37,1.00
2015.02.03 02:00:29.315,1.26249,1.26291,0.37,1.00
2015.02.03 02:00:29.517,1.26229,1.26291,1.37,1.00
2015.02.03 02:00:29.719,1.26249,1.26291,0.37,1.00
2015.02.03 02:00:29.972,1.2623,1.26291,1.37,1.00
2015.02.03 02:00:30.276,1.26248,1.26291,0.37,1.00
2015.02.03 02:00:30.377,1.2623,1.26292,1.37,1.00
2015.02.03 02:00:31.157,1.2622,1.26292,1.37,1.00
2015.02.03 02:00:31.368,1.26227,1.26292,1.37,1.00
2015.02.03 02:00:31.470,1.26226,1.26292,1.37,1.00
2015.02.03 02:00:31.724,1.2623,1.26292,1.37,1.00
2015.02.03 02:00:31.926,1.26249,1.26292,0.37,1.00
2015.02.03 02:00:32.128,1.26229,1.26292,1.37,1.00
2015.02.03 02:00:32.281,1.26248,1.26292,0.37,1.00
2015.02.03 02:00:32.483,1.26229,1.26292,1.37,1.00
2015.02.03 02:00:32.686,1.26248,1.26292,0.37,1.00
2015.02.03 02:00:32.910,1.2623,1.26292,1.37,1.00
2015.02.03 02:00:33.146,1.26248,1.26292,0.37,1.00
2015.02.03 02:00:33.349,1.26229,1.26291,1.37,1.00
2015.02.03 02:00:33.605,1.26248,1.26291,0.37,1.00
2015.02.03 02:00:33.810,1.26229,1.26291,1.37,1.00
2015.02.03 02:00:34.168,1.26232,1.26293,1.37,1.00
2015.02.03 02:00:34.219,1.26232,1.26297,1.37,1.00
2015.02.03 02:00:34.370,1.2624,1.26301,1.37,1.00
2015.02.03 02:00:34.472,1.2624,1.26306,1.37,1.00
2015.02.03 02:00:34.775,1.26238,1.26306,1.37,1.00
2015.02.03 02:00:34.878,1.26242,1.26306,1.37,1.00
2015.02.03 02:00:34.988,1.26236,1.26306,1.37,1.00
2015.02.03 02:00:35.333,1.26241,1.26306,1.37,1.00
2015.02.03 02:00:36.325,1.2624,1.26306,1.37,1.00
2015.02.03 02:00:37.122,1.26235,1.26306,1.37,1.00
2015.02.03 02:00:37.224,1.26233,1.26306,1.37,1.00
2015.02.03 02:00:37.848,1.26239,1.26306,1.37,1.00
2015.02.03 02:00:40.158,1.26234,1.26306,1.37,1.00
2015.02.03 02:00:44.788,1.26236,1.26306,1.37,1.00
2015.02.03 02:00:51.817,1.26233,1.26303,1.37,1.00
2015.02.03 02:00:52.120,1.26243,1.26303,1.37,1.00
2015.02.03 02:00:52.171,1.26243,1.26303,1.37,1.00
2015.02.03 02:00:52.378,1.26262,1.26303,0.37,1.00
2015.02.03 02:00:52.735,1.26241,1.26302,1.37,1.00
2015.02.03 02:00:52.836,1.26238,1.26301,1.37,1.00
2015.02.03 02:00:52.937,1.26238,1.26295,1.37,1.00
2015.02.03 02:00:53.797,1.26236,1.26295,1.37,1.00
2015.02.03 02:00:54.280,1.26232,1.26283,1.37,1.37
2015.02.03 02:00:54.586,1.26237,1.26275,1.37,1.00
2015.02.03 02:00:55.266,1.26236,1.26281,1.37,1.00
2015.02.03 02:00:55.367,1.2624,1.26286,1.37,2.25
2015.02.03 02:00:55.671,1.2624,1.26287,1.37,1.00
2015.02.03 02:00:55.823,1.2623,1.26299,1.37,1.00
2015.02.03 02:00:55.925,1.26236,1.26302,1.37,1.00
2015.02.03 02:00:56.026,1.26236,1.26304,1.37,1.00
2015.02.03 02:00:56.230,1.26237,1.263,1.37,1.00
2015.02.03 02:00:56.332,1.26228,1.26294,1.37,1.00
2015.02.03 02:00:56.838,1.26233,1.26294,1.37,1.00
2015.02.03 02:00:56.889,1.26233,1.26297,1.37,1.00
2015.02.03 02:01:01.212,1.26226,1.26297,1.37,1.00
2015.02.03 02:01:01.314,1.26234,1.26297,1.37,1.00
2015.02.03 02:01:01.618,1.26227,1.26296,1.37,1.00
2015.02.03 02:01:01.720,1.26232,1.26302,1.37,1.00
2015.02.03 02:01:02.023,1.26241,1.263,1.37,1.00
2015.02.03 02:01:02.176,1.26241,1.263,1.37,1.00
2015.02.03 02:01:02.278,1.2624,1.263,1.37,1.00
2015.02.03 02:01:03.080,1.26238,1.26298,1.37,1.00
2015.02.03 02:01:03.946,1.26237,1.26298,1.37,1.00
2015.02.03 02:01:04.048,1.26253,1.26298,0.37,1.00
2015.02.03 02:01:04.911,1.26228,1.26298,1.37,1.00
2015.02.03 02:01:05.063,1.26238,1.26298,1.37,1.00
2015.02.03 02:01:06.997,1.26237,1.263,1.37,1.00
2015.02.03 02:01:07.767,1.26238,1.263,1.37,1.00
2015.02.03 02:01:11.538,1.26234,1.263,1.37,1.00
2015.02.03 02:01:11.872,1.26234,1.263,1.37,1.00
2015.02.03 02:01:12.075,1.26241,1.263,1.37,1.00
2015.02.03 02:01:12.307,1.26234,1.263,1.37,1.00
2015.02.03 02:01:13.957,1.26235,1.263,1.37,1.00
2015.02.03 02:01:14.058,1.26237,1.263,1.37,1.00
2015.02.03 02:01:14.490,1.26237,1.263,1.37,1.00
2015.02.03 02:01:14.844,1.26238,1.263,1.37,1.00
2015.02.03 02:01:15.400,1.26238,1.263,1.37,1.00
2015.02.03 02:01:15.907,1.26238,1.263,1.37,1.00
2015.02.03 02:01:16.464,1.26234,1.263,1.37,1.00
2015.02.03 02:01:16.696,1.26234,1.263,1.37,1.00
2015.02.03 02:01:17.006,1.26235,1.263,1.37,1.00
2015.02.03 02:01:17.528,1.26237,1.263,1.37,1.00
2015.02.03 02:01:18.107,1.26238,1.263,1.37,1.00
2015.02.03 02:01:18.359,1.26234,1.263,1.37,1.00
2015.02.03 02:01:19.230,1.26237,1.263,1.37,1.00
2015.02.03 02:01:19.332,1.26234,1.263,1.37,1.00
2015.02.03 02:01:22.727,1.26237,1.263,1.37,1.00
2015.02.03 02:01:22.879,1.26238,1.263,1.37,1.00
2015.02.03 02:01:23.386,1.26238,1.263,1.37,1.00
2015.02.03 02:01:23.890,1.26238,1.263,1.37,1.00
2015.02.03 02:01:26.357,1.26238,1.263,1.37,1.00
2015.02.03 02:01:27.897,1.26235,1.263,1.37,1.00
2015.02.03 02:01:28.438,1.26238,1.26301,1.37,1.00
2015.02.03 02:01:28.894,1.26241,1.26302,1.37,1.00
2015.02.03 02:01:28.945,1.26241,1.26304,1.37,1.00
2015.02.03 02:01:28.996,1.26235,1.26302,1.37,1.00
2015.02.03 02:01:29.665,1.26238,1.263,1.37,1.00
2015.02.03 02:01:30.178,1.26235,1.263,1.37,1.00
2015.02.03 02:01:31.547,1.26238,1.263,1.37,1.00
2015.02.03 02:01:31.648,1.26238,1.26302,1.37,1.00
2015.02.03 02:01:33.868,1.26236,1.26302,1.37,1.00
2015.02.03 02:01:35.899,1.26235,1.26303,1.37,1.00
2015.02.03 02:01:42.295,1.26236,1.26302,1.37,1.00
2015.02.03 02:01:44.615,1.26236,1.26303,1.37,2.25
2015.02.03 02:01:45.936,1.26236,1.26303,1.37,2.25
2015.02.03 02:01:47.146,1.26239,1.26303,1.37,2.25
2015.02.03 02:01:47.678,1.26235,1.26303,1.37,1.50
2015.02.03 02:01:48.136,1.26236,1.26303,1.37,2.25
2015.02.03 02:01:48.733,1.26236,1.26303,1.37,2.25
2015.02.03 02:01:52.120,1.26236,1.26303,1.37,1.50
2015.02.03 02:01:53.767,1.26239,1.26303,1.37,1.50
2015.02.03 02:01:53.993,1.2624,1.26303,1.37,1.50
2015.02.03 02:01:55.647,1.26237,1.26303,1.37,1.50
2015.02.03 02:01:55.749,1.26239,1.26303,1.37,1.50
2015.02.03 02:01:56.936,1.2624,1.26303,1.37,1.50
2015.02.03 02:01:59.027,1.26241,1.26303,1.37,1.50
2015.02.03 02:01:59.179,1.26239,1.26303,1.37,1.50
2015.02.03 02:02:02.468,1.26239,1.26303,1.37,1.00
2015.02.03 02:02:02.975,1.26238,1.26303,1.37,1.00
2015.02.03 02:02:03.802,1.26242,1.26303,1.37,1.00
2015.02.03 02:02:04.109,1.26246,1.26302,1.37,1.00
2015.02.03 02:02:04.396,1.2625,1.26312,1.37,1.00
2015.02.03 02:02:04.447,1.2625,1.26312,1.37,1.00
2015.02.03 02:02:04.751,1.26249,1.26312,1.37,1.00
2015.02.03 02:02:05.004,1.26252,1.26313,1.37,1.00
2015.02.03 02:02:05.106,1.26249,1.26313,1.37,1.00
2015.02.03 02:02:05.410,1.26255,1.26313,1.37,1.00
2015.02.03 02:02:05.765,1.26249,1.26313,1.37,1.00
2015.02.03 02:02:05.967,1.26248,1.26313,1.37,1.37
2015.02.03 02:02:06.271,1.2625,1.26312,1.37,1.00
2015.02.03 02:02:06.615,1.26248,1.26312,1.37,1.00
2015.02.03 02:02:06.958,1.26251,1.26312,1.37,1.00
2015.02.03 02:02:07.059,1.26252,1.26312,1.37,1.00
2015.02.03 02:02:07.414,1.26251,1.26312,1.37,1.00
2015.02.03 02:02:07.972,1.2625,1.26312,1.37,1.00
2015.02.03 02:02:08.382,1.26251,1.26309,1.37,1.00
2015.02.03 02:02:08.815,1.2625,1.26309,1.37,1.00
2015.02.03 02:02:09.036,1.26248,1.26309,1.37,1.00
2015.02.03 02:02:09.825,1.26251,1.2631,1.37,1.00
2015.02.03 02:02:09.928,1.2625,1.26312,1.37,1.00
2015.02.03 02:02:10.029,1.2625,1.26312,1.37,1.00
2015.02.03 02:02:10.186,1.26248,1.26312,1.37,1.00
2015.02.03 02:02:11.212,1.2625,1.2631,1.37,1.00
2015.02.03 02:02:11.364,1.2625,1.2631,1.37,1.00
2015.02.03 02:02:11.465,1.26244,1.26306,1.37,1.00
2015.02.03 02:02:11.769,1.26243,1.26303,1.37,1.00
2015.02.03 02:02:12.351,1.26241,1.26303,1.37,1.00
2015.02.03 02:02:12.452,1.26241,1.26303,1.37,1.00
2015.02.03 02:02:12.605,1.26241,1.26303,1.37,1.00
2015.02.03 02:02:13.546,1.26245,1.26303,1.37,1.00
2015.02.03 02:02:13.699,1.26239,1.26303,1.37,1.00
2015.02.03 02:02:14.568,1.26245,1.26303,1.37,1.00
2015.02.03 02:02:15.082,1.26247,1.26303,1.37,1.00
2015.02.03 02:02:16.229,1.26247,1.26303,1.37,1.00
2015.02.03 02:02:16.330,1.26247,1.26303,1.37,1.00
2015.02.03 02:02:16.634,1.26244,1.26303,1.37,1.00
2015.02.03 02:02:16.736,1.26241,1.26303,1.37,1.00
2015.02.03 02:02:17.299,1.26247,1.26303,1.37,1.00
2015.02.03 02:02:17.502,1.26241,1.26301,1.37,1.00
2015.02.03 02:02:17.553,1.26241,1.26301,1.37,1.00
2015.02.03 02:02:17.707,1.2624,1.26298,1.37,1.00
2015.02.03 02:02:17.757,1.2624,1.26298,1.37,1.00
2015.02.03 02:02:18.268,1.26235,1.26297,1.37,1.00
2015.02.03 02:02:18.471,1.26235,1.26299,1.37,1.00
2015.02.03 02:02:18.724,1.26235,1.26299,1.37,1.00
2015.02.03 02:02:18.926,1.26243,1.26302,1.37,1.00
2015.02.03 02:02:26.855,1.26244,1.26302,1.37,1.00
2015.02.03 02:02:27.007,1.26237,1.26302,1.37,1.00
2015.02.03 02:02:27.412,1.26241,1.26302,1.37,1.00
2015.02.03 02:02:27.564,1.26238,1.26302,1.37,1.00
2015.02.03 02:02:27.666,1.26235,1.26302,1.37,1.00
2015.02.03 02:02:27.767,1.2624,1.26302,1.37,1.00
2015.02.03 02:02:27.818,1.2624,1.26299,1.37,1.00
2015.02.03 02:02:27.869,1.2624,1.26299,1.37,1.00
2015.02.03 02:02:27.971,1.26239,1.26297,1.37,1.00
2015.02.03 02:02:28.325,1.26234,1.26296,1.37,1.00
2015.02.03 02:02:28.477,1.2623,1.26292,1.37,1.00
2015.02.03 02:02:28.781,1.26228,1.26288,1.37,1.00
2015.02.03 02:02:29.287,1.26226,1.26288,1.37,1.00
2015.02.03 02:02:29.490,1.26226,1.26292,1.37,1.00
2015.02.03 02:02:29.540,1.26226,1.26292,1.37,1.00
2015.02.03 02:02:29.591,1.26226,1.26299,1.87,1.00
2015.02.03 02:02:29.642,1.26237,1.26299,1.37,1.00
2015.02.03 02:02:29.693,1.26237,1.26301,1.37,1.00
2015.02.03 02:02:29.744,1.26239,1.26301,1.37,1.00
2015.02.03 02:02:31.476,1.26238,1.26301,1.37,1.00
2015.02.03 02:02:33.785,1.26237,1.26301,1.37,1.00
2015.02.03 02:02:34.122,1.2624,1.26304,1.37,1.00
2015.02.03 02:02:35.239,1.26238,1.26304,1.37,1.00
2015.02.03 02:02:35.435,1.2624,1.26304,1.37,1.00
2015.02.03 02:02:35.587,1.26238,1.26304,1.37,1.00
2015.02.03 02:02:37.879,1.2624,1.26304,1.37,1.00
2015.02.03 02:02:37.980,1.26237,1.26304,1.37,1.00
2015.02.03 02:02:38.884,1.26239,1.26304,1.87,1.00
2015.02.03 02:02:38.935,1.26239,1.26306,1.87,1.00
2015.02.03 02:02:38.987,1.26239,1.26306,1.37,1.00
2015.02.03 02:02:39.038,1.26239,1.26308,1.37,1.00
2015.02.03 02:02:39.089,1.26239,1.26308,1.37,1.00
2015.02.03 02:02:39.596,1.26242,1.26306,1.37,1.00
2015.02.03 02:02:41.075,1.26243,1.26306,1.37,1.00
2015.02.03 02:02:41.176,1.26239,1.26306,1.37,1.00
2015.02.03 02:02:47.563,1.26239,1.26306,1.37,1.00
2015.02.03 02:02:48.998,1.26239,1.26306,1.37,1.00
2015.02.03 02:02:49.506,1.26243,1.26305,1.37,1.00
2015.02.03 02:02:49.558,1.26239,1.26305,1.37,1.00
2015.02.03 02:02:49.659,1.26243,1.26305,1.37,1.00
2015.02.03 02:02:50.536,1.26242,1.26305,1.37,1.00
2015.02.03 02:02:51.066,1.2624,1.26305,1.37,1.00
2015.02.03 02:02:51.717,1.26241,1.26305,1.37,1.00
2015.02.03 02:02:52.046,1.26241,1.26303,1.37,1.00
2015.02.03 02:02:53.050,1.26238,1.26303,1.37,1.00
2015.02.03 02:02:53.151,1.26237,1.26303,1.37,1.00
2015.02.03 02:03:01.515,1.26241,1.26303,1.37,1.00
2015.02.03 02:03:01.665,1.2624,1.26303,1.37,1.00
2015.02.03 02:03:02.372,1.26229,1.263,1.37,1.00
2015.02.03 02:03:10.191,1.26229,1.26301,1.37,1.00
2015.02.03 02:03:15.886,1.26232,1.26303,1.37,1.00
2015.02.03 02:03:16.038,1.26232,1.26305,1.37,1.00
2015.02.03 02:03:16.139,1.26235,1.26305,1.37,1.00
2015.02.03 02:03:16.775,1.26235,1.26303,1.37,1.00
2015.02.03 02:03:16.826,1.26235,1.26303,1.37,1.00
2015.02.03 02:03:17.606,1.26231,1.26303,1.37,1.00
2015.02.03 02:03:17.708,1.26231,1.26303,1.37,1.00
2015.02.03 02:03:19.196,1.26231,1.26301,1.37,1.00
2015.02.03 02:03:22.780,1.26231,1.26301,1.37,1.00
2015.02.03 02:03:22.844,1.26231,1.26301,1.37,1.00
2015.02.03 02:03:23.746,1.26231,1.26301,1.37,1.00
2015.02.03 02:03:23.848,1.26231,1.26301,1.37,1.00
2015.02.03 02:03:25.524,1.26231,1.26301,1.37,1.00
2015.02.03 02:03:25.708,1.26231,1.26301,1.37,1.00
2015.02.03 02:03:26.835,1.26231,1.26301,1.37,1.00
2015.02.03 02:03:27.040,1.26231,1.26301,1.37,1.00
2015.02.03 02:03:28.692,1.26231,1.26301,1.37,1.00
2015.02.03 02:03:29.004,1.26231,1.26301,1.37,1.00
2015.02.03 02:03:29.885,1.26255,1.26301,0.37,1.00
2015.02.03 02:03:31.135,1.26237,1.26301,1.37,1.00
2015.02.03 02:03:31.636,1.26239,1.26301,1.37,1.00
2015.02.03 02:03:33.547,1.26239,1.26301,1.37,1.00
2015.02.03 02:03:33.903,1.26239,1.26301,1.37,1.00
2015.02.03 02:03:35.532,1.26236,1.26301,1.37,1.00
2015.02.03 02:03:35.634,1.26238,1.26301,1.37,1.00
2015.02.03 02:03:36.766,1.26241,1.26301,1.37,1.00
2015.02.03 02:03:36.817,1.26238,1.26301,1.37,1.00
2015.02.03 02:03:36.970,1.26238,1.26301,1.37,1.00
2015.02.03 02:03:37.471,1.2624,1.26301,1.37,1.00
2015.02.03 02:03:42.332,1.26238,1.26301,1.37,1.00
2015.02.03 02:03:42.434,1.26235,1.26301,1.37,1.00
2015.02.03 02:03:43.523,1.26238,1.26301,1.37,1.00
2015.02.03 02:03:44.029,1.26238,1.26301,1.37,1.00
2015.02.03 02:03:45.284,1.26238,1.26301,1.37,1.00
2015.02.03 02:03:45.815,1.26239,1.26301,1.37,1.00
2015.02.03 02:03:46.941,1.26238,1.26301,1.37,1.00
2015.02.03 02:03:48.699,1.26236,1.26301,1.37,1.00
2015.02.03 02:03:51.475,1.26236,1.26301,1.37,1.00
2015.02.03 02:03:53.564,1.26235,1.26301,1.37,1.00
2015.02.03 02:03:53.754,1.26235,1.26301,1.37,1.00
2015.02.03 02:03:56.284,1.26239,1.26301,1.37,1.00
2015.02.03 02:03:56.613,1.26235,1.26301,1.37,1.00
2015.02.03 02:03:57.528,1.26236,1.26301,1.37,1.00
2015.02.03 02:03:58.086,1.26236,1.26301,1.37,1.00
2015.02.03 02:04:08.950,1.26236,1.26301,1.37,1.00
2015.02.03 02:04:09.472,1.26239,1.26301,1.37,1.00
2015.02.03 02:04:09.924,1.26239,1.26301,1.37,1.00
2015.02.03 02:04:13.773,1.26229,1.26301,1.87,1.00
2015.02.03 02:04:14.012,1.26229,1.26301,1.37,1.00
2015.02.03 02:04:16.352,1.26229,1.26301,1.37,1.00
2015.02.03 02:04:19.856,1.26229,1.26301,1.37,1.00
2015.02.03 02:04:21.253,1.26229,1.26301,1.37,1.00
2015.02.03 02:04:21.374,1.26229,1.26301,1.37,1.00
2015.02.03 02:04:22.793,1.26229,1.26301,1.87,1.00
2015.02.03 02:04:24.259,1.26229,1.26301,1.37,1.00
2015.02.03 02:04:24.310,1.26229,1.26299,1.37,1.00
2015.02.03 02:04:24.816,1.26229,1.26299,1.37,1.00
2015.02.03 02:04:28.442,1.26229,1.26299,1.87,1.00
2015.02.03 02:04:28.999,1.26229,1.26299,1.37,1.00
2015.02.03 02:04:30.713,1.26229,1.26299,1.37,1.00
2015.02.03 02:04:32.047,1.26228,1.26299,1.87,1.00
2015.02.03 02:04:32.685,1.26228,1.26299,1.87,1.00
2015.02.03 02:04:33.804,1.26228,1.26299,1.37,1.00
2015.02.03 02:04:34.158,1.26228,1.26299,1.37,1.00
2015.02.03 02:04:35.442,1.26228,1.26299,1.37,1.00
2015.02.03 02:04:35.975,1.26228,1.26299,1.37,1.37
2015.02.03 02:04:36.370,1.26228,1.26299,1.87,1.00
2015.02.03 02:04:36.472,1.26228,1.26299,1.87,1.00
2015.02.03 02:04:37.426,1.26228,1.26299,1.87,1.50
2015.02.03 02:04:37.578,1.26228,1.26299,1.37,1.00
2015.02.03 02:04:37.983,1.26228,1.26299,1.37,1.37
2015.02.03 02:04:38.085,1.26228,1.26299,1.87,1.00
2015.02.03 02:04:38.653,1.26228,1.26299,1.37,1.00
2015.02.03 02:04:38.756,1.26228,1.26299,1.87,1.00
2015.02.03 02:04:39.747,1.26228,1.26299,1.87,1.00
2015.02.03 02:04:39.848,1.26228,1.26299,1.37,1.00
2015.02.03 02:04:41.164,1.26228,1.26299,1.37,1.00
2015.02.03 02:04:41.790,1.26228,1.26299,1.87,1.00
2015.02.03 02:04:42.161,1.26228,1.26299,1.87,1.00
2015.02.03 02:04:42.262,1.26228,1.26299,1.37,1.00
2015.02.03 02:04:43.365,1.26228,1.26299,1.87,1.00
2015.02.03 02:04:44.573,1.26228,1.26299,1.37,1.00
2015.02.03 02:04:46.004,1.26228,1.26299,1.87,1.00
2015.02.03 02:04:46.564,1.26228,1.26299,1.87,1.00
2015.02.03 02:04:47.213,1.26228,1.26299,1.87,1.00
2015.02.03 02:04:49.633,1.26228,1.26299,1.37,1.00
2015.02.03 02:04:49.785,1.2623,1.26299,1.37,1.00
2015.02.03 02:04:49.886,1.26232,1.26299,1.37,1.00
2015.02.03 02:04:50.393,1.26231,1.26299,1.37,1.00
2015.02.03 02:04:50.444,1.26231,1.26299,1.37,1.00
2015.02.03 02:04:50.545,1.26228,1.26299,1.37,1.00
2015.02.03 02:04:50.879,1.26228,1.26299,1.37,1.00
2015.02.03 02:04:50.981,1.26228,1.26299,1.37,1.00
2015.02.03 02:04:51.172,1.26231,1.26299,1.37,1.00
2015.02.03 02:04:51.403,1.2623,1.26299,1.37,1.00
2015.02.03 02:04:51.612,1.2623,1.26299,1.37,1.00
2015.02.03 02:04:52.747,1.26231,1.26299,1.37,1.00
2015.02.03 02:04:52.933,1.26231,1.26299,1.37,1.00
2015.02.03 02:04:53.385,1.26228,1.26299,1.37,1.00
2015.02.03 02:04:53.813,1.26228,1.26299,1.37,1.00
2015.02.03 02:04:54.058,1.2623,1.26299,1.37,1.00
2015.02.03 02:04:54.581,1.26228,1.26299,1.37,1.00
2015.02.03 02:04:55.242,1.26228,1.26299,1.37,1.00
2015.02.03 02:04:55.352,1.26228,1.26299,1.37,1.00
2015.02.03 02:04:56.613,1.26228,1.26299,1.37,1.00
2015.02.03 02:04:56.819,1.26228,1.26299,1.37,1.00
2015.02.03 02:04:58.345,1.26228,1.26299,1.37,1.00
2015.02.03 02:04:58.447,1.2623,1.26299,1.37,1.00
2015.02.03 02:04:58.548,1.2623,1.26299,1.37,1.00
2015.02.03 02:04:58.655,1.26231,1.26301,1.37,1.00
2015.02.03 02:04:58.960,1.26233,1.26303,1.37,1.00
2015.02.03 02:04:59.264,1.26236,1.26303,1.37,1.00
2015.02.03 02:05:07.490,1.26232,1.26303,1.87,1.00
2015.02.03 02:05:07.905,1.26259,1.26303,0.37,1.00
2015.02.03 02:05:08.006,1.26243,1.26303,1.37,1.00
2015.02.03 02:05:08.159,1.26238,1.26303,1.37,1.00
2015.02.03 02:05:08.802,1.26243,1.26303,1.37,1.00
2015.02.03 02:05:09.469,1.26237,1.26303,1.37,1.00
2015.02.03 02:05:09.571,1.26237,1.26303,1.37,1.00
2015.02.03 02:05:10.679,1.26244,1.26303,1.37,1.00
2015.02.03 02:05:10.781,1.26237,1.26303,1.37,1.00
2015.02.03 02:05:12.854,1.26244,1.26304,1.37,1.00
2015.02.03 02:05:13.137,1.26243,1.26307,1.37,1.00
2015.02.03 02:05:13.392,1.26243,1.26307,1.37,1.00
2015.02.03 02:05:13.546,1.26238,1.26307,1.87,1.00
2015.02.03 02:05:14.118,1.26244,1.26306,1.37,1.00
2015.02.03 02:05:14.321,1.26243,1.26306,1.37,1.00
2015.02.03 02:05:14.521,1.26244,1.26306,1.37,1.00
2015.02.03 02:05:17.903,1.26243,1.26306,1.37,1.00
2015.02.03 02:05:18.242,1.26244,1.26306,1.37,1.00
2015.02.03 02:05:18.454,1.26243,1.26304,1.37,1.00
2015.02.03 02:05:18.759,1.26243,1.26305,1.37,1.00
2015.02.03 02:05:19.591,1.26243,1.26305,1.37,1.00
2015.02.03 02:05:19.693,1.26243,1.26305,1.37,1.00
2015.02.03 02:05:20.024,1.26239,1.26305,1.87,1.00
2015.02.03 02:05:20.230,1.26239,1.26305,1.37,1.00
2015.02.03 02:05:20.892,1.26241,1.26305,1.37,1.00
2015.02.03 02:05:23.952,1.2624,1.26305,1.37,1.00
2015.02.03 02:05:24.193,1.26239,1.26305,1.37,1.00
2015.02.03 02:05:24.701,1.26239,1.26306,1.87,1.00
2015.02.03 02:05:28.146,1.2624,1.26306,1.37,1.00
2015.02.03 02:05:29.163,1.26239,1.26306,1.37,1.00
2015.02.03 02:05:29.214,1.26238,1.26304,1.37,1.00
2015.02.03 02:05:30.742,1.26236,1.26302,1.37,1.00
2015.02.03 02:05:32.691,1.26238,1.26302,1.37,1.00
2015.02.03 02:05:32.852,1.26238,1.26305,1.37,1.00
2015.02.03 02:05:33.742,1.26237,1.26305,1.87,1.00
2015.02.03 02:05:34.182,1.26241,1.26305,1.37,1.00
2015.02.03 02:05:35.634,1.26238,1.26305,1.37,1.00
2015.02.03 02:05:35.970,1.26237,1.26306,1.87,1.00
2015.02.03 02:05:38.522,1.26238,1.26306,1.37,1.00
2015.02.03 02:05:39.046,1.26237,1.26306,1.87,1.00
2015.02.03 02:05:39.461,1.26237,1.26306,1.87,1.00
2015.02.03 02:05:41.045,1.26241,1.26306,1.37,1.37
2015.02.03 02:05:41.561,1.26237,1.26306,1.37,1.37
2015.02.03 02:05:44.983,1.26237,1.26306,1.37,1.37
2015.02.03 02:05:49.362,1.26237,1.26306,1.37,1.37
2015.02.03 02:05:52.361,1.26238,1.26307,1.37,1.37
2015.02.03 02:06:02.831,1.26239,1.26307,1.37,1.37
2015.02.03 02:06:04.437,1.26238,1.26307,1.37,1.37
2015.02.03 02:06:08.547,1.2624,1.26307,1.37,1.37
2015.02.03 02:06:08.648,1.2624,1.26307,1.37,1.37
2015.02.03 02:06:08.960,1.2624,1.26307,1.37,1.37
2015.02.03 02:06:09.308,1.2624,1.26307,1.37,1.37
2015.02.03 02:06:09.716,1.2624,1.26307,1.37,1.37
2015.02.03 02:06:10.371,1.2624,1.26307,1.37,1.37
2015.02.03 02:06:11.257,1.2624,1.26307,1.37,1.37
2015.02.03 02:06:11.409,1.2624,1.26307,1.37,1.37
2015.02.03 02:06:11.713,1.2624,1.26307,1.37,1.37
2015.02.03 02:06:12.017,1.2624,1.26307,1.37,1.37
2015.02.03 02:06:13.172,1.2624,1.26307,1.37,1.37
2015.02.03 02:06:13.274,1.2624,1.26307,1.37,1.37
2015.02.03 02:06:13.852,1.2624,1.26307,1.37,1.37
2015.02.03 02:06:14.551,1.2624,1.26307,1.37,1.37
2015.02.03 02:06:15.245,1.2624,1.26307,1.37,1.37
2015.02.03 02:06:15.660,1.2624,1.26307,1.37,1.37
2015.02.03 02:06:15.762,1.2624,1.26307,1.37,1.37
2015.02.03 02:06:16.674,1.2624,1.26307,1.37,1.37
2015.02.03 02:06:17.006,1.2624,1.26307,1.37,1.37
2015.02.03 02:06:22.621,1.2624,1.26307,1.37,1.37
2015.02.03 02:06:24.233,1.2624,1.26307,1.37,1.37
2015.02.03 02:06:24.385,1.2624,1.26307,1.37,1.37
2015.02.03 02:06:24.487,1.2624,1.26307,1.37,1.37
2015.02.03 02:06:25.237,1.2624,1.26307,1.37,1.37
2015.02.03 02:06:25.338,1.2624,1.26307,1.37,1.37
2015.02.03 02:06:26.321,1.2624,1.26307,1.37,1.37
2015.02.03 02:06:32.392,1.2624,1.26308,1.37,1.37
2015.02.03 02:06:36.593,1.2624,1.26308,1.37,1.37
2015.02.03 02:06:36.694,1.2624,1.26308,1.37,1.37
2015.02.03 02:06:36.881,1.2624,1.26308,1.37,1.37
2015.02.03 02:06:37.393,1.2624,1.26308,1.37,1.37
2015.02.03 02:06:38.357,1.2624,1.26308,1.37,1.37
2015.02.03 02:06:40.667,1.26238,1.26305,1.37,1.37
2015.02.03 02:06:41.731,1.26238,1.26305,1.37,1.37
2015.02.03 02:06:42.054,1.26238,1.26305,1.37,1.37
2015.02.03 02:06:42.524,1.26238,1.26305,1.37,1.37
2015.02.03 02:06:42.626,1.26238,1.26305,1.37,1.37
2015.02.03 02:06:42.829,1.26238,1.26305,1.37,1.37
2015.02.03 02:06:51.419,1.26234,1.26303,1.37,1.37
2015.02.03 02:06:52.615,1.26232,1.26303,1.37,1.37
2015.02.03 02:06:52.768,1.26232,1.26303,1.37,1.37
2015.02.03 02:06:58.550,1.26232,1.26303,1.37,1.37
2015.02.03 02:06:58.894,1.26232,1.26303,1.37,1.37
2015.02.03 02:06:59.881,1.26232,1.26303,1.37,1.37
2015.02.03 02:07:00.978,1.26232,1.26303,1.87,1.37
2015.02.03 02:07:01.491,1.26232,1.26303,1.87,1.37
2015.02.03 02:07:02.180,1.26233,1.26303,1.37,1.37
2015.02.03 02:07:03.170,1.26232,1.26303,1.37,1.37
2015.02.03 02:07:04.273,1.26232,1.26303,1.37,1.37
2015.02.03 02:07:04.780,1.26233,1.26303,1.37,1.37
2015.02.03 02:07:05.090,1.26245,1.26303,1.87,1.37
2015.02.03 02:07:05.394,1.26267,1.26307,1.37,1.00
2015.02.03 02:07:05.496,1.26267,1.2632,1.37,1.80
2015.02.03 02:07:05.597,1.26258,1.2632,1.37,1.37
2015.02.03 02:07:05.749,1.26258,1.2632,1.37,1.37
2015.02.03 02:07:06.054,1.26258,1.2632,1.37,1.37
2015.02.03 02:07:06.256,1.26258,1.2632,1.37,1.37
2015.02.03 02:07:07.256,1.26258,1.2632,1.37,1.37
2015.02.03 02:07:07.616,1.26258,1.2632,1.37,1.37
2015.02.03 02:07:08.781,1.26258,1.2632,1.37,1.37
2015.02.03 02:07:09.042,1.26258,1.2632,1.37,1.37
2015.02.03 02:07:09.341,1.26254,1.2632,2.62,1.50
2015.02.03 02:07:10.005,1.26255,1.2632,1.87,1.87
2015.02.03 02:07:10.106,1.26257,1.2632,1.37,1.87
2015.02.03 02:07:11.203,1.26255,1.2632,1.37,1.87
2015.02.03 02:07:11.310,1.26257,1.2632,1.37,1.87
2015.02.03 02:07:12.190,1.26254,1.2632,1.87,1.87
2015.02.03 02:07:12.410,1.26257,1.2632,1.37,1.37
2015.02.03 02:07:13.754,1.26254,1.2632,1.87,1.37
2015.02.03 02:07:14.485,1.26255,1.2632,1.37,1.37
2015.02.03 02:07:15.616,1.26254,1.2632,1.87,1.37
2015.02.03 02:07:16.122,1.2626,1.26324,1.37,1.37
2015.02.03 02:07:16.627,1.26258,1.26322,1.37,1.37
2015.02.03 02:07:17.056,1.26258,1.26322,1.37,1.37
2015.02.03 02:07:17.158,1.26257,1.26322,1.87,1.37
2015.02.03 02:07:18.461,1.26257,1.26322,1.37,1.37
2015.02.03 02:07:18.613,1.26257,1.26322,1.87,1.00
2015.02.03 02:07:20.060,1.26263,1.2632,1.37,1.00
2015.02.03 02:07:20.364,1.26264,1.26321,1.37,1.00
2015.02.03 02:07:20.465,1.26264,1.26321,1.37,1.00
2015.02.03 02:07:21.750,1.26264,1.26322,1.37,1.00
2015.02.03 02:07:22.262,1.26263,1.2632,1.37,1.00
2015.02.03 02:07:23.211,1.26264,1.2632,1.37,1.00
2015.02.03 02:07:23.413,1.26262,1.26321,1.37,1.87
2015.02.03 02:07:24.183,1.26263,1.26321,1.37,1.87
2015.02.03 02:07:24.437,1.26262,1.26321,1.37,1.87
2015.02.03 02:07:25.619,1.26263,1.26319,1.37,1.00
2015.02.03 02:07:25.670,1.26264,1.26321,1.37,1.00
2015.02.03 02:07:25.721,1.26264,1.26321,1.37,1.00
2015.02.03 02:07:26.061,1.26263,1.2632,1.37,1.00
2015.02.03 02:07:26.270,1.26264,1.26321,1.37,1.00
2015.02.03 02:07:26.963,1.26264,1.26321,1.37,1.00
2015.02.03 02:07:27.064,1.26264,1.26321,1.37,1.00
2015.02.03 02:07:29.045,1.26264,1.26321,1.37,1.00
2015.02.03 02:07:29.147,1.26263,1.26321,1.37,1.00
2015.02.03 02:07:29.248,1.26264,1.26321,1.37,1.00
2015.02.03 02:07:29.552,1.26265,1.26323,1.37,1.00
2015.02.03 02:07:30.059,1.26264,1.26323,1.37,1.00
2015.02.03 02:07:30.449,1.26265,1.26323,1.37,1.00
2015.02.03 02:07:30.571,1.26265,1.26323,1.37,1.00
2015.02.03 02:07:31.232,1.2627,1.26324,1.37,1.00
2015.02.03 02:07:31.334,1.2627,1.26324,1.37,1.00
2015.02.03 02:07:31.436,1.2627,1.26326,1.37,1.00
2015.02.03 02:07:32.044,1.26269,1.26326,1.37,1.00
2015.02.03 02:07:32.573,1.2627,1.26326,1.37,1.00
2015.02.03 02:07:33.772,1.2627,1.26326,1.37,1.00
2015.02.03 02:07:33.874,1.2627,1.26326,1.37,1.00
2015.02.03 02:07:35.194,1.26269,1.26326,1.37,1.00
2015.02.03 02:07:35.819,1.26271,1.26328,1.37,1.00
2015.02.03 02:07:36.279,1.26271,1.26328,1.37,1.00
2015.02.03 02:07:36.615,1.2627,1.26327,1.37,1.50
2015.02.03 02:07:37.314,1.26275,1.26327,1.37,1.50
2015.02.03 02:07:37.618,1.26275,1.2633,1.37,1.50
2015.02.03 02:07:39.818,1.26274,1.2633,1.37,1.00
2015.02.03 02:07:43.114,1.26275,1.2633,1.37,1.00
2015.02.03 02:07:43.980,1.26275,1.2633,1.37,1.00
2015.02.03 02:07:44.091,1.26275,1.26322,1.37,1.00
2015.02.03 02:07:44.548,1.26265,1.26322,1.37,1.00
2015.02.03 02:07:46.218,1.26265,1.26322,1.37,1.00
2015.02.03 02:07:46.725,1.26267,1.26324,1.37,1.00
2015.02.03 02:07:46.979,1.26265,1.26322,1.37,1.00
2015.02.03 02:07:47.740,1.26266,1.26324,1.37,1.00
2015.02.03 02:07:48.290,1.26264,1.26324,1.37,1.00
2015.02.03 02:07:48.391,1.26264,1.26322,1.37,1.00
2015.02.03 02:07:49.170,1.26263,1.26322,1.37,1.00
2015.02.03 02:07:49.474,1.26263,1.2632,1.37,1.00
2015.02.03 02:07:49.727,1.26264,1.26319,1.37,1.00
2015.02.03 02:07:49.829,1.26257,1.26314,1.37,1.00
2015.02.03 02:07:49.931,1.26257,1.26314,1.37,1.00
2015.02.03 02:07:50.185,1.26253,1.26314,1.37,1.00
2015.02.03 02:07:50.590,1.26254,1.26314,1.37,1.00
2015.02.03 02:07:50.844,1.26247,1.26314,1.87,1.00
2015.02.03 02:07:51.691,1.26254,1.26314,1.37,1.00
2015.02.03 02:07:51.792,1.26254,1.26314,1.37,1.00
2015.02.03 02:07:55.440,1.26254,1.26314,1.37,1.00
2015.02.03 02:07:55.543,1.26249,1.26314,1.37,1.00
2015.02.03 02:07:56.180,1.26254,1.26315,1.37,1.00
2015.02.03 02:07:56.433,1.26256,1.26315,1.37,1.00
2015.02.03 02:07:56.535,1.2625,1.26315,1.37,1.00
2015.02.03 02:07:57.616,1.26255,1.26314,1.37,1.00
2015.02.03 02:07:58.176,1.26254,1.26316,1.37,1.00
2015.02.03 02:08:00.720,1.26256,1.26316,1.37,1.00
2015.02.03 02:08:00.822,1.26255,1.26314,1.37,1.00
2015.02.03 02:08:05.654,1.26254,1.26316,1.37,1.00
2015.02.03 02:08:12.710,1.26256,1.26316,1.37,1.00
2015.02.03 02:08:13.251,1.26262,1.26317,1.37,1.00
2015.02.03 02:08:13.353,1.26262,1.26317,1.37,1.00
2015.02.03 02:08:13.876,1.26259,1.26317,1.37,1.00
2015.02.03 02:08:14.029,1.2626,1.26316,1.37,1.00
2015.02.03 02:08:14.130,1.26252,1.26316,1.37,1.00
2015.02.03 02:08:14.232,1.26254,1.26319,1.37,1.00
2015.02.03 02:08:14.334,1.26253,1.26322,1.87,1.00
2015.02.03 02:08:14.385,1.26253,1.26322,1.87,1.00
2015.02.03 02:08:14.587,1.26256,1.26322,1.37,1.00
2015.02.03 02:08:14.689,1.26257,1.26322,1.37,1.00
2015.02.03 02:08:16.540,1.26258,1.26322,1.37,1.00
2015.02.03 02:08:16.742,1.2626,1.26325,1.37,1.00
2015.02.03 02:08:17.248,1.26262,1.26325,1.37,1.00
2015.02.03 02:08:17.752,1.26262,1.26326,1.37,1.00
2015.02.03 02:08:18.276,1.26262,1.26326,1.37,1.00
2015.02.03 02:08:18.429,1.26262,1.26326,1.37,1.00
2015.02.03 02:08:18.935,1.26259,1.26325,1.37,1.00
2015.02.03 02:08:19.188,1.26259,1.26325,1.37,1.00
2015.02.03 02:08:19.735,1.26259,1.26325,1.37,1.00
2015.02.03 02:08:20.395,1.26262,1.26326,1.37,1.00
2015.02.03 02:08:20.859,1.26262,1.26326,1.37,1.00
2015.02.03 02:08:21.628,1.26262,1.26326,1.37,1.00
2015.02.03 02:08:23.889,1.26261,1.26329,1.37,1.00
2015.02.03 02:08:28.685,1.26272,1.26329,1.37,1.00
2015.02.03 02:08:28.955,1.26277,1.26329,1.00,1.00
2015.02.03 02:08:29.260,1.2628,1.26329,1.12,1.00
2015.02.03 02:08:29.562,1.26282,1.26329,1.00,1.00
2015.02.03 02:08:30.268,1.26283,1.26329,1.00,1.00
2015.02.03 02:08:30.571,1.26281,1.26329,1.37,1.50
2015.02.03 02:08:30.875,1.26278,1.26324,1.37,1.00
2015.02.03 02:08:35.496,1.26284,1.26324,1.37,1.00
2015.02.03 02:08:35.598,1.26284,1.26325,1.37,1.00
2015.02.03 02:08:35.699,1.26284,1.26328,1.37,1.00
2015.02.03 02:08:37.115,1.26272,1.26328,1.37,1.00
2015.02.03 02:08:38.472,1.26276,1.26328,1.37,1.00
2015.02.03 02:08:38.573,1.26274,1.26328,1.37,1.00
2015.02.03 02:08:38.873,1.26274,1.26328,1.37,1.00
2015.02.03 02:08:38.974,1.26265,1.26326,1.37,1.00
2015.02.03 02:08:39.278,1.26264,1.26323,1.37,1.00
2015.02.03 02:08:39.531,1.26265,1.26325,1.37,1.00
2015.02.03 02:08:39.997,1.26258,1.26324,1.37,1.00
2015.02.03 02:08:40.098,1.26262,1.26324,1.37,1.00
2015.02.03 02:08:40.209,1.26261,1.26324,1.37,1.00
2015.02.03 02:08:40.415,1.26261,1.26324,1.37,1.00
2015.02.03 02:08:41.321,1.26256,1.26324,1.37,1.00
2015.02.03 02:08:41.646,1.26256,1.26324,1.37,1.00
2015.02.03 02:08:41.952,1.26262,1.26322,1.37,1.00
2015.02.03 02:08:45.393,1.26262,1.26322,1.37,1.00
2015.02.03 02:08:45.697,1.26262,1.26325,1.37,1.00
2015.02.03 02:08:45.916,1.26262,1.26322,1.37,1.00
2015.02.03 02:08:46.238,1.26262,1.26322,1.37,1.00
2015.02.03 02:08:46.360,1.26262,1.26322,1.37,1.00
2015.02.03 02:08:46.613,1.26262,1.26322,1.37,1.00
2015.02.03 02:08:49.011,1.26255,1.26322,1.37,1.00
2015.02.03 02:08:49.213,1.26255,1.26322,1.37,1.00
2015.02.03 02:08:49.365,1.26261,1.26322,1.37,1.00
2015.02.03 02:08:49.466,1.26261,1.26322,1.37,1.00
2015.02.03 02:08:49.909,1.26255,1.26322,1.37,1.00
2015.02.03 02:08:50.113,1.26261,1.26322,1.37,1.00
2015.02.03 02:08:50.315,1.26257,1.26321,1.37,1.00
2015.02.03 02:08:50.569,1.26251,1.26321,1.87,1.00
2015.02.03 02:08:51.326,1.26251,1.26321,1.37,1.00
2015.02.03 02:08:51.848,1.26256,1.26321,1.37,1.00
2015.02.03 02:08:52.084,1.26256,1.26321,1.37,1.00
2015.02.03 02:08:52.288,1.26256,1.26321,1.37,1.00
2015.02.03 02:08:53.281,1.26257,1.26321,1.37,1.00
2015.02.03 02:08:53.500,1.26257,1.26321,1.37,1.00
2015.02.03 02:08:53.840,1.26251,1.26321,1.37,1.00
2015.02.03 02:08:54.066,1.26251,1.26321,1.37,1.00
2015.02.03 02:08:54.315,1.26257,1.26321,1.37,1.00
2015.02.03 02:08:54.488,1.26257,1.26321,1.37,1.00
2015.02.03 02:08:55.788,1.2625,1.26318,1.37,1.00
2015.02.03 02:08:56.468,1.2625,1.26318,1.37,1.00
2015.02.03 02:08:56.688,1.26257,1.26318,1.37,1.00
2015.02.03 02:08:56.910,1.2625,1.26318,1.37,1.00
2015.02.03 02:08:57.165,1.26256,1.26318,1.37,1.00
2015.02.03 02:09:00.361,1.26256,1.26318,1.37,1.00
2015.02.03 02:09:00.564,1.26257,1.26318,1.37,1.00
2015.02.03 02:09:01.638,1.26251,1.26318,1.37,1.00
2015.02.03 02:09:01.884,1.26257,1.26318,1.37,1.00
2015.02.03 02:09:02.083,1.26251,1.26318,1.37,1.00
2015.02.03 02:09:02.185,1.26257,1.2632,1.37,1.00
2015.02.03 02:09:02.337,1.26256,1.2632,1.37,1.00
2015.02.03 02:09:02.438,1.26257,1.2632,1.37,1.00
2015.02.03 02:09:02.787,1.26262,1.2632,1.37,1.00
2015.02.03 02:09:02.889,1.26261,1.26321,1.37,1.00
2015.02.03 02:09:02.990,1.26255,1.26321,1.37,1.00
2015.02.03 02:09:03.410,1.26266,1.26323,1.37,1.00
2015.02.03 02:09:04.298,1.26265,1.26323,1.37,1.00
2015.02.03 02:09:07.589,1.26268,1.26323,1.37,1.00
2015.02.03 02:09:08.103,1.26268,1.26324,1.37,1.00
2015.02.03 02:09:09.338,1.26268,1.26324,1.37,1.00
2015.02.03 02:09:09.937,1.2627,1.26324,1.37,1.00
2015.02.03 02:09:10.040,1.26266,1.26324,1.37,1.00
2015.02.03 02:09:10.344,1.26266,1.26324,1.37,1.00
2015.02.03 02:09:10.597,1.2626,1.26324,1.37,1.00
2015.02.03 02:09:10.901,1.26267,1.26324,1.37,1.00
2015.02.03 02:09:11.003,1.26267,1.26328,1.37,1.12
2015.02.03 02:09:13.617,1.26275,1.26333,1.37,1.00
2015.02.03 02:09:13.668,1.26275,1.26333,1.37,1.00
2015.02.03 02:09:13.719,1.26273,1.26335,1.37,1.00
2015.02.03 02:09:13.871,1.26273,1.26335,1.37,1.00
2015.02.03 02:09:14.511,1.2628,1.26335,1.37,1.00
2015.02.03 02:09:15.018,1.26277,1.26335,1.37,1.00
2015.02.03 02:09:15.271,1.26277,1.26338,1.37,1.00
2015.02.03 02:09:15.423,1.26281,1.26338,1.37,1.00
2015.02.03 02:09:15.928,1.26279,1.26337,1.37,1.00
2015.02.03 02:09:18.628,1.26279,1.26337,1.37,1.00
2015.02.03 02:09:18.678,1.2628,1.2634,1.37,1.00
2015.02.03 02:09:18.729,1.2628,1.2634,1.37,1.00
2015.02.03 02:09:19.266,1.26282,1.2634,1.37,1.00
2015.02.03 02:09:19.987,1.26283,1.26337,1.37,1.00
2015.02.03 02:09:20.139,1.26283,1.26337,1.37,1.00
2015.02.03 02:09:20.241,1.2628,1.2634,1.37,1.00
2015.02.03 02:09:25.080,1.2628,1.2634,1.37,1.00
2015.02.03 02:09:25.637,1.2628,1.2634,1.37,1.00
2015.02.03 02:09:26.198,1.26279,1.2634,1.37,1.00
2015.02.03 02:09:26.350,1.26279,1.2634,1.37,1.00
2015.02.03 02:09:27.739,1.2628,1.2634,1.37,1.00
2015.02.03 02:09:27.891,1.2628,1.2634,1.37,1.00
2015.02.03 02:09:28.520,1.2628,1.2634,1.37,1.00
2015.02.03 02:09:29.049,1.26281,1.2634,1.37,1.00
2015.02.03 02:09:33.792,1.26281,1.2634,1.37,1.00
2015.02.03 02:09:34.447,1.26279,1.2634,1.37,1.00
2015.02.03 02:09:34.557,1.26279,1.2634,1.37,1.00
2015.02.03 02:09:35.018,1.26282,1.2634,1.37,1.00
2015.02.03 02:09:35.882,1.26282,1.2634,1.37,1.00
2015.02.03 02:09:36.100,1.26284,1.2634,1.37,1.00
2015.02.03 02:09:38.589,1.26283,1.26341,1.37,1.00
2015.02.03 02:09:39.129,1.26283,1.26341,1.37,1.00
2015.02.03 02:09:39.947,1.26284,1.26343,1.37,1.00
2015.02.03 02:09:40.455,1.26285,1.26343,1.37,1.00
2015.02.03 02:09:40.862,1.26285,1.26343,1.37,1.00
2015.02.03 02:09:40.965,1.26283,1.26343,1.37,1.00
2015.02.03 02:09:41.863,1.26284,1.26343,1.37,1.00
2015.02.03 02:09:41.965,1.26283,1.26343,1.37,1.00
2015.02.03 02:09:45.475,1.26284,1.26343,1.37,1.00
2015.02.03 02:09:47.207,1.26283,1.26343,1.37,1.00
2015.02.03 02:09:49.548,1.26284,1.26343,1.37,1.00
2015.02.03 02:09:49.599,1.26285,1.26341,1.37,1.00
2015.02.03 02:09:50.137,1.26283,1.26341,1.37,1.00
2015.02.03 02:09:51.387,1.26283,1.26341,1.37,1.00
2015.02.03 02:09:51.489,1.26283,1.26343,1.37,1.00
2015.02.03 02:09:52.022,1.26285,1.26343,1.37,1.00
2015.02.03 02:09:52.267,1.26285,1.26343,1.37,1.00
2015.02.03 02:09:52.746,1.26287,1.26344,1.37,1.00
2015.02.03 02:09:53.828,1.26287,1.26344,1.37,1.00
2015.02.03 02:09:54.275,1.26286,1.26344,1.37,1.00
2015.02.03 02:09:54.479,1.26288,1.26344,1.37,1.00
2015.02.03 02:10:02.930,1.26287,1.26342,1.37,1.00
2015.02.03 02:10:03.537,1.26287,1.26342,1.37,1.00
2015.02.03 02:10:03.842,1.26286,1.26344,1.37,1.00
2015.02.03 02:10:04.149,1.26288,1.26344,1.37,1.00
2015.02.03 02:10:04.404,1.26288,1.26344,1.37,1.00
2015.02.03 02:10:05.579,1.26287,1.26344,1.37,1.00
2015.02.03 02:10:07.140,1.26288,1.26344,1.37,1.00
2015.02.03 02:10:07.497,1.26288,1.26343,1.37,1.00
2015.02.03 02:10:07.751,1.26288,1.26347,1.37,1.00
2015.02.03 02:10:07.802,1.26289,1.26347,1.37,1.00
2015.02.03 02:10:08.005,1.26293,1.26348,1.37,1.00
2015.02.03 02:10:08.107,1.26293,1.26351,1.37,1.00
2015.02.03 02:10:08.533,1.26293,1.26349,1.37,1.00
2015.02.03 02:10:08.735,1.26294,1.26347,1.37,1.00
2015.02.03 02:10:08.787,1.26294,1.26347,1.37,1.00
2015.02.03 02:10:08.989,1.26291,1.26349,1.37,1.00
2015.02.03 02:10:09.293,1.26292,1.26349,1.37,1.00
2015.02.03 02:10:09.705,1.26293,1.26349,1.37,1.00
2015.02.03 02:10:13.868,1.26294,1.26349,1.37,1.00
2015.02.03 02:10:18.151,1.26293,1.26349,1.37,1.00
2015.02.03 02:10:18.202,1.26293,1.26351,1.37,1.00
2015.02.03 02:10:21.642,1.26294,1.26351,1.37,1.00
2015.02.03 02:10:21.845,1.26291,1.26349,1.37,1.00
2015.02.03 02:10:22.152,1.26291,1.26349,1.37,1.00
2015.02.03 02:10:22.758,1.2629,1.26349,1.37,1.00
2015.02.03 02:10:23.297,1.26291,1.26348,1.37,1.00
2015.02.03 02:10:24.436,1.26291,1.26348,1.37,1.00
2015.02.03 02:10:24.588,1.26295,1.26352,1.37,1.00
2015.02.03 02:10:25.490,1.26295,1.2635,1.37,1.00
2015.02.03 02:10:25.794,1.26291,1.26346,1.37,1.00
2015.02.03 02:10:25.946,1.26291,1.26346,1.37,1.00
2015.02.03 02:10:25.997,1.26291,1.26343,1.37,1.00
2015.02.03 02:10:26.149,1.2629,1.26343,1.37,1.00
2015.02.03 02:10:26.869,1.26287,1.26346,1.37,1.00
2015.02.03 02:10:27.072,1.26288,1.26346,1.37,1.00
2015.02.03 02:10:27.224,1.26292,1.26352,1.37,1.00
2015.02.03 02:10:27.275,1.26292,1.26352,1.37,1.00
2015.02.03 02:10:28.041,1.26294,1.26352,1.37,1.00
2015.02.03 02:10:29.241,1.26293,1.26352,1.37,1.00
2015.02.03 02:10:29.444,1.26299,1.26362,1.37,1.00
2015.02.03 02:10:29.495,1.26305,1.26362,1.37,1.00
2015.02.03 02:10:29.596,1.26303,1.26362,1.37,1.00
2015.02.03 02:10:29.952,1.26306,1.26364,1.37,1.00
2015.02.03 02:10:30.764,1.26307,1.26363,1.37,1.00
2015.02.03 02:10:30.916,1.26306,1.26363,1.37,1.00
2015.02.03 02:10:31.069,1.26305,1.26361,1.37,1.00
2015.02.03 02:10:31.119,1.26305,1.26361,1.37,1.00
2015.02.03 02:10:31.221,1.26302,1.26361,1.37,1.00
2015.02.03 02:10:31.322,1.26304,1.26361,1.37,1.00
2015.02.03 02:10:32.262,1.26303,1.26359,1.37,1.00
2015.02.03 02:10:32.617,1.26303,1.26363,1.37,1.00
2015.02.03 02:10:33.736,1.26303,1.26356,1.37,1.00
2015.02.03 02:10:33.960,1.26303,1.26356,1.37,1.00
2015.02.03 02:10:34.011,1.26299,1.2636,1.37,1.00
2015.02.03 02:10:34.163,1.26309,1.26363,1.37,1.00
2015.02.03 02:10:34.214,1.26309,1.26363,1.37,1.00
2015.02.03 02:10:34.417,1.26307,1.26363,1.37,1.00
2015.02.03 02:10:35.063,1.26305,1.26363,1.37,1.00
2015.02.03 02:10:35.165,1.26305,1.2636,1.37,1.00
2015.02.03 02:10:35.469,1.26305,1.26364,1.37,1.00
2015.02.03 02:10:39.562,1.26307,1.26365,1.37,1.00
2015.02.03 02:10:40.580,1.26308,1.26365,1.37,1.00
2015.02.03 02:10:40.939,1.26307,1.26365,1.37,1.00
2015.02.03 02:10:42.241,1.26296,1.26365,1.37,1.00
2015.02.03 02:10:42.394,1.26296,1.26368,1.37,1.00
2015.02.03 02:10:42.546,1.26298,1.26368,1.37,1.00
2015.02.03 02:10:42.849,1.26301,1.26368,1.37,1.00
2015.02.03 02:10:43.023,1.263,1.26368,1.37,1.00
2015.02.03 02:10:43.428,1.263,1.26368,1.37,1.00
2015.02.03 02:10:44.238,1.263,1.26368,1.37,1.00
2015.02.03 02:10:45.840,1.26299,1.26368,1.37,1.00
2015.02.03 02:10:46.514,1.26299,1.26368,1.37,1.00
2015.02.03 02:10:46.615,1.26302,1.26368,1.37,1.00
2015.02.03 02:10:46.963,1.263,1.26368,1.37,1.00
2015.02.03 02:10:47.318,1.26302,1.26368,1.37,1.00
2015.02.03 02:10:51.345,1.26298,1.2637,1.37,1.37
2015.02.03 02:10:51.447,1.26296,1.26367,1.37,1.37
2015.02.03 02:10:51.549,1.26295,1.26367,1.37,1.00
2015.02.03 02:10:51.650,1.26295,1.26365,1.87,1.00
2015.02.03 02:10:51.701,1.26295,1.26365,1.87,1.00
2015.02.03 02:10:52.210,1.26291,1.26364,1.87,1.00
2015.02.03 02:10:55.262,1.26292,1.26365,1.87,1.00
2015.02.03 02:11:01.039,1.26292,1.26365,1.87,1.37
2015.02.03 02:11:01.380,1.26293,1.26365,1.37,1.12
2015.02.03 02:11:01.482,1.26294,1.26365,1.37,1.12
2015.02.03 02:11:08.579,1.26291,1.26362,1.37,1.00
2015.02.03 02:11:10.965,1.26323,1.26362,0.37,1.00
2015.02.03 02:11:12.206,1.26305,1.26365,1.37,1.00
2015.02.03 02:11:14.470,1.26305,1.26365,1.37,1.00
2015.02.03 02:11:14.774,1.26311,1.26368,1.37,1.37
2015.02.03 02:11:15.343,1.26312,1.26368,1.37,1.00
2015.02.03 02:11:15.854,1.26315,1.26368,1.37,1.37
2015.02.03 02:11:16.590,1.26315,1.26368,1.37,1.00
2015.02.03 02:11:18.651,1.26314,1.26369,1.37,1.00
2015.02.03 02:11:18.752,1.26314,1.26369,1.37,1.00
2015.02.03 02:11:19.294,1.26301,1.2637,1.37,1.00
2015.02.03 02:11:20.018,1.26301,1.26369,1.37,1.00
2015.02.03 02:11:20.069,1.26301,1.26369,1.37,1.00
2015.02.03 02:11:20.272,1.26302,1.26369,1.37,1.00
2015.02.03 02:11:20.582,1.26302,1.26369,1.37,1.00
2015.02.03 02:11:20.791,1.26303,1.26371,1.37,1.00
2015.02.03 02:11:20.842,1.26302,1.26371,1.37,1.00
2015.02.03 02:11:21.588,1.26301,1.26371,1.87,1.00
2015.02.03 02:11:21.711,1.26302,1.26371,1.37,1.00
2015.02.03 02:11:23.051,1.26303,1.26371,1.37,1.00
2015.02.03 02:11:23.259,1.26303,1.26371,1.37,1.00
2015.02.03 02:11:25.658,1.26303,1.26371,1.37,1.00
2015.02.03 02:11:25.810,1.26303,1.26371,1.37,1.00
2015.02.03 02:11:27.119,1.26303,1.26371,1.37,1.00
2015.02.03 02:11:27.221,1.26306,1.26372,1.37,1.00
2015.02.03 02:11:27.272,1.26306,1.26375,1.37,1.00
2015.02.03 02:11:27.778,1.26306,1.26376,1.37,1.00
2015.02.03 02:11:28.540,1.26306,1.26376,1.37,1.00
2015.02.03 02:11:28.849,1.26306,1.26376,1.87,1.00
2015.02.03 02:11:29.192,1.26306,1.26376,1.87,1.00
2015.02.03 02:11:29.658,1.26332,1.26376,0.37,1.00
2015.02.03 02:11:29.709,1.26307,1.26379,1.37,1.00
2015.02.03 02:11:29.761,1.26311,1.26379,1.37,1.00
2015.02.03 02:11:30.170,1.2631,1.26379,1.37,1.00
2015.02.03 02:11:30.628,1.2631,1.26379,1.37,1.00
2015.02.03 02:11:30.782,1.26307,1.26377,1.37,1.00
2015.02.03 02:11:31.189,1.26307,1.26377,1.37,1.00
2015.02.03 02:11:31.240,1.26304,1.26374,1.37,1.00
2015.02.03 02:11:31.544,1.26302,1.26373,1.37,1.00
2015.02.03 02:11:31.752,1.26304,1.26371,1.37,1.00
2015.02.03 02:11:32.466,1.263,1.26367,1.37,1.00
2015.02.03 02:11:32.925,1.263,1.26367,1.37,1.00
2015.02.03 02:11:33.077,1.26297,1.26367,1.37,1.00
2015.02.03 02:11:33.229,1.26297,1.26362,1.37,1.00
2015.02.03 02:11:34.030,1.26297,1.26362,1.37,1.00
2015.02.03 02:11:34.661,1.26294,1.26363,1.37,1.00
2015.02.03 02:11:35.024,1.26294,1.26363,1.37,1.00
2015.02.03 02:11:35.686,1.26294,1.26363,1.37,1.00
2015.02.03 02:11:36.148,1.26324,1.26364,0.37,1.00
2015.02.03 02:11:36.250,1.2632,1.26364,0.37,1.00
2015.02.03 02:11:37.647,1.26303,1.26364,1.37,1.00
2015.02.03 02:11:37.799,1.26304,1.26364,1.37,1.00
2015.02.03 02:11:39.038,1.26303,1.26363,1.37,1.00
2015.02.03 02:11:39.089,1.26303,1.26363,1.37,1.00
2015.02.03 02:11:39.190,1.26305,1.26363,1.37,1.00
2015.02.03 02:11:40.237,1.26303,1.26365,1.37,1.00
2015.02.03 02:11:40.652,1.26304,1.26365,1.37,1.00
2015.02.03 02:11:40.755,1.26303,1.26365,1.37,1.00
2015.02.03 02:11:44.550,1.26303,1.26362,1.37,1.00
2015.02.03 02:11:52.092,1.26304,1.26362,1.37,1.00
2015.02.03 02:11:52.194,1.26306,1.26362,1.37,1.00
2015.02.03 02:11:58.775,1.26316,1.26362,1.37,1.00
2015.02.03 02:11:58.897,1.26318,1.26362,1.37,1.00
2015.02.03 02:11:59.206,1.26323,1.26362,1.00,1.00
2015.02.03 02:11:59.714,1.26322,1.26362,1.00,1.00
2015.02.03 02:12:00.406,1.26321,1.26362,1.00,1.00
2015.02.03 02:12:01.702,1.26321,1.26361,1.00,1.00
2015.02.03 02:12:02.057,1.2632,1.26358,1.12,1.00
2015.02.03 02:12:02.108,1.26312,1.26358,1.12,1.00
2015.02.03 02:12:02.159,1.26312,1.26353,1.12,1.00
2015.02.03 02:12:02.311,1.26306,1.26353,1.37,1.00
2015.02.03 02:12:02.362,1.26306,1.2635,1.37,1.00
2015.02.03 02:12:03.349,1.26308,1.26348,1.00,1.00
2015.02.03 02:12:03.856,1.26309,1.26348,1.00,1.00
2015.02.03 02:12:07.635,1.26308,1.26348,1.00,1.00
2015.02.03 02:12:08.237,1.26309,1.26348,1.00,1.00
2015.02.03 02:12:08.680,1.26312,1.26348,1.00,1.00
2015.02.03 02:12:08.892,1.26312,1.26352,1.12,1.00
2015.02.03 02:12:09.094,1.26314,1.26352,1.00,1.00
2015.02.03 02:12:10.077,1.26312,1.26352,1.12,1.00
2015.02.03 02:12:18.976,1.26312,1.26349,1.12,1.00
2015.02.03 02:12:25.040,1.26313,1.26349,1.00,1.00
2015.02.03 02:12:25.633,1.26312,1.26349,1.12,1.00
2015.02.03 02:12:26.583,1.26312,1.2635,1.12,1.00
2015.02.03 02:12:26.887,1.26312,1.2635,1.37,1.00
2015.02.03 02:12:27.419,1.26312,1.2635,1.37,1.00
2015.02.03 02:12:27.522,1.26312,1.2635,1.37,1.00
2015.02.03 02:12:28.727,1.26315,1.2635,1.00,1.00
2015.02.03 02:12:28.980,1.26315,1.26354,1.37,1.00
2015.02.03 02:12:29.183,1.26324,1.26354,1.00,1.00
2015.02.03 02:12:29.723,1.26325,1.26354,1.00,1.00
2015.02.03 02:12:30.280,1.26324,1.26354,1.00,1.00
2015.02.03 02:12:30.483,1.26319,1.26354,1.12,1.00
2015.02.03 02:12:30.890,1.26315,1.26354,1.37,1.00
2015.02.03 02:12:31.304,1.26326,1.26354,1.00,1.00
2015.02.03 02:12:31.405,1.26324,1.26357,1.00,1.00
2015.02.03 02:12:31.608,1.26326,1.26357,1.00,1.00
2015.02.03 02:12:31.899,1.26319,1.26357,1.00,1.00
2015.02.03 02:12:32.152,1.26323,1.26357,1.00,1.00
2015.02.03 02:12:32.489,1.26326,1.26357,1.00,1.00
2015.02.03 02:12:32.540,1.26321,1.26357,1.00,1.00
2015.02.03 02:12:32.642,1.26318,1.26357,1.00,1.00
2015.02.03 02:12:32.743,1.2632,1.26357,1.00,1.00
2015.02.03 02:12:33.048,1.26317,1.26357,1.00,1.00
2015.02.03 02:12:33.251,1.26312,1.26357,1.37,1.00
2015.02.03 02:12:33.554,1.26319,1.26357,1.00,1.00
2015.02.03 02:12:34.126,1.2632,1.26357,1.00,1.00
2015.02.03 02:12:34.468,1.26317,1.26353,1.00,1.00
2015.02.03 02:12:34.797,1.26318,1.2635,1.00,1.00
2015.02.03 02:12:34.898,1.26316,1.2635,1.00,1.00
2015.02.03 02:12:35.280,1.26319,1.2635,1.00,1.00
2015.02.03 02:12:35.837,1.26318,1.2635,1.00,1.00
2015.02.03 02:12:37.105,1.26319,1.2635,1.00,1.00
2015.02.03 02:12:37.565,1.26318,1.26352,1.00,1.00
2015.02.03 02:12:38.367,1.26319,1.26352,1.00,1.00
2015.02.03 02:12:44.521,1.26317,1.26352,1.00,1.00
2015.02.03 02:12:45.670,1.26314,1.26352,1.00,1.00
2015.02.03 02:12:46.172,1.26309,1.26352,1.00,1.00
2015.02.03 02:12:46.276,1.26316,1.26352,1.00,1.00
2015.02.03 02:12:47.343,1.26317,1.26352,1.00,1.00
2015.02.03 02:12:50.662,1.26316,1.26352,1.00,1.00
2015.02.03 02:12:51.282,1.26318,1.26352,1.00,1.00
2015.02.03 02:12:51.775,1.26316,1.26352,1.00,1.00
2015.02.03 02:12:51.880,1.2631,1.26352,1.00,1.00
2015.02.03 02:12:51.981,1.26315,1.26349,1.00,1.00
2015.02.03 02:12:52.284,1.26308,1.26349,1.00,1.00
2015.02.03 02:12:53.619,1.26308,1.26348,1.00,1.00
2015.02.03 02:12:53.685,1.26316,1.26348,1.00,1.00
2015.02.03 02:12:53.787,1.26311,1.26348,1.00,1.00
2015.02.03 02:12:54.090,1.26316,1.26348,1.00,1.00
2015.02.03 02:12:57.902,1.26314,1.26348,1.00,1.00
2015.02.03 02:12:59.935,1.26312,1.26348,1.00,1.00
2015.02.03 02:13:00.138,1.26311,1.26344,1.00,1.00
2015.02.03 02:13:00.768,1.26312,1.26344,1.00,1.00
2015.02.03 02:13:01.487,1.26311,1.26344,1.00,1.00
2015.02.03 02:13:04.100,1.26311,1.26345,1.00,1.00
2015.02.03 02:13:06.477,1.26312,1.26345,1.00,1.00
2015.02.03 02:13:07.071,1.26311,1.26345,1.00,1.00
2015.02.03 02:13:08.278,1.2631,1.26345,1.00,1.00
2015.02.03 02:13:09.393,1.26309,1.26345,1.00,1.00
2015.02.03 02:13:12.448,1.26309,1.26343,1.00,1.00
2015.02.03 02:13:13.336,1.26308,1.26343,1.00,1.00
2015.02.03 02:13:14.104,1.26309,1.26343,1.00,1.00
2015.02.03 02:13:16.018,1.2631,1.26343,1.00,1.00
2015.02.03 02:13:16.559,1.26309,1.26343,1.12,1.00
2015.02.03 02:13:17.015,1.26307,1.26344,1.37,1.00
2015.02.03 02:13:17.116,1.26307,1.26344,1.37,1.00
2015.02.03 02:13:20.517,1.26304,1.26344,1.37,1.00
2015.02.03 02:13:21.032,1.26309,1.26344,1.12,1.00
2015.02.03 02:13:21.673,1.26308,1.26343,1.37,1.00
2015.02.03 02:13:25.916,1.26309,1.26343,1.37,1.00
2015.02.03 02:13:26.018,1.26314,1.26343,1.00,1.00
2015.02.03 02:13:26.322,1.26312,1.26343,1.00,1.00
2015.02.03 02:13:26.524,1.26309,1.26341,1.00,1.00
2015.02.03 02:13:26.736,1.26306,1.26341,1.00,1.00
2015.02.03 02:13:26.889,1.26306,1.26341,1.37,1.00
2015.02.03 02:13:27.203,1.26312,1.26341,1.00,1.00
2015.02.03 02:13:27.726,1.26313,1.26342,1.00,1.00
2015.02.03 02:13:27.916,1.26311,1.26342,1.00,1.00
2015.02.03 02:13:28.928,1.26312,1.26342,1.00,1.00
2015.02.03 02:13:32.363,1.26313,1.26342,1.00,1.00
2015.02.03 02:13:32.464,1.2631,1.26342,1.00,1.00
2015.02.03 02:13:32.565,1.2631,1.26345,1.00,1.00
2015.02.03 02:13:32.667,1.2631,1.26338,1.00,1.00
2015.02.03 02:13:32.718,1.26308,1.26338,1.00,1.00
2015.02.03 02:13:32.769,1.26308,1.26342,1.00,1.00
2015.02.03 02:13:32.820,1.26311,1.26342,1.00,1.00
2015.02.03 02:13:33.732,1.26313,1.26342,1.00,1.00
2015.02.03 02:13:34.250,1.26312,1.26342,1.00,1.00
2015.02.03 02:13:34.655,1.26314,1.26342,1.00,1.00
2015.02.03 02:13:34.896,1.26313,1.26344,1.00,1.00
2015.02.03 02:13:35.275,1.26315,1.26344,1.00,1.00
2015.02.03 02:13:35.535,1.26313,1.26344,1.00,1.00
2015.02.03 02:13:36.639,1.26313,1.26346,1.00,1.00
2015.02.03 02:13:36.790,1.26316,1.26346,1.00,1.00
2015.02.03 02:13:36.841,1.26316,1.26348,1.00,1.00
2015.02.03 02:13:36.995,1.26317,1.2635,1.00,1.00
2015.02.03 02:13:37.097,1.2632,1.2635,1.00,1.00
2015.02.03 02:13:37.300,1.26318,1.2635,1.00,1.00
2015.02.03 02:13:40.302,1.26321,1.2635,1.00,1.00
2015.02.03 02:13:40.820,1.26322,1.2635,1.00,1.00
2015.02.03 02:13:40.921,1.26319,1.2635,1.00,1.00
2015.02.03 02:13:41.225,1.26315,1.2635,1.12,1.00
2015.02.03 02:13:41.326,1.26319,1.2635,1.00,1.00
2015.02.03 02:13:42.645,1.26316,1.2635,1.00,1.00
2015.02.03 02:13:43.151,1.26304,1.26351,1.37,1.00
2015.02.03 02:13:43.404,1.26305,1.26351,1.37,1.00
2015.02.03 02:13:43.708,1.26303,1.2635,1.37,1.00
2015.02.03 02:13:44.062,1.26292,1.2635,1.37,1.00
2015.02.03 02:13:44.112,1.26292,1.26348,1.37,1.00
2015.02.03 02:13:44.416,1.26291,1.26348,1.87,1.00
2015.02.03 02:13:44.569,1.26291,1.26348,3.37,1.00
2015.02.03 02:13:44.724,1.26293,1.26348,1.37,1.00
2015.02.03 02:13:45.402,1.26296,1.26348,1.37,1.00
2015.02.03 02:13:45.453,1.26296,1.26352,1.37,1.00
2015.02.03 02:13:45.504,1.26296,1.26352,1.37,1.00
2015.02.03 02:13:45.606,1.263,1.26352,1.37,1.12
2015.02.03 02:13:45.918,1.26297,1.26356,1.87,1.00
2015.02.03 02:13:46.228,1.26297,1.26354,1.37,1.00
2015.02.03 02:13:46.279,1.26297,1.26354,1.37,1.37
2015.02.03 02:13:46.826,1.26297,1.2635,1.37,1.00
2015.02.03 02:13:47.144,1.26297,1.26348,1.37,1.12
2015.02.03 02:13:47.555,1.26296,1.26351,1.37,1.00
2015.02.03 02:13:47.709,1.26297,1.26351,1.37,1.12
2015.02.03 02:13:50.999,1.26296,1.26337,1.00,1.37
2015.02.03 02:13:51.256,1.26292,1.26335,1.37,1.37
2015.02.03 02:13:51.559,1.26276,1.26328,1.05,1.37
2015.02.03 02:13:51.762,1.26275,1.26327,1.00,1.87
2015.02.03 02:13:51.863,1.26274,1.26316,1.37,1.12
2015.02.03 02:13:55.625,1.2627,1.26327,1.37,1.37
2015.02.03 02:13:56.943,1.26268,1.26322,1.00,1.87
2015.02.03 02:13:56.994,1.26264,1.26313,1.37,1.37
2015.02.03 02:13:57.045,1.26252,1.26306,1.37,1.87
2015.02.03 02:13:57.147,1.26247,1.26302,1.37,1.37
2015.02.03 02:13:57.249,1.26247,1.26302,1.37,1.00
2015.02.03 02:13:57.300,1.26247,1.26306,1.37,1.00
2015.02.03 02:13:57.452,1.26247,1.2631,1.37,1.37
2015.02.03 02:13:57.503,1.26247,1.2631,1.37,1.37
2015.02.03 02:13:58.823,1.26247,1.26315,1.37,1.37
2015.02.03 02:14:00.321,1.26247,1.26313,1.37,1.37
2015.02.03 02:14:00.775,1.26244,1.26312,1.87,1.37
2015.02.03 02:14:01.438,1.26244,1.26311,1.37,1.37
2015.02.03 02:14:03.525,1.26241,1.26312,2.62,1.37
2015.02.03 02:14:04.651,1.26241,1.26312,2.62,1.37
2015.02.03 02:14:05.731,1.26241,1.26313,1.87,1.37
2015.02.03 02:14:06.838,1.26241,1.26305,1.87,1.37
2015.02.03 02:14:07.155,1.26246,1.26307,1.37,1.37
2015.02.03 02:14:07.812,1.26247,1.26309,1.37,1.37
2015.02.03 02:14:08.906,1.26246,1.26311,1.37,1.37
2015.02.03 02:14:09.007,1.26246,1.26309,1.37,1.37
2015.02.03 02:14:09.813,1.26244,1.26309,1.37,1.37
2015.02.03 02:14:10.015,1.26244,1.26312,1.37,1.37
2015.02.03 02:14:10.117,1.26242,1.26314,1.37,1.87
2015.02.03 02:14:10.484,1.26242,1.26312,1.87,1.37
2015.02.03 02:14:10.655,1.26242,1.26312,1.87,1.37
2015.02.03 02:14:10.908,1.26245,1.2631,1.37,1.37
2015.02.03 02:14:11.111,1.26247,1.26317,1.37,1.00
2015.02.03 02:14:11.212,1.26247,1.26319,1.37,1.50
2015.02.03 02:14:11.364,1.26247,1.26319,1.37,1.50
2015.02.03 02:14:11.695,1.26247,1.26319,1.87,1.37
2015.02.03 02:14:12.542,1.26247,1.26319,1.37,1.37
2015.02.03 02:14:12.644,1.26247,1.26319,1.37,1.37
2015.02.03 02:14:12.947,1.2626,1.26324,1.37,1.00
2015.02.03 02:14:13.491,1.26261,1.26324,1.37,1.00
2015.02.03 02:14:14.305,1.26261,1.26324,1.37,1.00
2015.02.03 02:14:16.485,1.26261,1.26324,1.37,1.00
2015.02.03 02:14:17.931,1.26269,1.26321,1.37,1.00
2015.02.03 02:14:18.032,1.26269,1.26324,1.37,1.50
2015.02.03 02:14:19.348,1.26269,1.26323,1.37,1.00
2015.02.03 02:14:20.706,1.26268,1.26323,1.37,1.00
2015.02.03 02:14:21.244,1.26261,1.26322,1.37,1.00
2015.02.03 02:14:21.295,1.26261,1.2632,1.37,1.00
2015.02.03 02:14:21.658,1.26261,1.26318,1.87,1.00
2015.02.03 02:14:21.760,1.26261,1.26321,1.87,1.00
2015.02.03 02:14:22.796,1.26261,1.26317,1.87,1.00
2015.02.03 02:14:23.354,1.2626,1.26318,1.37,1.00
2015.02.03 02:14:24.008,1.2626,1.26317,1.37,1.00
2015.02.03 02:14:24.316,1.26261,1.26313,1.37,1.00
2015.02.03 02:14:25.398,1.2626,1.26316,1.37,1.00
2015.02.03 02:14:26.509,1.2626,1.26315,1.37,1.00
2015.02.03 02:14:27.688,1.2626,1.26314,1.37,1.00
2015.02.03 02:14:30.316,1.26261,1.26317,1.37,1.00
2015.02.03 02:14:32.723,1.2626,1.26318,1.37,1.00
2015.02.03 02:14:34.080,1.26261,1.26317,1.37,1.00
2015.02.03 02:14:34.586,1.26261,1.26316,1.37,1.00
2015.02.03 02:14:38.594,1.26261,1.26316,1.37,1.00
2015.02.03 02:14:39.585,1.2626,1.26316,1.37,1.00
2015.02.03 02:14:39.686,1.2626,1.26314,1.37,1.00
2015.02.03 02:14:39.839,1.26258,1.26314,1.37,1.00
2015.02.03 02:14:40.749,1.26258,1.26313,1.37,1.00
2015.02.03 02:14:41.559,1.26259,1.26316,1.37,1.00
2015.02.03 02:14:41.755,1.26258,1.26314,1.37,1.00
2015.02.03 02:14:41.856,1.26258,1.26316,1.37,1.00
2015.02.03 02:14:42.008,1.26258,1.26313,1.37,1.00
2015.02.03 02:14:42.259,1.26258,1.26317,1.37,1.00
2015.02.03 02:14:43.161,1.26259,1.26313,1.37,1.00
2015.02.03 02:14:43.304,1.26259,1.26317,1.37,1.00
2015.02.03 02:14:43.992,1.26259,1.26313,1.37,1.00
2015.02.03 02:14:44.195,1.26259,1.26316,1.37,1.00
2015.02.03 02:14:44.787,1.2626,1.26313,1.37,1.00
2015.02.03 02:14:45.294,1.2626,1.26312,1.37,1.00
2015.02.03 02:14:46.509,1.2626,1.26315,1.37,1.00
2015.02.03 02:14:47.215,1.26259,1.26314,1.37,1.00
2015.02.03 02:14:47.319,1.26259,1.26314,1.37,1.00
2015.02.03 02:14:47.421,1.26255,1.26312,1.87,1.00
2015.02.03 02:14:47.523,1.26252,1.26312,3.37,1.00
2015.02.03 02:14:47.625,1.26252,1.26309,1.37,1.00
2015.02.03 02:14:47.980,1.26248,1.26308,1.37,1.00
2015.02.03 02:14:48.639,1.26244,1.2631,1.37,1.00
2015.02.03 02:14:49.049,1.26244,1.26308,1.37,1.00
2015.02.03 02:14:49.555,1.26243,1.2631,1.87,1.00
2015.02.03 02:14:49.656,1.26243,1.26307,1.87,1.00
2015.02.03 02:14:50.183,1.26244,1.26306,1.37,1.00
2015.02.03 02:14:50.491,1.26244,1.263,1.37,1.00
2015.02.03 02:14:50.744,1.26242,1.26299,1.37,1.00
2015.02.03 02:14:50.846,1.2624,1.26299,1.37,1.00
2015.02.03 02:14:51.048,1.26239,1.26298,1.37,1.00
2015.02.03 02:14:51.588,1.26237,1.26299,1.37,1.00
2015.02.03 02:14:51.772,1.26237,1.26295,1.37,1.00
2015.02.03 02:14:51.979,1.26237,1.26305,1.37,1.00
2015.02.03 02:14:52.824,1.26241,1.26305,1.37,1.00
2015.02.03 02:14:53.472,1.2624,1.26303,1.87,1.00
2015.02.03 02:15:00.712,1.26241,1.26303,1.37,1.00
2015.02.03 02:15:01.288,1.2624,1.26302,1.37,1.00
2015.02.03 02:15:01.976,1.26239,1.26296,1.37,1.00
2015.02.03 02:15:02.180,1.26238,1.26296,1.37,1.00
2015.02.03 02:15:02.382,1.26237,1.26294,1.37,1.00
2015.02.03 02:15:02.686,1.26239,1.26296,1.87,1.00
2015.02.03 02:15:03.712,1.26239,1.26292,1.37,1.00
2015.02.03 02:15:03.814,1.26235,1.2629,1.87,1.00
2015.02.03 02:15:04.326,1.26235,1.26289,1.37,1.00
2015.02.03 02:15:04.427,1.26236,1.26291,1.37,1.00
2015.02.03 02:15:04.732,1.26235,1.26288,1.37,1.00
2015.02.03 02:15:04.784,1.26235,1.26288,1.37,1.00
2015.02.03 02:15:05.300,1.26231,1.26288,1.37,1.00
2015.02.03 02:15:05.529,1.26232,1.26286,1.37,1.00
2015.02.03 02:15:06.216,1.26232,1.26284,1.37,1.00
2015.02.03 02:15:06.727,1.26232,1.26286,1.37,1.00
2015.02.03 02:15:06.829,1.26232,1.26284,1.37,1.00
2015.02.03 02:15:07.133,1.26232,1.26282,1.37,1.00
2015.02.03 02:15:07.349,1.26232,1.26285,1.37,1.00
2015.02.03 02:15:07.855,1.26233,1.26279,1.37,1.00
2015.02.03 02:15:08.310,1.26233,1.2628,1.37,1.00
2015.02.03 02:15:08.461,1.26238,1.26282,1.37,1.00
2015.02.03 02:15:08.647,1.26237,1.2628,1.37,1.00
2015.02.03 02:15:08.850,1.26238,1.26282,1.37,1.00
2015.02.03 02:15:08.953,1.26231,1.26284,1.37,1.00
2015.02.03 02:15:09.285,1.26232,1.26286,1.37,1.00
2015.02.03 02:15:09.892,1.26232,1.2628,1.37,1.00
2015.02.03 02:15:10.095,1.26232,1.26279,1.37,1.00
2015.02.03 02:15:10.705,1.26229,1.26282,1.87,1.00
2015.02.03 02:15:11.211,1.26229,1.26279,1.87,1.00
2015.02.03 02:15:11.975,1.26228,1.26279,1.37,1.00
2015.02.03 02:15:12.305,1.26256,1.26279,0.37,1.00
2015.02.03 02:15:13.807,1.26231,1.26279,1.37,1.00
2015.02.03 02:15:14.262,1.26231,1.26279,1.37,1.00
2015.02.03 02:15:14.620,1.26236,1.26277,1.37,1.00
2015.02.03 02:15:14.835,1.26236,1.26279,1.37,1.00
2015.02.03 02:15:16.228,1.26237,1.26278,1.37,1.00
2015.02.03 02:15:16.330,1.26235,1.26278,1.37,1.00
2015.02.03 02:15:16.482,1.26236,1.2628,1.37,1.00
2015.02.03 02:15:16.684,1.26237,1.26282,1.37,1.00
2015.02.03 02:15:16.887,1.26235,1.26279,1.37,1.00
2015.02.03 02:15:17.214,1.26232,1.26277,1.37,1.00
2015.02.03 02:15:17.316,1.26232,1.26276,1.37,1.00
2015.02.03 02:15:17.468,1.26225,1.26276,1.37,1.00
2015.02.03 02:15:17.776,1.26225,1.26277,1.37,1.00
2015.02.03 02:15:17.979,1.26225,1.26277,1.37,1.00
2015.02.03 02:15:18.133,1.26225,1.26277,1.37,1.00
2015.02.03 02:15:18.236,1.26225,1.26277,1.00,1.37
2015.02.03 02:15:18.954,1.26225,1.26276,1.00,1.37
2015.02.03 02:15:23.804,1.26225,1.26277,1.00,1.37
2015.02.03 02:15:28.956,1.26225,1.26271,1.00,1.00
2015.02.03 02:15:29.116,1.26225,1.26273,1.00,1.00
2015.02.03 02:15:29.634,1.26225,1.26273,1.00,1.37
2015.02.03 02:15:29.736,1.26217,1.26273,1.00,1.37
2015.02.03 02:15:29.989,1.26217,1.26273,1.00,1.87
2015.02.03 02:15:30.091,1.26217,1.26267,1.00,1.37
2015.02.03 02:15:30.289,1.26217,1.26267,1.00,1.00
2015.02.03 02:15:30.340,1.26218,1.26276,1.00,1.87
2015.02.03 02:15:30.391,1.26221,1.26276,1.00,1.87
2015.02.03 02:15:30.731,1.26221,1.26275,1.00,1.37
2015.02.03 02:15:31.240,1.26221,1.26273,1.00,1.37
2015.02.03 02:15:31.832,1.26212,1.26273,2.25,1.37
2015.02.03 02:15:31.883,1.26216,1.26272,1.00,1.37
2015.02.03 02:15:32.251,1.26219,1.26275,1.00,1.37
2015.02.03 02:15:32.755,1.26219,1.26272,1.00,1.37
2015.02.03 02:15:33.415,1.26219,1.2627,1.00,1.37
2015.02.03 02:15:33.466,1.26217,1.2627,1.00,1.37
2015.02.03 02:15:41.955,1.26217,1.26271,1.00,1.37
2015.02.03 02:15:42.488,1.26216,1.26272,1.00,1.87
2015.02.03 02:15:42.691,1.26218,1.26272,1.00,1.37
2015.02.03 02:15:43.975,1.26218,1.26271,1.00,1.37
2015.02.03 02:15:45.255,1.26218,1.26271,1.00,1.00
2015.02.03 02:15:46.263,1.26218,1.26272,1.00,1.00
2015.02.03 02:15:49.575,1.26218,1.26271,1.00,1.00
2015.02.03 02:15:50.709,1.26218,1.26273,1.00,1.00
2015.02.03 02:15:50.861,1.26222,1.26273,1.00,1.00
2015.02.03 02:15:51.013,1.26223,1.26278,1.00,1.00
2015.02.03 02:15:51.063,1.26226,1.26278,1.00,1.00
2015.02.03 02:15:51.373,1.26226,1.26276,1.00,1.00
2015.02.03 02:15:51.919,1.26226,1.26277,1.00,1.00
2015.02.03 02:15:53.055,1.26226,1.26276,1.00,1.00
2015.02.03 02:15:54.133,1.26226,1.26282,1.00,1.00
2015.02.03 02:15:54.593,1.26226,1.26279,1.00,1.00
2015.02.03 02:15:54.695,1.26226,1.26283,1.00,1.00
2015.02.03 02:15:55.058,1.26226,1.26281,1.00,1.00
2015.02.03 02:15:57.068,1.26226,1.26279,1.00,1.00
2015.02.03 02:16:00.616,1.26226,1.26278,1.00,1.00
2015.02.03 02:16:01.172,1.26224,1.26278,1.00,1.00
2015.02.03 02:16:01.495,1.26228,1.26278,1.00,1.00
2015.02.03 02:16:01.546,1.26228,1.26281,1.00,1.00
2015.02.03 02:16:01.648,1.26228,1.26278,1.00,1.00
2015.02.03 02:16:01.853,1.26225,1.26278,1.00,1.00
2015.02.03 02:16:02.364,1.26224,1.26279,1.00,1.00
2015.02.03 02:16:02.875,1.26223,1.26278,1.00,1.00
2015.02.03 02:16:04.355,1.26223,1.26279,1.00,1.00
2015.02.03 02:16:05.265,1.26223,1.26277,1.00,1.00
2015.02.03 02:16:05.368,1.26221,1.26277,1.00,1.00
2015.02.03 02:16:05.470,1.2622,1.26275,1.00,1.00
2015.02.03 02:16:06.035,1.2622,1.26274,1.00,1.00
2015.02.03 02:16:06.703,1.26219,1.26273,1.00,1.00
2015.02.03 02:16:09.156,1.26221,1.26276,1.00,1.00
2015.02.03 02:16:09.637,1.26225,1.26279,1.00,1.00
2015.02.03 02:16:09.959,1.26227,1.26279,1.00,1.00
2015.02.03 02:16:10.520,1.26227,1.26276,1.00,1.00
2015.02.03 02:16:10.621,1.26221,1.26279,1.00,1.00
2015.02.03 02:16:11.880,1.26221,1.2628,1.00,1.12
2015.02.03 02:16:14.474,1.26221,1.26278,1.00,1.00
2015.02.03 02:16:15.092,1.26221,1.26279,1.00,1.00
2015.02.03 02:16:15.663,1.26221,1.2628,1.00,1.12
2015.02.03 02:16:18.335,1.26221,1.26277,1.00,1.00
2015.02.03 02:16:18.805,1.26221,1.26278,1.00,1.37
2015.02.03 02:16:21.067,1.26222,1.26277,1.00,1.37
2015.02.03 02:16:21.118,1.26222,1.26277,1.00,1.37
2015.02.03 02:16:21.370,1.26222,1.26285,1.00,1.37
2015.02.03 02:16:21.872,1.26223,1.26286,1.00,1.37
2015.02.03 02:16:22.397,1.26223,1.26287,1.00,1.37
2015.02.03 02:16:26.132,1.26223,1.26278,1.00,1.00
2015.02.03 02:16:26.334,1.26223,1.2628,1.00,1.12
2015.02.03 02:16:26.436,1.26223,1.26278,1.00,1.00
2015.02.03 02:16:26.487,1.2622,1.26278,1.37,1.00
2015.02.03 02:16:26.538,1.2622,1.26281,1.37,1.00
2015.02.03 02:16:26.841,1.26222,1.26281,1.00,1.37
2015.02.03 02:16:27.171,1.26222,1.26275,1.00,1.00
2015.02.03 02:16:29.483,1.26223,1.26275,1.00,1.00
2015.02.03 02:16:29.787,1.26223,1.26276,1.00,1.37
2015.02.03 02:16:30.319,1.26223,1.26276,1.00,1.37
2015.02.03 02:16:30.718,1.2622,1.26278,1.50,1.37
2015.02.03 02:16:30.819,1.2622,1.26272,2.25,1.37
2015.02.03 02:16:31.072,1.26218,1.26273,1.00,1.37
2015.02.03 02:16:31.174,1.26218,1.26244,1.00,0.37
2015.02.03 02:16:31.275,1.26218,1.26258,1.00,1.37
2015.02.03 02:16:31.377,1.26215,1.26259,1.00,1.37
2015.02.03 02:16:31.579,1.26216,1.26257,1.00,1.37
2015.02.03 02:16:31.681,1.2621,1.26246,1.00,1.00
2015.02.03 02:16:31.732,1.26204,1.26253,1.00,1.37
2015.02.03 02:16:31.834,1.26204,1.26247,1.00,1.00
2015.02.03 02:16:31.885,1.26199,1.26247,1.00,1.00
2015.02.03 02:16:31.937,1.26199,1.26244,1.00,1.00
2015.02.03 02:16:32.373,1.26194,1.26244,1.00,1.00
2015.02.03 02:16:32.479,1.26194,1.26242,1.00,1.00
2015.02.03 02:16:32.530,1.26191,1.26242,1.00,1.00
2015.02.03 02:16:32.580,1.26191,1.26238,1.00,1.00
2015.02.03 02:16:32.923,1.26191,1.26233,1.00,1.00
2015.02.03 02:16:33.075,1.26191,1.26236,1.00,1.00
2015.02.03 02:16:33.267,1.26191,1.26239,1.00,1.00
2015.02.03 02:16:33.420,1.26186,1.2624,1.00,1.00
2015.02.03 02:16:33.471,1.26186,1.2624,1.00,1.37
2015.02.03 02:16:33.573,1.26186,1.26238,1.00,1.12
2015.02.03 02:16:33.674,1.26186,1.26238,1.00,1.37
2015.02.03 02:16:37.416,1.26186,1.26241,1.00,1.37
2015.02.03 02:16:37.467,1.26181,1.26232,1.00,1.37
2015.02.03 02:16:37.568,1.26176,1.26234,1.50,1.37
2015.02.03 02:16:37.721,1.26178,1.26239,1.00,1.37
2015.02.03 02:16:39.923,1.26178,1.26239,1.00,1.37
2015.02.03 02:16:40.235,1.26181,1.26238,1.00,1.37
2015.02.03 02:16:40.286,1.26181,1.26237,1.00,1.00
2015.02.03 02:16:40.388,1.26181,1.26239,1.00,1.00
2015.02.03 02:16:40.685,1.26182,1.26237,1.00,1.00
2015.02.03 02:16:40.794,1.26182,1.26239,1.00,1.00
2015.02.03 02:16:41.307,1.26182,1.2624,1.00,1.00
2015.02.03 02:16:41.815,1.26182,1.26239,1.50,1.00
2015.02.03 02:16:42.203,1.26182,1.26241,1.00,1.00
2015.02.03 02:16:42.649,1.26182,1.26243,1.00,1.00
2015.02.03 02:16:42.806,1.26182,1.26241,1.00,1.00
2015.02.03 02:16:43.240,1.26182,1.26243,1.00,1.00
2015.02.03 02:16:43.402,1.26184,1.26243,1.00,1.00
2015.02.03 02:16:43.706,1.26184,1.2624,1.00,1.00
2015.02.03 02:16:44.385,1.26184,1.26241,1.00,1.00
2015.02.03 02:16:44.925,1.26184,1.26242,1.00,1.00
2015.02.03 02:16:46.668,1.26184,1.26241,1.00,1.00
2015.02.03 02:16:46.871,1.26184,1.26245,1.00,1.12
2015.02.03 02:16:46.921,1.26186,1.26245,1.00,1.00
2015.02.03 02:16:47.647,1.26186,1.26247,1.00,1.37
2015.02.03 02:16:49.958,1.26186,1.26244,1.00,1.00
2015.02.03 02:16:50.569,1.26186,1.26243,1.00,1.00
2015.02.03 02:16:51.889,1.26186,1.26246,1.00,1.12
2015.02.03 02:16:52.206,1.26186,1.26242,1.00,1.00
2015.02.03 02:16:52.720,1.26186,1.26245,1.00,1.00
2015.02.03 02:16:53.233,1.26187,1.26245,1.00,1.00
2015.02.03 02:16:53.842,1.26186,1.26245,1.00,1.00
2015.02.03 02:16:54.110,1.26186,1.26243,1.00,1.00
2015.02.03 02:16:54.662,1.26185,1.2624,1.00,1.00
2015.02.03 02:16:55.436,1.26185,1.26241,1.00,1.00
2015.02.03 02:16:59.553,1.26185,1.26241,1.00,1.37
2015.02.03 02:17:01.973,1.26185,1.2624,1.00,1.37
2015.02.03 02:17:07.915,1.26187,1.26243,1.00,1.87
2015.02.03 02:17:08.269,1.26192,1.26242,1.00,1.37
2015.02.03 02:17:08.472,1.26192,1.26243,1.00,1.12
2015.02.03 02:17:09.245,1.26186,1.26245,1.00,1.37
2015.02.03 02:17:09.347,1.26191,1.26245,1.00,1.37
2015.02.03 02:17:09.600,1.26192,1.26253,1.00,1.37
2015.02.03 02:17:09.701,1.26198,1.26261,1.00,1.37
2015.02.03 02:17:09.753,1.26198,1.26257,1.00,1.00
2015.02.03 02:17:10.058,1.26203,1.26256,1.50,1.00
2015.02.03 02:17:10.362,1.26206,1.26255,1.00,1.00
2015.02.03 02:17:10.717,1.262,1.26254,1.00,1.00
2015.02.03 02:17:11.360,1.262,1.26252,1.00,1.00
2015.02.03 02:17:11.813,1.26197,1.26252,1.00,1.00
2015.02.03 02:17:12.347,1.26195,1.26252,1.00,1.00
2015.02.03 02:17:12.894,1.26195,1.26251,1.00,1.00
2015.02.03 02:17:13.274,1.26195,1.26249,1.00,1.00
2015.02.03 02:17:13.781,1.26193,1.26249,1.00,1.00
2015.02.03 02:17:13.883,1.26191,1.26248,1.00,1.00
2015.02.03 02:17:14.494,1.26191,1.26249,1.00,1.00
2015.02.03 02:17:14.848,1.26195,1.26249,1.00,1.00
2015.02.03 02:17:15.927,1.26195,1.26245,1.00,1.00
2015.02.03 02:17:16.464,1.26195,1.26246,1.00,1.00
2015.02.03 02:17:17.303,1.26195,1.26245,1.00,1.00
2015.02.03 02:17:17.634,1.26193,1.26245,1.00,1.00
2015.02.03 02:17:18.158,1.26193,1.26247,1.00,1.00
2015.02.03 02:17:18.732,1.26193,1.26246,1.00,1.00
2015.02.03 02:17:19.953,1.26193,1.26244,1.00,1.00
2015.02.03 02:17:20.374,1.26193,1.26246,1.00,1.00
2015.02.03 02:17:20.779,1.26193,1.26248,1.00,1.00
2015.02.03 02:17:21.383,1.26193,1.26246,1.00,1.00
2015.02.03 02:17:21.934,1.26193,1.26247,1.00,1.00
2015.02.03 02:17:22.444,1.26194,1.26247,1.00,1.00
2015.02.03 02:17:23.614,1.26194,1.26248,1.00,1.00
2015.02.03 02:17:24.131,1.26192,1.26248,1.00,1.00
2015.02.03 02:17:24.806,1.26192,1.26249,1.00,1.00
2015.02.03 02:17:27.546,1.26194,1.26249,1.00,1.00
2015.02.03 02:17:28.892,1.26194,1.26246,1.00,1.00
2015.02.03 02:17:30.094,1.26194,1.26248,1.00,1.00
2015.02.03 02:17:30.196,1.26194,1.26246,1.00,1.00
2015.02.03 02:17:30.375,1.26194,1.26248,1.00,1.00
2015.02.03 02:17:30.677,1.26194,1.26246,1.00,1.00
2015.02.03 02:17:31.396,1.26194,1.26247,1.00,1.00
2015.02.03 02:17:31.901,1.26194,1.26249,1.00,1.00
2015.02.03 02:17:32.003,1.26194,1.26255,1.00,1.00
2015.02.03 02:17:32.104,1.26195,1.26252,1.00,1.00
2015.02.03 02:17:32.408,1.26198,1.26259,1.00,1.00
2015.02.03 02:17:32.610,1.26198,1.26256,1.00,1.00
2015.02.03 02:17:32.921,1.26198,1.26254,1.00,1.00
2015.02.03 02:17:33.117,1.26198,1.26258,1.00,1.00
2015.02.03 02:17:33.631,1.26198,1.26255,1.00,1.00
2015.02.03 02:17:33.982,1.26198,1.26253,1.00,1.00
2015.02.03 02:17:34.287,1.26198,1.26251,1.00,1.00
2015.02.03 02:17:34.863,1.26198,1.26256,1.00,1.00
2015.02.03 02:17:35.031,1.26198,1.26253,1.00,1.00
2015.02.03 02:17:36.356,1.26198,1.26254,1.00,1.00
2015.02.03 02:17:36.893,1.26198,1.26256,1.00,1.00
2015.02.03 02:17:37.597,1.26198,1.26257,1.00,1.00
2015.02.03 02:17:38.449,1.26198,1.26256,1.00,1.00
2015.02.03 02:17:38.856,1.26203,1.26255,1.00,1.00
2015.02.03 02:17:39.045,1.26203,1.26258,1.00,1.00
2015.02.03 02:17:39.101,1.26203,1.2626,1.00,1.00
2015.02.03 02:17:39.203,1.26203,1.26256,1.00,1.00
2015.02.03 02:17:39.305,1.26203,1.26258,1.00,1.00
2015.02.03 02:17:39.609,1.262,1.26261,1.00,1.00
2015.02.03 02:17:40.120,1.262,1.26262,1.00,1.00
2015.02.03 02:17:40.717,1.26197,1.26262,1.00,1.00
2015.02.03 02:17:40.767,1.26198,1.2626,1.00,1.00
2015.02.03 02:17:41.285,1.26197,1.2626,1.50,1.00
2015.02.03 02:17:41.589,1.26199,1.2626,1.00,1.00
2015.02.03 02:17:42.059,1.26199,1.26258,1.00,1.00
2015.02.03 02:17:42.261,1.262,1.2626,1.00,1.00
2015.02.03 02:17:42.764,1.262,1.26256,1.00,1.00
2015.02.03 02:17:43.293,1.26199,1.26256,1.00,1.00
2015.02.03 02:17:43.805,1.262,1.26257,1.00,1.00
2015.02.03 02:17:44.111,1.26198,1.26257,1.00,1.00
2015.02.03 02:17:44.315,1.26199,1.26255,1.00,1.00
2015.02.03 02:17:44.824,1.26198,1.26255,1.00,1.00
2015.02.03 02:17:45.362,1.26197,1.26254,1.00,1.00
2015.02.03 02:17:45.523,1.26197,1.26262,1.00,1.00
2015.02.03 02:17:45.625,1.26197,1.26265,1.00,1.00
2015.02.03 02:17:48.523,1.26197,1.26266,1.00,1.12
2015.02.03 02:17:51.452,1.26197,1.26265,1.00,1.00
2015.02.03 02:17:51.556,1.26197,1.26256,1.00,1.00
2015.02.03 02:17:53.406,1.26198,1.26256,1.00,1.00
2015.02.03 02:17:53.928,1.26198,1.26257,1.00,1.00
2015.02.03 02:17:54.238,1.26197,1.26257,1.50,1.37
2015.02.03 02:17:54.781,1.26198,1.26257,1.00,1.37
2015.02.03 02:17:55.089,1.26201,1.26257,1.00,1.37
2015.02.03 02:17:55.140,1.26197,1.26255,2.25,1.37
2015.02.03 02:17:55.682,1.26198,1.26254,1.00,1.12
2015.02.03 02:17:56.314,1.26197,1.26254,1.50,1.12
2015.02.03 02:17:56.816,1.26201,1.26258,1.00,1.37
2015.02.03 02:17:57.385,1.26202,1.26265,1.00,1.37
2015.02.03 02:17:57.792,1.26198,1.26264,1.50,1.37
2015.02.03 02:17:57.893,1.26201,1.26264,1.00,1.37
2015.02.03 02:17:58.752,1.26201,1.26265,1.00,1.37
2015.02.03 02:17:59.348,1.26198,1.26263,1.50,1.37
2015.02.03 02:17:59.918,1.26199,1.26263,1.00,1.37
2015.02.03 02:18:00.020,1.26201,1.26263,1.00,1.37
2015.02.03 02:18:00.325,1.26198,1.26265,1.50,1.37
2015.02.03 02:18:00.573,1.262,1.26261,1.00,1.37
2015.02.03 02:18:01.480,1.26199,1.26259,1.00,1.37
2015.02.03 02:18:02.012,1.262,1.26259,1.00,1.37
2015.02.03 02:18:02.571,1.26199,1.26259,1.00,1.37
2015.02.03 02:18:03.081,1.262,1.26259,1.00,1.37
2015.02.03 02:18:04.766,1.26199,1.26259,1.00,1.37
2015.02.03 02:18:05.769,1.26198,1.26258,1.50,1.37
2015.02.03 02:18:07.185,1.26199,1.26259,1.00,1.37
2015.02.03 02:18:07.750,1.26198,1.26258,1.50,1.37
2015.02.03 02:18:08.323,1.26198,1.26255,1.00,1.37
2015.02.03 02:18:08.424,1.26196,1.26255,1.00,1.37
2015.02.03 02:18:08.526,1.26194,1.26253,1.00,1.37
2015.02.03 02:18:09.477,1.26195,1.26252,1.00,1.37
2015.02.03 02:18:09.997,1.26193,1.26252,1.00,1.37
2015.02.03 02:18:10.590,1.26192,1.26253,1.00,1.37
2015.02.03 02:18:11.094,1.26193,1.26252,1.00,1.37
2015.02.03 02:18:11.931,1.26193,1.26252,1.00,1.37
2015.02.03 02:18:12.509,1.26193,1.26252,1.00,1.37
2015.02.03 02:18:13.511,1.26193,1.26252,1.00,1.37
2015.02.03 02:18:13.661,1.26195,1.26252,1.00,1.37
2015.02.03 02:18:18.454,1.26195,1.26253,1.00,1.37
2015.02.03 02:18:18.956,1.26195,1.26252,1.00,1.37
2015.02.03 02:18:20.731,1.26194,1.26251,1.00,1.37
2015.02.03 02:18:21.035,1.26192,1.26248,1.00,1.37
2015.02.03 02:18:21.573,1.26193,1.26249,1.00,1.37
2015.02.03 02:18:22.184,1.26192,1.26248,1.00,1.37
2015.02.03 02:18:22.716,1.26193,1.26247,1.00,1.37
2015.02.03 02:18:23.921,1.26193,1.26246,1.00,1.00
2015.02.03 02:18:25.713,1.26193,1.26249,1.00,1.00
2015.02.03 02:18:26.262,1.26193,1.26255,1.50,1.37
2015.02.03 02:18:30.325,1.26193,1.26253,1.00,1.37
2015.02.03 02:18:30.870,1.26194,1.26252,1.00,1.12
2015.02.03 02:18:32.990,1.26194,1.26253,1.00,1.37
2015.02.03 02:18:33.496,1.26193,1.26251,1.00,1.37
2015.02.03 02:18:34.202,1.26192,1.26251,1.50,1.37
2015.02.03 02:18:34.718,1.26193,1.2625,1.00,1.37
2015.02.03 02:18:35.627,1.26192,1.26255,1.50,1.37
2015.02.03 02:18:36.361,1.26192,1.26251,1.00,1.37
2015.02.03 02:18:36.464,1.26188,1.26249,1.00,1.37
2015.02.03 02:18:36.980,1.26187,1.26249,1.50,1.37
2015.02.03 02:18:38.909,1.26188,1.26246,1.00,1.37
2015.02.03 02:18:38.960,1.26202,1.26246,1.00,1.37
2015.02.03 02:18:39.011,1.26202,1.26246,1.00,1.00
2015.02.03 02:18:39.112,1.26211,1.26271,1.00,1.37
2015.02.03 02:18:39.163,1.26207,1.26271,1.00,1.37
2015.02.03 02:18:39.214,1.26204,1.26271,1.00,1.37
2015.02.03 02:18:39.315,1.2621,1.26271,1.00,1.37
2015.02.03 02:18:39.366,1.26221,1.26271,1.00,1.00
2015.02.03 02:18:39.417,1.26221,1.2628,1.00,1.37
2015.02.03 02:18:39.468,1.26221,1.26282,1.00,1.37
2015.02.03 02:18:39.519,1.26228,1.26287,1.50,1.37
2015.02.03 02:18:39.824,1.2623,1.26287,1.00,1.37
2015.02.03 02:18:40.331,1.26229,1.26275,1.00,1.00
2015.02.03 02:18:40.635,1.26229,1.26274,1.00,1.37
2015.02.03 02:18:40.992,1.26229,1.26277,1.00,1.37
2015.02.03 02:18:41.229,1.26229,1.26277,1.00,1.37
2015.02.03 02:18:41.432,1.26229,1.26277,1.00,1.37
2015.02.03 02:18:41.766,1.26231,1.26278,1.00,1.00
2015.02.03 02:18:41.868,1.26234,1.2628,1.00,1.37
2015.02.03 02:18:42.375,1.26235,1.2628,1.00,1.37
2015.02.03 02:18:42.702,1.26235,1.26277,1.00,1.00
2015.02.03 02:18:43.107,1.26235,1.26279,1.00,1.12
2015.02.03 02:18:44.103,1.26235,1.26278,1.00,1.00
2015.02.03 02:18:44.638,1.26235,1.26277,1.00,1.00
2015.02.03 02:18:44.743,1.26237,1.26277,1.00,1.00
2015.02.03 02:18:45.093,1.26237,1.26275,1.00,1.00
2015.02.03 02:18:45.497,1.26237,1.26278,1.00,1.00
2015.02.03 02:18:45.700,1.26237,1.26276,1.00,1.00
2015.02.03 02:18:46.845,1.26237,1.26277,1.00,1.00
2015.02.03 02:18:46.948,1.26237,1.2628,1.00,1.00
2015.02.03 02:18:47.050,1.26237,1.26276,1.00,1.00
2015.02.03 02:18:47.101,1.26234,1.26276,1.00,1.00
2015.02.03 02:18:47.203,1.26237,1.26276,1.00,1.00
2015.02.03 02:18:47.507,1.26235,1.26275,1.00,1.00
2015.02.03 02:18:47.558,1.26235,1.26272,1.00,1.00
2015.02.03 02:18:47.763,1.26235,1.26274,1.00,1.00
2015.02.03 02:18:47.967,1.26235,1.2627,1.00,1.00
2015.02.03 02:18:48.275,1.26233,1.2627,1.00,1.00
2015.02.03 02:18:48.582,1.26233,1.26272,1.00,1.00
2015.02.03 02:18:48.836,1.26233,1.26274,1.00,1.00
2015.02.03 02:18:48.961,1.26233,1.2627,1.00,1.00
2015.02.03 02:18:49.585,1.26233,1.26269,1.00,1.00
2015.02.03 02:18:49.992,1.26233,1.26271,1.00,1.00
2015.02.03 02:18:50.752,1.26233,1.2627,1.00,1.00
2015.02.03 02:18:50.904,1.26233,1.26273,1.00,1.00
2015.02.03 02:18:50.955,1.26233,1.26271,1.00,1.00
2015.02.03 02:18:51.057,1.26233,1.26274,1.00,1.00
2015.02.03 02:18:51.158,1.26234,1.26276,1.00,1.00
2015.02.03 02:18:51.361,1.26234,1.2628,1.00,1.00
2015.02.03 02:18:51.462,1.26234,1.26276,1.00,1.00
2015.02.03 02:18:51.767,1.26244,1.26276,1.00,1.00
2015.02.03 02:18:51.869,1.2624,1.26276,1.00,1.00
2015.02.03 02:18:51.971,1.26233,1.26277,1.00,1.00
2015.02.03 02:18:52.073,1.2624,1.26277,1.00,1.00
2015.02.03 02:18:52.124,1.2624,1.2628,1.00,1.00
2015.02.03 02:18:52.326,1.26241,1.26278,1.50,1.37
2015.02.03 02:18:52.428,1.26233,1.26281,1.00,1.37
2015.02.03 02:18:52.658,1.26236,1.26275,1.00,1.00
2015.02.03 02:18:52.863,1.26233,1.2628,1.00,1.37
2015.02.03 02:18:52.965,1.26229,1.26281,1.00,1.37
2015.02.03 02:18:53.066,1.26235,1.26277,1.00,1.37
2015.02.03 02:18:53.218,1.26235,1.26293,1.00,1.37
2015.02.03 02:18:53.269,1.26241,1.26296,1.00,1.37
2015.02.03 02:18:53.320,1.26241,1.26296,1.00,1.37
2015.02.03 02:18:53.371,1.26252,1.26307,1.00,1.37
2015.02.03 02:18:53.675,1.26248,1.26302,1.00,1.37
2015.02.03 02:18:53.776,1.26248,1.26307,1.00,1.37
2015.02.03 02:18:54.081,1.26248,1.26307,1.00,1.37
2015.02.03 02:18:54.636,1.26249,1.26299,1.00,1.37
2015.02.03 02:18:54.944,1.26252,1.26298,1.00,1.37
2015.02.03 02:18:56.664,1.26249,1.26299,1.00,1.37
2015.02.03 02:18:58.385,1.26249,1.26299,1.00,1.37
2015.02.03 02:18:58.688,1.26249,1.26305,1.00,1.37
2015.02.03 02:18:58.822,1.26249,1.26305,1.00,1.37
2015.02.03 02:18:58.924,1.26249,1.26308,1.00,1.37
2015.02.03 02:18:59.522,1.26252,1.26304,1.00,1.37
2015.02.03 02:18:59.826,1.26261,1.26304,1.00,1.37
2015.02.03 02:19:00.079,1.26257,1.26305,1.00,1.37
2015.02.03 02:19:00.582,1.26256,1.26304,1.00,1.37
2015.02.03 02:19:00.818,1.26256,1.26305,1.00,1.37
2015.02.03 02:19:01.373,1.26257,1.26306,1.00,1.37
2015.02.03 02:19:01.894,1.26257,1.26305,1.00,1.37
2015.02.03 02:19:02.413,1.26256,1.26305,1.00,1.37
2015.02.03 02:19:04.991,1.26257,1.26305,1.00,1.37
2015.02.03 02:19:05.295,1.26256,1.26302,1.00,1.37
2015.02.03 02:19:05.397,1.26257,1.263,1.00,1.37
2015.02.03 02:19:05.448,1.26251,1.26296,1.00,1.37
2015.02.03 02:19:05.549,1.2625,1.26298,1.00,1.37
2015.02.03 02:19:05.853,1.2625,1.26297,1.00,1.37
2015.02.03 02:19:06.157,1.26252,1.26297,1.00,1.37
2015.02.03 02:19:06.310,1.26251,1.263,1.00,1.37
2015.02.03 02:19:06.512,1.26251,1.26302,1.00,1.37
2015.02.03 02:19:07.038,1.26252,1.26303,1.00,1.37
2015.02.03 02:19:07.480,1.26252,1.26303,1.00,1.37
2015.02.03 02:19:07.738,1.26251,1.26303,1.00,1.37
2015.02.03 02:19:08.282,1.26252,1.26303,1.00,1.37
2015.02.03 02:19:08.815,1.26252,1.26303,1.00,1.37
2015.02.03 02:19:08.917,1.26252,1.26303,1.00,1.37
2015.02.03 02:19:09.071,1.26257,1.26306,1.00,1.37
2015.02.03 02:19:09.375,1.26261,1.26304,1.00,1.37
2015.02.03 02:19:09.426,1.26252,1.26305,1.50,1.37
2015.02.03 02:19:09.477,1.26252,1.26305,1.50,1.37
2015.02.03 02:19:09.579,1.26253,1.26305,1.00,1.37
2015.02.03 02:19:09.731,1.26253,1.26314,1.00,1.37
2015.02.03 02:19:09.933,1.26253,1.26323,1.00,1.37
2015.02.03 02:19:10.237,1.26253,1.26323,1.00,1.37
2015.02.03 02:19:10.338,1.26261,1.26323,1.00,1.37
2015.02.03 02:19:10.642,1.26254,1.26315,1.00,1.37
2015.02.03 02:19:11.128,1.26254,1.26314,1.00,1.37
2015.02.03 02:19:11.334,1.26254,1.26315,1.00,1.37
2015.02.03 02:19:11.490,1.26254,1.26315,1.00,1.37
2015.02.03 02:19:12.012,1.26254,1.26314,1.00,1.37
2015.02.03 02:19:12.114,1.26252,1.26311,1.00,1.37
2015.02.03 02:19:12.366,1.26251,1.26308,1.00,1.37
2015.02.03 02:19:12.879,1.2625,1.2631,1.00,1.37
2015.02.03 02:19:13.234,1.2625,1.26311,1.00,1.37
2015.02.03 02:19:14.526,1.26252,1.26314,1.00,1.37
2015.02.03 02:19:14.981,1.26252,1.26314,1.00,1.37
2015.02.03 02:19:15.083,1.26252,1.26315,1.00,1.37
2015.02.03 02:19:15.762,1.26252,1.26317,1.00,1.87
2015.02.03 02:19:15.863,1.26252,1.26317,1.00,1.37
2015.02.03 02:19:16.830,1.26252,1.26317,1.00,1.37
2015.02.03 02:19:16.982,1.26252,1.26317,1.00,1.37
2015.02.03 02:19:17.939,1.26252,1.26311,1.00,1.37
2015.02.03 02:19:18.041,1.26248,1.26311,1.00,1.37
2015.02.03 02:19:18.301,1.26247,1.26311,1.00,1.37
2015.02.03 02:19:18.453,1.26243,1.26309,1.00,1.37
2015.02.03 02:19:18.963,1.26243,1.2631,1.00,1.87
2015.02.03 02:19:19.475,1.26242,1.2631,1.00,1.37
2015.02.03 02:19:19.779,1.26237,1.2631,1.00,1.87
2015.02.03 02:19:19.880,1.26229,1.26302,1.00,1.37
2015.02.03 02:19:20.032,1.26223,1.26295,1.00,1.37
2015.02.03 02:19:20.235,1.26221,1.26294,1.50,1.37
2015.02.03 02:19:20.285,1.26221,1.26294,1.50,1.37
2015.02.03 02:19:20.437,1.26217,1.26293,1.37,1.37
2015.02.03 02:19:20.741,1.26217,1.26293,1.12,1.37
2015.02.03 02:19:21.449,1.26217,1.26293,1.50,1.37
2015.02.03 02:19:23.320,1.26219,1.26294,1.37,1.37
2015.02.03 02:19:23.795,1.26226,1.26294,1.00,1.37
2015.02.03 02:19:24.010,1.26221,1.26294,1.37,1.37
2015.02.03 02:19:25.779,1.26226,1.26294,1.00,1.37
2015.02.03 02:19:26.773,1.26222,1.26294,1.00,1.37
2015.02.03 02:19:27.026,1.2622,1.26294,1.00,1.37
2015.02.03 02:19:27.603,1.26217,1.26293,1.87,1.37
2015.02.03 02:19:28.431,1.2622,1.26293,1.00,1.37
2015.02.03 02:19:28.963,1.26219,1.26293,1.12,1.37
2015.02.03 02:19:29.325,1.26221,1.26293,1.00,1.37
2015.02.03 02:19:29.771,1.26219,1.26293,1.12,1.37
2015.02.03 02:19:30.275,1.2622,1.26293,1.00,1.37
2015.02.03 02:19:30.579,1.26217,1.26293,1.50,1.37
2015.02.03 02:19:31.084,1.26216,1.26292,1.50,1.37
2015.02.03 02:19:31.587,1.26217,1.26292,1.00,1.37
2015.02.03 02:19:32.146,1.26216,1.26292,1.50,1.37
2015.02.03 02:19:32.600,1.26218,1.26292,1.00,1.37
2015.02.03 02:19:33.495,1.2622,1.26292,1.00,1.37
2015.02.03 02:19:33.800,1.26216,1.26292,1.00,1.37
2015.02.03 02:19:34.224,1.26213,1.26289,1.50,1.37
2015.02.03 02:19:34.762,1.26214,1.26289,1.00,1.37
2015.02.03 02:19:35.274,1.26213,1.26289,1.00,1.37
2015.02.03 02:19:35.556,1.26213,1.26289,1.50,1.37
2015.02.03 02:19:41.595,1.26213,1.26289,1.50,1.37
2015.02.03 02:19:42.159,1.26214,1.26289,1.50,1.37
2015.02.03 02:19:42.927,1.26213,1.26289,2.25,1.37
2015.02.03 02:19:43.464,1.26214,1.26289,1.00,1.37
2015.02.03 02:19:43.980,1.26215,1.26289,1.00,1.37
2015.02.03 02:19:44.082,1.26213,1.26289,2.25,1.37
2015.02.03 02:19:45.000,1.26214,1.26289,1.00,1.37
2015.02.03 02:19:45.960,1.26216,1.26288,1.00,1.37
2015.02.03 02:19:50.350,1.26219,1.26289,1.00,1.37
2015.02.03 02:19:50.790,1.26221,1.26292,1.00,1.37
2015.02.03 02:19:51.145,1.26226,1.26296,1.00,1.37
2015.02.03 02:19:51.246,1.26224,1.26296,1.00,1.37
2015.02.03 02:19:52.139,1.26224,1.26296,1.00,1.37
2015.02.03 02:19:52.645,1.26225,1.26297,1.00,1.37
2015.02.03 02:19:54.010,1.26225,1.26295,1.00,1.37
2015.02.03 02:19:56.851,1.26228,1.26299,1.00,1.37
2015.02.03 02:19:57.155,1.26231,1.26296,1.00,1.37
2015.02.03 02:19:57.257,1.26223,1.26294,1.00,1.37
2015.02.03 02:19:57.771,1.26224,1.26294,1.00,1.37
2015.02.03 02:19:58.508,1.26226,1.26297,1.00,1.37
2015.02.03 02:19:58.761,1.26232,1.26303,1.00,1.37
2015.02.03 02:19:58.863,1.26232,1.26303,1.00,1.37
2015.02.03 02:19:59.257,1.26238,1.26311,1.00,1.87
2015.02.03 02:20:00.153,1.26233,1.26306,1.00,1.37
2015.02.03 02:20:06.895,1.26236,1.26307,1.00,1.37
2015.02.03 02:20:08.062,1.26237,1.2631,1.00,1.37
2015.02.03 02:20:08.760,1.26238,1.26309,1.00,1.37
2015.02.03 02:20:08.861,1.26235,1.26306,1.00,1.37
2015.02.03 02:20:09.425,1.26239,1.2631,1.00,1.87
2015.02.03 02:20:09.939,1.26239,1.26312,1.00,1.87
2015.02.03 02:20:10.512,1.26237,1.26308,1.00,1.37
2015.02.03 02:20:13.053,1.26234,1.26305,1.50,1.37
2015.02.03 02:20:13.154,1.26234,1.26305,1.00,1.37
2015.02.03 02:20:13.256,1.2623,1.26301,1.00,1.37
2015.02.03 02:20:13.307,1.26228,1.26301,1.00,1.37
2015.02.03 02:20:13.408,1.26228,1.26301,1.00,1.37
2015.02.03 02:20:13.459,1.26225,1.26298,1.00,1.37
2015.02.03 02:20:13.994,1.26225,1.26298,1.00,1.37
2015.02.03 02:20:18.778,1.26224,1.26294,1.00,1.37
2015.02.03 02:20:23.323,1.26224,1.26294,1.50,1.37
2015.02.03 02:20:27.134,1.26225,1.26296,1.00,1.37
2015.02.03 02:20:27.235,1.26227,1.26298,1.00,1.37
2015.02.03 02:20:27.387,1.2623,1.26303,1.00,1.37
2015.02.03 02:20:27.438,1.26228,1.26301,1.00,1.37
2015.02.03 02:20:27.693,1.26228,1.26301,1.00,1.37
2015.02.03 02:20:28.224,1.26227,1.26298,1.00,1.37
2015.02.03 02:20:28.427,1.26225,1.26298,1.50,1.37
2015.02.03 02:20:29.300,1.26226,1.26299,1.00,1.37
2015.02.03 02:20:34.211,1.26227,1.26299,1.00,1.37
2015.02.03 02:20:34.819,1.26226,1.26299,1.50,1.37
2015.02.03 02:20:35.223,1.26228,1.26299,1.00,1.37
2015.02.03 02:20:36.336,1.26227,1.26299,1.00,1.37
2015.02.03 02:20:37.353,1.26226,1.26299,1.00,1.37
2015.02.03 02:20:39.328,1.26233,1.26302,1.00,1.37
2015.02.03 02:20:39.379,1.26233,1.26302,1.00,1.37
2015.02.03 02:20:39.430,1.26238,1.26302,1.00,1.37
2015.02.03 02:20:39.938,1.26238,1.26305,1.00,1.37
2015.02.03 02:20:40.452,1.26238,1.26305,1.00,1.37
2015.02.03 02:20:41.672,1.26238,1.26305,1.00,1.37
2015.02.03 02:20:42.458,1.26238,1.26305,1.00,1.37
2015.02.03 02:20:42.763,1.26241,1.26309,1.00,1.37
2015.02.03 02:20:43.845,1.26241,1.26309,1.00,1.37
2015.02.03 02:20:46.371,1.26241,1.26309,1.00,1.37
2015.02.03 02:20:46.625,1.26241,1.26309,1.00,1.37
2015.02.03 02:20:47.329,1.2624,1.26309,1.00,1.37
2015.02.03 02:20:47.380,1.2624,1.26309,1.00,1.37
2015.02.03 02:20:47.736,1.2624,1.26309,1.00,1.37
2015.02.03 02:20:48.946,1.2624,1.26309,1.00,1.37
2015.02.03 02:20:49.252,1.2624,1.26309,1.00,1.37
2015.02.03 02:20:50.477,1.2624,1.26309,1.00,1.37
2015.02.03 02:20:51.869,1.2624,1.26309,1.00,1.37
2015.02.03 02:20:52.410,1.2624,1.26309,1.00,1.37
2015.02.03 02:20:52.960,1.26242,1.26314,1.00,2.32
2015.02.03 02:20:53.481,1.26241,1.26314,1.00,3.82
2015.02.03 02:20:53.809,1.2624,1.26311,1.00,1.37
2015.02.03 02:20:54.181,1.2624,1.26311,1.00,1.37
2015.02.03 02:20:54.400,1.2624,1.26311,1.00,1.37
2015.02.03 02:20:54.850,1.26236,1.26307,1.00,1.37
2015.02.03 02:20:54.952,1.26234,1.26305,1.00,1.37
2015.02.03 02:20:55.529,1.26234,1.26307,1.00,1.37
2015.02.03 02:20:55.834,1.26238,1.26307,1.00,1.37
2015.02.03 02:21:00.265,1.26238,1.26308,1.00,1.37
2015.02.03 02:21:00.316,1.26234,1.26305,1.00,1.37
2015.02.03 02:21:01.562,1.26234,1.26305,1.00,1.37
2015.02.03 02:21:01.664,1.26233,1.26304,1.00,1.37
2015.02.03 02:21:01.816,1.26233,1.26304,1.00,1.37
2015.02.03 02:21:01.867,1.26235,1.26306,1.00,1.37
2015.02.03 02:21:02.173,1.26238,1.26311,1.00,1.37
2015.02.03 02:21:10.374,1.26238,1.26309,1.00,1.37
2015.02.03 02:21:10.577,1.26236,1.26309,1.00,1.37
2015.02.03 02:21:10.780,1.26234,1.26304,1.00,1.37
2015.02.03 02:21:10.881,1.26232,1.26304,1.00,1.37
2015.02.03 02:21:11.135,1.26232,1.26304,1.00,1.37
2015.02.03 02:21:25.245,1.26232,1.26304,1.00,1.37
2015.02.03 02:21:25.775,1.26231,1.26301,1.00,1.37
2015.02.03 02:21:27.048,1.26228,1.263,1.00,1.37
2015.02.03 02:21:27.527,1.26226,1.26297,1.00,1.37
2015.02.03 02:21:27.730,1.26226,1.26297,1.00,1.37
2015.02.03 02:21:27.831,1.26224,1.26297,1.00,1.37
2015.02.03 02:21:28.343,1.26224,1.26297,1.00,1.50
2015.02.03 02:21:29.975,1.26224,1.26297,1.00,1.50
2015.02.03 02:21:34.891,1.26224,1.26297,1.00,1.50
2015.02.03 02:21:35.195,1.26227,1.26299,1.00,1.75
2015.02.03 02:21:35.246,1.26227,1.26299,1.00,1.75
2015.02.03 02:21:35.770,1.26227,1.26299,1.00,1.75
2015.02.03 02:21:35.886,1.26225,1.26296,1.00,1.37
2015.02.03 02:21:36.319,1.26221,1.26294,1.00,1.37
2015.02.03 02:21:36.824,1.2622,1.26293,1.00,1.37
2015.02.03 02:21:38.591,1.26228,1.26298,1.00,1.75
2015.02.03 02:21:38.912,1.26231,1.26302,1.00,1.12
2015.02.03 02:21:40.142,1.26232,1.26302,1.00,1.12
2015.02.03 02:21:47.199,1.26231,1.26302,1.00,1.12
2015.02.03 02:21:49.002,1.26231,1.26302,1.00,1.12
2015.02.03 02:21:53.819,1.26231,1.26302,1.00,1.12
2015.02.03 02:22:00.982,1.26231,1.26302,1.00,1.12
2015.02.03 02:22:01.494,1.26231,1.26302,1.00,1.12
2015.02.03 02:22:03.708,1.26231,1.26302,1.00,1.12
2015.02.03 02:22:05.480,1.26231,1.26302,1.00,1.12
2015.02.03 02:22:08.977,1.26231,1.26302,1.00,1.12
2015.02.03 02:22:09.478,1.26231,1.26302,1.00,1.12
2015.02.03 02:22:12.058,1.26231,1.26302,1.00,1.12
2015.02.03 02:22:14.185,1.26231,1.26302,1.00,1.12
2015.02.03 02:22:16.060,1.26231,1.26302,1.00,1.12
2015.02.03 02:22:18.894,1.26231,1.26302,1.00,1.12
2015.02.03 02:22:19.402,1.26231,1.26302,1.00,1.12
2015.02.03 02:22:20.789,1.26231,1.26302,1.00,1.12
2015.02.03 02:22:21.320,1.26231,1.26302,1.00,1.12
2015.02.03 02:22:29.340,1.26231,1.26302,1.00,1.12
2015.02.03 02:22:34.094,1.26231,1.26302,1.00,1.12
2015.02.03 02:22:35.958,1.26231,1.26302,1.00,1.12
2015.02.03 02:22:36.564,1.26231,1.26302,1.00,1.12
2015.02.03 02:22:37.357,1.26231,1.26302,1.00,1.12
2015.02.03 02:22:47.512,1.26216,1.26302,1.50,1.12
2015.02.03 02:22:50.159,1.26216,1.26302,1.37,1.12
2015.02.03 02:22:52.204,1.2623,1.26299,1.00,1.12
2015.02.03 02:22:52.305,1.26227,1.26299,1.00,1.75
2015.02.03 02:22:52.356,1.26227,1.26299,1.00,1.75
2015.02.03 02:22:52.686,1.2623,1.26302,1.00,2.25
2015.02.03 02:22:53.212,1.2623,1.26302,1.00,1.75
2015.02.03 02:22:53.639,1.2623,1.263,1.00,1.75
2015.02.03 02:22:54.168,1.2623,1.2629,1.00,1.37
2015.02.03 02:23:00.370,1.2623,1.26291,1.00,1.37
2015.02.03 02:23:00.573,1.26227,1.2629,1.00,1.75
2015.02.03 02:23:00.725,1.26226,1.26288,1.00,1.50
2015.02.03 02:23:00.776,1.26222,1.26289,1.00,1.75
2015.02.03 02:23:00.827,1.26222,1.26289,1.00,1.75
2015.02.03 02:23:00.878,1.26219,1.26292,1.00,1.75
2015.02.03 02:23:02.437,1.26219,1.26291,1.00,1.75
2015.02.03 02:23:02.807,1.26219,1.26291,1.00,1.75
2015.02.03 02:23:03.010,1.26219,1.26292,1.00,2.25
2015.02.03 02:23:03.213,1.26225,1.26297,1.00,2.62
2015.02.03 02:23:03.365,1.26225,1.26297,1.00,1.87
2015.02.03 02:23:03.416,1.26227,1.26299,1.00,1.75
2015.02.03 02:23:03.467,1.26227,1.26299,1.00,1.75
2015.02.03 02:23:03.517,1.26229,1.26301,1.00,3.82
2015.02.03 02:23:03.670,1.26229,1.26301,1.00,3.82
2015.02.03 02:23:03.772,1.26231,1.26301,1.00,3.07
2015.02.03 02:23:05.746,1.26231,1.26301,1.00,3.07
2015.02.03 02:23:06.051,1.26233,1.26306,1.00,1.75
2015.02.03 02:23:06.203,1.26233,1.26306,1.00,1.75
2015.02.03 02:23:06.888,1.26233,1.26306,1.00,1.75
2015.02.03 02:23:08.278,1.26233,1.26306,1.00,1.75
2015.02.03 02:23:10.607,1.26233,1.26296,1.00,1.37
2015.02.03 02:23:11.012,1.26231,1.26294,1.00,1.37
2015.02.03 02:23:11.113,1.26226,1.26295,1.00,1.37
2015.02.03 02:23:11.164,1.26226,1.26295,1.00,1.37
2015.02.03 02:23:11.265,1.26226,1.26292,1.00,1.12
2015.02.03 02:23:11.367,1.26238,1.26294,1.00,1.00
2015.02.03 02:23:11.418,1.26238,1.26305,1.00,1.37
2015.02.03 02:23:11.469,1.26238,1.26305,1.00,1.37
2015.02.03 02:23:11.974,1.26238,1.26299,1.00,1.37
2015.02.03 02:23:12.480,1.26238,1.26299,1.00,1.37
2015.02.03 02:23:13.767,1.26238,1.263,1.00,1.37
2015.02.03 02:23:14.223,1.26238,1.263,1.00,1.37
2015.02.03 02:23:24.467,1.26238,1.26311,1.00,2.25
2015.02.03 02:23:24.569,1.26238,1.26311,1.00,2.25
2015.02.03 02:23:24.789,1.26238,1.26311,1.00,1.75
2015.02.03 02:23:25.247,1.26238,1.26311,1.00,1.75
2015.02.03 02:23:25.426,1.26238,1.26311,1.00,1.75
2015.02.03 02:23:25.869,1.26238,1.26311,1.00,1.75
2015.02.03 02:23:25.988,1.26238,1.26311,1.00,1.75
2015.02.03 02:23:28.966,1.26238,1.26311,1.00,1.75
2015.02.03 02:23:31.806,1.26238,1.26311,1.00,1.75
2015.02.03 02:23:31.958,1.26238,1.26311,1.00,1.75
2015.02.03 02:23:32.262,1.26239,1.26312,1.00,1.75
2015.02.03 02:23:32.515,1.26239,1.26312,1.00,1.75
2015.02.03 02:23:32.928,1.26239,1.26312,1.00,1.75
2015.02.03 02:23:33.030,1.26239,1.26312,1.00,1.75
2015.02.03 02:23:35.007,1.26239,1.26312,1.00,2.25
2015.02.03 02:23:35.109,1.26239,1.26312,1.00,1.75
2015.02.03 02:23:35.846,1.2624,1.26311,1.00,1.75
2015.02.03 02:23:36.537,1.2624,1.26311,1.00,1.75
2015.02.03 02:23:36.847,1.2624,1.26311,1.00,1.75
2015.02.03 02:23:38.439,1.2624,1.26311,1.00,1.75
2015.02.03 02:23:38.640,1.2624,1.26311,1.00,1.75
2015.02.03 02:23:39.836,1.2624,1.26311,1.00,1.75
2015.02.03 02:23:39.977,1.2624,1.26311,1.00,1.75
2015.02.03 02:23:43.027,1.2624,1.26311,1.00,1.75
2015.02.03 02:23:43.179,1.2624,1.26311,1.00,1.75
2015.02.03 02:23:44.347,1.2624,1.26311,1.00,1.75
2015.02.03 02:23:44.701,1.2624,1.26311,1.00,1.75
2015.02.03 02:23:45.886,1.2624,1.26311,1.00,1.75
2015.02.03 02:23:46.835,1.2624,1.26311,1.00,1.75
2015.02.03 02:23:47.547,1.2624,1.26311,1.00,1.75
2015.02.03 02:23:48.416,1.2624,1.26311,1.00,1.75
2015.02.03 02:23:48.920,1.2624,1.26311,1.00,1.75
2015.02.03 02:23:49.845,1.2624,1.26311,1.00,1.75
2015.02.03 02:23:51.386,1.2624,1.26311,1.00,1.75
2015.02.03 02:23:52.018,1.2624,1.26311,1.00,1.75
2015.02.03 02:23:52.937,1.2624,1.26311,1.00,1.75
2015.02.03 02:23:53.063,1.2624,1.26311,1.00,1.75
2015.02.03 02:23:53.720,1.2624,1.26311,1.00,1.75
2015.02.03 02:23:54.106,1.26238,1.26312,1.00,1.75
2015.02.03 02:23:54.157,1.26238,1.26312,1.00,1.75
2015.02.03 02:23:54.359,1.26238,1.26312,1.00,1.75
2015.02.03 02:23:54.617,1.2624,1.26313,1.00,1.12
2015.02.03 02:23:54.718,1.2624,1.26313,1.00,1.12
2015.02.03 02:23:54.769,1.26243,1.26317,1.00,1.75
2015.02.03 02:23:54.820,1.26243,1.26317,1.00,1.75
2015.02.03 02:23:54.921,1.26248,1.26321,1.00,1.75
2015.02.03 02:23:55.174,1.26251,1.26323,1.00,1.75
2015.02.03 02:23:55.788,1.26253,1.26325,1.00,1.87
2015.02.03 02:23:56.206,1.2625,1.26322,1.00,1.87
2015.02.03 02:23:56.257,1.2625,1.26322,1.00,1.87
2015.02.03 02:23:56.307,1.26247,1.26318,1.00,1.75
2015.02.03 02:23:56.358,1.26247,1.26318,1.00,1.75
2015.02.03 02:23:56.460,1.26241,1.26315,1.00,1.37
2015.02.03 02:23:56.978,1.26241,1.26315,1.00,1.75
2015.02.03 02:23:57.489,1.26241,1.26315,1.00,1.75
2015.02.03 02:24:03.708,1.26244,1.26316,1.00,1.37
2015.02.03 02:24:03.911,1.26242,1.26314,1.00,1.37
2015.02.03 02:24:04.164,1.26242,1.26314,1.00,1.37
2015.02.03 02:24:04.670,1.26243,1.26317,1.00,1.37
2015.02.03 02:24:04.822,1.26243,1.26317,1.00,1.37
2015.02.03 02:24:05.025,1.26247,1.26318,1.00,1.37
2015.02.03 02:24:05.317,1.26245,1.26318,1.00,1.37
2015.02.03 02:24:06.206,1.26242,1.26316,1.00,1.37
2015.02.03 02:24:06.611,1.26242,1.26316,1.00,1.37
2015.02.03 02:24:06.712,1.26242,1.26316,1.00,1.37
2015.02.03 02:24:06.916,1.26242,1.26316,1.00,1.37
2015.02.03 02:24:07.017,1.26242,1.26316,1.00,1.37
2015.02.03 02:24:08.800,1.26242,1.26316,1.00,1.37
2015.02.03 02:24:08.851,1.26235,1.26309,1.00,1.37
2015.02.03 02:24:08.902,1.26235,1.26309,1.00,1.37
2015.02.03 02:24:09.105,1.26235,1.26309,1.00,1.37
2015.02.03 02:24:09.619,1.26235,1.26309,1.00,1.37
2015.02.03 02:24:09.954,1.26235,1.26309,1.00,1.37
2015.02.03 02:24:10.161,1.26235,1.26309,1.00,1.37
2015.02.03 02:24:10.520,1.2624,1.26314,1.00,1.37
2015.02.03 02:24:11.061,1.26241,1.26313,1.00,1.37
2015.02.03 02:24:11.575,1.26241,1.26313,1.00,1.37
2015.02.03 02:24:12.077,1.26241,1.26313,1.00,1.37
2015.02.03 02:24:12.128,1.26241,1.26313,1.00,1.37
2015.02.03 02:24:12.405,1.26241,1.26313,1.00,1.37
2015.02.03 02:24:12.456,1.26241,1.26313,1.00,1.37
2015.02.03 02:24:12.711,1.26241,1.26313,1.00,1.87
2015.02.03 02:24:13.558,1.26241,1.26313,1.00,1.37
2015.02.03 02:24:14.071,1.26241,1.26303,1.00,1.37
2015.02.03 02:24:14.592,1.26241,1.26302,1.00,1.37
2015.02.03 02:24:15.205,1.26241,1.26302,1.00,1.00
2015.02.03 02:24:15.408,1.26241,1.26313,1.00,1.37
2015.02.03 02:24:15.459,1.26241,1.26313,1.00,1.37
2015.02.03 02:24:16.416,1.26241,1.26313,1.00,1.37
2015.02.03 02:24:16.769,1.26241,1.26313,1.00,1.37
2015.02.03 02:24:17.125,1.26241,1.26313,1.00,1.37
2015.02.03 02:24:17.671,1.2624,1.26312,1.00,1.37
2015.02.03 02:24:18.197,1.2624,1.26312,1.00,1.37
2015.02.03 02:24:18.735,1.2624,1.26312,1.00,1.37
2015.02.03 02:24:19.225,1.26242,1.26315,1.00,1.50
2015.02.03 02:24:26.361,1.26242,1.26309,1.00,1.12
2015.02.03 02:24:26.564,1.2624,1.26312,1.00,1.37
2015.02.03 02:24:26.868,1.2624,1.26314,1.00,1.37
2015.02.03 02:24:27.172,1.26242,1.26315,1.00,1.37
2015.02.03 02:24:28.515,1.26242,1.26315,1.00,1.37
2015.02.03 02:24:28.668,1.26242,1.26315,1.00,1.37
2015.02.03 02:24:29.507,1.26242,1.26315,1.00,1.37
2015.02.03 02:24:29.659,1.26242,1.26315,1.00,1.37
2015.02.03 02:24:30.861,1.26242,1.26315,1.00,1.37
2015.02.03 02:24:31.375,1.26242,1.26315,1.00,1.37
2015.02.03 02:24:31.925,1.26242,1.26315,1.00,1.37
2015.02.03 02:24:32.078,1.26242,1.26315,1.00,1.37
2015.02.03 02:24:32.179,1.26242,1.26315,1.00,1.37
2015.02.03 02:24:33.811,1.26242,1.26315,1.00,1.37
2015.02.03 02:24:34.347,1.26242,1.26315,1.00,1.37
2015.02.03 02:24:35.230,1.26242,1.26315,1.00,1.37
2015.02.03 02:24:35.445,1.26242,1.26315,1.00,1.37
2015.02.03 02:24:35.665,1.26242,1.26315,1.00,1.37
2015.02.03 02:24:39.107,1.26242,1.26303,1.00,1.37
2015.02.03 02:24:39.211,1.26238,1.26299,1.00,1.37
2015.02.03 02:24:39.728,1.26237,1.26299,1.00,1.37
2015.02.03 02:24:39.880,1.26237,1.26297,1.00,1.37
2015.02.03 02:24:41.078,1.26237,1.26297,1.00,1.37
2015.02.03 02:24:43.408,1.26237,1.26299,1.00,1.37
2015.02.03 02:24:45.488,1.26239,1.26302,1.00,1.00
2015.02.03 02:24:45.998,1.26239,1.2631,1.00,1.37
2015.02.03 02:24:46.150,1.26242,1.26309,1.00,1.37
2015.02.03 02:24:47.911,1.2624,1.26304,1.00,1.12
2015.02.03 02:24:48.013,1.2624,1.26308,1.00,1.37
2015.02.03 02:24:48.248,1.2624,1.26306,1.00,1.12
2015.02.03 02:24:48.708,1.2624,1.26308,1.00,1.37
2015.02.03 02:24:48.810,1.2624,1.26306,1.00,1.12
2015.02.03 02:24:49.212,1.2624,1.26307,1.00,1.37
2015.02.03 02:24:49.314,1.2624,1.26305,1.00,1.12
2015.02.03 02:24:50.136,1.2624,1.26308,1.00,1.37
2015.02.03 02:24:52.480,1.2624,1.26305,1.00,1.12
2015.02.03 02:24:52.531,1.2624,1.2631,1.00,1.87
2015.02.03 02:24:52.633,1.2624,1.26306,1.00,1.12
2015.02.03 02:24:52.836,1.2624,1.26309,1.00,1.37
2015.02.03 02:24:52.938,1.2624,1.26303,1.00,1.37
2015.02.03 02:24:53.338,1.2624,1.26307,1.00,1.37
2015.02.03 02:24:54.617,1.2624,1.26305,1.00,1.37
2015.02.03 02:24:54.719,1.26249,1.26308,1.00,1.37
2015.02.03 02:24:54.821,1.26249,1.26309,1.00,1.00
2015.02.03 02:24:54.922,1.26249,1.26319,1.00,1.37
2015.02.03 02:24:54.973,1.2625,1.26318,1.00,1.12
2015.02.03 02:24:55.807,1.26253,1.26318,1.00,1.12
2015.02.03 02:24:57.792,1.26254,1.26318,1.00,2.25
2015.02.03 02:24:58.096,1.26254,1.26313,1.00,1.37
2015.02.03 02:24:58.198,1.26254,1.26317,1.00,1.37
2015.02.03 02:24:58.249,1.26256,1.26317,1.00,1.37
2015.02.03 02:24:58.604,1.2626,1.26325,1.00,1.12
2015.02.03 02:24:58.706,1.26259,1.26326,1.00,1.75
2015.02.03 02:24:58.807,1.26258,1.26324,1.00,1.12
2015.02.03 02:24:58.909,1.26256,1.26319,1.00,1.50
2015.02.03 02:24:59.212,1.26256,1.26321,1.00,1.75
2015.02.03 02:24:59.364,1.26254,1.26313,1.00,1.37
2015.02.03 02:24:59.870,1.26254,1.26312,1.00,1.37
2015.02.03 02:25:00.571,1.2625,1.26313,1.00,1.87
2015.02.03 02:25:00.673,1.26247,1.26306,1.00,1.37
2015.02.03 02:25:00.775,1.26245,1.26305,1.00,1.37
2015.02.03 02:25:03.058,1.26245,1.26306,1.00,1.37
2015.02.03 02:25:03.276,1.26245,1.26319,1.00,1.75
2015.02.03 02:25:03.327,1.2625,1.26314,1.00,1.12
2015.02.03 02:25:03.529,1.26252,1.2632,1.00,1.12
2015.02.03 02:25:03.732,1.26254,1.2632,1.00,1.12
2015.02.03 02:25:04.240,1.26254,1.26324,1.00,1.12
2015.02.03 02:25:04.846,1.26254,1.26318,1.00,1.12
2015.02.03 02:25:04.948,1.26254,1.26324,1.00,1.12
2015.02.03 02:25:05.407,1.26254,1.26316,1.00,1.12
2015.02.03 02:25:05.509,1.26254,1.26318,1.00,1.12
2015.02.03 02:25:05.829,1.26252,1.26318,1.00,1.12
2015.02.03 02:25:06.348,1.26252,1.26317,1.00,1.12
2015.02.03 02:25:06.449,1.26252,1.26314,1.00,1.37
2015.02.03 02:25:10.246,1.2625,1.26314,1.00,1.12
2015.02.03 02:25:10.876,1.2625,1.26314,1.00,1.00
2015.02.03 02:25:11.078,1.2625,1.26314,1.00,1.12
2015.02.03 02:25:12.979,1.2625,1.26319,1.00,1.87
2015.02.03 02:25:13.080,1.26248,1.26313,1.00,1.37
2015.02.03 02:25:13.594,1.26248,1.26314,1.00,1.12
2015.02.03 02:25:14.280,1.26248,1.26321,1.00,1.75
2015.02.03 02:25:15.082,1.26248,1.26313,1.00,1.37
2015.02.03 02:25:15.286,1.2625,1.26313,1.00,1.75
2015.02.03 02:25:15.959,1.2625,1.26309,1.00,1.00
2015.02.03 02:25:16.469,1.2625,1.26308,1.00,1.00
2015.02.03 02:25:16.779,1.2625,1.26306,1.00,1.00
2015.02.03 02:25:16.830,1.2625,1.26308,1.00,1.00
2015.02.03 02:25:17.235,1.2625,1.26311,1.00,1.00
2015.02.03 02:25:17.821,1.2625,1.26315,1.00,1.12
2015.02.03 02:25:18.356,1.26251,1.26311,1.00,1.00
2015.02.03 02:25:24.778,1.26253,1.26318,1.00,1.12
2015.02.03 02:25:26.831,1.26245,1.26318,1.00,1.12
2015.02.03 02:25:27.188,1.26241,1.26313,1.00,1.50
2015.02.03 02:25:27.836,1.26241,1.26313,1.00,1.50
2015.02.03 02:25:28.260,1.26239,1.26312,1.00,1.75
2015.02.03 02:25:28.361,1.26239,1.26312,1.00,1.75
2015.02.03 02:25:28.467,1.26239,1.26312,1.00,1.75
2015.02.03 02:25:28.779,1.26235,1.26308,1.00,1.50
2015.02.03 02:25:29.083,1.26241,1.26315,1.00,1.75
2015.02.03 02:25:29.387,1.26249,1.26319,1.00,1.75
2015.02.03 02:25:30.007,1.26249,1.26322,1.00,1.12
2015.02.03 02:25:30.360,1.26247,1.26321,1.00,1.75
2015.02.03 02:25:30.777,1.26247,1.26321,1.00,1.75
2015.02.03 02:25:33.236,1.26247,1.26305,1.00,1.37
2015.02.03 02:25:33.647,1.26249,1.26307,1.00,1.37
2015.02.03 02:25:34.148,1.26249,1.26308,1.00,1.37
2015.02.03 02:25:36.098,1.26248,1.26308,1.00,1.37
2015.02.03 02:25:36.200,1.26245,1.26308,1.00,1.37
2015.02.03 02:25:36.301,1.26242,1.26308,1.00,1.37
2015.02.03 02:25:36.403,1.26236,1.26307,1.00,1.37
2015.02.03 02:25:41.053,1.26235,1.26307,1.00,1.75
2015.02.03 02:25:45.858,1.26239,1.26307,1.00,1.37
2015.02.03 02:25:46.400,1.2624,1.26308,1.00,1.37
2015.02.03 02:25:47.398,1.26236,1.26307,1.00,1.75
2015.02.03 02:25:58.508,1.26236,1.26308,1.00,1.87
2015.02.03 02:25:58.660,1.26238,1.26309,1.00,1.37
2015.02.03 02:25:59.279,1.2624,1.26308,1.00,1.37
2015.02.03 02:25:59.840,1.2624,1.26308,1.00,1.37
2015.02.03 02:26:00.813,1.2624,1.26307,1.00,1.37
2015.02.03 02:26:01.157,1.2624,1.26309,1.00,1.37
2015.02.03 02:26:01.259,1.26238,1.26298,1.00,1.00
2015.02.03 02:26:01.360,1.26238,1.2631,1.00,2.25
2015.02.03 02:26:01.411,1.26234,1.26307,1.00,1.37
2015.02.03 02:26:01.513,1.26237,1.26302,1.00,1.37
2015.02.03 02:26:01.718,1.26237,1.26301,1.00,1.12
2015.02.03 02:26:01.870,1.26237,1.26308,1.00,1.50
2015.02.03 02:26:05.101,1.26237,1.26311,1.00,1.37
2015.02.03 02:26:05.610,1.26236,1.26309,1.00,1.37
2015.02.03 02:26:06.156,1.26235,1.26306,1.00,1.37
2015.02.03 02:26:06.471,1.26231,1.26305,1.00,1.75
2015.02.03 02:26:09.062,1.26231,1.26305,1.00,1.75
2015.02.03 02:26:09.316,1.26227,1.26301,1.00,1.37
2015.02.03 02:26:13.926,1.26223,1.26297,1.00,1.75
2015.02.03 02:26:14.028,1.2622,1.26293,1.00,1.37
2015.02.03 02:26:14.129,1.26217,1.26289,1.00,1.37
2015.02.03 02:26:15.886,1.26215,1.26287,1.00,1.37
2015.02.03 02:26:16.392,1.26215,1.26287,1.00,1.37
2015.02.03 02:26:18.547,1.26215,1.26287,1.00,1.37
2015.02.03 02:26:18.763,1.26215,1.26287,1.00,1.37
2015.02.03 02:26:19.552,1.26218,1.2629,1.00,1.37
2015.02.03 02:26:19.856,1.26224,1.26296,1.00,1.37
2015.02.03 02:26:20.420,1.26227,1.26299,1.00,1.50
2015.02.03 02:26:21.722,1.26228,1.26302,1.00,1.37
2015.02.03 02:26:21.824,1.26228,1.26302,1.00,1.37
2015.02.03 02:26:22.350,1.26229,1.26303,1.00,1.37
2015.02.03 02:26:22.876,1.26228,1.26302,1.00,1.37
2015.02.03 02:26:23.028,1.26228,1.26302,1.00,1.37
2015.02.03 02:26:23.577,1.26228,1.263,1.00,1.37
2015.02.03 02:26:24.928,1.26225,1.26299,1.00,1.37
2015.02.03 02:26:25.030,1.26223,1.26294,1.00,1.37
2015.02.03 02:26:25.132,1.26223,1.26294,1.00,1.37
2015.02.03 02:26:25.967,1.26221,1.26294,1.00,1.37
2015.02.03 02:26:26.466,1.26221,1.26294,1.00,1.37
2015.02.03 02:26:26.568,1.26223,1.26297,1.00,1.37
2015.02.03 02:26:32.816,1.26223,1.26297,1.00,1.37
2015.02.03 02:26:41.208,1.26223,1.26292,1.00,1.37
2015.02.03 02:26:41.536,1.26223,1.26291,1.00,1.37
2015.02.03 02:26:44.915,1.26223,1.26291,1.00,1.37
2015.02.03 02:26:45.506,1.26223,1.26297,1.00,1.37
2015.02.03 02:26:46.011,1.26224,1.26298,1.00,1.37
2015.02.03 02:27:02.515,1.26224,1.26298,1.00,1.37
2015.02.03 02:27:18.574,1.26224,1.26298,1.00,1.37
2015.02.03 02:27:27.658,1.26224,1.26284,1.00,1.00
2015.02.03 02:27:27.861,1.26221,1.26284,1.00,1.00
2015.02.03 02:27:27.963,1.26221,1.26283,1.00,1.37
2015.02.03 02:27:29.241,1.26221,1.2628,1.00,1.00
2015.02.03 02:27:29.797,1.26221,1.26279,1.00,1.00
2015.02.03 02:27:30.918,1.26221,1.26277,1.00,1.00
2015.02.03 02:27:32.179,1.26221,1.26275,1.00,1.00
2015.02.03 02:27:32.230,1.26218,1.26275,1.00,1.00
2015.02.03 02:27:32.756,1.26218,1.26274,1.00,1.00
2015.02.03 02:27:33.526,1.26218,1.26275,1.00,1.00
2015.02.03 02:27:33.631,1.26218,1.26273,1.00,1.00
2015.02.03 02:27:34.255,1.26218,1.26274,1.00,1.00
2015.02.03 02:27:34.842,1.26218,1.26278,1.00,1.37
2015.02.03 02:27:34.995,1.26218,1.2629,1.00,1.37
2015.02.03 02:27:35.197,1.2622,1.26294,1.00,1.37
2015.02.03 02:27:35.777,1.2622,1.26294,1.00,1.37
2015.02.03 02:27:51.606,1.26219,1.26293,1.00,1.75
2015.02.03 02:27:51.910,1.26217,1.26289,1.00,1.37
2015.02.03 02:27:52.061,1.26217,1.26289,1.00,1.37
2015.02.03 02:27:52.365,1.26217,1.26289,1.00,1.37
2015.02.03 02:27:52.907,1.26218,1.2629,1.00,1.37
2015.02.03 02:27:55.767,1.26218,1.26257,1.00,0.37
2015.02.03 02:27:55.869,1.26218,1.26278,1.00,1.37
2015.02.03 02:27:55.920,1.26212,1.26269,1.00,1.37
2015.02.03 02:27:56.022,1.26212,1.26269,1.00,1.37
2015.02.03 02:27:56.175,1.26206,1.26266,1.87,1.37
2015.02.03 02:27:56.328,1.26207,1.26266,1.00,1.37
2015.02.03 02:27:56.430,1.26207,1.26266,1.00,1.37
2015.02.03 02:27:56.533,1.26202,1.26266,1.00,1.37
2015.02.03 02:27:56.837,1.262,1.26265,1.00,1.37
2015.02.03 02:27:57.092,1.262,1.26265,1.00,1.37
2015.02.03 02:27:57.438,1.26197,1.26265,2.25,1.37
2015.02.03 02:27:58.002,1.26197,1.26265,1.00,1.37
2015.02.03 02:27:58.104,1.26197,1.26265,1.00,1.37
2015.02.03 02:27:58.206,1.26197,1.26265,1.00,1.37
2015.02.03 02:27:58.307,1.26204,1.26267,1.00,1.37
2015.02.03 02:27:58.611,1.26204,1.26268,1.00,1.37
2015.02.03 02:27:58.763,1.26204,1.26268,1.00,1.37
2015.02.03 02:27:58.865,1.26204,1.26268,1.00,1.37
2015.02.03 02:27:58.966,1.26204,1.26268,1.00,1.37
2015.02.03 02:27:59.168,1.26204,1.26271,1.00,1.37
2015.02.03 02:27:59.429,1.26204,1.26271,1.00,1.37
2015.02.03 02:27:59.610,1.26204,1.26271,1.00,1.37
2015.02.03 02:27:59.829,1.26204,1.26271,1.00,1.37
2015.02.03 02:28:00.489,1.26204,1.26271,1.00,1.37
2015.02.03 02:28:00.742,1.26204,1.26271,1.00,1.37
2015.02.03 02:28:01.296,1.26204,1.26273,1.50,1.37
2015.02.03 02:28:01.474,1.26204,1.26273,1.50,1.37
2015.02.03 02:28:01.701,1.26204,1.26273,1.50,1.37
2015.02.03 02:28:01.954,1.26204,1.26273,1.50,1.37
2015.02.03 02:28:02.056,1.26204,1.26273,1.50,1.37
2015.02.03 02:28:02.258,1.26204,1.26273,1.50,1.87
2015.02.03 02:28:02.824,1.26204,1.26272,1.00,1.37
2015.02.03 02:28:03.124,1.26204,1.26272,1.00,1.37
2015.02.03 02:28:03.276,1.26204,1.26272,1.00,1.37
2015.02.03 02:28:04.664,1.26204,1.26272,1.00,1.37
2015.02.03 02:28:04.817,1.26204,1.26272,1.00,1.37
2015.02.03 02:28:06.094,1.26204,1.26272,1.00,1.37
2015.02.03 02:28:06.246,1.26204,1.26272,1.00,1.37
2015.02.03 02:28:06.424,1.26204,1.26272,1.00,1.37
2015.02.03 02:28:07.355,1.26204,1.26271,1.00,1.37
2015.02.03 02:28:07.456,1.26204,1.26268,1.00,1.37
2015.02.03 02:28:07.558,1.26204,1.26268,1.00,1.37
2015.02.03 02:28:07.980,1.26204,1.26268,1.00,1.37
2015.02.03 02:28:08.270,1.26208,1.26278,1.00,1.37
2015.02.03 02:28:09.725,1.26208,1.26278,1.00,1.37
2015.02.03 02:28:10.748,1.26208,1.26278,1.00,1.37
2015.02.03 02:28:16.024,1.26206,1.26277,1.00,1.87
2015.02.03 02:28:16.328,1.26203,1.26275,1.00,1.87
2015.02.03 02:28:16.479,1.26202,1.2627,1.00,1.37
2015.02.03 02:28:16.581,1.26205,1.26277,1.00,1.50
2015.02.03 02:28:16.898,1.26205,1.26274,1.00,1.37
2015.02.03 02:28:17.152,1.262,1.26274,1.00,1.87
2015.02.03 02:28:17.583,1.262,1.26274,1.00,1.37
2015.02.03 02:28:17.684,1.262,1.26274,1.00,1.37
2015.02.03 02:28:17.988,1.26202,1.26272,1.00,1.37
2015.02.03 02:28:22.531,1.26204,1.26271,1.00,1.37
2015.02.03 02:28:23.089,1.26205,1.26274,1.00,1.37
2015.02.03 02:28:24.303,1.26203,1.26275,1.00,1.37
2015.02.03 02:28:24.507,1.26203,1.26268,1.00,1.37
2015.02.03 02:28:24.609,1.26197,1.26263,1.00,1.37
2015.02.03 02:28:24.710,1.26197,1.26264,1.00,1.37
2015.02.03 02:28:26.610,1.26196,1.26261,1.00,1.37
2015.02.03 02:28:26.916,1.26196,1.26258,1.00,1.37
2015.02.03 02:28:27.544,1.26196,1.26258,1.00,1.37
2015.02.03 02:28:27.696,1.26199,1.26261,1.00,1.37
2015.02.03 02:28:27.899,1.262,1.26262,1.00,1.37
2015.02.03 02:28:28.486,1.26201,1.26263,1.00,1.37
2015.02.03 02:28:29.012,1.262,1.26262,1.00,1.37
2015.02.03 02:28:29.194,1.26201,1.26262,1.00,1.37
2015.02.03 02:28:29.346,1.26204,1.26269,1.00,1.87
2015.02.03 02:28:29.861,1.26204,1.2627,1.00,1.37
2015.02.03 02:28:30.975,1.26204,1.2627,1.00,1.37
2015.02.03 02:28:36.517,1.26242,1.26269,1.00,1.37
2015.02.03 02:28:36.568,1.26242,1.26269,1.00,1.37
2015.02.03 02:28:36.670,1.26247,1.26278,1.00,1.37
2015.02.03 02:28:36.925,1.26256,1.26282,0.75,1.37
2015.02.03 02:28:37.026,1.26256,1.26281,0.75,1.37
2015.02.03 02:28:37.128,1.26256,1.26288,1.00,1.37
2015.02.03 02:28:37.382,1.26267,1.26305,0.75,1.37
2015.02.03 02:28:37.433,1.26256,1.26305,1.00,1.37
2015.02.03 02:28:37.485,1.26256,1.26305,1.00,1.37
2015.02.03 02:28:37.638,1.26271,1.26307,0.75,1.37
2015.02.03 02:28:37.841,1.26267,1.26307,0.75,1.37
2015.02.03 02:28:38.096,1.26262,1.26307,1.00,1.37
2015.02.03 02:28:38.197,1.26257,1.26307,1.00,1.37
2015.02.03 02:28:38.349,1.26257,1.26307,1.00,1.37
2015.02.03 02:28:38.876,1.26256,1.26307,1.00,1.37
2015.02.03 02:28:38.978,1.26252,1.26307,1.00,1.37
2015.02.03 02:28:39.639,1.26251,1.26307,1.00,1.37
2015.02.03 02:28:39.704,1.2624,1.26307,1.50,1.37
2015.02.03 02:28:39.843,1.26252,1.26307,1.00,1.37
2015.02.03 02:28:41.354,1.26251,1.26307,1.00,1.37
2015.02.03 02:28:43.346,1.26252,1.26307,1.00,1.37
2015.02.03 02:28:43.960,1.26251,1.26307,1.00,1.37
2015.02.03 02:28:44.654,1.26252,1.26307,1.00,1.37
2015.02.03 02:28:46.794,1.26252,1.26307,1.00,1.37
2015.02.03 02:28:47.462,1.26251,1.26307,1.00,1.37
2015.02.03 02:28:48.016,1.26252,1.26307,1.00,1.37
2015.02.03 02:28:48.725,1.26251,1.26307,1.00,1.37
2015.02.03 02:28:49.315,1.26252,1.26307,1.00,1.37
2015.02.03 02:28:49.532,1.26246,1.26307,1.00,1.37
2015.02.03 02:28:49.633,1.26251,1.26307,1.00,1.37
2015.02.03 02:28:51.914,1.26252,1.26307,1.00,1.37
2015.02.03 02:28:52.459,1.26251,1.26307,1.00,1.37
2015.02.03 02:28:53.019,1.26252,1.26307,1.00,1.37
2015.02.03 02:28:54.682,1.26251,1.26307,1.00,1.37
2015.02.03 02:28:55.325,1.26252,1.26306,1.00,1.37
2015.02.03 02:28:55.837,1.26251,1.26307,1.00,1.37
2015.02.03 02:28:56.573,1.26256,1.26307,1.00,1.37
2015.02.03 02:28:57.304,1.26251,1.26307,1.00,1.37
2015.02.03 02:28:57.680,1.26257,1.26307,1.00,1.37
2015.02.03 02:28:57.882,1.26252,1.26307,1.00,1.37
2015.02.03 02:28:58.293,1.26256,1.26307,1.00,1.37
2015.02.03 02:28:59.615,1.26251,1.26307,1.00,1.37
2015.02.03 02:29:00.154,1.26252,1.26307,1.00,1.37
2015.02.03 02:29:00.433,1.26252,1.26281,1.00,0.37
2015.02.03 02:29:02.176,1.26253,1.26297,1.00,1.37
2015.02.03 02:29:02.480,1.26256,1.26297,1.00,1.37
2015.02.03 02:29:02.712,1.26254,1.26297,1.00,1.37
2015.02.03 02:29:02.864,1.26257,1.26297,1.00,1.37
2015.02.03 02:29:03.269,1.26253,1.26298,1.00,1.37
2015.02.03 02:29:03.869,1.26258,1.26298,1.00,1.37
2015.02.03 02:29:04.748,1.26259,1.26297,1.00,1.37
2015.02.03 02:29:06.377,1.2626,1.26297,1.00,1.37
2015.02.03 02:29:06.479,1.26258,1.26297,1.00,1.37
2015.02.03 02:29:06.833,1.26257,1.263,1.00,1.37
2015.02.03 02:29:06.934,1.26262,1.263,1.00,1.37
2015.02.03 02:29:07.137,1.26259,1.263,1.00,1.37
2015.02.03 02:29:07.343,1.26262,1.263,1.00,1.37
2015.02.03 02:29:07.533,1.26258,1.26301,1.00,1.37
2015.02.03 02:29:07.752,1.26262,1.26301,1.00,1.37
2015.02.03 02:29:08.409,1.26263,1.26301,1.00,1.37
2015.02.03 02:29:08.919,1.26264,1.263,1.00,1.37
2015.02.03 02:29:09.630,1.26264,1.26303,1.00,1.37
2015.02.03 02:29:10.510,1.26265,1.26302,1.00,1.37
2015.02.03 02:29:13.342,1.26265,1.26301,1.00,1.37
2015.02.03 02:29:13.843,1.26262,1.26301,1.00,1.37
2015.02.03 02:29:13.945,1.26259,1.263,1.00,1.37
2015.02.03 02:29:14.047,1.26263,1.263,1.00,1.37
2015.02.03 02:29:14.363,1.26261,1.263,1.00,1.37
2015.02.03 02:29:14.664,1.26263,1.263,1.00,1.37
2015.02.03 02:29:15.352,1.26258,1.263,1.00,1.37
2015.02.03 02:29:15.504,1.26262,1.263,1.00,1.37
2015.02.03 02:29:15.605,1.26257,1.263,1.50,1.37
2015.02.03 02:29:16.494,1.26256,1.26301,1.50,1.37
2015.02.03 02:29:17.374,1.26256,1.263,1.00,1.37
2015.02.03 02:29:17.728,1.26257,1.26309,1.00,1.37
2015.02.03 02:29:17.829,1.26257,1.26313,1.00,1.37
2015.02.03 02:29:18.074,1.26262,1.26314,1.00,1.37
2015.02.03 02:29:18.176,1.26257,1.26314,1.00,1.37
2015.02.03 02:29:19.501,1.26271,1.26314,1.00,1.37
2015.02.03 02:29:19.813,1.26275,1.26314,1.00,1.37
2015.02.03 02:29:19.915,1.26272,1.26314,1.00,1.37
2015.02.03 02:29:20.144,1.26275,1.26314,1.00,1.37
2015.02.03 02:29:20.459,1.26277,1.26314,1.00,1.37
2015.02.03 02:29:20.518,1.26273,1.26314,1.00,1.37
2015.02.03 02:29:20.720,1.26276,1.26314,1.00,1.37
2015.02.03 02:29:20.821,1.26276,1.26314,1.00,1.37
2015.02.03 02:29:21.424,1.26275,1.26314,1.00,1.37
2015.02.03 02:29:21.984,1.26277,1.26314,1.00,1.37
2015.02.03 02:29:22.188,1.26275,1.26314,1.00,1.37
2015.02.03 02:29:24.424,1.26276,1.26314,1.00,1.37
2015.02.03 02:29:25.435,1.26275,1.26314,1.00,1.37
2015.02.03 02:29:28.664,1.26272,1.26314,1.00,1.37
2015.02.03 02:29:29.132,1.2627,1.26314,1.00,1.37
2015.02.03 02:29:29.183,1.26268,1.26314,1.00,1.37
2015.02.03 02:29:29.373,1.26271,1.26314,1.50,1.37
2015.02.03 02:29:29.922,1.26272,1.26314,1.00,1.37
2015.02.03 02:29:33.543,1.26272,1.26314,1.00,1.37
2015.02.03 02:29:33.645,1.26277,1.26316,1.00,1.37
2015.02.03 02:29:33.949,1.26279,1.26316,1.00,1.37
2015.02.03 02:29:34.253,1.26277,1.26316,1.50,1.37
2015.02.03 02:29:34.777,1.26275,1.26316,1.00,1.37
2015.02.03 02:29:34.879,1.26277,1.26316,1.00,1.37
2015.02.03 02:29:35.133,1.26277,1.2632,1.00,1.37
2015.02.03 02:29:35.235,1.26276,1.26324,1.00,1.37
2015.02.03 02:29:35.337,1.26281,1.26324,1.00,1.37
2015.02.03 02:29:35.640,1.26287,1.26328,1.00,1.37
2015.02.03 02:29:36.096,1.26281,1.26328,1.00,1.37
2015.02.03 02:29:38.732,1.26286,1.26328,1.00,1.37
2015.02.03 02:29:39.271,1.26282,1.26328,1.00,1.37
2015.02.03 02:29:40.049,1.26281,1.26328,1.00,1.37
2015.02.03 02:29:41.024,1.26282,1.26326,1.00,1.37
2015.02.03 02:29:41.539,1.26281,1.26323,1.00,1.37
2015.02.03 02:29:43.025,1.26282,1.26322,1.00,1.37
2015.02.03 02:29:43.538,1.26281,1.26322,1.00,1.37
2015.02.03 02:29:43.894,1.26287,1.26322,1.00,1.37
2015.02.03 02:29:44.404,1.26286,1.26322,1.00,1.37
2015.02.03 02:29:47.184,1.26287,1.26324,1.00,1.37
2015.02.03 02:29:50.486,1.26281,1.26324,1.00,1.37
2015.02.03 02:29:51.872,1.26286,1.26324,1.00,1.37
2015.02.03 02:29:55.906,1.26282,1.26324,1.00,1.37
2015.02.03 02:29:56.007,1.26286,1.26324,1.00,1.37
2015.02.03 02:29:56.212,1.26281,1.26324,1.00,1.37
2015.02.03 02:29:57.184,1.26282,1.26324,1.00,1.37
2015.02.03 02:29:57.691,1.26281,1.26324,1.00,1.37
2015.02.03 02:29:58.197,1.26282,1.26322,1.00,1.37
2015.02.03 02:29:58.753,1.26276,1.26322,1.00,1.37
2015.02.03 02:29:59.053,1.26281,1.26322,1.00,1.37
2015.02.03 02:30:01.591,1.26281,1.26322,1.00,1.37
2015.02.03 02:30:02.164,1.26277,1.26318,1.00,1.37
2015.02.03 02:30:02.367,1.26276,1.26316,1.00,1.37
2015.02.03 02:30:02.769,1.26276,1.26316,1.00,1.37
2015.02.03 02:30:02.928,1.26271,1.26316,1.00,1.37
2015.02.03 02:30:03.034,1.26277,1.26316,1.00,1.37
2015.02.03 02:30:03.343,1.26272,1.26316,1.00,1.37
2015.02.03 02:30:03.495,1.26277,1.26316,1.00,1.37
2015.02.03 02:30:05.663,1.26276,1.26316,1.00,1.37
2015.02.03 02:30:06.793,1.26276,1.26316,1.00,1.37
2015.02.03 02:30:06.995,1.26276,1.26318,1.00,1.37
2015.02.03 02:30:07.503,1.26277,1.26318,1.00,1.37
2015.02.03 02:30:10.401,1.26281,1.26315,1.00,1.37
2015.02.03 02:30:10.630,1.26277,1.26315,1.00,1.37
2015.02.03 02:30:13.180,1.26271,1.26315,1.00,1.37
2015.02.03 02:30:14.147,1.26272,1.26315,1.00,1.37
2015.02.03 02:30:15.671,1.26272,1.26315,1.00,1.37
2015.02.03 02:30:16.264,1.26276,1.26318,1.00,1.37
2015.02.03 02:30:16.366,1.26272,1.26318,1.00,1.37
2015.02.03 02:30:16.588,1.26277,1.26316,1.00,1.37
2015.02.03 02:30:16.690,1.26271,1.26316,1.00,1.37
2015.02.03 02:30:17.423,1.26272,1.26315,1.00,1.37
2015.02.03 02:30:17.474,1.26272,1.26315,1.00,1.37
2015.02.03 02:30:19.535,1.26272,1.26314,1.00,1.37
2015.02.03 02:30:19.963,1.26276,1.26313,1.00,1.37
2015.02.03 02:30:22.508,1.26276,1.26312,1.00,1.37
2015.02.03 02:30:22.609,1.26272,1.2631,1.00,1.37
2015.02.03 02:30:25.158,1.26266,1.26311,1.50,1.37
2015.02.03 02:30:27.809,1.26271,1.26311,1.00,1.37
2015.02.03 02:30:28.330,1.26272,1.2631,1.00,1.37
2015.02.03 02:30:28.633,1.26276,1.26311,1.00,1.37
2015.02.03 02:30:29.017,1.26272,1.26311,1.00,1.37
2015.02.03 02:30:29.758,1.26276,1.26312,1.00,1.37
2015.02.03 02:30:30.283,1.26277,1.26312,1.00,1.37
2015.02.03 02:30:30.435,1.26271,1.26312,1.00,1.37
2015.02.03 02:30:30.570,1.26271,1.26316,1.00,1.37
2015.02.03 02:30:31.061,1.26276,1.26316,1.00,1.37
2015.02.03 02:30:31.611,1.26277,1.26316,1.00,1.37
2015.02.03 02:30:31.941,1.26271,1.26316,1.00,1.37
2015.02.03 02:30:32.601,1.26277,1.26316,1.00,1.37
2015.02.03 02:30:33.105,1.26276,1.26316,1.00,1.37
2015.02.03 02:30:36.496,1.26277,1.26316,1.00,1.37
2015.02.03 02:30:46.047,1.26282,1.26318,1.00,1.37
2015.02.03 02:30:46.832,1.26286,1.26323,1.00,1.37
2015.02.03 02:30:46.933,1.26282,1.26323,1.50,1.37
2015.02.03 02:30:47.035,1.26286,1.26323,1.00,1.37
2015.02.03 02:30:47.230,1.26282,1.26323,1.00,1.37
2015.02.03 02:30:47.585,1.26276,1.26323,1.50,1.37
2015.02.03 02:30:47.737,1.26273,1.26323,1.00,1.37
2015.02.03 02:30:48.001,1.26282,1.26323,1.00,1.37
2015.02.03 02:30:48.535,1.26281,1.26323,1.00,1.37
2015.02.03 02:30:48.586,1.26276,1.26323,1.00,1.37
2015.02.03 02:30:48.687,1.26281,1.26323,1.00,1.37
2015.02.03 02:30:48.789,1.26276,1.26323,1.00,1.37
2015.02.03 02:30:48.890,1.26282,1.26323,1.00,1.37
2015.02.03 02:30:49.440,1.26282,1.26323,1.00,1.37
2015.02.03 02:30:49.781,1.26286,1.26322,1.00,1.37
2015.02.03 02:30:50.091,1.26282,1.26322,1.00,1.37
2015.02.03 02:30:50.142,1.26282,1.26322,1.00,1.37
2015.02.03 02:30:50.647,1.26281,1.26323,1.00,1.37
2015.02.03 02:30:51.310,1.26281,1.26323,1.00,1.37
2015.02.03 02:30:52.008,1.26282,1.2632,1.00,1.37
2015.02.03 02:30:53.732,1.26286,1.26321,1.00,1.37
2015.02.03 02:30:58.468,1.26282,1.26321,1.00,1.37
2015.02.03 02:30:58.575,1.26287,1.26321,1.00,1.37
2015.02.03 02:30:59.887,1.26286,1.26321,1.00,1.37
2015.02.03 02:31:00.242,1.26282,1.26321,1.00,1.37
2015.02.03 02:31:00.441,1.26282,1.26321,1.00,1.37
2015.02.03 02:31:00.745,1.26286,1.26319,1.00,1.37
2015.02.03 02:31:00.796,1.26282,1.26316,1.00,1.37
2015.02.03 02:31:01.359,1.26281,1.26316,1.00,1.37
2015.02.03 02:31:02.740,1.26277,1.26316,1.00,1.37
2015.02.03 02:31:03.182,1.26282,1.26316,1.00,1.37
2015.02.03 02:31:04.074,1.26277,1.26316,1.00,1.37
2015.02.03 02:31:04.540,1.26281,1.26316,1.00,1.37
2015.02.03 02:31:06.090,1.26276,1.26316,1.00,1.37
2015.02.03 02:31:06.394,1.26281,1.26313,1.00,1.37
2015.02.03 02:31:08.169,1.26271,1.26288,1.00,1.00
2015.02.03 02:31:08.271,1.26267,1.26286,1.00,1.00
2015.02.03 02:31:08.372,1.26261,1.26286,1.00,1.00
2015.02.03 02:31:08.474,1.26235,1.26307,1.00,1.37
2015.02.03 02:31:08.576,1.26232,1.26304,1.00,1.37
2015.02.03 02:31:08.626,1.26232,1.26304,1.00,1.37
2015.02.03 02:31:09.132,1.26232,1.26298,1.00,1.37
2015.02.03 02:31:09.436,1.26236,1.26298,1.00,1.37
2015.02.03 02:31:09.487,1.26232,1.26298,1.00,1.37
2015.02.03 02:31:11.451,1.26237,1.26298,1.00,1.37
2015.02.03 02:31:13.551,1.26237,1.26289,1.00,1.37
2015.02.03 02:31:13.754,1.26227,1.26289,1.87,1.37
2015.02.03 02:31:14.007,1.26226,1.2629,1.00,1.87
2015.02.03 02:31:14.210,1.26224,1.2629,1.00,1.87
2015.02.03 02:31:14.816,1.26223,1.26288,1.12,1.37
2015.02.03 02:31:14.867,1.26226,1.26288,1.00,1.37
2015.02.03 02:31:14.974,1.26223,1.26288,1.00,1.37
2015.02.03 02:31:15.076,1.26226,1.26288,1.00,1.37
2015.02.03 02:31:15.317,1.26224,1.26288,1.00,1.37
2015.02.03 02:31:15.654,1.26226,1.26288,1.00,1.37
2015.02.03 02:31:16.493,1.26227,1.26288,1.00,1.37
2015.02.03 02:31:16.748,1.26222,1.26288,1.50,1.37
2015.02.03 02:31:16.850,1.26226,1.26288,1.00,1.37
2015.02.03 02:31:16.930,1.26222,1.26288,1.50,1.37
2015.02.03 02:31:17.040,1.26226,1.26288,1.00,1.37
2015.02.03 02:31:17.960,1.26224,1.26288,1.00,1.37
2015.02.03 02:31:18.062,1.26226,1.26288,1.00,1.87
2015.02.03 02:31:19.176,1.26226,1.26288,1.00,1.37
2015.02.03 02:31:19.480,1.26227,1.26285,1.00,1.87
2015.02.03 02:31:19.785,1.26223,1.26279,1.00,1.37
2015.02.03 02:31:20.142,1.26221,1.26283,1.00,1.37
2015.02.03 02:31:20.396,1.26221,1.26282,1.50,1.37
2015.02.03 02:31:23.074,1.26222,1.26283,1.00,1.37
2015.02.03 02:31:23.581,1.26217,1.26283,1.00,1.37
2015.02.03 02:31:23.750,1.26221,1.26283,1.00,1.37
2015.02.03 02:31:24.288,1.26222,1.26283,1.00,1.37
2015.02.03 02:31:24.792,1.26221,1.26284,1.00,1.87
2015.02.03 02:31:25.198,1.26217,1.26283,1.50,1.37
2015.02.03 02:31:26.110,1.26218,1.26283,1.00,1.37
2015.02.03 02:31:26.917,1.26219,1.26283,1.00,1.37
2015.02.03 02:31:27.297,1.26222,1.26283,1.00,1.37
2015.02.03 02:31:27.630,1.26217,1.26283,1.87,1.37
2015.02.03 02:31:28.583,1.26216,1.26283,1.00,1.37
2015.02.03 02:31:29.091,1.26217,1.26283,1.00,1.37
2015.02.03 02:31:29.293,1.26222,1.26283,1.00,1.37
2015.02.03 02:31:29.513,1.26216,1.26283,1.50,1.37
2015.02.03 02:31:29.615,1.26221,1.26284,1.00,1.87
2015.02.03 02:31:30.130,1.26222,1.26283,1.00,1.37
2015.02.03 02:31:30.680,1.26221,1.26284,1.00,1.87
2015.02.03 02:31:30.797,1.26216,1.26283,1.87,1.37
2015.02.03 02:31:30.949,1.26221,1.26284,1.00,1.87
2015.02.03 02:31:31.296,1.26226,1.26283,1.00,1.37
2015.02.03 02:31:31.670,1.26221,1.26284,1.00,1.87
2015.02.03 02:31:31.822,1.26226,1.26283,1.00,1.37
2015.02.03 02:31:32.028,1.26222,1.26284,1.00,1.87
2015.02.03 02:31:32.536,1.26221,1.26283,1.00,1.37
2015.02.03 02:31:32.587,1.26226,1.26283,1.00,1.37
2015.02.03 02:31:32.689,1.26222,1.26284,1.00,1.87
2015.02.03 02:31:32.907,1.26226,1.26284,1.00,1.87
2015.02.03 02:31:33.210,1.26221,1.26284,1.00,1.87
2015.02.03 02:31:33.362,1.26217,1.26283,1.37,1.37
2015.02.03 02:31:33.903,1.26222,1.26284,1.00,1.87
2015.02.03 02:31:34.330,1.26221,1.26284,1.00,1.87
2015.02.03 02:31:34.584,1.26218,1.26283,1.00,1.37
2015.02.03 02:31:34.685,1.26231,1.26284,1.00,1.87
2015.02.03 02:31:35.006,1.26216,1.26284,1.00,1.37
2015.02.03 02:31:35.109,1.26214,1.26283,1.00,1.37
2015.02.03 02:31:35.211,1.26217,1.26283,1.00,1.37
2015.02.03 02:31:35.778,1.26214,1.26283,1.00,1.37
2015.02.03 02:31:35.879,1.26217,1.26283,1.00,1.37
2015.02.03 02:31:36.390,1.26216,1.26283,1.00,1.37
2015.02.03 02:31:37.305,1.26217,1.26284,1.00,1.87
2015.02.03 02:31:38.060,1.26217,1.26257,1.00,0.37
2015.02.03 02:31:38.874,1.26216,1.26271,1.00,1.37
2015.02.03 02:31:39.295,1.26214,1.26271,1.50,1.37
2015.02.03 02:31:39.397,1.26217,1.26271,1.00,1.37
2015.02.03 02:31:39.987,1.26216,1.26272,1.00,1.37
2015.02.03 02:31:40.093,1.26214,1.26271,1.00,1.37
2015.02.03 02:31:40.196,1.26217,1.2627,1.00,1.37
2015.02.03 02:31:40.503,1.2621,1.2627,1.00,1.37
2015.02.03 02:31:42.041,1.26207,1.26268,1.00,1.37
2015.02.03 02:31:45.252,1.26207,1.26244,1.00,1.00
2015.02.03 02:31:45.354,1.26204,1.26243,1.00,1.00
2015.02.03 02:31:45.455,1.26201,1.26261,1.00,1.37
2015.02.03 02:31:45.760,1.26204,1.26268,1.00,1.37
2015.02.03 02:31:46.566,1.26204,1.26267,1.00,1.37
2015.02.03 02:31:47.089,1.26204,1.26264,1.00,1.37
2015.02.03 02:31:48.763,1.26205,1.26265,1.00,1.37
2015.02.03 02:31:48.865,1.26205,1.26264,1.00,1.37
2015.02.03 02:31:49.118,1.26205,1.26261,1.00,1.37
2015.02.03 02:31:49.270,1.26203,1.26262,1.00,1.37
2015.02.03 02:31:49.322,1.26203,1.26267,1.00,1.37
2015.02.03 02:31:49.525,1.26205,1.26268,1.00,1.37
2015.02.03 02:31:49.733,1.26204,1.26264,1.00,1.37
2015.02.03 02:31:49.839,1.26204,1.26264,1.00,1.37
2015.02.03 02:31:52.830,1.26202,1.26265,1.00,1.50
2015.02.03 02:31:58.221,1.26204,1.26262,1.00,1.37
2015.02.03 02:32:05.998,1.26201,1.26241,1.00,1.00
2015.02.03 02:32:06.251,1.26164,1.26246,1.00,1.87
2015.02.03 02:32:06.353,1.26172,1.26244,1.00,1.37
2015.02.03 02:32:06.559,1.26164,1.26239,1.00,1.12
2015.02.03 02:32:06.660,1.26163,1.26231,1.00,1.00
2015.02.03 02:32:06.964,1.26167,1.26231,1.00,1.00
2015.02.03 02:32:07.819,1.26166,1.26231,1.00,1.00
2015.02.03 02:32:08.345,1.26167,1.26231,1.00,1.00
2015.02.03 02:32:09.530,1.26172,1.26231,1.00,1.00
2015.02.03 02:32:09.971,1.26167,1.26231,1.50,1.00
2015.02.03 02:32:10.619,1.26168,1.26231,1.00,1.00
2015.02.03 02:32:10.670,1.26172,1.26231,1.00,1.00
2015.02.03 02:32:10.896,1.26168,1.26231,1.00,1.00
2015.02.03 02:32:11.484,1.26167,1.26231,1.50,1.00
2015.02.03 02:32:13.162,1.26172,1.26231,1.00,1.00
2015.02.03 02:32:14.590,1.26167,1.26231,1.50,1.00
2015.02.03 02:32:14.641,1.26169,1.26231,1.00,1.00
2015.02.03 02:32:15.162,1.26168,1.26231,1.00,1.00
2015.02.03 02:32:16.022,1.26169,1.26231,1.00,1.00
2015.02.03 02:32:16.631,1.26168,1.26231,1.00,1.00
2015.02.03 02:32:17.134,1.26169,1.26231,1.00,1.00
2015.02.03 02:32:18.043,1.2617,1.26231,1.00,1.00
2015.02.03 02:32:18.594,1.26169,1.26231,1.00,1.00
2015.02.03 02:32:19.193,1.2617,1.26231,1.00,1.00
2015.02.03 02:32:20.114,1.26169,1.26231,1.00,1.00
2015.02.03 02:32:20.620,1.2617,1.26231,1.00,1.00
2015.02.03 02:32:21.779,1.26169,1.26231,1.00,1.00
2015.02.03 02:32:22.809,1.2617,1.26231,1.00,1.00
2015.02.03 02:32:23.589,1.26169,1.26231,1.00,1.00
2015.02.03 02:32:24.138,1.26169,1.26232,1.00,1.00
2015.02.03 02:32:24.663,1.2617,1.26232,1.00,1.00
2015.02.03 02:32:25.169,1.26169,1.26232,1.00,1.00
2015.02.03 02:32:25.589,1.26171,1.26232,1.00,1.00
2015.02.03 02:32:25.899,1.26171,1.26229,1.00,1.00
2015.02.03 02:32:26.240,1.26169,1.26229,1.00,1.00
2015.02.03 02:32:26.744,1.2617,1.26229,1.00,1.00
2015.02.03 02:32:29.557,1.26172,1.26229,1.00,1.00
2015.02.03 02:32:29.660,1.2617,1.26229,1.00,1.00
2015.02.03 02:32:29.786,1.26168,1.26229,1.00,1.00
2015.02.03 02:32:30.293,1.26167,1.26229,1.00,1.00
2015.02.03 02:32:31.205,1.26168,1.26229,1.00,1.00
2015.02.03 02:32:31.712,1.26167,1.26229,2.25,1.00
2015.02.03 02:32:32.219,1.26168,1.26229,1.00,1.00
2015.02.03 02:32:32.848,1.26172,1.26229,1.00,1.00
2015.02.03 02:32:32.959,1.26168,1.26229,1.00,1.00
2015.02.03 02:32:33.434,1.26157,1.26229,1.00,1.00
2015.02.03 02:32:33.675,1.26156,1.26227,1.00,1.00
2015.02.03 02:32:38.236,1.26158,1.26227,1.00,1.00
2015.02.03 02:32:38.788,1.26158,1.26228,1.00,1.00
2015.02.03 02:32:38.890,1.26158,1.2623,1.00,1.50
2015.02.03 02:32:39.098,1.2616,1.26229,1.00,1.00
2015.02.03 02:32:39.652,1.2616,1.2623,1.00,1.50
2015.02.03 02:32:40.244,1.2616,1.2623,1.00,1.87
2015.02.03 02:32:40.548,1.2616,1.26229,1.00,3.00
2015.02.03 02:32:40.650,1.26157,1.26228,1.00,1.50
2015.02.03 02:32:40.751,1.26155,1.26225,1.00,1.75
2015.02.03 02:32:42.152,1.26155,1.26211,1.00,1.12
2015.02.03 02:32:42.253,1.26155,1.26217,1.00,1.75
2015.02.03 02:32:42.354,1.26155,1.26211,1.00,1.12
2015.02.03 02:32:42.456,1.26154,1.26216,1.00,1.75
2015.02.03 02:32:43.763,1.26154,1.26212,1.00,1.37
2015.02.03 02:32:44.727,1.26151,1.26214,1.00,1.37
2015.02.03 02:32:45.284,1.2615,1.26214,1.00,1.50
2015.02.03 02:32:47.079,1.2615,1.26215,1.00,1.87
2015.02.03 02:32:47.130,1.26148,1.26215,1.00,1.87
2015.02.03 02:32:47.392,1.26145,1.26208,1.00,1.00
2015.02.03 02:32:47.494,1.26141,1.26208,1.00,1.00
2015.02.03 02:32:47.775,1.26137,1.26206,1.00,1.37
2015.02.03 02:32:47.826,1.26135,1.26206,1.00,1.37
2015.02.03 02:32:47.928,1.26142,1.26203,1.00,1.00
2015.02.03 02:32:48.292,1.26146,1.26203,1.00,1.00
2015.02.03 02:32:49.026,1.26146,1.26202,1.00,1.00
2015.02.03 02:32:49.131,1.26146,1.26204,1.00,1.00
2015.02.03 02:32:49.638,1.26146,1.26203,1.00,1.50
2015.02.03 02:32:50.189,1.26146,1.26202,1.00,1.50
2015.02.03 02:32:50.713,1.26146,1.262,1.00,1.00
2015.02.03 02:32:51.252,1.26145,1.26201,1.00,1.00
2015.02.03 02:32:51.828,1.26145,1.262,1.00,1.00
2015.02.03 02:32:52.528,1.26145,1.26199,1.00,1.00
2015.02.03 02:32:52.833,1.26145,1.262,1.00,1.37
2015.02.03 02:32:53.086,1.26139,1.262,1.00,1.87
2015.02.03 02:32:53.339,1.26139,1.26195,1.00,1.00
2015.02.03 02:32:53.642,1.26139,1.26197,1.00,1.12
2015.02.03 02:32:53.940,1.26139,1.26195,1.00,1.00
2015.02.03 02:32:54.446,1.26139,1.26194,1.00,1.00
2015.02.03 02:32:55.481,1.26139,1.26193,1.00,1.00
2015.02.03 02:32:56.313,1.26139,1.26198,0.75,1.37
2015.02.03 02:32:56.478,1.26127,1.26199,1.00,1.87
2015.02.03 02:32:57.138,1.26129,1.26198,1.00,1.50
2015.02.03 02:33:05.448,1.26129,1.26199,1.00,1.37
2015.02.03 02:33:05.751,1.26136,1.26201,1.00,1.00
2015.02.03 02:33:05.852,1.26137,1.26204,1.00,1.12
2015.02.03 02:33:06.635,1.26137,1.26206,1.00,1.37
2015.02.03 02:33:06.941,1.26135,1.26205,1.00,1.37
2015.02.03 02:33:13.778,1.26134,1.26199,1.00,1.37
2015.02.03 02:33:24.023,1.26134,1.26204,1.00,1.50
2015.02.03 02:33:24.326,1.26139,1.26205,1.00,1.37
2015.02.03 02:33:24.478,1.26143,1.26213,1.00,2.25
2015.02.03 02:33:24.529,1.26145,1.26213,1.00,1.50
2015.02.03 02:33:25.338,1.26145,1.26213,1.00,1.50
2015.02.03 02:33:26.851,1.26144,1.26212,1.00,1.37
2015.02.03 02:33:27.380,1.26145,1.26215,1.00,1.37
2015.02.03 02:33:27.798,1.26142,1.26212,1.00,1.37
2015.02.03 02:33:28.203,1.26142,1.26212,1.00,1.37
2015.02.03 02:33:29.818,1.26145,1.26212,1.00,1.37
2015.02.03 02:33:30.823,1.26147,1.26213,1.00,1.37
2015.02.03 02:33:31.148,1.2615,1.26215,1.00,1.37
2015.02.03 02:33:34.476,1.2615,1.26214,1.00,1.37
2015.02.03 02:33:34.577,1.26153,1.26214,1.00,1.37
2015.02.03 02:33:34.881,1.2616,1.26225,1.00,1.37
2015.02.03 02:33:35.425,1.2616,1.26225,1.00,1.37
2015.02.03 02:33:36.538,1.26159,1.26229,1.00,1.75
2015.02.03 02:33:36.791,1.26156,1.26226,1.00,1.37
2015.02.03 02:33:37.754,1.26156,1.26223,1.00,1.37
2015.02.03 02:33:37.956,1.26153,1.26222,1.00,1.37
2015.02.03 02:33:38.210,1.26151,1.26221,1.00,1.37
2015.02.03 02:33:38.873,1.2615,1.26221,1.00,1.87
2015.02.03 02:33:40.211,1.2615,1.26221,1.00,3.00
2015.02.03 02:33:40.262,1.26153,1.26221,1.00,1.50
2015.02.03 02:33:40.313,1.26153,1.26221,1.00,1.37
2015.02.03 02:33:40.414,1.26159,1.26221,1.00,1.37
2015.02.03 02:33:40.516,1.26159,1.26229,1.00,1.37
2015.02.03 02:33:41.025,1.26159,1.26231,1.00,1.37
2015.02.03 02:33:42.045,1.26159,1.26231,1.00,1.37
2015.02.03 02:33:42.587,1.26159,1.26231,1.00,1.37
2015.02.03 02:33:43.624,1.26159,1.26231,1.00,1.37
2015.02.03 02:33:44.131,1.26158,1.26228,1.00,1.37
2015.02.03 02:33:44.254,1.26156,1.26228,1.00,1.37
2015.02.03 02:33:45.118,1.26155,1.26227,1.00,1.37
2015.02.03 02:33:45.447,1.26155,1.26227,1.00,1.37
2015.02.03 02:33:45.550,1.26153,1.26225,1.00,1.37
2015.02.03 02:33:45.905,1.26155,1.26225,1.00,1.37
2015.02.03 02:33:46.866,1.26151,1.26222,1.00,1.37
2015.02.03 02:33:46.917,1.26151,1.26222,1.00,1.37
2015.02.03 02:33:47.120,1.26153,1.26223,1.00,1.37
2015.02.03 02:33:47.423,1.26158,1.26228,1.00,1.87
2015.02.03 02:33:47.576,1.26158,1.26228,1.00,1.37
2015.02.03 02:33:47.628,1.26161,1.26228,1.00,1.37
2015.02.03 02:33:47.932,1.26166,1.26233,1.00,1.37
2015.02.03 02:33:49.566,1.26166,1.26233,1.00,1.37
2015.02.03 02:33:50.121,1.26166,1.26234,1.00,1.37
2015.02.03 02:33:50.993,1.26166,1.26234,1.00,1.37
2015.02.03 02:33:51.044,1.26164,1.26231,1.00,1.12
2015.02.03 02:33:51.399,1.26162,1.26231,1.00,1.75
2015.02.03 02:33:53.064,1.26161,1.26229,1.00,1.50
2015.02.03 02:33:54.682,1.26159,1.26226,1.00,1.75
2015.02.03 02:33:54.732,1.26159,1.26225,1.00,2.25
2015.02.03 02:33:54.835,1.26159,1.26226,1.00,1.75
2015.02.03 02:33:55.367,1.2616,1.26224,1.00,1.50
2015.02.03 02:33:58.230,1.2616,1.26222,1.00,1.37
2015.02.03 02:33:59.308,1.26161,1.26223,1.00,1.37
2015.02.03 02:34:04.838,1.26161,1.26218,1.00,1.00
2015.02.03 02:34:05.844,1.26161,1.26219,1.00,1.12
2015.02.03 02:34:06.897,1.26161,1.26218,1.00,1.00
2015.02.03 02:34:07.695,1.26165,1.26218,1.00,1.00
2015.02.03 02:34:08.292,1.26165,1.26219,1.00,1.12
2015.02.03 02:34:10.005,1.26165,1.26222,1.00,1.37
2015.02.03 02:34:11.531,1.26166,1.26226,1.00,1.00
2015.02.03 02:34:12.103,1.26166,1.26231,1.00,1.50
2015.02.03 02:34:14.889,1.26166,1.26231,1.00,1.87
2015.02.03 02:34:18.548,1.2617,1.26232,1.00,1.75
2015.02.03 02:34:18.902,1.26173,1.26236,1.00,1.12
2015.02.03 02:34:19.205,1.26176,1.26236,1.00,1.12
2015.02.03 02:34:20.425,1.26173,1.26236,1.00,1.12
2015.02.03 02:34:20.930,1.26173,1.26236,1.00,1.12
2015.02.03 02:34:21.889,1.26173,1.26228,1.00,1.00
2015.02.03 02:34:22.427,1.26173,1.26233,1.00,1.75
2015.02.03 02:34:25.799,1.26172,1.26232,1.00,1.75
2015.02.03 02:34:28.897,1.26172,1.26232,1.37,1.75
2015.02.03 02:34:30.270,1.26172,1.26229,1.37,1.00
2015.02.03 02:34:30.457,1.26172,1.26223,1.37,1.00
2015.02.03 02:34:30.821,1.26173,1.26228,1.00,1.37
2015.02.03 02:34:30.922,1.26173,1.26224,1.37,1.00
2015.02.03 02:34:31.126,1.26173,1.26228,1.00,1.12
2015.02.03 02:34:31.227,1.26172,1.26224,1.00,1.00
2015.02.03 02:34:32.246,1.26172,1.26224,1.37,1.00
2015.02.03 02:34:32.760,1.26172,1.26223,1.37,1.00
2015.02.03 02:34:33.317,1.26172,1.26228,1.37,1.00
2015.02.03 02:34:33.579,1.26172,1.26224,1.37,1.00
2015.02.03 02:34:33.781,1.26172,1.26228,1.37,1.00
2015.02.03 02:34:34.134,1.26172,1.26224,1.37,1.00
2015.02.03 02:34:37.715,1.26173,1.26224,1.37,1.00
2015.02.03 02:34:38.226,1.26173,1.26224,1.37,1.00
2015.02.03 02:34:38.376,1.26173,1.26228,1.37,1.00
2015.02.03 02:34:39.815,1.26173,1.26228,1.37,1.00
2015.02.03 02:34:39.967,1.26173,1.26234,1.37,1.87
2015.02.03 02:34:40.271,1.26174,1.26228,1.37,1.00
2015.02.03 02:34:40.494,1.26174,1.26234,1.37,1.37
2015.02.03 02:34:40.861,1.26174,1.26239,1.37,1.87
2015.02.03 02:34:41.013,1.26177,1.26234,1.37,1.00
2015.02.03 02:34:41.438,1.2618,1.26238,1.37,1.12
2015.02.03 02:34:41.590,1.26178,1.26234,1.37,1.00
2015.02.03 02:34:41.692,1.26177,1.26233,1.37,1.00
2015.02.03 02:34:42.239,1.26177,1.26234,1.37,1.00
2015.02.03 02:34:42.544,1.26177,1.26234,1.37,1.37
2015.02.03 02:34:42.865,1.26177,1.26228,1.37,1.00
2015.02.03 02:34:43.412,1.26175,1.26229,1.37,1.00
2015.02.03 02:34:43.462,1.26175,1.26234,1.37,1.00
2015.02.03 02:34:43.918,1.26175,1.26229,1.37,1.00
2015.02.03 02:34:44.427,1.26175,1.26233,1.37,1.00
2015.02.03 02:34:44.866,1.26175,1.26229,1.37,1.00
2015.02.03 02:34:45.119,1.26175,1.26233,1.37,1.00
2015.02.03 02:34:45.197,1.26175,1.26229,1.37,1.00
2015.02.03 02:34:45.308,1.26175,1.26233,1.37,1.00
2015.02.03 02:34:45.747,1.26175,1.26239,1.37,1.37
2015.02.03 02:34:45.858,1.26175,1.26229,1.37,1.00
2015.02.03 02:34:46.299,1.26175,1.26233,1.37,1.00
2015.02.03 02:34:46.942,1.26175,1.26228,1.37,1.00
2015.02.03 02:34:46.993,1.26175,1.26234,1.37,1.00
2015.02.03 02:34:47.094,1.26175,1.26229,1.37,1.00
2015.02.03 02:34:47.658,1.26175,1.26233,1.37,1.00
2015.02.03 02:34:48.197,1.26175,1.26228,1.37,1.00
2015.02.03 02:34:49.092,1.26175,1.26233,1.37,1.00
2015.02.03 02:34:51.724,1.26175,1.26229,1.37,1.00
2015.02.03 02:34:54.109,1.26178,1.26228,1.37,1.00
2015.02.03 02:34:54.820,1.26178,1.26229,1.37,1.00
2015.02.03 02:34:55.124,1.2618,1.26228,1.37,1.00
2015.02.03 02:34:55.226,1.2618,1.26233,1.37,1.00
2015.02.03 02:34:55.580,1.26182,1.26239,1.37,1.00
2015.02.03 02:34:55.631,1.26185,1.26239,1.37,1.00
2015.02.03 02:34:56.001,1.26185,1.26238,1.37,1.00
2015.02.03 02:34:56.519,1.26184,1.26239,1.37,1.00
2015.02.03 02:34:56.570,1.26184,1.26243,1.37,1.00
2015.02.03 02:34:56.672,1.26185,1.26239,1.37,1.00
2015.02.03 02:34:56.975,1.26185,1.26234,1.37,1.00
2015.02.03 02:34:57.422,1.26185,1.26238,1.37,1.00
2015.02.03 02:34:57.526,1.26185,1.26243,1.37,1.00
2015.02.03 02:34:57.678,1.26185,1.26243,1.37,2.25
2015.02.03 02:34:57.919,1.26183,1.26243,1.37,2.25
2015.02.03 02:34:58.273,1.26183,1.2624,1.37,1.75
2015.02.03 02:34:58.577,1.26183,1.26234,1.37,1.37
2015.02.03 02:34:58.678,1.26183,1.26234,1.37,1.00
2015.02.03 02:34:58.780,1.26183,1.26236,1.37,1.00
2015.02.03 02:34:58.932,1.26184,1.26236,1.37,1.00
2015.02.03 02:34:59.237,1.26186,1.26234,1.37,1.00
2015.02.03 02:34:59.642,1.26186,1.26231,1.37,1.00
2015.02.03 02:34:59.956,1.26186,1.26233,1.37,1.00
2015.02.03 02:35:00.571,1.26185,1.26232,1.37,1.00
2015.02.03 02:35:00.728,1.26184,1.26233,1.37,1.00
2015.02.03 02:35:00.779,1.26183,1.26231,1.37,1.00
2015.02.03 02:35:01.184,1.26183,1.26228,1.37,1.00
2015.02.03 02:35:01.647,1.26188,1.26226,1.37,1.00
2015.02.03 02:35:02.255,1.26188,1.26225,1.37,1.00
2015.02.03 02:35:02.909,1.26179,1.26224,1.37,1.00
2015.02.03 02:35:04.220,1.26179,1.26223,1.37,1.00
2015.02.03 02:35:04.938,1.26177,1.26222,1.37,1.00
2015.02.03 02:35:06.220,1.26177,1.26223,1.87,1.00
2015.02.03 02:35:06.725,1.26183,1.26222,1.37,1.00
2015.02.03 02:35:07.227,1.26177,1.26223,1.37,1.00
2015.02.03 02:35:07.959,1.26177,1.26222,1.37,1.00
2015.02.03 02:35:08.477,1.26177,1.26223,1.37,1.00
2015.02.03 02:35:09.043,1.26177,1.26222,1.37,1.00
2015.02.03 02:35:09.502,1.26179,1.26225,1.37,1.00
2015.02.03 02:35:09.755,1.2618,1.26226,1.37,1.00
2015.02.03 02:35:10.008,1.26185,1.26229,1.37,1.00
2015.02.03 02:35:10.059,1.26185,1.26229,1.37,1.00
2015.02.03 02:35:10.212,1.26187,1.26234,1.37,1.00
2015.02.03 02:35:11.246,1.26187,1.26233,1.37,1.00
2015.02.03 02:35:12.110,1.26187,1.26232,1.37,1.00
2015.02.03 02:35:12.630,1.26187,1.26229,1.37,1.00
2015.02.03 02:35:13.144,1.2619,1.2623,1.37,1.00
2015.02.03 02:35:13.448,1.26186,1.26223,1.37,1.00
2015.02.03 02:35:13.752,1.26186,1.26219,1.37,1.00
2015.02.03 02:35:13.955,1.26179,1.26223,1.37,1.00
2015.02.03 02:35:14.157,1.26179,1.26228,1.37,1.00
2015.02.03 02:35:14.613,1.26179,1.26233,1.37,1.00
2015.02.03 02:35:14.664,1.26179,1.26231,1.37,1.00
2015.02.03 02:35:15.527,1.26179,1.26218,1.37,1.00
2015.02.03 02:35:18.736,1.2618,1.26218,1.37,1.00
2015.02.03 02:35:18.974,1.2618,1.26223,1.37,1.00
2015.02.03 02:35:19.737,1.26176,1.26218,1.37,1.00
2015.02.03 02:35:23.051,1.26179,1.26223,1.37,1.00
2015.02.03 02:35:26.559,1.2618,1.26218,1.37,1.00
2015.02.03 02:35:27.086,1.26177,1.26219,1.37,1.00
2015.02.03 02:35:27.238,1.26177,1.26221,1.37,1.00
2015.02.03 02:35:27.340,1.26177,1.26218,1.37,1.00
2015.02.03 02:35:27.548,1.26177,1.2622,1.37,1.00
2015.02.03 02:35:27.700,1.26176,1.26213,1.37,1.00
2015.02.03 02:35:27.802,1.26176,1.26218,1.37,1.00
2015.02.03 02:35:27.903,1.26176,1.26213,1.37,1.00
2015.02.03 02:35:28.213,1.26176,1.26218,1.37,1.00
2015.02.03 02:35:28.264,1.26176,1.26216,1.37,1.00
2015.02.03 02:35:29.080,1.26176,1.26219,1.37,1.50
2015.02.03 02:35:30.269,1.26176,1.26217,1.37,1.00
2015.02.03 02:35:30.967,1.26176,1.26218,1.37,1.00
2015.02.03 02:35:31.473,1.26176,1.26217,1.87,1.00
2015.02.03 02:35:32.089,1.26176,1.26216,1.87,1.00
2015.02.03 02:35:32.600,1.26176,1.26217,1.37,1.00
2015.02.03 02:35:32.905,1.26175,1.26214,1.37,1.00
2015.02.03 02:35:33.160,1.26175,1.26217,1.37,1.00
2015.02.03 02:35:33.668,1.26176,1.26216,1.37,1.00
2015.02.03 02:35:34.175,1.26175,1.26217,1.37,1.00
2015.02.03 02:35:35.114,1.26175,1.26216,1.37,1.00
2015.02.03 02:35:35.756,1.26176,1.26215,1.37,1.00
2015.02.03 02:35:36.306,1.26175,1.26214,1.37,1.00
2015.02.03 02:35:37.123,1.26175,1.26217,1.37,1.00
2015.02.03 02:35:37.382,1.26175,1.26214,1.37,1.00
2015.02.03 02:35:37.942,1.26176,1.26213,1.37,1.00
2015.02.03 02:35:38.581,1.26176,1.26218,1.37,1.50
2015.02.03 02:35:38.682,1.26176,1.26214,1.37,1.00
2015.02.03 02:35:39.249,1.26175,1.26219,1.37,1.00
2015.02.03 02:35:39.538,1.26176,1.26214,1.37,1.00
2015.02.03 02:35:40.979,1.26176,1.26222,1.37,1.00
2015.02.03 02:35:41.030,1.26176,1.26241,1.37,1.12
2015.02.03 02:35:41.283,1.26177,1.26244,1.37,1.75
2015.02.03 02:35:41.688,1.26187,1.26243,1.37,1.00
2015.02.03 02:35:41.790,1.26187,1.26247,1.37,1.37
2015.02.03 02:35:41.841,1.26198,1.26258,1.37,1.50
2015.02.03 02:35:41.891,1.26198,1.26253,1.37,1.00
2015.02.03 02:35:42.196,1.26223,1.26269,1.00,1.00
2015.02.03 02:35:42.297,1.26222,1.2628,1.00,1.37
2015.02.03 02:35:42.399,1.26226,1.26279,1.00,1.00
2015.02.03 02:35:42.500,1.26226,1.2629,1.00,1.00
2015.02.03 02:35:42.601,1.26229,1.26284,1.00,1.00
2015.02.03 02:35:42.921,1.26234,1.26299,1.00,1.00
2015.02.03 02:35:43.124,1.26239,1.26299,1.00,1.00
2015.02.03 02:35:43.226,1.26231,1.26299,1.00,1.00
2015.02.03 02:35:43.327,1.26228,1.26299,1.00,1.00
2015.02.03 02:35:43.529,1.2623,1.26299,1.00,1.00
2015.02.03 02:35:43.631,1.26226,1.26299,1.00,1.00
2015.02.03 02:35:43.732,1.26229,1.26299,1.00,1.00
2015.02.03 02:35:43.834,1.26226,1.26299,1.50,1.00
2015.02.03 02:35:43.935,1.26233,1.26299,1.00,1.00
2015.02.03 02:35:44.037,1.26229,1.26299,1.00,1.00
2015.02.03 02:35:44.138,1.26226,1.26299,1.50,1.00
2015.02.03 02:35:44.714,1.26227,1.26299,1.00,1.00
2015.02.03 02:35:45.068,1.26229,1.26299,1.00,1.00
2015.02.03 02:35:45.555,1.26226,1.26299,1.50,1.00
2015.02.03 02:35:45.960,1.26242,1.26299,1.00,1.50
2015.02.03 02:35:46.011,1.26242,1.26303,1.00,1.00
2015.02.03 02:35:46.062,1.2625,1.26303,1.00,1.00
2015.02.03 02:35:46.164,1.26247,1.26303,1.00,1.00
2015.02.03 02:35:46.265,1.26243,1.26303,1.00,1.00
2015.02.03 02:35:46.468,1.26241,1.26302,1.00,1.00
2015.02.03 02:35:46.772,1.26247,1.26302,1.00,1.00
2015.02.03 02:35:47.177,1.26252,1.26302,1.00,1.00
2015.02.03 02:35:47.805,1.26231,1.26301,1.37,1.75
2015.02.03 02:35:47.907,1.26231,1.26281,1.00,1.00
2015.02.03 02:35:47.958,1.26231,1.26251,1.00,0.75
2015.02.03 02:35:48.059,1.2623,1.26299,1.12,1.00
2015.02.03 02:35:48.110,1.26229,1.26299,1.37,1.00
2015.02.03 02:35:48.212,1.26233,1.26306,1.50,1.00
2015.02.03 02:35:48.313,1.2624,1.26307,1.00,1.00
2015.02.03 02:35:48.631,1.26247,1.26307,1.00,1.00
2015.02.03 02:35:49.137,1.26246,1.26307,1.00,1.00
2015.02.03 02:35:50.004,1.26244,1.26307,1.00,1.00
2015.02.03 02:35:50.339,1.26247,1.26307,1.00,1.00
2015.02.03 02:35:50.853,1.26248,1.26307,1.00,1.00
2015.02.03 02:35:51.969,1.2625,1.26307,1.00,1.00
2015.02.03 02:35:52.070,1.26235,1.26307,1.37,1.50
2015.02.03 02:35:52.121,1.26235,1.26269,1.37,0.75
2015.02.03 02:35:52.526,1.26229,1.26269,1.37,1.00
2015.02.03 02:35:52.729,1.26233,1.26268,1.00,1.00
2015.02.03 02:35:53.034,1.26233,1.26274,1.00,1.00
2015.02.03 02:35:53.335,1.26231,1.26274,1.00,1.00
2015.02.03 02:35:53.436,1.26231,1.26268,1.00,1.00
2015.02.03 02:35:53.538,1.26231,1.26273,1.00,1.00
2015.02.03 02:35:53.639,1.26228,1.26273,1.12,1.12
2015.02.03 02:35:53.740,1.26225,1.26276,1.00,1.00
2015.02.03 02:35:53.791,1.26225,1.26274,1.00,1.00
2015.02.03 02:35:54.116,1.26225,1.26271,1.00,1.00
2015.02.03 02:35:54.217,1.26225,1.26274,1.00,1.00
2015.02.03 02:35:54.268,1.26225,1.26274,1.37,1.00
2015.02.03 02:35:54.569,1.26225,1.26269,1.37,1.50
2015.02.03 02:35:54.772,1.26225,1.26274,1.37,1.00
2015.02.03 02:35:54.873,1.26225,1.26268,1.37,1.00
2015.02.03 02:35:55.733,1.26214,1.26268,1.37,1.00
2015.02.03 02:35:56.169,1.26214,1.26265,1.37,1.00
2015.02.03 02:35:56.701,1.26213,1.26264,1.37,1.00
2015.02.03 02:35:57.298,1.26213,1.26263,1.37,1.00
2015.02.03 02:35:57.827,1.26213,1.26264,1.37,1.00
2015.02.03 02:35:58.474,1.26213,1.26265,1.37,1.00
2015.02.03 02:35:58.991,1.26213,1.26263,1.37,1.00
2015.02.03 02:35:59.501,1.26213,1.26264,1.37,1.00
2015.02.03 02:35:59.805,1.2621,1.26249,1.37,1.00
2015.02.03 02:36:00.047,1.2621,1.26253,1.37,1.00
2015.02.03 02:36:00.153,1.2621,1.26239,1.37,1.00
2015.02.03 02:36:00.355,1.26208,1.26238,1.37,1.00
2015.02.03 02:36:00.457,1.26205,1.26238,1.00,1.00
2015.02.03 02:36:00.559,1.26192,1.26238,1.37,1.00
2015.02.03 02:36:00.611,1.26192,1.26233,1.37,1.00
2015.02.03 02:36:00.662,1.26185,1.26233,1.37,1.00
2015.02.03 02:36:00.713,1.26185,1.26228,1.37,1.00
2015.02.03 02:36:00.865,1.26181,1.26228,1.37,1.00
2015.02.03 02:36:01.018,1.26181,1.26224,1.37,1.00
2015.02.03 02:36:01.473,1.26181,1.26229,1.37,1.00
2015.02.03 02:36:01.575,1.26181,1.26224,1.37,1.00
2015.02.03 02:36:01.784,1.26181,1.26224,1.37,1.00
2015.02.03 02:36:01.835,1.26181,1.26229,1.37,1.00
2015.02.03 02:36:02.343,1.2618,1.26228,1.37,1.00
2015.02.03 02:36:02.596,1.26179,1.2623,1.87,1.00
2015.02.03 02:36:03.128,1.26179,1.26231,1.37,1.00
2015.02.03 02:36:03.179,1.2618,1.26233,1.37,1.00
2015.02.03 02:36:03.483,1.26184,1.26251,1.37,1.37
2015.02.03 02:36:03.534,1.26184,1.26254,1.37,1.37
2015.02.03 02:36:04.160,1.26195,1.26259,1.37,1.37
2015.02.03 02:36:04.312,1.26211,1.26263,1.00,1.37
2015.02.03 02:36:04.413,1.26205,1.26266,1.00,1.37
2015.02.03 02:36:04.515,1.26213,1.26268,1.00,1.00
2015.02.03 02:36:04.616,1.26195,1.26278,1.37,1.37
2015.02.03 02:36:06.503,1.26195,1.26277,1.37,1.75
2015.02.03 02:36:08.071,1.26193,1.26272,1.37,1.00
2015.02.03 02:36:08.587,1.26192,1.26274,1.37,1.37
2015.02.03 02:36:09.519,1.26189,1.26272,1.37,1.00
2015.02.03 02:36:10.039,1.26193,1.26273,1.37,1.12
2015.02.03 02:36:10.400,1.26193,1.26271,1.37,1.00
2015.02.03 02:36:10.909,1.26193,1.26272,1.37,1.00
2015.02.03 02:36:11.721,1.26193,1.26271,1.37,1.00
2015.02.03 02:36:12.229,1.26193,1.2627,1.37,1.00
2015.02.03 02:36:13.338,1.26193,1.26271,1.37,1.12
2015.02.03 02:36:13.944,1.26193,1.2627,1.37,1.00
2015.02.03 02:36:14.557,1.26193,1.26269,1.37,1.00
2015.02.03 02:36:15.379,1.26193,1.26269,1.37,1.00
2015.02.03 02:36:15.430,1.26193,1.26244,1.37,1.00
2015.02.03 02:36:15.734,1.26185,1.26238,1.37,1.00
2015.02.03 02:36:15.987,1.26184,1.26244,1.37,1.00
2015.02.03 02:36:16.088,1.26184,1.26248,1.37,1.00
2015.02.03 02:36:16.240,1.26184,1.26243,1.37,1.00
2015.02.03 02:36:16.543,1.26184,1.26238,1.37,1.00
2015.02.03 02:36:17.785,1.26184,1.26234,1.37,1.00
2015.02.03 02:36:17.988,1.26184,1.26236,1.37,1.00
2015.02.03 02:36:18.677,1.26184,1.26236,1.37,1.00
2015.02.03 02:36:19.192,1.26184,1.26237,1.37,1.00
2015.02.03 02:36:19.464,1.26184,1.26235,1.37,1.00
2015.02.03 02:36:19.966,1.26184,1.26236,1.37,1.00
2015.02.03 02:36:20.679,1.26184,1.26235,1.37,1.00
2015.02.03 02:36:21.338,1.26184,1.26234,1.37,1.00
2015.02.03 02:36:21.884,1.26184,1.26235,1.37,1.00
2015.02.03 02:36:22.239,1.26179,1.26232,1.37,1.00
2015.02.03 02:36:22.340,1.26176,1.2623,1.37,1.00
2015.02.03 02:36:22.441,1.26176,1.2623,1.37,1.00
2015.02.03 02:36:22.756,1.26176,1.26229,1.37,1.00
2015.02.03 02:36:23.295,1.26176,1.2623,1.37,1.50
2015.02.03 02:36:23.827,1.26176,1.26229,1.37,1.50
2015.02.03 02:36:24.938,1.26176,1.26227,1.37,1.00
2015.02.03 02:36:25.324,1.26176,1.26229,1.37,1.50
2015.02.03 02:36:25.698,1.26176,1.26227,1.37,1.00
2015.02.03 02:36:26.202,1.26176,1.26228,1.37,1.00
2015.02.03 02:36:27.247,1.26176,1.26227,1.37,1.00
2015.02.03 02:36:27.604,1.26176,1.26229,1.37,1.00
2015.02.03 02:36:28.122,1.26176,1.26228,1.37,1.00
2015.02.03 02:36:28.667,1.26176,1.26227,1.37,1.00
2015.02.03 02:36:29.353,1.26176,1.26228,1.37,1.00
2015.02.03 02:36:29.996,1.26176,1.26227,1.37,1.00
2015.02.03 02:36:30.604,1.26176,1.26226,1.37,1.00
2015.02.03 02:36:31.155,1.26175,1.26226,1.37,1.00
2015.02.03 02:36:31.256,1.26175,1.26227,1.37,1.00
2015.02.03 02:36:31.307,1.26171,1.26225,1.37,1.00
2015.02.03 02:36:31.460,1.26167,1.26223,1.37,1.00
2015.02.03 02:36:31.562,1.26164,1.26224,1.37,1.00
2015.02.03 02:36:31.614,1.26164,1.26218,1.37,1.00
2015.02.03 02:36:32.121,1.26161,1.26218,1.37,1.50
2015.02.03 02:36:32.425,1.26161,1.26215,1.37,1.00
2015.02.03 02:36:32.730,1.26161,1.26213,1.37,1.00
2015.02.03 02:36:32.936,1.26158,1.26215,1.37,1.50
2015.02.03 02:36:33.038,1.26158,1.26213,1.37,1.00
2015.02.03 02:36:33.710,1.26157,1.26214,1.37,1.00
2015.02.03 02:36:34.165,1.26157,1.26212,1.37,1.00
2015.02.03 02:36:34.728,1.26157,1.26213,1.37,1.00
2015.02.03 02:36:34.846,1.26157,1.26213,1.37,1.00
2015.02.03 02:36:35.155,1.26157,1.26211,1.37,1.00
2015.02.03 02:36:37.254,1.26156,1.2621,1.37,1.00
2015.02.03 02:36:37.789,1.26156,1.26212,1.37,1.00
2015.02.03 02:36:38.322,1.26156,1.26211,1.37,1.00
2015.02.03 02:36:38.373,1.26156,1.26213,1.37,1.00
2015.02.03 02:36:38.779,1.26156,1.26215,1.37,1.50
2015.02.03 02:36:39.509,1.26156,1.26213,1.37,1.00
2015.02.03 02:36:40.116,1.26156,1.26212,1.37,1.00
2015.02.03 02:36:40.644,1.26156,1.26213,1.37,1.00
2015.02.03 02:36:41.562,1.26156,1.26212,1.37,1.00
2015.02.03 02:36:42.096,1.26156,1.26213,1.37,1.00
2015.02.03 02:36:42.400,1.26157,1.26212,1.37,1.00
2015.02.03 02:36:42.653,1.26166,1.26223,1.37,1.00
2015.02.03 02:36:42.704,1.26166,1.26223,1.37,1.00
2015.02.03 02:36:43.007,1.26169,1.26222,1.37,1.00
2015.02.03 02:36:43.991,1.26171,1.26221,1.37,1.00
2015.02.03 02:36:44.522,1.26171,1.26222,1.37,1.00
2015.02.03 02:36:45.069,1.26171,1.26221,1.37,1.00
2015.02.03 02:36:45.596,1.26171,1.26222,1.37,1.00
2015.02.03 02:36:46.097,1.26171,1.26221,1.37,1.00
2015.02.03 02:36:46.619,1.26171,1.2622,1.37,1.00
2015.02.03 02:36:47.237,1.26171,1.26221,1.37,1.00
2015.02.03 02:36:47.787,1.26171,1.26222,1.37,1.00
2015.02.03 02:36:48.395,1.26171,1.26221,1.37,1.00
2015.02.03 02:36:48.753,1.26171,1.26223,1.37,1.00
2015.02.03 02:36:49.264,1.26171,1.26224,1.37,1.00
2015.02.03 02:36:49.819,1.26171,1.26223,1.37,1.00
2015.02.03 02:36:50.332,1.26171,1.26224,1.37,1.50
2015.02.03 02:36:50.464,1.26171,1.26222,1.37,1.00
2015.02.03 02:36:50.515,1.26171,1.26222,1.37,1.00
2015.02.03 02:36:50.616,1.26171,1.2622,1.37,1.00
2015.02.03 02:36:51.336,1.26171,1.26221,1.37,1.00
2015.02.03 02:36:52.048,1.26171,1.2622,1.37,1.00
2015.02.03 02:36:54.150,1.26171,1.26221,1.37,1.00
2015.02.03 02:36:54.896,1.26172,1.26223,1.37,1.00
2015.02.03 02:36:56.180,1.26172,1.26222,1.37,1.00
2015.02.03 02:36:56.745,1.26172,1.26221,1.37,1.00
2015.02.03 02:36:57.321,1.26172,1.26222,1.37,1.00
2015.02.03 02:36:57.524,1.26172,1.2622,1.37,1.00
2015.02.03 02:36:58.026,1.26172,1.26221,1.37,1.00
2015.02.03 02:36:58.727,1.26172,1.2622,1.37,1.00
2015.02.03 02:36:59.436,1.26172,1.26221,1.37,1.00
2015.02.03 02:36:59.740,1.26172,1.26223,1.37,1.50
2015.02.03 02:37:00.454,1.26172,1.26224,1.87,1.00
2015.02.03 02:37:00.996,1.26172,1.26223,1.87,1.00
2015.02.03 02:37:01.425,1.26173,1.26221,1.37,1.00
2015.02.03 02:37:02.119,1.26172,1.26222,1.87,1.00
2015.02.03 02:37:02.423,1.26173,1.2622,1.37,1.00
2015.02.03 02:37:03.331,1.26172,1.26221,1.87,1.00
2015.02.03 02:37:03.939,1.26172,1.2622,1.37,1.00
2015.02.03 02:37:04.493,1.26172,1.26221,1.37,1.00
2015.02.03 02:37:04.996,1.26172,1.2622,1.37,1.00
2015.02.03 02:37:05.097,1.26172,1.26222,1.37,1.50
2015.02.03 02:37:05.605,1.26172,1.26221,1.37,1.00
2015.02.03 02:37:05.960,1.26172,1.26223,1.37,1.50
2015.02.03 02:37:06.474,1.26172,1.26224,1.37,1.50
2015.02.03 02:37:07.070,1.26172,1.26222,1.37,1.00
2015.02.03 02:37:07.679,1.26172,1.26222,1.37,1.00
2015.02.03 02:37:08.516,1.26172,1.26221,1.37,1.00
2015.02.03 02:37:10.007,1.26172,1.26222,1.37,1.50
2015.02.03 02:37:10.515,1.26172,1.26223,1.37,1.00
2015.02.03 02:37:11.056,1.26172,1.26224,1.37,1.50
2015.02.03 02:37:11.157,1.26172,1.26224,1.37,1.50
2015.02.03 02:37:11.208,1.26172,1.26222,1.37,1.00
2015.02.03 02:37:11.511,1.26167,1.26223,1.37,1.50
2015.02.03 02:37:12.186,1.26169,1.26222,1.37,1.00
2015.02.03 02:37:12.788,1.26169,1.26221,1.37,1.00
2015.02.03 02:37:14.215,1.26169,1.2622,1.37,1.00
2015.02.03 02:37:14.722,1.26169,1.26219,1.37,1.00
2015.02.03 02:37:15.228,1.26169,1.2622,1.37,1.00
2015.02.03 02:37:15.437,1.26169,1.2622,1.37,1.00
2015.02.03 02:37:15.589,1.26169,1.26221,1.37,1.00
2015.02.03 02:37:16.147,1.26177,1.26222,1.37,1.50
2015.02.03 02:37:17.258,1.26177,1.26223,1.37,1.50
2015.02.03 02:37:17.769,1.26177,1.26222,1.37,1.00
2015.02.03 02:37:18.320,1.26177,1.26223,1.37,1.00
2015.02.03 02:37:18.830,1.26178,1.26222,1.37,1.00
2015.02.03 02:37:19.441,1.26178,1.26223,1.37,1.00
2015.02.03 02:37:20.045,1.26178,1.26224,1.37,1.50
2015.02.03 02:37:21.254,1.26178,1.26222,1.37,1.00
2015.02.03 02:37:21.760,1.26178,1.26223,1.37,1.00
2015.02.03 02:37:22.990,1.26178,1.26222,1.37,1.00
2015.02.03 02:37:23.529,1.26179,1.26223,1.37,1.00
2015.02.03 02:37:24.106,1.26179,1.26224,1.37,1.00
2015.02.03 02:37:24.612,1.26179,1.26223,1.37,1.00
2015.02.03 02:37:25.165,1.26179,1.26224,1.37,1.00
2015.02.03 02:37:25.723,1.26179,1.26223,1.37,1.00
2015.02.03 02:37:26.443,1.26179,1.26224,1.37,1.00
2015.02.03 02:37:28.452,1.26179,1.26223,1.37,1.00
2015.02.03 02:37:28.965,1.26179,1.26224,1.37,1.00
2015.02.03 02:37:31.086,1.26179,1.26223,1.37,1.00
2015.02.03 02:37:31.703,1.26179,1.26224,1.37,1.00
2015.02.03 02:37:32.526,1.26179,1.26223,1.37,1.00
2015.02.03 02:37:33.941,1.26179,1.26224,1.37,1.00
2015.02.03 02:37:34.657,1.26179,1.26223,1.37,1.00
2015.02.03 02:37:35.244,1.26179,1.26224,1.37,1.00
2015.02.03 02:37:35.867,1.26179,1.26225,1.37,1.00
2015.02.03 02:37:36.435,1.26179,1.26224,1.37,1.00
2015.02.03 02:37:36.663,1.26179,1.26227,1.37,1.00
2015.02.03 02:37:37.234,1.26179,1.26228,1.37,1.00
2015.02.03 02:37:37.490,1.26179,1.26226,1.37,1.00
2015.02.03 02:37:38.069,1.26179,1.26225,1.37,1.00
2015.02.03 02:37:38.975,1.26179,1.26224,1.37,1.00
2015.02.03 02:37:39.523,1.26179,1.26225,1.37,1.00
2015.02.03 02:37:40.515,1.26179,1.26224,1.37,1.00
2015.02.03 02:37:41.237,1.26179,1.26223,1.37,1.00
2015.02.03 02:37:41.794,1.26179,1.26227,1.37,1.50
2015.02.03 02:37:42.365,1.26179,1.26226,1.37,1.00
2015.02.03 02:37:43.110,1.26179,1.26227,1.37,1.00
2015.02.03 02:37:43.627,1.26179,1.26225,1.37,1.00
2015.02.03 02:37:44.549,1.26179,1.26226,1.37,1.00
2015.02.03 02:37:45.490,1.26179,1.26225,1.37,1.50
2015.02.03 02:37:45.797,1.26179,1.26223,1.37,1.00
2015.02.03 02:37:46.915,1.26179,1.26224,1.37,1.00
2015.02.03 02:37:47.755,1.26179,1.26223,1.37,1.00
2015.02.03 02:37:48.305,1.26179,1.26224,1.37,1.00
2015.02.03 02:37:48.956,1.26179,1.26225,1.37,1.00
2015.02.03 02:37:49.659,1.26179,1.26226,1.37,1.00
2015.02.03 02:37:50.174,1.26179,1.26225,1.37,1.00
2015.02.03 02:37:50.744,1.26179,1.26224,1.37,1.00
2015.02.03 02:37:51.530,1.26179,1.26223,1.37,1.00
2015.02.03 02:37:52.154,1.26179,1.26224,1.37,1.00
2015.02.03 02:37:52.727,1.26179,1.26223,1.37,1.00
2015.02.03 02:37:53.411,1.26179,1.26223,1.00,1.00
2015.02.03 02:37:54.383,1.26179,1.26224,1.00,1.00
2015.02.03 02:37:55.285,1.26179,1.26223,1.00,1.00
2015.02.03 02:37:55.803,1.26179,1.26224,1.00,1.00
2015.02.03 02:37:56.114,1.26179,1.2623,1.00,1.50
2015.02.03 02:37:56.215,1.26179,1.26239,1.00,1.00
2015.02.03 02:37:56.266,1.26177,1.26239,1.00,1.00
2015.02.03 02:37:56.634,1.26177,1.26242,1.00,1.00
2015.02.03 02:37:57.152,1.26177,1.26241,1.00,1.50
2015.02.03 02:37:57.254,1.26177,1.26239,1.00,1.00
2015.02.03 02:37:57.662,1.26177,1.26237,1.00,1.00
2015.02.03 02:37:58.376,1.26177,1.26234,1.00,1.00
2015.02.03 02:37:59.191,1.26177,1.26235,1.00,1.50
2015.02.03 02:37:59.846,1.26177,1.26234,1.00,1.00
2015.02.03 02:38:00.540,1.26177,1.26235,1.00,1.50
2015.02.03 02:38:01.174,1.26177,1.26233,1.00,1.00
2015.02.03 02:38:01.913,1.26177,1.26234,1.00,1.00
2015.02.03 02:38:02.432,1.26177,1.26233,1.00,1.00
2015.02.03 02:38:03.154,1.26177,1.26234,1.00,1.00
2015.02.03 02:38:03.839,1.26177,1.26233,1.00,1.00
2015.02.03 02:38:04.403,1.26177,1.26234,1.00,1.00
2015.02.03 02:38:05.616,1.26177,1.26233,1.00,1.00
2015.02.03 02:38:06.628,1.26177,1.26234,1.00,1.50
2015.02.03 02:38:07.641,1.26177,1.26233,1.00,1.00
2015.02.03 02:38:09.105,1.26177,1.26234,1.00,1.50
2015.02.03 02:38:09.675,1.26177,1.26233,1.00,1.00
2015.02.03 02:38:10.438,1.26177,1.26234,1.00,1.00
2015.02.03 02:38:10.965,1.26177,1.26233,1.00,1.00
2015.02.03 02:38:11.856,1.26177,1.26234,1.00,1.50
2015.02.03 02:38:12.300,1.26177,1.26232,1.00,1.00
2015.02.03 02:38:12.819,1.26177,1.26233,1.00,1.00
2015.02.03 02:38:13.326,1.26177,1.26234,1.00,1.00
2015.02.03 02:38:14.967,1.26177,1.26233,1.00,1.00
2015.02.03 02:38:15.778,1.26177,1.26232,1.00,1.00
2015.02.03 02:38:17.394,1.26177,1.26233,1.00,1.50
2015.02.03 02:38:18.270,1.26177,1.26232,1.00,1.00
2015.02.03 02:38:18.881,1.26177,1.26231,1.00,1.00
2015.02.03 02:38:19.338,1.26179,1.26232,1.00,1.00
2015.02.03 02:38:19.439,1.26182,1.2624,1.00,1.00
2015.02.03 02:38:19.591,1.26186,1.2624,1.00,1.00
2015.02.03 02:38:19.693,1.26184,1.2624,1.00,1.00
2015.02.03 02:38:19.896,1.26188,1.26239,1.00,1.00
2015.02.03 02:38:20.047,1.26188,1.26241,1.00,1.00
2015.02.03 02:38:20.553,1.26187,1.26241,1.00,1.00
2015.02.03 02:38:20.903,1.26184,1.2624,1.00,1.00
2015.02.03 02:38:21.055,1.26184,1.26238,1.00,1.00
2015.02.03 02:38:22.164,1.26184,1.26239,1.00,1.50
2015.02.03 02:38:22.706,1.26184,1.26238,1.00,1.00
2015.02.03 02:38:23.262,1.26184,1.26239,1.00,1.50
2015.02.03 02:38:24.418,1.26184,1.26238,1.00,1.00
2015.02.03 02:38:25.897,1.26184,1.26239,1.00,1.00
2015.02.03 02:38:26.514,1.26184,1.26238,1.00,1.00
2015.02.03 02:38:27.833,1.26184,1.26239,1.00,1.00
2015.02.03 02:38:28.946,1.26184,1.26238,1.00,1.00
2015.02.03 02:38:29.452,1.26184,1.26237,1.00,1.00
2015.02.03 02:38:30.243,1.26184,1.26238,1.00,1.00
2015.02.03 02:38:30.636,1.26183,1.26235,1.00,1.00
2015.02.03 02:38:31.050,1.26183,1.26237,1.00,1.00
2015.02.03 02:38:31.642,1.26183,1.26236,1.00,1.00
2015.02.03 02:38:32.235,1.26183,1.26237,1.00,1.00
2015.02.03 02:38:32.760,1.26183,1.26236,1.00,1.50
2015.02.03 02:38:33.386,1.26183,1.26235,1.00,1.00
2015.02.03 02:38:34.230,1.26183,1.26236,1.00,1.50
2015.02.03 02:38:34.738,1.26183,1.26237,1.00,1.00
2015.02.03 02:38:35.534,1.26183,1.26236,1.00,1.00
2015.02.03 02:38:36.050,1.26183,1.26235,1.00,1.00
2015.02.03 02:38:36.356,1.26183,1.26237,1.00,1.00
2015.02.03 02:38:37.118,1.26183,1.26238,1.00,1.50
2015.02.03 02:38:37.617,1.26183,1.26236,1.00,1.00
2015.02.03 02:38:38.125,1.26183,1.26237,1.00,1.00
2015.02.03 02:38:38.628,1.26183,1.26236,1.00,1.00
2015.02.03 02:38:41.810,1.26181,1.26236,1.00,1.50
2015.02.03 02:38:42.476,1.26181,1.26237,1.00,1.50
2015.02.03 02:38:43.030,1.26181,1.26236,1.00,1.00
2015.02.03 02:38:44.194,1.26181,1.26237,1.00,1.00
2015.02.03 02:38:45.317,1.26181,1.26236,1.00,1.00
2015.02.03 02:38:46.563,1.26181,1.26237,1.00,1.50
2015.02.03 02:38:47.185,1.26181,1.26236,1.00,1.00
2015.02.03 02:38:47.686,1.26181,1.26238,1.00,1.50
2015.02.03 02:38:48.585,1.26181,1.26237,1.00,1.00
2015.02.03 02:38:49.538,1.26181,1.26236,1.00,1.00
2015.02.03 02:38:50.147,1.26181,1.26237,1.00,1.00
2015.02.03 02:38:50.744,1.26181,1.26236,1.00,1.00
2015.02.03 02:38:51.768,1.26181,1.26237,1.00,1.00
2015.02.03 02:38:52.273,1.26181,1.26236,1.00,1.00
2015.02.03 02:38:53.274,1.26181,1.26237,1.00,1.00
2015.02.03 02:38:53.810,1.26181,1.26236,1.00,1.00
2015.02.03 02:38:54.634,1.26181,1.26237,1.00,1.00
2015.02.03 02:38:55.985,1.26181,1.26236,1.00,1.00
2015.02.03 02:38:56.493,1.26181,1.26237,1.00,1.50
2015.02.03 02:38:58.137,1.26181,1.26236,1.00,1.00
2015.02.03 02:38:58.737,1.26181,1.26237,1.00,1.50
2015.02.03 02:38:59.254,1.26181,1.26236,1.00,1.00
2015.02.03 02:39:00.166,1.26181,1.26237,1.00,1.00
2015.02.03 02:39:00.655,1.26181,1.26239,1.00,1.00
2015.02.03 02:39:00.706,1.26184,1.26239,1.00,1.00
2015.02.03 02:39:00.964,1.26184,1.26241,1.00,1.00
2015.02.03 02:39:02.748,1.26184,1.2624,1.00,1.00
2015.02.03 02:39:03.393,1.26184,1.26239,1.00,1.00
2015.02.03 02:39:03.960,1.26184,1.2624,1.00,1.00
2015.02.03 02:39:04.474,1.26184,1.26238,1.00,1.00
2015.02.03 02:39:05.172,1.26184,1.26239,1.00,1.00
2015.02.03 02:39:06.318,1.26184,1.26238,1.00,1.00
2015.02.03 02:39:06.868,1.26184,1.26237,1.00,1.00
2015.02.03 02:39:08.932,1.26184,1.26238,1.00,1.00
2015.02.03 02:39:09.474,1.26184,1.26239,1.00,1.00
2015.02.03 02:39:10.038,1.26184,1.26238,1.00,1.00
2015.02.03 02:39:10.837,1.26184,1.26239,1.00,1.00
2015.02.03 02:39:11.379,1.26184,1.26238,1.00,1.50
2015.02.03 02:39:12.293,1.26184,1.26236,1.00,1.00
2015.02.03 02:39:12.892,1.26184,1.26237,1.00,1.00
2015.02.03 02:39:13.260,1.26184,1.26235,1.00,1.00
2015.02.03 02:39:14.012,1.26184,1.26236,1.00,1.00
2015.02.03 02:39:14.556,1.26184,1.26235,1.00,1.00
2015.02.03 02:39:15.195,1.26184,1.26237,1.00,1.00
2015.02.03 02:39:15.722,1.26184,1.26238,1.00,1.50
2015.02.03 02:39:18.484,1.26184,1.26239,1.00,1.00
2015.02.03 02:39:19.001,1.26184,1.2624,1.00,1.00
2015.02.03 02:39:20.889,1.26184,1.26238,1.00,1.00
2015.02.03 02:39:21.746,1.26184,1.26239,1.00,1.00
2015.02.03 02:39:22.253,1.26184,1.26238,1.00,1.00
2015.02.03 02:39:23.253,1.26184,1.26237,1.00,1.00
2015.02.03 02:39:24.332,1.26186,1.26237,1.00,1.00
2015.02.03 02:39:24.856,1.26186,1.26238,1.00,1.00
2015.02.03 02:39:25.760,1.26186,1.26239,1.00,1.00
2015.02.03 02:39:26.362,1.26186,1.26238,1.00,1.00
2015.02.03 02:39:26.913,1.26186,1.26237,1.00,1.00
2015.02.03 02:39:27.860,1.26186,1.26238,1.00,1.00
2015.02.03 02:39:28.824,1.26186,1.26239,1.00,1.00
2015.02.03 02:39:29.848,1.26186,1.26241,1.00,1.00
2015.02.03 02:39:29.950,1.26187,1.26245,1.00,1.00
2015.02.03 02:39:30.102,1.2619,1.26244,1.00,1.00
2015.02.03 02:39:30.405,1.26192,1.26245,1.00,1.00
2015.02.03 02:39:30.918,1.26193,1.26244,1.00,1.00
2015.02.03 02:39:31.687,1.26193,1.26243,1.00,1.00
2015.02.03 02:39:32.204,1.26193,1.26242,1.00,1.00
2015.02.03 02:39:32.748,1.26193,1.26245,1.00,1.00
2015.02.03 02:39:33.471,1.26193,1.26244,1.00,1.00
2015.02.03 02:39:34.124,1.26193,1.26245,1.00,1.50
2015.02.03 02:39:35.069,1.26193,1.26243,1.00,1.00
2015.02.03 02:39:35.602,1.26193,1.26242,1.00,1.00
2015.02.03 02:39:36.126,1.26194,1.26242,1.00,1.00
2015.02.03 02:39:36.177,1.26194,1.26245,1.00,1.00
2015.02.03 02:39:36.724,1.26194,1.26244,1.00,1.00
2015.02.03 02:39:37.236,1.26194,1.26245,1.00,1.00
2015.02.03 02:39:37.787,1.26194,1.26242,1.00,1.00
2015.02.03 02:39:38.482,1.26194,1.26243,1.00,1.50
2015.02.03 02:39:39.060,1.26194,1.26242,1.00,1.00
2015.02.03 02:39:39.588,1.26194,1.26243,1.00,1.00
2015.02.03 02:39:40.823,1.26194,1.26244,1.00,1.00
2015.02.03 02:39:41.381,1.26194,1.26243,1.00,1.00
2015.02.03 02:39:41.885,1.26194,1.26242,1.00,1.00
2015.02.03 02:39:42.119,1.26194,1.26246,1.00,1.00
2015.02.03 02:39:42.902,1.26194,1.26247,1.00,1.00
2015.02.03 02:39:43.634,1.26194,1.26246,1.00,1.00
2015.02.03 02:39:44.561,1.26194,1.26245,1.00,1.00
2015.02.03 02:39:45.117,1.26194,1.26244,1.00,1.00
2015.02.03 02:39:45.663,1.26194,1.26245,1.00,1.00
2015.02.03 02:39:46.213,1.26194,1.26244,1.00,1.00
2015.02.03 02:39:46.773,1.26194,1.26243,1.00,1.00
2015.02.03 02:39:47.290,1.26194,1.26244,1.00,1.00
2015.02.03 02:39:47.794,1.26194,1.26243,1.00,1.00
2015.02.03 02:39:48.312,1.26194,1.26244,1.00,1.00
2015.02.03 02:39:48.862,1.26194,1.26243,1.00,1.00
2015.02.03 02:39:49.405,1.26194,1.26244,1.00,1.00
2015.02.03 02:39:49.986,1.26194,1.26243,1.00,1.00
2015.02.03 02:39:50.615,1.26194,1.26244,1.00,1.00
2015.02.03 02:39:51.662,1.26194,1.26245,1.00,1.00
2015.02.03 02:39:52.204,1.26194,1.26244,1.00,1.00
2015.02.03 02:39:53.365,1.26194,1.26245,1.00,1.00
2015.02.03 02:39:53.954,1.26194,1.26246,1.00,1.00
2015.02.03 02:39:54.608,1.26194,1.26245,1.00,1.00
2015.02.03 02:39:55.674,1.26194,1.26244,1.00,1.00
2015.02.03 02:39:56.686,1.26194,1.26241,1.00,1.00
2015.02.03 02:39:56.789,1.26194,1.26243,1.00,1.00
2015.02.03 02:39:56.890,1.26194,1.26241,1.00,1.00
2015.02.03 02:39:57.907,1.26194,1.26242,1.00,1.00
2015.02.03 02:39:58.414,1.26194,1.26241,1.00,1.00
2015.02.03 02:39:58.822,1.26194,1.26243,1.00,1.00
2015.02.03 02:39:59.330,1.26194,1.26244,1.00,1.00
2015.02.03 02:39:59.991,1.26194,1.26243,1.00,1.00
2015.02.03 02:40:02.418,1.26194,1.26242,1.00,1.00
2015.02.03 02:40:03.460,1.26194,1.26241,1.00,1.00
2015.02.03 02:40:04.118,1.26194,1.26243,1.00,1.00
2015.02.03 02:40:04.631,1.26194,1.26242,1.00,1.00
2015.02.03 02:40:05.133,1.26194,1.26243,1.00,1.00
2015.02.03 02:40:05.635,1.26194,1.26242,1.00,1.00
2015.02.03 02:40:06.294,1.26194,1.26243,1.00,1.00
2015.02.03 02:40:06.802,1.26192,1.26242,1.00,1.00
2015.02.03 02:40:06.953,1.26187,1.26242,1.00,1.00
2015.02.03 02:40:07.258,1.26185,1.26243,1.00,1.00
2015.02.03 02:40:07.359,1.26189,1.26242,1.00,1.50
2015.02.03 02:40:07.876,1.26189,1.26241,1.00,1.00
2015.02.03 02:40:08.515,1.26189,1.26242,1.00,1.50
2015.02.03 02:40:08.959,1.26189,1.26239,1.00,1.00
2015.02.03 02:40:09.484,1.26189,1.26238,1.00,1.00
2015.02.03 02:40:09.845,1.26189,1.2624,1.00,1.50
2015.02.03 02:40:10.359,1.26187,1.26239,1.00,1.00
2015.02.03 02:40:11.637,1.26187,1.2624,1.00,1.50
2015.02.03 02:40:12.260,1.26187,1.26239,1.00,1.00
2015.02.03 02:40:12.768,1.26185,1.26238,1.00,1.00
2015.02.03 02:40:13.374,1.26185,1.26239,1.00,1.50
2015.02.03 02:40:13.877,1.26185,1.26238,1.00,1.00
2015.02.03 02:40:14.399,1.26185,1.26237,1.00,1.00
2015.02.03 02:40:14.928,1.26185,1.26236,1.00,1.00
2015.02.03 02:40:15.536,1.26185,1.26237,1.00,1.00
2015.02.03 02:40:16.292,1.26185,1.26236,1.00,1.00
2015.02.03 02:40:16.798,1.26185,1.26237,1.00,1.00
2015.02.03 02:40:17.443,1.26185,1.26236,1.00,1.00
2015.02.03 02:40:17.960,1.26185,1.26237,1.00,1.00
2015.02.03 02:40:18.462,1.26185,1.26238,1.00,1.00
2015.02.03 02:40:18.975,1.26185,1.26237,1.00,1.00
2015.02.03 02:40:19.740,1.26185,1.26236,1.00,1.00
2015.02.03 02:40:20.682,1.26185,1.26238,1.00,1.00
2015.02.03 02:40:21.086,1.26185,1.26236,1.00,1.00
2015.02.03 02:40:21.733,1.26185,1.26237,1.00,1.50
2015.02.03 02:40:22.090,1.26185,1.26235,1.00,1.00
2015.02.03 02:40:22.192,1.26185,1.26239,1.00,1.50
2015.02.03 02:40:22.698,1.26185,1.26238,1.00,1.00
2015.02.03 02:40:23.103,1.26185,1.2624,1.00,1.00
2015.02.03 02:40:23.786,1.26185,1.26239,1.00,1.00
2015.02.03 02:40:24.321,1.26185,1.26238,1.00,1.00
2015.02.03 02:40:24.936,1.26185,1.26239,1.00,1.00
2015.02.03 02:40:25.450,1.26185,1.26238,1.00,1.00
2015.02.03 02:40:26.025,1.26185,1.26237,1.00,1.00
2015.02.03 02:40:26.536,1.26185,1.26238,1.00,1.00
2015.02.03 02:40:27.047,1.26185,1.26239,1.00,1.00
2015.02.03 02:40:27.452,1.26185,1.26237,1.00,1.00
2015.02.03 02:40:28.009,1.26185,1.26238,1.00,1.00
2015.02.03 02:40:28.483,1.26185,1.26236,1.00,1.00
2015.02.03 02:40:29.141,1.26185,1.26237,1.00,1.00
2015.02.03 02:40:29.668,1.26185,1.26236,1.00,1.00
2015.02.03 02:40:30.539,1.26185,1.26235,1.00,1.00
2015.02.03 02:40:31.257,1.26185,1.26236,1.00,1.00
2015.02.03 02:40:31.850,1.26185,1.26238,1.00,1.00
2015.02.03 02:40:32.560,1.26185,1.26237,1.00,1.00
2015.02.03 02:40:33.406,1.26185,1.26236,1.00,1.00
2015.02.03 02:40:33.912,1.26185,1.26238,1.00,1.00
2015.02.03 02:40:34.426,1.26185,1.26237,1.00,1.00
2015.02.03 02:40:35.387,1.26185,1.26238,1.00,1.00
2015.02.03 02:40:36.200,1.26185,1.26237,1.00,1.00
2015.02.03 02:40:36.706,1.26185,1.26238,1.00,1.00
2015.02.03 02:40:37.217,1.26185,1.26237,1.00,1.00
2015.02.03 02:40:37.725,1.26185,1.26236,1.00,1.00
2015.02.03 02:40:38.311,1.26185,1.26237,1.00,1.00
2015.02.03 02:40:38.845,1.26185,1.26236,1.00,1.00
2015.02.03 02:40:38.947,1.26185,1.26239,1.00,1.00
2015.02.03 02:40:39.252,1.26186,1.26241,1.00,1.00
2015.02.03 02:40:39.767,1.26186,1.2624,1.00,1.00
2015.02.03 02:40:40.171,1.26186,1.26242,1.00,1.00
2015.02.03 02:40:40.687,1.26186,1.26241,1.00,1.00
2015.02.03 02:40:41.397,1.26186,1.2624,1.00,1.00
2015.02.03 02:40:41.935,1.26186,1.26239,1.00,1.00
2015.02.03 02:40:42.375,1.26186,1.26241,1.00,1.00
2015.02.03 02:40:42.916,1.26186,1.2624,1.00,1.00
2015.02.03 02:40:43.476,1.26186,1.26241,1.00,1.00
2015.02.03 02:40:43.979,1.26186,1.2624,1.00,1.00
2015.02.03 02:40:44.587,1.26186,1.26241,1.00,1.00
2015.02.03 02:40:45.200,1.26186,1.2624,1.00,1.00
2015.02.03 02:40:45.733,1.26186,1.26239,1.00,1.00
2015.02.03 02:40:45.784,1.26188,1.26239,1.00,1.00
2015.02.03 02:40:46.707,1.26188,1.26238,1.00,1.00
2015.02.03 02:40:47.010,1.26188,1.2624,1.00,1.50
2015.02.03 02:40:47.542,1.26188,1.26239,1.00,1.00
2015.02.03 02:40:48.090,1.26188,1.2624,1.00,1.50
2015.02.03 02:40:48.828,1.26188,1.26241,1.00,1.00
2015.02.03 02:40:49.337,1.26188,1.2624,1.00,1.00
2015.02.03 02:40:50.061,1.26188,1.26241,1.00,1.00
2015.02.03 02:40:50.612,1.26188,1.2624,1.00,1.00
2015.02.03 02:40:51.121,1.26188,1.26241,1.00,1.00
2015.02.03 02:40:51.496,1.26188,1.26239,1.00,1.00
2015.02.03 02:40:52.055,1.26188,1.2624,1.00,1.50
2015.02.03 02:40:52.418,1.26188,1.26238,1.00,1.00
2015.02.03 02:40:52.827,1.26188,1.2624,1.00,1.00
2015.02.03 02:40:53.492,1.26188,1.26242,1.00,1.50
2015.02.03 02:40:53.695,1.26188,1.2624,1.00,1.00
2015.02.03 02:40:54.607,1.26188,1.26241,1.00,1.00
2015.02.03 02:40:55.265,1.26188,1.2624,1.00,1.00
2015.02.03 02:40:55.766,1.26188,1.26241,1.00,1.00
2015.02.03 02:40:56.277,1.26188,1.2624,1.00,1.00
2015.02.03 02:40:56.782,1.26188,1.26241,1.00,1.00
2015.02.03 02:40:57.421,1.26191,1.26241,1.00,1.00
2015.02.03 02:40:57.472,1.26191,1.26244,1.00,1.50
2015.02.03 02:40:57.523,1.26194,1.26244,1.00,1.00
2015.02.03 02:40:57.675,1.26194,1.26246,1.00,1.00
2015.02.03 02:40:57.978,1.26194,1.26244,1.00,1.00
2015.02.03 02:40:58.585,1.26194,1.26246,1.00,1.00
2015.02.03 02:40:59.213,1.26194,1.26245,1.00,1.00
2015.02.03 02:40:59.973,1.26189,1.26245,1.00,1.50
2015.02.03 02:41:00.075,1.26189,1.26242,1.00,1.00
2015.02.03 02:41:00.278,1.26186,1.26242,1.00,1.00
2015.02.03 02:41:00.784,1.26186,1.26241,1.00,1.00
2015.02.03 02:41:01.305,1.26186,1.2624,1.00,1.00
2015.02.03 02:41:01.850,1.26186,1.26239,1.00,1.00
2015.02.03 02:41:02.336,1.26186,1.26241,1.00,1.00
2015.02.03 02:41:02.866,1.26187,1.2624,1.00,1.00
2015.02.03 02:41:03.427,1.26187,1.26241,1.00,1.00
2015.02.03 02:41:04.333,1.26187,1.2624,1.00,1.00
2015.02.03 02:41:04.876,1.26187,1.26239,1.00,1.00
2015.02.03 02:41:05.392,1.26187,1.2624,1.00,1.50
2015.02.03 02:41:05.895,1.26188,1.26242,1.00,1.50
2015.02.03 02:41:06.403,1.26188,1.26241,1.00,1.50
2015.02.03 02:41:06.504,1.26188,1.26243,1.00,1.00
2015.02.03 02:41:07.015,1.26187,1.26243,1.00,1.00
2015.02.03 02:41:08.291,1.26187,1.26244,1.00,1.00
2015.02.03 02:41:08.909,1.26187,1.26243,1.00,1.00
2015.02.03 02:41:09.510,1.26187,1.26242,1.00,1.00
2015.02.03 02:41:10.367,1.26187,1.26243,1.00,1.00
2015.02.03 02:41:10.646,1.26187,1.26241,1.00,1.00
2015.02.03 02:41:11.031,1.26187,1.26243,1.00,1.50
2015.02.03 02:41:11.284,1.26187,1.26246,1.00,1.00
2015.02.03 02:41:11.386,1.2619,1.26248,1.00,1.00
2015.02.03 02:41:11.689,1.26192,1.26246,1.00,1.00
2015.02.03 02:41:12.045,1.26192,1.26248,1.00,1.50
2015.02.03 02:41:12.096,1.26192,1.26246,1.00,1.00
2015.02.03 02:41:12.616,1.26192,1.26245,1.00,1.00
2015.02.03 02:41:13.122,1.26192,1.26246,1.00,1.00
2015.02.03 02:41:13.744,1.26192,1.26245,1.00,1.00
2015.02.03 02:41:14.411,1.26192,1.26247,1.00,1.00
2015.02.03 02:41:15.007,1.26192,1.26245,1.00,1.00
2015.02.03 02:41:15.588,1.26192,1.26246,1.00,1.50
2015.02.03 02:41:16.250,1.26192,1.26245,1.00,1.00
2015.02.03 02:41:16.554,1.2619,1.26244,1.00,1.00
2015.02.03 02:41:17.110,1.2619,1.26242,1.00,1.00
2015.02.03 02:41:17.623,1.2619,1.26243,1.00,1.00
2015.02.03 02:41:17.836,1.2619,1.26245,1.00,1.50
2015.02.03 02:41:18.528,1.2619,1.26243,1.00,1.00
2015.02.03 02:41:19.639,1.2619,1.26244,1.00,1.50
2015.02.03 02:41:20.146,1.2619,1.26243,1.00,1.00
2015.02.03 02:41:20.685,1.2619,1.26244,1.00,1.00
2015.02.03 02:41:21.205,1.2619,1.26243,1.00,1.00
2015.02.03 02:41:21.553,1.26192,1.26243,1.00,1.00
2015.02.03 02:41:21.756,1.2619,1.26243,1.00,1.00
2015.02.03 02:41:22.271,1.2619,1.26244,1.00,1.00
2015.02.03 02:41:22.772,1.2619,1.26243,1.00,1.00
2015.02.03 02:41:23.726,1.2619,1.26242,1.00,1.00
2015.02.03 02:41:24.336,1.2619,1.26243,1.00,1.00
2015.02.03 02:41:24.963,1.2619,1.26242,1.00,1.00
2015.02.03 02:41:25.714,1.2619,1.26241,1.00,1.00
2015.02.03 02:41:26.256,1.26192,1.26242,1.00,1.00
2015.02.03 02:41:26.458,1.2619,1.26242,1.00,1.00
2015.02.03 02:41:27.019,1.2619,1.26241,1.00,1.00
2015.02.03 02:41:27.070,1.26192,1.26242,1.00,1.00
2015.02.03 02:41:27.171,1.2619,1.26241,1.00,1.00
2015.02.03 02:41:27.576,1.2619,1.26244,1.00,1.50
2015.02.03 02:41:28.118,1.2619,1.26243,1.00,1.50
2015.02.03 02:41:28.371,1.26193,1.26244,1.00,1.00
2015.02.03 02:41:28.473,1.2619,1.26245,1.50,1.50
2015.02.03 02:41:28.524,1.26193,1.26245,1.00,1.50
2015.02.03 02:41:29.038,1.26193,1.26244,1.00,1.00
2015.02.03 02:41:29.190,1.2619,1.26244,1.00,1.00
2015.02.03 02:41:29.699,1.26193,1.26244,1.00,1.00
2015.02.03 02:41:29.801,1.26189,1.26245,1.00,1.50
2015.02.03 02:41:30.108,1.26189,1.26243,1.00,1.00
2015.02.03 02:41:30.413,1.26194,1.26243,1.00,1.00
2015.02.03 02:41:30.500,1.26189,1.26244,1.00,1.50
2015.02.03 02:41:30.717,1.26193,1.26243,1.00,1.50
2015.02.03 02:41:30.799,1.26189,1.26243,1.00,1.00
2015.02.03 02:41:31.123,1.26193,1.26243,1.00,1.00
2015.02.03 02:41:31.225,1.26189,1.26243,1.00,1.00
2015.02.03 02:41:31.779,1.26189,1.26242,1.00,1.00
2015.02.03 02:41:32.385,1.26189,1.26243,1.00,1.00
2015.02.03 02:41:32.638,1.26193,1.26242,1.00,1.00
2015.02.03 02:41:32.942,1.2619,1.26243,1.00,1.50
2015.02.03 02:41:33.585,1.26189,1.26242,1.00,1.00
2015.02.03 02:41:33.636,1.26192,1.26243,1.00,1.00
2015.02.03 02:41:34.250,1.26189,1.26243,1.00,1.50
2015.02.03 02:41:34.626,1.26193,1.26243,1.00,1.00
2015.02.03 02:41:35.197,1.26193,1.26242,1.00,1.00
2015.02.03 02:41:35.516,1.26193,1.26244,1.00,1.00
2015.02.03 02:41:35.567,1.26189,1.26244,1.50,1.00
2015.02.03 02:41:35.729,1.26193,1.26244,1.00,1.50
2015.02.03 02:41:36.038,1.26191,1.26244,1.00,1.00
2015.02.03 02:41:36.570,1.2619,1.26244,1.00,1.00
2015.02.03 02:41:36.740,1.26193,1.26243,1.00,1.00
2015.02.03 02:41:36.942,1.2619,1.26243,1.00,1.00
2015.02.03 02:41:37.479,1.26189,1.26243,1.50,1.00
2015.02.03 02:41:38.078,1.26198,1.26243,1.00,1.00
2015.02.03 02:41:38.280,1.26191,1.26243,1.00,1.00
2015.02.03 02:41:38.382,1.26196,1.26243,1.00,1.00
2015.02.03 02:41:38.483,1.26192,1.26243,1.00,1.00
2015.02.03 02:41:38.585,1.26196,1.26243,1.00,1.00
2015.02.03 02:41:39.134,1.26196,1.26244,1.00,1.00
2015.02.03 02:41:39.586,1.26196,1.26246,1.00,1.00
2015.02.03 02:41:39.687,1.2619,1.26246,1.00,1.50
2015.02.03 02:41:40.214,1.26189,1.26245,1.50,1.00
2015.02.03 02:41:40.668,1.26191,1.26243,1.00,1.00
2015.02.03 02:41:41.188,1.2619,1.26244,1.00,1.00
2015.02.03 02:41:41.677,1.26194,1.26243,1.00,1.00
2015.02.03 02:41:42.192,1.26189,1.26243,1.50,1.00
2015.02.03 02:41:42.395,1.26191,1.26244,1.00,1.00
2015.02.03 02:41:42.785,1.26189,1.26244,1.00,1.50
2015.02.03 02:41:42.886,1.26193,1.26244,1.00,1.50
2015.02.03 02:41:43.288,1.2619,1.26243,1.00,1.00
2015.02.03 02:41:43.991,1.26189,1.26243,1.00,1.00
2015.02.03 02:41:44.493,1.26188,1.26243,1.00,1.00
2015.02.03 02:41:45.005,1.26192,1.26243,1.00,1.00
2015.02.03 02:41:45.198,1.2619,1.26243,1.00,1.00
2015.02.03 02:41:45.300,1.26194,1.26244,1.00,1.00
2015.02.03 02:41:45.352,1.26194,1.26246,1.00,1.50
2015.02.03 02:41:45.403,1.2619,1.26246,1.00,1.00
2015.02.03 02:41:45.605,1.26186,1.26245,1.50,1.00
2015.02.03 02:41:45.707,1.26189,1.26245,1.00,1.00
2015.02.03 02:41:46.022,1.26196,1.26245,1.00,1.50
2015.02.03 02:41:46.123,1.26189,1.26247,1.00,1.00
2015.02.03 02:41:46.634,1.26189,1.26248,1.00,1.50
2015.02.03 02:41:47.055,1.26192,1.26244,1.00,1.00
2015.02.03 02:41:47.165,1.26189,1.26245,1.00,1.00
2015.02.03 02:41:47.550,1.26194,1.26245,1.00,1.00
2015.02.03 02:41:47.756,1.2619,1.26245,1.00,1.00
2015.02.03 02:41:48.146,1.26186,1.26245,1.50,1.00
2015.02.03 02:41:48.247,1.26189,1.26244,1.00,1.00
2015.02.03 02:41:48.567,1.26192,1.26245,1.00,1.50
2015.02.03 02:41:48.669,1.26189,1.26244,1.00,1.00
2015.02.03 02:41:49.243,1.26187,1.26242,1.00,1.00
2015.02.03 02:41:49.582,1.26192,1.26244,1.00,1.00
2015.02.03 02:41:49.784,1.26189,1.26246,1.00,1.00
2015.02.03 02:41:49.886,1.26186,1.26245,1.00,1.50
2015.02.03 02:41:49.988,1.26191,1.26243,1.00,1.00
2015.02.03 02:41:50.393,1.26188,1.26243,1.00,1.00
2015.02.03 02:41:50.496,1.26186,1.26243,1.00,1.50
2015.02.03 02:41:50.598,1.26192,1.26242,1.00,1.00
2015.02.03 02:41:50.699,1.26188,1.26244,1.00,1.00
2015.02.03 02:41:51.335,1.26189,1.26244,1.00,1.00
2015.02.03 02:41:51.858,1.26188,1.26243,1.00,1.50
2015.02.03 02:41:51.909,1.26194,1.26242,1.00,1.00
2015.02.03 02:41:52.011,1.2619,1.26242,1.00,1.00
2015.02.03 02:41:52.196,1.26187,1.26242,1.00,1.00
2015.02.03 02:41:52.577,1.26191,1.26243,1.00,1.00
2015.02.03 02:41:52.830,1.26185,1.26241,1.00,1.00
2015.02.03 02:41:53.032,1.26187,1.26241,1.00,1.00
2015.02.03 02:41:53.587,1.26186,1.26241,1.00,1.00
2015.02.03 02:41:53.930,1.26194,1.26241,1.00,1.00
2015.02.03 02:41:53.981,1.26194,1.26244,1.00,1.50
2015.02.03 02:41:54.032,1.26188,1.26244,1.00,1.00
2015.02.03 02:41:54.234,1.26185,1.26243,1.00,1.00
2015.02.03 02:41:55.096,1.26188,1.26243,1.00,1.50
2015.02.03 02:41:55.415,1.26188,1.26241,1.00,1.00
2015.02.03 02:41:55.965,1.26188,1.26242,1.00,1.50
2015.02.03 02:41:56.302,1.26186,1.26241,1.00,1.00
2015.02.03 02:41:56.734,1.26191,1.26241,1.00,1.00
2015.02.03 02:41:57.083,1.26193,1.26242,1.00,1.00
2015.02.03 02:41:57.346,1.2619,1.26243,1.00,1.00
2015.02.03 02:41:57.649,1.26194,1.26244,1.00,1.50
2015.02.03 02:41:57.855,1.26189,1.26244,1.00,1.00
2015.02.03 02:41:58.361,1.26189,1.26243,1.00,1.00
2015.02.03 02:41:58.842,1.26187,1.26243,1.00,1.00
2015.02.03 02:41:59.154,1.26193,1.26242,1.00,1.00
2015.02.03 02:41:59.255,1.26188,1.26242,1.00,1.00
2015.02.03 02:41:59.936,1.26188,1.26243,1.00,1.00
2015.02.03 02:42:00.496,1.26187,1.26242,1.00,1.00
2015.02.03 02:42:00.547,1.26193,1.26243,1.00,1.00
2015.02.03 02:42:00.751,1.26188,1.26243,1.00,1.50
2015.02.03 02:42:01.309,1.26188,1.26242,1.00,1.00
2015.02.03 02:42:01.464,1.26191,1.26242,1.00,1.00
2015.02.03 02:42:01.667,1.26188,1.26242,1.00,1.00
2015.02.03 02:42:01.869,1.26184,1.2624,1.00,1.00
2015.02.03 02:42:02.172,1.26183,1.26238,1.00,1.00
2015.02.03 02:42:02.675,1.26188,1.26238,1.00,1.00
2015.02.03 02:42:02.779,1.26184,1.26239,1.00,1.00
2015.02.03 02:42:02.881,1.26187,1.26239,1.00,1.00
2015.02.03 02:42:02.984,1.26184,1.26238,1.00,1.00
2015.02.03 02:42:03.289,1.2619,1.26238,1.00,1.00
2015.02.03 02:42:03.593,1.26184,1.26239,1.00,1.00
2015.02.03 02:42:03.994,1.26182,1.26238,1.00,1.00
2015.02.03 02:42:04.097,1.26186,1.26239,1.00,1.00
2015.02.03 02:42:04.184,1.26182,1.26239,1.50,1.00
2015.02.03 02:42:04.324,1.2619,1.26239,1.00,1.00
2015.02.03 02:42:04.527,1.26186,1.26239,1.00,1.00
2015.02.03 02:42:04.628,1.26189,1.26238,1.00,1.00
2015.02.03 02:42:04.729,1.26184,1.26238,1.00,1.00
2015.02.03 02:42:04.881,1.26184,1.2624,1.00,1.00
2015.02.03 02:42:04.982,1.26185,1.26238,1.00,1.00
2015.02.03 02:42:05.286,1.26189,1.26239,1.00,1.00
2015.02.03 02:42:05.438,1.26191,1.26243,1.00,1.37
2015.02.03 02:42:05.640,1.26189,1.26244,1.00,1.37
2015.02.03 02:42:05.741,1.26184,1.26245,1.00,1.87
2015.02.03 02:42:05.944,1.26188,1.26243,1.00,1.37
2015.02.03 02:42:06.046,1.26182,1.26243,1.50,1.87
2015.02.03 02:42:06.422,1.26182,1.2624,1.50,1.00
2015.02.03 02:42:06.830,1.26183,1.26238,1.00,1.00
2015.02.03 02:42:07.133,1.26183,1.2624,1.00,1.50
2015.02.03 02:42:07.674,1.26188,1.26238,1.00,1.00
2015.02.03 02:42:07.877,1.26183,1.26239,1.00,1.00
2015.02.03 02:42:08.180,1.26189,1.26238,1.00,1.00
2015.02.03 02:42:08.382,1.26184,1.26239,1.00,1.00
2015.02.03 02:42:08.913,1.26184,1.2624,1.00,1.00
2015.02.03 02:42:09.423,1.26184,1.26239,1.00,1.00
2015.02.03 02:42:09.474,1.26191,1.26239,1.00,1.00
2015.02.03 02:42:09.576,1.26184,1.2624,1.00,1.00
2015.02.03 02:42:09.790,1.26184,1.26242,1.00,1.00
2015.02.03 02:42:09.892,1.26186,1.26243,1.00,1.00
2015.02.03 02:42:10.196,1.26193,1.26245,1.00,1.00
2015.02.03 02:42:10.297,1.26191,1.26245,1.00,1.00
2015.02.03 02:42:10.652,1.2619,1.26243,1.00,1.00
2015.02.03 02:42:10.955,1.26196,1.26244,1.00,1.00
2015.02.03 02:42:11.208,1.26192,1.26245,1.00,1.00
2015.02.03 02:42:11.731,1.26191,1.26244,1.00,1.00
2015.02.03 02:42:11.883,1.26189,1.26244,1.00,1.00
2015.02.03 02:42:12.137,1.26196,1.26245,1.00,1.00
2015.02.03 02:42:12.648,1.26196,1.26244,1.00,1.00
2015.02.03 02:42:13.157,1.26196,1.26245,1.00,1.00
2015.02.03 02:42:13.310,1.26192,1.26244,1.00,1.00
2015.02.03 02:42:13.614,1.26197,1.26245,1.00,1.00
2015.02.03 02:42:13.816,1.26193,1.26245,1.00,1.00
2015.02.03 02:42:14.018,1.26197,1.26244,1.00,1.00
2015.02.03 02:42:14.069,1.26197,1.26246,1.00,1.00
2015.02.03 02:42:14.120,1.26192,1.26246,1.00,1.00
2015.02.03 02:42:14.627,1.26192,1.26247,1.00,1.00
2015.02.03 02:42:14.931,1.26194,1.26246,1.00,1.00
2015.02.03 02:42:15.033,1.26189,1.26246,1.00,1.00
2015.02.03 02:42:15.603,1.2619,1.26245,1.00,1.00
2015.02.03 02:42:16.044,1.26188,1.26244,1.00,1.00
2015.02.03 02:42:16.247,1.26192,1.26241,1.00,1.00
2015.02.03 02:42:16.348,1.26187,1.26242,1.00,1.00
2015.02.03 02:42:16.901,1.26187,1.26243,1.00,1.00
2015.02.03 02:42:17.155,1.26191,1.26243,1.00,1.50
2015.02.03 02:42:17.359,1.26188,1.26243,1.00,1.00
2015.02.03 02:42:17.866,1.26188,1.26244,1.00,1.50
2015.02.03 02:42:18.169,1.26192,1.26243,1.00,1.00
2015.02.03 02:42:18.372,1.26188,1.26244,1.00,1.00
2015.02.03 02:42:18.473,1.2619,1.26243,1.00,1.00
2015.02.03 02:42:18.878,1.26196,1.26244,1.00,1.00
2015.02.03 02:42:18.979,1.26196,1.26247,1.00,1.00
2015.02.03 02:42:19.081,1.26195,1.2625,1.00,1.00
2015.02.03 02:42:19.384,1.26199,1.2625,1.00,1.00
2015.02.03 02:42:19.600,1.26196,1.26249,1.00,1.00
2015.02.03 02:42:20.033,1.26193,1.2625,1.50,1.50
2015.02.03 02:42:20.198,1.262,1.26249,1.00,1.50
2015.02.03 02:42:20.400,1.26195,1.2625,1.00,1.00
2015.02.03 02:42:20.824,1.26199,1.26249,1.00,1.00
2015.02.03 02:42:21.194,1.26195,1.26249,1.00,1.00
2015.02.03 02:42:21.421,1.262,1.2625,1.00,1.50
2015.02.03 02:42:21.827,1.26195,1.2625,1.00,1.00
2015.02.03 02:42:22.336,1.26197,1.26249,1.00,1.00
2015.02.03 02:42:22.646,1.26201,1.2625,1.00,1.00
2015.02.03 02:42:22.747,1.26196,1.26251,1.00,1.00
2015.02.03 02:42:23.407,1.26196,1.2625,1.00,1.00
2015.02.03 02:42:23.626,1.26193,1.2625,1.00,1.00
2015.02.03 02:42:23.828,1.26195,1.26249,1.00,1.00
2015.02.03 02:42:24.132,1.26201,1.2625,1.00,1.00
2015.02.03 02:42:24.246,1.26195,1.26251,1.00,1.00
2015.02.03 02:42:24.768,1.26198,1.26251,1.00,1.37
2015.02.03 02:42:25.071,1.26193,1.2625,1.00,1.87
2015.02.03 02:42:25.173,1.26198,1.2625,1.00,1.87
2015.02.03 02:42:25.577,1.26195,1.26251,1.00,1.00
2015.02.03 02:42:25.678,1.26201,1.26251,1.00,1.00
2015.02.03 02:42:25.779,1.26195,1.26251,1.00,1.00
2015.02.03 02:42:25.883,1.26201,1.26252,1.00,1.12
2015.02.03 02:42:26.096,1.26197,1.26251,1.00,1.00
2015.02.03 02:42:26.601,1.26194,1.26251,1.00,1.00
2015.02.03 02:42:27.158,1.26194,1.26252,1.00,1.12
2015.02.03 02:42:27.477,1.262,1.26252,1.00,1.12
2015.02.03 02:42:27.578,1.26198,1.26251,1.00,1.00
2015.02.03 02:42:27.730,1.26201,1.26251,1.00,1.00
2015.02.03 02:42:27.832,1.26195,1.26251,1.00,1.37
2015.02.03 02:42:28.135,1.26191,1.26251,1.50,1.87
2015.02.03 02:42:28.414,1.26199,1.26252,1.00,1.37
2015.02.03 02:42:28.820,1.262,1.2625,1.00,1.37
2015.02.03 02:42:28.921,1.26195,1.2625,1.00,1.37
2015.02.03 02:42:29.023,1.26198,1.26251,1.00,1.87
2015.02.03 02:42:29.326,1.26193,1.26251,1.00,1.37
2015.02.03 02:42:29.656,1.26198,1.2625,1.00,1.87
2015.02.03 02:42:30.016,1.26192,1.26248,1.00,1.37
2015.02.03 02:42:30.218,1.26196,1.26248,1.00,1.87
2015.02.03 02:42:30.320,1.26191,1.26249,1.00,1.87
2015.02.03 02:42:30.784,1.26191,1.26247,1.00,1.37
2015.02.03 02:42:31.090,1.26196,1.26248,1.00,1.87
2015.02.03 02:42:31.244,1.26191,1.26246,1.00,1.37
2015.02.03 02:42:31.530,1.26195,1.26246,1.00,1.37
2015.02.03 02:42:31.783,1.26191,1.26245,1.00,1.37
2015.02.03 02:42:32.763,1.26192,1.26245,1.00,1.87
2015.02.03 02:42:33.084,1.26195,1.26244,1.00,1.12
2015.02.03 02:42:33.346,1.26193,1.26245,1.00,1.37
2015.02.03 02:42:33.471,1.26197,1.26246,1.00,1.37
2015.02.03 02:42:33.573,1.26192,1.26246,1.00,1.37
2015.02.03 02:42:33.686,1.26192,1.26246,1.00,1.00
2015.02.03 02:42:33.902,1.26198,1.26246,1.00,1.00
2015.02.03 02:42:33.953,1.26198,1.26251,1.00,1.12
2015.02.03 02:42:34.155,1.26199,1.26253,1.00,1.00
2015.02.03 02:42:34.206,1.26204,1.26253,1.00,1.00
2015.02.03 02:42:34.409,1.26201,1.26253,1.00,1.00
2015.02.03 02:42:34.511,1.26204,1.26255,1.00,1.00
2015.02.03 02:42:34.612,1.26201,1.26254,1.00,1.00
2015.02.03 02:42:34.815,1.26198,1.26254,1.00,1.00
2015.02.03 02:42:34.916,1.26201,1.26255,1.00,1.00
2015.02.03 02:42:35.220,1.26207,1.26255,1.00,1.00
2015.02.03 02:42:35.523,1.26202,1.26256,1.00,1.12
2015.02.03 02:42:36.063,1.26203,1.26255,1.00,1.00
2015.02.03 02:42:36.385,1.262,1.26256,1.00,1.12
2015.02.03 02:42:36.486,1.26195,1.26256,1.00,1.87
2015.02.03 02:42:37.004,1.26195,1.26254,1.00,1.00
2015.02.03 02:42:37.533,1.26195,1.26255,1.00,1.00
2015.02.03 02:42:38.091,1.26195,1.26254,1.00,1.00
2015.02.03 02:42:38.685,1.26195,1.26253,1.00,1.00
2015.02.03 02:42:39.336,1.26195,1.26254,1.00,1.50
2015.02.03 02:42:39.923,1.26195,1.26253,1.00,1.00
2015.02.03 02:42:41.004,1.26205,1.26253,1.00,1.00
2015.02.03 02:42:41.105,1.26201,1.26254,1.00,1.00
2015.02.03 02:42:41.308,1.26205,1.26255,1.00,1.00
2015.02.03 02:42:41.611,1.26201,1.26254,1.00,1.00
2015.02.03 02:42:41.813,1.26205,1.26254,1.00,1.00
2015.02.03 02:42:41.915,1.262,1.26255,1.00,1.50
2015.02.03 02:42:42.459,1.262,1.26254,1.00,1.00
2015.02.03 02:42:42.966,1.262,1.26253,1.00,1.00
2015.02.03 02:42:43.017,1.26204,1.26253,1.00,1.00
2015.02.03 02:42:43.118,1.262,1.26253,1.00,1.00
2015.02.03 02:42:43.415,1.26205,1.26254,1.00,1.00
2015.02.03 02:42:43.617,1.26201,1.26254,1.00,1.00
2015.02.03 02:42:44.143,1.26203,1.26255,1.00,1.00
2015.02.03 02:42:44.265,1.26199,1.26255,1.00,1.50
2015.02.03 02:42:44.366,1.26204,1.26255,1.00,1.00
2015.02.03 02:42:44.423,1.26201,1.26255,1.00,1.50
2015.02.03 02:42:44.524,1.26205,1.26255,1.00,1.00
2015.02.03 02:42:44.845,1.26201,1.26255,1.00,1.00
2015.02.03 02:42:45.150,1.26205,1.26254,1.00,1.00
2015.02.03 02:42:45.252,1.262,1.26254,1.00,1.00
2015.02.03 02:42:45.353,1.26206,1.26254,1.00,1.00
2015.02.03 02:42:45.455,1.26201,1.26254,1.00,1.00
2015.02.03 02:42:45.637,1.26198,1.26254,1.00,1.00
2015.02.03 02:42:45.938,1.262,1.26254,1.00,1.00
2015.02.03 02:42:46.264,1.26212,1.26257,1.00,1.37
2015.02.03 02:42:46.366,1.2621,1.26258,1.00,1.37
2015.02.03 02:42:46.670,1.26212,1.26259,1.00,1.37
2015.02.03 02:42:46.973,1.26204,1.26259,1.00,1.87
2015.02.03 02:42:47.276,1.26202,1.26258,1.00,1.37
2015.02.03 02:42:47.378,1.26211,1.26259,1.00,1.37
2015.02.03 02:42:47.683,1.26203,1.26259,1.00,1.37
2015.02.03 02:42:47.885,1.262,1.26259,1.00,1.37
2015.02.03 02:42:48.088,1.26206,1.26259,1.00,1.87
2015.02.03 02:42:48.189,1.26202,1.26258,1.00,1.37
2015.02.03 02:42:48.774,1.26201,1.26258,1.00,1.37
2015.02.03 02:42:48.826,1.26203,1.26259,1.00,1.37
2015.02.03 02:42:49.028,1.26197,1.2626,1.00,1.37
2015.02.03 02:42:49.231,1.26194,1.26258,1.00,1.87
2015.02.03 02:42:49.910,1.26196,1.26258,1.00,2.62
2015.02.03 02:42:50.416,1.26204,1.26258,1.00,1.37
2015.02.03 02:42:50.518,1.26196,1.26258,1.00,1.87
2015.02.03 02:42:50.746,1.262,1.26258,1.00,1.87
2015.02.03 02:42:51.152,1.26195,1.26256,1.00,1.37
2015.02.03 02:42:51.254,1.26203,1.26256,1.00,1.87
2015.02.03 02:42:51.457,1.26196,1.26256,1.00,1.87
2015.02.03 02:42:51.558,1.26203,1.26256,1.00,1.37
2015.02.03 02:42:51.862,1.26206,1.26258,1.00,1.87
2015.02.03 02:42:51.964,1.26196,1.26258,1.00,1.87
2015.02.03 02:42:52.269,1.26194,1.26259,1.00,1.37
2015.02.03 02:42:53.829,1.26199,1.26255,1.00,1.37
2015.02.03 02:42:54.032,1.26194,1.26255,1.50,1.37
2015.02.03 02:42:54.134,1.26201,1.26255,1.00,1.37
2015.02.03 02:42:54.336,1.26194,1.26255,1.50,1.87
2015.02.03 02:42:54.438,1.26202,1.26255,1.00,1.37
2015.02.03 02:42:54.640,1.26195,1.26256,1.00,1.37
2015.02.03 02:42:55.155,1.26194,1.26256,1.50,1.37
2015.02.03 02:42:55.583,1.26201,1.26257,1.00,1.87
2015.02.03 02:42:55.987,1.26196,1.26259,1.00,1.37
2015.02.03 02:42:56.089,1.26201,1.26259,1.00,1.37
2015.02.03 02:42:56.190,1.26196,1.26261,1.00,1.87
2015.02.03 02:42:56.519,1.26202,1.26257,1.00,1.37
2015.02.03 02:42:57.101,1.26196,1.26256,1.00,1.37
2015.02.03 02:42:57.202,1.262,1.26254,1.00,1.37
2015.02.03 02:42:57.303,1.26194,1.26251,1.00,1.37
2015.02.03 02:42:57.607,1.2619,1.26249,1.00,1.37
2015.02.03 02:42:57.658,1.2619,1.26249,1.00,1.37
2015.02.03 02:42:58.016,1.26196,1.26249,1.00,1.37
2015.02.03 02:42:58.118,1.26191,1.26249,1.00,1.37
2015.02.03 02:42:58.524,1.26196,1.26248,1.00,1.37
2015.02.03 02:42:58.813,1.26191,1.26248,1.00,1.37
2015.02.03 02:42:59.323,1.2619,1.26246,1.00,1.12
2015.02.03 02:43:00.415,1.26189,1.26245,1.00,1.00
2015.02.03 02:43:01.620,1.26191,1.26245,1.00,1.00
2015.02.03 02:43:01.964,1.26195,1.26247,1.00,1.00
2015.02.03 02:43:02.518,1.26195,1.26248,1.00,1.00
2015.02.03 02:43:03.633,1.26195,1.26249,1.50,1.00
2015.02.03 02:43:04.532,1.26196,1.26248,1.00,1.00
2015.02.03 02:43:05.526,1.26196,1.26247,1.00,1.00
2015.02.03 02:43:06.031,1.26194,1.26247,1.50,1.00
2015.02.03 02:43:06.870,1.26194,1.26246,1.50,1.00
2015.02.03 02:43:07.372,1.26195,1.26247,1.00,1.00
2015.02.03 02:43:07.749,1.26195,1.26249,1.50,1.00
2015.02.03 02:43:07.952,1.26205,1.26248,1.00,1.00
2015.02.03 02:43:08.003,1.26205,1.26256,1.00,1.37
2015.02.03 02:43:08.054,1.262,1.26256,1.00,1.37
2015.02.03 02:43:08.257,1.26207,1.26258,1.00,1.37
2015.02.03 02:43:08.359,1.26199,1.2626,1.00,1.37
2015.02.03 02:43:08.460,1.26201,1.26259,1.00,1.37
2015.02.03 02:43:08.966,1.262,1.26258,1.00,1.37
2015.02.03 02:43:09.385,1.26207,1.26257,1.00,1.37
2015.02.03 02:43:09.588,1.26203,1.26257,1.00,1.37
2015.02.03 02:43:09.985,1.262,1.26257,1.00,1.37
2015.02.03 02:43:10.492,1.26205,1.26257,1.00,1.87
2015.02.03 02:43:10.819,1.2621,1.26258,1.00,1.37
2015.02.03 02:43:11.022,1.26202,1.26257,1.00,1.37
2015.02.03 02:43:11.124,1.26199,1.26257,1.00,1.87
2015.02.03 02:43:11.533,1.26205,1.26256,1.00,1.37
2015.02.03 02:43:11.716,1.262,1.26257,1.00,1.37
2015.02.03 02:43:12.108,1.26198,1.26257,1.00,1.87
2015.02.03 02:43:13.073,1.26196,1.26253,1.00,1.37
2015.02.03 02:43:13.226,1.26203,1.26254,1.00,1.37
2015.02.03 02:43:13.328,1.262,1.26253,1.00,1.37
2015.02.03 02:43:13.434,1.26196,1.26254,1.00,1.87
2015.02.03 02:43:14.433,1.26197,1.26251,1.00,1.37
2015.02.03 02:43:15.365,1.26202,1.26252,1.00,1.37
2015.02.03 02:43:15.467,1.26198,1.26252,1.00,1.87
2015.02.03 02:43:15.670,1.26196,1.26251,1.00,1.37
2015.02.03 02:43:16.040,1.26199,1.26251,1.00,1.37
2015.02.03 02:43:17.249,1.262,1.2625,1.00,1.12
2015.02.03 02:43:18.703,1.26203,1.26253,1.00,1.87
2015.02.03 02:43:18.859,1.26201,1.26254,1.00,1.87
2015.02.03 02:43:19.412,1.26207,1.26253,1.00,1.37
2015.02.03 02:43:19.564,1.26201,1.26257,1.00,1.87
2015.02.03 02:43:19.766,1.26201,1.26256,1.00,1.37
2015.02.03 02:43:19.868,1.262,1.26256,1.00,1.87
2015.02.03 02:43:20.200,1.26203,1.26256,1.00,1.37
2015.02.03 02:43:20.505,1.2621,1.26258,1.00,1.37
2015.02.03 02:43:20.606,1.26203,1.26257,1.00,1.37
2015.02.03 02:43:21.106,1.262,1.26256,1.00,1.37
2015.02.03 02:43:21.258,1.26208,1.26256,1.00,1.37
2015.02.03 02:43:21.360,1.26203,1.26256,1.00,1.37
2015.02.03 02:43:21.544,1.26209,1.26257,1.00,1.37
2015.02.03 02:43:21.646,1.26204,1.26257,1.00,1.37
2015.02.03 02:43:21.747,1.2621,1.26257,1.00,1.37
2015.02.03 02:43:22.053,1.26207,1.26257,1.00,1.37
2015.02.03 02:43:22.385,1.26209,1.26258,1.00,1.37
2015.02.03 02:43:22.739,1.26214,1.26257,1.00,1.37
2015.02.03 02:43:22.840,1.26209,1.26257,1.00,1.37
2015.02.03 02:43:23.994,1.26213,1.26256,1.00,1.37
2015.02.03 02:43:24.095,1.2621,1.26256,1.00,1.37
2015.02.03 02:43:24.494,1.26212,1.2626,1.00,1.37
2015.02.03 02:43:24.696,1.26205,1.26258,1.00,1.37
2015.02.03 02:43:24.797,1.26202,1.26258,1.00,1.87
2015.02.03 02:43:25.000,1.26208,1.26258,1.00,1.87
2015.02.03 02:43:25.102,1.26204,1.26257,1.00,1.37
2015.02.03 02:43:25.203,1.2621,1.26259,1.00,1.87
2015.02.03 02:43:25.407,1.26205,1.26259,1.00,1.37
2015.02.03 02:43:25.715,1.26202,1.2626,1.00,1.37
2015.02.03 02:43:26.842,1.26201,1.26257,1.00,1.37
2015.02.03 02:43:27.013,1.26208,1.26256,1.00,1.37
2015.02.03 02:43:27.316,1.26204,1.26258,1.00,1.87
2015.02.03 02:43:27.518,1.26201,1.2626,1.00,1.87
2015.02.03 02:43:28.033,1.262,1.26259,1.00,1.87
2015.02.03 02:43:28.542,1.26207,1.26258,1.00,1.87
2015.02.03 02:43:28.644,1.26202,1.26257,1.00,1.87
2015.02.03 02:43:28.847,1.26207,1.26257,1.00,1.37
2015.02.03 02:43:28.949,1.26203,1.26255,1.00,1.37
2015.02.03 02:43:29.456,1.262,1.26256,1.00,1.87
2015.02.03 02:43:29.683,1.26202,1.26254,1.00,1.37
2015.02.03 02:43:29.986,1.26207,1.26254,1.00,1.37
2015.02.03 02:43:30.180,1.26202,1.26255,1.00,1.87
2015.02.03 02:43:30.281,1.26206,1.26255,1.00,1.37
2015.02.03 02:43:30.383,1.26202,1.26254,1.00,1.37
2015.02.03 02:43:31.000,1.26199,1.26254,1.00,1.37
2015.02.03 02:43:31.102,1.26207,1.26255,1.00,1.87
2015.02.03 02:43:31.304,1.26203,1.26256,1.00,1.37
2015.02.03 02:43:31.608,1.26207,1.26259,1.00,1.37
2015.02.03 02:43:32.518,1.262,1.26257,1.00,1.37
2015.02.03 02:43:33.124,1.26199,1.26255,1.00,1.37
2015.02.03 02:43:33.428,1.26206,1.26256,1.00,1.37
2015.02.03 02:43:33.732,1.26203,1.26257,1.00,1.37
2015.02.03 02:43:33.833,1.26201,1.26256,1.00,1.37
2015.02.03 02:43:34.338,1.26199,1.26257,1.00,1.87
2015.02.03 02:43:34.440,1.26205,1.26257,1.00,1.87
2015.02.03 02:43:34.747,1.26207,1.26259,1.00,1.37
2015.02.03 02:43:34.904,1.26202,1.26261,1.00,1.87
2015.02.03 02:43:35.423,1.262,1.26255,1.00,1.37
2015.02.03 02:43:35.963,1.26207,1.26254,1.00,1.37
2015.02.03 02:43:36.490,1.26208,1.26256,1.00,1.87
2015.02.03 02:43:37.730,1.26209,1.26255,1.00,1.37
2015.02.03 02:43:37.831,1.26204,1.26258,1.00,1.87
2015.02.03 02:43:38.342,1.26208,1.26257,1.00,1.37
2015.02.03 02:43:38.444,1.26202,1.26256,1.00,1.37
2015.02.03 02:43:38.950,1.262,1.26254,1.00,1.37
2015.02.03 02:43:39.357,1.26206,1.26254,1.00,1.37
2015.02.03 02:43:39.889,1.26209,1.26255,1.00,1.00
2015.02.03 02:43:39.991,1.26205,1.26257,1.00,1.37
2015.02.03 02:43:40.093,1.26208,1.26258,1.00,1.37
2015.02.03 02:43:40.498,1.26214,1.26259,1.00,1.37
2015.02.03 02:43:40.603,1.26207,1.26259,1.00,1.37
2015.02.03 02:43:41.198,1.26206,1.2626,1.00,1.37
2015.02.03 02:43:41.382,1.26213,1.26261,1.00,1.37
2015.02.03 02:43:41.483,1.2621,1.26261,1.00,1.37
2015.02.03 02:43:41.905,1.26214,1.26261,1.00,1.37
2015.02.03 02:43:42.212,1.26212,1.2626,1.00,1.37
2015.02.03 02:43:42.517,1.26208,1.26259,1.00,1.37
2015.02.03 02:43:42.830,1.26201,1.26259,1.00,1.37
2015.02.03 02:43:43.497,1.26207,1.26257,1.00,1.37
2015.02.03 02:43:43.598,1.26202,1.26257,1.00,1.87
2015.02.03 02:43:43.801,1.26207,1.26257,1.00,1.37
2015.02.03 02:43:44.109,1.26213,1.26257,1.00,1.37
2015.02.03 02:43:44.210,1.2621,1.26258,1.00,1.37
2015.02.03 02:43:44.413,1.26207,1.26258,1.00,1.37
2015.02.03 02:43:44.621,1.26202,1.26258,1.00,1.37
2015.02.03 02:43:44.827,1.26199,1.26258,1.00,1.37
2015.02.03 02:43:45.740,1.26201,1.26256,1.00,1.37
2015.02.03 02:43:46.043,1.26207,1.26257,1.00,1.87
2015.02.03 02:43:46.448,1.26203,1.26259,1.00,2.62
2015.02.03 02:43:46.549,1.26199,1.26258,1.00,1.37
2015.02.03 02:43:46.852,1.2621,1.26255,1.00,1.37
2015.02.03 02:43:47.156,1.26203,1.26257,1.00,1.87
2015.02.03 02:43:47.363,1.26201,1.26253,1.00,1.37
2015.02.03 02:43:47.464,1.26203,1.26257,1.00,1.37
2015.02.03 02:43:47.666,1.26205,1.26258,1.00,1.87
2015.02.03 02:43:47.970,1.26209,1.2626,1.00,1.37
2015.02.03 02:43:48.172,1.26207,1.2626,1.00,1.37
2015.02.03 02:43:48.375,1.26201,1.26259,1.00,2.62
2015.02.03 02:43:48.704,1.26218,1.26259,1.00,1.37
2015.02.03 02:43:48.906,1.26219,1.26268,1.00,1.37
2015.02.03 02:43:49.126,1.26217,1.26268,1.00,1.37
2015.02.03 02:43:49.542,1.26217,1.26268,1.00,1.37
2015.02.03 02:43:49.694,1.26216,1.26267,1.00,1.37
2015.02.03 02:43:50.200,1.26217,1.26269,1.00,2.62
2015.02.03 02:43:50.750,1.26218,1.26268,1.00,1.87
2015.02.03 02:43:51.467,1.26217,1.26268,1.00,1.87
2015.02.03 02:43:52.073,1.26222,1.26268,1.00,1.37
2015.02.03 02:43:52.986,1.26219,1.26267,1.00,1.37
2015.02.03 02:43:53.392,1.26211,1.26268,1.00,2.62
2015.02.03 02:43:53.553,1.26214,1.26266,1.00,1.37
2015.02.03 02:43:53.705,1.26211,1.26263,1.00,1.37
2015.02.03 02:43:53.806,1.26218,1.26266,1.00,1.37
2015.02.03 02:43:53.908,1.26214,1.26266,1.00,1.37
2015.02.03 02:43:53.959,1.26214,1.26266,1.00,1.37
2015.02.03 02:43:54.010,1.26217,1.26265,1.00,1.37
2015.02.03 02:43:54.074,1.26211,1.26265,1.00,1.37
2015.02.03 02:43:54.276,1.26214,1.26267,1.00,1.37
2015.02.03 02:43:54.378,1.26209,1.26267,1.00,1.87
2015.02.03 02:43:54.585,1.26212,1.26266,1.00,1.87
2015.02.03 02:43:57.658,1.26208,1.26261,1.00,1.12
2015.02.03 02:43:57.709,1.26208,1.26261,1.00,1.37
2015.02.03 02:43:58.046,1.26215,1.26263,1.00,1.37
2015.02.03 02:43:58.149,1.26209,1.26263,1.00,1.37
2015.02.03 02:43:58.250,1.26214,1.26262,1.00,1.37
2015.02.03 02:43:58.351,1.26208,1.26263,1.00,1.37
2015.02.03 02:43:58.635,1.26214,1.26263,1.00,1.37
2015.02.03 02:43:58.787,1.26209,1.26263,1.00,1.37
2015.02.03 02:43:58.889,1.26214,1.26263,1.00,1.87
2015.02.03 02:43:59.091,1.26207,1.26262,1.00,1.37
2015.02.03 02:44:00.311,1.26206,1.26259,1.00,1.37
2015.02.03 02:44:02.013,1.26206,1.26257,1.00,1.00
2015.02.03 02:44:02.661,1.26206,1.26258,1.00,1.12
2015.02.03 02:44:03.163,1.26206,1.26257,1.00,1.00
2015.02.03 02:44:03.654,1.26206,1.26259,1.00,1.12
2015.02.03 02:44:05.442,1.26206,1.26258,1.00,1.00
2015.02.03 02:44:06.349,1.26206,1.26259,1.00,1.12
2015.02.03 02:44:06.852,1.26206,1.26258,1.00,1.00
2015.02.03 02:44:07.558,1.26206,1.26259,1.00,1.12
2015.02.03 02:44:08.867,1.26206,1.26258,1.00,1.00
2015.02.03 02:44:08.918,1.2621,1.26258,1.00,1.00
2015.02.03 02:44:09.019,1.26208,1.26259,1.00,1.12
2015.02.03 02:44:09.323,1.26212,1.2626,1.00,1.37
2015.02.03 02:44:09.424,1.26207,1.26259,1.00,1.37
2015.02.03 02:44:09.526,1.26212,1.2626,1.00,1.37
2015.02.03 02:44:09.627,1.26207,1.26259,1.00,1.37
2015.02.03 02:44:09.729,1.26212,1.2626,1.00,1.37
2015.02.03 02:44:09.831,1.26208,1.26259,1.00,1.37
2015.02.03 02:44:10.231,1.26206,1.2626,1.00,1.37
2015.02.03 02:44:10.333,1.2621,1.2626,1.00,1.37
2015.02.03 02:44:10.434,1.26207,1.26259,1.00,1.12
2015.02.03 02:44:10.595,1.26205,1.26259,1.00,1.12
2015.02.03 02:44:10.700,1.26211,1.26259,1.00,1.12
2015.02.03 02:44:10.902,1.26207,1.2626,1.00,1.37
2015.02.03 02:44:11.249,1.26205,1.26259,1.00,1.12
2015.02.03 02:44:11.453,1.26207,1.26259,1.00,1.12
2015.02.03 02:44:11.757,1.26205,1.2626,1.00,1.87
2015.02.03 02:44:12.064,1.26207,1.2626,1.00,1.87
2015.02.03 02:44:12.377,1.2621,1.26259,1.00,1.37
2015.02.03 02:44:12.480,1.26206,1.26259,1.00,1.37
2015.02.03 02:44:12.840,1.26204,1.26259,1.00,1.37
2015.02.03 02:44:12.957,1.26209,1.26259,1.00,1.37
2015.02.03 02:44:13.059,1.26205,1.26258,1.00,1.37
2015.02.03 02:44:13.351,1.26208,1.26259,1.00,1.37
2015.02.03 02:44:13.556,1.26206,1.26258,1.00,1.37
2015.02.03 02:44:13.658,1.26204,1.26257,1.00,1.37
2015.02.03 02:44:13.963,1.26209,1.26257,1.00,1.37
2015.02.03 02:44:14.369,1.26211,1.26257,1.00,1.37
2015.02.03 02:44:14.471,1.26206,1.26257,1.00,1.37
2015.02.03 02:44:14.984,1.2621,1.26257,1.00,1.37
2015.02.03 02:44:15.086,1.26204,1.26258,1.00,1.37
2015.02.03 02:44:15.187,1.26209,1.26257,1.00,1.37
2015.02.03 02:44:15.390,1.26205,1.26258,1.00,1.37
2015.02.03 02:44:15.592,1.26209,1.26257,1.00,1.37
2015.02.03 02:44:15.802,1.26205,1.26258,1.00,1.37
2015.02.03 02:44:16.004,1.26203,1.26258,1.00,1.37
2015.02.03 02:44:16.106,1.26207,1.26257,1.00,1.37
2015.02.03 02:44:16.207,1.26204,1.26258,1.00,1.37
2015.02.03 02:44:16.275,1.26208,1.26258,1.00,1.87
2015.02.03 02:44:16.598,1.26211,1.26257,1.00,1.37
2015.02.03 02:44:16.801,1.26205,1.26256,1.00,1.37
2015.02.03 02:44:16.903,1.26209,1.26257,1.00,1.37
2015.02.03 02:44:17.432,1.26204,1.26256,1.00,1.37
2015.02.03 02:44:17.685,1.26206,1.26256,1.00,1.37
2015.02.03 02:44:18.062,1.26211,1.26256,1.00,1.37
2015.02.03 02:44:18.113,1.26205,1.26256,1.00,1.37
2015.02.03 02:44:18.222,1.26209,1.26256,1.00,1.37
2015.02.03 02:44:18.332,1.26205,1.26256,1.00,1.37
2015.02.03 02:44:20.111,1.26204,1.26255,1.00,1.37
2015.02.03 02:44:20.314,1.26208,1.26256,1.00,1.37
2015.02.03 02:44:20.939,1.26205,1.26256,1.00,1.37
2015.02.03 02:44:21.412,1.26203,1.26257,1.00,1.37
2015.02.03 02:44:21.638,1.26205,1.26256,1.00,1.37
2015.02.03 02:44:26.235,1.26206,1.26254,1.00,1.37
2015.02.03 02:44:26.751,1.26205,1.26256,1.00,1.37
2015.02.03 02:44:26.943,1.26207,1.26257,1.00,1.00
2015.02.03 02:44:26.995,1.26207,1.26261,1.00,1.87
2015.02.03 02:44:28.954,1.26208,1.2626,1.00,1.12
2015.02.03 02:44:29.475,1.26208,1.26259,1.00,1.00
2015.02.03 02:44:29.661,1.26206,1.26259,1.00,1.00
2015.02.03 02:44:29.763,1.26211,1.26259,1.00,1.00
2015.02.03 02:44:29.864,1.26207,1.26259,1.00,1.00
2015.02.03 02:44:30.387,1.26207,1.2626,1.00,1.37
2015.02.03 02:44:30.489,1.26204,1.2626,1.00,1.37
2015.02.03 02:44:30.590,1.26202,1.26258,1.00,1.37
2015.02.03 02:44:31.098,1.26201,1.26255,1.00,1.37
2015.02.03 02:44:31.250,1.26201,1.26255,1.00,1.37
2015.02.03 02:44:31.758,1.262,1.26255,1.00,1.37
2015.02.03 02:44:32.261,1.26201,1.26254,1.00,1.37
2015.02.03 02:44:33.271,1.26205,1.26252,1.00,1.37
2015.02.03 02:44:33.372,1.26199,1.26252,1.00,1.37
2015.02.03 02:44:33.575,1.26202,1.26253,1.00,1.37
2015.02.03 02:44:34.081,1.262,1.26255,1.00,1.37
2015.02.03 02:44:34.283,1.26202,1.26254,1.00,1.37
2015.02.03 02:44:34.527,1.262,1.26254,1.00,1.37
2015.02.03 02:44:35.029,1.26201,1.26254,1.00,1.87
2015.02.03 02:44:35.393,1.26198,1.26254,1.00,1.37
2015.02.03 02:44:35.596,1.26207,1.26255,1.00,1.37
2015.02.03 02:44:35.697,1.26203,1.26254,1.00,1.37
2015.02.03 02:44:36.102,1.26205,1.26254,1.00,1.37
2015.02.03 02:44:39.743,1.26206,1.26255,1.00,1.37
2015.02.03 02:44:39.845,1.26206,1.26256,1.00,1.37
2015.02.03 02:44:42.171,1.26207,1.26258,1.00,1.87
2015.02.03 02:44:42.375,1.26209,1.26258,1.00,1.87
2015.02.03 02:44:43.993,1.26209,1.26259,1.00,1.37
2015.02.03 02:44:44.550,1.26208,1.26257,1.00,1.37
2015.02.03 02:44:45.055,1.26207,1.26256,1.00,1.37
2015.02.03 02:44:46.340,1.26208,1.26256,1.00,1.37
2015.02.03 02:44:46.872,1.26206,1.26257,1.00,1.87
2015.02.03 02:44:47.756,1.26204,1.26256,1.00,1.37
2015.02.03 02:44:48.462,1.26203,1.26256,1.00,1.87
2015.02.03 02:44:53.376,1.26205,1.26255,1.00,1.87
2015.02.03 02:44:53.922,1.26206,1.26256,1.00,1.37
2015.02.03 02:44:54.433,1.26207,1.26257,1.00,1.37
2015.02.03 02:44:54.484,1.26207,1.26257,1.00,1.37
2015.02.03 02:44:58.311,1.26208,1.26258,1.00,1.37
2015.02.03 02:44:58.837,1.26209,1.26258,1.00,1.87
2015.02.03 02:44:58.888,1.26209,1.26258,1.00,1.50
2015.02.03 02:44:59.467,1.2621,1.26259,1.00,1.12
2015.02.03 02:44:59.619,1.26209,1.26259,1.00,1.37
2015.02.03 02:45:00.133,1.26208,1.26259,1.00,1.37
2015.02.03 02:45:01.455,1.2621,1.26258,1.00,1.37
2015.02.03 02:45:01.762,1.26206,1.26259,1.00,1.37
2015.02.03 02:45:02.001,1.26206,1.26259,1.00,1.37
2015.02.03 02:45:02.053,1.26202,1.26258,1.00,1.37
2015.02.03 02:45:03.092,1.26203,1.26256,1.00,1.37
2015.02.03 02:45:04.612,1.26201,1.26255,1.00,1.37
2015.02.03 02:45:09.275,1.26202,1.26252,1.00,1.12
2015.02.03 02:45:24.587,1.26202,1.26254,1.00,1.37
2015.02.03 02:45:31.536,1.262,1.26253,1.00,1.37
2015.02.03 02:45:36.984,1.26201,1.26255,1.00,1.37
2015.02.03 02:45:40.036,1.262,1.26254,1.00,1.37
2015.02.03 02:45:40.340,1.26196,1.26252,1.50,1.37
2015.02.03 02:45:40.643,1.26203,1.26253,1.00,1.87
2015.02.03 02:45:40.946,1.26199,1.26253,1.00,1.37
2015.02.03 02:45:41.250,1.26201,1.26251,1.00,1.87
2015.02.03 02:45:41.553,1.26199,1.26251,1.00,1.37
2015.02.03 02:45:41.756,1.262,1.26253,1.00,1.37
2015.02.03 02:45:42.294,1.26201,1.26253,1.00,1.37
2015.02.03 02:45:42.909,1.262,1.26254,1.00,1.37
2015.02.03 02:45:43.742,1.26201,1.26252,1.00,1.37
2015.02.03 02:45:46.201,1.26199,1.26252,1.00,1.37
2015.02.03 02:45:49.995,1.26199,1.26249,1.00,1.00
2015.02.03 02:45:50.535,1.26199,1.2625,1.00,1.12
2015.02.03 02:45:50.586,1.26199,1.26249,1.00,1.37
2015.02.03 02:45:50.738,1.26196,1.26248,1.00,1.37
2015.02.03 02:45:53.769,1.26195,1.26245,1.00,1.12
2015.02.03 02:45:53.978,1.26197,1.26246,1.00,1.37
2015.02.03 02:45:54.486,1.26199,1.26255,1.00,1.37
2015.02.03 02:45:54.792,1.26196,1.26252,1.00,1.37
2015.02.03 02:45:54.965,1.26203,1.26253,1.00,1.87
2015.02.03 02:45:55.117,1.26198,1.26253,1.00,1.87
2015.02.03 02:45:55.421,1.26203,1.26252,1.00,1.37
2015.02.03 02:45:55.623,1.26201,1.26251,1.00,1.37
2015.02.03 02:45:55.725,1.26205,1.26251,1.00,1.37
2015.02.03 02:45:55.927,1.262,1.26253,1.00,1.37
2015.02.03 02:45:56.079,1.262,1.26253,1.00,1.37
2015.02.03 02:45:56.130,1.26204,1.26256,1.00,1.37
2015.02.03 02:45:56.546,1.262,1.26256,1.00,1.37
2015.02.03 02:45:57.073,1.26199,1.26256,1.00,1.87
2015.02.03 02:45:57.124,1.26204,1.26256,1.00,1.87
2015.02.03 02:45:57.176,1.26202,1.26256,1.00,1.37
2015.02.03 02:45:57.277,1.26205,1.26255,1.00,1.37
2015.02.03 02:45:57.379,1.26202,1.26255,1.00,1.37
2015.02.03 02:45:59.707,1.26202,1.26253,1.50,1.37
2015.02.03 02:45:59.910,1.26199,1.26252,1.00,1.12
2015.02.03 02:46:00.012,1.26202,1.26253,1.00,1.87
2015.02.03 02:46:00.315,1.26204,1.26253,1.00,1.37
2015.02.03 02:46:00.530,1.26199,1.26254,1.00,1.37
2015.02.03 02:46:00.581,1.26199,1.26253,1.00,1.37
2015.02.03 02:46:00.682,1.26196,1.26254,1.00,1.37
2015.02.03 02:46:01.032,1.26193,1.26251,1.00,1.37
2015.02.03 02:46:02.201,1.26191,1.26253,1.00,1.37
2015.02.03 02:46:02.829,1.26193,1.26254,1.00,1.87
2015.02.03 02:46:03.278,1.26191,1.26253,1.00,1.37
2015.02.03 02:46:03.992,1.26191,1.26252,1.00,1.37
2015.02.03 02:46:04.511,1.26192,1.26253,1.00,2.62
2015.02.03 02:46:05.025,1.26191,1.26253,1.00,1.37
2015.02.03 02:46:07.598,1.26192,1.26254,1.00,1.87
2015.02.03 02:46:08.147,1.26191,1.26252,1.00,1.37
2015.02.03 02:46:10.028,1.26192,1.26253,1.00,1.37
2015.02.03 02:46:10.387,1.26191,1.26252,1.00,1.37
2015.02.03 02:46:11.964,1.26195,1.26253,1.00,1.37
2015.02.03 02:46:12.178,1.26191,1.26254,1.00,1.37
2015.02.03 02:46:13.113,1.26193,1.26254,1.00,1.37
2015.02.03 02:46:13.214,1.26195,1.26254,1.00,1.37
2015.02.03 02:46:13.417,1.26199,1.26257,1.00,1.37
2015.02.03 02:46:16.307,1.26199,1.26257,1.00,1.87
2015.02.03 02:46:17.085,1.262,1.26258,1.00,1.87
2015.02.03 02:46:17.388,1.262,1.26256,1.00,1.87
2015.02.03 02:46:17.663,1.26204,1.26257,1.00,1.37
2015.02.03 02:46:17.865,1.26201,1.26257,1.00,1.37
2015.02.03 02:46:18.568,1.26204,1.26258,1.00,1.37
2015.02.03 02:46:18.669,1.26201,1.26257,1.00,1.37
2015.02.03 02:46:19.601,1.26204,1.26258,1.00,1.37
2015.02.03 02:46:19.805,1.26201,1.26258,1.00,1.87
2015.02.03 02:46:21.007,1.26204,1.26258,1.00,1.37
2015.02.03 02:46:21.187,1.26201,1.26258,1.00,1.87
2015.02.03 02:46:22.437,1.26205,1.2626,1.00,1.87
2015.02.03 02:46:22.641,1.26201,1.2626,1.00,1.87
2015.02.03 02:46:23.550,1.26199,1.26256,1.00,1.37
2015.02.03 02:46:23.651,1.26196,1.26254,1.50,1.37
2015.02.03 02:46:23.955,1.262,1.26251,1.00,1.37
2015.02.03 02:46:24.260,1.26193,1.26252,1.50,1.37
2015.02.03 02:46:24.966,1.26195,1.2625,1.00,1.37
2015.02.03 02:46:25.529,1.26196,1.26251,1.00,1.37
2015.02.03 02:46:26.127,1.26195,1.2625,1.00,1.37
2015.02.03 02:46:27.463,1.26203,1.2625,1.00,1.37
2015.02.03 02:46:27.768,1.26197,1.26252,1.00,1.37
2015.02.03 02:46:28.393,1.26199,1.26252,1.00,1.87
2015.02.03 02:46:28.756,1.26202,1.26251,1.00,1.37
2015.02.03 02:46:28.958,1.26196,1.26252,1.00,1.50
2015.02.03 02:46:29.711,1.26202,1.26253,1.00,1.75
2015.02.03 02:46:29.914,1.26199,1.26254,1.00,1.75
2015.02.03 02:46:30.117,1.26197,1.26256,1.00,1.75
2015.02.03 02:46:30.320,1.26199,1.26256,1.00,1.75
2015.02.03 02:46:30.826,1.26198,1.26254,1.00,1.75
2015.02.03 02:46:31.129,1.26204,1.26256,1.00,1.75
2015.02.03 02:46:31.285,1.26199,1.26256,1.00,1.75
2015.02.03 02:46:31.794,1.262,1.26256,1.00,1.75
2015.02.03 02:46:32.451,1.26198,1.26256,1.00,1.75
2015.02.03 02:46:34.111,1.26199,1.26253,1.00,1.50
2015.02.03 02:46:34.213,1.26203,1.26255,1.00,1.75
2015.02.03 02:46:34.317,1.26199,1.26256,1.00,1.75
2015.02.03 02:46:35.033,1.26203,1.26253,1.00,1.37
2015.02.03 02:46:35.135,1.26198,1.26254,1.00,1.50
2015.02.03 02:46:35.236,1.262,1.26255,1.00,1.75
2015.02.03 02:46:35.540,1.26203,1.26257,1.00,1.75
2015.02.03 02:46:35.641,1.262,1.26254,1.00,1.75
2015.02.03 02:46:37.051,1.26198,1.26253,1.00,1.50
2015.02.03 02:46:38.069,1.26197,1.26253,1.00,1.50
2015.02.03 02:46:39.161,1.26199,1.26252,1.00,1.50
2015.02.03 02:46:39.464,1.26197,1.26252,1.00,1.50
2015.02.03 02:46:39.768,1.26202,1.26253,1.00,1.87
2015.02.03 02:46:39.970,1.26197,1.26251,1.00,1.37
2015.02.03 02:46:40.308,1.26199,1.26251,1.00,1.50
2015.02.03 02:46:40.519,1.26197,1.26251,1.00,1.50
2015.02.03 02:46:41.028,1.26198,1.26251,1.00,1.37
2015.02.03 02:46:42.399,1.26199,1.26251,1.00,1.12
2015.02.03 02:46:43.299,1.26198,1.26251,1.00,1.87
2015.02.03 02:46:44.296,1.26196,1.2625,1.00,1.37
2015.02.03 02:46:44.609,1.26194,1.2625,1.50,1.37
2015.02.03 02:46:45.647,1.26195,1.2625,1.00,1.37
2015.02.03 02:46:46.197,1.26196,1.26251,1.00,1.87
2015.02.03 02:46:46.699,1.26194,1.26251,1.50,1.37
2015.02.03 02:46:47.562,1.26199,1.26252,1.00,1.37
2015.02.03 02:46:47.767,1.26196,1.26251,1.00,1.37
2015.02.03 02:46:48.072,1.26194,1.26252,1.50,1.87
2015.02.03 02:46:49.755,1.26199,1.26252,1.00,1.37
2015.02.03 02:46:50.059,1.26195,1.26253,1.00,1.87
2015.02.03 02:46:50.574,1.26194,1.26252,1.50,1.37
2015.02.03 02:46:51.667,1.262,1.26253,1.00,1.87
2015.02.03 02:46:51.790,1.26197,1.26251,1.00,1.37
2015.02.03 02:46:52.170,1.26195,1.26252,1.00,1.37
2015.02.03 02:46:52.272,1.26199,1.26253,1.00,1.37
2015.02.03 02:46:52.494,1.26196,1.26252,1.00,1.37
2015.02.03 02:46:53.275,1.26197,1.26252,1.00,1.37
2015.02.03 02:46:53.377,1.26199,1.26254,1.00,1.37
2015.02.03 02:46:53.882,1.26199,1.26254,1.00,1.87
2015.02.03 02:46:54.890,1.26203,1.26254,1.00,1.87
2015.02.03 02:46:55.326,1.26199,1.26253,1.00,1.37
2015.02.03 02:46:56.906,1.26202,1.26255,1.00,1.37
2015.02.03 02:46:57.207,1.26199,1.26254,1.00,1.37
2015.02.03 02:46:57.512,1.26202,1.26254,1.00,1.37
2015.02.03 02:46:57.806,1.26197,1.26254,1.00,1.37
2015.02.03 02:46:57.858,1.26197,1.26254,1.00,1.37
2015.02.03 02:46:58.371,1.26196,1.26253,1.00,1.37
2015.02.03 02:46:58.846,1.262,1.26253,1.00,1.37
2015.02.03 02:46:59.049,1.26196,1.26253,1.50,1.37
2015.02.03 02:46:59.959,1.26201,1.26252,1.00,1.37
2015.02.03 02:47:00.162,1.26196,1.26252,1.00,1.37
2015.02.03 02:47:00.499,1.26198,1.26251,1.00,1.37
2015.02.03 02:47:00.654,1.26194,1.26251,1.50,1.37
2015.02.03 02:47:01.212,1.26195,1.26251,1.00,1.37
2015.02.03 02:47:01.971,1.26194,1.26252,1.00,1.87
2015.02.03 02:47:02.524,1.26199,1.26252,1.00,1.87
2015.02.03 02:47:02.727,1.26195,1.26251,1.00,1.37
2015.02.03 02:47:03.234,1.26194,1.26251,1.00,1.37
2015.02.03 02:47:03.988,1.26199,1.2625,1.00,1.37
2015.02.03 02:47:04.227,1.26194,1.26251,1.50,1.37
2015.02.03 02:47:05.226,1.262,1.2625,1.00,1.37
2015.02.03 02:47:05.329,1.26195,1.26251,1.00,1.37
2015.02.03 02:47:05.911,1.262,1.2625,1.00,1.37
2015.02.03 02:47:06.215,1.26195,1.26251,1.00,1.87
2015.02.03 02:47:06.903,1.26194,1.2625,1.50,1.37
2015.02.03 02:47:07.934,1.26199,1.26249,1.00,1.37
2015.02.03 02:47:08.136,1.26194,1.2625,1.50,1.37
2015.02.03 02:47:08.238,1.26199,1.26251,1.00,1.37
2015.02.03 02:47:08.556,1.26195,1.26251,1.00,1.37
2015.02.03 02:47:08.658,1.262,1.26251,1.00,1.37
2015.02.03 02:47:08.991,1.26202,1.26253,1.00,1.37
2015.02.03 02:47:09.144,1.26196,1.26254,1.00,1.37
2015.02.03 02:47:10.687,1.26201,1.26251,1.00,1.37
2015.02.03 02:47:10.887,1.26196,1.26251,1.00,1.37
2015.02.03 02:47:11.581,1.26194,1.26251,1.50,1.37
2015.02.03 02:47:11.786,1.26196,1.26252,1.00,1.87
2015.02.03 02:47:12.157,1.26201,1.26252,1.00,1.87
2015.02.03 02:47:12.376,1.26196,1.26252,1.00,1.87
2015.02.03 02:47:12.657,1.26194,1.26252,1.00,1.87
2015.02.03 02:47:14.069,1.26199,1.2625,1.00,1.37
2015.02.03 02:47:14.272,1.26195,1.26251,1.00,1.37
2015.02.03 02:47:14.906,1.26194,1.26252,1.50,1.87
2015.02.03 02:47:15.176,1.26199,1.26251,1.00,1.37
2015.02.03 02:47:15.378,1.26196,1.26251,1.00,1.37
2015.02.03 02:47:15.920,1.26197,1.26251,1.00,1.37
2015.02.03 02:47:16.439,1.26196,1.26251,1.00,1.37
2015.02.03 02:47:17.099,1.26195,1.26251,1.00,1.87
2015.02.03 02:47:17.646,1.26194,1.26251,1.00,1.37
2015.02.03 02:47:17.798,1.26191,1.26252,1.00,1.37
2015.02.03 02:47:18.452,1.26193,1.26252,1.00,1.37
2015.02.03 02:47:18.553,1.26191,1.26252,1.00,1.37
2015.02.03 02:47:20.008,1.26191,1.26251,1.00,1.37
2015.02.03 02:47:20.262,1.26194,1.26252,1.00,1.37
2015.02.03 02:47:20.464,1.26192,1.26252,1.00,1.37
2015.02.03 02:47:20.979,1.26191,1.26253,1.00,1.87
2015.02.03 02:47:21.066,1.26191,1.26253,1.00,1.87
2015.02.03 02:47:21.638,1.26191,1.26249,1.50,1.37
2015.02.03 02:47:22.142,1.26192,1.26248,1.00,1.37
2015.02.03 02:47:22.789,1.26196,1.26248,1.00,1.37
2015.02.03 02:47:23.062,1.26191,1.26248,1.50,1.37
2015.02.03 02:47:23.393,1.26197,1.26247,1.00,1.37
2015.02.03 02:47:23.566,1.26193,1.26248,1.00,1.37
2015.02.03 02:47:23.816,1.26191,1.26247,1.50,1.37
2015.02.03 02:47:24.072,1.26196,1.26246,1.00,1.37
2015.02.03 02:47:24.274,1.26193,1.26246,1.00,1.37
2015.02.03 02:47:24.475,1.26191,1.26246,1.50,1.37
2015.02.03 02:47:25.782,1.26192,1.26246,1.00,1.37
2015.02.03 02:47:28.115,1.26192,1.26246,1.00,1.37
2015.02.03 02:47:28.221,1.26189,1.26246,1.50,1.37
2015.02.03 02:47:28.322,1.26191,1.26244,1.00,1.37
2015.02.03 02:47:28.841,1.26191,1.26244,1.00,1.37
2015.02.03 02:47:30.635,1.26191,1.26242,1.00,1.87
2015.02.03 02:47:30.737,1.26189,1.26242,1.50,1.87
2015.02.03 02:47:30.940,1.26187,1.26239,1.00,1.37
2015.02.03 02:47:31.647,1.26188,1.26238,1.00,1.37
2015.02.03 02:47:31.749,1.26188,1.26239,1.00,1.37
2015.02.03 02:47:31.952,1.2619,1.2624,1.00,1.37
2015.02.03 02:47:32.256,1.26192,1.26244,1.00,1.87
2015.02.03 02:47:32.778,1.26191,1.26244,1.00,1.37
2015.02.03 02:47:33.195,1.26193,1.26243,1.00,1.37
2015.02.03 02:47:33.374,1.2619,1.26245,1.00,1.37
2015.02.03 02:47:33.526,1.26197,1.26244,1.00,1.37
2015.02.03 02:47:33.693,1.26192,1.26244,1.00,1.37
2015.02.03 02:47:34.309,1.26196,1.26245,1.00,1.37
2015.02.03 02:47:34.514,1.26193,1.26245,1.00,1.87
2015.02.03 02:47:34.919,1.26191,1.26245,1.00,1.37
2015.02.03 02:47:35.494,1.26193,1.26244,1.00,1.37
2015.02.03 02:47:35.646,1.2619,1.26243,1.00,1.37
2015.02.03 02:47:35.849,1.26187,1.26242,1.00,1.37
2015.02.03 02:47:36.161,1.26183,1.26241,1.00,1.37
2015.02.03 02:47:36.667,1.26182,1.2624,1.00,1.37
2015.02.03 02:47:36.921,1.26185,1.2624,1.00,1.87
2015.02.03 02:47:37.224,1.26182,1.26238,1.00,1.37
2015.02.03 02:47:37.557,1.26181,1.26235,1.00,1.37
2015.02.03 02:47:37.608,1.26181,1.26235,1.00,1.37
2015.02.03 02:47:37.932,1.26187,1.26237,1.00,1.37
2015.02.03 02:47:38.034,1.26182,1.26237,1.00,1.37
2015.02.03 02:47:38.683,1.26181,1.26236,1.00,1.37
2015.02.03 02:47:40.319,1.26181,1.26235,1.00,1.87
2015.02.03 02:47:40.572,1.26179,1.26235,1.00,1.37
2015.02.03 02:47:40.775,1.26181,1.26236,1.00,1.37
2015.02.03 02:47:40.975,1.26181,1.26235,1.00,1.00
2015.02.03 02:47:41.483,1.26182,1.26235,1.00,1.00
2015.02.03 02:47:41.989,1.26182,1.26234,1.00,1.50
2015.02.03 02:47:42.528,1.26182,1.26233,1.00,1.00
2015.02.03 02:47:42.579,1.26186,1.26234,1.00,1.00
2015.02.03 02:47:42.682,1.26187,1.26238,1.00,1.00
2015.02.03 02:47:42.783,1.2619,1.26241,1.00,1.00
2015.02.03 02:47:42.885,1.2619,1.26246,1.00,1.50
2015.02.03 02:47:42.987,1.26192,1.26246,1.00,1.00
2015.02.03 02:47:43.088,1.26192,1.26248,1.00,1.00
2015.02.03 02:47:43.189,1.26194,1.26248,1.00,1.00
2015.02.03 02:47:43.291,1.262,1.26258,1.00,1.37
2015.02.03 02:47:43.797,1.26201,1.26259,1.00,1.87
2015.02.03 02:47:44.308,1.26201,1.2626,1.00,1.37
2015.02.03 02:47:46.132,1.26202,1.26261,1.00,1.87
2015.02.03 02:47:46.803,1.26203,1.26261,1.00,1.87
2015.02.03 02:47:47.347,1.26202,1.2626,1.00,1.37
2015.02.03 02:47:47.952,1.26201,1.26261,1.00,1.87
2015.02.03 02:47:49.915,1.26201,1.26256,1.00,1.00
2015.02.03 02:47:51.080,1.26201,1.26257,1.00,1.12
2015.02.03 02:47:51.454,1.26202,1.26255,1.00,1.00
2015.02.03 02:47:52.574,1.26202,1.26256,1.00,1.00
2015.02.03 02:47:53.183,1.26202,1.26255,1.00,1.00
2015.02.03 02:47:53.691,1.26202,1.26256,1.00,1.00
2015.02.03 02:47:53.793,1.26202,1.26258,1.00,1.87
2015.02.03 02:47:54.655,1.26202,1.26257,1.00,1.00
2015.02.03 02:47:54.811,1.26206,1.26257,1.00,1.00
2015.02.03 02:47:55.222,1.26208,1.26259,1.00,1.37
2015.02.03 02:47:55.324,1.26204,1.26259,1.00,1.37
2015.02.03 02:47:55.425,1.26209,1.2626,1.00,1.37
2015.02.03 02:47:55.627,1.26203,1.26259,1.00,1.37
2015.02.03 02:47:56.140,1.26202,1.2626,1.50,1.37
2015.02.03 02:48:00.397,1.26205,1.26258,1.00,1.12
2015.02.03 02:48:03.289,1.26203,1.26257,1.00,1.00
2015.02.03 02:48:03.340,1.26203,1.26257,1.00,1.37
2015.02.03 02:48:03.441,1.26203,1.26257,1.00,1.87
2015.02.03 02:48:03.950,1.26204,1.26257,1.00,1.00
2015.02.03 02:48:04.572,1.26203,1.26257,1.00,1.00
2015.02.03 02:48:05.820,1.26203,1.26256,1.00,1.00
2015.02.03 02:48:05.922,1.26205,1.26256,1.00,1.00
2015.02.03 02:48:06.176,1.26204,1.26258,1.00,1.12
2015.02.03 02:48:06.688,1.26205,1.26257,1.00,1.12
2015.02.03 02:48:07.200,1.26205,1.26258,1.00,1.12
2015.02.03 02:48:09.477,1.26205,1.26257,1.00,1.00
2015.02.03 02:48:10.497,1.26205,1.26256,1.00,1.00
2015.02.03 02:48:10.810,1.2621,1.26256,1.00,1.00
2015.02.03 02:48:10.912,1.2621,1.26258,1.00,1.12
2015.02.03 02:48:11.013,1.26208,1.26258,1.00,1.12
2015.02.03 02:48:11.418,1.26206,1.26257,1.00,1.00
2015.02.03 02:48:11.951,1.26205,1.26258,1.00,1.87
2015.02.03 02:48:12.530,1.26205,1.26257,1.00,1.00
2015.02.03 02:48:13.056,1.26205,1.26258,1.00,1.87
2015.02.03 02:48:13.752,1.26203,1.26258,1.00,1.12
2015.02.03 02:48:13.966,1.26209,1.26257,1.00,1.00
2015.02.03 02:48:14.179,1.26206,1.26257,1.00,1.50
2015.02.03 02:48:14.366,1.26204,1.26257,1.00,1.00
2015.02.03 02:48:14.965,1.26206,1.26256,1.00,1.00
2015.02.03 02:48:15.487,1.26205,1.26256,1.00,1.00
2015.02.03 02:48:16.098,1.26204,1.26256,1.00,1.00
2015.02.03 02:48:16.301,1.26201,1.26255,1.00,1.00
2015.02.03 02:48:16.537,1.26208,1.26255,1.00,1.00
2015.02.03 02:48:16.739,1.26204,1.26255,1.00,1.00
2015.02.03 02:48:17.271,1.26204,1.26256,1.00,1.50
2015.02.03 02:48:17.780,1.26204,1.26254,1.00,1.00
2015.02.03 02:48:18.185,1.26207,1.26256,1.00,1.00
2015.02.03 02:48:18.388,1.26204,1.26255,1.00,1.00
2015.02.03 02:48:18.905,1.26204,1.26256,1.00,1.00
2015.02.03 02:48:19.267,1.26204,1.26254,1.00,1.00
2015.02.03 02:48:20.427,1.26204,1.26255,1.00,1.50
2015.02.03 02:48:20.938,1.26204,1.26254,1.00,1.00
2015.02.03 02:48:21.439,1.26204,1.26255,1.00,1.50
2015.02.03 02:48:22.921,1.26204,1.26253,1.00,1.00
2015.02.03 02:48:23.436,1.26204,1.26254,1.00,1.00
2015.02.03 02:48:24.097,1.26204,1.26253,1.00,1.00
2015.02.03 02:48:24.382,1.26202,1.26254,1.00,1.00
2015.02.03 02:48:24.794,1.26207,1.26255,1.00,1.12
2015.02.03 02:48:24.895,1.26204,1.26255,1.00,1.00
2015.02.03 02:48:25.199,1.26208,1.26255,1.00,1.00
2015.02.03 02:48:25.402,1.26205,1.26257,1.00,1.00
2015.02.03 02:48:25.997,1.26205,1.26256,1.00,1.00
2015.02.03 02:48:26.408,1.26201,1.26257,1.00,1.50
2015.02.03 02:48:27.388,1.26201,1.26256,1.00,1.50
2015.02.03 02:48:27.896,1.262,1.26255,1.00,1.50
2015.02.03 02:48:28.564,1.262,1.26254,1.00,1.00
2015.02.03 02:48:29.145,1.262,1.26255,1.00,1.50
2015.02.03 02:48:29.307,1.262,1.26253,1.00,1.00
2015.02.03 02:48:29.763,1.26199,1.26251,1.00,1.00
2015.02.03 02:48:30.280,1.262,1.26252,1.00,1.00
2015.02.03 02:48:30.643,1.26203,1.26252,1.00,1.00
2015.02.03 02:48:30.744,1.26201,1.26254,1.00,1.00
2015.02.03 02:48:31.254,1.26201,1.26253,1.00,1.00
2015.02.03 02:48:31.761,1.262,1.26253,1.00,1.00
2015.02.03 02:48:32.371,1.262,1.26252,1.00,1.00
2015.02.03 02:48:32.895,1.26199,1.26252,1.00,1.00
2015.02.03 02:48:33.097,1.26205,1.26252,1.00,1.00
2015.02.03 02:48:33.198,1.262,1.26253,1.00,1.00
2015.02.03 02:48:33.603,1.26202,1.26253,1.00,1.00
2015.02.03 02:48:33.805,1.262,1.26252,1.00,1.00
2015.02.03 02:48:34.007,1.26202,1.26253,1.00,1.00
2015.02.03 02:48:34.549,1.26203,1.26254,1.00,1.50
2015.02.03 02:48:35.067,1.26204,1.26254,1.00,1.00
2015.02.03 02:48:35.322,1.26201,1.26253,1.00,1.00
2015.02.03 02:48:35.424,1.26205,1.26253,1.00,1.00
2015.02.03 02:48:35.525,1.26201,1.26254,1.00,1.00
2015.02.03 02:48:35.836,1.26197,1.26259,1.00,1.37
2015.02.03 02:48:36.038,1.26201,1.26259,1.00,1.37
2015.02.03 02:48:36.350,1.26196,1.26258,1.00,1.37
2015.02.03 02:48:37.855,1.26198,1.26262,1.00,1.37
2015.02.03 02:48:38.229,1.26195,1.26261,1.00,1.37
2015.02.03 02:48:39.059,1.26196,1.26261,1.00,1.37
2015.02.03 02:48:41.495,1.26195,1.26262,1.00,1.37
2015.02.03 02:48:41.899,1.26197,1.26261,1.00,1.37
2015.02.03 02:48:42.405,1.26196,1.26261,1.00,1.37
2015.02.03 02:48:43.665,1.26195,1.26259,1.00,1.37
2015.02.03 02:48:43.970,1.26193,1.26258,1.00,1.50
2015.02.03 02:48:44.309,1.262,1.26258,1.00,1.37
2015.02.03 02:48:44.359,1.262,1.26258,1.00,1.87
2015.02.03 02:48:44.410,1.26197,1.26249,1.00,1.00
2015.02.03 02:48:44.512,1.26197,1.26253,1.00,1.00
2015.02.03 02:48:44.613,1.26195,1.26253,1.00,1.00
2015.02.03 02:48:44.664,1.26195,1.26249,1.00,1.00
2015.02.03 02:48:44.765,1.26195,1.26254,1.00,1.00
2015.02.03 02:48:44.816,1.26201,1.26254,1.00,1.00
2015.02.03 02:48:44.917,1.26195,1.26253,1.00,1.00
2015.02.03 02:48:45.220,1.26201,1.26254,1.00,1.00
2015.02.03 02:48:45.423,1.26198,1.26256,1.00,1.12
2015.02.03 02:48:45.473,1.26198,1.26256,1.00,1.87
2015.02.03 02:48:45.979,1.26196,1.26253,1.00,1.50
2015.02.03 02:48:46.080,1.26202,1.26253,1.00,1.50
2015.02.03 02:48:46.384,1.26199,1.26253,1.00,1.12
2015.02.03 02:48:47.321,1.26199,1.26252,1.00,1.00
2015.02.03 02:48:47.524,1.26203,1.26253,1.00,1.00
2015.02.03 02:48:47.625,1.26199,1.26253,1.00,1.12
2015.02.03 02:48:47.784,1.26205,1.26253,1.00,1.00
2015.02.03 02:48:48.037,1.26199,1.26252,1.00,1.00
2015.02.03 02:48:48.197,1.26204,1.26252,1.00,1.00
2015.02.03 02:48:48.299,1.26198,1.26253,1.00,1.50
2015.02.03 02:48:48.845,1.26195,1.26253,1.00,1.87
2015.02.03 02:48:48.997,1.26195,1.26251,1.00,1.00
2015.02.03 02:48:49.301,1.26202,1.26252,1.00,1.00
2015.02.03 02:48:49.453,1.26199,1.26252,1.00,1.00
2015.02.03 02:48:49.817,1.26196,1.26252,1.00,1.00
2015.02.03 02:48:50.364,1.26197,1.26252,1.00,1.00
2015.02.03 02:48:50.756,1.26201,1.26252,1.00,1.50
2015.02.03 02:48:50.958,1.26197,1.26252,1.00,1.00
2015.02.03 02:48:51.476,1.26196,1.26252,1.00,1.00
2015.02.03 02:48:51.794,1.26196,1.26229,1.00,1.00
2015.02.03 02:48:51.845,1.26192,1.26229,1.00,1.00
2015.02.03 02:48:51.896,1.26192,1.26223,1.00,0.75
2015.02.03 02:48:52.099,1.26189,1.26224,1.00,1.00
2015.02.03 02:48:52.251,1.26189,1.26228,1.00,1.00
2015.02.03 02:48:52.456,1.26189,1.26223,1.00,1.00
2015.02.03 02:48:53.211,1.26189,1.26214,1.00,1.00
2015.02.03 02:48:53.518,1.26189,1.26209,1.00,0.75
2015.02.03 02:48:53.569,1.26189,1.26214,1.00,1.00
2015.02.03 02:48:54.075,1.26189,1.26219,1.00,1.00
2015.02.03 02:48:54.404,1.26189,1.26213,1.00,1.00
2015.02.03 02:48:54.738,1.26189,1.26235,1.00,1.00
2015.02.03 02:48:54.789,1.26189,1.26242,1.50,1.00
2015.02.03 02:48:54.890,1.26192,1.26243,1.00,1.00
2015.02.03 02:48:55.194,1.26197,1.26244,1.00,1.00
2015.02.03 02:48:55.404,1.26192,1.26243,1.00,1.00
2015.02.03 02:48:55.507,1.26197,1.26244,1.00,1.00
2015.02.03 02:48:55.909,1.26191,1.26244,1.00,1.00
2015.02.03 02:48:56.010,1.26197,1.26243,1.00,1.00
2015.02.03 02:48:56.313,1.26199,1.26245,1.00,1.00
2015.02.03 02:48:56.871,1.26199,1.26244,1.00,1.00
2015.02.03 02:48:57.480,1.26199,1.26245,1.00,1.00
2015.02.03 02:48:57.937,1.26201,1.26245,1.00,1.00
2015.02.03 02:48:58.240,1.26189,1.26218,1.00,1.00
2015.02.03 02:48:58.342,1.26184,1.26218,1.00,1.00
2015.02.03 02:48:58.493,1.26184,1.26214,1.00,1.00
2015.02.03 02:48:59.001,1.26185,1.26214,1.00,1.00
2015.02.03 02:48:59.052,1.26185,1.26218,1.00,1.00
2015.02.03 02:48:59.153,1.26185,1.26214,1.00,1.00
2015.02.03 02:48:59.357,1.26185,1.26219,1.00,1.00
2015.02.03 02:48:59.560,1.26183,1.26219,1.00,1.00
2015.02.03 02:49:00.524,1.26188,1.26219,1.00,1.00
2015.02.03 02:49:00.726,1.26183,1.26219,1.00,1.00
2015.02.03 02:49:01.234,1.26183,1.26218,1.00,1.00
2015.02.03 02:49:02.661,1.26183,1.26219,1.00,1.00
2015.02.03 02:49:05.458,1.26186,1.26219,1.00,1.00
2015.02.03 02:49:05.969,1.26183,1.26219,1.00,1.00
2015.02.03 02:49:06.480,1.26184,1.26218,1.00,1.00
2015.02.03 02:49:06.531,1.26184,1.26214,1.00,1.00
2015.02.03 02:49:06.724,1.26184,1.26218,1.00,1.00
2015.02.03 02:49:07.204,1.26183,1.26213,1.00,1.00
2015.02.03 02:49:07.609,1.26183,1.26208,1.00,1.00
2015.02.03 02:49:08.129,1.26183,1.26209,1.00,1.00
2015.02.03 02:49:08.440,1.26183,1.26203,1.00,1.00
2015.02.03 02:49:08.945,1.26183,1.26209,1.00,1.00
2015.02.03 02:49:09.047,1.26183,1.26204,1.00,1.00
2015.02.03 02:49:09.364,1.26183,1.26208,1.00,1.00
2015.02.03 02:49:10.053,1.26183,1.26204,1.00,1.00
2015.02.03 02:49:12.149,1.26183,1.26208,1.00,1.00
2015.02.03 02:49:12.251,1.26183,1.26203,1.00,1.00
2015.02.03 02:49:12.302,1.2618,1.26203,1.00,1.00
2015.02.03 02:49:12.444,1.2618,1.26208,1.00,1.00
2015.02.03 02:49:12.923,1.2618,1.26204,1.00,1.00
2015.02.03 02:49:13.434,1.2618,1.26209,1.00,1.00
2015.02.03 02:49:14.095,1.2618,1.26203,1.00,1.00
2015.02.03 02:49:14.350,1.2618,1.26208,1.00,1.00
2015.02.03 02:49:15.105,1.2618,1.26209,1.00,1.00
2015.02.03 02:49:15.407,1.26184,1.26209,1.00,1.00
2015.02.03 02:49:15.459,1.26184,1.26214,1.00,1.00
2015.02.03 02:49:15.510,1.2618,1.26214,1.00,1.00
2015.02.03 02:49:15.561,1.2618,1.26203,1.00,1.00
2015.02.03 02:49:16.763,1.2618,1.26204,1.00,1.00
2015.02.03 02:49:17.505,1.2618,1.26203,1.00,1.00
2015.02.03 02:49:18.083,1.2618,1.26199,1.00,0.75
2015.02.03 02:49:18.762,1.2618,1.26204,1.00,1.00
2015.02.03 02:49:19.958,1.2618,1.26198,1.00,0.75
2015.02.03 02:49:20.059,1.2618,1.26204,1.00,1.00
2015.02.03 02:49:20.946,1.2618,1.26203,1.00,1.00
2015.02.03 02:49:21.048,1.2618,1.26199,1.00,1.00
2015.02.03 02:49:21.251,1.2618,1.26203,1.00,1.00
2015.02.03 02:49:21.352,1.26177,1.26203,1.00,1.00
2015.02.03 02:49:21.504,1.26177,1.26198,1.00,1.00
2015.02.03 02:49:22.046,1.26177,1.26199,1.00,1.00
2015.02.03 02:49:22.464,1.26176,1.26193,1.00,0.75
2015.02.03 02:49:24.238,1.26176,1.26204,1.00,1.00
2015.02.03 02:49:24.559,1.26176,1.26194,1.00,1.00
2015.02.03 02:49:27.515,1.26176,1.26199,1.00,1.00
2015.02.03 02:49:27.734,1.26176,1.26204,1.00,1.00
2015.02.03 02:49:27.886,1.26176,1.26199,1.00,1.00
2015.02.03 02:49:31.170,1.26176,1.26198,1.00,1.00
2015.02.03 02:49:31.680,1.26176,1.26199,1.00,1.00
2015.02.03 02:49:31.782,1.26174,1.26198,1.00,1.00
2015.02.03 02:49:31.833,1.26174,1.26203,1.00,1.00
2015.02.03 02:49:31.935,1.26173,1.26198,1.00,1.00
2015.02.03 02:49:32.137,1.2617,1.26199,1.00,1.00
2015.02.03 02:49:32.289,1.2617,1.26204,1.00,1.00
2015.02.03 02:49:32.340,1.26172,1.26204,1.00,1.00
2015.02.03 02:49:32.644,1.26176,1.26199,1.00,1.00
2015.02.03 02:49:33.106,1.26172,1.26199,1.00,1.00
2015.02.03 02:49:33.208,1.26176,1.26199,1.00,1.00
2015.02.03 02:49:33.719,1.26176,1.26198,1.00,1.00
2015.02.03 02:49:34.241,1.26176,1.26199,1.00,1.00
2015.02.03 02:49:36.447,1.26176,1.26204,1.00,1.00
2015.02.03 02:49:36.649,1.26175,1.26198,1.00,1.00
2015.02.03 02:49:36.852,1.26173,1.26198,1.00,1.00
2015.02.03 02:49:37.489,1.26173,1.26199,1.00,1.00
2015.02.03 02:49:37.925,1.26177,1.26199,1.00,1.00
2015.02.03 02:49:47.563,1.26177,1.26194,1.00,1.00
2015.02.03 02:49:47.766,1.26177,1.26204,1.00,1.00
2015.02.03 02:49:47.868,1.26176,1.26198,1.00,1.00
2015.02.03 02:49:48.374,1.26177,1.26198,1.00,1.00
2015.02.03 02:49:48.425,1.26177,1.26203,1.00,1.00
2015.02.03 02:49:48.866,1.26177,1.26199,1.00,1.00
2015.02.03 02:49:49.398,1.26177,1.26198,1.00,1.00
2015.02.03 02:49:50.063,1.26177,1.26193,1.00,0.75
2015.02.03 02:49:50.317,1.26177,1.26204,1.00,1.00
2015.02.03 02:49:50.418,1.26177,1.26199,1.00,1.00
2015.02.03 02:49:51.162,1.26177,1.26198,1.00,1.00
2015.02.03 02:49:51.686,1.26177,1.26199,1.00,1.00
2015.02.03 02:49:51.737,1.26177,1.26203,1.00,1.00
2015.02.03 02:49:51.940,1.26177,1.26198,1.00,1.00
2015.02.03 02:49:52.968,1.26177,1.26203,1.00,1.00
2015.02.03 02:49:53.069,1.26177,1.26209,1.00,1.00
2015.02.03 02:49:53.170,1.26177,1.26198,1.00,1.00
2015.02.03 02:49:54.252,1.26177,1.26199,1.00,1.00
2015.02.03 02:50:00.538,1.26177,1.26198,1.00,1.00
2015.02.03 02:50:01.247,1.26173,1.26198,1.00,1.00
2015.02.03 02:50:01.298,1.26173,1.26203,1.00,1.00
2015.02.03 02:50:01.399,1.26173,1.26199,1.00,1.00
2015.02.03 02:50:01.551,1.26176,1.26204,1.00,1.00
2015.02.03 02:50:02.825,1.26176,1.26209,1.00,1.00
2015.02.03 02:50:03.488,1.26176,1.26208,1.00,1.00
2015.02.03 02:50:15.777,1.26172,1.26208,1.00,1.00
2015.02.03 02:50:15.937,1.26172,1.26204,1.00,1.00
2015.02.03 02:50:16.563,1.26171,1.26204,1.00,1.00
2015.02.03 02:50:25.555,1.26169,1.26204,1.00,1.00
2015.02.03 02:50:25.606,1.26169,1.26199,1.00,1.00
2015.02.03 02:50:25.707,1.26165,1.26198,1.00,1.00
2015.02.03 02:50:26.213,1.26164,1.26199,1.00,1.00
2015.02.03 02:50:35.782,1.26163,1.26199,1.00,1.00
2015.02.03 02:50:36.924,1.26163,1.26198,1.00,1.00
2015.02.03 02:50:45.281,1.26168,1.26198,1.00,1.00
2015.02.03 02:50:45.434,1.26168,1.26203,1.00,1.00
2015.02.03 02:50:45.687,1.26172,1.26204,1.00,1.00
2015.02.03 02:50:45.991,1.26172,1.26209,1.00,1.00
2015.02.03 02:50:46.093,1.26174,1.26218,1.00,1.00
2015.02.03 02:50:46.194,1.26172,1.26203,1.00,1.00
2015.02.03 02:50:46.510,1.26172,1.26199,1.00,1.00
2015.02.03 02:50:46.612,1.26172,1.26208,1.00,1.00
2015.02.03 02:50:46.714,1.26172,1.26199,1.00,1.00
2015.02.03 02:50:47.131,1.2617,1.26198,1.00,1.00
2015.02.03 02:50:47.383,1.2617,1.26204,1.00,1.00
2015.02.03 02:50:47.485,1.2617,1.26199,1.00,1.00
2015.02.03 02:50:47.867,1.2617,1.26194,1.00,1.00
2015.02.03 02:50:47.921,1.2617,1.26204,1.00,1.00
2015.02.03 02:50:48.022,1.26168,1.26204,1.00,1.00
2015.02.03 02:50:48.174,1.26168,1.26222,1.00,1.00
2015.02.03 02:50:48.225,1.26173,1.26222,1.00,1.00
2015.02.03 02:50:48.327,1.26171,1.26222,1.00,1.00
2015.02.03 02:50:48.378,1.26171,1.26225,1.00,1.00
2015.02.03 02:50:48.429,1.26179,1.26225,1.00,1.00
2015.02.03 02:50:48.480,1.26179,1.26228,1.00,1.00
2015.02.03 02:50:48.530,1.26182,1.26228,1.00,1.00
2015.02.03 02:50:48.683,1.26183,1.26244,1.00,1.37
2015.02.03 02:50:48.735,1.26187,1.26244,1.00,1.37
2015.02.03 02:50:49.039,1.262,1.26244,1.00,1.37
2015.02.03 02:50:49.191,1.26196,1.26244,1.00,1.37
2015.02.03 02:50:49.393,1.26189,1.26244,1.00,1.37
2015.02.03 02:50:49.444,1.26189,1.2625,1.00,1.50
2015.02.03 02:50:49.495,1.26176,1.2625,1.00,1.50
2015.02.03 02:50:49.546,1.26176,1.2625,1.00,1.50
2015.02.03 02:50:49.749,1.2618,1.26252,1.00,1.75
2015.02.03 02:50:51.701,1.2618,1.2625,1.00,1.12
2015.02.03 02:50:52.216,1.26181,1.2625,1.00,1.12
2015.02.03 02:50:54.947,1.26181,1.26244,1.00,1.00
2015.02.03 02:50:55.480,1.26181,1.26247,1.00,1.37
2015.02.03 02:50:56.699,1.26181,1.26244,1.00,1.00
2015.02.03 02:50:57.611,1.26181,1.26243,1.00,1.00
2015.02.03 02:50:58.372,1.26181,1.26242,1.00,1.00
2015.02.03 02:50:59.157,1.26181,1.26241,1.00,1.00
2015.02.03 02:50:59.790,1.26181,1.26238,1.00,1.00
2015.02.03 02:50:59.942,1.26181,1.26241,1.00,1.00
2015.02.03 02:51:00.095,1.26179,1.26242,1.00,1.00
2015.02.03 02:51:00.601,1.26179,1.26241,1.00,1.00
2015.02.03 02:51:01.130,1.2618,1.26242,1.00,1.00
2015.02.03 02:51:01.535,1.26181,1.26245,1.00,1.12
2015.02.03 02:51:01.861,1.26181,1.26243,1.00,1.00
2015.02.03 02:51:02.401,1.26181,1.26244,1.00,1.00
2015.02.03 02:51:02.910,1.26181,1.26243,1.00,1.00
2015.02.03 02:51:03.879,1.26181,1.26244,1.00,1.00
2015.02.03 02:51:04.387,1.26181,1.26245,1.00,1.12
2015.02.03 02:51:05.823,1.26181,1.26244,1.00,1.00
2015.02.03 02:51:06.364,1.26181,1.26245,1.00,1.12
2015.02.03 02:51:06.867,1.26181,1.26244,1.00,1.00
2015.02.03 02:51:07.391,1.26181,1.26245,1.00,1.12
2015.02.03 02:51:07.695,1.26181,1.26244,1.00,1.37
2015.02.03 02:51:11.026,1.26178,1.26241,1.00,1.37
2015.02.03 02:51:11.228,1.26176,1.2624,1.00,1.37
2015.02.03 02:51:11.330,1.26174,1.2624,1.00,1.37
2015.02.03 02:51:14.734,1.26174,1.26238,1.00,1.00
2015.02.03 02:51:15.141,1.26174,1.2624,1.00,1.00
2015.02.03 02:51:15.649,1.26174,1.26239,1.00,1.00
2015.02.03 02:51:15.852,1.26174,1.26238,1.00,1.37
2015.02.03 02:51:18.496,1.26174,1.26237,1.00,1.00
2015.02.03 02:51:18.801,1.26175,1.26242,1.00,1.00
2015.02.03 02:51:19.608,1.26175,1.26243,1.00,1.00
2015.02.03 02:51:20.042,1.26175,1.26241,1.00,1.00
2015.02.03 02:51:20.252,1.26173,1.26242,1.00,1.00
2015.02.03 02:51:21.016,1.26173,1.26241,1.00,1.00
2015.02.03 02:51:21.732,1.26173,1.26243,1.00,1.00
2015.02.03 02:51:22.241,1.26173,1.26242,1.00,1.00
2015.02.03 02:51:22.745,1.26173,1.26241,1.00,1.00
2015.02.03 02:51:22.897,1.26176,1.26242,1.00,1.00
2015.02.03 02:51:23.401,1.26176,1.26243,1.00,1.00
2015.02.03 02:51:23.740,1.26176,1.26219,1.00,1.00
2015.02.03 02:51:24.053,1.26176,1.26214,1.00,0.75
2015.02.03 02:51:24.363,1.26176,1.26219,1.00,1.00
2015.02.03 02:51:24.619,1.26176,1.26214,1.00,1.00
2015.02.03 02:51:25.135,1.26176,1.26218,1.00,1.00
2015.02.03 02:51:25.286,1.26176,1.26223,1.00,1.00
2015.02.03 02:51:25.489,1.26176,1.26214,1.00,1.00
2015.02.03 02:51:25.691,1.26176,1.26219,1.00,1.00
2015.02.03 02:51:25.843,1.26176,1.26221,1.00,1.00
2015.02.03 02:51:25.944,1.26173,1.26214,1.00,1.00
2015.02.03 02:51:26.213,1.2617,1.26213,1.00,1.00
2015.02.03 02:51:26.263,1.2617,1.26209,1.00,1.00
2015.02.03 02:51:26.575,1.2617,1.26213,1.00,1.00
2015.02.03 02:51:26.676,1.2617,1.26208,1.00,1.00
2015.02.03 02:51:26.828,1.2617,1.26214,1.00,1.00
2015.02.03 02:51:27.039,1.2617,1.26209,1.00,1.00
2015.02.03 02:51:27.349,1.2617,1.26213,1.00,1.00
2015.02.03 02:51:27.810,1.2617,1.26216,1.00,1.00
2015.02.03 02:51:28.063,1.26173,1.26215,1.00,1.00
2015.02.03 02:51:28.602,1.26173,1.26217,1.00,1.00
2015.02.03 02:51:30.197,1.26173,1.26216,1.00,1.00
2015.02.03 02:51:31.206,1.26173,1.26217,1.00,1.00
2015.02.03 02:51:31.854,1.26173,1.26216,1.00,1.00
2015.02.03 02:51:32.378,1.26174,1.26218,1.00,1.00
2015.02.03 02:51:32.785,1.26176,1.26218,1.00,1.00
2015.02.03 02:51:33.322,1.26176,1.26217,1.00,1.00
2015.02.03 02:51:34.010,1.26176,1.26216,1.00,1.00
2015.02.03 02:51:34.483,1.26176,1.26214,1.00,1.00
2015.02.03 02:51:34.940,1.26175,1.26217,1.00,1.00
2015.02.03 02:51:35.092,1.26175,1.26222,1.00,1.00
2015.02.03 02:51:35.194,1.26175,1.26219,1.00,1.00
2015.02.03 02:51:35.363,1.26175,1.26221,1.00,1.00
2015.02.03 02:51:35.515,1.26175,1.26219,1.00,1.00
2015.02.03 02:51:36.182,1.26175,1.26222,1.00,1.00
2015.02.03 02:51:36.946,1.26175,1.26218,1.00,1.00
2015.02.03 02:51:37.233,1.26175,1.26222,1.00,1.00
2015.02.03 02:51:37.756,1.26176,1.26223,1.00,1.00
2015.02.03 02:51:37.806,1.26176,1.26219,1.00,1.00
2015.02.03 02:51:37.908,1.26176,1.26222,1.00,1.00
2015.02.03 02:51:38.794,1.26176,1.26223,1.00,1.00
2015.02.03 02:51:39.300,1.26176,1.26222,1.00,1.00
2015.02.03 02:51:39.451,1.26176,1.26218,1.00,1.00
2015.02.03 02:51:39.553,1.26176,1.26222,1.00,1.00
2015.02.03 02:51:40.019,1.26176,1.26224,1.00,1.00
2015.02.03 02:51:40.121,1.26176,1.26226,1.00,1.00
2015.02.03 02:51:40.202,1.26176,1.26218,1.00,1.00
2015.02.03 02:51:40.733,1.26176,1.26219,1.00,1.00
2015.02.03 02:51:41.392,1.26176,1.26218,1.00,1.00
2015.02.03 02:51:41.647,1.26176,1.26226,1.00,1.50
2015.02.03 02:51:42.002,1.26176,1.26224,1.00,1.00
2015.02.03 02:51:42.415,1.26176,1.26226,1.00,1.00
2015.02.03 02:51:42.774,1.26176,1.26223,1.00,1.00
2015.02.03 02:51:43.068,1.26176,1.26226,1.00,1.00
2015.02.03 02:51:43.118,1.2618,1.26226,1.00,1.50
2015.02.03 02:51:43.422,1.2618,1.26223,1.00,1.00
2015.02.03 02:51:43.731,1.2618,1.26225,1.00,1.00
2015.02.03 02:51:43.984,1.2618,1.26223,1.00,1.00
2015.02.03 02:51:44.492,1.2618,1.26219,1.00,1.00
2015.02.03 02:51:44.644,1.2618,1.26222,1.00,1.00
2015.02.03 02:51:45.155,1.2618,1.26223,1.00,1.00
2015.02.03 02:51:46.035,1.2618,1.26218,1.00,1.00
2015.02.03 02:51:46.141,1.2618,1.26223,1.00,1.00
2015.02.03 02:51:46.395,1.2618,1.26219,1.00,1.00
2015.02.03 02:51:47.021,1.2618,1.26218,1.00,1.00
2015.02.03 02:51:47.902,1.2618,1.26219,1.00,1.00
2015.02.03 02:51:48.282,1.2618,1.26222,1.00,1.00
2015.02.03 02:51:48.581,1.2618,1.26219,1.00,1.00
2015.02.03 02:51:48.782,1.2618,1.26222,1.00,1.00
2015.02.03 02:51:49.312,1.2618,1.26223,1.00,1.00
2015.02.03 02:51:49.594,1.2618,1.26219,1.00,1.00
2015.02.03 02:51:50.241,1.2618,1.26218,1.00,1.00
2015.02.03 02:51:50.432,1.2618,1.26223,1.00,1.50
2015.02.03 02:51:50.907,1.2618,1.26219,1.00,1.00
2015.02.03 02:51:51.756,1.2618,1.26218,1.00,1.00
2015.02.03 02:51:52.264,1.2618,1.26219,1.00,1.00
2015.02.03 02:51:52.522,1.2618,1.26223,1.00,1.50
2015.02.03 02:51:52.867,1.2618,1.26219,1.00,1.00
2015.02.03 02:51:53.982,1.2618,1.26218,1.00,1.00
2015.02.03 02:51:54.083,1.2618,1.26223,1.00,1.50
2015.02.03 02:51:54.342,1.2618,1.26226,1.00,1.00
2015.02.03 02:51:54.661,1.2618,1.26219,1.00,1.00
2015.02.03 02:51:55.162,1.2618,1.26218,1.00,1.00
2015.02.03 02:51:55.647,1.2618,1.26224,1.00,1.00
2015.02.03 02:51:55.748,1.2618,1.26218,1.00,1.00
2015.02.03 02:51:55.849,1.2618,1.26223,1.00,1.00
2015.02.03 02:51:56.153,1.2618,1.26219,1.00,1.00
2015.02.03 02:51:57.255,1.2618,1.26218,1.00,1.00
2015.02.03 02:51:57.625,1.2618,1.26223,1.00,1.00
2015.02.03 02:51:58.180,1.2618,1.26218,1.00,1.00
2015.02.03 02:51:58.466,1.2618,1.26223,1.00,1.50
2015.02.03 02:51:58.820,1.2618,1.26219,1.00,1.00
2015.02.03 02:51:59.408,1.2618,1.26218,1.00,1.00
2015.02.03 02:51:59.459,1.2618,1.26221,1.00,1.00
2015.02.03 02:51:59.628,1.2618,1.26224,1.00,1.50
2015.02.03 02:51:59.678,1.2618,1.26213,1.00,1.00
2015.02.03 02:51:59.830,1.26177,1.26214,1.00,1.00
2015.02.03 02:51:59.932,1.26172,1.26214,1.00,1.00
2015.02.03 02:52:00.033,1.26172,1.26218,1.00,1.00
2015.02.03 02:52:00.084,1.26175,1.26218,1.00,1.00
2015.02.03 02:52:00.236,1.26178,1.26222,1.00,1.00
2015.02.03 02:52:00.441,1.26178,1.26218,1.00,1.00
2015.02.03 02:52:00.579,1.26178,1.26221,1.00,1.00
2015.02.03 02:52:01.035,1.26178,1.26219,1.00,1.00
2015.02.03 02:52:01.587,1.26178,1.26218,1.00,1.00
2015.02.03 02:52:02.353,1.26178,1.26217,1.00,1.00
2015.02.03 02:52:02.454,1.26178,1.2622,1.00,1.00
2015.02.03 02:52:02.655,1.26178,1.26222,1.00,1.00
2015.02.03 02:52:02.909,1.26178,1.26213,1.00,1.00
2015.02.03 02:52:03.111,1.26176,1.26214,1.00,1.00
2015.02.03 02:52:03.760,1.26171,1.26214,1.00,1.00
2015.02.03 02:52:04.294,1.26171,1.26213,1.00,1.00
2015.02.03 02:52:05.327,1.26171,1.26214,1.00,1.00
2015.02.03 02:52:05.931,1.26171,1.26216,1.00,1.00
2015.02.03 02:52:06.133,1.26171,1.26218,1.00,1.00
2015.02.03 02:52:06.184,1.26171,1.26214,1.00,1.00
2015.02.03 02:52:06.635,1.26171,1.26208,1.00,1.00
2015.02.03 02:52:06.838,1.26171,1.26214,1.00,1.00
2015.02.03 02:52:06.931,1.26171,1.26217,1.00,1.50
2015.02.03 02:52:07.292,1.26171,1.26209,1.00,1.00
2015.02.03 02:52:07.750,1.26171,1.26214,1.00,1.00
2015.02.03 02:52:07.852,1.26171,1.26208,1.00,1.00
2015.02.03 02:52:08.632,1.26171,1.26204,1.00,1.00
2015.02.03 02:52:09.276,1.26171,1.26203,1.00,1.00
2015.02.03 02:52:09.327,1.26169,1.26203,1.00,1.00
2015.02.03 02:52:09.906,1.26169,1.26208,1.00,1.50
2015.02.03 02:52:10.458,1.26169,1.26207,1.00,1.00
2015.02.03 02:52:10.964,1.26169,1.26208,1.00,1.50
2015.02.03 02:52:11.872,1.26169,1.26207,1.00,1.00
2015.02.03 02:52:12.387,1.26169,1.26208,1.00,1.50
2015.02.03 02:52:12.882,1.26169,1.26206,1.00,1.00
2015.02.03 02:52:13.387,1.26169,1.26207,1.00,1.00
2015.02.03 02:52:13.903,1.26169,1.26204,1.00,1.00
2015.02.03 02:52:14.105,1.26169,1.26208,1.00,1.00
2015.02.03 02:52:14.414,1.26169,1.26203,1.00,1.00
2015.02.03 02:52:14.929,1.26169,1.26204,1.00,1.00
2015.02.03 02:52:15.638,1.26169,1.26203,1.00,1.00
2015.02.03 02:52:15.996,1.26169,1.26207,1.00,1.00
2015.02.03 02:52:16.412,1.26169,1.26203,1.00,1.00
2015.02.03 02:52:16.898,1.26169,1.26209,1.00,1.00
2015.02.03 02:52:17.475,1.26169,1.2621,1.00,1.00
2015.02.03 02:52:18.064,1.26169,1.26209,1.00,1.00
2015.02.03 02:52:19.192,1.26169,1.2621,1.00,1.00
2015.02.03 02:52:19.760,1.26169,1.26209,1.00,1.00
2015.02.03 02:52:21.282,1.26169,1.2621,1.00,1.00
2015.02.03 02:52:21.989,1.26169,1.26209,1.00,1.00
2015.02.03 02:52:22.897,1.26169,1.2621,1.00,1.00
2015.02.03 02:52:24.280,1.26169,1.26209,1.00,1.00
2015.02.03 02:52:24.852,1.2617,1.26209,1.00,1.00
2015.02.03 02:52:25.390,1.26169,1.26208,1.00,1.00
2015.02.03 02:52:26.071,1.26169,1.26209,1.00,1.50
2015.02.03 02:52:27.096,1.26169,1.26203,1.00,1.00
2015.02.03 02:52:27.197,1.26169,1.26208,1.00,1.00
2015.02.03 02:52:27.248,1.26169,1.2621,1.00,1.50
2015.02.03 02:52:27.812,1.26169,1.26209,1.00,1.00
2015.02.03 02:52:28.361,1.26169,1.26208,1.00,1.00
2015.02.03 02:52:28.412,1.26169,1.26204,1.00,1.00
2015.02.03 02:52:30.093,1.26169,1.26208,1.00,1.00
2015.02.03 02:52:30.304,1.26169,1.26204,1.00,1.00
2015.02.03 02:52:30.491,1.26169,1.26208,1.00,1.00
2015.02.03 02:52:31.041,1.26169,1.26203,1.00,1.00
2015.02.03 02:52:32.478,1.26169,1.26207,1.00,1.00
2015.02.03 02:52:34.101,1.26169,1.26208,1.00,1.00
2015.02.03 02:52:34.313,1.26169,1.26211,1.00,1.00
2015.02.03 02:52:35.327,1.26169,1.2621,1.00,1.00
2015.02.03 02:52:36.397,1.26169,1.26212,1.00,1.00
2015.02.03 02:52:37.172,1.26169,1.26211,1.00,1.00
2015.02.03 02:52:37.911,1.26169,1.26209,1.00,1.00
2015.02.03 02:52:38.414,1.26169,1.2621,1.00,1.00
2015.02.03 02:52:38.871,1.26169,1.26208,1.00,1.00
2015.02.03 02:52:39.579,1.26169,1.26209,1.00,1.00
2015.02.03 02:52:40.087,1.26169,1.26208,1.50,1.00
2015.02.03 02:52:40.640,1.26169,1.26207,1.50,1.00
2015.02.03 02:52:42.542,1.2617,1.26207,1.00,1.00
2015.02.03 02:52:42.593,1.2617,1.26212,1.00,1.00
2015.02.03 02:52:42.745,1.2617,1.26208,1.00,1.00
2015.02.03 02:52:42.951,1.2617,1.26211,1.00,1.00
2015.02.03 02:52:43.052,1.2617,1.26209,1.00,1.00
2015.02.03 02:52:43.580,1.26169,1.26204,1.00,1.00
2015.02.03 02:52:43.732,1.26169,1.26208,1.00,1.00
2015.02.03 02:52:44.263,1.26169,1.26209,1.00,1.00
2015.02.03 02:52:44.990,1.26169,1.26208,1.00,1.00
2015.02.03 02:52:45.599,1.26169,1.26209,1.00,1.50
2015.02.03 02:52:46.112,1.26169,1.26211,1.00,1.00
2015.02.03 02:52:46.163,1.26171,1.26209,1.00,1.00
2015.02.03 02:52:46.467,1.26171,1.26212,1.00,1.00
2015.02.03 02:52:47.130,1.26171,1.26213,1.00,1.50
2015.02.03 02:52:47.879,1.26171,1.26214,1.00,1.00
2015.02.03 02:52:48.754,1.26171,1.26213,1.00,1.00
2015.02.03 02:52:49.007,1.26171,1.26216,1.00,1.50
2015.02.03 02:52:49.421,1.26171,1.26213,1.00,1.00
2015.02.03 02:52:49.769,1.26171,1.26216,1.00,1.00
2015.02.03 02:52:49.850,1.26171,1.26214,1.00,1.00
2015.02.03 02:52:50.956,1.26171,1.26213,1.00,1.00
2015.02.03 02:52:57.237,1.26171,1.26214,1.00,1.00
2015.02.03 02:52:57.761,1.26171,1.26215,1.00,1.00
2015.02.03 02:52:58.348,1.26171,1.26214,1.00,1.00
2015.02.03 02:53:00.199,1.26171,1.26213,1.00,1.00
2015.02.03 02:53:00.714,1.26171,1.26214,1.00,1.00
2015.02.03 02:53:01.078,1.26171,1.26217,1.00,1.50
2015.02.03 02:53:01.401,1.26171,1.26214,1.00,1.00
2015.02.03 02:53:04.516,1.26171,1.26213,1.00,1.00
2015.02.03 02:53:04.748,1.26171,1.26215,1.00,1.00
2015.02.03 02:53:05.435,1.26171,1.26214,1.00,1.00
2015.02.03 02:53:05.746,1.26171,1.26217,1.00,1.00
2015.02.03 02:53:05.847,1.26171,1.26228,1.00,1.87
2015.02.03 02:53:06.720,1.26171,1.26219,1.00,1.00
2015.02.03 02:53:07.024,1.26171,1.26213,1.00,1.00
2015.02.03 02:53:07.230,1.26171,1.26218,1.00,1.00
2015.02.03 02:53:07.488,1.26171,1.26213,1.00,1.00
2015.02.03 02:53:07.797,1.26171,1.26218,1.00,1.00
2015.02.03 02:53:08.152,1.26171,1.2622,1.00,1.00
2015.02.03 02:53:08.254,1.26171,1.26218,1.00,1.00
2015.02.03 02:53:08.558,1.26171,1.26214,1.00,1.00
2015.02.03 02:53:08.811,1.26169,1.26217,1.00,1.00
2015.02.03 02:53:08.912,1.26169,1.26213,1.00,1.00
2015.02.03 02:53:09.119,1.26169,1.26215,1.00,1.00
2015.02.03 02:53:09.656,1.26169,1.26216,1.00,1.12
2015.02.03 02:53:09.761,1.26169,1.26214,1.00,1.00
2015.02.03 02:53:10.295,1.26169,1.26215,1.00,1.00
2015.02.03 02:53:10.649,1.26169,1.26213,1.00,1.00
2015.02.03 02:53:11.411,1.26169,1.26214,1.00,1.50
2015.02.03 02:53:11.614,1.26169,1.26216,1.00,1.12
2015.02.03 02:53:11.665,1.26169,1.26214,1.00,1.00
2015.02.03 02:53:11.850,1.26169,1.26216,1.00,1.12
2015.02.03 02:53:12.033,1.26169,1.26218,1.00,1.00
2015.02.03 02:53:12.185,1.26169,1.26213,1.00,1.00
2015.02.03 02:53:12.336,1.26169,1.26217,1.00,1.00
2015.02.03 02:53:12.857,1.26169,1.26216,1.00,1.00
2015.02.03 02:53:13.667,1.26169,1.26218,1.00,1.00
2015.02.03 02:53:14.210,1.26169,1.26217,1.00,1.00
2015.02.03 02:53:14.770,1.26169,1.26218,1.00,1.00
2015.02.03 02:53:15.353,1.26169,1.26217,1.00,1.00
2015.02.03 02:53:15.889,1.26169,1.26216,1.00,1.00
2015.02.03 02:53:16.042,1.26169,1.26213,1.00,1.00
2015.02.03 02:53:16.144,1.26169,1.26217,1.00,1.00
2015.02.03 02:53:16.452,1.26169,1.26219,1.00,1.00
2015.02.03 02:53:16.503,1.26169,1.26214,1.00,1.00
2015.02.03 02:53:16.604,1.26169,1.26218,1.00,1.00
2015.02.03 02:53:16.705,1.26169,1.26221,1.00,1.87
2015.02.03 02:53:17.211,1.26169,1.26219,1.00,1.00
2015.02.03 02:53:17.714,1.26169,1.26218,1.00,1.00
2015.02.03 02:53:18.263,1.26169,1.26217,1.00,1.00
2015.02.03 02:53:18.768,1.2617,1.26216,1.00,1.00
2015.02.03 02:53:19.315,1.26173,1.26215,1.00,1.00
2015.02.03 02:53:19.934,1.26173,1.26216,1.00,1.00
2015.02.03 02:53:20.541,1.26173,1.26215,1.00,1.00
2015.02.03 02:53:21.370,1.26173,1.26216,1.00,1.00
2015.02.03 02:53:21.961,1.26173,1.26215,1.00,1.00
2015.02.03 02:53:22.579,1.26171,1.26215,1.00,1.00
2015.02.03 02:53:22.869,1.26171,1.26213,1.00,1.00
2015.02.03 02:53:22.970,1.26171,1.26216,1.00,1.00
2015.02.03 02:53:23.502,1.26171,1.26215,1.00,1.00
2015.02.03 02:53:24.365,1.26171,1.26216,1.00,1.00
2015.02.03 02:53:25.174,1.26171,1.26215,1.00,1.00
2015.02.03 02:53:25.675,1.26171,1.26214,1.50,1.00
2015.02.03 02:53:26.184,1.26174,1.26214,1.00,1.00
2015.02.03 02:53:26.920,1.26175,1.26214,1.00,1.00
2015.02.03 02:53:27.580,1.26176,1.26215,1.00,1.00
2015.02.03 02:53:28.702,1.26176,1.26216,1.00,1.00
2015.02.03 02:53:29.327,1.26176,1.26215,1.00,1.00
2015.02.03 02:53:30.020,1.26176,1.26216,1.00,1.00
2015.02.03 02:53:30.521,1.26176,1.26215,1.00,1.00
2015.02.03 02:53:30.774,1.26171,1.26216,1.00,1.00
2015.02.03 02:53:31.311,1.26171,1.26215,1.00,1.00
2015.02.03 02:53:31.742,1.26171,1.26217,1.00,1.00
2015.02.03 02:53:32.551,1.26171,1.26218,1.00,1.00
2015.02.03 02:53:33.172,1.26171,1.26217,1.00,1.00
2015.02.03 02:53:33.698,1.26171,1.26218,1.00,1.00
2015.02.03 02:53:33.749,1.26171,1.26222,1.00,1.37
2015.02.03 02:53:33.800,1.26171,1.26216,1.00,1.00
2015.02.03 02:53:34.566,1.26171,1.26217,1.00,1.00
2015.02.03 02:53:35.074,1.26171,1.26215,1.00,1.00
2015.02.03 02:53:35.732,1.26171,1.26216,1.00,1.00
2015.02.03 02:53:36.131,1.26172,1.26214,1.00,1.00
2015.02.03 02:53:36.650,1.26174,1.26215,1.00,1.00
2015.02.03 02:53:37.164,1.26175,1.26214,1.00,1.00
2015.02.03 02:53:37.751,1.26177,1.26215,1.00,1.00
2015.02.03 02:53:37.961,1.26171,1.26216,1.00,1.00
2015.02.03 02:53:38.371,1.26171,1.26214,1.00,1.00
2015.02.03 02:53:38.523,1.26171,1.26216,1.00,1.00
2015.02.03 02:53:39.065,1.26171,1.26215,1.00,1.00
2015.02.03 02:53:39.607,1.26171,1.26213,1.00,1.00
2015.02.03 02:53:39.955,1.26171,1.26216,1.37,1.00
2015.02.03 02:53:40.495,1.26171,1.26215,1.37,1.00
2015.02.03 02:53:41.065,1.26171,1.26214,1.87,1.00
2015.02.03 02:53:42.275,1.26175,1.26215,1.37,1.00
2015.02.03 02:53:42.811,1.26177,1.26214,1.37,1.00
2015.02.03 02:53:43.786,1.26177,1.26216,1.37,1.00
2015.02.03 02:53:44.750,1.26171,1.26214,1.37,1.00
2015.02.03 02:53:45.003,1.26171,1.26216,1.37,1.00
2015.02.03 02:53:45.509,1.26171,1.26214,1.37,1.00
2015.02.03 02:53:46.065,1.26171,1.26215,1.37,1.00
2015.02.03 02:53:46.570,1.26171,1.26216,1.37,1.00
2015.02.03 02:53:47.161,1.26171,1.26215,1.37,1.00
2015.02.03 02:53:47.888,1.26171,1.26216,1.37,1.00
2015.02.03 02:53:48.488,1.26172,1.26215,1.37,1.00
2015.02.03 02:53:49.006,1.26173,1.26214,1.37,1.00
2015.02.03 02:53:49.570,1.26175,1.26215,1.37,1.00
2015.02.03 02:53:50.272,1.26176,1.26214,1.37,1.00
2015.02.03 02:53:50.574,1.26176,1.26216,1.37,1.00
2015.02.03 02:53:51.117,1.26178,1.26215,1.37,1.00
2015.02.03 02:53:51.637,1.26178,1.26216,1.37,1.00
2015.02.03 02:53:52.090,1.2618,1.26218,1.37,1.00
2015.02.03 02:53:53.297,1.2618,1.26217,1.37,1.00
2015.02.03 02:53:55.012,1.2618,1.26216,1.37,1.00
2015.02.03 02:53:55.815,1.2618,1.26215,1.37,1.00
2015.02.03 02:53:56.926,1.26171,1.26214,1.37,1.00
2015.02.03 02:53:57.438,1.26171,1.26215,1.37,1.00
2015.02.03 02:53:57.947,1.26171,1.26214,1.37,1.00
2015.02.03 02:53:58.251,1.26171,1.26216,1.37,1.00
2015.02.03 02:53:58.302,1.26171,1.26214,1.37,1.00
2015.02.03 02:53:58.379,1.26171,1.26216,1.37,1.00
2015.02.03 02:53:58.489,1.26171,1.26213,1.37,1.00
2015.02.03 02:53:59.920,1.26171,1.26216,1.37,1.00
2015.02.03 02:54:00.441,1.26171,1.26217,1.37,1.00
2015.02.03 02:54:00.918,1.26178,1.26214,1.37,1.00
2015.02.03 02:54:01.250,1.26179,1.26219,1.37,1.00
2015.02.03 02:54:01.503,1.26179,1.26222,1.37,1.00
2015.02.03 02:54:01.917,1.26179,1.26213,1.37,1.00
2015.02.03 02:54:02.375,1.26179,1.26219,1.37,1.00
2015.02.03 02:54:03.135,1.26179,1.26213,1.37,1.00
2015.02.03 02:54:03.236,1.26179,1.26219,1.37,1.00
2015.02.03 02:54:03.443,1.26178,1.26213,1.37,1.00
2015.02.03 02:54:03.989,1.26178,1.26219,1.37,1.00
2015.02.03 02:54:04.142,1.26178,1.26214,1.37,1.00
2015.02.03 02:54:04.243,1.26178,1.26218,1.37,1.00
2015.02.03 02:54:04.344,1.26178,1.26214,1.37,1.00
2015.02.03 02:54:04.446,1.26179,1.26219,1.37,1.00
2015.02.03 02:54:04.547,1.26179,1.26213,1.37,1.00
2015.02.03 02:54:04.764,1.26178,1.26219,1.37,1.50
2015.02.03 02:54:06.229,1.26178,1.26218,1.37,1.00
2015.02.03 02:54:07.037,1.26179,1.26217,1.37,1.00
2015.02.03 02:54:07.839,1.26179,1.26216,1.37,1.00
2015.02.03 02:54:08.957,1.26178,1.26218,1.37,1.00
2015.02.03 02:54:09.059,1.26179,1.26214,1.37,1.00
2015.02.03 02:54:09.270,1.26178,1.26218,1.37,1.00
2015.02.03 02:54:09.715,1.26178,1.26213,1.37,1.00
2015.02.03 02:54:10.069,1.26178,1.26218,1.37,1.00
2015.02.03 02:54:10.170,1.26178,1.26213,1.37,1.00
2015.02.03 02:54:12.136,1.26179,1.26215,1.37,1.00
2015.02.03 02:54:12.644,1.26178,1.26216,1.37,1.00
2015.02.03 02:54:13.173,1.26179,1.26215,1.37,1.00
2015.02.03 02:54:13.830,1.26178,1.26216,1.37,1.00
2015.02.03 02:54:13.931,1.26178,1.26213,1.37,1.00
2015.02.03 02:54:14.235,1.26176,1.26203,1.87,1.00
2015.02.03 02:54:14.590,1.26169,1.26209,1.37,1.00
2015.02.03 02:54:14.692,1.26173,1.26204,1.37,1.00
2015.02.03 02:54:15.099,1.26173,1.26208,1.37,1.00
2015.02.03 02:54:15.252,1.26173,1.26211,1.37,1.00
2015.02.03 02:54:15.369,1.26173,1.26203,1.37,1.00
2015.02.03 02:54:15.921,1.26172,1.26204,1.37,1.00
2015.02.03 02:54:16.498,1.26172,1.26203,1.37,1.00
2015.02.03 02:54:17.114,1.26173,1.26209,1.87,1.50
2015.02.03 02:54:17.632,1.26176,1.26208,1.37,1.00
2015.02.03 02:54:18.173,1.26175,1.26209,1.37,1.00
2015.02.03 02:54:18.721,1.26175,1.26208,1.37,1.00
2015.02.03 02:54:18.931,1.26175,1.26211,1.37,1.00
2015.02.03 02:54:19.940,1.26176,1.26209,1.37,1.00
2015.02.03 02:54:20.490,1.26176,1.26208,1.37,1.00
2015.02.03 02:54:20.642,1.26175,1.26213,1.37,1.00
2015.02.03 02:54:20.819,1.26175,1.26209,1.37,1.00
2015.02.03 02:54:21.161,1.26176,1.26214,1.37,1.00
2015.02.03 02:54:21.263,1.26176,1.26209,1.37,1.00
2015.02.03 02:54:21.699,1.26176,1.26214,1.37,1.50
2015.02.03 02:54:21.930,1.26179,1.26214,1.37,1.50
2015.02.03 02:54:22.479,1.2618,1.26215,1.37,1.00
2015.02.03 02:54:23.071,1.26179,1.26216,1.37,1.00
2015.02.03 02:54:23.372,1.26179,1.26217,1.37,1.00
2015.02.03 02:54:23.894,1.26177,1.26216,1.37,1.00
2015.02.03 02:54:24.706,1.26177,1.26215,1.37,1.00
2015.02.03 02:54:25.464,1.26177,1.26214,1.37,1.00
2015.02.03 02:54:26.209,1.26177,1.26213,1.37,1.00
2015.02.03 02:54:26.730,1.26177,1.26214,1.37,1.50
2015.02.03 02:54:27.490,1.26177,1.26213,1.37,1.00
2015.02.03 02:54:28.011,1.26177,1.26214,1.37,1.00
2015.02.03 02:54:28.519,1.26177,1.26213,1.37,1.00
2015.02.03 02:54:29.069,1.26177,1.26214,1.37,1.50
2015.02.03 02:54:29.656,1.26177,1.26213,1.37,1.00
2015.02.03 02:54:30.180,1.26176,1.26214,1.37,1.00
2015.02.03 02:54:30.422,1.26176,1.26216,1.37,1.00
2015.02.03 02:54:31.819,1.26177,1.26214,1.37,1.00
2015.02.03 02:54:32.342,1.26176,1.26213,1.37,1.00
2015.02.03 02:54:32.589,1.26176,1.26217,1.37,1.00
2015.02.03 02:54:33.140,1.26176,1.26214,1.37,1.00
2015.02.03 02:54:33.292,1.26177,1.26216,1.37,1.00
2015.02.03 02:54:33.622,1.26177,1.26214,1.37,1.00
2015.02.03 02:54:33.824,1.26175,1.26216,1.87,1.00
2015.02.03 02:54:34.348,1.26177,1.26215,1.37,1.00
2015.02.03 02:54:34.881,1.26177,1.26214,1.37,1.00
2015.02.03 02:54:35.388,1.26176,1.26215,1.37,1.00
2015.02.03 02:54:35.930,1.26176,1.26214,1.37,1.00
2015.02.03 02:54:36.503,1.26177,1.26213,1.37,1.00
2015.02.03 02:54:37.201,1.26176,1.26214,1.37,1.00
2015.02.03 02:54:37.707,1.26177,1.26213,1.37,1.00
2015.02.03 02:54:38.113,1.26176,1.26218,1.37,1.00
2015.02.03 02:54:38.199,1.26176,1.26214,1.37,1.00
2015.02.03 02:54:38.574,1.26177,1.26216,1.37,1.00
2015.02.03 02:54:38.680,1.26177,1.26214,1.37,1.00
2015.02.03 02:54:39.404,1.26176,1.26209,1.37,1.00
2015.02.03 02:54:39.562,1.26176,1.26213,1.37,1.00
2015.02.03 02:54:39.664,1.26176,1.26215,1.37,1.00
2015.02.03 02:54:40.208,1.26175,1.26209,1.37,1.00
2015.02.03 02:54:40.443,1.26174,1.26213,1.37,1.00
2015.02.03 02:54:40.646,1.26174,1.26209,1.37,1.00
2015.02.03 02:54:40.900,1.26175,1.26211,1.37,1.00
2015.02.03 02:54:41.191,1.26174,1.26208,1.37,1.00
2015.02.03 02:54:41.755,1.26174,1.26203,1.37,1.00
2015.02.03 02:54:41.856,1.26174,1.26209,1.37,1.00
2015.02.03 02:54:42.008,1.26174,1.26211,1.37,1.00
2015.02.03 02:54:42.414,1.26174,1.26209,1.37,1.00
2015.02.03 02:54:43.423,1.26175,1.26208,1.37,1.00
2015.02.03 02:54:43.711,1.26175,1.26211,1.37,1.00
2015.02.03 02:54:43.761,1.26175,1.26209,1.37,1.00
2015.02.03 02:54:44.421,1.26174,1.26212,1.37,1.00
2015.02.03 02:54:44.747,1.26174,1.26209,1.37,1.00
2015.02.03 02:54:45.417,1.26174,1.26212,1.37,1.00
2015.02.03 02:54:45.518,1.26175,1.2621,1.37,1.00
2015.02.03 02:54:46.065,1.26174,1.26211,1.37,1.00
2015.02.03 02:54:46.410,1.26175,1.26209,1.37,1.00
2015.02.03 02:54:46.909,1.26174,1.26211,1.37,1.00
2015.02.03 02:54:47.162,1.26174,1.26208,1.37,1.00
2015.02.03 02:54:47.928,1.26174,1.2621,1.37,1.00
2015.02.03 02:54:48.141,1.26174,1.26208,1.37,1.00
2015.02.03 02:54:48.674,1.26175,1.26209,1.37,1.00
2015.02.03 02:54:49.029,1.26174,1.26212,1.37,1.00
2015.02.03 02:54:49.138,1.26174,1.26208,1.37,1.00
2015.02.03 02:54:49.341,1.26175,1.26211,1.37,1.00
2015.02.03 02:54:49.442,1.26174,1.26208,1.37,1.00
2015.02.03 02:54:49.997,1.26175,1.26209,1.37,1.00
2015.02.03 02:54:50.208,1.26175,1.26211,1.37,1.00
2015.02.03 02:54:50.760,1.26175,1.26208,1.37,1.00
2015.02.03 02:54:51.320,1.26174,1.26211,1.37,1.00
2015.02.03 02:54:51.423,1.26174,1.26208,1.37,1.00
2015.02.03 02:54:51.968,1.26175,1.26209,1.37,1.00
2015.02.03 02:54:52.518,1.26174,1.26208,1.37,1.00
2015.02.03 02:54:53.178,1.26175,1.26209,1.37,1.50
2015.02.03 02:54:53.762,1.26175,1.26208,1.37,1.00
2015.02.03 02:54:54.308,1.26174,1.26209,1.37,1.00
2015.02.03 02:54:54.411,1.26174,1.26212,1.37,1.00
2015.02.03 02:54:54.719,1.26174,1.26208,1.37,1.00
2015.02.03 02:54:54.983,1.26175,1.26211,1.37,1.00
2015.02.03 02:54:55.202,1.26175,1.26209,1.37,1.00
2015.02.03 02:54:55.887,1.26174,1.26208,1.37,1.00
2015.02.03 02:54:56.405,1.26174,1.26209,1.37,1.00
2015.02.03 02:54:56.743,1.26174,1.26213,1.37,1.50
2015.02.03 02:54:57.050,1.26174,1.26209,1.37,1.00
2015.02.03 02:54:57.253,1.26174,1.26213,1.37,1.50
2015.02.03 02:54:57.473,1.26174,1.26209,1.37,1.00
2015.02.03 02:54:57.626,1.26174,1.26212,1.37,1.50
2015.02.03 02:54:58.158,1.26174,1.26209,1.37,1.00
2015.02.03 02:54:58.270,1.26174,1.26211,1.37,1.00
2015.02.03 02:54:58.776,1.26175,1.2621,1.37,1.00
2015.02.03 02:54:59.234,1.26175,1.26208,1.37,1.00
2015.02.03 02:54:59.339,1.26175,1.2621,1.37,1.00
2015.02.03 02:54:59.846,1.26175,1.26209,1.37,1.00
2015.02.03 02:55:00.056,1.26174,1.26211,1.37,1.00
2015.02.03 02:55:00.258,1.26175,1.26209,1.37,1.00
2015.02.03 02:55:00.768,1.26174,1.2621,1.37,1.00
2015.02.03 02:55:01.314,1.26175,1.26209,1.37,1.00
2015.02.03 02:55:02.225,1.26174,1.2621,1.37,1.00
2015.02.03 02:55:02.847,1.26175,1.26209,1.37,1.00
2015.02.03 02:55:03.409,1.26175,1.26208,1.37,1.00
2015.02.03 02:55:03.995,1.26175,1.26208,1.37,1.00
2015.02.03 02:55:04.508,1.26174,1.26209,1.37,1.50
2015.02.03 02:55:04.862,1.26174,1.26214,1.37,1.50
2015.02.03 02:55:05.280,1.26174,1.26208,1.37,1.00
2015.02.03 02:55:05.433,1.26174,1.26213,1.37,1.00
2015.02.03 02:55:05.628,1.26174,1.26208,1.37,1.00
2015.02.03 02:55:05.730,1.26174,1.26214,1.37,1.50
2015.02.03 02:55:06.160,1.26175,1.26208,1.37,1.00
2015.02.03 02:55:06.380,1.26175,1.26213,1.37,1.00
2015.02.03 02:55:06.532,1.26175,1.26209,1.37,1.00
2015.02.03 02:55:06.937,1.26175,1.26212,1.37,1.00
2015.02.03 02:55:07.409,1.26175,1.26208,1.37,1.00
2015.02.03 02:55:07.611,1.26174,1.26212,1.37,1.00
2015.02.03 02:55:07.699,1.26174,1.26209,1.37,1.00
2015.02.03 02:55:08.064,1.26175,1.26211,1.37,1.50
2015.02.03 02:55:08.469,1.26175,1.26208,1.37,1.00
2015.02.03 02:55:08.909,1.26174,1.26211,1.37,1.00
2015.02.03 02:55:09.062,1.26175,1.26208,1.37,1.00
2015.02.03 02:55:09.163,1.26175,1.2621,1.37,1.00
2015.02.03 02:55:09.679,1.26174,1.26209,1.37,1.00
2015.02.03 02:55:09.789,1.26174,1.26211,1.37,1.00
2015.02.03 02:55:10.155,1.26175,1.26209,1.37,1.00
2015.02.03 02:55:10.257,1.26175,1.26211,1.37,1.00
2015.02.03 02:55:10.798,1.26175,1.26209,1.37,1.00
2015.02.03 02:55:11.153,1.26174,1.26212,1.37,1.00
2015.02.03 02:55:11.254,1.26174,1.26209,1.37,1.00
2015.02.03 02:55:11.462,1.26175,1.26211,1.37,1.00
2015.02.03 02:55:12.462,1.26175,1.2621,1.37,1.00
2015.02.03 02:55:13.577,1.26175,1.26208,1.37,1.00
2015.02.03 02:55:13.680,1.26175,1.2621,1.37,1.00
2015.02.03 02:55:14.366,1.26174,1.26211,1.37,1.00
2015.02.03 02:55:14.859,1.26174,1.26209,1.37,1.00
2015.02.03 02:55:15.749,1.26174,1.26212,1.37,1.00
2015.02.03 02:55:16.072,1.26174,1.26209,1.37,1.00
2015.02.03 02:55:16.169,1.26174,1.26212,1.37,1.00
2015.02.03 02:55:16.389,1.26174,1.26209,1.37,1.00
2015.02.03 02:55:17.054,1.26175,1.26208,1.37,1.00
2015.02.03 02:55:17.269,1.26174,1.26212,1.37,1.00
2015.02.03 02:55:17.941,1.26175,1.26211,1.37,1.00
2015.02.03 02:55:18.194,1.26175,1.26209,1.37,1.00
2015.02.03 02:55:18.296,1.26175,1.26211,1.37,1.00
2015.02.03 02:55:18.399,1.26175,1.26208,1.37,1.00
2015.02.03 02:55:18.501,1.26175,1.26211,1.37,1.00
2015.02.03 02:55:19.373,1.26175,1.26208,1.37,1.00
2015.02.03 02:55:19.475,1.26175,1.2621,1.37,1.00
2015.02.03 02:55:19.628,1.26174,1.26208,1.37,1.00
2015.02.03 02:55:19.729,1.26175,1.2621,1.37,1.00
2015.02.03 02:55:20.369,1.26174,1.26211,1.37,1.00
2015.02.03 02:55:20.572,1.26174,1.26208,1.37,1.00
2015.02.03 02:55:20.723,1.26175,1.2621,1.37,1.00
2015.02.03 02:55:21.101,1.26174,1.26214,1.37,1.00
2015.02.03 02:55:21.377,1.26174,1.26209,1.37,1.00
2015.02.03 02:55:21.480,1.26175,1.26213,1.37,1.00
2015.02.03 02:55:21.669,1.26175,1.26209,1.37,1.00
2015.02.03 02:55:21.891,1.26175,1.26213,1.37,1.50
2015.02.03 02:55:22.002,1.26174,1.26209,1.37,1.00
2015.02.03 02:55:22.110,1.26174,1.26214,1.37,1.50
2015.02.03 02:55:22.212,1.26175,1.26212,1.37,1.00
2015.02.03 02:55:22.557,1.26175,1.26209,1.37,1.00
2015.02.03 02:55:22.913,1.26174,1.26212,1.37,1.00
2015.02.03 02:55:23.439,1.26175,1.26209,1.37,1.00
2015.02.03 02:55:23.759,1.26174,1.26214,1.37,1.50
2015.02.03 02:55:23.869,1.26174,1.26209,1.37,1.00
2015.02.03 02:55:24.021,1.26175,1.26212,1.37,1.00
2015.02.03 02:55:24.540,1.26175,1.26213,1.37,1.00
2015.02.03 02:55:24.638,1.26175,1.26208,1.37,1.00
2015.02.03 02:55:24.898,1.26175,1.26213,1.37,1.50
2015.02.03 02:55:25.000,1.26175,1.26208,1.37,1.00
2015.02.03 02:55:25.964,1.26174,1.26212,1.37,1.00
2015.02.03 02:55:26.116,1.26174,1.26208,1.37,1.00
2015.02.03 02:55:26.399,1.26175,1.26211,1.37,1.00
2015.02.03 02:55:26.776,1.26175,1.26208,1.37,1.00
2015.02.03 02:55:27.245,1.26175,1.2621,1.37,1.00
2015.02.03 02:55:27.499,1.26175,1.26208,1.37,1.00
2015.02.03 02:55:27.938,1.26174,1.26212,1.37,1.00
2015.02.03 02:55:28.397,1.26174,1.26209,1.37,1.00
2015.02.03 02:55:28.498,1.26174,1.26212,1.37,1.00
2015.02.03 02:55:28.600,1.26174,1.26209,1.37,1.00
2015.02.03 02:55:28.709,1.26174,1.26212,1.37,1.00
2015.02.03 02:55:29.507,1.26174,1.26208,1.37,1.00
2015.02.03 02:55:29.608,1.26174,1.26212,1.37,1.00
2015.02.03 02:55:29.730,1.26174,1.26209,1.37,1.00
2015.02.03 02:55:29.831,1.26174,1.26212,1.37,1.00
2015.02.03 02:55:30.464,1.26174,1.26211,1.37,1.00
2015.02.03 02:55:30.724,1.26174,1.26209,1.37,1.00
2015.02.03 02:55:31.789,1.26174,1.2621,1.37,1.00
2015.02.03 02:55:32.095,1.26175,1.26208,1.37,1.00
2015.02.03 02:55:32.399,1.26174,1.2621,1.37,1.00
2015.02.03 02:55:32.675,1.26174,1.26208,1.37,1.00
2015.02.03 02:55:33.371,1.26174,1.2621,1.37,1.00
2015.02.03 02:55:33.896,1.26175,1.26209,1.37,1.00
2015.02.03 02:55:34.470,1.26175,1.26208,1.37,1.00
2015.02.03 02:55:34.571,1.26174,1.2621,1.37,1.00
2015.02.03 02:55:34.869,1.26175,1.26208,1.37,1.00
2015.02.03 02:55:36.188,1.26174,1.26209,1.37,1.00
2015.02.03 02:55:36.545,1.26174,1.26211,1.37,1.00
2015.02.03 02:55:36.731,1.26174,1.26213,1.37,1.50
2015.02.03 02:55:36.984,1.26174,1.26213,1.37,1.00
2015.02.03 02:55:37.086,1.26174,1.26208,1.37,1.00
2015.02.03 02:55:37.441,1.26165,1.26212,1.37,1.50
2015.02.03 02:55:37.542,1.26165,1.26209,1.37,1.00
2015.02.03 02:55:37.745,1.26165,1.26211,1.37,1.50
2015.02.03 02:55:38.051,1.26165,1.26209,1.37,1.00
2015.02.03 02:55:39.370,1.26165,1.26208,1.37,1.00
2015.02.03 02:55:40.854,1.26165,1.26209,1.37,1.00
2015.02.03 02:55:41.496,1.26165,1.26211,1.37,1.00
2015.02.03 02:55:41.598,1.26165,1.26208,1.37,1.00
2015.02.03 02:55:41.700,1.26165,1.26211,1.37,1.00
2015.02.03 02:55:42.208,1.26165,1.2621,1.37,1.00
2015.02.03 02:55:42.754,1.26165,1.26209,1.37,1.00
2015.02.03 02:55:43.260,1.26165,1.2621,1.37,1.00
2015.02.03 02:55:43.829,1.26165,1.26209,1.37,1.00
2015.02.03 02:55:44.349,1.26165,1.26208,1.37,1.00
2015.02.03 02:55:45.250,1.26165,1.26209,1.37,1.00
2015.02.03 02:55:46.143,1.26165,1.26208,1.37,1.00
2015.02.03 02:55:46.884,1.26162,1.26208,1.37,1.00
2015.02.03 02:55:47.345,1.26162,1.26206,1.37,1.00
2015.02.03 02:55:47.855,1.26162,1.26207,1.37,1.00
2015.02.03 02:55:48.698,1.26162,1.26208,1.37,1.00
2015.02.03 02:55:49.077,1.26162,1.26183,1.00,0.75
2015.02.03 02:55:49.280,1.2616,1.26184,1.37,1.00
2015.02.03 02:55:49.434,1.2616,1.26194,1.37,1.00
2015.02.03 02:55:49.535,1.2616,1.2618,1.00,0.75
2015.02.03 02:55:49.859,1.26158,1.26183,1.87,1.00
2015.02.03 02:55:49.961,1.26158,1.26193,1.87,1.00
2015.02.03 02:55:50.062,1.26158,1.26179,1.50,1.00
2015.02.03 02:55:50.319,1.26158,1.26184,1.37,1.00
2015.02.03 02:55:50.421,1.26158,1.26179,1.37,1.00
2015.02.03 02:55:50.726,1.26159,1.26183,1.37,1.00
2015.02.03 02:55:50.931,1.26159,1.26178,1.00,1.00
2015.02.03 02:55:51.149,1.26158,1.26189,1.37,1.00
2015.02.03 02:55:51.305,1.26159,1.26183,1.37,1.00
2015.02.03 02:55:51.635,1.26158,1.26188,1.37,1.00
2015.02.03 02:55:51.838,1.26158,1.26183,1.37,1.00
2015.02.03 02:55:52.359,1.26158,1.26188,1.37,1.00
2015.02.03 02:55:52.511,1.26158,1.26194,1.37,1.50
2015.02.03 02:55:52.580,1.26158,1.26184,1.37,1.00
2015.02.03 02:55:53.459,1.26158,1.26188,1.37,1.00
2015.02.03 02:55:53.611,1.26158,1.26184,1.37,1.00
2015.02.03 02:55:53.790,1.26159,1.26188,1.37,1.00
2015.02.03 02:55:54.276,1.26158,1.26184,1.37,1.00
2015.02.03 02:55:55.659,1.26158,1.26188,1.37,1.00
2015.02.03 02:55:55.811,1.26159,1.26183,1.37,1.00
2015.02.03 02:55:56.574,1.26158,1.26184,1.37,1.00
2015.02.03 02:55:56.877,1.26159,1.26179,1.37,1.00
2015.02.03 02:55:57.350,1.26159,1.26183,1.37,1.00
2015.02.03 02:55:57.552,1.26159,1.26178,1.00,1.00
2015.02.03 02:55:57.654,1.26159,1.26184,1.37,1.00
2015.02.03 02:55:57.755,1.26159,1.26178,1.00,1.00
2015.02.03 02:55:58.008,1.26158,1.26184,1.37,1.00
2015.02.03 02:55:58.413,1.26158,1.26178,1.00,1.00
2015.02.03 02:55:59.010,1.26159,1.26184,1.37,1.00
2015.02.03 02:55:59.230,1.26159,1.26179,1.37,1.00
2015.02.03 02:55:59.930,1.26158,1.26183,1.37,1.00
2015.02.03 02:56:00.031,1.26158,1.26179,1.37,1.00
2015.02.03 02:56:00.132,1.26158,1.26183,1.37,1.00
2015.02.03 02:56:00.335,1.26159,1.26178,1.00,1.00
2015.02.03 02:56:01.911,1.26158,1.26192,1.37,1.00
2015.02.03 02:56:02.336,1.26158,1.26188,1.37,1.00
2015.02.03 02:56:03.140,1.26159,1.26189,1.37,1.00
2015.02.03 02:56:04.398,1.26159,1.26184,1.37,1.00
2015.02.03 02:56:04.927,1.26158,1.26183,1.37,1.00
2015.02.03 02:56:04.978,1.26158,1.26189,1.37,1.00
2015.02.03 02:56:05.079,1.26158,1.26183,1.37,1.00
2015.02.03 02:56:06.164,1.26158,1.26184,1.37,1.00
2015.02.03 02:56:06.268,1.26158,1.26189,1.37,1.00
2015.02.03 02:56:06.420,1.26159,1.26193,1.37,1.50
2015.02.03 02:56:06.521,1.26158,1.26183,1.37,1.00
2015.02.03 02:56:07.918,1.26159,1.26184,1.37,1.00
2015.02.03 02:56:09.458,1.26159,1.26188,1.37,1.00
2015.02.03 02:56:09.610,1.26159,1.26194,1.37,1.50
2015.02.03 02:56:09.914,1.26159,1.26184,1.37,1.00
2015.02.03 02:56:10.436,1.26158,1.26183,1.37,1.00
2015.02.03 02:56:10.566,1.26158,1.26189,1.37,1.00
2015.02.03 02:56:10.820,1.26158,1.26183,1.37,1.00
2015.02.03 02:56:12.209,1.26158,1.26188,1.37,1.00
2015.02.03 02:56:12.473,1.26158,1.26193,1.37,1.00
2015.02.03 02:56:12.575,1.26159,1.26184,1.37,1.00
2015.02.03 02:56:13.418,1.26159,1.26183,1.37,1.00
2015.02.03 02:56:13.959,1.26158,1.26184,1.37,1.00
2015.02.03 02:56:14.469,1.26158,1.26183,1.37,1.00
2015.02.03 02:56:14.737,1.26158,1.26188,1.37,1.00
2015.02.03 02:56:15.288,1.26158,1.26184,1.37,1.00
2015.02.03 02:56:16.066,1.26159,1.26189,1.37,1.00
2015.02.03 02:56:16.433,1.26159,1.26193,1.37,1.00
2015.02.03 02:56:16.534,1.26158,1.26184,1.37,1.00
2015.02.03 02:56:17.200,1.26159,1.26183,1.37,1.00
2015.02.03 02:56:17.728,1.26159,1.26188,1.37,1.00
2015.02.03 02:56:17.846,1.26159,1.26193,1.37,1.00
2015.02.03 02:56:17.947,1.26159,1.26183,1.37,1.00
2015.02.03 02:56:19.137,1.26158,1.26184,1.37,1.00
2015.02.03 02:56:19.513,1.26158,1.26189,1.37,1.00
2015.02.03 02:56:19.688,1.26159,1.26184,1.37,1.00
2015.02.03 02:56:20.214,1.26158,1.26183,1.37,1.00
2015.02.03 02:56:20.265,1.26158,1.26189,1.37,1.00
2015.02.03 02:56:20.348,1.26158,1.26193,1.37,1.00
2015.02.03 02:56:20.467,1.26159,1.26183,1.37,1.00
2015.02.03 02:56:21.154,1.26158,1.26194,1.37,1.00
2015.02.03 02:56:21.673,1.26159,1.26193,1.37,1.00
2015.02.03 02:56:22.341,1.26159,1.26194,1.37,1.00
2015.02.03 02:56:22.443,1.26158,1.26198,1.37,1.00
2015.02.03 02:56:22.814,1.26158,1.26202,1.87,1.00
2015.02.03 02:56:22.916,1.26159,1.26194,1.37,1.00
2015.02.03 02:56:23.017,1.26159,1.26198,1.37,1.00
2015.02.03 02:56:23.118,1.26158,1.26202,1.37,1.00
2015.02.03 02:56:23.220,1.26158,1.26198,1.37,1.00
2015.02.03 02:56:23.779,1.26159,1.26193,1.37,1.00
2015.02.03 02:56:24.548,1.26159,1.26194,1.37,1.00
2015.02.03 02:56:25.230,1.26159,1.26194,1.37,1.00
2015.02.03 02:56:25.768,1.2616,1.26188,1.37,1.00
2015.02.03 02:56:25.819,1.2616,1.26188,1.37,1.00
2015.02.03 02:56:26.180,1.26158,1.26194,1.37,1.00
2015.02.03 02:56:26.528,1.26159,1.26188,1.37,1.00
2015.02.03 02:56:26.838,1.26159,1.26194,1.37,1.00
2015.02.03 02:56:27.094,1.26159,1.26198,1.37,1.50
2015.02.03 02:56:27.498,1.2616,1.26193,1.37,1.00
2015.02.03 02:56:29.370,1.26159,1.26194,1.37,1.00
2015.02.03 02:56:29.517,1.26159,1.26194,1.37,1.00
2015.02.03 02:56:30.737,1.26157,1.26194,2.62,1.00
2015.02.03 02:56:31.250,1.26157,1.26193,1.87,1.00
2015.02.03 02:56:31.946,1.26157,1.26194,1.37,1.00
2015.02.03 02:56:34.769,1.26157,1.26193,1.87,1.00
2015.02.03 02:56:39.609,1.26157,1.26198,1.37,1.00
2015.02.03 02:56:39.735,1.26157,1.26193,1.87,1.00
2015.02.03 02:56:39.837,1.26157,1.26199,1.87,1.50
2015.02.03 02:56:40.257,1.26157,1.26193,1.37,1.00
2015.02.03 02:56:40.823,1.26157,1.26194,1.37,1.00
2015.02.03 02:56:42.766,1.26158,1.26194,1.37,1.00
2015.02.03 02:56:44.031,1.26158,1.26199,1.37,1.50
2015.02.03 02:56:44.133,1.26158,1.26194,1.37,1.00
2015.02.03 02:56:44.689,1.26158,1.26193,1.37,1.00
2015.02.03 02:56:44.877,1.26158,1.26199,1.37,1.50
2015.02.03 02:56:46.308,1.26157,1.26193,1.87,1.00
2015.02.03 02:56:47.957,1.26158,1.26198,1.37,1.00
2015.02.03 02:56:48.855,1.26158,1.26194,1.37,1.00
2015.02.03 02:56:49.758,1.26157,1.26194,1.87,1.00
2015.02.03 02:56:51.299,1.26157,1.26193,1.37,1.00
2015.02.03 02:56:51.400,1.26157,1.26199,1.37,1.00
2015.02.03 02:56:51.502,1.26157,1.26193,1.37,1.00
2015.02.03 02:56:52.009,1.26157,1.26194,1.87,1.00
2015.02.03 02:56:55.476,1.26157,1.26199,1.87,1.00
2015.02.03 02:56:55.811,1.26157,1.26193,1.37,1.00
2015.02.03 02:56:56.677,1.26157,1.26198,1.37,1.00
2015.02.03 02:56:56.779,1.26157,1.26193,1.37,1.00
2015.02.03 02:56:56.880,1.26157,1.26198,1.87,1.00
2015.02.03 02:56:57.327,1.26157,1.26193,1.37,1.00
2015.02.03 02:56:59.770,1.26157,1.26194,1.87,1.00
2015.02.03 02:56:59.973,1.26157,1.26198,1.87,1.00
2015.02.03 02:57:00.176,1.26157,1.26194,2.62,1.00
2015.02.03 02:57:01.157,1.26157,1.26199,1.87,1.00
2015.02.03 02:57:01.519,1.26159,1.26193,1.37,1.00
2015.02.03 02:57:02.028,1.26157,1.26194,1.37,1.00
2015.02.03 02:57:02.181,1.26157,1.26198,1.87,1.00
2015.02.03 02:57:02.697,1.26157,1.26193,1.37,1.00
2015.02.03 02:57:02.850,1.26157,1.26198,1.37,1.00
2015.02.03 02:57:03.247,1.26157,1.26194,1.87,1.00
2015.02.03 02:57:03.940,1.26157,1.26193,1.37,1.00
2015.02.03 02:57:04.244,1.26157,1.26198,1.87,1.00
2015.02.03 02:57:04.715,1.26157,1.26193,1.87,1.00
2015.02.03 02:57:04.817,1.26158,1.26198,1.37,1.00
2015.02.03 02:57:04.897,1.26158,1.26204,1.37,1.00
2015.02.03 02:57:05.150,1.26158,1.26193,1.37,1.00
2015.02.03 02:57:05.353,1.2616,1.26198,1.37,1.00
2015.02.03 02:57:05.454,1.2616,1.26203,1.37,1.00
2015.02.03 02:57:05.997,1.26159,1.26193,1.37,1.00
2015.02.03 02:57:06.437,1.2616,1.26199,1.37,1.00
2015.02.03 02:57:06.557,1.26159,1.26194,1.37,1.00
2015.02.03 02:57:07.069,1.26159,1.26193,1.37,1.00
2015.02.03 02:57:07.782,1.26159,1.26199,1.37,1.00
2015.02.03 02:57:07.889,1.2616,1.26193,1.37,1.00
2015.02.03 02:57:08.096,1.2616,1.26199,1.37,1.00
2015.02.03 02:57:08.147,1.2616,1.26199,1.37,1.00
2015.02.03 02:57:08.350,1.2616,1.26194,1.37,1.00
2015.02.03 02:57:08.870,1.26157,1.26193,1.37,1.00
2015.02.03 02:57:10.775,1.26156,1.26194,1.87,1.00
2015.02.03 02:57:11.085,1.26156,1.26199,1.87,1.00
2015.02.03 02:57:11.389,1.26156,1.26194,1.87,1.00
2015.02.03 02:57:11.752,1.26156,1.26189,1.87,1.00
2015.02.03 02:57:11.985,1.26156,1.26193,1.87,1.00
2015.02.03 02:57:12.292,1.26158,1.26199,1.37,1.00
2015.02.03 02:57:12.393,1.26158,1.26204,1.37,1.00
2015.02.03 02:57:12.495,1.26158,1.26199,1.37,1.00
2015.02.03 02:57:12.603,1.26158,1.26203,1.37,1.00
2015.02.03 02:57:12.755,1.26158,1.26198,1.37,1.00
2015.02.03 02:57:13.264,1.26158,1.26204,1.37,1.00
2015.02.03 02:57:13.517,1.26161,1.26199,1.37,1.00
2015.02.03 02:57:14.840,1.26158,1.26203,1.37,1.00
2015.02.03 02:57:15.703,1.26158,1.26198,1.37,1.00
2015.02.03 02:57:16.220,1.26158,1.26199,1.37,1.00
2015.02.03 02:57:16.887,1.26158,1.26198,1.37,1.00
2015.02.03 02:57:17.347,1.2616,1.26203,1.37,1.00
2015.02.03 02:57:17.677,1.26158,1.26198,1.37,1.00
2015.02.03 02:57:18.206,1.26158,1.26203,1.37,1.00
2015.02.03 02:57:18.358,1.26158,1.26199,1.37,1.00
2015.02.03 02:57:19.308,1.26158,1.26194,1.37,1.00
2015.02.03 02:57:19.823,1.26158,1.26193,1.37,1.00
2015.02.03 02:57:20.228,1.2616,1.26198,1.37,1.00
2015.02.03 02:57:20.866,1.2616,1.26199,1.37,1.00
2015.02.03 02:57:21.559,1.2616,1.26198,1.37,1.00
2015.02.03 02:57:23.745,1.2616,1.26193,1.37,1.00
2015.02.03 02:57:23.846,1.2616,1.26198,1.37,1.00
2015.02.03 02:57:24.477,1.2616,1.26194,1.37,1.00
2015.02.03 02:57:28.905,1.2616,1.26193,1.37,1.00
2015.02.03 02:57:30.104,1.26159,1.26199,1.87,1.00
2015.02.03 02:57:30.205,1.26159,1.26194,2.62,1.00
2015.02.03 02:57:30.857,1.26159,1.26198,1.87,1.00
2015.02.03 02:57:31.296,1.2616,1.26194,1.37,1.00
2015.02.03 02:57:31.449,1.2616,1.26199,1.37,1.00
2015.02.03 02:57:31.736,1.2616,1.26194,1.37,1.00
2015.02.03 02:57:32.092,1.26159,1.26198,1.87,1.00
2015.02.03 02:57:32.328,1.26159,1.26203,1.87,1.00
2015.02.03 02:57:32.429,1.26162,1.26193,1.37,1.00
2015.02.03 02:57:33.310,1.26159,1.26199,1.87,1.00
2015.02.03 02:57:33.545,1.26159,1.26193,1.87,1.00
2015.02.03 02:57:34.169,1.2616,1.26198,1.37,1.00
2015.02.03 02:57:34.794,1.26159,1.26194,1.87,1.00
2015.02.03 02:57:36.175,1.26159,1.26198,1.87,1.00
2015.02.03 02:57:37.608,1.26162,1.26203,1.37,1.00
2015.02.03 02:57:37.945,1.26159,1.26199,1.87,1.00
2015.02.03 02:57:38.449,1.26159,1.26193,1.87,1.00
2015.02.03 02:57:38.704,1.2616,1.26199,1.37,1.00
2015.02.03 02:57:38.805,1.2616,1.26194,1.37,1.00
2015.02.03 02:57:39.946,1.26187,1.26195,1.00,1.00
2015.02.03 02:57:40.048,1.26211,1.26235,1.00,1.37
2015.02.03 02:57:40.100,1.26204,1.26235,1.00,1.37
2015.02.03 02:57:40.151,1.26209,1.26235,1.00,1.37
2015.02.03 02:57:40.254,1.26211,1.26242,1.00,1.00
2015.02.03 02:57:40.356,1.2621,1.26257,1.00,1.37
2015.02.03 02:57:40.457,1.26205,1.26261,1.00,1.12
2015.02.03 02:57:40.558,1.26226,1.26274,1.00,1.12
2015.02.03 02:57:40.862,1.26242,1.26285,1.00,1.00
2015.02.03 02:57:41.065,1.26239,1.26285,1.00,1.00
2015.02.03 02:57:41.167,1.26244,1.26285,1.00,1.00
2015.02.03 02:57:41.268,1.26242,1.26286,1.00,1.00
2015.02.03 02:57:41.319,1.26242,1.2629,1.00,1.00
2015.02.03 02:57:41.371,1.26245,1.2629,1.00,1.00
2015.02.03 02:57:41.473,1.26241,1.2629,1.00,1.00
2015.02.03 02:57:41.524,1.26241,1.26296,1.00,1.00
2015.02.03 02:57:41.576,1.26246,1.26296,1.00,1.00
2015.02.03 02:57:41.627,1.26246,1.263,1.00,1.00
2015.02.03 02:57:41.880,1.26239,1.263,1.00,1.00
2015.02.03 02:57:41.947,1.26237,1.263,1.00,1.00
2015.02.03 02:57:42.251,1.26245,1.263,1.00,1.00
2015.02.03 02:57:42.456,1.26241,1.263,1.00,1.00
2015.02.03 02:57:42.558,1.26245,1.263,1.00,1.00
2015.02.03 02:57:42.659,1.26242,1.263,1.00,1.00
2015.02.03 02:57:42.760,1.26245,1.263,1.00,1.00
2015.02.03 02:57:42.861,1.26242,1.26302,1.00,1.00
2015.02.03 02:57:43.064,1.2624,1.26302,1.00,1.00
2015.02.03 02:57:43.266,1.26237,1.26302,1.00,1.00
2015.02.03 02:57:43.367,1.26241,1.26302,1.00,1.00
2015.02.03 02:57:43.574,1.26236,1.26302,1.00,1.00
2015.02.03 02:57:43.973,1.26241,1.26302,1.00,1.00
2015.02.03 02:57:44.312,1.26243,1.26302,1.00,1.00
2015.02.03 02:57:44.639,1.26277,1.26308,1.00,1.00
2015.02.03 02:57:44.740,1.26281,1.26321,1.00,1.12
2015.02.03 02:57:44.791,1.26286,1.26321,1.00,1.00
2015.02.03 02:57:44.842,1.26286,1.26325,1.00,1.37
2015.02.03 02:57:44.943,1.26284,1.26325,1.00,1.37
2015.02.03 02:57:45.098,1.26281,1.26325,1.00,1.37
2015.02.03 02:57:45.301,1.2627,1.26325,1.00,1.37
2015.02.03 02:57:45.402,1.2628,1.26325,1.00,1.37
2015.02.03 02:57:45.715,1.2627,1.26325,1.00,1.37
2015.02.03 02:57:45.917,1.2628,1.26325,1.00,1.37
2015.02.03 02:57:46.439,1.26279,1.26329,1.00,1.37
2015.02.03 02:57:47.339,1.2628,1.26329,1.00,1.37
2015.02.03 02:57:47.441,1.26277,1.26329,1.00,1.37
2015.02.03 02:57:47.643,1.26279,1.26331,1.00,1.37
2015.02.03 02:57:48.158,1.26278,1.26331,1.00,1.37
2015.02.03 02:57:49.852,1.26277,1.26331,1.00,1.37
2015.02.03 02:57:50.668,1.26276,1.26331,1.00,1.37
2015.02.03 02:57:51.424,1.26276,1.26325,1.00,1.12
2015.02.03 02:57:51.476,1.26259,1.26284,1.00,1.00
2015.02.03 02:57:51.578,1.2626,1.26289,1.00,1.00
2015.02.03 02:57:51.679,1.26249,1.26284,1.12,1.00
2015.02.03 02:57:51.781,1.26245,1.26273,1.00,0.75
2015.02.03 02:57:51.882,1.26242,1.26278,1.50,1.00
2015.02.03 02:57:52.237,1.26242,1.26284,1.00,1.00
2015.02.03 02:57:52.339,1.26242,1.26278,1.00,1.00
2015.02.03 02:57:52.542,1.26238,1.26278,1.00,1.00
2015.02.03 02:57:52.643,1.26233,1.26278,1.00,1.00
2015.02.03 02:57:52.863,1.26233,1.26284,1.00,1.00
2015.02.03 02:57:53.016,1.26233,1.26278,1.00,1.00
2015.02.03 02:57:53.219,1.26233,1.2628,1.00,1.00
2015.02.03 02:57:53.473,1.26233,1.26276,1.00,1.00
2015.02.03 02:57:53.681,1.26228,1.26275,1.00,1.00
2015.02.03 02:57:53.783,1.26223,1.26272,1.37,1.00
2015.02.03 02:57:54.111,1.26223,1.26269,1.37,1.00
2015.02.03 02:57:54.690,1.26223,1.26267,1.37,1.00
2015.02.03 02:57:54.791,1.26221,1.26263,1.37,1.00
2015.02.03 02:57:54.893,1.26221,1.26264,1.37,1.00
2015.02.03 02:57:55.425,1.2622,1.26263,1.37,1.00
2015.02.03 02:57:55.527,1.2622,1.26265,1.37,1.00
2015.02.03 02:57:56.073,1.2622,1.26266,1.37,1.00
2015.02.03 02:57:56.598,1.2622,1.26263,1.37,1.00
2015.02.03 02:57:57.140,1.2622,1.26264,1.37,1.00
2015.02.03 02:57:57.642,1.2622,1.26265,1.37,1.50
2015.02.03 02:57:57.946,1.2622,1.26263,1.37,1.00
2015.02.03 02:57:58.962,1.2622,1.26264,1.37,1.00
2015.02.03 02:58:00.222,1.2622,1.26263,1.37,1.00
2015.02.03 02:58:00.422,1.2622,1.26266,1.37,1.00
2015.02.03 02:58:00.937,1.2622,1.26267,1.37,1.50
2015.02.03 02:58:01.456,1.2622,1.26268,1.37,1.00
2015.02.03 02:58:01.888,1.2622,1.2627,1.37,1.50
2015.02.03 02:58:02.224,1.2622,1.26268,1.37,1.00
2015.02.03 02:58:03.202,1.2622,1.26267,1.37,1.00
2015.02.03 02:58:03.807,1.2622,1.26268,1.37,1.00
2015.02.03 02:58:04.357,1.2622,1.26267,1.37,1.00
2015.02.03 02:58:04.951,1.2622,1.26266,1.37,1.00
2015.02.03 02:58:05.621,1.2622,1.26267,1.37,1.00
2015.02.03 02:58:06.075,1.2622,1.26269,1.37,1.00
2015.02.03 02:58:06.486,1.2622,1.26267,1.37,1.00
2015.02.03 02:58:06.537,1.2622,1.26267,1.37,1.00
2015.02.03 02:58:06.638,1.2622,1.26269,1.37,1.50
2015.02.03 02:58:06.780,1.2622,1.26266,1.37,1.00
2015.02.03 02:58:07.189,1.26221,1.26269,1.37,1.50
2015.02.03 02:58:07.343,1.26221,1.26267,1.37,1.00
2015.02.03 02:58:08.003,1.26221,1.26268,1.37,1.00
2015.02.03 02:58:08.539,1.26221,1.26267,1.37,1.50
2015.02.03 02:58:09.365,1.26221,1.26266,1.37,1.00
2015.02.03 02:58:10.722,1.26221,1.26264,1.37,1.00
2015.02.03 02:58:11.349,1.26221,1.26262,1.37,1.00
2015.02.03 02:58:12.167,1.26221,1.26263,1.37,1.00
2015.02.03 02:58:12.774,1.26221,1.26266,1.37,1.00
2015.02.03 02:58:12.926,1.26216,1.26265,1.00,1.00
2015.02.03 02:58:12.977,1.26203,1.26265,1.00,1.00
2015.02.03 02:58:13.128,1.26201,1.26264,1.00,1.00
2015.02.03 02:58:13.230,1.26201,1.26262,1.00,1.00
2015.02.03 02:58:13.548,1.26201,1.2626,1.00,1.00
2015.02.03 02:58:14.055,1.26201,1.26259,1.00,1.00
2015.02.03 02:58:14.374,1.26201,1.26256,1.00,1.00
2015.02.03 02:58:15.060,1.26201,1.26257,1.00,1.00
2015.02.03 02:58:15.728,1.26201,1.26256,1.00,1.00
2015.02.03 02:58:16.617,1.262,1.26256,1.00,1.00
2015.02.03 02:58:17.228,1.262,1.26255,1.00,1.00
2015.02.03 02:58:17.561,1.262,1.26258,1.00,1.00
2015.02.03 02:58:17.612,1.26208,1.26261,1.00,1.00
2015.02.03 02:58:17.764,1.26208,1.26263,1.00,1.00
2015.02.03 02:58:17.967,1.26206,1.26264,1.00,1.00
2015.02.03 02:58:18.068,1.2621,1.26264,1.00,1.00
2015.02.03 02:58:18.169,1.26208,1.26263,1.00,1.00
2015.02.03 02:58:18.675,1.26207,1.26262,1.00,1.00
2015.02.03 02:58:18.726,1.26211,1.26262,1.00,1.00
2015.02.03 02:58:18.827,1.26208,1.26263,1.00,1.00
2015.02.03 02:58:19.342,1.26208,1.26262,1.00,1.50
2015.02.03 02:58:19.595,1.26206,1.26261,1.00,1.00
2015.02.03 02:58:20.166,1.26206,1.2626,1.00,1.00
2015.02.03 02:58:20.469,1.26203,1.26261,1.00,1.00
2015.02.03 02:58:20.571,1.26207,1.2626,1.00,1.00
2015.02.03 02:58:20.875,1.2621,1.26263,1.00,1.00
2015.02.03 02:58:21.128,1.26207,1.26263,1.00,1.00
2015.02.03 02:58:21.484,1.26207,1.26261,1.00,1.00
2015.02.03 02:58:22.021,1.26207,1.26262,1.00,1.00
2015.02.03 02:58:23.103,1.26209,1.26264,1.00,1.00
2015.02.03 02:58:24.118,1.26209,1.26263,1.00,1.00
2015.02.03 02:58:24.627,1.26209,1.26264,1.00,1.00
2015.02.03 02:58:25.132,1.26209,1.26266,1.00,1.00
2015.02.03 02:58:25.962,1.26209,1.26265,1.00,1.00
2015.02.03 02:58:27.772,1.26209,1.26264,1.00,1.00
2015.02.03 02:58:28.784,1.26209,1.26266,1.00,1.50
2015.02.03 02:58:30.799,1.26209,1.26264,1.00,1.00
2015.02.03 02:58:32.159,1.26209,1.26265,1.00,1.00
2015.02.03 02:58:34.353,1.26209,1.26266,1.00,1.00
2015.02.03 02:58:35.451,1.26209,1.26265,1.00,1.00
2015.02.03 02:58:36.030,1.26209,1.26266,1.00,1.00
2015.02.03 02:58:36.549,1.26209,1.26265,1.00,1.00
2015.02.03 02:58:37.218,1.26209,1.26266,1.00,1.00
2015.02.03 02:58:38.363,1.26209,1.26264,1.00,1.00
2015.02.03 02:58:38.616,1.26209,1.26266,1.00,1.00
2015.02.03 02:58:40.176,1.26209,1.26265,1.00,1.00
2015.02.03 02:58:40.626,1.26207,1.26264,1.00,1.00
2015.02.03 02:58:40.779,1.26207,1.2626,1.00,1.00
2015.02.03 02:58:40.829,1.26204,1.2626,1.00,1.00
2015.02.03 02:58:41.348,1.26203,1.2626,1.00,1.00
2015.02.03 02:58:42.812,1.26203,1.26258,1.00,1.00
2015.02.03 02:58:43.394,1.26203,1.26259,1.00,1.00
2015.02.03 02:58:43.777,1.26203,1.26257,1.00,1.00
2015.02.03 02:58:44.283,1.26203,1.26258,1.00,1.00
2015.02.03 02:58:44.586,1.26203,1.26261,1.00,1.50
2015.02.03 02:58:45.153,1.26203,1.2626,1.00,1.00
2015.02.03 02:58:45.254,1.26201,1.2626,1.00,1.00
2015.02.03 02:58:45.559,1.26199,1.26259,1.00,1.00
2015.02.03 02:58:45.665,1.26197,1.26259,1.00,1.00
2015.02.03 02:58:46.171,1.26197,1.26258,1.00,1.00
2015.02.03 02:58:46.474,1.26197,1.26256,1.00,1.00
2015.02.03 02:58:47.131,1.26197,1.26255,1.00,1.00
2015.02.03 02:58:47.630,1.26195,1.26256,1.00,1.50
2015.02.03 02:58:47.733,1.26195,1.26254,1.00,1.00
2015.02.03 02:58:48.075,1.26197,1.26254,1.00,1.00
2015.02.03 02:58:48.176,1.26197,1.26258,1.00,1.00
2015.02.03 02:58:48.816,1.26197,1.26256,1.00,1.00
2015.02.03 02:58:49.848,1.26197,1.26255,1.00,1.00
2015.02.03 02:58:50.080,1.26199,1.26259,1.00,1.00
2015.02.03 02:58:50.628,1.26199,1.2626,1.00,1.50
2015.02.03 02:58:50.932,1.26199,1.26258,1.00,1.00
2015.02.03 02:58:51.449,1.26199,1.26259,1.00,1.00
2015.02.03 02:58:52.006,1.262,1.26258,1.00,1.00
2015.02.03 02:58:52.322,1.26202,1.26261,1.00,1.50
2015.02.03 02:58:52.830,1.262,1.26261,1.00,1.00
2015.02.03 02:58:52.932,1.26202,1.26262,1.00,1.50
2015.02.03 02:58:53.441,1.26202,1.26261,1.00,1.00
2015.02.03 02:58:53.949,1.26203,1.26261,1.00,1.00
2015.02.03 02:58:54.462,1.26203,1.26262,1.00,1.00
2015.02.03 02:58:54.973,1.26203,1.26263,1.00,1.00
2015.02.03 02:58:55.482,1.26203,1.26264,1.00,1.00
2015.02.03 02:58:55.814,1.26206,1.26265,1.00,1.00
2015.02.03 02:58:56.118,1.26206,1.26267,1.00,1.00
2015.02.03 02:58:56.320,1.26206,1.26274,1.00,1.00
2015.02.03 02:58:56.472,1.26211,1.26274,1.00,1.00
2015.02.03 02:58:56.675,1.26206,1.26274,1.00,1.50
2015.02.03 02:58:56.726,1.26206,1.26272,1.00,1.00
2015.02.03 02:58:57.029,1.26211,1.26275,1.00,1.50
2015.02.03 02:58:57.332,1.26212,1.26273,1.00,1.00
2015.02.03 02:58:57.667,1.26217,1.26274,1.00,1.00
2015.02.03 02:58:58.040,1.26217,1.26276,1.00,1.00
2015.02.03 02:58:58.527,1.26212,1.26275,1.00,1.00
2015.02.03 02:58:58.780,1.2621,1.26274,1.00,1.00
2015.02.03 02:58:59.056,1.26208,1.26275,1.00,1.50
2015.02.03 02:58:59.207,1.26208,1.26273,1.00,1.00
2015.02.03 02:58:59.898,1.26208,1.26272,1.00,1.00
2015.02.03 02:59:00.691,1.26208,1.26271,1.00,1.00
2015.02.03 02:59:01.185,1.26208,1.26269,1.00,1.00
2015.02.03 02:59:01.765,1.26208,1.26268,1.00,1.00
2015.02.03 02:59:02.576,1.26208,1.26269,1.00,1.00
2015.02.03 02:59:03.101,1.26208,1.26268,1.00,1.00
2015.02.03 02:59:03.152,1.26208,1.2627,1.00,1.00
2015.02.03 02:59:03.788,1.26208,1.26271,1.00,1.00
2015.02.03 02:59:04.318,1.26208,1.2627,1.00,1.00
2015.02.03 02:59:05.108,1.26208,1.26271,1.00,1.50
2015.02.03 02:59:05.210,1.26208,1.26269,1.00,1.00
2015.02.03 02:59:05.631,1.26208,1.26271,1.00,1.00
2015.02.03 02:59:06.134,1.26209,1.26271,1.00,1.00
2015.02.03 02:59:06.655,1.26209,1.2627,1.00,1.00
2015.02.03 02:59:07.233,1.26209,1.26271,1.00,1.00
2015.02.03 02:59:07.776,1.26209,1.2627,1.00,1.00
2015.02.03 02:59:08.435,1.26209,1.26271,1.50,1.00
2015.02.03 02:59:09.772,1.26209,1.2627,1.50,1.00
2015.02.03 02:59:10.363,1.26209,1.26271,1.00,1.00
2015.02.03 02:59:10.414,1.26212,1.26271,1.00,1.00
2015.02.03 02:59:10.566,1.26212,1.26273,1.00,1.00
2015.02.03 02:59:10.772,1.26213,1.26275,1.00,1.00
2015.02.03 02:59:11.351,1.26213,1.26276,1.00,1.00
2015.02.03 02:59:12.522,1.26213,1.26277,1.00,1.00
2015.02.03 02:59:12.993,1.26213,1.26275,1.00,1.00
2015.02.03 02:59:13.645,1.26213,1.26276,1.00,1.00
2015.02.03 02:59:14.657,1.26213,1.26275,1.00,1.00
2015.02.03 02:59:15.319,1.26213,1.26276,1.00,1.00
2015.02.03 02:59:15.825,1.26213,1.26275,1.00,1.00
2015.02.03 02:59:16.634,1.26213,1.26276,1.00,1.00
2015.02.03 02:59:17.142,1.26215,1.26277,1.00,1.00
2015.02.03 02:59:17.193,1.26215,1.2628,1.00,1.00
2015.02.03 02:59:17.699,1.26216,1.26278,1.00,1.00
2015.02.03 02:59:18.065,1.26215,1.26276,1.00,1.00
2015.02.03 02:59:18.479,1.26213,1.26276,1.50,1.00
2015.02.03 02:59:18.783,1.26213,1.26274,1.00,1.00
2015.02.03 02:59:18.985,1.26213,1.26276,1.00,1.50
2015.02.03 02:59:19.526,1.26213,1.26275,1.50,1.00
2015.02.03 02:59:20.112,1.26213,1.26274,1.00,1.00
2015.02.03 02:59:21.433,1.26213,1.26273,1.00,1.00
2015.02.03 02:59:22.470,1.26213,1.26274,1.00,1.00
2015.02.03 02:59:23.698,1.26213,1.26273,1.00,1.00
2015.02.03 02:59:23.850,1.26215,1.26273,1.00,1.00
2015.02.03 02:59:23.952,1.26213,1.26274,1.00,1.00
2015.02.03 02:59:24.707,1.26213,1.26275,1.00,1.00
2015.02.03 02:59:24.964,1.26217,1.26274,1.00,1.00
2015.02.03 02:59:25.065,1.26214,1.26275,1.00,1.00
2015.02.03 02:59:25.587,1.26214,1.26276,1.00,1.00
2015.02.03 02:59:26.253,1.26217,1.26276,1.00,1.00
2015.02.03 02:59:26.405,1.26214,1.26276,1.00,1.00
2015.02.03 02:59:26.949,1.26214,1.26277,1.00,1.00
2015.02.03 02:59:27.455,1.26214,1.26276,1.00,1.00
2015.02.03 02:59:27.506,1.26217,1.26276,1.00,1.00
2015.02.03 02:59:27.608,1.26213,1.26277,1.50,1.00
2015.02.03 02:59:28.121,1.26213,1.26276,1.50,1.00
2015.02.03 02:59:29.180,1.26213,1.26277,1.50,1.00
2015.02.03 02:59:30.547,1.26213,1.26276,1.50,1.00
2015.02.03 02:59:31.863,1.26213,1.26275,1.50,1.00
2015.02.03 02:59:31.914,1.26218,1.26275,1.00,1.00
2015.02.03 02:59:32.090,1.26216,1.26277,1.00,1.00
2015.02.03 02:59:32.778,1.26216,1.26276,1.00,1.00
2015.02.03 02:59:32.829,1.26214,1.26276,1.00,1.00
2015.02.03 02:59:33.037,1.26216,1.26277,1.00,1.00
2015.02.03 02:59:33.436,1.26213,1.26277,1.50,1.00
2015.02.03 02:59:34.105,1.26216,1.26276,1.00,1.00
2015.02.03 02:59:34.308,1.26213,1.26275,1.50,1.00
2015.02.03 02:59:35.013,1.26213,1.26276,1.50,1.00
2015.02.03 02:59:35.547,1.26213,1.26275,1.50,1.00
2015.02.03 02:59:36.056,1.26213,1.26276,1.50,1.00
2015.02.03 02:59:36.935,1.26213,1.26275,1.50,1.00
2015.02.03 02:59:37.524,1.26213,1.26276,1.50,1.00
2015.02.03 02:59:39.152,1.26213,1.26275,1.50,1.00
2015.02.03 02:59:39.254,1.26216,1.26276,1.00,1.00
2015.02.03 02:59:39.796,1.26213,1.26277,1.00,1.00
2015.02.03 02:59:40.200,1.26215,1.26278,1.00,1.00
2015.02.03 02:59:40.705,1.26213,1.26278,1.00,1.50
2015.02.03 02:59:41.213,1.26213,1.26276,1.00,1.00
2015.02.03 02:59:41.517,1.26218,1.26276,1.00,1.00
2015.02.03 02:59:41.618,1.26218,1.26279,1.50,1.00
2015.02.03 02:59:41.720,1.26218,1.26281,1.50,1.00
2015.02.03 02:59:41.771,1.26221,1.26281,1.00,1.00
2015.02.03 02:59:41.822,1.26221,1.26283,1.00,1.50
2015.02.03 02:59:42.337,1.26221,1.26282,1.50,1.00
2015.02.03 02:59:42.545,1.26223,1.26281,1.00,1.00
2015.02.03 02:59:42.647,1.26223,1.26285,1.00,1.50
2015.02.03 02:59:43.365,1.26223,1.26286,1.00,1.00
2015.02.03 02:59:43.607,1.26227,1.26285,1.00,1.00
2015.02.03 02:59:43.709,1.26224,1.26285,1.00,1.00
2015.02.03 02:59:44.578,1.26224,1.26284,1.00,1.00
2015.02.03 02:59:44.942,1.26226,1.26284,1.00,1.00
2015.02.03 02:59:45.018,1.26223,1.26284,1.00,1.00
2015.02.03 02:59:45.954,1.26222,1.26284,1.00,1.00
2015.02.03 02:59:46.128,1.26224,1.26285,1.00,1.00
2015.02.03 02:59:46.330,1.26222,1.26285,1.00,1.00
2015.02.03 02:59:47.269,1.26222,1.26284,1.00,1.00
2015.02.03 02:59:48.487,1.26223,1.26283,1.00,1.00
2015.02.03 02:59:49.188,1.26223,1.26284,1.00,1.00
2015.02.03 02:59:49.985,1.26221,1.26284,1.50,1.00
2015.02.03 02:59:50.584,1.26221,1.26283,1.50,1.00
2015.02.03 02:59:51.236,1.26221,1.26284,1.50,1.00
2015.02.03 02:59:51.513,1.26221,1.26282,1.50,1.00
2015.02.03 02:59:52.368,1.26221,1.26283,1.50,1.00
2015.02.03 02:59:52.877,1.26222,1.26283,1.00,1.00
2015.02.03 02:59:53.322,1.26219,1.26283,1.12,1.00
2015.02.03 02:59:53.524,1.26223,1.26282,1.00,1.00
2015.02.03 02:59:53.727,1.26218,1.26282,1.50,1.00
2015.02.03 02:59:54.249,1.26217,1.26281,1.50,1.00
2015.02.03 02:59:54.747,1.26219,1.26281,1.00,1.00
2015.02.03 02:59:54.805,1.26216,1.26281,1.50,1.00
2015.02.03 02:59:55.327,1.26216,1.2628,1.50,1.00
2015.02.03 02:59:56.137,1.26216,1.26279,1.50,1.00
2015.02.03 02:59:56.793,1.26216,1.26278,1.50,1.00
2015.02.03 02:59:57.375,1.26216,1.26277,1.50,1.00
2015.02.03 02:59:59.119,1.26219,1.26277,1.00,1.00
2015.02.03 02:59:59.228,1.26217,1.26279,1.00,1.00
2015.02.03 02:59:59.912,1.26217,1.26278,1.50,1.00
