2008.11.24 10:00:00.181,0.78215,0.78255,1.00,1.40
2008.11.24 10:00:00.630,0.7822,0.7826,1.00,1.60
2008.11.24 10:00:01.151,0.7822,0.7826,1.00,3.00
2008.11.24 10:00:01.970,0.7822,0.7825,1.00,1.60
2008.11.24 10:00:02.150,0.7821,0.78245,5.80,1.40
2008.11.24 10:00:02.500,0.78205,0.78245,1.00,1.40
2008.11.24 10:00:02.840,0.782,0.7824,1.00,1.40
2008.11.24 10:00:04.200,0.782,0.78235,1.00,1.60
2008.11.24 10:00:05.749,0.78195,0.78235,1.00,3.00
2008.11.24 10:00:06.799,0.782,0.7823,1.00,1.60
2008.11.24 10:00:07.079,0.7819,0.7823,1.00,1.60
2008.11.24 10:00:07.369,0.78195,0.78225,1.00,1.60
2008.11.24 10:00:07.779,0.78185,0.78225,1.00,1.60
2008.11.24 10:00:08.129,0.7818,0.7822,5.80,3.00
2008.11.24 10:00:08.469,0.7818,0.7822,1.00,3.00
2008.11.24 10:00:09.388,0.78175,0.7822,1.00,3.00
2008.11.24 10:00:09.678,0.7818,0.7822,1.00,1.60
2008.11.24 10:00:10.768,0.78185,0.7822,1.00,1.60
2008.11.24 10:00:11.228,0.78185,0.78225,1.00,3.00
2008.11.24 10:00:12.168,0.78185,0.78225,1.00,1.40
2008.11.24 10:00:13.707,0.78185,0.7823,1.00,8.40
2008.11.24 10:00:14.107,0.7819,0.7823,1.00,1.40
2008.11.24 10:00:16.037,0.78185,0.7823,5.80,1.40
2008.11.24 10:00:17.466,0.7819,0.7823,1.00,1.40
2008.11.24 10:00:18.056,0.7819,0.78235,1.00,1.40
2008.11.24 10:00:18.406,0.7819,0.78235,5.80,1.40
2008.11.24 10:00:19.796,0.7819,0.78235,1.00,8.40
2008.11.24 10:00:19.856,0.78185,0.7823,1.00,1.40
2008.11.24 10:00:21.655,0.78185,0.7823,1.00,3.00
2008.11.24 10:00:22.105,0.78185,0.7823,1.00,1.40
2008.11.24 10:00:22.845,0.78185,0.7823,1.00,3.00
2008.11.24 10:00:23.685,0.7819,0.7823,1.00,3.00
2008.11.24 10:00:24.785,0.7819,0.7823,1.00,1.40
2008.11.24 10:00:25.075,0.78195,0.78235,1.00,1.60
2008.11.24 10:00:26.704,0.78195,0.7824,1.00,3.00
2008.11.24 10:00:27.314,0.78195,0.7824,1.60,1.40
2008.11.24 10:00:27.824,0.78205,0.78245,1.60,6.80
2008.11.24 10:00:28.104,0.78215,0.7825,1.00,5.20
2008.11.24 10:00:28.444,0.78215,0.7826,1.00,1.40
2008.11.24 10:00:28.844,0.7822,0.7826,1.00,3.00
2008.11.24 10:00:29.764,0.78215,0.78255,1.00,4.80
2008.11.24 10:00:29.933,0.78215,0.78255,1.00,5.20
2008.11.24 10:00:30.323,0.78215,0.78255,1.00,6.40
2008.11.24 10:00:30.493,0.78205,0.78245,5.80,1.40
2008.11.24 10:00:30.723,0.78215,0.7825,1.00,1.60
2008.11.24 10:00:31.123,0.78215,0.78255,1.00,8.40
2008.11.24 10:00:31.353,0.782,0.7824,1.00,1.40
2008.11.24 10:00:31.993,0.78205,0.78245,1.00,1.40
2008.11.24 10:00:32.213,0.782,0.78245,5.80,3.00
2008.11.24 10:00:32.513,0.782,0.78245,1.00,3.00
2008.11.24 10:00:34.872,0.782,0.7824,1.00,1.40
2008.11.24 10:00:35.222,0.782,0.7824,1.00,3.00
2008.11.24 10:00:36.721,0.782,0.7824,1.00,1.40
2008.11.24 10:00:39.381,0.782,0.7824,1.00,6.80
2008.11.24 10:00:39.841,0.7819,0.7823,1.60,1.40
2008.11.24 10:00:40.061,0.782,0.7824,1.00,1.40
2008.11.24 10:00:40.241,0.78195,0.7824,1.00,3.00
2008.11.24 10:00:40.761,0.782,0.7824,1.00,3.00
2008.11.24 10:00:41.101,0.78195,0.7824,1.00,6.80
2008.11.24 10:00:41.381,0.78195,0.7824,1.00,1.40
2008.11.24 10:00:41.680,0.78195,0.7824,1.60,1.40
2008.11.24 10:00:41.861,0.782,0.7824,1.00,1.40
2008.11.24 10:00:42.721,0.782,0.7824,1.00,1.40
2008.11.24 10:00:43.110,0.78205,0.7825,1.00,1.40
2008.11.24 10:00:43.450,0.78205,0.7825,9.00,1.40
2008.11.24 10:00:43.820,0.78215,0.78255,1.00,4.80
2008.11.24 10:00:44.220,0.7822,0.7826,1.00,3.00
2008.11.24 10:00:44.500,0.78215,0.78255,5.80,3.00
2008.11.24 10:00:44.840,0.78215,0.7825,4.80,1.60
2008.11.24 10:00:45.140,0.78215,0.7825,1.00,1.60
2008.11.24 10:00:45.420,0.7821,0.78255,1.00,3.00
2008.11.24 10:00:45.780,0.78215,0.78255,1.00,3.00
2008.11.24 10:00:46.069,0.78215,0.78255,1.00,7.80
2008.11.24 10:00:46.400,0.7821,0.78255,1.00,7.80
2008.11.24 10:00:46.679,0.78205,0.78245,5.80,1.40
2008.11.24 10:00:47.029,0.78205,0.78245,1.00,1.40
2008.11.24 10:00:47.149,0.78205,0.7825,1.00,6.20
2008.11.24 10:00:47.320,0.78205,0.7825,5.80,1.40
2008.11.24 10:00:47.439,0.78205,0.7825,1.00,3.00
2008.11.24 10:00:48.399,0.782,0.7824,1.00,1.40
2008.11.24 10:00:48.709,0.782,0.78245,1.00,3.00
2008.11.24 10:00:49.099,0.782,0.78245,1.60,1.40
2008.11.24 10:00:49.449,0.78215,0.78255,1.00,3.00
2008.11.24 10:00:51.358,0.78215,0.78255,1.00,6.20
2008.11.24 10:00:51.648,0.78215,0.78255,1.00,5.20
2008.11.24 10:00:51.768,0.78215,0.7826,1.00,3.00
2008.11.24 10:00:51.998,0.78215,0.78255,1.00,3.00
2008.11.24 10:00:52.808,0.78215,0.78255,1.00,1.40
2008.11.24 10:00:53.258,0.78215,0.7826,1.00,3.00
2008.11.24 10:00:53.488,0.78215,0.78255,1.00,3.00
2008.11.24 10:00:53.887,0.78215,0.78255,1.00,1.60
2008.11.24 10:00:54.228,0.7822,0.7826,1.00,1.60
2008.11.24 10:00:55.137,0.7822,0.78265,1.00,3.00
2008.11.24 10:00:55.317,0.78215,0.7826,5.80,1.40
2008.11.24 10:00:55.717,0.78215,0.7826,1.00,3.00
2008.11.24 10:00:56.457,0.78215,0.78255,1.00,3.00
2008.11.24 10:00:56.847,0.78215,0.7825,1.00,1.60
2008.11.24 10:00:57.137,0.78205,0.7825,5.80,3.00
2008.11.24 10:00:57.427,0.7821,0.7825,1.00,1.60
2008.11.24 10:00:59.226,0.7821,0.78255,1.00,6.80
2008.11.24 10:00:59.506,0.78215,0.7826,1.00,3.00
2008.11.24 10:00:59.626,0.7822,0.7826,1.00,1.60
2008.11.24 10:01:01.216,0.78215,0.7826,5.80,3.00
2008.11.24 10:01:01.516,0.7821,0.78255,4.80,1.40
2008.11.24 10:01:01.695,0.7821,0.78255,1.00,1.40
2008.11.24 10:01:03.015,0.78215,0.7826,1.00,8.40
2008.11.24 10:01:04.115,0.78215,0.7826,1.00,6.80
2008.11.24 10:01:05.095,0.7822,0.7826,1.00,1.40
2008.11.24 10:01:05.745,0.78215,0.78255,5.80,1.40
2008.11.24 10:01:05.985,0.7821,0.78255,1.60,1.40
2008.11.24 10:01:06.215,0.7822,0.7826,1.00,1.40
2008.11.24 10:01:07.074,0.7822,0.7826,1.00,6.20
2008.11.24 10:01:07.134,0.78215,0.7826,1.00,6.80
2008.11.24 10:01:07.934,0.7822,0.7826,1.00,1.40
2008.11.24 10:01:08.384,0.78215,0.7826,1.00,1.40
2008.11.24 10:01:08.854,0.78215,0.7826,1.00,6.80
2008.11.24 10:01:09.204,0.78215,0.7826,1.00,1.40
2008.11.24 10:01:11.093,0.78215,0.7826,1.00,6.80
2008.11.24 10:01:11.373,0.7822,0.7826,1.00,1.40
2008.11.24 10:01:12.693,0.78215,0.7826,1.00,1.40
2008.11.24 10:01:15.252,0.7822,0.7826,1.00,1.40
2008.11.24 10:01:16.103,0.7822,0.78265,1.00,6.20
2008.11.24 10:01:16.432,0.7822,0.7826,1.00,1.40
2008.11.24 10:01:16.952,0.78215,0.7826,1.00,1.40
2008.11.24 10:01:17.232,0.78215,0.7826,1.00,2.00
2008.11.24 10:01:17.502,0.78215,0.7826,1.00,1.40
2008.11.24 10:01:17.842,0.7822,0.7826,1.00,1.40
2008.11.24 10:01:19.571,0.7822,0.78265,1.00,8.40
2008.11.24 10:01:19.911,0.7822,0.78265,1.00,3.00
2008.11.24 10:01:20.031,0.7823,0.78265,1.00,1.60
2008.11.24 10:01:20.761,0.78235,0.7827,1.00,1.60
2008.11.24 10:01:21.391,0.7823,0.7827,1.00,1.60
2008.11.24 10:01:21.781,0.7823,0.7827,1.00,3.00
2008.11.24 10:01:22.181,0.7823,0.78265,1.00,1.60
2008.11.24 10:01:22.511,0.78225,0.7826,1.00,1.60
2008.11.24 10:01:22.791,0.78225,0.7826,1.00,1.60
2008.11.24 10:01:24.200,0.7822,0.7826,1.00,3.00
2008.11.24 10:01:24.630,0.78215,0.7826,1.00,3.00
2008.11.24 10:01:25.570,0.7822,0.7826,1.00,3.00
2008.11.24 10:01:27.850,0.78215,0.7826,1.00,3.00
2008.11.24 10:01:28.019,0.7821,0.78255,2.60,1.40
2008.11.24 10:01:28.389,0.78215,0.7826,1.00,1.40
2008.11.24 10:01:32.638,0.7821,0.78255,7.40,1.40
2008.11.24 10:01:32.878,0.7821,0.78255,1.00,1.40
2008.11.24 10:01:33.168,0.78205,0.7825,1.60,1.40
2008.11.24 10:01:34.348,0.7821,0.78255,1.00,1.40
2008.11.24 10:01:34.698,0.78205,0.7825,1.60,1.40
2008.11.24 10:01:35.098,0.7821,0.78255,1.00,8.40
2008.11.24 10:01:35.208,0.7821,0.78255,1.00,3.00
2008.11.24 10:01:35.687,0.7821,0.78255,1.00,1.40
2008.11.24 10:01:35.807,0.78215,0.7826,1.00,8.40
2008.11.24 10:01:36.487,0.78215,0.7826,1.00,3.00
2008.11.24 10:01:39.737,0.78215,0.78255,1.00,1.60
2008.11.24 10:01:40.177,0.78205,0.7825,7.40,1.40
2008.11.24 10:01:40.406,0.78205,0.7825,2.60,1.40
2008.11.24 10:01:40.696,0.7821,0.78255,1.00,1.40
2008.11.24 10:01:41.306,0.7821,0.78255,1.60,1.40
2008.11.24 10:01:41.596,0.78215,0.7826,1.00,2.00
2008.11.24 10:01:41.776,0.78215,0.7826,1.00,1.40
2008.11.24 10:01:51.253,0.7821,0.78255,2.60,1.40
2008.11.24 10:01:51.474,0.7821,0.78255,1.60,1.40
2008.11.24 10:01:51.744,0.78215,0.78255,1.00,1.40
2008.11.24 10:01:54.493,0.78215,0.7826,1.00,6.80
2008.11.24 10:01:54.653,0.78215,0.7826,1.00,1.40
2008.11.24 10:01:55.293,0.7821,0.78255,5.80,1.40
2008.11.24 10:01:55.593,0.7821,0.78255,1.00,1.40
2008.11.24 10:01:56.033,0.78205,0.7825,6.40,1.40
2008.11.24 10:01:56.253,0.7821,0.7825,1.60,1.40
2008.11.24 10:01:56.492,0.7821,0.78255,1.60,1.40
2008.11.24 10:01:57.152,0.78215,0.7826,1.00,6.80
2008.11.24 10:01:57.322,0.78215,0.7826,1.00,6.20
2008.11.24 10:01:57.482,0.78215,0.7826,1.00,1.40
2008.11.24 10:01:57.942,0.7821,0.78255,1.60,1.40
2008.11.24 10:01:58.672,0.7822,0.7826,1.00,6.80
2008.11.24 10:01:59.112,0.7822,0.7826,1.00,1.40
2008.11.24 10:01:59.672,0.7822,0.78265,1.00,1.40
2008.11.24 10:02:00.302,0.78215,0.7826,7.40,1.40
2008.11.24 10:02:00.591,0.78225,0.78265,1.00,5.20
2008.11.24 10:02:00.871,0.7822,0.78265,1.00,1.40
2008.11.24 10:02:01.161,0.7822,0.78265,1.00,1.40
2008.11.24 10:02:02.022,0.78225,0.7827,1.00,3.60
2008.11.24 10:02:02.361,0.78225,0.7827,1.00,3.00
2008.11.24 10:02:02.921,0.7822,0.78265,5.80,1.40
2008.11.24 10:02:03.311,0.78225,0.7827,1.00,8.40
2008.11.24 10:02:03.531,0.78225,0.7827,1.00,1.40
2008.11.24 10:02:03.931,0.7823,0.7827,1.00,1.40
2008.11.24 10:02:04.321,0.7823,0.78275,1.00,8.40
2008.11.24 10:02:04.770,0.7823,0.78275,1.00,3.00
2008.11.24 10:02:04.940,0.78225,0.7827,5.80,3.00
2008.11.24 10:02:05.140,0.78225,0.7827,1.00,3.00
2008.11.24 10:02:05.880,0.7822,0.78265,4.80,1.40
2008.11.24 10:02:06.100,0.7822,0.78265,1.00,1.40
2008.11.24 10:02:06.340,0.7822,0.78265,1.00,3.00
2008.11.24 10:02:07.040,0.7822,0.78265,1.00,1.40
2008.11.24 10:02:07.320,0.78225,0.78269,1.00,1.20
2008.11.24 10:02:07.440,0.78225,0.7827,1.00,3.00
2008.11.24 10:02:08.319,0.78225,0.7827,1.00,8.40
2008.11.24 10:02:09.339,0.7822,0.78265,5.80,1.40
2008.11.24 10:02:09.849,0.7822,0.78265,1.00,1.40
2008.11.24 10:02:10.159,0.7823,0.78265,1.00,1.60
2008.11.24 10:02:10.449,0.7822,0.78265,1.00,3.00
2008.11.24 10:02:11.179,0.78215,0.7826,5.80,1.40
2008.11.24 10:02:11.559,0.78215,0.7826,1.00,1.40
2008.11.24 10:02:11.839,0.7822,0.78265,1.00,8.40
2008.11.24 10:02:12.129,0.78215,0.7826,1.00,1.40
2008.11.24 10:02:12.678,0.78215,0.7826,1.60,1.40
2008.11.24 10:02:13.068,0.7822,0.78265,1.00,6.80
2008.11.24 10:02:13.468,0.7822,0.78265,1.00,3.00
2008.11.24 10:02:13.878,0.78215,0.7826,5.80,1.40
2008.11.24 10:02:14.328,0.78215,0.7826,1.00,1.40
2008.11.24 10:02:14.558,0.7822,0.78265,4.80,3.60
2008.11.24 10:02:14.848,0.7822,0.78265,5.80,3.00
2008.11.24 10:02:15.088,0.78215,0.7826,5.80,1.40
2008.11.24 10:02:15.318,0.78215,0.7826,1.00,1.40
2008.11.24 10:02:16.308,0.78215,0.7826,4.80,1.40
2008.11.24 10:02:16.557,0.7822,0.78265,1.00,3.00
2008.11.24 10:02:16.887,0.78215,0.7826,1.00,1.40
2008.11.24 10:02:17.237,0.7822,0.78265,1.00,8.40
2008.11.24 10:02:17.418,0.7822,0.78265,1.00,2.00
2008.11.24 10:02:17.657,0.7822,0.78265,1.00,1.40
2008.11.24 10:02:17.937,0.7822,0.78265,1.00,3.00
2008.11.24 10:02:18.947,0.7822,0.7826,1.00,3.00
2008.11.24 10:02:19.367,0.78215,0.7826,1.00,3.00
2008.11.24 10:02:20.957,0.78215,0.7826,1.00,1.40
2008.11.24 10:02:21.366,0.78225,0.78265,1.00,1.60
2008.11.24 10:02:21.846,0.78215,0.7826,1.00,1.40
2008.11.24 10:02:22.136,0.7822,0.7826,1.00,1.40
2008.11.24 10:02:23.026,0.7822,0.7826,5.80,1.40
2008.11.24 10:02:23.386,0.7822,0.78265,5.80,3.00
2008.11.24 10:02:24.816,0.7822,0.7826,1.00,1.40
2008.11.24 10:02:24.996,0.7822,0.78265,1.00,3.00
2008.11.24 10:02:25.225,0.7822,0.78265,5.80,3.00
2008.11.24 10:02:26.075,0.78225,0.78265,1.00,1.60
2008.11.24 10:02:26.305,0.7822,0.78265,5.80,1.40
2008.11.24 10:02:26.545,0.7822,0.78265,5.80,3.00
2008.11.24 10:02:27.885,0.7822,0.78265,4.80,3.00
2008.11.24 10:02:28.175,0.7822,0.78265,1.00,3.00
2008.11.24 10:02:28.625,0.7822,0.7826,1.00,1.40
2008.11.24 10:02:29.305,0.7822,0.7826,1.00,3.00
2008.11.24 10:02:29.594,0.78215,0.7826,5.80,3.00
2008.11.24 10:02:29.864,0.78215,0.7826,4.80,3.60
2008.11.24 10:02:30.104,0.78215,0.7826,1.00,8.40
2008.11.24 10:02:30.674,0.78215,0.7826,1.00,3.00
2008.11.24 10:02:31.144,0.78215,0.78255,1.00,1.40
2008.11.24 10:02:31.424,0.78215,0.78255,1.00,3.00
2008.11.24 10:02:31.704,0.78205,0.7825,5.80,1.40
2008.11.24 10:02:31.934,0.78205,0.7825,1.00,3.00
2008.11.24 10:02:32.214,0.78205,0.7825,1.00,8.40
2008.11.24 10:02:32.544,0.782,0.78245,1.00,3.00
2008.11.24 10:02:33.344,0.782,0.78245,5.80,3.00
2008.11.24 10:02:33.743,0.78205,0.7825,1.00,3.00
2008.11.24 10:02:34.483,0.78205,0.78245,1.00,1.40
2008.11.24 10:02:34.653,0.782,0.78245,5.80,1.40
2008.11.24 10:02:34.883,0.782,0.78245,1.00,1.40
2008.11.24 10:02:35.123,0.782,0.78245,1.60,1.40
2008.11.24 10:02:35.303,0.78205,0.7825,1.60,2.00
2008.11.24 10:02:35.573,0.782,0.78245,1.60,1.40
2008.11.24 10:02:36.063,0.782,0.78245,1.00,1.40
2008.11.24 10:02:37.383,0.782,0.78245,1.60,1.40
2008.11.24 10:02:37.612,0.782,0.7824,1.60,1.40
2008.11.24 10:02:37.843,0.7821,0.78255,1.00,6.80
2008.11.24 10:02:38.152,0.7821,0.78255,1.00,6.20
2008.11.24 10:02:38.332,0.7821,0.78255,1.00,1.40
2008.11.24 10:02:43.031,0.78205,0.78245,7.40,1.40
2008.11.24 10:02:43.381,0.7821,0.78254,1.00,1.20
2008.11.24 10:02:44.061,0.78205,0.78245,1.60,1.40
2008.11.24 10:02:44.241,0.782,0.78245,1.60,1.40
2008.11.24 10:02:45.681,0.78205,0.7825,1.00,6.80
2008.11.24 10:02:45.960,0.78205,0.7825,1.60,6.20
2008.11.24 10:02:46.251,0.7821,0.78255,1.00,6.80
2008.11.24 10:02:46.531,0.78215,0.7826,1.60,1.40
2008.11.24 10:02:46.870,0.7822,0.7826,1.00,1.40
2008.11.24 10:02:47.110,0.7822,0.78265,1.00,1.40
2008.11.24 10:02:47.410,0.7822,0.78255,1.00,1.60
2008.11.24 10:02:47.690,0.78215,0.78255,1.00,1.40
2008.11.24 10:02:48.570,0.78215,0.7826,1.00,3.00
2008.11.24 10:02:49.110,0.78215,0.7826,1.00,1.40
2008.11.24 10:02:49.929,0.7822,0.7826,1.00,1.40
2008.11.24 10:02:50.739,0.7822,0.78265,1.00,6.20
2008.11.24 10:02:51.069,0.7822,0.78265,1.60,1.40
2008.11.24 10:02:51.409,0.78225,0.7827,1.00,6.80
2008.11.24 10:02:51.749,0.7822,0.78265,7.40,1.40
2008.11.24 10:02:52.199,0.7822,0.78265,1.60,1.40
2008.11.24 10:02:52.499,0.7822,0.78265,1.60,6.20
2008.11.24 10:02:52.999,0.78225,0.78265,1.60,6.20
2008.11.24 10:02:53.339,0.78225,0.78265,1.60,1.40
2008.11.24 10:02:54.788,0.7823,0.78265,1.60,1.40
2008.11.24 10:02:55.029,0.7823,0.7827,1.60,5.20
2008.11.24 10:02:55.258,0.7823,0.78275,1.60,1.40
2008.11.24 10:02:55.378,0.78235,0.78275,1.00,1.40
2008.11.24 10:02:55.788,0.7823,0.78275,1.60,1.40
2008.11.24 10:02:58.038,0.7823,0.78275,7.40,1.40
2008.11.24 10:02:58.388,0.7823,0.78265,1.00,1.60
2008.11.24 10:02:58.737,0.7822,0.7826,1.00,1.40
2008.11.24 10:02:59.077,0.7821,0.78255,1.60,1.40
2008.11.24 10:03:00.177,0.78215,0.78255,1.60,1.40
2008.11.24 10:03:00.527,0.78215,0.7826,1.60,6.80
2008.11.24 10:03:00.867,0.78215,0.7826,1.60,1.40
2008.11.24 10:03:01.147,0.78215,0.7826,1.60,6.80
2008.11.24 10:03:01.666,0.78215,0.7826,1.60,6.20
2008.11.24 10:03:01.887,0.7822,0.7826,1.00,1.40
2008.11.24 10:03:02.347,0.7822,0.78265,5.80,1.40
2008.11.24 10:03:02.996,0.7822,0.78265,1.00,1.40
2008.11.24 10:03:03.896,0.7822,0.7826,1.00,1.40
2008.11.24 10:03:04.226,0.7822,0.78265,1.00,3.00
2008.11.24 10:03:04.566,0.78215,0.7826,1.00,6.80
2008.11.24 10:03:05.935,0.78215,0.7826,1.00,1.40
2008.11.24 10:03:06.506,0.78215,0.7826,1.00,6.80
2008.11.24 10:03:07.085,0.78215,0.7826,1.00,1.40
2008.11.24 10:03:07.785,0.78215,0.7826,1.60,1.40
2008.11.24 10:03:08.055,0.7822,0.78265,4.80,1.40
2008.11.24 10:03:08.505,0.7822,0.78265,1.00,1.40
2008.11.24 10:03:09.495,0.7822,0.78265,1.60,1.40
2008.11.24 10:03:10.905,0.78225,0.7827,1.00,1.40
2008.11.24 10:03:12.114,0.7822,0.78265,7.40,1.40
2008.11.24 10:03:12.464,0.78225,0.7827,1.00,6.80
2008.11.24 10:03:13.364,0.78225,0.7827,1.00,1.40
2008.11.24 10:03:14.863,0.7822,0.78265,7.40,1.40
2008.11.24 10:03:15.783,0.78225,0.7827,1.00,1.40
2008.11.24 10:03:17.443,0.7822,0.7826,1.60,1.40
2008.11.24 10:03:20.362,0.78225,0.78265,1.00,1.40
2008.11.24 10:03:22.152,0.78225,0.7827,1.00,1.40
2008.11.24 10:03:22.422,0.78225,0.78265,1.00,1.40
2008.11.24 10:03:22.761,0.7822,0.7826,1.60,1.40
2008.11.24 10:03:24.431,0.7822,0.78265,1.60,1.40
2008.11.24 10:03:24.781,0.7822,0.7826,1.60,1.40
2008.11.24 10:03:25.451,0.7822,0.78265,1.60,1.40
2008.11.24 10:03:26.031,0.78225,0.78265,1.00,1.40
2008.11.24 10:03:26.481,0.7822,0.78265,1.60,1.40
2008.11.24 10:03:26.831,0.78225,0.78265,1.00,1.40
2008.11.24 10:03:27.111,0.78225,0.78265,1.60,1.40
2008.11.24 10:03:27.621,0.78225,0.7827,1.60,6.80
2008.11.24 10:03:27.800,0.78225,0.7827,1.00,1.40
2008.11.24 10:03:28.021,0.7823,0.78275,1.00,8.40
2008.11.24 10:03:28.250,0.7823,0.78275,1.00,3.00
2008.11.24 10:03:33.179,0.7823,0.7827,1.00,1.40
2008.11.24 10:03:33.450,0.7823,0.78275,1.00,3.00
2008.11.24 10:03:33.749,0.7823,0.78275,1.00,3.60
2008.11.24 10:03:34.269,0.7822,0.78265,1.60,1.40
2008.11.24 10:03:34.729,0.7822,0.7826,1.60,1.40
2008.11.24 10:03:35.259,0.7822,0.7826,1.00,1.40
2008.11.24 10:03:36.388,0.78215,0.7826,5.80,1.40
2008.11.24 10:03:36.728,0.78215,0.7826,1.00,1.40
2008.11.24 10:03:37.078,0.78215,0.7826,1.00,1.40
2008.11.24 10:03:37.468,0.78215,0.7826,1.00,8.40
2008.11.24 10:03:37.758,0.7821,0.78255,5.80,3.00
2008.11.24 10:03:38.098,0.78205,0.7825,5.80,3.00
2008.11.24 10:03:38.438,0.782,0.78245,5.80,1.40
2008.11.24 10:03:38.957,0.782,0.78245,1.00,3.00
2008.11.24 10:03:39.278,0.782,0.7824,1.00,1.40
2008.11.24 10:03:39.618,0.78195,0.7824,1.00,1.40
2008.11.24 10:03:40.737,0.782,0.7824,1.00,1.40
2008.11.24 10:03:42.287,0.78195,0.7824,1.00,1.40
2008.11.24 10:03:42.557,0.782,0.7824,1.00,1.40
2008.11.24 10:03:42.837,0.782,0.78245,1.00,3.00
2008.11.24 10:03:43.347,0.782,0.78245,1.00,1.40
2008.11.24 10:03:43.816,0.78205,0.7825,1.60,1.40
2008.11.24 10:03:44.137,0.78215,0.78255,1.00,2.00
2008.11.24 10:03:44.506,0.78215,0.7826,1.00,6.80
2008.11.24 10:03:44.796,0.78215,0.7826,1.00,1.40
2008.11.24 10:03:45.476,0.78215,0.78255,1.00,1.60
2008.11.24 10:03:45.826,0.7821,0.7824,5.80,1.40
2008.11.24 10:03:46.106,0.782,0.7824,1.00,1.40
2008.11.24 10:03:46.736,0.78205,0.7824,1.60,1.40
2008.11.24 10:03:46.976,0.78205,0.78245,1.60,1.40
2008.11.24 10:03:47.146,0.7821,0.78255,1.00,3.00
2008.11.24 10:03:48.245,0.78205,0.78245,1.00,1.40
2008.11.24 10:03:48.596,0.7821,0.78255,1.00,10.00
2008.11.24 10:03:48.825,0.7821,0.78255,1.00,4.60
2008.11.24 10:03:49.125,0.7821,0.78255,1.00,3.00
2008.11.24 10:03:49.885,0.78205,0.7825,5.80,1.40
2008.11.24 10:03:50.355,0.782,0.78245,1.60,1.40
2008.11.24 10:03:50.975,0.78205,0.7825,1.00,6.20
2008.11.24 10:03:51.265,0.78205,0.7825,1.00,1.40
2008.11.24 10:03:52.764,0.78205,0.78245,1.00,1.40
2008.11.24 10:03:53.334,0.78205,0.7825,1.00,1.40
2008.11.24 10:03:55.404,0.78205,0.7825,1.00,3.00
2008.11.24 10:03:55.464,0.782,0.7824,7.40,1.40
2008.11.24 10:03:55.694,0.782,0.7824,5.80,1.40
2008.11.24 10:03:55.864,0.782,0.7824,1.00,1.40
2008.11.24 10:03:56.034,0.78195,0.7824,1.60,1.40
2008.11.24 10:03:56.393,0.782,0.7824,1.60,1.40
2008.11.24 10:03:56.743,0.782,0.78245,1.00,1.40
2008.11.24 10:03:57.483,0.782,0.7824,1.00,1.40
2008.11.24 10:03:57.723,0.782,0.7824,1.00,3.00
2008.11.24 10:03:58.183,0.78195,0.78235,4.80,1.40
2008.11.24 10:03:58.413,0.7819,0.78235,1.60,1.40
2008.11.24 10:03:58.813,0.7819,0.78235,1.00,1.40
2008.11.24 10:03:59.233,0.7819,0.78235,1.00,3.00
2008.11.24 10:03:59.633,0.7819,0.7823,1.00,3.00
2008.11.24 10:03:59.812,0.78185,0.7823,5.80,3.00
2008.11.24 10:04:00.032,0.78185,0.7823,1.00,3.00
2008.11.24 10:04:00.263,0.78185,0.78225,1.00,1.60
2008.11.24 10:04:01.302,0.78185,0.78225,1.00,3.00
2008.11.24 10:04:02.102,0.78185,0.78225,1.00,1.40
2008.11.24 10:04:02.332,0.78185,0.7823,1.00,3.00
2008.11.24 10:04:03.202,0.78185,0.78225,1.00,1.40
2008.11.24 10:04:03.961,0.78185,0.7823,1.00,1.40
2008.11.24 10:04:04.182,0.78185,0.7823,1.00,3.00
2008.11.24 10:04:07.081,0.78185,0.7823,1.00,4.60
2008.11.24 10:04:07.261,0.78185,0.78225,1.00,2.00
2008.11.24 10:04:07.501,0.78185,0.78225,1.00,6.80
2008.11.24 10:04:07.671,0.7818,0.78225,1.00,8.40
2008.11.24 10:04:07.851,0.7818,0.78225,1.00,6.80
2008.11.24 10:04:08.211,0.7818,0.78225,1.00,1.40
2008.11.24 10:04:08.511,0.7818,0.78225,1.00,7.80
2008.11.24 10:04:08.741,0.7818,0.78225,1.00,8.40
2008.11.24 10:04:09.091,0.7818,0.78225,1.00,3.60
2008.11.24 10:04:09.440,0.7818,0.78225,1.00,3.00
2008.11.24 10:04:09.790,0.7818,0.7822,1.00,3.00
2008.11.24 10:04:09.950,0.7818,0.7822,1.00,1.40
2008.11.24 10:04:10.120,0.7818,0.78225,1.00,8.40
2008.11.24 10:04:10.380,0.7818,0.78225,1.00,3.60
2008.11.24 10:04:10.550,0.7818,0.78225,1.00,1.40
2008.11.24 10:04:10.770,0.7819,0.7823,1.00,8.40
2008.11.24 10:04:11.180,0.7819,0.7823,1.00,3.00
2008.11.24 10:04:12.050,0.7819,0.78225,1.00,1.60
2008.11.24 10:04:12.219,0.78185,0.78225,1.00,1.60
2008.11.24 10:04:13.579,0.7818,0.78225,1.00,3.00
2008.11.24 10:04:13.749,0.7818,0.78225,1.00,1.40
2008.11.24 10:04:14.349,0.7819,0.7823,1.00,8.40
2008.11.24 10:04:14.629,0.7819,0.7823,1.00,3.00
2008.11.24 10:04:15.669,0.7819,0.7823,1.00,1.40
2008.11.24 10:04:15.849,0.7819,0.78235,1.00,3.00
2008.11.24 10:04:16.009,0.7819,0.7823,1.00,1.40
2008.11.24 10:04:16.179,0.7819,0.7823,1.00,3.00
2008.11.24 10:04:17.028,0.7819,0.7823,1.00,1.40
2008.11.24 10:04:17.428,0.7819,0.78235,1.00,8.40
2008.11.24 10:04:17.538,0.7819,0.78235,1.00,7.80
2008.11.24 10:04:17.708,0.7819,0.78235,1.00,3.00
2008.11.24 10:04:19.668,0.78195,0.78235,1.00,1.60
2008.11.24 10:04:19.838,0.78195,0.7824,1.00,3.00
2008.11.24 10:04:20.187,0.78195,0.7824,1.60,1.40
2008.11.24 10:04:20.808,0.782,0.78245,1.00,3.00
2008.11.24 10:04:21.107,0.78205,0.78245,1.00,3.00
2008.11.24 10:04:21.677,0.782,0.78245,5.80,3.00
2008.11.24 10:04:22.088,0.782,0.78245,4.80,3.00
2008.11.24 10:04:22.317,0.782,0.78245,1.00,3.00
2008.11.24 10:04:23.327,0.78205,0.78245,1.00,3.00
2008.11.24 10:04:24.417,0.782,0.7824,1.00,1.40
2008.11.24 10:04:27.536,0.782,0.78245,1.00,3.00
2008.11.24 10:04:29.425,0.782,0.7824,1.00,1.40
2008.11.24 10:04:29.756,0.782,0.7824,1.00,3.00
2008.11.24 10:04:30.215,0.78195,0.7824,5.80,3.00
2008.11.24 10:04:30.455,0.7819,0.78235,1.00,1.40
2008.11.24 10:04:30.685,0.7819,0.78235,1.00,3.00
2008.11.24 10:04:31.025,0.7819,0.7823,3.20,1.40
2008.11.24 10:04:31.255,0.78195,0.7823,1.60,1.40
2008.11.24 10:04:31.535,0.78195,0.7824,1.60,1.40
2008.11.24 10:04:31.885,0.782,0.7824,1.00,1.40
2008.11.24 10:04:32.175,0.782,0.78245,1.60,6.80
2008.11.24 10:04:32.575,0.782,0.78245,1.60,1.40
2008.11.24 10:04:34.224,0.782,0.78245,1.00,1.40
2008.11.24 10:04:38.073,0.78205,0.78245,1.00,1.40
2008.11.24 10:04:39.023,0.78205,0.7825,1.00,3.00
2008.11.24 10:04:39.253,0.78205,0.7825,5.80,3.00
2008.11.24 10:04:39.473,0.78205,0.78245,1.00,1.40
2008.11.24 10:04:39.713,0.78205,0.78245,1.00,1.40
2008.11.24 10:04:40.003,0.78205,0.7825,5.80,3.00
2008.11.24 10:04:41.642,0.7821,0.78255,1.00,7.80
2008.11.24 10:04:41.993,0.7821,0.78255,1.00,3.00
2008.11.24 10:04:42.162,0.7821,0.7825,1.00,1.60
2008.11.24 10:04:42.722,0.78205,0.7825,5.80,3.00
2008.11.24 10:04:44.941,0.78205,0.7825,5.80,1.40
2008.11.24 10:04:45.212,0.78215,0.78255,1.00,7.80
2008.11.24 10:04:45.482,0.78205,0.7825,5.80,1.40
2008.11.24 10:04:45.541,0.78205,0.7825,5.80,3.00
2008.11.24 10:04:45.652,0.78205,0.78245,5.80,1.40
2008.11.24 10:04:45.832,0.78205,0.7825,5.80,3.00
2008.11.24 10:04:46.991,0.78205,0.78245,1.00,1.40
2008.11.24 10:04:48.211,0.78205,0.7825,5.80,3.00
2008.11.24 10:04:53.579,0.78205,0.78245,1.00,1.40
2008.11.24 10:04:53.859,0.78205,0.78245,1.00,1.40
2008.11.24 10:04:54.099,0.78205,0.7825,5.80,3.00
2008.11.24 10:04:54.659,0.78205,0.7825,1.00,3.00
2008.11.24 10:04:55.879,0.78205,0.78245,1.00,1.40
2008.11.24 10:05:01.648,0.782,0.78245,1.00,1.40
2008.11.24 10:05:08.286,0.782,0.78245,1.00,3.00
2008.11.24 10:05:08.466,0.78195,0.7824,1.00,1.40
2008.11.24 10:05:08.916,0.7819,0.78235,6.40,1.40
2008.11.24 10:05:09.256,0.7819,0.78235,1.00,1.40
2008.11.24 10:05:11.995,0.7819,0.78235,1.00,3.00
2008.11.24 10:05:12.275,0.78185,0.7823,5.80,1.40
2008.11.24 10:05:12.625,0.78185,0.7823,1.00,1.40
2008.11.24 10:05:12.745,0.78185,0.78225,1.00,1.40
2008.11.24 10:05:13.075,0.7818,0.78225,2.60,6.20
2008.11.24 10:05:13.305,0.7818,0.7822,1.60,1.40
2008.11.24 10:05:13.415,0.7818,0.7822,1.00,1.40
2008.11.24 10:05:13.695,0.78175,0.7822,1.60,1.40
2008.11.24 10:05:14.095,0.7818,0.7822,1.00,1.40
2008.11.24 10:05:15.794,0.78175,0.7822,1.00,1.40
2008.11.24 10:05:16.185,0.7817,0.78215,6.40,1.40
2008.11.24 10:05:16.484,0.7817,0.78215,1.60,1.40
2008.11.24 10:05:20.603,0.7817,0.7821,1.60,1.40
2008.11.24 10:05:21.543,0.78175,0.78215,1.00,1.40
2008.11.24 10:05:22.553,0.7817,0.7821,1.60,1.40
2008.11.24 10:05:22.723,0.7817,0.7821,1.00,1.40
2008.11.24 10:05:22.842,0.7817,0.78215,1.00,1.40
2008.11.24 10:05:23.033,0.7817,0.78215,5.80,1.40
2008.11.24 10:05:23.142,0.78175,0.7822,1.00,3.00
2008.11.24 10:05:24.272,0.78175,0.7822,1.00,1.40
2008.11.24 10:05:29.991,0.78185,0.7823,1.00,7.80
2008.11.24 10:05:30.281,0.78185,0.7823,1.00,3.00
2008.11.24 10:05:32.170,0.78185,0.7823,1.00,1.40
2008.11.24 10:05:37.749,0.78185,0.7823,1.00,6.80
2008.11.24 10:05:37.919,0.78185,0.78225,1.00,1.40
2008.11.24 10:05:39.009,0.7819,0.7823,1.00,6.20
2008.11.24 10:05:39.248,0.7819,0.7823,1.00,1.40
2008.11.24 10:05:40.698,0.78185,0.7823,1.00,3.00
2008.11.24 10:05:40.758,0.7819,0.7823,1.00,3.00
2008.11.24 10:05:41.158,0.78185,0.7823,1.00,3.00
2008.11.24 10:05:42.448,0.78185,0.78225,1.00,1.40
2008.11.24 10:05:43.108,0.78185,0.78225,1.00,3.00
2008.11.24 10:05:45.497,0.7818,0.78225,1.00,3.00
2008.11.24 10:05:47.397,0.78185,0.78225,1.00,3.00
2008.11.24 10:05:47.916,0.78175,0.7822,7.40,1.40
2008.11.24 10:05:48.217,0.78175,0.7822,1.60,1.40
2008.11.24 10:05:48.666,0.78175,0.7822,2.60,1.40
2008.11.24 10:05:49.026,0.78175,0.7822,1.60,1.40
2008.11.24 10:05:50.636,0.7818,0.78225,1.00,6.80
2008.11.24 10:05:50.856,0.7818,0.78225,1.00,1.40
2008.11.24 10:05:51.636,0.78175,0.7822,1.60,1.40
2008.11.24 10:05:52.095,0.78175,0.78215,1.60,1.40
2008.11.24 10:05:54.085,0.78175,0.7821,1.60,1.40
2008.11.24 10:05:54.425,0.7817,0.78215,1.60,6.80
2008.11.24 10:05:54.825,0.7817,0.78215,1.60,1.40
2008.11.24 10:05:55.744,0.78175,0.7822,1.00,6.80
2008.11.24 10:05:56.184,0.78175,0.7822,1.00,1.40
2008.11.24 10:05:56.705,0.7817,0.78215,7.40,1.40
2008.11.24 10:05:56.925,0.78175,0.7822,1.60,6.80
2008.11.24 10:05:57.154,0.78175,0.7822,1.60,1.40
2008.11.24 10:06:01.963,0.78175,0.7822,1.00,1.40
2008.11.24 10:06:04.242,0.78175,0.7822,1.60,1.40
2008.11.24 10:06:07.812,0.7818,0.7822,1.00,1.40
2008.11.24 10:06:09.441,0.7818,0.78225,1.00,1.40
2008.11.24 10:06:09.741,0.7818,0.7822,1.00,1.40
2008.11.24 10:06:10.011,0.78185,0.78225,1.00,1.40
2008.11.24 10:06:10.761,0.7819,0.7823,1.00,1.40
2008.11.24 10:06:13.610,0.7819,0.78234,1.00,1.20
2008.11.24 10:06:13.791,0.7819,0.78235,1.00,1.40
2008.11.24 10:06:14.130,0.7819,0.78235,1.60,1.40
2008.11.24 10:06:15.980,0.78195,0.78235,1.00,1.40
2008.11.24 10:06:16.370,0.782,0.7824,1.00,3.00
2008.11.24 10:06:18.159,0.782,0.7824,1.00,1.40
2008.11.24 10:06:18.629,0.782,0.7824,1.00,3.00
2008.11.24 10:06:19.039,0.78195,0.78235,1.00,1.40
2008.11.24 10:06:19.719,0.78195,0.78235,1.00,3.00
2008.11.24 10:06:20.530,0.782,0.78235,1.00,1.60
2008.11.24 10:06:20.879,0.7819,0.78235,1.00,3.00
2008.11.24 10:06:21.288,0.7819,0.78235,1.00,1.40
2008.11.24 10:06:21.568,0.7819,0.78235,4.80,1.40
2008.11.24 10:06:21.868,0.7819,0.78235,7.40,1.40
2008.11.24 10:06:22.378,0.7819,0.78235,1.60,1.40
2008.11.24 10:06:23.248,0.7819,0.7823,1.60,1.40
2008.11.24 10:06:23.538,0.7819,0.78235,1.60,1.40
2008.11.24 10:06:38.454,0.7819,0.78235,1.00,3.00
2008.11.24 10:06:38.794,0.7818,0.78225,1.60,1.40
2008.11.24 10:06:39.024,0.7819,0.7823,1.00,5.20
2008.11.24 10:06:39.254,0.7819,0.78235,1.00,3.00
2008.11.24 10:06:41.864,0.7819,0.78235,1.00,1.40
2008.11.24 10:06:42.103,0.7819,0.78235,4.80,1.40
2008.11.24 10:06:42.473,0.7819,0.78235,5.80,1.40
2008.11.24 10:06:43.223,0.78195,0.7824,1.00,3.00
2008.11.24 10:06:44.713,0.78195,0.78235,1.00,1.60
2008.11.24 10:06:47.112,0.78195,0.7824,1.00,3.00
2008.11.24 10:06:51.331,0.78195,0.7824,1.00,6.20
2008.11.24 10:06:51.621,0.78195,0.7824,1.00,6.80
2008.11.24 10:06:52.521,0.7819,0.78235,7.40,1.40
2008.11.24 10:06:55.670,0.7819,0.78235,5.80,1.40
2008.11.24 10:06:57.170,0.78195,0.7824,1.00,6.80
2008.11.24 10:06:57.450,0.78195,0.7824,1.00,1.40
2008.11.24 10:07:05.138,0.78195,0.78235,1.00,1.60
2008.11.24 10:07:05.568,0.7819,0.78235,5.80,3.00
2008.11.24 10:07:05.628,0.7819,0.78235,4.80,3.00
2008.11.24 10:07:05.738,0.7819,0.78235,1.00,3.00
2008.11.24 10:07:05.978,0.7819,0.7823,1.00,1.40
2008.11.24 10:07:07.797,0.7819,0.78235,1.00,3.00
2008.11.24 10:07:10.177,0.7819,0.78235,1.00,1.40
2008.11.24 10:07:12.576,0.78195,0.7824,1.00,6.80
2008.11.24 10:07:13.046,0.78195,0.7824,1.00,1.40
2008.11.24 10:07:13.636,0.7819,0.78235,7.40,1.40
2008.11.24 10:07:14.315,0.7819,0.78235,1.60,1.40
2008.11.24 10:07:24.673,0.7819,0.78235,1.00,1.40
2008.11.24 10:07:27.353,0.78185,0.7823,7.40,1.40
2008.11.24 10:07:27.652,0.78185,0.7823,6.40,1.40
2008.11.24 10:07:27.772,0.7819,0.7823,1.60,1.40
2008.11.24 10:07:28.112,0.7819,0.7823,1.60,1.40
2008.11.24 10:07:28.862,0.7819,0.78235,1.60,6.80
2008.11.24 10:07:29.202,0.7819,0.78235,1.00,1.40
2008.11.24 10:07:29.542,0.7819,0.7823,1.00,1.40
2008.11.24 10:07:29.942,0.7819,0.78235,1.00,1.40
2008.11.24 10:07:31.621,0.7819,0.78235,1.00,2.00
2008.11.24 10:07:31.851,0.7819,0.78235,1.00,1.40
2008.11.24 10:07:43.519,0.78195,0.7824,1.00,8.40
2008.11.24 10:07:44.219,0.78195,0.7824,1.00,3.00
2008.11.24 10:07:45.798,0.7819,0.7823,5.80,1.40
2008.11.24 10:07:46.028,0.78185,0.7823,1.60,1.40
2008.11.24 10:07:47.207,0.7819,0.7823,1.60,1.40
2008.11.24 10:07:47.308,0.7819,0.78235,1.60,6.80
2008.11.24 10:07:47.538,0.7819,0.78235,1.00,6.20
2008.11.24 10:07:47.658,0.7819,0.7823,1.00,1.40
2008.11.24 10:07:50.167,0.78185,0.7823,1.00,1.40
2008.11.24 10:07:51.877,0.7819,0.78235,1.00,7.80
2008.11.24 10:07:52.056,0.7819,0.78235,1.00,3.00
2008.11.24 10:07:52.276,0.78185,0.7823,5.80,1.40
2008.11.24 10:07:52.566,0.78185,0.7823,1.00,1.40
2008.11.24 10:07:53.116,0.7819,0.78235,1.00,6.80
2008.11.24 10:07:53.396,0.78195,0.78235,1.60,1.40
2008.11.24 10:07:53.746,0.78195,0.7824,1.60,2.00
2008.11.24 10:07:54.156,0.78195,0.7824,1.60,1.40
2008.11.24 10:07:54.546,0.782,0.78245,1.00,1.40
2008.11.24 10:07:54.876,0.782,0.7824,1.00,1.40
2008.11.24 10:07:55.206,0.782,0.7824,1.60,1.40
2008.11.24 10:07:58.655,0.782,0.7824,1.00,1.40
2008.11.24 10:08:07.013,0.782,0.78245,1.00,8.40
2008.11.24 10:08:07.463,0.782,0.78245,1.00,3.00
2008.11.24 10:08:07.813,0.782,0.7824,1.00,1.40
2008.11.24 10:08:09.652,0.782,0.78245,1.00,8.40
2008.11.24 10:08:09.922,0.782,0.78245,1.00,3.00
2008.11.24 10:08:10.152,0.782,0.7824,1.00,1.40
2008.11.24 10:08:13.572,0.78195,0.78235,7.40,1.40
2008.11.24 10:08:13.862,0.7819,0.78235,7.40,1.40
2008.11.24 10:08:14.441,0.78195,0.7824,1.00,6.80
2008.11.24 10:08:14.911,0.782,0.7824,1.00,1.40
2008.11.24 10:08:15.261,0.782,0.78245,1.00,6.80
2008.11.24 10:08:15.601,0.782,0.7824,1.00,1.40
2008.11.24 10:08:16.451,0.782,0.78245,1.00,1.40
2008.11.24 10:08:17.361,0.782,0.7824,1.00,1.40
2008.11.24 10:08:19.100,0.78195,0.7824,1.00,1.40
2008.11.24 10:08:20.990,0.782,0.7824,1.00,1.40
2008.11.24 10:08:21.779,0.78195,0.7824,1.00,1.40
2008.11.24 10:08:23.319,0.78195,0.7824,1.00,6.80
2008.11.24 10:08:24.349,0.782,0.78245,1.00,1.40
2008.11.24 10:08:24.698,0.78205,0.78245,1.00,1.40
2008.11.24 10:08:27.148,0.78205,0.78245,1.00,1.60
2008.11.24 10:08:28.308,0.78205,0.78245,5.80,1.60
2008.11.24 10:08:28.748,0.78205,0.7825,1.00,3.00
2008.11.24 10:08:29.148,0.7821,0.7825,5.80,1.60
2008.11.24 10:08:29.497,0.78205,0.7825,5.80,3.00
2008.11.24 10:08:29.897,0.78205,0.7825,1.00,3.00
2008.11.24 10:08:30.237,0.7821,0.7825,1.00,1.60
2008.11.24 10:08:30.527,0.78215,0.7825,1.00,1.60
2008.11.24 10:08:30.867,0.7821,0.78255,1.00,3.00
2008.11.24 10:08:31.147,0.78215,0.78255,1.00,1.60
2008.11.24 10:08:31.427,0.78215,0.78255,1.00,3.00
2008.11.24 10:08:31.667,0.7821,0.7825,1.00,1.60
2008.11.24 10:08:32.177,0.78215,0.78255,1.00,3.00
2008.11.24 10:08:32.757,0.7821,0.78255,1.00,3.00
2008.11.24 10:08:34.287,0.7821,0.78255,1.00,7.80
2008.11.24 10:08:34.626,0.78205,0.7825,5.80,1.40
2008.11.24 10:08:35.336,0.78215,0.78255,1.00,1.40
2008.11.24 10:08:35.676,0.78215,0.7826,1.00,8.40
2008.11.24 10:08:36.126,0.7821,0.78255,1.00,1.40
2008.11.24 10:08:36.546,0.7821,0.78255,5.80,3.00
2008.11.24 10:08:36.886,0.7821,0.7825,1.00,1.60
2008.11.24 10:08:37.225,0.78205,0.7825,1.00,3.00
2008.11.24 10:08:38.855,0.78205,0.7825,5.80,3.00
2008.11.24 10:08:39.205,0.7821,0.7825,5.80,1.60
2008.11.24 10:08:39.555,0.7821,0.7825,1.00,1.60
2008.11.24 10:08:39.985,0.78215,0.78255,1.00,3.00
2008.11.24 10:08:40.375,0.7821,0.78255,1.00,3.00
2008.11.24 10:08:41.025,0.78215,0.78255,1.00,3.00
2008.11.24 10:08:41.425,0.78205,0.7825,5.80,1.40
2008.11.24 10:08:41.815,0.7821,0.78255,1.00,3.00
2008.11.24 10:08:42.224,0.7821,0.7825,1.00,1.60
2008.11.24 10:08:44.574,0.78205,0.7825,1.00,3.00
2008.11.24 10:08:46.883,0.78205,0.7825,1.00,3.00
2008.11.24 10:08:47.243,0.78205,0.7825,5.80,3.00
2008.11.24 10:08:47.523,0.7821,0.7825,1.00,1.60
2008.11.24 10:08:47.803,0.7821,0.78255,1.00,3.00
2008.11.24 10:08:48.363,0.78205,0.7825,1.00,1.40
2008.11.24 10:08:52.923,0.78205,0.7825,1.00,3.00
2008.11.24 10:08:53.212,0.782,0.78245,7.40,1.40
2008.11.24 10:08:54.201,0.78205,0.7825,1.00,1.40
2008.11.24 10:08:54.761,0.7821,0.78255,1.00,8.40
2008.11.24 10:08:55.441,0.7821,0.78255,1.00,3.00
2008.11.24 10:08:57.241,0.7821,0.78255,1.00,1.40
2008.11.24 10:08:57.691,0.78215,0.78255,1.00,1.40
2008.11.24 10:08:59.210,0.78215,0.7826,1.00,8.40
2008.11.24 10:09:01.600,0.78215,0.78255,1.00,1.60
2008.11.24 10:09:01.710,0.7821,0.78255,5.80,3.00
2008.11.24 10:09:01.940,0.7821,0.78255,1.00,3.00
2008.11.24 10:09:02.120,0.7821,0.78255,1.00,3.00
2008.11.24 10:09:05.309,0.7821,0.78255,1.00,1.40
2008.11.24 10:09:05.429,0.78215,0.78255,1.00,1.40
2008.11.24 10:09:09.288,0.78215,0.7826,1.00,8.40
2008.11.24 10:09:10.937,0.78215,0.7826,4.80,3.60
2008.11.24 10:09:11.107,0.78215,0.7826,5.80,3.00
2008.11.24 10:09:13.087,0.7822,0.7826,1.00,3.00
2008.11.24 10:09:13.817,0.78215,0.78255,5.80,1.60
2008.11.24 10:09:14.227,0.78215,0.78255,1.00,1.60
2008.11.24 10:09:14.687,0.78215,0.78255,1.00,1.60
2008.11.24 10:09:15.526,0.78215,0.7826,1.00,3.00
2008.11.24 10:09:15.856,0.7821,0.7825,5.80,1.40
2008.11.24 10:09:16.206,0.78205,0.7825,1.60,1.40
2008.11.24 10:09:16.776,0.78205,0.7825,1.00,1.40
2008.11.24 10:09:17.216,0.78205,0.7825,1.00,3.00
2008.11.24 10:09:17.546,0.78195,0.7824,1.00,1.40
2008.11.24 10:09:17.726,0.78205,0.78245,1.00,3.00
2008.11.24 10:09:18.446,0.78205,0.78245,1.00,1.60
2008.11.24 10:09:18.676,0.78205,0.7825,1.00,3.00
2008.11.24 10:09:18.845,0.78205,0.7825,1.00,3.60
2008.11.24 10:09:19.335,0.78205,0.78245,1.00,1.40
2008.11.24 10:09:19.605,0.78205,0.7825,1.00,3.00
2008.11.24 10:09:20.135,0.78205,0.7825,1.00,1.40
2008.11.24 10:09:20.435,0.78205,0.7825,1.60,1.40
2008.11.24 10:09:20.765,0.78215,0.7826,1.00,3.00
2008.11.24 10:09:21.045,0.78215,0.7826,1.00,8.40
2008.11.24 10:09:21.375,0.7821,0.78255,1.00,1.40
2008.11.24 10:09:21.605,0.78215,0.7826,1.00,8.40
2008.11.24 10:09:21.915,0.78215,0.7826,1.00,3.00
2008.11.24 10:09:23.394,0.78215,0.7826,1.00,4.60
2008.11.24 10:09:24.044,0.78215,0.7826,1.00,10.00
2008.11.24 10:09:24.664,0.7821,0.78245,5.80,1.40
2008.11.24 10:09:24.964,0.78205,0.78245,1.60,1.40
2008.11.24 10:09:25.244,0.78205,0.7825,1.60,1.40
2008.11.24 10:09:25.984,0.78205,0.7825,1.00,1.40
2008.11.24 10:09:26.264,0.782,0.78245,5.80,1.40
2008.11.24 10:09:26.554,0.782,0.78245,1.00,1.40
2008.11.24 10:09:26.893,0.78205,0.78245,1.00,1.40
2008.11.24 10:09:27.413,0.78205,0.7825,1.00,8.40
2008.11.24 10:09:27.873,0.782,0.78245,5.80,1.40
2008.11.24 10:09:28.043,0.78205,0.78245,1.00,1.40
2008.11.24 10:09:28.323,0.782,0.78245,1.60,1.40
2008.11.24 10:09:28.793,0.78205,0.78245,1.60,1.40
2008.11.24 10:09:29.123,0.78205,0.7825,1.60,1.40
2008.11.24 10:09:29.883,0.782,0.78245,7.40,1.40
2008.11.24 10:09:30.233,0.78205,0.7825,1.60,6.80
2008.11.24 10:09:30.523,0.78205,0.7825,1.60,6.20
2008.11.24 10:09:30.893,0.78205,0.7825,1.60,1.40
2008.11.24 10:09:31.183,0.7821,0.7825,1.60,1.40
2008.11.24 10:09:31.582,0.78215,0.78255,1.00,6.80
2008.11.24 10:09:31.822,0.78215,0.78255,1.00,1.40
2008.11.24 10:09:32.433,0.7821,0.78255,1.60,1.40
2008.11.24 10:09:35.111,0.78215,0.78255,1.60,1.40
2008.11.24 10:09:35.401,0.7822,0.7826,1.00,6.80
2008.11.24 10:09:35.572,0.7822,0.7826,1.00,6.20
2008.11.24 10:09:35.691,0.78215,0.78255,7.40,1.40
2008.11.24 10:09:35.852,0.78215,0.78255,2.60,1.40
2008.11.24 10:09:36.081,0.78215,0.78255,1.60,1.40
2008.11.24 10:09:36.201,0.7822,0.7826,1.00,1.40
2008.11.24 10:09:37.051,0.78215,0.78255,1.00,1.40
2008.11.24 10:09:37.271,0.7821,0.78255,1.60,1.40
2008.11.24 10:09:41.390,0.78215,0.78255,1.60,1.40
2008.11.24 10:09:41.560,0.7822,0.7826,1.00,1.00
2008.11.24 10:09:41.790,0.7822,0.78265,1.00,1.40
2008.11.24 10:09:44.820,0.7822,0.78265,5.80,3.00
2008.11.24 10:09:45.159,0.7822,0.78265,1.00,3.60
2008.11.24 10:09:45.619,0.7822,0.78265,1.00,1.40
2008.11.24 10:09:45.959,0.78215,0.7826,9.00,1.40
2008.11.24 10:09:46.289,0.78225,0.7827,1.00,3.60
2008.11.24 10:09:46.679,0.78225,0.7827,1.00,3.00
2008.11.24 10:09:47.319,0.7822,0.78265,1.60,1.40
2008.11.24 10:09:47.628,0.78225,0.7827,1.00,3.00
2008.11.24 10:09:47.898,0.7822,0.78265,1.00,1.40
2008.11.24 10:09:48.189,0.78215,0.7826,7.40,1.40
2008.11.24 10:09:48.468,0.7823,0.7827,1.00,1.60
2008.11.24 10:09:49.099,0.78245,0.7827,1.00,1.60
2008.11.24 10:09:49.548,0.78245,0.78275,1.00,1.60
2008.11.24 10:09:50.398,0.7824,0.78275,1.00,1.60
2008.11.24 10:09:50.678,0.78245,0.7828,1.00,1.60
2008.11.24 10:09:51.138,0.78245,0.78285,1.00,1.60
2008.11.24 10:09:52.018,0.7825,0.7829,1.00,1.40
2008.11.24 10:09:52.427,0.78255,0.78295,1.00,1.40
2008.11.24 10:09:52.597,0.7826,0.783,1.00,3.00
2008.11.24 10:09:53.057,0.78265,0.783,1.00,1.60
2008.11.24 10:09:53.757,0.78265,0.78305,1.00,3.00
2008.11.24 10:09:54.527,0.78265,0.783,1.00,1.60
2008.11.24 10:09:54.887,0.7826,0.783,1.00,3.00
2008.11.24 10:09:55.247,0.78265,0.78305,1.00,3.00
2008.11.24 10:09:55.527,0.78265,0.7831,1.00,3.00
2008.11.24 10:09:55.866,0.78275,0.7831,1.00,1.60
2008.11.24 10:09:56.157,0.7828,0.78315,1.00,1.60
2008.11.24 10:09:56.326,0.7828,0.7832,1.00,3.00
2008.11.24 10:09:57.046,0.78285,0.7832,1.00,1.60
2008.11.24 10:09:57.776,0.7828,0.7832,1.00,3.00
2008.11.24 10:09:58.116,0.7827,0.78315,7.40,1.40
2008.11.24 10:09:58.446,0.78275,0.78315,3.20,1.40
2008.11.24 10:09:58.836,0.78285,0.78325,1.60,1.40
2008.11.24 10:09:59.176,0.78295,0.7833,1.00,6.40
2008.11.24 10:09:59.536,0.78295,0.7833,1.00,1.20
2008.11.24 10:09:59.835,0.78295,0.7833,5.80,1.20
2008.11.24 10:10:00.116,0.78295,0.7833,1.00,1.20
2008.11.24 10:10:00.556,0.783,0.7833,1.00,1.20
2008.11.24 10:10:01.425,0.78295,0.7833,5.80,1.20
2008.11.24 10:10:01.765,0.78295,0.7833,1.00,1.20
2008.11.24 10:10:03.675,0.78295,0.7833,1.60,1.20
2008.11.24 10:10:04.424,0.783,0.7833,1.00,1.20
2008.11.24 10:10:05.044,0.78295,0.7833,7.40,1.20
2008.11.24 10:10:05.514,0.78305,0.7833,1.00,1.20
2008.11.24 10:10:06.214,0.78295,0.7833,7.40,1.20
2008.11.24 10:10:06.564,0.783,0.7833,1.00,1.20
2008.11.24 10:10:07.024,0.78295,0.7833,7.40,1.20
2008.11.24 10:10:07.464,0.78305,0.7833,1.00,1.20
2008.11.24 10:10:08.034,0.783,0.7833,5.80,1.20
2008.11.24 10:10:08.214,0.78295,0.7833,1.00,1.20
2008.11.24 10:10:09.593,0.7829,0.7833,1.00,1.20
2008.11.24 10:10:10.003,0.7829,0.7833,1.00,1.20
2008.11.24 10:10:10.413,0.78295,0.7833,1.00,1.20
2008.11.24 10:10:10.773,0.7829,0.7833,1.00,1.20
2008.11.24 10:10:11.913,0.78295,0.7833,1.00,1.20
2008.11.24 10:10:12.313,0.7829,0.7833,1.00,1.20
2008.11.24 10:10:12.933,0.78295,0.7833,1.00,1.20
2008.11.24 10:10:13.912,0.7829,0.7833,1.00,1.20
2008.11.24 10:10:14.932,0.7829,0.7833,1.60,1.20
2008.11.24 10:10:15.292,0.7829,0.7833,3.20,1.20
2008.11.24 10:10:15.522,0.78295,0.7833,1.00,1.20
2008.11.24 10:10:15.922,0.78295,0.7833,1.60,1.20
2008.11.24 10:10:16.092,0.78295,0.78335,1.60,1.40
2008.11.24 10:10:16.472,0.783,0.7834,1.00,1.40
2008.11.24 10:10:18.021,0.78295,0.7834,1.60,1.40
2008.11.24 10:10:18.141,0.783,0.78345,1.00,3.00
2008.11.24 10:10:19.531,0.783,0.78345,1.00,1.40
2008.11.24 10:10:21.120,0.783,0.7834,1.00,1.40
2008.11.24 10:10:22.030,0.78305,0.78345,1.00,7.80
2008.11.24 10:10:22.320,0.78295,0.7834,1.00,1.40
2008.11.24 10:10:22.730,0.78295,0.7834,1.60,1.40
2008.11.24 10:10:23.310,0.78295,0.78335,1.60,1.40
2008.11.24 10:10:23.471,0.78295,0.78335,1.00,1.40
2008.11.24 10:10:23.830,0.7829,0.7833,1.60,1.40
2008.11.24 10:10:24.060,0.7829,0.78335,1.60,1.40
2008.11.24 10:10:26.089,0.78295,0.78335,1.00,1.40
2008.11.24 10:10:27.659,0.7829,0.7833,1.60,1.40
2008.11.24 10:10:28.169,0.7829,0.7833,1.00,1.40
2008.11.24 10:10:31.009,0.78285,0.78325,1.60,1.40
2008.11.24 10:10:31.238,0.78285,0.78325,1.00,1.40
2008.11.24 10:10:33.568,0.78285,0.7833,1.00,1.40
2008.11.24 10:10:34.037,0.7829,0.78335,1.00,8.40
2008.11.24 10:10:34.797,0.78285,0.7833,5.80,1.40
2008.11.24 10:10:35.327,0.78285,0.7833,1.00,1.40
2008.11.24 10:10:35.667,0.7828,0.78325,7.40,1.40
2008.11.24 10:10:36.227,0.7828,0.78325,1.00,1.40
2008.11.24 10:10:36.507,0.7828,0.7832,1.00,1.40
2008.11.24 10:10:36.677,0.78275,0.7832,1.00,1.40
2008.11.24 10:10:37.256,0.78275,0.78315,1.60,1.40
2008.11.24 10:10:37.557,0.78275,0.7832,1.60,6.20
2008.11.24 10:10:37.837,0.78275,0.7832,1.60,1.40
2008.11.24 10:10:37.956,0.78275,0.7832,1.00,1.40
2008.11.24 10:10:39.379,0.7828,0.78325,1.00,3.60
2008.11.24 10:10:39.726,0.7828,0.78325,1.00,1.40
2008.11.24 10:10:40.796,0.7828,0.7832,1.00,1.40
2008.11.24 10:10:41.036,0.7828,0.78325,1.00,2.00
2008.11.24 10:10:41.326,0.7828,0.78325,1.00,3.00
2008.11.24 10:10:41.966,0.7828,0.7832,1.00,3.00
2008.11.24 10:10:42.385,0.78275,0.7832,1.00,3.00
2008.11.24 10:10:42.806,0.78265,0.7831,1.60,1.40
2008.11.24 10:10:43.435,0.7827,0.78315,1.00,3.00
2008.11.24 10:10:44.955,0.7827,0.78315,1.00,1.40
2008.11.24 10:10:45.384,0.78275,0.7832,1.00,8.40
2008.11.24 10:10:45.665,0.78275,0.7832,1.00,3.00
2008.11.24 10:10:46.005,0.7827,0.7831,1.00,1.60
2008.11.24 10:10:46.354,0.78265,0.783,5.80,1.60
2008.11.24 10:10:46.695,0.7826,0.783,1.00,1.40
2008.11.24 10:10:47.374,0.78265,0.7831,1.00,1.40
2008.11.24 10:10:47.814,0.78275,0.78315,1.00,1.60
2008.11.24 10:10:48.154,0.7827,0.78315,1.00,1.40
2008.11.24 10:10:48.824,0.7828,0.7832,1.00,1.60
2008.11.24 10:10:49.374,0.7828,0.78325,1.00,3.00
2008.11.24 10:10:49.784,0.7828,0.7832,1.00,3.00
2008.11.24 10:10:50.754,0.7828,0.7831,1.00,1.60
2008.11.24 10:10:51.153,0.78275,0.7831,5.80,1.60
2008.11.24 10:10:51.443,0.7827,0.7831,1.00,1.60
2008.11.24 10:10:52.373,0.7827,0.78315,1.00,3.00
2008.11.24 10:10:53.183,0.7827,0.78315,1.00,1.40
2008.11.24 10:10:53.533,0.78275,0.7832,1.00,3.00
2008.11.24 10:10:53.912,0.7828,0.78325,1.00,1.40
2008.11.24 10:10:54.412,0.7828,0.7832,1.00,1.40
2008.11.24 10:10:54.822,0.7828,0.78325,1.00,3.00
2008.11.24 10:10:56.122,0.7828,0.7832,1.00,3.00
2008.11.24 10:10:56.532,0.7828,0.7832,1.00,1.60
2008.11.24 10:10:57.142,0.78275,0.7832,1.00,3.00
2008.11.24 10:10:57.442,0.78275,0.7832,1.00,3.00
2008.11.24 10:10:57.722,0.7828,0.7832,1.00,1.60
2008.11.24 10:11:00.061,0.7828,0.78325,1.00,3.00
2008.11.24 10:11:00.351,0.78285,0.78325,1.00,3.00
2008.11.24 10:11:00.701,0.7829,0.78325,1.00,1.60
2008.11.24 10:11:00.871,0.7829,0.7833,1.00,1.60
2008.11.24 10:11:01.491,0.7829,0.7833,1.00,3.00
2008.11.24 10:11:01.771,0.78285,0.7833,5.80,3.00
2008.11.24 10:11:02.100,0.78285,0.7833,1.00,8.40
2008.11.24 10:11:02.401,0.78285,0.7833,1.00,7.80
2008.11.24 10:11:02.791,0.78285,0.78325,1.00,1.60
2008.11.24 10:11:04.550,0.78285,0.7833,1.00,3.00
2008.11.24 10:11:06.100,0.78285,0.78325,1.00,3.20
2008.11.24 10:11:06.319,0.78285,0.78325,1.00,8.00
2008.11.24 10:11:06.709,0.78275,0.7832,1.00,1.40
2008.11.24 10:11:06.940,0.7828,0.78325,1.00,3.00
2008.11.24 10:11:08.129,0.78285,0.7833,1.00,3.00
2008.11.24 10:11:08.409,0.78285,0.78325,1.00,1.60
2008.11.24 10:11:08.699,0.78285,0.78325,1.00,3.20
2008.11.24 10:11:09.089,0.78285,0.7832,1.00,5.20
2008.11.24 10:11:09.499,0.78285,0.7833,1.00,3.00
2008.11.24 10:11:10.968,0.78285,0.7833,1.00,3.00
2008.11.24 10:11:11.248,0.78285,0.7833,5.80,3.00
2008.11.24 10:11:12.088,0.78285,0.7833,1.00,3.00
2008.11.24 10:11:13.068,0.7829,0.78325,1.00,1.60
2008.11.24 10:11:13.288,0.78285,0.78325,5.80,1.60
2008.11.24 10:11:13.458,0.78285,0.78325,1.00,1.60
2008.11.24 10:11:13.698,0.7828,0.78325,5.80,3.00
2008.11.24 10:11:13.988,0.7828,0.78325,1.00,3.00
2008.11.24 10:11:16.237,0.7828,0.78325,1.00,8.40
2008.11.24 10:11:16.417,0.7828,0.7832,1.00,1.40
2008.11.24 10:11:16.907,0.78285,0.78325,1.00,5.20
2008.11.24 10:11:17.237,0.78285,0.7832,1.00,1.60
2008.11.24 10:11:17.517,0.78275,0.7832,1.00,1.40
2008.11.24 10:11:18.327,0.7828,0.78325,1.00,8.40
2008.11.24 10:11:18.787,0.7828,0.78325,1.00,3.00
2008.11.24 10:11:19.457,0.78275,0.7832,7.40,1.40
2008.11.24 10:11:19.746,0.78275,0.7832,1.00,6.80
2008.11.24 10:11:20.116,0.7828,0.7832,1.00,4.80
2008.11.24 10:11:20.346,0.7828,0.7832,1.00,1.40
2008.11.24 10:11:22.586,0.78285,0.7832,1.00,1.40
2008.11.24 10:11:22.825,0.7829,0.78325,1.00,5.20
2008.11.24 10:11:22.936,0.7829,0.78335,1.00,1.40
2008.11.24 10:11:23.115,0.7829,0.78335,1.00,6.20
2008.11.24 10:11:23.345,0.78295,0.78335,1.60,6.80
2008.11.24 10:11:23.405,0.78295,0.78335,1.60,6.20
2008.11.24 10:11:23.515,0.78305,0.7834,1.00,5.20
2008.11.24 10:11:23.965,0.7831,0.7835,1.00,5.20
2008.11.24 10:11:24.365,0.7831,0.78355,1.00,1.40
2008.11.24 10:11:24.726,0.78315,0.7836,1.00,3.00
2008.11.24 10:11:26.135,0.7831,0.7835,1.00,1.40
2008.11.24 10:11:27.765,0.7831,0.7835,1.60,1.40
2008.11.24 10:11:28.054,0.7831,0.78355,3.20,1.40
2008.11.24 10:11:28.325,0.78315,0.78355,1.60,1.40
2008.11.24 10:11:29.054,0.7832,0.78365,1.00,1.40
2008.11.24 10:11:30.384,0.7832,0.7836,1.00,1.60
2008.11.24 10:11:30.724,0.7832,0.7836,1.00,6.80
2008.11.24 10:11:31.064,0.7831,0.7835,1.60,1.40
2008.11.24 10:11:31.404,0.7831,0.7835,1.00,1.40
2008.11.24 10:11:32.083,0.78305,0.7835,1.00,6.20
2008.11.24 10:11:32.373,0.78305,0.7835,1.00,8.40
2008.11.24 10:11:33.133,0.78305,0.78345,1.00,1.60
2008.11.24 10:11:33.383,0.78305,0.7835,1.00,8.40
2008.11.24 10:11:33.673,0.7831,0.7835,1.00,8.40
2008.11.24 10:11:33.903,0.7831,0.7835,1.00,3.60
2008.11.24 10:11:34.173,0.7831,0.7835,1.00,1.40
2008.11.24 10:11:34.563,0.7831,0.78355,1.00,1.40
2008.11.24 10:11:35.064,0.7831,0.78355,5.80,1.40
2008.11.24 10:11:35.302,0.78305,0.78345,1.60,1.40
2008.11.24 10:11:35.582,0.78305,0.7835,1.60,1.40
2008.11.24 10:11:35.813,0.7831,0.7835,1.00,1.40
2008.11.24 10:11:37.732,0.7831,0.7835,1.00,6.80
2008.11.24 10:11:38.182,0.7831,0.7835,1.00,1.40
2008.11.24 10:11:39.602,0.78305,0.78345,1.00,1.40
2008.11.24 10:11:40.891,0.783,0.78345,1.00,1.40
2008.11.24 10:11:41.471,0.783,0.78345,1.00,3.00
2008.11.24 10:11:41.651,0.78295,0.7834,5.80,1.40
2008.11.24 10:11:41.831,0.78295,0.7834,1.00,1.40
2008.11.24 10:11:42.061,0.78295,0.7834,1.00,1.40
2008.11.24 10:11:42.721,0.78295,0.7834,5.80,3.00
2008.11.24 10:11:43.071,0.783,0.7834,1.00,3.00
2008.11.24 10:11:43.790,0.783,0.7834,1.00,1.60
2008.11.24 10:11:44.820,0.78295,0.7834,5.80,3.00
2008.11.24 10:11:45.380,0.78295,0.7834,1.00,3.00
2008.11.24 10:11:45.730,0.78295,0.78335,1.00,1.40
2008.11.24 10:11:49.629,0.78295,0.7834,4.80,1.40
2008.11.24 10:11:49.929,0.78295,0.7834,7.40,1.40
2008.11.24 10:11:50.489,0.78295,0.78335,1.00,1.40
2008.11.24 10:11:50.769,0.78295,0.7834,5.80,3.00
2008.11.24 10:11:51.129,0.78295,0.78335,5.80,1.40
2008.11.24 10:11:51.358,0.78295,0.7834,1.00,3.60
2008.11.24 10:11:51.579,0.78295,0.7834,1.00,3.00
2008.11.24 10:11:52.028,0.78295,0.7834,1.00,3.00
2008.11.24 10:11:52.328,0.78295,0.7834,1.00,1.40
2008.11.24 10:11:52.898,0.78295,0.7834,1.60,1.40
2008.11.24 10:11:53.418,0.783,0.78345,1.00,1.40
2008.11.24 10:11:53.658,0.78295,0.7834,2.60,1.40
2008.11.24 10:11:53.948,0.78295,0.7834,1.60,1.40
2008.11.24 10:11:54.178,0.7829,0.78335,4.20,1.40
2008.11.24 10:11:54.668,0.783,0.78345,1.00,8.40
2008.11.24 10:11:55.018,0.783,0.78345,1.60,1.40
2008.11.24 10:11:55.508,0.78305,0.7835,1.00,8.40
2008.11.24 10:11:55.787,0.78305,0.7835,1.00,1.40
2008.11.24 10:11:57.857,0.78305,0.7835,1.60,1.40
2008.11.24 10:11:58.037,0.78305,0.7835,2.60,1.40
2008.11.24 10:11:58.207,0.78305,0.7835,7.40,1.40
2008.11.24 10:11:58.307,0.7831,0.7835,1.00,1.40
2008.11.24 10:11:59.017,0.7831,0.7835,1.00,3.00
2008.11.24 10:11:59.357,0.78305,0.7835,5.80,3.00
2008.11.24 10:11:59.708,0.78305,0.7835,1.00,3.00
2008.11.24 10:12:00.047,0.78305,0.7835,1.00,3.00
2008.11.24 10:12:02.496,0.78305,0.78345,1.00,1.40
2008.11.24 10:12:03.386,0.78295,0.7834,7.40,1.40
2008.11.24 10:12:03.656,0.78295,0.7834,6.40,1.40
2008.11.24 10:12:03.946,0.78295,0.7834,1.60,1.40
2008.11.24 10:12:05.135,0.783,0.7834,1.00,1.40
2008.11.24 10:12:05.576,0.78295,0.78335,1.00,1.40
2008.11.24 10:12:05.975,0.7829,0.78335,2.60,1.40
2008.11.24 10:12:06.325,0.7829,0.78335,1.60,1.40
2008.11.24 10:12:06.795,0.78295,0.78335,4.80,1.40
2008.11.24 10:12:07.315,0.7829,0.78335,7.40,1.40
2008.11.24 10:12:07.545,0.7829,0.78335,1.60,1.40
2008.11.24 10:12:08.245,0.78295,0.78335,1.00,1.40
2008.11.24 10:12:13.034,0.78295,0.7834,1.00,3.00
2008.11.24 10:12:14.133,0.78295,0.78335,1.00,1.40
2008.11.24 10:12:15.333,0.78295,0.7834,1.00,1.40
2008.11.24 10:12:15.923,0.78295,0.7834,1.00,3.00
2008.11.24 10:12:17.412,0.78295,0.78335,1.00,3.00
2008.11.24 10:12:17.692,0.7829,0.78335,1.00,3.00
2008.11.24 10:12:18.102,0.78295,0.78335,1.00,3.00
2008.11.24 10:12:18.442,0.78295,0.7834,1.00,3.00
2008.11.24 10:12:18.662,0.78295,0.7834,1.00,8.40
2008.11.24 10:12:18.912,0.78295,0.7834,1.00,3.00
2008.11.24 10:12:24.231,0.78305,0.78345,1.60,1.40
2008.11.24 10:12:24.461,0.78305,0.7835,1.60,1.40
2008.11.24 10:12:24.941,0.78305,0.7835,1.00,1.40
2008.11.24 10:12:25.750,0.7831,0.7835,1.00,1.40
2008.11.24 10:12:26.541,0.78305,0.7835,5.80,1.40
2008.11.24 10:12:26.760,0.78305,0.7835,1.00,1.40
2008.11.24 10:12:26.990,0.7831,0.7835,1.00,1.40
2008.11.24 10:12:27.470,0.7831,0.7835,1.00,3.00
2008.11.24 10:12:27.700,0.7831,0.7835,1.00,7.80
2008.11.24 10:12:28.160,0.783,0.7834,1.00,1.40
2008.11.24 10:12:28.440,0.7831,0.7835,1.00,6.20
2008.11.24 10:12:28.670,0.7831,0.7835,1.00,1.40
2008.11.24 10:12:30.759,0.78305,0.7835,1.00,1.40
2008.11.24 10:12:32.289,0.78305,0.78345,1.00,1.60
2008.11.24 10:12:32.529,0.783,0.78345,1.00,3.00
2008.11.24 10:12:32.859,0.78305,0.78345,1.00,3.00
2008.11.24 10:12:33.139,0.78305,0.78345,1.00,1.40
2008.11.24 10:12:33.718,0.783,0.78345,5.80,1.40
2008.11.24 10:12:34.009,0.783,0.7834,1.00,1.40
2008.11.24 10:12:35.388,0.783,0.7834,1.60,1.40
2008.11.24 10:12:35.618,0.78305,0.78345,1.00,1.40
2008.11.24 10:12:36.658,0.783,0.7834,1.60,1.40
2008.11.24 10:12:37.038,0.783,0.78345,1.60,6.80
2008.11.24 10:12:37.148,0.783,0.78345,1.00,3.00
2008.11.24 10:12:37.438,0.78295,0.7834,7.40,1.40
2008.11.24 10:12:37.617,0.783,0.7834,1.00,1.40
2008.11.24 10:12:39.657,0.78305,0.78345,1.60,1.40
2008.11.24 10:12:39.937,0.78315,0.7835,1.00,5.20
2008.11.24 10:12:40.237,0.78315,0.78355,1.00,1.40
2008.11.24 10:12:41.587,0.78315,0.78355,1.00,6.20
2008.11.24 10:12:41.756,0.78305,0.7835,1.60,1.40
2008.11.24 10:12:42.106,0.7831,0.78355,1.00,6.80
2008.11.24 10:12:42.267,0.7831,0.78355,1.00,1.40
2008.11.24 10:12:42.556,0.7831,0.7835,1.00,1.40
2008.11.24 10:12:42.786,0.7832,0.7836,1.00,6.80
2008.11.24 10:12:42.956,0.7832,0.7836,1.00,1.60
2008.11.24 10:12:43.186,0.78315,0.78355,1.00,1.40
2008.11.24 10:12:44.396,0.7831,0.78355,7.40,1.40
2008.11.24 10:12:44.736,0.7831,0.78355,1.60,1.40
2008.11.24 10:12:45.026,0.7831,0.7835,1.60,1.40
2008.11.24 10:12:45.296,0.7831,0.78355,1.60,6.80
2008.11.24 10:12:45.526,0.7831,0.78355,1.00,1.40
2008.11.24 10:12:46.615,0.7831,0.7835,1.00,1.40
2008.11.24 10:12:47.255,0.7831,0.7835,1.00,4.60
2008.11.24 10:12:47.545,0.78305,0.7835,7.40,1.40
2008.11.24 10:12:47.835,0.783,0.78345,1.60,1.40
2008.11.24 10:12:48.185,0.78305,0.78345,1.60,1.40
2008.11.24 10:12:48.295,0.78305,0.7835,1.60,1.40
2008.11.24 10:12:49.175,0.7831,0.7835,1.00,1.40
2008.11.24 10:12:52.124,0.7831,0.78355,1.00,6.80
2008.11.24 10:12:52.454,0.7831,0.78355,1.00,1.40
2008.11.24 10:12:52.574,0.7831,0.7835,1.00,1.40
2008.11.24 10:12:55.813,0.783,0.7834,1.60,1.40
2008.11.24 10:12:56.093,0.78305,0.78345,1.00,1.40
2008.11.24 10:12:56.383,0.783,0.7834,1.60,1.40
2008.11.24 10:12:57.942,0.783,0.78345,1.60,1.40
2008.11.24 10:12:58.223,0.783,0.78335,1.60,1.40
2008.11.24 10:12:58.642,0.78305,0.78335,1.60,1.40
2008.11.24 10:12:58.812,0.78305,0.7834,1.60,1.40
2008.11.24 10:13:00.572,0.783,0.7834,1.60,1.40
2008.11.24 10:13:00.962,0.783,0.7834,1.60,1.40
2008.11.24 10:13:01.952,0.78295,0.78335,1.60,1.40
2008.11.24 10:13:02.421,0.783,0.7834,1.00,1.40
2008.11.24 10:13:02.651,0.78295,0.78335,1.60,1.40
2008.11.24 10:13:03.222,0.783,0.7834,1.00,1.40
2008.11.24 10:13:03.391,0.78305,0.7835,1.00,8.40
2008.11.24 10:13:03.751,0.7831,0.7835,1.00,7.80
2008.11.24 10:13:04.031,0.7831,0.7835,1.00,3.00
2008.11.24 10:13:04.261,0.7831,0.7835,1.00,1.40
2008.11.24 10:13:05.701,0.78305,0.7835,1.60,6.80
2008.11.24 10:13:06.051,0.78305,0.7835,1.60,6.20
2008.11.24 10:13:06.281,0.78305,0.7835,1.60,1.40
2008.11.24 10:13:06.751,0.78305,0.7835,1.00,3.00
2008.11.24 10:13:06.861,0.783,0.78345,7.40,1.40
2008.11.24 10:13:07.090,0.78305,0.7835,1.00,8.40
2008.11.24 10:13:07.370,0.78305,0.7835,1.00,3.60
2008.11.24 10:13:07.610,0.78305,0.7835,1.00,3.00
2008.11.24 10:13:08.090,0.7831,0.7835,1.00,3.00
2008.11.24 10:13:08.260,0.78305,0.7835,5.80,3.00
2008.11.24 10:13:08.380,0.78305,0.7835,1.00,3.00
2008.11.24 10:13:08.500,0.78305,0.7835,1.00,3.00
2008.11.24 10:13:10.080,0.78305,0.78345,5.80,1.40
2008.11.24 10:13:10.370,0.78305,0.7835,5.80,3.00
2008.11.24 10:13:10.550,0.78305,0.78345,1.00,1.40
2008.11.24 10:13:10.790,0.783,0.78345,6.40,1.40
2008.11.24 10:13:10.959,0.78305,0.78345,1.00,1.40
2008.11.24 10:13:11.689,0.78315,0.7835,1.60,1.40
2008.11.24 10:13:11.919,0.78315,0.7836,1.60,1.40
2008.11.24 10:13:12.209,0.7832,0.7836,4.80,1.40
2008.11.24 10:13:12.439,0.78325,0.7837,1.00,1.40
2008.11.24 10:13:12.719,0.78325,0.7837,1.00,3.00
2008.11.24 10:13:13.069,0.78325,0.78365,1.00,1.40
2008.11.24 10:13:13.459,0.7832,0.78365,1.00,1.40
2008.11.24 10:13:13.749,0.7832,0.78365,1.00,3.00
2008.11.24 10:13:14.609,0.78315,0.7836,5.80,1.40
2008.11.24 10:13:14.948,0.7832,0.7836,1.00,1.60
2008.11.24 10:13:16.498,0.78315,0.78355,5.80,1.40
2008.11.24 10:13:16.789,0.7831,0.78355,1.00,3.00
2008.11.24 10:13:17.178,0.78315,0.78355,1.00,3.00
2008.11.24 10:13:17.418,0.78315,0.7835,1.00,1.60
2008.11.24 10:13:17.758,0.7831,0.7835,1.00,1.60
2008.11.24 10:13:18.158,0.783,0.78345,5.80,1.40
2008.11.24 10:13:18.438,0.783,0.78345,1.00,1.40
2008.11.24 10:13:18.658,0.78305,0.78345,1.00,1.60
2008.11.24 10:13:19.297,0.783,0.78345,4.80,3.00
2008.11.24 10:13:19.527,0.78295,0.7834,5.80,3.00
2008.11.24 10:13:19.887,0.7829,0.78335,1.00,1.40
2008.11.24 10:13:20.278,0.7829,0.78335,1.60,6.80
2008.11.24 10:13:20.667,0.78295,0.7834,1.60,1.40
2008.11.24 10:13:21.187,0.783,0.78345,1.00,6.80
2008.11.24 10:13:21.597,0.783,0.78345,1.00,1.40
2008.11.24 10:13:21.997,0.78305,0.7835,1.00,3.00
2008.11.24 10:13:22.637,0.7831,0.78345,1.00,1.60
2008.11.24 10:13:22.816,0.78305,0.78345,1.00,1.60
2008.11.24 10:13:22.977,0.783,0.78345,5.80,3.00
2008.11.24 10:13:23.146,0.783,0.78345,1.00,3.00
2008.11.24 10:13:23.266,0.78305,0.78345,1.00,3.00
2008.11.24 10:13:24.176,0.78305,0.78345,1.00,1.60
2008.11.24 10:13:24.586,0.78305,0.7835,1.00,3.00
2008.11.24 10:13:24.866,0.7831,0.7835,1.00,3.00
2008.11.24 10:13:25.156,0.7831,0.78345,1.00,1.60
2008.11.24 10:13:25.446,0.78305,0.78345,1.00,1.60
2008.11.24 10:13:25.906,0.7831,0.78345,1.00,1.60
2008.11.24 10:13:26.186,0.78305,0.78345,5.80,1.60
2008.11.24 10:13:26.366,0.78305,0.78345,4.80,1.60
2008.11.24 10:13:26.646,0.78305,0.78345,1.00,1.60
2008.11.24 10:13:26.986,0.783,0.78345,5.80,3.00
2008.11.24 10:13:27.445,0.783,0.78345,1.00,3.00
2008.11.24 10:13:28.025,0.78305,0.78345,1.00,3.00
2008.11.24 10:13:28.885,0.78305,0.78345,1.00,1.40
2008.11.24 10:13:29.335,0.78305,0.7835,1.00,8.40
2008.11.24 10:13:29.515,0.78305,0.7835,1.00,3.00
2008.11.24 10:13:33.244,0.78305,0.7835,1.00,1.40
2008.11.24 10:13:33.814,0.7831,0.7835,1.00,1.60
2008.11.24 10:13:34.214,0.783,0.78345,5.80,1.40
2008.11.24 10:13:34.554,0.78305,0.7835,1.00,8.40
2008.11.24 10:13:34.954,0.78305,0.7835,1.00,3.00
2008.11.24 10:13:36.443,0.7831,0.7835,1.00,3.00
2008.11.24 10:13:36.793,0.78305,0.78345,5.80,1.40
2008.11.24 10:13:37.023,0.7831,0.7835,1.00,3.60
2008.11.24 10:13:37.253,0.7831,0.7835,1.00,3.00
2008.11.24 10:13:38.403,0.78305,0.7835,5.80,3.00
2008.11.24 10:13:38.633,0.78305,0.7835,1.00,3.00
2008.11.24 10:13:38.803,0.7831,0.7835,1.00,1.40
2008.11.24 10:13:39.523,0.78315,0.78355,1.00,1.60
2008.11.24 10:13:40.753,0.7832,0.78355,1.00,1.60
2008.11.24 10:13:42.352,0.78315,0.78355,1.00,1.60
2008.11.24 10:13:42.622,0.78315,0.7835,1.00,3.20
2008.11.24 10:13:42.912,0.783,0.7834,1.60,1.40
2008.11.24 10:13:43.142,0.78315,0.78355,1.00,1.60
2008.11.24 10:13:43.371,0.78315,0.78355,1.00,1.40
2008.11.24 10:13:43.762,0.7832,0.7836,1.00,2.00
2008.11.24 10:13:44.161,0.78325,0.7836,1.00,1.60
2008.11.24 10:13:44.551,0.78315,0.7836,5.80,3.00
2008.11.24 10:13:44.911,0.7831,0.7835,5.80,1.40
2008.11.24 10:13:45.311,0.7831,0.7835,1.00,1.40
2008.11.24 10:13:45.651,0.7831,0.78355,1.00,2.00
2008.11.24 10:13:45.821,0.7831,0.78355,1.00,1.40
2008.11.24 10:13:46.211,0.7831,0.7835,1.00,1.40
2008.11.24 10:13:46.561,0.7831,0.78355,1.00,8.40
2008.11.24 10:13:46.731,0.7831,0.78355,1.00,3.00
2008.11.24 10:13:47.171,0.78305,0.7835,5.80,3.00
2008.11.24 10:13:47.510,0.78305,0.7835,1.00,3.00
2008.11.24 10:13:48.550,0.783,0.78345,6.40,1.40
2008.11.24 10:13:48.790,0.783,0.78345,1.00,1.40
2008.11.24 10:13:49.430,0.783,0.78345,1.00,3.00
2008.11.24 10:13:49.820,0.78295,0.7834,7.40,1.40
2008.11.24 10:13:50.210,0.78295,0.7834,1.60,1.40
2008.11.24 10:13:50.560,0.78305,0.78345,1.00,1.40
2008.11.24 10:13:50.840,0.783,0.78345,1.00,1.40
2008.11.24 10:13:51.990,0.78305,0.7835,1.00,3.00
2008.11.24 10:13:52.329,0.78305,0.78345,1.00,1.60
2008.11.24 10:13:52.549,0.783,0.78345,1.00,3.00
2008.11.24 10:13:53.109,0.78305,0.78345,1.00,1.60
2008.11.24 10:13:53.679,0.78305,0.78345,1.00,3.00
2008.11.24 10:13:54.019,0.783,0.78345,1.00,3.00
2008.11.24 10:13:54.309,0.783,0.78335,5.80,1.40
2008.11.24 10:13:54.609,0.78305,0.78345,1.00,1.60
2008.11.24 10:13:54.999,0.783,0.7834,5.80,1.40
2008.11.24 10:13:55.389,0.783,0.78345,1.00,8.40
2008.11.24 10:13:55.729,0.783,0.78345,1.00,3.00
2008.11.24 10:13:56.648,0.78305,0.78345,1.00,1.60
2008.11.24 10:13:58.548,0.78305,0.78345,1.00,3.00
2008.11.24 10:13:58.768,0.783,0.7834,4.80,1.40
2008.11.24 10:13:58.888,0.78295,0.7834,5.80,1.40
2008.11.24 10:13:59.068,0.78295,0.7834,4.80,1.40
2008.11.24 10:13:59.238,0.78295,0.7834,1.00,1.40
2008.11.24 10:13:59.638,0.783,0.78345,1.00,3.00
2008.11.24 10:13:59.998,0.783,0.78345,5.80,3.00
2008.11.24 10:14:00.458,0.783,0.78345,1.00,3.00
2008.11.24 10:14:00.867,0.783,0.78345,1.60,3.00
2008.11.24 10:14:01.097,0.7831,0.78345,5.80,1.60
2008.11.24 10:14:01.327,0.78305,0.78345,1.00,1.60
2008.11.24 10:14:01.557,0.783,0.7834,4.80,1.40
2008.11.24 10:14:01.947,0.78295,0.7834,1.00,8.40
2008.11.24 10:14:02.267,0.78295,0.78335,1.00,1.40
2008.11.24 10:14:05.776,0.78295,0.7834,1.00,8.40
2008.11.24 10:14:06.066,0.78295,0.7834,1.00,7.80
2008.11.24 10:14:06.406,0.78295,0.7834,1.00,1.40
2008.11.24 10:14:09.335,0.78295,0.7834,1.00,1.40
2008.11.24 10:14:09.555,0.783,0.7834,1.00,1.40
2008.11.24 10:14:09.905,0.78295,0.7834,1.00,1.40
2008.11.24 10:14:10.265,0.783,0.7834,1.00,1.40
2008.11.24 10:14:13.234,0.78295,0.7834,5.80,1.40
2008.11.24 10:14:13.974,0.783,0.7834,1.00,1.40
2008.11.24 10:14:16.644,0.783,0.78345,1.00,8.40
2008.11.24 10:14:16.754,0.78295,0.7834,5.80,1.40
2008.11.24 10:14:16.984,0.783,0.7834,1.00,1.40
2008.11.24 10:14:17.043,0.783,0.78345,1.00,6.20
2008.11.24 10:14:17.214,0.783,0.78345,1.00,1.40
2008.11.24 10:14:17.853,0.78305,0.78345,1.00,1.40
2008.11.24 10:14:22.692,0.783,0.78345,1.00,1.40
2008.11.24 10:14:22.912,0.78305,0.78345,1.00,1.40
2008.11.24 10:14:23.492,0.783,0.78345,1.00,1.40
2008.11.24 10:14:24.292,0.783,0.78345,1.00,3.00
2008.11.24 10:14:25.032,0.78295,0.7834,5.80,1.40
2008.11.24 10:14:25.392,0.78295,0.7834,1.00,1.40
2008.11.24 10:14:27.711,0.78295,0.7834,1.00,3.00
2008.11.24 10:14:27.871,0.783,0.7834,1.00,3.00
2008.11.24 10:14:28.091,0.78295,0.7834,4.80,3.00
2008.11.24 10:14:28.211,0.78295,0.7834,1.00,4.60
2008.11.24 10:14:28.391,0.78295,0.78335,1.00,1.40
2008.11.24 10:14:28.561,0.7829,0.78335,4.80,1.40
2008.11.24 10:14:28.741,0.78295,0.7834,1.00,2.00
2008.11.24 10:14:29.021,0.78295,0.7834,1.00,1.40
2008.11.24 10:14:30.620,0.78295,0.7834,1.00,3.00
2008.11.24 10:14:31.140,0.78295,0.7834,1.00,1.40
2008.11.24 10:14:31.490,0.78295,0.7834,4.80,1.40
2008.11.24 10:14:31.830,0.783,0.78345,1.00,3.00
2008.11.24 10:14:32.060,0.78305,0.78345,1.00,1.60
2008.11.24 10:14:32.330,0.783,0.78345,4.80,3.00
2008.11.24 10:14:32.560,0.783,0.78345,1.00,3.00
2008.11.24 10:14:34.989,0.78305,0.78345,1.00,3.00
2008.11.24 10:14:35.339,0.78305,0.78345,1.00,1.60
2008.11.24 10:14:35.729,0.7831,0.7835,1.00,3.00
2008.11.24 10:14:36.009,0.7831,0.78355,1.00,3.00
2008.11.24 10:14:36.239,0.78315,0.78355,1.00,1.60
2008.11.24 10:14:37.848,0.78325,0.7836,1.00,3.20
2008.11.24 10:14:38.338,0.78315,0.78355,5.80,3.20
2008.11.24 10:14:38.569,0.78315,0.78355,1.00,1.60
2008.11.24 10:14:40.418,0.7831,0.78355,5.80,3.00
2008.11.24 10:14:47.826,0.7831,0.7835,5.80,1.40
2008.11.24 10:14:48.146,0.7831,0.7835,1.00,1.40
2008.11.24 10:14:49.445,0.78305,0.78345,5.80,1.40
2008.11.24 10:14:49.686,0.7831,0.7835,1.00,1.40
2008.11.24 10:14:51.495,0.7831,0.78355,1.00,3.00
2008.11.24 10:14:52.145,0.7831,0.78355,1.00,3.00
2008.11.24 10:14:52.365,0.7831,0.7835,1.00,1.40
2008.11.24 10:14:52.655,0.7831,0.7835,1.00,1.40
2008.11.24 10:14:55.324,0.78305,0.7835,1.00,1.40
2008.11.24 10:14:55.644,0.7831,0.7835,1.00,3.00
2008.11.24 10:14:55.934,0.78305,0.7835,1.00,3.00
2008.11.24 10:14:57.344,0.7831,0.7835,1.00,3.00
2008.11.24 10:14:57.744,0.7831,0.7835,1.00,1.40
2008.11.24 10:14:57.914,0.7831,0.7835,1.60,1.40
2008.11.24 10:14:58.144,0.7831,0.78355,1.60,3.60
2008.11.24 10:14:58.253,0.7831,0.78355,1.00,3.00
2008.11.24 10:14:58.364,0.7831,0.7835,1.00,1.60
2008.11.24 10:14:58.663,0.78305,0.7835,5.80,3.00
2008.11.24 10:14:58.833,0.78305,0.7835,1.00,4.60
2008.11.24 10:14:59.004,0.78305,0.78345,1.00,3.00
2008.11.24 10:14:59.293,0.783,0.7834,5.80,1.40
2008.11.24 10:14:59.463,0.783,0.7834,1.00,1.40
2008.11.24 10:15:00.913,0.78305,0.7835,1.00,8.40
2008.11.24 10:15:01.083,0.78305,0.7835,1.00,3.00
2008.11.24 10:15:01.313,0.78305,0.7835,1.00,4.60
2008.11.24 10:15:01.603,0.78305,0.78345,1.00,3.00
2008.11.24 10:15:01.723,0.783,0.7834,5.80,1.40
2008.11.24 10:15:02.013,0.783,0.7834,1.00,1.40
2008.11.24 10:15:04.112,0.78305,0.78345,1.00,1.40
2008.11.24 10:15:05.082,0.78305,0.7835,1.00,3.60
2008.11.24 10:15:05.372,0.78305,0.7835,1.00,3.00
2008.11.24 10:15:06.711,0.78305,0.7834,1.00,1.60
2008.11.24 10:15:06.821,0.78305,0.78335,4.80,1.40
2008.11.24 10:15:07.002,0.78305,0.78335,4.80,3.00
2008.11.24 10:15:07.291,0.7829,0.78335,1.60,3.00
2008.11.24 10:15:07.641,0.78285,0.78325,1.00,3.00
2008.11.24 10:15:07.961,0.7828,0.78325,1.00,3.00
2008.11.24 10:15:08.301,0.7828,0.7832,1.00,1.60
2008.11.24 10:15:08.831,0.78275,0.7832,1.00,8.40
2008.11.24 10:15:09.541,0.78275,0.7832,1.00,3.00
2008.11.24 10:15:09.881,0.78275,0.7832,1.00,4.60
2008.11.24 10:15:10.241,0.7827,0.78315,1.00,1.40
2008.11.24 10:15:10.820,0.78275,0.7832,1.00,8.40
2008.11.24 10:15:11.270,0.78275,0.7832,1.00,3.00
2008.11.24 10:15:12.230,0.78275,0.7832,1.00,1.40
2008.11.24 10:15:12.530,0.78285,0.78325,1.00,8.40
2008.11.24 10:15:12.710,0.78285,0.78325,1.00,3.00
2008.11.24 10:15:14.380,0.7828,0.78325,5.80,3.00
2008.11.24 10:15:14.440,0.7828,0.78325,1.00,3.00
2008.11.24 10:15:15.289,0.7829,0.7833,1.00,6.80
2008.11.24 10:15:15.629,0.783,0.7834,1.00,1.60
2008.11.24 10:15:16.029,0.783,0.78345,1.00,3.60
2008.11.24 10:15:16.389,0.783,0.78345,1.00,3.00
2008.11.24 10:15:16.729,0.783,0.78345,1.00,4.60
2008.11.24 10:15:16.949,0.78295,0.7834,5.80,3.00
2008.11.24 10:15:17.179,0.78295,0.7834,1.00,4.60
2008.11.24 10:15:17.459,0.78295,0.78335,1.00,1.60
2008.11.24 10:15:17.669,0.7829,0.78335,1.00,4.60
2008.11.24 10:15:17.889,0.7829,0.78335,1.00,3.00
2008.11.24 10:15:18.179,0.7829,0.7833,1.00,1.40
2008.11.24 10:15:18.399,0.7829,0.78335,1.00,3.00
2008.11.24 10:15:18.599,0.7829,0.7833,1.00,1.40
2008.11.24 10:15:18.839,0.7829,0.78335,1.00,3.00
2008.11.24 10:15:19.128,0.78285,0.7833,1.00,1.40
2008.11.24 10:15:19.928,0.7829,0.7833,1.00,5.20
2008.11.24 10:15:20.228,0.7829,0.78335,1.00,3.00
2008.11.24 10:15:21.068,0.7829,0.78335,1.00,4.60
2008.11.24 10:15:21.398,0.7829,0.78335,1.00,3.00
2008.11.24 10:15:22.707,0.7829,0.78335,1.00,4.60
2008.11.24 10:15:23.177,0.7829,0.78335,1.00,3.00
2008.11.24 10:15:23.297,0.78295,0.78335,1.00,3.00
2008.11.24 10:15:23.588,0.78295,0.78335,1.00,1.40
2008.11.24 10:15:24.027,0.78295,0.7834,1.00,3.00
2008.11.24 10:15:24.307,0.78295,0.78335,1.00,3.00
2008.11.24 10:15:24.777,0.7829,0.78335,4.80,3.00
2008.11.24 10:15:25.127,0.78295,0.78335,1.00,3.00
2008.11.24 10:15:25.427,0.78295,0.78335,1.00,1.60
2008.11.24 10:15:25.717,0.78285,0.7833,1.00,1.40
2008.11.24 10:15:25.987,0.78285,0.7833,1.00,1.40
2008.11.24 10:15:26.327,0.78295,0.78335,1.00,6.80
2008.11.24 10:15:26.607,0.78295,0.7834,1.00,3.60
2008.11.24 10:15:26.777,0.78295,0.7834,1.00,8.40
2008.11.24 10:15:26.896,0.78295,0.7834,1.00,3.60
2008.11.24 10:15:27.126,0.78295,0.7834,1.00,3.00
2008.11.24 10:15:30.106,0.7829,0.78335,4.80,1.40
2008.11.24 10:15:30.496,0.78295,0.7834,1.00,10.00
2008.11.24 10:15:30.896,0.78295,0.7834,1.60,1.40
2008.11.24 10:15:31.175,0.78305,0.78345,1.00,8.40
2008.11.24 10:15:31.345,0.783,0.7834,4.80,1.40
2008.11.24 10:15:31.596,0.783,0.7834,1.00,1.40
2008.11.24 10:15:31.826,0.78295,0.7834,4.80,1.40
2008.11.24 10:15:31.945,0.78295,0.7834,1.00,1.40
2008.11.24 10:15:32.295,0.783,0.7834,1.00,3.00
2008.11.24 10:15:32.585,0.78295,0.78335,1.00,1.40
2008.11.24 10:15:33.045,0.78295,0.7834,1.00,8.40
2008.11.24 10:15:33.285,0.78295,0.7834,1.00,3.00
2008.11.24 10:15:34.085,0.78295,0.7834,4.80,3.00
2008.11.24 10:15:34.315,0.78295,0.7834,1.00,3.00
2008.11.24 10:15:34.835,0.783,0.7834,1.00,1.40
2008.11.24 10:15:35.005,0.78295,0.7834,5.80,1.40
2008.11.24 10:15:37.144,0.783,0.7834,1.60,1.40
2008.11.24 10:15:37.254,0.783,0.78345,1.60,6.80
2008.11.24 10:15:37.584,0.7831,0.7835,1.00,6.80
2008.11.24 10:15:37.764,0.78305,0.7835,4.80,3.00
2008.11.24 10:15:37.884,0.78305,0.7835,1.00,3.00
2008.11.24 10:15:38.594,0.7831,0.7835,1.00,1.60
2008.11.24 10:15:38.754,0.7831,0.78355,1.00,1.40
2008.11.24 10:15:39.174,0.7832,0.7836,1.00,5.20
2008.11.24 10:15:39.444,0.7832,0.7836,1.00,4.80
2008.11.24 10:15:39.663,0.7831,0.78355,1.60,1.40
2008.11.24 10:15:39.884,0.7831,0.78355,7.40,1.40
2008.11.24 10:15:40.173,0.78325,0.78365,1.00,8.40
2008.11.24 10:15:40.703,0.78325,0.78365,1.00,1.40
2008.11.24 10:15:41.503,0.7832,0.78365,1.60,6.80
2008.11.24 10:15:41.734,0.7832,0.78365,1.00,6.80
2008.11.24 10:15:41.963,0.78325,0.78365,1.00,6.80
2008.11.24 10:15:42.203,0.7833,0.7837,1.00,5.20
2008.11.24 10:15:42.433,0.78325,0.78365,5.80,1.40
2008.11.24 10:15:42.653,0.7833,0.7837,1.00,5.20
2008.11.24 10:15:42.883,0.7833,0.78375,1.00,3.00
2008.11.24 10:15:43.113,0.78325,0.7837,1.00,1.40
2008.11.24 10:15:43.352,0.78325,0.7837,1.00,3.00
2008.11.24 10:15:43.642,0.78325,0.7837,1.00,4.60
2008.11.24 10:15:43.812,0.7832,0.7836,4.80,1.40
2008.11.24 10:15:43.982,0.78315,0.78355,2.20,1.40
2008.11.24 10:15:44.222,0.7832,0.78355,1.60,1.40
2008.11.24 10:15:44.443,0.7832,0.78355,6.40,1.40
2008.11.24 10:15:44.612,0.78325,0.78365,1.00,2.00
2008.11.24 10:15:45.062,0.78325,0.78365,7.40,1.40
2008.11.24 10:15:45.562,0.78325,0.78365,5.80,1.40
2008.11.24 10:15:45.792,0.78335,0.7837,1.00,1.00
2008.11.24 10:15:46.132,0.7833,0.7836,5.80,1.40
2008.11.24 10:15:46.362,0.7832,0.7836,7.00,1.40
2008.11.24 10:15:46.762,0.78325,0.78365,1.00,5.20
2008.11.24 10:15:47.032,0.7832,0.7836,4.80,1.40
2008.11.24 10:15:47.332,0.78315,0.7836,2.20,1.40
2008.11.24 10:15:47.542,0.7833,0.78365,1.00,5.20
2008.11.24 10:15:47.872,0.7833,0.78365,1.00,1.00
2008.11.24 10:15:48.161,0.7832,0.78365,1.60,1.40
2008.11.24 10:15:48.511,0.7833,0.7837,1.00,6.80
2008.11.24 10:15:48.681,0.78325,0.78365,1.00,1.40
2008.11.24 10:15:48.851,0.7833,0.7837,1.00,6.80
2008.11.24 10:15:49.021,0.78325,0.78365,2.20,1.40
2008.11.24 10:15:49.192,0.78325,0.7837,2.20,6.80
2008.11.24 10:15:49.251,0.78325,0.7837,2.20,6.20
2008.11.24 10:15:49.361,0.78325,0.7837,2.20,1.40
2008.11.24 10:15:49.541,0.7833,0.7837,1.60,1.40
2008.11.24 10:15:49.661,0.78335,0.78375,1.00,5.20
2008.11.24 10:15:49.831,0.78335,0.7838,1.60,1.40
2008.11.24 10:15:50.241,0.7834,0.78385,1.00,1.40
2008.11.24 10:15:50.951,0.78335,0.7838,1.00,1.40
2008.11.24 10:15:51.171,0.78335,0.7838,1.60,1.40
2008.11.24 10:15:51.451,0.7834,0.7838,1.00,1.40
2008.11.24 10:15:51.571,0.78335,0.78375,1.60,1.40
2008.11.24 10:15:51.751,0.78335,0.7838,1.60,6.80
2008.11.24 10:15:51.870,0.78335,0.7838,1.00,1.40
2008.11.24 10:15:51.990,0.7833,0.78375,7.40,1.40
2008.11.24 10:15:52.331,0.78335,0.7838,1.00,6.80
2008.11.24 10:15:52.620,0.7833,0.7837,7.40,1.40
2008.11.24 10:15:52.920,0.7833,0.78375,1.60,1.40
2008.11.24 10:15:53.200,0.7833,0.7837,1.60,1.40
2008.11.24 10:15:54.540,0.7833,0.7837,1.00,1.40
2008.11.24 10:15:54.880,0.78325,0.78365,2.20,1.40
2008.11.24 10:15:55.180,0.7833,0.7837,1.00,1.40
2008.11.24 10:15:55.829,0.78325,0.7836,2.20,1.40
2008.11.24 10:15:56.240,0.78335,0.7837,1.00,4.80
2008.11.24 10:15:56.699,0.7833,0.78375,1.60,1.40
2008.11.24 10:15:57.939,0.7834,0.7838,1.00,6.80
2008.11.24 10:15:58.219,0.7834,0.7838,1.60,1.40
2008.11.24 10:15:58.390,0.7834,0.7838,1.60,1.40
2008.11.24 10:15:58.739,0.78345,0.7838,1.60,1.40
2008.11.24 10:15:59.309,0.7835,0.78385,1.60,1.40
2008.11.24 10:15:59.629,0.78355,0.78385,1.60,1.40
2008.11.24 10:16:00.708,0.78355,0.7839,1.60,1.40
2008.11.24 10:16:01.059,0.7835,0.78385,1.60,1.40
2008.11.24 10:16:01.588,0.78345,0.78385,1.60,1.40
2008.11.24 10:16:01.708,0.78345,0.7838,1.60,1.40
2008.11.24 10:16:02.158,0.7835,0.7837,1.60,1.40
2008.11.24 10:16:02.368,0.7835,0.78385,1.60,6.80
2008.11.24 10:16:02.658,0.7835,0.7839,1.60,2.00
2008.11.24 10:16:02.878,0.7835,0.7839,1.60,1.40
2008.11.24 10:16:03.168,0.7835,0.7839,1.60,6.80
2008.11.24 10:16:03.568,0.7835,0.7839,3.20,1.40
2008.11.24 10:16:04.038,0.7836,0.78385,1.60,1.40
2008.11.24 10:16:04.308,0.7836,0.784,1.60,1.40
2008.11.24 10:16:05.357,0.78365,0.78405,1.60,6.80
2008.11.24 10:16:05.817,0.78365,0.78405,1.60,1.40
2008.11.24 10:16:06.167,0.78365,0.7841,1.60,8.40
2008.11.24 10:16:06.467,0.78365,0.7841,1.60,3.00
2008.11.24 10:16:07.217,0.78365,0.78405,1.60,1.40
2008.11.24 10:16:07.568,0.78365,0.7841,1.00,6.20
2008.11.24 10:16:07.797,0.7836,0.78395,7.40,1.40
2008.11.24 10:16:08.276,0.7837,0.78395,1.60,1.40
2008.11.24 10:16:08.677,0.7836,0.78405,1.60,6.80
2008.11.24 10:16:09.086,0.78365,0.7841,1.00,1.40
2008.11.24 10:16:09.406,0.78365,0.7841,1.60,1.40
2008.11.24 10:16:10.217,0.7837,0.7841,1.00,1.40
2008.11.24 10:16:10.556,0.7837,0.78415,1.00,1.40
2008.11.24 10:16:11.786,0.7837,0.78415,1.00,6.20
2008.11.24 10:16:12.136,0.7837,0.7841,1.00,1.40
2008.11.24 10:16:12.586,0.78365,0.7841,1.00,1.40
2008.11.24 10:16:12.876,0.7836,0.78405,5.80,1.40
2008.11.24 10:16:13.285,0.78365,0.78405,1.00,1.60
2008.11.24 10:16:13.685,0.7836,0.78405,1.00,3.00
2008.11.24 10:16:14.035,0.7836,0.78405,1.00,1.40
2008.11.24 10:16:14.325,0.78365,0.7841,1.00,4.60
2008.11.24 10:16:14.775,0.7836,0.78405,1.00,3.00
2008.11.24 10:16:15.565,0.78365,0.7841,1.00,3.00
2008.11.24 10:16:15.905,0.78365,0.7841,1.00,8.40
2008.11.24 10:16:16.255,0.78365,0.7841,1.00,3.00
2008.11.24 10:16:18.195,0.7837,0.7841,1.00,1.40
2008.11.24 10:16:18.594,0.78365,0.7841,1.00,1.40
2008.11.24 10:16:18.774,0.78365,0.7841,1.00,3.00
2008.11.24 10:16:20.354,0.78365,0.78405,1.00,1.60
2008.11.24 10:16:20.934,0.7836,0.78405,5.80,3.00
2008.11.24 10:16:21.273,0.7836,0.784,1.00,1.60
2008.11.24 10:16:21.673,0.78355,0.784,5.80,3.00
2008.11.24 10:16:22.113,0.7836,0.784,1.00,1.60
2008.11.24 10:16:22.573,0.78355,0.78395,5.80,1.40
2008.11.24 10:16:22.853,0.78355,0.784,1.00,8.40
2008.11.24 10:16:23.533,0.7835,0.78395,5.80,1.40
2008.11.24 10:16:23.943,0.78355,0.784,1.00,6.80
2008.11.24 10:16:24.223,0.78355,0.784,5.80,1.40
2008.11.24 10:16:24.563,0.7836,0.784,1.00,3.00
2008.11.24 10:16:24.922,0.7836,0.784,1.00,1.40
2008.11.24 10:16:25.332,0.78355,0.784,7.40,1.40
2008.11.24 10:16:27.142,0.78355,0.784,2.60,1.40
2008.11.24 10:16:27.252,0.78355,0.78395,1.60,1.40
2008.11.24 10:16:27.482,0.78355,0.784,1.00,4.60
2008.11.24 10:16:27.832,0.7835,0.78395,1.00,1.40
2008.11.24 10:16:28.881,0.78355,0.784,1.00,8.40
2008.11.24 10:16:29.931,0.78355,0.78395,1.00,1.40
2008.11.24 10:16:30.211,0.78355,0.784,1.00,3.00
2008.11.24 10:16:30.741,0.78355,0.78395,1.00,1.40
2008.11.24 10:16:31.031,0.78355,0.784,1.00,3.00
2008.11.24 10:16:31.311,0.78355,0.78395,1.00,1.40
2008.11.24 10:16:34.050,0.78355,0.784,1.00,1.40
2008.11.24 10:16:34.860,0.78355,0.784,1.60,1.40
2008.11.24 10:16:36.580,0.7836,0.784,1.00,1.40
2008.11.24 10:16:36.800,0.7836,0.78405,5.80,1.40
2008.11.24 10:16:36.980,0.7836,0.78405,1.00,1.40
2008.11.24 10:16:38.339,0.78355,0.784,7.40,1.40
2008.11.24 10:16:38.819,0.78355,0.784,1.60,1.40
2008.11.24 10:16:39.099,0.78355,0.784,7.40,1.40
2008.11.24 10:16:39.379,0.78355,0.784,1.60,1.40
2008.11.24 10:16:39.719,0.7836,0.78405,1.00,6.80
2008.11.24 10:16:40.229,0.7836,0.78405,1.00,1.40
2008.11.24 10:16:42.299,0.7836,0.784,1.00,1.40
2008.11.24 10:16:42.579,0.78355,0.784,7.40,1.40
2008.11.24 10:16:43.268,0.7836,0.78405,1.00,1.40
2008.11.24 10:16:45.268,0.7836,0.78405,1.00,3.00
2008.11.24 10:16:45.897,0.7836,0.78405,1.00,1.40
2008.11.24 10:16:46.377,0.78355,0.784,7.40,1.40
2008.11.24 10:16:46.538,0.78355,0.784,1.60,1.40
2008.11.24 10:16:48.027,0.78355,0.784,2.60,1.40
2008.11.24 10:16:48.257,0.78355,0.784,7.40,1.40
2008.11.24 10:16:49.557,0.78355,0.784,6.40,1.40
2008.11.24 10:16:49.786,0.78355,0.784,1.60,1.40
2008.11.24 10:16:52.196,0.7836,0.784,1.00,1.40
2008.11.24 10:16:53.126,0.78355,0.784,7.40,1.40
2008.11.24 10:16:53.636,0.7836,0.784,1.00,1.40
2008.11.24 10:16:54.965,0.78355,0.784,7.40,1.40
2008.11.24 10:16:55.125,0.78355,0.784,1.60,1.40
2008.11.24 10:16:56.915,0.7836,0.784,1.60,1.40
2008.11.24 10:16:57.075,0.7836,0.78405,1.60,6.80
2008.11.24 10:16:57.375,0.7836,0.78405,1.00,6.80
2008.11.24 10:16:57.635,0.7836,0.78405,1.00,1.40
2008.11.24 10:16:57.984,0.7836,0.784,1.00,1.40
2008.11.24 10:16:58.604,0.7836,0.7839,1.60,1.40
2008.11.24 10:16:58.964,0.7836,0.78395,1.60,6.20
2008.11.24 10:16:59.124,0.7836,0.78395,1.60,1.40
2008.11.24 10:17:02.353,0.7836,0.784,1.60,1.40
2008.11.24 10:17:03.044,0.7836,0.78395,1.60,1.40
2008.11.24 10:17:03.284,0.78365,0.784,1.60,6.80
2008.11.24 10:17:03.623,0.78365,0.78405,1.60,1.40
2008.11.24 10:17:04.103,0.7836,0.784,7.40,1.40
2008.11.24 10:17:04.493,0.7836,0.784,1.00,1.40
2008.11.24 10:17:04.843,0.78355,0.784,1.60,6.20
2008.11.24 10:17:05.283,0.78355,0.784,1.60,6.80
2008.11.24 10:17:05.613,0.78355,0.784,1.60,1.40
2008.11.24 10:17:06.023,0.78355,0.784,1.00,6.80
2008.11.24 10:17:07.442,0.78355,0.78395,1.00,1.40
2008.11.24 10:17:07.982,0.7835,0.78395,7.40,1.40
2008.11.24 10:17:08.092,0.7835,0.78395,6.40,1.40
2008.11.24 10:17:08.272,0.78355,0.78395,1.00,1.40
2008.11.24 10:17:08.612,0.7835,0.78395,7.40,1.40
2008.11.24 10:17:08.842,0.78355,0.78395,1.00,1.40
2008.11.24 10:17:10.972,0.78355,0.784,1.00,6.80
2008.11.24 10:17:11.311,0.78355,0.784,1.00,1.40
2008.11.24 10:17:11.481,0.78355,0.784,1.00,3.00
2008.11.24 10:17:12.621,0.7835,0.78395,1.00,1.40
2008.11.24 10:17:13.081,0.78345,0.7839,2.60,1.40
2008.11.24 10:17:13.431,0.78345,0.7839,1.60,1.40
2008.11.24 10:17:18.680,0.78345,0.7839,2.60,1.40
2008.11.24 10:17:18.969,0.78345,0.7839,7.40,1.40
2008.11.24 10:17:19.269,0.7835,0.78395,1.60,6.80
2008.11.24 10:17:19.439,0.7835,0.78395,1.60,1.40
2008.11.24 10:17:20.959,0.7835,0.7839,1.60,1.40
2008.11.24 10:17:21.529,0.78355,0.78395,1.00,2.00
2008.11.24 10:17:21.859,0.7835,0.78395,1.60,1.40
2008.11.24 10:17:22.949,0.78355,0.784,1.00,3.60
2008.11.24 10:17:23.288,0.7835,0.78395,7.40,1.40
2008.11.24 10:17:23.688,0.78355,0.784,1.00,8.40
2008.11.24 10:17:24.018,0.78355,0.784,1.00,3.00
2008.11.24 10:17:24.818,0.7835,0.78395,1.60,1.40
2008.11.24 10:17:25.058,0.7835,0.78395,7.40,1.40
2008.11.24 10:17:25.398,0.78355,0.78395,1.00,1.40
2008.11.24 10:17:28.437,0.7835,0.78395,6.40,1.40
2008.11.24 10:17:29.287,0.78355,0.78395,1.00,1.40
2008.11.24 10:17:30.497,0.78355,0.784,1.00,6.80
2008.11.24 10:17:30.786,0.78355,0.784,5.80,1.40
2008.11.24 10:17:31.406,0.7836,0.784,1.60,1.40
2008.11.24 10:17:31.866,0.7836,0.78405,1.00,6.80
2008.11.24 10:17:31.986,0.78355,0.784,1.60,1.40
2008.11.24 10:17:32.166,0.78355,0.784,1.00,1.40
2008.11.24 10:17:32.736,0.78355,0.78395,1.00,1.40
2008.11.24 10:17:33.366,0.78355,0.784,1.00,6.80
2008.11.24 10:17:33.656,0.78355,0.784,1.60,6.80
2008.11.24 10:17:33.996,0.78355,0.784,2.60,6.20
2008.11.24 10:17:34.225,0.78355,0.78395,7.40,1.40
2008.11.24 10:17:34.436,0.78355,0.78395,6.40,1.40
2008.11.24 10:17:34.735,0.78355,0.784,1.00,6.20
2008.11.24 10:17:34.966,0.78355,0.784,1.00,1.40
2008.11.24 10:17:37.005,0.78365,0.784,1.60,1.40
2008.11.24 10:17:37.125,0.78365,0.78405,1.60,4.80
2008.11.24 10:17:37.395,0.7837,0.7841,1.00,1.40
2008.11.24 10:17:38.005,0.7837,0.7841,1.60,1.40
2008.11.24 10:17:38.305,0.7837,0.7841,1.60,1.40
2008.11.24 10:17:38.835,0.7837,0.7841,1.60,1.40
2008.11.24 10:17:39.005,0.7837,0.7841,1.60,1.40
2008.11.24 10:17:41.114,0.78365,0.7841,1.60,1.40
2008.11.24 10:17:41.274,0.78365,0.78405,1.60,1.40
2008.11.24 10:17:41.794,0.7837,0.78405,1.60,1.40
2008.11.24 10:17:42.374,0.7837,0.7841,1.60,1.40
2008.11.24 10:17:42.554,0.7837,0.7841,1.60,2.00
2008.11.24 10:17:42.724,0.7837,0.7841,1.60,6.80
2008.11.24 10:17:43.283,0.7836,0.78405,7.40,1.40
2008.11.24 10:17:43.744,0.7836,0.784,1.60,5.20
2008.11.24 10:17:43.983,0.7836,0.784,1.60,6.80
2008.11.24 10:17:44.374,0.7836,0.78405,1.60,1.40
2008.11.24 10:17:44.613,0.7836,0.784,1.60,1.40
2008.11.24 10:17:44.843,0.7836,0.78405,1.60,6.20
2008.11.24 10:17:44.963,0.7836,0.784,1.60,1.40
2008.11.24 10:17:46.323,0.7836,0.784,1.60,6.20
2008.11.24 10:17:46.443,0.7836,0.784,1.60,1.40
2008.11.24 10:17:46.873,0.7836,0.784,1.60,1.40
2008.11.24 10:17:47.992,0.7836,0.784,1.60,1.40
2008.11.24 10:17:48.292,0.7836,0.78405,1.60,1.40
2008.11.24 10:17:48.852,0.78365,0.7841,1.00,1.40
2008.11.24 10:17:49.152,0.78365,0.78405,1.60,1.40
2008.11.24 10:17:49.322,0.78365,0.7841,1.60,1.40
2008.11.24 10:17:49.772,0.78365,0.7841,1.60,6.80
2008.11.24 10:17:50.112,0.78375,0.78415,1.00,6.20
2008.11.24 10:17:50.412,0.7837,0.78415,1.60,1.40
2008.11.24 10:17:50.702,0.78375,0.7842,1.00,1.40
2008.11.24 10:17:51.092,0.7838,0.78425,1.00,3.00
2008.11.24 10:17:51.841,0.78375,0.7842,5.80,3.00
2008.11.24 10:17:52.072,0.78375,0.7842,1.00,3.00
2008.11.24 10:17:52.462,0.7837,0.7841,7.40,1.40
2008.11.24 10:17:52.741,0.78375,0.7842,1.00,1.40
2008.11.24 10:17:53.091,0.78375,0.78415,1.00,1.40
2008.11.24 10:17:53.371,0.7837,0.78415,1.60,1.40
2008.11.24 10:17:53.651,0.7838,0.78425,1.00,3.00
2008.11.24 10:17:53.981,0.78375,0.7842,5.80,1.40
2008.11.24 10:17:54.211,0.78375,0.7842,1.00,1.40
2008.11.24 10:17:54.541,0.78375,0.7842,1.00,6.80
2008.11.24 10:17:54.771,0.7837,0.78415,1.60,1.40
2008.11.24 10:17:55.110,0.7837,0.7841,1.60,1.40
2008.11.24 10:17:55.440,0.7837,0.78415,1.60,1.40
2008.11.24 10:17:56.360,0.7837,0.7841,1.60,1.40
2008.11.24 10:17:57.190,0.78365,0.7841,1.60,1.40
2008.11.24 10:17:57.300,0.78365,0.7841,7.40,1.40
2008.11.24 10:17:57.530,0.7837,0.78415,1.00,1.40
2008.11.24 10:17:57.880,0.78365,0.7841,7.40,1.40
2008.11.24 10:17:58.180,0.78365,0.7841,1.60,1.40
2008.11.24 10:17:58.470,0.7837,0.78415,1.00,6.80
2008.11.24 10:17:58.810,0.7837,0.78415,1.60,6.80
2008.11.24 10:17:59.200,0.7837,0.7841,1.60,1.40
2008.11.24 10:17:59.439,0.7837,0.78415,1.60,6.80
2008.11.24 10:17:59.610,0.7837,0.78415,1.60,2.00
2008.11.24 10:17:59.779,0.7837,0.78415,1.60,1.40
2008.11.24 10:18:00.939,0.7837,0.78415,1.00,1.40
2008.11.24 10:18:01.329,0.78375,0.7842,1.00,8.40
2008.11.24 10:18:01.739,0.78375,0.7842,1.00,1.40
2008.11.24 10:18:02.909,0.7838,0.78425,1.00,3.00
2008.11.24 10:18:03.199,0.78375,0.7842,5.80,1.40
2008.11.24 10:18:03.309,0.78375,0.7842,1.00,1.40
2008.11.24 10:18:03.428,0.78375,0.7842,1.00,1.40
2008.11.24 10:18:04.068,0.7837,0.78415,7.40,1.40
2008.11.24 10:18:04.238,0.7837,0.78415,1.60,1.40
2008.11.24 10:18:04.858,0.78375,0.78415,1.60,1.40
2008.11.24 10:18:05.198,0.7838,0.78425,1.00,1.40
2008.11.24 10:18:05.538,0.7838,0.78425,1.00,6.20
2008.11.24 10:18:05.888,0.78375,0.78415,1.60,1.40
2008.11.24 10:18:07.247,0.78375,0.7842,1.60,1.40
2008.11.24 10:18:07.858,0.78375,0.78415,1.60,1.40
2008.11.24 10:18:09.367,0.78375,0.7842,1.60,1.40
2008.11.24 10:18:10.007,0.78375,0.78415,1.60,1.40
2008.11.24 10:18:12.666,0.78375,0.7842,1.60,6.80
2008.11.24 10:18:12.957,0.78375,0.7841,1.60,1.40
2008.11.24 10:18:13.316,0.78375,0.78405,1.60,1.40
2008.11.24 10:18:13.716,0.7837,0.78405,1.60,1.40
2008.11.24 10:18:14.076,0.7837,0.7841,1.60,1.40
2008.11.24 10:18:14.596,0.7837,0.78405,1.60,1.40
2008.11.24 10:18:15.116,0.7837,0.7841,1.60,6.80
2008.11.24 10:18:15.336,0.7837,0.7841,1.60,1.40
2008.11.24 10:18:16.365,0.78375,0.7841,1.60,1.40
2008.11.24 10:18:16.935,0.7837,0.7841,1.60,1.40
2008.11.24 10:18:17.106,0.78375,0.78415,1.60,6.80
2008.11.24 10:18:17.455,0.78375,0.78415,1.60,1.40
2008.11.24 10:18:18.975,0.78375,0.78415,6.40,1.40
2008.11.24 10:18:19.205,0.78375,0.78415,7.40,1.40
2008.11.24 10:18:19.325,0.7838,0.78425,1.00,3.00
2008.11.24 10:18:19.565,0.78375,0.78415,7.40,1.40
2008.11.24 10:18:19.905,0.78375,0.78415,1.60,1.40
2008.11.24 10:18:19.965,0.78375,0.78415,1.60,1.40
2008.11.24 10:18:21.894,0.78375,0.7842,1.60,1.40
2008.11.24 10:18:22.994,0.78375,0.78415,1.60,1.40
2008.11.24 10:18:23.284,0.78375,0.7842,1.60,1.40
2008.11.24 10:18:24.044,0.7838,0.78425,1.00,6.20
2008.11.24 10:18:24.334,0.78375,0.7842,1.60,1.40
2008.11.24 10:18:24.753,0.7838,0.78425,1.00,7.80
2008.11.24 10:18:25.044,0.7838,0.78425,1.00,3.00
2008.11.24 10:18:26.403,0.7838,0.78425,1.00,7.80
2008.11.24 10:18:26.513,0.7838,0.78425,1.00,6.20
2008.11.24 10:18:26.843,0.78375,0.7842,7.40,1.40
2008.11.24 10:18:27.133,0.78375,0.7842,9.00,1.40
2008.11.24 10:18:27.243,0.78385,0.78425,1.00,6.80
2008.11.24 10:18:27.473,0.78385,0.78425,1.00,2.00
2008.11.24 10:18:27.933,0.78385,0.7843,1.00,6.20
2008.11.24 10:18:28.213,0.7838,0.78425,1.00,1.40
2008.11.24 10:18:30.742,0.78385,0.78425,1.00,1.40
2008.11.24 10:18:31.082,0.7838,0.78425,1.00,1.40
2008.11.24 10:18:31.532,0.7838,0.78425,1.00,6.80
2008.11.24 10:18:31.752,0.7838,0.78425,1.60,6.80
2008.11.24 10:18:31.982,0.7838,0.78425,1.00,6.80
2008.11.24 10:18:32.211,0.7838,0.78425,1.00,2.00
2008.11.24 10:18:32.391,0.7838,0.78425,1.00,1.40
2008.11.24 10:18:32.561,0.7838,0.78425,1.00,6.80
2008.11.24 10:18:33.082,0.78385,0.78425,1.00,6.20
2008.11.24 10:18:33.191,0.78385,0.78425,1.00,1.40
2008.11.24 10:18:33.511,0.78385,0.78425,1.00,1.40
2008.11.24 10:18:33.741,0.7839,0.7843,1.00,3.00
2008.11.24 10:18:33.971,0.78385,0.7843,5.80,3.00
2008.11.24 10:18:34.151,0.78385,0.7843,1.00,3.00
2008.11.24 10:18:36.011,0.7838,0.78425,5.80,1.40
2008.11.24 10:18:36.291,0.78375,0.7842,6.40,1.40
2008.11.24 10:18:36.580,0.78375,0.7842,1.60,1.40
2008.11.24 10:18:37.851,0.78375,0.78415,1.60,1.40
2008.11.24 10:18:38.450,0.7838,0.7842,1.00,1.40
2008.11.24 10:18:39.050,0.78375,0.78415,1.60,1.40
2008.11.24 10:18:40.980,0.78375,0.7842,1.60,1.40
2008.11.24 10:18:42.409,0.78375,0.78415,1.60,1.40
2008.11.24 10:18:43.499,0.7838,0.78425,1.00,2.00
2008.11.24 10:18:43.619,0.7838,0.78425,1.00,1.40
2008.11.24 10:18:48.428,0.78385,0.78425,1.00,1.40
2008.11.24 10:18:49.107,0.7838,0.78425,1.60,1.40
2008.11.24 10:18:49.627,0.7838,0.78425,1.60,6.20
2008.11.24 10:18:49.977,0.7838,0.7842,1.60,1.40
2008.11.24 10:18:50.328,0.7838,0.78425,1.60,6.80
2008.11.24 10:18:50.607,0.7838,0.78425,1.00,6.80
2008.11.24 10:18:51.117,0.78375,0.78415,1.00,1.40
2008.11.24 10:18:51.417,0.78375,0.78415,1.60,1.40
2008.11.24 10:18:51.817,0.78375,0.7842,1.00,2.00
2008.11.24 10:18:52.217,0.7837,0.78415,7.40,1.40
2008.11.24 10:18:52.887,0.7837,0.7841,1.00,1.40
2008.11.24 10:18:53.287,0.78365,0.7841,1.00,1.40
2008.11.24 10:18:55.366,0.7837,0.78415,1.00,6.80
2008.11.24 10:18:55.716,0.78365,0.7841,1.60,6.80
2008.11.24 10:18:56.066,0.78365,0.7841,1.60,1.40
2008.11.24 10:18:56.516,0.78365,0.7841,1.00,1.40
2008.11.24 10:18:56.806,0.78365,0.7841,4.80,1.40
2008.11.24 10:18:57.206,0.78365,0.784,1.60,1.40
2008.11.24 10:18:57.666,0.7836,0.784,1.60,1.40
2008.11.24 10:18:58.185,0.7836,0.78405,1.00,6.80
2008.11.24 10:18:58.585,0.78365,0.7841,1.00,8.40
2008.11.24 10:18:58.935,0.78355,0.784,3.20,6.80
2008.11.24 10:18:59.285,0.7836,0.78395,3.20,1.40
2008.11.24 10:18:59.525,0.7836,0.784,7.40,1.40
2008.11.24 10:18:59.705,0.7836,0.784,1.60,5.20
2008.11.24 10:18:59.935,0.7836,0.784,1.60,1.40
2008.11.24 10:19:00.376,0.7836,0.78405,1.60,6.80
2008.11.24 10:19:00.785,0.7836,0.78405,1.60,1.40
2008.11.24 10:19:01.785,0.7836,0.78405,1.60,6.20
2008.11.24 10:19:02.304,0.7836,0.784,1.60,1.40
2008.11.24 10:19:02.535,0.7836,0.78405,1.60,1.40
2008.11.24 10:19:02.704,0.78365,0.7841,1.00,1.40
2008.11.24 10:19:02.964,0.7836,0.784,7.40,1.40
2008.11.24 10:19:03.244,0.7836,0.78405,6.40,2.00
2008.11.24 10:19:03.634,0.7836,0.78405,1.60,1.40
2008.11.24 10:19:03.974,0.7836,0.78405,1.00,1.40
2008.11.24 10:19:04.294,0.7836,0.784,1.00,1.40
2008.11.24 10:19:06.853,0.78355,0.784,5.80,1.40
2008.11.24 10:19:07.663,0.78355,0.78395,1.00,1.40
2008.11.24 10:19:07.953,0.78355,0.784,1.00,1.40
2008.11.24 10:19:08.623,0.78355,0.784,1.60,1.40
2008.11.24 10:19:10.132,0.78355,0.78395,1.60,1.40
2008.11.24 10:19:10.412,0.78355,0.784,1.00,6.20
2008.11.24 10:19:10.692,0.7835,0.78395,7.40,1.40
2008.11.24 10:19:11.092,0.7835,0.78395,1.60,1.40
2008.11.24 10:19:11.892,0.7835,0.78395,1.00,3.00
2008.11.24 10:19:12.242,0.78345,0.7838,5.80,1.40
2008.11.24 10:19:12.532,0.7835,0.78385,1.00,4.80
2008.11.24 10:19:12.752,0.7834,0.7838,1.00,1.40
2008.11.24 10:19:13.152,0.7834,0.7838,1.00,3.00
2008.11.24 10:19:13.552,0.78335,0.7838,1.00,4.60
2008.11.24 10:19:13.892,0.7833,0.78375,5.80,1.40
2008.11.24 10:19:14.241,0.7833,0.78375,1.00,1.40
2008.11.24 10:19:14.761,0.78325,0.7837,7.40,1.40
2008.11.24 10:19:15.111,0.7833,0.78375,1.00,6.80
2008.11.24 10:19:15.461,0.78335,0.7838,1.00,3.00
2008.11.24 10:19:16.151,0.7833,0.78375,5.80,1.40
2008.11.24 10:19:16.381,0.7833,0.78375,1.00,1.40
2008.11.24 10:19:17.121,0.78325,0.7837,7.40,1.40
2008.11.24 10:19:17.301,0.7833,0.78375,1.00,1.40
2008.11.24 10:19:17.511,0.7833,0.78375,1.00,6.80
2008.11.24 10:19:17.791,0.7833,0.78375,1.00,2.00
2008.11.24 10:19:18.081,0.7833,0.78375,1.00,1.40
2008.11.24 10:19:18.900,0.78335,0.78375,1.00,1.40
2008.11.24 10:19:20.770,0.7834,0.7838,1.00,3.00
2008.11.24 10:19:21.580,0.78335,0.7838,1.00,3.00
2008.11.24 10:19:21.750,0.7834,0.7838,1.00,3.00
2008.11.24 10:19:25.169,0.78335,0.78375,1.00,1.40
2008.11.24 10:19:25.519,0.78335,0.7838,1.00,3.00
2008.11.24 10:19:25.849,0.78335,0.78375,1.00,3.00
2008.11.24 10:19:26.349,0.78335,0.78375,1.00,1.40
2008.11.24 10:19:26.928,0.78335,0.7838,1.00,3.00
2008.11.24 10:19:27.158,0.7834,0.7838,1.00,3.00
2008.11.24 10:19:27.908,0.7834,0.7838,1.00,4.60
2008.11.24 10:19:28.138,0.7833,0.7837,5.80,1.40
2008.11.24 10:19:28.488,0.78325,0.7837,1.00,1.40
2008.11.24 10:19:28.718,0.78335,0.78375,1.00,3.00
2008.11.24 10:19:28.898,0.7833,0.7837,5.80,1.40
2008.11.24 10:19:29.138,0.7833,0.7837,4.80,1.40
2008.11.24 10:19:29.418,0.7833,0.7837,1.00,1.40
2008.11.24 10:19:29.598,0.78325,0.78365,1.00,1.40
2008.11.24 10:19:30.418,0.7833,0.7837,1.00,5.20
2008.11.24 10:19:30.778,0.7833,0.78375,1.00,3.00
2008.11.24 10:19:31.408,0.78325,0.7837,1.00,1.40
2008.11.24 10:19:31.687,0.7833,0.78375,1.00,2.00
2008.11.24 10:19:31.867,0.7833,0.78375,1.00,1.40
2008.11.24 10:19:32.727,0.7833,0.78365,1.00,4.80
2008.11.24 10:19:33.047,0.78325,0.78365,1.60,5.20
2008.11.24 10:19:33.327,0.78325,0.7837,7.40,1.40
2008.11.24 10:19:33.657,0.78335,0.7837,1.60,1.00
2008.11.24 10:19:33.957,0.78335,0.7837,7.40,1.40
2008.11.24 10:19:34.287,0.78335,0.7838,4.80,1.40
2008.11.24 10:19:34.577,0.7833,0.78375,1.60,1.40
2008.11.24 10:19:35.086,0.7833,0.7837,1.60,1.40
2008.11.24 10:19:35.486,0.7833,0.7837,3.20,1.40
2008.11.24 10:19:35.876,0.7833,0.78375,1.60,1.40
2008.11.24 10:19:36.216,0.78335,0.7838,1.00,3.00
2008.11.24 10:19:36.556,0.78325,0.7837,1.60,1.40
2008.11.24 10:19:36.736,0.7832,0.78365,5.80,1.40
2008.11.24 10:19:37.016,0.7832,0.78365,1.00,1.40
2008.11.24 10:19:37.296,0.78315,0.7836,1.00,2.00
2008.11.24 10:19:37.626,0.7831,0.78355,6.40,1.40
2008.11.24 10:19:37.916,0.78315,0.7836,1.00,1.40
2008.11.24 10:19:39.455,0.7833,0.78365,1.00,6.80
2008.11.24 10:19:39.855,0.7833,0.78365,1.00,5.20
2008.11.24 10:19:40.245,0.78325,0.7837,5.80,1.40
2008.11.24 10:19:40.705,0.78325,0.7837,1.00,1.40
2008.11.24 10:19:41.405,0.7832,0.78365,7.40,1.40
2008.11.24 10:19:41.635,0.7833,0.78375,1.00,8.40
2008.11.24 10:19:41.915,0.7833,0.7837,1.00,1.40
2008.11.24 10:19:42.376,0.78325,0.78365,4.80,1.40
2008.11.24 10:19:42.845,0.78325,0.78365,5.80,1.40
2008.11.24 10:19:43.174,0.7832,0.78365,5.80,3.00
2008.11.24 10:19:43.574,0.7832,0.7836,1.00,1.60
2008.11.24 10:19:44.145,0.7832,0.78365,1.00,3.00
2008.11.24 10:19:44.314,0.78315,0.7836,5.80,1.40
2008.11.24 10:19:44.434,0.7832,0.78365,1.00,8.40
2008.11.24 10:19:44.834,0.78315,0.7836,1.00,1.40
2008.11.24 10:19:46.344,0.78315,0.7836,1.00,3.00
2008.11.24 10:19:46.694,0.7832,0.7836,1.00,1.60
2008.11.24 10:19:46.934,0.78315,0.7836,5.80,3.00
2008.11.24 10:19:47.204,0.78315,0.78355,1.00,1.60
2008.11.24 10:19:47.323,0.7831,0.7835,4.80,1.40
2008.11.24 10:19:47.493,0.7831,0.7835,1.00,1.40
2008.11.24 10:19:47.844,0.7831,0.7835,1.00,3.00
2008.11.24 10:19:48.863,0.7831,0.7835,1.00,1.60
2008.11.24 10:19:49.613,0.7831,0.78355,1.00,3.00
2008.11.24 10:19:49.883,0.78315,0.78355,1.00,1.60
2008.11.24 10:19:51.193,0.7831,0.78355,5.80,3.00
2008.11.24 10:19:51.532,0.78315,0.78355,1.00,1.60
2008.11.24 10:19:51.892,0.7831,0.78355,1.00,3.00
2008.11.24 10:19:52.962,0.78315,0.78355,1.00,1.60
2008.11.24 10:19:53.952,0.78315,0.78355,1.00,3.00
2008.11.24 10:19:54.162,0.7831,0.78355,5.80,1.40
2008.11.24 10:19:54.362,0.7831,0.78355,1.00,1.40
2008.11.24 10:19:54.522,0.78315,0.7836,1.00,8.40
2008.11.24 10:19:54.632,0.78315,0.7836,1.00,7.80
2008.11.24 10:19:54.852,0.78315,0.7836,1.00,3.00
2008.11.24 10:19:55.261,0.78315,0.7836,1.00,8.40
2008.11.24 10:19:55.621,0.78315,0.78355,1.00,1.40
2008.11.24 10:19:56.002,0.78325,0.78355,1.00,1.60
2008.11.24 10:19:56.281,0.78325,0.7836,1.00,1.60
2008.11.24 10:19:56.571,0.78325,0.7836,1.00,2.00
2008.11.24 10:19:56.851,0.7832,0.78365,1.00,3.00
2008.11.24 10:19:57.131,0.78325,0.78365,1.00,3.00
2008.11.24 10:19:57.461,0.7833,0.78365,1.00,1.60
2008.11.24 10:19:57.871,0.78325,0.78365,5.80,1.60
2008.11.24 10:19:58.331,0.78325,0.78365,1.00,3.00
2008.11.24 10:19:58.571,0.78325,0.78365,1.00,1.40
2008.11.24 10:19:59.151,0.7833,0.7837,1.00,6.80
2008.11.24 10:19:59.381,0.7833,0.78375,1.00,3.00
2008.11.24 10:19:59.730,0.78335,0.78375,1.00,1.60
2008.11.24 10:20:01.330,0.7833,0.78375,1.00,3.00
2008.11.24 10:20:01.620,0.7833,0.7837,1.00,1.40
2008.11.24 10:20:02.380,0.78325,0.7837,1.00,1.40
2008.11.24 10:20:02.900,0.7832,0.78365,7.40,1.40
2008.11.24 10:20:03.180,0.78325,0.7837,1.00,6.80
2008.11.24 10:20:03.480,0.78325,0.7837,1.00,1.40
2008.11.24 10:20:03.779,0.7833,0.78375,1.00,1.40
2008.11.24 10:20:04.050,0.78335,0.7838,1.00,3.60
2008.11.24 10:20:04.219,0.78335,0.7838,1.00,3.00
2008.11.24 10:20:04.449,0.78335,0.7838,1.00,1.40
2008.11.24 10:20:06.469,0.78335,0.7838,1.00,3.00
2008.11.24 10:20:06.759,0.7833,0.7837,1.60,1.40
2008.11.24 10:20:06.979,0.78335,0.7838,1.00,13.20
2008.11.24 10:20:07.219,0.78335,0.7838,1.00,7.80
2008.11.24 10:20:07.379,0.78335,0.7838,1.00,3.00
2008.11.24 10:20:07.999,0.7833,0.78375,7.40,1.40
2008.11.24 10:20:08.468,0.7833,0.78375,1.00,4.60
2008.11.24 10:20:08.928,0.78325,0.78365,5.80,1.40
2008.11.24 10:20:09.328,0.7833,0.7837,1.00,7.80
2008.11.24 10:20:09.619,0.7833,0.7837,1.00,1.60
2008.11.24 10:20:10.438,0.78325,0.7837,5.80,3.00
2008.11.24 10:20:10.728,0.7833,0.7837,1.00,1.60
2008.11.24 10:20:11.818,0.78325,0.78365,4.80,3.00
2008.11.24 10:20:12.088,0.7833,0.78365,1.00,1.60
2008.11.24 10:20:14.117,0.7833,0.78365,1.00,3.20
2008.11.24 10:20:14.417,0.7832,0.7835,5.80,1.60
2008.11.24 10:20:14.757,0.7831,0.78345,5.80,1.60
2008.11.24 10:20:15.117,0.78305,0.78345,1.00,4.60
2008.11.24 10:20:15.467,0.78295,0.7834,1.00,3.00
2008.11.24 10:20:15.947,0.78295,0.7834,5.80,3.00
2008.11.24 10:20:16.387,0.78295,0.7834,5.80,1.40
2008.11.24 10:20:16.736,0.783,0.78345,4.80,3.00
2008.11.24 10:20:17.026,0.783,0.78345,5.80,3.00
2008.11.24 10:20:17.666,0.783,0.7834,5.80,1.40
2008.11.24 10:20:17.846,0.78295,0.7834,1.00,3.00
2008.11.24 10:20:18.456,0.78305,0.7834,1.00,1.60
2008.11.24 10:20:18.746,0.78305,0.78345,1.00,3.00
2008.11.24 10:20:19.026,0.783,0.78345,1.00,3.00
2008.11.24 10:20:19.186,0.78305,0.78345,1.00,1.60
2008.11.24 10:20:19.945,0.783,0.78345,1.00,3.00
2008.11.24 10:20:20.296,0.78295,0.78335,5.80,1.40
2008.11.24 10:20:20.576,0.78295,0.78335,4.80,1.40
2008.11.24 10:20:21.075,0.78295,0.78335,5.80,1.40
2008.11.24 10:20:21.415,0.783,0.7834,1.00,1.40
2008.11.24 10:20:22.725,0.783,0.78345,1.00,3.00
2008.11.24 10:20:23.065,0.783,0.78345,1.00,1.40
2008.11.24 10:20:23.625,0.78305,0.78345,1.00,1.40
2008.11.24 10:20:23.854,0.78305,0.7835,1.00,3.00
2008.11.24 10:20:24.645,0.7831,0.7835,1.00,3.00
2008.11.24 10:20:25.624,0.78305,0.7835,1.00,3.00
2008.11.24 10:20:26.454,0.78305,0.7835,1.00,1.40
2008.11.24 10:20:26.744,0.7831,0.7835,1.00,3.00
2008.11.24 10:20:27.604,0.783,0.78345,5.80,1.40
2008.11.24 10:20:27.724,0.783,0.78345,4.80,1.40
2008.11.24 10:20:27.834,0.78305,0.78345,1.00,1.40
2008.11.24 10:20:28.354,0.78305,0.7835,1.00,6.80
2008.11.24 10:20:28.823,0.78305,0.7835,1.00,1.40
2008.11.24 10:20:29.384,0.7831,0.7835,1.00,1.40
2008.11.24 10:20:36.302,0.7831,0.7835,1.00,3.00
2008.11.24 10:20:36.642,0.78305,0.78345,5.80,1.40
2008.11.24 10:20:36.922,0.78305,0.7835,1.00,7.80
2008.11.24 10:20:37.262,0.78305,0.7835,1.00,3.00
2008.11.24 10:20:37.671,0.78305,0.7835,1.00,1.40
2008.11.24 10:20:38.171,0.7831,0.7835,1.00,1.40
2008.11.24 10:20:38.461,0.7831,0.7835,1.00,3.00
2008.11.24 10:20:39.441,0.78305,0.7835,5.80,3.00
2008.11.24 10:20:40.011,0.78305,0.78335,5.80,1.40
2008.11.24 10:20:40.331,0.783,0.78335,4.80,1.40
2008.11.24 10:20:40.731,0.78295,0.7834,1.60,1.40
2008.11.24 10:20:41.201,0.783,0.78345,1.00,1.40
2008.11.24 10:20:41.540,0.78305,0.78345,1.00,1.40
2008.11.24 10:20:41.880,0.78305,0.7835,6.40,1.40
2008.11.24 10:20:42.230,0.7831,0.78355,1.00,3.00
2008.11.24 10:20:43.450,0.7831,0.78355,1.00,1.40
2008.11.24 10:20:44.320,0.7831,0.78355,1.00,3.00
2008.11.24 10:20:45.670,0.78305,0.7835,5.80,3.00
2008.11.24 10:20:46.179,0.7831,0.7835,1.00,3.00
2008.11.24 10:20:46.539,0.7831,0.78345,1.00,1.60
2008.11.24 10:20:46.879,0.783,0.7834,1.00,1.40
2008.11.24 10:20:47.169,0.78305,0.78345,1.00,1.40
2008.11.24 10:20:47.769,0.7831,0.7835,1.00,1.40
2008.11.24 10:20:47.999,0.7831,0.78355,1.00,3.00
2008.11.24 10:20:48.349,0.7831,0.78355,1.00,4.60
2008.11.24 10:20:48.629,0.78305,0.78345,5.80,1.40
2008.11.24 10:20:49.009,0.783,0.78345,1.60,1.40
2008.11.24 10:20:49.289,0.783,0.78345,1.00,1.40
2008.11.24 10:20:49.869,0.783,0.78345,1.00,3.00
2008.11.24 10:20:50.148,0.78295,0.7834,5.80,1.40
2008.11.24 10:20:50.448,0.783,0.78345,1.00,8.40
2008.11.24 10:20:50.678,0.783,0.78345,1.00,3.00
2008.11.24 10:20:50.848,0.78295,0.7834,5.80,1.40
2008.11.24 10:20:51.478,0.783,0.78345,1.00,3.00
2008.11.24 10:20:52.168,0.783,0.7834,1.00,1.60
2008.11.24 10:20:52.448,0.783,0.7834,1.00,4.60
2008.11.24 10:20:52.778,0.78295,0.78335,1.00,1.40
2008.11.24 10:20:53.138,0.783,0.7834,1.00,1.60
2008.11.24 10:20:53.427,0.78295,0.7834,7.40,1.40
2008.11.24 10:20:53.767,0.78295,0.7834,5.80,1.40
2008.11.24 10:20:54.107,0.783,0.7834,1.00,1.40
2008.11.24 10:20:54.467,0.783,0.7834,5.80,1.40
2008.11.24 10:20:54.817,0.783,0.78345,4.80,3.00
2008.11.24 10:20:55.177,0.783,0.78345,1.00,3.00
2008.11.24 10:20:55.587,0.78305,0.7835,1.00,8.40
2008.11.24 10:20:55.937,0.78305,0.78345,1.00,1.40
2008.11.24 10:20:56.237,0.783,0.7834,5.80,1.40
2008.11.24 10:20:56.587,0.783,0.78335,5.80,1.40
2008.11.24 10:20:56.917,0.78295,0.7834,1.00,6.80
2008.11.24 10:20:57.087,0.78295,0.7834,1.60,6.80
2008.11.24 10:20:57.257,0.783,0.7834,1.00,1.40
2008.11.24 10:20:57.617,0.78295,0.7834,7.40,1.40
2008.11.24 10:20:57.856,0.78295,0.7834,1.60,1.40
2008.11.24 10:20:58.616,0.78295,0.7834,1.00,1.40
2008.11.24 10:20:59.186,0.783,0.7834,1.00,5.20
2008.11.24 10:20:59.636,0.78305,0.7835,1.00,3.00
2008.11.24 10:21:00.096,0.78305,0.7835,1.00,1.40
2008.11.24 10:21:00.446,0.78305,0.7835,1.60,1.40
2008.11.24 10:21:01.016,0.7831,0.78355,1.00,1.40
2008.11.24 10:21:01.646,0.78315,0.78355,1.00,1.40
2008.11.24 10:21:01.926,0.78315,0.7836,1.00,4.60
2008.11.24 10:21:02.505,0.78315,0.78355,1.00,1.40
2008.11.24 10:21:02.675,0.78315,0.7836,1.00,4.60
2008.11.24 10:21:03.125,0.78315,0.78355,1.00,1.40
2008.11.24 10:21:03.365,0.7831,0.78355,5.80,1.40
2008.11.24 10:21:03.825,0.7831,0.78355,1.00,1.40
2008.11.24 10:21:05.885,0.7831,0.7835,1.00,1.40
2008.11.24 10:21:06.285,0.7831,0.78355,1.00,1.40
2008.11.24 10:21:06.734,0.7831,0.78355,5.80,3.00
2008.11.24 10:21:07.114,0.7831,0.78355,1.00,3.00
2008.11.24 10:21:07.694,0.7831,0.78355,1.00,4.60
2008.11.24 10:21:07.814,0.78305,0.7835,4.80,1.40
2008.11.24 10:21:08.094,0.78305,0.7835,1.00,1.40
2008.11.24 10:21:09.234,0.7831,0.78355,1.00,10.00
2008.11.24 10:21:09.524,0.78305,0.7835,1.00,1.40
2008.11.24 10:21:10.283,0.7831,0.78355,1.60,6.80
2008.11.24 10:21:10.574,0.78325,0.7836,1.00,4.80
2008.11.24 10:21:10.803,0.78325,0.7837,1.00,3.00
2008.11.24 10:21:11.143,0.78325,0.7837,1.00,1.40
2008.11.24 10:21:11.413,0.7833,0.78375,1.00,10.00
2008.11.24 10:21:12.053,0.78325,0.7837,1.00,1.40
2008.11.24 10:21:12.643,0.7833,0.7837,1.00,1.40
2008.11.24 10:21:12.993,0.78325,0.7837,7.40,1.40
2008.11.24 10:21:13.283,0.78325,0.7837,1.60,1.40
2008.11.24 10:21:13.583,0.7833,0.78375,1.00,1.40
2008.11.24 10:21:13.913,0.78325,0.7837,5.80,1.40
2008.11.24 10:21:14.362,0.78325,0.78365,1.00,1.40
2008.11.24 10:21:14.822,0.78325,0.78365,1.00,4.60
2008.11.24 10:21:15.162,0.7831,0.78355,7.40,1.40
2008.11.24 10:21:15.482,0.7831,0.78355,6.40,1.40
2008.11.24 10:21:15.772,0.7831,0.7835,1.60,1.40
2008.11.24 10:21:17.852,0.78315,0.7835,1.60,1.40
2008.11.24 10:21:18.352,0.7831,0.7835,1.60,1.40
2008.11.24 10:21:18.741,0.78305,0.78345,1.60,1.40
2008.11.24 10:21:19.091,0.78305,0.7834,1.60,1.40
2008.11.24 10:21:19.371,0.783,0.7834,1.60,1.40
2008.11.24 10:21:19.651,0.78305,0.78345,1.00,5.20
2008.11.24 10:21:20.001,0.7831,0.78345,1.60,1.40
2008.11.24 10:21:20.351,0.783,0.7834,7.40,1.40
2008.11.24 10:21:20.691,0.78295,0.7834,1.60,1.40
2008.11.24 10:21:21.031,0.78295,0.7833,1.60,1.40
2008.11.24 10:21:21.391,0.7828,0.7832,2.60,1.40
2008.11.24 10:21:21.811,0.78275,0.7832,1.60,1.40
2008.11.24 10:21:22.271,0.78275,0.78315,1.60,1.40
2008.11.24 10:21:22.731,0.7827,0.78315,1.60,1.40
2008.11.24 10:21:23.650,0.7827,0.78315,3.20,1.40
2008.11.24 10:21:24.000,0.7828,0.7832,1.00,1.60
2008.11.24 10:21:24.520,0.7828,0.7832,1.00,1.40
2008.11.24 10:21:24.750,0.78285,0.78325,1.00,3.00
2008.11.24 10:21:24.920,0.7828,0.78325,5.80,3.00
2008.11.24 10:21:25.790,0.7828,0.7832,5.80,1.40
2008.11.24 10:21:26.139,0.7828,0.78325,1.00,3.00
2008.11.24 10:21:26.470,0.78275,0.7832,5.80,1.40
2008.11.24 10:21:26.939,0.7828,0.78325,1.00,3.00
2008.11.24 10:21:27.699,0.7828,0.7832,1.00,1.40
2008.11.24 10:21:28.219,0.78275,0.7832,2.60,1.40
2008.11.24 10:21:28.379,0.7828,0.7832,1.00,1.40
2008.11.24 10:21:28.849,0.7828,0.78325,4.80,2.00
2008.11.24 10:21:29.149,0.7828,0.7832,1.00,1.40
2008.11.24 10:21:29.769,0.7828,0.78325,1.00,2.00
2008.11.24 10:21:30.059,0.7828,0.78325,1.00,1.40
2008.11.24 10:21:30.518,0.7828,0.7832,1.00,1.40
2008.11.24 10:21:32.658,0.7828,0.78325,1.00,1.40
2008.11.24 10:21:33.638,0.7828,0.78325,1.60,1.40
2008.11.24 10:21:46.165,0.7828,0.78325,7.40,1.40
2008.11.24 10:21:46.385,0.78285,0.7833,1.00,1.40
2008.11.24 10:21:47.434,0.78285,0.78325,1.00,1.40
2008.11.24 10:21:47.874,0.78285,0.7833,1.00,6.20
2008.11.24 10:21:47.934,0.78285,0.7833,1.00,1.40
2008.11.24 10:21:48.854,0.7828,0.78325,7.40,1.40
2008.11.24 10:21:49.254,0.78285,0.7833,1.00,6.80
2008.11.24 10:21:49.664,0.78285,0.7833,1.00,1.40
2008.11.24 10:21:50.344,0.7829,0.78335,1.00,8.40
2008.11.24 10:21:50.634,0.7829,0.78335,1.00,3.00
2008.11.24 10:21:50.983,0.78295,0.78335,1.00,3.00
2008.11.24 10:21:51.383,0.7829,0.78335,1.00,3.00
2008.11.24 10:21:51.724,0.7829,0.7833,1.00,1.60
2008.11.24 10:21:52.294,0.78285,0.7833,1.00,3.00
2008.11.24 10:21:52.473,0.7829,0.7833,1.00,1.60
2008.11.24 10:21:56.202,0.78285,0.7833,5.80,3.00
2008.11.24 10:21:56.432,0.78285,0.7833,1.00,3.00
2008.11.24 10:21:57.242,0.7829,0.78335,1.00,8.40
2008.11.24 10:21:57.523,0.7829,0.78335,1.00,7.80
2008.11.24 10:21:57.762,0.78285,0.7833,5.80,1.40
2008.11.24 10:21:58.002,0.7829,0.78335,5.80,1.40
2008.11.24 10:21:58.172,0.7829,0.78335,1.00,1.40
2008.11.24 10:21:58.462,0.78285,0.7833,1.00,1.40
2008.11.24 10:21:58.812,0.78295,0.78335,1.00,1.40
2008.11.24 10:21:59.112,0.7829,0.78335,1.00,1.40
2008.11.24 10:21:59.752,0.7829,0.78335,1.00,3.00
2008.11.24 10:22:00.222,0.7829,0.78335,1.00,1.40
2008.11.24 10:22:00.561,0.78295,0.78335,1.00,1.40
2008.11.24 10:22:01.081,0.78295,0.7834,1.00,6.80
2008.11.24 10:22:01.441,0.78295,0.7834,1.00,1.40
2008.11.24 10:22:01.901,0.783,0.7834,1.00,1.60
2008.11.24 10:22:02.301,0.78295,0.78335,1.00,1.40
2008.11.24 10:22:02.641,0.78295,0.7834,1.00,3.00
2008.11.24 10:22:02.941,0.783,0.7834,1.00,1.60
2008.11.24 10:22:03.321,0.78295,0.78335,4.80,1.40
2008.11.24 10:22:03.661,0.78295,0.7834,1.00,1.40
2008.11.24 10:22:04.240,0.783,0.78345,1.00,3.00
2008.11.24 10:22:05.460,0.78305,0.78345,1.00,1.60
2008.11.24 10:22:05.800,0.78305,0.7835,1.00,8.40
2008.11.24 10:22:06.090,0.78305,0.7835,1.00,2.00
2008.11.24 10:22:06.380,0.78305,0.7835,1.00,1.40
2008.11.24 10:22:06.620,0.783,0.78345,6.40,1.40
2008.11.24 10:22:06.890,0.7831,0.7835,1.00,1.40
2008.11.24 10:22:07.350,0.78305,0.7835,5.80,1.40
2008.11.24 10:22:07.530,0.78305,0.7835,1.00,1.40
2008.11.24 10:22:07.989,0.78305,0.7835,1.00,6.80
2008.11.24 10:22:08.449,0.78305,0.7835,1.00,8.40
2008.11.24 10:22:08.899,0.7831,0.7835,1.00,3.00
2008.11.24 10:22:09.419,0.7831,0.7835,1.00,9.40
2008.11.24 10:22:09.839,0.78295,0.7834,1.60,1.40
2008.11.24 10:22:10.009,0.783,0.78345,1.00,6.80
2008.11.24 10:22:10.240,0.78295,0.7834,1.60,1.40
2008.11.24 10:22:12.448,0.783,0.78345,1.00,6.80
2008.11.24 10:22:12.848,0.783,0.78345,1.00,1.40
2008.11.24 10:22:13.018,0.783,0.78345,1.00,3.00
2008.11.24 10:22:13.418,0.78295,0.78335,1.00,1.40
2008.11.24 10:22:14.468,0.78295,0.7834,1.00,1.40
2008.11.24 10:22:15.668,0.78295,0.78335,1.00,1.40
2008.11.24 10:22:16.478,0.7829,0.78335,1.60,1.40
2008.11.24 10:22:16.758,0.7829,0.78335,1.60,6.80
2008.11.24 10:22:17.287,0.7829,0.78335,1.60,1.40
2008.11.24 10:22:17.578,0.78295,0.78335,1.00,1.40
2008.11.24 10:22:17.757,0.78295,0.7834,1.00,6.80
2008.11.24 10:22:18.227,0.78295,0.7834,1.60,1.40
2008.11.24 10:22:18.927,0.78295,0.7834,7.40,1.40
2008.11.24 10:22:19.337,0.78295,0.7834,1.60,1.40
2008.11.24 10:22:19.507,0.78295,0.7834,1.00,1.40
2008.11.24 10:22:19.726,0.78295,0.78335,1.00,5.20
2008.11.24 10:22:20.007,0.78295,0.7834,1.00,1.40
2008.11.24 10:22:22.316,0.783,0.7834,1.60,1.40
2008.11.24 10:22:22.546,0.783,0.78345,1.60,6.80
2008.11.24 10:22:22.606,0.783,0.78345,1.60,1.40
2008.11.24 10:22:23.066,0.78305,0.78345,1.00,1.40
2008.11.24 10:22:24.026,0.783,0.7834,1.00,1.40
2008.11.24 10:22:24.306,0.783,0.7834,1.00,3.00
2008.11.24 10:22:24.655,0.78295,0.78335,4.80,1.40
2008.11.24 10:22:24.815,0.78295,0.78335,1.00,1.40
2008.11.24 10:22:25.955,0.7829,0.78335,1.00,3.00
2008.11.24 10:22:26.355,0.7829,0.78335,1.00,8.40
2008.11.24 10:22:26.695,0.78285,0.7833,1.00,1.40
2008.11.24 10:22:29.094,0.78285,0.7833,1.60,1.40
2008.11.24 10:22:29.324,0.7829,0.78335,1.00,2.00
2008.11.24 10:22:29.554,0.78295,0.78335,1.00,1.40
2008.11.24 10:22:31.524,0.7829,0.78335,1.60,1.40
2008.11.24 10:22:33.083,0.7829,0.78335,1.00,2.00
2008.11.24 10:22:33.203,0.7829,0.78335,1.00,6.80
2008.11.24 10:22:34.073,0.7829,0.78335,1.00,8.40
2008.11.24 10:22:34.303,0.7829,0.78335,1.00,10.00
2008.11.24 10:22:34.673,0.78285,0.78325,5.80,1.40
2008.11.24 10:22:34.843,0.78285,0.7833,1.00,7.80
2008.11.24 10:22:34.963,0.78285,0.7833,1.00,3.00
2008.11.24 10:22:35.123,0.7828,0.78325,5.80,3.00
2008.11.24 10:22:35.173,0.7828,0.78325,1.00,3.00
2008.11.24 10:22:35.233,0.78275,0.7832,1.00,1.40
2008.11.24 10:22:35.343,0.78275,0.7832,1.00,1.40
2008.11.24 10:22:35.733,0.78285,0.78325,1.00,1.40
2008.11.24 10:22:36.083,0.78285,0.7833,1.00,8.40
2008.11.24 10:22:36.483,0.78285,0.78325,1.00,1.60
2008.11.24 10:22:36.993,0.7828,0.78325,5.80,3.00
2008.11.24 10:22:37.232,0.7828,0.78325,1.00,3.00
2008.11.24 10:22:37.472,0.7828,0.7832,1.00,1.40
2008.11.24 10:22:38.382,0.7828,0.7832,1.00,3.00
2008.11.24 10:22:39.322,0.7828,0.7832,1.00,1.60
2008.11.24 10:22:39.672,0.7828,0.78325,1.00,3.00
2008.11.24 10:22:39.852,0.7828,0.7832,1.00,1.40
2008.11.24 10:22:40.382,0.7828,0.78325,1.00,8.40
2008.11.24 10:22:40.672,0.7828,0.78325,1.00,7.80
2008.11.24 10:22:41.012,0.7828,0.7832,1.00,1.40
2008.11.24 10:22:44.061,0.7829,0.78325,1.00,5.20
2008.11.24 10:22:44.351,0.7829,0.7833,1.00,3.00
2008.11.24 10:22:44.521,0.7828,0.78325,1.00,1.40
2008.11.24 10:22:44.641,0.7828,0.78325,1.00,1.40
2008.11.24 10:22:44.820,0.78285,0.78325,1.00,1.40
2008.11.24 10:22:45.490,0.7828,0.78325,5.80,1.40
2008.11.24 10:22:46.300,0.7828,0.7832,5.80,1.40
2008.11.24 10:22:46.760,0.7828,0.7832,1.00,1.40
2008.11.24 10:22:47.330,0.7828,0.78325,1.00,3.00
2008.11.24 10:22:47.860,0.7828,0.7832,1.00,1.40
2008.11.24 10:22:48.320,0.78275,0.7832,5.80,1.40
2008.11.24 10:22:48.550,0.78275,0.7832,1.00,1.40
2008.11.24 10:22:48.780,0.78275,0.7832,5.80,1.40
2008.11.24 10:22:48.999,0.7828,0.7832,1.00,1.40
2008.11.24 10:22:54.928,0.7828,0.78325,1.00,3.00
2008.11.24 10:22:55.168,0.7828,0.78325,5.80,3.00
2008.11.24 10:22:57.257,0.7828,0.7832,5.80,1.40
2008.11.24 10:22:57.538,0.78275,0.7832,1.00,1.40
2008.11.24 10:22:57.657,0.7828,0.7832,1.00,1.40
2008.11.24 10:23:03.356,0.78275,0.7832,1.00,1.40
2008.11.24 10:23:04.116,0.7828,0.7832,1.00,1.40
2008.11.24 10:23:05.705,0.78275,0.7832,1.00,1.40
2008.11.24 10:23:06.295,0.7828,0.7832,1.00,1.40
2008.11.24 10:23:09.375,0.7828,0.78325,1.00,3.00
2008.11.24 10:23:11.834,0.7828,0.7832,1.00,1.40
2008.11.24 10:23:12.694,0.7828,0.78325,1.00,3.00
2008.11.24 10:23:14.253,0.7828,0.7832,1.00,1.40
2008.11.24 10:23:16.213,0.7828,0.78325,1.00,8.40
2008.11.24 10:23:16.503,0.7828,0.78325,1.00,3.00
2008.11.24 10:23:16.683,0.7828,0.7832,1.00,1.40
2008.11.24 10:23:17.413,0.78275,0.7832,7.40,1.40
2008.11.24 10:23:17.593,0.78275,0.7832,1.60,1.40
2008.11.24 10:23:18.053,0.7828,0.7832,1.00,1.40
2008.11.24 10:23:22.222,0.7828,0.78325,1.00,3.00
2008.11.24 10:23:22.741,0.78275,0.7832,1.60,1.40
2008.11.24 10:23:23.041,0.7828,0.7832,1.00,1.40
2008.11.24 10:23:23.921,0.7828,0.78325,1.00,3.00
2008.11.24 10:23:24.741,0.7828,0.78325,1.00,1.40
2008.11.24 10:23:25.261,0.7828,0.78325,1.60,1.40
2008.11.24 10:23:25.611,0.7829,0.78335,1.00,8.40
2008.11.24 10:23:25.881,0.7829,0.78335,1.00,6.80
2008.11.24 10:23:26.340,0.7829,0.7833,1.60,1.40
2008.11.24 10:23:26.680,0.78295,0.78335,4.80,1.00
2008.11.24 10:23:26.860,0.78295,0.7834,5.80,1.40
2008.11.24 10:23:29.270,0.78295,0.7834,4.80,1.40
2008.11.24 10:23:29.330,0.78295,0.7834,1.00,1.40
2008.11.24 10:23:31.319,0.7829,0.78335,6.40,1.40
2008.11.24 10:23:31.550,0.7829,0.78335,7.40,1.40
2008.11.24 10:23:32.129,0.78295,0.7834,1.00,1.40
2008.11.24 10:23:35.648,0.7829,0.78335,7.40,1.40
2008.11.24 10:23:35.918,0.78295,0.7834,1.00,6.80
2008.11.24 10:23:36.158,0.78295,0.7834,1.00,1.40
2008.11.24 10:23:36.798,0.78295,0.78335,1.00,1.40
2008.11.24 10:23:38.068,0.7829,0.78335,7.40,1.40
2008.11.24 10:23:38.178,0.7829,0.78335,1.60,6.80
2008.11.24 10:23:38.578,0.78295,0.78335,1.00,1.40
2008.11.24 10:23:41.277,0.78295,0.7834,5.80,1.40
2008.11.24 10:23:41.617,0.78295,0.78335,1.60,1.40
2008.11.24 10:23:42.607,0.78295,0.7834,7.40,1.40
2008.11.24 10:23:43.127,0.78295,0.7834,1.60,1.40
2008.11.24 10:23:44.226,0.78295,0.7834,2.60,1.40
2008.11.24 10:23:44.636,0.783,0.78345,1.00,1.40
2008.11.24 10:23:45.536,0.783,0.78345,1.00,2.00
2008.11.24 10:23:45.826,0.78295,0.7834,6.40,1.40
2008.11.24 10:23:46.126,0.78305,0.78345,1.00,6.80
2008.11.24 10:23:46.466,0.78305,0.78345,1.00,1.40
2008.11.24 10:23:46.906,0.78295,0.7834,7.40,1.40
2008.11.24 10:23:47.256,0.78305,0.78345,1.00,1.40
2008.11.24 10:23:48.525,0.78305,0.7835,1.00,10.00
2008.11.24 10:23:48.915,0.78295,0.7834,7.40,1.40
2008.11.24 10:23:49.205,0.783,0.78345,1.60,1.40
2008.11.24 10:23:49.665,0.7831,0.78355,1.00,8.40
2008.11.24 10:23:49.955,0.7831,0.78355,1.00,3.00
2008.11.24 10:23:50.774,0.78315,0.7836,1.00,8.40
2008.11.24 10:23:51.125,0.78315,0.78355,1.00,1.40
2008.11.24 10:23:51.704,0.7831,0.78355,5.80,1.40
2008.11.24 10:23:51.995,0.78315,0.78355,1.00,1.40
2008.11.24 10:23:52.734,0.7831,0.78355,5.80,1.40
2008.11.24 10:23:53.184,0.78315,0.78355,1.00,1.40
2008.11.24 10:23:55.165,0.78315,0.7836,1.00,3.00
2008.11.24 10:23:55.324,0.78315,0.7836,1.00,1.40
2008.11.24 10:23:55.674,0.7832,0.78365,1.00,1.40
2008.11.24 10:23:57.323,0.78325,0.7837,1.60,6.20
2008.11.24 10:23:57.713,0.78325,0.78365,1.60,1.40
2008.11.24 10:23:57.943,0.7833,0.7837,1.00,5.20
2008.11.24 10:23:58.453,0.7833,0.78375,1.00,1.40
2008.11.24 10:23:59.143,0.78325,0.7837,7.40,1.40
2008.11.24 10:23:59.432,0.78335,0.7838,1.00,10.00
2008.11.24 10:24:00.062,0.78335,0.78375,1.00,1.60
2008.11.24 10:24:00.472,0.7833,0.78375,5.80,4.60
2008.11.24 10:24:00.753,0.7833,0.7837,1.00,1.60
2008.11.24 10:24:01.382,0.78325,0.7837,5.80,3.00
2008.11.24 10:24:02.242,0.78325,0.7837,1.00,3.00
2008.11.24 10:24:02.542,0.7832,0.78365,1.00,1.40
2008.11.24 10:24:02.882,0.7832,0.78365,1.00,3.00
2008.11.24 10:24:04.611,0.7832,0.78365,1.00,1.40
2008.11.24 10:24:04.902,0.78325,0.78365,1.00,1.40
2008.11.24 10:24:05.601,0.7832,0.78365,5.80,1.40
2008.11.24 10:24:05.781,0.78325,0.78365,1.00,1.40
2008.11.24 10:24:06.181,0.78325,0.78365,1.00,4.60
2008.11.24 10:24:06.531,0.7831,0.78355,1.60,1.40
2008.11.24 10:24:06.921,0.7831,0.7835,1.60,1.40
2008.11.24 10:24:07.101,0.7831,0.7835,1.00,1.40
2008.11.24 10:24:07.581,0.78305,0.7835,4.80,1.40
2008.11.24 10:24:07.870,0.78305,0.7835,1.00,1.40
2008.11.24 10:24:08.200,0.78305,0.7835,1.00,2.00
2008.11.24 10:24:08.430,0.783,0.78345,2.60,1.40
2008.11.24 10:24:08.720,0.783,0.7834,1.60,1.40
2008.11.24 10:24:09.181,0.783,0.78345,1.60,1.40
2008.11.24 10:24:09.660,0.78305,0.7835,1.00,1.40
2008.11.24 10:24:10.080,0.7831,0.7835,1.00,1.40
2008.11.24 10:24:11.000,0.78305,0.7835,1.00,1.40
2008.11.24 10:24:11.290,0.7831,0.7835,1.00,1.40
2008.11.24 10:24:11.869,0.7831,0.78355,1.00,3.00
2008.11.24 10:24:12.220,0.7831,0.7835,1.00,3.00
2008.11.24 10:24:12.500,0.78305,0.7835,1.00,3.00
2008.11.24 10:24:12.729,0.783,0.78345,7.40,1.40
2008.11.24 10:24:13.119,0.783,0.78345,1.60,1.40
2008.11.24 10:24:13.349,0.78305,0.7835,1.00,1.40
2008.11.24 10:24:20.107,0.783,0.78345,4.80,3.00
2008.11.24 10:24:20.228,0.783,0.78345,1.00,4.60
2008.11.24 10:24:20.348,0.783,0.78345,1.00,9.40
2008.11.24 10:24:20.468,0.7829,0.7833,7.40,1.40
2008.11.24 10:24:20.868,0.7829,0.7833,1.60,1.40
2008.11.24 10:24:21.257,0.78295,0.7834,1.00,6.80
2008.11.24 10:24:21.597,0.78295,0.7834,5.80,1.40
2008.11.24 10:24:22.107,0.7829,0.78325,2.60,1.40
2008.11.24 10:24:22.337,0.78285,0.78325,1.60,1.40
2008.11.24 10:24:22.627,0.78285,0.7833,1.60,1.40
2008.11.24 10:24:23.037,0.7829,0.78335,1.00,2.00
2008.11.24 10:24:23.327,0.7829,0.78335,1.60,1.40
2008.11.24 10:24:24.366,0.7829,0.78335,1.00,1.40
2008.11.24 10:24:24.897,0.7829,0.7833,1.00,1.40
2008.11.24 10:24:25.186,0.78285,0.7833,1.00,1.40
2008.11.24 10:24:25.356,0.7828,0.78325,7.40,1.40
2008.11.24 10:24:25.876,0.7828,0.78325,6.40,1.40
2008.11.24 10:24:26.296,0.7828,0.78325,1.00,4.60
2008.11.24 10:24:26.636,0.78275,0.7832,4.80,3.00
2008.11.24 10:24:27.026,0.78275,0.78315,1.00,1.60
2008.11.24 10:24:27.366,0.7827,0.78315,4.80,3.00
2008.11.24 10:24:27.776,0.78275,0.7832,1.00,5.20
2008.11.24 10:24:28.116,0.78275,0.7832,1.00,4.60
2008.11.24 10:24:29.045,0.78275,0.7832,1.00,5.20
2008.11.24 10:24:29.326,0.78275,0.7832,1.00,10.00
2008.11.24 10:24:29.845,0.78275,0.7832,1.00,4.60
2008.11.24 10:24:30.185,0.78275,0.7832,1.00,3.00
2008.11.24 10:24:30.475,0.78275,0.7832,1.00,1.40
2008.11.24 10:24:32.415,0.78275,0.7832,1.00,3.00
2008.11.24 10:24:33.594,0.7827,0.78315,7.40,1.40
2008.11.24 10:24:33.894,0.7827,0.78315,1.00,1.40
2008.11.24 10:24:33.954,0.7827,0.78315,1.00,1.40
2008.11.24 10:24:35.164,0.7828,0.7832,1.00,1.40
2008.11.24 10:24:35.894,0.78275,0.7832,1.60,1.40
2008.11.24 10:24:36.124,0.7828,0.7832,1.00,1.40
2008.11.24 10:24:37.144,0.78285,0.78325,1.00,3.00
2008.11.24 10:24:38.963,0.7828,0.78325,1.00,3.00
2008.11.24 10:24:39.763,0.7828,0.78325,5.80,3.00
2008.11.24 10:24:40.063,0.7828,0.7832,5.80,1.40
2008.11.24 10:24:40.423,0.7828,0.7832,1.00,1.40
2008.11.24 10:24:40.593,0.78285,0.78325,1.00,1.40
2008.11.24 10:24:42.442,0.7829,0.7833,1.00,3.00
2008.11.24 10:24:42.732,0.7829,0.7833,1.00,1.40
2008.11.24 10:24:43.012,0.78295,0.78335,1.00,4.60
2008.11.24 10:24:43.232,0.78295,0.78335,1.00,3.00
2008.11.24 10:24:43.862,0.7829,0.78335,1.00,1.40
2008.11.24 10:24:44.362,0.78295,0.78335,1.00,3.00
2008.11.24 10:24:44.582,0.7829,0.7833,1.00,1.40
2008.11.24 10:24:45.242,0.7829,0.78335,1.00,1.40
2008.11.24 10:24:45.591,0.78285,0.7833,1.60,1.40
2008.11.24 10:24:45.932,0.78285,0.7833,1.00,1.40
2008.11.24 10:24:46.322,0.78285,0.7833,1.00,3.00
2008.11.24 10:24:46.651,0.7828,0.7832,1.60,1.40
2008.11.24 10:25:07.256,0.7828,0.78325,1.60,1.40
2008.11.24 10:25:07.496,0.7828,0.7832,1.60,1.40
2008.11.24 10:25:10.465,0.7828,0.78325,1.60,1.40
2008.11.24 10:25:11.745,0.78285,0.78325,1.00,1.40
2008.11.24 10:25:12.085,0.7829,0.7833,1.00,6.80
2008.11.24 10:25:12.365,0.7829,0.7833,1.00,4.80
2008.11.24 10:25:12.655,0.7829,0.78335,1.00,1.40
2008.11.24 10:25:14.534,0.7829,0.78335,1.60,1.40
2008.11.24 10:25:15.014,0.78295,0.78335,1.00,1.40
2008.11.24 10:25:15.664,0.78295,0.7834,1.60,6.20
2008.11.24 10:25:15.944,0.78295,0.7834,1.60,1.40
2008.11.24 10:25:17.004,0.78295,0.78335,1.00,1.40
2008.11.24 10:25:19.643,0.7829,0.78335,1.60,1.40
2008.11.24 10:25:20.693,0.78295,0.78335,1.00,1.40
2008.11.24 10:25:21.273,0.78295,0.7834,1.00,8.40
2008.11.24 10:25:21.453,0.78295,0.7834,1.00,3.00
2008.11.24 10:25:21.673,0.78295,0.78335,1.00,1.40
2008.11.24 10:25:27.911,0.78295,0.7834,1.00,3.00
2008.11.24 10:25:30.021,0.78295,0.7834,1.00,7.80
2008.11.24 10:25:30.191,0.78295,0.78335,1.00,1.40
2008.11.24 10:25:30.930,0.78295,0.7834,1.00,3.60
2008.11.24 10:25:31.340,0.78295,0.7834,1.00,1.40
2008.11.24 10:25:32.260,0.78295,0.7834,1.60,1.40
2008.11.24 10:25:32.490,0.783,0.7834,1.00,1.40
2008.11.24 10:25:32.940,0.783,0.78345,1.00,1.40
2008.11.24 10:25:33.350,0.78295,0.7834,7.40,1.40
2008.11.24 10:25:33.580,0.78295,0.7834,2.60,1.40
2008.11.24 10:25:33.800,0.783,0.7834,1.00,1.40
2008.11.24 10:25:33.970,0.783,0.78345,1.00,1.40
2008.11.24 10:25:36.029,0.783,0.7834,1.00,1.40
2008.11.24 10:25:36.619,0.78295,0.7834,7.40,1.40
2008.11.24 10:25:37.599,0.78295,0.7834,1.60,1.40
2008.11.24 10:25:38.189,0.78295,0.7834,2.60,1.40
2008.11.24 10:25:38.299,0.78295,0.7834,7.40,1.40
2008.11.24 10:25:39.228,0.78295,0.7834,1.60,1.40
2008.11.24 10:25:39.528,0.78295,0.7834,7.40,1.40
2008.11.24 10:25:41.328,0.78295,0.7834,6.40,1.40
2008.11.24 10:25:41.498,0.78295,0.7834,1.60,1.40
2008.11.24 10:25:41.888,0.783,0.7834,1.00,1.40
2008.11.24 10:25:43.887,0.78305,0.78345,1.00,1.40
2008.11.24 10:25:44.997,0.783,0.78345,5.80,1.40
2008.11.24 10:25:45.557,0.783,0.78345,1.00,1.40
2008.11.24 10:25:48.057,0.783,0.7834,1.00,1.40
2008.11.24 10:25:48.226,0.78295,0.7834,7.40,1.40
2008.11.24 10:25:48.566,0.783,0.7834,1.00,1.40
2008.11.24 10:25:49.296,0.783,0.78345,1.00,3.00
2008.11.24 10:25:49.806,0.783,0.78345,1.60,1.40
2008.11.24 10:25:50.026,0.78305,0.7835,1.00,6.80
2008.11.24 10:25:50.206,0.78305,0.7835,1.00,1.40
2008.11.24 10:25:55.525,0.78305,0.78345,1.00,6.80
2008.11.24 10:25:55.695,0.78305,0.78345,1.00,1.40
2008.11.24 10:25:56.094,0.783,0.78345,1.00,1.40
2008.11.24 10:25:56.394,0.783,0.7834,1.00,1.40
2008.11.24 10:25:56.734,0.78295,0.7834,7.40,1.40
2008.11.24 10:25:59.893,0.78305,0.78345,1.00,6.80
2008.11.24 10:26:00.123,0.78305,0.78345,1.00,6.20
2008.11.24 10:26:00.234,0.78305,0.78345,1.00,1.40
2008.11.24 10:26:01.053,0.783,0.7834,1.00,1.40
2008.11.24 10:26:01.333,0.78295,0.7834,7.40,1.40
2008.11.24 10:26:01.973,0.783,0.78345,1.00,6.80
2008.11.24 10:26:02.093,0.783,0.78345,1.00,1.40
2008.11.24 10:26:03.003,0.78305,0.78345,1.00,1.40
2008.11.24 10:26:04.412,0.783,0.7834,5.80,1.40
2008.11.24 10:26:04.672,0.78295,0.7834,5.80,1.40
2008.11.24 10:26:05.272,0.78295,0.7834,1.00,1.40
2008.11.24 10:26:08.861,0.783,0.78345,1.00,7.80
2008.11.24 10:26:09.091,0.783,0.78345,1.00,3.00
2008.11.24 10:26:09.151,0.78305,0.78345,1.00,3.00
2008.11.24 10:26:09.431,0.783,0.78345,1.00,8.40
2008.11.24 10:26:09.861,0.78305,0.78345,1.00,1.40
2008.11.24 10:26:10.221,0.783,0.78345,1.00,1.40
2008.11.24 10:26:11.212,0.783,0.78345,1.60,1.40
2008.11.24 10:26:11.561,0.78305,0.7835,1.00,3.00
2008.11.24 10:26:12.321,0.78305,0.7835,1.00,8.40
2008.11.24 10:26:12.720,0.78305,0.7835,1.00,3.00
2008.11.24 10:26:14.380,0.78305,0.78345,1.00,1.40
2008.11.24 10:26:15.370,0.783,0.78345,1.00,1.40
2008.11.24 10:26:22.168,0.783,0.78345,1.00,3.00
2008.11.24 10:26:22.678,0.783,0.78345,1.00,1.40
2008.11.24 10:26:23.358,0.78305,0.78345,1.00,3.00
2008.11.24 10:26:24.248,0.78305,0.7834,1.00,1.60
2008.11.24 10:26:24.817,0.78295,0.7834,1.00,3.00
2008.11.24 10:26:25.107,0.78295,0.7834,5.80,3.00
2008.11.24 10:26:25.287,0.78295,0.7834,5.80,1.40
2008.11.24 10:26:26.207,0.78295,0.7834,5.80,3.00
2008.11.24 10:26:26.837,0.78295,0.7834,1.00,3.00
2008.11.24 10:26:27.787,0.783,0.7834,1.00,3.00
2008.11.24 10:26:27.966,0.783,0.7834,1.00,1.40
2008.11.24 10:26:28.367,0.783,0.78345,1.00,4.60
2008.11.24 10:26:30.426,0.783,0.7834,1.00,1.40
2008.11.24 10:26:30.946,0.78295,0.7834,1.00,1.40
2008.11.24 10:26:33.065,0.783,0.78345,1.00,10.00
2008.11.24 10:26:33.116,0.783,0.78345,1.00,4.60
2008.11.24 10:26:34.485,0.783,0.78345,1.00,3.00
2008.11.24 10:26:34.815,0.78305,0.78345,1.00,3.00
2008.11.24 10:26:35.055,0.783,0.78345,5.80,3.00
2008.11.24 10:26:35.505,0.783,0.78345,1.00,3.00
2008.11.24 10:26:35.925,0.78305,0.78345,1.00,3.00
2008.11.24 10:26:42.453,0.78305,0.78345,1.00,1.60
2008.11.24 10:26:44.463,0.78305,0.7835,1.60,1.40
2008.11.24 10:26:44.703,0.7831,0.78355,1.60,6.80
2008.11.24 10:26:44.943,0.78315,0.78355,1.00,1.40
2008.11.24 10:26:45.123,0.78315,0.7836,1.00,1.40
2008.11.24 10:26:45.532,0.78315,0.7836,1.00,1.40
2008.11.24 10:26:45.712,0.78315,0.7836,5.80,1.40
2008.11.24 10:26:45.822,0.78315,0.7836,4.80,3.00
2008.11.24 10:26:46.152,0.78315,0.7836,1.00,3.00
2008.11.24 10:26:47.202,0.78315,0.7836,1.00,4.60
2008.11.24 10:26:47.542,0.7831,0.78355,5.80,1.40
2008.11.24 10:26:47.722,0.7831,0.78355,4.80,1.40
2008.11.24 10:26:48.112,0.7831,0.78354,4.80,1.20
2008.11.24 10:26:48.282,0.78315,0.78354,1.00,1.20
2008.11.24 10:26:48.512,0.78315,0.78355,1.00,4.60
2008.11.24 10:26:49.512,0.7831,0.78345,5.80,1.60
2008.11.24 10:26:49.682,0.7831,0.78349,1.00,1.20
2008.11.24 10:26:49.981,0.7831,0.78355,1.00,4.60
2008.11.24 10:26:50.321,0.7831,0.78355,1.00,10.00
2008.11.24 10:26:50.541,0.78305,0.7835,1.00,1.40
2008.11.24 10:26:50.761,0.7831,0.7835,1.00,1.40
2008.11.24 10:26:51.801,0.7831,0.78355,1.00,4.60
2008.11.24 10:26:52.081,0.78305,0.7835,4.80,1.40
2008.11.24 10:26:52.541,0.7831,0.78355,1.00,10.00
2008.11.24 10:26:53.001,0.7831,0.78355,1.00,4.60
2008.11.24 10:26:53.240,0.7831,0.7835,1.00,4.60
2008.11.24 10:26:54.160,0.78305,0.7835,1.00,4.60
2008.11.24 10:26:55.320,0.78305,0.78345,1.00,1.60
2008.11.24 10:26:55.660,0.783,0.7834,5.80,1.40
2008.11.24 10:26:55.820,0.783,0.7834,1.00,1.40
2008.11.24 10:26:55.990,0.783,0.78345,1.00,4.60
2008.11.24 10:26:57.200,0.783,0.78345,1.00,1.40
2008.11.24 10:26:57.610,0.7831,0.7835,1.00,7.80
2008.11.24 10:26:57.729,0.7831,0.7835,1.00,3.00
2008.11.24 10:26:58.120,0.7831,0.7835,1.00,1.40
2008.11.24 10:26:58.959,0.78305,0.7835,5.80,1.40
2008.11.24 10:26:59.139,0.78305,0.7835,1.00,1.40
2008.11.24 10:26:59.309,0.78305,0.7835,1.00,1.40
2008.11.24 10:27:00.099,0.78305,0.7835,1.00,3.00
2008.11.24 10:27:00.449,0.7831,0.7835,1.00,3.00
2008.11.24 10:27:00.789,0.7831,0.7835,1.00,1.40
2008.11.24 10:27:01.998,0.7831,0.78355,1.00,10.00
2008.11.24 10:27:02.288,0.7831,0.7835,1.00,1.40
2008.11.24 10:27:02.818,0.78305,0.7835,5.80,1.40
2008.11.24 10:27:03.048,0.78305,0.7835,1.00,1.40
2008.11.24 10:27:03.228,0.78305,0.7835,1.00,1.40
2008.11.24 10:27:05.858,0.78305,0.78345,1.00,3.20
2008.11.24 10:27:05.977,0.78305,0.78345,1.00,8.00
2008.11.24 10:27:06.137,0.78295,0.7834,1.00,1.40
2008.11.24 10:27:06.367,0.78295,0.78335,1.00,1.40
2008.11.24 10:27:06.477,0.78295,0.7834,1.00,1.40
2008.11.24 10:27:08.067,0.78295,0.7834,1.00,3.00
2008.11.24 10:27:08.657,0.78295,0.78335,1.00,1.60
2008.11.24 10:27:09.127,0.7829,0.78335,1.00,3.00
2008.11.24 10:27:09.577,0.78285,0.7833,1.60,1.40
2008.11.24 10:27:09.806,0.78285,0.7833,1.00,1.40
2008.11.24 10:27:10.946,0.78285,0.7833,1.00,3.00
2008.11.24 10:27:11.356,0.78295,0.78335,1.00,9.40
2008.11.24 10:27:11.826,0.7829,0.78335,5.80,4.60
2008.11.24 10:27:12.176,0.78295,0.78335,1.00,4.60
2008.11.24 10:27:12.506,0.78295,0.7833,1.00,1.60
2008.11.24 10:27:12.846,0.7829,0.78325,1.00,1.60
2008.11.24 10:27:13.146,0.78285,0.78325,5.80,1.60
2008.11.24 10:27:13.416,0.78285,0.78325,1.00,1.60
2008.11.24 10:27:13.786,0.78285,0.7833,1.00,3.00
2008.11.24 10:27:14.076,0.78285,0.7833,1.00,7.80
2008.11.24 10:27:14.435,0.7829,0.7833,1.00,1.60
2008.11.24 10:27:15.056,0.7829,0.7833,1.00,3.00
2008.11.24 10:27:15.525,0.7829,0.7833,1.00,1.60
2008.11.24 10:27:16.005,0.78295,0.7833,1.00,1.60
2008.11.24 10:27:19.784,0.78295,0.7833,1.00,3.20
2008.11.24 10:27:19.944,0.78295,0.78325,1.00,1.60
2008.11.24 10:27:20.104,0.78295,0.78325,1.00,3.20
2008.11.24 10:27:20.394,0.78295,0.7832,1.00,3.20
2008.11.24 10:27:20.794,0.7828,0.7832,1.00,4.60
2008.11.24 10:27:21.124,0.78275,0.78315,1.00,1.60
2008.11.24 10:27:21.424,0.78275,0.78315,1.00,3.00
2008.11.24 10:27:21.773,0.78275,0.78315,1.00,3.20
2008.11.24 10:27:23.324,0.7827,0.78315,5.80,4.60
2008.11.24 10:27:23.544,0.7827,0.78315,1.00,4.60
2008.11.24 10:27:24.183,0.78265,0.7831,5.80,1.40
2008.11.24 10:27:24.293,0.78265,0.7831,4.80,1.40
2008.11.24 10:27:24.473,0.78265,0.7831,1.00,1.40
2008.11.24 10:27:24.873,0.7826,0.783,6.40,1.40
2008.11.24 10:27:25.153,0.7826,0.783,1.00,1.40
2008.11.24 10:27:26.423,0.7826,0.783,1.00,3.00
2008.11.24 10:27:26.883,0.78255,0.783,5.80,3.00
2008.11.24 10:27:27.172,0.78255,0.783,1.00,3.00
2008.11.24 10:27:27.463,0.78255,0.783,1.00,1.40
2008.11.24 10:27:27.802,0.7826,0.78305,1.00,10.00
2008.11.24 10:27:27.922,0.7826,0.783,1.00,1.60
2008.11.24 10:27:28.152,0.78265,0.783,1.00,1.60
2008.11.24 10:27:29.162,0.7826,0.783,1.00,1.60
2008.11.24 10:27:32.211,0.7826,0.78305,1.00,1.40
2008.11.24 10:27:32.321,0.78265,0.7831,1.00,10.00
2008.11.24 10:27:32.491,0.78265,0.7831,1.00,8.40
2008.11.24 10:27:32.611,0.78265,0.7831,1.00,3.00
2008.11.24 10:27:32.722,0.78265,0.7831,1.00,1.40
2008.11.24 10:27:33.301,0.78265,0.7831,1.00,3.00
2008.11.24 10:27:33.591,0.78265,0.7831,1.00,4.60
2008.11.24 10:27:33.761,0.78265,0.7831,1.00,9.40
2008.11.24 10:27:33.941,0.7826,0.78305,1.00,1.40
2008.11.24 10:27:34.181,0.7826,0.78305,1.00,1.40
2008.11.24 10:27:34.411,0.7826,0.78305,1.00,3.00
2008.11.24 10:27:35.621,0.7826,0.78305,1.00,4.60
2008.11.24 10:27:35.790,0.7826,0.783,1.00,1.40
2008.11.24 10:27:36.460,0.7826,0.78305,1.00,8.40
2008.11.24 10:27:38.620,0.7826,0.78305,1.00,7.80
2008.11.24 10:27:38.679,0.7826,0.78305,1.00,3.00
2008.11.24 10:27:44.129,0.7826,0.78305,1.00,4.60
2008.11.24 10:27:44.598,0.78255,0.783,1.00,1.40
2008.11.24 10:27:44.888,0.7826,0.78305,1.00,5.20
2008.11.24 10:27:45.228,0.7826,0.783,1.00,1.40
2008.11.24 10:27:45.758,0.78255,0.783,1.00,1.40
2008.11.24 10:27:46.148,0.7826,0.78305,1.00,7.80
2008.11.24 10:27:46.478,0.7826,0.78305,1.00,1.40
2008.11.24 10:27:46.828,0.78265,0.78305,1.00,1.40
2008.11.24 10:27:47.168,0.78265,0.78305,4.80,1.40
2008.11.24 10:27:47.518,0.78265,0.7831,1.00,3.00
2008.11.24 10:27:47.807,0.7827,0.7831,1.00,1.60
2008.11.24 10:27:48.867,0.78275,0.78315,1.00,1.60
2008.11.24 10:27:49.487,0.78275,0.78319,1.00,1.20
2008.11.24 10:27:49.727,0.78275,0.7832,1.00,4.60
2008.11.24 10:27:50.087,0.78275,0.78315,1.00,1.60
2008.11.24 10:27:50.547,0.78275,0.78315,1.00,3.20
2008.11.24 10:27:50.937,0.7827,0.78315,1.00,4.60
2008.11.24 10:27:51.217,0.7827,0.7831,1.00,1.60
2008.11.24 10:27:52.586,0.7827,0.78315,1.00,8.40
2008.11.24 10:27:52.857,0.7827,0.78315,1.00,3.00
2008.11.24 10:27:53.326,0.78275,0.78315,1.00,1.60
2008.11.24 10:27:53.676,0.78275,0.78314,1.00,1.20
2008.11.24 10:27:53.956,0.78275,0.78315,1.00,3.00
2008.11.24 10:27:54.226,0.7827,0.7831,1.00,3.20
2008.11.24 10:27:54.576,0.7827,0.78305,1.00,1.60
2008.11.24 10:27:54.856,0.78265,0.78305,1.00,3.00
2008.11.24 10:27:55.196,0.78265,0.7831,1.00,3.00
2008.11.24 10:27:55.536,0.7827,0.7831,1.00,1.60
2008.11.24 10:27:56.065,0.78265,0.7831,1.00,3.00
2008.11.24 10:27:56.415,0.7826,0.78305,5.80,1.40
2008.11.24 10:27:56.775,0.78265,0.78305,1.00,1.40
2008.11.24 10:27:57.115,0.78265,0.78305,1.00,3.00
2008.11.24 10:27:57.475,0.7826,0.783,1.00,1.40
2008.11.24 10:27:58.155,0.78255,0.783,1.00,1.40
2008.11.24 10:27:58.385,0.78255,0.783,1.00,9.40
2008.11.24 10:27:58.665,0.78255,0.783,1.00,10.00
2008.11.24 10:27:58.835,0.7825,0.78295,1.00,1.40
2008.11.24 10:28:00.205,0.7825,0.78295,1.00,3.00
2008.11.24 10:28:00.504,0.7825,0.78295,1.00,9.40
2008.11.24 10:28:00.784,0.7825,0.7829,1.00,1.40
2008.11.24 10:28:01.324,0.7825,0.78295,1.00,6.80
2008.11.24 10:28:01.724,0.7825,0.78295,1.60,1.40
2008.11.24 10:28:03.484,0.78255,0.783,1.00,4.60
2008.11.24 10:28:03.953,0.7826,0.783,1.00,4.60
2008.11.24 10:28:04.234,0.78255,0.783,5.80,4.60
2008.11.24 10:28:04.403,0.78255,0.783,1.00,4.60
2008.11.24 10:28:04.564,0.7825,0.78295,7.40,1.40
2008.11.24 10:28:05.163,0.7825,0.78295,1.60,1.40
2008.11.24 10:28:05.923,0.78255,0.783,1.00,10.00
2008.11.24 10:28:06.273,0.78255,0.783,1.00,4.60
2008.11.24 10:28:06.713,0.78255,0.783,1.00,3.00
2008.11.24 10:28:08.483,0.7826,0.783,1.00,3.00
2008.11.24 10:28:09.462,0.78255,0.783,5.80,3.00
2008.11.24 10:28:09.752,0.78255,0.783,1.00,3.00
2008.11.24 10:28:15.211,0.78255,0.783,1.00,4.60
2008.11.24 10:28:16.700,0.78255,0.783,1.00,3.00
2008.11.24 10:28:21.679,0.7826,0.783,1.00,3.00
2008.11.24 10:28:22.139,0.78255,0.783,1.00,3.00
2008.11.24 10:28:22.539,0.7825,0.78295,7.40,1.40
2008.11.24 10:28:22.709,0.78255,0.783,1.00,4.60
2008.11.24 10:28:22.879,0.7826,0.78305,1.00,8.40
2008.11.24 10:28:23.109,0.78265,0.78305,1.00,6.80
2008.11.24 10:28:23.289,0.78265,0.7831,1.00,3.00
2008.11.24 10:28:23.449,0.78265,0.78305,1.00,1.40
2008.11.24 10:28:23.849,0.78265,0.7831,1.00,10.00
2008.11.24 10:28:24.128,0.78265,0.7831,1.00,9.40
2008.11.24 10:28:24.229,0.78265,0.78305,1.00,1.40
2008.11.24 10:28:25.378,0.78265,0.7831,1.00,10.00
2008.11.24 10:28:25.899,0.78265,0.7831,1.00,3.00
2008.11.24 10:28:26.078,0.78265,0.78305,1.00,1.60
2008.11.24 10:28:27.938,0.7827,0.78305,1.00,1.60
2008.11.24 10:28:28.268,0.78265,0.78305,5.80,1.60
2008.11.24 10:28:28.518,0.78265,0.78305,4.80,1.60
2008.11.24 10:28:28.628,0.78265,0.78305,1.00,1.60
2008.11.24 10:28:28.918,0.78265,0.78305,1.00,3.00
2008.11.24 10:28:33.736,0.78265,0.78305,1.00,1.60
2008.11.24 10:28:34.546,0.78265,0.78305,1.00,3.00
2008.11.24 10:28:35.116,0.7826,0.78305,1.00,3.00
2008.11.24 10:28:35.396,0.78255,0.783,5.80,1.40
2008.11.24 10:28:35.686,0.7826,0.78305,1.00,8.40
2008.11.24 10:28:35.916,0.7826,0.78305,1.00,3.00
2008.11.24 10:28:37.466,0.78255,0.783,5.80,1.40
2008.11.24 10:28:37.695,0.78255,0.783,1.00,1.40
2008.11.24 10:28:40.755,0.7826,0.783,1.00,1.40
2008.11.24 10:28:40.925,0.7826,0.78305,1.00,8.40
2008.11.24 10:28:41.265,0.7826,0.78305,1.00,3.00
2008.11.24 10:28:41.654,0.78265,0.78305,1.00,3.00
2008.11.24 10:28:44.054,0.78265,0.78305,1.00,1.60
2008.11.24 10:28:47.203,0.78265,0.78305,1.00,3.00
2008.11.24 10:28:48.953,0.78265,0.78305,1.00,1.60
2008.11.24 10:28:49.183,0.7826,0.78305,1.00,3.00
2008.11.24 10:28:50.322,0.7826,0.78305,5.80,1.40
2008.11.24 10:28:50.862,0.78275,0.7831,1.00,1.60
2008.11.24 10:28:51.102,0.7827,0.7831,1.00,1.60
2008.11.24 10:28:51.782,0.7827,0.7831,1.00,3.20
2008.11.24 10:28:52.502,0.7827,0.7831,1.00,4.60
2008.11.24 10:28:54.671,0.7827,0.7831,1.00,3.20
2008.11.24 10:28:55.472,0.78265,0.7831,4.80,4.60
2008.11.24 10:28:55.531,0.78265,0.7831,1.00,4.60
2008.11.24 10:28:55.691,0.78265,0.78305,1.00,1.40
2008.11.24 10:28:56.091,0.78265,0.7831,1.00,10.00
2008.11.24 10:28:56.481,0.78265,0.7831,1.00,4.60
2008.11.24 10:28:59.250,0.78265,0.783,1.00,1.60
2008.11.24 10:28:59.470,0.7826,0.783,5.80,1.40
2008.11.24 10:28:59.870,0.78255,0.783,1.00,1.40
2008.11.24 10:29:00.880,0.78255,0.783,1.00,4.60
2008.11.24 10:29:01.220,0.7825,0.78295,1.00,1.40
2008.11.24 10:29:01.779,0.7825,0.7829,1.00,1.40
2008.11.24 10:29:04.209,0.7825,0.78295,1.00,1.40
2008.11.24 10:29:06.638,0.78255,0.783,1.00,6.80
2008.11.24 10:29:06.868,0.78255,0.783,1.00,1.40
2008.11.24 10:29:07.098,0.78255,0.783,1.00,3.00
2008.11.24 10:29:07.398,0.78255,0.783,1.00,4.60
2008.11.24 10:29:08.088,0.7825,0.7829,5.80,3.00
2008.11.24 10:29:08.368,0.7825,0.7829,1.00,3.00
2008.11.24 10:29:08.538,0.78245,0.78285,5.80,1.40
2008.11.24 10:29:08.768,0.78245,0.78285,1.00,1.40
2008.11.24 10:29:09.058,0.7824,0.78285,1.00,1.40
2008.11.24 10:29:14.187,0.7824,0.78285,1.00,3.00
2008.11.24 10:29:14.366,0.78235,0.7828,5.80,1.40
2008.11.24 10:29:14.696,0.7824,0.78285,1.00,3.60
2008.11.24 10:29:14.866,0.7824,0.78285,1.00,3.00
2008.11.24 10:29:16.686,0.78235,0.7828,5.80,1.40
2008.11.24 10:29:17.086,0.78235,0.7828,1.00,1.40
2008.11.24 10:29:17.436,0.78245,0.7828,1.00,1.60
2008.11.24 10:29:17.836,0.78235,0.7828,5.80,3.00
2008.11.24 10:29:18.065,0.78235,0.7828,1.00,3.00
2008.11.24 10:29:18.286,0.78235,0.7828,1.00,3.00
2008.11.24 10:29:19.165,0.78235,0.7828,1.00,4.60
2008.11.24 10:29:19.335,0.78235,0.78275,1.00,1.60
2008.11.24 10:29:19.685,0.7823,0.78275,1.00,3.00
2008.11.24 10:29:20.025,0.78235,0.78275,1.00,3.00
2008.11.24 10:29:20.305,0.78235,0.78275,1.00,1.60
2008.11.24 10:29:20.655,0.7823,0.78275,5.80,4.60
2008.11.24 10:29:20.975,0.7823,0.7827,1.00,1.60
2008.11.24 10:29:21.375,0.7823,0.78275,1.00,3.00
2008.11.24 10:29:21.715,0.78235,0.78275,5.80,3.20
2008.11.24 10:29:21.955,0.78235,0.78275,1.00,3.20
2008.11.24 10:29:22.645,0.78235,0.78275,1.00,1.40
2008.11.24 10:29:22.974,0.78235,0.78275,1.00,1.60
2008.11.24 10:29:23.264,0.78225,0.7827,1.60,1.40
2008.11.24 10:29:24.684,0.7823,0.78275,1.00,3.60
2008.11.24 10:29:24.904,0.7823,0.78275,1.00,3.00
2008.11.24 10:29:25.254,0.78235,0.7828,1.00,8.40
2008.11.24 10:29:25.484,0.7823,0.78275,4.80,1.40
2008.11.24 10:29:25.804,0.7823,0.78275,1.00,1.40
2008.11.24 10:29:26.764,0.78225,0.7827,1.60,6.80
2008.11.24 10:29:27.063,0.7823,0.78275,1.00,6.80
2008.11.24 10:29:27.363,0.7823,0.78275,1.00,1.40
2008.11.24 10:29:27.653,0.7823,0.78275,1.00,1.40
2008.11.24 10:29:28.433,0.78235,0.7828,1.00,8.40
2008.11.24 10:29:28.774,0.78235,0.7828,1.00,3.00
2008.11.24 10:29:32.222,0.7824,0.78285,1.00,10.00
2008.11.24 10:29:32.582,0.7824,0.78285,1.00,4.60
2008.11.24 10:29:36.371,0.7824,0.78285,1.00,3.00
2008.11.24 10:29:36.611,0.78245,0.78285,1.00,1.60
2008.11.24 10:29:39.450,0.7825,0.78285,1.00,1.60
2008.11.24 10:29:39.900,0.78245,0.78285,1.00,1.60
2008.11.24 10:29:40.250,0.78245,0.7829,1.00,4.60
2008.11.24 10:29:44.129,0.78245,0.78285,1.00,1.40
2008.11.24 10:29:44.469,0.78245,0.78285,1.00,3.00
2008.11.24 10:29:44.799,0.78235,0.7828,1.00,1.40
2008.11.24 10:29:47.229,0.78235,0.7828,1.00,3.00
2008.11.24 10:30:00.315,0.78235,0.78275,1.00,3.20
2008.11.24 10:30:00.535,0.7823,0.78275,5.80,4.60
2008.11.24 10:30:00.765,0.7823,0.7827,5.80,1.60
2008.11.24 10:30:01.885,0.7823,0.78265,5.80,1.40
2008.11.24 10:30:02.125,0.7823,0.7827,4.80,4.60
2008.11.24 10:30:02.365,0.78225,0.78265,1.00,1.60
2008.11.24 10:30:03.175,0.78225,0.78265,1.00,3.20
2008.11.24 10:30:03.474,0.7822,0.78255,5.80,1.40
2008.11.24 10:30:03.654,0.7822,0.7826,1.00,1.60
2008.11.24 10:30:04.104,0.78215,0.78255,5.80,1.40
2008.11.24 10:30:04.335,0.7822,0.7826,1.00,1.60
2008.11.24 10:30:04.604,0.78215,0.78255,5.80,1.40
2008.11.24 10:30:04.884,0.78215,0.78255,4.80,1.40
2008.11.24 10:30:05.054,0.78215,0.7826,1.00,3.60
2008.11.24 10:30:05.214,0.78215,0.7826,1.00,3.00
2008.11.24 10:30:05.844,0.7822,0.7826,1.00,1.60
2008.11.24 10:30:06.384,0.7822,0.7826,5.80,1.40
2008.11.24 10:30:06.894,0.7822,0.7826,1.00,1.40
2008.11.24 10:30:07.254,0.78225,0.78265,1.00,1.60
2008.11.24 10:30:07.713,0.7822,0.7826,5.80,1.40
2008.11.24 10:30:07.893,0.78225,0.78265,5.80,1.60
2008.11.24 10:30:08.063,0.7823,0.78265,1.00,1.60
2008.11.24 10:30:08.173,0.78225,0.78265,5.80,1.60
2008.11.24 10:30:08.344,0.78225,0.78265,4.80,1.60
2008.11.24 10:30:08.634,0.78225,0.78265,1.00,1.60
2008.11.24 10:30:08.933,0.78225,0.7826,5.80,3.20
2008.11.24 10:30:09.103,0.7822,0.7826,1.00,4.60
2008.11.24 10:30:09.443,0.78215,0.7826,4.80,5.20
2008.11.24 10:30:09.733,0.78215,0.7826,5.80,4.60
2008.11.24 10:30:10.303,0.78215,0.7826,1.00,5.20
2008.11.24 10:30:10.653,0.7822,0.7826,1.00,3.00
2008.11.24 10:30:11.103,0.78215,0.7826,5.80,1.40
2008.11.24 10:30:11.733,0.7822,0.7826,1.00,3.60
2008.11.24 10:30:12.023,0.7822,0.7826,1.00,1.60
2008.11.24 10:30:12.363,0.7822,0.78265,1.00,3.00
2008.11.24 10:30:12.702,0.7822,0.7825,1.00,1.60
2008.11.24 10:30:13.152,0.7821,0.78255,1.00,8.40
2008.11.24 10:30:13.442,0.78205,0.78245,5.80,1.40
2008.11.24 10:30:13.792,0.7821,0.78245,1.00,1.60
2008.11.24 10:30:14.022,0.78205,0.7824,5.80,1.40
2008.11.24 10:30:14.312,0.782,0.7824,1.00,1.40
2008.11.24 10:30:14.592,0.782,0.78245,1.00,4.60
2008.11.24 10:30:15.112,0.782,0.7824,1.00,1.60
2008.11.24 10:30:15.402,0.78195,0.7824,1.00,7.80
2008.11.24 10:30:15.632,0.782,0.7824,1.00,1.60
2008.11.24 10:30:16.162,0.782,0.7824,1.00,3.00
2008.11.24 10:30:17.061,0.782,0.7824,1.00,4.60
2008.11.24 10:30:17.391,0.78195,0.78235,5.80,1.40
2008.11.24 10:30:17.601,0.7819,0.78235,1.00,1.40
2008.11.24 10:30:18.181,0.782,0.7824,1.00,1.40
2008.11.24 10:30:18.621,0.782,0.7824,1.00,3.00
2008.11.24 10:30:19.141,0.782,0.7824,1.00,4.60
2008.11.24 10:30:19.781,0.7819,0.78235,1.00,1.40
2008.11.24 10:30:20.141,0.782,0.7824,1.00,3.00
2008.11.24 10:30:20.320,0.78195,0.7824,1.00,3.00
2008.11.24 10:30:20.490,0.78195,0.7824,1.00,3.00
2008.11.24 10:30:23.050,0.78195,0.7824,1.00,1.40
2008.11.24 10:30:23.160,0.782,0.78245,1.00,8.40
2008.11.24 10:30:23.400,0.782,0.78245,1.00,3.60
2008.11.24 10:30:23.580,0.782,0.78245,1.00,3.00
2008.11.24 10:30:23.820,0.782,0.78245,1.00,1.40
2008.11.24 10:30:25.159,0.78205,0.7825,1.00,6.80
2008.11.24 10:30:25.519,0.78205,0.78245,1.00,1.40
2008.11.24 10:30:26.099,0.78205,0.7825,1.60,1.40
2008.11.24 10:30:26.399,0.78215,0.7826,1.00,8.40
2008.11.24 10:30:26.629,0.7822,0.7826,1.00,3.00
2008.11.24 10:30:31.048,0.7822,0.7826,1.00,1.60
2008.11.24 10:30:31.628,0.7822,0.78255,1.00,1.60
2008.11.24 10:30:32.038,0.78215,0.78255,5.80,4.60
2008.11.24 10:30:32.387,0.7821,0.78255,1.00,3.00
2008.11.24 10:30:32.567,0.78205,0.7825,5.80,1.40
2008.11.24 10:30:33.547,0.78205,0.7825,1.00,1.40
2008.11.24 10:30:33.607,0.78205,0.7825,1.00,1.40
2008.11.24 10:30:39.386,0.7821,0.78255,1.00,8.40
2008.11.24 10:30:39.496,0.7821,0.78255,1.00,3.60
2008.11.24 10:30:39.676,0.7821,0.78255,1.00,3.00
2008.11.24 10:30:40.616,0.7822,0.7826,1.00,5.20
2008.11.24 10:30:40.796,0.7822,0.7826,1.00,1.00
2008.11.24 10:30:41.036,0.7822,0.7826,1.00,1.40
2008.11.24 10:30:41.206,0.7822,0.78265,1.00,1.40
2008.11.24 10:30:41.885,0.7822,0.78265,5.80,1.40
2008.11.24 10:30:42.165,0.78225,0.7827,1.00,8.40
2008.11.24 10:30:42.575,0.78225,0.7827,1.00,3.60
2008.11.24 10:30:42.795,0.78225,0.7827,1.00,3.00
2008.11.24 10:30:44.665,0.78225,0.78265,1.00,1.60
2008.11.24 10:30:46.784,0.7822,0.78265,5.80,3.00
2008.11.24 10:30:47.054,0.7822,0.78265,1.00,3.00
2008.11.24 10:30:47.724,0.7822,0.78265,1.00,1.40
2008.11.24 10:30:48.234,0.7822,0.78265,1.00,3.00
2008.11.24 10:30:48.744,0.78215,0.7826,1.00,1.40
2008.11.24 10:30:48.864,0.78215,0.7826,1.00,3.00
2008.11.24 10:30:49.324,0.78215,0.78255,1.00,1.40
2008.11.24 10:30:49.724,0.7821,0.78255,1.60,1.40
2008.11.24 10:30:49.953,0.7821,0.78255,1.00,1.40
2008.11.24 10:30:50.983,0.7821,0.78255,1.60,1.40
2008.11.24 10:30:51.213,0.78215,0.7826,1.00,10.00
2008.11.24 10:30:51.433,0.7821,0.78255,4.80,1.40
2008.11.24 10:30:51.833,0.7821,0.78255,1.00,4.60
2008.11.24 10:30:52.073,0.78205,0.78245,1.00,1.40
2008.11.24 10:30:52.753,0.78205,0.7825,1.00,1.40
2008.11.24 10:30:53.553,0.78205,0.7825,1.60,1.40
2008.11.24 10:30:53.663,0.78205,0.7825,7.40,1.40
2008.11.24 10:30:53.772,0.7821,0.78255,1.00,6.20
2008.11.24 10:30:53.942,0.7821,0.78255,1.00,1.40
2008.11.24 10:30:54.403,0.7821,0.78255,1.60,1.40
2008.11.24 10:30:56.262,0.7821,0.78255,1.00,4.60
2008.11.24 10:30:56.442,0.78205,0.7825,2.60,1.40
2008.11.24 10:30:56.732,0.78205,0.7825,1.60,1.40
2008.11.24 10:30:56.962,0.782,0.78245,7.40,1.40
2008.11.24 10:30:57.182,0.782,0.78245,1.60,1.40
2008.11.24 10:30:57.602,0.78205,0.7825,1.00,6.80
2008.11.24 10:30:58.221,0.78205,0.7825,1.00,1.40
2008.11.24 10:30:58.901,0.78205,0.78245,1.00,1.40
2008.11.24 10:30:59.151,0.78205,0.78245,1.60,1.40
2008.11.24 10:30:59.271,0.78205,0.7825,1.60,1.40
2008.11.24 10:30:59.721,0.7821,0.78255,1.60,6.80
2008.11.24 10:30:59.891,0.7821,0.78255,1.60,1.40
2008.11.24 10:31:00.491,0.7821,0.78255,1.00,1.40
2008.11.24 10:31:00.941,0.7822,0.7826,1.00,6.80
2008.11.24 10:31:01.241,0.7822,0.78265,1.60,1.40
2008.11.24 10:31:01.971,0.7823,0.7827,1.00,8.40
2008.11.24 10:31:02.260,0.7823,0.7827,1.00,1.40
2008.11.24 10:31:02.600,0.78225,0.7827,4.80,2.00
2008.11.24 10:31:02.900,0.78225,0.7827,1.00,6.80
2008.11.24 10:31:05.600,0.78225,0.7827,1.00,1.40
2008.11.24 10:31:05.980,0.78225,0.7827,1.00,3.00
2008.11.24 10:31:06.159,0.7822,0.7826,5.80,1.40
2008.11.24 10:31:06.420,0.7822,0.7826,4.80,1.40
2008.11.24 10:31:06.769,0.7822,0.7826,1.00,1.40
2008.11.24 10:31:07.189,0.78215,0.7826,8.00,1.40
2008.11.24 10:31:07.549,0.7822,0.7826,1.00,1.40
2008.11.24 10:31:08.409,0.7822,0.7826,1.60,1.40
2008.11.24 10:31:08.559,0.7822,0.78265,1.60,1.40
2008.11.24 10:31:09.709,0.7822,0.78265,7.40,1.40
2008.11.24 10:31:10.539,0.7822,0.78265,6.40,1.40
2008.11.24 10:31:10.709,0.7822,0.78265,1.60,1.40
2008.11.24 10:31:11.178,0.78225,0.78265,1.60,1.40
2008.11.24 10:31:11.468,0.7823,0.7827,1.00,6.80
2008.11.24 10:31:11.808,0.7823,0.78275,1.00,6.80
2008.11.24 10:31:12.108,0.7823,0.78275,1.00,6.20
2008.11.24 10:31:12.458,0.7823,0.78275,1.00,1.40
2008.11.24 10:31:13.138,0.7823,0.7827,1.00,1.40
2008.11.24 10:31:13.418,0.78225,0.7827,1.00,1.40
2008.11.24 10:31:13.758,0.7823,0.7827,1.00,1.40
2008.11.24 10:31:15.437,0.7823,0.78275,1.00,3.60
2008.11.24 10:31:15.787,0.7823,0.7827,1.00,1.40
2008.11.24 10:31:16.997,0.7823,0.7827,1.00,6.20
2008.11.24 10:31:17.447,0.78225,0.7827,1.00,1.40
2008.11.24 10:31:18.096,0.78225,0.7827,1.60,1.40
2008.11.24 10:31:19.086,0.78225,0.78265,1.60,1.40
2008.11.24 10:31:19.836,0.7823,0.7827,1.00,2.00
2008.11.24 10:31:20.066,0.7823,0.78275,1.00,6.80
2008.11.24 10:31:20.236,0.7823,0.7827,1.60,1.40
2008.11.24 10:31:20.406,0.78235,0.78275,1.00,1.40
2008.11.24 10:31:20.736,0.7823,0.78275,1.60,1.40
2008.11.24 10:31:21.086,0.7823,0.78275,2.60,1.40
2008.11.24 10:31:21.316,0.78235,0.7828,1.00,6.80
2008.11.24 10:31:21.666,0.78235,0.7828,1.00,1.40
2008.11.24 10:31:22.435,0.7824,0.78285,1.00,8.40
2008.11.24 10:31:22.666,0.7824,0.78285,1.00,10.00
2008.11.24 10:31:23.085,0.78235,0.78275,1.00,1.40
2008.11.24 10:31:23.485,0.78235,0.7828,1.60,6.80
2008.11.24 10:31:23.715,0.78235,0.7828,1.60,2.00
2008.11.24 10:31:24.005,0.78235,0.7828,1.60,1.40
2008.11.24 10:31:24.225,0.7824,0.78285,1.00,6.80
2008.11.24 10:31:24.455,0.78235,0.78275,7.40,1.40
2008.11.24 10:31:24.815,0.78235,0.78275,1.60,1.40
2008.11.24 10:31:25.525,0.7823,0.7827,1.60,1.40
2008.11.24 10:31:25.935,0.78235,0.78275,1.00,1.40
2008.11.24 10:31:26.285,0.7823,0.7827,1.60,1.40
2008.11.24 10:31:30.384,0.7823,0.78275,1.60,6.80
2008.11.24 10:31:30.554,0.7823,0.78275,1.60,1.40
2008.11.24 10:31:38.032,0.7823,0.78275,1.00,1.40
2008.11.24 10:31:38.252,0.7823,0.7827,1.00,1.40
2008.11.24 10:31:38.462,0.78225,0.78265,1.60,1.40
2008.11.24 10:31:39.321,0.7823,0.78265,1.60,1.40
2008.11.24 10:31:39.491,0.78235,0.78275,1.00,6.20
2008.11.24 10:31:39.781,0.7823,0.7827,1.60,1.40
2008.11.24 10:31:45.550,0.7823,0.7827,6.40,1.40
2008.11.24 10:31:45.720,0.78235,0.7828,1.00,6.80
2008.11.24 10:31:45.890,0.7823,0.78275,7.40,1.40
2008.11.24 10:31:46.310,0.78235,0.78275,1.00,1.40
2008.11.24 10:31:47.519,0.78235,0.7828,1.60,1.40
2008.11.24 10:31:47.860,0.78235,0.7828,1.00,1.40
2008.11.24 10:31:48.159,0.78235,0.78275,1.00,1.40
2008.11.24 10:31:48.849,0.78235,0.78275,1.60,1.40
2008.11.24 10:31:49.240,0.78235,0.7828,1.60,1.40
2008.11.24 10:31:49.469,0.78235,0.78275,1.60,1.40
2008.11.24 10:31:49.699,0.7823,0.78275,7.40,1.40
2008.11.24 10:31:49.859,0.78235,0.7828,1.00,6.20
2008.11.24 10:31:50.089,0.7823,0.78275,7.40,1.40
2008.11.24 10:31:50.319,0.7823,0.78275,6.40,1.40
2008.11.24 10:31:50.549,0.78235,0.7828,1.00,6.80
2008.11.24 10:31:50.779,0.78235,0.7828,1.00,1.40
2008.11.24 10:31:52.128,0.78235,0.78275,1.00,1.40
2008.11.24 10:31:52.418,0.78235,0.7828,1.00,1.40
2008.11.24 10:31:52.658,0.7823,0.78275,7.40,1.40
2008.11.24 10:31:53.178,0.78235,0.78275,1.00,1.40
2008.11.24 10:31:53.708,0.78235,0.7828,1.00,1.40
2008.11.24 10:31:55.857,0.7823,0.78275,7.40,1.40
2008.11.24 10:31:56.037,0.78235,0.7828,1.00,1.40
2008.11.24 10:31:56.147,0.7823,0.78275,7.40,1.40
2008.11.24 10:31:56.437,0.7823,0.78275,1.60,1.40
2008.11.24 10:31:56.677,0.78235,0.7828,1.00,1.40
2008.11.24 10:31:56.967,0.78235,0.7828,4.80,1.40
2008.11.24 10:31:57.257,0.7824,0.78285,1.00,10.00
2008.11.24 10:31:57.437,0.78235,0.7828,1.00,1.40
2008.11.24 10:31:59.557,0.78235,0.7828,4.80,1.40
2008.11.24 10:31:59.786,0.7824,0.78285,1.00,10.00
2008.11.24 10:32:00.086,0.78235,0.78275,5.80,1.40
2008.11.24 10:32:00.307,0.7823,0.78275,1.00,2.00
2008.11.24 10:32:00.587,0.78235,0.7828,1.60,6.80
2008.11.24 10:32:00.766,0.78235,0.7828,1.60,1.40
2008.11.24 10:32:01.306,0.78235,0.78275,1.60,1.40
2008.11.24 10:32:01.776,0.7824,0.7828,1.60,6.80
2008.11.24 10:32:02.196,0.7824,0.78285,1.60,1.40
2008.11.24 10:32:02.606,0.7824,0.78285,1.00,3.00
2008.11.24 10:32:02.776,0.78235,0.7828,1.00,1.40
2008.11.24 10:32:03.815,0.78235,0.7828,1.00,6.80
2008.11.24 10:32:04.275,0.78235,0.7828,1.00,1.40
2008.11.24 10:32:04.965,0.7824,0.78285,1.00,10.00
2008.11.24 10:32:05.195,0.7824,0.78285,1.00,4.60
2008.11.24 10:32:05.805,0.78235,0.7828,1.00,1.40
2008.11.24 10:32:06.025,0.78235,0.7828,1.00,1.40
2008.11.24 10:32:06.265,0.78235,0.7828,1.60,1.40
2008.11.24 10:32:06.545,0.7824,0.78285,1.00,2.00
2008.11.24 10:32:06.775,0.7824,0.78285,1.00,3.00
2008.11.24 10:32:07.055,0.7824,0.78285,1.00,4.60
2008.11.24 10:32:07.645,0.7824,0.78285,1.00,3.00
2008.11.24 10:32:07.925,0.7824,0.78285,1.00,1.40
2008.11.24 10:32:09.554,0.7824,0.78285,1.00,3.00
2008.11.24 10:32:11.124,0.7824,0.78285,1.00,4.60
2008.11.24 10:32:11.344,0.7824,0.78285,1.00,3.00
2008.11.24 10:32:11.574,0.7824,0.78285,1.00,1.40
2008.11.24 10:32:11.994,0.7824,0.78285,1.00,4.60
2008.11.24 10:32:14.783,0.7824,0.78285,1.00,3.00
2008.11.24 10:32:15.893,0.78235,0.7828,5.80,1.40
2008.11.24 10:32:16.122,0.78235,0.7828,4.80,1.40
2008.11.24 10:32:16.413,0.78235,0.7828,1.60,1.40
2008.11.24 10:32:16.772,0.78235,0.7828,1.00,1.40
2008.11.24 10:32:17.112,0.7824,0.7828,1.00,1.60
2008.11.24 10:32:17.552,0.7824,0.78285,1.00,3.00
2008.11.24 10:32:17.722,0.7824,0.78285,1.00,6.80
2008.11.24 10:32:18.012,0.7824,0.78285,1.00,8.40
2008.11.24 10:32:18.182,0.7824,0.78285,1.00,4.60
2008.11.24 10:32:18.532,0.7824,0.78285,1.00,5.20
2008.11.24 10:32:18.642,0.7824,0.78285,1.00,8.40
2008.11.24 10:32:18.822,0.7824,0.78285,1.60,6.80
2008.11.24 10:32:19.002,0.7824,0.78285,1.60,3.00
2008.11.24 10:32:19.282,0.7824,0.78285,1.00,4.60
2008.11.24 10:32:19.862,0.7824,0.78285,1.00,10.00
2008.11.24 10:32:20.481,0.7824,0.78285,1.00,4.60
2008.11.24 10:32:21.121,0.7824,0.78285,1.00,10.00
2008.11.24 10:32:21.541,0.78235,0.7828,7.40,1.40
2008.11.24 10:32:21.821,0.7824,0.78285,1.00,10.00
2008.11.24 10:32:22.041,0.7824,0.78285,1.00,5.20
2008.11.24 10:32:22.391,0.7824,0.78285,1.00,4.60
2008.11.24 10:32:22.631,0.78235,0.7828,6.40,1.40
2008.11.24 10:32:22.851,0.7824,0.78285,1.00,10.00
2008.11.24 10:32:23.341,0.7824,0.78285,1.00,4.60
2008.11.24 10:32:25.610,0.78235,0.7828,5.80,1.40
2008.11.24 10:32:25.960,0.78235,0.7828,1.00,1.40
2008.11.24 10:32:28.400,0.78235,0.78275,1.00,1.40
2008.11.24 10:32:29.049,0.78235,0.7828,1.00,1.40
2008.11.24 10:32:29.229,0.78235,0.7828,1.00,3.00
2008.11.24 10:32:29.399,0.7823,0.78275,7.40,1.40
2008.11.24 10:32:29.620,0.7823,0.78275,2.60,1.40
2008.11.24 10:32:29.739,0.7823,0.78275,1.60,1.40
2008.11.24 10:32:30.439,0.7823,0.7827,1.60,1.40
2008.11.24 10:32:30.769,0.7823,0.78275,1.00,2.00
2008.11.24 10:32:31.049,0.7823,0.78275,1.00,1.40
2008.11.24 10:32:32.529,0.78235,0.7828,1.00,3.60
2008.11.24 10:32:32.828,0.7823,0.78275,1.00,1.40
2008.11.24 10:32:35.828,0.7823,0.78275,1.00,6.20
2008.11.24 10:32:35.998,0.7823,0.78275,1.00,6.80
2008.11.24 10:32:36.178,0.7823,0.78275,1.00,1.40
2008.11.24 10:32:37.327,0.7823,0.78275,1.00,6.80
2008.11.24 10:32:37.567,0.7823,0.78275,1.00,2.00
2008.11.24 10:32:37.617,0.7823,0.78275,1.00,1.40
2008.11.24 10:32:37.887,0.7823,0.78275,1.00,2.00
2008.11.24 10:32:38.007,0.7823,0.78275,1.00,6.80
2008.11.24 10:32:38.637,0.7823,0.78275,1.00,1.40
2008.11.24 10:32:39.537,0.7823,0.78275,1.60,1.40
2008.11.24 10:32:39.987,0.78235,0.7828,1.00,6.80
2008.11.24 10:32:40.167,0.7823,0.78275,1.60,1.40
2008.11.24 10:32:40.637,0.7824,0.7828,1.00,6.80
2008.11.24 10:32:40.937,0.7824,0.7828,1.00,1.40
2008.11.24 10:32:42.266,0.78235,0.78275,1.00,1.40
2008.11.24 10:32:42.786,0.7823,0.78275,1.60,1.40
2008.11.24 10:32:43.466,0.78235,0.78275,1.00,1.40
2008.11.24 10:32:43.756,0.7824,0.78285,1.00,10.00
2008.11.24 10:32:43.926,0.7824,0.78285,1.00,4.60
2008.11.24 10:32:44.166,0.7824,0.7828,1.00,1.40
2008.11.24 10:32:44.616,0.78235,0.7828,1.00,1.40
2008.11.24 10:32:45.186,0.7824,0.7828,1.00,1.40
2008.11.24 10:32:46.385,0.78235,0.7828,1.00,1.40
2008.11.24 10:32:47.585,0.78235,0.78275,1.00,1.40
2008.11.24 10:32:47.755,0.7824,0.7828,1.00,1.40
2008.11.24 10:32:49.105,0.78245,0.78285,1.00,1.40
2008.11.24 10:32:49.634,0.78245,0.78285,5.80,1.40
2008.11.24 10:32:49.804,0.78245,0.7828,5.80,1.40
2008.11.24 10:32:49.964,0.7825,0.78285,1.00,1.60
2008.11.24 10:32:50.134,0.78245,0.78285,1.00,3.00
2008.11.24 10:32:50.554,0.78245,0.78285,1.00,3.60
2008.11.24 10:32:50.854,0.7824,0.78285,1.00,8.40
2008.11.24 10:32:51.034,0.7824,0.78285,1.00,3.00
2008.11.24 10:32:51.544,0.78245,0.78285,1.00,3.00
2008.11.24 10:32:51.764,0.7824,0.78285,1.00,3.00
2008.11.24 10:32:52.214,0.7824,0.78285,1.00,1.40
2008.11.24 10:32:53.173,0.7824,0.78285,1.60,1.40
2008.11.24 10:32:54.033,0.7824,0.78285,4.80,3.00
2008.11.24 10:32:54.194,0.78245,0.78285,1.00,1.60
2008.11.24 10:32:55.173,0.78245,0.78285,1.00,3.00
2008.11.24 10:32:55.513,0.7824,0.78285,1.00,3.00
2008.11.24 10:32:56.213,0.7824,0.7828,1.00,1.60
2008.11.24 10:32:57.203,0.78235,0.7828,1.00,3.00
2008.11.24 10:32:59.862,0.78235,0.7828,1.00,1.40
2008.11.24 10:33:02.261,0.7824,0.78285,1.00,8.40
2008.11.24 10:33:02.611,0.7824,0.78285,1.00,3.00
2008.11.24 10:33:02.901,0.78245,0.78285,1.00,1.60
2008.11.24 10:33:03.241,0.78245,0.78285,1.00,3.00
2008.11.24 10:33:03.531,0.7824,0.7828,1.00,1.40
2008.11.24 10:33:03.701,0.78235,0.7828,4.80,1.40
2008.11.24 10:33:04.041,0.78235,0.7828,1.00,1.40
2008.11.24 10:33:04.271,0.78235,0.78275,1.00,1.40
2008.11.24 10:33:06.670,0.7823,0.78275,7.40,1.40
2008.11.24 10:33:07.560,0.7823,0.78275,6.40,1.40
2008.11.24 10:33:07.730,0.7823,0.7827,1.60,1.40
2008.11.24 10:33:13.819,0.7823,0.78275,1.60,1.40
2008.11.24 10:33:14.149,0.78235,0.78275,1.00,1.40
2008.11.24 10:33:16.458,0.7824,0.7828,1.00,1.40
2008.11.24 10:33:17.358,0.7824,0.78284,1.00,1.20
2008.11.24 10:33:19.787,0.78245,0.78284,1.00,1.20
2008.11.24 10:33:20.197,0.78245,0.7828,1.00,1.60
2008.11.24 10:33:20.537,0.78235,0.7828,5.80,3.00
2008.11.24 10:33:20.987,0.78235,0.7828,1.00,3.00
2008.11.24 10:33:21.047,0.78235,0.7828,1.00,3.00
2008.11.24 10:33:24.546,0.7824,0.7828,1.00,1.60
2008.11.24 10:33:26.805,0.78235,0.7828,1.00,3.00
2008.11.24 10:33:27.085,0.78235,0.78275,1.00,1.40
2008.11.24 10:33:27.435,0.78235,0.7828,1.00,3.00
2008.11.24 10:33:28.475,0.78235,0.78275,1.00,1.40
2008.11.24 10:33:28.765,0.7823,0.78275,1.00,1.40
2008.11.24 10:33:28.995,0.78235,0.78275,1.00,1.40
2008.11.24 10:33:30.395,0.7824,0.7828,1.00,1.40
2008.11.24 10:33:30.625,0.78235,0.78275,1.00,1.40
2008.11.24 10:33:30.974,0.78235,0.7828,1.00,1.40
2008.11.24 10:33:31.834,0.78235,0.78275,1.00,1.40
2008.11.24 10:33:32.834,0.7824,0.7828,1.00,1.40
2008.11.24 10:33:33.864,0.78235,0.78275,1.00,1.40
2008.11.24 10:33:34.824,0.78245,0.78285,1.00,8.40
2008.11.24 10:33:35.063,0.7824,0.7828,1.00,1.40
2008.11.24 10:33:35.403,0.7824,0.78285,1.00,3.00
2008.11.24 10:33:35.643,0.7824,0.78285,1.00,6.80
2008.11.24 10:33:35.823,0.7824,0.78285,1.00,6.20
2008.11.24 10:33:36.063,0.7824,0.78285,1.00,1.40
2008.11.24 10:33:36.523,0.7824,0.78285,1.00,1.40
2008.11.24 10:33:36.703,0.78245,0.78285,1.00,1.40
2008.11.24 10:33:37.173,0.7824,0.78285,5.80,1.40
2008.11.24 10:33:37.513,0.7824,0.78285,1.00,1.40
2008.11.24 10:33:37.793,0.7824,0.78285,1.00,3.00
2008.11.24 10:33:41.172,0.7824,0.7828,1.00,1.60
2008.11.24 10:33:42.412,0.78235,0.7828,1.00,3.00
2008.11.24 10:33:42.632,0.78245,0.7828,1.00,1.60
2008.11.24 10:33:43.022,0.78245,0.78285,1.00,8.40
2008.11.24 10:33:43.252,0.7824,0.78285,1.00,8.40
2008.11.24 10:33:43.582,0.78235,0.7828,1.00,1.40
2008.11.24 10:33:49.231,0.78235,0.7828,1.00,3.00
2008.11.24 10:33:56.838,0.78235,0.78275,1.00,1.40
2008.11.24 10:33:59.757,0.7823,0.78275,5.80,1.40
2008.11.24 10:34:02.007,0.7823,0.78275,1.00,1.40
2008.11.24 10:34:07.526,0.78235,0.7828,1.00,3.60
2008.11.24 10:34:07.806,0.78235,0.7828,1.00,8.40
2008.11.24 10:34:08.325,0.78235,0.7827,5.80,1.40
2008.11.24 10:34:08.505,0.78235,0.7828,5.80,3.00
2008.11.24 10:34:08.875,0.78235,0.7828,1.00,8.40
2008.11.24 10:34:09.105,0.78235,0.78275,1.00,1.40
2008.11.24 10:34:11.745,0.78235,0.7828,1.00,3.00
2008.11.24 10:34:11.984,0.78235,0.78275,1.00,1.40
2008.11.24 10:34:14.234,0.78235,0.7828,1.00,3.00
2008.11.24 10:34:17.823,0.78235,0.7828,1.00,1.40
2008.11.24 10:34:18.283,0.7824,0.78285,1.00,8.40
2008.11.24 10:34:18.463,0.78235,0.7828,1.00,1.40
2008.11.24 10:34:19.733,0.78235,0.7828,1.00,3.00
2008.11.24 10:34:22.442,0.78225,0.7827,7.40,1.40
2008.11.24 10:34:22.792,0.78225,0.7827,1.60,1.40
2008.11.24 10:34:23.132,0.7823,0.78275,1.00,1.40
2008.11.24 10:34:23.652,0.78225,0.7827,7.40,1.40
2008.11.24 10:34:24.032,0.7823,0.78275,1.00,8.40
2008.11.24 10:34:24.322,0.7823,0.7827,1.00,1.40
2008.11.24 10:34:25.222,0.7823,0.78275,1.00,3.00
2008.11.24 10:34:26.261,0.78225,0.7827,4.80,1.40
2008.11.24 10:34:26.481,0.7823,0.7827,1.00,1.60
2008.11.24 10:34:27.151,0.78225,0.7827,5.80,3.00
2008.11.24 10:34:27.371,0.78225,0.7827,1.00,3.00
2008.11.24 10:34:28.161,0.78225,0.7827,5.80,4.60
2008.11.24 10:34:28.810,0.78225,0.78265,1.00,1.60
2008.11.24 10:34:29.720,0.78225,0.7827,1.00,3.00
2008.11.24 10:34:30.700,0.7823,0.7827,1.00,1.60
2008.11.24 10:34:31.880,0.7823,0.7827,1.00,3.00
2008.11.24 10:34:32.580,0.7823,0.7827,1.00,1.60
2008.11.24 10:34:34.599,0.78225,0.78265,1.00,1.60
2008.11.24 10:34:35.459,0.7822,0.78265,1.00,3.00
2008.11.24 10:34:35.739,0.78225,0.78265,1.00,1.60
2008.11.24 10:34:36.009,0.78225,0.7827,1.00,6.20
2008.11.24 10:34:36.239,0.7823,0.7827,1.00,6.40
2008.11.24 10:34:36.569,0.7823,0.7827,1.00,3.00
2008.11.24 10:34:37.199,0.7823,0.7827,1.00,1.60
2008.11.24 10:34:38.168,0.7823,0.78265,1.00,1.60
2008.11.24 10:34:40.118,0.78225,0.78265,5.80,1.60
2008.11.24 10:34:40.358,0.7823,0.78265,1.00,1.60
2008.11.24 10:34:40.588,0.7823,0.7827,1.00,3.00
2008.11.24 10:34:41.168,0.7823,0.7827,1.00,4.60
2008.11.24 10:34:41.517,0.7822,0.7826,5.80,1.60
2008.11.24 10:34:41.877,0.7822,0.7826,1.00,1.60
2008.11.24 10:34:42.228,0.7822,0.7826,1.00,3.00
2008.11.24 10:34:43.657,0.78215,0.7826,5.80,3.00
2008.11.24 10:34:43.777,0.78215,0.7826,1.00,3.00
2008.11.24 10:34:43.977,0.78215,0.7826,1.00,3.00
2008.11.24 10:34:44.217,0.78215,0.7826,1.00,1.40
2008.11.24 10:34:44.387,0.7822,0.7826,1.00,1.40
2008.11.24 10:34:46.436,0.78215,0.7826,1.00,1.40
2008.11.24 10:34:46.706,0.78215,0.7826,1.00,3.00
2008.11.24 10:34:46.936,0.7821,0.78255,5.80,1.40
2008.11.24 10:34:47.236,0.7821,0.78255,1.00,1.40
2008.11.24 10:34:47.736,0.7821,0.78255,6.40,1.40
2008.11.24 10:34:48.016,0.78215,0.7826,1.00,1.40
2008.11.24 10:34:48.646,0.78215,0.7826,1.60,1.40
2008.11.24 10:34:48.826,0.7822,0.78265,1.00,6.80
2008.11.24 10:34:49.126,0.7822,0.78265,1.00,1.40
2008.11.24 10:34:49.875,0.7822,0.7826,1.00,1.40
2008.11.24 10:34:50.225,0.78215,0.7826,1.00,3.00
2008.11.24 10:34:50.425,0.7821,0.78255,1.00,1.40
2008.11.24 10:34:51.265,0.7821,0.78255,1.60,1.40
2008.11.24 10:34:52.115,0.78215,0.7826,1.00,1.40
2008.11.24 10:34:52.406,0.7822,0.7826,1.00,1.40
2008.11.24 10:34:52.925,0.7822,0.78265,1.00,3.00
2008.11.24 10:34:53.225,0.7822,0.78265,1.00,4.60
2008.11.24 10:34:53.664,0.7822,0.7826,1.00,1.40
2008.11.24 10:34:54.015,0.78215,0.7826,1.60,1.40
2008.11.24 10:34:55.224,0.78215,0.7826,2.60,1.40
2008.11.24 10:34:55.334,0.7822,0.78265,1.00,3.00
2008.11.24 10:34:56.695,0.7822,0.7826,1.00,3.20
2008.11.24 10:34:56.924,0.78215,0.78255,5.80,1.40
2008.11.24 10:34:57.103,0.78215,0.78255,1.00,1.40
2008.11.24 10:34:57.394,0.7821,0.78255,1.00,1.40
2008.11.24 10:34:57.733,0.78215,0.7826,5.80,1.40
2008.11.24 10:34:58.773,0.7822,0.7826,1.00,3.00
2008.11.24 10:34:59.343,0.7822,0.7826,1.00,1.60
2008.11.24 10:34:59.913,0.7822,0.78265,1.00,1.40
2008.11.24 10:35:02.232,0.78215,0.7826,7.40,1.40
2008.11.24 10:35:02.652,0.7822,0.78265,1.00,6.80
2008.11.24 10:35:03.052,0.7822,0.78265,5.80,1.40
2008.11.24 10:35:04.392,0.7822,0.78265,1.00,1.40
2008.11.24 10:35:04.452,0.7822,0.78265,1.00,1.40
2008.11.24 10:35:04.682,0.7822,0.78265,1.00,3.00
2008.11.24 10:35:05.482,0.7822,0.78265,1.00,1.40
2008.11.24 10:35:05.932,0.7822,0.7826,1.00,1.40
2008.11.24 10:35:06.382,0.7822,0.7826,1.00,1.40
2008.11.24 10:35:06.611,0.78215,0.7826,1.60,1.40
2008.11.24 10:35:08.671,0.78215,0.7826,7.40,1.40
2008.11.24 10:35:09.750,0.7822,0.7826,1.00,1.40
2008.11.24 10:35:10.091,0.78215,0.7826,7.40,1.40
2008.11.24 10:35:10.320,0.78215,0.7826,4.80,6.20
2008.11.24 10:35:10.610,0.78215,0.7826,1.00,6.20
2008.11.24 10:35:11.530,0.78215,0.7826,1.00,7.80
2008.11.24 10:35:11.810,0.78215,0.7826,1.00,4.60
2008.11.24 10:35:13.080,0.78215,0.78255,1.00,3.20
2008.11.24 10:35:13.380,0.78215,0.7825,1.00,1.60
2008.11.24 10:35:13.610,0.7821,0.7825,1.00,1.60
2008.11.24 10:35:14.180,0.7821,0.78245,1.00,1.60
2008.11.24 10:35:14.969,0.78205,0.78245,5.80,3.00
2008.11.24 10:35:15.309,0.782,0.78245,1.00,3.00
2008.11.24 10:35:16.119,0.78195,0.7824,5.80,1.40
2008.11.24 10:35:16.399,0.78195,0.7824,1.00,1.40
2008.11.24 10:35:16.619,0.782,0.78245,1.00,7.80
2008.11.24 10:35:17.079,0.78205,0.78245,1.00,3.00
2008.11.24 10:35:17.409,0.78205,0.78245,1.00,1.60
2008.11.24 10:35:17.699,0.78205,0.7825,1.00,3.00
2008.11.24 10:35:18.159,0.782,0.78245,7.40,1.40
2008.11.24 10:35:18.619,0.78205,0.7825,1.00,3.00
2008.11.24 10:35:19.508,0.78205,0.7825,1.00,3.00
2008.11.24 10:35:19.798,0.78205,0.7825,5.80,3.00
2008.11.24 10:35:20.148,0.7821,0.7825,1.00,1.60
2008.11.24 10:35:20.978,0.78205,0.7825,4.80,3.00
2008.11.24 10:35:21.258,0.78205,0.7825,1.00,3.00
2008.11.24 10:35:22.787,0.78205,0.7825,1.00,1.40
2008.11.24 10:35:23.187,0.78205,0.7825,1.00,3.00
2008.11.24 10:35:23.517,0.78205,0.7824,1.00,1.60
2008.11.24 10:35:23.927,0.78205,0.78235,1.00,6.40
2008.11.24 10:35:24.097,0.78185,0.7823,6.40,1.40
2008.11.24 10:35:24.367,0.7819,0.7823,1.00,1.60
2008.11.24 10:35:24.657,0.7819,0.7823,1.00,3.00
2008.11.24 10:35:25.007,0.7819,0.7822,1.00,1.60
2008.11.24 10:35:25.297,0.7819,0.78225,1.00,1.60
2008.11.24 10:35:25.597,0.78185,0.7822,1.00,1.40
2008.11.24 10:35:25.827,0.7818,0.7822,1.00,4.60
2008.11.24 10:35:26.117,0.78185,0.7822,1.00,3.20
2008.11.24 10:35:26.467,0.78185,0.7823,1.00,6.20
2008.11.24 10:35:26.817,0.78195,0.78235,1.00,3.20
2008.11.24 10:35:27.226,0.78195,0.78235,1.00,1.60
2008.11.24 10:35:27.796,0.782,0.78235,1.00,1.60
2008.11.24 10:35:28.086,0.782,0.78235,1.00,3.20
2008.11.24 10:35:28.327,0.78195,0.7823,1.00,1.60
2008.11.24 10:35:28.606,0.7819,0.7823,1.00,1.60
2008.11.24 10:35:28.886,0.78185,0.78225,5.80,3.00
2008.11.24 10:35:29.166,0.78185,0.78225,1.00,1.40
2008.11.24 10:35:29.286,0.7819,0.7823,1.00,2.00
2008.11.24 10:35:29.456,0.7819,0.7823,1.00,1.60
2008.11.24 10:35:29.876,0.7819,0.78235,1.00,3.00
2008.11.24 10:35:30.106,0.7819,0.78235,1.00,4.60
2008.11.24 10:35:30.456,0.78195,0.78235,1.00,3.20
2008.11.24 10:35:30.805,0.78195,0.78235,1.00,1.60
2008.11.24 10:35:31.565,0.78195,0.7823,1.00,1.60
2008.11.24 10:35:32.605,0.7819,0.7823,1.00,1.40
2008.11.24 10:35:32.905,0.7819,0.78235,1.00,4.60
2008.11.24 10:35:33.375,0.78185,0.7823,1.00,1.40
2008.11.24 10:35:33.725,0.7819,0.78235,1.00,3.00
2008.11.24 10:35:34.015,0.78185,0.7823,1.00,1.40
2008.11.24 10:35:34.295,0.7819,0.78235,1.00,3.00
2008.11.24 10:35:34.735,0.7819,0.7823,5.80,1.40
2008.11.24 10:35:35.085,0.7819,0.7823,1.00,1.40
2008.11.24 10:35:35.414,0.78195,0.7824,1.00,8.40
2008.11.24 10:35:35.754,0.78195,0.7824,1.00,9.40
2008.11.24 10:35:36.104,0.7819,0.78235,5.80,1.40
2008.11.24 10:35:36.384,0.78195,0.78235,1.60,1.40
2008.11.24 10:35:36.554,0.782,0.7824,1.00,1.40
2008.11.24 10:35:36.734,0.782,0.7824,1.00,1.40
2008.11.24 10:35:36.894,0.782,0.78245,5.80,1.40
2008.11.24 10:35:37.294,0.78205,0.78245,1.00,1.40
2008.11.24 10:35:38.044,0.782,0.7824,1.00,1.40
2008.11.24 10:35:38.624,0.78195,0.7824,1.60,1.40
2008.11.24 10:35:38.863,0.782,0.7824,1.00,1.40
2008.11.24 10:35:39.433,0.78205,0.78245,1.00,6.80
2008.11.24 10:35:39.663,0.78205,0.7825,1.00,3.60
2008.11.24 10:35:39.833,0.78205,0.7825,1.00,1.40
2008.11.24 10:35:40.643,0.7821,0.78255,1.00,3.60
2008.11.24 10:35:40.963,0.78215,0.7826,1.00,8.40
2008.11.24 10:35:41.413,0.78215,0.7826,1.00,7.80
2008.11.24 10:35:41.693,0.78215,0.7826,1.00,1.40
2008.11.24 10:35:41.983,0.7822,0.7826,1.00,1.40
2008.11.24 10:35:42.373,0.7822,0.78265,1.00,2.00
2008.11.24 10:35:42.823,0.7822,0.78265,1.00,1.40
2008.11.24 10:35:43.553,0.7822,0.78265,1.60,1.40
2008.11.24 10:35:43.942,0.7822,0.78265,1.00,1.40
2008.11.24 10:35:44.232,0.7822,0.78265,1.00,3.00
2008.11.24 10:35:44.752,0.7822,0.78265,5.80,3.00
2008.11.24 10:35:45.092,0.7822,0.7826,1.00,3.00
2008.11.24 10:35:45.392,0.78215,0.78255,1.00,3.00
2008.11.24 10:35:46.072,0.78215,0.78255,1.00,8.40
2008.11.24 10:35:46.522,0.78205,0.7825,1.00,4.60
2008.11.24 10:35:46.922,0.78205,0.7825,1.00,8.40
2008.11.24 10:35:47.272,0.78205,0.7825,1.00,1.40
2008.11.24 10:35:47.571,0.7821,0.78255,1.00,4.60
2008.11.24 10:35:48.101,0.78215,0.78255,1.60,1.40
2008.11.24 10:35:48.561,0.7822,0.7826,1.00,3.20
2008.11.24 10:35:48.791,0.78215,0.7826,1.00,7.80
2008.11.24 10:35:49.071,0.78215,0.78255,1.00,3.20
2008.11.24 10:35:49.541,0.78215,0.7825,1.00,1.60
2008.11.24 10:35:49.871,0.78215,0.78245,1.00,1.60
2008.11.24 10:35:50.151,0.782,0.78245,1.60,3.00
2008.11.24 10:35:50.511,0.78205,0.78245,1.00,1.40
2008.11.24 10:35:51.161,0.7821,0.7825,1.60,1.40
2008.11.24 10:35:51.671,0.7821,0.78255,1.00,1.40
2008.11.24 10:35:52.020,0.7821,0.78255,1.60,1.40
2008.11.24 10:35:52.321,0.7822,0.78255,1.00,1.60
2008.11.24 10:35:52.600,0.78215,0.7826,1.00,3.00
2008.11.24 10:35:52.940,0.78215,0.7826,1.00,9.40
2008.11.24 10:35:53.340,0.7821,0.78255,1.00,1.40
2008.11.24 10:35:53.700,0.78215,0.7826,1.00,3.00
2008.11.24 10:35:54.720,0.78215,0.7826,1.00,1.40
2008.11.24 10:35:55.599,0.78215,0.7826,1.00,3.00
2008.11.24 10:35:55.829,0.7821,0.78255,6.40,1.40
2008.11.24 10:35:56.009,0.7821,0.78255,1.60,1.40
2008.11.24 10:35:58.159,0.7821,0.78255,1.00,1.40
2008.11.24 10:35:58.679,0.7821,0.78255,1.00,3.00
2008.11.24 10:36:01.128,0.78215,0.78255,1.00,1.60
2008.11.24 10:36:01.808,0.78215,0.7826,1.00,1.40
2008.11.24 10:36:02.108,0.7822,0.78265,1.00,8.40
2008.11.24 10:36:02.608,0.78215,0.78255,5.80,1.60
2008.11.24 10:36:02.948,0.78205,0.7825,1.00,3.00
2008.11.24 10:36:03.328,0.782,0.7824,5.80,1.60
2008.11.24 10:36:03.628,0.78195,0.7824,1.00,3.00
2008.11.24 10:36:03.867,0.78195,0.7824,1.00,3.00
2008.11.24 10:36:04.087,0.7819,0.78235,5.80,1.40
2008.11.24 10:36:04.317,0.782,0.7824,1.00,3.60
2008.11.24 10:36:04.548,0.782,0.7824,1.00,3.00
2008.11.24 10:36:04.777,0.782,0.7824,3.20,1.40
2008.11.24 10:36:05.077,0.782,0.7824,1.60,1.40
2008.11.24 10:36:05.357,0.78205,0.7825,1.00,3.00
2008.11.24 10:36:05.927,0.78205,0.78245,5.80,1.40
2008.11.24 10:36:06.327,0.7821,0.7825,1.00,1.00
2008.11.24 10:36:06.568,0.7821,0.78255,1.00,3.00
2008.11.24 10:36:07.417,0.78215,0.78255,1.00,1.60
2008.11.24 10:36:07.697,0.7821,0.78255,5.80,3.00
2008.11.24 10:36:07.996,0.7821,0.78255,1.00,3.60
2008.11.24 10:36:08.277,0.78215,0.78255,1.00,6.80
2008.11.24 10:36:08.506,0.78215,0.78255,1.00,1.60
2008.11.24 10:36:08.906,0.7821,0.78255,5.80,3.00
2008.11.24 10:36:09.076,0.78215,0.78255,1.00,1.60
2008.11.24 10:36:13.205,0.78215,0.7825,1.00,1.60
2008.11.24 10:36:13.375,0.7821,0.7825,5.80,1.60
2008.11.24 10:36:13.555,0.7821,0.7825,1.00,1.60
2008.11.24 10:36:13.735,0.78205,0.7825,5.80,3.00
2008.11.24 10:36:13.905,0.78205,0.78245,4.80,1.60
2008.11.24 10:36:14.075,0.78205,0.78245,1.00,1.60
2008.11.24 10:36:14.455,0.782,0.78245,5.80,3.00
2008.11.24 10:36:14.675,0.782,0.78245,1.00,3.00
2008.11.24 10:36:14.925,0.782,0.7824,1.00,1.60
2008.11.24 10:36:15.425,0.782,0.78235,1.00,1.60
2008.11.24 10:36:15.595,0.7819,0.78235,5.80,3.00
2008.11.24 10:36:16.415,0.7819,0.78235,5.80,1.40
2008.11.24 10:36:16.704,0.782,0.7824,1.00,1.60
2008.11.24 10:36:16.984,0.782,0.78245,1.00,3.00
2008.11.24 10:36:17.324,0.78195,0.7824,1.00,1.40
2008.11.24 10:36:20.643,0.782,0.78245,1.00,3.00
2008.11.24 10:36:20.933,0.78195,0.7824,1.00,1.40
2008.11.24 10:36:21.273,0.782,0.78245,1.00,8.40
2008.11.24 10:36:21.373,0.782,0.78245,1.00,3.00
2008.11.24 10:36:22.643,0.782,0.78245,1.00,1.40
2008.11.24 10:36:22.933,0.78195,0.7824,6.40,1.40
2008.11.24 10:36:23.223,0.782,0.78245,1.00,6.80
2008.11.24 10:36:23.393,0.782,0.78245,1.00,2.00
2008.11.24 10:36:23.513,0.782,0.78245,1.00,1.40
2008.11.24 10:36:23.683,0.782,0.78245,1.00,3.00
2008.11.24 10:36:23.963,0.78195,0.7824,6.40,1.40
2008.11.24 10:36:24.173,0.78195,0.7824,1.60,1.40
2008.11.24 10:36:25.692,0.782,0.78245,1.00,8.40
2008.11.24 10:36:25.932,0.782,0.78245,1.00,3.00
2008.11.24 10:36:26.152,0.78195,0.7824,2.60,1.40
2008.11.24 10:36:26.382,0.78195,0.7824,1.60,1.40
2008.11.24 10:36:27.592,0.782,0.78245,1.00,3.00
2008.11.24 10:36:27.922,0.78195,0.7824,7.40,1.40
2008.11.24 10:36:28.102,0.78195,0.7824,1.60,1.40
2008.11.24 10:36:29.011,0.782,0.7824,1.60,1.40
2008.11.24 10:36:29.301,0.7821,0.78245,1.00,1.00
2008.11.24 10:36:29.461,0.7821,0.78255,1.00,8.40
2008.11.24 10:36:29.631,0.7821,0.7825,1.00,1.60
2008.11.24 10:36:30.721,0.78205,0.7825,1.00,3.00
2008.11.24 10:36:31.131,0.782,0.78245,4.80,1.40
2008.11.24 10:36:31.311,0.782,0.78245,1.00,1.40
2008.11.24 10:36:32.491,0.782,0.7824,1.00,1.40
2008.11.24 10:36:32.831,0.782,0.78245,1.00,6.20
2008.11.24 10:36:33.011,0.782,0.78245,1.00,1.40
2008.11.24 10:36:39.539,0.78195,0.7824,2.60,1.40
2008.11.24 10:36:39.869,0.78195,0.7824,1.00,1.40
2008.11.24 10:36:40.939,0.78195,0.7824,1.00,3.00
2008.11.24 10:36:41.159,0.7819,0.78235,6.40,1.40
2008.11.24 10:36:41.338,0.78195,0.7824,1.00,8.40
2008.11.24 10:36:41.568,0.78195,0.7824,1.00,3.00
2008.11.24 10:36:41.958,0.78195,0.7824,1.00,1.40
2008.11.24 10:36:42.288,0.78195,0.7824,1.60,1.40
2008.11.24 10:36:42.848,0.7819,0.78235,7.40,1.40
2008.11.24 10:36:43.128,0.7819,0.78235,1.60,1.40
2008.11.24 10:36:44.388,0.782,0.7824,1.00,1.40
2008.11.24 10:36:44.718,0.782,0.7824,1.00,6.80
2008.11.24 10:36:44.938,0.78195,0.7824,1.00,6.80
2008.11.24 10:36:45.607,0.78205,0.7824,1.00,1.00
2008.11.24 10:36:45.788,0.78205,0.7825,1.00,3.00
2008.11.24 10:36:46.137,0.782,0.78245,1.00,1.40
2008.11.24 10:36:46.427,0.78195,0.7824,1.00,1.40
2008.11.24 10:36:46.767,0.782,0.78245,1.00,8.40
2008.11.24 10:36:47.047,0.782,0.78245,1.00,3.00
2008.11.24 10:36:48.397,0.782,0.78245,1.00,4.60
2008.11.24 10:36:49.067,0.78195,0.78235,5.80,1.40
2008.11.24 10:36:49.187,0.78195,0.78235,1.60,1.40
2008.11.24 10:36:49.467,0.782,0.7824,1.00,6.80
2008.11.24 10:36:49.636,0.782,0.7824,1.00,1.40
2008.11.24 10:36:49.756,0.782,0.78245,1.00,1.40
2008.11.24 10:36:53.385,0.782,0.78245,4.80,1.40
2008.11.24 10:36:53.606,0.78205,0.7825,1.00,4.60
2008.11.24 10:36:54.226,0.78205,0.7825,1.00,9.40
2008.11.24 10:36:54.285,0.782,0.78245,1.00,1.40
2008.11.24 10:36:54.395,0.782,0.78245,1.00,1.40
2008.11.24 10:36:55.325,0.782,0.78245,4.80,1.40
2008.11.24 10:36:55.665,0.782,0.78245,7.40,1.40
2008.11.24 10:36:56.015,0.78215,0.7825,1.00,5.20
2008.11.24 10:36:56.255,0.78205,0.7825,1.00,3.00
2008.11.24 10:36:56.715,0.78205,0.7825,1.00,1.40
2008.11.24 10:36:57.065,0.7821,0.78255,1.00,5.20
2008.11.24 10:36:57.424,0.7821,0.78255,1.00,4.60
2008.11.24 10:36:58.424,0.78205,0.7825,1.00,1.40
2008.11.24 10:36:59.354,0.7821,0.78255,1.00,9.40
2008.11.24 10:36:59.464,0.7821,0.78255,1.00,4.60
2008.11.24 10:37:00.024,0.78205,0.7825,5.80,1.40
2008.11.24 10:37:00.134,0.7821,0.78255,1.00,4.60
2008.11.24 10:37:00.254,0.78205,0.7825,5.80,1.40
2008.11.24 10:37:00.424,0.78205,0.7825,1.00,1.40
2008.11.24 10:37:01.214,0.7821,0.78255,1.00,10.00
2008.11.24 10:37:01.384,0.7821,0.78255,1.00,4.60
2008.11.24 10:37:02.093,0.7821,0.78245,1.00,1.60
2008.11.24 10:37:02.333,0.782,0.78235,5.80,1.40
2008.11.24 10:37:02.614,0.782,0.78245,7.40,1.40
2008.11.24 10:37:02.963,0.78205,0.78245,1.00,1.40
2008.11.24 10:37:03.143,0.78205,0.7825,1.00,1.40
2008.11.24 10:37:03.443,0.78205,0.7825,5.80,1.40
2008.11.24 10:37:03.913,0.78205,0.78245,5.80,1.40
2008.11.24 10:37:04.263,0.782,0.7824,1.60,1.40
2008.11.24 10:37:04.533,0.782,0.78245,7.40,1.40
2008.11.24 10:37:04.823,0.78205,0.78245,1.00,1.40
2008.11.24 10:37:05.163,0.78205,0.7825,1.00,1.40
2008.11.24 10:37:05.453,0.78205,0.7825,5.80,1.40
2008.11.24 10:37:06.642,0.78205,0.78245,1.00,1.40
2008.11.24 10:37:06.932,0.782,0.78245,7.40,1.40
2008.11.24 10:37:07.152,0.782,0.78245,1.60,1.40
2008.11.24 10:37:07.722,0.78205,0.78245,1.00,1.40
2008.11.24 10:37:08.482,0.78205,0.7825,1.00,1.40
2008.11.24 10:37:09.112,0.7821,0.78255,1.00,2.00
2008.11.24 10:37:09.342,0.7821,0.78255,1.00,1.40
2008.11.24 10:37:09.562,0.78205,0.7825,7.40,1.40
2008.11.24 10:37:09.802,0.78205,0.7825,4.80,1.40
2008.11.24 10:37:10.092,0.78205,0.7825,1.00,1.40
2008.11.24 10:37:10.431,0.782,0.78245,1.60,1.40
2008.11.24 10:37:10.901,0.78205,0.7825,1.00,6.80
2008.11.24 10:37:11.241,0.7821,0.78255,1.00,8.40
2008.11.24 10:37:11.531,0.7821,0.7825,1.00,1.60
2008.11.24 10:37:11.771,0.78205,0.7825,1.00,3.00
2008.11.24 10:37:12.061,0.78205,0.7825,1.00,4.60
2008.11.24 10:37:12.801,0.782,0.78245,5.80,1.40
2008.11.24 10:37:13.211,0.782,0.78245,1.00,3.00
2008.11.24 10:37:13.491,0.782,0.78245,1.00,4.60
2008.11.24 10:37:13.891,0.78195,0.7824,1.00,3.00
2008.11.24 10:37:14.240,0.7819,0.78235,7.40,1.40
2008.11.24 10:37:14.521,0.7819,0.78235,1.60,1.40
2008.11.24 10:37:14.921,0.7819,0.78235,1.00,1.40
2008.11.24 10:37:15.361,0.78185,0.78225,1.00,1.60
2008.11.24 10:37:16.050,0.78185,0.7822,1.00,1.60
2008.11.24 10:37:16.410,0.7818,0.78225,1.00,3.00
2008.11.24 10:37:16.810,0.7818,0.78225,1.00,4.60
2008.11.24 10:37:17.050,0.7818,0.7822,1.00,1.60
2008.11.24 10:37:18.849,0.7818,0.78225,1.00,3.00
2008.11.24 10:37:20.269,0.7818,0.78225,1.00,4.60
2008.11.24 10:37:20.799,0.78175,0.78215,4.80,1.40
2008.11.24 10:37:21.079,0.7817,0.78215,1.00,1.40
2008.11.24 10:37:21.419,0.78165,0.7821,5.80,3.00
2008.11.24 10:37:21.709,0.78165,0.78205,1.00,1.60
2008.11.24 10:37:22.348,0.7816,0.782,1.00,1.40
2008.11.24 10:37:22.568,0.7816,0.78205,1.00,3.00
2008.11.24 10:37:22.928,0.7817,0.7821,1.00,5.20
2008.11.24 10:37:23.258,0.78175,0.7822,1.00,3.60
2008.11.24 10:37:23.629,0.7818,0.7822,1.00,1.60
2008.11.24 10:37:23.848,0.78185,0.7822,1.00,1.60
2008.11.24 10:37:24.368,0.78185,0.78225,1.00,1.40
2008.11.24 10:37:24.538,0.7819,0.7823,1.00,3.00
2008.11.24 10:37:24.698,0.78185,0.7823,1.60,1.40
2008.11.24 10:37:24.878,0.7819,0.7823,1.00,1.40
2008.11.24 10:37:25.058,0.7819,0.78235,1.00,6.80
2008.11.24 10:37:25.328,0.7819,0.78235,1.00,1.40
2008.11.24 10:37:26.657,0.78175,0.7822,1.60,1.40
2008.11.24 10:37:27.477,0.7818,0.7822,1.00,1.40
2008.11.24 10:37:27.817,0.7818,0.7822,1.60,1.40
2008.11.24 10:37:28.167,0.7819,0.7823,1.00,5.20
2008.11.24 10:37:28.517,0.78185,0.7823,7.40,1.40
2008.11.24 10:37:28.907,0.78185,0.7823,1.60,1.40
2008.11.24 10:37:29.547,0.78195,0.7823,1.60,1.40
2008.11.24 10:37:29.817,0.78195,0.7823,2.60,1.40
2008.11.24 10:37:30.156,0.782,0.78245,1.60,1.40
2008.11.24 10:37:30.507,0.78215,0.78255,1.00,3.00
2008.11.24 10:37:30.847,0.78205,0.7824,5.80,1.40
2008.11.24 10:37:31.186,0.78205,0.7824,1.00,1.40
2008.11.24 10:37:31.527,0.78195,0.7824,1.60,6.20
2008.11.24 10:37:31.926,0.78195,0.7824,1.60,6.80
2008.11.24 10:37:32.166,0.7819,0.78235,7.40,1.40
2008.11.24 10:37:32.456,0.7819,0.7823,7.40,1.40
2008.11.24 10:37:32.946,0.78185,0.7823,7.40,1.40
2008.11.24 10:37:33.246,0.78185,0.78225,1.60,1.40
2008.11.24 10:37:33.766,0.78185,0.7823,1.60,1.40
2008.11.24 10:37:33.996,0.7819,0.78235,1.00,6.80
2008.11.24 10:37:34.356,0.7819,0.78235,1.00,1.40
2008.11.24 10:37:34.696,0.78185,0.7823,7.40,1.40
2008.11.24 10:37:34.975,0.78185,0.7823,1.60,1.40
2008.11.24 10:37:35.495,0.7819,0.78235,1.00,1.40
2008.11.24 10:37:38.255,0.78195,0.7824,1.00,8.40
2008.11.24 10:37:38.645,0.78195,0.7824,1.00,3.00
2008.11.24 10:37:39.774,0.78195,0.7824,1.00,1.40
2008.11.24 10:37:40.014,0.782,0.78245,1.00,8.40
2008.11.24 10:37:40.234,0.782,0.78245,1.00,5.20
2008.11.24 10:37:40.524,0.782,0.78245,1.00,1.40
2008.11.24 10:37:40.964,0.78205,0.7825,1.00,3.00
2008.11.24 10:37:41.944,0.78205,0.78235,1.00,1.60
2008.11.24 10:37:42.114,0.78195,0.7824,1.60,1.40
2008.11.24 10:37:42.464,0.78195,0.7824,1.00,1.40
2008.11.24 10:37:42.924,0.782,0.7824,1.00,1.40
2008.11.24 10:37:43.543,0.78195,0.7824,1.00,1.40
2008.11.24 10:37:43.843,0.7819,0.78235,1.60,1.40
2008.11.24 10:37:44.133,0.78195,0.7824,1.00,6.80
2008.11.24 10:37:46.053,0.78195,0.7824,1.00,8.40
2008.11.24 10:37:47.302,0.78195,0.7824,1.00,6.80
2008.11.24 10:37:47.522,0.78195,0.7824,1.00,11.60
2008.11.24 10:37:47.812,0.78195,0.7824,1.00,6.80
2008.11.24 10:37:48.152,0.782,0.7824,1.00,1.00
2008.11.24 10:37:48.332,0.782,0.78245,1.00,3.00
2008.11.24 10:37:48.962,0.782,0.7824,1.00,1.40
2008.11.24 10:37:50.592,0.782,0.78245,1.00,8.40
2008.11.24 10:37:50.762,0.782,0.78245,1.00,7.80
2008.11.24 10:37:50.992,0.782,0.78245,1.00,3.00
2008.11.24 10:37:52.731,0.782,0.78245,1.00,1.40
2008.11.24 10:37:53.311,0.782,0.78245,1.00,4.60
2008.11.24 10:37:53.551,0.78195,0.7824,1.00,1.40
2008.11.24 10:37:53.831,0.7819,0.78235,7.40,1.40
2008.11.24 10:37:54.131,0.7819,0.7823,1.60,1.40
2008.11.24 10:37:55.071,0.78185,0.7823,1.60,1.40
2008.11.24 10:37:58.240,0.7819,0.78235,1.60,2.00
2008.11.24 10:37:58.420,0.7819,0.78235,1.60,1.40
2008.11.24 10:37:59.820,0.7819,0.78235,1.00,1.40
2008.11.24 10:38:00.179,0.7819,0.78235,1.00,3.00
2008.11.24 10:38:00.529,0.7819,0.7823,1.00,1.60
2008.11.24 10:38:00.639,0.78185,0.78225,1.00,1.60
2008.11.24 10:38:04.159,0.78185,0.7823,1.00,3.00
2008.11.24 10:38:04.808,0.78185,0.78225,1.00,1.60
2008.11.24 10:38:06.618,0.7819,0.7823,1.00,1.60
2008.11.24 10:38:06.858,0.7819,0.7823,1.00,3.00
2008.11.24 10:38:07.797,0.7819,0.7823,1.00,1.40
2008.11.24 10:38:08.018,0.78185,0.7823,1.00,1.40
2008.11.24 10:38:08.527,0.78185,0.7823,1.00,3.00
2008.11.24 10:38:09.497,0.78185,0.7823,1.00,7.80
2008.11.24 10:38:09.777,0.78185,0.78225,1.00,1.40
2008.11.24 10:38:10.987,0.7818,0.78225,1.00,1.40
2008.11.24 10:38:12.186,0.7818,0.78225,1.00,1.40
2008.11.24 10:38:12.526,0.78185,0.7823,1.00,3.00
2008.11.24 10:38:13.127,0.78185,0.78225,1.00,1.40
2008.11.24 10:38:13.796,0.78185,0.7823,1.00,3.60
2008.11.24 10:38:14.146,0.78185,0.78225,1.00,1.60
2008.11.24 10:38:14.546,0.78175,0.7822,5.80,1.40
2008.11.24 10:38:14.726,0.78175,0.7822,1.00,1.40
2008.11.24 10:38:17.975,0.78175,0.7822,1.60,1.40
2008.11.24 10:38:18.195,0.7818,0.78225,1.00,6.80
2008.11.24 10:38:18.365,0.7818,0.78225,1.00,6.20
2008.11.24 10:38:18.645,0.7818,0.78225,1.00,1.40
2008.11.24 10:38:19.385,0.78185,0.7823,1.00,8.40
2008.11.24 10:38:19.625,0.78185,0.7823,1.00,3.60
2008.11.24 10:38:19.845,0.78185,0.7823,1.00,3.00
2008.11.24 10:38:21.974,0.78185,0.7823,1.00,4.60
2008.11.24 10:38:22.134,0.7818,0.7822,5.80,1.40
2008.11.24 10:38:22.374,0.78185,0.7823,1.00,4.60
2008.11.24 10:38:22.714,0.7818,0.7822,5.80,1.40
2008.11.24 10:38:23.064,0.7818,0.7822,1.00,1.40
2008.11.24 10:38:27.903,0.78175,0.7822,1.60,1.40
2008.11.24 10:38:28.832,0.78175,0.7822,1.00,1.40
2008.11.24 10:38:29.122,0.78175,0.7822,1.00,2.00
2008.11.24 10:38:29.362,0.7817,0.78215,7.40,1.40
2008.11.24 10:38:29.532,0.78175,0.7822,1.00,1.40
2008.11.24 10:38:29.762,0.78175,0.7822,1.00,3.00
2008.11.24 10:38:32.482,0.7818,0.7822,1.00,1.40
2008.11.24 10:38:33.212,0.78175,0.7822,1.00,1.40
2008.11.24 10:38:36.361,0.78175,0.78215,1.00,1.40
2008.11.24 10:38:36.770,0.7817,0.78215,7.40,1.40
2008.11.24 10:38:37.040,0.7817,0.78215,1.60,1.40
2008.11.24 10:38:37.850,0.78175,0.7822,1.00,6.80
2008.11.24 10:38:38.240,0.78175,0.7822,1.00,2.00
2008.11.24 10:38:38.580,0.78175,0.7822,1.00,1.40
2008.11.24 10:38:38.880,0.78175,0.78215,1.00,1.60
2008.11.24 10:38:39.050,0.78175,0.78215,1.00,3.20
2008.11.24 10:38:39.440,0.7817,0.78205,5.80,1.40
2008.11.24 10:38:39.720,0.7817,0.782,1.00,1.60
2008.11.24 10:38:40.010,0.78155,0.78195,1.60,1.40
2008.11.24 10:38:40.180,0.78155,0.782,1.60,1.40
2008.11.24 10:38:43.720,0.78155,0.782,3.20,1.40
2008.11.24 10:38:43.889,0.7816,0.782,1.60,1.40
2008.11.24 10:38:44.179,0.7816,0.78205,1.60,1.40
2008.11.24 10:38:45.408,0.7816,0.78205,1.00,1.40
2008.11.24 10:38:45.828,0.78155,0.782,6.40,1.40
2008.11.24 10:38:45.938,0.78155,0.782,1.60,1.40
2008.11.24 10:38:52.157,0.7816,0.782,1.00,1.40
2008.11.24 10:38:54.057,0.78165,0.78205,1.00,3.00
2008.11.24 10:38:54.396,0.78165,0.78205,1.00,1.40
2008.11.24 10:38:55.946,0.78155,0.782,7.40,1.40
2008.11.24 10:38:56.176,0.78155,0.782,1.60,1.40
2008.11.24 10:38:56.986,0.78155,0.782,2.60,1.40
2008.11.24 10:38:57.266,0.78155,0.782,7.40,1.40
2008.11.24 10:38:57.875,0.7816,0.782,1.00,1.40
2008.11.24 10:38:58.155,0.78155,0.782,1.60,1.40
2008.11.24 10:39:00.375,0.7816,0.78205,1.00,6.80
2008.11.24 10:39:00.485,0.7816,0.78205,1.00,1.40
2008.11.24 10:39:01.595,0.7816,0.782,1.00,1.40
2008.11.24 10:39:02.064,0.7816,0.782,1.60,1.40
2008.11.24 10:39:02.404,0.7816,0.78205,1.60,6.80
2008.11.24 10:39:02.754,0.7817,0.7821,1.00,1.40
2008.11.24 10:39:03.454,0.78175,0.78215,1.00,5.20
2008.11.24 10:39:03.804,0.78175,0.7822,1.00,3.00
2008.11.24 10:39:04.454,0.7817,0.78215,5.80,1.40
2008.11.24 10:39:04.634,0.7817,0.78215,5.80,3.00
2008.11.24 10:39:04.814,0.7817,0.7821,5.80,1.40
2008.11.24 10:39:04.934,0.7817,0.7821,1.00,1.40
2008.11.24 10:39:07.733,0.7817,0.78215,1.00,6.80
2008.11.24 10:39:08.143,0.7817,0.78215,1.00,1.40
2008.11.24 10:39:08.373,0.7817,0.78215,1.60,1.40
2008.11.24 10:39:08.823,0.78175,0.7822,1.00,6.80
2008.11.24 10:39:09.113,0.78175,0.7822,1.60,1.40
2008.11.24 10:39:09.622,0.78175,0.78215,1.60,1.40
2008.11.24 10:39:10.952,0.7818,0.7822,1.00,1.40
2008.11.24 10:39:11.512,0.78185,0.78225,5.80,1.40
2008.11.24 10:39:11.862,0.78185,0.78225,1.00,1.40
2008.11.24 10:39:13.882,0.7818,0.78225,5.80,1.40
2008.11.24 10:39:14.002,0.7818,0.78225,1.00,1.40
2008.11.24 10:39:14.172,0.7818,0.78225,1.00,1.40
2008.11.24 10:39:14.921,0.78185,0.7823,1.00,3.00
2008.11.24 10:39:15.311,0.7818,0.78225,5.80,1.40
2008.11.24 10:39:15.601,0.78185,0.7823,1.00,8.40
2008.11.24 10:39:16.001,0.78185,0.7823,1.00,3.00
2008.11.24 10:39:16.341,0.7818,0.78225,1.00,1.40
2008.11.24 10:39:17.031,0.7818,0.78225,1.00,1.40
2008.11.24 10:39:17.251,0.78185,0.7823,1.00,8.40
2008.11.24 10:39:17.541,0.78185,0.7823,1.00,3.00
2008.11.24 10:39:17.760,0.7818,0.78225,1.00,1.40
2008.11.24 10:39:18.630,0.78185,0.7823,1.00,3.00
2008.11.24 10:39:18.990,0.7818,0.78225,1.00,1.40
2008.11.24 10:39:19.141,0.7818,0.7822,1.00,1.40
2008.11.24 10:39:19.900,0.78175,0.7822,1.60,1.40
2008.11.24 10:39:20.530,0.78175,0.78215,1.60,1.40
2008.11.24 10:39:22.030,0.78175,0.7822,1.60,1.40
2008.11.24 10:39:23.069,0.7818,0.78225,1.00,1.40
2008.11.24 10:39:32.357,0.7818,0.78225,1.60,1.40
2008.11.24 10:39:32.657,0.7819,0.78235,1.00,1.40
2008.11.24 10:39:32.957,0.7819,0.78235,5.80,1.40
2008.11.24 10:39:33.247,0.782,0.7824,1.00,1.40
2008.11.24 10:39:33.697,0.782,0.78245,1.00,4.60
2008.11.24 10:39:38.916,0.782,0.7824,1.00,1.40
2008.11.24 10:39:39.206,0.782,0.78245,1.00,5.20
2008.11.24 10:39:39.555,0.782,0.7824,1.00,1.40
2008.11.24 10:39:39.835,0.782,0.78245,1.00,4.60
2008.11.24 10:39:40.295,0.782,0.7824,1.00,1.40
2008.11.24 10:39:42.115,0.78195,0.7824,5.80,1.40
2008.11.24 10:39:42.295,0.78195,0.7824,1.00,1.40
2008.11.24 10:39:43.325,0.78195,0.7824,1.00,3.00
2008.11.24 10:39:43.744,0.7819,0.78235,1.00,1.40
2008.11.24 10:39:43.924,0.7819,0.78235,1.60,1.40
2008.11.24 10:39:44.314,0.78195,0.7824,1.00,1.40
2008.11.24 10:39:46.074,0.78195,0.7824,1.00,3.00
2008.11.24 10:39:46.194,0.78195,0.7824,1.00,4.60
2008.11.24 10:39:46.314,0.78185,0.7823,1.60,1.40
2008.11.24 10:39:46.674,0.7819,0.7823,1.60,1.40
2008.11.24 10:39:47.883,0.7819,0.78235,1.60,6.80
2008.11.24 10:39:48.173,0.7819,0.78235,1.60,1.40
2008.11.24 10:39:51.102,0.78195,0.7824,1.00,6.80
2008.11.24 10:39:51.283,0.78195,0.7824,1.00,6.20
2008.11.24 10:39:51.343,0.78195,0.7824,1.00,1.40
2008.11.24 10:39:52.442,0.78195,0.7824,1.00,3.00
2008.11.24 10:39:52.962,0.7819,0.78235,1.60,1.40
2008.11.24 10:39:54.382,0.7819,0.78235,1.60,3.00
2008.11.24 10:39:54.542,0.7819,0.78235,1.00,3.00
2008.11.24 10:39:54.872,0.7819,0.78235,1.00,8.40
2008.11.24 10:39:55.242,0.78185,0.7823,1.60,1.40
2008.11.24 10:39:58.541,0.78195,0.7823,1.60,1.40
2008.11.24 10:39:58.841,0.7819,0.78235,1.00,1.40
2008.11.24 10:39:59.241,0.7819,0.7823,1.00,1.40
2008.11.24 10:40:01.140,0.7819,0.7823,1.60,1.40
2008.11.24 10:40:01.380,0.7819,0.78235,1.60,2.00
2008.11.24 10:40:01.480,0.7819,0.78235,1.60,1.40
2008.11.24 10:40:01.770,0.78195,0.7824,1.00,2.00
2008.11.24 10:40:02.060,0.78195,0.7824,1.00,1.40
2008.11.24 10:40:03.220,0.78195,0.7824,1.00,6.80
2008.11.24 10:40:03.459,0.7819,0.7823,1.60,1.40
2008.11.24 10:40:04.440,0.78195,0.7824,1.00,6.80
2008.11.24 10:40:05.589,0.782,0.7824,1.00,1.40
2008.11.24 10:40:06.189,0.78195,0.7824,1.00,1.40
2008.11.24 10:40:06.589,0.782,0.7824,1.00,1.40
2008.11.24 10:40:07.179,0.78195,0.7824,1.00,1.40
2008.11.24 10:40:07.959,0.7819,0.78235,7.40,1.40
2008.11.24 10:40:08.138,0.7819,0.78235,2.60,1.40
2008.11.24 10:40:08.249,0.78195,0.7824,1.00,1.40
2008.11.24 10:40:09.488,0.78195,0.7824,1.00,3.00
2008.11.24 10:40:09.848,0.7819,0.78235,5.80,1.40
2008.11.24 10:40:10.068,0.78195,0.7824,1.00,3.00
2008.11.24 10:40:10.538,0.78195,0.7824,1.60,1.40
2008.11.24 10:40:10.828,0.782,0.78245,1.00,3.60
2008.11.24 10:40:10.948,0.78195,0.7824,7.40,1.40
2008.11.24 10:40:11.238,0.78195,0.7824,1.00,1.40
2008.11.24 10:40:11.638,0.78195,0.7824,7.40,1.40
2008.11.24 10:40:11.928,0.78195,0.7824,1.00,1.40
2008.11.24 10:40:15.037,0.78195,0.7824,1.00,3.00
2008.11.24 10:40:15.976,0.78195,0.7824,1.00,1.40
2008.11.24 10:40:16.496,0.78195,0.7824,1.00,3.00
2008.11.24 10:40:16.897,0.7819,0.78235,5.80,1.40
2008.11.24 10:40:17.126,0.7819,0.7823,5.80,1.40
2008.11.24 10:40:17.356,0.7819,0.7823,1.00,1.40
2008.11.24 10:40:17.576,0.7819,0.7823,1.00,3.00
2008.11.24 10:40:18.137,0.78195,0.7824,1.00,8.40
2008.11.24 10:40:18.356,0.78195,0.78235,1.00,3.20
2008.11.24 10:40:18.636,0.78185,0.7823,1.00,1.40
2008.11.24 10:40:18.866,0.78185,0.7823,1.00,3.00
2008.11.24 10:40:19.856,0.78195,0.78235,1.00,5.20
2008.11.24 10:40:20.026,0.78195,0.7823,1.00,1.60
2008.11.24 10:40:20.086,0.7818,0.78225,1.60,1.40
2008.11.24 10:40:20.195,0.78185,0.78225,1.00,1.40
2008.11.24 10:40:20.426,0.7818,0.78225,1.60,1.40
2008.11.24 10:40:20.656,0.7818,0.78225,3.20,1.40
2008.11.24 10:40:20.775,0.78185,0.7823,1.00,3.60
2008.11.24 10:40:21.006,0.78185,0.7823,1.00,3.00
2008.11.24 10:40:21.355,0.7819,0.7823,4.80,1.40
2008.11.24 10:40:21.755,0.7819,0.7823,1.00,1.40
2008.11.24 10:40:22.055,0.7819,0.7823,1.00,3.00
2008.11.24 10:40:22.875,0.7819,0.7823,1.00,1.40
2008.11.24 10:40:23.095,0.78185,0.7823,1.00,1.40
2008.11.24 10:40:24.345,0.7819,0.7823,1.60,1.40
2008.11.24 10:40:24.674,0.7819,0.78235,1.60,1.40
2008.11.24 10:40:24.795,0.7819,0.78235,1.00,1.40
2008.11.24 10:40:25.784,0.78195,0.7824,1.00,8.40
2008.11.24 10:40:26.394,0.78195,0.78235,1.60,1.40
2008.11.24 10:40:26.684,0.782,0.7824,1.00,6.80
2008.11.24 10:40:26.964,0.782,0.78245,1.00,6.80
2008.11.24 10:40:27.254,0.782,0.78245,1.00,1.40
2008.11.24 10:40:28.114,0.782,0.78245,1.60,1.40
2008.11.24 10:40:28.583,0.78205,0.7825,1.00,3.00
2008.11.24 10:40:29.563,0.78205,0.7825,1.00,3.60
2008.11.24 10:40:29.873,0.782,0.78245,7.40,1.40
2008.11.24 10:40:30.163,0.782,0.78245,1.60,1.40
2008.11.24 10:40:31.073,0.782,0.78245,1.00,1.40
2008.11.24 10:40:36.542,0.782,0.78245,1.00,4.60
2008.11.24 10:40:36.841,0.7819,0.78235,1.60,1.40
2008.11.24 10:40:37.072,0.782,0.7824,1.00,5.20
2008.11.24 10:40:37.251,0.782,0.78245,1.00,1.40
2008.11.24 10:40:37.881,0.782,0.78245,6.40,1.40
2008.11.24 10:40:38.271,0.782,0.78245,1.00,1.40
2008.11.24 10:40:42.360,0.782,0.78245,1.60,6.80
2008.11.24 10:40:42.700,0.782,0.78245,1.60,6.20
2008.11.24 10:40:42.980,0.782,0.78245,1.60,1.40
2008.11.24 10:40:47.469,0.782,0.78245,1.00,1.40
2008.11.24 10:40:48.049,0.782,0.7824,1.00,1.40
2008.11.24 10:40:48.379,0.782,0.78245,1.00,1.40
2008.11.24 10:40:49.288,0.782,0.78245,1.60,1.40
2008.11.24 10:40:49.638,0.782,0.78245,7.40,1.40
2008.11.24 10:40:49.929,0.78205,0.78245,1.00,1.40
2008.11.24 10:40:50.438,0.78205,0.78245,1.60,1.40
2008.11.24 10:40:50.618,0.78205,0.7825,1.60,6.80
2008.11.24 10:40:50.678,0.78205,0.7825,1.00,8.40
2008.11.24 10:40:50.738,0.78205,0.7825,1.00,3.00
2008.11.24 10:40:51.288,0.782,0.78245,7.40,1.40
2008.11.24 10:40:51.528,0.78205,0.78245,1.00,1.40
2008.11.24 10:40:52.248,0.7821,0.7825,1.00,5.20
2008.11.24 10:40:52.478,0.7821,0.7825,1.00,1.60
2008.11.24 10:40:52.598,0.78205,0.78245,1.00,1.40
2008.11.24 10:40:52.718,0.78205,0.78245,1.00,1.40
2008.11.24 10:40:53.598,0.782,0.78245,7.40,1.40
2008.11.24 10:40:53.837,0.782,0.78245,1.00,1.40
2008.11.24 10:40:54.297,0.78195,0.7824,1.00,1.40
2008.11.24 10:40:54.517,0.78195,0.7824,1.00,1.40
2008.11.24 10:40:59.616,0.78195,0.7824,1.60,1.40
2008.11.24 10:40:59.786,0.78205,0.78245,1.00,6.80
2008.11.24 10:40:59.906,0.782,0.7824,5.80,1.40
2008.11.24 10:41:00.006,0.78195,0.7824,1.00,1.40
2008.11.24 10:41:00.236,0.78195,0.7824,1.60,1.40
2008.11.24 10:41:00.457,0.78205,0.78245,1.00,1.40
2008.11.24 10:41:00.626,0.78205,0.7825,1.00,3.60
2008.11.24 10:41:00.956,0.78205,0.7825,1.00,1.40
2008.11.24 10:41:01.716,0.78205,0.7825,1.00,6.80
2008.11.24 10:41:02.005,0.78205,0.7825,1.00,1.40
2008.11.24 10:41:02.695,0.78205,0.7825,1.00,1.40
2008.11.24 10:41:02.875,0.782,0.78245,1.00,1.40
2008.11.24 10:41:03.045,0.78205,0.7825,5.80,3.00
2008.11.24 10:41:03.455,0.78205,0.78245,5.80,1.40
2008.11.24 10:41:03.735,0.78205,0.7825,5.80,3.00
2008.11.24 10:41:05.974,0.78205,0.7825,4.80,3.00
2008.11.24 10:41:06.034,0.78205,0.7825,5.80,3.00
2008.11.24 10:41:09.494,0.78205,0.7825,5.80,1.40
2008.11.24 10:41:09.784,0.78205,0.7825,5.80,3.00
2008.11.24 10:41:10.014,0.78205,0.7825,4.80,3.00
2008.11.24 10:41:10.363,0.78205,0.7825,1.00,3.00
2008.11.24 10:41:11.233,0.78205,0.7825,5.80,3.00
2008.11.24 10:41:18.142,0.78205,0.7825,1.00,1.40
2008.11.24 10:41:18.321,0.78205,0.7825,1.00,3.00
2008.11.24 10:41:18.501,0.78205,0.78245,4.80,1.40
2008.11.24 10:41:18.671,0.78205,0.78245,1.00,1.40
2008.11.24 10:41:25.580,0.78205,0.7825,1.00,3.00
2008.11.24 10:41:25.750,0.78205,0.78245,1.00,1.40
2008.11.24 10:41:32.898,0.78205,0.7825,1.00,3.00
2008.11.24 10:41:33.018,0.78205,0.7825,4.80,3.00
2008.11.24 10:41:33.188,0.78205,0.7825,5.80,3.00
2008.11.24 10:41:35.777,0.78205,0.7825,5.80,1.40
2008.11.24 10:41:35.897,0.7821,0.78255,1.00,10.00
2008.11.24 10:41:36.127,0.7821,0.78255,1.00,4.60
2008.11.24 10:41:36.237,0.78205,0.7825,5.80,1.40
2008.11.24 10:41:36.637,0.7821,0.78255,1.00,8.40
2008.11.24 10:41:36.857,0.7821,0.78255,1.00,3.00
2008.11.24 10:41:43.186,0.78205,0.7825,1.00,1.40
2008.11.24 10:41:46.175,0.78205,0.7825,1.60,1.40
2008.11.24 10:41:46.395,0.78215,0.78255,1.00,1.40
2008.11.24 10:41:46.745,0.7821,0.78255,1.00,1.40
2008.11.24 10:41:49.144,0.7821,0.78255,1.00,3.00
2008.11.24 10:41:50.584,0.7821,0.78255,1.00,1.40
2008.11.24 10:41:57.072,0.78215,0.78255,1.00,1.40
2008.11.24 10:42:01.511,0.7821,0.78255,5.80,1.40
2008.11.24 10:42:01.681,0.78205,0.7825,1.00,1.40
2008.11.24 10:42:01.911,0.7821,0.78255,1.00,10.00
2008.11.24 10:42:02.141,0.78205,0.78245,5.80,1.40
2008.11.24 10:42:02.381,0.782,0.78245,1.60,1.40
2008.11.24 10:42:02.661,0.782,0.7824,1.60,1.40
2008.11.24 10:42:03.181,0.78205,0.78245,1.00,1.40
2008.11.24 10:42:03.581,0.78195,0.7824,7.40,1.40
2008.11.24 10:42:03.931,0.78195,0.7824,1.60,1.40
2008.11.24 10:42:04.161,0.782,0.78245,1.00,6.80
2008.11.24 10:42:04.500,0.78195,0.7824,1.60,1.40
2008.11.24 10:42:04.850,0.782,0.78245,1.00,1.40
2008.11.24 10:42:05.090,0.78195,0.7824,1.60,1.40
2008.11.24 10:42:05.551,0.782,0.78245,1.00,6.20
2008.11.24 10:42:05.890,0.782,0.78245,1.00,1.40
2008.11.24 10:42:06.640,0.782,0.78245,1.60,1.40
2008.11.24 10:42:06.860,0.7821,0.7825,1.00,5.20
2008.11.24 10:42:06.980,0.7821,0.7825,1.00,1.00
2008.11.24 10:42:07.380,0.7821,0.78255,1.00,1.40
2008.11.24 10:42:08.150,0.7821,0.78255,1.60,6.80
2008.11.24 10:42:08.429,0.7821,0.78255,1.60,1.40
2008.11.24 10:42:09.379,0.7821,0.78255,1.00,1.40
2008.11.24 10:42:10.009,0.78205,0.7825,7.40,1.40
2008.11.24 10:42:10.299,0.7821,0.7825,1.60,1.40
2008.11.24 10:42:10.529,0.7821,0.78255,1.60,1.40
2008.11.24 10:42:10.819,0.7821,0.7825,1.60,1.40
2008.11.24 10:42:11.049,0.78205,0.7825,7.40,1.40
2008.11.24 10:42:11.329,0.78205,0.7825,1.60,1.40
2008.11.24 10:42:12.438,0.78205,0.7825,1.60,6.80
2008.11.24 10:42:12.668,0.78205,0.7825,1.00,1.40
2008.11.24 10:42:12.898,0.78205,0.78245,1.00,1.40
2008.11.24 10:42:14.358,0.7821,0.7825,1.00,5.20
2008.11.24 10:42:14.538,0.78215,0.78255,1.00,1.40
2008.11.24 10:42:14.648,0.78215,0.7826,1.00,7.80
2008.11.24 10:42:14.888,0.78215,0.7826,1.00,1.40
2008.11.24 10:42:15.008,0.7821,0.78255,1.60,1.40
2008.11.24 10:42:15.188,0.78215,0.7826,1.00,6.80
2008.11.24 10:42:16.697,0.7821,0.78255,7.40,1.40
2008.11.24 10:42:16.877,0.7821,0.78255,1.60,1.40
2008.11.24 10:42:16.937,0.7821,0.78245,1.60,1.40
2008.11.24 10:42:16.987,0.7821,0.78255,1.60,1.40
2008.11.24 10:42:17.167,0.7821,0.78255,1.00,3.00
2008.11.24 10:42:17.267,0.7821,0.7825,1.00,4.80
2008.11.24 10:42:17.437,0.7821,0.7825,1.60,4.80
2008.11.24 10:42:17.777,0.78205,0.7825,1.60,1.40
2008.11.24 10:42:18.127,0.78205,0.7825,7.40,1.40
2008.11.24 10:42:18.587,0.78205,0.7825,1.00,1.40
2008.11.24 10:42:18.747,0.7822,0.78255,1.00,5.20
2008.11.24 10:42:18.987,0.7822,0.7826,1.00,1.60
2008.11.24 10:42:19.227,0.7822,0.7826,1.00,6.80
2008.11.24 10:42:19.507,0.78215,0.78255,1.00,1.40
2008.11.24 10:42:19.737,0.78215,0.7826,1.00,8.40
2008.11.24 10:42:20.136,0.78215,0.78255,1.00,1.40
2008.11.24 10:42:20.646,0.78215,0.7826,1.00,8.40
2008.11.24 10:42:20.986,0.78215,0.7826,1.00,7.80
2008.11.24 10:42:21.106,0.7822,0.7826,1.00,1.60
2008.11.24 10:42:21.346,0.7822,0.78265,1.00,3.00
2008.11.24 10:42:21.636,0.78215,0.7826,7.40,1.40
2008.11.24 10:42:21.966,0.7822,0.7826,5.80,1.40
2008.11.24 10:42:22.426,0.78225,0.78265,1.00,5.20
2008.11.24 10:42:22.756,0.7822,0.7826,1.00,6.20
2008.11.24 10:42:23.056,0.7822,0.78265,1.00,3.00
2008.11.24 10:42:23.406,0.78215,0.7826,7.40,1.40
2008.11.24 10:42:23.816,0.78215,0.7826,1.60,1.40
2008.11.24 10:42:24.046,0.78215,0.7826,1.00,1.40
2008.11.24 10:42:28.275,0.78215,0.7826,1.60,1.40
2008.11.24 10:42:29.544,0.7823,0.78265,1.00,5.20
2008.11.24 10:42:29.884,0.78225,0.78265,1.00,5.20
2008.11.24 10:42:29.994,0.78225,0.7827,1.00,4.60
2008.11.24 10:42:30.384,0.78215,0.7826,1.60,1.40
2008.11.24 10:42:30.604,0.7822,0.78265,1.00,6.80
2008.11.24 10:42:30.834,0.7822,0.78265,1.00,1.40
2008.11.24 10:42:31.244,0.7823,0.7827,1.00,6.40
2008.11.24 10:42:31.474,0.78225,0.78265,1.00,1.40
2008.11.24 10:42:31.764,0.7822,0.78265,1.00,1.40
2008.11.24 10:42:33.323,0.78225,0.7827,1.00,8.40
2008.11.24 10:42:33.603,0.78225,0.7827,1.00,6.20
2008.11.24 10:42:33.883,0.78225,0.7827,1.00,1.40
2008.11.24 10:42:35.103,0.78235,0.78275,1.00,5.20
2008.11.24 10:42:35.483,0.78235,0.78275,1.00,4.80
2008.11.24 10:42:35.663,0.78235,0.7828,1.00,3.00
2008.11.24 10:42:36.173,0.7823,0.78275,5.80,1.40
2008.11.24 10:42:36.343,0.7823,0.78275,1.00,1.40
2008.11.24 10:42:36.462,0.7823,0.78275,1.60,1.40
2008.11.24 10:42:37.562,0.7824,0.7828,1.60,1.40
2008.11.24 10:42:38.192,0.7824,0.78285,1.60,6.80
2008.11.24 10:42:38.752,0.78245,0.78285,1.00,5.20
2008.11.24 10:42:38.982,0.7824,0.78285,1.60,6.80
2008.11.24 10:42:40.012,0.7824,0.7828,1.60,1.40
2008.11.24 10:42:40.192,0.7824,0.78285,1.60,6.80
2008.11.24 10:42:40.302,0.7824,0.78285,1.60,1.40
2008.11.24 10:42:41.731,0.7824,0.7828,1.60,1.40
2008.11.24 10:42:42.841,0.7824,0.78285,1.60,6.80
2008.11.24 10:42:43.021,0.7824,0.7828,1.60,1.40
2008.11.24 10:42:47.880,0.7824,0.78285,1.60,1.40
2008.11.24 10:42:48.230,0.7824,0.7828,1.60,1.40
2008.11.24 10:42:48.810,0.78235,0.78275,1.60,1.40
2008.11.24 10:42:49.350,0.78235,0.7828,1.60,6.80
2008.11.24 10:42:49.709,0.78235,0.78275,7.40,1.40
2008.11.24 10:42:50.119,0.7823,0.78275,1.00,6.80
2008.11.24 10:42:50.349,0.78225,0.78265,7.40,1.40
2008.11.24 10:42:50.569,0.78225,0.78265,5.80,1.40
2008.11.24 10:42:50.799,0.7822,0.78265,3.20,1.40
2008.11.24 10:42:51.099,0.7822,0.78265,1.60,1.40
2008.11.24 10:42:51.429,0.78225,0.7826,1.60,1.40
2008.11.24 10:42:51.939,0.7823,0.78265,5.80,1.40
2008.11.24 10:42:52.229,0.78225,0.78265,1.60,1.40
2008.11.24 10:42:52.559,0.78225,0.7827,1.60,6.80
2008.11.24 10:42:53.029,0.78225,0.7827,1.00,8.40
2008.11.24 10:42:53.669,0.78225,0.7827,1.00,1.40
2008.11.24 10:42:56.118,0.7823,0.7827,1.00,1.40
2008.11.24 10:43:04.966,0.7823,0.78275,1.00,6.20
2008.11.24 10:43:05.136,0.7823,0.78275,1.00,1.40
2008.11.24 10:43:05.656,0.7823,0.78275,1.60,1.40
2008.11.24 10:43:06.365,0.78235,0.7828,1.00,6.80
2008.11.24 10:43:06.736,0.7824,0.78285,1.00,8.40
2008.11.24 10:43:07.085,0.7824,0.78285,1.00,3.00
2008.11.24 10:43:08.525,0.7824,0.78285,1.00,1.40
2008.11.24 10:43:20.512,0.78235,0.7828,7.40,1.40
2008.11.24 10:43:20.742,0.78235,0.7828,5.80,1.40
2008.11.24 10:43:20.972,0.78235,0.7828,4.80,1.40
2008.11.24 10:43:21.082,0.78235,0.7828,1.00,1.40
2008.11.24 10:43:27.800,0.78235,0.7828,1.00,1.40
2008.11.24 10:43:28.210,0.78235,0.7828,1.00,1.40
2008.11.24 10:43:29.040,0.78235,0.7828,1.60,1.40
2008.11.24 10:43:29.400,0.7824,0.78285,1.00,1.40
2008.11.24 10:43:30.470,0.7824,0.78285,1.00,2.00
2008.11.24 10:43:30.650,0.7824,0.78285,1.00,1.40
2008.11.24 10:43:32.589,0.7824,0.78285,1.00,3.00
2008.11.24 10:43:33.679,0.7824,0.7828,1.00,1.60
2008.11.24 10:43:33.969,0.7824,0.7828,4.80,1.60
2008.11.24 10:43:34.259,0.78235,0.78275,5.80,1.60
2008.11.24 10:43:34.558,0.78235,0.78275,1.00,3.00
2008.11.24 10:43:34.779,0.7823,0.78275,5.80,3.00
2008.11.24 10:43:34.949,0.7823,0.78275,1.00,3.00
2008.11.24 10:43:36.669,0.7823,0.78275,1.00,1.40
2008.11.24 10:43:38.927,0.78225,0.7827,1.60,1.40
2008.11.24 10:43:39.128,0.7823,0.78275,1.00,6.80
2008.11.24 10:43:39.478,0.7823,0.78275,1.00,1.40
2008.11.24 10:43:39.817,0.78225,0.7827,7.40,1.40
2008.11.24 10:43:39.998,0.78225,0.7827,1.60,1.40
2008.11.24 10:43:40.397,0.78225,0.78265,1.60,1.40
2008.11.24 10:43:40.927,0.7822,0.78265,1.60,1.40
2008.11.24 10:43:41.197,0.78225,0.7827,1.00,2.00
2008.11.24 10:43:41.417,0.78225,0.7827,1.00,1.40
2008.11.24 10:43:43.506,0.7823,0.7827,1.00,1.40
2008.11.24 10:43:43.796,0.7823,0.78275,1.00,8.40
2008.11.24 10:43:44.036,0.78225,0.7827,5.80,1.40
2008.11.24 10:43:44.266,0.78225,0.7827,5.80,3.00
2008.11.24 10:43:44.496,0.78225,0.7827,1.00,3.00
2008.11.24 10:43:48.265,0.78225,0.78265,1.00,1.60
2008.11.24 10:43:48.725,0.7822,0.78265,1.00,3.00
2008.11.24 10:43:52.324,0.78215,0.7826,1.00,6.80
2008.11.24 10:43:52.674,0.7821,0.78255,7.40,1.40
2008.11.24 10:43:53.034,0.7821,0.78255,1.60,1.40
2008.11.24 10:43:53.914,0.7821,0.7825,1.60,1.40
2008.11.24 10:43:56.573,0.7821,0.78255,1.60,6.80
2008.11.24 10:43:56.794,0.7821,0.78255,1.60,1.40
2008.11.24 10:43:57.023,0.7821,0.7825,1.60,1.40
2008.11.24 10:43:57.313,0.7821,0.78255,1.60,6.20
2008.11.24 10:43:57.553,0.7821,0.78255,1.60,1.40
2008.11.24 10:43:58.123,0.7821,0.7825,1.60,1.40
2008.11.24 10:43:58.303,0.7821,0.78255,1.60,6.80
2008.11.24 10:43:58.943,0.7821,0.78255,1.60,1.40
2008.11.24 10:44:00.742,0.7821,0.78255,1.00,1.40
2008.11.24 10:44:01.132,0.78205,0.7825,3.20,1.40
2008.11.24 10:44:01.722,0.78215,0.78255,1.00,4.80
2008.11.24 10:44:01.892,0.7821,0.7825,5.80,1.40
2008.11.24 10:44:02.072,0.7821,0.7825,1.00,1.40
2008.11.24 10:44:02.242,0.78205,0.7825,3.20,1.40
2008.11.24 10:44:07.180,0.7821,0.7825,1.60,1.40
2008.11.24 10:44:07.531,0.78215,0.78255,1.00,5.20
2008.11.24 10:44:07.990,0.7821,0.78255,1.60,1.40
2008.11.24 10:44:08.221,0.7821,0.78255,7.40,1.40
2008.11.24 10:44:08.550,0.7821,0.78255,1.60,6.80
2008.11.24 10:44:08.900,0.7821,0.78255,1.60,1.40
2008.11.24 10:44:09.110,0.7821,0.78255,1.60,6.80
2008.11.24 10:44:12.589,0.7821,0.7825,1.60,1.40
2008.11.24 10:44:16.538,0.78205,0.7825,3.20,1.40
2008.11.24 10:44:17.128,0.78205,0.7825,1.00,1.40
2008.11.24 10:44:17.298,0.782,0.78245,9.00,1.40
2008.11.24 10:44:17.569,0.78205,0.78245,1.60,1.40
2008.11.24 10:44:18.838,0.78205,0.7825,1.60,1.40
2008.11.24 10:44:19.428,0.78205,0.78245,1.60,1.40
2008.11.24 10:44:19.677,0.78205,0.78245,1.60,1.40
2008.11.24 10:44:20.178,0.78205,0.7825,1.60,1.40
2008.11.24 10:44:20.887,0.78205,0.78245,1.60,1.40
2008.11.24 10:44:22.547,0.782,0.78245,3.20,1.40
2008.11.24 10:44:26.446,0.782,0.78245,9.00,1.40
2008.11.24 10:44:26.746,0.78205,0.78245,1.60,1.40
2008.11.24 10:44:30.745,0.78205,0.7824,1.60,1.40
2008.11.24 10:44:31.315,0.78205,0.78245,1.60,1.40
2008.11.24 10:44:34.134,0.782,0.7824,1.60,1.40
2008.11.24 10:44:34.544,0.782,0.78245,1.60,6.80
2008.11.24 10:44:34.844,0.782,0.7824,1.60,1.40
2008.11.24 10:44:37.253,0.782,0.7824,1.60,1.40
2008.11.24 10:44:37.693,0.782,0.78245,1.60,1.40
2008.11.24 10:44:38.073,0.78205,0.78245,1.60,1.40
2008.11.24 10:44:38.763,0.782,0.78245,1.60,1.40
2008.11.24 10:44:46.141,0.7821,0.78255,1.00,4.60
2008.11.24 10:44:46.421,0.7821,0.78255,1.00,3.00
2008.11.24 10:44:46.601,0.7821,0.78255,1.00,7.80
2008.11.24 10:44:46.711,0.7821,0.78255,1.00,8.40
2008.11.24 10:44:47.501,0.78205,0.7825,5.80,1.40
2008.11.24 10:44:47.711,0.78205,0.7825,1.00,1.40
2008.11.24 10:44:48.051,0.78205,0.7825,1.00,1.40
2008.11.24 10:44:48.401,0.782,0.7824,5.80,1.40
2008.11.24 10:44:48.801,0.782,0.7824,1.00,1.40
2008.11.24 10:44:48.981,0.782,0.78245,1.00,1.40
2008.11.24 10:44:49.151,0.782,0.78245,1.00,1.40
2008.11.24 10:44:49.330,0.782,0.78245,5.80,1.40
2008.11.24 10:44:50.270,0.78205,0.7825,1.00,8.40
2008.11.24 10:44:50.380,0.78205,0.7825,1.00,2.00
2008.11.24 10:44:50.490,0.78205,0.7825,1.00,1.40
2008.11.24 10:44:50.900,0.78205,0.7825,1.60,1.40
2008.11.24 10:44:51.760,0.78215,0.78255,1.00,3.00
2008.11.24 10:44:52.110,0.78215,0.7826,1.00,8.40
2008.11.24 10:44:52.480,0.78215,0.7826,1.00,3.00
2008.11.24 10:44:52.890,0.7822,0.7826,1.00,1.40
2008.11.24 10:44:53.339,0.7822,0.78265,1.00,3.00
2008.11.24 10:44:53.629,0.7822,0.7826,1.00,1.40
2008.11.24 10:44:53.809,0.7822,0.78265,1.00,3.00
2008.11.24 10:44:54.259,0.7822,0.7826,1.00,1.40
2008.11.24 10:45:00.048,0.78215,0.7826,4.80,1.40
2008.11.24 10:45:00.098,0.78215,0.7826,4.80,3.00
2008.11.24 10:45:00.208,0.78215,0.7826,1.00,3.00
2008.11.24 10:45:00.968,0.78215,0.7826,1.00,3.00
2008.11.24 10:45:01.188,0.7822,0.7826,1.00,1.60
2008.11.24 10:45:02.427,0.78215,0.7826,1.00,3.00
2008.11.24 10:45:04.107,0.7822,0.78265,1.00,10.00
2008.11.24 10:45:04.467,0.7822,0.78265,1.00,4.60
2008.11.24 10:45:04.757,0.7821,0.7825,1.60,1.40
2008.11.24 10:45:04.997,0.78215,0.7825,1.60,1.40
2008.11.24 10:45:05.347,0.78215,0.7826,1.60,1.40
2008.11.24 10:45:05.756,0.7822,0.78265,1.00,1.40
2008.11.24 10:45:07.256,0.7822,0.7826,1.00,1.40
2008.11.24 10:45:07.646,0.7822,0.78265,1.00,8.40
2008.11.24 10:45:07.816,0.7822,0.78265,1.00,7.80
2008.11.24 10:45:08.176,0.7822,0.78265,1.00,3.00
2008.11.24 10:45:08.576,0.78225,0.78265,1.00,1.60
2008.11.24 10:45:08.876,0.7822,0.78265,1.00,3.00
2008.11.24 10:45:12.055,0.7822,0.78265,1.00,1.40
2008.11.24 10:45:12.115,0.78225,0.7827,1.00,8.40
2008.11.24 10:45:12.345,0.78225,0.7827,1.00,3.60
2008.11.24 10:45:12.405,0.78225,0.7827,1.00,3.00
2008.11.24 10:45:16.194,0.78225,0.7827,1.00,3.00
2008.11.24 10:45:16.254,0.7823,0.7827,1.00,1.60
2008.11.24 10:45:16.424,0.78225,0.7827,5.80,3.00
2008.11.24 10:45:16.474,0.78225,0.7827,4.80,3.00
2008.11.24 10:45:16.524,0.78225,0.7827,1.00,3.00
2008.11.24 10:45:26.642,0.78225,0.7827,1.00,7.80
2008.11.24 10:45:26.872,0.7822,0.78265,1.00,1.40
2008.11.24 10:45:27.301,0.78225,0.7827,1.00,1.40
2008.11.24 10:45:27.751,0.7822,0.78265,1.60,1.40
2008.11.24 10:45:28.141,0.7822,0.78265,2.60,1.40
2008.11.24 10:45:28.491,0.7822,0.78265,7.40,1.40
2008.11.24 10:45:28.721,0.78225,0.7827,1.00,6.80
2008.11.24 10:45:29.001,0.78225,0.7827,1.00,1.40
2008.11.24 10:45:43.017,0.7823,0.78275,1.00,10.00
2008.11.24 10:45:43.357,0.78225,0.7827,1.00,1.40
2008.11.24 10:45:43.687,0.7823,0.78275,1.00,10.00
2008.11.24 10:45:44.027,0.78225,0.7827,1.00,1.40
2008.11.24 10:45:46.357,0.78225,0.7827,1.60,1.40
2008.11.24 10:45:46.646,0.7823,0.78275,1.00,6.80
2008.11.24 10:45:46.707,0.7823,0.78275,1.00,2.00
2008.11.24 10:45:46.997,0.7823,0.78275,1.00,1.40
2008.11.24 10:45:47.107,0.7823,0.78275,1.00,1.40
2008.11.24 10:45:47.167,0.78235,0.78275,1.00,1.40
2008.11.24 10:45:49.156,0.78235,0.7828,1.00,1.40
2008.11.24 10:45:49.376,0.78235,0.78275,1.00,1.40
2008.11.24 10:45:50.356,0.7823,0.78275,5.80,1.40
2008.11.24 10:45:50.705,0.7823,0.78275,1.00,1.40
2008.11.24 10:45:51.435,0.7823,0.78275,1.60,1.40
2008.11.24 10:45:51.556,0.78235,0.78275,1.00,1.40
2008.11.24 10:45:52.285,0.78235,0.7828,1.00,8.40
2008.11.24 10:45:52.576,0.78235,0.7828,1.00,7.80
2008.11.24 10:45:52.635,0.78235,0.7828,5.80,3.00
2008.11.24 10:45:53.165,0.78235,0.7828,1.00,3.00
2008.11.24 10:45:53.875,0.7823,0.78275,1.00,1.40
2008.11.24 10:45:54.045,0.7823,0.78275,1.00,1.40
2008.11.24 10:45:55.165,0.7823,0.78275,1.00,3.00
2008.11.24 10:45:55.445,0.7823,0.78275,1.00,8.40
2008.11.24 10:45:55.724,0.78225,0.7827,1.00,1.40
2008.11.24 10:45:58.634,0.78225,0.7827,1.60,1.40
2008.11.24 10:45:59.674,0.7823,0.7827,1.60,1.40
2008.11.24 10:45:59.943,0.78235,0.78275,1.00,1.40
2008.11.24 10:46:02.893,0.78235,0.7828,1.00,1.40
2008.11.24 10:46:06.052,0.78225,0.7827,6.40,1.40
2008.11.24 10:46:06.112,0.78225,0.7827,1.60,1.40
2008.11.24 10:46:08.382,0.7823,0.78275,1.00,6.80
2008.11.24 10:46:08.782,0.7823,0.78275,1.00,1.40
2008.11.24 10:46:11.681,0.78235,0.7828,1.00,8.40
2008.11.24 10:46:11.920,0.78235,0.7828,1.00,3.60
2008.11.24 10:46:12.140,0.78235,0.78275,1.00,1.40
2008.11.24 10:46:12.310,0.78235,0.7828,1.00,3.00
2008.11.24 10:46:14.481,0.78235,0.78275,1.00,1.40
2008.11.24 10:46:16.659,0.78235,0.7828,1.00,3.00
2008.11.24 10:46:21.768,0.78235,0.7828,1.00,3.00
2008.11.24 10:46:21.928,0.78235,0.7828,5.80,3.00
2008.11.24 10:46:22.158,0.78235,0.7828,4.80,3.00
2008.11.24 10:46:22.218,0.78235,0.7828,1.00,3.00
2008.11.24 10:46:22.668,0.78235,0.7828,1.00,1.40
2008.11.24 10:46:22.928,0.7824,0.78285,1.00,8.40
2008.11.24 10:46:23.258,0.7824,0.78285,1.00,3.00
2008.11.24 10:46:25.927,0.78235,0.7828,5.80,1.40
2008.11.24 10:46:26.037,0.78235,0.7828,2.60,1.40
2008.11.24 10:46:26.157,0.78235,0.7828,1.60,1.40
2008.11.24 10:46:26.867,0.7824,0.78285,1.00,6.80
2008.11.24 10:46:27.147,0.7824,0.78285,1.00,1.40
2008.11.24 10:46:29.667,0.7825,0.7829,1.00,6.80
2008.11.24 10:46:30.066,0.7825,0.78295,1.00,8.40
2008.11.24 10:46:30.286,0.7825,0.78295,1.60,6.80
2008.11.24 10:46:30.656,0.7825,0.78295,1.60,1.40
2008.11.24 10:46:30.986,0.78255,0.783,2.60,6.20
2008.11.24 10:46:31.196,0.7826,0.78305,1.00,6.80
2008.11.24 10:46:31.736,0.7826,0.78305,1.00,8.40
2008.11.24 10:46:32.066,0.78255,0.783,1.00,1.40
2008.11.24 10:46:32.295,0.7826,0.78305,1.00,8.40
2008.11.24 10:46:33.435,0.7826,0.78305,1.00,6.80
2008.11.24 10:46:33.725,0.7826,0.783,1.00,1.40
2008.11.24 10:46:33.995,0.7826,0.78305,1.00,2.00
2008.11.24 10:46:34.275,0.78265,0.78305,1.00,1.40
2008.11.24 10:46:34.745,0.78265,0.78305,1.00,3.00
2008.11.24 10:46:35.265,0.78265,0.78305,1.00,1.40
2008.11.24 10:46:38.874,0.78265,0.7831,1.00,3.00
2008.11.24 10:46:41.393,0.78265,0.78305,1.00,1.60
2008.11.24 10:46:41.903,0.78265,0.783,1.00,3.20
2008.11.24 10:46:42.133,0.7826,0.78295,1.00,1.40
2008.11.24 10:46:42.423,0.7825,0.78295,1.00,3.00
2008.11.24 10:46:42.693,0.78245,0.7829,1.00,3.00
2008.11.24 10:46:44.003,0.78245,0.7829,1.00,1.40
2008.11.24 10:46:44.373,0.7825,0.7829,1.00,6.80
2008.11.24 10:46:44.713,0.7825,0.7829,1.00,1.40
2008.11.24 10:46:45.073,0.7825,0.7829,1.00,5.20
2008.11.24 10:46:45.412,0.78245,0.7829,1.60,1.40
2008.11.24 10:46:45.752,0.7825,0.78295,1.00,6.80
2008.11.24 10:46:46.032,0.7825,0.78295,1.00,1.40
2008.11.24 10:46:46.502,0.7825,0.78295,1.60,1.40
2008.11.24 10:46:46.722,0.78255,0.783,1.00,6.80
2008.11.24 10:46:46.952,0.78255,0.783,1.00,6.20
2008.11.24 10:46:47.122,0.78255,0.783,1.00,1.40
2008.11.24 10:46:47.292,0.78255,0.783,1.00,3.00
2008.11.24 10:46:47.763,0.78255,0.783,1.00,8.40
2008.11.24 10:46:48.112,0.7825,0.78295,5.80,1.40
2008.11.24 10:46:48.342,0.78265,0.783,1.00,1.60
2008.11.24 10:46:48.621,0.78255,0.783,1.00,3.00
2008.11.24 10:46:48.902,0.78265,0.78305,1.00,8.40
2008.11.24 10:46:49.122,0.7826,0.783,1.00,1.40
2008.11.24 10:46:52.901,0.7826,0.783,5.80,1.40
2008.11.24 10:46:53.541,0.7826,0.783,1.00,1.40
2008.11.24 10:46:56.290,0.7826,0.78305,1.00,3.00
2008.11.24 10:46:56.650,0.7826,0.783,1.00,1.40
2008.11.24 10:46:57.449,0.7826,0.78305,1.00,8.40
2008.11.24 10:46:57.780,0.7826,0.78305,1.00,3.00
2008.11.24 10:46:58.300,0.7826,0.78305,1.60,1.40
2008.11.24 10:46:58.529,0.7827,0.7831,1.00,6.80
2008.11.24 10:46:58.819,0.7827,0.7831,1.00,1.60
2008.11.24 10:46:59.979,0.78265,0.7831,1.00,3.00
2008.11.24 10:47:00.209,0.7827,0.7831,1.00,1.60
2008.11.24 10:47:04.258,0.78265,0.7831,5.80,3.00
2008.11.24 10:47:04.928,0.78265,0.78305,1.00,1.40
2008.11.24 10:47:05.218,0.78265,0.78305,1.00,1.40
2008.11.24 10:47:08.427,0.78265,0.78305,1.00,3.00
2008.11.24 10:47:08.897,0.7826,0.783,1.00,1.40
2008.11.24 10:47:09.247,0.7826,0.78305,1.00,3.00
2008.11.24 10:47:11.646,0.7826,0.783,1.00,1.60
2008.11.24 10:47:11.996,0.7826,0.783,1.00,3.00
2008.11.24 10:47:13.026,0.7826,0.78295,1.00,1.60
2008.11.24 10:47:13.256,0.78255,0.78295,1.00,1.60
2008.11.24 10:47:14.506,0.78255,0.783,1.60,1.40
2008.11.24 10:47:14.745,0.78255,0.783,5.80,1.40
2008.11.24 10:47:15.315,0.78265,0.78305,1.00,8.40
2008.11.24 10:47:15.545,0.78265,0.78305,1.00,3.00
2008.11.24 10:47:16.115,0.78265,0.78305,4.80,1.60
2008.11.24 10:47:16.575,0.78265,0.78305,1.00,1.60
2008.11.24 10:47:18.044,0.78265,0.7831,1.00,3.00
2008.11.24 10:47:18.964,0.78265,0.7831,5.80,3.00
2008.11.24 10:47:19.125,0.78265,0.7831,1.00,3.00
2008.11.24 10:47:19.474,0.78265,0.7831,1.00,3.00
2008.11.24 10:47:20.344,0.78265,0.7831,5.80,3.00
2008.11.24 10:47:20.624,0.78265,0.78305,1.00,1.40
2008.11.24 10:47:23.723,0.78265,0.7831,1.00,3.00
2008.11.24 10:47:24.073,0.78265,0.78305,1.00,1.60
2008.11.24 10:47:24.593,0.78265,0.78305,1.00,3.00
2008.11.24 10:47:24.833,0.78265,0.78305,1.00,1.40
2008.11.24 10:47:25.233,0.78265,0.7831,1.00,3.00
2008.11.24 10:47:26.222,0.7827,0.7831,1.00,1.60
2008.11.24 10:47:26.563,0.78265,0.7831,1.00,3.00
2008.11.24 10:47:26.673,0.78265,0.7831,1.00,3.00
2008.11.24 10:47:29.952,0.78265,0.7831,1.00,8.40
2008.11.24 10:47:30.362,0.78265,0.7829,5.80,1.60
2008.11.24 10:47:30.711,0.78255,0.7829,5.80,3.00
2008.11.24 10:47:31.001,0.7825,0.78285,5.80,1.60
2008.11.24 10:47:31.351,0.7825,0.7828,5.80,1.60
2008.11.24 10:47:31.711,0.78245,0.7828,1.00,1.60
2008.11.24 10:47:31.991,0.7824,0.78275,1.00,1.60
2008.11.24 10:47:32.801,0.78235,0.78275,5.80,1.60
2008.11.24 10:47:33.241,0.78235,0.78275,1.00,1.60
2008.11.24 10:47:33.531,0.7823,0.78275,1.00,3.00
2008.11.24 10:47:35.142,0.7823,0.78275,1.00,1.40
2008.11.24 10:47:35.570,0.78235,0.7828,1.00,3.00
2008.11.24 10:47:35.741,0.7824,0.7828,1.00,1.60
2008.11.24 10:47:36.260,0.7824,0.78285,1.00,3.00
2008.11.24 10:47:36.780,0.7824,0.7828,1.00,1.60
2008.11.24 10:47:52.136,0.7824,0.7828,1.00,3.20
2008.11.24 10:47:52.416,0.78235,0.7828,5.80,4.60
2008.11.24 10:47:52.536,0.78235,0.7828,4.80,4.60
2008.11.24 10:47:53.046,0.78235,0.78275,1.00,1.60
2008.11.24 10:47:53.446,0.78235,0.7828,1.00,3.00
2008.11.24 10:47:53.786,0.7823,0.78275,5.80,1.40
2008.11.24 10:47:54.246,0.78235,0.7828,1.00,8.40
2008.11.24 10:47:54.526,0.78235,0.7828,1.00,3.00
2008.11.24 10:47:56.655,0.78235,0.7828,1.00,1.40
2008.11.24 10:47:57.045,0.7824,0.78285,1.00,8.40
2008.11.24 10:47:57.265,0.7824,0.78285,1.00,3.60
2008.11.24 10:47:57.545,0.7824,0.78285,1.00,3.00
2008.11.24 10:47:59.445,0.7824,0.78285,1.00,1.40
2008.11.24 10:47:59.765,0.7825,0.7829,1.00,6.40
2008.11.24 10:48:00.054,0.78255,0.78295,1.00,3.20
2008.11.24 10:48:00.344,0.7826,0.78295,1.00,1.60
2008.11.24 10:48:00.634,0.78255,0.78295,1.00,1.60
2008.11.24 10:48:01.094,0.7825,0.78295,4.80,3.00
2008.11.24 10:48:01.354,0.7825,0.78295,1.00,3.00
2008.11.24 10:48:01.644,0.78255,0.78295,1.00,3.00
2008.11.24 10:48:02.294,0.78255,0.78295,1.00,1.60
2008.11.24 10:48:02.644,0.7825,0.7829,1.00,1.40
2008.11.24 10:48:03.034,0.78255,0.78295,1.00,1.60
2008.11.24 10:48:08.582,0.78255,0.78295,1.00,3.00
2008.11.24 10:48:08.982,0.7825,0.7829,1.00,1.40
2008.11.24 10:48:09.212,0.78245,0.78285,1.00,1.40
2008.11.24 10:48:09.602,0.7824,0.78285,1.00,1.40
2008.11.24 10:48:10.682,0.7824,0.7828,1.00,1.40
2008.11.24 10:48:10.962,0.78245,0.78285,1.00,3.00
2008.11.24 10:48:12.112,0.78245,0.78285,1.00,1.40
2008.11.24 10:48:12.291,0.7825,0.7829,1.00,7.80
2008.11.24 10:48:12.522,0.7825,0.7829,1.00,1.60
2008.11.24 10:48:12.801,0.78245,0.78285,5.80,1.40
2008.11.24 10:48:12.971,0.78245,0.78285,1.00,1.40
2008.11.24 10:48:13.581,0.7825,0.7829,1.00,6.80
2008.11.24 10:48:13.941,0.7825,0.7829,1.00,1.60
2008.11.24 10:48:14.521,0.78245,0.7829,5.80,3.00
2008.11.24 10:48:14.861,0.78245,0.78285,5.80,1.40
2008.11.24 10:48:15.331,0.7824,0.78285,1.00,6.80
2008.11.24 10:48:15.611,0.7824,0.78285,1.00,1.40
2008.11.24 10:48:15.790,0.78245,0.78285,1.00,1.40
2008.11.24 10:48:18.520,0.78245,0.7829,1.00,8.40
2008.11.24 10:48:18.700,0.78245,0.78285,1.00,1.40
2008.11.24 10:48:19.170,0.78245,0.7829,1.00,1.40
2008.11.24 10:48:19.760,0.7825,0.78295,1.00,4.60
2008.11.24 10:48:24.329,0.7825,0.78295,1.00,3.00
2008.11.24 10:48:24.620,0.7825,0.78295,1.00,1.40
2008.11.24 10:48:25.018,0.78255,0.783,1.00,8.40
2008.11.24 10:48:25.189,0.78265,0.783,1.00,6.40
2008.11.24 10:48:25.468,0.78265,0.783,1.00,1.60
2008.11.24 10:48:30.647,0.78265,0.78305,1.00,3.20
2008.11.24 10:48:30.927,0.78265,0.78305,1.00,1.60
2008.11.24 10:48:33.686,0.78265,0.7831,1.00,3.00
2008.11.24 10:48:33.746,0.7827,0.7831,1.00,1.60
2008.11.24 10:48:34.306,0.7827,0.78315,1.00,8.40
2008.11.24 10:48:34.476,0.7827,0.78315,1.00,3.60
2008.11.24 10:48:34.656,0.7827,0.78315,1.00,3.00
2008.11.24 10:48:34.896,0.78275,0.78315,1.00,3.00
2008.11.24 10:48:35.936,0.78275,0.78315,1.00,1.60
2008.11.24 10:48:36.216,0.78275,0.7832,1.00,8.40
2008.11.24 10:48:36.496,0.78275,0.78315,1.00,1.40
2008.11.24 10:48:36.786,0.78275,0.78315,1.00,3.00
2008.11.24 10:48:39.995,0.7827,0.78305,5.80,1.60
2008.11.24 10:48:40.255,0.7827,0.78305,1.00,1.60
2008.11.24 10:48:40.875,0.78265,0.78305,1.00,1.60
2008.11.24 10:48:41.154,0.7826,0.78305,4.80,3.00
2008.11.24 10:48:41.334,0.7826,0.78305,1.00,3.00
2008.11.24 10:48:43.944,0.78265,0.78305,1.00,1.60
2008.11.24 10:48:44.804,0.7827,0.78305,1.00,1.60
2008.11.24 10:48:45.553,0.78265,0.78305,5.80,1.60
2008.11.24 10:48:45.773,0.78265,0.78305,1.00,3.00
2008.11.24 10:48:46.563,0.7826,0.78305,5.80,3.00
2008.11.24 10:48:46.853,0.7826,0.78305,1.00,3.00
2008.11.24 10:48:47.503,0.78255,0.783,5.80,1.40
2008.11.24 10:48:47.843,0.78255,0.783,1.00,3.00
2008.11.24 10:48:48.013,0.7826,0.783,1.00,1.60
2008.11.24 10:48:49.092,0.7826,0.783,1.00,3.00
2008.11.24 10:48:49.683,0.78255,0.783,4.80,3.00
2008.11.24 10:48:49.912,0.7826,0.783,1.00,1.60
2008.11.24 10:48:53.022,0.78265,0.783,1.00,1.60
2008.11.24 10:48:56.901,0.78255,0.783,5.80,3.00
2008.11.24 10:48:56.961,0.78255,0.783,1.00,8.40
2008.11.24 10:48:57.131,0.78265,0.783,1.00,6.80
2008.11.24 10:48:57.181,0.78265,0.783,1.00,6.40
2008.11.24 10:48:57.751,0.78265,0.783,1.00,1.60
2008.11.24 10:48:58.110,0.78265,0.78305,1.00,1.60
2008.11.24 10:48:59.890,0.7826,0.783,1.00,1.60
2008.11.24 10:49:02.110,0.7826,0.78305,1.00,3.00
2008.11.24 10:49:03.179,0.78265,0.78305,1.00,3.00
2008.11.24 10:49:03.739,0.7826,0.78305,1.00,1.40
2008.11.24 10:49:04.029,0.78265,0.7831,1.00,3.00
2008.11.24 10:49:04.479,0.78265,0.78305,5.80,1.40
2008.11.24 10:49:04.869,0.7828,0.7831,1.00,1.60
2008.11.24 10:49:05.289,0.78275,0.7831,1.00,1.60
2008.11.24 10:49:05.738,0.7827,0.7831,1.00,1.60
2008.11.24 10:49:07.398,0.78275,0.7831,1.00,1.60
2008.11.24 10:49:08.088,0.78265,0.78305,5.80,1.60
2008.11.24 10:49:08.558,0.78265,0.78305,1.00,1.60
2008.11.24 10:49:09.248,0.7827,0.78305,1.00,1.60
2008.11.24 10:49:10.677,0.7827,0.7831,1.00,1.60
2008.11.24 10:49:14.996,0.78275,0.7831,1.00,1.60
2008.11.24 10:49:15.296,0.7827,0.7831,5.80,1.60
2008.11.24 10:49:15.456,0.7827,0.7831,1.00,1.60
2008.11.24 10:49:16.546,0.7827,0.7831,4.80,1.60
2008.11.24 10:49:16.716,0.78275,0.7831,1.00,1.60
2008.11.24 10:49:20.345,0.7827,0.7831,5.80,1.60
2008.11.24 10:49:20.565,0.7827,0.7831,1.00,1.60
2008.11.24 10:49:30.662,0.78265,0.7831,5.80,3.00
2008.11.24 10:49:30.782,0.78265,0.7831,1.00,3.00
2008.11.24 10:49:31.003,0.78265,0.7831,1.00,3.00
2008.11.24 10:49:32.072,0.78265,0.7831,1.00,4.60
2008.11.24 10:49:32.182,0.78265,0.78304,1.00,1.20
2008.11.24 10:49:32.472,0.7826,0.783,5.80,1.40
2008.11.24 10:49:32.632,0.7826,0.783,4.80,1.40
2008.11.24 10:49:32.812,0.7826,0.783,1.00,1.40
2008.11.24 10:49:33.032,0.7826,0.78305,1.00,6.80
2008.11.24 10:49:33.382,0.7826,0.78305,1.00,1.40
2008.11.24 10:49:34.032,0.78265,0.7831,1.00,8.40
2008.11.24 10:49:34.262,0.78265,0.7831,1.00,3.00
2008.11.24 10:49:34.501,0.7827,0.7831,1.00,1.60
2008.11.24 10:49:36.781,0.7827,0.78305,1.00,1.60
2008.11.24 10:49:37.001,0.78265,0.78305,5.80,3.00
2008.11.24 10:49:37.121,0.78265,0.78305,5.80,1.60
2008.11.24 10:49:37.411,0.78265,0.78305,1.00,1.60
2008.11.24 10:49:46.539,0.7827,0.78305,1.00,1.60
2008.11.24 10:49:48.908,0.78265,0.78305,5.80,1.60
2008.11.24 10:49:49.418,0.78265,0.78305,1.00,1.60
2008.11.24 10:49:50.548,0.7827,0.78305,1.00,1.60
2008.11.24 10:49:53.657,0.7827,0.7831,1.00,1.60
2008.11.24 10:49:54.696,0.78265,0.7831,5.80,3.00
2008.11.24 10:49:55.087,0.78265,0.78305,5.80,1.60
2008.11.24 10:49:56.716,0.78265,0.783,1.00,1.60
2008.11.24 10:49:57.666,0.7826,0.783,1.00,1.60
2008.11.24 10:49:58.516,0.7826,0.783,1.00,3.00
2008.11.24 10:49:59.705,0.7826,0.78295,1.00,1.60
2008.11.24 10:50:01.735,0.7826,0.783,1.00,3.00
2008.11.24 10:50:02.075,0.7826,0.783,1.00,1.60
2008.11.24 10:50:02.825,0.78255,0.783,1.00,3.00
2008.11.24 10:50:03.614,0.7826,0.783,1.00,3.00
2008.11.24 10:50:03.904,0.7826,0.78295,1.00,1.60
2008.11.24 10:50:06.174,0.7825,0.78295,1.00,3.00
2008.11.24 10:50:09.923,0.7825,0.78295,5.80,3.00
2008.11.24 10:50:10.203,0.78255,0.78295,1.00,1.60
2008.11.24 10:50:11.183,0.78255,0.783,1.00,3.00
2008.11.24 10:50:11.932,0.7826,0.783,1.00,3.00
2008.11.24 10:50:12.152,0.78255,0.783,5.80,3.00
2008.11.24 10:50:12.372,0.78255,0.783,1.00,3.00
2008.11.24 10:50:14.202,0.7825,0.7829,5.80,1.60
2008.11.24 10:50:14.432,0.7825,0.7829,1.00,1.60
2008.11.24 10:50:14.722,0.7825,0.7829,1.00,3.00
2008.11.24 10:50:14.962,0.7825,0.7829,1.00,1.60
2008.11.24 10:50:15.522,0.7825,0.7829,1.00,3.00
2008.11.24 10:50:15.811,0.7825,0.7829,1.00,1.40
2008.11.24 10:50:17.231,0.78245,0.7829,7.40,1.40
2008.11.24 10:50:17.671,0.78245,0.7829,1.60,1.40
2008.11.24 10:50:17.781,0.7825,0.7829,1.00,1.40
2008.11.24 10:50:18.071,0.78245,0.7829,7.40,1.40
2008.11.24 10:50:18.131,0.78245,0.7829,1.00,1.40
2008.11.24 10:50:18.581,0.78245,0.7829,1.00,1.40
2008.11.24 10:50:20.820,0.78245,0.7829,1.00,3.00
2008.11.24 10:50:21.150,0.78245,0.7829,1.00,3.60
2008.11.24 10:50:21.360,0.78245,0.7829,1.00,8.40
2008.11.24 10:50:21.720,0.78245,0.7829,1.00,3.00
2008.11.24 10:50:22.050,0.7825,0.7829,1.00,1.40
2008.11.24 10:50:22.510,0.78245,0.7829,1.00,1.40
2008.11.24 10:50:22.860,0.78245,0.7829,1.00,3.00
2008.11.24 10:50:28.629,0.7824,0.78285,5.80,1.40
2008.11.24 10:50:29.038,0.7824,0.78285,1.00,1.40
2008.11.24 10:50:29.268,0.78245,0.7829,1.00,8.40
2008.11.24 10:50:29.838,0.78245,0.7829,1.00,3.00
2008.11.24 10:50:34.537,0.7825,0.7829,1.00,3.00
2008.11.24 10:50:34.817,0.7825,0.7829,1.00,1.40
2008.11.24 10:50:34.997,0.7825,0.78295,1.00,3.00
2008.11.24 10:50:38.766,0.78245,0.7829,1.00,1.40
2008.11.24 10:50:38.986,0.7825,0.78295,1.00,8.40
2008.11.24 10:50:39.286,0.7825,0.78295,1.00,3.00
2008.11.24 10:50:40.916,0.78245,0.7829,5.80,1.40
2008.11.24 10:50:41.195,0.78245,0.7829,1.60,1.40
2008.11.24 10:50:41.485,0.7825,0.78295,1.00,6.80
2008.11.24 10:50:41.705,0.7825,0.78295,1.00,1.40
2008.11.24 10:50:42.915,0.7825,0.78295,1.00,3.00
2008.11.24 10:50:47.504,0.7825,0.78295,1.00,1.40
2008.11.24 10:50:51.523,0.7826,0.78295,1.00,1.40
2008.11.24 10:50:51.703,0.78265,0.783,1.00,1.60
2008.11.24 10:50:52.273,0.78265,0.78305,1.00,3.00
2008.11.24 10:50:52.553,0.78265,0.78305,1.00,1.60
2008.11.24 10:50:52.853,0.78255,0.783,1.00,1.40
2008.11.24 10:50:53.202,0.7826,0.78305,1.00,3.00
2008.11.24 10:50:54.003,0.7826,0.783,1.00,1.40
2008.11.24 10:50:54.232,0.7826,0.78305,1.00,8.40
2008.11.24 10:50:54.452,0.7826,0.78305,1.00,3.00
2008.11.24 10:50:55.822,0.78255,0.783,5.80,1.40
2008.11.24 10:50:56.062,0.7826,0.78305,1.00,3.00
2008.11.24 10:50:57.912,0.78265,0.7831,1.00,8.40
2008.11.24 10:50:58.261,0.78265,0.7831,1.00,3.00
2008.11.24 10:50:58.891,0.78265,0.78305,1.00,1.40
2008.11.24 10:51:02.171,0.7826,0.78305,1.00,1.40
2008.11.24 10:51:02.400,0.7826,0.78305,1.00,3.00
2008.11.24 10:51:05.390,0.7826,0.783,1.00,1.40
2008.11.24 10:51:05.740,0.7826,0.78305,1.00,8.40
2008.11.24 10:51:05.859,0.7826,0.78305,1.00,3.00
2008.11.24 10:51:18.786,0.7826,0.78305,1.00,1.40
2008.11.24 10:51:19.186,0.78265,0.7831,1.00,3.00
2008.11.24 10:51:46.789,0.7827,0.78305,1.00,1.60
2008.11.24 10:51:47.070,0.7827,0.7831,1.00,1.60
2008.11.24 10:51:49.909,0.78265,0.7831,1.00,3.00
2008.11.24 10:51:50.639,0.7827,0.7831,1.00,1.60
2008.11.24 10:51:51.208,0.78265,0.78305,5.80,1.40
2008.11.24 10:51:51.528,0.78265,0.78305,1.00,1.40
2008.11.24 10:51:51.828,0.7826,0.78305,4.80,1.40
2008.11.24 10:51:51.998,0.78265,0.7831,1.00,8.40
2008.11.24 10:51:52.168,0.78265,0.7831,1.00,7.80
2008.11.24 10:51:52.398,0.78265,0.7831,1.00,3.00
2008.11.24 10:51:52.858,0.78265,0.78305,1.00,1.40
2008.11.24 10:51:54.638,0.7826,0.783,1.00,1.40
2008.11.24 10:51:55.048,0.7826,0.78305,1.00,2.00
2008.11.24 10:51:55.228,0.7826,0.78305,1.00,1.40
2008.11.24 10:51:55.407,0.78265,0.78305,1.00,1.40
2008.11.24 10:51:55.987,0.78265,0.7831,1.00,3.00
2008.11.24 10:51:56.757,0.78265,0.7831,1.00,3.60
2008.11.24 10:51:56.917,0.7826,0.78305,1.00,3.00
2008.11.24 10:51:57.327,0.78255,0.783,6.40,1.40
2008.11.24 10:51:57.507,0.78255,0.783,1.60,1.40
2008.11.24 10:51:58.447,0.78255,0.783,1.00,1.40
2008.11.24 10:51:59.137,0.78255,0.783,1.60,1.40
2008.11.24 10:52:02.196,0.7826,0.78305,1.00,3.00
2008.11.24 10:52:02.306,0.7826,0.78305,1.00,1.40
2008.11.24 10:52:02.426,0.78265,0.78305,1.00,1.40
2008.11.24 10:52:03.216,0.7826,0.783,1.00,1.40
2008.11.24 10:52:03.555,0.78265,0.78305,1.00,6.80
2008.11.24 10:52:03.846,0.78265,0.7831,1.00,8.40
2008.11.24 10:52:04.125,0.78265,0.7831,1.00,3.00
2008.11.24 10:52:05.445,0.78265,0.78305,1.00,1.40
2008.11.24 10:52:05.845,0.78265,0.7831,1.00,3.00
2008.11.24 10:52:07.105,0.78265,0.7831,1.00,7.80
2008.11.24 10:52:07.215,0.78265,0.78305,1.00,1.40
2008.11.24 10:52:07.864,0.78265,0.7831,1.00,8.40
2008.11.24 10:52:08.254,0.7827,0.7831,1.00,1.60
2008.11.24 10:52:08.704,0.7827,0.78315,1.00,4.60
2008.11.24 10:52:09.054,0.78265,0.7831,4.80,1.40
2008.11.24 10:52:09.404,0.7827,0.78315,1.00,4.60
2008.11.24 10:52:10.324,0.78265,0.7831,5.80,1.40
2008.11.24 10:52:11.214,0.78265,0.7831,1.00,1.40
2008.11.24 10:52:11.274,0.78265,0.7831,1.00,1.40
2008.11.24 10:52:11.394,0.78265,0.7831,5.80,1.40
2008.11.24 10:52:12.333,0.78265,0.7831,4.80,1.40
2008.11.24 10:52:12.543,0.78265,0.7831,1.00,1.40
2008.11.24 10:52:14.213,0.78265,0.7831,1.00,3.00
2008.11.24 10:52:19.791,0.7826,0.78305,5.80,1.40
2008.11.24 10:52:19.972,0.78265,0.7831,1.00,8.40
2008.11.24 10:52:20.422,0.78265,0.7831,1.00,3.00
2008.11.24 10:52:21.041,0.78265,0.78305,1.00,5.20
2008.11.24 10:52:21.331,0.78265,0.7831,1.00,3.00
2008.11.24 10:52:24.481,0.78265,0.7831,5.80,3.00
2008.11.24 10:52:27.130,0.7827,0.7831,1.00,1.60
2008.11.24 10:52:39.637,0.78265,0.7831,5.80,3.00
2008.11.24 10:52:40.867,0.7827,0.7831,1.00,1.60
2008.11.24 10:52:41.317,0.7827,0.78315,1.00,3.00
2008.11.24 10:52:41.786,0.7828,0.7832,1.00,6.80
2008.11.24 10:52:42.426,0.7828,0.7832,1.00,1.40
2008.11.24 10:52:42.926,0.7828,0.7832,1.00,1.60
2008.11.24 10:52:43.216,0.7827,0.7831,5.80,1.60
2008.11.24 10:52:43.536,0.7827,0.7831,1.00,1.60
2008.11.24 10:52:44.326,0.7827,0.78315,1.00,3.00
2008.11.24 10:52:45.016,0.7828,0.78315,1.00,1.60
2008.11.24 10:52:46.005,0.78275,0.78315,1.00,3.00
2008.11.24 10:52:46.235,0.7827,0.78315,5.80,3.00
2008.11.24 10:52:46.455,0.7827,0.78315,1.00,3.00
2008.11.24 10:52:49.054,0.78275,0.78315,1.00,3.00
2008.11.24 10:52:49.344,0.78275,0.7831,1.00,1.60
2008.11.24 10:52:49.694,0.7827,0.7831,5.80,1.60
2008.11.24 10:52:50.214,0.7827,0.7831,1.00,1.60
2008.11.24 10:52:54.403,0.78275,0.7831,1.00,1.60
2008.11.24 10:52:57.003,0.78275,0.78315,1.00,1.60
2008.11.24 10:52:58.852,0.78275,0.7831,1.00,1.60
2008.11.24 10:52:59.532,0.78275,0.78315,1.00,1.60
2008.11.24 10:53:02.421,0.78275,0.7832,1.00,3.60
2008.11.24 10:53:02.471,0.78275,0.7832,1.00,3.00
2008.11.24 10:53:03.202,0.78275,0.7832,1.00,4.60
2008.11.24 10:53:07.030,0.78275,0.78315,1.00,5.20
2008.11.24 10:53:07.140,0.78275,0.7832,1.00,4.60
2008.11.24 10:53:08.260,0.7827,0.7831,5.80,1.40
2008.11.24 10:53:08.750,0.78275,0.7832,1.00,4.60
2008.11.24 10:53:09.110,0.78275,0.78315,1.00,1.60
2008.11.24 10:53:09.450,0.78275,0.78315,1.00,3.20
2008.11.24 10:53:10.290,0.78265,0.7831,1.00,1.40
2008.11.24 10:53:10.639,0.78265,0.7831,1.00,3.00
2008.11.24 10:53:10.939,0.7827,0.7831,1.00,1.60
2008.11.24 10:53:12.339,0.78265,0.7831,5.80,3.00
2008.11.24 10:53:12.789,0.78265,0.7831,5.80,4.60
2008.11.24 10:53:13.019,0.7827,0.783,1.00,3.20
2008.11.24 10:53:13.359,0.78255,0.783,5.80,4.60
2008.11.24 10:53:13.749,0.78255,0.783,1.00,3.00
2008.11.24 10:53:14.089,0.7825,0.7829,1.00,1.40
2008.11.24 10:53:15.128,0.7824,0.78285,1.00,3.00
2008.11.24 10:53:15.588,0.78235,0.7828,1.00,4.60
2008.11.24 10:53:15.868,0.78235,0.78275,1.00,1.60
2008.11.24 10:53:20.037,0.78235,0.7827,1.00,1.60
2008.11.24 10:53:20.327,0.7823,0.78265,1.00,3.20
2008.11.24 10:53:20.607,0.78225,0.78265,5.80,4.60
2008.11.24 10:53:20.787,0.7822,0.7826,1.00,1.40
2008.11.24 10:53:21.087,0.7822,0.78265,1.00,7.80
2008.11.24 10:53:21.257,0.7822,0.7826,5.80,1.60
2008.11.24 10:53:21.617,0.7822,0.7826,5.80,3.20
2008.11.24 10:53:22.026,0.78215,0.7826,5.80,1.40
2008.11.24 10:53:22.267,0.78225,0.7827,1.00,4.60
2008.11.24 10:53:22.616,0.78225,0.7827,1.00,3.00
2008.11.24 10:53:23.026,0.78225,0.7827,1.00,1.40
2008.11.24 10:53:23.306,0.7823,0.78275,1.00,10.00
2008.11.24 10:53:23.526,0.78225,0.7827,1.60,1.40
2008.11.24 10:53:23.886,0.78235,0.78275,1.00,3.00
2008.11.24 10:53:24.646,0.78235,0.78275,1.00,1.40
2008.11.24 10:53:25.146,0.7823,0.78275,5.80,1.40
2008.11.24 10:53:25.546,0.7823,0.78275,1.00,1.40
2008.11.24 10:53:26.226,0.7823,0.78275,5.80,1.40
2008.11.24 10:53:26.635,0.7823,0.78275,1.00,1.40
2008.11.24 10:53:27.035,0.7823,0.78275,1.00,1.40
2008.11.24 10:53:27.155,0.7823,0.78275,5.80,1.40
2008.11.24 10:53:27.985,0.78235,0.7828,1.00,8.40
2008.11.24 10:53:28.215,0.78235,0.7828,1.00,3.00
2008.11.24 10:53:28.625,0.7824,0.7828,1.00,1.60
2008.11.24 10:53:28.855,0.7824,0.78285,1.00,1.40
2008.11.24 10:53:29.185,0.78245,0.7829,1.00,5.20
2008.11.24 10:53:29.585,0.78245,0.7829,1.00,3.00
2008.11.24 10:53:29.875,0.78245,0.7829,5.80,4.60
2008.11.24 10:53:30.145,0.78245,0.7829,1.00,4.60
2008.11.24 10:53:30.375,0.78245,0.7829,1.00,3.00
2008.11.24 10:53:31.484,0.78245,0.7829,1.00,3.60
2008.11.24 10:53:31.654,0.78245,0.7829,1.00,8.40
2008.11.24 10:53:32.224,0.78245,0.7829,1.00,3.60
2008.11.24 10:53:32.334,0.78245,0.7829,1.00,3.00
2008.11.24 10:53:32.804,0.78245,0.7829,1.00,7.80
2008.11.24 10:53:33.024,0.78245,0.7829,1.00,8.40
2008.11.24 10:53:33.134,0.78245,0.7829,1.00,3.00
2008.11.24 10:53:33.664,0.78245,0.7828,1.00,1.60
2008.11.24 10:53:34.043,0.7824,0.78284,1.00,1.20
2008.11.24 10:53:34.384,0.7824,0.78285,1.00,3.00
2008.11.24 10:53:34.734,0.7824,0.78285,1.00,4.60
2008.11.24 10:53:46.721,0.7824,0.78285,1.00,3.00
2008.11.24 10:53:47.760,0.7824,0.78285,1.00,4.60
2008.11.24 10:53:48.350,0.7824,0.78285,1.00,8.40
2008.11.24 10:53:48.640,0.78235,0.7828,5.80,1.40
2008.11.24 10:53:49.260,0.78235,0.7828,1.00,3.00
2008.11.24 10:53:49.920,0.78235,0.7828,1.00,1.40
2008.11.24 10:53:50.330,0.7825,0.7829,1.00,4.60
2008.11.24 10:53:50.610,0.7824,0.78285,1.00,1.40
2008.11.24 10:53:50.950,0.78245,0.7829,1.00,8.40
2008.11.24 10:53:51.419,0.78245,0.78285,1.00,1.40
2008.11.24 10:53:51.809,0.78245,0.7829,1.00,1.40
2008.11.24 10:53:52.199,0.7825,0.78295,1.00,3.00
2008.11.24 10:53:52.729,0.7825,0.7829,1.00,1.40
2008.11.24 10:53:52.949,0.7825,0.7829,1.00,3.00
2008.11.24 10:53:53.169,0.78245,0.7829,4.80,3.00
2008.11.24 10:53:53.509,0.7825,0.7829,1.00,3.00
2008.11.24 10:53:54.199,0.78245,0.7829,5.80,3.00
2008.11.24 10:53:54.429,0.78245,0.7829,1.00,3.00
2008.11.24 10:53:54.658,0.7825,0.7829,1.00,3.00
2008.11.24 10:53:55.429,0.7825,0.7829,1.00,1.40
2008.11.24 10:53:55.769,0.7825,0.78285,1.00,1.60
2008.11.24 10:53:56.058,0.7825,0.7829,1.00,3.00
2008.11.24 10:53:56.388,0.7825,0.78289,1.00,1.20
2008.11.24 10:53:56.868,0.7825,0.78285,1.00,1.60
2008.11.24 10:53:57.148,0.78245,0.78289,1.00,1.20
2008.11.24 10:53:57.428,0.7825,0.78285,1.00,1.60
2008.11.24 10:53:57.728,0.78245,0.78285,1.00,1.60
2008.11.24 10:53:58.068,0.78245,0.78285,1.00,3.00
2008.11.24 10:53:59.808,0.78245,0.78285,1.00,1.60
2008.11.24 10:54:00.237,0.7825,0.7829,1.00,10.00
2008.11.24 10:54:00.467,0.7825,0.78285,1.00,1.60
2008.11.24 10:54:00.757,0.7825,0.78289,1.00,1.20
2008.11.24 10:54:01.107,0.78245,0.78285,5.80,3.00
2008.11.24 10:54:01.387,0.78245,0.78285,1.00,1.40
2008.11.24 10:54:01.837,0.78245,0.7829,1.00,8.40
2008.11.24 10:54:02.137,0.78245,0.7829,1.00,3.00
2008.11.24 10:54:05.906,0.78245,0.7829,1.00,1.40
2008.11.24 10:54:06.316,0.7825,0.7829,1.00,1.60
2008.11.24 10:54:06.606,0.7825,0.78289,1.00,1.20
2008.11.24 10:54:06.726,0.78245,0.78289,1.00,1.20
2008.11.24 10:54:06.906,0.78245,0.7829,1.00,4.60
2008.11.24 10:54:07.716,0.7825,0.7829,1.00,3.20
2008.11.24 10:54:08.295,0.7825,0.7829,1.00,3.00
2008.11.24 10:54:08.815,0.7825,0.7829,1.00,1.60
2008.11.24 10:54:09.106,0.78245,0.7829,1.00,3.00
2008.11.24 10:54:09.335,0.7825,0.7829,1.00,3.20
2008.11.24 10:54:09.685,0.78245,0.7829,4.80,4.60
2008.11.24 10:54:09.975,0.7825,0.7829,1.00,3.20
2008.11.24 10:54:10.215,0.7825,0.7829,1.00,1.60
2008.11.24 10:54:10.445,0.78245,0.7829,1.00,3.00
2008.11.24 10:54:10.725,0.7825,0.7829,1.00,1.60
2008.11.24 10:54:11.634,0.78245,0.78285,5.80,1.40
2008.11.24 10:54:11.865,0.78245,0.78285,4.80,1.40
2008.11.24 10:54:11.985,0.7824,0.78285,1.00,1.40
2008.11.24 10:54:12.334,0.7825,0.7829,1.00,1.60
2008.11.24 10:54:17.763,0.78255,0.7829,1.00,1.60
2008.11.24 10:54:18.893,0.7825,0.7829,1.00,3.00
2008.11.24 10:54:20.952,0.78255,0.7829,1.00,1.60
2008.11.24 10:54:21.132,0.7825,0.7829,4.80,1.60
2008.11.24 10:54:21.242,0.7825,0.7829,5.80,1.60
2008.11.24 10:54:21.352,0.7825,0.7829,1.00,1.60
2008.11.24 10:54:22.492,0.7825,0.7829,1.00,3.00
2008.11.24 10:54:24.503,0.7825,0.7829,1.00,1.60
2008.11.24 10:54:24.732,0.78245,0.7829,5.80,3.00
2008.11.24 10:54:25.571,0.7825,0.7829,1.00,1.60
2008.11.24 10:54:25.791,0.7825,0.7829,1.00,3.00
2008.11.24 10:54:26.081,0.7825,0.7829,1.00,1.60
2008.11.24 10:54:26.311,0.7825,0.7829,1.00,3.00
2008.11.24 10:54:26.841,0.7825,0.7829,1.00,1.60
2008.11.24 10:54:27.201,0.7825,0.7829,1.00,3.00
2008.11.24 10:54:27.541,0.7825,0.7829,1.00,1.60
2008.11.24 10:54:27.951,0.7825,0.7829,1.00,3.00
2008.11.24 10:54:28.790,0.7825,0.7829,1.00,1.60
2008.11.24 10:54:29.191,0.7825,0.7829,1.00,3.00
2008.11.24 10:54:29.370,0.7825,0.7829,1.00,1.60
2008.11.24 10:54:29.730,0.78245,0.7829,5.80,3.00
2008.11.24 10:54:29.910,0.78245,0.7829,1.00,3.00
2008.11.24 10:54:30.360,0.7825,0.7829,1.00,1.60
2008.11.24 10:54:30.650,0.78245,0.7829,1.00,3.00
2008.11.24 10:54:30.930,0.7825,0.7829,1.00,1.60
2008.11.24 10:54:41.347,0.78255,0.7829,1.00,1.60
2008.11.24 10:54:42.157,0.78255,0.78295,1.00,3.20
2008.11.24 10:54:56.974,0.78255,0.7829,1.00,1.60
2008.11.24 10:54:57.083,0.7825,0.7829,5.80,1.60
2008.11.24 10:54:57.304,0.7825,0.7829,1.00,1.60
2008.11.24 10:54:58.743,0.7825,0.78295,5.80,4.60
2008.11.24 10:54:59.083,0.78255,0.78295,1.00,3.20
2008.11.24 10:54:59.383,0.7825,0.78295,5.80,4.60
2008.11.24 10:54:59.613,0.7825,0.78295,1.00,4.60
2008.11.24 10:54:59.953,0.78255,0.78299,1.00,1.20
2008.11.24 10:55:00.243,0.78255,0.783,1.00,4.60
2008.11.24 10:55:00.483,0.7826,0.783,1.00,3.00
2008.11.24 10:55:01.003,0.78255,0.783,1.00,3.00
2008.11.24 10:55:01.462,0.7826,0.783,1.00,1.60
2008.11.24 10:55:01.803,0.78265,0.783,1.00,1.60
2008.11.24 10:55:03.892,0.7826,0.783,1.00,1.60
2008.11.24 10:55:05.881,0.7826,0.783,1.00,3.20
2008.11.24 10:55:06.401,0.78255,0.783,1.00,3.00
2008.11.24 10:55:06.872,0.7826,0.783,1.00,3.20
2008.11.24 10:55:07.091,0.78255,0.783,1.00,4.60
2008.11.24 10:55:07.321,0.78255,0.783,1.00,3.00
2008.11.24 10:55:07.601,0.7827,0.78305,1.00,1.00
2008.11.24 10:55:07.841,0.7827,0.7831,1.00,1.60
2008.11.24 10:55:07.961,0.78265,0.78305,5.80,3.20
2008.11.24 10:55:08.251,0.78265,0.78305,1.00,3.20
2008.11.24 10:55:10.970,0.78265,0.78305,5.80,3.20
2008.11.24 10:55:11.650,0.78265,0.78305,4.80,3.20
2008.11.24 10:55:11.830,0.78265,0.78305,1.00,3.20
2008.11.24 10:55:12.160,0.7826,0.78305,5.80,4.60
2008.11.24 10:55:12.320,0.7826,0.78305,1.00,4.60
2008.11.24 10:55:12.480,0.78265,0.78305,1.00,3.20
2008.11.24 10:55:14.169,0.78265,0.783,1.00,1.60
2008.11.24 10:55:14.909,0.7826,0.783,1.00,1.60
2008.11.24 10:55:15.359,0.7826,0.783,1.00,3.20
2008.11.24 10:55:20.708,0.7826,0.783,1.00,1.60
2008.11.24 10:55:21.788,0.7826,0.783,5.80,1.60
2008.11.24 10:55:24.037,0.78265,0.78295,1.00,1.60
2008.11.24 10:55:24.207,0.78265,0.78295,1.00,3.20
2008.11.24 10:55:24.677,0.7825,0.78295,5.80,4.60
2008.11.24 10:55:24.907,0.7825,0.7829,5.80,3.20
2008.11.24 10:55:25.427,0.7825,0.7829,1.00,4.60
2008.11.24 10:55:26.517,0.78245,0.7829,1.00,4.60
2008.11.24 10:55:27.496,0.7825,0.7829,1.00,1.60
2008.11.24 10:55:29.496,0.7825,0.7829,1.00,3.00
2008.11.24 10:55:29.846,0.7825,0.7829,1.00,1.60
2008.11.24 10:55:31.155,0.78245,0.7829,1.00,3.00
2008.11.24 10:55:31.326,0.7825,0.7829,1.00,1.40
2008.11.24 10:55:33.835,0.78245,0.7829,1.00,1.40
2008.11.24 10:55:34.065,0.78245,0.7829,1.00,3.00
2008.11.24 10:55:34.565,0.7825,0.78295,1.60,1.40
2008.11.24 10:55:34.734,0.78255,0.78295,1.00,3.20
2008.11.24 10:55:36.334,0.7825,0.78295,1.00,4.60
2008.11.24 10:55:36.674,0.78255,0.78295,1.00,4.60
2008.11.24 10:55:37.134,0.7825,0.7829,1.00,1.40
2008.11.24 10:55:37.734,0.78255,0.7829,1.00,1.60
2008.11.24 10:55:37.974,0.78255,0.78294,1.00,1.20
2008.11.24 10:55:38.533,0.7825,0.7829,1.00,4.60
2008.11.24 10:55:38.824,0.7825,0.78285,1.00,1.60
2008.11.24 10:55:39.174,0.7825,0.78285,1.00,3.20
2008.11.24 10:55:39.623,0.7825,0.78275,1.00,3.20
2008.11.24 10:55:39.963,0.7825,0.7827,1.00,1.60
2008.11.24 10:55:40.253,0.7825,0.78265,1.00,1.60
2008.11.24 10:55:40.593,0.7825,0.78269,1.00,1.20
2008.11.24 10:55:40.943,0.78245,0.7827,1.00,1.60
2008.11.24 10:55:41.343,0.78245,0.78275,1.00,6.80
2008.11.24 10:55:41.673,0.78245,0.78275,1.00,2.00
2008.11.24 10:55:41.973,0.78245,0.7827,1.00,1.60
2008.11.24 10:55:42.143,0.7824,0.78275,1.00,3.20
2008.11.24 10:55:43.053,0.7823,0.7827,1.00,1.40
2008.11.24 10:55:43.522,0.7823,0.78275,1.00,4.60
2008.11.24 10:55:43.802,0.7823,0.7827,1.00,1.40
2008.11.24 10:55:44.732,0.7823,0.7827,5.80,1.40
2008.11.24 10:55:45.542,0.7823,0.78275,5.80,3.00
2008.11.24 10:55:45.772,0.7823,0.78275,1.00,3.00
2008.11.24 10:55:45.942,0.78235,0.78275,1.00,3.00
2008.11.24 10:55:46.122,0.78235,0.78275,1.00,4.60
2008.11.24 10:55:46.852,0.78235,0.78275,1.00,3.20
2008.11.24 10:55:47.091,0.78235,0.78275,1.00,1.60
2008.11.24 10:55:47.262,0.78235,0.7827,1.00,1.60
2008.11.24 10:55:47.732,0.7823,0.78265,1.00,1.60
2008.11.24 10:55:48.641,0.7823,0.78269,1.00,1.20
2008.11.24 10:55:49.031,0.7823,0.7827,1.00,3.20
2008.11.24 10:55:49.601,0.7823,0.78265,1.00,1.60
2008.11.24 10:55:50.001,0.7823,0.78265,1.00,3.20
2008.11.24 10:55:50.620,0.7823,0.78265,1.00,1.60
2008.11.24 10:55:50.971,0.7823,0.7826,1.00,3.20
2008.11.24 10:55:51.310,0.7823,0.7826,1.00,1.60
2008.11.24 10:55:51.710,0.7822,0.78255,1.00,1.40
2008.11.24 10:55:51.980,0.7823,0.7826,1.00,3.20
2008.11.24 10:55:52.431,0.7822,0.7826,1.00,3.20
2008.11.24 10:55:52.780,0.7822,0.78255,1.00,1.60
2008.11.24 10:55:53.000,0.7822,0.78259,5.80,1.20
2008.11.24 10:55:53.280,0.7822,0.78255,1.00,1.60
2008.11.24 10:55:53.510,0.7822,0.7825,5.80,1.60
2008.11.24 10:55:53.810,0.7822,0.7825,4.80,1.60
2008.11.24 10:55:54.270,0.78215,0.7825,1.00,1.60
2008.11.24 10:55:55.339,0.78215,0.78255,1.00,3.20
2008.11.24 10:55:57.619,0.78215,0.7825,1.00,1.60
2008.11.24 10:55:58.009,0.7821,0.7825,4.80,1.60
2008.11.24 10:55:58.059,0.7821,0.7825,1.00,1.60
2008.11.24 10:55:58.629,0.7821,0.7825,1.00,1.60
2008.11.24 10:55:58.749,0.7821,0.7825,5.80,1.60
2008.11.24 10:55:58.969,0.78215,0.7825,1.00,1.60
2008.11.24 10:56:01.408,0.78215,0.78255,1.00,3.20
2008.11.24 10:56:06.377,0.78215,0.78255,1.00,1.60
2008.11.24 10:56:06.607,0.78215,0.78255,5.80,1.60
2008.11.24 10:56:06.997,0.78215,0.78255,1.00,1.60
2008.11.24 10:56:07.517,0.78215,0.7825,1.00,1.60
2008.11.24 10:56:07.756,0.78215,0.78255,1.00,3.20
2008.11.24 10:56:08.246,0.78215,0.7825,1.00,1.60
2008.11.24 10:56:08.766,0.78215,0.78255,1.00,3.20
2008.11.24 10:56:09.106,0.78215,0.78255,1.00,1.60
2008.11.24 10:56:09.626,0.78215,0.78255,1.00,1.60
2008.11.24 10:56:10.026,0.78215,0.78255,1.00,1.60
2008.11.24 10:56:13.155,0.78215,0.78255,5.80,1.60
2008.11.24 10:56:13.775,0.7822,0.78255,1.00,1.60
2008.11.24 10:56:14.005,0.7822,0.78255,1.00,3.20
2008.11.24 10:56:14.765,0.7822,0.78254,1.00,1.20
2008.11.24 10:56:15.444,0.7822,0.78255,1.00,3.20
2008.11.24 10:56:16.124,0.7822,0.78255,1.00,1.60
2008.11.24 10:56:17.794,0.7822,0.78255,1.00,3.20
2008.11.24 10:56:18.135,0.7822,0.78255,1.00,1.60
2008.11.24 10:56:19.723,0.7822,0.78255,1.00,3.20
2008.11.24 10:56:20.064,0.7822,0.78255,1.00,1.60
2008.11.24 10:56:21.723,0.7822,0.78255,1.00,3.20
2008.11.24 10:56:22.253,0.7822,0.78255,1.00,1.60
2008.11.24 10:56:22.373,0.7822,0.78255,1.00,6.80
2008.11.24 10:56:22.493,0.7822,0.78255,1.00,5.20
2008.11.24 10:56:22.883,0.7822,0.7826,1.00,6.40
2008.11.24 10:56:23.113,0.7822,0.7826,1.00,3.20
2008.11.24 10:56:23.702,0.78215,0.7826,1.00,4.60
2008.11.24 10:56:24.053,0.7822,0.7826,1.00,4.60
2008.11.24 10:56:24.463,0.7822,0.7826,1.00,3.00
2008.11.24 10:56:24.812,0.7822,0.7826,5.80,3.00
2008.11.24 10:56:25.552,0.7822,0.7826,1.00,4.60
2008.11.24 10:56:26.482,0.7822,0.7826,1.00,3.00
2008.11.24 10:56:26.992,0.7822,0.7826,1.00,1.40
2008.11.24 10:56:27.322,0.7822,0.7826,1.00,1.40
2008.11.24 10:56:27.492,0.7822,0.7826,5.80,1.40
2008.11.24 10:56:28.141,0.7822,0.7826,1.00,1.40
2008.11.24 10:56:28.362,0.78215,0.7826,7.40,1.40
2008.11.24 10:56:28.772,0.7822,0.7826,5.80,3.00
2008.11.24 10:56:29.141,0.78215,0.7826,5.80,1.40
2008.11.24 10:56:29.471,0.78225,0.7826,5.80,1.40
2008.11.24 10:56:31.441,0.78225,0.7826,4.80,1.40
2008.11.24 10:56:31.611,0.7822,0.7826,5.80,1.40
2008.11.24 10:56:31.841,0.78225,0.7826,5.80,1.40
2008.11.24 10:56:32.400,0.78225,0.78255,5.80,1.40
2008.11.24 10:56:32.630,0.78225,0.7825,5.80,1.40
2008.11.24 10:56:32.860,0.78225,0.7826,4.80,1.40
2008.11.24 10:56:33.201,0.7822,0.7826,1.00,1.40
2008.11.24 10:56:33.480,0.78225,0.7826,5.80,1.40
2008.11.24 10:56:33.880,0.78225,0.78265,5.80,3.00
2008.11.24 10:56:34.410,0.78215,0.7826,7.40,1.40
2008.11.24 10:56:34.770,0.78225,0.7826,5.80,1.40
2008.11.24 10:56:35.110,0.78225,0.78265,5.80,3.00
2008.11.24 10:56:38.619,0.78225,0.78265,5.80,1.40
2008.11.24 10:56:39.599,0.7822,0.78265,5.80,1.40
2008.11.24 10:56:39.959,0.7823,0.7827,1.00,4.60
2008.11.24 10:56:42.128,0.78225,0.78265,5.80,1.40
2008.11.24 10:56:46.037,0.7822,0.78265,5.80,1.40
2008.11.24 10:56:51.186,0.78225,0.78265,4.80,1.40
2008.11.24 10:56:51.296,0.78225,0.78265,5.80,1.40
2008.11.24 10:56:54.405,0.78225,0.78265,4.80,1.40
2008.11.24 10:56:54.865,0.7823,0.7827,1.00,4.60
2008.11.24 10:56:55.285,0.7823,0.7827,1.00,3.00
2008.11.24 10:56:55.465,0.7823,0.7827,1.00,4.60
2008.11.24 10:56:55.705,0.7823,0.7827,1.00,3.00
2008.11.24 10:56:56.885,0.78225,0.7827,1.00,3.00
2008.11.24 10:56:57.734,0.78225,0.78265,1.00,3.20
2008.11.24 10:56:57.904,0.78225,0.78265,1.00,1.60
2008.11.24 10:56:59.074,0.7823,0.78265,1.00,1.60
2008.11.24 10:57:00.054,0.7823,0.7827,1.00,3.00
2008.11.24 10:57:00.394,0.7823,0.7827,1.00,1.60
2008.11.24 10:57:00.734,0.7823,0.78275,1.00,3.00
2008.11.24 10:57:01.113,0.7823,0.7827,1.00,1.40
2008.11.24 10:57:01.503,0.78225,0.7827,6.40,1.40
2008.11.24 10:57:01.843,0.7823,0.7827,1.00,1.40
2008.11.24 10:57:02.183,0.78235,0.7827,5.80,1.40
2008.11.24 10:57:02.783,0.78235,0.78275,5.80,1.40
2008.11.24 10:57:03.953,0.78235,0.78275,7.40,1.40
2008.11.24 10:57:05.792,0.7824,0.78285,1.00,1.40
2008.11.24 10:57:06.542,0.78235,0.7828,7.40,1.40
2008.11.24 10:57:07.102,0.7824,0.78285,1.00,3.00
2008.11.24 10:57:07.452,0.7824,0.78285,1.00,8.40
2008.11.24 10:57:08.452,0.78245,0.78285,1.00,8.40
2008.11.24 10:57:09.042,0.7824,0.78285,1.00,3.00
2008.11.24 10:57:09.562,0.7824,0.78285,1.00,7.80
2008.11.24 10:57:09.801,0.7824,0.78285,1.00,8.40
2008.11.24 10:57:11.121,0.7824,0.78285,1.00,1.40
2008.11.24 10:57:11.701,0.78245,0.78285,1.00,1.40
2008.11.24 10:57:12.441,0.78245,0.78285,5.80,1.40
2008.11.24 10:57:12.561,0.78245,0.7829,5.80,1.40
2008.11.24 10:57:12.901,0.7825,0.7829,5.80,1.40
2008.11.24 10:57:13.301,0.78255,0.78295,1.00,3.20
2008.11.24 10:57:14.960,0.78255,0.7829,1.00,1.60
2008.11.24 10:57:16.060,0.7825,0.78295,1.00,9.40
2008.11.24 10:57:16.240,0.7825,0.78295,1.00,4.60
2008.11.24 10:57:17.920,0.78255,0.78295,1.00,3.20
2008.11.24 10:57:21.029,0.78245,0.7829,1.00,1.40
2008.11.24 10:57:21.369,0.7825,0.7829,1.00,1.40
2008.11.24 10:57:21.759,0.7825,0.78295,1.00,4.60
2008.11.24 10:57:25.628,0.7825,0.78295,1.00,5.20
2008.11.24 10:57:26.018,0.7825,0.78295,1.00,4.60
2008.11.24 10:57:26.877,0.7825,0.78295,1.00,10.00
2008.11.24 10:57:27.647,0.7825,0.7829,1.00,5.20
2008.11.24 10:57:28.517,0.7825,0.7829,1.00,6.80
2008.11.24 10:57:28.687,0.7825,0.7829,1.00,5.20
2008.11.24 10:57:29.147,0.7825,0.7829,5.80,1.40
2008.11.24 10:57:29.767,0.7825,0.78285,5.80,1.40
2008.11.24 10:57:30.107,0.78255,0.78295,1.00,3.20
2008.11.24 10:57:31.566,0.78255,0.78295,1.00,1.60
2008.11.24 10:57:32.766,0.7826,0.78295,1.00,1.60
2008.11.24 10:57:35.805,0.78255,0.78295,1.00,1.60
2008.11.24 10:57:35.975,0.78255,0.78295,1.00,1.60
2008.11.24 10:57:37.865,0.7826,0.78295,1.00,1.60
2008.11.24 10:57:41.674,0.78255,0.78295,5.80,3.00
2008.11.24 10:57:41.794,0.78255,0.78295,1.00,3.00
2008.11.24 10:57:41.854,0.78255,0.78295,1.00,3.00
2008.11.24 10:57:47.292,0.7826,0.78295,1.00,1.60
2008.11.24 10:57:47.402,0.7826,0.783,1.00,3.00
2008.11.24 10:57:48.312,0.78255,0.78295,1.00,1.40
2008.11.24 10:57:48.702,0.78255,0.78295,1.00,3.00
2008.11.24 10:57:49.782,0.78255,0.78295,5.80,3.00
2008.11.24 10:57:49.952,0.7826,0.78295,1.00,1.60
2008.11.24 10:57:50.072,0.78255,0.78295,4.80,1.60
2008.11.24 10:57:50.192,0.78255,0.78295,1.00,1.60
2008.11.24 10:57:50.571,0.7826,0.78295,1.00,1.60
2008.11.24 10:57:51.681,0.78255,0.78295,5.80,3.00
2008.11.24 10:57:52.162,0.7826,0.7829,1.00,1.60
2008.11.24 10:57:53.191,0.78245,0.7829,1.00,3.00
2008.11.24 10:57:54.151,0.78245,0.78285,1.00,1.40
2008.11.24 10:57:56.140,0.78245,0.78285,1.00,3.00
2008.11.24 10:57:56.310,0.7824,0.78285,1.00,4.60
2008.11.24 10:57:56.480,0.7824,0.78285,1.00,5.20
2008.11.24 10:57:56.600,0.7824,0.78285,1.00,10.00
2008.11.24 10:57:59.219,0.7824,0.78285,1.00,8.40
2008.11.24 10:57:59.599,0.7824,0.78285,1.00,7.80
2008.11.24 10:57:59.899,0.7824,0.78285,1.00,3.00
2008.11.24 10:58:00.419,0.7824,0.78285,5.80,3.00
2008.11.24 10:58:00.659,0.78245,0.78285,1.00,1.60
2008.11.24 10:58:01.349,0.78245,0.7829,1.00,3.00
2008.11.24 10:58:05.278,0.78245,0.7828,1.00,1.60
2008.11.24 10:58:05.738,0.78245,0.78285,1.00,1.60
2008.11.24 10:58:06.008,0.78245,0.7828,1.00,5.20
2008.11.24 10:58:06.238,0.78245,0.78285,1.00,1.60
2008.11.24 10:58:06.468,0.78245,0.78285,1.00,3.00
2008.11.24 10:58:07.097,0.7824,0.78285,1.00,3.00
2008.11.24 10:58:12.656,0.7824,0.7828,1.00,1.60
2008.11.24 10:58:12.716,0.7824,0.78275,1.00,1.60
2008.11.24 10:58:13.066,0.78235,0.7827,5.80,3.00
2008.11.24 10:58:13.117,0.78235,0.7827,5.80,9.40
2008.11.24 10:58:13.296,0.7823,0.7827,1.00,9.40
2008.11.24 10:58:13.586,0.78225,0.7827,1.00,8.40
2008.11.24 10:58:13.816,0.78225,0.7827,1.00,3.00
2008.11.24 10:58:18.425,0.7823,0.7827,1.00,1.60
2008.11.24 10:58:18.595,0.7823,0.7827,1.00,3.00
2008.11.24 10:58:18.765,0.78235,0.78275,1.00,5.20
2008.11.24 10:58:19.165,0.78235,0.78275,1.00,4.80
2008.11.24 10:58:19.565,0.78235,0.7828,5.80,3.00
2008.11.24 10:58:20.035,0.7824,0.78285,1.00,4.60
2008.11.24 10:58:20.385,0.7824,0.78285,1.00,3.00
2008.11.24 10:58:22.224,0.7825,0.78289,1.00,1.20
2008.11.24 10:58:22.334,0.7824,0.78285,1.60,1.40
2008.11.24 10:58:22.504,0.78245,0.7829,1.00,8.40
2008.11.24 10:58:22.674,0.78245,0.7829,1.00,3.00
2008.11.24 10:58:22.834,0.78245,0.78285,1.00,1.40
2008.11.24 10:58:23.504,0.78245,0.7828,1.00,4.80
2008.11.24 10:58:23.784,0.78235,0.7828,1.00,2.00
2008.11.24 10:58:24.023,0.7824,0.78285,1.00,10.00
2008.11.24 10:58:24.314,0.7824,0.78285,1.00,4.60
2008.11.24 10:58:29.282,0.7824,0.78285,1.00,3.00
2008.11.24 10:58:30.752,0.78245,0.78285,1.00,1.60
2008.11.24 10:58:31.032,0.7824,0.78285,5.80,3.00
2008.11.24 10:58:31.372,0.7824,0.78285,1.00,3.00
2008.11.24 10:58:32.401,0.78235,0.7828,7.40,1.40
2008.11.24 10:58:32.631,0.78235,0.7828,6.40,1.40
2008.11.24 10:58:32.751,0.78235,0.7828,1.60,1.40
2008.11.24 10:58:33.631,0.7824,0.78285,1.00,8.40
2008.11.24 10:58:33.801,0.7824,0.78285,1.00,3.60
2008.11.24 10:58:34.021,0.78235,0.7828,7.40,1.40
2008.11.24 10:58:34.621,0.78235,0.7828,6.40,1.40
2008.11.24 10:58:34.861,0.78235,0.7828,1.60,1.40
2008.11.24 10:58:38.870,0.78235,0.7828,2.60,1.40
2008.11.24 10:58:39.110,0.7824,0.78285,1.00,3.00
2008.11.24 10:58:39.460,0.7824,0.7828,1.00,1.60
2008.11.24 10:58:39.790,0.78235,0.7828,1.00,3.00
2008.11.24 10:58:40.080,0.78235,0.78275,1.00,1.40
2008.11.24 10:58:43.019,0.7823,0.78275,5.80,1.40
2008.11.24 10:58:43.309,0.78235,0.78275,1.00,1.40
2008.11.24 10:58:43.659,0.78235,0.7828,1.00,1.40
2008.11.24 10:58:45.268,0.78235,0.78275,1.00,1.40
2008.11.24 10:58:46.178,0.78235,0.7828,1.00,1.40
2008.11.24 10:58:51.917,0.7823,0.78275,7.40,1.40
2008.11.24 10:58:52.037,0.7823,0.78275,2.60,1.40
2008.11.24 10:58:52.157,0.7823,0.78275,1.60,1.40
2008.11.24 10:58:55.736,0.78235,0.78275,1.60,1.40
2008.11.24 10:58:56.096,0.78235,0.7828,1.60,6.80
2008.11.24 10:58:56.256,0.78235,0.7828,1.00,1.40
2008.11.24 10:58:58.615,0.78235,0.7828,1.00,3.00
2008.11.24 10:58:58.895,0.7823,0.78275,7.40,1.40
2008.11.24 10:58:59.465,0.7823,0.78275,6.40,1.40
2008.11.24 10:58:59.905,0.7824,0.78285,1.00,3.00
2008.11.24 10:59:00.265,0.78245,0.78285,1.00,5.20
2008.11.24 10:59:00.675,0.7824,0.7828,5.80,1.40
2008.11.24 10:59:00.975,0.7825,0.7829,1.00,3.00
2008.11.24 10:59:01.215,0.7825,0.78285,1.00,1.60
2008.11.24 10:59:01.334,0.7825,0.78285,1.00,3.20
2008.11.24 10:59:01.555,0.7825,0.78285,1.00,1.60
2008.11.24 10:59:01.614,0.78245,0.78285,1.00,1.40
2008.11.24 10:59:01.845,0.78245,0.7829,1.00,14.80
2008.11.24 10:59:01.954,0.7824,0.78285,5.80,4.60
2008.11.24 10:59:02.124,0.7824,0.78285,4.80,4.60
2008.11.24 10:59:02.404,0.78235,0.7828,1.00,3.00
2008.11.24 10:59:03.074,0.7823,0.78275,5.80,1.40
2008.11.24 10:59:03.364,0.78235,0.7828,1.00,3.60
2008.11.24 10:59:03.424,0.78235,0.7828,1.00,8.40
2008.11.24 10:59:03.544,0.78235,0.7828,1.00,3.60
2008.11.24 10:59:03.834,0.78235,0.7828,1.00,3.00
2008.11.24 10:59:05.623,0.7823,0.7827,4.80,1.40
2008.11.24 10:59:05.843,0.7823,0.7827,1.00,1.40
2008.11.24 10:59:06.083,0.78225,0.7827,1.60,1.40
2008.11.24 10:59:06.313,0.78235,0.78275,1.00,6.80
2008.11.24 10:59:06.823,0.78235,0.78275,1.00,1.40
2008.11.24 10:59:07.573,0.78235,0.7828,1.00,3.00
2008.11.24 10:59:07.853,0.78235,0.78275,1.00,1.40
2008.11.24 10:59:09.443,0.78235,0.7828,1.00,3.00
2008.11.24 10:59:11.512,0.78235,0.78275,1.00,1.40
2008.11.24 10:59:11.672,0.78235,0.7828,1.00,3.00
2008.11.24 10:59:19.590,0.78235,0.7828,1.00,4.60
2008.11.24 10:59:19.930,0.7823,0.78275,1.00,1.40
2008.11.24 10:59:23.479,0.7823,0.78275,1.00,3.00
2008.11.24 10:59:23.769,0.7823,0.78275,1.00,4.60
2008.11.24 10:59:24.009,0.7823,0.78275,1.00,3.00
2008.11.24 10:59:24.869,0.7823,0.7827,1.00,1.40
2008.11.24 10:59:25.259,0.7823,0.78275,1.00,3.00
2008.11.24 10:59:30.209,0.78225,0.7827,7.40,1.40
2008.11.24 10:59:30.618,0.7823,0.7827,1.00,1.60
2008.11.24 10:59:31.247,0.7822,0.78265,1.00,3.00
2008.11.24 10:59:31.527,0.7822,0.78265,3.20,1.40
2008.11.24 10:59:31.808,0.7823,0.7827,1.00,5.20
2008.11.24 10:59:32.207,0.78225,0.7827,1.00,3.00
2008.11.24 10:59:32.487,0.78225,0.7827,1.00,3.00
2008.11.24 10:59:32.947,0.7822,0.78265,5.80,1.40
2008.11.24 10:59:33.417,0.7822,0.7826,5.80,1.60
2008.11.24 10:59:33.647,0.7822,0.7826,1.00,1.60
2008.11.24 10:59:33.987,0.78215,0.7826,5.80,3.00
2008.11.24 10:59:34.276,0.78215,0.7826,1.00,3.00
2008.11.24 10:59:35.516,0.78215,0.78255,1.00,1.60
2008.11.24 10:59:35.676,0.78215,0.78255,1.00,3.00
2008.11.24 10:59:38.665,0.78215,0.78255,1.00,1.40
2008.11.24 10:59:38.996,0.78215,0.78255,1.00,3.00
2008.11.24 10:59:39.696,0.7821,0.7825,1.00,1.40
2008.11.24 10:59:40.575,0.78215,0.78255,1.00,8.40
2008.11.24 10:59:40.805,0.78215,0.78255,1.00,3.00
2008.11.24 10:59:41.365,0.78215,0.78255,1.00,1.40
2008.11.24 10:59:42.335,0.78215,0.7826,1.00,1.40
2008.11.24 10:59:42.615,0.7822,0.7826,1.00,1.40
2008.11.24 10:59:42.835,0.7821,0.78245,4.20,1.40
2008.11.24 10:59:43.055,0.78205,0.78245,7.40,1.40
2008.11.24 10:59:43.354,0.78205,0.78245,7.40,1.40
2008.11.24 10:59:43.644,0.7821,0.7825,1.00,1.40
2008.11.24 10:59:44.004,0.78215,0.78255,1.00,1.40
2008.11.24 10:59:44.634,0.7821,0.78255,1.00,6.20
2008.11.24 10:59:44.974,0.7821,0.7825,3.20,5.20
2008.11.24 10:59:45.334,0.7822,0.78255,1.00,4.80
2008.11.24 10:59:45.754,0.7822,0.78265,1.00,1.40
2008.11.24 10:59:48.633,0.78225,0.7827,1.00,8.40
2008.11.24 10:59:48.973,0.78225,0.7827,1.00,3.00
2008.11.24 10:59:49.713,0.78225,0.7827,1.00,1.40
2008.11.24 10:59:50.502,0.7822,0.78265,6.40,1.40
2008.11.24 10:59:50.972,0.7823,0.7827,1.00,5.20
2008.11.24 10:59:51.312,0.78225,0.78265,7.40,1.40
2008.11.24 10:59:51.612,0.7822,0.78265,7.40,1.40
2008.11.24 10:59:51.942,0.78215,0.7826,7.40,1.40
2008.11.24 10:59:52.232,0.78215,0.7826,6.40,1.40
2008.11.24 10:59:52.412,0.78215,0.78255,1.00,5.20
2008.11.24 10:59:52.623,0.7821,0.7825,1.60,1.40
2008.11.24 10:59:52.912,0.78215,0.78255,1.00,5.20
2008.11.24 10:59:53.192,0.78225,0.78255,1.60,1.40
2008.11.24 10:59:53.482,0.7823,0.78275,1.00,6.80
2008.11.24 10:59:53.832,0.7823,0.78275,1.00,2.00
2008.11.24 10:59:54.122,0.7823,0.78275,1.60,1.40
2008.11.24 10:59:54.462,0.7823,0.78275,5.80,1.40
2008.11.24 10:59:54.812,0.78225,0.7827,9.00,1.40
2008.11.24 10:59:55.091,0.78235,0.78275,1.60,1.40
2008.11.24 10:59:55.441,0.7824,0.7828,1.00,5.20
2008.11.24 10:59:55.791,0.78245,0.78285,1.00,3.00
2008.11.24 10:59:56.091,0.7824,0.7828,1.00,1.40
2008.11.24 10:59:56.491,0.78235,0.7828,1.00,1.40
2008.11.24 10:59:56.891,0.78235,0.7828,3.20,1.40
2008.11.24 10:59:57.171,0.7824,0.7828,5.80,1.40
2008.11.24 10:59:57.401,0.78245,0.78285,1.00,4.80
2008.11.24 10:59:57.931,0.78245,0.7829,1.00,3.00
2008.11.24 10:59:58.221,0.78245,0.78285,1.00,1.40
2008.11.24 10:59:58.651,0.78245,0.7829,1.00,3.00
2008.11.24 10:59:58.881,0.7824,0.78275,4.80,1.40
2008.11.24 10:59:59.171,0.78235,0.7828,1.60,1.40
2008.11.24 10:59:59.530,0.78235,0.78265,1.00,6.40
2008.11.24 10:59:59.870,0.78215,0.7826,1.00,7.80
