2014.06.06 16:00:00.694,1.14672,1.14686,1.00,2.37
2014.06.06 16:00:01.359,1.14668,1.14684,1.13,1.00
2014.06.06 16:00:04.097,1.14672,1.14686,1.00,2.37
2014.06.06 16:00:05.416,1.14672,1.14686,1.00,2.18
2014.06.06 16:00:05.928,1.14672,1.14689,1.13,2.82
2014.06.06 16:00:07.946,1.14672,1.14689,3.83,1.38
2014.06.06 16:00:08.449,1.14672,1.14688,1.00,1.43
2014.06.06 16:00:09.075,1.14672,1.14688,1.00,1.38
2014.06.06 16:00:10.238,1.14672,1.14688,1.60,1.38
2014.06.06 16:00:10.827,1.14674,1.14688,3.75,1.00
2014.06.06 16:00:12.578,1.14672,1.14688,2.78,1.05
2014.06.06 16:00:13.116,1.14671,1.14688,1.32,1.05
2014.06.06 16:00:13.781,1.14672,1.14688,1.00,1.24
2014.06.06 16:00:15.572,1.1467,1.14688,1.43,1.05
2014.06.06 16:00:15.674,1.1467,1.14688,1.43,1.80
2014.06.06 16:00:16.630,1.1467,1.14688,1.38,2.55
2014.06.06 16:00:19.712,1.14672,1.1469,2.03,3.49
2014.06.06 16:00:19.813,1.14672,1.1469,2.59,2.55
2014.06.06 16:00:20.332,1.14674,1.1469,2.78,1.05
2014.06.06 16:00:20.838,1.14674,1.1469,2.78,1.05
2014.06.06 16:00:21.397,1.14674,1.1469,2.78,1.05
2014.06.06 16:00:23.931,1.14677,1.14692,1.00,2.74
2014.06.06 16:00:30.183,1.14677,1.14692,1.00,2.37
2014.06.06 16:00:30.287,1.14674,1.14692,2.59,1.68
2014.06.06 16:00:30.389,1.14677,1.14692,1.00,1.00
2014.06.06 16:00:30.932,1.14678,1.14694,2.40,1.05
2014.06.06 16:00:34.095,1.14677,1.14693,2.33,2.55
2014.06.06 16:00:35.030,1.14681,1.14692,1.00,1.25
2014.06.06 16:00:35.131,1.14675,1.14692,1.13,1.93
2014.06.06 16:00:35.182,1.14677,1.14692,2.03,1.93
2014.06.06 16:00:35.283,1.14675,1.14692,3.15,1.62
2014.06.06 16:00:35.423,1.14675,1.14688,3.83,1.00
2014.06.06 16:00:35.738,1.14676,1.14688,1.68,1.00
2014.06.06 16:00:37.638,1.14676,1.14694,1.68,1.57
2014.06.06 16:00:38.249,1.14676,1.14693,1.38,1.24
2014.06.06 16:00:46.288,1.1468,1.14694,1.00,1.53
2014.06.06 16:00:46.815,1.1468,1.14694,1.00,1.15
2014.06.06 16:00:47.317,1.14682,1.14694,1.00,1.15
2014.06.06 16:00:48.116,1.1468,1.14694,1.00,1.05
2014.06.06 16:00:48.229,1.14677,1.14694,1.50,1.05
2014.06.06 16:00:48.994,1.14677,1.14694,1.50,1.24
2014.06.06 16:00:51.107,1.14677,1.14694,1.50,1.24
2014.06.06 16:00:58.456,1.14681,1.14694,1.00,1.05
2014.06.06 16:00:59.520,1.14677,1.14694,1.50,1.05
2014.06.06 16:01:03.292,1.14677,1.14695,2.74,1.69
2014.06.06 16:01:03.680,1.14682,1.14695,2.48,1.50
2014.06.06 16:01:03.782,1.14687,1.14698,1.50,2.18
2014.06.06 16:01:03.984,1.14687,1.14701,1.00,1.00
2014.06.06 16:01:04.085,1.14687,1.14704,1.50,1.32
2014.06.06 16:01:04.708,1.14687,1.14704,2.18,1.32
2014.06.06 16:01:05.082,1.14691,1.14704,1.00,1.13
2014.06.06 16:01:07.951,1.14691,1.14706,1.00,1.63
2014.06.06 16:01:20.358,1.14691,1.14702,1.00,1.00
2014.06.06 16:01:20.661,1.14691,1.14703,1.00,2.55
2014.06.06 16:01:20.712,1.14687,1.147,1.25,1.05
2014.06.06 16:01:20.964,1.14683,1.14699,1.00,1.43
2014.06.06 16:01:21.136,1.14683,1.14699,1.00,1.80
2014.06.06 16:01:25.171,1.14683,1.14699,1.13,1.24
2014.06.06 16:01:25.481,1.14686,1.14698,1.00,1.05
2014.06.06 16:01:25.734,1.14683,1.14698,1.13,1.05
2014.06.06 16:01:26.559,1.14683,1.14696,1.00,1.05
2014.06.06 16:01:28.112,1.14683,1.14697,1.00,1.99
2014.06.06 16:01:28.863,1.14681,1.14698,1.00,1.24
2014.06.06 16:01:29.655,1.1468,1.14698,1.00,1.99
2014.06.06 16:01:30.170,1.14679,1.14697,1.88,1.99
2014.06.06 16:01:30.696,1.14679,1.14697,1.88,1.99
2014.06.06 16:01:32.938,1.14679,1.14695,1.50,1.24
2014.06.06 16:01:33.479,1.14679,1.14694,1.00,1.15
2014.06.06 16:01:34.064,1.14679,1.14695,1.00,1.24
2014.06.06 16:01:34.345,1.14679,1.14696,1.00,4.77
2014.06.06 16:01:34.549,1.14681,1.14694,1.00,1.15
2014.06.06 16:01:35.086,1.14682,1.14697,1.00,1.24
2014.06.06 16:01:35.136,1.14682,1.14698,1.00,1.99
2014.06.06 16:01:35.799,1.14682,1.14697,1.00,1.24
2014.06.06 16:01:36.107,1.14681,1.14693,1.00,1.05
2014.06.06 16:01:36.310,1.14674,1.1469,1.00,1.68
2014.06.06 16:01:36.664,1.14674,1.1469,1.00,1.15
2014.06.06 16:01:41.662,1.14676,1.1469,1.00,1.05
2014.06.06 16:01:47.799,1.14674,1.1469,2.78,1.05
2014.06.06 16:01:48.106,1.14673,1.14689,2.07,1.05
2014.06.06 16:01:48.615,1.14673,1.14689,1.38,1.80
2014.06.06 16:01:50.243,1.14677,1.14689,1.00,1.05
2014.06.06 16:01:50.665,1.14673,1.1469,1.38,1.80
2014.06.06 16:01:51.205,1.14676,1.1469,1.00,1.80
2014.06.06 16:01:55.856,1.14677,1.1469,1.00,1.80
2014.06.06 16:02:03.195,1.14676,1.14691,1.00,1.88
2014.06.06 16:02:05.076,1.14673,1.14691,1.99,2.74
2014.06.06 16:02:05.598,1.14676,1.14691,1.00,1.05
2014.06.06 16:02:06.414,1.14677,1.14692,1.13,1.93
2014.06.06 16:02:06.515,1.14681,1.14696,1.00,1.32
2014.06.06 16:02:06.768,1.14681,1.14699,1.43,1.63
2014.06.06 16:02:07.510,1.14682,1.14699,1.50,1.63
2014.06.06 16:02:16.419,1.14682,1.14699,1.13,1.25
2014.06.06 16:02:16.471,1.14682,1.14699,1.80,1.25
2014.06.06 16:02:16.787,1.14682,1.147,1.80,1.19
2014.06.06 16:02:17.310,1.14682,1.147,1.80,1.00
2014.06.06 16:02:17.961,1.14686,1.147,1.00,1.00
2014.06.06 16:02:21.515,1.14686,1.14697,1.00,1.00
2014.06.06 16:02:21.774,1.14686,1.147,1.00,1.00
2014.06.06 16:02:22.157,1.14682,1.147,1.68,1.13
2014.06.06 16:02:22.745,1.14681,1.147,2.18,1.63
2014.06.06 16:02:31.164,1.14681,1.147,2.37,1.99
2014.06.06 16:02:31.223,1.14681,1.147,2.37,1.99
2014.06.06 16:02:31.779,1.14681,1.14695,1.93,1.00
2014.06.06 16:02:31.880,1.14681,1.14698,1.93,1.38
2014.06.06 16:02:31.931,1.14686,1.14698,1.00,1.00
2014.06.06 16:02:32.032,1.14682,1.14698,1.00,1.13
2014.06.06 16:02:32.083,1.14682,1.14694,1.00,1.00
2014.06.06 16:02:32.285,1.14678,1.14694,1.13,1.13
2014.06.06 16:02:36.294,1.14681,1.14694,1.00,1.13
2014.06.06 16:02:39.811,1.14681,1.14696,1.00,1.13
2014.06.06 16:02:46.258,1.14681,1.14696,1.00,1.80
2014.06.06 16:02:46.461,1.14678,1.14694,1.99,1.00
2014.06.06 16:02:46.512,1.14679,1.14696,2.70,1.13
2014.06.06 16:02:47.024,1.1468,1.14698,1.00,3.49
2014.06.06 16:02:47.816,1.1468,1.14698,1.68,2.07
2014.06.06 16:02:50.320,1.14681,1.14698,1.68,1.63
2014.06.06 16:02:50.623,1.14684,1.14702,2.18,2.82
2014.06.06 16:02:53.619,1.14684,1.14702,2.55,2.63
2014.06.06 16:02:53.732,1.14687,1.14702,1.43,1.88
2014.06.06 16:02:56.706,1.14687,1.14706,1.99,1.63
2014.06.06 16:02:56.807,1.14689,1.14707,1.13,2.74
2014.06.06 16:02:57.904,1.14689,1.14707,1.13,2.07
2014.06.06 16:02:58.158,1.14689,1.14704,1.00,1.05
2014.06.06 16:02:58.300,1.14687,1.14704,1.32,1.05
2014.06.06 16:03:11.066,1.14687,1.14703,1.32,1.00
2014.06.06 16:03:12.140,1.14686,1.14703,1.00,1.88
2014.06.06 16:03:12.303,1.14685,1.14701,1.00,1.15
2014.06.06 16:03:12.405,1.14683,1.147,1.25,1.05
2014.06.06 16:03:12.506,1.14683,1.147,1.25,1.05
2014.06.06 16:03:13.574,1.14682,1.147,1.50,1.24
2014.06.06 16:03:17.233,1.14682,1.147,1.50,1.05
2014.06.06 16:03:17.334,1.14683,1.14701,1.32,1.50
2014.06.06 16:03:17.803,1.14687,1.14702,1.00,1.43
2014.06.06 16:03:18.377,1.14688,1.14702,1.00,1.00
2014.06.06 16:03:18.529,1.14687,1.14704,2.55,1.25
2014.06.06 16:03:21.349,1.14687,1.14704,2.55,1.69
2014.06.06 16:03:21.866,1.14687,1.14701,1.00,1.80
2014.06.06 16:03:23.422,1.14687,1.14701,1.00,2.37
2014.06.06 16:03:23.610,1.14683,1.14701,2.74,2.37
2014.06.06 16:03:23.791,1.14683,1.14699,1.69,1.05
2014.06.06 16:03:23.842,1.14681,1.14699,1.57,1.80
2014.06.06 16:03:24.556,1.14681,1.14698,1.57,1.00
2014.06.06 16:03:25.066,1.14681,1.14698,1.38,1.00
2014.06.06 16:03:25.619,1.14681,1.14698,1.38,1.68
2014.06.06 16:03:30.618,1.14682,1.14698,1.13,1.87
2014.06.06 16:03:31.233,1.14682,1.14697,1.13,1.93
2014.06.06 16:03:31.789,1.14681,1.14697,1.13,1.93
2014.06.06 16:03:31.840,1.14681,1.14696,1.13,1.00
2014.06.06 16:03:31.899,1.14686,1.14696,1.00,1.00
2014.06.06 16:03:32.001,1.14682,1.147,1.25,1.32
2014.06.06 16:03:32.203,1.14685,1.14701,1.00,1.24
2014.06.06 16:03:32.305,1.14683,1.147,1.00,1.24
2014.06.06 16:03:32.406,1.14683,1.14699,1.00,1.05
2014.06.06 16:03:32.916,1.14683,1.14697,1.00,1.05
2014.06.06 16:03:32.967,1.14681,1.14697,1.25,1.05
2014.06.06 16:03:33.471,1.14678,1.14698,2.67,2.07
2014.06.06 16:03:33.623,1.14682,1.14698,1.00,1.63
2014.06.06 16:03:34.518,1.14681,1.14698,1.00,1.38
2014.06.06 16:03:38.199,1.14681,1.14698,1.13,1.13
2014.06.06 16:03:50.157,1.14681,1.14698,1.00,2.07
2014.06.06 16:03:50.731,1.14681,1.14698,1.68,2.07
2014.06.06 16:03:52.064,1.14681,1.14698,1.00,1.88
2014.06.06 16:03:54.744,1.14682,1.14698,1.00,1.57
2014.06.06 16:03:57.308,1.14681,1.14698,1.00,4.09
2014.06.06 16:03:57.410,1.14676,1.14695,2.93,1.24
2014.06.06 16:03:58.046,1.14676,1.14694,3.23,1.25
2014.06.06 16:03:58.198,1.14681,1.14694,1.00,1.25
2014.06.06 16:03:58.401,1.14682,1.14696,1.43,1.88
2014.06.06 16:03:58.816,1.14679,1.14695,1.00,1.13
2014.06.06 16:03:59.018,1.14676,1.14695,1.00,1.88
2014.06.06 16:03:59.776,1.14676,1.14695,1.43,2.74
2014.06.06 16:04:00.794,1.14677,1.14695,1.00,2.74
2014.06.06 16:04:01.158,1.14682,1.14695,1.00,1.50
2014.06.06 16:04:01.259,1.14682,1.14697,1.43,1.00
2014.06.06 16:04:01.461,1.14681,1.14696,1.00,1.05
2014.06.06 16:04:01.814,1.14677,1.14696,1.00,2.74
2014.06.06 16:04:02.016,1.14682,1.14693,1.00,1.00
2014.06.06 16:04:02.117,1.14682,1.14696,1.00,1.50
2014.06.06 16:04:02.230,1.14682,1.14699,1.00,2.74
2014.06.06 16:04:02.332,1.14682,1.14697,1.00,1.05
2014.06.06 16:04:02.843,1.14681,1.14697,1.00,1.99
2014.06.06 16:04:03.250,1.14679,1.14697,1.00,1.99
2014.06.06 16:04:03.301,1.14676,1.14696,1.88,1.99
2014.06.06 16:04:03.808,1.14676,1.14695,1.88,1.25
2014.06.06 16:04:03.859,1.14676,1.14693,1.13,1.00
2014.06.06 16:04:07.762,1.14681,1.14693,1.00,1.00
2014.06.06 16:04:08.278,1.14681,1.14695,1.00,2.07
2014.06.06 16:04:09.410,1.14681,1.14695,1.00,2.07
2014.06.06 16:04:09.511,1.14677,1.14693,1.00,1.38
2014.06.06 16:04:09.612,1.14675,1.14692,1.13,1.53
2014.06.06 16:04:09.663,1.14675,1.14692,1.00,1.53
2014.06.06 16:04:10.148,1.14677,1.1469,1.00,1.05
2014.06.06 16:04:10.683,1.14676,1.1469,1.00,1.05
2014.06.06 16:04:11.008,1.14676,1.14691,1.00,1.15
2014.06.06 16:04:11.423,1.14677,1.14692,1.00,1.05
2014.06.06 16:04:13.976,1.14677,1.14691,1.00,1.15
2014.06.06 16:04:16.812,1.14677,1.14692,1.00,1.24
2014.06.06 16:04:16.975,1.14674,1.14692,1.00,1.24
2014.06.06 16:04:28.535,1.14674,1.14692,1.68,1.57
2014.06.06 16:04:28.738,1.14677,1.14693,1.68,1.63
2014.06.06 16:04:28.890,1.14674,1.14692,1.80,1.05
2014.06.06 16:04:30.166,1.14677,1.14692,1.00,1.05
2014.06.06 16:04:30.469,1.1468,1.14694,1.00,1.38
2014.06.06 16:04:31.087,1.1468,1.14693,1.00,1.05
2014.06.06 16:04:31.393,1.14676,1.14693,1.88,1.05
2014.06.06 16:04:35.478,1.14676,1.14694,1.88,1.24
2014.06.06 16:04:38.235,1.14676,1.14692,1.25,1.05
2014.06.06 16:04:39.268,1.1468,1.14692,1.00,1.05
2014.06.06 16:04:44.736,1.1468,1.14695,1.00,2.40
2014.06.06 16:04:44.838,1.1468,1.14697,1.13,2.97
2014.06.06 16:04:45.353,1.1468,1.14698,1.13,3.30
2014.06.06 16:04:47.721,1.1468,1.14698,1.13,3.49
2014.06.06 16:04:48.851,1.1468,1.14698,1.13,3.30
2014.06.06 16:04:49.093,1.1468,1.14698,1.00,3.30
2014.06.06 16:04:49.396,1.14682,1.14696,1.00,2.48
2014.06.06 16:04:49.637,1.1468,1.14694,1.00,1.00
2014.06.06 16:04:50.878,1.14681,1.14696,1.00,3.08
2014.06.06 16:04:51.431,1.14681,1.14698,1.00,6.79
2014.06.06 16:04:52.196,1.14681,1.14698,1.88,6.04
2014.06.06 16:04:53.412,1.14681,1.14698,1.50,4.99
2014.06.06 16:04:56.786,1.14681,1.14697,1.50,2.03
2014.06.06 16:04:56.938,1.14681,1.14696,1.00,2.22
2014.06.06 16:04:57.090,1.14676,1.14693,2.37,2.78
2014.06.06 16:04:57.242,1.14676,1.14692,1.00,2.03
2014.06.06 16:04:57.345,1.14674,1.1469,1.80,1.00
2014.06.06 16:04:57.886,1.14672,1.14689,3.23,2.03
2014.06.06 16:04:58.515,1.14672,1.1469,1.68,2.78
2014.06.06 16:05:00.293,1.14672,1.14689,1.68,2.03
2014.06.06 16:05:04.662,1.14672,1.14689,1.00,2.22
2014.06.06 16:05:05.165,1.14677,1.1469,1.00,1.19
2014.06.06 16:05:05.714,1.14677,1.1469,1.00,1.00
2014.06.06 16:05:13.586,1.14677,1.14691,1.00,1.25
2014.06.06 16:05:13.897,1.14677,1.14691,1.38,1.00
2014.06.06 16:05:13.998,1.14679,1.14694,1.05,1.00
2014.06.06 16:05:14.050,1.14682,1.14694,1.00,1.00
2014.06.06 16:05:14.151,1.14682,1.14697,1.00,1.69
2014.06.06 16:05:14.353,1.14678,1.14696,1.63,1.15
2014.06.06 16:05:14.625,1.14678,1.14696,1.63,1.15
2014.06.06 16:05:15.029,1.14687,1.14698,1.00,2.37
2014.06.06 16:05:15.544,1.14687,1.14698,1.00,1.93
2014.06.06 16:05:16.003,1.14681,1.14698,1.00,1.93
2014.06.06 16:05:16.846,1.14681,1.14698,1.00,1.00
2014.06.06 16:05:16.947,1.14682,1.147,1.00,2.37
2014.06.06 16:05:17.402,1.14682,1.14698,1.50,1.00
2014.06.06 16:05:17.986,1.14682,1.14698,1.00,2.37
2014.06.06 16:05:18.275,1.14682,1.14698,1.00,1.25
2014.06.06 16:05:18.806,1.14681,1.14699,1.50,2.37
2014.06.06 16:05:20.501,1.14681,1.14698,1.50,1.15
2014.06.06 16:05:21.059,1.14681,1.14699,1.50,2.37
2014.06.06 16:05:22.994,1.14681,1.14697,1.50,1.05
2014.06.06 16:05:27.692,1.14678,1.14696,3.90,1.43
2014.06.06 16:05:28.284,1.14678,1.14697,1.88,1.80
2014.06.06 16:05:30.574,1.14679,1.14698,1.80,2.18
2014.06.06 16:05:30.625,1.14682,1.14698,1.13,1.43
2014.06.06 16:05:31.264,1.1468,1.14699,3.15,2.37
2014.06.06 16:05:31.365,1.1468,1.14699,3.15,2.37
2014.06.06 16:05:31.772,1.14683,1.14701,1.43,2.37
2014.06.06 16:05:32.297,1.14686,1.14701,1.00,1.43
2014.06.06 16:05:32.499,1.14683,1.14701,1.32,1.68
2014.06.06 16:05:32.725,1.14683,1.14701,1.13,1.87
2014.06.06 16:05:32.927,1.14683,1.14701,1.13,2.37
2014.06.06 16:05:33.600,1.14683,1.14701,1.13,2.37
2014.06.06 16:05:34.466,1.14683,1.14701,1.13,2.37
2014.06.06 16:05:35.005,1.14683,1.14701,1.13,2.37
2014.06.06 16:05:35.705,1.14683,1.14701,1.13,2.37
2014.06.06 16:05:36.204,1.14683,1.14701,1.80,1.69
2014.06.06 16:05:36.460,1.14686,1.14704,1.68,1.19
2014.06.06 16:05:36.755,1.14686,1.14704,1.00,1.19
2014.06.06 16:05:36.907,1.14685,1.14699,1.68,1.00
2014.06.06 16:05:37.059,1.14683,1.14698,1.50,1.68
2014.06.06 16:05:37.211,1.14681,1.14698,2.93,1.87
2014.06.06 16:05:37.651,1.14683,1.147,1.00,1.19
2014.06.06 16:05:38.223,1.14684,1.14702,1.00,2.37
2014.06.06 16:05:38.763,1.14684,1.14702,1.00,2.37
2014.06.06 16:05:40.129,1.14684,1.14702,1.00,1.43
2014.06.06 16:05:41.344,1.14684,1.14702,1.00,1.80
2014.06.06 16:05:48.335,1.14684,1.14702,1.13,1.99
2014.06.06 16:05:48.646,1.14686,1.14703,1.00,1.57
2014.06.06 16:05:49.197,1.14684,1.14702,1.80,1.24
2014.06.06 16:05:49.745,1.14684,1.14699,1.13,1.00
2014.06.06 16:05:50.954,1.14684,1.14702,2.59,1.05
2014.06.06 16:05:51.466,1.14686,1.14703,1.00,1.80
2014.06.06 16:05:54.940,1.14687,1.14703,1.13,1.15
2014.06.06 16:05:55.193,1.1469,1.14707,1.05,1.13
2014.06.06 16:05:56.021,1.14691,1.14707,1.00,1.05
2014.06.06 16:05:56.575,1.14691,1.14707,1.00,1.05
2014.06.06 16:05:56.692,1.14691,1.14707,1.00,1.05
2014.06.06 16:05:57.334,1.14692,1.14709,1.00,2.74
2014.06.06 16:06:03.756,1.14691,1.14709,1.00,2.74
2014.06.06 16:06:05.524,1.14691,1.14709,1.00,2.93
2014.06.06 16:06:08.442,1.14691,1.14708,1.32,1.00
2014.06.06 16:06:08.493,1.14691,1.14708,1.32,1.68
2014.06.06 16:06:09.103,1.14691,1.14709,1.32,3.12
2014.06.06 16:06:10.269,1.14691,1.14709,1.88,1.50
2014.06.06 16:06:10.320,1.14691,1.14709,1.88,1.50
2014.06.06 16:06:10.628,1.14692,1.1471,1.13,1.93
2014.06.06 16:06:11.246,1.14692,1.1471,1.13,1.93
2014.06.06 16:06:19.051,1.14692,1.14709,1.88,1.15
2014.06.06 16:06:20.036,1.14692,1.1471,1.32,1.25
2014.06.06 16:06:20.087,1.14692,1.1471,1.63,1.25
2014.06.06 16:06:20.453,1.14692,1.1471,1.88,1.80
2014.06.06 16:06:24.321,1.14692,1.14709,1.38,1.15
2014.06.06 16:06:25.334,1.14692,1.1471,1.38,1.99
2014.06.06 16:06:25.637,1.14687,1.14704,1.57,2.18
2014.06.06 16:06:25.893,1.14684,1.14704,1.88,2.74
2014.06.06 16:06:28.363,1.14686,1.14704,1.25,1.80
2014.06.06 16:06:28.488,1.14687,1.14704,1.05,1.00
2014.06.06 16:06:28.690,1.14689,1.14704,1.00,1.00
2014.06.06 16:06:28.994,1.14685,1.14704,1.57,2.18
2014.06.06 16:06:31.702,1.14687,1.14703,1.32,1.00
2014.06.06 16:06:32.395,1.14688,1.14704,1.00,1.00
2014.06.06 16:06:42.684,1.14688,1.14705,1.50,1.05
2014.06.06 16:06:44.348,1.14688,1.14706,2.37,1.38
2014.06.06 16:06:44.450,1.14688,1.14706,2.74,1.13
2014.06.06 16:06:45.544,1.14691,1.14706,1.00,1.38
2014.06.06 16:06:45.848,1.14688,1.14704,1.38,1.05
2014.06.06 16:06:47.452,1.14686,1.14704,1.63,1.05
2014.06.06 16:06:51.733,1.14689,1.14704,1.13,1.05
2014.06.06 16:06:52.243,1.14688,1.14703,1.25,1.05
2014.06.06 16:06:53.052,1.14688,1.14703,1.00,1.05
2014.06.06 16:06:53.386,1.14685,1.14703,2.07,1.05
2014.06.06 16:06:53.900,1.14685,1.14701,1.69,1.05
2014.06.06 16:06:54.445,1.14685,1.14701,1.69,1.05
2014.06.06 16:06:54.697,1.14685,1.14701,1.00,1.24
2014.06.06 16:06:54.748,1.14683,1.14697,1.00,1.05
2014.06.06 16:06:55.257,1.14682,1.14697,1.00,1.05
2014.06.06 16:06:58.745,1.14682,1.14696,1.00,1.05
2014.06.06 16:06:59.273,1.14681,1.14695,2.25,1.05
2014.06.06 16:07:01.662,1.14681,1.14695,2.25,1.05
2014.06.06 16:07:02.173,1.14681,1.14697,1.88,1.05
2014.06.06 16:07:05.726,1.14681,1.14697,2.07,1.05
2014.06.06 16:07:08.442,1.14681,1.14696,2.07,1.05
2014.06.06 16:07:12.486,1.14682,1.14696,1.00,1.05
2014.06.06 16:07:13.035,1.14683,1.14698,1.00,1.80
2014.06.06 16:07:18.442,1.14683,1.147,1.38,1.80
2014.06.06 16:07:23.519,1.14682,1.14699,1.69,1.05
2014.06.06 16:07:25.699,1.14682,1.14699,1.88,1.05
2014.06.06 16:07:26.204,1.14684,1.14701,1.13,1.24
2014.06.06 16:07:26.312,1.14686,1.14703,2.70,2.82
2014.06.06 16:07:26.413,1.14687,1.14704,1.38,1.80
2014.06.06 16:07:26.800,1.14688,1.14704,1.00,1.05
2014.06.06 16:07:27.368,1.14687,1.14704,1.00,1.38
2014.06.06 16:07:27.706,1.14689,1.14704,1.00,1.38
2014.06.06 16:07:28.584,1.14687,1.14704,1.50,1.80
2014.06.06 16:07:28.899,1.14684,1.147,1.00,1.05
2014.06.06 16:07:29.162,1.14684,1.147,1.00,1.05
2014.06.06 16:07:30.352,1.14684,1.147,1.25,1.05
2014.06.06 16:07:33.143,1.14684,1.147,1.00,1.05
2014.06.06 16:07:35.193,1.14684,1.147,1.00,1.05
2014.06.06 16:07:40.796,1.14684,1.14702,1.38,1.05
2014.06.06 16:07:40.949,1.14687,1.14703,1.13,1.50
2014.06.06 16:07:41.479,1.14688,1.14704,1.25,1.05
2014.06.06 16:07:47.093,1.1469,1.14705,1.00,1.80
2014.06.06 16:07:50.756,1.1469,1.14703,1.00,1.00
2014.06.06 16:07:54.330,1.1469,1.14705,1.00,1.80
2014.06.06 16:07:54.852,1.1469,1.14705,1.13,1.43
2014.06.06 16:07:55.384,1.14691,1.14705,1.00,1.43
2014.06.06 16:07:55.984,1.1469,1.14705,1.13,1.43
2014.06.06 16:07:59.472,1.1469,1.14703,1.13,1.00
2014.06.06 16:08:00.199,1.1469,1.14704,1.13,1.00
2014.06.06 16:08:01.035,1.1469,1.14703,1.13,1.00
2014.06.06 16:08:01.850,1.1469,1.14704,1.13,1.00
2014.06.06 16:08:03.760,1.1469,1.14705,1.13,1.43
2014.06.06 16:08:04.268,1.1469,1.14705,1.00,1.80
2014.06.06 16:08:04.803,1.1469,1.14705,1.00,1.80
2014.06.06 16:08:05.158,1.1469,1.14703,1.00,1.00
2014.06.06 16:08:05.816,1.1469,1.14704,1.00,1.00
2014.06.06 16:08:06.904,1.1469,1.14698,1.00,1.00
2014.06.06 16:08:07.005,1.14687,1.14698,1.50,1.00
2014.06.06 16:08:07.258,1.14685,1.14698,1.00,1.00
2014.06.06 16:08:07.721,1.14684,1.14694,1.32,1.00
2014.06.06 16:08:07.949,1.14684,1.14699,1.00,1.38
2014.06.06 16:08:08.201,1.14684,1.14694,1.00,1.00
2014.06.06 16:08:08.499,1.14684,1.14698,1.00,1.13
2014.06.06 16:08:09.120,1.14683,1.14698,1.00,1.80
2014.06.06 16:08:09.171,1.14683,1.14693,1.00,1.00
2014.06.06 16:08:09.984,1.14684,1.14693,1.00,1.00
2014.06.06 16:08:11.854,1.14684,1.14694,1.00,1.00
2014.06.06 16:08:14.065,1.14685,1.14694,1.00,1.00
2014.06.06 16:08:14.317,1.14687,1.14698,1.00,1.13
2014.06.06 16:08:14.418,1.14692,1.14698,1.00,1.00
2014.06.06 16:08:15.060,1.14691,1.14698,1.00,1.00
2014.06.06 16:08:21.140,1.14691,1.14703,1.00,2.07
2014.06.06 16:08:21.342,1.14696,1.14703,1.00,1.00
2014.06.06 16:08:23.653,1.14696,1.14704,1.00,1.13
2014.06.06 16:08:27.042,1.14694,1.14704,1.00,1.13
2014.06.06 16:08:30.100,1.14692,1.14704,1.00,1.13
2014.06.06 16:08:30.992,1.14692,1.14703,1.00,1.00
2014.06.06 16:08:32.009,1.14691,1.14703,1.00,1.00
2014.06.06 16:08:37.275,1.14691,1.14703,1.00,1.57
2014.06.06 16:08:37.590,1.14688,1.14698,1.00,1.00
2014.06.06 16:08:40.156,1.14688,1.14699,1.00,1.13
2014.06.06 16:08:41.231,1.14688,1.14698,1.00,1.00
2014.06.06 16:08:46.350,1.14688,1.14698,1.00,1.68
2014.06.06 16:08:46.620,1.14688,1.14699,1.00,1.80
2014.06.06 16:08:51.880,1.14686,1.14699,1.00,1.80
2014.06.06 16:08:53.100,1.14686,1.14693,1.00,1.00
2014.06.06 16:08:56.403,1.14686,1.14699,1.00,1.13
2014.06.06 16:08:57.837,1.14686,1.14694,1.00,1.00
2014.06.06 16:08:57.938,1.14684,1.14694,1.13,1.00
2014.06.06 16:08:58.452,1.14685,1.14694,1.00,1.00
2014.06.06 16:08:58.855,1.14685,1.14699,1.00,1.13
2014.06.06 16:08:59.593,1.14685,1.14698,1.00,1.00
2014.06.06 16:09:00.928,1.14685,1.147,1.00,1.05
2014.06.06 16:09:01.130,1.14684,1.14703,1.38,2.55
2014.06.06 16:09:01.180,1.14684,1.14698,1.38,1.00
2014.06.06 16:09:01.716,1.14686,1.14698,1.00,1.00
2014.06.06 16:09:02.141,1.14686,1.14703,1.00,2.55
2014.06.06 16:09:08.260,1.14686,1.14703,1.00,1.88
2014.06.06 16:09:09.039,1.14686,1.14703,1.38,1.88
2014.06.06 16:09:10.860,1.14686,1.14698,1.38,1.00
2014.06.06 16:09:13.560,1.14685,1.14703,1.38,3.34
2014.06.06 16:09:15.171,1.14685,1.14703,1.00,3.15
2014.06.06 16:09:15.680,1.14683,1.14702,1.63,1.80
2014.06.06 16:09:18.851,1.14683,1.14698,1.99,1.00
2014.06.06 16:09:21.994,1.14683,1.14698,1.15,1.00
2014.06.06 16:09:22.297,1.14679,1.14693,1.25,1.13
2014.06.06 16:09:22.954,1.14678,1.14693,1.00,1.00
2014.06.06 16:09:23.997,1.14681,1.14693,1.00,1.00
2014.06.06 16:09:31.810,1.14681,1.14693,1.38,1.00
2014.06.06 16:09:31.861,1.14681,1.14698,1.80,1.50
2014.06.06 16:09:31.912,1.14681,1.14698,2.40,1.50
2014.06.06 16:09:32.063,1.14684,1.14701,1.05,1.25
2014.06.06 16:09:32.316,1.14686,1.14702,1.00,1.05
2014.06.06 16:09:32.367,1.14686,1.14703,1.13,1.43
2014.06.06 16:09:32.519,1.14689,1.14704,1.00,2.55
2014.06.06 16:09:33.185,1.14687,1.14704,1.00,2.55
2014.06.06 16:09:38.511,1.14687,1.14704,1.38,3.30
2014.06.06 16:09:39.179,1.14687,1.14704,1.38,2.93
2014.06.06 16:09:39.714,1.14688,1.14706,1.80,1.38
2014.06.06 16:09:40.259,1.14689,1.14706,1.73,1.00
2014.06.06 16:09:42.713,1.14691,1.14706,1.32,1.00
2014.06.06 16:09:43.786,1.14691,1.14706,1.32,1.00
2014.06.06 16:09:45.275,1.14691,1.14709,1.32,1.99
2014.06.06 16:09:45.776,1.14692,1.14708,1.00,1.00
2014.06.06 16:09:47.409,1.14692,1.14708,1.63,1.00
2014.06.06 16:09:47.933,1.14692,1.1471,2.07,1.63
2014.06.06 16:09:48.870,1.14692,1.14708,1.63,1.00
2014.06.06 16:09:49.550,1.14694,1.1471,1.05,1.63
2014.06.06 16:09:49.663,1.14695,1.14712,1.32,1.13
2014.06.06 16:09:49.764,1.14697,1.14712,1.00,1.13
2014.06.06 16:09:49.866,1.14697,1.14715,1.38,1.43
2014.06.06 16:09:50.018,1.14702,1.14717,1.13,1.00
2014.06.06 16:09:50.322,1.14699,1.14717,1.69,1.43
2014.06.06 16:09:50.778,1.14701,1.14718,1.00,1.88
2014.06.06 16:09:52.399,1.14701,1.14718,1.68,1.88
2014.06.06 16:09:56.358,1.14701,1.14718,1.00,2.07
2014.06.06 16:09:59.242,1.14699,1.14718,1.38,2.82
2014.06.06 16:09:59.961,1.14698,1.14717,1.38,1.80
2014.06.06 16:10:01.211,1.14697,1.14716,2.10,2.55
2014.06.06 16:10:02.419,1.14697,1.14716,2.10,2.55
2014.06.06 16:10:03.331,1.14696,1.14714,1.88,1.80
2014.06.06 16:10:03.533,1.14696,1.14712,1.32,1.00
2014.06.06 16:10:03.966,1.14696,1.1471,1.00,1.00
2014.06.06 16:10:04.118,1.14692,1.1471,1.17,1.00
2014.06.06 16:10:04.791,1.14692,1.1471,2.40,1.19
2014.06.06 16:10:04.842,1.14691,1.14709,1.88,1.25
2014.06.06 16:10:07.325,1.14691,1.14709,2.63,1.00
2014.06.06 16:10:07.872,1.14693,1.14708,1.32,1.00
2014.06.06 16:10:07.974,1.1469,1.14707,1.88,1.00
2014.06.06 16:10:11.724,1.14689,1.14707,1.00,1.88
2014.06.06 16:10:11.775,1.14689,1.14706,1.00,1.28
2014.06.06 16:10:12.283,1.14687,1.14704,1.19,1.00
2014.06.06 16:10:14.096,1.14687,1.14704,1.00,1.43
2014.06.06 16:10:14.975,1.14687,1.14704,1.00,1.68
2014.06.06 16:10:16.379,1.14686,1.14704,1.69,1.68
2014.06.06 16:10:16.905,1.14686,1.14704,1.69,1.68
2014.06.06 16:10:17.426,1.14686,1.14704,1.69,1.93
2014.06.06 16:10:19.242,1.14686,1.14704,1.69,1.93
2014.06.06 16:10:23.667,1.14686,1.14703,1.00,1.68
2014.06.06 16:10:23.869,1.14686,1.14704,1.00,2.18
2014.06.06 16:10:26.198,1.14686,1.14704,1.00,2.37
2014.06.06 16:10:28.719,1.14686,1.14704,1.25,2.97
2014.06.06 16:10:28.921,1.14681,1.14699,1.99,2.18
2014.06.06 16:10:29.586,1.14683,1.14698,1.88,1.00
2014.06.06 16:10:30.118,1.14683,1.14699,1.88,1.43
2014.06.06 16:10:32.306,1.14683,1.14699,2.07,1.00
2014.06.06 16:10:33.221,1.14683,1.14701,2.07,2.18
2014.06.06 16:10:33.577,1.14686,1.14704,1.32,1.00
2014.06.06 16:10:35.453,1.14688,1.14703,1.13,1.00
2014.06.06 16:10:36.012,1.14688,1.14706,1.80,1.50
2014.06.06 16:10:36.721,1.1469,1.14706,1.00,1.00
2014.06.06 16:10:38.183,1.1469,1.14704,1.00,1.00
2014.06.06 16:10:40.479,1.1469,1.14703,1.00,1.00
2014.06.06 16:10:41.931,1.1469,1.14706,1.00,1.00
2014.06.06 16:10:43.364,1.1469,1.14704,1.00,1.68
2014.06.06 16:10:56.264,1.14687,1.14704,2.74,1.00
2014.06.06 16:10:57.679,1.14691,1.14705,2.37,1.00
2014.06.06 16:10:57.780,1.14696,1.14708,1.05,1.50
2014.06.06 16:10:58.286,1.14697,1.14709,1.68,1.00
2014.06.06 16:10:58.892,1.14692,1.14709,1.15,1.88
2014.06.06 16:10:59.487,1.1469,1.14708,1.99,1.00
2014.06.06 16:10:59.638,1.1469,1.14706,1.99,1.00
2014.06.06 16:11:00.146,1.1469,1.14706,1.53,1.00
2014.06.06 16:11:01.590,1.14689,1.14705,1.99,1.00
2014.06.06 16:11:04.613,1.14689,1.14703,1.53,1.00
2014.06.06 16:11:05.286,1.14689,1.14706,1.05,1.00
2014.06.06 16:11:08.615,1.14689,1.14706,1.53,1.00
2014.06.06 16:11:12.646,1.14691,1.14707,1.68,1.00
2014.06.06 16:11:12.951,1.14691,1.14707,1.00,1.00
2014.06.06 16:11:17.538,1.14691,1.14708,1.00,1.25
2014.06.06 16:11:18.032,1.14691,1.14703,1.00,1.00
2014.06.06 16:11:18.560,1.14691,1.14704,1.00,1.00
2014.06.06 16:11:24.008,1.14691,1.14707,1.00,1.19
2014.06.06 16:11:24.110,1.14691,1.14703,1.00,1.00
2014.06.06 16:11:26.169,1.14691,1.14707,1.00,1.24
2014.06.06 16:11:26.704,1.14691,1.14708,1.43,1.38
2014.06.06 16:11:32.002,1.14692,1.14709,1.00,1.63
2014.06.06 16:11:32.554,1.14691,1.14709,1.99,2.07
2014.06.06 16:11:39.546,1.14691,1.14708,1.62,1.00
2014.06.06 16:11:40.211,1.14691,1.14708,1.62,1.38
2014.06.06 16:11:45.551,1.14691,1.14708,1.62,1.38
2014.06.06 16:11:53.185,1.14691,1.14709,1.43,1.88
2014.06.06 16:11:54.892,1.14691,1.14709,1.62,1.88
2014.06.06 16:11:55.898,1.14691,1.14709,1.62,2.07
2014.06.06 16:11:56.905,1.14691,1.14709,1.62,1.88
2014.06.06 16:12:08.102,1.14691,1.14709,1.62,1.88
2014.06.06 16:12:10.627,1.14692,1.14709,1.00,1.38
2014.06.06 16:12:11.421,1.14692,1.14709,1.69,1.38
2014.06.06 16:12:12.725,1.14692,1.1471,1.19,1.80
2014.06.06 16:12:16.311,1.14691,1.14709,1.62,1.88
2014.06.06 16:12:17.509,1.1469,1.14709,1.93,2.07
2014.06.06 16:12:19.002,1.1469,1.14708,1.99,1.99
2014.06.06 16:12:19.649,1.1469,1.14703,1.24,1.00
2014.06.06 16:12:30.779,1.14688,1.14704,1.24,1.00
2014.06.06 16:12:32.717,1.14688,1.14706,1.24,1.38
2014.06.06 16:12:38.676,1.14688,1.14706,1.53,1.38
2014.06.06 16:12:40.006,1.14691,1.14706,1.00,1.25
2014.06.06 16:12:49.967,1.14692,1.14706,1.00,5.18
2014.06.06 16:12:50.526,1.14691,1.14707,1.00,2.55
2014.06.06 16:12:51.061,1.14692,1.14707,1.00,2.18
2014.06.06 16:12:56.649,1.14692,1.14709,1.38,1.87
2014.06.06 16:12:59.692,1.14692,1.14708,1.00,1.05
2014.06.06 16:13:02.510,1.14688,1.14707,1.99,1.43
2014.06.06 16:13:02.753,1.14692,1.14707,1.00,1.43
2014.06.06 16:13:03.259,1.14692,1.14706,1.00,1.00
2014.06.06 16:13:05.062,1.14692,1.14706,1.38,1.00
2014.06.06 16:13:05.163,1.14692,1.14709,1.63,2.55
2014.06.06 16:13:05.264,1.14692,1.1471,1.25,2.40
2014.06.06 16:13:08.779,1.14692,1.14707,1.00,1.38
2014.06.06 16:13:11.891,1.14692,1.14707,1.00,1.38
2014.06.06 16:13:12.076,1.14689,1.14705,1.00,3.15
2014.06.06 16:13:12.129,1.14686,1.14705,3.12,2.40
2014.06.06 16:13:12.662,1.14687,1.14705,1.15,3.08
2014.06.06 16:13:13.120,1.14687,1.14705,1.62,3.08
2014.06.06 16:13:19.203,1.14687,1.14705,1.43,3.27
2014.06.06 16:13:20.365,1.14687,1.14705,1.43,3.08
2014.06.06 16:13:21.116,1.14686,1.14703,2.37,1.00
2014.06.06 16:13:23.725,1.14687,1.14703,1.43,1.38
2014.06.06 16:13:38.737,1.14686,1.14705,2.37,1.99
2014.06.06 16:13:39.416,1.14686,1.14704,2.37,1.53
2014.06.06 16:13:47.235,1.14686,1.14706,2.18,4.32
2014.06.06 16:14:03.549,1.14692,1.14706,1.00,4.99
2014.06.06 16:14:03.701,1.14686,1.14706,2.97,4.99
2014.06.06 16:14:03.802,1.14686,1.14706,2.97,4.32
2014.06.06 16:14:04.026,1.14692,1.14706,1.00,4.32
2014.06.06 16:14:04.128,1.14686,1.14706,4.99,4.32
2014.06.06 16:14:04.454,1.14691,1.14706,1.00,2.44
2014.06.06 16:14:05.280,1.14691,1.14707,1.00,1.32
2014.06.06 16:14:06.666,1.14688,1.14707,1.69,1.57
2014.06.06 16:14:06.767,1.14688,1.14707,1.69,1.57
2014.06.06 16:14:08.490,1.14698,1.14707,2.10,1.69
2014.06.06 16:14:08.693,1.147,1.14708,1.13,1.00
2014.06.06 16:14:08.796,1.147,1.14711,1.35,1.00
2014.06.06 16:14:08.998,1.147,1.14714,1.00,1.00
2014.06.06 16:14:09.150,1.14701,1.14716,1.00,1.00
2014.06.06 16:14:09.655,1.14702,1.14717,1.00,1.05
2014.06.06 16:14:10.234,1.14702,1.1472,1.00,1.99
2014.06.06 16:14:10.749,1.14702,1.14718,1.00,2.74
2014.06.06 16:14:11.360,1.14702,1.14719,1.50,1.57
2014.06.06 16:14:11.908,1.14702,1.14716,1.50,1.05
2014.06.06 16:14:11.959,1.147,1.14716,1.00,1.05
2014.06.06 16:14:12.060,1.14702,1.14718,1.00,1.99
2014.06.06 16:14:12.111,1.14702,1.14715,1.00,1.00
2014.06.06 16:14:12.313,1.14703,1.14721,1.00,2.07
2014.06.06 16:14:12.857,1.14703,1.14721,1.50,1.53
2014.06.06 16:14:13.216,1.14703,1.14722,2.18,1.57
2014.06.06 16:14:16.803,1.14703,1.14718,1.50,1.32
2014.06.06 16:14:17.808,1.14703,1.14718,1.00,1.13
2014.06.06 16:14:18.874,1.14703,1.1472,1.00,1.05
2014.06.06 16:14:19.126,1.14698,1.14717,1.50,1.24
2014.06.06 16:14:19.644,1.14698,1.14715,1.00,1.05
2014.06.06 16:14:20.807,1.14698,1.14714,1.00,1.05
2014.06.06 16:14:21.417,1.14698,1.14715,1.00,1.05
2014.06.06 16:14:29.562,1.14698,1.14717,1.00,2.07
2014.06.06 16:14:29.746,1.14698,1.14717,1.69,1.38
2014.06.06 16:14:31.004,1.14699,1.14717,1.15,1.63
2014.06.06 16:14:31.307,1.14703,1.14719,1.00,1.24
2014.06.06 16:14:32.865,1.14703,1.14718,1.00,1.00
2014.06.06 16:14:35.484,1.14703,1.14719,1.00,1.99
2014.06.06 16:14:35.966,1.14703,1.14719,1.00,2.74
2014.06.06 16:14:40.414,1.14703,1.14717,1.00,1.24
2014.06.06 16:14:40.466,1.147,1.14716,1.00,1.05
2014.06.06 16:14:42.311,1.147,1.14717,1.00,1.93
2014.06.06 16:14:43.721,1.147,1.14713,1.00,1.00
2014.06.06 16:14:44.476,1.147,1.14714,1.00,2.37
2014.06.06 16:14:44.648,1.14697,1.14713,1.00,1.93
2014.06.06 16:14:46.135,1.14697,1.14714,1.00,1.00
2014.06.06 16:14:47.266,1.14697,1.14714,1.00,1.63
2014.06.06 16:14:51.224,1.14697,1.14714,2.18,1.00
2014.06.06 16:14:51.810,1.14697,1.14714,1.88,1.00
2014.06.06 16:14:52.455,1.14697,1.14714,2.07,1.80
2014.06.06 16:14:56.705,1.14697,1.14714,1.50,1.00
2014.06.06 16:14:58.136,1.14697,1.14714,1.69,1.68
2014.06.06 16:15:13.750,1.14697,1.14713,1.00,1.19
2014.06.06 16:15:14.948,1.14697,1.14713,1.00,1.19
2014.06.06 16:15:16.153,1.14697,1.14714,1.00,3.49
2014.06.06 16:15:17.706,1.14697,1.14708,1.00,1.00
2014.06.06 16:15:18.339,1.14697,1.14712,1.00,1.24
2014.06.06 16:15:22.676,1.14697,1.14712,1.00,1.24
2014.06.06 16:15:27.244,1.14697,1.14712,1.00,1.24
2014.06.06 16:15:28.675,1.14697,1.14709,1.00,1.00
2014.06.06 16:15:33.251,1.14695,1.14709,1.00,1.00
2014.06.06 16:15:33.798,1.14695,1.14712,1.00,2.74
2014.06.06 16:15:34.462,1.14695,1.14712,1.00,1.99
2014.06.06 16:15:40.487,1.14695,1.14711,1.00,1.53
2014.06.06 16:16:04.332,1.14697,1.1471,1.00,1.24
2014.06.06 16:16:04.428,1.14695,1.1471,1.00,1.24
2014.06.06 16:16:11.887,1.14697,1.1471,1.00,1.05
2014.06.06 16:16:20.689,1.14697,1.1471,1.00,1.05
2014.06.06 16:16:21.458,1.14695,1.1471,1.00,1.05
2014.06.06 16:16:30.128,1.14695,1.14711,1.00,1.83
2014.06.06 16:16:31.369,1.14695,1.14711,1.00,1.15
2014.06.06 16:16:33.257,1.14694,1.14711,1.00,1.54
2014.06.06 16:16:39.608,1.14697,1.14711,1.00,1.54
2014.06.06 16:16:40.723,1.14697,1.14712,1.00,1.17
2014.06.06 16:16:42.576,1.14696,1.14712,1.13,1.17
2014.06.06 16:16:46.142,1.14697,1.14712,1.00,1.30
2014.06.06 16:16:51.321,1.14697,1.14712,1.00,1.68
2014.06.06 16:16:53.652,1.14697,1.14714,1.38,1.99
2014.06.06 16:16:55.522,1.14702,1.14714,1.00,1.80
2014.06.06 16:16:55.614,1.14696,1.14714,2.74,1.80
2014.06.06 16:16:56.934,1.14701,1.14714,1.00,1.80
2014.06.06 16:16:57.051,1.14697,1.14714,1.38,1.80
2014.06.06 16:16:58.205,1.14697,1.14714,1.00,1.80
2014.06.06 16:17:00.140,1.14698,1.14714,1.00,1.80
2014.06.06 16:17:12.624,1.14698,1.14713,1.00,1.05
2014.06.06 16:17:18.519,1.14701,1.14713,1.00,1.05
2014.06.06 16:17:18.620,1.14698,1.14714,1.00,1.93
2014.06.06 16:17:19.035,1.14698,1.14716,3.34,1.88
2014.06.06 16:17:19.560,1.147,1.14717,1.00,1.80
2014.06.06 16:17:21.144,1.14702,1.14717,1.00,1.80
2014.06.06 16:17:21.245,1.147,1.14717,1.00,1.80
2014.06.06 16:17:21.494,1.14702,1.14717,1.00,1.80
2014.06.06 16:17:25.029,1.14702,1.14717,1.00,1.43
2014.06.06 16:17:25.532,1.147,1.14717,1.00,1.43
2014.06.06 16:17:25.706,1.14702,1.14718,1.00,1.80
2014.06.06 16:17:26.009,1.14704,1.14721,1.00,1.99
2014.06.06 16:17:27.233,1.14704,1.14719,1.00,1.05
2014.06.06 16:17:27.486,1.14704,1.14722,1.00,4.24
2014.06.06 16:17:30.304,1.14707,1.14722,1.00,2.74
2014.06.06 16:17:30.355,1.14707,1.14722,1.00,2.74
2014.06.06 16:17:31.090,1.14707,1.14723,1.38,1.80
2014.06.06 16:17:36.943,1.14705,1.14723,1.73,1.80
2014.06.06 16:17:36.994,1.14707,1.14723,1.73,1.68
2014.06.06 16:17:37.045,1.14707,1.14724,1.73,1.25
2014.06.06 16:17:37.221,1.14709,1.14727,1.68,1.57
2014.06.06 16:17:37.272,1.14708,1.14726,1.00,1.24
2014.06.06 16:17:40.471,1.14708,1.14723,1.00,1.15
2014.06.06 16:17:40.522,1.14706,1.14723,1.00,1.15
2014.06.06 16:17:40.573,1.14706,1.14724,1.00,1.87
2014.06.06 16:17:42.043,1.14707,1.14724,2.63,2.37
2014.06.06 16:17:42.094,1.14709,1.14724,1.35,1.00
2014.06.06 16:17:42.195,1.14711,1.14726,1.00,1.05
2014.06.06 16:17:42.297,1.14709,1.14724,1.50,1.05
2014.06.06 16:17:42.499,1.14707,1.14724,1.50,1.80
2014.06.06 16:17:43.202,1.14707,1.14724,1.00,1.80
2014.06.06 16:17:44.663,1.14707,1.14724,1.60,1.99
2014.06.06 16:17:44.865,1.14711,1.14727,1.69,1.05
2014.06.06 16:17:46.510,1.14711,1.14726,1.50,1.05
2014.06.06 16:17:46.814,1.14711,1.14724,1.00,1.05
2014.06.06 16:17:46.916,1.14709,1.14723,1.00,1.05
2014.06.06 16:17:46.966,1.14709,1.14722,1.00,1.05
2014.06.06 16:17:47.269,1.14706,1.14722,1.00,1.05
2014.06.06 16:17:47.595,1.14706,1.14723,1.00,2.74
2014.06.06 16:17:52.355,1.14706,1.14722,1.00,1.05
2014.06.06 16:17:53.082,1.14706,1.14722,1.00,1.05
2014.06.06 16:17:54.843,1.14706,1.14722,1.00,1.05
2014.06.06 16:18:05.062,1.14708,1.14722,1.00,1.05
2014.06.06 16:18:05.113,1.14708,1.14723,1.00,1.80
2014.06.06 16:18:05.241,1.1471,1.14726,1.00,1.80
2014.06.06 16:18:05.342,1.14708,1.14723,1.50,1.05
2014.06.06 16:18:05.835,1.14708,1.14721,1.00,1.05
2014.06.06 16:18:06.367,1.14708,1.1472,1.00,1.05
2014.06.06 16:18:24.629,1.14705,1.14722,1.00,1.99
2014.06.06 16:18:33.705,1.14705,1.14719,1.00,1.05
2014.06.06 16:18:33.858,1.14705,1.14718,1.00,1.57
2014.06.06 16:18:33.908,1.14703,1.14715,1.00,1.05
2014.06.06 16:18:34.511,1.14703,1.14714,1.00,1.05
2014.06.06 16:18:34.876,1.147,1.14714,1.00,1.05
2014.06.06 16:18:43.567,1.147,1.14713,1.00,1.05
2014.06.06 16:18:48.319,1.14697,1.14713,1.00,1.80
2014.06.06 16:18:48.912,1.14697,1.14714,1.50,1.80
2014.06.06 16:18:52.178,1.14697,1.14714,1.00,2.74
2014.06.06 16:18:55.146,1.14697,1.14714,1.00,1.99
2014.06.06 16:19:03.754,1.14697,1.14714,3.38,1.57
2014.06.06 16:19:03.805,1.147,1.14714,1.00,1.38
2014.06.06 16:19:09.086,1.147,1.14714,1.00,2.07
2014.06.06 16:19:12.768,1.147,1.14714,1.00,1.57
2014.06.06 16:19:13.931,1.147,1.14713,1.00,1.80
2014.06.06 16:19:14.033,1.147,1.14713,1.00,1.13
2014.06.06 16:19:25.771,1.147,1.14713,1.85,1.00
2014.06.06 16:19:25.823,1.14705,1.14718,1.00,1.99
2014.06.06 16:19:26.139,1.14703,1.14719,1.00,1.38
2014.06.06 16:19:26.634,1.14701,1.14719,1.73,2.07
2014.06.06 16:19:26.857,1.14701,1.14718,1.35,1.38
2014.06.06 16:19:28.745,1.14699,1.14718,1.99,2.07
2014.06.06 16:19:35.962,1.14697,1.14713,2.48,1.00
2014.06.06 16:19:37.482,1.14697,1.14713,1.35,1.38
2014.06.06 16:19:45.503,1.14697,1.14712,1.00,1.24
2014.06.06 16:19:45.858,1.14695,1.14713,1.35,2.07
2014.06.06 16:19:46.366,1.14695,1.1471,1.00,1.62
2014.06.06 16:19:46.517,1.14692,1.14708,1.88,2.74
2014.06.06 16:19:47.584,1.1469,1.14707,1.38,1.32
2014.06.06 16:19:49.300,1.1469,1.14707,1.00,1.57
2014.06.06 16:19:49.503,1.14692,1.14708,1.00,1.13
2014.06.06 16:19:50.039,1.1469,1.14708,6.00,1.80
2014.06.06 16:19:52.618,1.14691,1.14708,1.30,1.80
2014.06.06 16:19:53.043,1.14691,1.14708,3.00,1.80
2014.06.06 16:20:00.203,1.14692,1.14708,1.00,1.05
2014.06.06 16:20:00.819,1.14692,1.14708,1.00,1.05
2014.06.06 16:20:09.034,1.14692,1.14703,1.00,1.00
2014.06.06 16:20:09.135,1.1469,1.14703,1.50,1.00
2014.06.06 16:20:09.640,1.1469,1.14704,1.00,1.87
2014.06.06 16:20:09.691,1.14688,1.14704,1.00,1.87
2014.06.06 16:20:10.204,1.14688,1.14703,1.00,1.62
2014.06.06 16:20:11.201,1.14688,1.14703,1.00,1.80
2014.06.06 16:20:13.434,1.14688,1.14702,1.00,1.05
2014.06.06 16:20:13.944,1.14685,1.14702,1.38,1.24
2014.06.06 16:20:14.553,1.14685,1.14701,1.00,1.05
2014.06.06 16:20:16.629,1.14685,1.14701,1.00,1.99
2014.06.06 16:20:18.849,1.14685,1.14695,1.00,1.62
2014.06.06 16:20:18.899,1.14683,1.14695,1.00,1.62
2014.06.06 16:20:19.001,1.14678,1.14695,1.73,2.37
2014.06.06 16:20:19.323,1.14677,1.14694,1.50,1.93
2014.06.06 16:20:19.374,1.14677,1.14693,1.50,1.87
2014.06.06 16:20:19.676,1.14673,1.1469,1.13,1.93
2014.06.06 16:20:20.178,1.14673,1.14691,1.13,2.37
2014.06.06 16:20:20.229,1.14677,1.14691,1.00,2.37
2014.06.06 16:20:20.381,1.14676,1.14691,1.00,1.00
2014.06.06 16:20:20.585,1.14673,1.14691,1.38,1.68
2014.06.06 16:20:21.087,1.14673,1.14691,1.38,1.68
2014.06.06 16:20:23.236,1.14673,1.1469,1.38,1.87
2014.06.06 16:20:23.354,1.14673,1.1469,1.38,1.62
2014.06.06 16:20:23.872,1.14673,1.1469,3.15,1.19
2014.06.06 16:20:23.973,1.14675,1.1469,1.00,1.19
2014.06.06 16:20:24.624,1.14675,1.14691,1.00,2.37
2014.06.06 16:20:25.372,1.14676,1.14691,1.00,2.37
2014.06.06 16:20:27.632,1.14675,1.1469,1.00,1.15
2014.06.06 16:20:28.724,1.14675,1.14691,1.00,2.37
2014.06.06 16:20:30.043,1.14675,1.1469,1.00,1.15
2014.06.06 16:20:36.039,1.14675,1.1469,1.00,1.19
2014.06.06 16:20:36.585,1.14673,1.1469,1.13,1.19
2014.06.06 16:20:37.178,1.14673,1.14691,1.13,3.12
2014.06.06 16:20:39.197,1.14673,1.1469,1.00,1.19
2014.06.06 16:20:43.392,1.14673,1.14689,1.00,1.19
2014.06.06 16:20:45.320,1.14673,1.14691,1.69,2.55
2014.06.06 16:20:48.048,1.14677,1.14691,1.00,1.50
2014.06.06 16:20:48.300,1.14674,1.14691,1.19,1.88
2014.06.06 16:20:49.131,1.14677,1.14691,1.00,1.88
2014.06.06 16:20:49.681,1.14673,1.14691,2.07,1.88
2014.06.06 16:20:50.301,1.14674,1.14691,1.19,1.88
2014.06.06 16:20:53.762,1.14674,1.14691,1.19,1.88
2014.06.06 16:20:57.178,1.14675,1.14691,1.62,1.88
2014.06.06 16:20:58.683,1.14675,1.14691,1.15,1.88
2014.06.06 16:21:00.377,1.14675,1.14692,1.62,1.00
2014.06.06 16:21:00.995,1.14675,1.14692,1.62,1.00
2014.06.06 16:21:02.742,1.14675,1.14692,1.43,1.00
2014.06.06 16:21:04.421,1.14677,1.14692,1.00,1.00
2014.06.06 16:21:05.501,1.14677,1.14692,1.00,1.38
2014.06.06 16:21:28.202,1.14675,1.14691,1.05,1.88
2014.06.06 16:21:28.812,1.14676,1.14691,1.00,1.88
2014.06.06 16:21:30.181,1.14675,1.14691,1.05,1.88
2014.06.06 16:21:33.471,1.14677,1.14691,1.00,1.88
2014.06.06 16:21:35.211,1.14674,1.14691,1.05,1.88
2014.06.06 16:21:35.656,1.14677,1.14691,1.25,1.88
2014.06.06 16:21:42.252,1.14677,1.1469,1.25,1.00
2014.06.06 16:21:44.571,1.14675,1.1469,2.82,1.00
2014.06.06 16:21:46.882,1.14676,1.1469,1.69,1.00
2014.06.06 16:21:48.087,1.14677,1.1469,1.19,1.00
2014.06.06 16:21:48.629,1.14677,1.1469,1.25,1.00
2014.06.06 16:21:53.306,1.14677,1.1469,1.19,1.00
2014.06.06 16:21:54.717,1.14677,1.1469,1.25,1.00
2014.06.06 16:21:58.729,1.14677,1.1469,1.19,1.00
2014.06.06 16:22:00.283,1.14677,1.1469,1.19,1.68
2014.06.06 16:22:00.852,1.14676,1.14691,1.69,1.68
2014.06.06 16:22:01.504,1.14676,1.14691,1.00,1.68
2014.06.06 16:22:03.204,1.14674,1.14691,1.32,1.68
2014.06.06 16:22:03.816,1.14674,1.14691,1.32,1.68
2014.06.06 16:22:08.904,1.14673,1.1469,1.57,1.68
2014.06.06 16:22:09.433,1.14673,1.1469,1.32,1.13
2014.06.06 16:22:10.137,1.14674,1.1469,1.19,1.13
2014.06.06 16:22:11.313,1.14674,1.1469,1.19,1.13
2014.06.06 16:22:14.575,1.14675,1.1469,1.25,1.80
2014.06.06 16:22:15.080,1.14673,1.1469,1.69,1.80
2014.06.06 16:22:15.185,1.14673,1.1469,1.25,1.80
2014.06.06 16:22:16.944,1.14673,1.14684,1.00,1.13
2014.06.06 16:22:16.995,1.14671,1.14684,1.00,1.13
2014.06.06 16:22:17.136,1.14671,1.14682,1.00,1.00
2014.06.06 16:22:17.186,1.14669,1.14682,1.00,1.68
2014.06.06 16:22:18.098,1.14665,1.14682,1.57,1.68
2014.06.06 16:22:23.010,1.14665,1.14682,2.74,1.00
2014.06.06 16:22:23.536,1.14665,1.14684,1.99,2.55
2014.06.06 16:22:24.792,1.14666,1.14684,1.32,2.55
2014.06.06 16:22:26.088,1.14667,1.14684,1.00,1.80
2014.06.06 16:22:26.630,1.14666,1.14684,1.99,1.80
2014.06.06 16:22:30.425,1.14669,1.14684,1.00,1.80
2014.06.06 16:22:31.773,1.14669,1.14683,1.00,1.00
2014.06.06 16:22:32.305,1.14669,1.14684,1.00,1.05
2014.06.06 16:22:32.915,1.14669,1.14683,1.00,1.00
2014.06.06 16:22:33.523,1.14669,1.14684,1.00,1.05
2014.06.06 16:22:36.177,1.14669,1.14684,1.00,1.80
2014.06.06 16:22:39.296,1.14669,1.14684,1.00,1.80
2014.06.06 16:22:39.946,1.14669,1.14684,1.00,1.13
2014.06.06 16:22:40.430,1.14672,1.14688,1.00,1.57
2014.06.06 16:22:41.168,1.14672,1.14688,1.00,1.38
2014.06.06 16:22:41.421,1.14674,1.14688,1.00,1.05
2014.06.06 16:23:00.413,1.14675,1.14693,1.00,2.29
2014.06.06 16:23:01.247,1.14677,1.14693,1.00,2.29
2014.06.06 16:23:02.568,1.14675,1.14693,1.00,2.10
2014.06.06 16:23:25.173,1.14675,1.14693,1.60,1.80
2014.06.06 16:23:25.325,1.14678,1.14693,1.30,1.05
2014.06.06 16:23:25.426,1.14681,1.14694,1.00,1.50
2014.06.06 16:23:25.932,1.14681,1.14698,1.00,1.68
2014.06.06 16:23:31.132,1.14683,1.14698,1.00,2.37
2014.06.06 16:23:31.649,1.14683,1.14699,1.00,2.37
2014.06.06 16:23:33.516,1.1468,1.14697,1.13,1.68
2014.06.06 16:23:33.749,1.14682,1.14697,1.00,1.68
2014.06.06 16:23:34.060,1.14679,1.14697,1.63,1.68
2014.06.06 16:23:34.585,1.14679,1.14697,1.32,1.68
2014.06.06 16:23:45.441,1.14679,1.14694,1.00,1.80
2014.06.06 16:23:45.543,1.14677,1.14694,1.50,1.80
2014.06.06 16:23:46.133,1.14677,1.14694,1.13,2.55
2014.06.06 16:23:48.533,1.14677,1.14692,1.00,1.05
2014.06.06 16:23:48.806,1.14674,1.14691,1.00,1.24
2014.06.06 16:24:00.068,1.14674,1.14691,1.00,1.24
2014.06.06 16:24:10.887,1.14674,1.14689,1.00,1.80
2014.06.06 16:24:48.863,1.14672,1.14689,2.78,1.80
2014.06.06 16:24:54.677,1.14672,1.14688,1.00,1.05
2014.06.06 16:24:55.222,1.14671,1.14688,1.73,1.05
2014.06.06 16:25:01.073,1.14671,1.14688,1.35,1.80
2014.06.06 16:25:01.124,1.14671,1.14683,1.73,1.00
2014.06.06 16:25:01.225,1.14671,1.14688,1.73,1.05
2014.06.06 16:25:01.438,1.14671,1.14688,1.73,1.05
2014.06.06 16:25:01.545,1.14671,1.14689,1.73,1.80
2014.06.06 16:25:02.349,1.14671,1.14689,1.73,1.80
2014.06.06 16:25:06.547,1.14671,1.14688,1.54,1.05
2014.06.06 16:25:08.377,1.14671,1.14688,1.73,1.05
2014.06.06 16:25:08.570,1.14676,1.14689,1.00,1.25
2014.06.06 16:25:08.977,1.14673,1.14691,2.55,2.74
2014.06.06 16:25:09.585,1.14673,1.14691,2.74,1.80
2014.06.06 16:25:10.790,1.14673,1.14691,1.99,1.05
2014.06.06 16:25:11.538,1.14673,1.14684,1.62,1.00
2014.06.06 16:25:12.044,1.14673,1.14688,1.25,1.05
2014.06.06 16:25:13.393,1.14673,1.14689,1.00,1.63
2014.06.06 16:25:14.947,1.14673,1.14688,1.00,1.05
2014.06.06 16:25:15.689,1.14672,1.14688,1.00,1.80
2014.06.06 16:25:18.053,1.14672,1.14688,1.00,1.80
2014.06.06 16:25:24.378,1.14675,1.14688,1.00,1.05
2014.06.06 16:25:24.580,1.14676,1.14693,3.15,1.19
2014.06.06 16:25:24.883,1.14677,1.1469,1.00,1.05
2014.06.06 16:25:24.934,1.14675,1.1469,2.03,1.05
2014.06.06 16:25:25.597,1.14676,1.14691,1.00,1.05
2014.06.06 16:25:26.766,1.14674,1.1469,1.00,1.05
2014.06.06 16:25:27.747,1.14674,1.1469,1.00,1.05
2014.06.06 16:25:27.798,1.14672,1.1469,1.69,2.55
2014.06.06 16:25:28.259,1.14672,1.1469,2.07,1.80
2014.06.06 16:25:28.854,1.14674,1.1469,1.00,1.99
2014.06.06 16:25:29.431,1.14674,1.1469,1.00,1.05
2014.06.06 16:25:29.609,1.14674,1.1469,1.00,1.05
2014.06.06 16:25:32.711,1.14673,1.1469,1.13,1.80
2014.06.06 16:25:33.241,1.14673,1.1469,1.13,1.80
2014.06.06 16:25:33.671,1.14673,1.14688,1.13,1.68
2014.06.06 16:25:34.465,1.14672,1.1469,2.63,1.99
2014.06.06 16:25:35.344,1.14672,1.14687,1.88,1.05
2014.06.06 16:25:38.711,1.14672,1.14687,1.13,1.05
2014.06.06 16:25:45.122,1.14672,1.14688,1.38,1.24
2014.06.06 16:25:46.777,1.14672,1.14689,1.38,1.05
2014.06.06 16:25:47.090,1.14673,1.1469,2.40,1.80
2014.06.06 16:25:47.452,1.14673,1.1469,3.15,1.80
2014.06.06 16:25:47.503,1.14673,1.1469,2.78,1.80
2014.06.06 16:25:48.758,1.14673,1.1469,2.03,1.80
2014.06.06 16:25:51.870,1.14672,1.1469,3.90,1.80
2014.06.06 16:25:52.375,1.14672,1.14689,1.88,1.00
2014.06.06 16:25:53.781,1.14672,1.14689,1.88,1.68
2014.06.06 16:25:58.188,1.14672,1.1469,2.63,1.99
2014.06.06 16:26:00.229,1.14672,1.1469,2.82,1.80
2014.06.06 16:26:03.970,1.14672,1.1469,2.82,1.13
2014.06.06 16:26:04.020,1.14672,1.1469,2.82,1.00
2014.06.06 16:26:04.323,1.14679,1.14693,1.00,1.80
2014.06.06 16:26:04.845,1.14679,1.14693,1.00,1.05
2014.06.06 16:26:16.855,1.14679,1.14696,1.00,1.24
2014.06.06 16:26:31.620,1.14679,1.14694,1.00,1.68
2014.06.06 16:26:33.560,1.14679,1.14694,1.00,1.68
2014.06.06 16:26:43.587,1.14679,1.14694,1.00,1.00
2014.06.06 16:26:44.042,1.1468,1.14698,1.25,1.80
2014.06.06 16:26:44.093,1.1468,1.14697,2.29,1.05
2014.06.06 16:26:44.396,1.14683,1.14697,1.00,1.05
2014.06.06 16:26:44.749,1.14683,1.14699,1.00,1.80
2014.06.06 16:26:49.728,1.14683,1.14699,1.13,1.13
2014.06.06 16:26:50.369,1.14684,1.14701,1.00,1.05
2014.06.06 16:26:59.480,1.14682,1.14701,1.53,1.80
2014.06.06 16:27:00.321,1.14682,1.14701,1.99,1.43
2014.06.06 16:27:00.868,1.14684,1.14703,1.54,1.68
2014.06.06 16:27:04.479,1.14684,1.14703,2.22,1.00
2014.06.06 16:27:05.617,1.14684,1.14703,2.97,1.00
2014.06.06 16:27:08.196,1.14684,1.14703,3.34,1.00
2014.06.06 16:27:09.593,1.14684,1.14703,3.34,1.00
2014.06.06 16:27:13.843,1.14685,1.14704,1.57,3.30
2014.06.06 16:27:14.443,1.14685,1.14704,1.57,3.30
2014.06.06 16:27:15.792,1.14687,1.14704,1.05,2.63
2014.06.06 16:27:20.419,1.14687,1.14704,1.24,1.88
2014.06.06 16:27:26.099,1.14687,1.14704,1.05,1.88
2014.06.06 16:27:27.109,1.14687,1.14703,1.80,1.00
2014.06.06 16:27:27.638,1.14687,1.14704,1.05,1.88
2014.06.06 16:27:28.301,1.14686,1.14704,1.63,1.88
2014.06.06 16:27:28.645,1.14685,1.14699,1.24,1.00
2014.06.06 16:27:28.978,1.14687,1.14701,1.00,1.38
2014.06.06 16:27:30.375,1.14686,1.147,1.00,1.13
2014.06.06 16:27:31.106,1.14687,1.147,1.00,1.13
2014.06.06 16:27:32.010,1.14685,1.14694,1.05,1.00
2014.06.06 16:27:32.111,1.14685,1.14699,1.05,1.00
2014.06.06 16:27:32.364,1.14685,1.14699,1.05,1.00
2014.06.06 16:27:32.566,1.14684,1.14699,1.80,1.00
2014.06.06 16:27:33.313,1.14684,1.14698,1.99,1.00
2014.06.06 16:27:35.719,1.14684,1.14699,1.80,1.00
2014.06.06 16:27:41.929,1.14684,1.14698,1.68,1.13
2014.06.06 16:27:42.131,1.14682,1.14693,1.68,1.00
2014.06.06 16:27:42.758,1.14681,1.14698,1.99,1.13
2014.06.06 16:27:43.092,1.14681,1.14693,1.05,1.00
2014.06.06 16:27:44.972,1.14681,1.14699,2.40,2.63
2014.06.06 16:27:45.074,1.14681,1.14693,1.84,1.00
2014.06.06 16:27:45.531,1.14683,1.14698,1.05,1.00
2014.06.06 16:27:46.949,1.14683,1.14699,1.05,1.00
2014.06.06 16:27:47.229,1.14682,1.14699,1.99,1.38
2014.06.06 16:27:47.533,1.14682,1.14693,1.99,1.00
2014.06.06 16:27:49.347,1.1468,1.14694,2.82,1.00
2014.06.06 16:27:56.624,1.1468,1.14693,1.73,1.00
2014.06.06 16:28:01.347,1.1468,1.14694,2.59,1.00
2014.06.06 16:28:02.169,1.1468,1.14694,2.03,1.13
2014.06.06 16:28:02.681,1.14679,1.14693,1.05,1.00
2014.06.06 16:28:03.240,1.14679,1.14694,1.05,1.13
2014.06.06 16:28:04.981,1.14678,1.14688,2.03,1.00
2014.06.06 16:28:05.184,1.14678,1.14688,1.00,1.00
2014.06.06 16:28:05.803,1.14678,1.14689,1.00,1.00
2014.06.06 16:28:07.089,1.14676,1.14688,1.99,1.00
2014.06.06 16:28:07.190,1.14675,1.14687,1.05,1.00
2014.06.06 16:28:07.716,1.14675,1.14687,1.05,1.00
2014.06.06 16:28:12.408,1.14675,1.14688,1.05,1.50
2014.06.06 16:28:18.152,1.14676,1.14689,1.28,1.00
2014.06.06 16:28:18.304,1.14676,1.14691,3.53,1.00
2014.06.06 16:28:18.355,1.14676,1.14693,3.53,1.00
2014.06.06 16:28:28.075,1.14677,1.14693,1.00,1.13
2014.06.06 16:28:28.176,1.14677,1.14688,1.00,1.00
2014.06.06 16:28:36.757,1.14677,1.14688,1.93,1.00
2014.06.06 16:28:39.168,1.14679,1.14693,1.05,1.50
2014.06.06 16:28:50.281,1.14679,1.14689,1.32,1.00
2014.06.06 16:28:53.558,1.14677,1.14689,1.13,1.68
2014.06.06 16:28:54.077,1.14677,1.14689,1.13,1.43
2014.06.06 16:29:01.391,1.14674,1.14688,1.63,1.00
2014.06.06 16:29:03.389,1.14675,1.1469,1.53,1.00
2014.06.06 16:29:03.842,1.14678,1.14692,1.00,1.00
2014.06.06 16:29:05.130,1.14678,1.14688,1.00,1.00
2014.06.06 16:29:05.638,1.14677,1.14688,1.13,1.00
2014.06.06 16:29:06.698,1.14677,1.14693,1.13,1.00
2014.06.06 16:29:07.522,1.14677,1.14693,1.38,1.00
2014.06.06 16:29:07.976,1.1468,1.14693,1.38,1.00
2014.06.06 16:29:08.512,1.1468,1.14693,1.88,1.00
2014.06.06 16:29:11.827,1.1468,1.14696,1.88,1.05
2014.06.06 16:29:12.519,1.1468,1.14694,1.13,1.00
2014.06.06 16:29:19.221,1.1468,1.14693,1.13,1.00
2014.06.06 16:29:23.387,1.1468,1.14694,1.00,2.55
2014.06.06 16:29:23.700,1.1468,1.14694,1.00,2.55
2014.06.06 16:29:29.689,1.1468,1.14692,1.00,1.05
2014.06.06 16:29:30.012,1.14678,1.14689,1.00,1.43
2014.06.06 16:29:30.551,1.14678,1.14688,1.00,1.00
2014.06.06 16:29:31.765,1.14673,1.14688,2.07,1.00
2014.06.06 16:29:32.282,1.14676,1.14689,1.13,1.00
2014.06.06 16:29:32.571,1.14679,1.14689,1.00,1.00
2014.06.06 16:29:32.882,1.14679,1.14684,1.00,1.00
2014.06.06 16:29:33.312,1.14679,1.14693,1.00,1.05
2014.06.06 16:29:34.040,1.14679,1.14694,1.00,2.55
2014.06.06 16:29:38.332,1.14679,1.14694,1.00,2.55
2014.06.06 16:29:38.484,1.14679,1.14692,1.00,1.05
2014.06.06 16:29:38.886,1.14679,1.14688,1.00,1.00
2014.06.06 16:29:39.665,1.14679,1.14692,1.00,1.05
2014.06.06 16:29:44.326,1.14679,1.14688,1.00,1.00
2014.06.06 16:29:49.346,1.14679,1.14693,1.00,1.99
2014.06.06 16:29:49.699,1.14679,1.14689,1.00,1.00
2014.06.06 16:29:50.567,1.14679,1.14688,1.00,1.00
2014.06.06 16:29:51.098,1.14679,1.14689,1.00,1.00
2014.06.06 16:30:00.337,1.14679,1.14688,1.00,1.00
2014.06.06 16:30:00.887,1.14679,1.14689,1.00,1.00
2014.06.06 16:30:01.285,1.14677,1.14689,1.00,1.00
2014.06.06 16:30:24.115,1.14675,1.14689,1.38,1.00
2014.06.06 16:30:38.624,1.14675,1.14689,1.00,1.00
2014.06.06 16:30:39.190,1.14675,1.14688,1.00,1.00
2014.06.06 16:30:39.605,1.14675,1.14692,1.43,1.63
2014.06.06 16:30:40.311,1.14675,1.14692,1.80,1.32
2014.06.06 16:30:43.846,1.14677,1.14693,1.00,1.99
2014.06.06 16:30:46.086,1.14677,1.14692,1.00,1.05
2014.06.06 16:30:46.527,1.14677,1.14688,1.00,1.00
2014.06.06 16:30:47.074,1.14677,1.14683,1.00,1.00
2014.06.06 16:30:50.969,1.14677,1.14693,1.00,1.80
2014.06.06 16:30:51.373,1.14677,1.14689,1.00,1.00
2014.06.06 16:30:52.065,1.14677,1.14689,1.38,1.00
2014.06.06 16:30:52.268,1.14677,1.14694,2.25,1.80
2014.06.06 16:31:01.262,1.14677,1.14693,1.88,1.00
2014.06.06 16:31:04.362,1.1468,1.14693,1.05,1.00
2014.06.06 16:31:04.412,1.14682,1.14693,1.00,1.00
2014.06.06 16:31:05.116,1.14683,1.14693,1.00,1.00
2014.06.06 16:31:05.379,1.14684,1.14698,1.05,1.00
2014.06.06 16:31:05.480,1.14684,1.14698,1.05,1.00
2014.06.06 16:31:05.985,1.14687,1.14699,1.00,1.00
2014.06.06 16:31:09.810,1.14687,1.14699,1.38,1.00
2014.06.06 16:31:10.612,1.14687,1.14698,1.38,1.00
2014.06.06 16:31:13.363,1.14687,1.14699,1.38,1.00
2014.06.06 16:31:13.806,1.14687,1.14703,1.38,1.80
2014.06.06 16:31:14.169,1.14689,1.14704,1.13,1.43
2014.06.06 16:31:14.385,1.14691,1.14704,1.00,1.00
2014.06.06 16:31:14.747,1.14694,1.14703,1.00,1.00
2014.06.06 16:31:15.266,1.14696,1.14703,1.00,1.00
2014.06.06 16:31:18.346,1.14694,1.14703,1.00,1.00
2014.06.06 16:31:18.997,1.14694,1.14709,1.38,1.00
2014.06.06 16:31:19.502,1.14696,1.14708,1.00,1.00
2014.06.06 16:31:22.118,1.14697,1.14708,1.00,1.00
2014.06.06 16:31:22.603,1.14697,1.14713,1.00,1.53
2014.06.06 16:31:23.250,1.14696,1.14712,1.13,1.05
2014.06.06 16:31:24.037,1.14694,1.14708,2.74,1.00
2014.06.06 16:31:25.631,1.14694,1.14708,2.07,1.00
2014.06.06 16:31:25.834,1.14697,1.14708,1.00,1.00
2014.06.06 16:31:27.382,1.14695,1.14708,1.50,1.68
2014.06.06 16:31:27.433,1.14695,1.14704,1.00,1.00
2014.06.06 16:31:27.484,1.14693,1.14704,1.00,1.00
2014.06.06 16:31:27.989,1.14689,1.14704,1.57,1.43
2014.06.06 16:31:35.748,1.14689,1.14704,1.00,1.43
2014.06.06 16:31:36.252,1.14689,1.14703,1.00,1.00
2014.06.06 16:31:36.782,1.14689,1.14698,1.00,1.00
2014.06.06 16:31:37.910,1.14689,1.14704,1.25,1.38
2014.06.06 16:31:38.475,1.14689,1.14703,1.00,1.80
2014.06.06 16:31:38.591,1.14689,1.14699,1.00,1.00
2014.06.06 16:31:38.692,1.14689,1.14702,1.00,1.05
2014.06.06 16:31:50.147,1.14689,1.14703,1.00,1.00
2014.06.06 16:31:53.685,1.14689,1.14703,1.63,1.00
2014.06.06 16:31:54.210,1.14689,1.14704,1.69,1.80
2014.06.06 16:31:54.761,1.14689,1.14703,1.69,1.00
2014.06.06 16:31:54.864,1.14692,1.14703,1.00,1.00
2014.06.06 16:31:55.427,1.14692,1.14708,1.00,1.80
2014.06.06 16:32:02.128,1.14692,1.14708,1.00,1.80
2014.06.06 16:32:09.911,1.14692,1.14708,1.50,1.05
2014.06.06 16:32:10.047,1.14692,1.14708,1.50,1.05
2014.06.06 16:32:11.980,1.14692,1.14709,1.50,1.68
2014.06.06 16:32:12.031,1.14694,1.14708,1.00,1.43
2014.06.06 16:32:12.334,1.14697,1.14708,1.00,1.00
2014.06.06 16:32:12.485,1.147,1.14712,1.00,1.43
2014.06.06 16:32:13.935,1.147,1.14713,1.00,1.13
2014.06.06 16:32:20.309,1.14697,1.14714,1.00,1.99
2014.06.06 16:32:22.411,1.14697,1.14713,1.00,1.80
2014.06.06 16:32:25.198,1.14697,1.14709,1.00,1.00
2014.06.06 16:32:29.769,1.14697,1.14709,1.00,1.68
2014.06.06 16:32:30.073,1.14695,1.14708,1.00,1.00
2014.06.06 16:32:30.335,1.14695,1.14708,1.00,1.68
2014.06.06 16:32:30.646,1.14694,1.14703,1.13,1.00
2014.06.06 16:32:31.155,1.14694,1.14704,1.13,1.00
2014.06.06 16:32:32.352,1.14694,1.14703,1.00,1.00
2014.06.06 16:32:34.542,1.14694,1.14704,1.00,1.00
2014.06.06 16:32:35.201,1.14694,1.14703,1.00,1.00
2014.06.06 16:32:40.175,1.14694,1.14704,1.00,1.00
2014.06.06 16:32:43.253,1.14694,1.14703,1.00,1.00
2014.06.06 16:32:43.416,1.14691,1.14703,1.00,1.00
2014.06.06 16:32:44.025,1.14691,1.14704,1.00,1.43
2014.06.06 16:32:47.635,1.14691,1.14703,1.00,1.00
2014.06.06 16:32:48.220,1.14691,1.14704,1.00,1.80
2014.06.06 16:32:50.269,1.14691,1.14704,1.00,1.80
2014.06.06 16:32:52.329,1.14689,1.14704,1.13,1.80
2014.06.06 16:32:52.945,1.14689,1.14703,1.13,1.00
2014.06.06 16:32:53.571,1.14689,1.14704,1.13,1.80
2014.06.06 16:32:59.071,1.14689,1.14703,1.88,1.00
2014.06.06 16:33:01.643,1.14689,1.14704,1.13,1.80
2014.06.06 16:33:09.631,1.14689,1.14703,1.13,1.00
2014.06.06 16:33:10.142,1.14689,1.14704,1.00,1.05
2014.06.06 16:33:14.613,1.14692,1.14704,1.00,1.05
2014.06.06 16:33:20.224,1.14689,1.14704,1.00,1.05
2014.06.06 16:33:22.332,1.14688,1.14704,1.00,1.05
2014.06.06 16:33:22.975,1.14691,1.14704,1.00,1.05
2014.06.06 16:33:26.257,1.14691,1.14703,1.00,1.00
2014.06.06 16:33:40.705,1.14691,1.14704,1.00,1.43
2014.06.06 16:33:41.219,1.14691,1.14703,1.00,1.00
2014.06.06 16:33:45.632,1.14689,1.14703,1.00,1.00
2014.06.06 16:33:46.399,1.14689,1.14704,1.00,1.43
2014.06.06 16:33:54.373,1.14689,1.14704,1.00,1.38
2014.06.06 16:33:54.929,1.14689,1.14705,1.00,1.80
2014.06.06 16:34:09.997,1.14689,1.14705,1.00,1.05
2014.06.06 16:34:10.502,1.14688,1.14703,1.13,1.13
2014.06.06 16:34:14.019,1.14689,1.14703,1.00,1.13
2014.06.06 16:34:17.552,1.14688,1.14704,1.13,1.38
2014.06.06 16:34:29.100,1.14691,1.14705,1.00,1.05
2014.06.06 16:34:29.201,1.14689,1.14705,1.00,1.05
2014.06.06 16:34:29.257,1.14689,1.14705,1.00,1.05
2014.06.06 16:34:29.459,1.14686,1.147,1.00,1.05
2014.06.06 16:34:29.712,1.14684,1.147,1.00,1.05
2014.06.06 16:34:32.768,1.14683,1.147,3.19,1.05
2014.06.06 16:34:32.922,1.14686,1.14703,1.19,2.18
2014.06.06 16:34:33.070,1.14686,1.14704,4.09,1.80
2014.06.06 16:34:35.400,1.14687,1.14704,2.07,1.05
2014.06.06 16:34:41.338,1.14687,1.14704,2.44,1.05
2014.06.06 16:34:42.549,1.14687,1.14704,3.19,1.05
2014.06.06 16:34:43.583,1.14687,1.14704,1.50,1.80
2014.06.06 16:34:43.835,1.14687,1.14698,1.00,1.43
2014.06.06 16:34:44.037,1.14684,1.14702,2.44,1.68
2014.06.06 16:34:44.138,1.14684,1.14703,1.69,1.99
2014.06.06 16:34:44.653,1.14684,1.14703,2.00,1.99
2014.06.06 16:34:45.811,1.14684,1.14698,1.57,1.68
2014.06.06 16:34:45.862,1.14684,1.14698,1.00,1.68
2014.06.06 16:34:46.378,1.14682,1.14698,1.38,1.68
2014.06.06 16:34:47.539,1.14682,1.14698,1.38,1.43
2014.06.06 16:34:47.590,1.14683,1.14701,3.00,1.68
2014.06.06 16:34:47.692,1.14686,1.14702,1.35,1.80
2014.06.06 16:34:47.794,1.14686,1.14702,2.10,1.05
2014.06.06 16:34:48.565,1.14686,1.14702,1.13,1.05
2014.06.06 16:34:49.002,1.14686,1.14702,1.50,1.05
2014.06.06 16:34:49.506,1.14687,1.14702,1.00,1.05
2014.06.06 16:34:49.760,1.14687,1.147,1.00,1.05
2014.06.06 16:34:50.013,1.14685,1.147,1.32,1.05
2014.06.06 16:34:50.193,1.14685,1.14703,1.69,1.68
2014.06.06 16:34:50.471,1.14688,1.14703,1.00,1.68
2014.06.06 16:34:50.774,1.14686,1.14699,1.13,1.68
2014.06.06 16:34:50.876,1.14686,1.14702,1.32,1.05
2014.06.06 16:34:51.380,1.14687,1.14702,1.00,1.05
2014.06.06 16:34:52.379,1.14687,1.14702,1.00,1.05
2014.06.06 16:34:54.060,1.14687,1.14702,1.00,1.05
2014.06.06 16:34:54.262,1.14687,1.14702,1.00,1.05
2014.06.06 16:34:54.604,1.14693,1.14702,1.00,1.05
2014.06.06 16:34:59.589,1.14693,1.14698,1.00,1.00
2014.06.06 16:35:00.242,1.14693,1.14702,1.00,1.05
2014.06.06 16:35:00.747,1.14693,1.14702,1.00,1.05
2014.06.06 16:35:01.304,1.14693,1.14702,1.00,1.05
2014.06.06 16:35:01.563,1.14693,1.14703,1.00,1.80
2014.06.06 16:35:01.766,1.14693,1.14702,1.00,1.05
2014.06.06 16:35:01.968,1.14693,1.14703,1.00,1.80
2014.06.06 16:35:02.474,1.14693,1.14702,1.00,1.05
2014.06.06 16:35:02.525,1.14693,1.14702,1.00,1.05
2014.06.06 16:35:02.626,1.14693,1.14702,1.00,1.05
2014.06.06 16:35:02.993,1.14693,1.14702,1.00,1.05
2014.06.06 16:35:03.095,1.14693,1.14702,1.00,1.05
2014.06.06 16:35:03.313,1.14693,1.14702,1.00,1.05
2014.06.06 16:35:03.668,1.14693,1.14702,1.00,1.05
2014.06.06 16:35:03.769,1.14693,1.14702,1.00,1.05
2014.06.06 16:35:03.871,1.14693,1.14702,1.00,1.05
2014.06.06 16:35:04.175,1.14693,1.14702,1.00,1.05
2014.06.06 16:35:04.327,1.14693,1.14702,1.00,1.05
2014.06.06 16:35:04.530,1.14693,1.14702,1.00,1.05
2014.06.06 16:35:04.732,1.14693,1.14702,1.00,1.05
2014.06.06 16:35:04.985,1.14693,1.14702,1.00,1.05
2014.06.06 16:35:05.087,1.14693,1.14702,1.00,1.05
2014.06.06 16:35:05.289,1.14693,1.14702,1.00,1.05
2014.06.06 16:35:05.390,1.14693,1.14702,1.00,1.05
2014.06.06 16:35:11.033,1.14693,1.14702,1.00,1.05
2014.06.06 16:35:26.547,1.14693,1.14702,1.00,1.05
2014.06.06 16:35:26.749,1.14695,1.14706,1.00,1.68
2014.06.06 16:35:26.851,1.14695,1.14706,1.00,1.68
2014.06.06 16:35:26.952,1.14697,1.14708,1.00,1.99
2014.06.06 16:35:27.295,1.14699,1.14709,1.00,1.00
2014.06.06 16:35:28.409,1.14699,1.14709,1.00,1.68
2014.06.06 16:35:29.147,1.14699,1.14709,1.00,1.43
2014.06.06 16:35:33.659,1.14699,1.14711,1.00,1.05
2014.06.06 16:35:40.806,1.14702,1.14712,1.00,1.05
2014.06.06 16:35:48.525,1.14702,1.14715,1.00,1.00
2014.06.06 16:35:48.888,1.14707,1.14718,1.00,1.32
2014.06.06 16:35:49.344,1.14706,1.14718,1.00,1.13
2014.06.06 16:35:49.850,1.14707,1.1472,1.00,1.99
2014.06.06 16:35:50.863,1.14707,1.1472,1.00,1.80
2014.06.06 16:35:52.310,1.14707,1.14719,1.00,1.00
2014.06.06 16:35:54.936,1.14707,1.14718,1.00,1.00
2014.06.06 16:35:55.662,1.14707,1.14719,1.00,1.00
2014.06.06 16:35:59.594,1.14707,1.14719,1.00,2.55
2014.06.06 16:36:00.100,1.14707,1.14715,1.00,1.05
2014.06.06 16:36:00.630,1.14707,1.14716,1.00,1.05
2014.06.06 16:36:03.386,1.14707,1.14716,1.00,1.05
2014.06.06 16:36:03.589,1.14705,1.14713,1.00,1.13
2014.06.06 16:36:04.772,1.14705,1.14714,1.00,1.00
2014.06.06 16:36:11.075,1.14705,1.14719,1.00,1.38
2014.06.06 16:36:19.305,1.14707,1.14719,1.00,1.38
2014.06.06 16:36:20.740,1.14707,1.14719,1.00,1.38
2014.06.06 16:36:22.194,1.14707,1.14718,1.00,1.05
2014.06.06 16:36:22.497,1.14706,1.14715,1.00,1.05
2014.06.06 16:36:40.125,1.14706,1.14718,1.00,1.63
2014.06.06 16:36:40.226,1.14706,1.14719,1.00,4.43
2014.06.06 16:36:40.327,1.14709,1.14721,1.00,3.27
2014.06.06 16:36:53.616,1.14709,1.14714,1.00,1.00
2014.06.06 16:36:53.718,1.14709,1.14718,1.00,2.55
2014.06.06 16:36:54.189,1.14709,1.14719,1.00,1.13
2014.06.06 16:36:55.364,1.14709,1.14713,1.00,1.00
2014.06.06 16:36:55.718,1.14706,1.14713,1.00,1.00
2014.06.06 16:37:04.295,1.14704,1.14713,1.00,1.00
2014.06.06 16:37:08.516,1.14706,1.14713,1.00,1.00
2014.06.06 16:37:08.567,1.14706,1.14718,1.00,3.83
2014.06.06 16:37:08.669,1.14706,1.14719,1.00,1.63
2014.06.06 16:37:08.720,1.14709,1.14719,1.00,1.63
2014.06.06 16:37:09.072,1.14711,1.14721,1.00,1.57
2014.06.06 16:37:10.171,1.14711,1.14721,1.00,1.32
2014.06.06 16:37:10.249,1.14711,1.14722,1.00,1.05
2014.06.06 16:37:10.843,1.14711,1.14722,1.00,1.05
2014.06.06 16:37:12.642,1.14711,1.14723,1.00,1.05
2014.06.06 16:37:18.043,1.14711,1.14724,1.00,2.55
2014.06.06 16:37:21.723,1.14711,1.14718,1.00,1.00
2014.06.06 16:37:25.344,1.14712,1.14718,1.00,1.00
2014.06.06 16:37:28.981,1.14708,1.14716,1.13,1.00
2014.06.06 16:37:29.186,1.14709,1.14714,1.00,1.13
2014.06.06 16:37:29.390,1.14707,1.14714,1.00,1.00
2014.06.06 16:37:29.441,1.14703,1.14711,1.13,1.00
2014.06.06 16:37:29.543,1.14707,1.14717,1.00,1.32
2014.06.06 16:37:29.984,1.14707,1.14719,1.00,2.18
2014.06.06 16:37:30.572,1.14707,1.14718,1.00,1.00
2014.06.06 16:37:31.080,1.14707,1.14718,1.00,1.68
2014.06.06 16:37:32.071,1.14707,1.14718,1.00,1.00
2014.06.06 16:37:37.593,1.14707,1.14719,1.00,2.18
2014.06.06 16:37:40.229,1.14707,1.14719,1.00,1.80
2014.06.06 16:37:42.291,1.14707,1.14718,1.00,1.05
2014.06.06 16:37:42.826,1.14707,1.14718,1.00,3.49
2014.06.06 16:37:42.978,1.14707,1.14717,1.00,1.24
2014.06.06 16:37:43.653,1.14707,1.14718,1.00,2.37
2014.06.06 16:37:47.696,1.14709,1.14718,1.00,1.00
2014.06.06 16:37:47.848,1.14709,1.14721,1.00,1.05
2014.06.06 16:37:47.898,1.14713,1.14721,1.00,1.05
2014.06.06 16:37:49.250,1.14713,1.14719,1.00,1.00
2014.06.06 16:37:52.714,1.14713,1.14719,1.00,1.68
2014.06.06 16:37:54.360,1.14713,1.14719,1.00,1.00
2014.06.06 16:37:54.462,1.14713,1.14723,1.00,1.80
2014.06.06 16:37:54.797,1.14713,1.14722,1.00,1.05
2014.06.06 16:38:04.091,1.14713,1.14723,1.00,1.80
2014.06.06 16:38:04.501,1.14713,1.14724,1.00,1.00
2014.06.06 16:38:04.552,1.14716,1.14725,1.00,1.32
2014.06.06 16:38:04.871,1.14716,1.14723,1.00,1.00
2014.06.06 16:38:05.590,1.14717,1.14723,1.00,1.00
2014.06.06 16:38:08.303,1.14713,1.14724,1.00,1.50
2014.06.06 16:38:08.894,1.14713,1.14724,1.00,2.18
2014.06.06 16:38:12.225,1.14713,1.14724,1.00,2.18
2014.06.06 16:38:17.160,1.14713,1.14724,1.00,2.18
2014.06.06 16:38:24.883,1.14713,1.14719,1.00,1.00
2014.06.06 16:38:25.408,1.14713,1.14718,1.00,1.00
2014.06.06 16:38:32.799,1.14713,1.14724,1.00,2.18
2014.06.06 16:38:33.021,1.14713,1.14724,1.00,1.50
2014.06.06 16:38:33.813,1.14713,1.14723,1.00,1.00
2014.06.06 16:38:47.455,1.14713,1.14725,1.00,1.13
2014.06.06 16:38:50.056,1.14716,1.14725,1.00,1.00
2014.06.06 16:38:50.590,1.14716,1.14727,1.00,1.38
2014.06.06 16:38:51.875,1.14716,1.14727,1.00,1.00
2014.06.06 16:38:52.298,1.14718,1.14728,1.00,1.13
2014.06.06 16:38:52.834,1.14721,1.14732,1.00,1.57
2014.06.06 16:38:53.184,1.14723,1.14733,1.00,1.00
2014.06.06 16:38:57.682,1.14723,1.14733,1.00,1.68
2014.06.06 16:39:07.978,1.14723,1.14733,1.00,2.74
2014.06.06 16:39:08.130,1.1472,1.1473,1.00,1.00
2014.06.06 16:39:08.652,1.1472,1.14729,1.00,1.00
2014.06.06 16:39:22.318,1.1472,1.14731,1.00,1.43
2014.06.06 16:39:22.762,1.1472,1.14729,1.00,1.13
2014.06.06 16:39:22.863,1.14718,1.14729,1.00,1.13
2014.06.06 16:39:22.914,1.14718,1.14729,1.00,2.55
2014.06.06 16:39:22.965,1.14716,1.14728,1.00,2.89
2014.06.06 16:39:23.201,1.14713,1.14726,1.00,1.43
2014.06.06 16:39:23.310,1.14713,1.14726,1.00,1.68
2014.06.06 16:39:28.392,1.14713,1.14723,1.00,1.13
2014.06.06 16:39:31.929,1.14713,1.14723,1.00,1.24
2014.06.06 16:39:32.585,1.14712,1.14723,1.00,1.99
2014.06.06 16:39:42.169,1.14712,1.14723,1.00,1.00
2014.06.06 16:39:42.541,1.14714,1.14723,1.00,1.00
2014.06.06 16:39:43.081,1.14714,1.14724,1.00,1.00
2014.06.06 16:39:43.600,1.14714,1.14723,1.00,1.00
2014.06.06 16:39:44.776,1.14714,1.14726,1.00,1.68
2014.06.06 16:39:45.345,1.14714,1.14723,1.00,1.00
2014.06.06 16:39:49.258,1.14714,1.14726,1.00,1.68
2014.06.06 16:39:49.640,1.14714,1.14723,1.00,1.43
2014.06.06 16:39:50.240,1.14715,1.14723,1.00,1.00
2014.06.06 16:39:50.291,1.14715,1.14727,1.00,1.43
2014.06.06 16:39:50.342,1.14717,1.14727,1.00,1.43
2014.06.06 16:39:54.700,1.14717,1.14727,1.00,1.68
2014.06.06 16:39:55.219,1.14717,1.14727,1.00,1.43
2014.06.06 16:39:56.027,1.14717,1.14726,1.00,3.98
2014.06.06 16:39:56.281,1.14708,1.14714,1.13,1.68
2014.06.06 16:39:56.483,1.14707,1.14712,1.00,1.68
2014.06.06 16:39:56.534,1.14703,1.14712,1.00,1.68
2014.06.06 16:39:57.173,1.14703,1.14712,1.00,1.43
2014.06.06 16:40:01.567,1.14703,1.14713,1.00,2.18
2014.06.06 16:40:01.769,1.14706,1.14713,1.00,1.00
2014.06.06 16:40:02.854,1.14706,1.14713,1.00,1.68
2014.06.06 16:40:02.905,1.14704,1.14713,1.00,1.68
2014.06.06 16:40:03.605,1.14704,1.14713,1.00,1.00
2014.06.06 16:40:04.483,1.14704,1.14713,1.00,1.68
2014.06.06 16:40:05.374,1.14704,1.14713,1.00,1.00
2014.06.06 16:40:06.278,1.14707,1.14713,1.00,1.00
2014.06.06 16:40:06.793,1.14707,1.14717,1.00,1.80
2014.06.06 16:40:10.673,1.14707,1.14718,1.00,1.80
2014.06.06 16:40:10.724,1.14709,1.14718,1.00,1.80
2014.06.06 16:40:10.926,1.14705,1.14715,1.00,1.43
2014.06.06 16:40:10.999,1.14705,1.14713,1.00,1.00
2014.06.06 16:40:12.224,1.14704,1.14713,1.00,1.00
2014.06.06 16:40:12.839,1.14704,1.14714,1.13,1.00
2014.06.06 16:40:12.940,1.14705,1.14716,1.00,1.00
2014.06.06 16:40:13.001,1.14705,1.14722,1.13,1.25
2014.06.06 16:40:13.053,1.14708,1.14722,1.00,1.63
2014.06.06 16:40:13.365,1.14711,1.14719,1.00,1.00
2014.06.06 16:40:14.086,1.14711,1.14721,1.00,1.68
2014.06.06 16:40:14.603,1.14711,1.1472,1.00,1.68
2014.06.06 16:40:15.284,1.14711,1.14718,1.00,1.00
2014.06.06 16:40:15.790,1.14712,1.14719,1.00,1.00
2014.06.06 16:40:16.302,1.14712,1.14723,1.00,1.00
2014.06.06 16:40:16.808,1.14712,1.14722,1.00,1.24
2014.06.06 16:40:16.858,1.14712,1.14722,1.00,1.99
2014.06.06 16:40:16.959,1.14712,1.14722,1.00,1.32
2014.06.06 16:40:18.362,1.14712,1.14723,1.00,2.55
2014.06.06 16:40:18.616,1.14716,1.14724,1.00,1.80
2014.06.06 16:40:18.819,1.14714,1.14723,1.00,1.13
2014.06.06 16:40:19.028,1.14714,1.14719,1.00,1.00
2014.06.06 16:40:19.434,1.14714,1.14723,1.00,1.80
2014.06.06 16:40:19.982,1.14714,1.14723,1.00,1.80
2014.06.06 16:40:22.321,1.14714,1.14718,1.00,1.00
2014.06.06 16:40:22.858,1.14715,1.14725,1.00,1.38
2014.06.06 16:40:23.404,1.14715,1.14725,1.00,1.80
2014.06.06 16:40:23.556,1.14712,1.14723,1.00,1.80
2014.06.06 16:40:23.707,1.14712,1.14723,1.00,1.80
2014.06.06 16:40:27.208,1.14712,1.14721,1.00,1.00
2014.06.06 16:40:27.711,1.14712,1.14723,1.00,1.69
2014.06.06 16:40:28.193,1.14712,1.14723,1.00,1.68
2014.06.06 16:40:28.345,1.14712,1.14723,1.00,2.18
2014.06.06 16:40:28.547,1.14712,1.14718,1.00,1.00
2014.06.06 16:40:28.699,1.14715,1.14723,1.00,1.43
2014.06.06 16:40:29.184,1.14715,1.14723,1.00,1.05
2014.06.06 16:40:29.487,1.14712,1.14719,1.00,2.55
2014.06.06 16:40:29.539,1.14711,1.14719,1.00,2.55
2014.06.06 16:40:30.236,1.14711,1.14718,1.00,1.00
2014.06.06 16:40:30.387,1.14711,1.14722,1.00,1.00
2014.06.06 16:40:30.438,1.14711,1.14719,1.00,1.00
2014.06.06 16:40:31.088,1.14712,1.14722,1.00,1.05
2014.06.06 16:40:31.417,1.14712,1.14718,1.00,1.00
2014.06.06 16:40:31.926,1.14712,1.14719,1.00,1.00
2014.06.06 16:40:33.603,1.14712,1.1472,1.00,1.43
2014.06.06 16:40:34.506,1.14712,1.14719,1.00,1.00
2014.06.06 16:40:34.557,1.1471,1.14719,1.00,1.38
2014.06.06 16:40:34.608,1.1471,1.14718,1.00,1.80
2014.06.06 16:40:34.709,1.14708,1.14716,1.00,1.05
2014.06.06 16:40:34.911,1.14704,1.14715,1.00,1.43
2014.06.06 16:40:35.033,1.14704,1.14715,1.00,1.68
2014.06.06 16:40:38.896,1.14704,1.14715,1.00,1.38
2014.06.06 16:40:39.199,1.14707,1.14718,1.00,4.02
2014.06.06 16:40:39.546,1.14711,1.14719,1.00,1.80
2014.06.06 16:40:39.748,1.14709,1.14718,1.00,1.00
2014.06.06 16:40:40.254,1.14709,1.14719,1.00,1.80
2014.06.06 16:40:40.305,1.14711,1.14719,1.00,1.80
2014.06.06 16:40:40.810,1.14711,1.14718,1.00,1.00
2014.06.06 16:40:40.860,1.14711,1.14721,1.00,1.43
2014.06.06 16:40:40.962,1.14711,1.14723,1.00,1.00
2014.06.06 16:40:41.063,1.14711,1.14725,1.00,1.25
2014.06.06 16:40:41.215,1.14714,1.14725,1.00,1.25
2014.06.06 16:40:41.954,1.14714,1.14727,1.00,1.53
2014.06.06 16:40:42.258,1.14717,1.14728,1.00,1.38
2014.06.06 16:40:44.071,1.14717,1.14723,1.00,1.00
2014.06.06 16:40:45.599,1.14717,1.14723,1.00,1.68
2014.06.06 16:40:49.222,1.14717,1.14723,1.00,1.00
2014.06.06 16:40:49.324,1.14717,1.14726,1.00,1.05
2014.06.06 16:40:49.919,1.14717,1.14727,1.00,1.05
2014.06.06 16:40:50.430,1.14717,1.14724,1.00,1.00
2014.06.06 16:40:50.934,1.14717,1.14723,1.00,1.00
2014.06.06 16:40:51.313,1.14717,1.14725,1.00,1.13
2014.06.06 16:40:51.545,1.14717,1.14728,1.00,1.00
2014.06.06 16:40:52.089,1.14717,1.14729,1.00,1.50
2014.06.06 16:40:52.594,1.14717,1.14728,1.00,1.00
2014.06.06 16:40:55.813,1.1472,1.14729,1.00,2.18
2014.06.06 16:40:56.244,1.1472,1.14729,1.00,2.55
2014.06.06 16:40:56.580,1.14718,1.14723,1.00,1.00
2014.06.06 16:40:56.884,1.14713,1.14723,1.13,1.68
2014.06.06 16:40:57.422,1.14717,1.14723,1.00,1.68
2014.06.06 16:40:58.144,1.14718,1.14724,1.00,1.88
2014.06.06 16:40:58.700,1.14716,1.14724,1.00,1.68
2014.06.06 16:40:58.804,1.14713,1.14723,1.00,1.43
2014.06.06 16:40:59.007,1.14713,1.14725,1.00,1.00
2014.06.06 16:41:00.548,1.14715,1.14725,1.00,1.00
2014.06.06 16:41:00.751,1.14715,1.14727,1.00,1.15
2014.06.06 16:41:01.335,1.14715,1.14727,1.00,1.93
2014.06.06 16:41:01.546,1.1472,1.14727,1.00,1.00
2014.06.06 16:41:01.647,1.1472,1.14729,1.00,1.80
2014.06.06 16:41:05.122,1.1472,1.14728,1.00,1.00
2014.06.06 16:41:10.462,1.1472,1.14728,1.00,1.38
2014.06.06 16:41:40.394,1.1472,1.14728,1.00,1.38
2014.06.06 16:41:48.543,1.14711,1.14723,1.38,1.00
2014.06.06 16:41:55.786,1.1472,1.14729,1.00,1.99
2014.06.06 16:41:56.735,1.1472,1.14729,1.00,1.25
2014.06.06 16:41:56.888,1.1472,1.14732,1.00,1.38
2014.06.06 16:41:56.939,1.1472,1.14733,1.00,1.80
2014.06.06 16:41:59.759,1.1472,1.14729,1.00,1.00
2014.06.06 16:42:00.280,1.1472,1.14728,1.00,1.00
2014.06.06 16:42:00.330,1.1472,1.14732,1.00,1.05
2014.06.06 16:42:01.650,1.14712,1.14732,3.15,1.05
2014.06.06 16:42:01.752,1.14713,1.14729,1.05,1.00
2014.06.06 16:42:02.338,1.14721,1.14728,1.00,1.00
2014.06.06 16:42:02.865,1.14721,1.14729,1.00,1.00
2014.06.06 16:42:03.148,1.14721,1.14733,1.00,1.63
2014.06.06 16:42:10.416,1.14721,1.14733,1.00,1.00
2014.06.06 16:42:13.610,1.14724,1.14733,1.00,1.00
2014.06.06 16:42:13.662,1.14724,1.14736,1.00,4.02
2014.06.06 16:42:13.814,1.14724,1.14735,1.00,1.05
2014.06.06 16:42:41.216,1.14724,1.14736,1.00,1.57
2014.06.06 16:42:50.977,1.14724,1.14733,1.00,1.38
2014.06.06 16:42:52.738,1.14724,1.14733,1.00,1.00
2014.06.06 16:42:54.783,1.14724,1.14734,1.00,1.00
2014.06.06 16:42:55.009,1.14724,1.14734,1.00,1.38
2014.06.06 16:42:55.448,1.14724,1.14734,1.43,1.00
2014.06.06 16:42:55.499,1.14726,1.14734,1.00,1.00
2014.06.06 16:42:56.164,1.14729,1.14738,1.00,1.63
2014.06.06 16:42:56.316,1.14729,1.14738,1.00,1.32
2014.06.06 16:42:58.161,1.14729,1.14733,1.00,1.00
2014.06.06 16:42:58.412,1.14729,1.14738,1.00,1.00
2014.06.06 16:43:00.692,1.14729,1.14739,1.00,1.13
2014.06.06 16:43:00.743,1.14729,1.14739,1.00,1.80
2014.06.06 16:43:01.047,1.14726,1.14736,1.00,1.99
2014.06.06 16:43:10.551,1.14726,1.14739,1.00,2.82
2014.06.06 16:43:23.681,1.14726,1.14739,1.00,1.25
2014.06.06 16:43:23.883,1.14729,1.1474,1.00,2.78
2014.06.06 16:43:23.985,1.14729,1.14743,1.00,2.40
2014.06.06 16:43:24.087,1.14732,1.14744,1.00,1.88
2014.06.06 16:43:25.081,1.14734,1.14744,1.00,1.38
2014.06.06 16:43:30.411,1.14734,1.14744,1.00,1.13
2014.06.06 16:43:30.462,1.14737,1.14747,1.00,3.15
2014.06.06 16:43:35.620,1.14737,1.14748,1.00,1.50
2014.06.06 16:43:35.722,1.14737,1.14748,1.00,1.38
2014.06.06 16:43:35.890,1.14735,1.14747,1.00,1.38
2014.06.06 16:43:36.195,1.14735,1.14744,1.00,1.00
2014.06.06 16:43:36.302,1.14735,1.14747,1.00,1.38
2014.06.06 16:43:36.516,1.14735,1.14744,1.00,1.00
2014.06.06 16:43:39.176,1.14733,1.14745,1.00,1.38
2014.06.06 16:43:39.480,1.14733,1.14744,1.00,1.00
2014.06.06 16:43:39.531,1.14733,1.14743,1.00,1.38
2014.06.06 16:43:39.633,1.1473,1.14742,1.00,1.38
2014.06.06 16:43:40.152,1.14725,1.14738,1.00,1.00
2014.06.06 16:43:40.660,1.14725,1.14738,1.00,1.38
2014.06.06 16:43:40.711,1.14727,1.14738,1.00,1.88
2014.06.06 16:43:44.052,1.14727,1.14738,1.00,1.00
2014.06.06 16:43:44.558,1.14727,1.14739,1.00,1.00
2014.06.06 16:43:45.059,1.14727,1.1474,1.00,1.00
2014.06.06 16:43:56.799,1.14727,1.1474,1.00,1.38
2014.06.06 16:44:01.071,1.14727,1.1474,1.00,1.00
2014.06.06 16:44:03.584,1.14731,1.1474,1.35,1.25
2014.06.06 16:44:03.871,1.14731,1.14749,1.50,1.38
2014.06.06 16:44:04.022,1.14738,1.14743,1.00,1.05
2014.06.06 16:44:04.124,1.14733,1.14743,1.00,1.05
2014.06.06 16:44:04.276,1.1473,1.14743,1.00,1.80
2014.06.06 16:44:04.672,1.1473,1.14743,1.00,1.80
2014.06.06 16:44:04.824,1.14728,1.1474,1.00,1.05
2014.06.06 16:44:05.383,1.14728,1.14737,1.00,1.00
2014.06.06 16:44:05.479,1.14728,1.1474,1.00,1.13
2014.06.06 16:44:07.079,1.14728,1.14741,1.00,1.13
2014.06.06 16:44:07.591,1.14728,1.1474,1.00,1.00
2014.06.06 16:44:08.079,1.14726,1.14738,1.00,1.13
2014.06.06 16:44:08.583,1.14726,1.14737,1.00,1.00
2014.06.06 16:44:09.203,1.14721,1.14734,1.00,1.00
2014.06.06 16:44:09.304,1.14721,1.1473,1.00,1.00
2014.06.06 16:44:09.405,1.14721,1.14733,1.00,1.00
2014.06.06 16:44:09.659,1.14724,1.14737,1.00,1.38
2014.06.06 16:44:10.232,1.14725,1.14741,1.00,2.07
2014.06.06 16:44:10.613,1.14725,1.14741,1.00,2.07
2014.06.06 16:44:11.224,1.14725,1.14738,1.00,1.00
2014.06.06 16:44:11.731,1.14725,1.14737,1.00,1.00
2014.06.06 16:44:11.883,1.14725,1.14737,1.00,1.50
2014.06.06 16:44:11.933,1.14722,1.14735,1.00,1.38
2014.06.06 16:44:12.338,1.14722,1.14739,1.88,1.63
2014.06.06 16:44:34.662,1.14722,1.1474,1.50,1.00
2014.06.06 16:44:34.814,1.14725,1.14739,1.00,1.00
2014.06.06 16:44:35.139,1.14727,1.14742,1.00,1.19
2014.06.06 16:44:39.376,1.14727,1.14742,1.00,1.00
2014.06.06 16:44:40.021,1.14727,1.14743,1.00,1.00
2014.06.06 16:44:42.199,1.14727,1.14745,2.55,1.38
2014.06.06 16:44:50.897,1.14727,1.14743,1.00,1.05
2014.06.06 16:44:54.098,1.14727,1.14743,1.38,1.13
2014.06.06 16:44:56.744,1.14731,1.14743,1.68,1.00
2014.06.06 16:44:56.845,1.14731,1.14748,1.00,1.05
2014.06.06 16:44:56.997,1.14735,1.14746,1.00,1.05
2014.06.06 16:44:57.098,1.14732,1.14746,1.00,1.43
2014.06.06 16:44:57.199,1.14732,1.14744,1.00,1.00
2014.06.06 16:44:57.452,1.14732,1.14748,1.00,4.58
2014.06.06 16:44:57.976,1.14732,1.14743,1.50,1.00
2014.06.06 16:44:58.305,1.14732,1.14748,1.50,2.55
2014.06.06 16:44:59.742,1.14732,1.14748,1.50,2.55
2014.06.06 16:45:04.327,1.14732,1.14748,1.50,2.55
2014.06.06 16:45:05.246,1.14732,1.14748,1.50,1.99
2014.06.06 16:45:06.252,1.14732,1.14748,1.50,1.99
2014.06.06 16:45:07.293,1.14732,1.14748,1.50,2.55
2014.06.06 16:45:07.596,1.14731,1.14743,1.00,1.00
2014.06.06 16:45:08.135,1.14731,1.14745,1.00,1.43
2014.06.06 16:45:08.750,1.14731,1.14743,1.00,1.00
2014.06.06 16:45:09.359,1.14731,1.14744,1.00,1.00
2014.06.06 16:45:11.840,1.14731,1.14743,1.00,1.00
2014.06.06 16:45:12.405,1.14731,1.14744,1.00,1.00
2014.06.06 16:45:13.065,1.14731,1.14743,1.00,1.00
2014.06.06 16:45:13.665,1.14731,1.14744,1.00,1.00
2014.06.06 16:45:16.599,1.14731,1.14748,1.00,2.07
2014.06.06 16:45:24.343,1.14731,1.14746,1.00,1.05
2014.06.06 16:45:25.988,1.14731,1.14747,1.00,1.05
2014.06.06 16:45:33.093,1.14731,1.14748,1.00,3.90
2014.06.06 16:45:33.396,1.14727,1.14744,1.00,2.55
2014.06.06 16:45:33.699,1.14727,1.14744,1.00,2.55
2014.06.06 16:45:33.750,1.14727,1.14744,1.00,2.55
2014.06.06 16:45:34.061,1.14725,1.14741,1.69,1.05
2014.06.06 16:45:34.566,1.14725,1.1474,1.00,1.05
2014.06.06 16:45:36.757,1.14725,1.14738,1.00,1.05
2014.06.06 16:45:37.434,1.14725,1.1474,1.00,1.80
2014.06.06 16:45:40.639,1.14725,1.14739,1.00,1.05
2014.06.06 16:45:46.802,1.14725,1.14738,1.00,1.00
2014.06.06 16:45:48.463,1.14725,1.14739,1.00,1.05
2014.06.06 16:45:48.967,1.14725,1.14738,1.00,1.00
2014.06.06 16:45:51.136,1.14726,1.1474,1.00,1.68
2014.06.06 16:45:51.644,1.14725,1.14739,1.00,1.43
2014.06.06 16:45:55.939,1.14725,1.14733,1.00,1.00
2014.06.06 16:45:56.519,1.14725,1.14734,1.00,1.00
2014.06.06 16:45:56.837,1.14722,1.14734,1.00,1.00
2014.06.06 16:45:56.944,1.14722,1.14737,1.00,1.05
2014.06.06 16:46:00.355,1.14721,1.14737,1.00,1.05
2014.06.06 16:46:01.761,1.1472,1.14734,1.13,1.00
2014.06.06 16:46:09.172,1.1472,1.14734,1.38,1.00
2014.06.06 16:46:09.273,1.1472,1.14734,1.13,1.00
2014.06.06 16:46:10.039,1.14722,1.14734,1.00,1.00
2014.06.06 16:46:12.316,1.14723,1.14734,1.00,1.00
2014.06.06 16:46:12.367,1.14724,1.14738,1.05,1.00
2014.06.06 16:46:12.497,1.14726,1.14743,1.50,1.80
2014.06.06 16:46:12.831,1.14729,1.14743,1.00,1.80
2014.06.06 16:46:14.768,1.14727,1.14743,1.00,1.38
2014.06.06 16:46:15.642,1.14726,1.14738,1.50,1.00
2014.06.06 16:46:18.160,1.14726,1.14739,1.50,1.00
2014.06.06 16:46:33.222,1.14726,1.14738,1.50,1.00
2014.06.06 16:46:33.565,1.14729,1.14743,1.00,1.38
2014.06.06 16:46:40.784,1.14729,1.14742,1.00,1.05
2014.06.06 16:47:02.245,1.14726,1.14744,2.18,2.63
2014.06.06 16:47:06.964,1.14726,1.14739,2.18,1.13
2014.06.06 16:47:07.622,1.14726,1.14744,2.18,2.07
2014.06.06 16:47:08.209,1.14729,1.14744,1.00,1.63
2014.06.06 16:47:10.672,1.14729,1.14744,1.00,1.88
2014.06.06 16:47:14.559,1.14727,1.14743,1.68,1.13
2014.06.06 16:47:17.236,1.14727,1.14739,1.43,1.00
2014.06.06 16:47:17.892,1.14727,1.14743,1.43,1.38
2014.06.06 16:47:18.594,1.14727,1.14743,1.68,1.38
2014.06.06 16:47:20.598,1.14727,1.14743,1.68,1.88
2014.06.06 16:47:21.154,1.14727,1.14743,1.68,1.88
2014.06.06 16:47:37.133,1.14727,1.14745,1.00,2.44
2014.06.06 16:47:40.389,1.14727,1.14739,1.00,1.00
2014.06.06 16:47:40.932,1.14727,1.14739,1.00,1.38
2014.06.06 16:47:45.810,1.14726,1.14736,1.00,1.00
2014.06.06 16:47:45.861,1.14724,1.14736,1.00,1.00
2014.06.06 16:47:46.266,1.14722,1.14735,1.00,1.00
2014.06.06 16:47:46.788,1.14721,1.14735,1.00,1.38
2014.06.06 16:47:54.091,1.14721,1.14735,1.00,1.13
2014.06.06 16:47:54.621,1.14721,1.14734,1.00,1.00
2014.06.06 16:47:55.084,1.14719,1.14728,1.00,1.00
2014.06.06 16:47:55.286,1.14716,1.14728,1.00,1.00
2014.06.06 16:47:55.829,1.14716,1.14729,1.00,1.13
2014.06.06 16:47:56.429,1.14716,1.14728,1.00,1.00
2014.06.06 16:47:57.999,1.14716,1.14729,1.00,1.13
2014.06.06 16:47:59.746,1.14716,1.14728,1.00,1.00
2014.06.06 16:48:00.329,1.14716,1.1473,1.00,1.00
2014.06.06 16:48:01.233,1.14716,1.14729,1.00,1.00
2014.06.06 16:48:02.464,1.14716,1.1473,1.00,1.00
2014.06.06 16:48:03.161,1.14716,1.14729,1.00,1.00
2014.06.06 16:48:03.674,1.14716,1.1473,1.00,1.00
2014.06.06 16:48:04.383,1.14716,1.14729,1.00,1.00
2014.06.06 16:48:06.196,1.14716,1.1473,1.00,1.00
2014.06.06 16:48:06.297,1.14716,1.14728,1.00,1.00
2014.06.06 16:48:07.208,1.14716,1.14729,1.00,1.13
2014.06.06 16:48:09.418,1.14716,1.14729,1.00,1.38
2014.06.06 16:48:09.803,1.14716,1.14726,1.00,1.00
2014.06.06 16:48:11.697,1.14716,1.14729,1.00,1.38
2014.06.06 16:48:12.237,1.14716,1.14729,1.00,1.00
2014.06.06 16:48:14.408,1.14716,1.1473,1.00,1.13
2014.06.06 16:48:15.226,1.14716,1.14729,1.00,1.00
2014.06.06 16:48:17.144,1.14716,1.1473,1.00,1.13
2014.06.06 16:48:17.854,1.14716,1.14729,1.00,1.00
2014.06.06 16:48:18.945,1.14716,1.1473,1.43,1.13
2014.06.06 16:48:19.485,1.14716,1.14729,1.43,1.00
2014.06.06 16:48:22.683,1.14716,1.14729,1.68,1.00
2014.06.06 16:48:22.784,1.14717,1.14731,1.05,1.00
2014.06.06 16:48:23.312,1.14717,1.14733,1.05,1.38
2014.06.06 16:48:23.413,1.14717,1.14732,1.05,1.13
2014.06.06 16:48:23.515,1.14719,1.14734,1.43,1.00
2014.06.06 16:48:24.432,1.14719,1.14735,1.43,1.00
2014.06.06 16:48:24.533,1.14719,1.14734,1.68,1.00
2014.06.06 16:48:25.389,1.1472,1.14735,1.68,1.00
2014.06.06 16:48:27.398,1.1472,1.14734,1.68,1.00
2014.06.06 16:48:28.330,1.1472,1.14735,1.68,1.00
2014.06.06 16:48:30.963,1.1472,1.14734,1.68,1.00
2014.06.06 16:48:31.968,1.1472,1.14735,1.68,1.00
2014.06.06 16:48:33.179,1.1472,1.14734,1.68,1.00
2014.06.06 16:48:33.728,1.1472,1.14735,1.68,1.00
2014.06.06 16:48:34.437,1.1472,1.14734,1.68,1.00
2014.06.06 16:48:35.046,1.1472,1.14735,1.68,1.00
2014.06.06 16:48:36.849,1.1472,1.14734,1.68,1.00
2014.06.06 16:48:38.843,1.1472,1.14735,1.68,1.00
2014.06.06 16:48:39.345,1.1472,1.14734,1.68,1.00
2014.06.06 16:48:40.157,1.14717,1.14735,2.37,1.00
2014.06.06 16:48:40.258,1.14717,1.14735,2.37,1.00
2014.06.06 16:48:40.561,1.14717,1.14733,1.68,1.00
2014.06.06 16:48:41.130,1.14719,1.14732,1.05,1.00
2014.06.06 16:48:41.654,1.14719,1.14733,1.05,1.00
2014.06.06 16:48:42.236,1.14719,1.14732,1.05,1.00
2014.06.06 16:48:42.745,1.1472,1.14733,1.68,1.00
2014.06.06 16:48:42.846,1.1472,1.14735,1.00,1.00
2014.06.06 16:48:43.790,1.1472,1.14734,1.00,1.00
2014.06.06 16:48:44.307,1.1472,1.14735,1.00,1.00
2014.06.06 16:48:45.935,1.14718,1.14734,1.68,1.00
2014.06.06 16:48:47.626,1.1472,1.14735,1.43,1.00
2014.06.06 16:48:49.744,1.1472,1.14734,1.00,1.00
2014.06.06 16:48:50.859,1.1472,1.14735,1.00,1.00
2014.06.06 16:48:54.362,1.1472,1.14734,1.00,1.00
2014.06.06 16:48:55.250,1.1472,1.14735,1.00,1.00
2014.06.06 16:49:00.404,1.1472,1.14734,1.00,1.00
2014.06.06 16:49:02.424,1.1472,1.14735,1.00,1.00
2014.06.06 16:49:07.217,1.1472,1.14734,1.00,1.00
2014.06.06 16:49:07.815,1.1472,1.14735,1.00,1.00
2014.06.06 16:49:08.179,1.14722,1.14735,1.00,1.00
2014.06.06 16:49:08.239,1.14722,1.14737,1.00,1.00
2014.06.06 16:49:09.448,1.14721,1.14737,1.43,1.00
2014.06.06 16:49:10.063,1.14721,1.14736,1.43,1.00
2014.06.06 16:49:11.278,1.14721,1.14737,1.43,1.00
2014.06.06 16:49:11.802,1.1472,1.14737,1.43,1.13
2014.06.06 16:49:12.092,1.1472,1.14733,1.00,1.00
2014.06.06 16:49:12.244,1.1472,1.14735,1.00,1.50
2014.06.06 16:49:12.770,1.1472,1.14734,1.00,1.00
2014.06.06 16:49:13.431,1.1472,1.14735,1.00,1.00
2014.06.06 16:49:14.153,1.1472,1.14734,1.00,1.00
2014.06.06 16:49:15.687,1.1472,1.14735,1.00,1.00
2014.06.06 16:49:16.292,1.1472,1.14734,1.00,1.00
2014.06.06 16:49:16.740,1.1472,1.14736,1.00,1.00
2014.06.06 16:49:22.999,1.1472,1.14735,1.00,1.00
2014.06.06 16:49:25.452,1.1472,1.14736,1.43,1.50
2014.06.06 16:49:26.310,1.1472,1.14735,1.43,1.00
2014.06.06 16:49:26.866,1.1472,1.14736,1.43,1.50
2014.06.06 16:49:29.966,1.1472,1.14736,1.43,1.88
2014.06.06 16:49:30.169,1.1472,1.14733,1.00,1.00
2014.06.06 16:49:30.320,1.14717,1.14733,1.00,1.00
2014.06.06 16:49:30.674,1.14717,1.14735,1.43,1.50
2014.06.06 16:49:31.331,1.14717,1.14734,1.43,1.00
2014.06.06 16:49:31.868,1.14717,1.14735,1.43,1.50
2014.06.06 16:49:32.409,1.14717,1.14735,1.68,1.50
2014.06.06 16:49:33.601,1.14717,1.14734,1.87,1.00
2014.06.06 16:49:34.159,1.14717,1.14734,1.62,1.00
2014.06.06 16:49:34.513,1.14717,1.14734,1.87,1.50
2014.06.06 16:49:34.614,1.14717,1.14734,1.62,1.50
2014.06.06 16:49:35.119,1.14717,1.14735,1.62,1.50
2014.06.06 16:49:36.512,1.14717,1.14735,1.62,1.50
2014.06.06 16:49:36.714,1.14717,1.14734,1.87,1.00
2014.06.06 16:49:37.018,1.14715,1.1473,1.00,1.00
2014.06.06 16:49:37.611,1.14715,1.14729,1.00,1.00
2014.06.06 16:49:39.259,1.14715,1.1473,1.00,1.00
2014.06.06 16:49:39.839,1.14715,1.14729,1.00,1.00
2014.06.06 16:49:40.583,1.14715,1.1473,1.00,1.00
2014.06.06 16:49:41.322,1.14715,1.14729,1.00,1.00
2014.06.06 16:49:41.975,1.14715,1.1473,1.00,1.13
2014.06.06 16:49:42.648,1.14715,1.14729,1.00,1.00
2014.06.06 16:49:45.116,1.14715,1.1473,1.00,1.13
2014.06.06 16:49:55.268,1.14717,1.14731,1.00,1.00
2014.06.06 16:49:55.370,1.14716,1.14734,1.05,1.50
2014.06.06 16:49:55.420,1.14718,1.14734,1.68,1.50
2014.06.06 16:50:00.538,1.1472,1.14737,1.43,1.00
2014.06.06 16:50:04.938,1.1472,1.14733,1.43,1.00
2014.06.06 16:50:06.416,1.1472,1.14737,1.43,1.25
2014.06.06 16:50:11.171,1.1472,1.14735,1.00,1.57
2014.06.06 16:50:11.222,1.14717,1.14733,1.00,3.15
2014.06.06 16:50:11.374,1.14714,1.14732,1.43,1.38
2014.06.06 16:50:11.627,1.14714,1.1473,1.00,1.38
2014.06.06 16:50:11.678,1.14712,1.1473,2.37,1.38
2014.06.06 16:50:12.761,1.14712,1.1473,1.43,1.00
2014.06.06 16:50:26.031,1.14712,1.14729,1.43,1.00
2014.06.06 16:50:36.259,1.14712,1.1473,2.18,1.13
2014.06.06 16:50:45.027,1.14712,1.1473,2.18,1.63
2014.06.06 16:50:45.232,1.1471,1.14727,1.25,1.00
2014.06.06 16:50:45.283,1.1471,1.14723,1.25,1.00
2014.06.06 16:50:45.865,1.14709,1.14723,1.00,1.50
2014.06.06 16:50:46.225,1.14705,1.14723,3.12,1.50
2014.06.06 16:50:46.742,1.14705,1.14723,1.68,1.00
2014.06.06 16:50:48.247,1.14705,1.14724,1.80,1.50
2014.06.06 16:50:48.623,1.14709,1.14724,1.00,1.00
2014.06.06 16:50:51.019,1.14709,1.14725,1.00,1.13
2014.06.06 16:50:58.033,1.14709,1.14726,1.00,1.00
2014.06.06 16:50:58.650,1.14709,1.14726,1.00,1.68
2014.06.06 16:51:01.637,1.14709,1.14725,1.00,1.05
2014.06.06 16:51:02.478,1.14706,1.14722,1.50,2.63
2014.06.06 16:51:02.529,1.14706,1.14722,1.50,3.68
2014.06.06 16:51:02.630,1.14704,1.14722,1.88,5.18
2014.06.06 16:51:04.370,1.14704,1.14722,1.13,2.59
2014.06.06 16:51:05.796,1.14704,1.14719,1.00,1.68
2014.06.06 16:51:05.897,1.14702,1.14719,1.00,1.68
2014.06.06 16:51:14.014,1.14702,1.14714,1.00,1.00
2014.06.06 16:51:14.693,1.14702,1.14719,1.00,1.87
2014.06.06 16:51:15.217,1.14702,1.14714,1.00,1.00
2014.06.06 16:51:29.183,1.14702,1.14713,1.00,1.00
2014.06.06 16:51:37.474,1.147,1.14713,1.00,1.00
2014.06.06 16:51:38.008,1.147,1.14714,1.00,1.43
2014.06.06 16:51:38.160,1.147,1.14714,1.00,1.68
2014.06.06 16:51:38.262,1.147,1.14714,1.00,2.18
2014.06.06 16:51:41.050,1.147,1.14714,1.00,2.55
2014.06.06 16:51:41.971,1.14696,1.14714,1.50,2.74
2014.06.06 16:51:42.022,1.14696,1.14711,1.00,1.00
2014.06.06 16:51:44.544,1.14696,1.14711,1.68,1.00
2014.06.06 16:51:44.595,1.14696,1.14713,1.68,1.88
2014.06.06 16:51:47.177,1.14696,1.14713,1.00,1.13
2014.06.06 16:52:00.645,1.14695,1.14713,1.50,1.13
2014.06.06 16:52:03.034,1.14695,1.14713,1.00,1.88
2014.06.06 16:52:03.554,1.14693,1.14711,1.19,1.38
2014.06.06 16:52:04.264,1.14693,1.14711,1.00,1.38
2014.06.06 16:52:06.019,1.14695,1.14711,2.03,1.38
2014.06.06 16:52:06.324,1.14698,1.14713,1.00,1.63
2014.06.06 16:52:09.552,1.14698,1.14708,1.00,1.13
2014.06.06 16:52:09.603,1.14693,1.14708,1.50,1.13
2014.06.06 16:52:09.755,1.14692,1.14706,1.00,1.43
2014.06.06 16:52:10.159,1.14691,1.14704,1.00,1.00
2014.06.06 16:52:11.355,1.14691,1.14706,1.00,1.50
2014.06.06 16:52:11.599,1.14692,1.14706,1.32,1.00
2014.06.06 16:52:11.700,1.14694,1.14712,1.25,2.55
2014.06.06 16:52:11.903,1.14697,1.14713,1.00,1.62
2014.06.06 16:52:12.426,1.14697,1.14713,1.00,1.68
2014.06.06 16:52:13.127,1.14697,1.14713,1.00,1.43
2014.06.06 16:52:39.095,1.14697,1.14715,1.50,1.88
2014.06.06 16:52:48.222,1.14699,1.14715,1.00,1.38
2014.06.06 16:52:49.302,1.14699,1.14715,1.00,1.63
2014.06.06 16:52:49.456,1.14697,1.14714,1.00,1.80
2014.06.06 16:52:49.507,1.14697,1.14714,1.00,1.43
2014.06.06 16:52:50.525,1.14697,1.14714,1.00,1.80
2014.06.06 16:53:06.132,1.14697,1.14714,1.00,2.74
2014.06.06 16:53:09.138,1.14697,1.14714,1.00,2.74
2014.06.06 16:53:15.891,1.14697,1.14713,1.00,1.32
2014.06.06 16:53:23.616,1.14697,1.14714,1.50,1.99
2014.06.06 16:53:27.549,1.14697,1.14711,1.50,1.00
2014.06.06 16:53:27.751,1.14698,1.14714,1.15,1.38
2014.06.06 16:53:27.802,1.14702,1.14714,1.00,1.00
2014.06.06 16:53:27.853,1.14702,1.14718,1.00,1.38
2014.06.06 16:53:28.056,1.14702,1.14719,1.50,1.32
2014.06.06 16:53:28.573,1.14702,1.14718,2.18,1.00
2014.06.06 16:53:28.884,1.14707,1.14718,1.00,1.00
2014.06.06 16:53:29.757,1.14707,1.1472,1.00,2.07
2014.06.06 16:53:30.455,1.14707,1.1472,1.00,1.69
2014.06.06 16:53:37.477,1.14706,1.1472,1.00,1.00
2014.06.06 16:53:38.034,1.14707,1.1472,1.00,1.00
2014.06.06 16:53:39.656,1.14704,1.1472,1.43,1.00
2014.06.06 16:53:39.757,1.14704,1.1472,1.43,2.07
2014.06.06 16:53:41.682,1.14704,1.14721,1.00,2.29
2014.06.06 16:53:41.783,1.14704,1.14721,1.00,1.35
2014.06.06 16:53:45.947,1.14704,1.14721,1.00,1.73
2014.06.06 16:53:59.140,1.14702,1.1472,1.50,1.88
2014.06.06 16:54:11.295,1.14702,1.1472,1.68,2.07
2014.06.06 16:54:11.891,1.14702,1.1472,1.50,2.07
2014.06.06 16:54:17.512,1.14702,1.1472,1.68,1.38
2014.06.06 16:54:26.636,1.14706,1.1472,1.00,1.38
2014.06.06 16:54:30.828,1.14706,1.1472,1.00,1.00
2014.06.06 16:54:31.364,1.14706,1.14721,1.00,1.32
2014.06.06 16:54:53.253,1.14706,1.14721,1.99,1.00
2014.06.06 16:54:53.549,1.14707,1.14725,1.68,1.69
2014.06.06 16:54:54.522,1.14707,1.14725,2.18,2.07
2014.06.06 16:54:54.623,1.14705,1.14723,1.43,2.25
2014.06.06 16:55:11.615,1.14706,1.14723,1.00,1.50
2014.06.06 16:55:24.935,1.14706,1.14723,1.00,2.07
2014.06.06 16:55:29.084,1.14706,1.14723,1.00,2.07
2014.06.06 16:55:36.180,1.14707,1.14723,1.00,2.07
2014.06.06 16:55:36.791,1.14707,1.14725,2.44,1.00
2014.06.06 16:55:38.235,1.14707,1.14725,2.37,1.00
2014.06.06 16:55:38.547,1.14707,1.14723,1.93,1.00
2014.06.06 16:55:39.150,1.14709,1.14723,1.00,1.00
2014.06.06 16:55:40.714,1.14708,1.14723,2.70,1.00
2014.06.06 16:55:41.149,1.14706,1.14723,1.00,2.25
2014.06.06 16:55:42.800,1.14705,1.14723,1.00,2.25
2014.06.06 16:55:45.497,1.14705,1.14723,1.68,2.25
2014.06.06 16:55:46.022,1.14706,1.14723,1.68,1.00
2014.06.06 16:55:46.225,1.14707,1.14725,2.18,1.32
2014.06.06 16:55:46.771,1.14707,1.14725,2.37,1.13
2014.06.06 16:55:47.541,1.14711,1.14725,1.00,1.13
2014.06.06 16:55:48.624,1.14707,1.14725,1.50,1.13
2014.06.06 16:55:48.894,1.14711,1.14725,1.00,1.13
2014.06.06 16:55:49.649,1.14707,1.14725,1.25,1.00
2014.06.06 16:55:50.418,1.14711,1.14725,1.00,1.00
2014.06.06 16:55:51.480,1.14707,1.14725,1.50,1.00
2014.06.06 16:55:51.590,1.14711,1.14725,1.00,1.00
2014.06.06 16:55:52.703,1.14707,1.14725,1.00,1.00
2014.06.06 16:55:55.136,1.14712,1.14725,1.00,1.25
2014.06.06 16:55:55.441,1.14707,1.14725,1.00,1.25
2014.06.06 16:55:57.746,1.14707,1.14723,1.00,1.00
2014.06.06 16:55:58.223,1.14707,1.14725,1.00,1.25
2014.06.06 16:55:59.495,1.14707,1.14725,1.00,1.80
2014.06.06 16:55:59.714,1.14707,1.14725,1.00,1.13
2014.06.06 16:56:12.981,1.14707,1.14725,1.19,1.00
2014.06.06 16:56:14.049,1.14707,1.14725,1.25,1.00
2014.06.06 16:56:25.463,1.14707,1.14725,2.07,1.00
2014.06.06 16:56:25.565,1.14709,1.14728,4.65,1.25
2014.06.06 16:56:25.869,1.14716,1.14729,1.00,1.00
2014.06.06 16:56:25.993,1.14716,1.14732,1.00,1.50
2014.06.06 16:56:27.778,1.14716,1.14732,1.00,1.38
2014.06.06 16:56:29.369,1.14716,1.14731,1.00,1.38
2014.06.06 16:56:29.470,1.14713,1.14729,1.00,1.80
2014.06.06 16:56:30.118,1.14712,1.14728,1.00,1.80
2014.06.06 16:56:30.277,1.1471,1.14728,1.13,1.80
2014.06.06 16:56:31.431,1.1471,1.14728,1.13,1.80
2014.06.06 16:56:31.770,1.14712,1.14728,1.00,1.80
2014.06.06 16:56:32.649,1.14712,1.14728,1.00,1.99
2014.06.06 16:56:32.849,1.1471,1.14728,1.00,2.74
2014.06.06 16:56:42.744,1.1471,1.14728,1.00,2.74
2014.06.06 16:56:44.930,1.14708,1.14726,1.00,1.00
2014.06.06 16:56:45.633,1.14708,1.14725,1.00,1.00
2014.06.06 16:56:52.361,1.14708,1.14726,1.00,1.62
2014.06.06 16:57:05.976,1.14711,1.14726,1.00,1.00
2014.06.06 16:57:06.999,1.14709,1.14726,1.00,1.00
2014.06.06 16:57:14.007,1.14709,1.14726,1.60,1.00
2014.06.06 16:57:14.158,1.14712,1.14728,1.13,1.00
2014.06.06 16:57:16.918,1.1471,1.14728,1.93,1.00
2014.06.06 16:57:17.422,1.14712,1.14729,1.00,1.15
2014.06.06 16:57:24.632,1.1471,1.14729,1.68,1.43
2014.06.06 16:57:26.284,1.14711,1.1473,1.93,1.99
2014.06.06 16:57:26.826,1.14713,1.14731,1.43,2.82
2014.06.06 16:57:27.488,1.14713,1.14728,1.00,1.00
2014.06.06 16:57:27.808,1.14713,1.1473,1.00,1.80
2014.06.06 16:57:31.721,1.14713,1.1473,1.00,1.99
2014.06.06 16:57:32.236,1.14713,1.14728,1.00,1.38
2014.06.06 16:57:41.340,1.14713,1.14729,1.00,2.07
2014.06.06 16:57:45.983,1.1471,1.14728,3.90,1.13
2014.06.06 16:57:47.360,1.1471,1.14728,1.88,1.99
2014.06.06 16:57:47.885,1.14709,1.14725,1.32,1.05
2014.06.06 16:57:52.886,1.14711,1.14727,1.00,2.74
2014.06.06 16:57:54.139,1.14712,1.14727,1.00,1.68
2014.06.06 16:57:54.189,1.14712,1.14727,1.00,1.00
2014.06.06 16:57:54.341,1.14712,1.14731,2.18,2.07
2014.06.06 16:57:54.492,1.14713,1.14731,1.15,1.13
2014.06.06 16:57:54.543,1.14716,1.14731,1.00,1.13
2014.06.06 16:57:54.644,1.14716,1.14733,1.00,2.18
2014.06.06 16:57:55.488,1.14716,1.14733,1.00,2.18
2014.06.06 16:57:56.035,1.14717,1.14733,1.00,1.68
2014.06.06 16:57:56.643,1.14716,1.14733,1.00,1.00
2014.06.06 16:57:57.608,1.14715,1.14733,2.18,1.00
2014.06.06 16:57:58.261,1.14715,1.14733,1.50,1.68
2014.06.06 16:57:59.058,1.14715,1.14733,1.50,1.68
2014.06.06 16:58:00.350,1.14715,1.14733,1.50,1.93
2014.06.06 16:58:00.451,1.14715,1.14732,1.50,1.98
2014.06.06 16:58:00.603,1.14712,1.1473,1.50,2.37
2014.06.06 16:58:01.126,1.14712,1.1473,2.18,1.62
2014.06.06 16:58:01.681,1.14713,1.14731,1.00,1.93
2014.06.06 16:58:02.811,1.14713,1.14729,1.25,1.00
2014.06.06 16:58:07.407,1.14712,1.14728,1.00,1.43
2014.06.06 16:58:07.916,1.14712,1.14727,1.00,1.00
2014.06.06 16:58:08.499,1.14712,1.14727,1.00,1.93
2014.06.06 16:58:08.774,1.1471,1.14725,1.00,1.43
2014.06.06 16:58:08.875,1.14707,1.14725,1.38,1.43
2014.06.06 16:58:09.293,1.14712,1.14725,1.00,1.43
2014.06.06 16:58:12.149,1.14706,1.14725,3.49,1.43
2014.06.06 16:58:14.086,1.14706,1.14725,2.82,1.68
2014.06.06 16:58:14.848,1.14706,1.14723,1.50,2.70
2014.06.06 16:58:18.860,1.14707,1.14724,1.00,2.37
2014.06.06 16:58:26.848,1.14707,1.14724,1.13,1.50
2014.06.06 16:58:30.247,1.14706,1.14724,1.13,1.88
2014.06.06 16:58:30.400,1.14706,1.14724,1.00,2.18
2014.06.06 16:58:30.552,1.14707,1.14724,1.38,1.43
2014.06.06 16:58:31.336,1.14706,1.14724,1.88,1.80
2014.06.06 16:58:31.842,1.14706,1.14723,1.88,1.05
2014.06.06 16:58:34.147,1.14706,1.14724,1.13,2.74
2014.06.06 16:58:34.608,1.14706,1.14724,1.88,1.62
2014.06.06 16:58:41.502,1.14707,1.14724,1.63,1.80
2014.06.06 16:58:47.031,1.14706,1.14723,1.00,1.43
2014.06.06 16:58:56.166,1.14706,1.14723,1.00,1.93
2014.06.06 16:58:56.268,1.14705,1.14722,1.25,1.68
2014.06.06 16:58:56.572,1.14703,1.14718,1.19,1.98
2014.06.06 16:58:56.724,1.14699,1.14716,1.50,1.05
2014.06.06 16:58:56.825,1.14699,1.14718,1.43,1.69
2014.06.06 16:58:57.368,1.14702,1.14719,1.43,1.32
2014.06.06 16:58:57.688,1.14705,1.14723,1.25,2.63
2014.06.06 16:58:58.467,1.14707,1.14723,1.00,1.88
2014.06.06 16:58:59.948,1.14707,1.14723,1.00,1.25
2014.06.06 16:59:00.496,1.14707,1.14724,1.00,1.24
2014.06.06 16:59:01.334,1.14709,1.14724,1.00,1.15
2014.06.06 16:59:03.638,1.14709,1.14727,1.00,1.63
2014.06.06 16:59:05.219,1.14709,1.14727,1.25,1.25
2014.06.06 16:59:06.695,1.14709,1.14727,1.00,1.19
2014.06.06 16:59:06.847,1.14709,1.14725,1.50,1.05
2014.06.06 16:59:07.049,1.14709,1.14725,1.50,1.05
2014.06.06 16:59:07.201,1.14711,1.14725,1.00,1.05
2014.06.06 16:59:08.052,1.14709,1.14725,1.50,1.05
2014.06.06 16:59:12.638,1.14711,1.14727,1.00,1.24
2014.06.06 16:59:12.998,1.14711,1.14727,1.00,1.24
2014.06.06 16:59:13.403,1.14711,1.14728,1.00,2.74
2014.06.06 16:59:13.555,1.14711,1.14727,1.50,1.24
2014.06.06 16:59:14.419,1.14711,1.14728,1.50,1.99
2014.06.06 16:59:14.991,1.14711,1.14727,1.50,1.05
2014.06.06 16:59:16.266,1.14711,1.14728,1.50,1.99
2014.06.06 16:59:16.961,1.14711,1.14727,1.50,1.05
2014.06.06 16:59:17.471,1.14711,1.14728,1.50,1.99
2014.06.06 16:59:18.786,1.14711,1.14727,1.50,1.05
2014.06.06 16:59:19.483,1.14711,1.14728,1.50,1.99
2014.06.06 16:59:19.896,1.14711,1.14727,1.50,1.24
2014.06.06 16:59:22.866,1.14711,1.14727,1.50,1.05
2014.06.06 16:59:22.967,1.14711,1.14727,1.50,1.05
2014.06.06 16:59:25.681,1.14711,1.14727,1.50,1.05
2014.06.06 16:59:26.280,1.14711,1.14727,1.50,1.05
2014.06.06 16:59:27.836,1.14711,1.14728,1.00,1.80
2014.06.06 16:59:28.589,1.14711,1.14727,1.00,1.05
2014.06.06 16:59:28.976,1.14711,1.14727,1.00,1.05
2014.06.06 16:59:29.179,1.14706,1.14723,3.53,1.99
2014.06.06 16:59:29.688,1.14705,1.1472,1.00,1.05
2014.06.06 16:59:30.236,1.14705,1.1472,1.00,1.05
2014.06.06 16:59:30.814,1.14705,1.1472,1.00,1.05
2014.06.06 16:59:32.276,1.14705,1.14719,1.00,1.43
2014.06.06 16:59:32.378,1.14704,1.14719,1.00,1.68
2014.06.06 16:59:34.436,1.14704,1.14718,1.00,1.00
2014.06.06 16:59:36.013,1.14703,1.14719,1.00,1.68
2014.06.06 16:59:36.527,1.14703,1.14718,1.00,1.05
2014.06.06 16:59:41.288,1.14704,1.14719,1.00,1.53
2014.06.06 16:59:41.793,1.14704,1.14719,1.00,1.24
2014.06.06 16:59:43.392,1.14704,1.14719,1.00,1.05
2014.06.06 16:59:43.904,1.14705,1.14722,1.00,1.24
2014.06.06 16:59:45.705,1.14707,1.14722,1.00,1.05
2014.06.06 16:59:48.519,1.14707,1.14722,1.00,1.05
2014.06.06 16:59:48.670,1.14705,1.14722,1.00,1.05
2014.06.06 16:59:53.544,1.14704,1.14722,1.50,1.24
2014.06.06 16:59:54.896,1.14704,1.14722,1.50,1.24
2014.06.06 16:59:54.998,1.14704,1.14723,1.88,2.37
2014.06.06 16:59:55.150,1.14708,1.14724,1.00,1.50
2014.06.06 16:59:55.357,1.14708,1.14726,1.63,1.13
2014.06.06 16:59:57.990,1.14709,1.14726,1.38,1.05
2014.06.06 16:59:58.224,1.14709,1.14726,1.38,1.05
2014.06.06 16:59:58.274,1.14709,1.14724,1.38,1.00
2014.06.06 16:59:58.376,1.14709,1.14727,1.38,1.88
2014.06.06 16:59:58.913,1.14711,1.14729,1.50,2.74
