2014.06.13 04:00:00.409,1.13397,1.13415,1.57,1.43
2014.06.13 04:00:00.561,1.13398,1.13417,1.24,1.69
2014.06.13 04:00:01.065,1.13396,1.13417,2.82,1.93
2014.06.13 04:00:01.877,1.13396,1.13415,2.07,1.00
2014.06.13 04:00:02.230,1.13398,1.13418,1.38,1.99
2014.06.13 04:00:02.961,1.13401,1.13418,1.00,1.99
2014.06.13 04:00:03.214,1.13404,1.13421,1.00,1.25
2014.06.13 04:00:03.718,1.13403,1.13422,1.25,1.32
2014.06.13 04:00:04.129,1.13403,1.13422,1.19,1.32
2014.06.13 04:00:04.635,1.13406,1.13424,1.13,1.69
2014.06.13 04:00:04.988,1.13407,1.13425,1.15,1.19
2014.06.13 04:00:05.237,1.13407,1.13423,1.19,1.00
2014.06.13 04:00:05.339,1.13409,1.13425,1.15,1.00
2014.06.13 04:00:08.247,1.13409,1.13427,1.53,1.00
2014.06.13 04:00:09.576,1.13411,1.13427,1.63,1.00
2014.06.13 04:00:13.708,1.13408,1.13427,2.07,1.00
2014.06.13 04:00:14.577,1.13408,1.13427,1.57,1.00
2014.06.13 04:00:15.909,1.13408,1.13427,1.99,1.00
2014.06.13 04:00:16.979,1.1341,1.13428,1.57,1.25
2014.06.13 04:00:17.588,1.13412,1.13429,1.32,1.25
2014.06.13 04:00:21.992,1.1341,1.13429,1.57,1.50
2014.06.13 04:00:22.706,1.1341,1.13428,2.07,1.00
2014.06.13 04:00:24.687,1.1341,1.13429,2.07,1.69
2014.06.13 04:00:29.333,1.1341,1.13429,1.57,2.37
2014.06.13 04:00:31.096,1.13412,1.13429,1.57,1.00
2014.06.13 04:00:31.455,1.13412,1.13432,2.07,1.00
2014.06.13 04:00:33.745,1.13412,1.13432,1.57,1.00
2014.06.13 04:00:35.109,1.13413,1.13432,1.57,1.00
2014.06.13 04:00:35.412,1.13415,1.13433,2.07,1.00
2014.06.13 04:00:35.988,1.13415,1.13434,2.07,2.18
2014.06.13 04:00:37.356,1.13418,1.13433,1.63,1.00
2014.06.13 04:00:37.560,1.13418,1.13437,2.07,1.68
2014.06.13 04:00:37.610,1.1342,1.13438,1.88,1.25
2014.06.13 04:00:39.031,1.1342,1.13438,1.32,1.00
2014.06.13 04:00:39.706,1.13419,1.13437,2.07,1.43
2014.06.13 04:00:41.536,1.13418,1.13437,1.57,1.00
2014.06.13 04:00:41.800,1.13418,1.13437,1.57,1.00
2014.06.13 04:00:42.002,1.13418,1.13437,1.32,1.00
2014.06.13 04:00:42.412,1.13418,1.13437,1.57,1.00
2014.06.13 04:00:42.766,1.13419,1.13437,1.99,1.00
2014.06.13 04:00:42.817,1.1342,1.13439,1.63,1.25
2014.06.13 04:00:43.270,1.13422,1.13441,1.57,2.37
2014.06.13 04:00:43.593,1.13422,1.13439,1.57,1.00
2014.06.13 04:00:43.696,1.13422,1.13441,1.57,1.25
2014.06.13 04:00:44.916,1.13422,1.13441,1.32,1.19
2014.06.13 04:00:45.307,1.13422,1.13437,1.19,1.00
2014.06.13 04:00:45.911,1.13421,1.13437,1.25,1.00
2014.06.13 04:00:47.441,1.13421,1.13437,1.63,1.00
2014.06.13 04:00:47.492,1.13421,1.1344,2.07,1.00
2014.06.13 04:00:47.744,1.13423,1.1344,1.99,1.00
2014.06.13 04:00:47.795,1.13423,1.13443,1.99,1.57
2014.06.13 04:00:49.078,1.13422,1.13443,1.63,1.57
2014.06.13 04:00:49.698,1.13423,1.13443,1.05,1.57
2014.06.13 04:00:52.040,1.13423,1.13443,1.99,2.82
2014.06.13 04:00:52.490,1.13424,1.13443,1.99,2.25
2014.06.13 04:00:53.035,1.13426,1.13443,1.00,1.69
2014.06.13 04:00:53.949,1.13427,1.13443,1.00,1.00
2014.06.13 04:00:54.001,1.13427,1.13445,1.00,1.69
2014.06.13 04:00:54.405,1.13426,1.13443,1.99,1.00
2014.06.13 04:00:54.710,1.13426,1.13444,1.57,1.00
2014.06.13 04:00:54.862,1.1343,1.13448,1.32,1.00
2014.06.13 04:00:54.964,1.13431,1.1345,1.19,1.00
2014.06.13 04:00:55.401,1.13432,1.1345,1.69,1.00
2014.06.13 04:00:55.503,1.13433,1.13452,1.62,1.25
2014.06.13 04:00:55.806,1.13433,1.13452,1.00,1.87
2014.06.13 04:00:56.161,1.13433,1.13448,1.00,1.00
2014.06.13 04:00:56.516,1.13429,1.13448,1.32,1.00
2014.06.13 04:00:57.020,1.13429,1.13448,1.57,1.00
2014.06.13 04:00:57.569,1.13431,1.13449,1.63,1.62
2014.06.13 04:00:57.822,1.13431,1.1345,2.74,1.00
2014.06.13 04:00:57.923,1.13436,1.1345,1.00,1.00
2014.06.13 04:00:58.024,1.13432,1.1345,1.38,1.43
2014.06.13 04:00:58.125,1.13432,1.1345,1.00,1.00
2014.06.13 04:00:58.378,1.13428,1.13447,3.12,1.00
2014.06.13 04:00:59.386,1.13428,1.13447,1.62,1.43
2014.06.13 04:00:59.902,1.13428,1.13447,2.07,1.43
2014.06.13 04:01:00.003,1.1343,1.13449,1.57,1.25
2014.06.13 04:01:00.792,1.13431,1.13448,1.32,1.00
2014.06.13 04:01:03.236,1.13428,1.13448,1.32,1.69
2014.06.13 04:01:03.969,1.13432,1.13448,1.00,1.19
2014.06.13 04:01:04.489,1.13432,1.13448,1.00,1.25
2014.06.13 04:01:05.989,1.13431,1.13448,1.57,1.00
2014.06.13 04:01:06.300,1.13437,1.1345,1.00,1.25
2014.06.13 04:01:06.603,1.13431,1.1345,2.82,1.00
2014.06.13 04:01:07.055,1.13431,1.1345,1.32,1.93
2014.06.13 04:01:07.890,1.13429,1.13449,1.57,1.68
2014.06.13 04:01:08.298,1.13429,1.13449,1.57,1.25
2014.06.13 04:01:09.298,1.13432,1.13449,1.57,1.68
2014.06.13 04:01:09.978,1.13432,1.13449,1.19,1.68
2014.06.13 04:01:10.537,1.13432,1.13449,1.25,1.93
2014.06.13 04:01:12.995,1.1343,1.13448,1.32,1.15
2014.06.13 04:01:13.557,1.13429,1.13449,1.57,2.74
2014.06.13 04:01:14.059,1.13428,1.13447,1.63,1.15
2014.06.13 04:01:15.184,1.13428,1.13448,1.38,1.87
2014.06.13 04:01:15.618,1.13427,1.13445,1.32,1.00
2014.06.13 04:01:16.321,1.13427,1.13444,1.32,1.00
2014.06.13 04:01:16.698,1.13425,1.13444,2.63,3.12
2014.06.13 04:01:17.161,1.13425,1.13439,1.00,1.00
2014.06.13 04:01:17.677,1.13422,1.13439,1.32,1.00
2014.06.13 04:01:17.879,1.13422,1.13437,1.32,1.00
2014.06.13 04:01:18.439,1.13422,1.13437,1.32,1.00
2014.06.13 04:01:21.238,1.13422,1.13438,1.13,1.00
2014.06.13 04:01:21.845,1.13418,1.13438,2.82,2.18
2014.06.13 04:01:21.946,1.13418,1.13438,2.82,1.68
2014.06.13 04:01:22.467,1.13422,1.13439,1.13,2.37
2014.06.13 04:01:22.578,1.13422,1.13439,1.38,2.37
2014.06.13 04:01:23.139,1.1342,1.13439,1.57,3.12
2014.06.13 04:01:23.502,1.13422,1.13441,2.07,1.00
2014.06.13 04:01:23.654,1.13425,1.13442,1.63,1.00
2014.06.13 04:01:23.806,1.13426,1.13444,1.38,1.00
2014.06.13 04:01:24.079,1.13426,1.13444,1.38,1.00
2014.06.13 04:01:24.957,1.13426,1.13444,1.57,1.00
2014.06.13 04:01:26.660,1.13425,1.13444,1.69,1.93
2014.06.13 04:01:27.198,1.13425,1.13444,1.69,1.43
2014.06.13 04:01:27.249,1.13425,1.13444,1.50,1.62
2014.06.13 04:01:28.214,1.13425,1.13444,1.69,2.37
2014.06.13 04:01:29.358,1.13425,1.13444,1.50,2.37
2014.06.13 04:01:30.333,1.13425,1.13444,1.50,2.37
2014.06.13 04:01:33.345,1.13425,1.13444,2.07,2.37
2014.06.13 04:01:36.348,1.13425,1.13444,2.82,1.50
2014.06.13 04:01:37.351,1.13425,1.13444,2.07,1.50
2014.06.13 04:01:40.365,1.13425,1.13444,2.82,1.69
2014.06.13 04:01:41.369,1.13425,1.13444,2.07,1.50
2014.06.13 04:01:42.373,1.13425,1.13444,2.07,1.50
2014.06.13 04:01:43.417,1.13426,1.13444,1.25,1.00
2014.06.13 04:01:45.994,1.13427,1.13444,1.19,1.00
2014.06.13 04:01:46.095,1.13427,1.13448,3.12,1.69
2014.06.13 04:01:46.249,1.13428,1.13448,1.19,1.69
2014.06.13 04:01:46.757,1.13432,1.13449,1.00,1.19
2014.06.13 04:01:47.259,1.13433,1.13449,1.25,1.00
2014.06.13 04:01:49.044,1.13432,1.13449,3.49,1.00
2014.06.13 04:01:49.145,1.13432,1.13449,2.07,1.00
2014.06.13 04:01:51.901,1.13431,1.13449,2.07,1.00
2014.06.13 04:01:51.952,1.13432,1.13452,1.63,1.15
2014.06.13 04:01:52.003,1.13432,1.13453,1.32,1.19
2014.06.13 04:01:52.406,1.13432,1.13453,1.57,1.19
2014.06.13 04:01:52.904,1.13437,1.13453,1.00,1.19
2014.06.13 04:01:53.275,1.13432,1.13453,2.74,1.19
2014.06.13 04:01:53.427,1.13434,1.13453,1.24,1.00
2014.06.13 04:01:55.594,1.13434,1.13453,1.99,1.00
2014.06.13 04:01:55.898,1.13432,1.13448,1.32,1.00
2014.06.13 04:01:55.948,1.13431,1.13448,1.99,1.00
2014.06.13 04:01:56.454,1.13429,1.13445,1.99,1.00
2014.06.13 04:01:56.555,1.13427,1.13445,1.57,1.00
2014.06.13 04:01:58.459,1.13427,1.13445,1.57,1.00
2014.06.13 04:01:59.545,1.13427,1.13445,1.57,1.00
2014.06.13 04:02:01.854,1.13427,1.13445,1.19,1.00
2014.06.13 04:02:03.897,1.13431,1.13445,1.00,1.00
2014.06.13 04:02:04.442,1.13427,1.13445,2.82,1.00
2014.06.13 04:02:04.966,1.13427,1.13445,2.82,1.00
2014.06.13 04:02:05.770,1.13432,1.13445,1.00,1.00
2014.06.13 04:02:15.553,1.13427,1.13445,1.32,1.00
2014.06.13 04:02:17.549,1.13427,1.13445,1.32,1.25
2014.06.13 04:02:22.175,1.13429,1.13447,1.32,1.25
2014.06.13 04:02:22.478,1.13432,1.13448,1.24,1.00
2014.06.13 04:02:23.029,1.13431,1.1345,1.19,1.24
2014.06.13 04:02:23.332,1.13428,1.13449,1.57,3.12
2014.06.13 04:02:24.090,1.13428,1.13448,1.19,1.57
2014.06.13 04:02:24.191,1.13427,1.13446,1.69,1.57
2014.06.13 04:02:25.149,1.13427,1.13446,1.50,1.63
2014.06.13 04:02:29.188,1.13427,1.13446,1.19,1.63
2014.06.13 04:02:31.210,1.13427,1.13446,1.50,2.07
2014.06.13 04:02:33.731,1.13427,1.13442,1.25,1.00
2014.06.13 04:02:34.186,1.13426,1.1344,1.00,1.00
2014.06.13 04:02:34.449,1.13427,1.13442,1.00,1.00
2014.06.13 04:02:34.663,1.13431,1.13442,1.00,1.00
2014.06.13 04:02:35.992,1.13432,1.13442,1.00,1.00
2014.06.13 04:02:36.214,1.13426,1.13442,1.25,1.00
2014.06.13 04:02:36.732,1.13426,1.13442,1.19,1.00
2014.06.13 04:02:38.570,1.13426,1.13444,1.57,1.69
2014.06.13 04:02:39.742,1.13431,1.13444,1.00,1.00
2014.06.13 04:02:41.687,1.13432,1.13444,1.00,1.00
2014.06.13 04:02:42.190,1.13431,1.13444,1.00,1.00
2014.06.13 04:02:42.520,1.13431,1.13444,1.00,1.99
2014.06.13 04:02:42.572,1.13425,1.13439,1.25,1.00
2014.06.13 04:02:42.824,1.13423,1.13443,1.32,2.37
2014.06.13 04:02:42.940,1.13423,1.13438,1.32,1.00
2014.06.13 04:02:43.450,1.13422,1.13438,2.82,1.00
2014.06.13 04:02:44.217,1.13422,1.13439,2.07,1.00
2014.06.13 04:02:44.369,1.13427,1.13442,1.00,1.24
2014.06.13 04:02:46.110,1.13422,1.13439,1.63,1.00
2014.06.13 04:02:47.001,1.13427,1.13442,1.00,1.24
2014.06.13 04:02:47.103,1.13422,1.13438,2.07,1.00
2014.06.13 04:02:47.660,1.13422,1.13438,2.07,1.00
2014.06.13 04:02:47.964,1.13422,1.13443,2.07,2.37
2014.06.13 04:02:48.738,1.13422,1.13438,2.74,1.00
2014.06.13 04:02:49.248,1.13422,1.13439,1.57,1.00
2014.06.13 04:02:55.015,1.13422,1.13438,2.07,1.00
2014.06.13 04:03:01.160,1.13426,1.13442,1.00,1.15
2014.06.13 04:03:03.582,1.13422,1.13439,1.99,1.00
2014.06.13 04:03:03.989,1.13426,1.13439,1.00,1.00
2014.06.13 04:03:04.040,1.13427,1.13445,2.07,2.18
2014.06.13 04:03:04.193,1.13429,1.13446,1.25,1.15
2014.06.13 04:03:04.294,1.13429,1.13448,1.25,2.74
2014.06.13 04:03:04.445,1.13427,1.13447,1.99,1.69
2014.06.13 04:03:05.203,1.13427,1.13447,1.57,1.87
2014.06.13 04:03:05.970,1.13426,1.13447,2.07,1.87
2014.06.13 04:03:06.517,1.13426,1.13447,2.07,1.62
2014.06.13 04:03:07.065,1.13427,1.13447,1.38,1.62
2014.06.13 04:03:07.599,1.13427,1.13445,1.13,1.15
2014.06.13 04:03:08.180,1.13427,1.13447,1.32,2.37
2014.06.13 04:03:11.111,1.13427,1.13444,1.00,1.32
2014.06.13 04:03:11.315,1.13422,1.1344,2.74,1.00
2014.06.13 04:03:11.820,1.13422,1.1344,1.63,1.62
2014.06.13 04:03:11.972,1.13427,1.1344,1.00,1.62
2014.06.13 04:03:12.476,1.13427,1.13438,1.00,1.00
2014.06.13 04:03:12.977,1.13426,1.13438,1.00,1.25
2014.06.13 04:03:16.292,1.13426,1.1344,1.00,2.37
2014.06.13 04:03:17.322,1.13426,1.1344,1.00,1.25
2014.06.13 04:03:17.372,1.13421,1.1344,1.63,1.25
2014.06.13 04:03:18.299,1.13421,1.1344,1.63,1.62
2014.06.13 04:03:18.615,1.13426,1.1344,1.38,1.19
2014.06.13 04:03:18.867,1.13426,1.13442,1.38,1.69
2014.06.13 04:03:19.407,1.13427,1.13443,1.38,1.19
2014.06.13 04:03:20.036,1.13426,1.13444,1.38,1.25
2014.06.13 04:03:21.684,1.13427,1.13444,1.63,1.25
2014.06.13 04:03:22.554,1.13426,1.13444,1.32,1.25
2014.06.13 04:03:22.757,1.13427,1.13441,1.00,1.00
2014.06.13 04:03:23.277,1.13426,1.13444,1.38,1.69
2014.06.13 04:03:24.946,1.13426,1.13447,2.82,2.74
2014.06.13 04:03:24.997,1.13426,1.13447,2.82,2.37
2014.06.13 04:03:25.300,1.13431,1.1345,2.07,1.32
2014.06.13 04:03:28.135,1.13432,1.1345,1.00,2.74
2014.06.13 04:03:28.677,1.13432,1.1345,1.00,3.49
2014.06.13 04:03:29.182,1.13431,1.13449,2.07,1.19
2014.06.13 04:03:31.420,1.13432,1.1345,1.00,1.24
2014.06.13 04:03:31.521,1.13432,1.13451,1.00,2.74
2014.06.13 04:03:31.893,1.13432,1.1345,1.50,1.24
2014.06.13 04:03:32.095,1.13429,1.13447,1.13,1.62
2014.06.13 04:03:32.644,1.13429,1.13446,1.00,1.05
2014.06.13 04:03:32.796,1.13426,1.13446,1.32,1.99
2014.06.13 04:03:33.525,1.13427,1.13445,1.00,1.24
2014.06.13 04:03:34.185,1.13432,1.13446,1.00,1.57
2014.06.13 04:03:35.869,1.13426,1.13446,1.19,1.63
2014.06.13 04:03:36.959,1.13426,1.13446,1.62,1.57
2014.06.13 04:03:37.010,1.13432,1.13446,1.00,1.63
2014.06.13 04:03:37.498,1.13426,1.13444,2.74,1.00
2014.06.13 04:03:38.010,1.13426,1.13444,2.74,1.00
2014.06.13 04:03:38.530,1.13432,1.13446,1.00,1.00
2014.06.13 04:03:39.076,1.13431,1.13446,1.00,1.25
2014.06.13 04:03:40.202,1.13431,1.13448,1.00,1.25
2014.06.13 04:03:41.885,1.13432,1.13448,1.00,1.69
2014.06.13 04:03:42.408,1.13432,1.13448,1.00,1.69
2014.06.13 04:03:43.411,1.13432,1.13448,1.00,1.50
2014.06.13 04:03:47.256,1.13432,1.13448,1.00,2.74
2014.06.13 04:03:47.458,1.13432,1.13446,1.00,1.68
2014.06.13 04:03:47.559,1.13431,1.13448,1.00,1.24
2014.06.13 04:03:50.465,1.13437,1.13448,1.00,1.24
2014.06.13 04:03:50.772,1.13437,1.13449,1.00,1.43
2014.06.13 04:03:50.924,1.13432,1.13449,1.32,1.43
2014.06.13 04:03:51.479,1.13432,1.13451,1.32,1.62
2014.06.13 04:03:52.046,1.13431,1.13451,2.74,1.00
2014.06.13 04:03:53.100,1.13434,1.13454,1.57,1.80
2014.06.13 04:03:53.706,1.13434,1.13454,1.57,1.80
2014.06.13 04:03:54.707,1.13434,1.13454,1.57,1.80
2014.06.13 04:03:55.162,1.13434,1.13454,1.57,1.80
2014.06.13 04:03:55.355,1.13434,1.13454,1.57,1.80
2014.06.13 04:03:55.593,1.13434,1.13454,1.57,1.80
2014.06.13 04:03:57.436,1.13442,1.13455,1.00,1.87
2014.06.13 04:03:57.487,1.13442,1.13455,1.00,1.00
2014.06.13 04:03:57.538,1.13436,1.13453,1.32,1.00
2014.06.13 04:03:57.589,1.13434,1.13453,1.57,1.00
2014.06.13 04:03:57.841,1.13437,1.13455,1.00,1.69
2014.06.13 04:03:57.892,1.13437,1.13455,1.00,1.93
2014.06.13 04:03:59.066,1.13434,1.13453,1.57,1.93
2014.06.13 04:03:59.604,1.13434,1.13453,1.57,1.68
2014.06.13 04:04:00.196,1.13434,1.13453,1.57,1.43
2014.06.13 04:04:00.742,1.13434,1.13453,1.63,1.62
2014.06.13 04:04:01.425,1.13434,1.13453,1.57,1.00
2014.06.13 04:04:01.576,1.13434,1.13453,1.57,1.00
2014.06.13 04:04:02.216,1.13436,1.13455,1.63,1.69
2014.06.13 04:04:03.035,1.13436,1.13455,1.63,1.50
2014.06.13 04:04:03.610,1.13436,1.13455,1.63,1.69
2014.06.13 04:04:07.406,1.13436,1.13455,1.38,1.69
2014.06.13 04:04:08.255,1.13437,1.13453,1.38,1.00
2014.06.13 04:04:08.665,1.13436,1.13455,1.38,1.69
2014.06.13 04:04:09.537,1.13442,1.13456,1.00,1.19
2014.06.13 04:04:09.638,1.13437,1.13456,1.38,1.19
2014.06.13 04:04:11.365,1.13442,1.13456,1.00,1.19
2014.06.13 04:04:14.734,1.13442,1.13456,1.00,1.00
2014.06.13 04:04:15.263,1.13442,1.13457,1.00,1.25
2014.06.13 04:04:17.947,1.13442,1.13458,1.63,1.00
2014.06.13 04:04:18.479,1.13442,1.1346,1.63,1.19
2014.06.13 04:04:19.054,1.13441,1.1346,2.07,1.69
2014.06.13 04:04:20.580,1.13441,1.1346,2.07,1.69
2014.06.13 04:04:21.572,1.13441,1.1346,2.07,1.50
2014.06.13 04:04:23.293,1.13441,1.1346,2.07,1.19
2014.06.13 04:04:25.304,1.13441,1.1346,1.88,2.37
2014.06.13 04:04:26.139,1.13441,1.13458,1.13,1.19
2014.06.13 04:04:26.545,1.13437,1.13456,1.99,1.00
2014.06.13 04:04:26.908,1.13436,1.13455,1.62,1.19
2014.06.13 04:04:27.211,1.13436,1.13453,1.00,2.07
2014.06.13 04:04:27.621,1.13432,1.13453,2.74,2.07
2014.06.13 04:04:28.127,1.13432,1.13453,1.57,2.82
2014.06.13 04:04:29.141,1.13432,1.13453,1.57,2.07
2014.06.13 04:04:29.680,1.13431,1.13448,1.57,1.00
2014.06.13 04:04:29.832,1.13431,1.13448,1.32,1.00
2014.06.13 04:04:31.806,1.13431,1.13448,1.32,1.00
2014.06.13 04:04:32.686,1.13432,1.13451,1.19,1.62
2014.06.13 04:04:33.317,1.13436,1.13451,1.00,1.25
2014.06.13 04:04:39.288,1.13432,1.13448,1.19,1.00
2014.06.13 04:04:39.594,1.13436,1.13451,1.00,1.00
2014.06.13 04:04:42.274,1.13437,1.13451,1.00,1.00
2014.06.13 04:04:43.360,1.13441,1.13451,1.00,1.00
2014.06.13 04:04:43.461,1.13436,1.13451,1.32,1.00
2014.06.13 04:04:44.465,1.13441,1.13451,1.00,1.00
2014.06.13 04:04:44.803,1.13437,1.13451,1.00,1.00
2014.06.13 04:04:53.334,1.13436,1.13451,1.13,1.43
2014.06.13 04:04:53.695,1.13436,1.13451,1.00,1.99
2014.06.13 04:04:53.897,1.13432,1.13448,1.13,2.37
2014.06.13 04:04:54.251,1.13427,1.13448,2.82,2.37
2014.06.13 04:04:54.535,1.13427,1.13447,2.07,1.93
2014.06.13 04:04:56.979,1.13427,1.13447,2.07,1.68
2014.06.13 04:04:57.505,1.13427,1.13444,1.32,1.68
2014.06.13 04:05:01.723,1.13427,1.13444,1.19,1.68
2014.06.13 04:05:03.072,1.13427,1.13444,1.25,1.68
2014.06.13 04:05:04.043,1.13427,1.13444,1.57,1.68
2014.06.13 04:05:05.037,1.13427,1.13447,2.82,1.93
2014.06.13 04:05:06.073,1.13427,1.13447,2.07,1.68
2014.06.13 04:05:11.007,1.13427,1.13447,2.07,1.68
2014.06.13 04:05:11.058,1.13427,1.13447,2.07,1.68
2014.06.13 04:05:11.381,1.13432,1.13446,1.00,1.60
2014.06.13 04:05:12.355,1.13432,1.13445,1.00,1.05
2014.06.13 04:05:12.406,1.13426,1.13445,2.82,1.05
2014.06.13 04:05:14.006,1.13426,1.13445,2.82,1.68
2014.06.13 04:05:14.985,1.13427,1.13445,1.19,1.68
2014.06.13 04:05:15.566,1.13427,1.13445,1.57,1.05
2014.06.13 04:05:15.667,1.13427,1.13446,1.99,1.00
2014.06.13 04:05:15.768,1.13429,1.13448,1.53,1.25
2014.06.13 04:05:16.324,1.13431,1.13448,1.00,1.00
2014.06.13 04:05:16.837,1.13431,1.13448,1.38,1.00
2014.06.13 04:05:17.117,1.13431,1.13448,1.57,1.00
2014.06.13 04:05:17.219,1.13431,1.1345,2.74,1.00
2014.06.13 04:05:17.269,1.13436,1.1345,1.00,1.00
2014.06.13 04:05:17.799,1.13437,1.1345,1.00,1.00
2014.06.13 04:05:18.354,1.13436,1.1345,1.13,1.00
2014.06.13 04:05:18.862,1.13437,1.1345,1.00,1.00
2014.06.13 04:05:18.963,1.13437,1.13452,1.00,1.00
2014.06.13 04:05:19.276,1.13441,1.13453,1.00,1.00
2014.06.13 04:05:19.692,1.13437,1.13453,1.57,1.50
2014.06.13 04:05:20.045,1.13442,1.13453,1.00,1.00
2014.06.13 04:05:20.146,1.13436,1.13453,2.07,1.00
2014.06.13 04:05:20.790,1.13442,1.13453,1.00,1.00
2014.06.13 04:05:23.589,1.13442,1.13457,1.00,1.50
2014.06.13 04:05:24.206,1.13438,1.13457,2.37,1.50
2014.06.13 04:05:24.257,1.13437,1.13457,1.57,2.18
2014.06.13 04:05:24.409,1.13441,1.13457,1.00,2.18
2014.06.13 04:05:24.757,1.13441,1.13454,1.00,1.00
2014.06.13 04:05:35.307,1.13442,1.13454,1.00,1.00
2014.06.13 04:05:35.359,1.13442,1.13457,1.00,1.00
2014.06.13 04:05:35.511,1.13446,1.13459,1.25,1.00
2014.06.13 04:05:35.814,1.13443,1.13462,2.07,1.68
2014.06.13 04:05:36.221,1.13446,1.13462,1.19,1.00
2014.06.13 04:05:37.480,1.13447,1.13465,1.32,1.25
2014.06.13 04:05:38.201,1.13446,1.13465,2.07,1.00
2014.06.13 04:05:40.226,1.13448,1.13465,1.19,1.00
2014.06.13 04:05:40.739,1.13448,1.13466,1.57,1.00
2014.06.13 04:05:42.264,1.13448,1.13466,1.57,1.00
2014.06.13 04:05:42.653,1.13452,1.13466,1.00,1.00
2014.06.13 04:05:42.984,1.13448,1.13466,1.57,1.00
2014.06.13 04:05:43.085,1.13449,1.13466,1.57,1.00
2014.06.13 04:05:43.187,1.13452,1.1347,1.32,1.93
2014.06.13 04:05:43.288,1.13454,1.13469,1.38,1.00
2014.06.13 04:05:43.591,1.13456,1.13473,1.19,1.00
2014.06.13 04:05:44.015,1.13459,1.13477,1.62,1.19
2014.06.13 04:05:44.070,1.1346,1.13477,1.05,1.19
2014.06.13 04:05:44.607,1.1346,1.13477,1.99,1.25
2014.06.13 04:05:45.170,1.13461,1.13477,3.49,1.00
2014.06.13 04:05:45.275,1.13462,1.1348,1.99,1.25
2014.06.13 04:05:45.326,1.13462,1.13478,1.99,1.00
2014.06.13 04:05:45.532,1.13462,1.1348,2.07,1.25
2014.06.13 04:05:46.173,1.13462,1.1348,2.74,1.00
2014.06.13 04:05:46.737,1.13462,1.13478,1.24,1.00
2014.06.13 04:05:46.895,1.13462,1.1348,1.24,1.00
2014.06.13 04:05:46.946,1.13462,1.1348,1.24,1.00
2014.06.13 04:05:47.047,1.13464,1.1348,1.05,1.00
2014.06.13 04:05:47.401,1.13467,1.1348,1.25,1.00
2014.06.13 04:05:47.604,1.13467,1.13486,1.93,2.07
2014.06.13 04:05:47.806,1.13467,1.13482,1.17,1.00
2014.06.13 04:05:48.188,1.13466,1.13485,2.67,1.57
2014.06.13 04:05:48.290,1.13467,1.13483,1.32,1.13
2014.06.13 04:05:48.594,1.13467,1.13483,1.17,1.00
2014.06.13 04:05:49.127,1.13467,1.13483,1.32,1.00
2014.06.13 04:05:49.486,1.13465,1.13483,1.24,1.19
2014.06.13 04:05:49.587,1.13465,1.1348,1.24,1.00
2014.06.13 04:05:49.890,1.13466,1.13477,1.00,1.00
2014.06.13 04:05:50.434,1.13462,1.13477,1.57,1.00
2014.06.13 04:05:50.708,1.13461,1.13477,1.99,1.00
2014.06.13 04:05:51.415,1.13459,1.13477,3.04,1.00
2014.06.13 04:05:51.919,1.13459,1.13476,1.99,1.00
2014.06.13 04:05:52.121,1.13457,1.13476,2.74,1.25
2014.06.13 04:05:52.323,1.13457,1.13474,1.19,1.00
2014.06.13 04:05:53.863,1.13457,1.13473,1.63,1.00
2014.06.13 04:05:54.371,1.13457,1.13474,1.57,1.00
2014.06.13 04:05:54.674,1.13457,1.13474,1.24,1.00
2014.06.13 04:05:54.725,1.13456,1.13474,1.62,1.00
2014.06.13 04:05:55.242,1.13456,1.13474,1.62,1.00
2014.06.13 04:05:55.804,1.13456,1.13476,2.37,1.62
2014.06.13 04:05:56.180,1.13456,1.13474,1.32,1.93
2014.06.13 04:05:56.601,1.13457,1.13477,1.00,2.74
2014.06.13 04:05:56.945,1.13457,1.13477,1.05,1.69
2014.06.13 04:05:57.248,1.13458,1.13477,1.53,1.69
2014.06.13 04:05:57.671,1.13461,1.13478,1.53,1.69
2014.06.13 04:05:58.474,1.13459,1.13478,1.57,1.69
2014.06.13 04:05:59.670,1.1346,1.13478,1.99,1.50
2014.06.13 04:05:59.988,1.1346,1.13476,1.57,1.00
2014.06.13 04:06:01.088,1.13458,1.13474,1.25,1.00
2014.06.13 04:06:01.240,1.13458,1.13469,1.00,1.00
2014.06.13 04:06:01.543,1.13457,1.13474,1.24,1.00
2014.06.13 04:06:01.645,1.13456,1.13468,1.49,1.00
2014.06.13 04:06:01.796,1.13455,1.13469,1.19,1.00
2014.06.13 04:06:02.301,1.13456,1.13468,1.25,1.00
2014.06.13 04:06:02.686,1.13454,1.13469,1.69,1.00
2014.06.13 04:06:03.318,1.13454,1.13469,2.37,1.00
2014.06.13 04:06:03.742,1.13457,1.13468,1.00,1.00
2014.06.13 04:06:03.844,1.13457,1.13474,1.00,1.38
2014.06.13 04:06:03.894,1.13457,1.13474,1.00,1.57
2014.06.13 04:06:04.207,1.13454,1.13469,2.67,1.13
2014.06.13 04:06:04.714,1.13456,1.13468,1.43,1.00
2014.06.13 04:06:04.877,1.13453,1.13469,1.69,1.00
2014.06.13 04:06:05.381,1.13453,1.13468,1.62,1.00
2014.06.13 04:06:05.936,1.13453,1.13468,2.37,1.00
2014.06.13 04:06:06.440,1.13455,1.13469,1.15,1.00
2014.06.13 04:06:07.024,1.13456,1.13468,1.43,1.00
2014.06.13 04:06:07.600,1.13456,1.13468,1.19,1.00
2014.06.13 04:06:08.582,1.13456,1.13469,1.93,1.00
2014.06.13 04:06:09.162,1.13456,1.13468,1.63,1.00
2014.06.13 04:06:09.664,1.13456,1.13468,1.25,1.00
2014.06.13 04:06:09.816,1.13454,1.13469,1.00,1.00
2014.06.13 04:06:09.944,1.13452,1.13469,1.25,1.25
2014.06.13 04:06:09.995,1.13452,1.13463,1.25,1.00
2014.06.13 04:06:10.147,1.13451,1.13469,1.19,1.25
2014.06.13 04:06:10.449,1.13451,1.13463,1.19,1.00
2014.06.13 04:06:11.224,1.13451,1.13463,1.50,1.00
2014.06.13 04:06:12.324,1.13453,1.13463,1.00,1.00
2014.06.13 04:06:13.525,1.13453,1.13468,1.62,1.00
2014.06.13 04:06:13.626,1.13453,1.13463,1.25,1.00
2014.06.13 04:06:13.954,1.13453,1.13469,1.62,1.00
2014.06.13 04:06:14.543,1.13453,1.13464,1.25,1.00
2014.06.13 04:06:15.102,1.13451,1.13464,1.19,1.00
2014.06.13 04:06:15.636,1.13451,1.13464,1.19,1.00
2014.06.13 04:06:16.156,1.13451,1.13464,1.87,1.00
2014.06.13 04:06:16.721,1.13452,1.13464,2.74,1.00
2014.06.13 04:06:18.149,1.13452,1.13468,2.74,1.00
2014.06.13 04:06:18.715,1.13454,1.13468,2.74,1.00
2014.06.13 04:06:19.893,1.13454,1.13469,2.74,1.00
2014.06.13 04:06:20.420,1.13454,1.13468,2.74,1.00
2014.06.13 04:06:21.322,1.13455,1.13468,1.15,1.00
2014.06.13 04:06:21.887,1.13453,1.13469,2.37,1.13
2014.06.13 04:06:23.801,1.13452,1.13469,1.62,1.00
2014.06.13 04:06:24.805,1.13452,1.13469,1.62,1.13
2014.06.13 04:06:25.809,1.13452,1.13469,1.43,1.13
2014.06.13 04:06:27.816,1.13452,1.13469,1.62,1.13
2014.06.13 04:06:30.453,1.13452,1.13469,1.99,1.00
2014.06.13 04:06:30.957,1.13454,1.13468,1.99,1.00
2014.06.13 04:06:31.059,1.13456,1.13468,1.53,1.00
2014.06.13 04:06:31.489,1.13457,1.13473,1.80,1.00
2014.06.13 04:06:32.248,1.13457,1.13473,1.99,1.00
2014.06.13 04:06:33.009,1.13457,1.13473,1.99,1.00
2014.06.13 04:06:33.533,1.13459,1.13473,1.25,1.00
2014.06.13 04:06:34.079,1.13459,1.13474,1.00,1.00
2014.06.13 04:06:39.631,1.13459,1.13473,1.25,1.00
2014.06.13 04:06:39.682,1.13461,1.13473,1.00,1.00
2014.06.13 04:06:40.884,1.13461,1.13473,1.19,1.00
2014.06.13 04:06:41.152,1.13467,1.13479,1.00,1.00
2014.06.13 04:06:42.249,1.13467,1.13481,1.69,1.05
2014.06.13 04:06:42.451,1.13467,1.13478,1.25,1.00
2014.06.13 04:06:42.603,1.13464,1.13478,3.19,1.00
2014.06.13 04:06:46.628,1.13464,1.13478,1.69,1.00
2014.06.13 04:06:47.639,1.13464,1.13481,3.49,1.05
2014.06.13 04:06:47.942,1.13468,1.13483,2.44,1.68
2014.06.13 04:06:48.923,1.1347,1.13489,1.24,2.55
2014.06.13 04:06:54.155,1.1347,1.13483,1.24,1.68
2014.06.13 04:06:54.559,1.13468,1.13483,1.00,1.99
2014.06.13 04:06:54.761,1.13465,1.13479,1.00,1.00
2014.06.13 04:06:55.309,1.13464,1.13478,1.69,1.00
2014.06.13 04:06:57.806,1.13464,1.13483,1.69,1.57
2014.06.13 04:06:57.857,1.13464,1.13484,1.69,1.57
2014.06.13 04:06:57.958,1.13464,1.13481,1.00,1.38
2014.06.13 04:06:58.160,1.13464,1.13484,1.00,2.82
2014.06.13 04:06:58.313,1.13464,1.13484,1.50,2.07
2014.06.13 04:06:58.615,1.13464,1.13478,1.05,1.00
2014.06.13 04:06:58.819,1.13462,1.13482,1.49,1.63
2014.06.13 04:07:01.679,1.13462,1.13483,1.99,2.07
2014.06.13 04:07:04.623,1.13462,1.13483,1.49,2.07
2014.06.13 04:07:04.930,1.13463,1.13483,1.24,2.07
2014.06.13 04:07:05.643,1.13463,1.13481,1.19,1.38
2014.06.13 04:07:05.947,1.13462,1.13479,1.69,1.38
2014.06.13 04:07:06.090,1.13462,1.13481,1.69,1.63
2014.06.13 04:07:07.930,1.13462,1.13479,1.25,1.88
2014.06.13 04:07:08.504,1.13459,1.13478,1.49,1.38
2014.06.13 04:07:08.706,1.13459,1.13478,1.49,1.38
2014.06.13 04:07:09.009,1.13459,1.13476,1.49,1.38
2014.06.13 04:07:09.671,1.13459,1.13474,1.25,1.00
2014.06.13 04:07:10.978,1.13459,1.13474,1.00,1.38
2014.06.13 04:07:12.475,1.13459,1.13477,1.00,1.32
2014.06.13 04:07:12.778,1.1346,1.13478,1.19,1.38
2014.06.13 04:07:12.879,1.1346,1.13479,1.19,1.32
2014.06.13 04:07:13.132,1.13466,1.13481,1.00,1.32
2014.06.13 04:07:13.183,1.13466,1.13483,1.00,1.57
2014.06.13 04:07:14.103,1.13466,1.13483,1.00,1.32
2014.06.13 04:07:14.612,1.13466,1.13483,1.25,1.32
2014.06.13 04:07:16.653,1.13466,1.13483,1.19,1.13
2014.06.13 04:07:17.158,1.13468,1.13483,1.25,1.00
2014.06.13 04:07:17.966,1.13468,1.13483,1.19,1.00
2014.06.13 04:07:18.471,1.13468,1.13484,1.00,1.32
2014.06.13 04:07:19.565,1.13468,1.13484,1.00,1.63
2014.06.13 04:07:19.768,1.13465,1.13484,1.00,2.82
2014.06.13 04:07:19.919,1.13465,1.13478,1.00,1.00
2014.06.13 04:07:21.714,1.13466,1.13478,1.00,1.00
2014.06.13 04:07:21.765,1.13466,1.13484,1.00,1.57
2014.06.13 04:07:21.970,1.13466,1.13483,1.00,1.32
2014.06.13 04:07:22.122,1.13469,1.13483,1.00,1.00
2014.06.13 04:07:22.543,1.13468,1.13484,1.00,2.82
2014.06.13 04:07:22.699,1.13465,1.13479,1.00,1.00
2014.06.13 04:07:22.851,1.13463,1.13478,1.00,1.00
2014.06.13 04:07:23.380,1.13459,1.13478,1.99,1.57
2014.06.13 04:07:23.433,1.13459,1.13473,1.00,1.13
2014.06.13 04:07:23.888,1.1346,1.13477,1.00,1.57
2014.06.13 04:07:24.742,1.1346,1.13478,1.00,2.07
2014.06.13 04:07:25.538,1.13457,1.13478,1.19,2.82
2014.06.13 04:07:25.639,1.13455,1.13474,1.99,1.00
2014.06.13 04:07:25.891,1.13459,1.13478,1.00,2.82
2014.06.13 04:07:26.319,1.13461,1.13477,1.00,1.19
2014.06.13 04:07:26.854,1.13461,1.13477,1.00,1.25
2014.06.13 04:07:27.754,1.13461,1.13479,1.25,1.00
2014.06.13 04:07:29.930,1.13461,1.13473,1.00,1.00
2014.06.13 04:07:30.938,1.13461,1.13474,1.88,1.00
2014.06.13 04:07:32.102,1.13461,1.13473,1.88,1.00
2014.06.13 04:07:35.414,1.13461,1.13478,1.88,1.25
2014.06.13 04:07:35.918,1.13462,1.13478,1.00,1.00
2014.06.13 04:07:36.284,1.13462,1.13474,1.00,1.00
2014.06.13 04:07:41.682,1.13462,1.13479,1.00,1.00
2014.06.13 04:07:41.936,1.13462,1.13474,1.00,1.00
2014.06.13 04:07:42.695,1.13462,1.13479,1.00,1.00
2014.06.13 04:07:46.872,1.13462,1.13474,1.00,1.00
2014.06.13 04:07:47.226,1.13462,1.13479,1.57,1.00
2014.06.13 04:07:47.332,1.13462,1.13483,2.07,3.19
2014.06.13 04:07:47.813,1.13462,1.13483,2.07,1.19
2014.06.13 04:07:49.196,1.13465,1.13484,1.69,1.25
2014.06.13 04:07:50.241,1.13465,1.13484,1.69,1.19
2014.06.13 04:07:52.411,1.13465,1.13483,1.69,1.13
2014.06.13 04:07:54.416,1.13465,1.13483,4.09,1.00
2014.06.13 04:07:54.467,1.13466,1.13484,2.37,1.00
2014.06.13 04:07:55.008,1.13469,1.13488,1.25,2.82
2014.06.13 04:07:55.110,1.13469,1.13483,1.25,1.00
2014.06.13 04:07:55.771,1.13469,1.13484,1.19,1.00
2014.06.13 04:07:56.549,1.13469,1.13488,1.32,1.19
2014.06.13 04:07:56.751,1.13471,1.13483,1.00,1.00
2014.06.13 04:07:56.852,1.13471,1.13489,1.00,1.69
2014.06.13 04:07:57.155,1.13471,1.13489,1.32,1.00
2014.06.13 04:07:57.206,1.13476,1.13488,1.00,1.00
2014.06.13 04:07:57.661,1.13477,1.13494,1.00,1.69
2014.06.13 04:07:58.335,1.13477,1.13494,1.00,1.19
2014.06.13 04:08:01.361,1.13477,1.13489,1.00,1.00
2014.06.13 04:08:01.922,1.13477,1.13493,1.00,1.00
2014.06.13 04:08:04.362,1.13475,1.13494,1.49,2.07
2014.06.13 04:08:05.553,1.13475,1.13494,1.49,2.07
2014.06.13 04:08:06.625,1.13473,1.13491,1.55,1.13
2014.06.13 04:08:07.456,1.13474,1.13493,1.00,2.07
2014.06.13 04:08:08.429,1.13474,1.13493,1.00,2.07
2014.06.13 04:08:13.524,1.13474,1.13493,1.00,1.57
2014.06.13 04:08:14.845,1.13477,1.13494,1.00,1.57
2014.06.13 04:08:15.515,1.13476,1.13493,1.00,1.57
2014.06.13 04:08:16.035,1.13476,1.13488,1.00,1.00
2014.06.13 04:08:16.431,1.13476,1.13492,1.00,1.57
2014.06.13 04:08:18.304,1.13476,1.13483,1.00,1.00
2014.06.13 04:08:18.456,1.13471,1.13489,1.62,1.00
2014.06.13 04:08:18.658,1.13469,1.13488,1.93,1.69
2014.06.13 04:08:19.163,1.13468,1.13486,1.62,1.25
2014.06.13 04:08:19.626,1.13468,1.13488,1.62,1.69
2014.06.13 04:08:20.677,1.13468,1.13488,1.62,1.69
2014.06.13 04:08:21.634,1.13468,1.13488,1.62,1.69
2014.06.13 04:08:22.645,1.13468,1.13488,1.55,2.07
2014.06.13 04:08:22.746,1.13468,1.13488,1.25,2.07
2014.06.13 04:08:22.847,1.13468,1.13483,1.00,1.13
2014.06.13 04:08:23.162,1.13465,1.13484,1.69,2.07
2014.06.13 04:08:23.738,1.13465,1.13484,1.69,2.07
2014.06.13 04:08:23.789,1.13465,1.13484,1.00,2.07
2014.06.13 04:08:24.756,1.13465,1.13484,1.00,2.82
2014.06.13 04:08:26.408,1.13465,1.13479,1.00,1.00
2014.06.13 04:08:26.731,1.13465,1.13484,1.25,2.07
2014.06.13 04:08:27.490,1.13465,1.13484,1.00,2.07
2014.06.13 04:08:28.038,1.13462,1.13483,1.62,1.32
2014.06.13 04:08:28.089,1.13462,1.13483,1.62,2.82
2014.06.13 04:08:29.266,1.13462,1.13479,1.99,1.00
2014.06.13 04:08:30.988,1.13462,1.13479,1.19,1.00
2014.06.13 04:08:31.140,1.13463,1.13483,1.49,1.50
2014.06.13 04:08:31.645,1.13465,1.13484,1.62,1.25
2014.06.13 04:08:32.092,1.13465,1.13484,1.24,1.25
2014.06.13 04:08:32.884,1.13465,1.13482,1.19,1.38
2014.06.13 04:08:32.935,1.13465,1.13482,1.00,1.57
2014.06.13 04:08:33.036,1.13462,1.13479,1.13,1.32
2014.06.13 04:08:33.551,1.13461,1.13479,1.00,1.32
2014.06.13 04:08:34.066,1.13461,1.13478,1.00,1.00
2014.06.13 04:08:36.237,1.13461,1.13479,1.00,2.07
2014.06.13 04:08:39.433,1.13461,1.1348,1.25,1.63
2014.06.13 04:08:40.021,1.13462,1.13482,1.00,1.57
2014.06.13 04:08:46.475,1.13462,1.13482,1.00,1.57
2014.06.13 04:08:47.448,1.13462,1.13479,1.00,1.00
2014.06.13 04:08:48.078,1.13462,1.13478,1.25,1.00
2014.06.13 04:08:58.521,1.13462,1.13479,1.00,1.00
2014.06.13 04:08:59.208,1.1346,1.13478,1.19,1.00
2014.06.13 04:08:59.309,1.1346,1.13473,1.19,1.00
2014.06.13 04:08:59.619,1.1346,1.13473,1.00,1.00
2014.06.13 04:09:00.103,1.1346,1.13479,1.00,1.69
2014.06.13 04:09:00.621,1.1346,1.13479,1.25,1.69
2014.06.13 04:09:00.836,1.1346,1.13473,1.25,1.00
2014.06.13 04:09:01.344,1.1346,1.13474,1.25,1.00
2014.06.13 04:09:02.262,1.1346,1.13479,1.25,1.69
2014.06.13 04:09:03.627,1.1346,1.13473,1.00,1.00
2014.06.13 04:09:04.143,1.1346,1.13474,1.00,1.00
2014.06.13 04:09:06.890,1.1346,1.13473,1.00,1.00
2014.06.13 04:09:09.531,1.1346,1.13474,1.00,1.00
2014.06.13 04:09:15.139,1.13458,1.13474,1.25,1.00
2014.06.13 04:09:18.705,1.13458,1.13473,1.00,1.00
2014.06.13 04:09:19.775,1.13458,1.13474,1.00,1.00
2014.06.13 04:09:21.520,1.13458,1.13473,1.25,1.00
2014.06.13 04:09:24.000,1.13461,1.13473,1.00,1.00
2014.06.13 04:09:26.439,1.13458,1.13473,1.25,1.00
2014.06.13 04:09:26.942,1.13458,1.13474,1.25,1.00
2014.06.13 04:09:28.230,1.13458,1.13473,1.25,1.00
2014.06.13 04:09:28.890,1.13458,1.13477,1.25,1.25
2014.06.13 04:09:30.622,1.13458,1.13477,1.19,1.25
2014.06.13 04:09:31.750,1.13458,1.13474,1.69,1.00
2014.06.13 04:09:33.640,1.13458,1.13474,1.19,1.00
2014.06.13 04:09:35.821,1.13458,1.13474,1.57,1.00
2014.06.13 04:09:37.499,1.13458,1.13477,1.57,1.00
2014.06.13 04:09:37.713,1.13458,1.13474,2.07,1.00
2014.06.13 04:09:37.915,1.13459,1.13477,2.07,1.00
2014.06.13 04:09:38.133,1.13459,1.13474,2.07,1.00
2014.06.13 04:09:43.879,1.13459,1.13477,1.57,1.00
2014.06.13 04:09:44.438,1.13459,1.13477,1.57,1.00
2014.06.13 04:09:44.742,1.13462,1.1348,1.38,1.19
2014.06.13 04:09:44.843,1.13462,1.1348,1.32,1.19
2014.06.13 04:09:44.994,1.13467,1.1348,1.00,1.00
2014.06.13 04:09:45.045,1.13467,1.13483,1.00,1.69
2014.06.13 04:09:45.196,1.13462,1.13483,2.07,1.19
2014.06.13 04:09:45.247,1.13466,1.13484,1.00,1.69
2014.06.13 04:09:45.600,1.13468,1.13484,1.25,1.00
2014.06.13 04:09:45.651,1.13468,1.13488,1.25,1.57
2014.06.13 04:09:46.597,1.13468,1.13488,2.74,1.25
2014.06.13 04:09:48.627,1.13469,1.13489,1.53,1.69
2014.06.13 04:09:50.676,1.1347,1.13484,1.00,1.00
2014.06.13 04:09:54.082,1.1347,1.13488,1.00,1.19
2014.06.13 04:09:54.864,1.1347,1.13484,1.25,1.00
2014.06.13 04:09:59.912,1.13468,1.13484,1.32,1.00
2014.06.13 04:10:00.473,1.13469,1.13484,1.19,1.00
2014.06.13 04:10:00.788,1.13474,1.13484,1.00,1.00
2014.06.13 04:10:00.943,1.13474,1.13489,1.50,1.32
2014.06.13 04:10:01.453,1.13474,1.13489,1.50,1.13
2014.06.13 04:10:01.970,1.13474,1.13488,1.69,1.00
2014.06.13 04:10:02.505,1.13474,1.13489,1.69,1.13
2014.06.13 04:10:03.925,1.13474,1.13493,1.69,1.57
2014.06.13 04:10:04.077,1.13476,1.13494,1.25,1.57
2014.06.13 04:10:04.380,1.13476,1.13488,1.25,1.00
2014.06.13 04:10:04.736,1.13474,1.13488,1.99,1.00
2014.06.13 04:10:05.290,1.13474,1.13488,1.55,1.00
2014.06.13 04:10:09.030,1.13474,1.13493,1.30,2.07
2014.06.13 04:10:10.504,1.13474,1.13493,1.30,2.82
2014.06.13 04:10:11.117,1.13474,1.13489,1.30,1.00
2014.06.13 04:10:15.634,1.13474,1.13488,1.30,1.00
2014.06.13 04:10:16.068,1.13471,1.13488,2.07,1.00
2014.06.13 04:10:16.118,1.13471,1.13484,2.07,1.00
2014.06.13 04:10:16.725,1.13471,1.13484,1.69,1.00
2014.06.13 04:10:17.267,1.13471,1.13484,1.99,1.00
2014.06.13 04:10:17.318,1.13471,1.13489,1.99,1.00
2014.06.13 04:10:17.369,1.13474,1.13489,1.00,1.00
2014.06.13 04:10:17.622,1.13474,1.13493,1.00,1.32
2014.06.13 04:10:17.880,1.13474,1.13488,1.13,1.00
2014.06.13 04:10:18.441,1.13474,1.13488,1.30,1.00
2014.06.13 04:10:21.930,1.13474,1.13489,1.30,1.00
2014.06.13 04:10:24.011,1.13474,1.13489,1.57,1.00
2014.06.13 04:10:24.112,1.13475,1.13493,1.24,1.50
2014.06.13 04:10:24.264,1.13475,1.13488,1.24,1.00
2014.06.13 04:10:24.651,1.13477,1.13493,1.43,1.00
2014.06.13 04:10:24.974,1.13477,1.13493,1.38,1.00
2014.06.13 04:10:25.576,1.13477,1.13493,1.38,1.00
2014.06.13 04:10:26.518,1.13477,1.13493,1.68,1.00
2014.06.13 04:10:26.822,1.1348,1.13493,1.38,1.00
2014.06.13 04:10:27.024,1.1348,1.13499,1.50,2.07
2014.06.13 04:10:27.269,1.1348,1.13498,1.38,1.63
2014.06.13 04:10:27.802,1.1348,1.13498,1.38,1.63
2014.06.13 04:10:28.576,1.13483,1.13498,1.00,1.38
2014.06.13 04:10:28.677,1.13483,1.13498,1.00,1.00
2014.06.13 04:10:29.081,1.13484,1.13503,1.24,1.57
2014.06.13 04:10:29.433,1.13484,1.13499,1.99,1.00
2014.06.13 04:10:29.635,1.13486,1.13503,1.19,1.13
2014.06.13 04:10:30.140,1.13486,1.13503,1.87,1.13
2014.06.13 04:10:30.716,1.13486,1.13503,1.49,1.13
2014.06.13 04:10:31.079,1.13486,1.13499,1.49,1.00
2014.06.13 04:10:31.593,1.13486,1.13498,1.19,1.00
2014.06.13 04:10:32.112,1.13486,1.13498,1.00,1.00
2014.06.13 04:10:32.625,1.13486,1.13499,1.00,1.00
2014.06.13 04:10:33.131,1.13485,1.13499,1.24,1.00
2014.06.13 04:10:33.650,1.13484,1.13498,3.12,1.00
2014.06.13 04:10:35.064,1.13487,1.13498,1.19,1.00
2014.06.13 04:10:35.367,1.13487,1.13503,1.19,1.13
2014.06.13 04:10:36.211,1.13487,1.13499,1.62,1.00
2014.06.13 04:10:36.363,1.13487,1.13499,1.13,1.00
2014.06.13 04:10:36.464,1.13483,1.13498,1.19,1.00
2014.06.13 04:10:36.971,1.13483,1.13499,1.19,1.00
2014.06.13 04:10:37.154,1.13486,1.13499,1.00,1.00
2014.06.13 04:10:37.864,1.13486,1.13498,1.00,1.00
2014.06.13 04:10:40.261,1.13485,1.13498,1.25,1.00
2014.06.13 04:10:40.772,1.13485,1.13498,1.19,1.00
2014.06.13 04:10:40.873,1.13485,1.13504,1.19,1.88
2014.06.13 04:10:41.075,1.13485,1.13504,1.19,1.88
2014.06.13 04:10:41.601,1.13485,1.13503,1.19,1.00
2014.06.13 04:10:42.171,1.13485,1.13504,1.19,1.88
2014.06.13 04:10:43.208,1.13485,1.13504,1.69,1.88
2014.06.13 04:10:43.407,1.13485,1.13504,1.19,1.88
2014.06.13 04:10:43.815,1.13485,1.13498,1.19,1.00
2014.06.13 04:10:44.348,1.13483,1.13499,1.19,1.00
2014.06.13 04:10:44.686,1.13485,1.13503,1.19,1.13
2014.06.13 04:10:44.938,1.13485,1.13499,1.25,1.00
2014.06.13 04:10:46.889,1.13485,1.13498,1.25,1.00
2014.06.13 04:10:49.090,1.13485,1.13499,1.25,1.00
2014.06.13 04:10:50.325,1.13485,1.13498,1.19,1.00
2014.06.13 04:10:51.159,1.13485,1.13499,1.19,1.00
2014.06.13 04:10:51.707,1.13485,1.13499,1.25,1.00
2014.06.13 04:10:55.326,1.13485,1.13499,1.19,1.00
2014.06.13 04:10:56.318,1.13485,1.13499,1.19,1.00
2014.06.13 04:10:57.323,1.13485,1.13499,1.25,1.00
2014.06.13 04:10:57.867,1.13486,1.13498,1.00,1.00
2014.06.13 04:10:57.918,1.13486,1.13504,1.00,1.25
2014.06.13 04:10:58.422,1.13484,1.13504,1.57,1.25
2014.06.13 04:10:58.679,1.13487,1.13504,1.32,1.00
2014.06.13 04:10:58.940,1.13488,1.13508,1.19,1.00
2014.06.13 04:10:59.649,1.1349,1.13509,1.25,1.32
2014.06.13 04:11:00.168,1.1349,1.13509,1.19,1.19
2014.06.13 04:11:01.841,1.13492,1.13509,1.00,1.19
2014.06.13 04:11:02.552,1.13492,1.13509,1.25,1.00
2014.06.13 04:11:03.429,1.13492,1.13508,1.00,1.00
2014.06.13 04:11:04.764,1.13492,1.13509,1.25,1.25
2014.06.13 04:11:05.663,1.13492,1.13508,1.25,1.00
2014.06.13 04:11:07.066,1.13492,1.13504,1.13,1.00
2014.06.13 04:11:07.436,1.13493,1.13504,1.19,1.00
2014.06.13 04:11:07.537,1.13493,1.13508,1.19,1.00
2014.06.13 04:11:08.085,1.13496,1.13508,1.00,1.00
2014.06.13 04:11:11.670,1.13496,1.13514,1.25,1.57
2014.06.13 04:11:11.780,1.13496,1.13508,1.25,1.00
2014.06.13 04:11:12.349,1.13496,1.13509,1.25,1.00
2014.06.13 04:11:12.663,1.13498,1.13509,1.00,1.00
2014.06.13 04:11:12.816,1.13498,1.13514,1.00,1.00
2014.06.13 04:11:13.556,1.13498,1.13513,1.00,1.00
2014.06.13 04:11:13.870,1.13498,1.13517,1.00,1.19
2014.06.13 04:11:14.379,1.13498,1.13517,1.19,1.19
2014.06.13 04:11:16.090,1.13498,1.13517,1.69,1.25
2014.06.13 04:11:16.602,1.13499,1.13517,1.19,1.00
2014.06.13 04:11:16.653,1.13499,1.13513,1.19,1.00
2014.06.13 04:11:17.186,1.13499,1.13514,1.57,1.00
2014.06.13 04:11:17.287,1.135,1.13519,1.19,1.32
2014.06.13 04:11:17.641,1.135,1.13513,1.19,1.00
2014.06.13 04:11:17.742,1.135,1.13518,1.19,1.00
2014.06.13 04:11:18.170,1.135,1.13513,1.25,1.00
2014.06.13 04:11:18.540,1.135,1.13519,1.25,1.32
2014.06.13 04:11:18.590,1.135,1.13519,1.69,1.13
2014.06.13 04:11:19.094,1.135,1.13518,1.69,1.00
2014.06.13 04:11:19.605,1.135,1.13518,1.19,1.00
2014.06.13 04:11:20.234,1.13504,1.13518,1.00,1.00
2014.06.13 04:11:20.453,1.13501,1.13518,1.19,1.00
2014.06.13 04:11:20.960,1.13501,1.13519,1.69,1.00
2014.06.13 04:11:21.162,1.13505,1.13519,1.00,1.00
2014.06.13 04:11:22.685,1.13505,1.13523,1.00,1.69
2014.06.13 04:11:23.204,1.13505,1.13521,1.00,1.00
2014.06.13 04:11:23.305,1.13505,1.13523,1.00,1.69
2014.06.13 04:11:23.845,1.13505,1.13523,1.19,1.25
2014.06.13 04:11:25.777,1.13503,1.13522,1.19,1.00
2014.06.13 04:11:25.828,1.13501,1.13522,2.82,1.00
2014.06.13 04:11:25.979,1.13501,1.13519,2.07,1.00
2014.06.13 04:11:26.756,1.13501,1.13519,2.07,1.00
2014.06.13 04:11:27.362,1.13501,1.13519,1.25,1.19
2014.06.13 04:11:27.918,1.13501,1.13519,1.63,1.19
2014.06.13 04:11:28.820,1.13503,1.13519,1.63,1.00
2014.06.13 04:11:29.379,1.13503,1.13518,1.63,1.00
2014.06.13 04:11:29.906,1.13503,1.13518,2.07,1.00
2014.06.13 04:11:29.957,1.13503,1.13524,2.07,2.82
2014.06.13 04:11:30.517,1.13506,1.13524,1.00,2.07
2014.06.13 04:11:31.099,1.13504,1.13524,1.32,2.07
2014.06.13 04:11:31.836,1.13504,1.13524,1.32,2.07
2014.06.13 04:11:32.236,1.13504,1.13524,1.32,2.82
2014.06.13 04:11:33.240,1.13504,1.13524,1.32,2.82
2014.06.13 04:11:34.549,1.13504,1.13523,2.07,1.00
2014.06.13 04:11:34.902,1.13508,1.13524,1.19,1.00
2014.06.13 04:11:35.689,1.13507,1.13523,2.82,1.00
2014.06.13 04:11:35.790,1.13507,1.13524,1.69,1.00
2014.06.13 04:11:36.764,1.13507,1.13524,1.19,1.00
2014.06.13 04:11:37.267,1.13507,1.13524,1.00,1.00
2014.06.13 04:11:38.571,1.13505,1.13518,2.07,1.00
2014.06.13 04:11:39.119,1.13505,1.13518,1.19,1.00
2014.06.13 04:11:39.697,1.13505,1.13524,1.57,1.00
2014.06.13 04:11:40.241,1.13505,1.13523,1.63,1.00
2014.06.13 04:11:43.719,1.13505,1.13524,1.63,1.25
2014.06.13 04:11:43.971,1.13505,1.13519,1.00,1.00
2014.06.13 04:11:44.173,1.13502,1.13521,1.63,1.25
2014.06.13 04:11:44.379,1.13502,1.13521,1.25,1.25
2014.06.13 04:11:44.431,1.13502,1.13519,1.25,1.00
2014.06.13 04:11:44.935,1.135,1.13513,1.57,1.00
2014.06.13 04:11:45.241,1.13499,1.13513,1.19,1.00
2014.06.13 04:11:45.759,1.13496,1.13514,2.07,1.00
2014.06.13 04:11:45.810,1.13496,1.13509,2.07,1.00
2014.06.13 04:11:45.961,1.13496,1.13514,2.07,1.00
2014.06.13 04:11:46.250,1.13496,1.13509,2.07,1.00
2014.06.13 04:11:46.469,1.13496,1.13514,2.07,1.00
2014.06.13 04:11:46.570,1.13496,1.13514,1.57,1.25
2014.06.13 04:11:54.877,1.13496,1.13513,1.99,1.00
2014.06.13 04:11:54.937,1.13499,1.13513,1.00,1.00
2014.06.13 04:11:55.038,1.13496,1.13513,1.63,1.00
2014.06.13 04:11:55.611,1.13496,1.13513,1.57,1.00
2014.06.13 04:11:56.045,1.13496,1.13508,1.57,1.00
2014.06.13 04:11:56.640,1.13496,1.13508,1.25,1.00
2014.06.13 04:11:56.893,1.13494,1.13508,1.25,1.00
2014.06.13 04:11:57.096,1.13492,1.13509,1.00,1.19
2014.06.13 04:11:57.147,1.13492,1.13504,1.00,1.00
2014.06.13 04:11:57.602,1.13485,1.13499,1.19,1.00
2014.06.13 04:11:57.703,1.13484,1.13499,1.25,1.00
2014.06.13 04:11:59.809,1.13484,1.13498,1.25,1.00
2014.06.13 04:12:05.521,1.13484,1.13498,1.19,1.00
2014.06.13 04:12:05.572,1.13487,1.13498,1.00,1.00
2014.06.13 04:12:05.883,1.13485,1.13498,1.25,1.00
2014.06.13 04:12:08.119,1.13487,1.13498,1.00,1.00
2014.06.13 04:12:11.354,1.13487,1.13504,1.00,1.00
2014.06.13 04:12:11.866,1.13487,1.13503,1.00,1.00
2014.06.13 04:12:12.018,1.13487,1.13498,1.00,1.00
2014.06.13 04:12:12.220,1.13487,1.13504,1.00,1.00
2014.06.13 04:12:12.817,1.13487,1.13504,1.00,1.19
2014.06.13 04:12:13.372,1.13487,1.13504,1.00,1.00
2014.06.13 04:12:13.957,1.13487,1.13504,1.00,1.19
2014.06.13 04:12:14.309,1.13487,1.13498,1.00,1.00
2014.06.13 04:12:14.518,1.13487,1.13504,1.00,1.19
2014.06.13 04:12:15.032,1.13487,1.13504,1.19,1.00
2014.06.13 04:12:16.868,1.13487,1.13504,1.25,1.00
2014.06.13 04:12:17.871,1.13487,1.13504,1.19,1.00
2014.06.13 04:12:20.025,1.13487,1.13504,1.32,1.00
2014.06.13 04:12:21.528,1.13489,1.13504,1.00,1.00
2014.06.13 04:12:23.959,1.13493,1.13504,1.00,1.00
2014.06.13 04:12:24.009,1.13493,1.13508,1.00,1.32
2014.06.13 04:12:25.178,1.13493,1.13509,1.00,1.13
2014.06.13 04:12:29.373,1.13493,1.13508,1.00,1.00
2014.06.13 04:12:29.756,1.13495,1.13508,1.00,1.00
2014.06.13 04:12:33.590,1.13496,1.13508,1.15,1.00
2014.06.13 04:12:33.692,1.13495,1.13513,1.57,1.25
2014.06.13 04:12:33.744,1.13498,1.13513,1.00,1.00
2014.06.13 04:12:34.276,1.13498,1.13514,1.00,1.00
2014.06.13 04:12:34.780,1.13498,1.13513,1.00,1.13
2014.06.13 04:12:35.082,1.13498,1.13509,1.00,1.00
2014.06.13 04:12:35.184,1.13495,1.13509,1.00,1.00
2014.06.13 04:12:37.523,1.13495,1.13508,1.00,1.00
2014.06.13 04:12:37.830,1.13493,1.13509,1.00,1.32
2014.06.13 04:12:38.378,1.13493,1.13503,1.00,1.00
2014.06.13 04:12:39.479,1.13493,1.13504,1.00,1.00
2014.06.13 04:12:40.267,1.13493,1.13509,1.00,1.62
2014.06.13 04:12:40.822,1.13493,1.13508,1.13,1.00
2014.06.13 04:12:40.974,1.13493,1.13508,1.57,1.00
2014.06.13 04:12:41.176,1.13495,1.13514,1.19,1.19
2014.06.13 04:12:42.083,1.13495,1.13514,1.69,1.25
2014.06.13 04:12:42.606,1.13495,1.13513,1.69,1.00
2014.06.13 04:12:43.188,1.13495,1.13514,1.19,1.00
2014.06.13 04:12:43.899,1.13495,1.13513,1.19,1.00
2014.06.13 04:12:45.095,1.13495,1.13513,1.25,1.13
2014.06.13 04:12:46.143,1.13495,1.13513,1.69,1.32
2014.06.13 04:12:46.274,1.13498,1.13513,1.00,1.32
2014.06.13 04:12:47.279,1.13497,1.13513,1.00,1.32
2014.06.13 04:12:47.967,1.13495,1.13514,1.69,1.57
2014.06.13 04:12:49.148,1.13499,1.13513,1.00,1.00
2014.06.13 04:12:50.522,1.13499,1.13518,1.25,2.82
2014.06.13 04:12:50.623,1.13499,1.13514,1.25,1.00
2014.06.13 04:12:50.825,1.13499,1.13518,1.25,2.82
2014.06.13 04:12:51.286,1.13499,1.13518,1.25,1.32
2014.06.13 04:12:52.039,1.13499,1.13518,1.93,1.32
2014.06.13 04:12:52.141,1.13499,1.13518,1.93,1.32
2014.06.13 04:12:53.132,1.135,1.13518,1.15,2.07
2014.06.13 04:12:55.791,1.13499,1.13518,1.99,1.50
2014.06.13 04:12:56.094,1.13503,1.13518,1.00,1.00
2014.06.13 04:12:56.850,1.13503,1.13518,1.32,1.00
2014.06.13 04:12:56.901,1.13503,1.13523,1.32,1.62
2014.06.13 04:12:57.054,1.13506,1.13523,1.00,1.62
2014.06.13 04:12:58.056,1.13506,1.13523,1.25,1.25
2014.06.13 04:12:59.289,1.13506,1.13523,1.00,1.63
2014.06.13 04:13:01.521,1.13506,1.13519,1.00,1.00
2014.06.13 04:13:02.911,1.13506,1.13523,1.00,1.57
2014.06.13 04:13:03.503,1.13506,1.13519,1.00,1.00
2014.06.13 04:13:03.604,1.13506,1.13523,1.00,1.57
2014.06.13 04:13:05.532,1.13506,1.13524,1.00,1.19
2014.06.13 04:13:05.818,1.13506,1.13523,1.68,1.25
2014.06.13 04:13:06.341,1.13507,1.13523,1.93,1.00
2014.06.13 04:13:06.427,1.13507,1.13527,1.93,1.57
2014.06.13 04:13:07.024,1.13508,1.13524,1.15,1.00
2014.06.13 04:13:08.673,1.13507,1.13524,1.00,1.00
2014.06.13 04:13:09.183,1.13506,1.13523,1.19,1.00
2014.06.13 04:13:09.689,1.13506,1.13524,1.19,1.63
2014.06.13 04:13:10.255,1.13506,1.13524,1.25,1.57
2014.06.13 04:13:13.066,1.13506,1.13523,1.00,1.32
2014.06.13 04:13:13.116,1.13506,1.13523,1.00,1.99
2014.06.13 04:13:13.268,1.13505,1.13523,1.00,1.63
2014.06.13 04:13:13.420,1.13505,1.13522,1.00,1.05
2014.06.13 04:13:13.645,1.13501,1.13519,1.62,1.00
2014.06.13 04:13:13.697,1.13501,1.13519,1.62,1.19
2014.06.13 04:13:13.799,1.13504,1.13518,1.00,1.25
2014.06.13 04:13:15.557,1.13504,1.13519,1.00,1.00
2014.06.13 04:13:16.071,1.13504,1.13523,1.00,1.57
2014.06.13 04:13:17.078,1.13504,1.13523,1.25,2.07
2014.06.13 04:13:18.094,1.13504,1.13523,1.19,2.07
2014.06.13 04:13:19.077,1.13504,1.13523,1.00,2.07
2014.06.13 04:13:20.234,1.13504,1.13523,1.00,2.07
2014.06.13 04:13:20.740,1.13504,1.13519,1.00,1.00
2014.06.13 04:13:22.817,1.13504,1.13518,1.00,1.00
2014.06.13 04:13:23.922,1.13504,1.13523,1.00,2.82
2014.06.13 04:13:24.433,1.13504,1.13523,1.00,1.57
2014.06.13 04:13:25.431,1.13507,1.13524,1.00,1.99
2014.06.13 04:13:28.328,1.13507,1.13524,1.00,2.74
2014.06.13 04:13:29.248,1.13507,1.13524,1.00,2.07
2014.06.13 04:13:31.511,1.13507,1.13523,1.00,1.57
2014.06.13 04:13:32.531,1.13507,1.13523,1.00,1.24
2014.06.13 04:13:36.263,1.13507,1.13523,1.00,1.57
2014.06.13 04:13:36.832,1.13507,1.13523,1.00,1.57
2014.06.13 04:13:37.848,1.13507,1.13523,1.00,1.25
2014.06.13 04:13:39.946,1.13509,1.13523,1.00,1.00
2014.06.13 04:13:40.098,1.13509,1.13528,1.43,2.07
2014.06.13 04:13:40.200,1.13511,1.13528,1.00,1.13
2014.06.13 04:13:40.716,1.13511,1.13529,1.00,1.57
2014.06.13 04:13:40.969,1.13509,1.13528,1.00,1.57
2014.06.13 04:13:41.331,1.13509,1.13523,1.00,1.00
2014.06.13 04:13:41.517,1.13509,1.13527,1.00,1.32
2014.06.13 04:13:41.628,1.13509,1.13523,1.00,1.00
2014.06.13 04:13:42.689,1.13506,1.13523,1.69,1.13
2014.06.13 04:13:44.166,1.13506,1.13524,1.25,1.57
2014.06.13 04:13:44.362,1.13505,1.13524,1.69,2.74
2014.06.13 04:13:44.885,1.13505,1.13519,1.00,1.00
2014.06.13 04:13:45.087,1.13505,1.13524,1.19,2.07
2014.06.13 04:13:45.188,1.13505,1.13523,1.00,1.99
2014.06.13 04:13:45.492,1.13505,1.13524,1.25,2.07
2014.06.13 04:13:45.594,1.13505,1.13519,1.00,1.00
2014.06.13 04:13:45.745,1.13505,1.13523,1.00,1.57
2014.06.13 04:13:45.796,1.13505,1.13523,1.32,1.25
2014.06.13 04:13:45.998,1.13505,1.13523,1.13,1.19
2014.06.13 04:13:46.200,1.13505,1.13524,1.32,2.07
2014.06.13 04:13:46.250,1.13508,1.13524,1.00,1.32
2014.06.13 04:13:46.717,1.13508,1.13527,1.00,1.57
2014.06.13 04:13:47.719,1.13508,1.13527,1.19,1.99
2014.06.13 04:13:48.556,1.13508,1.13524,1.19,1.00
2014.06.13 04:13:49.318,1.13508,1.13523,1.00,1.00
2014.06.13 04:13:50.351,1.13508,1.13519,1.00,1.00
2014.06.13 04:13:51.709,1.1351,1.13519,1.00,1.00
2014.06.13 04:13:51.860,1.13507,1.13519,1.00,1.00
2014.06.13 04:13:52.076,1.13508,1.13524,1.00,1.00
2014.06.13 04:13:52.588,1.13507,1.13524,1.00,1.00
2014.06.13 04:13:52.638,1.13507,1.13518,1.00,1.00
2014.06.13 04:13:53.163,1.13505,1.13519,1.19,1.00
2014.06.13 04:13:53.747,1.13504,1.13519,1.19,1.00
2014.06.13 04:13:53.949,1.13506,1.13523,1.25,1.00
2014.06.13 04:13:55.020,1.13506,1.13523,1.19,1.00
2014.06.13 04:13:59.601,1.13506,1.13524,1.19,1.25
2014.06.13 04:14:00.133,1.13506,1.13523,2.44,1.00
2014.06.13 04:14:00.184,1.1351,1.13523,1.00,1.00
2014.06.13 04:14:02.428,1.1351,1.13528,1.25,1.19
2014.06.13 04:14:03.906,1.1351,1.13528,1.25,1.00
2014.06.13 04:14:05.159,1.1351,1.13529,1.25,2.07
2014.06.13 04:14:05.874,1.1351,1.13529,1.19,2.74
2014.06.13 04:14:07.887,1.1351,1.13528,1.00,2.37
2014.06.13 04:14:07.989,1.13507,1.13526,1.69,1.69
2014.06.13 04:14:08.495,1.13507,1.13523,1.25,1.13
2014.06.13 04:14:09.095,1.13505,1.13524,1.19,1.88
2014.06.13 04:14:09.783,1.13505,1.13524,1.69,1.88
2014.06.13 04:14:10.329,1.13505,1.13524,1.69,2.07
2014.06.13 04:14:10.430,1.13505,1.13524,2.44,2.07
2014.06.13 04:14:11.359,1.13505,1.13519,2.44,1.00
2014.06.13 04:14:12.297,1.13503,1.13519,1.19,1.00
2014.06.13 04:14:12.996,1.13503,1.13522,1.19,1.80
2014.06.13 04:14:13.521,1.13503,1.13522,1.19,1.99
2014.06.13 04:14:16.432,1.13501,1.13522,1.69,1.99
2014.06.13 04:14:18.117,1.13501,1.13522,1.69,2.74
2014.06.13 04:14:18.406,1.13501,1.13522,2.07,2.37
2014.06.13 04:14:18.457,1.13503,1.13522,1.24,1.00
2014.06.13 04:14:18.558,1.13508,1.13524,1.00,1.32
2014.06.13 04:14:19.062,1.13508,1.13524,1.00,1.63
2014.06.13 04:14:22.688,1.13508,1.13523,1.00,1.99
2014.06.13 04:14:22.738,1.13503,1.13521,1.00,1.25
2014.06.13 04:14:22.789,1.13503,1.13518,1.00,1.00
2014.06.13 04:14:23.336,1.13504,1.13518,1.50,1.00
2014.06.13 04:14:25.349,1.13504,1.13518,1.69,1.00
2014.06.13 04:14:25.993,1.13504,1.13519,1.19,1.00
2014.06.13 04:14:26.196,1.13502,1.13519,1.25,1.00
2014.06.13 04:14:26.716,1.13502,1.13518,1.25,1.00
2014.06.13 04:14:27.386,1.13502,1.13518,1.87,1.00
2014.06.13 04:14:27.689,1.13502,1.13519,1.25,1.38
2014.06.13 04:14:28.043,1.13502,1.13514,1.25,1.00
2014.06.13 04:14:28.526,1.13502,1.13521,1.25,1.99
2014.06.13 04:14:28.631,1.13502,1.13518,1.25,1.00
2014.06.13 04:14:31.720,1.13502,1.13518,1.00,1.63
2014.06.13 04:14:33.313,1.13502,1.13518,1.00,1.00
2014.06.13 04:14:33.465,1.13502,1.13521,1.19,1.38
2014.06.13 04:14:34.007,1.13502,1.13519,1.25,1.32
2014.06.13 04:14:37.537,1.13502,1.13519,1.19,1.13
2014.06.13 04:14:38.318,1.13502,1.13518,1.19,1.00
2014.06.13 04:14:38.828,1.13504,1.13519,1.00,1.13
2014.06.13 04:14:39.281,1.13504,1.13514,1.00,1.00
2014.06.13 04:14:39.382,1.13501,1.13514,1.25,1.00
2014.06.13 04:14:39.841,1.13501,1.13519,1.00,1.63
2014.06.13 04:14:41.265,1.13501,1.13519,1.00,1.32
2014.06.13 04:14:43.091,1.13501,1.13519,1.00,1.63
2014.06.13 04:14:43.597,1.13498,1.13517,1.19,1.63
2014.06.13 04:14:43.912,1.13498,1.13517,1.19,1.63
2014.06.13 04:14:44.128,1.13498,1.13517,1.25,1.63
2014.06.13 04:14:44.806,1.13498,1.13517,1.25,1.63
2014.06.13 04:14:44.875,1.13498,1.13513,1.25,1.00
2014.06.13 04:14:47.530,1.13498,1.13514,1.25,1.00
2014.06.13 04:14:50.596,1.13498,1.13513,1.25,1.00
2014.06.13 04:14:51.145,1.13498,1.13514,1.25,1.00
2014.06.13 04:14:52.195,1.13498,1.13514,1.19,1.00
2014.06.13 04:14:53.266,1.13498,1.13514,1.00,1.00
2014.06.13 04:15:00.735,1.13496,1.13514,1.62,1.32
2014.06.13 04:15:01.376,1.13496,1.13514,1.62,1.13
2014.06.13 04:15:02.197,1.13496,1.13514,1.19,1.00
2014.06.13 04:15:04.203,1.13496,1.13514,1.25,1.00
2014.06.13 04:15:06.211,1.13496,1.13514,1.62,1.00
2014.06.13 04:15:09.221,1.13496,1.13514,1.62,1.00
2014.06.13 04:15:10.224,1.13496,1.13514,2.37,1.00
2014.06.13 04:15:12.431,1.13496,1.13514,1.62,1.00
2014.06.13 04:15:12.940,1.13496,1.13514,1.25,1.00
2014.06.13 04:15:14.341,1.13496,1.13514,1.19,1.25
2014.06.13 04:15:14.773,1.13496,1.13514,1.19,1.63
2014.06.13 04:15:15.386,1.13496,1.13514,1.62,1.38
2014.06.13 04:15:15.487,1.13496,1.13514,1.62,1.00
2014.06.13 04:15:16.556,1.13496,1.13513,1.62,1.00
2014.06.13 04:15:17.354,1.13496,1.13513,2.37,1.00
2014.06.13 04:15:18.205,1.13496,1.13514,2.37,1.00
2014.06.13 04:15:18.799,1.13496,1.13513,2.37,1.00
2014.06.13 04:15:19.491,1.13496,1.13513,1.19,1.00
2014.06.13 04:15:20.469,1.13496,1.13513,1.69,1.00
2014.06.13 04:15:20.978,1.13496,1.13514,1.69,1.00
2014.06.13 04:15:22.478,1.13496,1.13514,1.19,1.00
2014.06.13 04:15:24.689,1.13496,1.13513,1.19,1.00
2014.06.13 04:15:25.250,1.13496,1.13514,1.19,1.00
2014.06.13 04:15:26.296,1.13496,1.13514,1.00,1.32
2014.06.13 04:15:28.227,1.13496,1.13513,1.00,1.00
2014.06.13 04:15:28.765,1.13496,1.13514,1.19,1.13
2014.06.13 04:15:30.306,1.13496,1.13513,1.19,1.00
2014.06.13 04:15:31.144,1.13494,1.13513,1.24,1.50
2014.06.13 04:15:32.137,1.13494,1.13513,1.24,1.69
2014.06.13 04:15:33.125,1.13494,1.13513,1.24,1.69
2014.06.13 04:15:35.131,1.13494,1.13513,1.24,1.25
2014.06.13 04:15:38.142,1.13494,1.13513,1.24,1.00
2014.06.13 04:15:39.147,1.13494,1.13513,1.24,1.25
2014.06.13 04:15:46.171,1.13494,1.13513,1.24,1.00
2014.06.13 04:15:48.379,1.13494,1.13513,1.24,1.19
2014.06.13 04:15:48.793,1.13493,1.13512,1.00,1.99
2014.06.13 04:15:49.098,1.13491,1.13508,1.15,1.00
2014.06.13 04:15:49.624,1.1349,1.13509,1.25,1.69
2014.06.13 04:15:49.928,1.13488,1.13499,1.00,1.00
2014.06.13 04:15:50.158,1.13486,1.13498,1.13,1.00
2014.06.13 04:15:51.203,1.13481,1.13499,1.57,1.50
2014.06.13 04:15:52.750,1.13483,1.13502,1.57,1.19
2014.06.13 04:15:54.035,1.13483,1.13502,1.63,1.25
2014.06.13 04:15:54.545,1.13483,1.13502,1.63,1.62
2014.06.13 04:15:55.068,1.13483,1.13502,1.57,1.62
2014.06.13 04:15:57.024,1.13483,1.13502,1.63,1.62
2014.06.13 04:15:59.032,1.13483,1.13502,1.57,1.62
2014.06.13 04:16:00.865,1.13483,1.13502,2.74,1.00
2014.06.13 04:16:01.168,1.13486,1.13502,1.24,1.00
2014.06.13 04:16:01.218,1.13486,1.13504,1.24,1.00
2014.06.13 04:16:01.723,1.13487,1.13503,1.99,1.00
2014.06.13 04:16:01.931,1.13487,1.13507,1.99,1.19
2014.06.13 04:16:02.262,1.13487,1.13508,1.99,1.19
2014.06.13 04:16:03.250,1.13487,1.13508,1.99,1.25
2014.06.13 04:16:04.503,1.13487,1.13508,3.49,1.25
2014.06.13 04:16:05.257,1.13489,1.13508,1.99,1.69
2014.06.13 04:16:07.568,1.13489,1.13504,1.57,1.00
2014.06.13 04:16:07.645,1.13489,1.13509,1.57,2.37
2014.06.13 04:16:08.025,1.13489,1.13503,1.57,1.00
2014.06.13 04:16:08.770,1.1349,1.13503,1.05,1.00
2014.06.13 04:16:10.184,1.13487,1.13499,1.69,1.00
2014.06.13 04:16:10.288,1.13486,1.13498,1.32,1.00
2014.06.13 04:16:10.701,1.13483,1.13498,1.63,1.00
2014.06.13 04:16:10.852,1.13482,1.13494,1.57,1.00
2014.06.13 04:16:11.767,1.13482,1.13494,1.32,1.00
2014.06.13 04:16:12.446,1.13482,1.13494,1.32,1.00
2014.06.13 04:16:12.597,1.13482,1.13498,1.32,1.00
2014.06.13 04:16:13.745,1.13482,1.13501,2.07,1.19
2014.06.13 04:16:13.847,1.13482,1.13501,2.82,1.00
2014.06.13 04:16:15.137,1.13482,1.13501,2.07,1.62
2014.06.13 04:16:15.707,1.13482,1.13499,1.63,1.00
2014.06.13 04:16:16.406,1.13482,1.13499,1.25,1.00
2014.06.13 04:16:17.324,1.13482,1.13501,1.25,1.25
2014.06.13 04:16:17.476,1.13482,1.13498,1.25,1.00
2014.06.13 04:16:18.644,1.13482,1.13501,1.25,1.25
2014.06.13 04:16:19.946,1.13482,1.13501,1.25,1.19
2014.06.13 04:16:21.120,1.13482,1.13501,1.25,1.25
2014.06.13 04:16:22.123,1.13482,1.13501,1.25,1.19
2014.06.13 04:16:22.604,1.13482,1.13498,1.25,1.00
2014.06.13 04:16:28.435,1.13482,1.13499,1.00,1.00
2014.06.13 04:16:30.414,1.13482,1.13498,1.25,1.00
2014.06.13 04:16:30.652,1.13482,1.13501,1.69,1.25
2014.06.13 04:16:31.092,1.13482,1.13499,1.63,1.00
2014.06.13 04:16:33.828,1.13482,1.13499,1.25,1.00
2014.06.13 04:16:34.531,1.13482,1.13501,1.25,1.63
2014.06.13 04:16:35.221,1.13482,1.13499,1.19,1.00
2014.06.13 04:16:35.804,1.13482,1.13498,1.19,1.00
2014.06.13 04:16:40.568,1.13482,1.13499,1.57,1.00
2014.06.13 04:16:41.888,1.13482,1.13499,1.00,1.00
2014.06.13 04:16:42.393,1.1348,1.13499,1.24,1.50
2014.06.13 04:16:43.821,1.1348,1.13499,1.24,1.69
2014.06.13 04:16:48.816,1.1348,1.13499,1.24,1.88
2014.06.13 04:16:53.146,1.1348,1.13499,1.99,2.07
2014.06.13 04:16:54.864,1.1348,1.13498,1.99,1.00
2014.06.13 04:16:59.918,1.13481,1.13499,1.24,1.50
2014.06.13 04:17:00.182,1.13483,1.13499,1.19,1.00
2014.06.13 04:17:01.177,1.13483,1.13499,1.25,1.00
2014.06.13 04:17:02.178,1.13483,1.13499,1.19,1.00
2014.06.13 04:17:04.724,1.13483,1.13498,1.19,1.00
2014.06.13 04:17:04.875,1.13483,1.13502,1.19,1.38
2014.06.13 04:17:14.222,1.13483,1.13502,1.69,1.63
2014.06.13 04:17:16.228,1.13483,1.13502,1.19,1.38
2014.06.13 04:17:18.236,1.13483,1.13502,1.69,1.63
2014.06.13 04:17:20.342,1.13483,1.13502,1.19,1.38
2014.06.13 04:17:28.373,1.13483,1.13502,1.69,1.38
2014.06.13 04:17:29.428,1.13483,1.13502,1.19,1.38
2014.06.13 04:17:35.841,1.13483,1.13502,1.69,1.38
2014.06.13 04:17:36.968,1.13483,1.13499,1.19,1.00
2014.06.13 04:17:37.271,1.13483,1.13502,1.19,1.38
2014.06.13 04:17:37.821,1.13482,1.13502,1.24,1.38
2014.06.13 04:17:38.814,1.13483,1.13502,1.19,1.63
2014.06.13 04:17:39.416,1.13483,1.13502,1.32,1.25
2014.06.13 04:17:41.672,1.13483,1.13502,2.07,1.25
2014.06.13 04:17:41.874,1.13484,1.13504,1.99,1.69
2014.06.13 04:17:42.331,1.13488,1.13509,2.37,1.69
2014.06.13 04:17:43.336,1.1349,1.13508,1.15,1.00
2014.06.13 04:17:44.341,1.13488,1.13508,2.37,1.25
2014.06.13 04:17:45.349,1.13488,1.13509,2.37,1.69
2014.06.13 04:17:49.065,1.13489,1.13509,1.62,1.69
2014.06.13 04:17:50.070,1.13489,1.13509,1.62,1.50
2014.06.13 04:17:51.076,1.13489,1.13509,1.62,1.69
2014.06.13 04:17:52.080,1.13488,1.13509,2.37,1.69
2014.06.13 04:17:53.084,1.13489,1.13509,1.62,1.69
2014.06.13 04:17:56.115,1.1349,1.13509,1.24,1.69
2014.06.13 04:17:57.104,1.13489,1.13509,2.74,1.50
2014.06.13 04:17:57.635,1.13488,1.13509,1.69,1.69
2014.06.13 04:17:58.725,1.13488,1.13509,1.19,1.69
2014.06.13 04:17:58.970,1.13487,1.13506,2.37,1.00
2014.06.13 04:18:04.644,1.13486,1.13506,2.74,1.25
2014.06.13 04:18:05.664,1.13486,1.13506,2.37,1.00
2014.06.13 04:18:07.648,1.13487,1.13506,1.19,1.00
2014.06.13 04:18:08.655,1.13487,1.13506,1.25,1.00
2014.06.13 04:18:11.666,1.13487,1.13506,1.19,1.00
2014.06.13 04:18:14.678,1.13487,1.13506,1.19,1.25
2014.06.13 04:18:15.699,1.13487,1.13506,1.32,1.32
2014.06.13 04:18:16.379,1.13486,1.13503,1.57,1.00
2014.06.13 04:18:17.086,1.13485,1.13503,2.07,1.00
2014.06.13 04:18:18.210,1.13485,1.13503,1.19,1.00
2014.06.13 04:18:18.773,1.13485,1.13504,1.19,1.43
2014.06.13 04:18:19.148,1.13483,1.13503,1.99,1.19
2014.06.13 04:18:20.220,1.13483,1.13503,1.24,1.00
2014.06.13 04:18:21.625,1.13482,1.13503,2.82,1.68
2014.06.13 04:18:21.928,1.13483,1.135,1.24,1.00
2014.06.13 04:18:22.080,1.13486,1.13503,1.00,1.00
2014.06.13 04:18:22.921,1.13485,1.13503,1.15,1.00
2014.06.13 04:18:23.441,1.13485,1.13503,1.15,1.19
2014.06.13 04:18:24.236,1.13484,1.13503,1.99,1.25
2014.06.13 04:18:24.339,1.13484,1.13498,1.24,1.00
2014.06.13 04:18:25.322,1.13482,1.13498,2.74,1.00
2014.06.13 04:18:26.293,1.13483,1.13498,1.57,1.00
2014.06.13 04:18:27.962,1.13484,1.13498,1.24,1.00
2014.06.13 04:18:29.102,1.13484,1.13498,1.24,1.00
2014.06.13 04:18:32.267,1.13484,1.13498,1.24,1.00
2014.06.13 04:18:39.766,1.13482,1.13498,1.24,1.00
2014.06.13 04:18:40.285,1.13482,1.13498,1.24,1.00
2014.06.13 04:18:40.824,1.13482,1.13498,1.24,1.00
2014.06.13 04:18:44.909,1.13484,1.13498,1.05,1.00
2014.06.13 04:18:47.332,1.13484,1.13498,1.99,1.00
2014.06.13 04:18:49.341,1.13482,1.13498,1.99,1.00
2014.06.13 04:18:51.584,1.13482,1.13498,1.24,1.00
2014.06.13 04:18:52.088,1.13483,1.13498,1.15,1.00
2014.06.13 04:18:53.368,1.13478,1.13498,1.99,1.69
2014.06.13 04:18:53.418,1.13478,1.13494,1.57,1.00
2014.06.13 04:18:53.923,1.13477,1.13493,1.57,1.00
2014.06.13 04:18:54.616,1.13476,1.13493,1.24,1.00
2014.06.13 04:18:56.062,1.13476,1.13494,1.99,1.50
2014.06.13 04:18:56.574,1.13476,1.13493,1.99,1.00
2014.06.13 04:18:57.122,1.13476,1.13494,2.07,1.00
2014.06.13 04:18:59.428,1.13477,1.13494,1.24,1.00
2014.06.13 04:18:59.961,1.13476,1.13494,3.49,1.50
2014.06.13 04:19:00.561,1.13476,1.13494,2.74,1.50
2014.06.13 04:19:01.079,1.13476,1.13494,2.74,1.50
2014.06.13 04:19:01.602,1.13477,1.13494,1.99,1.00
2014.06.13 04:19:07.814,1.13479,1.13494,1.24,1.00
2014.06.13 04:19:08.827,1.13479,1.13494,1.24,1.00
2014.06.13 04:19:10.843,1.13477,1.13494,2.82,1.00
2014.06.13 04:19:14.926,1.13477,1.13494,2.07,1.00
2014.06.13 04:19:20.549,1.13477,1.13497,2.82,1.19
2014.06.13 04:19:22.391,1.13477,1.13497,2.82,1.25
2014.06.13 04:19:23.948,1.13477,1.13497,2.07,1.19
2014.06.13 04:19:24.987,1.13477,1.13497,2.07,1.25
2014.06.13 04:19:26.092,1.13482,1.13497,1.00,1.25
2014.06.13 04:19:26.959,1.13482,1.13497,1.00,1.19
2014.06.13 04:19:27.961,1.13482,1.13497,1.00,1.00
2014.06.13 04:19:32.984,1.13482,1.13497,1.00,1.19
2014.06.13 04:19:33.035,1.13476,1.13497,2.74,1.19
2014.06.13 04:19:33.555,1.13477,1.13497,1.57,1.62
2014.06.13 04:19:35.210,1.13479,1.13499,1.25,1.99
2014.06.13 04:19:36.231,1.13479,1.13497,1.19,1.15
2014.06.13 04:19:37.197,1.13479,1.13499,1.25,1.99
2014.06.13 04:19:38.297,1.13479,1.13499,1.25,1.32
2014.06.13 04:19:42.486,1.13479,1.13499,1.00,1.32
2014.06.13 04:19:44.899,1.13479,1.13499,1.38,2.07
2014.06.13 04:19:45.508,1.13479,1.13499,1.63,2.07
2014.06.13 04:19:46.323,1.13479,1.13499,1.57,1.32
2014.06.13 04:19:51.032,1.13479,1.13499,1.63,1.32
2014.06.13 04:19:56.378,1.13479,1.13498,1.63,1.19
2014.06.13 04:19:57.354,1.13479,1.13498,1.57,1.19
2014.06.13 04:20:02.948,1.13479,1.13494,1.57,1.00
2014.06.13 04:20:03.150,1.13477,1.13494,1.19,1.00
2014.06.13 04:20:03.687,1.13477,1.13493,1.19,1.00
2014.06.13 04:20:06.140,1.13477,1.13493,1.69,1.00
2014.06.13 04:20:08.100,1.13477,1.13493,1.19,1.00
2014.06.13 04:20:10.107,1.13477,1.13493,1.19,1.00
2014.06.13 04:20:11.998,1.13477,1.13496,1.57,1.43
2014.06.13 04:20:12.048,1.13477,1.13496,1.57,1.68
2014.06.13 04:20:12.150,1.13477,1.13493,1.25,1.68
2014.06.13 04:20:12.654,1.13477,1.13493,1.00,1.43
2014.06.13 04:20:13.321,1.13477,1.13493,1.00,1.62
2014.06.13 04:20:14.536,1.13477,1.13493,1.00,1.00
2014.06.13 04:20:16.073,1.13477,1.13494,1.00,2.07
2014.06.13 04:20:17.056,1.13477,1.13494,1.00,2.07
2014.06.13 04:20:19.078,1.13477,1.13494,1.00,2.74
2014.06.13 04:20:19.179,1.13473,1.13492,1.57,1.25
2014.06.13 04:20:23.846,1.13476,1.13492,1.00,1.25
2014.06.13 04:20:24.767,1.13473,1.13492,1.99,1.00
2014.06.13 04:20:29.331,1.13473,1.13492,1.00,1.93
2014.06.13 04:20:30.603,1.13472,1.1349,2.07,1.00
2014.06.13 04:20:33.259,1.13473,1.13491,1.32,1.15
2014.06.13 04:20:34.690,1.13473,1.13492,1.32,1.00
2014.06.13 04:20:35.202,1.13473,1.13492,2.07,1.00
2014.06.13 04:20:35.856,1.13474,1.13492,1.19,1.13
2014.06.13 04:20:36.058,1.13473,1.13492,1.57,1.62
2014.06.13 04:20:39.842,1.13473,1.13492,1.00,1.99
2014.06.13 04:20:41.873,1.13473,1.13492,1.19,1.99
2014.06.13 04:20:42.091,1.13476,1.13492,1.00,1.24
2014.06.13 04:20:43.962,1.13476,1.13493,1.00,2.74
2014.06.13 04:20:44.063,1.13476,1.13493,1.00,1.99
2014.06.13 04:20:44.632,1.13477,1.13493,1.00,1.25
2014.06.13 04:20:45.325,1.13477,1.13493,1.00,1.93
2014.06.13 04:20:45.864,1.13477,1.13493,1.00,1.25
2014.06.13 04:20:50.278,1.13477,1.13493,1.00,1.19
2014.06.13 04:20:53.298,1.13477,1.13493,1.00,1.15
2014.06.13 04:20:54.074,1.13476,1.13493,1.00,1.25
2014.06.13 04:20:54.889,1.13476,1.13493,1.00,1.19
2014.06.13 04:20:55.939,1.13476,1.13493,1.00,1.25
2014.06.13 04:20:56.909,1.13476,1.13493,1.00,1.19
2014.06.13 04:20:57.913,1.13476,1.13493,1.00,1.25
2014.06.13 04:21:02.141,1.13477,1.13495,1.00,1.69
2014.06.13 04:21:02.788,1.13478,1.13497,1.00,1.19
2014.06.13 04:21:06.360,1.13478,1.13498,1.00,2.74
2014.06.13 04:21:09.391,1.13478,1.13498,1.32,1.57
2014.06.13 04:21:12.893,1.13478,1.13497,1.32,1.24
2014.06.13 04:21:19.390,1.13478,1.13497,1.32,1.24
2014.06.13 04:21:22.586,1.13478,1.13493,1.25,1.00
2014.06.13 04:21:24.424,1.13478,1.13493,1.19,1.00
2014.06.13 04:21:24.474,1.13478,1.13497,1.19,1.15
2014.06.13 04:21:24.576,1.13478,1.13493,1.19,1.00
2014.06.13 04:21:24.921,1.13478,1.13498,1.19,2.37
2014.06.13 04:21:25.209,1.13478,1.13493,1.19,1.00
2014.06.13 04:21:25.567,1.13478,1.13498,1.19,2.37
2014.06.13 04:21:26.017,1.13479,1.13498,1.57,1.25
2014.06.13 04:21:27.019,1.13478,1.13499,1.99,1.69
2014.06.13 04:21:28.022,1.13479,1.13499,1.57,1.69
2014.06.13 04:21:29.032,1.1348,1.13499,1.24,1.69
2014.06.13 04:21:30.060,1.1348,1.13499,1.24,1.69
2014.06.13 04:21:31.050,1.1348,1.13499,1.24,1.50
2014.06.13 04:21:37.048,1.13481,1.13499,1.25,1.19
2014.06.13 04:21:39.057,1.13481,1.13499,1.19,1.25
2014.06.13 04:21:39.742,1.13482,1.13501,1.53,1.19
2014.06.13 04:21:40.604,1.13482,1.13502,1.53,1.19
2014.06.13 04:21:41.564,1.13482,1.13502,1.99,1.19
2014.06.13 04:21:42.273,1.13484,1.13503,1.25,1.25
2014.06.13 04:21:42.324,1.13484,1.13503,1.63,1.25
2014.06.13 04:21:52.494,1.13486,1.13503,1.99,1.00
2014.06.13 04:21:54.501,1.13486,1.13503,1.63,1.00
2014.06.13 04:21:56.335,1.13486,1.13504,1.63,1.00
2014.06.13 04:21:58.514,1.13486,1.13504,1.63,1.19
2014.06.13 04:21:59.734,1.13486,1.13504,1.25,1.32
2014.06.13 04:22:00.524,1.13486,1.13504,1.00,1.32
2014.06.13 04:22:04.244,1.13486,1.13503,1.00,1.00
2014.06.13 04:22:06.910,1.13486,1.13498,1.25,1.00
2014.06.13 04:22:08.865,1.13484,1.13503,2.74,1.69
2014.06.13 04:22:09.204,1.13484,1.13499,2.74,1.00
2014.06.13 04:22:09.512,1.13484,1.13503,2.74,1.25
2014.06.13 04:22:10.014,1.13484,1.13503,1.99,1.00
2014.06.13 04:22:12.782,1.13484,1.13503,2.74,1.25
2014.06.13 04:22:13.817,1.13484,1.13503,1.57,1.00
2014.06.13 04:22:15.781,1.13484,1.13503,1.32,1.25
2014.06.13 04:22:16.612,1.13484,1.13503,1.32,1.00
2014.06.13 04:22:17.852,1.13484,1.13503,1.99,1.00
2014.06.13 04:22:18.378,1.13485,1.13503,1.87,1.50
2014.06.13 04:22:20.470,1.13487,1.13503,1.24,1.50
2014.06.13 04:22:20.774,1.13495,1.13508,1.00,1.19
2014.06.13 04:22:21.534,1.13495,1.13509,1.00,1.19
2014.06.13 04:22:22.862,1.13495,1.13512,1.00,1.69
2014.06.13 04:22:24.822,1.13495,1.13512,1.00,1.19
2014.06.13 04:22:26.439,1.13495,1.13509,1.00,1.00
2014.06.13 04:22:27.445,1.13495,1.13508,1.00,1.00
2014.06.13 04:22:29.311,1.13492,1.13508,1.25,1.00
2014.06.13 04:22:29.362,1.13492,1.13508,1.00,1.32
2014.06.13 04:22:29.665,1.13489,1.13504,1.25,1.00
2014.06.13 04:22:44.852,1.13489,1.13499,1.00,1.00
2014.06.13 04:22:45.909,1.13489,1.13504,1.00,1.19
2014.06.13 04:22:46.373,1.13489,1.13498,1.00,1.00
2014.06.13 04:22:47.579,1.13489,1.13503,1.00,1.25
2014.06.13 04:22:48.292,1.13489,1.13503,1.68,1.00
2014.06.13 04:22:48.595,1.13495,1.13503,1.00,1.00
2014.06.13 04:22:48.696,1.13495,1.13509,1.00,1.00
2014.06.13 04:22:54.563,1.13495,1.13509,1.68,1.00
2014.06.13 04:22:54.664,1.13495,1.13513,2.74,1.00
2014.06.13 04:22:54.765,1.13499,1.13513,1.00,1.00
2014.06.13 04:22:55.068,1.13496,1.13514,1.00,1.19
2014.06.13 04:22:55.169,1.13499,1.13514,1.00,1.19
2014.06.13 04:22:56.548,1.13499,1.13514,1.00,1.00
2014.06.13 04:22:57.072,1.13499,1.13509,1.00,1.00
2014.06.13 04:22:57.810,1.13499,1.13514,1.00,1.00
2014.06.13 04:22:58.342,1.13499,1.13513,1.00,1.25
2014.06.13 04:22:58.594,1.13501,1.13513,1.00,1.00
2014.06.13 04:22:58.948,1.13501,1.13509,1.00,1.00
2014.06.13 04:22:59.150,1.13499,1.13509,1.00,1.00
2014.06.13 04:22:59.458,1.13499,1.13513,1.00,1.00
2014.06.13 04:23:01.044,1.13499,1.13514,1.25,1.00
2014.06.13 04:23:01.145,1.13502,1.13514,1.00,1.00
2014.06.13 04:23:01.246,1.13502,1.13519,1.00,1.63
2014.06.13 04:23:01.768,1.13502,1.13513,1.00,1.00
2014.06.13 04:23:02.538,1.13502,1.13514,1.00,1.00
2014.06.13 04:23:03.654,1.135,1.13514,1.00,1.00
2014.06.13 04:23:05.447,1.135,1.13509,1.00,1.00
2014.06.13 04:23:05.650,1.13496,1.13509,1.19,1.00
2014.06.13 04:23:06.608,1.13496,1.13514,1.19,1.00
2014.06.13 04:23:07.109,1.13496,1.13514,1.19,1.25
2014.06.13 04:23:08.593,1.135,1.13514,1.00,1.25
2014.06.13 04:23:10.912,1.13496,1.13514,1.19,1.25
2014.06.13 04:23:13.761,1.135,1.13514,1.00,1.00
2014.06.13 04:23:15.523,1.135,1.13513,1.00,1.00
2014.06.13 04:23:17.184,1.13502,1.13514,1.00,1.00
2014.06.13 04:23:17.285,1.13502,1.13518,1.00,2.07
2014.06.13 04:23:17.863,1.13502,1.13518,1.00,1.25
2014.06.13 04:23:20.167,1.13502,1.13513,1.00,1.00
2014.06.13 04:23:21.018,1.13502,1.13514,1.00,1.00
2014.06.13 04:23:23.878,1.13502,1.13513,1.00,1.00
2014.06.13 04:23:24.545,1.13502,1.13514,1.00,1.00
2014.06.13 04:23:27.965,1.13499,1.13514,1.00,1.00
2014.06.13 04:23:32.126,1.13496,1.13514,1.32,1.19
2014.06.13 04:23:32.177,1.13496,1.13509,1.32,1.00
2014.06.13 04:23:33.153,1.13496,1.13514,1.32,1.19
2014.06.13 04:23:33.204,1.13496,1.13514,1.80,1.00
2014.06.13 04:23:33.305,1.13496,1.13514,1.80,1.00
2014.06.13 04:23:33.355,1.13496,1.13514,1.80,1.00
2014.06.13 04:23:33.659,1.13501,1.13514,1.00,1.00
2014.06.13 04:23:35.238,1.13501,1.13513,1.00,1.00
2014.06.13 04:23:41.486,1.13497,1.13513,1.25,1.00
2014.06.13 04:23:42.038,1.13497,1.13514,1.25,1.00
2014.06.13 04:23:42.551,1.13497,1.13513,1.00,1.00
2014.06.13 04:23:43.227,1.13501,1.13514,1.00,1.00
2014.06.13 04:23:43.918,1.13498,1.13514,1.25,1.00
2014.06.13 04:23:46.363,1.13498,1.13513,1.00,1.00
2014.06.13 04:23:46.762,1.135,1.13513,1.00,1.00
2014.06.13 04:23:46.914,1.135,1.13518,1.99,1.00
2014.06.13 04:23:47.065,1.13507,1.13519,1.00,1.00
2014.06.13 04:23:47.874,1.13503,1.13519,1.00,1.00
2014.06.13 04:23:48.025,1.13503,1.13513,1.00,1.00
2014.06.13 04:23:48.076,1.13501,1.13513,1.00,1.00
2014.06.13 04:23:48.581,1.13501,1.13514,1.00,1.00
2014.06.13 04:23:49.538,1.13501,1.13513,1.00,1.00
2014.06.13 04:23:50.968,1.13501,1.13518,1.00,1.19
2014.06.13 04:23:51.019,1.13503,1.13518,1.00,1.00
2014.06.13 04:23:51.523,1.13503,1.13514,1.00,1.00
2014.06.13 04:23:51.787,1.13502,1.13518,1.00,1.00
2014.06.13 04:23:52.005,1.13502,1.13513,1.00,1.00
2014.06.13 04:23:52.323,1.13502,1.13508,1.00,1.00
2014.06.13 04:23:52.374,1.13498,1.13508,1.00,1.00
2014.06.13 04:23:56.390,1.13498,1.13514,1.00,1.32
2014.06.13 04:23:56.492,1.13498,1.13509,1.00,1.00
2014.06.13 04:24:01.241,1.13498,1.13508,1.00,1.00
2014.06.13 04:24:01.737,1.13498,1.13513,1.00,1.38
2014.06.13 04:24:02.261,1.13498,1.13513,1.00,1.00
2014.06.13 04:24:02.312,1.13498,1.13509,1.00,1.00
2014.06.13 04:24:03.346,1.13501,1.13509,1.00,1.00
2014.06.13 04:24:04.927,1.13501,1.13514,1.00,1.25
2014.06.13 04:24:05.617,1.13501,1.13514,1.00,1.19
2014.06.13 04:24:08.007,1.13501,1.13508,1.00,1.00
2014.06.13 04:24:08.425,1.13498,1.13508,1.00,1.00
2014.06.13 04:24:08.932,1.13497,1.13509,1.00,1.80
2014.06.13 04:24:09.465,1.13497,1.13509,1.00,1.99
2014.06.13 04:24:10.207,1.13497,1.13509,1.00,1.32
2014.06.13 04:24:13.897,1.13499,1.13509,1.00,1.00
2014.06.13 04:24:14.460,1.13501,1.13509,1.00,1.00
2014.06.13 04:24:14.767,1.13501,1.13513,1.00,1.00
2014.06.13 04:24:14.974,1.13501,1.13508,1.00,1.00
2014.06.13 04:24:23.003,1.13501,1.13513,1.00,1.00
2014.06.13 04:24:23.307,1.13501,1.13508,1.00,1.00
2014.06.13 04:24:31.941,1.13498,1.13508,1.00,1.00
2014.06.13 04:24:32.468,1.13498,1.13509,1.00,1.00
2014.06.13 04:24:41.777,1.13498,1.13508,1.00,1.00
2014.06.13 04:24:59.241,1.13501,1.13508,1.00,1.00
2014.06.13 04:25:00.098,1.13498,1.13508,1.00,1.00
2014.06.13 04:25:01.500,1.13498,1.13513,1.00,1.00
2014.06.13 04:25:01.551,1.13503,1.13513,1.00,1.00
2014.06.13 04:25:01.854,1.13504,1.13508,1.00,1.00
2014.06.13 04:25:11.124,1.13501,1.13508,1.00,1.00
2014.06.13 04:25:15.239,1.13501,1.13509,1.00,1.00
2014.06.13 04:25:27.697,1.13501,1.13514,1.00,1.38
2014.06.13 04:25:27.748,1.13501,1.13514,1.00,1.00
2014.06.13 04:25:27.950,1.13503,1.13514,1.00,1.00
2014.06.13 04:25:28.252,1.13505,1.13513,1.00,1.00
2014.06.13 04:25:28.303,1.13503,1.13513,1.00,1.00
2014.06.13 04:25:28.878,1.13503,1.13513,1.00,1.68
2014.06.13 04:25:28.930,1.13503,1.13508,1.00,1.00
2014.06.13 04:25:29.031,1.135,1.13508,1.00,1.00
2014.06.13 04:25:34.938,1.135,1.13513,1.00,1.38
2014.06.13 04:25:35.190,1.135,1.13509,1.00,1.00
2014.06.13 04:25:40.577,1.135,1.13508,1.00,1.00
2014.06.13 04:25:40.678,1.135,1.13512,1.00,1.15
2014.06.13 04:25:50.440,1.135,1.13508,1.00,1.00
2014.06.13 04:25:50.986,1.135,1.13513,1.00,1.99
2014.06.13 04:26:02.436,1.135,1.13513,1.00,1.00
2014.06.13 04:26:08.709,1.135,1.13509,1.00,1.00
2014.06.13 04:26:15.263,1.13499,1.13509,1.00,1.13
2014.06.13 04:26:16.396,1.13499,1.13508,1.00,1.00
2014.06.13 04:26:17.905,1.13494,1.13508,1.00,1.25
2014.06.13 04:26:19.746,1.13494,1.13508,1.00,1.62
2014.06.13 04:26:21.710,1.13494,1.13508,1.00,1.62
2014.06.13 04:26:23.517,1.13494,1.13508,1.00,1.62
2014.06.13 04:26:27.633,1.13494,1.13508,1.00,1.62
2014.06.13 04:26:29.639,1.13494,1.13508,1.00,1.62
2014.06.13 04:26:31.797,1.13494,1.13508,1.00,1.62
2014.06.13 04:26:32.787,1.13494,1.13508,1.00,1.62
2014.06.13 04:26:34.779,1.13494,1.13508,1.00,1.99
2014.06.13 04:26:44.732,1.13494,1.13508,1.00,1.99
2014.06.13 04:26:45.292,1.13494,1.13508,1.00,1.99
2014.06.13 04:26:45.893,1.13494,1.13508,1.00,1.99
2014.06.13 04:26:46.724,1.13494,1.13508,1.00,1.99
2014.06.13 04:26:49.821,1.13494,1.13508,1.00,1.25
2014.06.13 04:26:50.821,1.13494,1.13508,1.00,1.19
2014.06.13 04:26:51.824,1.13494,1.13508,1.00,1.25
2014.06.13 04:26:52.828,1.13494,1.13508,1.00,1.19
2014.06.13 04:26:54.838,1.13494,1.13508,1.00,1.19
2014.06.13 04:26:55.854,1.13494,1.13508,1.00,1.19
2014.06.13 04:26:56.057,1.13499,1.13508,1.00,1.19
2014.06.13 04:26:56.957,1.13496,1.13508,1.00,1.19
2014.06.13 04:26:57.882,1.13496,1.13509,1.00,1.99
2014.06.13 04:27:01.903,1.13496,1.13509,1.00,2.74
2014.06.13 04:27:02.206,1.13496,1.13504,1.00,1.00
2014.06.13 04:27:02.307,1.13492,1.13504,1.00,1.00
2014.06.13 04:27:17.355,1.13492,1.13504,1.00,1.93
2014.06.13 04:27:17.709,1.13487,1.13498,1.00,1.00
2014.06.13 04:27:20.155,1.13487,1.13499,1.00,1.99
2014.06.13 04:27:20.649,1.13487,1.13499,1.00,1.93
2014.06.13 04:27:20.957,1.13485,1.13499,1.00,1.99
2014.06.13 04:27:25.695,1.13485,1.13496,1.00,1.24
2014.06.13 04:27:25.847,1.13485,1.13496,1.00,1.24
2014.06.13 04:27:26.155,1.13485,1.13499,1.00,3.12
2014.06.13 04:27:26.206,1.13482,1.13499,1.00,3.12
2014.06.13 04:27:26.780,1.13482,1.13499,1.00,2.37
2014.06.13 04:27:28.217,1.13482,1.13499,1.00,2.37
2014.06.13 04:27:29.838,1.13484,1.13499,1.00,1.25
2014.06.13 04:27:36.120,1.13484,1.13499,1.00,1.19
2014.06.13 04:27:36.423,1.13481,1.13498,1.00,1.57
2014.06.13 04:27:36.524,1.13481,1.13497,1.00,1.32
2014.06.13 04:27:36.827,1.13481,1.13494,1.00,1.32
2014.06.13 04:27:37.007,1.13478,1.13494,1.00,1.32
2014.06.13 04:27:37.818,1.13478,1.13494,1.00,1.32
2014.06.13 04:27:38.666,1.13478,1.13493,1.00,1.25
2014.06.13 04:27:39.826,1.13478,1.13496,1.00,1.32
2014.06.13 04:27:40.810,1.13481,1.13496,1.00,1.32
2014.06.13 04:27:43.837,1.13481,1.13498,1.00,1.99
2014.06.13 04:27:44.636,1.13481,1.13494,1.00,1.00
2014.06.13 04:27:45.213,1.13481,1.13493,1.00,1.00
2014.06.13 04:27:45.968,1.13481,1.13494,1.00,1.00
2014.06.13 04:27:46.607,1.13481,1.13494,1.68,1.00
2014.06.13 04:27:46.659,1.13486,1.13499,1.00,1.69
2014.06.13 04:27:47.191,1.13487,1.13504,1.68,1.19
2014.06.13 04:27:47.393,1.13487,1.13499,1.43,1.00
2014.06.13 04:27:51.365,1.13484,1.13499,2.74,1.00
2014.06.13 04:27:52.684,1.13484,1.13498,2.74,1.00
2014.06.13 04:27:55.983,1.13484,1.13498,1.00,1.00
2014.06.13 04:27:56.486,1.13482,1.13498,1.24,1.00
2014.06.13 04:27:59.126,1.13481,1.13498,1.24,1.00
2014.06.13 04:28:01.465,1.13481,1.13499,1.24,1.00
2014.06.13 04:28:01.594,1.13481,1.13498,1.24,1.00
2014.06.13 04:28:10.126,1.13483,1.13498,1.57,1.00
2014.06.13 04:28:12.940,1.13483,1.13499,1.19,1.00
2014.06.13 04:28:15.140,1.13481,1.13499,1.99,1.00
2014.06.13 04:28:16.147,1.13481,1.13499,1.99,1.00
2014.06.13 04:28:16.888,1.13483,1.13499,1.19,1.00
2014.06.13 04:28:20.159,1.13482,1.13499,1.62,1.00
2014.06.13 04:28:21.164,1.13483,1.13499,1.19,1.00
2014.06.13 04:28:22.865,1.13482,1.13499,1.62,1.00
2014.06.13 04:28:23.967,1.13481,1.13499,1.24,1.00
2014.06.13 04:28:26.234,1.13482,1.135,1.24,1.00
2014.06.13 04:28:26.284,1.13485,1.13503,1.24,1.25
2014.06.13 04:28:26.588,1.13484,1.13498,1.32,1.00
2014.06.13 04:28:27.620,1.13483,1.13498,1.24,1.00
2014.06.13 04:28:28.593,1.13483,1.13498,1.99,1.00
2014.06.13 04:28:31.623,1.13484,1.13498,1.24,1.00
2014.06.13 04:28:31.792,1.13484,1.13498,1.24,1.00
2014.06.13 04:28:33.604,1.13483,1.13498,1.99,1.00
2014.06.13 04:28:34.300,1.13483,1.13498,1.53,1.00
2014.06.13 04:28:39.315,1.13481,1.13498,1.99,1.00
2014.06.13 04:28:39.848,1.13481,1.13498,1.99,1.00
2014.06.13 04:28:41.222,1.13481,1.13498,1.99,1.00
2014.06.13 04:28:42.227,1.13481,1.13498,1.99,1.00
2014.06.13 04:28:44.234,1.13481,1.13498,2.74,1.00
2014.06.13 04:28:45.276,1.13478,1.13498,1.99,1.69
2014.06.13 04:28:46.245,1.13478,1.13498,1.62,2.07
2014.06.13 04:28:47.245,1.13478,1.13498,1.62,2.07
2014.06.13 04:28:48.248,1.13478,1.13498,1.19,2.07
2014.06.13 04:28:48.796,1.13478,1.13498,1.19,2.07
2014.06.13 04:28:49.141,1.13478,1.13493,1.19,1.00
2014.06.13 04:28:49.656,1.13477,1.13493,1.57,1.00
2014.06.13 04:28:50.363,1.13477,1.13493,1.57,1.00
2014.06.13 04:28:50.743,1.13477,1.13497,1.57,2.74
2014.06.13 04:28:51.285,1.13477,1.13494,1.25,1.25
2014.06.13 04:28:51.438,1.13474,1.13493,1.00,1.25
2014.06.13 04:28:51.488,1.13474,1.13492,1.00,1.19
2014.06.13 04:28:51.591,1.13472,1.13492,1.25,2.74
2014.06.13 04:28:51.642,1.13471,1.13488,1.32,1.00
2014.06.13 04:28:52.014,1.13471,1.13488,1.57,1.00
2014.06.13 04:28:54.297,1.13477,1.13488,1.00,1.00
2014.06.13 04:28:58.361,1.13477,1.13489,1.00,1.00
2014.06.13 04:28:58.946,1.13477,1.13493,1.00,2.07
2014.06.13 04:28:59.115,1.13477,1.13493,1.00,1.32
2014.06.13 04:29:00.165,1.13477,1.13493,1.00,1.32
2014.06.13 04:29:01.122,1.13477,1.13493,1.00,1.13
2014.06.13 04:29:01.637,1.13477,1.13489,1.00,1.00
2014.06.13 04:29:03.287,1.13477,1.13493,1.00,1.00
2014.06.13 04:29:05.828,1.13477,1.13493,1.00,1.68
2014.06.13 04:29:06.031,1.13477,1.13493,1.00,1.68
2014.06.13 04:29:06.538,1.13477,1.13489,1.00,1.00
2014.06.13 04:29:07.378,1.13477,1.13488,1.00,1.00
2014.06.13 04:29:08.342,1.13477,1.13494,1.00,1.93
2014.06.13 04:29:08.472,1.13477,1.13489,1.00,1.00
2014.06.13 04:29:11.262,1.13479,1.13489,1.00,1.00
2014.06.13 04:29:11.774,1.13477,1.13488,1.00,1.00
2014.06.13 04:29:14.393,1.13477,1.13488,1.93,1.00
2014.06.13 04:29:15.430,1.13477,1.13488,1.99,1.00
2014.06.13 04:29:16.302,1.13477,1.13494,1.99,1.00
2014.06.13 04:29:19.467,1.13478,1.13494,1.62,1.00
2014.06.13 04:29:21.448,1.13478,1.13494,1.62,1.00
2014.06.13 04:29:22.450,1.13478,1.13494,1.62,1.00
2014.06.13 04:29:24.456,1.13478,1.13494,2.37,1.00
2014.06.13 04:29:25.122,1.13478,1.13494,2.74,1.00
2014.06.13 04:29:25.549,1.13478,1.13499,1.99,3.57
2014.06.13 04:29:25.616,1.13478,1.13493,1.99,1.00
2014.06.13 04:29:27.477,1.13479,1.13493,1.15,1.00
2014.06.13 04:29:28.477,1.13478,1.13493,1.99,1.00
2014.06.13 04:29:32.490,1.13479,1.13493,1.15,1.00
2014.06.13 04:29:33.958,1.13478,1.13493,1.99,1.00
2014.06.13 04:29:34.109,1.13483,1.13499,1.00,1.50
2014.06.13 04:29:34.311,1.13483,1.13502,1.62,1.69
2014.06.13 04:29:35.046,1.13484,1.13503,1.57,1.19
2014.06.13 04:29:35.097,1.13489,1.13503,1.00,1.19
2014.06.13 04:29:35.249,1.13489,1.13504,1.00,1.25
2014.06.13 04:29:37.384,1.13489,1.13507,1.43,1.19
2014.06.13 04:29:37.435,1.13491,1.13507,1.00,1.25
2014.06.13 04:29:37.637,1.13491,1.13509,1.00,1.00
2014.06.13 04:29:37.889,1.13494,1.13509,1.00,1.00
2014.06.13 04:29:38.042,1.13494,1.13511,1.00,1.32
2014.06.13 04:29:39.279,1.13494,1.13508,1.00,1.00
2014.06.13 04:29:39.871,1.13494,1.13509,1.00,1.00
2014.06.13 04:29:40.284,1.13492,1.13509,1.32,1.00
2014.06.13 04:29:41.483,1.1349,1.13509,1.24,1.00
2014.06.13 04:29:43.290,1.1349,1.13509,1.53,1.00
2014.06.13 04:29:43.441,1.13489,1.13504,1.99,1.00
2014.06.13 04:29:44.181,1.13492,1.13504,1.13,1.00
2014.06.13 04:29:45.634,1.13492,1.13503,1.32,1.00
2014.06.13 04:29:46.999,1.13487,1.13503,1.50,1.00
2014.06.13 04:29:47.050,1.13487,1.13503,2.63,1.00
2014.06.13 04:29:47.388,1.13487,1.13504,1.00,1.00
2014.06.13 04:29:48.142,1.13487,1.13503,1.00,1.00
2014.06.13 04:29:48.525,1.13483,1.13503,2.07,1.25
2014.06.13 04:29:48.627,1.13483,1.135,1.57,1.00
2014.06.13 04:29:49.130,1.13482,1.13499,1.63,1.00
2014.06.13 04:29:49.397,1.13486,1.13507,1.38,2.44
2014.06.13 04:29:49.700,1.13486,1.13507,1.63,1.69
2014.06.13 04:29:49.750,1.13485,1.13502,1.99,1.00
2014.06.13 04:29:50.077,1.13483,1.13497,1.32,1.00
2014.06.13 04:29:50.582,1.13482,1.13497,2.07,1.00
2014.06.13 04:29:51.200,1.13482,1.13497,1.57,1.00
2014.06.13 04:29:52.203,1.13482,1.13497,1.57,1.00
2014.06.13 04:29:52.405,1.13482,1.13501,1.57,1.00
2014.06.13 04:29:53.851,1.13484,1.13501,1.19,1.00
2014.06.13 04:29:54.119,1.13485,1.13503,1.19,1.00
2014.06.13 04:29:54.813,1.13487,1.13506,1.25,1.32
2014.06.13 04:29:55.915,1.13487,1.13506,1.19,1.25
2014.06.13 04:29:56.739,1.13487,1.13506,1.25,1.00
2014.06.13 04:29:56.789,1.13485,1.135,1.19,1.00
2014.06.13 04:29:58.743,1.13484,1.135,1.32,1.00
2014.06.13 04:29:58.895,1.13483,1.13498,1.19,1.00
2014.06.13 04:29:59.243,1.13482,1.13495,1.69,1.00
2014.06.13 04:29:59.545,1.13481,1.13495,1.32,1.00
2014.06.13 04:30:00.535,1.13481,1.13495,1.32,1.00
2014.06.13 04:30:03.549,1.13481,1.13495,1.32,1.00
2014.06.13 04:30:04.553,1.13481,1.13495,1.32,1.00
2014.06.13 04:30:05.173,1.13481,1.13495,1.32,1.00
2014.06.13 04:30:07.014,1.13481,1.13495,2.07,1.00
2014.06.13 04:30:07.966,1.13481,1.13495,1.32,1.00
2014.06.13 04:30:08.981,1.13479,1.13495,1.19,1.00
2014.06.13 04:30:09.535,1.13479,1.13498,1.69,1.00
2014.06.13 04:30:10.195,1.1348,1.13498,1.32,1.00
2014.06.13 04:30:12.096,1.13479,1.13497,1.57,1.00
2014.06.13 04:30:12.601,1.13481,1.13497,1.19,1.00
2014.06.13 04:30:13.186,1.13479,1.13497,1.69,1.00
2014.06.13 04:30:14.189,1.13479,1.13497,1.57,1.00
2014.06.13 04:30:15.235,1.13479,1.13497,1.57,1.00
2014.06.13 04:30:15.736,1.1348,1.13498,1.19,1.00
2014.06.13 04:30:16.905,1.1348,1.13498,1.69,1.00
2014.06.13 04:30:17.861,1.1348,1.13499,1.69,1.69
2014.06.13 04:30:18.717,1.13482,1.13499,1.87,1.50
2014.06.13 04:30:18.767,1.13483,1.13502,1.87,1.00
2014.06.13 04:30:18.819,1.13484,1.13504,1.19,1.25
2014.06.13 04:30:19.373,1.13484,1.13503,1.69,1.00
2014.06.13 04:30:19.904,1.13484,1.13503,1.69,1.25
2014.06.13 04:30:24.826,1.13486,1.13505,1.00,1.19
2014.06.13 04:30:25.385,1.13486,1.13503,1.00,1.00
2014.06.13 04:30:28.840,1.13486,1.13503,1.19,1.00
2014.06.13 04:30:29.843,1.13486,1.13503,1.25,1.25
2014.06.13 04:30:31.752,1.13486,1.13503,1.19,1.00
2014.06.13 04:30:32.854,1.13486,1.13503,1.25,1.25
2014.06.13 04:30:37.909,1.13486,1.13503,1.19,1.00
2014.06.13 04:30:38.570,1.13486,1.13504,1.32,1.25
2014.06.13 04:30:39.179,1.13486,1.13505,2.74,1.00
2014.06.13 04:30:40.732,1.13486,1.13505,1.19,1.32
2014.06.13 04:30:41.446,1.13485,1.13503,1.19,1.50
2014.06.13 04:30:41.970,1.13484,1.13503,2.07,1.69
2014.06.13 04:30:44.913,1.13484,1.13503,1.88,1.50
2014.06.13 04:30:44.964,1.13484,1.13498,1.88,1.00
2014.06.13 04:30:45.621,1.13484,1.13499,1.50,1.00
2014.06.13 04:30:45.962,1.13484,1.13499,2.44,1.00
2014.06.13 04:30:47.342,1.13484,1.13503,2.44,1.32
2014.06.13 04:30:47.912,1.13484,1.13503,2.44,1.00
2014.06.13 04:30:48.917,1.13484,1.13503,1.69,1.00
2014.06.13 04:30:54.934,1.13484,1.13503,2.44,1.00
2014.06.13 04:30:58.853,1.13487,1.13503,1.19,1.00
2014.06.13 04:30:59.253,1.13487,1.13505,2.37,1.00
2014.06.13 04:30:59.759,1.13489,1.13505,1.62,1.00
2014.06.13 04:30:59.810,1.13489,1.13508,2.37,2.07
2014.06.13 04:31:00.448,1.13492,1.13508,1.25,1.00
2014.06.13 04:31:01.464,1.13492,1.13508,1.19,1.00
2014.06.13 04:31:02.693,1.1349,1.13508,1.32,1.00
2014.06.13 04:31:03.687,1.13491,1.13508,1.19,1.00
2014.06.13 04:31:05.201,1.13493,1.13512,1.19,1.13
2014.06.13 04:31:05.303,1.13497,1.13513,1.19,1.00
2014.06.13 04:31:05.404,1.13497,1.13513,1.25,1.00
2014.06.13 04:31:05.506,1.13497,1.13508,1.00,1.00
2014.06.13 04:31:05.759,1.13494,1.13512,1.87,1.00
2014.06.13 04:31:05.962,1.13496,1.13514,1.62,1.25
2014.06.13 04:31:06.692,1.13496,1.13514,1.19,1.00
2014.06.13 04:31:07.613,1.13496,1.13508,1.13,1.00
2014.06.13 04:31:08.122,1.13496,1.13508,1.32,1.00
2014.06.13 04:31:08.274,1.13496,1.13513,1.32,1.00
2014.06.13 04:31:08.484,1.13497,1.13515,1.57,1.25
2014.06.13 04:31:08.637,1.13497,1.13514,2.82,1.00
2014.06.13 04:31:09.268,1.135,1.13513,1.25,1.00
2014.06.13 04:31:10.669,1.13497,1.13516,3.57,1.00
2014.06.13 04:31:11.199,1.13497,1.13516,3.57,1.00
2014.06.13 04:31:11.249,1.13497,1.13513,2.82,1.00
2014.06.13 04:31:11.772,1.13498,1.13513,1.19,1.00
2014.06.13 04:31:12.025,1.13494,1.13513,1.19,1.00
2014.06.13 04:31:14.346,1.13494,1.13508,1.69,1.00
2014.06.13 04:31:14.447,1.13494,1.13513,1.69,1.38
2014.06.13 04:31:14.548,1.13494,1.13508,1.69,1.00
2014.06.13 04:31:14.832,1.13494,1.13508,1.62,1.00
2014.06.13 04:31:15.871,1.13494,1.13508,1.62,1.00
2014.06.13 04:31:15.974,1.13494,1.13508,1.25,1.00
2014.06.13 04:31:17.122,1.13495,1.13508,1.05,1.00
2014.06.13 04:31:18.166,1.13496,1.13508,1.19,1.00
2014.06.13 04:31:19.174,1.13496,1.13508,1.62,1.00
2014.06.13 04:31:19.605,1.13496,1.13514,1.62,1.00
2014.06.13 04:31:19.758,1.13497,1.13514,2.37,1.00
2014.06.13 04:31:19.934,1.13497,1.13513,1.15,1.00
2014.06.13 04:31:20.388,1.13496,1.13509,1.19,1.00
2014.06.13 04:31:21.050,1.13496,1.13509,1.00,1.00
2014.06.13 04:31:22.015,1.13496,1.13514,1.00,1.25
2014.06.13 04:31:22.065,1.13496,1.13514,1.62,1.00
2014.06.13 04:31:22.585,1.13496,1.13513,1.62,1.00
2014.06.13 04:31:24.113,1.13496,1.13514,1.43,1.25
2014.06.13 04:31:25.085,1.13496,1.13514,1.00,1.62
2014.06.13 04:31:26.073,1.13496,1.13514,1.00,1.62
2014.06.13 04:31:28.079,1.13496,1.13514,1.25,1.19
2014.06.13 04:31:29.303,1.13496,1.13513,1.62,1.00
2014.06.13 04:31:33.297,1.13496,1.13513,1.69,1.00
2014.06.13 04:31:35.895,1.13496,1.13517,2.44,1.57
2014.06.13 04:31:36.224,1.13497,1.13513,1.19,1.00
2014.06.13 04:31:39.159,1.13496,1.13513,1.69,1.00
2014.06.13 04:31:41.121,1.13496,1.13513,1.69,1.00
2014.06.13 04:31:43.231,1.13496,1.13513,1.69,1.00
2014.06.13 04:31:44.442,1.13496,1.13508,1.00,1.00
2014.06.13 04:31:44.946,1.13496,1.13509,1.00,1.00
2014.06.13 04:31:45.249,1.13496,1.13513,1.00,1.00
2014.06.13 04:31:49.751,1.13496,1.13509,1.00,1.00
2014.06.13 04:31:50.054,1.13496,1.13513,1.43,1.00
2014.06.13 04:31:50.206,1.13496,1.13509,1.00,1.00
2014.06.13 04:31:57.229,1.13496,1.13508,1.00,1.00
2014.06.13 04:31:57.532,1.13496,1.13514,1.00,1.32
2014.06.13 04:31:58.181,1.13496,1.13514,1.00,1.32
2014.06.13 04:32:00.382,1.13496,1.13508,1.00,1.00
2014.06.13 04:32:00.887,1.13492,1.13508,1.62,1.00
2014.06.13 04:32:01.538,1.13491,1.13508,1.99,1.00
2014.06.13 04:32:02.597,1.13491,1.13509,1.99,1.00
2014.06.13 04:32:03.508,1.13492,1.13508,1.15,1.00
2014.06.13 04:32:04.293,1.13491,1.13508,1.99,1.00
2014.06.13 04:32:05.308,1.13493,1.13508,1.57,1.00
2014.06.13 04:32:05.692,1.13491,1.13509,1.99,1.00
2014.06.13 04:32:06.613,1.13492,1.13509,1.15,1.00
2014.06.13 04:32:16.469,1.13491,1.13504,1.93,1.00
2014.06.13 04:32:16.702,1.13491,1.13508,1.68,1.00
2014.06.13 04:32:17.051,1.13491,1.13508,1.68,1.38
2014.06.13 04:32:17.354,1.13486,1.13503,1.19,1.00
2014.06.13 04:32:17.405,1.13485,1.13503,1.69,1.00
2014.06.13 04:32:17.456,1.13485,1.13499,1.19,1.00
2014.06.13 04:32:17.777,1.13485,1.13504,1.19,1.00
2014.06.13 04:32:17.878,1.13485,1.13498,1.19,1.00
2014.06.13 04:32:18.131,1.13483,1.13503,2.74,1.50
2014.06.13 04:32:18.640,1.13484,1.13498,1.62,1.00
2014.06.13 04:32:20.364,1.13483,1.13498,1.19,1.00
2014.06.13 04:32:24.167,1.13486,1.13498,1.00,1.00
2014.06.13 04:32:33.282,1.13486,1.13499,1.00,1.00
2014.06.13 04:32:33.756,1.13482,1.13499,1.57,1.00
2014.06.13 04:32:36.542,1.13482,1.13499,1.57,1.00
2014.06.13 04:32:42.534,1.13484,1.13499,1.57,1.00
2014.06.13 04:32:43.541,1.13483,1.13499,2.07,1.00
2014.06.13 04:32:45.592,1.13484,1.13499,1.57,1.00
2014.06.13 04:32:47.281,1.13486,1.13503,1.25,1.62
2014.06.13 04:32:47.382,1.13486,1.13503,1.19,1.43
2014.06.13 04:32:48.369,1.13486,1.13503,1.19,1.00
2014.06.13 04:32:50.358,1.13486,1.13503,1.19,1.43
2014.06.13 04:32:52.387,1.13486,1.13503,1.19,1.43
2014.06.13 04:32:54.376,1.13486,1.13503,1.25,1.43
2014.06.13 04:32:55.379,1.13486,1.13503,1.19,1.43
2014.06.13 04:32:56.381,1.13486,1.13503,1.25,1.43
2014.06.13 04:32:58.260,1.13486,1.13498,1.25,1.00
2014.06.13 04:32:59.595,1.13486,1.13498,1.19,1.00
2014.06.13 04:33:00.486,1.13486,1.13504,1.19,1.99
2014.06.13 04:33:00.770,1.13486,1.13499,1.19,1.00
2014.06.13 04:33:00.883,1.13486,1.13504,1.19,1.99
2014.06.13 04:33:01.451,1.13486,1.13504,1.25,1.80
2014.06.13 04:33:03.411,1.13486,1.13504,1.19,1.80
2014.06.13 04:33:04.420,1.13486,1.13504,1.25,1.80
2014.06.13 04:33:04.941,1.13486,1.13504,1.00,1.99
2014.06.13 04:33:04.992,1.13483,1.13498,2.07,1.00
2014.06.13 04:33:05.967,1.13484,1.13498,1.57,1.00
2014.06.13 04:33:06.923,1.13484,1.13498,1.57,1.00
2014.06.13 04:33:06.974,1.13484,1.13502,1.57,1.00
2014.06.13 04:33:07.973,1.13485,1.13503,1.32,1.00
2014.06.13 04:33:08.276,1.13487,1.13505,1.19,1.68
2014.06.13 04:33:08.819,1.13487,1.13505,1.69,1.43
2014.06.13 04:33:09.604,1.13487,1.13505,1.19,1.43
2014.06.13 04:33:11.150,1.13487,1.13506,1.19,1.43
2014.06.13 04:33:12.248,1.13487,1.13506,1.19,1.43
2014.06.13 04:33:14.253,1.13487,1.13506,1.19,1.43
2014.06.13 04:33:14.730,1.13487,1.13506,1.19,1.68
2014.06.13 04:33:15.292,1.13487,1.13506,1.19,1.68
2014.06.13 04:33:16.277,1.13487,1.13506,1.25,1.93
2014.06.13 04:33:16.610,1.13485,1.13503,1.69,1.68
2014.06.13 04:33:18.313,1.13485,1.13503,1.25,1.68
2014.06.13 04:33:20.295,1.13485,1.13504,1.19,1.68
2014.06.13 04:33:25.395,1.13485,1.13504,1.25,1.93
2014.06.13 04:33:26.816,1.13485,1.13503,1.25,1.68
2014.06.13 04:33:27.404,1.13485,1.13503,1.19,1.93
2014.06.13 04:33:30.416,1.13485,1.13503,1.25,1.80
2014.06.13 04:33:34.229,1.13485,1.13503,1.19,1.05
2014.06.13 04:33:34.508,1.13485,1.13504,1.19,1.80
2014.06.13 04:33:35.050,1.13486,1.13506,2.07,1.99
2014.06.13 04:33:36.339,1.13486,1.13506,2.82,1.99
2014.06.13 04:33:38.361,1.13486,1.13506,2.07,1.99
2014.06.13 04:33:45.376,1.13486,1.13504,1.25,1.05
2014.06.13 04:33:46.379,1.13486,1.13505,1.32,1.05
2014.06.13 04:33:50.594,1.13486,1.13505,2.07,1.24
2014.06.13 04:33:52.629,1.13486,1.13505,1.32,1.05
2014.06.13 04:33:55.612,1.13486,1.13505,2.07,1.24
2014.06.13 04:33:56.616,1.13486,1.13505,1.32,1.05
2014.06.13 04:33:58.622,1.13485,1.13503,1.57,1.43
2014.06.13 04:33:58.926,1.13483,1.13503,2.07,1.99
2014.06.13 04:33:59.258,1.13486,1.13503,1.25,1.24
2014.06.13 04:33:59.827,1.13483,1.13502,2.82,1.15
2014.06.13 04:34:00.831,1.13483,1.13503,2.82,1.24
2014.06.13 04:34:01.835,1.13483,1.13502,2.82,1.15
2014.06.13 04:34:02.373,1.13483,1.13499,2.82,1.00
2014.06.13 04:34:02.629,1.13483,1.13502,2.44,1.53
2014.06.13 04:34:02.738,1.13483,1.13498,2.44,1.00
2014.06.13 04:34:02.991,1.13481,1.13498,1.19,1.00
2014.06.13 04:34:03.496,1.13481,1.13499,1.19,1.43
2014.06.13 04:34:04.007,1.13481,1.13499,1.25,1.43
2014.06.13 04:34:05.073,1.13479,1.13499,1.69,2.37
2014.06.13 04:34:06.057,1.13479,1.13499,1.69,2.37
2014.06.13 04:34:08.074,1.13479,1.13499,1.19,2.37
2014.06.13 04:34:10.107,1.13479,1.13499,1.25,2.37
2014.06.13 04:34:11.129,1.13478,1.13499,1.19,2.74
2014.06.13 04:34:12.089,1.13478,1.13499,1.69,2.74
2014.06.13 04:34:12.339,1.13478,1.13498,1.69,1.24
2014.06.13 04:34:12.861,1.13478,1.13494,1.19,1.00
2014.06.13 04:34:12.962,1.13478,1.13496,1.19,1.43
2014.06.13 04:34:13.063,1.13478,1.13494,1.19,1.00
2014.06.13 04:34:13.337,1.13477,1.13494,1.19,1.00
2014.06.13 04:34:14.301,1.13477,1.13494,1.19,1.00
2014.06.13 04:34:14.503,1.13477,1.13496,1.62,1.25
2014.06.13 04:34:15.306,1.13477,1.13496,2.37,1.00
2014.06.13 04:34:19.530,1.13477,1.13496,1.19,1.00
2014.06.13 04:34:20.535,1.13477,1.13496,1.19,1.19
2014.06.13 04:34:21.539,1.13477,1.13496,1.25,1.19
2014.06.13 04:34:25.745,1.13474,1.13494,1.19,2.07
2014.06.13 04:34:26.562,1.13474,1.13494,1.19,2.07
2014.06.13 04:34:27.319,1.13473,1.13492,1.69,1.05
2014.06.13 04:34:27.370,1.13473,1.13492,1.00,1.24
2014.06.13 04:34:27.572,1.13471,1.13489,1.25,1.00
2014.06.13 04:34:27.875,1.13471,1.13489,1.00,1.19
2014.06.13 04:34:28.774,1.13471,1.13489,1.00,2.07
2014.06.13 04:34:29.095,1.13471,1.13486,1.00,1.15
2014.06.13 04:34:29.416,1.13466,1.13484,1.32,1.00
2014.06.13 04:34:29.967,1.13466,1.13485,2.07,1.00
2014.06.13 04:34:32.088,1.13466,1.13485,2.07,1.00
2014.06.13 04:34:33.109,1.13466,1.13485,1.69,1.00
2014.06.13 04:34:33.978,1.13466,1.13484,1.19,1.00
2014.06.13 04:34:34.516,1.13466,1.13484,1.19,1.13
2014.06.13 04:34:35.206,1.13464,1.13484,1.69,1.32
2014.06.13 04:34:36.211,1.13464,1.13484,1.69,1.32
2014.06.13 04:34:37.217,1.13464,1.13483,1.69,1.00
2014.06.13 04:34:38.275,1.13464,1.13483,1.69,1.25
2014.06.13 04:34:39.227,1.13464,1.13483,1.69,1.00
2014.06.13 04:34:40.269,1.13464,1.13483,1.69,1.25
2014.06.13 04:34:41.259,1.13464,1.13483,1.69,1.25
2014.06.13 04:34:43.640,1.13464,1.13483,1.69,1.19
2014.06.13 04:34:44.643,1.13464,1.13483,2.44,1.25
2014.06.13 04:34:45.648,1.13464,1.13483,1.69,1.00
2014.06.13 04:34:47.695,1.13464,1.13484,1.69,1.32
2014.06.13 04:34:49.236,1.13467,1.13485,1.00,1.57
2014.06.13 04:34:50.460,1.13464,1.13484,1.69,1.32
2014.06.13 04:34:51.111,1.13464,1.13484,1.69,1.32
2014.06.13 04:34:51.211,1.13467,1.13485,1.00,1.57
2014.06.13 04:34:52.861,1.13464,1.13484,1.69,1.32
2014.06.13 04:34:53.346,1.13464,1.13483,1.69,1.68
2014.06.13 04:34:54.035,1.13464,1.13482,1.00,1.15
2014.06.13 04:34:55.688,1.13464,1.13483,1.25,1.87
2014.06.13 04:35:00.813,1.13464,1.13482,1.19,1.15
2014.06.13 04:35:02.967,1.13464,1.13482,1.00,1.15
2014.06.13 04:35:07.572,1.13464,1.1348,1.00,1.15
2014.06.13 04:35:07.674,1.13462,1.13479,1.13,1.00
2014.06.13 04:35:07.725,1.13462,1.13474,1.13,1.00
2014.06.13 04:35:07.826,1.13462,1.1348,1.00,1.32
2014.06.13 04:35:07.878,1.13461,1.13479,1.00,1.25
2014.06.13 04:35:08.425,1.1346,1.13479,1.69,2.07
2014.06.13 04:35:08.901,1.1346,1.13478,2.44,1.13
2014.06.13 04:35:09.581,1.13462,1.13479,1.25,1.50
2014.06.13 04:35:11.395,1.13462,1.13479,1.19,1.50
2014.06.13 04:35:13.400,1.13462,1.13479,1.19,1.50
2014.06.13 04:35:16.961,1.13462,1.13474,1.19,1.00
2014.06.13 04:35:17.068,1.13462,1.13482,1.19,1.19
2014.06.13 04:35:17.421,1.13462,1.13482,1.15,1.38
2014.06.13 04:35:17.522,1.13461,1.13479,1.69,1.00
2014.06.13 04:35:18.032,1.1346,1.13479,1.19,2.07
2014.06.13 04:35:18.638,1.1346,1.13479,1.19,2.07
2014.06.13 04:35:19.144,1.1346,1.13479,1.00,2.07
2014.06.13 04:35:19.457,1.1346,1.13473,1.00,1.00
2014.06.13 04:35:20.688,1.1346,1.13474,1.00,1.00
2014.06.13 04:35:21.417,1.13455,1.13474,2.07,1.25
2014.06.13 04:35:21.569,1.13455,1.13474,1.25,1.69
2014.06.13 04:35:22.074,1.13455,1.13474,1.93,1.69
2014.06.13 04:35:22.448,1.13456,1.13474,1.24,1.25
2014.06.13 04:35:22.977,1.13456,1.13474,1.32,1.00
2014.06.13 04:35:23.756,1.13455,1.13474,2.74,1.00
2014.06.13 04:35:24.797,1.13456,1.13474,1.32,1.00
2014.06.13 04:35:25.783,1.13455,1.13474,1.99,1.00
2014.06.13 04:35:26.768,1.13455,1.13474,2.74,1.00
2014.06.13 04:35:27.838,1.13455,1.13473,2.74,1.00
2014.06.13 04:35:28.071,1.13455,1.13468,1.99,1.00
2014.06.13 04:35:28.307,1.13455,1.13473,1.99,1.00
2014.06.13 04:35:28.875,1.13457,1.13474,1.15,1.00
2014.06.13 04:35:29.472,1.13456,1.13474,1.99,1.00
2014.06.13 04:35:30.117,1.13457,1.13474,1.15,1.00
2014.06.13 04:35:31.374,1.13457,1.13476,1.15,1.25
2014.06.13 04:35:31.840,1.13457,1.13473,1.15,1.00
2014.06.13 04:35:32.492,1.13456,1.13473,1.24,1.00
2014.06.13 04:35:32.593,1.13457,1.13476,1.62,1.00
2014.06.13 04:35:33.506,1.13457,1.13476,1.62,1.25
2014.06.13 04:35:34.534,1.13457,1.13476,1.62,1.19
2014.06.13 04:35:36.516,1.13457,1.13476,1.62,1.25
2014.06.13 04:35:37.658,1.13457,1.13476,1.62,1.00
2014.06.13 04:35:37.762,1.13459,1.13478,1.25,1.25
2014.06.13 04:35:38.943,1.13459,1.13478,1.99,1.00
2014.06.13 04:35:39.507,1.13461,1.13479,1.69,1.00
2014.06.13 04:35:40.069,1.13461,1.13478,1.69,1.00
2014.06.13 04:35:42.124,1.13461,1.13478,2.74,1.00
2014.06.13 04:35:42.428,1.13463,1.13478,1.80,1.00
2014.06.13 04:35:43.533,1.13463,1.13478,1.32,1.00
2014.06.13 04:35:44.055,1.13463,1.13478,1.19,1.00
2014.06.13 04:35:45.051,1.13463,1.13478,1.25,1.00
2014.06.13 04:35:46.222,1.13463,1.13478,1.19,1.00
2014.06.13 04:35:47.057,1.13463,1.13478,1.25,1.00
2014.06.13 04:35:47.647,1.13463,1.13479,1.25,1.00
2014.06.13 04:35:48.162,1.13462,1.13479,1.62,1.00
2014.06.13 04:35:52.174,1.13462,1.13479,2.37,1.00
2014.06.13 04:35:53.178,1.13462,1.13479,1.62,1.00
2014.06.13 04:35:54.222,1.13462,1.13479,2.74,1.00
2014.06.13 04:35:55.187,1.13462,1.13479,1.99,1.00
2014.06.13 04:35:55.484,1.13465,1.13484,1.00,2.37
2014.06.13 04:35:55.585,1.13465,1.13478,1.00,1.00
2014.06.13 04:35:55.923,1.13465,1.13483,1.00,1.15
2014.06.13 04:35:56.034,1.13465,1.13478,1.00,1.00
2014.06.13 04:35:56.552,1.13462,1.13478,2.37,1.00
2014.06.13 04:35:57.199,1.13462,1.13478,1.62,1.00
2014.06.13 04:36:01.213,1.13462,1.13478,2.37,1.00
2014.06.13 04:36:02.214,1.13462,1.13478,1.62,1.00
2014.06.13 04:36:05.924,1.13462,1.13479,1.62,1.00
2014.06.13 04:36:07.532,1.13462,1.13479,2.37,1.00
2014.06.13 04:36:08.536,1.13462,1.13479,1.62,1.00
2014.06.13 04:36:11.645,1.13462,1.13479,1.69,1.00
2014.06.13 04:36:12.965,1.13462,1.13479,1.19,1.00
2014.06.13 04:36:13.976,1.13462,1.13479,1.19,1.00
2014.06.13 04:36:14.478,1.13462,1.13483,1.69,3.12
2014.06.13 04:36:14.700,1.13462,1.13478,1.19,1.00
2014.06.13 04:36:16.467,1.13462,1.13478,1.57,1.00
2014.06.13 04:36:17.472,1.13462,1.13478,1.57,1.00
2014.06.13 04:36:17.988,1.13462,1.13479,1.57,1.00
2014.06.13 04:36:24.511,1.13462,1.13478,2.07,1.00
2014.06.13 04:36:24.612,1.13462,1.13483,2.07,1.50
2014.06.13 04:36:25.726,1.13464,1.13483,1.57,1.43
2014.06.13 04:36:31.723,1.13464,1.13483,1.57,1.50
2014.06.13 04:36:32.239,1.13465,1.13484,1.32,1.69
2014.06.13 04:36:32.803,1.13465,1.13484,1.32,1.69
2014.06.13 04:36:35.382,1.13465,1.13483,1.32,1.00
2014.06.13 04:36:36.743,1.13465,1.13483,1.32,1.00
2014.06.13 04:36:38.746,1.13465,1.13483,2.07,1.00
2014.06.13 04:36:39.789,1.13465,1.13483,1.32,1.00
2014.06.13 04:36:47.028,1.13465,1.13483,3.49,1.00
2014.06.13 04:36:47.331,1.13468,1.13487,2.07,1.00
2014.06.13 04:36:47.845,1.1347,1.13489,1.25,2.07
2014.06.13 04:36:48.710,1.1347,1.13489,1.19,2.07
2014.06.13 04:36:51.698,1.1347,1.13489,1.19,2.07
2014.06.13 04:36:52.702,1.1347,1.13489,1.19,2.07
2014.06.13 04:36:55.310,1.1347,1.13489,1.19,1.88
2014.06.13 04:36:58.352,1.1347,1.13489,1.19,1.88
2014.06.13 04:36:59.170,1.1347,1.13489,1.57,1.50
2014.06.13 04:36:59.875,1.1347,1.13489,2.07,1.50
2014.06.13 04:37:00.733,1.1347,1.13489,2.07,1.69
2014.06.13 04:37:05.758,1.13471,1.13489,1.32,1.00
2014.06.13 04:37:06.548,1.13471,1.13492,2.74,2.82
2014.06.13 04:37:06.801,1.13471,1.13492,3.49,2.07
2014.06.13 04:37:07.461,1.13472,1.13492,1.62,1.88
2014.06.13 04:37:08.473,1.13472,1.13492,1.62,2.07
2014.06.13 04:37:10.507,1.13471,1.13492,2.37,1.50
2014.06.13 04:37:11.480,1.13472,1.13492,1.62,1.69
2014.06.13 04:37:14.506,1.13472,1.13492,2.37,1.69
2014.06.13 04:37:14.913,1.13475,1.13492,1.19,1.00
2014.06.13 04:37:15.418,1.13477,1.13493,1.19,1.00
2014.06.13 04:37:16.625,1.13477,1.13493,1.25,1.00
2014.06.13 04:37:24.540,1.13477,1.13493,1.62,1.00
2014.06.13 04:37:24.691,1.1348,1.13497,1.00,1.19
2014.06.13 04:37:24.792,1.1348,1.13498,1.93,1.00
2014.06.13 04:37:25.416,1.1348,1.13498,1.25,1.00
2014.06.13 04:37:26.532,1.1348,1.13499,1.62,2.44
2014.06.13 04:37:27.041,1.1348,1.13499,1.62,1.50
2014.06.13 04:37:27.839,1.1348,1.13499,2.37,1.69
2014.06.13 04:37:29.844,1.1348,1.13499,2.37,1.50
2014.06.13 04:37:30.871,1.1348,1.13499,2.37,1.50
2014.06.13 04:37:34.913,1.13481,1.13499,1.19,1.50
2014.06.13 04:37:37.554,1.13482,1.13503,2.07,1.69
2014.06.13 04:37:37.907,1.13484,1.13503,1.69,1.19
2014.06.13 04:37:38.258,1.13487,1.13503,1.00,1.19
2014.06.13 04:37:38.309,1.13487,1.13504,1.19,1.00
2014.06.13 04:37:38.562,1.13487,1.13506,1.62,1.00
2014.06.13 04:37:38.864,1.13487,1.13503,1.62,1.00
2014.06.13 04:37:39.366,1.13487,1.13504,1.19,1.00
2014.06.13 04:37:39.930,1.13487,1.13504,1.25,1.00
2014.06.13 04:37:41.411,1.13487,1.13503,1.25,1.00
2014.06.13 04:37:47.916,1.13487,1.13503,1.19,1.00
2014.06.13 04:37:52.608,1.13487,1.13506,1.19,1.00
2014.06.13 04:37:52.759,1.13489,1.13509,2.07,2.07
2014.06.13 04:37:53.062,1.13489,1.13504,2.07,1.00
2014.06.13 04:37:53.164,1.13489,1.13504,1.19,1.00
2014.06.13 04:37:53.828,1.13488,1.13508,1.69,1.32
2014.06.13 04:37:54.086,1.13488,1.13508,1.69,2.07
2014.06.13 04:37:54.187,1.13488,1.13508,1.25,2.74
2014.06.13 04:37:54.730,1.13488,1.13504,1.25,1.00
2014.06.13 04:37:55.037,1.13488,1.13508,1.62,1.57
2014.06.13 04:37:55.089,1.13488,1.13508,1.99,1.19
2014.06.13 04:37:55.791,1.13491,1.13509,1.25,1.32
2014.06.13 04:37:57.292,1.13491,1.13509,1.25,1.57
2014.06.13 04:37:57.596,1.13491,1.13503,1.25,1.00
2014.06.13 04:38:04.059,1.13488,1.13503,1.25,1.00
2014.06.13 04:38:04.595,1.13488,1.13504,1.25,1.00
2014.06.13 04:38:08.897,1.13488,1.13503,1.00,1.00
2014.06.13 04:38:17.124,1.13488,1.13504,1.25,1.80
2014.06.13 04:38:17.816,1.13486,1.13504,1.19,1.13
2014.06.13 04:38:18.135,1.13486,1.13499,1.00,1.00
2014.06.13 04:38:33.336,1.13483,1.13499,1.25,1.00
2014.06.13 04:38:33.588,1.13481,1.13499,1.25,1.88
2014.06.13 04:38:33.791,1.13478,1.13493,1.00,1.13
2014.06.13 04:38:33.892,1.13474,1.13493,1.69,1.13
2014.06.13 04:38:34.210,1.13474,1.13488,1.50,1.00
2014.06.13 04:38:34.716,1.13472,1.13488,1.19,1.00
2014.06.13 04:38:35.223,1.13472,1.13489,1.19,1.00
2014.06.13 04:38:35.738,1.13472,1.13489,1.00,1.38
2014.06.13 04:38:39.124,1.13472,1.13489,1.00,1.00
2014.06.13 04:38:39.722,1.13472,1.13488,1.19,1.00
2014.06.13 04:38:41.026,1.13472,1.13483,1.19,1.00
2014.06.13 04:38:42.331,1.13472,1.13483,1.00,1.00
2014.06.13 04:38:45.844,1.13472,1.13483,1.19,1.00
2014.06.13 04:38:47.850,1.13472,1.13483,1.25,1.00
2014.06.13 04:38:47.924,1.13472,1.13489,1.25,1.13
2014.06.13 04:38:49.027,1.13472,1.13484,1.25,1.00
2014.06.13 04:38:54.884,1.13472,1.13488,1.25,1.00
2014.06.13 04:38:54.985,1.13472,1.13483,1.25,1.00
2014.06.13 04:38:56.508,1.13472,1.13479,1.25,1.00
2014.06.13 04:38:56.867,1.13472,1.13484,1.25,1.00
2014.06.13 04:38:56.968,1.13472,1.13489,1.25,1.32
2014.06.13 04:38:57.019,1.13472,1.13489,1.25,2.07
2014.06.13 04:38:57.322,1.1347,1.13483,1.19,1.00
2014.06.13 04:38:57.423,1.1347,1.13483,1.25,1.00
2014.06.13 04:39:04.994,1.1347,1.13488,1.25,1.00
2014.06.13 04:39:05.333,1.1347,1.13483,1.69,1.00
2014.06.13 04:39:06.824,1.1347,1.13483,1.69,1.00
2014.06.13 04:39:07.843,1.1347,1.13483,1.69,1.00
2014.06.13 04:39:10.825,1.1347,1.13483,1.69,1.00
2014.06.13 04:39:11.858,1.1347,1.13483,1.69,1.00
2014.06.13 04:39:12.862,1.1347,1.13483,1.25,1.00
2014.06.13 04:39:13.554,1.1347,1.13489,1.25,1.88
2014.06.13 04:39:14.840,1.1347,1.13489,1.19,1.88
2014.06.13 04:39:15.852,1.1347,1.13489,1.69,1.88
2014.06.13 04:39:17.859,1.1347,1.13489,1.62,1.88
2014.06.13 04:39:21.877,1.1347,1.13489,1.62,1.88
2014.06.13 04:39:22.880,1.1347,1.13489,1.62,1.88
2014.06.13 04:39:23.425,1.1347,1.13489,1.62,1.50
2014.06.13 04:39:25.893,1.1347,1.13489,2.37,1.50
2014.06.13 04:39:26.897,1.1347,1.13489,2.37,1.50
2014.06.13 04:39:27.904,1.1347,1.13489,2.37,1.50
2014.06.13 04:39:28.905,1.1347,1.13489,1.62,1.69
2014.06.13 04:39:29.422,1.1347,1.13488,1.62,1.00
2014.06.13 04:39:30.612,1.13471,1.13489,1.99,1.50
2014.06.13 04:39:30.714,1.13471,1.13489,2.74,1.00
2014.06.13 04:39:30.815,1.13474,1.13489,1.15,1.00
2014.06.13 04:39:31.118,1.13474,1.13488,1.99,1.00
2014.06.13 04:39:31.371,1.13479,1.13494,1.00,1.00
2014.06.13 04:39:32.450,1.13479,1.13494,1.62,1.00
2014.06.13 04:39:38.443,1.13479,1.13494,1.62,1.00
2014.06.13 04:39:39.595,1.13481,1.13499,1.25,1.00
2014.06.13 04:39:39.696,1.13482,1.13499,1.19,1.00
2014.06.13 04:39:42.665,1.13482,1.13499,1.69,1.00
2014.06.13 04:39:44.546,1.13482,1.13493,1.19,1.00
2014.06.13 04:39:45.000,1.13482,1.13498,1.69,1.38
2014.06.13 04:39:45.678,1.13482,1.13498,1.69,1.38
2014.06.13 04:39:46.205,1.13482,1.13493,1.25,1.00
2014.06.13 04:39:52.734,1.13482,1.13493,1.19,1.00
2014.06.13 04:39:54.003,1.13482,1.13494,1.62,1.00
2014.06.13 04:39:55.676,1.13482,1.13499,1.19,1.00
2014.06.13 04:39:56.348,1.13482,1.13499,1.69,1.00
2014.06.13 04:39:56.937,1.13482,1.13499,1.19,1.00
2014.06.13 04:39:58.919,1.13482,1.13499,1.69,1.00
2014.06.13 04:39:59.922,1.13482,1.13499,1.19,1.00
2014.06.13 04:40:00.988,1.13484,1.13499,1.00,1.00
2014.06.13 04:40:04.967,1.13482,1.13499,1.69,1.00
2014.06.13 04:40:05.345,1.13482,1.13499,1.00,2.37
2014.06.13 04:40:05.395,1.1348,1.13499,1.50,3.49
2014.06.13 04:40:05.446,1.1348,1.13493,1.50,1.00
2014.06.13 04:40:05.749,1.13477,1.13494,1.25,1.32
2014.06.13 04:40:06.356,1.13475,1.13489,1.19,1.00
2014.06.13 04:40:06.952,1.13475,1.13489,1.19,1.00
2014.06.13 04:40:07.313,1.13475,1.13494,1.19,2.74
2014.06.13 04:40:10.965,1.13475,1.13493,1.25,1.24
2014.06.13 04:40:13.594,1.13475,1.13494,1.19,2.07
2014.06.13 04:40:14.576,1.13475,1.13494,1.00,2.07
2014.06.13 04:40:16.082,1.13475,1.13493,1.62,1.00
2014.06.13 04:40:17.085,1.13475,1.13493,1.62,1.00
2014.06.13 04:40:21.723,1.13475,1.13488,1.19,1.00
2014.06.13 04:40:24.915,1.13475,1.13488,1.25,1.00
2014.06.13 04:40:25.243,1.13475,1.13494,1.25,2.82
2014.06.13 04:40:27.924,1.13475,1.13494,1.19,2.07
2014.06.13 04:40:32.038,1.13475,1.13494,1.25,2.07
2014.06.13 04:40:34.056,1.13475,1.13494,1.00,2.74
2014.06.13 04:40:34.420,1.13475,1.13489,1.00,1.00
2014.06.13 04:40:34.526,1.13475,1.13492,1.00,1.24
2014.06.13 04:40:35.489,1.13475,1.13492,1.00,1.24
2014.06.13 04:40:36.732,1.13475,1.13488,1.00,1.00
2014.06.13 04:40:36.833,1.13475,1.13493,1.00,3.49
2014.06.13 04:40:37.233,1.13475,1.13488,1.00,1.00
2014.06.13 04:40:41.236,1.13471,1.13488,1.19,1.13
2014.06.13 04:40:52.907,1.13471,1.13488,1.25,1.25
2014.06.13 04:40:54.915,1.13471,1.13488,1.19,1.00
2014.06.13 04:40:55.917,1.13471,1.13488,1.25,1.00
2014.06.13 04:41:01.136,1.13471,1.13488,1.19,1.00
2014.06.13 04:41:05.502,1.13471,1.13489,1.19,1.25
2014.06.13 04:41:06.176,1.13471,1.13489,1.25,1.00
2014.06.13 04:41:06.500,1.13473,1.1349,1.00,1.13
2014.06.13 04:41:06.951,1.13477,1.13494,1.00,2.74
2014.06.13 04:41:16.181,1.13477,1.13493,1.25,1.00
2014.06.13 04:41:18.333,1.13479,1.13493,1.15,1.00
2014.06.13 04:41:18.384,1.13479,1.13498,1.15,1.63
2014.06.13 04:41:18.637,1.13479,1.13498,1.53,1.25
2014.06.13 04:41:18.948,1.13479,1.13494,1.53,1.00
2014.06.13 04:41:19.509,1.13479,1.13498,1.53,1.25
2014.06.13 04:41:19.692,1.13479,1.13493,1.53,1.00
2014.06.13 04:41:19.803,1.13479,1.13498,1.53,1.25
2014.06.13 04:41:20.353,1.13481,1.13494,1.00,1.00
2014.06.13 04:41:21.953,1.13481,1.13494,1.93,1.00
2014.06.13 04:41:22.004,1.13481,1.13498,1.93,1.25
2014.06.13 04:41:22.539,1.13481,1.13499,1.87,1.32
2014.06.13 04:41:25.241,1.13483,1.135,1.15,1.25
2014.06.13 04:41:25.443,1.13483,1.13498,2.37,1.00
2014.06.13 04:41:25.544,1.13484,1.13503,1.24,1.19
2014.06.13 04:41:25.899,1.13484,1.13504,1.24,1.88
2014.06.13 04:41:26.510,1.13484,1.13503,1.24,1.00
2014.06.13 04:41:27.549,1.13484,1.13503,1.99,1.00
2014.06.13 04:41:28.382,1.13484,1.13504,1.99,2.07
2014.06.13 04:41:28.964,1.13484,1.13504,1.24,1.50
2014.06.13 04:41:30.059,1.13485,1.13503,1.24,1.00
2014.06.13 04:41:30.573,1.13486,1.13503,1.62,1.00
2014.06.13 04:41:31.082,1.13486,1.13503,1.62,1.00
2014.06.13 04:41:31.592,1.13486,1.13504,1.19,1.13
2014.06.13 04:41:32.493,1.13487,1.13506,1.25,1.24
2014.06.13 04:41:32.595,1.13486,1.13503,1.25,1.25
2014.06.13 04:41:33.006,1.13486,1.13503,1.00,1.19
2014.06.13 04:41:33.309,1.13486,1.13503,1.25,1.25
2014.06.13 04:41:34.292,1.13486,1.13503,1.19,1.00
2014.06.13 04:41:35.988,1.13486,1.13503,1.00,1.00
2014.06.13 04:41:36.500,1.13485,1.13503,1.25,1.00
2014.06.13 04:41:36.651,1.13485,1.13499,1.25,1.00
2014.06.13 04:41:36.752,1.13483,1.13499,1.25,1.00
2014.06.13 04:41:36.803,1.13483,1.13499,1.25,1.68
2014.06.13 04:41:36.904,1.1348,1.13499,1.19,2.37
2014.06.13 04:41:37.230,1.1348,1.13498,1.19,1.62
2014.06.13 04:41:37.746,1.1348,1.13498,1.00,1.25
2014.06.13 04:41:38.385,1.1348,1.13498,1.00,1.93
2014.06.13 04:41:39.503,1.1348,1.13498,1.00,2.07
2014.06.13 04:41:40.524,1.1348,1.13498,1.00,1.63
2014.06.13 04:41:41.752,1.1348,1.13497,1.25,1.24
2014.06.13 04:41:41.954,1.1348,1.13493,1.00,1.00
2014.06.13 04:41:42.056,1.13477,1.13493,1.19,1.00
2014.06.13 04:41:43.555,1.13477,1.13493,1.25,1.00
2014.06.13 04:41:44.060,1.13477,1.13494,1.25,1.25
2014.06.13 04:41:48.622,1.13477,1.13495,1.00,1.32
2014.06.13 04:41:48.732,1.13477,1.13493,1.00,1.00
2014.06.13 04:41:48.952,1.13477,1.13495,1.00,1.32
2014.06.13 04:41:50.537,1.13477,1.13495,1.19,1.32
2014.06.13 04:41:52.141,1.13477,1.13493,1.19,1.00
2014.06.13 04:41:52.660,1.13477,1.13494,1.25,1.62
2014.06.13 04:41:53.896,1.13477,1.13494,1.00,1.93
2014.06.13 04:41:56.405,1.13477,1.13494,1.00,1.62
2014.06.13 04:41:57.080,1.13477,1.13494,1.19,1.00
2014.06.13 04:41:57.232,1.13477,1.13496,1.19,2.07
2014.06.13 04:41:57.544,1.13477,1.13493,1.19,1.00
2014.06.13 04:41:57.862,1.13477,1.13496,1.19,1.32
2014.06.13 04:41:59.881,1.13481,1.13499,1.00,1.57
2014.06.13 04:42:00.392,1.13481,1.13499,1.69,1.00
2014.06.13 04:42:00.846,1.13482,1.13503,2.37,2.82
2014.06.13 04:42:00.998,1.13485,1.13503,1.00,1.13
2014.06.13 04:42:01.200,1.13488,1.13503,1.00,1.00
2014.06.13 04:42:05.064,1.13485,1.13503,1.19,1.25
2014.06.13 04:42:06.032,1.13485,1.13503,1.25,1.25
2014.06.13 04:42:08.273,1.13485,1.13504,1.25,1.99
2014.06.13 04:42:08.971,1.13485,1.13498,1.25,1.00
2014.06.13 04:42:17.022,1.13482,1.13498,1.19,1.00
2014.06.13 04:42:17.279,1.13482,1.13498,1.25,1.00
2014.06.13 04:42:17.331,1.13482,1.13503,1.25,2.82
2014.06.13 04:42:17.803,1.13482,1.13499,1.25,1.00
2014.06.13 04:42:18.151,1.1348,1.13498,1.00,1.25
2014.06.13 04:42:18.253,1.13477,1.13494,1.00,1.00
2014.06.13 04:42:19.109,1.13477,1.13493,1.00,1.00
2014.06.13 04:42:25.251,1.13477,1.13494,1.00,1.00
2014.06.13 04:42:25.801,1.13477,1.13493,1.00,1.00
2014.06.13 04:42:26.338,1.13477,1.13494,1.00,1.43
2014.06.13 04:42:26.641,1.13476,1.13489,1.25,1.00
2014.06.13 04:42:26.692,1.13474,1.13489,1.00,1.00
2014.06.13 04:42:27.026,1.13474,1.13492,1.00,1.24
2014.06.13 04:42:27.690,1.13474,1.13493,1.25,4.24
2014.06.13 04:42:32.744,1.13474,1.13488,1.25,1.00
2014.06.13 04:42:33.249,1.13472,1.13489,1.19,1.05
2014.06.13 04:42:34.208,1.13472,1.13489,1.25,1.24
2014.06.13 04:42:35.214,1.13471,1.13489,1.32,1.43
2014.06.13 04:42:35.944,1.13471,1.13488,1.32,1.00
2014.06.13 04:42:37.226,1.13471,1.13488,1.32,1.50
2014.06.13 04:42:38.266,1.13471,1.13488,1.32,1.00
2014.06.13 04:42:45.602,1.13471,1.13489,1.32,1.43
2014.06.13 04:42:48.266,1.13471,1.13489,1.32,1.00
2014.06.13 04:42:54.288,1.13471,1.13489,2.07,1.00
2014.06.13 04:42:55.292,1.13471,1.13489,2.07,1.00
2014.06.13 04:42:56.911,1.13471,1.13489,1.19,1.38
2014.06.13 04:42:57.437,1.13471,1.13484,1.25,1.00
2014.06.13 04:42:58.148,1.13471,1.13484,1.19,1.00
2014.06.13 04:43:01.026,1.13471,1.13489,1.69,1.63
2014.06.13 04:43:01.727,1.13471,1.13489,1.69,1.63
2014.06.13 04:43:02.318,1.13471,1.13489,1.69,1.38
2014.06.13 04:43:04.127,1.13471,1.13489,1.69,1.38
2014.06.13 04:43:04.190,1.13471,1.13483,1.19,1.00
2014.06.13 04:43:04.748,1.13472,1.13488,1.19,1.13
2014.06.13 04:43:06.333,1.13472,1.13488,1.25,1.13
2014.06.13 04:43:07.160,1.13471,1.13484,1.19,1.00
2014.06.13 04:43:07.672,1.13471,1.13484,1.25,1.00
2014.06.13 04:43:12.390,1.13471,1.13484,1.69,1.00
2014.06.13 04:43:14.363,1.13471,1.13484,1.19,1.00
2014.06.13 04:43:17.459,1.13471,1.13484,1.00,1.00
2014.06.13 04:43:29.508,1.13471,1.13484,1.69,1.00
2014.06.13 04:43:29.609,1.13471,1.13489,2.44,1.38
2014.06.13 04:43:30.119,1.13471,1.13489,2.82,1.00
2014.06.13 04:43:33.715,1.13471,1.13489,1.57,1.00
2014.06.13 04:43:38.843,1.1347,1.13488,1.92,1.00
2014.06.13 04:43:45.819,1.13469,1.13489,1.99,1.00
2014.06.13 04:43:47.777,1.13469,1.13489,1.99,1.25
2014.06.13 04:43:49.400,1.1347,1.13488,1.19,1.00
2014.06.13 04:43:50.061,1.13469,1.13488,1.99,1.00
2014.06.13 04:43:50.791,1.13469,1.13488,1.24,1.00
2014.06.13 04:43:54.802,1.1347,1.13488,1.19,1.00
2014.06.13 04:43:55.487,1.13471,1.13492,1.19,1.99
2014.06.13 04:43:56.006,1.1347,1.13493,1.19,1.24
2014.06.13 04:43:56.057,1.1347,1.13491,1.19,1.80
2014.06.13 04:43:56.108,1.13468,1.13488,1.19,1.53
2014.06.13 04:43:56.158,1.13468,1.13478,1.19,1.00
2014.06.13 04:43:56.462,1.13468,1.13484,1.32,1.43
2014.06.13 04:43:56.563,1.13469,1.13491,1.99,1.24
2014.06.13 04:43:57.319,1.1347,1.13493,1.24,3.49
2014.06.13 04:43:57.833,1.13471,1.13493,1.57,2.74
2014.06.13 04:43:58.110,1.13471,1.13489,1.57,1.00
2014.06.13 04:43:58.437,1.13472,1.13489,1.57,1.00
2014.06.13 04:43:59.873,1.13472,1.13492,2.07,1.15
2014.06.13 04:44:04.339,1.13472,1.13493,1.57,1.99
2014.06.13 04:44:04.466,1.13473,1.13493,1.57,1.99
2014.06.13 04:44:06.447,1.13473,1.13493,1.57,1.80
2014.06.13 04:44:11.463,1.13475,1.13493,1.19,1.99
2014.06.13 04:44:12.766,1.13475,1.13489,1.19,1.00
2014.06.13 04:44:13.582,1.13475,1.13489,1.00,1.00
2014.06.13 04:44:16.583,1.13475,1.13489,1.19,1.00
2014.06.13 04:44:18.606,1.13475,1.13489,1.00,1.00
2014.06.13 04:44:19.151,1.13475,1.13488,1.00,1.00
2014.06.13 04:44:24.374,1.13473,1.13488,1.19,1.00
2014.06.13 04:44:24.831,1.13473,1.13491,1.00,1.24
2014.06.13 04:44:25.043,1.13473,1.13488,1.00,1.00
2014.06.13 04:44:30.565,1.13473,1.13489,1.25,1.00
2014.06.13 04:44:36.581,1.13473,1.13489,1.19,1.00
2014.06.13 04:44:37.689,1.13473,1.13489,1.25,1.00
2014.06.13 04:44:46.260,1.13475,1.13489,1.00,1.00
2014.06.13 04:44:51.181,1.13475,1.13489,1.19,1.00
2014.06.13 04:44:52.191,1.13475,1.13489,1.25,1.00
2014.06.13 04:44:53.586,1.13473,1.13489,1.25,1.00
2014.06.13 04:44:54.122,1.13473,1.13488,1.25,1.00
2014.06.13 04:45:08.819,1.13473,1.13492,1.00,1.80
2014.06.13 04:45:09.602,1.13473,1.13489,1.00,1.00
2014.06.13 04:45:10.143,1.13473,1.13489,1.19,1.00
2014.06.13 04:45:10.733,1.13473,1.13489,1.25,1.00
2014.06.13 04:45:12.753,1.13473,1.13489,1.19,1.00
2014.06.13 04:45:20.464,1.13473,1.13489,1.25,1.00
2014.06.13 04:45:23.560,1.13473,1.13492,1.25,1.99
2014.06.13 04:45:24.134,1.13473,1.13492,1.19,1.99
2014.06.13 04:45:24.914,1.13473,1.13492,1.25,1.99
2014.06.13 04:45:26.615,1.13473,1.13492,1.25,2.74
2014.06.13 04:45:27.641,1.13473,1.13492,1.25,1.99
2014.06.13 04:45:28.746,1.13473,1.13488,1.25,1.00
2014.06.13 04:45:31.631,1.13473,1.13492,1.00,1.99
2014.06.13 04:45:34.623,1.13473,1.13492,1.19,1.99
2014.06.13 04:45:36.620,1.13473,1.13492,1.25,1.99
2014.06.13 04:45:38.270,1.13473,1.13492,1.25,1.99
2014.06.13 04:45:38.700,1.13473,1.13492,1.00,3.49
2014.06.13 04:45:53.636,1.13469,1.13488,1.19,1.38
2014.06.13 04:45:54.487,1.13469,1.13488,1.19,1.38
2014.06.13 04:45:55.501,1.13469,1.13488,1.19,1.63
2014.06.13 04:45:57.598,1.13469,1.13488,1.19,1.38
2014.06.13 04:45:58.538,1.13471,1.13488,1.15,1.63
2014.06.13 04:45:59.261,1.13471,1.13488,1.15,1.32
2014.06.13 04:45:59.933,1.1347,1.13488,1.87,1.13
2014.06.13 04:46:01.753,1.13471,1.13488,1.15,1.13
2014.06.13 04:46:03.719,1.1347,1.13488,1.87,1.13
2014.06.13 04:46:05.727,1.13471,1.13488,1.15,1.32
2014.06.13 04:46:06.732,1.1347,1.13488,1.87,1.13
2014.06.13 04:46:07.775,1.13471,1.13488,1.62,1.13
2014.06.13 04:46:08.741,1.13469,1.13488,1.99,1.13
2014.06.13 04:46:13.758,1.1347,1.13488,1.87,1.13
2014.06.13 04:46:14.763,1.13471,1.13488,1.15,1.13
2014.06.13 04:46:16.780,1.13471,1.13489,1.62,1.38
2014.06.13 04:46:18.782,1.13472,1.13488,1.24,1.00
2014.06.13 04:46:19.658,1.13472,1.13492,1.24,1.38
2014.06.13 04:46:20.793,1.13472,1.13492,1.24,1.63
2014.06.13 04:46:23.807,1.13472,1.13492,1.24,1.57
2014.06.13 04:46:25.506,1.13472,1.13489,1.24,1.00
2014.06.13 04:46:29.887,1.13472,1.13492,1.24,1.63
2014.06.13 04:46:34.851,1.13472,1.13492,1.24,1.38
2014.06.13 04:46:38.885,1.13474,1.13492,1.57,1.00
2014.06.13 04:46:39.087,1.1348,1.13498,1.13,1.69
2014.06.13 04:46:39.702,1.1348,1.13498,1.32,1.50
2014.06.13 04:46:40.399,1.1348,1.13498,1.00,1.13
2014.06.13 04:46:41.328,1.1348,1.13494,1.00,1.00
2014.06.13 04:46:42.647,1.1348,1.13498,1.25,1.88
2014.06.13 04:46:43.385,1.1348,1.13498,1.25,2.07
2014.06.13 04:46:45.416,1.1348,1.13498,1.25,1.88
2014.06.13 04:46:46.533,1.1348,1.13498,1.25,1.88
2014.06.13 04:46:51.051,1.1348,1.13498,1.25,2.37
2014.06.13 04:46:52.397,1.1348,1.13498,1.19,2.37
2014.06.13 04:46:56.409,1.1348,1.13498,1.00,2.18
2014.06.13 04:46:58.149,1.13481,1.13498,1.00,1.25
2014.06.13 04:46:58.849,1.13481,1.13498,1.19,1.00
2014.06.13 04:46:59.420,1.13481,1.13498,1.00,1.00
2014.06.13 04:47:04.439,1.13481,1.13498,1.19,1.00
2014.06.13 04:47:05.243,1.13481,1.13499,1.32,1.69
2014.06.13 04:47:05.783,1.13481,1.13499,1.32,1.93
2014.06.13 04:47:06.286,1.13481,1.13499,1.13,1.68
2014.06.13 04:47:10.075,1.13481,1.13499,1.32,1.93
2014.06.13 04:47:11.087,1.13481,1.13498,1.25,1.43
2014.06.13 04:47:15.897,1.13481,1.13499,1.32,1.68
2014.06.13 04:47:16.867,1.13481,1.13493,1.32,1.00
2014.06.13 04:47:17.666,1.13479,1.13493,1.57,1.00
2014.06.13 04:47:22.151,1.13479,1.13493,1.32,1.00
2014.06.13 04:47:22.931,1.13479,1.13493,1.32,1.00
2014.06.13 04:47:27.966,1.13479,1.13493,1.32,1.00
2014.06.13 04:47:30.032,1.13477,1.13493,1.19,1.00
2014.06.13 04:47:31.977,1.13477,1.13493,1.69,1.00
2014.06.13 04:47:34.187,1.13477,1.13493,1.57,1.88
2014.06.13 04:47:34.289,1.13475,1.13493,1.00,1.93
2014.06.13 04:47:34.693,1.13474,1.13493,1.32,1.93
2014.06.13 04:47:34.996,1.13474,1.13488,1.32,1.00
2014.06.13 04:47:35.248,1.13474,1.13492,1.25,1.80
2014.06.13 04:47:35.336,1.13474,1.13488,1.25,1.00
2014.06.13 04:47:35.446,1.13474,1.13492,1.25,1.80
2014.06.13 04:47:35.556,1.13474,1.13488,1.25,1.00
2014.06.13 04:47:35.913,1.13474,1.13492,1.38,1.93
2014.06.13 04:47:36.014,1.13474,1.13489,1.38,1.00
2014.06.13 04:47:36.251,1.13474,1.13492,1.38,1.93
2014.06.13 04:47:36.681,1.13474,1.13492,1.63,1.87
2014.06.13 04:47:36.833,1.13474,1.13493,2.07,2.18
2014.06.13 04:47:37.339,1.13476,1.13494,1.57,1.00
2014.06.13 04:47:37.440,1.13477,1.13496,1.32,1.15
2014.06.13 04:47:37.799,1.13476,1.13494,1.13,1.62
2014.06.13 04:47:38.102,1.13474,1.13493,1.57,1.68
2014.06.13 04:47:38.718,1.13473,1.13492,1.19,1.68
2014.06.13 04:47:39.072,1.13472,1.13492,2.07,1.43
2014.06.13 04:47:39.631,1.13472,1.13492,2.07,1.68
2014.06.13 04:47:40.136,1.13474,1.13492,1.57,1.00
2014.06.13 04:47:40.237,1.13474,1.13494,1.57,2.82
2014.06.13 04:47:41.294,1.13477,1.13494,1.25,1.93
2014.06.13 04:47:41.821,1.13477,1.13494,1.00,1.43
2014.06.13 04:47:42.717,1.13474,1.13493,1.32,1.00
2014.06.13 04:47:43.412,1.13473,1.13493,2.82,1.19
2014.06.13 04:47:48.430,1.13473,1.13492,1.69,1.24
2014.06.13 04:47:48.732,1.13471,1.13488,1.25,1.43
2014.06.13 04:47:58.072,1.13471,1.13488,1.00,2.37
2014.06.13 04:47:58.224,1.13468,1.13486,1.99,1.15
2014.06.13 04:48:00.104,1.13468,1.13486,1.25,1.05
2014.06.13 04:48:01.084,1.13468,1.13486,1.19,1.24
2014.06.13 04:48:01.946,1.13468,1.13486,1.19,1.24
2014.06.13 04:48:02.187,1.13466,1.13486,1.19,3.12
2014.06.13 04:48:06.166,1.13466,1.13486,1.19,2.44
2014.06.13 04:48:10.021,1.13466,1.13486,1.69,1.69
2014.06.13 04:48:13.548,1.13466,1.13483,1.32,1.00
2014.06.13 04:48:14.040,1.13465,1.13483,1.69,1.25
2014.06.13 04:48:16.051,1.13465,1.13483,1.69,1.19
2014.06.13 04:48:17.924,1.13465,1.13483,1.63,1.19
2014.06.13 04:48:18.398,1.13465,1.13484,1.19,1.00
2014.06.13 04:48:19.933,1.13466,1.13486,1.25,1.19
2014.06.13 04:48:20.378,1.13466,1.13485,1.32,1.19
2014.06.13 04:48:20.479,1.13466,1.13486,1.32,1.00
2014.06.13 04:48:20.681,1.13469,1.13488,1.24,1.50
2014.06.13 04:48:21.236,1.13469,1.13489,1.19,1.25
2014.06.13 04:48:21.539,1.13472,1.1349,1.00,2.44
2014.06.13 04:48:22.309,1.13472,1.13488,1.00,1.19
2014.06.13 04:48:22.360,1.13469,1.13488,1.00,1.19
2014.06.13 04:48:22.411,1.13469,1.13489,1.19,2.37
2014.06.13 04:48:23.413,1.13469,1.13489,1.25,2.37
2014.06.13 04:48:25.398,1.13469,1.13488,1.19,1.19
2014.06.13 04:48:26.399,1.13469,1.13488,1.62,1.25
2014.06.13 04:48:28.470,1.13472,1.13488,1.00,1.25
2014.06.13 04:48:28.521,1.13472,1.1349,1.25,1.00
2014.06.13 04:48:29.005,1.13475,1.13493,1.00,1.19
2014.06.13 04:48:29.626,1.13475,1.13494,1.32,1.69
2014.06.13 04:48:29.829,1.13477,1.13494,1.38,1.19
2014.06.13 04:48:30.336,1.13477,1.13494,1.32,1.00
2014.06.13 04:48:30.469,1.13477,1.13498,1.32,2.74
2014.06.13 04:48:30.957,1.13477,1.13498,2.07,1.99
2014.06.13 04:48:33.553,1.13477,1.13497,1.32,1.15
2014.06.13 04:48:33.856,1.1348,1.13497,1.19,1.05
2014.06.13 04:48:34.387,1.1348,1.13499,1.00,2.37
2014.06.13 04:48:37.777,1.1348,1.13496,1.00,1.05
2014.06.13 04:48:38.107,1.1348,1.13498,1.00,2.74
2014.06.13 04:48:40.904,1.1348,1.13498,1.00,2.07
2014.06.13 04:48:41.005,1.13477,1.13496,1.19,1.05
2014.06.13 04:48:41.056,1.13477,1.13496,1.19,1.43
2014.06.13 04:48:41.208,1.13476,1.13493,1.25,1.53
2014.06.13 04:48:42.194,1.13474,1.13493,1.19,2.07
2014.06.13 04:48:45.085,1.13474,1.13493,1.00,2.07
2014.06.13 04:48:46.119,1.13474,1.13492,1.19,1.24
2014.06.13 04:48:46.654,1.13474,1.13492,1.19,1.93
2014.06.13 04:48:47.343,1.13474,1.13493,1.25,1.93
2014.06.13 04:48:48.621,1.13474,1.13493,1.32,1.00
2014.06.13 04:48:48.925,1.13476,1.13494,2.44,1.50
2014.06.13 04:48:50.310,1.13476,1.13494,1.69,1.00
2014.06.13 04:48:55.341,1.13476,1.13494,2.44,1.00
2014.06.13 04:48:56.331,1.13476,1.13494,1.69,1.00
2014.06.13 04:48:57.330,1.13477,1.13494,1.19,1.00
2014.06.13 04:48:58.371,1.13476,1.13494,2.44,1.00
2014.06.13 04:48:59.965,1.13476,1.13497,3.19,1.63
2014.06.13 04:49:00.880,1.13477,1.13497,1.19,1.63
2014.06.13 04:49:01.455,1.13477,1.13497,1.99,1.25
2014.06.13 04:49:02.188,1.13478,1.13497,1.62,1.00
2014.06.13 04:49:03.364,1.13478,1.13497,1.19,1.00
2014.06.13 04:49:15.398,1.13479,1.13497,2.44,1.05
2014.06.13 04:49:18.506,1.13479,1.13497,1.69,1.05
2014.06.13 04:49:19.551,1.13479,1.13497,2.44,1.05
2014.06.13 04:49:20.817,1.13479,1.13497,1.69,1.05
2014.06.13 04:49:21.867,1.13479,1.13497,1.69,1.05
2014.06.13 04:49:25.037,1.13479,1.13498,1.69,1.24
2014.06.13 04:49:25.088,1.13479,1.13493,1.69,1.00
2014.06.13 04:49:25.832,1.13479,1.13497,1.69,1.24
2014.06.13 04:49:27.583,1.13482,1.13497,1.00,1.53
2014.06.13 04:49:28.090,1.13482,1.13497,1.00,1.53
2014.06.13 04:49:33.295,1.13482,1.13498,1.00,1.99
2014.06.13 04:49:46.649,1.13482,1.13498,1.00,1.99
2014.06.13 04:49:47.158,1.13483,1.13498,1.00,1.99
2014.06.13 04:49:47.309,1.13483,1.13498,1.00,1.62
2014.06.13 04:49:47.562,1.13485,1.13498,1.00,1.25
2014.06.13 04:50:30.629,1.13485,1.13499,1.00,1.00
2014.06.13 04:50:30.919,1.13482,1.13497,1.00,1.15
2014.06.13 04:50:30.970,1.13482,1.13494,1.00,1.00
2014.06.13 04:50:33.067,1.13482,1.13493,1.00,1.00
2014.06.13 04:50:46.767,1.13482,1.13493,1.00,1.38
2014.06.13 04:50:51.132,1.13482,1.13493,1.00,1.13
2014.06.13 04:50:51.458,1.13485,1.13493,1.00,1.13
2014.06.13 04:50:54.819,1.13481,1.13494,1.00,1.38
2014.06.13 04:50:54.869,1.13481,1.13494,1.00,1.38
2014.06.13 04:51:16.703,1.13481,1.13494,1.00,1.63
2014.06.13 04:51:34.860,1.1348,1.13493,1.00,1.38
2014.06.13 04:51:46.766,1.1348,1.13497,1.00,1.99
2014.06.13 04:51:48.263,1.1348,1.13493,1.00,1.00
2014.06.13 04:52:13.651,1.1348,1.13493,1.00,1.38
2014.06.13 04:52:34.860,1.13475,1.13494,1.19,1.57
2014.06.13 04:52:44.532,1.13475,1.13494,1.19,1.63
2014.06.13 04:52:45.827,1.13475,1.13494,2.07,1.00
2014.06.13 04:52:46.831,1.13475,1.13494,1.32,1.25
2014.06.13 04:52:48.838,1.13475,1.13494,1.32,1.25
2014.06.13 04:52:54.923,1.13475,1.13494,1.25,1.63
2014.06.13 04:52:57.942,1.13475,1.13493,1.63,1.00
2014.06.13 04:52:59.575,1.13475,1.13493,1.57,1.00
2014.06.13 04:53:03.591,1.13475,1.13493,1.57,1.00
2014.06.13 04:53:03.843,1.13478,1.13494,1.00,1.99
2014.06.13 04:53:03.944,1.13474,1.1349,1.00,1.24
2014.06.13 04:53:03.995,1.13474,1.13488,1.00,1.99
2014.06.13 04:53:04.304,1.13474,1.13488,1.00,1.24
2014.06.13 04:53:04.405,1.13471,1.13484,1.00,1.00
2014.06.13 04:53:21.986,1.13473,1.13488,1.00,1.24
2014.06.13 04:53:22.566,1.13473,1.13484,1.00,1.00
2014.06.13 04:53:32.909,1.13471,1.13484,1.00,1.00
2014.06.13 04:53:33.562,1.13468,1.13484,1.00,1.43
2014.06.13 04:53:33.764,1.13468,1.13479,1.00,1.00
2014.06.13 04:53:34.311,1.13468,1.13483,1.00,1.32
2014.06.13 04:53:34.664,1.13468,1.13484,1.00,1.63
2014.06.13 04:53:42.890,1.13468,1.13484,1.00,1.00
2014.06.13 04:53:46.938,1.13468,1.13484,1.00,1.63
2014.06.13 04:54:17.763,1.13468,1.13484,1.00,2.74
2014.06.13 04:54:18.765,1.13468,1.13484,1.00,1.99
2014.06.13 04:54:33.535,1.13463,1.13484,1.19,1.99
2014.06.13 04:54:34.059,1.13463,1.13484,1.19,1.99
2014.06.13 04:54:34.834,1.13462,1.13484,2.74,1.80
2014.06.13 04:54:37.819,1.13462,1.13484,2.74,1.80
2014.06.13 04:54:45.866,1.13465,1.13484,1.25,2.74
2014.06.13 04:54:46.962,1.13465,1.13483,1.25,1.24
2014.06.13 04:55:11.148,1.13465,1.13482,1.25,1.15
2014.06.13 04:55:11.463,1.13466,1.13483,1.19,1.05
2014.06.13 04:55:13.057,1.13466,1.13484,1.25,1.88
2014.06.13 04:55:14.042,1.13466,1.13484,1.19,2.07
2014.06.13 04:55:21.167,1.13467,1.13484,1.19,1.38
2014.06.13 04:55:23.173,1.13467,1.13484,1.25,1.38
2014.06.13 04:55:27.314,1.13467,1.13484,1.69,1.38
2014.06.13 04:55:27.517,1.13472,1.13486,1.00,1.43
2014.06.13 04:55:27.618,1.1347,1.13483,1.25,1.00
2014.06.13 04:55:27.719,1.1347,1.13486,1.25,1.05
2014.06.13 04:55:28.266,1.1347,1.13486,1.25,1.05
2014.06.13 04:55:31.843,1.1347,1.13488,1.19,1.24
2014.06.13 04:55:34.090,1.13472,1.13488,1.00,1.24
2014.06.13 04:55:43.042,1.13472,1.13488,1.00,1.05
2014.06.13 04:55:43.147,1.1347,1.13488,1.25,1.80
2014.06.13 04:55:44.323,1.13472,1.13488,1.00,1.24
2014.06.13 04:55:44.373,1.13472,1.13487,1.00,1.15
2014.06.13 04:55:49.531,1.13472,1.13488,1.00,1.05
2014.06.13 04:55:49.632,1.1347,1.13488,1.25,1.05
2014.06.13 04:55:50.174,1.1347,1.13488,1.19,1.99
2014.06.13 04:55:53.185,1.1347,1.13488,1.00,1.99
2014.06.13 04:56:00.218,1.1347,1.13486,1.00,1.05
2014.06.13 04:56:00.420,1.13466,1.13484,1.69,1.00
2014.06.13 04:56:00.622,1.13472,1.13484,1.00,1.43
2014.06.13 04:56:04.269,1.13467,1.13485,1.19,1.24
2014.06.13 04:56:04.939,1.13467,1.13485,1.19,1.24
2014.06.13 04:56:05.629,1.13466,1.13485,2.44,1.05
2014.06.13 04:56:06.176,1.13466,1.13484,1.69,1.00
2014.06.13 04:56:06.737,1.13471,1.13484,1.00,1.00
2014.06.13 04:56:07.530,1.13471,1.13485,1.00,1.05
2014.06.13 04:56:15.449,1.13471,1.13484,1.00,1.00
2014.06.13 04:56:20.729,1.13471,1.13486,1.25,1.05
2014.06.13 04:56:27.157,1.13471,1.13483,1.00,1.00
2014.06.13 04:56:28.672,1.13471,1.13486,1.00,1.05
2014.06.13 04:56:32.879,1.13471,1.13486,1.00,1.05
2014.06.13 04:56:37.830,1.1347,1.13485,1.25,1.05
2014.06.13 04:56:43.877,1.1347,1.13483,1.00,1.00
2014.06.13 04:56:44.601,1.1347,1.13487,1.00,1.05
2014.06.13 04:56:51.139,1.1347,1.13487,1.25,1.24
2014.06.13 04:56:59.650,1.13467,1.13486,1.69,1.80
2014.06.13 04:56:59.701,1.13467,1.13486,1.19,1.99
2014.06.13 04:57:00.054,1.13464,1.13483,2.07,1.62
2014.06.13 04:57:01.246,1.13464,1.13483,2.07,1.43
2014.06.13 04:57:02.588,1.13466,1.13482,1.19,1.05
2014.06.13 04:57:02.841,1.13462,1.13481,1.19,1.99
2014.06.13 04:57:02.942,1.13462,1.1348,1.19,1.43
2014.06.13 04:57:02.997,1.13461,1.13478,2.07,1.00
2014.06.13 04:57:03.098,1.13461,1.13481,3.57,1.24
2014.06.13 04:57:03.789,1.13464,1.13483,1.25,3.49
2014.06.13 04:57:04.339,1.13464,1.13481,1.00,1.24
2014.06.13 04:57:05.818,1.13462,1.13481,1.19,1.24
2014.06.13 04:57:06.159,1.13462,1.13481,1.19,2.37
2014.06.13 04:57:06.681,1.13461,1.13478,1.19,1.80
2014.06.13 04:57:08.091,1.13461,1.13478,1.19,1.68
2014.06.13 04:57:08.293,1.13464,1.13484,1.25,2.37
2014.06.13 04:57:08.344,1.13464,1.13483,1.25,1.93
2014.06.13 04:57:08.506,1.13464,1.13483,1.25,1.93
2014.06.13 04:57:08.658,1.13464,1.13483,1.25,1.99
2014.06.13 04:57:08.861,1.13464,1.13483,1.25,1.93
2014.06.13 04:57:09.218,1.13464,1.13483,1.25,1.93
2014.06.13 04:57:09.420,1.13464,1.13483,1.25,2.37
2014.06.13 04:57:10.609,1.13464,1.13482,1.00,1.53
2014.06.13 04:57:10.802,1.13464,1.13481,1.00,1.05
2014.06.13 04:57:11.320,1.13464,1.13483,1.57,1.87
2014.06.13 04:57:12.270,1.13464,1.13484,1.25,3.12
2014.06.13 04:57:13.628,1.13464,1.13483,1.63,1.93
2014.06.13 04:57:13.678,1.13464,1.13484,2.07,2.55
2014.06.13 04:57:13.880,1.13466,1.13484,2.07,1.00
2014.06.13 04:57:14.183,1.13466,1.13486,2.07,1.15
2014.06.13 04:57:14.428,1.13466,1.13487,2.07,1.99
2014.06.13 04:57:14.731,1.13466,1.13485,2.07,1.24
2014.06.13 04:57:15.048,1.13466,1.13483,1.32,1.93
2014.06.13 04:57:18.368,1.13467,1.13483,1.00,1.87
2014.06.13 04:57:19.288,1.13467,1.13483,1.00,1.43
2014.06.13 04:57:19.800,1.13467,1.13485,1.88,1.93
2014.06.13 04:57:20.701,1.13467,1.13486,2.07,1.93
2014.06.13 04:57:21.404,1.13467,1.13486,2.07,1.62
2014.06.13 04:57:21.888,1.13472,1.13486,1.00,1.15
2014.06.13 04:57:22.141,1.13472,1.13488,1.25,1.43
2014.06.13 04:57:22.695,1.13472,1.13489,1.63,1.93
2014.06.13 04:57:26.184,1.13472,1.13489,1.25,1.68
2014.06.13 04:57:29.421,1.13471,1.13489,2.07,1.00
2014.06.13 04:57:29.573,1.13472,1.13491,1.19,1.43
2014.06.13 04:57:29.624,1.13472,1.13491,1.19,1.68
2014.06.13 04:57:31.480,1.13472,1.13491,1.25,1.68
2014.06.13 04:57:35.344,1.13472,1.13491,1.19,1.93
2014.06.13 04:57:36.647,1.13472,1.13491,1.25,1.93
2014.06.13 04:57:45.808,1.13471,1.13491,2.07,1.87
2014.06.13 04:57:46.712,1.13472,1.13491,1.00,1.68
2014.06.13 04:57:49.505,1.13471,1.13488,1.32,1.62
2014.06.13 04:57:49.556,1.13471,1.13488,1.32,1.93
2014.06.13 04:57:50.250,1.13469,1.13487,2.07,1.68
2014.06.13 04:57:50.559,1.13469,1.13487,1.32,1.93
2014.06.13 04:57:50.998,1.13466,1.13486,2.07,1.24
2014.06.13 04:57:51.326,1.13466,1.13484,2.07,1.43
2014.06.13 04:58:12.805,1.13466,1.13484,2.07,1.43
2014.06.13 04:58:13.400,1.13466,1.13483,1.57,1.43
2014.06.13 04:58:14.864,1.13466,1.13483,2.07,1.43
2014.06.13 04:58:17.872,1.13466,1.13483,1.69,1.43
2014.06.13 04:58:20.897,1.13466,1.13484,1.25,2.18
2014.06.13 04:58:21.880,1.13468,1.13483,1.00,1.68
2014.06.13 04:58:21.982,1.13468,1.13483,1.25,1.43
2014.06.13 04:58:27.060,1.13468,1.13484,1.00,1.68
2014.06.13 04:58:27.596,1.13468,1.13484,1.00,1.68
2014.06.13 04:58:50.973,1.13468,1.13484,1.19,1.68
2014.06.13 04:58:52.015,1.13468,1.13484,1.25,1.68
2014.06.13 04:58:52.997,1.13468,1.13484,1.19,1.68
2014.06.13 04:58:53.983,1.13468,1.13484,1.00,1.68
2014.06.13 04:58:59.637,1.13468,1.13483,1.19,1.00
2014.06.13 04:59:00.261,1.13468,1.13485,1.19,1.68
2014.06.13 04:59:00.821,1.13468,1.13488,1.32,1.93
2014.06.13 04:59:01.332,1.13468,1.13488,2.07,1.87
2014.06.13 04:59:03.007,1.13468,1.13488,1.32,2.37
2014.06.13 04:59:06.016,1.13468,1.13488,2.07,2.37
2014.06.13 04:59:08.032,1.13468,1.13488,1.32,1.93
2014.06.13 04:59:08.638,1.13468,1.13488,1.32,1.93
2014.06.13 04:59:08.739,1.13471,1.13489,1.00,2.74
2014.06.13 04:59:09.250,1.13472,1.13489,1.25,1.15
2014.06.13 04:59:10.341,1.13472,1.1349,1.19,1.93
2014.06.13 04:59:10.874,1.13471,1.13489,1.19,1.68
2014.06.13 04:59:11.420,1.13471,1.13489,1.19,1.80
2014.06.13 04:59:11.892,1.13471,1.13489,1.25,1.80
2014.06.13 04:59:12.237,1.13471,1.13489,1.25,1.80
2014.06.13 04:59:12.540,1.13471,1.13483,1.25,1.00
2014.06.13 04:59:28.176,1.13471,1.13488,1.00,1.93
2014.06.13 04:59:28.683,1.13471,1.13489,1.00,1.87
2014.06.13 04:59:32.500,1.13471,1.13489,1.25,1.43
2014.06.13 04:59:32.704,1.13473,1.13488,1.00,1.00
2014.06.13 04:59:39.169,1.13473,1.13488,1.19,1.43
2014.06.13 04:59:40.054,1.13473,1.13488,1.00,1.43
2014.06.13 04:59:44.046,1.13473,1.13489,1.00,1.43
2014.06.13 04:59:44.588,1.13473,1.13488,1.13,1.00
2014.06.13 04:59:46.462,1.13473,1.13489,1.25,1.43
2014.06.13 04:59:52.367,1.13473,1.13488,1.25,1.00
2014.06.13 04:59:52.939,1.13473,1.13489,1.69,1.00
2014.06.13 04:59:53.504,1.13476,1.13488,1.00,1.00
2014.06.13 04:59:54.367,1.13477,1.13488,1.00,1.00
2014.06.13 04:59:54.823,1.13477,1.13493,1.00,1.43
2014.06.13 04:59:55.025,1.13477,1.13488,1.00,1.00
2014.06.13 04:59:56.458,1.13477,1.13489,1.00,1.43
2014.06.13 04:59:57.447,1.13477,1.13488,1.00,1.00
