2016.10.23 23:00:00.326,1.04569,1.04584,1.00,1.54
2016.10.23 23:00:00.432,1.04571,1.04587,1.00,1.31
2016.10.23 23:00:00.612,1.04571,1.04587,1.00,1.12
2016.10.23 23:00:01.412,1.04572,1.04587,1.00,1.12
2016.10.23 23:00:02.290,1.04569,1.04587,1.19,1.12
2016.10.23 23:00:02.342,1.04572,1.04587,1.00,1.12
2016.10.23 23:00:03.073,1.04568,1.04587,1.19,1.12
2016.10.23 23:00:03.330,1.04568,1.04587,1.25,1.12
2016.10.23 23:00:03.432,1.04568,1.04587,1.19,1.12
2016.10.23 23:00:03.790,1.04568,1.04587,1.69,1.12
2016.10.23 23:00:04.199,1.0457,1.04587,1.25,1.12
2016.10.23 23:00:05.336,1.04572,1.0459,1.12,1.31
2016.10.23 23:00:08.588,1.04572,1.0459,1.12,1.99
2016.10.23 23:00:08.639,1.0457,1.04587,1.25,1.12
2016.10.23 23:00:11.080,1.04571,1.04587,1.00,1.12
2016.10.23 23:00:12.410,1.04569,1.04587,1.19,1.12
2016.10.23 23:00:13.342,1.04572,1.04587,1.00,1.12
2016.10.23 23:00:14.384,1.0457,1.04587,1.25,1.12
2016.10.23 23:00:18.212,1.04568,1.04587,1.69,1.12
2016.10.23 23:00:18.263,1.04568,1.04587,1.19,1.12
2016.10.23 23:00:18.314,1.04571,1.04587,1.00,1.12
2016.10.23 23:00:20.005,1.04571,1.04587,1.00,1.31
2016.10.23 23:00:20.108,1.04569,1.04587,1.00,1.31
2016.10.23 23:00:20.941,1.04569,1.04587,1.00,1.31
2016.10.23 23:00:20.992,1.04569,1.04585,1.00,1.00
2016.10.23 23:00:21.618,1.04567,1.04586,2.06,1.25
2016.10.23 23:00:22.211,1.04567,1.04585,1.12,1.19
2016.10.23 23:00:22.262,1.04566,1.04583,1.00,1.31
2016.10.23 23:00:22.314,1.04568,1.04583,1.00,2.06
2016.10.23 23:00:22.416,1.04564,1.04583,1.25,1.31
2016.10.23 23:00:24.182,1.04565,1.04583,1.00,1.31
2016.10.23 23:00:25.033,1.04566,1.04582,1.00,1.00
2016.10.23 23:00:27.633,1.04565,1.04583,1.00,2.06
2016.10.23 23:00:28.394,1.04567,1.04582,1.00,1.00
2016.10.23 23:00:29.029,1.04567,1.04583,1.00,1.31
2016.10.23 23:00:29.639,1.04566,1.04583,1.00,1.31
2016.10.23 23:00:31.115,1.04569,1.04583,1.00,1.31
2016.10.23 23:00:31.856,1.04569,1.04583,1.00,1.12
2016.10.23 23:00:32.396,1.04568,1.04583,1.00,1.12
2016.10.23 23:00:34.703,1.04567,1.04583,1.00,1.12
2016.10.23 23:00:35.272,1.04568,1.04583,1.00,1.12
2016.10.23 23:00:37.225,1.04567,1.04583,1.00,1.12
2016.10.23 23:00:37.996,1.04568,1.04583,1.00,1.12
2016.10.23 23:00:39.094,1.04572,1.04586,1.00,1.12
2016.10.23 23:00:39.830,1.04569,1.04586,1.00,1.12
2016.10.23 23:00:42.553,1.04571,1.04586,1.00,1.87
2016.10.23 23:00:45.254,1.04576,1.04586,1.00,1.12
2016.10.23 23:00:45.357,1.04574,1.0459,1.00,1.87
2016.10.23 23:00:46.517,1.04573,1.0459,1.25,1.87
2016.10.23 23:00:47.247,1.04573,1.0459,1.25,1.12
2016.10.23 23:00:48.167,1.04573,1.0459,1.00,1.12
2016.10.23 23:00:53.766,1.04575,1.0459,1.00,1.12
2016.10.23 23:01:00.458,1.0458,1.0459,1.00,1.12
2016.10.23 23:01:00.575,1.04578,1.0459,1.00,1.12
2016.10.23 23:01:01.872,1.04575,1.0459,1.00,1.87
2016.10.23 23:01:09.313,1.04578,1.0459,1.00,1.12
2016.10.23 23:01:09.467,1.0458,1.0459,1.00,1.12
2016.10.23 23:01:10.284,1.0458,1.04594,1.00,1.12
2016.10.23 23:01:10.418,1.04578,1.04595,1.00,3.00
2016.10.23 23:01:10.656,1.04578,1.04595,1.00,3.19
2016.10.23 23:01:10.707,1.04578,1.04595,1.00,3.19
2016.10.23 23:01:10.809,1.04581,1.04595,1.00,3.00
2016.10.23 23:01:10.860,1.04581,1.04595,1.00,2.25
2016.10.23 23:01:12.488,1.04581,1.04595,1.00,1.50
2016.10.23 23:01:12.701,1.0458,1.04595,1.00,2.25
2016.10.23 23:01:14.149,1.04579,1.04595,1.00,1.50
2016.10.23 23:01:15.121,1.0458,1.04595,1.00,1.50
2016.10.23 23:01:16.090,1.04581,1.04595,1.00,1.50
2016.10.23 23:01:18.387,1.04581,1.04595,1.00,1.12
2016.10.23 23:01:30.227,1.04581,1.04597,1.00,1.12
2016.10.23 23:01:32.216,1.04582,1.04597,1.00,1.12
2016.10.23 23:01:33.796,1.04583,1.04597,1.00,1.12
2016.10.23 23:01:34.304,1.04584,1.04597,1.00,1.12
2016.10.23 23:01:34.627,1.04585,1.046,1.25,1.50
2016.10.23 23:01:34.678,1.04585,1.046,1.25,1.00
2016.10.23 23:01:34.729,1.04586,1.04601,1.00,1.12
2016.10.23 23:01:34.831,1.04587,1.046,1.00,1.00
2016.10.23 23:01:36.939,1.04585,1.04601,1.25,1.12
2016.10.23 23:01:37.249,1.04586,1.046,1.00,1.00
2016.10.23 23:01:37.756,1.04585,1.04601,1.25,1.87
2016.10.23 23:01:40.026,1.04587,1.04601,1.00,1.87
2016.10.23 23:01:46.856,1.04587,1.046,1.00,1.00
2016.10.23 23:01:47.204,1.04587,1.046,1.25,1.00
2016.10.23 23:01:47.256,1.04587,1.04601,1.25,1.87
2016.10.23 23:01:50.302,1.04587,1.04601,1.00,1.87
2016.10.23 23:01:50.354,1.04586,1.04603,2.06,1.00
2016.10.23 23:01:50.456,1.04586,1.04604,1.87,1.87
2016.10.23 23:01:50.524,1.04586,1.04603,1.87,1.50
2016.10.23 23:01:50.575,1.04585,1.046,1.00,1.12
2016.10.23 23:01:50.678,1.04587,1.046,1.25,1.12
2016.10.23 23:01:50.730,1.04587,1.046,1.00,1.12
2016.10.23 23:01:51.620,1.04586,1.046,1.00,1.12
2016.10.23 23:01:51.994,1.04587,1.046,1.25,1.12
2016.10.23 23:01:53.277,1.04588,1.046,1.00,1.12
2016.10.23 23:01:57.049,1.04589,1.046,1.00,1.12
2016.10.23 23:01:59.292,1.0459,1.046,1.00,1.12
2016.10.23 23:02:00.173,1.04588,1.046,1.00,1.12
2016.10.23 23:02:01.169,1.04588,1.04604,1.00,1.00
2016.10.23 23:02:01.220,1.04588,1.04605,1.00,1.87
2016.10.23 23:02:01.928,1.04585,1.04602,1.12,1.00
2016.10.23 23:02:02.606,1.04585,1.04601,1.12,1.00
2016.10.23 23:02:02.720,1.04586,1.04601,1.00,1.00
2016.10.23 23:02:02.823,1.04586,1.04603,1.00,1.00
2016.10.23 23:02:03.400,1.04587,1.04603,1.00,1.00
2016.10.23 23:02:03.927,1.04586,1.04605,1.00,1.12
2016.10.23 23:02:05.232,1.04586,1.04603,1.00,1.00
2016.10.23 23:02:05.283,1.04586,1.04605,1.00,1.12
2016.10.23 23:02:05.335,1.04587,1.04603,1.00,1.00
2016.10.23 23:02:05.438,1.04585,1.04603,1.12,1.00
2016.10.23 23:02:05.734,1.04588,1.04603,1.00,1.00
2016.10.23 23:02:07.336,1.04587,1.04603,1.00,1.00
2016.10.23 23:02:07.872,1.04588,1.04603,1.00,1.00
2016.10.23 23:02:08.583,1.04588,1.04602,1.00,1.00
2016.10.23 23:02:09.209,1.04589,1.04603,1.00,1.00
2016.10.23 23:02:12.920,1.04585,1.046,1.00,1.87
2016.10.23 23:02:13.125,1.04586,1.046,1.00,1.12
2016.10.23 23:02:17.420,1.04586,1.046,1.00,1.87
2016.10.23 23:02:27.912,1.04585,1.046,1.00,1.87
2016.10.23 23:02:28.738,1.04582,1.046,1.87,1.87
2016.10.23 23:02:28.840,1.04582,1.04598,1.12,1.00
2016.10.23 23:02:28.943,1.04582,1.04598,1.12,1.25
2016.10.23 23:02:28.994,1.04582,1.04598,1.12,1.00
2016.10.23 23:02:29.045,1.04584,1.04599,1.00,1.25
2016.10.23 23:02:29.876,1.04586,1.04599,1.00,1.69
2016.10.23 23:02:29.978,1.04584,1.04599,1.00,1.25
2016.10.23 23:02:30.131,1.04585,1.046,1.00,1.31
2016.10.23 23:02:30.922,1.04584,1.046,1.00,1.31
2016.10.23 23:02:31.583,1.04585,1.046,1.00,1.31
2016.10.23 23:02:32.116,1.04584,1.046,1.00,1.31
2016.10.23 23:02:33.090,1.04585,1.046,1.00,1.31
2016.10.23 23:02:37.069,1.04588,1.04603,1.00,1.25
2016.10.23 23:02:37.159,1.04586,1.04604,1.87,1.31
2016.10.23 23:02:42.295,1.04586,1.04604,1.87,2.06
2016.10.23 23:02:43.219,1.04586,1.04604,1.87,1.31
2016.10.23 23:02:43.373,1.04586,1.04604,1.87,2.06
2016.10.23 23:02:44.663,1.04586,1.04603,1.00,1.19
2016.10.23 23:02:44.714,1.04585,1.04604,1.12,1.31
2016.10.23 23:02:44.766,1.04586,1.04604,1.12,2.06
2016.10.23 23:02:45.022,1.04586,1.04602,1.12,1.19
2016.10.23 23:02:45.766,1.04586,1.04603,1.12,1.19
2016.10.23 23:02:47.036,1.04586,1.04603,1.87,1.19
2016.10.23 23:02:50.451,1.04586,1.046,1.00,1.69
2016.10.23 23:02:50.516,1.04583,1.04595,1.00,1.00
2016.10.23 23:02:50.619,1.04581,1.04594,1.00,1.19
2016.10.23 23:02:50.670,1.04581,1.04594,1.00,1.00
2016.10.23 23:02:50.721,1.04583,1.04596,1.00,1.19
2016.10.23 23:02:50.823,1.04583,1.04596,1.00,1.00
2016.10.23 23:02:51.245,1.04586,1.04598,1.00,1.00
2016.10.23 23:02:51.347,1.04586,1.04602,1.00,2.06
2016.10.23 23:02:52.009,1.04582,1.04602,1.87,2.06
2016.10.23 23:02:52.213,1.04582,1.04601,1.12,1.19
2016.10.23 23:02:52.264,1.0458,1.04598,1.00,1.12
2016.10.23 23:02:52.316,1.0458,1.04597,1.00,1.00
2016.10.23 23:02:53.027,1.04578,1.04597,1.87,1.00
2016.10.23 23:02:56.638,1.04578,1.04596,1.87,1.00
2016.10.23 23:03:02.184,1.04578,1.04596,1.87,1.00
2016.10.23 23:03:02.337,1.0458,1.04595,1.00,1.00
2016.10.23 23:03:05.303,1.04581,1.04598,1.00,1.87
2016.10.23 23:03:06.044,1.0458,1.04598,1.00,1.12
2016.10.23 23:03:07.781,1.0458,1.04598,1.00,1.87
2016.10.23 23:03:08.377,1.04579,1.04598,1.00,1.87
2016.10.23 23:03:09.227,1.04583,1.04598,1.12,1.00
2016.10.23 23:03:09.326,1.04586,1.04602,1.00,1.00
2016.10.23 23:03:11.593,1.04583,1.04603,1.87,1.31
2016.10.23 23:03:16.176,1.04583,1.04603,1.87,1.31
2016.10.23 23:03:16.277,1.04583,1.04603,2.62,1.31
2016.10.23 23:03:16.497,1.04583,1.04603,1.87,1.31
2016.10.23 23:03:21.086,1.04583,1.04598,1.12,1.00
2016.10.23 23:03:21.189,1.04579,1.04598,1.00,1.12
2016.10.23 23:03:21.291,1.04578,1.04598,1.87,1.87
2016.10.23 23:03:22.066,1.04578,1.04598,1.87,1.12
2016.10.23 23:03:22.150,1.04579,1.04597,1.00,1.00
2016.10.23 23:03:22.202,1.04579,1.04598,1.00,1.87
2016.10.23 23:03:22.422,1.0458,1.04598,1.00,1.12
2016.10.23 23:03:27.403,1.04579,1.04598,1.00,1.87
2016.10.23 23:03:27.606,1.04579,1.04596,1.00,1.00
2016.10.23 23:03:29.793,1.04579,1.04597,1.00,1.00
2016.10.23 23:03:41.716,1.04579,1.04595,1.00,1.12
2016.10.23 23:03:46.855,1.0458,1.04594,1.00,1.00
2016.10.23 23:03:47.963,1.04579,1.04595,1.00,1.12
2016.10.23 23:03:59.876,1.04578,1.04595,1.00,1.12
2016.10.23 23:04:06.775,1.0458,1.04595,1.00,1.12
2016.10.23 23:04:11.186,1.04579,1.04594,1.00,1.00
2016.10.23 23:04:15.055,1.04579,1.04595,1.00,1.87
2016.10.23 23:04:20.917,1.04579,1.04593,1.00,1.00
2016.10.23 23:04:21.424,1.04578,1.04593,1.00,1.00
2016.10.23 23:04:22.794,1.04578,1.04593,1.00,1.87
2016.10.23 23:04:22.851,1.04578,1.04593,1.00,1.00
2016.10.23 23:04:26.221,1.04577,1.04592,1.00,1.00
2016.10.23 23:04:26.543,1.04579,1.04593,1.00,1.00
2016.10.23 23:04:44.929,1.04579,1.04594,1.00,1.00
2016.10.23 23:05:02.178,1.04579,1.04593,1.00,1.00
2016.10.23 23:05:21.301,1.04576,1.04593,1.00,1.31
2016.10.23 23:05:21.352,1.04576,1.0459,1.00,1.12
2016.10.23 23:05:21.404,1.04572,1.04589,1.00,1.25
2016.10.23 23:05:21.455,1.04572,1.04589,1.00,1.25
2016.10.23 23:05:21.506,1.0457,1.04587,1.87,1.00
2016.10.23 23:05:21.557,1.04571,1.04587,1.12,1.00
2016.10.23 23:05:21.968,1.04574,1.04589,1.00,1.12
2016.10.23 23:05:22.481,1.04575,1.04589,1.00,1.12
2016.10.23 23:05:25.889,1.04571,1.04589,2.62,1.12
2016.10.23 23:05:25.940,1.04571,1.04586,1.00,1.12
2016.10.23 23:05:26.614,1.04571,1.04585,1.00,1.00
2016.10.23 23:05:26.818,1.04574,1.04587,1.00,1.12
2016.10.23 23:05:26.870,1.04574,1.04589,1.00,1.00
2016.10.23 23:05:27.671,1.04574,1.0459,1.00,1.00
2016.10.23 23:05:29.812,1.04573,1.04589,1.00,1.00
2016.10.23 23:05:29.863,1.04573,1.04589,1.00,1.25
2016.10.23 23:05:29.914,1.04572,1.04587,1.12,1.00
2016.10.23 23:05:29.966,1.0457,1.04587,1.00,1.00
2016.10.23 23:05:30.295,1.04569,1.04585,1.00,1.00
2016.10.23 23:05:31.918,1.04569,1.04584,1.00,1.00
2016.10.23 23:05:32.546,1.04569,1.04584,1.87,1.00
2016.10.23 23:05:32.597,1.04569,1.04584,1.12,1.00
2016.10.23 23:05:32.933,1.04567,1.04583,1.00,1.00
2016.10.23 23:05:33.604,1.04565,1.04583,1.00,1.00
2016.10.23 23:05:34.051,1.04565,1.04583,1.00,1.25
2016.10.23 23:05:34.103,1.04565,1.04581,1.00,1.00
2016.10.23 23:05:34.809,1.04564,1.0458,1.87,1.00
2016.10.23 23:05:34.864,1.04565,1.0458,1.12,1.00
2016.10.23 23:05:34.968,1.04564,1.04579,1.00,1.12
2016.10.23 23:05:35.019,1.04564,1.04577,1.00,1.00
2016.10.23 23:05:35.121,1.04564,1.04579,1.00,1.12
2016.10.23 23:05:35.495,1.04566,1.04579,1.00,1.87
2016.10.23 23:05:36.067,1.04564,1.04579,1.00,1.87
2016.10.23 23:05:36.430,1.04565,1.04579,1.00,1.12
2016.10.23 23:05:37.110,1.04566,1.04579,1.00,1.12
2016.10.23 23:05:37.998,1.04565,1.04579,1.00,1.12
2016.10.23 23:05:45.532,1.04564,1.04578,1.00,1.00
2016.10.23 23:05:45.634,1.04565,1.04579,1.00,1.87
2016.10.23 23:05:48.293,1.04564,1.04579,1.00,1.12
2016.10.23 23:05:48.345,1.04566,1.04579,1.00,1.87
2016.10.23 23:05:48.732,1.04563,1.04579,1.00,2.06
2016.10.23 23:05:48.834,1.04564,1.04579,1.00,1.12
2016.10.23 23:05:49.511,1.04564,1.04578,1.00,1.00
2016.10.23 23:05:49.614,1.04566,1.04579,1.00,1.87
2016.10.23 23:05:50.218,1.04564,1.04578,1.00,1.00
2016.10.23 23:05:51.945,1.04564,1.04579,1.00,1.12
2016.10.23 23:05:52.769,1.04565,1.04579,1.00,1.12
2016.10.23 23:05:54.445,1.04565,1.0458,1.00,1.00
2016.10.23 23:05:55.880,1.04565,1.0458,1.00,1.25
2016.10.23 23:05:55.931,1.04562,1.04578,1.00,1.00
2016.10.23 23:05:56.033,1.04559,1.04579,1.12,1.87
2016.10.23 23:05:57.470,1.04562,1.04579,1.00,1.87
2016.10.23 23:06:02.069,1.04563,1.04577,1.00,1.00
2016.10.23 23:06:09.408,1.04561,1.04578,1.00,1.00
2016.10.23 23:06:16.682,1.04561,1.04577,1.00,1.12
2016.10.23 23:06:16.866,1.0456,1.04577,1.00,1.87
2016.10.23 23:06:18.992,1.04559,1.04574,1.12,1.00
2016.10.23 23:06:19.450,1.04558,1.04574,1.87,1.00
2016.10.23 23:06:19.955,1.04558,1.04574,1.12,1.00
2016.10.23 23:06:20.777,1.04554,1.04571,1.00,1.87
2016.10.23 23:06:20.829,1.04553,1.04571,1.87,1.87
2016.10.23 23:06:21.580,1.04553,1.0457,1.87,1.00
2016.10.23 23:06:21.632,1.04553,1.04571,1.87,1.87
2016.10.23 23:06:21.708,1.04553,1.04571,1.12,1.12
2016.10.23 23:06:21.759,1.04553,1.0457,1.87,1.00
2016.10.23 23:06:23.889,1.04553,1.04569,1.12,1.00
2016.10.23 23:06:29.912,1.04553,1.0457,1.12,1.00
2016.10.23 23:06:30.904,1.04553,1.04568,1.12,1.00
2016.10.23 23:06:31.669,1.04553,1.0457,1.12,1.00
2016.10.23 23:06:34.607,1.04552,1.04568,1.12,1.00
2016.10.23 23:06:34.747,1.0455,1.04567,1.00,1.12
2016.10.23 23:06:35.587,1.04549,1.04567,1.87,1.12
2016.10.23 23:06:36.746,1.04549,1.04567,2.06,1.12
2016.10.23 23:06:36.820,1.04552,1.04567,1.00,1.12
2016.10.23 23:06:36.924,1.04555,1.04572,1.00,1.12
2016.10.23 23:06:37.079,1.04554,1.04572,1.12,1.12
2016.10.23 23:06:37.232,1.04554,1.04572,1.31,1.12
2016.10.23 23:06:37.833,1.04554,1.04572,2.06,1.12
2016.10.23 23:06:41.860,1.04557,1.04572,1.00,1.12
2016.10.23 23:06:41.946,1.04557,1.04572,1.00,1.87
2016.10.23 23:06:41.997,1.04555,1.04572,1.00,1.12
2016.10.23 23:06:42.505,1.04554,1.04572,1.12,1.87
2016.10.23 23:06:46.996,1.04554,1.04571,1.12,1.00
2016.10.23 23:06:48.930,1.04554,1.04569,1.12,1.00
2016.10.23 23:06:50.063,1.04554,1.0457,1.12,1.00
2016.10.23 23:06:54.575,1.04553,1.0457,1.12,1.00
2016.10.23 23:06:57.640,1.04552,1.0457,1.87,1.87
2016.10.23 23:06:59.791,1.04552,1.0457,1.12,1.87
2016.10.23 23:07:02.777,1.04552,1.04569,1.12,1.00
2016.10.23 23:07:05.328,1.04554,1.04568,1.00,1.00
2016.10.23 23:07:05.533,1.04555,1.0457,1.00,1.87
2016.10.23 23:07:05.635,1.04557,1.0457,1.00,1.12
2016.10.23 23:07:05.788,1.04557,1.04574,1.00,1.87
2016.10.23 23:07:05.839,1.04561,1.04574,1.00,1.12
2016.10.23 23:07:07.075,1.0456,1.04574,1.00,1.12
2016.10.23 23:07:11.735,1.04558,1.04574,1.00,1.12
2016.10.23 23:07:12.521,1.04559,1.04574,1.00,1.12
2016.10.23 23:07:12.732,1.04559,1.04574,1.00,1.87
2016.10.23 23:07:13.263,1.04558,1.04574,1.00,1.87
2016.10.23 23:07:17.465,1.04556,1.04572,2.06,1.00
2016.10.23 23:07:17.544,1.04556,1.04571,1.00,1.12
2016.10.23 23:07:18.725,1.04555,1.04571,1.00,1.87
2016.10.23 23:07:19.282,1.04552,1.0457,1.00,1.00
2016.10.23 23:07:19.539,1.04552,1.0457,1.00,1.00
2016.10.23 23:07:19.590,1.04552,1.04568,1.00,1.00
2016.10.23 23:07:20.061,1.04552,1.04567,1.00,1.12
2016.10.23 23:07:20.572,1.04551,1.04567,1.00,1.12
2016.10.23 23:07:22.965,1.0455,1.04567,1.25,1.12
2016.10.23 23:07:23.193,1.0455,1.04566,1.25,1.00
2016.10.23 23:07:23.445,1.0455,1.04566,1.00,1.00
2016.10.23 23:07:27.703,1.0455,1.04565,1.00,1.00
2016.10.23 23:07:28.703,1.0455,1.04564,1.00,1.00
2016.10.23 23:07:30.992,1.04551,1.04564,1.00,1.00
2016.10.23 23:07:32.686,1.04549,1.04564,1.00,1.00
2016.10.23 23:07:40.632,1.04549,1.04564,1.00,1.87
2016.10.23 23:07:42.234,1.04546,1.04561,2.06,1.00
2016.10.23 23:07:42.340,1.04546,1.04563,2.06,1.00
2016.10.23 23:07:42.822,1.04546,1.04563,1.87,1.00
2016.10.23 23:07:43.244,1.04547,1.04563,1.00,1.00
2016.10.23 23:07:44.721,1.04548,1.04564,1.00,1.12
2016.10.23 23:07:45.638,1.04548,1.04564,1.19,1.12
2016.10.23 23:07:46.395,1.04549,1.04564,1.19,1.12
2016.10.23 23:07:46.931,1.04549,1.04564,1.19,1.87
2016.10.23 23:07:47.339,1.04551,1.04564,1.00,1.87
2016.10.23 23:07:47.455,1.04549,1.04564,1.19,1.87
2016.10.23 23:07:47.916,1.04549,1.04564,1.19,1.12
2016.10.23 23:07:50.204,1.0455,1.04564,1.25,1.12
2016.10.23 23:07:50.350,1.0455,1.04564,1.19,1.12
2016.10.23 23:07:50.452,1.04552,1.04568,1.19,2.62
2016.10.23 23:07:50.657,1.04552,1.04568,1.19,1.87
2016.10.23 23:07:50.937,1.04553,1.04568,1.25,1.12
2016.10.23 23:07:53.106,1.04553,1.04568,1.00,1.12
2016.10.23 23:07:53.448,1.04552,1.04567,1.00,1.00
2016.10.23 23:07:54.053,1.04552,1.04566,1.00,1.00
2016.10.23 23:07:54.525,1.0455,1.04568,2.06,1.87
2016.10.23 23:07:54.628,1.04556,1.04568,1.00,1.87
2016.10.23 23:08:00.793,1.04556,1.04568,1.00,1.12
2016.10.23 23:08:01.340,1.04555,1.04568,1.00,1.12
2016.10.23 23:08:10.632,1.04555,1.04569,1.00,1.87
2016.10.23 23:08:13.615,1.04555,1.04569,1.00,1.12
2016.10.23 23:08:14.583,1.04555,1.04568,1.00,1.00
2016.10.23 23:08:15.956,1.04555,1.04569,1.00,1.12
2016.10.23 23:08:21.917,1.04555,1.04568,1.00,1.00
2016.10.23 23:08:24.885,1.04551,1.04569,1.31,1.87
2016.10.23 23:08:24.938,1.04551,1.04569,1.12,1.87
2016.10.23 23:08:24.990,1.04552,1.04567,1.00,1.00
2016.10.23 23:08:25.042,1.04552,1.04566,1.00,1.12
2016.10.23 23:08:25.111,1.04548,1.04566,1.19,1.12
2016.10.23 23:08:25.163,1.04548,1.04566,1.00,1.12
2016.10.23 23:08:25.214,1.04548,1.04562,1.00,1.00
2016.10.23 23:08:37.835,1.04548,1.04562,1.25,1.00
2016.10.23 23:08:38.301,1.04547,1.04563,1.19,1.00
2016.10.23 23:08:40.213,1.04547,1.04564,1.19,1.00
2016.10.23 23:08:45.646,1.04547,1.04562,1.19,1.12
2016.10.23 23:08:47.251,1.04546,1.04562,1.87,1.12
2016.10.23 23:08:47.303,1.04546,1.0456,1.12,1.00
2016.10.23 23:08:47.458,1.04544,1.04558,1.19,1.12
2016.10.23 23:08:48.507,1.04545,1.04558,1.25,1.12
2016.10.23 23:08:50.473,1.04543,1.04558,1.19,1.12
2016.10.23 23:08:50.940,1.04545,1.04558,1.25,1.12
2016.10.23 23:08:51.043,1.04543,1.04558,1.19,1.12
2016.10.23 23:08:53.453,1.04542,1.04558,2.06,1.12
2016.10.23 23:08:54.033,1.04542,1.04558,2.06,1.87
2016.10.23 23:08:55.470,1.04542,1.04554,1.00,1.12
2016.10.23 23:08:55.933,1.04539,1.04554,1.19,1.12
2016.10.23 23:08:55.984,1.04539,1.04554,1.00,1.12
2016.10.23 23:08:56.036,1.04536,1.04551,1.12,1.00
2016.10.23 23:08:56.088,1.04534,1.0455,1.19,1.12
2016.10.23 23:08:59.122,1.04535,1.04549,1.19,1.00
2016.10.23 23:08:59.648,1.04533,1.0455,1.19,1.87
2016.10.23 23:08:59.845,1.04537,1.0455,1.00,1.12
2016.10.23 23:09:00.393,1.04534,1.0455,1.00,1.12
2016.10.23 23:09:01.987,1.04533,1.0455,1.25,1.12
2016.10.23 23:09:03.567,1.04534,1.0455,1.00,1.12
2016.10.23 23:09:13.453,1.04534,1.0455,1.00,1.87
2016.10.23 23:09:16.039,1.04534,1.0455,1.19,1.87
2016.10.23 23:09:16.090,1.04536,1.0455,1.19,1.12
2016.10.23 23:09:16.141,1.04537,1.04551,1.31,1.00
2016.10.23 23:09:16.294,1.04537,1.04551,1.12,1.00
2016.10.23 23:09:16.843,1.04536,1.04548,1.00,1.12
2016.10.23 23:09:16.995,1.04534,1.04548,1.00,1.12
2016.10.23 23:09:18.479,1.04535,1.04548,1.00,1.12
2016.10.23 23:09:18.683,1.04533,1.04548,2.06,1.87
2016.10.23 23:09:18.786,1.04534,1.04548,1.00,1.12
2016.10.23 23:09:19.453,1.04533,1.04548,1.31,1.87
2016.10.23 23:09:22.266,1.04533,1.04548,1.31,1.12
2016.10.23 23:09:23.276,1.04533,1.04548,2.06,1.12
2016.10.23 23:09:23.327,1.04537,1.04553,1.31,1.00
2016.10.23 23:09:23.642,1.04537,1.04552,1.31,1.00
2016.10.23 23:09:23.693,1.04537,1.04552,1.12,1.00
2016.10.23 23:09:24.455,1.04537,1.0455,1.12,1.00
2016.10.23 23:09:26.104,1.04537,1.04548,1.12,1.00
2016.10.23 23:09:26.470,1.04537,1.0455,1.12,1.00
2016.10.23 23:09:28.377,1.04537,1.04551,1.12,1.00
2016.10.23 23:09:32.829,1.04537,1.04553,1.12,1.50
2016.10.23 23:09:32.880,1.04537,1.04553,1.12,1.00
2016.10.23 23:09:32.931,1.04537,1.04553,1.87,1.00
2016.10.23 23:09:32.983,1.04537,1.04554,2.62,1.12
2016.10.23 23:09:33.086,1.04538,1.04553,1.50,1.00
2016.10.23 23:09:33.138,1.04538,1.04553,1.00,1.00
2016.10.23 23:09:33.190,1.04539,1.04554,1.00,1.12
2016.10.23 23:09:33.533,1.04542,1.04554,1.00,1.12
2016.10.23 23:09:36.190,1.04541,1.04554,1.00,1.12
2016.10.23 23:09:38.007,1.04542,1.04554,1.50,1.12
2016.10.23 23:09:38.059,1.04542,1.04558,1.50,1.87
2016.10.23 23:09:38.110,1.04544,1.04558,1.00,1.87
2016.10.23 23:09:43.256,1.04544,1.04558,1.50,1.87
2016.10.23 23:09:43.307,1.04545,1.04558,1.00,1.12
2016.10.23 23:09:43.359,1.04546,1.04561,1.12,1.87
2016.10.23 23:09:44.739,1.04546,1.04561,1.87,1.87
2016.10.23 23:09:46.904,1.04546,1.0456,1.87,1.00
2016.10.23 23:09:57.619,1.04546,1.0456,1.12,1.00
2016.10.23 23:09:59.913,1.04546,1.0456,1.12,1.25
2016.10.23 23:09:59.965,1.04546,1.04557,1.12,1.00
2016.10.23 23:10:00.476,1.04546,1.04558,1.12,1.00
2016.10.23 23:10:00.567,1.04545,1.04558,1.00,1.87
2016.10.23 23:10:01.024,1.04545,1.04558,1.00,1.12
2016.10.23 23:10:02.371,1.04545,1.04558,1.50,1.87
2016.10.23 23:10:03.033,1.04546,1.04558,1.00,1.87
2016.10.23 23:10:03.357,1.04546,1.04558,1.00,1.12
2016.10.23 23:10:13.914,1.04555,1.04559,1.00,2.62
2016.10.23 23:10:13.965,1.04555,1.04569,1.50,1.12
2016.10.23 23:10:14.171,1.04557,1.04569,1.00,1.12
2016.10.23 23:10:14.376,1.04559,1.04569,1.00,1.12
2016.10.23 23:10:14.734,1.04559,1.04573,1.00,1.00
2016.10.23 23:10:14.946,1.04559,1.04573,1.50,1.00
2016.10.23 23:10:14.998,1.04559,1.04574,1.50,1.87
2016.10.23 23:10:15.440,1.04564,1.04577,1.00,1.87
2016.10.23 23:10:15.491,1.04564,1.04577,1.00,1.12
2016.10.23 23:10:15.664,1.04568,1.04581,1.00,2.62
2016.10.23 23:10:15.715,1.0457,1.04581,1.12,1.00
2016.10.23 23:10:15.767,1.0457,1.04585,1.87,1.87
2016.10.23 23:10:15.819,1.04574,1.04585,1.00,1.00
2016.10.23 23:10:15.871,1.04573,1.04585,1.87,1.00
2016.10.23 23:10:15.922,1.04573,1.0459,1.12,2.06
2016.10.23 23:10:15.974,1.04575,1.04589,1.00,1.00
2016.10.23 23:10:16.076,1.04576,1.0459,1.00,1.12
2016.10.23 23:10:16.280,1.04576,1.0459,1.00,1.12
2016.10.23 23:10:16.605,1.04576,1.0459,1.50,1.12
2016.10.23 23:10:16.869,1.04576,1.0459,1.00,1.12
2016.10.23 23:10:17.077,1.04576,1.04589,1.00,1.00
2016.10.23 23:10:18.259,1.04576,1.0459,1.50,1.87
2016.10.23 23:10:18.691,1.04577,1.0459,1.00,1.87
2016.10.23 23:10:18.742,1.04577,1.0459,1.00,1.12
2016.10.23 23:10:23.296,1.04577,1.0459,1.00,1.12
2016.10.23 23:10:23.605,1.04577,1.0459,1.00,1.87
2016.10.23 23:10:24.476,1.04574,1.04586,1.50,1.00
2016.10.23 23:10:24.527,1.04574,1.04585,1.50,1.12
2016.10.23 23:10:24.681,1.04573,1.04585,1.00,1.12
2016.10.23 23:10:24.783,1.04572,1.04585,1.50,1.87
2016.10.23 23:10:25.654,1.04574,1.04585,1.00,1.12
2016.10.23 23:10:26.206,1.04575,1.04585,1.00,1.12
2016.10.23 23:10:28.548,1.04577,1.04585,1.00,1.12
2016.10.23 23:10:28.650,1.04575,1.04585,1.00,1.12
2016.10.23 23:10:30.029,1.04577,1.04585,1.00,1.12
2016.10.23 23:10:30.663,1.04578,1.04585,1.00,1.12
2016.10.23 23:10:31.981,1.04577,1.04585,1.00,1.12
2016.10.23 23:10:34.004,1.04574,1.04585,1.00,1.12
2016.10.23 23:10:36.424,1.04576,1.04585,1.00,1.12
2016.10.23 23:10:40.584,1.04575,1.04585,1.00,1.12
2016.10.23 23:10:42.079,1.04574,1.04585,1.00,1.12
2016.10.23 23:10:43.603,1.04574,1.04585,1.50,1.12
2016.10.23 23:10:44.640,1.04574,1.04587,1.50,3.75
2016.10.23 23:10:44.740,1.04574,1.04586,1.50,1.12
2016.10.23 23:10:49.877,1.04576,1.04586,1.00,1.12
2016.10.23 23:10:57.197,1.04574,1.04586,1.50,1.12
2016.10.23 23:11:00.053,1.04574,1.04586,1.00,1.12
2016.10.23 23:11:00.359,1.04576,1.04586,1.00,1.12
2016.10.23 23:11:00.766,1.04577,1.0459,1.00,1.12
2016.10.23 23:11:01.517,1.04575,1.0459,1.87,1.12
2016.10.23 23:11:02.150,1.04575,1.0459,1.12,1.87
2016.10.23 23:11:04.778,1.04575,1.0459,1.87,1.12
2016.10.23 23:11:04.831,1.04578,1.0459,1.00,1.12
2016.10.23 23:11:06.146,1.04577,1.0459,1.00,1.12
2016.10.23 23:11:11.174,1.04577,1.0459,1.00,1.87
2016.10.23 23:11:14.161,1.04578,1.0459,1.00,1.12
2016.10.23 23:11:16.854,1.04575,1.0459,1.12,1.12
2016.10.23 23:11:17.186,1.04572,1.04586,1.00,1.00
2016.10.23 23:11:17.979,1.04573,1.04587,1.00,1.87
2016.10.23 23:11:18.081,1.04572,1.04587,1.00,1.12
2016.10.23 23:11:18.183,1.04571,1.04587,1.31,1.12
2016.10.23 23:11:18.287,1.04573,1.04587,1.00,1.12
2016.10.23 23:11:18.989,1.04572,1.04587,1.00,1.12
2016.10.23 23:11:19.244,1.04571,1.04587,1.31,1.12
2016.10.23 23:11:19.346,1.04572,1.04587,1.00,1.12
2016.10.23 23:11:19.979,1.04573,1.04587,1.00,1.12
2016.10.23 23:11:27.674,1.04572,1.04587,1.00,1.12
2016.10.23 23:11:28.816,1.04574,1.04587,1.00,1.12
2016.10.23 23:11:29.428,1.04573,1.04587,1.00,1.12
2016.10.23 23:11:30.863,1.04574,1.04587,1.00,1.12
2016.10.23 23:11:31.412,1.04573,1.04587,1.00,1.12
2016.10.23 23:11:31.955,1.04574,1.04587,1.00,1.12
2016.10.23 23:11:33.496,1.04573,1.04587,1.00,1.12
2016.10.23 23:11:33.548,1.04575,1.04591,1.12,1.50
2016.10.23 23:11:33.599,1.04575,1.04591,1.87,1.00
2016.10.23 23:11:33.701,1.04575,1.04591,1.87,1.37
2016.10.23 23:11:34.411,1.04575,1.0459,1.87,1.00
2016.10.23 23:11:34.462,1.04576,1.0459,1.00,1.00
2016.10.23 23:11:34.735,1.04578,1.04592,1.00,1.50
2016.10.23 23:11:34.786,1.04578,1.04592,1.00,1.12
2016.10.23 23:11:35.093,1.0458,1.04592,1.00,1.12
2016.10.23 23:11:44.249,1.04581,1.04596,1.12,2.62
2016.10.23 23:11:44.300,1.04581,1.04596,1.12,1.87
2016.10.23 23:11:44.351,1.04581,1.04596,1.12,1.50
2016.10.23 23:11:44.403,1.04581,1.04596,1.12,1.12
2016.10.23 23:11:51.295,1.04581,1.04594,1.12,1.00
2016.10.23 23:11:51.397,1.04578,1.04592,1.50,1.00
2016.10.23 23:11:51.448,1.04578,1.04592,1.12,1.00
2016.10.23 23:11:51.500,1.04576,1.04592,2.06,1.00
2016.10.23 23:11:53.213,1.04576,1.04593,2.06,1.87
2016.10.23 23:11:53.431,1.04577,1.04593,1.00,1.87
2016.10.23 23:11:56.454,1.04576,1.04592,1.87,1.00
2016.10.23 23:11:57.329,1.04576,1.04591,1.12,1.00
2016.10.23 23:11:58.142,1.04576,1.04586,1.12,1.00
2016.10.23 23:11:58.208,1.04572,1.04586,2.25,1.00
2016.10.23 23:11:58.259,1.04572,1.04585,1.00,1.12
2016.10.23 23:11:58.311,1.0457,1.04585,1.00,1.12
2016.10.23 23:11:59.002,1.04569,1.04585,1.00,1.12
2016.10.23 23:12:00.809,1.04568,1.04581,1.50,1.00
2016.10.23 23:12:00.861,1.04568,1.04581,1.12,1.00
2016.10.23 23:12:00.963,1.04566,1.04581,1.00,1.87
2016.10.23 23:12:01.015,1.04564,1.04581,1.50,1.87
2016.10.23 23:12:01.842,1.04564,1.04581,2.25,1.87
2016.10.23 23:12:03.522,1.04567,1.04581,1.00,1.12
2016.10.23 23:12:03.830,1.04565,1.04581,1.00,1.12
2016.10.23 23:12:04.764,1.04564,1.04581,2.25,1.12
2016.10.23 23:12:05.328,1.04565,1.04581,1.00,1.12
2016.10.23 23:12:09.674,1.04564,1.04581,1.50,1.12
2016.10.23 23:12:16.247,1.04564,1.0458,2.25,1.00
2016.10.23 23:12:16.779,1.04561,1.04576,1.31,1.50
2016.10.23 23:12:16.831,1.04561,1.04576,1.12,1.50
2016.10.23 23:12:20.976,1.04565,1.04576,1.00,1.50
2016.10.23 23:12:21.027,1.04565,1.0458,1.87,1.50
2016.10.23 23:12:21.079,1.04565,1.0458,1.12,1.50
2016.10.23 23:12:21.131,1.04565,1.0458,1.31,1.50
2016.10.23 23:12:21.183,1.04566,1.0458,1.25,1.50
2016.10.23 23:12:21.234,1.04566,1.0458,1.19,1.50
2016.10.23 23:12:21.286,1.04565,1.0458,2.44,1.12
2016.10.23 23:12:22.159,1.04566,1.0458,1.19,1.12
2016.10.23 23:12:29.106,1.04566,1.0458,1.00,1.12
2016.10.23 23:12:29.157,1.04565,1.0458,1.50,1.87
2016.10.23 23:12:30.174,1.04565,1.0458,1.12,1.12
2016.10.23 23:12:33.404,1.04565,1.04579,1.12,1.00
2016.10.23 23:12:34.101,1.04561,1.04576,3.00,1.50
2016.10.23 23:12:34.152,1.04561,1.04576,1.87,1.50
2016.10.23 23:12:34.597,1.04561,1.04575,1.12,1.00
2016.10.23 23:12:36.804,1.04561,1.04575,1.12,1.37
2016.10.23 23:12:36.911,1.04561,1.04574,1.12,1.00
2016.10.23 23:12:37.500,1.04561,1.04574,1.12,1.50
2016.10.23 23:12:40.333,1.04561,1.04571,1.12,1.00
2016.10.23 23:12:40.385,1.04555,1.0457,2.62,1.00
2016.10.23 23:12:40.464,1.04555,1.0457,1.87,1.12
2016.10.23 23:12:40.515,1.04555,1.04571,1.12,1.37
2016.10.23 23:12:40.618,1.04555,1.0457,1.12,1.12
2016.10.23 23:12:42.312,1.04554,1.04567,1.00,1.12
2016.10.23 23:12:58.827,1.04555,1.04567,1.00,1.12
2016.10.23 23:12:58.980,1.04555,1.04567,1.50,1.12
2016.10.23 23:13:01.501,1.04556,1.04567,1.00,1.12
2016.10.23 23:13:02.273,1.04558,1.04571,1.00,1.50
2016.10.23 23:13:04.954,1.04557,1.04571,1.00,1.50
2016.10.23 23:13:05.324,1.04557,1.04571,1.50,1.50
2016.10.23 23:13:14.842,1.04557,1.04571,1.00,1.50
2016.10.23 23:13:14.894,1.04551,1.04568,2.81,1.12
2016.10.23 23:13:14.997,1.04553,1.04568,1.00,1.12
2016.10.23 23:13:18.625,1.04551,1.04568,1.69,1.50
2016.10.23 23:13:18.676,1.04551,1.04568,1.31,1.87
2016.10.23 23:13:19.606,1.04551,1.04568,2.06,1.87
2016.10.23 23:13:19.657,1.04551,1.04568,1.31,1.87
2016.10.23 23:13:23.848,1.04551,1.04567,2.06,1.00
2016.10.23 23:13:24.198,1.04551,1.04568,2.06,1.87
2016.10.23 23:13:24.883,1.04552,1.04568,1.00,1.87
2016.10.23 23:13:29.982,1.04552,1.04568,1.37,1.50
2016.10.23 23:13:30.034,1.04552,1.04568,1.37,1.12
2016.10.23 23:13:30.086,1.04553,1.04568,1.12,1.12
2016.10.23 23:13:31.825,1.04552,1.04568,1.37,1.12
2016.10.23 23:13:32.030,1.04552,1.04568,1.00,1.87
2016.10.23 23:13:32.568,1.04552,1.04568,1.25,1.87
2016.10.23 23:13:32.932,1.04551,1.04568,2.06,1.87
2016.10.23 23:13:33.438,1.04552,1.04568,1.25,2.62
2016.10.23 23:13:33.788,1.04551,1.04568,2.06,1.87
2016.10.23 23:13:34.979,1.04551,1.04566,1.19,1.12
2016.10.23 23:13:39.817,1.04551,1.04566,1.25,1.12
2016.10.23 23:13:42.005,1.04551,1.04566,1.00,1.12
2016.10.23 23:13:42.420,1.04549,1.04566,2.62,1.12
2016.10.23 23:13:42.522,1.04549,1.04566,1.50,1.50
2016.10.23 23:13:42.574,1.04549,1.04566,1.12,1.87
2016.10.23 23:13:43.420,1.04549,1.04566,1.87,1.87
2016.10.23 23:13:43.522,1.04549,1.04561,3.37,1.12
2016.10.23 23:13:43.624,1.04549,1.04561,1.25,1.12
2016.10.23 23:13:44.509,1.04551,1.04561,1.00,1.12
2016.10.23 23:13:46.004,1.0455,1.04561,1.00,1.12
2016.10.23 23:13:47.514,1.0455,1.04566,1.00,1.87
2016.10.23 23:13:50.203,1.0455,1.04566,1.25,1.87
2016.10.23 23:13:50.254,1.04553,1.04566,1.00,1.87
2016.10.23 23:13:50.614,1.04553,1.04566,1.00,1.50
2016.10.23 23:13:50.982,1.04554,1.04566,1.00,1.12
2016.10.23 23:13:51.830,1.04554,1.04569,1.87,1.87
2016.10.23 23:13:52.255,1.04554,1.04569,1.12,2.62
2016.10.23 23:13:53.601,1.04554,1.04568,1.12,1.37
2016.10.23 23:13:54.447,1.04554,1.04569,1.12,2.62
2016.10.23 23:13:56.217,1.04554,1.04566,1.12,1.00
2016.10.23 23:13:58.296,1.04554,1.04566,1.31,1.00
2016.10.23 23:13:58.347,1.04557,1.04571,1.12,2.25
2016.10.23 23:13:58.832,1.04557,1.04571,1.12,1.50
2016.10.23 23:13:58.883,1.04557,1.04574,1.12,2.62
2016.10.23 23:13:58.935,1.04557,1.04574,1.12,1.50
2016.10.23 23:13:58.988,1.04557,1.04574,1.12,1.12
2016.10.23 23:14:01.029,1.04557,1.04574,1.12,1.87
2016.10.23 23:14:03.536,1.04557,1.04573,2.06,1.00
2016.10.23 23:14:04.141,1.04557,1.04574,2.06,1.12
2016.10.23 23:14:04.648,1.04559,1.04574,1.00,1.87
2016.10.23 23:14:05.570,1.04562,1.04574,1.00,1.12
2016.10.23 23:14:07.075,1.04561,1.04574,1.25,1.12
2016.10.23 23:14:12.534,1.04562,1.04577,1.12,2.25
2016.10.23 23:14:14.162,1.04564,1.04577,1.00,2.25
2016.10.23 23:14:14.499,1.04562,1.04577,1.87,2.25
2016.10.23 23:14:18.192,1.04564,1.04577,1.00,1.50
2016.10.23 23:14:18.617,1.04562,1.04577,1.12,1.50
2016.10.23 23:14:23.279,1.04565,1.04577,1.00,1.12
2016.10.23 23:14:23.330,1.04565,1.04577,1.25,1.12
2016.10.23 23:14:23.381,1.04567,1.04581,1.00,1.87
2016.10.23 23:14:23.585,1.04567,1.04581,1.00,1.12
2016.10.23 23:14:24.101,1.04568,1.04581,1.00,1.12
2016.10.23 23:14:24.255,1.0457,1.04585,1.12,1.87
2016.10.23 23:14:24.307,1.0457,1.04585,1.12,1.12
2016.10.23 23:14:24.358,1.0457,1.04585,1.87,1.12
2016.10.23 23:14:24.668,1.0457,1.04585,1.12,1.87
2016.10.23 23:14:27.253,1.0457,1.04584,1.12,1.00
2016.10.23 23:14:31.810,1.0457,1.04582,1.12,1.00
2016.10.23 23:14:33.806,1.0457,1.04583,1.12,1.00
2016.10.23 23:14:44.115,1.0457,1.04582,1.12,1.00
2016.10.23 23:14:44.461,1.04568,1.04582,1.12,1.00
2016.10.23 23:14:45.794,1.04567,1.04583,1.50,1.87
2016.10.23 23:14:46.103,1.04566,1.0458,1.12,1.00
2016.10.23 23:14:46.154,1.04566,1.0458,1.12,1.00
2016.10.23 23:14:46.702,1.04566,1.04581,1.12,1.00
2016.10.23 23:14:46.990,1.04566,1.04581,1.12,2.06
2016.10.23 23:14:47.041,1.04562,1.04575,1.00,1.00
2016.10.23 23:14:47.714,1.04561,1.04572,1.50,1.00
2016.10.23 23:14:47.765,1.04557,1.04572,1.12,1.37
2016.10.23 23:14:49.289,1.04557,1.04573,1.12,1.50
2016.10.23 23:14:49.341,1.04557,1.04572,1.12,1.37
2016.10.23 23:14:49.658,1.04554,1.0457,1.12,1.12
2016.10.23 23:14:50.303,1.04553,1.0457,2.25,1.12
2016.10.23 23:14:52.726,1.04553,1.0457,1.50,1.87
2016.10.23 23:14:53.131,1.04553,1.04569,2.25,1.00
2016.10.23 23:14:54.555,1.04553,1.04569,1.50,1.00
2016.10.23 23:14:54.657,1.04553,1.0457,2.25,1.87
2016.10.23 23:14:55.561,1.04554,1.0457,1.12,1.87
2016.10.23 23:14:55.765,1.04553,1.04568,2.25,1.00
2016.10.23 23:14:57.831,1.04553,1.04567,1.50,1.00
2016.10.23 23:14:59.206,1.04553,1.04567,1.50,1.69
2016.10.23 23:14:59.257,1.04549,1.04562,1.12,1.00
2016.10.23 23:14:59.860,1.04549,1.04561,1.12,1.00
2016.10.23 23:15:01.145,1.04549,1.04563,1.12,1.00
2016.10.23 23:15:01.428,1.04545,1.04562,1.87,1.12
2016.10.23 23:15:01.852,1.04549,1.04562,1.12,1.00
2016.10.23 23:15:02.262,1.04554,1.04567,1.12,1.12
2016.10.23 23:15:02.607,1.04554,1.04569,2.62,1.87
2016.10.23 23:15:02.659,1.04554,1.04566,1.87,1.00
2016.10.23 23:15:02.864,1.04554,1.04566,1.12,1.00
2016.10.23 23:15:02.967,1.04554,1.04564,1.12,1.00
2016.10.23 23:15:03.376,1.0455,1.04564,2.62,1.00
2016.10.23 23:15:04.513,1.0455,1.04564,1.87,1.00
2016.10.23 23:15:04.565,1.0455,1.04564,1.12,1.00
2016.10.23 23:15:05.135,1.0455,1.04562,1.12,1.00
2016.10.23 23:15:05.862,1.0455,1.04563,1.12,1.00
2016.10.23 23:15:06.841,1.0455,1.04562,1.12,1.00
2016.10.23 23:15:07.574,1.04547,1.04561,1.00,1.87
2016.10.23 23:15:07.677,1.04546,1.04561,1.12,1.12
2016.10.23 23:15:08.846,1.04546,1.04561,1.12,1.87
2016.10.23 23:15:11.369,1.04546,1.04561,1.12,2.62
2016.10.23 23:15:12.539,1.04546,1.04561,1.12,1.87
2016.10.23 23:15:13.673,1.04546,1.04561,1.12,2.62
2016.10.23 23:15:13.775,1.04546,1.04561,1.12,1.87
2016.10.23 23:15:15.758,1.04546,1.04561,1.12,2.62
2016.10.23 23:15:16.749,1.04546,1.04561,1.12,1.87
2016.10.23 23:15:16.851,1.04546,1.04561,1.12,2.62
2016.10.23 23:15:18.521,1.04547,1.04561,1.00,1.12
2016.10.23 23:15:18.928,1.04547,1.04561,1.19,1.12
2016.10.23 23:15:23.257,1.0455,1.04563,1.31,1.00
2016.10.23 23:15:23.328,1.0455,1.04565,1.31,1.12
2016.10.23 23:15:23.386,1.04551,1.04565,1.19,1.12
2016.10.23 23:15:23.693,1.04554,1.04565,1.25,1.12
2016.10.23 23:15:23.846,1.04554,1.04569,1.25,1.00
2016.10.23 23:15:24.314,1.04558,1.04574,1.19,1.12
2016.10.23 23:15:29.174,1.04559,1.04574,1.19,1.87
2016.10.23 23:15:30.546,1.04559,1.04574,1.19,2.62
2016.10.23 23:15:31.218,1.04559,1.04574,1.19,1.87
2016.10.23 23:15:32.199,1.04559,1.04574,1.19,2.62
2016.10.23 23:15:33.227,1.0456,1.04574,1.19,2.62
2016.10.23 23:15:35.594,1.0456,1.04574,1.19,2.25
2016.10.23 23:15:35.645,1.0456,1.04574,1.19,1.87
2016.10.23 23:15:42.022,1.04563,1.04574,1.25,1.12
2016.10.23 23:15:42.073,1.04563,1.04576,1.25,1.00
2016.10.23 23:15:42.125,1.04562,1.04577,1.31,1.12
2016.10.23 23:15:42.227,1.04565,1.04579,2.06,1.50
2016.10.23 23:15:42.279,1.04565,1.04581,2.06,1.75
2016.10.23 23:15:42.330,1.04567,1.04582,1.00,1.12
2016.10.23 23:15:42.433,1.04567,1.04582,1.19,1.12
2016.10.23 23:15:47.141,1.04566,1.04582,1.19,1.12
2016.10.23 23:15:47.554,1.04568,1.04582,1.19,1.12
2016.10.23 23:15:48.056,1.0457,1.04585,1.31,1.87
2016.10.23 23:15:48.108,1.04571,1.04585,1.25,1.50
2016.10.23 23:15:48.159,1.04571,1.04585,1.19,1.12
2016.10.23 23:15:48.655,1.04574,1.0459,1.19,2.25
2016.10.23 23:15:48.706,1.04574,1.0459,1.19,1.50
2016.10.23 23:15:49.026,1.04573,1.0459,2.06,1.50
2016.10.23 23:15:50.280,1.04573,1.0459,2.81,1.50
2016.10.23 23:15:50.331,1.04574,1.0459,1.31,1.12
2016.10.23 23:15:50.383,1.04578,1.04593,1.31,1.37
2016.10.23 23:15:50.434,1.04581,1.04595,1.25,1.87
2016.10.23 23:15:50.485,1.04583,1.04597,1.12,1.00
2016.10.23 23:15:50.537,1.04583,1.04598,1.31,1.87
2016.10.23 23:15:51.426,1.04588,1.04602,1.12,1.12
2016.10.23 23:15:58.132,1.04587,1.04602,1.50,1.12
2016.10.23 23:15:58.184,1.04587,1.04602,1.12,1.12
2016.10.23 23:15:58.389,1.04587,1.04602,1.31,1.12
2016.10.23 23:15:58.871,1.04587,1.04602,1.31,1.50
2016.10.23 23:15:59.166,1.04587,1.04602,2.06,1.50
2016.10.23 23:16:00.141,1.04587,1.04602,1.31,1.50
2016.10.23 23:16:02.053,1.04587,1.04602,1.31,1.12
2016.10.23 23:16:03.495,1.04587,1.04602,1.12,1.12
2016.10.23 23:16:03.546,1.04587,1.04598,1.12,1.00
2016.10.23 23:16:04.215,1.04587,1.04599,1.12,1.00
2016.10.23 23:16:04.578,1.04583,1.04598,1.31,1.12
2016.10.23 23:16:08.391,1.04583,1.04597,1.31,1.00
2016.10.23 23:16:09.864,1.04583,1.04598,1.31,1.87
2016.10.23 23:16:12.066,1.04579,1.04594,2.44,1.12
2016.10.23 23:16:12.118,1.04579,1.04594,1.31,1.12
2016.10.23 23:16:12.556,1.04579,1.04594,2.06,1.12
2016.10.23 23:16:12.901,1.04579,1.04594,1.87,1.12
2016.10.23 23:16:13.004,1.04579,1.04594,1.12,1.87
2016.10.23 23:16:14.060,1.04579,1.04593,1.12,1.00
2016.10.23 23:16:16.491,1.04579,1.04594,1.12,1.87
2016.10.23 23:16:19.189,1.0458,1.04594,1.00,1.12
2016.10.23 23:16:25.781,1.0458,1.04594,1.00,1.87
2016.10.23 23:16:31.636,1.0458,1.04592,1.00,1.12
2016.10.23 23:16:32.204,1.04579,1.04592,1.00,1.12
2016.10.23 23:16:32.912,1.04579,1.04589,1.00,1.12
2016.10.23 23:16:32.964,1.04572,1.04589,1.12,1.50
2016.10.23 23:16:33.512,1.04572,1.04589,1.12,2.25
2016.10.23 23:16:33.564,1.04572,1.04589,1.12,2.62
2016.10.23 23:16:33.932,1.04572,1.04589,1.87,2.62
2016.10.23 23:16:33.983,1.04572,1.04589,1.87,2.25
2016.10.23 23:16:34.035,1.04574,1.04589,1.00,1.50
2016.10.23 23:16:34.086,1.04574,1.04589,1.25,1.50
2016.10.23 23:16:34.418,1.04574,1.04589,1.00,1.12
2016.10.23 23:16:34.495,1.04573,1.04589,1.25,1.12
2016.10.23 23:16:35.132,1.04572,1.04589,2.06,1.12
2016.10.23 23:16:36.296,1.04572,1.04589,1.87,1.12
2016.10.23 23:16:36.347,1.04572,1.04585,1.12,1.00
2016.10.23 23:16:36.450,1.04572,1.04587,1.12,1.37
2016.10.23 23:16:41.130,1.04572,1.04585,1.12,1.00
2016.10.23 23:16:42.151,1.04571,1.04584,1.00,1.12
2016.10.23 23:16:42.833,1.04571,1.04584,1.00,1.87
2016.10.23 23:16:46.411,1.0457,1.04584,1.00,1.87
2016.10.23 23:16:50.359,1.0457,1.04584,1.00,2.25
2016.10.23 23:16:50.676,1.04572,1.04584,1.00,1.87
2016.10.23 23:16:50.752,1.0457,1.04584,1.00,1.87
2016.10.23 23:16:56.345,1.04573,1.04584,1.00,1.50
2016.10.23 23:16:56.396,1.04573,1.04584,1.25,1.12
2016.10.23 23:16:56.447,1.04572,1.04584,1.00,1.12
2016.10.23 23:16:56.758,1.0457,1.04584,1.00,1.12
2016.10.23 23:16:57.722,1.04571,1.04584,1.00,1.87
2016.10.23 23:17:02.002,1.04571,1.04584,1.00,2.25
2016.10.23 23:17:02.264,1.04571,1.04581,1.00,1.12
2016.10.23 23:17:03.346,1.04569,1.04581,1.00,1.12
2016.10.23 23:17:04.077,1.04568,1.04581,1.25,1.50
2016.10.23 23:17:05.067,1.04566,1.04579,1.31,1.00
2016.10.23 23:17:05.119,1.04565,1.04577,1.25,1.12
2016.10.23 23:17:05.170,1.04563,1.04577,1.19,1.12
2016.10.23 23:17:06.049,1.04563,1.04577,1.19,1.50
2016.10.23 23:17:06.101,1.04562,1.04577,2.06,1.50
2016.10.23 23:17:06.205,1.04562,1.04577,1.31,1.50
2016.10.23 23:17:06.925,1.0456,1.04572,1.19,1.12
2016.10.23 23:17:06.976,1.04557,1.04572,2.44,1.12
2016.10.23 23:17:07.364,1.04557,1.04572,2.06,1.12
2016.10.23 23:17:11.384,1.04558,1.04572,1.25,1.12
2016.10.23 23:17:11.719,1.04558,1.04572,1.25,1.87
2016.10.23 23:17:14.504,1.04558,1.04572,1.00,1.87
2016.10.23 23:17:14.555,1.04558,1.04568,1.00,1.12
2016.10.23 23:17:14.606,1.04555,1.04568,1.25,1.12
2016.10.23 23:17:14.709,1.04553,1.04568,2.06,1.12
2016.10.23 23:17:15.330,1.04558,1.04572,2.06,1.75
2016.10.23 23:17:15.382,1.0456,1.04573,1.19,1.87
2016.10.23 23:17:15.433,1.04561,1.04575,1.31,1.87
2016.10.23 23:17:15.484,1.04561,1.04575,1.31,1.00
2016.10.23 23:17:15.586,1.04561,1.04578,1.31,1.87
2016.10.23 23:17:15.688,1.04561,1.04578,2.06,1.87
2016.10.23 23:17:17.230,1.04566,1.04581,1.12,1.12
2016.10.23 23:17:17.333,1.04567,1.04581,1.19,1.12
2016.10.23 23:17:17.872,1.04569,1.04581,1.19,1.12
2016.10.23 23:17:22.720,1.0457,1.04585,2.25,1.00
2016.10.23 23:17:23.595,1.0457,1.04586,2.25,1.00
2016.10.23 23:17:29.442,1.0457,1.04587,1.50,1.87
2016.10.23 23:17:32.603,1.0457,1.04586,1.50,1.00
2016.10.23 23:17:33.217,1.0457,1.04584,2.25,1.00
2016.10.23 23:17:33.333,1.0457,1.04587,2.44,1.12
2016.10.23 23:17:33.683,1.04571,1.04587,1.19,1.87
2016.10.23 23:17:34.437,1.04571,1.04587,1.19,1.12
2016.10.23 23:17:34.711,1.0457,1.04587,1.69,1.12
2016.10.23 23:17:37.876,1.0457,1.04587,2.06,1.12
2016.10.23 23:17:37.928,1.04574,1.04587,1.25,1.12
2016.10.23 23:17:37.979,1.04575,1.04592,1.31,2.25
2016.10.23 23:17:38.032,1.04575,1.04592,1.31,1.12
2016.10.23 23:17:39.072,1.04576,1.04592,1.69,1.12
2016.10.23 23:17:43.376,1.04576,1.04592,1.56,1.12
2016.10.23 23:17:43.428,1.04575,1.04592,1.31,1.12
2016.10.23 23:17:43.632,1.04575,1.04592,2.06,1.87
2016.10.23 23:17:44.660,1.04575,1.04592,1.31,1.87
2016.10.23 23:17:46.813,1.04575,1.04592,1.31,2.25
2016.10.23 23:17:46.865,1.04575,1.04592,1.31,2.62
2016.10.23 23:17:53.277,1.04575,1.04592,2.06,2.62
2016.10.23 23:17:53.379,1.04575,1.04592,1.31,1.87
2016.10.23 23:17:57.928,1.04575,1.0459,1.31,1.12
2016.10.23 23:17:57.980,1.04575,1.0459,2.06,1.12
2016.10.23 23:18:08.697,1.04577,1.0459,1.19,1.12
2016.10.23 23:18:09.083,1.04581,1.04595,1.25,2.62
2016.10.23 23:18:09.135,1.04581,1.04595,1.25,1.50
2016.10.23 23:18:09.186,1.0458,1.04595,1.19,1.50
2016.10.23 23:18:09.777,1.04582,1.04595,1.00,1.50
2016.10.23 23:18:10.504,1.04583,1.04595,1.00,1.50
2016.10.23 23:18:11.053,1.04582,1.04595,1.00,1.50
2016.10.23 23:18:13.393,1.0458,1.04595,1.00,2.25
2016.10.23 23:18:13.496,1.04578,1.04595,2.25,1.50
2016.10.23 23:18:13.547,1.04578,1.04595,2.25,1.87
2016.10.23 23:18:13.924,1.04578,1.04589,1.00,1.12
2016.10.23 23:18:13.976,1.04576,1.04589,1.00,1.12
2016.10.23 23:18:14.027,1.04576,1.04585,1.00,1.12
2016.10.23 23:18:14.079,1.04573,1.04585,1.19,1.12
2016.10.23 23:18:16.713,1.04572,1.04585,1.19,1.12
2016.10.23 23:18:18.907,1.04571,1.04585,1.19,1.12
2016.10.23 23:18:19.215,1.04579,1.04585,1.00,1.12
2016.10.23 23:18:19.266,1.04579,1.0459,1.19,1.12
2016.10.23 23:18:20.162,1.04579,1.0459,1.25,1.12
2016.10.23 23:18:20.214,1.04576,1.0459,1.19,1.12
2016.10.23 23:18:24.877,1.04575,1.04589,2.06,1.00
2016.10.23 23:18:25.357,1.04575,1.04587,1.19,1.12
2016.10.23 23:18:25.984,1.04571,1.04587,1.19,2.62
2016.10.23 23:18:26.035,1.0457,1.04587,2.06,2.62
2016.10.23 23:18:26.088,1.04568,1.04581,1.19,1.12
2016.10.23 23:18:26.149,1.04566,1.04581,2.44,1.12
2016.10.23 23:18:26.201,1.04566,1.04581,2.06,1.12
2016.10.23 23:18:31.588,1.04567,1.04581,1.19,1.12
2016.10.23 23:18:37.616,1.04566,1.04581,1.12,1.12
2016.10.23 23:18:37.667,1.04566,1.04581,1.31,2.25
2016.10.23 23:18:37.759,1.04566,1.04581,1.31,2.62
2016.10.23 23:18:37.812,1.04566,1.04581,1.12,2.62
2016.10.23 23:18:38.248,1.04566,1.04581,1.87,2.62
2016.10.23 23:18:38.586,1.04566,1.04581,2.06,2.25
2016.10.23 23:18:38.694,1.04566,1.04581,2.06,1.12
2016.10.23 23:18:42.331,1.04562,1.04576,2.06,1.00
2016.10.23 23:18:42.383,1.04562,1.04576,1.87,1.00
2016.10.23 23:18:42.764,1.04557,1.04574,2.44,1.87
2016.10.23 23:18:43.972,1.04557,1.04574,2.06,2.25
2016.10.23 23:18:44.285,1.04557,1.04573,1.87,1.12
2016.10.23 23:18:44.337,1.04551,1.04565,1.94,1.12
2016.10.23 23:18:44.388,1.04551,1.04565,1.56,1.12
2016.10.23 23:18:44.441,1.04552,1.04565,1.19,1.12
2016.10.23 23:18:44.493,1.04552,1.04565,1.19,1.12
2016.10.23 23:18:44.545,1.04551,1.04565,1.69,1.12
2016.10.23 23:18:44.596,1.04551,1.04565,1.12,1.12
2016.10.23 23:18:44.647,1.0455,1.04565,2.06,1.50
2016.10.23 23:18:44.699,1.0455,1.04565,2.06,1.50
2016.10.23 23:18:46.169,1.0455,1.04565,1.87,1.50
2016.10.23 23:18:46.221,1.0455,1.04564,1.87,1.00
2016.10.23 23:18:47.132,1.0455,1.04565,1.87,1.50
2016.10.23 23:18:50.735,1.0455,1.04565,2.06,1.50
2016.10.23 23:18:50.837,1.0455,1.04565,1.69,1.12
2016.10.23 23:18:50.990,1.0455,1.04565,1.50,1.12
2016.10.23 23:18:51.042,1.04548,1.0456,2.00,1.12
2016.10.23 23:18:51.741,1.04549,1.0456,1.37,1.12
2016.10.23 23:18:51.860,1.04549,1.0456,1.00,1.12
2016.10.23 23:18:53.059,1.04549,1.04561,1.00,1.12
2016.10.23 23:18:53.168,1.0455,1.04565,1.00,2.62
2016.10.23 23:18:53.270,1.0455,1.04564,1.00,1.50
2016.10.23 23:18:53.426,1.04548,1.04563,1.31,1.37
2016.10.23 23:18:53.530,1.04548,1.04563,1.12,1.37
2016.10.23 23:18:54.445,1.04547,1.0456,1.00,1.12
2016.10.23 23:19:00.170,1.04546,1.0456,1.25,1.12
2016.10.23 23:19:06.334,1.04547,1.0456,1.19,1.12
2016.10.23 23:19:14.649,1.04547,1.04562,1.19,1.00
2016.10.23 23:19:15.851,1.04546,1.04562,2.44,1.00
2016.10.23 23:19:17.074,1.04547,1.04562,1.19,1.00
2016.10.23 23:19:18.890,1.04553,1.04563,1.25,1.50
2016.10.23 23:19:18.941,1.04553,1.04563,1.31,1.50
2016.10.23 23:19:18.992,1.04558,1.04566,1.00,1.12
2016.10.23 23:19:19.043,1.04558,1.04566,1.25,1.12
2016.10.23 23:19:19.094,1.04561,1.04571,1.00,1.12
2016.10.23 23:19:19.492,1.04561,1.04576,1.87,1.87
2016.10.23 23:19:19.760,1.04561,1.04576,1.12,2.62
2016.10.23 23:19:20.015,1.04561,1.04576,1.31,2.62
2016.10.23 23:19:20.066,1.04561,1.04576,2.06,1.87
2016.10.23 23:19:20.117,1.04561,1.04576,2.06,1.87
2016.10.23 23:19:20.168,1.04561,1.04576,2.81,1.12
2016.10.23 23:19:20.270,1.04561,1.04576,1.87,1.87
2016.10.23 23:19:20.321,1.04561,1.04576,1.87,1.87
2016.10.23 23:19:21.017,1.04561,1.04576,1.12,1.87
2016.10.23 23:19:27.602,1.04561,1.04573,1.12,1.00
2016.10.23 23:19:27.755,1.04557,1.04573,1.00,1.87
2016.10.23 23:19:27.806,1.04556,1.04572,2.06,1.00
2016.10.23 23:19:28.079,1.04557,1.04573,1.00,1.12
2016.10.23 23:19:28.504,1.04558,1.04573,1.19,1.12
2016.10.23 23:19:31.907,1.04559,1.04573,1.25,1.12
2016.10.23 23:19:32.980,1.04559,1.04573,1.00,1.12
2016.10.23 23:19:33.582,1.0456,1.04573,1.00,1.12
2016.10.23 23:19:34.180,1.04558,1.04573,1.25,1.12
2016.10.23 23:19:34.283,1.04558,1.04573,1.00,1.12
2016.10.23 23:19:43.301,1.04561,1.04573,1.00,1.12
2016.10.23 23:19:43.635,1.04559,1.04573,1.00,1.12
2016.10.23 23:19:46.855,1.04558,1.04573,1.12,1.12
2016.10.23 23:19:48.416,1.04556,1.04573,2.81,1.12
2016.10.23 23:19:48.518,1.04557,1.04573,1.62,1.12
2016.10.23 23:19:53.668,1.04557,1.04573,1.37,1.12
2016.10.23 23:19:53.719,1.04557,1.04573,1.37,1.87
2016.10.23 23:19:53.928,1.0456,1.04573,1.00,1.12
2016.10.23 23:19:53.979,1.0456,1.04576,1.87,1.37
2016.10.23 23:19:54.549,1.0456,1.04576,1.87,1.00
2016.10.23 23:19:55.520,1.0456,1.04577,1.87,2.62
2016.10.23 23:19:55.623,1.04562,1.04577,1.00,2.62
2016.10.23 23:19:55.725,1.0456,1.04577,1.87,2.62
2016.10.23 23:19:56.377,1.0456,1.04577,1.87,1.12
2016.10.23 23:19:56.475,1.0456,1.04577,2.06,1.12
2016.10.23 23:20:00.821,1.04561,1.04577,1.56,1.12
2016.10.23 23:20:00.873,1.04563,1.04577,1.19,1.12
2016.10.23 23:20:01.836,1.04562,1.04577,1.56,1.12
2016.10.23 23:20:01.887,1.04562,1.04577,1.19,1.12
2016.10.23 23:20:01.938,1.04561,1.04577,1.31,1.12
2016.10.23 23:20:03.219,1.04561,1.04577,2.06,1.12
2016.10.23 23:20:03.270,1.04561,1.04577,1.31,1.12
2016.10.23 23:20:04.243,1.0456,1.04577,2.44,1.12
2016.10.23 23:20:07.362,1.04561,1.04577,1.31,1.12
2016.10.23 23:20:07.464,1.0456,1.04577,2.44,1.12
2016.10.23 23:20:11.394,1.04561,1.04577,1.31,1.87
2016.10.23 23:20:11.572,1.04561,1.04577,1.31,1.12
2016.10.23 23:20:16.869,1.04561,1.04577,1.19,1.50
2016.10.23 23:20:21.704,1.0456,1.04577,2.06,1.50
2016.10.23 23:20:23.993,1.0456,1.04572,1.12,1.00
2016.10.23 23:20:24.045,1.04558,1.04572,1.69,1.87
2016.10.23 23:20:25.008,1.04557,1.04572,2.44,1.12
2016.10.23 23:20:25.999,1.04558,1.04572,1.25,1.12
2016.10.23 23:20:29.299,1.04557,1.04572,2.44,1.87
2016.10.23 23:20:29.401,1.04557,1.04572,2.06,1.87
2016.10.23 23:20:31.810,1.04557,1.04572,1.31,1.87
2016.10.23 23:20:34.067,1.04557,1.04572,1.31,1.12
2016.10.23 23:20:34.132,1.04557,1.04572,1.12,1.12
2016.10.23 23:20:34.191,1.04557,1.04572,1.12,1.87
2016.10.23 23:20:37.876,1.04557,1.04572,1.12,1.12
2016.10.23 23:20:44.848,1.04556,1.0457,1.25,1.12
2016.10.23 23:20:46.784,1.04554,1.0457,1.19,1.12
2016.10.23 23:21:06.506,1.04554,1.0457,1.31,1.12
2016.10.23 23:21:06.557,1.04554,1.0457,1.69,1.12
2016.10.23 23:21:08.832,1.04554,1.0457,1.69,1.87
2016.10.23 23:21:15.531,1.04554,1.0457,1.69,1.12
2016.10.23 23:21:16.928,1.04554,1.0457,1.69,1.87
2016.10.23 23:21:18.046,1.04554,1.0457,1.69,1.12
2016.10.23 23:21:22.612,1.04554,1.0457,1.69,1.87
2016.10.23 23:21:22.943,1.04554,1.0457,1.69,1.12
2016.10.23 23:21:24.924,1.04554,1.04571,2.81,1.87
2016.10.23 23:21:26.793,1.04554,1.04571,2.44,1.87
2016.10.23 23:21:27.547,1.04554,1.0457,2.44,1.00
2016.10.23 23:21:27.649,1.04555,1.0457,1.19,1.00
2016.10.23 23:21:36.369,1.04554,1.04571,1.69,1.12
2016.10.23 23:21:37.082,1.04554,1.04566,1.69,1.00
2016.10.23 23:21:37.184,1.04554,1.04571,2.44,1.87
2016.10.23 23:21:37.286,1.04555,1.04571,1.19,1.12
2016.10.23 23:21:37.742,1.04555,1.04571,1.19,1.87
2016.10.23 23:21:38.468,1.04554,1.04571,2.44,1.12
2016.10.23 23:21:39.040,1.04556,1.04571,1.19,1.87
2016.10.23 23:21:39.826,1.04556,1.04571,1.00,1.87
2016.10.23 23:21:41.370,1.04555,1.0457,1.25,1.00
2016.10.23 23:21:41.474,1.04554,1.04571,2.44,1.12
2016.10.23 23:21:41.663,1.04555,1.0457,1.25,1.00
2016.10.23 23:21:41.755,1.04555,1.04571,1.25,1.12
2016.10.23 23:21:41.857,1.04554,1.04571,2.44,1.87
2016.10.23 23:21:42.515,1.04556,1.04571,1.00,1.87
2016.10.23 23:21:43.888,1.04555,1.04571,1.25,1.87
2016.10.23 23:21:49.290,1.04555,1.04571,1.25,1.12
2016.10.23 23:21:55.781,1.04555,1.04571,1.25,1.87
2016.10.23 23:22:01.914,1.04555,1.04569,1.25,1.00
2016.10.23 23:22:02.841,1.04554,1.04567,1.25,1.12
2016.10.23 23:22:02.900,1.04553,1.04567,1.00,1.12
2016.10.23 23:22:03.995,1.0455,1.04565,2.06,1.00
2016.10.23 23:22:04.617,1.0455,1.04564,1.31,1.00
2016.10.23 23:22:07.798,1.0455,1.04565,1.31,1.00
2016.10.23 23:22:08.001,1.04551,1.04564,1.00,1.00
2016.10.23 23:22:08.331,1.04551,1.04564,1.00,1.12
2016.10.23 23:22:08.809,1.0455,1.04565,1.31,1.37
2016.10.23 23:22:10.400,1.0455,1.04564,1.31,1.12
2016.10.23 23:22:10.814,1.0455,1.04566,1.31,1.50
2016.10.23 23:22:11.217,1.0455,1.04564,1.31,1.12
2016.10.23 23:22:13.377,1.0455,1.04564,1.12,1.12
2016.10.23 23:22:17.053,1.04551,1.04564,1.00,1.12
2016.10.23 23:22:18.034,1.0455,1.04565,1.12,1.37
2016.10.23 23:22:23.158,1.04549,1.04565,1.00,2.25
2016.10.23 23:22:24.251,1.04549,1.04564,1.00,1.12
2016.10.23 23:22:24.920,1.0455,1.04564,1.00,1.12
2016.10.23 23:22:30.595,1.0455,1.04564,1.00,1.00
2016.10.23 23:22:32.058,1.04549,1.04565,1.00,1.50
2016.10.23 23:22:32.473,1.0455,1.04565,1.00,1.12
2016.10.23 23:22:32.524,1.0455,1.04565,1.19,1.12
2016.10.23 23:22:32.576,1.04551,1.04565,1.00,1.87
2016.10.23 23:22:32.627,1.04551,1.04565,1.19,1.87
2016.10.23 23:22:32.997,1.0455,1.04565,1.19,1.12
2016.10.23 23:22:33.363,1.04549,1.04565,1.31,1.12
2016.10.23 23:22:37.483,1.04552,1.04565,1.19,1.12
2016.10.23 23:22:37.825,1.04553,1.04568,1.31,1.50
2016.10.23 23:22:38.014,1.04553,1.04568,2.06,1.50
2016.10.23 23:22:38.117,1.04553,1.04568,1.31,1.50
2016.10.23 23:22:38.700,1.04553,1.04568,2.06,1.50
2016.10.23 23:22:38.803,1.04553,1.04568,1.31,1.50
2016.10.23 23:22:42.001,1.04553,1.04568,1.12,1.50
2016.10.23 23:22:45.069,1.04553,1.04568,1.31,1.50
2016.10.23 23:22:48.042,1.04551,1.04564,1.00,1.12
2016.10.23 23:22:48.144,1.04549,1.04564,1.31,1.12
2016.10.23 23:22:51.431,1.0455,1.04564,1.00,1.12
2016.10.23 23:22:51.535,1.04549,1.04564,1.87,1.12
2016.10.23 23:22:53.180,1.04549,1.04564,2.44,1.12
2016.10.23 23:22:53.231,1.04553,1.04564,1.00,1.12
2016.10.23 23:22:54.248,1.04554,1.04564,1.00,1.12
2016.10.23 23:22:54.733,1.04551,1.04564,1.31,1.12
2016.10.23 23:22:55.412,1.0455,1.04564,1.69,1.12
2016.10.23 23:22:59.512,1.0455,1.04564,1.31,1.12
2016.10.23 23:22:59.564,1.0455,1.04564,1.19,1.12
2016.10.23 23:23:01.802,1.0455,1.04564,1.25,1.12
2016.10.23 23:23:01.855,1.04549,1.04564,2.06,1.12
2016.10.23 23:23:01.907,1.04549,1.04564,1.12,1.50
2016.10.23 23:23:07.225,1.04547,1.04561,1.19,1.12
2016.10.23 23:23:07.276,1.04544,1.04561,1.87,1.12
2016.10.23 23:23:07.327,1.04543,1.04555,1.50,1.12
2016.10.23 23:23:07.621,1.0454,1.04555,1.69,1.50
2016.10.23 23:23:07.690,1.0454,1.04555,2.06,1.87
2016.10.23 23:23:13.227,1.0454,1.04555,2.06,1.50
2016.10.23 23:23:13.521,1.0454,1.04555,2.06,1.50
2016.10.23 23:23:13.572,1.0454,1.04555,2.06,1.12
2016.10.23 23:23:17.132,1.04544,1.0456,1.19,1.50
2016.10.23 23:23:18.702,1.04543,1.0456,2.44,1.50
2016.10.23 23:23:19.184,1.04543,1.0456,2.44,1.50
2016.10.23 23:23:19.262,1.04549,1.04563,1.31,2.25
2016.10.23 23:23:19.313,1.0455,1.04563,1.19,1.12
2016.10.23 23:23:19.365,1.0455,1.04564,1.56,1.50
2016.10.23 23:23:19.417,1.0455,1.04564,1.56,1.12
2016.10.23 23:23:19.468,1.04549,1.04564,2.06,1.12
2016.10.23 23:23:19.570,1.04549,1.04564,1.69,1.50
2016.10.23 23:23:19.622,1.04549,1.04564,1.31,1.50
2016.10.23 23:23:20.277,1.0455,1.04564,1.19,1.50
2016.10.23 23:23:23.886,1.04549,1.04564,1.31,1.50
2016.10.23 23:23:24.096,1.0455,1.04564,1.19,1.50
2016.10.23 23:23:24.882,1.04549,1.04564,1.31,1.50
2016.10.23 23:23:30.522,1.04552,1.04564,1.19,1.50
2016.10.23 23:23:30.726,1.04551,1.04564,1.00,1.50
2016.10.23 23:23:32.096,1.0455,1.04564,1.00,1.50
2016.10.23 23:23:33.199,1.04549,1.04564,2.06,1.50
2016.10.23 23:23:33.403,1.0455,1.04564,1.00,1.50
2016.10.23 23:23:34.670,1.0455,1.04564,1.00,1.12
2016.10.23 23:23:34.823,1.04549,1.04564,1.31,1.12
2016.10.23 23:23:35.258,1.04549,1.04564,1.12,1.12
2016.10.23 23:23:36.582,1.04549,1.04564,1.31,1.12
2016.10.23 23:23:37.309,1.04549,1.04564,1.69,1.12
2016.10.23 23:23:37.432,1.04553,1.04564,1.00,1.12
2016.10.23 23:23:39.445,1.04553,1.04567,1.00,1.87
2016.10.23 23:23:43.237,1.04553,1.04567,1.00,1.12
2016.10.23 23:23:43.754,1.04552,1.04567,1.00,1.12
2016.10.23 23:23:43.856,1.04554,1.04567,1.00,1.12
2016.10.23 23:23:44.537,1.04552,1.04567,1.00,1.12
2016.10.23 23:23:45.208,1.04552,1.04567,1.00,1.87
2016.10.23 23:23:45.723,1.04553,1.04567,1.00,1.12
2016.10.23 23:23:47.370,1.04553,1.04567,1.00,1.87
2016.10.23 23:23:53.126,1.04554,1.04567,1.00,1.12
2016.10.23 23:23:53.736,1.04553,1.04567,1.00,1.87
2016.10.23 23:23:53.838,1.04553,1.04567,1.00,1.12
2016.10.23 23:23:54.685,1.04553,1.04567,1.00,1.87
2016.10.23 23:24:00.489,1.04555,1.04567,1.00,1.12
2016.10.23 23:24:00.540,1.04555,1.04571,1.00,1.87
2016.10.23 23:24:00.745,1.04556,1.04571,1.00,1.12
2016.10.23 23:24:01.863,1.04555,1.04571,1.12,1.12
2016.10.23 23:24:02.292,1.04556,1.04571,1.00,1.12
2016.10.23 23:24:11.095,1.04557,1.04571,1.00,1.12
2016.10.23 23:24:13.702,1.04555,1.04571,1.12,1.12
2016.10.23 23:24:14.463,1.04556,1.04571,1.00,1.12
2016.10.23 23:24:20.646,1.04556,1.04571,1.87,1.12
2016.10.23 23:24:27.521,1.04557,1.04571,1.00,1.12
2016.10.23 23:24:28.078,1.04558,1.04571,1.00,1.12
2016.10.23 23:24:29.501,1.04561,1.04573,1.00,1.00
2016.10.23 23:24:29.603,1.04561,1.04576,1.00,1.87
2016.10.23 23:24:30.329,1.0456,1.04576,1.00,1.87
2016.10.23 23:24:30.433,1.04559,1.04576,1.12,1.87
2016.10.23 23:24:32.063,1.04559,1.04576,1.12,1.12
2016.10.23 23:24:32.793,1.04559,1.04576,1.12,1.87
2016.10.23 23:24:38.519,1.04559,1.04576,1.12,1.12
2016.10.23 23:24:40.543,1.0456,1.04576,1.00,1.87
2016.10.23 23:24:41.450,1.04559,1.04575,1.12,1.00
2016.10.23 23:24:41.654,1.04559,1.04576,1.12,1.12
2016.10.23 23:24:43.128,1.04559,1.04576,1.12,1.87
2016.10.23 23:24:43.724,1.04559,1.04576,1.87,1.12
2016.10.23 23:24:44.733,1.04561,1.04576,1.00,1.12
2016.10.23 23:24:45.834,1.04565,1.04579,1.12,1.75
2016.10.23 23:24:45.886,1.04565,1.04579,1.12,1.37
2016.10.23 23:24:45.938,1.04566,1.04582,1.00,2.81
2016.10.23 23:24:45.990,1.04566,1.04582,1.00,2.62
2016.10.23 23:24:46.041,1.04565,1.04582,1.87,1.87
2016.10.23 23:24:47.062,1.04566,1.04582,1.00,1.87
2016.10.23 23:24:49.088,1.04567,1.04582,1.00,1.87
2016.10.23 23:24:51.308,1.04567,1.04582,1.00,1.12
2016.10.23 23:24:53.179,1.04565,1.04582,1.50,1.12
2016.10.23 23:24:53.877,1.04565,1.04582,1.50,1.87
2016.10.23 23:24:54.211,1.04565,1.04582,1.12,2.25
2016.10.23 23:24:54.314,1.04565,1.04582,1.12,2.44
2016.10.23 23:24:54.365,1.04565,1.04578,1.12,1.00
2016.10.23 23:24:57.344,1.04565,1.04582,1.12,1.50
2016.10.23 23:24:57.446,1.04565,1.04582,1.12,2.25
2016.10.23 23:24:57.650,1.04565,1.04582,1.12,1.50
2016.10.23 23:24:59.693,1.04569,1.04582,1.00,2.25
2016.10.23 23:24:59.745,1.04569,1.04582,1.87,1.12
2016.10.23 23:24:59.796,1.0457,1.04583,1.00,1.50
2016.10.23 23:25:00.118,1.0457,1.04583,1.00,1.00
2016.10.23 23:25:00.652,1.04569,1.04584,1.12,1.00
2016.10.23 23:25:00.805,1.04569,1.04584,1.12,1.25
2016.10.23 23:25:00.856,1.04569,1.04581,1.12,1.00
2016.10.23 23:25:00.958,1.04566,1.04581,1.12,1.87
2016.10.23 23:25:01.060,1.04566,1.04581,1.12,1.12
2016.10.23 23:25:04.595,1.04566,1.04581,1.87,1.12
2016.10.23 23:25:07.408,1.04567,1.04581,1.00,1.12
2016.10.23 23:25:13.601,1.04566,1.04581,1.87,1.12
2016.10.23 23:25:13.776,1.04566,1.04581,1.12,1.12
2016.10.23 23:25:14.198,1.04567,1.04581,1.00,1.12
2016.10.23 23:25:16.886,1.04566,1.04579,1.87,1.00
2016.10.23 23:25:17.115,1.04566,1.04581,1.12,1.87
2016.10.23 23:25:17.218,1.04566,1.0458,1.12,1.00
2016.10.23 23:25:17.912,1.04566,1.04581,1.12,1.12
2016.10.23 23:25:18.204,1.04566,1.04579,1.12,1.00
2016.10.23 23:25:18.801,1.04566,1.04578,1.12,1.00
2016.10.23 23:25:18.852,1.04562,1.04577,1.87,1.12
2016.10.23 23:25:19.780,1.04562,1.04577,1.12,1.12
2016.10.23 23:25:38.839,1.04562,1.04578,1.12,1.25
2016.10.23 23:25:42.844,1.04562,1.04575,1.12,1.00
2016.10.23 23:25:42.947,1.04562,1.04573,1.12,1.00
2016.10.23 23:25:43.049,1.04562,1.04575,1.12,1.00
2016.10.23 23:25:43.816,1.04562,1.04576,1.12,1.25
2016.10.23 23:25:44.270,1.04562,1.04573,1.12,1.00
2016.10.23 23:25:44.796,1.04562,1.04574,1.12,1.00
2016.10.23 23:25:45.225,1.04562,1.04577,1.12,1.00
2016.10.23 23:25:45.428,1.04562,1.04579,1.12,2.62
2016.10.23 23:25:46.864,1.04562,1.04577,1.87,1.00
2016.10.23 23:25:47.337,1.04562,1.04579,1.12,2.62
2016.10.23 23:25:58.876,1.04561,1.04578,3.37,1.50
2016.10.23 23:25:58.955,1.04562,1.04577,1.12,1.12
2016.10.23 23:26:19.271,1.04562,1.04578,1.12,1.00
2016.10.23 23:26:22.926,1.04562,1.04578,1.87,1.00
2016.10.23 23:26:23.187,1.04564,1.04578,1.00,1.00
2016.10.23 23:26:23.289,1.04562,1.04577,1.87,1.00
2016.10.23 23:26:23.901,1.04564,1.04578,1.00,1.00
2016.10.23 23:26:28.304,1.04562,1.04577,1.87,1.00
2016.10.23 23:26:28.355,1.04562,1.04577,2.25,1.00
2016.10.23 23:26:28.407,1.04562,1.04577,2.62,1.00
2016.10.23 23:26:28.458,1.04562,1.04577,2.25,1.12
2016.10.23 23:26:28.509,1.04562,1.04577,1.87,1.50
2016.10.23 23:26:29.294,1.04562,1.04577,1.12,1.00
2016.10.23 23:26:31.359,1.04562,1.04578,1.12,1.37
2016.10.23 23:26:31.411,1.04562,1.04578,1.12,1.00
2016.10.23 23:26:31.513,1.04562,1.04579,1.87,1.87
2016.10.23 23:26:32.053,1.04562,1.04578,1.87,1.00
2016.10.23 23:26:35.135,1.04562,1.04577,1.87,1.00
2016.10.23 23:26:35.740,1.04562,1.04578,1.87,1.00
2016.10.23 23:26:36.631,1.04562,1.04578,1.12,1.00
2016.10.23 23:26:37.559,1.04562,1.04579,1.12,2.25
2016.10.23 23:26:37.665,1.04561,1.04575,1.12,1.12
2016.10.23 23:26:41.886,1.0456,1.04575,1.37,1.12
2016.10.23 23:26:42.654,1.04562,1.04575,1.00,1.12
2016.10.23 23:26:43.236,1.0456,1.04575,1.37,1.12
2016.10.23 23:26:44.422,1.04561,1.04575,1.12,1.12
2016.10.23 23:26:54.079,1.04562,1.04575,1.00,1.12
2016.10.23 23:26:54.181,1.0456,1.04575,1.37,1.12
2016.10.23 23:26:54.743,1.04559,1.04575,2.44,1.12
2016.10.23 23:26:55.050,1.0456,1.04575,1.62,1.12
2016.10.23 23:26:57.437,1.0456,1.04576,1.62,1.12
2016.10.23 23:26:58.606,1.0456,1.04576,1.37,1.12
2016.10.23 23:27:01.907,1.0456,1.04576,1.00,1.12
2016.10.23 23:27:03.015,1.04559,1.04576,2.06,1.12
2016.10.23 23:27:03.295,1.04561,1.04576,1.00,1.87
2016.10.23 23:27:03.448,1.04561,1.04576,1.00,2.06
2016.10.23 23:27:03.500,1.04559,1.04573,1.12,1.00
2016.10.23 23:27:03.879,1.04552,1.04567,2.55,1.12
2016.10.23 23:27:03.930,1.04552,1.04567,1.87,1.12
2016.10.23 23:27:03.981,1.04552,1.04567,1.12,1.87
2016.10.23 23:27:04.259,1.04552,1.04567,1.12,1.12
2016.10.23 23:27:05.054,1.04552,1.04567,1.87,1.12
2016.10.23 23:27:05.681,1.04552,1.04567,2.06,1.12
2016.10.23 23:27:07.811,1.04554,1.04567,1.00,1.12
2016.10.23 23:27:08.810,1.04553,1.04567,1.00,1.12
2016.10.23 23:27:13.483,1.04552,1.04566,1.87,1.00
2016.10.23 23:27:16.823,1.04552,1.04566,1.12,1.00
2016.10.23 23:27:17.584,1.04552,1.04565,1.12,1.00
2016.10.23 23:27:18.464,1.04552,1.04566,1.12,1.00
2016.10.23 23:27:20.928,1.04552,1.04564,1.12,1.00
2016.10.23 23:27:21.488,1.04552,1.04566,1.12,1.00
2016.10.23 23:27:22.018,1.04552,1.04564,1.12,1.00
2016.10.23 23:27:23.772,1.04552,1.04562,1.12,1.00
2016.10.23 23:27:23.875,1.04548,1.04562,1.87,1.00
2016.10.23 23:27:24.606,1.04549,1.04565,1.00,1.12
2016.10.23 23:27:25.122,1.04551,1.04565,1.00,1.12
2016.10.23 23:27:25.590,1.04551,1.04565,1.00,1.87
2016.10.23 23:27:31.801,1.04548,1.04562,1.12,1.00
2016.10.23 23:27:32.005,1.04548,1.04562,1.87,1.00
2016.10.23 23:27:32.817,1.04548,1.04564,1.87,1.00
2016.10.23 23:27:33.021,1.0455,1.04564,1.00,1.00
2016.10.23 23:27:33.123,1.0455,1.04565,1.00,1.12
2016.10.23 23:27:33.986,1.04551,1.04565,1.00,1.12
2016.10.23 23:27:35.231,1.0455,1.04565,1.00,1.12
2016.10.23 23:27:35.547,1.04552,1.04565,1.00,1.12
2016.10.23 23:27:36.258,1.04551,1.04565,1.00,1.87
2016.10.23 23:27:36.311,1.04552,1.04565,1.00,1.12
2016.10.23 23:27:36.551,1.04551,1.04565,1.00,1.87
2016.10.23 23:27:36.612,1.04551,1.04565,1.00,1.12
2016.10.23 23:27:36.715,1.04551,1.04565,1.00,1.87
2016.10.23 23:27:37.232,1.04552,1.04565,1.00,1.12
2016.10.23 23:27:37.926,1.04551,1.04565,1.00,1.12
2016.10.23 23:27:38.029,1.04552,1.04566,1.12,1.00
2016.10.23 23:27:38.225,1.04552,1.04567,1.12,1.50
2016.10.23 23:27:39.749,1.04552,1.04565,1.87,1.00
2016.10.23 23:27:40.427,1.04552,1.04566,1.87,1.00
2016.10.23 23:27:44.186,1.04552,1.04568,1.87,1.12
2016.10.23 23:27:45.051,1.04552,1.04566,1.87,1.00
2016.10.23 23:27:46.027,1.04552,1.04567,1.87,1.00
2016.10.23 23:27:46.865,1.04552,1.04566,1.12,1.00
2016.10.23 23:27:47.429,1.04552,1.04564,1.12,1.00
2016.10.23 23:27:47.532,1.04552,1.04566,1.87,1.00
2016.10.23 23:27:47.634,1.04552,1.04569,1.12,3.37
2016.10.23 23:27:47.686,1.04552,1.04569,1.12,2.62
2016.10.23 23:27:47.737,1.04552,1.04568,1.12,1.12
2016.10.23 23:27:47.788,1.04552,1.04568,1.12,1.00
2016.10.23 23:27:48.164,1.04552,1.04565,1.12,1.00
2016.10.23 23:27:48.632,1.04552,1.04567,1.12,1.12
2016.10.23 23:27:57.760,1.04552,1.04568,1.12,1.37
2016.10.23 23:27:58.634,1.04551,1.04566,1.87,1.12
2016.10.23 23:28:01.793,1.04551,1.04566,1.87,1.87
2016.10.23 23:28:02.755,1.04551,1.04565,1.87,1.00
2016.10.23 23:28:10.512,1.04551,1.04564,1.12,1.00
2016.10.23 23:28:19.352,1.04549,1.04564,2.25,1.00
2016.10.23 23:28:26.518,1.04549,1.04564,1.87,1.00
2016.10.23 23:28:28.710,1.04549,1.04562,1.12,1.00
2016.10.23 23:28:29.107,1.0455,1.04564,1.00,1.00
2016.10.23 23:28:29.706,1.0455,1.04563,1.00,1.00
2016.10.23 23:28:31.829,1.04549,1.04562,1.12,1.00
2016.10.23 23:28:33.118,1.04549,1.04563,1.12,1.00
2016.10.23 23:28:33.220,1.04549,1.04564,1.12,1.69
2016.10.23 23:28:33.970,1.04547,1.04561,1.00,1.00
2016.10.23 23:28:34.481,1.04546,1.0456,1.00,1.00
2016.10.23 23:28:38.465,1.04546,1.04562,1.00,1.12
2016.10.23 23:28:51.667,1.04548,1.04562,1.00,1.12
2016.10.23 23:28:53.937,1.04549,1.04563,1.12,1.00
2016.10.23 23:28:58.375,1.04549,1.04564,1.12,1.87
2016.10.23 23:29:01.796,1.04549,1.04562,1.12,1.00
2016.10.23 23:29:02.370,1.04549,1.04561,1.12,1.00
2016.10.23 23:29:03.058,1.04549,1.0456,1.12,1.00
2016.10.23 23:29:13.402,1.04549,1.04562,1.12,1.00
2016.10.23 23:29:13.707,1.04549,1.0456,1.12,1.00
2016.10.23 23:29:14.070,1.04546,1.0456,2.06,1.00
2016.10.23 23:29:17.431,1.04546,1.04561,1.31,1.87
2016.10.23 23:29:20.532,1.04546,1.04559,2.06,1.00
2016.10.23 23:29:20.685,1.04546,1.04561,1.31,1.87
2016.10.23 23:29:21.583,1.04546,1.04559,2.06,1.00
2016.10.23 23:29:23.525,1.04546,1.0456,2.06,1.00
2016.10.23 23:29:24.101,1.04546,1.04559,1.31,1.00
2016.10.23 23:29:24.912,1.04553,1.04561,1.00,1.12
2016.10.23 23:29:25.043,1.04555,1.04569,1.25,1.87
2016.10.23 23:29:25.145,1.04555,1.04569,1.69,1.87
2016.10.23 23:29:25.196,1.0456,1.04573,1.00,1.00
2016.10.23 23:29:25.299,1.0456,1.04573,1.19,1.00
2016.10.23 23:29:25.401,1.04564,1.04578,1.00,1.00
2016.10.23 23:29:26.128,1.04563,1.04577,1.69,1.00
2016.10.23 23:29:26.179,1.04563,1.04577,1.50,1.00
2016.10.23 23:29:26.231,1.04563,1.04577,1.00,1.00
2016.10.23 23:29:26.283,1.04563,1.04577,1.19,1.00
2016.10.23 23:29:26.335,1.04566,1.04579,1.00,1.87
2016.10.23 23:29:26.438,1.04567,1.04581,1.12,1.75
2016.10.23 23:29:26.490,1.04567,1.04581,1.12,1.37
2016.10.23 23:29:26.542,1.04567,1.04581,1.12,1.00
2016.10.23 23:29:26.892,1.04565,1.04579,1.00,1.12
2016.10.23 23:29:27.045,1.04563,1.04579,1.00,1.12
2016.10.23 23:29:28.055,1.04562,1.04579,2.44,1.12
2016.10.23 23:29:28.221,1.04562,1.04579,2.25,1.12
2016.10.23 23:29:30.160,1.04562,1.04575,1.12,1.12
2016.10.23 23:29:30.212,1.04562,1.04575,1.00,1.12
2016.10.23 23:29:30.816,1.04561,1.04575,1.00,1.12
2016.10.23 23:29:31.256,1.04561,1.04575,1.12,1.12
2016.10.23 23:29:33.039,1.0456,1.04575,1.69,1.12
2016.10.23 23:29:33.141,1.0456,1.04575,1.25,1.87
2016.10.23 23:29:33.610,1.0456,1.04575,1.25,1.12
2016.10.23 23:29:33.816,1.0456,1.04575,1.69,1.12
2016.10.23 23:29:33.918,1.04561,1.04575,1.00,1.12
2016.10.23 23:29:43.323,1.04558,1.0457,1.56,1.12
2016.10.23 23:29:43.375,1.04557,1.0457,1.19,1.50
2016.10.23 23:29:43.850,1.04555,1.0457,2.06,1.50
2016.10.23 23:29:43.952,1.04556,1.0457,1.19,1.50
2016.10.23 23:29:44.054,1.04559,1.0457,1.19,1.50
2016.10.23 23:29:44.156,1.04557,1.0457,1.19,1.50
2016.10.23 23:29:45.960,1.04556,1.0457,1.19,1.50
2016.10.23 23:29:46.811,1.04556,1.0457,1.25,1.50
2016.10.23 23:29:46.862,1.04556,1.0457,1.19,1.50
2016.10.23 23:29:47.569,1.04556,1.0457,1.19,1.12
2016.10.23 23:29:52.305,1.04556,1.0457,1.00,1.12
2016.10.23 23:29:52.356,1.04555,1.0457,1.50,1.50
2016.10.23 23:29:52.458,1.04555,1.0457,1.12,1.50
2016.10.23 23:29:52.664,1.04551,1.04566,2.06,1.12
2016.10.23 23:29:52.715,1.04551,1.04566,1.87,1.12
2016.10.23 23:29:53.058,1.04549,1.04561,1.25,1.12
2016.10.23 23:29:53.109,1.04548,1.04561,1.19,1.12
2016.10.23 23:29:53.796,1.04547,1.04561,1.19,1.12
2016.10.23 23:29:57.748,1.04547,1.0456,1.19,1.00
2016.10.23 23:30:01.681,1.04547,1.04561,1.19,1.50
2016.10.23 23:30:03.575,1.04546,1.04561,1.19,1.50
2016.10.23 23:30:13.029,1.04546,1.04562,1.19,1.87
2016.10.23 23:30:15.907,1.04546,1.04562,1.19,1.87
2016.10.23 23:30:16.638,1.04548,1.04561,1.25,1.37
2016.10.23 23:30:18.048,1.04547,1.04562,1.19,1.87
2016.10.23 23:30:21.616,1.04547,1.04562,1.25,1.87
2016.10.23 23:30:24.563,1.04547,1.04562,1.19,1.87
2016.10.23 23:30:24.724,1.04547,1.04562,1.19,1.50
2016.10.23 23:30:24.775,1.04547,1.04562,1.19,1.12
2016.10.23 23:30:28.563,1.04547,1.04562,1.25,1.12
2016.10.23 23:30:33.387,1.04547,1.04563,1.25,1.87
2016.10.23 23:30:35.364,1.04548,1.04563,1.00,1.87
2016.10.23 23:30:39.565,1.04548,1.04563,1.25,1.87
2016.10.23 23:30:43.564,1.04548,1.04563,1.00,1.87
2016.10.23 23:30:43.666,1.04548,1.04563,1.19,1.87
2016.10.23 23:30:43.717,1.04548,1.04563,1.19,2.25
2016.10.23 23:30:52.479,1.04559,1.04571,1.25,1.87
2016.10.23 23:30:52.786,1.0456,1.04574,1.19,1.87
2016.10.23 23:30:52.866,1.0456,1.04574,1.31,1.12
2016.10.23 23:30:54.067,1.0456,1.04573,1.31,1.00
2016.10.23 23:30:58.916,1.04559,1.04574,2.81,1.12
2016.10.23 23:30:59.018,1.04559,1.04573,2.81,1.00
2016.10.23 23:30:59.348,1.04559,1.04573,2.06,1.00
2016.10.23 23:30:59.462,1.04561,1.04574,1.19,1.87
2016.10.23 23:30:59.811,1.04559,1.04574,1.31,2.62
2016.10.23 23:31:00.016,1.04561,1.04574,1.19,1.87
2016.10.23 23:31:00.383,1.0456,1.04574,1.19,2.62
2016.10.23 23:31:00.724,1.04559,1.04574,2.06,1.87
2016.10.23 23:31:00.995,1.04559,1.04571,1.00,1.12
2016.10.23 23:31:01.201,1.04556,1.04571,1.19,1.12
2016.10.23 23:31:01.693,1.04559,1.04571,1.25,1.12
2016.10.23 23:31:02.493,1.04558,1.04571,1.19,1.12
2016.10.23 23:31:03.502,1.04559,1.04571,1.25,1.12
2016.10.23 23:31:03.553,1.04559,1.04571,1.00,1.12
2016.10.23 23:31:04.062,1.04558,1.04571,1.00,1.12
2016.10.23 23:31:04.601,1.04557,1.04571,1.00,1.12
2016.10.23 23:31:05.409,1.04556,1.04571,1.00,1.12
2016.10.23 23:31:05.827,1.04556,1.04571,1.00,1.87
2016.10.23 23:31:05.930,1.04555,1.0457,1.50,1.00
2016.10.23 23:31:06.267,1.04554,1.0457,1.12,1.00
2016.10.23 23:31:06.318,1.04554,1.0457,1.12,1.25
2016.10.23 23:31:06.472,1.04554,1.0457,1.12,1.00
2016.10.23 23:31:06.523,1.04555,1.0457,1.00,1.00
2016.10.23 23:31:07.601,1.04551,1.04567,1.00,2.62
2016.10.23 23:31:11.817,1.0455,1.04567,1.12,1.87
2016.10.23 23:31:13.518,1.0455,1.04567,1.87,1.87
2016.10.23 23:31:16.897,1.0455,1.04567,1.87,1.50
2016.10.23 23:31:16.948,1.04551,1.04567,1.00,1.50
2016.10.23 23:31:18.453,1.04552,1.04567,1.00,1.50
2016.10.23 23:31:20.346,1.04551,1.04567,1.00,1.50
2016.10.23 23:31:20.449,1.04554,1.04567,1.00,1.50
2016.10.23 23:31:21.340,1.04554,1.04567,1.00,2.25
2016.10.23 23:31:26.161,1.04551,1.04567,1.00,1.50
2016.10.23 23:31:26.520,1.04554,1.0457,1.12,1.87
2016.10.23 23:31:26.673,1.04554,1.0457,1.12,1.12
2016.10.23 23:31:27.427,1.04556,1.04569,1.00,1.00
2016.10.23 23:31:33.408,1.04555,1.04568,1.00,1.00
2016.10.23 23:31:33.460,1.04554,1.04568,1.87,1.00
2016.10.23 23:31:33.937,1.04554,1.04567,1.12,1.00
2016.10.23 23:31:35.526,1.04554,1.04568,1.12,1.00
2016.10.23 23:31:42.837,1.04554,1.04567,1.87,1.00
2016.10.23 23:31:43.375,1.04554,1.04568,1.87,1.00
2016.10.23 23:31:46.409,1.04554,1.04569,1.87,1.00
2016.10.23 23:31:46.629,1.04554,1.04568,1.00,1.12
2016.10.23 23:31:48.233,1.04555,1.04567,1.00,1.00
2016.10.23 23:31:49.144,1.04553,1.04568,1.00,1.87
2016.10.23 23:32:00.474,1.04552,1.04567,1.00,1.00
2016.10.23 23:32:00.788,1.04555,1.04568,1.56,1.87
2016.10.23 23:32:00.891,1.04564,1.04568,1.00,1.00
2016.10.23 23:32:00.993,1.04564,1.0457,1.19,1.00
2016.10.23 23:32:01.045,1.04564,1.04578,1.19,1.12
2016.10.23 23:32:01.096,1.04567,1.04578,1.00,1.12
2016.10.23 23:32:01.597,1.04566,1.04578,1.00,1.12
2016.10.23 23:32:01.700,1.04563,1.04578,1.31,1.12
2016.10.23 23:32:01.803,1.04563,1.04578,1.69,1.12
2016.10.23 23:32:01.855,1.04563,1.04578,1.31,1.12
2016.10.23 23:32:01.907,1.04565,1.04578,1.00,1.12
2016.10.23 23:32:02.727,1.04566,1.04578,1.00,1.12
2016.10.23 23:32:03.969,1.04565,1.04578,1.00,1.12
2016.10.23 23:32:07.092,1.04567,1.04578,1.00,1.12
2016.10.23 23:32:11.183,1.04568,1.04578,1.00,1.12
2016.10.23 23:32:13.549,1.04563,1.04578,2.81,1.12
2016.10.23 23:32:13.675,1.04563,1.04578,2.06,1.12
2016.10.23 23:32:15.406,1.04564,1.04578,1.00,1.12
2016.10.23 23:32:16.956,1.04564,1.04578,1.56,1.12
2016.10.23 23:32:17.007,1.0457,1.04578,1.00,1.12
2016.10.23 23:32:17.110,1.04568,1.04578,1.00,1.12
2016.10.23 23:32:18.187,1.04567,1.04578,1.00,1.12
2016.10.23 23:32:21.632,1.04567,1.0458,1.00,1.12
2016.10.23 23:32:23.302,1.04566,1.0458,1.00,1.12
2016.10.23 23:32:24.734,1.04565,1.0458,1.87,1.12
2016.10.23 23:32:29.898,1.04565,1.0458,1.12,1.12
2016.10.23 23:32:32.977,1.04565,1.0458,1.12,1.87
2016.10.23 23:32:35.257,1.04565,1.0458,1.87,1.87
2016.10.23 23:32:35.771,1.04565,1.04576,1.00,1.12
2016.10.23 23:32:35.823,1.04561,1.04576,1.00,1.12
2016.10.23 23:32:36.353,1.04564,1.04576,1.00,1.12
2016.10.23 23:32:46.858,1.04563,1.04576,1.00,1.12
2016.10.23 23:32:47.242,1.04561,1.04576,1.00,1.12
2016.10.23 23:32:49.594,1.04561,1.04576,1.25,1.12
2016.10.23 23:32:49.646,1.04564,1.04576,1.00,1.12
2016.10.23 23:32:49.749,1.04562,1.04576,1.00,1.12
2016.10.23 23:32:50.153,1.04565,1.04576,1.00,1.12
2016.10.23 23:32:53.348,1.04563,1.04576,1.00,1.12
2016.10.23 23:32:53.501,1.04563,1.04579,1.12,1.37
2016.10.23 23:32:54.130,1.04563,1.0458,1.87,2.62
2016.10.23 23:32:55.267,1.04563,1.04579,1.87,1.37
2016.10.23 23:32:55.672,1.04565,1.0458,1.00,1.87
2016.10.23 23:32:55.877,1.04565,1.0458,1.00,2.62
2016.10.23 23:32:56.477,1.04563,1.0458,1.87,1.87
2016.10.23 23:32:57.549,1.04563,1.0458,1.87,2.06
2016.10.23 23:33:00.317,1.04563,1.0458,1.87,2.44
2016.10.23 23:33:00.412,1.04561,1.04574,1.00,1.00
2016.10.23 23:33:00.463,1.0456,1.04574,2.25,1.00
2016.10.23 23:33:00.514,1.0456,1.04574,1.87,1.00
2016.10.23 23:33:00.567,1.0456,1.04575,1.12,2.25
2016.10.23 23:33:00.884,1.0456,1.04575,1.12,2.44
2016.10.23 23:33:00.936,1.04557,1.04571,1.00,1.12
2016.10.23 23:33:01.445,1.04556,1.04571,1.87,1.12
2016.10.23 23:33:01.951,1.04558,1.04571,1.00,1.12
2016.10.23 23:33:03.196,1.04556,1.04571,1.12,1.12
2016.10.23 23:33:03.698,1.04556,1.04571,1.87,1.12
2016.10.23 23:33:04.060,1.04556,1.04571,1.12,1.12
2016.10.23 23:33:04.795,1.04556,1.04571,1.12,1.87
2016.10.23 23:33:13.362,1.04556,1.04571,1.12,1.12
2016.10.23 23:33:13.566,1.04556,1.04571,1.12,1.87
2016.10.23 23:33:13.617,1.04556,1.04571,1.12,2.62
2016.10.23 23:33:13.668,1.04553,1.04567,1.25,1.12
2016.10.23 23:33:14.794,1.04554,1.04567,1.00,1.12
2016.10.23 23:33:15.909,1.04553,1.04567,1.25,1.12
2016.10.23 23:33:16.943,1.04553,1.04567,1.00,1.12
2016.10.23 23:33:16.994,1.04553,1.04567,1.00,1.87
2016.10.23 23:33:17.096,1.04552,1.04567,1.87,1.87
2016.10.23 23:33:17.148,1.04552,1.04566,1.87,1.00
2016.10.23 23:33:17.856,1.04553,1.04566,1.00,1.00
2016.10.23 23:33:18.015,1.04552,1.04566,1.12,1.00
2016.10.23 23:33:20.879,1.04553,1.04566,1.00,1.50
2016.10.23 23:33:20.982,1.04552,1.04566,1.87,1.50
2016.10.23 23:33:21.304,1.04552,1.04566,1.12,1.50
2016.10.23 23:33:23.470,1.04552,1.04566,1.12,1.00
2016.10.23 23:33:33.518,1.04552,1.04567,1.12,1.12
2016.10.23 23:33:33.653,1.04551,1.04566,1.00,1.12
2016.10.23 23:33:43.440,1.04553,1.04566,1.00,1.12
2016.10.23 23:33:43.972,1.04554,1.04566,1.00,1.12
2016.10.23 23:33:44.505,1.04555,1.04566,1.00,1.12
2016.10.23 23:33:45.495,1.04552,1.04566,1.00,1.12
2016.10.23 23:33:46.532,1.04552,1.04566,1.00,1.87
2016.10.23 23:33:51.912,1.04552,1.04565,1.00,1.00
2016.10.23 23:33:52.027,1.04552,1.04566,1.00,1.12
2016.10.23 23:33:53.796,1.04552,1.04565,1.00,1.12
2016.10.23 23:33:55.667,1.04551,1.04565,1.00,1.12
2016.10.23 23:34:03.324,1.04546,1.0456,1.12,1.12
2016.10.23 23:34:03.520,1.04546,1.0456,1.00,1.50
2016.10.23 23:34:03.571,1.04545,1.0456,1.12,1.50
2016.10.23 23:34:04.697,1.04545,1.0456,1.12,1.69
2016.10.23 23:34:04.749,1.04542,1.04556,1.12,1.12
2016.10.23 23:34:04.803,1.04542,1.04556,1.00,1.12
2016.10.23 23:34:04.854,1.04541,1.04556,1.87,1.12
2016.10.23 23:34:05.236,1.04541,1.04555,1.12,1.00
2016.10.23 23:34:05.288,1.04539,1.04552,1.12,1.12
2016.10.23 23:34:05.339,1.04539,1.04552,1.00,1.12
2016.10.23 23:34:05.603,1.04536,1.04552,1.87,1.12
2016.10.23 23:34:05.654,1.04538,1.04552,1.00,1.12
2016.10.23 23:34:05.774,1.04536,1.04552,1.87,1.12
2016.10.23 23:34:05.826,1.04536,1.04552,1.12,1.12
2016.10.23 23:34:07.957,1.04535,1.04552,1.50,1.87
2016.10.23 23:34:10.478,1.04537,1.04551,1.00,1.00
2016.10.23 23:34:10.543,1.04535,1.04552,2.25,1.12
2016.10.23 23:34:10.978,1.04535,1.04552,2.25,1.87
2016.10.23 23:34:11.764,1.04535,1.04551,1.87,1.00
2016.10.23 23:34:11.855,1.04537,1.04551,1.00,1.50
2016.10.23 23:34:20.686,1.04535,1.04551,1.87,1.50
2016.10.23 23:34:20.891,1.04537,1.04551,1.00,1.50
2016.10.23 23:34:25.598,1.04537,1.04549,1.00,1.12
2016.10.23 23:34:34.697,1.04536,1.04549,1.00,1.12
2016.10.23 23:35:02.775,1.04534,1.04549,1.87,1.12
2016.10.23 23:35:02.959,1.04536,1.04549,1.00,1.12
2016.10.23 23:35:03.523,1.04535,1.04549,1.00,1.12
2016.10.23 23:35:04.524,1.04537,1.04549,1.00,1.12
2016.10.23 23:35:17.168,1.04535,1.04548,1.00,1.00
2016.10.23 23:35:21.553,1.04534,1.04549,1.12,1.87
2016.10.23 23:35:22.874,1.04536,1.04549,1.00,1.12
2016.10.23 23:35:23.398,1.04535,1.04549,1.00,1.12
2016.10.23 23:35:25.476,1.04535,1.04554,1.00,2.36
2016.10.23 23:35:26.562,1.04535,1.04554,1.00,2.17
2016.10.23 23:35:28.193,1.04534,1.04553,1.00,1.75
2016.10.23 23:35:29.416,1.04534,1.04552,1.00,1.50
2016.10.23 23:35:29.472,1.04533,1.04551,1.12,1.37
2016.10.23 23:35:29.574,1.04533,1.04545,1.12,1.12
2016.10.23 23:35:29.779,1.04533,1.04545,1.00,1.12
2016.10.23 23:35:29.884,1.04531,1.04545,1.00,1.12
2016.10.23 23:35:31.184,1.0453,1.04545,1.50,1.12
2016.10.23 23:35:31.235,1.04528,1.04542,1.50,1.12
2016.10.23 23:35:31.286,1.04528,1.04542,1.37,1.12
2016.10.23 23:35:31.337,1.04528,1.04542,1.00,1.12
2016.10.23 23:35:32.214,1.04528,1.04542,1.00,1.87
2016.10.23 23:35:33.568,1.04526,1.04542,1.12,1.12
2016.10.23 23:35:36.107,1.04525,1.04541,2.62,1.00
2016.10.23 23:35:36.311,1.04526,1.04542,1.12,1.87
2016.10.23 23:35:37.337,1.04525,1.04541,2.62,1.00
2016.10.23 23:35:40.177,1.04525,1.0454,2.62,1.00
2016.10.23 23:35:41.791,1.04524,1.04536,1.37,1.12
2016.10.23 23:35:41.893,1.04522,1.04536,1.25,1.12
2016.10.23 23:35:42.276,1.04525,1.04536,1.00,1.12
2016.10.23 23:35:42.814,1.04526,1.04536,1.00,1.12
2016.10.23 23:35:43.379,1.04526,1.0454,1.00,1.00
2016.10.23 23:35:50.787,1.04527,1.04541,1.00,1.87
2016.10.23 23:35:54.766,1.04527,1.04541,1.12,1.87
2016.10.23 23:35:54.822,1.04531,1.04544,1.00,1.12
2016.10.23 23:35:58.698,1.04531,1.04544,1.25,1.12
2016.10.23 23:35:58.750,1.04533,1.04549,1.00,2.25
2016.10.23 23:35:58.801,1.04533,1.04549,1.19,2.25
2016.10.23 23:35:58.852,1.04536,1.04549,1.00,1.50
2016.10.23 23:35:59.005,1.04536,1.04549,1.00,1.12
2016.10.23 23:36:00.512,1.04533,1.04546,1.31,1.00
2016.10.23 23:36:01.266,1.04532,1.04549,2.06,1.12
2016.10.23 23:36:02.015,1.04533,1.04549,1.31,1.12
2016.10.23 23:36:02.118,1.04536,1.04549,1.00,1.12
2016.10.23 23:36:03.013,1.04534,1.04549,1.19,1.12
2016.10.23 23:36:03.287,1.04534,1.04549,1.19,1.50
2016.10.23 23:36:06.146,1.04534,1.04548,1.19,1.12
2016.10.23 23:36:06.611,1.04536,1.04549,1.00,1.87
2016.10.23 23:36:07.320,1.04535,1.04549,1.25,1.87
2016.10.23 23:36:07.432,1.04539,1.04552,1.12,1.12
2016.10.23 23:36:07.483,1.04539,1.04552,1.12,1.12
2016.10.23 23:36:07.827,1.04542,1.04554,1.00,1.12
2016.10.23 23:36:07.878,1.04542,1.04555,1.87,1.12
2016.10.23 23:36:07.929,1.04542,1.04554,1.12,1.00
2016.10.23 23:36:07.982,1.0454,1.04554,1.37,1.87
2016.10.23 23:36:08.237,1.0454,1.04554,1.00,1.87
2016.10.23 23:36:08.838,1.0454,1.04554,1.00,1.12
2016.10.23 23:36:09.163,1.0454,1.04553,1.00,1.00
2016.10.23 23:36:13.061,1.0454,1.04554,1.00,1.12
2016.10.23 23:36:14.041,1.04539,1.04554,1.87,1.12
2016.10.23 23:36:15.310,1.04539,1.04554,3.00,1.12
2016.10.23 23:36:15.361,1.04547,1.04561,1.12,1.37
2016.10.23 23:36:15.412,1.04547,1.04561,1.12,1.00
2016.10.23 23:36:15.868,1.04547,1.04562,1.12,1.12
2016.10.23 23:36:15.970,1.04547,1.0456,1.12,1.00
2016.10.23 23:36:16.727,1.04547,1.0456,1.31,1.00
2016.10.23 23:36:16.802,1.04548,1.04562,1.00,1.12
2016.10.23 23:36:16.853,1.04547,1.04562,2.06,1.87
2016.10.23 23:36:16.904,1.04547,1.04562,1.87,1.87
2016.10.23 23:36:16.955,1.04547,1.0456,1.12,1.00
2016.10.23 23:36:17.657,1.04547,1.04562,1.12,1.87
2016.10.23 23:36:17.861,1.04548,1.04561,1.00,1.00
2016.10.23 23:36:18.065,1.04547,1.04561,1.12,1.00
2016.10.23 23:36:21.158,1.04549,1.04562,1.19,1.12
2016.10.23 23:36:21.465,1.04552,1.04565,1.00,1.37
2016.10.23 23:36:21.567,1.04554,1.04566,1.00,1.50
2016.10.23 23:36:21.619,1.04554,1.04566,1.25,1.50
2016.10.23 23:36:21.670,1.04556,1.04566,1.00,1.50
2016.10.23 23:36:21.722,1.04556,1.04566,1.00,1.12
2016.10.23 23:36:22.249,1.04556,1.04567,1.00,1.12
2016.10.23 23:36:22.853,1.04557,1.04567,1.00,1.12
2016.10.23 23:36:27.281,1.04557,1.0457,1.37,1.12
2016.10.23 23:36:27.332,1.04557,1.0457,1.00,1.50
2016.10.23 23:36:27.980,1.04556,1.0457,1.00,2.25
2016.10.23 23:36:28.309,1.04556,1.0457,1.00,1.50
2016.10.23 23:36:33.816,1.04555,1.04569,1.25,1.00
2016.10.23 23:36:33.867,1.04555,1.04569,1.00,1.00
2016.10.23 23:36:33.919,1.04554,1.04566,1.00,1.12
2016.10.23 23:36:34.021,1.04551,1.04566,1.56,1.12
2016.10.23 23:36:34.072,1.04551,1.04566,1.19,1.50
2016.10.23 23:36:34.124,1.04551,1.04566,1.00,1.50
2016.10.23 23:36:34.531,1.04551,1.04566,1.00,2.25
2016.10.23 23:36:34.998,1.04551,1.04565,1.00,1.00
2016.10.23 23:36:38.980,1.04549,1.04565,1.50,1.00
2016.10.23 23:36:39.034,1.04549,1.04565,2.44,1.00
2016.10.23 23:36:39.085,1.04552,1.04566,1.00,2.25
2016.10.23 23:36:39.589,1.04551,1.04565,1.25,1.00
2016.10.23 23:36:39.640,1.04551,1.04565,1.00,1.00
2016.10.23 23:36:49.109,1.04552,1.04566,1.00,2.25
2016.10.23 23:37:14.647,1.04552,1.04564,1.00,1.12
2016.10.23 23:37:16.841,1.0455,1.04564,1.00,1.12
2016.10.23 23:37:18.891,1.04551,1.04564,1.00,1.12
2016.10.23 23:37:31.869,1.04551,1.04564,1.00,1.87
2016.10.23 23:37:35.666,1.04551,1.04564,1.00,1.00
2016.10.23 23:37:40.609,1.0455,1.04566,1.00,1.87
2016.10.23 23:37:40.712,1.0455,1.04566,1.25,1.87
2016.10.23 23:37:46.315,1.0455,1.04565,1.25,1.00
2016.10.23 23:37:46.418,1.04549,1.04565,1.12,1.12
2016.10.23 23:37:46.470,1.04549,1.04565,1.12,1.50
2016.10.23 23:37:46.728,1.04549,1.04565,1.87,1.00
2016.10.23 23:37:47.238,1.04549,1.04563,1.12,1.00
2016.10.23 23:37:47.442,1.04546,1.04561,2.81,1.12
2016.10.23 23:37:47.595,1.04546,1.04561,2.06,1.12
2016.10.23 23:37:47.799,1.04546,1.04561,2.81,1.87
2016.10.23 23:37:49.028,1.04546,1.04561,2.81,1.12
2016.10.23 23:37:51.231,1.04546,1.04561,2.81,1.87
2016.10.23 23:37:55.409,1.04546,1.0456,1.12,1.00
2016.10.23 23:37:56.148,1.04546,1.04559,1.12,1.00
2016.10.23 23:38:01.006,1.04542,1.04557,2.81,1.87
2016.10.23 23:38:01.323,1.04542,1.04557,2.06,1.12
2016.10.23 23:38:01.823,1.04542,1.04557,1.69,1.12
2016.10.23 23:38:01.874,1.04542,1.04557,1.31,1.12
2016.10.23 23:38:01.925,1.04542,1.04556,1.12,1.00
2016.10.23 23:38:02.029,1.04542,1.04557,1.12,1.12
2016.10.23 23:38:02.131,1.04544,1.04557,1.00,1.87
2016.10.23 23:38:02.519,1.04542,1.04557,1.87,1.87
2016.10.23 23:38:02.758,1.04542,1.04557,1.12,1.12
2016.10.23 23:38:07.124,1.04542,1.04557,1.87,1.87
2016.10.23 23:38:07.989,1.04542,1.04557,2.06,1.87
2016.10.23 23:38:30.321,1.04542,1.04557,1.87,1.87
2016.10.23 23:38:30.373,1.04543,1.04557,1.25,1.87
2016.10.23 23:38:30.578,1.04543,1.04557,1.19,1.87
2016.10.23 23:38:31.055,1.04544,1.04557,1.19,1.12
2016.10.23 23:38:31.259,1.04542,1.04557,2.06,1.12
2016.10.23 23:38:34.843,1.04542,1.04557,1.87,1.12
2016.10.23 23:38:35.459,1.04543,1.04557,1.00,1.12
2016.10.23 23:38:35.780,1.04545,1.04557,1.00,1.12
2016.10.23 23:38:46.990,1.04543,1.04557,1.00,1.12
2016.10.23 23:38:55.304,1.04542,1.04557,1.12,1.50
2016.10.23 23:38:55.355,1.04542,1.04557,1.12,1.87
2016.10.23 23:39:00.778,1.04541,1.04555,1.00,1.12
2016.10.23 23:39:03.124,1.04545,1.04555,1.00,1.12
2016.10.23 23:39:03.431,1.04547,1.04555,1.00,1.12
2016.10.23 23:39:03.889,1.04547,1.0456,1.00,2.25
2016.10.23 23:39:06.417,1.04546,1.0456,1.00,2.25
2016.10.23 23:39:06.596,1.04546,1.0456,1.00,1.50
2016.10.23 23:39:21.183,1.04546,1.0456,1.00,1.12
2016.10.23 23:39:34.108,1.04547,1.0456,1.00,1.12
2016.10.23 23:39:47.165,1.04546,1.0456,1.00,1.12
2016.10.23 23:39:52.191,1.04545,1.0456,1.87,1.12
2016.10.23 23:39:54.402,1.04546,1.0456,1.00,1.12
2016.10.23 23:40:00.615,1.04547,1.0456,1.00,1.12
2016.10.23 23:40:02.175,1.04545,1.0456,1.87,1.12
2016.10.23 23:40:06.547,1.04545,1.0456,1.87,1.50
2016.10.23 23:40:08.696,1.04545,1.0456,1.87,2.25
2016.10.23 23:40:08.799,1.04545,1.04559,1.87,1.37
2016.10.23 23:40:08.851,1.04545,1.04557,1.00,1.50
2016.10.23 23:40:08.902,1.04543,1.04557,1.00,1.50
2016.10.23 23:40:09.451,1.04545,1.04557,1.00,1.50
2016.10.23 23:40:10.108,1.04544,1.04557,1.00,1.50
2016.10.23 23:40:16.918,1.04542,1.04556,1.00,1.00
2016.10.23 23:40:17.020,1.04543,1.04557,1.00,1.50
2016.10.23 23:40:17.626,1.04544,1.04557,1.00,1.50
2016.10.23 23:40:21.220,1.04547,1.04557,1.00,1.50
2016.10.23 23:40:26.621,1.04547,1.04557,1.00,1.12
2016.10.23 23:40:28.309,1.04545,1.04557,1.00,1.12
2016.10.23 23:40:28.926,1.04544,1.04557,1.00,1.12
2016.10.23 23:40:28.978,1.04544,1.04558,1.00,1.87
2016.10.23 23:40:42.127,1.04546,1.04558,1.00,1.87
2016.10.23 23:40:43.130,1.04545,1.04558,1.00,1.87
2016.10.23 23:40:43.284,1.04545,1.04558,1.00,2.62
2016.10.23 23:40:43.437,1.04543,1.04558,1.00,2.62
2016.10.23 23:40:43.904,1.04545,1.04558,1.00,1.87
2016.10.23 23:40:44.001,1.04545,1.04557,1.00,1.37
2016.10.23 23:40:44.578,1.04546,1.04557,1.00,1.37
2016.10.23 23:40:44.935,1.04545,1.04558,1.00,1.87
2016.10.23 23:40:45.038,1.04545,1.04558,1.00,1.50
2016.10.23 23:40:45.089,1.04545,1.04558,1.00,1.12
2016.10.23 23:40:45.868,1.04546,1.04558,1.00,1.12
2016.10.23 23:40:48.623,1.04546,1.04558,1.00,1.50
2016.10.23 23:40:52.059,1.04545,1.04558,1.00,1.50
2016.10.23 23:40:53.533,1.04545,1.04558,1.00,1.12
2016.10.23 23:40:54.040,1.04546,1.0456,1.87,1.00
2016.10.23 23:40:54.091,1.04546,1.04561,1.12,1.87
2016.10.23 23:40:54.643,1.04547,1.04561,1.00,1.87
2016.10.23 23:40:55.692,1.04548,1.04561,1.00,1.87
2016.10.23 23:40:58.577,1.04549,1.04561,1.00,1.87
2016.10.23 23:41:00.487,1.04547,1.04561,1.00,1.87
2016.10.23 23:41:01.670,1.0455,1.04561,1.00,1.87
2016.10.23 23:41:01.721,1.0455,1.04561,1.00,1.12
2016.10.23 23:41:06.006,1.04549,1.04563,1.87,1.00
2016.10.23 23:41:10.676,1.04549,1.04565,1.87,1.87
2016.10.23 23:41:13.402,1.04551,1.04565,1.00,1.87
2016.10.23 23:41:13.682,1.04551,1.04565,1.00,1.12
2016.10.23 23:41:19.562,1.04551,1.04565,1.00,2.06
2016.10.23 23:41:19.614,1.04549,1.04563,1.12,1.00
2016.10.23 23:41:19.767,1.04548,1.04562,1.00,1.87
2016.10.23 23:41:19.818,1.04548,1.04561,1.00,1.00
2016.10.23 23:41:20.608,1.04547,1.04561,1.00,1.00
2016.10.23 23:41:20.776,1.04547,1.04561,1.00,1.50
2016.10.23 23:41:20.982,1.04547,1.04561,1.00,1.00
2016.10.23 23:41:24.117,1.04545,1.04561,2.25,1.50
2016.10.23 23:41:24.466,1.04545,1.04561,2.25,2.25
2016.10.23 23:41:25.353,1.04545,1.04561,1.50,2.25
2016.10.23 23:41:25.455,1.04545,1.0456,1.50,1.00
2016.10.23 23:41:26.923,1.04545,1.0456,1.12,1.12
2016.10.23 23:41:27.362,1.04545,1.0456,1.87,1.12
2016.10.23 23:41:32.328,1.04546,1.0456,1.00,1.12
2016.10.23 23:41:35.413,1.04546,1.0456,1.00,1.87
2016.10.23 23:41:40.349,1.04546,1.0456,1.00,3.00
2016.10.23 23:41:46.131,1.04545,1.04559,1.87,1.12
2016.10.23 23:41:46.182,1.04545,1.04559,1.87,1.50
2016.10.23 23:41:46.603,1.04545,1.04559,2.06,1.50
2016.10.23 23:41:48.069,1.04545,1.04558,2.06,1.00
2016.10.23 23:41:52.801,1.04545,1.04558,1.87,1.00
2016.10.23 23:41:52.903,1.04545,1.04558,1.12,1.00
2016.10.23 23:41:58.336,1.04545,1.04558,1.87,1.00
2016.10.23 23:42:00.619,1.04545,1.04558,1.00,1.87
2016.10.23 23:42:04.220,1.04548,1.04558,1.00,1.87
2016.10.23 23:42:04.559,1.04549,1.04564,1.00,3.00
2016.10.23 23:42:04.611,1.04549,1.04564,1.00,1.87
2016.10.23 23:42:05.183,1.04551,1.04564,1.00,2.62
2016.10.23 23:42:17.414,1.0455,1.04564,1.00,2.62
2016.10.23 23:42:24.640,1.0455,1.04564,1.00,1.50
2016.10.23 23:42:34.362,1.04551,1.04564,1.00,1.00
2016.10.23 23:42:34.464,1.0455,1.04565,1.00,1.12
2016.10.23 23:42:34.516,1.0455,1.04565,1.19,1.12
2016.10.23 23:42:34.567,1.04552,1.04567,1.87,1.12
2016.10.23 23:42:34.618,1.04552,1.04567,1.87,1.00
2016.10.23 23:42:34.670,1.04553,1.04567,1.00,1.00
2016.10.23 23:42:34.721,1.04552,1.04567,1.87,1.50
2016.10.23 23:42:34.976,1.04552,1.04567,1.87,2.25
2016.10.23 23:42:35.574,1.04552,1.04567,1.87,1.50
2016.10.23 23:42:35.625,1.04552,1.04565,1.87,1.00
2016.10.23 23:42:36.867,1.04552,1.04565,1.12,1.00
2016.10.23 23:42:39.009,1.04556,1.04571,1.12,1.00
2016.10.23 23:42:39.085,1.04556,1.04571,1.87,1.00
2016.10.23 23:42:39.545,1.04556,1.04571,1.12,1.00
2016.10.23 23:42:43.384,1.04557,1.04571,1.00,1.00
2016.10.23 23:42:44.119,1.04557,1.04571,1.00,1.19
2016.10.23 23:42:44.565,1.04556,1.04571,1.12,1.19
2016.10.23 23:42:51.695,1.04552,1.04569,1.50,2.25
2016.10.23 23:42:52.530,1.04551,1.04563,1.12,1.00
2016.10.23 23:42:52.582,1.04549,1.04562,1.12,1.00
2016.10.23 23:42:52.633,1.04549,1.04562,1.12,1.69
2016.10.23 23:42:52.685,1.04549,1.04559,1.12,1.00
2016.10.23 23:42:52.787,1.04544,1.04559,1.12,1.87
2016.10.23 23:42:52.839,1.04544,1.04559,1.12,2.25
2016.10.23 23:42:53.043,1.04544,1.04557,1.12,1.00
2016.10.23 23:42:53.197,1.04545,1.04558,1.00,1.00
2016.10.23 23:42:53.785,1.04544,1.04559,1.12,1.87
2016.10.23 23:42:53.990,1.04544,1.04557,1.12,1.00
2016.10.23 23:42:58.697,1.04544,1.04557,1.12,1.50
2016.10.23 23:43:01.506,1.04544,1.04557,1.12,1.00
2016.10.23 23:43:03.301,1.04545,1.04557,1.00,1.00
2016.10.23 23:43:03.405,1.04545,1.04557,1.00,1.50
2016.10.23 23:43:03.579,1.04545,1.04557,1.00,1.00
2016.10.23 23:43:03.875,1.04544,1.04557,1.12,1.00
2016.10.23 23:43:03.926,1.04544,1.04557,1.87,1.00
2016.10.23 23:43:04.391,1.04544,1.04557,1.12,1.00
2016.10.23 23:43:09.914,1.04544,1.04557,1.87,1.00
2016.10.23 23:43:11.010,1.04544,1.04557,1.12,1.00
2016.10.23 23:43:13.343,1.04546,1.04557,1.00,1.00
2016.10.23 23:43:14.295,1.04544,1.04557,1.12,1.00
2016.10.23 23:43:14.392,1.04545,1.04557,1.00,1.00
2016.10.23 23:43:14.920,1.04544,1.04557,1.12,1.00
2016.10.23 23:43:15.023,1.04541,1.04557,1.50,1.87
2016.10.23 23:43:15.381,1.04541,1.04553,1.50,1.00
2016.10.23 23:43:15.474,1.0454,1.04553,1.12,1.00
2016.10.23 23:43:16.015,1.0454,1.04553,1.12,1.50
2016.10.23 23:43:16.117,1.04536,1.04553,1.87,3.37
2016.10.23 23:43:16.169,1.04536,1.04549,1.87,1.00
2016.10.23 23:43:16.220,1.04535,1.04549,1.00,1.87
2016.10.23 23:43:16.832,1.04534,1.04549,1.00,1.87
2016.10.23 23:43:18.576,1.04532,1.04549,2.06,1.87
2016.10.23 23:43:20.308,1.04532,1.04549,1.31,1.87
2016.10.23 23:43:22.231,1.04532,1.04549,2.06,1.87
2016.10.23 23:43:23.146,1.04535,1.04549,1.00,1.87
2016.10.23 23:43:23.960,1.04534,1.04549,1.00,1.12
2016.10.23 23:43:24.643,1.04534,1.04549,1.50,1.12
2016.10.23 23:43:24.918,1.04535,1.04549,1.00,1.12
2016.10.23 23:43:25.166,1.04534,1.04549,1.50,1.12
2016.10.23 23:43:25.525,1.04534,1.04549,1.00,1.12
2016.10.23 23:43:26.042,1.04536,1.04549,1.00,1.12
2016.10.23 23:43:26.146,1.04534,1.04549,1.00,1.12
2016.10.23 23:43:26.738,1.04534,1.04549,1.50,1.12
2016.10.23 23:43:28.358,1.04534,1.04549,1.00,1.12
2016.10.23 23:43:28.573,1.04534,1.04549,1.50,1.12
2016.10.23 23:43:30.728,1.04535,1.04549,1.00,1.87
2016.10.23 23:43:30.833,1.04534,1.04549,1.50,1.12
2016.10.23 23:43:31.582,1.04535,1.04549,1.00,1.12
2016.10.23 23:43:35.879,1.04534,1.04549,1.50,1.12
2016.10.23 23:43:36.408,1.04534,1.04551,2.62,1.87
2016.10.23 23:43:36.939,1.04536,1.04551,1.00,2.62
2016.10.23 23:43:40.250,1.04541,1.04551,1.00,1.00
2016.10.23 23:43:40.302,1.04541,1.04554,1.00,1.87
2016.10.23 23:43:40.455,1.04541,1.04554,1.19,1.87
2016.10.23 23:43:40.506,1.04541,1.04554,1.69,1.87
2016.10.23 23:43:40.557,1.04545,1.04554,1.00,1.00
2016.10.23 23:43:40.608,1.04545,1.04559,1.00,1.87
2016.10.23 23:43:41.272,1.04544,1.04559,1.87,1.87
2016.10.23 23:43:41.769,1.04544,1.04559,2.06,1.87
2016.10.23 23:43:42.047,1.04546,1.04559,1.00,1.87
2016.10.23 23:43:42.772,1.04545,1.04559,1.00,1.87
2016.10.23 23:43:46.787,1.04547,1.04559,1.00,1.87
2016.10.23 23:43:46.890,1.04544,1.04559,2.06,1.87
2016.10.23 23:43:54.907,1.04546,1.04559,1.00,1.87
2016.10.23 23:43:58.076,1.04544,1.04559,2.06,1.87
2016.10.23 23:44:00.689,1.04545,1.04559,1.12,1.00
2016.10.23 23:44:03.899,1.04545,1.04559,1.87,1.00
2016.10.23 23:44:06.032,1.04545,1.04559,1.87,1.50
2016.10.23 23:44:08.656,1.04545,1.04559,1.87,1.00
2016.10.23 23:44:13.437,1.04545,1.04559,1.12,1.00
2016.10.23 23:44:13.817,1.04544,1.04557,1.00,1.12
2016.10.23 23:44:22.241,1.04542,1.04555,1.00,1.00
2016.10.23 23:44:22.577,1.0454,1.04556,2.81,1.00
2016.10.23 23:44:23.249,1.04541,1.04557,1.00,2.62
2016.10.23 23:44:26.557,1.0454,1.04557,2.62,2.62
2016.10.23 23:44:26.659,1.0454,1.04556,2.62,1.00
2016.10.23 23:44:26.763,1.0454,1.04554,1.87,1.00
2016.10.23 23:44:27.217,1.0454,1.04556,1.87,1.12
2016.10.23 23:44:27.268,1.0454,1.04555,1.87,1.00
2016.10.23 23:44:27.370,1.0454,1.04555,2.25,1.00
2016.10.23 23:44:28.098,1.04542,1.04555,1.00,1.00
2016.10.23 23:44:30.068,1.04543,1.04557,1.00,1.87
2016.10.23 23:44:33.137,1.04543,1.04557,1.00,1.12
2016.10.23 23:44:33.698,1.04546,1.04557,1.00,1.12
2016.10.23 23:44:33.953,1.04545,1.04558,1.00,2.25
2016.10.23 23:44:34.492,1.04543,1.04558,1.00,2.25
2016.10.23 23:44:34.907,1.04543,1.04558,1.00,2.44
2016.10.23 23:44:35.009,1.04541,1.04558,2.25,2.44
2016.10.23 23:44:38.143,1.04541,1.04558,2.25,2.44
2016.10.23 23:44:38.222,1.04541,1.04554,1.87,1.00
2016.10.23 23:44:38.274,1.04541,1.04554,1.12,1.00
2016.10.23 23:44:38.377,1.04542,1.04554,1.00,1.00
2016.10.23 23:44:39.717,1.04541,1.04554,1.12,1.00
2016.10.23 23:44:52.274,1.04541,1.04554,1.87,1.00
2016.10.23 23:44:53.410,1.04541,1.04554,1.12,1.00
2016.10.23 23:44:54.031,1.0454,1.04554,1.00,1.00
2016.10.23 23:44:55.239,1.04541,1.04555,1.00,1.12
2016.10.23 23:44:55.341,1.04544,1.04555,1.00,1.12
2016.10.23 23:44:57.761,1.04544,1.04559,1.12,1.69
2016.10.23 23:44:58.631,1.04544,1.04559,1.12,2.44
2016.10.23 23:44:59.511,1.04544,1.04559,1.12,1.69
2016.10.23 23:44:59.562,1.04543,1.04556,1.00,1.12
2016.10.23 23:45:00.081,1.04543,1.04556,1.25,1.12
2016.10.23 23:45:01.073,1.04543,1.04555,1.25,1.12
2016.10.23 23:45:01.338,1.04542,1.04555,1.19,1.12
2016.10.23 23:45:01.491,1.04542,1.04555,1.00,1.12
2016.10.23 23:45:02.867,1.0454,1.04554,1.31,1.00
2016.10.23 23:45:02.918,1.0454,1.04551,1.12,1.00
2016.10.23 23:45:02.969,1.04538,1.04551,1.00,1.87
2016.10.23 23:45:03.020,1.04537,1.04551,1.25,1.12
2016.10.23 23:45:03.123,1.04538,1.04551,1.00,1.12
2016.10.23 23:45:03.703,1.0454,1.04555,1.00,2.25
2016.10.23 23:45:03.754,1.04541,1.04555,1.00,1.12
2016.10.23 23:45:03.806,1.04539,1.04554,1.12,1.00
2016.10.23 23:45:03.959,1.04539,1.04554,1.00,1.50
2016.10.23 23:45:04.527,1.0454,1.04554,1.00,1.50
2016.10.23 23:45:06.917,1.04539,1.04553,1.00,1.12
2016.10.23 23:45:08.492,1.04539,1.04555,1.00,2.62
2016.10.23 23:45:09.457,1.0454,1.04555,1.00,2.62
2016.10.23 23:45:11.263,1.0454,1.04555,1.00,1.87
2016.10.23 23:45:13.766,1.0454,1.04555,1.00,1.12
2016.10.23 23:45:15.569,1.0454,1.04554,1.00,1.00
2016.10.23 23:45:15.671,1.0454,1.04555,1.00,1.87
2016.10.23 23:45:16.626,1.0454,1.04555,1.00,1.12
2016.10.23 23:45:22.736,1.04539,1.04555,1.12,1.12
2016.10.23 23:45:23.473,1.04541,1.04555,1.00,1.87
2016.10.23 23:45:25.159,1.04545,1.04555,1.00,1.12
2016.10.23 23:45:25.503,1.04542,1.04555,1.00,1.12
2016.10.23 23:45:25.554,1.0454,1.04554,1.87,1.12
2016.10.23 23:45:25.707,1.0454,1.04552,1.87,1.00
2016.10.23 23:45:26.481,1.0454,1.04552,1.12,1.00
2016.10.23 23:45:27.363,1.0454,1.04552,1.87,1.00
2016.10.23 23:45:28.159,1.0454,1.04552,1.12,1.00
2016.10.23 23:45:33.903,1.04537,1.04552,1.25,1.87
2016.10.23 23:45:34.672,1.04535,1.04552,2.06,1.87
2016.10.23 23:45:35.487,1.04537,1.04552,1.25,1.87
2016.10.23 23:45:41.887,1.04536,1.04551,1.19,1.00
2016.10.23 23:45:44.195,1.04538,1.04552,1.00,1.87
2016.10.23 23:45:44.247,1.04538,1.04552,1.19,1.87
2016.10.23 23:45:44.400,1.04541,1.04552,1.25,1.87
2016.10.23 23:45:44.452,1.04541,1.04552,1.25,1.12
2016.10.23 23:45:44.503,1.04544,1.04554,1.00,1.00
2016.10.23 23:45:44.606,1.04544,1.04556,1.00,1.00
2016.10.23 23:45:44.657,1.04544,1.04557,1.00,3.00
2016.10.23 23:45:45.372,1.04544,1.04557,1.00,2.25
2016.10.23 23:45:45.911,1.04543,1.04557,1.00,2.25
2016.10.23 23:45:46.300,1.04543,1.04557,1.19,1.12
2016.10.23 23:45:46.351,1.04546,1.04557,1.00,1.12
2016.10.23 23:45:47.931,1.04545,1.04557,1.25,1.12
2016.10.23 23:45:50.266,1.04543,1.04557,1.19,1.12
2016.10.23 23:45:50.927,1.04544,1.04557,1.19,1.12
2016.10.23 23:45:53.731,1.04546,1.04557,1.00,1.12
2016.10.23 23:46:02.859,1.04544,1.04557,1.19,1.12
2016.10.23 23:46:04.597,1.04544,1.04559,1.19,1.87
2016.10.23 23:46:04.864,1.04545,1.04559,1.25,1.87
2016.10.23 23:46:13.576,1.04545,1.04559,1.00,1.87
2016.10.23 23:46:21.939,1.04546,1.04559,1.00,1.87
2016.10.23 23:46:26.870,1.04544,1.04559,2.06,1.87
2016.10.23 23:46:27.882,1.04547,1.04559,1.00,1.87
2016.10.23 23:46:31.102,1.04545,1.04559,1.00,1.87
2016.10.23 23:46:32.570,1.04544,1.04559,1.31,1.87
2016.10.23 23:46:32.621,1.04542,1.04555,1.50,1.12
2016.10.23 23:46:32.672,1.04538,1.04555,1.31,1.87
2016.10.23 23:46:32.723,1.04538,1.04555,1.31,1.87
2016.10.23 23:46:32.775,1.04538,1.04555,1.31,2.62
2016.10.23 23:46:33.174,1.04539,1.04555,1.19,2.62
2016.10.23 23:46:33.686,1.04539,1.04555,1.19,3.37
2016.10.23 23:46:35.132,1.04538,1.04555,2.06,2.62
2016.10.23 23:46:44.412,1.04538,1.04554,1.31,1.00
2016.10.23 23:46:44.464,1.04537,1.0455,1.00,1.12
2016.10.23 23:46:45.275,1.04536,1.0455,1.50,1.12
2016.10.23 23:46:48.810,1.04536,1.0455,1.00,1.12
2016.10.23 23:46:48.912,1.04535,1.04548,1.12,1.00
2016.10.23 23:46:49.117,1.04535,1.0455,1.12,1.87
2016.10.23 23:46:50.470,1.04535,1.0455,1.31,1.12
2016.10.23 23:46:54.967,1.04535,1.0455,2.06,1.12
2016.10.23 23:46:55.018,1.04537,1.0455,1.00,1.12
2016.10.23 23:46:56.814,1.04535,1.0455,1.12,1.87
2016.10.23 23:46:58.419,1.04535,1.0455,1.31,1.87
2016.10.23 23:46:59.202,1.04535,1.0455,1.12,1.87
2016.10.23 23:47:00.102,1.04535,1.04549,1.12,1.00
2016.10.23 23:47:00.154,1.04535,1.04549,1.12,1.12
2016.10.23 23:47:03.008,1.04535,1.04549,1.87,1.87
2016.10.23 23:47:03.406,1.04537,1.04549,1.25,1.00
2016.10.23 23:47:03.457,1.04537,1.0455,1.25,1.87
2016.10.23 23:47:03.732,1.04535,1.0455,1.31,1.87
2016.10.23 23:47:04.236,1.04536,1.0455,1.19,1.12
2016.10.23 23:47:04.349,1.04537,1.04552,1.31,1.12
2016.10.23 23:47:04.975,1.04537,1.04552,1.31,1.87
2016.10.23 23:47:05.257,1.04537,1.04552,2.06,1.87
2016.10.23 23:47:05.360,1.04537,1.04552,2.81,1.12
2016.10.23 23:47:05.514,1.04537,1.04552,1.69,1.50
2016.10.23 23:47:05.565,1.04537,1.04551,1.31,1.12
2016.10.23 23:47:06.619,1.04537,1.0455,1.12,1.00
2016.10.23 23:47:06.722,1.04537,1.04551,1.12,1.87
2016.10.23 23:47:06.865,1.04537,1.04551,1.31,1.87
2016.10.23 23:47:06.916,1.04537,1.04551,2.06,1.12
2016.10.23 23:47:07.019,1.04537,1.04551,2.44,1.00
2016.10.23 23:47:07.089,1.04537,1.04552,2.44,1.87
2016.10.23 23:47:07.244,1.04537,1.04552,2.25,1.12
2016.10.23 23:47:07.296,1.04537,1.04548,1.12,1.12
2016.10.23 23:47:07.347,1.04533,1.04547,3.56,1.00
2016.10.23 23:47:07.450,1.04533,1.04547,2.06,1.87
2016.10.23 23:47:07.794,1.04533,1.04547,1.31,1.12
2016.10.23 23:47:07.847,1.04534,1.04547,1.00,1.12
2016.10.23 23:47:08.825,1.04533,1.04547,2.06,1.12
2016.10.23 23:47:11.384,1.04533,1.04547,1.87,1.12
2016.10.23 23:47:15.580,1.04533,1.04547,2.06,1.12
2016.10.23 23:47:26.516,1.04533,1.04548,2.06,1.50
2016.10.23 23:47:26.568,1.04533,1.04548,2.06,1.12
2016.10.23 23:47:32.257,1.04533,1.04548,2.06,1.87
2016.10.23 23:47:33.282,1.04533,1.04548,2.06,1.12
2016.10.23 23:47:39.971,1.04535,1.04548,1.00,1.12
2016.10.23 23:47:44.711,1.04533,1.04548,1.12,1.87
2016.10.23 23:47:44.813,1.04533,1.04548,1.12,2.25
2016.10.23 23:47:45.114,1.04533,1.04548,1.12,1.50
2016.10.23 23:47:47.105,1.04533,1.04544,1.12,1.00
2016.10.23 23:47:47.156,1.0453,1.04544,1.50,1.00
2016.10.23 23:47:47.208,1.0453,1.04544,1.00,1.00
2016.10.23 23:47:47.919,1.04528,1.04545,2.44,2.25
2016.10.23 23:47:48.706,1.04528,1.04543,2.44,1.00
2016.10.23 23:47:49.691,1.04528,1.04545,2.44,2.25
2016.10.23 23:47:51.600,1.04528,1.04545,2.44,2.25
2016.10.23 23:48:00.139,1.04529,1.04544,1.19,1.00
2016.10.23 23:48:03.446,1.0453,1.04544,1.25,1.00
2016.10.23 23:48:04.745,1.04528,1.04544,2.44,1.00
2016.10.23 23:48:05.409,1.04529,1.04544,1.19,1.00
2016.10.23 23:48:07.378,1.04529,1.04544,2.06,1.00
2016.10.23 23:48:09.036,1.04534,1.04546,1.19,1.12
2016.10.23 23:48:09.088,1.04535,1.04547,1.31,1.00
2016.10.23 23:48:09.242,1.04538,1.0455,1.00,1.12
2016.10.23 23:48:09.294,1.04538,1.04552,2.06,1.00
2016.10.23 23:48:09.345,1.04539,1.04554,1.25,1.00
2016.10.23 23:48:09.447,1.04539,1.04554,2.00,1.00
2016.10.23 23:48:09.552,1.04542,1.04554,1.12,1.00
2016.10.23 23:48:10.247,1.04539,1.04554,2.81,1.12
2016.10.23 23:48:10.663,1.04539,1.04554,2.06,1.87
2016.10.23 23:48:12.133,1.04539,1.04553,1.69,1.00
2016.10.23 23:48:12.235,1.04539,1.04553,1.31,1.50
2016.10.23 23:48:12.583,1.04539,1.04553,1.31,1.00
2016.10.23 23:48:13.155,1.04539,1.04552,1.31,1.00
2016.10.23 23:48:13.206,1.04539,1.04552,1.12,1.00
2016.10.23 23:48:13.944,1.04539,1.04554,1.12,1.87
2016.10.23 23:48:13.995,1.04539,1.04554,1.31,1.87
2016.10.23 23:48:14.148,1.04539,1.04552,1.31,1.00
2016.10.23 23:48:15.458,1.0454,1.04553,1.19,1.00
2016.10.23 23:48:20.266,1.0454,1.04552,1.19,1.00
2016.10.23 23:48:22.771,1.0454,1.04553,1.69,1.00
2016.10.23 23:48:23.887,1.0454,1.04553,1.19,1.00
2016.10.23 23:48:26.377,1.0454,1.04553,1.25,1.00
2016.10.23 23:48:26.429,1.04539,1.04553,2.44,1.00
2016.10.23 23:48:26.480,1.04539,1.04553,2.06,1.00
2016.10.23 23:48:26.888,1.04539,1.04552,1.12,1.00
2016.10.23 23:48:28.051,1.04539,1.04552,1.31,1.00
2016.10.23 23:48:28.599,1.04539,1.04553,1.31,1.00
2016.10.23 23:48:29.253,1.04539,1.04553,1.31,1.50
2016.10.23 23:48:29.305,1.04536,1.04551,1.19,1.87
2016.10.23 23:48:30.534,1.04534,1.0455,3.19,1.00
2016.10.23 23:48:30.817,1.04534,1.04549,2.44,1.00
2016.10.23 23:48:33.160,1.04534,1.0455,2.44,1.00
2016.10.23 23:48:44.344,1.04534,1.0455,2.81,1.00
2016.10.23 23:48:45.106,1.04534,1.0455,2.44,1.00
2016.10.23 23:48:45.371,1.04534,1.0455,2.25,1.50
2016.10.23 23:48:45.422,1.04534,1.0455,1.50,1.00
2016.10.23 23:48:45.576,1.04534,1.0455,1.12,1.37
2016.10.23 23:48:45.627,1.04534,1.0455,1.12,1.50
2016.10.23 23:48:45.729,1.04534,1.04548,1.12,1.00
2016.10.23 23:48:45.781,1.04534,1.04548,1.50,1.00
2016.10.23 23:48:46.387,1.04534,1.04548,1.12,1.00
2016.10.23 23:48:49.011,1.04534,1.04549,1.12,1.00
2016.10.23 23:48:49.673,1.04536,1.0455,1.31,1.00
2016.10.23 23:48:49.814,1.04536,1.0455,1.69,1.00
2016.10.23 23:48:49.865,1.04537,1.0455,1.00,1.00
2016.10.23 23:48:54.068,1.04536,1.0455,1.31,1.00
2016.10.23 23:48:56.548,1.04534,1.04549,2.44,1.12
2016.10.23 23:49:01.534,1.04535,1.04549,1.31,1.12
2016.10.23 23:49:01.597,1.04535,1.04549,2.06,1.12
2016.10.23 23:49:02.634,1.04536,1.04549,1.19,1.12
2016.10.23 23:49:02.788,1.04536,1.04549,1.56,1.12
2016.10.23 23:49:02.840,1.0454,1.04551,1.12,1.00
2016.10.23 23:49:04.783,1.0454,1.04554,1.12,1.00
2016.10.23 23:49:14.732,1.0454,1.04554,1.12,1.37
2016.10.23 23:49:15.771,1.0454,1.04555,1.12,1.87
2016.10.23 23:49:15.925,1.0454,1.04555,1.87,1.87
2016.10.23 23:49:16.544,1.0454,1.04555,1.12,1.87
2016.10.23 23:49:18.172,1.0454,1.04555,1.31,1.87
2016.10.23 23:49:23.935,1.0454,1.04555,1.69,1.50
2016.10.23 23:49:24.037,1.0454,1.04555,2.06,1.12
2016.10.23 23:49:30.171,1.0454,1.04555,1.69,1.12
2016.10.23 23:49:30.426,1.0454,1.04555,1.31,1.12
2016.10.23 23:49:37.762,1.0454,1.04555,1.69,1.12
2016.10.23 23:49:37.864,1.0454,1.04555,2.06,1.12
2016.10.23 23:49:40.376,1.04544,1.04556,1.12,1.00
2016.10.23 23:49:45.106,1.04544,1.04552,1.12,1.00
2016.10.23 23:49:45.157,1.0454,1.04552,1.87,1.00
2016.10.23 23:49:45.260,1.0454,1.04554,1.69,1.12
2016.10.23 23:49:45.578,1.04541,1.04555,1.19,1.87
2016.10.23 23:49:45.629,1.04543,1.0456,1.31,3.37
2016.10.23 23:49:45.698,1.04543,1.0456,1.31,2.62
2016.10.23 23:49:49.576,1.04543,1.0456,1.31,3.37
2016.10.23 23:49:49.778,1.04543,1.0456,1.31,2.62
2016.10.23 23:49:50.229,1.04543,1.04559,1.31,1.12
2016.10.23 23:49:51.246,1.04543,1.04559,1.12,1.12
2016.10.23 23:49:54.502,1.04543,1.0456,1.12,2.62
2016.10.23 23:49:54.604,1.04543,1.04559,1.12,1.12
2016.10.23 23:49:55.126,1.04543,1.0456,1.12,2.62
2016.10.23 23:49:55.178,1.04538,1.0456,1.69,1.00
2016.10.23 23:49:55.230,1.04538,1.0456,1.19,1.00
2016.10.23 23:49:55.282,1.04538,1.04561,1.19,2.25
2016.10.23 23:49:55.575,1.0454,1.04561,1.19,2.25
2016.10.23 23:49:55.638,1.0454,1.04561,1.19,1.50
2016.10.23 23:49:55.740,1.0454,1.04561,1.31,1.50
2016.10.23 23:49:55.791,1.04546,1.04562,1.19,1.50
2016.10.23 23:49:55.843,1.04548,1.04562,1.00,1.00
2016.10.23 23:49:55.894,1.04548,1.04565,1.25,1.00
2016.10.23 23:49:56.150,1.04546,1.04566,1.19,1.50
2016.10.23 23:49:56.202,1.04546,1.04566,1.69,1.50
2016.10.23 23:49:56.457,1.04546,1.04566,1.69,1.00
2016.10.23 23:49:59.749,1.04546,1.04566,1.19,1.00
2016.10.23 23:49:59.800,1.04546,1.04566,1.69,1.00
2016.10.23 23:50:00.130,1.04545,1.04561,1.19,1.00
2016.10.23 23:50:00.768,1.04546,1.04564,1.19,1.00
2016.10.23 23:50:00.821,1.04546,1.04566,1.19,1.00
2016.10.23 23:50:01.127,1.04545,1.04561,1.19,1.00
2016.10.23 23:50:04.451,1.04545,1.04559,1.19,1.00
2016.10.23 23:50:05.097,1.04542,1.04558,1.00,1.00
2016.10.23 23:50:05.425,1.04541,1.04555,1.00,1.00
2016.10.23 23:50:05.478,1.04539,1.04555,1.25,1.00
2016.10.23 23:50:05.935,1.04535,1.04546,1.00,1.00
2016.10.23 23:50:06.282,1.04529,1.0455,1.19,1.00
2016.10.23 23:50:06.378,1.04528,1.04551,1.69,1.00
2016.10.23 23:50:06.939,1.0453,1.04551,1.19,1.00
2016.10.23 23:50:07.157,1.0453,1.04551,1.69,1.50
2016.10.23 23:50:07.957,1.0453,1.04551,1.69,1.00
2016.10.23 23:50:08.008,1.04531,1.04553,1.19,2.25
2016.10.23 23:50:08.575,1.0453,1.04551,1.19,1.00
2016.10.23 23:50:09.205,1.0453,1.04551,1.69,1.00
2016.10.23 23:50:12.584,1.0453,1.04554,2.44,1.00
2016.10.23 23:50:12.686,1.0453,1.04551,1.19,1.00
2016.10.23 23:50:13.704,1.0453,1.04552,1.69,1.00
2016.10.23 23:50:13.944,1.04532,1.04552,1.19,1.00
2016.10.23 23:50:14.529,1.04532,1.04553,1.19,1.00
2016.10.23 23:50:15.830,1.04532,1.04553,1.19,1.00
2016.10.23 23:50:15.932,1.04531,1.04551,2.06,1.00
2016.10.23 23:50:16.018,1.04533,1.0455,1.31,1.12
2016.10.23 23:50:23.479,1.04533,1.0455,1.12,1.12
2016.10.23 23:50:27.692,1.04538,1.04551,1.87,1.00
2016.10.23 23:50:27.743,1.04538,1.04553,1.87,1.50
2016.10.23 23:50:28.113,1.04539,1.04553,1.00,1.50
2016.10.23 23:50:28.216,1.04532,1.04549,2.62,1.12
2016.10.23 23:50:28.319,1.04532,1.04549,1.87,1.12
2016.10.23 23:50:28.743,1.04532,1.04549,1.12,2.25
2016.10.23 23:50:30.807,1.04532,1.04549,1.12,1.50
2016.10.23 23:50:31.229,1.04532,1.04549,1.12,2.25
2016.10.23 23:50:31.281,1.04532,1.04543,1.12,1.00
2016.10.23 23:50:31.383,1.04528,1.04543,2.62,1.12
2016.10.23 23:50:31.435,1.04528,1.04543,1.12,1.12
2016.10.23 23:50:31.486,1.04528,1.04541,1.12,1.00
2016.10.23 23:50:31.588,1.04528,1.04542,1.12,1.87
2016.10.23 23:50:31.935,1.04528,1.04542,1.12,2.06
2016.10.23 23:50:32.029,1.04524,1.04538,1.12,1.00
2016.10.23 23:50:32.690,1.04524,1.04537,1.12,1.00
2016.10.23 23:50:33.798,1.04524,1.04538,1.12,1.00
2016.10.23 23:50:34.106,1.04524,1.04539,1.12,1.87
2016.10.23 23:50:41.809,1.04524,1.04537,1.12,1.00
2016.10.23 23:50:43.818,1.04524,1.04536,1.12,1.00
2016.10.23 23:50:48.536,1.04524,1.04535,1.12,1.00
2016.10.23 23:50:51.717,1.04522,1.04535,1.87,1.00
2016.10.23 23:50:52.413,1.04522,1.04536,1.12,1.00
2016.10.23 23:50:54.445,1.04522,1.04537,1.87,1.87
2016.10.23 23:50:54.599,1.04522,1.04537,2.06,1.87
2016.10.23 23:50:54.650,1.04523,1.04537,1.00,1.12
2016.10.23 23:50:55.127,1.04522,1.04537,2.06,1.12
2016.10.23 23:50:56.413,1.04522,1.04537,1.87,1.12
2016.10.23 23:50:57.227,1.04522,1.04537,2.06,1.12
2016.10.23 23:50:57.330,1.04522,1.04537,1.31,1.12
2016.10.23 23:51:00.756,1.04522,1.04537,1.12,1.12
2016.10.23 23:51:03.237,1.04522,1.04537,1.87,1.12
2016.10.23 23:51:04.154,1.04522,1.04537,1.12,1.12
2016.10.23 23:51:04.256,1.04522,1.04537,1.87,1.12
2016.10.23 23:51:05.772,1.04522,1.04537,1.12,1.12
2016.10.23 23:51:06.266,1.04523,1.04537,1.00,1.12
2016.10.23 23:51:11.778,1.04523,1.04538,1.87,1.12
2016.10.23 23:51:13.360,1.04523,1.04538,1.12,1.12
2016.10.23 23:51:16.799,1.04527,1.04538,1.00,1.12
2016.10.23 23:51:17.363,1.04526,1.04542,1.87,1.00
2016.10.23 23:51:18.385,1.04527,1.04542,1.00,1.00
2016.10.23 23:51:18.967,1.04526,1.04542,1.87,1.00
2016.10.23 23:51:25.868,1.04526,1.04542,1.12,1.00
2016.10.23 23:51:26.264,1.04526,1.04541,1.87,1.00
2016.10.23 23:51:26.867,1.04526,1.04541,1.12,1.00
2016.10.23 23:51:27.312,1.04526,1.04542,1.12,1.50
2016.10.23 23:51:28.322,1.04526,1.04541,1.12,1.00
2016.10.23 23:51:33.192,1.04526,1.04542,1.12,1.00
2016.10.23 23:51:33.294,1.04526,1.04542,1.12,1.50
2016.10.23 23:51:33.880,1.04526,1.0454,1.12,1.00
2016.10.23 23:51:34.522,1.04526,1.04541,1.12,1.00
2016.10.23 23:51:34.780,1.04526,1.04541,1.31,1.00
2016.10.23 23:51:38.152,1.04525,1.0454,2.06,1.12
2016.10.23 23:51:40.541,1.04525,1.04539,1.12,1.00
2016.10.23 23:51:40.883,1.04525,1.04537,1.12,1.00
2016.10.23 23:51:40.936,1.0452,1.04537,2.44,1.87
2016.10.23 23:51:41.528,1.04521,1.04537,1.31,1.87
2016.10.23 23:51:42.149,1.0452,1.04536,3.19,1.00
2016.10.23 23:51:42.407,1.0452,1.04536,2.44,1.00
2016.10.23 23:51:43.037,1.04522,1.04537,1.00,1.12
2016.10.23 23:51:43.089,1.04525,1.04538,1.12,1.12
2016.10.23 23:51:43.191,1.04525,1.04538,1.12,1.00
2016.10.23 23:51:43.509,1.04525,1.0454,1.31,1.12
2016.10.23 23:51:43.635,1.04525,1.0454,1.12,1.12
2016.10.23 23:51:43.686,1.04525,1.0454,1.31,1.12
2016.10.23 23:51:46.910,1.04525,1.04539,1.31,1.00
2016.10.23 23:51:49.327,1.04525,1.04538,1.31,1.00
2016.10.23 23:51:51.118,1.04525,1.04538,1.12,1.00
2016.10.23 23:51:51.358,1.04525,1.0454,1.12,1.87
2016.10.23 23:51:51.409,1.04525,1.0454,1.12,1.50
2016.10.23 23:51:51.719,1.04525,1.0454,1.12,2.25
2016.10.23 23:51:53.250,1.04525,1.0454,1.31,2.25
2016.10.23 23:51:53.352,1.04525,1.0454,1.31,1.50
2016.10.23 23:51:53.403,1.04525,1.0454,1.31,1.12
2016.10.23 23:51:53.787,1.04525,1.0454,1.12,1.12
2016.10.23 23:51:54.332,1.04525,1.0454,1.12,1.87
2016.10.23 23:51:54.545,1.04525,1.0454,1.12,1.12
2016.10.23 23:51:54.801,1.04525,1.0454,1.31,1.12
2016.10.23 23:51:56.229,1.04525,1.0454,1.31,1.87
2016.10.23 23:51:56.280,1.04525,1.0454,1.31,2.62
2016.10.23 23:51:57.310,1.04525,1.0454,1.31,1.87
2016.10.23 23:51:57.856,1.04525,1.0454,1.31,2.62
2016.10.23 23:51:57.908,1.0452,1.04537,3.56,1.12
2016.10.23 23:51:59.180,1.04521,1.04536,1.31,1.12
2016.10.23 23:52:00.253,1.04521,1.04536,2.06,1.12
2016.10.23 23:52:00.626,1.04518,1.04533,1.31,1.12
2016.10.23 23:52:00.679,1.04518,1.04533,1.00,1.50
2016.10.23 23:52:00.731,1.04518,1.04533,1.00,1.87
2016.10.23 23:52:00.785,1.04518,1.04533,1.00,2.62
2016.10.23 23:52:02.331,1.04516,1.04533,1.12,2.62
2016.10.23 23:52:05.401,1.04516,1.04533,1.12,1.87
2016.10.23 23:52:06.632,1.04516,1.04533,1.12,1.12
2016.10.23 23:52:07.406,1.04516,1.04533,1.12,1.87
2016.10.23 23:52:08.188,1.04516,1.04533,1.12,2.62
2016.10.23 23:52:08.239,1.04516,1.04533,1.12,1.87
2016.10.23 23:52:08.586,1.04516,1.04533,1.12,1.12
2016.10.23 23:52:09.962,1.04516,1.04533,1.12,1.87
2016.10.23 23:52:10.596,1.04516,1.04533,1.12,1.12
2016.10.23 23:52:12.185,1.04516,1.04533,1.12,1.87
2016.10.23 23:52:12.236,1.04516,1.04532,1.12,1.00
2016.10.23 23:52:13.902,1.04516,1.04532,1.12,1.50
2016.10.23 23:52:14.499,1.04516,1.04532,1.12,1.00
2016.10.23 23:52:15.173,1.04516,1.04533,1.12,2.62
2016.10.23 23:52:18.601,1.04516,1.04533,1.12,1.87
2016.10.23 23:52:19.734,1.04516,1.04533,1.12,1.12
2016.10.23 23:52:20.676,1.04516,1.04531,1.12,1.12
2016.10.23 23:52:40.700,1.04517,1.04532,1.12,1.12
2016.10.23 23:52:56.557,1.04518,1.04532,1.00,1.12
2016.10.23 23:52:56.608,1.04518,1.04532,1.50,1.12
2016.10.23 23:52:56.659,1.04521,1.04536,1.12,1.50
2016.10.23 23:52:56.710,1.04521,1.04536,1.12,1.12
2016.10.23 23:52:56.762,1.04525,1.0454,1.12,2.62
2016.10.23 23:52:56.844,1.04525,1.0454,1.12,2.25
2016.10.23 23:52:56.896,1.04525,1.0454,1.12,1.50
2016.10.23 23:52:57.233,1.04525,1.0454,1.12,1.50
2016.10.23 23:52:57.343,1.04521,1.04537,1.75,1.12
2016.10.23 23:52:57.547,1.04521,1.04537,1.75,1.12
2016.10.23 23:52:57.598,1.0452,1.04537,1.12,1.12
2016.10.23 23:52:57.649,1.0452,1.04537,1.12,1.87
2016.10.23 23:52:57.751,1.0452,1.04537,1.12,1.12
2016.10.23 23:52:58.918,1.0452,1.04537,1.50,1.12
2016.10.23 23:52:58.971,1.0452,1.04537,1.87,1.12
2016.10.23 23:53:00.361,1.0452,1.04537,2.62,1.12
2016.10.23 23:53:01.641,1.0452,1.04537,1.87,1.12
2016.10.23 23:53:03.747,1.0452,1.04537,2.62,1.12
2016.10.23 23:53:03.798,1.0452,1.04537,2.62,1.12
2016.10.23 23:53:06.362,1.04524,1.04539,1.12,1.00
2016.10.23 23:53:06.942,1.04524,1.04539,1.12,1.12
2016.10.23 23:53:07.030,1.04524,1.04539,1.12,1.50
2016.10.23 23:53:07.970,1.04524,1.04538,1.12,1.00
2016.10.23 23:53:08.022,1.04524,1.04538,1.12,1.69
2016.10.23 23:53:08.654,1.0452,1.04529,1.12,1.37
2016.10.23 23:53:08.707,1.04514,1.04528,1.87,1.00
2016.10.23 23:53:08.759,1.0451,1.04527,1.31,1.12
2016.10.23 23:53:08.862,1.0451,1.04527,1.12,1.12
2016.10.23 23:53:09.068,1.0451,1.04526,1.12,1.00
2016.10.23 23:53:09.278,1.0451,1.04524,1.87,1.00
2016.10.23 23:53:09.483,1.0451,1.04526,1.12,1.00
2016.10.23 23:53:09.974,1.0451,1.04527,1.12,1.87
2016.10.23 23:53:10.287,1.0451,1.04527,1.12,2.62
2016.10.23 23:53:11.701,1.0451,1.04525,1.12,1.00
2016.10.23 23:53:12.263,1.0451,1.04524,1.87,1.00
2016.10.23 23:53:12.510,1.0451,1.04525,2.06,1.00
2016.10.23 23:53:12.561,1.0451,1.04525,1.31,1.00
2016.10.23 23:53:12.613,1.04511,1.04527,2.44,1.12
2016.10.23 23:53:12.664,1.04512,1.04527,2.06,1.12
2016.10.23 23:53:13.138,1.04512,1.04527,1.12,1.12
2016.10.23 23:53:15.279,1.04512,1.04527,1.12,1.87
2016.10.23 23:53:15.502,1.04512,1.04526,1.12,1.00
2016.10.23 23:53:16.091,1.04512,1.04525,1.12,1.00
2016.10.23 23:53:16.731,1.04512,1.04524,1.12,1.00
2016.10.23 23:53:23.929,1.04512,1.04525,1.12,1.00
2016.10.23 23:53:24.031,1.04512,1.04525,1.50,1.00
2016.10.23 23:53:32.427,1.04512,1.04526,1.50,1.00
2016.10.23 23:53:32.713,1.04513,1.04526,1.12,1.00
2016.10.23 23:53:45.980,1.04513,1.04526,1.12,1.25
2016.10.23 23:53:46.133,1.04513,1.04525,1.12,1.00
2016.10.23 23:53:47.029,1.04513,1.04524,1.12,1.00
2016.10.23 23:53:47.334,1.04513,1.04526,1.12,1.25
2016.10.23 23:53:52.228,1.04513,1.04526,1.12,1.00
2016.10.23 23:53:52.829,1.04511,1.04526,1.12,1.87
2016.10.23 23:53:53.838,1.04511,1.04526,1.87,1.12
2016.10.23 23:53:54.374,1.04511,1.04526,2.62,1.12
2016.10.23 23:54:03.842,1.04511,1.04526,1.87,1.12
2016.10.23 23:54:06.192,1.04513,1.04526,1.12,1.12
2016.10.23 23:54:09.481,1.04511,1.04526,1.12,1.12
2016.10.23 23:54:09.584,1.04511,1.04524,1.12,1.00
2016.10.23 23:54:09.971,1.04506,1.0452,1.50,1.00
2016.10.23 23:54:10.051,1.04506,1.0452,1.12,1.00
2016.10.23 23:54:19.002,1.04506,1.04522,1.12,1.00
2016.10.23 23:54:21.792,1.04506,1.04523,2.62,1.87
2016.10.23 23:54:22.384,1.04506,1.04523,2.62,1.12
2016.10.23 23:54:23.081,1.0451,1.04524,1.12,1.00
2016.10.23 23:54:24.480,1.0451,1.04525,1.50,1.00
2016.10.23 23:54:25.991,1.0451,1.04527,1.50,1.87
2016.10.23 23:54:27.936,1.0451,1.04527,1.50,1.12
2016.10.23 23:54:37.143,1.0451,1.04526,1.50,1.00
2016.10.23 23:54:37.194,1.0451,1.04526,2.25,1.00
2016.10.23 23:54:37.750,1.0451,1.04526,1.50,1.00
2016.10.23 23:54:39.039,1.0451,1.04525,1.50,1.00
2016.10.23 23:54:39.561,1.0451,1.04526,1.50,1.00
2016.10.23 23:54:39.765,1.04511,1.04526,1.00,1.00
2016.10.23 23:54:39.817,1.04511,1.04527,1.00,1.87
2016.10.23 23:54:40.640,1.0451,1.04524,1.12,1.00
2016.10.23 23:54:41.919,1.0451,1.04526,1.12,1.00
2016.10.23 23:54:50.580,1.0451,1.04525,1.12,1.00
2016.10.23 23:54:51.106,1.0451,1.04526,1.12,1.00
2016.10.23 23:54:52.029,1.0451,1.04527,1.12,2.25
2016.10.23 23:54:54.674,1.04511,1.04526,1.00,1.00
2016.10.23 23:55:00.700,1.04511,1.04527,1.00,1.50
2016.10.23 23:55:01.659,1.04513,1.04527,1.00,2.25
2016.10.23 23:55:01.711,1.04515,1.04527,1.12,1.00
2016.10.23 23:55:04.030,1.04515,1.04528,1.12,1.00
2016.10.23 23:55:09.806,1.04515,1.04527,1.12,1.00
2016.10.23 23:55:13.545,1.04512,1.04527,1.12,1.87
2016.10.23 23:55:14.105,1.04511,1.04525,1.00,1.00
2016.10.23 23:55:14.886,1.0451,1.04525,1.12,1.00
2016.10.23 23:55:15.386,1.0451,1.04525,1.87,1.00
2016.10.23 23:55:20.991,1.0451,1.04526,1.12,1.00
2016.10.23 23:55:21.713,1.0451,1.04525,1.12,1.00
2016.10.23 23:55:23.633,1.0451,1.04526,1.87,1.00
2016.10.23 23:55:29.155,1.0451,1.04526,1.12,1.00
2016.10.23 23:55:30.155,1.04511,1.04525,1.00,1.00
2016.10.23 23:55:30.257,1.0451,1.04525,1.12,1.00
2016.10.23 23:55:30.410,1.0451,1.04525,1.12,1.12
2016.10.23 23:55:30.759,1.0451,1.04522,1.12,1.00
2016.10.23 23:55:30.861,1.04506,1.04521,1.87,1.00
2016.10.23 23:55:31.222,1.04506,1.04522,2.62,1.00
2016.10.23 23:55:31.465,1.04506,1.04521,1.87,1.00
2016.10.23 23:55:33.593,1.04506,1.04523,1.87,1.87
2016.10.23 23:55:33.758,1.04506,1.04522,2.62,1.00
2016.10.23 23:55:35.377,1.04506,1.04521,1.87,1.00
2016.10.23 23:55:37.746,1.04506,1.04519,1.87,1.00
2016.10.23 23:55:39.252,1.04506,1.0452,1.87,1.00
2016.10.23 23:55:40.180,1.04506,1.04521,1.87,1.00
2016.10.23 23:55:43.817,1.04507,1.04521,1.50,1.00
2016.10.23 23:55:45.467,1.04506,1.04522,1.87,1.00
2016.10.23 23:55:46.519,1.04507,1.04522,1.00,1.00
2016.10.23 23:55:46.570,1.04506,1.04522,1.87,1.00
2016.10.23 23:55:48.279,1.04506,1.04521,1.87,1.00
2016.10.23 23:55:49.001,1.04506,1.04522,1.87,1.00
2016.10.23 23:55:49.510,1.04506,1.04521,2.62,1.00
2016.10.23 23:55:50.176,1.04506,1.04519,1.87,1.00
2016.10.23 23:55:50.330,1.04505,1.04519,1.37,1.87
2016.10.23 23:55:50.381,1.04504,1.04517,1.00,1.00
2016.10.23 23:55:50.485,1.04503,1.04518,1.12,1.00
2016.10.23 23:55:50.565,1.04502,1.04518,1.87,1.00
2016.10.23 23:55:50.616,1.04506,1.04518,1.50,1.00
2016.10.23 23:55:50.718,1.04507,1.04521,1.12,1.00
2016.10.23 23:55:51.035,1.04504,1.04519,1.37,1.50
2016.10.23 23:55:51.087,1.04502,1.04517,1.87,1.00
2016.10.23 23:55:51.413,1.04502,1.04515,1.12,1.00
2016.10.23 23:55:51.611,1.04498,1.04514,1.50,1.87
2016.10.23 23:55:51.663,1.04498,1.04514,1.00,1.87
2016.10.23 23:55:51.716,1.04497,1.04513,1.87,1.00
2016.10.23 23:55:52.425,1.04499,1.04513,1.00,1.00
2016.10.23 23:55:52.999,1.045,1.04513,1.00,1.00
2016.10.23 23:55:56.379,1.04499,1.04512,1.00,1.00
2016.10.23 23:56:11.286,1.04499,1.04512,1.00,1.12
2016.10.23 23:56:11.337,1.04497,1.04511,1.87,1.00
2016.10.23 23:56:11.542,1.04497,1.04512,1.12,1.12
2016.10.23 23:56:11.594,1.04497,1.04512,1.12,1.87
2016.10.23 23:56:11.645,1.04496,1.04511,1.00,1.87
2016.10.23 23:56:11.978,1.04496,1.04507,1.00,1.12
2016.10.23 23:56:12.030,1.04494,1.04505,1.37,1.00
2016.10.23 23:56:12.090,1.0449,1.04505,2.25,1.00
2016.10.23 23:56:12.141,1.04493,1.04507,1.00,1.87
2016.10.23 23:56:12.654,1.04495,1.04507,1.00,1.12
2016.10.23 23:56:13.657,1.04493,1.04506,1.00,1.00
2016.10.23 23:56:13.759,1.04493,1.04507,1.00,1.12
2016.10.23 23:56:14.611,1.04494,1.04507,1.00,1.87
2016.10.23 23:56:16.961,1.04496,1.04507,1.56,1.12
2016.10.23 23:56:17.036,1.04504,1.04515,1.00,1.00
2016.10.23 23:56:17.088,1.04504,1.04518,1.00,1.87
2016.10.23 23:56:17.190,1.04506,1.04518,1.00,1.50
2016.10.23 23:56:17.241,1.04506,1.0452,1.12,1.12
2016.10.23 23:56:17.344,1.04506,1.04521,1.12,1.87
2016.10.23 23:56:17.569,1.04506,1.04521,1.50,1.50
2016.10.23 23:56:17.620,1.04506,1.04521,1.50,1.12
2016.10.23 23:56:24.796,1.04512,1.04526,1.00,2.17
2016.10.23 23:56:24.847,1.04512,1.04526,1.00,1.50
2016.10.23 23:56:25.001,1.04512,1.04526,1.12,1.12
2016.10.23 23:56:26.469,1.04513,1.04526,1.00,1.12
2016.10.23 23:56:26.673,1.04512,1.04526,1.12,1.12
2016.10.23 23:56:26.775,1.04514,1.04526,1.00,1.12
2016.10.23 23:56:26.957,1.04514,1.04528,1.12,1.00
2016.10.23 23:56:27.063,1.04509,1.04524,2.17,1.12
2016.10.23 23:56:27.115,1.04509,1.04524,1.37,1.50
2016.10.23 23:56:27.166,1.04509,1.04524,1.00,1.50
2016.10.23 23:56:27.269,1.04509,1.04524,1.00,2.25
2016.10.23 23:56:27.371,1.04508,1.04523,1.00,1.00
2016.10.23 23:56:27.687,1.04507,1.04519,1.12,1.37
2016.10.23 23:56:27.739,1.04503,1.04519,1.12,1.75
2016.10.23 23:56:27.943,1.04503,1.04517,1.12,1.12
2016.10.23 23:56:28.148,1.04503,1.04519,1.12,1.75
2016.10.23 23:56:28.679,1.04503,1.0452,1.12,4.31
2016.10.23 23:56:30.375,1.04503,1.0452,1.12,3.56
2016.10.23 23:56:34.505,1.04503,1.04519,1.12,1.75
2016.10.23 23:56:35.877,1.04503,1.0452,1.12,3.56
2016.10.23 23:56:36.479,1.04503,1.04519,1.12,1.75
2016.10.23 23:56:38.286,1.04503,1.0452,1.12,3.56
2016.10.23 23:56:38.490,1.04503,1.04518,1.12,1.50
2016.10.23 23:56:42.137,1.045,1.04516,1.12,1.12
2016.10.23 23:56:46.627,1.045,1.04516,1.00,1.12
2016.10.23 23:56:54.504,1.04501,1.04516,1.00,1.12
2016.10.23 23:56:55.629,1.04503,1.04516,1.00,1.12
2016.10.23 23:57:02.648,1.04503,1.04517,1.00,1.12
2016.10.23 23:57:18.234,1.04502,1.04517,2.25,1.12
2016.10.23 23:57:18.599,1.04502,1.04517,1.50,1.12
2016.10.23 23:57:23.670,1.04502,1.04517,1.50,1.87
2016.10.23 23:57:24.774,1.04504,1.04517,1.00,1.12
2016.10.23 23:57:25.475,1.04506,1.04518,1.12,3.37
2016.10.23 23:57:25.578,1.04506,1.04518,1.12,1.00
2016.10.23 23:57:28.911,1.0451,1.04518,1.12,1.00
2016.10.23 23:57:28.962,1.0451,1.04524,1.12,3.00
2016.10.23 23:57:29.065,1.0451,1.04524,1.12,1.50
2016.10.23 23:57:36.591,1.0451,1.04524,1.12,1.12
2016.10.23 23:57:36.642,1.0451,1.04524,1.12,1.00
2016.10.23 23:57:37.224,1.0451,1.04523,1.12,1.00
2016.10.23 23:57:38.056,1.0451,1.04524,1.12,1.00
2016.10.23 23:57:41.298,1.0451,1.04525,1.12,1.87
2016.10.23 23:57:41.349,1.0451,1.04525,1.12,1.87
2016.10.23 23:57:41.401,1.04511,1.04524,1.12,1.00
2016.10.23 23:57:41.452,1.04511,1.04524,1.50,1.00
2016.10.23 23:57:42.495,1.04511,1.04525,1.50,1.12
2016.10.23 23:57:43.741,1.04514,1.04526,1.12,1.00
2016.10.23 23:57:49.803,1.04514,1.04525,1.12,1.00
2016.10.23 23:57:53.009,1.04514,1.04527,1.12,1.00
2016.10.23 23:57:53.619,1.04514,1.04526,1.12,1.00
2016.10.23 23:57:54.495,1.04514,1.04525,1.12,1.00
2016.10.23 23:57:54.548,1.0451,1.04525,1.00,1.00
2016.10.23 23:58:00.981,1.04512,1.04525,1.00,1.00
2016.10.23 23:58:01.103,1.04513,1.04527,1.12,1.50
2016.10.23 23:58:01.206,1.04513,1.04527,1.12,1.12
2016.10.23 23:58:01.257,1.04513,1.04527,1.12,1.00
2016.10.23 23:58:02.636,1.04514,1.04526,1.00,1.00
2016.10.23 23:58:03.333,1.04513,1.04526,1.12,1.00
2016.10.23 23:58:04.040,1.04513,1.04527,1.87,1.00
2016.10.23 23:58:04.576,1.04513,1.04526,1.87,1.00
2016.10.23 23:58:05.102,1.04513,1.04527,1.87,1.00
2016.10.23 23:58:09.333,1.04514,1.04529,1.00,1.00
2016.10.23 23:58:12.022,1.04519,1.0453,1.12,1.00
2016.10.23 23:58:12.151,1.04519,1.04531,1.12,1.50
2016.10.23 23:58:12.254,1.04519,1.04531,1.12,1.00
2016.10.23 23:58:12.407,1.04519,1.04531,1.12,1.19
2016.10.23 23:58:12.459,1.04515,1.04529,1.75,1.87
2016.10.23 23:58:12.510,1.04514,1.04529,1.87,1.87
2016.10.23 23:58:12.562,1.04514,1.04529,1.12,1.87
2016.10.23 23:58:12.664,1.04514,1.04528,1.12,1.00
2016.10.23 23:58:16.330,1.04518,1.04531,1.00,1.00
2016.10.23 23:58:16.702,1.04518,1.04531,1.37,1.00
2016.10.23 23:58:16.778,1.04518,1.04531,1.50,1.00
2016.10.23 23:58:21.373,1.04517,1.0453,1.87,1.00
2016.10.23 23:58:21.425,1.04517,1.0453,1.87,1.50
2016.10.23 23:58:21.528,1.04517,1.04529,1.87,1.00
2016.10.23 23:58:21.580,1.04517,1.04529,1.12,1.00
2016.10.23 23:58:21.682,1.04517,1.04527,1.12,1.00
2016.10.23 23:58:22.834,1.04514,1.04527,2.62,1.00
2016.10.23 23:58:22.885,1.04514,1.04526,2.62,1.00
2016.10.23 23:58:22.985,1.04514,1.04526,1.87,1.00
2016.10.23 23:58:24.487,1.04514,1.04526,1.12,1.00
2016.10.23 23:58:24.590,1.04514,1.04527,1.12,1.00
2016.10.23 23:58:25.137,1.04514,1.04526,1.87,1.00
2016.10.23 23:58:26.689,1.04514,1.04526,1.87,1.50
2016.10.23 23:58:27.950,1.04514,1.04526,1.12,1.50
2016.10.23 23:58:28.091,1.04514,1.04525,1.12,1.00
2016.10.23 23:58:28.768,1.04514,1.04526,1.12,1.00
2016.10.23 23:58:34.349,1.04514,1.04526,1.12,1.50
2016.10.23 23:58:38.553,1.04514,1.04526,1.12,1.00
2016.10.23 23:58:40.504,1.04514,1.04525,1.12,1.00
2016.10.23 23:58:42.641,1.04514,1.04525,1.12,1.50
2016.10.23 23:58:42.796,1.04514,1.04525,1.12,1.00
2016.10.23 23:58:42.848,1.04512,1.04525,1.00,1.00
2016.10.23 23:58:43.220,1.04512,1.04527,1.00,3.37
2016.10.23 23:58:43.272,1.04511,1.04526,1.00,1.00
2016.10.23 23:58:43.324,1.04511,1.04525,1.00,1.00
2016.10.23 23:58:44.074,1.04511,1.04526,1.00,1.50
2016.10.23 23:58:48.614,1.04511,1.04525,1.00,1.00
2016.10.23 23:58:49.124,1.04511,1.04524,1.00,1.00
2016.10.23 23:58:52.452,1.04511,1.04523,1.00,1.00
2016.10.23 23:58:52.969,1.04511,1.04525,1.00,1.00
2016.10.23 23:58:54.625,1.04511,1.04523,1.00,1.00
2016.10.23 23:58:55.422,1.04511,1.04525,1.00,1.00
2016.10.23 23:58:57.922,1.04511,1.04523,1.00,1.00
2016.10.23 23:58:58.231,1.0451,1.04522,1.12,1.00
2016.10.23 23:58:58.334,1.0451,1.04522,1.12,1.00
2016.10.23 23:58:59.004,1.0451,1.04522,1.00,1.12
2016.10.23 23:59:02.755,1.04507,1.0452,1.50,1.00
2016.10.23 23:59:02.857,1.04507,1.04522,1.12,1.87
2016.10.23 23:59:02.960,1.04507,1.04519,1.12,1.00
2016.10.23 23:59:07.933,1.04507,1.04522,1.12,1.12
2016.10.23 23:59:09.830,1.04507,1.04522,1.31,1.12
2016.10.23 23:59:10.136,1.04508,1.04522,1.00,1.12
2016.10.23 23:59:10.501,1.04508,1.04522,1.19,1.12
2016.10.23 23:59:10.926,1.04511,1.04522,1.00,1.12
2016.10.23 23:59:13.061,1.04509,1.04522,1.19,1.12
2016.10.23 23:59:14.459,1.04508,1.04522,1.00,1.12
2016.10.23 23:59:15.146,1.04507,1.04522,2.44,1.12
2016.10.23 23:59:21.774,1.04508,1.04522,1.00,1.12
2016.10.23 23:59:31.378,1.04507,1.04522,1.31,1.12
2016.10.23 23:59:39.635,1.04506,1.04521,1.69,1.12
2016.10.23 23:59:39.868,1.04506,1.04521,1.50,1.12
2016.10.23 23:59:40.022,1.04506,1.04521,1.69,1.12
2016.10.23 23:59:40.073,1.04506,1.04521,2.06,1.12
2016.10.23 23:59:44.591,1.04507,1.04521,1.62,1.12
2016.10.23 23:59:50.107,1.04508,1.04521,1.12,1.12
2016.10.23 23:59:51.417,1.04507,1.04521,1.62,1.12
2016.10.23 23:59:51.519,1.04507,1.04521,1.25,1.12
2016.10.23 23:59:51.621,1.04506,1.04521,1.31,1.12
2016.10.23 23:59:51.774,1.04506,1.04521,1.12,1.12
2016.10.23 23:59:51.855,1.04501,1.04518,2.62,1.12
2016.10.23 23:59:51.906,1.04501,1.04518,1.12,2.25
2016.10.23 23:59:52.281,1.045,1.04513,1.19,1.12
2016.10.23 23:59:52.384,1.04501,1.04517,1.12,1.00
2016.10.23 23:59:52.538,1.04501,1.04518,1.12,1.87
2016.10.23 23:59:52.640,1.04501,1.04518,1.12,2.62
2016.10.23 23:59:53.253,1.04501,1.04518,1.12,3.37
2016.10.23 23:59:54.036,1.04501,1.04518,1.87,2.62
2016.10.23 23:59:54.087,1.04501,1.04518,1.87,1.87
2016.10.23 23:59:54.138,1.04505,1.04518,1.00,1.87
2016.10.23 23:59:54.241,1.04505,1.04518,1.00,1.12
2016.10.23 23:59:54.776,1.04505,1.04517,1.00,1.12
2016.10.23 23:59:55.435,1.04506,1.04517,1.00,1.12
2016.10.23 23:59:57.764,1.04507,1.04518,1.00,1.12
2016.10.23 23:59:57.866,1.04508,1.04521,1.00,1.87
2016.10.23 23:59:57.917,1.0451,1.04521,1.00,1.12
2016.10.23 23:59:58.953,1.04511,1.04521,1.00,1.12
