2008.06.09 02:00:00.144,1.0324,1.0327,1.60,0.90
2008.06.09 02:00:00.643,1.0324,1.0327,6.10,0.90
2008.06.09 02:00:01.056,1.0324,1.0327,6.60,0.90
2008.06.09 02:00:02.043,1.0324,1.0327,4.20,0.90
2008.06.09 02:00:02.183,1.0324,1.0327,0.70,0.90
2008.06.09 02:00:03.013,1.0324,1.0327,2.70,0.90
2008.06.09 02:00:04.684,1.0324,1.0327,6.30,0.90
2008.06.09 02:00:04.732,1.0324,1.0327,7.20,0.90
2008.06.09 02:00:05.471,1.0324,1.0327,3.40,0.90
2008.06.09 02:00:05.773,1.0324,1.0327,3.60,0.90
2008.06.09 02:00:05.851,1.0324,1.0327,4.40,0.90
2008.06.09 02:00:06.082,1.0324,1.0327,9.60,0.90
2008.06.09 02:00:07.063,1.0324,1.0328,9.20,0.90
2008.06.09 02:00:07.192,1.0324,1.0328,5.10,0.90
2008.06.09 02:00:07.323,1.0324,1.0328,1.60,0.90
2008.06.09 02:00:08.690,1.0324,1.0328,5.50,0.90
2008.06.09 02:00:09.663,1.0324,1.0328,5.40,0.90
2008.06.09 02:00:09.732,1.0325,1.0329,0.80,4.60
2008.06.09 02:00:09.809,1.0325,1.0329,0.80,2.70
2008.06.09 02:00:09.907,1.0325,1.0329,1.60,6.80
2008.06.09 02:00:10.172,1.0325,1.0328,0.70,0.90
2008.06.09 02:00:11.633,1.0325,1.0328,4.20,0.90
2008.06.09 02:00:11.791,1.0325,1.0328,6.90,0.90
2008.06.09 02:00:11.966,1.0325,1.0328,6.10,0.90
2008.06.09 02:00:12.044,1.0325,1.0329,8.40,4.30
2008.06.09 02:00:12.128,1.0326,1.0329,0.70,4.20
2008.06.09 02:00:12.305,1.0326,1.0329,6.40,2.80
2008.06.09 02:00:17.700,1.0326,1.0329,0.70,2.80
2008.06.09 02:00:19.842,1.0326,1.0329,0.70,6.60
2008.06.09 02:00:19.959,1.0325,1.0329,9.20,6.40
2008.06.09 02:00:20.079,1.0325,1.0329,4.90,3.70
2008.06.09 02:00:20.199,1.0325,1.0329,0.70,5.70
2008.06.09 02:00:20.899,1.0325,1.0329,3.80,3.20
2008.06.09 02:00:20.988,1.0325,1.0329,5.60,6.10
2008.06.09 02:00:21.877,1.0325,1.0328,7.20,0.90
2008.06.09 02:00:22.169,1.0325,1.0328,6.30,0.90
2008.06.09 02:00:22.318,1.0325,1.0328,1.60,0.90
2008.06.09 02:00:39.333,1.0325,1.0328,1.60,1.20
2008.06.09 02:00:40.992,1.0325,1.0328,1.60,0.90
2008.06.09 02:00:43.954,1.0325,1.0328,1.60,1.20
2008.06.09 02:00:52.382,1.0325,1.0328,1.60,3.10
2008.06.09 02:00:52.793,1.0325,1.0328,1.60,1.20
2008.06.09 02:00:52.886,1.0325,1.0328,1.60,3.10
2008.06.09 02:00:53.175,1.0325,1.0327,1.60,0.90
2008.06.09 02:00:53.352,1.0325,1.0327,0.80,0.90
2008.06.09 02:00:55.701,1.0325,1.0326,0.80,0.90
2008.06.09 02:00:57.459,1.0325,1.0326,0.80,1.20
2008.06.09 02:00:58.634,1.0325,1.0326,0.80,0.20
2008.06.09 02:00:59.175,1.0325,1.0326,0.80,0.20
2008.06.09 02:01:03.324,1.0325,1.0326,0.80,0.20
2008.06.09 02:01:05.711,1.0325,1.0326,0.80,0.20
2008.06.09 02:01:06.228,1.0325,1.0327,0.80,0.20
2008.06.09 02:01:13.149,1.0325,1.0327,0.80,0.90
2008.06.09 02:01:13.226,1.0325,1.0326,0.80,0.20
2008.06.09 02:01:13.416,1.0325,1.0326,0.80,0.20
2008.06.09 02:01:17.024,1.0325,1.03255,0.80,0.10
2008.06.09 02:01:26.233,1.0321,1.0324,5.70,0.20
2008.06.09 02:01:26.449,1.0321,1.0324,7.30,0.20
2008.06.09 02:01:26.674,1.0321,1.0325,8.80,4.00
2008.06.09 02:01:26.907,1.0321,1.0325,8.10,3.90
2008.06.09 02:01:27.101,1.0321,1.0325,8.70,1.20
2008.06.09 02:01:28.498,1.0321,1.0325,14.40,1.20
2008.06.09 02:01:28.793,1.0321,1.0325,8.20,1.20
2008.06.09 02:01:35.009,1.0321,1.0325,11.80,1.20
2008.06.09 02:01:35.065,1.0321,1.0325,5.40,3.10
2008.06.09 02:01:35.151,1.0321,1.0324,8.80,0.20
2008.06.09 02:01:35.275,1.0321,1.0324,4.60,0.20
2008.06.09 02:01:35.322,1.0321,1.0324,0.70,0.20
2008.06.09 02:01:36.869,1.0321,1.0324,1.60,0.90
2008.06.09 02:01:43.223,1.0321,1.0324,0.70,0.90
2008.06.09 02:01:43.346,1.032,1.0324,6.40,0.90
2008.06.09 02:01:43.398,1.032,1.0324,9.40,0.90
2008.06.09 02:01:43.430,1.032,1.0324,3.40,0.90
2008.06.09 02:01:43.579,1.0321,1.0324,0.80,0.90
2008.06.09 02:01:46.392,1.032,1.0324,9.80,0.90
2008.06.09 02:01:46.534,1.032,1.0324,6.70,0.90
2008.06.09 02:01:46.717,1.032,1.0324,5.60,0.90
2008.06.09 02:01:46.839,1.032,1.0324,10.90,0.90
2008.06.09 02:01:46.986,1.032,1.0324,1.60,0.90
2008.06.09 02:01:54.435,1.032,1.0325,1.60,0.20
2008.06.09 02:01:54.929,1.032,1.0325,3.10,0.20
2008.06.09 02:01:55.467,1.032,1.0325,1.60,0.20
2008.06.09 02:01:56.132,1.032,1.0325,6.20,0.20
2008.06.09 02:01:56.288,1.032,1.0325,6.20,0.20
2008.06.09 02:01:57.649,1.032,1.0324,5.40,0.90
2008.06.09 02:01:58.181,1.032,1.0324,2.80,0.90
2008.06.09 02:01:58.425,1.032,1.0324,2.60,0.90
2008.06.09 02:01:58.575,1.032,1.0324,0.70,0.90
2008.06.09 02:01:58.735,1.0319,1.0325,6.80,0.90
2008.06.09 02:01:59.043,1.0319,1.0324,4.80,0.20
2008.06.09 02:01:59.353,1.0319,1.0324,4.80,0.20
2008.06.09 02:01:59.517,1.0319,1.0324,6.80,1.20
2008.06.09 02:01:59.684,1.0319,1.0324,4.50,1.20
2008.06.09 02:02:00.175,1.032,1.0324,0.80,1.20
2008.06.09 02:02:02.948,1.032,1.0324,0.80,0.20
2008.06.09 02:02:03.407,1.0321,1.0326,0.80,2.10
2008.06.09 02:02:03.862,1.032,1.0326,0.70,2.80
2008.06.09 02:02:04.091,1.03195,1.0325,0.30,0.20
2008.06.09 02:02:04.947,1.03195,1.0324,0.30,0.90
2008.06.09 02:02:05.107,1.0319,1.0324,13.50,0.90
2008.06.09 02:02:05.214,1.0319,1.0324,6.90,0.90
2008.06.09 02:02:06.888,1.0319,1.0324,5.70,0.90
2008.06.09 02:02:07.332,1.0319,1.0324,4.50,0.90
2008.06.09 02:02:07.421,1.0319,1.0324,5.70,0.90
2008.06.09 02:02:07.554,1.0319,1.0324,10.90,0.90
2008.06.09 02:02:07.992,1.0319,1.0324,13.60,0.90
2008.06.09 02:02:09.945,1.0319,1.0324,9.40,0.90
2008.06.09 02:02:10.866,1.0319,1.0324,11.10,0.90
2008.06.09 02:02:11.140,1.0319,1.0324,9.00,0.90
2008.06.09 02:02:11.419,1.0319,1.0324,8.20,0.90
2008.06.09 02:02:11.760,1.0319,1.0324,6.90,0.90
2008.06.09 02:02:12.168,1.0319,1.0324,4.40,0.90
2008.06.09 02:02:12.294,1.0319,1.0324,7.20,0.90
2008.06.09 02:02:12.618,1.0319,1.0324,13.20,0.90
2008.06.09 02:02:14.130,1.0319,1.0324,10.60,0.90
2008.06.09 02:02:14.238,1.0319,1.0324,11.10,0.90
2008.06.09 02:02:14.424,1.03195,1.0324,0.30,0.90
2008.06.09 02:02:14.600,1.03195,1.0325,0.30,0.20
2008.06.09 02:02:14.759,1.0319,1.0324,14.60,0.90
2008.06.09 02:02:14.935,1.0319,1.0324,8.10,0.90
2008.06.09 02:02:16.922,1.0319,1.0324,8.50,0.90
2008.06.09 02:02:20.360,1.032,1.0324,0.30,0.90
2008.06.09 02:02:20.389,1.032,1.0324,3.10,0.90
2008.06.09 02:02:20.466,1.0321,1.0325,0.80,2.10
2008.06.09 02:02:20.651,1.0321,1.0325,0.80,0.20
2008.06.09 02:02:23.567,1.0321,1.0325,0.80,2.10
2008.06.09 02:02:24.208,1.0321,1.0325,0.80,2.10
2008.06.09 02:02:27.035,1.0321,1.0325,0.80,0.20
2008.06.09 02:02:29.431,1.0321,1.0325,0.80,2.10
2008.06.09 02:02:31.263,1.0321,1.0325,0.80,0.20
2008.06.09 02:02:35.137,1.0321,1.0325,0.80,1.20
2008.06.09 02:02:37.108,1.0322,1.0325,0.80,1.20
2008.06.09 02:02:37.288,1.0322,1.0325,0.80,0.90
2008.06.09 02:02:38.422,1.0321,1.0325,1.90,0.90
2008.06.09 02:02:38.751,1.0321,1.0325,2.10,0.90
2008.06.09 02:02:39.063,1.03205,1.0325,0.30,0.90
2008.06.09 02:02:41.582,1.0321,1.0325,0.30,0.90
2008.06.09 02:02:41.676,1.0322,1.0325,0.80,0.90
2008.06.09 02:02:42.193,1.0321,1.0325,3.00,0.90
2008.06.09 02:02:42.460,1.0321,1.0325,2.50,0.90
2008.06.09 02:02:42.495,1.0321,1.0325,3.00,0.90
2008.06.09 02:02:42.672,1.03205,1.0325,0.30,0.90
2008.06.09 02:02:43.797,1.032,1.0325,3.10,0.90
2008.06.09 02:02:43.937,1.032,1.0325,1.80,0.90
2008.06.09 02:02:44.700,1.0321,1.0325,0.80,0.90
2008.06.09 02:02:45.094,1.0321,1.0325,0.80,3.10
2008.06.09 02:02:45.237,1.0321,1.0324,0.80,0.90
2008.06.09 02:02:45.514,1.0321,1.0325,0.80,2.10
2008.06.09 02:02:46.002,1.0321,1.0325,0.80,0.20
2008.06.09 02:02:49.680,1.032,1.0325,2.20,0.20
2008.06.09 02:02:49.740,1.032,1.0325,1.80,2.10
2008.06.09 02:02:49.929,1.0321,1.0325,0.80,2.10
2008.06.09 02:02:50.305,1.0321,1.0325,0.80,0.20
2008.06.09 02:03:04.939,1.032,1.0325,9.70,0.20
2008.06.09 02:03:05.047,1.032,1.0325,7.80,2.10
2008.06.09 02:03:05.263,1.032,1.0325,6.90,2.10
2008.06.09 02:03:05.415,1.032,1.0325,10.50,2.10
2008.06.09 02:03:05.559,1.032,1.0324,0.80,0.90
2008.06.09 02:03:23.667,1.0321,1.0325,0.80,2.10
2008.06.09 02:03:25.181,1.032,1.0324,14.00,0.90
2008.06.09 02:03:25.267,1.032,1.0324,7.40,0.90
2008.06.09 02:03:25.347,1.032,1.0324,10.40,0.90
2008.06.09 02:03:25.425,1.032,1.0324,10.90,0.90
2008.06.09 02:03:25.776,1.032,1.0324,6.90,0.90
2008.06.09 02:03:25.855,1.032,1.0324,7.00,0.90
2008.06.09 02:03:25.934,1.032,1.0324,0.60,0.90
2008.06.09 02:03:26.927,1.032,1.0325,0.60,2.10
2008.06.09 02:03:32.978,1.032,1.0324,0.60,0.90
2008.06.09 02:03:33.782,1.032,1.0324,3.30,0.90
2008.06.09 02:03:33.961,1.032,1.0325,3.30,2.10
2008.06.09 02:03:34.011,1.032,1.0325,0.60,2.10
2008.06.09 02:03:34.311,1.0321,1.0325,0.80,2.10
2008.06.09 02:03:34.882,1.032,1.0325,0.70,2.10
2008.06.09 02:03:37.159,1.032,1.0324,0.70,0.90
2008.06.09 02:03:37.341,1.0319,1.0324,8.60,0.90
2008.06.09 02:03:37.392,1.0319,1.0324,12.90,0.90
2008.06.09 02:03:38.799,1.0319,1.0324,7.50,0.90
2008.06.09 02:03:41.235,1.0319,1.0324,10.30,3.60
2008.06.09 02:03:41.342,1.0319,1.0324,7.00,7.20
2008.06.09 02:03:44.230,1.0319,1.0324,10.90,0.90
2008.06.09 02:03:45.403,1.032,1.0324,0.80,0.90
2008.06.09 02:03:45.739,1.032,1.0324,0.80,1.20
2008.06.09 02:03:46.607,1.032,1.0324,0.80,4.20
2008.06.09 02:03:46.724,1.032,1.0324,0.80,7.20
2008.06.09 02:03:47.499,1.032,1.0324,0.80,1.20
2008.06.09 02:03:50.451,1.032,1.0324,0.80,3.10
2008.06.09 02:03:51.247,1.032,1.0324,0.80,6.00
2008.06.09 02:03:53.738,1.032,1.0323,0.80,0.90
2008.06.09 02:03:53.788,1.032,1.0323,0.80,1.20
2008.06.09 02:03:53.930,1.032,1.0323,0.80,3.10
2008.06.09 02:03:54.822,1.032,1.0323,0.80,1.20
2008.06.09 02:03:55.677,1.032,1.0323,0.80,0.20
2008.06.09 02:03:55.832,1.032,1.0324,0.80,2.10
2008.06.09 02:03:57.393,1.032,1.0324,0.80,4.00
2008.06.09 02:03:58.140,1.032,1.0323,0.80,0.90
2008.06.09 02:03:58.409,1.032,1.0323,0.80,1.20
2008.06.09 02:03:58.728,1.032,1.0323,0.80,0.20
2008.06.09 02:04:00.854,1.032,1.0325,0.80,12.30
2008.06.09 02:04:00.929,1.032,1.0325,0.80,14.70
2008.06.09 02:04:01.019,1.032,1.0325,0.80,5.70
2008.06.09 02:04:01.882,1.032,1.03245,0.80,0.70
2008.06.09 02:04:02.039,1.0319,1.0323,3.70,0.90
2008.06.09 02:04:02.197,1.0318,1.0323,8.80,0.90
2008.06.09 02:04:02.504,1.0318,1.0324,11.10,0.20
2008.06.09 02:04:02.989,1.03185,1.0324,0.30,0.20
2008.06.09 02:04:04.570,1.03185,1.0324,0.30,2.10
2008.06.09 02:04:05.670,1.03185,1.0323,0.30,0.90
2008.06.09 02:04:05.922,1.0318,1.0323,5.50,0.90
2008.06.09 02:04:06.099,1.0318,1.0323,6.10,0.90
2008.06.09 02:04:06.524,1.0318,1.0323,8.50,0.90
2008.06.09 02:04:09.441,1.0318,1.0323,9.00,0.90
2008.06.09 02:04:09.509,1.0319,1.0322,0.80,0.90
2008.06.09 02:04:09.780,1.0319,1.0323,0.80,0.20
2008.06.09 02:04:10.097,1.0319,1.0322,0.80,0.90
2008.06.09 02:04:10.175,1.0319,1.0323,0.80,0.20
2008.06.09 02:04:10.643,1.0319,1.0323,0.80,2.10
2008.06.09 02:04:10.954,1.0319,1.0323,0.80,0.20
2008.06.09 02:04:13.993,1.0319,1.0323,0.80,2.10
2008.06.09 02:04:14.833,1.0319,1.0323,0.80,0.20
2008.06.09 02:04:17.902,1.0319,1.0323,0.80,2.10
2008.06.09 02:04:22.632,1.0319,1.0323,0.80,0.20
2008.06.09 02:04:23.396,1.0319,1.0323,0.80,2.10
2008.06.09 02:04:24.364,1.0319,1.0323,0.80,0.20
2008.06.09 02:04:35.237,1.0319,1.0323,0.80,1.20
2008.06.09 02:04:45.457,1.0319,1.0323,1.80,1.20
2008.06.09 02:04:45.506,1.0319,1.0323,2.60,1.20
2008.06.09 02:04:45.564,1.0319,1.0323,10.60,1.20
2008.06.09 02:05:00.930,1.0319,1.0322,6.40,0.90
2008.06.09 02:05:01.072,1.0319,1.0322,10.20,0.90
2008.06.09 02:05:01.243,1.0319,1.0322,8.80,0.90
2008.06.09 02:05:01.294,1.0319,1.0322,5.20,0.90
2008.06.09 02:05:01.389,1.0319,1.0322,3.70,0.90
2008.06.09 02:05:01.494,1.0319,1.0322,0.60,0.90
2008.06.09 02:05:08.968,1.0319,1.0321,0.60,0.90
2008.06.09 02:05:10.821,1.0319,1.0322,0.60,2.10
2008.06.09 02:05:10.987,1.0319,1.0322,0.60,0.20
2008.06.09 02:05:14.436,1.0319,1.0322,0.60,2.10
2008.06.09 02:05:14.566,1.0319,1.0322,0.60,0.20
2008.06.09 02:05:14.700,1.0319,1.0321,0.60,0.90
2008.06.09 02:05:17.177,1.0319,1.0322,0.60,2.10
2008.06.09 02:05:17.320,1.0319,1.0322,0.60,0.20
2008.06.09 02:05:20.466,1.0319,1.0322,0.60,2.10
2008.06.09 02:05:22.361,1.0319,1.0322,0.60,4.00
2008.06.09 02:05:28.380,1.0319,1.0322,0.60,2.10
2008.06.09 02:05:29.873,1.0319,1.0322,0.60,0.20
2008.06.09 02:05:30.923,1.0319,1.0322,0.60,2.10
2008.06.09 02:05:33.667,1.0319,1.0321,0.60,0.90
2008.06.09 02:05:33.700,1.0319,1.0321,0.60,1.20
2008.06.09 02:05:35.527,1.0319,1.0321,0.60,0.20
2008.06.09 02:05:35.826,1.0319,1.0322,0.60,1.90
2008.06.09 02:05:35.866,1.0319,1.0321,0.60,0.20
2008.06.09 02:05:39.572,1.0319,1.0322,0.60,1.20
2008.06.09 02:05:42.116,1.0319,1.0322,0.60,0.90
2008.06.09 02:05:45.317,1.0319,1.0322,0.60,1.20
2008.06.09 02:05:49.620,1.0319,1.0322,0.60,0.90
2008.06.09 02:05:53.317,1.0319,1.0323,0.60,2.10
2008.06.09 02:06:06.492,1.0319,1.0323,0.60,7.50
2008.06.09 02:06:07.674,1.0319,1.0323,0.60,2.10
2008.06.09 02:06:10.257,1.0319,1.0323,0.60,0.20
2008.06.09 02:06:10.479,1.0319,1.0323,0.60,2.10
2008.06.09 02:06:10.764,1.0319,1.0323,0.60,3.90
2008.06.09 02:06:11.042,1.0319,1.0322,0.60,0.90
2008.06.09 02:06:11.185,1.0319,1.0322,0.60,1.20
2008.06.09 02:06:11.537,1.0319,1.0321,0.60,0.90
2008.06.09 02:06:14.463,1.0319,1.0322,0.60,0.20
2008.06.09 02:06:18.406,1.0319,1.0322,0.60,1.20
2008.06.09 02:06:18.490,1.0319,1.0322,0.60,0.90
2008.06.09 02:07:06.357,1.0319,1.0322,0.60,1.20
2008.06.09 02:07:08.271,1.0319,1.0322,0.60,0.20
2008.06.09 02:07:24.349,1.0319,1.0324,0.60,19.50
2008.06.09 02:07:24.462,1.0319,1.0323,0.60,1.90
2008.06.09 02:07:27.020,1.0319,1.0324,0.60,16.00
2008.06.09 02:08:21.728,1.0319,1.0324,0.60,18.20
2008.06.09 02:08:22.248,1.0319,1.0324,0.60,20.80
2008.06.09 02:08:22.456,1.0319,1.0323,0.60,0.90
2008.06.09 02:08:34.524,1.032,1.0323,2.80,0.90
2008.06.09 02:08:34.635,1.032,1.0323,3.10,0.90
2008.06.09 02:08:34.666,1.0321,1.0323,0.80,0.90
2008.06.09 02:08:35.682,1.032,1.0323,8.60,0.90
2008.06.09 02:08:35.811,1.032,1.0323,6.40,0.90
2008.06.09 02:08:35.980,1.032,1.0323,3.60,0.90
2008.06.09 02:08:36.057,1.032,1.0323,4.80,0.90
2008.06.09 02:08:36.118,1.032,1.0323,0.80,0.90
2008.06.09 02:08:44.007,1.032,1.0323,3.20,0.90
2008.06.09 02:08:44.208,1.0321,1.0323,0.80,0.90
2008.06.09 02:08:45.249,1.032,1.0323,4.40,0.90
2008.06.09 02:08:45.528,1.032,1.0323,0.80,0.90
2008.06.09 02:08:47.274,1.032,1.0323,1.20,0.90
2008.06.09 02:08:49.981,1.032,1.0323,3.10,0.90
2008.06.09 02:08:50.129,1.032,1.0323,2.70,0.90
2008.06.09 02:08:50.340,1.032,1.0323,0.80,0.90
2008.06.09 02:08:53.705,1.032,1.0323,1.20,0.90
2008.06.09 02:08:57.642,1.032,1.0323,0.80,0.90
2008.06.09 02:09:21.487,1.03195,1.0323,0.30,0.90
2008.06.09 02:09:21.598,1.0319,1.0323,11.80,0.90
2008.06.09 02:09:21.662,1.0319,1.0323,8.50,0.90
2008.06.09 02:09:21.710,1.0319,1.0323,7.20,0.90
2008.06.09 02:09:21.816,1.0319,1.0323,1.20,0.90
2008.06.09 02:09:22.362,1.0319,1.0323,0.80,0.90
2008.06.09 02:09:25.184,1.032,1.0323,0.80,0.90
2008.06.09 02:09:27.011,1.0319,1.0323,0.70,0.90
2008.06.09 02:09:27.246,1.03185,1.0323,0.30,0.90
2008.06.09 02:09:31.621,1.0318,1.0323,3.20,0.90
2008.06.09 02:09:31.701,1.0319,1.0323,0.80,0.90
2008.06.09 02:09:34.197,1.032,1.0323,0.80,0.90
2008.06.09 02:09:34.256,1.032,1.0323,1.20,0.90
2008.06.09 02:09:34.363,1.0321,1.0323,0.80,0.90
2008.06.09 02:09:34.434,1.0321,1.0323,2.60,0.90
2008.06.09 02:09:34.496,1.0321,1.0323,5.70,0.90
2008.06.09 02:09:35.806,1.0321,1.0323,3.80,0.90
2008.06.09 02:09:36.078,1.0321,1.0323,5.10,0.90
2008.06.09 02:09:36.184,1.032,1.0323,2.60,0.90
2008.06.09 02:09:36.294,1.032,1.0323,1.60,0.90
2008.06.09 02:09:36.355,1.032,1.0323,0.90,0.90
2008.06.09 02:09:36.523,1.032,1.0323,0.80,0.90
2008.06.09 02:09:56.149,1.032,1.0322,0.80,0.90
2008.06.09 02:09:57.873,1.032,1.0324,0.80,0.90
2008.06.09 02:09:58.228,1.032,1.0324,0.80,0.20
2008.06.09 02:09:58.942,1.032,1.0324,0.80,0.90
2008.06.09 02:10:08.806,1.032,1.0324,0.80,0.20
2008.06.09 02:10:10.226,1.032,1.0324,0.80,0.90
2008.06.09 02:10:10.407,1.032,1.0323,0.80,0.90
2008.06.09 02:10:21.762,1.032,1.0324,0.80,0.20
2008.06.09 02:10:48.899,1.032,1.0324,1.80,0.20
2008.06.09 02:10:49.502,1.032,1.0324,2.10,0.20
2008.06.09 02:10:49.574,1.0321,1.0324,0.90,0.20
2008.06.09 02:10:51.429,1.032,1.0324,7.00,0.20
2008.06.09 02:10:51.548,1.032,1.0324,2.10,0.20
2008.06.09 02:10:56.384,1.0321,1.0324,0.90,0.20
2008.06.09 02:11:06.401,1.032,1.0324,6.40,0.20
2008.06.09 02:11:06.585,1.032,1.0324,3.20,0.20
2008.06.09 02:11:09.085,1.032,1.0324,2.70,0.20
2008.06.09 02:11:09.954,1.032,1.0324,2.00,0.20
2008.06.09 02:11:14.042,1.032,1.0324,0.80,0.20
2008.06.09 02:11:15.054,1.032,1.0324,2.70,0.20
2008.06.09 02:11:15.349,1.032,1.0324,0.80,0.20
2008.06.09 02:11:17.729,1.032,1.0324,1.80,0.20
2008.06.09 02:11:19.285,1.032,1.0324,3.40,0.20
2008.06.09 02:11:20.636,1.032,1.0323,1.90,0.90
2008.06.09 02:11:20.886,1.032,1.0323,1.80,0.90
2008.06.09 02:11:20.932,1.032,1.0323,5.70,0.90
2008.06.09 02:11:21.268,1.032,1.0323,5.00,0.90
2008.06.09 02:11:21.309,1.032,1.0323,3.90,0.90
2008.06.09 02:11:21.452,1.0319,1.0323,5.40,0.90
2008.06.09 02:11:22.959,1.0319,1.0324,6.20,0.20
2008.06.09 02:11:23.013,1.032,1.0324,2.80,0.20
2008.06.09 02:11:23.066,1.032,1.0324,3.00,0.20
2008.06.09 02:11:27.247,1.032,1.0324,3.00,0.20
2008.06.09 02:11:35.653,1.032,1.0324,1.80,0.20
2008.06.09 02:11:38.918,1.032,1.0324,0.80,0.20
2008.06.09 02:11:38.950,1.0319,1.0324,2.10,0.20
2008.06.09 02:11:39.062,1.0319,1.0324,2.40,0.20
2008.06.09 02:11:40.444,1.0319,1.0324,2.50,0.20
2008.06.09 02:11:40.945,1.0319,1.0324,3.20,0.20
2008.06.09 02:11:43.128,1.0319,1.0324,3.10,0.20
2008.06.09 02:11:50.916,1.0319,1.0324,3.00,0.20
2008.06.09 02:11:51.242,1.0319,1.0324,2.70,0.20
2008.06.09 02:11:51.661,1.0319,1.0324,0.90,0.20
2008.06.09 02:11:51.861,1.0319,1.0324,1.80,0.20
2008.06.09 02:11:52.062,1.0319,1.0324,0.80,0.20
2008.06.09 02:11:57.477,1.0319,1.0324,0.80,0.90
2008.06.09 02:12:01.156,1.0319,1.0324,0.80,1.20
2008.06.09 02:12:01.888,1.0319,1.0324,0.80,3.10
2008.06.09 02:12:03.042,1.0319,1.0324,0.80,6.30
2008.06.09 02:12:03.214,1.0319,1.0324,0.80,5.80
2008.06.09 02:12:03.565,1.0319,1.0324,0.80,11.60
2008.06.09 02:12:05.422,1.0319,1.0324,0.80,11.40
2008.06.09 02:12:05.755,1.0319,1.03235,0.80,0.70
2008.06.09 02:12:06.188,1.0319,1.0324,0.80,2.80
2008.06.09 02:12:06.206,1.0319,1.0324,0.80,0.90
2008.06.09 02:12:06.577,1.0319,1.0324,0.80,2.80
2008.06.09 02:12:06.747,1.0319,1.03235,0.80,0.70
2008.06.09 02:12:07.979,1.0319,1.0324,0.80,6.00
2008.06.09 02:12:08.036,1.0319,1.0324,0.80,9.90
2008.06.09 02:12:08.089,1.0319,1.0324,0.80,0.90
2008.06.09 02:12:10.696,1.0319,1.0323,0.80,0.90
2008.06.09 02:12:11.661,1.0319,1.03235,0.80,0.70
2008.06.09 02:12:11.735,1.0319,1.0324,0.80,9.40
2008.06.09 02:12:11.816,1.0319,1.0324,0.80,6.00
2008.06.09 02:12:12.104,1.0319,1.0324,0.80,1.20
2008.06.09 02:12:13.935,1.0319,1.0323,0.80,0.90
2008.06.09 02:12:18.393,1.0319,1.0323,0.80,1.20
2008.06.09 02:12:22.778,1.0319,1.0323,0.80,0.20
2008.06.09 02:12:22.889,1.0319,1.0324,0.80,0.90
2008.06.09 02:12:29.872,1.0319,1.0324,0.80,1.20
2008.06.09 02:12:30.704,1.0319,1.0324,0.80,0.20
2008.06.09 02:12:30.824,1.0319,1.0325,0.80,0.70
2008.06.09 02:12:31.401,1.0319,1.0325,0.80,10.20
2008.06.09 02:12:32.553,1.0319,1.0325,0.80,10.20
2008.06.09 02:12:32.662,1.0319,1.0325,0.80,2.60
2008.06.09 02:12:33.590,1.0319,1.0325,0.80,12.00
2008.06.09 02:12:34.267,1.0319,1.0325,0.80,9.20
2008.06.09 02:12:34.475,1.0319,1.0325,0.80,0.70
2008.06.09 02:12:34.958,1.0319,1.0325,0.80,2.60
2008.06.09 02:12:35.422,1.0319,1.03245,0.80,0.70
2008.06.09 02:12:38.657,1.0319,1.0324,0.80,0.90
2008.06.09 02:12:39.420,1.0319,1.0324,0.80,7.40
2008.06.09 02:12:41.056,1.0319,1.0324,0.80,0.90
2008.06.09 02:12:43.048,1.0319,1.0324,0.80,7.50
2008.06.09 02:12:44.875,1.0319,1.0324,0.80,9.70
2008.06.09 02:12:44.980,1.0319,1.0323,0.80,0.90
2008.06.09 02:12:56.120,1.0319,1.0324,0.80,8.10
2008.06.09 02:12:56.294,1.0319,1.0324,0.80,13.00
2008.06.09 02:12:56.317,1.0319,1.03245,0.80,0.70
2008.06.09 02:12:57.015,1.0319,1.0324,0.80,0.70
2008.06.09 02:12:57.910,1.0319,1.0324,0.80,9.30
2008.06.09 02:12:59.715,1.0319,1.0324,0.80,9.80
2008.06.09 02:12:59.970,1.0319,1.0324,0.80,1.60
2008.06.09 02:12:59.999,1.0319,1.0324,0.80,0.90
2008.06.09 02:13:01.217,1.0319,1.0324,0.80,1.60
2008.06.09 02:13:01.314,1.0319,1.0324,0.80,9.00
2008.06.09 02:13:04.638,1.0319,1.0324,0.80,9.90
2008.06.09 02:13:04.693,1.0319,1.0324,0.80,7.00
2008.06.09 02:13:04.816,1.0319,1.03245,0.80,0.70
2008.06.09 02:13:04.970,1.0319,1.0325,0.80,12.90
2008.06.09 02:13:05.107,1.0319,1.0325,0.80,13.00
2008.06.09 02:13:06.225,1.0319,1.0325,0.80,9.10
2008.06.09 02:13:06.713,1.0319,1.0325,0.80,13.60
2008.06.09 02:13:08.113,1.0319,1.0325,0.80,12.20
2008.06.09 02:13:08.219,1.0319,1.03245,0.80,0.70
2008.06.09 02:13:08.364,1.0319,1.0324,0.80,0.90
2008.06.09 02:13:08.456,1.0319,1.0324,0.80,1.60
2008.06.09 02:13:08.516,1.0319,1.0324,0.80,6.10
2008.06.09 02:13:34.702,1.0319,1.0323,0.80,8.80
2008.06.09 02:13:34.905,1.0319,1.0323,0.80,9.90
2008.06.09 02:13:37.532,1.0319,1.0323,0.80,0.90
2008.06.09 02:13:40.660,1.0319,1.0323,0.80,1.60
2008.06.09 02:13:40.987,1.0319,1.0323,0.80,0.70
2008.06.09 02:13:41.646,1.0319,1.0324,0.80,7.60
2008.06.09 02:13:42.619,1.0319,1.0324,0.80,6.00
2008.06.09 02:13:42.796,1.0319,1.0324,0.80,0.90
2008.06.09 02:13:57.460,1.0319,1.0324,0.80,6.40
2008.06.09 02:13:57.742,1.0319,1.0324,0.80,8.40
2008.06.09 02:14:02.785,1.0319,1.0324,0.80,1.60
2008.06.09 02:14:02.927,1.0319,1.0324,0.80,1.90
2008.06.09 02:14:02.998,1.0319,1.0323,0.80,0.90
2008.06.09 02:14:03.859,1.0319,1.0323,0.80,8.00
2008.06.09 02:14:07.632,1.0319,1.0323,0.80,9.60
2008.06.09 02:14:10.103,1.0319,1.0323,0.80,10.00
2008.06.09 02:14:10.175,1.0319,1.0323,0.80,0.90
2008.06.09 02:14:10.469,1.0319,1.03235,0.80,0.70
2008.06.09 02:14:10.727,1.0319,1.0324,0.80,13.80
2008.06.09 02:14:11.267,1.0319,1.0324,0.80,10.00
2008.06.09 02:14:12.027,1.0319,1.0324,0.80,8.20
2008.06.09 02:14:12.337,1.0319,1.0324,0.80,10.30
2008.06.09 02:14:13.426,1.0319,1.0324,0.80,9.40
2008.06.09 02:14:13.868,1.0319,1.0324,0.80,9.80
2008.06.09 02:14:13.931,1.0319,1.0323,0.80,0.90
2008.06.09 02:14:13.993,1.0319,1.0323,0.80,7.80
2008.06.09 02:14:17.884,1.0319,1.0323,0.80,6.00
2008.06.09 02:14:18.277,1.0319,1.0324,0.80,14.60
2008.06.09 02:14:18.496,1.0319,1.0324,0.80,10.80
2008.06.09 02:14:19.267,1.0319,1.0324,0.80,9.40
2008.06.09 02:14:19.346,1.0319,1.0324,0.80,14.80
2008.06.09 02:14:19.431,1.0319,1.0324,0.80,14.40
2008.06.09 02:14:19.805,1.0319,1.0324,0.80,5.10
2008.06.09 02:14:20.731,1.0319,1.0323,0.80,8.20
2008.06.09 02:14:21.545,1.0319,1.0324,0.80,10.30
2008.06.09 02:14:22.790,1.0319,1.0324,0.80,4.40
2008.06.09 02:14:23.750,1.0319,1.0324,0.80,9.20
2008.06.09 02:14:24.313,1.0319,1.0324,0.80,3.40
2008.06.09 02:14:24.725,1.0319,1.0323,0.80,0.90
2008.06.09 02:14:25.182,1.0319,1.0323,0.80,8.70
2008.06.09 02:14:28.883,1.0319,1.0323,0.80,0.90
2008.06.09 02:14:30.282,1.0319,1.0323,0.80,8.80
2008.06.09 02:14:30.633,1.0319,1.0323,0.80,0.90
2008.06.09 02:14:30.729,1.0319,1.0324,0.80,13.90
2008.06.09 02:14:30.823,1.0319,1.0324,0.80,6.60
2008.06.09 02:14:31.472,1.0319,1.0323,0.80,8.70
2008.06.09 02:14:32.667,1.0319,1.0324,0.80,6.70
2008.06.09 02:14:33.657,1.0319,1.0324,0.80,16.80
2008.06.09 02:14:34.481,1.0319,1.0324,0.80,11.60
2008.06.09 02:14:34.971,1.0319,1.0324,0.80,10.60
2008.06.09 02:14:35.580,1.0319,1.0324,0.80,9.00
2008.06.09 02:14:36.481,1.0319,1.0324,0.80,5.20
2008.06.09 02:14:36.945,1.0319,1.0324,0.80,8.10
2008.06.09 02:14:37.446,1.0319,1.0323,0.80,7.50
2008.06.09 02:14:38.323,1.0319,1.0324,0.80,8.00
2008.06.09 02:14:49.419,1.0319,1.0324,0.80,10.00
2008.06.09 02:14:49.441,1.0319,1.0323,0.80,0.90
2008.06.09 02:14:49.607,1.0319,1.0323,0.80,5.50
2008.06.09 02:14:50.855,1.0319,1.0323,0.80,7.90
2008.06.09 02:14:52.144,1.0319,1.0323,0.80,6.40
2008.06.09 02:14:52.346,1.0319,1.0323,0.80,5.80
2008.06.09 02:14:53.727,1.0319,1.0323,0.80,1.20
2008.06.09 02:14:55.404,1.0319,1.0322,0.80,0.90
2008.06.09 02:14:56.755,1.0319,1.0322,0.80,0.90
2008.06.09 02:14:59.247,1.0319,1.0322,0.80,1.20
2008.06.09 02:15:21.024,1.0319,1.0321,0.80,0.90
2008.06.09 02:15:23.666,1.0319,1.0322,0.80,0.20
2008.06.09 02:15:29.231,1.0319,1.0322,0.80,8.70
2008.06.09 02:15:31.887,1.0319,1.0321,0.80,0.90
2008.06.09 02:15:52.932,1.0319,1.0321,0.80,1.20
2008.06.09 02:15:57.481,1.0319,1.0321,0.80,7.50
2008.06.09 02:15:58.028,1.0319,1.0321,0.80,1.20
2008.06.09 02:16:02.033,1.0319,1.0321,0.80,7.00
2008.06.09 02:16:09.878,1.0319,1.0321,0.80,9.80
2008.06.09 02:16:11.032,1.0314,1.0319,0.30,10.50
2008.06.09 02:16:11.219,1.03135,1.0319,0.30,10.00
2008.06.09 02:16:11.407,1.03135,1.0319,0.30,11.10
2008.06.09 02:16:11.780,1.0313,1.0318,1.20,9.00
2008.06.09 02:16:12.135,1.0314,1.0319,3.00,1.20
2008.06.09 02:16:12.439,1.0314,1.0319,1.90,2.10
2008.06.09 02:16:13.009,1.0314,1.0319,1.90,9.60
2008.06.09 02:16:13.630,1.0314,1.0319,2.80,12.20
2008.06.09 02:16:14.971,1.0314,1.0319,2.80,1.20
2008.06.09 02:16:15.145,1.0314,1.0319,2.20,1.20
2008.06.09 02:16:15.279,1.0314,1.0319,2.20,3.60
2008.06.09 02:16:15.607,1.0314,1.0319,2.80,2.00
2008.06.09 02:16:16.265,1.0314,1.0319,4.60,2.50
2008.06.09 02:16:16.626,1.0314,1.0319,2.80,3.20
2008.06.09 02:16:16.916,1.0314,1.0319,2.80,1.20
2008.06.09 02:16:17.244,1.0314,1.0319,2.80,9.40
2008.06.09 02:16:17.473,1.0314,1.0319,2.80,3.20
2008.06.09 02:16:17.802,1.0314,1.0319,4.60,3.40
2008.06.09 02:16:18.016,1.0314,1.0319,2.80,3.70
2008.06.09 02:16:18.663,1.0314,1.0319,2.80,7.60
2008.06.09 02:16:20.146,1.0314,1.0319,3.20,7.80
2008.06.09 02:16:21.476,1.0314,1.0319,1.90,1.20
2008.06.09 02:16:21.825,1.0314,1.0319,7.90,1.20
2008.06.09 02:16:29.506,1.0314,1.0319,8.40,3.60
2008.06.09 02:16:29.861,1.0314,1.0319,5.20,2.60
2008.06.09 02:16:30.042,1.0314,1.0319,2.80,1.20
2008.06.09 02:16:30.169,1.0314,1.0319,2.80,2.10
2008.06.09 02:16:30.590,1.0314,1.0319,2.80,10.80
2008.06.09 02:16:30.927,1.0314,1.0319,2.80,1.20
2008.06.09 02:16:31.212,1.0314,1.0319,2.60,1.20
2008.06.09 02:16:31.363,1.0314,1.0319,6.70,1.20
2008.06.09 02:16:31.698,1.0314,1.0319,6.10,3.70
2008.06.09 02:16:31.953,1.0314,1.0319,6.90,2.00
2008.06.09 02:16:32.182,1.0314,1.0319,2.80,3.20
2008.06.09 02:16:32.555,1.0314,1.0319,2.80,8.20
2008.06.09 02:16:32.775,1.0314,1.0319,2.80,3.00
2008.06.09 02:16:32.967,1.0314,1.0319,2.80,1.20
2008.06.09 02:16:44.021,1.0314,1.0319,2.80,3.20
2008.06.09 02:16:44.239,1.0314,1.0317,2.40,0.90
2008.06.09 02:16:44.359,1.0314,1.0317,4.90,0.90
2008.06.09 02:16:45.350,1.0314,1.0317,4.50,0.90
2008.06.09 02:16:46.460,1.0314,1.0317,6.00,0.90
2008.06.09 02:16:49.794,1.0314,1.0317,6.40,0.90
2008.06.09 02:16:49.891,1.0314,1.0317,5.20,0.90
2008.06.09 02:16:52.196,1.0314,1.0317,4.90,0.90
2008.06.09 02:16:52.686,1.0314,1.0317,7.00,0.90
2008.06.09 02:16:53.460,1.0314,1.0317,3.40,0.90
2008.06.09 02:16:54.760,1.0314,1.0317,3.10,0.90
2008.06.09 02:16:58.995,1.0314,1.0317,6.30,0.90
2008.06.09 02:16:59.999,1.0314,1.0317,2.80,0.90
2008.06.09 02:17:01.174,1.0314,1.0317,5.50,0.90
2008.06.09 02:17:08.359,1.0314,1.0317,4.80,0.90
2008.06.09 02:17:08.864,1.0314,1.0317,5.40,0.90
2008.06.09 02:17:09.255,1.0314,1.0317,3.80,0.90
2008.06.09 02:17:10.705,1.0314,1.0317,4.90,0.90
2008.06.09 02:17:11.508,1.0314,1.0317,3.70,0.90
2008.06.09 02:17:11.793,1.0314,1.0317,5.50,0.90
2008.06.09 02:17:16.270,1.0314,1.0317,2.80,0.90
2008.06.09 02:17:16.295,1.0314,1.0317,4.40,0.90
2008.06.09 02:17:16.477,1.0313,1.0317,6.40,0.90
2008.06.09 02:17:18.854,1.0313,1.0317,8.20,0.90
2008.06.09 02:17:22.964,1.0313,1.0316,5.80,0.90
2008.06.09 02:17:23.507,1.0313,1.0316,7.60,0.90
2008.06.09 02:17:25.049,1.0313,1.0316,3.40,0.90
2008.06.09 02:17:25.315,1.0313,1.0316,4.40,0.90
2008.06.09 02:17:25.539,1.0313,1.0316,2.70,0.90
2008.06.09 02:17:25.601,1.0313,1.0316,5.50,0.90
2008.06.09 02:17:26.891,1.0313,1.0316,7.50,0.90
2008.06.09 02:17:27.986,1.0313,1.0316,4.80,0.90
2008.06.09 02:17:28.089,1.0313,1.0316,4.60,0.90
2008.06.09 02:17:28.239,1.0313,1.0316,0.80,0.90
2008.06.09 02:17:29.332,1.0313,1.0316,2.70,0.90
2008.06.09 02:17:29.497,1.0313,1.0316,0.80,0.90
2008.06.09 02:17:30.056,1.0313,1.0316,3.10,0.90
2008.06.09 02:17:30.494,1.0313,1.0316,0.80,0.90
2008.06.09 02:17:32.588,1.0313,1.0316,1.80,0.90
2008.06.09 02:17:32.907,1.0313,1.0316,4.40,0.90
2008.06.09 02:17:33.752,1.0313,1.0316,3.70,0.90
2008.06.09 02:17:34.658,1.0313,1.0316,5.50,0.90
2008.06.09 02:17:34.866,1.0313,1.0316,0.80,0.90
2008.06.09 02:17:36.589,1.0313,1.0316,0.80,3.10
2008.06.09 02:17:37.569,1.0313,1.0316,0.80,7.50
2008.06.09 02:17:37.659,1.0313,1.0316,0.80,0.90
2008.06.09 02:17:38.302,1.0313,1.0316,0.80,10.20
2008.06.09 02:17:44.060,1.0313,1.0316,0.80,0.90
2008.06.09 02:17:45.269,1.0313,1.0316,0.80,7.20
2008.06.09 02:17:49.306,1.0313,1.0316,0.80,0.90
2008.06.09 02:18:11.214,1.0313,1.0317,0.80,4.90
2008.06.09 02:18:11.301,1.0313,1.0317,0.80,0.20
2008.06.09 02:18:15.706,1.0313,1.0316,0.80,0.90
2008.06.09 02:18:28.679,1.0313,1.0317,0.80,5.20
2008.06.09 02:18:28.826,1.0313,1.0317,0.80,0.20
2008.06.09 02:18:29.077,1.0313,1.0318,0.80,11.00
2008.06.09 02:18:34.408,1.0313,1.0318,0.80,9.40
2008.06.09 02:18:34.700,1.0313,1.0317,0.80,0.90
2008.06.09 02:18:34.969,1.0313,1.0317,1.60,0.90
2008.06.09 02:18:45.241,1.0313,1.0317,0.70,0.90
2008.06.09 02:18:45.333,1.0312,1.0317,4.60,0.90
2008.06.09 02:18:45.521,1.0313,1.0317,0.80,0.90
2008.06.09 02:18:51.001,1.0312,1.0317,6.20,0.90
2008.06.09 02:18:51.108,1.0312,1.0317,2.60,0.90
2008.06.09 02:18:51.219,1.0312,1.0317,0.70,0.90
2008.06.09 02:19:02.134,1.0312,1.0316,0.70,0.90
2008.06.09 02:19:02.753,1.0311,1.0316,4.40,0.90
2008.06.09 02:19:02.812,1.0312,1.0316,0.80,0.90
2008.06.09 02:19:15.675,1.0312,1.0316,0.80,8.20
2008.06.09 02:19:26.340,1.0312,1.0316,0.80,0.90
2008.06.09 02:19:36.361,1.0312,1.0316,0.80,8.70
2008.06.09 02:19:36.418,1.0312,1.0315,0.80,0.90
2008.06.09 02:20:20.146,1.0312,1.0316,0.80,11.20
2008.06.09 02:20:20.258,1.0312,1.0316,0.80,9.10
2008.06.09 02:20:20.515,1.0312,1.0316,0.80,0.20
2008.06.09 02:21:14.969,1.0312,1.0315,0.80,0.90
2008.06.09 02:21:17.316,1.0312,1.0316,0.80,0.20
2008.06.09 02:21:19.365,1.0312,1.0316,1.80,0.20
2008.06.09 02:21:19.711,1.0312,1.0316,6.10,0.20
2008.06.09 02:21:19.796,1.0312,1.0316,6.70,0.20
2008.06.09 02:21:20.586,1.0312,1.0316,4.90,0.20
2008.06.09 02:21:20.894,1.0312,1.0316,3.70,0.20
2008.06.09 02:21:21.058,1.0312,1.0316,0.70,0.20
2008.06.09 02:21:25.731,1.0312,1.0316,1.60,0.20
2008.06.09 02:21:25.957,1.0312,1.0316,0.80,0.20
2008.06.09 02:21:29.648,1.0312,1.0316,1.60,0.20
2008.06.09 02:21:39.629,1.0312,1.0316,2.60,0.20
2008.06.09 02:21:40.054,1.0312,1.0316,6.00,0.20
2008.06.09 02:21:59.252,1.0312,1.0316,5.50,0.20
2008.06.09 02:21:59.664,1.0313,1.0316,3.30,0.20
2008.06.09 02:22:03.114,1.0312,1.0316,0.70,0.20
2008.06.09 02:22:03.483,1.0312,1.0315,1.60,0.90
2008.06.09 02:22:09.748,1.0312,1.0315,0.80,0.90
2008.06.09 02:22:13.585,1.0312,1.0314,0.80,0.90
2008.06.09 02:22:17.703,1.0312,1.0316,0.80,5.10
2008.06.09 02:22:17.840,1.0312,1.0316,0.80,4.20
2008.06.09 02:22:18.399,1.0312,1.0316,0.80,0.20
2008.06.09 02:22:19.849,1.0312,1.0316,0.80,2.10
2008.06.09 02:22:19.960,1.0312,1.0316,0.80,0.20
2008.06.09 02:22:20.071,1.0312,1.0316,0.80,2.10
2008.06.09 02:22:20.284,1.0313,1.0315,1.80,0.90
2008.06.09 02:22:20.410,1.0313,1.0315,2.60,0.90
2008.06.09 02:22:20.739,1.0314,1.0315,0.70,0.90
2008.06.09 02:22:20.856,1.0315,1.0318,0.80,0.20
2008.06.09 02:22:20.974,1.0315,1.0319,0.80,0.90
2008.06.09 02:22:21.310,1.0317,1.0319,0.80,0.90
2008.06.09 02:22:21.513,1.0317,1.0319,1.60,0.90
2008.06.09 02:22:21.722,1.0317,1.0319,4.20,0.90
2008.06.09 02:22:21.932,1.0319,1.0322,0.70,2.80
2008.06.09 02:22:22.144,1.0318,1.0319,0.80,0.90
2008.06.09 02:22:22.337,1.032,1.0323,0.70,4.80
2008.06.09 02:22:22.535,1.032,1.0323,0.70,6.00
2008.06.09 02:22:22.723,1.032,1.0323,0.70,4.50
2008.06.09 02:22:22.911,1.0321,1.0323,1.60,0.90
2008.06.09 02:22:23.090,1.0322,1.0323,0.80,0.90
2008.06.09 02:22:23.292,1.0323,1.0326,0.80,0.20
2008.06.09 02:22:23.695,1.0323,1.0326,1.20,1.90
2008.06.09 02:22:23.905,1.0325,1.0326,0.70,1.90
2008.06.09 02:22:24.129,1.0325,1.0326,0.80,0.90
2008.06.09 02:22:24.570,1.0325,1.0327,0.80,4.00
2008.06.09 02:22:24.722,1.0325,1.0327,0.80,0.90
2008.06.09 02:22:25.162,1.0325,1.0327,8.00,0.90
2008.06.09 02:22:25.365,1.0325,1.0327,5.20,0.90
2008.06.09 02:22:25.577,1.0325,1.0327,4.60,0.90
2008.06.09 02:22:25.783,1.03265,1.0327,0.30,0.90
2008.06.09 02:22:25.994,1.0328,1.0332,3.40,0.20
2008.06.09 02:22:26.206,1.0329,1.0332,3.90,0.20
2008.06.09 02:22:26.438,1.0328,1.0332,3.10,0.20
2008.06.09 02:22:27.106,1.0329,1.0332,0.70,5.00
2008.06.09 02:22:27.374,1.0329,1.0332,4.60,0.20
2008.06.09 02:22:27.563,1.0326,1.0327,2.10,0.90
2008.06.09 02:22:28.107,1.03265,1.0327,0.70,0.90
2008.06.09 02:22:29.227,1.0325,1.0327,4.90,0.90
2008.06.09 02:22:29.428,1.0325,1.0327,5.10,0.90
2008.06.09 02:22:29.660,1.0325,1.0327,0.70,0.90
2008.06.09 02:22:29.937,1.0324,1.0327,0.80,0.90
2008.06.09 02:22:30.439,1.0324,1.0325,0.80,0.20
2008.06.09 02:22:30.688,1.0324,1.0326,0.80,1.90
2008.06.09 02:22:30.935,1.0326,1.0327,0.70,0.90
2008.06.09 02:22:37.185,1.0324,1.0327,4.30,0.90
2008.06.09 02:22:37.432,1.0324,1.0327,0.70,0.90
2008.06.09 02:22:40.894,1.0324,1.0327,1.60,0.90
2008.06.09 02:22:41.921,1.0325,1.0327,0.80,0.90
2008.06.09 02:22:42.673,1.0324,1.0327,0.70,0.90
2008.06.09 02:22:42.759,1.0324,1.0327,0.70,5.40
2008.06.09 02:22:43.337,1.0324,1.0327,0.70,0.90
2008.06.09 02:22:43.464,1.0324,1.0327,1.60,0.90
2008.06.09 02:22:43.582,1.0324,1.0327,0.80,0.90
2008.06.09 02:22:45.983,1.0324,1.0326,0.80,3.40
2008.06.09 02:22:46.457,1.0324,1.0325,0.80,3.60
2008.06.09 02:22:46.587,1.0324,1.0327,0.80,0.20
2008.06.09 02:22:46.721,1.0324,1.03275,0.80,0.70
2008.06.09 02:22:47.244,1.0324,1.0328,1.60,0.20
2008.06.09 02:22:49.649,1.0324,1.0328,0.70,0.20
2008.06.09 02:22:49.820,1.0324,1.0325,0.70,3.60
2008.06.09 02:22:49.962,1.0323,1.0326,3.80,1.90
2008.06.09 02:22:50.020,1.0323,1.0325,3.20,0.20
2008.06.09 02:22:50.134,1.0323,1.0325,0.80,0.20
2008.06.09 02:22:50.243,1.0323,1.0326,0.80,4.50
2008.06.09 02:22:50.367,1.0323,1.0327,0.80,0.90
2008.06.09 02:22:50.481,1.0323,1.0327,0.80,1.20
2008.06.09 02:22:51.005,1.0322,1.0328,0.70,0.20
2008.06.09 02:22:51.244,1.0322,1.0328,0.70,0.90
2008.06.09 02:22:52.069,1.0322,1.0328,0.70,8.00
2008.06.09 02:22:52.977,1.0322,1.0328,0.70,0.90
2008.06.09 02:22:54.460,1.0322,1.0327,0.70,0.90
2008.06.09 02:22:54.531,1.0322,1.0327,0.70,1.20
2008.06.09 02:22:56.231,1.0323,1.0327,0.80,1.20
2008.06.09 02:22:59.749,1.0322,1.0327,0.70,1.20
2008.06.09 02:23:00.631,1.0322,1.0327,0.70,0.90
2008.06.09 02:23:00.720,1.0321,1.0327,0.70,0.90
2008.06.09 02:23:01.145,1.0323,1.0327,0.80,0.90
2008.06.09 02:23:03.708,1.0322,1.0327,1.60,0.90
2008.06.09 02:23:03.757,1.0322,1.0327,0.80,0.90
2008.06.09 02:23:03.868,1.0322,1.0327,0.80,1.60
2008.06.09 02:23:04.173,1.0322,1.0327,0.80,0.70
2008.06.09 02:23:04.240,1.0322,1.03275,0.80,0.70
2008.06.09 02:23:04.433,1.0322,1.0328,0.80,7.40
2008.06.09 02:23:04.507,1.0322,1.0328,0.80,7.80
2008.06.09 02:23:05.467,1.0322,1.0328,0.80,3.30
2008.06.09 02:23:07.866,1.0323,1.0328,0.80,2.00
2008.06.09 02:23:08.284,1.0323,1.0328,0.80,3.10
2008.06.09 02:23:11.732,1.0323,1.0328,0.80,1.20
2008.06.09 02:23:11.915,1.0323,1.0328,0.80,3.10
2008.06.09 02:23:18.533,1.0323,1.0328,0.80,3.10
2008.06.09 02:23:52.464,1.0321,1.0328,15.10,3.30
2008.06.09 02:23:52.560,1.0321,1.0328,9.80,3.20
2008.06.09 02:23:52.660,1.0321,1.0328,7.50,2.80
2008.06.09 02:24:10.085,1.0321,1.0328,8.20,3.00
2008.06.09 02:24:15.379,1.0321,1.0328,7.30,5.50
2008.06.09 02:24:15.499,1.0321,1.0327,1.20,1.90
2008.06.09 02:24:15.657,1.0322,1.0327,0.80,1.90
2008.06.09 02:24:17.902,1.0322,1.0327,0.80,2.80
2008.06.09 02:24:17.970,1.0322,1.0327,0.80,2.40
2008.06.09 02:24:18.035,1.0322,1.0327,0.80,10.90
2008.06.09 02:24:18.252,1.0322,1.0327,0.80,9.10
2008.06.09 02:24:18.477,1.0322,1.0327,0.80,9.30
2008.06.09 02:24:18.651,1.0322,1.0327,0.80,1.90
2008.06.09 02:24:20.269,1.0323,1.0327,0.80,1.90
2008.06.09 02:24:20.400,1.0323,1.0328,0.80,3.10
2008.06.09 02:24:28.122,1.03215,1.0328,0.30,3.10
2008.06.09 02:24:28.336,1.0321,1.0328,8.00,2.40
2008.06.09 02:24:28.405,1.0321,1.0328,4.40,10.90
2008.06.09 02:24:28.662,1.0321,1.0328,1.00,8.00
2008.06.09 02:24:31.374,1.0323,1.0328,0.80,9.90
2008.06.09 02:24:31.428,1.0323,1.0328,0.80,12.20
2008.06.09 02:24:31.545,1.0323,1.0328,0.80,3.10
2008.06.09 02:24:33.999,1.0323,1.0327,0.80,1.90
2008.06.09 02:24:34.410,1.0323,1.0328,0.80,3.10
2008.06.09 02:24:38.358,1.0324,1.0328,0.80,3.10
2008.06.09 02:24:38.906,1.0323,1.0328,0.70,3.10
2008.06.09 02:24:59.349,1.0323,1.0328,0.70,3.60
2008.06.09 02:24:59.370,1.0323,1.0328,1.60,2.00
2008.06.09 02:24:59.546,1.0323,1.0328,0.80,2.80
2008.06.09 02:25:06.159,1.0323,1.0328,0.80,3.10
2008.06.09 02:25:06.221,1.0324,1.0328,0.80,3.10
2008.06.09 02:25:13.985,1.0323,1.0328,0.70,3.10
2008.06.09 02:25:21.142,1.0323,1.0327,0.70,0.90
2008.06.09 02:25:21.439,1.0323,1.0327,0.70,3.10
2008.06.09 02:25:21.724,1.0323,1.0326,1.60,0.90
2008.06.09 02:25:21.807,1.0323,1.0326,0.80,0.90
2008.06.09 02:25:22.586,1.0323,1.0326,0.80,1.20
2008.06.09 02:25:24.405,1.0323,1.0326,0.80,3.10
2008.06.09 02:25:24.550,1.0323,1.0326,0.80,1.20
2008.06.09 02:25:24.727,1.0323,1.0326,0.80,3.10
2008.06.09 02:25:24.886,1.0323,1.0326,0.80,3.20
2008.06.09 02:25:24.984,1.0323,1.0325,0.80,0.90
2008.06.09 02:25:26.632,1.0323,1.0326,0.80,8.40
2008.06.09 02:25:26.674,1.0323,1.0326,0.80,9.30
2008.06.09 02:25:26.763,1.0323,1.0326,0.80,6.40
2008.06.09 02:25:26.861,1.0323,1.0326,0.80,2.10
2008.06.09 02:25:28.433,1.0323,1.0326,0.80,2.80
2008.06.09 02:25:28.559,1.0323,1.0326,0.80,7.00
2008.06.09 02:25:31.370,1.0323,1.0325,0.80,0.90
2008.06.09 02:25:31.554,1.0323,1.0325,0.80,1.20
2008.06.09 02:25:32.317,1.0323,1.0325,0.80,3.10
2008.06.09 02:25:48.179,1.0323,1.0325,0.80,2.80
2008.06.09 02:25:48.220,1.0323,1.0324,0.80,0.90
2008.06.09 02:25:48.549,1.0323,1.0324,0.80,2.80
2008.06.09 02:25:50.063,1.0323,1.0324,0.80,1.90
2008.06.09 02:25:50.151,1.0323,1.0325,0.80,12.00
2008.06.09 02:25:50.231,1.0323,1.0325,0.80,10.20
2008.06.09 02:25:53.129,1.0323,1.0325,0.80,4.40
2008.06.09 02:25:53.903,1.0323,1.0325,0.80,9.20
2008.06.09 02:25:54.207,1.0323,1.0325,0.80,10.60
2008.06.09 02:25:56.888,1.0323,1.0325,0.80,10.40
2008.06.09 02:25:56.951,1.0323,1.0325,0.80,6.40
2008.06.09 02:25:56.993,1.0323,1.0325,0.80,7.60
2008.06.09 02:25:57.032,1.0323,1.0325,0.80,5.20
2008.06.09 02:25:57.129,1.0323,1.0325,0.80,1.20
2008.06.09 02:25:57.197,1.0323,1.0325,0.80,0.90
2008.06.09 02:26:01.847,1.0323,1.0325,0.80,5.00
2008.06.09 02:26:07.602,1.0323,1.0325,0.80,0.90
2008.06.09 02:26:11.599,1.0323,1.0325,0.80,4.00
2008.06.09 02:26:17.500,1.0323,1.0325,0.80,5.50
2008.06.09 02:26:20.873,1.0323,1.0325,0.80,2.80
2008.06.09 02:26:21.990,1.0323,1.0325,0.80,0.90
2008.06.09 02:26:23.477,1.0323,1.0326,0.80,8.50
2008.06.09 02:26:23.772,1.0323,1.0326,0.80,2.10
2008.06.09 02:26:23.883,1.0323,1.0326,0.80,0.20
2008.06.09 02:26:25.444,1.0323,1.0326,0.80,6.40
2008.06.09 02:26:25.762,1.0323,1.0326,0.80,3.20
2008.06.09 02:26:27.278,1.0323,1.0326,0.80,4.00
2008.06.09 02:26:31.437,1.0323,1.0326,0.80,5.80
2008.06.09 02:26:31.628,1.0323,1.0326,0.80,7.60
2008.06.09 02:26:31.699,1.0323,1.0324,0.80,1.20
2008.06.09 02:26:41.401,1.0323,1.0324,0.80,0.20
2008.06.09 02:26:44.234,1.0323,1.0324,0.80,1.20
2008.06.09 02:26:44.707,1.0323,1.0324,0.80,3.20
2008.06.09 02:26:44.862,1.0323,1.0324,0.80,5.40
2008.06.09 02:26:47.142,1.0323,1.0324,0.80,5.00
2008.06.09 02:26:47.586,1.0323,1.0324,0.80,6.60
2008.06.09 02:26:47.842,1.0323,1.0324,0.80,1.20
2008.06.09 02:26:57.939,1.0323,1.0324,0.80,5.80
2008.06.09 02:27:00.432,1.0323,1.0324,0.80,4.50
2008.06.09 02:27:00.533,1.0323,1.0324,0.80,1.20
2008.06.09 02:27:00.669,1.0323,1.0324,0.80,0.20
2008.06.09 02:27:12.918,1.0323,1.0324,0.80,1.20
2008.06.09 02:27:39.098,1.0323,1.0324,0.80,6.70
2008.06.09 02:27:39.198,1.0323,1.0324,0.80,8.00
2008.06.09 02:27:44.509,1.0323,1.0324,0.80,9.20
2008.06.09 02:27:44.545,1.0323,1.0324,0.80,9.20
2008.06.09 02:27:44.647,1.0323,1.0324,0.80,0.30
2008.06.09 02:27:48.539,1.0323,1.0324,0.80,0.30
2008.06.09 02:28:17.768,1.0323,1.0324,0.80,1.20
2008.06.09 02:28:17.887,1.0323,1.0324,0.80,2.00
2008.06.09 02:28:17.984,1.0323,1.0324,0.80,3.40
2008.06.09 02:28:22.574,1.0323,1.0324,0.80,3.40
2008.06.09 02:28:22.596,1.0323,1.0324,0.80,3.90
2008.06.09 02:28:22.781,1.0323,1.0324,0.80,0.30
2008.06.09 02:28:24.541,1.0323,1.0324,0.80,1.20
2008.06.09 02:28:24.672,1.0323,1.0324,0.80,3.60
2008.06.09 02:28:24.745,1.0323,1.0324,0.80,5.50
2008.06.09 02:28:27.042,1.0323,1.0324,0.80,6.00
2008.06.09 02:28:27.157,1.0323,1.0324,0.80,3.10
2008.06.09 02:28:27.250,1.0323,1.0324,0.80,0.30
2008.06.09 02:28:33.778,1.0323,1.0324,0.80,2.10
2008.06.09 02:28:33.976,1.0323,1.0324,0.80,3.10
2008.06.09 02:28:34.038,1.0323,1.0324,0.80,3.40
2008.06.09 02:28:34.198,1.0323,1.0324,0.80,5.50
2008.06.09 02:28:52.045,1.0323,1.0324,0.80,5.10
2008.06.09 02:28:53.140,1.0323,1.0324,0.80,6.10
2008.06.09 02:28:54.876,1.0323,1.0324,0.80,7.60
2008.06.09 02:29:07.276,1.0319,1.0323,0.70,2.60
2008.06.09 02:29:07.386,1.0319,1.0323,0.70,3.80
2008.06.09 02:29:07.478,1.0319,1.0323,1.60,3.80
2008.06.09 02:29:07.503,1.0319,1.0322,1.60,0.90
2008.06.09 02:29:07.623,1.0319,1.0322,1.60,3.30
2008.06.09 02:29:07.657,1.0319,1.0322,0.80,3.60
2008.06.09 02:29:10.689,1.0319,1.0322,0.80,6.90
2008.06.09 02:29:10.985,1.0319,1.0322,0.80,5.50
2008.06.09 02:29:11.133,1.0319,1.0322,0.80,6.00
2008.06.09 02:29:11.271,1.0319,1.0321,0.80,0.90
2008.06.09 02:29:12.619,1.0319,1.0321,0.80,1.20
2008.06.09 02:29:12.934,1.0319,1.0321,0.80,2.10
2008.06.09 02:29:13.122,1.0319,1.0321,0.80,5.20
2008.06.09 02:29:14.090,1.0319,1.0321,0.80,2.10
2008.06.09 02:29:15.094,1.0319,1.0321,0.80,0.30
2008.06.09 02:29:19.448,1.0319,1.032,0.80,0.90
2008.06.09 02:29:20.528,1.0319,1.0321,0.80,0.20
2008.06.09 02:29:30.718,1.0319,1.0321,0.80,1.20
2008.06.09 02:29:31.039,1.0319,1.0321,0.80,0.90
2008.06.09 02:29:38.484,1.0319,1.0322,0.80,0.20
2008.06.09 02:29:44.392,1.0319,1.0322,0.80,2.10
2008.06.09 02:29:44.478,1.0319,1.0321,0.80,1.20
2008.06.09 02:29:46.322,1.0319,1.032,0.80,0.20
2008.06.09 02:29:46.421,1.0319,1.032,0.80,1.20
2008.06.09 02:30:45.410,1.0319,1.032,0.80,0.90
2008.06.09 02:30:45.447,1.0319,1.0321,0.80,0.20
2008.06.09 02:30:46.588,1.0319,1.0321,0.80,2.10
2008.06.09 02:30:49.554,1.0319,1.0321,0.80,0.20
2008.06.09 02:30:54.186,1.0319,1.0321,0.80,2.10
2008.06.09 02:30:56.369,1.0319,1.0321,0.80,0.20
2008.06.09 02:31:01.272,1.0319,1.0321,0.80,2.10
2008.06.09 02:31:12.250,1.0319,1.0321,0.80,0.20
2008.06.09 02:31:14.099,1.0319,1.0321,0.80,0.20
2008.06.09 02:31:15.736,1.0319,1.0321,0.80,2.10
2008.06.09 02:31:21.982,1.0319,1.032,0.80,0.90
2008.06.09 02:31:43.415,1.0319,1.032,0.80,1.20
2008.06.09 02:31:47.068,1.0319,1.032,0.80,3.10
2008.06.09 02:31:47.168,1.0319,1.032,0.80,3.10
2008.06.09 02:31:55.182,1.0319,1.032,0.80,3.10
2008.06.09 02:31:55.492,1.0319,1.032,0.80,3.70
2008.06.09 02:31:55.550,1.0319,1.032,0.80,3.10
2008.06.09 02:31:55.900,1.0319,1.032,0.80,1.20
2008.06.09 02:32:03.728,1.0319,1.032,0.80,0.20
2008.06.09 02:32:05.719,1.0319,1.032,0.80,4.40
2008.06.09 02:32:05.774,1.0319,1.032,0.80,3.60
2008.06.09 02:32:06.044,1.0319,1.032,0.80,1.20
2008.06.09 02:32:26.430,1.0319,1.032,0.80,2.50
2008.06.09 02:32:26.503,1.0319,1.032,0.80,3.10
2008.06.09 02:32:29.435,1.0319,1.032,0.80,3.10
2008.06.09 02:32:29.514,1.0319,1.032,0.80,2.50
2008.06.09 02:32:29.542,1.0319,1.032,0.80,2.10
2008.06.09 02:32:29.685,1.0319,1.032,0.80,1.20
2008.06.09 02:33:05.567,1.0319,1.032,0.80,3.10
2008.06.09 02:33:18.797,1.0319,1.032,0.80,1.20
2008.06.09 02:33:29.791,1.0319,1.032,0.80,0.90
2008.06.09 02:33:36.469,1.0319,1.032,0.80,2.80
2008.06.09 02:33:44.924,1.0319,1.032,0.80,0.90
2008.06.09 02:33:46.449,1.0319,1.032,0.80,2.80
2008.06.09 02:33:52.544,1.0319,1.032,0.80,0.90
2008.06.09 02:33:59.540,1.0319,1.032,0.80,2.80
2008.06.09 02:34:00.556,1.03102,1.03187,1.40,7.50
2008.06.09 02:34:02.008,1.03103,1.03183,10.20,2.40
2008.06.09 02:34:06.193,1.03103,1.03188,8.20,6.80
2008.06.09 02:34:08.575,1.03109,1.03189,9.20,0.40
2008.06.09 02:34:09.007,1.03107,1.03197,1.40,7.50
2008.06.09 02:34:09.099,1.03111,1.03201,5.60,1.90
2008.06.09 02:34:09.198,1.03112,1.03202,9.70,2.40
2008.06.09 02:34:10.785,1.03108,1.03198,8.70,1.90
2008.06.09 02:34:12.871,1.03098,1.03193,10.20,2.40
2008.06.09 02:34:12.999,1.03096,1.03191,6.70,2.40
2008.06.09 02:34:13.278,1.03093,1.03193,0.60,7.20
2008.06.09 02:34:13.302,1.03096,1.03196,5.60,1.90
2008.06.09 02:34:14.161,1.03096,1.03196,0.60,7.20
2008.06.09 02:34:15.654,1.03102,1.03192,7.80,0.60
2008.06.09 02:34:16.759,1.03099,1.03199,8.10,2.40
2008.06.09 02:34:16.979,1.03099,1.03199,1.40,7.50
2008.06.09 02:34:18.700,1.031,1.032,0.60,8.60
2008.06.09 02:34:18.966,1.03096,1.03196,1.40,0.60
2008.06.09 02:34:19.137,1.03099,1.03189,6.90,0.60
2008.06.09 02:34:19.788,1.03099,1.03199,1.40,0.60
2008.06.09 02:34:20.987,1.03107,1.03197,9.20,0.40
2008.06.09 02:34:21.740,1.0311,1.032,1.40,0.60
2008.06.09 02:34:23.426,1.03106,1.03206,10.30,0.40
2008.06.09 02:34:23.715,1.03105,1.03205,9.70,2.40
2008.06.09 02:34:24.661,1.031,1.03195,10.30,0.40
2008.06.09 02:34:26.362,1.03096,1.03181,0.60,0.60
2008.06.09 02:34:26.520,1.0309,1.0318,6.40,9.00
2008.06.09 02:34:30.757,1.03088,1.03178,9.30,0.60
2008.06.09 02:34:31.233,1.03084,1.03184,8.10,2.40
2008.06.09 02:34:31.544,1.03092,1.03182,9.40,0.60
2008.06.09 02:34:32.276,1.03095,1.0319,8.50,1.90
2008.06.09 02:34:37.179,1.03101,1.03196,0.60,7.80
2008.06.09 02:34:39.504,1.03115,1.03195,9.40,0.60
2008.06.09 02:34:43.065,1.03121,1.03191,9.30,0.60
2008.06.09 02:34:45.640,1.03111,1.03191,8.50,1.90
2008.06.09 02:34:45.749,1.03141,1.03151,11.10,0.60
2008.06.09 02:34:46.651,1.0311,1.0318,6.90,2.40
2008.06.09 02:34:50.776,1.03107,1.03187,11.20,2.40
2008.06.09 02:34:51.193,1.03106,1.03186,8.00,0.60
2008.06.09 02:34:53.006,1.03092,1.03192,7.30,5.80
2008.06.09 02:34:53.068,1.03091,1.03191,6.70,2.40
2008.06.09 02:34:53.207,1.03096,1.03186,10.30,6.10
2008.06.09 02:34:53.252,1.03097,1.03187,9.70,2.40
2008.06.09 02:34:53.515,1.031,1.03185,7.00,2.40
2008.06.09 02:34:55.772,1.03098,1.03178,1.40,7.50
2008.06.09 02:34:56.608,1.0309,1.0317,0.60,7.80
2008.06.09 02:35:33.341,1.0319,1.032,0.80,0.90
2008.06.09 02:35:33.518,1.0319,1.032,0.80,2.80
2008.06.09 02:35:35.875,1.0319,1.032,0.80,2.50
2008.06.09 02:35:46.539,1.0319,1.032,0.80,2.80
2008.06.09 02:35:51.080,1.0319,1.032,0.80,2.60
2008.06.09 02:35:54.098,1.0319,1.032,0.80,2.80
2008.06.09 02:35:55.832,1.0319,1.032,0.80,3.30
2008.06.09 02:35:57.150,1.0319,1.032,0.80,2.80
2008.06.09 02:36:00.394,1.0319,1.032,0.80,0.90
2008.06.09 02:36:01.212,1.0319,1.032,0.80,1.90
2008.06.09 02:36:01.972,1.0319,1.032,0.80,2.60
2008.06.09 02:36:02.059,1.0319,1.032,0.80,3.10
2008.06.09 02:36:02.229,1.0319,1.032,0.80,4.30
2008.06.09 02:36:02.433,1.0319,1.032,0.80,9.60
2008.06.09 02:36:02.621,1.0319,1.032,0.80,9.30
2008.06.09 02:36:02.710,1.0319,1.032,0.80,3.10
2008.06.09 02:36:03.988,1.0319,1.032,0.80,3.30
2008.06.09 02:36:05.021,1.0319,1.032,0.80,1.20
2008.06.09 02:36:07.648,1.0319,1.032,0.80,0.20
2008.06.09 02:36:08.841,1.0314,1.0319,0.70,1.90
2008.06.09 02:36:09.178,1.0319,1.032,0.80,6.70
2008.06.09 02:36:12.162,1.0319,1.032,0.80,5.10
2008.06.09 02:36:12.187,1.0319,1.032,0.80,5.00
2008.06.09 02:36:12.271,1.0319,1.032,0.80,3.10
2008.06.09 02:36:12.327,1.0319,1.032,0.80,2.60
2008.06.09 02:36:12.528,1.0319,1.032,0.80,3.10
2008.06.09 02:36:13.352,1.0319,1.032,0.80,2.10
2008.06.09 02:36:16.219,1.0319,1.032,0.80,5.10
2008.06.09 02:36:16.306,1.0319,1.032,0.80,3.30
2008.06.09 02:36:16.486,1.0319,1.032,0.80,3.10
2008.06.09 02:36:18.379,1.0319,1.032,0.80,2.10
2008.06.09 02:36:22.341,1.0314,1.0319,0.70,1.90
2008.06.09 02:36:22.884,1.0319,1.032,0.80,11.50
2008.06.09 02:36:26.412,1.0319,1.032,0.80,5.00
2008.06.09 02:36:26.435,1.0319,1.032,0.80,2.60
2008.06.09 02:36:26.764,1.0319,1.032,0.80,3.10
2008.06.09 02:36:27.188,1.0319,1.032,0.80,5.80
2008.06.09 02:36:29.074,1.0319,1.032,0.80,7.00
2008.06.09 02:36:51.132,1.0319,1.032,0.80,4.80
2008.06.09 02:36:51.285,1.0319,1.032,0.80,7.40
2008.06.09 02:36:54.950,1.0319,1.032,0.80,9.90
2008.06.09 02:36:55.061,1.0319,1.032,0.80,7.50
2008.06.09 02:37:07.726,1.0319,1.032,0.80,6.90
2008.06.09 02:37:17.348,1.0319,1.032,0.80,12.20
2008.06.09 02:37:18.401,1.0319,1.032,0.80,8.40
2008.06.09 02:37:18.654,1.0319,1.032,0.80,4.80
2008.06.09 02:37:20.450,1.0319,1.032,0.80,8.60
2008.06.09 02:37:20.651,1.0314,1.0319,0.70,2.80
2008.06.09 02:37:20.948,1.0319,1.032,0.80,25.90
2008.06.09 02:37:21.936,1.0314,1.0319,0.70,4.00
2008.06.09 02:37:22.050,1.0314,1.0319,0.70,8.40
2008.06.09 02:37:23.718,1.0319,1.032,0.80,19.60
2008.06.09 02:37:24.122,1.0314,1.0319,0.70,3.90
2008.06.09 02:37:32.615,1.0319,1.032,0.80,4.40
2008.06.09 02:37:32.741,1.0319,1.03195,0.80,0.90
2008.06.09 02:37:33.986,1.0314,1.0319,0.70,4.40
2008.06.09 02:37:34.241,1.0315,1.0319,0.80,8.70
2008.06.09 02:37:34.444,1.0315,1.0319,0.80,13.80
2008.06.09 02:37:36.152,1.0315,1.0319,0.80,8.40
2008.06.09 02:37:36.178,1.0315,1.0318,0.80,0.90
2008.06.09 02:37:37.352,1.0314,1.0318,0.70,0.90
2008.06.09 02:37:38.004,1.0314,1.0318,2.60,0.90
2008.06.09 02:37:38.113,1.0314,1.0318,1.90,0.90
2008.06.09 02:37:38.451,1.0313,1.0318,2.60,0.90
2008.06.09 02:37:41.397,1.0314,1.0318,1.90,0.90
2008.06.09 02:37:42.991,1.0315,1.0319,0.80,7.40
2008.06.09 02:37:43.063,1.0315,1.0319,0.80,5.70
2008.06.09 02:37:43.232,1.0315,1.0319,0.80,1.20
2008.06.09 02:37:49.183,1.0315,1.0319,0.80,3.10
2008.06.09 02:37:49.299,1.0315,1.0319,0.80,5.70
2008.06.09 02:37:49.405,1.0315,1.0319,0.80,3.10
2008.06.09 02:37:49.508,1.0315,1.0319,0.80,1.20
2008.06.09 02:37:51.695,1.0315,1.0319,0.80,5.60
2008.06.09 02:37:51.803,1.0315,1.0319,0.80,5.20
2008.06.09 02:37:52.647,1.0313,1.0318,8.20,0.90
2008.06.09 02:37:52.962,1.0313,1.0318,6.70,0.90
2008.06.09 02:37:53.037,1.0313,1.0318,2.60,0.90
2008.06.09 02:37:58.807,1.0314,1.0318,1.90,0.90
2008.06.09 02:37:58.921,1.0313,1.0318,2.60,0.90
2008.06.09 02:38:06.959,1.0315,1.0319,0.80,9.60
2008.06.09 02:38:07.065,1.0315,1.0319,0.80,7.20
2008.06.09 02:38:07.167,1.0315,1.0319,0.80,4.90
2008.06.09 02:38:07.262,1.0315,1.0319,0.80,1.20
2008.06.09 02:38:14.187,1.0313,1.0318,10.60,0.90
2008.06.09 02:38:14.245,1.0313,1.0318,11.80,0.90
2008.06.09 02:38:14.268,1.0313,1.0318,2.60,0.90
2008.06.09 02:38:20.405,1.0315,1.0319,0.80,5.80
2008.06.09 02:38:20.613,1.0315,1.0319,0.80,3.10
2008.06.09 02:38:20.730,1.0315,1.0319,0.80,1.20
2008.06.09 02:38:20.847,1.0315,1.0319,0.80,3.10
2008.06.09 02:38:20.964,1.0315,1.0319,0.80,1.20
2008.06.09 02:38:25.368,1.0315,1.0319,0.80,1.20
2008.06.09 02:38:44.178,1.0315,1.0319,0.80,0.90
2008.06.09 02:38:49.952,1.0315,1.0319,0.80,1.20
2008.06.09 02:38:50.284,1.0315,1.0319,0.80,1.20
2008.06.09 02:38:50.341,1.0315,1.0319,0.80,11.70
2008.06.09 02:38:50.447,1.0315,1.0319,0.80,6.70
2008.06.09 02:38:50.594,1.0315,1.0319,0.80,2.10
2008.06.09 02:38:50.654,1.0315,1.0319,0.80,0.30
2008.06.09 02:38:54.020,1.0315,1.0319,0.80,3.10
2008.06.09 02:38:54.173,1.0314,1.0318,0.70,0.90
2008.06.09 02:38:54.237,1.0313,1.0318,6.20,0.90
2008.06.09 02:38:54.499,1.0313,1.0318,5.40,0.90
2008.06.09 02:38:56.708,1.0313,1.0318,2.60,0.90
2008.06.09 02:39:25.898,1.0313,1.0318,3.00,0.90
2008.06.09 02:39:25.939,1.0315,1.0319,0.80,16.90
2008.06.09 02:39:26.041,1.0315,1.0319,0.80,16.50
2008.06.09 02:39:26.061,1.0315,1.0319,0.80,8.70
2008.06.09 02:39:26.165,1.0315,1.0319,0.80,1.20
2008.06.09 02:39:26.630,1.0315,1.0319,0.80,0.90
2008.06.09 02:39:28.640,1.0316,1.032,0.80,13.50
2008.06.09 02:39:28.820,1.0316,1.032,0.80,6.60
2008.06.09 02:39:29.005,1.0316,1.032,0.80,2.10
2008.06.09 02:39:42.938,1.0314,1.0319,4.40,0.90
2008.06.09 02:39:42.960,1.0314,1.0319,4.50,0.90
2008.06.09 02:39:50.020,1.0314,1.0319,4.80,1.20
2008.06.09 02:39:50.141,1.0314,1.0319,0.70,1.20
2008.06.09 02:39:58.105,1.0315,1.0319,0.80,1.20
2008.06.09 02:39:58.218,1.0315,1.0318,0.80,0.90
2008.06.09 02:40:01.446,1.0315,1.0319,0.80,11.00
2008.06.09 02:40:01.473,1.0315,1.0319,0.80,4.50
2008.06.09 02:40:01.549,1.0315,1.0319,0.80,3.10
2008.06.09 02:40:01.574,1.0315,1.0319,0.80,11.70
2008.06.09 02:40:01.657,1.0315,1.0319,0.80,10.40
2008.06.09 02:40:01.976,1.0315,1.0319,0.80,1.20
2008.06.09 02:40:20.062,1.0315,1.0319,0.80,3.10
2008.06.09 02:40:20.511,1.0315,1.0319,0.80,1.20
2008.06.09 02:40:25.154,1.0314,1.0318,0.70,0.90
2008.06.09 02:40:25.294,1.0313,1.0318,5.50,0.90
2008.06.09 02:40:25.466,1.0314,1.0318,1.90,0.90
2008.06.09 02:40:27.884,1.0313,1.0318,4.90,0.90
2008.06.09 02:40:28.179,1.0315,1.0319,0.80,0.20
2008.06.09 02:40:47.180,1.0313,1.0318,3.00,0.90
2008.06.09 02:40:47.446,1.0313,1.0318,2.60,0.90
2008.06.09 02:40:58.436,1.0313,1.0318,3.00,0.90
2008.06.09 02:40:58.719,1.0313,1.0319,3.00,0.20
2008.06.09 02:40:58.788,1.0315,1.0319,0.80,0.20
2008.06.09 02:41:01.862,1.0315,1.0319,0.80,3.10
2008.06.09 02:41:01.954,1.0314,1.0318,2.60,0.90
2008.06.09 02:41:01.977,1.0314,1.0318,0.70,0.90
2008.06.09 02:41:02.031,1.03135,1.0318,0.30,0.90
2008.06.09 02:41:02.140,1.0313,1.0318,4.60,0.90
2008.06.09 02:41:02.413,1.0313,1.0318,2.60,0.90
2008.06.09 02:41:04.332,1.0313,1.0318,3.00,0.90
2008.06.09 02:41:04.660,1.0315,1.0319,0.80,0.20
2008.06.09 02:41:07.624,1.0315,1.0319,0.80,0.20
2008.06.09 02:41:24.645,1.0315,1.0319,1.60,0.20
2008.06.09 02:41:29.874,1.0315,1.0319,1.60,3.10
2008.06.09 02:41:29.953,1.0315,1.0318,0.70,0.90
2008.06.09 02:41:30.040,1.0314,1.0318,0.70,0.90
2008.06.09 02:41:32.750,1.0315,1.0319,0.80,0.20
2008.06.09 02:41:34.355,1.0315,1.0319,0.80,3.10
2008.06.09 02:41:34.409,1.0314,1.0318,0.70,0.90
2008.06.09 02:41:55.700,1.0314,1.0317,1.60,0.90
2008.06.09 02:41:55.927,1.0314,1.0318,1.60,0.20
2008.06.09 02:41:55.987,1.0314,1.0318,1.60,1.20
2008.06.09 02:41:56.009,1.0314,1.0318,1.60,5.10
2008.06.09 02:41:56.092,1.0314,1.0318,1.60,1.20
2008.06.09 02:41:56.163,1.0314,1.0318,1.60,2.10
2008.06.09 02:41:56.202,1.0314,1.0318,1.60,1.20
2008.06.09 02:41:56.360,1.0314,1.0317,0.70,2.80
2008.06.09 02:41:56.476,1.0314,1.0317,0.70,0.90
2008.06.09 02:41:58.795,1.0312,1.0317,6.80,0.90
2008.06.09 02:41:58.846,1.0312,1.0317,5.40,0.90
2008.06.09 02:42:00.318,1.0312,1.0317,3.10,0.90
2008.06.09 02:42:00.515,1.0312,1.0317,2.20,1.20
2008.06.09 02:42:00.564,1.0312,1.0317,3.20,2.10
2008.06.09 02:42:00.626,1.0313,1.0317,0.70,2.10
2008.06.09 02:42:00.682,1.0313,1.0317,0.70,6.80
2008.06.09 02:42:00.787,1.0313,1.0317,0.70,2.10
2008.06.09 02:42:00.866,1.0313,1.0317,0.70,1.20
2008.06.09 02:42:00.903,1.0313,1.0317,0.70,0.30
2008.06.09 02:42:01.352,1.0313,1.0317,0.70,3.80
2008.06.09 02:42:02.630,1.0313,1.0317,0.70,0.30
2008.06.09 02:42:08.283,1.0314,1.0317,0.80,0.20
2008.06.09 02:42:08.315,1.0314,1.0318,0.80,2.10
2008.06.09 02:42:09.156,1.0313,1.0317,0.70,0.90
2008.06.09 02:42:09.293,1.0313,1.0317,0.70,1.20
2008.06.09 02:42:09.382,1.0314,1.0317,0.80,0.20
2008.06.09 02:42:09.553,1.0314,1.0318,0.80,6.90
2008.06.09 02:42:09.642,1.0314,1.0318,0.80,13.60
2008.06.09 02:42:09.732,1.0314,1.0318,0.80,14.60
2008.06.09 02:42:09.902,1.0314,1.0318,0.80,7.90
2008.06.09 02:42:09.991,1.0314,1.0318,0.80,7.20
2008.06.09 02:42:10.685,1.0314,1.0318,0.80,0.20
2008.06.09 02:42:14.491,1.0314,1.0318,1.60,0.20
2008.06.09 02:42:17.135,1.0314,1.0317,0.70,0.90
2008.06.09 02:42:19.110,1.0313,1.0317,0.70,0.90
2008.06.09 02:42:19.899,1.0314,1.0318,0.80,0.20
2008.06.09 02:42:23.150,1.0313,1.0317,0.70,0.90
2008.06.09 02:42:26.647,1.0312,1.0317,3.70,0.90
2008.06.09 02:42:28.412,1.0312,1.0317,5.10,1.20
2008.06.09 02:42:28.468,1.0313,1.0316,0.80,0.90
2008.06.09 02:42:28.852,1.0313,1.0317,0.80,1.20
2008.06.09 02:42:28.902,1.0313,1.0317,0.80,3.60
2008.06.09 02:42:28.980,1.0313,1.0317,0.80,5.20
2008.06.09 02:42:29.001,1.0313,1.0317,0.80,5.40
2008.06.09 02:42:29.108,1.0313,1.0317,0.80,1.20
2008.06.09 02:42:31.259,1.0313,1.0317,1.60,1.20
2008.06.09 02:43:10.713,1.0313,1.0317,1.60,0.90
2008.06.09 02:43:11.457,1.0314,1.0318,0.80,0.20
2008.06.09 02:43:20.793,1.0314,1.0318,1.60,0.20
2008.06.09 02:43:30.154,1.0314,1.0317,0.70,0.90
2008.06.09 02:43:30.264,1.0313,1.0317,0.70,0.90
2008.06.09 02:44:33.727,1.0312,1.0317,10.00,0.90
2008.06.09 02:44:40.009,1.0312,1.0317,6.20,0.90
2008.06.09 02:44:42.178,1.0312,1.0317,4.20,0.90
2008.06.09 02:45:13.157,1.0312,1.0317,7.50,0.90
2008.06.09 02:45:13.726,1.0312,1.0317,2.80,0.90
2008.06.09 02:45:25.958,1.0312,1.0317,8.50,0.90
2008.06.09 02:45:46.622,1.0312,1.0317,3.90,0.90
2008.06.09 02:45:47.495,1.0312,1.0317,6.70,0.90
2008.06.09 02:45:50.314,1.0312,1.0317,4.50,0.90
2008.06.09 02:45:50.860,1.0312,1.0317,9.10,0.90
2008.06.09 02:45:55.690,1.0312,1.0317,6.20,0.90
2008.06.09 02:45:56.128,1.0312,1.0317,6.90,0.90
2008.06.09 02:45:58.739,1.0312,1.0317,9.80,0.90
2008.06.09 02:45:58.837,1.0312,1.0317,6.70,0.90
2008.06.09 02:46:03.466,1.0312,1.0317,10.90,0.90
2008.06.09 02:46:22.152,1.0312,1.0317,11.20,0.90
2008.06.09 02:46:22.195,1.0312,1.0317,5.40,0.90
2008.06.09 02:46:22.218,1.0314,1.0318,0.80,5.60
2008.06.09 02:46:22.277,1.0314,1.0318,0.80,3.10
2008.06.09 02:46:22.374,1.0314,1.0318,0.80,0.90
2008.06.09 02:46:30.359,1.0314,1.0318,1.60,1.20
2008.06.09 02:47:30.671,1.0314,1.0318,0.80,0.90
2008.06.09 02:47:48.103,1.0312,1.0317,8.10,0.90
2008.06.09 02:47:48.170,1.0313,1.0317,0.70,0.90
2008.06.09 02:47:48.443,1.0314,1.0318,0.80,0.20
2008.06.09 02:47:49.530,1.0314,1.0318,1.60,0.20
2008.06.09 02:47:50.500,1.0314,1.0317,0.70,0.90
2008.06.09 02:47:50.689,1.0313,1.0317,0.70,0.90
2008.06.09 02:47:54.477,1.0314,1.0318,0.80,2.10
2008.06.09 02:47:54.534,1.0314,1.0318,0.80,0.20
2008.06.09 02:47:55.129,1.0314,1.0318,1.60,0.20
2008.06.09 02:47:59.509,1.0314,1.0317,0.70,0.90
2008.06.09 02:47:59.572,1.0313,1.0317,0.70,0.90
2008.06.09 02:48:17.671,1.0313,1.0317,0.70,1.20
2008.06.09 02:48:18.889,1.0312,1.0317,14.40,1.20
2008.06.09 02:48:18.982,1.0312,1.0317,10.20,1.20
2008.06.09 02:48:19.233,1.0313,1.0316,0.80,0.90
2008.06.09 02:48:19.734,1.0313,1.0317,0.80,3.10
2008.06.09 02:48:19.826,1.0313,1.0317,0.80,0.20
2008.06.09 02:48:20.992,1.0313,1.0317,1.60,0.20
2008.06.09 02:48:24.615,1.0313,1.0316,0.70,0.90
2008.06.09 02:48:24.885,1.0312,1.0316,0.70,1.20
2008.06.09 02:48:24.923,1.0312,1.0316,0.70,5.20
2008.06.09 02:48:26.144,1.0312,1.0316,0.70,1.20
2008.06.09 02:48:26.217,1.0312,1.0316,0.70,0.20
2008.06.09 02:48:26.344,1.0312,1.0317,0.70,5.50
2008.06.09 02:48:26.539,1.0312,1.0317,0.70,1.20
2008.06.09 02:48:27.810,1.0312,1.0317,0.70,2.60
2008.06.09 02:48:27.899,1.0312,1.0316,0.70,0.90
2008.06.09 02:48:27.990,1.0311,1.0316,3.40,0.90
2008.06.09 02:48:29.091,1.0311,1.0316,3.00,0.90
2008.06.09 02:48:30.029,1.0311,1.0316,3.30,0.90
2008.06.09 02:48:31.468,1.0311,1.0316,6.00,0.90
2008.06.09 02:48:31.604,1.0312,1.0316,0.70,0.90
2008.06.09 02:48:33.932,1.0312,1.0315,1.60,0.90
2008.06.09 02:48:41.691,1.0312,1.0316,1.60,5.00
2008.06.09 02:48:41.823,1.0312,1.0316,1.60,6.30
2008.06.09 02:48:41.870,1.0312,1.0316,1.60,3.00
2008.06.09 02:48:41.947,1.0312,1.0316,1.60,1.20
2008.06.09 02:48:52.169,1.0312,1.0315,0.70,0.90
2008.06.09 02:49:06.913,1.0312,1.0316,1.60,5.20
2008.06.09 02:49:07.248,1.0312,1.0316,1.60,5.50
2008.06.09 02:49:07.279,1.0312,1.0316,1.60,5.70
2008.06.09 02:49:07.475,1.0312,1.0316,1.60,1.20
2008.06.09 02:49:10.175,1.0312,1.0315,0.70,0.90
2008.06.09 02:49:14.561,1.0312,1.0316,1.60,0.20
2008.06.09 02:49:16.399,1.0312,1.0315,0.70,0.90
2008.06.09 02:49:34.275,1.0311,1.0315,3.20,0.90
2008.06.09 02:49:35.375,1.0311,1.0315,5.50,0.90
2008.06.09 02:49:35.693,1.0311,1.0315,9.70,0.90
2008.06.09 02:49:35.825,1.0311,1.0315,7.00,0.90
2008.06.09 02:49:35.933,1.0311,1.0315,1.90,0.90
2008.06.09 02:49:36.167,1.0312,1.0315,0.70,1.20
2008.06.09 02:49:39.257,1.0311,1.0315,2.60,1.20
2008.06.09 02:49:39.355,1.0311,1.0315,2.60,2.10
2008.06.09 02:49:39.487,1.0311,1.0315,2.60,4.30
2008.06.09 02:49:40.403,1.0311,1.0314,3.00,0.90
2008.06.09 02:49:41.639,1.0311,1.0314,2.70,0.90
2008.06.09 02:49:42.628,1.0311,1.0314,1.80,0.90
2008.06.09 02:49:44.127,1.0311,1.0314,1.60,0.90
2008.06.09 02:50:09.423,1.0311,1.0315,1.60,5.60
2008.06.09 02:50:09.734,1.0311,1.0315,1.60,3.20
2008.06.09 02:50:09.755,1.0311,1.0315,1.60,3.40
2008.06.09 02:50:09.854,1.0311,1.0315,1.60,1.20
2008.06.09 02:50:27.453,1.0311,1.0315,0.70,1.20
2008.06.09 02:50:27.613,1.031,1.0315,1.90,1.20
2008.06.09 02:50:29.170,1.0311,1.0315,0.80,1.20
2008.06.09 02:50:29.250,1.0311,1.0315,1.60,1.20
2008.06.09 02:50:44.927,1.0311,1.0315,3.30,1.20
2008.06.09 02:50:45.801,1.0311,1.0315,5.10,1.20
2008.06.09 02:50:46.579,1.0311,1.0315,1.80,1.20
2008.06.09 02:50:47.486,1.0311,1.0315,1.60,1.20
2008.06.09 02:50:48.688,1.0311,1.0315,0.80,1.20
2008.06.09 02:50:49.775,1.0311,1.0315,1.60,1.20
2008.06.09 02:50:51.459,1.0312,1.0315,0.80,0.20
2008.06.09 02:50:51.671,1.0312,1.0316,0.80,0.90
2008.06.09 02:50:51.712,1.0312,1.0316,0.80,2.40
2008.06.09 02:50:51.797,1.0312,1.0316,0.80,2.70
2008.06.09 02:50:51.887,1.0312,1.0316,0.80,0.90
2008.06.09 02:50:53.712,1.0313,1.0316,0.80,0.90
2008.06.09 02:50:56.594,1.0313,1.0316,5.80,0.90
2008.06.09 02:50:57.286,1.0313,1.0316,0.80,0.90
2008.06.09 02:50:57.728,1.0312,1.0316,11.50,0.90
2008.06.09 02:50:57.895,1.0312,1.0316,12.10,0.90
2008.06.09 02:50:58.386,1.0312,1.0316,9.30,0.90
2008.06.09 02:50:58.869,1.0313,1.0316,0.80,0.90
2008.06.09 02:51:01.547,1.0313,1.0316,8.00,0.90
2008.06.09 02:51:03.602,1.0313,1.0316,0.80,0.90
2008.06.09 02:51:08.219,1.0314,1.0316,0.80,0.90
2008.06.09 02:51:09.921,1.0313,1.0316,0.70,0.90
2008.06.09 02:51:15.928,1.0314,1.0316,0.80,0.90
2008.06.09 02:51:17.483,1.0313,1.0316,0.70,0.90
2008.06.09 02:51:21.765,1.0312,1.0316,2.60,0.90
2008.06.09 02:51:24.578,1.0312,1.0316,3.60,0.90
2008.06.09 02:51:25.053,1.0312,1.0316,7.00,0.90
2008.06.09 02:51:25.229,1.0312,1.0316,6.30,0.90
2008.06.09 02:51:25.518,1.0312,1.0316,2.60,0.90
2008.06.09 02:51:26.005,1.0312,1.0316,3.60,0.90
2008.06.09 02:51:33.986,1.0312,1.0316,2.60,0.90
2008.06.09 02:51:34.036,1.0312,1.0316,2.70,0.90
2008.06.09 02:51:41.899,1.0312,1.0316,2.60,0.90
2008.06.09 02:51:44.469,1.0312,1.0316,4.40,0.90
2008.06.09 02:51:47.114,1.0312,1.0316,2.60,0.90
2008.06.09 02:51:48.405,1.0312,1.0316,2.60,0.90
2008.06.09 02:51:49.477,1.0312,1.0316,2.60,0.90
2008.06.09 02:51:49.578,1.0312,1.0316,0.70,0.90
2008.06.09 02:52:23.565,1.0311,1.0316,18.70,0.90
2008.06.09 02:52:36.642,1.0312,1.0316,2.80,0.90
2008.06.09 02:52:36.683,1.0313,1.0316,0.70,0.90
2008.06.09 02:52:47.893,1.0312,1.0316,2.60,0.90
2008.06.09 02:52:47.977,1.0312,1.0316,0.70,0.90
2008.06.09 02:52:50.216,1.0314,1.0316,0.70,0.90
2008.06.09 02:53:07.226,1.0312,1.0316,13.30,0.90
2008.06.09 02:53:07.268,1.0312,1.0316,3.90,0.90
2008.06.09 02:53:07.373,1.0312,1.0316,0.70,0.90
2008.06.09 02:54:03.240,1.0313,1.0316,0.80,0.90
2008.06.09 02:55:21.409,1.0312,1.0316,0.70,0.90
2008.06.09 02:55:22.902,1.0312,1.0316,0.70,0.90
2008.06.09 02:55:23.159,1.0311,1.0316,0.70,0.90
2008.06.09 02:55:23.653,1.0312,1.0316,0.80,0.90
2008.06.09 02:55:34.550,1.0312,1.0316,0.80,2.80
2008.06.09 02:55:49.509,1.0311,1.0316,0.70,2.80
2008.06.09 02:55:49.672,1.031,1.0316,9.00,2.80
2008.06.09 02:55:50.455,1.031,1.0316,10.20,2.80
2008.06.09 02:55:50.566,1.0312,1.0316,0.80,2.80
2008.06.09 02:56:14.976,1.0312,1.0316,0.80,0.90
2008.06.09 02:57:05.556,1.0312,1.0316,0.80,2.80
2008.06.09 02:57:15.415,1.031,1.0316,9.60,2.80
2008.06.09 02:57:15.470,1.0309,1.0316,12.70,2.80
2008.06.09 02:57:15.501,1.03095,1.0316,0.30,2.80
2008.06.09 02:57:15.694,1.0311,1.0316,0.70,3.10
2008.06.09 02:57:16.221,1.0312,1.0316,0.80,3.10
2008.06.09 02:57:17.211,1.0311,1.0316,0.70,3.10
2008.06.09 02:57:18.691,1.0312,1.0316,0.80,3.10
2008.06.09 02:57:32.525,1.0312,1.0316,0.80,1.20
2008.06.09 02:57:32.594,1.0312,1.0316,0.80,0.20
2008.06.09 02:57:32.655,1.0312,1.0317,0.80,3.10
2008.06.09 02:57:32.694,1.0313,1.0317,0.80,3.10
2008.06.09 02:57:39.715,1.0312,1.0317,0.70,3.10
2008.06.09 02:57:39.759,1.0312,1.0317,0.70,1.90
2008.06.09 02:57:39.950,1.0312,1.0316,0.70,0.90
2008.06.09 02:57:40.056,1.0311,1.0316,0.70,0.90
2008.06.09 02:57:48.590,1.0311,1.0317,0.70,2.10
2008.06.09 02:57:49.717,1.0312,1.0317,0.70,2.10
2008.06.09 02:57:50.262,1.0312,1.0317,0.70,1.90
2008.06.09 02:57:54.412,1.0313,1.0317,0.80,1.90
2008.06.09 02:58:08.879,1.0313,1.0318,0.80,6.00
2008.06.09 02:58:09.983,1.0313,1.0318,0.80,5.60
2008.06.09 02:58:10.093,1.0313,1.0318,1.60,3.40
2008.06.09 02:58:10.200,1.0313,1.0318,1.60,4.00
2008.06.09 02:58:10.329,1.0313,1.0318,1.60,5.60
2008.06.09 02:58:10.447,1.0313,1.0318,1.60,5.00
2008.06.09 02:58:10.704,1.0314,1.0317,0.80,0.90
2008.06.09 02:59:09.109,1.0313,1.0317,0.70,0.90
2008.06.09 02:59:09.659,1.0314,1.0317,0.80,0.90
2008.06.09 02:59:20.533,1.0314,1.0317,1.60,0.90
2008.06.09 02:59:23.001,1.0315,1.0317,0.80,0.90
2008.06.09 02:59:23.133,1.0314,1.0317,0.70,0.90
2008.06.09 02:59:23.473,1.0315,1.0317,0.80,0.90
2008.06.09 02:59:28.968,1.0315,1.0317,0.80,0.90
2008.06.09 02:59:33.250,1.0314,1.0317,0.70,0.90
2008.06.09 02:59:36.907,1.0315,1.0317,0.80,0.90
2008.06.09 02:59:59.364,1.0316,1.0317,0.80,0.90
