2008.07.07 08:00:00.952,1.04215,1.0423,1.00,3.30
2008.07.07 08:00:01.325,1.04215,1.0423,1.00,1.00
2008.07.07 08:00:01.550,1.04215,1.0422,1.00,1.00
2008.07.07 08:00:01.731,1.04215,1.0423,1.00,1.00
2008.07.07 08:00:02.293,1.04215,1.0423,1.00,3.30
2008.07.07 08:00:02.407,1.04215,1.04235,1.00,1.00
2008.07.07 08:00:02.742,1.04215,1.0424,1.00,1.30
2008.07.07 08:00:03.069,1.0421,1.0423,3.70,1.00
2008.07.07 08:00:03.369,1.0421,1.0423,1.40,1.00
2008.07.07 08:00:03.673,1.0421,1.0423,1.40,3.70
2008.07.07 08:00:03.828,1.0421,1.0423,1.40,1.00
2008.07.07 08:00:03.999,1.0421,1.0423,1.40,3.70
2008.07.07 08:00:04.729,1.0421,1.0423,1.00,1.30
2008.07.07 08:00:05.864,1.04215,1.0423,1.00,3.30
2008.07.07 08:00:06.058,1.04215,1.0422,1.00,1.00
2008.07.07 08:00:06.266,1.04205,1.0422,2.70,1.00
2008.07.07 08:00:06.442,1.042,1.0422,3.30,1.00
2008.07.07 08:00:06.641,1.04215,1.0423,1.00,3.30
2008.07.07 08:00:06.981,1.04205,1.0423,2.70,1.30
2008.07.07 08:00:07.171,1.04205,1.0423,1.00,1.30
2008.07.07 08:00:08.710,1.0421,1.0423,1.00,3.30
2008.07.07 08:00:09.437,1.042,1.0422,1.00,3.30
2008.07.07 08:00:10.197,1.04205,1.0422,1.00,3.30
2008.07.07 08:00:10.556,1.04205,1.0422,1.00,1.00
2008.07.07 08:00:10.673,1.04205,1.04225,1.00,1.00
2008.07.07 08:00:10.806,1.04205,1.0423,1.00,1.30
2008.07.07 08:00:11.034,1.0421,1.0423,1.00,1.30
2008.07.07 08:00:12.010,1.04205,1.04225,2.70,1.00
2008.07.07 08:00:12.518,1.0421,1.0423,1.00,1.30
2008.07.07 08:00:13.782,1.04205,1.0423,2.70,1.30
2008.07.07 08:00:13.868,1.04205,1.0423,1.00,1.30
2008.07.07 08:00:14.117,1.04205,1.0423,2.70,1.30
2008.07.07 08:00:14.361,1.0421,1.0423,1.00,1.30
2008.07.07 08:00:14.769,1.04205,1.0423,2.70,1.30
2008.07.07 08:00:15.075,1.04205,1.0423,1.00,1.30
2008.07.07 08:00:15.718,1.0421,1.0423,1.00,1.00
2008.07.07 08:00:15.938,1.04205,1.0423,1.00,1.30
2008.07.07 08:00:16.938,1.04205,1.04225,1.00,1.00
2008.07.07 08:00:19.806,1.0421,1.0423,1.00,1.30
2008.07.07 08:00:20.307,1.04205,1.04225,1.00,1.00
2008.07.07 08:00:23.377,1.04205,1.0423,1.00,1.30
2008.07.07 08:00:28.150,1.04215,1.0423,1.00,1.00
2008.07.07 08:00:29.151,1.0421,1.0423,2.20,1.30
2008.07.07 08:00:29.266,1.0421,1.04225,2.20,1.00
2008.07.07 08:00:29.518,1.04205,1.04225,1.00,1.00
2008.07.07 08:00:32.921,1.04205,1.0423,1.00,1.30
2008.07.07 08:00:35.823,1.04205,1.0423,1.00,4.20
2008.07.07 08:00:35.876,1.042,1.04225,1.00,1.00
2008.07.07 08:00:36.023,1.042,1.04225,3.30,1.00
2008.07.07 08:00:36.422,1.042,1.0422,3.30,1.00
2008.07.07 08:00:37.274,1.042,1.0422,1.00,1.00
2008.07.07 08:00:37.416,1.04195,1.0422,1.00,1.30
2008.07.07 08:00:37.755,1.0419,1.04215,2.70,1.00
2008.07.07 08:00:37.875,1.0419,1.04215,3.30,1.00
2008.07.07 08:00:38.407,1.0419,1.0421,3.30,1.00
2008.07.07 08:00:38.566,1.0419,1.0421,1.00,1.00
2008.07.07 08:00:38.779,1.04185,1.04205,2.20,1.00
2008.07.07 08:00:38.963,1.0418,1.042,3.30,1.00
2008.07.07 08:00:43.080,1.0418,1.042,8.10,1.00
2008.07.07 08:00:43.130,1.04185,1.042,1.00,1.00
2008.07.07 08:00:43.228,1.0418,1.042,8.10,1.00
2008.07.07 08:00:43.321,1.0418,1.042,3.30,1.00
2008.07.07 08:00:44.692,1.04185,1.042,1.00,1.00
2008.07.07 08:00:45.115,1.0419,1.042,1.00,1.00
2008.07.07 08:00:45.419,1.04185,1.042,1.00,1.00
2008.07.07 08:00:45.666,1.0419,1.0421,1.00,1.00
2008.07.07 08:00:45.948,1.0419,1.0421,1.00,3.30
2008.07.07 08:00:46.195,1.0419,1.0421,1.00,1.00
2008.07.07 08:00:46.532,1.04195,1.0421,1.00,1.00
2008.07.07 08:00:46.913,1.04185,1.04205,1.00,1.00
2008.07.07 08:00:47.220,1.0419,1.042,1.00,1.00
2008.07.07 08:00:48.169,1.04185,1.042,1.00,1.00
2008.07.07 08:00:49.262,1.0419,1.042,1.00,1.00
2008.07.07 08:00:49.406,1.0419,1.0421,1.00,1.30
2008.07.07 08:00:49.492,1.04195,1.0421,1.00,1.00
2008.07.07 08:00:49.836,1.0419,1.0421,1.00,1.00
2008.07.07 08:00:50.125,1.04185,1.0421,2.70,1.30
2008.07.07 08:00:50.639,1.04185,1.0421,3.20,1.30
2008.07.07 08:00:51.361,1.04185,1.0421,1.00,1.30
2008.07.07 08:00:51.685,1.04185,1.0421,1.00,1.30
2008.07.07 08:00:53.296,1.04195,1.0421,1.00,1.00
2008.07.07 08:00:53.405,1.0419,1.0421,2.20,1.30
2008.07.07 08:00:53.578,1.04185,1.0421,2.70,1.30
2008.07.07 08:00:54.114,1.04185,1.0421,3.20,1.30
2008.07.07 08:00:54.220,1.0419,1.0421,1.00,1.00
2008.07.07 08:00:57.134,1.04185,1.0421,3.20,1.30
2008.07.07 08:00:57.349,1.04185,1.0421,1.00,1.30
2008.07.07 08:00:57.512,1.0419,1.0421,1.00,1.00
2008.07.07 08:00:57.643,1.0419,1.0421,3.30,1.00
2008.07.07 08:00:59.594,1.0419,1.0421,8.10,1.00
2008.07.07 08:00:59.654,1.042,1.0421,1.00,1.00
2008.07.07 08:00:59.791,1.0419,1.0421,8.10,1.00
2008.07.07 08:00:59.869,1.0419,1.0421,2.70,1.00
2008.07.07 08:01:00.061,1.0419,1.0421,3.30,1.00
2008.07.07 08:01:04.348,1.0419,1.0421,1.00,1.00
2008.07.07 08:01:04.702,1.0419,1.0421,3.30,1.00
2008.07.07 08:01:04.905,1.042,1.0421,1.00,1.00
2008.07.07 08:01:05.087,1.0419,1.0421,3.30,1.00
2008.07.07 08:01:05.220,1.0419,1.0421,2.70,1.00
2008.07.07 08:01:05.347,1.0419,1.0421,3.30,1.00
2008.07.07 08:01:12.255,1.0419,1.0421,1.00,1.00
2008.07.07 08:01:12.391,1.0419,1.0421,1.00,5.20
2008.07.07 08:01:12.483,1.0419,1.0421,1.00,1.30
2008.07.07 08:01:12.992,1.0419,1.0421,1.00,5.20
2008.07.07 08:01:15.466,1.0419,1.0421,3.30,1.00
2008.07.07 08:01:19.075,1.0419,1.0421,3.30,1.30
2008.07.07 08:01:19.225,1.0419,1.0421,1.00,1.30
2008.07.07 08:01:19.762,1.04185,1.0421,2.70,1.30
2008.07.07 08:01:19.943,1.04185,1.0421,1.00,1.30
2008.07.07 08:01:28.670,1.04185,1.0421,2.70,1.30
2008.07.07 08:01:28.915,1.0419,1.0421,1.00,1.30
2008.07.07 08:01:30.486,1.04185,1.0421,2.70,1.30
2008.07.07 08:01:30.612,1.0419,1.0421,1.00,3.30
2008.07.07 08:01:30.775,1.04185,1.0421,2.70,1.30
2008.07.07 08:01:30.879,1.04185,1.0421,1.00,1.30
2008.07.07 08:01:32.084,1.0419,1.0421,1.00,1.30
2008.07.07 08:01:32.473,1.04185,1.042,1.00,1.00
2008.07.07 08:01:33.312,1.0418,1.042,2.70,1.00
2008.07.07 08:01:33.491,1.0418,1.042,1.00,1.00
2008.07.07 08:01:33.882,1.0418,1.042,1.00,1.30
2008.07.07 08:01:34.114,1.0418,1.042,1.00,1.00
2008.07.07 08:01:34.202,1.0418,1.042,1.00,1.30
2008.07.07 08:01:34.872,1.0418,1.0419,1.00,1.00
2008.07.07 08:01:35.236,1.0417,1.0419,1.00,1.00
2008.07.07 08:01:35.507,1.04165,1.0419,3.20,1.30
2008.07.07 08:01:35.794,1.04165,1.0419,1.00,1.30
2008.07.07 08:01:36.592,1.0417,1.0419,2.20,1.30
2008.07.07 08:01:36.819,1.04175,1.0419,1.00,1.00
2008.07.07 08:01:37.687,1.0417,1.0419,2.70,1.00
2008.07.07 08:01:37.826,1.0417,1.0419,1.00,1.00
2008.07.07 08:01:46.293,1.04165,1.0419,3.20,1.30
2008.07.07 08:01:46.449,1.04165,1.0419,1.00,1.30
2008.07.07 08:01:48.726,1.0418,1.0419,1.00,1.00
2008.07.07 08:01:49.200,1.0418,1.042,1.00,1.30
2008.07.07 08:01:53.435,1.0418,1.042,1.00,3.30
2008.07.07 08:01:54.542,1.0418,1.042,1.00,1.00
2008.07.07 08:01:55.536,1.04185,1.042,1.00,1.00
2008.07.07 08:01:56.043,1.04185,1.0419,1.00,1.00
2008.07.07 08:01:56.294,1.0418,1.0419,2.20,1.00
2008.07.07 08:01:56.605,1.04175,1.0419,1.00,1.00
2008.07.07 08:01:57.107,1.0417,1.0419,2.70,1.00
2008.07.07 08:01:57.271,1.0417,1.0419,3.30,1.00
2008.07.07 08:02:01.060,1.0417,1.0419,1.00,1.00
2008.07.07 08:02:01.643,1.0417,1.0419,3.20,1.00
2008.07.07 08:02:01.994,1.04175,1.0419,1.00,1.00
2008.07.07 08:02:04.195,1.04175,1.0419,1.00,1.00
2008.07.07 08:02:05.829,1.04175,1.0419,1.00,1.00
2008.07.07 08:02:07.066,1.04175,1.0419,1.00,1.00
2008.07.07 08:02:07.878,1.04175,1.0419,1.00,1.00
2008.07.07 08:02:11.092,1.04175,1.0419,1.00,1.00
2008.07.07 08:02:11.780,1.04175,1.042,1.00,1.30
2008.07.07 08:02:12.355,1.0418,1.042,1.00,1.30
2008.07.07 08:02:12.951,1.04185,1.042,1.00,1.00
2008.07.07 08:02:14.060,1.0418,1.042,2.70,1.00
2008.07.07 08:02:14.201,1.0418,1.042,1.00,1.00
2008.07.07 08:02:14.762,1.04185,1.042,1.00,1.00
2008.07.07 08:02:17.267,1.0418,1.042,2.70,1.00
2008.07.07 08:02:17.477,1.0418,1.042,1.00,1.00
2008.07.07 08:02:17.599,1.04185,1.042,1.00,1.00
2008.07.07 08:02:17.953,1.0418,1.042,1.00,1.00
2008.07.07 08:02:18.471,1.0418,1.042,1.00,3.30
2008.07.07 08:02:18.991,1.04175,1.042,2.70,1.30
2008.07.07 08:02:19.292,1.04175,1.042,1.00,1.30
2008.07.07 08:02:22.443,1.04175,1.042,1.00,1.30
2008.07.07 08:02:23.033,1.0418,1.042,1.00,1.00
2008.07.07 08:02:23.796,1.04185,1.042,1.00,1.00
2008.07.07 08:02:33.401,1.0419,1.042,1.00,1.00
2008.07.07 08:02:35.045,1.04185,1.042,2.70,1.00
2008.07.07 08:02:35.324,1.04185,1.042,1.00,1.00
2008.07.07 08:02:36.716,1.0418,1.042,3.20,1.00
2008.07.07 08:02:36.787,1.04185,1.042,1.00,1.00
2008.07.07 08:02:41.218,1.04185,1.042,1.00,3.30
2008.07.07 08:02:41.643,1.04185,1.042,1.00,1.00
2008.07.07 08:02:41.777,1.0418,1.042,2.70,1.00
2008.07.07 08:02:42.126,1.0418,1.042,3.30,1.00
2008.07.07 08:02:43.434,1.0418,1.042,1.00,3.30
2008.07.07 08:02:44.178,1.0418,1.042,1.00,1.00
2008.07.07 08:02:44.389,1.0418,1.04205,3.70,1.00
2008.07.07 08:02:44.585,1.0418,1.04205,1.40,1.00
2008.07.07 08:02:44.747,1.0418,1.04205,1.00,1.00
2008.07.07 08:02:46.401,1.04185,1.0421,1.00,4.60
2008.07.07 08:02:46.600,1.04185,1.0421,1.00,4.20
2008.07.07 08:02:46.725,1.04185,1.0421,1.00,1.30
2008.07.07 08:02:47.489,1.04185,1.0421,1.00,1.80
2008.07.07 08:02:47.626,1.0418,1.04205,2.70,1.00
2008.07.07 08:02:47.798,1.04185,1.0421,1.00,4.20
2008.07.07 08:02:47.931,1.04185,1.0421,1.00,1.30
2008.07.07 08:02:55.610,1.0419,1.0421,1.00,3.30
2008.07.07 08:02:56.115,1.0419,1.0421,1.40,3.30
2008.07.07 08:02:59.831,1.0419,1.042,1.00,1.00
2008.07.07 08:03:00.115,1.04185,1.042,2.20,1.00
2008.07.07 08:03:00.217,1.0418,1.042,1.40,1.00
2008.07.07 08:03:03.320,1.04185,1.042,1.00,1.00
2008.07.07 08:03:04.142,1.04185,1.042,2.70,1.00
2008.07.07 08:03:04.326,1.0419,1.042,1.00,1.00
2008.07.07 08:03:08.460,1.04185,1.042,2.70,1.00
2008.07.07 08:03:08.655,1.04185,1.042,1.00,1.00
2008.07.07 08:03:09.850,1.0418,1.042,3.70,1.00
2008.07.07 08:03:10.161,1.0418,1.042,1.40,1.00
2008.07.07 08:03:20.481,1.0418,1.042,1.40,1.30
2008.07.07 08:03:21.597,1.0418,1.042,1.40,1.00
2008.07.07 08:03:30.497,1.0418,1.042,1.40,3.30
2008.07.07 08:03:41.156,1.0418,1.042,1.00,1.30
2008.07.07 08:03:42.046,1.0418,1.04195,1.00,1.00
2008.07.07 08:03:42.300,1.0417,1.0419,1.40,1.00
2008.07.07 08:03:44.108,1.0418,1.04195,1.00,1.00
2008.07.07 08:03:44.369,1.0418,1.042,1.00,4.20
2008.07.07 08:03:44.611,1.0418,1.042,1.00,1.30
2008.07.07 08:03:46.808,1.0418,1.042,1.40,1.00
2008.07.07 08:03:48.822,1.0418,1.042,1.40,1.30
2008.07.07 08:03:49.711,1.0418,1.042,1.00,1.30
2008.07.07 08:03:50.083,1.0418,1.042,3.70,1.30
2008.07.07 08:03:50.282,1.0418,1.042,1.40,3.30
2008.07.07 08:03:50.440,1.0419,1.042,1.00,2.80
2008.07.07 08:03:50.871,1.0418,1.042,1.40,3.30
2008.07.07 08:03:51.058,1.0418,1.042,1.40,1.30
2008.07.07 08:03:51.406,1.0418,1.042,1.40,1.00
2008.07.07 08:03:51.920,1.0418,1.042,1.40,1.30
2008.07.07 08:03:53.058,1.0418,1.04195,1.00,1.00
2008.07.07 08:03:53.373,1.0418,1.042,1.40,1.30
2008.07.07 08:03:53.905,1.0418,1.0419,1.00,1.00
2008.07.07 08:03:54.761,1.0418,1.0419,1.00,3.30
2008.07.07 08:03:56.580,1.0418,1.042,1.40,1.30
2008.07.07 08:04:01.783,1.0418,1.042,1.40,4.20
2008.07.07 08:04:02.494,1.0418,1.0419,1.00,3.30
2008.07.07 08:04:04.432,1.0418,1.0419,1.00,1.00
2008.07.07 08:04:04.935,1.0418,1.042,1.00,1.30
2008.07.07 08:04:06.860,1.0418,1.0419,1.00,1.00
2008.07.07 08:04:07.243,1.04175,1.0419,1.00,1.00
2008.07.07 08:04:07.771,1.0417,1.0419,1.40,1.30
2008.07.07 08:04:07.991,1.0417,1.0418,1.00,1.00
2008.07.07 08:04:08.217,1.04165,1.0418,1.00,1.00
2008.07.07 08:04:08.412,1.0417,1.0419,1.00,1.80
2008.07.07 08:04:08.611,1.0417,1.0419,1.40,3.30
2008.07.07 08:04:08.833,1.0417,1.0419,1.00,1.00
2008.07.07 08:04:09.089,1.04175,1.0419,1.00,1.00
2008.07.07 08:04:09.352,1.04175,1.0419,1.00,2.80
2008.07.07 08:04:09.606,1.04175,1.04195,1.00,1.00
2008.07.07 08:04:10.546,1.0417,1.04195,2.70,1.00
2008.07.07 08:04:10.821,1.0417,1.0419,1.00,1.00
2008.07.07 08:04:11.140,1.0417,1.0418,1.00,1.00
2008.07.07 08:04:11.311,1.04165,1.0417,1.00,1.00
2008.07.07 08:04:11.601,1.0417,1.04195,1.00,1.70
2008.07.07 08:04:11.782,1.04165,1.0418,1.00,1.00
2008.07.07 08:04:11.933,1.04165,1.0418,1.00,3.30
2008.07.07 08:04:12.532,1.0417,1.0418,1.00,3.30
2008.07.07 08:04:12.686,1.0417,1.0418,1.00,1.00
2008.07.07 08:04:13.755,1.04175,1.0418,1.00,1.00
2008.07.07 08:04:13.976,1.0418,1.0419,1.00,3.30
2008.07.07 08:04:14.147,1.0418,1.0419,1.00,1.00
2008.07.07 08:04:14.382,1.0419,1.0421,1.00,7.50
2008.07.07 08:04:14.576,1.0419,1.0421,1.00,7.00
2008.07.07 08:04:14.779,1.0419,1.0421,1.00,4.20
2008.07.07 08:04:14.999,1.0419,1.0421,1.00,1.30
2008.07.07 08:04:15.226,1.0419,1.0421,1.40,8.10
2008.07.07 08:04:15.408,1.0419,1.0421,1.40,5.20
2008.07.07 08:04:15.786,1.04195,1.0421,1.00,5.20
2008.07.07 08:04:16.164,1.04195,1.0421,1.00,8.10
2008.07.07 08:04:16.548,1.04195,1.0421,1.00,5.20
2008.07.07 08:04:16.920,1.04195,1.0421,1.00,1.00
2008.07.07 08:04:18.452,1.0419,1.0421,1.40,1.00
2008.07.07 08:04:18.926,1.0419,1.0421,1.40,3.30
2008.07.07 08:04:22.052,1.0419,1.0421,1.00,1.30
2008.07.07 08:04:22.367,1.04185,1.042,1.00,1.00
2008.07.07 08:04:22.696,1.0418,1.042,1.40,1.30
2008.07.07 08:04:23.338,1.0418,1.04195,3.70,1.00
2008.07.07 08:04:24.269,1.0417,1.0419,4.30,1.00
2008.07.07 08:04:24.894,1.0417,1.0419,1.40,1.00
2008.07.07 08:04:26.751,1.0418,1.04195,1.00,1.00
2008.07.07 08:04:26.881,1.0418,1.042,1.40,1.30
2008.07.07 08:04:27.048,1.0418,1.042,1.40,1.00
2008.07.07 08:04:27.227,1.0419,1.04205,1.00,3.70
2008.07.07 08:04:27.481,1.0419,1.04205,1.00,1.00
2008.07.07 08:04:27.652,1.0419,1.0421,1.00,1.30
2008.07.07 08:04:28.045,1.042,1.04215,1.00,1.00
2008.07.07 08:04:28.209,1.0419,1.0421,1.40,1.00
2008.07.07 08:04:28.453,1.0419,1.04205,1.00,1.00
2008.07.07 08:04:28.668,1.0418,1.04205,1.40,1.00
2008.07.07 08:04:30.074,1.0418,1.042,1.00,1.00
2008.07.07 08:04:30.239,1.0418,1.04195,1.00,1.00
2008.07.07 08:04:30.904,1.0417,1.04195,1.40,1.00
2008.07.07 08:04:31.414,1.0417,1.0419,1.40,1.00
2008.07.07 08:04:31.937,1.0418,1.04195,1.00,1.30
2008.07.07 08:04:32.386,1.0418,1.04195,1.00,4.20
2008.07.07 08:04:32.659,1.0417,1.0419,1.40,1.00
2008.07.07 08:04:32.981,1.0417,1.0419,1.00,1.30
2008.07.07 08:04:33.644,1.0417,1.0419,1.40,3.30
2008.07.07 08:04:34.474,1.0417,1.0418,1.00,1.00
2008.07.07 08:04:34.845,1.04165,1.0418,1.00,1.00
2008.07.07 08:04:35.276,1.04165,1.0419,1.00,1.30
2008.07.07 08:04:35.752,1.04165,1.04185,1.00,1.00
2008.07.07 08:04:36.217,1.0416,1.04185,1.40,1.00
2008.07.07 08:04:37.499,1.0418,1.0419,1.00,2.80
2008.07.07 08:04:37.636,1.0418,1.04195,1.00,3.70
2008.07.07 08:04:37.745,1.0417,1.04195,1.40,3.70
2008.07.07 08:04:37.835,1.04175,1.04195,1.00,2.80
2008.07.07 08:04:38.192,1.0417,1.04195,3.70,1.00
2008.07.07 08:04:38.639,1.0417,1.04195,1.40,1.00
2008.07.07 08:04:38.892,1.04175,1.042,1.00,4.20
2008.07.07 08:04:39.229,1.04175,1.042,1.00,1.30
2008.07.07 08:04:39.566,1.04175,1.042,1.00,1.30
2008.07.07 08:04:39.683,1.0418,1.042,1.00,1.30
2008.07.07 08:04:40.302,1.04175,1.042,1.00,1.30
2008.07.07 08:04:40.912,1.0417,1.04195,4.20,1.00
2008.07.07 08:04:41.121,1.0417,1.0419,2.70,1.00
2008.07.07 08:04:41.434,1.0417,1.0419,1.00,1.00
2008.07.07 08:04:42.211,1.0417,1.0419,1.40,1.00
2008.07.07 08:04:42.564,1.0417,1.0419,1.00,1.30
2008.07.07 08:04:43.540,1.04165,1.0419,1.00,1.30
2008.07.07 08:04:43.883,1.04165,1.04185,1.00,1.00
2008.07.07 08:04:44.782,1.04165,1.0418,1.00,1.00
2008.07.07 08:04:47.786,1.0417,1.0418,1.00,1.00
2008.07.07 08:04:48.320,1.0417,1.0419,1.40,1.30
2008.07.07 08:04:48.573,1.0417,1.0419,1.40,3.30
2008.07.07 08:04:48.849,1.0417,1.0419,1.00,1.30
2008.07.07 08:04:49.060,1.04165,1.0418,2.70,1.00
2008.07.07 08:04:49.200,1.04165,1.0418,1.00,1.00
2008.07.07 08:04:50.056,1.0416,1.0418,3.70,1.00
2008.07.07 08:04:50.272,1.0416,1.0418,1.40,1.00
2008.07.07 08:04:50.388,1.0416,1.0418,1.00,1.00
2008.07.07 08:04:50.742,1.04165,1.0418,1.00,1.00
2008.07.07 08:04:50.963,1.0416,1.0418,2.70,1.30
2008.07.07 08:04:51.092,1.0416,1.0418,1.00,1.30
2008.07.07 08:04:51.308,1.0416,1.0418,1.40,1.30
2008.07.07 08:04:51.598,1.0416,1.0418,3.70,1.30
2008.07.07 08:04:51.782,1.0416,1.0418,1.00,1.30
2008.07.07 08:04:53.135,1.0416,1.0418,1.40,1.00
2008.07.07 08:04:53.636,1.04165,1.0418,1.00,1.00
2008.07.07 08:04:54.835,1.0417,1.0418,1.00,1.00
2008.07.07 08:04:55.021,1.04165,1.0418,2.70,1.00
2008.07.07 08:04:55.441,1.04165,1.0418,1.00,1.00
2008.07.07 08:04:59.767,1.0417,1.0419,1.00,1.30
2008.07.07 08:05:00.527,1.04175,1.0418,1.00,1.00
2008.07.07 08:05:00.797,1.0417,1.0418,2.20,1.00
2008.07.07 08:05:01.059,1.04165,1.0418,1.00,1.00
2008.07.07 08:05:01.458,1.04165,1.0419,1.00,4.20
2008.07.07 08:05:01.814,1.0417,1.0419,1.00,4.20
2008.07.07 08:05:01.951,1.0417,1.0419,1.40,4.20
2008.07.07 08:05:02.158,1.0417,1.0419,1.40,1.30
2008.07.07 08:05:02.359,1.0417,1.0419,1.00,1.30
2008.07.07 08:05:02.598,1.0416,1.0418,1.40,1.00
2008.07.07 08:05:03.201,1.04165,1.0418,1.00,1.00
2008.07.07 08:05:04.730,1.0417,1.0418,4.80,1.00
2008.07.07 08:05:05.282,1.04165,1.0418,1.00,1.00
2008.07.07 08:05:06.998,1.0417,1.0418,1.00,1.00
2008.07.07 08:05:07.237,1.0417,1.0419,1.40,3.30
2008.07.07 08:05:07.740,1.0417,1.0419,1.00,1.30
2008.07.07 08:05:07.885,1.0417,1.0418,1.00,1.00
2008.07.07 08:05:08.246,1.04165,1.0418,2.70,1.00
2008.07.07 08:05:08.395,1.04165,1.0418,1.00,1.00
2008.07.07 08:05:09.670,1.0417,1.0418,1.00,1.00
2008.07.07 08:05:09.979,1.0417,1.0419,1.40,3.30
2008.07.07 08:05:11.773,1.0417,1.0419,1.40,1.00
2008.07.07 08:05:14.100,1.0417,1.0418,1.00,1.00
2008.07.07 08:05:14.183,1.04165,1.0418,1.00,1.00
2008.07.07 08:05:14.509,1.0417,1.0419,1.00,1.30
2008.07.07 08:05:15.035,1.04165,1.0419,1.00,1.30
2008.07.07 08:05:15.252,1.0417,1.0419,1.00,1.00
2008.07.07 08:05:15.435,1.04165,1.0419,2.70,1.30
2008.07.07 08:05:15.640,1.04165,1.0419,1.00,1.30
2008.07.07 08:05:16.397,1.0417,1.04185,1.00,1.00
2008.07.07 08:05:16.738,1.0416,1.04185,1.40,1.00
2008.07.07 08:05:16.912,1.0417,1.0419,1.00,3.30
2008.07.07 08:05:17.084,1.04165,1.0419,1.00,1.30
2008.07.07 08:05:17.568,1.04165,1.04185,1.00,1.00
2008.07.07 08:05:17.824,1.04165,1.0419,1.00,1.30
2008.07.07 08:05:17.973,1.04165,1.04185,1.00,1.00
2008.07.07 08:05:20.485,1.04165,1.0419,1.00,4.20
2008.07.07 08:05:20.654,1.04165,1.0419,1.00,1.30
2008.07.07 08:05:20.819,1.04165,1.0419,2.70,1.30
2008.07.07 08:05:20.989,1.0417,1.0419,1.40,1.00
2008.07.07 08:05:21.325,1.0417,1.0419,1.00,1.30
2008.07.07 08:05:21.943,1.0417,1.0419,1.40,1.00
2008.07.07 08:05:23.360,1.0417,1.0419,1.40,3.30
2008.07.07 08:05:23.713,1.0417,1.0419,1.00,1.30
2008.07.07 08:05:23.983,1.0417,1.04185,1.00,1.00
2008.07.07 08:05:24.173,1.0417,1.0419,1.00,1.30
2008.07.07 08:05:24.318,1.0417,1.0419,1.00,4.20
2008.07.07 08:05:24.478,1.04165,1.0419,1.00,1.30
2008.07.07 08:05:24.782,1.04175,1.0419,1.00,3.30
2008.07.07 08:05:25.474,1.04175,1.0418,1.00,1.00
2008.07.07 08:05:28.815,1.04175,1.0419,1.00,3.30
2008.07.07 08:05:32.150,1.04175,1.0419,1.00,1.00
2008.07.07 08:05:32.778,1.0417,1.0419,1.40,3.30
2008.07.07 08:05:33.072,1.0417,1.0419,1.40,1.30
2008.07.07 08:05:33.732,1.0417,1.0418,1.00,1.00
2008.07.07 08:05:35.082,1.0417,1.0419,1.40,1.80
2008.07.07 08:05:35.286,1.0417,1.0419,1.40,1.30
2008.07.07 08:05:35.387,1.04175,1.0419,1.00,3.30
2008.07.07 08:05:35.877,1.0417,1.0419,1.40,3.30
2008.07.07 08:05:36.688,1.0417,1.0418,1.00,3.30
2008.07.07 08:05:36.952,1.0417,1.0418,1.00,1.00
2008.07.07 08:05:37.131,1.0417,1.0419,1.00,1.30
2008.07.07 08:05:37.332,1.04175,1.0419,1.00,3.30
2008.07.07 08:05:37.541,1.0417,1.0419,1.40,1.30
2008.07.07 08:05:38.543,1.0417,1.0419,1.00,1.30
2008.07.07 08:05:43.022,1.0418,1.0419,1.00,1.00
2008.07.07 08:05:43.239,1.0418,1.04195,1.00,3.70
2008.07.07 08:05:43.427,1.0418,1.0419,1.00,1.00
2008.07.07 08:05:43.569,1.0418,1.0419,1.00,3.70
2008.07.07 08:05:43.670,1.0417,1.0419,1.40,1.30
2008.07.07 08:05:43.795,1.0417,1.0419,1.40,3.30
2008.07.07 08:05:44.043,1.0418,1.04195,1.00,1.00
2008.07.07 08:05:49.848,1.0417,1.0419,1.40,1.00
2008.07.07 08:05:50.193,1.0417,1.0419,1.40,1.30
2008.07.07 08:05:51.079,1.0417,1.0419,1.40,1.00
2008.07.07 08:05:51.442,1.0418,1.04195,1.00,1.00
2008.07.07 08:05:52.539,1.0418,1.04195,3.70,1.00
2008.07.07 08:05:52.681,1.0419,1.04195,1.00,1.00
2008.07.07 08:05:53.188,1.0419,1.04205,1.00,1.00
2008.07.07 08:05:53.398,1.04185,1.042,1.00,1.00
2008.07.07 08:05:54.512,1.0418,1.042,3.70,1.00
2008.07.07 08:05:54.751,1.0418,1.042,1.40,1.00
2008.07.07 08:05:54.988,1.04185,1.042,1.00,3.30
2008.07.07 08:05:55.216,1.04185,1.042,1.00,1.00
2008.07.07 08:05:55.810,1.0419,1.0421,1.00,4.20
2008.07.07 08:05:55.939,1.0419,1.04205,1.00,1.00
2008.07.07 08:05:58.425,1.0419,1.0421,1.00,4.20
2008.07.07 08:05:58.516,1.0419,1.0421,1.40,3.30
2008.07.07 08:05:58.821,1.0419,1.0421,1.40,1.30
2008.07.07 08:06:01.155,1.0419,1.0421,1.40,1.00
2008.07.07 08:06:01.541,1.0419,1.0421,1.40,3.30
2008.07.07 08:06:03.593,1.0419,1.0421,1.40,1.00
2008.07.07 08:06:04.503,1.0419,1.0421,1.00,1.30
2008.07.07 08:06:04.743,1.0419,1.0421,1.40,1.00
2008.07.07 08:06:04.951,1.0419,1.04215,1.40,1.00
2008.07.07 08:06:05.765,1.0419,1.04215,1.90,1.00
2008.07.07 08:06:06.427,1.0419,1.04215,1.40,1.00
2008.07.07 08:06:06.742,1.0419,1.0421,1.00,1.00
2008.07.07 08:06:06.852,1.0419,1.0421,1.00,1.30
2008.07.07 08:06:07.952,1.0419,1.0421,1.40,1.30
2008.07.07 08:06:08.730,1.0419,1.0421,1.00,1.30
2008.07.07 08:06:14.567,1.0418,1.042,1.40,1.00
2008.07.07 08:06:15.140,1.0418,1.042,1.00,1.30
2008.07.07 08:06:18.585,1.0418,1.04195,1.00,1.00
2008.07.07 08:06:18.796,1.0418,1.042,1.00,1.30
2008.07.07 08:06:19.250,1.0418,1.042,1.00,4.20
2008.07.07 08:06:19.419,1.0418,1.04195,1.00,1.00
2008.07.07 08:06:22.403,1.0418,1.042,1.00,1.30
2008.07.07 08:06:23.472,1.0418,1.0419,1.00,1.00
2008.07.07 08:06:23.676,1.04175,1.0419,1.00,1.00
2008.07.07 08:06:24.148,1.04175,1.042,1.00,4.20
2008.07.07 08:06:24.371,1.0417,1.04195,1.90,1.00
2008.07.07 08:06:24.601,1.0417,1.04195,1.40,1.00
2008.07.07 08:06:25.047,1.0417,1.04185,1.00,1.00
2008.07.07 08:06:25.958,1.0417,1.04185,5.60,1.00
2008.07.07 08:06:26.551,1.0416,1.0417,5.20,1.00
2008.07.07 08:06:26.796,1.0416,1.0417,8.80,1.00
2008.07.07 08:06:27.121,1.0417,1.0418,5.60,2.80
2008.07.07 08:06:27.425,1.0417,1.0418,7.60,1.00
2008.07.07 08:06:28.904,1.04165,1.0418,1.00,1.00
2008.07.07 08:06:29.218,1.04165,1.0418,1.00,3.30
2008.07.07 08:06:29.700,1.04165,1.0418,1.00,1.00
2008.07.07 08:06:30.083,1.04165,1.0417,1.00,1.00
2008.07.07 08:06:30.343,1.0416,1.0417,1.00,1.00
2008.07.07 08:06:30.555,1.0417,1.04185,1.00,1.10
2008.07.07 08:06:31.171,1.0417,1.0418,1.00,3.30
2008.07.07 08:06:31.387,1.04165,1.0418,1.00,3.30
2008.07.07 08:06:32.026,1.0416,1.0418,1.40,3.30
2008.07.07 08:06:32.264,1.04155,1.0417,2.70,1.00
2008.07.07 08:06:32.513,1.04155,1.0417,1.00,1.00
2008.07.07 08:06:32.906,1.04155,1.0417,1.00,3.30
2008.07.07 08:06:35.197,1.04155,1.0417,1.00,1.00
2008.07.07 08:06:35.399,1.0416,1.0417,4.80,1.00
2008.07.07 08:06:35.850,1.04165,1.0417,1.00,1.00
2008.07.07 08:06:35.961,1.0416,1.0417,4.80,1.00
2008.07.07 08:06:36.243,1.04155,1.0417,2.70,1.00
2008.07.07 08:06:36.481,1.0416,1.0417,4.80,1.00
2008.07.07 08:06:38.173,1.04165,1.0418,1.00,3.30
2008.07.07 08:06:38.740,1.0416,1.0418,2.70,3.30
2008.07.07 08:06:39.049,1.04165,1.0418,1.00,1.00
2008.07.07 08:06:39.669,1.04165,1.0418,1.00,3.30
2008.07.07 08:06:39.929,1.0416,1.0418,3.70,3.30
2008.07.07 08:06:40.201,1.0416,1.0418,1.40,1.00
2008.07.07 08:06:40.475,1.04165,1.0418,1.00,1.00
2008.07.07 08:06:41.211,1.0417,1.0418,1.00,1.00
2008.07.07 08:06:41.394,1.04165,1.0418,1.00,1.00
2008.07.07 08:06:41.809,1.0416,1.0418,3.70,1.00
2008.07.07 08:06:42.057,1.0416,1.0418,1.40,1.00
2008.07.07 08:06:42.251,1.04165,1.0418,1.00,1.00
2008.07.07 08:06:42.682,1.04165,1.0418,1.00,3.30
2008.07.07 08:06:42.891,1.04165,1.0418,1.00,1.00
2008.07.07 08:06:43.851,1.0417,1.0419,1.00,1.30
2008.07.07 08:06:44.029,1.0417,1.0419,3.70,1.30
2008.07.07 08:06:44.347,1.04175,1.0419,1.00,1.00
2008.07.07 08:06:45.090,1.0418,1.04195,1.00,1.00
2008.07.07 08:06:46.064,1.0418,1.042,1.00,1.30
2008.07.07 08:06:47.147,1.0418,1.04195,1.00,1.00
2008.07.07 08:06:47.316,1.0418,1.0419,1.00,2.80
2008.07.07 08:06:47.504,1.0418,1.04195,1.00,1.30
2008.07.07 08:06:47.602,1.0417,1.0419,3.70,3.30
2008.07.07 08:06:47.710,1.0417,1.0419,1.40,3.30
2008.07.07 08:06:48.682,1.0417,1.0418,1.00,1.00
2008.07.07 08:06:49.674,1.0417,1.0418,1.00,3.30
2008.07.07 08:06:49.887,1.0417,1.0418,1.00,1.00
2008.07.07 08:06:50.042,1.04165,1.0418,2.20,1.00
2008.07.07 08:06:50.189,1.0416,1.0418,1.40,1.00
2008.07.07 08:06:51.688,1.0417,1.0418,1.00,1.00
2008.07.07 08:06:51.976,1.0417,1.0419,1.40,3.30
2008.07.07 08:06:52.651,1.0417,1.0419,1.00,1.30
2008.07.07 08:06:52.851,1.04175,1.0419,1.00,3.30
2008.07.07 08:06:53.170,1.0418,1.04195,1.00,3.70
2008.07.07 08:06:53.419,1.0418,1.042,1.40,4.20
2008.07.07 08:06:53.620,1.0418,1.042,1.00,4.20
2008.07.07 08:06:53.845,1.04185,1.042,1.00,3.30
2008.07.07 08:06:54.431,1.0418,1.042,2.70,1.30
2008.07.07 08:06:54.903,1.0418,1.0419,1.00,1.00
2008.07.07 08:06:55.358,1.04175,1.0419,2.70,1.00
2008.07.07 08:06:55.665,1.04175,1.0419,1.00,1.00
2008.07.07 08:06:56.670,1.04185,1.0419,1.00,1.00
2008.07.07 08:06:56.928,1.04185,1.042,1.00,1.00
2008.07.07 08:06:57.127,1.04185,1.042,2.70,1.00
2008.07.07 08:06:57.332,1.0419,1.0421,1.00,1.30
2008.07.07 08:06:58.500,1.0419,1.0421,3.70,1.30
2008.07.07 08:06:59.415,1.04195,1.0421,1.00,1.00
2008.07.07 08:06:59.586,1.0419,1.0421,3.70,1.30
2008.07.07 08:06:59.757,1.0419,1.0421,1.40,1.30
2008.07.07 08:07:00.283,1.0419,1.0421,4.30,1.30
2008.07.07 08:07:00.810,1.042,1.0421,2.80,1.00
2008.07.07 08:07:00.988,1.042,1.0421,3.30,1.00
2008.07.07 08:07:03.840,1.042,1.0421,1.00,1.00
2008.07.07 08:07:04.414,1.0419,1.0421,1.40,1.30
2008.07.07 08:07:05.198,1.0419,1.0421,1.40,1.00
2008.07.07 08:07:05.336,1.0419,1.0421,1.40,1.30
2008.07.07 08:07:06.016,1.0419,1.0421,1.00,1.30
2008.07.07 08:07:11.979,1.0419,1.0421,3.70,1.30
2008.07.07 08:07:13.789,1.0419,1.0421,3.10,1.30
2008.07.07 08:07:13.870,1.0419,1.0421,3.70,1.00
2008.07.07 08:07:14.789,1.0419,1.0421,3.10,1.30
2008.07.07 08:07:15.115,1.0419,1.0421,3.70,1.30
2008.07.07 08:07:15.372,1.042,1.0421,1.00,1.00
2008.07.07 08:07:15.861,1.0419,1.0421,3.70,1.00
2008.07.07 08:07:16.750,1.0419,1.0421,3.70,1.30
2008.07.07 08:07:17.992,1.0419,1.0421,1.00,1.30
2008.07.07 08:07:18.309,1.0419,1.0421,1.40,1.00
2008.07.07 08:07:18.463,1.0419,1.0421,3.70,1.00
2008.07.07 08:07:18.585,1.04195,1.0421,1.00,1.00
2008.07.07 08:07:18.847,1.04195,1.04215,1.00,1.00
2008.07.07 08:07:19.277,1.04195,1.0421,1.00,1.00
2008.07.07 08:07:19.689,1.0419,1.0421,1.00,1.30
2008.07.07 08:07:19.848,1.04185,1.042,1.00,1.00
2008.07.07 08:07:20.361,1.0418,1.042,3.70,1.30
2008.07.07 08:07:20.479,1.0418,1.042,1.40,1.30
2008.07.07 08:07:20.829,1.0418,1.042,1.40,3.30
2008.07.07 08:07:21.168,1.0418,1.042,1.40,1.30
2008.07.07 08:07:25.001,1.0418,1.0419,1.00,1.00
2008.07.07 08:07:25.106,1.0417,1.0419,3.70,1.00
2008.07.07 08:07:25.683,1.0417,1.0419,1.40,1.00
2008.07.07 08:07:26.126,1.0417,1.0419,4.80,1.00
2008.07.07 08:07:26.364,1.0417,1.0419,6.60,1.00
2008.07.07 08:07:26.585,1.0418,1.0419,3.30,1.00
2008.07.07 08:07:26.832,1.0418,1.04195,3.70,1.00
2008.07.07 08:07:27.001,1.0418,1.042,1.40,1.30
2008.07.07 08:07:33.938,1.04185,1.042,1.00,1.00
2008.07.07 08:07:39.987,1.0418,1.042,3.70,1.30
2008.07.07 08:07:40.084,1.0418,1.042,1.40,1.30
2008.07.07 08:07:42.080,1.0418,1.042,1.00,1.30
2008.07.07 08:07:42.241,1.0418,1.042,3.70,1.30
2008.07.07 08:07:42.521,1.0418,1.042,1.40,1.30
2008.07.07 08:07:45.171,1.0418,1.042,1.00,1.30
2008.07.07 08:07:45.273,1.0418,1.042,3.70,1.30
2008.07.07 08:07:45.448,1.0418,1.042,1.40,1.30
2008.07.07 08:07:48.210,1.0418,1.042,1.40,1.00
2008.07.07 08:07:51.801,1.0418,1.042,1.40,1.30
2008.07.07 08:08:02.058,1.04185,1.042,1.00,1.00
2008.07.07 08:08:03.130,1.04185,1.0421,1.00,1.30
2008.07.07 08:08:03.310,1.0419,1.0421,1.00,1.30
2008.07.07 08:08:04.267,1.0419,1.0421,1.00,1.80
2008.07.07 08:08:04.400,1.0419,1.042,1.00,1.00
2008.07.07 08:08:05.060,1.04185,1.042,1.00,1.00
2008.07.07 08:08:06.256,1.0418,1.042,3.70,1.00
2008.07.07 08:08:06.394,1.0418,1.042,1.40,1.00
2008.07.07 08:08:06.954,1.0418,1.042,1.00,1.30
2008.07.07 08:08:07.156,1.04175,1.0419,1.00,1.00
2008.07.07 08:08:08.954,1.0418,1.042,1.00,1.30
2008.07.07 08:08:09.144,1.0418,1.042,1.40,1.00
2008.07.07 08:08:09.741,1.04185,1.042,1.00,1.00
2008.07.07 08:08:10.939,1.0418,1.042,3.70,1.30
2008.07.07 08:08:11.170,1.0418,1.042,1.40,1.30
2008.07.07 08:08:11.318,1.0418,1.0419,3.30,1.00
2008.07.07 08:08:22.016,1.0418,1.042,1.40,1.00
2008.07.07 08:08:22.318,1.04185,1.042,1.00,1.00
2008.07.07 08:08:22.513,1.0418,1.042,1.40,1.00
2008.07.07 08:08:22.929,1.04185,1.042,1.00,1.00
2008.07.07 08:08:23.775,1.0418,1.042,3.70,1.00
2008.07.07 08:08:23.897,1.0418,1.042,1.40,1.00
2008.07.07 08:08:24.008,1.04185,1.042,1.00,1.00
2008.07.07 08:08:24.300,1.0418,1.042,1.40,1.00
2008.07.07 08:08:24.723,1.0419,1.0421,1.40,3.30
2008.07.07 08:08:25.140,1.0419,1.04205,1.00,1.00
2008.07.07 08:08:25.448,1.04185,1.042,1.00,1.00
2008.07.07 08:08:26.040,1.0418,1.042,1.40,1.00
2008.07.07 08:08:26.171,1.0418,1.0419,3.30,1.00
2008.07.07 08:08:27.124,1.0418,1.042,1.40,1.00
2008.07.07 08:08:27.205,1.04185,1.042,1.00,1.00
2008.07.07 08:08:29.568,1.0418,1.042,1.40,1.00
2008.07.07 08:08:29.696,1.0418,1.0419,3.30,1.00
2008.07.07 08:08:34.087,1.0418,1.0419,1.00,1.00
2008.07.07 08:08:34.357,1.04175,1.0419,2.20,1.00
2008.07.07 08:08:34.458,1.0417,1.0419,1.40,1.00
2008.07.07 08:08:44.615,1.04165,1.0418,1.00,1.00
2008.07.07 08:08:44.817,1.0417,1.0418,2.80,1.00
2008.07.07 08:08:45.140,1.0417,1.0418,3.30,1.00
2008.07.07 08:08:45.678,1.0417,1.0419,1.40,1.30
2008.07.07 08:08:47.955,1.0417,1.0419,1.40,1.00
2008.07.07 08:08:49.447,1.0417,1.0419,1.40,3.30
2008.07.07 08:08:50.543,1.0417,1.0419,1.40,4.30
2008.07.07 08:08:50.725,1.0417,1.04185,1.00,1.00
2008.07.07 08:08:50.836,1.04165,1.0418,1.00,1.00
2008.07.07 08:08:52.597,1.0417,1.0419,1.00,1.30
2008.07.07 08:08:52.807,1.0417,1.0419,1.40,3.30
2008.07.07 08:08:53.813,1.0417,1.0419,1.40,1.00
2008.07.07 08:09:03.293,1.04175,1.0419,1.00,1.00
2008.07.07 08:09:05.397,1.0417,1.0419,1.40,1.00
2008.07.07 08:09:06.059,1.0418,1.04195,1.00,1.00
2008.07.07 08:09:06.324,1.0418,1.042,1.00,1.30
2008.07.07 08:09:06.493,1.0418,1.042,1.40,1.30
2008.07.07 08:09:08.389,1.0418,1.042,1.40,1.00
2008.07.07 08:09:08.763,1.0418,1.042,1.40,3.30
2008.07.07 08:09:08.958,1.0418,1.042,1.40,1.30
2008.07.07 08:09:11.002,1.0419,1.042,1.00,1.00
2008.07.07 08:09:13.740,1.0419,1.04205,1.00,1.00
2008.07.07 08:09:14.198,1.0419,1.042,1.00,1.00
2008.07.07 08:09:16.405,1.0419,1.04205,1.00,3.70
2008.07.07 08:09:16.635,1.0419,1.04205,1.00,1.00
2008.07.07 08:09:18.279,1.0419,1.042,1.00,1.00
2008.07.07 08:09:19.354,1.0419,1.0421,1.00,4.20
2008.07.07 08:09:19.550,1.0419,1.0421,1.40,3.30
2008.07.07 08:09:19.692,1.0419,1.0421,1.40,1.00
2008.07.07 08:09:19.982,1.04195,1.0421,1.00,1.00
2008.07.07 08:09:20.315,1.042,1.0421,1.00,1.00
2008.07.07 08:09:22.408,1.04195,1.0421,1.00,1.00
2008.07.07 08:09:23.676,1.04195,1.0422,1.00,1.30
2008.07.07 08:09:24.993,1.0419,1.04215,3.70,1.00
2008.07.07 08:09:25.100,1.0419,1.04215,1.40,1.00
2008.07.07 08:09:25.321,1.0419,1.0421,1.40,1.00
2008.07.07 08:09:26.274,1.0419,1.0421,1.40,1.30
2008.07.07 08:09:26.718,1.0419,1.0421,1.40,1.00
2008.07.07 08:09:26.886,1.0419,1.0421,3.70,1.00
2008.07.07 08:09:27.053,1.04195,1.04215,1.00,1.00
2008.07.07 08:09:28.382,1.04195,1.0422,1.00,1.30
2008.07.07 08:09:28.957,1.04195,1.04215,1.00,1.00
2008.07.07 08:09:31.449,1.04195,1.0422,1.00,1.30
2008.07.07 08:09:31.815,1.04195,1.0422,1.00,4.20
2008.07.07 08:09:31.875,1.0419,1.04215,1.40,1.00
2008.07.07 08:09:35.797,1.0419,1.0421,1.00,1.00
2008.07.07 08:09:36.167,1.0419,1.0421,1.00,1.30
2008.07.07 08:09:43.015,1.042,1.0421,1.00,1.00
2008.07.07 08:09:43.503,1.042,1.04215,1.00,2.80
2008.07.07 08:09:43.550,1.042,1.0422,1.00,1.30
2008.07.07 08:09:43.985,1.04195,1.0422,1.00,1.30
2008.07.07 08:09:46.981,1.04195,1.0421,1.00,1.00
2008.07.07 08:09:47.304,1.0419,1.0421,2.70,1.00
2008.07.07 08:09:47.408,1.0419,1.0421,1.00,1.00
2008.07.07 08:09:54.123,1.0419,1.04215,1.00,1.00
2008.07.07 08:09:55.528,1.0419,1.0421,1.00,1.00
2008.07.07 08:09:58.380,1.0419,1.0421,1.00,1.30
2008.07.07 08:10:00.800,1.04185,1.0421,3.20,1.30
2008.07.07 08:10:00.868,1.04185,1.0421,1.00,1.30
2008.07.07 08:10:02.069,1.04185,1.04205,1.00,1.00
2008.07.07 08:10:02.456,1.0418,1.04205,1.90,1.00
2008.07.07 08:10:03.082,1.0418,1.042,1.90,1.00
2008.07.07 08:10:03.352,1.0418,1.042,1.90,1.30
2008.07.07 08:10:04.413,1.0418,1.042,1.90,1.00
2008.07.07 08:10:04.936,1.0418,1.042,1.40,1.00
2008.07.07 08:10:05.156,1.04175,1.04195,2.20,1.00
2008.07.07 08:10:05.387,1.04175,1.04195,2.70,1.00
2008.07.07 08:10:05.551,1.04175,1.04195,1.00,1.00
2008.07.07 08:10:05.712,1.0418,1.04195,3.70,1.00
2008.07.07 08:10:05.858,1.0418,1.04195,1.30,1.00
2008.07.07 08:10:06.147,1.0418,1.042,1.40,1.00
2008.07.07 08:10:08.330,1.0418,1.042,1.40,1.30
2008.07.07 08:10:09.038,1.0418,1.042,1.40,1.00
2008.07.07 08:10:09.836,1.0418,1.042,1.40,1.30
2008.07.07 08:10:11.279,1.0418,1.042,1.40,1.00
2008.07.07 08:10:11.540,1.0418,1.042,1.40,1.30
2008.07.07 08:10:11.743,1.0418,1.042,1.00,1.30
2008.07.07 08:10:11.889,1.04175,1.042,1.00,1.30
2008.07.07 08:10:12.117,1.0417,1.0419,3.10,1.00
2008.07.07 08:10:12.373,1.0417,1.04195,1.40,1.00
2008.07.07 08:10:12.753,1.0417,1.04195,1.90,1.00
2008.07.07 08:10:14.247,1.0417,1.04195,1.40,1.00
2008.07.07 08:10:14.806,1.0417,1.04195,1.90,1.00
2008.07.07 08:10:17.169,1.04175,1.042,1.00,3.70
2008.07.07 08:10:17.442,1.0417,1.04195,1.90,1.00
2008.07.07 08:10:17.653,1.0417,1.04195,4.20,1.00
2008.07.07 08:10:17.814,1.04175,1.042,1.00,1.00
2008.07.07 08:10:18.105,1.0418,1.042,2.80,1.00
2008.07.07 08:10:18.262,1.0418,1.042,3.70,1.00
2008.07.07 08:10:18.952,1.0418,1.04205,1.40,3.70
2008.07.07 08:10:19.138,1.0418,1.04205,1.40,1.00
2008.07.07 08:10:20.449,1.0418,1.042,3.70,1.00
2008.07.07 08:10:20.641,1.0418,1.042,1.00,1.00
2008.07.07 08:10:20.686,1.04175,1.042,1.00,1.00
2008.07.07 08:10:20.749,1.0418,1.04205,1.00,3.70
2008.07.07 08:10:20.928,1.0418,1.04205,3.30,3.70
2008.07.07 08:10:21.067,1.0418,1.04205,1.40,3.70
2008.07.07 08:10:21.117,1.0418,1.04205,1.40,1.00
2008.07.07 08:10:27.754,1.0418,1.042,1.40,4.80
2008.07.07 08:10:28.468,1.0418,1.04205,1.40,1.00
2008.07.07 08:10:29.454,1.04185,1.0421,1.00,4.20
2008.07.07 08:10:29.693,1.04185,1.0421,1.00,1.30
2008.07.07 08:10:31.058,1.0419,1.0421,2.80,1.30
2008.07.07 08:10:31.951,1.0419,1.0421,3.70,1.30
2008.07.07 08:10:32.544,1.0419,1.0421,1.40,1.30
2008.07.07 08:10:38.492,1.0419,1.04205,1.00,1.00
2008.07.07 08:10:38.740,1.0418,1.042,4.30,1.00
2008.07.07 08:10:38.838,1.04185,1.042,2.20,1.00
2008.07.07 08:10:38.944,1.0419,1.042,3.30,1.00
2008.07.07 08:10:39.109,1.0419,1.0421,1.40,1.30
2008.07.07 08:10:41.320,1.0419,1.0421,1.00,1.30
2008.07.07 08:10:41.452,1.0419,1.0421,1.00,4.20
2008.07.07 08:10:41.578,1.04185,1.0419,1.00,1.00
2008.07.07 08:10:42.127,1.04185,1.042,1.00,1.00
2008.07.07 08:10:43.286,1.0418,1.04205,3.70,1.00
2008.07.07 08:10:43.714,1.0418,1.04205,1.40,1.00
2008.07.07 08:10:44.082,1.0418,1.04205,1.00,1.00
2008.07.07 08:10:44.670,1.0418,1.042,1.00,2.80
2008.07.07 08:10:44.790,1.04175,1.04195,1.00,1.00
2008.07.07 08:10:45.173,1.0417,1.04195,3.70,1.00
2008.07.07 08:10:45.513,1.0417,1.04195,1.40,1.00
2008.07.07 08:10:45.758,1.0418,1.042,1.00,1.30
2008.07.07 08:10:45.977,1.04175,1.042,2.70,1.30
2008.07.07 08:10:46.194,1.04175,1.042,1.00,1.30
2008.07.07 08:10:47.370,1.0418,1.042,2.80,1.30
2008.07.07 08:10:47.563,1.04175,1.042,1.00,1.30
2008.07.07 08:10:47.747,1.0418,1.042,1.00,1.00
2008.07.07 08:10:47.978,1.04175,1.042,2.70,1.30
2008.07.07 08:10:48.188,1.0418,1.042,2.80,1.30
2008.07.07 08:10:48.745,1.0418,1.042,3.70,1.30
2008.07.07 08:10:48.959,1.0418,1.042,1.40,1.00
2008.07.07 08:10:49.161,1.0418,1.042,1.00,1.00
2008.07.07 08:10:49.354,1.04175,1.042,2.70,1.30
2008.07.07 08:10:49.553,1.04175,1.042,1.00,1.30
2008.07.07 08:10:49.737,1.0418,1.042,1.00,1.30
2008.07.07 08:10:50.675,1.04175,1.04195,2.20,1.00
2008.07.07 08:10:50.949,1.0417,1.04195,1.90,1.00
2008.07.07 08:10:51.118,1.0417,1.04195,1.40,1.00
2008.07.07 08:10:51.361,1.0417,1.04195,1.90,1.00
2008.07.07 08:10:51.791,1.0417,1.0419,1.90,1.00
2008.07.07 08:10:52.160,1.0417,1.0419,1.40,1.00
2008.07.07 08:10:52.495,1.04175,1.0419,1.00,1.00
2008.07.07 08:10:52.959,1.04175,1.042,1.00,1.30
2008.07.07 08:10:53.346,1.0417,1.0418,2.70,1.00
2008.07.07 08:10:53.477,1.0417,1.0418,3.30,1.00
2008.07.07 08:10:53.894,1.0417,1.0418,1.00,1.00
2008.07.07 08:10:56.383,1.0417,1.0419,1.40,1.00
2008.07.07 08:10:56.954,1.0417,1.0418,3.30,1.00
2008.07.07 08:10:58.692,1.0417,1.0419,1.40,1.00
2008.07.07 08:10:58.888,1.04175,1.0419,1.00,1.00
2008.07.07 08:10:59.244,1.04175,1.042,1.00,1.30
2008.07.07 08:10:59.609,1.0418,1.042,1.00,3.30
2008.07.07 08:10:59.974,1.0418,1.0419,1.00,1.00
2008.07.07 08:11:00.186,1.0418,1.042,1.00,3.30
2008.07.07 08:11:00.884,1.0418,1.042,1.00,1.00
2008.07.07 08:11:02.995,1.0418,1.042,1.00,3.30
2008.07.07 08:11:03.606,1.0418,1.042,1.00,1.00
2008.07.07 08:11:03.826,1.0418,1.042,3.30,1.00
2008.07.07 08:11:04.318,1.04185,1.042,1.00,1.00
2008.07.07 08:11:06.594,1.0418,1.042,1.40,1.00
2008.07.07 08:11:08.344,1.0418,1.042,1.00,1.00
2008.07.07 08:11:08.581,1.04175,1.042,3.20,1.30
2008.07.07 08:11:08.693,1.04175,1.042,1.00,1.30
2008.07.07 08:11:09.279,1.04175,1.04195,1.00,1.00
2008.07.07 08:11:09.425,1.0417,1.04195,1.40,1.00
2008.07.07 08:11:10.108,1.04175,1.0419,1.00,1.00
2008.07.07 08:11:10.288,1.0418,1.04195,3.70,1.00
2008.07.07 08:11:10.672,1.0418,1.04195,1.30,1.00
2008.07.07 08:11:10.916,1.04185,1.0421,1.00,1.00
2008.07.07 08:11:12.008,1.04185,1.0421,1.00,1.00
2008.07.07 08:11:12.174,1.04185,1.0421,1.00,3.70
2008.07.07 08:11:12.470,1.04185,1.0421,1.00,1.30
2008.07.07 08:11:12.686,1.0418,1.04205,1.00,1.00
2008.07.07 08:11:12.882,1.0418,1.042,1.00,1.00
2008.07.07 08:11:15.067,1.0418,1.042,1.00,3.30
2008.07.07 08:11:15.141,1.04175,1.04195,1.00,1.00
2008.07.07 08:11:15.910,1.0417,1.04195,1.90,1.00
2008.07.07 08:11:16.039,1.0417,1.0419,1.90,1.00
2008.07.07 08:11:16.680,1.04175,1.0419,1.00,1.00
2008.07.07 08:11:17.078,1.0417,1.0419,1.90,1.00
2008.07.07 08:11:18.623,1.0417,1.0419,1.40,1.00
2008.07.07 08:11:19.691,1.0417,1.04195,1.90,1.00
2008.07.07 08:11:19.951,1.0418,1.042,3.30,1.30
2008.07.07 08:11:20.336,1.0418,1.042,1.40,1.30
2008.07.07 08:11:20.808,1.0418,1.04195,1.00,1.00
2008.07.07 08:11:20.990,1.04175,1.04195,2.20,1.00
2008.07.07 08:11:21.142,1.0417,1.04195,1.90,1.00
2008.07.07 08:11:21.292,1.0417,1.0419,1.90,1.00
2008.07.07 08:11:22.615,1.0418,1.04195,3.70,1.00
2008.07.07 08:11:22.867,1.0418,1.04195,1.00,1.00
2008.07.07 08:11:23.013,1.0417,1.04195,1.90,1.00
2008.07.07 08:11:23.380,1.04175,1.042,1.00,4.20
2008.07.07 08:11:23.496,1.04175,1.042,1.00,1.30
2008.07.07 08:11:23.615,1.0418,1.042,1.00,1.30
2008.07.07 08:11:27.013,1.0418,1.042,3.30,1.30
2008.07.07 08:11:27.145,1.04185,1.042,1.00,1.00
2008.07.07 08:11:27.537,1.0419,1.042,2.80,1.00
2008.07.07 08:11:27.700,1.04185,1.042,2.70,1.00
2008.07.07 08:11:27.860,1.0419,1.0421,1.00,1.00
2008.07.07 08:11:28.484,1.04185,1.0421,1.00,1.30
2008.07.07 08:11:31.071,1.04185,1.04205,1.00,1.00
2008.07.07 08:11:33.033,1.0418,1.04205,4.20,1.00
2008.07.07 08:11:33.221,1.0418,1.04205,1.90,1.00
2008.07.07 08:11:33.374,1.0418,1.042,1.90,1.00
2008.07.07 08:11:33.787,1.0418,1.04205,1.90,1.00
2008.07.07 08:11:35.059,1.0418,1.04205,1.40,1.00
2008.07.07 08:11:35.183,1.0418,1.042,1.40,1.00
2008.07.07 08:11:35.726,1.0418,1.042,1.40,1.30
2008.07.07 08:11:37.085,1.04185,1.042,1.00,1.00
2008.07.07 08:11:37.770,1.0419,1.042,2.80,1.00
2008.07.07 08:11:37.964,1.04195,1.042,1.00,1.00
2008.07.07 08:11:38.104,1.04195,1.0421,1.00,1.00
2008.07.07 08:11:39.757,1.0419,1.0421,3.70,1.00
2008.07.07 08:11:39.911,1.0419,1.0421,1.40,1.00
2008.07.07 08:11:40.415,1.0419,1.0421,3.70,1.00
2008.07.07 08:11:40.712,1.0419,1.0421,2.70,1.00
2008.07.07 08:11:42.202,1.042,1.04215,1.00,1.00
2008.07.07 08:11:42.375,1.042,1.0422,1.40,3.30
2008.07.07 08:11:42.667,1.042,1.0422,1.90,3.30
2008.07.07 08:11:42.841,1.042,1.0422,1.00,3.30
2008.07.07 08:11:43.096,1.042,1.0422,1.00,3.30
2008.07.07 08:11:43.544,1.042,1.0422,3.30,1.00
2008.07.07 08:11:43.862,1.042,1.0422,1.00,1.00
2008.07.07 08:11:44.615,1.042,1.0422,1.00,3.30
2008.07.07 08:11:44.782,1.042,1.0422,3.30,1.00
2008.07.07 08:11:44.866,1.042,1.0422,1.40,1.00
2008.07.07 08:11:44.982,1.042,1.0422,1.40,3.30
2008.07.07 08:11:45.067,1.042,1.0422,1.40,1.00
2008.07.07 08:11:45.207,1.042,1.0422,3.30,1.00
2008.07.07 08:11:45.886,1.042,1.0422,1.00,1.00
2008.07.07 08:11:46.041,1.04195,1.0422,2.70,1.30
2008.07.07 08:11:46.201,1.04195,1.0422,1.00,1.30
2008.07.07 08:11:46.362,1.042,1.0422,3.30,1.00
2008.07.07 08:11:46.760,1.042,1.0422,1.40,1.00
2008.07.07 08:11:47.952,1.042,1.0422,1.40,3.30
2008.07.07 08:11:48.318,1.042,1.0422,1.00,1.30
2008.07.07 08:11:48.689,1.04195,1.0421,1.00,1.00
2008.07.07 08:11:49.163,1.042,1.0421,1.00,1.00
2008.07.07 08:11:50.277,1.042,1.0422,1.40,1.00
2008.07.07 08:11:50.691,1.04205,1.0422,1.00,1.00
2008.07.07 08:11:50.941,1.0421,1.0422,1.00,1.00
2008.07.07 08:11:52.768,1.0421,1.0422,3.30,1.00
2008.07.07 08:11:52.870,1.0421,1.0423,1.40,1.00
2008.07.07 08:11:53.457,1.0421,1.0423,3.70,1.00
2008.07.07 08:11:53.540,1.04215,1.0423,1.00,1.00
2008.07.07 08:11:54.038,1.04215,1.0422,1.00,1.00
2008.07.07 08:11:54.179,1.0421,1.0422,2.70,1.00
2008.07.07 08:11:54.409,1.0421,1.0422,2.80,1.00
2008.07.07 08:11:54.612,1.04205,1.0422,1.00,1.00
2008.07.07 08:11:54.833,1.0421,1.0423,1.00,1.00
2008.07.07 08:11:55.076,1.04205,1.0423,2.70,1.30
2008.07.07 08:11:55.249,1.0421,1.0423,1.00,3.30
2008.07.07 08:11:55.445,1.0421,1.0422,1.00,1.00
2008.07.07 08:11:55.797,1.04205,1.0422,2.70,1.00
2008.07.07 08:11:55.969,1.04205,1.0422,1.00,1.00
2008.07.07 08:11:56.421,1.0421,1.0422,1.00,1.00
2008.07.07 08:11:57.561,1.0422,1.0423,1.00,1.00
2008.07.07 08:11:58.557,1.04205,1.0423,1.00,1.30
2008.07.07 08:11:58.828,1.04205,1.0423,2.70,1.30
2008.07.07 08:11:59.077,1.0421,1.0423,1.40,1.00
2008.07.07 08:11:59.566,1.0421,1.0423,1.00,1.00
2008.07.07 08:12:00.476,1.04205,1.0423,1.00,1.30
2008.07.07 08:12:02.054,1.0421,1.0423,1.00,1.30
2008.07.07 08:12:02.269,1.0421,1.0423,1.00,1.00
2008.07.07 08:12:04.126,1.04215,1.04235,1.00,2.80
2008.07.07 08:12:04.478,1.0421,1.04235,2.70,1.00
2008.07.07 08:12:04.752,1.0421,1.04235,1.00,1.00
2008.07.07 08:12:04.988,1.04205,1.0423,2.70,1.00
2008.07.07 08:12:05.323,1.04205,1.0423,1.00,1.30
2008.07.07 08:12:05.442,1.0421,1.0423,1.00,1.00
2008.07.07 08:12:06.043,1.04205,1.0423,2.70,1.30
2008.07.07 08:12:06.254,1.04205,1.0423,1.00,1.30
2008.07.07 08:12:06.466,1.04205,1.0423,1.00,1.00
2008.07.07 08:12:06.714,1.0421,1.0423,1.00,1.00
2008.07.07 08:12:08.774,1.0421,1.04235,1.00,3.70
2008.07.07 08:12:08.922,1.0421,1.04235,1.00,1.00
2008.07.07 08:12:14.232,1.0421,1.0423,1.00,1.00
2008.07.07 08:12:15.406,1.04215,1.0423,1.00,1.00
2008.07.07 08:12:15.962,1.04215,1.0423,2.70,1.00
2008.07.07 08:12:16.148,1.04215,1.0423,1.00,1.00
2008.07.07 08:12:17.028,1.0421,1.0423,3.70,1.00
2008.07.07 08:12:17.270,1.0421,1.0423,2.70,1.00
2008.07.07 08:12:17.479,1.0421,1.0423,1.00,1.00
2008.07.07 08:12:18.263,1.04205,1.0423,2.70,1.30
2008.07.07 08:12:18.563,1.04205,1.0423,1.00,1.30
2008.07.07 08:12:18.723,1.0421,1.0423,2.80,1.30
2008.07.07 08:12:18.899,1.04205,1.0423,1.00,1.30
2008.07.07 08:12:19.052,1.0421,1.0423,3.30,1.00
2008.07.07 08:12:19.292,1.0421,1.0423,1.40,1.00
2008.07.07 08:12:21.154,1.0421,1.0423,3.70,1.30
2008.07.07 08:12:21.900,1.0421,1.0423,1.00,1.30
2008.07.07 08:12:22.806,1.04205,1.0422,1.00,1.00
2008.07.07 08:12:23.099,1.04205,1.0422,1.00,1.00
2008.07.07 08:12:23.480,1.0422,1.0423,1.00,1.00
2008.07.07 08:12:24.031,1.0421,1.0423,1.00,1.30
2008.07.07 08:12:24.583,1.0421,1.04225,1.00,1.00
2008.07.07 08:12:24.745,1.042,1.04225,1.40,1.00
2008.07.07 08:12:25.028,1.04205,1.0423,1.00,4.20
2008.07.07 08:12:25.152,1.04205,1.0423,1.00,1.00
2008.07.07 08:12:28.942,1.042,1.04225,3.70,1.00
2008.07.07 08:12:29.137,1.042,1.04225,1.40,1.00
2008.07.07 08:12:29.267,1.042,1.0422,1.00,1.00
2008.07.07 08:12:29.858,1.042,1.0422,1.00,1.30
2008.07.07 08:12:30.772,1.042,1.04215,1.00,1.00
2008.07.07 08:12:31.900,1.042,1.0422,1.00,1.30
2008.07.07 08:12:32.417,1.042,1.0422,1.00,4.20
2008.07.07 08:12:32.945,1.042,1.0422,1.40,1.00
2008.07.07 08:12:36.643,1.04195,1.0422,2.70,1.30
2008.07.07 08:12:36.805,1.04195,1.0422,1.00,1.30
2008.07.07 08:12:37.320,1.04195,1.04215,1.00,1.00
2008.07.07 08:12:37.809,1.0419,1.04215,1.90,1.00
2008.07.07 08:12:42.486,1.04195,1.0422,1.00,3.70
2008.07.07 08:12:42.618,1.04195,1.0422,1.00,1.00
2008.07.07 08:12:44.143,1.042,1.04225,1.00,3.70
2008.07.07 08:12:44.290,1.042,1.04225,1.00,1.00
2008.07.07 08:12:44.472,1.042,1.04225,1.40,1.00
2008.07.07 08:12:52.990,1.04195,1.0422,2.70,1.00
2008.07.07 08:12:53.218,1.04195,1.0422,1.00,1.00
2008.07.07 08:12:53.481,1.042,1.0422,1.00,1.00
2008.07.07 08:12:53.616,1.042,1.04215,1.00,1.00
2008.07.07 08:12:57.287,1.042,1.04215,3.70,1.00
2008.07.07 08:12:57.795,1.0421,1.04215,1.00,1.00
2008.07.07 08:12:57.946,1.0421,1.0422,1.00,2.80
2008.07.07 08:12:58.113,1.0421,1.04225,1.00,1.00
2008.07.07 08:12:58.534,1.042,1.0422,1.00,1.00
2008.07.07 08:12:59.709,1.042,1.04215,1.00,1.00
2008.07.07 08:13:09.313,1.042,1.0421,1.00,1.00
2008.07.07 08:13:10.230,1.042,1.04215,1.00,3.70
2008.07.07 08:13:10.327,1.042,1.04215,1.00,1.00
2008.07.07 08:13:10.950,1.042,1.0421,1.00,1.00
2008.07.07 08:13:12.431,1.042,1.04215,1.00,1.00
2008.07.07 08:13:12.549,1.042,1.0421,1.00,1.00
2008.07.07 08:13:13.893,1.042,1.04215,1.00,3.70
2008.07.07 08:13:14.187,1.042,1.04215,1.00,1.00
2008.07.07 08:13:15.357,1.042,1.04215,1.00,3.70
2008.07.07 08:13:16.107,1.042,1.04215,1.00,1.00
2008.07.07 08:13:19.050,1.0419,1.04215,1.40,1.00
2008.07.07 08:13:20.679,1.042,1.04215,1.00,1.00
2008.07.07 08:13:21.178,1.0419,1.04215,1.40,1.00
2008.07.07 08:13:21.360,1.0419,1.0421,1.00,1.00
2008.07.07 08:13:21.689,1.0419,1.0421,1.00,3.70
2008.07.07 08:13:22.353,1.0419,1.0421,1.00,1.00
2008.07.07 08:13:22.947,1.0419,1.0421,3.70,1.00
2008.07.07 08:13:23.224,1.0419,1.04215,1.40,3.70
2008.07.07 08:13:23.447,1.0419,1.0421,1.40,1.00
2008.07.07 08:13:23.784,1.042,1.04215,1.00,1.00
2008.07.07 08:13:24.835,1.042,1.0422,1.00,1.30
2008.07.07 08:13:25.814,1.042,1.04215,1.00,1.00
2008.07.07 08:13:26.344,1.042,1.0421,1.00,3.70
2008.07.07 08:13:27.032,1.0419,1.0421,1.40,4.20
2008.07.07 08:13:27.170,1.0419,1.042,1.00,3.70
2008.07.07 08:13:27.317,1.04185,1.042,2.20,3.30
2008.07.07 08:13:27.456,1.0418,1.042,1.40,3.30
2008.07.07 08:13:29.896,1.0418,1.042,1.40,1.00
2008.07.07 08:13:30.299,1.0418,1.042,1.40,3.30
2008.07.07 08:13:30.536,1.0419,1.042,1.00,2.80
2008.07.07 08:13:30.685,1.0419,1.04205,1.00,1.00
2008.07.07 08:13:33.895,1.0419,1.0421,1.00,1.30
2008.07.07 08:13:34.067,1.0419,1.0421,1.40,3.30
2008.07.07 08:13:34.887,1.0419,1.0421,1.40,1.30
2008.07.07 08:13:35.424,1.0419,1.04205,1.00,1.00
2008.07.07 08:13:45.390,1.0419,1.042,1.00,1.00
2008.07.07 08:13:48.457,1.0419,1.04205,1.00,1.00
2008.07.07 08:13:49.709,1.0419,1.0421,1.00,1.30
2008.07.07 08:13:49.872,1.0419,1.0421,3.70,1.30
2008.07.07 08:13:49.993,1.042,1.0421,1.00,1.00
2008.07.07 08:13:50.134,1.042,1.04215,1.00,3.70
2008.07.07 08:13:50.419,1.042,1.0421,1.00,1.00
2008.07.07 08:13:51.346,1.042,1.0421,1.00,3.70
2008.07.07 08:13:51.454,1.0419,1.0421,1.00,4.20
2008.07.07 08:13:51.592,1.0419,1.042,1.00,1.00
2008.07.07 08:13:51.705,1.0419,1.0421,1.00,4.20
2008.07.07 08:13:52.601,1.0419,1.042,1.00,1.00
2008.07.07 08:13:54.210,1.0419,1.0421,1.00,4.20
2008.07.07 08:13:54.879,1.04185,1.0421,1.00,4.20
2008.07.07 08:13:55.229,1.04185,1.04205,1.00,1.00
2008.07.07 08:13:55.363,1.0418,1.04205,1.40,1.00
2008.07.07 08:13:56.706,1.0418,1.042,1.00,1.00
2008.07.07 08:13:57.310,1.0418,1.042,1.00,1.30
2008.07.07 08:13:58.143,1.0418,1.042,1.40,1.30
2008.07.07 08:13:58.866,1.0419,1.042,1.00,1.00
2008.07.07 08:14:02.663,1.0419,1.04205,1.00,1.00
2008.07.07 08:14:03.559,1.0419,1.042,1.00,1.00
2008.07.07 08:14:03.974,1.0419,1.04205,1.00,3.70
2008.07.07 08:14:04.174,1.0419,1.04205,1.00,1.00
2008.07.07 08:14:04.448,1.0419,1.0421,1.00,4.20
2008.07.07 08:14:04.595,1.0419,1.0421,1.00,1.30
2008.07.07 08:14:05.377,1.0419,1.0421,1.40,1.30
2008.07.07 08:14:06.353,1.0419,1.042,1.00,1.00
2008.07.07 08:14:07.457,1.04185,1.042,2.70,1.00
2008.07.07 08:14:07.636,1.04185,1.042,1.00,1.00
2008.07.07 08:14:07.824,1.0419,1.042,3.30,1.00
2008.07.07 08:14:08.002,1.0419,1.0421,1.40,1.30
2008.07.07 08:14:09.916,1.0419,1.0421,1.00,1.30
2008.07.07 08:14:09.999,1.04185,1.0421,2.70,1.30
2008.07.07 08:14:10.145,1.04185,1.0421,1.00,1.30
2008.07.07 08:14:10.482,1.0419,1.0421,2.80,1.30
2008.07.07 08:14:10.608,1.0419,1.0421,3.70,1.30
2008.07.07 08:14:11.076,1.0419,1.0421,1.40,1.30
2008.07.07 08:14:11.471,1.0419,1.0421,1.40,1.00
2008.07.07 08:14:11.852,1.04195,1.0421,1.00,1.00
2008.07.07 08:14:12.313,1.0419,1.0421,1.40,1.00
2008.07.07 08:14:12.577,1.0419,1.04215,1.40,1.00
2008.07.07 08:14:13.145,1.0419,1.04215,3.30,1.00
2008.07.07 08:14:13.314,1.04185,1.0421,4.20,1.00
2008.07.07 08:14:13.483,1.04185,1.0421,1.90,1.00
2008.07.07 08:14:13.701,1.0419,1.0421,3.30,1.00
2008.07.07 08:14:13.889,1.0419,1.0421,1.00,1.00
2008.07.07 08:14:14.095,1.0419,1.0421,1.00,1.30
2008.07.07 08:14:14.326,1.0419,1.0421,3.70,1.30
2008.07.07 08:14:15.936,1.0419,1.0421,1.30,1.30
2008.07.07 08:14:16.161,1.04195,1.0421,1.00,1.00
2008.07.07 08:14:17.419,1.042,1.0422,1.40,1.30
2008.07.07 08:14:17.771,1.04205,1.0422,1.00,8.10
2008.07.07 08:14:18.913,1.04205,1.0422,1.00,5.20
2008.07.07 08:14:19.111,1.0421,1.0423,1.00,1.30
2008.07.07 08:14:19.295,1.0421,1.0423,3.70,1.30
2008.07.07 08:14:20.988,1.04205,1.0423,1.00,1.30
2008.07.07 08:14:21.320,1.042,1.04225,2.70,1.00
2008.07.07 08:14:21.507,1.04195,1.0422,2.70,1.00
2008.07.07 08:14:21.702,1.04195,1.0422,1.00,1.00
2008.07.07 08:14:22.460,1.04195,1.0422,1.00,1.00
2008.07.07 08:14:22.751,1.042,1.0422,1.00,1.30
2008.07.07 08:14:22.945,1.04195,1.0422,1.00,1.30
2008.07.07 08:14:23.157,1.04195,1.04215,1.00,1.00
2008.07.07 08:14:23.355,1.0419,1.04215,4.20,1.00
2008.07.07 08:14:23.538,1.0419,1.04215,2.70,1.00
2008.07.07 08:14:23.759,1.0419,1.04215,3.30,1.00
2008.07.07 08:14:23.971,1.0419,1.04215,1.40,1.00
2008.07.07 08:14:25.889,1.0419,1.04215,3.30,1.00
2008.07.07 08:14:26.240,1.0419,1.04215,1.00,1.00
2008.07.07 08:14:27.691,1.0419,1.04215,3.30,1.00
2008.07.07 08:14:28.337,1.0419,1.0421,1.40,1.00
2008.07.07 08:14:30.485,1.0419,1.0421,1.90,1.00
2008.07.07 08:14:30.747,1.042,1.0421,1.00,1.00
2008.07.07 08:14:31.005,1.042,1.0422,1.40,3.30
2008.07.07 08:14:31.940,1.042,1.0422,1.40,1.00
2008.07.07 08:14:34.589,1.042,1.0422,1.00,1.00
2008.07.07 08:14:34.796,1.04205,1.0422,1.00,1.00
2008.07.07 08:14:35.122,1.042,1.0422,3.30,1.00
2008.07.07 08:14:35.289,1.04205,1.0422,1.00,1.00
2008.07.07 08:14:35.919,1.04205,1.0421,1.00,1.00
2008.07.07 08:14:36.290,1.042,1.0421,1.00,1.00
2008.07.07 08:14:36.518,1.04195,1.0421,1.00,1.00
2008.07.07 08:14:38.665,1.042,1.0421,2.80,1.00
2008.07.07 08:14:39.436,1.04195,1.0421,1.00,1.00
2008.07.07 08:14:39.795,1.0419,1.0421,2.70,1.00
2008.07.07 08:14:39.964,1.0419,1.042,8.10,1.00
2008.07.07 08:14:40.471,1.0419,1.042,3.30,1.00
2008.07.07 08:14:40.692,1.042,1.04215,1.30,1.00
2008.07.07 08:14:40.945,1.042,1.0422,1.90,1.00
2008.07.07 08:14:41.149,1.042,1.0422,1.40,1.00
2008.07.07 08:14:41.317,1.042,1.0422,1.00,1.00
2008.07.07 08:14:44.875,1.042,1.0422,2.70,1.00
2008.07.07 08:14:45.088,1.042,1.0422,1.00,1.00
2008.07.07 08:14:47.688,1.042,1.0422,5.20,1.00
2008.07.07 08:14:47.969,1.042,1.0422,2.70,3.30
2008.07.07 08:14:48.133,1.042,1.0422,5.20,3.30
2008.07.07 08:14:48.609,1.042,1.0421,1.00,1.00
2008.07.07 08:14:49.421,1.042,1.0421,3.30,1.00
2008.07.07 08:14:49.732,1.042,1.0421,2.80,1.00
2008.07.07 08:14:50.007,1.042,1.0421,3.30,1.00
2008.07.07 08:14:50.591,1.042,1.0421,1.00,1.00
2008.07.07 08:14:50.879,1.04205,1.0421,1.00,1.00
2008.07.07 08:14:51.164,1.04205,1.0422,1.00,1.00
2008.07.07 08:14:51.408,1.042,1.0422,2.20,1.30
2008.07.07 08:14:51.574,1.04195,1.0421,1.00,1.00
2008.07.07 08:14:51.717,1.042,1.0421,2.80,1.00
2008.07.07 08:14:51.858,1.04195,1.0421,1.00,1.00
2008.07.07 08:14:52.104,1.04205,1.0422,1.00,1.00
2008.07.07 08:14:54.382,1.042,1.0422,5.20,1.00
2008.07.07 08:14:54.715,1.042,1.0421,5.20,1.00
2008.07.07 08:14:58.350,1.042,1.0421,8.10,1.00
2008.07.07 08:14:58.631,1.042,1.0421,2.70,1.00
2008.07.07 08:14:58.993,1.04205,1.0421,1.00,1.00
2008.07.07 08:14:59.743,1.042,1.0421,2.70,1.00
2008.07.07 08:14:59.948,1.042,1.0421,3.30,1.00
2008.07.07 08:15:00.103,1.042,1.0421,1.00,1.00
2008.07.07 08:15:02.085,1.042,1.0421,1.00,3.30
2008.07.07 08:15:02.358,1.042,1.0421,1.00,3.00
2008.07.07 08:15:02.628,1.0419,1.042,1.00,1.00
2008.07.07 08:15:03.153,1.04185,1.042,3.20,1.00
2008.07.07 08:15:03.552,1.04185,1.042,1.00,1.00
2008.07.07 08:15:04.430,1.0418,1.042,3.70,1.00
2008.07.07 08:15:04.752,1.0418,1.042,1.40,1.00
2008.07.07 08:15:04.936,1.04185,1.0419,1.00,1.00
2008.07.07 08:15:05.228,1.0419,1.0421,1.00,5.40
2008.07.07 08:15:05.338,1.0419,1.042,1.00,1.00
2008.07.07 08:15:07.870,1.0419,1.042,3.30,1.00
2008.07.07 08:15:08.692,1.0419,1.042,1.00,1.00
2008.07.07 08:15:09.104,1.04195,1.0422,1.00,4.20
2008.07.07 08:15:09.771,1.04195,1.04215,1.00,1.00
2008.07.07 08:15:10.279,1.0419,1.04215,3.20,1.00
2008.07.07 08:15:10.844,1.0419,1.04215,2.70,1.00
2008.07.07 08:15:11.435,1.04195,1.04215,1.00,1.00
2008.07.07 08:15:12.382,1.04195,1.0421,1.00,3.30
2008.07.07 08:15:12.782,1.0419,1.0421,2.70,1.30
2008.07.07 08:15:12.967,1.0419,1.042,1.00,1.00
2008.07.07 08:15:14.215,1.04185,1.042,2.70,1.00
2008.07.07 08:15:14.441,1.0418,1.042,3.70,1.00
2008.07.07 08:15:14.702,1.0418,1.0419,5.20,1.00
2008.07.07 08:15:16.021,1.0418,1.0419,7.20,1.00
2008.07.07 08:15:16.351,1.04185,1.0419,1.00,1.00
2008.07.07 08:15:17.791,1.0418,1.0419,2.70,1.00
2008.07.07 08:15:17.919,1.0418,1.0419,8.10,1.00
2008.07.07 08:15:18.170,1.0418,1.0419,5.20,1.00
2008.07.07 08:15:18.796,1.0418,1.0419,8.10,1.00
2008.07.07 08:15:19.237,1.0418,1.042,1.40,1.00
2008.07.07 08:15:19.313,1.0419,1.042,1.00,1.00
2008.07.07 08:15:19.811,1.04185,1.042,2.70,1.00
2008.07.07 08:15:20.000,1.0419,1.042,1.00,1.00
2008.07.07 08:15:20.850,1.04185,1.042,1.00,1.00
2008.07.07 08:15:21.918,1.04185,1.042,1.00,3.30
2008.07.07 08:15:22.214,1.04185,1.042,1.00,1.00
2008.07.07 08:15:22.420,1.0418,1.042,2.70,1.00
2008.07.07 08:15:22.581,1.0418,1.0419,8.10,1.00
2008.07.07 08:15:23.290,1.0418,1.0419,5.20,1.00
2008.07.07 08:15:23.494,1.04175,1.0418,2.20,1.00
2008.07.07 08:15:23.816,1.0418,1.04195,3.70,1.00
2008.07.07 08:15:24.056,1.0418,1.042,1.40,3.30
2008.07.07 08:15:24.285,1.0418,1.042,1.40,1.00
2008.07.07 08:15:24.481,1.04175,1.042,2.70,1.30
2008.07.07 08:15:24.639,1.0418,1.042,2.80,1.30
2008.07.07 08:15:24.846,1.0418,1.042,1.00,1.00
2008.07.07 08:15:25.022,1.0418,1.042,1.00,3.30
2008.07.07 08:15:25.202,1.04175,1.042,2.70,1.30
2008.07.07 08:15:25.402,1.04175,1.042,1.00,1.30
2008.07.07 08:15:25.649,1.04175,1.0419,1.00,1.00
2008.07.07 08:15:25.907,1.0417,1.0419,3.70,1.00
2008.07.07 08:15:26.117,1.0417,1.0419,1.40,1.00
2008.07.07 08:15:27.198,1.04175,1.0419,1.00,1.00
2008.07.07 08:15:27.649,1.04175,1.0419,1.00,3.30
2008.07.07 08:15:28.238,1.04175,1.0419,1.00,1.00
2008.07.07 08:15:30.949,1.0418,1.0419,1.00,1.00
2008.07.07 08:15:31.112,1.0417,1.0419,2.70,1.30
2008.07.07 08:15:31.634,1.0417,1.0418,1.00,1.00
2008.07.07 08:15:31.876,1.0417,1.0419,1.00,1.30
2008.07.07 08:15:32.077,1.0417,1.0419,1.00,3.30
2008.07.07 08:15:32.489,1.0417,1.04195,1.00,1.00
2008.07.07 08:15:32.730,1.04165,1.0419,1.00,3.70
2008.07.07 08:15:32.936,1.04165,1.0419,1.00,1.30
2008.07.07 08:15:33.625,1.04165,1.04185,1.00,1.00
2008.07.07 08:15:33.886,1.0417,1.04185,2.80,1.00
2008.07.07 08:15:34.145,1.0417,1.04195,1.40,1.00
2008.07.07 08:15:36.798,1.0417,1.04195,3.70,1.00
2008.07.07 08:15:37.174,1.0417,1.04195,1.40,1.00
2008.07.07 08:15:38.975,1.0417,1.04195,1.90,1.00
2008.07.07 08:15:39.247,1.0417,1.0419,1.90,1.30
2008.07.07 08:15:39.466,1.0417,1.0419,1.40,1.30
2008.07.07 08:15:39.713,1.0417,1.0419,1.40,3.30
2008.07.07 08:15:39.994,1.04165,1.0419,2.70,1.30
2008.07.07 08:15:40.289,1.04165,1.0418,1.00,1.00
2008.07.07 08:15:40.877,1.0416,1.04185,3.30,1.00
2008.07.07 08:15:41.113,1.0416,1.04185,1.00,1.00
2008.07.07 08:15:41.358,1.0416,1.0418,1.00,2.80
2008.07.07 08:15:41.578,1.04155,1.0418,2.70,1.30
2008.07.07 08:15:41.684,1.04155,1.0418,1.00,1.30
2008.07.07 08:15:42.169,1.0416,1.0418,1.00,3.30
2008.07.07 08:15:43.084,1.0416,1.0418,1.00,1.00
2008.07.07 08:15:43.278,1.0416,1.0418,1.00,2.80
2008.07.07 08:15:43.427,1.04165,1.0419,1.00,4.20
2008.07.07 08:15:43.567,1.0416,1.0418,2.70,2.80
2008.07.07 08:15:43.711,1.0416,1.0418,1.00,2.80
2008.07.07 08:15:44.040,1.0416,1.04185,3.30,1.00
2008.07.07 08:15:44.195,1.0417,1.0419,1.00,1.30
2008.07.07 08:15:44.721,1.04165,1.0419,1.00,1.30
2008.07.07 08:15:44.905,1.0416,1.04185,1.00,1.00
2008.07.07 08:15:45.120,1.04165,1.0419,1.00,1.30
2008.07.07 08:15:45.302,1.0417,1.0419,1.00,1.30
2008.07.07 08:15:46.194,1.0417,1.0419,1.00,1.00
2008.07.07 08:15:46.411,1.0417,1.0419,1.00,1.30
2008.07.07 08:15:47.547,1.0417,1.0419,1.00,4.20
2008.07.07 08:15:47.620,1.04165,1.0419,1.00,4.20
2008.07.07 08:15:47.794,1.04165,1.0419,1.00,4.60
2008.07.07 08:15:47.912,1.0416,1.0418,2.70,2.80
2008.07.07 08:15:47.971,1.0416,1.0418,1.00,2.80
2008.07.07 08:15:48.169,1.0416,1.0418,1.00,3.30
2008.07.07 08:15:48.340,1.0416,1.0418,5.20,3.30
2008.07.07 08:15:48.510,1.04165,1.0418,1.00,3.30
2008.07.07 08:15:48.682,1.04165,1.0418,1.00,1.00
2008.07.07 08:15:49.013,1.0416,1.0418,2.70,1.00
2008.07.07 08:15:49.169,1.0416,1.0418,3.30,1.30
2008.07.07 08:15:49.319,1.0416,1.0418,1.40,1.30
2008.07.07 08:15:49.459,1.0416,1.0418,1.00,1.30
2008.07.07 08:15:50.465,1.04155,1.04175,2.70,1.00
2008.07.07 08:15:51.131,1.04155,1.04175,1.00,1.00
2008.07.07 08:15:51.307,1.04155,1.0418,1.00,3.70
2008.07.07 08:15:51.471,1.04155,1.0418,2.70,1.00
2008.07.07 08:15:51.662,1.04165,1.0419,1.00,1.80
2008.07.07 08:15:51.981,1.0416,1.0418,2.20,1.00
2008.07.07 08:15:52.151,1.04155,1.0418,2.70,1.00
2008.07.07 08:15:52.700,1.04155,1.04175,1.00,1.00
2008.07.07 08:15:54.001,1.04155,1.0418,1.00,4.20
2008.07.07 08:15:54.297,1.0416,1.0418,1.00,3.30
2008.07.07 08:15:57.728,1.0416,1.0418,1.00,1.30
2008.07.07 08:15:57.930,1.0416,1.0418,3.30,1.30
2008.07.07 08:15:58.327,1.0416,1.0418,1.40,1.30
2008.07.07 08:16:01.397,1.04165,1.0418,2.20,1.30
2008.07.07 08:16:01.620,1.0416,1.0418,3.70,1.30
2008.07.07 08:16:01.712,1.0416,1.0418,3.70,1.00
2008.07.07 08:16:02.394,1.0416,1.0418,1.40,1.00
2008.07.07 08:16:02.503,1.0416,1.0418,1.40,1.30
2008.07.07 08:16:03.103,1.0416,1.0418,3.70,1.30
2008.07.07 08:16:03.486,1.0416,1.0418,3.70,1.00
2008.07.07 08:16:03.640,1.04165,1.04185,1.00,1.00
2008.07.07 08:16:04.045,1.0417,1.0419,1.00,1.30
2008.07.07 08:16:04.360,1.04165,1.0419,1.00,1.30
2008.07.07 08:16:04.671,1.0416,1.04185,3.70,1.00
2008.07.07 08:16:04.977,1.0416,1.04185,1.40,1.00
2008.07.07 08:16:05.253,1.0416,1.0418,1.40,1.00
2008.07.07 08:16:05.389,1.04165,1.0418,1.00,1.00
2008.07.07 08:16:05.803,1.0416,1.04185,3.70,1.00
2008.07.07 08:16:05.939,1.0416,1.04185,1.40,1.00
2008.07.07 08:16:06.098,1.04165,1.0419,1.00,1.30
2008.07.07 08:16:07.841,1.0416,1.04185,3.70,1.00
2008.07.07 08:16:07.957,1.0416,1.04185,1.40,1.00
2008.07.07 08:16:08.216,1.0416,1.0418,1.40,1.00
2008.07.07 08:16:17.500,1.0416,1.0418,1.40,1.30
2008.07.07 08:16:18.758,1.0417,1.0418,1.00,1.00
2008.07.07 08:16:18.822,1.0417,1.0419,1.00,3.30
2008.07.07 08:16:19.500,1.04165,1.0419,2.70,1.30
2008.07.07 08:16:19.680,1.04165,1.0419,1.00,1.30
2008.07.07 08:16:20.747,1.0417,1.0419,1.00,3.70
2008.07.07 08:16:22.488,1.0418,1.0419,1.00,3.70
2008.07.07 08:16:23.717,1.0418,1.0419,1.00,1.00
2008.07.07 08:16:24.099,1.0418,1.0419,1.00,3.70
2008.07.07 08:16:24.289,1.0418,1.0419,1.00,1.00
2008.07.07 08:16:24.688,1.0418,1.04195,1.00,3.70
2008.07.07 08:16:24.866,1.0418,1.04195,1.00,1.00
2008.07.07 08:16:25.545,1.0418,1.0419,1.00,2.80
2008.07.07 08:16:25.882,1.0418,1.04195,1.00,3.70
2008.07.07 08:16:26.217,1.0418,1.0419,1.00,1.00
2008.07.07 08:16:26.381,1.0418,1.04195,1.00,3.70
2008.07.07 08:16:26.729,1.0418,1.042,1.00,3.70
2008.07.07 08:16:27.074,1.0418,1.042,1.00,4.20
2008.07.07 08:16:27.255,1.0418,1.042,1.40,4.60
2008.07.07 08:16:27.414,1.0418,1.0419,1.00,2.80
2008.07.07 08:16:29.220,1.0418,1.042,1.40,4.20
2008.07.07 08:16:29.313,1.0419,1.042,1.00,3.70
2008.07.07 08:16:32.050,1.04185,1.0419,1.30,2.80
2008.07.07 08:16:32.244,1.0419,1.04195,1.00,1.00
2008.07.07 08:16:38.643,1.042,1.04205,1.00,5.60
2008.07.07 08:16:38.900,1.042,1.04205,1.00,3.50
2008.07.07 08:16:45.096,1.042,1.0421,1.00,13.30
2008.07.07 08:16:45.506,1.0418,1.042,1.40,3.70
2008.07.07 08:16:45.650,1.0418,1.0419,1.00,2.80
2008.07.07 08:16:46.607,1.0418,1.04195,1.00,1.30
2008.07.07 08:16:47.108,1.0418,1.0419,1.00,2.80
2008.07.07 08:16:47.294,1.0418,1.04195,1.00,1.00
2008.07.07 08:16:49.490,1.0418,1.0419,1.00,2.80
2008.07.07 08:16:49.887,1.0418,1.0419,1.00,3.70
2008.07.07 08:16:51.612,1.0418,1.04195,1.00,3.70
2008.07.07 08:16:51.688,1.0418,1.0419,1.00,2.80
2008.07.07 08:16:54.399,1.0417,1.04195,1.40,1.30
2008.07.07 08:16:54.648,1.0417,1.0418,1.00,2.80
2008.07.07 08:16:54.919,1.04175,1.04195,1.00,1.30
2008.07.07 08:16:55.316,1.04175,1.04195,1.00,1.00
2008.07.07 08:16:55.403,1.0418,1.0419,1.00,1.00
2008.07.07 08:16:55.696,1.0418,1.04185,1.00,1.00
2008.07.07 08:16:55.941,1.0418,1.0419,1.00,1.00
2008.07.07 08:16:59.365,1.0418,1.0419,1.00,3.70
2008.07.07 08:16:59.703,1.0418,1.04185,1.00,1.00
2008.07.07 08:17:13.405,1.0417,1.0418,1.00,2.80
2008.07.07 08:17:13.807,1.0416,1.0418,1.40,2.80
2008.07.07 08:17:14.670,1.0416,1.04185,1.40,1.00
2008.07.07 08:17:15.363,1.0417,1.04185,1.00,1.00
2008.07.07 08:17:15.772,1.0417,1.0419,1.00,3.70
2008.07.07 08:17:18.675,1.0417,1.0419,3.70,1.00
2008.07.07 08:17:18.788,1.0417,1.04195,1.40,3.70
2008.07.07 08:17:18.997,1.0417,1.04195,1.40,1.00
2008.07.07 08:17:19.408,1.0418,1.04195,1.00,1.00
2008.07.07 08:17:20.572,1.0417,1.0419,3.70,1.00
2008.07.07 08:17:20.708,1.0417,1.0419,1.00,1.00
2008.07.07 08:17:21.981,1.0417,1.04195,1.40,3.70
2008.07.07 08:17:23.826,1.0417,1.0419,1.00,3.70
2008.07.07 08:17:23.999,1.0417,1.0419,1.40,3.70
2008.07.07 08:17:24.167,1.0417,1.0419,1.00,3.70
2008.07.07 08:17:24.518,1.0417,1.0419,1.40,2.80
2008.07.07 08:17:25.429,1.04175,1.042,1.00,4.20
2008.07.07 08:17:25.771,1.04175,1.042,1.00,3.70
2008.07.07 08:17:27.101,1.0417,1.0419,3.70,2.80
2008.07.07 08:17:27.210,1.0417,1.0419,1.40,2.80
2008.07.07 08:17:31.161,1.0417,1.0418,1.40,2.80
2008.07.07 08:17:31.386,1.0417,1.0419,1.00,3.30
2008.07.07 08:17:31.558,1.04165,1.0419,2.70,4.20
2008.07.07 08:17:31.778,1.04165,1.0419,1.00,4.20
2008.07.07 08:17:32.012,1.0416,1.0418,3.70,2.80
2008.07.07 08:17:32.450,1.0416,1.0418,1.40,2.80
2008.07.07 08:17:32.657,1.0416,1.04185,1.40,1.00
2008.07.07 08:17:33.024,1.04165,1.0419,1.00,3.70
2008.07.07 08:17:33.755,1.0416,1.0418,3.70,2.80
2008.07.07 08:17:33.927,1.0416,1.0418,1.40,2.80
2008.07.07 08:17:34.765,1.04165,1.0419,1.00,7.00
2008.07.07 08:17:34.989,1.04165,1.0419,1.00,4.20
2008.07.07 08:17:35.657,1.0416,1.0418,3.70,2.80
2008.07.07 08:17:35.905,1.0416,1.0418,1.40,2.80
2008.07.07 08:17:36.427,1.0416,1.04185,1.40,1.00
2008.07.07 08:17:36.657,1.0417,1.04185,1.00,1.00
2008.07.07 08:17:36.997,1.0417,1.04185,3.70,1.00
2008.07.07 08:17:37.192,1.0418,1.0419,1.00,2.80
2008.07.07 08:17:37.381,1.0418,1.04195,1.00,1.00
2008.07.07 08:17:37.987,1.0417,1.0419,1.40,2.80
2008.07.07 08:17:42.316,1.0417,1.0419,1.00,3.30
2008.07.07 08:17:42.606,1.04165,1.0419,2.70,1.30
2008.07.07 08:17:42.735,1.04165,1.0419,1.00,1.30
2008.07.07 08:17:43.180,1.0417,1.0419,1.00,3.30
2008.07.07 08:17:43.350,1.0417,1.04195,1.40,3.70
2008.07.07 08:17:43.483,1.0417,1.0419,1.40,2.80
2008.07.07 08:17:45.989,1.0417,1.0419,1.40,3.70
2008.07.07 08:17:46.739,1.0417,1.0419,1.40,1.30
2008.07.07 08:17:46.894,1.0417,1.04185,1.00,1.00
2008.07.07 08:17:47.600,1.0417,1.0419,1.40,2.80
2008.07.07 08:17:49.547,1.0418,1.0419,1.00,2.80
2008.07.07 08:17:51.498,1.0418,1.04195,1.00,1.00
2008.07.07 08:17:52.078,1.0419,1.04195,1.00,1.00
2008.07.07 08:17:55.396,1.0418,1.04195,1.00,1.00
2008.07.07 08:17:55.965,1.0418,1.0419,1.00,2.80
2008.07.07 08:17:56.388,1.0418,1.0419,1.00,3.70
2008.07.07 08:17:57.976,1.0417,1.04185,1.00,1.00
2008.07.07 08:17:58.269,1.0417,1.0419,1.00,4.20
2008.07.07 08:17:58.381,1.0417,1.0419,1.00,6.60
2008.07.07 08:17:58.537,1.0417,1.0419,1.00,3.70
2008.07.07 08:17:59.002,1.0417,1.0419,1.00,1.00
2008.07.07 08:17:59.219,1.04175,1.042,1.00,3.70
2008.07.07 08:17:59.480,1.04175,1.042,1.00,8.50
2008.07.07 08:17:59.742,1.0418,1.042,1.00,8.50
2008.07.07 08:17:59.960,1.0417,1.0419,1.40,1.00
2008.07.07 08:18:00.171,1.04175,1.04195,1.00,1.00
2008.07.07 08:18:01.033,1.0417,1.04195,1.00,1.00
2008.07.07 08:18:01.240,1.04185,1.04205,1.00,4.20
2008.07.07 08:18:01.633,1.04185,1.042,1.00,1.00
2008.07.07 08:18:01.898,1.04175,1.04195,2.70,1.00
2008.07.07 08:18:02.125,1.0417,1.0419,1.40,1.00
2008.07.07 08:18:02.310,1.0417,1.04195,1.40,1.00
2008.07.07 08:18:02.532,1.0417,1.0419,1.00,1.00
2008.07.07 08:18:02.776,1.0417,1.0419,1.40,1.00
2008.07.07 08:18:03.421,1.0417,1.0419,1.00,1.00
2008.07.07 08:18:05.472,1.0417,1.04195,1.40,3.70
2008.07.07 08:18:05.610,1.0417,1.04195,1.40,1.00
2008.07.07 08:18:06.355,1.0418,1.04195,1.00,1.00
2008.07.07 08:18:06.938,1.0418,1.0419,1.00,2.80
2008.07.07 08:18:07.701,1.0418,1.042,1.40,4.60
2008.07.07 08:18:07.904,1.0418,1.042,1.00,4.20
2008.07.07 08:18:08.314,1.0418,1.042,1.00,3.70
2008.07.07 08:18:09.617,1.0418,1.0419,1.00,2.80
2008.07.07 08:18:11.482,1.0418,1.04195,1.00,1.00
2008.07.07 08:18:11.972,1.0418,1.042,1.40,3.70
2008.07.07 08:18:12.357,1.0419,1.042,1.00,3.70
2008.07.07 08:18:12.527,1.0419,1.04195,1.00,1.00
2008.07.07 08:18:13.601,1.0418,1.04195,1.00,1.00
2008.07.07 08:18:16.112,1.0418,1.042,1.00,1.30
2008.07.07 08:18:16.258,1.0418,1.042,1.00,3.70
2008.07.07 08:18:16.349,1.04185,1.04205,1.00,3.70
2008.07.07 08:18:16.814,1.04185,1.042,1.00,2.80
2008.07.07 08:18:16.999,1.0419,1.042,1.00,2.80
2008.07.07 08:18:17.361,1.0419,1.0421,1.00,4.60
2008.07.07 08:18:17.518,1.0419,1.042,1.00,2.80
2008.07.07 08:18:17.740,1.0419,1.04205,1.00,1.00
2008.07.07 08:18:18.290,1.0418,1.042,1.40,1.00
2008.07.07 08:18:18.660,1.0418,1.042,1.00,1.00
2008.07.07 08:18:20.500,1.0418,1.042,1.40,1.00
2008.07.07 08:18:21.098,1.0418,1.04205,1.40,3.70
2008.07.07 08:18:21.392,1.0418,1.04205,1.40,1.00
2008.07.07 08:18:22.079,1.0418,1.042,1.40,2.80
2008.07.07 08:18:22.276,1.04185,1.0421,1.00,7.00
2008.07.07 08:18:22.434,1.04185,1.0421,1.00,4.20
2008.07.07 08:18:22.693,1.04185,1.0421,1.00,3.70
2008.07.07 08:18:22.883,1.0419,1.04205,1.00,1.00
2008.07.07 08:18:23.575,1.0419,1.0421,1.00,1.00
2008.07.07 08:18:25.488,1.0419,1.04205,1.00,1.00
2008.07.07 08:18:26.458,1.0419,1.0421,1.00,3.70
2008.07.07 08:18:26.563,1.0419,1.0421,1.00,1.00
2008.07.07 08:18:30.660,1.0419,1.04205,1.00,1.00
2008.07.07 08:18:31.286,1.0419,1.042,1.00,2.80
2008.07.07 08:18:31.453,1.0419,1.04205,1.00,1.00
2008.07.07 08:18:31.783,1.0419,1.042,1.00,2.80
2008.07.07 08:18:32.131,1.0419,1.04205,1.00,1.00
2008.07.07 08:18:34.702,1.0419,1.0421,1.00,1.00
2008.07.07 08:18:34.960,1.0419,1.0421,1.00,3.70
2008.07.07 08:18:37.081,1.0419,1.0421,1.00,1.30
2008.07.07 08:18:37.304,1.0419,1.042,1.00,2.80
2008.07.07 08:18:44.988,1.0419,1.04205,1.00,1.30
2008.07.07 08:18:45.090,1.0419,1.042,1.00,3.70
2008.07.07 08:18:49.908,1.0419,1.042,1.00,2.80
2008.07.07 08:18:51.021,1.0418,1.042,1.40,3.70
2008.07.07 08:18:52.858,1.0418,1.042,1.00,3.70
2008.07.07 08:18:54.294,1.0418,1.042,1.40,3.70
2008.07.07 08:18:57.733,1.0418,1.0419,1.00,2.80
2008.07.07 08:18:57.956,1.0418,1.04195,1.00,1.00
2008.07.07 08:18:58.780,1.0418,1.042,1.40,3.70
2008.07.07 08:18:59.362,1.0419,1.0421,1.40,3.70
2008.07.07 08:18:59.744,1.0419,1.0421,1.00,3.70
2008.07.07 08:18:59.970,1.0419,1.0421,1.00,3.70
2008.07.07 08:19:00.512,1.04185,1.042,1.00,2.80
2008.07.07 08:19:01.054,1.04185,1.0421,1.00,4.20
2008.07.07 08:19:01.514,1.0419,1.0421,1.00,4.20
2008.07.07 08:19:02.745,1.0419,1.042,1.00,2.80
2008.07.07 08:19:02.836,1.0419,1.04205,1.00,1.00
2008.07.07 08:19:02.970,1.0419,1.0421,1.40,3.70
2008.07.07 08:19:04.100,1.04195,1.0421,1.00,2.80
2008.07.07 08:19:04.395,1.042,1.0421,1.00,2.80
2008.07.07 08:19:08.828,1.04195,1.0421,1.00,3.30
2008.07.07 08:19:09.145,1.0419,1.0421,1.40,3.30
2008.07.07 08:19:12.094,1.0419,1.0421,1.00,1.30
2008.07.07 08:19:12.349,1.04185,1.0421,1.00,1.30
2008.07.07 08:19:14.724,1.04185,1.0421,1.00,4.20
2008.07.07 08:19:14.868,1.04185,1.042,1.00,2.80
2008.07.07 08:19:15.251,1.04185,1.042,1.00,3.30
2008.07.07 08:19:17.673,1.0418,1.042,1.40,3.30
2008.07.07 08:19:27.241,1.04185,1.042,1.00,3.30
2008.07.07 08:19:27.730,1.0419,1.0421,1.00,4.20
2008.07.07 08:19:32.727,1.0419,1.042,1.00,2.80
2008.07.07 08:19:35.176,1.0419,1.04205,1.00,1.00
2008.07.07 08:19:36.297,1.04185,1.042,1.00,1.00
2008.07.07 08:19:36.406,1.0419,1.042,1.00,1.00
2008.07.07 08:19:36.799,1.04185,1.042,1.00,1.00
2008.07.07 08:19:36.905,1.0419,1.04205,1.00,1.00
2008.07.07 08:19:42.545,1.0419,1.04195,1.00,1.00
2008.07.07 08:19:42.845,1.0418,1.04195,1.00,1.00
2008.07.07 08:19:42.979,1.0418,1.0419,1.00,2.80
2008.07.07 08:19:43.464,1.0418,1.04195,1.00,1.00
2008.07.07 08:19:44.607,1.0417,1.0419,1.40,1.00
2008.07.07 08:19:45.205,1.0418,1.04195,1.00,1.00
2008.07.07 08:19:45.400,1.0418,1.042,1.00,4.20
2008.07.07 08:19:45.602,1.0418,1.0419,1.00,2.80
2008.07.07 08:19:45.983,1.0418,1.0419,1.00,3.70
2008.07.07 08:19:46.377,1.0418,1.0419,1.00,1.00
2008.07.07 08:19:46.575,1.0418,1.04185,1.00,1.00
2008.07.07 08:19:47.115,1.0418,1.0419,1.00,1.00
2008.07.07 08:19:47.317,1.0417,1.0419,1.00,1.30
2008.07.07 08:19:47.531,1.0417,1.0419,1.40,1.30
2008.07.07 08:19:47.734,1.0417,1.04195,1.40,3.70
2008.07.07 08:19:48.091,1.0417,1.04195,1.40,1.00
2008.07.07 08:19:48.752,1.04175,1.042,1.00,1.30
2008.07.07 08:19:48.896,1.0418,1.042,1.00,1.30
2008.07.07 08:19:51.031,1.0418,1.042,1.40,1.30
2008.07.07 08:19:51.367,1.0419,1.042,1.00,1.00
2008.07.07 08:19:55.441,1.0419,1.042,1.00,3.70
2008.07.07 08:19:56.121,1.0419,1.04195,1.00,1.00
2008.07.07 08:19:56.692,1.0418,1.04195,1.00,1.00
2008.07.07 08:20:01.442,1.0419,1.04195,1.00,1.00
2008.07.07 08:20:05.147,1.0418,1.04195,1.00,1.00
2008.07.07 08:20:05.509,1.0419,1.04195,1.00,1.00
2008.07.07 08:20:06.330,1.0418,1.04195,1.00,1.00
2008.07.07 08:20:11.508,1.0418,1.042,1.00,4.20
2008.07.07 08:20:11.679,1.0418,1.042,1.00,1.30
2008.07.07 08:20:11.941,1.0418,1.04195,1.00,1.00
2008.07.07 08:20:13.852,1.0418,1.0419,1.00,2.80
2008.07.07 08:20:15.372,1.0418,1.04195,1.00,3.70
2008.07.07 08:20:18.164,1.0417,1.0419,1.40,3.30
2008.07.07 08:20:19.522,1.0417,1.0419,1.40,1.00
2008.07.07 08:20:20.668,1.0417,1.0419,1.40,3.30
2008.07.07 08:20:22.034,1.0417,1.0419,1.40,1.00
2008.07.07 08:20:23.957,1.0417,1.0419,1.90,1.00
2008.07.07 08:20:24.426,1.0417,1.04195,1.90,1.00
2008.07.07 08:20:24.614,1.04165,1.04185,2.70,1.00
2008.07.07 08:20:24.822,1.0416,1.04185,1.90,1.00
2008.07.07 08:20:26.008,1.0416,1.0418,1.90,1.00
2008.07.07 08:20:27.241,1.04165,1.0418,1.00,1.00
2008.07.07 08:20:27.736,1.0417,1.0419,1.00,1.30
2008.07.07 08:20:29.115,1.04165,1.0419,1.00,1.30
2008.07.07 08:20:30.956,1.0417,1.0419,1.00,1.30
2008.07.07 08:20:31.525,1.0417,1.0419,1.40,1.30
2008.07.07 08:20:32.153,1.0417,1.0419,1.40,1.00
2008.07.07 08:20:32.314,1.0417,1.0419,1.40,1.00
2008.07.07 08:20:32.475,1.0417,1.04195,1.40,1.00
2008.07.07 08:20:33.795,1.0418,1.042,1.00,1.30
2008.07.07 08:20:34.404,1.0418,1.042,1.00,1.30
2008.07.07 08:20:34.822,1.04175,1.0419,1.00,1.00
2008.07.07 08:20:35.010,1.0417,1.0419,2.70,1.00
2008.07.07 08:20:35.155,1.04165,1.0419,1.00,1.30
2008.07.07 08:20:37.302,1.0417,1.0419,1.00,1.30
2008.07.07 08:20:40.840,1.0417,1.0419,1.00,1.00
2008.07.07 08:20:40.968,1.0417,1.04195,1.00,1.00
2008.07.07 08:20:42.888,1.04175,1.042,1.00,4.20
2008.07.07 08:20:42.992,1.04175,1.042,1.00,1.30
2008.07.07 08:20:46.345,1.04175,1.0419,1.00,1.00
2008.07.07 08:20:46.584,1.0417,1.0419,2.70,1.30
2008.07.07 08:20:46.675,1.0417,1.0419,1.00,1.30
2008.07.07 08:20:46.960,1.0417,1.0419,1.00,1.00
2008.07.07 08:20:47.041,1.0417,1.04195,1.00,1.00
2008.07.07 08:20:47.920,1.04175,1.04195,1.00,3.70
2008.07.07 08:20:48.134,1.04175,1.04195,1.00,1.00
2008.07.07 08:20:48.604,1.0417,1.04195,3.70,1.00
2008.07.07 08:20:48.869,1.0417,1.04195,1.40,1.00
2008.07.07 08:20:51.682,1.0417,1.04185,1.00,1.00
2008.07.07 08:20:51.778,1.04165,1.04185,2.70,1.00
2008.07.07 08:20:51.895,1.04165,1.04185,1.00,1.00
2008.07.07 08:20:53.969,1.04165,1.0419,1.00,4.20
2008.07.07 08:20:54.090,1.0417,1.0419,1.00,4.20
2008.07.07 08:20:54.362,1.0417,1.0419,1.00,1.30
2008.07.07 08:20:58.778,1.0417,1.0419,3.30,1.30
2008.07.07 08:20:58.843,1.0418,1.042,1.00,1.30
2008.07.07 08:21:01.806,1.0417,1.0419,1.00,1.00
2008.07.07 08:21:02.105,1.0417,1.0419,1.00,1.30
2008.07.07 08:21:03.001,1.04165,1.0419,1.00,1.30
2008.07.07 08:21:03.895,1.0417,1.0419,1.00,1.00
2008.07.07 08:21:04.063,1.04165,1.0419,2.70,1.00
2008.07.07 08:21:04.083,1.0417,1.04195,1.00,1.00
2008.07.07 08:21:07.758,1.04175,1.04195,1.00,1.00
2008.07.07 08:21:09.701,1.0417,1.04195,1.00,1.00
2008.07.07 08:21:10.255,1.0417,1.0419,1.00,1.00
2008.07.07 08:21:11.140,1.04175,1.0419,1.00,1.00
2008.07.07 08:21:12.136,1.0417,1.0419,1.00,1.00
2008.07.07 08:21:13.678,1.0417,1.0419,3.30,1.00
2008.07.07 08:21:13.914,1.0418,1.0419,1.00,1.00
2008.07.07 08:21:17.768,1.04175,1.0419,2.70,1.00
2008.07.07 08:21:17.960,1.0418,1.0419,1.00,3.30
2008.07.07 08:21:18.342,1.04175,1.0419,2.70,3.30
2008.07.07 08:21:18.523,1.04175,1.0419,1.00,3.30
2008.07.07 08:21:18.683,1.0417,1.0419,1.00,3.30
2008.07.07 08:21:22.189,1.04165,1.0419,2.70,4.20
2008.07.07 08:21:22.492,1.04165,1.0418,2.70,3.30
2008.07.07 08:21:22.593,1.04165,1.0418,1.00,3.30
2008.07.07 08:21:25.717,1.04165,1.0418,1.00,1.00
2008.07.07 08:21:25.814,1.0417,1.0419,1.00,4.20
2008.07.07 08:21:26.452,1.0417,1.04185,1.00,1.00
2008.07.07 08:21:26.612,1.0417,1.0419,1.40,1.30
2008.07.07 08:21:26.968,1.0417,1.0419,1.00,1.30
2008.07.07 08:21:27.326,1.04165,1.0418,1.00,1.00
2008.07.07 08:21:29.906,1.0416,1.0418,3.70,1.00
2008.07.07 08:21:30.224,1.04165,1.0418,1.00,1.00
2008.07.07 08:21:32.828,1.04165,1.0418,1.00,3.30
2008.07.07 08:21:33.299,1.04165,1.0417,1.00,1.00
2008.07.07 08:21:33.530,1.0416,1.0417,2.20,1.00
2008.07.07 08:21:33.924,1.04155,1.0418,2.70,1.30
2008.07.07 08:21:34.620,1.04165,1.0418,1.00,3.30
2008.07.07 08:21:34.976,1.0417,1.0418,1.00,3.30
2008.07.07 08:21:35.789,1.0417,1.0418,1.00,1.00
2008.07.07 08:21:36.004,1.04165,1.0417,1.10,1.00
2008.07.07 08:21:36.322,1.0414,1.0416,35.20,1.00
2008.07.07 08:21:36.858,1.04155,1.0416,2.70,1.00
2008.07.07 08:21:37.069,1.04165,1.0418,1.00,3.30
2008.07.07 08:21:37.314,1.0416,1.0418,1.40,3.30
2008.07.07 08:21:37.526,1.0416,1.0418,3.70,3.30
2008.07.07 08:21:37.757,1.0416,1.0418,1.40,3.30
2008.07.07 08:21:39.035,1.0416,1.0418,1.40,1.00
2008.07.07 08:21:39.341,1.04165,1.0418,1.00,1.00
2008.07.07 08:21:40.306,1.0416,1.04175,3.10,1.00
2008.07.07 08:21:40.695,1.0416,1.0417,4.80,1.00
2008.07.07 08:21:41.023,1.04155,1.0416,5.30,1.00
2008.07.07 08:21:41.202,1.04155,1.0416,1.00,1.00
2008.07.07 08:21:41.677,1.04155,1.0417,1.00,3.30
2008.07.07 08:21:42.062,1.04165,1.0418,1.00,1.00
2008.07.07 08:21:42.593,1.04165,1.0418,1.00,3.30
2008.07.07 08:21:43.603,1.0416,1.0418,3.10,1.30
2008.07.07 08:21:43.911,1.0416,1.0418,1.00,1.30
2008.07.07 08:21:44.087,1.0416,1.0418,2.80,1.30
2008.07.07 08:21:44.280,1.04165,1.0418,1.00,1.00
2008.07.07 08:21:44.630,1.0416,1.0418,5.20,1.00
2008.07.07 08:21:44.852,1.04165,1.0418,1.00,1.00
2008.07.07 08:21:45.416,1.0416,1.0418,2.70,1.00
2008.07.07 08:21:45.720,1.0416,1.0417,2.70,1.00
2008.07.07 08:21:45.916,1.0416,1.0417,5.20,1.00
2008.07.07 08:21:46.119,1.0416,1.0417,4.80,1.00
2008.07.07 08:21:46.689,1.0416,1.0417,5.20,1.00
2008.07.07 08:21:47.228,1.0416,1.0418,1.40,3.30
2008.07.07 08:21:47.511,1.0416,1.0418,1.40,1.00
2008.07.07 08:21:48.752,1.0417,1.0419,1.40,1.30
2008.07.07 08:21:49.171,1.0417,1.0419,1.00,1.30
2008.07.07 08:21:49.583,1.04165,1.0419,2.70,1.30
2008.07.07 08:21:49.778,1.04165,1.0419,1.00,3.70
2008.07.07 08:21:50.447,1.04165,1.0419,1.00,1.00
2008.07.07 08:21:52.012,1.0417,1.04195,1.00,3.70
2008.07.07 08:21:52.209,1.0417,1.04195,2.70,1.00
2008.07.07 08:21:52.575,1.0417,1.0419,1.00,1.00
2008.07.07 08:21:52.944,1.0417,1.0419,1.40,1.00
2008.07.07 08:21:53.296,1.0417,1.0419,1.00,1.00
2008.07.07 08:21:53.652,1.0417,1.0419,1.00,1.30
2008.07.07 08:21:53.833,1.0417,1.0419,1.00,1.00
2008.07.07 08:21:54.025,1.0417,1.0418,1.00,1.00
2008.07.07 08:21:54.255,1.04175,1.0418,1.00,1.00
2008.07.07 08:21:54.529,1.0417,1.0418,1.00,1.00
2008.07.07 08:21:58.826,1.04175,1.0418,1.00,1.00
2008.07.07 08:21:59.975,1.0417,1.0418,1.00,1.00
2008.07.07 08:22:00.089,1.04175,1.0418,1.00,1.00
2008.07.07 08:22:01.029,1.0418,1.0419,1.00,3.00
2008.07.07 08:22:01.461,1.0418,1.0419,1.00,3.30
2008.07.07 08:22:02.898,1.04175,1.0419,1.00,3.30
2008.07.07 08:22:02.981,1.04175,1.0419,1.00,1.00
2008.07.07 08:22:03.319,1.0418,1.042,1.00,1.30
2008.07.07 08:22:03.587,1.0418,1.042,1.40,1.30
2008.07.07 08:22:04.383,1.0418,1.042,1.00,1.30
2008.07.07 08:22:09.519,1.0418,1.042,1.00,4.20
2008.07.07 08:22:09.767,1.0418,1.0419,1.00,2.80
2008.07.07 08:22:10.116,1.04175,1.0419,1.00,3.30
2008.07.07 08:22:10.340,1.0417,1.0419,1.00,1.30
2008.07.07 08:22:16.391,1.0417,1.0419,1.40,1.30
2008.07.07 08:22:16.799,1.0418,1.0419,1.00,1.00
2008.07.07 08:22:17.117,1.0417,1.0419,1.40,1.30
2008.07.07 08:22:17.846,1.0417,1.0419,1.00,1.30
2008.07.07 08:22:23.186,1.0417,1.0419,1.40,1.00
2008.07.07 08:22:23.977,1.0417,1.0419,1.40,1.30
2008.07.07 08:22:24.783,1.0417,1.0419,1.00,1.30
2008.07.07 08:22:26.824,1.0417,1.0419,1.40,1.00
2008.07.07 08:22:27.212,1.0417,1.0419,1.40,1.30
2008.07.07 08:22:27.359,1.0417,1.0419,1.40,1.00
2008.07.07 08:22:37.154,1.0417,1.04185,1.00,1.00
2008.07.07 08:22:37.314,1.04165,1.0417,2.70,1.00
2008.07.07 08:22:37.426,1.04165,1.0417,1.00,1.00
2008.07.07 08:22:37.714,1.0416,1.0417,2.20,1.00
2008.07.07 08:22:37.928,1.0416,1.0417,4.80,1.00
2008.07.07 08:22:38.345,1.04155,1.0417,1.00,1.00
2008.07.07 08:22:39.688,1.04155,1.0417,1.00,3.30
2008.07.07 08:22:40.162,1.0416,1.04175,1.00,1.00
2008.07.07 08:22:40.297,1.0416,1.0418,1.00,7.50
2008.07.07 08:22:40.618,1.0416,1.0417,1.00,2.80
2008.07.07 08:22:40.870,1.0416,1.04175,1.00,1.00
2008.07.07 08:22:41.052,1.0415,1.0417,3.30,1.00
2008.07.07 08:22:41.225,1.0415,1.0417,2.70,1.00
2008.07.07 08:22:41.420,1.0415,1.0417,1.00,1.00
2008.07.07 08:22:41.567,1.0415,1.0417,1.00,1.30
2008.07.07 08:22:41.928,1.0415,1.0417,1.00,1.00
2008.07.07 08:22:43.315,1.0415,1.0417,1.40,1.00
2008.07.07 08:22:43.771,1.04155,1.0417,1.00,1.00
2008.07.07 08:22:46.806,1.0416,1.04175,1.00,1.00
2008.07.07 08:22:47.002,1.0416,1.0418,1.00,4.20
2008.07.07 08:22:47.171,1.0416,1.0418,1.00,1.30
2008.07.07 08:22:47.982,1.0416,1.0418,1.40,1.00
2008.07.07 08:22:48.474,1.04165,1.0418,1.00,1.00
2008.07.07 08:22:48.991,1.0417,1.0419,1.00,1.30
2008.07.07 08:22:49.262,1.0417,1.0419,1.40,3.30
2008.07.07 08:22:49.595,1.0417,1.0419,1.40,1.00
2008.07.07 08:22:49.741,1.0417,1.0419,1.40,3.30
2008.07.07 08:22:50.379,1.0417,1.0419,3.70,3.30
2008.07.07 08:22:50.535,1.0417,1.0419,1.40,3.30
2008.07.07 08:22:50.817,1.0417,1.0419,1.00,1.30
2008.07.07 08:22:50.968,1.04165,1.0418,1.00,1.00
2008.07.07 08:22:51.299,1.0416,1.0418,3.70,1.00
2008.07.07 08:22:51.494,1.0416,1.0418,1.40,1.00
2008.07.07 08:22:52.326,1.04165,1.0418,1.00,1.00
2008.07.07 08:22:52.804,1.0417,1.0418,1.00,1.00
2008.07.07 08:22:53.297,1.0417,1.0419,1.40,3.30
2008.07.07 08:22:54.157,1.0417,1.0419,1.40,1.30
2008.07.07 08:22:55.039,1.0417,1.0418,1.00,1.00
2008.07.07 08:22:55.411,1.0416,1.0418,3.70,1.00
2008.07.07 08:22:55.719,1.0416,1.0418,2.70,1.00
2008.07.07 08:22:55.873,1.0416,1.0418,1.00,1.00
2008.07.07 08:22:56.024,1.04165,1.0418,1.00,1.00
2008.07.07 08:22:56.264,1.04165,1.0419,1.00,1.30
2008.07.07 08:22:59.513,1.0417,1.0419,1.00,1.00
2008.07.07 08:22:59.547,1.0417,1.0419,3.30,1.00
2008.07.07 08:23:00.236,1.0417,1.0419,1.40,1.00
2008.07.07 08:23:00.682,1.0417,1.0419,1.40,1.30
2008.07.07 08:23:01.884,1.0418,1.0419,1.00,1.00
2008.07.07 08:23:01.990,1.04175,1.0419,1.00,1.00
2008.07.07 08:23:02.038,1.0417,1.0419,1.40,1.00
2008.07.07 08:23:02.176,1.0417,1.04195,1.40,1.00
2008.07.07 08:23:02.323,1.0417,1.0419,1.40,1.00
2008.07.07 08:23:02.789,1.0417,1.0419,1.40,1.30
2008.07.07 08:23:13.002,1.0417,1.0419,1.40,1.00
2008.07.07 08:23:23.065,1.0418,1.0419,1.00,1.00
2008.07.07 08:23:23.346,1.0418,1.04195,1.00,1.00
2008.07.07 08:23:23.559,1.0418,1.042,1.40,3.30
2008.07.07 08:23:23.774,1.0418,1.04195,1.00,1.00
2008.07.07 08:23:24.248,1.0418,1.042,1.00,1.30
2008.07.07 08:23:26.010,1.0418,1.042,1.00,1.00
2008.07.07 08:23:34.305,1.04185,1.04205,1.00,2.80
2008.07.07 08:23:34.398,1.04185,1.0421,1.00,1.30
2008.07.07 08:23:34.850,1.0419,1.0421,1.00,1.30
2008.07.07 08:23:35.734,1.0419,1.04205,1.00,1.00
2008.07.07 08:23:35.867,1.0418,1.042,1.40,1.00
2008.07.07 08:23:40.367,1.0418,1.04195,3.70,1.00
2008.07.07 08:23:40.720,1.0418,1.04195,1.00,1.00
2008.07.07 08:23:40.942,1.0418,1.042,1.00,1.30
2008.07.07 08:23:44.658,1.0418,1.04195,1.00,1.00
2008.07.07 08:23:50.246,1.0418,1.0419,1.00,2.80
2008.07.07 08:23:50.691,1.0418,1.04195,1.00,1.00
2008.07.07 08:23:50.736,1.0417,1.0419,3.70,1.00
2008.07.07 08:23:51.390,1.0418,1.04195,1.00,1.00
2008.07.07 08:23:51.583,1.0418,1.042,1.40,3.30
2008.07.07 08:23:51.993,1.0418,1.042,1.40,1.30
2008.07.07 08:23:52.860,1.0418,1.042,1.40,1.00
2008.07.07 08:23:53.314,1.0418,1.042,1.40,3.30
2008.07.07 08:23:53.465,1.04185,1.042,1.00,3.30
2008.07.07 08:23:53.586,1.0418,1.042,3.70,3.30
2008.07.07 08:23:53.868,1.0418,1.042,1.40,3.30
2008.07.07 08:23:58.065,1.0418,1.042,1.40,1.30
2008.07.07 08:24:01.204,1.0418,1.042,1.00,1.30
2008.07.07 08:24:03.175,1.04185,1.042,1.00,3.30
2008.07.07 08:24:03.400,1.0418,1.04195,1.00,1.00
2008.07.07 08:24:03.524,1.0418,1.04195,3.60,1.00
2008.07.07 08:24:03.689,1.0418,1.042,1.40,4.20
2008.07.07 08:24:03.819,1.0418,1.042,1.00,4.20
2008.07.07 08:24:03.945,1.0418,1.042,1.00,1.30
2008.07.07 08:24:07.922,1.0418,1.04195,1.00,1.00
2008.07.07 08:24:08.211,1.0418,1.042,1.40,1.30
2008.07.07 08:24:09.715,1.0418,1.042,1.40,1.00
2008.07.07 08:24:09.935,1.0418,1.04205,1.40,3.70
2008.07.07 08:24:10.155,1.04185,1.04205,2.20,1.00
2008.07.07 08:24:11.236,1.0419,1.0421,5.20,1.00
2008.07.07 08:24:11.477,1.042,1.0421,4.80,1.00
2008.07.07 08:24:12.262,1.042,1.0422,4.80,1.30
2008.07.07 08:24:12.827,1.042,1.0421,4.80,1.00
2008.07.07 08:24:13.333,1.0419,1.0421,3.70,1.00
2008.07.07 08:24:13.550,1.0419,1.0421,1.40,1.00
2008.07.07 08:24:14.203,1.0419,1.0421,1.40,1.30
2008.07.07 08:24:14.423,1.0419,1.0421,5.20,1.30
2008.07.07 08:24:14.597,1.0419,1.0421,5.20,1.00
2008.07.07 08:24:14.862,1.04195,1.0421,1.00,1.00
2008.07.07 08:24:17.328,1.042,1.0421,1.00,1.00
2008.07.07 08:24:17.587,1.04195,1.0421,1.00,1.00
2008.07.07 08:24:21.075,1.042,1.0421,1.00,1.00
2008.07.07 08:24:21.687,1.042,1.0422,1.40,1.30
2008.07.07 08:24:22.281,1.04195,1.0422,2.70,1.30
2008.07.07 08:24:22.638,1.04195,1.0422,1.00,1.30
2008.07.07 08:24:23.955,1.042,1.0422,1.00,1.00
2008.07.07 08:24:24.217,1.0421,1.04225,1.00,1.00
2008.07.07 08:24:24.462,1.0421,1.0422,1.00,2.80
2008.07.07 08:24:24.866,1.0421,1.04225,1.00,1.00
2008.07.07 08:24:26.898,1.0423,1.04235,1.00,3.00
2008.07.07 08:24:27.093,1.04225,1.0423,1.00,1.00
2008.07.07 08:24:27.425,1.0423,1.04235,1.00,2.80
2008.07.07 08:24:27.528,1.0426,1.0427,1.00,36.30
2008.07.07 08:24:27.914,1.04225,1.0425,2.10,5.60
2008.07.07 08:24:28.245,1.04235,1.0424,1.30,1.00
2008.07.07 08:24:28.600,1.0424,1.04245,1.40,2.80
2008.07.07 08:24:28.928,1.04235,1.0426,1.00,6.10
2008.07.07 08:24:29.409,1.0424,1.0425,1.00,5.20
2008.07.07 08:24:29.881,1.0424,1.0425,1.00,1.00
2008.07.07 08:24:30.596,1.04245,1.0425,1.00,1.00
2008.07.07 08:24:33.315,1.0424,1.0425,2.70,1.00
2008.07.07 08:24:33.436,1.0424,1.0425,2.20,1.00
2008.07.07 08:24:33.622,1.0423,1.0425,3.70,1.00
2008.07.07 08:24:33.725,1.0423,1.0425,1.00,1.00
2008.07.07 08:24:33.850,1.0423,1.0425,1.00,1.30
2008.07.07 08:24:34.897,1.04225,1.0425,1.00,1.30
2008.07.07 08:24:35.733,1.0422,1.04245,4.20,1.00
2008.07.07 08:24:35.989,1.0422,1.04245,1.90,1.00
2008.07.07 08:24:36.114,1.0422,1.0424,1.90,1.00
2008.07.07 08:24:38.971,1.0423,1.0424,1.00,1.00
2008.07.07 08:24:42.335,1.04225,1.0424,1.00,1.00
2008.07.07 08:24:42.606,1.04225,1.0424,1.00,1.00
2008.07.07 08:24:42.829,1.0423,1.0424,1.00,1.00
2008.07.07 08:24:43.744,1.0423,1.0425,1.40,3.30
2008.07.07 08:24:45.034,1.0423,1.0425,1.90,1.00
2008.07.07 08:24:45.193,1.0423,1.0425,1.90,1.30
2008.07.07 08:24:45.257,1.0424,1.0425,1.00,1.00
2008.07.07 08:24:45.289,1.0424,1.0426,1.00,4.20
2008.07.07 08:24:45.348,1.0424,1.04255,1.00,2.80
2008.07.07 08:24:45.629,1.0424,1.0426,1.00,1.30
2008.07.07 08:24:47.879,1.0424,1.0426,1.40,1.30
2008.07.07 08:24:48.058,1.0424,1.0426,1.00,1.30
2008.07.07 08:24:50.850,1.0424,1.04255,1.00,1.00
2008.07.07 08:24:51.532,1.0424,1.0425,1.00,1.00
2008.07.07 08:24:51.715,1.0423,1.0425,1.00,1.30
2008.07.07 08:24:52.252,1.0423,1.0425,1.40,1.00
2008.07.07 08:24:52.518,1.04235,1.0425,1.00,1.00
2008.07.07 08:24:58.829,1.04235,1.0425,1.00,1.00
2008.07.07 08:24:59.161,1.0424,1.0426,1.40,1.30
2008.07.07 08:24:59.707,1.04245,1.0426,1.00,1.00
2008.07.07 08:24:59.828,1.0424,1.0426,3.70,1.30
2008.07.07 08:25:00.231,1.0424,1.0426,1.40,1.30
2008.07.07 08:25:00.748,1.0424,1.0426,1.00,1.30
2008.07.07 08:25:03.612,1.0424,1.0426,3.70,1.30
2008.07.07 08:25:03.948,1.0424,1.0426,1.00,1.30
2008.07.07 08:25:06.304,1.0424,1.0426,1.40,1.00
2008.07.07 08:25:07.675,1.04245,1.0426,1.00,1.00
2008.07.07 08:25:08.033,1.0424,1.0426,1.40,1.00
2008.07.07 08:25:08.231,1.0425,1.04265,1.00,1.00
2008.07.07 08:25:08.373,1.0426,1.0427,1.00,3.30
2008.07.07 08:25:08.607,1.0426,1.0427,1.00,1.00
2008.07.07 08:25:08.803,1.0425,1.0427,3.70,1.00
2008.07.07 08:25:09.005,1.0425,1.0427,1.40,1.00
2008.07.07 08:25:09.200,1.0425,1.0427,1.00,1.00
2008.07.07 08:25:09.429,1.0425,1.0427,1.00,3.30
2008.07.07 08:25:10.021,1.0424,1.04265,1.40,1.00
2008.07.07 08:25:10.280,1.0425,1.0426,1.00,1.00
2008.07.07 08:25:10.711,1.04255,1.0427,1.00,3.30
2008.07.07 08:25:10.922,1.04255,1.0427,1.00,1.00
2008.07.07 08:25:11.888,1.0425,1.0427,1.40,1.00
2008.07.07 08:25:12.230,1.04255,1.0427,1.00,1.00
2008.07.07 08:25:12.554,1.0425,1.0427,3.70,1.00
2008.07.07 08:25:12.744,1.0425,1.0427,1.40,1.00
2008.07.07 08:25:13.756,1.0425,1.0427,1.40,3.30
2008.07.07 08:25:14.144,1.04255,1.0427,1.00,1.00
2008.07.07 08:25:16.396,1.0426,1.04275,1.00,1.00
2008.07.07 08:25:16.525,1.04265,1.0428,1.00,1.00
2008.07.07 08:25:16.635,1.0427,1.0428,1.00,1.00
2008.07.07 08:25:16.797,1.0426,1.0428,3.10,1.30
2008.07.07 08:25:16.889,1.0426,1.0428,1.00,1.30
2008.07.07 08:25:17.649,1.0426,1.04275,1.00,1.00
2008.07.07 08:25:18.239,1.04255,1.0427,1.00,1.00
2008.07.07 08:25:18.537,1.0425,1.0427,1.00,1.30
2008.07.07 08:25:20.789,1.0425,1.0427,3.10,1.30
2008.07.07 08:25:20.946,1.0425,1.0427,3.70,1.00
2008.07.07 08:25:21.103,1.0425,1.0427,4.20,1.00
2008.07.07 08:25:21.422,1.0425,1.0427,1.90,1.00
2008.07.07 08:25:21.675,1.0425,1.0427,4.20,1.00
2008.07.07 08:25:22.736,1.0425,1.0427,3.70,1.00
2008.07.07 08:25:23.036,1.0425,1.0427,3.10,1.30
2008.07.07 08:25:23.173,1.0425,1.0427,1.00,1.30
2008.07.07 08:25:23.599,1.0425,1.0427,1.40,1.00
2008.07.07 08:25:24.346,1.0426,1.04275,1.00,1.00
2008.07.07 08:25:27.376,1.0426,1.0428,1.40,4.20
2008.07.07 08:25:27.648,1.0426,1.0428,1.40,1.30
2008.07.07 08:25:27.837,1.0427,1.0428,1.00,1.00
2008.07.07 08:25:27.915,1.0427,1.0428,1.00,3.70
2008.07.07 08:25:28.552,1.0426,1.0428,1.00,1.30
2008.07.07 08:25:28.942,1.0426,1.0428,1.40,3.30
2008.07.07 08:25:29.321,1.0426,1.0427,1.00,1.00
2008.07.07 08:25:29.657,1.0426,1.0428,1.00,1.30
2008.07.07 08:25:29.855,1.04255,1.0427,1.00,1.00
2008.07.07 08:25:30.529,1.0426,1.04275,1.00,1.00
2008.07.07 08:25:30.907,1.0426,1.04275,1.00,3.70
2008.07.07 08:25:31.305,1.0426,1.0427,1.00,1.00
2008.07.07 08:25:31.761,1.0426,1.0427,1.00,3.70
2008.07.07 08:25:31.933,1.0425,1.0427,1.40,1.30
2008.07.07 08:25:33.539,1.0425,1.0427,1.40,1.00
2008.07.07 08:25:33.771,1.0426,1.04275,1.00,3.70
2008.07.07 08:25:34.514,1.0426,1.0427,1.00,1.00
2008.07.07 08:25:34.730,1.0426,1.04275,1.00,3.70
2008.07.07 08:25:36.008,1.0425,1.0427,3.70,1.30
2008.07.07 08:25:36.150,1.0425,1.0427,1.40,5.20
2008.07.07 08:25:36.270,1.0425,1.0427,1.40,1.00
2008.07.07 08:25:36.658,1.0426,1.04275,1.00,3.70
2008.07.07 08:25:36.930,1.0426,1.0427,1.00,2.80
2008.07.07 08:25:37.210,1.0426,1.04275,1.00,3.70
2008.07.07 08:25:38.426,1.0426,1.0427,1.00,8.50
2008.07.07 08:25:38.957,1.0425,1.0427,1.40,1.30
2008.07.07 08:25:40.552,1.0426,1.0427,1.00,1.00
2008.07.07 08:25:40.681,1.0426,1.04275,1.40,2.80
2008.07.07 08:25:40.998,1.0426,1.0428,1.40,1.30
2008.07.07 08:25:41.115,1.0426,1.04275,1.00,1.00
2008.07.07 08:25:43.546,1.0426,1.0427,1.00,1.00
2008.07.07 08:25:44.614,1.0426,1.04275,1.00,3.70
2008.07.07 08:25:44.837,1.0429,1.04295,1.00,14.70
2008.07.07 08:25:45.104,1.04295,1.043,1.00,18.50
2008.07.07 08:25:45.243,1.0429,1.043,1.00,15.20
2008.07.07 08:25:45.521,1.04285,1.0429,2.20,10.80
2008.07.07 08:25:45.744,1.04285,1.0429,2.20,8.10
2008.07.07 08:25:45.858,1.04275,1.0429,1.00,8.10
2008.07.07 08:25:46.104,1.04275,1.0429,1.00,9.10
2008.07.07 08:25:46.445,1.0427,1.0428,1.00,1.00
2008.07.07 08:25:46.664,1.0426,1.04275,3.10,1.00
2008.07.07 08:25:47.150,1.0426,1.04275,1.00,1.00
2008.07.07 08:25:47.429,1.0426,1.0427,1.00,1.00
2008.07.07 08:25:47.782,1.0426,1.0427,3.70,3.70
2008.07.07 08:25:48.066,1.0426,1.0427,1.00,1.00
2008.07.07 08:25:48.257,1.04255,1.0426,1.30,1.00
2008.07.07 08:25:48.661,1.0425,1.0426,1.00,1.00
2008.07.07 08:25:48.856,1.0425,1.04265,1.00,3.70
2008.07.07 08:25:49.063,1.0425,1.0427,1.00,3.70
2008.07.07 08:25:49.418,1.0426,1.0427,1.00,3.70
2008.07.07 08:25:49.771,1.0426,1.04275,1.00,1.00
2008.07.07 08:25:50.131,1.0425,1.0427,1.00,1.00
2008.07.07 08:25:50.644,1.0425,1.04275,1.40,3.70
2008.07.07 08:25:50.797,1.0425,1.04275,1.40,1.00
2008.07.07 08:25:51.212,1.0426,1.04275,1.00,1.00
2008.07.07 08:25:54.798,1.0426,1.0427,1.00,1.00
2008.07.07 08:25:55.085,1.0426,1.0427,3.70,1.00
2008.07.07 08:25:55.369,1.0427,1.04275,1.00,2.80
2008.07.07 08:25:55.661,1.0427,1.04285,1.00,3.70
2008.07.07 08:25:55.973,1.0426,1.04285,1.40,3.70
2008.07.07 08:25:56.264,1.0426,1.04285,1.40,1.00
2008.07.07 08:25:56.498,1.0426,1.04275,1.00,1.00
2008.07.07 08:25:56.845,1.0426,1.0428,1.40,3.70
2008.07.07 08:25:57.027,1.0426,1.0428,1.40,1.00
2008.07.07 08:25:57.246,1.0426,1.0428,1.40,1.30
2008.07.07 08:25:58.480,1.04265,1.0428,1.00,1.00
2008.07.07 08:25:58.674,1.0427,1.0428,1.00,1.00
2008.07.07 08:25:58.822,1.0427,1.0429,1.00,1.30
2008.07.07 08:25:59.514,1.04265,1.0429,1.00,1.30
2008.07.07 08:25:59.743,1.0427,1.0429,1.00,1.30
2008.07.07 08:25:59.946,1.0427,1.0429,1.40,1.30
2008.07.07 08:26:00.145,1.0427,1.0429,1.00,1.30
2008.07.07 08:26:01.747,1.0427,1.0429,1.40,1.30
2008.07.07 08:26:02.923,1.04275,1.0429,1.00,1.00
2008.07.07 08:26:03.683,1.0428,1.043,1.00,1.30
2008.07.07 08:26:05.368,1.0428,1.043,1.40,1.00
2008.07.07 08:26:05.495,1.0428,1.043,1.00,1.30
2008.07.07 08:26:06.323,1.0428,1.043,3.70,1.30
2008.07.07 08:26:06.677,1.0428,1.043,1.40,1.00
2008.07.07 08:26:08.538,1.0429,1.04305,1.00,1.00
2008.07.07 08:26:11.533,1.0429,1.0431,1.00,4.20
2008.07.07 08:26:11.684,1.0429,1.0431,1.00,1.30
2008.07.07 08:26:11.727,1.0429,1.04305,1.00,1.00
2008.07.07 08:26:12.448,1.0428,1.043,1.40,1.00
2008.07.07 08:26:13.198,1.043,1.04305,1.00,1.30
2008.07.07 08:26:13.341,1.0432,1.04335,1.00,1.00
2008.07.07 08:26:13.513,1.04315,1.0432,1.30,1.00
2008.07.07 08:26:13.765,1.04305,1.0432,1.00,1.30
2008.07.07 08:26:14.255,1.0431,1.0433,1.00,1.30
2008.07.07 08:26:15.562,1.0431,1.0432,1.00,1.00
2008.07.07 08:26:15.804,1.043,1.0432,8.50,1.30
2008.07.07 08:26:16.319,1.04305,1.04325,1.00,2.80
2008.07.07 08:26:16.548,1.04305,1.0433,1.00,1.30
2008.07.07 08:26:16.794,1.04315,1.04335,1.00,2.80
2008.07.07 08:26:17.560,1.0431,1.04335,1.00,3.70
2008.07.07 08:26:17.727,1.0432,1.0434,3.70,1.30
2008.07.07 08:26:18.665,1.0432,1.0433,1.00,1.00
2008.07.07 08:26:19.913,1.0431,1.0433,1.00,1.30
2008.07.07 08:26:23.108,1.04305,1.0432,1.00,1.00
2008.07.07 08:26:23.235,1.04305,1.0432,1.00,1.00
2008.07.07 08:26:23.416,1.043,1.0432,4.20,1.00
2008.07.07 08:26:23.531,1.04305,1.0432,1.00,1.00
2008.07.07 08:26:24.077,1.043,1.0432,1.00,1.30
2008.07.07 08:26:24.777,1.043,1.04315,1.00,1.00
2008.07.07 08:26:25.514,1.043,1.0432,1.30,1.30
2008.07.07 08:26:25.693,1.04305,1.0432,1.00,1.00
2008.07.07 08:26:25.854,1.043,1.0432,1.00,1.30
2008.07.07 08:26:26.171,1.0431,1.04315,1.00,1.00
2008.07.07 08:26:26.482,1.0431,1.04315,3.70,1.00
2008.07.07 08:26:26.842,1.0431,1.04325,3.70,3.70
2008.07.07 08:26:27.251,1.0431,1.04325,1.00,1.00
2008.07.07 08:26:27.416,1.04315,1.0432,1.30,1.00
2008.07.07 08:26:27.600,1.043,1.04315,7.70,1.00
2008.07.07 08:26:27.743,1.043,1.04315,1.00,1.00
2008.07.07 08:26:27.917,1.043,1.0431,1.00,1.00
2008.07.07 08:26:28.878,1.043,1.04315,1.00,1.00
2008.07.07 08:26:30.922,1.043,1.0431,1.00,1.00
2008.07.07 08:26:31.112,1.043,1.04305,1.00,1.00
2008.07.07 08:26:31.563,1.043,1.0431,1.00,1.00
2008.07.07 08:26:33.112,1.043,1.04305,1.00,1.00
2008.07.07 08:26:33.871,1.043,1.0431,1.00,1.00
2008.07.07 08:26:34.017,1.0431,1.04315,1.00,3.20
2008.07.07 08:26:34.449,1.0431,1.04315,1.00,1.00
2008.07.07 08:26:35.493,1.043,1.04315,1.00,1.00
2008.07.07 08:26:35.627,1.043,1.0431,1.00,1.00
2008.07.07 08:26:36.004,1.043,1.04315,1.00,1.00
2008.07.07 08:26:36.177,1.043,1.0431,1.00,1.00
2008.07.07 08:26:36.407,1.043,1.0431,3.70,1.00
2008.07.07 08:26:36.628,1.043,1.0431,1.00,1.00
2008.07.07 08:26:37.373,1.043,1.04315,1.00,1.00
2008.07.07 08:26:40.080,1.04295,1.04315,1.00,1.00
2008.07.07 08:26:40.295,1.0429,1.0431,1.90,1.00
2008.07.07 08:26:42.408,1.0429,1.0431,1.40,1.00
2008.07.07 08:26:42.644,1.0429,1.043,5.60,1.00
2008.07.07 08:26:42.778,1.0428,1.043,9.00,1.00
2008.07.07 08:26:42.890,1.0428,1.043,4.20,1.00
2008.07.07 08:26:43.153,1.0429,1.043,1.00,1.00
2008.07.07 08:26:43.374,1.0429,1.0431,1.40,1.00
2008.07.07 08:26:43.600,1.0429,1.04305,1.00,1.00
2008.07.07 08:26:43.871,1.0429,1.0431,1.40,3.70
2008.07.07 08:26:44.203,1.0429,1.0431,1.40,1.00
2008.07.07 08:26:44.428,1.0429,1.04305,1.00,1.00
2008.07.07 08:26:45.837,1.0429,1.0431,3.70,1.00
2008.07.07 08:26:46.500,1.04285,1.0431,1.00,1.00
2008.07.07 08:26:46.913,1.0428,1.04305,4.20,1.00
2008.07.07 08:26:47.185,1.0428,1.04305,1.90,1.00
2008.07.07 08:26:48.058,1.04285,1.04305,1.00,1.00
2008.07.07 08:26:48.275,1.0429,1.04305,2.80,1.00
2008.07.07 08:26:48.648,1.0429,1.04305,3.70,1.00
2008.07.07 08:26:48.702,1.0429,1.0431,1.40,3.70
2008.07.07 08:26:48.910,1.0429,1.0431,1.40,1.00
2008.07.07 08:26:49.216,1.0429,1.04305,1.00,1.00
2008.07.07 08:26:53.261,1.0429,1.0431,1.00,1.00
2008.07.07 08:26:58.521,1.0429,1.0431,1.00,1.30
2008.07.07 08:26:58.958,1.043,1.0431,1.00,1.00
2008.07.07 08:26:59.339,1.043,1.04315,1.00,3.70
2008.07.07 08:26:59.541,1.043,1.04315,1.00,1.00
2008.07.07 08:27:00.260,1.0429,1.04305,8.50,1.00
2008.07.07 08:27:00.945,1.0429,1.0431,8.50,1.00
2008.07.07 08:27:01.394,1.0429,1.0431,3.70,1.00
2008.07.07 08:27:02.193,1.0429,1.0431,1.00,1.00
2008.07.07 08:27:02.932,1.0429,1.04305,1.00,1.00
2008.07.07 08:27:07.593,1.0429,1.04305,1.00,1.30
2008.07.07 08:27:07.720,1.0428,1.0429,1.00,1.00
2008.07.07 08:27:07.916,1.0428,1.0429,1.00,3.30
2008.07.07 08:27:08.035,1.04275,1.04285,2.20,1.00
2008.07.07 08:27:08.197,1.0427,1.04285,1.00,1.00
2008.07.07 08:27:08.460,1.0427,1.0429,1.00,4.20
2008.07.07 08:27:08.624,1.0427,1.0429,1.40,3.30
2008.07.07 08:27:08.798,1.0427,1.0429,1.40,1.00
2008.07.07 08:27:08.986,1.0427,1.0429,1.00,1.30
2008.07.07 08:27:09.172,1.04265,1.0429,2.70,1.30
2008.07.07 08:27:09.384,1.04265,1.0429,1.00,4.20
2008.07.07 08:27:09.832,1.04265,1.0429,1.00,1.30
2008.07.07 08:27:10.548,1.0426,1.04285,3.70,1.00
2008.07.07 08:27:10.743,1.0426,1.04285,1.40,1.00
2008.07.07 08:27:11.307,1.04265,1.0429,1.00,4.20
2008.07.07 08:27:11.455,1.04265,1.0429,1.00,1.30
2008.07.07 08:27:11.908,1.0427,1.0429,1.00,1.30
2008.07.07 08:27:12.520,1.04265,1.0429,1.00,1.30
2008.07.07 08:27:12.824,1.0427,1.0429,1.00,1.30
2008.07.07 08:27:13.273,1.0427,1.0429,1.40,1.30
2008.07.07 08:27:13.420,1.0427,1.0429,1.00,4.20
2008.07.07 08:27:13.828,1.04265,1.0429,1.00,1.30
2008.07.07 08:27:14.217,1.04265,1.0429,2.70,1.30
2008.07.07 08:27:14.477,1.0427,1.0429,1.00,1.30
2008.07.07 08:27:14.717,1.0427,1.0429,1.00,1.00
2008.07.07 08:27:14.891,1.0427,1.0429,1.40,3.30
2008.07.07 08:27:15.326,1.0427,1.0429,1.40,1.30
2008.07.07 08:27:15.555,1.0427,1.0429,1.00,1.30
2008.07.07 08:27:17.103,1.0427,1.0429,1.40,1.30
2008.07.07 08:27:18.031,1.0427,1.0429,1.00,1.30
2008.07.07 08:27:21.446,1.0427,1.0429,3.70,1.30
2008.07.07 08:27:23.114,1.0427,1.0429,1.40,1.30
2008.07.07 08:27:28.289,1.0427,1.0429,1.00,1.30
2008.07.07 08:27:30.036,1.0427,1.0429,3.70,1.30
2008.07.07 08:27:30.470,1.0427,1.0429,1.00,1.30
2008.07.07 08:27:30.786,1.0427,1.0429,1.40,1.30
2008.07.07 08:27:30.908,1.0427,1.0429,1.90,1.30
2008.07.07 08:27:31.229,1.0428,1.0429,1.00,1.00
2008.07.07 08:27:31.604,1.0428,1.0429,1.00,3.70
2008.07.07 08:27:31.711,1.04265,1.0428,2.20,1.00
2008.07.07 08:27:31.936,1.0426,1.04285,4.20,1.00
2008.07.07 08:27:32.043,1.0426,1.04285,1.90,1.00
2008.07.07 08:27:32.634,1.0426,1.04285,1.40,1.00
2008.07.07 08:27:33.032,1.0426,1.04285,3.30,1.00
2008.07.07 08:27:33.126,1.0426,1.04285,1.00,1.00
2008.07.07 08:27:35.416,1.0426,1.04285,1.40,1.00
2008.07.07 08:27:35.959,1.04265,1.0429,1.00,4.20
2008.07.07 08:27:36.054,1.04265,1.0429,1.00,1.30
2008.07.07 08:27:36.285,1.0427,1.0429,1.00,1.30
2008.07.07 08:27:36.781,1.04265,1.0429,1.00,1.30
2008.07.07 08:27:38.310,1.0426,1.04285,3.70,1.00
2008.07.07 08:27:38.476,1.0426,1.04285,1.40,1.00
2008.07.07 08:27:39.632,1.04265,1.04285,1.00,1.00
2008.07.07 08:27:41.363,1.04265,1.0429,1.00,4.20
2008.07.07 08:27:41.519,1.04265,1.0429,1.00,1.30
2008.07.07 08:27:43.393,1.04265,1.0429,2.70,1.30
2008.07.07 08:27:43.471,1.0427,1.0429,1.00,1.30
2008.07.07 08:27:43.683,1.0427,1.0429,1.40,1.30
2008.07.07 08:27:44.794,1.0427,1.0429,1.40,1.00
2008.07.07 08:27:45.248,1.0427,1.0429,1.40,1.30
2008.07.07 08:27:45.570,1.0427,1.0429,1.40,1.00
2008.07.07 08:27:45.738,1.0428,1.04295,1.00,1.00
2008.07.07 08:27:46.258,1.0428,1.0429,1.00,1.00
2008.07.07 08:27:46.488,1.0427,1.0429,1.40,1.00
2008.07.07 08:27:47.719,1.0427,1.0429,1.00,1.30
2008.07.07 08:27:48.382,1.0427,1.0429,1.00,1.00
2008.07.07 08:27:48.461,1.0427,1.0429,1.40,1.00
2008.07.07 08:27:49.467,1.0427,1.0429,1.40,1.30
2008.07.07 08:27:49.793,1.0427,1.0429,1.40,1.00
2008.07.07 08:27:50.922,1.0427,1.0429,1.00,1.30
2008.07.07 08:27:51.444,1.0427,1.0429,1.40,1.00
2008.07.07 08:27:52.483,1.0427,1.0429,1.40,1.30
2008.07.07 08:27:53.260,1.0427,1.0429,1.40,1.00
2008.07.07 08:27:53.639,1.0427,1.04295,1.40,1.00
2008.07.07 08:27:53.838,1.0427,1.04285,1.00,1.00
2008.07.07 08:27:54.176,1.0426,1.04285,1.40,1.00
2008.07.07 08:27:54.862,1.04265,1.0429,1.00,3.70
2008.07.07 08:27:55.273,1.0426,1.04285,3.70,1.00
2008.07.07 08:27:55.489,1.0426,1.04285,1.00,1.00
2008.07.07 08:27:55.829,1.0426,1.0428,1.00,1.00
2008.07.07 08:27:56.451,1.04265,1.0428,1.00,1.00
2008.07.07 08:27:56.557,1.04265,1.0429,1.00,4.20
2008.07.07 08:27:56.689,1.04265,1.0429,1.00,1.30
2008.07.07 08:27:57.028,1.04265,1.0429,1.00,4.20
2008.07.07 08:27:57.213,1.0427,1.0429,1.00,4.20
2008.07.07 08:27:57.417,1.0427,1.0429,1.40,3.30
2008.07.07 08:27:57.600,1.0427,1.0429,1.40,1.00
2008.07.07 08:27:57.778,1.0427,1.0429,1.00,1.30
2008.07.07 08:27:57.936,1.0427,1.0429,3.70,1.30
2008.07.07 08:27:58.067,1.0427,1.0429,1.40,1.30
2008.07.07 08:27:58.219,1.0427,1.0429,3.70,1.30
2008.07.07 08:27:58.419,1.0427,1.0429,1.00,1.30
2008.07.07 08:28:00.716,1.04265,1.0428,1.00,1.00
2008.07.07 08:28:00.809,1.0426,1.0428,3.10,1.30
2008.07.07 08:28:00.973,1.0426,1.0428,1.00,1.30
2008.07.07 08:28:03.577,1.0426,1.0427,1.00,1.00
2008.07.07 08:28:03.781,1.0426,1.04275,1.00,2.80
2008.07.07 08:28:03.975,1.04255,1.0427,1.00,1.00
2008.07.07 08:28:04.116,1.0425,1.0427,4.20,1.00
2008.07.07 08:28:04.302,1.04255,1.0427,2.20,1.00
2008.07.07 08:28:04.702,1.0425,1.0427,1.90,1.00
2008.07.07 08:28:04.910,1.0426,1.0428,1.00,1.30
2008.07.07 08:28:05.778,1.0426,1.04275,1.00,1.00
2008.07.07 08:28:07.712,1.0426,1.0428,1.00,4.20
2008.07.07 08:28:07.858,1.04255,1.0428,1.00,1.30
2008.07.07 08:28:08.266,1.0426,1.0428,1.00,1.30
2008.07.07 08:28:08.410,1.0426,1.04275,1.00,1.00
2008.07.07 08:28:11.650,1.0426,1.0428,1.00,4.20
2008.07.07 08:28:11.909,1.0426,1.0428,1.00,1.30
2008.07.07 08:28:30.825,1.0426,1.0428,1.40,1.30
2008.07.07 08:28:33.052,1.0426,1.0428,1.00,1.30
2008.07.07 08:28:34.951,1.0426,1.04275,1.00,1.00
2008.07.07 08:28:36.098,1.0425,1.04275,1.40,1.00
2008.07.07 08:28:38.813,1.04255,1.04275,1.00,1.00
2008.07.07 08:28:39.267,1.0426,1.04275,1.00,1.00
2008.07.07 08:28:40.142,1.0426,1.0428,1.40,2.80
2008.07.07 08:28:40.313,1.0426,1.0428,1.40,1.00
2008.07.07 08:28:40.596,1.0426,1.0428,1.40,3.70
2008.07.07 08:28:40.763,1.0426,1.04275,1.00,1.00
2008.07.07 08:28:44.923,1.0426,1.0428,1.40,2.80
2008.07.07 08:28:45.310,1.0426,1.04285,1.40,3.70
2008.07.07 08:28:45.419,1.0426,1.04285,1.90,1.00
2008.07.07 08:28:45.603,1.0426,1.04285,1.40,1.00
2008.07.07 08:28:45.798,1.04265,1.0429,1.00,3.70
2008.07.07 08:28:45.983,1.0427,1.0429,1.00,3.70
2008.07.07 08:28:46.622,1.0427,1.0429,1.00,1.00
2008.07.07 08:28:56.635,1.0427,1.0429,1.00,3.70
2008.07.07 08:29:25.368,1.0427,1.0429,1.00,1.00
2008.07.07 08:29:26.488,1.0427,1.04285,1.00,1.00
2008.07.07 08:29:28.234,1.0427,1.0429,1.00,1.00
2008.07.07 08:29:28.756,1.0427,1.0429,1.00,3.70
2008.07.07 08:29:29.195,1.0427,1.0429,1.00,1.30
2008.07.07 08:29:29.326,1.0427,1.04285,1.00,1.00
2008.07.07 08:29:31.893,1.0427,1.0429,1.00,1.30
2008.07.07 08:29:32.058,1.0427,1.0429,1.40,1.30
2008.07.07 08:29:32.365,1.0427,1.0429,1.40,3.30
2008.07.07 08:29:32.495,1.0428,1.0429,1.00,2.80
2008.07.07 08:29:33.269,1.0428,1.0429,1.00,3.70
2008.07.07 08:29:33.574,1.0427,1.0429,1.00,1.80
2008.07.07 08:29:33.818,1.0427,1.04285,1.00,1.00
2008.07.07 08:29:43.359,1.0427,1.0429,1.40,1.30
2008.07.07 08:29:44.012,1.0428,1.0429,1.00,3.70
2008.07.07 08:29:44.238,1.0428,1.0429,1.00,2.80
2008.07.07 08:29:45.531,1.0428,1.0429,1.00,3.70
2008.07.07 08:29:45.757,1.0427,1.0429,1.40,1.30
2008.07.07 08:29:46.223,1.0427,1.04285,1.00,1.00
2008.07.07 08:29:50.857,1.0426,1.0428,1.00,1.00
2008.07.07 08:29:51.429,1.0426,1.0428,1.00,1.30
2008.07.07 08:29:52.257,1.0426,1.0428,1.40,1.30
2008.07.07 08:29:53.889,1.0426,1.04275,1.00,1.00
2008.07.07 08:29:54.188,1.0426,1.0427,1.00,2.80
2008.07.07 08:29:54.375,1.0425,1.0427,1.40,3.30
2008.07.07 08:29:54.788,1.0425,1.0427,1.40,1.00
2008.07.07 08:29:55.233,1.0425,1.0427,1.90,1.00
2008.07.07 08:29:55.490,1.04255,1.0427,1.00,1.00
2008.07.07 08:29:56.856,1.0426,1.0427,1.00,1.00
2008.07.07 08:30:00.680,1.0426,1.0428,1.40,1.30
2008.07.07 08:30:02.402,1.04255,1.0426,1.10,1.00
2008.07.07 08:30:02.776,1.0425,1.0426,2.80,1.00
2008.07.07 08:30:02.970,1.0425,1.0427,1.40,1.00
2008.07.07 08:30:03.345,1.0425,1.04275,1.40,1.00
2008.07.07 08:30:03.891,1.0427,1.0428,1.00,2.80
2008.07.07 08:30:05.063,1.04265,1.0427,1.30,2.80
2008.07.07 08:30:05.251,1.0427,1.04285,1.00,1.30
2008.07.07 08:30:05.655,1.0427,1.04285,1.00,1.00
2008.07.07 08:30:06.195,1.0426,1.04285,1.40,1.00
2008.07.07 08:30:06.430,1.04255,1.0426,4.20,1.00
2008.07.07 08:30:06.635,1.0425,1.0426,8.50,1.00
2008.07.07 08:30:06.846,1.0425,1.0426,5.60,1.00
2008.07.07 08:30:07.274,1.0426,1.0428,4.80,1.30
2008.07.07 08:30:07.482,1.0426,1.0428,1.00,1.30
2008.07.07 08:30:07.910,1.0426,1.0428,1.40,3.30
2008.07.07 08:30:08.484,1.0427,1.04285,1.00,1.30
2008.07.07 08:30:08.683,1.0427,1.0428,1.00,3.30
2008.07.07 08:30:08.803,1.0426,1.0428,1.40,1.00
2008.07.07 08:30:09.019,1.0426,1.0428,1.00,1.80
2008.07.07 08:30:10.634,1.0426,1.04275,1.00,1.30
2008.07.07 08:30:10.932,1.0427,1.04275,1.00,1.00
2008.07.07 08:30:11.096,1.0427,1.0428,1.00,3.70
2008.07.07 08:30:11.411,1.0426,1.0428,1.00,1.30
2008.07.07 08:30:11.578,1.0426,1.0428,1.40,3.30
2008.07.07 08:30:11.717,1.0426,1.04275,1.00,1.00
2008.07.07 08:30:15.347,1.0425,1.0427,1.40,1.00
2008.07.07 08:30:15.577,1.0426,1.04275,1.00,1.00
2008.07.07 08:30:16.566,1.0425,1.0427,1.40,1.00
2008.07.07 08:30:17.369,1.0425,1.0426,3.30,1.00
2008.07.07 08:30:17.683,1.04245,1.0426,1.00,1.00
2008.07.07 08:30:17.943,1.0425,1.0427,1.00,1.30
2008.07.07 08:30:18.115,1.04245,1.0427,1.00,1.30
2008.07.07 08:30:18.468,1.0425,1.0427,1.40,1.00
2008.07.07 08:30:18.737,1.0425,1.0427,1.40,3.30
2008.07.07 08:30:19.193,1.0425,1.0427,1.40,1.00
2008.07.07 08:30:20.355,1.0425,1.0427,1.40,1.30
2008.07.07 08:30:20.587,1.0425,1.0427,1.40,1.00
2008.07.07 08:30:21.014,1.0425,1.0426,1.00,1.00
2008.07.07 08:30:21.153,1.04245,1.0426,1.00,1.00
2008.07.07 08:30:21.964,1.0424,1.0426,3.30,1.00
2008.07.07 08:30:22.173,1.04235,1.0426,1.00,1.30
2008.07.07 08:30:22.385,1.0424,1.0426,1.00,1.00
2008.07.07 08:30:22.631,1.04235,1.0426,1.00,1.30
2008.07.07 08:30:24.066,1.0424,1.0426,1.00,1.00
2008.07.07 08:30:24.213,1.0424,1.0426,1.40,1.00
2008.07.07 08:30:25.042,1.04245,1.0426,1.00,3.30
2008.07.07 08:30:25.827,1.04245,1.0425,1.00,1.00
2008.07.07 08:30:26.014,1.0424,1.0425,2.80,1.00
2008.07.07 08:30:26.370,1.0424,1.0425,3.30,1.00
2008.07.07 08:30:26.632,1.0424,1.0425,1.00,1.00
2008.07.07 08:30:26.840,1.0424,1.0426,1.40,1.30
2008.07.07 08:30:27.944,1.0424,1.04255,3.70,1.00
2008.07.07 08:30:28.140,1.0424,1.0426,1.40,1.30
2008.07.07 08:30:28.700,1.0424,1.0426,3.70,1.30
2008.07.07 08:30:28.960,1.0424,1.0426,1.40,3.30
2008.07.07 08:30:32.031,1.0424,1.0426,1.40,1.00
2008.07.07 08:30:33.082,1.04245,1.0426,1.00,1.00
2008.07.07 08:30:33.350,1.04245,1.04265,1.00,1.00
2008.07.07 08:30:33.546,1.0425,1.0427,1.00,1.30
2008.07.07 08:30:33.665,1.0425,1.0427,1.00,3.30
2008.07.07 08:30:33.924,1.0425,1.0427,1.00,1.00
2008.07.07 08:30:34.791,1.0425,1.0427,1.40,1.00
2008.07.07 08:30:37.410,1.0425,1.0427,1.40,3.30
2008.07.07 08:30:38.161,1.0425,1.0427,1.40,1.00
2008.07.07 08:30:38.680,1.0425,1.0427,1.40,3.30
2008.07.07 08:30:39.602,1.0425,1.0427,1.00,1.30
2008.07.07 08:30:40.479,1.0425,1.0427,1.40,1.00
2008.07.07 08:30:44.577,1.04255,1.0427,1.00,1.00
2008.07.07 08:30:51.401,1.0426,1.0427,2.80,1.00
2008.07.07 08:30:51.636,1.0426,1.0428,3.70,1.30
2008.07.07 08:30:51.730,1.0426,1.0428,1.40,1.30
2008.07.07 08:30:52.457,1.04265,1.0428,1.00,1.00
2008.07.07 08:30:52.603,1.0427,1.04285,1.00,1.00
2008.07.07 08:30:54.187,1.04265,1.0428,1.00,1.00
2008.07.07 08:30:54.331,1.0426,1.0428,1.40,1.30
2008.07.07 08:30:56.264,1.0426,1.0428,1.00,1.30
2008.07.07 08:30:56.374,1.0426,1.0428,1.40,1.30
2008.07.07 08:30:58.505,1.0426,1.0428,1.40,1.00
2008.07.07 08:30:58.976,1.0426,1.0428,1.40,1.30
2008.07.07 08:31:02.305,1.04265,1.0428,1.00,1.00
2008.07.07 08:31:02.446,1.0426,1.0428,1.40,1.30
2008.07.07 08:31:02.560,1.0426,1.04275,1.00,1.00
2008.07.07 08:31:03.118,1.0426,1.0428,1.40,1.30
2008.07.07 08:31:03.450,1.0426,1.04275,1.00,1.00
2008.07.07 08:31:04.287,1.0426,1.04275,3.70,1.00
2008.07.07 08:31:04.719,1.0426,1.0428,1.40,1.30
2008.07.07 08:31:04.953,1.0427,1.0428,1.00,1.00
2008.07.07 08:31:05.604,1.0427,1.04285,1.00,1.00
2008.07.07 08:31:07.717,1.0427,1.0429,1.40,4.20
2008.07.07 08:31:07.992,1.0427,1.0429,1.40,1.30
2008.07.07 08:31:08.531,1.04275,1.0429,1.00,1.00
2008.07.07 08:31:08.677,1.0427,1.0429,1.40,1.00
2008.07.07 08:31:09.004,1.0427,1.0429,1.40,1.30
2008.07.07 08:31:09.151,1.04265,1.0429,1.00,1.30
2008.07.07 08:31:09.294,1.04265,1.04285,1.00,1.00
2008.07.07 08:31:11.502,1.04265,1.0429,1.00,4.20
2008.07.07 08:31:11.680,1.04265,1.0429,1.00,1.30
2008.07.07 08:31:12.950,1.0427,1.0429,1.00,1.30
2008.07.07 08:31:13.460,1.0427,1.0429,1.00,1.00
2008.07.07 08:31:13.633,1.0427,1.0429,5.20,1.00
2008.07.07 08:31:14.042,1.04275,1.04295,1.00,1.00
2008.07.07 08:31:14.448,1.0427,1.04295,5.20,1.00
2008.07.07 08:31:15.143,1.0427,1.04295,1.40,1.00
2008.07.07 08:31:15.325,1.04275,1.043,1.00,4.20
2008.07.07 08:31:15.482,1.04275,1.043,1.00,1.30
2008.07.07 08:31:15.689,1.04275,1.043,1.00,1.00
2008.07.07 08:31:16.024,1.0428,1.043,1.00,1.00
2008.07.07 08:31:16.519,1.04275,1.043,1.00,1.00
2008.07.07 08:31:17.230,1.0428,1.043,4.80,1.00
2008.07.07 08:31:17.380,1.0428,1.04305,1.00,1.00
2008.07.07 08:31:17.565,1.04275,1.043,1.00,1.00
2008.07.07 08:31:17.782,1.0428,1.043,1.00,1.00
2008.07.07 08:31:17.995,1.04275,1.043,1.00,1.00
2008.07.07 08:31:18.304,1.0428,1.043,1.00,1.00
2008.07.07 08:31:19.249,1.04275,1.043,1.00,1.00
2008.07.07 08:31:19.555,1.0428,1.043,1.00,1.00
2008.07.07 08:31:19.747,1.04275,1.043,1.00,1.00
2008.07.07 08:31:19.921,1.04275,1.043,1.00,1.30
2008.07.07 08:31:20.188,1.04275,1.04295,1.00,1.00
2008.07.07 08:31:21.363,1.0427,1.04295,1.40,1.00
2008.07.07 08:31:22.060,1.04275,1.04295,1.00,1.00
2008.07.07 08:31:22.389,1.0428,1.043,1.00,2.80
2008.07.07 08:31:22.538,1.04275,1.043,1.00,1.00
2008.07.07 08:31:23.041,1.04275,1.04295,1.00,1.00
2008.07.07 08:31:23.359,1.0428,1.04295,1.00,1.00
2008.07.07 08:31:25.163,1.0428,1.04295,5.60,1.00
2008.07.07 08:31:25.235,1.0428,1.043,1.40,1.00
2008.07.07 08:31:25.769,1.0429,1.04305,1.00,1.00
2008.07.07 08:31:26.838,1.0429,1.04305,1.00,3.70
2008.07.07 08:31:26.925,1.0429,1.043,1.00,1.00
2008.07.07 08:31:29.320,1.0428,1.043,3.70,1.30
2008.07.07 08:31:29.414,1.0428,1.043,1.00,1.30
2008.07.07 08:31:32.548,1.0428,1.04295,1.00,1.00
2008.07.07 08:31:32.691,1.0427,1.0429,1.00,1.00
2008.07.07 08:31:32.887,1.0427,1.04285,1.00,1.00
2008.07.07 08:31:33.024,1.04265,1.0429,1.00,3.70
2008.07.07 08:31:33.308,1.04265,1.0429,1.00,4.20
2008.07.07 08:31:34.479,1.04265,1.0428,1.00,1.00
2008.07.07 08:31:35.298,1.0426,1.0428,3.70,1.00
2008.07.07 08:31:35.539,1.04265,1.0428,1.00,1.00
2008.07.07 08:31:35.954,1.0427,1.0429,1.00,1.30
2008.07.07 08:31:40.882,1.0426,1.04285,4.20,1.00
2008.07.07 08:31:41.083,1.0426,1.04285,3.70,1.00
2008.07.07 08:31:41.274,1.0426,1.04285,1.40,1.00
2008.07.07 08:31:43.052,1.0426,1.04285,1.90,1.00
2008.07.07 08:31:43.235,1.04265,1.0429,1.00,4.20
2008.07.07 08:31:43.351,1.04265,1.0429,1.00,1.30
2008.07.07 08:31:43.501,1.0427,1.0429,1.00,1.30
2008.07.07 08:31:44.281,1.04265,1.0429,1.00,1.30
2008.07.07 08:31:44.482,1.04265,1.0429,1.00,4.20
2008.07.07 08:31:44.725,1.0426,1.04285,1.40,1.00
2008.07.07 08:31:44.847,1.0426,1.0428,1.40,2.80
2008.07.07 08:31:45.001,1.0426,1.0428,1.00,3.70
2008.07.07 08:31:45.425,1.0426,1.0428,1.00,1.30
2008.07.07 08:31:45.922,1.0426,1.0428,1.40,1.30
2008.07.07 08:31:46.191,1.0426,1.0428,1.00,1.30
2008.07.07 08:31:48.694,1.0426,1.0427,1.00,1.00
2008.07.07 08:31:52.866,1.0426,1.04275,1.00,3.70
2008.07.07 08:31:53.119,1.0426,1.04275,1.00,1.00
2008.07.07 08:31:53.589,1.0426,1.0427,1.00,1.00
2008.07.07 08:31:53.961,1.04265,1.0427,1.30,1.00
2008.07.07 08:31:54.360,1.0427,1.04275,1.00,3.70
2008.07.07 08:31:54.584,1.0427,1.04275,1.00,1.00
2008.07.07 08:31:55.211,1.0427,1.04285,1.00,3.70
2008.07.07 08:31:55.739,1.0427,1.04285,1.00,1.00
2008.07.07 08:31:56.059,1.0427,1.0429,1.00,1.30
2008.07.07 08:31:56.383,1.0428,1.0429,1.00,8.50
2008.07.07 08:31:57.670,1.0428,1.0429,1.00,5.60
2008.07.07 08:32:00.843,1.0428,1.0429,1.00,3.70
2008.07.07 08:32:01.017,1.0427,1.0429,1.00,4.20
2008.07.07 08:32:01.175,1.0427,1.0428,1.00,2.80
2008.07.07 08:32:01.431,1.0426,1.0428,1.40,3.30
2008.07.07 08:32:03.255,1.0426,1.0428,1.40,1.30
2008.07.07 08:32:07.534,1.0426,1.0428,1.40,3.30
2008.07.07 08:32:07.941,1.0426,1.0428,1.40,1.30
2008.07.07 08:32:10.660,1.04265,1.0428,1.00,1.00
2008.07.07 08:32:10.752,1.0427,1.04285,1.00,1.00
2008.07.07 08:32:11.429,1.0427,1.0429,1.00,1.30
2008.07.07 08:32:13.293,1.0427,1.0429,1.40,1.30
2008.07.07 08:32:15.499,1.0427,1.0429,1.00,1.30
2008.07.07 08:32:15.877,1.0427,1.0429,1.40,1.30
2008.07.07 08:32:16.183,1.0427,1.0429,1.00,1.30
2008.07.07 08:32:17.573,1.0427,1.0429,3.70,1.30
2008.07.07 08:32:17.668,1.0428,1.0429,1.00,5.60
2008.07.07 08:32:17.771,1.0428,1.043,1.40,9.00
2008.07.07 08:32:18.125,1.0428,1.0429,1.00,5.60
2008.07.07 08:32:18.317,1.0428,1.043,1.00,9.00
2008.07.07 08:32:18.696,1.0428,1.043,1.00,1.30
2008.07.07 08:32:19.063,1.0428,1.043,1.40,1.30
2008.07.07 08:32:22.886,1.0428,1.043,1.40,6.10
2008.07.07 08:32:23.310,1.0428,1.043,1.00,6.10
2008.07.07 08:32:23.502,1.0428,1.043,1.00,9.00
2008.07.07 08:32:23.677,1.0428,1.043,1.00,6.10
2008.07.07 08:32:23.973,1.0428,1.043,1.00,1.30
2008.07.07 08:32:29.354,1.0428,1.04295,1.00,1.00
2008.07.07 08:32:29.925,1.0427,1.04295,1.40,1.00
2008.07.07 08:32:30.255,1.0428,1.043,1.00,4.20
2008.07.07 08:32:30.522,1.0428,1.043,1.00,1.30
2008.07.07 08:32:31.441,1.0428,1.0429,1.00,2.80
2008.07.07 08:32:31.793,1.0427,1.0429,3.70,3.30
2008.07.07 08:32:31.999,1.0428,1.0429,1.00,3.70
2008.07.07 08:32:32.436,1.0428,1.04295,1.00,3.70
2008.07.07 08:32:32.665,1.0428,1.0429,1.00,1.00
2008.07.07 08:32:37.003,1.0429,1.04295,1.00,3.20
2008.07.07 08:32:37.215,1.0429,1.04295,1.00,2.80
2008.07.07 08:32:37.518,1.0428,1.043,1.00,1.30
2008.07.07 08:32:37.925,1.0428,1.04295,1.00,1.00
2008.07.07 08:32:39.474,1.0428,1.043,1.00,4.20
2008.07.07 08:32:39.729,1.0428,1.043,1.00,1.30
2008.07.07 08:32:39.959,1.0428,1.04295,1.00,1.00
2008.07.07 08:32:40.325,1.0428,1.043,1.00,1.30
2008.07.07 08:32:40.585,1.0428,1.04295,1.00,1.00
2008.07.07 08:32:42.099,1.04285,1.0429,1.30,4.80
2008.07.07 08:32:42.258,1.0429,1.04295,1.00,2.80
2008.07.07 08:32:42.439,1.0429,1.043,1.00,5.60
2008.07.07 08:32:43.038,1.0429,1.043,1.00,8.50
2008.07.07 08:32:43.217,1.0429,1.043,1.00,5.60
2008.07.07 08:32:45.544,1.0429,1.043,1.00,8.50
2008.07.07 08:32:45.867,1.0428,1.043,1.00,1.30
2008.07.07 08:32:47.420,1.0428,1.043,1.40,1.30
2008.07.07 08:32:47.738,1.0428,1.043,1.00,1.30
2008.07.07 08:32:49.381,1.04275,1.0429,1.00,1.00
2008.07.07 08:32:49.576,1.0427,1.0429,3.70,1.00
2008.07.07 08:32:49.802,1.04275,1.0429,1.00,1.00
2008.07.07 08:32:49.985,1.04275,1.0429,1.00,1.00
2008.07.07 08:32:50.187,1.0428,1.0429,1.00,1.00
2008.07.07 08:32:50.686,1.0428,1.043,1.40,4.20
2008.07.07 08:32:51.063,1.0428,1.04295,1.00,1.00
2008.07.07 08:32:55.242,1.0428,1.043,1.40,3.30
2008.07.07 08:32:55.497,1.0428,1.043,1.40,8.10
2008.07.07 08:32:55.678,1.0428,1.043,1.40,1.30
2008.07.07 08:32:57.216,1.0428,1.043,1.40,8.10
2008.07.07 08:33:01.514,1.0428,1.043,1.40,3.30
2008.07.07 08:33:03.733,1.0428,1.043,1.40,8.10
2008.07.07 08:33:03.882,1.0428,1.043,1.40,4.20
2008.07.07 08:33:04.164,1.0428,1.043,1.40,1.30
2008.07.07 08:33:05.062,1.0428,1.043,1.40,1.00
2008.07.07 08:33:05.252,1.0428,1.043,1.40,3.30
2008.07.07 08:33:05.330,1.04285,1.043,1.00,3.30
2008.07.07 08:33:05.439,1.0428,1.043,3.70,3.30
2008.07.07 08:33:05.511,1.0428,1.043,3.70,1.30
2008.07.07 08:33:05.580,1.0428,1.043,1.40,1.30
2008.07.07 08:33:07.326,1.0428,1.04295,1.00,1.00
2008.07.07 08:33:18.236,1.0428,1.0429,1.00,1.00
2008.07.07 08:33:18.789,1.0428,1.04295,1.00,1.00
2008.07.07 08:33:19.075,1.0428,1.043,1.40,4.20
2008.07.07 08:33:19.268,1.0428,1.043,1.40,1.30
2008.07.07 08:33:19.870,1.0428,1.043,1.40,8.10
2008.07.07 08:33:20.416,1.0428,1.043,1.40,1.30
2008.07.07 08:33:20.803,1.0429,1.043,1.00,5.60
2008.07.07 08:33:21.923,1.0429,1.04305,1.00,3.70
2008.07.07 08:33:22.112,1.0428,1.04305,1.40,3.70
2008.07.07 08:33:22.317,1.04285,1.043,1.00,7.60
2008.07.07 08:33:22.500,1.0428,1.043,3.10,1.30
2008.07.07 08:33:22.679,1.0428,1.043,1.00,1.30
2008.07.07 08:33:27.709,1.0428,1.043,1.40,1.30
2008.07.07 08:33:28.151,1.0428,1.043,1.40,8.10
2008.07.07 08:33:28.290,1.0429,1.043,1.00,7.60
2008.07.07 08:33:28.787,1.0429,1.04305,1.00,1.00
2008.07.07 08:33:29.080,1.0429,1.043,1.00,7.60
2008.07.07 08:33:29.436,1.0429,1.043,1.00,5.60
2008.07.07 08:33:30.156,1.0429,1.04305,1.00,3.70
2008.07.07 08:33:30.323,1.0429,1.043,1.00,4.80
2008.07.07 08:33:30.492,1.0429,1.043,1.00,5.60
2008.07.07 08:33:30.761,1.0429,1.043,1.00,8.50
2008.07.07 08:33:31.206,1.0428,1.043,1.40,1.30
2008.07.07 08:33:32.382,1.0429,1.043,1.00,5.60
2008.07.07 08:33:37.785,1.0429,1.043,1.00,3.70
2008.07.07 08:33:37.961,1.0429,1.043,1.00,5.60
2008.07.07 08:33:39.789,1.0429,1.04305,1.00,3.70
2008.07.07 08:33:39.934,1.0429,1.043,1.00,5.60
2008.07.07 08:33:42.462,1.0429,1.04295,1.00,1.00
2008.07.07 08:33:42.792,1.0428,1.04295,1.00,1.00
2008.07.07 08:33:45.919,1.0428,1.0429,1.00,2.80
2008.07.07 08:33:47.322,1.0428,1.04295,1.00,1.00
2008.07.07 08:33:49.259,1.0429,1.04295,1.00,1.00
2008.07.07 08:33:49.741,1.0428,1.04295,1.00,1.00
2008.07.07 08:33:55.617,1.0427,1.0429,1.00,1.30
2008.07.07 08:33:55.876,1.0427,1.0429,1.40,1.00
2008.07.07 08:33:56.206,1.0427,1.0429,1.00,1.30
2008.07.07 08:33:59.052,1.0427,1.0429,1.00,4.20
2008.07.07 08:33:59.141,1.04265,1.0428,1.00,3.30
2008.07.07 08:33:59.279,1.0426,1.0428,3.70,1.30
2008.07.07 08:33:59.349,1.04265,1.0428,1.00,3.30
2008.07.07 08:33:59.496,1.0426,1.0428,3.70,1.30
2008.07.07 08:33:59.629,1.0426,1.0428,1.40,1.30
2008.07.07 08:34:01.635,1.0426,1.0428,1.40,3.30
2008.07.07 08:34:02.256,1.0426,1.0428,1.40,1.30
2008.07.07 08:34:04.955,1.0426,1.04275,1.00,1.00
2008.07.07 08:34:06.380,1.0426,1.0428,1.40,4.20
2008.07.07 08:34:06.784,1.0426,1.0428,1.40,1.30
2008.07.07 08:34:07.031,1.0426,1.0428,1.40,1.00
2008.07.07 08:34:08.281,1.0426,1.0428,1.40,3.30
2008.07.07 08:34:08.841,1.0426,1.0428,1.00,1.30
2008.07.07 08:34:09.328,1.0426,1.04275,1.00,1.00
2008.07.07 08:34:10.276,1.0426,1.0428,1.00,1.30
2008.07.07 08:34:10.525,1.0426,1.0428,1.40,3.30
2008.07.07 08:34:10.771,1.0426,1.0428,3.70,3.30
2008.07.07 08:34:11.025,1.0427,1.0429,1.00,4.20
2008.07.07 08:34:11.458,1.0427,1.0429,1.00,1.30
2008.07.07 08:34:13.399,1.0426,1.0428,3.70,1.00
2008.07.07 08:34:13.731,1.0426,1.0428,1.40,3.30
2008.07.07 08:34:13.850,1.0426,1.0428,1.00,1.30
2008.07.07 08:34:14.070,1.0426,1.04275,1.00,1.00
2008.07.07 08:34:20.832,1.0425,1.0427,1.40,1.00
2008.07.07 08:34:21.224,1.0425,1.0427,1.00,1.30
2008.07.07 08:34:21.746,1.0425,1.0427,1.00,4.20
2008.07.07 08:34:22.084,1.0425,1.0427,1.00,1.30
2008.07.07 08:34:28.175,1.0425,1.0427,1.40,1.30
2008.07.07 08:34:28.358,1.0426,1.04275,1.00,2.80
2008.07.07 08:34:28.734,1.0426,1.04275,1.00,1.00
2008.07.07 08:34:29.549,1.0425,1.04275,1.40,1.00
2008.07.07 08:34:29.828,1.04255,1.04275,2.70,1.00
2008.07.07 08:34:30.086,1.04255,1.0427,1.00,3.30
2008.07.07 08:34:30.343,1.0425,1.0427,1.40,1.30
2008.07.07 08:34:30.611,1.0425,1.0427,1.00,1.30
2008.07.07 08:34:30.886,1.0425,1.0427,1.40,3.30
2008.07.07 08:34:31.119,1.04255,1.0427,1.00,3.30
2008.07.07 08:34:31.478,1.0426,1.0428,1.40,3.30
2008.07.07 08:34:31.825,1.0426,1.0428,1.00,4.20
2008.07.07 08:34:32.173,1.0425,1.0427,3.70,2.80
2008.07.07 08:34:32.547,1.0425,1.0426,1.00,1.00
2008.07.07 08:34:32.944,1.0425,1.0426,3.30,1.00
2008.07.07 08:34:33.271,1.0425,1.0427,1.40,1.00
2008.07.07 08:34:34.394,1.0425,1.0426,1.00,1.00
2008.07.07 08:34:35.018,1.04245,1.0426,1.00,1.00
2008.07.07 08:34:35.553,1.04245,1.0427,1.00,4.20
2008.07.07 08:34:35.941,1.0425,1.0427,1.00,3.30
2008.07.07 08:34:36.315,1.0425,1.0427,1.40,3.30
2008.07.07 08:34:36.865,1.0425,1.0427,1.40,1.30
2008.07.07 08:34:37.387,1.0425,1.0426,1.00,1.00
2008.07.07 08:34:39.616,1.0425,1.0427,1.40,1.00
2008.07.07 08:34:40.546,1.0425,1.04265,1.00,1.00
2008.07.07 08:34:40.744,1.0425,1.0427,1.00,1.30
2008.07.07 08:34:41.329,1.0425,1.0427,1.40,1.00
2008.07.07 08:34:41.534,1.0425,1.0427,1.40,1.30
2008.07.07 08:34:41.769,1.0425,1.0427,1.40,1.00
2008.07.07 08:34:42.005,1.04255,1.0427,1.00,1.00
2008.07.07 08:34:42.804,1.0425,1.0427,3.70,1.00
2008.07.07 08:34:43.004,1.04255,1.0427,1.00,1.00
2008.07.07 08:34:43.207,1.0426,1.0428,1.40,3.30
2008.07.07 08:34:44.229,1.0426,1.0427,1.00,1.00
2008.07.07 08:34:44.909,1.0426,1.0428,1.40,3.30
2008.07.07 08:34:45.050,1.04265,1.0428,1.00,3.30
2008.07.07 08:34:45.361,1.0426,1.0428,1.40,3.30
2008.07.07 08:34:45.620,1.0426,1.0428,1.00,1.30
2008.07.07 08:34:45.756,1.0426,1.04275,1.00,1.00
2008.07.07 08:34:45.977,1.04255,1.0427,1.00,1.00
2008.07.07 08:34:46.241,1.0425,1.0427,1.90,1.00
2008.07.07 08:34:46.458,1.0425,1.0427,1.40,1.00
2008.07.07 08:34:46.819,1.0426,1.04275,1.00,1.00
2008.07.07 08:34:47.396,1.0425,1.0427,1.40,1.00
2008.07.07 08:34:47.812,1.0425,1.0427,1.40,1.30
2008.07.07 08:34:48.041,1.0426,1.0428,1.00,4.20
2008.07.07 08:34:48.780,1.0426,1.0428,1.00,1.30
2008.07.07 08:34:49.010,1.0425,1.0427,1.40,1.00
2008.07.07 08:34:49.235,1.0425,1.0427,3.70,1.00
2008.07.07 08:34:49.803,1.0425,1.04275,1.40,3.70
2008.07.07 08:34:50.249,1.0425,1.0427,1.40,1.30
2008.07.07 08:34:50.592,1.0425,1.0427,4.30,1.00
2008.07.07 08:34:50.906,1.04255,1.0427,1.00,1.00
2008.07.07 08:34:52.817,1.0426,1.0427,1.00,1.00
2008.07.07 08:34:53.019,1.0426,1.0428,1.00,1.30
2008.07.07 08:34:54.306,1.04255,1.04275,1.00,1.00
2008.07.07 08:34:57.994,1.0425,1.04275,1.40,1.00
2008.07.07 08:34:59.370,1.0425,1.0427,1.40,1.00
2008.07.07 08:34:59.737,1.0425,1.04265,1.00,1.00
2008.07.07 08:35:00.434,1.0425,1.0426,1.00,1.00
2008.07.07 08:35:01.458,1.0424,1.0426,1.30,1.00
2008.07.07 08:35:03.024,1.0424,1.0426,3.70,1.00
2008.07.07 08:35:03.317,1.0424,1.0426,1.40,1.00
2008.07.07 08:35:03.420,1.0424,1.0426,3.70,1.00
2008.07.07 08:35:03.628,1.0424,1.0426,1.40,1.00
2008.07.07 08:35:03.782,1.0424,1.0426,1.90,1.00
2008.07.07 08:35:04.074,1.0424,1.04265,1.90,1.00
2008.07.07 08:35:04.141,1.0425,1.04265,1.00,1.00
2008.07.07 08:35:04.725,1.04235,1.0425,2.20,1.30
2008.07.07 08:35:05.011,1.0423,1.0425,1.90,1.30
2008.07.07 08:35:05.249,1.0424,1.04255,1.00,2.80
2008.07.07 08:35:05.464,1.0424,1.0426,3.70,1.30
2008.07.07 08:35:05.679,1.0424,1.0425,2.80,1.00
2008.07.07 08:35:05.907,1.0423,1.0425,3.70,1.30
2008.07.07 08:35:06.527,1.0423,1.0425,13.30,1.30
2008.07.07 08:35:06.947,1.0424,1.0425,1.00,1.00
2008.07.07 08:35:07.227,1.0424,1.04255,1.00,3.70
2008.07.07 08:35:07.446,1.0424,1.04255,1.00,1.00
2008.07.07 08:35:08.196,1.0424,1.04255,3.70,1.00
2008.07.07 08:35:08.340,1.0424,1.0426,3.70,4.20
2008.07.07 08:35:08.790,1.0424,1.0426,1.00,1.30
2008.07.07 08:35:09.253,1.0423,1.0425,1.40,1.00
2008.07.07 08:35:09.973,1.04235,1.0425,1.00,1.00
2008.07.07 08:35:10.476,1.0423,1.0425,1.40,1.00
2008.07.07 08:35:15.060,1.0423,1.0425,1.40,3.30
2008.07.07 08:35:15.496,1.0423,1.0425,5.60,1.30
2008.07.07 08:35:16.280,1.0423,1.04245,5.60,1.00
2008.07.07 08:35:17.011,1.0423,1.04245,1.00,1.00
2008.07.07 08:35:17.255,1.0423,1.0424,1.00,1.00
2008.07.07 08:35:17.496,1.0423,1.04245,1.00,3.70
2008.07.07 08:35:17.676,1.0423,1.04245,1.00,1.00
2008.07.07 08:35:18.953,1.0423,1.0424,1.00,1.00
2008.07.07 08:35:19.425,1.0422,1.0424,4.20,1.00
2008.07.07 08:35:19.706,1.0422,1.0424,1.90,1.00
2008.07.07 08:35:19.995,1.0422,1.0424,1.90,1.30
2008.07.07 08:35:20.207,1.0422,1.0424,1.40,1.30
2008.07.07 08:35:23.420,1.0422,1.0424,5.60,1.30
2008.07.07 08:35:25.986,1.0422,1.0424,1.40,1.30
2008.07.07 08:35:26.420,1.0422,1.0424,5.60,1.30
2008.07.07 08:35:26.531,1.0422,1.0424,1.40,1.30
2008.07.07 08:35:27.576,1.0422,1.0424,5.60,1.30
2008.07.07 08:35:29.705,1.0422,1.0424,1.40,1.30
2008.07.07 08:35:29.848,1.0422,1.0423,4.80,1.00
2008.07.07 08:35:35.291,1.0422,1.0423,7.60,1.00
2008.07.07 08:35:35.524,1.0422,1.0423,4.80,1.00
2008.07.07 08:35:35.684,1.0422,1.0423,5.20,1.00
2008.07.07 08:35:35.859,1.04215,1.0423,2.70,1.00
2008.07.07 08:35:36.185,1.0422,1.0423,4.80,1.00
2008.07.07 08:35:37.410,1.0422,1.0423,7.60,1.00
2008.07.07 08:35:37.624,1.0422,1.0423,3.30,1.00
2008.07.07 08:35:37.802,1.0422,1.0424,1.40,1.00
2008.07.07 08:35:40.936,1.0423,1.04245,1.00,1.00
2008.07.07 08:35:41.038,1.0423,1.0425,1.00,4.20
2008.07.07 08:35:41.292,1.0423,1.0425,1.40,1.30
2008.07.07 08:35:41.387,1.0423,1.0425,1.00,1.30
2008.07.07 08:35:44.419,1.0423,1.0425,1.40,1.30
2008.07.07 08:35:49.443,1.0424,1.0425,1.00,3.70
2008.07.07 08:35:49.510,1.0424,1.0425,1.00,1.00
2008.07.07 08:35:49.735,1.0424,1.0425,1.00,3.70
2008.07.07 08:35:49.808,1.0424,1.04245,1.00,1.00
2008.07.07 08:35:50.152,1.0423,1.04245,1.00,1.00
2008.07.07 08:35:50.339,1.0423,1.0424,1.00,1.00
2008.07.07 08:35:59.366,1.0422,1.0424,1.00,1.30
2008.07.07 08:35:59.419,1.0422,1.04235,1.00,1.00
2008.07.07 08:36:07.840,1.0422,1.0424,1.00,4.20
2008.07.07 08:36:07.925,1.0422,1.0424,1.00,1.30
2008.07.07 08:36:08.131,1.04215,1.0423,1.00,1.00
2008.07.07 08:36:08.520,1.0421,1.0423,4.20,1.00
2008.07.07 08:36:08.833,1.0422,1.04235,1.00,1.00
2008.07.07 08:36:10.830,1.0422,1.04235,3.70,1.00
2008.07.07 08:36:11.052,1.0422,1.0424,3.70,4.20
2008.07.07 08:36:11.166,1.0422,1.0424,3.70,1.30
2008.07.07 08:36:11.403,1.0423,1.0424,1.00,1.00
2008.07.07 08:36:12.575,1.0422,1.0424,3.70,1.30
2008.07.07 08:36:12.669,1.0422,1.0424,1.00,1.30
2008.07.07 08:36:12.886,1.0422,1.04235,1.00,1.00
2008.07.07 08:36:13.539,1.0422,1.0424,1.00,1.30
2008.07.07 08:36:15.758,1.0422,1.04235,1.00,1.00
2008.07.07 08:36:16.072,1.0422,1.04235,3.70,1.00
2008.07.07 08:36:16.405,1.0423,1.0424,1.00,1.00
2008.07.07 08:36:20.513,1.0423,1.04245,1.00,3.70
2008.07.07 08:36:20.691,1.0423,1.04245,1.00,1.00
2008.07.07 08:36:21.128,1.0423,1.04245,3.70,1.00
2008.07.07 08:36:21.294,1.0423,1.0425,3.70,4.20
2008.07.07 08:36:21.470,1.0423,1.0425,1.00,4.20
2008.07.07 08:36:21.674,1.0423,1.0425,1.00,1.30
2008.07.07 08:36:21.847,1.0423,1.04245,1.00,1.00
2008.07.07 08:36:22.395,1.0423,1.0424,1.00,1.00
2008.07.07 08:36:30.692,1.0423,1.04245,1.00,3.70
2008.07.07 08:36:30.833,1.0423,1.04245,1.00,1.00
2008.07.07 08:36:32.004,1.0423,1.0424,1.00,1.00
2008.07.07 08:36:32.374,1.0423,1.04245,1.00,3.70
2008.07.07 08:36:32.514,1.0423,1.04245,1.00,1.00
2008.07.07 08:36:33.648,1.0423,1.0424,1.00,1.00
2008.07.07 08:36:33.991,1.0422,1.0424,3.70,1.30
2008.07.07 08:36:38.319,1.0422,1.0424,1.40,1.00
2008.07.07 08:36:40.831,1.04225,1.0424,1.00,1.00
2008.07.07 08:36:42.759,1.0422,1.0424,3.70,1.00
2008.07.07 08:36:43.037,1.04225,1.0424,1.00,1.00
2008.07.07 08:36:45.799,1.0422,1.0424,1.40,1.30
2008.07.07 08:36:47.309,1.04225,1.0424,1.00,1.00
2008.07.07 08:36:48.222,1.0422,1.0424,3.70,1.30
2008.07.07 08:36:48.449,1.0422,1.0424,1.40,1.30
2008.07.07 08:37:00.278,1.0422,1.0424,3.70,1.30
2008.07.07 08:37:00.588,1.0422,1.0424,1.40,1.30
2008.07.07 08:37:02.824,1.0422,1.0424,1.00,1.30
2008.07.07 08:37:03.053,1.0422,1.0424,1.40,1.30
2008.07.07 08:37:03.358,1.0423,1.0424,1.00,1.00
2008.07.07 08:37:05.805,1.0423,1.04245,1.00,3.70
2008.07.07 08:37:06.013,1.0423,1.04245,1.00,1.00
2008.07.07 08:37:06.686,1.0423,1.0424,1.00,1.00
2008.07.07 08:37:08.294,1.0423,1.04245,1.00,1.00
2008.07.07 08:37:12.557,1.0423,1.0424,1.00,1.00
2008.07.07 08:37:14.873,1.0424,1.04245,1.00,3.20
2008.07.07 08:37:15.702,1.0423,1.0424,1.00,1.00
2008.07.07 08:37:17.576,1.0424,1.04245,1.00,3.20
2008.07.07 08:37:17.683,1.0424,1.04245,1.00,2.80
2008.07.07 08:37:17.802,1.0424,1.0425,1.00,1.00
2008.07.07 08:37:18.867,1.0424,1.0425,1.00,3.70
2008.07.07 08:37:19.161,1.0423,1.0425,1.00,1.30
2008.07.07 08:37:21.251,1.0423,1.04245,1.00,1.00
2008.07.07 08:37:21.858,1.0423,1.0425,1.00,1.30
2008.07.07 08:37:22.638,1.04225,1.0425,1.00,1.30
2008.07.07 08:37:22.919,1.0422,1.0424,3.10,3.70
2008.07.07 08:37:23.098,1.0422,1.0424,5.60,3.70
2008.07.07 08:37:23.225,1.0421,1.04235,9.00,1.00
2008.07.07 08:37:23.456,1.0422,1.0424,4.80,4.20
2008.07.07 08:37:23.672,1.0422,1.0424,5.60,1.00
2008.07.07 08:37:23.884,1.0422,1.04245,1.40,3.70
2008.07.07 08:37:24.127,1.0422,1.04245,5.20,1.00
2008.07.07 08:37:24.322,1.04215,1.0424,2.70,3.70
2008.07.07 08:37:24.606,1.0421,1.04235,8.50,1.00
2008.07.07 08:37:24.894,1.0421,1.04235,6.20,1.00
2008.07.07 08:37:25.217,1.0421,1.04235,6.70,1.00
2008.07.07 08:37:25.530,1.0422,1.0424,4.80,4.20
2008.07.07 08:37:25.678,1.0422,1.0424,4.80,1.30
2008.07.07 08:37:25.994,1.0422,1.0424,5.60,1.30
2008.07.07 08:37:27.492,1.0423,1.0424,1.00,3.70
2008.07.07 08:37:27.674,1.0423,1.04245,1.40,2.80
2008.07.07 08:37:28.086,1.0423,1.0425,1.90,3.70
2008.07.07 08:37:28.213,1.0424,1.0425,1.00,3.70
2008.07.07 08:37:28.366,1.0424,1.04255,1.00,5.90
2008.07.07 08:37:29.111,1.0424,1.04255,1.00,1.00
2008.07.07 08:37:29.367,1.0423,1.0425,1.90,1.00
2008.07.07 08:37:29.532,1.0423,1.04255,1.90,1.00
2008.07.07 08:37:29.855,1.0424,1.04255,1.00,1.00
2008.07.07 08:37:29.997,1.0424,1.04245,1.00,1.00
2008.07.07 08:37:30.166,1.0424,1.04255,1.00,1.00
2008.07.07 08:37:30.482,1.0424,1.04255,1.00,3.70
2008.07.07 08:37:32.404,1.0424,1.04255,1.00,1.00
2008.07.07 08:37:32.914,1.0424,1.04255,3.70,1.00
2008.07.07 08:37:33.209,1.0424,1.0426,1.40,3.70
2008.07.07 08:37:33.395,1.0424,1.0426,1.40,1.00
2008.07.07 08:37:33.507,1.0425,1.0426,1.00,1.00
2008.07.07 08:37:34.150,1.0424,1.0426,1.00,1.00
2008.07.07 08:37:34.478,1.0424,1.04255,1.00,1.00
2008.07.07 08:37:37.840,1.0423,1.0425,1.90,1.00
2008.07.07 08:37:38.106,1.04225,1.04245,1.00,1.00
2008.07.07 08:37:38.366,1.0422,1.0424,1.30,1.00
2008.07.07 08:37:39.156,1.0422,1.0424,1.00,1.00
2008.07.07 08:37:39.985,1.0422,1.0424,3.70,1.00
2008.07.07 08:37:40.075,1.0422,1.0424,1.30,1.00
2008.07.07 08:37:40.409,1.0422,1.04245,1.90,3.70
2008.07.07 08:37:40.714,1.0422,1.04245,1.90,1.00
2008.07.07 08:37:40.809,1.0423,1.04245,1.00,1.00
2008.07.07 08:37:44.626,1.0423,1.0424,1.00,1.00
2008.07.07 08:37:46.289,1.0422,1.0424,1.00,1.30
2008.07.07 08:37:46.688,1.0422,1.04235,1.00,1.00
2008.07.07 08:37:47.970,1.0422,1.04235,3.70,1.00
2008.07.07 08:37:48.223,1.0422,1.0424,3.70,4.20
2008.07.07 08:37:48.303,1.0422,1.04235,3.70,1.00
2008.07.07 08:37:48.393,1.0422,1.0424,3.70,4.20
2008.07.07 08:37:48.641,1.0422,1.0424,3.70,1.30
2008.07.07 08:37:48.783,1.0423,1.0424,1.00,1.00
2008.07.07 08:37:50.636,1.0423,1.04245,1.00,3.70
2008.07.07 08:37:50.996,1.0423,1.04245,1.00,1.00
2008.07.07 08:37:52.314,1.0423,1.0424,1.00,1.00
2008.07.07 08:37:59.040,1.0422,1.0424,3.70,1.30
2008.07.07 08:37:59.733,1.0423,1.0424,1.00,1.00
2008.07.07 08:38:02.511,1.0422,1.0424,1.00,1.30
2008.07.07 08:38:02.997,1.0422,1.04235,1.00,1.00
2008.07.07 08:38:03.628,1.0422,1.0423,1.00,1.00
2008.07.07 08:38:04.187,1.0422,1.04235,1.00,3.70
2008.07.07 08:38:04.419,1.0422,1.04235,1.00,1.00
2008.07.07 08:38:05.380,1.04225,1.0424,1.00,3.30
2008.07.07 08:38:05.767,1.0422,1.0424,1.40,4.20
2008.07.07 08:38:05.981,1.0422,1.04245,3.70,1.00
2008.07.07 08:38:06.158,1.0422,1.04245,1.40,3.70
2008.07.07 08:38:06.375,1.0422,1.04245,1.40,1.00
2008.07.07 08:38:08.370,1.04225,1.0425,1.00,4.20
2008.07.07 08:38:08.698,1.0423,1.0425,1.00,1.30
2008.07.07 08:38:09.828,1.0423,1.0425,1.00,4.20
2008.07.07 08:38:10.145,1.0423,1.0424,1.00,2.80
2008.07.07 08:38:10.257,1.0422,1.0424,3.70,3.30
2008.07.07 08:38:10.399,1.0422,1.0424,1.40,3.30
2008.07.07 08:38:11.600,1.0422,1.0424,1.00,1.30
2008.07.07 08:38:11.783,1.04215,1.0423,1.00,1.00
2008.07.07 08:38:13.441,1.0422,1.0423,1.00,1.00
2008.07.07 08:38:13.894,1.04215,1.0423,2.70,1.00
2008.07.07 08:38:14.135,1.04215,1.0423,1.00,1.00
2008.07.07 08:38:16.488,1.0422,1.0423,1.00,1.00
2008.07.07 08:38:16.929,1.0422,1.0424,1.40,3.30
2008.07.07 08:38:22.335,1.0422,1.0424,1.40,1.00
2008.07.07 08:38:22.814,1.0423,1.04245,1.00,1.00
2008.07.07 08:38:23.481,1.0423,1.0425,1.00,4.20
2008.07.07 08:38:23.703,1.0423,1.0425,1.00,1.30
2008.07.07 08:38:25.082,1.0423,1.0425,1.40,1.30
2008.07.07 08:38:27.577,1.0423,1.04245,1.00,1.00
2008.07.07 08:38:28.224,1.0423,1.0424,1.00,2.80
2008.07.07 08:38:28.564,1.0423,1.04245,1.00,1.00
2008.07.07 08:38:35.494,1.0422,1.0424,3.70,1.00
2008.07.07 08:38:35.799,1.04225,1.0424,1.00,1.00
2008.07.07 08:38:35.933,1.0422,1.0424,3.70,1.00
2008.07.07 08:38:36.152,1.0422,1.0424,1.40,1.00
2008.07.07 08:38:36.262,1.0422,1.0424,1.00,1.30
2008.07.07 08:38:36.486,1.0422,1.0424,1.40,1.00
2008.07.07 08:38:36.662,1.0422,1.0424,1.00,1.30
2008.07.07 08:38:36.879,1.0422,1.0424,1.40,1.30
2008.07.07 08:38:37.096,1.0422,1.0424,1.00,1.30
2008.07.07 08:38:37.321,1.0422,1.0424,1.40,1.30
2008.07.07 08:38:37.694,1.0422,1.0424,1.00,1.30
2008.07.07 08:38:39.616,1.0422,1.0424,1.40,1.30
2008.07.07 08:38:39.905,1.0423,1.0424,1.00,1.00
2008.07.07 08:38:40.219,1.0423,1.0425,1.30,1.30
2008.07.07 08:38:40.506,1.0424,1.04255,1.00,3.70
2008.07.07 08:38:40.821,1.0424,1.04255,1.00,1.00
2008.07.07 08:38:42.153,1.0424,1.04255,1.00,3.70
2008.07.07 08:38:42.538,1.0424,1.0425,1.00,1.00
2008.07.07 08:38:42.917,1.0423,1.0425,1.40,1.30
2008.07.07 08:38:43.111,1.0423,1.0425,1.90,1.30
2008.07.07 08:38:43.510,1.0424,1.0425,1.00,1.00
2008.07.07 08:38:43.762,1.0423,1.0425,1.90,1.30
2008.07.07 08:38:45.634,1.0423,1.0425,1.90,1.00
2008.07.07 08:38:45.999,1.0423,1.0425,1.40,1.00
2008.07.07 08:38:46.219,1.0423,1.0425,1.00,1.30
2008.07.07 08:38:46.959,1.0423,1.0425,1.40,1.00
2008.07.07 08:38:47.114,1.0423,1.0425,1.00,1.30
2008.07.07 08:38:47.296,1.0423,1.0425,5.60,1.30
2008.07.07 08:38:47.481,1.0424,1.04255,1.00,2.80
2008.07.07 08:38:47.763,1.0424,1.0426,1.00,1.30
2008.07.07 08:38:48.892,1.0424,1.04255,1.00,1.00
2008.07.07 08:38:49.055,1.0423,1.0425,3.70,1.00
2008.07.07 08:38:49.239,1.0423,1.0425,1.40,1.00
2008.07.07 08:38:49.428,1.0423,1.0425,8.50,1.30
2008.07.07 08:38:49.744,1.0423,1.04245,8.50,1.00
2008.07.07 08:38:49.957,1.0423,1.04245,3.70,1.00
2008.07.07 08:38:50.327,1.0423,1.0425,3.70,4.20
2008.07.07 08:38:50.544,1.0423,1.0425,3.70,1.30
2008.07.07 08:38:50.788,1.0423,1.0425,1.40,1.00
2008.07.07 08:38:50.998,1.0423,1.0424,3.30,1.00
2008.07.07 08:38:51.448,1.0424,1.04255,1.00,1.00
2008.07.07 08:38:52.098,1.0424,1.0426,1.00,4.20
2008.07.07 08:38:52.362,1.0424,1.04255,1.00,1.00
2008.07.07 08:39:00.424,1.0423,1.0425,1.40,1.00
2008.07.07 08:39:00.493,1.0423,1.0425,3.70,1.30
2008.07.07 08:39:02.274,1.0423,1.0425,3.70,1.00
2008.07.07 08:39:03.320,1.0423,1.04245,3.70,1.00
2008.07.07 08:39:10.328,1.0423,1.04245,1.00,1.00
2008.07.07 08:39:10.508,1.0423,1.04245,3.70,1.00
2008.07.07 08:39:10.867,1.0423,1.04245,1.00,1.00
2008.07.07 08:39:14.435,1.0423,1.0425,1.00,1.00
2008.07.07 08:39:16.293,1.0423,1.04255,1.40,3.70
2008.07.07 08:39:16.325,1.0423,1.04255,1.40,1.00
2008.07.07 08:39:17.660,1.0423,1.0425,1.40,1.00
2008.07.07 08:39:18.004,1.0423,1.0425,1.00,1.30
2008.07.07 08:39:20.594,1.0423,1.0425,1.30,1.30
2008.07.07 08:39:23.491,1.04235,1.0425,1.00,1.00
2008.07.07 08:39:23.627,1.0424,1.04255,1.00,2.80
2008.07.07 08:39:23.707,1.0424,1.0426,1.00,1.30
2008.07.07 08:39:25.022,1.0424,1.04255,1.00,1.00
2008.07.07 08:39:25.234,1.0423,1.0425,1.90,1.00
2008.07.07 08:39:26.084,1.0423,1.0425,1.00,1.30
2008.07.07 08:39:27.847,1.0423,1.0425,3.70,1.30
2008.07.07 08:39:28.162,1.0424,1.0425,1.00,1.00
2008.07.07 08:39:28.327,1.0424,1.04255,1.00,3.70
2008.07.07 08:39:28.662,1.0424,1.04255,1.00,1.00
2008.07.07 08:39:29.076,1.0423,1.0425,1.90,1.00
2008.07.07 08:39:30.923,1.04235,1.0425,1.00,1.00
2008.07.07 08:39:31.522,1.0424,1.0426,1.00,1.30
2008.07.07 08:39:31.663,1.0424,1.0426,1.00,4.20
2008.07.07 08:39:31.839,1.0424,1.04255,1.00,1.00
2008.07.07 08:39:32.976,1.0424,1.0426,1.00,4.20
2008.07.07 08:39:33.137,1.0424,1.0426,1.00,1.30
2008.07.07 08:39:34.190,1.0424,1.04255,1.00,1.00
2008.07.07 08:39:37.440,1.0424,1.0426,1.00,4.20
2008.07.07 08:39:37.517,1.0424,1.0426,3.70,4.20
2008.07.07 08:39:37.676,1.0424,1.0426,3.70,1.30
2008.07.07 08:39:37.834,1.0424,1.0426,1.00,1.30
2008.07.07 08:39:37.935,1.0424,1.0426,1.40,1.30
2008.07.07 08:39:38.047,1.0424,1.0426,1.00,1.30
2008.07.07 08:39:39.635,1.0424,1.0426,1.40,1.30
2008.07.07 08:39:39.962,1.04245,1.0426,1.00,1.00
2008.07.07 08:39:40.172,1.0425,1.0426,4.80,1.00
2008.07.07 08:39:40.276,1.0425,1.0427,1.40,1.00
2008.07.07 08:39:41.818,1.0425,1.0427,5.60,1.30
2008.07.07 08:39:42.129,1.0425,1.0427,1.40,1.30
2008.07.07 08:39:42.463,1.0425,1.0427,1.40,1.00
2008.07.07 08:39:47.915,1.0426,1.04275,1.00,1.00
2008.07.07 08:39:48.596,1.0425,1.0427,1.40,1.30
2008.07.07 08:39:48.963,1.0425,1.0427,1.40,1.00
2008.07.07 08:39:49.171,1.0425,1.0427,3.70,1.30
2008.07.07 08:39:49.480,1.0425,1.0427,1.40,1.30
2008.07.07 08:39:49.854,1.04265,1.0427,1.30,1.00
2008.07.07 08:39:50.109,1.0427,1.04275,1.00,3.70
2008.07.07 08:39:50.582,1.0425,1.0427,1.30,1.30
2008.07.07 08:39:50.856,1.0426,1.04275,1.00,3.70
2008.07.07 08:39:51.095,1.0426,1.04275,1.00,1.00
2008.07.07 08:39:52.009,1.0426,1.0427,1.00,1.00
2008.07.07 08:39:52.430,1.0426,1.04275,1.00,3.70
2008.07.07 08:39:52.669,1.0426,1.04275,1.00,1.00
2008.07.07 08:39:53.117,1.0425,1.0427,1.00,1.30
2008.07.07 08:39:53.289,1.0425,1.04265,1.00,1.00
2008.07.07 08:39:53.584,1.0425,1.0427,1.00,1.30
2008.07.07 08:39:53.741,1.0425,1.0427,1.00,4.20
2008.07.07 08:39:54.223,1.0425,1.0427,1.00,1.30
2008.07.07 08:39:54.584,1.0426,1.04275,1.00,2.80
2008.07.07 08:39:54.939,1.0426,1.04275,1.00,1.00
2008.07.07 08:39:55.290,1.0425,1.04275,1.40,1.00
2008.07.07 08:39:55.534,1.0426,1.04275,1.00,1.00
2008.07.07 08:39:55.911,1.0425,1.04275,1.40,1.00
2008.07.07 08:39:56.526,1.0426,1.04275,1.00,1.00
2008.07.07 08:39:56.751,1.0426,1.0428,1.00,4.20
2008.07.07 08:39:56.979,1.04255,1.0427,1.00,1.00
2008.07.07 08:39:57.231,1.0425,1.0427,3.10,1.30
2008.07.07 08:39:57.447,1.0425,1.0427,1.40,1.00
2008.07.07 08:39:57.673,1.0426,1.04275,1.00,3.70
2008.07.07 08:39:59.666,1.0426,1.0427,1.00,1.00
2008.07.07 08:40:00.145,1.0426,1.04275,1.00,3.70
2008.07.07 08:40:00.335,1.0426,1.04275,1.00,1.00
2008.07.07 08:40:00.913,1.0426,1.04275,1.00,3.70
2008.07.07 08:40:01.202,1.0426,1.04275,1.00,1.00
2008.07.07 08:40:01.421,1.0425,1.0427,1.40,1.00
2008.07.07 08:40:02.167,1.0425,1.04265,3.70,1.00
2008.07.07 08:40:02.360,1.0425,1.0427,1.00,1.30
2008.07.07 08:40:02.555,1.0425,1.0427,1.40,1.00
2008.07.07 08:40:02.959,1.0425,1.0427,3.70,1.30
2008.07.07 08:40:03.150,1.0425,1.0427,1.40,1.00
2008.07.07 08:40:03.380,1.0425,1.04275,1.40,3.70
2008.07.07 08:40:03.604,1.0425,1.04275,1.40,1.00
2008.07.07 08:40:03.841,1.0426,1.0428,1.00,4.20
2008.07.07 08:40:04.056,1.0426,1.0428,1.40,3.30
2008.07.07 08:40:04.828,1.04255,1.0427,2.70,1.00
2008.07.07 08:40:05.165,1.0425,1.0427,3.70,3.30
2008.07.07 08:40:05.430,1.0425,1.0427,1.40,1.00
2008.07.07 08:40:06.681,1.0425,1.0426,1.00,1.00
2008.07.07 08:40:06.990,1.04245,1.0426,2.20,1.00
2008.07.07 08:40:07.294,1.0425,1.0427,1.00,4.20
2008.07.07 08:40:07.590,1.0425,1.0427,1.40,1.00
2008.07.07 08:40:09.485,1.0425,1.0427,1.40,1.30
2008.07.07 08:40:09.907,1.0425,1.0427,1.40,1.00
2008.07.07 08:40:11.388,1.0425,1.0427,1.40,1.30
2008.07.07 08:40:11.765,1.0425,1.0427,1.40,1.00
2008.07.07 08:40:11.920,1.0425,1.04265,1.00,1.00
2008.07.07 08:40:17.049,1.0425,1.0427,1.00,4.20
2008.07.07 08:40:17.166,1.0425,1.0427,1.00,1.30
2008.07.07 08:40:17.422,1.0425,1.0427,1.40,1.30
2008.07.07 08:40:17.700,1.0425,1.0427,1.00,1.30
2008.07.07 08:40:18.037,1.0425,1.04265,1.00,1.00
2008.07.07 08:40:19.395,1.0425,1.0427,1.00,1.30
2008.07.07 08:40:19.596,1.0425,1.0427,1.40,1.30
2008.07.07 08:40:19.844,1.0425,1.0427,1.00,1.30
2008.07.07 08:40:20.445,1.0424,1.0426,3.70,1.00
2008.07.07 08:40:20.761,1.0424,1.0426,1.90,1.00
2008.07.07 08:40:20.964,1.0425,1.0426,1.00,1.00
2008.07.07 08:40:21.343,1.0425,1.04265,1.00,1.00
2008.07.07 08:40:22.698,1.0424,1.0426,1.40,1.00
2008.07.07 08:40:26.360,1.0425,1.04265,3.70,1.00
2008.07.07 08:40:26.481,1.0425,1.0427,1.40,4.20
2008.07.07 08:40:26.565,1.0425,1.0427,1.40,1.00
2008.07.07 08:40:27.136,1.0425,1.0427,1.40,1.30
2008.07.07 08:40:28.442,1.0425,1.0427,1.40,1.00
2008.07.07 08:40:31.236,1.0425,1.0427,1.40,1.30
2008.07.07 08:40:32.268,1.0424,1.0426,1.40,1.00
2008.07.07 08:40:32.546,1.04245,1.0426,1.00,1.00
2008.07.07 08:40:32.672,1.0425,1.0427,1.00,4.20
2008.07.07 08:40:32.823,1.0425,1.04265,1.00,1.00
2008.07.07 08:40:33.639,1.0424,1.0426,1.40,1.00
2008.07.07 08:40:33.898,1.0425,1.04265,1.00,1.00
2008.07.07 08:40:36.360,1.0425,1.0426,1.00,1.00
2008.07.07 08:40:40.778,1.0424,1.0426,1.00,1.30
2008.07.07 08:40:41.956,1.0424,1.0426,3.70,1.30
2008.07.07 08:40:42.094,1.0425,1.0426,1.00,1.00
2008.07.07 08:40:43.386,1.0424,1.0426,1.00,1.30
2008.07.07 08:40:43.792,1.0424,1.04255,1.00,1.00
2008.07.07 08:40:44.084,1.0423,1.0425,1.40,1.00
2008.07.07 08:40:44.653,1.0423,1.04255,1.40,1.00
2008.07.07 08:40:45.043,1.0424,1.04255,1.00,1.00
2008.07.07 08:40:51.972,1.0423,1.0425,1.40,1.00
2008.07.07 08:40:52.584,1.0424,1.04255,1.00,1.00
2008.07.07 08:40:53.900,1.0424,1.0425,1.00,1.00
2008.07.07 08:40:54.689,1.0424,1.04255,1.00,3.70
2008.07.07 08:40:54.971,1.0424,1.0425,1.00,1.00
2008.07.07 08:40:55.480,1.04225,1.0424,2.20,1.00
2008.07.07 08:40:55.835,1.0422,1.0424,4.30,1.00
2008.07.07 08:40:56.034,1.0422,1.0424,1.40,1.00
2008.07.07 08:40:57.313,1.0423,1.04245,1.00,1.00
2008.07.07 08:40:57.654,1.0423,1.0425,1.40,1.00
2008.07.07 08:40:58.039,1.04235,1.0425,1.00,1.00
2008.07.07 08:40:59.542,1.0423,1.0425,1.40,1.00
2008.07.07 08:41:00.540,1.0423,1.0425,1.00,1.00
2008.07.07 08:41:00.765,1.04225,1.0425,2.70,1.30
2008.07.07 08:41:01.016,1.04225,1.0425,1.00,1.30
2008.07.07 08:41:01.665,1.04225,1.0424,1.00,1.00
2008.07.07 08:41:03.706,1.0423,1.0425,1.00,1.30
2008.07.07 08:41:06.080,1.0423,1.0425,1.40,1.30
2008.07.07 08:41:07.093,1.0423,1.0425,1.90,1.30
2008.07.07 08:41:07.345,1.0423,1.0425,1.40,1.30
2008.07.07 08:41:07.759,1.0424,1.0425,1.00,1.00
2008.07.07 08:41:08.167,1.0423,1.0425,1.40,1.00
2008.07.07 08:41:08.801,1.04235,1.0426,1.00,1.30
2008.07.07 08:41:09.299,1.0424,1.0426,1.00,1.30
2008.07.07 08:41:09.828,1.04235,1.0426,1.00,1.30
2008.07.07 08:41:10.697,1.04235,1.0425,1.00,1.00
2008.07.07 08:41:13.839,1.0424,1.0426,1.00,1.30
2008.07.07 08:41:16.663,1.0424,1.0426,1.40,1.30
2008.07.07 08:41:16.766,1.04245,1.0426,1.00,5.20
2008.07.07 08:41:17.106,1.0424,1.0426,3.70,1.30
2008.07.07 08:41:17.373,1.0424,1.0426,3.10,1.30
2008.07.07 08:41:17.545,1.0424,1.0426,1.40,1.30
2008.07.07 08:41:18.457,1.0424,1.0426,1.00,1.30
2008.07.07 08:41:19.989,1.0424,1.0426,1.40,1.00
2008.07.07 08:41:20.105,1.0424,1.0426,3.70,1.30
2008.07.07 08:41:20.234,1.04245,1.0426,1.00,1.00
2008.07.07 08:41:20.396,1.0424,1.0426,1.40,1.00
2008.07.07 08:41:20.496,1.04245,1.0426,1.00,1.00
2008.07.07 08:41:21.284,1.0425,1.0427,1.00,1.30
2008.07.07 08:41:23.846,1.0425,1.04265,1.00,1.00
2008.07.07 08:41:27.449,1.0425,1.0427,1.00,4.20
2008.07.07 08:41:27.594,1.0425,1.0427,1.00,1.30
2008.07.07 08:41:27.938,1.0425,1.04265,1.00,1.00
2008.07.07 08:41:28.284,1.0425,1.0427,1.00,4.20
2008.07.07 08:41:28.492,1.0425,1.0427,1.00,1.30
2008.07.07 08:41:29.261,1.0425,1.0427,1.40,1.00
2008.07.07 08:41:32.683,1.0425,1.0427,1.00,1.30
2008.07.07 08:41:38.378,1.0425,1.0427,1.40,1.30
2008.07.07 08:41:38.658,1.0425,1.0426,1.00,1.00
2008.07.07 08:41:38.717,1.04245,1.0426,2.70,1.00
2008.07.07 08:41:38.907,1.04245,1.0426,1.00,1.00
2008.07.07 08:41:42.742,1.0425,1.0426,1.00,1.00
2008.07.07 08:41:42.931,1.0425,1.0427,1.40,1.30
2008.07.07 08:41:43.426,1.04245,1.0426,2.70,1.00
2008.07.07 08:41:43.586,1.04245,1.0426,1.00,1.00
2008.07.07 08:41:45.950,1.0424,1.0426,1.40,1.00
2008.07.07 08:41:48.382,1.0424,1.0426,1.90,1.00
2008.07.07 08:41:48.650,1.0424,1.0426,4.20,1.00
2008.07.07 08:41:48.715,1.04245,1.0426,1.00,1.00
2008.07.07 08:41:49.523,1.0424,1.0426,1.90,1.00
2008.07.07 08:41:56.024,1.04245,1.0426,1.00,1.00
2008.07.07 08:41:56.089,1.0424,1.0426,1.90,1.00
2008.07.07 08:41:59.389,1.0425,1.0426,1.00,1.00
2008.07.07 08:41:59.548,1.0425,1.0427,1.40,3.30
2008.07.07 08:41:59.627,1.0425,1.0427,1.40,5.20
2008.07.07 08:42:00.362,1.0425,1.0427,1.00,1.30
2008.07.07 08:42:03.064,1.0425,1.04265,1.00,1.00
2008.07.07 08:42:03.114,1.0425,1.0427,1.00,1.30
2008.07.07 08:42:03.423,1.0426,1.0427,1.00,5.60
2008.07.07 08:42:05.301,1.0426,1.0427,1.00,1.00
2008.07.07 08:42:05.444,1.0426,1.04275,1.00,3.70
2008.07.07 08:42:05.576,1.0426,1.0427,1.00,1.00
2008.07.07 08:42:05.707,1.0426,1.0427,1.00,5.60
2008.07.07 08:42:05.868,1.0426,1.04275,1.00,3.70
2008.07.07 08:42:06.141,1.0426,1.0427,1.00,4.80
2008.07.07 08:42:07.515,1.0426,1.0427,1.00,5.60
2008.07.07 08:42:07.708,1.0426,1.04275,1.00,3.70
2008.07.07 08:42:07.834,1.0426,1.0427,1.00,4.80
2008.07.07 08:42:09.696,1.0426,1.04275,1.00,1.00
2008.07.07 08:42:09.852,1.0426,1.04275,1.00,3.70
2008.07.07 08:42:10.067,1.0426,1.04275,1.00,1.00
2008.07.07 08:42:13.167,1.0426,1.0427,1.00,1.00
2008.07.07 08:42:13.463,1.0425,1.0427,1.40,1.30
2008.07.07 08:42:21.678,1.0425,1.0426,1.00,1.00
2008.07.07 08:42:22.218,1.04245,1.0426,2.20,1.30
2008.07.07 08:42:22.487,1.0424,1.0426,1.40,1.30
2008.07.07 08:42:22.756,1.0424,1.0426,1.40,1.00
2008.07.07 08:42:24.738,1.0424,1.0426,1.40,1.30
2008.07.07 08:42:32.232,1.0424,1.0426,3.70,1.30
2008.07.07 08:42:39.544,1.0424,1.0426,1.00,1.30
2008.07.07 08:42:40.046,1.0424,1.0426,1.40,1.30
2008.07.07 08:42:40.709,1.0424,1.0426,1.40,1.00
2008.07.07 08:42:40.902,1.0424,1.0426,1.40,1.30
2008.07.07 08:42:43.140,1.04245,1.0426,1.00,1.00
2008.07.07 08:42:52.297,1.0424,1.0426,3.70,1.30
2008.07.07 08:42:52.370,1.0424,1.0426,1.40,1.30
2008.07.07 08:42:53.681,1.04245,1.0426,1.00,1.00
2008.07.07 08:42:53.839,1.0425,1.0426,1.00,1.00
2008.07.07 08:42:54.593,1.0425,1.0427,1.40,1.30
2008.07.07 08:42:56.879,1.0425,1.0426,1.00,1.00
2008.07.07 08:42:57.182,1.04245,1.0426,2.70,1.00
2008.07.07 08:42:57.374,1.0425,1.0426,1.00,1.00
2008.07.07 08:42:57.508,1.04245,1.0426,2.70,1.00
2008.07.07 08:42:57.607,1.04245,1.0426,1.00,1.00
2008.07.07 08:43:00.510,1.0424,1.0426,3.70,1.00
2008.07.07 08:43:00.721,1.0424,1.0426,3.70,1.30
2008.07.07 08:43:00.873,1.04245,1.0426,1.00,1.00
2008.07.07 08:43:01.338,1.0425,1.0427,1.00,4.20
2008.07.07 08:43:01.622,1.0425,1.0427,1.00,1.30
2008.07.07 08:43:02.079,1.0425,1.04265,1.00,1.00
2008.07.07 08:43:03.517,1.0425,1.0427,1.00,4.20
2008.07.07 08:43:03.692,1.0425,1.0427,1.00,1.30
2008.07.07 08:43:15.586,1.0425,1.04265,1.00,1.00
2008.07.07 08:43:18.532,1.0424,1.0426,1.40,3.30
2008.07.07 08:43:23.416,1.0424,1.0426,1.40,1.00
2008.07.07 08:43:23.589,1.0425,1.04265,1.00,1.00
2008.07.07 08:43:24.005,1.0425,1.0427,1.00,4.20
2008.07.07 08:43:24.482,1.0425,1.0427,1.00,1.30
2008.07.07 08:43:27.767,1.0425,1.04265,1.00,1.00
2008.07.07 08:43:28.524,1.0424,1.0426,1.40,1.00
2008.07.07 08:43:31.553,1.0425,1.04265,1.00,1.00
2008.07.07 08:43:32.347,1.0425,1.0427,1.00,4.20
2008.07.07 08:43:32.608,1.0425,1.0427,1.00,1.30
2008.07.07 08:44:01.293,1.0425,1.0427,1.40,1.30
2008.07.07 08:44:01.719,1.0425,1.0427,1.40,1.00
2008.07.07 08:44:02.049,1.0425,1.0427,1.40,1.30
2008.07.07 08:44:02.942,1.0425,1.0427,1.00,1.30
2008.07.07 08:44:19.303,1.0425,1.0427,1.40,1.30
2008.07.07 08:44:19.899,1.0425,1.0427,1.40,1.00
2008.07.07 08:44:20.471,1.0425,1.0426,1.00,1.00
2008.07.07 08:44:20.704,1.0424,1.0426,1.40,1.00
2008.07.07 08:44:20.929,1.0424,1.0426,1.40,1.30
2008.07.07 08:44:23.261,1.04245,1.0426,1.00,1.00
2008.07.07 08:44:24.541,1.04245,1.0425,1.00,1.00
2008.07.07 08:44:24.821,1.04235,1.0425,2.70,1.00
2008.07.07 08:44:25.000,1.04235,1.0425,1.00,1.00
2008.07.07 08:44:25.203,1.0424,1.0426,5.60,1.30
2008.07.07 08:44:25.519,1.0424,1.0426,1.00,1.30
2008.07.07 08:44:26.008,1.04245,1.0426,1.00,1.00
2008.07.07 08:44:26.096,1.0425,1.0427,1.00,1.30
2008.07.07 08:44:27.382,1.0424,1.0426,3.10,1.30
2008.07.07 08:44:27.609,1.0424,1.0426,1.00,1.30
2008.07.07 08:44:28.253,1.0424,1.0426,1.40,1.00
2008.07.07 08:44:28.653,1.0424,1.0426,1.40,1.30
2008.07.07 08:44:29.255,1.0424,1.0426,1.00,1.30
2008.07.07 08:44:30.141,1.0424,1.0426,1.40,1.00
2008.07.07 08:44:30.577,1.0424,1.0426,1.40,1.30
2008.07.07 08:44:30.696,1.04245,1.0426,1.00,1.00
2008.07.07 08:44:32.943,1.0425,1.0427,1.00,1.30
2008.07.07 08:44:33.148,1.0425,1.0427,1.40,1.00
2008.07.07 08:44:33.892,1.04245,1.0426,2.20,1.00
2008.07.07 08:44:34.272,1.0424,1.0426,6.20,1.00
2008.07.07 08:44:35.071,1.0424,1.0426,6.20,1.30
2008.07.07 08:44:35.269,1.0424,1.0426,1.40,1.30
2008.07.07 08:44:41.473,1.0424,1.0426,1.00,1.30
2008.07.07 08:44:44.350,1.0424,1.0426,1.40,1.30
2008.07.07 08:44:45.794,1.0424,1.0426,1.00,1.30
2008.07.07 08:44:47.981,1.0424,1.0426,1.40,1.00
2008.07.07 08:44:48.519,1.0425,1.04265,1.00,1.00
2008.07.07 08:44:48.791,1.0425,1.0427,1.40,1.30
2008.07.07 08:44:49.219,1.0425,1.0427,1.40,1.00
2008.07.07 08:45:00.858,1.0425,1.0426,1.00,1.00
2008.07.07 08:45:01.066,1.0424,1.0426,6.20,1.00
2008.07.07 08:45:01.272,1.04245,1.0426,1.00,1.00
2008.07.07 08:45:01.952,1.0425,1.04265,1.00,1.00
2008.07.07 08:45:02.209,1.0425,1.0427,1.40,3.30
2008.07.07 08:45:02.413,1.0425,1.0427,1.40,1.00
2008.07.07 08:45:02.709,1.0425,1.0427,1.40,5.20
2008.07.07 08:45:03.287,1.0426,1.0427,1.00,4.80
2008.07.07 08:45:03.467,1.0426,1.04275,1.00,1.00
2008.07.07 08:45:04.128,1.0426,1.0428,1.00,1.30
2008.07.07 08:45:04.741,1.0426,1.0428,1.40,1.30
2008.07.07 08:45:05.445,1.0426,1.0428,1.00,1.30
2008.07.07 08:45:05.701,1.0426,1.0428,1.40,5.20
2008.07.07 08:45:05.886,1.0426,1.0428,1.40,1.00
2008.07.07 08:45:06.311,1.0427,1.0429,1.00,4.20
2008.07.07 08:45:06.534,1.0427,1.0429,1.00,1.30
2008.07.07 08:45:06.738,1.0427,1.04285,1.00,1.00
2008.07.07 08:45:13.114,1.0426,1.0428,1.40,1.00
2008.07.07 08:45:16.518,1.0426,1.04275,1.00,1.00
2008.07.07 08:45:16.790,1.0426,1.04275,3.70,1.00
2008.07.07 08:45:17.154,1.0425,1.0427,1.40,1.00
2008.07.07 08:45:17.405,1.0425,1.0427,3.70,1.30
2008.07.07 08:45:17.936,1.0425,1.0427,3.70,1.00
2008.07.07 08:45:18.186,1.0425,1.0427,1.40,1.00
2008.07.07 08:45:27.527,1.0425,1.04265,1.00,1.00
2008.07.07 08:45:27.620,1.04245,1.0426,2.20,1.00
2008.07.07 08:45:27.711,1.0424,1.0426,1.40,1.00
2008.07.07 08:45:27.976,1.0425,1.0426,1.00,1.00
2008.07.07 08:45:28.252,1.0425,1.0426,3.30,1.00
2008.07.07 08:45:28.628,1.0425,1.0427,1.40,1.00
2008.07.07 08:45:31.897,1.0425,1.04265,1.00,1.00
2008.07.07 08:45:32.171,1.0424,1.0426,1.40,1.00
2008.07.07 08:45:35.153,1.0425,1.0426,1.00,1.00
2008.07.07 08:45:35.470,1.04245,1.0426,1.00,1.00
2008.07.07 08:45:37.695,1.04245,1.0427,1.00,1.30
2008.07.07 08:45:40.534,1.0425,1.0427,1.00,1.30
2008.07.07 08:45:41.098,1.0425,1.0427,1.40,1.00
2008.07.07 08:45:41.264,1.0425,1.0427,1.00,1.30
2008.07.07 08:45:41.710,1.04245,1.0426,1.00,1.00
2008.07.07 08:45:42.008,1.0425,1.0427,1.00,1.30
2008.07.07 08:45:42.279,1.0425,1.0427,1.40,1.30
2008.07.07 08:45:42.550,1.0425,1.0427,1.40,1.00
2008.07.07 08:45:43.372,1.04255,1.0427,1.00,1.00
2008.07.07 08:45:43.784,1.0425,1.0427,1.40,1.00
2008.07.07 08:45:43.957,1.0425,1.0427,1.40,1.30
2008.07.07 08:45:44.320,1.0425,1.0427,1.40,1.00
2008.07.07 08:45:44.708,1.0425,1.0427,1.00,1.30
2008.07.07 08:45:45.258,1.04245,1.0426,1.00,1.00
2008.07.07 08:45:45.577,1.0425,1.0427,1.00,1.30
2008.07.07 08:45:47.256,1.0425,1.04265,1.00,1.00
2008.07.07 08:45:47.428,1.0425,1.0427,1.00,1.30
2008.07.07 08:45:47.638,1.0425,1.0427,1.00,4.20
2008.07.07 08:45:47.856,1.0425,1.0427,1.40,3.30
2008.07.07 08:45:48.057,1.0425,1.0427,1.40,1.00
2008.07.07 08:45:48.289,1.0425,1.0427,1.00,1.30
2008.07.07 08:45:48.701,1.0425,1.0427,1.00,4.20
2008.07.07 08:45:49.737,1.0425,1.0427,1.00,1.30
2008.07.07 08:45:50.117,1.0425,1.0427,1.40,1.00
2008.07.07 08:45:51.674,1.04255,1.0427,1.00,1.00
2008.07.07 08:45:55.739,1.0425,1.0427,3.70,1.00
2008.07.07 08:45:56.000,1.0425,1.0427,1.40,1.00
2008.07.07 08:45:56.119,1.04255,1.0427,1.00,1.00
2008.07.07 08:45:58.151,1.0425,1.0427,3.70,1.00
2008.07.07 08:45:58.350,1.0425,1.0427,1.40,1.00
2008.07.07 08:45:58.581,1.0425,1.0427,1.90,1.00
2008.07.07 08:45:58.805,1.0426,1.0427,1.00,1.00
2008.07.07 08:46:01.320,1.04255,1.0427,1.00,1.00
2008.07.07 08:46:01.712,1.0426,1.0427,1.00,1.00
2008.07.07 08:46:02.005,1.0427,1.0428,1.00,1.00
2008.07.07 08:46:02.544,1.0427,1.04285,1.00,2.80
2008.07.07 08:46:02.934,1.0427,1.04275,1.00,1.00
2008.07.07 08:46:03.186,1.0426,1.0428,1.40,1.00
2008.07.07 08:46:03.848,1.04265,1.0428,1.00,1.00
2008.07.07 08:46:05.046,1.0427,1.04285,1.00,1.00
2008.07.07 08:46:05.421,1.0427,1.0429,1.40,3.30
2008.07.07 08:46:05.660,1.0427,1.0429,1.40,8.10
2008.07.07 08:46:06.256,1.0427,1.04285,1.00,1.00
2008.07.07 08:46:06.825,1.0427,1.04285,1.80,1.00
2008.07.07 08:46:07.186,1.0428,1.0429,1.00,3.70
2008.07.07 08:46:07.438,1.0428,1.0429,1.00,8.50
2008.07.07 08:46:07.689,1.0428,1.04285,1.00,1.00
2008.07.07 08:46:08.585,1.0428,1.0429,1.00,3.70
2008.07.07 08:46:08.780,1.0427,1.0429,1.00,3.70
2008.07.07 08:46:08.962,1.0427,1.0429,1.00,4.20
2008.07.07 08:46:09.406,1.0427,1.04285,1.00,1.00
2008.07.07 08:46:09.610,1.0427,1.0428,1.00,1.00
2008.07.07 08:46:10.298,1.0427,1.04285,1.00,3.70
2008.07.07 08:46:10.537,1.0427,1.0429,1.00,3.70
2008.07.07 08:46:10.762,1.0427,1.0429,1.00,5.60
2008.07.07 08:46:11.021,1.0427,1.04275,1.00,1.00
2008.07.07 08:46:11.248,1.0427,1.0428,1.00,1.00
2008.07.07 08:46:11.505,1.0427,1.0428,1.00,3.70
2008.07.07 08:46:11.740,1.0427,1.0428,1.00,1.00
2008.07.07 08:46:12.379,1.0428,1.04285,1.00,3.20
2008.07.07 08:46:13.672,1.0426,1.04275,3.70,1.00
2008.07.07 08:46:14.001,1.04275,1.0428,1.30,2.80
2008.07.07 08:46:14.290,1.0428,1.04285,1.00,1.00
2008.07.07 08:46:14.528,1.04275,1.0428,1.30,1.00
2008.07.07 08:46:14.690,1.0428,1.0429,1.00,3.70
2008.07.07 08:46:14.830,1.0428,1.0429,1.00,1.00
2008.07.07 08:46:15.136,1.0427,1.0429,1.00,1.30
2008.07.07 08:46:15.640,1.04275,1.0428,1.30,1.00
2008.07.07 08:46:16.223,1.0427,1.0428,1.00,1.00
2008.07.07 08:46:16.788,1.0428,1.04285,1.00,3.70
2008.07.07 08:46:16.996,1.0428,1.04285,1.00,1.00
2008.07.07 08:46:17.318,1.0427,1.04285,1.00,1.00
2008.07.07 08:46:18.029,1.0427,1.0428,1.00,1.00
2008.07.07 08:46:18.473,1.0426,1.04275,1.00,1.00
2008.07.07 08:46:18.843,1.0426,1.0427,1.00,1.00
2008.07.07 08:46:19.008,1.0427,1.04275,1.00,3.20
2008.07.07 08:46:19.511,1.0427,1.04275,1.00,3.70
2008.07.07 08:46:19.852,1.0426,1.0427,1.00,1.00
2008.07.07 08:46:21.789,1.0425,1.0427,1.00,1.30
2008.07.07 08:46:22.040,1.0425,1.04265,1.00,2.80
2008.07.07 08:46:22.297,1.0426,1.04265,1.00,1.00
2008.07.07 08:46:23.366,1.04255,1.0426,1.30,1.00
2008.07.07 08:46:23.637,1.0426,1.0427,1.00,3.70
2008.07.07 08:46:24.065,1.0426,1.0427,1.00,1.00
2008.07.07 08:46:25.901,1.0426,1.0427,1.00,3.70
2008.07.07 08:46:26.179,1.0426,1.04265,1.00,1.00
2008.07.07 08:46:27.033,1.0425,1.04265,1.00,1.00
2008.07.07 08:46:28.669,1.0424,1.0426,1.00,1.30
2008.07.07 08:46:28.918,1.0424,1.0426,1.00,4.20
2008.07.07 08:46:29.232,1.0424,1.04255,1.00,1.00
2008.07.07 08:46:29.476,1.0425,1.04255,1.00,1.00
2008.07.07 08:46:29.795,1.0425,1.0426,1.00,3.70
2008.07.07 08:46:30.792,1.0424,1.0426,1.00,4.20
2008.07.07 08:46:31.109,1.0424,1.04255,1.00,1.00
2008.07.07 08:46:33.262,1.0425,1.04255,1.00,1.00
2008.07.07 08:46:33.806,1.0424,1.04255,1.00,1.00
2008.07.07 08:46:35.661,1.0425,1.04255,1.00,1.00
2008.07.07 08:46:37.357,1.0424,1.04255,1.00,1.00
2008.07.07 08:46:38.106,1.0424,1.0426,1.00,1.30
2008.07.07 08:46:38.319,1.0425,1.0426,1.00,1.00
2008.07.07 08:46:38.487,1.0425,1.04265,1.00,1.00
2008.07.07 08:46:38.976,1.0425,1.0426,1.00,1.00
2008.07.07 08:46:39.141,1.0425,1.04255,1.00,1.00
2008.07.07 08:46:39.302,1.0424,1.04255,1.00,1.00
2008.07.07 08:46:39.774,1.0423,1.04255,1.40,1.00
2008.07.07 08:46:40.340,1.0424,1.04255,1.00,1.00
2008.07.07 08:46:40.571,1.0424,1.0425,1.00,1.00
2008.07.07 08:46:42.870,1.0423,1.0425,1.40,1.00
2008.07.07 08:46:43.142,1.0423,1.04245,1.00,1.00
2008.07.07 08:46:47.195,1.0424,1.04245,1.00,1.00
2008.07.07 08:46:47.479,1.0424,1.0425,1.00,3.70
2008.07.07 08:46:47.652,1.0424,1.0425,1.00,1.00
2008.07.07 08:46:48.290,1.0424,1.04255,1.00,3.70
2008.07.07 08:46:48.421,1.0424,1.0425,1.00,1.00
2008.07.07 08:46:48.557,1.0424,1.04255,1.00,1.00
2008.07.07 08:46:48.966,1.0423,1.04255,3.70,1.00
2008.07.07 08:46:49.102,1.0423,1.04245,3.10,1.00
2008.07.07 08:46:49.277,1.0423,1.04245,1.00,1.00
2008.07.07 08:46:49.428,1.0424,1.04245,1.00,1.00
2008.07.07 08:46:49.622,1.0424,1.0425,1.00,1.00
2008.07.07 08:46:50.106,1.0424,1.04255,1.00,3.70
2008.07.07 08:46:50.272,1.0424,1.04255,1.00,1.00
2008.07.07 08:46:55.770,1.0424,1.0425,1.00,1.00
2008.07.07 08:46:56.135,1.0424,1.04255,1.00,3.70
2008.07.07 08:46:56.325,1.0424,1.04255,1.00,1.00
2008.07.07 08:47:00.273,1.0424,1.0425,1.00,1.00
2008.07.07 08:47:00.370,1.0424,1.04255,1.00,1.00
2008.07.07 08:47:00.744,1.0425,1.04255,1.00,1.00
2008.07.07 08:47:01.119,1.0425,1.0426,1.00,3.70
2008.07.07 08:47:01.478,1.0425,1.0426,1.00,1.00
2008.07.07 08:47:01.705,1.0425,1.04265,1.00,3.70
2008.07.07 08:47:01.918,1.0426,1.04265,1.00,1.00
2008.07.07 08:47:02.316,1.04255,1.0426,1.30,1.00
2008.07.07 08:47:02.647,1.0425,1.0426,1.00,1.00
2008.07.07 08:47:05.815,1.0425,1.04255,1.00,1.00
2008.07.07 08:47:07.691,1.0425,1.0426,1.00,2.80
2008.07.07 08:47:08.006,1.0425,1.04265,1.00,1.00
2008.07.07 08:47:11.258,1.0426,1.04265,1.00,1.00
2008.07.07 08:47:15.104,1.0426,1.0427,1.00,3.70
2008.07.07 08:47:15.207,1.0426,1.04265,1.00,1.00
2008.07.07 08:47:15.511,1.04255,1.0426,1.30,4.80
2008.07.07 08:47:16.038,1.0426,1.04265,1.00,1.00
2008.07.07 08:47:17.908,1.04255,1.0426,1.30,1.00
2008.07.07 08:47:18.506,1.0425,1.0426,1.00,1.00
2008.07.07 08:47:18.876,1.04245,1.0425,1.30,1.00
2008.07.07 08:47:19.707,1.0426,1.0427,1.00,8.80
2008.07.07 08:47:19.865,1.04255,1.0426,1.30,1.00
2008.07.07 08:47:20.051,1.0425,1.0426,1.00,1.00
2008.07.07 08:47:20.247,1.0425,1.04265,1.00,3.70
2008.07.07 08:47:20.773,1.0426,1.0427,1.00,3.70
2008.07.07 08:47:21.056,1.0426,1.04265,1.00,1.00
2008.07.07 08:47:21.371,1.04255,1.0426,1.30,1.00
2008.07.07 08:47:21.819,1.0425,1.0426,1.00,1.00
2008.07.07 08:47:22.034,1.0425,1.04255,1.00,1.00
2008.07.07 08:47:22.376,1.04245,1.0425,1.30,1.00
2008.07.07 08:47:22.536,1.0426,1.0427,1.00,7.20
2008.07.07 08:47:22.888,1.04245,1.0425,1.30,1.00
2008.07.07 08:47:23.125,1.0425,1.0426,1.00,3.70
2008.07.07 08:47:23.325,1.0425,1.04255,1.00,2.80
2008.07.07 08:47:23.527,1.0425,1.04255,1.00,1.00
2008.07.07 08:47:24.425,1.0425,1.0426,1.00,3.70
2008.07.07 08:47:24.604,1.0425,1.0426,1.00,1.00
2008.07.07 08:47:28.485,1.0424,1.0426,1.00,1.30
2008.07.07 08:47:28.743,1.0425,1.0426,1.00,1.00
2008.07.07 08:47:29.825,1.0425,1.04265,1.00,1.00
2008.07.07 08:47:30.621,1.0425,1.0426,1.00,1.00
2008.07.07 08:47:31.208,1.0426,1.04265,1.00,3.20
2008.07.07 08:47:31.360,1.0426,1.04265,1.00,3.70
2008.07.07 08:47:31.837,1.0426,1.0427,1.00,3.70
2008.07.07 08:47:31.990,1.0426,1.0427,1.00,1.00
2008.07.07 08:47:35.862,1.04255,1.0426,1.30,1.00
2008.07.07 08:47:35.975,1.0426,1.04265,1.00,1.00
2008.07.07 08:47:36.190,1.0425,1.04265,1.00,1.00
2008.07.07 08:47:36.400,1.0425,1.0427,1.00,4.20
2008.07.07 08:47:36.609,1.0426,1.0427,1.00,1.00
2008.07.07 08:47:38.793,1.0426,1.04275,1.00,3.70
2008.07.07 08:47:38.859,1.0426,1.04275,1.00,1.00
2008.07.07 08:47:40.300,1.0426,1.0427,1.00,1.00
2008.07.07 08:47:40.613,1.0425,1.0427,1.00,1.30
2008.07.07 08:47:41.757,1.0426,1.0427,1.00,1.00
2008.07.07 08:47:42.239,1.0426,1.0427,1.00,5.60
2008.07.07 08:47:42.785,1.0426,1.04265,1.00,1.00
2008.07.07 08:47:44.271,1.0425,1.04265,1.00,1.00
2008.07.07 08:47:44.864,1.0425,1.0426,1.00,1.00
2008.07.07 08:47:45.193,1.0425,1.04265,1.00,3.70
2008.07.07 08:47:45.501,1.0425,1.04265,1.00,1.00
2008.07.07 08:47:50.401,1.0424,1.0426,1.40,1.00
2008.07.07 08:47:50.500,1.0424,1.0426,1.00,1.30
2008.07.07 08:47:54.335,1.0424,1.04255,1.00,1.00
2008.07.07 08:47:57.177,1.0424,1.04245,1.00,1.00
2008.07.07 08:47:57.219,1.0424,1.04255,1.00,1.00
2008.07.07 08:47:57.329,1.0423,1.0424,1.00,1.00
2008.07.07 08:47:57.553,1.04225,1.0424,1.00,1.00
2008.07.07 08:47:58.959,1.0422,1.0424,3.70,1.00
2008.07.07 08:48:00.218,1.0422,1.0424,1.40,1.00
2008.07.07 08:48:00.353,1.0423,1.04245,1.00,1.00
2008.07.07 08:48:00.705,1.0423,1.0425,1.40,3.30
2008.07.07 08:48:00.822,1.0423,1.0425,1.00,4.20
2008.07.07 08:48:01.033,1.0423,1.0425,1.00,1.30
2008.07.07 08:48:01.277,1.0423,1.0425,1.40,1.00
2008.07.07 08:48:02.492,1.0423,1.0425,1.00,1.30
2008.07.07 08:48:02.984,1.0423,1.04245,1.00,1.00
2008.07.07 08:48:03.329,1.0423,1.0425,1.00,4.20
2008.07.07 08:48:03.499,1.0423,1.0425,1.00,1.30
2008.07.07 08:48:10.737,1.0423,1.0425,3.70,1.30
2008.07.07 08:48:10.894,1.0423,1.0425,1.40,1.00
2008.07.07 08:48:16.866,1.0423,1.04255,1.40,1.00
2008.07.07 08:48:19.427,1.0423,1.0425,1.40,1.00
2008.07.07 08:48:23.255,1.0423,1.04255,1.40,1.00
2008.07.07 08:48:24.069,1.04235,1.0426,1.00,4.20
2008.07.07 08:48:27.226,1.04235,1.0425,1.00,1.00
2008.07.07 08:48:27.600,1.0423,1.0425,3.70,1.00
2008.07.07 08:48:27.695,1.0423,1.0425,1.40,1.00
2008.07.07 08:48:32.181,1.0423,1.04255,1.40,1.00
2008.07.07 08:48:32.354,1.0423,1.04255,1.90,1.00
2008.07.07 08:48:35.705,1.04235,1.0426,1.00,1.30
2008.07.07 08:48:37.081,1.0423,1.04255,4.20,1.00
2008.07.07 08:48:37.147,1.0423,1.04255,1.90,1.00
2008.07.07 08:48:38.085,1.0424,1.0426,1.00,4.20
2008.07.07 08:48:38.264,1.0424,1.0426,1.00,1.30
2008.07.07 08:48:38.814,1.0424,1.0426,3.30,1.30
2008.07.07 08:48:38.904,1.04235,1.04255,2.20,1.00
2008.07.07 08:48:39.075,1.0424,1.0426,3.30,1.00
2008.07.07 08:48:39.392,1.0424,1.0426,1.00,1.00
2008.07.07 08:48:39.559,1.04245,1.0427,1.00,4.20
2008.07.07 08:48:39.727,1.0425,1.0427,1.00,1.30
2008.07.07 08:48:41.313,1.0425,1.04265,1.00,1.00
2008.07.07 08:48:41.434,1.0425,1.0427,1.00,4.20
2008.07.07 08:48:41.676,1.0425,1.0427,1.00,1.30
2008.07.07 08:48:41.917,1.0425,1.04265,1.00,1.00
2008.07.07 08:48:45.039,1.0425,1.0427,1.00,4.20
2008.07.07 08:48:51.381,1.0425,1.0427,1.00,1.30
2008.07.07 08:48:51.501,1.0425,1.0427,1.00,4.20
2008.07.07 08:48:51.976,1.0425,1.0427,1.40,3.30
2008.07.07 08:48:52.128,1.0425,1.0427,1.00,1.30
2008.07.07 08:48:53.159,1.0425,1.0427,1.40,1.00
2008.07.07 08:48:53.367,1.0425,1.04275,1.40,3.70
2008.07.07 08:48:53.649,1.0425,1.0427,1.40,1.00
2008.07.07 08:48:54.215,1.0425,1.0427,1.40,1.30
2008.07.07 08:48:54.722,1.0425,1.04275,1.40,3.70
2008.07.07 08:48:57.801,1.0425,1.04275,1.90,3.70
2008.07.07 08:48:57.975,1.0426,1.04275,1.00,2.80
2008.07.07 08:48:58.153,1.0426,1.0428,1.00,1.30
2008.07.07 08:48:58.245,1.0426,1.0428,1.40,1.30
2008.07.07 08:48:58.430,1.0426,1.04275,1.00,1.00
2008.07.07 08:48:58.568,1.0425,1.04275,1.40,1.00
2008.07.07 08:48:59.340,1.0425,1.04275,1.00,1.00
2008.07.07 08:48:59.521,1.04245,1.0427,1.00,1.00
2008.07.07 08:49:00.130,1.04245,1.0427,1.00,1.30
2008.07.07 08:49:00.694,1.04245,1.0427,1.00,4.20
2008.07.07 08:49:00.808,1.04245,1.0427,1.00,4.20
2008.07.07 08:49:01.014,1.0425,1.0427,1.00,3.30
2008.07.07 08:49:01.257,1.0425,1.0427,1.00,1.00
2008.07.07 08:49:01.511,1.0425,1.04275,1.40,1.00
2008.07.07 08:49:01.723,1.0425,1.04275,3.70,1.00
2008.07.07 08:49:01.935,1.0425,1.0427,1.40,1.30
2008.07.07 08:49:02.264,1.0425,1.0427,1.40,1.00
2008.07.07 08:49:02.677,1.04255,1.0427,1.00,1.00
2008.07.07 08:49:02.849,1.0426,1.0427,1.00,1.00
2008.07.07 08:49:03.410,1.0426,1.0428,1.40,1.30
2008.07.07 08:49:03.560,1.0426,1.04275,1.00,1.00
2008.07.07 08:49:03.852,1.0425,1.0427,1.40,1.30
2008.07.07 08:49:04.298,1.0425,1.0427,1.40,1.00
2008.07.07 08:49:06.019,1.0425,1.0427,1.90,1.00
2008.07.07 08:49:06.112,1.0427,1.04275,1.00,3.70
2008.07.07 08:49:06.587,1.0426,1.04275,1.00,1.00
2008.07.07 08:49:09.007,1.0427,1.04275,1.00,1.00
2008.07.07 08:49:09.702,1.0426,1.04275,1.00,1.00
2008.07.07 08:49:10.046,1.0427,1.04275,1.00,1.00
2008.07.07 08:49:10.676,1.0425,1.0427,6.20,1.00
2008.07.07 08:49:11.164,1.0425,1.0427,1.40,1.00
2008.07.07 08:49:12.063,1.04255,1.0427,1.00,1.00
2008.07.07 08:49:12.271,1.0426,1.0427,2.20,1.00
2008.07.07 08:49:12.582,1.0426,1.0428,3.10,1.30
2008.07.07 08:49:12.853,1.04255,1.0427,1.00,1.00
2008.07.07 08:49:13.634,1.0426,1.0428,1.00,1.30
2008.07.07 08:49:14.249,1.04255,1.0427,1.00,1.00
2008.07.07 08:49:14.362,1.0425,1.0427,3.70,1.00
2008.07.07 08:49:14.811,1.0425,1.0427,1.40,1.00
2008.07.07 08:49:14.960,1.0425,1.0427,1.90,1.00
2008.07.07 08:49:15.111,1.0425,1.0427,1.40,1.00
2008.07.07 08:49:15.423,1.0425,1.0427,1.00,1.30
2008.07.07 08:49:15.559,1.0425,1.0427,3.10,1.30
2008.07.07 08:49:15.706,1.04255,1.0427,1.00,1.00
2008.07.07 08:49:16.583,1.0426,1.04275,1.00,1.00
2008.07.07 08:49:16.739,1.0426,1.0428,1.40,3.30
2008.07.07 08:49:16.979,1.0426,1.0428,1.40,5.20
2008.07.07 08:49:17.343,1.0426,1.0428,1.00,1.30
2008.07.07 08:49:17.477,1.0426,1.0428,1.40,5.20
2008.07.07 08:49:17.653,1.04255,1.0427,1.00,1.00
2008.07.07 08:49:18.580,1.0425,1.0427,3.70,1.00
2008.07.07 08:49:18.784,1.0425,1.0427,1.90,1.00
2008.07.07 08:49:18.957,1.0426,1.0427,1.00,1.00
2008.07.07 08:49:19.247,1.04255,1.0427,2.20,1.00
2008.07.07 08:49:19.504,1.0425,1.0427,1.40,1.00
2008.07.07 08:49:20.501,1.0425,1.0427,1.90,1.00
2008.07.07 08:49:20.765,1.04255,1.0427,2.20,1.00
2008.07.07 08:49:21.017,1.0425,1.0427,1.90,1.00
2008.07.07 08:49:21.551,1.04255,1.0427,1.00,1.00
2008.07.07 08:49:21.739,1.0427,1.0428,1.00,3.70
2008.07.07 08:49:22.135,1.0427,1.0428,1.00,1.00
2008.07.07 08:49:22.416,1.0426,1.04275,1.00,1.00
2008.07.07 08:49:23.244,1.0426,1.0428,1.40,5.20
2008.07.07 08:49:24.679,1.0428,1.04285,1.00,5.50
2008.07.07 08:49:24.917,1.0428,1.0429,1.00,8.50
2008.07.07 08:49:25.158,1.0428,1.0429,1.00,5.60
2008.07.07 08:49:25.469,1.0427,1.0429,1.00,1.30
2008.07.07 08:49:26.226,1.04265,1.0428,1.00,1.00
2008.07.07 08:49:26.399,1.04265,1.0428,1.00,5.20
2008.07.07 08:49:26.614,1.0427,1.0428,1.00,4.80
2008.07.07 08:49:27.324,1.0427,1.04285,1.00,1.30
2008.07.07 08:49:27.759,1.04265,1.0427,1.30,1.00
2008.07.07 08:49:27.935,1.0425,1.04265,3.70,1.00
2008.07.07 08:49:28.147,1.0425,1.0426,6.80,1.00
2008.07.07 08:49:28.422,1.0424,1.0426,6.70,1.30
2008.07.07 08:49:28.693,1.0425,1.0427,4.80,4.20
2008.07.07 08:49:28.940,1.0425,1.0427,4.80,1.30
2008.07.07 08:49:29.179,1.04255,1.0427,1.00,1.30
2008.07.07 08:49:29.377,1.0427,1.04275,1.00,3.20
2008.07.07 08:49:29.804,1.0426,1.04275,1.40,2.80
2008.07.07 08:49:30.031,1.0426,1.04285,1.40,3.70
2008.07.07 08:49:30.347,1.0426,1.04275,1.00,1.00
2008.07.07 08:49:30.603,1.0427,1.0428,1.00,8.10
2008.07.07 08:49:30.812,1.0427,1.0429,1.40,6.10
2008.07.07 08:49:31.072,1.0427,1.0428,1.00,4.80
2008.07.07 08:49:31.352,1.0427,1.0429,1.00,6.10
2008.07.07 08:49:32.403,1.04275,1.0429,1.00,5.20
2008.07.07 08:49:32.943,1.04275,1.0429,1.00,1.00
2008.07.07 08:49:33.155,1.0428,1.04295,1.00,1.00
2008.07.07 08:49:33.752,1.04275,1.0429,1.00,1.00
2008.07.07 08:49:34.356,1.0428,1.0429,1.00,1.00
2008.07.07 08:49:37.372,1.04275,1.0429,1.00,1.00
2008.07.07 08:49:40.512,1.0429,1.043,1.00,5.60
2008.07.07 08:49:40.704,1.0429,1.0431,1.40,9.00
2008.07.07 08:49:40.925,1.0429,1.043,1.00,5.20
2008.07.07 08:49:41.631,1.04285,1.043,2.20,5.20
2008.07.07 08:49:41.864,1.04285,1.043,2.20,5.60
2008.07.07 08:49:42.124,1.0428,1.043,1.00,5.60
2008.07.07 08:49:42.586,1.0429,1.04305,1.00,3.70
2008.07.07 08:49:42.836,1.04295,1.0431,1.00,5.20
2008.07.07 08:49:43.318,1.04295,1.0431,1.00,14.80
2008.07.07 08:49:43.577,1.04295,1.0431,2.70,14.80
2008.07.07 08:49:43.873,1.0429,1.043,2.20,1.00
2008.07.07 08:49:44.169,1.04285,1.043,1.00,1.00
2008.07.07 08:49:44.470,1.0429,1.04305,1.00,1.00
2008.07.07 08:49:44.769,1.0429,1.04305,1.00,3.70
2008.07.07 08:49:44.965,1.0429,1.04305,1.00,1.00
2008.07.07 08:49:45.752,1.0429,1.04305,1.00,2.80
2008.07.07 08:49:45.977,1.043,1.0431,1.00,7.60
2008.07.07 08:49:46.401,1.043,1.0432,1.40,10.50
2008.07.07 08:49:46.912,1.043,1.0431,1.40,7.60
2008.07.07 08:49:47.180,1.0431,1.0432,1.00,8.50
2008.07.07 08:49:47.405,1.04305,1.0431,1.60,4.80
2008.07.07 08:49:48.047,1.04305,1.0432,1.00,5.20
2008.07.07 08:49:48.249,1.04295,1.043,4.00,4.80
2008.07.07 08:49:49.229,1.04305,1.0432,1.00,5.20
2008.07.07 08:49:49.647,1.04305,1.0432,1.00,5.70
2008.07.07 08:49:49.851,1.04305,1.0432,1.00,5.20
2008.07.07 08:49:50.120,1.04305,1.0432,1.00,5.70
2008.07.07 08:49:50.348,1.04305,1.0432,1.00,5.20
2008.07.07 08:49:50.948,1.04305,1.0432,1.00,5.70
2008.07.07 08:49:51.104,1.0431,1.0432,1.00,5.70
2008.07.07 08:49:51.716,1.04315,1.0432,1.00,5.70
2008.07.07 08:49:51.957,1.04315,1.0433,1.00,5.70
2008.07.07 08:49:52.152,1.0431,1.0433,1.40,7.00
2008.07.07 08:49:52.745,1.04315,1.0432,2.70,5.70
2008.07.07 08:49:52.986,1.04305,1.0432,1.00,5.70
2008.07.07 08:49:53.205,1.0431,1.0432,1.00,5.70
2008.07.07 08:49:53.664,1.0431,1.0432,1.00,8.10
2008.07.07 08:49:53.880,1.04305,1.0431,1.60,4.80
2008.07.07 08:49:54.203,1.04305,1.0431,2.20,4.80
2008.07.07 08:49:55.064,1.0432,1.0433,1.00,9.20
2008.07.07 08:49:56.276,1.04315,1.0433,1.00,6.80
2008.07.07 08:49:56.624,1.0432,1.0433,1.00,6.40
2008.07.07 08:49:57.257,1.04315,1.0433,1.00,6.80
2008.07.07 08:49:58.316,1.04315,1.0433,1.00,7.20
2008.07.07 08:49:58.456,1.0431,1.0433,3.70,7.20
2008.07.07 08:49:58.637,1.0431,1.0433,1.40,7.20
2008.07.07 08:49:59.141,1.0431,1.0433,1.40,5.20
2008.07.07 08:49:59.554,1.04305,1.0432,2.20,1.00
2008.07.07 08:49:59.751,1.043,1.0432,1.40,1.00
2008.07.07 08:49:59.996,1.0431,1.04325,1.00,1.00
2008.07.07 08:50:00.266,1.0431,1.0432,1.00,1.00
2008.07.07 08:50:00.563,1.043,1.0431,1.00,1.00
2008.07.07 08:50:00.985,1.04305,1.0432,1.00,1.00
2008.07.07 08:50:01.905,1.043,1.0432,3.10,1.30
2008.07.07 08:50:02.126,1.043,1.0432,1.40,1.30
2008.07.07 08:50:03.213,1.043,1.0431,1.00,1.00
2008.07.07 08:50:03.442,1.04295,1.0431,2.70,1.00
2008.07.07 08:50:03.638,1.04295,1.0431,1.00,1.00
2008.07.07 08:50:03.825,1.043,1.0432,1.00,1.30
2008.07.07 08:50:04.541,1.043,1.0432,1.40,5.20
2008.07.07 08:50:05.456,1.043,1.0432,1.00,1.30
2008.07.07 08:50:05.905,1.04295,1.0432,2.70,1.30
2008.07.07 08:50:06.536,1.043,1.0432,1.40,5.20
2008.07.07 08:50:07.389,1.04305,1.0432,1.00,8.10
2008.07.07 08:50:08.440,1.043,1.0432,3.10,1.30
2008.07.07 08:50:09.179,1.043,1.0432,1.40,1.00
2008.07.07 08:50:09.439,1.04295,1.0431,2.70,1.00
2008.07.07 08:50:09.841,1.0429,1.0431,3.70,1.00
2008.07.07 08:50:10.063,1.04295,1.0432,1.00,4.20
2008.07.07 08:50:10.280,1.04295,1.0432,1.00,1.30
2008.07.07 08:50:10.497,1.0429,1.04315,1.40,1.00
2008.07.07 08:50:11.299,1.04295,1.0432,1.00,4.20
2008.07.07 08:50:11.483,1.04295,1.0432,1.00,1.30
2008.07.07 08:50:11.691,1.04295,1.04315,1.00,1.00
2008.07.07 08:50:11.872,1.043,1.04315,1.00,1.00
2008.07.07 08:50:13.331,1.0431,1.0432,1.00,3.70
2008.07.07 08:50:13.680,1.043,1.0432,1.40,3.70
2008.07.07 08:50:13.916,1.043,1.0432,1.00,3.70
2008.07.07 08:50:14.090,1.043,1.0432,1.00,1.30
2008.07.07 08:50:14.338,1.043,1.04315,1.00,1.00
2008.07.07 08:50:14.907,1.0429,1.0431,1.40,1.30
2008.07.07 08:50:15.300,1.0429,1.0431,1.40,1.00
2008.07.07 08:50:15.655,1.04295,1.0431,1.00,1.00
2008.07.07 08:50:16.511,1.0431,1.0432,1.00,1.00
2008.07.07 08:50:16.825,1.043,1.0432,1.00,1.30
2008.07.07 08:50:18.318,1.043,1.0432,1.40,1.30
2008.07.07 08:50:18.474,1.043,1.0432,1.40,1.00
2008.07.07 08:50:18.806,1.043,1.0432,1.40,14.80
2008.07.07 08:50:19.188,1.043,1.0432,1.40,1.30
2008.07.07 08:50:19.379,1.043,1.0432,1.00,1.30
2008.07.07 08:50:19.560,1.043,1.0432,1.00,1.80
2008.07.07 08:50:19.769,1.043,1.0432,1.40,1.80
2008.07.07 08:50:19.963,1.04295,1.0431,2.20,1.00
2008.07.07 08:50:20.172,1.0429,1.0431,1.40,1.00
2008.07.07 08:50:20.556,1.0431,1.04315,1.00,1.00
2008.07.07 08:50:20.742,1.0431,1.0432,1.00,3.70
2008.07.07 08:50:21.217,1.0431,1.0432,1.00,1.00
2008.07.07 08:50:21.572,1.0431,1.0432,1.00,3.70
2008.07.07 08:50:21.892,1.0431,1.0432,1.00,1.00
2008.07.07 08:50:22.266,1.0431,1.0432,1.00,3.70
2008.07.07 08:50:22.395,1.043,1.0432,1.00,1.30
2008.07.07 08:50:22.654,1.043,1.04315,1.00,1.00
2008.07.07 08:50:23.000,1.0431,1.04315,1.00,1.00
2008.07.07 08:50:23.333,1.0431,1.0432,1.00,3.70
2008.07.07 08:50:23.465,1.0431,1.0432,1.00,5.60
2008.07.07 08:50:23.616,1.0431,1.0432,1.00,8.50
2008.07.07 08:50:23.759,1.043,1.0432,1.00,1.30
2008.07.07 08:50:23.877,1.043,1.04315,1.00,1.00
2008.07.07 08:50:25.554,1.043,1.0432,1.00,4.20
2008.07.07 08:50:25.672,1.043,1.0432,1.00,1.30
2008.07.07 08:50:25.749,1.043,1.04315,1.00,1.00
2008.07.07 08:50:29.903,1.043,1.0431,1.00,2.80
2008.07.07 08:50:30.146,1.043,1.0431,1.00,1.00
2008.07.07 08:50:30.525,1.043,1.04315,1.00,3.70
2008.07.07 08:50:31.162,1.043,1.04315,1.00,1.00
2008.07.07 08:50:32.187,1.0429,1.0431,1.40,1.00
2008.07.07 08:50:32.383,1.0429,1.0431,1.40,1.30
2008.07.07 08:50:32.516,1.0429,1.0431,1.00,1.30
2008.07.07 08:50:34.516,1.0429,1.0431,1.40,1.30
2008.07.07 08:50:34.898,1.0429,1.0431,1.40,3.30
2008.07.07 08:50:38.934,1.0429,1.0431,1.40,1.30
2008.07.07 08:50:39.938,1.0429,1.0431,1.00,1.30
2008.07.07 08:50:40.275,1.0429,1.0431,1.40,1.30
2008.07.07 08:50:40.792,1.0429,1.0431,1.40,8.10
2008.07.07 08:50:41.395,1.0429,1.04305,1.00,1.00
2008.07.07 08:50:41.679,1.0429,1.0431,1.40,3.30
2008.07.07 08:50:41.986,1.0429,1.0431,1.40,8.10
2008.07.07 08:50:45.402,1.0429,1.0431,1.40,1.30
2008.07.07 08:50:46.449,1.0429,1.0431,1.40,8.10
2008.07.07 08:50:46.840,1.0429,1.0431,1.40,1.30
2008.07.07 08:50:46.994,1.0429,1.0431,1.40,8.10
2008.07.07 08:50:47.224,1.0429,1.0431,1.40,1.30
2008.07.07 08:50:48.421,1.0429,1.0431,1.00,1.30
2008.07.07 08:50:48.855,1.0429,1.04305,1.00,1.00
2008.07.07 08:50:51.413,1.0429,1.0431,1.00,4.20
2008.07.07 08:50:51.632,1.043,1.0431,1.00,3.70
2008.07.07 08:50:51.825,1.043,1.0431,1.00,1.00
2008.07.07 08:50:52.013,1.043,1.0431,1.00,3.70
2008.07.07 08:50:52.202,1.0429,1.0431,1.00,1.30
2008.07.07 08:50:52.392,1.0429,1.0431,1.00,4.20
2008.07.07 08:50:52.597,1.043,1.0431,1.00,3.70
2008.07.07 08:50:53.019,1.043,1.04305,1.00,1.00
2008.07.07 08:50:53.279,1.043,1.0431,1.00,2.80
2008.07.07 08:50:53.426,1.043,1.04315,1.00,1.00
2008.07.07 08:50:54.283,1.043,1.0431,1.00,2.80
2008.07.07 08:50:54.478,1.043,1.0431,1.00,1.00
2008.07.07 08:50:54.666,1.0429,1.0431,1.40,1.30
2008.07.07 08:50:54.888,1.04295,1.0431,2.70,1.00
2008.07.07 08:50:55.025,1.043,1.0432,1.00,1.30
2008.07.07 08:50:56.104,1.043,1.04315,1.00,1.00
2008.07.07 08:50:56.659,1.0431,1.04315,1.00,1.00
2008.07.07 08:50:57.041,1.0431,1.0432,1.00,3.70
2008.07.07 08:50:57.470,1.0431,1.0432,1.00,5.60
2008.07.07 08:50:58.698,1.0431,1.04315,1.00,1.00
2008.07.07 08:50:59.422,1.0431,1.0432,1.00,3.70
2008.07.07 08:50:59.665,1.0431,1.0432,1.00,5.60
2008.07.07 08:50:59.829,1.0431,1.04315,1.00,1.00
2008.07.07 08:51:00.848,1.043,1.04315,1.00,1.00
2008.07.07 08:51:02.166,1.043,1.0431,1.00,1.00
2008.07.07 08:51:03.028,1.04295,1.043,1.30,1.90
2008.07.07 08:51:09.155,1.0429,1.043,1.40,1.90
2008.07.07 08:51:12.181,1.0429,1.043,1.00,1.90
2008.07.07 08:51:12.362,1.04285,1.043,1.00,2.40
2008.07.07 08:51:13.699,1.0429,1.043,1.00,1.90
2008.07.07 08:51:15.647,1.04285,1.043,1.00,2.40
2008.07.07 08:51:18.026,1.0428,1.043,3.70,2.40
2008.07.07 08:51:18.867,1.0428,1.043,3.10,3.20
2008.07.07 08:51:19.119,1.0428,1.043,1.00,3.20
2008.07.07 08:51:21.402,1.0428,1.043,1.40,3.20
2008.07.07 08:51:21.537,1.0428,1.043,1.40,2.70
2008.07.07 08:51:21.665,1.0428,1.043,1.00,2.70
2008.07.07 08:51:22.240,1.0428,1.043,1.40,2.70
2008.07.07 08:51:22.955,1.0428,1.043,1.40,1.90
2008.07.07 08:51:24.987,1.0428,1.043,1.40,2.70
2008.07.07 08:51:25.455,1.0428,1.043,1.40,1.90
2008.07.07 08:51:25.846,1.0429,1.043,1.00,1.90
2008.07.07 08:51:26.243,1.0429,1.043,1.00,2.70
2008.07.07 08:51:26.412,1.0428,1.043,1.00,3.20
2008.07.07 08:51:26.840,1.0428,1.043,1.40,2.40
2008.07.07 08:51:27.562,1.0429,1.043,1.00,1.90
2008.07.07 08:51:27.854,1.0429,1.043,1.40,1.90
2008.07.07 08:51:29.111,1.0429,1.043,1.00,1.90
2008.07.07 08:51:29.220,1.0429,1.043,1.40,1.90
2008.07.07 08:51:29.596,1.0429,1.043,1.00,1.90
2008.07.07 08:51:31.073,1.0429,1.043,1.40,1.90
2008.07.07 08:51:31.962,1.0429,1.043,1.00,1.90
2008.07.07 08:51:35.760,1.0429,1.043,1.30,1.90
2008.07.07 08:51:35.964,1.04295,1.043,2.20,1.90
2008.07.07 08:51:36.210,1.0429,1.043,1.80,1.90
2008.07.07 08:51:36.542,1.0429,1.043,1.00,1.90
2008.07.07 08:51:36.667,1.0429,1.043,1.40,1.90
2008.07.07 08:51:36.987,1.0429,1.043,1.00,1.90
2008.07.07 08:51:37.754,1.04295,1.043,1.00,1.90
2008.07.07 08:51:38.273,1.04305,1.0431,1.00,2.40
2008.07.07 08:51:38.506,1.04315,1.0432,1.00,5.20
2008.07.07 08:51:38.960,1.043,1.0431,3.70,4.80
2008.07.07 08:51:39.381,1.043,1.0431,1.00,4.80
2008.07.07 08:51:39.645,1.043,1.0432,1.00,4.20
2008.07.07 08:51:39.876,1.0431,1.0432,1.00,10.40
2008.07.07 08:51:40.528,1.0431,1.04315,1.00,1.00
2008.07.07 08:51:41.171,1.0431,1.0432,1.00,3.70
2008.07.07 08:51:41.321,1.0431,1.0432,1.00,10.40
2008.07.07 08:51:42.389,1.0431,1.0432,1.00,5.60
2008.07.07 08:51:43.266,1.0431,1.04315,1.00,1.00
2008.07.07 08:51:44.415,1.0431,1.0432,1.00,3.70
2008.07.07 08:51:44.656,1.0431,1.0432,1.00,1.00
2008.07.07 08:51:46.184,1.0431,1.04315,1.00,1.00
2008.07.07 08:51:46.299,1.04305,1.0431,1.30,1.00
2008.07.07 08:51:46.471,1.0431,1.04315,1.00,1.00
2008.07.07 08:51:47.240,1.043,1.04315,1.00,1.00
2008.07.07 08:51:47.372,1.043,1.0432,1.00,1.00
2008.07.07 08:51:48.213,1.043,1.04315,1.00,1.00
2008.07.07 08:51:48.587,1.043,1.0432,1.00,1.00
2008.07.07 08:51:48.819,1.04295,1.0432,1.00,1.00
2008.07.07 08:51:49.063,1.0429,1.04315,4.30,1.00
2008.07.07 08:51:49.185,1.0429,1.04315,1.40,1.00
2008.07.07 08:51:52.060,1.0429,1.0431,1.40,1.00
2008.07.07 08:51:52.606,1.0429,1.0431,1.00,1.00
2008.07.07 08:51:52.775,1.0429,1.04315,1.40,3.70
2008.07.07 08:51:53.075,1.0429,1.0431,1.40,1.00
2008.07.07 08:51:57.175,1.0429,1.0431,1.90,1.00
2008.07.07 08:51:57.316,1.043,1.04315,1.00,1.00
2008.07.07 08:51:57.490,1.0429,1.0431,1.40,1.00
2008.07.07 08:51:58.091,1.0429,1.0431,1.00,1.00
2008.07.07 08:51:59.090,1.0429,1.04305,1.00,1.00
2008.07.07 08:51:59.608,1.0429,1.0431,1.40,3.70
2008.07.07 08:51:59.767,1.0429,1.0431,1.40,1.00
2008.07.07 08:52:00.945,1.0429,1.04315,1.40,1.00
2008.07.07 08:52:01.595,1.043,1.04315,1.00,1.00
2008.07.07 08:52:01.689,1.043,1.0432,1.00,3.70
2008.07.07 08:52:01.901,1.043,1.0432,1.00,5.60
2008.07.07 08:52:02.240,1.04295,1.04315,1.00,1.00
2008.07.07 08:52:02.686,1.0429,1.04315,1.90,1.00
2008.07.07 08:52:03.306,1.04295,1.0432,1.00,3.70
2008.07.07 08:52:03.511,1.0429,1.04315,4.30,1.00
2008.07.07 08:52:03.708,1.0429,1.04315,1.40,3.70
2008.07.07 08:52:05.318,1.0429,1.04315,1.40,1.00
2008.07.07 08:52:07.844,1.043,1.04315,1.00,1.00
2008.07.07 08:52:08.094,1.043,1.0432,1.00,4.20
2008.07.07 08:52:08.470,1.043,1.0432,1.40,3.30
2008.07.07 08:52:08.541,1.043,1.0432,1.40,5.20
2008.07.07 08:52:08.969,1.0431,1.0433,1.40,3.30
2008.07.07 08:52:09.177,1.0431,1.0433,1.40,5.20
2008.07.07 08:52:09.569,1.0431,1.0433,1.00,5.20
2008.07.07 08:52:09.805,1.04305,1.0432,2.80,1.00
2008.07.07 08:52:10.154,1.043,1.0432,1.00,1.00
2008.07.07 08:52:10.705,1.043,1.0432,1.00,5.60
2008.07.07 08:52:10.885,1.0431,1.0432,1.00,5.60
2008.07.07 08:52:11.397,1.043,1.0432,1.00,1.30
2008.07.07 08:52:11.549,1.043,1.0432,1.40,5.20
2008.07.07 08:52:11.999,1.043,1.0432,1.00,1.30
2008.07.07 08:52:12.237,1.043,1.0432,1.00,4.20
2008.07.07 08:52:12.485,1.043,1.0432,1.00,1.30
2008.07.07 08:52:13.400,1.043,1.0432,1.40,1.00
2008.07.07 08:52:14.819,1.043,1.0432,1.00,1.30
2008.07.07 08:52:17.216,1.043,1.0432,1.40,1.00
2008.07.07 08:52:17.962,1.043,1.0432,1.00,1.30
2008.07.07 08:52:19.142,1.043,1.0432,1.00,4.20
2008.07.07 08:52:19.335,1.04295,1.0431,1.00,1.00
2008.07.07 08:52:19.911,1.0429,1.0431,4.30,1.00
2008.07.07 08:52:20.090,1.0429,1.0431,1.40,1.00
2008.07.07 08:52:23.324,1.04295,1.0431,1.00,1.00
2008.07.07 08:52:23.897,1.0429,1.0431,1.40,1.00
2008.07.07 08:52:26.023,1.0429,1.0431,1.90,1.00
2008.07.07 08:52:27.185,1.04295,1.0431,1.00,1.00
2008.07.07 08:52:28.133,1.04295,1.0431,1.00,1.00
2008.07.07 08:52:28.274,1.043,1.04315,1.00,1.00
2008.07.07 08:52:28.399,1.043,1.0432,1.40,3.30
2008.07.07 08:52:28.463,1.043,1.0432,1.40,1.00
2008.07.07 08:52:28.683,1.043,1.0432,1.40,3.30
2008.07.07 08:52:28.903,1.043,1.0432,1.40,1.00
2008.07.07 08:52:30.118,1.0431,1.04325,1.00,1.00
2008.07.07 08:52:31.831,1.043,1.04325,1.40,1.00
2008.07.07 08:52:32.848,1.043,1.0432,1.00,1.00
2008.07.07 08:52:33.136,1.04295,1.04315,2.80,1.00
2008.07.07 08:52:33.286,1.0429,1.04315,1.40,1.00
2008.07.07 08:52:33.439,1.043,1.04315,1.00,1.00
2008.07.07 08:52:33.608,1.043,1.0432,1.00,4.20
2008.07.07 08:52:33.837,1.0429,1.04315,4.80,1.00
2008.07.07 08:52:34.025,1.0429,1.04315,1.90,1.00
2008.07.07 08:52:34.596,1.0429,1.0431,1.90,1.00
2008.07.07 08:52:34.879,1.04295,1.0431,1.00,1.00
2008.07.07 08:52:37.157,1.04295,1.0431,1.00,1.00
2008.07.07 08:52:37.365,1.04295,1.0431,1.00,1.00
2008.07.07 08:52:38.025,1.043,1.0432,1.00,1.30
2008.07.07 08:52:38.640,1.043,1.0432,1.40,1.80
2008.07.07 08:52:38.957,1.04285,1.0429,3.80,1.00
2008.07.07 08:52:39.270,1.0429,1.043,1.00,1.00
2008.07.07 08:52:40.084,1.0429,1.04315,1.00,1.30
2008.07.07 08:52:46.833,1.0429,1.0431,3.30,1.30
2008.07.07 08:52:46.896,1.04295,1.0432,1.00,3.70
2008.07.07 08:52:46.977,1.04295,1.043,1.00,1.00
2008.07.07 08:52:53.584,1.04305,1.0431,1.00,1.00
2008.07.07 08:52:53.817,1.043,1.0431,3.30,1.00
2008.07.07 08:52:53.906,1.043,1.0431,1.00,1.00
2008.07.07 08:52:54.625,1.04295,1.0431,1.00,1.00
2008.07.07 08:52:55.067,1.0429,1.0431,4.30,1.00
2008.07.07 08:52:55.240,1.04295,1.043,1.00,1.00
2008.07.07 08:52:55.914,1.0429,1.043,3.30,1.00
2008.07.07 08:52:56.013,1.0429,1.043,1.00,1.00
2008.07.07 08:52:56.250,1.04295,1.0432,1.00,6.10
2008.07.07 08:52:56.505,1.0429,1.0431,3.30,1.30
2008.07.07 08:52:56.763,1.0429,1.0431,1.00,1.30
2008.07.07 08:52:57.023,1.04295,1.0432,1.00,3.70
2008.07.07 08:52:57.284,1.04295,1.043,1.00,1.00
2008.07.07 08:52:58.133,1.0429,1.043,2.80,1.00
2008.07.07 08:52:58.453,1.04285,1.043,1.00,1.00
2008.07.07 08:52:58.880,1.04285,1.043,1.00,1.00
2008.07.07 08:52:59.063,1.04285,1.043,1.00,1.00
2008.07.07 08:52:59.191,1.04285,1.0429,1.00,1.00
2008.07.07 08:52:59.279,1.04295,1.043,1.00,1.00
2008.07.07 08:53:00.243,1.0429,1.043,1.00,1.00
2008.07.07 08:53:00.475,1.04285,1.043,3.30,1.00
2008.07.07 08:53:00.694,1.04285,1.043,1.00,1.00
2008.07.07 08:53:00.922,1.04285,1.043,1.00,1.00
2008.07.07 08:53:01.138,1.0429,1.043,1.00,1.00
2008.07.07 08:53:02.711,1.0429,1.043,5.20,1.00
2008.07.07 08:53:03.057,1.04295,1.043,1.00,1.00
2008.07.07 08:53:03.582,1.04285,1.043,1.00,1.00
2008.07.07 08:53:03.915,1.0429,1.043,2.80,1.00
2008.07.07 08:53:04.001,1.04295,1.043,1.00,1.00
2008.07.07 08:53:08.131,1.0429,1.043,2.80,1.00
2008.07.07 08:53:08.458,1.0429,1.043,1.00,1.00
2008.07.07 08:53:08.619,1.04285,1.043,1.00,1.00
2008.07.07 08:53:10.767,1.0429,1.043,4.80,1.00
2008.07.07 08:53:11.043,1.0429,1.04305,4.80,1.00
2008.07.07 08:53:11.198,1.0429,1.0431,5.20,1.00
2008.07.07 08:53:11.567,1.04295,1.0431,1.00,1.00
2008.07.07 08:53:13.841,1.0429,1.0431,1.00,1.00
2008.07.07 08:53:14.256,1.0429,1.043,1.00,1.00
2008.07.07 08:53:16.172,1.0429,1.043,5.20,1.00
2008.07.07 08:53:16.407,1.04295,1.043,1.00,1.00
2008.07.07 08:53:16.940,1.0429,1.043,3.30,1.00
2008.07.07 08:53:17.117,1.0429,1.043,5.20,1.00
2008.07.07 08:53:17.715,1.0429,1.043,1.00,1.00
2008.07.07 08:53:36.810,1.0429,1.0431,1.40,1.00
2008.07.07 08:53:37.892,1.0429,1.0431,1.90,1.00
2008.07.07 08:53:38.013,1.04295,1.0431,1.00,1.00
2008.07.07 08:53:39.982,1.04295,1.0431,1.00,1.00
2008.07.07 08:53:40.392,1.043,1.0431,1.00,1.00
2008.07.07 08:53:40.722,1.04295,1.0431,3.30,1.00
2008.07.07 08:53:40.893,1.04295,1.043,1.00,1.00
2008.07.07 08:53:46.868,1.04295,1.043,3.30,1.00
2008.07.07 08:53:47.057,1.04295,1.0431,3.30,1.00
2008.07.07 08:53:47.219,1.043,1.0431,1.00,1.00
2008.07.07 08:53:48.878,1.04295,1.0431,1.00,1.00
2008.07.07 08:53:49.051,1.04295,1.043,1.00,1.00
2008.07.07 08:53:50.220,1.04295,1.0431,1.00,1.00
2008.07.07 08:53:50.528,1.043,1.0431,1.00,1.00
2008.07.07 08:53:56.367,1.043,1.0432,1.40,1.30
2008.07.07 08:53:56.516,1.043,1.0432,1.90,1.30
2008.07.07 08:53:56.813,1.043,1.0432,1.90,1.00
2008.07.07 08:54:07.029,1.04305,1.0432,1.00,1.00
2008.07.07 08:54:07.119,1.04305,1.0432,1.00,1.00
2008.07.07 08:54:07.165,1.04305,1.0432,1.00,1.00
2008.07.07 08:54:07.342,1.04305,1.0432,1.00,1.00
2008.07.07 08:54:08.545,1.04305,1.0432,1.00,1.00
2008.07.07 08:54:08.892,1.043,1.0431,3.30,1.00
2008.07.07 08:54:09.036,1.043,1.0431,2.80,1.00
2008.07.07 08:54:09.215,1.04295,1.0431,3.80,1.00
2008.07.07 08:54:09.366,1.04295,1.0431,1.00,1.00
2008.07.07 08:54:14.093,1.043,1.0431,1.00,1.00
2008.07.07 08:54:14.175,1.043,1.0432,1.40,1.00
2008.07.07 08:54:14.622,1.043,1.0432,1.90,1.00
2008.07.07 08:54:14.715,1.04305,1.0432,1.00,1.00
2008.07.07 08:54:14.823,1.04305,1.0433,1.00,4.20
2008.07.07 08:54:14.915,1.04305,1.0433,1.00,1.30
2008.07.07 08:54:15.000,1.0431,1.0433,1.00,1.00
2008.07.07 08:54:15.384,1.0431,1.0433,1.40,1.00
2008.07.07 08:54:15.769,1.04315,1.0433,1.00,1.00
2008.07.07 08:54:17.353,1.0431,1.0433,3.30,1.00
2008.07.07 08:54:17.533,1.0431,1.0433,1.00,1.00
2008.07.07 08:54:18.797,1.0431,1.0432,1.00,1.00
2008.07.07 08:54:19.036,1.04305,1.0432,3.30,1.00
2008.07.07 08:54:19.158,1.04305,1.0432,1.00,1.00
2008.07.07 08:54:20.755,1.04305,1.0433,1.00,1.30
2008.07.07 08:54:20.925,1.04305,1.04325,1.00,1.00
2008.07.07 08:54:21.282,1.0431,1.0433,1.00,1.00
2008.07.07 08:54:22.077,1.0431,1.0433,1.00,1.30
2008.07.07 08:54:22.865,1.0431,1.0433,1.40,1.30
2008.07.07 08:54:23.112,1.0431,1.0433,1.40,1.00
2008.07.07 08:54:23.501,1.0431,1.0433,1.40,1.30
2008.07.07 08:54:23.892,1.04305,1.0432,3.30,1.00
2008.07.07 08:54:24.076,1.04305,1.0432,1.00,1.00
2008.07.07 08:54:24.388,1.0431,1.0432,1.00,1.00
2008.07.07 08:54:27.205,1.04305,1.0432,3.30,1.00
2008.07.07 08:54:27.351,1.04305,1.0432,1.00,1.00
2008.07.07 08:54:27.514,1.0431,1.0432,1.00,1.00
2008.07.07 08:54:28.127,1.0431,1.0433,1.40,1.30
2008.07.07 08:54:28.849,1.0431,1.0433,1.40,1.00
2008.07.07 08:54:29.661,1.0431,1.0433,1.40,1.30
2008.07.07 08:54:29.928,1.0431,1.0433,1.40,1.00
2008.07.07 08:54:30.207,1.0431,1.0432,1.00,1.00
2008.07.07 08:54:30.465,1.0431,1.0433,1.40,1.00
2008.07.07 08:54:30.721,1.0431,1.04325,1.00,1.00
2008.07.07 08:54:30.917,1.04305,1.0432,3.80,1.00
2008.07.07 08:54:31.051,1.04305,1.0432,3.30,1.00
2008.07.07 08:54:31.187,1.04305,1.0432,1.00,1.00
2008.07.07 08:54:32.952,1.04305,1.0432,1.00,1.00
2008.07.07 08:54:33.809,1.04305,1.0432,1.00,1.00
2008.07.07 08:54:34.088,1.04305,1.0431,1.00,1.00
2008.07.07 08:54:34.264,1.04305,1.0431,1.00,1.00
2008.07.07 08:54:34.669,1.04305,1.0432,1.00,1.00
2008.07.07 08:54:40.169,1.04305,1.0432,1.00,1.00
2008.07.07 08:54:40.375,1.0431,1.04325,1.00,1.00
2008.07.07 08:54:40.541,1.0431,1.0433,1.00,4.20
2008.07.07 08:54:40.760,1.0431,1.0433,1.00,1.30
2008.07.07 08:54:40.917,1.0431,1.0433,3.70,1.30
2008.07.07 08:54:41.268,1.0431,1.0433,1.40,1.00
2008.07.07 08:54:41.490,1.0431,1.0433,1.00,1.30
2008.07.07 08:54:41.707,1.0431,1.04325,1.00,1.00
2008.07.07 08:54:41.968,1.043,1.04325,1.90,1.00
2008.07.07 08:54:43.618,1.043,1.04325,1.40,1.00
2008.07.07 08:54:43.905,1.04305,1.0433,1.00,4.20
2008.07.07 08:54:44.023,1.04305,1.04325,1.00,1.00
2008.07.07 08:54:44.108,1.04305,1.0432,1.00,1.00
2008.07.07 08:54:44.579,1.043,1.0432,4.80,1.00
2008.07.07 08:54:44.900,1.043,1.0432,1.90,1.00
2008.07.07 08:54:45.236,1.043,1.0432,1.00,1.30
2008.07.07 08:54:45.657,1.04295,1.0431,3.80,1.00
2008.07.07 08:54:48.308,1.04295,1.0431,3.30,1.00
2008.07.07 08:54:48.982,1.04295,1.0431,1.00,1.00
2008.07.07 08:54:49.671,1.043,1.0431,1.00,1.00
2008.07.07 08:54:50.612,1.04305,1.0432,1.00,1.00
2008.07.07 08:54:50.760,1.043,1.0432,2.80,1.30
2008.07.07 08:54:51.045,1.04295,1.0432,3.30,1.30
2008.07.07 08:54:51.489,1.043,1.0432,1.00,1.30
2008.07.07 08:54:52.201,1.04295,1.0432,1.00,1.30
2008.07.07 08:54:52.720,1.043,1.0432,1.00,4.20
2008.07.07 08:54:52.919,1.043,1.0432,1.00,1.30
2008.07.07 08:54:53.112,1.04295,1.0431,1.00,1.00
2008.07.07 08:54:58.047,1.0429,1.0431,4.30,1.00
2008.07.07 08:54:58.341,1.0429,1.0431,1.40,1.00
2008.07.07 08:54:58.487,1.0429,1.0431,1.90,1.00
2008.07.07 08:54:58.605,1.04295,1.0431,1.00,1.00
2008.07.07 08:55:03.117,1.0429,1.0431,4.80,1.00
2008.07.07 08:55:03.217,1.0429,1.0431,4.30,1.00
2008.07.07 08:55:03.417,1.0429,1.0431,1.40,1.00
2008.07.07 08:55:04.052,1.04295,1.0431,1.00,1.00
2008.07.07 08:55:05.717,1.0429,1.0431,4.30,1.00
2008.07.07 08:55:05.938,1.0429,1.0431,1.40,1.00
2008.07.07 08:55:08.253,1.04295,1.0431,1.00,1.00
2008.07.07 08:55:11.111,1.043,1.0432,1.00,4.20
2008.07.07 08:55:11.334,1.043,1.0432,1.00,1.30
2008.07.07 08:55:12.160,1.04295,1.0431,1.00,1.00
2008.07.07 08:55:12.319,1.0429,1.0431,4.30,1.00
2008.07.07 08:55:12.518,1.0429,1.0431,1.40,1.00
2008.07.07 08:55:13.420,1.04295,1.0431,1.00,1.00
2008.07.07 08:55:14.841,1.0429,1.0431,4.30,1.00
2008.07.07 08:55:15.083,1.0429,1.0431,1.40,1.00
2008.07.07 08:55:15.488,1.0429,1.043,1.00,1.00
2008.07.07 08:55:15.765,1.04285,1.043,3.30,1.00
2008.07.07 08:55:15.927,1.0429,1.0431,1.00,1.00
2008.07.07 08:55:16.560,1.04285,1.0431,3.30,1.30
2008.07.07 08:55:16.729,1.04285,1.0431,1.00,1.30
2008.07.07 08:55:17.550,1.0429,1.0431,1.00,1.00
2008.07.07 08:55:17.898,1.04285,1.0431,1.00,1.30
2008.07.07 08:55:18.107,1.0429,1.0431,1.00,1.00
2008.07.07 08:55:18.918,1.0429,1.0431,1.40,1.30
2008.07.07 08:55:19.369,1.0429,1.0431,1.00,1.30
2008.07.07 08:55:19.741,1.0429,1.0431,1.30,1.00
2008.07.07 08:55:20.177,1.0429,1.04315,1.00,1.00
2008.07.07 08:55:20.573,1.04285,1.0431,3.30,1.00
2008.07.07 08:55:20.759,1.0429,1.04315,1.00,3.70
2008.07.07 08:55:20.889,1.0429,1.0431,1.00,1.00
2008.07.07 08:55:21.007,1.04285,1.04305,3.30,1.00
2008.07.07 08:55:21.159,1.04285,1.04305,1.00,1.00
2008.07.07 08:55:22.389,1.0428,1.04305,1.90,1.00
2008.07.07 08:55:22.818,1.0428,1.043,1.90,1.00
2008.07.07 08:55:23.194,1.04285,1.043,1.00,1.00
2008.07.07 08:55:23.420,1.0428,1.043,1.90,1.00
2008.07.07 08:55:23.589,1.04285,1.0431,1.00,1.30
2008.07.07 08:55:23.764,1.0429,1.0431,1.00,1.00
2008.07.07 08:55:23.908,1.0429,1.0431,1.40,1.00
2008.07.07 08:55:24.810,1.0429,1.0431,1.40,1.30
2008.07.07 08:55:25.880,1.04285,1.043,1.00,1.00
2008.07.07 08:55:30.922,1.0428,1.043,4.80,1.30
2008.07.07 08:55:31.016,1.0428,1.043,1.40,1.30
2008.07.07 08:55:31.246,1.04275,1.0429,1.00,1.00
2008.07.07 08:55:31.675,1.0428,1.0429,1.00,1.00
2008.07.07 08:55:43.442,1.04275,1.0429,2.80,1.00
2008.07.07 08:55:48.425,1.0428,1.0429,2.80,1.00
2008.07.07 08:55:48.806,1.04275,1.0429,3.30,1.00
2008.07.07 08:55:49.257,1.0428,1.0429,3.30,1.00
2008.07.07 08:55:49.410,1.0428,1.043,4.20,1.00
2008.07.07 08:55:49.571,1.0429,1.043,2.80,1.00
2008.07.07 08:55:54.357,1.04285,1.043,3.30,1.00
2008.07.07 08:55:57.528,1.0429,1.043,1.00,1.00
2008.07.07 08:55:59.193,1.04285,1.043,3.30,1.00
2008.07.07 08:56:00.401,1.04285,1.043,2.80,1.00
2008.07.07 08:56:00.878,1.0428,1.043,4.20,1.00
2008.07.07 08:56:02.826,1.04285,1.043,2.80,1.00
2008.07.07 08:56:03.375,1.04285,1.043,3.30,1.00
2008.07.07 08:56:03.719,1.04285,1.043,2.80,1.00
2008.07.07 08:56:04.572,1.0428,1.043,4.20,1.00
2008.07.07 08:56:09.726,1.0429,1.0431,1.00,3.30
2008.07.07 08:56:10.296,1.04285,1.043,2.80,1.00
2008.07.07 08:56:10.853,1.0429,1.0431,1.00,1.00
2008.07.07 08:56:11.216,1.0429,1.04315,1.00,2.80
2008.07.07 08:56:11.435,1.0429,1.0432,1.00,3.30
2008.07.07 08:56:11.703,1.0429,1.0432,3.70,3.30
2008.07.07 08:56:11.930,1.0429,1.0432,1.00,3.30
2008.07.07 08:56:12.314,1.0429,1.0431,1.00,1.00
2008.07.07 08:56:12.643,1.0429,1.0431,1.30,1.00
2008.07.07 08:56:13.453,1.0429,1.0432,1.30,3.30
2008.07.07 08:56:13.703,1.0429,1.04315,1.30,2.80
2008.07.07 08:56:13.953,1.0429,1.04315,1.00,2.80
2008.07.07 08:56:14.343,1.0429,1.0431,1.00,1.00
2008.07.07 08:56:14.651,1.0429,1.04315,1.00,2.80
2008.07.07 08:56:15.015,1.0429,1.04315,1.30,2.80
2008.07.07 08:56:16.591,1.0429,1.0432,1.30,3.30
2008.07.07 08:56:17.038,1.0429,1.04315,1.30,2.80
2008.07.07 08:56:20.108,1.043,1.04315,1.00,2.80
2008.07.07 08:56:20.444,1.043,1.0432,1.00,3.30
2008.07.07 08:56:20.892,1.0431,1.0432,1.00,2.80
2008.07.07 08:56:21.238,1.0429,1.0431,3.70,1.00
2008.07.07 08:56:23.134,1.0429,1.0431,1.00,1.00
2008.07.07 08:56:23.238,1.04285,1.043,2.80,1.00
2008.07.07 08:56:23.356,1.0428,1.043,1.30,1.00
2008.07.07 08:56:25.429,1.0429,1.0431,1.00,3.30
2008.07.07 08:56:26.457,1.0429,1.0431,1.00,1.00
2008.07.07 08:56:26.644,1.0429,1.04315,1.00,2.80
2008.07.07 08:56:38.250,1.0429,1.0431,1.00,2.80
2008.07.07 08:56:38.414,1.0429,1.0431,1.00,3.30
2008.07.07 08:56:38.771,1.0429,1.0431,1.00,2.80
2008.07.07 08:56:39.085,1.0429,1.04315,1.00,2.80
2008.07.07 08:56:43.684,1.0429,1.0431,1.00,2.80
2008.07.07 08:56:43.966,1.0429,1.0431,1.00,3.30
2008.07.07 08:56:56.588,1.0429,1.0431,1.00,1.00
2008.07.07 08:57:04.141,1.0429,1.0431,1.00,3.30
2008.07.07 08:57:04.399,1.0429,1.0431,1.00,2.80
2008.07.07 08:57:04.491,1.0429,1.0431,1.80,2.80
2008.07.07 08:57:04.880,1.0429,1.04315,1.80,2.80
2008.07.07 08:57:05.231,1.0429,1.04315,1.00,2.80
2008.07.07 08:57:07.637,1.0429,1.0431,1.00,2.80
2008.07.07 08:57:07.812,1.0429,1.0431,1.00,3.30
2008.07.07 08:57:11.501,1.0428,1.0431,3.70,3.30
2008.07.07 08:57:12.975,1.0428,1.0431,1.30,3.30
2008.07.07 08:57:13.060,1.0428,1.0431,4.20,3.30
2008.07.07 08:57:13.630,1.0428,1.0431,1.30,3.30
2008.07.07 08:57:14.988,1.0428,1.0431,3.70,3.30
2008.07.07 08:57:15.349,1.0428,1.0431,1.00,3.30
2008.07.07 08:57:15.458,1.0428,1.0431,3.70,3.30
2008.07.07 08:57:15.736,1.0428,1.04305,1.00,2.80
2008.07.07 08:57:19.489,1.0428,1.0431,1.00,3.30
2008.07.07 08:57:19.755,1.0428,1.043,1.00,1.00
2008.07.07 08:57:20.249,1.0428,1.043,3.70,1.00
2008.07.07 08:57:20.526,1.0429,1.0431,1.00,3.30
2008.07.07 08:57:24.777,1.0428,1.0431,1.00,3.30
2008.07.07 08:57:24.853,1.0428,1.04305,1.00,2.80
2008.07.07 08:57:28.567,1.0428,1.043,1.00,2.80
2008.07.07 08:57:28.761,1.0428,1.043,1.00,3.30
2008.07.07 08:57:29.710,1.0428,1.043,3.70,3.30
2008.07.07 08:57:29.856,1.0428,1.043,1.30,3.30
2008.07.07 08:57:30.060,1.0429,1.04305,1.00,2.80
2008.07.07 08:57:30.199,1.0429,1.0431,1.00,3.30
2008.07.07 08:57:36.486,1.0428,1.0431,3.70,3.30
2008.07.07 08:57:36.666,1.0428,1.04305,3.70,2.80
2008.07.07 08:57:36.802,1.0428,1.04305,1.00,2.80
2008.07.07 08:57:37.078,1.0428,1.04305,3.70,2.80
2008.07.07 08:57:37.595,1.0429,1.0431,1.00,3.30
2008.07.07 08:57:44.913,1.0429,1.0431,1.00,5.20
2008.07.07 08:57:45.728,1.0429,1.0431,1.00,3.30
2008.07.07 08:57:55.014,1.0428,1.0431,3.70,3.30
2008.07.07 08:57:55.470,1.0428,1.04305,3.70,2.80
2008.07.07 08:57:55.637,1.0429,1.04305,1.00,2.80
2008.07.07 08:57:56.099,1.0429,1.0431,1.00,3.30
2008.07.07 08:57:56.344,1.0428,1.043,1.00,1.00
2008.07.07 08:57:58.240,1.0428,1.043,3.70,1.00
2008.07.07 08:57:58.559,1.0429,1.04305,1.00,2.80
2008.07.07 08:57:58.879,1.0429,1.0431,1.00,3.30
2008.07.07 08:58:02.234,1.0429,1.0431,1.00,5.20
2008.07.07 08:58:04.552,1.0429,1.0431,1.00,3.30
2008.07.07 08:58:05.053,1.0429,1.0431,1.00,5.20
2008.07.07 08:58:07.944,1.0429,1.0431,1.00,3.30
2008.07.07 08:58:09.537,1.0428,1.0431,1.00,3.30
2008.07.07 08:58:09.608,1.0428,1.04305,1.00,2.80
2008.07.07 08:58:11.354,1.0428,1.043,1.00,2.80
2008.07.07 08:58:11.551,1.0428,1.04305,1.00,2.80
2008.07.07 08:58:14.382,1.0428,1.043,1.00,2.80
2008.07.07 08:58:14.557,1.0428,1.043,1.00,3.30
2008.07.07 08:58:15.681,1.0428,1.043,1.00,5.20
2008.07.07 08:58:17.084,1.0428,1.043,1.00,3.30
2008.07.07 08:58:17.503,1.0427,1.0429,3.70,1.00
2008.07.07 08:58:25.820,1.0427,1.0429,1.00,1.00
2008.07.07 08:58:27.430,1.0427,1.04295,1.00,2.80
2008.07.07 08:58:27.575,1.0427,1.043,1.00,3.30
2008.07.07 08:58:27.764,1.0427,1.04295,1.00,2.80
2008.07.07 08:58:27.990,1.0427,1.04295,1.30,2.80
2008.07.07 08:58:28.340,1.0427,1.043,1.30,3.30
2008.07.07 08:58:31.120,1.0427,1.043,1.00,3.30
2008.07.07 08:58:31.249,1.0427,1.043,1.80,3.30
2008.07.07 08:58:31.634,1.0427,1.043,1.30,3.30
2008.07.07 08:58:31.838,1.0427,1.043,4.20,1.00
2008.07.07 08:58:32.196,1.0427,1.043,4.20,3.30
2008.07.07 08:58:32.478,1.0427,1.043,1.30,3.30
2008.07.07 08:58:32.762,1.0427,1.04295,1.30,2.80
2008.07.07 08:58:33.049,1.0427,1.04295,1.00,2.80
2008.07.07 08:58:33.333,1.04265,1.0429,2.80,1.00
2008.07.07 08:58:33.560,1.04265,1.0429,2.80,5.20
2008.07.07 08:58:33.824,1.04255,1.0429,3.30,3.30
2008.07.07 08:58:33.952,1.04255,1.04285,3.30,2.80
2008.07.07 08:58:34.168,1.04255,1.0429,3.30,3.30
2008.07.07 08:58:34.306,1.0426,1.0429,1.00,3.30
2008.07.07 08:58:34.515,1.04255,1.04285,1.00,2.80
2008.07.07 08:58:34.711,1.04255,1.0429,3.30,3.30
2008.07.07 08:58:35.139,1.04255,1.0428,1.00,2.80
2008.07.07 08:58:35.632,1.04255,1.04285,1.00,2.80
2008.07.07 08:58:35.931,1.04255,1.04285,2.80,2.80
2008.07.07 08:58:36.237,1.0425,1.04285,4.20,2.80
2008.07.07 08:58:36.674,1.0425,1.0428,4.20,1.00
2008.07.07 08:58:37.241,1.04255,1.04285,1.00,2.80
2008.07.07 08:58:37.380,1.0426,1.04285,2.80,2.80
2008.07.07 08:58:37.642,1.0426,1.04285,3.70,2.80
2008.07.07 08:58:38.155,1.0426,1.0428,3.70,1.00
2008.07.07 08:58:38.424,1.0426,1.0428,8.50,1.00
2008.07.07 08:58:38.977,1.0426,1.0428,3.70,1.00
2008.07.07 08:58:39.105,1.0426,1.0427,2.80,1.00
2008.07.07 08:58:39.504,1.0426,1.0428,3.70,3.30
2008.07.07 08:58:39.904,1.0426,1.0428,3.70,1.00
2008.07.07 08:58:41.369,1.0426,1.04285,3.70,2.80
2008.07.07 08:58:41.469,1.0426,1.04285,1.30,2.80
2008.07.07 08:58:41.891,1.0426,1.0429,1.30,3.30
2008.07.07 08:58:42.346,1.0427,1.0429,1.00,3.30
2008.07.07 08:58:42.868,1.0426,1.04285,1.30,2.80
2008.07.07 08:58:43.489,1.0426,1.04285,3.70,2.80
2008.07.07 08:58:43.882,1.0427,1.04285,1.00,2.80
2008.07.07 08:58:44.041,1.0427,1.04285,3.70,2.80
2008.07.07 08:58:44.167,1.0427,1.0429,3.70,2.80
2008.07.07 08:58:45.147,1.0427,1.0429,1.00,2.80
2008.07.07 08:58:45.438,1.0427,1.04295,1.00,2.80
2008.07.07 08:58:45.724,1.0427,1.0429,1.00,5.20
2008.07.07 08:58:46.304,1.0426,1.0429,3.70,3.30
2008.07.07 08:58:46.449,1.0426,1.04285,3.70,2.80
2008.07.07 08:58:50.926,1.0426,1.0428,3.70,2.80
2008.07.07 08:58:51.215,1.0426,1.04285,3.70,2.80
2008.07.07 08:58:51.314,1.0426,1.04285,1.30,2.80
2008.07.07 08:58:51.515,1.0427,1.04285,1.00,2.80
2008.07.07 08:58:51.616,1.0427,1.0429,1.00,2.80
2008.07.07 08:58:51.732,1.0427,1.0429,1.00,3.30
2008.07.07 08:58:58.556,1.0427,1.04285,1.00,2.80
2008.07.07 08:58:59.111,1.0427,1.0429,1.00,3.30
2008.07.07 08:59:01.892,1.0427,1.0429,1.00,2.80
2008.07.07 08:59:03.414,1.0426,1.0429,3.70,3.30
2008.07.07 08:59:04.044,1.0426,1.04285,3.70,2.80
2008.07.07 08:59:15.371,1.0426,1.0428,3.70,2.80
2008.07.07 08:59:17.910,1.0426,1.04285,3.70,2.80
2008.07.07 08:59:18.306,1.0426,1.0428,3.70,2.80
2008.07.07 08:59:19.643,1.0426,1.04285,3.70,2.80
2008.07.07 08:59:20.684,1.0426,1.0429,1.30,2.80
2008.07.07 08:59:20.808,1.0426,1.04285,1.30,2.80
2008.07.07 08:59:23.025,1.0426,1.04285,1.80,2.80
2008.07.07 08:59:23.060,1.0426,1.04285,3.70,2.80
2008.07.07 08:59:23.608,1.0426,1.0428,3.70,2.80
2008.07.07 08:59:24.452,1.0426,1.0428,3.70,3.30
2008.07.07 08:59:27.416,1.0426,1.0428,1.00,3.30
2008.07.07 08:59:27.841,1.0425,1.0427,1.30,1.00
2008.07.07 08:59:29.775,1.0425,1.0427,3.70,1.00
2008.07.07 08:59:30.965,1.0425,1.0427,1.30,1.00
2008.07.07 08:59:31.100,1.0426,1.0428,1.00,3.30
2008.07.07 08:59:31.241,1.0426,1.0428,3.70,3.30
2008.07.07 08:59:31.813,1.0426,1.0428,1.00,3.30
2008.07.07 08:59:32.074,1.0426,1.0428,1.30,5.20
2008.07.07 08:59:32.833,1.0426,1.0428,3.70,1.00
2008.07.07 08:59:33.050,1.0426,1.0428,1.00,1.00
2008.07.07 08:59:33.301,1.0425,1.0428,1.30,2.80
2008.07.07 08:59:34.964,1.0425,1.04275,1.30,2.80
2008.07.07 08:59:35.188,1.0425,1.0428,1.30,3.30
2008.07.07 08:59:35.447,1.0425,1.0428,3.70,3.30
2008.07.07 08:59:35.656,1.0425,1.04275,3.70,2.80
2008.07.07 08:59:37.310,1.0425,1.0428,3.70,5.20
2008.07.07 08:59:37.549,1.0425,1.0428,3.70,1.00
2008.07.07 08:59:38.047,1.0425,1.0428,3.70,3.30
2008.07.07 08:59:38.517,1.04255,1.0429,2.80,3.30
2008.07.07 08:59:38.732,1.0426,1.0429,2.80,3.30
2008.07.07 08:59:38.905,1.0425,1.04285,3.70,2.80
2008.07.07 08:59:39.292,1.0425,1.04285,4.20,2.80
2008.07.07 08:59:39.557,1.0425,1.0428,4.20,2.80
2008.07.07 08:59:39.978,1.0425,1.04285,4.20,2.80
2008.07.07 08:59:40.284,1.04255,1.0428,1.00,2.80
2008.07.07 08:59:40.586,1.0426,1.0428,3.70,2.80
2008.07.07 08:59:40.848,1.0426,1.04285,3.70,2.80
2008.07.07 08:59:42.298,1.0426,1.0429,3.70,3.30
2008.07.07 08:59:42.890,1.0426,1.0429,1.30,3.30
2008.07.07 08:59:43.176,1.0426,1.0429,1.30,2.80
2008.07.07 08:59:43.549,1.0426,1.04285,1.30,2.80
2008.07.07 08:59:53.482,1.0426,1.0428,1.30,2.80
2008.07.07 08:59:53.910,1.0426,1.04285,1.30,2.80
2008.07.07 08:59:54.830,1.0426,1.04285,3.70,2.80
2008.07.07 08:59:55.466,1.0426,1.0428,3.70,3.30
2008.07.07 08:59:56.151,1.0426,1.0428,3.70,2.80
2008.07.07 08:59:56.300,1.0426,1.04285,3.70,2.80
2008.07.07 08:59:58.681,1.0426,1.0428,3.70,2.80
2008.07.07 08:59:59.193,1.0426,1.0428,3.70,3.30
2008.07.07 08:59:59.702,1.0426,1.04285,3.70,2.80
2008.07.07 08:59:59.825,1.0426,1.04285,1.30,2.80
