2011.06.22 22:00:00.443,0.95631,0.95673,1.50,1.50
2011.06.22 22:00:00.671,0.95631,0.95671,1.50,1.19
2011.06.22 22:00:01.227,0.95631,0.9567,1.50,1.19
2011.06.22 22:00:01.447,0.95636,0.95672,1.50,1.19
2011.06.22 22:00:01.559,0.95636,0.95675,1.50,1.19
2011.06.22 22:00:01.668,0.9563,0.95675,1.50,1.19
2011.06.22 22:00:01.777,0.9563,0.95674,1.50,1.19
2011.06.22 22:00:01.889,0.95639,0.95677,1.50,1.19
2011.06.22 22:00:07.177,0.95634,0.95674,1.50,1.19
2011.06.22 22:00:18.138,0.95634,0.95676,1.50,1.19
2011.06.22 22:00:21.267,0.95638,0.95681,1.50,1.19
2011.06.22 22:00:24.647,0.95647,0.95684,1.50,1.19
2011.06.22 22:00:25.547,0.95644,0.95682,1.50,1.19
2011.06.22 22:00:25.766,0.95642,0.95682,1.50,1.19
2011.06.22 22:00:30.217,0.95642,0.95681,1.50,1.19
2011.06.22 22:00:31.288,0.95642,0.95681,1.50,1.19
2011.06.22 22:00:31.837,0.95642,0.95681,1.50,1.19
2011.06.22 22:00:32.380,0.95639,0.95683,1.50,1.19
2011.06.22 22:00:32.490,0.95639,0.95681,1.50,1.19
2011.06.22 22:00:32.707,0.95639,0.95681,1.50,1.19
2011.06.22 22:00:33.037,0.95639,0.95681,1.50,1.19
2011.06.22 22:00:37.221,0.95641,0.95683,1.50,1.94
2011.06.22 22:00:37.559,0.95658,0.95699,1.13,1.19
2011.06.22 22:00:37.670,0.95653,0.95699,1.50,1.19
2011.06.22 22:00:37.888,0.95652,0.95691,1.88,1.19
2011.06.22 22:00:38.432,0.95648,0.95684,2.25,1.19
2011.06.22 22:00:38.550,0.95648,0.95685,1.50,1.19
2011.06.22 22:00:38.657,0.95646,0.9569,1.50,1.19
2011.06.22 22:00:41.106,0.95645,0.95688,1.50,1.19
2011.06.22 22:00:41.657,0.95645,0.95683,1.50,1.19
2011.06.22 22:00:49.591,0.95645,0.95683,1.50,1.19
2011.06.22 22:00:49.711,0.95642,0.9568,1.50,1.19
2011.06.22 22:00:49.828,0.95642,0.9568,1.50,1.19
2011.06.22 22:00:50.049,0.95638,0.95679,1.50,1.19
2011.06.22 22:00:50.599,0.95638,0.95676,1.50,1.19
2011.06.22 22:00:50.817,0.95638,0.95678,1.50,1.19
2011.06.22 22:00:58.019,0.9563,0.95668,1.50,1.19
2011.06.22 22:00:59.118,0.9563,0.9567,1.50,1.19
2011.06.22 22:00:59.777,0.95616,0.9567,1.50,3.07
2011.06.22 22:01:00.147,0.95614,0.95657,1.50,1.19
2011.06.22 22:01:00.257,0.95614,0.95657,1.50,1.19
2011.06.22 22:01:08.848,0.95614,0.95657,1.50,1.19
2011.06.22 22:01:09.399,0.95616,0.95657,1.50,1.19
2011.06.22 22:01:09.952,0.95618,0.95659,1.50,1.19
2011.06.22 22:01:10.498,0.95621,0.9566,1.50,1.19
2011.06.22 22:01:12.158,0.95615,0.95657,1.50,1.50
2011.06.22 22:01:14.220,0.95617,0.95657,1.50,1.50
2011.06.22 22:01:14.440,0.95627,0.95664,1.50,1.19
2011.06.22 22:01:14.659,0.95628,0.95667,1.50,1.19
2011.06.22 22:01:14.769,0.95628,0.95667,1.50,1.19
2011.06.22 22:01:14.988,0.95628,0.95667,1.50,1.19
2011.06.22 22:01:15.208,0.95628,0.95667,1.50,1.19
2011.06.22 22:01:15.777,0.95631,0.95667,1.50,1.19
2011.06.22 22:01:17.407,0.95629,0.95667,1.50,1.19
2011.06.22 22:01:18.838,0.95628,0.95667,1.50,1.19
2011.06.22 22:01:20.937,0.95628,0.95667,2.25,1.19
2011.06.22 22:01:22.353,0.95631,0.95667,2.25,1.19
2011.06.22 22:01:22.690,0.95635,0.95674,1.50,1.50
2011.06.22 22:01:23.018,0.95637,0.95676,1.50,1.19
2011.06.22 22:01:23.128,0.95637,0.95676,1.50,1.19
2011.06.22 22:01:23.570,0.95637,0.95673,1.50,1.35
2011.06.22 22:01:23.681,0.95622,0.95654,1.35,1.19
2011.06.22 22:01:23.790,0.95622,0.95656,1.35,1.19
2011.06.22 22:01:24.010,0.95622,0.95661,1.35,1.19
2011.06.22 22:01:24.120,0.9562,0.95661,1.50,1.79
2011.06.22 22:01:24.233,0.95612,0.95648,1.35,1.19
2011.06.22 22:01:24.350,0.95612,0.95648,1.35,1.19
2011.06.22 22:01:24.689,0.95612,0.9565,1.35,1.94
2011.06.22 22:01:25.029,0.95612,0.9565,1.35,1.19
2011.06.22 22:01:25.565,0.95627,0.95663,1.50,1.19
2011.06.22 22:01:25.789,0.95628,0.95666,1.13,1.13
2011.06.22 22:01:25.898,0.95631,0.95669,1.13,1.13
2011.06.22 22:01:26.118,0.95637,0.95669,1.50,1.13
2011.06.22 22:01:26.337,0.95637,0.95669,1.50,1.13
2011.06.22 22:01:28.408,0.9564,0.95671,1.50,1.35
2011.06.22 22:01:28.737,0.9564,0.95679,1.50,1.19
2011.06.22 22:01:29.201,0.9564,0.95679,1.50,1.19
2011.06.22 22:01:29.541,0.95634,0.95671,1.50,1.19
2011.06.22 22:01:29.759,0.95632,0.95671,1.50,1.19
2011.06.22 22:01:30.199,0.95632,0.95671,1.50,1.19
2011.06.22 22:01:30.640,0.95632,0.95671,1.50,1.19
2011.06.22 22:01:30.859,0.95632,0.95668,1.50,1.13
2011.06.22 22:01:31.187,0.95632,0.95666,1.50,1.13
2011.06.22 22:01:31.739,0.95632,0.95666,1.50,1.13
2011.06.22 22:01:32.267,0.95632,0.95666,1.50,1.13
2011.06.22 22:01:35.678,0.95632,0.95666,1.50,1.13
2011.06.22 22:01:36.492,0.95632,0.95666,1.50,1.13
2011.06.22 22:01:38.638,0.95632,0.95666,1.50,1.13
2011.06.22 22:01:40.818,0.9563,0.9566,1.50,1.13
2011.06.22 22:01:40.931,0.9563,0.9566,1.50,1.13
2011.06.22 22:01:43.157,0.95623,0.95654,2.25,1.13
2011.06.22 22:01:43.268,0.95623,0.95654,1.50,1.13
2011.06.22 22:01:43.488,0.95623,0.95654,1.50,1.13
2011.06.22 22:01:47.947,0.95626,0.9566,2.10,1.13
2011.06.22 22:01:48.060,0.95626,0.95663,2.10,1.19
2011.06.22 22:01:48.279,0.95637,0.95676,1.35,1.19
2011.06.22 22:01:48.499,0.95637,0.95677,1.50,1.19
2011.06.22 22:01:52.537,0.95637,0.95676,1.50,1.19
2011.06.22 22:02:01.919,0.95637,0.95676,1.50,1.19
2011.06.22 22:02:02.139,0.95637,0.95676,1.50,1.19
2011.06.22 22:02:03.629,0.95637,0.95672,1.50,2.63
2011.06.22 22:02:04.177,0.95637,0.95672,1.50,2.63
2011.06.22 22:02:04.758,0.95637,0.95672,1.50,2.63
2011.06.22 22:02:05.087,0.95637,0.95672,1.50,2.63
2011.06.22 22:02:09.447,0.95637,0.95675,1.50,2.63
2011.06.22 22:02:10.558,0.95637,0.95675,1.50,2.63
2011.06.22 22:02:13.997,0.95634,0.9567,1.50,2.63
2011.06.22 22:02:14.442,0.95632,0.9567,1.50,2.63
2011.06.22 22:02:14.670,0.95634,0.9567,1.50,2.63
2011.06.22 22:02:15.515,0.95634,0.9567,1.50,2.63
2011.06.22 22:02:17.057,0.95634,0.9567,1.50,2.63
2011.06.22 22:02:17.417,0.95634,0.9567,1.50,2.63
2011.06.22 22:02:17.638,0.95639,0.95675,1.50,1.19
2011.06.22 22:02:20.857,0.95639,0.95675,1.50,1.19
2011.06.22 22:02:22.749,0.95639,0.95677,1.50,1.50
2011.06.22 22:02:25.478,0.95641,0.95678,1.50,1.19
2011.06.22 22:02:26.031,0.95644,0.95681,1.50,1.19
2011.06.22 22:02:26.372,0.95644,0.95681,1.50,1.19
2011.06.22 22:02:26.599,0.9564,0.95674,1.50,2.63
2011.06.22 22:02:28.797,0.95632,0.95669,1.50,1.19
2011.06.22 22:02:29.018,0.95632,0.95669,1.50,1.19
2011.06.22 22:02:31.168,0.95633,0.95669,1.50,1.19
2011.06.22 22:02:31.682,0.95636,0.95673,1.50,1.19
2011.06.22 22:02:37.939,0.95639,0.95673,1.50,1.19
2011.06.22 22:02:38.268,0.9564,0.95674,1.50,2.63
2011.06.22 22:02:38.930,0.95642,0.95676,1.50,2.63
2011.06.22 22:02:39.038,0.95643,0.95676,1.50,2.63
2011.06.22 22:02:39.367,0.95643,0.95676,1.50,2.63
2011.06.22 22:02:40.248,0.95643,0.95676,1.50,2.63
2011.06.22 22:02:40.469,0.95645,0.95679,1.50,3.07
2011.06.22 22:02:40.578,0.95649,0.95679,1.50,2.63
2011.06.22 22:02:41.130,0.95651,0.95686,1.50,1.88
2011.06.22 22:02:41.347,0.95652,0.95686,1.50,2.63
2011.06.22 22:02:41.457,0.95652,0.95686,1.50,2.63
2011.06.22 22:02:43.652,0.95652,0.95686,1.50,2.63
2011.06.22 22:02:44.738,0.95657,0.95686,1.50,2.63
2011.06.22 22:02:48.878,0.95656,0.95684,1.50,1.50
2011.06.22 22:02:56.667,0.95652,0.95679,1.50,2.63
2011.06.22 22:02:56.886,0.95652,0.95679,1.50,2.63
2011.06.22 22:03:00.680,0.95652,0.95678,1.50,1.50
2011.06.22 22:03:09.887,0.95652,0.95678,1.50,1.50
2011.06.22 22:03:13.571,0.95652,0.95679,1.50,2.63
2011.06.22 22:03:16.888,0.95649,0.9568,1.50,2.63
2011.06.22 22:03:17.109,0.95647,0.95675,1.50,2.63
2011.06.22 22:03:20.400,0.95647,0.95675,1.50,2.63
2011.06.22 22:03:20.728,0.95641,0.95673,1.50,2.63
2011.06.22 22:03:21.660,0.95641,0.95671,1.50,2.63
2011.06.22 22:03:23.560,0.95641,0.95668,1.50,1.50
2011.06.22 22:03:24.878,0.95641,0.95667,1.50,2.63
2011.06.22 22:03:25.099,0.95644,0.95667,1.50,2.63
2011.06.22 22:03:26.968,0.95644,0.95674,1.50,1.88
2011.06.22 22:03:27.077,0.95644,0.95674,1.50,2.63
2011.06.22 22:03:32.138,0.95644,0.95672,1.50,2.63
2011.06.22 22:03:36.008,0.95642,0.95673,1.50,2.63
2011.06.22 22:03:45.180,0.95642,0.95673,1.50,2.63
2011.06.22 22:03:45.626,0.95645,0.95679,1.50,2.63
2011.06.22 22:03:45.741,0.95643,0.95679,1.50,2.63
2011.06.22 22:03:46.067,0.95645,0.95679,1.50,3.38
2011.06.22 22:03:47.967,0.9564,0.95678,1.50,1.50
2011.06.22 22:03:48.077,0.9564,0.95677,1.50,1.19
2011.06.22 22:03:48.628,0.95637,0.95675,1.50,1.19
2011.06.22 22:03:52.929,0.95637,0.95673,1.50,1.50
2011.06.22 22:03:53.703,0.95634,0.95672,1.50,3.07
2011.06.22 22:03:53.928,0.95637,0.95672,1.50,2.63
2011.06.22 22:03:54.257,0.95638,0.95672,1.50,2.63
2011.06.22 22:03:54.477,0.95633,0.95669,1.50,1.50
2011.06.22 22:03:54.591,0.95633,0.95671,1.50,1.19
2011.06.22 22:03:55.152,0.95634,0.95671,1.13,1.19
2011.06.22 22:03:55.268,0.95634,0.95673,1.88,1.94
2011.06.22 22:03:55.379,0.95634,0.95671,1.13,1.19
2011.06.22 22:03:55.709,0.95634,0.95672,1.88,1.19
2011.06.22 22:03:56.039,0.95634,0.95673,1.88,2.63
2011.06.22 22:03:56.587,0.95635,0.9567,1.50,1.19
2011.06.22 22:03:57.259,0.95635,0.9567,1.50,1.19
2011.06.22 22:03:57.478,0.95631,0.95666,1.50,2.63
2011.06.22 22:03:58.649,0.95631,0.95666,1.50,2.63
2011.06.22 22:03:58.759,0.9563,0.95665,1.50,1.19
2011.06.22 22:03:59.307,0.95629,0.95665,1.13,1.19
2011.06.22 22:03:59.763,0.9563,0.95665,1.88,1.19
2011.06.22 22:04:01.668,0.95633,0.9567,1.13,1.19
2011.06.22 22:04:02.326,0.95633,0.9567,1.13,1.19
2011.06.22 22:04:02.657,0.95633,0.9567,1.13,1.19
2011.06.22 22:04:03.320,0.95632,0.9567,1.50,1.19
2011.06.22 22:04:03.961,0.95629,0.95666,1.13,1.19
2011.06.22 22:04:04.188,0.95629,0.95666,1.88,1.19
2011.06.22 22:04:04.298,0.9563,0.95667,1.50,1.13
2011.06.22 22:04:05.519,0.9563,0.95668,1.50,1.94
2011.06.22 22:04:05.739,0.95629,0.95666,1.88,1.19
2011.06.22 22:04:06.287,0.95629,0.95666,1.13,1.19
2011.06.22 22:04:09.578,0.95631,0.95668,1.50,1.19
2011.06.22 22:04:09.909,0.95631,0.95668,1.50,1.19
2011.06.22 22:04:10.483,0.95631,0.95666,1.50,1.13
2011.06.22 22:04:10.708,0.9563,0.95665,1.13,1.50
2011.06.22 22:04:10.817,0.95628,0.95666,1.13,1.19
2011.06.22 22:04:11.217,0.95632,0.95668,1.50,1.13
2011.06.22 22:04:11.327,0.9563,0.95669,1.88,1.57
2011.06.22 22:04:11.549,0.95633,0.9567,1.13,1.19
2011.06.22 22:04:11.658,0.95633,0.95671,1.13,1.19
2011.06.22 22:04:11.987,0.95639,0.95675,1.50,1.73
2011.06.22 22:04:13.528,0.9564,0.95677,1.35,1.19
2011.06.22 22:04:13.639,0.95644,0.95685,1.50,1.19
2011.06.22 22:04:36.567,0.95645,0.95686,1.50,1.19
2011.06.22 22:04:37.637,0.95648,0.95686,1.50,1.19
2011.06.22 22:04:42.069,0.95651,0.95689,1.50,1.19
2011.06.22 22:04:42.620,0.95652,0.95692,1.50,1.19
2011.06.22 22:04:50.278,0.95652,0.95689,1.50,1.19
2011.06.22 22:04:50.608,0.95655,0.95692,1.50,1.19
2011.06.22 22:04:51.398,0.95655,0.95692,1.50,1.19
2011.06.22 22:05:00.748,0.95655,0.95695,1.50,1.19
2011.06.22 22:05:09.137,0.95655,0.95692,1.50,1.19
2011.06.22 22:05:11.638,0.95655,0.95695,1.50,1.19
2011.06.22 22:05:13.747,0.95658,0.95696,1.50,1.19
2011.06.22 22:05:13.858,0.95662,0.95699,1.50,1.19
2011.06.22 22:05:13.968,0.95662,0.95699,1.50,1.19
2011.06.22 22:05:14.188,0.9566,0.95697,1.50,1.19
2011.06.22 22:05:14.409,0.95658,0.95697,1.50,1.19
2011.06.22 22:05:14.848,0.95655,0.95694,1.50,1.19
2011.06.22 22:05:18.022,0.95659,0.95696,1.50,1.19
2011.06.22 22:05:18.360,0.95663,0.95703,1.50,1.19
2011.06.22 22:05:18.800,0.9566,0.95698,1.50,1.19
2011.06.22 22:05:19.019,0.9566,0.95698,1.50,1.19
2011.06.22 22:05:19.788,0.9566,0.95697,1.50,1.13
2011.06.22 22:05:19.901,0.95648,0.95689,1.50,1.19
2011.06.22 22:05:23.628,0.95648,0.95688,1.50,1.19
2011.06.22 22:05:24.178,0.95648,0.95684,1.50,1.19
2011.06.22 22:05:24.619,0.95648,0.9569,1.50,1.94
2011.06.22 22:05:26.919,0.95648,0.95686,1.50,1.19
2011.06.22 22:05:27.137,0.95646,0.95681,1.50,1.19
2011.06.22 22:05:27.247,0.95644,0.95681,1.50,1.19
2011.06.22 22:05:29.169,0.95644,0.95681,1.50,1.19
2011.06.22 22:05:29.389,0.95641,0.95678,1.50,1.19
2011.06.22 22:05:29.608,0.95636,0.95672,1.50,1.19
2011.06.22 22:05:30.608,0.95636,0.95672,1.50,1.19
2011.06.22 22:05:31.048,0.95639,0.95678,1.50,1.35
2011.06.22 22:05:31.526,0.95645,0.95678,1.50,1.35
2011.06.22 22:05:31.867,0.95646,0.95678,1.50,1.35
2011.06.22 22:05:33.978,0.95646,0.95678,1.50,1.35
2011.06.22 22:05:36.269,0.95647,0.95675,1.50,1.13
2011.06.22 22:05:36.378,0.95642,0.95671,1.50,1.13
2011.06.22 22:05:38.387,0.95641,0.95671,1.50,1.13
2011.06.22 22:05:38.827,0.95638,0.95671,1.50,1.13
2011.06.22 22:05:39.487,0.9564,0.95671,1.50,1.13
2011.06.22 22:05:41.118,0.95638,0.9567,1.50,1.13
2011.06.22 22:05:41.698,0.95636,0.9567,1.50,1.13
2011.06.22 22:05:42.212,0.95636,0.9567,1.50,1.13
2011.06.22 22:05:54.638,0.95636,0.95665,1.50,1.13
2011.06.22 22:05:54.971,0.95636,0.95672,1.50,1.13
2011.06.22 22:06:20.462,0.95633,0.95668,1.50,1.13
2011.06.22 22:06:20.799,0.95637,0.95669,1.50,1.13
2011.06.22 22:06:21.129,0.95637,0.95668,1.50,1.50
2011.06.22 22:06:21.347,0.95633,0.95667,1.50,1.13
2011.06.22 22:06:21.568,0.95633,0.95663,2.25,1.13
2011.06.22 22:06:23.418,0.95636,0.95669,1.50,1.13
2011.06.22 22:06:23.968,0.95637,0.95669,1.50,1.13
2011.06.22 22:06:26.132,0.95633,0.95663,1.50,1.13
2011.06.22 22:06:28.038,0.9563,0.95663,1.50,1.13
2011.06.22 22:06:28.367,0.95631,0.95663,2.25,1.13
2011.06.22 22:06:28.917,0.95633,0.95663,1.50,1.13
2011.06.22 22:06:30.016,0.95636,0.95663,1.13,1.13
2011.06.22 22:06:30.127,0.95637,0.95671,1.13,2.69
2011.06.22 22:06:30.458,0.95643,0.95675,1.50,1.13
2011.06.22 22:06:30.787,0.95641,0.95672,1.50,1.13
2011.06.22 22:06:34.428,0.95638,0.95672,2.25,1.13
2011.06.22 22:06:36.628,0.95638,0.95667,2.25,1.13
2011.06.22 22:06:36.847,0.95634,0.95666,2.25,1.13
2011.06.22 22:06:36.958,0.95634,0.95665,2.25,1.13
2011.06.22 22:06:37.507,0.95634,0.95665,2.25,1.13
2011.06.22 22:06:40.337,0.95635,0.95668,1.50,1.13
2011.06.22 22:06:40.448,0.95638,0.95675,1.50,2.32
2011.06.22 22:06:40.558,0.95641,0.95675,1.50,1.57
2011.06.22 22:06:40.887,0.95643,0.95678,1.50,1.73
2011.06.22 22:06:48.118,0.95643,0.95677,1.50,1.73
2011.06.22 22:06:48.227,0.95643,0.95676,1.50,1.13
2011.06.22 22:06:50.569,0.95642,0.95676,1.50,1.13
2011.06.22 22:06:59.759,0.95641,0.95678,2.25,1.13
2011.06.22 22:07:00.099,0.95643,0.95678,1.50,1.13
2011.06.22 22:07:08.040,0.95643,0.95678,1.50,1.13
2011.06.22 22:07:11.278,0.95643,0.95673,1.50,1.13
2011.06.22 22:07:11.609,0.95636,0.95675,1.50,1.88
2011.06.22 22:07:11.939,0.95636,0.95673,1.50,1.13
2011.06.22 22:07:12.511,0.95636,0.95673,1.50,1.57
2011.06.22 22:07:13.067,0.95636,0.95671,1.50,1.13
2011.06.22 22:07:14.907,0.95635,0.95672,1.50,1.57
2011.06.22 22:07:15.840,0.95636,0.95672,1.50,1.13
2011.06.22 22:07:16.719,0.95636,0.95673,1.50,1.57
2011.06.22 22:07:17.269,0.95637,0.95673,1.50,1.57
2011.06.22 22:07:17.487,0.95639,0.95675,1.50,1.13
2011.06.22 22:07:17.598,0.9564,0.95675,1.50,1.13
2011.06.22 22:07:18.147,0.9564,0.95675,1.50,1.13
2011.06.22 22:07:35.438,0.95639,0.95675,1.50,1.57
2011.06.22 22:07:35.768,0.95635,0.95672,1.50,1.57
2011.06.22 22:07:35.988,0.95634,0.95668,1.50,1.13
2011.06.22 22:07:42.437,0.95633,0.95669,1.50,1.13
2011.06.22 22:07:42.768,0.95633,0.95674,1.13,1.50
2011.06.22 22:07:42.988,0.95636,0.95679,1.50,1.19
2011.06.22 22:07:43.649,0.95636,0.95677,1.50,1.19
2011.06.22 22:07:43.868,0.95634,0.95677,1.50,1.19
2011.06.22 22:07:44.308,0.95634,0.95674,1.50,1.19
2011.06.22 22:07:46.347,0.95639,0.95677,1.50,1.19
2011.06.22 22:07:47.228,0.95639,0.95677,1.50,1.19
2011.06.22 22:07:47.778,0.95639,0.95677,1.50,1.19
2011.06.22 22:07:56.361,0.95639,0.95677,1.50,1.19
2011.06.22 22:08:00.328,0.95639,0.95677,1.50,1.19
2011.06.22 22:08:00.660,0.95636,0.95674,1.50,1.19
2011.06.22 22:08:01.193,0.95636,0.95674,1.50,1.19
2011.06.22 22:08:01.530,0.95629,0.95669,1.50,1.19
2011.06.22 22:08:06.769,0.95626,0.95667,1.50,1.19
2011.06.22 22:08:06.988,0.9562,0.95661,1.50,1.19
2011.06.22 22:08:07.098,0.95621,0.95661,1.50,1.19
2011.06.22 22:08:07.427,0.95625,0.95664,1.50,1.19
2011.06.22 22:08:09.722,0.95627,0.95665,1.50,1.19
2011.06.22 22:08:09.843,0.95629,0.95667,1.50,1.19
2011.06.22 22:08:09.959,0.95633,0.95671,1.50,1.19
2011.06.22 22:08:21.293,0.95629,0.95669,1.50,1.19
2011.06.22 22:08:21.519,0.95629,0.95669,1.50,1.19
2011.06.22 22:08:22.979,0.95635,0.95671,1.50,1.19
2011.06.22 22:08:26.798,0.95637,0.95676,1.50,1.19
2011.06.22 22:08:27.348,0.95635,0.95675,1.50,1.19
2011.06.22 22:08:35.469,0.95635,0.95675,1.50,1.19
2011.06.22 22:08:42.508,0.95635,0.95675,1.50,1.19
2011.06.22 22:08:42.728,0.95638,0.95678,1.50,1.19
2011.06.22 22:08:42.837,0.95638,0.95678,1.50,1.19
2011.06.22 22:08:42.948,0.95643,0.95678,1.50,1.19
2011.06.22 22:08:43.500,0.95645,0.9568,1.50,1.19
2011.06.22 22:08:43.829,0.95645,0.95685,1.50,1.19
2011.06.22 22:08:44.369,0.95649,0.9569,1.50,1.19
2011.06.22 22:08:45.498,0.95649,0.95685,1.50,1.19
2011.06.22 22:08:45.718,0.95647,0.95686,1.50,1.19
2011.06.22 22:08:47.821,0.95647,0.95686,1.50,1.19
2011.06.22 22:08:56.098,0.95647,0.95686,1.50,1.19
2011.06.22 22:08:56.319,0.9564,0.95679,1.50,1.19
2011.06.22 22:08:56.430,0.9564,0.95679,1.50,1.19
2011.06.22 22:08:56.540,0.9564,0.95679,1.50,1.19
2011.06.22 22:09:00.098,0.95636,0.95676,1.50,1.19
2011.06.22 22:09:00.648,0.95636,0.95676,1.50,1.19
2011.06.22 22:09:01.538,0.95636,0.95678,1.50,1.94
2011.06.22 22:09:02.107,0.95636,0.95676,2.25,1.19
2011.06.22 22:09:03.238,0.95636,0.95676,1.50,1.19
2011.06.22 22:09:23.447,0.95634,0.95673,1.50,1.19
2011.06.22 22:09:27.588,0.95634,0.95673,1.50,1.19
2011.06.22 22:09:45.428,0.95638,0.95677,1.50,1.19
2011.06.22 22:09:49.847,0.95638,0.95677,1.50,1.19
2011.06.22 22:09:53.138,0.95633,0.95671,1.50,1.19
2011.06.22 22:09:53.469,0.95628,0.95664,1.50,1.19
2011.06.22 22:09:53.909,0.95624,0.95661,1.13,1.19
2011.06.22 22:09:56.197,0.95623,0.9566,1.13,1.19
2011.06.22 22:10:00.510,0.95624,0.9566,1.13,1.19
2011.06.22 22:10:00.838,0.95626,0.95661,1.13,1.50
2011.06.22 22:10:02.788,0.95628,0.95663,1.50,1.19
2011.06.22 22:10:23.789,0.95631,0.95663,1.13,1.19
2011.06.22 22:10:24.338,0.95633,0.9567,1.50,1.19
2011.06.22 22:10:41.248,0.95633,0.95667,1.50,1.19
2011.06.22 22:10:44.120,0.95634,0.95667,1.50,1.19
2011.06.22 22:10:47.589,0.95635,0.95672,1.13,1.19
2011.06.22 22:10:47.919,0.95635,0.95671,1.50,1.13
2011.06.22 22:10:49.988,0.95633,0.95667,1.13,1.19
2011.06.22 22:10:55.668,0.95633,0.95667,1.13,1.19
2011.06.22 22:11:09.169,0.95628,0.95663,1.13,1.19
2011.06.22 22:11:09.280,0.95626,0.95659,1.50,1.13
2011.06.22 22:11:09.389,0.95623,0.95657,1.50,1.19
2011.06.22 22:11:09.498,0.95621,0.95655,1.13,1.19
2011.06.22 22:11:09.719,0.95621,0.95656,1.13,1.19
2011.06.22 22:11:10.048,0.95621,0.95651,1.13,1.19
2011.06.22 22:11:11.379,0.95616,0.95651,2.85,1.19
2011.06.22 22:11:12.968,0.95615,0.95648,2.10,1.13
2011.06.22 22:11:13.298,0.95616,0.95653,2.10,1.13
2011.06.22 22:11:13.408,0.95618,0.95653,1.50,1.13
2011.06.22 22:11:16.290,0.95616,0.95652,2.10,1.13
2011.06.22 22:11:16.617,0.95616,0.95647,1.35,1.13
2011.06.22 22:11:18.284,0.95616,0.95647,2.10,1.13
2011.06.22 22:11:23.469,0.95619,0.95651,1.50,1.50
2011.06.22 22:11:23.579,0.9562,0.95654,1.50,1.13
2011.06.22 22:11:23.798,0.95619,0.9566,2.63,1.19
2011.06.22 22:11:23.908,0.9562,0.95661,1.50,1.19
2011.06.22 22:11:24.128,0.95625,0.95663,1.50,1.19
2011.06.22 22:11:24.458,0.9563,0.95665,1.50,1.73
2011.06.22 22:11:24.568,0.95628,0.95665,1.50,1.73
2011.06.22 22:11:25.909,0.95631,0.95665,1.88,1.35
2011.06.22 22:11:26.348,0.95632,0.95669,1.50,1.19
2011.06.22 22:11:26.738,0.95635,0.9567,1.50,1.13
2011.06.22 22:11:27.069,0.95635,0.95666,1.50,2.25
2011.06.22 22:11:27.179,0.95629,0.95663,1.13,1.13
2011.06.22 22:11:27.400,0.95626,0.95663,1.88,1.19
2011.06.22 22:11:27.509,0.95626,0.95663,1.88,1.19
2011.06.22 22:11:27.838,0.95621,0.95658,1.50,1.13
2011.06.22 22:11:28.058,0.95619,0.95658,1.50,1.57
2011.06.22 22:11:28.448,0.95618,0.95656,2.63,1.19
2011.06.22 22:11:30.569,0.95618,0.95651,1.50,1.13
2011.06.22 22:11:31.008,0.9562,0.95652,1.13,1.19
2011.06.22 22:11:31.118,0.9562,0.95655,1.88,1.50
2011.06.22 22:11:33.909,0.95621,0.95656,1.50,1.13
2011.06.22 22:11:34.459,0.9562,0.9565,1.50,1.13
2011.06.22 22:11:34.677,0.95617,0.9565,1.50,1.13
2011.06.22 22:11:34.788,0.95617,0.9565,1.50,1.13
2011.06.22 22:11:35.448,0.95617,0.9565,1.50,1.13
2011.06.22 22:11:36.649,0.95617,0.95646,1.50,1.13
2011.06.22 22:11:36.759,0.95617,0.95648,1.50,1.13
2011.06.22 22:11:36.871,0.95616,0.95648,1.50,1.13
2011.06.22 22:11:36.979,0.95613,0.95648,1.50,1.13
2011.06.22 22:11:37.089,0.95615,0.95649,1.50,1.13
2011.06.22 22:11:38.298,0.95613,0.95648,1.50,1.13
2011.06.22 22:11:38.740,0.95612,0.95643,1.50,1.13
2011.06.22 22:11:39.399,0.95613,0.95649,1.50,1.13
2011.06.22 22:11:39.729,0.95618,0.95655,1.50,1.19
2011.06.22 22:11:40.500,0.95618,0.95655,1.50,1.19
2011.06.22 22:11:41.299,0.95618,0.95655,1.50,1.19
2011.06.22 22:11:44.609,0.95621,0.95658,1.50,1.57
2011.06.22 22:11:45.157,0.95621,0.95658,1.50,1.13
2011.06.22 22:11:45.269,0.95622,0.95658,1.50,1.13
2011.06.22 22:11:48.049,0.95622,0.9565,1.50,1.13
2011.06.22 22:11:48.379,0.9562,0.95653,1.50,1.13
2011.06.22 22:11:48.828,0.95623,0.95653,1.50,1.13
2011.06.22 22:11:49.407,0.95623,0.95652,1.50,1.13
2011.06.22 22:11:50.368,0.95621,0.95651,1.50,1.13
2011.06.22 22:11:50.698,0.95621,0.95651,1.50,1.13
2011.06.22 22:11:53.119,0.95621,0.95653,1.50,1.13
2011.06.22 22:11:54.148,0.95619,0.95653,1.50,1.13
2011.06.22 22:11:54.261,0.95616,0.95646,1.50,1.13
2011.06.22 22:11:54.967,0.95614,0.95646,1.50,1.13
2011.06.22 22:11:59.889,0.95611,0.95645,1.50,1.13
2011.06.22 22:12:01.758,0.95611,0.95648,2.25,1.57
2011.06.22 22:12:01.978,0.95611,0.95648,3.00,1.57
2011.06.22 22:12:02.439,0.95611,0.95644,2.25,1.13
2011.06.22 22:12:02.988,0.95609,0.95644,1.50,1.13
2011.06.22 22:12:04.209,0.95612,0.95645,1.50,1.13
2011.06.22 22:12:04.433,0.95616,0.95651,2.25,1.13
2011.06.22 22:12:05.196,0.95616,0.95651,1.50,1.13
2011.06.22 22:12:05.312,0.95621,0.95651,1.50,1.13
2011.06.22 22:12:08.839,0.95621,0.95651,1.50,1.13
2011.06.22 22:12:09.058,0.95617,0.95651,1.50,1.13
2011.06.22 22:12:09.509,0.95621,0.95651,1.50,1.13
2011.06.22 22:12:10.279,0.95617,0.95651,1.50,1.13
2011.06.22 22:12:10.938,0.9562,0.95651,1.50,1.13
2011.06.22 22:12:11.750,0.9562,0.95644,1.50,1.50
2011.06.22 22:12:11.859,0.9562,0.95646,1.50,1.50
2011.06.22 22:12:12.079,0.95619,0.95645,1.50,1.13
2011.06.22 22:12:12.189,0.95618,0.95645,1.50,1.13
2011.06.22 22:12:24.000,0.95618,0.95645,1.50,1.13
2011.06.22 22:12:24.219,0.95617,0.95645,1.13,1.13
2011.06.22 22:12:24.549,0.95612,0.95646,1.50,1.57
2011.06.22 22:12:25.097,0.95611,0.95646,1.50,1.57
2011.06.22 22:12:32.217,0.95611,0.95646,1.50,1.57
2011.06.22 22:12:34.539,0.95613,0.95649,2.25,1.57
2011.06.22 22:12:34.869,0.95615,0.95649,1.50,1.19
2011.06.22 22:12:38.029,0.95613,0.95649,2.25,1.57
2011.06.22 22:12:38.358,0.95616,0.95651,1.50,1.13
2011.06.22 22:12:38.688,0.95613,0.95651,1.50,1.13
2011.06.22 22:12:38.908,0.95618,0.95652,1.50,1.13
2011.06.22 22:12:39.457,0.95618,0.95652,1.50,1.13
2011.06.22 22:12:41.129,0.95618,0.95652,1.50,1.13
2011.06.22 22:12:41.459,0.9562,0.95652,1.50,1.13
2011.06.22 22:12:41.570,0.95617,0.95653,1.50,2.63
2011.06.22 22:12:41.899,0.95619,0.95654,1.50,1.13
2011.06.22 22:12:42.008,0.95621,0.95654,1.50,1.13
2011.06.22 22:12:43.489,0.95621,0.95655,1.50,1.13
2011.06.22 22:12:44.478,0.95623,0.95655,1.50,1.13
2011.06.22 22:12:44.878,0.95625,0.95655,1.50,1.13
2011.06.22 22:12:51.398,0.95624,0.95655,1.50,1.13
2011.06.22 22:12:51.948,0.95624,0.95655,1.50,1.13
2011.06.22 22:12:52.168,0.95626,0.95655,1.50,1.13
2011.06.22 22:13:00.488,0.95624,0.95654,1.50,1.13
2011.06.22 22:13:00.818,0.95622,0.95653,1.50,1.13
2011.06.22 22:13:01.259,0.95622,0.95654,1.50,1.88
2011.06.22 22:13:01.807,0.95625,0.95656,1.50,1.13
2011.06.22 22:13:04.549,0.95626,0.95656,1.50,1.13
2011.06.22 22:13:09.158,0.95628,0.95656,1.50,1.13
2011.06.22 22:13:09.490,0.95638,0.95675,2.25,1.19
2011.06.22 22:13:09.600,0.9564,0.95675,1.50,1.19
2011.06.22 22:13:09.709,0.95645,0.9568,1.50,1.35
2011.06.22 22:13:09.930,0.95645,0.95684,1.50,1.19
2011.06.22 22:13:10.258,0.95645,0.95684,1.50,1.19
2011.06.22 22:13:13.528,0.95645,0.95684,1.50,1.19
2011.06.22 22:13:13.748,0.95648,0.95687,1.50,2.10
2011.06.22 22:13:14.187,0.9565,0.95687,1.50,1.79
2011.06.22 22:13:20.769,0.95647,0.95683,1.50,1.94
2011.06.22 22:13:20.878,0.95645,0.9568,1.50,1.13
2011.06.22 22:13:21.410,0.95645,0.95679,1.50,1.13
2011.06.22 22:13:21.748,0.95645,0.95679,1.50,1.13
2011.06.22 22:13:38.418,0.95641,0.95678,1.50,1.13
2011.06.22 22:13:41.759,0.95641,0.95675,1.50,1.13
2011.06.22 22:13:41.870,0.9564,0.95671,1.50,1.13
2011.06.22 22:13:42.418,0.95638,0.95671,1.50,1.13
2011.06.22 22:13:44.201,0.9564,0.95675,1.50,1.57
2011.06.22 22:14:35.760,0.95642,0.95677,1.50,1.13
2011.06.22 22:14:35.869,0.95643,0.95677,1.50,1.13
2011.06.22 22:14:44.959,0.95647,0.95679,1.50,1.13
2011.06.22 22:14:50.218,0.95646,0.95681,1.50,1.13
2011.06.22 22:15:00.989,0.95649,0.95681,1.50,1.13
2011.06.22 22:15:01.693,0.95649,0.95681,1.50,1.13
2011.06.22 22:15:58.138,0.95652,0.95681,1.50,1.13
2011.06.22 22:15:59.279,0.9565,0.95681,1.50,1.13
2011.06.22 22:16:01.481,0.95647,0.95684,1.50,2.25
2011.06.22 22:16:42.137,0.95647,0.95684,1.50,2.25
2011.06.22 22:16:42.248,0.9565,0.95684,1.50,3.00
2011.06.22 22:16:42.577,0.9565,0.95684,1.50,3.00
2011.06.22 22:16:44.788,0.9565,0.95683,1.50,1.13
2011.06.22 22:16:44.898,0.9565,0.95682,1.50,1.13
2011.06.22 22:16:50.319,0.95646,0.95679,1.50,1.13
2011.06.22 22:16:50.429,0.95641,0.95678,1.13,1.13
2011.06.22 22:17:07.348,0.95644,0.95681,1.13,1.13
2011.06.22 22:17:08.010,0.95645,0.95685,1.88,1.13
2011.06.22 22:17:26.692,0.95648,0.95685,1.13,1.13
2011.06.22 22:17:35.898,0.95647,0.95684,1.88,1.13
2011.06.22 22:17:38.168,0.95647,0.95684,1.13,1.13
2011.06.22 22:17:45.310,0.95648,0.95685,1.13,1.13
2011.06.22 22:17:45.529,0.95649,0.95684,1.50,1.13
2011.06.22 22:17:47.410,0.95647,0.95683,1.50,1.13
2011.06.22 22:17:47.629,0.95649,0.95684,1.50,1.13
2011.06.22 22:17:47.959,0.95652,0.95684,1.50,1.13
2011.06.22 22:17:48.288,0.95652,0.95684,1.50,1.13
2011.06.22 22:17:49.768,0.9565,0.95685,1.50,1.13
2011.06.22 22:17:49.878,0.95648,0.95685,1.50,1.57
2011.06.22 22:17:49.988,0.95648,0.95685,1.50,1.57
2011.06.22 22:17:50.319,0.95648,0.95683,1.50,1.13
2011.06.22 22:17:50.428,0.95648,0.95682,1.50,1.13
2011.06.22 22:17:50.758,0.95649,0.95685,1.50,1.13
2011.06.22 22:17:51.342,0.9565,0.95685,1.50,1.13
2011.06.22 22:17:54.049,0.9565,0.95684,1.50,1.57
2011.06.22 22:17:58.782,0.9565,0.95684,1.50,1.57
2011.06.22 22:17:59.109,0.95651,0.95684,1.50,1.13
2011.06.22 22:17:59.438,0.95651,0.95684,1.50,1.13
2011.06.22 22:18:11.178,0.95652,0.95685,1.50,1.13
2011.06.22 22:18:15.170,0.95654,0.95689,1.50,1.19
2011.06.22 22:18:15.390,0.95654,0.95691,1.50,1.57
2011.06.22 22:18:15.719,0.95659,0.95693,1.50,1.19
2011.06.22 22:18:15.938,0.95659,0.95692,1.50,1.19
2011.06.22 22:18:16.158,0.95659,0.95692,1.50,1.19
2011.06.22 22:18:17.859,0.95659,0.95692,1.88,1.19
2011.06.22 22:18:18.189,0.95658,0.95693,1.50,1.13
2011.06.22 22:18:21.219,0.95661,0.95695,1.50,1.19
2011.06.22 22:18:21.440,0.95661,0.95695,1.50,1.57
2011.06.22 22:18:22.300,0.95663,0.95697,1.50,1.73
2011.06.22 22:18:22.629,0.95663,0.95695,1.50,1.13
2011.06.22 22:18:26.218,0.95663,0.95697,1.50,1.73
2011.06.22 22:18:46.569,0.95662,0.95697,1.50,2.17
2011.06.22 22:19:12.239,0.95665,0.95697,1.50,1.35
2011.06.22 22:19:12.349,0.95666,0.95697,1.50,1.35
2011.06.22 22:19:15.100,0.95669,0.957,1.50,1.13
2011.06.22 22:19:15.653,0.95671,0.957,1.50,1.13
2011.06.22 22:19:28.378,0.9567,0.95706,1.50,1.50
2011.06.22 22:19:28.490,0.9567,0.95707,1.50,2.10
2011.06.22 22:19:28.599,0.95673,0.95707,1.50,1.35
2011.06.22 22:19:29.189,0.95675,0.95704,1.50,1.13
2011.06.22 22:19:29.519,0.95671,0.95702,1.50,1.13
2011.06.22 22:19:30.988,0.95671,0.95702,1.50,1.13
2011.06.22 22:19:37.991,0.95672,0.95702,1.50,1.13
2011.06.22 22:19:38.581,0.95672,0.95702,1.50,1.13
2011.06.22 22:20:01.929,0.95672,0.95705,1.50,1.88
2011.06.22 22:20:02.149,0.95669,0.957,1.50,1.13
2011.06.22 22:20:07.660,0.95668,0.957,1.50,1.13
2011.06.22 22:20:15.908,0.95669,0.957,1.50,1.13
2011.06.22 22:20:31.708,0.95669,0.95703,1.50,2.63
2011.06.22 22:20:31.928,0.95669,0.95699,1.50,1.13
2011.06.22 22:20:32.508,0.95665,0.95698,1.50,1.50
2011.06.22 22:20:32.619,0.95665,0.95694,1.50,1.13
2011.06.22 22:20:33.500,0.95668,0.957,1.50,1.13
2011.06.22 22:20:35.010,0.95667,0.95685,1.50,1.13
2011.06.22 22:20:35.230,0.95653,0.95685,2.63,1.94
2011.06.22 22:20:35.339,0.95649,0.95681,1.50,1.13
2011.06.22 22:20:35.669,0.95652,0.95684,1.13,1.19
2011.06.22 22:20:36.402,0.95665,0.95701,1.13,2.85
2011.06.22 22:20:36.512,0.95668,0.95706,1.50,1.57
2011.06.22 22:20:37.058,0.95671,0.95705,1.50,1.57
2011.06.22 22:20:38.350,0.95671,0.95704,1.50,1.50
2011.06.22 22:20:38.570,0.95668,0.95699,1.50,1.13
2011.06.22 22:20:38.900,0.95666,0.95697,1.50,1.13
2011.06.22 22:20:39.338,0.95665,0.95696,1.50,1.13
2011.06.22 22:20:44.789,0.95665,0.95693,1.50,1.13
2011.06.22 22:20:45.010,0.95655,0.95687,1.50,1.13
2011.06.22 22:20:45.228,0.95655,0.95688,1.50,1.13
2011.06.22 22:20:46.778,0.95658,0.95688,1.50,1.13
2011.06.22 22:20:53.940,0.95656,0.95688,1.50,1.50
2011.06.22 22:20:54.053,0.95655,0.95683,1.50,2.63
2011.06.22 22:20:54.279,0.95648,0.95681,1.50,1.57
2011.06.22 22:20:54.719,0.95648,0.95681,1.50,1.13
2011.06.22 22:20:56.819,0.95649,0.95682,1.50,1.13
2011.06.22 22:20:59.039,0.95652,0.95684,1.50,1.88
2011.06.22 22:20:59.258,0.95655,0.95688,1.50,1.13
2011.06.22 22:20:59.370,0.95655,0.95688,1.50,1.13
2011.06.22 22:21:00.139,0.95658,0.95692,1.50,1.19
2011.06.22 22:21:00.248,0.95658,0.95688,1.50,1.13
2011.06.22 22:21:43.908,0.95655,0.9569,1.50,1.13
2011.06.22 22:21:44.281,0.95655,0.9569,1.50,1.13
2011.06.22 22:21:50.238,0.9566,0.95692,1.50,1.13
2011.06.22 22:21:55.139,0.9566,0.95692,1.50,1.13
2011.06.22 22:21:59.081,0.9566,0.95692,1.50,1.13
2011.06.22 22:22:01.820,0.9566,0.95694,1.50,2.63
2011.06.22 22:22:03.074,0.95662,0.95694,1.50,2.25
2011.06.22 22:22:03.409,0.95657,0.95692,1.50,1.13
2011.06.22 22:22:03.850,0.95657,0.95693,1.50,1.13
2011.06.22 22:22:04.830,0.95657,0.95694,1.50,3.00
2011.06.22 22:22:05.600,0.9566,0.95694,1.50,3.00
2011.06.22 22:22:17.159,0.9566,0.95692,1.50,1.13
2011.06.22 22:22:20.139,0.9566,0.95693,1.50,1.13
2011.06.22 22:22:21.019,0.95666,0.95693,1.88,1.13
2011.06.22 22:22:23.060,0.95663,0.95694,1.50,1.13
2011.06.22 22:22:29.669,0.95665,0.95694,1.13,1.13
2011.06.22 22:22:31.749,0.95659,0.95694,1.50,1.13
2011.06.22 22:22:33.288,0.95667,0.95693,1.50,1.13
2011.06.22 22:22:33.509,0.9566,0.95695,1.50,1.19
2011.06.22 22:22:34.311,0.95667,0.95695,1.88,1.19
2011.06.22 22:22:34.949,0.95665,0.95695,1.13,1.19
2011.06.22 22:22:35.599,0.95667,0.95695,1.88,1.19
2011.06.22 22:22:36.770,0.95667,0.95695,2.63,1.19
2011.06.22 22:22:37.990,0.95662,0.95692,1.50,1.13
2011.06.22 22:22:41.301,0.95657,0.95694,1.50,2.69
2011.06.22 22:22:41.631,0.95657,0.95691,1.50,1.13
2011.06.22 22:22:41.849,0.95654,0.95683,1.50,1.88
2011.06.22 22:22:42.941,0.95654,0.95683,1.50,1.88
2011.06.22 22:22:45.161,0.95654,0.95688,1.50,1.13
2011.06.22 22:22:45.379,0.95651,0.95688,1.50,1.94
2011.06.22 22:22:45.600,0.95656,0.95683,1.13,2.63
2011.06.22 22:22:45.711,0.95656,0.95688,1.88,1.19
2011.06.22 22:22:45.930,0.95662,0.95693,1.50,1.35
2011.06.22 22:22:46.479,0.95666,0.95693,1.50,2.63
2011.06.22 22:22:47.740,0.95659,0.95693,1.50,3.00
2011.06.22 22:22:48.399,0.95652,0.95683,2.48,1.88
2011.06.22 22:22:51.051,0.95657,0.95691,2.63,1.57
2011.06.22 22:22:51.599,0.95653,0.95683,1.50,1.88
2011.06.22 22:22:52.590,0.95653,0.9569,1.50,1.13
2011.06.22 22:22:52.699,0.95653,0.95685,1.50,1.13
2011.06.22 22:22:53.030,0.95653,0.95684,1.50,2.63
2011.06.22 22:22:53.380,0.95654,0.9569,1.50,1.13
2011.06.22 22:22:53.732,0.95654,0.95684,1.50,1.88
2011.06.22 22:22:55.008,0.95654,0.95691,1.50,1.57
2011.06.22 22:22:56.280,0.95657,0.95691,1.50,1.13
2011.06.22 22:22:56.609,0.95657,0.95693,3.38,4.04
2011.06.22 22:23:01.380,0.95657,0.95693,3.38,1.42
2011.06.22 22:23:02.258,0.95661,0.95693,1.50,1.73
2011.06.22 22:23:06.499,0.95659,0.95685,1.50,1.13
2011.06.22 22:23:06.719,0.95658,0.95692,1.50,1.13
2011.06.22 22:23:06.830,0.95656,0.95692,1.88,1.13
2011.06.22 22:23:09.109,0.95656,0.95691,1.50,1.50
2011.06.22 22:23:09.219,0.95656,0.95691,1.50,1.13
2011.06.22 22:23:09.440,0.95657,0.95694,2.63,1.19
2011.06.22 22:23:10.099,0.95661,0.95695,1.50,1.13
2011.06.22 22:23:10.950,0.95664,0.95697,1.50,1.19
2011.06.22 22:23:11.389,0.95661,0.95696,1.50,1.13
2011.06.22 22:23:14.889,0.95662,0.95696,1.13,1.19
2011.06.22 22:23:15.440,0.95663,0.95698,1.50,1.13
2011.06.22 22:23:15.990,0.95663,0.95696,1.50,1.13
2011.06.22 22:23:16.320,0.95661,0.95694,1.50,1.13
2011.06.22 22:23:16.540,0.95661,0.95692,1.50,1.13
2011.06.22 22:23:19.519,0.95665,0.95692,1.50,1.13
2011.06.22 22:23:19.960,0.95667,0.95701,1.50,1.57
2011.06.22 22:23:20.399,0.95666,0.95701,4.13,1.57
2011.06.22 22:23:26.929,0.95667,0.95703,1.13,1.79
2011.06.22 22:23:27.039,0.95669,0.95703,1.50,1.35
2011.06.22 22:23:27.623,0.95669,0.95704,1.50,1.04
2011.06.22 22:23:28.399,0.95671,0.95705,1.50,1.19
2011.06.22 22:23:28.948,0.95672,0.95706,1.50,1.19
2011.06.22 22:23:35.529,0.95677,0.95709,1.50,1.57
2011.06.22 22:23:35.859,0.95677,0.95709,1.50,1.57
2011.06.22 22:23:42.190,0.95677,0.95706,1.50,1.13
2011.06.22 22:23:42.410,0.95677,0.95706,1.50,1.13
2011.06.22 22:23:42.959,0.95674,0.95707,1.50,1.13
2011.06.22 22:23:43.850,0.95674,0.95707,1.50,1.50
2011.06.22 22:23:44.289,0.95672,0.95703,1.50,1.13
2011.06.22 22:23:44.619,0.95671,0.95703,2.25,1.13
2011.06.22 22:23:46.090,0.95676,0.95703,1.50,1.13
2011.06.22 22:23:47.140,0.95671,0.95702,2.25,1.13
2011.06.22 22:23:49.109,0.95676,0.95702,1.50,1.13
2011.06.22 22:23:49.880,0.95671,0.95702,1.50,1.13
2011.06.22 22:23:50.100,0.95668,0.95702,1.50,1.57
2011.06.22 22:23:58.860,0.95667,0.95702,1.50,1.13
2011.06.22 22:24:01.559,0.95667,0.95702,1.50,1.13
2011.06.22 22:24:04.570,0.9567,0.95704,1.50,1.19
2011.06.22 22:24:04.790,0.95671,0.95705,1.50,1.13
2011.06.22 22:24:08.871,0.95671,0.95705,1.50,1.88
2011.06.22 22:24:09.309,0.95668,0.95703,1.50,1.19
2011.06.22 22:24:11.370,0.9567,0.95707,1.88,1.19
2011.06.22 22:24:12.140,0.95673,0.9571,1.88,1.19
2011.06.22 22:24:19.888,0.95676,0.95712,2.63,1.13
2011.06.22 22:24:24.479,0.95671,0.95706,1.88,1.19
2011.06.22 22:24:24.810,0.95666,0.95698,1.50,1.50
2011.06.22 22:24:25.030,0.95662,0.95697,1.13,1.19
2011.06.22 22:24:25.139,0.95662,0.95697,1.13,1.19
2011.06.22 22:24:27.390,0.95662,0.95697,1.13,1.19
2011.06.22 22:24:27.889,0.95664,0.95699,1.50,1.19
2011.06.22 22:24:28.220,0.95664,0.95699,1.50,1.19
2011.06.22 22:24:28.859,0.95664,0.95699,1.50,1.19
2011.06.22 22:24:29.419,0.95668,0.95705,1.50,1.57
2011.06.22 22:24:30.981,0.95666,0.95701,1.50,1.57
2011.06.22 22:24:31.529,0.95664,0.95698,1.50,1.19
2011.06.22 22:24:32.081,0.95664,0.95694,1.50,1.13
2011.06.22 22:24:32.299,0.95661,0.95693,1.50,1.13
2011.06.22 22:24:33.217,0.95656,0.95691,1.50,1.57
2011.06.22 22:24:33.548,0.95652,0.95689,1.13,1.19
2011.06.22 22:24:40.940,0.95655,0.95689,1.50,1.19
2011.06.22 22:24:41.050,0.95653,0.9569,1.50,1.19
2011.06.22 22:24:41.380,0.95653,0.95692,1.50,1.19
2011.06.22 22:24:47.219,0.95657,0.95692,1.50,1.19
2011.06.22 22:24:59.919,0.95657,0.95692,1.50,1.94
2011.06.22 22:25:00.249,0.95656,0.95688,1.50,1.13
2011.06.22 22:25:00.802,0.95652,0.95683,1.50,1.13
2011.06.22 22:25:01.129,0.95647,0.95683,1.50,1.13
2011.06.22 22:25:04.190,0.9565,0.95682,1.50,1.13
2011.06.22 22:25:04.740,0.95653,0.95687,1.50,1.57
2011.06.22 22:25:05.285,0.95648,0.95681,1.50,1.13
2011.06.22 22:25:05.731,0.95645,0.95679,1.50,1.19
2011.06.22 22:25:06.060,0.95645,0.9568,1.50,1.13
2011.06.22 22:25:08.059,0.95646,0.95683,3.38,1.19
2011.06.22 22:25:10.879,0.95647,0.95681,2.63,1.13
2011.06.22 22:25:10.991,0.95647,0.9568,2.25,1.13
2011.06.22 22:25:11.319,0.95646,0.9568,1.50,1.13
2011.06.22 22:25:12.609,0.95646,0.95683,3.75,1.19
2011.06.22 22:25:15.350,0.95647,0.95681,2.25,1.13
2011.06.22 22:25:21.360,0.95645,0.95678,1.50,1.13
2011.06.22 22:25:29.369,0.95642,0.95675,1.50,1.19
2011.06.22 22:25:29.589,0.95642,0.95677,1.88,1.19
2011.06.22 22:25:32.351,0.95644,0.9568,1.50,1.57
2011.06.22 22:25:32.462,0.95647,0.9568,2.25,1.19
2011.06.22 22:25:51.709,0.95652,0.95685,1.50,1.13
2011.06.22 22:25:52.040,0.95645,0.95681,1.50,1.13
2011.06.22 22:25:53.359,0.95645,0.9568,1.50,1.13
2011.06.22 22:25:54.289,0.95648,0.95682,1.13,1.19
2011.06.22 22:25:54.510,0.95654,0.95687,1.50,1.13
2011.06.22 22:25:55.076,0.95656,0.9569,1.50,1.13
2011.06.22 22:25:55.411,0.95652,0.95684,1.50,1.13
2011.06.22 22:25:55.521,0.9565,0.95684,2.25,1.13
2011.06.22 22:25:56.621,0.95652,0.95686,1.50,1.19
2011.06.22 22:25:57.060,0.95657,0.95692,1.50,1.19
2011.06.22 22:25:59.410,0.95658,0.95693,1.50,1.19
2011.06.22 22:26:01.950,0.95659,0.95697,1.50,1.13
2011.06.22 22:26:03.770,0.95661,0.95697,1.13,1.50
2011.06.22 22:26:03.989,0.95656,0.95691,1.50,1.50
2011.06.22 22:26:04.562,0.9565,0.9569,1.50,1.19
2011.06.22 22:26:05.219,0.9565,0.9569,1.50,1.94
2011.06.22 22:26:07.031,0.95648,0.95683,1.13,1.19
2011.06.22 22:26:11.292,0.95648,0.95681,1.13,1.19
2011.06.22 22:26:11.401,0.95645,0.95679,1.50,1.19
2011.06.22 22:26:11.621,0.95642,0.95679,1.88,1.19
2011.06.22 22:26:12.391,0.95646,0.95682,1.13,1.19
2011.06.22 22:26:16.651,0.95646,0.9568,2.63,1.19
2011.06.22 22:26:16.871,0.95645,0.9568,1.50,1.19
2011.06.22 22:26:18.429,0.95645,0.9568,1.50,1.19
2011.06.22 22:26:19.294,0.95645,0.9568,1.50,1.19
2011.06.22 22:26:21.761,0.95647,0.95683,1.50,1.13
2011.06.22 22:26:21.870,0.95647,0.95683,1.50,1.13
2011.06.22 22:26:22.310,0.95647,0.95684,1.50,1.19
2011.06.22 22:26:25.553,0.95647,0.95684,1.50,1.19
2011.06.22 22:26:25.992,0.9565,0.95686,1.50,1.13
2011.06.22 22:26:26.870,0.9565,0.95688,1.50,1.19
2011.06.22 22:26:27.203,0.9565,0.95688,1.88,1.19
2011.06.22 22:26:27.531,0.95649,0.95684,1.88,1.19
2011.06.22 22:26:28.079,0.95648,0.95684,1.88,1.19
2011.06.22 22:26:28.300,0.95648,0.95684,1.88,1.19
2011.06.22 22:26:34.660,0.95649,0.95684,1.50,1.19
2011.06.22 22:26:38.891,0.95651,0.95687,1.50,1.19
2011.06.22 22:26:39.110,0.95651,0.95687,2.25,1.19
2011.06.22 22:26:39.661,0.95653,0.9569,1.50,1.57
2011.06.22 22:26:40.234,0.95653,0.9569,1.50,1.57
2011.06.22 22:26:41.030,0.95653,0.95683,1.50,1.50
2011.06.22 22:26:41.704,0.95647,0.95678,1.50,1.13
2011.06.22 22:26:41.811,0.95647,0.95678,1.50,1.13
2011.06.22 22:26:43.761,0.95649,0.95683,1.50,1.57
2011.06.22 22:26:43.872,0.95651,0.95686,1.13,1.19
2011.06.22 22:26:43.982,0.95653,0.95686,1.13,1.19
2011.06.22 22:26:44.310,0.95653,0.95685,1.50,1.13
2011.06.22 22:26:44.530,0.9565,0.95685,1.50,1.13
2011.06.22 22:26:44.750,0.95648,0.95684,1.50,1.13
2011.06.22 22:26:48.220,0.95647,0.95685,3.98,1.19
2011.06.22 22:26:48.332,0.95649,0.95685,1.50,1.19
2011.06.22 22:26:48.661,0.95648,0.95682,1.50,1.57
2011.06.22 22:26:48.772,0.95646,0.95679,1.50,1.13
2011.06.22 22:26:48.883,0.95645,0.95679,1.50,1.13
2011.06.22 22:26:48.992,0.95642,0.95681,2.63,1.94
2011.06.22 22:26:49.209,0.95645,0.95681,1.50,1.19
2011.06.22 22:26:49.651,0.95642,0.95676,2.25,1.13
2011.06.22 22:26:50.199,0.95644,0.95676,1.50,1.13
2011.06.22 22:26:51.230,0.95642,0.95671,1.50,1.13
2011.06.22 22:26:51.340,0.95639,0.95671,1.50,1.13
2011.06.22 22:26:51.890,0.9564,0.95671,1.50,1.13
2011.06.22 22:26:54.016,0.95644,0.95676,1.50,1.50
2011.06.22 22:26:54.130,0.95647,0.95684,1.50,1.57
2011.06.22 22:26:54.352,0.95656,0.95693,2.63,1.13
2011.06.22 22:26:54.461,0.95661,0.95694,1.50,1.19
2011.06.22 22:26:55.011,0.95667,0.95698,1.88,1.19
2011.06.22 22:26:56.812,0.95661,0.95697,1.50,1.19
2011.06.22 22:26:57.141,0.95653,0.95683,1.50,1.13
2011.06.22 22:26:57.363,0.95641,0.95679,1.50,1.50
2011.06.22 22:26:57.470,0.95641,0.95678,1.50,1.19
2011.06.22 22:26:58.762,0.95642,0.95678,1.50,1.19
2011.06.22 22:26:58.873,0.95645,0.95681,1.13,1.35
2011.06.22 22:26:59.321,0.95647,0.95681,1.88,1.35
2011.06.22 22:27:00.731,0.95646,0.95681,1.50,1.35
2011.06.22 22:27:01.060,0.95646,0.95679,1.50,1.13
2011.06.22 22:27:01.172,0.95639,0.95676,1.50,1.50
2011.06.22 22:27:01.529,0.9563,0.95658,1.35,1.19
2011.06.22 22:27:01.647,0.9562,0.95658,1.50,1.19
2011.06.22 22:27:01.872,0.95619,0.95655,1.50,1.35
2011.06.22 22:27:02.504,0.95618,0.95655,1.50,1.35
2011.06.22 22:27:02.622,0.95618,0.95655,1.50,1.35
2011.06.22 22:27:02.951,0.95618,0.95655,1.50,1.35
2011.06.22 22:27:03.301,0.95618,0.95655,1.50,1.35
2011.06.22 22:27:04.120,0.95618,0.95655,1.50,1.35
2011.06.22 22:27:04.340,0.95618,0.95655,1.50,1.79
2011.06.22 22:27:04.562,0.95617,0.95647,1.50,1.35
2011.06.22 22:27:04.671,0.95615,0.95647,1.88,1.35
2011.06.22 22:27:05.262,0.95615,0.95648,1.88,1.35
2011.06.22 22:27:05.833,0.95616,0.95644,1.88,1.79
2011.06.22 22:27:05.945,0.95607,0.95639,1.88,1.19
2011.06.22 22:27:07.114,0.95606,0.95641,3.00,1.19
2011.06.22 22:27:07.670,0.9561,0.95642,1.13,1.19
2011.06.22 22:27:07.780,0.95609,0.95642,1.13,1.19
2011.06.22 22:27:08.329,0.95609,0.95644,2.63,1.35
2011.06.22 22:27:12.160,0.95609,0.95643,1.50,1.13
2011.06.22 22:27:12.272,0.95609,0.95644,1.13,1.79
2011.06.22 22:27:12.493,0.95608,0.95644,1.13,1.79
2011.06.22 22:27:13.086,0.95607,0.95639,1.13,1.19
2011.06.22 22:27:17.010,0.95608,0.95639,1.13,1.19
2011.06.22 22:27:18.109,0.95608,0.95641,1.13,1.19
2011.06.22 22:27:19.012,0.95609,0.95642,1.13,1.19
2011.06.22 22:27:19.120,0.95609,0.95642,1.13,1.19
2011.06.22 22:27:21.151,0.95616,0.95648,1.50,1.35
2011.06.22 22:27:21.481,0.95621,0.95653,1.50,1.35
2011.06.22 22:27:22.142,0.95619,0.95652,1.50,1.35
2011.06.22 22:27:22.251,0.95619,0.95652,1.50,1.35
2011.06.22 22:27:29.229,0.95617,0.95652,1.50,1.35
2011.06.22 22:27:29.341,0.95616,0.95649,1.50,1.13
2011.06.22 22:27:29.452,0.95614,0.95643,1.50,1.35
2011.06.22 22:27:29.670,0.95611,0.95643,1.50,1.35
2011.06.22 22:27:30.219,0.95608,0.95643,1.50,1.04
2011.06.22 22:27:35.270,0.95608,0.95642,1.50,1.19
2011.06.22 22:27:37.030,0.95604,0.95641,1.50,1.19
2011.06.22 22:27:37.663,0.95604,0.95641,1.50,1.19
2011.06.22 22:27:44.070,0.95603,0.95641,1.13,1.19
2011.06.22 22:27:44.289,0.95603,0.95641,1.88,1.19
2011.06.22 22:27:46.950,0.95604,0.95641,1.50,1.19
2011.06.22 22:27:48.160,0.95603,0.95643,1.13,1.73
2011.06.22 22:27:48.709,0.95603,0.95643,1.13,1.73
2011.06.22 22:27:48.929,0.95603,0.95643,1.13,1.73
2011.06.22 22:27:49.568,0.95614,0.95643,1.13,1.35
2011.06.22 22:27:50.010,0.95613,0.95653,1.13,1.35
2011.06.22 22:27:50.232,0.95606,0.95651,1.13,1.13
2011.06.22 22:27:50.451,0.95611,0.95651,1.13,1.13
2011.06.22 22:27:51.331,0.95602,0.95644,1.73,1.13
2011.06.22 22:27:51.660,0.95601,0.95639,1.13,1.13
2011.06.22 22:27:53.871,0.95598,0.95635,1.13,1.13
2011.06.22 22:27:54.577,0.95602,0.95635,2.10,1.13
2011.06.22 22:27:54.696,0.95602,0.95642,2.10,1.13
2011.06.22 22:27:54.813,0.95611,0.95646,2.10,1.88
2011.06.22 22:27:54.920,0.95611,0.95646,2.10,1.88
2011.06.22 22:27:55.140,0.95611,0.95639,2.10,1.13
2011.06.22 22:27:55.472,0.95611,0.95639,1.50,2.63
2011.06.22 22:27:55.581,0.95596,0.9564,2.10,3.82
2011.06.22 22:27:56.352,0.95581,0.95629,1.35,1.13
2011.06.22 22:27:56.679,0.95581,0.95629,1.35,1.13
2011.06.22 22:27:56.904,0.9559,0.95636,1.13,3.38
2011.06.22 22:27:57.132,0.9559,0.95637,1.13,1.19
2011.06.22 22:27:57.461,0.9559,0.95641,1.13,1.19
2011.06.22 22:27:58.303,0.95589,0.9564,1.13,1.13
2011.06.22 22:27:59.520,0.95589,0.9564,1.13,1.13
2011.06.22 22:28:00.880,0.95589,0.95643,1.50,1.57
2011.06.22 22:28:00.993,0.95592,0.95646,1.13,2.63
2011.06.22 22:28:01.981,0.95592,0.95645,1.13,1.13
2011.06.22 22:28:02.200,0.95595,0.95645,1.13,1.13
2011.06.22 22:28:02.530,0.95595,0.95649,1.73,1.13
2011.06.22 22:28:03.420,0.95597,0.95638,1.73,1.13
2011.06.22 22:28:05.159,0.95594,0.95639,2.10,1.13
2011.06.22 22:28:05.710,0.95597,0.95639,1.73,1.13
2011.06.22 22:28:06.420,0.95597,0.95643,1.35,3.00
2011.06.22 22:28:06.753,0.95617,0.95632,1.35,2.63
2011.06.22 22:28:06.862,0.95617,0.95646,1.35,1.50
2011.06.22 22:28:07.082,0.95613,0.95641,2.10,1.13
2011.06.22 22:28:07.413,0.95613,0.95643,1.50,2.63
2011.06.22 22:28:07.530,0.95613,0.95642,1.50,1.50
2011.06.22 22:28:07.860,0.95613,0.9564,1.50,1.13
2011.06.22 22:28:08.191,0.95613,0.95643,1.50,2.63
2011.06.22 22:28:08.740,0.95613,0.95643,1.50,3.00
2011.06.22 22:28:09.180,0.95613,0.95643,1.50,1.13
2011.06.22 22:28:09.400,0.95613,0.95643,1.50,1.13
2011.06.22 22:28:10.062,0.95621,0.95643,1.50,3.00
2011.06.22 22:28:10.500,0.95621,0.95643,1.50,2.63
2011.06.22 22:28:10.721,0.95631,0.9565,1.50,1.13
2011.06.22 22:28:11.049,0.95635,0.95657,1.50,1.13
2011.06.22 22:28:11.159,0.95635,0.95657,1.50,1.13
2011.06.22 22:28:11.710,0.95635,0.95658,1.50,1.13
2011.06.22 22:28:11.931,0.95635,0.95667,1.50,1.13
2011.06.22 22:28:12.042,0.95638,0.95665,2.10,1.13
2011.06.22 22:28:12.370,0.95624,0.95659,2.10,1.13
2011.06.22 22:28:12.479,0.95624,0.95659,2.10,1.13
2011.06.22 22:28:14.270,0.95624,0.95657,2.10,1.13
2011.06.22 22:28:14.382,0.95611,0.95652,1.13,1.13
2011.06.22 22:28:14.944,0.95606,0.95652,1.35,1.13
2011.06.22 22:28:15.613,0.95607,0.95652,2.48,1.13
2011.06.22 22:28:16.951,0.95607,0.95655,2.10,1.13
2011.06.22 22:28:17.606,0.95613,0.95656,1.50,1.50
2011.06.22 22:28:17.941,0.95627,0.95661,2.10,1.13
2011.06.22 22:28:18.163,0.95627,0.95661,2.10,1.13
2011.06.22 22:28:18.710,0.95627,0.95657,2.10,1.13
2011.06.22 22:28:19.701,0.95627,0.95663,2.10,1.13
2011.06.22 22:28:20.580,0.95627,0.95664,2.10,1.13
2011.06.22 22:28:21.021,0.95627,0.95661,2.10,1.13
2011.06.22 22:28:21.570,0.95627,0.95661,2.10,1.13
2011.06.22 22:28:23.952,0.95627,0.95661,2.10,1.13
2011.06.22 22:28:24.795,0.95606,0.95651,1.35,1.13
2011.06.22 22:28:25.369,0.95606,0.95651,1.35,1.13
2011.06.22 22:28:26.570,0.95606,0.95654,1.35,1.13
2011.06.22 22:28:26.792,0.95607,0.95659,1.13,1.13
2011.06.22 22:28:27.121,0.95616,0.95664,1.35,1.13
2011.06.22 22:28:27.669,0.95614,0.95664,1.35,1.13
2011.06.22 22:28:28.330,0.95616,0.95664,1.35,1.13
2011.06.22 22:28:29.210,0.95618,0.95664,1.35,1.13
2011.06.22 22:28:31.080,0.95618,0.9567,1.35,1.19
2011.06.22 22:28:33.032,0.95618,0.95676,1.35,2.63
2011.06.22 22:28:33.581,0.95625,0.95679,1.35,1.19
2011.06.22 22:28:38.571,0.95625,0.95672,1.35,1.13
2011.06.22 22:28:41.310,0.95622,0.95671,1.73,1.13
2011.06.22 22:28:42.879,0.95618,0.95671,1.35,1.13
2011.06.22 22:28:43.211,0.95625,0.9567,1.35,1.13
2011.06.22 22:28:43.430,0.95627,0.95675,1.35,1.13
2011.06.22 22:28:43.979,0.95631,0.95675,1.35,1.13
2011.06.22 22:28:44.089,0.95629,0.95675,1.35,1.13
2011.06.22 22:28:46.820,0.95627,0.95673,1.35,1.13
2011.06.22 22:28:47.803,0.95627,0.95668,1.35,1.13
2011.06.22 22:28:48.359,0.95647,0.95668,1.50,1.13
2011.06.22 22:28:51.330,0.95646,0.95669,2.10,1.13
2011.06.22 22:28:51.440,0.95646,0.95668,1.50,1.13
2011.06.22 22:28:51.550,0.95645,0.95669,2.10,1.13
2011.06.22 22:28:51.770,0.95637,0.95668,2.10,1.88
2011.06.22 22:28:51.880,0.95637,0.95668,2.10,1.88
2011.06.22 22:28:53.694,0.9565,0.95677,2.10,1.50
2011.06.22 22:28:53.813,0.9564,0.95675,2.10,2.63
2011.06.22 22:28:54.306,0.9564,0.95675,2.10,1.88
2011.06.22 22:28:54.425,0.9564,0.95677,1.50,1.50
2011.06.22 22:28:54.650,0.95636,0.95678,2.10,1.50
2011.06.22 22:28:58.530,0.95636,0.95677,2.10,1.50
2011.06.22 22:28:59.530,0.95636,0.95677,1.50,1.50
2011.06.22 22:29:01.071,0.95638,0.95669,1.50,1.13
2011.06.22 22:29:01.180,0.95638,0.9567,1.50,1.13
2011.06.22 22:29:01.801,0.95638,0.9567,1.50,1.13
2011.06.22 22:29:02.361,0.95638,0.95674,1.88,1.13
2011.06.22 22:29:02.470,0.95645,0.95674,2.10,1.13
2011.06.22 22:29:02.801,0.95645,0.95679,2.10,1.13
2011.06.22 22:29:07.720,0.95645,0.95681,2.10,1.13
2011.06.22 22:29:09.811,0.95645,0.95684,2.48,1.13
2011.06.22 22:29:10.249,0.95645,0.95688,2.85,1.13
2011.06.22 22:29:11.171,0.95645,0.95685,2.48,1.13
2011.06.22 22:29:11.612,0.95646,0.95689,1.73,1.13
2011.06.22 22:29:13.992,0.95649,0.95694,1.73,1.13
2011.06.22 22:29:14.100,0.95649,0.95694,1.73,1.13
2011.06.22 22:29:14.761,0.95646,0.95689,2.85,1.13
2011.06.22 22:29:18.059,0.95646,0.95689,2.85,1.13
2011.06.22 22:29:19.740,0.95636,0.95682,2.10,1.13
2011.06.22 22:29:22.030,0.95638,0.95688,1.35,1.13
2011.06.22 22:29:25.391,0.95641,0.95692,1.73,1.73
2011.06.22 22:29:25.610,0.95649,0.95692,2.10,1.13
2011.06.22 22:29:25.830,0.95649,0.95695,2.10,1.13
2011.06.22 22:29:25.941,0.95649,0.95691,2.10,1.13
2011.06.22 22:29:26.270,0.95649,0.95695,2.10,1.13
2011.06.22 22:29:28.699,0.95649,0.95695,2.10,1.13
2011.06.22 22:29:28.920,0.9565,0.95697,1.50,1.13
2011.06.22 22:29:29.250,0.95648,0.95697,2.10,1.13
2011.06.22 22:29:31.870,0.95648,0.95697,2.10,1.13
2011.06.22 22:29:32.199,0.95652,0.95697,1.50,1.13
2011.06.22 22:29:33.900,0.95652,0.95697,1.50,1.13
2011.06.22 22:29:40.201,0.95652,0.95697,1.88,1.13
2011.06.22 22:29:40.530,0.95651,0.95697,1.35,1.13
2011.06.22 22:29:42.721,0.95649,0.95701,3.23,1.50
2011.06.22 22:29:42.831,0.95656,0.95703,1.35,1.13
2011.06.22 22:29:43.161,0.95653,0.95714,1.73,3.07
2011.06.22 22:29:45.249,0.95657,0.95723,1.35,1.19
2011.06.22 22:29:45.691,0.95651,0.95713,1.35,1.50
2011.06.22 22:29:45.801,0.95646,0.95713,1.35,1.50
2011.06.22 22:29:47.022,0.95645,0.95708,2.10,1.50
2011.06.22 22:29:57.712,0.95647,0.95711,1.35,1.50
2011.06.22 22:30:00.490,0.95646,0.95713,1.35,5.69
2011.06.22 22:30:00.822,0.95625,0.95683,1.35,1.50
2011.06.22 22:30:01.040,0.95622,0.95683,1.35,1.50
2011.06.22 22:30:01.260,0.95615,0.95683,1.35,1.50
2011.06.22 22:30:01.591,0.95614,0.95677,1.35,1.50
2011.06.22 22:30:01.830,0.95614,0.95667,1.35,1.50
2011.06.22 22:30:02.690,0.95617,0.95667,1.35,1.50
2011.06.22 22:30:04.470,0.95614,0.95667,1.35,1.50
2011.06.22 22:30:04.800,0.95615,0.95653,1.35,1.50
2011.06.22 22:30:05.130,0.95615,0.95664,1.35,1.13
2011.06.22 22:30:05.616,0.95626,0.95668,1.50,1.50
2011.06.22 22:30:05.736,0.95626,0.95669,1.50,1.50
2011.06.22 22:30:05.853,0.95625,0.95669,1.50,1.50
2011.06.22 22:30:05.970,0.95626,0.95669,1.50,1.50
2011.06.22 22:30:06.080,0.95625,0.95669,1.50,1.50
2011.06.22 22:30:06.629,0.95625,0.95669,1.50,1.50
2011.06.22 22:30:08.280,0.95627,0.95669,1.50,1.50
2011.06.22 22:30:08.611,0.95636,0.95674,1.50,1.50
2011.06.22 22:30:08.722,0.95637,0.95682,1.50,1.50
2011.06.22 22:30:08.830,0.95636,0.95684,1.50,1.50
2011.06.22 22:30:09.050,0.95637,0.95675,1.50,1.50
2011.06.22 22:30:09.381,0.95637,0.95675,1.50,1.50
2011.06.22 22:30:09.711,0.95631,0.95676,1.50,1.50
2011.06.22 22:30:09.820,0.95629,0.95679,1.50,1.50
2011.06.22 22:30:09.931,0.95623,0.95679,1.50,1.50
2011.06.22 22:30:10.041,0.95624,0.95669,1.50,1.50
2011.06.22 22:30:10.478,0.95622,0.95671,1.50,1.50
2011.06.22 22:30:11.777,0.95624,0.95669,1.50,1.50
2011.06.22 22:30:11.886,0.95626,0.95669,1.50,1.50
2011.06.22 22:30:13.347,0.95622,0.95681,1.50,1.50
2011.06.22 22:30:14.503,0.95621,0.95679,1.50,1.50
2011.06.22 22:30:14.618,0.95619,0.95679,1.88,1.50
2011.06.22 22:30:14.836,0.9562,0.95682,1.13,1.88
2011.06.22 22:30:15.496,0.95621,0.95678,1.50,1.50
2011.06.22 22:30:19.067,0.95621,0.95678,1.50,1.50
2011.06.22 22:30:19.178,0.95621,0.95678,1.50,1.50
2011.06.22 22:30:20.290,0.95625,0.95684,2.25,1.50
2011.06.22 22:30:20.619,0.95626,0.95679,2.25,1.50
2011.06.22 22:30:20.729,0.95626,0.95679,1.50,1.50
2011.06.22 22:30:21.059,0.95624,0.95673,1.50,1.50
2011.06.22 22:30:21.389,0.95624,0.95667,1.50,2.63
2011.06.22 22:30:21.497,0.95624,0.95679,1.50,1.50
2011.06.22 22:30:22.141,0.95625,0.95679,3.00,1.50
2011.06.22 22:30:22.257,0.95626,0.95679,1.50,1.50
2011.06.22 22:30:23.967,0.95628,0.95678,1.13,1.50
2011.06.22 22:30:24.077,0.95627,0.95678,1.13,1.50
2011.06.22 22:30:24.849,0.95625,0.95671,1.13,2.63
2011.06.22 22:30:24.962,0.95621,0.95679,1.88,3.38
2011.06.22 22:30:25.189,0.95629,0.95674,1.50,1.50
2011.06.22 22:30:25.407,0.95623,0.95672,1.50,2.63
2011.06.22 22:30:25.517,0.95623,0.95672,1.50,2.63
2011.06.22 22:30:25.847,0.9563,0.95673,1.50,1.50
2011.06.22 22:30:25.959,0.9563,0.95673,1.50,1.50
2011.06.22 22:30:26.069,0.95627,0.95673,1.50,1.50
2011.06.22 22:30:26.290,0.95629,0.95669,1.13,1.50
2011.06.22 22:30:26.824,0.95629,0.95669,1.13,1.50
2011.06.22 22:30:26.941,0.95633,0.95669,1.50,1.50
2011.06.22 22:30:27.169,0.9563,0.95669,1.50,1.50
2011.06.22 22:30:27.609,0.9563,0.95669,1.50,1.50
2011.06.22 22:30:27.937,0.95627,0.95669,1.50,1.50
2011.06.22 22:30:28.489,0.95623,0.95668,1.50,1.50
2011.06.22 22:30:28.708,0.95621,0.95663,1.50,1.50
2011.06.22 22:30:28.818,0.95618,0.95663,2.25,1.50
2011.06.22 22:30:30.637,0.95615,0.95657,1.88,1.50
2011.06.22 22:30:30.746,0.95615,0.95658,1.88,1.50
2011.06.22 22:30:31.188,0.95615,0.95663,2.25,1.50
2011.06.22 22:30:31.518,0.95625,0.95663,1.13,1.50
2011.06.22 22:30:31.957,0.95615,0.95657,1.13,1.50
2011.06.22 22:30:32.450,0.95615,0.95653,1.13,1.50
2011.06.22 22:30:33.008,0.95611,0.95647,1.88,1.50
2011.06.22 22:30:33.119,0.95604,0.95646,1.35,1.50
2011.06.22 22:30:33.447,0.95604,0.95646,1.35,1.50
2011.06.22 22:30:34.218,0.95608,0.95648,1.50,1.35
2011.06.22 22:30:34.768,0.95596,0.95637,1.50,1.73
2011.06.22 22:30:34.988,0.95593,0.95636,1.73,1.13
2011.06.22 22:30:35.097,0.9559,0.95636,1.35,1.13
2011.06.22 22:30:35.426,0.95593,0.95636,1.73,1.13
2011.06.22 22:30:35.758,0.95593,0.95636,1.73,1.13
2011.06.22 22:30:36.308,0.95595,0.95636,1.13,1.13
2011.06.22 22:30:36.747,0.95604,0.95639,1.13,1.35
2011.06.22 22:30:37.846,0.95604,0.95638,1.13,1.35
2011.06.22 22:30:38.177,0.956,0.95637,1.88,1.35
2011.06.22 22:30:42.067,0.95601,0.95637,1.13,1.35
2011.06.22 22:30:42.618,0.95596,0.95636,1.13,1.13
2011.06.22 22:30:48.947,0.95596,0.95636,1.13,1.13
2011.06.22 22:30:51.847,0.95596,0.95636,1.13,1.13
2011.06.22 22:30:52.067,0.95593,0.95631,1.35,1.13
2011.06.22 22:30:53.009,0.95596,0.95634,1.13,1.50
2011.06.22 22:30:53.346,0.95596,0.95636,1.13,1.13
2011.06.22 22:30:57.837,0.95601,0.95637,1.13,1.35
2011.06.22 22:30:59.138,0.95601,0.95641,1.13,1.13
2011.06.22 22:31:00.483,0.95601,0.95641,1.13,1.13
2011.06.22 22:31:04.961,0.95607,0.95646,1.13,1.35
2011.06.22 22:31:06.957,0.95607,0.95646,1.13,1.35
2011.06.22 22:31:07.727,0.95605,0.95643,1.13,1.13
2011.06.22 22:31:09.847,0.95605,0.95643,1.13,1.13
2011.06.22 22:31:10.107,0.95605,0.95643,1.13,1.13
2011.06.22 22:31:10.897,0.95602,0.9564,1.50,1.13
2011.06.22 22:31:11.117,0.956,0.95637,1.35,1.13
2011.06.22 22:31:12.367,0.956,0.95635,1.35,1.13
2011.06.22 22:31:12.478,0.956,0.95635,1.35,1.13
2011.06.22 22:31:12.807,0.95603,0.95639,1.13,1.13
2011.06.22 22:31:12.917,0.95609,0.95644,1.35,1.50
2011.06.22 22:31:13.028,0.95611,0.95651,1.35,1.13
2011.06.22 22:31:13.467,0.95612,0.95656,1.35,1.35
2011.06.22 22:31:14.016,0.9561,0.95656,1.35,1.35
2011.06.22 22:31:14.457,0.95611,0.95656,1.35,1.35
2011.06.22 22:31:15.586,0.95611,0.95656,1.35,1.35
2011.06.22 22:31:16.137,0.95607,0.95659,1.13,1.50
2011.06.22 22:31:16.467,0.95605,0.95654,1.13,1.13
2011.06.22 22:31:16.797,0.95605,0.95653,1.13,2.25
2011.06.22 22:31:18.007,0.95609,0.95654,1.50,1.13
2011.06.22 22:31:18.119,0.95616,0.95658,1.13,1.13
2011.06.22 22:31:18.338,0.95616,0.95658,1.13,1.13
2011.06.22 22:31:18.557,0.95618,0.9566,1.13,1.13
2011.06.22 22:31:19.919,0.95618,0.9566,1.13,1.13
2011.06.22 22:31:20.510,0.95618,0.95658,1.35,1.13
2011.06.22 22:31:20.618,0.95618,0.95658,1.35,1.13
2011.06.22 22:31:20.947,0.95618,0.95656,1.35,1.13
2011.06.22 22:31:21.167,0.95616,0.95654,1.13,1.35
2011.06.22 22:31:23.087,0.95616,0.95654,1.13,1.35
2011.06.22 22:31:23.967,0.95617,0.95654,1.13,1.35
2011.06.22 22:31:24.299,0.9561,0.95655,1.35,1.73
2011.06.22 22:31:24.407,0.95611,0.95655,1.13,1.73
2011.06.22 22:31:25.647,0.9561,0.95655,1.73,1.73
2011.06.22 22:31:27.502,0.95611,0.95655,1.13,1.73
2011.06.22 22:31:28.667,0.95607,0.95655,1.50,1.50
2011.06.22 22:31:28.778,0.95607,0.9565,1.13,1.13
2011.06.22 22:31:29.559,0.95607,0.95649,1.13,1.50
2011.06.22 22:31:29.778,0.95607,0.9565,1.13,1.13
2011.06.22 22:31:30.547,0.95614,0.95655,1.13,1.13
2011.06.22 22:31:31.096,0.95612,0.95655,1.13,1.13
2011.06.22 22:31:31.606,0.95614,0.95655,3.00,1.13
2011.06.22 22:31:31.940,0.95625,0.95668,1.13,1.13
2011.06.22 22:31:32.157,0.95625,0.95668,1.13,1.13
2011.06.22 22:31:32.377,0.95629,0.95671,1.13,1.13
2011.06.22 22:31:39.566,0.95625,0.95674,1.50,1.13
2011.06.22 22:31:39.786,0.95626,0.95674,1.13,1.13
2011.06.22 22:31:45.297,0.95629,0.95674,1.13,1.13
2011.06.22 22:31:52.077,0.95627,0.9568,3.00,1.13
2011.06.22 22:31:55.818,0.95631,0.95683,1.13,1.13
2011.06.22 22:31:56.479,0.95631,0.95683,1.13,1.13
2011.06.22 22:31:57.137,0.9562,0.95669,1.13,1.13
2011.06.22 22:31:58.226,0.95622,0.95667,1.35,1.35
2011.06.22 22:32:00.348,0.95625,0.95671,1.13,1.35
2011.06.22 22:32:00.458,0.9563,0.95676,1.35,1.35
2011.06.22 22:32:00.568,0.9563,0.95676,1.35,1.35
2011.06.22 22:32:01.006,0.9563,0.95676,1.35,1.35
2011.06.22 22:32:01.337,0.9563,0.95676,1.35,1.35
2011.06.22 22:32:01.797,0.9563,0.95676,1.35,1.35
2011.06.22 22:32:03.291,0.9563,0.95676,1.35,1.35
2011.06.22 22:32:03.411,0.95633,0.95676,1.13,1.35
2011.06.22 22:32:03.638,0.9563,0.95676,1.35,1.35
2011.06.22 22:32:07.327,0.95635,0.9568,1.13,1.13
2011.06.22 22:32:11.306,0.95635,0.95678,1.13,1.13
2011.06.22 22:32:13.097,0.95631,0.95678,1.13,1.13
2011.06.22 22:32:13.731,0.95631,0.95678,1.13,1.13
2011.06.22 22:32:16.805,0.95627,0.95678,2.63,1.50
2011.06.22 22:32:22.863,0.95627,0.95677,2.63,1.13
2011.06.22 22:32:23.602,0.95619,0.95668,1.50,1.13
2011.06.22 22:32:29.037,0.95619,0.95667,1.13,1.13
2011.06.22 22:32:30.247,0.95627,0.95668,1.13,1.13
2011.06.22 22:32:30.358,0.95627,0.9567,1.13,1.13
2011.06.22 22:32:30.467,0.95629,0.9567,1.13,1.13
2011.06.22 22:32:30.689,0.95629,0.9567,1.13,1.13
2011.06.22 22:32:30.797,0.95624,0.95667,1.13,1.13
2011.06.22 22:32:31.127,0.95618,0.95665,1.13,1.13
2011.06.22 22:32:31.347,0.95621,0.95664,1.13,1.13
2011.06.22 22:32:31.677,0.95626,0.95666,1.13,1.13
2011.06.22 22:32:38.078,0.95626,0.95666,1.13,1.13
2011.06.22 22:32:39.178,0.95629,0.95667,1.13,1.13
2011.06.22 22:32:39.949,0.95626,0.95666,1.13,1.13
2011.06.22 22:32:40.168,0.95626,0.95666,1.13,1.13
2011.06.22 22:32:40.617,0.95628,0.95666,1.13,1.13
2011.06.22 22:32:47.108,0.95628,0.95666,1.13,1.13
2011.06.22 22:32:47.437,0.95628,0.95666,1.13,1.13
2011.06.22 22:32:49.858,0.95624,0.95662,1.35,1.13
2011.06.22 22:32:50.406,0.95628,0.95666,1.13,1.13
2011.06.22 22:32:51.967,0.95628,0.95666,1.13,1.13
2011.06.22 22:32:53.286,0.95624,0.95664,1.73,1.13
2011.06.22 22:32:56.126,0.95626,0.95664,1.13,1.13
2011.06.22 22:32:59.777,0.95623,0.95656,1.35,1.13
2011.06.22 22:33:00.109,0.95623,0.95655,1.13,1.35
2011.06.22 22:33:00.329,0.95626,0.95664,1.13,2.10
2011.06.22 22:33:00.878,0.95627,0.95664,1.88,1.35
2011.06.22 22:33:05.908,0.95627,0.95664,1.88,1.35
2011.06.22 22:33:06.567,0.95627,0.95664,1.88,1.35
2011.06.22 22:33:10.372,0.95627,0.95663,3.00,1.50
2011.06.22 22:33:10.708,0.95629,0.95664,1.50,1.35
2011.06.22 22:33:11.368,0.95629,0.95665,1.88,1.50
2011.06.22 22:33:11.477,0.95629,0.95665,1.50,1.50
2011.06.22 22:33:11.587,0.95629,0.95665,1.50,1.50
2011.06.22 22:33:12.028,0.95628,0.95663,1.35,1.50
2011.06.22 22:33:14.986,0.95629,0.95665,1.50,1.50
2011.06.22 22:33:15.579,0.95629,0.95665,1.50,1.50
2011.06.22 22:33:25.180,0.95628,0.95662,1.73,1.13
2011.06.22 22:33:25.517,0.95628,0.95662,1.73,1.13
2011.06.22 22:33:26.627,0.95636,0.95662,1.50,1.13
2011.06.22 22:33:26.848,0.95636,0.95666,1.50,1.13
2011.06.22 22:33:27.177,0.95642,0.95665,1.50,1.13
2011.06.22 22:33:27.618,0.95639,0.95665,1.50,3.00
2011.06.22 22:33:27.728,0.95626,0.95663,3.00,1.13
2011.06.22 22:33:27.838,0.95626,0.95659,2.25,1.50
2011.06.22 22:33:28.057,0.95626,0.95659,1.88,1.50
2011.06.22 22:33:28.626,0.95627,0.95659,1.50,1.50
2011.06.22 22:33:28.768,0.95627,0.95659,1.50,1.50
2011.06.22 22:33:29.097,0.95627,0.95659,1.50,1.50
2011.06.22 22:33:29.426,0.95627,0.95659,1.50,1.50
2011.06.22 22:33:31.616,0.95627,0.95658,1.50,1.50
2011.06.22 22:33:35.316,0.95626,0.95658,1.88,1.50
2011.06.22 22:33:42.988,0.95626,0.95659,1.88,1.50
2011.06.22 22:33:43.208,0.95626,0.95661,3.38,1.50
2011.06.22 22:33:43.538,0.95626,0.95661,2.63,1.50
2011.06.22 22:33:44.284,0.95633,0.95663,1.50,1.13
2011.06.22 22:33:44.618,0.9563,0.95664,1.50,1.13
2011.06.22 22:33:50.538,0.9563,0.95667,1.50,1.50
2011.06.22 22:33:53.017,0.95629,0.95665,1.13,1.50
2011.06.22 22:33:53.238,0.95628,0.95665,1.50,1.50
2011.06.22 22:33:53.742,0.95628,0.95665,1.50,1.50
2011.06.22 22:33:54.773,0.95628,0.95665,1.50,1.50
2011.06.22 22:33:54.891,0.95628,0.95665,1.50,1.50
2011.06.22 22:33:58.927,0.95625,0.95661,1.50,1.13
2011.06.22 22:34:01.188,0.95625,0.9566,1.50,1.13
2011.06.22 22:34:01.407,0.95621,0.95658,1.35,1.50
2011.06.22 22:34:03.918,0.95622,0.95658,1.35,1.50
2011.06.22 22:34:04.139,0.95627,0.95663,1.88,1.50
2011.06.22 22:34:04.358,0.95629,0.95665,1.50,1.50
2011.06.22 22:34:04.468,0.95627,0.95663,3.75,1.50
2011.06.22 22:34:04.577,0.95627,0.95662,3.38,1.13
2011.06.22 22:34:05.121,0.95624,0.95662,1.50,1.88
2011.06.22 22:34:05.678,0.95625,0.95661,2.48,1.13
2011.06.22 22:34:09.998,0.95631,0.95663,1.88,1.50
2011.06.22 22:34:10.107,0.95628,0.95663,1.88,1.50
2011.06.22 22:34:10.772,0.95629,0.95664,1.50,1.13
2011.06.22 22:34:10.893,0.95623,0.95659,1.50,1.13
2011.06.22 22:34:11.982,0.95623,0.95659,1.50,1.13
2011.06.22 22:34:12.427,0.95626,0.9566,1.50,1.13
2011.06.22 22:34:14.198,0.95627,0.9566,1.13,1.13
2011.06.22 22:34:14.309,0.95634,0.95666,1.50,1.13
2011.06.22 22:34:14.529,0.95636,0.95668,1.88,1.13
2011.06.22 22:34:14.639,0.95636,0.95668,1.50,1.13
2011.06.22 22:34:14.748,0.95634,0.95668,2.25,1.13
2011.06.22 22:34:14.969,0.95634,0.95668,2.25,1.13
2011.06.22 22:34:15.080,0.95634,0.95668,1.50,1.13
2011.06.22 22:34:15.738,0.95633,0.95668,1.50,1.13
2011.06.22 22:34:18.568,0.95635,0.95668,1.50,1.13
2011.06.22 22:34:19.117,0.95634,0.9567,1.50,1.88
2011.06.22 22:34:20.647,0.95634,0.9567,1.50,1.88
2011.06.22 22:34:25.147,0.95633,0.95666,1.50,1.13
2011.06.22 22:34:25.367,0.95626,0.95663,1.50,1.50
2011.06.22 22:34:25.588,0.9562,0.95654,1.50,1.50
2011.06.22 22:34:25.699,0.9562,0.95652,1.50,1.13
2011.06.22 22:34:26.027,0.95617,0.95654,1.50,1.88
2011.06.22 22:34:26.577,0.95617,0.95654,2.25,1.50
2011.06.22 22:34:28.577,0.95614,0.9565,2.10,1.50
2011.06.22 22:34:29.568,0.95619,0.9565,1.50,1.50
2011.06.22 22:34:29.788,0.95622,0.95658,1.50,1.73
2011.06.22 22:34:30.008,0.95625,0.95658,1.50,1.35
2011.06.22 22:34:30.337,0.95618,0.95654,1.50,1.50
2011.06.22 22:34:31.458,0.95621,0.95657,1.50,1.50
2011.06.22 22:34:34.887,0.9562,0.95657,1.50,1.50
2011.06.22 22:34:34.998,0.95619,0.95654,1.50,1.50
2011.06.22 22:34:35.108,0.95617,0.95654,2.25,1.50
2011.06.22 22:34:35.218,0.95617,0.95654,1.50,1.50
2011.06.22 22:34:35.550,0.9562,0.95656,1.50,1.13
2011.06.22 22:34:35.769,0.9562,0.95658,1.88,2.10
2011.06.22 22:34:36.429,0.95621,0.9566,2.25,1.50
2011.06.22 22:34:36.649,0.95621,0.95663,2.63,1.50
2011.06.22 22:34:38.939,0.95622,0.95663,1.73,1.50
2011.06.22 22:34:39.158,0.95621,0.95666,1.73,1.73
2011.06.22 22:34:48.658,0.95622,0.95664,2.10,1.50
2011.06.22 22:34:50.437,0.95622,0.95664,2.10,1.50
2011.06.22 22:34:50.916,0.95623,0.95664,1.13,1.50
2011.06.22 22:34:51.248,0.95623,0.9566,1.50,1.50
2011.06.22 22:34:51.688,0.95618,0.95655,1.50,1.50
2011.06.22 22:34:52.018,0.95617,0.95653,1.50,1.50
2011.06.22 22:34:52.129,0.95621,0.95657,1.50,1.13
2011.06.22 22:34:52.457,0.95622,0.95659,2.63,1.35
2011.06.22 22:34:52.567,0.95622,0.95659,2.63,1.35
2011.06.22 22:34:53.657,0.95624,0.95659,1.88,1.35
2011.06.22 22:34:54.637,0.95626,0.95659,1.13,1.35
2011.06.22 22:34:54.858,0.95627,0.95662,1.13,1.50
2011.06.22 22:34:54.967,0.95627,0.95667,1.88,1.50
2011.06.22 22:34:55.627,0.95629,0.95666,1.13,1.50
2011.06.22 22:34:57.069,0.95626,0.95665,1.88,1.50
2011.06.22 22:34:57.665,0.95622,0.95653,1.13,1.50
2011.06.22 22:34:57.781,0.95617,0.95655,1.50,1.50
2011.06.22 22:34:58.807,0.95617,0.95656,1.50,1.50
2011.06.22 22:34:59.657,0.95616,0.95654,1.50,1.50
2011.06.22 22:35:01.049,0.95618,0.95654,1.88,1.50
2011.06.22 22:35:01.378,0.95628,0.95664,1.50,1.50
2011.06.22 22:35:01.489,0.95628,0.95664,1.50,1.50
2011.06.22 22:35:02.038,0.95626,0.95663,4.13,1.50
2011.06.22 22:35:02.477,0.95628,0.95664,2.25,1.50
2011.06.22 22:35:03.638,0.95628,0.95659,1.50,1.35
2011.06.22 22:35:03.748,0.95626,0.95658,1.50,1.50
2011.06.22 22:35:03.858,0.95624,0.95658,1.50,1.88
2011.06.22 22:35:04.079,0.95617,0.95654,3.00,1.50
2011.06.22 22:35:04.187,0.95617,0.95654,3.00,1.50
2011.06.22 22:35:04.789,0.95617,0.95649,1.50,1.50
2011.06.22 22:35:04.896,0.95617,0.95651,1.50,1.50
2011.06.22 22:35:05.468,0.95617,0.9565,1.50,1.50
2011.06.22 22:35:05.910,0.95632,0.95662,1.50,1.19
2011.06.22 22:35:06.458,0.95632,0.95665,1.50,1.50
2011.06.22 22:35:07.497,0.95634,0.95665,1.50,1.50
2011.06.22 22:35:07.828,0.95639,0.95666,1.50,1.50
2011.06.22 22:35:08.049,0.9564,0.95676,2.25,1.50
2011.06.22 22:35:08.377,0.95641,0.95676,1.50,1.50
2011.06.22 22:35:09.149,0.95642,0.95676,1.50,1.50
2011.06.22 22:35:09.261,0.9565,0.95677,1.50,1.50
2011.06.22 22:35:09.371,0.9566,0.95687,1.50,1.35
2011.06.22 22:35:09.479,0.9566,0.9569,1.50,1.50
2011.06.22 22:35:09.589,0.95657,0.9569,2.10,1.50
2011.06.22 22:35:09.698,0.95657,0.9569,1.35,1.50
2011.06.22 22:35:10.028,0.9565,0.95687,1.13,1.50
2011.06.22 22:35:10.517,0.95651,0.95687,1.50,1.50
2011.06.22 22:35:10.847,0.9565,0.95685,1.13,1.35
2011.06.22 22:35:10.958,0.95643,0.95677,2.63,1.50
2011.06.22 22:35:11.178,0.95643,0.95677,1.50,1.50
2011.06.22 22:35:11.909,0.95641,0.95677,1.50,1.50
2011.06.22 22:35:12.127,0.9564,0.95674,2.25,1.50
2011.06.22 22:35:12.678,0.95639,0.95674,1.35,1.50
2011.06.22 22:35:13.501,0.95639,0.95674,1.35,1.50
2011.06.22 22:35:14.078,0.95636,0.95674,1.35,1.50
2011.06.22 22:35:14.188,0.95636,0.95668,1.35,1.13
2011.06.22 22:35:14.517,0.9563,0.9567,2.10,1.13
2011.06.22 22:35:15.538,0.9563,0.95662,2.10,1.50
2011.06.22 22:35:15.868,0.9563,0.95661,2.10,1.50
2011.06.22 22:35:15.979,0.95622,0.95661,1.50,1.50
2011.06.22 22:35:16.617,0.95622,0.95661,1.50,1.50
2011.06.22 22:35:17.167,0.95623,0.9566,1.50,1.50
2011.06.22 22:35:20.267,0.95622,0.95665,2.25,1.50
2011.06.22 22:35:20.377,0.95622,0.95671,1.50,1.13
2011.06.22 22:35:23.037,0.95622,0.95671,1.50,1.13
2011.06.22 22:35:23.757,0.95622,0.95671,1.50,1.13
2011.06.22 22:35:25.196,0.95622,0.95671,1.50,1.13
2011.06.22 22:35:26.203,0.95621,0.95671,1.50,1.13
2011.06.22 22:35:26.537,0.95622,0.95671,1.50,1.13
2011.06.22 22:35:26.979,0.95622,0.95665,1.50,1.50
2011.06.22 22:35:27.088,0.95622,0.95663,2.25,1.50
2011.06.22 22:35:27.427,0.95623,0.95661,1.50,1.50
2011.06.22 22:35:28.197,0.95623,0.95661,1.50,1.50
2011.06.22 22:35:28.527,0.95622,0.95661,2.25,1.50
2011.06.22 22:35:28.637,0.95622,0.95661,2.25,1.50
2011.06.22 22:35:28.858,0.95621,0.9566,1.50,1.50
2011.06.22 22:35:29.502,0.95615,0.95655,2.25,1.88
2011.06.22 22:35:29.624,0.95624,0.95662,2.63,1.50
2011.06.22 22:35:29.847,0.95626,0.95673,1.50,1.50
2011.06.22 22:35:30.068,0.95626,0.95669,1.50,1.50
2011.06.22 22:35:30.399,0.95627,0.95665,1.50,1.50
2011.06.22 22:35:31.178,0.95625,0.95663,1.50,1.50
2011.06.22 22:35:31.288,0.95625,0.95663,1.50,1.50
2011.06.22 22:35:32.897,0.95623,0.95659,1.50,1.50
2011.06.22 22:35:34.877,0.95623,0.9566,1.50,1.50
2011.06.22 22:35:36.838,0.95625,0.95662,1.50,1.50
2011.06.22 22:35:36.950,0.95626,0.95662,1.50,1.50
2011.06.22 22:35:37.166,0.95626,0.95662,1.50,1.50
2011.06.22 22:35:37.277,0.95624,0.95661,1.50,1.50
2011.06.22 22:35:37.389,0.95623,0.95662,1.50,2.25
2011.06.22 22:35:37.607,0.95623,0.95661,1.50,1.50
2011.06.22 22:35:42.419,0.95623,0.95661,1.50,1.50
2011.06.22 22:35:42.639,0.95613,0.95665,1.13,1.13
2011.06.22 22:35:43.079,0.95617,0.95663,1.13,1.50
2011.06.22 22:35:43.297,0.95614,0.95663,1.13,1.13
2011.06.22 22:35:43.517,0.95613,0.95663,1.88,1.13
2011.06.22 22:35:49.367,0.95628,0.95665,1.35,1.50
2011.06.22 22:35:49.699,0.95636,0.9567,1.50,1.50
2011.06.22 22:35:50.028,0.95638,0.95674,1.50,2.10
2011.06.22 22:35:50.547,0.95638,0.95674,1.50,2.10
2011.06.22 22:35:53.439,0.9565,0.95675,1.50,1.50
2011.06.22 22:35:53.658,0.9564,0.95677,1.35,1.50
2011.06.22 22:35:53.989,0.95644,0.95678,1.50,1.50
2011.06.22 22:35:54.207,0.95642,0.95678,1.50,1.50
2011.06.22 22:35:55.218,0.95618,0.95673,2.10,1.35
2011.06.22 22:35:55.437,0.95625,0.95673,1.35,1.35
2011.06.22 22:35:58.714,0.95625,0.95668,1.13,1.13
2011.06.22 22:35:58.941,0.95608,0.95659,1.88,1.13
2011.06.22 22:35:59.049,0.95609,0.95657,1.50,1.50
2011.06.22 22:35:59.818,0.95608,0.95653,1.50,1.50
2011.06.22 22:35:59.928,0.95604,0.95652,1.50,1.50
2011.06.22 22:36:00.038,0.95605,0.95646,1.13,1.13
2011.06.22 22:36:00.587,0.95607,0.95643,1.50,1.50
2011.06.22 22:36:02.198,0.95608,0.95645,1.50,1.50
2011.06.22 22:36:04.059,0.95611,0.95648,1.50,1.50
2011.06.22 22:36:15.837,0.95611,0.95648,1.50,1.50
2011.06.22 22:36:21.167,0.95612,0.95648,1.88,1.50
2011.06.22 22:36:21.291,0.95613,0.9565,1.50,1.50
2011.06.22 22:36:22.838,0.95607,0.95658,1.13,1.50
2011.06.22 22:36:33.443,0.95601,0.95663,2.63,1.13
2011.06.22 22:36:33.999,0.95606,0.95667,2.63,1.13
2011.06.22 22:36:42.970,0.95606,0.95667,2.63,1.13
2011.06.22 22:36:43.188,0.95612,0.95664,1.50,1.50
2011.06.22 22:36:51.578,0.95619,0.95656,1.50,1.50
2011.06.22 22:36:53.608,0.95616,0.9566,1.50,1.50
2011.06.22 22:36:58.568,0.95616,0.9566,1.50,1.50
2011.06.22 22:36:59.099,0.95617,0.95658,1.50,1.50
2011.06.22 22:37:02.937,0.9562,0.95661,1.50,1.50
2011.06.22 22:37:03.268,0.95618,0.95661,1.50,1.50
2011.06.22 22:37:04.279,0.95618,0.95665,1.50,1.50
2011.06.22 22:37:04.389,0.95619,0.95662,1.50,1.50
2011.06.22 22:37:04.717,0.95619,0.95662,1.50,1.50
2011.06.22 22:37:06.900,0.95619,0.95662,1.50,1.50
2011.06.22 22:37:07.121,0.95617,0.95657,1.50,1.50
2011.06.22 22:37:07.568,0.95621,0.95657,1.50,1.50
2011.06.22 22:37:08.089,0.95622,0.95659,1.50,1.50
2011.06.22 22:37:08.418,0.9563,0.95667,1.13,1.50
2011.06.22 22:37:18.328,0.95631,0.95667,1.13,1.50
2011.06.22 22:37:18.888,0.95629,0.95667,1.50,1.50
2011.06.22 22:37:19.857,0.95629,0.95667,1.50,1.50
2011.06.22 22:37:19.967,0.95627,0.95663,1.35,1.50
2011.06.22 22:37:20.890,0.95627,0.95663,1.35,1.50
2011.06.22 22:37:21.217,0.95621,0.95659,2.63,1.50
2011.06.22 22:37:23.428,0.95622,0.95659,1.88,1.50
2011.06.22 22:37:23.647,0.95622,0.95659,1.88,1.50
2011.06.22 22:37:25.468,0.95623,0.95659,1.50,1.50
2011.06.22 22:37:25.798,0.95643,0.95671,1.50,1.50
2011.06.22 22:37:26.017,0.95643,0.95673,1.50,2.25
2011.06.22 22:37:26.788,0.95645,0.95671,1.50,1.50
2011.06.22 22:37:27.008,0.95643,0.95671,1.50,1.50
2011.06.22 22:37:27.367,0.95643,0.95671,1.50,1.50
2011.06.22 22:37:28.292,0.9564,0.95668,1.50,1.50
2011.06.22 22:37:29.657,0.9564,0.95664,1.50,1.50
2011.06.22 22:37:30.849,0.9564,0.95667,1.50,1.50
2011.06.22 22:37:34.067,0.9564,0.95667,1.50,1.50
2011.06.22 22:37:34.179,0.9564,0.95671,1.50,1.50
2011.06.22 22:37:34.398,0.95641,0.95671,1.50,1.50
2011.06.22 22:37:44.870,0.95626,0.95662,1.50,2.63
2011.06.22 22:37:45.088,0.95624,0.9566,1.50,1.13
2011.06.22 22:37:46.190,0.95625,0.9566,1.50,1.50
2011.06.22 22:37:46.737,0.95625,0.95663,2.25,1.50
2011.06.22 22:37:48.708,0.95627,0.95661,1.88,1.13
2011.06.22 22:37:49.040,0.95633,0.95663,1.13,1.50
2011.06.22 22:37:49.259,0.95634,0.95672,1.50,1.50
2011.06.22 22:37:53.087,0.95634,0.95666,1.50,1.13
2011.06.22 22:37:53.609,0.95635,0.95666,1.50,1.13
2011.06.22 22:37:55.498,0.95632,0.95665,1.35,1.13
2011.06.22 22:37:56.047,0.95632,0.95666,2.10,1.13
2011.06.22 22:38:00.308,0.95632,0.95666,2.10,1.13
2011.06.22 22:38:00.748,0.95631,0.95675,1.50,1.13
2011.06.22 22:38:00.859,0.95633,0.95671,1.50,1.50
2011.06.22 22:38:01.738,0.9563,0.95666,1.73,1.88
2011.06.22 22:38:03.768,0.9563,0.95662,1.35,1.13
2011.06.22 22:38:03.877,0.95629,0.95662,1.35,1.13
2011.06.22 22:38:04.428,0.95626,0.95661,1.50,1.13
2011.06.22 22:38:04.648,0.95623,0.95659,2.25,1.13
2011.06.22 22:38:04.868,0.95623,0.95659,2.25,1.13
2011.06.22 22:38:05.468,0.95623,0.95659,1.50,1.13
2011.06.22 22:38:09.608,0.95623,0.95659,1.50,1.13
2011.06.22 22:38:11.058,0.95623,0.95661,2.63,1.50
2011.06.22 22:38:23.087,0.95625,0.95663,2.25,1.50
2011.06.22 22:38:23.308,0.95625,0.95663,2.25,1.50
2011.06.22 22:38:23.857,0.95624,0.95662,1.50,1.50
2011.06.22 22:38:23.967,0.95625,0.95662,1.50,1.50
2011.06.22 22:38:25.427,0.95625,0.95662,1.50,1.50
2011.06.22 22:38:42.948,0.95627,0.95663,1.50,1.50
2011.06.22 22:38:44.847,0.95627,0.95662,2.63,1.50
2011.06.22 22:38:49.578,0.95628,0.95662,1.50,1.50
2011.06.22 22:39:04.898,0.95631,0.95664,1.35,1.50
2011.06.22 22:39:05.230,0.95639,0.95676,1.50,1.50
2011.06.22 22:39:05.339,0.95644,0.95676,1.13,1.50
2011.06.22 22:39:05.559,0.95647,0.95684,2.25,1.50
2011.06.22 22:39:05.667,0.95647,0.95684,3.00,1.50
2011.06.22 22:39:06.217,0.95647,0.95684,2.25,1.50
2011.06.22 22:39:06.330,0.95647,0.9568,2.25,1.13
2011.06.22 22:39:06.549,0.95637,0.95674,4.88,1.50
2011.06.22 22:39:06.658,0.95638,0.95674,1.50,1.50
2011.06.22 22:39:06.989,0.9564,0.95677,1.50,1.50
2011.06.22 22:39:07.319,0.95638,0.95674,1.50,1.88
2011.06.22 22:39:07.428,0.95634,0.95671,2.48,1.50
2011.06.22 22:39:07.977,0.95633,0.95667,1.35,1.50
2011.06.22 22:39:09.329,0.95633,0.95667,1.35,1.50
2011.06.22 22:39:12.740,0.95635,0.95669,1.13,1.50
2011.06.22 22:39:12.849,0.95637,0.95673,1.50,1.50
2011.06.22 22:39:13.068,0.95637,0.9567,1.50,1.35
2011.06.22 22:39:13.288,0.95631,0.95666,1.13,1.50
2011.06.22 22:39:13.507,0.95628,0.95666,1.50,1.50
2011.06.22 22:39:27.227,0.95627,0.95664,2.25,1.50
2011.06.22 22:39:30.310,0.95627,0.95663,1.50,1.13
2011.06.22 22:39:30.417,0.95625,0.95659,1.50,1.50
2011.06.22 22:39:30.638,0.95619,0.95653,1.50,1.50
2011.06.22 22:39:30.857,0.95617,0.95653,3.38,1.50
2011.06.22 22:39:34.498,0.95617,0.95655,1.50,2.25
2011.06.22 22:39:40.898,0.95618,0.95655,1.50,1.50
2011.06.22 22:40:03.128,0.95617,0.95656,1.50,1.50
2011.06.22 22:40:05.737,0.95617,0.95656,1.50,1.50
2011.06.22 22:40:23.211,0.95617,0.95651,1.50,1.13
2011.06.22 22:40:23.742,0.95609,0.95645,1.50,1.50
2011.06.22 22:40:24.739,0.95612,0.95645,1.50,1.50
2011.06.22 22:40:24.850,0.95612,0.95649,1.50,1.50
2011.06.22 22:40:25.288,0.95608,0.9565,1.50,3.23
2011.06.22 22:40:25.398,0.956,0.9565,2.10,2.48
2011.06.22 22:40:26.517,0.95599,0.9565,1.13,1.88
2011.06.22 22:40:26.849,0.95599,0.95639,1.13,1.50
2011.06.22 22:40:27.399,0.95601,0.95639,1.50,1.50
2011.06.22 22:40:30.839,0.95599,0.95636,1.50,1.50
2011.06.22 22:40:34.851,0.95601,0.95638,1.50,1.50
2011.06.22 22:40:35.398,0.956,0.95637,1.50,1.50
2011.06.22 22:40:35.727,0.95603,0.95637,1.50,1.50
2011.06.22 22:40:36.057,0.95605,0.95639,1.50,1.50
2011.06.22 22:40:37.721,0.95606,0.95641,1.50,1.35
2011.06.22 22:40:38.939,0.95606,0.95642,2.63,1.50
2011.06.22 22:40:41.808,0.95609,0.95643,1.50,1.50
2011.06.22 22:40:42.248,0.9561,0.95644,1.50,1.50
2011.06.22 22:40:43.348,0.95609,0.95642,1.50,1.50
2011.06.22 22:40:43.458,0.95605,0.95641,2.10,1.50
2011.06.22 22:40:43.787,0.95605,0.95639,2.10,1.50
2011.06.22 22:40:45.991,0.95603,0.95636,1.50,1.13
2011.06.22 22:40:46.103,0.95593,0.95618,1.50,1.50
2011.06.22 22:40:46.221,0.95595,0.95628,1.50,1.35
2011.06.22 22:40:46.441,0.95599,0.95635,1.50,2.10
2011.06.22 22:40:46.770,0.95599,0.95634,1.50,1.50
2011.06.22 22:40:46.989,0.95601,0.95635,1.50,1.35
2011.06.22 22:40:47.098,0.95601,0.95635,1.50,1.35
2011.06.22 22:40:48.507,0.95601,0.95631,1.50,1.35
2011.06.22 22:40:48.838,0.9559,0.95617,1.50,1.50
2011.06.22 22:40:48.948,0.95589,0.95616,2.25,1.50
2011.06.22 22:40:49.388,0.95592,0.95619,1.50,1.50
2011.06.22 22:40:49.718,0.95592,0.95619,2.25,1.50
2011.06.22 22:40:50.267,0.95592,0.95621,2.85,1.50
2011.06.22 22:40:51.377,0.956,0.95627,1.50,1.50
2011.06.22 22:40:51.489,0.956,0.95634,1.50,1.50
2011.06.22 22:40:51.927,0.95602,0.95638,1.50,1.50
2011.06.22 22:40:52.463,0.95609,0.95643,1.50,1.50
2011.06.22 22:40:52.908,0.9561,0.95645,1.35,1.50
2011.06.22 22:40:53.237,0.9561,0.95646,1.35,1.88
2011.06.22 22:40:53.790,0.95609,0.95643,2.48,1.50
2011.06.22 22:40:54.010,0.95609,0.95643,1.50,1.50
2011.06.22 22:40:55.590,0.95601,0.95641,1.50,1.88
2011.06.22 22:40:55.698,0.95601,0.95639,1.50,1.50
2011.06.22 22:40:58.520,0.95605,0.9564,1.13,1.50
2011.06.22 22:40:58.849,0.95609,0.95645,2.10,1.50
2011.06.22 22:40:59.069,0.9561,0.95647,1.50,1.50
2011.06.22 22:40:59.289,0.95611,0.95647,1.50,1.50
2011.06.22 22:40:59.948,0.95609,0.95647,2.10,1.50
2011.06.22 22:41:00.278,0.95609,0.95645,1.35,1.50
2011.06.22 22:41:00.827,0.95609,0.95645,1.35,1.50
2011.06.22 22:41:02.541,0.95609,0.95645,1.35,1.50
2011.06.22 22:41:03.133,0.95607,0.95634,1.50,1.35
2011.06.22 22:41:03.264,0.956,0.95634,1.50,2.10
2011.06.22 22:41:03.598,0.95603,0.95639,1.50,1.50
2011.06.22 22:41:03.928,0.95601,0.95639,2.25,1.50
2011.06.22 22:41:04.699,0.95602,0.95639,1.50,1.50
2011.06.22 22:41:05.028,0.95602,0.95639,2.25,1.50
2011.06.22 22:41:06.348,0.95603,0.95639,1.50,1.50
2011.06.22 22:41:06.899,0.95608,0.95642,1.50,1.50
2011.06.22 22:41:07.118,0.95609,0.95642,1.50,1.50
2011.06.22 22:41:07.448,0.95611,0.95648,1.50,1.50
2011.06.22 22:41:08.198,0.95608,0.95645,1.50,1.50
2011.06.22 22:41:08.309,0.95608,0.95644,1.50,1.50
2011.06.22 22:41:09.079,0.95604,0.95641,1.50,1.88
2011.06.22 22:41:09.189,0.95602,0.95637,1.50,1.50
2011.06.22 22:41:09.409,0.95603,0.9564,2.48,1.50
2011.06.22 22:41:09.629,0.95602,0.95636,2.10,1.50
2011.06.22 22:41:09.848,0.95602,0.95636,1.35,1.50
2011.06.22 22:41:11.348,0.95603,0.95638,1.35,1.50
2011.06.22 22:41:11.459,0.95606,0.9564,1.50,1.50
2011.06.22 22:41:11.678,0.95607,0.9564,1.13,1.50
2011.06.22 22:41:12.196,0.95607,0.95642,1.50,1.50
2011.06.22 22:41:12.323,0.95608,0.95645,1.50,1.50
2011.06.22 22:41:12.439,0.95611,0.95645,1.50,1.50
2011.06.22 22:41:12.551,0.95611,0.95647,1.50,1.35
2011.06.22 22:41:12.989,0.9561,0.95647,1.50,2.10
2011.06.22 22:41:13.539,0.95606,0.95644,1.50,1.50
2011.06.22 22:41:14.087,0.95606,0.95644,2.25,1.50
2011.06.22 22:41:15.359,0.95609,0.95644,1.50,1.13
2011.06.22 22:41:15.801,0.95612,0.95646,1.50,1.50
2011.06.22 22:41:16.128,0.95618,0.95654,1.50,2.10
2011.06.22 22:41:16.349,0.95616,0.95652,1.50,1.50
2011.06.22 22:41:16.678,0.95617,0.95653,1.50,1.35
2011.06.22 22:41:17.220,0.9561,0.95653,1.88,1.35
2011.06.22 22:41:17.438,0.9561,0.95662,1.13,1.13
2011.06.22 22:41:17.548,0.95609,0.95662,1.13,1.13
2011.06.22 22:41:18.102,0.95611,0.95662,1.13,1.13
2011.06.22 22:41:18.689,0.95612,0.95656,1.13,1.13
2011.06.22 22:41:19.019,0.95612,0.95653,1.50,1.13
2011.06.22 22:41:19.348,0.95609,0.95652,2.63,1.13
2011.06.22 22:41:20.780,0.95613,0.95653,1.13,1.50
2011.06.22 22:41:21.112,0.95623,0.95653,1.88,1.50
2011.06.22 22:41:21.231,0.95623,0.95657,1.88,1.50
2011.06.22 22:41:21.338,0.95625,0.95661,1.50,1.50
2011.06.22 22:41:21.558,0.95623,0.95659,1.88,1.50
2011.06.22 22:41:22.108,0.95622,0.9566,1.50,1.50
2011.06.22 22:41:22.328,0.95617,0.9566,1.50,1.50
2011.06.22 22:41:28.429,0.95616,0.95661,1.50,1.50
2011.06.22 22:41:28.979,0.95616,0.9566,1.50,1.50
2011.06.22 22:41:30.618,0.95616,0.9566,2.25,1.50
2011.06.22 22:41:30.838,0.95616,0.95655,2.25,1.13
2011.06.22 22:41:31.168,0.95617,0.95652,1.50,1.50
2011.06.22 22:41:32.118,0.95614,0.95651,1.50,1.88
2011.06.22 22:41:32.230,0.95614,0.9565,1.50,1.50
2011.06.22 22:41:32.338,0.95614,0.9565,1.50,1.50
2011.06.22 22:41:32.448,0.95615,0.95651,1.50,1.50
2011.06.22 22:41:33.044,0.95615,0.95652,1.50,1.50
2011.06.22 22:41:33.271,0.95619,0.95661,2.25,1.50
2011.06.22 22:41:33.380,0.95624,0.95666,1.13,1.50
2011.06.22 22:41:33.489,0.95626,0.95663,1.50,1.50
2011.06.22 22:41:38.189,0.95635,0.95672,1.88,1.13
2011.06.22 22:41:38.298,0.95637,0.95672,1.50,1.13
2011.06.22 22:41:41.477,0.95636,0.95673,1.50,1.50
2011.06.22 22:41:42.568,0.95635,0.95669,1.50,1.50
2011.06.22 22:41:42.898,0.95633,0.95669,1.50,1.50
2011.06.22 22:42:08.278,0.95632,0.95667,1.35,1.50
2011.06.22 22:42:08.828,0.95632,0.95666,1.35,1.50
2011.06.22 22:42:11.998,0.95631,0.95662,1.50,1.50
2011.06.22 22:42:12.108,0.9563,0.95662,2.25,1.50
2011.06.22 22:42:12.559,0.95629,0.95655,1.50,1.50
2011.06.22 22:42:12.669,0.95623,0.95652,1.35,2.25
2011.06.22 22:42:12.779,0.95617,0.9565,3.23,1.50
2011.06.22 22:42:13.330,0.95616,0.9565,1.50,1.50
2011.06.22 22:42:13.658,0.95617,0.9565,1.50,1.50
2011.06.22 22:42:15.528,0.9561,0.95645,1.35,1.13
2011.06.22 22:42:15.638,0.9561,0.95643,1.35,1.50
2011.06.22 22:42:15.971,0.95604,0.95638,1.50,1.50
2011.06.22 22:42:16.409,0.95607,0.95643,2.25,2.10
2011.06.22 22:42:17.067,0.95607,0.95639,1.50,1.88
2011.06.22 22:42:17.187,0.956,0.95634,1.50,1.50
2011.06.22 22:42:17.407,0.95599,0.95633,2.10,1.50
2011.06.22 22:42:19.820,0.956,0.95634,1.50,1.50
2011.06.22 22:42:24.459,0.95599,0.95633,2.10,1.50
2011.06.22 22:42:25.759,0.95595,0.95625,1.50,1.50
2011.06.22 22:42:25.869,0.95595,0.95624,1.50,1.50
2011.06.22 22:42:26.198,0.95595,0.95622,1.50,1.50
2011.06.22 22:42:27.088,0.95593,0.95622,1.50,1.50
2011.06.22 22:42:27.197,0.95594,0.95622,1.50,1.50
2011.06.22 22:42:29.777,0.95594,0.95623,2.25,1.50
2011.06.22 22:42:29.998,0.95596,0.95623,1.50,1.50
2011.06.22 22:42:30.218,0.95595,0.95622,1.50,1.50
2011.06.22 22:42:34.049,0.95596,0.95622,1.13,1.50
2011.06.22 22:42:34.379,0.95603,0.95637,1.50,1.50
2011.06.22 22:42:34.488,0.95599,0.95635,1.50,1.50
2011.06.22 22:42:34.819,0.95602,0.95635,1.50,1.50
2011.06.22 22:42:35.480,0.95603,0.95639,1.50,1.50
2011.06.22 22:42:36.261,0.95603,0.95639,1.50,1.50
2011.06.22 22:42:36.478,0.95606,0.9564,1.50,1.50
2011.06.22 22:42:36.919,0.95605,0.95639,1.50,1.50
2011.06.22 22:42:37.030,0.95608,0.95644,1.50,2.10
2011.06.22 22:42:37.138,0.95608,0.95644,1.50,2.10
2011.06.22 22:42:37.468,0.95608,0.95646,1.50,2.25
2011.06.22 22:42:37.798,0.95609,0.95646,1.50,1.50
2011.06.22 22:42:37.908,0.95606,0.95638,1.50,1.50
2011.06.22 22:42:38.018,0.95604,0.95638,1.50,1.50
2011.06.22 22:42:38.127,0.95601,0.95638,1.50,1.50
2011.06.22 22:42:43.321,0.95601,0.95638,2.25,1.50
2011.06.22 22:42:43.429,0.95604,0.95642,1.50,1.50
2011.06.22 22:42:43.540,0.95604,0.95642,1.50,1.50
2011.06.22 22:42:45.848,0.95605,0.95641,1.50,1.50
2011.06.22 22:42:46.178,0.95603,0.95641,1.50,1.50
2011.06.22 22:42:46.290,0.956,0.95638,1.50,1.50
2011.06.22 22:42:46.508,0.956,0.95636,1.50,1.50
2011.06.22 22:42:47.168,0.95596,0.95636,1.50,1.50
2011.06.22 22:42:48.828,0.95596,0.95638,1.50,1.50
2011.06.22 22:42:49.158,0.95598,0.95638,1.50,1.50
2011.06.22 22:42:49.488,0.95595,0.95633,1.50,1.50
2011.06.22 22:42:50.257,0.95597,0.95633,1.50,1.50
2011.06.22 22:42:52.469,0.95593,0.95627,1.50,1.50
2011.06.22 22:42:56.370,0.95593,0.95627,1.50,1.50
2011.06.22 22:42:56.879,0.95594,0.95628,1.50,1.50
2011.06.22 22:42:57.648,0.95594,0.95628,1.50,1.50
2011.06.22 22:42:57.869,0.95596,0.95633,1.13,1.50
2011.06.22 22:42:58.088,0.95597,0.95633,1.50,1.50
2011.06.22 22:42:58.308,0.95596,0.95633,1.13,1.50
2011.06.22 22:42:58.638,0.95594,0.95629,1.13,1.50
2011.06.22 22:42:59.738,0.95593,0.95631,2.63,1.88
2011.06.22 22:42:59.958,0.95598,0.95634,1.88,1.50
2011.06.22 22:43:00.398,0.95601,0.95636,1.50,1.13
2011.06.22 22:43:00.618,0.95603,0.95637,1.50,1.50
2011.06.22 22:43:02.999,0.956,0.95636,1.50,1.88
2011.06.22 22:43:08.699,0.95601,0.95636,1.13,1.50
2011.06.22 22:43:09.029,0.95607,0.95643,2.85,1.50
2011.06.22 22:43:09.140,0.95607,0.95642,1.35,1.50
2011.06.22 22:43:09.248,0.95606,0.95642,2.10,1.50
2011.06.22 22:43:09.579,0.95603,0.95639,1.35,1.50
2011.06.22 22:43:10.268,0.95604,0.95639,1.35,1.50
2011.06.22 22:43:12.868,0.95603,0.95639,1.35,1.50
2011.06.22 22:43:13.198,0.95604,0.9564,1.35,1.50
2011.06.22 22:43:13.748,0.95607,0.95642,1.35,1.50
2011.06.22 22:43:16.278,0.95606,0.95642,2.48,1.50
2011.06.22 22:43:19.039,0.95598,0.95635,2.48,1.50
2011.06.22 22:43:21.158,0.95598,0.9563,2.10,1.13
2011.06.22 22:43:21.489,0.95593,0.95628,1.50,1.50
2011.06.22 22:43:22.037,0.95594,0.95628,1.50,1.50
2011.06.22 22:43:22.648,0.95594,0.95628,1.88,1.50
2011.06.22 22:43:22.868,0.95597,0.95634,1.50,1.50
2011.06.22 22:43:22.978,0.95597,0.95634,2.25,1.50
2011.06.22 22:43:27.011,0.95598,0.95634,1.50,1.50
2011.06.22 22:43:27.121,0.95599,0.95635,1.50,2.25
2011.06.22 22:43:27.339,0.95599,0.95635,1.50,1.50
2011.06.22 22:43:27.559,0.95601,0.95635,1.50,1.50
2011.06.22 22:43:28.218,0.95599,0.95635,1.50,1.50
2011.06.22 22:43:29.358,0.95598,0.95635,1.50,1.50
2011.06.22 22:43:30.808,0.95597,0.95633,1.35,1.50
2011.06.22 22:43:36.698,0.95594,0.9563,1.88,1.50
2011.06.22 22:43:36.809,0.95594,0.9563,1.50,1.50
2011.06.22 22:43:38.509,0.95596,0.9563,1.13,1.50
2011.06.22 22:43:39.059,0.95598,0.95633,1.50,1.35
2011.06.22 22:43:39.168,0.95598,0.95633,1.50,1.35
2011.06.22 22:43:41.038,0.95599,0.95634,1.13,1.50
2011.06.22 22:43:41.148,0.95603,0.95635,1.50,1.50
2011.06.22 22:43:42.619,0.95603,0.95637,1.50,1.50
2011.06.22 22:43:42.951,0.95598,0.95635,2.63,1.50
2011.06.22 22:43:43.501,0.95597,0.95629,1.50,1.50
2011.06.22 22:43:43.841,0.95592,0.95627,1.50,1.50
2011.06.22 22:43:43.949,0.95592,0.95627,1.50,1.50
2011.06.22 22:43:44.500,0.95593,0.95627,1.13,1.50
2011.06.22 22:43:44.610,0.95595,0.95627,1.73,1.50
2011.06.22 22:43:44.719,0.95598,0.95634,1.50,1.50
2011.06.22 22:43:44.829,0.95598,0.95634,1.50,1.50
2011.06.22 22:43:49.989,0.956,0.95634,1.13,1.50
2011.06.22 22:43:50.101,0.956,0.95634,1.13,1.50
2011.06.22 22:43:50.320,0.95603,0.9564,1.50,1.50
2011.06.22 22:43:50.541,0.95606,0.95641,2.48,1.50
2011.06.22 22:43:50.650,0.95607,0.95646,1.50,2.25
2011.06.22 22:43:50.980,0.95608,0.95646,1.50,1.50
2011.06.22 22:43:51.308,0.95609,0.95646,1.88,1.50
2011.06.22 22:43:53.088,0.95609,0.95646,1.88,1.50
2011.06.22 22:43:55.818,0.95609,0.95641,1.88,1.35
2011.06.22 22:43:55.929,0.95606,0.9564,2.63,1.35
2011.06.22 22:43:56.039,0.95598,0.95631,1.50,1.50
2011.06.22 22:43:56.520,0.95605,0.95631,1.35,1.50
2011.06.22 22:43:56.630,0.9561,0.95644,1.50,1.50
2011.06.22 22:43:57.068,0.9561,0.95649,1.50,1.50
2011.06.22 22:43:57.288,0.95613,0.95649,1.13,1.50
2011.06.22 22:43:57.509,0.95615,0.95651,1.13,1.35
2011.06.22 22:43:57.731,0.95617,0.95653,1.13,1.50
2011.06.22 22:43:58.279,0.95618,0.95654,1.88,1.50
2011.06.22 22:43:58.388,0.95618,0.9565,1.13,1.50
2011.06.22 22:43:58.608,0.95614,0.9565,1.35,1.50
2011.06.22 22:43:58.718,0.95614,0.9565,1.35,1.50
2011.06.22 22:43:59.048,0.95607,0.95644,1.13,1.50
2011.06.22 22:43:59.159,0.95605,0.95644,2.10,1.50
2011.06.22 22:43:59.268,0.95605,0.95641,1.35,1.50
2011.06.22 22:43:59.927,0.95605,0.95641,1.73,1.50
2011.06.22 22:44:00.039,0.95605,0.95641,2.10,1.50
2011.06.22 22:44:00.149,0.95606,0.95641,1.50,1.50
2011.06.22 22:44:00.479,0.95605,0.95642,1.35,1.50
2011.06.22 22:44:00.808,0.95606,0.95642,1.50,1.50
2011.06.22 22:44:02.129,0.95605,0.95642,1.35,1.50
2011.06.22 22:44:02.240,0.95605,0.95641,1.35,1.13
2011.06.22 22:44:02.882,0.95601,0.95638,1.88,1.50
2011.06.22 22:44:03.208,0.95605,0.95643,1.50,1.50
2011.06.22 22:44:03.798,0.95602,0.95637,1.50,1.50
2011.06.22 22:44:03.909,0.95603,0.95637,1.50,1.50
2011.06.22 22:44:05.428,0.95603,0.95637,1.88,1.50
2011.06.22 22:44:05.538,0.95605,0.95639,1.13,1.50
2011.06.22 22:44:05.870,0.95603,0.95639,1.50,1.50
2011.06.22 22:44:06.090,0.95605,0.95643,1.50,1.50
2011.06.22 22:44:06.418,0.95604,0.95641,2.25,1.50
2011.06.22 22:44:07.298,0.95605,0.95641,1.50,1.50
2011.06.22 22:44:07.977,0.95604,0.95641,1.50,1.50
2011.06.22 22:44:08.419,0.95607,0.95641,1.50,1.50
2011.06.22 22:44:08.969,0.95605,0.95641,1.50,1.50
2011.06.22 22:44:11.323,0.95603,0.95641,1.50,1.50
2011.06.22 22:44:14.330,0.95594,0.95628,1.88,1.50
2011.06.22 22:44:14.439,0.95594,0.95625,1.50,1.50
2011.06.22 22:44:14.879,0.95596,0.9563,1.50,1.50
2011.06.22 22:44:20.439,0.95597,0.9563,2.63,1.50
2011.06.22 22:44:20.802,0.95603,0.95631,2.25,1.50
2011.06.22 22:44:21.618,0.95603,0.95631,1.50,1.50
2011.06.22 22:44:21.729,0.95605,0.95631,1.50,1.50
2011.06.22 22:44:22.278,0.95605,0.95638,1.50,1.50
2011.06.22 22:44:23.570,0.95597,0.95633,5.48,1.50
2011.06.22 22:44:23.679,0.95597,0.95629,3.23,1.50
2011.06.22 22:44:25.700,0.95595,0.95627,1.50,1.35
2011.06.22 22:44:26.027,0.9559,0.95624,1.50,1.50
2011.06.22 22:44:26.358,0.95583,0.95619,1.50,1.50
2011.06.22 22:44:27.079,0.95587,0.95624,2.25,1.50
2011.06.22 22:44:27.189,0.95588,0.95627,1.50,2.48
2011.06.22 22:44:27.298,0.9559,0.95624,1.50,1.50
2011.06.22 22:44:27.739,0.9559,0.95627,2.25,2.10
2011.06.22 22:44:28.068,0.95593,0.95627,1.50,2.10
2011.06.22 22:44:33.636,0.95593,0.95627,1.50,1.50
2011.06.22 22:44:36.189,0.95596,0.95627,1.50,1.50
2011.06.22 22:44:36.849,0.95597,0.95631,1.50,1.50
2011.06.22 22:44:37.368,0.95597,0.95631,1.50,1.50
2011.06.22 22:44:37.588,0.95597,0.95631,1.50,1.50
2011.06.22 22:44:37.917,0.95597,0.95631,3.38,1.50
2011.06.22 22:44:38.357,0.95597,0.95631,1.50,1.50
2011.06.22 22:44:38.949,0.95597,0.95631,1.50,1.50
2011.06.22 22:44:39.169,0.95604,0.95633,1.13,1.50
2011.06.22 22:44:39.279,0.95605,0.95639,1.50,1.13
2011.06.22 22:44:39.390,0.95605,0.95642,1.50,1.50
2011.06.22 22:44:39.609,0.95606,0.95645,1.50,1.35
2011.06.22 22:44:39.719,0.95606,0.95647,1.50,1.35
2011.06.22 22:44:40.378,0.95607,0.95647,3.38,1.35
2011.06.22 22:44:40.599,0.95607,0.95647,3.38,1.35
2011.06.22 22:44:41.039,0.95605,0.95647,1.13,1.35
2011.06.22 22:44:41.368,0.95608,0.95654,1.35,1.35
2011.06.22 22:44:41.928,0.95598,0.95658,1.50,1.13
2011.06.22 22:44:42.478,0.956,0.95639,1.50,1.35
2011.06.22 22:44:43.277,0.956,0.95639,1.50,1.35
2011.06.22 22:44:44.247,0.956,0.95639,1.50,1.35
2011.06.22 22:44:45.438,0.95604,0.95636,1.50,1.13
2011.06.22 22:44:45.549,0.95601,0.95636,1.50,1.13
2011.06.22 22:44:45.878,0.95598,0.95636,1.50,1.13
2011.06.22 22:44:46.319,0.95602,0.95639,1.13,1.35
2011.06.22 22:44:46.539,0.95603,0.95646,1.73,1.50
2011.06.22 22:44:46.869,0.95607,0.95648,1.13,1.13
2011.06.22 22:44:46.978,0.95606,0.9565,1.35,1.35
2011.06.22 22:44:47.089,0.95606,0.9565,1.35,1.35
2011.06.22 22:44:47.857,0.95609,0.9565,1.13,1.35
2011.06.22 22:44:48.207,0.95611,0.9565,1.50,1.35
2011.06.22 22:44:50.129,0.95603,0.95646,1.13,1.13
2011.06.22 22:44:50.568,0.95595,0.95648,1.50,1.13
2011.06.22 22:44:51.131,0.95596,0.95646,1.13,1.13
2011.06.22 22:44:57.090,0.95597,0.95646,1.13,1.13
2011.06.22 22:44:57.419,0.95603,0.95653,1.88,2.63
2011.06.22 22:44:57.529,0.95603,0.95652,1.88,1.50
2011.06.22 22:44:57.858,0.95607,0.95651,1.50,1.50
2011.06.22 22:44:58.344,0.95611,0.9565,1.88,1.50
2011.06.22 22:45:00.308,0.95611,0.9565,2.63,1.50
2011.06.22 22:45:00.858,0.95611,0.9565,1.88,1.50
2011.06.22 22:45:01.188,0.95603,0.95655,2.25,1.88
2011.06.22 22:45:01.661,0.95608,0.9565,1.50,1.50
2011.06.22 22:45:01.989,0.95599,0.95633,1.13,1.50
2011.06.22 22:45:02.538,0.956,0.95635,1.50,1.50
2011.06.22 22:45:03.177,0.95601,0.95635,1.50,1.50
2011.06.22 22:45:06.129,0.956,0.95635,1.50,1.50
2011.06.22 22:45:06.689,0.95601,0.95635,1.50,1.50
2011.06.22 22:45:07.238,0.95601,0.95635,2.25,1.50
2011.06.22 22:45:08.068,0.95602,0.95635,1.50,1.50
2011.06.22 22:45:08.289,0.95601,0.95635,2.25,1.50
2011.06.22 22:45:08.766,0.95602,0.95635,1.35,1.50
2011.06.22 22:45:08.876,0.95611,0.95648,1.50,1.50
2011.06.22 22:45:09.098,0.95614,0.9565,1.13,2.10
2011.06.22 22:45:09.211,0.95615,0.9565,1.50,1.35
2011.06.22 22:45:09.429,0.95615,0.9565,1.50,1.35
2011.06.22 22:45:14.349,0.95612,0.95648,1.88,1.50
2011.06.22 22:45:14.567,0.95612,0.95648,1.88,1.50
2011.06.22 22:45:15.379,0.95607,0.95642,2.25,1.50
2011.06.22 22:45:15.598,0.95609,0.95642,1.13,1.50
2011.06.22 22:45:15.928,0.95607,0.95642,2.25,1.50
2011.06.22 22:45:16.259,0.95608,0.95642,1.50,1.50
2011.06.22 22:45:16.368,0.95607,0.95642,2.25,1.50
2011.06.22 22:45:18.250,0.95608,0.95642,1.50,1.50
2011.06.22 22:45:19.043,0.95608,0.95642,1.50,1.50
2011.06.22 22:45:19.268,0.95612,0.95645,1.13,1.50
2011.06.22 22:45:19.708,0.95612,0.95649,1.88,1.50
2011.06.22 22:45:19.928,0.95613,0.95649,2.25,1.50
2011.06.22 22:45:22.068,0.95613,0.95649,2.25,1.50
2011.06.22 22:45:23.388,0.95613,0.95649,1.50,1.50
2011.06.22 22:45:23.500,0.95613,0.95649,1.50,1.50
2011.06.22 22:45:23.608,0.95615,0.95649,1.50,1.50
2011.06.22 22:45:23.937,0.95614,0.95648,1.50,1.50
2011.06.22 22:45:25.258,0.95612,0.95648,2.25,1.50
2011.06.22 22:45:25.479,0.95612,0.95648,2.25,1.50
2011.06.22 22:45:25.698,0.95612,0.95648,2.25,1.50
2011.06.22 22:45:26.480,0.9561,0.95642,1.50,1.50
2011.06.22 22:45:28.480,0.9561,0.95642,1.50,1.50
2011.06.22 22:45:29.908,0.95606,0.95642,2.85,1.50
2011.06.22 22:45:30.350,0.95612,0.95642,1.50,1.50
2011.06.22 22:45:31.400,0.95613,0.95649,2.25,1.50
2011.06.22 22:45:31.728,0.95613,0.95649,1.50,1.50
2011.06.22 22:45:32.989,0.95617,0.95649,1.13,1.50
2011.06.22 22:45:33.428,0.95618,0.95655,1.50,1.88
2011.06.22 22:45:33.648,0.95619,0.95655,1.50,1.88
2011.06.22 22:45:33.868,0.95618,0.95655,1.50,1.88
2011.06.22 22:45:35.090,0.95619,0.95655,1.50,1.88
2011.06.22 22:45:35.529,0.95621,0.95655,1.50,1.50
2011.06.22 22:45:36.079,0.95621,0.95655,2.25,1.50
2011.06.22 22:45:37.068,0.95621,0.95655,2.25,1.50
2011.06.22 22:45:46.356,0.95621,0.95655,2.25,1.50
2011.06.22 22:45:48.607,0.95623,0.95655,1.50,1.50
2011.06.22 22:45:49.508,0.95625,0.95659,1.50,2.10
2011.06.22 22:45:49.618,0.95625,0.95659,1.50,2.10
2011.06.22 22:45:49.838,0.95625,0.95659,2.25,2.10
2011.06.22 22:45:50.498,0.95625,0.95658,1.50,1.50
2011.06.22 22:45:52.148,0.95625,0.95658,1.50,1.50
2011.06.22 22:45:52.568,0.95625,0.95658,1.50,1.50
2011.06.22 22:45:53.311,0.95625,0.95658,1.50,1.50
2011.06.22 22:45:53.528,0.95625,0.95658,1.50,1.50
2011.06.22 22:45:53.972,0.95625,0.95658,1.50,1.50
2011.06.22 22:45:56.118,0.95624,0.95658,1.50,1.50
2011.06.22 22:45:56.598,0.95623,0.95658,1.50,1.50
2011.06.22 22:45:56.709,0.95624,0.95658,1.50,1.50
2011.06.22 22:45:56.928,0.95623,0.95658,1.50,1.50
2011.06.22 22:45:58.428,0.95624,0.95658,1.50,1.50
2011.06.22 22:46:04.179,0.95629,0.95663,1.88,1.50
2011.06.22 22:46:04.619,0.95635,0.95669,1.50,1.35
2011.06.22 22:46:05.059,0.95635,0.95669,1.13,1.35
2011.06.22 22:46:07.429,0.95634,0.95669,1.50,1.73
2011.06.22 22:46:07.539,0.95631,0.95667,1.88,1.50
2011.06.22 22:46:07.648,0.95631,0.95667,1.88,1.50
2011.06.22 22:46:10.907,0.95631,0.95667,1.88,1.50
2011.06.22 22:46:11.239,0.95634,0.95668,1.50,1.50
2011.06.22 22:46:11.569,0.95632,0.95667,1.50,1.50
2011.06.22 22:46:18.239,0.9563,0.95667,2.63,1.50
2011.06.22 22:46:22.510,0.95631,0.95667,1.50,1.50
2011.06.22 22:46:26.710,0.95633,0.95667,1.50,1.50
2011.06.22 22:46:41.329,0.95629,0.95666,2.25,1.50
2011.06.22 22:46:42.881,0.95629,0.95655,1.50,1.50
2011.06.22 22:46:43.208,0.95624,0.95651,1.50,1.50
2011.06.22 22:46:43.318,0.95624,0.95651,1.50,1.50
2011.06.22 22:46:46.939,0.95623,0.95651,1.50,1.50
2011.06.22 22:46:47.048,0.95617,0.95653,1.50,1.50
2011.06.22 22:46:47.268,0.95617,0.95651,1.50,1.50
2011.06.22 22:46:47.819,0.95625,0.9566,2.25,1.13
2011.06.22 22:46:47.928,0.95625,0.95662,2.25,1.35
2011.06.22 22:46:48.479,0.95629,0.95664,1.50,1.50
2011.06.22 22:46:49.028,0.95628,0.95664,1.50,1.50
2011.06.22 22:46:51.639,0.95627,0.95663,1.50,1.50
2011.06.22 22:46:51.749,0.95626,0.95663,1.50,1.50
2011.06.22 22:46:51.967,0.95626,0.95663,1.50,1.50
2011.06.22 22:46:54.239,0.95626,0.95663,1.50,1.50
2011.06.22 22:46:54.569,0.95621,0.95657,1.50,1.50
2011.06.22 22:47:02.199,0.95621,0.95657,2.25,1.50
2011.06.22 22:47:08.020,0.95621,0.95657,1.50,1.50
2011.06.22 22:47:08.461,0.9562,0.95657,1.50,1.88
2011.06.22 22:47:09.009,0.9562,0.95656,1.50,1.50
2011.06.22 22:47:09.558,0.95621,0.95657,1.50,1.88
2011.06.22 22:47:13.088,0.9562,0.95656,1.50,1.13
2011.06.22 22:47:13.638,0.95618,0.95652,1.50,1.50
2011.06.22 22:47:14.448,0.95619,0.95649,1.50,1.88
2011.06.22 22:47:14.558,0.95613,0.95647,1.50,1.50
2011.06.22 22:47:15.709,0.95613,0.95647,1.50,1.50
2011.06.22 22:47:25.087,0.95613,0.95647,1.50,1.50
2011.06.22 22:47:27.496,0.95611,0.95647,2.63,1.50
2011.06.22 22:47:28.058,0.95607,0.9564,1.50,1.88
2011.06.22 22:47:29.488,0.95606,0.9564,3.38,1.50
2011.06.22 22:47:30.997,0.95606,0.9564,4.13,1.50
2011.06.22 22:47:31.217,0.95607,0.95641,1.50,2.10
2011.06.22 22:47:31.877,0.95607,0.95641,1.50,1.35
2011.06.22 22:47:32.517,0.95608,0.95641,1.50,1.35
2011.06.22 22:47:33.848,0.95608,0.95641,1.50,1.35
2011.06.22 22:47:34.191,0.95608,0.95641,1.50,1.35
2011.06.22 22:47:34.639,0.95606,0.95641,3.38,2.10
2011.06.22 22:47:35.429,0.95606,0.95641,3.38,2.10
2011.06.22 22:47:35.976,0.95606,0.95641,3.38,2.10
2011.06.22 22:47:36.527,0.9561,0.95641,1.50,2.10
2011.06.22 22:47:37.077,0.95606,0.95641,3.38,2.10
2011.06.22 22:47:37.408,0.95606,0.9564,3.38,1.50
2011.06.22 22:47:37.628,0.95606,0.95639,3.38,1.50
2011.06.22 22:47:38.069,0.95607,0.95641,1.50,2.10
2011.06.22 22:47:38.287,0.95612,0.95641,1.50,1.35
2011.06.22 22:47:38.727,0.95611,0.95641,1.50,1.35
2011.06.22 22:47:39.058,0.95611,0.95641,1.50,1.35
2011.06.22 22:47:39.808,0.95612,0.9564,1.50,1.50
2011.06.22 22:47:40.577,0.95606,0.95641,2.25,1.35
2011.06.22 22:47:41.787,0.95611,0.9564,1.50,1.50
2011.06.22 22:47:42.226,0.95606,0.9564,1.50,1.50
2011.06.22 22:47:45.807,0.95607,0.95638,1.50,1.50
2011.06.22 22:47:57.518,0.95602,0.95638,1.50,1.13
2011.06.22 22:47:57.628,0.95601,0.95636,1.50,1.50
2011.06.22 22:47:57.913,0.956,0.95636,1.88,1.50
2011.06.22 22:47:58.027,0.95602,0.95638,1.13,1.50
2011.06.22 22:47:58.247,0.956,0.95638,1.88,1.50
2011.06.22 22:47:58.357,0.95602,0.95638,1.50,1.50
2011.06.22 22:48:01.708,0.95602,0.95638,1.50,1.50
2011.06.22 22:48:02.037,0.95602,0.95638,1.50,1.50
2011.06.22 22:48:02.998,0.95602,0.95638,1.50,1.50
2011.06.22 22:48:05.503,0.95599,0.95633,1.50,1.50
2011.06.22 22:48:07.637,0.95599,0.95633,1.50,1.50
2011.06.22 22:48:09.778,0.95599,0.95633,1.50,1.50
2011.06.22 22:48:15.627,0.95599,0.95633,1.50,1.50
2011.06.22 22:48:15.957,0.95599,0.95633,1.50,1.50
2011.06.22 22:48:17.357,0.95599,0.95633,1.50,1.50
2011.06.22 22:48:18.977,0.95601,0.95636,1.88,1.50
2011.06.22 22:48:19.306,0.95603,0.95637,1.50,1.50
2011.06.22 22:48:23.291,0.95601,0.95637,1.13,1.50
2011.06.22 22:48:23.403,0.95602,0.95629,1.50,1.13
2011.06.22 22:48:23.958,0.95605,0.95641,1.50,2.10
2011.06.22 22:48:24.177,0.95605,0.95641,1.50,2.10
2011.06.22 22:48:24.736,0.95605,0.95641,1.50,2.10
2011.06.22 22:48:25.617,0.95597,0.95626,1.35,1.50
2011.06.22 22:48:25.730,0.95592,0.95622,1.50,1.50
2011.06.22 22:48:25.837,0.95592,0.95619,1.13,1.50
2011.06.22 22:48:25.947,0.95594,0.95619,1.13,1.50
2011.06.22 22:48:26.057,0.95597,0.95627,1.50,1.88
2011.06.22 22:48:26.167,0.95597,0.9563,1.50,1.50
2011.06.22 22:48:26.277,0.95597,0.95629,1.50,1.50
2011.06.22 22:48:26.607,0.95597,0.95633,2.25,1.50
2011.06.22 22:48:27.812,0.95597,0.95632,1.50,1.50
2011.06.22 22:48:28.476,0.95592,0.95621,1.50,1.50
2011.06.22 22:48:33.289,0.95587,0.95621,1.50,1.50
2011.06.22 22:48:34.966,0.95591,0.95622,1.50,1.88
2011.06.22 22:48:35.188,0.95592,0.95626,1.50,1.50
2011.06.22 22:48:39.049,0.95599,0.95625,1.50,1.35
2011.06.22 22:48:39.270,0.95599,0.95629,1.50,1.50
2011.06.22 22:48:39.489,0.956,0.95631,1.13,1.50
2011.06.22 22:48:39.599,0.95602,0.95638,1.50,1.50
2011.06.22 22:48:40.038,0.95602,0.95639,1.50,1.50
2011.06.22 22:48:40.367,0.95605,0.95644,1.50,2.10
2011.06.22 22:48:42.947,0.95605,0.95644,1.50,1.50
2011.06.22 22:48:43.709,0.95603,0.95641,2.25,1.50
2011.06.22 22:48:46.290,0.95603,0.95642,2.63,1.50
2011.06.22 22:48:46.948,0.95603,0.95642,1.50,1.50
2011.06.22 22:48:47.167,0.95592,0.95622,1.50,1.50
2011.06.22 22:48:47.607,0.95592,0.95622,1.50,1.50
2011.06.22 22:48:47.717,0.95594,0.95622,1.50,1.50
2011.06.22 22:48:47.828,0.95605,0.95633,1.50,2.48
2011.06.22 22:48:47.939,0.95605,0.95639,1.50,1.50
2011.06.22 22:48:48.927,0.95605,0.9564,1.50,1.50
2011.06.22 22:48:49.477,0.95605,0.95642,1.50,1.50
2011.06.22 22:48:49.808,0.95601,0.95637,2.25,1.50
2011.06.22 22:48:49.918,0.95601,0.95637,1.50,1.50
2011.06.22 22:48:51.568,0.95606,0.95637,1.50,1.50
2011.06.22 22:48:51.678,0.95602,0.95638,2.25,1.50
2011.06.22 22:48:52.304,0.95602,0.95643,1.50,1.50
2011.06.22 22:48:52.886,0.95602,0.95643,1.50,1.50
2011.06.22 22:48:53.754,0.95602,0.95643,1.50,1.50
2011.06.22 22:48:54.197,0.95607,0.95643,2.63,1.50
2011.06.22 22:48:58.168,0.9561,0.95637,1.50,1.50
2011.06.22 22:48:58.497,0.95612,0.95639,1.50,1.50
2011.06.22 22:48:58.718,0.95612,0.95643,1.50,1.50
2011.06.22 22:49:03.028,0.95611,0.95647,1.50,1.13
2011.06.22 22:49:05.337,0.95611,0.95646,1.50,1.13
2011.06.22 22:49:05.558,0.95607,0.95638,1.50,1.50
2011.06.22 22:49:05.777,0.95607,0.95638,1.50,2.25
2011.06.22 22:49:06.549,0.95601,0.95629,1.50,1.50
2011.06.22 22:49:07.097,0.95597,0.95629,1.50,1.50
2011.06.22 22:49:07.317,0.95597,0.95627,1.50,1.50
2011.06.22 22:49:08.937,0.95597,0.95627,1.50,1.88
2011.06.22 22:49:09.157,0.95596,0.95622,1.50,1.50
2011.06.22 22:49:09.488,0.95597,0.95625,1.50,1.50
2011.06.22 22:49:11.487,0.95593,0.95629,1.50,1.50
2011.06.22 22:49:15.519,0.95599,0.95632,1.50,1.50
2011.06.22 22:49:15.848,0.95596,0.95629,1.50,1.50
2011.06.22 22:49:24.048,0.95601,0.95634,1.50,1.50
2011.06.22 22:49:25.347,0.95605,0.95635,1.50,1.50
2011.06.22 22:49:25.567,0.95606,0.95638,1.50,1.50
2011.06.22 22:49:30.697,0.95606,0.95638,1.50,1.50
2011.06.22 22:49:31.249,0.95602,0.95638,2.25,1.50
2011.06.22 22:49:33.617,0.95602,0.95638,2.25,1.50
2011.06.22 22:49:35.559,0.95606,0.95638,1.50,1.50
2011.06.22 22:49:35.889,0.95609,0.95642,1.50,1.50
2011.06.22 22:49:38.088,0.95611,0.95643,1.50,1.50
2011.06.22 22:49:38.416,0.95609,0.95643,1.50,1.50
2011.06.22 22:49:38.528,0.95609,0.95635,1.50,1.35
2011.06.22 22:49:38.857,0.95596,0.95623,1.50,1.50
2011.06.22 22:49:40.218,0.95599,0.95633,1.50,2.63
2011.06.22 22:49:40.327,0.95602,0.95633,1.50,2.63
2011.06.22 22:49:40.548,0.95606,0.95638,1.50,1.50
2011.06.22 22:49:40.659,0.95609,0.95643,1.50,1.50
2011.06.22 22:49:41.761,0.95606,0.95623,1.88,1.50
2011.06.22 22:49:41.870,0.95597,0.95623,2.25,1.50
2011.06.22 22:49:41.988,0.95597,0.95626,3.00,1.50
2011.06.22 22:49:42.757,0.95598,0.95628,1.35,1.50
2011.06.22 22:49:42.980,0.95601,0.95634,1.50,1.50
2011.06.22 22:49:43.198,0.95603,0.95639,1.50,1.50
2011.06.22 22:49:43.638,0.95608,0.95642,1.50,2.10
2011.06.22 22:49:45.738,0.95611,0.95642,1.50,1.35
2011.06.22 22:49:46.418,0.95611,0.95642,1.50,1.35
2011.06.22 22:49:46.747,0.95608,0.95642,1.50,1.35
2011.06.22 22:49:46.859,0.95608,0.95642,1.50,1.35
2011.06.22 22:49:47.929,0.95615,0.95644,1.50,1.50
2011.06.22 22:49:48.259,0.95611,0.95646,1.50,1.50
2011.06.22 22:49:50.149,0.95603,0.95636,1.13,1.88
2011.06.22 22:49:50.478,0.956,0.95631,1.50,1.13
2011.06.22 22:49:50.589,0.95597,0.95626,1.50,1.50
2011.06.22 22:49:50.917,0.95597,0.95626,1.50,1.50
2011.06.22 22:49:51.389,0.95596,0.95626,1.50,1.50
2011.06.22 22:49:51.848,0.95592,0.95624,2.25,1.50
2011.06.22 22:49:53.357,0.95596,0.95625,1.13,2.25
2011.06.22 22:49:53.578,0.95597,0.95633,1.50,1.50
2011.06.22 22:49:54.349,0.95599,0.95634,1.50,1.35
2011.06.22 22:49:54.572,0.95595,0.95621,2.25,1.50
2011.06.22 22:49:56.278,0.95596,0.9562,1.50,1.13
2011.06.22 22:49:56.499,0.95587,0.9562,2.63,2.25
2011.06.22 22:49:56.718,0.95587,0.95618,2.63,1.13
2011.06.22 22:49:56.937,0.95582,0.95617,2.25,2.25
2011.06.22 22:49:59.638,0.95583,0.95609,1.50,1.50
2011.06.22 22:49:59.856,0.95582,0.95609,1.50,1.50
2011.06.22 22:50:00.407,0.95581,0.9561,1.50,2.25
2011.06.22 22:50:00.958,0.95586,0.9561,1.50,2.25
2011.06.22 22:50:01.290,0.95587,0.95622,3.75,1.50
2011.06.22 22:50:01.617,0.95588,0.95624,2.10,1.50
2011.06.22 22:50:01.729,0.95592,0.95632,1.50,2.10
2011.06.22 22:50:01.949,0.95596,0.95632,1.50,1.35
2011.06.22 22:50:02.278,0.95597,0.95632,1.50,1.35
2011.06.22 22:50:02.497,0.95597,0.95632,1.50,1.35
2011.06.22 22:50:03.047,0.95598,0.95632,1.50,1.35
2011.06.22 22:50:03.378,0.95591,0.95612,1.50,1.50
2011.06.22 22:50:03.489,0.9559,0.95624,1.50,1.50
2011.06.22 22:50:03.598,0.95591,0.95625,1.50,1.50
2011.06.22 22:50:03.707,0.95592,0.95627,2.25,1.50
2011.06.22 22:50:03.928,0.95597,0.95631,2.25,1.50
2011.06.22 22:50:04.148,0.95599,0.95634,1.50,1.50
2011.06.22 22:50:04.367,0.956,0.95636,1.50,1.50
2011.06.22 22:50:05.319,0.95601,0.95636,1.50,1.50
2011.06.22 22:50:06.198,0.95593,0.95616,3.00,1.50
2011.06.22 22:50:06.308,0.9559,0.95615,1.13,1.50
2011.06.22 22:50:06.527,0.95582,0.95615,1.50,1.50
2011.06.22 22:50:09.137,0.95582,0.95616,1.50,1.50
2011.06.22 22:50:09.248,0.95591,0.95625,1.50,2.10
2011.06.22 22:50:09.359,0.95591,0.95625,2.25,1.35
2011.06.22 22:50:09.578,0.95591,0.95625,1.50,1.50
2011.06.22 22:50:09.799,0.95597,0.9563,2.63,1.50
2011.06.22 22:50:10.128,0.95597,0.95634,2.25,1.35
2011.06.22 22:50:10.348,0.95599,0.95635,1.50,2.10
2011.06.22 22:50:14.228,0.95601,0.95634,1.50,1.35
2011.06.22 22:50:14.557,0.9559,0.95616,1.50,1.50
2011.06.22 22:50:15.190,0.95599,0.95625,1.50,1.35
2011.06.22 22:50:15.301,0.956,0.95636,1.50,1.50
2011.06.22 22:50:15.408,0.956,0.95637,1.50,1.50
2011.06.22 22:50:15.629,0.95606,0.95642,1.50,1.35
2011.06.22 22:50:15.847,0.95607,0.95642,1.50,1.35
2011.06.22 22:50:18.788,0.95607,0.9564,2.25,1.35
2011.06.22 22:50:21.737,0.95604,0.9564,1.50,2.85
2011.06.22 22:50:22.727,0.95607,0.9564,1.50,2.85
2011.06.22 22:50:24.627,0.95607,0.9564,3.38,1.35
2011.06.22 22:50:25.068,0.95602,0.95638,1.50,1.50
2011.06.22 22:50:25.177,0.95602,0.95638,1.50,1.50
2011.06.22 22:50:25.397,0.95602,0.95635,1.50,1.50
2011.06.22 22:50:27.608,0.95602,0.95635,1.50,1.50
2011.06.22 22:50:27.939,0.95597,0.95631,1.88,2.25
2011.06.22 22:50:28.444,0.95596,0.95631,1.50,1.50
2011.06.22 22:50:28.777,0.95596,0.95631,3.38,1.50
2011.06.22 22:50:29.657,0.95596,0.95633,1.50,2.25
2011.06.22 22:50:29.878,0.95596,0.95631,3.38,1.50
2011.06.22 22:50:30.097,0.95596,0.9563,3.38,2.25
2011.06.22 22:50:32.621,0.95597,0.9563,1.50,2.25
2011.06.22 22:50:32.848,0.95597,0.95632,1.50,1.50
2011.06.22 22:50:33.287,0.95596,0.95629,2.63,2.25
2011.06.22 22:50:33.508,0.95597,0.95633,1.50,2.25
2011.06.22 22:50:33.618,0.95601,0.95633,1.50,2.25
2011.06.22 22:50:33.727,0.95601,0.95633,1.50,1.50
2011.06.22 22:50:35.258,0.95597,0.95631,1.50,1.35
2011.06.22 22:50:35.369,0.95588,0.95614,4.13,1.50
2011.06.22 22:50:35.918,0.95592,0.95615,1.50,1.50
2011.06.22 22:50:36.249,0.95595,0.95631,1.50,1.50
2011.06.22 22:50:36.468,0.95597,0.95632,1.50,1.50
2011.06.22 22:50:37.017,0.95597,0.95632,1.50,1.50
2011.06.22 22:50:37.662,0.95592,0.95627,1.50,1.50
2011.06.22 22:50:37.778,0.95592,0.95628,2.25,1.50
2011.06.22 22:50:38.438,0.95597,0.95629,1.50,1.50
2011.06.22 22:50:38.877,0.95597,0.95631,1.50,1.35
2011.06.22 22:50:39.427,0.95597,0.95631,1.50,1.35
2011.06.22 22:50:39.887,0.95596,0.95631,3.38,2.10
2011.06.22 22:50:48.197,0.95596,0.95627,3.38,1.50
2011.06.22 22:50:48.747,0.95596,0.95628,3.38,1.50
2011.06.22 22:50:52.820,0.95592,0.95628,1.50,1.50
2011.06.22 22:50:53.038,0.95592,0.95627,1.50,1.50
2011.06.22 22:50:59.758,0.95591,0.95627,1.50,1.50
2011.06.22 22:51:00.308,0.9559,0.95625,1.50,1.50
2011.06.22 22:51:00.418,0.9559,0.95625,1.50,1.50
2011.06.22 22:51:11.430,0.95589,0.95625,1.50,1.50
2011.06.22 22:51:12.418,0.9559,0.95626,1.50,1.50
2011.06.22 22:51:20.527,0.95591,0.95627,1.50,1.50
2011.06.22 22:51:21.187,0.95592,0.95625,1.50,1.50
2011.06.22 22:51:21.517,0.95587,0.95622,1.50,1.50
2011.06.22 22:51:21.957,0.95587,0.95623,1.50,2.85
2011.06.22 22:51:22.727,0.95587,0.95623,1.50,2.10
2011.06.22 22:51:23.278,0.95587,0.95623,2.25,2.10
2011.06.22 22:51:23.608,0.95587,0.95618,2.25,1.13
2011.06.22 22:51:24.158,0.95586,0.95618,1.50,2.63
2011.06.22 22:51:29.778,0.95586,0.95617,1.50,1.50
2011.06.22 22:51:41.647,0.95583,0.95619,1.50,1.50
2011.06.22 22:51:41.867,0.95583,0.95619,1.50,1.50
2011.06.22 22:51:42.420,0.95583,0.95617,1.50,1.13
2011.06.22 22:51:42.747,0.95582,0.95613,1.50,1.50
2011.06.22 22:51:55.917,0.95579,0.95615,2.10,1.50
2011.06.22 22:51:56.028,0.9558,0.95615,1.50,1.50
2011.06.22 22:51:58.889,0.9558,0.95615,1.50,1.50
2011.06.22 22:52:14.243,0.95585,0.95622,1.50,1.88
2011.06.22 22:52:16.068,0.95587,0.95622,1.50,1.88
2011.06.22 22:52:17.188,0.95585,0.95622,1.50,2.63
2011.06.22 22:52:22.797,0.95586,0.95622,1.50,1.88
2011.06.22 22:52:26.261,0.95586,0.95621,1.50,1.50
2011.06.22 22:52:36.168,0.95586,0.95621,1.50,1.50
2011.06.22 22:52:36.717,0.95587,0.95621,1.50,1.50
2011.06.22 22:52:50.907,0.95584,0.95621,1.50,1.50
2011.06.22 22:52:51.017,0.95584,0.95621,1.50,1.50
2011.06.22 22:52:58.687,0.95584,0.95621,1.50,1.50
2011.06.22 22:53:01.247,0.95586,0.95622,2.25,1.50
2011.06.22 22:53:30.639,0.95593,0.95631,1.50,1.50
2011.06.22 22:53:32.578,0.95593,0.95631,1.50,1.50
2011.06.22 22:53:33.198,0.95599,0.95635,1.50,1.35
2011.06.22 22:53:37.568,0.95599,0.95634,1.50,1.13
2011.06.22 22:53:37.898,0.95592,0.95628,1.50,1.50
2011.06.22 22:53:42.817,0.95592,0.95628,1.50,1.50
2011.06.22 22:53:43.472,0.95589,0.95625,2.10,1.50
2011.06.22 22:53:43.698,0.95591,0.95628,1.50,1.50
2011.06.22 22:53:43.919,0.95591,0.95627,1.50,1.50
2011.06.22 22:53:44.249,0.95589,0.95623,1.35,1.88
2011.06.22 22:53:44.361,0.95589,0.95623,1.35,3.00
2011.06.22 22:53:45.049,0.95589,0.95622,1.35,1.88
2011.06.22 22:53:45.599,0.95591,0.95629,2.25,1.50
2011.06.22 22:53:45.709,0.95591,0.95627,2.25,1.13
2011.06.22 22:53:46.039,0.95589,0.95622,1.35,1.50
2011.06.22 22:54:08.512,0.95586,0.95623,1.35,3.38
2011.06.22 22:54:09.408,0.95589,0.95623,1.35,1.88
2011.06.22 22:54:09.957,0.95587,0.95623,1.35,3.38
2011.06.22 22:54:10.067,0.95585,0.95623,1.50,3.38
2011.06.22 22:54:26.338,0.95583,0.95622,1.13,1.50
2011.06.22 22:54:26.559,0.95584,0.95622,1.13,1.88
2011.06.22 22:54:26.779,0.95587,0.95623,1.50,2.25
2011.06.22 22:54:27.327,0.95587,0.95623,1.88,1.88
2011.06.22 22:54:35.869,0.95587,0.95625,1.88,1.88
2011.06.22 22:54:43.248,0.95588,0.95625,1.13,1.50
2011.06.22 22:54:43.576,0.9559,0.95627,1.50,1.35
2011.06.22 22:54:48.197,0.9559,0.95628,1.50,2.10
2011.06.22 22:54:48.748,0.95591,0.95628,1.13,1.50
2011.06.22 22:54:49.077,0.95591,0.95629,1.88,1.88
2011.06.22 22:54:55.507,0.95591,0.95627,1.50,1.13
2011.06.22 22:54:55.617,0.9559,0.95626,1.35,1.88
2011.06.22 22:54:56.057,0.9559,0.9563,2.48,1.88
2011.06.22 22:55:07.557,0.95592,0.9563,1.50,1.50
2011.06.22 22:55:07.667,0.95604,0.95635,1.50,1.13
2011.06.22 22:55:07.888,0.95592,0.9563,1.50,1.88
2011.06.22 22:55:08.470,0.9559,0.9563,2.48,1.88
2011.06.22 22:55:13.377,0.9559,0.95628,1.73,1.50
2011.06.22 22:55:13.489,0.95586,0.95615,1.13,1.50
2011.06.22 22:55:13.707,0.95586,0.95616,2.10,1.50
2011.06.22 22:55:14.147,0.95592,0.95629,1.50,1.13
2011.06.22 22:55:15.518,0.95592,0.95629,1.50,1.13
2011.06.22 22:55:15.957,0.95591,0.95628,1.50,1.13
2011.06.22 22:55:16.177,0.95592,0.95629,1.13,1.50
2011.06.22 22:55:16.728,0.95588,0.95625,1.13,1.13
2011.06.22 22:55:16.837,0.95588,0.95625,1.13,1.88
2011.06.22 22:55:17.386,0.95589,0.95625,1.50,1.50
2011.06.22 22:55:19.327,0.95587,0.95624,2.10,1.13
2011.06.22 22:55:20.117,0.95587,0.95625,2.48,1.13
2011.06.22 22:55:25.757,0.95592,0.95628,1.50,1.13
2011.06.22 22:55:25.867,0.95592,0.9563,1.88,1.50
2011.06.22 22:55:26.416,0.95591,0.95629,1.88,1.88
2011.06.22 22:55:28.339,0.95591,0.95622,1.50,1.13
2011.06.22 22:55:28.447,0.95583,0.95615,1.50,1.50
2011.06.22 22:55:28.667,0.95582,0.95616,1.50,1.50
2011.06.22 22:55:32.917,0.95581,0.95616,2.25,1.50
2011.06.22 22:55:33.686,0.95584,0.95616,1.50,1.50
2011.06.22 22:55:34.830,0.95587,0.95616,1.50,1.50
2011.06.22 22:55:35.957,0.95585,0.95615,1.50,1.50
2011.06.22 22:55:36.627,0.95583,0.95616,1.50,1.88
2011.06.22 22:55:36.958,0.95576,0.95611,2.25,1.13
2011.06.22 22:55:37.287,0.95576,0.95604,2.25,1.50
2011.06.22 22:55:38.258,0.95577,0.95614,1.88,1.35
2011.06.22 22:55:38.807,0.9558,0.95614,1.50,1.35
2011.06.22 22:55:40.177,0.9558,0.9561,1.50,1.50
2011.06.22 22:55:40.957,0.95581,0.95611,1.50,1.50
2011.06.22 22:55:43.587,0.95578,0.95609,1.50,1.50
2011.06.22 22:55:43.916,0.95578,0.95608,1.50,1.50
2011.06.22 22:55:44.248,0.95585,0.95617,1.13,1.13
2011.06.22 22:55:44.468,0.95587,0.95625,1.50,1.50
2011.06.22 22:55:44.578,0.95587,0.95624,1.50,1.50
2011.06.22 22:55:44.688,0.95589,0.95626,1.13,2.10
2011.06.22 22:55:45.570,0.9559,0.95628,1.50,1.35
2011.06.22 22:55:45.788,0.95588,0.95626,1.50,2.10
2011.06.22 22:55:47.207,0.95589,0.95626,1.50,2.10
2011.06.22 22:55:47.888,0.95582,0.9561,2.10,1.50
2011.06.22 22:55:48.437,0.9558,0.9561,2.25,1.50
2011.06.22 22:55:48.976,0.95581,0.9561,1.50,1.50
2011.06.22 22:55:50.138,0.95582,0.9561,1.50,1.50
2011.06.22 22:55:50.747,0.95579,0.9561,1.50,1.50
2011.06.22 22:55:51.437,0.95579,0.9561,1.50,1.50
2011.06.22 22:55:52.317,0.95579,0.9561,1.50,1.50
2011.06.22 22:55:55.198,0.95579,0.9561,1.50,1.50
2011.06.22 22:55:56.617,0.95582,0.95611,1.50,1.50
2011.06.22 22:55:57.926,0.95581,0.95611,1.50,1.50
2011.06.22 22:55:58.859,0.9558,0.95611,1.50,1.50
2011.06.22 22:56:00.179,0.9558,0.95611,1.50,1.50
2011.06.22 22:56:01.207,0.9558,0.95611,1.50,1.50
2011.06.22 22:56:02.917,0.95582,0.9561,1.50,1.50
2011.06.22 22:56:06.927,0.95579,0.95607,1.50,1.50
2011.06.22 22:56:07.977,0.9558,0.9561,1.50,1.50
2011.06.22 22:56:10.577,0.95583,0.95612,1.50,1.50
2011.06.22 22:56:16.399,0.95583,0.95617,1.50,1.73
2011.06.22 22:56:16.978,0.95583,0.95617,1.50,1.35
2011.06.22 22:56:30.847,0.95583,0.95617,1.50,1.35
2011.06.22 22:56:33.408,0.95586,0.95617,1.50,1.35
2011.06.22 22:56:33.957,0.95589,0.95618,1.50,1.50
2011.06.22 22:56:34.618,0.95589,0.95619,1.50,1.50
2011.06.22 22:56:35.820,0.95588,0.95618,1.50,1.50
2011.06.22 22:56:37.720,0.95593,0.95623,1.50,1.50
2011.06.22 22:56:37.938,0.95597,0.95626,1.50,1.35
2011.06.22 22:56:38.157,0.95597,0.95626,1.50,2.10
2011.06.22 22:56:38.378,0.9559,0.95626,1.13,1.35
2011.06.22 22:56:40.788,0.95588,0.95625,1.50,1.13
2011.06.22 22:56:40.898,0.95588,0.95626,1.50,1.73
2011.06.22 22:56:41.807,0.95587,0.95625,1.50,1.50
2011.06.22 22:56:42.247,0.95593,0.95621,1.50,1.50
2011.06.22 22:56:42.687,0.9559,0.9562,1.50,1.50
2011.06.22 22:56:43.127,0.9559,0.9562,1.50,1.50
2011.06.22 22:56:43.238,0.95595,0.95627,1.13,1.50
2011.06.22 22:56:43.348,0.95595,0.9563,1.13,1.50
2011.06.22 22:56:44.007,0.95595,0.95633,1.88,1.13
2011.06.22 22:56:44.227,0.95597,0.95633,1.50,1.13
2011.06.22 22:56:44.777,0.95597,0.95635,1.50,1.73
2011.06.22 22:56:46.818,0.95592,0.95631,1.50,1.13
2011.06.22 22:56:46.927,0.95592,0.95629,1.50,1.13
2011.06.22 22:56:47.587,0.95598,0.95634,1.50,2.48
2011.06.22 22:56:47.697,0.95598,0.95634,1.50,1.73
2011.06.22 22:56:48.297,0.95598,0.95634,1.50,1.35
2011.06.22 22:56:48.848,0.95599,0.95637,1.50,1.73
2011.06.22 22:56:49.727,0.95599,0.95637,1.88,1.73
2011.06.22 22:56:49.838,0.95599,0.95637,1.88,1.73
2011.06.22 22:56:50.277,0.95597,0.95635,1.50,1.73
2011.06.22 22:56:50.717,0.95599,0.95635,1.50,1.73
2011.06.22 22:56:50.938,0.95601,0.9564,1.50,1.13
2011.06.22 22:56:51.047,0.95603,0.9564,1.50,1.13
2011.06.22 22:56:51.634,0.95602,0.9564,1.50,1.13
2011.06.22 22:56:52.284,0.956,0.95638,1.88,1.50
2011.06.22 22:56:53.189,0.95598,0.95636,1.50,2.48
2011.06.22 22:56:54.308,0.95594,0.95632,1.50,1.50
2011.06.22 22:56:55.398,0.95591,0.9563,1.13,1.50
2011.06.22 22:56:56.169,0.9559,0.95627,1.50,1.35
2011.06.22 22:56:56.280,0.95579,0.95617,1.50,1.50
2011.06.22 22:56:59.033,0.95594,0.9562,1.50,1.50
2011.06.22 22:56:59.258,0.95583,0.95614,1.50,1.50
2011.06.22 22:56:59.479,0.95596,0.95616,1.35,1.50
2011.06.22 22:56:59.698,0.95601,0.95635,1.50,1.50
2011.06.22 22:56:59.919,0.95605,0.9564,1.50,1.35
2011.06.22 22:57:00.138,0.95608,0.95641,1.50,1.35
2011.06.22 22:57:00.359,0.95598,0.95623,1.50,1.50
2011.06.22 22:57:00.908,0.95598,0.95623,1.50,1.50
2011.06.22 22:57:04.667,0.95595,0.95622,1.50,1.50
2011.06.22 22:57:07.047,0.95595,0.95621,1.50,1.50
2011.06.22 22:57:07.488,0.95594,0.95622,1.50,1.50
2011.06.22 22:57:09.520,0.95598,0.95622,1.50,1.50
2011.06.22 22:57:11.950,0.95588,0.95622,1.35,2.25
2011.06.22 22:57:12.058,0.95588,0.9562,1.35,1.50
2011.06.22 22:57:12.829,0.95592,0.95622,1.50,1.50
2011.06.22 22:57:12.939,0.95595,0.95629,1.50,1.50
2011.06.22 22:57:13.159,0.95596,0.95632,1.50,1.50
2011.06.22 22:57:13.487,0.95598,0.95632,1.50,1.50
2011.06.22 22:57:14.230,0.95597,0.95631,1.50,1.50
2011.06.22 22:57:15.198,0.95598,0.95633,1.50,2.10
2011.06.22 22:57:15.977,0.95598,0.95633,1.50,2.10
2011.06.22 22:57:16.308,0.95598,0.95633,1.50,2.10
2011.06.22 22:57:16.968,0.95594,0.95628,1.50,1.50
2011.06.22 22:57:17.078,0.95591,0.95627,2.25,1.50
2011.06.22 22:57:17.297,0.95591,0.95627,1.50,1.50
2011.06.22 22:57:19.407,0.9559,0.95626,1.50,1.50
2011.06.22 22:57:24.919,0.95589,0.95625,1.50,1.50
2011.06.22 22:57:27.127,0.9559,0.95627,1.50,1.50
2011.06.22 22:57:27.238,0.9559,0.95626,1.50,1.50
2011.06.22 22:57:35.428,0.95591,0.95627,1.50,1.50
2011.06.22 22:57:35.648,0.95596,0.95632,1.50,1.50
2011.06.22 22:57:35.757,0.95596,0.95632,1.50,1.50
2011.06.22 22:57:35.977,0.95596,0.95632,1.50,1.50
2011.06.22 22:57:39.357,0.95597,0.95631,1.50,1.50
2011.06.22 22:57:39.808,0.95597,0.95631,1.50,1.50
2011.06.22 22:57:40.342,0.95596,0.95632,1.50,1.50
2011.06.22 22:57:43.098,0.95596,0.95632,1.50,1.50
2011.06.22 22:57:43.538,0.95592,0.95628,1.50,1.88
2011.06.22 22:57:44.129,0.95592,0.95628,1.50,1.88
2011.06.22 22:57:46.948,0.95596,0.95632,1.50,1.50
2011.06.22 22:57:47.057,0.95596,0.95632,1.50,1.50
2011.06.22 22:57:47.787,0.95596,0.95632,1.50,1.50
2011.06.22 22:57:47.898,0.95596,0.95632,1.50,1.50
2011.06.22 22:57:48.228,0.95593,0.95627,1.50,1.50
2011.06.22 22:57:58.198,0.95591,0.95624,1.50,1.88
2011.06.22 22:57:58.307,0.95591,0.95622,1.50,1.50
2011.06.22 22:57:58.858,0.95587,0.95622,2.10,1.50
2011.06.22 22:58:01.787,0.95587,0.95622,1.35,1.50
2011.06.22 22:58:02.228,0.95587,0.95622,1.35,1.50
2011.06.22 22:58:02.338,0.95587,0.95622,1.35,1.50
2011.06.22 22:58:02.667,0.95587,0.9562,1.35,1.50
2011.06.22 22:58:06.138,0.95589,0.95623,1.50,4.50
2011.06.22 22:58:06.249,0.95589,0.95623,1.50,4.50
2011.06.22 22:58:10.968,0.95587,0.9562,2.63,1.50
2011.06.22 22:58:17.148,0.95586,0.9562,2.25,1.50
2011.06.22 22:58:18.648,0.95586,0.9562,2.25,1.50
2011.06.22 22:58:19.308,0.95584,0.9562,1.50,1.50
2011.06.22 22:58:19.898,0.9558,0.95617,2.10,2.25
2011.06.22 22:58:20.008,0.9558,0.95617,2.10,1.50
2011.06.22 22:58:20.237,0.9558,0.95616,2.10,1.50
2011.06.22 22:58:23.117,0.95584,0.95621,1.50,1.88
2011.06.22 22:58:23.339,0.95586,0.9562,1.50,1.50
2011.06.22 22:58:23.667,0.95587,0.95623,1.50,1.50
2011.06.22 22:58:24.777,0.95587,0.95623,1.50,1.50
2011.06.22 22:58:25.327,0.95587,0.95623,1.50,1.50
2011.06.22 22:58:30.908,0.95586,0.9562,2.25,1.50
2011.06.22 22:58:32.008,0.95586,0.9562,3.00,1.50
2011.06.22 22:58:35.117,0.95588,0.95622,1.50,1.50
2011.06.22 22:58:41.259,0.95586,0.9562,1.50,1.50
2011.06.22 22:58:41.891,0.9558,0.95614,1.35,1.50
2011.06.22 22:58:42.438,0.9558,0.95611,1.35,1.50
2011.06.22 22:58:42.768,0.95574,0.9561,1.88,1.50
2011.06.22 22:58:43.098,0.95573,0.95605,1.50,1.50
2011.06.22 22:58:43.207,0.95573,0.95604,1.50,1.50
2011.06.22 22:58:43.538,0.95575,0.95611,1.50,1.50
2011.06.22 22:58:44.250,0.95577,0.95612,1.50,1.50
2011.06.22 22:58:44.798,0.95583,0.95614,1.50,2.63
2011.06.22 22:58:44.907,0.95583,0.95614,1.50,2.63
2011.06.22 22:59:07.408,0.95583,0.95613,1.50,1.13
2011.06.22 22:59:07.519,0.95576,0.95611,3.38,1.50
2011.06.22 22:59:07.628,0.95576,0.9561,3.38,1.50
2011.06.22 22:59:08.177,0.95576,0.9561,1.50,1.50
2011.06.22 22:59:09.668,0.95576,0.95608,1.50,1.13
2011.06.22 22:59:09.777,0.95574,0.95604,1.50,1.50
2011.06.22 22:59:10.218,0.95574,0.95612,1.50,1.88
2011.06.22 22:59:10.327,0.95574,0.9561,1.50,1.50
2011.06.22 22:59:11.581,0.95574,0.9561,1.50,1.50
2011.06.22 22:59:17.508,0.95577,0.95612,1.13,1.50
2011.06.22 22:59:17.619,0.95581,0.95613,1.50,1.88
2011.06.22 22:59:17.837,0.95581,0.95613,1.50,2.63
2011.06.22 22:59:29.928,0.95581,0.95613,1.50,1.13
2011.06.22 22:59:30.258,0.95581,0.95615,1.50,1.50
2011.06.22 22:59:30.367,0.95581,0.95615,1.50,1.50
2011.06.22 22:59:37.468,0.95579,0.95615,1.13,2.25
2011.06.22 22:59:37.908,0.9558,0.95608,1.50,1.50
2011.06.22 22:59:38.020,0.95583,0.95609,1.13,2.25
2011.06.22 22:59:38.348,0.95582,0.95614,1.35,1.13
2011.06.22 22:59:38.569,0.95577,0.95613,1.50,1.88
2011.06.22 22:59:44.138,0.95581,0.95613,1.50,1.88
2011.06.22 22:59:47.378,0.95577,0.95611,1.50,1.13
2011.06.22 22:59:47.599,0.95577,0.95607,1.50,1.13
2011.06.22 22:59:48.545,0.95587,0.95613,1.50,1.50
2011.06.22 22:59:48.660,0.95587,0.95614,1.50,2.25
2011.06.22 22:59:49.212,0.95587,0.95614,3.38,1.50
2011.06.22 22:59:49.891,0.95587,0.95614,3.38,2.25
2011.06.22 22:59:51.208,0.95587,0.95612,2.63,1.13
2011.06.22 22:59:51.538,0.95577,0.95604,1.50,1.88
2011.06.22 22:59:51.647,0.95577,0.95604,1.50,1.88
2011.06.22 22:59:51.759,0.95577,0.95603,1.50,2.63
2011.06.22 22:59:51.977,0.95576,0.95604,1.50,1.88
2011.06.22 22:59:57.718,0.95576,0.95603,1.50,1.13
2011.06.22 22:59:57.828,0.95576,0.95602,1.50,1.13
2011.06.22 22:59:58.378,0.95577,0.95604,1.50,1.50
2011.06.22 22:59:58.488,0.95577,0.95607,1.50,2.63
2011.06.22 22:59:58.837,0.95577,0.95604,1.50,1.50
