2013.02.14 15:00:00.046,1.011,1.01116,2.85,1.54
2013.02.14 15:00:00.355,1.01107,1.01116,1.43,1.32
2013.02.14 15:00:00.954,1.01107,1.01116,2.18,1.32
2013.02.14 15:00:01.827,1.01108,1.01116,1.80,1.32
2013.02.14 15:00:02.182,1.01104,1.01116,3.75,2.07
2013.02.14 15:00:02.248,1.01102,1.01116,1.43,2.07
2013.02.14 15:00:02.438,1.01102,1.01116,1.43,1.50
2013.02.14 15:00:02.509,1.01103,1.01118,1.50,3.72
2013.02.14 15:00:03.067,1.01099,1.01112,1.43,2.40
2013.02.14 15:00:03.378,1.01097,1.0111,1.13,1.65
2013.02.14 15:00:03.507,1.01096,1.0111,1.13,2.40
2013.02.14 15:00:03.754,1.01093,1.01112,2.18,1.73
2013.02.14 15:00:04.265,1.01096,1.01112,1.43,1.50
2013.02.14 15:00:04.384,1.01096,1.01113,2.18,2.03
2013.02.14 15:00:04.907,1.01094,1.01113,2.93,2.03
2013.02.14 15:00:05.285,1.01094,1.01113,3.60,2.03
2013.02.14 15:00:05.646,1.01099,1.01117,2.85,1.95
2013.02.14 15:00:06.185,1.011,1.01117,1.43,2.18
2013.02.14 15:00:06.715,1.01101,1.01119,2.18,1.13
2013.02.14 15:00:07.259,1.01101,1.01118,1.43,1.50
2013.02.14 15:00:07.760,1.01101,1.01118,1.43,1.88
2013.02.14 15:00:08.314,1.01101,1.01119,2.18,1.13
2013.02.14 15:00:08.855,1.01101,1.01118,1.43,1.50
2013.02.14 15:00:09.157,1.01098,1.01116,2.03,3.15
2013.02.14 15:00:09.456,1.01095,1.01109,1.43,1.50
2013.02.14 15:00:09.766,1.01094,1.01113,1.43,1.73
2013.02.14 15:00:09.947,1.01094,1.01113,2.18,1.73
2013.02.14 15:00:10.257,1.01103,1.01119,1.35,2.18
2013.02.14 15:00:10.327,1.01103,1.01119,2.10,1.43
2013.02.14 15:00:10.396,1.01103,1.01121,2.10,1.43
2013.02.14 15:00:10.577,1.01104,1.01121,2.85,1.05
2013.02.14 15:00:10.706,1.01104,1.01121,1.43,1.43
2013.02.14 15:00:10.825,1.01106,1.01121,1.43,1.73
2013.02.14 15:00:10.945,1.01103,1.01123,4.35,1.35
2013.02.14 15:00:11.426,1.01106,1.01124,2.18,2.18
2013.02.14 15:00:11.785,1.01114,1.01131,1.43,1.50
2013.02.14 15:00:12.145,1.01116,1.01133,1.43,1.50
2013.02.14 15:00:12.205,1.01117,1.01134,1.43,1.50
2013.02.14 15:00:12.708,1.01118,1.01135,1.43,3.68
2013.02.14 15:00:13.297,1.01119,1.01135,1.43,2.18
2013.02.14 15:00:13.374,1.01118,1.01138,3.15,2.48
2013.02.14 15:00:13.638,1.01118,1.01138,2.93,1.73
2013.02.14 15:00:14.126,1.01119,1.01138,2.85,2.18
2013.02.14 15:00:14.245,1.01122,1.01141,1.43,1.50
2013.02.14 15:00:14.485,1.01123,1.01142,1.43,1.43
2013.02.14 15:00:14.965,1.01125,1.01142,1.35,1.43
2013.02.14 15:00:15.475,1.01125,1.01142,1.35,1.43
2013.02.14 15:00:16.296,1.01126,1.01142,1.50,1.43
2013.02.14 15:00:16.835,1.01125,1.01142,2.70,1.43
2013.02.14 15:00:18.526,1.01125,1.01138,2.03,1.43
2013.02.14 15:00:18.715,1.0112,1.01135,1.69,1.43
2013.02.14 15:00:19.135,1.01119,1.01135,1.43,1.43
2013.02.14 15:00:19.436,1.01122,1.01139,1.35,2.18
2013.02.14 15:00:19.617,1.01124,1.01141,2.82,1.43
2013.02.14 15:00:20.226,1.01124,1.01141,1.50,1.43
2013.02.14 15:00:20.297,1.01124,1.01141,1.50,1.73
2013.02.14 15:00:20.606,1.0112,1.01134,1.88,1.43
2013.02.14 15:00:20.665,1.0112,1.01134,1.88,1.43
2013.02.14 15:00:20.785,1.01117,1.01134,2.25,1.43
2013.02.14 15:00:21.415,1.01117,1.01134,1.50,2.18
2013.02.14 15:00:22.906,1.01117,1.01134,2.18,2.18
2013.02.14 15:00:24.798,1.01114,1.0113,3.60,1.43
2013.02.14 15:00:24.866,1.01114,1.0113,1.50,1.43
2013.02.14 15:00:25.397,1.01112,1.0113,2.93,1.43
2013.02.14 15:00:25.465,1.01114,1.0113,1.43,1.43
2013.02.14 15:00:25.767,1.01124,1.01138,2.25,2.93
2013.02.14 15:00:25.886,1.01126,1.01142,1.43,1.43
2013.02.14 15:00:27.445,1.01126,1.01144,2.18,1.43
2013.02.14 15:00:27.886,1.01124,1.01138,2.85,1.50
2013.02.14 15:00:28.187,1.01116,1.01131,1.50,1.73
2013.02.14 15:00:28.315,1.01113,1.01128,1.88,2.18
2013.02.14 15:00:28.437,1.01111,1.01128,2.07,2.48
2013.02.14 15:00:28.565,1.01113,1.01128,1.43,2.18
2013.02.14 15:00:28.684,1.01114,1.01132,1.43,1.43
2013.02.14 15:00:28.804,1.01116,1.01134,1.43,1.50
2013.02.14 15:00:29.258,1.01117,1.01135,2.18,1.50
2013.02.14 15:00:29.389,1.01123,1.01141,1.43,3.68
2013.02.14 15:00:29.456,1.01123,1.01141,1.43,2.18
2013.02.14 15:00:29.636,1.01126,1.01144,1.35,2.74
2013.02.14 15:00:29.818,1.01123,1.0114,1.80,1.43
2013.02.14 15:00:29.884,1.01123,1.0114,1.80,1.43
2013.02.14 15:00:30.004,1.01122,1.0114,2.18,1.43
2013.02.14 15:00:30.547,1.01119,1.01138,2.82,1.73
2013.02.14 15:00:30.737,1.01121,1.01138,2.74,1.43
2013.02.14 15:00:30.806,1.01122,1.01138,1.35,1.43
2013.02.14 15:00:30.866,1.01123,1.01142,1.43,2.18
2013.02.14 15:00:32.246,1.01127,1.01142,2.82,1.43
2013.02.14 15:00:32.307,1.01127,1.01144,2.82,1.73
2013.02.14 15:00:32.495,1.01129,1.01149,2.18,1.50
2013.02.14 15:00:32.615,1.01132,1.01149,1.43,1.05
2013.02.14 15:00:32.925,1.01128,1.01144,1.50,1.73
2013.02.14 15:00:33.057,1.01125,1.01144,2.93,1.43
2013.02.14 15:00:33.116,1.01125,1.01144,1.43,2.18
2013.02.14 15:00:33.236,1.01125,1.01144,2.93,2.18
2013.02.14 15:00:34.625,1.01125,1.01144,1.43,2.18
2013.02.14 15:00:34.749,1.01125,1.01141,1.43,1.43
2013.02.14 15:00:36.465,1.01125,1.01145,1.43,1.80
2013.02.14 15:00:37.364,1.01125,1.01143,1.43,1.73
2013.02.14 15:00:38.003,1.01125,1.01143,1.43,2.48
2013.02.14 15:00:38.547,1.01125,1.01143,1.43,2.48
2013.02.14 15:00:39.095,1.01123,1.01144,2.37,2.93
2013.02.14 15:00:39.156,1.01127,1.01144,2.18,2.18
2013.02.14 15:00:39.695,1.01128,1.01143,1.50,1.43
2013.02.14 15:00:40.416,1.01127,1.01143,1.50,2.18
2013.02.14 15:00:40.717,1.01122,1.01137,1.99,1.43
2013.02.14 15:00:40.785,1.01122,1.0114,1.99,2.18
2013.02.14 15:00:40.845,1.01126,1.0114,1.35,1.43
2013.02.14 15:00:40.905,1.01126,1.01144,1.35,3.68
2013.02.14 15:00:40.966,1.01128,1.01144,2.10,2.18
2013.02.14 15:00:41.688,1.01128,1.01144,2.10,1.43
2013.02.14 15:00:41.994,1.01132,1.01151,2.85,2.18
2013.02.14 15:00:42.114,1.01135,1.01154,2.18,2.18
2013.02.14 15:00:42.175,1.01137,1.01154,1.43,2.18
2013.02.14 15:00:42.665,1.01134,1.01149,1.50,2.18
2013.02.14 15:00:42.846,1.01131,1.01149,1.99,2.18
2013.02.14 15:00:42.966,1.01131,1.01149,1.99,2.18
2013.02.14 15:00:43.216,1.01135,1.01153,4.28,1.50
2013.02.14 15:00:43.515,1.01137,1.01153,1.43,2.18
2013.02.14 15:00:43.875,1.01127,1.01146,1.80,2.85
2013.02.14 15:00:43.995,1.01127,1.01146,1.80,2.85
2013.02.14 15:00:44.177,1.01127,1.01146,1.43,4.35
2013.02.14 15:00:44.305,1.01127,1.01146,1.43,4.35
2013.02.14 15:00:44.484,1.01127,1.01145,1.43,1.32
2013.02.14 15:00:44.798,1.01122,1.01139,2.85,1.50
2013.02.14 15:00:44.929,1.0112,1.01139,5.03,1.50
2013.02.14 15:00:45.685,1.0112,1.01138,2.85,1.05
2013.02.14 15:00:46.184,1.0112,1.01139,2.85,3.45
2013.02.14 15:00:46.874,1.0112,1.01139,1.43,2.93
2013.02.14 15:00:48.362,1.0112,1.01135,1.43,1.43
2013.02.14 15:00:48.665,1.01113,1.01129,1.43,2.18
2013.02.14 15:00:48.725,1.01112,1.01129,1.05,2.18
2013.02.14 15:00:49.235,1.01117,1.01129,1.50,1.43
2013.02.14 15:00:49.297,1.01121,1.01135,2.93,2.10
2013.02.14 15:00:49.537,1.01128,1.01139,2.10,1.13
2013.02.14 15:00:49.607,1.01128,1.01143,2.10,1.50
2013.02.14 15:00:49.729,1.01128,1.01143,1.05,1.50
2013.02.14 15:00:49.796,1.01128,1.01146,2.48,1.43
2013.02.14 15:00:50.166,1.0113,1.01148,1.43,1.32
2013.02.14 15:00:50.285,1.01129,1.01148,3.23,2.59
2013.02.14 15:00:50.345,1.01129,1.01146,1.05,2.18
2013.02.14 15:00:50.725,1.01126,1.01144,2.10,1.50
2013.02.14 15:00:51.026,1.01124,1.01137,1.43,2.93
2013.02.14 15:00:51.505,1.01115,1.01134,3.60,1.50
2013.02.14 15:00:51.685,1.01114,1.01133,1.80,2.67
2013.02.14 15:00:51.987,1.01115,1.01132,1.43,1.05
2013.02.14 15:00:52.055,1.01114,1.01133,1.43,2.18
2013.02.14 15:00:52.336,1.01126,1.01134,1.43,1.35
2013.02.14 15:00:52.514,1.01126,1.01142,1.58,1.50
2013.02.14 15:00:52.575,1.01126,1.01142,2.25,1.50
2013.02.14 15:00:52.704,1.01127,1.01145,1.35,1.50
2013.02.14 15:00:52.855,1.01128,1.01144,1.43,1.50
2013.02.14 15:00:52.994,1.01129,1.01147,2.10,2.25
2013.02.14 15:00:53.060,1.01132,1.01147,2.10,2.25
2013.02.14 15:00:53.555,1.0113,1.01148,1.43,1.50
2013.02.14 15:00:53.999,1.0113,1.01148,1.43,2.25
2013.02.14 15:00:54.197,1.0113,1.01149,1.43,2.93
2013.02.14 15:00:54.686,1.01129,1.01148,2.18,1.54
2013.02.14 15:00:54.986,1.01125,1.01142,1.99,1.43
2013.02.14 15:00:55.526,1.01126,1.01142,1.24,1.43
2013.02.14 15:00:55.744,1.01126,1.01144,1.24,1.50
2013.02.14 15:00:55.976,1.01126,1.01144,1.24,1.50
2013.02.14 15:00:56.496,1.01124,1.01143,3.42,1.50
2013.02.14 15:00:57.796,1.01124,1.01143,2.74,1.50
2013.02.14 15:00:58.348,1.01124,1.01143,2.10,3.68
2013.02.14 15:00:59.275,1.01124,1.01143,1.43,3.68
2013.02.14 15:00:59.695,1.01126,1.01143,1.43,1.50
2013.02.14 15:00:59.816,1.01129,1.01144,1.43,1.50
2013.02.14 15:00:59.995,1.01128,1.01144,1.50,1.50
2013.02.14 15:01:00.297,1.01128,1.01144,1.43,1.50
2013.02.14 15:01:00.605,1.01135,1.01152,1.35,2.93
2013.02.14 15:01:02.198,1.01137,1.01152,1.50,1.43
2013.02.14 15:01:02.325,1.0114,1.01152,1.99,1.43
2013.02.14 15:01:02.627,1.01148,1.01155,1.43,1.43
2013.02.14 15:01:02.755,1.01148,1.01162,1.43,1.50
2013.02.14 15:01:02.815,1.01145,1.01163,3.90,1.50
2013.02.14 15:01:02.875,1.01145,1.01164,2.10,3.00
2013.02.14 15:01:03.056,1.01142,1.01159,1.32,1.43
2013.02.14 15:01:03.594,1.0114,1.01159,1.32,2.93
2013.02.14 15:01:03.916,1.0114,1.01156,1.32,1.43
2013.02.14 15:01:03.980,1.0114,1.01158,1.32,2.18
2013.02.14 15:01:04.052,1.01139,1.01157,1.50,1.80
2013.02.14 15:01:04.118,1.01138,1.01156,2.74,1.50
2013.02.14 15:01:04.245,1.01138,1.01156,2.74,1.05
2013.02.14 15:01:04.306,1.01138,1.01151,1.32,1.43
2013.02.14 15:01:04.617,1.01138,1.01153,1.32,1.05
2013.02.14 15:01:04.935,1.01134,1.01154,2.74,1.80
2013.02.14 15:01:05.672,1.01136,1.01154,1.99,1.50
2013.02.14 15:01:06.555,1.01138,1.01155,1.35,2.93
2013.02.14 15:01:06.856,1.01143,1.01158,1.99,3.00
2013.02.14 15:01:07.725,1.01143,1.01164,1.99,3.23
2013.02.14 15:01:08.018,1.01143,1.01162,1.43,2.25
2013.02.14 15:01:10.446,1.0114,1.01159,2.93,1.35
2013.02.14 15:01:10.805,1.01134,1.01151,2.85,1.50
2013.02.14 15:01:10.865,1.01134,1.01151,2.85,3.00
2013.02.14 15:01:12.834,1.01134,1.01151,1.43,3.68
2013.02.14 15:01:13.365,1.01137,1.01155,1.50,2.93
2013.02.14 15:01:13.486,1.01143,1.01156,1.43,1.43
2013.02.14 15:01:13.605,1.01143,1.01159,1.43,3.75
2013.02.14 15:01:13.732,1.01143,1.01158,1.43,3.75
2013.02.14 15:01:13.975,1.01143,1.01159,1.43,1.50
2013.02.14 15:01:15.255,1.01142,1.01157,1.43,1.43
2013.02.14 15:01:15.317,1.01141,1.01159,1.43,2.18
2013.02.14 15:01:15.867,1.01144,1.01161,1.32,1.43
2013.02.14 15:01:16.227,1.01144,1.01161,3.60,1.50
2013.02.14 15:01:16.796,1.01144,1.01163,2.85,1.50
2013.02.14 15:01:17.175,1.01146,1.01163,1.32,2.18
2013.02.14 15:01:17.357,1.01144,1.01162,1.43,4.43
2013.02.14 15:01:17.861,1.01143,1.01162,2.74,2.93
2013.02.14 15:01:18.677,1.01143,1.01162,2.74,2.18
2013.02.14 15:01:18.806,1.01145,1.01162,1.43,2.18
2013.02.14 15:01:19.232,1.01149,1.01164,3.60,1.43
2013.02.14 15:01:19.535,1.01156,1.01168,2.10,1.50
2013.02.14 15:01:20.100,1.01157,1.01174,1.43,1.50
2013.02.14 15:01:20.407,1.01159,1.01175,1.43,2.25
2013.02.14 15:01:20.525,1.01156,1.01175,2.78,2.25
2013.02.14 15:01:21.125,1.01159,1.01174,2.18,1.50
2013.02.14 15:01:21.427,1.01159,1.01173,1.43,2.25
2013.02.14 15:01:21.555,1.01158,1.01174,2.10,1.50
2013.02.14 15:01:21.615,1.01158,1.01174,2.10,1.50
2013.02.14 15:01:21.916,1.01157,1.01176,3.53,2.18
2013.02.14 15:01:22.037,1.01159,1.01175,1.35,1.50
2013.02.14 15:01:22.589,1.01158,1.01174,2.10,1.50
2013.02.14 15:01:22.925,1.01156,1.01172,1.35,1.50
2013.02.14 15:01:23.226,1.01152,1.01167,2.85,2.18
2013.02.14 15:01:23.346,1.01152,1.01167,1.35,1.43
2013.02.14 15:01:23.899,1.01154,1.01171,1.35,2.93
2013.02.14 15:01:24.486,1.01153,1.01171,1.35,2.93
2013.02.14 15:01:24.547,1.01153,1.01165,1.35,2.18
2013.02.14 15:01:24.736,1.01148,1.01166,3.60,2.07
2013.02.14 15:01:24.807,1.01151,1.01166,1.35,2.93
2013.02.14 15:01:24.937,1.01151,1.01166,1.35,2.18
2013.02.14 15:01:25.008,1.01152,1.01168,1.43,3.15
2013.02.14 15:01:25.137,1.01152,1.01168,2.18,2.18
2013.02.14 15:01:25.206,1.01154,1.01169,1.43,1.50
2013.02.14 15:01:25.566,1.01152,1.01172,1.35,4.13
2013.02.14 15:01:25.746,1.01151,1.01168,1.35,1.50
2013.02.14 15:01:25.925,1.01149,1.01165,2.10,1.50
2013.02.14 15:01:26.355,1.01151,1.01168,2.85,2.25
2013.02.14 15:01:26.655,1.01151,1.01169,1.43,1.50
2013.02.14 15:01:26.716,1.01151,1.01167,1.43,1.50
2013.02.14 15:01:26.956,1.01154,1.0117,1.43,2.93
2013.02.14 15:01:27.495,1.01154,1.01169,1.35,2.18
2013.02.14 15:01:28.426,1.01153,1.01171,1.92,1.05
2013.02.14 15:01:28.956,1.01152,1.01168,1.43,1.43
2013.02.14 15:01:29.578,1.01151,1.01169,1.35,3.00
2013.02.14 15:01:30.185,1.01153,1.01171,1.28,1.80
2013.02.14 15:01:30.366,1.01157,1.01176,2.10,2.93
2013.02.14 15:01:32.806,1.01159,1.01177,1.43,1.50
2013.02.14 15:01:32.868,1.01159,1.01178,1.43,2.18
2013.02.14 15:01:33.071,1.01161,1.01179,1.35,6.49
2013.02.14 15:01:37.025,1.01163,1.01179,1.35,2.18
2013.02.14 15:01:37.146,1.01162,1.01179,1.43,3.68
2013.02.14 15:01:37.206,1.0116,1.01179,1.35,2.93
2013.02.14 15:01:37.267,1.0116,1.01176,1.35,2.18
2013.02.14 15:01:37.334,1.01159,1.01176,1.43,2.18
2013.02.14 15:01:37.397,1.01159,1.01176,1.43,2.93
2013.02.14 15:01:38.058,1.01156,1.01174,3.53,1.50
2013.02.14 15:01:38.516,1.01156,1.01174,2.18,1.50
2013.02.14 15:01:38.579,1.01155,1.01172,1.43,1.43
2013.02.14 15:01:39.375,1.01153,1.01172,2.78,1.43
2013.02.14 15:01:40.875,1.01153,1.01171,2.78,1.50
2013.02.14 15:01:41.235,1.0115,1.01168,2.10,2.93
2013.02.14 15:01:41.606,1.0115,1.01168,1.35,2.93
2013.02.14 15:01:41.845,1.01148,1.01168,1.35,2.93
2013.02.14 15:01:42.565,1.01148,1.01165,1.43,1.50
2013.02.14 15:01:42.686,1.01146,1.01162,3.68,1.28
2013.02.14 15:01:42.808,1.01143,1.01164,3.68,4.02
2013.02.14 15:01:43.005,1.01145,1.01164,2.10,3.49
2013.02.14 15:01:43.946,1.01145,1.01164,2.10,3.49
2013.02.14 15:01:44.305,1.01145,1.01164,2.10,3.49
2013.02.14 15:01:47.385,1.01148,1.01164,1.35,3.49
2013.02.14 15:01:47.505,1.01146,1.01164,1.35,2.93
2013.02.14 15:01:47.744,1.01146,1.01163,2.78,1.32
2013.02.14 15:01:47.864,1.01146,1.01164,2.78,1.50
2013.02.14 15:01:47.984,1.01146,1.01164,2.78,2.07
2013.02.14 15:01:48.285,1.01145,1.01163,2.10,2.18
2013.02.14 15:01:48.906,1.01147,1.01163,1.35,2.18
2013.02.14 15:01:49.516,1.01149,1.01163,1.35,2.18
2013.02.14 15:01:50.660,1.01149,1.01167,2.78,1.35
2013.02.14 15:01:54.535,1.01151,1.01169,1.35,2.93
2013.02.14 15:01:54.716,1.01151,1.01164,1.35,2.18
2013.02.14 15:01:54.955,1.01149,1.01166,1.35,2.18
2013.02.14 15:01:55.135,1.01152,1.01168,1.35,2.18
2013.02.14 15:01:55.256,1.0115,1.01169,1.35,2.25
2013.02.14 15:01:58.506,1.0115,1.01165,1.35,1.50
2013.02.14 15:01:58.745,1.01147,1.01164,1.35,1.50
2013.02.14 15:01:58.926,1.01147,1.01165,1.35,2.93
2013.02.14 15:01:59.107,1.01146,1.01166,3.53,1.50
2013.02.14 15:01:59.535,1.01147,1.01165,1.35,3.00
2013.02.14 15:02:00.352,1.01147,1.01164,1.35,1.50
2013.02.14 15:02:00.946,1.01147,1.01166,1.35,1.50
2013.02.14 15:02:01.553,1.01147,1.01166,1.35,1.50
2013.02.14 15:02:02.468,1.01147,1.01164,1.35,3.00
2013.02.14 15:02:02.775,1.01148,1.01164,1.35,2.25
2013.02.14 15:02:03.340,1.01149,1.01164,1.35,1.50
2013.02.14 15:02:03.815,1.01148,1.01163,1.35,2.18
2013.02.14 15:02:04.117,1.01142,1.01155,2.18,2.18
2013.02.14 15:02:04.247,1.01143,1.01155,1.43,1.43
2013.02.14 15:02:04.317,1.01141,1.01157,2.10,2.18
2013.02.14 15:02:04.687,1.0114,1.01154,1.43,2.18
2013.02.14 15:02:05.147,1.01139,1.01157,2.10,2.85
2013.02.14 15:02:05.437,1.01139,1.01157,1.35,3.60
2013.02.14 15:02:06.250,1.01137,1.01154,1.35,1.50
2013.02.14 15:02:06.439,1.01136,1.01157,4.35,2.85
2013.02.14 15:02:06.507,1.01136,1.01157,5.70,2.85
2013.02.14 15:02:06.696,1.01143,1.0116,1.50,3.34
2013.02.14 15:02:06.756,1.01145,1.0116,1.43,1.24
2013.02.14 15:02:06.876,1.01147,1.01162,1.43,1.32
2013.02.14 15:02:06.935,1.01147,1.01165,1.43,1.43
2013.02.14 15:02:06.996,1.01147,1.01167,1.43,2.85
2013.02.14 15:02:07.055,1.01147,1.01167,2.18,2.85
2013.02.14 15:02:07.591,1.01148,1.01167,1.43,2.18
2013.02.14 15:02:07.917,1.01149,1.01167,1.43,2.78
2013.02.14 15:02:08.117,1.01149,1.01167,1.35,2.78
2013.02.14 15:02:08.746,1.01149,1.01167,1.35,1.43
2013.02.14 15:02:09.304,1.01149,1.01168,1.35,2.18
2013.02.14 15:02:14.395,1.01153,1.01168,2.18,1.43
2013.02.14 15:02:14.697,1.01156,1.01168,1.43,1.50
2013.02.14 15:02:15.056,1.01147,1.01161,1.50,1.65
2013.02.14 15:02:15.356,1.01145,1.01161,1.50,1.65
2013.02.14 15:02:15.654,1.01143,1.01158,2.55,1.35
2013.02.14 15:02:15.835,1.01143,1.01158,2.18,1.35
2013.02.14 15:02:16.995,1.01142,1.01158,1.50,1.35
2013.02.14 15:02:17.115,1.01142,1.01158,1.50,1.35
2013.02.14 15:02:18.086,1.01142,1.01158,1.50,2.78
2013.02.14 15:02:18.560,1.01141,1.01157,1.50,1.35
2013.02.14 15:02:19.148,1.01141,1.01157,1.50,1.35
2013.02.14 15:02:19.476,1.01139,1.01154,1.43,1.35
2013.02.14 15:02:19.655,1.01137,1.01154,2.10,1.35
2013.02.14 15:02:19.775,1.01138,1.01155,1.43,1.35
2013.02.14 15:02:19.895,1.01138,1.01157,1.43,3.53
2013.02.14 15:02:20.435,1.01138,1.01154,1.50,1.35
2013.02.14 15:02:21.158,1.01141,1.01153,1.50,1.35
2013.02.14 15:02:22.257,1.01138,1.01153,2.18,1.35
2013.02.14 15:02:23.156,1.01139,1.01153,1.88,1.35
2013.02.14 15:02:23.275,1.01142,1.01158,3.68,2.10
2013.02.14 15:02:23.335,1.01143,1.0116,1.43,1.35
2013.02.14 15:02:23.456,1.01144,1.01159,1.43,1.35
2013.02.14 15:02:23.731,1.01142,1.01157,1.88,1.43
2013.02.14 15:02:24.595,1.01141,1.01156,1.50,1.43
2013.02.14 15:02:25.135,1.01139,1.01154,1.50,2.10
2013.02.14 15:02:26.136,1.0114,1.01156,2.18,1.35
2013.02.14 15:02:26.794,1.01141,1.01154,1.50,1.43
2013.02.14 15:02:27.096,1.01146,1.01162,1.50,2.18
2013.02.14 15:02:27.276,1.01148,1.01162,2.18,1.43
2013.02.14 15:02:27.918,1.01146,1.0116,1.50,1.35
2013.02.14 15:02:27.986,1.01144,1.01158,2.55,2.93
2013.02.14 15:02:28.113,1.01144,1.01157,1.13,1.35
2013.02.14 15:02:28.182,1.01141,1.01155,4.50,1.43
2013.02.14 15:02:28.789,1.01139,1.01155,2.85,1.43
2013.02.14 15:02:30.984,1.01139,1.01154,2.18,1.43
2013.02.14 15:02:34.145,1.01139,1.01154,1.43,4.17
2013.02.14 15:02:34.206,1.01138,1.01154,1.80,4.17
2013.02.14 15:02:34.326,1.01137,1.01155,3.98,2.10
2013.02.14 15:02:34.445,1.01137,1.01155,3.60,2.10
2013.02.14 15:02:34.794,1.01139,1.01155,1.43,2.10
2013.02.14 15:02:35.095,1.01144,1.01154,1.50,1.43
2013.02.14 15:02:35.408,1.01154,1.01164,1.43,2.25
2013.02.14 15:02:35.537,1.01155,1.01166,1.43,2.07
2013.02.14 15:02:35.666,1.01155,1.0117,1.43,2.25
2013.02.14 15:02:36.085,1.01155,1.01172,2.93,2.25
2013.02.14 15:02:36.586,1.01156,1.01172,3.60,2.25
2013.02.14 15:02:36.964,1.01157,1.01172,1.50,2.25
2013.02.14 15:02:37.541,1.01157,1.01172,1.50,2.25
2013.02.14 15:02:38.056,1.01161,1.01173,1.50,1.50
2013.02.14 15:02:38.367,1.01162,1.01179,1.43,2.40
2013.02.14 15:02:39.486,1.01162,1.01179,1.43,3.00
2013.02.14 15:02:39.607,1.01162,1.01178,1.43,1.32
2013.02.14 15:02:40.189,1.01162,1.01179,1.43,3.57
2013.02.14 15:02:42.120,1.01162,1.01178,1.43,1.32
2013.02.14 15:02:42.575,1.0116,1.01178,1.43,2.22
2013.02.14 15:02:42.696,1.0116,1.01177,1.43,1.47
2013.02.14 15:02:43.069,1.01157,1.01172,2.93,2.25
2013.02.14 15:02:43.376,1.01157,1.01172,2.93,2.25
2013.02.14 15:02:44.163,1.01157,1.01172,2.93,2.25
2013.02.14 15:02:44.840,1.01157,1.01172,2.93,1.50
2013.02.14 15:02:45.166,1.01157,1.01172,2.93,2.25
2013.02.14 15:02:45.386,1.01157,1.01172,2.93,1.50
2013.02.14 15:02:45.514,1.01158,1.01172,1.50,1.50
2013.02.14 15:02:45.781,1.01162,1.01175,1.43,1.50
2013.02.14 15:02:46.377,1.01162,1.01178,2.18,2.85
2013.02.14 15:02:46.756,1.01164,1.01181,2.48,1.50
2013.02.14 15:02:46.958,1.01164,1.01181,3.23,2.25
2013.02.14 15:02:47.026,1.01164,1.01183,3.23,2.97
2013.02.14 15:02:47.087,1.01167,1.01183,2.10,2.25
2013.02.14 15:02:47.627,1.01169,1.01186,1.43,2.82
2013.02.14 15:02:47.746,1.01169,1.01186,1.43,2.82
2013.02.14 15:02:48.710,1.01169,1.01186,1.43,2.82
2013.02.14 15:02:49.016,1.01165,1.01178,1.50,2.07
2013.02.14 15:02:49.317,1.0116,1.01175,1.43,1.32
2013.02.14 15:02:49.496,1.01162,1.01179,2.10,1.32
2013.02.14 15:02:49.616,1.01164,1.01179,2.10,2.25
2013.02.14 15:02:50.225,1.01164,1.01178,2.18,2.25
2013.02.14 15:02:50.465,1.01162,1.01178,2.18,2.25
2013.02.14 15:02:50.996,1.01162,1.01178,2.18,2.25
2013.02.14 15:02:51.235,1.01161,1.0118,2.18,2.40
2013.02.14 15:02:51.355,1.01164,1.0118,1.43,2.25
2013.02.14 15:02:51.475,1.01164,1.01182,1.43,1.50
2013.02.14 15:02:51.775,1.01164,1.01183,2.18,3.15
2013.02.14 15:02:52.136,1.01164,1.01181,3.98,2.25
2013.02.14 15:02:52.867,1.01168,1.01183,1.43,1.50
2013.02.14 15:02:52.987,1.01171,1.01184,1.43,2.40
2013.02.14 15:02:53.535,1.01171,1.01185,2.18,2.82
2013.02.14 15:02:53.595,1.01171,1.01185,2.18,2.25
2013.02.14 15:02:54.237,1.01171,1.01183,2.18,2.25
2013.02.14 15:02:54.855,1.01167,1.01183,3.30,2.25
2013.02.14 15:02:55.247,1.01167,1.01183,1.43,3.00
2013.02.14 15:02:56.785,1.01167,1.01183,2.93,2.25
2013.02.14 15:02:56.906,1.0117,1.01183,1.43,1.50
2013.02.14 15:02:57.445,1.01169,1.01186,1.43,2.40
2013.02.14 15:02:57.995,1.01166,1.01183,3.68,2.40
2013.02.14 15:03:00.335,1.01166,1.01184,2.18,2.55
2013.02.14 15:03:00.846,1.01166,1.01184,2.18,2.55
2013.02.14 15:03:01.206,1.01166,1.01184,2.85,2.25
2013.02.14 15:03:03.866,1.01166,1.01182,1.43,1.32
2013.02.14 15:03:04.117,1.01162,1.01178,1.43,3.00
2013.02.14 15:03:04.356,1.01161,1.01176,1.43,2.82
2013.02.14 15:03:05.506,1.01157,1.01173,2.85,1.50
2013.02.14 15:03:05.806,1.01158,1.01177,1.50,1.05
2013.02.14 15:03:05.867,1.01162,1.01178,2.18,1.50
2013.02.14 15:03:06.116,1.01164,1.01183,1.43,2.55
2013.02.14 15:03:06.675,1.01166,1.01184,1.50,1.05
2013.02.14 15:03:07.155,1.01166,1.01185,2.25,1.05
2013.02.14 15:03:07.857,1.01167,1.01184,2.18,1.32
2013.02.14 15:03:08.236,1.01164,1.01182,1.43,1.47
2013.02.14 15:03:08.997,1.01167,1.01185,1.43,2.22
2013.02.14 15:03:09.546,1.01167,1.01185,2.18,1.47
2013.02.14 15:03:11.415,1.01167,1.01186,2.18,2.40
2013.02.14 15:03:12.185,1.01167,1.01186,2.18,2.40
2013.02.14 15:03:12.786,1.01167,1.01186,3.60,2.40
2013.02.14 15:03:13.366,1.01167,1.01186,2.93,2.55
2013.02.14 15:03:13.815,1.01167,1.01185,2.93,1.05
2013.02.14 15:03:14.395,1.01167,1.01185,3.60,1.05
2013.02.14 15:03:14.456,1.01169,1.01185,1.43,1.05
2013.02.14 15:03:14.816,1.01172,1.0119,1.43,1.65
2013.02.14 15:03:15.055,1.01176,1.01193,1.43,1.65
2013.02.14 15:03:19.011,1.01176,1.01188,1.43,2.25
2013.02.14 15:03:19.082,1.0117,1.01185,2.18,1.50
2013.02.14 15:03:19.148,1.01174,1.01184,1.43,1.43
2013.02.14 15:03:19.336,1.01173,1.01186,1.43,1.50
2013.02.14 15:03:19.396,1.01174,1.01191,2.10,1.65
2013.02.14 15:03:19.946,1.01174,1.01192,2.10,4.05
2013.02.14 15:03:20.680,1.01174,1.01192,1.43,3.75
2013.02.14 15:03:22.208,1.01174,1.0119,1.43,1.50
2013.02.14 15:03:22.460,1.0117,1.01188,3.60,2.48
2013.02.14 15:03:22.586,1.0117,1.01187,2.18,2.40
2013.02.14 15:03:23.531,1.01167,1.01185,1.43,1.65
2013.02.14 15:03:23.612,1.01165,1.01183,2.10,3.15
2013.02.14 15:03:23.746,1.01167,1.01183,1.43,3.15
2013.02.14 15:03:25.636,1.01167,1.01184,3.30,1.13
2013.02.14 15:03:25.755,1.01168,1.01185,2.85,1.50
2013.02.14 15:03:25.875,1.01168,1.01185,2.18,1.50
2013.02.14 15:03:26.115,1.01166,1.01183,1.43,1.65
2013.02.14 15:03:26.857,1.01164,1.01183,2.78,1.65
2013.02.14 15:03:27.666,1.01164,1.01182,2.10,1.13
2013.02.14 15:03:28.933,1.01168,1.01186,1.43,1.65
2013.02.14 15:03:29.057,1.01168,1.01187,2.10,3.30
2013.02.14 15:03:32.506,1.01168,1.01187,1.43,3.30
2013.02.14 15:03:32.565,1.01168,1.01183,1.43,2.25
2013.02.14 15:03:33.176,1.01168,1.01183,1.43,1.65
2013.02.14 15:03:34.507,1.01168,1.01183,1.43,2.25
2013.02.14 15:03:36.150,1.01168,1.01183,1.43,1.50
2013.02.14 15:03:37.811,1.01168,1.01183,1.43,2.25
2013.02.14 15:03:39.767,1.01168,1.01186,2.18,3.15
2013.02.14 15:03:39.836,1.01168,1.01186,4.28,2.25
2013.02.14 15:03:40.006,1.01171,1.01186,1.43,2.25
2013.02.14 15:03:40.366,1.01168,1.01184,1.43,2.25
2013.02.14 15:03:40.426,1.01167,1.01184,2.93,2.78
2013.02.14 15:03:40.546,1.01167,1.01184,2.93,2.40
2013.02.14 15:03:40.966,1.01165,1.01177,1.43,1.50
2013.02.14 15:03:41.267,1.01158,1.0117,2.93,2.25
2013.02.14 15:03:41.386,1.01158,1.01173,2.93,1.35
2013.02.14 15:03:42.995,1.01155,1.01173,2.85,1.35
2013.02.14 15:03:43.496,1.01155,1.01173,2.85,1.35
2013.02.14 15:03:44.367,1.01155,1.01174,2.93,1.65
2013.02.14 15:03:45.035,1.01155,1.01174,3.60,1.65
2013.02.14 15:03:45.656,1.01157,1.01176,1.32,1.65
2013.02.14 15:03:45.777,1.01158,1.01177,2.67,1.65
2013.02.14 15:03:46.087,1.01166,1.01181,2.18,1.50
2013.02.14 15:03:46.265,1.01166,1.01183,2.93,1.50
2013.02.14 15:03:46.936,1.01166,1.01184,2.93,1.65
2013.02.14 15:03:47.755,1.01165,1.01183,1.35,1.50
2013.02.14 15:03:48.690,1.01163,1.01183,2.10,1.80
2013.02.14 15:03:49.336,1.01163,1.01183,2.85,1.80
2013.02.14 15:03:49.846,1.01162,1.01182,3.60,1.80
2013.02.14 15:03:50.475,1.01162,1.01181,2.10,1.05
2013.02.14 15:03:52.665,1.01162,1.01181,2.10,2.48
2013.02.14 15:03:53.535,1.01162,1.0118,1.43,1.05
2013.02.14 15:03:54.728,1.01162,1.01182,2.18,1.05
2013.02.14 15:03:56.116,1.0116,1.01178,1.43,1.50
2013.02.14 15:03:56.417,1.01154,1.01166,2.74,1.50
2013.02.14 15:03:56.726,1.01151,1.01165,1.32,3.15
2013.02.14 15:03:57.085,1.01142,1.01159,2.93,1.50
2013.02.14 15:03:57.265,1.01138,1.01157,1.43,1.73
2013.02.14 15:03:57.565,1.01135,1.01157,1.50,2.48
2013.02.14 15:03:58.595,1.01135,1.01157,2.18,2.48
2013.02.14 15:03:59.747,1.01136,1.01154,1.43,2.22
2013.02.14 15:03:59.866,1.01135,1.01153,1.43,1.05
2013.02.14 15:03:59.927,1.01136,1.01154,1.43,4.39
2013.02.14 15:04:00.378,1.01134,1.01153,1.35,3.15
2013.02.14 15:04:00.626,1.01135,1.01153,1.43,2.40
2013.02.14 15:04:01.805,1.01137,1.01154,1.43,2.97
2013.02.14 15:04:02.111,1.01137,1.01154,1.43,2.97
2013.02.14 15:04:05.077,1.01139,1.01154,1.43,2.25
2013.02.14 15:04:05.141,1.01136,1.01154,3.60,2.25
2013.02.14 15:04:05.210,1.01136,1.01154,4.35,2.78
2013.02.14 15:04:06.946,1.01136,1.01156,1.50,1.80
2013.02.14 15:04:07.706,1.01136,1.01156,2.18,2.03
2013.02.14 15:04:08.403,1.01136,1.01156,2.85,2.03
2013.02.14 15:04:08.858,1.01136,1.01156,2.10,2.03
2013.02.14 15:04:08.926,1.01136,1.01156,1.43,1.28
2013.02.14 15:04:09.444,1.01134,1.01156,2.85,3.23
2013.02.14 15:04:10.267,1.01135,1.01154,1.43,1.28
2013.02.14 15:04:11.267,1.01134,1.01156,3.60,2.33
2013.02.14 15:04:11.325,1.01134,1.01156,3.60,2.33
2013.02.14 15:04:11.565,1.01134,1.01156,3.60,2.48
2013.02.14 15:04:11.866,1.01137,1.01156,2.10,2.33
2013.02.14 15:04:12.376,1.01135,1.01156,1.43,2.48
2013.02.14 15:04:12.804,1.01134,1.01154,2.93,1.35
2013.02.14 15:04:13.276,1.01134,1.01155,2.93,1.43
2013.02.14 15:04:13.396,1.01138,1.01156,1.43,2.48
2013.02.14 15:04:13.699,1.01137,1.01156,1.88,3.23
2013.02.14 15:04:13.949,1.01136,1.01156,1.05,2.93
2013.02.14 15:04:14.016,1.01135,1.01154,1.13,1.28
2013.02.14 15:04:14.137,1.01135,1.01154,1.43,1.43
2013.02.14 15:04:14.437,1.01134,1.01152,1.50,1.05
2013.02.14 15:04:14.560,1.01134,1.01153,1.43,1.05
2013.02.14 15:04:14.626,1.01136,1.01155,1.43,1.50
2013.02.14 15:04:14.936,1.01137,1.01155,1.43,1.50
2013.02.14 15:04:15.796,1.01139,1.01157,2.10,1.50
2013.02.14 15:04:16.376,1.0114,1.01157,1.43,1.50
2013.02.14 15:04:17.707,1.0114,1.01151,1.43,1.50
2013.02.14 15:04:17.886,1.01134,1.01149,1.50,1.50
2013.02.14 15:04:17.948,1.01132,1.01145,2.18,1.50
2013.02.14 15:04:18.136,1.01127,1.01146,2.18,2.33
2013.02.14 15:04:18.969,1.01124,1.01141,1.43,3.00
2013.02.14 15:04:19.276,1.01116,1.01137,2.93,1.73
2013.02.14 15:04:19.519,1.01116,1.01137,2.18,1.73
2013.02.14 15:04:19.586,1.01117,1.01135,1.43,1.05
2013.02.14 15:04:20.134,1.01117,1.01132,2.18,2.03
2013.02.14 15:04:20.555,1.01117,1.01132,2.18,2.03
2013.02.14 15:04:21.625,1.01117,1.01133,2.18,1.05
2013.02.14 15:04:21.687,1.01113,1.01127,2.18,1.50
2013.02.14 15:04:21.866,1.01114,1.01127,1.43,2.25
2013.02.14 15:04:21.927,1.01112,1.01125,2.18,1.43
2013.02.14 15:04:22.056,1.01115,1.01127,1.43,1.43
2013.02.14 15:04:22.116,1.01115,1.01128,1.43,1.43
2013.02.14 15:04:22.236,1.01115,1.01129,2.10,2.07
2013.02.14 15:04:22.658,1.01112,1.01125,1.43,1.24
2013.02.14 15:04:24.926,1.01112,1.01125,1.43,1.99
2013.02.14 15:04:26.885,1.01112,1.01125,1.43,1.99
2013.02.14 15:04:30.166,1.01112,1.01124,3.53,2.18
2013.02.14 15:04:30.406,1.01114,1.01129,2.78,1.50
2013.02.14 15:04:30.706,1.01116,1.01132,1.50,1.28
2013.02.14 15:04:31.214,1.01115,1.01133,1.43,1.50
2013.02.14 15:04:31.398,1.01116,1.01134,1.43,2.07
2013.02.14 15:04:31.467,1.01119,1.01134,1.35,1.32
2013.02.14 15:04:32.005,1.01118,1.01134,2.10,1.32
2013.02.14 15:04:32.785,1.01118,1.01137,2.85,2.25
2013.02.14 15:04:33.205,1.0112,1.01137,2.10,1.50
2013.02.14 15:04:33.565,1.01123,1.01141,1.43,1.50
2013.02.14 15:04:33.866,1.01121,1.01134,1.50,1.43
2013.02.14 15:04:34.406,1.01119,1.01135,2.93,2.85
2013.02.14 15:04:34.646,1.01119,1.01134,2.18,1.43
2013.02.14 15:04:35.286,1.01116,1.01133,2.25,1.43
2013.02.14 15:04:36.027,1.01115,1.01132,1.43,1.50
2013.02.14 15:04:36.097,1.01114,1.01132,1.43,3.23
2013.02.14 15:04:36.936,1.01112,1.01129,1.50,1.73
2013.02.14 15:04:37.057,1.01113,1.01129,1.43,4.35
2013.02.14 15:04:37.186,1.01112,1.01129,1.43,4.35
2013.02.14 15:04:37.698,1.01112,1.01129,1.43,3.98
2013.02.14 15:04:38.655,1.01113,1.01129,1.43,2.55
2013.02.14 15:04:38.836,1.01114,1.01132,1.43,4.73
2013.02.14 15:04:39.616,1.01112,1.01129,2.93,2.40
2013.02.14 15:04:39.928,1.01112,1.01129,2.85,2.25
2013.02.14 15:04:40.711,1.01112,1.01128,1.43,2.25
2013.02.14 15:04:41.482,1.01111,1.01128,1.43,2.25
2013.02.14 15:04:41.595,1.01111,1.01128,1.43,2.25
2013.02.14 15:04:41.717,1.01111,1.0113,2.18,1.58
2013.02.14 15:04:41.847,1.01111,1.01128,2.18,1.80
2013.02.14 15:04:42.388,1.01116,1.01131,2.10,3.75
2013.02.14 15:04:42.697,1.0112,1.01134,1.50,1.50
2013.02.14 15:04:42.816,1.0112,1.01134,1.50,2.40
2013.02.14 15:04:42.878,1.01117,1.01133,2.18,1.50
2013.02.14 15:04:43.006,1.01113,1.01131,1.50,1.58
2013.02.14 15:04:43.386,1.01113,1.0113,2.18,1.28
2013.02.14 15:04:43.508,1.01111,1.01129,3.53,1.58
2013.02.14 15:04:43.576,1.01111,1.01129,2.10,1.35
2013.02.14 15:04:43.817,1.01111,1.01131,2.18,1.80
2013.02.14 15:04:44.126,1.01112,1.01131,1.43,3.00
2013.02.14 15:04:44.875,1.01114,1.01132,1.43,3.90
2013.02.14 15:04:44.996,1.01112,1.01131,1.43,1.65
2013.02.14 15:04:45.545,1.01112,1.01131,2.18,1.65
2013.02.14 15:04:45.605,1.01112,1.01131,1.50,1.65
2013.02.14 15:04:46.026,1.01108,1.01128,2.18,2.40
2013.02.14 15:04:46.187,1.01108,1.01123,1.50,1.35
2013.02.14 15:04:46.426,1.01105,1.01123,2.85,2.10
2013.02.14 15:04:46.785,1.01108,1.01123,1.43,1.43
2013.02.14 15:04:47.325,1.01105,1.01123,3.60,1.43
2013.02.14 15:04:47.868,1.01105,1.01122,1.43,2.93
2013.02.14 15:04:48.175,1.01102,1.01121,2.10,1.43
2013.02.14 15:04:48.916,1.011,1.01115,2.03,2.25
2013.02.14 15:04:49.294,1.01094,1.01108,1.43,1.50
2013.02.14 15:04:49.355,1.01092,1.01108,5.03,1.50
2013.02.14 15:04:49.475,1.01092,1.01105,3.68,1.50
2013.02.14 15:04:50.196,1.01092,1.01107,2.85,1.50
2013.02.14 15:04:50.757,1.01092,1.01107,2.85,1.50
2013.02.14 15:04:51.726,1.01092,1.01105,2.85,1.50
2013.02.14 15:04:51.785,1.01092,1.01105,2.18,1.50
2013.02.14 15:04:52.576,1.01089,1.01102,1.43,1.50
2013.02.14 15:04:52.755,1.01087,1.01102,1.43,1.50
2013.02.14 15:04:53.555,1.01087,1.01099,1.43,1.50
2013.02.14 15:04:54.505,1.01086,1.01102,2.18,2.25
2013.02.14 15:04:56.715,1.01085,1.01101,1.43,2.25
2013.02.14 15:04:57.636,1.01081,1.01096,2.93,1.50
2013.02.14 15:04:57.936,1.01075,1.01093,1.50,5.10
2013.02.14 15:04:58.556,1.01074,1.01089,1.43,1.50
2013.02.14 15:05:01.728,1.01073,1.01089,1.35,1.50
2013.02.14 15:05:01.797,1.01073,1.0109,1.35,2.18
2013.02.14 15:05:01.856,1.01076,1.0109,1.43,2.18
2013.02.14 15:05:02.216,1.01071,1.01089,4.28,1.50
2013.02.14 15:05:02.517,1.01074,1.01089,1.35,1.50
2013.02.14 15:05:03.154,1.01073,1.01089,2.18,1.50
2013.02.14 15:05:03.242,1.01072,1.01089,1.43,2.18
2013.02.14 15:05:03.866,1.01073,1.01089,2.85,1.50
2013.02.14 15:05:04.556,1.01073,1.01091,2.18,4.05
2013.02.14 15:05:06.616,1.01076,1.01094,2.93,3.68
2013.02.14 15:05:06.736,1.01077,1.01094,1.43,2.25
2013.02.14 15:05:06.796,1.01077,1.01094,1.43,2.25
2013.02.14 15:05:07.325,1.01076,1.01091,1.50,1.43
2013.02.14 15:05:07.845,1.01074,1.01091,1.43,1.43
2013.02.14 15:05:08.362,1.01074,1.01091,1.43,1.43
2013.02.14 15:05:08.919,1.01074,1.01093,1.43,2.33
2013.02.14 15:05:09.416,1.01074,1.01093,1.43,3.08
2013.02.14 15:05:09.475,1.01073,1.01093,2.85,3.08
2013.02.14 15:05:09.595,1.01073,1.01093,2.85,2.93
2013.02.14 15:05:10.152,1.01073,1.01093,2.85,3.08
2013.02.14 15:05:10.787,1.01074,1.01088,1.43,1.50
2013.02.14 15:05:10.966,1.01071,1.01088,1.88,1.50
2013.02.14 15:05:11.777,1.01068,1.01085,2.85,3.00
2013.02.14 15:05:11.836,1.01066,1.01085,2.93,3.75
2013.02.14 15:05:12.017,1.01066,1.01082,2.18,2.18
2013.02.14 15:05:12.497,1.01065,1.01082,1.43,1.43
2013.02.14 15:05:12.645,1.01065,1.01082,1.43,2.93
2013.02.14 15:05:13.007,1.01063,1.01082,1.50,2.18
2013.02.14 15:05:13.066,1.01064,1.01082,1.50,3.08
2013.02.14 15:05:13.246,1.01061,1.01079,1.43,3.08
2013.02.14 15:05:13.430,1.01059,1.01075,2.18,1.65
2013.02.14 15:05:13.748,1.01059,1.01069,2.18,1.50
2013.02.14 15:05:13.817,1.01059,1.01071,1.43,1.65
2013.02.14 15:05:13.937,1.01059,1.01072,1.43,4.65
2013.02.14 15:05:13.998,1.01055,1.01072,2.18,4.65
2013.02.14 15:05:14.070,1.01055,1.01072,2.18,3.90
2013.02.14 15:05:14.139,1.01052,1.0107,1.50,1.58
2013.02.14 15:05:14.626,1.01047,1.01062,1.35,1.43
2013.02.14 15:05:14.767,1.01049,1.01068,1.35,2.18
2013.02.14 15:05:14.886,1.01049,1.01063,1.35,1.43
2013.02.14 15:05:15.189,1.01048,1.01063,2.03,1.43
2013.02.14 15:05:15.256,1.01048,1.01063,2.03,2.18
2013.02.14 15:05:15.316,1.01047,1.01061,1.50,2.18
2013.02.14 15:05:15.619,1.01045,1.01055,1.32,1.80
2013.02.14 15:05:15.926,1.01042,1.01048,1.32,1.80
2013.02.14 15:05:15.987,1.01039,1.01051,1.32,2.10
2013.02.14 15:05:16.059,1.01039,1.01044,1.32,3.75
2013.02.14 15:05:16.247,1.01024,1.01034,2.03,1.50
2013.02.14 15:05:16.426,1.01023,1.01033,2.03,2.29
2013.02.14 15:05:16.546,1.0101,1.01027,1.73,4.05
2013.02.14 15:05:16.607,1.01015,1.0103,2.55,3.23
2013.02.14 15:05:16.677,1.01013,1.01022,1.58,1.32
2013.02.14 15:05:16.736,1.01014,1.01022,2.03,1.32
2013.02.14 15:05:17.096,1.01005,1.01014,1.35,3.42
2013.02.14 15:05:17.396,1.01001,1.01015,2.10,2.18
2013.02.14 15:05:17.766,1.01,1.01008,2.25,1.62
2013.02.14 15:05:18.128,1.00999,1.01013,2.78,1.43
2013.02.14 15:05:18.507,1.00994,1.01001,2.40,1.50
2013.02.14 15:05:18.637,1.00997,1.01002,3.38,2.63
2013.02.14 15:05:18.696,1.00996,1.01008,1.43,2.70
2013.02.14 15:05:18.756,1.00996,1.01002,1.43,2.07
2013.02.14 15:05:18.815,1.00994,1.01007,1.65,3.19
2013.02.14 15:05:19.248,1.00994,1.01001,1.95,2.25
2013.02.14 15:05:19.317,1.00994,1.00999,1.95,1.05
2013.02.14 15:05:19.626,1.00993,1.00997,1.80,1.50
2013.02.14 15:05:19.746,1.00993,1.00997,1.05,2.07
2013.02.14 15:05:19.986,1.00994,1.01003,1.65,1.50
2013.02.14 15:05:20.537,1.00992,1.00998,2.78,4.09
2013.02.14 15:05:20.600,1.0099,1.00998,1.50,3.53
2013.02.14 15:05:20.668,1.00989,1.00996,2.85,1.05
2013.02.14 15:05:20.856,1.00986,1.01006,3.00,1.43
2013.02.14 15:05:20.987,1.00989,1.00995,2.25,1.80
2013.02.14 15:05:21.168,1.00986,1.01002,1.50,1.73
2013.02.14 15:05:21.478,1.00988,1.00999,1.50,4.02
2013.02.14 15:05:21.787,1.00988,1.00993,1.43,1.35
2013.02.14 15:05:22.028,1.00982,1.0099,2.70,1.50
2013.02.14 15:05:22.097,1.00978,1.00986,1.65,1.05
2013.02.14 15:05:22.169,1.00975,1.00984,1.80,2.25
2013.02.14 15:05:22.357,1.00974,1.0098,1.65,1.43
2013.02.14 15:05:22.426,1.00974,1.00983,3.00,2.33
2013.02.14 15:05:22.546,1.00971,1.0098,2.63,1.73
2013.02.14 15:05:22.606,1.00969,1.00982,3.53,1.05
2013.02.14 15:05:22.736,1.00965,1.00977,3.30,1.39
2013.02.14 15:05:22.796,1.00963,1.00972,3.30,1.05
2013.02.14 15:05:22.858,1.00963,1.00977,1.65,1.32
2013.02.14 15:05:23.658,1.00959,1.00967,3.53,1.50
2013.02.14 15:05:23.727,1.00958,1.00965,3.53,1.43
2013.02.14 15:05:24.037,1.00954,1.0096,2.25,2.18
2013.02.14 15:05:24.166,1.0095,1.00955,1.73,1.43
2013.02.14 15:05:24.226,1.00947,1.00958,2.18,1.43
2013.02.14 15:05:24.286,1.00941,1.00956,2.85,1.50
2013.02.14 15:05:24.407,1.00949,1.00959,2.18,2.18
2013.02.14 15:05:24.469,1.00949,1.00966,3.83,1.43
2013.02.14 15:05:24.776,1.00946,1.00962,2.63,1.65
2013.02.14 15:05:24.957,1.00943,1.00949,2.18,1.50
2013.02.14 15:05:25.136,1.00936,1.00946,2.10,2.18
2013.02.14 15:05:25.316,1.00938,1.00951,1.58,2.18
2013.02.14 15:05:25.438,1.00938,1.00947,1.58,1.43
2013.02.14 15:05:25.747,1.0094,1.00958,3.16,1.62
2013.02.14 15:05:26.057,1.00942,1.00952,3.45,1.65
2013.02.14 15:05:26.177,1.00944,1.0095,3.45,1.43
2013.02.14 15:05:26.366,1.00945,1.00952,1.35,1.43
2013.02.14 15:05:26.729,1.00952,1.00968,3.98,1.35
2013.02.14 15:05:27.039,1.00957,1.00972,2.63,3.49
2013.02.14 15:05:27.109,1.00959,1.00967,1.95,2.18
2013.02.14 15:05:27.178,1.0096,1.00972,2.18,5.44
2013.02.14 15:05:27.608,1.00966,1.00984,2.03,3.64
2013.02.14 15:05:27.739,1.00969,1.00976,2.03,1.43
2013.02.14 15:05:27.867,1.00969,1.00979,1.50,1.43
2013.02.14 15:05:27.926,1.00969,1.00982,1.88,1.58
2013.02.14 15:05:28.047,1.00967,1.00984,2.70,1.32
2013.02.14 15:05:28.540,1.00975,1.00986,1.43,1.43
2013.02.14 15:05:29.086,1.00977,1.0099,2.10,1.43
2013.02.14 15:05:29.386,1.00984,1.00996,1.35,1.43
2013.02.14 15:05:29.445,1.00984,1.00996,1.35,1.43
2013.02.14 15:05:29.767,1.00977,1.00995,2.85,1.50
2013.02.14 15:05:29.827,1.00976,1.00995,1.35,2.25
2013.02.14 15:05:30.129,1.00968,1.0098,2.18,1.43
2013.02.14 15:05:30.439,1.00962,1.00976,1.88,1.43
2013.02.14 15:05:30.686,1.00959,1.00973,2.78,1.43
2013.02.14 15:05:30.807,1.00962,1.00977,1.58,1.65
2013.02.14 15:05:31.106,1.00953,1.00966,1.73,1.50
2013.02.14 15:05:31.663,1.00951,1.00968,2.48,2.93
2013.02.14 15:05:31.847,1.00959,1.00975,1.58,5.25
2013.02.14 15:05:31.976,1.00963,1.00974,1.28,1.50
2013.02.14 15:05:32.316,1.0096,1.00974,2.78,1.50
2013.02.14 15:05:32.436,1.00957,1.00976,2.93,1.80
2013.02.14 15:05:32.856,1.00958,1.00976,1.43,1.50
2013.02.14 15:05:33.043,1.00958,1.00976,1.43,1.50
2013.02.14 15:05:33.193,1.00958,1.00976,1.43,1.50
2013.02.14 15:05:33.406,1.00958,1.00978,1.43,2.18
2013.02.14 15:05:33.719,1.00959,1.00976,1.43,1.50
2013.02.14 15:05:34.026,1.00961,1.0098,2.85,2.25
2013.02.14 15:05:34.327,1.00964,1.00983,1.32,2.55
2013.02.14 15:05:34.637,1.00965,1.00982,1.43,1.65
2013.02.14 15:05:35.130,1.00965,1.00976,2.10,1.20
2013.02.14 15:05:35.377,1.00968,1.00978,1.43,1.80
2013.02.14 15:05:36.105,1.00963,1.00978,2.67,3.30
2013.02.14 15:05:36.345,1.00965,1.00978,2.18,1.50
2013.02.14 15:05:36.526,1.00969,1.0098,1.50,1.88
2013.02.14 15:05:36.646,1.00964,1.00981,1.50,2.93
2013.02.14 15:05:36.767,1.00971,1.00981,1.43,1.13
2013.02.14 15:05:36.826,1.00974,1.00987,1.35,2.10
2013.02.14 15:05:36.950,1.00977,1.00991,1.50,2.33
2013.02.14 15:05:37.017,1.00977,1.00989,1.43,1.80
2013.02.14 15:05:37.326,1.00975,1.00988,2.85,1.95
2013.02.14 15:05:37.446,1.00979,1.00988,1.50,1.35
2013.02.14 15:05:38.005,1.00981,1.0099,1.50,1.13
2013.02.14 15:05:38.126,1.00978,1.00993,2.10,2.40
2013.02.14 15:05:38.204,1.00974,1.00986,2.85,1.20
2013.02.14 15:05:38.336,1.00976,1.00988,1.50,1.80
2013.02.14 15:05:38.516,1.00976,1.00987,2.18,2.18
2013.02.14 15:05:38.636,1.00977,1.00988,1.43,2.18
2013.02.14 15:05:38.696,1.00978,1.00992,1.50,1.58
2013.02.14 15:05:38.875,1.00978,1.00989,1.50,1.73
2013.02.14 15:05:38.936,1.00976,1.00988,2.10,1.58
2013.02.14 15:05:39.261,1.00977,1.00988,1.43,2.18
2013.02.14 15:05:39.386,1.00979,1.00989,1.43,2.10
2013.02.14 15:05:39.506,1.00978,1.00991,1.43,1.05
2013.02.14 15:05:39.627,1.00979,1.00994,1.43,2.93
2013.02.14 15:05:39.806,1.00981,1.00994,1.43,2.18
2013.02.14 15:05:40.227,1.00982,1.00991,2.85,1.43
2013.02.14 15:05:40.358,1.00977,1.00992,1.73,1.80
2013.02.14 15:05:40.546,1.00978,1.00993,1.50,2.63
2013.02.14 15:05:40.765,1.00977,1.00996,4.17,2.33
2013.02.14 15:05:41.125,1.00979,1.00998,2.18,2.25
2013.02.14 15:05:41.779,1.00982,1.01,2.18,1.50
2013.02.14 15:05:41.980,1.00986,1.01004,2.10,1.50
2013.02.14 15:05:42.119,1.00989,1.01005,1.43,2.18
2013.02.14 15:05:42.191,1.00991,1.01005,1.43,2.18
2013.02.14 15:05:42.747,1.00993,1.01009,1.43,1.13
2013.02.14 15:05:43.059,1.00992,1.01007,2.74,2.18
2013.02.14 15:05:43.187,1.00996,1.01006,1.43,1.20
2013.02.14 15:05:43.426,1.00995,1.01004,2.10,1.95
2013.02.14 15:05:43.727,1.00996,1.01009,1.32,1.80
2013.02.14 15:05:43.856,1.00992,1.01003,1.99,1.65
2013.02.14 15:05:43.980,1.00991,1.01006,2.18,2.40
2013.02.14 15:05:44.286,1.00988,1.00999,1.43,1.35
2013.02.14 15:05:44.656,1.00985,1.00998,1.50,2.03
2013.02.14 15:05:44.896,1.00991,1.00997,1.43,1.58
2013.02.14 15:05:45.355,1.00987,1.00997,1.50,2.32
2013.02.14 15:05:45.417,1.00984,1.00997,1.50,2.32
2013.02.14 15:05:45.491,1.00983,1.00997,1.43,2.32
2013.02.14 15:05:45.559,1.00981,1.00989,1.50,1.56
2013.02.14 15:05:45.629,1.00979,1.00989,1.43,2.13
2013.02.14 15:05:45.757,1.00977,1.00989,1.43,1.56
2013.02.14 15:05:45.886,1.00977,1.0099,1.43,2.80
2013.02.14 15:05:46.305,1.00977,1.00992,1.43,1.32
2013.02.14 15:05:46.425,1.00977,1.00994,1.43,1.99
2013.02.14 15:05:46.737,1.00977,1.00992,1.43,2.07
2013.02.14 15:05:46.855,1.00977,1.00993,1.43,2.07
2013.02.14 15:05:47.155,1.00977,1.00993,2.10,1.32
2013.02.14 15:05:47.275,1.00977,1.00993,1.43,4.28
2013.02.14 15:05:47.396,1.00976,1.0099,1.43,1.43
2013.02.14 15:05:47.575,1.00977,1.00993,1.43,1.50
2013.02.14 15:05:47.639,1.00977,1.00994,1.43,2.55
2013.02.14 15:05:47.945,1.00977,1.00992,1.43,2.07
2013.02.14 15:05:48.066,1.00977,1.00995,2.85,2.07
2013.02.14 15:05:48.385,1.00977,1.00992,3.60,2.82
2013.02.14 15:05:48.565,1.00977,1.00992,1.43,2.82
2013.02.14 15:05:48.925,1.00977,1.00994,2.85,1.99
2013.02.14 15:05:49.695,1.00977,1.00992,1.43,1.32
2013.02.14 15:05:49.815,1.00977,1.00994,1.43,2.74
2013.02.14 15:05:49.998,1.00977,1.0099,1.43,1.99
2013.02.14 15:05:50.124,1.00977,1.0099,1.43,1.99
2013.02.14 15:05:50.245,1.00977,1.0099,1.43,1.99
2013.02.14 15:05:50.604,1.00977,1.0099,1.43,4.24
2013.02.14 15:05:50.785,1.00977,1.0099,1.43,2.74
2013.02.14 15:05:50.906,1.00977,1.00991,1.43,1.13
2013.02.14 15:05:51.086,1.00977,1.0099,1.43,1.99
2013.02.14 15:05:51.145,1.00977,1.00991,1.43,1.13
2013.02.14 15:05:51.327,1.00979,1.00992,1.43,1.13
2013.02.14 15:05:51.685,1.00977,1.00988,2.10,1.99
2013.02.14 15:05:53.096,1.00977,1.00988,1.43,1.99
2013.02.14 15:05:53.223,1.00973,1.00988,1.50,1.43
2013.02.14 15:05:53.845,1.00974,1.00989,1.43,2.07
2013.02.14 15:05:53.916,1.00966,1.00978,1.50,1.50
2013.02.14 15:05:53.977,1.00964,1.00978,1.43,1.50
2013.02.14 15:05:54.046,1.00964,1.0098,1.43,1.43
2013.02.14 15:05:54.105,1.00967,1.00982,1.35,1.43
2013.02.14 15:05:54.406,1.0097,1.00987,1.50,4.24
2013.02.14 15:05:54.707,1.0097,1.00986,1.50,1.99
2013.02.14 15:05:55.188,1.00967,1.00984,1.50,1.99
2013.02.14 15:05:55.255,1.00967,1.00982,1.50,2.07
2013.02.14 15:05:55.617,1.00967,1.00982,1.50,2.37
2013.02.14 15:05:55.676,1.00964,1.00979,1.43,2.07
2013.02.14 15:05:55.738,1.0096,1.00979,1.50,3.49
2013.02.14 15:05:56.045,1.00957,1.00973,1.43,3.49
2013.02.14 15:05:56.406,1.00952,1.00969,2.18,4.09
2013.02.14 15:05:56.770,1.00953,1.00966,1.43,1.17
2013.02.14 15:05:56.838,1.00952,1.00968,1.50,2.40
2013.02.14 15:05:56.906,1.00952,1.0097,2.18,3.68
2013.02.14 15:05:57.206,1.00954,1.00968,1.50,2.07
2013.02.14 15:05:57.504,1.00952,1.00967,2.18,2.07
2013.02.14 15:05:57.868,1.00949,1.00964,2.18,1.43
2013.02.14 15:05:58.725,1.00948,1.0096,1.43,1.43
2013.02.14 15:05:58.977,1.00943,1.00955,1.13,2.25
2013.02.14 15:05:59.106,1.00936,1.00953,1.43,1.43
2013.02.14 15:05:59.466,1.00935,1.00953,1.43,1.43
2013.02.14 15:05:59.825,1.00936,1.00955,1.43,1.43
2013.02.14 15:05:59.945,1.00938,1.00956,1.43,1.99
2013.02.14 15:06:00.306,1.00937,1.00956,1.43,1.99
2013.02.14 15:06:00.727,1.00942,1.00962,1.43,1.50
2013.02.14 15:06:01.285,1.00941,1.00963,1.43,1.99
2013.02.14 15:06:01.587,1.00941,1.00959,1.43,1.43
2013.02.14 15:06:01.945,1.00938,1.00957,2.18,1.24
2013.02.14 15:06:02.005,1.00936,1.00953,1.50,1.99
2013.02.14 15:06:02.626,1.00935,1.00954,1.50,2.07
2013.02.14 15:06:02.805,1.00932,1.00951,2.18,1.99
2013.02.14 15:06:02.927,1.00931,1.00951,3.60,1.99
2013.02.14 15:06:03.105,1.00932,1.00951,1.50,1.99
2013.02.14 15:06:03.527,1.00934,1.00951,1.50,1.99
2013.02.14 15:06:04.165,1.00934,1.00951,3.30,1.43
2013.02.14 15:06:04.469,1.00942,1.00952,1.50,1.50
2013.02.14 15:06:04.596,1.00942,1.00959,3.68,1.50
2013.02.14 15:06:05.557,1.00943,1.00961,1.43,1.43
2013.02.14 15:06:05.700,1.00944,1.00965,2.93,1.99
2013.02.14 15:06:05.766,1.00949,1.00965,1.43,1.99
2013.02.14 15:06:06.007,1.00951,1.0097,2.18,2.74
2013.02.14 15:06:06.066,1.00951,1.0097,2.18,2.74
2013.02.14 15:06:06.246,1.00951,1.0097,2.18,4.99
2013.02.14 15:06:06.426,1.00951,1.00965,2.18,1.50
2013.02.14 15:06:07.206,1.00951,1.0097,1.50,1.99
2013.02.14 15:06:08.195,1.00952,1.0097,1.50,2.74
2013.02.14 15:06:08.516,1.00952,1.00972,2.93,1.32
2013.02.14 15:06:08.875,1.00955,1.00972,1.50,1.32
2013.02.14 15:06:09.305,1.00952,1.00971,3.68,1.50
2013.02.14 15:06:09.485,1.00952,1.0097,1.50,2.74
2013.02.14 15:06:09.787,1.00951,1.00968,2.18,2.25
2013.02.14 15:06:09.848,1.00951,1.00968,2.18,2.25
2013.02.14 15:06:09.916,1.00951,1.00965,2.18,1.50
2013.02.14 15:06:10.217,1.00949,1.00968,1.50,4.43
2013.02.14 15:06:10.335,1.00949,1.00968,1.50,5.18
2013.02.14 15:06:10.460,1.00947,1.00966,1.50,2.25
2013.02.14 15:06:10.527,1.00946,1.00964,1.50,1.43
2013.02.14 15:06:10.825,1.00947,1.00966,1.50,2.25
2013.02.14 15:06:11.365,1.00947,1.00964,1.50,1.43
2013.02.14 15:06:11.846,1.0095,1.00968,2.18,3.00
2013.02.14 15:06:12.085,1.00949,1.00968,2.93,1.50
2013.02.14 15:06:12.903,1.00952,1.00967,1.50,1.50
2013.02.14 15:06:12.966,1.00952,1.00964,1.50,1.50
2013.02.14 15:06:13.268,1.00948,1.00962,1.13,1.50
2013.02.14 15:06:13.516,1.00948,1.00966,1.13,2.93
2013.02.14 15:06:14.206,1.0095,1.00966,1.50,2.93
2013.02.14 15:06:14.820,1.00951,1.00966,1.50,2.93
2013.02.14 15:06:16.295,1.00949,1.00966,2.93,2.18
2013.02.14 15:06:16.416,1.00947,1.00962,1.88,1.50
2013.02.14 15:06:16.475,1.00947,1.0096,2.55,1.50
2013.02.14 15:06:16.835,1.00946,1.00961,1.50,2.25
2013.02.14 15:06:17.075,1.00946,1.00963,1.50,3.68
2013.02.14 15:06:17.555,1.00946,1.00962,1.50,2.18
2013.02.14 15:06:17.735,1.00947,1.00964,2.55,2.25
2013.02.14 15:06:17.795,1.0095,1.00967,1.50,2.25
2013.02.14 15:06:18.151,1.00951,1.00967,1.50,2.25
2013.02.14 15:06:19.320,1.00951,1.00968,1.50,2.82
2013.02.14 15:06:19.630,1.00953,1.00968,1.50,1.32
2013.02.14 15:06:19.756,1.00956,1.00971,1.50,1.32
2013.02.14 15:06:20.135,1.00957,1.00973,1.50,2.18
2013.02.14 15:06:20.375,1.00957,1.0097,1.50,1.32
2013.02.14 15:06:20.555,1.00952,1.00968,1.88,2.07
2013.02.14 15:06:21.516,1.00952,1.00969,1.88,2.25
2013.02.14 15:06:22.234,1.00952,1.00969,1.50,2.25
2013.02.14 15:06:24.085,1.00952,1.00969,1.50,1.50
2013.02.14 15:06:24.388,1.00948,1.00958,1.28,1.50
2013.02.14 15:06:24.457,1.00944,1.00958,1.95,2.25
2013.02.14 15:06:24.525,1.00941,1.00956,1.50,2.25
2013.02.14 15:06:25.284,1.00941,1.00957,1.50,2.25
2013.02.14 15:06:25.645,1.00941,1.00958,1.50,2.25
2013.02.14 15:06:26.286,1.00942,1.00959,1.13,1.43
2013.02.14 15:06:26.406,1.00945,1.00963,1.50,1.50
2013.02.14 15:06:26.646,1.00947,1.00967,3.30,2.25
2013.02.14 15:06:27.005,1.00953,1.00967,1.13,2.25
2013.02.14 15:06:27.725,1.00953,1.00969,1.13,3.75
2013.02.14 15:06:27.785,1.00953,1.00969,1.13,3.75
2013.02.14 15:06:28.084,1.00952,1.00969,2.55,2.25
2013.02.14 15:06:28.385,1.00954,1.00967,1.13,1.50
2013.02.14 15:06:28.866,1.00956,1.00969,1.13,2.25
2013.02.14 15:06:29.467,1.00956,1.00973,1.13,2.25
2013.02.14 15:06:30.154,1.00956,1.00973,1.13,2.25
2013.02.14 15:06:30.566,1.00953,1.00964,1.58,1.50
2013.02.14 15:06:30.626,1.00952,1.00961,2.25,1.50
2013.02.14 15:06:30.805,1.00945,1.00962,1.50,1.43
2013.02.14 15:06:30.988,1.00946,1.00964,1.50,3.68
2013.02.14 15:06:31.295,1.0095,1.00967,1.13,1.50
2013.02.14 15:06:31.416,1.0095,1.00967,2.18,1.99
2013.02.14 15:06:31.476,1.0095,1.00969,2.18,3.00
2013.02.14 15:06:31.835,1.00952,1.00972,2.78,2.25
2013.02.14 15:06:32.195,1.00951,1.00969,1.13,3.00
2013.02.14 15:06:32.984,1.00953,1.00969,1.50,2.25
2013.02.14 15:06:33.493,1.00951,1.00968,2.10,1.43
2013.02.14 15:06:33.927,1.00954,1.00972,2.25,1.32
2013.02.14 15:06:34.045,1.00956,1.00972,1.43,4.32
2013.02.14 15:06:34.405,1.00956,1.00963,1.43,1.50
2013.02.14 15:06:34.465,1.00951,1.00963,1.65,2.25
2013.02.14 15:06:34.586,1.00954,1.00966,1.43,1.43
2013.02.14 15:06:34.711,1.00954,1.00968,2.18,2.07
2013.02.14 15:06:34.835,1.00957,1.00974,1.43,2.82
2013.02.14 15:06:35.317,1.00957,1.00972,2.55,1.50
2013.02.14 15:06:35.625,1.00955,1.00966,1.13,2.25
2013.02.14 15:06:35.806,1.00952,1.00965,1.13,1.24
2013.02.14 15:06:35.985,1.00949,1.00964,1.13,1.99
2013.02.14 15:06:36.672,1.00946,1.00963,3.98,1.43
2013.02.14 15:06:37.360,1.00948,1.00965,1.13,1.99
2013.02.14 15:06:38.006,1.00948,1.00965,1.13,1.99
2013.02.14 15:06:38.537,1.00947,1.00967,3.30,1.35
2013.02.14 15:06:38.656,1.00951,1.0097,1.50,2.93
2013.02.14 15:06:38.776,1.00956,1.0097,1.43,1.50
2013.02.14 15:06:39.105,1.00956,1.00971,2.55,2.82
2013.02.14 15:06:39.644,1.00957,1.00969,2.18,1.50
2013.02.14 15:06:40.215,1.00955,1.00971,2.18,1.99
2013.02.14 15:06:40.729,1.00956,1.00971,1.13,1.99
2013.02.14 15:06:41.365,1.00956,1.00971,1.58,2.82
2013.02.14 15:06:41.545,1.00955,1.00971,2.55,2.82
2013.02.14 15:06:42.053,1.00955,1.00971,2.55,2.82
2013.02.14 15:06:42.576,1.00955,1.00973,2.55,1.99
2013.02.14 15:06:42.756,1.00961,1.00973,1.50,1.32
2013.02.14 15:06:42.815,1.00961,1.00979,1.50,1.99
2013.02.14 15:06:42.995,1.00961,1.0098,2.93,3.38
2013.02.14 15:06:43.526,1.00964,1.0098,1.13,3.38
2013.02.14 15:06:43.836,1.00962,1.00974,1.28,1.43
2013.02.14 15:06:44.196,1.00957,1.00973,1.13,1.32
2013.02.14 15:06:44.567,1.00957,1.00972,1.13,1.32
2013.02.14 15:06:45.775,1.00957,1.0097,1.13,1.32
2013.02.14 15:06:45.983,1.00957,1.0097,1.13,1.32
2013.02.14 15:06:46.835,1.00954,1.00964,1.13,1.50
2013.02.14 15:06:47.195,1.00948,1.00961,1.20,1.50
2013.02.14 15:06:47.254,1.00946,1.00961,2.70,1.50
2013.02.14 15:06:47.315,1.00946,1.00962,2.70,1.99
2013.02.14 15:06:49.537,1.00948,1.00967,1.13,2.22
2013.02.14 15:06:49.606,1.0095,1.00968,2.93,2.29
2013.02.14 15:06:50.118,1.00948,1.00967,1.13,1.50
2013.02.14 15:06:50.436,1.00951,1.00968,1.50,1.32
2013.02.14 15:06:50.796,1.00956,1.00972,2.18,1.32
2013.02.14 15:06:50.856,1.00956,1.00972,2.18,1.32
2013.02.14 15:06:51.036,1.00957,1.00972,1.13,2.82
2013.02.14 15:06:51.346,1.00956,1.00971,2.18,1.50
2013.02.14 15:06:51.585,1.00957,1.00971,1.13,2.82
2013.02.14 15:06:52.277,1.00957,1.00973,1.50,1.32
2013.02.14 15:06:52.816,1.00957,1.00971,1.13,2.82
2013.02.14 15:06:53.356,1.00959,1.0097,1.13,1.32
2013.02.14 15:06:53.726,1.00957,1.0097,1.13,1.32
2013.02.14 15:06:53.786,1.00957,1.00967,1.13,1.32
2013.02.14 15:06:54.025,1.00954,1.0097,1.13,1.32
2013.02.14 15:06:54.086,1.00952,1.00968,1.50,2.07
2013.02.14 15:06:54.145,1.00952,1.00968,1.50,2.82
2013.02.14 15:06:54.385,1.00952,1.00969,5.25,2.07
2013.02.14 15:06:54.505,1.00954,1.00969,1.13,2.25
2013.02.14 15:06:54.805,1.00955,1.00972,2.18,2.93
2013.02.14 15:06:54.865,1.00955,1.00969,2.18,1.50
2013.02.14 15:06:55.375,1.00955,1.00969,2.18,2.25
2013.02.14 15:06:55.435,1.00955,1.00969,2.18,2.25
2013.02.14 15:06:55.915,1.00955,1.00969,1.13,1.99
2013.02.14 15:06:56.095,1.00952,1.00964,1.13,1.43
2013.02.14 15:06:56.155,1.00952,1.00967,1.13,2.85
2013.02.14 15:06:56.275,1.00951,1.00968,1.43,2.18
2013.02.14 15:06:56.336,1.00951,1.00968,1.43,2.18
2013.02.14 15:06:56.456,1.00951,1.00968,1.50,1.43
2013.02.14 15:06:56.516,1.00952,1.00968,3.30,1.43
2013.02.14 15:06:56.935,1.00952,1.00969,2.18,1.43
2013.02.14 15:06:56.995,1.00951,1.00966,1.13,2.18
2013.02.14 15:06:57.355,1.0095,1.00965,1.43,2.10
2013.02.14 15:06:57.885,1.0095,1.00963,1.43,1.43
2013.02.14 15:06:58.526,1.00951,1.00965,1.43,1.43
2013.02.14 15:06:58.956,1.0095,1.00966,1.43,2.10
2013.02.14 15:06:59.016,1.00948,1.00966,2.18,1.43
2013.02.14 15:06:59.076,1.0095,1.00969,1.43,2.10
2013.02.14 15:06:59.137,1.00952,1.0097,2.18,2.93
2013.02.14 15:06:59.265,1.00952,1.0097,2.18,1.43
2013.02.14 15:06:59.385,1.00955,1.00973,1.43,2.07
2013.02.14 15:06:59.445,1.00955,1.00973,1.43,2.07
2013.02.14 15:06:59.565,1.00956,1.00974,1.88,2.93
2013.02.14 15:07:00.105,1.00958,1.00975,1.43,1.43
2013.02.14 15:07:00.798,1.00958,1.00976,1.43,2.85
2013.02.14 15:07:01.106,1.00958,1.00978,2.18,1.50
2013.02.14 15:07:01.357,1.00961,1.00976,1.43,2.18
2013.02.14 15:07:02.413,1.00961,1.00977,2.18,3.60
2013.02.14 15:07:03.806,1.00962,1.00977,1.50,2.10
2013.02.14 15:07:04.356,1.00962,1.0098,3.49,1.43
2013.02.14 15:07:04.666,1.00963,1.00979,2.55,1.50
2013.02.14 15:07:04.726,1.00963,1.0098,1.13,2.10
2013.02.14 15:07:05.086,1.00962,1.00979,2.93,2.25
2013.02.14 15:07:05.448,1.00969,1.00982,2.18,2.10
2013.02.14 15:07:05.578,1.00966,1.0098,1.43,2.25
2013.02.14 15:07:05.826,1.00965,1.00982,2.18,3.53
2013.02.14 15:07:05.885,1.00965,1.00979,2.93,2.25
2013.02.14 15:07:06.007,1.00969,1.00983,1.43,4.28
2013.02.14 15:07:06.186,1.00969,1.00979,2.18,1.50
2013.02.14 15:07:06.546,1.00967,1.00982,2.18,2.55
2013.02.14 15:07:06.667,1.00964,1.00979,1.13,2.25
2013.02.14 15:07:07.217,1.00965,1.00979,1.13,1.32
2013.02.14 15:07:07.336,1.00964,1.0098,1.13,2.25
2013.02.14 15:07:07.525,1.00962,1.00977,1.50,1.50
2013.02.14 15:07:08.066,1.00967,1.00983,1.43,4.13
2013.02.14 15:07:08.375,1.00962,1.00976,1.80,1.28
2013.02.14 15:07:08.436,1.00962,1.0098,1.43,2.18
2013.02.14 15:07:08.675,1.00962,1.0098,2.18,3.68
2013.02.14 15:07:08.736,1.00962,1.00978,2.18,2.67
2013.02.14 15:07:09.040,1.00963,1.00978,2.10,1.50
2013.02.14 15:07:09.108,1.00963,1.00979,2.10,1.50
2013.02.14 15:07:09.656,1.00963,1.00979,1.05,2.25
2013.02.14 15:07:09.716,1.00964,1.00982,1.80,2.85
2013.02.14 15:07:09.837,1.00964,1.00982,2.18,2.25
2013.02.14 15:07:10.605,1.00964,1.00982,2.18,2.25
2013.02.14 15:07:11.275,1.00964,1.00982,2.18,3.57
2013.02.14 15:07:11.754,1.0096,1.00978,2.93,3.00
2013.02.14 15:07:12.296,1.00963,1.00979,2.18,2.25
2013.02.14 15:07:12.475,1.00964,1.00983,2.18,1.50
2013.02.14 15:07:12.835,1.00969,1.00984,2.18,1.50
2013.02.14 15:07:13.156,1.00969,1.00984,2.18,1.50
2013.02.14 15:07:13.716,1.00971,1.00987,1.43,1.50
2013.02.14 15:07:14.145,1.00973,1.00984,2.18,1.50
2013.02.14 15:07:14.275,1.00966,1.00983,1.80,2.25
2013.02.14 15:07:14.454,1.00966,1.00983,1.43,3.00
2013.02.14 15:07:14.515,1.00969,1.00983,2.18,1.50
2013.02.14 15:07:14.921,1.00969,1.00983,2.18,1.50
2013.02.14 15:07:16.105,1.00969,1.00983,2.18,1.50
2013.02.14 15:07:16.466,1.00967,1.00983,1.80,3.00
2013.02.14 15:07:16.706,1.00965,1.00983,2.18,3.00
2013.02.14 15:07:16.764,1.00965,1.00983,2.18,3.00
2013.02.14 15:07:17.575,1.00967,1.00983,2.55,3.00
2013.02.14 15:07:18.195,1.00963,1.00983,1.43,3.00
2013.02.14 15:07:18.255,1.00963,1.00983,1.43,3.00
2013.02.14 15:07:18.556,1.00961,1.00977,1.13,2.25
2013.02.14 15:07:18.855,1.00958,1.00977,2.85,2.25
2013.02.14 15:07:20.141,1.00958,1.00976,2.85,1.50
2013.02.14 15:07:20.666,1.00958,1.00973,2.18,1.05
2013.02.14 15:07:20.845,1.00955,1.00974,2.85,3.68
2013.02.14 15:07:21.376,1.00955,1.0097,1.50,1.32
2013.02.14 15:07:21.675,1.00947,1.00966,1.13,1.73
2013.02.14 15:07:22.036,1.00946,1.00963,1.43,1.62
2013.02.14 15:07:22.476,1.00943,1.00955,2.18,2.10
2013.02.14 15:07:22.778,1.00926,1.00946,2.18,2.55
2013.02.14 15:07:22.965,1.00928,1.00943,2.18,1.50
2013.02.14 15:07:23.324,1.00928,1.00941,2.18,1.50
2013.02.14 15:07:23.565,1.00928,1.00941,1.43,1.50
2013.02.14 15:07:23.625,1.00928,1.00943,1.43,1.50
2013.02.14 15:07:24.247,1.00928,1.00946,1.43,2.55
2013.02.14 15:07:24.606,1.00923,1.00942,2.55,1.17
2013.02.14 15:07:24.966,1.00923,1.00934,1.43,1.50
2013.02.14 15:07:25.269,1.00912,1.00927,2.18,1.50
2013.02.14 15:07:25.456,1.00913,1.00931,1.43,1.24
2013.02.14 15:07:25.635,1.00915,1.00933,2.85,2.82
2013.02.14 15:07:25.876,1.00915,1.00933,2.85,1.62
2013.02.14 15:07:26.057,1.00913,1.00929,2.18,2.55
2013.02.14 15:07:26.307,1.00913,1.00927,2.18,1.50
2013.02.14 15:07:26.367,1.00913,1.0093,2.18,3.00
2013.02.14 15:07:26.427,1.00911,1.00929,2.18,1.05
2013.02.14 15:07:26.727,1.00911,1.00928,1.43,2.10
2013.02.14 15:07:26.856,1.00909,1.00923,1.43,1.50
2013.02.14 15:07:27.037,1.00904,1.00923,2.18,2.85
2013.02.14 15:07:27.277,1.00904,1.00924,2.74,1.50
2013.02.14 15:07:27.344,1.00909,1.00924,1.24,1.50
2013.02.14 15:07:27.962,1.00903,1.00918,2.18,1.50
2013.02.14 15:07:28.310,1.00895,1.00903,1.50,1.99
2013.02.14 15:07:28.438,1.00886,1.00897,1.80,1.50
2013.02.14 15:07:28.509,1.00886,1.00899,1.43,1.50
2013.02.14 15:07:28.636,1.00884,1.00894,1.43,1.50
2013.02.14 15:07:28.697,1.00882,1.00894,1.43,1.50
2013.02.14 15:07:28.816,1.0088,1.00894,1.43,1.50
2013.02.14 15:07:28.999,1.0088,1.009,1.43,2.25
2013.02.14 15:07:29.065,1.0088,1.009,1.43,1.50
2013.02.14 15:07:29.126,1.00883,1.009,1.43,1.50
2013.02.14 15:07:29.425,1.00883,1.00902,1.43,1.50
2013.02.14 15:07:29.546,1.00883,1.00897,1.43,1.50
2013.02.14 15:07:29.726,1.00883,1.00903,1.43,2.25
2013.02.14 15:07:29.787,1.00885,1.00903,1.43,1.50
2013.02.14 15:07:29.905,1.00885,1.00905,1.43,1.50
2013.02.14 15:07:29.969,1.00884,1.00903,1.43,1.50
2013.02.14 15:07:30.455,1.00887,1.00905,1.43,1.50
2013.02.14 15:07:30.935,1.00886,1.00908,2.18,2.25
2013.02.14 15:07:31.055,1.00887,1.00902,1.43,1.50
2013.02.14 15:07:31.178,1.00887,1.00904,1.43,1.50
2013.02.14 15:07:31.246,1.00887,1.00904,1.43,1.50
2013.02.14 15:07:31.365,1.00883,1.00903,2.18,2.07
2013.02.14 15:07:31.486,1.00887,1.009,1.43,1.50
2013.02.14 15:07:31.605,1.00884,1.00899,1.43,1.50
2013.02.14 15:07:31.665,1.00883,1.00897,2.10,1.50
2013.02.14 15:07:31.786,1.00883,1.009,1.43,2.25
2013.02.14 15:07:31.905,1.00885,1.00897,1.50,1.50
2013.02.14 15:07:32.027,1.00891,1.00907,1.43,2.18
2013.02.14 15:07:32.087,1.00894,1.00912,2.10,2.25
2013.02.14 15:07:32.158,1.00897,1.00914,2.10,3.00
2013.02.14 15:07:32.466,1.00897,1.00918,2.18,3.00
2013.02.14 15:07:32.527,1.00897,1.00918,2.18,2.25
2013.02.14 15:07:32.646,1.00898,1.00918,1.43,1.50
2013.02.14 15:07:32.947,1.00905,1.00921,1.50,2.07
2013.02.14 15:07:33.307,1.00899,1.00908,1.50,1.50
2013.02.14 15:07:33.487,1.00893,1.00911,1.43,2.25
2013.02.14 15:07:33.726,1.00895,1.00911,1.43,3.00
2013.02.14 15:07:34.027,1.00895,1.00909,2.85,1.50
2013.02.14 15:07:34.153,1.00896,1.00917,1.88,3.68
2013.02.14 15:07:34.217,1.00896,1.00917,1.13,2.18
2013.02.14 15:07:34.336,1.00898,1.00918,2.85,1.50
2013.02.14 15:07:34.697,1.00895,1.00916,2.18,2.82
2013.02.14 15:07:34.887,1.00895,1.00911,1.43,1.50
2013.02.14 15:07:34.948,1.00895,1.00913,1.43,1.50
2013.02.14 15:07:35.076,1.00895,1.00917,2.74,1.35
2013.02.14 15:07:35.135,1.00899,1.00918,2.10,1.50
2013.02.14 15:07:35.436,1.00903,1.00914,1.43,1.43
2013.02.14 15:07:35.556,1.00902,1.00922,1.43,2.18
2013.02.14 15:07:35.616,1.00902,1.00922,1.43,1.43
2013.02.14 15:07:35.795,1.00906,1.00924,1.43,2.25
2013.02.14 15:07:36.326,1.00906,1.00922,1.43,2.25
2013.02.14 15:07:36.656,1.00906,1.00919,1.43,2.25
2013.02.14 15:07:37.166,1.00906,1.00922,1.43,1.50
2013.02.14 15:07:37.227,1.00906,1.00925,1.43,3.00
2013.02.14 15:07:37.296,1.00907,1.00925,1.43,1.50
2013.02.14 15:07:37.656,1.00911,1.00925,1.43,2.25
2013.02.14 15:07:37.957,1.00913,1.00925,1.43,3.00
2013.02.14 15:07:38.077,1.00909,1.00925,2.18,1.50
2013.02.14 15:07:38.315,1.00909,1.00927,2.18,2.25
2013.02.14 15:07:38.375,1.00913,1.00928,1.43,1.50
2013.02.14 15:07:38.617,1.0091,1.00928,1.43,2.10
2013.02.14 15:07:38.746,1.00907,1.00926,1.88,1.58
2013.02.14 15:07:39.106,1.00906,1.00924,2.93,1.58
2013.02.14 15:07:39.645,1.00906,1.00923,1.43,1.50
2013.02.14 15:07:39.956,1.00903,1.00915,1.50,2.25
2013.02.14 15:07:40.196,1.00901,1.00918,1.43,3.00
2013.02.14 15:07:40.375,1.00907,1.00918,1.43,2.25
2013.02.14 15:07:40.435,1.00907,1.00918,1.43,2.25
2013.02.14 15:07:40.947,1.00905,1.00921,3.60,3.00
2013.02.14 15:07:41.215,1.00905,1.0092,2.18,1.35
2013.02.14 15:07:41.517,1.00905,1.00916,2.18,1.20
2013.02.14 15:07:41.699,1.00899,1.00918,1.43,1.47
2013.02.14 15:07:41.886,1.00898,1.00916,1.50,2.10
2013.02.14 15:07:42.248,1.00895,1.00913,1.43,2.59
2013.02.14 15:07:42.545,1.00891,1.0091,2.25,1.99
2013.02.14 15:07:42.605,1.00892,1.0091,1.50,1.99
2013.02.14 15:07:42.848,1.009,1.00916,1.43,2.18
2013.02.14 15:07:42.917,1.009,1.00919,2.18,1.99
2013.02.14 15:07:43.096,1.00902,1.00921,2.93,2.22
2013.02.14 15:07:43.397,1.00901,1.00914,1.50,1.43
2013.02.14 15:07:43.526,1.009,1.00914,1.50,1.50
2013.02.14 15:07:43.647,1.00897,1.00914,1.13,1.39
2013.02.14 15:07:44.007,1.00899,1.00913,1.50,1.32
2013.02.14 15:07:44.126,1.00901,1.00917,2.18,1.32
2013.02.14 15:07:44.306,1.00901,1.00918,1.50,2.82
2013.02.14 15:07:44.365,1.00901,1.00916,1.50,1.50
2013.02.14 15:07:44.548,1.00897,1.00914,3.08,1.43
2013.02.14 15:07:44.670,1.00898,1.00918,1.43,2.18
2013.02.14 15:07:45.105,1.00897,1.00915,2.18,2.25
2013.02.14 15:07:45.759,1.00896,1.00909,1.32,1.43
2013.02.14 15:07:46.085,1.00886,1.00895,1.43,1.50
2013.02.14 15:07:46.326,1.00886,1.00898,1.43,1.50
2013.02.14 15:07:46.386,1.00886,1.00901,1.43,2.85
2013.02.14 15:07:46.686,1.00884,1.00899,3.19,1.43
2013.02.14 15:07:47.046,1.00886,1.00905,1.43,1.73
2013.02.14 15:07:47.167,1.00888,1.00907,1.32,2.18
2013.02.14 15:07:47.357,1.0089,1.0091,2.85,2.18
2013.02.14 15:07:47.485,1.00893,1.00911,2.18,1.50
2013.02.14 15:07:47.667,1.00897,1.00915,1.35,1.43
2013.02.14 15:07:47.726,1.00897,1.00917,2.18,1.50
2013.02.14 15:07:47.966,1.00892,1.00913,2.93,2.18
2013.02.14 15:07:48.145,1.00892,1.00913,2.18,2.18
2013.02.14 15:07:48.326,1.00894,1.00915,2.03,2.25
2013.02.14 15:07:48.386,1.00895,1.00916,1.35,1.43
2013.02.14 15:07:48.518,1.00898,1.00918,1.43,4.43
2013.02.14 15:07:48.767,1.00895,1.00914,2.55,2.18
2013.02.14 15:07:48.828,1.00893,1.0091,2.85,1.43
2013.02.14 15:07:49.196,1.0089,1.0091,2.93,2.40
2013.02.14 15:07:49.737,1.00892,1.0091,1.32,2.93
2013.02.14 15:07:50.096,1.00892,1.00908,1.32,1.43
2013.02.14 15:07:50.339,1.00887,1.00905,1.50,3.68
2013.02.14 15:07:50.725,1.00884,1.00902,1.32,1.43
2013.02.14 15:07:51.227,1.00884,1.00902,1.32,1.43
2013.02.14 15:07:51.925,1.00884,1.00899,1.32,1.50
2013.02.14 15:07:52.046,1.00879,1.00896,1.99,1.43
2013.02.14 15:07:52.301,1.00877,1.00896,1.13,1.43
2013.02.14 15:07:52.367,1.00877,1.00894,1.13,1.43
2013.02.14 15:07:52.685,1.00879,1.00893,1.32,1.43
2013.02.14 15:07:53.047,1.00877,1.00895,1.50,1.43
2013.02.14 15:07:53.225,1.00876,1.00895,1.32,1.43
2013.02.14 15:07:53.528,1.00876,1.00895,1.32,1.43
2013.02.14 15:07:54.077,1.00875,1.00892,1.32,1.43
2013.02.14 15:07:54.495,1.00873,1.00892,1.24,1.43
2013.02.14 15:07:54.557,1.00872,1.00892,1.17,1.43
2013.02.14 15:07:54.615,1.00871,1.00892,2.74,3.68
2013.02.14 15:07:54.917,1.00868,1.00887,2.07,1.65
2013.02.14 15:07:55.385,1.00863,1.00878,1.43,2.25
2013.02.14 15:07:55.709,1.00856,1.00873,1.32,1.50
2013.02.14 15:07:55.777,1.00856,1.00871,1.32,1.43
2013.02.14 15:07:55.955,1.00847,1.0087,4.17,2.18
2013.02.14 15:07:56.498,1.00852,1.00871,1.43,2.18
2013.02.14 15:07:56.747,1.00848,1.00867,1.32,1.43
2013.02.14 15:07:57.107,1.00845,1.00863,1.32,1.80
2013.02.14 15:07:57.416,1.00842,1.00859,2.18,2.48
2013.02.14 15:07:57.536,1.00839,1.00858,2.18,2.25
2013.02.14 15:07:57.597,1.00839,1.00858,1.43,2.25
2013.02.14 15:07:57.718,1.00839,1.00854,1.43,2.25
2013.02.14 15:07:57.968,1.00837,1.00854,1.99,3.30
2013.02.14 15:07:58.157,1.00837,1.0085,1.99,1.43
2013.02.14 15:07:58.338,1.00836,1.00853,1.32,1.43
2013.02.14 15:07:58.408,1.00836,1.00851,1.32,1.50
2013.02.14 15:07:58.476,1.00836,1.00853,1.32,2.93
2013.02.14 15:07:58.777,1.00836,1.00854,2.74,2.25
2013.02.14 15:07:59.081,1.00836,1.00846,1.32,1.50
2013.02.14 15:07:59.387,1.00836,1.00842,1.32,1.50
2013.02.14 15:07:59.745,1.00833,1.00838,1.32,1.50
2013.02.14 15:08:00.226,1.00826,1.00837,1.50,2.93
2013.02.14 15:08:00.410,1.00817,1.00832,2.93,1.50
2013.02.14 15:08:00.538,1.00816,1.00835,1.32,1.58
2013.02.14 15:08:00.607,1.00816,1.00826,1.32,1.43
2013.02.14 15:08:00.856,1.00819,1.00837,1.32,2.18
2013.02.14 15:08:00.916,1.00822,1.00837,1.32,2.18
2013.02.14 15:08:01.156,1.00826,1.00845,1.32,2.18
2013.02.14 15:08:01.215,1.00826,1.00845,1.32,1.43
2013.02.14 15:08:01.395,1.00826,1.00845,1.32,1.43
2013.02.14 15:08:01.515,1.0083,1.00845,1.32,1.43
2013.02.14 15:08:01.817,1.00831,1.00851,1.32,1.43
2013.02.14 15:08:01.937,1.00833,1.00854,1.99,4.43
2013.02.14 15:08:02.116,1.00837,1.00851,1.32,1.43
2013.02.14 15:08:02.307,1.00837,1.00856,1.32,1.43
2013.02.14 15:08:02.426,1.00837,1.00858,2.74,2.25
2013.02.14 15:08:02.991,1.00841,1.0086,1.99,2.40
2013.02.14 15:08:03.305,1.00841,1.00858,2.74,1.50
2013.02.14 15:08:03.365,1.00841,1.0086,1.99,2.18
2013.02.14 15:08:03.692,1.00847,1.00861,1.50,1.50
2013.02.14 15:08:03.760,1.00849,1.00868,2.18,1.43
2013.02.14 15:08:03.828,1.00849,1.00869,2.93,1.50
2013.02.14 15:08:03.897,1.00851,1.0087,1.32,2.18
2013.02.14 15:08:04.209,1.00859,1.00871,1.99,1.50
2013.02.14 15:08:04.515,1.00861,1.00882,2.18,2.25
2013.02.14 15:08:04.576,1.00861,1.00879,2.18,2.25
2013.02.14 15:08:04.939,1.00859,1.00878,1.43,1.50
2013.02.14 15:08:05.007,1.00859,1.00879,2.74,4.43
2013.02.14 15:08:05.365,1.00859,1.00879,2.74,4.43
2013.02.14 15:08:05.728,1.00862,1.00877,1.43,2.78
2013.02.14 15:08:05.848,1.00863,1.00877,1.43,2.78
2013.02.14 15:08:05.916,1.00858,1.00878,2.18,3.00
2013.02.14 15:08:05.977,1.00859,1.00878,1.50,2.25
2013.02.14 15:08:06.337,1.00866,1.0088,1.32,1.28
2013.02.14 15:08:06.410,1.00867,1.00881,1.50,1.43
2013.02.14 15:08:06.478,1.00867,1.00886,1.50,1.43
2013.02.14 15:08:06.548,1.00867,1.00885,1.50,1.28
2013.02.14 15:08:06.618,1.00868,1.00886,1.32,1.43
2013.02.14 15:08:06.691,1.00876,1.00888,1.32,1.43
2013.02.14 15:08:06.817,1.00878,1.00895,1.50,3.98
2013.02.14 15:08:07.357,1.00881,1.00898,2.07,1.43
2013.02.14 15:08:07.595,1.00881,1.009,1.32,1.43
2013.02.14 15:08:07.777,1.00881,1.00898,1.32,1.50
2013.02.14 15:08:07.836,1.00878,1.00898,2.74,2.25
2013.02.14 15:08:08.017,1.00876,1.00896,3.30,2.18
2013.02.14 15:08:08.438,1.00875,1.0089,1.13,2.78
2013.02.14 15:08:08.747,1.00873,1.00886,1.99,1.28
2013.02.14 15:08:09.105,1.00867,1.00883,3.75,1.43
2013.02.14 15:08:09.225,1.00866,1.00883,2.07,1.43
2013.02.14 15:08:09.287,1.00866,1.00883,2.59,1.43
2013.02.14 15:08:09.408,1.00867,1.00883,3.00,1.43
2013.02.14 15:08:09.477,1.00871,1.00887,1.50,1.43
2013.02.14 15:08:09.536,1.00871,1.0089,1.50,2.18
2013.02.14 15:08:09.597,1.00872,1.0089,1.50,2.18
2013.02.14 15:08:09.957,1.00877,1.00892,1.50,1.43
2013.02.14 15:08:10.137,1.00882,1.00898,2.18,1.50
2013.02.14 15:08:10.259,1.00879,1.00899,1.43,3.68
2013.02.14 15:08:10.505,1.00877,1.00897,1.35,2.18
2013.02.14 15:08:11.201,1.00876,1.00897,1.50,2.70
2013.02.14 15:08:11.280,1.00872,1.0089,2.18,2.85
2013.02.14 15:08:11.348,1.00871,1.00888,1.50,3.68
2013.02.14 15:08:11.417,1.00871,1.00887,1.50,2.70
2013.02.14 15:08:11.476,1.00867,1.00885,1.50,2.93
2013.02.14 15:08:11.600,1.00867,1.00879,1.50,2.25
2013.02.14 15:08:11.726,1.00856,1.00871,1.62,1.50
2013.02.14 15:08:11.787,1.00855,1.00871,1.13,1.50
2013.02.14 15:08:11.855,1.00852,1.00871,1.24,2.25
2013.02.14 15:08:11.917,1.00851,1.00871,2.67,2.25
2013.02.14 15:08:12.467,1.00851,1.0087,2.18,2.25
2013.02.14 15:08:12.765,1.00852,1.00872,1.99,1.28
2013.02.14 15:08:13.246,1.00856,1.00873,1.50,3.68
2013.02.14 15:08:13.485,1.00856,1.00871,1.50,1.43
2013.02.14 15:08:13.786,1.00862,1.00876,1.24,2.18
2013.02.14 15:08:14.025,1.00864,1.0088,1.24,2.18
2013.02.14 15:08:14.545,1.00864,1.00881,1.24,1.43
2013.02.14 15:08:15.079,1.00867,1.00881,1.50,1.43
2013.02.14 15:08:15.565,1.00867,1.00881,1.24,1.43
2013.02.14 15:08:15.990,1.00868,1.00883,1.24,1.43
2013.02.14 15:08:16.069,1.00861,1.00877,1.62,2.25
2013.02.14 15:08:16.197,1.00861,1.00878,1.62,1.50
2013.02.14 15:08:16.257,1.00861,1.00878,1.24,2.25
2013.02.14 15:08:16.747,1.00858,1.00875,1.92,2.25
2013.02.14 15:08:17.346,1.00857,1.00875,2.10,1.50
2013.02.14 15:08:17.585,1.00861,1.00877,1.24,1.50
2013.02.14 15:08:17.825,1.00862,1.0088,1.24,7.43
2013.02.14 15:08:17.885,1.00862,1.0088,1.24,7.43
2013.02.14 15:08:18.185,1.00867,1.00884,1.24,2.25
2013.02.14 15:08:18.245,1.00867,1.00884,1.24,2.25
2013.02.14 15:08:18.305,1.00867,1.00884,1.24,2.25
2013.02.14 15:08:18.726,1.00867,1.00886,1.99,2.25
2013.02.14 15:08:18.788,1.00869,1.00886,1.24,1.50
2013.02.14 15:08:19.166,1.00869,1.00889,2.67,2.25
2013.02.14 15:08:19.225,1.00871,1.00889,1.92,2.25
2013.02.14 15:08:19.360,1.00876,1.00893,1.32,2.18
2013.02.14 15:08:19.757,1.00876,1.00894,1.32,2.93
2013.02.14 15:08:19.815,1.00876,1.00892,1.32,1.50
2013.02.14 15:08:20.355,1.00877,1.00895,1.32,1.43
2013.02.14 15:08:20.415,1.00878,1.00898,2.18,1.43
2013.02.14 15:08:20.536,1.00881,1.009,2.74,4.43
2013.02.14 15:08:21.095,1.00881,1.009,4.24,1.43
2013.02.14 15:08:21.507,1.00881,1.00898,1.32,2.18
2013.02.14 15:08:21.566,1.0088,1.00898,1.32,3.68
2013.02.14 15:08:21.686,1.00877,1.00896,2.07,2.93
2013.02.14 15:08:22.491,1.0088,1.00896,1.13,1.50
2013.02.14 15:08:22.573,1.00878,1.00897,1.99,2.25
2013.02.14 15:08:22.640,1.00878,1.00898,1.99,1.35
2013.02.14 15:08:22.705,1.00878,1.00898,1.99,1.35
2013.02.14 15:08:23.006,1.00881,1.00899,3.49,1.50
2013.02.14 15:08:23.065,1.00881,1.00902,3.49,2.18
2013.02.14 15:08:24.187,1.00887,1.00905,1.32,2.18
2013.02.14 15:08:24.246,1.00887,1.00905,1.32,1.43
2013.02.14 15:08:24.310,1.00887,1.00907,2.74,3.68
2013.02.14 15:08:24.436,1.00887,1.00907,2.74,1.43
2013.02.14 15:08:24.561,1.00887,1.00907,2.93,1.50
2013.02.14 15:08:24.926,1.00885,1.00903,2.82,1.43
2013.02.14 15:08:25.286,1.00883,1.00891,1.43,2.25
2013.02.14 15:08:25.645,1.00876,1.00892,1.43,2.25
2013.02.14 15:08:25.767,1.00874,1.00892,1.43,2.25
2013.02.14 15:08:26.306,1.00874,1.00889,1.43,1.50
2013.02.14 15:08:26.606,1.00874,1.00893,2.18,1.35
2013.02.14 15:08:26.726,1.00874,1.00894,2.74,2.18
2013.02.14 15:08:27.296,1.00877,1.00894,2.85,1.43
2013.02.14 15:08:27.357,1.00877,1.00897,3.53,1.43
2013.02.14 15:08:27.655,1.00878,1.00896,2.40,2.25
2013.02.14 15:08:28.175,1.00876,1.00895,2.18,2.18
2013.02.14 15:08:28.685,1.00875,1.00895,2.18,2.93
2013.02.14 15:08:29.153,1.00878,1.00893,1.35,1.43
2013.02.14 15:08:29.216,1.00879,1.00897,1.35,2.18
2013.02.14 15:08:29.455,1.00882,1.00901,2.18,3.68
2013.02.14 15:08:30.947,1.00882,1.009,1.50,2.55
2013.02.14 15:08:31.257,1.00877,1.00891,1.50,1.50
2013.02.14 15:08:31.317,1.00874,1.00891,1.50,1.80
2013.02.14 15:08:31.376,1.00872,1.0089,2.18,1.05
2013.02.14 15:08:31.435,1.00871,1.0089,1.50,2.48
2013.02.14 15:08:32.766,1.00871,1.00889,1.50,1.05
2013.02.14 15:08:33.436,1.00871,1.00887,1.50,1.43
2013.02.14 15:08:33.617,1.00871,1.00883,1.50,1.50
2013.02.14 15:08:33.796,1.00866,1.00881,2.07,1.43
2013.02.14 15:08:33.856,1.00866,1.00884,2.07,1.43
2013.02.14 15:08:34.105,1.00869,1.00889,1.50,2.55
2013.02.14 15:08:34.586,1.00871,1.00891,2.25,2.18
2013.02.14 15:08:34.706,1.00874,1.00893,2.07,2.18
2013.02.14 15:08:35.266,1.00876,1.00894,1.50,1.43
2013.02.14 15:08:35.905,1.00876,1.00892,1.50,1.43
2013.02.14 15:08:36.905,1.00876,1.00894,1.50,1.43
2013.02.14 15:08:37.087,1.00878,1.00895,1.50,1.43
2013.02.14 15:08:37.515,1.00879,1.00898,1.50,2.18
2013.02.14 15:08:38.357,1.0088,1.009,2.18,1.43
2013.02.14 15:08:38.596,1.00884,1.00902,1.43,1.50
2013.02.14 15:08:38.898,1.00884,1.00903,2.18,4.35
2013.02.14 15:08:39.026,1.00881,1.009,2.18,1.43
2013.02.14 15:08:39.087,1.00881,1.009,2.18,2.18
2013.02.14 15:08:39.665,1.00877,1.00898,3.49,1.50
2013.02.14 15:08:40.156,1.00878,1.00899,1.50,2.18
2013.02.14 15:08:40.676,1.0088,1.00899,1.50,2.18
2013.02.14 15:08:41.009,1.00887,1.00899,1.50,1.43
2013.02.14 15:08:41.318,1.00892,1.00911,1.43,2.74
2013.02.14 15:08:41.866,1.00888,1.00909,1.50,1.43
2013.02.14 15:08:41.986,1.00891,1.00911,2.93,3.49
2013.02.14 15:08:42.045,1.00891,1.00911,2.18,4.99
2013.02.14 15:08:42.656,1.00888,1.00908,2.18,1.43
2013.02.14 15:08:42.716,1.00888,1.00907,1.43,1.43
2013.02.14 15:08:42.776,1.00885,1.00906,2.78,2.18
2013.02.14 15:08:42.837,1.00883,1.00903,2.93,1.43
2013.02.14 15:08:42.906,1.00883,1.00903,2.18,2.18
2013.02.14 15:08:43.025,1.00882,1.00901,1.50,3.68
2013.02.14 15:08:43.207,1.00879,1.009,2.18,2.25
2013.02.14 15:08:43.566,1.00879,1.009,2.18,2.25
2013.02.14 15:08:43.866,1.00881,1.009,2.25,1.50
2013.02.14 15:08:43.986,1.00883,1.00904,2.18,5.03
2013.02.14 15:08:44.165,1.00883,1.00904,2.93,2.85
2013.02.14 15:08:44.735,1.00885,1.00907,2.18,3.68
2013.02.14 15:08:44.807,1.00887,1.00907,2.93,2.18
2013.02.14 15:08:44.867,1.00888,1.00908,1.99,2.25
2013.02.14 15:08:45.107,1.00887,1.00904,1.32,1.50
2013.02.14 15:08:45.228,1.00889,1.00904,1.43,3.68
2013.02.14 15:08:45.416,1.00882,1.00897,1.32,2.25
2013.02.14 15:08:45.476,1.00884,1.00897,1.43,2.25
2013.02.14 15:08:45.785,1.0088,1.009,1.99,3.00
2013.02.14 15:08:45.965,1.0088,1.009,1.99,2.25
2013.02.14 15:08:46.956,1.0088,1.00902,1.99,2.18
2013.02.14 15:08:47.018,1.00882,1.00902,2.07,2.18
2013.02.14 15:08:47.086,1.00883,1.00901,2.74,1.43
2013.02.14 15:08:47.146,1.00882,1.00901,2.93,1.43
2013.02.14 15:08:48.175,1.00881,1.009,2.18,2.93
2013.02.14 15:08:48.685,1.00881,1.00901,2.18,2.25
2013.02.14 15:08:50.756,1.00883,1.00901,1.43,2.25
2013.02.14 15:08:51.293,1.00882,1.00901,2.18,2.25
2013.02.14 15:08:51.823,1.00881,1.009,1.43,2.25
2013.02.14 15:08:53.649,1.00881,1.009,1.43,2.25
2013.02.14 15:08:54.055,1.00882,1.00902,1.32,2.18
2013.02.14 15:08:54.309,1.00882,1.00897,1.32,1.50
2013.02.14 15:08:54.814,1.0088,1.00897,1.13,3.68
2013.02.14 15:08:57.937,1.0088,1.00899,2.74,2.18
2013.02.14 15:08:58.057,1.00882,1.00898,1.99,2.25
2013.02.14 15:08:58.175,1.0088,1.00898,2.74,2.25
2013.02.14 15:08:59.195,1.00875,1.00896,2.67,1.43
2013.02.14 15:08:59.256,1.00875,1.00891,2.07,3.23
2013.02.14 15:08:59.509,1.00875,1.00894,1.32,2.18
2013.02.14 15:08:59.816,1.00875,1.00895,2.18,2.18
2013.02.14 15:09:00.095,1.00875,1.00895,2.93,2.18
2013.02.14 15:09:00.275,1.00877,1.00898,3.68,3.68
2013.02.14 15:09:00.336,1.00877,1.00895,2.25,1.43
2013.02.14 15:09:01.256,1.00881,1.00895,1.24,1.43
2013.02.14 15:09:01.317,1.00881,1.00897,2.67,1.43
2013.02.14 15:09:01.377,1.00883,1.00899,1.24,1.43
2013.02.14 15:09:01.438,1.00884,1.00901,1.99,2.18
2013.02.14 15:09:01.568,1.00884,1.00904,1.99,4.43
2013.02.14 15:09:01.637,1.00887,1.00903,1.32,2.25
2013.02.14 15:09:02.065,1.00882,1.009,2.07,2.25
2013.02.14 15:09:02.256,1.00882,1.009,1.32,2.93
2013.02.14 15:09:02.646,1.00882,1.009,1.32,2.93
2013.02.14 15:09:03.005,1.00884,1.00901,1.99,1.43
2013.02.14 15:09:03.545,1.00885,1.00904,1.50,4.43
2013.02.14 15:09:03.864,1.00885,1.00904,1.32,4.43
2013.02.14 15:09:03.985,1.00884,1.00904,1.43,4.43
2013.02.14 15:09:04.788,1.00885,1.00904,1.50,2.93
2013.02.14 15:09:06.035,1.00884,1.009,1.43,2.07
2013.02.14 15:09:06.215,1.00881,1.00898,2.10,3.68
2013.02.14 15:09:06.276,1.00881,1.00895,2.10,1.43
2013.02.14 15:09:06.863,1.00877,1.00895,1.32,1.43
2013.02.14 15:09:07.165,1.00877,1.00895,1.32,1.43
2013.02.14 15:09:07.969,1.00877,1.00895,1.32,1.43
2013.02.14 15:09:08.047,1.00878,1.00897,1.50,2.93
2013.02.14 15:09:08.183,1.00879,1.00897,1.50,1.43
2013.02.14 15:09:08.256,1.00882,1.00902,2.18,1.99
2013.02.14 15:09:08.330,1.00883,1.00903,1.35,1.50
2013.02.14 15:09:09.827,1.00885,1.00904,1.50,2.25
2013.02.14 15:09:11.206,1.00887,1.00907,1.50,2.18
2013.02.14 15:09:11.326,1.00889,1.00909,2.18,2.25
2013.02.14 15:09:11.795,1.00887,1.00907,1.50,1.43
2013.02.14 15:09:12.386,1.00888,1.00907,1.50,2.85
2013.02.14 15:09:12.878,1.00887,1.00905,1.50,1.43
2013.02.14 15:09:13.009,1.00886,1.00901,1.43,1.50
2013.02.14 15:09:13.078,1.00886,1.00902,1.43,1.50
2013.02.14 15:09:13.146,1.00884,1.00899,2.18,1.43
2013.02.14 15:09:13.386,1.00881,1.009,2.85,2.18
2013.02.14 15:09:13.508,1.00881,1.009,2.85,2.18
2013.02.14 15:09:13.817,1.00882,1.00903,4.35,2.18
2013.02.14 15:09:13.995,1.00882,1.00899,1.50,2.10
2013.02.14 15:09:14.545,1.00879,1.00898,1.50,2.93
2013.02.14 15:09:14.605,1.00877,1.00896,2.78,1.43
2013.02.14 15:09:14.667,1.00875,1.00895,2.18,2.18
2013.02.14 15:09:14.785,1.00874,1.00893,1.43,1.43
2013.02.14 15:09:15.876,1.00872,1.00893,2.93,1.43
2013.02.14 15:09:16.476,1.00874,1.00893,1.43,2.18
2013.02.14 15:09:17.016,1.00875,1.00892,1.50,2.10
2013.02.14 15:09:17.387,1.00872,1.00891,2.18,1.32
2013.02.14 15:09:17.925,1.00873,1.00892,2.18,2.18
2013.02.14 15:09:18.046,1.00875,1.00892,1.50,1.43
2013.02.14 15:09:18.106,1.00875,1.00895,2.93,1.32
2013.02.14 15:09:18.165,1.00877,1.00896,1.50,1.43
2013.02.14 15:09:18.286,1.00875,1.00896,2.93,2.93
2013.02.14 15:09:19.066,1.00874,1.00893,1.50,2.03
2013.02.14 15:09:19.143,1.00866,1.00886,1.43,2.93
2013.02.14 15:09:19.223,1.00866,1.00886,2.18,2.18
2013.02.14 15:09:19.418,1.00868,1.00888,1.43,1.50
2013.02.14 15:09:19.489,1.00868,1.00888,1.43,1.50
2013.02.14 15:09:19.622,1.00868,1.00889,1.43,2.93
2013.02.14 15:09:19.865,1.00868,1.00889,1.43,6.49
2013.02.14 15:09:20.227,1.00868,1.00889,1.43,3.68
2013.02.14 15:09:20.736,1.00868,1.00889,1.43,6.49
2013.02.14 15:09:21.165,1.00866,1.00886,2.93,2.18
2013.02.14 15:09:21.346,1.00869,1.00889,1.43,4.43
2013.02.14 15:09:21.407,1.00869,1.00889,2.18,2.18
2013.02.14 15:09:21.466,1.00871,1.0089,1.43,1.43
2013.02.14 15:09:21.995,1.00871,1.00891,2.18,1.32
2013.02.14 15:09:22.296,1.00876,1.00893,1.43,1.35
2013.02.14 15:09:22.819,1.00876,1.00893,2.18,1.35
2013.02.14 15:09:22.945,1.00872,1.00891,1.50,2.18
2013.02.14 15:09:23.066,1.00871,1.00891,2.93,2.18
2013.02.14 15:09:24.608,1.00871,1.00891,3.68,2.18
2013.02.14 15:09:24.678,1.00872,1.00891,1.50,2.18
2013.02.14 15:09:24.926,1.00871,1.00891,2.18,2.18
2013.02.14 15:09:25.167,1.0087,1.00888,1.43,1.43
2013.02.14 15:09:25.525,1.00867,1.00884,1.50,1.43
2013.02.14 15:09:25.647,1.00867,1.00884,1.32,1.43
2013.02.14 15:09:25.826,1.00867,1.00887,3.49,1.43
2013.02.14 15:09:25.886,1.00867,1.00887,2.18,1.43
2013.02.14 15:09:25.945,1.00867,1.00887,1.43,3.60
2013.02.14 15:09:26.129,1.00866,1.00884,1.50,1.43
2013.02.14 15:09:26.845,1.00865,1.00884,2.18,1.43
2013.02.14 15:09:27.383,1.00865,1.00884,2.93,1.43
2013.02.14 15:09:27.686,1.00863,1.00881,2.85,1.43
2013.02.14 15:09:28.025,1.00863,1.00881,2.85,1.43
2013.02.14 15:09:28.495,1.00865,1.00881,1.32,1.43
2013.02.14 15:09:28.615,1.00863,1.00881,1.32,1.43
2013.02.14 15:09:28.675,1.00863,1.00878,1.92,1.43
2013.02.14 15:09:30.336,1.00863,1.00881,1.32,2.85
2013.02.14 15:09:30.456,1.00866,1.00879,1.32,1.43
2013.02.14 15:09:30.635,1.00866,1.00886,1.32,2.93
2013.02.14 15:09:30.696,1.00868,1.00886,2.82,2.18
2013.02.14 15:09:31.177,1.00869,1.00886,1.50,1.43
2013.02.14 15:09:31.295,1.00869,1.00889,1.50,1.43
2013.02.14 15:09:31.817,1.00872,1.00888,1.50,1.43
2013.02.14 15:09:32.237,1.00873,1.0089,2.25,2.18
2013.02.14 15:09:32.662,1.00878,1.0089,1.50,1.43
2013.02.14 15:09:32.750,1.0088,1.00896,1.50,1.43
2013.02.14 15:09:33.755,1.00877,1.00896,1.32,2.18
2013.02.14 15:09:33.815,1.00875,1.00896,2.18,3.60
2013.02.14 15:09:33.876,1.00873,1.00891,1.32,1.43
2013.02.14 15:09:33.996,1.00872,1.00889,2.93,1.43
2013.02.14 15:09:34.305,1.00872,1.00887,1.50,1.43
2013.02.14 15:09:38.157,1.00868,1.00887,2.25,2.18
2013.02.14 15:09:38.335,1.00865,1.00881,1.50,1.43
2013.02.14 15:09:38.455,1.00862,1.00881,1.50,2.18
2013.02.14 15:09:39.615,1.0086,1.00879,2.25,1.43
2013.02.14 15:09:41.317,1.00861,1.00878,1.50,1.43
2013.02.14 15:09:41.558,1.00856,1.00877,1.50,1.43
2013.02.14 15:09:42.106,1.00857,1.00877,1.50,1.43
2013.02.14 15:09:42.677,1.00863,1.0088,2.25,2.74
2013.02.14 15:09:42.737,1.00866,1.0088,1.50,1.43
2013.02.14 15:09:42.796,1.00866,1.00884,1.50,2.18
2013.02.14 15:09:43.307,1.00866,1.00884,1.50,1.43
2013.02.14 15:09:43.368,1.00867,1.00887,2.18,2.18
2013.02.14 15:09:43.556,1.00864,1.00882,1.88,2.18
2013.02.14 15:09:43.879,1.00861,1.0088,1.50,1.43
2013.02.14 15:09:44.128,1.00861,1.00882,1.50,2.18
2013.02.14 15:09:44.386,1.00862,1.00883,1.43,1.50
2013.02.14 15:09:44.871,1.00862,1.00883,2.93,1.43
2013.02.14 15:09:45.229,1.00865,1.00883,1.50,1.32
2013.02.14 15:09:45.370,1.00859,1.00879,2.55,2.85
2013.02.14 15:09:45.496,1.00859,1.00878,2.55,1.32
2013.02.14 15:09:45.616,1.00857,1.00876,8.10,2.18
2013.02.14 15:09:46.225,1.00857,1.00876,1.43,2.18
2013.02.14 15:09:46.525,1.00854,1.00874,3.38,2.93
2013.02.14 15:09:46.728,1.00854,1.00874,4.13,2.18
2013.02.14 15:09:47.167,1.00854,1.00873,2.18,1.43
2013.02.14 15:09:47.716,1.00853,1.00872,1.35,1.43
2013.02.14 15:09:48.196,1.00853,1.00872,1.35,2.93
2013.02.14 15:09:48.255,1.00851,1.00871,2.78,1.50
2013.02.14 15:09:48.316,1.00851,1.00862,1.35,1.43
2013.02.14 15:09:48.436,1.00847,1.00862,2.74,1.43
2013.02.14 15:09:49.195,1.00847,1.00866,2.74,1.43
2013.02.14 15:09:49.429,1.00847,1.00862,2.18,1.43
2013.02.14 15:09:49.557,1.00846,1.00862,1.99,1.43
2013.02.14 15:09:50.678,1.00843,1.00862,1.99,1.43
2013.02.14 15:09:50.797,1.00844,1.00859,1.32,1.43
2013.02.14 15:09:50.941,1.00839,1.00859,1.32,2.18
2013.02.14 15:09:51.189,1.00837,1.00857,1.50,2.33
2013.02.14 15:09:51.256,1.00837,1.00857,1.50,2.70
2013.02.14 15:09:51.736,1.00837,1.00856,1.32,1.43
2013.02.14 15:09:52.097,1.00836,1.00853,1.43,1.32
2013.02.14 15:09:52.217,1.00835,1.00852,1.50,1.43
2013.02.14 15:09:52.577,1.00832,1.00851,2.18,3.04
2013.02.14 15:09:52.696,1.0083,1.00849,2.25,1.32
2013.02.14 15:09:53.057,1.00828,1.00848,1.43,2.74
2013.02.14 15:09:53.118,1.00827,1.00848,2.93,2.74
2013.02.14 15:09:53.237,1.00827,1.00848,1.50,2.93
2013.02.14 15:09:53.366,1.00827,1.00847,1.43,1.32
2013.02.14 15:09:53.485,1.00828,1.00848,2.85,3.49
2013.02.14 15:09:53.606,1.00832,1.00849,1.50,1.50
2013.02.14 15:09:53.846,1.00828,1.00846,2.10,1.43
2013.02.14 15:09:53.967,1.00828,1.00848,1.73,2.85
2013.02.14 15:09:54.088,1.0083,1.00845,2.25,1.43
2013.02.14 15:09:54.445,1.00829,1.00848,1.43,2.18
2013.02.14 15:09:54.787,1.00826,1.00847,4.73,2.18
2013.02.14 15:09:54.906,1.00827,1.00847,3.00,1.43
2013.02.14 15:09:55.637,1.00827,1.00847,3.00,2.18
2013.02.14 15:09:55.977,1.00822,1.00842,3.60,1.99
2013.02.14 15:09:56.156,1.00824,1.00839,1.50,1.43
2013.02.14 15:09:56.215,1.00821,1.00839,1.43,1.43
2013.02.14 15:09:56.276,1.00821,1.00834,1.43,1.43
2013.02.14 15:09:56.636,1.00819,1.00832,2.18,1.43
2013.02.14 15:09:56.696,1.00819,1.00836,2.18,2.18
2013.02.14 15:09:56.876,1.00819,1.00838,2.93,1.32
2013.02.14 15:09:58.965,1.00821,1.0084,1.43,1.32
2013.02.14 15:09:59.385,1.0082,1.00838,2.18,1.32
2013.02.14 15:09:59.566,1.00817,1.00837,1.80,2.18
2013.02.14 15:10:00.097,1.00825,1.00839,1.50,2.18
2013.02.14 15:10:00.276,1.00827,1.00844,2.03,1.50
2013.02.14 15:10:00.517,1.00832,1.00846,1.43,1.50
2013.02.14 15:10:00.879,1.00826,1.00843,1.43,1.24
2013.02.14 15:10:00.946,1.00831,1.00844,1.43,2.07
2013.02.14 15:10:01.187,1.00831,1.00848,1.43,1.32
2013.02.14 15:10:01.246,1.00834,1.00849,1.43,2.07
2013.02.14 15:10:01.670,1.00837,1.00849,1.43,1.50
2013.02.14 15:10:01.737,1.00837,1.00856,2.18,1.50
2013.02.14 15:10:02.645,1.00837,1.00857,2.18,2.18
2013.02.14 15:10:03.175,1.00837,1.00856,2.18,1.50
2013.02.14 15:10:03.485,1.00835,1.00854,1.50,2.18
2013.02.14 15:10:03.665,1.00837,1.00856,2.18,1.50
2013.02.14 15:10:05.616,1.00833,1.00852,1.50,1.43
2013.02.14 15:10:05.918,1.00831,1.00846,2.10,1.43
2013.02.14 15:10:05.986,1.00831,1.00846,1.50,1.43
2013.02.14 15:10:06.105,1.00829,1.00846,1.35,1.43
2013.02.14 15:10:06.225,1.00828,1.00846,1.50,1.43
2013.02.14 15:10:07.343,1.0083,1.00848,1.43,1.50
2013.02.14 15:10:08.396,1.0083,1.00849,1.43,3.49
2013.02.14 15:10:08.948,1.0083,1.00847,1.43,1.50
2013.02.14 15:10:09.636,1.0083,1.00849,1.43,3.49
2013.02.14 15:10:12.087,1.00833,1.00849,1.43,1.50
2013.02.14 15:10:12.266,1.00833,1.0085,1.43,1.32
2013.02.14 15:10:12.566,1.00833,1.00853,2.63,3.49
2013.02.14 15:10:12.806,1.00833,1.0085,1.43,1.32
2013.02.14 15:10:13.336,1.00833,1.00853,3.30,2.74
2013.02.14 15:10:13.397,1.00837,1.00853,1.43,1.32
2013.02.14 15:10:13.757,1.00837,1.00849,1.43,2.07
2013.02.14 15:10:13.882,1.00837,1.00849,1.43,2.07
2013.02.14 15:10:14.408,1.00829,1.00848,2.70,2.18
2013.02.14 15:10:14.956,1.00829,1.00848,2.70,1.43
2013.02.14 15:10:15.515,1.0083,1.00849,1.43,2.07
2013.02.14 15:10:15.901,1.00831,1.00849,1.13,2.07
2013.02.14 15:10:16.046,1.00831,1.00849,1.13,2.07
2013.02.14 15:10:16.298,1.00832,1.00849,1.13,2.07
2013.02.14 15:10:16.366,1.00831,1.00849,1.88,2.07
2013.02.14 15:10:16.430,1.00831,1.00849,4.05,1.32
2013.02.14 15:10:16.737,1.00834,1.00844,1.43,1.32
2013.02.14 15:10:16.976,1.00831,1.00844,1.28,1.32
2013.02.14 15:10:17.037,1.00832,1.0085,1.05,1.99
2013.02.14 15:10:17.587,1.00835,1.00854,1.95,1.32
2013.02.14 15:10:17.960,1.00835,1.00855,2.70,1.43
2013.02.14 15:10:18.085,1.00837,1.00857,2.70,1.32
2013.02.14 15:10:18.385,1.00838,1.00857,1.28,1.32
2013.02.14 15:10:18.890,1.00837,1.00857,2.63,1.32
2013.02.14 15:10:19.204,1.00837,1.00857,2.63,1.32
2013.02.14 15:10:20.157,1.0084,1.00858,1.88,1.50
2013.02.14 15:10:20.517,1.00842,1.00861,1.50,2.18
2013.02.14 15:10:20.876,1.00839,1.00858,2.18,2.18
2013.02.14 15:10:20.936,1.00838,1.00858,1.80,2.18
2013.02.14 15:10:21.057,1.00838,1.00856,1.43,1.84
2013.02.14 15:10:21.367,1.00832,1.00849,1.50,1.43
2013.02.14 15:10:21.926,1.00828,1.00849,3.08,2.18
2013.02.14 15:10:22.046,1.00828,1.00848,2.33,1.50
2013.02.14 15:10:22.166,1.00828,1.00849,3.08,2.18
2013.02.14 15:10:22.537,1.00832,1.00849,3.15,1.43
2013.02.14 15:10:22.597,1.00832,1.00853,2.93,3.60
2013.02.14 15:10:22.657,1.00832,1.00852,2.18,1.43
2013.02.14 15:10:23.137,1.00831,1.00849,1.50,1.43
2013.02.14 15:10:23.496,1.00836,1.00854,2.18,1.50
2013.02.14 15:10:23.806,1.00839,1.00855,2.07,1.43
2013.02.14 15:10:24.166,1.00842,1.00858,1.43,1.50
2013.02.14 15:10:24.616,1.00842,1.0086,1.43,1.50
2013.02.14 15:10:24.797,1.00842,1.00861,1.43,2.18
2013.02.14 15:10:25.340,1.00842,1.00861,2.18,2.18
2013.02.14 15:10:25.895,1.00842,1.00859,1.43,1.50
2013.02.14 15:10:27.915,1.00842,1.00861,2.74,2.48
2013.02.14 15:10:27.976,1.00843,1.00861,1.32,2.48
2013.02.14 15:10:28.277,1.00845,1.00861,1.43,1.05
2013.02.14 15:10:28.579,1.00854,1.00867,2.10,2.25
2013.02.14 15:10:28.888,1.00856,1.00869,2.07,2.93
2013.02.14 15:10:28.959,1.00858,1.00873,1.17,2.18
2013.02.14 15:10:29.027,1.00858,1.00873,1.77,2.18
2013.02.14 15:10:29.088,1.0086,1.00873,1.62,2.18
2013.02.14 15:10:29.151,1.0086,1.00873,1.92,2.18
2013.02.14 15:10:29.576,1.00857,1.00877,2.29,1.50
2013.02.14 15:10:29.696,1.00856,1.00876,1.43,1.43
2013.02.14 15:10:30.123,1.00852,1.00869,1.17,2.18
2013.02.14 15:10:30.496,1.00852,1.00869,1.17,2.18
2013.02.14 15:10:30.616,1.00858,1.00875,1.17,2.18
2013.02.14 15:10:30.746,1.00858,1.00876,2.59,1.50
2013.02.14 15:10:30.806,1.00859,1.00877,1.17,1.50
2013.02.14 15:10:30.997,1.0086,1.00879,1.92,2.93
2013.02.14 15:10:31.783,1.0086,1.00879,1.92,2.18
2013.02.14 15:10:31.968,1.00864,1.00881,1.99,1.43
2013.02.14 15:10:32.495,1.00864,1.00883,1.99,1.50
2013.02.14 15:10:33.015,1.00864,1.00883,1.99,1.50
2013.02.14 15:10:33.735,1.00864,1.00883,1.99,1.50
2013.02.14 15:10:35.256,1.00862,1.00883,3.64,2.93
2013.02.14 15:10:35.796,1.00865,1.00884,1.73,1.50
2013.02.14 15:10:36.345,1.00865,1.00883,2.48,1.50
2013.02.14 15:10:36.880,1.00865,1.00883,2.33,1.50
2013.02.14 15:10:37.626,1.00865,1.00883,2.33,1.50
2013.02.14 15:10:38.166,1.00866,1.00885,1.65,2.25
2013.02.14 15:10:38.857,1.00866,1.00885,1.20,2.25
2013.02.14 15:10:39.098,1.00866,1.00885,1.20,2.25
2013.02.14 15:10:39.605,1.00866,1.00885,1.20,2.25
2013.02.14 15:10:39.666,1.00866,1.00885,1.20,2.25
2013.02.14 15:10:40.270,1.00866,1.00885,1.20,2.25
2013.02.14 15:10:40.959,1.00866,1.00885,1.20,2.25
2013.02.14 15:10:42.366,1.00866,1.00886,1.77,2.10
2013.02.14 15:10:42.426,1.00867,1.00886,1.32,1.35
2013.02.14 15:10:42.547,1.0087,1.00888,2.33,1.50
2013.02.14 15:10:42.606,1.00873,1.00888,1.88,1.50
2013.02.14 15:10:42.845,1.00876,1.00894,1.88,3.00
2013.02.14 15:10:43.145,1.00876,1.00895,1.43,1.50
2013.02.14 15:10:43.565,1.00874,1.00892,1.62,1.43
2013.02.14 15:10:43.625,1.00875,1.00895,2.33,2.18
2013.02.14 15:10:43.745,1.00875,1.00895,2.33,2.18
2013.02.14 15:10:44.046,1.0088,1.00898,1.43,1.43
2013.02.14 15:10:44.795,1.0088,1.00898,1.58,1.50
2013.02.14 15:10:45.115,1.00883,1.00905,1.05,2.85
2013.02.14 15:10:45.175,1.00883,1.00905,1.05,2.85
2013.02.14 15:10:45.964,1.00887,1.00904,1.02,1.50
2013.02.14 15:10:46.265,1.00888,1.0091,2.29,5.93
2013.02.14 15:10:46.686,1.00888,1.0091,2.29,3.68
2013.02.14 15:10:46.809,1.00887,1.00906,4.32,2.10
2013.02.14 15:10:46.938,1.00887,1.00906,2.89,2.10
2013.02.14 15:10:46.995,1.00887,1.00903,1.47,1.43
2013.02.14 15:10:47.115,1.00885,1.00906,2.29,2.85
2013.02.14 15:10:47.536,1.00885,1.00907,2.29,2.10
2013.02.14 15:10:48.145,1.0089,1.00909,1.99,3.68
2013.02.14 15:10:48.738,1.0089,1.00909,1.99,3.68
2013.02.14 15:10:49.587,1.00893,1.00909,1.24,2.18
2013.02.14 15:10:49.886,1.00893,1.00911,1.24,1.28
2013.02.14 15:10:50.007,1.00891,1.00909,1.99,1.43
2013.02.14 15:10:50.556,1.00891,1.00909,1.24,2.18
2013.02.14 15:10:51.147,1.00891,1.00909,1.43,1.43
2013.02.14 15:10:51.985,1.00891,1.00909,1.43,1.43
2013.02.14 15:10:52.530,1.00891,1.00911,2.85,1.28
2013.02.14 15:10:53.075,1.00891,1.00911,1.43,1.28
2013.02.14 15:10:53.436,1.00896,1.00915,2.74,1.43
2013.02.14 15:10:53.797,1.00892,1.00911,2.85,3.68
2013.02.14 15:10:53.856,1.0089,1.0091,3.42,2.10
2013.02.14 15:10:53.917,1.0089,1.00907,2.10,1.43
2013.02.14 15:10:54.276,1.00883,1.00892,2.10,1.43
2013.02.14 15:10:54.337,1.00877,1.00892,1.35,1.43
2013.02.14 15:10:54.403,1.00876,1.00894,1.50,3.60
2013.02.14 15:10:54.526,1.00874,1.00894,1.43,5.78
2013.02.14 15:10:54.593,1.00874,1.00892,1.32,1.43
2013.02.14 15:10:55.196,1.00876,1.00894,1.24,2.18
2013.02.14 15:10:57.645,1.00877,1.00894,1.24,2.18
2013.02.14 15:10:57.706,1.00877,1.00896,1.99,2.93
2013.02.14 15:10:57.946,1.00881,1.00898,1.24,2.18
2013.02.14 15:10:58.425,1.00878,1.00895,1.24,2.18
2013.02.14 15:10:58.726,1.00878,1.00892,1.24,1.43
2013.02.14 15:10:58.966,1.00876,1.00892,2.10,1.43
2013.02.14 15:11:00.125,1.00877,1.00894,1.24,2.18
2013.02.14 15:11:00.186,1.00877,1.00894,1.24,3.00
2013.02.14 15:11:00.245,1.00874,1.00892,1.35,2.18
2013.02.14 15:11:00.666,1.00875,1.00895,2.10,2.93
2013.02.14 15:11:01.437,1.00875,1.00894,2.85,1.50
2013.02.14 15:11:01.817,1.00876,1.00894,1.35,1.50
2013.02.14 15:11:02.177,1.00879,1.00894,1.35,1.50
2013.02.14 15:11:02.236,1.00878,1.00894,1.43,1.50
2013.02.14 15:11:02.852,1.00876,1.00894,1.35,1.50
2013.02.14 15:11:03.385,1.00878,1.00897,2.93,2.18
2013.02.14 15:11:03.745,1.00886,1.00902,2.10,1.50
2013.02.14 15:11:04.104,1.00887,1.00905,1.35,3.00
2013.02.14 15:11:04.445,1.00893,1.00908,1.35,3.68
2013.02.14 15:11:04.566,1.00889,1.00906,1.43,2.25
2013.02.14 15:11:05.165,1.00887,1.00904,1.35,3.00
2013.02.14 15:11:06.427,1.00884,1.00903,1.43,1.43
2013.02.14 15:11:06.495,1.00881,1.00896,2.10,2.25
2013.02.14 15:11:06.736,1.00878,1.00892,1.43,1.50
2013.02.14 15:11:07.155,1.00879,1.00895,1.43,2.25
2013.02.14 15:11:07.216,1.00881,1.00895,1.43,2.25
2013.02.14 15:11:07.337,1.00882,1.00897,1.35,1.50
2013.02.14 15:11:07.636,1.0088,1.00897,3.53,2.25
2013.02.14 15:11:07.876,1.00879,1.00895,2.18,2.25
2013.02.14 15:11:08.448,1.00879,1.00894,2.10,1.50
2013.02.14 15:11:09.975,1.00879,1.00894,2.10,1.50
2013.02.14 15:11:10.155,1.00879,1.00894,2.10,1.50
2013.02.14 15:11:10.676,1.00881,1.00894,2.10,1.50
2013.02.14 15:11:10.855,1.00883,1.00895,1.43,2.25
2013.02.14 15:11:11.422,1.00879,1.00897,2.10,2.25
2013.02.14 15:11:11.984,1.00879,1.00898,2.10,2.25
2013.02.14 15:11:12.755,1.00879,1.00898,2.10,2.25
2013.02.14 15:11:13.235,1.00881,1.00899,2.10,1.50
2013.02.14 15:11:13.596,1.00873,1.00884,1.43,4.43
2013.02.14 15:11:13.657,1.00864,1.00881,1.05,1.50
2013.02.14 15:11:13.717,1.00864,1.00881,1.05,1.50
2013.02.14 15:11:13.776,1.00865,1.00877,1.80,1.13
2013.02.14 15:11:13.837,1.00862,1.0088,2.10,1.88
2013.02.14 15:11:13.896,1.00862,1.00879,2.10,2.25
2013.02.14 15:11:14.197,1.00864,1.00879,1.43,1.13
2013.02.14 15:11:14.645,1.00864,1.00881,2.85,1.13
2013.02.14 15:11:14.766,1.00865,1.00884,2.10,1.50
2013.02.14 15:11:15.315,1.00868,1.00882,1.43,2.25
2013.02.14 15:11:15.836,1.00866,1.00883,2.10,2.25
2013.02.14 15:11:15.955,1.00866,1.00885,2.10,3.53
2013.02.14 15:11:16.077,1.00866,1.00885,2.10,3.53
2013.02.14 15:11:16.386,1.00855,1.0087,1.43,2.25
2013.02.14 15:11:16.456,1.00854,1.00863,2.63,2.25
2013.02.14 15:11:16.697,1.00842,1.00861,2.78,3.68
2013.02.14 15:11:17.355,1.00845,1.00861,2.18,1.43
2013.02.14 15:11:17.596,1.00837,1.00857,1.43,2.10
2013.02.14 15:11:17.775,1.00838,1.00857,1.99,1.43
2013.02.14 15:11:18.136,1.00841,1.00859,1.24,2.93
2013.02.14 15:11:18.197,1.00841,1.00859,1.24,4.43
2013.02.14 15:11:18.435,1.00836,1.00856,2.67,3.60
2013.02.14 15:11:18.495,1.00836,1.00855,2.67,2.10
2013.02.14 15:11:18.736,1.00834,1.00854,1.24,2.18
2013.02.14 15:11:19.095,1.00841,1.00858,1.43,1.50
2013.02.14 15:11:19.156,1.00841,1.00858,2.10,1.50
2013.02.14 15:11:19.215,1.00843,1.00858,1.43,3.00
2013.02.14 15:11:19.526,1.00839,1.00858,1.24,2.18
2013.02.14 15:11:20.116,1.0084,1.00858,1.24,2.18
2013.02.14 15:11:20.657,1.00844,1.00863,2.67,3.68
2013.02.14 15:11:20.715,1.00844,1.00863,2.67,2.25
2013.02.14 15:11:21.341,1.00844,1.00863,2.67,2.25
2013.02.14 15:11:21.636,1.00846,1.00863,2.10,2.25
2013.02.14 15:11:21.994,1.00853,1.00869,1.24,2.93
2013.02.14 15:11:22.476,1.00849,1.00868,1.43,1.35
2013.02.14 15:11:22.537,1.00847,1.00865,2.10,1.43
2013.02.14 15:11:22.845,1.00847,1.00863,1.43,1.43
2013.02.14 15:11:23.205,1.00844,1.00859,1.24,2.18
2013.02.14 15:11:23.324,1.0084,1.00858,2.10,2.25
2013.02.14 15:11:23.446,1.00838,1.00855,1.24,1.43
2013.02.14 15:11:24.098,1.00837,1.00855,1.43,1.43
2013.02.14 15:11:24.166,1.00836,1.00855,3.34,2.18
2013.02.14 15:11:24.668,1.00837,1.00855,1.24,2.18
2013.02.14 15:11:24.987,1.00846,1.00863,2.10,2.85
2013.02.14 15:11:25.045,1.00844,1.00863,2.10,2.93
2013.02.14 15:11:25.167,1.00844,1.00863,1.43,3.68
2013.02.14 15:11:25.415,1.00837,1.00856,2.18,1.50
2013.02.14 15:11:25.998,1.00837,1.00856,1.43,1.50
2013.02.14 15:11:26.336,1.00837,1.00856,3.53,1.50
2013.02.14 15:11:26.395,1.00841,1.0086,1.99,5.78
2013.02.14 15:11:26.635,1.00841,1.00858,1.35,1.43
2013.02.14 15:11:26.754,1.00839,1.00858,1.35,1.43
2013.02.14 15:11:26.995,1.00838,1.00856,2.10,1.50
2013.02.14 15:11:27.704,1.00838,1.00853,2.10,1.50
2013.02.14 15:11:28.006,1.00833,1.0085,1.43,1.50
2013.02.14 15:11:28.184,1.00831,1.00848,1.24,1.43
2013.02.14 15:11:28.306,1.00833,1.0085,1.35,2.93
2013.02.14 15:11:28.485,1.00834,1.00852,1.24,1.50
2013.02.14 15:11:29.085,1.00835,1.00853,1.35,2.78
2013.02.14 15:11:29.667,1.00834,1.00853,1.24,3.68
2013.02.14 15:11:29.738,1.00834,1.00851,1.24,2.10
2013.02.14 15:11:29.866,1.00831,1.00849,1.24,2.93
2013.02.14 15:11:30.105,1.00828,1.00847,1.92,1.43
2013.02.14 15:11:30.165,1.00831,1.00847,1.24,1.43
2013.02.14 15:11:30.525,1.00832,1.0085,1.35,2.85
2013.02.14 15:11:30.764,1.00831,1.0085,1.99,2.10
2013.02.14 15:11:30.945,1.00831,1.00848,1.43,1.50
2013.02.14 15:11:31.006,1.00828,1.00848,2.78,3.68
2013.02.14 15:11:31.255,1.00828,1.00846,2.04,1.43
2013.02.14 15:11:31.736,1.00828,1.00844,2.04,1.80
2013.02.14 15:11:32.094,1.00826,1.00841,1.37,2.18
2013.02.14 15:11:32.596,1.00824,1.00841,1.35,2.18
2013.02.14 15:11:33.295,1.00823,1.00845,2.78,4.80
2013.02.14 15:11:33.915,1.00823,1.00842,2.78,1.50
2013.02.14 15:11:34.275,1.00823,1.0084,1.35,1.43
2013.02.14 15:11:34.635,1.00826,1.00844,1.35,3.68
2013.02.14 15:11:34.756,1.00826,1.00844,1.35,1.43
2013.02.14 15:11:36.348,1.00826,1.00844,1.35,3.00
2013.02.14 15:11:36.536,1.00824,1.00843,2.85,3.98
2013.02.14 15:11:36.657,1.00824,1.0084,1.43,1.43
2013.02.14 15:11:37.215,1.00822,1.00841,1.35,3.45
2013.02.14 15:11:37.517,1.00828,1.00843,1.35,2.93
2013.02.14 15:11:37.578,1.00828,1.00843,1.35,2.18
2013.02.14 15:11:38.746,1.00834,1.00847,2.10,2.25
2013.02.14 15:11:38.807,1.00834,1.00847,2.10,1.50
2013.02.14 15:11:38.988,1.00836,1.0085,2.78,1.50
2013.02.14 15:11:39.056,1.00836,1.00851,2.78,2.25
2013.02.14 15:11:39.498,1.00837,1.00856,1.35,1.50
2013.02.14 15:11:39.816,1.00835,1.00855,3.42,1.50
2013.02.14 15:11:40.056,1.00833,1.00853,1.43,2.93
2013.02.14 15:11:40.359,1.00833,1.00852,2.03,2.25
2013.02.14 15:11:40.605,1.00831,1.00851,1.35,3.68
2013.02.14 15:11:40.668,1.00834,1.00851,1.43,1.50
2013.02.14 15:11:42.476,1.00834,1.00851,1.43,2.25
2013.02.14 15:11:43.037,1.00834,1.00851,1.43,2.25
2013.02.14 15:11:43.516,1.00834,1.00851,2.18,2.25
2013.02.14 15:11:44.059,1.00837,1.00851,1.43,2.25
2013.02.14 15:11:44.376,1.00834,1.00851,1.43,2.25
2013.02.14 15:11:44.562,1.00836,1.00851,1.43,2.25
2013.02.14 15:11:45.007,1.00837,1.00855,1.43,1.50
2013.02.14 15:11:45.308,1.00837,1.00856,1.43,1.50
2013.02.14 15:11:45.555,1.00837,1.00854,1.43,1.50
2013.02.14 15:11:45.938,1.00837,1.00847,1.43,2.25
2013.02.14 15:11:46.140,1.00831,1.00845,1.35,1.50
2013.02.14 15:11:46.266,1.00828,1.00845,2.33,1.50
2013.02.14 15:11:46.805,1.00828,1.00846,1.43,1.50
2013.02.14 15:11:47.170,1.00826,1.00845,1.43,1.50
2013.02.14 15:11:47.478,1.00829,1.00844,1.43,2.25
2013.02.14 15:11:47.727,1.00826,1.00843,1.43,3.00
2013.02.14 15:11:47.907,1.00824,1.00838,1.43,2.93
2013.02.14 15:11:48.037,1.00821,1.0084,1.50,2.18
2013.02.14 15:11:48.097,1.0082,1.00842,2.18,3.68
2013.02.14 15:11:48.156,1.00823,1.00842,1.43,2.25
2013.02.14 15:11:48.516,1.00827,1.00843,1.43,2.25
2013.02.14 15:11:48.885,1.00827,1.00843,1.43,3.00
2013.02.14 15:11:49.128,1.00825,1.00841,1.43,1.50
2013.02.14 15:11:49.257,1.00825,1.00843,2.18,1.50
2013.02.14 15:11:50.077,1.00825,1.00844,2.74,2.18
2013.02.14 15:11:50.162,1.00825,1.00844,2.74,2.18
2013.02.14 15:11:51.596,1.00825,1.00843,1.99,1.50
2013.02.14 15:11:55.011,1.00824,1.00841,1.99,1.50
2013.02.14 15:11:55.556,1.00824,1.00842,1.99,1.50
2013.02.14 15:11:56.883,1.00824,1.00841,1.99,1.50
2013.02.14 15:11:56.947,1.00824,1.00841,1.43,1.50
2013.02.14 15:11:57.257,1.00822,1.00841,1.99,1.50
2013.02.14 15:11:58.226,1.00826,1.00842,1.99,1.50
2013.02.14 15:12:00.805,1.00826,1.00841,1.99,1.50
2013.02.14 15:12:04.405,1.00825,1.00844,1.99,6.60
2013.02.14 15:12:09.235,1.00825,1.00838,1.99,1.50
2013.02.14 15:12:09.296,1.0082,1.00838,1.32,2.25
2013.02.14 15:12:09.356,1.0082,1.00839,1.32,4.43
2013.02.14 15:12:09.535,1.00819,1.00839,2.37,5.93
2013.02.14 15:12:10.016,1.00819,1.00837,1.99,1.50
2013.02.14 15:12:10.256,1.00816,1.00834,2.55,1.50
2013.02.14 15:12:10.376,1.00815,1.00832,1.88,1.43
2013.02.14 15:12:10.737,1.00809,1.00828,1.13,2.18
2013.02.14 15:12:11.291,1.00809,1.00827,1.13,5.18
2013.02.14 15:12:11.826,1.00803,1.00819,1.32,1.50
2013.02.14 15:12:12.186,1.00799,1.00815,1.13,2.18
2013.02.14 15:12:12.796,1.00798,1.00813,3.19,1.50
2013.02.14 15:12:13.651,1.00798,1.00811,3.19,1.43
2013.02.14 15:12:13.741,1.0079,1.0081,2.18,1.50
2013.02.14 15:12:13.813,1.00792,1.00813,2.18,2.18
2013.02.14 15:12:14.305,1.00792,1.0081,1.43,1.50
2013.02.14 15:12:14.570,1.00785,1.00805,4.13,2.18
2013.02.14 15:12:14.637,1.00785,1.00803,1.50,1.50
2013.02.14 15:12:14.756,1.00783,1.00803,1.43,1.50
2013.02.14 15:12:15.116,1.00781,1.008,1.32,2.18
2013.02.14 15:12:15.536,1.00782,1.00801,3.60,2.93
2013.02.14 15:12:15.896,1.00787,1.00799,1.50,2.18
2013.02.14 15:12:16.196,1.00784,1.00803,1.24,2.93
2013.02.14 15:12:16.316,1.00781,1.00803,2.67,2.93
2013.02.14 15:12:16.377,1.00785,1.00803,1.24,2.18
2013.02.14 15:12:16.737,1.00785,1.00804,1.24,1.50
2013.02.14 15:12:16.855,1.00787,1.00805,2.07,2.18
2013.02.14 15:12:17.375,1.00787,1.00805,1.43,2.18
2013.02.14 15:12:17.495,1.00788,1.00805,1.24,2.18
2013.02.14 15:12:17.556,1.00786,1.00805,2.85,2.18
2013.02.14 15:12:17.616,1.00787,1.00805,1.50,4.35
2013.02.14 15:12:17.679,1.00784,1.00801,1.32,1.50
2013.02.14 15:12:17.805,1.00781,1.00801,2.07,1.50
2013.02.14 15:12:18.166,1.00782,1.00803,1.32,1.43
2013.02.14 15:12:18.285,1.00784,1.00803,1.32,1.43
2013.02.14 15:12:18.825,1.00784,1.00804,2.67,1.50
2013.02.14 15:12:19.585,1.00784,1.00804,1.43,1.50
2013.02.14 15:12:20.509,1.00784,1.00804,2.67,1.50
2013.02.14 15:12:21.286,1.00786,1.00804,1.43,1.50
2013.02.14 15:12:21.885,1.00786,1.00804,1.43,1.50
2013.02.14 15:12:22.438,1.00784,1.00803,1.24,1.43
2013.02.14 15:12:22.626,1.00783,1.00803,1.32,2.18
2013.02.14 15:12:23.095,1.00783,1.00801,1.32,1.50
2013.02.14 15:12:23.216,1.00782,1.00801,2.85,1.50
2013.02.14 15:12:23.776,1.00782,1.008,1.43,1.50
2013.02.14 15:12:24.260,1.0078,1.00793,1.32,2.18
2013.02.14 15:12:24.387,1.00775,1.00794,2.10,2.93
2013.02.14 15:12:24.516,1.00773,1.00794,1.43,3.68
2013.02.14 15:12:24.584,1.00773,1.00792,1.43,2.85
2013.02.14 15:12:25.099,1.0077,1.00787,2.59,1.50
2013.02.14 15:12:25.170,1.0077,1.00788,1.43,1.50
2013.02.14 15:12:25.237,1.00767,1.00788,1.99,1.50
2013.02.14 15:12:25.813,1.00763,1.00781,1.32,2.18
2013.02.14 15:12:25.889,1.00763,1.00781,1.32,2.18
2013.02.14 15:12:26.206,1.00762,1.00777,1.13,2.18
2013.02.14 15:12:26.527,1.00753,1.00771,1.50,1.50
2013.02.14 15:12:27.122,1.00751,1.00767,1.35,2.03
2013.02.14 15:12:27.199,1.0076,1.00767,1.17,2.33
2013.02.14 15:12:27.276,1.0076,1.00769,1.17,1.43
2013.02.14 15:12:27.350,1.00757,1.00767,1.32,1.43
2013.02.14 15:12:27.747,1.00755,1.0077,1.24,2.18
2013.02.14 15:12:28.296,1.00755,1.00773,1.84,1.50
2013.02.14 15:12:28.422,1.00762,1.00773,1.43,1.50
2013.02.14 15:12:28.726,1.00762,1.00773,1.43,1.50
2013.02.14 15:12:29.027,1.00766,1.00774,4.35,1.28
2013.02.14 15:12:29.099,1.00761,1.00776,2.07,2.10
2013.02.14 15:12:29.227,1.00761,1.00776,2.07,1.73
2013.02.14 15:12:29.346,1.0076,1.00775,1.32,1.73
2013.02.14 15:12:29.467,1.00759,1.00775,1.50,1.73
2013.02.14 15:12:29.526,1.00758,1.00775,2.55,1.73
2013.02.14 15:12:29.593,1.00758,1.00773,2.55,3.75
2013.02.14 15:12:29.896,1.00757,1.00775,3.94,3.60
2013.02.14 15:12:30.197,1.00758,1.00773,2.44,2.55
2013.02.14 15:12:30.326,1.00761,1.00776,1.43,2.25
2013.02.14 15:12:30.688,1.00761,1.00778,1.43,1.50
2013.02.14 15:12:30.757,1.00761,1.00773,1.43,1.50
2013.02.14 15:12:30.876,1.00758,1.00773,2.18,1.50
2013.02.14 15:12:31.060,1.00757,1.00771,2.18,1.50
2013.02.14 15:12:31.376,1.0075,1.00772,2.59,4.43
2013.02.14 15:12:31.436,1.0075,1.00772,3.19,4.43
2013.02.14 15:12:31.556,1.00751,1.00769,1.43,2.18
2013.02.14 15:12:31.916,1.00751,1.0077,2.18,2.18
2013.02.14 15:12:32.275,1.00751,1.0077,2.18,2.18
2013.02.14 15:12:32.426,1.00751,1.0077,2.78,2.18
2013.02.14 15:12:32.606,1.00755,1.00772,1.50,2.25
2013.02.14 15:12:32.966,1.00756,1.00774,2.85,1.50
2013.02.14 15:12:33.027,1.00761,1.00774,1.50,1.50
2013.02.14 15:12:33.147,1.00761,1.00776,1.32,1.50
2013.02.14 15:12:33.769,1.0076,1.00775,2.10,1.50
2013.02.14 15:12:33.863,1.0076,1.00775,1.35,1.50
2013.02.14 15:12:33.939,1.00759,1.00774,2.85,1.50
2013.02.14 15:12:34.206,1.00759,1.00774,2.18,1.50
2013.02.14 15:12:34.409,1.00757,1.00775,1.99,2.18
2013.02.14 15:12:34.537,1.00757,1.00775,1.99,2.18
2013.02.14 15:12:34.796,1.00759,1.00778,1.32,1.50
2013.02.14 15:12:35.336,1.00761,1.00778,1.32,2.18
2013.02.14 15:12:35.890,1.00764,1.00776,1.32,1.50
2013.02.14 15:12:36.148,1.00765,1.00776,1.43,1.50
2013.02.14 15:12:36.519,1.00762,1.00778,2.74,1.50
2013.02.14 15:12:36.889,1.00762,1.00778,2.74,1.50
2013.02.14 15:12:37.273,1.00762,1.00778,2.74,1.50
2013.02.14 15:12:37.767,1.00762,1.00777,2.85,1.58
2013.02.14 15:12:37.945,1.00762,1.00778,3.42,1.50
2013.02.14 15:12:38.308,1.00763,1.00774,1.24,1.50
2013.02.14 15:12:38.667,1.00766,1.00779,1.32,1.50
2013.02.14 15:12:38.738,1.00768,1.00778,1.32,1.50
2013.02.14 15:12:39.287,1.00773,1.00784,1.32,1.28
2013.02.14 15:12:39.358,1.00775,1.00784,1.32,1.05
2013.02.14 15:12:39.426,1.00776,1.00785,1.32,1.05
2013.02.14 15:12:39.737,1.00776,1.0079,2.18,2.40
2013.02.14 15:12:40.037,1.00784,1.00794,1.32,1.05
2013.02.14 15:12:40.100,1.00782,1.00794,1.50,1.05
2013.02.14 15:12:40.347,1.00783,1.00792,1.43,1.28
2013.02.14 15:12:40.588,1.0078,1.00793,2.18,1.58
2013.02.14 15:12:40.717,1.00774,1.00787,1.43,1.50
2013.02.14 15:12:41.037,1.00773,1.00785,1.43,1.50
2013.02.14 15:12:41.233,1.00765,1.00785,5.18,1.50
2013.02.14 15:12:41.305,1.00765,1.00785,5.18,1.50
2013.02.14 15:12:41.617,1.00774,1.00788,1.43,3.68
2013.02.14 15:12:41.987,1.00777,1.00788,1.43,1.13
2013.02.14 15:12:42.645,1.00775,1.00789,1.43,1.73
2013.02.14 15:12:43.252,1.00777,1.00791,1.43,1.50
2013.02.14 15:12:43.515,1.00779,1.00793,1.50,1.50
2013.02.14 15:12:43.992,1.00776,1.00793,1.50,2.78
2013.02.14 15:12:44.476,1.00775,1.00793,1.50,1.50
2013.02.14 15:12:44.716,1.00775,1.00793,1.50,1.50
2013.02.14 15:12:45.016,1.00775,1.00793,2.25,1.50
2013.02.14 15:12:45.316,1.00778,1.00793,1.43,1.50
2013.02.14 15:12:45.846,1.00778,1.00797,1.43,3.15
2013.02.14 15:12:46.135,1.00778,1.00797,1.43,2.40
2013.02.14 15:12:46.497,1.00783,1.00798,1.43,1.50
2013.02.14 15:12:46.856,1.00783,1.00796,2.18,1.50
2013.02.14 15:12:47.157,1.00781,1.00791,1.43,2.07
2013.02.14 15:12:47.218,1.00777,1.00791,1.43,2.07
2013.02.14 15:12:47.767,1.00777,1.00791,1.43,1.32
2013.02.14 15:12:47.886,1.00777,1.00791,1.43,1.32
2013.02.14 15:12:49.193,1.00775,1.00793,2.18,1.50
2013.02.14 15:12:49.617,1.00777,1.00795,1.50,2.18
2013.02.14 15:12:49.737,1.00779,1.00795,1.50,2.18
2013.02.14 15:12:49.867,1.00777,1.00795,1.50,2.18
2013.02.14 15:12:50.176,1.00777,1.00797,2.74,2.18
2013.02.14 15:12:50.295,1.0078,1.00799,1.99,2.18
2013.02.14 15:12:50.887,1.00781,1.008,1.32,2.18
2013.02.14 15:12:51.365,1.00786,1.00802,1.43,1.35
2013.02.14 15:12:51.916,1.00788,1.00807,1.32,4.28
2013.02.14 15:12:52.037,1.0079,1.0081,1.99,1.43
2013.02.14 15:12:52.105,1.00791,1.0081,2.18,1.43
2013.02.14 15:12:52.465,1.00792,1.00811,2.18,2.93
2013.02.14 15:12:52.847,1.00792,1.0081,2.74,1.50
2013.02.14 15:12:53.155,1.00792,1.00813,2.74,4.35
2013.02.14 15:12:53.215,1.00792,1.00813,3.49,1.43
2013.02.14 15:12:53.336,1.00798,1.00814,1.43,1.35
2013.02.14 15:12:53.396,1.00795,1.00814,1.43,1.35
2013.02.14 15:12:53.637,1.00797,1.00818,1.43,1.43
2013.02.14 15:12:53.755,1.00797,1.00816,1.43,1.50
2013.02.14 15:12:54.648,1.00797,1.00818,1.43,2.18
2013.02.14 15:12:55.055,1.00799,1.00819,1.43,2.82
2013.02.14 15:12:55.966,1.00799,1.00819,1.43,2.82
2013.02.14 15:12:58.368,1.00798,1.00816,2.18,1.35
2013.02.14 15:12:58.677,1.00795,1.00811,1.50,2.10
2013.02.14 15:12:58.856,1.00791,1.00807,1.43,2.25
2013.02.14 15:12:59.396,1.0079,1.00807,1.43,2.25
2013.02.14 15:12:59.515,1.0079,1.00807,1.43,2.25
2013.02.14 15:12:59.634,1.0079,1.00807,1.43,2.25
2013.02.14 15:13:00.156,1.0079,1.0081,1.43,2.93
2013.02.14 15:13:00.635,1.0079,1.00807,1.43,2.25
2013.02.14 15:13:03.296,1.00794,1.0081,1.43,1.50
2013.02.14 15:13:03.356,1.00794,1.00814,1.43,3.68
2013.02.14 15:13:03.415,1.00796,1.00815,1.43,2.07
2013.02.14 15:13:03.716,1.00802,1.0082,1.43,1.13
2013.02.14 15:13:04.265,1.00803,1.00824,2.18,1.92
2013.02.14 15:13:04.347,1.00803,1.00824,2.18,1.92
2013.02.14 15:13:05.026,1.00803,1.00824,2.18,2.07
2013.02.14 15:13:06.278,1.00803,1.00824,1.43,1.92
2013.02.14 15:13:06.406,1.00803,1.00825,2.18,1.58
2013.02.14 15:13:06.936,1.00803,1.00824,2.93,1.32
2013.02.14 15:13:07.486,1.00803,1.00821,2.18,1.32
2013.02.14 15:13:07.725,1.00804,1.00825,2.25,2.33
2013.02.14 15:13:07.786,1.00809,1.00826,1.43,2.07
2013.02.14 15:13:07.906,1.00809,1.00826,1.43,1.32
2013.02.14 15:13:08.225,1.00807,1.00825,2.93,1.43
2013.02.14 15:13:08.285,1.00806,1.00823,2.55,2.10
2013.02.14 15:13:08.585,1.00806,1.00823,1.43,1.35
2013.02.14 15:13:08.888,1.00809,1.00826,1.43,2.82
2013.02.14 15:13:09.195,1.00811,1.00826,1.43,2.82
2013.02.14 15:13:09.823,1.00811,1.00827,1.43,1.47
2013.02.14 15:13:09.893,1.00811,1.00827,1.43,1.47
2013.02.14 15:13:10.335,1.00811,1.00829,1.43,1.50
2013.02.14 15:13:10.516,1.00811,1.0083,1.43,2.18
2013.02.14 15:13:10.649,1.00812,1.0083,2.10,1.43
2013.02.14 15:13:10.718,1.00812,1.00832,3.53,2.25
2013.02.14 15:13:10.905,1.00816,1.00832,1.43,2.25
2013.02.14 15:13:11.206,1.00832,1.00839,2.18,1.50
2013.02.14 15:13:11.336,1.00832,1.00848,2.18,1.50
2013.02.14 15:13:11.396,1.00832,1.00849,2.18,1.32
2013.02.14 15:13:12.009,1.00831,1.0085,2.18,2.18
2013.02.14 15:13:12.197,1.00831,1.00848,1.43,1.50
2013.02.14 15:13:12.386,1.00828,1.00848,1.43,2.18
2013.02.14 15:13:12.446,1.00828,1.00846,1.43,1.50
2013.02.14 15:13:12.747,1.00828,1.00843,1.43,2.40
2013.02.14 15:13:13.048,1.00828,1.00843,1.43,1.50
2013.02.14 15:13:13.177,1.00826,1.00843,1.43,1.50
2013.02.14 15:13:13.246,1.00822,1.00843,2.18,2.93
2013.02.14 15:13:13.307,1.00821,1.0084,2.93,1.43
2013.02.14 15:13:13.426,1.00821,1.00842,1.50,2.18
2013.02.14 15:13:14.025,1.00822,1.00842,2.25,2.18
2013.02.14 15:13:14.156,1.00825,1.00842,1.50,1.43
2013.02.14 15:13:14.515,1.00827,1.00846,1.43,2.18
2013.02.14 15:13:14.715,1.00827,1.00846,1.43,1.43
2013.02.14 15:13:14.955,1.00828,1.00846,1.24,1.43
2013.02.14 15:13:15.265,1.00833,1.00852,2.10,2.18
2013.02.14 15:13:15.385,1.00834,1.00855,2.10,2.07
2013.02.14 15:13:16.137,1.00833,1.00852,1.43,1.43
2013.02.14 15:13:16.642,1.00829,1.00851,2.93,1.65
2013.02.14 15:13:16.885,1.00829,1.00851,2.93,1.65
2013.02.14 15:13:17.476,1.00831,1.00851,1.50,1.65
2013.02.14 15:13:17.678,1.00831,1.00851,1.50,1.88
2013.02.14 15:13:18.485,1.00832,1.00851,1.92,1.65
2013.02.14 15:13:19.026,1.00832,1.00853,4.09,1.95
2013.02.14 15:13:19.144,1.00832,1.00853,3.49,1.73
2013.02.14 15:13:19.385,1.00832,1.00846,3.49,1.50
2013.02.14 15:13:19.626,1.0083,1.00849,2.25,2.18
2013.02.14 15:13:19.697,1.00831,1.0085,1.50,2.40
2013.02.14 15:13:19.815,1.00832,1.00852,2.93,1.43
2013.02.14 15:13:20.176,1.00833,1.00852,1.32,1.65
2013.02.14 15:13:20.476,1.00833,1.00852,1.32,2.63
2013.02.14 15:13:20.715,1.00831,1.00851,1.32,2.63
2013.02.14 15:13:20.776,1.00831,1.00851,1.32,2.63
2013.02.14 15:13:21.815,1.0083,1.00851,2.18,2.63
2013.02.14 15:13:21.996,1.00829,1.00846,1.32,1.43
2013.02.14 15:13:22.175,1.00831,1.0085,1.32,1.95
2013.02.14 15:13:22.295,1.00833,1.00849,1.43,1.20
2013.02.14 15:13:22.415,1.00831,1.00848,1.50,1.43
2013.02.14 15:13:22.536,1.00836,1.00848,1.32,1.43
2013.02.14 15:13:22.596,1.00836,1.00853,1.32,2.18
2013.02.14 15:13:23.145,1.00833,1.00852,1.32,2.93
2013.02.14 15:13:24.210,1.00833,1.00852,1.32,3.38
2013.02.14 15:13:24.770,1.00834,1.00852,1.99,1.20
2013.02.14 15:13:24.896,1.00834,1.00852,1.99,1.20
2013.02.14 15:13:25.259,1.00839,1.00853,1.32,2.18
2013.02.14 15:13:25.876,1.00837,1.00853,1.32,2.18
2013.02.14 15:13:25.995,1.00836,1.00853,1.32,2.18
2013.02.14 15:13:26.846,1.00836,1.00853,1.32,2.55
2013.02.14 15:13:27.815,1.00836,1.00853,1.32,2.18
2013.02.14 15:13:29.385,1.00836,1.00851,1.32,1.43
2013.02.14 15:13:29.464,1.00836,1.00853,1.32,2.93
2013.02.14 15:13:29.537,1.00834,1.00853,1.50,2.07
2013.02.14 15:13:29.718,1.00829,1.00847,1.50,1.43
2013.02.14 15:13:29.846,1.0083,1.00847,2.25,2.18
2013.02.14 15:13:29.909,1.0083,1.00847,2.25,1.43
2013.02.14 15:13:30.156,1.00831,1.0085,2.25,2.18
2013.02.14 15:13:30.396,1.00829,1.00849,2.18,1.50
2013.02.14 15:13:30.515,1.00828,1.00847,3.00,1.43
2013.02.14 15:13:30.816,1.00831,1.0085,3.68,4.35
2013.02.14 15:13:31.555,1.00831,1.0085,2.93,1.43
2013.02.14 15:13:31.676,1.00833,1.00852,1.43,1.13
2013.02.14 15:13:32.036,1.00832,1.0085,1.50,1.43
2013.02.14 15:13:32.386,1.00831,1.0085,2.25,2.18
2013.02.14 15:13:32.930,1.0083,1.00849,2.18,1.50
2013.02.14 15:13:33.205,1.0083,1.00849,4.24,1.50
2013.02.14 15:13:33.267,1.00835,1.00851,1.50,1.50
2013.02.14 15:13:33.816,1.00835,1.00853,1.50,1.32
2013.02.14 15:13:34.554,1.00837,1.00853,1.50,2.07
2013.02.14 15:13:35.096,1.00837,1.00851,2.25,2.18
2013.02.14 15:13:35.835,1.00835,1.0085,1.50,1.28
2013.02.14 15:13:35.896,1.00834,1.0085,2.25,2.03
2013.02.14 15:13:36.019,1.00832,1.00846,2.25,1.28
2013.02.14 15:13:36.505,1.0083,1.00841,2.25,1.43
2013.02.14 15:13:36.565,1.0083,1.00841,1.50,1.43
2013.02.14 15:13:36.865,1.0083,1.00841,1.50,1.43
2013.02.14 15:13:38.345,1.00828,1.00843,3.57,3.45
2013.02.14 15:13:38.991,1.00828,1.00843,3.57,1.28
2013.02.14 15:13:39.308,1.00828,1.0084,3.57,1.43
2013.02.14 15:13:39.938,1.00829,1.00843,2.25,2.18
2013.02.14 15:13:40.077,1.00829,1.00845,2.25,1.28
2013.02.14 15:13:40.741,1.0083,1.00846,1.50,1.43
2013.02.14 15:13:41.076,1.00832,1.0085,3.42,2.93
2013.02.14 15:13:41.605,1.00835,1.00855,1.50,2.48
2013.02.14 15:13:42.165,1.00835,1.00854,1.50,1.05
2013.02.14 15:13:42.768,1.00837,1.00853,1.43,1.43
2013.02.14 15:13:43.109,1.00835,1.00851,1.50,1.28
2013.02.14 15:13:43.298,1.00835,1.00852,1.43,1.28
2013.02.14 15:13:43.366,1.00835,1.00852,2.18,1.28
2013.02.14 15:13:43.426,1.00835,1.00853,1.50,1.95
2013.02.14 15:13:43.965,1.00835,1.00855,2.18,2.18
2013.02.14 15:13:44.506,1.00835,1.00855,3.00,2.48
2013.02.14 15:13:44.565,1.00835,1.00855,2.18,2.18
2013.02.14 15:13:44.748,1.00835,1.00851,2.18,1.43
2013.02.14 15:13:45.115,1.00834,1.00849,1.50,1.35
2013.02.14 15:13:45.655,1.00832,1.00851,4.35,3.53
2013.02.14 15:13:45.776,1.00834,1.00851,2.93,2.85
2013.02.14 15:13:45.896,1.00835,1.00854,1.43,3.53
2013.02.14 15:13:46.195,1.00835,1.00853,4.35,1.35
2013.02.14 15:13:46.876,1.00835,1.00853,4.43,2.10
2013.02.14 15:13:47.177,1.00835,1.00848,2.25,2.10
2013.02.14 15:13:47.237,1.00832,1.00848,3.75,2.10
2013.02.14 15:13:47.736,1.00832,1.0085,1.50,2.85
2013.02.14 15:13:47.976,1.00834,1.0085,1.50,1.43
2013.02.14 15:13:48.296,1.00834,1.00853,2.25,2.85
2013.02.14 15:13:49.457,1.00837,1.00853,1.50,1.43
2013.02.14 15:13:50.025,1.00837,1.00852,1.50,1.43
2013.02.14 15:13:50.646,1.00837,1.00852,1.05,1.43
2013.02.14 15:13:50.825,1.00837,1.00855,1.05,2.10
2013.02.14 15:13:51.827,1.00836,1.00855,3.00,2.10
2013.02.14 15:13:51.902,1.00836,1.00851,3.00,1.43
2013.02.14 15:13:52.716,1.00836,1.00851,2.25,2.10
2013.02.14 15:13:53.266,1.00837,1.00854,1.50,2.78
2013.02.14 15:13:53.924,1.00837,1.00851,1.50,1.43
2013.02.14 15:13:54.238,1.00837,1.00848,1.50,1.43
2013.02.14 15:13:55.248,1.00837,1.00848,1.50,1.43
2013.02.14 15:13:55.376,1.00837,1.00852,1.50,2.10
2013.02.14 15:13:55.441,1.00841,1.00853,1.50,2.93
2013.02.14 15:13:55.768,1.00844,1.00859,3.00,2.18
2013.02.14 15:13:55.835,1.00844,1.00859,3.00,1.43
2013.02.14 15:13:56.308,1.00843,1.00858,2.82,2.10
2013.02.14 15:13:56.616,1.00841,1.00856,2.25,1.43
2013.02.14 15:13:56.676,1.00841,1.00853,1.32,1.43
2013.02.14 15:13:57.261,1.00841,1.00853,1.32,1.43
2013.02.14 15:13:57.566,1.00842,1.00857,1.05,2.85
2013.02.14 15:13:57.625,1.00842,1.00857,1.05,2.85
2013.02.14 15:13:58.185,1.00842,1.00857,2.55,1.43
2013.02.14 15:13:58.736,1.00843,1.00857,1.05,1.43
2013.02.14 15:13:59.136,1.00842,1.00857,1.80,1.43
2013.02.14 15:13:59.318,1.00843,1.00857,1.32,1.43
2013.02.14 15:13:59.627,1.00845,1.00861,2.07,1.43
2013.02.14 15:13:59.805,1.00842,1.00861,4.62,2.10
2013.02.14 15:14:00.423,1.00842,1.00861,2.55,2.85
2013.02.14 15:14:00.716,1.00842,1.00861,2.55,2.85
2013.02.14 15:14:01.050,1.00842,1.00861,3.12,2.85
2013.02.14 15:14:01.326,1.00843,1.00861,2.07,2.10
2013.02.14 15:14:01.395,1.00843,1.00861,2.07,2.10
2013.02.14 15:14:01.576,1.00846,1.00863,1.32,1.43
2013.02.14 15:14:02.117,1.00846,1.00864,1.32,1.43
2013.02.14 15:14:03.527,1.00846,1.00864,1.32,1.43
2013.02.14 15:14:06.066,1.00846,1.00863,1.32,1.35
2013.02.14 15:14:06.368,1.00848,1.00868,2.37,2.10
2013.02.14 15:14:06.437,1.0085,1.00869,3.68,2.85
2013.02.14 15:14:06.568,1.00856,1.00873,2.25,2.18
2013.02.14 15:14:06.637,1.00858,1.00873,1.50,1.43
2013.02.14 15:14:06.826,1.00859,1.00877,2.18,1.32
2013.02.14 15:14:07.845,1.00862,1.00879,1.43,1.35
2013.02.14 15:14:08.355,1.00864,1.0088,1.43,1.35
2013.02.14 15:14:08.538,1.00866,1.00885,2.18,1.43
2013.02.14 15:14:08.965,1.00865,1.00886,2.18,2.85
2013.02.14 15:14:09.028,1.00864,1.00881,2.93,1.35
2013.02.14 15:14:09.158,1.00864,1.00882,1.43,1.35
2013.02.14 15:14:09.406,1.00861,1.00882,1.05,2.78
2013.02.14 15:14:09.466,1.00863,1.00882,1.05,2.10
2013.02.14 15:14:10.381,1.00864,1.00885,1.50,2.10
2013.02.14 15:14:11.115,1.00864,1.00884,1.50,1.35
2013.02.14 15:14:11.675,1.00866,1.00885,1.43,1.35
2013.02.14 15:14:11.978,1.0087,1.00889,2.48,2.78
2013.02.14 15:14:12.046,1.00874,1.00891,1.43,1.43
2013.02.14 15:14:12.346,1.00871,1.0089,1.43,2.78
2013.02.14 15:14:12.906,1.00871,1.0089,1.43,2.78
2013.02.14 15:14:13.286,1.00875,1.00894,1.43,1.65
2013.02.14 15:14:13.346,1.00875,1.00894,1.43,1.65
2013.02.14 15:14:13.526,1.00876,1.00896,1.05,3.53
2013.02.14 15:14:13.896,1.00882,1.009,1.43,2.48
2013.02.14 15:14:14.156,1.00877,1.00898,4.43,1.35
2013.02.14 15:14:14.857,1.00877,1.00896,3.68,1.35
2013.02.14 15:14:14.949,1.00867,1.00885,1.43,1.43
2013.02.14 15:14:15.257,1.00866,1.00883,1.43,1.35
2013.02.14 15:14:15.677,1.00868,1.00883,1.43,1.43
2013.02.14 15:14:15.796,1.00868,1.00885,1.43,2.18
2013.02.14 15:14:15.977,1.00868,1.00888,2.18,1.35
2013.02.14 15:14:16.525,1.00871,1.00887,1.43,1.35
2013.02.14 15:14:16.826,1.00867,1.00884,2.25,1.35
2013.02.14 15:14:16.885,1.00867,1.00885,1.50,1.35
2013.02.14 15:14:17.066,1.00866,1.00885,2.93,1.35
2013.02.14 15:14:17.305,1.00863,1.00882,2.25,1.35
2013.02.14 15:14:17.547,1.00866,1.00883,1.43,1.43
2013.02.14 15:14:17.727,1.00866,1.00882,2.18,1.35
2013.02.14 15:14:17.788,1.00866,1.00886,2.18,3.42
2013.02.14 15:14:17.860,1.00866,1.00884,1.73,1.43
2013.02.14 15:14:17.987,1.00867,1.00886,2.25,1.43
2013.02.14 15:14:18.347,1.00867,1.00884,1.50,2.10
2013.02.14 15:14:18.886,1.00863,1.00882,1.32,1.43
2013.02.14 15:14:18.945,1.00865,1.00884,2.74,1.43
2013.02.14 15:14:19.305,1.00866,1.00885,1.80,2.85
2013.02.14 15:14:19.876,1.00866,1.00885,1.80,2.10
2013.02.14 15:14:20.056,1.00865,1.00885,2.48,2.85
2013.02.14 15:14:20.259,1.00865,1.00885,1.43,3.53
2013.02.14 15:14:20.505,1.00865,1.00885,2.18,3.53
2013.02.14 15:14:20.805,1.00865,1.00884,1.43,1.43
2013.02.14 15:14:21.363,1.00865,1.00883,1.43,1.43
2013.02.14 15:14:22.001,1.00866,1.00883,1.43,1.43
2013.02.14 15:14:22.067,1.00868,1.00883,1.43,1.43
2013.02.14 15:14:22.307,1.00864,1.00882,1.50,1.43
2013.02.14 15:14:22.366,1.00864,1.00885,1.50,3.53
2013.02.14 15:14:22.427,1.00866,1.00885,2.18,2.10
2013.02.14 15:14:22.975,1.00866,1.00886,3.23,1.43
2013.02.14 15:14:23.525,1.00868,1.00886,2.18,1.43
2013.02.14 15:14:24.206,1.00867,1.00886,2.48,2.85
2013.02.14 15:14:24.265,1.00867,1.00886,2.48,2.10
2013.02.14 15:14:24.566,1.00867,1.00886,2.48,2.10
2013.02.14 15:14:25.032,1.00867,1.00885,2.48,1.35
2013.02.14 15:14:25.235,1.00867,1.00885,3.68,2.10
2013.02.14 15:14:25.596,1.00868,1.00887,1.05,1.43
2013.02.14 15:14:25.956,1.0087,1.00889,1.43,1.35
2013.02.14 15:14:26.367,1.0087,1.0089,2.18,2.78
2013.02.14 15:14:27.026,1.00874,1.00893,1.43,1.43
2013.02.14 15:14:27.206,1.00874,1.00894,2.18,2.10
2013.02.14 15:14:27.266,1.00874,1.00894,3.23,1.43
2013.02.14 15:14:28.105,1.00874,1.00894,2.93,1.43
2013.02.14 15:14:28.406,1.00873,1.0089,2.18,1.35
2013.02.14 15:14:28.945,1.0087,1.00887,1.50,1.43
2013.02.14 15:14:29.065,1.0087,1.00887,1.50,1.43
2013.02.14 15:14:29.187,1.0087,1.00889,3.23,1.43
2013.02.14 15:14:29.257,1.00872,1.00891,1.05,1.43
2013.02.14 15:14:29.436,1.00875,1.00892,2.18,1.43
2013.02.14 15:14:29.676,1.00875,1.00893,2.18,2.18
2013.02.14 15:14:29.796,1.00875,1.00893,2.18,1.43
2013.02.14 15:14:31.372,1.00875,1.00894,2.18,2.85
2013.02.14 15:14:33.146,1.00875,1.00894,1.43,2.85
2013.02.14 15:14:33.666,1.00875,1.00894,2.18,2.85
2013.02.14 15:14:33.987,1.00878,1.00895,1.73,2.10
2013.02.14 15:14:34.106,1.00882,1.009,2.25,2.85
2013.02.14 15:14:34.347,1.00882,1.00898,3.68,1.05
2013.02.14 15:14:34.468,1.00882,1.00898,1.43,2.18
2013.02.14 15:14:34.537,1.00879,1.00897,2.25,2.78
2013.02.14 15:14:34.775,1.00879,1.00897,2.25,2.85
2013.02.14 15:14:34.906,1.00875,1.00894,1.35,3.53
2013.02.14 15:14:35.145,1.00877,1.00896,3.23,1.43
2013.02.14 15:14:35.336,1.0088,1.00899,1.05,2.93
2013.02.14 15:14:36.737,1.00882,1.009,1.05,2.10
2013.02.14 15:14:38.235,1.00881,1.009,2.55,1.43
2013.02.14 15:14:38.670,1.00881,1.00901,2.48,1.43
2013.02.14 15:14:39.931,1.00882,1.009,1.05,2.10
2013.02.14 15:14:41.152,1.00882,1.009,1.05,2.10
2013.02.14 15:14:41.427,1.00883,1.00901,1.05,2.10
2013.02.14 15:14:41.726,1.00883,1.00902,2.18,1.35
2013.02.14 15:14:42.691,1.00882,1.00902,1.05,3.53
2013.02.14 15:14:45.166,1.00885,1.00902,1.50,3.53
2013.02.14 15:14:45.489,1.00889,1.00905,2.85,1.35
2013.02.14 15:14:45.555,1.00889,1.00906,2.85,1.35
2013.02.14 15:14:45.678,1.00891,1.00907,1.05,1.43
2013.02.14 15:14:45.986,1.00891,1.0091,1.05,3.53
2013.02.14 15:14:46.307,1.00891,1.0091,1.05,2.78
2013.02.14 15:14:46.559,1.00891,1.0091,1.05,2.10
2013.02.14 15:14:47.117,1.00892,1.00912,2.48,1.35
2013.02.14 15:14:47.679,1.00892,1.00912,3.23,2.10
2013.02.14 15:14:48.167,1.00891,1.0091,1.05,2.10
2013.02.14 15:14:48.285,1.00892,1.00912,3.23,2.10
2013.02.14 15:14:48.527,1.00892,1.0091,2.18,1.43
2013.02.14 15:14:48.718,1.00892,1.00911,3.68,1.35
2013.02.14 15:14:49.159,1.00892,1.0091,2.18,1.43
2013.02.14 15:14:50.204,1.00891,1.00908,1.05,3.42
2013.02.14 15:14:50.286,1.00887,1.00905,1.50,1.43
2013.02.14 15:14:50.555,1.00889,1.00905,1.43,1.43
2013.02.14 15:14:50.796,1.00891,1.0091,2.18,3.49
2013.02.14 15:14:50.857,1.00899,1.0091,1.88,2.74
2013.02.14 15:14:51.156,1.00907,1.00925,1.35,1.43
2013.02.14 15:14:51.216,1.00908,1.00925,2.78,1.43
2013.02.14 15:14:51.406,1.00914,1.00933,1.50,3.38
2013.02.14 15:14:51.466,1.00913,1.00933,1.65,2.63
2013.02.14 15:14:51.585,1.00916,1.00935,1.73,2.85
2013.02.14 15:14:52.105,1.00916,1.00935,1.73,1.43
2013.02.14 15:14:52.288,1.00916,1.00935,1.43,2.10
2013.02.14 15:14:52.605,1.00917,1.00934,2.10,1.43
2013.02.14 15:14:52.667,1.00917,1.00937,3.45,2.85
2013.02.14 15:14:53.215,1.00919,1.00937,1.05,2.10
2013.02.14 15:14:53.336,1.00916,1.00934,3.68,1.43
2013.02.14 15:14:53.696,1.00909,1.00923,1.05,1.43
2013.02.14 15:14:54.236,1.00908,1.00924,1.05,2.10
2013.02.14 15:14:54.665,1.00907,1.00926,1.05,2.10
2013.02.14 15:14:54.886,1.00905,1.00927,5.93,1.43
2013.02.14 15:14:55.005,1.00908,1.0093,3.53,3.53
2013.02.14 15:14:55.378,1.00909,1.00926,1.50,1.43
2013.02.14 15:14:55.747,1.00908,1.00923,1.92,1.43
2013.02.14 15:14:55.866,1.00908,1.00926,3.42,2.18
2013.02.14 15:14:56.105,1.00908,1.00926,1.20,2.85
2013.02.14 15:14:56.527,1.00908,1.00926,1.20,1.43
2013.02.14 15:14:57.055,1.00909,1.00928,1.80,1.35
2013.02.14 15:14:57.665,1.00909,1.00928,1.05,1.35
2013.02.14 15:14:58.025,1.0091,1.00932,3.15,2.78
2013.02.14 15:14:58.379,1.00911,1.00932,2.25,2.10
2013.02.14 15:14:58.835,1.00913,1.00933,1.43,1.43
2013.02.14 15:14:58.957,1.00913,1.00934,1.73,2.18
2013.02.14 15:14:59.016,1.00916,1.00935,1.43,2.18
2013.02.14 15:14:59.378,1.00917,1.0093,1.50,1.43
2013.02.14 15:14:59.448,1.00912,1.0093,1.50,1.43
2013.02.14 15:14:59.636,1.00911,1.0093,1.32,1.43
2013.02.14 15:14:59.816,1.00908,1.00928,3.75,1.43
2013.02.14 15:15:00.376,1.00909,1.00928,1.05,2.18
2013.02.14 15:15:02.495,1.00907,1.00928,1.80,2.78
2013.02.14 15:15:02.856,1.00905,1.00922,1.43,1.43
2013.02.14 15:15:03.328,1.00904,1.00918,2.03,1.43
2013.02.14 15:15:03.636,1.00901,1.00918,1.35,2.48
2013.02.14 15:15:03.755,1.00901,1.00918,1.35,2.48
2013.02.14 15:15:03.815,1.00905,1.00918,1.50,2.48
2013.02.14 15:15:04.056,1.00904,1.00923,3.15,1.05
2013.02.14 15:15:04.118,1.00905,1.00921,1.65,1.43
2013.02.14 15:15:04.377,1.00901,1.00918,1.50,1.50
2013.02.14 15:15:04.438,1.00899,1.00918,1.35,1.80
2013.02.14 15:15:04.506,1.00899,1.00915,1.35,1.43
2013.02.14 15:15:05.066,1.00897,1.00915,1.50,2.18
2013.02.14 15:15:05.587,1.00898,1.00915,2.25,2.18
2013.02.14 15:15:06.606,1.00898,1.00916,1.05,1.05
2013.02.14 15:15:06.906,1.00899,1.00915,1.50,2.18
2013.02.14 15:15:07.147,1.00907,1.00922,1.32,2.18
2013.02.14 15:15:07.266,1.00909,1.00922,1.05,2.18
2013.02.14 15:15:07.449,1.00909,1.00926,1.05,1.43
2013.02.14 15:15:08.216,1.00907,1.00926,1.73,2.18
2013.02.14 15:15:08.336,1.00904,1.00924,1.35,2.18
2013.02.14 15:15:08.396,1.00904,1.00924,1.05,2.85
2013.02.14 15:15:08.455,1.00905,1.00924,1.05,1.43
2013.02.14 15:15:08.757,1.00909,1.00925,1.35,1.43
2013.02.14 15:15:09.175,1.00908,1.00925,1.05,1.43
2013.02.14 15:15:09.424,1.00908,1.00925,1.05,1.43
2013.02.14 15:15:09.545,1.00907,1.00925,1.05,1.43
2013.02.14 15:15:09.786,1.00905,1.00924,2.10,3.00
2013.02.14 15:15:09.846,1.00905,1.00924,1.80,3.00
2013.02.14 15:15:09.991,1.00905,1.00923,1.80,2.18
2013.02.14 15:15:10.546,1.00904,1.00921,1.05,1.32
2013.02.14 15:15:10.725,1.00899,1.00919,2.48,1.50
2013.02.14 15:15:10.906,1.009,1.00918,1.05,2.18
2013.02.14 15:15:12.346,1.00901,1.00917,2.18,2.10
2013.02.14 15:15:12.525,1.00894,1.0091,1.13,1.43
2013.02.14 15:15:12.646,1.00894,1.0091,1.13,1.43
2013.02.14 15:15:12.826,1.00891,1.0091,1.50,1.43
2013.02.14 15:15:12.886,1.00891,1.0091,2.85,1.43
2013.02.14 15:15:13.950,1.00896,1.00915,1.50,4.28
2013.02.14 15:15:14.076,1.00895,1.00915,2.48,2.78
2013.02.14 15:15:14.198,1.00893,1.00913,1.05,3.53
2013.02.14 15:15:14.755,1.00892,1.0091,1.05,2.85
2013.02.14 15:15:15.058,1.00892,1.00911,3.53,3.60
2013.02.14 15:15:15.316,1.00892,1.00908,1.50,2.10
2013.02.14 15:15:15.857,1.00891,1.00907,1.35,1.43
2013.02.14 15:15:16.046,1.00893,1.0091,1.50,1.43
2013.02.14 15:15:16.536,1.00892,1.00909,1.05,1.43
2013.02.14 15:15:16.597,1.00893,1.00911,3.12,2.10
2013.02.14 15:15:16.718,1.00896,1.00913,1.35,1.43
2013.02.14 15:15:16.787,1.009,1.00915,1.05,2.93
2013.02.14 15:15:16.906,1.009,1.00917,1.05,2.10
2013.02.14 15:15:17.027,1.00899,1.00917,1.05,2.85
2013.02.14 15:15:17.265,1.009,1.00917,1.05,2.10
2013.02.14 15:15:17.325,1.00898,1.00917,1.35,2.10
2013.02.14 15:15:17.804,1.009,1.00917,1.05,2.10
2013.02.14 15:15:18.346,1.00899,1.00918,2.25,1.43
2013.02.14 15:15:18.977,1.00901,1.00919,1.50,2.10
2013.02.14 15:15:20.188,1.00901,1.00916,1.50,1.43
2013.02.14 15:15:20.735,1.00898,1.00917,3.23,2.10
2013.02.14 15:15:20.976,1.00895,1.0091,1.13,2.10
2013.02.14 15:15:21.155,1.00893,1.0091,1.05,2.10
2013.02.14 15:15:21.275,1.00893,1.0091,1.05,1.43
2013.02.14 15:15:21.456,1.00892,1.0091,1.05,1.43
2013.02.14 15:15:21.826,1.00895,1.00907,1.43,1.43
2013.02.14 15:15:21.945,1.00893,1.0091,1.43,2.18
2013.02.14 15:15:22.005,1.00892,1.0091,1.43,2.18
2013.02.14 15:15:22.306,1.0089,1.00907,1.43,1.43
2013.02.14 15:15:22.367,1.00889,1.00907,1.43,1.43
2013.02.14 15:15:22.427,1.00887,1.00907,3.38,2.18
2013.02.14 15:15:22.548,1.00888,1.00907,1.35,1.43
2013.02.14 15:15:23.285,1.00888,1.00907,1.35,1.43
2013.02.14 15:15:23.465,1.00887,1.00907,3.53,2.18
2013.02.14 15:15:23.955,1.0089,1.00909,1.43,1.50
2013.02.14 15:15:25.771,1.00885,1.00907,4.92,1.43
2013.02.14 15:15:26.165,1.00885,1.00907,4.92,2.18
2013.02.14 15:15:26.671,1.00885,1.00905,2.85,1.50
2013.02.14 15:15:26.985,1.00885,1.00905,2.85,1.50
2013.02.14 15:15:27.515,1.00886,1.00907,1.43,3.68
2013.02.14 15:15:28.065,1.00885,1.00907,3.53,3.68
2013.02.14 15:15:28.666,1.00886,1.00907,1.43,3.68
2013.02.14 15:15:29.006,1.00887,1.00907,1.35,2.93
2013.02.14 15:15:29.426,1.00887,1.00907,1.35,2.18
2013.02.14 15:15:31.096,1.00886,1.00904,1.43,2.74
2013.02.14 15:15:31.215,1.00882,1.00901,2.10,1.43
2013.02.14 15:15:31.395,1.0088,1.00901,2.10,2.93
2013.02.14 15:15:31.584,1.0088,1.00901,2.10,2.93
2013.02.14 15:15:32.775,1.00879,1.00899,2.78,1.32
2013.02.14 15:15:33.315,1.00878,1.00897,1.35,1.43
2013.02.14 15:15:33.566,1.00877,1.00897,2.85,1.43
2013.02.14 15:15:33.626,1.00877,1.00895,2.85,1.50
2013.02.14 15:15:33.865,1.00872,1.00891,2.18,1.43
2013.02.14 15:15:33.986,1.00876,1.00893,2.10,1.43
2013.02.14 15:15:34.287,1.0088,1.00897,2.10,3.00
2013.02.14 15:15:34.345,1.00878,1.00897,2.10,3.57
2013.02.14 15:15:34.527,1.00878,1.00898,1.35,3.68
2013.02.14 15:15:34.885,1.00879,1.00899,3.53,1.50
2013.02.14 15:15:35.065,1.00879,1.00898,2.78,1.50
2013.02.14 15:15:35.306,1.00878,1.00896,2.10,1.50
2013.02.14 15:15:35.835,1.0088,1.00897,1.43,1.50
2013.02.14 15:15:36.725,1.0088,1.00897,1.43,1.32
2013.02.14 15:15:37.266,1.00877,1.00896,2.78,2.93
2013.02.14 15:15:38.417,1.00874,1.00894,2.10,2.18
2013.02.14 15:15:38.596,1.00875,1.00893,1.43,2.93
2013.02.14 15:15:38.656,1.00871,1.0089,2.10,2.18
2013.02.14 15:15:38.716,1.00871,1.0089,2.18,1.43
2013.02.14 15:15:38.775,1.00873,1.00892,2.85,2.18
2013.02.14 15:15:38.835,1.00873,1.00892,2.10,2.93
2013.02.14 15:15:39.437,1.00874,1.00892,1.43,2.93
2013.02.14 15:15:39.497,1.00874,1.00892,2.18,2.18
2013.02.14 15:15:39.618,1.00876,1.00895,2.18,4.65
2013.02.14 15:15:39.677,1.00872,1.00894,2.85,2.18
2013.02.14 15:15:39.736,1.00872,1.00894,2.93,2.48
2013.02.14 15:15:39.975,1.0087,1.00891,1.28,3.23
2013.02.14 15:15:40.845,1.00873,1.00891,1.43,1.80
2013.02.14 15:15:41.187,1.00873,1.00891,1.43,1.50
2013.02.14 15:15:41.306,1.0087,1.00889,1.43,1.05
2013.02.14 15:15:41.859,1.0087,1.00889,1.43,1.05
2013.02.14 15:15:42.166,1.00866,1.00884,2.18,1.05
2013.02.14 15:15:42.467,1.00871,1.0089,2.18,1.05
2013.02.14 15:15:42.647,1.00872,1.00891,1.50,1.05
2013.02.14 15:15:42.825,1.00877,1.00895,2.18,1.05
2013.02.14 15:15:42.946,1.00877,1.00896,2.18,1.73
2013.02.14 15:15:43.007,1.00877,1.00896,1.43,2.78
2013.02.14 15:15:43.066,1.00874,1.00894,1.43,2.18
2013.02.14 15:15:43.323,1.00872,1.00894,2.10,3.23
2013.02.14 15:15:46.227,1.00872,1.00888,1.43,1.50
2013.02.14 15:15:46.465,1.00867,1.00886,1.80,2.18
2013.02.14 15:15:46.889,1.00867,1.00885,1.43,1.50
2013.02.14 15:15:47.076,1.00863,1.00885,2.10,2.93
2013.02.14 15:15:47.635,1.00867,1.00885,1.43,2.25
2013.02.14 15:15:47.698,1.00867,1.00885,1.43,1.50
2013.02.14 15:15:48.225,1.00867,1.00886,1.43,1.80
2013.02.14 15:15:48.405,1.00869,1.00886,1.43,1.80
2013.02.14 15:15:50.302,1.00869,1.00887,2.93,1.80
2013.02.14 15:15:50.626,1.00874,1.00887,1.43,1.05
2013.02.14 15:15:51.136,1.00874,1.00888,1.43,1.35
2013.02.14 15:15:51.771,1.00874,1.0089,1.43,2.10
2013.02.14 15:15:52.145,1.00872,1.00889,2.18,2.40
2013.02.14 15:15:52.693,1.00867,1.00887,2.93,1.35
2013.02.14 15:15:53.206,1.00875,1.00891,2.18,3.00
2013.02.14 15:15:53.445,1.00875,1.00894,2.18,1.50
2013.02.14 15:15:53.565,1.00879,1.00894,1.43,1.05
2013.02.14 15:15:53.746,1.00881,1.00899,1.35,2.18
2013.02.14 15:15:53.985,1.00879,1.00899,2.18,2.18
2013.02.14 15:15:54.045,1.00877,1.00899,5.78,2.18
2013.02.14 15:15:54.166,1.00881,1.009,1.43,3.60
2013.02.14 15:15:54.345,1.00882,1.009,1.35,2.93
2013.02.14 15:15:54.537,1.00881,1.009,1.80,2.93
2013.02.14 15:15:55.416,1.00881,1.009,3.42,2.18
2013.02.14 15:15:55.536,1.00882,1.009,1.58,1.43
2013.02.14 15:15:55.966,1.00882,1.009,1.05,1.43
2013.02.14 15:15:56.148,1.0088,1.00899,3.00,2.18
2013.02.14 15:15:56.216,1.0088,1.00899,3.00,2.93
2013.02.14 15:15:56.745,1.00881,1.00894,1.50,1.43
2013.02.14 15:15:56.823,1.00878,1.00897,3.42,2.18
2013.02.14 15:15:56.957,1.00878,1.00897,2.67,2.18
2013.02.14 15:15:57.256,1.00879,1.00897,1.43,1.43
2013.02.14 15:15:58.048,1.0088,1.00899,1.43,1.80
2013.02.14 15:15:58.116,1.00883,1.00899,1.43,1.50
2013.02.14 15:15:58.536,1.00881,1.00898,1.50,1.05
2013.02.14 15:15:59.106,1.00881,1.00899,2.10,1.50
2013.02.14 15:15:59.286,1.00881,1.00899,2.10,2.07
2013.02.14 15:15:59.846,1.00878,1.00897,4.28,2.18
2013.02.14 15:16:00.185,1.00881,1.00899,1.43,3.60
2013.02.14 15:16:00.246,1.00881,1.00899,1.43,3.68
2013.02.14 15:16:00.546,1.00881,1.00898,1.43,1.50
2013.02.14 15:16:01.086,1.0088,1.00896,1.43,1.43
2013.02.14 15:16:01.205,1.00877,1.00897,1.50,2.85
2013.02.14 15:16:03.325,1.00876,1.00896,4.99,1.43
2013.02.14 15:16:03.565,1.00875,1.00894,2.78,1.43
2013.02.14 15:16:03.686,1.00876,1.00894,3.57,1.43
2013.02.14 15:16:03.746,1.00876,1.00894,4.32,1.43
2013.02.14 15:16:04.335,1.00876,1.00894,4.32,2.18
2013.02.14 15:16:05.088,1.00876,1.00894,4.32,2.48
2013.02.14 15:16:05.336,1.00874,1.00891,1.35,2.78
2013.02.14 15:16:05.466,1.00874,1.00891,1.35,3.83
2013.02.14 15:16:05.527,1.00871,1.0089,1.50,1.05
2013.02.14 15:16:05.706,1.00869,1.00888,2.85,1.05
2013.02.14 15:16:05.827,1.00871,1.0089,2.25,3.23
2013.02.14 15:16:06.187,1.00874,1.00893,1.32,1.43
2013.02.14 15:16:07.056,1.00874,1.00893,1.50,2.18
2013.02.14 15:16:07.295,1.0087,1.0089,1.50,2.48
2013.02.14 15:16:07.357,1.00871,1.0089,2.25,3.23
2013.02.14 15:16:07.896,1.00871,1.00889,1.50,1.28
2013.02.14 15:16:08.425,1.00871,1.00888,1.50,1.50
2013.02.14 15:16:09.037,1.00871,1.00885,1.50,1.43
2013.02.14 15:16:09.155,1.00869,1.00887,2.93,1.88
2013.02.14 15:16:09.215,1.00869,1.00887,2.18,1.88
2013.02.14 15:16:09.526,1.00868,1.00886,2.82,1.43
2013.02.14 15:16:10.749,1.00868,1.00883,1.32,1.50
2013.02.14 15:16:10.816,1.00862,1.0088,1.73,2.18
2013.02.14 15:16:10.876,1.0086,1.00879,1.54,1.13
2013.02.14 15:16:10.996,1.00859,1.00876,1.32,1.80
2013.02.14 15:16:11.466,1.00858,1.00873,1.92,1.43
2013.02.14 15:16:11.896,1.00859,1.0087,1.32,1.43
2013.02.14 15:16:13.199,1.00862,1.0087,1.50,2.18
2013.02.14 15:16:13.506,1.00862,1.00875,2.85,1.13
2013.02.14 15:16:13.627,1.00862,1.00878,1.35,1.43
2013.02.14 15:16:13.747,1.00861,1.00878,2.25,1.43
2013.02.14 15:16:13.807,1.00861,1.00878,1.50,1.43
2013.02.14 15:16:13.986,1.00858,1.00878,1.35,2.18
2013.02.14 15:16:14.106,1.00859,1.00875,1.35,1.43
2013.02.14 15:16:14.645,1.00858,1.00877,1.35,1.13
2013.02.14 15:16:14.706,1.00858,1.00878,1.35,2.18
2013.02.14 15:16:14.766,1.00859,1.00878,1.35,2.18
2013.02.14 15:16:16.446,1.0086,1.00878,2.18,1.28
2013.02.14 15:16:16.767,1.00864,1.00881,1.35,1.50
2013.02.14 15:16:17.007,1.00866,1.00885,2.18,1.50
2013.02.14 15:16:17.427,1.00865,1.00882,2.18,1.50
2013.02.14 15:16:17.487,1.00863,1.00882,1.43,2.93
2013.02.14 15:16:17.547,1.00863,1.00882,1.43,3.45
2013.02.14 15:16:18.155,1.00863,1.00881,2.18,1.50
2013.02.14 15:16:18.397,1.00863,1.00882,1.43,2.93
2013.02.14 15:16:18.946,1.00863,1.00882,1.43,2.18
2013.02.14 15:16:19.008,1.00863,1.00882,2.18,2.18
2013.02.14 15:16:19.075,1.00863,1.00882,2.18,2.70
2013.02.14 15:16:19.796,1.00863,1.00882,2.78,3.45
2013.02.14 15:16:19.917,1.00862,1.00881,1.35,2.18
2013.02.14 15:16:20.277,1.00862,1.00881,2.25,1.43
2013.02.14 15:16:20.337,1.00862,1.00881,1.50,2.18
2013.02.14 15:16:20.876,1.00863,1.00881,1.43,1.28
2013.02.14 15:16:21.246,1.00863,1.0088,1.43,1.50
2013.02.14 15:16:21.966,1.0086,1.00878,3.57,2.85
2013.02.14 15:16:22.206,1.00857,1.00874,1.50,1.28
2013.02.14 15:16:22.566,1.0085,1.00871,2.93,1.05
2013.02.14 15:16:23.368,1.0085,1.0087,2.18,1.05
2013.02.14 15:16:23.916,1.00854,1.0087,1.43,1.05
2013.02.14 15:16:25.063,1.00852,1.0087,2.18,1.05
2013.02.14 15:16:25.586,1.00852,1.0087,1.43,1.05
2013.02.14 15:16:26.136,1.00852,1.00871,1.43,3.98
2013.02.14 15:16:26.827,1.00858,1.00871,1.43,1.80
2013.02.14 15:16:26.947,1.00858,1.00878,2.18,2.63
2013.02.14 15:16:27.069,1.00858,1.00878,2.18,2.18
2013.02.14 15:16:27.807,1.00862,1.00878,1.43,2.18
2013.02.14 15:16:28.427,1.00862,1.0088,1.43,2.25
2013.02.14 15:16:29.556,1.00864,1.00881,1.50,1.80
2013.02.14 15:16:29.796,1.00865,1.00885,2.48,2.18
2013.02.14 15:16:29.856,1.00865,1.00884,1.43,1.05
2013.02.14 15:16:30.217,1.00863,1.0088,1.35,1.43
2013.02.14 15:16:30.277,1.00861,1.0088,1.43,2.18
2013.02.14 15:16:31.957,1.00861,1.0088,2.18,3.49
2013.02.14 15:16:32.016,1.00861,1.0088,2.18,3.49
2013.02.14 15:16:32.597,1.00861,1.00878,2.93,1.50
2013.02.14 15:16:32.717,1.00861,1.0088,2.93,3.68
2013.02.14 15:16:32.776,1.00863,1.0088,1.50,2.93
2013.02.14 15:16:32.896,1.00866,1.00884,2.18,1.50
2013.02.14 15:16:33.075,1.0087,1.00885,1.43,1.50
2013.02.14 15:16:33.476,1.00865,1.00884,2.18,1.43
2013.02.14 15:16:33.536,1.00865,1.00884,2.18,2.18
2013.02.14 15:16:34.787,1.00865,1.00884,1.43,1.50
2013.02.14 15:16:35.296,1.00865,1.00882,1.43,1.43
2013.02.14 15:16:35.416,1.00862,1.0088,1.50,1.43
2013.02.14 15:16:35.956,1.00862,1.00881,1.05,1.50
2013.02.14 15:16:36.495,1.00863,1.00883,2.74,1.50
2013.02.14 15:16:36.557,1.00864,1.00885,1.05,2.18
2013.02.14 15:16:36.618,1.00864,1.00884,1.05,1.50
2013.02.14 15:16:37.927,1.00862,1.00881,2.93,1.43
2013.02.14 15:16:38.356,1.00862,1.00881,1.43,2.93
2013.02.14 15:16:40.715,1.0086,1.00879,1.80,2.18
2013.02.14 15:16:41.478,1.0086,1.00879,1.05,2.93
2013.02.14 15:16:41.715,1.00857,1.00876,3.23,1.43
2013.02.14 15:16:42.294,1.00857,1.00876,3.23,1.43
2013.02.14 15:16:42.797,1.00857,1.00876,2.18,1.43
2013.02.14 15:16:42.917,1.00856,1.00875,1.50,2.18
2013.02.14 15:16:45.027,1.00854,1.0087,1.50,1.43
2013.02.14 15:16:45.356,1.00851,1.00868,1.50,1.43
2013.02.14 15:16:45.958,1.00848,1.00868,1.43,2.18
2013.02.14 15:16:46.718,1.00847,1.00866,1.80,1.43
2013.02.14 15:16:47.264,1.00847,1.00868,3.23,1.50
2013.02.14 15:16:47.826,1.00847,1.00869,3.79,2.85
2013.02.14 15:16:48.348,1.00848,1.00869,1.05,2.85
2013.02.14 15:16:48.468,1.00851,1.00869,1.05,2.18
2013.02.14 15:16:48.777,1.00855,1.00869,1.50,2.85
2013.02.14 15:16:49.020,1.00854,1.00872,2.82,2.93
2013.02.14 15:16:49.616,1.00856,1.00872,1.50,2.93
2013.02.14 15:16:49.793,1.00857,1.00872,1.50,2.93
2013.02.14 15:16:51.716,1.00854,1.00872,1.32,2.70
2013.02.14 15:16:52.097,1.00852,1.00868,2.78,1.43
2013.02.14 15:16:52.276,1.00852,1.00868,2.10,1.43
2013.02.14 15:16:52.926,1.00852,1.00868,2.10,1.43
2013.02.14 15:16:53.605,1.00852,1.00868,2.10,1.43
2013.02.14 15:16:53.846,1.00852,1.0087,2.10,1.43
2013.02.14 15:16:54.865,1.00852,1.0087,2.10,1.43
2013.02.14 15:16:55.518,1.00852,1.0087,2.10,1.43
2013.02.14 15:16:55.877,1.00854,1.00873,2.18,2.18
2013.02.14 15:16:56.175,1.00854,1.00873,4.99,2.18
2013.02.14 15:16:58.216,1.00861,1.00873,1.50,1.43
2013.02.14 15:16:58.279,1.00861,1.00879,1.50,1.50
2013.02.14 15:16:58.346,1.00861,1.0088,1.50,1.50
2013.02.14 15:16:58.585,1.00862,1.00882,2.18,1.80
2013.02.14 15:16:59.125,1.00862,1.00883,3.23,3.60
2013.02.14 15:16:59.366,1.00862,1.00883,2.93,2.48
2013.02.14 15:17:00.216,1.00862,1.0088,2.82,1.73
2013.02.14 15:17:00.469,1.00867,1.00883,1.50,2.40
2013.02.14 15:17:00.967,1.00867,1.00883,1.50,1.43
2013.02.14 15:17:01.207,1.00872,1.00886,1.50,2.18
2013.02.14 15:17:01.267,1.00872,1.0089,1.50,2.93
2013.02.14 15:17:01.446,1.00872,1.00888,1.50,1.43
2013.02.14 15:17:01.506,1.00872,1.0089,1.50,2.10
2013.02.14 15:17:02.066,1.00872,1.0089,2.55,1.43
2013.02.14 15:17:02.127,1.00876,1.00892,1.43,2.85
2013.02.14 15:17:04.426,1.00871,1.00892,1.80,2.85
2013.02.14 15:17:04.556,1.00871,1.00889,1.50,2.10
2013.02.14 15:17:04.630,1.0087,1.00884,2.10,1.43
2013.02.14 15:17:04.756,1.00866,1.00884,2.25,2.10
2013.02.14 15:17:05.297,1.00867,1.00885,2.18,1.05
2013.02.14 15:17:05.846,1.00868,1.00887,2.18,2.03
2013.02.14 15:17:05.966,1.0087,1.00888,1.43,1.35
2013.02.14 15:17:06.086,1.0087,1.00888,1.43,1.05
2013.02.14 15:17:06.217,1.0087,1.00888,2.18,1.35
2013.02.14 15:17:07.356,1.00873,1.00888,1.43,1.35
2013.02.14 15:17:07.877,1.00873,1.00889,1.43,2.10
2013.02.14 15:17:08.176,1.0087,1.0089,2.03,4.35
2013.02.14 15:17:08.536,1.00871,1.0089,2.25,2.85
2013.02.14 15:17:09.087,1.00872,1.0089,1.50,2.78
2013.02.14 15:17:09.386,1.0087,1.00889,2.78,1.43
2013.02.14 15:17:09.510,1.00868,1.00886,1.50,1.43
2013.02.14 15:17:09.639,1.00864,1.00883,1.88,5.18
2013.02.14 15:17:09.707,1.00864,1.0088,1.50,1.43
2013.02.14 15:17:09.766,1.0086,1.0088,2.18,2.85
2013.02.14 15:17:10.306,1.0086,1.00879,2.18,1.43
2013.02.14 15:17:10.919,1.0086,1.00878,1.43,3.00
2013.02.14 15:17:12.078,1.0086,1.00878,2.18,1.50
2013.02.14 15:17:12.872,1.0086,1.00879,2.18,2.25
2013.02.14 15:17:12.952,1.00863,1.00879,1.43,1.50
2013.02.14 15:17:13.278,1.00866,1.00882,1.50,1.50
2013.02.14 15:17:13.636,1.0087,1.00883,1.43,1.50
2013.02.14 15:17:13.756,1.0087,1.00888,1.43,3.00
2013.02.14 15:17:14.395,1.0087,1.00889,1.43,2.25
2013.02.14 15:17:15.310,1.0087,1.00888,1.43,1.05
2013.02.14 15:17:15.798,1.00868,1.00885,1.43,2.48
2013.02.14 15:17:15.870,1.00866,1.00884,2.18,1.17
2013.02.14 15:17:16.176,1.00857,1.00874,1.43,2.93
2013.02.14 15:17:16.237,1.00856,1.00874,1.43,2.93
2013.02.14 15:17:16.525,1.00859,1.00874,1.50,2.93
2013.02.14 15:17:16.828,1.00864,1.00882,1.13,2.93
2013.02.14 15:17:17.018,1.00865,1.00884,2.78,2.70
2013.02.14 15:17:17.146,1.00865,1.00884,2.78,2.85
2013.02.14 15:17:17.507,1.00863,1.00879,2.18,1.05
2013.02.14 15:17:17.567,1.00863,1.00879,2.18,1.05
2013.02.14 15:17:17.627,1.00863,1.00879,1.99,1.05
2013.02.14 15:17:17.686,1.00863,1.00879,1.43,1.05
2013.02.14 15:17:17.747,1.00863,1.00879,2.18,1.05
2013.02.14 15:17:17.867,1.00864,1.00879,1.50,1.05
2013.02.14 15:17:17.986,1.00861,1.00879,1.50,1.35
2013.02.14 15:17:18.107,1.00863,1.00879,1.43,1.05
2013.02.14 15:17:18.466,1.00863,1.00881,2.59,1.05
2013.02.14 15:17:18.527,1.00863,1.00881,2.59,1.05
2013.02.14 15:17:18.646,1.00863,1.00881,2.59,1.05
2013.02.14 15:17:18.846,1.00864,1.00882,1.43,1.73
2013.02.14 15:17:18.967,1.00866,1.00882,1.43,1.73
2013.02.14 15:17:20.387,1.00868,1.00886,1.43,1.35
2013.02.14 15:17:20.447,1.00868,1.00886,2.18,1.05
2013.02.14 15:17:20.627,1.00873,1.0089,4.20,2.25
2013.02.14 15:17:20.686,1.00873,1.00891,4.95,1.05
2013.02.14 15:17:20.868,1.00872,1.00888,1.50,2.03
2013.02.14 15:17:21.107,1.00872,1.0089,1.50,2.48
2013.02.14 15:17:21.646,1.00873,1.00889,2.18,1.58
2013.02.14 15:17:21.714,1.00873,1.00889,2.18,1.80
2013.02.14 15:17:21.777,1.00871,1.00889,1.43,1.80
2013.02.14 15:17:22.076,1.0087,1.00885,1.50,1.05
2013.02.14 15:17:22.316,1.00864,1.00882,1.43,1.05
2013.02.14 15:17:22.677,1.00861,1.0088,1.35,3.23
2013.02.14 15:17:22.918,1.00864,1.00882,1.05,4.35
2013.02.14 15:17:23.157,1.00868,1.00884,2.18,1.50
2013.02.14 15:17:23.217,1.00868,1.00883,1.43,1.50
2013.02.14 15:17:23.575,1.00871,1.00886,1.43,1.28
2013.02.14 15:17:25.489,1.00869,1.00886,1.43,2.07
2013.02.14 15:17:25.562,1.00868,1.00883,2.18,1.32
2013.02.14 15:17:25.757,1.00865,1.00881,1.43,1.28
2013.02.14 15:17:26.196,1.00865,1.00881,1.43,1.80
2013.02.14 15:17:26.347,1.00865,1.00882,1.43,2.03
2013.02.14 15:17:26.407,1.00868,1.00882,1.43,2.03
2013.02.14 15:17:26.527,1.00868,1.00883,1.43,1.50
2013.02.14 15:17:26.645,1.00868,1.00886,1.43,1.50
2013.02.14 15:17:27.866,1.00868,1.00886,1.43,1.50
2013.02.14 15:17:28.507,1.00867,1.00885,1.05,2.18
2013.02.14 15:17:29.386,1.00867,1.00886,2.85,2.03
2013.02.14 15:17:30.577,1.00867,1.00885,1.43,1.28
2013.02.14 15:17:30.936,1.00861,1.00878,1.43,1.28
2013.02.14 15:17:31.574,1.00858,1.00878,3.49,1.28
2013.02.14 15:17:31.877,1.00864,1.00878,1.43,1.28
2013.02.14 15:17:32.416,1.00864,1.00878,1.43,2.03
2013.02.14 15:17:32.936,1.00864,1.0088,1.43,1.88
2013.02.14 15:17:33.386,1.00864,1.00877,1.43,1.35
2013.02.14 15:17:33.955,1.00862,1.00877,1.43,2.10
2013.02.14 15:17:34.633,1.00859,1.00877,1.05,1.35
2013.02.14 15:17:39.896,1.00858,1.00876,2.93,1.35
2013.02.14 15:17:40.586,1.00858,1.00876,2.18,1.35
2013.02.14 15:17:43.786,1.00862,1.00876,1.43,1.35
2013.02.14 15:17:44.205,1.00862,1.00877,2.18,1.35
2013.02.14 15:17:44.706,1.00862,1.00878,2.18,1.35
2013.02.14 15:17:45.697,1.00859,1.00879,1.32,3.53
2013.02.14 15:17:46.387,1.00861,1.00879,2.93,1.35
2013.02.14 15:17:47.066,1.00862,1.00879,3.68,1.35
2013.02.14 15:17:48.037,1.00863,1.00879,2.25,1.35
2013.02.14 15:17:48.097,1.00866,1.00879,1.43,1.35
2013.02.14 15:17:48.157,1.00866,1.00883,2.18,2.10
2013.02.14 15:17:48.218,1.00869,1.00883,1.43,1.35
2013.02.14 15:17:49.416,1.00866,1.00884,1.50,2.10
2013.02.14 15:17:51.746,1.00866,1.00884,1.50,2.10
2013.02.14 15:17:53.114,1.00868,1.00882,1.43,1.43
2013.02.14 15:17:53.427,1.00873,1.00889,2.18,2.18
2013.02.14 15:17:53.617,1.00875,1.00893,2.18,2.25
2013.02.14 15:17:53.796,1.00877,1.00893,2.10,1.50
2013.02.14 15:17:54.096,1.00877,1.00896,2.10,3.12
2013.02.14 15:17:54.626,1.00877,1.00896,2.10,1.80
2013.02.14 15:17:54.806,1.00881,1.00896,1.43,1.50
2013.02.14 15:17:55.107,1.00885,1.009,2.10,2.25
2013.02.14 15:17:55.237,1.00885,1.00903,2.10,2.03
2013.02.14 15:17:55.785,1.00885,1.00906,2.10,3.83
2013.02.14 15:17:55.907,1.00885,1.00906,2.85,4.58
2013.02.14 15:17:56.257,1.00891,1.00905,1.43,1.05
2013.02.14 15:17:56.795,1.00891,1.00906,1.43,2.25
2013.02.14 15:17:57.340,1.00891,1.00906,2.18,2.25
2013.02.14 15:17:57.627,1.00893,1.0091,2.18,1.32
2013.02.14 15:17:57.986,1.00897,1.0091,2.48,1.32
2013.02.14 15:17:58.698,1.00897,1.00918,3.23,3.98
2013.02.14 15:17:59.906,1.009,1.00916,2.18,2.55
2013.02.14 15:18:00.327,1.009,1.00916,1.43,2.55
2013.02.14 15:18:00.447,1.00902,1.00918,1.43,2.55
2013.02.14 15:18:00.630,1.00902,1.00921,2.18,1.50
2013.02.14 15:18:00.697,1.00902,1.00923,2.18,3.53
2013.02.14 15:18:00.937,1.00901,1.00921,1.05,1.73
2013.02.14 15:18:01.417,1.009,1.0092,2.93,1.35
2013.02.14 15:18:01.917,1.00896,1.00915,2.18,2.48
2013.02.14 15:18:01.978,1.00896,1.00915,2.18,2.48
2013.02.14 15:18:02.557,1.00896,1.00915,2.74,1.43
2013.02.14 15:18:02.615,1.00896,1.00915,2.74,1.43
2013.02.14 15:18:03.147,1.00896,1.00915,2.74,1.43
2013.02.14 15:18:03.387,1.00896,1.00912,1.62,1.43
2013.02.14 15:18:03.965,1.00895,1.00912,1.43,2.18
2013.02.14 15:18:05.816,1.00893,1.0091,2.25,1.43
2013.02.14 15:18:05.936,1.00892,1.0091,2.18,1.43
2013.02.14 15:18:06.346,1.00893,1.00907,2.74,1.43
2013.02.14 15:18:06.707,1.00889,1.00903,1.50,2.18
2013.02.14 15:18:07.547,1.00887,1.00903,1.50,2.18
2013.02.14 15:18:07.687,1.00886,1.00903,1.50,2.18
2013.02.14 15:18:08.238,1.00885,1.00902,1.50,2.18
2013.02.14 15:18:08.536,1.00883,1.00902,1.43,2.93
2013.02.14 15:18:08.776,1.00882,1.00899,1.43,2.18
2013.02.14 15:18:09.016,1.00882,1.009,1.43,2.55
2013.02.14 15:18:09.567,1.00881,1.009,3.00,2.18
2013.02.14 15:18:09.647,1.00881,1.009,3.57,2.18
2013.02.14 15:18:10.367,1.00882,1.00898,2.18,2.18
2013.02.14 15:18:10.486,1.00883,1.00901,1.35,2.18
2013.02.14 15:18:10.727,1.00884,1.00897,1.50,1.43
2013.02.14 15:18:11.317,1.00883,1.00897,1.35,2.48
2013.02.14 15:18:11.437,1.00881,1.00895,2.25,1.43
2013.02.14 15:18:12.274,1.00879,1.00896,2.25,1.13
2013.02.14 15:18:12.776,1.00882,1.00895,1.50,1.73
2013.02.14 15:18:13.404,1.00882,1.00897,2.07,2.48
2013.02.14 15:18:13.710,1.00885,1.00897,1.32,1.73
2013.02.14 15:18:16.467,1.00883,1.00897,2.10,1.43
2013.02.14 15:18:17.176,1.00883,1.00897,1.35,1.95
2013.02.14 15:18:21.190,1.00883,1.00892,1.35,1.43
2013.02.14 15:18:21.378,1.00876,1.00892,1.50,1.95
2013.02.14 15:18:21.448,1.00876,1.00892,2.25,1.43
2013.02.14 15:18:21.626,1.00882,1.00892,1.50,1.43
2013.02.14 15:18:22.263,1.00881,1.00892,1.50,1.43
2013.02.14 15:18:23.486,1.00881,1.00895,1.50,1.43
2013.02.14 15:18:23.727,1.00884,1.00895,1.50,1.43
2013.02.14 15:18:23.847,1.00884,1.00898,1.50,2.18
2013.02.14 15:18:23.908,1.00885,1.00898,1.32,2.18
2013.02.14 15:18:24.026,1.00886,1.00901,1.50,1.13
2013.02.14 15:18:24.206,1.00885,1.00898,1.50,1.43
2013.02.14 15:18:24.386,1.00883,1.00898,1.50,1.80
2013.02.14 15:18:24.686,1.00882,1.00894,4.17,1.43
2013.02.14 15:18:26.406,1.00881,1.00894,1.50,1.43
2013.02.14 15:18:27.351,1.00879,1.00894,2.25,1.73
2013.02.14 15:18:27.567,1.00878,1.00894,1.50,1.73
2013.02.14 15:18:27.626,1.00877,1.00893,3.60,2.18
2013.02.14 15:18:27.928,1.00876,1.00886,1.50,1.43
2013.02.14 15:18:28.237,1.00869,1.00882,2.18,2.18
2013.02.14 15:18:28.508,1.00867,1.00882,2.82,2.18
2013.02.14 15:18:28.639,1.0087,1.00882,1.50,2.18
2013.02.14 15:18:28.707,1.00868,1.00882,1.50,2.18
2013.02.14 15:18:29.677,1.0087,1.00882,1.32,2.18
2013.02.14 15:18:29.797,1.00871,1.00884,1.32,2.18
2013.02.14 15:18:30.428,1.0087,1.00884,2.67,2.18
2013.02.14 15:18:31.096,1.00871,1.00882,1.32,1.43
2013.02.14 15:18:31.157,1.00871,1.00885,1.32,2.55
2013.02.14 15:18:31.666,1.00871,1.00885,1.50,2.18
2013.02.14 15:18:32.450,1.0087,1.00885,1.50,2.18
2013.02.14 15:18:32.578,1.00868,1.00881,1.50,1.43
2013.02.14 15:18:32.886,1.00868,1.00881,1.50,1.43
2013.02.14 15:18:33.438,1.00867,1.00883,2.25,1.43
2013.02.14 15:18:34.336,1.00868,1.00881,1.50,1.43
2013.02.14 15:18:35.287,1.00868,1.00881,1.50,1.43
2013.02.14 15:18:35.566,1.00868,1.00883,1.50,1.43
2013.02.14 15:18:36.363,1.00868,1.00884,1.50,1.43
2013.02.14 15:18:36.487,1.00868,1.00884,1.50,1.43
2013.02.14 15:18:37.245,1.00868,1.00884,1.50,1.43
2013.02.14 15:18:39.382,1.0087,1.00887,1.50,1.95
2013.02.14 15:18:39.450,1.0087,1.00887,1.50,1.43
2013.02.14 15:18:40.158,1.00869,1.00885,1.05,1.43
2013.02.14 15:18:40.708,1.00867,1.00885,1.50,2.18
2013.02.14 15:18:42.376,1.0087,1.00888,1.05,3.45
2013.02.14 15:18:42.617,1.0087,1.00888,1.05,3.45
2013.02.14 15:18:42.677,1.0087,1.00888,1.05,3.45
2013.02.14 15:18:43.328,1.0087,1.00888,1.05,3.45
2013.02.14 15:18:43.636,1.00869,1.00888,1.50,2.93
2013.02.14 15:18:43.756,1.00869,1.00888,1.50,2.93
2013.02.14 15:18:44.326,1.00869,1.00888,1.50,2.93
2013.02.14 15:18:44.718,1.00874,1.00889,2.18,1.28
2013.02.14 15:18:44.897,1.00876,1.00894,1.50,3.75
2013.02.14 15:18:45.349,1.00876,1.00891,2.18,1.43
2013.02.14 15:18:46.237,1.00873,1.00891,1.05,1.95
2013.02.14 15:18:46.296,1.00872,1.00889,1.50,2.70
2013.02.14 15:18:46.477,1.00871,1.00886,1.43,1.43
2013.02.14 15:18:46.597,1.00869,1.00886,1.50,1.43
2013.02.14 15:18:46.956,1.00868,1.00886,2.78,2.18
2013.02.14 15:18:47.287,1.00868,1.00883,2.03,1.43
2013.02.14 15:18:47.409,1.00866,1.0088,1.50,1.43
2013.02.14 15:18:47.657,1.00863,1.0088,1.50,1.95
2013.02.14 15:18:47.721,1.00863,1.00876,1.50,1.43
2013.02.14 15:18:48.027,1.00859,1.00874,1.50,1.43
2013.02.14 15:18:48.328,1.00858,1.00874,2.18,2.18
2013.02.14 15:18:48.808,1.00859,1.00874,1.05,1.43
2013.02.14 15:18:52.045,1.00857,1.00874,2.25,2.18
2013.02.14 15:18:52.357,1.00858,1.00874,1.05,1.43
2013.02.14 15:18:52.738,1.00859,1.00878,1.43,1.28
2013.02.14 15:18:53.168,1.00858,1.00872,2.25,1.43
2013.02.14 15:18:53.297,1.00858,1.00872,2.55,1.43
2013.02.14 15:18:53.657,1.00858,1.00875,3.30,2.18
2013.02.14 15:18:54.176,1.00858,1.00875,3.30,1.43
2013.02.14 15:18:54.657,1.00862,1.00878,1.50,2.18
2013.02.14 15:18:54.846,1.00862,1.00881,3.68,3.08
2013.02.14 15:18:55.432,1.00863,1.00881,1.05,2.18
2013.02.14 15:18:55.618,1.00862,1.00878,1.43,1.28
2013.02.14 15:18:55.687,1.0086,1.00878,1.50,2.70
2013.02.14 15:18:56.439,1.00859,1.00876,1.50,1.95
2013.02.14 15:18:57.216,1.00859,1.00876,2.07,2.70
2013.02.14 15:18:57.785,1.00859,1.00876,1.32,2.70
2013.02.14 15:19:00.677,1.0086,1.00876,1.32,2.70
2013.02.14 15:19:00.807,1.00862,1.00876,1.32,1.43
2013.02.14 15:19:01.430,1.00863,1.00876,1.92,1.43
2013.02.14 15:19:01.497,1.00864,1.00879,1.99,3.08
2013.02.14 15:19:02.243,1.00864,1.0088,2.25,2.93
2013.02.14 15:19:02.323,1.00863,1.00874,1.32,2.18
2013.02.14 15:19:02.605,1.00863,1.00878,1.32,1.20
2013.02.14 15:19:02.675,1.00863,1.00878,1.32,1.28
2013.02.14 15:19:02.815,1.00863,1.00879,1.32,2.55
2013.02.14 15:19:02.949,1.00863,1.00878,1.32,1.95
2013.02.14 15:19:03.140,1.00862,1.00878,1.32,2.18
2013.02.14 15:19:03.407,1.00862,1.00878,1.32,3.45
2013.02.14 15:19:04.357,1.00866,1.00882,1.32,1.50
2013.02.14 15:19:04.417,1.00868,1.00883,1.32,2.70
2013.02.14 15:19:04.776,1.00863,1.00877,1.32,1.43
2013.02.14 15:19:05.136,1.00866,1.00876,1.32,1.43
2013.02.14 15:19:05.456,1.00861,1.00876,2.25,1.43
2013.02.14 15:19:05.886,1.00862,1.00877,1.50,1.43
2013.02.14 15:19:06.007,1.00862,1.00878,3.30,1.43
2013.02.14 15:19:06.126,1.00863,1.00878,1.32,1.43
2013.02.14 15:19:06.666,1.00862,1.00877,1.50,2.10
2013.02.14 15:19:07.147,1.00862,1.00877,1.50,2.10
2013.02.14 15:19:07.206,1.00862,1.00877,1.50,2.10
2013.02.14 15:19:07.935,1.00862,1.00877,1.50,2.10
2013.02.14 15:19:08.777,1.00861,1.00877,2.07,2.85
2013.02.14 15:19:08.837,1.00863,1.00873,1.32,1.43
2013.02.14 15:19:09.412,1.00863,1.00873,1.32,2.18
2013.02.14 15:19:09.964,1.00863,1.00873,1.32,2.18
2013.02.14 15:19:12.346,1.00863,1.00877,1.32,3.53
2013.02.14 15:19:17.336,1.00863,1.00876,1.32,2.10
2013.02.14 15:19:20.624,1.00863,1.00876,1.32,2.18
2013.02.14 15:19:22.416,1.0086,1.00876,1.92,1.43
2013.02.14 15:19:22.537,1.0086,1.00876,1.92,2.18
2013.02.14 15:19:23.547,1.00863,1.00874,1.32,1.43
2013.02.14 15:19:23.906,1.00857,1.0087,1.32,1.43
2013.02.14 15:19:24.087,1.00855,1.0087,1.32,2.93
2013.02.14 15:19:24.147,1.00855,1.00868,1.32,2.18
2013.02.14 15:19:24.650,1.00855,1.00867,1.32,1.43
2013.02.14 15:19:26.176,1.00854,1.00867,1.32,1.73
2013.02.14 15:19:26.237,1.00852,1.00867,1.32,1.73
2013.02.14 15:19:26.298,1.00852,1.00867,1.32,2.03
2013.02.14 15:19:26.846,1.00852,1.00868,1.32,1.50
2013.02.14 15:19:29.466,1.0085,1.00864,1.99,1.43
2013.02.14 15:19:29.526,1.00846,1.00863,2.25,1.43
2013.02.14 15:19:29.586,1.00846,1.00863,2.25,2.18
2013.02.14 15:19:29.826,1.00849,1.00866,1.32,2.93
2013.02.14 15:19:30.377,1.00849,1.00866,1.32,2.18
2013.02.14 15:19:30.817,1.00849,1.00867,1.32,2.18
2013.02.14 15:19:30.878,1.00851,1.00867,1.32,2.18
2013.02.14 15:19:31.577,1.00849,1.00867,1.32,2.18
2013.02.14 15:19:32.237,1.00845,1.00863,1.62,2.93
2013.02.14 15:19:32.756,1.00843,1.00861,1.62,2.18
2013.02.14 15:19:33.165,1.00843,1.00861,1.62,2.18
2013.02.14 15:19:33.708,1.00849,1.00865,1.62,2.93
2013.02.14 15:19:33.777,1.00852,1.00865,1.32,1.50
2013.02.14 15:19:33.967,1.00855,1.00868,1.32,3.60
2013.02.14 15:19:34.028,1.00855,1.00866,1.32,1.43
2013.02.14 15:19:34.149,1.00851,1.00865,1.32,1.43
2013.02.14 15:19:34.219,1.00849,1.00862,1.32,1.43
2013.02.14 15:19:35.893,1.00847,1.00862,1.50,1.43
2013.02.14 15:19:36.748,1.00846,1.00862,2.25,1.43
2013.02.14 15:19:37.077,1.0085,1.00868,2.25,1.88
2013.02.14 15:19:37.257,1.00852,1.00871,1.50,2.55
2013.02.14 15:19:37.466,1.00852,1.00871,1.50,2.18
2013.02.14 15:19:38.036,1.00851,1.00871,2.25,2.70
2013.02.14 15:19:39.125,1.0085,1.0087,1.50,1.50
2013.02.14 15:19:39.427,1.00854,1.00871,1.43,2.18
2013.02.14 15:19:39.487,1.00854,1.00871,1.43,2.18
2013.02.14 15:19:40.066,1.00855,1.00871,1.50,2.18
2013.02.14 15:19:40.247,1.00855,1.00873,2.25,2.18
2013.02.14 15:19:40.487,1.00854,1.00873,1.43,2.93
2013.02.14 15:19:40.669,1.00855,1.00873,1.50,2.18
2013.02.14 15:19:42.228,1.00857,1.00873,1.50,1.43
2013.02.14 15:19:43.667,1.00856,1.00873,2.25,3.98
2013.02.14 15:19:43.906,1.00856,1.00869,3.00,2.10
2013.02.14 15:19:44.457,1.00856,1.00869,1.50,1.73
2013.02.14 15:19:45.846,1.00856,1.00872,2.18,1.73
2013.02.14 15:19:45.969,1.00858,1.00875,4.28,1.50
2013.02.14 15:19:46.100,1.00861,1.00878,1.43,2.03
2013.02.14 15:19:46.287,1.00862,1.00878,2.18,1.28
2013.02.14 15:19:46.826,1.00861,1.00878,2.25,1.28
2013.02.14 15:19:47.137,1.00863,1.00882,1.43,2.78
2013.02.14 15:19:47.499,1.00868,1.00883,1.43,2.18
2013.02.14 15:19:47.747,1.00865,1.00883,2.10,2.18
2013.02.14 15:19:48.252,1.00866,1.00883,1.43,1.43
2013.02.14 15:19:48.736,1.00865,1.00881,1.50,1.43
2013.02.14 15:19:49.465,1.00863,1.00881,2.55,1.43
2013.02.14 15:19:50.227,1.00863,1.00883,4.35,3.60
2013.02.14 15:19:52.216,1.00865,1.00883,1.99,1.43
2013.02.14 15:19:52.456,1.00866,1.00885,2.10,1.50
2013.02.14 15:19:54.236,1.00866,1.00885,2.10,2.03
2013.02.14 15:19:54.757,1.00866,1.00885,2.10,1.50
2013.02.14 15:19:55.268,1.00866,1.00885,1.43,1.50
2013.02.14 15:19:57.807,1.00866,1.00885,2.10,1.80
2013.02.14 15:19:57.987,1.00865,1.00883,2.07,2.18
2013.02.14 15:19:58.297,1.00867,1.00885,1.43,1.80
2013.02.14 15:19:59.072,1.00867,1.00884,2.18,1.05
2013.02.14 15:19:59.377,1.0087,1.00886,1.43,1.13
2013.02.14 15:19:59.496,1.0087,1.00886,1.43,1.13
2013.02.14 15:20:03.707,1.0087,1.00886,1.43,1.13
2013.02.14 15:20:06.257,1.00868,1.00886,2.18,1.28
2013.02.14 15:20:06.437,1.00866,1.00884,2.18,1.50
2013.02.14 15:20:10.568,1.00866,1.00883,2.07,2.18
2013.02.14 15:20:12.648,1.00867,1.00884,1.92,1.50
2013.02.14 15:20:13.316,1.00867,1.00884,1.24,1.50
2013.02.14 15:20:15.667,1.00866,1.00885,1.92,1.50
2013.02.14 15:20:18.426,1.00867,1.00885,1.43,1.50
2013.02.14 15:20:26.056,1.00866,1.00882,2.10,1.50
2013.02.14 15:20:26.177,1.00866,1.0088,1.35,1.50
2013.02.14 15:20:26.357,1.00859,1.00876,3.15,1.50
2013.02.14 15:20:27.156,1.00858,1.00876,5.67,1.50
2013.02.14 15:20:27.277,1.0086,1.00876,3.36,1.50
2013.02.14 15:20:27.339,1.00861,1.00878,1.99,2.03
2013.02.14 15:20:27.407,1.00862,1.00878,1.32,1.28
2013.02.14 15:20:27.856,1.0086,1.00877,1.99,2.18
2013.02.14 15:20:28.577,1.0086,1.00877,1.43,2.18
2013.02.14 15:20:28.637,1.00858,1.00874,3.68,1.50
2013.02.14 15:20:28.817,1.00857,1.00873,1.43,1.50
2013.02.14 15:20:29.296,1.00856,1.00871,2.18,1.50
2013.02.14 15:20:30.486,1.00855,1.00871,1.43,1.50
2013.02.14 15:20:30.776,1.00857,1.00871,2.18,1.50
2013.02.14 15:20:31.401,1.00859,1.00872,1.43,1.50
2013.02.14 15:20:31.937,1.00856,1.00871,1.43,1.50
2013.02.14 15:20:33.817,1.00856,1.00871,4.28,1.50
2013.02.14 15:20:33.876,1.00857,1.00871,1.35,1.50
2013.02.14 15:20:34.698,1.00857,1.00873,1.35,1.50
2013.02.14 15:20:35.047,1.00859,1.00873,1.43,1.50
2013.02.14 15:20:35.562,1.00859,1.00873,1.43,1.50
2013.02.14 15:20:35.629,1.00857,1.00873,2.10,1.50
2013.02.14 15:20:35.820,1.00861,1.00873,1.50,1.50
2013.02.14 15:20:36.126,1.00867,1.0088,1.43,1.50
2013.02.14 15:20:36.427,1.00866,1.00881,1.50,2.18
2013.02.14 15:20:36.487,1.00866,1.00882,1.50,1.28
2013.02.14 15:20:36.547,1.00864,1.00879,2.85,1.50
2013.02.14 15:20:37.089,1.00864,1.00879,1.43,1.28
2013.02.14 15:20:37.662,1.00864,1.00879,1.43,2.03
2013.02.14 15:20:37.846,1.00864,1.00879,2.18,1.50
2013.02.14 15:20:37.906,1.00864,1.00879,1.43,1.50
2013.02.14 15:20:38.087,1.00861,1.00878,4.17,1.28
2013.02.14 15:20:38.207,1.00861,1.00876,3.60,1.50
2013.02.14 15:20:38.517,1.00864,1.00876,1.43,1.50
2013.02.14 15:20:38.758,1.00861,1.00876,2.85,1.50
2013.02.14 15:20:43.076,1.0086,1.00875,2.18,1.28
2013.02.14 15:20:43.196,1.0086,1.00873,1.43,1.28
2013.02.14 15:20:43.377,1.00856,1.00871,1.50,2.03
2013.02.14 15:20:45.677,1.00853,1.0087,1.43,1.28
2013.02.14 15:20:47.557,1.00853,1.0087,2.18,1.28
2013.02.14 15:20:49.072,1.00853,1.0087,1.43,1.28
2013.02.14 15:20:49.718,1.00853,1.0087,1.43,1.28
2013.02.14 15:20:51.078,1.00853,1.0087,2.18,1.28
2013.02.14 15:20:54.080,1.00857,1.0087,1.50,1.28
2013.02.14 15:20:54.268,1.00862,1.00878,2.18,1.65
2013.02.14 15:20:54.447,1.00865,1.00881,2.18,3.68
2013.02.14 15:20:54.508,1.00866,1.00881,1.50,2.18
2013.02.14 15:20:54.627,1.00867,1.00883,1.35,1.50
2013.02.14 15:20:54.746,1.00867,1.00883,1.35,1.50
2013.02.14 15:20:54.986,1.00867,1.00886,2.85,1.43
2013.02.14 15:20:55.134,1.00867,1.00886,2.85,1.43
2013.02.14 15:20:55.256,1.00868,1.00886,1.43,1.43
2013.02.14 15:20:55.617,1.0087,1.00888,1.43,2.85
2013.02.14 15:20:55.754,1.00869,1.00888,1.92,2.25
2013.02.14 15:20:55.827,1.0087,1.00888,1.35,2.25
2013.02.14 15:20:56.329,1.00872,1.00889,1.24,1.05
2013.02.14 15:20:56.398,1.00873,1.0089,1.35,3.53
2013.02.14 15:20:56.768,1.00875,1.00892,1.35,1.50
2013.02.14 15:20:56.957,1.00874,1.00889,2.67,1.05
2013.02.14 15:20:57.139,1.00873,1.00889,1.43,1.05
2013.02.14 15:20:57.698,1.00872,1.0089,3.34,1.50
2013.02.14 15:20:57.825,1.00874,1.00891,1.99,2.18
2013.02.14 15:20:58.130,1.00874,1.00888,1.37,1.50
2013.02.14 15:20:58.556,1.00871,1.00888,2.10,1.50
2013.02.14 15:20:59.088,1.00871,1.00887,2.10,1.50
2013.02.14 15:21:03.099,1.00871,1.00888,3.34,1.50
2013.02.14 15:21:03.168,1.00872,1.00888,1.35,1.50
2013.02.14 15:21:04.553,1.00879,1.00891,1.35,1.50
2013.02.14 15:21:04.808,1.00878,1.00893,3.53,1.50
2013.02.14 15:21:05.434,1.0088,1.00893,1.43,1.50
2013.02.14 15:21:06.217,1.00881,1.00894,1.50,1.50
2013.02.14 15:21:06.597,1.00878,1.00894,2.85,1.50
2013.02.14 15:21:06.658,1.00878,1.00894,2.10,1.50
2013.02.14 15:21:06.728,1.00876,1.0089,1.50,1.05
2013.02.14 15:21:07.038,1.00879,1.00892,1.43,1.05
2013.02.14 15:21:07.218,1.00879,1.00894,1.43,2.10
2013.02.14 15:21:09.127,1.00879,1.00894,1.43,1.88
2013.02.14 15:21:09.686,1.0088,1.00894,1.43,1.50
2013.02.14 15:21:10.286,1.0088,1.00893,1.43,1.05
2013.02.14 15:21:11.189,1.00881,1.00896,2.18,1.05
2013.02.14 15:21:11.260,1.00883,1.00896,1.43,1.05
2013.02.14 15:21:12.226,1.0088,1.00897,3.49,1.50
2013.02.14 15:21:12.777,1.0088,1.00895,4.24,1.05
2013.02.14 15:21:12.846,1.00881,1.00895,2.25,1.05
2013.02.14 15:21:13.148,1.00893,1.00903,1.50,1.05
2013.02.14 15:21:13.208,1.00893,1.00909,4.24,2.85
2013.02.14 15:21:13.267,1.00893,1.00914,4.92,2.03
2013.02.14 15:21:13.506,1.00895,1.00904,1.32,1.05
2013.02.14 15:21:13.566,1.00893,1.00907,2.18,1.05
2013.02.14 15:21:13.627,1.00892,1.00907,2.18,1.05
2013.02.14 15:21:13.687,1.00892,1.00907,1.43,1.05
2013.02.14 15:21:13.747,1.00892,1.00909,1.43,1.73
2013.02.14 15:21:14.407,1.0089,1.00905,1.43,1.43
2013.02.14 15:21:14.769,1.00884,1.00898,1.43,1.43
2013.02.14 15:21:15.076,1.00881,1.00898,1.43,1.43
2013.02.14 15:21:15.137,1.00881,1.00898,2.10,1.43
2013.02.14 15:21:15.198,1.00881,1.00898,1.43,1.73
2013.02.14 15:21:15.737,1.0088,1.00898,1.43,2.48
2013.02.14 15:21:16.257,1.00881,1.00898,1.43,1.73
2013.02.14 15:21:16.916,1.00882,1.00899,1.43,1.28
2013.02.14 15:21:17.981,1.00882,1.009,2.93,1.05
2013.02.14 15:21:18.296,1.00887,1.00902,2.18,1.50
2013.02.14 15:21:18.628,1.00887,1.00903,2.18,1.50
2013.02.14 15:21:18.927,1.00887,1.00904,2.18,1.13
2013.02.14 15:21:19.436,1.00887,1.00905,2.18,1.88
2013.02.14 15:21:19.737,1.00887,1.00904,1.50,3.68
2013.02.14 15:21:19.797,1.00886,1.00904,1.50,3.68
2013.02.14 15:21:19.856,1.00886,1.00904,1.50,3.68
2013.02.14 15:21:20.396,1.00883,1.00901,2.18,2.03
2013.02.14 15:21:20.516,1.00883,1.00901,2.18,1.73
2013.02.14 15:21:21.025,1.00885,1.00902,2.18,1.35
2013.02.14 15:21:21.547,1.00886,1.00905,1.50,1.35
2013.02.14 15:21:21.667,1.00886,1.00901,1.50,1.35
2013.02.14 15:21:22.026,1.00885,1.009,2.85,1.50
2013.02.14 15:21:22.086,1.00885,1.009,2.85,1.50
2013.02.14 15:21:22.148,1.00885,1.009,3.60,1.50
2013.02.14 15:21:22.446,1.00888,1.00906,2.18,1.50
2013.02.14 15:21:22.957,1.00888,1.00906,1.43,1.50
2013.02.14 15:21:23.089,1.00889,1.00908,1.43,1.50
2013.02.14 15:21:23.157,1.00891,1.00908,1.43,1.50
2013.02.14 15:21:23.706,1.00891,1.00908,2.85,1.50
2013.02.14 15:21:24.009,1.00896,1.00908,1.43,1.50
2013.02.14 15:21:24.569,1.00896,1.00909,1.43,1.50
2013.02.14 15:21:24.770,1.00896,1.00909,2.18,1.50
2013.02.14 15:21:25.277,1.00893,1.00909,2.18,2.18
2013.02.14 15:21:25.336,1.00893,1.00909,1.43,1.50
2013.02.14 15:21:25.457,1.00891,1.00909,2.10,2.25
2013.02.14 15:21:26.002,1.00893,1.00909,1.35,1.50
2013.02.14 15:21:26.496,1.00894,1.00911,1.35,2.18
2013.02.14 15:21:27.046,1.00895,1.00912,2.10,1.50
2013.02.14 15:21:27.167,1.00895,1.00909,2.10,1.50
2013.02.14 15:21:27.675,1.00894,1.00909,1.35,1.50
2013.02.14 15:21:27.917,1.00893,1.00909,2.78,1.50
2013.02.14 15:21:28.614,1.00895,1.00913,1.43,2.10
2013.02.14 15:21:28.749,1.00898,1.00915,1.05,1.50
2013.02.14 15:21:29.058,1.00902,1.00918,1.43,1.32
2013.02.14 15:21:29.598,1.00902,1.00917,2.85,1.50
2013.02.14 15:21:30.633,1.00901,1.00917,2.85,1.50
2013.02.14 15:21:30.950,1.00906,1.00919,1.43,1.50
2013.02.14 15:21:31.076,1.00906,1.00921,4.28,2.07
2013.02.14 15:21:31.737,1.00911,1.00926,1.43,1.50
2013.02.14 15:21:32.039,1.00912,1.00927,1.43,1.50
2013.02.14 15:21:32.107,1.00912,1.00927,1.43,1.50
2013.02.14 15:21:32.492,1.00912,1.00927,2.78,1.50
2013.02.14 15:21:32.559,1.00912,1.00927,2.78,1.50
2013.02.14 15:21:32.690,1.00912,1.00927,2.78,1.50
2013.02.14 15:21:32.999,1.00913,1.00927,2.10,1.50
2013.02.14 15:21:34.707,1.00912,1.00927,2.85,1.32
2013.02.14 15:21:34.887,1.00912,1.00927,1.43,1.32
2013.02.14 15:21:35.127,1.00908,1.00923,1.43,1.35
2013.02.14 15:21:36.408,1.00907,1.00923,2.93,1.35
2013.02.14 15:21:36.856,1.00912,1.00923,1.43,1.50
2013.02.14 15:21:37.159,1.00913,1.00931,1.43,1.50
2013.02.14 15:21:37.228,1.00914,1.00931,2.10,1.50
2013.02.14 15:21:37.286,1.00914,1.00931,2.85,1.50
2013.02.14 15:21:37.587,1.00924,1.00939,1.43,2.18
2013.02.14 15:21:37.647,1.00924,1.00941,1.50,1.50
2013.02.14 15:21:38.007,1.00922,1.0094,2.10,1.50
2013.02.14 15:21:38.327,1.00922,1.0094,2.78,1.50
2013.02.14 15:21:38.389,1.00927,1.0094,2.25,1.50
2013.02.14 15:21:38.519,1.00929,1.00944,1.43,1.43
2013.02.14 15:21:38.647,1.00926,1.00946,3.53,1.43
2013.02.14 15:21:38.770,1.0093,1.00938,1.43,1.50
2013.02.14 15:21:38.838,1.00926,1.00938,1.43,1.50
2013.02.14 15:21:38.957,1.00925,1.00938,1.43,1.50
2013.02.14 15:21:39.016,1.00921,1.00938,1.80,1.50
2013.02.14 15:21:39.197,1.00922,1.00941,1.43,2.07
2013.02.14 15:21:39.256,1.00925,1.00942,1.50,1.50
2013.02.14 15:21:39.316,1.00925,1.00944,1.50,1.50
2013.02.14 15:21:39.438,1.00928,1.00944,1.43,2.82
2013.02.14 15:21:39.796,1.00925,1.0094,1.43,2.07
2013.02.14 15:21:40.038,1.00919,1.00936,3.00,1.43
2013.02.14 15:21:40.356,1.00921,1.00939,3.83,1.43
2013.02.14 15:21:40.418,1.00925,1.00944,1.35,2.82
2013.02.14 15:21:40.608,1.00922,1.00942,4.28,1.43
2013.02.14 15:21:40.667,1.00922,1.00942,4.28,2.18
2013.02.14 15:21:41.216,1.00922,1.00942,3.60,1.43
2013.02.14 15:21:41.397,1.00922,1.00942,3.60,2.18
2013.02.14 15:21:41.835,1.00922,1.00942,3.60,1.43
2013.02.14 15:21:42.169,1.00922,1.0094,2.10,1.43
2013.02.14 15:21:42.486,1.00928,1.00942,1.43,1.50
2013.02.14 15:21:43.029,1.00928,1.00942,1.43,1.50
2013.02.14 15:21:43.857,1.00931,1.00942,2.18,1.50
2013.02.14 15:21:43.981,1.00931,1.00946,2.18,1.92
2013.02.14 15:21:44.557,1.00931,1.00948,2.18,1.32
2013.02.14 15:21:44.639,1.00934,1.00948,1.43,1.32
2013.02.14 15:21:45.457,1.00934,1.00948,1.43,1.05
2013.02.14 15:21:45.517,1.00931,1.00948,2.18,1.05
2013.02.14 15:21:45.829,1.00934,1.0095,1.43,1.50
2013.02.14 15:21:46.019,1.00931,1.0095,3.60,1.05
2013.02.14 15:21:46.268,1.00931,1.00948,1.43,1.43
2013.02.14 15:21:46.391,1.00931,1.00948,1.43,1.35
2013.02.14 15:21:46.521,1.00931,1.00948,1.99,2.40
2013.02.14 15:21:46.828,1.00931,1.00947,1.43,2.10
2013.02.14 15:21:47.389,1.00931,1.00946,1.43,1.05
2013.02.14 15:21:47.457,1.00928,1.00946,2.93,1.05
2013.02.14 15:21:48.017,1.00928,1.00946,2.18,1.05
2013.02.14 15:21:48.557,1.00928,1.00946,2.18,1.05
2013.02.14 15:21:48.619,1.00933,1.00946,1.50,1.05
2013.02.14 15:21:48.748,1.00932,1.00947,3.60,1.43
2013.02.14 15:21:48.877,1.00935,1.00952,1.43,4.37
2013.02.14 15:21:49.177,1.00933,1.00952,1.99,2.78
2013.02.14 15:21:49.297,1.00933,1.00953,2.89,1.50
2013.02.14 15:21:49.716,1.00933,1.00952,1.99,1.50
2013.02.14 15:21:50.077,1.00933,1.00951,1.99,1.50
2013.02.14 15:21:50.667,1.00932,1.00951,3.49,2.93
2013.02.14 15:21:50.968,1.00939,1.00953,2.07,1.50
2013.02.14 15:21:51.161,1.00937,1.00954,2.82,1.43
2013.02.14 15:21:51.229,1.00939,1.00954,1.50,1.43
2013.02.14 15:21:53.327,1.00935,1.00953,2.18,2.74
2013.02.14 15:21:53.415,1.00931,1.0095,2.40,2.18
2013.02.14 15:21:53.490,1.00931,1.0095,2.18,1.43
2013.02.14 15:21:53.622,1.0093,1.0095,1.50,2.93
2013.02.14 15:21:54.452,1.00934,1.00949,2.10,1.50
2013.02.14 15:21:54.760,1.00941,1.00956,1.50,1.05
2013.02.14 15:21:54.831,1.00939,1.00952,1.43,2.25
2013.02.14 15:21:55.182,1.00927,1.00943,1.50,1.43
2013.02.14 15:21:55.323,1.00923,1.00943,1.50,1.43
2013.02.14 15:21:55.387,1.00922,1.00943,3.98,1.43
2013.02.14 15:21:55.566,1.00923,1.00943,1.50,1.43
2013.02.14 15:21:55.927,1.00925,1.00943,1.50,2.93
2013.02.14 15:21:55.986,1.00925,1.00943,1.50,2.93
2013.02.14 15:21:56.516,1.00926,1.00943,2.25,1.43
2013.02.14 15:21:57.238,1.00923,1.00943,2.18,2.18
2013.02.14 15:21:57.957,1.0092,1.00941,1.62,2.18
2013.02.14 15:21:58.327,1.00919,1.00939,4.28,1.50
2013.02.14 15:21:58.629,1.00916,1.00928,1.43,1.05
2013.02.14 15:21:58.951,1.00908,1.00925,1.05,1.50
2013.02.14 15:21:59.025,1.00907,1.00922,1.50,1.43
2013.02.14 15:21:59.156,1.00904,1.00922,2.63,1.43
2013.02.14 15:21:59.399,1.00904,1.00922,1.50,1.43
2013.02.14 15:22:00.076,1.00905,1.00922,1.50,1.43
2013.02.14 15:22:00.279,1.00908,1.00923,2.18,1.43
2013.02.14 15:22:00.347,1.00908,1.00924,1.43,1.43
2013.02.14 15:22:00.407,1.00906,1.00924,2.85,1.43
2013.02.14 15:22:00.647,1.00905,1.00923,1.32,2.85
2013.02.14 15:22:01.076,1.00901,1.0092,2.18,2.10
2013.02.14 15:22:01.973,1.00904,1.00922,3.68,1.43
2013.02.14 15:22:03.478,1.00904,1.00922,2.48,2.85
2013.02.14 15:22:03.787,1.00902,1.0092,1.50,2.85
2013.02.14 15:22:03.906,1.00904,1.0092,2.25,1.43
2013.02.14 15:22:07.292,1.00904,1.00923,3.68,3.60
2013.02.14 15:22:07.660,1.00907,1.00924,1.43,1.50
2013.02.14 15:22:07.967,1.0091,1.00926,1.43,1.50
2013.02.14 15:22:09.718,1.00911,1.0093,1.50,2.18
2013.02.14 15:22:09.837,1.00911,1.0093,2.25,1.43
2013.02.14 15:22:09.897,1.00913,1.00932,1.43,2.93
2013.02.14 15:22:11.378,1.00911,1.0093,1.80,1.43
2013.02.14 15:22:13.686,1.0091,1.00928,3.23,1.50
2013.02.14 15:22:14.196,1.00908,1.00928,1.50,2.93
2013.02.14 15:22:14.848,1.00908,1.00928,1.50,2.18
2013.02.14 15:22:14.997,1.00908,1.00928,1.50,2.18
2013.02.14 15:22:16.141,1.00909,1.00928,2.10,2.18
2013.02.14 15:22:16.208,1.00912,1.00928,3.00,1.43
2013.02.14 15:22:16.567,1.0092,1.00938,3.68,1.50
2013.02.14 15:22:16.688,1.00921,1.00937,1.50,1.50
2013.02.14 15:22:16.747,1.00922,1.00938,1.50,1.43
2013.02.14 15:22:16.867,1.00921,1.0094,2.18,1.43
2013.02.14 15:22:17.706,1.00921,1.0094,2.18,2.18
2013.02.14 15:22:18.256,1.00921,1.0094,1.43,2.93
2013.02.14 15:22:19.277,1.00921,1.0094,2.18,2.93
2013.02.14 15:22:20.387,1.00921,1.00939,2.18,1.50
2013.02.14 15:22:21.318,1.00921,1.00939,2.18,2.10
2013.02.14 15:22:21.977,1.00921,1.00939,2.18,2.40
2013.02.14 15:22:22.887,1.00919,1.00937,3.00,1.73
2013.02.14 15:22:23.246,1.00919,1.00935,2.25,1.05
2013.02.14 15:22:24.617,1.00921,1.00935,1.50,1.05
2013.02.14 15:22:24.977,1.00921,1.00937,2.25,1.05
2013.02.14 15:22:26.228,1.00931,1.00937,1.50,1.05
2013.02.14 15:22:26.407,1.00928,1.00942,2.78,1.50
2013.02.14 15:22:26.467,1.0093,1.00943,1.50,1.50
2013.02.14 15:22:26.528,1.0093,1.00947,2.93,2.55
2013.02.14 15:22:26.890,1.00927,1.00946,2.10,1.80
2013.02.14 15:22:27.436,1.00927,1.00946,1.50,1.80
2013.02.14 15:22:28.797,1.00926,1.00946,2.93,1.80
2013.02.14 15:22:28.858,1.00926,1.00946,2.93,1.05
2013.02.14 15:22:29.219,1.00931,1.00948,2.25,3.08
2013.02.14 15:22:29.906,1.00931,1.00948,2.25,2.78
2013.02.14 15:22:30.283,1.00934,1.00952,2.18,1.95
2013.02.14 15:22:30.347,1.00934,1.00952,1.43,1.73
2013.02.14 15:22:30.467,1.00931,1.00949,2.25,2.10
2013.02.14 15:22:31.007,1.00931,1.00946,2.25,2.03
2013.02.14 15:22:31.128,1.0093,1.00946,2.25,2.63
2013.02.14 15:22:31.247,1.00928,1.00945,1.50,1.35
2013.02.14 15:22:31.898,1.00929,1.00946,1.50,2.63
2013.02.14 15:22:32.027,1.00927,1.00946,2.18,2.03
2013.02.14 15:22:32.636,1.00927,1.00946,1.43,3.53
2013.02.14 15:22:33.168,1.00927,1.00946,1.43,3.53
2013.02.14 15:22:33.549,1.00923,1.00943,2.18,1.32
2013.02.14 15:22:33.857,1.00923,1.00942,1.50,2.18
2013.02.14 15:22:34.227,1.00925,1.00943,2.18,2.10
2013.02.14 15:22:34.287,1.00925,1.00942,1.43,1.35
2013.02.14 15:22:34.410,1.00922,1.00938,1.50,1.43
2013.02.14 15:22:35.524,1.00921,1.00938,2.25,1.43
2013.02.14 15:22:35.767,1.00923,1.00941,2.25,1.43
2013.02.14 15:22:36.178,1.00927,1.00944,2.25,2.78
2013.02.14 15:22:36.726,1.00927,1.00942,2.25,1.43
2013.02.14 15:22:37.307,1.00926,1.00944,2.25,2.10
2013.02.14 15:22:37.951,1.00926,1.00944,2.25,1.35
2013.02.14 15:22:38.716,1.00927,1.00944,1.50,1.35
2013.02.14 15:22:39.017,1.00942,1.00952,1.50,1.50
2013.02.14 15:22:39.076,1.00942,1.00954,1.50,2.10
2013.02.14 15:22:41.337,1.00939,1.00955,2.25,1.35
2013.02.14 15:22:41.697,1.00937,1.00954,1.50,2.10
2013.02.14 15:22:41.937,1.00936,1.00951,2.25,1.35
2013.02.14 15:22:43.407,1.00936,1.0095,1.50,1.43
2013.02.14 15:22:43.706,1.0093,1.00947,3.00,1.35
2013.02.14 15:22:43.840,1.00938,1.00947,1.50,1.35
2013.02.14 15:22:44.160,1.00942,1.00953,2.25,1.35
2013.02.14 15:22:44.412,1.00942,1.00956,1.50,1.50
2013.02.14 15:22:44.597,1.00941,1.00953,1.50,1.05
2013.02.14 15:22:44.658,1.00935,1.00953,1.50,1.80
2013.02.14 15:22:45.017,1.00932,1.00951,3.00,2.63
2013.02.14 15:22:45.076,1.00931,1.00951,2.93,3.38
2013.02.14 15:22:45.586,1.00931,1.00951,2.18,2.78
2013.02.14 15:22:45.647,1.00934,1.00952,1.43,1.65
2013.02.14 15:22:45.888,1.00938,1.00957,1.43,3.23
2013.02.14 15:22:46.066,1.00941,1.00957,1.43,2.25
2013.02.14 15:22:46.191,1.00939,1.00956,1.50,2.93
2013.02.14 15:22:46.377,1.00936,1.00956,5.18,2.93
2013.02.14 15:22:46.753,1.00939,1.00956,2.93,1.50
2013.02.14 15:22:47.067,1.00941,1.00956,1.43,1.50
2013.02.14 15:22:47.638,1.00941,1.00956,1.43,1.50
2013.02.14 15:22:48.177,1.00942,1.00955,1.43,1.50
2013.02.14 15:22:48.417,1.00938,1.00956,1.43,1.43
2013.02.14 15:22:48.476,1.00938,1.00956,2.18,1.43
2013.02.14 15:22:48.648,1.00938,1.00956,1.43,1.43
2013.02.14 15:22:49.396,1.00938,1.00956,1.43,1.43
2013.02.14 15:22:50.319,1.00937,1.00956,3.60,2.33
2013.02.14 15:22:50.449,1.00937,1.00955,2.18,1.43
2013.02.14 15:22:52.526,1.00938,1.00956,1.50,2.18
2013.02.14 15:22:55.766,1.00938,1.00956,3.68,1.50
2013.02.14 15:22:56.277,1.00938,1.00956,2.93,1.05
2013.02.14 15:22:56.757,1.00936,1.00953,1.43,1.13
2013.02.14 15:22:57.327,1.00936,1.00955,1.43,2.93
2013.02.14 15:22:57.391,1.00936,1.00955,1.43,2.18
2013.02.14 15:22:57.808,1.00938,1.00955,1.50,2.18
2013.02.14 15:22:58.383,1.00939,1.00957,1.43,2.55
2013.02.14 15:23:00.478,1.00939,1.00958,1.43,2.93
2013.02.14 15:23:00.538,1.00941,1.00958,1.50,2.18
2013.02.14 15:23:00.596,1.00939,1.00958,2.18,2.18
2013.02.14 15:23:01.419,1.00939,1.00958,2.18,3.08
2013.02.14 15:23:01.983,1.00938,1.00954,1.50,1.05
2013.02.14 15:23:02.496,1.00938,1.00955,2.25,1.05
2013.02.14 15:23:03.037,1.00938,1.00954,2.25,1.05
2013.02.14 15:23:03.177,1.00938,1.00957,2.25,3.23
2013.02.14 15:23:03.297,1.00938,1.00957,2.25,4.28
2013.02.14 15:23:03.839,1.00938,1.00957,2.25,3.98
2013.02.14 15:23:04.388,1.00938,1.00957,1.50,3.98
2013.02.14 15:23:05.410,1.00938,1.00957,2.25,3.68
2013.02.14 15:23:05.537,1.00938,1.00956,1.50,1.05
2013.02.14 15:23:06.666,1.00938,1.00955,1.50,1.80
2013.02.14 15:23:07.528,1.00938,1.00957,2.25,3.45
2013.02.14 15:23:07.899,1.00947,1.0096,1.43,1.13
2013.02.14 15:23:08.267,1.00945,1.00962,3.68,1.13
2013.02.14 15:23:08.327,1.00946,1.00964,1.50,1.50
2013.02.14 15:23:08.710,1.00946,1.00964,1.50,1.28
2013.02.14 15:23:09.217,1.00946,1.00963,1.50,1.13
2013.02.14 15:23:13.859,1.00943,1.00962,1.50,1.28
2013.02.14 15:23:13.918,1.00942,1.00962,3.00,1.28
2013.02.14 15:23:14.038,1.00941,1.00961,4.43,1.50
2013.02.14 15:23:14.677,1.00937,1.00957,1.92,2.18
2013.02.14 15:23:14.737,1.00937,1.00956,1.17,1.50
2013.02.14 15:23:14.918,1.00936,1.00954,1.43,4.02
2013.02.14 15:23:14.978,1.00934,1.00952,1.50,1.50
2013.02.14 15:23:15.515,1.00932,1.00952,3.68,1.50
2013.02.14 15:23:18.719,1.00932,1.00951,3.68,1.50
2013.02.14 15:23:18.906,1.0093,1.00951,3.00,2.93
2013.02.14 15:23:20.834,1.00931,1.00951,1.50,2.93
2013.02.14 15:23:21.346,1.00933,1.00951,1.43,1.50
2013.02.14 15:23:25.698,1.00933,1.00951,1.43,1.50
2013.02.14 15:23:25.757,1.00935,1.00951,1.35,1.50
2013.02.14 15:23:26.116,1.00942,1.00959,1.43,2.25
2013.02.14 15:23:26.236,1.00942,1.00959,1.43,1.50
2013.02.14 15:23:27.124,1.0094,1.00959,2.85,1.50
2013.02.14 15:23:28.058,1.00943,1.00959,1.43,1.50
2013.02.14 15:23:32.843,1.00943,1.00959,1.43,1.50
2013.02.14 15:23:33.407,1.00943,1.00959,1.43,1.50
2013.02.14 15:23:35.168,1.00939,1.00959,2.93,1.50
2013.02.14 15:23:35.759,1.00939,1.00959,2.18,1.50
2013.02.14 15:23:36.796,1.00939,1.00959,2.18,1.50
2013.02.14 15:23:37.157,1.00939,1.00959,2.18,1.50
2013.02.14 15:23:37.346,1.00939,1.00959,2.18,1.50
2013.02.14 15:23:37.556,1.00939,1.00959,2.18,1.50
2013.02.14 15:23:38.066,1.00939,1.00959,2.48,1.50
2013.02.14 15:23:38.728,1.0094,1.00959,1.05,1.50
2013.02.14 15:23:39.036,1.00943,1.00959,1.43,1.50
2013.02.14 15:23:40.227,1.00943,1.00962,1.43,2.78
2013.02.14 15:23:40.408,1.00945,1.00962,1.43,1.50
2013.02.14 15:23:41.598,1.00944,1.00962,1.43,2.93
2013.02.14 15:23:41.656,1.00942,1.00962,1.80,2.93
2013.02.14 15:23:42.296,1.00942,1.00962,1.50,4.20
2013.02.14 15:23:42.846,1.00942,1.00962,1.50,2.70
2013.02.14 15:23:43.408,1.00942,1.00962,1.50,2.70
2013.02.14 15:23:43.527,1.0094,1.0096,2.48,1.28
2013.02.14 15:23:43.948,1.00938,1.00959,2.18,2.74
2013.02.14 15:23:44.076,1.00938,1.00958,1.43,1.50
2013.02.14 15:23:44.876,1.0094,1.00958,1.43,1.50
2013.02.14 15:23:45.227,1.00939,1.00956,1.43,1.50
2013.02.14 15:23:45.643,1.00935,1.00953,1.43,1.50
2013.02.14 15:23:51.847,1.00933,1.00951,2.85,1.50
2013.02.14 15:23:52.397,1.00933,1.0095,1.43,1.50
2013.02.14 15:23:57.866,1.00933,1.0095,1.43,1.50
2013.02.14 15:23:58.477,1.00938,1.00952,2.25,1.50
2013.02.14 15:23:58.597,1.00942,1.00958,2.18,1.43
2013.02.14 15:23:58.777,1.00942,1.00955,1.43,1.43
2013.02.14 15:23:58.897,1.00939,1.00954,1.43,1.43
2013.02.14 15:23:59.465,1.00937,1.00954,1.43,1.43
2013.02.14 15:24:00.048,1.00936,1.00954,1.43,1.43
2013.02.14 15:24:00.487,1.00936,1.00952,1.43,1.50
2013.02.14 15:24:02.837,1.00933,1.00951,1.43,1.50
2013.02.14 15:24:03.541,1.00933,1.00951,2.18,1.50
2013.02.14 15:24:03.848,1.00938,1.00951,1.43,1.50
2013.02.14 15:24:04.541,1.00938,1.00954,1.43,1.80
2013.02.14 15:24:04.937,1.00938,1.00954,1.43,1.50
2013.02.14 15:24:06.906,1.00937,1.00954,1.43,1.28
2013.02.14 15:24:07.027,1.00941,1.00955,2.93,1.28
2013.02.14 15:24:07.208,1.00941,1.00958,2.18,1.28
2013.02.14 15:24:07.267,1.00941,1.00958,1.43,1.28
2013.02.14 15:24:07.697,1.00938,1.00958,2.18,2.97
2013.02.14 15:24:07.936,1.00934,1.00954,2.93,2.70
2013.02.14 15:24:08.236,1.00937,1.00954,1.43,1.28
2013.02.14 15:24:08.416,1.00937,1.00955,2.18,1.50
2013.02.14 15:24:08.957,1.00937,1.00956,2.85,1.43
2013.02.14 15:24:09.016,1.00939,1.00957,1.43,1.50
2013.02.14 15:24:09.348,1.00939,1.00957,1.43,1.50
2013.02.14 15:24:10.739,1.00939,1.00958,1.43,2.25
2013.02.14 15:24:11.086,1.00939,1.00958,2.10,2.25
2013.02.14 15:24:11.617,1.00939,1.00958,2.10,2.25
2013.02.14 15:24:11.877,1.00939,1.00958,2.10,2.25
2013.02.14 15:24:15.367,1.00939,1.00958,2.10,2.25
2013.02.14 15:24:15.726,1.00937,1.00956,2.18,1.65
2013.02.14 15:24:18.048,1.00944,1.00955,1.50,1.05
2013.02.14 15:24:18.109,1.00944,1.00958,2.93,1.28
2013.02.14 15:24:18.357,1.00945,1.00963,1.43,1.80
2013.02.14 15:24:18.487,1.00945,1.00963,1.43,1.05
2013.02.14 15:24:18.726,1.00945,1.00962,1.43,1.43
2013.02.14 15:24:19.567,1.00947,1.00962,1.35,1.43
2013.02.14 15:24:19.647,1.0095,1.00967,1.35,1.95
2013.02.14 15:24:20.234,1.00949,1.00967,2.93,1.95
2013.02.14 15:24:20.458,1.0095,1.00969,1.50,1.80
2013.02.14 15:24:20.518,1.0095,1.00968,2.82,1.28
2013.02.14 15:24:20.640,1.00953,1.0097,1.43,3.23
2013.02.14 15:24:20.767,1.00955,1.00972,2.18,3.45
2013.02.14 15:24:21.307,1.00955,1.00975,3.60,3.98
2013.02.14 15:24:25.567,1.00954,1.00972,1.50,1.05
2013.02.14 15:24:25.747,1.00953,1.00972,2.18,1.05
2013.02.14 15:24:27.087,1.00955,1.00974,2.93,2.18
2013.02.14 15:24:27.896,1.00956,1.00974,2.18,2.03
2013.02.14 15:24:28.018,1.00956,1.00976,3.60,2.93
2013.02.14 15:24:28.136,1.0096,1.00977,1.43,2.25
2013.02.14 15:24:29.777,1.00957,1.00977,1.43,2.25
2013.02.14 15:24:29.839,1.00956,1.00973,3.53,1.05
2013.02.14 15:24:30.086,1.00955,1.00973,1.43,1.05
2013.02.14 15:24:30.147,1.00955,1.00973,1.43,1.05
2013.02.14 15:24:30.786,1.00955,1.00973,2.18,1.05
2013.02.14 15:24:31.156,1.00955,1.00975,1.43,2.48
2013.02.14 15:24:31.216,1.00956,1.00975,1.43,2.78
2013.02.14 15:24:31.908,1.00955,1.00975,1.43,2.48
2013.02.14 15:24:32.646,1.00955,1.00975,1.43,2.85
2013.02.14 15:24:33.294,1.00955,1.00975,1.43,2.18
2013.02.14 15:24:33.947,1.00955,1.00974,2.93,1.80
2013.02.14 15:24:34.697,1.00955,1.00973,2.93,1.95
2013.02.14 15:24:35.204,1.00957,1.00973,1.50,1.80
2013.02.14 15:24:35.727,1.00957,1.00973,1.50,1.95
2013.02.14 15:24:37.608,1.00957,1.00975,2.18,2.70
2013.02.14 15:24:37.667,1.0096,1.00976,1.43,2.55
2013.02.14 15:24:37.727,1.0096,1.00976,1.43,1.28
2013.02.14 15:24:37.968,1.00962,1.0098,1.50,2.18
2013.02.14 15:24:38.027,1.00962,1.00983,3.68,1.80
2013.02.14 15:24:38.087,1.00962,1.00984,5.10,3.98
2013.02.14 15:24:38.207,1.00966,1.00984,2.10,2.55
2013.02.14 15:24:41.346,1.00966,1.00985,5.10,1.05
2013.02.14 15:24:43.028,1.00968,1.00985,1.50,1.05
2013.02.14 15:24:43.099,1.0097,1.00988,1.43,2.70
2013.02.14 15:24:43.286,1.00968,1.00987,1.43,2.03
2013.02.14 15:24:43.928,1.00967,1.00985,1.43,1.28
2013.02.14 15:24:44.237,1.00968,1.00986,2.93,1.28
2013.02.14 15:24:44.797,1.00968,1.00987,2.93,1.05
2013.02.14 15:24:45.376,1.00969,1.00989,2.10,5.10
2013.02.14 15:24:45.498,1.00969,1.00989,2.10,3.00
2013.02.14 15:24:46.407,1.00969,1.00989,2.10,1.50
2013.02.14 15:24:46.650,1.0097,1.00988,2.18,1.50
2013.02.14 15:24:47.417,1.0097,1.00988,2.18,1.50
2013.02.14 15:24:47.554,1.0097,1.00989,2.10,1.43
2013.02.14 15:24:48.106,1.0097,1.00988,2.10,1.50
2013.02.14 15:24:48.957,1.0097,1.00988,1.43,1.50
2013.02.14 15:24:49.574,1.0097,1.00987,1.43,1.05
2013.02.14 15:24:51.078,1.00966,1.00986,4.28,1.28
2013.02.14 15:24:52.379,1.0097,1.00986,1.43,1.13
2013.02.14 15:24:52.882,1.0097,1.00989,1.43,3.75
2013.02.14 15:24:58.407,1.0097,1.00989,2.85,2.18
2013.02.14 15:25:00.091,1.00973,1.00989,1.43,2.18
2013.02.14 15:25:00.349,1.00973,1.00992,2.70,2.18
2013.02.14 15:25:00.478,1.00978,1.00993,1.43,1.13
2013.02.14 15:25:00.547,1.00978,1.00995,1.43,2.25
2013.02.14 15:25:00.667,1.00979,1.00996,2.18,1.28
2013.02.14 15:25:00.788,1.00979,1.00999,2.18,1.13
2013.02.14 15:25:00.907,1.00979,1.01,2.18,2.25
2013.02.14 15:25:02.586,1.00979,1.00996,2.18,2.10
2013.02.14 15:25:02.787,1.00974,1.00992,1.43,2.18
2013.02.14 15:25:03.208,1.00974,1.00994,4.28,2.18
2013.02.14 15:25:03.268,1.00976,1.00997,2.18,3.60
2013.02.14 15:25:03.983,1.00976,1.00997,2.18,2.93
2013.02.14 15:25:04.897,1.00977,1.00996,1.43,1.32
2013.02.14 15:25:05.208,1.00974,1.00991,1.43,1.50
2013.02.14 15:25:06.546,1.00974,1.00992,1.43,1.43
2013.02.14 15:25:07.127,1.00974,1.00994,2.18,3.53
2013.02.14 15:25:09.252,1.00975,1.00994,1.50,3.53
2013.02.14 15:25:09.317,1.00976,1.00994,2.85,3.53
2013.02.14 15:25:09.618,1.0098,1.00995,1.50,1.50
2013.02.14 15:25:09.798,1.00983,1.01,1.43,1.50
2013.02.14 15:25:10.039,1.0098,1.01001,2.18,1.47
2013.02.14 15:25:10.227,1.0098,1.01,1.43,1.43
2013.02.14 15:25:10.557,1.00979,1.01,2.10,1.80
2013.02.14 15:25:12.230,1.00979,1.00998,2.10,1.32
2013.02.14 15:25:12.297,1.00979,1.00998,2.78,1.32
2013.02.14 15:25:12.616,1.00979,1.00996,2.10,1.50
2013.02.14 15:25:13.318,1.00979,1.00996,2.10,1.50
2013.02.14 15:25:14.628,1.00979,1.00996,2.10,1.50
2013.02.14 15:25:24.386,1.00977,1.00995,2.18,1.50
2013.02.14 15:25:25.187,1.00976,1.00994,2.18,1.05
2013.02.14 15:25:27.648,1.00976,1.00994,2.18,1.05
2013.02.14 15:25:27.781,1.0098,1.00994,1.43,1.05
2013.02.14 15:25:28.100,1.00978,1.00995,1.43,1.50
2013.02.14 15:25:28.600,1.00981,1.00996,1.43,1.50
2013.02.14 15:25:28.909,1.00985,1.01,1.35,1.43
2013.02.14 15:25:29.229,1.00992,1.01006,1.43,2.48
2013.02.14 15:25:29.478,1.0099,1.01006,1.43,2.37
2013.02.14 15:25:29.958,1.00992,1.01002,1.43,1.50
2013.02.14 15:25:30.137,1.00999,1.01006,1.50,1.43
2013.02.14 15:25:30.379,1.01001,1.01016,2.18,2.63
2013.02.14 15:25:30.693,1.01003,1.01016,1.50,1.05
2013.02.14 15:25:31.000,1.0101,1.01019,1.43,1.35
2013.02.14 15:25:31.488,1.01006,1.01022,3.00,3.30
2013.02.14 15:25:31.618,1.01011,1.01023,3.72,2.03
2013.02.14 15:25:31.688,1.01011,1.01023,2.93,2.18
2013.02.14 15:25:31.927,1.01013,1.01023,1.99,1.28
2013.02.14 15:25:32.230,1.01012,1.01023,1.47,1.35
2013.02.14 15:25:32.359,1.01013,1.01025,1.32,1.43
2013.02.14 15:25:32.490,1.01011,1.01023,3.90,1.65
2013.02.14 15:25:32.618,1.01014,1.01026,2.18,1.05
2013.02.14 15:25:32.919,1.01016,1.01029,2.18,1.28
2013.02.14 15:25:33.489,1.01021,1.0103,1.50,1.50
2013.02.14 15:25:33.585,1.01026,1.0104,3.45,1.88
2013.02.14 15:25:33.735,1.01033,1.01041,1.43,1.88
2013.02.14 15:25:33.997,1.01028,1.01042,3.60,3.31
2013.02.14 15:25:34.058,1.01037,1.01044,1.43,3.31
2013.02.14 15:25:34.379,1.01041,1.0105,1.43,1.50
2013.02.14 15:25:34.661,1.01046,1.01056,1.50,2.18
2013.02.14 15:25:34.729,1.01048,1.01056,1.50,2.18
2013.02.14 15:25:34.802,1.01049,1.01059,1.35,1.80
2013.02.14 15:25:34.869,1.01046,1.0106,1.43,2.03
2013.02.14 15:25:35.239,1.01051,1.01062,1.43,3.76
2013.02.14 15:25:35.311,1.01051,1.01062,1.43,2.48
2013.02.14 15:25:35.381,1.01051,1.01062,2.18,2.48
2013.02.14 15:25:35.509,1.0105,1.01062,1.05,2.48
2013.02.14 15:25:35.821,1.01049,1.01061,1.43,2.48
2013.02.14 15:25:35.888,1.01041,1.0106,1.50,3.68
2013.02.14 15:25:36.018,1.01037,1.0106,3.28,3.98
2013.02.14 15:25:36.579,1.01046,1.01058,2.82,3.23
2013.02.14 15:25:36.710,1.01045,1.01055,1.43,3.23
2013.02.14 15:25:36.902,1.01036,1.01055,1.43,1.50
2013.02.14 15:25:37.450,1.01036,1.01055,1.43,2.78
2013.02.14 15:25:37.783,1.01043,1.01054,1.43,1.58
2013.02.14 15:25:37.921,1.0104,1.01053,2.82,1.58
2013.02.14 15:25:38.168,1.01032,1.01052,4.50,2.33
2013.02.14 15:25:38.289,1.01033,1.01053,1.43,2.48
2013.02.14 15:25:38.417,1.0103,1.01044,1.43,1.80
2013.02.14 15:25:38.537,1.01032,1.01048,1.50,2.85
2013.02.14 15:25:38.788,1.01032,1.0105,1.50,1.80
2013.02.14 15:25:39.097,1.01033,1.01051,1.43,1.50
2013.02.14 15:25:39.337,1.01031,1.01052,2.18,1.32
2013.02.14 15:25:39.758,1.01032,1.01054,2.07,3.15
2013.02.14 15:25:40.178,1.01033,1.01055,2.93,2.18
2013.02.14 15:25:40.297,1.01033,1.01054,2.93,1.13
2013.02.14 15:25:40.368,1.01036,1.01055,1.43,1.13
2013.02.14 15:25:40.669,1.0104,1.01057,1.50,1.50
2013.02.14 15:25:41.341,1.01043,1.0106,1.43,2.63
2013.02.14 15:25:41.668,1.01055,1.01064,2.18,1.35
2013.02.14 15:25:41.789,1.01054,1.01064,2.18,1.35
2013.02.14 15:25:41.908,1.01057,1.01065,1.43,1.50
2013.02.14 15:25:42.099,1.01054,1.01065,1.43,1.58
2013.02.14 15:25:42.337,1.01054,1.01065,2.18,1.58
2013.02.14 15:25:42.398,1.01052,1.01066,2.18,1.65
2013.02.14 15:25:42.458,1.01056,1.01067,1.43,1.65
2013.02.14 15:25:42.700,1.01054,1.01068,1.43,2.25
2013.02.14 15:25:42.827,1.01052,1.01068,1.43,2.25
2013.02.14 15:25:43.387,1.01051,1.01068,2.18,2.25
2013.02.14 15:25:43.567,1.01051,1.0107,2.18,2.40
2013.02.14 15:25:43.627,1.01051,1.01071,2.18,2.63
2013.02.14 15:25:43.929,1.01049,1.01066,1.43,1.32
2013.02.14 15:25:44.228,1.01048,1.01065,1.43,1.05
2013.02.14 15:25:44.467,1.01048,1.01065,1.43,1.43
2013.02.14 15:25:44.587,1.01048,1.01068,1.43,4.17
2013.02.14 15:25:44.767,1.01048,1.01068,1.43,4.17
2013.02.14 15:25:45.108,1.01044,1.01062,1.50,3.53
2013.02.14 15:25:45.364,1.01042,1.01061,1.50,1.28
2013.02.14 15:25:45.491,1.01042,1.0106,1.50,1.20
2013.02.14 15:25:45.689,1.01042,1.01061,2.93,3.38
2013.02.14 15:25:45.759,1.01043,1.01061,1.50,1.43
2013.02.14 15:25:45.877,1.01046,1.01063,2.18,2.03
2013.02.14 15:25:45.938,1.01046,1.01065,2.18,1.32
2013.02.14 15:25:45.998,1.01046,1.01065,2.18,1.92
2013.02.14 15:25:46.300,1.01043,1.0106,1.50,1.43
2013.02.14 15:25:46.670,1.01043,1.0106,2.18,1.32
2013.02.14 15:25:46.929,1.01045,1.01064,2.25,1.50
2013.02.14 15:25:47.059,1.01049,1.01064,1.43,1.50
2013.02.14 15:25:47.386,1.01049,1.01064,2.18,1.50
2013.02.14 15:25:48.278,1.01049,1.01066,2.18,1.69
2013.02.14 15:25:48.517,1.01056,1.01066,1.50,1.50
2013.02.14 15:25:48.878,1.01055,1.01072,2.85,1.50
2013.02.14 15:25:49.237,1.01055,1.01069,1.43,2.40
2013.02.14 15:25:49.357,1.01057,1.01069,1.50,1.65
2013.02.14 15:25:49.537,1.01057,1.01069,1.50,2.03
2013.02.14 15:25:50.118,1.01049,1.01068,1.73,2.33
2013.02.14 15:25:50.186,1.01055,1.01063,2.18,1.58
2013.02.14 15:25:50.391,1.01045,1.01066,3.53,2.40
2013.02.14 15:25:51.068,1.01054,1.01069,1.50,2.55
2013.02.14 15:25:51.149,1.01052,1.01061,1.50,1.80
2013.02.14 15:25:51.279,1.01051,1.01065,1.43,2.48
2013.02.14 15:25:51.407,1.01048,1.01063,1.50,2.78
2013.02.14 15:25:51.750,1.01053,1.01066,1.43,1.95
2013.02.14 15:25:51.818,1.0105,1.01066,2.18,2.33
2013.02.14 15:25:51.949,1.01046,1.0106,1.43,1.73
2013.02.14 15:25:52.077,1.01049,1.01064,2.18,2.48
2013.02.14 15:25:52.377,1.01049,1.01066,1.50,2.78
2013.02.14 15:25:52.497,1.01047,1.01064,2.18,1.50
2013.02.14 15:25:52.616,1.01047,1.01066,2.93,1.50
2013.02.14 15:25:52.866,1.01047,1.01066,2.93,1.50
2013.02.14 15:25:53.257,1.01047,1.01066,2.93,1.50
2013.02.14 15:25:53.478,1.01047,1.01066,2.93,1.50
2013.02.14 15:25:54.091,1.01047,1.01065,1.50,1.43
2013.02.14 15:25:54.158,1.01046,1.01065,2.25,1.43
2013.02.14 15:25:54.279,1.01045,1.01065,2.93,1.43
2013.02.14 15:25:54.341,1.01045,1.01063,2.18,1.32
2013.02.14 15:25:54.659,1.01043,1.01062,2.18,3.08
2013.02.14 15:25:54.730,1.01042,1.01062,2.93,2.03
2013.02.14 15:25:55.277,1.01046,1.01062,1.50,3.23
2013.02.14 15:25:55.889,1.01042,1.01062,2.93,2.48
2013.02.14 15:25:55.960,1.01042,1.01057,2.93,1.32
2013.02.14 15:25:56.147,1.01041,1.01061,3.68,3.68
2013.02.14 15:25:56.693,1.01041,1.01061,3.68,2.18
2013.02.14 15:25:56.819,1.01041,1.01061,3.68,2.18
2013.02.14 15:25:57.009,1.01038,1.01058,2.18,1.43
2013.02.14 15:25:57.318,1.01037,1.01054,2.25,1.43
2013.02.14 15:25:57.688,1.01047,1.01065,1.50,2.18
2013.02.14 15:25:58.018,1.01047,1.01065,1.50,2.18
2013.02.14 15:25:58.417,1.01046,1.01065,1.50,2.93
2013.02.14 15:25:58.476,1.01046,1.01064,1.50,2.18
2013.02.14 15:25:58.717,1.01042,1.01062,2.18,3.60
2013.02.14 15:25:58.837,1.01039,1.01058,1.32,1.43
2013.02.14 15:25:58.957,1.01038,1.01054,2.07,1.43
2013.02.14 15:25:59.261,1.0103,1.01049,2.74,4.35
2013.02.14 15:25:59.806,1.01037,1.01047,1.04,2.18
2013.02.14 15:25:59.866,1.01033,1.01047,1.02,2.18
2013.02.14 15:26:00.110,1.01032,1.0105,1.50,1.43
2013.02.14 15:26:00.237,1.01034,1.01053,2.25,2.93
2013.02.14 15:26:00.538,1.01033,1.0105,1.43,1.43
2013.02.14 15:26:00.849,1.01028,1.01044,1.50,3.00
2013.02.14 15:26:01.158,1.01027,1.01043,1.43,3.53
2013.02.14 15:26:01.229,1.01027,1.01042,1.43,1.50
2013.02.14 15:26:01.297,1.01027,1.01042,1.43,2.85
2013.02.14 15:26:01.716,1.01027,1.01037,1.43,1.50
2013.02.14 15:26:01.804,1.01026,1.01036,1.43,1.50
2013.02.14 15:26:01.881,1.01023,1.01036,1.43,2.25
2013.02.14 15:26:01.953,1.0102,1.01034,1.43,1.50
2013.02.14 15:26:02.456,1.01015,1.01033,2.25,1.43
2013.02.14 15:26:02.576,1.01013,1.01031,2.18,1.43
2013.02.14 15:26:02.636,1.01012,1.01029,3.75,1.43
2013.02.14 15:26:02.936,1.01015,1.01032,1.32,2.55
2013.02.14 15:26:03.120,1.01012,1.01031,2.93,3.68
2013.02.14 15:26:03.187,1.01009,1.01028,1.50,2.18
2013.02.14 15:26:03.427,1.01013,1.01032,2.18,3.30
2013.02.14 15:26:03.788,1.01019,1.01037,2.85,1.13
2013.02.14 15:26:03.848,1.01019,1.01038,2.85,2.18
2013.02.14 15:26:04.406,1.01019,1.01038,2.18,1.43
2013.02.14 15:26:04.526,1.01019,1.01036,2.18,2.10
2013.02.14 15:26:04.707,1.01012,1.0103,8.10,2.25
2013.02.14 15:26:04.885,1.01009,1.01029,2.25,1.43
2013.02.14 15:26:05.125,1.01008,1.01029,2.85,1.43
2013.02.14 15:26:05.667,1.01008,1.01028,1.43,1.50
2013.02.14 15:26:06.255,1.01008,1.01029,2.85,2.18
2013.02.14 15:26:06.545,1.01013,1.01029,1.35,2.18
2013.02.14 15:26:06.847,1.01014,1.01035,3.90,2.18
2013.02.14 15:26:06.908,1.01014,1.01035,3.98,1.43
2013.02.14 15:26:07.027,1.01014,1.01036,5.74,2.18
2013.02.14 15:26:07.326,1.01014,1.01032,2.18,1.50
2013.02.14 15:26:07.448,1.01012,1.01031,2.93,2.18
2013.02.14 15:26:07.566,1.01009,1.01029,3.68,1.43
2013.02.14 15:26:07.746,1.01011,1.01032,1.43,2.18
2013.02.14 15:26:08.226,1.01013,1.01032,1.32,2.18
2013.02.14 15:26:08.346,1.0101,1.01032,2.97,2.93
2013.02.14 15:26:08.471,1.0101,1.0103,2.18,2.18
2013.02.14 15:26:08.537,1.01009,1.01027,2.25,1.43
2013.02.14 15:26:08.657,1.01007,1.01027,2.18,1.43
2013.02.14 15:26:08.723,1.01007,1.01027,2.18,2.18
2013.02.14 15:26:08.918,1.01008,1.01027,1.43,1.43
2013.02.14 15:26:09.039,1.01011,1.01027,1.50,1.43
2013.02.14 15:26:09.229,1.01011,1.01031,2.93,1.50
2013.02.14 15:26:10.016,1.01011,1.0103,2.93,1.05
2013.02.14 15:26:10.079,1.01011,1.01029,2.93,1.05
2013.02.14 15:26:10.196,1.01009,1.01028,2.93,1.73
2013.02.14 15:26:10.437,1.01007,1.01024,2.82,1.43
2013.02.14 15:26:10.736,1.01011,1.01027,1.50,2.18
2013.02.14 15:26:11.096,1.01007,1.01025,1.50,1.43
2013.02.14 15:26:11.576,1.01005,1.01025,2.25,2.18
2013.02.14 15:26:12.117,1.01005,1.01025,1.50,2.93
2013.02.14 15:26:12.537,1.01005,1.01025,1.43,2.93
2013.02.14 15:26:12.786,1.01003,1.01023,2.18,1.50
2013.02.14 15:26:12.906,1.01003,1.01025,2.93,2.18
2013.02.14 15:26:13.401,1.01008,1.01025,1.50,1.43
2013.02.14 15:26:13.486,1.01007,1.01026,1.50,1.88
2013.02.14 15:26:13.756,1.01008,1.01026,1.50,1.88
2013.02.14 15:26:14.057,1.01006,1.01026,2.93,2.48
2013.02.14 15:26:14.118,1.01005,1.01023,2.25,2.18
2013.02.14 15:26:14.656,1.01003,1.01023,3.60,2.18
2013.02.14 15:26:14.836,1.01005,1.01023,1.50,1.43
2013.02.14 15:26:14.896,1.01006,1.01026,2.18,4.20
2013.02.14 15:26:15.664,1.01006,1.01026,4.43,2.18
2013.02.14 15:26:15.968,1.01011,1.01026,1.50,1.95
2013.02.14 15:26:16.326,1.01015,1.0103,1.32,2.18
2013.02.14 15:26:16.507,1.01017,1.01036,1.50,1.88
2013.02.14 15:26:16.687,1.01017,1.01037,1.50,1.13
2013.02.14 15:26:17.198,1.01017,1.01038,1.50,2.70
2013.02.14 15:26:19.517,1.01021,1.01038,1.50,1.95
2013.02.14 15:26:20.092,1.01021,1.01038,1.50,1.05
2013.02.14 15:26:22.560,1.01026,1.01038,2.07,1.05
2013.02.14 15:26:22.628,1.01026,1.01039,2.07,1.95
2013.02.14 15:26:22.687,1.01026,1.01039,3.00,1.43
2013.02.14 15:26:22.748,1.01026,1.01041,1.50,1.43
2013.02.14 15:26:22.812,1.01026,1.01042,1.50,1.95
2013.02.14 15:26:22.878,1.01027,1.01042,1.50,2.25
2013.02.14 15:26:22.997,1.01025,1.01042,1.50,1.73
2013.02.14 15:26:23.056,1.01025,1.01042,1.50,1.43
2013.02.14 15:26:23.117,1.01022,1.01042,2.85,1.43
2013.02.14 15:26:23.517,1.01025,1.01044,2.93,3.60
2013.02.14 15:26:23.877,1.01026,1.01047,2.18,2.07
2013.02.14 15:26:24.666,1.0103,1.0105,2.18,1.50
2013.02.14 15:26:25.627,1.0103,1.01047,1.50,1.50
2013.02.14 15:26:25.747,1.01025,1.01045,2.93,2.18
2013.02.14 15:26:28.188,1.01022,1.01042,2.93,1.50
2013.02.14 15:26:30.016,1.01024,1.01044,3.68,1.50
2013.02.14 15:26:30.076,1.01024,1.01046,3.68,2.74
2013.02.14 15:26:30.137,1.01026,1.01046,2.18,2.18
2013.02.14 15:26:30.316,1.01028,1.01047,2.18,2.18
2013.02.14 15:26:30.846,1.01028,1.01047,3.60,1.50
2013.02.14 15:26:31.086,1.01035,1.01054,2.93,1.50
2013.02.14 15:26:31.506,1.01037,1.01056,1.32,2.10
2013.02.14 15:26:31.567,1.01037,1.01056,3.42,2.10
2013.02.14 15:26:31.878,1.01043,1.01056,1.50,1.43
2013.02.14 15:26:31.938,1.01044,1.01061,2.18,1.35
2013.02.14 15:26:32.057,1.01045,1.01063,2.18,1.50
2013.02.14 15:26:32.178,1.01048,1.01064,1.43,2.18
2013.02.14 15:26:32.297,1.01051,1.01067,2.18,2.25
2013.02.14 15:26:32.357,1.01051,1.0107,2.85,3.45
2013.02.14 15:26:32.538,1.01054,1.01073,2.18,1.50
2013.02.14 15:26:32.656,1.01054,1.01071,2.18,1.50
2013.02.14 15:26:33.042,1.01054,1.01071,2.18,2.25
2013.02.14 15:26:33.347,1.01054,1.01066,2.18,1.50
2013.02.14 15:26:33.467,1.01047,1.01064,3.98,2.25
2013.02.14 15:26:33.527,1.01047,1.01064,3.00,3.60
2013.02.14 15:26:33.587,1.01047,1.0106,2.25,2.18
2013.02.14 15:26:33.713,1.01044,1.01062,1.43,1.13
2013.02.14 15:26:33.838,1.01044,1.01062,2.18,1.88
2013.02.14 15:26:34.017,1.01049,1.01067,1.50,3.30
2013.02.14 15:26:34.138,1.01051,1.01068,2.18,1.50
2013.02.14 15:26:34.197,1.01051,1.01069,1.43,1.28
2013.02.14 15:26:34.258,1.01054,1.01063,1.43,1.35
2013.02.14 15:26:34.617,1.01041,1.01052,1.50,2.78
2013.02.14 15:26:34.739,1.01037,1.01052,1.50,2.78
2013.02.14 15:26:36.207,1.01033,1.0105,2.18,1.35
2013.02.14 15:26:36.277,1.01031,1.01049,1.50,1.05
2013.02.14 15:26:36.966,1.01032,1.01051,2.18,1.65
2013.02.14 15:26:37.276,1.01032,1.0105,2.18,1.05
2013.02.14 15:26:37.816,1.0103,1.01048,1.50,1.28
2013.02.14 15:26:40.147,1.01039,1.01049,1.50,3.23
2013.02.14 15:26:40.209,1.01042,1.01051,1.50,1.43
2013.02.14 15:26:40.267,1.01041,1.01052,1.50,2.18
2013.02.14 15:26:40.570,1.01039,1.01057,1.50,3.08
2013.02.14 15:26:41.434,1.01038,1.01056,1.50,1.28
2013.02.14 15:26:42.378,1.01038,1.01057,1.50,2.70
2013.02.14 15:26:42.508,1.01037,1.01055,2.18,2.07
2013.02.14 15:26:42.815,1.01037,1.01055,2.18,1.50
2013.02.14 15:26:43.056,1.01037,1.01057,2.18,2.70
2013.02.14 15:26:43.596,1.01037,1.01057,2.18,4.20
2013.02.14 15:26:43.957,1.01035,1.0105,1.50,1.92
2013.02.14 15:26:44.317,1.01027,1.01046,2.18,1.32
2013.02.14 15:26:44.734,1.01027,1.01046,1.43,1.32
2013.02.14 15:26:45.348,1.01026,1.01046,4.43,1.99
2013.02.14 15:26:45.471,1.01026,1.01041,2.18,1.32
2013.02.14 15:26:45.786,1.01023,1.01041,2.93,1.32
2013.02.14 15:26:46.307,1.01023,1.01043,2.18,1.28
2013.02.14 15:26:46.546,1.01023,1.01042,2.18,1.99
2013.02.14 15:26:46.666,1.01023,1.01041,2.18,2.10
2013.02.14 15:26:47.086,1.01024,1.01043,1.50,1.28
2013.02.14 15:26:47.606,1.01024,1.01035,1.50,1.50
2013.02.14 15:26:47.727,1.01021,1.01032,1.50,1.50
2013.02.14 15:26:47.916,1.01016,1.01031,1.50,1.50
2013.02.14 15:26:47.980,1.01014,1.0103,1.50,2.10
2013.02.14 15:26:48.048,1.01012,1.01027,2.18,1.50
2013.02.14 15:26:48.117,1.01012,1.01027,2.18,2.25
2013.02.14 15:26:48.237,1.01012,1.01025,1.43,2.18
2013.02.14 15:26:48.596,1.01009,1.01028,2.18,2.10
2013.02.14 15:26:48.838,1.01008,1.01029,2.18,2.93
2013.02.14 15:26:48.896,1.01008,1.01029,2.18,2.93
2013.02.14 15:26:49.436,1.01012,1.01031,2.18,2.07
2013.02.14 15:26:50.236,1.01015,1.01031,2.18,1.50
2013.02.14 15:26:50.577,1.01011,1.0103,2.93,1.35
2013.02.14 15:26:51.194,1.01011,1.01028,2.18,1.05
2013.02.14 15:26:53.038,1.01014,1.01028,1.43,1.05
2013.02.14 15:26:53.396,1.01017,1.01036,2.18,2.25
2013.02.14 15:26:53.518,1.01017,1.01036,2.85,1.28
2013.02.14 15:26:54.936,1.01018,1.01037,1.50,2.93
2013.02.14 15:26:55.116,1.01023,1.0104,1.43,2.25
2013.02.14 15:26:55.296,1.01023,1.01043,2.18,2.93
2013.02.14 15:26:55.898,1.01021,1.0104,2.10,1.43
2013.02.14 15:26:57.350,1.01021,1.0104,2.78,1.43
2013.02.14 15:26:57.915,1.01021,1.0104,2.18,2.18
2013.02.14 15:26:58.096,1.01021,1.01037,1.50,2.18
2013.02.14 15:26:58.397,1.01017,1.01031,1.50,1.43
2013.02.14 15:26:58.517,1.01012,1.0103,3.00,1.05
2013.02.14 15:26:58.696,1.01012,1.01028,2.25,1.43
2013.02.14 15:26:58.937,1.01012,1.01028,1.50,1.43
2013.02.14 15:26:59.476,1.01012,1.01028,1.50,1.43
2013.02.14 15:26:59.836,1.01012,1.0103,1.50,2.18
2013.02.14 15:27:00.986,1.0101,1.0103,2.25,2.18
2013.02.14 15:27:01.717,1.01011,1.0103,1.50,2.18
2013.02.14 15:27:02.306,1.01013,1.01032,1.43,1.50
2013.02.14 15:27:02.859,1.0101,1.01027,1.50,2.18
2013.02.14 15:27:02.926,1.01009,1.01027,1.50,2.18
2013.02.14 15:27:03.228,1.01007,1.01027,2.18,4.35
2013.02.14 15:27:03.346,1.01006,1.01024,1.50,1.43
2013.02.14 15:27:03.905,1.01005,1.01023,2.25,1.43
2013.02.14 15:27:04.528,1.01005,1.01023,1.50,1.43
2013.02.14 15:27:04.972,1.01005,1.01023,1.50,1.43
2013.02.14 15:27:05.594,1.01006,1.01024,1.50,2.18
2013.02.14 15:27:06.666,1.01006,1.01024,1.50,2.18
2013.02.14 15:27:06.906,1.01007,1.01027,2.18,2.93
2013.02.14 15:27:07.086,1.01006,1.01024,1.50,1.43
2013.02.14 15:27:08.739,1.01006,1.01024,1.50,1.43
2013.02.14 15:27:09.221,1.01005,1.01024,4.35,1.43
2013.02.14 15:27:09.287,1.01005,1.01024,2.93,1.43
2013.02.14 15:27:09.407,1.01005,1.01024,2.93,2.18
2013.02.14 15:27:10.176,1.01006,1.01024,1.50,2.18
2013.02.14 15:27:10.417,1.01009,1.01026,2.18,2.93
2013.02.14 15:27:11.032,1.01019,1.0103,1.43,1.13
2013.02.14 15:27:11.110,1.01017,1.01036,3.60,2.03
2013.02.14 15:27:11.428,1.01017,1.01036,2.85,3.53
2013.02.14 15:27:11.488,1.01017,1.01036,2.85,3.53
2013.02.14 15:27:12.046,1.01016,1.01031,1.50,1.43
2013.02.14 15:27:12.106,1.01015,1.01031,2.18,1.43
2013.02.14 15:27:12.926,1.01013,1.01029,2.18,1.43
2013.02.14 15:27:13.045,1.01011,1.01029,2.25,2.18
2013.02.14 15:27:15.797,1.01011,1.01025,1.50,1.43
2013.02.14 15:27:16.158,1.01011,1.01027,1.50,1.43
2013.02.14 15:27:16.276,1.01011,1.0103,1.50,2.18
2013.02.14 15:27:16.456,1.01011,1.01031,1.50,2.70
2013.02.14 15:27:17.126,1.01011,1.01029,1.50,1.43
2013.02.14 15:27:18.484,1.01011,1.01029,1.50,2.18
2013.02.14 15:27:18.606,1.0101,1.01026,1.50,1.43
2013.02.14 15:27:18.949,1.0101,1.01026,1.50,2.18
2013.02.14 15:27:19.688,1.0101,1.01026,1.50,2.18
2013.02.14 15:27:19.867,1.01013,1.01026,1.43,1.43
2013.02.14 15:27:19.938,1.01016,1.01026,1.05,1.43
2013.02.14 15:27:20.119,1.01017,1.01033,1.50,1.65
2013.02.14 15:27:20.250,1.01019,1.01033,1.50,1.28
2013.02.14 15:27:20.319,1.0102,1.01038,2.18,1.50
2013.02.14 15:27:20.450,1.01021,1.01039,1.73,1.73
2013.02.14 15:27:20.637,1.01021,1.01042,1.50,1.50
2013.02.14 15:27:20.696,1.01021,1.01039,1.50,1.43
2013.02.14 15:27:21.456,1.01018,1.01039,3.68,2.18
2013.02.14 15:27:22.278,1.01017,1.01036,1.43,1.43
2013.02.14 15:27:22.396,1.01017,1.01031,1.43,1.43
2013.02.14 15:27:22.460,1.01016,1.01031,1.43,1.43
2013.02.14 15:27:22.767,1.01014,1.01033,1.43,1.50
2013.02.14 15:27:23.435,1.01016,1.01034,2.07,1.43
2013.02.14 15:27:24.388,1.01017,1.01034,1.43,1.43
2013.02.14 15:27:24.916,1.01017,1.01037,1.43,1.43
2013.02.14 15:27:24.976,1.0102,1.01038,2.18,3.68
2013.02.14 15:27:25.407,1.01021,1.01041,2.93,2.70
2013.02.14 15:27:25.739,1.01021,1.0104,2.18,3.60
2013.02.14 15:27:26.285,1.01021,1.01036,1.43,2.74
2013.02.14 15:27:26.638,1.01014,1.01031,1.65,1.43
2013.02.14 15:27:26.997,1.01016,1.01035,1.50,2.55
2013.02.14 15:27:27.297,1.01013,1.01034,2.93,1.32
2013.02.14 15:27:28.507,1.01012,1.01031,3.00,1.99
2013.02.14 15:27:28.627,1.01013,1.01031,1.43,1.99
2013.02.14 15:27:28.806,1.01013,1.01031,1.43,2.74
2013.02.14 15:27:28.927,1.01011,1.01026,2.18,1.32
2013.02.14 15:27:29.048,1.01009,1.01026,2.25,1.32
2013.02.14 15:27:29.407,1.01003,1.01023,2.18,1.62
2013.02.14 15:27:29.889,1.01003,1.01023,2.18,1.32
2013.02.14 15:27:29.959,1.01003,1.01022,2.18,1.32
2013.02.14 15:27:30.027,1.01003,1.0102,2.18,1.32
2013.02.14 15:27:30.088,1.01003,1.01019,1.43,1.32
2013.02.14 15:27:30.148,1.01003,1.01018,1.43,1.43
2013.02.14 15:27:30.387,1.01003,1.01016,1.43,2.93
2013.02.14 15:27:30.448,1.00996,1.01015,2.18,1.50
2013.02.14 15:27:30.508,1.00996,1.01013,2.18,1.43
2013.02.14 15:27:30.568,1.00993,1.01011,1.32,1.43
2013.02.14 15:27:31.452,1.00993,1.01011,1.50,2.74
2013.02.14 15:27:31.519,1.00991,1.01007,1.50,1.43
2013.02.14 15:27:31.586,1.00991,1.01004,1.50,1.43
2013.02.14 15:27:32.129,1.00989,1.01008,2.18,1.43
2013.02.14 15:27:32.186,1.00989,1.01008,2.18,1.43
2013.02.14 15:27:32.246,1.00991,1.0101,2.18,1.50
2013.02.14 15:27:32.608,1.00988,1.01008,2.40,2.07
2013.02.14 15:27:32.966,1.00986,1.01006,2.18,2.18
2013.02.14 15:27:33.482,1.00986,1.01006,2.85,1.43
2013.02.14 15:27:33.726,1.00989,1.01008,1.43,1.88
2013.02.14 15:27:34.029,1.00994,1.0101,2.18,1.50
2013.02.14 15:27:34.146,1.00994,1.01014,2.18,1.50
2013.02.14 15:27:35.577,1.00997,1.01017,2.18,2.63
2013.02.14 15:27:35.821,1.00997,1.01015,1.43,1.50
2013.02.14 15:27:36.327,1.00997,1.01015,2.18,1.50
2013.02.14 15:27:36.697,1.01,1.01015,2.18,1.50
2013.02.14 15:27:36.823,1.01,1.01015,2.18,1.50
2013.02.14 15:27:37.206,1.01,1.01015,2.18,1.50
2013.02.14 15:27:38.417,1.01,1.01019,3.60,1.50
2013.02.14 15:27:38.596,1.01004,1.0102,2.18,1.50
2013.02.14 15:27:38.716,1.01005,1.01025,2.18,2.67
2013.02.14 15:27:39.207,1.01005,1.01026,3.15,2.93
2013.02.14 15:27:40.067,1.01008,1.01027,1.73,1.43
2013.02.14 15:27:40.126,1.01008,1.01027,1.73,1.43
2013.02.14 15:27:42.858,1.01008,1.01027,1.73,1.43
2013.02.14 15:27:43.739,1.01009,1.01028,1.05,1.50
2013.02.14 15:27:43.808,1.0101,1.01029,2.07,2.55
2013.02.14 15:27:43.868,1.0101,1.01029,2.07,2.55
2013.02.14 15:27:44.227,1.01016,1.01032,1.50,1.43
2013.02.14 15:27:45.166,1.01016,1.01034,1.05,1.43
2013.02.14 15:27:45.467,1.01019,1.01037,2.85,1.50
2013.02.14 15:27:45.588,1.0102,1.01038,1.43,1.50
2013.02.14 15:27:45.647,1.01022,1.0104,2.93,2.03
2013.02.14 15:27:48.459,1.01022,1.01042,2.93,2.74
2013.02.14 15:27:48.527,1.01021,1.01035,2.25,1.43
2013.02.14 15:27:48.707,1.01017,1.01031,1.13,1.28
2013.02.14 15:27:48.767,1.01017,1.01029,1.13,1.95
2013.02.14 15:27:50.869,1.01013,1.01031,2.93,1.05
2013.02.14 15:27:51.558,1.01014,1.01032,1.50,3.34
2013.02.14 15:27:51.681,1.01014,1.01032,1.73,2.74
2013.02.14 15:27:51.868,1.01014,1.01032,1.73,2.74
2013.02.14 15:27:51.989,1.01018,1.01035,1.43,1.17
2013.02.14 15:27:52.297,1.01018,1.01035,2.18,1.17
2013.02.14 15:27:53.177,1.01018,1.01035,1.43,1.17
2013.02.14 15:27:53.641,1.01011,1.01031,4.35,2.74
2013.02.14 15:27:54.008,1.01014,1.01032,3.60,1.32
2013.02.14 15:27:54.187,1.01014,1.01032,3.60,1.32
2013.02.14 15:27:56.569,1.01013,1.01031,2.93,2.18
2013.02.14 15:27:56.637,1.01016,1.01034,1.50,2.18
2013.02.14 15:27:56.757,1.01019,1.01035,2.18,1.24
2013.02.14 15:27:57.306,1.01019,1.01035,2.18,1.99
2013.02.14 15:27:57.917,1.01019,1.01035,2.18,1.62
2013.02.14 15:27:58.447,1.01019,1.01035,2.18,1.62
2013.02.14 15:27:58.627,1.01019,1.01039,2.93,4.09
2013.02.14 15:27:59.047,1.01021,1.01038,2.18,1.32
2013.02.14 15:28:02.265,1.01019,1.01036,2.18,1.32
2013.02.14 15:28:03.807,1.01016,1.01036,2.48,2.22
2013.02.14 15:28:05.831,1.01016,1.01034,1.50,1.92
2013.02.14 15:28:05.904,1.01012,1.0103,2.25,1.05
2013.02.14 15:28:06.152,1.01007,1.01023,1.50,1.50
2013.02.14 15:28:06.218,1.01006,1.01021,1.13,3.23
2013.02.14 15:28:06.577,1.01,1.01019,2.18,1.32
2013.02.14 15:28:06.757,1.01003,1.0102,2.18,1.50
2013.02.14 15:28:07.066,1.01003,1.01022,2.40,2.74
2013.02.14 15:28:07.895,1.01003,1.01022,2.40,3.04
2013.02.14 15:28:09.077,1.01003,1.01022,2.18,2.74
2013.02.14 15:28:10.146,1.01006,1.01024,1.50,2.52
2013.02.14 15:28:10.776,1.01006,1.01024,1.50,1.92
2013.02.14 15:28:11.426,1.01008,1.01024,1.43,1.05
2013.02.14 15:28:11.727,1.01006,1.01025,2.93,3.60
2013.02.14 15:28:11.798,1.01004,1.01021,1.50,1.05
2013.02.14 15:28:11.866,1.01003,1.01021,2.93,1.05
2013.02.14 15:28:11.927,1.01004,1.01023,1.50,2.03
2013.02.14 15:28:12.465,1.01002,1.01019,4.50,1.73
2013.02.14 15:28:13.006,1.01,1.01019,2.78,1.95
2013.02.14 15:28:13.524,1.01,1.01019,2.78,2.03
2013.02.14 15:28:14.451,1.01,1.01019,2.18,2.18
2013.02.14 15:28:14.759,1.00998,1.01016,1.32,2.03
2013.02.14 15:28:14.946,1.00993,1.01011,1.13,1.43
2013.02.14 15:28:15.188,1.00989,1.01011,2.93,1.43
2013.02.14 15:28:15.665,1.00988,1.01008,1.35,1.43
2013.02.14 15:28:16.473,1.00988,1.01008,1.58,2.78
2013.02.14 15:28:17.847,1.00987,1.01007,2.29,1.28
2013.02.14 15:28:19.270,1.00989,1.01009,1.20,2.18
2013.02.14 15:28:19.455,1.00987,1.01009,3.38,2.18
2013.02.14 15:28:19.995,1.00987,1.01006,1.95,1.43
2013.02.14 15:28:20.570,1.00989,1.01006,1.13,1.43
2013.02.14 15:28:21.210,1.00987,1.01006,2.48,1.43
2013.02.14 15:28:22.005,1.00989,1.01006,1.13,1.43
2013.02.14 15:28:22.066,1.00996,1.01006,1.50,1.43
2013.02.14 15:28:22.428,1.00995,1.01009,1.50,2.40
2013.02.14 15:28:22.486,1.00996,1.01009,1.13,1.43
2013.02.14 15:28:22.546,1.00996,1.01009,1.13,1.43
2013.02.14 15:28:22.666,1.00996,1.0101,1.13,2.25
2013.02.14 15:28:23.456,1.00992,1.01007,1.88,1.50
2013.02.14 15:28:23.636,1.00991,1.01007,1.88,2.93
2013.02.14 15:28:23.696,1.00991,1.01005,1.88,1.43
2013.02.14 15:28:23.996,1.00987,1.01005,1.35,3.68
2013.02.14 15:28:24.056,1.00987,1.01003,1.73,1.50
2013.02.14 15:28:24.422,1.00987,1.01003,1.50,1.50
2013.02.14 15:28:24.965,1.0099,1.01008,1.13,2.25
2013.02.14 15:28:25.085,1.0099,1.01008,1.13,2.25
2013.02.14 15:28:25.596,1.00988,1.01008,4.13,2.85
2013.02.14 15:28:25.844,1.00988,1.01005,3.38,1.50
2013.02.14 15:28:25.977,1.00988,1.01005,1.13,2.93
2013.02.14 15:28:26.047,1.00986,1.01003,2.55,1.50
2013.02.14 15:28:26.406,1.00986,1.01002,2.55,1.50
2013.02.14 15:28:26.466,1.00986,1.01003,2.40,1.50
2013.02.14 15:28:26.586,1.00986,1.01003,2.40,1.50
2013.02.14 15:28:27.006,1.00987,1.01001,1.73,1.50
2013.02.14 15:28:27.486,1.00991,1.01,1.13,1.50
2013.02.14 15:28:27.667,1.00989,1.01005,1.05,2.93
2013.02.14 15:28:28.028,1.0099,1.01008,1.35,3.68
2013.02.14 15:28:28.089,1.00991,1.01008,1.65,2.93
2013.02.14 15:28:28.158,1.00993,1.01008,1.50,1.50
2013.02.14 15:28:28.397,1.00997,1.01013,1.50,1.80
2013.02.14 15:28:28.636,1.00995,1.01013,2.33,1.28
2013.02.14 15:28:28.817,1.01001,1.01017,1.50,2.63
2013.02.14 15:28:28.877,1.01001,1.01017,1.50,2.18
2013.02.14 15:28:29.546,1.01002,1.01018,1.20,1.95
2013.02.14 15:28:29.879,1.01003,1.01018,2.18,2.03
2013.02.14 15:28:29.949,1.01007,1.01022,1.50,1.20
2013.02.14 15:28:30.137,1.01009,1.01024,1.05,1.50
2013.02.14 15:28:30.257,1.0101,1.01026,1.80,2.18
2013.02.14 15:28:30.496,1.0101,1.01026,1.80,1.43
2013.02.14 15:28:30.556,1.0101,1.01028,1.80,1.28
2013.02.14 15:28:31.082,1.01013,1.01028,1.20,1.50
2013.02.14 15:28:32.585,1.01012,1.01027,1.65,1.50
2013.02.14 15:28:32.706,1.0101,1.01025,1.95,2.78
2013.02.14 15:28:32.766,1.01009,1.01023,1.43,1.28
2013.02.14 15:28:32.826,1.01006,1.01022,2.63,1.28
2013.02.14 15:28:32.898,1.01006,1.01022,2.18,1.80
2013.02.14 15:28:33.265,1.01003,1.0102,2.18,2.03
2013.02.14 15:28:34.336,1.01008,1.0102,1.43,1.50
2013.02.14 15:28:34.579,1.01008,1.01024,4.13,1.50
2013.02.14 15:28:34.647,1.01008,1.01024,3.38,2.25
2013.02.14 15:28:34.828,1.01006,1.0102,1.43,1.92
2013.02.14 15:28:34.898,1.01001,1.01016,2.55,1.50
2013.02.14 15:28:34.957,1.01001,1.01016,1.95,1.50
2013.02.14 15:28:35.438,1.01003,1.01015,1.43,1.50
2013.02.14 15:28:35.626,1.01003,1.01016,1.43,1.50
2013.02.14 15:28:36.180,1.01003,1.01016,2.63,1.50
2013.02.14 15:28:37.058,1.01003,1.01016,1.43,1.50
2013.02.14 15:28:37.618,1.00999,1.01016,3.68,1.50
2013.02.14 15:28:37.986,1.00999,1.01014,1.50,1.05
2013.02.14 15:28:38.796,1.00999,1.01013,1.50,1.35
2013.02.14 15:28:38.916,1.00997,1.01014,2.93,1.05
2013.02.14 15:28:39.035,1.00997,1.01013,2.93,1.50
2013.02.14 15:28:39.458,1.00997,1.01013,2.93,1.05
2013.02.14 15:28:39.996,1.00997,1.01013,2.93,1.05
2013.02.14 15:28:41.876,1.00997,1.01013,2.93,2.10
2013.02.14 15:28:43.228,1.00994,1.0101,2.25,1.05
2013.02.14 15:28:45.397,1.00996,1.01013,1.28,2.48
2013.02.14 15:28:45.518,1.01001,1.01016,1.35,1.50
2013.02.14 15:28:45.637,1.01006,1.01018,2.18,2.10
2013.02.14 15:28:45.767,1.01006,1.01021,2.70,1.50
2013.02.14 15:28:46.327,1.01006,1.01022,2.70,1.50
2013.02.14 15:28:46.856,1.01006,1.01024,3.45,1.50
2013.02.14 15:28:47.357,1.01007,1.01024,1.28,1.50
2013.02.14 15:28:47.867,1.0101,1.01027,2.85,1.50
2013.02.14 15:28:48.177,1.01008,1.01025,2.10,1.50
2013.02.14 15:28:49.768,1.01008,1.01025,2.85,1.50
2013.02.14 15:28:52.324,1.01008,1.01024,1.43,1.43
2013.02.14 15:28:53.117,1.01006,1.01022,2.18,1.50
2013.02.14 15:28:53.716,1.01007,1.01021,2.10,1.50
2013.02.14 15:28:53.776,1.01008,1.01021,1.43,1.50
2013.02.14 15:28:55.389,1.01023,1.01035,2.18,2.10
2013.02.14 15:28:55.599,1.01019,1.01033,1.50,2.18
2013.02.14 15:28:58.070,1.01015,1.01031,2.93,1.05
2013.02.14 15:28:58.507,1.01013,1.01031,2.85,1.28
2013.02.14 15:29:00.556,1.01013,1.0103,2.85,2.03
2013.02.14 15:29:00.617,1.01013,1.0103,2.85,2.03
2013.02.14 15:29:00.676,1.01011,1.01028,2.18,1.50
2013.02.14 15:29:00.797,1.01009,1.01026,3.60,1.95
2013.02.14 15:29:01.216,1.01009,1.01026,2.18,2.70
2013.02.14 15:29:03.697,1.01012,1.01026,1.43,1.50
2013.02.14 15:29:03.959,1.01018,1.01033,1.43,1.28
2013.02.14 15:29:04.146,1.01023,1.01037,1.43,1.95
2013.02.14 15:29:04.447,1.01028,1.01044,2.18,1.50
2013.02.14 15:29:04.625,1.01028,1.01043,2.85,1.50
2013.02.14 15:29:04.687,1.01028,1.01043,2.85,1.50
2013.02.14 15:29:05.265,1.01028,1.01043,2.85,1.50
2013.02.14 15:29:06.902,1.01029,1.01045,2.85,1.50
2013.02.14 15:29:06.967,1.01033,1.01045,1.43,1.50
2013.02.14 15:29:07.085,1.01033,1.01051,1.43,1.50
2013.02.14 15:29:07.145,1.01033,1.01051,2.18,1.50
2013.02.14 15:29:07.490,1.01033,1.01049,1.43,1.50
2013.02.14 15:29:07.558,1.01029,1.01049,3.83,3.53
2013.02.14 15:29:07.630,1.01031,1.01049,1.50,3.53
2013.02.14 15:29:07.956,1.01029,1.01044,2.18,1.80
2013.02.14 15:29:08.317,1.01025,1.0104,1.50,1.50
2013.02.14 15:29:08.555,1.01024,1.0104,2.18,1.50
2013.02.14 15:29:09.525,1.01023,1.0104,3.60,1.50
2013.02.14 15:29:10.067,1.01029,1.01044,1.50,2.18
2013.02.14 15:29:10.248,1.01029,1.01042,1.50,1.28
2013.02.14 15:29:10.736,1.01021,1.01036,1.50,1.95
2013.02.14 15:29:12.148,1.0102,1.01035,1.50,1.05
2013.02.14 15:29:12.447,1.01025,1.01041,2.18,1.95
2013.02.14 15:29:12.746,1.01023,1.01039,1.50,2.82
2013.02.14 15:29:13.048,1.01028,1.01047,2.85,5.70
2013.02.14 15:29:13.286,1.01027,1.01045,1.50,1.50
2013.02.14 15:29:13.406,1.01027,1.01043,1.50,1.50
2013.02.14 15:29:14.006,1.01025,1.01041,1.50,2.25
2013.02.14 15:29:14.527,1.01025,1.01041,1.50,2.25
2013.02.14 15:29:14.649,1.01025,1.01039,1.50,1.13
2013.02.14 15:29:15.076,1.01022,1.01039,1.50,3.30
2013.02.14 15:29:15.576,1.01019,1.01037,2.25,2.48
2013.02.14 15:29:16.125,1.01019,1.01037,2.25,2.48
2013.02.14 15:29:17.168,1.01019,1.01037,2.25,2.70
2013.02.14 15:29:17.577,1.01019,1.01034,1.50,2.74
2013.02.14 15:29:17.935,1.01015,1.01033,1.50,1.50
2013.02.14 15:29:18.056,1.01014,1.01033,2.93,1.50
2013.02.14 15:29:18.536,1.01016,1.01033,2.18,1.50
2013.02.14 15:29:19.547,1.01016,1.01031,2.18,1.50
2013.02.14 15:29:20.035,1.01013,1.0103,2.93,1.32
2013.02.14 15:29:20.101,1.01014,1.01032,1.50,1.50
2013.02.14 15:29:20.880,1.01014,1.01032,1.50,1.50
2013.02.14 15:29:21.186,1.01016,1.01032,2.18,1.50
2013.02.14 15:29:21.428,1.0102,1.01035,1.50,2.93
2013.02.14 15:29:21.608,1.0102,1.01039,2.93,1.50
2013.02.14 15:29:22.976,1.01023,1.01042,2.18,1.50
2013.02.14 15:29:23.698,1.01027,1.01043,2.18,1.05
2013.02.14 15:29:24.386,1.01027,1.01045,2.93,2.18
2013.02.14 15:29:24.557,1.01027,1.01045,2.93,2.18
2013.02.14 15:29:25.026,1.01028,1.01044,1.50,1.50
2013.02.14 15:29:25.086,1.01029,1.01045,2.18,1.50
2013.02.14 15:29:25.626,1.01029,1.01047,3.68,1.50
2013.02.14 15:29:25.807,1.01029,1.01045,1.50,1.50
2013.02.14 15:29:25.925,1.01027,1.01045,1.50,1.50
2013.02.14 15:29:25.986,1.01027,1.01042,1.50,1.50
2013.02.14 15:29:26.927,1.01027,1.01042,2.48,1.50
2013.02.14 15:29:27.109,1.01034,1.01046,1.50,2.18
2013.02.14 15:29:27.417,1.01033,1.01053,2.93,1.50
2013.02.14 15:29:29.567,1.01033,1.01051,2.18,1.50
2013.02.14 15:29:29.686,1.01033,1.01052,2.18,1.50
2013.02.14 15:29:32.666,1.01033,1.01052,2.93,1.99
2013.02.14 15:29:33.156,1.01033,1.01052,2.18,2.18
2013.02.14 15:29:34.377,1.01033,1.01052,2.93,3.53
2013.02.14 15:29:34.946,1.01035,1.01052,1.43,1.50
2013.02.14 15:29:35.706,1.01033,1.01052,3.68,3.23
2013.02.14 15:29:35.945,1.01033,1.01052,2.93,3.23
2013.02.14 15:29:36.486,1.01035,1.01052,1.50,2.48
2013.02.14 15:29:36.847,1.01035,1.01052,1.50,2.33
2013.02.14 15:29:37.935,1.01031,1.01049,2.25,1.80
2013.02.14 15:29:38.765,1.01031,1.01049,2.25,1.95
2013.02.14 15:29:39.087,1.01031,1.01048,1.50,1.35
2013.02.14 15:29:39.466,1.01027,1.01047,2.18,3.49
2013.02.14 15:29:39.526,1.01027,1.01047,2.18,3.49
2013.02.14 15:29:40.066,1.01027,1.01044,1.50,2.03
2013.02.14 15:29:40.896,1.01026,1.01042,1.50,1.35
2013.02.14 15:29:41.127,1.01026,1.01042,1.50,1.35
2013.02.14 15:29:41.656,1.01023,1.0104,1.50,2.18
2013.02.14 15:29:41.956,1.01022,1.01037,2.25,1.43
2013.02.14 15:29:42.355,1.01022,1.01039,2.25,1.95
2013.02.14 15:29:42.667,1.01022,1.01039,2.25,1.95
2013.02.14 15:29:42.741,1.01021,1.01037,1.50,1.95
2013.02.14 15:29:42.866,1.01019,1.01037,1.50,4.62
2013.02.14 15:29:43.046,1.01017,1.01034,1.50,3.30
2013.02.14 15:29:43.416,1.01017,1.01033,1.50,1.35
2013.02.14 15:29:43.877,1.01017,1.01034,1.50,3.08
2013.02.14 15:29:44.517,1.01017,1.01034,2.25,2.48
2013.02.14 15:29:44.636,1.01017,1.01034,2.25,2.18
2013.02.14 15:29:44.817,1.01022,1.01038,2.18,1.50
2013.02.14 15:29:44.997,1.01022,1.01038,2.93,1.05
2013.02.14 15:29:45.067,1.01022,1.01038,2.93,1.05
2013.02.14 15:29:45.730,1.0102,1.01038,2.25,1.80
2013.02.14 15:29:46.718,1.0102,1.01036,2.25,1.95
2013.02.14 15:29:47.240,1.0102,1.01038,3.68,2.10
2013.02.14 15:29:47.714,1.0102,1.01038,2.93,2.85
2013.02.14 15:29:47.956,1.0102,1.01029,1.50,1.05
2013.02.14 15:29:48.137,1.01018,1.01028,1.50,1.05
2013.02.14 15:29:48.255,1.01012,1.01029,2.25,1.05
2013.02.14 15:29:48.556,1.01012,1.01028,1.50,1.80
2013.02.14 15:29:49.075,1.01011,1.01028,2.25,1.20
2013.02.14 15:29:50.557,1.01014,1.01029,1.50,2.85
2013.02.14 15:29:50.677,1.01016,1.01032,1.50,1.20
2013.02.14 15:29:51.737,1.01015,1.01027,1.50,1.05
2013.02.14 15:29:51.978,1.01011,1.01025,1.50,1.73
2013.02.14 15:29:52.157,1.01008,1.01025,1.50,1.43
2013.02.14 15:29:52.287,1.01008,1.01027,1.50,1.43
2013.02.14 15:29:58.094,1.01007,1.01027,3.68,2.93
2013.02.14 15:29:58.279,1.01007,1.01022,2.25,1.43
2013.02.14 15:29:58.586,1.01002,1.01022,1.50,2.18
2013.02.14 15:29:58.827,1.01009,1.01025,1.43,1.43
2013.02.14 15:29:58.946,1.01009,1.01026,1.43,1.50
2013.02.14 15:29:59.127,1.01009,1.01026,2.18,1.50
2013.02.14 15:29:59.305,1.01009,1.01026,2.18,1.50
2013.02.14 15:29:59.808,1.01007,1.01026,1.50,1.50
2013.02.14 15:30:00.815,1.01008,1.01025,1.50,1.05
2013.02.14 15:30:01.771,1.01008,1.01026,1.50,2.18
2013.02.14 15:30:02.326,1.01008,1.01026,1.50,1.50
2013.02.14 15:30:02.685,1.01007,1.01023,2.25,1.50
2013.02.14 15:30:02.746,1.01007,1.01023,2.25,1.50
2013.02.14 15:30:04.326,1.01006,1.01023,2.18,1.50
2013.02.14 15:30:04.776,1.01006,1.01024,1.50,2.93
2013.02.14 15:30:05.015,1.01008,1.01029,1.50,3.60
2013.02.14 15:30:05.636,1.01011,1.01029,1.50,2.93
2013.02.14 15:30:06.166,1.01011,1.01029,2.25,2.93
2013.02.14 15:30:06.650,1.01008,1.01026,1.50,1.95
2013.02.14 15:30:06.958,1.01006,1.01021,1.50,1.35
2013.02.14 15:30:07.519,1.01001,1.0102,2.18,1.50
2013.02.14 15:30:07.831,1.01001,1.01018,2.18,1.50
2013.02.14 15:30:07.897,1.00999,1.01019,1.50,1.50
2013.02.14 15:30:08.015,1.00997,1.01016,2.25,2.18
2013.02.14 15:30:08.326,1.01002,1.01013,1.50,1.73
2013.02.14 15:30:08.626,1.00996,1.01013,1.50,1.73
2013.02.14 15:30:08.809,1.00996,1.01011,2.25,2.03
2013.02.14 15:30:08.935,1.00996,1.01012,1.50,2.85
2013.02.14 15:30:09.178,1.00993,1.01012,1.50,1.50
2013.02.14 15:30:09.237,1.00993,1.01012,1.50,1.50
2013.02.14 15:30:09.366,1.00995,1.01013,2.93,1.50
2013.02.14 15:30:09.926,1.00998,1.01015,1.50,1.50
2013.02.14 15:30:10.407,1.01002,1.01021,2.25,2.18
2013.02.14 15:30:10.466,1.01003,1.01022,2.18,1.50
2013.02.14 15:30:10.526,1.01003,1.01023,2.93,2.25
2013.02.14 15:30:10.706,1.01007,1.01025,2.18,1.50
2013.02.14 15:30:11.019,1.01007,1.01025,2.18,3.00
2013.02.14 15:30:11.153,1.01007,1.01021,1.80,1.50
2013.02.14 15:30:11.219,1.01005,1.01022,1.13,2.18
2013.02.14 15:30:11.288,1.01009,1.01021,1.43,1.50
2013.02.14 15:30:11.357,1.01009,1.01024,1.43,2.25
2013.02.14 15:30:11.921,1.01009,1.01024,1.43,1.50
2013.02.14 15:30:12.186,1.01011,1.01024,1.43,1.50
2013.02.14 15:30:12.366,1.01011,1.01029,2.93,2.25
2013.02.14 15:30:12.488,1.01015,1.0103,1.43,1.50
2013.02.14 15:30:12.606,1.01017,1.01034,1.43,2.10
2013.02.14 15:30:12.725,1.01017,1.01036,1.43,1.32
2013.02.14 15:30:12.785,1.01017,1.01036,2.18,1.32
2013.02.14 15:30:13.526,1.01017,1.01034,2.18,2.85
2013.02.14 15:30:13.600,1.01012,1.01029,1.50,2.25
2013.02.14 15:30:14.117,1.01008,1.01027,1.50,2.18
2013.02.14 15:30:14.476,1.01012,1.0103,2.93,1.50
2013.02.14 15:30:14.596,1.01016,1.01032,1.43,2.10
2013.02.14 15:30:14.656,1.01016,1.01033,1.43,2.25
2013.02.14 15:30:15.157,1.01016,1.01035,2.18,2.07
2013.02.14 15:30:15.457,1.01016,1.01032,2.93,1.28
2013.02.14 15:30:15.816,1.01013,1.01027,2.18,1.50
2013.02.14 15:30:16.228,1.01013,1.01024,1.43,1.50
2013.02.14 15:30:16.356,1.01007,1.01024,1.50,1.50
2013.02.14 15:30:16.417,1.01007,1.01024,1.50,1.50
2013.02.14 15:30:16.477,1.01007,1.01024,1.50,1.50
2013.02.14 15:30:16.717,1.01005,1.01024,3.68,1.50
2013.02.14 15:30:17.415,1.01005,1.01021,2.18,1.50
2013.02.14 15:30:17.636,1.01005,1.01025,2.93,1.35
2013.02.14 15:30:17.815,1.01008,1.01024,1.43,1.50
2013.02.14 15:30:18.078,1.0101,1.01025,2.18,1.50
2013.02.14 15:30:18.386,1.01011,1.01025,1.50,1.50
2013.02.14 15:30:18.446,1.01011,1.0103,2.93,1.50
2013.02.14 15:30:18.630,1.01012,1.01028,1.50,1.50
2013.02.14 15:30:18.936,1.01016,1.0103,1.50,1.50
2013.02.14 15:30:18.996,1.01016,1.01033,3.00,1.50
2013.02.14 15:30:19.117,1.0102,1.01034,2.18,1.50
2013.02.14 15:30:19.477,1.0102,1.01033,1.43,1.50
2013.02.14 15:30:19.538,1.01017,1.01033,1.88,1.50
2013.02.14 15:30:19.778,1.0101,1.01028,1.58,2.18
2013.02.14 15:30:19.899,1.0101,1.01025,1.13,1.43
2013.02.14 15:30:19.967,1.01008,1.01025,1.50,2.93
2013.02.14 15:30:20.267,1.01008,1.01024,1.50,1.50
2013.02.14 15:30:20.625,1.01012,1.01027,1.50,1.50
2013.02.14 15:30:20.807,1.01016,1.01032,1.50,1.50
2013.02.14 15:30:21.978,1.01017,1.01032,1.43,1.05
2013.02.14 15:30:22.578,1.01014,1.01032,2.93,1.05
2013.02.14 15:30:23.587,1.01014,1.01029,2.93,1.35
2013.02.14 15:30:24.336,1.01012,1.01029,2.63,1.80
2013.02.14 15:30:24.527,1.01012,1.01029,2.63,1.80
2013.02.14 15:30:25.176,1.01012,1.01029,1.50,1.80
2013.02.14 15:30:25.237,1.01012,1.01029,1.50,1.80
2013.02.14 15:30:25.756,1.01011,1.01026,1.50,1.43
2013.02.14 15:30:25.937,1.01003,1.01023,2.25,2.93
2013.02.14 15:30:26.187,1.01003,1.01022,1.50,1.50
2013.02.14 15:30:26.251,1.01006,1.01022,1.43,1.50
2013.02.14 15:30:26.556,1.01008,1.01026,1.50,1.50
2013.02.14 15:30:26.916,1.01008,1.01026,1.50,1.50
2013.02.14 15:30:27.806,1.01007,1.01025,3.68,1.05
2013.02.14 15:30:28.516,1.01007,1.01024,3.68,1.13
2013.02.14 15:30:28.936,1.01006,1.01023,2.25,2.78
2013.02.14 15:30:29.058,1.01005,1.01023,1.50,3.42
2013.02.14 15:30:29.176,1.01003,1.01022,1.50,3.83
2013.02.14 15:30:29.296,1.01003,1.01021,2.25,1.13
2013.02.14 15:30:29.357,1.01003,1.01021,2.25,1.88
2013.02.14 15:30:29.717,1.01006,1.01024,4.43,1.80
2013.02.14 15:30:30.327,1.01007,1.01025,1.50,1.50
2013.02.14 15:30:30.386,1.01007,1.01025,1.50,1.50
2013.02.14 15:30:31.067,1.01009,1.01025,1.50,3.53
2013.02.14 15:30:31.126,1.01006,1.01022,1.50,1.13
2013.02.14 15:30:31.193,1.01006,1.01022,1.50,2.44
2013.02.14 15:30:31.616,1.01002,1.0102,1.50,2.55
2013.02.14 15:30:32.166,1.01001,1.01019,1.50,1.50
2013.02.14 15:30:34.926,1.01001,1.01019,2.25,2.03
2013.02.14 15:30:35.045,1.01001,1.01019,1.50,2.59
2013.02.14 15:30:36.917,1.01,1.01017,1.50,1.50
2013.02.14 15:30:37.406,1.00999,1.01015,1.43,1.50
2013.02.14 15:30:37.768,1.00995,1.01012,1.50,2.48
2013.02.14 15:30:38.276,1.00992,1.01011,2.25,2.10
2013.02.14 15:30:38.976,1.00996,1.01013,1.50,1.50
2013.02.14 15:30:39.477,1.00996,1.01013,2.25,1.50
2013.02.14 15:30:39.838,1.01002,1.01016,1.50,1.43
2013.02.14 15:30:39.958,1.01002,1.01019,1.50,1.88
2013.02.14 15:30:40.026,1.01002,1.01019,1.50,1.88
2013.02.14 15:30:42.279,1.01001,1.01019,1.50,1.50
2013.02.14 15:30:42.946,1.01004,1.01021,1.50,1.88
2013.02.14 15:30:43.606,1.01006,1.01025,1.50,2.93
2013.02.14 15:30:43.907,1.01008,1.01017,2.18,1.50
2013.02.14 15:30:44.028,1.01008,1.01015,1.43,1.50
2013.02.14 15:30:44.148,1.01006,1.01011,1.43,1.50
2013.02.14 15:30:44.209,1.00997,1.01009,1.58,1.43
2013.02.14 15:30:44.337,1.00993,1.01009,1.50,1.43
2013.02.14 15:30:44.517,1.00992,1.0101,2.25,1.50
2013.02.14 15:30:44.577,1.00993,1.01011,1.50,2.70
2013.02.14 15:30:45.189,1.01,1.01015,1.50,2.55
2013.02.14 15:30:45.467,1.00998,1.01014,1.50,1.58
2013.02.14 15:30:45.527,1.00997,1.01014,1.50,2.93
2013.02.14 15:30:45.707,1.01002,1.01018,1.32,1.43
2013.02.14 15:30:45.829,1.01004,1.01023,2.07,3.68
2013.02.14 15:30:46.138,1.01002,1.01019,3.00,1.43
2013.02.14 15:30:46.927,1.01001,1.01018,1.50,3.60
2013.02.14 15:30:47.168,1.01,1.01016,1.50,1.43
2013.02.14 15:30:47.707,1.01,1.01014,1.50,1.43
2013.02.14 15:30:47.827,1.00997,1.01012,1.50,2.18
2013.02.14 15:30:47.946,1.00996,1.01012,2.25,2.85
2013.02.14 15:30:48.706,1.00996,1.01007,1.50,1.43
2013.02.14 15:30:48.887,1.00991,1.01007,2.10,1.43
2013.02.14 15:30:49.066,1.00991,1.01004,1.50,1.43
2013.02.14 15:30:49.370,1.00986,1.01004,1.50,2.03
2013.02.14 15:30:49.676,1.00984,1.01001,1.50,2.18
2013.02.14 15:30:49.796,1.00984,1.00998,1.50,1.43
2013.02.14 15:30:49.916,1.00981,1.00998,1.50,1.43
2013.02.14 15:30:50.096,1.00981,1.00998,1.50,2.18
2013.02.14 15:30:50.629,1.00983,1.00999,1.43,1.50
2013.02.14 15:30:51.416,1.00983,1.01,1.43,1.50
2013.02.14 15:30:51.655,1.00985,1.01002,1.43,1.50
2013.02.14 15:30:51.956,1.00985,1.01003,2.18,1.80
2013.02.14 15:30:52.697,1.00986,1.01004,1.50,1.50
2013.02.14 15:30:53.178,1.00989,1.01004,1.43,1.50
2013.02.14 15:30:53.249,1.00986,1.01004,3.68,1.50
2013.02.14 15:30:53.916,1.00986,1.01004,1.50,1.50
2013.02.14 15:30:54.436,1.00983,1.01003,2.93,2.18
2013.02.14 15:30:54.987,1.00983,1.01003,3.68,2.18
2013.02.14 15:30:55.047,1.00983,1.01003,2.18,3.68
2013.02.14 15:30:55.107,1.00983,1.00996,1.43,1.50
2013.02.14 15:30:55.226,1.00981,1.00996,1.43,1.50
2013.02.14 15:30:55.287,1.00976,1.00996,2.93,1.50
2013.02.14 15:30:56.947,1.00976,1.00993,1.50,1.43
2013.02.14 15:30:58.168,1.00976,1.00994,3.98,1.50
2013.02.14 15:30:58.299,1.00984,1.00995,1.43,1.50
2013.02.14 15:30:58.991,1.00984,1.00999,1.43,1.50
2013.02.14 15:31:00.216,1.00984,1.00998,1.43,2.93
2013.02.14 15:31:00.277,1.00979,1.00995,2.25,1.43
2013.02.14 15:31:00.397,1.00982,1.00998,1.43,1.50
2013.02.14 15:31:00.456,1.00982,1.00999,1.43,1.50
2013.02.14 15:31:00.972,1.00982,1.00998,1.43,1.50
2013.02.14 15:31:01.776,1.00982,1.00999,1.43,1.50
2013.02.14 15:31:02.567,1.00982,1.00998,1.43,1.50
2013.02.14 15:31:02.626,1.00982,1.00999,1.43,1.50
2013.02.14 15:31:03.236,1.00982,1.00998,1.43,1.50
2013.02.14 15:31:04.167,1.00982,1.00998,1.43,1.50
2013.02.14 15:31:04.706,1.00982,1.00998,1.43,1.50
2013.02.14 15:31:05.078,1.00983,1.01,1.50,1.50
2013.02.14 15:31:05.150,1.00983,1.01002,1.50,1.50
2013.02.14 15:31:05.216,1.00988,1.01002,1.50,1.50
2013.02.14 15:31:05.458,1.00992,1.01005,2.93,1.50
2013.02.14 15:31:05.518,1.00992,1.01006,4.35,1.50
2013.02.14 15:31:05.576,1.00995,1.01006,1.43,1.50
2013.02.14 15:31:05.756,1.00995,1.0101,1.43,2.25
2013.02.14 15:31:06.186,1.00992,1.0101,2.25,2.25
2013.02.14 15:31:07.327,1.00991,1.01007,2.18,1.50
2013.02.14 15:31:07.387,1.0099,1.01003,1.50,2.18
2013.02.14 15:31:07.505,1.00989,1.01003,1.13,2.18
2013.02.14 15:31:07.567,1.00986,1.01002,4.50,1.50
2013.02.14 15:31:08.158,1.00983,1.01002,2.93,1.50
2013.02.14 15:31:10.246,1.00983,1.01,2.18,1.50
2013.02.14 15:31:11.657,1.00983,1.01,2.18,1.50
2013.02.14 15:31:11.960,1.00985,1.00999,3.23,1.50
2013.02.14 15:31:12.087,1.00985,1.01,1.05,1.50
2013.02.14 15:31:12.147,1.00983,1.00999,2.18,1.32
2013.02.14 15:31:12.207,1.00981,1.00996,2.93,2.18
2013.02.14 15:31:12.386,1.00976,1.00995,1.50,2.10
2013.02.14 15:31:12.447,1.00976,1.00995,1.50,2.67
2013.02.14 15:31:13.059,1.00974,1.00991,1.05,1.50
2013.02.14 15:31:13.407,1.00985,1.00997,2.18,2.25
2013.02.14 15:31:13.528,1.00984,1.00997,1.43,1.50
2013.02.14 15:31:13.586,1.00984,1.00997,2.18,1.50
2013.02.14 15:31:14.067,1.00985,1.00999,1.43,1.50
2013.02.14 15:31:14.255,1.00985,1.00999,1.43,1.50
2013.02.14 15:31:14.806,1.00985,1.01,1.43,1.50
2013.02.14 15:31:15.059,1.00982,1.01001,2.18,1.50
2013.02.14 15:31:15.408,1.00984,1.01001,1.43,1.32
2013.02.14 15:31:16.127,1.00984,1.01001,1.50,1.32
2013.02.14 15:31:16.428,1.00989,1.01007,2.10,1.50
2013.02.14 15:31:16.667,1.0099,1.01006,1.43,2.93
2013.02.14 15:31:16.978,1.0099,1.00997,1.43,1.32
2013.02.14 15:31:17.037,1.00979,1.00997,1.50,2.07
2013.02.14 15:31:17.157,1.00978,1.00997,2.93,1.50
2013.02.14 15:31:17.647,1.00978,1.00997,2.93,2.25
2013.02.14 15:31:18.186,1.00978,1.00997,2.18,2.07
2013.02.14 15:31:18.508,1.00981,1.00998,2.25,1.50
2013.02.14 15:31:18.688,1.00983,1.01,1.43,1.50
2013.02.14 15:31:18.757,1.00986,1.01,1.43,1.50
2013.02.14 15:31:19.616,1.00986,1.01002,1.43,1.50
2013.02.14 15:31:19.932,1.00988,1.01006,1.43,1.50
2013.02.14 15:31:21.086,1.00988,1.01006,1.43,1.50
2013.02.14 15:31:21.408,1.00992,1.01008,2.93,1.50
2013.02.14 15:31:21.826,1.00989,1.01008,2.55,2.07
2013.02.14 15:31:21.946,1.00989,1.01008,1.43,2.07
2013.02.14 15:31:22.488,1.00988,1.01002,2.18,2.18
2013.02.14 15:31:22.678,1.00983,1.00998,3.53,1.43
2013.02.14 15:31:22.738,1.00982,1.00997,1.88,2.18
2013.02.14 15:31:22.796,1.00979,1.00995,3.00,1.43
2013.02.14 15:31:22.977,1.00976,1.00995,1.50,2.93
2013.02.14 15:31:25.467,1.00979,1.00993,1.43,1.50
2013.02.14 15:31:25.776,1.00984,1.01002,1.50,3.00
2013.02.14 15:31:25.897,1.00987,1.01002,1.43,2.25
2013.02.14 15:31:26.632,1.00987,1.01002,2.18,1.50
2013.02.14 15:31:27.239,1.00987,1.01002,2.18,1.50
2013.02.14 15:31:27.930,1.00987,1.01003,2.18,2.07
2013.02.14 15:31:28.238,1.00981,1.00999,2.93,1.50
2013.02.14 15:31:28.538,1.00981,1.00995,2.18,2.07
2013.02.14 15:31:29.090,1.00981,1.00995,1.43,1.50
2013.02.14 15:31:29.637,1.00981,1.00999,2.18,2.93
2013.02.14 15:31:29.817,1.00984,1.01001,1.43,1.50
2013.02.14 15:31:29.876,1.00984,1.01002,2.18,1.50
2013.02.14 15:31:29.996,1.00984,1.01003,2.93,1.50
2013.02.14 15:31:30.298,1.00988,1.01003,1.43,1.50
2013.02.14 15:31:30.899,1.00988,1.01004,2.18,1.50
2013.02.14 15:31:31.208,1.00988,1.01001,1.43,2.07
2013.02.14 15:31:31.517,1.00984,1.01001,2.18,2.07
2013.02.14 15:31:31.917,1.00988,1.01002,1.43,1.50
2013.02.14 15:31:31.984,1.00988,1.01003,1.43,1.50
2013.02.14 15:31:32.946,1.00988,1.01005,1.43,1.50
2013.02.14 15:31:33.728,1.00988,1.01006,2.93,2.25
2013.02.14 15:31:33.788,1.00988,1.01006,2.93,1.50
2013.02.14 15:31:33.968,1.0099,1.01007,1.50,1.13
2013.02.14 15:31:34.718,1.0099,1.01007,1.50,1.13
2013.02.14 15:31:34.836,1.00988,1.01007,4.43,1.13
2013.02.14 15:31:35.338,1.00988,1.01005,2.18,1.50
2013.02.14 15:31:35.412,1.00991,1.01007,1.43,1.13
2013.02.14 15:31:35.477,1.00991,1.01008,1.43,1.50
2013.02.14 15:31:35.537,1.00991,1.01008,2.18,1.50
2013.02.14 15:31:35.668,1.00991,1.0101,2.93,1.50
2013.02.14 15:31:36.207,1.00994,1.01013,2.18,1.50
2013.02.14 15:31:36.457,1.00995,1.01014,1.50,1.88
2013.02.14 15:31:36.637,1.00995,1.01015,1.50,1.50
2013.02.14 15:31:36.948,1.00995,1.01013,1.50,2.55
2013.02.14 15:31:37.768,1.00993,1.01012,3.49,1.35
2013.02.14 15:31:37.837,1.00993,1.01008,1.32,1.43
2013.02.14 15:31:38.198,1.00994,1.01009,2.25,1.13
2013.02.14 15:31:38.257,1.00993,1.01009,3.79,1.13
2013.02.14 15:31:38.556,1.00993,1.01012,3.79,2.18
2013.02.14 15:31:38.787,1.00993,1.01008,2.29,1.50
2013.02.14 15:31:38.908,1.00991,1.01002,2.18,2.18
2013.02.14 15:31:39.119,1.00987,1.00999,1.50,1.13
2013.02.14 15:31:39.310,1.00981,1.00994,2.18,1.13
2013.02.14 15:31:39.451,1.00977,1.00994,1.50,2.93
2013.02.14 15:31:39.757,1.00977,1.00991,1.50,1.13
2013.02.14 15:31:39.816,1.00977,1.00991,1.50,1.13
2013.02.14 15:31:39.937,1.00977,1.00992,1.50,2.55
2013.02.14 15:31:40.356,1.00975,1.00992,1.50,3.30
2013.02.14 15:31:41.087,1.00973,1.00992,1.50,3.68
2013.02.14 15:31:41.468,1.0097,1.00989,1.50,2.25
2013.02.14 15:31:42.759,1.0097,1.00989,1.50,1.50
2013.02.14 15:31:48.869,1.00973,1.0099,1.50,1.50
2013.02.14 15:31:49.057,1.00974,1.00992,1.50,2.18
2013.02.14 15:31:49.176,1.00974,1.00995,4.43,1.50
2013.02.14 15:31:49.237,1.00974,1.00995,4.65,1.50
2013.02.14 15:31:49.537,1.00978,1.00995,1.50,1.50
2013.02.14 15:31:50.547,1.0098,1.00998,1.50,1.50
2013.02.14 15:31:51.249,1.00981,1.00998,1.50,1.50
2013.02.14 15:31:51.898,1.00981,1.01,2.78,1.50
2013.02.14 15:31:52.531,1.00983,1.01001,2.18,2.07
2013.02.14 15:31:53.373,1.00986,1.01002,2.18,1.50
2013.02.14 15:31:53.498,1.00987,1.01004,1.50,1.88
2013.02.14 15:31:53.917,1.00987,1.01005,1.50,1.50
2013.02.14 15:31:57.478,1.00989,1.01002,1.50,1.50
2013.02.14 15:31:57.667,1.00983,1.00998,2.25,1.43
2013.02.14 15:31:57.727,1.00983,1.00996,2.25,1.43
2013.02.14 15:31:57.907,1.00979,1.00996,1.50,1.43
2013.02.14 15:31:58.028,1.00979,1.00996,1.50,2.18
2013.02.14 15:31:58.397,1.00979,1.00996,1.50,1.43
2013.02.14 15:31:58.579,1.00981,1.00999,3.23,1.50
2013.02.14 15:31:58.648,1.00983,1.01,2.55,1.50
2013.02.14 15:31:58.888,1.00984,1.01004,2.48,2.55
2013.02.14 15:31:59.506,1.00984,1.01004,2.48,2.18
2013.02.14 15:32:01.707,1.00984,1.01003,2.48,1.50
2013.02.14 15:32:01.828,1.00983,1.00996,1.50,2.18
2013.02.14 15:32:02.126,1.00976,1.00992,1.50,1.43
2013.02.14 15:32:02.248,1.00976,1.00992,1.50,2.18
2013.02.14 15:32:02.597,1.00974,1.00992,1.50,2.93
2013.02.14 15:32:02.716,1.00974,1.00992,1.50,2.18
2013.02.14 15:32:02.957,1.00975,1.00994,2.93,3.68
2013.02.14 15:32:03.018,1.00975,1.00994,2.18,2.93
2013.02.14 15:32:03.377,1.00975,1.00994,2.93,3.68
2013.02.14 15:32:05.447,1.00975,1.00994,3.68,2.18
2013.02.14 15:32:05.567,1.00976,1.00995,1.50,2.93
2013.02.14 15:32:06.086,1.00977,1.00996,1.43,1.50
2013.02.14 15:32:06.258,1.00976,1.00996,2.93,1.50
2013.02.14 15:32:07.127,1.00978,1.00998,1.43,4.54
2013.02.14 15:32:07.368,1.00982,1.00998,1.43,2.18
2013.02.14 15:32:07.439,1.00984,1.00998,1.05,2.18
2013.02.14 15:32:07.627,1.00988,1.01006,1.43,1.32
2013.02.14 15:32:07.821,1.00985,1.01006,4.58,3.60
2013.02.14 15:32:07.959,1.00985,1.01003,1.50,1.43
2013.02.14 15:32:08.030,1.00986,1.01005,1.43,2.18
2013.02.14 15:32:08.156,1.00989,1.01006,1.43,3.00
2013.02.14 15:32:08.477,1.00992,1.01007,1.43,1.50
2013.02.14 15:32:08.658,1.00992,1.01008,2.78,1.50
2013.02.14 15:32:08.836,1.00992,1.01008,2.10,1.50
2013.02.14 15:32:09.377,1.00989,1.01007,2.18,2.18
2013.02.14 15:32:09.895,1.00989,1.01006,1.43,1.50
2013.02.14 15:32:11.456,1.00989,1.01006,1.43,2.25
2013.02.14 15:32:12.177,1.00987,1.01004,2.18,1.50
2013.02.14 15:32:12.368,1.00986,1.01002,1.50,1.17
2013.02.14 15:32:12.666,1.0098,1.00998,2.10,2.07
2013.02.14 15:32:12.847,1.00984,1.00998,1.43,1.32
2013.02.14 15:32:12.967,1.00987,1.01002,1.43,1.50
2013.02.14 15:32:13.086,1.00987,1.01005,2.18,3.00
2013.02.14 15:32:13.637,1.00987,1.01006,2.85,2.82
2013.02.14 15:32:14.061,1.0099,1.01006,2.18,3.57
2013.02.14 15:32:14.203,1.0099,1.01008,2.93,2.78
2013.02.14 15:32:15.226,1.00988,1.01008,2.93,4.43
2013.02.14 15:32:15.407,1.00986,1.01001,2.18,1.43
2013.02.14 15:32:15.766,1.00981,1.00999,1.50,2.18
2013.02.14 15:32:17.658,1.00981,1.00999,2.93,2.25
2013.02.14 15:32:18.029,1.00975,1.00992,3.68,1.43
2013.02.14 15:32:18.098,1.00977,1.00992,1.50,1.43
2013.02.14 15:32:18.396,1.00976,1.00992,1.50,2.18
2013.02.14 15:32:18.696,1.00977,1.00995,1.50,2.93
2013.02.14 15:32:19.186,1.00978,1.00996,1.50,1.50
2013.02.14 15:32:21.447,1.0098,1.00996,2.18,2.25
2013.02.14 15:32:22.207,1.00978,1.00993,1.50,1.43
2013.02.14 15:32:22.462,1.00978,1.00995,1.50,1.05
2013.02.14 15:32:22.588,1.00976,1.00995,2.25,3.34
2013.02.14 15:32:22.660,1.00976,1.00992,1.50,2.18
2013.02.14 15:32:23.166,1.00975,1.00992,1.50,2.18
2013.02.14 15:32:24.201,1.00976,1.00992,1.32,2.93
2013.02.14 15:32:24.506,1.0098,1.00998,3.23,1.50
2013.02.14 15:32:24.689,1.0098,1.00995,2.48,1.05
2013.02.14 15:32:24.762,1.00979,1.00995,1.73,1.35
2013.02.14 15:32:24.890,1.00975,1.00993,1.50,2.03
2013.02.14 15:32:25.317,1.00972,1.00989,1.50,2.03
2013.02.14 15:32:26.055,1.00972,1.00989,1.50,2.03
2013.02.14 15:32:27.511,1.00972,1.00989,1.50,2.03
2013.02.14 15:32:30.420,1.00976,1.00991,1.50,2.18
2013.02.14 15:32:30.728,1.00975,1.00994,1.50,3.68
2013.02.14 15:32:30.977,1.00975,1.00994,1.50,1.50
2013.02.14 15:32:31.517,1.00973,1.00988,1.50,1.43
2013.02.14 15:32:31.818,1.00969,1.00987,2.93,1.05
2013.02.14 15:32:31.951,1.00967,1.00984,1.50,2.93
2013.02.14 15:32:32.137,1.00961,1.0098,1.50,2.93
2013.02.14 15:32:32.617,1.00965,1.0098,2.10,2.25
2013.02.14 15:32:32.976,1.00969,1.00985,1.43,1.50
2013.02.14 15:32:33.097,1.00967,1.00986,2.10,2.93
2013.02.14 15:32:33.277,1.00969,1.00986,1.43,2.18
2013.02.14 15:32:33.836,1.0097,1.00988,2.18,1.50
2013.02.14 15:32:35.157,1.0097,1.00989,2.18,1.80
2013.02.14 15:32:36.398,1.00972,1.00991,3.60,2.18
2013.02.14 15:32:36.937,1.00974,1.00994,1.50,1.50
2013.02.14 15:32:37.259,1.0097,1.00987,1.43,1.50
2013.02.14 15:32:37.388,1.00969,1.00987,2.10,2.18
2013.02.14 15:32:37.876,1.00968,1.00986,2.93,1.50
2013.02.14 15:32:39.417,1.00966,1.00985,1.50,2.48
2013.02.14 15:32:39.536,1.00966,1.00985,1.50,2.78
2013.02.14 15:32:40.217,1.00966,1.00985,3.00,2.48
2013.02.14 15:32:40.763,1.00969,1.00988,1.50,1.50
2013.02.14 15:32:41.350,1.00972,1.00988,1.43,1.50
2013.02.14 15:32:41.536,1.00972,1.00988,2.18,1.50
2013.02.14 15:32:42.125,1.00972,1.00988,4.65,2.25
2013.02.14 15:32:42.191,1.00974,1.00992,2.18,2.18
2013.02.14 15:32:42.317,1.00975,1.00995,2.18,2.25
2013.02.14 15:32:42.556,1.00973,1.00992,1.50,2.25
2013.02.14 15:32:42.619,1.00971,1.00989,1.50,1.50
2013.02.14 15:32:43.146,1.0097,1.00989,1.50,2.25
2013.02.14 15:32:43.517,1.00973,1.00987,1.43,1.32
2013.02.14 15:32:43.696,1.00971,1.00987,1.50,2.07
2013.02.14 15:32:43.996,1.00969,1.00986,2.93,1.50
2013.02.14 15:32:44.238,1.0097,1.00989,1.32,2.25
2013.02.14 15:32:44.647,1.00976,1.00992,2.18,1.50
2013.02.14 15:32:44.706,1.00976,1.00993,2.18,1.50
2013.02.14 15:32:45.397,1.00976,1.00994,2.18,2.25
2013.02.14 15:32:46.847,1.00976,1.00995,2.18,1.32
2013.02.14 15:32:47.441,1.00978,1.00996,1.50,3.68
2013.02.14 15:32:47.970,1.00978,1.00996,1.50,3.68
2013.02.14 15:32:48.380,1.00979,1.00996,1.43,2.25
2013.02.14 15:32:58.986,1.00979,1.00996,2.18,2.25
2013.02.14 15:32:59.632,1.0098,1.00996,1.35,2.25
2013.02.14 15:33:01.797,1.00981,1.00995,2.18,2.07
2013.02.14 15:33:02.168,1.00981,1.00995,2.18,2.07
2013.02.14 15:33:04.739,1.0098,1.00993,1.13,1.28
2013.02.14 15:33:05.046,1.00977,1.0099,1.28,1.80
2013.02.14 15:33:05.609,1.00973,1.0099,1.88,1.80
2013.02.14 15:33:07.445,1.00974,1.00989,2.55,1.50
2013.02.14 15:33:07.638,1.00977,1.00993,2.18,2.25
2013.02.14 15:33:07.709,1.00978,1.00995,1.13,2.82
2013.02.14 15:33:13.637,1.00979,1.00995,1.13,1.50
2013.02.14 15:33:14.085,1.00982,1.00995,1.13,1.50
2013.02.14 15:33:15.343,1.00982,1.00998,1.13,2.10
2013.02.14 15:33:17.278,1.00982,1.00998,1.13,2.85
2013.02.14 15:33:18.528,1.00981,1.00998,6.08,1.50
2013.02.14 15:33:18.657,1.00984,1.00998,2.55,1.50
2013.02.14 15:33:19.081,1.00984,1.00998,2.55,1.50
2013.02.14 15:33:21.008,1.00981,1.00999,1.88,1.73
2013.02.14 15:33:21.537,1.00984,1.01001,2.55,2.25
2013.02.14 15:33:24.037,1.00985,1.01001,1.50,2.25
2013.02.14 15:33:24.577,1.00985,1.01001,1.50,2.25
2013.02.14 15:33:25.247,1.00985,1.00999,1.50,1.32
2013.02.14 15:33:29.096,1.00987,1.01002,1.43,1.50
2013.02.14 15:33:29.276,1.00988,1.01005,2.18,1.50
2013.02.14 15:33:29.457,1.00988,1.01005,2.18,1.50
2013.02.14 15:33:29.797,1.0099,1.01002,1.13,1.50
2013.02.14 15:33:29.858,1.0099,1.01003,1.13,1.50
2013.02.14 15:33:30.098,1.00987,1.01003,1.13,1.50
2013.02.14 15:33:30.947,1.00991,1.01004,1.80,1.50
2013.02.14 15:33:31.306,1.0099,1.01003,1.13,1.50
2013.02.14 15:33:31.817,1.00987,1.01003,1.13,2.25
2013.02.14 15:33:32.624,1.00987,1.01003,1.13,2.82
2013.02.14 15:33:32.687,1.00987,1.00999,1.13,1.50
2013.02.14 15:33:32.988,1.00982,1.00997,2.93,1.32
2013.02.14 15:33:33.316,1.00979,1.00995,1.43,1.50
2013.02.14 15:33:33.499,1.00981,1.00992,1.88,1.50
2013.02.14 15:33:33.637,1.00979,1.00991,1.13,1.50
2013.02.14 15:33:33.696,1.00979,1.00988,1.13,1.50
2013.02.14 15:33:33.756,1.00974,1.00988,2.55,1.50
2013.02.14 15:33:33.816,1.00974,1.00989,2.55,1.50
2013.02.14 15:33:33.877,1.00974,1.00992,2.18,1.50
2013.02.14 15:33:33.938,1.00975,1.0099,2.18,1.50
2013.02.14 15:33:34.067,1.00979,1.00994,2.18,2.25
2013.02.14 15:33:34.306,1.0098,1.00994,1.13,2.25
2013.02.14 15:33:34.728,1.00978,1.00996,1.88,1.50
2013.02.14 15:33:35.448,1.00981,1.00998,1.43,1.50
2013.02.14 15:33:35.508,1.00981,1.00998,2.18,1.50
2013.02.14 15:33:36.138,1.00984,1.00999,1.50,1.50
2013.02.14 15:33:36.207,1.00984,1.00999,1.50,1.50
2013.02.14 15:33:36.507,1.00984,1.00999,2.93,1.50
2013.02.14 15:33:38.189,1.00988,1.01004,1.50,2.18
2013.02.14 15:33:38.316,1.00988,1.01006,2.93,2.18
2013.02.14 15:33:39.009,1.00988,1.01004,2.93,1.50
2013.02.14 15:33:39.138,1.00988,1.01007,3.68,2.93
2013.02.14 15:33:39.199,1.0099,1.01007,1.13,1.88
2013.02.14 15:33:39.949,1.00991,1.01007,2.93,1.13
2013.02.14 15:33:40.018,1.00992,1.01008,2.93,1.13
2013.02.14 15:33:40.436,1.00991,1.01008,2.25,2.03
2013.02.14 15:33:41.079,1.00988,1.01007,3.30,1.28
2013.02.14 15:33:41.487,1.00988,1.01008,4.05,4.20
2013.02.14 15:33:41.789,1.00988,1.01004,2.63,1.32
2013.02.14 15:33:42.096,1.00986,1.00999,1.13,1.50
2013.02.14 15:33:43.097,1.00984,1.00999,1.13,1.50
2013.02.14 15:33:43.396,1.00988,1.01001,2.18,1.50
2013.02.14 15:33:43.698,1.00989,1.01005,1.13,1.50
2013.02.14 15:33:43.757,1.00988,1.01005,1.13,2.25
2013.02.14 15:33:44.116,1.00985,1.01002,1.50,1.43
2013.02.14 15:33:45.437,1.00985,1.01003,2.07,1.50
2013.02.14 15:33:45.797,1.00988,1.01007,1.88,2.18
2013.02.14 15:33:47.468,1.00988,1.01008,4.05,2.25
2013.02.14 15:33:47.916,1.0099,1.01009,1.50,1.28
2013.02.14 15:33:48.447,1.0099,1.01009,1.50,1.84
2013.02.14 15:33:48.571,1.00989,1.01006,1.88,1.28
2013.02.14 15:33:49.090,1.00988,1.01007,3.30,2.03
2013.02.14 15:33:49.721,1.0099,1.01007,1.13,1.28
2013.02.14 15:33:50.208,1.00991,1.01008,1.13,2.03
2013.02.14 15:33:50.851,1.00996,1.01008,1.13,1.50
2013.02.14 15:33:51.168,1.00999,1.01012,1.13,1.50
2013.02.14 15:33:52.055,1.01001,1.01014,2.55,2.25
2013.02.14 15:33:52.396,1.01001,1.01015,1.80,1.50
2013.02.14 15:33:52.518,1.01002,1.01015,1.13,1.50
2013.02.14 15:33:52.588,1.01002,1.01015,1.13,1.50
2013.02.14 15:33:52.978,1.01003,1.01017,1.13,1.50
2013.02.14 15:33:53.217,1.01004,1.01016,2.55,1.50
2013.02.14 15:33:53.339,1.01006,1.01021,2.18,1.50
2013.02.14 15:33:53.647,1.01006,1.01021,2.18,1.50
2013.02.14 15:33:54.176,1.01006,1.01021,2.18,1.50
2013.02.14 15:33:54.657,1.01006,1.01021,2.18,1.50
2013.02.14 15:33:54.825,1.01006,1.01022,2.18,1.50
2013.02.14 15:33:55.657,1.01006,1.01022,2.18,1.50
2013.02.14 15:33:56.171,1.01007,1.01022,1.13,1.50
2013.02.14 15:33:56.417,1.01004,1.01019,1.13,1.50
2013.02.14 15:33:56.599,1.01004,1.0102,1.43,1.05
2013.02.14 15:33:56.968,1.01004,1.01021,2.18,2.55
2013.02.14 15:33:57.087,1.01004,1.01021,2.55,2.25
2013.02.14 15:33:57.398,1.01007,1.01024,2.18,2.07
2013.02.14 15:33:57.937,1.01007,1.01023,2.55,1.50
2013.02.14 15:33:58.057,1.01007,1.01024,2.55,1.50
2013.02.14 15:33:58.368,1.0101,1.01025,1.50,1.50
2013.02.14 15:33:58.672,1.01012,1.01029,2.93,1.50
2013.02.14 15:33:59.097,1.01014,1.01029,1.13,1.50
2013.02.14 15:33:59.157,1.01013,1.0103,1.13,2.25
2013.02.14 15:33:59.216,1.01013,1.01026,1.13,1.50
2013.02.14 15:33:59.339,1.01011,1.01025,2.25,3.53
2013.02.14 15:33:59.528,1.01009,1.01023,1.13,1.50
2013.02.14 15:34:00.103,1.01007,1.01023,1.50,1.50
2013.02.14 15:34:00.511,1.01007,1.01023,1.50,1.50
2013.02.14 15:34:00.938,1.01004,1.01021,2.85,2.07
2013.02.14 15:34:00.997,1.01004,1.01018,2.18,1.32
2013.02.14 15:34:01.661,1.01004,1.01016,2.18,1.50
2013.02.14 15:34:01.988,1.01005,1.01016,1.13,1.50
2013.02.14 15:34:02.478,1.01005,1.01018,2.55,1.50
2013.02.14 15:34:02.597,1.01007,1.01019,1.50,2.10
2013.02.14 15:34:03.076,1.01008,1.01019,1.13,3.60
2013.02.14 15:34:03.257,1.01008,1.01019,1.13,3.60
2013.02.14 15:34:03.577,1.01008,1.01019,1.13,3.60
2013.02.14 15:34:05.447,1.01012,1.01022,2.18,3.00
2013.02.14 15:34:05.567,1.01012,1.01022,2.18,1.50
2013.02.14 15:34:05.687,1.01011,1.01022,1.13,1.50
2013.02.14 15:34:06.048,1.01011,1.01023,1.50,1.50
2013.02.14 15:34:06.569,1.01008,1.01023,2.55,1.50
2013.02.14 15:34:06.699,1.01008,1.01023,2.18,3.57
2013.02.14 15:34:06.913,1.01003,1.01021,1.50,1.50
2013.02.14 15:34:07.307,1.01002,1.01016,1.50,1.17
2013.02.14 15:34:07.609,1.01,1.01014,1.50,2.25
2013.02.14 15:34:07.690,1.01,1.01016,1.50,1.35
2013.02.14 15:34:08.056,1.01,1.01013,1.13,1.50
2013.02.14 15:34:08.239,1.01,1.01018,1.88,2.25
2013.02.14 15:34:08.368,1.01002,1.01018,1.13,2.25
2013.02.14 15:34:08.729,1.01002,1.01016,1.13,2.18
2013.02.14 15:34:08.917,1.00998,1.01016,1.88,2.93
2013.02.14 15:34:09.097,1.00999,1.01016,2.18,1.50
2013.02.14 15:34:09.411,1.01003,1.01021,2.93,2.25
2013.02.14 15:34:09.479,1.01003,1.01021,2.93,2.25
2013.02.14 15:34:11.081,1.01005,1.01021,1.13,1.50
2013.02.14 15:34:11.208,1.01008,1.01023,1.13,1.35
2013.02.14 15:34:11.327,1.01009,1.01025,2.18,1.50
2013.02.14 15:34:11.632,1.0101,1.01025,1.13,2.82
2013.02.14 15:34:11.831,1.01007,1.01024,2.55,1.32
2013.02.14 15:34:11.957,1.01007,1.01024,1.13,1.32
2013.02.14 15:34:12.197,1.01009,1.01025,2.18,1.50
2013.02.14 15:34:12.257,1.01011,1.01025,1.13,1.50
2013.02.14 15:34:12.677,1.01012,1.01028,2.55,3.57
2013.02.14 15:34:12.797,1.01012,1.01028,2.55,1.32
2013.02.14 15:34:13.919,1.01012,1.01027,2.55,2.82
2013.02.14 15:34:13.989,1.01012,1.01027,2.18,2.82
2013.02.14 15:34:14.059,1.01012,1.01027,2.18,2.82
2013.02.14 15:34:14.550,1.01014,1.01023,1.13,2.07
2013.02.14 15:34:14.767,1.0101,1.01022,2.18,1.50
2013.02.14 15:34:15.366,1.0101,1.01023,2.18,3.57
2013.02.14 15:34:15.900,1.0101,1.01023,2.18,3.57
2013.02.14 15:34:16.248,1.0101,1.01024,2.18,2.25
2013.02.14 15:34:16.609,1.01008,1.01023,2.18,2.10
2013.02.14 15:34:16.918,1.01006,1.01021,1.50,1.35
2013.02.14 15:34:17.613,1.01006,1.01021,1.50,1.35
2013.02.14 15:34:18.457,1.01004,1.01021,1.50,1.05
2013.02.14 15:34:18.817,1.01005,1.01021,1.50,1.05
2013.02.14 15:34:19.147,1.01005,1.01022,1.50,2.18
2013.02.14 15:34:20.338,1.01004,1.0102,2.25,1.35
2013.02.14 15:34:20.727,1.01004,1.0102,1.50,1.35
2013.02.14 15:34:21.388,1.01007,1.01024,1.50,1.43
2013.02.14 15:34:21.510,1.01008,1.01024,2.93,1.43
2013.02.14 15:34:21.643,1.01009,1.01024,1.13,1.43
2013.02.14 15:34:21.886,1.01007,1.01022,1.50,2.85
2013.02.14 15:34:22.009,1.01006,1.01019,1.50,1.35
2013.02.14 15:34:22.197,1.01003,1.01021,4.92,2.18
2013.02.14 15:34:22.377,1.01006,1.01022,1.50,3.68
2013.02.14 15:34:22.498,1.01007,1.01022,1.50,2.10
2013.02.14 15:34:23.048,1.01008,1.01025,1.88,2.18
2013.02.14 15:34:23.357,1.01008,1.01025,1.88,1.43
2013.02.14 15:34:23.928,1.01008,1.01023,1.88,1.43
2013.02.14 15:34:24.277,1.01008,1.01023,1.50,1.43
2013.02.14 15:34:24.698,1.01008,1.01023,1.50,1.43
2013.02.14 15:34:24.817,1.01006,1.01023,1.50,2.18
2013.02.14 15:34:24.937,1.01006,1.01022,1.50,1.35
2013.02.14 15:34:25.117,1.01007,1.01023,1.50,1.43
2013.02.14 15:34:25.728,1.01005,1.01023,2.25,2.85
2013.02.14 15:34:26.822,1.01007,1.01023,2.25,2.10
2013.02.14 15:34:27.556,1.01007,1.01023,3.00,1.43
2013.02.14 15:34:29.387,1.01007,1.01023,2.25,1.43
2013.02.14 15:34:29.807,1.01008,1.01023,2.25,1.50
2013.02.14 15:34:30.697,1.0101,1.01026,1.05,2.18
2013.02.14 15:34:31.238,1.01009,1.01024,1.50,1.43
2013.02.14 15:34:35.558,1.01008,1.01021,1.50,1.43
2013.02.14 15:34:35.747,1.01006,1.01021,1.50,1.43
2013.02.14 15:34:36.338,1.01005,1.01021,1.43,1.43
2013.02.14 15:34:36.458,1.01005,1.01024,1.43,2.93
2013.02.14 15:34:37.124,1.01005,1.01024,2.18,2.93
2013.02.14 15:34:37.703,1.01005,1.01023,2.18,1.43
2013.02.14 15:34:42.706,1.01006,1.01023,1.50,1.43
2013.02.14 15:34:43.337,1.01006,1.01023,1.50,1.43
2013.02.14 15:34:44.052,1.01006,1.01023,1.50,2.10
2013.02.14 15:34:44.176,1.01006,1.01023,1.50,1.43
2013.02.14 15:34:46.227,1.01005,1.01023,1.50,2.10
2013.02.14 15:34:46.298,1.01003,1.01017,1.50,1.43
2013.02.14 15:34:46.358,1.01001,1.01016,1.88,1.43
2013.02.14 15:34:46.417,1.00999,1.01016,2.18,2.10
2013.02.14 15:34:46.478,1.01002,1.01017,1.50,1.43
2013.02.14 15:34:46.837,1.01,1.01016,1.50,1.35
2013.02.14 15:34:47.482,1.01,1.01016,2.25,1.35
2013.02.14 15:34:48.936,1.00996,1.01015,2.25,1.35
2013.02.14 15:34:48.997,1.00996,1.01015,2.25,1.35
2013.02.14 15:34:50.601,1.00996,1.01012,1.50,1.43
2013.02.14 15:34:50.728,1.00994,1.01008,2.18,1.50
2013.02.14 15:34:50.788,1.00995,1.01001,2.18,1.50
2013.02.14 15:34:50.858,1.00981,1.00999,1.25,8.03
2013.02.14 15:34:50.978,1.00974,1.00991,2.85,5.85
2013.02.14 15:34:51.099,1.00973,1.00985,2.18,2.25
2013.02.14 15:34:51.167,1.00969,1.00987,1.28,2.25
2013.02.14 15:34:51.289,1.00973,1.00983,4.36,1.35
2013.02.14 15:34:51.598,1.00968,1.00975,1.43,2.85
2013.02.14 15:34:52.111,1.00966,1.00972,1.43,1.43
2013.02.14 15:34:52.179,1.00961,1.00972,1.43,1.43
2013.02.14 15:34:52.359,1.00956,1.00972,1.50,2.85
2013.02.14 15:34:52.489,1.00956,1.00971,1.50,1.43
2013.02.14 15:34:52.678,1.00952,1.00969,1.43,1.43
2013.02.14 15:34:52.799,1.00951,1.00969,2.93,1.43
2013.02.14 15:34:52.857,1.00953,1.00969,1.35,1.43
2013.02.14 15:34:53.168,1.00957,1.00974,2.10,1.50
2013.02.14 15:34:53.587,1.00958,1.00976,2.74,2.18
2013.02.14 15:34:54.087,1.00958,1.00976,2.74,2.18
2013.02.14 15:34:54.675,1.00958,1.00976,2.74,1.43
2013.02.14 15:34:54.917,1.0096,1.00978,1.43,2.18
2013.02.14 15:34:54.978,1.00962,1.0098,2.10,1.43
2013.02.14 15:34:55.039,1.00962,1.00979,1.43,1.43
2013.02.14 15:34:55.109,1.00962,1.00979,2.18,2.10
2013.02.14 15:34:55.297,1.00958,1.00977,1.50,3.53
2013.02.14 15:34:55.838,1.00956,1.00976,1.43,1.43
2013.02.14 15:34:55.938,1.00956,1.00976,1.43,1.43
2013.02.14 15:34:56.754,1.00955,1.0097,2.74,1.43
2013.02.14 15:34:56.834,1.0095,1.00967,1.32,2.78
2013.02.14 15:34:57.207,1.00948,1.00962,1.50,1.43
2013.02.14 15:34:57.328,1.00944,1.00961,2.25,2.10
2013.02.14 15:34:57.397,1.00944,1.00957,1.50,1.43
2013.02.14 15:34:57.518,1.00941,1.00958,1.32,2.85
2013.02.14 15:34:57.637,1.00938,1.00957,1.43,1.43
2013.02.14 15:34:58.247,1.00937,1.00957,1.99,1.43
2013.02.14 15:34:58.739,1.00936,1.00955,1.32,2.85
2013.02.14 15:34:59.098,1.00937,1.00955,2.07,1.50
2013.02.14 15:34:59.158,1.00938,1.00956,1.32,1.43
2013.02.14 15:34:59.588,1.00938,1.00954,1.32,2.10
2013.02.14 15:34:59.830,1.00938,1.00957,1.43,1.88
2013.02.14 15:35:00.257,1.00941,1.0096,1.35,1.50
2013.02.14 15:35:00.378,1.0094,1.00959,2.18,1.35
2013.02.14 15:35:00.437,1.0094,1.00959,2.18,1.73
2013.02.14 15:35:00.676,1.0094,1.00958,2.18,2.93
2013.02.14 15:35:00.918,1.0094,1.00957,2.18,1.43
2013.02.14 15:35:01.695,1.00937,1.00955,1.43,1.43
2013.02.14 15:35:02.267,1.00937,1.00955,1.43,1.43
2013.02.14 15:35:02.388,1.00934,1.00955,3.04,2.85
2013.02.14 15:35:03.015,1.00934,1.00953,1.62,1.43
2013.02.14 15:35:03.651,1.00934,1.00952,2.82,1.73
2013.02.14 15:35:03.718,1.00934,1.00951,2.25,2.10
2013.02.14 15:35:04.078,1.00932,1.00945,1.50,1.43
2013.02.14 15:35:04.496,1.00931,1.00948,1.32,1.43
2013.02.14 15:35:05.008,1.00934,1.00951,1.32,2.93
2013.02.14 15:35:05.367,1.00941,1.00956,1.32,2.18
2013.02.14 15:35:05.547,1.00941,1.00956,1.32,1.50
2013.02.14 15:35:05.667,1.00937,1.00956,1.32,1.50
2013.02.14 15:35:05.787,1.00937,1.00955,1.32,1.43
2013.02.14 15:35:06.147,1.00938,1.00956,2.74,1.50
2013.02.14 15:35:06.447,1.0094,1.00958,1.43,2.18
2013.02.14 15:35:07.000,1.00941,1.00959,1.99,1.50
2013.02.14 15:35:07.070,1.00942,1.0096,1.50,2.18
2013.02.14 15:35:08.478,1.00941,1.00955,1.43,2.25
2013.02.14 15:35:08.786,1.00932,1.00948,1.13,1.43
2013.02.14 15:35:08.848,1.0093,1.00947,1.13,2.18
2013.02.14 15:35:08.907,1.00929,1.00947,1.50,2.18
2013.02.14 15:35:09.096,1.00925,1.00944,1.32,1.43
2013.02.14 15:35:09.277,1.00928,1.00945,2.18,1.50
2013.02.14 15:35:09.823,1.00927,1.00945,1.50,1.50
2013.02.14 15:35:10.428,1.00929,1.00945,1.43,1.50
2013.02.14 15:35:10.606,1.0093,1.00947,2.18,1.50
2013.02.14 15:35:12.358,1.0093,1.00943,1.43,1.50
2013.02.14 15:35:12.607,1.00923,1.00942,1.13,1.43
2013.02.14 15:35:12.667,1.00923,1.00945,3.00,1.43
2013.02.14 15:35:12.727,1.00925,1.00945,1.43,2.18
2013.02.14 15:35:13.087,1.00929,1.00945,1.43,1.50
2013.02.14 15:35:13.147,1.00929,1.00947,1.43,1.50
2013.02.14 15:35:13.687,1.00928,1.00947,1.43,1.50
2013.02.14 15:35:15.126,1.00928,1.00947,1.43,1.50
2013.02.14 15:35:15.667,1.00926,1.00942,2.25,2.25
2013.02.14 15:35:16.027,1.00923,1.0094,1.50,1.50
2013.02.14 15:35:16.547,1.00923,1.00939,1.50,1.50
2013.02.14 15:35:17.081,1.00922,1.00939,1.50,1.50
2013.02.14 15:35:18.198,1.00922,1.00937,2.18,1.73
2013.02.14 15:35:18.257,1.0092,1.00935,1.50,1.43
2013.02.14 15:35:18.437,1.00917,1.00935,2.93,2.93
2013.02.14 15:35:18.993,1.00918,1.00935,1.43,2.93
2013.02.14 15:35:19.554,1.00918,1.00935,1.43,1.50
2013.02.14 15:35:20.037,1.00918,1.00935,1.43,1.50
2013.02.14 15:35:20.577,1.0092,1.00935,1.43,1.50
2013.02.14 15:35:20.888,1.00915,1.00929,1.50,2.18
2013.02.14 15:35:21.417,1.00909,1.00929,1.73,2.93
2013.02.14 15:35:23.206,1.00909,1.00929,1.50,2.93
2013.02.14 15:35:23.766,1.00908,1.00929,1.50,2.93
2013.02.14 15:35:24.266,1.00909,1.00929,1.50,2.18
2013.02.14 15:35:24.587,1.00913,1.00932,1.43,1.73
2013.02.14 15:35:24.647,1.00913,1.00932,2.18,1.13
2013.02.14 15:35:24.827,1.00915,1.00934,2.10,1.50
2013.02.14 15:35:25.367,1.00916,1.00934,2.93,1.50
2013.02.14 15:35:27.100,1.00917,1.00933,2.74,1.50
2013.02.14 15:35:27.468,1.00919,1.00935,1.50,1.50
2013.02.14 15:35:27.978,1.00917,1.00935,1.43,2.25
2013.02.14 15:35:28.047,1.00919,1.00935,1.35,1.50
2013.02.14 15:35:28.229,1.00922,1.00942,1.50,2.18
2013.02.14 15:35:28.539,1.00922,1.00941,1.50,2.93
2013.02.14 15:35:28.669,1.00921,1.00939,1.50,2.25
2013.02.14 15:35:28.858,1.00919,1.00937,1.43,3.00
2013.02.14 15:35:29.046,1.00919,1.00937,1.43,2.25
2013.02.14 15:35:29.634,1.00919,1.00937,1.43,1.50
2013.02.14 15:35:29.758,1.00917,1.00935,1.50,1.50
2013.02.14 15:35:30.117,1.0091,1.0093,2.18,3.42
2013.02.14 15:35:30.237,1.0091,1.0093,2.18,2.10
2013.02.14 15:35:30.297,1.0091,1.0093,2.93,1.35
2013.02.14 15:35:30.476,1.0091,1.0093,2.18,2.10
2013.02.14 15:35:31.757,1.0091,1.0093,1.50,1.35
2013.02.14 15:35:32.866,1.00912,1.0093,1.50,2.10
2013.02.14 15:35:32.987,1.00913,1.0093,1.50,1.50
2013.02.14 15:35:33.047,1.00914,1.00931,1.50,2.18
2013.02.14 15:35:33.347,1.00917,1.00933,1.50,1.43
2013.02.14 15:35:33.766,1.00918,1.00936,1.50,3.53
2013.02.14 15:35:33.833,1.00918,1.00935,1.50,1.05
2013.02.14 15:35:33.898,1.00918,1.00935,1.50,1.28
2013.02.14 15:35:33.968,1.00915,1.00935,2.93,2.03
2013.02.14 15:35:34.029,1.00915,1.00934,2.93,2.03
2013.02.14 15:35:34.218,1.00914,1.00929,1.50,1.43
2013.02.14 15:35:34.637,1.00915,1.00929,1.32,1.43
2013.02.14 15:35:34.697,1.00915,1.00932,2.07,2.18
2013.02.14 15:35:35.189,1.00914,1.00932,1.50,2.18
2013.02.14 15:35:35.258,1.00913,1.00932,2.07,2.18
2013.02.14 15:35:35.728,1.00917,1.00932,1.32,2.18
2013.02.14 15:35:36.428,1.00917,1.00932,1.32,1.43
2013.02.14 15:35:37.487,1.00916,1.00932,1.50,1.43
2013.02.14 15:35:37.607,1.00915,1.00928,2.18,1.43
2013.02.14 15:35:37.859,1.00917,1.00934,1.32,2.18
2013.02.14 15:35:38.169,1.00919,1.00934,1.32,2.18
2013.02.14 15:35:38.421,1.00922,1.00938,1.32,2.18
2013.02.14 15:35:38.667,1.0092,1.00936,2.07,1.43
2013.02.14 15:35:38.787,1.0092,1.00935,2.07,1.43
2013.02.14 15:35:39.088,1.00918,1.00935,2.25,1.43
2013.02.14 15:35:39.798,1.00918,1.00935,2.07,1.43
2013.02.14 15:35:40.338,1.00922,1.00938,1.32,2.48
2013.02.14 15:35:40.517,1.00922,1.0094,2.07,2.48
2013.02.14 15:35:40.817,1.00923,1.0094,1.32,2.48
2013.02.14 15:35:41.178,1.00924,1.0094,1.50,4.20
2013.02.14 15:35:41.297,1.00924,1.00938,2.25,1.43
2013.02.14 15:35:42.708,1.00923,1.00939,2.07,1.05
2013.02.14 15:35:42.887,1.00923,1.00937,1.32,1.43
2013.02.14 15:35:43.318,1.00921,1.00937,1.50,1.43
2013.02.14 15:35:43.497,1.00921,1.00936,1.50,1.28
2013.02.14 15:35:43.859,1.00923,1.00936,1.32,2.18
2013.02.14 15:35:44.122,1.00921,1.00934,1.32,1.43
2013.02.14 15:35:44.438,1.00919,1.00929,1.50,1.43
2013.02.14 15:35:44.739,1.0092,1.00934,1.32,1.43
2013.02.14 15:35:44.987,1.00919,1.00932,1.50,1.43
2013.02.14 15:35:45.286,1.00918,1.00932,1.50,1.43
2013.02.14 15:35:46.458,1.00918,1.00932,2.07,1.43
2013.02.14 15:35:47.033,1.00918,1.00932,2.07,1.43
2013.02.14 15:35:47.338,1.00921,1.00934,1.50,2.18
2013.02.14 15:35:47.398,1.00922,1.00934,1.32,2.18
2013.02.14 15:35:47.577,1.00923,1.00939,1.50,2.18
2013.02.14 15:35:47.795,1.00923,1.00939,1.50,2.18
2013.02.14 15:35:48.128,1.00927,1.00943,1.50,1.50
2013.02.14 15:35:48.187,1.00928,1.00943,2.93,1.50
2013.02.14 15:35:48.487,1.00933,1.00949,1.73,1.43
2013.02.14 15:35:48.728,1.00931,1.00944,2.25,1.43
2013.02.14 15:35:49.037,1.00929,1.00939,1.50,1.43
2013.02.14 15:35:49.518,1.00926,1.00942,1.50,2.18
2013.02.14 15:35:49.578,1.00927,1.00943,1.50,2.18
2013.02.14 15:35:49.937,1.00933,1.00949,2.07,2.18
2013.02.14 15:35:49.997,1.00933,1.00949,2.07,2.18
2013.02.14 15:35:50.510,1.00935,1.00949,1.50,1.43
2013.02.14 15:35:51.069,1.00934,1.0095,2.67,2.18
2013.02.14 15:35:51.378,1.00935,1.00947,2.25,1.43
2013.02.14 15:35:51.438,1.00935,1.00947,1.50,1.43
2013.02.14 15:35:51.918,1.00932,1.00947,1.50,1.43
2013.02.14 15:35:52.926,1.00933,1.00947,1.50,1.43
2013.02.14 15:35:54.369,1.00933,1.00944,1.50,1.50
2013.02.14 15:35:54.499,1.00923,1.00939,1.50,2.93
2013.02.14 15:35:54.557,1.00921,1.00937,1.50,1.43
2013.02.14 15:35:56.677,1.00923,1.0094,1.50,1.28
2013.02.14 15:35:57.287,1.00921,1.00939,1.50,1.32
2013.02.14 15:35:57.408,1.00921,1.00934,1.50,1.43
2013.02.14 15:35:57.477,1.0092,1.00934,2.25,1.43
2013.02.14 15:35:58.027,1.00919,1.00934,1.50,1.43
2013.02.14 15:35:58.148,1.00918,1.00934,1.50,1.43
2013.02.14 15:35:58.912,1.00918,1.00933,1.50,1.43
2013.02.14 15:36:02.767,1.00918,1.00933,1.50,2.18
2013.02.14 15:36:04.017,1.00915,1.00933,3.49,2.18
2013.02.14 15:36:06.360,1.00915,1.00932,2.93,2.18
2013.02.14 15:36:06.427,1.00915,1.0093,2.25,1.43
2013.02.14 15:36:06.728,1.00915,1.00924,1.50,1.43
2013.02.14 15:36:06.797,1.00908,1.00924,2.25,1.43
2013.02.14 15:36:07.281,1.00908,1.00924,1.50,1.28
2013.02.14 15:36:07.408,1.00907,1.00923,1.50,2.18
2013.02.14 15:36:10.843,1.00907,1.00923,1.50,2.18
2013.02.14 15:36:10.969,1.00907,1.00923,1.50,2.18
2013.02.14 15:36:11.447,1.00911,1.00928,3.04,2.18
2013.02.14 15:36:11.508,1.00913,1.00929,1.50,1.05
2013.02.14 15:36:12.610,1.00914,1.00931,1.50,2.48
2013.02.14 15:36:13.080,1.00914,1.0093,1.50,1.13
2013.02.14 15:36:13.209,1.00911,1.00927,2.48,2.18
2013.02.14 15:36:13.387,1.00911,1.00924,1.50,1.43
2013.02.14 15:36:13.927,1.00907,1.00924,1.50,1.43
2013.02.14 15:36:14.396,1.00907,1.00921,1.50,1.43
2013.02.14 15:36:15.716,1.00906,1.00923,1.50,1.13
2013.02.14 15:36:16.787,1.00905,1.00923,1.50,1.88
2013.02.14 15:36:17.349,1.00904,1.00923,2.18,2.25
2013.02.14 15:36:17.407,1.00904,1.0092,1.43,1.50
2013.02.14 15:36:17.527,1.00902,1.00916,1.50,1.80
2013.02.14 15:36:18.087,1.00902,1.00916,1.50,1.43
2013.02.14 15:36:18.747,1.00902,1.00916,1.50,1.80
2013.02.14 15:36:19.256,1.00901,1.00916,1.50,2.18
2013.02.14 15:36:19.378,1.00896,1.00914,1.73,4.05
2013.02.14 15:36:19.499,1.00894,1.00911,1.88,1.43
2013.02.14 15:36:19.557,1.00894,1.00909,1.88,1.13
2013.02.14 15:36:19.918,1.00892,1.00908,1.50,2.93
2013.02.14 15:36:20.040,1.00892,1.00908,1.50,2.93
2013.02.14 15:36:20.110,1.00891,1.00906,1.50,1.50
2013.02.14 15:36:20.417,1.00888,1.00904,1.50,2.18
2013.02.14 15:36:20.956,1.00886,1.00904,1.50,2.93
2013.02.14 15:36:21.637,1.00887,1.00905,1.58,2.74
2013.02.14 15:36:21.888,1.0089,1.00905,1.50,2.74
2013.02.14 15:36:22.197,1.00899,1.00912,1.50,1.43
2013.02.14 15:36:22.559,1.00904,1.00912,1.39,1.43
2013.02.14 15:36:22.628,1.00903,1.00912,1.39,1.43
2013.02.14 15:36:22.688,1.00904,1.0092,3.00,1.50
2013.02.14 15:36:22.747,1.00904,1.00922,3.75,1.50
2013.02.14 15:36:23.050,1.00907,1.00923,1.50,2.25
2013.02.14 15:36:23.237,1.00905,1.00923,1.50,2.25
2013.02.14 15:36:24.038,1.00905,1.00923,1.50,2.25
2013.02.14 15:36:24.119,1.00904,1.00922,1.50,2.18
2013.02.14 15:36:24.191,1.00902,1.00921,3.00,3.57
2013.02.14 15:36:24.677,1.009,1.00918,1.50,2.18
2013.02.14 15:36:25.920,1.009,1.00918,1.50,2.93
2013.02.14 15:36:26.359,1.009,1.00918,1.50,2.18
2013.02.14 15:36:26.760,1.009,1.00918,1.50,2.18
2013.02.14 15:36:27.372,1.009,1.00918,1.50,2.18
2013.02.14 15:36:27.617,1.009,1.00918,1.50,2.93
2013.02.14 15:36:28.037,1.00898,1.00915,1.50,2.18
2013.02.14 15:36:28.161,1.00898,1.00914,1.50,1.50
2013.02.14 15:36:29.397,1.00898,1.00914,1.50,1.50
2013.02.14 15:36:30.004,1.00896,1.00914,2.33,1.50
2013.02.14 15:36:30.547,1.00898,1.00914,1.50,1.50
2013.02.14 15:36:30.726,1.00898,1.00911,1.50,1.43
2013.02.14 15:36:31.827,1.00898,1.00914,1.50,3.23
2013.02.14 15:36:32.488,1.00898,1.00916,3.00,2.18
2013.02.14 15:36:32.800,1.009,1.00916,2.25,2.18
2013.02.14 15:36:37.188,1.009,1.00918,2.25,2.18
2013.02.14 15:36:37.427,1.00903,1.00921,1.50,2.93
2013.02.14 15:36:37.488,1.00903,1.00919,1.50,1.50
2013.02.14 15:36:37.941,1.00903,1.00914,1.50,2.18
2013.02.14 15:36:38.028,1.00898,1.00911,4.32,2.18
2013.02.14 15:36:38.100,1.00899,1.00911,1.17,1.43
2013.02.14 15:36:38.169,1.00901,1.00916,1.35,2.25
2013.02.14 15:36:38.290,1.00905,1.00918,1.35,1.88
2013.02.14 15:36:38.358,1.00905,1.00921,1.35,2.93
2013.02.14 15:36:38.417,1.00905,1.00921,1.35,2.93
2013.02.14 15:36:38.659,1.00904,1.00921,2.10,2.93
2013.02.14 15:36:38.917,1.00905,1.00921,1.50,2.93
2013.02.14 15:36:39.038,1.00904,1.00921,1.50,2.93
2013.02.14 15:36:39.728,1.00905,1.00921,2.18,2.93
2013.02.14 15:36:39.787,1.00904,1.00921,1.50,2.93
2013.02.14 15:36:40.026,1.00905,1.00921,1.50,2.93
2013.02.14 15:36:40.207,1.00904,1.00921,2.10,2.93
2013.02.14 15:36:41.269,1.00905,1.00921,2.10,1.50
2013.02.14 15:36:41.337,1.00905,1.00921,1.35,1.50
2013.02.14 15:36:41.847,1.00905,1.00921,1.50,1.50
2013.02.14 15:36:42.026,1.00904,1.00921,2.10,1.50
2013.02.14 15:36:44.969,1.00905,1.00921,1.35,1.50
2013.02.14 15:36:45.654,1.00907,1.00922,2.10,2.18
2013.02.14 15:36:47.307,1.00907,1.00922,1.35,2.18
2013.02.14 15:36:48.136,1.00907,1.00923,2.10,1.50
2013.02.14 15:36:48.770,1.00909,1.00924,1.35,1.50
2013.02.14 15:36:49.647,1.00909,1.00927,2.10,1.50
2013.02.14 15:36:50.728,1.0091,1.00927,1.43,1.50
2013.02.14 15:36:50.848,1.00912,1.00928,1.32,1.50
2013.02.14 15:36:51.413,1.00914,1.00931,2.78,1.50
2013.02.14 15:36:51.761,1.00914,1.0093,3.53,1.50
2013.02.14 15:36:52.277,1.00914,1.00933,3.53,2.18
2013.02.14 15:36:52.846,1.00916,1.00934,1.43,1.50
2013.02.14 15:36:53.210,1.00916,1.00934,2.85,1.50
2013.02.14 15:36:53.784,1.00917,1.00936,3.68,1.28
2013.02.14 15:36:54.248,1.00929,1.00937,1.50,2.10
2013.02.14 15:36:54.380,1.00931,1.0094,1.50,1.43
2013.02.14 15:36:54.511,1.00932,1.00948,1.43,1.50
2013.02.14 15:36:54.977,1.00932,1.00952,1.43,2.70
2013.02.14 15:36:55.051,1.00932,1.00951,2.18,1.28
2013.02.14 15:36:55.641,1.00924,1.00944,3.60,2.70
2013.02.14 15:36:56.167,1.00924,1.00942,3.68,1.28
2013.02.14 15:36:56.468,1.00924,1.00942,3.68,2.03
2013.02.14 15:36:57.296,1.00926,1.00944,1.50,2.93
2013.02.14 15:36:59.328,1.00927,1.00945,1.50,1.50
2013.02.14 15:36:59.999,1.00928,1.00944,1.50,2.93
2013.02.14 15:37:00.179,1.00927,1.00941,1.50,2.18
2013.02.14 15:37:00.250,1.00924,1.00941,1.50,2.18
2013.02.14 15:37:00.458,1.00924,1.00941,1.50,1.80
2013.02.14 15:37:00.580,1.00924,1.00943,2.93,3.23
2013.02.14 15:37:01.107,1.00924,1.00943,1.50,2.78
2013.02.14 15:37:01.548,1.00924,1.00942,1.50,1.35
2013.02.14 15:37:01.608,1.00924,1.00942,1.50,2.10
2013.02.14 15:37:02.407,1.00924,1.0094,1.50,1.35
2013.02.14 15:37:04.629,1.00924,1.00942,3.60,2.10
2013.02.14 15:37:05.258,1.00924,1.0094,1.50,2.18
2013.02.14 15:37:05.617,1.00921,1.00937,1.50,1.35
2013.02.14 15:37:05.977,1.00918,1.00933,2.18,1.35
2013.02.14 15:37:06.217,1.00917,1.00933,2.82,1.35
2013.02.14 15:37:06.997,1.00915,1.00932,2.18,2.85
2013.02.14 15:37:07.576,1.00915,1.00931,1.43,1.43
2013.02.14 15:37:07.657,1.00911,1.00928,2.18,2.10
2013.02.14 15:37:07.999,1.00907,1.00923,1.50,1.50
2013.02.14 15:37:08.548,1.00906,1.00922,1.99,1.50
2013.02.14 15:37:08.667,1.00906,1.00924,1.99,3.68
2013.02.14 15:37:10.107,1.00905,1.00922,1.43,1.50
2013.02.14 15:37:10.466,1.00904,1.00922,2.18,2.18
2013.02.14 15:37:10.827,1.00904,1.00921,2.18,2.18
2013.02.14 15:37:14.968,1.00904,1.00922,2.18,1.50
2013.02.14 15:37:15.777,1.00904,1.00922,2.18,1.50
2013.02.14 15:37:15.897,1.00905,1.00922,1.43,2.25
2013.02.14 15:37:15.958,1.00905,1.00921,1.50,2.74
2013.02.14 15:37:16.018,1.00903,1.0092,1.43,1.50
2013.02.14 15:37:16.378,1.00904,1.00922,2.18,3.23
2013.02.14 15:37:16.499,1.00906,1.00923,1.43,1.50
2013.02.14 15:37:16.627,1.00906,1.00923,2.18,1.50
2013.02.14 15:37:16.688,1.00908,1.00924,1.43,1.50
2013.02.14 15:37:16.747,1.00908,1.00925,2.18,2.18
2013.02.14 15:37:17.377,1.00911,1.00927,1.43,2.93
2013.02.14 15:37:17.738,1.00916,1.0093,1.43,1.43
2013.02.14 15:37:18.159,1.00917,1.00933,1.50,1.50
2013.02.14 15:37:18.699,1.00912,1.00929,3.15,1.43
2013.02.14 15:37:19.177,1.00912,1.00929,2.18,2.18
2013.02.14 15:37:22.417,1.00912,1.00929,2.74,2.18
2013.02.14 15:37:22.728,1.00911,1.00926,1.50,2.70
2013.02.14 15:37:23.588,1.00911,1.00926,1.50,2.18
2013.02.14 15:37:24.138,1.00911,1.00925,1.50,1.50
2013.02.14 15:37:26.417,1.00911,1.00924,1.50,2.18
2013.02.14 15:37:26.599,1.00909,1.00924,1.50,2.70
2013.02.14 15:37:26.790,1.00907,1.00924,1.50,2.70
2013.02.14 15:37:27.989,1.00907,1.00923,1.50,2.10
2013.02.14 15:37:28.120,1.00902,1.00919,1.73,2.93
2013.02.14 15:37:28.249,1.00899,1.00918,2.93,2.67
2013.02.14 15:37:28.320,1.00899,1.00915,1.50,1.28
2013.02.14 15:37:28.448,1.00897,1.00913,2.18,1.50
2013.02.14 15:37:29.168,1.00896,1.00912,1.50,2.85
2013.02.14 15:37:29.227,1.00896,1.00909,1.50,1.43
2013.02.14 15:37:29.348,1.00892,1.00909,1.50,4.13
2013.02.14 15:37:29.468,1.00892,1.00907,1.50,1.50
2013.02.14 15:37:29.949,1.0089,1.00906,1.50,2.18
2013.02.14 15:37:30.019,1.0089,1.00904,1.50,1.43
2013.02.14 15:37:30.207,1.00893,1.00909,1.43,2.93
2013.02.14 15:37:30.387,1.00894,1.00913,1.43,3.68
2013.02.14 15:37:30.581,1.00895,1.00912,1.43,1.50
2013.02.14 15:37:31.087,1.00894,1.00912,1.50,1.50
2013.02.14 15:37:31.707,1.00891,1.0091,2.25,2.18
2013.02.14 15:37:31.949,1.00891,1.00909,1.50,2.25
2013.02.14 15:37:32.150,1.00894,1.00909,1.43,3.00
2013.02.14 15:37:32.457,1.00894,1.00912,2.93,1.50
2013.02.14 15:37:34.948,1.00895,1.00913,1.50,1.50
2013.02.14 15:37:35.549,1.00902,1.0092,1.50,1.50
2013.02.14 15:37:35.749,1.00902,1.00921,1.50,1.50
2013.02.14 15:37:35.877,1.00904,1.00921,1.50,1.50
2013.02.14 15:37:37.217,1.00907,1.0092,1.50,1.43
2013.02.14 15:37:37.457,1.00908,1.00923,1.50,2.18
2013.02.14 15:37:38.040,1.00907,1.00923,1.50,3.68
2013.02.14 15:37:39.428,1.00905,1.00923,1.50,3.68
2013.02.14 15:37:39.489,1.00902,1.0092,1.50,2.18
2013.02.14 15:37:40.163,1.00906,1.00922,1.50,1.50
2013.02.14 15:37:40.809,1.00906,1.00923,1.50,2.25
2013.02.14 15:37:41.127,1.00901,1.00918,1.50,1.50
2013.02.14 15:37:42.467,1.00903,1.00917,1.50,1.50
2013.02.14 15:37:42.649,1.00903,1.0092,1.50,2.25
2013.02.14 15:37:42.778,1.00901,1.00918,1.50,2.18
2013.02.14 15:37:42.898,1.009,1.00918,2.25,2.18
2013.02.14 15:37:43.018,1.00899,1.00917,1.50,1.50
2013.02.14 15:37:46.107,1.009,1.00917,1.50,1.50
2013.02.14 15:37:46.828,1.009,1.00917,1.50,1.50
2013.02.14 15:37:47.379,1.00901,1.00914,1.50,2.18
2013.02.14 15:37:47.688,1.00899,1.00914,1.50,2.18
2013.02.14 15:37:47.807,1.00899,1.00914,1.50,1.43
2013.02.14 15:37:48.050,1.00899,1.00917,1.50,3.68
2013.02.14 15:37:48.749,1.00899,1.00917,1.50,3.98
2013.02.14 15:37:49.133,1.00899,1.00913,1.50,1.43
2013.02.14 15:37:50.248,1.009,1.00913,1.50,1.43
2013.02.14 15:37:50.309,1.009,1.00916,1.50,2.18
2013.02.14 15:37:50.369,1.00904,1.00917,1.50,2.18
2013.02.14 15:37:50.547,1.00907,1.00921,2.25,1.13
2013.02.14 15:37:50.727,1.00907,1.00922,2.25,1.28
2013.02.14 15:37:51.146,1.00907,1.00924,1.50,1.50
2013.02.14 15:37:51.857,1.00907,1.00925,1.50,1.50
2013.02.14 15:37:52.546,1.00908,1.00926,1.50,4.43
2013.02.14 15:37:53.887,1.00907,1.00925,2.25,2.10
2013.02.14 15:37:54.258,1.009,1.00919,3.00,2.07
2013.02.14 15:37:54.497,1.00899,1.00918,1.50,3.00
2013.02.14 15:37:54.917,1.00896,1.00914,2.25,1.50
2013.02.14 15:37:55.637,1.00896,1.00915,1.50,2.93
2013.02.14 15:37:55.699,1.00896,1.00915,1.50,2.93
2013.02.14 15:37:57.809,1.00897,1.00915,1.50,2.63
2013.02.14 15:37:57.878,1.00899,1.00915,1.50,2.63
2013.02.14 15:37:58.118,1.00901,1.00917,1.50,3.68
2013.02.14 15:37:59.118,1.00909,1.00924,2.82,1.50
2013.02.14 15:37:59.239,1.0091,1.00926,1.65,1.50
2013.02.14 15:38:00.598,1.00906,1.00924,3.75,3.53
2013.02.14 15:38:00.658,1.00906,1.00924,3.00,3.68
2013.02.14 15:38:00.719,1.00906,1.00923,2.25,1.43
2013.02.14 15:38:01.078,1.00907,1.0092,1.50,1.13
2013.02.14 15:38:01.197,1.00907,1.00921,1.50,1.13
2013.02.14 15:38:01.730,1.00909,1.00923,1.50,2.18
2013.02.14 15:38:03.270,1.00909,1.00924,1.50,1.13
2013.02.14 15:38:03.577,1.00909,1.00924,1.50,1.13
2013.02.14 15:38:04.108,1.00909,1.00925,1.50,1.43
2013.02.14 15:38:05.278,1.00909,1.00927,1.50,1.50
2013.02.14 15:38:05.338,1.00911,1.00927,2.25,1.50
2013.02.14 15:38:05.398,1.00914,1.0093,1.50,1.88
2013.02.14 15:38:05.638,1.00914,1.0093,1.65,1.13
2013.02.14 15:38:05.697,1.00914,1.00932,1.65,1.43
2013.02.14 15:38:05.876,1.00914,1.00934,1.65,1.50
2013.02.14 15:38:07.237,1.00919,1.00935,1.50,2.25
2013.02.14 15:38:07.298,1.0092,1.00935,1.50,1.50
2013.02.14 15:38:07.479,1.00926,1.0094,1.50,3.23
2013.02.14 15:38:07.658,1.00926,1.0094,1.50,1.05
2013.02.14 15:38:07.947,1.00931,1.00942,1.50,2.10
2013.02.14 15:38:08.013,1.00931,1.00943,1.65,1.43
2013.02.14 15:38:08.219,1.00931,1.00948,1.50,2.10
2013.02.14 15:38:08.288,1.00931,1.00948,1.50,2.10
2013.02.14 15:38:08.350,1.00932,1.00946,1.50,1.88
2013.02.14 15:38:08.908,1.00931,1.00946,2.18,2.18
2013.02.14 15:38:09.159,1.00931,1.00946,1.50,2.18
2013.02.14 15:38:10.356,1.00931,1.00949,1.50,2.93
2013.02.14 15:38:10.737,1.00931,1.00949,1.50,2.93
2013.02.14 15:38:11.627,1.00931,1.00949,1.65,2.18
2013.02.14 15:38:11.871,1.00932,1.00951,2.55,5.10
2013.02.14 15:38:12.181,1.00937,1.00956,1.05,2.18
2013.02.14 15:38:12.487,1.00938,1.00956,1.35,2.18
2013.02.14 15:38:12.667,1.00936,1.00956,3.98,2.93
2013.02.14 15:38:13.589,1.00941,1.00958,1.50,2.63
2013.02.14 15:38:13.898,1.00936,1.00954,1.80,1.43
2013.02.14 15:38:14.728,1.00936,1.0095,1.05,1.43
2013.02.14 15:38:14.918,1.00936,1.0095,1.50,2.18
2013.02.14 15:38:15.103,1.00931,1.00948,2.85,1.43
2013.02.14 15:38:15.228,1.00931,1.00946,2.10,1.43
2013.02.14 15:38:15.777,1.00928,1.00946,1.50,2.18
2013.02.14 15:38:16.377,1.00926,1.00944,2.40,1.50
2013.02.14 15:38:16.497,1.00926,1.00942,2.40,1.43
2013.02.14 15:38:17.690,1.00926,1.00942,2.40,2.18
2013.02.14 15:38:18.009,1.00926,1.00942,2.25,2.18
2013.02.14 15:38:18.087,1.00926,1.00938,1.50,2.18
2013.02.14 15:38:18.408,1.00915,1.00927,2.40,1.43
2013.02.14 15:38:18.589,1.00915,1.0093,1.50,2.18
2013.02.14 15:38:18.898,1.00918,1.00933,1.28,2.25
2013.02.14 15:38:19.258,1.00919,1.00935,1.43,1.43
2013.02.14 15:38:19.848,1.00919,1.00935,2.03,1.43
2013.02.14 15:38:20.029,1.00919,1.00937,1.65,2.93
2013.02.14 15:38:20.337,1.0092,1.00937,1.65,1.43
2013.02.14 15:38:21.790,1.00921,1.0094,1.05,4.35
2013.02.14 15:38:22.358,1.00922,1.0094,1.05,2.93
2013.02.14 15:38:22.808,1.00921,1.00936,1.50,1.43
2013.02.14 15:38:23.370,1.00919,1.00936,1.65,2.18
2013.02.14 15:38:23.927,1.00918,1.00937,2.33,1.50
2013.02.14 15:38:24.638,1.00918,1.00936,1.65,1.43
2013.02.14 15:38:26.227,1.00919,1.00937,1.65,1.50
2013.02.14 15:38:27.212,1.00918,1.00937,1.65,2.25
2013.02.14 15:38:27.578,1.00918,1.00936,1.50,3.45
2013.02.14 15:38:29.417,1.00918,1.00936,3.08,1.50
2013.02.14 15:38:29.777,1.00918,1.00937,3.23,1.50
2013.02.14 15:38:30.338,1.00921,1.00938,1.50,1.50
2013.02.14 15:38:30.698,1.00918,1.00933,2.18,1.43
2013.02.14 15:38:31.007,1.00918,1.00936,1.50,2.18
2013.02.14 15:38:31.558,1.00917,1.00936,1.65,2.18
2013.02.14 15:38:31.618,1.00917,1.00936,1.47,2.18
2013.02.14 15:38:31.737,1.00919,1.00936,1.50,1.43
2013.02.14 15:38:32.277,1.00919,1.00936,1.50,1.43
2013.02.14 15:38:32.902,1.00919,1.00936,1.50,1.43
2013.02.14 15:38:33.388,1.00917,1.00936,1.65,1.43
2013.02.14 15:38:33.627,1.00917,1.00935,1.50,2.18
2013.02.14 15:38:33.867,1.00916,1.00931,1.50,1.43
2013.02.14 15:38:34.477,1.00912,1.00929,1.65,1.43
2013.02.14 15:38:34.837,1.0091,1.00929,1.65,2.18
2013.02.14 15:38:34.898,1.0091,1.00925,1.65,1.43
2013.02.14 15:38:35.688,1.00909,1.00925,1.50,1.43
2013.02.14 15:38:35.989,1.0091,1.0093,1.58,1.50
2013.02.14 15:38:36.228,1.0091,1.0093,2.18,2.07
2013.02.14 15:38:36.347,1.00908,1.00926,1.43,1.50
2013.02.14 15:38:36.707,1.00908,1.00926,1.43,2.25
2013.02.14 15:38:41.349,1.00907,1.00922,1.43,1.13
2013.02.14 15:38:45.857,1.00906,1.00922,2.18,1.13
2013.02.14 15:38:46.298,1.00907,1.00923,1.43,1.13
2013.02.14 15:38:46.726,1.00907,1.00922,1.43,2.18
2013.02.14 15:38:47.249,1.00906,1.00922,2.85,2.18
2013.02.14 15:38:50.159,1.00906,1.00922,2.18,2.18
2013.02.14 15:38:50.778,1.00902,1.00919,1.50,2.18
2013.02.14 15:38:53.978,1.00899,1.00912,1.50,1.50
2013.02.14 15:38:54.097,1.00897,1.00912,1.32,3.68
2013.02.14 15:38:54.157,1.00897,1.00909,1.32,1.43
2013.02.14 15:38:54.277,1.00891,1.00909,1.50,2.18
2013.02.14 15:38:54.658,1.00893,1.00909,1.32,2.18
2013.02.14 15:38:56.579,1.00893,1.00909,1.32,2.18
2013.02.14 15:38:57.246,1.00893,1.00909,1.32,2.18
2013.02.14 15:38:57.559,1.00898,1.00912,2.22,1.88
2013.02.14 15:38:57.689,1.00902,1.00918,1.50,2.18
2013.02.14 15:38:57.808,1.00903,1.00919,2.29,1.50
2013.02.14 15:38:57.928,1.00903,1.00922,3.15,2.25
2013.02.14 15:38:58.407,1.00903,1.00915,3.72,1.50
2013.02.14 15:38:58.528,1.00901,1.00915,2.18,2.25
2013.02.14 15:38:58.708,1.00895,1.00912,1.50,2.25
2013.02.14 15:38:58.827,1.00892,1.00912,2.93,3.00
2013.02.14 15:38:58.947,1.00891,1.00909,2.25,1.50
2013.02.14 15:38:59.919,1.00891,1.00908,1.50,1.50
2013.02.14 15:39:00.038,1.00888,1.00908,1.50,3.68
2013.02.14 15:39:00.279,1.00888,1.00906,1.50,1.50
2013.02.14 15:39:00.398,1.00887,1.00904,1.50,3.68
2013.02.14 15:39:00.517,1.00887,1.00904,1.50,3.68
2013.02.14 15:39:01.718,1.00887,1.00902,1.50,1.50
2013.02.14 15:39:02.027,1.00887,1.00902,2.07,1.50
2013.02.14 15:39:02.577,1.00887,1.00903,2.44,1.50
2013.02.14 15:39:04.368,1.00887,1.00903,1.73,2.93
2013.02.14 15:39:04.427,1.00887,1.009,1.73,1.43
2013.02.14 15:39:04.548,1.00884,1.009,1.50,1.43
2013.02.14 15:39:04.858,1.00883,1.00899,1.73,1.50
2013.02.14 15:39:05.519,1.00885,1.009,2.07,1.43
2013.02.14 15:39:06.079,1.00885,1.009,2.07,2.18
2013.02.14 15:39:06.745,1.00885,1.009,2.07,2.18
2013.02.14 15:39:06.809,1.00885,1.009,2.07,2.18
2013.02.14 15:39:07.498,1.00887,1.009,1.50,2.18
2013.02.14 15:39:08.537,1.00885,1.009,2.07,1.43
2013.02.14 15:39:09.100,1.00885,1.009,2.07,2.18
2013.02.14 15:39:09.757,1.00885,1.009,1.50,2.18
2013.02.14 15:39:09.998,1.00885,1.009,2.07,1.43
2013.02.14 15:39:10.118,1.00885,1.00902,2.07,3.38
2013.02.14 15:39:12.188,1.00886,1.00902,1.50,2.18
2013.02.14 15:39:12.248,1.00886,1.009,1.50,1.43
2013.02.14 15:39:12.767,1.00885,1.009,1.65,2.18
2013.02.14 15:39:13.317,1.00885,1.009,1.65,2.18
2013.02.14 15:39:14.849,1.00885,1.00902,1.65,3.30
2013.02.14 15:39:16.038,1.00886,1.00902,1.50,2.93
2013.02.14 15:39:17.468,1.00885,1.00902,1.50,2.18
2013.02.14 15:39:18.139,1.00886,1.00901,1.50,1.50
2013.02.14 15:39:18.611,1.00886,1.00902,2.25,2.18
2013.02.14 15:39:18.917,1.00888,1.00902,1.80,1.43
2013.02.14 15:39:19.099,1.00891,1.00902,1.50,1.43
2013.02.14 15:39:19.170,1.00892,1.00906,1.50,1.43
2013.02.14 15:39:19.302,1.00893,1.00906,1.35,1.43
2013.02.14 15:39:19.609,1.00901,1.00908,1.50,1.50
2013.02.14 15:39:20.457,1.00902,1.00917,2.18,1.50
2013.02.14 15:39:20.661,1.00902,1.00917,2.18,1.50
2013.02.14 15:39:21.338,1.00902,1.00917,2.18,1.50
2013.02.14 15:39:22.280,1.00901,1.00917,1.50,2.18
2013.02.14 15:39:27.057,1.00901,1.00916,1.50,1.43
2013.02.14 15:39:27.480,1.00897,1.00914,3.08,1.05
2013.02.14 15:39:28.038,1.00897,1.00914,2.93,1.05
2013.02.14 15:39:28.927,1.00897,1.00913,2.93,1.05
2013.02.14 15:39:31.769,1.00897,1.00914,1.50,2.03
2013.02.14 15:39:32.413,1.00896,1.00914,2.18,1.28
2013.02.14 15:39:32.717,1.00891,1.00907,1.50,2.78
2013.02.14 15:39:32.990,1.00888,1.00907,1.80,1.28
2013.02.14 15:39:33.388,1.00888,1.00907,2.18,1.80
2013.02.14 15:39:34.077,1.00888,1.00907,2.18,1.80
2013.02.14 15:39:34.146,1.00883,1.00902,2.18,2.03
2013.02.14 15:39:34.285,1.00883,1.00902,2.18,2.03
2013.02.14 15:39:35.065,1.00883,1.00902,1.43,2.03
2013.02.14 15:39:36.999,1.00882,1.009,3.68,1.28
2013.02.14 15:39:37.529,1.0088,1.00897,1.50,1.28
2013.02.14 15:39:37.839,1.00878,1.00897,1.50,2.70
2013.02.14 15:39:37.908,1.00879,1.00897,1.50,2.70
2013.02.14 15:39:38.415,1.00879,1.00897,1.50,2.70
2013.02.14 15:39:38.777,1.00876,1.00895,1.50,1.28
2013.02.14 15:39:39.298,1.00873,1.00894,1.50,4.95
2013.02.14 15:39:39.657,1.00875,1.00894,2.93,1.28
2013.02.14 15:39:40.249,1.00874,1.00893,1.50,5.18
2013.02.14 15:39:42.237,1.00874,1.00893,1.50,4.43
2013.02.14 15:39:42.858,1.00874,1.00892,1.50,1.50
2013.02.14 15:39:45.177,1.00874,1.00892,1.50,1.50
2013.02.14 15:39:46.005,1.00874,1.00891,1.50,2.18
2013.02.14 15:39:46.081,1.00874,1.00891,1.50,2.93
2013.02.14 15:39:46.297,1.00874,1.00891,1.50,2.18
2013.02.14 15:39:50.552,1.00871,1.00888,1.65,2.18
2013.02.14 15:39:50.870,1.00868,1.00884,1.35,1.43
2013.02.14 15:39:51.179,1.00864,1.0088,1.50,1.43
2013.02.14 15:39:51.777,1.00862,1.0088,1.50,2.18
2013.02.14 15:39:53.550,1.00862,1.0088,2.25,3.68
2013.02.14 15:39:53.678,1.00862,1.00878,1.50,1.43
2013.02.14 15:39:55.847,1.00862,1.00881,1.50,2.18
2013.02.14 15:39:56.808,1.00861,1.00881,2.93,4.13
2013.02.14 15:39:57.368,1.00862,1.00879,1.50,2.70
2013.02.14 15:39:58.518,1.00861,1.00879,1.43,2.70
2013.02.14 15:39:59.077,1.00862,1.00881,1.50,2.18
2013.02.14 15:40:01.468,1.00863,1.00881,1.50,2.18
2013.02.14 15:40:01.588,1.00865,1.00881,1.05,2.18
2013.02.14 15:40:01.768,1.00861,1.00881,4.43,4.43
2013.02.14 15:40:02.074,1.00862,1.00881,1.50,1.05
2013.02.14 15:40:02.198,1.00861,1.0088,2.25,2.85
2013.02.14 15:40:02.975,1.00861,1.00879,1.50,1.50
2013.02.14 15:40:03.758,1.00865,1.00879,1.24,1.50
2013.02.14 15:40:03.878,1.00864,1.00881,1.43,3.00
2013.02.14 15:40:03.997,1.00864,1.00882,1.50,1.50
2013.02.14 15:40:04.118,1.00862,1.00883,1.50,2.18
2013.02.14 15:40:04.178,1.00862,1.00882,1.50,1.50
2013.02.14 15:40:04.478,1.00862,1.00874,1.50,1.50
2013.02.14 15:40:04.538,1.00857,1.00873,2.93,1.43
2013.02.14 15:40:04.723,1.00856,1.00869,1.50,1.50
2013.02.14 15:40:04.787,1.00853,1.00869,2.18,1.50
2013.02.14 15:40:04.847,1.00853,1.00873,2.18,5.29
2013.02.14 15:40:04.908,1.00851,1.0087,3.68,2.18
2013.02.14 15:40:05.448,1.00851,1.00869,2.93,1.50
2013.02.14 15:40:05.809,1.00848,1.00866,1.13,1.28
2013.02.14 15:40:06.177,1.0085,1.00865,1.43,1.05
2013.02.14 15:40:06.597,1.00851,1.00867,2.18,2.25
2013.02.14 15:40:06.658,1.00851,1.00865,2.18,1.50
2013.02.14 15:40:07.018,1.00846,1.00861,1.50,1.50
2013.02.14 15:40:07.378,1.00842,1.00859,3.08,1.50
2013.02.14 15:40:07.497,1.00845,1.00861,2.18,1.50
2013.02.14 15:40:08.056,1.00845,1.00861,1.43,2.25
2013.02.14 15:40:08.748,1.00847,1.00865,2.18,1.50
2013.02.14 15:40:08.868,1.00851,1.00867,1.35,1.73
2013.02.14 15:40:09.048,1.00851,1.00869,1.43,3.00
2013.02.14 15:40:09.179,1.0085,1.00868,1.43,2.25
2013.02.14 15:40:09.298,1.0085,1.00865,1.43,1.50
2013.02.14 15:40:09.539,1.0085,1.00869,1.43,1.43
2013.02.14 15:40:09.729,1.0085,1.00869,2.18,1.43
2013.02.14 15:40:10.492,1.00855,1.00873,2.93,2.93
2013.02.14 15:40:10.643,1.00855,1.00874,3.08,3.00
2013.02.14 15:40:11.197,1.00856,1.00874,2.85,1.50
2013.02.14 15:40:11.715,1.00857,1.00875,1.99,2.18
2013.02.14 15:40:11.779,1.00858,1.00875,1.43,2.18
2013.02.14 15:40:12.359,1.00858,1.00875,1.43,2.18
2013.02.14 15:40:12.678,1.0086,1.00879,1.50,2.93
2013.02.14 15:40:12.987,1.00864,1.0088,1.43,2.25
2013.02.14 15:40:13.108,1.00864,1.0088,1.43,2.25
2013.02.14 15:40:13.527,1.00864,1.0088,2.18,1.50
2013.02.14 15:40:13.711,1.00864,1.00882,3.68,2.25
2013.02.14 15:40:14.267,1.00864,1.00882,1.50,1.50
2013.02.14 15:40:14.937,1.00864,1.00882,2.25,2.25
2013.02.14 15:40:14.998,1.00865,1.00882,2.85,1.50
2013.02.14 15:40:15.117,1.00865,1.00882,1.43,2.25
2013.02.14 15:40:15.748,1.00864,1.00882,1.50,1.50
2013.02.14 15:40:16.878,1.00867,1.00882,1.32,1.50
2013.02.14 15:40:16.937,1.00865,1.00882,1.32,1.50
2013.02.14 15:40:17.179,1.00868,1.00883,1.50,1.73
2013.02.14 15:40:17.489,1.00882,1.00891,1.50,1.28
2013.02.14 15:40:17.609,1.00884,1.00895,1.35,1.32
2013.02.14 15:40:18.158,1.00891,1.00905,1.35,3.42
2013.02.14 15:40:18.529,1.00892,1.00906,2.10,3.94
2013.02.14 15:40:18.601,1.00893,1.00905,1.35,3.94
2013.02.14 15:40:18.670,1.00895,1.00905,2.10,3.19
2013.02.14 15:40:18.740,1.00895,1.00914,3.42,1.43
2013.02.14 15:40:18.868,1.00897,1.00915,2.10,2.85
2013.02.14 15:40:19.238,1.00898,1.00916,2.85,1.43
2013.02.14 15:40:19.489,1.00899,1.00917,2.10,1.43
2013.02.14 15:40:20.867,1.00899,1.00916,1.43,4.28
2013.02.14 15:40:21.407,1.00897,1.00915,2.10,1.35
2013.02.14 15:40:21.858,1.00895,1.00913,2.25,2.25
2013.02.14 15:40:22.344,1.00894,1.00912,2.18,1.65
2013.02.14 15:40:22.425,1.00891,1.00906,1.50,2.48
2013.02.14 15:40:23.403,1.00893,1.00908,1.24,2.18
2013.02.14 15:40:23.550,1.00893,1.00913,4.02,3.00
2013.02.14 15:40:23.736,1.00894,1.00913,1.43,1.50
2013.02.14 15:40:23.857,1.00894,1.00914,2.18,1.43
2013.02.14 15:40:25.410,1.00897,1.00912,1.05,1.43
2013.02.14 15:40:25.717,1.00892,1.00904,1.50,1.35
2013.02.14 15:40:25.777,1.0089,1.00906,1.50,1.35
2013.02.14 15:40:25.958,1.00888,1.00906,2.18,2.10
2013.02.14 15:40:26.377,1.00887,1.00904,3.53,2.85
2013.02.14 15:40:27.778,1.00887,1.00904,2.18,3.60
2013.02.14 15:40:28.138,1.00882,1.00896,1.43,1.43
2013.02.14 15:40:28.568,1.00881,1.00896,1.47,1.43
2013.02.14 15:40:28.628,1.00881,1.00896,1.47,1.43
2013.02.14 15:40:29.058,1.00883,1.00898,1.50,1.50
2013.02.14 15:40:29.117,1.00883,1.00898,1.50,1.50
2013.02.14 15:40:29.238,1.00883,1.00898,1.50,1.50
2013.02.14 15:40:29.299,1.00882,1.00898,1.50,2.18
2013.02.14 15:40:29.748,1.00881,1.00897,1.50,1.43
2013.02.14 15:40:30.788,1.00882,1.00897,1.32,1.43
2013.02.14 15:40:31.148,1.00884,1.00899,1.35,2.18
2013.02.14 15:40:31.391,1.0088,1.00898,1.65,1.43
2013.02.14 15:40:31.958,1.0088,1.00898,1.65,1.43
2013.02.14 15:40:32.715,1.0088,1.00898,1.65,1.43
2013.02.14 15:40:33.119,1.00883,1.00898,1.32,1.43
2013.02.14 15:40:33.357,1.00882,1.00898,1.65,2.18
2013.02.14 15:40:34.940,1.00883,1.00898,1.32,2.93
2013.02.14 15:40:35.072,1.00883,1.00898,1.50,2.93
2013.02.14 15:40:35.138,1.00883,1.00898,1.50,1.50
2013.02.14 15:40:35.258,1.00883,1.009,1.50,2.93
2013.02.14 15:40:35.907,1.00882,1.00898,1.50,1.50
2013.02.14 15:40:37.538,1.00882,1.00898,3.49,1.50
2013.02.14 15:40:37.837,1.00881,1.009,1.65,2.18
2013.02.14 15:40:39.368,1.00882,1.00901,1.50,1.73
2013.02.14 15:40:40.027,1.0088,1.009,3.68,1.50
2013.02.14 15:40:40.148,1.00881,1.00898,1.50,1.43
2013.02.14 15:40:40.577,1.00881,1.00899,1.50,2.93
2013.02.14 15:40:40.967,1.00881,1.00898,1.50,1.50
2013.02.14 15:40:44.219,1.00884,1.00898,1.43,1.50
2013.02.14 15:40:44.398,1.00884,1.00901,2.85,3.00
2013.02.14 15:40:44.457,1.00883,1.009,2.18,1.43
2013.02.14 15:40:45.094,1.00881,1.00899,2.18,2.25
2013.02.14 15:40:45.619,1.00883,1.00901,1.50,1.50
2013.02.14 15:40:45.920,1.0088,1.00899,1.65,3.00
2013.02.14 15:40:46.478,1.00879,1.00897,1.65,2.25
2013.02.14 15:40:46.539,1.00878,1.00894,2.18,1.50
2013.02.14 15:40:46.598,1.00877,1.00894,3.00,1.50
2013.02.14 15:40:46.897,1.00875,1.00894,2.93,2.25
2013.02.14 15:40:47.078,1.00875,1.00894,2.33,2.25
2013.02.14 15:40:47.498,1.00872,1.00891,3.98,3.00
2013.02.14 15:40:47.565,1.00872,1.00891,3.98,3.00
2013.02.14 15:40:48.009,1.00877,1.0089,1.43,1.50
2013.02.14 15:40:48.258,1.00877,1.00893,1.43,1.50
2013.02.14 15:40:48.798,1.00877,1.00893,1.43,1.50
2013.02.14 15:40:49.399,1.00875,1.00893,1.50,1.50
2013.02.14 15:40:49.649,1.00875,1.00894,1.50,2.18
2013.02.14 15:40:49.718,1.00874,1.00894,4.50,4.13
2013.02.14 15:40:50.228,1.00876,1.00893,1.43,2.25
2013.02.14 15:40:50.731,1.00876,1.00893,2.18,1.50
2013.02.14 15:40:51.970,1.00876,1.00892,2.18,2.25
2013.02.14 15:40:52.277,1.00877,1.00896,5.03,4.43
2013.02.14 15:40:52.578,1.00882,1.00896,1.43,2.18
2013.02.14 15:40:53.145,1.00882,1.00896,1.43,1.43
2013.02.14 15:40:53.483,1.00876,1.00894,2.18,1.20
2013.02.14 15:40:53.552,1.00876,1.00894,2.18,1.20
2013.02.14 15:40:53.679,1.00876,1.00893,2.18,1.50
2013.02.14 15:40:54.578,1.00876,1.00893,2.18,3.00
2013.02.14 15:40:54.697,1.00876,1.00893,2.18,1.20
2013.02.14 15:40:55.027,1.00876,1.00893,2.18,2.25
2013.02.14 15:40:55.390,1.00877,1.00894,1.50,1.50
2013.02.14 15:40:55.997,1.00877,1.00893,1.50,1.50
2013.02.14 15:40:56.299,1.00878,1.00894,1.77,1.50
2013.02.14 15:40:56.421,1.00882,1.00897,1.32,1.50
2013.02.14 15:40:56.488,1.00883,1.00901,2.18,1.20
2013.02.14 15:40:56.739,1.00885,1.00902,2.74,2.93
2013.02.14 15:40:57.097,1.00888,1.00902,1.43,1.43
2013.02.14 15:40:57.508,1.00888,1.00905,1.43,2.25
2013.02.14 15:40:57.627,1.0089,1.00905,1.35,1.50
2013.02.14 15:40:57.748,1.00892,1.00909,1.43,1.50
2013.02.14 15:40:57.938,1.00894,1.00909,1.43,1.50
2013.02.14 15:40:58.357,1.00897,1.00911,1.43,1.50
2013.02.14 15:40:58.537,1.00897,1.00915,2.18,4.50
2013.02.14 15:40:58.998,1.00898,1.00915,2.18,1.50
2013.02.14 15:40:59.058,1.009,1.00916,1.43,1.50
2013.02.14 15:40:59.431,1.00902,1.00917,1.43,1.50
2013.02.14 15:40:59.978,1.00901,1.00917,1.50,1.50
2013.02.14 15:41:03.360,1.00901,1.00919,3.45,1.50
2013.02.14 15:41:03.679,1.00905,1.00919,1.58,1.50
2013.02.14 15:41:03.987,1.0091,1.00922,1.43,1.50
2013.02.14 15:41:04.548,1.0091,1.00924,1.43,1.50
2013.02.14 15:41:04.636,1.00913,1.00929,1.05,1.50
2013.02.14 15:41:04.843,1.00913,1.00929,1.05,1.50
2013.02.14 15:41:04.969,1.00912,1.00932,2.33,3.00
2013.02.14 15:41:07.950,1.0091,1.00929,1.50,2.07
2013.02.14 15:41:08.018,1.00908,1.00927,2.18,3.68
2013.02.14 15:41:08.137,1.00909,1.00927,1.50,3.68
2013.02.14 15:41:08.257,1.00909,1.00927,1.50,2.18
2013.02.14 15:41:08.718,1.00913,1.00931,1.50,3.68
2013.02.14 15:41:08.898,1.00915,1.00932,1.50,1.43
2013.02.14 15:41:09.597,1.00916,1.00933,1.50,2.18
2013.02.14 15:41:09.778,1.00919,1.00935,1.43,2.18
2013.02.14 15:41:10.018,1.0092,1.00938,2.18,2.25
2013.02.14 15:41:10.668,1.0092,1.00939,2.33,1.50
2013.02.14 15:41:11.217,1.00924,1.00939,1.43,1.50
2013.02.14 15:41:11.759,1.00921,1.0094,1.50,3.75
2013.02.14 15:41:12.312,1.0092,1.00937,2.93,1.65
2013.02.14 15:41:12.381,1.0092,1.00935,1.50,1.95
2013.02.14 15:41:12.518,1.00915,1.00934,2.18,1.28
2013.02.14 15:41:12.579,1.00912,1.00933,2.82,2.93
2013.02.14 15:41:12.700,1.00916,1.00933,1.50,2.93
2013.02.14 15:41:12.767,1.00916,1.00933,1.50,3.45
2013.02.14 15:41:15.359,1.00918,1.00935,2.18,1.50
2013.02.14 15:41:15.659,1.00919,1.00937,1.50,3.00
2013.02.14 15:41:16.079,1.00918,1.00936,2.18,2.63
2013.02.14 15:41:16.652,1.00917,1.00935,2.82,4.43
2013.02.14 15:41:16.740,1.0092,1.00935,1.32,3.53
2013.02.14 15:41:16.990,1.00917,1.00935,2.25,4.20
2013.02.14 15:41:17.508,1.00917,1.00936,2.07,2.25
2013.02.14 15:41:17.568,1.00919,1.00938,2.33,2.25
2013.02.14 15:41:17.629,1.00919,1.00937,2.93,1.50
2013.02.14 15:41:18.135,1.00919,1.00937,2.93,1.50
2013.02.14 15:41:18.237,1.00919,1.00938,2.93,3.00
2013.02.14 15:41:19.619,1.00921,1.00937,1.32,1.50
2013.02.14 15:41:19.739,1.00925,1.00937,1.43,1.50
2013.02.14 15:41:20.265,1.00924,1.00938,1.43,1.28
2013.02.14 15:41:26.360,1.00927,1.00944,2.25,2.70
2013.02.14 15:41:26.429,1.00931,1.00945,1.43,2.18
2013.02.14 15:41:26.607,1.00931,1.00948,1.99,3.45
2013.02.14 15:41:27.137,1.00932,1.0095,1.50,2.93
2013.02.14 15:41:28.139,1.00933,1.00949,1.43,1.80
2013.02.14 15:41:28.497,1.00928,1.00944,1.99,2.48
2013.02.14 15:41:28.821,1.00927,1.00942,1.50,1.05
2013.02.14 15:41:29.437,1.00928,1.00944,1.43,3.45
2013.02.14 15:41:29.568,1.00932,1.00946,1.35,2.18
2013.02.14 15:41:29.630,1.00932,1.00946,2.10,1.43
2013.02.14 15:41:29.698,1.00932,1.00949,2.10,2.03
2013.02.14 15:41:29.878,1.00932,1.00948,1.43,1.28
2013.02.14 15:41:30.399,1.00933,1.00949,1.35,1.50
2013.02.14 15:41:30.959,1.00934,1.0095,2.85,2.03
2013.02.14 15:41:32.020,1.00932,1.00949,1.58,2.70
2013.02.14 15:41:32.449,1.00931,1.00947,2.93,1.05
2013.02.14 15:41:32.629,1.00928,1.00945,3.60,1.09
2013.02.14 15:41:32.751,1.00928,1.00942,2.18,1.50
2013.02.14 15:41:33.058,1.00921,1.00933,1.50,1.43
2013.02.14 15:41:33.119,1.0092,1.00933,1.32,1.43
2013.02.14 15:41:33.632,1.0092,1.00932,1.32,1.43
2013.02.14 15:41:33.959,1.00916,1.00932,1.50,2.18
2013.02.14 15:41:34.418,1.00916,1.00933,1.50,1.50
2013.02.14 15:41:34.599,1.00922,1.00934,1.50,1.50
2013.02.14 15:41:34.911,1.00926,1.00935,1.50,2.18
2013.02.14 15:41:35.500,1.00929,1.00943,2.18,1.65
2013.02.14 15:41:35.824,1.00927,1.00942,2.25,2.63
2013.02.14 15:41:35.975,1.00931,1.00947,1.43,2.78
2013.02.14 15:41:36.081,1.00929,1.00944,2.18,2.03
2013.02.14 15:41:36.208,1.00931,1.00947,1.43,2.25
2013.02.14 15:41:36.307,1.00931,1.00947,1.43,1.50
2013.02.14 15:41:36.563,1.00931,1.00947,1.43,1.50
2013.02.14 15:41:37.219,1.00929,1.00947,2.18,1.50
2013.02.14 15:41:37.338,1.00928,1.00948,2.93,2.25
2013.02.14 15:41:37.639,1.00928,1.00947,2.18,3.00
2013.02.14 15:41:37.758,1.00928,1.00947,2.93,1.50
2013.02.14 15:41:38.060,1.00928,1.00947,2.18,2.25
2013.02.14 15:41:38.128,1.00929,1.00947,1.50,2.25
2013.02.14 15:41:40.211,1.00932,1.00947,1.43,2.25
2013.02.14 15:41:40.748,1.00932,1.00947,1.43,4.35
2013.02.14 15:41:40.987,1.00932,1.00948,1.43,1.50
2013.02.14 15:41:42.918,1.0093,1.00947,1.43,1.50
2013.02.14 15:41:43.349,1.00929,1.00942,2.18,1.50
2013.02.14 15:41:43.539,1.00923,1.00942,1.50,1.80
2013.02.14 15:41:43.840,1.00922,1.0094,2.18,2.25
2013.02.14 15:41:44.208,1.00926,1.0094,1.43,1.50
2013.02.14 15:41:44.811,1.00927,1.00944,2.18,1.50
2013.02.14 15:41:49.209,1.00923,1.00942,2.18,2.25
2013.02.14 15:41:49.278,1.00923,1.00937,2.40,2.25
2013.02.14 15:41:49.398,1.00925,1.00941,1.50,1.50
2013.02.14 15:41:49.529,1.00931,1.00941,1.43,1.50
2013.02.14 15:41:49.648,1.00931,1.00946,2.93,2.25
2013.02.14 15:41:49.768,1.00931,1.00948,3.15,3.00
2013.02.14 15:41:49.828,1.00931,1.00949,2.93,2.93
2013.02.14 15:41:49.948,1.00931,1.00946,1.50,1.50
2013.02.14 15:41:50.131,1.00927,1.00946,2.18,2.25
2013.02.14 15:41:50.733,1.00927,1.00945,2.33,1.50
2013.02.14 15:41:52.367,1.00928,1.00946,1.50,2.25
2013.02.14 15:41:53.613,1.00928,1.00948,2.18,3.75
2013.02.14 15:41:53.878,1.00932,1.0095,1.50,1.43
2013.02.14 15:41:54.419,1.00931,1.00949,1.50,2.18
2013.02.14 15:41:54.927,1.00931,1.00949,1.50,2.18
2013.02.14 15:41:55.438,1.00931,1.00949,1.50,2.93
2013.02.14 15:41:58.028,1.0093,1.00948,2.18,1.50
2013.02.14 15:41:59.448,1.0093,1.00948,2.93,1.50
2013.02.14 15:42:00.408,1.00931,1.00948,1.73,1.50
2013.02.14 15:42:00.768,1.00928,1.00945,1.50,2.18
2013.02.14 15:42:00.888,1.00928,1.00944,1.50,2.70
2013.02.14 15:42:01.479,1.00926,1.00944,1.50,2.70
2013.02.14 15:42:01.722,1.00923,1.00937,1.50,2.25
2013.02.14 15:42:01.970,1.00919,1.00936,2.33,1.50
2013.02.14 15:42:02.157,1.00919,1.00937,2.33,1.50
2013.02.14 15:42:02.788,1.00922,1.00937,1.43,1.50
2013.02.14 15:42:02.909,1.00927,1.00943,1.50,1.80
2013.02.14 15:42:03.028,1.00927,1.00943,1.50,1.05
2013.02.14 15:42:03.909,1.00927,1.00943,1.50,1.80
2013.02.14 15:42:04.028,1.00926,1.00942,2.18,1.05
2013.02.14 15:42:04.587,1.00926,1.00943,2.18,2.78
2013.02.14 15:42:05.308,1.00926,1.00943,2.18,2.78
2013.02.14 15:42:05.828,1.00927,1.00945,1.50,2.25
2013.02.14 15:42:05.888,1.00929,1.00945,1.50,1.50
2013.02.14 15:42:06.689,1.00931,1.00948,1.43,2.25
2013.02.14 15:42:07.314,1.00931,1.00948,2.18,1.50
2013.02.14 15:42:07.587,1.00931,1.00948,2.18,1.50
2013.02.14 15:42:08.161,1.00933,1.00948,1.50,1.50
2013.02.14 15:42:08.471,1.00938,1.00951,1.58,1.32
2013.02.14 15:42:08.553,1.00938,1.00956,2.33,1.50
2013.02.14 15:42:08.754,1.00941,1.00957,1.43,1.50
2013.02.14 15:42:09.428,1.00937,1.00956,3.23,1.80
2013.02.14 15:42:09.968,1.0094,1.00958,2.93,2.25
2013.02.14 15:42:17.308,1.00937,1.00957,3.08,5.48
2013.02.14 15:42:17.994,1.00939,1.00957,1.50,3.53
2013.02.14 15:42:19.060,1.00941,1.00957,1.43,2.10
2013.02.14 15:42:19.377,1.00943,1.00957,1.43,1.50
2013.02.14 15:42:20.838,1.00945,1.00958,1.43,1.50
2013.02.14 15:42:21.088,1.00945,1.00959,1.43,1.50
2013.02.14 15:42:21.150,1.00949,1.00959,1.43,1.50
2013.02.14 15:42:21.218,1.00949,1.0096,1.43,1.50
2013.02.14 15:42:21.280,1.00949,1.00961,1.43,1.50
2013.02.14 15:42:21.647,1.0095,1.00964,1.43,2.25
2013.02.14 15:42:23.438,1.0095,1.00967,1.43,2.25
2013.02.14 15:42:25.057,1.00949,1.00966,1.43,1.50
2013.02.14 15:42:28.158,1.00949,1.00966,1.05,1.50
2013.02.14 15:42:30.068,1.00949,1.00967,1.43,2.25
2013.02.14 15:42:30.357,1.00949,1.00967,2.18,2.25
2013.02.14 15:42:30.538,1.00949,1.00967,1.43,2.25
2013.02.14 15:42:30.660,1.00949,1.00967,1.58,2.25
2013.02.14 15:42:30.789,1.00951,1.00967,2.25,1.50
2013.02.14 15:42:30.910,1.00953,1.00969,1.50,1.50
2013.02.14 15:42:31.458,1.00952,1.0097,2.18,1.50
2013.02.14 15:42:31.878,1.00956,1.00969,1.43,1.50
2013.02.14 15:42:32.446,1.00959,1.00973,2.18,1.50
2013.02.14 15:42:32.577,1.00959,1.00973,2.18,1.50
2013.02.14 15:42:32.958,1.00955,1.00971,2.18,1.65
2013.02.14 15:42:33.079,1.00952,1.0097,2.18,1.50
2013.02.14 15:42:33.619,1.00952,1.0097,2.18,1.50
2013.02.14 15:42:38.088,1.00952,1.00969,2.93,1.50
2013.02.14 15:42:38.682,1.00952,1.00969,2.93,1.50
2013.02.14 15:42:40.868,1.00952,1.0097,3.68,1.50
2013.02.14 15:42:41.601,1.00953,1.00971,1.50,1.50
2013.02.14 15:42:42.107,1.00953,1.00972,1.50,3.60
2013.02.14 15:42:42.228,1.00953,1.00972,2.93,3.60
2013.02.14 15:42:42.770,1.00956,1.00972,2.85,1.50
2013.02.14 15:42:43.078,1.00961,1.00976,1.43,2.25
2013.02.14 15:42:44.699,1.00964,1.00978,2.10,1.50
2013.02.14 15:42:45.010,1.00967,1.00984,2.18,1.50
2013.02.14 15:42:46.377,1.00967,1.00984,2.18,1.50
2013.02.14 15:42:46.997,1.00967,1.00984,2.18,1.50
2013.02.14 15:42:47.513,1.00964,1.00981,2.18,1.50
2013.02.14 15:42:47.887,1.00964,1.00981,2.18,1.50
2013.02.14 15:42:48.498,1.00964,1.00981,2.18,1.50
2013.02.14 15:42:48.773,1.00962,1.00975,2.18,1.50
2013.02.14 15:42:49.080,1.00961,1.00968,1.43,2.25
2013.02.14 15:42:49.152,1.00959,1.00968,1.43,2.25
2013.02.14 15:42:49.219,1.00956,1.00968,1.50,2.25
2013.02.14 15:42:49.337,1.00951,1.00968,1.13,4.43
2013.02.14 15:42:50.409,1.00948,1.00966,2.18,2.25
2013.02.14 15:42:52.070,1.00952,1.00965,1.50,2.18
2013.02.14 15:42:52.199,1.00953,1.00967,1.32,1.50
2013.02.14 15:42:52.689,1.00953,1.0097,2.18,1.50
2013.02.14 15:42:52.880,1.00953,1.0097,2.18,1.50
2013.02.14 15:42:53.434,1.00953,1.00972,2.93,1.50
2013.02.14 15:42:53.979,1.00953,1.00968,2.18,1.05
2013.02.14 15:42:54.288,1.0095,1.0096,2.93,1.50
2013.02.14 15:42:54.469,1.00944,1.0096,1.50,1.05
2013.02.14 15:42:54.982,1.00941,1.0096,2.25,1.80
2013.02.14 15:42:56.408,1.00941,1.00958,1.50,1.28
2013.02.14 15:42:57.278,1.00945,1.00959,1.50,2.18
2013.02.14 15:42:57.845,1.00952,1.00967,2.18,1.13
2013.02.14 15:42:58.380,1.00951,1.00965,1.43,2.10
2013.02.14 15:42:58.508,1.00952,1.00968,1.43,3.15
2013.02.14 15:42:58.729,1.00952,1.00968,2.18,3.15
2013.02.14 15:42:58.969,1.00952,1.00969,2.25,1.28
2013.02.14 15:42:59.088,1.00952,1.00969,2.25,1.28
2013.02.14 15:42:59.269,1.00953,1.00969,1.50,1.28
2013.02.14 15:42:59.706,1.00954,1.00969,1.50,1.05
2013.02.14 15:43:00.318,1.00958,1.0097,2.93,1.28
2013.02.14 15:43:00.383,1.00958,1.00969,2.18,1.13
2013.02.14 15:43:00.570,1.00955,1.00969,1.50,3.45
2013.02.14 15:43:01.418,1.00954,1.0097,1.50,1.50
2013.02.14 15:43:01.540,1.00956,1.00972,1.50,1.50
2013.02.14 15:43:01.728,1.00956,1.00973,2.25,1.50
2013.02.14 15:43:02.029,1.00955,1.00969,2.18,1.50
2013.02.14 15:43:02.209,1.00951,1.00967,1.50,1.43
2013.02.14 15:43:02.399,1.0095,1.00968,2.93,3.30
2013.02.14 15:43:03.249,1.00948,1.00964,1.50,2.18
2013.02.14 15:43:03.608,1.00945,1.00961,2.18,2.03
2013.02.14 15:43:04.118,1.00943,1.00959,1.50,1.43
2013.02.14 15:43:05.031,1.00941,1.00958,1.50,1.28
2013.02.14 15:43:05.650,1.00941,1.00958,1.50,2.55
2013.02.14 15:43:06.470,1.00941,1.00957,1.50,2.03
2013.02.14 15:43:09.088,1.0094,1.00954,1.50,1.50
2013.02.14 15:43:09.148,1.00938,1.00954,2.18,1.50
2013.02.14 15:43:09.508,1.00937,1.00954,1.50,2.93
2013.02.14 15:43:09.867,1.00937,1.00951,1.50,1.50
2013.02.14 15:43:10.648,1.00938,1.00953,1.99,1.50
2013.02.14 15:43:10.767,1.0094,1.00955,1.50,1.73
2013.02.14 15:43:10.828,1.0094,1.00957,1.50,3.15
2013.02.14 15:43:11.257,1.0094,1.00957,1.50,3.15
2013.02.14 15:43:11.628,1.00944,1.00958,1.32,2.25
2013.02.14 15:43:11.811,1.00944,1.0096,2.07,2.18
2013.02.14 15:43:11.878,1.00944,1.0096,1.50,2.18
2013.02.14 15:43:12.420,1.00948,1.00963,1.32,1.50
2013.02.14 15:43:12.729,1.00948,1.00964,1.32,2.93
2013.02.14 15:43:12.917,1.00948,1.00964,2.07,2.93
2013.02.14 15:43:14.250,1.00941,1.00961,4.99,1.50
2013.02.14 15:43:14.318,1.00941,1.00961,4.99,1.50
2013.02.14 15:43:15.049,1.00943,1.0096,1.50,2.25
2013.02.14 15:43:15.120,1.00943,1.00957,1.50,3.00
2013.02.14 15:43:15.309,1.00937,1.0095,1.50,1.43
2013.02.14 15:43:15.437,1.00935,1.00952,1.32,1.95
2013.02.14 15:43:15.931,1.00937,1.00953,1.50,1.28
2013.02.14 15:43:16.005,1.00934,1.00953,1.32,2.78
2013.02.14 15:43:16.142,1.00937,1.00952,1.50,1.43
2013.02.14 15:43:16.212,1.00933,1.00951,2.74,1.95
2013.02.14 15:43:17.946,1.00935,1.0095,1.50,1.28
2013.02.14 15:43:18.506,1.00934,1.00951,1.50,2.70
2013.02.14 15:43:19.028,1.00937,1.00953,2.25,2.03
2013.02.14 15:43:19.088,1.00937,1.00952,1.50,1.50
2013.02.14 15:43:19.159,1.00937,1.0095,1.50,1.43
2013.02.14 15:43:21.293,1.00934,1.00948,1.32,1.43
2013.02.14 15:43:21.679,1.00934,1.00948,1.32,1.43
2013.02.14 15:43:23.122,1.00937,1.00951,1.50,1.95
2013.02.14 15:43:23.190,1.00937,1.00951,2.18,1.43
2013.02.14 15:43:23.501,1.00942,1.00953,1.50,1.43
2013.02.14 15:43:23.569,1.00942,1.00957,2.18,1.50
2013.02.14 15:43:23.760,1.00943,1.0096,1.50,1.50
2013.02.14 15:43:24.278,1.00945,1.00961,2.18,1.50
2013.02.14 15:43:24.964,1.00945,1.00961,2.18,2.10
2013.02.14 15:43:25.278,1.00941,1.00958,1.32,1.50
2013.02.14 15:43:25.397,1.00941,1.00958,1.32,1.50
2013.02.14 15:43:25.947,1.00941,1.00958,1.32,1.50
2013.02.14 15:43:26.919,1.00943,1.0096,2.25,1.50
2013.02.14 15:43:26.979,1.00946,1.00963,1.43,2.25
2013.02.14 15:43:27.048,1.00947,1.00964,1.50,2.25
2013.02.14 15:43:27.588,1.00946,1.00966,2.93,3.68
2013.02.14 15:43:27.651,1.00946,1.00964,2.18,1.50
2013.02.14 15:43:27.726,1.00946,1.00963,2.18,2.18
2013.02.14 15:43:28.219,1.0094,1.00956,1.50,1.43
2013.02.14 15:43:30.248,1.00939,1.00953,1.32,1.50
2013.02.14 15:43:30.368,1.00936,1.00953,1.50,2.25
2013.02.14 15:43:30.939,1.00932,1.0095,1.50,1.05
2013.02.14 15:43:31.989,1.00932,1.0095,1.50,1.80
2013.02.14 15:43:33.318,1.00933,1.00951,2.18,1.50
2013.02.14 15:43:33.852,1.00935,1.0095,1.43,1.50
2013.02.14 15:43:34.748,1.00935,1.0095,2.93,1.50
2013.02.14 15:43:35.050,1.00943,1.00956,1.50,1.50
2013.02.14 15:43:35.110,1.00948,1.00961,2.18,1.65
2013.02.14 15:43:35.181,1.00948,1.00961,1.43,1.65
2013.02.14 15:43:35.309,1.0095,1.00964,1.35,1.50
2013.02.14 15:43:35.619,1.00954,1.00967,4.43,1.05
2013.02.14 15:43:35.740,1.00959,1.00967,1.43,1.05
2013.02.14 15:43:36.171,1.00957,1.00967,1.50,1.05
2013.02.14 15:43:36.238,1.00957,1.00967,2.25,1.05
2013.02.14 15:43:36.540,1.00957,1.00971,1.50,2.40
2013.02.14 15:43:36.670,1.00955,1.00967,1.50,1.32
2013.02.14 15:43:36.919,1.00952,1.00961,1.20,1.43
2013.02.14 15:43:37.038,1.00946,1.00958,1.50,1.43
2013.02.14 15:43:37.221,1.00941,1.00958,1.50,1.43
2013.02.14 15:43:37.698,1.00946,1.00958,1.50,1.50
2013.02.14 15:43:38.019,1.00946,1.00956,1.50,1.50
2013.02.14 15:43:38.464,1.00942,1.00956,1.50,1.50
2013.02.14 15:43:38.608,1.00941,1.00956,2.93,1.50
2013.02.14 15:43:39.148,1.0094,1.00956,1.50,1.50
2013.02.14 15:43:39.904,1.0094,1.00955,1.50,1.50
2013.02.14 15:43:40.041,1.0094,1.00956,1.50,1.50
2013.02.14 15:43:40.291,1.00939,1.00952,1.50,1.43
2013.02.14 15:43:40.359,1.00937,1.00951,1.50,1.50
2013.02.14 15:43:40.419,1.00937,1.00951,1.50,2.25
2013.02.14 15:43:40.539,1.00933,1.00951,1.50,2.25
2013.02.14 15:43:40.662,1.00933,1.00948,1.50,1.50
2013.02.14 15:43:40.789,1.00929,1.00939,3.68,2.25
2013.02.14 15:43:40.968,1.00929,1.00934,2.18,1.35
2013.02.14 15:43:41.509,1.00922,1.00938,1.50,1.43
2013.02.14 15:43:42.049,1.0092,1.00939,3.68,2.78
2013.02.14 15:43:42.170,1.00922,1.00939,1.50,2.78
2013.02.14 15:43:42.239,1.00922,1.00939,1.50,2.18
2013.02.14 15:43:42.720,1.00924,1.00941,2.93,2.10
2013.02.14 15:43:42.788,1.00924,1.00941,2.18,2.10
2013.02.14 15:43:43.520,1.00922,1.00939,2.93,2.25
2013.02.14 15:43:44.078,1.00923,1.00941,1.50,2.85
2013.02.14 15:43:44.138,1.00923,1.00939,1.50,1.50
2013.02.14 15:43:44.498,1.00924,1.00938,1.50,1.43
2013.02.14 15:43:44.958,1.00924,1.00936,1.50,1.43
2013.02.14 15:43:45.025,1.00923,1.00936,1.50,1.43
2013.02.14 15:43:45.209,1.00922,1.00936,1.50,1.43
2013.02.14 15:43:45.269,1.00922,1.00936,1.50,1.43
2013.02.14 15:43:45.710,1.00922,1.00936,1.50,1.43
2013.02.14 15:43:45.897,1.00922,1.00938,2.18,2.18
2013.02.14 15:43:46.428,1.00922,1.00939,2.93,1.50
2013.02.14 15:43:46.908,1.00924,1.00939,1.50,1.50
2013.02.14 15:43:48.123,1.00929,1.00943,1.50,2.10
2013.02.14 15:43:48.367,1.00929,1.00945,1.50,2.10
2013.02.14 15:43:48.953,1.00932,1.00946,1.50,3.53
2013.02.14 15:43:49.508,1.0093,1.00946,1.50,2.18
2013.02.14 15:43:49.810,1.00933,1.0095,2.07,1.50
2013.02.14 15:43:49.879,1.00933,1.00951,2.07,1.35
2013.02.14 15:43:50.347,1.00935,1.00951,1.50,1.35
2013.02.14 15:43:52.988,1.00936,1.00952,2.25,2.10
2013.02.14 15:43:54.220,1.00934,1.00951,2.18,1.35
2013.02.14 15:43:54.762,1.00934,1.00951,2.18,1.35
2013.02.14 15:43:55.887,1.00936,1.00951,1.50,1.35
2013.02.14 15:43:57.991,1.00932,1.0095,2.93,1.35
2013.02.14 15:43:59.208,1.00936,1.0095,1.50,1.35
2013.02.14 15:43:59.759,1.00933,1.0095,1.50,1.35
2013.02.14 15:44:01.560,1.00938,1.00951,1.43,2.10
2013.02.14 15:44:01.689,1.00936,1.00951,1.50,1.35
2013.02.14 15:44:02.374,1.00936,1.00951,1.50,1.35
2013.02.14 15:44:02.689,1.00943,1.00954,2.18,1.05
2013.02.14 15:44:02.749,1.00944,1.0096,1.50,1.50
2013.02.14 15:44:03.417,1.00944,1.0096,1.50,1.43
2013.02.14 15:44:03.921,1.00943,1.00961,2.93,1.43
2013.02.14 15:44:04.458,1.00944,1.0096,1.50,1.43
2013.02.14 15:44:05.158,1.00943,1.0096,1.50,2.18
2013.02.14 15:44:06.130,1.00943,1.00959,1.50,2.18
2013.02.14 15:44:06.260,1.00939,1.00957,1.50,1.43
2013.02.14 15:44:07.878,1.00943,1.00957,1.43,1.43
2013.02.14 15:44:08.120,1.00943,1.00961,2.18,1.43
2013.02.14 15:44:08.790,1.00943,1.00961,2.93,1.43
2013.02.14 15:44:09.444,1.00943,1.00961,2.93,1.43
2013.02.14 15:44:11.981,1.00945,1.00961,1.50,1.43
2013.02.14 15:44:12.288,1.00947,1.00962,1.50,1.95
2013.02.14 15:44:12.650,1.00947,1.00963,1.50,2.10
2013.02.14 15:44:13.088,1.00946,1.00963,1.50,2.10
2013.02.14 15:44:13.602,1.00951,1.00967,1.50,2.18
2013.02.14 15:44:13.804,1.00951,1.00967,1.50,1.43
2013.02.14 15:44:13.996,1.0095,1.00966,1.50,1.43
2013.02.14 15:44:14.359,1.00946,1.00962,1.73,2.85
2013.02.14 15:44:14.420,1.00946,1.00962,1.50,2.85
2013.02.14 15:44:14.928,1.00944,1.00961,1.73,4.35
2013.02.14 15:44:15.229,1.0094,1.00958,1.50,1.50
2013.02.14 15:44:15.469,1.0094,1.00958,1.50,1.50
2013.02.14 15:44:15.598,1.00939,1.00957,2.18,2.22
2013.02.14 15:44:16.047,1.00939,1.00954,2.18,1.50
2013.02.14 15:44:17.189,1.00939,1.00954,2.18,1.50
2013.02.14 15:44:17.548,1.0094,1.00954,1.50,1.50
2013.02.14 15:44:18.247,1.0094,1.00954,1.50,1.50
2013.02.14 15:44:22.302,1.00941,1.00954,1.50,1.50
2013.02.14 15:44:23.170,1.00941,1.00956,1.50,2.07
2013.02.14 15:44:23.429,1.00939,1.00955,1.50,2.25
2013.02.14 15:44:23.551,1.00938,1.00953,1.43,3.00
2013.02.14 15:44:23.859,1.00938,1.0095,1.43,1.28
2013.02.14 15:44:24.399,1.00936,1.0095,1.50,1.50
2013.02.14 15:44:24.937,1.00937,1.00952,1.43,2.25
2013.02.14 15:44:25.057,1.00934,1.00952,1.43,2.25
2013.02.14 15:44:27.179,1.00934,1.00954,2.93,1.50
2013.02.14 15:44:27.298,1.00936,1.00954,1.50,1.50
2013.02.14 15:44:27.835,1.00937,1.00954,2.18,1.50
2013.02.14 15:44:28.160,1.00937,1.00954,2.93,1.50
2013.02.14 15:44:28.712,1.00937,1.00955,2.93,3.75
2013.02.14 15:44:30.018,1.00937,1.00954,2.93,1.50
2013.02.14 15:44:30.258,1.00939,1.00955,1.50,1.50
2013.02.14 15:44:30.990,1.00937,1.00957,2.93,1.50
2013.02.14 15:44:31.172,1.00937,1.00953,1.50,1.73
2013.02.14 15:44:31.241,1.00934,1.00952,1.50,1.28
2013.02.14 15:44:32.348,1.00934,1.00951,1.50,1.95
2013.02.14 15:44:33.097,1.00935,1.00954,2.93,1.50
2013.02.14 15:44:33.289,1.00936,1.00954,1.50,1.50
2013.02.14 15:44:33.600,1.00936,1.00954,1.50,2.18
2013.02.14 15:44:33.668,1.00935,1.00949,2.93,1.50
2013.02.14 15:44:33.909,1.00931,1.00949,1.50,2.18
2013.02.14 15:44:33.968,1.0093,1.00949,1.50,2.18
2013.02.14 15:44:34.930,1.00931,1.00949,3.68,1.43
2013.02.14 15:44:39.280,1.00931,1.00949,1.50,2.85
2013.02.14 15:44:39.719,1.00929,1.00948,1.50,1.50
2013.02.14 15:44:40.268,1.00931,1.00948,2.18,2.93
2013.02.14 15:44:40.850,1.00932,1.00948,1.50,2.93
2013.02.14 15:44:41.227,1.00928,1.00948,4.05,3.68
2013.02.14 15:44:41.367,1.00928,1.00947,2.25,1.43
2013.02.14 15:44:41.518,1.00928,1.00947,2.25,2.18
2013.02.14 15:44:44.340,1.00928,1.00944,1.50,1.50
2013.02.14 15:44:45.161,1.00926,1.00942,1.50,1.05
2013.02.14 15:44:45.716,1.00927,1.00942,1.50,1.50
2013.02.14 15:44:46.234,1.00929,1.00944,1.43,1.50
2013.02.14 15:44:47.218,1.00929,1.00944,1.43,1.50
2013.02.14 15:44:51.359,1.00929,1.00948,2.93,2.40
2013.02.14 15:44:51.609,1.00933,1.00947,1.43,1.50
2013.02.14 15:44:51.797,1.00933,1.00947,2.18,3.00
2013.02.14 15:44:52.370,1.00933,1.00947,2.18,3.00
2013.02.14 15:44:53.090,1.00933,1.00947,2.18,3.00
2013.02.14 15:44:53.338,1.00933,1.00947,2.18,3.00
2013.02.14 15:44:53.888,1.00932,1.00947,2.18,3.00
2013.02.14 15:44:54.082,1.00934,1.00947,2.18,3.00
2013.02.14 15:44:54.151,1.00934,1.00947,1.43,1.50
2013.02.14 15:44:54.764,1.00934,1.00947,2.18,1.50
2013.02.14 15:44:55.188,1.00934,1.0095,2.55,1.43
2013.02.14 15:44:55.250,1.00935,1.0095,1.35,1.43
2013.02.14 15:44:55.552,1.00941,1.00954,3.00,2.18
2013.02.14 15:44:55.798,1.00941,1.0096,4.43,1.50
2013.02.14 15:44:56.279,1.00941,1.00959,2.25,2.85
2013.02.14 15:44:56.461,1.00944,1.00959,1.43,1.13
2013.02.14 15:44:56.828,1.00944,1.00962,1.43,1.50
2013.02.14 15:44:58.788,1.00944,1.00963,2.18,1.50
2013.02.14 15:45:00.104,1.00944,1.00963,1.43,2.25
2013.02.14 15:45:00.709,1.00947,1.00962,2.18,1.50
2013.02.14 15:45:00.948,1.00944,1.00963,2.93,2.74
2013.02.14 15:45:01.010,1.00944,1.0096,2.18,1.50
2013.02.14 15:45:01.378,1.00942,1.00951,1.50,1.05
2013.02.14 15:45:01.580,1.00937,1.00953,1.88,1.95
2013.02.14 15:45:01.768,1.00937,1.00952,1.88,3.34
2013.02.14 15:45:01.889,1.00937,1.00952,1.88,1.28
2013.02.14 15:45:02.210,1.00937,1.00951,1.50,1.50
2013.02.14 15:45:02.340,1.00937,1.0095,1.50,1.50
2013.02.14 15:45:02.409,1.00935,1.0095,2.18,1.50
2013.02.14 15:45:02.708,1.00937,1.00954,1.13,1.50
2013.02.14 15:45:02.768,1.00937,1.00954,1.13,1.50
2013.02.14 15:45:03.355,1.00937,1.00954,1.13,1.50
2013.02.14 15:45:03.657,1.00936,1.00953,2.63,1.50
2013.02.14 15:45:03.718,1.00936,1.00953,2.25,2.25
2013.02.14 15:45:04.256,1.00936,1.00954,1.50,3.75
2013.02.14 15:45:04.798,1.00937,1.00954,1.50,1.50
2013.02.14 15:45:04.917,1.00936,1.00955,1.50,3.00
2013.02.14 15:45:05.038,1.00936,1.00953,1.50,2.25
2013.02.14 15:45:05.159,1.00936,1.00954,1.50,2.07
2013.02.14 15:45:06.029,1.00937,1.00953,1.50,1.43
2013.02.14 15:45:06.567,1.00937,1.00954,2.93,2.07
2013.02.14 15:45:07.348,1.00938,1.00954,1.50,1.50
2013.02.14 15:45:07.858,1.00941,1.00954,2.93,1.50
2013.02.14 15:45:08.409,1.00941,1.00955,1.43,2.25
2013.02.14 15:45:08.469,1.00939,1.00955,4.35,2.25
2013.02.14 15:45:11.822,1.00939,1.00954,3.68,2.25
2013.02.14 15:45:12.593,1.00939,1.00954,2.18,1.50
2013.02.14 15:45:12.665,1.00939,1.00954,2.18,1.50
2013.02.14 15:45:12.794,1.00939,1.00953,1.43,2.07
2013.02.14 15:45:13.100,1.00934,1.00949,2.93,1.32
2013.02.14 15:45:13.288,1.00934,1.00949,2.18,1.32
2013.02.14 15:45:13.408,1.00937,1.0095,1.43,2.25
2013.02.14 15:45:14.057,1.00937,1.00951,1.43,2.82
2013.02.14 15:45:14.141,1.00935,1.00951,2.18,1.50
2013.02.14 15:45:14.333,1.00935,1.00951,2.18,1.50
2013.02.14 15:45:14.648,1.00935,1.00951,2.18,1.50
2013.02.14 15:45:15.267,1.00935,1.00951,2.55,1.50
2013.02.14 15:45:15.826,1.00935,1.00951,2.55,1.50
2013.02.14 15:45:16.937,1.00935,1.00951,2.55,1.50
2013.02.14 15:45:17.257,1.00935,1.00948,2.18,2.25
2013.02.14 15:45:17.318,1.00935,1.00947,1.43,2.25
2013.02.14 15:45:17.497,1.00932,1.00948,1.50,2.82
2013.02.14 15:45:17.677,1.00928,1.00947,3.68,1.50
2013.02.14 15:45:17.799,1.00928,1.00947,2.25,2.93
2013.02.14 15:45:17.918,1.00928,1.00943,1.50,1.50
2013.02.14 15:45:18.567,1.00924,1.00942,2.25,2.18
2013.02.14 15:45:19.819,1.00925,1.00942,1.50,2.18
2013.02.14 15:45:20.060,1.00926,1.00942,1.50,2.93
2013.02.14 15:45:20.656,1.00926,1.00944,2.93,1.50
2013.02.14 15:45:22.888,1.00926,1.0094,2.93,1.24
2013.02.14 15:45:23.192,1.00924,1.0094,1.50,2.07
2013.02.14 15:45:23.317,1.00924,1.00942,1.50,2.93
2013.02.14 15:45:23.920,1.00925,1.00942,1.43,2.93
2013.02.14 15:45:24.448,1.00925,1.00942,1.43,2.93
2013.02.14 15:45:25.500,1.00926,1.00942,1.50,1.43
2013.02.14 15:45:26.407,1.00925,1.00942,2.85,2.18
2013.02.14 15:45:27.397,1.00926,1.00941,1.43,1.50
2013.02.14 15:45:28.031,1.00927,1.00945,2.10,2.93
2013.02.14 15:45:30.538,1.00932,1.00945,1.35,2.93
2013.02.14 15:45:30.778,1.00932,1.00948,2.10,1.50
2013.02.14 15:45:31.337,1.00932,1.00948,2.85,1.50
2013.02.14 15:45:31.527,1.00932,1.00948,2.85,1.50
2013.02.14 15:45:31.589,1.00932,1.00947,2.85,2.25
2013.02.14 15:45:32.276,1.0093,1.00945,1.35,1.50
2013.02.14 15:45:32.948,1.00933,1.00946,1.35,2.18
2013.02.14 15:45:33.307,1.00933,1.00947,2.10,1.50
2013.02.14 15:45:34.877,1.00934,1.00948,1.43,1.50
2013.02.14 15:45:35.187,1.00934,1.00947,1.43,1.50
2013.02.14 15:45:35.728,1.00934,1.00948,2.10,1.50
2013.02.14 15:45:36.198,1.00934,1.00951,3.53,1.50
2013.02.14 15:45:36.257,1.00934,1.00951,3.53,1.50
2013.02.14 15:45:36.887,1.00937,1.00951,1.43,1.50
2013.02.14 15:45:37.549,1.00936,1.00951,1.88,1.50
2013.02.14 15:45:38.097,1.00934,1.00951,1.13,3.23
2013.02.14 15:45:38.848,1.00936,1.00951,1.13,2.93
2013.02.14 15:45:39.187,1.00935,1.0095,1.13,1.05
2013.02.14 15:45:39.487,1.00935,1.00951,1.43,2.48
2013.02.14 15:45:40.468,1.00935,1.0095,2.18,1.43
2013.02.14 15:45:41.499,1.00934,1.00951,1.43,1.35
2013.02.14 15:45:42.040,1.00936,1.00952,1.43,2.18
2013.02.14 15:45:42.587,1.00937,1.00952,1.43,1.43
2013.02.14 15:45:43.607,1.00936,1.00952,1.43,2.18
2013.02.14 15:45:43.799,1.00932,1.00949,2.70,1.50
2013.02.14 15:45:44.575,1.00931,1.00949,3.60,2.93
2013.02.14 15:45:45.649,1.00933,1.00949,1.43,1.50
2013.02.14 15:45:46.218,1.00931,1.00947,2.18,2.18
2013.02.14 15:45:48.588,1.00931,1.00947,2.18,1.80
2013.02.14 15:45:49.830,1.00931,1.00947,2.18,1.43
2013.02.14 15:45:50.139,1.00934,1.0095,1.43,2.18
2013.02.14 15:45:50.537,1.00934,1.00953,2.10,2.18
2013.02.14 15:45:50.870,1.00938,1.00953,1.35,2.18
2013.02.14 15:45:50.937,1.00938,1.00953,1.35,1.43
2013.02.14 15:45:51.427,1.00938,1.0095,1.35,1.43
2013.02.14 15:45:52.007,1.00936,1.0095,1.43,1.43
2013.02.14 15:45:52.318,1.00936,1.0095,2.10,1.43
2013.02.14 15:45:52.437,1.00938,1.00954,1.35,3.68
2013.02.14 15:45:52.918,1.0094,1.00955,1.35,1.50
2013.02.14 15:45:53.038,1.00941,1.00957,2.93,2.93
2013.02.14 15:45:53.220,1.00941,1.00957,2.18,2.93
2013.02.14 15:45:54.068,1.00942,1.00957,1.35,3.60
2013.02.14 15:45:54.267,1.00936,1.00952,1.50,2.78
2013.02.14 15:45:54.768,1.00936,1.00953,2.18,1.05
2013.02.14 15:45:55.414,1.00936,1.00953,1.50,1.35
2013.02.14 15:45:55.958,1.00937,1.00954,2.93,1.35
2013.02.14 15:45:56.337,1.00938,1.00953,1.50,1.35
2013.02.14 15:45:56.577,1.00939,1.00954,1.43,1.50
2013.02.14 15:45:58.268,1.00941,1.00955,1.43,1.50
2013.02.14 15:45:58.817,1.00941,1.00958,2.18,1.50
2013.02.14 15:45:59.278,1.00942,1.00958,2.10,1.50
2013.02.14 15:45:59.518,1.00947,1.00962,2.10,3.57
2013.02.14 15:45:59.698,1.00948,1.00963,1.43,1.50
2013.02.14 15:46:00.747,1.00949,1.00962,1.43,1.50
2013.02.14 15:46:01.229,1.0095,1.00967,1.50,2.10
2013.02.14 15:46:01.709,1.00949,1.00967,2.18,4.35
2013.02.14 15:46:01.839,1.00949,1.00967,1.43,4.35
2013.02.14 15:46:02.168,1.00949,1.00967,2.18,4.35
2013.02.14 15:46:04.618,1.00954,1.00968,2.10,2.07
2013.02.14 15:46:04.738,1.00954,1.00969,2.10,3.00
2013.02.14 15:46:04.981,1.00955,1.00969,1.50,3.00
2013.02.14 15:46:05.908,1.00956,1.0097,2.85,1.50
2013.02.14 15:46:06.211,1.00956,1.0097,3.60,1.50
2013.02.14 15:46:06.898,1.0096,1.00971,2.18,1.50
2013.02.14 15:46:07.078,1.0096,1.00974,2.18,2.25
2013.02.14 15:46:07.498,1.00956,1.00974,1.50,3.68
2013.02.14 15:46:08.057,1.00955,1.00974,2.18,3.68
2013.02.14 15:46:12.028,1.00955,1.00973,2.18,1.43
2013.02.14 15:46:12.259,1.00955,1.00974,2.18,2.18
2013.02.14 15:46:14.258,1.00953,1.00972,1.50,2.18
2013.02.14 15:46:14.380,1.00952,1.0097,2.25,1.43
2013.02.14 15:46:14.597,1.00952,1.0097,1.50,2.18
2013.02.14 15:46:14.662,1.00951,1.00967,1.50,1.43
2013.02.14 15:46:14.980,1.00946,1.00962,1.50,2.93
2013.02.14 15:46:15.107,1.00943,1.00962,1.88,2.93
2013.02.14 15:46:16.678,1.00943,1.00962,1.50,3.08
2013.02.14 15:46:18.318,1.00943,1.00959,1.50,1.43
2013.02.14 15:46:24.420,1.00945,1.00959,1.50,1.43
2013.02.14 15:46:26.081,1.00943,1.00959,2.48,1.73
2013.02.14 15:46:26.150,1.00942,1.00959,2.48,1.43
2013.02.14 15:46:26.338,1.00942,1.00956,2.48,1.43
2013.02.14 15:46:26.957,1.00942,1.00956,1.73,1.43
2013.02.14 15:46:28.668,1.00942,1.00956,2.48,1.43
2013.02.14 15:46:29.828,1.00942,1.00956,1.73,1.43
2013.02.14 15:46:30.758,1.00942,1.00954,1.50,1.43
2013.02.14 15:46:31.061,1.00942,1.0096,1.50,2.33
2013.02.14 15:46:31.335,1.00942,1.0096,2.25,2.18
2013.02.14 15:46:31.839,1.00942,1.0096,2.25,2.33
2013.02.14 15:46:32.197,1.00941,1.00955,1.50,1.43
2013.02.14 15:46:32.930,1.0094,1.00955,1.50,1.43
2013.02.14 15:46:33.249,1.00938,1.0095,1.50,1.43
2013.02.14 15:46:33.309,1.00937,1.0095,1.50,1.43
2013.02.14 15:46:33.608,1.00937,1.00953,1.50,1.43
2013.02.14 15:46:35.819,1.00937,1.0095,1.50,1.43
2013.02.14 15:46:36.359,1.00935,1.0095,1.50,1.43
2013.02.14 15:46:38.308,1.00933,1.0095,1.50,2.18
2013.02.14 15:46:38.735,1.00929,1.00945,2.48,1.35
2013.02.14 15:46:38.815,1.00928,1.00944,1.50,1.50
2013.02.14 15:46:38.938,1.00927,1.00943,2.18,1.28
2013.02.14 15:46:39.249,1.00927,1.00942,2.18,1.05
2013.02.14 15:46:39.308,1.00924,1.00942,3.68,1.05
2013.02.14 15:46:39.428,1.00924,1.00941,1.50,1.35
2013.02.14 15:46:39.548,1.00926,1.00941,2.93,1.35
2013.02.14 15:46:39.608,1.00926,1.00943,2.93,1.43
2013.02.14 15:46:40.119,1.00926,1.00943,2.93,1.43
2013.02.14 15:46:41.509,1.00926,1.00942,2.93,1.43
2013.02.14 15:46:42.030,1.00926,1.00942,2.93,1.43
2013.02.14 15:46:43.389,1.00926,1.00943,2.93,1.43
2013.02.14 15:46:46.837,1.00926,1.00941,2.93,1.43
2013.02.14 15:46:51.848,1.00926,1.00944,1.50,2.18
2013.02.14 15:46:53.335,1.00926,1.00943,1.50,1.43
2013.02.14 15:46:54.008,1.00926,1.00943,1.50,1.43
2013.02.14 15:46:54.768,1.00926,1.00943,1.50,1.43
2013.02.14 15:46:58.861,1.00925,1.0094,2.18,1.43
2013.02.14 15:46:59.116,1.00921,1.00938,2.25,2.10
2013.02.14 15:46:59.763,1.00921,1.00938,1.50,2.85
2013.02.14 15:47:04.829,1.00922,1.00939,1.43,2.18
2013.02.14 15:47:05.012,1.00922,1.00939,2.18,1.50
2013.02.14 15:47:05.197,1.00922,1.00941,4.28,1.50
2013.02.14 15:47:05.557,1.00926,1.00942,2.18,1.43
2013.02.14 15:47:05.798,1.00924,1.00943,2.18,2.85
2013.02.14 15:47:06.067,1.00923,1.00943,2.93,2.85
2013.02.14 15:47:07.478,1.00924,1.00943,1.50,3.60
2013.02.14 15:47:08.068,1.00923,1.00943,4.43,3.60
2013.02.14 15:47:08.797,1.00924,1.00943,1.50,2.93
2013.02.14 15:47:09.350,1.00926,1.00943,1.50,2.18
2013.02.14 15:47:09.900,1.00924,1.00943,2.25,2.93
2013.02.14 15:47:10.531,1.00924,1.00943,1.50,2.93
2013.02.14 15:47:10.860,1.00934,1.00947,1.43,1.50
2013.02.14 15:47:10.989,1.00934,1.00948,1.43,2.25
2013.02.14 15:47:11.118,1.00934,1.0095,2.55,1.28
2013.02.14 15:47:11.241,1.00937,1.00951,2.18,1.50
2013.02.14 15:47:11.431,1.00937,1.00955,3.68,1.28
2013.02.14 15:47:11.499,1.00938,1.00955,1.50,1.28
2013.02.14 15:47:11.800,1.00945,1.00961,2.18,2.18
2013.02.14 15:47:11.928,1.00947,1.0096,2.18,1.50
2013.02.14 15:47:12.408,1.00952,1.00963,1.50,1.50
2013.02.14 15:47:13.239,1.00953,1.00964,1.32,1.50
2013.02.14 15:47:13.368,1.00953,1.00964,1.32,1.50
2013.02.14 15:47:13.828,1.00952,1.00971,1.50,1.50
2013.02.14 15:47:15.029,1.00954,1.00972,2.18,2.25
2013.02.14 15:47:15.090,1.00954,1.00973,3.30,1.50
2013.02.14 15:47:15.660,1.00957,1.00974,1.50,3.75
2013.02.14 15:47:16.221,1.00956,1.00974,1.13,3.00
2013.02.14 15:47:17.279,1.00956,1.00974,2.18,3.00
2013.02.14 15:47:20.112,1.00956,1.00972,2.18,1.50
2013.02.14 15:47:20.239,1.00951,1.00972,3.53,2.18
2013.02.14 15:47:20.697,1.00951,1.00971,2.18,1.50
2013.02.14 15:47:21.568,1.00953,1.00971,2.18,1.50
2013.02.14 15:47:22.238,1.00953,1.00972,2.18,1.50
2013.02.14 15:47:22.813,1.00953,1.00972,2.18,1.50
2013.02.14 15:47:23.528,1.00953,1.00972,2.18,1.50
2013.02.14 15:47:24.047,1.00953,1.00972,2.18,1.50
2013.02.14 15:47:24.569,1.00953,1.00972,2.18,1.50
2013.02.14 15:47:24.747,1.00953,1.00973,2.18,2.25
2013.02.14 15:47:25.478,1.00953,1.00973,2.18,1.50
2013.02.14 15:47:29.138,1.00953,1.00973,2.18,1.50
2013.02.14 15:47:29.391,1.00953,1.00973,2.18,1.73
2013.02.14 15:47:29.811,1.00953,1.0097,2.18,1.50
2013.02.14 15:47:30.118,1.00949,1.00968,2.18,1.50
2013.02.14 15:47:31.827,1.00949,1.00968,2.18,1.73
2013.02.14 15:47:32.068,1.00944,1.00962,2.93,1.05
2013.02.14 15:47:32.189,1.00942,1.00959,1.50,1.50
2013.02.14 15:47:35.258,1.00941,1.00959,2.93,1.50
2013.02.14 15:47:35.497,1.00941,1.00958,1.50,2.93
2013.02.14 15:47:35.620,1.00939,1.00956,1.50,1.32
2013.02.14 15:47:35.799,1.00938,1.00955,1.43,3.00
2013.02.14 15:47:35.860,1.00936,1.00955,1.50,4.43
2013.02.14 15:47:36.217,1.00934,1.00954,2.18,1.50
2013.02.14 15:47:36.718,1.00934,1.00953,2.18,1.50
2013.02.14 15:47:38.757,1.00934,1.00952,2.18,1.13
2013.02.14 15:47:38.878,1.00931,1.00951,2.78,2.93
2013.02.14 15:47:38.998,1.00931,1.00951,2.78,2.93
2013.02.14 15:47:39.238,1.00931,1.00951,2.78,2.18
2013.02.14 15:47:39.948,1.00934,1.00952,2.93,1.50
2013.02.14 15:47:40.026,1.00934,1.00954,2.18,4.92
2013.02.14 15:47:40.088,1.00934,1.00953,2.18,1.50
2013.02.14 15:47:48.257,1.00936,1.00953,2.18,1.50
2013.02.14 15:47:48.378,1.00936,1.00953,2.18,1.50
2013.02.14 15:47:49.608,1.00936,1.00953,2.18,1.50
2013.02.14 15:47:50.367,1.00934,1.00953,2.18,2.25
2013.02.14 15:47:50.907,1.00934,1.00953,2.18,2.25
2013.02.14 15:47:51.027,1.00934,1.00953,2.18,2.07
2013.02.14 15:47:51.810,1.00936,1.00953,2.18,2.07
2013.02.14 15:47:52.337,1.00936,1.00954,1.43,2.07
2013.02.14 15:47:52.958,1.00936,1.00955,2.18,4.50
2013.02.14 15:47:58.389,1.00936,1.00953,2.18,1.28
2013.02.14 15:48:00.559,1.00936,1.00953,2.18,1.28
2013.02.14 15:48:01.087,1.00936,1.00954,2.18,1.28
2013.02.14 15:48:01.969,1.00936,1.00953,2.18,1.28
2013.02.14 15:48:03.719,1.00936,1.00952,2.18,1.28
2013.02.14 15:48:03.779,1.00934,1.00952,2.18,2.03
2013.02.14 15:48:04.018,1.00931,1.00949,2.18,2.18
2013.02.14 15:48:04.330,1.00927,1.00948,2.18,1.28
2013.02.14 15:48:04.668,1.00927,1.00948,2.18,1.28
2013.02.14 15:48:04.873,1.00928,1.00948,1.50,2.10
2013.02.14 15:48:06.361,1.00928,1.00947,1.50,1.20
2013.02.14 15:48:06.939,1.00927,1.00943,1.43,1.43
2013.02.14 15:48:07.978,1.00927,1.00942,1.43,1.28
2013.02.14 15:48:10.458,1.00929,1.00945,1.43,1.80
2013.02.14 15:48:10.970,1.00929,1.00945,1.43,1.13
2013.02.14 15:48:13.829,1.00929,1.00945,1.43,1.13
2013.02.14 15:48:14.270,1.00929,1.00946,1.43,1.13
2013.02.14 15:48:15.851,1.0093,1.00947,3.00,1.88
2013.02.14 15:48:15.979,1.00934,1.00947,1.65,1.88
2013.02.14 15:48:16.278,1.00928,1.00949,2.18,2.18
2013.02.14 15:48:16.489,1.00928,1.00947,2.18,3.75
2013.02.14 15:48:16.958,1.00928,1.00947,2.18,3.75
2013.02.14 15:48:19.658,1.00928,1.00947,2.18,3.00
2013.02.14 15:48:27.275,1.00928,1.00947,2.18,4.50
2013.02.14 15:48:29.925,1.00926,1.00942,2.18,1.50
2013.02.14 15:48:29.992,1.00926,1.00939,1.43,3.00
2013.02.14 15:48:30.240,1.00919,1.00936,1.50,3.75
2013.02.14 15:48:30.309,1.00919,1.00932,1.50,1.50
2013.02.14 15:48:30.548,1.00917,1.00932,2.18,1.50
2013.02.14 15:48:30.729,1.00917,1.00934,1.43,1.50
2013.02.14 15:48:31.239,1.00917,1.00936,1.43,4.13
2013.02.14 15:48:31.829,1.00917,1.00936,2.18,4.13
2013.02.14 15:48:34.077,1.00921,1.00936,1.43,4.13
2013.02.14 15:48:39.798,1.00921,1.00935,1.43,3.00
2013.02.14 15:48:40.039,1.00921,1.00936,1.43,1.50
2013.02.14 15:48:41.888,1.00921,1.00934,1.43,1.50
2013.02.14 15:48:42.128,1.00921,1.00935,1.43,1.50
2013.02.14 15:48:46.489,1.00921,1.00937,1.43,2.10
2013.02.14 15:48:51.540,1.00924,1.00939,1.43,1.88
2013.02.14 15:48:51.661,1.00924,1.00941,1.43,1.13
2013.02.14 15:48:51.789,1.00924,1.00942,2.18,3.60
2013.02.14 15:48:51.849,1.00928,1.00942,1.43,3.60
2013.02.14 15:48:52.303,1.00928,1.00942,1.43,3.60
2013.02.14 15:48:55.989,1.00928,1.00942,1.43,1.50
2013.02.14 15:48:57.258,1.00931,1.00943,1.43,1.50
2013.02.14 15:48:57.970,1.00931,1.00944,2.18,3.00
2013.02.14 15:48:58.918,1.00935,1.00944,1.13,3.00
2013.02.14 15:49:01.270,1.00935,1.00944,1.13,3.00
2013.02.14 15:49:06.088,1.00934,1.00947,2.63,3.60
2013.02.14 15:49:06.549,1.00935,1.00946,1.13,1.50
2013.02.14 15:49:06.730,1.00934,1.00946,1.13,1.50
2013.02.14 15:49:06.849,1.00934,1.00946,1.13,1.50
2013.02.14 15:49:06.908,1.00934,1.00946,1.13,1.50
2013.02.14 15:49:07.210,1.00934,1.00946,1.13,1.50
2013.02.14 15:49:07.821,1.00934,1.00946,1.13,1.50
2013.02.14 15:49:08.178,1.00934,1.00943,1.13,1.88
2013.02.14 15:49:08.298,1.00927,1.00943,4.50,1.88
2013.02.14 15:49:08.421,1.00927,1.00942,4.50,1.13
2013.02.14 15:49:08.948,1.00925,1.00942,1.13,1.13
2013.02.14 15:49:10.108,1.00926,1.00939,1.13,1.50
2013.02.14 15:49:10.656,1.0093,1.00946,2.55,1.13
2013.02.14 15:49:11.201,1.00935,1.00947,1.13,3.00
2013.02.14 15:49:11.451,1.00934,1.00947,1.73,1.50
2013.02.14 15:49:12.162,1.00933,1.00945,1.13,3.23
2013.02.14 15:49:12.358,1.0093,1.00945,1.13,3.38
2013.02.14 15:49:12.599,1.00932,1.00944,1.13,2.25
2013.02.14 15:49:13.138,1.00931,1.00944,1.13,2.25
2013.02.14 15:49:13.688,1.0093,1.00943,1.13,1.73
2013.02.14 15:49:14.088,1.00932,1.00944,2.18,2.85
2013.02.14 15:49:14.148,1.00932,1.00944,2.55,2.85
2013.02.14 15:49:15.021,1.00932,1.00944,2.55,1.35
2013.02.14 15:49:15.559,1.00932,1.00944,1.13,2.85
2013.02.14 15:49:16.255,1.00932,1.00944,1.13,2.85
2013.02.14 15:49:20.209,1.00932,1.00944,1.13,2.85
2013.02.14 15:49:20.508,1.00929,1.00944,1.50,2.82
2013.02.14 15:49:20.938,1.00931,1.00943,2.18,1.73
2013.02.14 15:49:21.248,1.00931,1.00943,2.18,1.50
2013.02.14 15:49:21.308,1.00931,1.00944,2.18,3.60
2013.02.14 15:49:21.610,1.00931,1.00943,1.43,1.50
2013.02.14 15:49:22.147,1.00929,1.00943,2.93,1.50
2013.02.14 15:49:22.719,1.00929,1.00943,2.93,2.29
2013.02.14 15:49:23.019,1.00919,1.00936,2.93,1.58
2013.02.14 15:49:23.079,1.00919,1.00936,2.93,1.35
2013.02.14 15:49:23.198,1.00922,1.00936,1.43,1.35
2013.02.14 15:49:23.570,1.00922,1.00934,2.18,1.50
2013.02.14 15:49:24.050,1.00919,1.00932,2.55,1.54
2013.02.14 15:49:24.699,1.00919,1.00933,2.18,1.54
2013.02.14 15:49:24.841,1.00919,1.00927,1.43,1.17
2013.02.14 15:49:24.911,1.00919,1.00926,1.43,1.35
2013.02.14 15:49:25.041,1.00919,1.00925,1.43,1.05
2013.02.14 15:49:25.110,1.00913,1.00925,2.25,2.55
2013.02.14 15:49:25.862,1.00913,1.00924,2.25,1.05
2013.02.14 15:49:26.240,1.00909,1.00924,2.25,1.80
2013.02.14 15:49:26.311,1.00909,1.00924,2.25,1.28
2013.02.14 15:49:26.561,1.00911,1.00926,1.88,1.35
2013.02.14 15:49:26.690,1.00911,1.00927,2.63,1.43
2013.02.14 15:49:28.219,1.00913,1.00928,2.55,1.50
2013.02.14 15:49:28.340,1.00914,1.00931,1.50,1.13
2013.02.14 15:49:28.998,1.00916,1.00931,2.18,1.88
2013.02.14 15:49:29.439,1.00912,1.00929,2.55,1.54
2013.02.14 15:49:29.501,1.00912,1.0093,2.55,1.73
2013.02.14 15:49:29.568,1.00912,1.0093,2.55,1.50
2013.02.14 15:49:30.262,1.00912,1.00928,2.18,1.35
2013.02.14 15:49:30.509,1.0091,1.00926,2.55,1.73
2013.02.14 15:49:30.689,1.0091,1.00926,3.30,1.73
2013.02.14 15:49:30.815,1.00914,1.00927,1.13,1.32
2013.02.14 15:49:31.118,1.00919,1.0093,1.43,1.32
2013.02.14 15:49:31.180,1.00919,1.00933,1.43,2.85
2013.02.14 15:49:31.719,1.00919,1.00935,2.18,3.60
2013.02.14 15:49:31.897,1.00922,1.00935,1.43,1.50
2013.02.14 15:49:32.428,1.00922,1.00937,2.93,1.73
2013.02.14 15:49:32.489,1.00922,1.00937,2.18,1.50
2013.02.14 15:49:32.548,1.00924,1.0094,1.43,1.54
2013.02.14 15:49:36.941,1.00927,1.0094,1.43,1.54
2013.02.14 15:49:37.380,1.00927,1.00942,1.43,2.25
2013.02.14 15:49:38.168,1.00927,1.00943,2.18,1.35
2013.02.14 15:49:38.228,1.00927,1.00944,2.55,1.73
2013.02.14 15:49:48.119,1.00929,1.00944,2.18,2.07
2013.02.14 15:49:48.429,1.00923,1.00935,1.43,1.05
2013.02.14 15:49:48.622,1.00923,1.00936,1.43,1.50
2013.02.14 15:49:48.868,1.00926,1.0094,1.43,3.00
2013.02.14 15:49:49.259,1.00926,1.00942,1.43,1.13
2013.02.14 15:49:49.439,1.00929,1.00943,1.43,1.88
2013.02.14 15:49:50.131,1.00929,1.0094,1.43,1.50
2013.02.14 15:49:50.319,1.0092,1.00934,1.50,1.43
2013.02.14 15:49:50.440,1.00917,1.00934,1.50,1.65
2013.02.14 15:49:50.870,1.00916,1.00932,1.43,2.18
2013.02.14 15:49:51.119,1.00911,1.00928,1.13,2.25
2013.02.14 15:49:51.359,1.00909,1.00926,2.93,1.32
2013.02.14 15:49:51.418,1.00908,1.00926,2.18,1.99
2013.02.14 15:49:51.598,1.00906,1.00925,2.25,3.53
2013.02.14 15:49:51.658,1.00906,1.00925,1.50,3.53
2013.02.14 15:49:52.188,1.00907,1.00922,3.00,1.43
2013.02.14 15:49:53.319,1.00906,1.00922,1.50,1.43
2013.02.14 15:49:59.227,1.00907,1.00922,2.18,1.43
2013.02.14 15:49:59.911,1.00907,1.00918,1.43,1.54
2013.02.14 15:50:00.260,1.00892,1.00906,2.18,1.35
2013.02.14 15:50:00.330,1.0089,1.00906,3.68,1.35
2013.02.14 15:50:00.900,1.0089,1.00903,2.93,1.35
2013.02.14 15:50:00.969,1.00888,1.00903,2.93,1.35
2013.02.14 15:50:01.480,1.00889,1.00903,1.50,1.35
2013.02.14 15:50:02.539,1.00887,1.00903,1.50,2.10
2013.02.14 15:50:03.288,1.00888,1.00903,1.43,2.10
2013.02.14 15:50:03.408,1.00888,1.00903,1.43,1.43
2013.02.14 15:50:03.916,1.00888,1.00903,2.18,1.43
2013.02.14 15:50:06.180,1.00888,1.00903,1.43,1.43
2013.02.14 15:50:06.708,1.00887,1.00903,1.50,1.43
2013.02.14 15:50:09.768,1.00888,1.00903,1.43,1.43
2013.02.14 15:50:09.961,1.0089,1.00905,2.93,1.43
2013.02.14 15:50:10.029,1.0089,1.00907,1.50,1.35
2013.02.14 15:50:10.209,1.00891,1.00909,2.18,2.10
2013.02.14 15:50:10.589,1.00892,1.00908,1.50,2.85
2013.02.14 15:50:11.898,1.00892,1.00907,1.50,1.43
2013.02.14 15:50:12.463,1.00892,1.00909,2.93,1.24
2013.02.14 15:50:13.008,1.00892,1.00908,1.50,1.43
2013.02.14 15:50:14.460,1.00893,1.00908,1.50,1.43
2013.02.14 15:50:14.709,1.00894,1.0091,1.50,1.35
2013.02.14 15:50:14.839,1.00895,1.00911,1.32,1.43
2013.02.14 15:50:15.021,1.00897,1.00915,3.49,1.43
2013.02.14 15:50:15.457,1.00902,1.00917,1.43,1.43
2013.02.14 15:50:15.660,1.00903,1.00921,2.25,2.85
2013.02.14 15:50:16.208,1.00903,1.00921,1.13,5.10
2013.02.14 15:50:16.819,1.00902,1.0092,2.18,1.43
2013.02.14 15:50:17.218,1.00902,1.0092,1.43,1.43
2013.02.14 15:50:17.709,1.009,1.00918,1.50,1.43
2013.02.14 15:50:18.268,1.009,1.00916,1.50,1.43
2013.02.14 15:50:18.329,1.009,1.00914,1.50,1.43
2013.02.14 15:50:18.688,1.00896,1.00913,2.25,3.19
2013.02.14 15:50:18.748,1.00896,1.00913,1.50,4.17
2013.02.14 15:50:18.868,1.00894,1.00911,1.50,1.32
2013.02.14 15:50:19.108,1.00894,1.00911,1.50,1.32
2013.02.14 15:50:19.251,1.00894,1.00911,1.50,2.07
2013.02.14 15:50:23.490,1.00892,1.00911,1.50,3.49
2013.02.14 15:50:23.989,1.00892,1.0091,1.50,1.50
2013.02.14 15:50:24.048,1.00892,1.00909,1.50,2.82
2013.02.14 15:50:24.588,1.00889,1.00907,1.50,1.13
2013.02.14 15:50:25.628,1.00888,1.00906,1.50,2.55
2013.02.14 15:50:26.862,1.00888,1.00906,1.50,4.65
2013.02.14 15:50:27.171,1.00884,1.00898,1.50,1.43
2013.02.14 15:50:27.418,1.00881,1.00898,3.00,1.80
2013.02.14 15:50:27.539,1.00881,1.00894,1.50,1.43
2013.02.14 15:50:27.721,1.0088,1.00894,1.13,1.43
2013.02.14 15:50:27.970,1.00879,1.00897,2.25,2.55
2013.02.14 15:50:28.518,1.00879,1.00895,1.50,1.43
2013.02.14 15:50:28.709,1.00879,1.00895,3.00,1.43
2013.02.14 15:50:29.007,1.00879,1.00895,1.50,1.43
2013.02.14 15:50:29.693,1.00879,1.00897,1.50,2.18
2013.02.14 15:50:29.778,1.00876,1.00892,1.88,2.18
2013.02.14 15:50:30.089,1.0088,1.00893,1.50,1.13
2013.02.14 15:50:30.158,1.0088,1.00897,1.50,1.50
2013.02.14 15:50:30.550,1.0088,1.00899,1.50,2.93
2013.02.14 15:50:31.139,1.00881,1.00899,1.50,2.18
2013.02.14 15:50:32.648,1.00883,1.00899,1.50,2.18
2013.02.14 15:50:33.058,1.00882,1.00891,1.88,1.43
2013.02.14 15:50:33.178,1.0088,1.00889,1.20,1.35
2013.02.14 15:50:33.239,1.00877,1.0089,1.13,1.73
2013.02.14 15:50:33.361,1.00877,1.00887,1.13,1.43
2013.02.14 15:50:33.429,1.00876,1.00889,1.50,1.43
2013.02.14 15:50:33.731,1.00868,1.00884,1.35,1.43
2013.02.14 15:50:33.859,1.00868,1.00885,1.35,1.32
2013.02.14 15:50:34.160,1.00864,1.00878,1.35,1.32
2013.02.14 15:50:34.218,1.00864,1.00878,1.20,1.32
2013.02.14 15:50:34.405,1.00866,1.00881,1.20,3.00
2013.02.14 15:50:34.948,1.00866,1.00883,1.50,1.13
2013.02.14 15:50:35.069,1.00867,1.00884,1.13,1.13
2013.02.14 15:50:35.130,1.00867,1.00884,1.88,1.13
2013.02.14 15:50:35.258,1.00869,1.00887,1.50,1.13
2013.02.14 15:50:35.798,1.00869,1.00887,1.50,1.13
2013.02.14 15:50:36.158,1.00866,1.00886,2.93,1.50
2013.02.14 15:50:36.458,1.00866,1.00883,1.50,1.43
2013.02.14 15:50:37.510,1.00864,1.0088,1.50,1.43
2013.02.14 15:50:38.051,1.00861,1.00879,1.50,1.13
2013.02.14 15:50:38.594,1.00862,1.00881,1.43,1.50
2013.02.14 15:50:40.539,1.00861,1.0088,1.50,2.18
2013.02.14 15:50:42.218,1.00861,1.0088,2.82,2.18
2013.02.14 15:50:42.532,1.00865,1.00882,1.50,1.43
2013.02.14 15:50:42.952,1.00861,1.00879,1.50,1.05
2013.02.14 15:50:43.149,1.00857,1.00875,1.43,2.85
2013.02.14 15:50:43.209,1.00856,1.00873,1.50,1.43
2013.02.14 15:50:43.508,1.00856,1.00873,1.50,2.55
2013.02.14 15:50:43.878,1.00855,1.00873,1.50,3.68
2013.02.14 15:50:44.359,1.00856,1.00873,3.49,1.28
2013.02.14 15:50:44.660,1.00859,1.00877,1.35,2.93
2013.02.14 15:50:45.120,1.00863,1.00877,1.50,1.50
2013.02.14 15:50:45.299,1.00863,1.00878,1.50,2.18
2013.02.14 15:50:45.918,1.00863,1.00879,1.50,4.35
2013.02.14 15:50:46.099,1.00859,1.00877,2.18,2.74
2013.02.14 15:50:46.158,1.00859,1.00876,1.43,1.50
2013.02.14 15:50:46.785,1.00857,1.00874,1.50,2.70
2013.02.14 15:50:48.618,1.00857,1.00872,1.50,1.43
2013.02.14 15:50:49.160,1.00857,1.00872,1.50,1.43
2013.02.14 15:50:50.023,1.00856,1.00872,2.18,4.28
2013.02.14 15:50:50.328,1.00858,1.00868,3.75,1.95
2013.02.14 15:50:50.510,1.00853,1.00867,3.75,1.43
2013.02.14 15:50:51.118,1.00856,1.00867,3.75,1.28
2013.02.14 15:50:51.299,1.00852,1.00866,3.75,2.18
2013.02.14 15:50:51.679,1.00852,1.00866,3.75,2.18
2013.02.14 15:50:52.208,1.00852,1.00866,3.75,2.18
2013.02.14 15:50:54.508,1.00852,1.00864,3.75,2.18
2013.02.14 15:50:55.650,1.00856,1.00866,3.75,2.18
2013.02.14 15:50:55.719,1.00852,1.00866,3.75,2.18
2013.02.14 15:50:55.779,1.00852,1.00866,3.75,2.18
2013.02.14 15:50:55.958,1.00855,1.00866,3.75,2.55
2013.02.14 15:50:56.199,1.00855,1.00866,3.75,2.18
2013.02.14 15:51:00.945,1.00855,1.00868,3.75,2.18
2013.02.14 15:51:03.759,1.00853,1.00867,3.75,1.84
2013.02.14 15:51:04.269,1.00853,1.00867,3.75,2.59
2013.02.14 15:51:04.790,1.00853,1.00867,3.75,2.59
2013.02.14 15:51:04.858,1.00853,1.00867,3.75,2.59
2013.02.14 15:51:05.429,1.00856,1.00867,3.75,2.59
2013.02.14 15:51:05.489,1.00856,1.00867,3.75,1.28
2013.02.14 15:51:08.338,1.00856,1.00869,3.75,2.78
2013.02.14 15:51:09.708,1.00856,1.00869,1.50,2.78
2013.02.14 15:51:09.769,1.00858,1.00869,3.75,1.50
2013.02.14 15:51:10.109,1.00863,1.00875,1.50,1.28
2013.02.14 15:51:11.559,1.00859,1.00875,2.85,1.28
2013.02.14 15:51:11.620,1.00859,1.00875,1.43,1.92
2013.02.14 15:51:11.860,1.00857,1.00872,4.50,2.03
2013.02.14 15:51:11.989,1.00861,1.00871,1.88,2.03
2013.02.14 15:51:12.048,1.00858,1.0087,1.50,1.35
2013.02.14 15:51:12.169,1.00859,1.00873,1.43,1.28
2013.02.14 15:51:12.349,1.00859,1.00875,2.10,2.93
2013.02.14 15:51:12.591,1.00859,1.00874,2.10,1.65
2013.02.14 15:51:12.660,1.00859,1.00874,1.43,2.22
2013.02.14 15:51:13.208,1.00859,1.00873,1.43,2.14
2013.02.14 15:51:13.569,1.00862,1.00873,1.50,1.50
2013.02.14 15:51:13.869,1.00863,1.00878,1.43,2.93
2013.02.14 15:51:14.299,1.00858,1.00872,2.18,1.43
2013.02.14 15:51:14.358,1.00858,1.00869,2.25,2.10
2013.02.14 15:51:14.910,1.00856,1.00869,3.75,2.10
2013.02.14 15:51:15.030,1.00852,1.00867,4.43,1.43
2013.02.14 15:51:15.539,1.00853,1.00867,1.43,1.43
2013.02.14 15:51:16.321,1.00852,1.00865,3.75,2.10
2013.02.14 15:51:16.628,1.0086,1.00865,3.75,1.95
2013.02.14 15:51:16.750,1.00857,1.00865,1.50,1.43
2013.02.14 15:51:16.809,1.00856,1.00868,3.75,1.28
2013.02.14 15:51:16.990,1.00856,1.00871,1.43,3.00
2013.02.14 15:51:17.109,1.00856,1.00871,1.50,1.50
2013.02.14 15:51:17.290,1.00858,1.00871,2.18,1.50
2013.02.14 15:51:17.828,1.00859,1.00873,1.43,2.18
2013.02.14 15:51:18.241,1.00856,1.00868,1.50,2.70
2013.02.14 15:51:18.370,1.00852,1.00865,3.68,2.18
2013.02.14 15:51:18.919,1.00852,1.00865,3.75,2.18
2013.02.14 15:51:21.158,1.00852,1.00868,3.75,2.18
2013.02.14 15:51:21.341,1.00856,1.00869,3.75,3.00
2013.02.14 15:51:21.859,1.00856,1.00869,3.75,2.85
2013.02.14 15:51:22.311,1.00859,1.00871,1.32,1.50
2013.02.14 15:51:22.501,1.00859,1.00875,1.99,1.43
2013.02.14 15:51:22.570,1.0086,1.00875,1.24,1.43
2013.02.14 15:51:22.808,1.00862,1.00877,2.07,1.43
2013.02.14 15:51:23.802,1.00862,1.00877,2.07,2.55
2013.02.14 15:51:24.309,1.00862,1.00875,2.07,1.13
2013.02.14 15:51:24.493,1.00862,1.00876,2.07,1.73
2013.02.14 15:51:25.039,1.00862,1.00877,1.32,2.18
2013.02.14 15:51:25.100,1.00862,1.00877,1.32,1.43
2013.02.14 15:51:25.169,1.0086,1.00878,1.24,1.50
2013.02.14 15:51:25.689,1.0086,1.00877,2.74,1.50
2013.02.14 15:51:26.262,1.0086,1.00878,2.74,2.85
2013.02.14 15:51:26.329,1.0086,1.00878,2.93,2.10
2013.02.14 15:51:27.005,1.0086,1.00878,2.74,1.35
2013.02.14 15:51:32.578,1.00862,1.00878,1.43,1.35
2013.02.14 15:51:32.639,1.00867,1.00879,1.32,1.50
2013.02.14 15:51:32.998,1.00873,1.00885,1.32,1.43
2013.02.14 15:51:33.119,1.00873,1.00887,1.32,1.35
2013.02.14 15:51:33.239,1.00875,1.00892,2.74,1.20
2013.02.14 15:51:33.827,1.00877,1.00892,2.10,1.43
2013.02.14 15:51:33.911,1.00877,1.0089,1.32,1.35
2013.02.14 15:51:34.161,1.00877,1.00892,1.50,1.35
2013.02.14 15:51:34.290,1.00877,1.0089,1.50,1.35
2013.02.14 15:51:34.480,1.00875,1.0089,1.73,1.35
2013.02.14 15:51:35.288,1.00873,1.00891,2.25,3.53
2013.02.14 15:51:36.062,1.00876,1.00891,1.50,3.53
2013.02.14 15:51:42.810,1.00876,1.0089,1.50,1.05
2013.02.14 15:51:43.892,1.00876,1.00889,1.50,2.10
2013.02.14 15:51:44.759,1.00876,1.00889,1.50,2.18
2013.02.14 15:51:45.383,1.00876,1.00889,1.50,2.93
2013.02.14 15:51:45.689,1.00874,1.00889,1.50,2.55
2013.02.14 15:51:46.198,1.00874,1.00889,1.50,2.18
2013.02.14 15:51:46.648,1.00874,1.00885,1.50,1.43
2013.02.14 15:51:48.539,1.00871,1.00883,2.25,1.43
2013.02.14 15:51:48.660,1.00869,1.00879,2.25,2.10
2013.02.14 15:51:48.791,1.00866,1.00878,1.50,1.43
2013.02.14 15:51:48.862,1.00866,1.00874,1.50,1.43
2013.02.14 15:51:49.070,1.00865,1.00876,2.25,1.43
2013.02.14 15:51:49.141,1.00865,1.00879,2.25,2.78
2013.02.14 15:51:49.705,1.00865,1.00879,1.50,2.85
2013.02.14 15:51:51.226,1.00868,1.00879,1.50,2.85
2013.02.14 15:51:51.348,1.00873,1.00884,1.50,1.43
2013.02.14 15:51:51.410,1.0087,1.00884,2.93,1.43
2013.02.14 15:51:52.019,1.0087,1.00887,2.85,2.85
2013.02.14 15:51:52.138,1.00873,1.00887,2.25,2.10
2013.02.14 15:51:52.928,1.00873,1.00889,3.00,2.48
2013.02.14 15:51:53.444,1.0087,1.00886,3.57,1.43
2013.02.14 15:51:54.001,1.00872,1.00887,1.50,1.43
2013.02.14 15:51:54.348,1.00872,1.00883,1.50,1.43
2013.02.14 15:51:54.650,1.00879,1.00889,1.50,2.18
2013.02.14 15:51:54.713,1.00879,1.00892,1.50,2.18
2013.02.14 15:51:54.854,1.00879,1.00894,1.50,1.43
2013.02.14 15:51:55.278,1.00881,1.00898,1.50,2.18
2013.02.14 15:51:55.579,1.00881,1.00897,2.25,1.13
2013.02.14 15:51:55.940,1.00888,1.00903,2.18,2.18
2013.02.14 15:51:56.358,1.0089,1.00905,1.43,1.28
2013.02.14 15:51:56.789,1.00892,1.00908,1.50,1.28
2013.02.14 15:51:56.850,1.00894,1.00908,1.50,1.28
2013.02.14 15:51:57.239,1.00895,1.00909,1.50,2.03
2013.02.14 15:51:57.800,1.00897,1.00913,1.43,1.50
2013.02.14 15:51:57.989,1.00898,1.00915,1.43,1.28
2013.02.14 15:52:01.511,1.009,1.00915,1.50,1.28
2013.02.14 15:52:01.700,1.00904,1.00917,1.50,2.78
2013.02.14 15:52:02.259,1.00905,1.00919,1.50,1.28
2013.02.14 15:52:05.639,1.00902,1.00917,2.25,1.28
2013.02.14 15:52:05.894,1.00902,1.00916,2.25,1.05
2013.02.14 15:52:06.140,1.00898,1.00914,2.93,1.28
2013.02.14 15:52:06.769,1.00898,1.00914,2.93,1.80
2013.02.14 15:52:06.829,1.00898,1.00911,1.50,1.28
2013.02.14 15:52:07.069,1.00895,1.00911,2.18,1.28
2013.02.14 15:52:07.128,1.00898,1.00911,1.50,1.28
2013.02.14 15:52:07.369,1.00905,1.00919,2.25,1.28
2013.02.14 15:52:08.018,1.00904,1.00912,2.25,1.05
2013.02.14 15:52:08.138,1.00902,1.00917,1.73,3.75
2013.02.14 15:52:08.438,1.00897,1.00913,1.50,1.28
2013.02.14 15:52:08.559,1.00896,1.00909,1.88,1.28
2013.02.14 15:52:08.808,1.00895,1.00909,1.13,1.28
2013.02.14 15:52:09.498,1.00894,1.00909,1.50,2.03
2013.02.14 15:52:09.910,1.00897,1.00909,1.50,2.03
2013.02.14 15:52:10.154,1.00897,1.0091,1.50,1.28
2013.02.14 15:52:11.589,1.00898,1.00913,1.50,1.50
2013.02.14 15:52:11.648,1.00898,1.00913,1.50,1.50
2013.02.14 15:52:12.154,1.00899,1.00912,1.50,1.28
2013.02.14 15:52:13.418,1.00899,1.00914,1.50,1.28
2013.02.14 15:52:14.171,1.00899,1.00914,2.18,1.43
2013.02.14 15:52:16.872,1.00906,1.00915,1.50,1.28
2013.02.14 15:52:16.957,1.00908,1.00919,1.43,1.28
2013.02.14 15:52:17.148,1.00908,1.00922,1.80,1.50
2013.02.14 15:52:17.209,1.00909,1.00922,1.13,1.35
2013.02.14 15:52:17.755,1.00908,1.00923,2.55,1.35
2013.02.14 15:52:19.181,1.00909,1.00923,1.13,1.35
2013.02.14 15:52:19.428,1.00907,1.00922,1.50,1.35
2013.02.14 15:52:19.488,1.00907,1.00922,1.50,1.35
2013.02.14 15:52:20.121,1.00906,1.00922,1.50,1.95
2013.02.14 15:52:20.271,1.00906,1.00922,1.50,1.35
2013.02.14 15:52:20.786,1.00907,1.00923,1.50,1.35
2013.02.14 15:52:22.068,1.00907,1.00923,1.50,1.35
2013.02.14 15:52:22.799,1.00907,1.00923,1.50,1.35
2013.02.14 15:52:23.720,1.00907,1.00923,1.50,2.10
2013.02.14 15:52:24.018,1.00908,1.00923,1.13,1.50
2013.02.14 15:52:24.258,1.00908,1.00926,2.55,1.35
2013.02.14 15:52:24.999,1.00911,1.00926,1.50,2.10
2013.02.14 15:52:25.429,1.00913,1.00926,2.25,2.10
2013.02.14 15:52:25.667,1.00916,1.0093,1.28,1.50
2013.02.14 15:52:25.968,1.00917,1.00933,1.50,1.50
2013.02.14 15:52:26.088,1.00917,1.00934,2.25,1.35
2013.02.14 15:52:27.341,1.00919,1.00934,1.50,1.35
2013.02.14 15:52:27.481,1.00922,1.00937,1.50,2.55
2013.02.14 15:52:27.609,1.00923,1.00937,1.13,1.13
2013.02.14 15:52:28.187,1.00923,1.00939,2.18,1.50
2013.02.14 15:52:28.880,1.00923,1.0094,2.18,1.13
2013.02.14 15:52:29.088,1.00923,1.0094,2.18,1.88
2013.02.14 15:52:30.001,1.00923,1.00936,1.13,1.50
2013.02.14 15:52:30.131,1.0092,1.00936,1.50,1.50
2013.02.14 15:52:30.678,1.00923,1.00937,1.13,1.05
2013.02.14 15:52:30.739,1.00923,1.00939,1.13,1.43
2013.02.14 15:52:31.308,1.00922,1.0094,3.30,1.13
2013.02.14 15:52:31.601,1.00927,1.00941,2.93,1.50
2013.02.14 15:52:31.729,1.00928,1.00946,3.90,2.44
2013.02.14 15:52:31.788,1.0093,1.00946,1.13,2.44
2013.02.14 15:52:32.619,1.0093,1.00943,1.13,2.18
2013.02.14 15:52:32.739,1.00928,1.00941,1.50,1.43
2013.02.14 15:52:32.859,1.00927,1.00941,1.13,4.24
2013.02.14 15:52:33.243,1.00927,1.00939,1.13,1.32
2013.02.14 15:52:33.320,1.00924,1.00939,1.13,1.32
2013.02.14 15:52:33.659,1.00923,1.00938,1.50,2.25
2013.02.14 15:52:33.731,1.00923,1.00937,1.50,1.50
2013.02.14 15:52:33.802,1.0092,1.00934,1.88,1.50
2013.02.14 15:52:33.882,1.00921,1.00933,1.13,1.50
2013.02.14 15:52:34.008,1.00918,1.00932,1.35,1.32
2013.02.14 15:52:34.069,1.00917,1.00933,2.18,1.50
2013.02.14 15:52:34.571,1.00918,1.00934,1.50,1.50
2013.02.14 15:52:35.217,1.00918,1.00933,1.50,1.28
2013.02.14 15:52:35.748,1.00921,1.00933,1.43,1.28
2013.02.14 15:52:36.259,1.00921,1.00935,2.18,1.28
2013.02.14 15:52:37.629,1.00921,1.00938,1.88,3.45
2013.02.14 15:52:38.259,1.00921,1.00936,1.50,2.25
2013.02.14 15:52:38.827,1.0092,1.00936,1.50,3.30
2013.02.14 15:52:42.229,1.00919,1.00936,3.75,2.55
2013.02.14 15:52:42.468,1.00923,1.00939,2.25,2.18
2013.02.14 15:52:45.549,1.00923,1.00939,1.50,2.18
2013.02.14 15:52:46.068,1.00923,1.00939,1.50,2.85
2013.02.14 15:52:46.970,1.00921,1.00938,2.25,1.28
2013.02.14 15:52:48.110,1.00921,1.00938,2.25,1.43
2013.02.14 15:52:48.168,1.00921,1.00938,2.25,1.43
2013.02.14 15:52:48.349,1.00922,1.0094,2.93,1.88
2013.02.14 15:52:48.654,1.00924,1.0094,1.50,1.50
2013.02.14 15:52:51.209,1.00926,1.00944,2.93,1.88
2013.02.14 15:52:51.630,1.00926,1.00941,1.13,1.50
2013.02.14 15:52:51.868,1.00924,1.00941,1.13,1.50
2013.02.14 15:52:52.868,1.00923,1.00941,3.30,1.50
2013.02.14 15:52:53.636,1.00922,1.00938,1.88,1.50
2013.02.14 15:52:55.088,1.00923,1.00938,1.32,1.50
2013.02.14 15:52:55.149,1.00925,1.00941,2.25,1.50
2013.02.14 15:52:55.327,1.00927,1.00944,1.32,2.18
2013.02.14 15:52:55.388,1.00927,1.00944,2.07,2.18
2013.02.14 15:52:55.638,1.00927,1.00944,2.07,2.18
2013.02.14 15:52:56.297,1.00927,1.00944,2.82,2.93
2013.02.14 15:52:58.099,1.00928,1.00944,1.50,2.93
2013.02.14 15:52:58.629,1.00927,1.00944,3.57,2.93
2013.02.14 15:53:02.121,1.00929,1.00948,2.18,1.95
2013.02.14 15:53:02.373,1.00933,1.0095,1.50,1.50
2013.02.14 15:53:03.831,1.00933,1.00954,2.93,6.60
2013.02.14 15:53:04.290,1.00934,1.00952,1.35,1.50
2013.02.14 15:53:04.649,1.00941,1.00957,1.50,1.50
2013.02.14 15:53:04.709,1.00941,1.00957,2.25,1.50
2013.02.14 15:53:05.232,1.00938,1.00958,3.45,1.13
2013.02.14 15:53:05.876,1.00937,1.00957,2.74,2.93
2013.02.14 15:53:06.062,1.0094,1.00957,1.50,2.55
2013.02.14 15:53:06.610,1.00944,1.00961,1.50,1.88
2013.02.14 15:53:07.339,1.00947,1.00963,2.93,1.88
2013.02.14 15:53:07.458,1.00947,1.00964,2.93,1.13
2013.02.14 15:53:08.139,1.0095,1.00965,1.50,1.50
2013.02.14 15:53:10.140,1.00947,1.00964,2.93,1.50
2013.02.14 15:53:10.379,1.00947,1.00962,1.43,2.18
2013.02.14 15:53:10.498,1.00945,1.00958,1.50,2.18
2013.02.14 15:53:10.700,1.00944,1.00958,2.18,2.18
2013.02.14 15:53:11.206,1.00942,1.00957,2.25,2.18
2013.02.14 15:53:11.750,1.00942,1.00957,2.25,2.18
2013.02.14 15:53:12.201,1.00942,1.00958,2.25,3.30
2013.02.14 15:53:13.769,1.00943,1.00959,6.53,1.50
2013.02.14 15:53:13.967,1.00949,1.00966,1.50,1.88
2013.02.14 15:53:14.033,1.00953,1.00967,1.50,2.25
2013.02.14 15:53:14.349,1.0096,1.00976,2.18,1.80
2013.02.14 15:53:14.678,1.00961,1.00976,1.50,1.50
2013.02.14 15:53:14.739,1.00961,1.00977,2.18,1.50
2013.02.14 15:53:15.319,1.00963,1.00982,1.43,3.94
2013.02.14 15:53:16.387,1.00962,1.00981,1.43,2.25
2013.02.14 15:53:16.579,1.0096,1.0098,4.35,2.18
2013.02.14 15:53:18.539,1.00964,1.00981,1.32,2.25
2013.02.14 15:53:19.053,1.00969,1.00987,2.18,1.50
2013.02.14 15:53:19.128,1.00969,1.00987,1.50,1.50
2013.02.14 15:53:20.359,1.00971,1.00986,1.50,1.13
2013.02.14 15:53:20.420,1.00968,1.00986,1.99,2.55
2013.02.14 15:53:20.491,1.00968,1.00982,1.43,1.43
2013.02.14 15:53:20.560,1.00964,1.0098,1.43,1.43
2013.02.14 15:53:21.200,1.00964,1.0098,1.43,2.18
2013.02.14 15:53:21.329,1.00962,1.00975,1.43,1.43
2013.02.14 15:53:21.640,1.0096,1.00972,1.43,1.43
2013.02.14 15:53:21.999,1.00956,1.0097,1.32,2.18
2013.02.14 15:53:22.059,1.00956,1.0097,1.32,2.18
2013.02.14 15:53:22.299,1.00955,1.00968,1.32,1.43
2013.02.14 15:53:22.668,1.00952,1.00969,1.50,2.55
2013.02.14 15:53:22.910,1.0095,1.00968,1.50,2.93
2013.02.14 15:53:22.970,1.00947,1.00966,3.60,1.13
2013.02.14 15:53:23.029,1.00947,1.00962,2.18,2.10
2013.02.14 15:53:23.091,1.00942,1.0096,2.25,3.30
2013.02.14 15:53:23.159,1.00941,1.0096,3.60,2.55
2013.02.14 15:53:23.698,1.00941,1.00959,1.43,1.88
2013.02.14 15:53:25.188,1.00942,1.00959,2.07,1.50
2013.02.14 15:53:25.490,1.00944,1.00961,1.50,1.13
2013.02.14 15:53:25.609,1.00947,1.00964,1.43,4.43
2013.02.14 15:53:25.909,1.00949,1.00964,4.20,1.50
2013.02.14 15:53:26.219,1.00951,1.00965,1.50,1.32
2013.02.14 15:53:26.639,1.00947,1.00964,1.50,2.25
2013.02.14 15:53:27.103,1.00947,1.00963,1.43,2.07
2013.02.14 15:53:27.170,1.00947,1.00963,1.35,1.50
2013.02.14 15:53:27.300,1.00952,1.00965,1.43,1.50
2013.02.14 15:53:27.419,1.00951,1.00965,1.50,1.50
2013.02.14 15:53:27.538,1.00951,1.00968,1.50,2.25
2013.02.14 15:53:27.599,1.00951,1.00968,1.50,1.50
2013.02.14 15:53:28.139,1.00951,1.00969,1.50,1.50
2013.02.14 15:53:28.199,1.00951,1.00968,1.50,1.73
2013.02.14 15:53:28.320,1.00946,1.00961,1.43,1.50
2013.02.14 15:53:28.389,1.00942,1.00961,2.18,1.50
2013.02.14 15:53:28.933,1.00942,1.0096,2.18,1.50
2013.02.14 15:53:29.370,1.00941,1.0096,1.43,2.18
2013.02.14 15:53:30.109,1.00945,1.0096,1.43,1.50
2013.02.14 15:53:30.230,1.00948,1.00966,2.18,2.10
2013.02.14 15:53:30.351,1.00948,1.00967,4.99,2.55
2013.02.14 15:53:30.662,1.00951,1.00969,1.50,2.63
2013.02.14 15:53:31.043,1.00952,1.00971,1.50,2.55
2013.02.14 15:53:31.172,1.00954,1.00971,1.50,1.95
2013.02.14 15:53:33.770,1.00954,1.00971,1.50,2.18
2013.02.14 15:53:34.151,1.00957,1.00976,2.18,2.25
2013.02.14 15:53:34.220,1.00957,1.00976,2.18,1.50
2013.02.14 15:53:34.950,1.00956,1.00975,1.50,1.32
2013.02.14 15:53:35.258,1.00956,1.00973,2.93,1.32
2013.02.14 15:53:35.438,1.00956,1.00974,2.93,1.50
2013.02.14 15:53:37.934,1.00961,1.00975,2.10,1.50
2013.02.14 15:53:38.010,1.00967,1.00977,1.50,1.50
2013.02.14 15:53:38.092,1.00963,1.00977,3.68,1.50
2013.02.14 15:53:38.399,1.00964,1.00982,1.32,1.50
2013.02.14 15:53:38.460,1.00964,1.00983,2.07,1.50
2013.02.14 15:53:38.532,1.00966,1.00984,1.50,1.50
2013.02.14 15:53:38.842,1.00972,1.00987,2.07,1.13
2013.02.14 15:53:38.912,1.00971,1.00988,2.85,1.50
2013.02.14 15:53:38.980,1.00971,1.00988,1.50,1.50
2013.02.14 15:53:39.349,1.00968,1.00983,1.32,1.43
2013.02.14 15:53:39.880,1.00967,1.00983,2.25,2.48
2013.02.14 15:53:40.239,1.00967,1.00976,1.50,1.43
2013.02.14 15:53:40.540,1.00961,1.00976,2.70,2.18
2013.02.14 15:53:40.599,1.00963,1.00974,1.50,1.05
2013.02.14 15:53:40.899,1.00957,1.0097,1.50,1.43
2013.02.14 15:53:40.958,1.00957,1.0097,1.50,1.43
2013.02.14 15:53:41.019,1.00953,1.0097,1.50,1.43
2013.02.14 15:53:41.454,1.00953,1.0097,1.50,2.18
2013.02.14 15:53:41.578,1.00952,1.0097,1.50,2.18
2013.02.14 15:53:42.879,1.00953,1.00971,2.93,1.88
2013.02.14 15:53:45.990,1.00953,1.0097,2.93,1.32
2013.02.14 15:53:46.181,1.00947,1.00964,1.50,1.99
2013.02.14 15:53:46.370,1.00946,1.00963,1.50,3.83
2013.02.14 15:53:46.550,1.00947,1.00963,1.43,3.19
2013.02.14 15:53:47.091,1.00944,1.00962,2.93,1.32
2013.02.14 15:53:49.100,1.00944,1.00961,3.68,2.55
2013.02.14 15:53:49.160,1.00944,1.00961,1.50,2.55
2013.02.14 15:53:49.220,1.00941,1.00958,2.25,1.80
2013.02.14 15:53:49.964,1.00938,1.00958,2.93,2.10
2013.02.14 15:53:50.569,1.00939,1.00956,1.50,1.05
2013.02.14 15:53:51.119,1.00941,1.00956,2.18,1.50
2013.02.14 15:53:53.499,1.00938,1.00957,1.50,2.74
2013.02.14 15:53:53.981,1.00936,1.00954,2.18,1.13
2013.02.14 15:53:54.538,1.00934,1.00954,1.50,3.12
2013.02.14 15:53:54.780,1.00935,1.00952,1.32,1.88
2013.02.14 15:53:55.018,1.0093,1.00949,3.49,1.50
2013.02.14 15:53:55.318,1.0093,1.00948,1.32,2.55
2013.02.14 15:53:56.108,1.00929,1.00948,1.32,2.93
2013.02.14 15:53:56.901,1.00922,1.00941,3.68,2.18
2013.02.14 15:53:57.150,1.00921,1.00939,1.50,1.99
2013.02.14 15:53:57.329,1.0092,1.00939,1.32,2.93
2013.02.14 15:53:57.572,1.00924,1.00939,1.43,1.50
2013.02.14 15:53:57.701,1.00924,1.00944,2.74,2.25
2013.02.14 15:53:57.950,1.00922,1.0094,1.50,2.07
2013.02.14 15:53:58.010,1.00921,1.00939,1.05,2.74
2013.02.14 15:53:58.310,1.00919,1.00937,2.93,1.50
2013.02.14 15:53:58.733,1.00922,1.00939,2.93,1.32
2013.02.14 15:53:59.050,1.00918,1.00938,2.74,2.93
2013.02.14 15:53:59.229,1.00918,1.00938,2.93,3.87
2013.02.14 15:53:59.709,1.00922,1.00938,1.32,1.50
2013.02.14 15:54:00.030,1.00921,1.0094,2.18,2.18
2013.02.14 15:54:00.091,1.00921,1.0094,2.74,2.93
2013.02.14 15:54:00.701,1.00923,1.00939,1.50,2.18
2013.02.14 15:54:00.889,1.00922,1.00937,1.32,1.50
2013.02.14 15:54:01.631,1.00922,1.00936,1.88,1.43
2013.02.14 15:54:01.702,1.00918,1.00935,1.32,1.88
2013.02.14 15:54:02.309,1.00919,1.00935,1.99,1.50
2013.02.14 15:54:04.012,1.00919,1.00937,2.74,1.13
2013.02.14 15:54:04.319,1.00923,1.0094,1.99,1.88
2013.02.14 15:54:04.499,1.00923,1.0094,1.99,1.88
2013.02.14 15:54:04.739,1.00921,1.0094,1.32,2.93
2013.02.14 15:54:04.798,1.00921,1.0094,1.32,2.93
2013.02.14 15:54:05.118,1.00921,1.00938,1.32,1.13
2013.02.14 15:54:05.179,1.00921,1.00938,1.32,1.50
2013.02.14 15:54:05.359,1.00921,1.00938,1.32,1.13
2013.02.14 15:54:05.479,1.00921,1.00938,1.32,1.13
2013.02.14 15:54:05.780,1.00919,1.00936,1.32,1.13
2013.02.14 15:54:06.138,1.00918,1.00933,1.32,1.50
2013.02.14 15:54:06.398,1.00918,1.00933,1.32,1.88
2013.02.14 15:54:06.889,1.00918,1.00933,1.32,1.50
2013.02.14 15:54:07.009,1.0092,1.00933,1.43,1.50
2013.02.14 15:54:07.190,1.0092,1.00928,1.43,2.10
2013.02.14 15:54:07.551,1.00913,1.00919,2.18,1.35
2013.02.14 15:54:07.621,1.00904,1.00919,3.08,1.95
2013.02.14 15:54:07.690,1.00902,1.00918,2.93,1.13
2013.02.14 15:54:08.001,1.009,1.00916,2.18,1.32
2013.02.14 15:54:08.188,1.00899,1.00914,1.50,1.43
2013.02.14 15:54:08.309,1.00899,1.00916,1.50,1.43
2013.02.14 15:54:08.430,1.009,1.00918,1.50,1.32
2013.02.14 15:54:08.669,1.00901,1.00919,1.50,2.93
2013.02.14 15:54:09.150,1.00902,1.00918,1.43,1.73
2013.02.14 15:54:09.690,1.00899,1.00916,1.50,1.69
2013.02.14 15:54:10.255,1.00898,1.00915,2.18,1.50
2013.02.14 15:54:11.489,1.009,1.00915,2.07,1.50
2013.02.14 15:54:11.609,1.00903,1.00916,1.43,1.50
2013.02.14 15:54:11.850,1.009,1.00917,1.50,1.32
2013.02.14 15:54:11.913,1.00897,1.00916,1.50,1.32
2013.02.14 15:54:11.980,1.00896,1.00914,2.93,1.32
2013.02.14 15:54:12.112,1.00896,1.00912,1.50,1.13
2013.02.14 15:54:12.181,1.00894,1.00912,2.93,1.13
2013.02.14 15:54:12.951,1.00894,1.00911,2.93,1.50
2013.02.14 15:54:13.030,1.00896,1.00911,2.18,1.50
2013.02.14 15:54:13.099,1.00896,1.00914,2.93,1.50
2013.02.14 15:54:13.288,1.00896,1.00914,2.93,1.50
2013.02.14 15:54:14.049,1.00896,1.00914,2.93,1.50
2013.02.14 15:54:14.503,1.00901,1.00914,2.18,1.50
2013.02.14 15:54:14.689,1.009,1.00916,1.50,1.50
2013.02.14 15:54:15.889,1.009,1.00916,1.50,1.50
2013.02.14 15:54:16.218,1.009,1.00916,1.50,1.88
2013.02.14 15:54:16.770,1.009,1.00916,1.50,1.50
2013.02.14 15:54:17.313,1.00899,1.00918,2.82,1.13
2013.02.14 15:54:17.562,1.00904,1.00919,1.43,1.13
2013.02.14 15:54:17.870,1.00912,1.00921,1.50,1.50
2013.02.14 15:54:18.168,1.00909,1.00927,3.00,1.50
2013.02.14 15:54:19.489,1.00912,1.0093,2.93,2.48
2013.02.14 15:54:19.995,1.00912,1.0093,1.43,3.94
2013.02.14 15:54:20.566,1.00912,1.00929,1.43,1.88
2013.02.14 15:54:20.959,1.00908,1.00926,2.18,3.75
2013.02.14 15:54:21.018,1.00908,1.00925,2.18,2.07
2013.02.14 15:54:21.388,1.00906,1.00924,2.93,1.88
2013.02.14 15:54:22.061,1.00907,1.00924,1.50,1.13
2013.02.14 15:54:22.591,1.00909,1.00926,2.18,3.04
2013.02.14 15:54:23.594,1.00909,1.00926,2.18,3.04
2013.02.14 15:54:24.298,1.00909,1.00926,2.18,3.04
2013.02.14 15:54:24.800,1.00909,1.00926,2.18,2.07
2013.02.14 15:54:24.876,1.00909,1.00926,2.93,2.07
2013.02.14 15:54:25.419,1.00909,1.00926,2.93,2.07
2013.02.14 15:54:26.248,1.00909,1.00926,2.93,1.50
2013.02.14 15:54:26.549,1.00909,1.00925,2.93,1.32
2013.02.14 15:54:26.789,1.00909,1.00925,2.93,1.32
2013.02.14 15:54:28.160,1.00909,1.00925,2.18,1.32
2013.02.14 15:54:28.900,1.00906,1.00923,1.50,3.68
2013.02.14 15:54:29.080,1.00902,1.0092,2.25,1.05
2013.02.14 15:54:29.149,1.00902,1.00919,1.50,1.47
2013.02.14 15:54:29.208,1.00902,1.00917,1.50,1.05
2013.02.14 15:54:29.449,1.00902,1.00918,1.50,1.50
2013.02.14 15:54:30.020,1.00902,1.00916,1.50,1.32
2013.02.14 15:54:30.558,1.00902,1.00916,1.50,1.32
2013.02.14 15:54:30.739,1.00899,1.00916,2.18,1.84
2013.02.14 15:54:30.860,1.00899,1.00914,2.18,1.13
2013.02.14 15:54:31.171,1.00899,1.00918,2.18,1.88
2013.02.14 15:54:31.429,1.00902,1.00918,1.50,2.25
2013.02.14 15:54:32.010,1.00901,1.00918,2.18,1.50
2013.02.14 15:54:32.772,1.00902,1.00918,1.50,2.25
2013.02.14 15:54:33.499,1.00902,1.00918,1.50,1.50
2013.02.14 15:54:34.247,1.00895,1.00911,2.85,1.32
2013.02.14 15:54:34.320,1.00895,1.00911,2.18,1.32
2013.02.14 15:54:34.880,1.00892,1.00909,2.93,1.54
2013.02.14 15:54:35.962,1.00892,1.00911,2.93,3.75
2013.02.14 15:54:36.439,1.00892,1.00911,2.93,2.33
2013.02.14 15:54:37.732,1.00892,1.00911,2.93,2.78
2013.02.14 15:54:38.288,1.00892,1.0091,2.93,1.28
2013.02.14 15:54:38.880,1.00892,1.00908,2.18,1.28
2013.02.14 15:54:38.941,1.00889,1.00907,1.50,2.18
2013.02.14 15:54:39.012,1.00887,1.00905,2.18,2.03
2013.02.14 15:54:39.079,1.00887,1.00905,1.43,2.78
2013.02.14 15:54:39.589,1.00887,1.00904,2.18,1.50
2013.02.14 15:54:39.649,1.00887,1.00905,3.68,2.03
2013.02.14 15:54:39.769,1.00892,1.00905,1.43,2.03
2013.02.14 15:54:39.948,1.00892,1.00908,1.43,1.50
2013.02.14 15:54:40.489,1.00892,1.0091,2.18,1.50
2013.02.14 15:54:40.609,1.00892,1.00909,2.93,1.50
2013.02.14 15:54:41.718,1.00892,1.00909,2.93,2.25
2013.02.14 15:54:42.078,1.00892,1.00909,1.43,1.50
2013.02.14 15:54:42.759,1.00892,1.00909,3.49,1.50
2013.02.14 15:54:43.120,1.0089,1.00908,1.50,1.13
2013.02.14 15:54:43.241,1.00891,1.00907,2.18,2.18
2013.02.14 15:54:43.368,1.00889,1.00905,1.32,2.18
2013.02.14 15:54:43.609,1.00889,1.00905,1.32,1.88
2013.02.14 15:54:43.968,1.00888,1.00905,2.18,1.88
2013.02.14 15:54:44.090,1.00892,1.00906,4.43,1.50
2013.02.14 15:54:44.149,1.00892,1.00909,4.43,2.48
2013.02.14 15:54:44.210,1.00892,1.00909,4.43,1.50
2013.02.14 15:54:44.330,1.00892,1.00909,1.50,1.32
2013.02.14 15:54:44.569,1.00887,1.00905,1.50,1.32
2013.02.14 15:54:44.878,1.00887,1.00905,1.50,3.42
2013.02.14 15:54:45.386,1.00887,1.00904,1.50,1.50
2013.02.14 15:54:47.300,1.00888,1.00903,1.50,1.13
2013.02.14 15:54:47.369,1.00888,1.00904,1.50,2.63
2013.02.14 15:54:47.925,1.00891,1.00905,2.18,1.43
2013.02.14 15:54:48.000,1.00893,1.00908,2.18,2.82
2013.02.14 15:54:48.579,1.00893,1.00907,2.18,1.50
2013.02.14 15:54:48.969,1.00897,1.00913,2.18,2.25
2013.02.14 15:54:49.030,1.00897,1.00911,2.18,1.32
2013.02.14 15:54:49.389,1.00897,1.00911,2.18,1.32
2013.02.14 15:54:49.689,1.00896,1.0091,1.50,1.50
2013.02.14 15:54:49.809,1.00896,1.00912,2.93,2.93
2013.02.14 15:54:50.002,1.00896,1.0091,2.93,1.43
2013.02.14 15:54:51.033,1.00896,1.00909,2.18,1.43
2013.02.14 15:54:51.158,1.00895,1.00909,1.32,1.43
2013.02.14 15:54:51.519,1.00893,1.00906,1.32,1.43
2013.02.14 15:54:52.218,1.0089,1.00905,2.74,1.43
2013.02.14 15:54:53.639,1.00892,1.00906,1.32,2.18
2013.02.14 15:54:54.227,1.00892,1.00905,1.32,1.43
2013.02.14 15:54:56.512,1.00891,1.00906,1.32,2.18
2013.02.14 15:54:57.382,1.00891,1.00905,1.32,1.43
2013.02.14 15:54:57.829,1.00893,1.00908,1.32,2.25
2013.02.14 15:54:57.950,1.00892,1.00909,4.92,1.80
2013.02.14 15:54:58.329,1.0089,1.00906,2.18,2.10
2013.02.14 15:54:58.630,1.00887,1.00897,1.50,1.43
2013.02.14 15:54:58.749,1.00882,1.00896,2.25,1.43
2013.02.14 15:54:59.419,1.00882,1.00898,2.07,1.65
2013.02.14 15:54:59.478,1.00882,1.00898,1.50,1.65
2013.02.14 15:54:59.658,1.00882,1.00898,1.50,1.80
2013.02.14 15:55:04.036,1.00881,1.00899,2.93,2.25
2013.02.14 15:55:04.169,1.00882,1.00896,1.50,1.43
2013.02.14 15:55:04.589,1.00882,1.00896,1.50,1.50
2013.02.14 15:55:04.709,1.00882,1.00897,1.50,2.18
2013.02.14 15:55:04.965,1.00882,1.00896,1.50,1.43
2013.02.14 15:55:05.149,1.00882,1.00897,1.50,2.18
2013.02.14 15:55:05.630,1.00882,1.00899,2.93,1.50
2013.02.14 15:55:07.599,1.00887,1.009,1.50,2.25
2013.02.14 15:55:07.901,1.00887,1.00902,4.54,1.50
2013.02.14 15:55:08.209,1.00888,1.00904,2.18,1.50
2013.02.14 15:55:08.510,1.0089,1.00904,1.50,2.18
2013.02.14 15:55:09.048,1.00888,1.00902,2.18,1.43
2013.02.14 15:55:09.622,1.00888,1.00902,1.43,1.43
2013.02.14 15:55:10.189,1.0089,1.00904,1.43,1.43
2013.02.14 15:55:10.548,1.00891,1.00904,1.50,1.35
2013.02.14 15:55:10.889,1.00891,1.00903,1.50,1.35
2013.02.14 15:55:10.953,1.00888,1.00903,1.50,2.10
2013.02.14 15:55:11.019,1.00887,1.00903,2.74,2.10
2013.02.14 15:55:11.090,1.00887,1.00902,2.74,1.35
2013.02.14 15:55:14.239,1.00883,1.009,3.49,2.10
2013.02.14 15:55:14.359,1.00883,1.009,2.93,2.10
2013.02.14 15:55:14.478,1.00884,1.00899,1.09,1.80
2013.02.14 15:55:14.539,1.00884,1.00899,1.09,2.55
2013.02.14 15:55:14.849,1.00884,1.009,1.84,1.43
2013.02.14 15:55:15.332,1.00884,1.00898,1.09,1.13
2013.02.14 15:55:15.400,1.00883,1.00898,1.84,1.35
2013.02.14 15:55:15.758,1.00881,1.00896,1.50,1.50
2013.02.14 15:55:16.150,1.00881,1.00893,1.50,1.05
2013.02.14 15:55:17.318,1.00881,1.00895,1.50,1.50
2013.02.14 15:55:18.800,1.00881,1.00895,2.93,1.95
2013.02.14 15:55:20.079,1.00879,1.00893,1.50,2.85
2013.02.14 15:55:20.210,1.0088,1.00894,2.18,1.65
2013.02.14 15:55:20.458,1.00883,1.00897,2.18,1.80
2013.02.14 15:55:21.329,1.00883,1.00897,1.43,1.80
2013.02.14 15:55:21.690,1.00881,1.00896,1.50,2.10
2013.02.14 15:55:21.748,1.00881,1.00896,1.50,1.43
2013.02.14 15:55:21.808,1.00881,1.00895,1.50,1.50
2013.02.14 15:55:22.550,1.00879,1.00893,2.18,1.43
2013.02.14 15:55:23.118,1.00879,1.00893,1.50,1.35
2013.02.14 15:55:23.520,1.00879,1.00894,1.50,2.85
2013.02.14 15:55:23.960,1.00878,1.00894,2.74,3.60
2013.02.14 15:55:24.028,1.00878,1.00894,2.18,3.60
2013.02.14 15:55:24.350,1.00874,1.00887,2.18,1.35
2013.02.14 15:55:24.648,1.00871,1.00887,2.93,1.35
2013.02.14 15:55:25.208,1.00871,1.00888,2.93,2.93
2013.02.14 15:55:25.839,1.00874,1.00888,1.50,2.93
2013.02.14 15:55:26.078,1.00871,1.00888,1.50,2.18
2013.02.14 15:55:26.800,1.00872,1.00886,1.50,1.43
2013.02.14 15:55:27.203,1.00872,1.00885,1.50,2.10
2013.02.14 15:55:29.025,1.00872,1.00885,1.50,1.43
2013.02.14 15:55:29.662,1.00872,1.00886,1.50,3.60
2013.02.14 15:55:29.729,1.00872,1.00885,1.50,1.35
2013.02.14 15:55:30.180,1.00872,1.00886,1.50,2.10
2013.02.14 15:55:30.340,1.00872,1.00886,1.50,2.10
2013.02.14 15:55:30.878,1.0087,1.00885,1.32,1.35
2013.02.14 15:55:30.939,1.0087,1.00885,1.32,1.35
2013.02.14 15:55:31.058,1.00866,1.00882,3.68,1.35
2013.02.14 15:55:31.179,1.00866,1.00881,2.93,1.35
2013.02.14 15:55:31.358,1.00866,1.00879,2.93,1.20
2013.02.14 15:55:32.110,1.00866,1.00879,2.93,1.20
2013.02.14 15:55:34.299,1.00866,1.00879,1.50,1.28
2013.02.14 15:55:34.669,1.00864,1.00878,1.50,1.43
2013.02.14 15:55:34.850,1.00864,1.00877,1.50,1.43
2013.02.14 15:55:35.090,1.0086,1.00876,3.00,2.40
2013.02.14 15:55:35.151,1.0086,1.00876,3.00,2.40
2013.02.14 15:55:35.399,1.0086,1.00874,1.50,2.10
2013.02.14 15:55:35.521,1.0086,1.00875,1.50,1.43
2013.02.14 15:55:35.939,1.00862,1.00876,1.50,1.50
2013.02.14 15:55:36.178,1.00865,1.0088,1.43,1.43
2013.02.14 15:55:36.792,1.00866,1.0088,1.50,1.43
2013.02.14 15:55:36.920,1.00866,1.0088,1.50,1.43
2013.02.14 15:55:37.171,1.00866,1.0088,1.50,1.43
2013.02.14 15:55:37.710,1.00866,1.00881,1.50,1.99
2013.02.14 15:55:38.470,1.00865,1.00884,3.68,3.53
2013.02.14 15:55:38.529,1.00869,1.00884,1.43,2.10
2013.02.14 15:55:38.919,1.0087,1.00882,1.43,1.35
2013.02.14 15:55:39.160,1.00868,1.00882,2.93,1.43
2013.02.14 15:55:39.460,1.00868,1.00885,2.93,1.05
2013.02.14 15:55:40.060,1.00868,1.00884,2.18,1.43
2013.02.14 15:55:40.599,1.0087,1.00882,1.43,1.35
2013.02.14 15:55:40.798,1.00868,1.00882,1.43,1.35
2013.02.14 15:55:41.038,1.00865,1.00883,2.93,1.35
2013.02.14 15:55:41.590,1.00865,1.00881,2.18,1.43
2013.02.14 15:55:43.279,1.00865,1.0088,2.18,1.50
2013.02.14 15:55:43.341,1.00865,1.0088,2.18,1.73
2013.02.14 15:55:43.410,1.00863,1.00875,1.50,1.50
2013.02.14 15:55:43.530,1.00861,1.00872,2.18,1.50
2013.02.14 15:55:43.949,1.00855,1.00872,2.18,1.50
2013.02.14 15:55:44.458,1.00855,1.0087,2.18,1.43
2013.02.14 15:55:45.101,1.00855,1.00869,2.18,1.43
2013.02.14 15:55:45.578,1.00855,1.00871,2.18,1.43
2013.02.14 15:55:46.082,1.00854,1.0087,1.50,1.43
2013.02.14 15:55:47.452,1.00855,1.0087,1.32,2.85
2013.02.14 15:55:47.590,1.00853,1.00869,2.93,1.43
2013.02.14 15:55:47.839,1.00851,1.00867,2.07,2.18
2013.02.14 15:55:48.202,1.00851,1.00866,1.32,1.50
2013.02.14 15:55:48.287,1.00851,1.00866,1.32,1.50
2013.02.14 15:55:49.059,1.00851,1.00866,1.32,1.43
2013.02.14 15:55:50.651,1.00853,1.00868,5.93,2.25
2013.02.14 15:55:50.960,1.00859,1.00872,2.18,1.43
2013.02.14 15:55:51.263,1.00863,1.00871,1.43,2.85
2013.02.14 15:55:51.330,1.00854,1.00869,1.32,2.18
2013.02.14 15:55:51.633,1.00853,1.00868,1.43,1.13
2013.02.14 15:55:52.060,1.0086,1.0087,1.35,1.13
2013.02.14 15:55:52.120,1.00857,1.00868,1.35,1.35
2013.02.14 15:55:52.180,1.00857,1.00868,2.10,4.35
2013.02.14 15:55:52.541,1.00848,1.00858,4.13,1.50
2013.02.14 15:55:52.669,1.0085,1.00856,2.10,1.50
2013.02.14 15:55:52.730,1.00845,1.00859,2.33,1.13
2013.02.14 15:55:52.919,1.00846,1.00856,1.50,1.50
2013.02.14 15:55:53.050,1.00844,1.00856,1.88,1.50
2013.02.14 15:55:53.300,1.00844,1.00858,2.25,1.35
2013.02.14 15:55:53.538,1.00846,1.00862,1.50,1.43
2013.02.14 15:55:53.599,1.00846,1.00862,1.50,1.43
2013.02.14 15:55:53.756,1.00846,1.00862,1.50,2.18
2013.02.14 15:55:54.069,1.00848,1.00862,2.18,1.50
2013.02.14 15:55:54.493,1.00853,1.00867,1.43,1.80
2013.02.14 15:55:54.562,1.00855,1.0087,1.43,2.93
2013.02.14 15:55:54.631,1.00852,1.0087,2.93,2.93
2013.02.14 15:55:54.700,1.00852,1.00868,2.93,1.32
2013.02.14 15:55:55.266,1.00852,1.0087,2.93,2.82
2013.02.14 15:55:55.510,1.00852,1.00868,2.93,1.32
2013.02.14 15:55:55.570,1.00852,1.00867,2.93,1.50
2013.02.14 15:55:55.929,1.0085,1.00867,1.50,2.25
2013.02.14 15:55:56.530,1.00849,1.00866,2.18,1.50
2013.02.14 15:55:56.839,1.00847,1.00864,3.68,1.50
2013.02.14 15:55:56.899,1.00847,1.00863,2.93,1.50
2013.02.14 15:55:57.019,1.00847,1.00864,2.18,2.25
2013.02.14 15:55:57.322,1.00849,1.00864,1.43,1.50
2013.02.14 15:55:57.886,1.00851,1.00866,1.43,1.50
2013.02.14 15:55:58.213,1.00859,1.00872,2.18,1.13
2013.02.14 15:55:58.459,1.00859,1.00875,2.18,1.50
2013.02.14 15:55:58.879,1.00862,1.00876,2.25,1.50
2013.02.14 15:55:59.242,1.00867,1.00881,2.18,2.55
2013.02.14 15:55:59.550,1.00867,1.00883,2.18,3.23
2013.02.14 15:55:59.729,1.00868,1.00883,1.50,1.73
2013.02.14 15:55:59.790,1.00868,1.00885,1.50,2.78
2013.02.14 15:55:59.859,1.00868,1.00886,2.93,1.50
2013.02.14 15:55:59.979,1.00872,1.00887,1.50,1.50
2013.02.14 15:56:00.519,1.0087,1.00887,2.18,2.25
2013.02.14 15:56:00.581,1.0087,1.00887,2.18,2.25
2013.02.14 15:56:00.649,1.0087,1.00887,2.18,2.25
2013.02.14 15:56:01.192,1.00868,1.00886,2.48,1.50
2013.02.14 15:56:08.446,1.00869,1.00884,2.18,1.50
2013.02.14 15:56:08.761,1.00869,1.00883,2.18,1.50
2013.02.14 15:56:08.949,1.00869,1.00885,2.18,1.50
2013.02.14 15:56:09.188,1.00869,1.00886,2.18,1.50
2013.02.14 15:56:09.373,1.00871,1.00887,1.43,1.50
2013.02.14 15:56:09.690,1.00868,1.00886,2.93,1.99
2013.02.14 15:56:10.178,1.00866,1.00883,3.68,1.32
2013.02.14 15:56:10.249,1.00866,1.00881,2.93,1.32
2013.02.14 15:56:10.789,1.00866,1.00882,2.93,2.82
2013.02.14 15:56:11.151,1.00862,1.0088,2.93,1.50
2013.02.14 15:56:11.458,1.00862,1.00877,1.50,2.18
2013.02.14 15:56:11.799,1.00862,1.00877,1.50,2.55
2013.02.14 15:56:13.439,1.00858,1.00877,2.18,2.55
2013.02.14 15:56:13.991,1.00861,1.00877,1.50,2.55
2013.02.14 15:56:14.874,1.00858,1.00877,2.18,2.55
2013.02.14 15:56:15.259,1.00861,1.00878,3.79,3.00
2013.02.14 15:56:15.380,1.00863,1.00878,1.50,2.25
2013.02.14 15:56:15.928,1.00862,1.00878,1.50,2.25
2013.02.14 15:56:18.458,1.00861,1.00878,2.93,1.50
2013.02.14 15:56:18.998,1.00861,1.00878,2.93,2.25
2013.02.14 15:56:19.358,1.00861,1.00878,2.93,1.88
2013.02.14 15:56:19.599,1.00865,1.00879,1.50,1.50
2013.02.14 15:56:19.719,1.00866,1.00881,1.50,1.13
2013.02.14 15:56:20.029,1.00864,1.00878,1.50,2.18
2013.02.14 15:56:20.389,1.00862,1.00876,1.05,1.13
2013.02.14 15:56:20.451,1.00861,1.00878,1.50,2.18
2013.02.14 15:56:20.698,1.00859,1.00876,2.55,1.50
2013.02.14 15:56:21.179,1.00861,1.00877,1.50,1.50
2013.02.14 15:56:21.718,1.00861,1.00878,1.50,2.93
2013.02.14 15:56:22.169,1.00858,1.00876,2.18,1.88
2013.02.14 15:56:22.230,1.00857,1.00874,2.93,1.32
2013.02.14 15:56:23.118,1.00856,1.00871,2.18,1.50
2013.02.14 15:56:23.299,1.00853,1.00871,2.18,2.82
2013.02.14 15:56:24.611,1.00853,1.0087,2.18,1.50
2013.02.14 15:56:26.358,1.0085,1.00868,1.50,2.07
2013.02.14 15:56:26.434,1.00848,1.00867,1.05,1.50
2013.02.14 15:56:26.741,1.00852,1.00868,1.43,3.19
2013.02.14 15:56:28.652,1.00852,1.00868,2.18,2.07
2013.02.14 15:56:28.960,1.00855,1.00871,1.50,1.50
2013.02.14 15:56:29.081,1.00855,1.00872,1.50,2.25
2013.02.14 15:56:29.150,1.00858,1.00872,1.43,2.25
2013.02.14 15:56:29.659,1.00858,1.00875,1.65,1.50
2013.02.14 15:56:29.970,1.00862,1.00876,2.18,1.50
2013.02.14 15:56:30.324,1.00865,1.00877,1.43,1.50
2013.02.14 15:56:30.390,1.00865,1.00882,1.43,2.82
2013.02.14 15:56:30.448,1.00867,1.00882,1.43,2.25
2013.02.14 15:56:31.660,1.00867,1.00882,2.74,1.50
2013.02.14 15:56:31.734,1.00868,1.00882,1.32,1.50
2013.02.14 15:56:32.049,1.00877,1.00891,2.25,1.13
2013.02.14 15:56:32.110,1.00878,1.00892,2.18,1.50
2013.02.14 15:56:32.349,1.00881,1.00895,2.18,1.05
2013.02.14 15:56:32.589,1.00881,1.00897,2.18,2.25
2013.02.14 15:56:33.100,1.00881,1.00897,2.18,1.50
2013.02.14 15:56:33.218,1.00881,1.00898,2.18,1.05
2013.02.14 15:56:34.372,1.00881,1.00896,2.18,1.13
2013.02.14 15:56:34.500,1.00876,1.00894,1.32,2.25
2013.02.14 15:56:35.229,1.00878,1.00894,2.18,1.50
2013.02.14 15:56:35.989,1.00876,1.00894,2.74,2.25
2013.02.14 15:56:36.496,1.00876,1.00894,2.74,2.25
2013.02.14 15:56:37.269,1.00876,1.00893,1.62,1.13
2013.02.14 15:56:37.509,1.00874,1.00891,1.50,1.13
2013.02.14 15:56:39.918,1.00876,1.0089,2.07,1.50
2013.02.14 15:56:40.436,1.00883,1.00896,1.43,2.25
2013.02.14 15:56:40.770,1.00885,1.00896,1.43,1.50
2013.02.14 15:56:40.888,1.00885,1.00899,1.43,2.25
2013.02.14 15:56:40.949,1.00882,1.00899,1.43,1.50
2013.02.14 15:56:41.129,1.00882,1.00898,1.43,2.07
2013.02.14 15:56:41.691,1.00878,1.00893,2.18,2.10
2013.02.14 15:56:41.942,1.00874,1.0089,1.32,1.50
2013.02.14 15:56:42.131,1.00874,1.00888,1.32,1.50
2013.02.14 15:56:42.261,1.00872,1.00888,1.32,2.25
2013.02.14 15:56:42.459,1.00875,1.00892,1.43,2.03
2013.02.14 15:56:42.579,1.00878,1.00892,1.43,1.50
2013.02.14 15:56:43.282,1.00878,1.00894,1.43,1.50
2013.02.14 15:56:45.639,1.00879,1.00896,1.43,1.50
2013.02.14 15:56:50.379,1.00879,1.00896,2.18,1.50
2013.02.14 15:56:55.240,1.0088,1.00898,1.50,2.25
2013.02.14 15:56:55.790,1.00883,1.00898,1.43,1.50
2013.02.14 15:56:56.329,1.00883,1.00898,1.43,1.50
2013.02.14 15:56:56.879,1.00883,1.00898,2.18,1.50
2013.02.14 15:56:57.120,1.00887,1.00901,1.43,1.50
2013.02.14 15:56:57.850,1.00891,1.00906,1.43,2.25
2013.02.14 15:56:58.380,1.00891,1.00904,2.18,1.50
2013.02.14 15:56:58.740,1.00885,1.00902,2.18,1.32
2013.02.14 15:56:58.801,1.00882,1.00902,2.18,1.69
2013.02.14 15:56:59.111,1.00881,1.00897,1.50,1.50
2013.02.14 15:56:59.618,1.00882,1.00898,1.43,1.50
2013.02.14 15:57:00.399,1.00884,1.00899,1.43,1.50
2013.02.14 15:57:00.459,1.00884,1.00899,1.43,1.50
2013.02.14 15:57:00.639,1.00884,1.00902,1.43,2.25
2013.02.14 15:57:00.699,1.00888,1.00902,1.43,2.25
2013.02.14 15:57:02.030,1.00888,1.00902,1.43,2.25
2013.02.14 15:57:02.450,1.00888,1.00905,2.18,1.50
2013.02.14 15:57:02.570,1.00889,1.00905,1.32,1.50
2013.02.14 15:57:02.631,1.00891,1.00907,2.74,1.50
2013.02.14 15:57:03.141,1.00891,1.00907,2.18,1.50
2013.02.14 15:57:04.190,1.00888,1.00903,1.50,1.50
2013.02.14 15:57:04.310,1.00886,1.00903,2.07,1.50
2013.02.14 15:57:04.814,1.00886,1.00903,3.49,1.50
2013.02.14 15:57:05.031,1.00886,1.00899,2.93,1.50
2013.02.14 15:57:05.340,1.00882,1.00891,2.18,1.13
2013.02.14 15:57:05.699,1.00874,1.00888,1.50,1.50
2013.02.14 15:57:06.119,1.00875,1.00888,1.50,1.50
2013.02.14 15:57:07.289,1.0087,1.00886,2.18,1.88
2013.02.14 15:57:07.728,1.00873,1.00888,2.18,1.50
2013.02.14 15:57:08.233,1.00873,1.00888,2.18,1.50
2013.02.14 15:57:08.359,1.00873,1.00888,2.18,4.09
2013.02.14 15:57:08.659,1.0087,1.00886,2.18,1.43
2013.02.14 15:57:11.499,1.00868,1.00884,2.85,2.82
2013.02.14 15:57:12.799,1.00866,1.0088,1.43,1.50
2013.02.14 15:57:13.315,1.00865,1.0088,1.43,1.50
2013.02.14 15:57:13.951,1.00863,1.00878,2.85,1.05
2013.02.14 15:57:14.258,1.00862,1.00877,1.32,1.05
2013.02.14 15:57:15.360,1.00862,1.00878,2.74,1.43
2013.02.14 15:57:16.001,1.0086,1.00878,2.18,2.93
2013.02.14 15:57:16.970,1.00861,1.00878,1.50,2.03
2013.02.14 15:57:17.287,1.00859,1.00876,2.18,1.50
2013.02.14 15:57:17.349,1.0086,1.00876,1.43,1.50
2013.02.14 15:57:18.820,1.00862,1.00877,2.74,1.28
2013.02.14 15:57:18.882,1.00862,1.00879,2.74,2.70
2013.02.14 15:57:19.399,1.00862,1.00878,1.32,1.50
2013.02.14 15:57:19.878,1.00862,1.00878,1.99,1.50
2013.02.14 15:57:23.550,1.00866,1.00879,1.32,1.13
2013.02.14 15:57:23.609,1.00865,1.00879,2.25,1.13
2013.02.14 15:57:23.669,1.00865,1.0088,2.25,1.28
2013.02.14 15:57:23.790,1.00863,1.0088,2.18,1.50
2013.02.14 15:57:25.005,1.00863,1.0088,2.18,1.50
2013.02.14 15:57:27.718,1.00863,1.00879,2.18,1.50
2013.02.14 15:57:28.139,1.00862,1.00878,1.43,1.50
2013.02.14 15:57:31.299,1.00865,1.0088,1.32,1.13
2013.02.14 15:57:31.818,1.00864,1.0088,1.43,1.50
2013.02.14 15:57:33.269,1.00864,1.00882,1.99,2.93
2013.02.14 15:57:34.810,1.00864,1.00881,2.18,3.00
2013.02.14 15:57:35.314,1.00864,1.0088,2.18,1.43
2013.02.14 15:57:35.952,1.00862,1.00878,1.43,1.28
2013.02.14 15:57:36.221,1.00862,1.00878,1.43,1.28
2013.02.14 15:57:36.829,1.00862,1.00879,1.43,2.18
2013.02.14 15:57:37.009,1.00862,1.00879,2.18,2.85
2013.02.14 15:57:37.570,1.00862,1.00879,2.18,1.43
2013.02.14 15:57:38.163,1.00862,1.0088,2.85,1.50
2013.02.14 15:57:38.962,1.00862,1.0088,2.85,1.50
2013.02.14 15:57:39.030,1.00862,1.0088,2.85,1.50
2013.02.14 15:57:39.211,1.00864,1.0088,1.43,3.00
2013.02.14 15:57:39.883,1.00863,1.00879,2.10,1.43
2013.02.14 15:57:39.965,1.00867,1.00881,1.43,1.50
2013.02.14 15:57:40.486,1.00867,1.00882,1.43,2.18
2013.02.14 15:57:41.859,1.00867,1.00883,1.43,1.50
2013.02.14 15:57:42.219,1.00871,1.00885,1.43,2.25
2013.02.14 15:57:42.732,1.00872,1.00888,2.10,1.28
2013.02.14 15:57:43.168,1.00873,1.00888,1.35,1.50
2013.02.14 15:57:43.790,1.00874,1.00889,1.35,1.50
2013.02.14 15:57:44.579,1.00876,1.00891,3.53,2.25
2013.02.14 15:57:44.699,1.00876,1.00891,3.53,1.50
2013.02.14 15:57:45.759,1.00878,1.00891,1.35,1.50
2013.02.14 15:57:46.490,1.00878,1.00892,1.35,1.50
2013.02.14 15:57:47.060,1.00878,1.00892,2.10,1.50
2013.02.14 15:57:47.470,1.00878,1.00892,2.10,1.50
2013.02.14 15:57:47.649,1.00881,1.00896,2.10,1.88
2013.02.14 15:57:47.769,1.00878,1.00894,2.10,1.28
2013.02.14 15:57:48.300,1.00878,1.00893,2.10,1.50
2013.02.14 15:57:49.828,1.00878,1.00893,1.95,1.50
2013.02.14 15:57:50.369,1.00878,1.00892,1.20,1.50
2013.02.14 15:57:50.674,1.00878,1.00892,1.20,1.50
2013.02.14 15:57:51.010,1.00879,1.00892,1.35,1.50
2013.02.14 15:57:52.449,1.00879,1.00893,1.35,1.50
2013.02.14 15:57:52.630,1.00879,1.00894,1.35,1.50
2013.02.14 15:57:53.169,1.00877,1.00893,2.85,2.03
2013.02.14 15:57:53.289,1.00877,1.00893,3.54,2.03
2013.02.14 15:57:55.316,1.00877,1.00893,2.87,1.88
2013.02.14 15:57:56.250,1.00877,1.00893,1.50,1.50
2013.02.14 15:57:56.370,1.00877,1.00893,1.50,1.50
2013.02.14 15:57:56.498,1.00881,1.00893,1.32,1.50
2013.02.14 15:57:56.800,1.00885,1.00901,1.99,1.13
2013.02.14 15:57:57.049,1.00886,1.00901,1.50,1.13
2013.02.14 15:57:57.229,1.00888,1.00904,1.43,3.30
2013.02.14 15:57:57.289,1.00888,1.00904,1.43,3.30
2013.02.14 15:57:57.649,1.0089,1.00906,1.35,1.88
2013.02.14 15:57:58.210,1.00889,1.00906,2.18,1.88
2013.02.14 15:57:58.330,1.0089,1.00904,1.35,1.50
2013.02.14 15:57:58.451,1.00889,1.00904,2.10,1.88
2013.02.14 15:57:58.573,1.00889,1.00904,1.43,2.03
2013.02.14 15:57:58.814,1.00889,1.00904,1.43,1.28
2013.02.14 15:57:59.481,1.00889,1.00905,1.43,2.37
2013.02.14 15:58:00.320,1.00889,1.00905,1.43,2.07
2013.02.14 15:58:01.300,1.0089,1.00906,1.43,1.50
2013.02.14 15:58:01.920,1.0089,1.00906,1.43,2.07
2013.02.14 15:58:02.650,1.0089,1.00906,1.43,2.82
2013.02.14 15:58:02.957,1.00891,1.00906,1.43,1.50
2013.02.14 15:58:03.271,1.00896,1.00911,2.10,1.13
2013.02.14 15:58:03.882,1.00895,1.00911,1.50,1.13
2013.02.14 15:58:04.779,1.00893,1.00912,4.92,2.93
2013.02.14 15:58:05.090,1.00894,1.00913,2.18,1.50
2013.02.14 15:58:07.084,1.00891,1.00909,1.50,1.80
2013.02.14 15:58:08.498,1.00891,1.0091,1.50,2.55
2013.02.14 15:58:08.738,1.00892,1.00911,2.18,2.25
2013.02.14 15:58:08.799,1.00891,1.00909,2.18,1.32
2013.02.14 15:58:08.859,1.0089,1.00909,2.18,2.37
2013.02.14 15:58:09.369,1.00887,1.00907,3.00,1.05
2013.02.14 15:58:10.812,1.00891,1.00907,1.50,1.43
2013.02.14 15:58:11.159,1.00889,1.00908,2.18,1.50
2013.02.14 15:58:11.220,1.00887,1.00906,4.43,2.25
2013.02.14 15:58:11.280,1.00887,1.00901,4.43,1.43
2013.02.14 15:58:11.412,1.00887,1.009,1.50,1.24
2013.02.14 15:58:11.481,1.00884,1.00898,1.50,2.18
2013.02.14 15:58:11.609,1.00881,1.00898,1.50,2.18
2013.02.14 15:58:11.730,1.0088,1.00898,1.50,2.55
2013.02.14 15:58:12.231,1.0088,1.00898,1.50,3.30
2013.02.14 15:58:13.590,1.00881,1.00898,1.54,2.93
2013.02.14 15:58:13.649,1.00882,1.00898,1.50,1.50
2013.02.14 15:58:13.828,1.00882,1.00899,1.50,2.25
2013.02.14 15:58:14.039,1.00882,1.00899,1.50,2.25
2013.02.14 15:58:15.339,1.00882,1.00898,1.50,1.50
2013.02.14 15:58:17.360,1.00882,1.00898,1.73,1.50
2013.02.14 15:58:17.899,1.00881,1.00898,1.32,1.50
2013.02.14 15:58:19.759,1.0088,1.00899,1.50,3.30
2013.02.14 15:58:20.829,1.00881,1.00899,3.15,1.50
2013.02.14 15:58:21.189,1.00884,1.00901,2.40,2.18
2013.02.14 15:58:21.550,1.00891,1.00907,1.50,1.50
2013.02.14 15:58:21.860,1.00891,1.00908,1.50,2.18
2013.02.14 15:58:22.616,1.00892,1.00908,1.50,3.53
2013.02.14 15:58:23.278,1.00892,1.00908,1.50,1.43
2013.02.14 15:58:23.660,1.00892,1.00908,2.07,1.43
2013.02.14 15:58:23.971,1.00897,1.00911,1.50,1.43
2013.02.14 15:58:24.040,1.00898,1.00913,1.43,1.32
2013.02.14 15:58:24.583,1.00902,1.00916,1.43,3.75
2013.02.14 15:58:24.983,1.00902,1.00919,2.18,1.50
2013.02.14 15:58:26.099,1.00902,1.0092,2.18,1.05
2013.02.14 15:58:26.644,1.00905,1.00921,1.43,1.80
2013.02.14 15:58:26.830,1.00904,1.00921,2.18,1.05
2013.02.14 15:58:27.230,1.00904,1.00921,2.18,1.80
2013.02.14 15:58:27.750,1.00904,1.00921,2.93,1.80
2013.02.14 15:58:29.120,1.00904,1.00921,2.18,1.80
2013.02.14 15:58:29.526,1.00904,1.00921,2.18,1.05
2013.02.14 15:58:30.610,1.00904,1.00921,2.18,1.05
2013.02.14 15:58:32.589,1.00904,1.00921,2.18,1.80
2013.02.14 15:58:33.150,1.00904,1.00921,2.18,1.50
2013.02.14 15:58:33.714,1.00906,1.00922,1.43,1.80
2013.02.14 15:58:34.674,1.00904,1.00921,2.85,1.05
2013.02.14 15:58:35.110,1.00904,1.00921,1.43,1.05
2013.02.14 15:58:35.411,1.00914,1.00922,1.43,1.50
2013.02.14 15:58:35.650,1.00916,1.00932,3.49,1.50
2013.02.14 15:58:35.889,1.00917,1.00933,1.32,1.50
2013.02.14 15:58:36.010,1.00921,1.00937,1.43,1.50
2013.02.14 15:58:36.249,1.00918,1.00936,2.18,1.50
2013.02.14 15:58:36.429,1.00918,1.00937,2.18,2.25
2013.02.14 15:58:36.489,1.00918,1.00937,2.18,2.25
2013.02.14 15:58:37.350,1.00919,1.00937,3.49,1.80
2013.02.14 15:58:37.470,1.00919,1.00939,1.99,2.55
2013.02.14 15:58:37.531,1.00919,1.00939,1.43,1.80
2013.02.14 15:58:37.601,1.00919,1.00936,1.43,1.73
2013.02.14 15:58:37.939,1.00917,1.00928,1.50,1.05
2013.02.14 15:58:38.200,1.00907,1.00924,1.50,2.74
2013.02.14 15:58:38.380,1.00906,1.00921,2.10,1.43
2013.02.14 15:58:38.501,1.00903,1.00918,1.35,2.55
2013.02.14 15:58:38.571,1.00902,1.00917,1.95,1.05
2013.02.14 15:58:39.109,1.00903,1.00918,1.80,1.05
2013.02.14 15:58:39.289,1.00901,1.00917,1.50,1.50
2013.02.14 15:58:39.431,1.009,1.00916,1.50,1.50
2013.02.14 15:58:39.863,1.00899,1.00917,1.50,1.50
2013.02.14 15:58:40.229,1.00899,1.00916,2.07,2.93
2013.02.14 15:58:40.409,1.00899,1.00916,2.07,2.93
2013.02.14 15:58:40.830,1.00899,1.00918,2.07,1.50
2013.02.14 15:58:41.023,1.00901,1.00918,1.50,1.50
2013.02.14 15:58:41.221,1.00902,1.0092,2.18,1.50
2013.02.14 15:58:41.653,1.00902,1.00922,3.49,1.50
2013.02.14 15:58:41.972,1.009,1.00918,1.32,1.50
2013.02.14 15:58:42.629,1.00901,1.00921,2.29,3.68
2013.02.14 15:58:43.180,1.00901,1.00921,2.29,2.18
2013.02.14 15:58:43.302,1.00901,1.00917,2.29,2.18
2013.02.14 15:58:43.621,1.00899,1.00911,2.25,1.32
2013.02.14 15:58:43.978,1.00895,1.00912,1.50,2.18
2013.02.14 15:58:44.390,1.00896,1.00912,1.50,2.18
2013.02.14 15:58:44.577,1.00896,1.00912,1.50,2.18
2013.02.14 15:58:44.940,1.00896,1.00912,2.93,1.43
2013.02.14 15:58:45.061,1.00896,1.00912,2.18,1.43
2013.02.14 15:58:45.204,1.00897,1.00914,1.32,1.43
2013.02.14 15:58:45.520,1.00898,1.00914,2.18,1.43
2013.02.14 15:58:46.059,1.00898,1.00916,1.43,1.43
2013.02.14 15:58:46.378,1.00899,1.00917,1.50,1.43
2013.02.14 15:58:46.878,1.00899,1.00917,1.50,1.43
2013.02.14 15:58:47.019,1.00899,1.00917,1.50,1.43
2013.02.14 15:58:47.570,1.00899,1.00917,1.50,1.32
2013.02.14 15:58:47.873,1.00898,1.00917,2.93,1.32
2013.02.14 15:58:48.330,1.009,1.00916,1.50,1.32
2013.02.14 15:58:49.119,1.00901,1.00918,2.18,1.50
2013.02.14 15:58:49.420,1.00901,1.00921,2.93,2.82
2013.02.14 15:58:49.662,1.00901,1.00919,3.68,2.25
2013.02.14 15:58:50.089,1.00904,1.00924,1.50,2.93
2013.02.14 15:58:50.654,1.00902,1.00922,4.43,1.32
2013.02.14 15:58:51.089,1.00902,1.0092,2.93,1.62
2013.02.14 15:58:51.632,1.00898,1.00919,2.74,2.18
2013.02.14 15:58:51.977,1.00897,1.00919,2.78,2.85
2013.02.14 15:58:52.113,1.00896,1.00917,3.68,1.32
2013.02.14 15:58:52.419,1.00895,1.00916,2.93,2.74
2013.02.14 15:58:53.068,1.00896,1.00914,1.50,1.50
2013.02.14 15:58:54.401,1.00896,1.00914,2.07,1.50
2013.02.14 15:58:55.020,1.00898,1.00916,1.50,2.25
2013.02.14 15:58:55.614,1.00898,1.00916,1.50,2.25
2013.02.14 15:58:56.060,1.00898,1.00916,1.50,3.00
2013.02.14 15:58:56.590,1.00898,1.00916,2.25,2.25
2013.02.14 15:58:56.649,1.009,1.00917,2.25,1.50
2013.02.14 15:58:56.710,1.00901,1.00919,2.07,2.18
2013.02.14 15:58:57.480,1.00903,1.00921,1.50,2.18
2013.02.14 15:58:57.600,1.009,1.00919,3.23,2.18
2013.02.14 15:58:58.849,1.009,1.00918,1.50,1.50
2013.02.14 15:58:59.149,1.00899,1.00914,1.50,2.18
2013.02.14 15:58:59.270,1.00896,1.00914,1.43,2.18
2013.02.14 15:59:00.409,1.00896,1.00911,1.32,1.50
2013.02.14 15:59:00.469,1.00895,1.00911,1.32,1.50
2013.02.14 15:59:01.641,1.00894,1.00912,2.74,1.50
2013.02.14 15:59:01.723,1.00896,1.00912,1.50,2.25
2013.02.14 15:59:04.730,1.00895,1.0091,1.50,2.18
2013.02.14 15:59:04.920,1.00893,1.00909,2.29,2.18
2013.02.14 15:59:04.986,1.00894,1.00909,1.32,2.18
2013.02.14 15:59:05.181,1.00894,1.00909,1.32,2.18
2013.02.14 15:59:05.623,1.00896,1.00911,1.50,2.18
2013.02.14 15:59:05.754,1.00896,1.00914,1.50,2.25
2013.02.14 15:59:06.422,1.00898,1.00914,2.67,1.50
2013.02.14 15:59:06.552,1.00902,1.00917,1.73,1.43
2013.02.14 15:59:07.064,1.00903,1.00922,2.93,1.50
2013.02.14 15:59:07.129,1.00903,1.00922,2.93,1.50
2013.02.14 15:59:07.249,1.00903,1.00923,2.93,3.68
2013.02.14 15:59:09.210,1.00903,1.00923,5.40,3.68
2013.02.14 15:59:09.596,1.00907,1.00923,1.65,2.93
2013.02.14 15:59:10.677,1.00907,1.00923,2.25,2.18
2013.02.14 15:59:11.304,1.0091,1.00923,1.50,2.18
2013.02.14 15:59:12.883,1.00911,1.00927,2.93,1.50
2013.02.14 15:59:13.131,1.00911,1.00929,2.18,1.50
2013.02.14 15:59:14.799,1.00925,1.00943,3.08,1.50
2013.02.14 15:59:15.001,1.00927,1.00942,1.50,1.43
2013.02.14 15:59:15.129,1.00925,1.00942,1.50,1.43
2013.02.14 15:59:15.758,1.00925,1.00944,1.50,1.35
2013.02.14 15:59:16.059,1.00925,1.00941,1.50,1.43
2013.02.14 15:59:16.180,1.00926,1.00941,1.73,1.43
2013.02.14 15:59:16.486,1.00929,1.00941,1.73,1.43
2013.02.14 15:59:16.554,1.00926,1.00945,2.40,2.18
2013.02.14 15:59:16.680,1.00928,1.00945,1.43,1.43
2013.02.14 15:59:16.981,1.00932,1.00949,1.54,2.93
2013.02.14 15:59:17.170,1.00933,1.00949,1.73,1.43
2013.02.14 15:59:17.469,1.00936,1.00954,1.50,1.32
2013.02.14 15:59:18.461,1.00936,1.00954,1.50,1.32
2013.02.14 15:59:19.232,1.00936,1.00955,1.50,2.18
2013.02.14 15:59:19.661,1.00936,1.00954,1.50,1.50
2013.02.14 15:59:19.899,1.00935,1.0095,1.32,2.18
2013.02.14 15:59:20.260,1.00926,1.00944,2.82,1.50
2013.02.14 15:59:20.592,1.00926,1.00941,1.73,1.43
2013.02.14 15:59:20.669,1.00924,1.00939,1.50,1.43
2013.02.14 15:59:21.161,1.00922,1.00939,1.50,4.35
2013.02.14 15:59:21.640,1.00922,1.00938,1.50,2.10
2013.02.14 15:59:21.941,1.00922,1.00935,1.50,1.43
2013.02.14 15:59:22.072,1.00917,1.00935,2.25,2.85
2013.02.14 15:59:22.141,1.00917,1.00931,2.25,1.43
2013.02.14 15:59:23.046,1.00916,1.00931,1.50,1.43
2013.02.14 15:59:23.910,1.00914,1.00931,2.10,1.43
2013.02.14 15:59:23.979,1.00915,1.00929,1.32,1.43
2013.02.14 15:59:24.339,1.00916,1.00927,1.32,1.43
2013.02.14 15:59:24.462,1.00916,1.00929,1.32,2.18
2013.02.14 15:59:24.781,1.00914,1.00929,1.32,2.18
2013.02.14 15:59:24.916,1.00916,1.00929,1.32,2.18
2013.02.14 15:59:25.379,1.00915,1.00929,1.32,2.18
2013.02.14 15:59:25.499,1.00916,1.00929,1.32,2.18
2013.02.14 15:59:25.826,1.00913,1.00931,1.73,1.50
2013.02.14 15:59:25.900,1.00916,1.00932,1.32,2.18
2013.02.14 15:59:26.249,1.00918,1.00933,1.73,1.43
2013.02.14 15:59:26.594,1.00918,1.00935,1.73,2.18
2013.02.14 15:59:26.719,1.00917,1.00936,3.90,1.43
2013.02.14 15:59:27.021,1.00915,1.00934,3.15,2.18
2013.02.14 15:59:27.381,1.00919,1.00931,1.50,2.18
2013.02.14 15:59:27.450,1.00914,1.0093,1.50,1.43
2013.02.14 15:59:27.570,1.00914,1.00927,1.50,1.32
2013.02.14 15:59:27.690,1.00914,1.00928,1.50,1.43
2013.02.14 15:59:27.811,1.00913,1.00925,1.50,1.43
2013.02.14 15:59:28.061,1.00912,1.00925,1.50,1.50
2013.02.14 15:59:28.370,1.00909,1.00927,3.15,2.07
2013.02.14 15:59:28.620,1.00907,1.00925,2.93,1.43
2013.02.14 15:59:29.164,1.00908,1.00924,1.43,1.43
2013.02.14 15:59:29.355,1.00908,1.00926,3.34,1.50
2013.02.14 15:59:29.424,1.00909,1.00929,1.32,2.93
2013.02.14 15:59:29.552,1.00911,1.00929,2.25,2.25
2013.02.14 15:59:29.622,1.00915,1.00929,1.43,2.25
2013.02.14 15:59:29.943,1.00915,1.0093,1.43,1.50
2013.02.14 15:59:30.130,1.00916,1.0093,1.43,1.50
2013.02.14 15:59:30.251,1.00922,1.00931,1.50,1.50
2013.02.14 15:59:30.370,1.00919,1.00936,2.25,3.79
2013.02.14 15:59:30.870,1.00922,1.00938,2.18,1.50
2013.02.14 15:59:30.956,1.00922,1.00939,2.18,1.50
2013.02.14 15:59:31.169,1.00919,1.00938,2.07,1.43
2013.02.14 15:59:31.300,1.00919,1.00938,1.32,2.18
2013.02.14 15:59:31.361,1.00919,1.00937,1.32,1.50
2013.02.14 15:59:32.150,1.00919,1.00937,1.32,3.75
2013.02.14 15:59:32.461,1.00918,1.00934,2.18,1.43
2013.02.14 15:59:32.532,1.0092,1.00937,1.32,2.18
2013.02.14 15:59:32.661,1.0092,1.00937,1.50,1.43
2013.02.14 15:59:32.730,1.00927,1.00938,1.35,1.43
2013.02.14 15:59:33.032,1.00932,1.00941,1.32,1.43
2013.02.14 15:59:33.584,1.00936,1.00942,2.25,1.43
2013.02.14 15:59:33.890,1.00938,1.00945,1.32,1.43
2013.02.14 15:59:33.950,1.00938,1.00945,1.32,1.58
2013.02.14 15:59:34.079,1.00934,1.00946,1.65,3.61
2013.02.14 15:59:34.394,1.00942,1.00948,1.50,1.43
2013.02.14 15:59:34.524,1.00941,1.00955,2.93,2.85
2013.02.14 15:59:34.843,1.00945,1.00954,2.18,1.80
2013.02.14 15:59:35.190,1.00941,1.00951,2.25,1.65
2013.02.14 15:59:35.326,1.0094,1.0095,2.18,1.65
2013.02.14 15:59:35.633,1.0094,1.00951,3.68,2.03
2013.02.14 15:59:35.702,1.00942,1.00952,1.54,2.03
2013.02.14 15:59:35.771,1.00945,1.00953,2.07,2.03
2013.02.14 15:59:35.840,1.00944,1.00952,1.43,2.03
2013.02.14 15:59:36.024,1.00945,1.00961,2.07,2.93
2013.02.14 15:59:36.394,1.00939,1.00953,2.25,2.25
2013.02.14 15:59:36.660,1.00943,1.00952,2.25,1.35
2013.02.14 15:59:36.843,1.00942,1.00955,2.82,1.95
2013.02.14 15:59:37.031,1.00945,1.00959,2.93,1.88
2013.02.14 15:59:37.572,1.00945,1.00961,3.00,1.50
2013.02.14 15:59:37.842,1.00945,1.00962,3.57,1.50
2013.02.14 15:59:38.102,1.00945,1.00962,2.25,2.25
2013.02.14 15:59:38.229,1.00942,1.00959,3.34,1.50
2013.02.14 15:59:38.649,1.00945,1.00961,2.25,1.50
2013.02.14 15:59:39.211,1.00946,1.00962,2.82,1.50
2013.02.14 15:59:39.491,1.00946,1.00962,2.82,1.50
2013.02.14 15:59:39.613,1.00947,1.00962,1.99,1.50
2013.02.14 15:59:40.160,1.00948,1.00964,1.32,1.50
2013.02.14 15:59:40.284,1.00947,1.00961,1.50,1.43
2013.02.14 15:59:40.604,1.00948,1.00961,1.50,1.43
2013.02.14 15:59:40.731,1.00946,1.00961,1.50,1.43
2013.02.14 15:59:40.920,1.00946,1.00962,2.18,1.50
2013.02.14 15:59:41.041,1.00946,1.00962,1.50,2.25
2013.02.14 15:59:41.159,1.00946,1.00962,1.50,2.25
2013.02.14 15:59:41.462,1.00944,1.0096,1.43,1.50
2013.02.14 15:59:41.713,1.00944,1.0096,1.43,2.18
2013.02.14 15:59:42.019,1.00952,1.00961,2.25,1.50
2013.02.14 15:59:42.382,1.00947,1.0096,1.50,1.50
2013.02.14 15:59:42.570,1.00946,1.00961,1.50,1.50
2013.02.14 15:59:42.930,1.00946,1.00963,2.18,1.50
2013.02.14 15:59:42.990,1.00949,1.00963,1.43,1.50
2013.02.14 15:59:43.174,1.00946,1.00963,1.50,2.93
2013.02.14 15:59:43.376,1.00946,1.00963,1.50,1.43
2013.02.14 15:59:43.520,1.00949,1.00962,1.50,1.43
2013.02.14 15:59:43.589,1.00946,1.00962,3.57,1.43
2013.02.14 15:59:43.670,1.00948,1.00962,2.07,1.43
2013.02.14 15:59:43.810,1.00946,1.00962,1.50,1.43
2013.02.14 15:59:44.020,1.00946,1.00964,5.03,1.50
2013.02.14 15:59:44.224,1.00951,1.00967,3.00,2.93
2013.02.14 15:59:44.861,1.00949,1.00967,2.25,2.25
2013.02.14 15:59:44.990,1.00952,1.00967,1.50,1.50
2013.02.14 15:59:45.349,1.00952,1.00963,1.50,1.50
2013.02.14 15:59:45.530,1.00949,1.00963,2.82,2.25
2013.02.14 15:59:45.600,1.00949,1.00963,2.82,2.25
2013.02.14 15:59:45.659,1.00952,1.00963,1.50,1.50
2013.02.14 15:59:45.913,1.00945,1.00963,2.93,3.15
2013.02.14 15:59:45.985,1.00946,1.00963,1.50,3.90
2013.02.14 15:59:46.130,1.00946,1.00962,1.50,1.73
2013.02.14 15:59:46.471,1.00945,1.00958,1.32,2.18
2013.02.14 15:59:46.652,1.00943,1.00958,2.25,1.43
2013.02.14 15:59:46.971,1.00938,1.00953,1.50,1.43
2013.02.14 15:59:47.280,1.00944,1.00953,1.50,2.18
2013.02.14 15:59:47.521,1.00944,1.00957,2.25,1.13
2013.02.14 15:59:47.650,1.00946,1.0096,2.07,1.20
2013.02.14 15:59:47.710,1.00946,1.00961,2.07,2.18
2013.02.14 15:59:47.832,1.00947,1.00963,1.50,1.88
2013.02.14 15:59:47.960,1.00947,1.00963,1.50,1.32
2013.02.14 15:59:48.020,1.00943,1.00961,2.25,1.43
2013.02.14 15:59:48.425,1.00943,1.00959,2.25,1.43
2013.02.14 15:59:48.961,1.00947,1.00959,2.25,1.43
2013.02.14 15:59:49.320,1.00946,1.00955,1.50,1.43
2013.02.14 15:59:49.683,1.0095,1.00957,1.50,2.55
2013.02.14 15:59:49.932,1.00952,1.00963,1.50,1.73
2013.02.14 15:59:50.182,1.00952,1.00965,1.50,1.50
2013.02.14 15:59:50.728,1.00951,1.00966,2.25,1.43
2013.02.14 15:59:51.050,1.00947,1.00965,1.50,1.92
2013.02.14 15:59:51.109,1.00947,1.00965,1.50,1.24
2013.02.14 15:59:51.229,1.00946,1.00965,2.25,2.37
2013.02.14 15:59:51.530,1.00943,1.00961,2.18,1.32
2013.02.14 15:59:52.240,1.00943,1.00956,1.43,1.43
2013.02.14 15:59:52.326,1.00938,1.00953,1.50,2.93
2013.02.14 15:59:52.461,1.00937,1.00953,1.50,4.43
2013.02.14 15:59:52.821,1.00931,1.00944,1.32,1.50
2013.02.14 15:59:53.131,1.00929,1.00941,1.13,1.50
2013.02.14 15:59:53.202,1.00929,1.00942,1.13,1.05
2013.02.14 15:59:53.570,1.00929,1.00938,1.20,1.43
2013.02.14 15:59:53.871,1.00935,1.00942,2.85,1.43
2013.02.14 15:59:53.945,1.00935,1.0094,2.85,1.43
2013.02.14 15:59:54.071,1.00936,1.0095,2.03,1.43
2013.02.14 15:59:54.262,1.00935,1.00946,1.80,1.43
2013.02.14 15:59:54.510,1.00934,1.00946,2.25,2.18
2013.02.14 15:59:54.582,1.00934,1.00942,1.50,1.43
2013.02.14 15:59:54.652,1.00934,1.00944,2.25,1.43
2013.02.14 15:59:54.783,1.00934,1.00949,3.00,2.18
2013.02.14 15:59:54.913,1.00934,1.00949,3.00,2.18
2013.02.14 15:59:54.979,1.00934,1.00949,3.00,1.43
2013.02.14 15:59:55.221,1.00934,1.00948,2.25,1.50
2013.02.14 15:59:55.536,1.00931,1.00945,2.48,1.43
2013.02.14 15:59:55.871,1.00934,1.00948,1.73,1.80
2013.02.14 15:59:56.001,1.0093,1.00945,2.40,2.48
2013.02.14 15:59:56.309,1.00935,1.0095,2.93,3.45
2013.02.14 15:59:56.661,1.00937,1.00952,1.73,1.20
2013.02.14 15:59:56.819,1.00932,1.00946,1.58,1.05
2013.02.14 15:59:56.888,1.00936,1.00953,1.88,2.40
2013.02.14 15:59:57.400,1.00937,1.00945,1.73,1.05
2013.02.14 15:59:57.759,1.00934,1.00948,2.93,2.48
2013.02.14 15:59:57.882,1.00934,1.00944,1.13,1.95
2013.02.14 15:59:58.069,1.00933,1.00942,1.65,2.78
2013.02.14 15:59:58.400,1.00926,1.0094,1.73,1.35
2013.02.14 15:59:58.521,1.00925,1.00939,3.60,1.43
2013.02.14 15:59:58.594,1.00927,1.0094,1.28,1.95
2013.02.14 15:59:58.660,1.00925,1.00939,3.00,1.43
2013.02.14 15:59:58.781,1.00928,1.00934,1.13,1.43
2013.02.14 15:59:59.221,1.0092,1.00932,2.10,1.35
2013.02.14 15:59:59.671,1.00924,1.00931,1.65,1.43
2013.02.14 15:59:59.886,1.00924,1.00934,1.80,1.43
