2013.05.17 14:00:00.128,1.05625,1.05696,1.50,1.50
2013.05.17 14:00:00.193,1.05629,1.05699,3.08,1.80
2013.05.17 14:00:00.504,1.05635,1.05689,2.55,3.75
2013.05.17 14:00:00.575,1.05629,1.05688,2.18,1.50
2013.05.17 14:00:00.651,1.05629,1.05683,1.73,1.50
2013.05.17 14:00:01.413,1.05629,1.05679,2.48,1.50
2013.05.17 14:00:01.593,1.0563,1.05686,1.35,2.25
2013.05.17 14:00:01.662,1.05616,1.05686,1.50,1.50
2013.05.17 14:00:01.783,1.05613,1.05686,1.20,1.50
2013.05.17 14:00:01.912,1.05618,1.05686,1.80,1.50
2013.05.17 14:00:02.213,1.05635,1.05691,2.55,1.58
2013.05.17 14:00:02.402,1.05621,1.0569,1.95,1.50
2013.05.17 14:00:02.464,1.0563,1.05685,1.50,2.25
2013.05.17 14:00:02.531,1.0563,1.0569,1.50,2.25
2013.05.17 14:00:02.654,1.05643,1.05698,1.50,1.50
2013.05.17 14:00:02.723,1.05633,1.05698,1.95,3.00
2013.05.17 14:00:02.794,1.05643,1.05698,1.50,3.00
2013.05.17 14:00:03.868,1.05659,1.05693,2.25,2.25
2013.05.17 14:00:04.172,1.05635,1.05659,1.58,2.25
2013.05.17 14:00:04.315,1.05636,1.05674,3.53,1.50
2013.05.17 14:00:04.383,1.05636,1.05678,3.53,1.50
2013.05.17 14:00:04.454,1.05637,1.05678,1.50,1.50
2013.05.17 14:00:04.646,1.05636,1.05685,1.13,1.50
2013.05.17 14:00:04.719,1.05644,1.05686,1.50,1.50
2013.05.17 14:00:05.084,1.05651,1.05697,3.60,2.25
2013.05.17 14:00:05.153,1.05651,1.05697,1.50,2.25
2013.05.17 14:00:05.283,1.05645,1.05686,1.50,1.50
2013.05.17 14:00:05.608,1.05645,1.05686,1.50,2.25
2013.05.17 14:00:05.744,1.05645,1.05695,1.50,1.50
2013.05.17 14:00:05.814,1.05666,1.05697,1.50,1.50
2013.05.17 14:00:05.883,1.05666,1.05712,1.50,1.35
2013.05.17 14:00:05.953,1.05659,1.05702,1.50,1.50
2013.05.17 14:00:06.022,1.05659,1.05704,1.50,2.55
2013.05.17 14:00:06.266,1.05677,1.05708,2.25,1.50
2013.05.17 14:00:06.535,1.05673,1.0571,2.25,2.25
2013.05.17 14:00:06.604,1.05672,1.05706,2.25,2.25
2013.05.17 14:00:07.530,1.05684,1.05719,2.25,2.25
2013.05.17 14:00:07.628,1.05683,1.05723,2.25,2.25
2013.05.17 14:00:08.154,1.05685,1.05717,1.50,1.50
2013.05.17 14:00:08.497,1.05682,1.05709,1.50,1.50
2013.05.17 14:00:08.753,1.05678,1.05712,2.25,1.50
2013.05.17 14:00:08.883,1.05677,1.05709,1.50,1.50
2013.05.17 14:00:09.252,1.0568,1.05711,1.50,1.50
2013.05.17 14:00:09.467,1.05677,1.05711,1.50,1.50
2013.05.17 14:00:09.597,1.05676,1.05706,1.50,1.50
2013.05.17 14:00:09.856,1.05663,1.05709,1.13,1.50
2013.05.17 14:00:10.225,1.05661,1.05704,1.50,1.50
2013.05.17 14:00:11.543,1.0568,1.05696,1.50,1.50
2013.05.17 14:00:11.680,1.05679,1.05698,1.43,1.50
2013.05.17 14:00:11.746,1.0568,1.0569,2.18,1.69
2013.05.17 14:00:12.135,1.05668,1.05685,2.93,2.18
2013.05.17 14:00:12.204,1.05666,1.05682,1.50,1.50
2013.05.17 14:00:12.273,1.05668,1.0569,1.50,3.68
2013.05.17 14:00:12.344,1.05673,1.0569,1.11,2.93
2013.05.17 14:00:12.413,1.05674,1.05696,1.65,1.50
2013.05.17 14:00:12.482,1.05675,1.05696,1.11,1.50
2013.05.17 14:00:12.664,1.0568,1.05696,1.11,1.50
2013.05.17 14:00:12.795,1.05682,1.05698,1.65,1.50
2013.05.17 14:00:12.994,1.05687,1.05698,1.50,1.50
2013.05.17 14:00:13.063,1.05687,1.05699,1.50,1.50
2013.05.17 14:00:13.263,1.05682,1.05698,1.50,1.50
2013.05.17 14:00:13.457,1.05689,1.05703,1.50,1.50
2013.05.17 14:00:13.773,1.05692,1.05713,1.11,1.50
2013.05.17 14:00:13.833,1.05694,1.05712,1.11,2.18
2013.05.17 14:00:13.903,1.05694,1.05712,1.86,2.18
2013.05.17 14:00:14.215,1.05698,1.05709,1.86,1.50
2013.05.17 14:00:14.286,1.057,1.05714,1.11,1.50
2013.05.17 14:00:14.533,1.057,1.05719,1.86,1.50
2013.05.17 14:00:15.024,1.057,1.05713,1.11,1.50
2013.05.17 14:00:15.229,1.057,1.05718,1.11,1.50
2013.05.17 14:00:15.366,1.057,1.05719,1.50,1.11
2013.05.17 14:00:15.437,1.057,1.05719,1.50,1.11
2013.05.17 14:00:15.742,1.05705,1.05723,1.50,1.47
2013.05.17 14:00:18.892,1.05708,1.05721,2.25,1.50
2013.05.17 14:00:19.894,1.05701,1.05716,1.50,2.40
2013.05.17 14:00:20.613,1.05695,1.0571,3.00,1.50
2013.05.17 14:00:20.698,1.05688,1.05704,1.50,1.50
2013.05.17 14:00:20.764,1.05687,1.05702,1.50,1.50
2013.05.17 14:00:20.895,1.05686,1.05702,1.28,2.25
2013.05.17 14:00:21.502,1.05683,1.05704,3.00,2.25
2013.05.17 14:00:21.562,1.05683,1.05704,1.50,2.25
2013.05.17 14:00:21.683,1.05685,1.05704,2.25,2.25
2013.05.17 14:00:21.945,1.05687,1.05709,1.50,2.40
2013.05.17 14:00:22.252,1.05685,1.05702,2.25,2.25
2013.05.17 14:00:22.554,1.05683,1.05693,1.50,1.88
2013.05.17 14:00:22.625,1.05674,1.05693,1.50,1.13
2013.05.17 14:00:22.694,1.05672,1.0569,1.50,1.65
2013.05.17 14:00:22.763,1.05671,1.0569,1.50,1.65
2013.05.17 14:00:22.824,1.05671,1.0569,1.50,1.65
2013.05.17 14:00:22.959,1.05667,1.05687,1.50,1.05
2013.05.17 14:00:23.276,1.05664,1.05683,2.25,1.50
2013.05.17 14:00:23.593,1.05667,1.05673,1.50,4.29
2013.05.17 14:00:23.662,1.05667,1.05672,1.50,1.43
2013.05.17 14:00:23.723,1.05661,1.05681,3.15,1.50
2013.05.17 14:00:23.902,1.05661,1.05682,1.50,3.68
2013.05.17 14:00:24.512,1.05657,1.05679,2.25,2.93
2013.05.17 14:00:24.826,1.05661,1.05675,2.25,1.50
2013.05.17 14:00:25.152,1.05662,1.05686,1.50,1.65
2013.05.17 14:00:25.212,1.05665,1.05688,2.18,1.09
2013.05.17 14:00:25.573,1.05687,1.05702,1.88,1.58
2013.05.17 14:00:25.633,1.0569,1.05708,1.13,1.50
2013.05.17 14:00:25.702,1.0569,1.0571,1.65,1.50
2013.05.17 14:00:25.761,1.05689,1.05711,1.80,2.25
2013.05.17 14:00:25.883,1.05689,1.0571,1.65,1.50
2013.05.17 14:00:25.952,1.05687,1.05707,3.08,2.25
2013.05.17 14:00:26.022,1.05687,1.05706,2.93,1.50
2013.05.17 14:00:26.324,1.05682,1.057,1.50,1.65
2013.05.17 14:00:26.396,1.05683,1.05702,1.50,1.50
2013.05.17 14:00:26.468,1.05688,1.05707,1.50,1.13
2013.05.17 14:00:27.155,1.05689,1.05709,1.50,1.47
2013.05.17 14:00:27.479,1.05693,1.05709,1.50,1.69
2013.05.17 14:00:27.551,1.05689,1.05709,2.25,1.50
2013.05.17 14:00:27.623,1.05693,1.05707,1.50,1.88
2013.05.17 14:00:27.692,1.05689,1.05703,2.25,1.65
2013.05.17 14:00:27.813,1.05692,1.05703,2.18,1.65
2013.05.17 14:00:27.945,1.05679,1.05701,1.65,2.25
2013.05.17 14:00:28.014,1.05679,1.05701,1.65,2.25
2013.05.17 14:00:28.443,1.05679,1.05699,1.65,1.50
2013.05.17 14:00:28.833,1.05679,1.05697,1.50,1.50
2013.05.17 14:00:28.953,1.05686,1.05703,1.50,2.40
2013.05.17 14:00:29.022,1.05686,1.05703,1.50,2.40
2013.05.17 14:00:29.341,1.05689,1.05705,2.25,1.65
2013.05.17 14:00:29.585,1.05694,1.05709,1.50,1.13
2013.05.17 14:00:30.013,1.05695,1.05713,1.50,1.13
2013.05.17 14:00:30.073,1.05695,1.05713,1.50,2.40
2013.05.17 14:00:30.833,1.05692,1.05707,1.50,1.50
2013.05.17 14:00:30.952,1.05689,1.05709,1.50,1.50
2013.05.17 14:00:31.073,1.05692,1.05713,1.50,1.50
2013.05.17 14:00:31.192,1.05695,1.05713,1.65,1.50
2013.05.17 14:00:31.253,1.05698,1.05716,1.50,1.50
2013.05.17 14:00:31.322,1.05699,1.05719,1.50,1.65
2013.05.17 14:00:31.682,1.05696,1.05715,2.25,2.25
2013.05.17 14:00:31.863,1.05693,1.05713,1.50,1.50
2013.05.17 14:00:32.162,1.05693,1.05713,1.50,3.15
2013.05.17 14:00:32.226,1.05691,1.05711,2.25,1.50
2013.05.17 14:00:32.412,1.0569,1.05709,1.50,1.50
2013.05.17 14:00:32.776,1.05683,1.05699,2.25,1.50
2013.05.17 14:00:32.844,1.05683,1.05694,1.50,1.50
2013.05.17 14:00:32.913,1.05683,1.05694,1.50,1.50
2013.05.17 14:00:32.987,1.05682,1.05694,1.50,1.50
2013.05.17 14:00:33.123,1.0568,1.05693,2.18,1.50
2013.05.17 14:00:33.193,1.05673,1.05691,1.88,1.50
2013.05.17 14:00:34.360,1.05669,1.05687,1.13,1.50
2013.05.17 14:00:34.513,1.05668,1.05689,2.25,1.50
2013.05.17 14:00:34.632,1.05668,1.0569,1.50,1.65
2013.05.17 14:00:34.694,1.0567,1.05692,1.50,1.65
2013.05.17 14:00:35.182,1.05675,1.05695,1.50,1.13
2013.05.17 14:00:35.244,1.05675,1.05696,2.40,1.50
2013.05.17 14:00:35.564,1.05679,1.05698,1.50,1.50
2013.05.17 14:00:35.634,1.0568,1.05698,1.50,3.00
2013.05.17 14:00:35.776,1.05681,1.05698,1.50,1.50
2013.05.17 14:00:35.845,1.05683,1.05698,2.25,1.50
2013.05.17 14:00:35.974,1.05685,1.05702,1.50,1.65
2013.05.17 14:00:36.105,1.05688,1.05702,1.50,1.50
2013.05.17 14:00:36.652,1.05691,1.05707,1.50,2.25
2013.05.17 14:00:37.013,1.05691,1.05707,1.50,2.25
2013.05.17 14:00:37.453,1.05691,1.05707,1.50,2.25
2013.05.17 14:00:37.513,1.05691,1.05707,1.50,2.25
2013.05.17 14:00:37.822,1.05696,1.05707,1.13,1.50
2013.05.17 14:00:38.021,1.057,1.05717,1.65,1.50
2013.05.17 14:00:38.095,1.05705,1.05722,1.50,1.50
2013.05.17 14:00:38.164,1.05705,1.05725,1.50,2.93
2013.05.17 14:00:38.424,1.05706,1.05721,1.50,1.65
2013.05.17 14:00:38.733,1.05703,1.05711,2.18,1.50
2013.05.17 14:00:38.803,1.057,1.05711,1.50,1.50
2013.05.17 14:00:38.865,1.05689,1.05706,1.50,2.40
2013.05.17 14:00:39.243,1.05687,1.05703,2.93,2.25
2013.05.17 14:00:39.385,1.05687,1.05702,1.50,1.50
2013.05.17 14:00:39.573,1.05682,1.057,1.50,1.50
2013.05.17 14:00:40.895,1.05682,1.05703,3.90,2.25
2013.05.17 14:00:40.981,1.05688,1.05709,1.50,3.00
2013.05.17 14:00:41.502,1.0569,1.05709,1.50,2.25
2013.05.17 14:00:42.064,1.05689,1.05709,1.65,2.25
2013.05.17 14:00:42.193,1.05688,1.05709,1.50,3.75
2013.05.17 14:00:42.257,1.05687,1.05707,1.50,2.40
2013.05.17 14:00:42.576,1.05683,1.05698,1.50,2.25
2013.05.17 14:00:42.643,1.05677,1.05694,2.25,1.50
2013.05.17 14:00:42.714,1.05677,1.05696,1.50,1.50
2013.05.17 14:00:42.965,1.05677,1.05695,2.25,1.50
2013.05.17 14:00:43.095,1.05677,1.05695,2.44,1.50
2013.05.17 14:00:43.285,1.0568,1.05695,1.09,1.50
2013.05.17 14:00:43.553,1.05682,1.05698,1.09,1.50
2013.05.17 14:00:43.624,1.05682,1.05702,1.09,2.25
2013.05.17 14:00:43.752,1.05683,1.05703,1.65,2.18
2013.05.17 14:00:43.935,1.05683,1.05703,1.65,2.93
2013.05.17 14:00:44.196,1.05683,1.05704,2.40,1.50
2013.05.17 14:00:44.442,1.05684,1.05703,1.50,2.25
2013.05.17 14:00:44.503,1.05679,1.05701,2.40,1.50
2013.05.17 14:00:44.692,1.05679,1.05699,1.50,1.50
2013.05.17 14:00:44.755,1.05677,1.05696,2.40,1.50
2013.05.17 14:00:44.895,1.05676,1.05696,2.40,1.50
2013.05.17 14:00:44.963,1.05676,1.05695,1.65,2.93
2013.05.17 14:00:45.271,1.05676,1.05695,1.65,3.68
2013.05.17 14:00:45.573,1.05678,1.05692,1.50,2.18
2013.05.17 14:00:45.824,1.05681,1.05693,1.65,1.50
2013.05.17 14:00:45.952,1.05681,1.05696,2.40,1.50
2013.05.17 14:00:46.372,1.05681,1.05698,1.65,1.50
2013.05.17 14:00:46.432,1.05681,1.057,1.65,1.50
2013.05.17 14:00:46.732,1.05681,1.05701,1.65,1.50
2013.05.17 14:00:46.972,1.05682,1.05702,1.50,1.50
2013.05.17 14:00:47.034,1.05682,1.05702,2.40,1.50
2013.05.17 14:00:47.922,1.05686,1.05704,2.40,1.50
2013.05.17 14:00:48.263,1.05703,1.05712,1.13,1.50
2013.05.17 14:00:48.396,1.05703,1.05714,1.13,3.00
2013.05.17 14:00:48.522,1.05707,1.05723,1.13,2.25
2013.05.17 14:00:48.591,1.05707,1.05725,1.28,1.50
2013.05.17 14:00:48.774,1.05711,1.05728,1.05,1.50
2013.05.17 14:00:48.845,1.05712,1.05734,1.65,4.43
2013.05.17 14:00:48.912,1.05712,1.05731,2.40,1.50
2013.05.17 14:00:49.032,1.05709,1.0573,1.88,1.50
2013.05.17 14:00:49.391,1.05707,1.05724,1.13,2.25
2013.05.17 14:00:49.702,1.05695,1.05714,1.65,1.50
2013.05.17 14:00:49.762,1.05694,1.05713,1.88,2.25
2013.05.17 14:00:49.822,1.05694,1.05713,1.50,3.00
2013.05.17 14:00:50.012,1.05689,1.05711,1.65,2.25
2013.05.17 14:00:50.315,1.05686,1.05707,2.25,2.93
2013.05.17 14:00:50.383,1.05687,1.05707,1.50,2.93
2013.05.17 14:00:50.452,1.05688,1.05708,1.50,2.25
2013.05.17 14:00:50.511,1.05695,1.05708,1.50,1.50
2013.05.17 14:00:50.572,1.05695,1.05711,1.50,2.40
2013.05.17 14:00:50.643,1.05692,1.05713,2.40,2.25
2013.05.17 14:00:50.705,1.05696,1.05713,1.50,1.50
2013.05.17 14:00:50.902,1.05695,1.05717,1.50,2.25
2013.05.17 14:00:50.974,1.05693,1.05714,2.40,2.25
2013.05.17 14:00:51.162,1.05693,1.05712,1.50,1.50
2013.05.17 14:00:51.221,1.05693,1.05713,1.50,1.50
2013.05.17 14:00:51.524,1.05691,1.05712,1.65,3.00
2013.05.17 14:00:51.593,1.05688,1.05711,1.50,2.40
2013.05.17 14:00:51.664,1.05687,1.05709,3.00,3.08
2013.05.17 14:00:52.033,1.05684,1.05706,1.50,3.08
2013.05.17 14:00:52.464,1.05684,1.05706,1.50,3.08
2013.05.17 14:00:52.591,1.05684,1.05707,2.25,1.65
2013.05.17 14:00:53.091,1.05683,1.05705,1.50,3.00
2013.05.17 14:00:53.392,1.05683,1.05704,1.50,2.18
2013.05.17 14:00:53.452,1.05682,1.05706,2.25,1.65
2013.05.17 14:00:53.751,1.05682,1.05705,2.25,1.88
2013.05.17 14:00:54.082,1.05681,1.05701,3.15,1.50
2013.05.17 14:00:54.572,1.05682,1.05703,1.50,2.93
2013.05.17 14:00:54.870,1.05681,1.05701,2.25,2.18
2013.05.17 14:00:55.173,1.05699,1.05704,1.50,2.18
2013.05.17 14:00:56.467,1.05703,1.05717,1.50,2.25
2013.05.17 14:00:56.575,1.05707,1.05735,2.40,1.13
2013.05.17 14:00:56.952,1.05706,1.05732,1.50,1.28
2013.05.17 14:00:57.013,1.05706,1.05732,1.50,1.28
2013.05.17 14:00:57.205,1.05703,1.05732,1.50,4.28
2013.05.17 14:00:57.274,1.05702,1.05727,1.50,1.13
2013.05.17 14:00:57.583,1.057,1.05726,2.25,1.13
2013.05.17 14:00:57.763,1.05697,1.0572,1.50,1.13
2013.05.17 14:00:57.833,1.05696,1.05718,1.50,1.05
2013.05.17 14:00:57.892,1.05698,1.05723,1.65,2.59
2013.05.17 14:00:57.952,1.05698,1.05723,1.65,1.84
2013.05.17 14:00:58.671,1.05698,1.05725,3.15,1.65
2013.05.17 14:00:58.912,1.05698,1.05725,1.65,1.65
2013.05.17 14:00:59.466,1.05698,1.05723,1.65,2.40
2013.05.17 14:00:59.535,1.05696,1.05722,1.65,2.40
2013.05.17 14:00:59.665,1.05697,1.05717,3.00,1.50
2013.05.17 14:00:59.733,1.05697,1.05717,1.65,1.50
2013.05.17 14:00:59.864,1.05699,1.05718,1.13,3.00
2013.05.17 14:01:00.176,1.057,1.05718,2.40,1.50
2013.05.17 14:01:00.246,1.05696,1.05719,1.28,1.50
2013.05.17 14:01:00.324,1.05697,1.0572,1.28,1.50
2013.05.17 14:01:00.399,1.05697,1.05716,1.88,1.50
2013.05.17 14:01:00.535,1.05699,1.05718,1.13,2.25
2013.05.17 14:01:00.784,1.05699,1.05717,1.13,1.50
2013.05.17 14:01:01.092,1.05696,1.05712,2.25,1.50
2013.05.17 14:01:01.582,1.05696,1.05716,2.63,2.93
2013.05.17 14:01:01.941,1.05701,1.05716,1.13,2.18
2013.05.17 14:01:02.002,1.05699,1.0572,1.65,1.13
2013.05.17 14:01:02.482,1.05699,1.05721,1.50,2.25
2013.05.17 14:01:02.541,1.05699,1.05721,1.50,1.50
2013.05.17 14:01:03.082,1.05701,1.05723,1.50,1.65
2013.05.17 14:01:04.311,1.05699,1.05721,1.65,1.50
2013.05.17 14:01:04.402,1.057,1.05724,1.50,3.00
2013.05.17 14:01:04.843,1.05704,1.05724,1.13,2.25
2013.05.17 14:01:05.203,1.05711,1.05729,1.50,3.75
2013.05.17 14:01:05.347,1.05707,1.05729,1.65,3.75
2013.05.17 14:01:06.082,1.05705,1.05724,1.50,1.50
2013.05.17 14:01:06.204,1.05703,1.05724,1.65,1.50
2013.05.17 14:01:06.275,1.05703,1.05724,2.25,1.65
2013.05.17 14:01:06.653,1.05702,1.05723,2.18,1.13
2013.05.17 14:01:06.783,1.057,1.0572,1.50,1.50
2013.05.17 14:01:06.853,1.05701,1.0572,1.50,2.25
2013.05.17 14:01:06.921,1.057,1.0572,1.50,1.50
2013.05.17 14:01:06.983,1.057,1.05716,1.50,1.65
2013.05.17 14:01:07.117,1.05695,1.05716,3.00,2.40
2013.05.17 14:01:07.184,1.05698,1.05716,1.50,2.40
2013.05.17 14:01:07.375,1.05701,1.05722,1.50,2.55
2013.05.17 14:01:07.503,1.05704,1.05722,1.50,1.50
2013.05.17 14:01:07.833,1.0571,1.05728,3.15,2.18
2013.05.17 14:01:07.893,1.05712,1.05732,1.65,2.93
2013.05.17 14:01:07.954,1.05715,1.05732,1.50,2.93
2013.05.17 14:01:08.273,1.05715,1.05733,3.68,1.50
2013.05.17 14:01:08.804,1.05716,1.05733,1.50,1.65
2013.05.17 14:01:08.933,1.05712,1.05733,2.25,1.65
2013.05.17 14:01:09.005,1.05712,1.05732,1.50,1.84
2013.05.17 14:01:09.194,1.05712,1.05732,2.40,1.69
2013.05.17 14:01:09.384,1.05716,1.05733,2.25,1.43
2013.05.17 14:01:09.513,1.05716,1.05737,3.00,2.44
2013.05.17 14:01:10.544,1.05719,1.0574,1.50,2.59
2013.05.17 14:01:10.871,1.05711,1.0573,3.68,1.13
2013.05.17 14:01:11.353,1.05711,1.05728,2.93,2.07
2013.05.17 14:01:12.173,1.05711,1.05725,2.93,1.09
2013.05.17 14:01:12.248,1.05705,1.05722,1.50,1.50
2013.05.17 14:01:12.432,1.05705,1.05723,1.50,1.84
2013.05.17 14:01:12.555,1.05708,1.05728,1.50,2.25
2013.05.17 14:01:12.623,1.05709,1.05728,1.50,2.25
2013.05.17 14:01:12.693,1.05709,1.05728,2.25,1.50
2013.05.17 14:01:12.763,1.05709,1.05729,1.50,1.84
2013.05.17 14:01:13.383,1.05706,1.05727,1.50,1.50
2013.05.17 14:01:13.702,1.05712,1.05729,3.68,1.65
2013.05.17 14:01:14.220,1.05712,1.05729,3.68,1.65
2013.05.17 14:01:14.881,1.05715,1.05729,1.50,1.65
2013.05.17 14:01:15.185,1.05718,1.05733,1.50,1.69
2013.05.17 14:01:15.252,1.05715,1.05733,2.93,1.69
2013.05.17 14:01:15.383,1.05717,1.05733,1.50,2.07
2013.05.17 14:01:15.833,1.05713,1.05732,1.50,1.50
2013.05.17 14:01:16.142,1.05713,1.05732,2.25,1.13
2013.05.17 14:01:16.323,1.05707,1.05726,3.00,1.84
2013.05.17 14:01:16.453,1.05707,1.05724,2.25,2.44
2013.05.17 14:01:16.812,1.05707,1.05722,2.25,1.69
2013.05.17 14:01:17.254,1.05705,1.05721,1.43,1.69
2013.05.17 14:01:17.324,1.05699,1.0572,3.15,2.44
2013.05.17 14:01:17.394,1.05697,1.05717,2.25,2.40
2013.05.17 14:01:17.464,1.05695,1.05715,2.25,1.50
2013.05.17 14:01:17.783,1.05692,1.05714,1.50,1.84
2013.05.17 14:01:17.913,1.05691,1.05713,4.43,1.65
2013.05.17 14:01:18.242,1.05687,1.05705,2.25,1.13
2013.05.17 14:01:18.316,1.05685,1.05703,1.50,1.09
2013.05.17 14:01:18.528,1.0568,1.05702,1.50,1.65
2013.05.17 14:01:18.665,1.05682,1.05703,2.18,1.69
2013.05.17 14:01:18.732,1.05683,1.05704,1.50,1.84
2013.05.17 14:01:19.486,1.05682,1.05704,3.68,1.65
2013.05.17 14:01:20.041,1.05682,1.05703,2.25,1.65
2013.05.17 14:01:20.102,1.05682,1.05702,2.25,1.50
2013.05.17 14:01:20.417,1.05684,1.05702,2.40,1.50
2013.05.17 14:01:20.769,1.05692,1.0571,1.50,1.50
2013.05.17 14:01:20.841,1.05689,1.05709,2.25,2.25
2013.05.17 14:01:20.905,1.05688,1.05708,1.50,1.65
2013.05.17 14:01:20.973,1.05687,1.05703,3.00,1.50
2013.05.17 14:01:21.101,1.05687,1.05707,3.15,2.93
2013.05.17 14:01:21.221,1.05691,1.05707,1.50,2.93
2013.05.17 14:01:21.404,1.05688,1.05707,1.50,2.93
2013.05.17 14:01:21.534,1.05687,1.05704,2.25,1.50
2013.05.17 14:01:21.852,1.0568,1.05693,2.25,2.93
2013.05.17 14:01:22.106,1.05678,1.05693,2.25,2.18
2013.05.17 14:01:22.303,1.05678,1.05693,1.50,2.18
2013.05.17 14:01:22.842,1.05676,1.05693,3.00,2.18
2013.05.17 14:01:22.965,1.05678,1.05699,1.50,3.83
2013.05.17 14:01:23.404,1.05678,1.057,1.50,1.84
2013.05.17 14:01:23.713,1.05679,1.05699,1.50,2.59
2013.05.17 14:01:23.783,1.05681,1.05702,1.50,1.65
2013.05.17 14:01:23.902,1.05682,1.05702,1.50,2.40
2013.05.17 14:01:24.471,1.05682,1.05701,3.15,2.25
2013.05.17 14:01:24.593,1.0569,1.05706,1.50,1.50
2013.05.17 14:01:24.653,1.05691,1.05707,1.50,2.18
2013.05.17 14:01:24.722,1.05693,1.05713,2.25,1.09
2013.05.17 14:01:24.844,1.05696,1.05716,1.50,1.69
2013.05.17 14:01:24.911,1.05698,1.05719,1.50,1.84
2013.05.17 14:01:25.096,1.05698,1.0572,1.50,2.44
2013.05.17 14:01:25.224,1.05698,1.05719,1.50,1.69
2013.05.17 14:01:25.295,1.05697,1.05719,1.50,2.59
2013.05.17 14:01:25.483,1.05697,1.05719,1.50,1.65
2013.05.17 14:01:25.552,1.05698,1.0572,1.50,1.69
2013.05.17 14:01:25.620,1.05697,1.05719,2.25,1.65
2013.05.17 14:01:25.765,1.05695,1.05717,1.50,1.50
2013.05.17 14:01:26.816,1.05695,1.05717,1.50,2.44
2013.05.17 14:01:27.145,1.05695,1.05713,1.50,1.09
2013.05.17 14:01:27.452,1.05693,1.05711,2.25,3.34
2013.05.17 14:01:28.073,1.05693,1.05709,2.25,1.50
2013.05.17 14:01:28.384,1.05693,1.05706,2.25,1.69
2013.05.17 14:01:28.453,1.05685,1.05704,1.50,1.50
2013.05.17 14:01:29.137,1.05681,1.05704,3.00,3.90
2013.05.17 14:01:29.453,1.05681,1.05702,3.00,1.50
2013.05.17 14:01:29.583,1.05681,1.05701,1.50,2.44
2013.05.17 14:01:30.969,1.05679,1.057,1.50,1.84
2013.05.17 14:01:31.034,1.05679,1.05698,1.50,1.69
2013.05.17 14:01:31.161,1.05674,1.05695,2.25,1.09
2013.05.17 14:01:31.221,1.05674,1.05695,1.50,1.84
2013.05.17 14:01:31.281,1.05674,1.05693,1.50,1.50
2013.05.17 14:01:31.584,1.05669,1.05689,1.50,1.50
2013.05.17 14:01:31.892,1.05672,1.05691,1.50,1.50
2013.05.17 14:01:32.354,1.05672,1.05694,4.43,1.84
2013.05.17 14:01:32.722,1.05673,1.05691,1.50,1.13
2013.05.17 14:01:32.903,1.05672,1.0569,3.68,1.09
2013.05.17 14:01:33.024,1.05672,1.0569,1.50,3.27
2013.05.17 14:01:33.794,1.05671,1.0569,2.25,3.87
2013.05.17 14:01:34.732,1.05673,1.0569,2.25,2.93
2013.05.17 14:01:35.035,1.05682,1.0569,1.50,2.18
2013.05.17 14:01:35.104,1.05684,1.0569,1.50,1.43
2013.05.17 14:01:35.174,1.05687,1.05693,1.50,1.50
2013.05.17 14:01:35.244,1.05685,1.05702,1.50,1.13
2013.05.17 14:01:35.504,1.05685,1.05705,1.50,1.32
2013.05.17 14:01:35.693,1.05682,1.05702,1.50,1.09
2013.05.17 14:01:36.562,1.0568,1.05701,3.00,3.19
2013.05.17 14:01:36.863,1.05679,1.05699,3.00,1.65
2013.05.17 14:01:37.165,1.05683,1.05699,2.25,1.50
2013.05.17 14:01:37.354,1.05686,1.05703,3.00,1.50
2013.05.17 14:01:37.542,1.05686,1.05703,1.50,2.25
2013.05.17 14:01:37.675,1.05685,1.05694,1.50,1.50
2013.05.17 14:01:37.863,1.05676,1.05691,1.80,1.50
2013.05.17 14:01:37.933,1.05676,1.05691,1.05,1.50
2013.05.17 14:01:38.175,1.0568,1.05695,1.50,1.50
2013.05.17 14:01:38.303,1.05676,1.05691,3.00,2.25
2013.05.17 14:01:38.363,1.05676,1.05691,1.50,2.25
2013.05.17 14:01:38.492,1.05675,1.05688,2.25,1.50
2013.05.17 14:01:38.612,1.05672,1.05688,1.50,1.50
2013.05.17 14:01:38.673,1.05672,1.05688,1.50,1.50
2013.05.17 14:01:38.733,1.0567,1.05688,2.25,1.50
2013.05.17 14:01:38.802,1.05674,1.05691,2.25,2.25
2013.05.17 14:01:38.923,1.0567,1.05687,2.40,1.50
2013.05.17 14:01:39.532,1.05671,1.05687,1.65,1.50
2013.05.17 14:01:39.715,1.05671,1.05686,1.65,1.50
2013.05.17 14:01:40.082,1.05668,1.05685,2.25,1.88
2013.05.17 14:01:40.383,1.05668,1.05675,1.50,1.50
2013.05.17 14:01:40.684,1.05664,1.05673,1.50,2.18
2013.05.17 14:01:41.406,1.05658,1.0567,1.50,1.50
2013.05.17 14:01:41.651,1.05647,1.05668,1.65,1.69
2013.05.17 14:01:41.712,1.05645,1.05667,2.25,1.88
2013.05.17 14:01:42.034,1.05653,1.05667,2.25,2.93
2013.05.17 14:01:42.162,1.05653,1.0567,2.25,1.69
2013.05.17 14:01:42.522,1.05648,1.0567,3.68,1.84
2013.05.17 14:01:42.822,1.05648,1.05669,3.68,1.13
2013.05.17 14:01:42.891,1.05648,1.05667,2.93,3.00
2013.05.17 14:01:42.951,1.05648,1.05666,2.93,1.69
2013.05.17 14:01:43.072,1.05643,1.05664,1.65,1.50
2013.05.17 14:01:43.131,1.05642,1.05664,2.40,1.50
2013.05.17 14:01:43.192,1.05642,1.05663,2.25,2.40
2013.05.17 14:01:43.494,1.05635,1.05654,2.25,1.50
2013.05.17 14:01:43.624,1.05636,1.05656,1.50,1.09
2013.05.17 14:01:43.752,1.05638,1.05657,1.50,1.69
2013.05.17 14:01:43.873,1.05636,1.05656,1.50,2.40
2013.05.17 14:01:43.943,1.05636,1.05657,2.25,2.40
2013.05.17 14:01:44.073,1.05634,1.05655,1.50,1.50
2013.05.17 14:01:44.630,1.05636,1.05655,1.50,1.88
2013.05.17 14:01:44.763,1.05633,1.05654,1.50,1.69
2013.05.17 14:01:44.832,1.05632,1.05651,3.00,1.50
2013.05.17 14:01:45.152,1.05632,1.05649,3.00,1.69
2013.05.17 14:01:45.514,1.05632,1.05645,2.25,1.50
2013.05.17 14:01:45.584,1.05624,1.05645,1.50,1.50
2013.05.17 14:01:45.652,1.05627,1.05645,1.50,1.50
2013.05.17 14:01:45.956,1.05639,1.05648,1.50,2.18
2013.05.17 14:01:46.025,1.05639,1.05656,1.50,1.50
2013.05.17 14:01:46.093,1.05639,1.05656,1.50,1.50
2013.05.17 14:01:46.211,1.05635,1.05652,2.25,2.40
2013.05.17 14:01:46.335,1.05636,1.05655,1.50,1.09
2013.05.17 14:01:46.463,1.05648,1.0566,1.13,1.43
2013.05.17 14:01:46.533,1.05655,1.05672,1.05,1.50
2013.05.17 14:01:46.601,1.05665,1.05677,1.65,3.42
2013.05.17 14:01:46.662,1.05666,1.05677,3.15,2.48
2013.05.17 14:01:46.781,1.0567,1.05687,1.13,4.40
2013.05.17 14:01:46.963,1.05672,1.05687,1.65,4.40
2013.05.17 14:01:47.032,1.0568,1.05689,1.13,2.18
2013.05.17 14:01:47.224,1.05684,1.05692,3.15,1.43
2013.05.17 14:01:47.356,1.05684,1.05692,2.25,1.43
2013.05.17 14:01:47.425,1.05684,1.05697,2.25,1.65
2013.05.17 14:01:47.493,1.05684,1.05697,1.50,1.65
2013.05.17 14:01:47.624,1.05684,1.05704,1.50,1.50
2013.05.17 14:01:47.752,1.05685,1.05706,1.88,1.50
2013.05.17 14:01:48.009,1.057,1.05713,1.50,2.93
2013.05.17 14:01:48.078,1.05703,1.05724,2.25,1.09
2013.05.17 14:01:48.203,1.05705,1.05723,1.50,1.09
2013.05.17 14:01:48.273,1.05702,1.05722,1.50,1.09
2013.05.17 14:01:49.402,1.05704,1.05724,2.25,2.07
2013.05.17 14:01:49.476,1.05704,1.05724,2.25,1.32
2013.05.17 14:01:49.543,1.05704,1.05724,1.50,1.32
2013.05.17 14:01:49.694,1.05704,1.05723,1.50,1.32
2013.05.17 14:01:49.780,1.05706,1.05728,1.65,1.09
2013.05.17 14:01:49.856,1.05707,1.05728,1.50,1.13
2013.05.17 14:01:50.164,1.05716,1.05731,2.40,2.18
2013.05.17 14:01:50.235,1.05712,1.05731,2.40,2.93
2013.05.17 14:01:50.321,1.05712,1.05734,1.65,1.50
2013.05.17 14:01:50.592,1.05711,1.05734,2.25,1.50
2013.05.17 14:01:50.652,1.05713,1.05735,1.50,1.65
2013.05.17 14:01:50.858,1.05713,1.05737,2.25,1.09
2013.05.17 14:01:51.253,1.05713,1.05735,2.25,1.32
2013.05.17 14:01:51.442,1.05711,1.05735,1.50,2.82
2013.05.17 14:01:51.862,1.05714,1.05735,1.50,1.84
2013.05.17 14:01:51.927,1.05717,1.05735,1.50,1.09
2013.05.17 14:01:53.322,1.05717,1.05737,2.25,1.32
2013.05.17 14:01:53.631,1.05714,1.05732,2.93,1.09
2013.05.17 14:01:53.994,1.05709,1.0573,2.25,1.69
2013.05.17 14:01:54.063,1.05709,1.0573,1.50,3.19
2013.05.17 14:01:54.372,1.05707,1.05727,1.50,1.84
2013.05.17 14:01:54.503,1.05708,1.05728,2.40,1.35
2013.05.17 14:01:54.623,1.05708,1.0573,1.50,2.44
2013.05.17 14:01:54.754,1.05707,1.05727,1.50,1.09
2013.05.17 14:01:54.881,1.05707,1.05723,1.50,2.25
2013.05.17 14:01:55.002,1.05703,1.05725,2.25,2.59
2013.05.17 14:01:55.062,1.05703,1.05723,1.50,1.50
2013.05.17 14:01:55.242,1.05701,1.05723,1.50,2.44
2013.05.17 14:01:55.423,1.05702,1.05723,1.13,1.69
2013.05.17 14:01:55.542,1.05707,1.05728,4.43,1.69
2013.05.17 14:01:55.667,1.0571,1.05729,2.25,1.50
2013.05.17 14:01:55.983,1.05718,1.05736,1.50,2.25
2013.05.17 14:01:56.283,1.05718,1.05738,1.50,1.50
2013.05.17 14:01:56.582,1.05718,1.05739,2.25,1.50
2013.05.17 14:01:56.821,1.05718,1.0574,2.10,1.09
2013.05.17 14:01:58.078,1.05717,1.05737,1.35,1.50
2013.05.17 14:01:58.157,1.05714,1.05736,3.00,2.40
2013.05.17 14:01:58.225,1.05714,1.05734,3.00,1.50
2013.05.17 14:01:58.553,1.0571,1.05731,2.10,1.50
2013.05.17 14:01:58.984,1.05711,1.05729,1.35,1.50
2013.05.17 14:01:59.292,1.0572,1.05731,1.50,1.50
2013.05.17 14:01:59.593,1.0572,1.05734,1.65,2.18
2013.05.17 14:01:59.662,1.0572,1.0574,1.50,2.25
2013.05.17 14:01:59.724,1.0572,1.05739,1.50,1.69
2013.05.17 14:01:59.911,1.05716,1.05737,2.10,1.09
2013.05.17 14:02:00.452,1.05716,1.05732,1.50,1.50
2013.05.17 14:02:00.753,1.05711,1.05728,2.25,4.62
2013.05.17 14:02:00.823,1.05712,1.05729,1.35,1.69
2013.05.17 14:02:01.015,1.05712,1.05731,3.00,1.50
2013.05.17 14:02:01.145,1.05716,1.05735,2.25,1.69
2013.05.17 14:02:01.212,1.05717,1.05735,1.50,1.69
2013.05.17 14:02:01.332,1.05718,1.05739,3.68,1.50
2013.05.17 14:02:01.393,1.05721,1.0574,1.50,1.69
2013.05.17 14:02:01.465,1.0572,1.05741,1.50,1.69
2013.05.17 14:02:02.062,1.05719,1.05739,1.50,1.50
2013.05.17 14:02:02.596,1.05719,1.0574,2.93,1.69
2013.05.17 14:02:02.665,1.05718,1.05739,1.50,2.25
2013.05.17 14:02:02.792,1.05719,1.05739,1.50,1.50
2013.05.17 14:02:03.131,1.05721,1.05741,1.50,1.69
2013.05.17 14:02:03.576,1.05721,1.05743,2.40,2.44
2013.05.17 14:02:03.715,1.05722,1.05743,1.50,2.44
2013.05.17 14:02:04.082,1.05722,1.05741,1.50,3.19
2013.05.17 14:02:04.384,1.0572,1.05742,2.25,1.69
2013.05.17 14:02:05.441,1.0572,1.05742,1.50,3.12
2013.05.17 14:02:07.304,1.05718,1.05739,2.85,2.44
2013.05.17 14:02:07.611,1.05716,1.05735,1.50,1.09
2013.05.17 14:02:07.913,1.05725,1.05741,2.25,1.65
2013.05.17 14:02:08.212,1.05727,1.05744,2.25,1.84
2013.05.17 14:02:08.279,1.05729,1.05744,2.93,1.84
2013.05.17 14:02:08.665,1.05732,1.05745,1.50,1.09
2013.05.17 14:02:08.975,1.0574,1.05752,2.18,1.13
2013.05.17 14:02:09.044,1.05744,1.05754,1.50,1.50
2013.05.17 14:02:09.113,1.05744,1.05761,3.68,1.09
2013.05.17 14:02:09.318,1.05747,1.05764,1.50,1.69
2013.05.17 14:02:09.503,1.05747,1.05764,1.50,1.69
2013.05.17 14:02:09.573,1.05748,1.05764,2.25,1.69
2013.05.17 14:02:09.757,1.05749,1.05764,2.93,1.69
2013.05.17 14:02:09.946,1.05742,1.05762,1.50,2.59
2013.05.17 14:02:10.015,1.0574,1.05762,2.25,2.59
2013.05.17 14:02:10.444,1.0574,1.05759,1.50,1.84
2013.05.17 14:02:10.516,1.05739,1.05759,1.50,1.84
2013.05.17 14:02:10.823,1.05736,1.05756,1.65,1.69
2013.05.17 14:02:10.892,1.05736,1.05756,1.65,1.69
2013.05.17 14:02:11.255,1.05736,1.05754,1.50,1.69
2013.05.17 14:02:11.742,1.05733,1.05748,2.25,2.59
2013.05.17 14:02:12.101,1.05733,1.05743,1.50,1.50
2013.05.17 14:02:12.943,1.05733,1.05747,2.25,1.50
2013.05.17 14:02:13.372,1.05733,1.0575,2.25,3.12
2013.05.17 14:02:13.432,1.05733,1.05751,2.25,3.19
2013.05.17 14:02:13.668,1.05729,1.05751,2.40,3.19
2013.05.17 14:02:14.463,1.05729,1.0575,2.40,1.69
2013.05.17 14:02:14.829,1.05728,1.05746,1.88,1.50
2013.05.17 14:02:15.143,1.05717,1.05736,2.40,1.50
2013.05.17 14:02:15.273,1.05714,1.05735,1.35,2.25
2013.05.17 14:02:15.343,1.05714,1.05734,1.13,1.50
2013.05.17 14:02:15.543,1.05712,1.05732,2.25,1.65
2013.05.17 14:02:15.613,1.0571,1.05732,2.25,2.40
2013.05.17 14:02:16.484,1.0571,1.0573,1.65,1.50
2013.05.17 14:02:16.611,1.0571,1.0573,1.65,1.50
2013.05.17 14:02:17.033,1.05712,1.05733,1.50,2.44
2013.05.17 14:02:17.574,1.05713,1.05733,1.50,2.44
2013.05.17 14:02:17.643,1.05713,1.05731,1.50,1.69
2013.05.17 14:02:17.712,1.05712,1.05733,2.25,2.59
2013.05.17 14:02:17.772,1.05712,1.05733,1.50,2.59
2013.05.17 14:02:19.023,1.05712,1.05732,1.50,1.69
2013.05.17 14:02:19.172,1.05712,1.05731,1.50,1.32
2013.05.17 14:02:19.299,1.05711,1.05727,1.50,1.88
2013.05.17 14:02:19.430,1.05704,1.05722,1.50,1.84
2013.05.17 14:02:19.552,1.05703,1.05722,1.50,1.09
2013.05.17 14:02:19.792,1.05711,1.05725,1.50,1.69
2013.05.17 14:02:19.916,1.05708,1.05723,1.50,2.18
2013.05.17 14:02:19.986,1.05706,1.05721,1.50,1.13
2013.05.17 14:02:20.184,1.05704,1.05717,1.50,1.69
2013.05.17 14:02:20.253,1.05705,1.05717,1.50,1.69
2013.05.17 14:02:20.313,1.05701,1.05719,1.20,2.59
2013.05.17 14:02:20.383,1.05698,1.0572,2.25,1.09
2013.05.17 14:02:20.454,1.05698,1.05721,3.38,2.44
2013.05.17 14:02:20.902,1.05703,1.05721,1.50,2.44
2013.05.17 14:02:21.386,1.05705,1.0572,1.50,3.19
2013.05.17 14:02:22.043,1.05701,1.05717,1.50,1.69
2013.05.17 14:02:22.128,1.05698,1.05716,1.50,1.09
2013.05.17 14:02:22.222,1.05699,1.05717,1.50,1.09
2013.05.17 14:02:22.304,1.05699,1.0572,2.25,3.19
2013.05.17 14:02:22.376,1.05699,1.0572,2.25,1.69
2013.05.17 14:02:22.892,1.05701,1.05722,1.50,3.34
2013.05.17 14:02:23.462,1.057,1.05719,1.50,1.69
2013.05.17 14:02:23.525,1.057,1.05721,1.50,1.69
2013.05.17 14:02:24.030,1.05701,1.05722,1.50,2.59
2013.05.17 14:02:24.214,1.05703,1.05722,1.50,1.84
2013.05.17 14:02:24.721,1.05701,1.05722,1.50,2.59
2013.05.17 14:02:25.322,1.05701,1.05722,1.50,1.84
2013.05.17 14:02:25.573,1.05702,1.05722,2.18,1.09
2013.05.17 14:02:25.951,1.05705,1.05724,1.50,1.69
2013.05.17 14:02:26.375,1.05708,1.05728,1.50,2.44
2013.05.17 14:02:26.624,1.05708,1.05728,1.50,1.50
2013.05.17 14:02:26.811,1.05707,1.05728,1.50,1.69
2013.05.17 14:02:27.319,1.05705,1.05728,2.25,2.59
2013.05.17 14:02:27.396,1.05704,1.05726,1.50,1.65
2013.05.17 14:02:27.704,1.057,1.05721,3.75,1.50
2013.05.17 14:02:27.773,1.057,1.05721,2.25,1.84
2013.05.17 14:02:28.131,1.05695,1.05715,1.50,2.59
2013.05.17 14:02:28.312,1.05693,1.05715,1.50,2.59
2013.05.17 14:02:28.974,1.05693,1.05715,1.50,1.84
2013.05.17 14:02:29.162,1.05692,1.05715,2.25,2.59
2013.05.17 14:02:30.710,1.05689,1.05712,2.25,1.50
2013.05.17 14:02:31.044,1.05682,1.05704,3.00,1.50
2013.05.17 14:02:31.412,1.05684,1.05706,1.50,1.69
2013.05.17 14:02:31.532,1.05682,1.05704,2.25,2.59
2013.05.17 14:02:31.592,1.05682,1.05703,1.50,1.69
2013.05.17 14:02:31.891,1.05678,1.05699,1.50,2.44
2013.05.17 14:02:32.223,1.05678,1.05697,1.50,1.69
2013.05.17 14:02:32.342,1.05676,1.05698,1.65,3.19
2013.05.17 14:02:32.462,1.05676,1.05696,1.50,1.09
2013.05.17 14:02:32.704,1.05671,1.05693,3.15,1.69
2013.05.17 14:02:32.773,1.05674,1.05695,1.50,1.69
2013.05.17 14:02:33.252,1.05674,1.05695,3.15,1.69
2013.05.17 14:02:33.562,1.05682,1.05699,1.50,1.84
2013.05.17 14:02:33.743,1.05682,1.05701,1.50,1.09
2013.05.17 14:02:34.414,1.05684,1.05705,2.93,1.92
2013.05.17 14:02:34.746,1.05683,1.05704,1.50,1.69
2013.05.17 14:02:35.161,1.05683,1.05704,1.50,1.69
2013.05.17 14:02:35.431,1.05681,1.05703,3.90,1.69
2013.05.17 14:02:36.169,1.0568,1.05702,1.50,1.84
2013.05.17 14:02:36.981,1.05681,1.05703,1.50,2.59
2013.05.17 14:02:37.102,1.05681,1.05704,3.90,1.69
2013.05.17 14:02:37.403,1.05684,1.05704,1.50,3.34
2013.05.17 14:02:37.882,1.05681,1.05703,1.50,1.69
2013.05.17 14:02:37.945,1.05681,1.05702,1.50,2.44
2013.05.17 14:02:38.273,1.05677,1.05694,1.65,3.19
2013.05.17 14:02:38.582,1.05672,1.05691,1.50,1.69
2013.05.17 14:02:39.726,1.05672,1.05691,1.50,1.69
2013.05.17 14:02:39.828,1.05677,1.05696,1.50,1.69
2013.05.17 14:02:40.191,1.05677,1.05694,1.50,1.09
2013.05.17 14:02:40.554,1.05674,1.05688,1.50,1.09
2013.05.17 14:02:41.112,1.05673,1.05685,2.25,1.50
2013.05.17 14:02:41.364,1.05664,1.05685,3.15,1.50
2013.05.17 14:02:41.673,1.05666,1.05685,2.40,1.50
2013.05.17 14:02:41.912,1.05664,1.05685,3.15,1.50
2013.05.17 14:02:42.153,1.05663,1.05684,1.65,1.50
2013.05.17 14:02:42.214,1.05662,1.05684,1.73,3.87
2013.05.17 14:02:42.704,1.05661,1.0568,1.65,1.50
2013.05.17 14:02:43.022,1.05657,1.05679,1.65,3.87
2013.05.17 14:02:43.682,1.05659,1.05679,1.65,1.69
2013.05.17 14:02:44.192,1.05659,1.0568,3.15,1.69
2013.05.17 14:02:44.492,1.05664,1.05684,1.65,3.87
2013.05.17 14:02:44.612,1.05664,1.05684,2.40,1.50
2013.05.17 14:02:44.672,1.05665,1.05685,1.50,1.50
2013.05.17 14:02:45.272,1.05667,1.05686,2.40,1.50
2013.05.17 14:02:45.631,1.05668,1.05688,1.65,1.50
2013.05.17 14:02:45.874,1.05667,1.05687,1.50,2.59
2013.05.17 14:02:45.944,1.05665,1.05684,3.68,2.44
2013.05.17 14:02:46.073,1.05662,1.05683,2.25,3.19
2013.05.17 14:02:46.194,1.05662,1.05683,1.50,3.19
2013.05.17 14:02:46.264,1.05662,1.05681,1.50,1.69
2013.05.17 14:02:46.451,1.05663,1.05682,1.50,1.69
2013.05.17 14:02:46.813,1.05662,1.0568,1.50,1.69
2013.05.17 14:02:47.883,1.05664,1.05682,1.50,2.03
2013.05.17 14:02:47.966,1.05668,1.0569,2.25,1.69
2013.05.17 14:02:48.164,1.05669,1.05688,1.65,1.69
2013.05.17 14:02:48.413,1.05673,1.05693,2.25,2.25
2013.05.17 14:02:48.602,1.05674,1.05693,1.50,1.50
2013.05.17 14:02:48.722,1.05673,1.05693,1.50,1.50
2013.05.17 14:02:49.084,1.05672,1.05693,1.50,2.44
2013.05.17 14:02:50.479,1.05672,1.05691,1.50,1.69
2013.05.17 14:02:50.972,1.05672,1.05692,1.65,2.93
2013.05.17 14:02:51.032,1.05671,1.05692,2.40,1.50
2013.05.17 14:02:51.152,1.05674,1.05696,1.65,1.69
2013.05.17 14:02:51.214,1.05674,1.05697,1.88,1.69
2013.05.17 14:02:52.301,1.05679,1.057,1.50,2.44
2013.05.17 14:02:52.362,1.05682,1.057,1.65,1.69
2013.05.17 14:02:52.422,1.05682,1.05702,1.65,2.44
2013.05.17 14:02:52.483,1.05681,1.05702,1.65,2.44
2013.05.17 14:02:52.912,1.05683,1.05702,1.50,2.44
2013.05.17 14:02:53.032,1.05681,1.05702,3.00,2.44
2013.05.17 14:02:53.092,1.05683,1.05702,1.50,2.44
2013.05.17 14:02:53.213,1.05682,1.05702,1.50,2.44
2013.05.17 14:02:53.473,1.05679,1.05699,1.65,3.19
2013.05.17 14:02:53.842,1.05676,1.05696,1.88,1.69
2013.05.17 14:02:54.154,1.05672,1.05691,2.25,1.69
2013.05.17 14:02:54.701,1.05672,1.05691,1.65,1.69
2013.05.17 14:02:54.882,1.05673,1.05693,1.50,1.69
2013.05.17 14:02:55.181,1.05676,1.05696,1.50,1.69
2013.05.17 14:02:55.955,1.05677,1.05697,1.50,1.69
2013.05.17 14:02:56.322,1.05675,1.05696,2.25,2.59
2013.05.17 14:02:57.039,1.05675,1.05696,3.00,1.69
2013.05.17 14:02:57.161,1.05673,1.05696,3.00,3.19
2013.05.17 14:02:57.702,1.05673,1.05692,1.50,1.69
2013.05.17 14:02:57.942,1.05671,1.0569,2.25,1.84
2013.05.17 14:02:58.002,1.05671,1.05689,2.25,1.09
2013.05.17 14:02:58.061,1.05669,1.05687,1.50,1.69
2013.05.17 14:02:58.241,1.05668,1.05687,1.50,2.44
2013.05.17 14:02:58.782,1.05668,1.05688,1.50,1.69
2013.05.17 14:02:59.363,1.05664,1.05687,3.00,1.69
2013.05.17 14:02:59.963,1.05668,1.05688,1.50,1.69
2013.05.17 14:03:00.445,1.05668,1.05687,1.50,2.44
2013.05.17 14:03:00.754,1.05668,1.05688,1.50,1.69
2013.05.17 14:03:01.472,1.05667,1.05684,1.50,1.50
2013.05.17 14:03:01.794,1.05666,1.05679,2.25,2.44
2013.05.17 14:03:02.101,1.05666,1.05676,1.50,1.50
2013.05.17 14:03:03.122,1.05666,1.05674,1.50,2.44
2013.05.17 14:03:03.183,1.05662,1.05673,1.50,1.69
2013.05.17 14:03:03.253,1.0566,1.0567,1.50,1.69
2013.05.17 14:03:03.384,1.0566,1.05671,2.25,2.37
2013.05.17 14:03:03.453,1.0566,1.05672,2.25,1.65
2013.05.17 14:03:03.514,1.05653,1.05672,1.65,1.50
2013.05.17 14:03:03.583,1.05653,1.05674,1.65,2.44
2013.05.17 14:03:03.832,1.05657,1.05673,1.50,1.69
2013.05.17 14:03:03.892,1.05656,1.05673,1.50,3.87
2013.05.17 14:03:04.011,1.05656,1.05673,1.50,1.69
2013.05.17 14:03:04.456,1.05652,1.05671,2.40,2.44
2013.05.17 14:03:05.141,1.05652,1.05668,1.50,1.69
2013.05.17 14:03:05.457,1.05652,1.05669,3.90,1.69
2013.05.17 14:03:05.704,1.05652,1.05672,3.90,1.69
2013.05.17 14:03:06.215,1.05652,1.05671,3.15,1.69
2013.05.17 14:03:06.972,1.05652,1.05669,2.25,1.50
2013.05.17 14:03:07.033,1.05651,1.05669,1.65,1.50
2013.05.17 14:03:07.383,1.05654,1.05669,1.50,1.50
2013.05.17 14:03:07.593,1.05651,1.05669,2.40,1.50
2013.05.17 14:03:08.201,1.05651,1.05669,3.90,1.69
2013.05.17 14:03:08.387,1.05654,1.05674,2.40,2.44
2013.05.17 14:03:08.584,1.05656,1.05675,1.50,1.69
2013.05.17 14:03:09.588,1.05648,1.05667,1.65,1.69
2013.05.17 14:03:09.893,1.05648,1.05666,1.65,1.69
2013.05.17 14:03:10.148,1.05652,1.0567,1.50,1.69
2013.05.17 14:03:10.223,1.05652,1.05672,1.50,1.69
2013.05.17 14:03:10.354,1.05654,1.05672,2.40,2.44
2013.05.17 14:03:10.543,1.05657,1.05675,1.50,2.44
2013.05.17 14:03:10.662,1.05657,1.05675,1.50,2.44
2013.05.17 14:03:10.983,1.05661,1.05679,3.00,2.93
2013.05.17 14:03:11.162,1.0566,1.0568,1.50,1.69
2013.05.17 14:03:11.232,1.05659,1.0568,3.00,2.44
2013.05.17 14:03:11.775,1.05661,1.0568,1.50,1.69
2013.05.17 14:03:12.204,1.05662,1.05681,1.50,1.09
2013.05.17 14:03:12.677,1.05663,1.05683,3.00,1.84
2013.05.17 14:03:12.804,1.05664,1.05685,1.50,2.44
2013.05.17 14:03:13.811,1.05664,1.05685,1.50,3.19
2013.05.17 14:03:14.363,1.05666,1.05686,2.25,1.69
2013.05.17 14:03:14.674,1.05666,1.05688,2.25,3.19
2013.05.17 14:03:15.202,1.05666,1.05686,2.25,1.84
2013.05.17 14:03:15.263,1.05664,1.05685,2.18,1.09
2013.05.17 14:03:15.583,1.05671,1.05689,2.25,2.93
2013.05.17 14:03:15.884,1.05677,1.05697,2.25,1.32
2013.05.17 14:03:15.953,1.05677,1.05697,2.25,1.69
2013.05.17 14:03:16.443,1.05681,1.05699,1.50,1.69
2013.05.17 14:03:16.632,1.05684,1.05705,2.63,1.50
2013.05.17 14:03:16.763,1.05686,1.05708,3.90,2.44
2013.05.17 14:03:16.822,1.05687,1.05708,1.13,2.44
2013.05.17 14:03:17.251,1.05691,1.05711,1.65,1.69
2013.05.17 14:03:17.573,1.05691,1.05711,1.65,1.69
2013.05.17 14:03:17.873,1.05701,1.05715,1.50,1.69
2013.05.17 14:03:18.062,1.05696,1.05716,1.50,1.69
2013.05.17 14:03:18.124,1.05696,1.05716,1.50,1.69
2013.05.17 14:03:18.194,1.05696,1.05715,1.50,1.69
2013.05.17 14:03:18.502,1.05696,1.05714,1.50,1.69
2013.05.17 14:03:19.092,1.05695,1.05715,1.65,1.69
2013.05.17 14:03:19.152,1.05697,1.05718,1.50,5.44
2013.05.17 14:03:20.415,1.05696,1.05713,1.50,1.09
2013.05.17 14:03:20.734,1.0569,1.05703,1.50,1.09
2013.05.17 14:03:21.063,1.05689,1.057,2.93,3.94
2013.05.17 14:03:22.400,1.05689,1.057,2.93,2.44
2013.05.17 14:03:22.509,1.05678,1.05698,1.50,1.09
2013.05.17 14:03:22.578,1.05677,1.05697,1.50,1.69
2013.05.17 14:03:22.891,1.05675,1.05694,1.65,1.69
2013.05.17 14:03:23.203,1.05684,1.05697,1.65,2.18
2013.05.17 14:03:23.262,1.05684,1.05702,3.83,1.69
2013.05.17 14:03:23.325,1.05688,1.05707,1.50,1.69
2013.05.17 14:03:23.706,1.05688,1.05704,1.50,1.69
2013.05.17 14:03:24.086,1.05685,1.05704,1.50,1.69
2013.05.17 14:03:24.592,1.05685,1.05707,2.63,2.44
2013.05.17 14:03:24.727,1.05686,1.05708,1.65,1.69
2013.05.17 14:03:24.795,1.05688,1.05708,1.65,1.69
2013.05.17 14:03:24.926,1.05688,1.05709,1.65,1.69
2013.05.17 14:03:25.424,1.05691,1.05707,1.50,1.69
2013.05.17 14:03:25.746,1.05687,1.05704,3.00,2.44
2013.05.17 14:03:26.513,1.05685,1.05704,1.65,2.44
2013.05.17 14:03:26.585,1.05689,1.05704,1.50,1.69
2013.05.17 14:03:26.653,1.05691,1.0571,1.50,1.69
2013.05.17 14:03:26.772,1.05691,1.05711,3.34,1.69
2013.05.17 14:03:27.012,1.057,1.0572,1.50,1.69
2013.05.17 14:03:27.132,1.05699,1.05719,2.25,1.69
2013.05.17 14:03:27.671,1.05696,1.05716,3.15,1.69
2013.05.17 14:03:28.034,1.05695,1.05716,1.50,2.59
2013.05.17 14:03:28.103,1.05693,1.05715,3.00,4.02
2013.05.17 14:03:28.415,1.05692,1.0571,1.50,1.69
2013.05.17 14:03:30.034,1.05692,1.05709,1.50,1.09
2013.05.17 14:03:30.891,1.0569,1.05708,1.50,1.09
2013.05.17 14:03:30.974,1.05689,1.05707,1.50,1.09
2013.05.17 14:03:31.116,1.05687,1.05707,1.50,1.84
2013.05.17 14:03:31.181,1.05687,1.05706,1.50,1.69
2013.05.17 14:03:31.741,1.05683,1.05705,3.90,1.69
2013.05.17 14:03:32.262,1.05687,1.05705,1.50,1.69
2013.05.17 14:03:32.622,1.05682,1.05702,2.25,1.69
2013.05.17 14:03:32.683,1.05682,1.05697,1.50,2.10
2013.05.17 14:03:33.004,1.05672,1.05689,1.50,3.19
2013.05.17 14:03:33.073,1.05671,1.05688,1.50,1.69
2013.05.17 14:03:33.448,1.05671,1.0569,2.25,1.69
2013.05.17 14:03:33.515,1.05673,1.05691,1.50,2.44
2013.05.17 14:03:33.585,1.05676,1.05691,1.50,2.44
2013.05.17 14:03:33.901,1.05679,1.05698,1.50,2.59
2013.05.17 14:03:34.482,1.05679,1.05698,1.50,1.09
2013.05.17 14:03:34.602,1.05675,1.05696,1.50,2.44
2013.05.17 14:03:34.662,1.05675,1.05696,1.50,2.44
2013.05.17 14:03:35.161,1.05675,1.0569,1.50,1.09
2013.05.17 14:03:35.284,1.05671,1.05689,1.65,1.69
2013.05.17 14:03:35.473,1.05668,1.05689,1.50,2.63
2013.05.17 14:03:35.542,1.05667,1.05686,2.25,1.69
2013.05.17 14:03:35.783,1.05671,1.05689,1.50,1.69
2013.05.17 14:03:36.101,1.05672,1.05691,1.50,1.09
2013.05.17 14:03:36.402,1.05672,1.05692,1.50,1.69
2013.05.17 14:03:39.065,1.05673,1.05692,2.25,1.69
2013.05.17 14:03:39.493,1.05674,1.05696,1.50,2.44
2013.05.17 14:03:40.224,1.05674,1.05692,1.50,2.44
2013.05.17 14:03:40.564,1.05664,1.05684,1.50,1.84
2013.05.17 14:03:40.918,1.05665,1.05684,1.50,1.09
2013.05.17 14:03:41.269,1.05669,1.05687,1.50,1.69
2013.05.17 14:03:41.334,1.05669,1.0569,1.65,4.62
2013.05.17 14:03:41.405,1.05671,1.0569,1.65,3.87
2013.05.17 14:03:41.603,1.05674,1.0569,1.50,1.50
2013.05.17 14:03:41.721,1.05677,1.05695,1.50,1.69
2013.05.17 14:03:42.142,1.05675,1.05694,1.50,2.44
2013.05.17 14:03:42.263,1.05672,1.05692,2.25,1.09
2013.05.17 14:03:42.333,1.05672,1.05689,2.25,1.09
2013.05.17 14:03:42.663,1.05671,1.05688,1.50,1.69
2013.05.17 14:03:42.973,1.0567,1.05685,1.50,1.09
2013.05.17 14:03:44.228,1.05665,1.05686,2.25,1.69
2013.05.17 14:03:44.355,1.05672,1.05686,1.50,1.69
2013.05.17 14:03:44.422,1.05665,1.05686,3.00,1.69
2013.05.17 14:03:45.002,1.05665,1.05686,2.25,2.44
2013.05.17 14:03:45.202,1.05665,1.05686,2.40,1.69
2013.05.17 14:03:45.262,1.05667,1.05687,1.65,1.69
2013.05.17 14:03:45.587,1.05671,1.05691,1.65,2.44
2013.05.17 14:03:45.902,1.0567,1.0569,1.50,1.69
2013.05.17 14:03:46.024,1.05667,1.05686,1.65,1.69
2013.05.17 14:03:46.092,1.05667,1.05686,1.50,1.09
2013.05.17 14:03:46.813,1.05668,1.05687,1.50,3.12
2013.05.17 14:03:47.464,1.05668,1.05684,1.50,1.69
2013.05.17 14:03:47.662,1.05665,1.05684,1.50,3.94
2013.05.17 14:03:47.723,1.0566,1.05682,1.88,2.44
2013.05.17 14:03:48.141,1.0566,1.0568,1.50,1.69
2013.05.17 14:03:48.473,1.05657,1.05675,1.50,1.09
2013.05.17 14:03:48.533,1.05656,1.05673,3.00,1.09
2013.05.17 14:03:48.670,1.05656,1.05672,2.25,1.69
2013.05.17 14:03:48.973,1.05651,1.05669,1.50,1.69
2013.05.17 14:03:49.043,1.05652,1.05671,1.50,1.69
2013.05.17 14:03:49.163,1.05653,1.05673,1.50,2.44
2013.05.17 14:03:49.495,1.05658,1.05675,1.65,1.69
2013.05.17 14:03:49.632,1.05661,1.05679,1.50,1.69
2013.05.17 14:03:49.896,1.05661,1.0568,2.25,1.69
2013.05.17 14:03:50.022,1.05661,1.0568,1.88,1.69
2013.05.17 14:03:50.083,1.05663,1.05682,1.13,1.69
2013.05.17 14:03:50.153,1.05665,1.05685,1.65,2.44
2013.05.17 14:03:50.213,1.05666,1.05685,1.13,2.44
2013.05.17 14:03:50.402,1.05666,1.05687,2.25,2.44
2013.05.17 14:03:50.464,1.05667,1.05687,1.50,1.69
2013.05.17 14:03:50.531,1.05669,1.05689,2.25,2.44
2013.05.17 14:03:50.591,1.05669,1.05691,2.25,1.69
2013.05.17 14:03:50.655,1.0567,1.05692,1.50,1.84
2013.05.17 14:03:51.366,1.05672,1.05691,1.50,1.09
2013.05.17 14:03:51.553,1.05669,1.05688,1.50,1.84
2013.05.17 14:03:51.612,1.05667,1.05688,1.50,2.59
2013.05.17 14:03:51.672,1.05667,1.05686,1.50,1.69
2013.05.17 14:03:52.166,1.05667,1.05687,1.50,1.69
2013.05.17 14:03:52.641,1.05667,1.05687,1.50,2.44
2013.05.17 14:03:52.702,1.05666,1.05686,1.50,1.69
2013.05.17 14:03:52.883,1.05666,1.05686,1.50,2.44
2013.05.17 14:03:53.133,1.05667,1.05686,1.50,1.69
2013.05.17 14:03:54.187,1.05664,1.05683,2.40,1.69
2013.05.17 14:03:54.253,1.05664,1.05683,1.65,1.69
2013.05.17 14:03:54.754,1.05662,1.05681,2.40,1.69
2013.05.17 14:03:54.822,1.0566,1.05679,1.50,1.84
2013.05.17 14:03:54.943,1.0566,1.05677,1.50,1.09
2013.05.17 14:03:55.138,1.05656,1.05677,2.25,2.59
2013.05.17 14:03:55.213,1.05656,1.05677,1.50,3.34
2013.05.17 14:03:55.425,1.05656,1.05676,1.50,2.44
2013.05.17 14:03:55.861,1.05658,1.05676,1.50,1.69
2013.05.17 14:03:56.164,1.05658,1.0568,1.50,3.34
2013.05.17 14:03:57.583,1.05657,1.05677,2.25,2.07
2013.05.17 14:03:57.922,1.05648,1.05667,2.25,1.09
2013.05.17 14:03:58.103,1.05652,1.05669,1.50,1.69
2013.05.17 14:03:58.293,1.05664,1.05672,1.50,2.07
2013.05.17 14:03:58.434,1.05666,1.05678,1.50,1.13
2013.05.17 14:03:58.622,1.05666,1.05685,2.25,3.87
2013.05.17 14:03:58.682,1.05667,1.05685,1.50,1.69
2013.05.17 14:03:59.771,1.05668,1.05688,1.50,1.69
2013.05.17 14:03:59.835,1.05669,1.05688,3.15,1.69
2013.05.17 14:03:59.904,1.05669,1.05689,3.15,1.69
2013.05.17 14:03:59.979,1.05677,1.0569,1.50,1.69
2013.05.17 14:04:00.117,1.05674,1.05693,1.65,3.12
2013.05.17 14:04:00.647,1.05672,1.05693,1.65,3.12
2013.05.17 14:04:02.034,1.05674,1.05693,1.50,1.69
2013.05.17 14:04:02.222,1.05674,1.05693,2.25,1.69
2013.05.17 14:04:02.955,1.05674,1.05692,1.50,3.19
2013.05.17 14:04:03.266,1.05668,1.05682,2.25,1.69
2013.05.17 14:04:03.331,1.05666,1.05683,1.50,3.12
2013.05.17 14:04:03.634,1.05664,1.05683,1.50,2.44
2013.05.17 14:04:04.832,1.05664,1.05683,1.50,1.69
2013.05.17 14:04:05.553,1.05664,1.05683,1.50,1.69
2013.05.17 14:04:06.061,1.05664,1.05683,1.50,2.44
2013.05.17 14:04:06.632,1.05663,1.05683,1.50,2.44
2013.05.17 14:04:06.751,1.05664,1.05683,2.93,1.69
2013.05.17 14:04:07.082,1.05665,1.05681,1.50,1.84
2013.05.17 14:04:07.203,1.05665,1.05681,1.50,1.84
2013.05.17 14:04:07.501,1.05663,1.05683,1.50,4.09
2013.05.17 14:04:08.232,1.05663,1.0568,1.50,1.09
2013.05.17 14:04:08.354,1.0566,1.05677,2.25,1.09
2013.05.17 14:04:08.426,1.05657,1.05677,1.50,1.84
2013.05.17 14:04:08.555,1.05658,1.05677,1.50,1.09
2013.05.17 14:04:08.684,1.05658,1.05678,1.50,3.34
2013.05.17 14:04:10.381,1.05661,1.05676,1.50,2.44
2013.05.17 14:04:10.963,1.05654,1.05673,3.00,1.69
2013.05.17 14:04:12.951,1.05654,1.05672,2.25,1.09
2013.05.17 14:04:15.371,1.05653,1.05672,1.50,3.19
2013.05.17 14:04:15.976,1.0565,1.05664,1.50,2.52
2013.05.17 14:04:16.328,1.05646,1.0566,2.25,2.44
2013.05.17 14:04:17.013,1.05646,1.05658,2.25,1.69
2013.05.17 14:04:18.750,1.05641,1.0566,2.25,1.69
2013.05.17 14:04:18.894,1.05642,1.05661,1.65,1.69
2013.05.17 14:04:19.214,1.05647,1.05667,3.68,1.84
2013.05.17 14:04:19.542,1.05647,1.05666,3.68,2.44
2013.05.17 14:04:19.602,1.05646,1.05666,2.25,2.44
2013.05.17 14:04:20.433,1.05644,1.05664,1.50,1.69
2013.05.17 14:04:20.563,1.05644,1.05663,1.50,2.44
2013.05.17 14:04:20.874,1.05645,1.05664,1.50,1.69
2013.05.17 14:04:21.897,1.05642,1.05663,5.93,2.44
2013.05.17 14:04:21.982,1.05639,1.05659,2.25,1.69
2013.05.17 14:04:22.490,1.05641,1.05659,1.50,1.69
2013.05.17 14:04:23.166,1.05641,1.0566,2.25,1.69
2013.05.17 14:04:23.982,1.05642,1.0566,1.50,3.19
2013.05.17 14:04:24.522,1.05636,1.05655,1.65,1.69
2013.05.17 14:04:24.823,1.05635,1.05651,2.40,1.69
2013.05.17 14:04:24.945,1.05637,1.05656,1.50,1.69
2013.05.17 14:04:25.736,1.05639,1.05658,1.50,4.09
2013.05.17 14:04:25.819,1.05632,1.05651,2.25,1.69
2013.05.17 14:04:26.372,1.05632,1.05651,2.25,1.69
2013.05.17 14:04:26.854,1.05636,1.05654,1.50,1.84
2013.05.17 14:04:27.053,1.05639,1.05657,2.25,1.09
2013.05.17 14:04:27.124,1.05639,1.05658,1.50,1.69
2013.05.17 14:04:27.198,1.05641,1.05659,1.50,1.69
2013.05.17 14:04:27.263,1.05641,1.05659,1.50,1.69
2013.05.17 14:04:28.347,1.05641,1.05659,1.50,1.69
2013.05.17 14:04:30.081,1.05639,1.05658,1.50,1.69
2013.05.17 14:04:30.454,1.05644,1.05662,2.25,1.69
2013.05.17 14:04:30.642,1.05644,1.05663,2.25,1.69
2013.05.17 14:04:30.944,1.05651,1.0567,1.65,1.69
2013.05.17 14:04:31.016,1.05654,1.05673,1.50,1.69
2013.05.17 14:04:31.143,1.05656,1.05676,3.00,1.69
2013.05.17 14:04:31.264,1.05656,1.05676,2.25,1.69
2013.05.17 14:04:31.393,1.0566,1.05676,1.50,1.69
2013.05.17 14:04:32.882,1.0566,1.05678,1.50,1.84
2013.05.17 14:04:34.022,1.0566,1.05677,1.50,1.69
2013.05.17 14:04:34.875,1.0566,1.05676,1.50,1.69
2013.05.17 14:04:34.943,1.05658,1.05672,1.50,1.09
2013.05.17 14:04:35.013,1.05658,1.05673,1.50,2.97
2013.05.17 14:04:35.072,1.05651,1.05672,2.25,1.69
2013.05.17 14:04:35.132,1.05651,1.05672,2.25,1.69
2013.05.17 14:04:35.254,1.05654,1.05674,1.50,1.69
2013.05.17 14:04:35.443,1.05658,1.05676,1.50,1.69
2013.05.17 14:04:36.166,1.05668,1.05675,1.65,1.50
2013.05.17 14:04:36.235,1.05668,1.05677,1.65,1.69
2013.05.17 14:04:36.308,1.0567,1.05681,2.40,3.68
2013.05.17 14:04:36.553,1.05672,1.05688,2.25,2.25
2013.05.17 14:04:37.045,1.05667,1.05688,1.69,3.19
2013.05.17 14:04:37.413,1.05666,1.0568,1.50,1.32
2013.05.17 14:04:37.781,1.05657,1.05672,1.50,1.69
2013.05.17 14:04:38.930,1.05658,1.05672,1.50,1.69
2013.05.17 14:04:39.210,1.05661,1.05674,1.50,1.43
2013.05.17 14:04:39.284,1.05663,1.05679,2.44,1.50
2013.05.17 14:04:39.474,1.05667,1.05682,3.00,1.50
2013.05.17 14:04:39.544,1.05667,1.05683,2.93,1.50
2013.05.17 14:04:39.737,1.05669,1.05688,1.50,1.69
2013.05.17 14:04:39.984,1.05666,1.05684,1.50,1.50
2013.05.17 14:04:40.296,1.05666,1.05688,1.50,3.19
2013.05.17 14:04:40.490,1.05665,1.05684,1.50,1.09
2013.05.17 14:04:40.695,1.05665,1.05684,1.50,1.69
2013.05.17 14:04:41.007,1.05662,1.05683,3.19,1.50
2013.05.17 14:04:41.073,1.05662,1.05686,2.44,2.59
2013.05.17 14:04:41.591,1.05661,1.05684,2.25,2.44
2013.05.17 14:04:42.580,1.05663,1.05685,1.84,1.69
2013.05.17 14:04:42.894,1.05666,1.05688,2.25,2.44
2013.05.17 14:04:43.425,1.05671,1.05689,2.25,3.83
2013.05.17 14:04:43.493,1.05671,1.05691,2.40,1.50
2013.05.17 14:04:43.554,1.05673,1.05692,1.69,1.50
2013.05.17 14:04:43.683,1.05677,1.05698,1.50,2.44
2013.05.17 14:04:43.752,1.05677,1.05698,1.50,1.69
2013.05.17 14:04:44.492,1.05677,1.05698,1.50,1.69
2013.05.17 14:04:45.155,1.05677,1.05699,1.50,2.59
2013.05.17 14:04:45.512,1.05677,1.05696,1.50,2.63
2013.05.17 14:04:45.871,1.05672,1.05691,1.50,1.50
2013.05.17 14:04:46.234,1.05672,1.05693,3.00,2.59
2013.05.17 14:04:46.730,1.05674,1.05693,1.50,1.50
2013.05.17 14:04:46.802,1.05676,1.05693,1.50,1.50
2013.05.17 14:04:47.535,1.05676,1.05697,3.15,1.69
2013.05.17 14:04:47.727,1.05679,1.05699,1.69,1.50
2013.05.17 14:04:47.866,1.05681,1.05702,1.69,1.65
2013.05.17 14:04:48.124,1.05681,1.05704,1.69,2.59
2013.05.17 14:04:48.253,1.0568,1.05701,1.69,1.65
2013.05.17 14:04:48.792,1.0568,1.05702,3.19,2.40
2013.05.17 14:04:49.112,1.05678,1.05699,1.50,1.65
2013.05.17 14:04:49.293,1.05675,1.05696,1.50,1.69
2013.05.17 14:04:49.882,1.05674,1.05695,1.50,1.50
2013.05.17 14:04:50.674,1.05674,1.05696,2.25,1.69
2013.05.17 14:04:50.803,1.05675,1.05697,2.93,3.34
2013.05.17 14:04:51.580,1.05675,1.05697,2.93,3.34
2013.05.17 14:04:51.662,1.05674,1.05694,1.50,1.84
2013.05.17 14:04:52.518,1.05675,1.05694,1.50,2.40
2013.05.17 14:04:52.737,1.05673,1.05694,1.69,1.65
2013.05.17 14:04:54.883,1.05675,1.05694,1.50,2.40
2013.05.17 14:04:55.002,1.05676,1.05696,1.50,1.50
2013.05.17 14:04:55.184,1.05682,1.05702,3.00,2.25
2013.05.17 14:04:55.253,1.05684,1.05704,1.50,1.50
2013.05.17 14:04:55.324,1.05684,1.05705,1.50,1.09
2013.05.17 14:04:55.699,1.05685,1.05706,1.69,2.59
2013.05.17 14:04:56.288,1.05685,1.05706,1.69,1.09
2013.05.17 14:04:57.463,1.05685,1.05707,2.25,2.44
2013.05.17 14:04:57.780,1.05687,1.05709,1.50,1.69
2013.05.17 14:04:58.863,1.05691,1.05711,1.50,1.69
2013.05.17 14:04:59.412,1.05688,1.05709,1.69,2.59
2013.05.17 14:04:59.664,1.05687,1.05709,1.69,3.34
2013.05.17 14:04:59.792,1.05686,1.05709,5.44,3.57
2013.05.17 14:05:00.093,1.05686,1.05704,1.50,1.65
2013.05.17 14:05:00.214,1.05684,1.05707,3.19,4.84
2013.05.17 14:05:00.283,1.05684,1.05706,2.44,2.63
2013.05.17 14:05:00.592,1.05684,1.05706,5.44,1.50
2013.05.17 14:05:00.773,1.05684,1.05707,4.69,3.34
2013.05.17 14:05:01.312,1.05685,1.05706,2.44,1.65
2013.05.17 14:05:01.551,1.05687,1.05707,1.50,1.69
2013.05.17 14:05:02.328,1.05686,1.05706,2.44,1.88
2013.05.17 14:05:02.684,1.05679,1.05697,1.50,3.57
2013.05.17 14:05:03.182,1.05675,1.05696,3.00,1.84
2013.05.17 14:05:03.683,1.05679,1.05696,2.25,1.50
2013.05.17 14:05:03.873,1.05685,1.05704,1.50,2.44
2013.05.17 14:05:04.117,1.05682,1.057,3.68,1.69
2013.05.17 14:05:04.424,1.05672,1.05694,1.50,3.08
2013.05.17 14:05:04.852,1.05674,1.0569,2.33,1.50
2013.05.17 14:05:04.983,1.05676,1.05697,2.25,1.32
2013.05.17 14:05:05.054,1.05676,1.05695,1.50,1.65
2013.05.17 14:05:05.977,1.05676,1.05693,1.50,2.59
2013.05.17 14:05:06.059,1.05672,1.05692,1.50,1.69
2013.05.17 14:05:06.362,1.05672,1.05693,1.50,1.84
2013.05.17 14:05:07.945,1.05672,1.05693,1.50,1.84
2013.05.17 14:05:08.263,1.05672,1.05693,2.25,1.84
2013.05.17 14:05:09.192,1.05675,1.05693,1.50,1.09
2013.05.17 14:05:09.707,1.05673,1.05691,1.50,1.69
2013.05.17 14:05:10.014,1.05669,1.05675,1.50,1.69
2013.05.17 14:05:10.084,1.05665,1.05671,2.18,1.99
2013.05.17 14:05:10.220,1.05661,1.05673,1.50,1.24
2013.05.17 14:05:10.402,1.0566,1.05674,2.25,2.78
2013.05.17 14:05:10.945,1.0566,1.05674,1.50,4.09
2013.05.17 14:05:11.012,1.05651,1.05673,1.69,1.84
2013.05.17 14:05:11.254,1.05651,1.0567,1.50,1.84
2013.05.17 14:05:11.563,1.05648,1.05668,2.25,1.88
2013.05.17 14:05:11.627,1.05648,1.05667,1.50,2.22
2013.05.17 14:05:11.693,1.05644,1.05664,1.69,1.13
2013.05.17 14:05:11.812,1.05644,1.05664,1.50,1.84
2013.05.17 14:05:11.932,1.05642,1.05664,3.12,2.82
2013.05.17 14:05:12.605,1.05644,1.05664,1.50,2.22
2013.05.17 14:05:12.674,1.05645,1.05664,1.50,1.09
2013.05.17 14:05:12.802,1.05648,1.05668,1.50,1.84
2013.05.17 14:05:12.923,1.0565,1.05669,2.25,1.65
2013.05.17 14:05:13.496,1.05651,1.05672,3.00,1.32
2013.05.17 14:05:13.742,1.05651,1.05672,3.00,1.09
2013.05.17 14:05:13.801,1.05652,1.05673,1.50,1.69
2013.05.17 14:05:13.923,1.05657,1.05674,1.50,3.19
2013.05.17 14:05:15.538,1.0565,1.05665,1.50,1.09
2013.05.17 14:05:16.492,1.05651,1.05668,1.50,1.84
2013.05.17 14:05:16.684,1.05652,1.05668,1.50,1.09
2013.05.17 14:05:16.756,1.05652,1.05671,2.25,1.32
2013.05.17 14:05:17.123,1.05653,1.05673,1.50,1.09
2013.05.17 14:05:17.632,1.05655,1.05677,2.25,1.69
2013.05.17 14:05:17.692,1.05655,1.05678,2.44,4.24
2013.05.17 14:05:17.751,1.05655,1.05678,2.44,3.34
2013.05.17 14:05:17.931,1.05656,1.05677,1.69,1.24
2013.05.17 14:05:17.993,1.05657,1.05676,1.50,1.32
2013.05.17 14:05:18.297,1.05657,1.05673,1.50,2.07
2013.05.17 14:05:18.683,1.05655,1.05673,1.50,1.09
2013.05.17 14:05:18.753,1.05654,1.05673,1.50,1.84
2013.05.17 14:05:18.873,1.05654,1.05673,3.00,1.09
2013.05.17 14:05:19.522,1.05654,1.0567,2.25,1.09
2013.05.17 14:05:19.914,1.05651,1.05669,1.50,1.69
2013.05.17 14:05:20.101,1.05649,1.05669,1.50,2.44
2013.05.17 14:05:20.501,1.05649,1.05669,2.25,1.69
2013.05.17 14:05:20.813,1.05656,1.05672,1.50,2.18
2013.05.17 14:05:20.885,1.05653,1.05672,2.40,2.18
2013.05.17 14:05:21.012,1.05652,1.05672,2.25,2.37
2013.05.17 14:05:21.132,1.05652,1.05673,3.75,2.44
2013.05.17 14:05:21.192,1.05654,1.05673,1.50,1.69
2013.05.17 14:05:21.892,1.05655,1.05674,1.50,1.09
2013.05.17 14:05:22.193,1.05656,1.05675,2.93,2.25
2013.05.17 14:05:22.454,1.05661,1.05681,1.50,1.88
2013.05.17 14:05:22.753,1.05662,1.05681,2.93,3.19
2013.05.17 14:05:22.813,1.0566,1.05678,1.69,1.50
2013.05.17 14:05:24.720,1.0566,1.0568,1.50,2.59
2013.05.17 14:05:25.232,1.05662,1.05681,2.25,1.69
2013.05.17 14:05:25.592,1.05664,1.0568,1.50,2.40
2013.05.17 14:05:26.433,1.05661,1.0568,1.50,2.40
2013.05.17 14:05:29.101,1.05661,1.0568,1.50,2.59
2013.05.17 14:05:30.494,1.05661,1.05675,1.50,1.69
2013.05.17 14:05:30.622,1.05657,1.05666,1.50,1.50
2013.05.17 14:05:30.803,1.05655,1.05673,1.50,1.54
2013.05.17 14:05:30.872,1.05657,1.05672,1.50,1.09
2013.05.17 14:05:31.234,1.05657,1.05678,2.25,1.69
2013.05.17 14:05:31.303,1.05657,1.0568,2.25,4.69
2013.05.17 14:05:31.432,1.05657,1.05678,2.25,1.50
2013.05.17 14:05:31.563,1.05661,1.0568,1.50,1.69
2013.05.17 14:05:31.626,1.05661,1.0568,1.50,1.69
2013.05.17 14:05:31.933,1.05663,1.05685,3.19,1.84
2013.05.17 14:05:32.713,1.05666,1.05686,1.50,1.69
2013.05.17 14:05:32.893,1.05667,1.05686,2.25,1.50
2013.05.17 14:05:33.493,1.05672,1.05689,2.25,1.77
2013.05.17 14:05:33.902,1.05672,1.05688,1.50,3.19
2013.05.17 14:05:34.022,1.0567,1.05688,1.50,3.19
2013.05.17 14:05:34.082,1.05669,1.05688,3.00,3.19
2013.05.17 14:05:34.154,1.05669,1.05687,3.00,2.44
2013.05.17 14:05:34.461,1.05669,1.05684,2.25,1.69
2013.05.17 14:05:34.776,1.05663,1.05684,3.00,1.69
2013.05.17 14:05:34.963,1.05663,1.05685,4.09,2.44
2013.05.17 14:05:35.202,1.05667,1.05685,1.50,1.09
2013.05.17 14:05:35.622,1.05664,1.05685,1.50,1.09
2013.05.17 14:05:36.162,1.05664,1.05686,1.65,2.44
2013.05.17 14:05:36.343,1.05664,1.05686,1.50,3.94
2013.05.17 14:05:36.844,1.05664,1.05683,1.50,1.69
2013.05.17 14:05:36.913,1.05664,1.05685,1.50,1.69
2013.05.17 14:05:37.046,1.05666,1.05686,1.50,1.69
2013.05.17 14:05:37.843,1.05667,1.05685,1.50,1.69
2013.05.17 14:05:38.173,1.05664,1.0568,1.50,3.19
2013.05.17 14:05:38.413,1.05662,1.05679,1.50,3.19
2013.05.17 14:05:38.843,1.05659,1.05679,2.18,1.69
2013.05.17 14:05:38.904,1.05657,1.05678,2.25,1.69
2013.05.17 14:05:39.092,1.05658,1.05679,2.93,1.69
2013.05.17 14:05:39.224,1.05657,1.05677,2.25,1.69
2013.05.17 14:05:39.477,1.05657,1.05679,1.80,3.87
2013.05.17 14:05:39.544,1.05659,1.05679,1.50,1.69
2013.05.17 14:05:40.213,1.05659,1.05678,1.50,1.69
2013.05.17 14:05:41.144,1.05657,1.05678,1.09,3.12
2013.05.17 14:05:41.211,1.05659,1.05678,1.50,1.69
2013.05.17 14:05:41.332,1.05659,1.05678,1.50,2.44
2013.05.17 14:05:41.642,1.05659,1.05678,1.50,1.69
2013.05.17 14:05:42.682,1.05663,1.05679,1.50,2.40
2013.05.17 14:05:42.983,1.05659,1.05672,1.50,2.40
2013.05.17 14:05:43.115,1.05654,1.05672,1.50,2.25
2013.05.17 14:05:43.254,1.05654,1.05673,1.50,2.44
2013.05.17 14:05:43.326,1.05655,1.05674,2.25,1.84
2013.05.17 14:05:43.633,1.05664,1.0568,2.25,1.09
2013.05.17 14:05:43.814,1.05663,1.05682,1.50,1.65
2013.05.17 14:05:43.943,1.05664,1.05683,3.00,3.00
2013.05.17 14:05:44.013,1.05666,1.05685,1.09,3.68
2013.05.17 14:05:44.199,1.0567,1.05685,1.50,1.50
2013.05.17 14:05:44.278,1.0567,1.05689,1.50,3.90
2013.05.17 14:05:44.543,1.0567,1.05686,1.50,1.50
2013.05.17 14:05:44.606,1.05669,1.0568,1.50,2.25
2013.05.17 14:05:44.676,1.05668,1.0568,1.50,2.25
2013.05.17 14:05:44.803,1.05667,1.05673,1.43,2.25
2013.05.17 14:05:45.125,1.0566,1.05669,1.43,4.69
2013.05.17 14:05:45.316,1.05659,1.05667,2.33,1.69
2013.05.17 14:05:45.384,1.05662,1.05668,1.65,1.50
2013.05.17 14:05:45.454,1.05654,1.05667,1.50,2.44
2013.05.17 14:05:45.522,1.05651,1.05667,1.50,2.44
2013.05.17 14:05:45.884,1.05644,1.05664,1.69,1.13
2013.05.17 14:05:46.192,1.05647,1.05667,1.50,3.19
2013.05.17 14:05:46.494,1.05649,1.05666,1.50,2.25
2013.05.17 14:05:46.563,1.05654,1.05666,2.40,2.25
2013.05.17 14:05:46.623,1.05654,1.05667,3.15,1.50
2013.05.17 14:05:46.682,1.05657,1.05672,1.69,1.50
2013.05.17 14:05:47.020,1.05667,1.05686,1.50,1.09
2013.05.17 14:05:47.084,1.05667,1.05688,1.50,1.69
2013.05.17 14:05:47.816,1.05667,1.05687,1.50,1.32
2013.05.17 14:05:47.903,1.05658,1.05678,1.50,2.44
2013.05.17 14:05:47.974,1.05657,1.05674,2.25,3.90
2013.05.17 14:05:48.103,1.05656,1.05674,1.50,2.59
2013.05.17 14:05:48.222,1.05658,1.05675,2.93,2.63
2013.05.17 14:05:48.464,1.05664,1.05682,2.25,2.63
2013.05.17 14:05:48.537,1.05666,1.05682,1.50,2.63
2013.05.17 14:05:48.783,1.05661,1.05676,1.50,1.50
2013.05.17 14:05:49.108,1.05665,1.05681,1.50,1.88
2013.05.17 14:05:49.303,1.0566,1.05677,1.50,1.65
2013.05.17 14:05:49.376,1.0566,1.05677,1.50,1.88
2013.05.17 14:05:49.447,1.0566,1.05675,2.25,1.50
2013.05.17 14:05:49.698,1.05664,1.05677,1.50,1.13
2013.05.17 14:05:49.824,1.05664,1.05681,1.50,2.40
2013.05.17 14:05:49.896,1.05664,1.05679,1.50,2.25
2013.05.17 14:05:50.027,1.05662,1.05677,1.50,1.13
2013.05.17 14:05:50.452,1.05661,1.0568,2.93,3.38
2013.05.17 14:05:50.515,1.05664,1.0568,1.13,1.73
2013.05.17 14:05:50.644,1.05671,1.05684,3.00,1.50
2013.05.17 14:05:50.713,1.05674,1.05695,1.50,2.25
2013.05.17 14:05:50.773,1.05673,1.05695,2.25,3.00
2013.05.17 14:05:51.022,1.05673,1.05696,2.25,1.65
2013.05.17 14:05:51.572,1.05675,1.05695,1.09,1.50
2013.05.17 14:05:51.693,1.05675,1.05696,1.65,2.25
2013.05.17 14:05:52.063,1.05677,1.05694,1.50,1.50
2013.05.17 14:05:52.183,1.05677,1.05696,2.25,1.50
2013.05.17 14:05:52.242,1.05674,1.05696,2.44,2.25
2013.05.17 14:05:52.308,1.05676,1.05698,3.15,1.50
2013.05.17 14:05:52.514,1.05678,1.05698,2.93,2.25
2013.05.17 14:05:52.949,1.05677,1.05699,2.93,3.08
2013.05.17 14:05:53.273,1.05675,1.05689,1.65,1.65
2013.05.17 14:05:54.351,1.05674,1.05683,1.50,2.40
2013.05.17 14:05:54.461,1.05662,1.05683,1.50,3.90
2013.05.17 14:05:54.522,1.0566,1.05683,2.25,3.15
2013.05.17 14:05:54.585,1.05658,1.05678,1.50,1.50
2013.05.17 14:05:55.577,1.05654,1.05677,1.65,3.00
2013.05.17 14:05:55.666,1.05667,1.05678,1.50,2.18
2013.05.17 14:05:55.735,1.05667,1.05685,3.00,2.40
2013.05.17 14:05:56.044,1.05667,1.05685,1.50,2.40
2013.05.17 14:05:56.356,1.05666,1.05683,4.69,1.88
2013.05.17 14:05:56.705,1.05677,1.05686,2.93,1.43
2013.05.17 14:05:56.833,1.05678,1.05697,1.50,1.13
2013.05.17 14:05:56.953,1.05676,1.05699,1.50,3.90
2013.05.17 14:05:57.134,1.05676,1.05697,3.34,2.25
2013.05.17 14:05:57.383,1.05681,1.05701,2.40,1.50
2013.05.17 14:05:57.447,1.05681,1.05701,2.82,1.50
2013.05.17 14:05:57.694,1.05684,1.05704,2.25,1.50
2013.05.17 14:05:57.762,1.05686,1.05705,2.25,1.50
2013.05.17 14:05:58.066,1.05696,1.05712,3.38,1.95
2013.05.17 14:05:58.265,1.05703,1.05712,1.50,1.95
2013.05.17 14:05:58.336,1.05704,1.05722,1.50,1.13
2013.05.17 14:05:58.477,1.05711,1.05722,1.50,1.13
2013.05.17 14:05:58.548,1.05704,1.05721,1.69,1.88
2013.05.17 14:05:58.624,1.05701,1.05716,1.69,1.88
2013.05.17 14:05:58.694,1.05695,1.05714,1.50,1.13
2013.05.17 14:05:58.835,1.0569,1.05709,1.69,1.13
2013.05.17 14:05:58.962,1.05697,1.05716,3.85,2.18
2013.05.17 14:05:59.021,1.05698,1.05716,1.50,1.50
2013.05.17 14:05:59.403,1.05704,1.05716,2.84,1.50
2013.05.17 14:05:59.653,1.05712,1.05728,3.30,7.21
2013.05.17 14:05:59.722,1.05721,1.05795,13.63,1.50
2013.05.17 14:05:59.796,1.05764,1.05789,2.25,1.65
2013.05.17 14:06:00.704,1.05763,1.05773,1.50,2.03
2013.05.17 14:06:01.547,1.05762,1.05792,1.50,2.40
2013.05.17 14:06:04.519,1.05757,1.05773,2.25,2.78
2013.05.17 14:06:04.874,1.05707,1.05735,1.13,31.54
2013.05.17 14:06:04.946,1.05693,1.05715,2.25,1.05
2013.05.17 14:06:05.474,1.05693,1.05714,2.40,1.50
2013.05.17 14:06:05.675,1.05697,1.05716,1.50,1.50
2013.05.17 14:06:05.866,1.05697,1.05718,1.50,1.50
2013.05.17 14:06:06.066,1.05697,1.05718,1.50,3.15
2013.05.17 14:06:06.433,1.05697,1.05715,1.65,1.50
2013.05.17 14:06:06.754,1.05696,1.05714,3.00,1.50
2013.05.17 14:06:07.063,1.05709,1.05719,1.50,1.50
2013.05.17 14:06:07.123,1.05702,1.05719,3.00,1.50
2013.05.17 14:06:07.314,1.05705,1.05721,2.25,2.25
2013.05.17 14:06:07.445,1.05702,1.05721,1.50,2.25
2013.05.17 14:06:07.513,1.05704,1.05721,1.50,1.50
2013.05.17 14:06:07.633,1.05704,1.05721,1.50,2.63
2013.05.17 14:06:07.693,1.05701,1.05719,3.68,1.13
2013.05.17 14:06:07.812,1.057,1.05719,1.50,1.88
2013.05.17 14:06:07.873,1.057,1.05718,1.50,1.88
2013.05.17 14:06:08.174,1.05696,1.05715,2.25,1.88
2013.05.17 14:06:08.722,1.05692,1.05713,2.25,1.50
2013.05.17 14:06:08.783,1.05692,1.05713,1.50,2.63
2013.05.17 14:06:09.107,1.05691,1.05707,1.50,1.50
2013.05.17 14:06:09.235,1.05692,1.0571,1.50,3.90
2013.05.17 14:06:09.363,1.05695,1.05711,1.50,6.08
2013.05.17 14:06:09.675,1.05704,1.05711,1.50,2.93
2013.05.17 14:06:09.925,1.05714,1.05732,1.73,1.50
2013.05.17 14:06:10.174,1.05712,1.05729,1.50,1.13
2013.05.17 14:06:10.302,1.05712,1.05733,1.50,1.65
2013.05.17 14:06:10.361,1.0571,1.05731,1.50,1.50
2013.05.17 14:06:10.422,1.0571,1.05728,1.50,1.50
2013.05.17 14:06:10.543,1.05707,1.05726,1.50,1.50
2013.05.17 14:06:11.505,1.05705,1.05726,2.25,2.25
2013.05.17 14:06:11.834,1.05721,1.05732,1.50,2.85
2013.05.17 14:06:11.904,1.05726,1.05733,1.50,1.43
2013.05.17 14:06:11.972,1.05726,1.05746,1.65,1.50
2013.05.17 14:06:12.033,1.05728,1.05748,1.13,2.18
2013.05.17 14:06:12.095,1.0573,1.0575,1.65,1.50
2013.05.17 14:06:12.168,1.05732,1.05755,2.40,1.50
2013.05.17 14:06:12.303,1.05736,1.05759,1.05,2.25
2013.05.17 14:06:12.666,1.05733,1.05746,1.13,6.47
2013.05.17 14:06:12.738,1.05735,1.0575,1.13,1.50
2013.05.17 14:06:12.863,1.05737,1.05759,1.65,2.25
2013.05.17 14:06:12.986,1.05737,1.05758,1.65,1.50
2013.05.17 14:06:13.315,1.0575,1.05763,1.05,3.00
2013.05.17 14:06:13.384,1.0575,1.05764,1.05,1.50
2013.05.17 14:06:13.456,1.05752,1.05766,1.50,2.93
2013.05.17 14:06:13.652,1.05756,1.0577,1.50,2.25
2013.05.17 14:06:13.772,1.05751,1.05769,1.50,2.93
2013.05.17 14:06:13.832,1.05751,1.05769,1.50,2.93
2013.05.17 14:06:13.905,1.05752,1.05764,1.50,2.25
2013.05.17 14:06:14.213,1.05744,1.05761,2.25,1.50
2013.05.17 14:06:19.183,1.05742,1.05759,2.25,1.50
2013.05.17 14:06:22.342,1.05729,1.05751,1.50,1.65
2013.05.17 14:06:22.429,1.05733,1.05753,1.50,1.13
2013.05.17 14:06:22.505,1.05736,1.05756,1.50,2.40
2013.05.17 14:06:22.577,1.05736,1.05756,1.50,1.13
2013.05.17 14:06:23.002,1.05732,1.05752,1.50,1.13
2013.05.17 14:06:23.064,1.0573,1.0575,3.68,1.13
2013.05.17 14:06:23.391,1.05715,1.05732,1.50,3.38
2013.05.17 14:06:23.708,1.05711,1.0572,1.43,1.13
2013.05.17 14:06:23.848,1.05707,1.05719,2.18,1.28
2013.05.17 14:06:23.914,1.05705,1.05719,2.93,1.28
2013.05.17 14:06:24.284,1.05697,1.05715,1.50,1.13
2013.05.17 14:06:24.726,1.05694,1.05715,2.25,1.65
2013.05.17 14:06:24.973,1.057,1.0572,1.50,4.20
2013.05.17 14:06:25.303,1.05703,1.05723,1.50,1.13
2013.05.17 14:06:25.362,1.05703,1.05724,1.50,2.40
2013.05.17 14:06:25.482,1.057,1.05723,1.50,1.50
2013.05.17 14:06:25.904,1.05702,1.05719,1.50,3.00
2013.05.17 14:06:26.297,1.05702,1.05721,1.50,1.50
2013.05.17 14:06:26.368,1.05705,1.05721,1.73,2.93
2013.05.17 14:06:26.702,1.05711,1.05725,2.25,1.50
2013.05.17 14:06:27.066,1.05715,1.05729,1.50,1.95
2013.05.17 14:06:27.372,1.05717,1.05729,1.50,1.95
2013.05.17 14:06:27.874,1.05717,1.05731,2.18,2.25
2013.05.17 14:06:28.412,1.05715,1.05731,1.50,2.40
2013.05.17 14:06:28.489,1.05713,1.05731,1.50,2.40
2013.05.17 14:06:28.632,1.05713,1.05734,1.50,1.65
2013.05.17 14:06:29.569,1.05713,1.05734,1.50,1.88
2013.05.17 14:06:29.645,1.05711,1.05733,2.25,2.03
2013.05.17 14:06:29.713,1.05712,1.05733,2.18,1.28
2013.05.17 14:06:30.254,1.05712,1.05734,2.25,1.88
2013.05.17 14:06:30.383,1.0571,1.05731,1.50,3.08
2013.05.17 14:06:30.453,1.05711,1.05732,1.50,1.13
2013.05.17 14:06:30.763,1.05708,1.05727,1.50,2.03
2013.05.17 14:06:30.833,1.05708,1.05724,1.50,1.28
2013.05.17 14:06:30.894,1.05706,1.05724,2.18,1.28
2013.05.17 14:06:31.023,1.05706,1.0572,2.18,3.15
2013.05.17 14:06:31.094,1.057,1.0572,1.50,3.90
2013.05.17 14:06:31.163,1.05699,1.05718,1.50,2.78
2013.05.17 14:06:31.223,1.05697,1.05718,1.50,2.78
2013.05.17 14:06:31.353,1.05697,1.05718,1.50,2.78
2013.05.17 14:06:31.413,1.05695,1.05718,1.50,2.78
2013.05.17 14:06:31.596,1.05692,1.05717,3.68,3.30
2013.05.17 14:06:31.783,1.05695,1.05717,1.50,3.30
2013.05.17 14:06:32.564,1.05695,1.05715,1.50,1.13
2013.05.17 14:06:32.633,1.05695,1.05716,1.50,1.05
2013.05.17 14:06:32.886,1.05698,1.05717,3.00,1.65
2013.05.17 14:06:33.013,1.05701,1.05722,1.50,1.05
2013.05.17 14:06:33.134,1.05701,1.05723,2.25,1.88
2013.05.17 14:06:33.263,1.05702,1.05719,1.50,1.13
2013.05.17 14:06:33.323,1.057,1.05719,2.18,1.50
2013.05.17 14:06:33.385,1.05697,1.05718,1.50,1.50
2013.05.17 14:06:33.574,1.05698,1.05719,1.50,1.50
2013.05.17 14:06:33.643,1.05698,1.05719,1.65,1.50
2013.05.17 14:06:33.946,1.05703,1.05724,2.25,2.40
2013.05.17 14:06:34.084,1.05704,1.05725,2.18,3.15
2013.05.17 14:06:34.154,1.05707,1.05725,1.65,2.25
2013.05.17 14:06:34.703,1.0571,1.05723,1.50,1.13
2013.05.17 14:06:35.465,1.05706,1.05723,2.25,1.13
2013.05.17 14:06:35.536,1.05706,1.05724,2.25,1.65
2013.05.17 14:06:35.674,1.05706,1.05725,2.25,3.38
2013.05.17 14:06:36.506,1.05699,1.05721,2.25,1.65
2013.05.17 14:06:36.585,1.05702,1.05722,1.50,1.65
2013.05.17 14:06:36.772,1.05701,1.05722,1.50,1.65
2013.05.17 14:06:37.045,1.05701,1.0572,1.50,1.13
2013.05.17 14:06:37.413,1.05699,1.0572,2.25,1.13
2013.05.17 14:06:37.598,1.05699,1.05718,1.50,1.65
2013.05.17 14:06:37.843,1.05702,1.0572,1.50,2.40
2013.05.17 14:06:37.903,1.05703,1.05723,2.25,3.83
2013.05.17 14:06:37.962,1.05705,1.05723,2.25,1.50
2013.05.17 14:06:38.322,1.05705,1.05723,2.93,1.88
2013.05.17 14:06:38.682,1.05702,1.0572,1.50,1.65
2013.05.17 14:06:38.862,1.05702,1.05721,1.50,1.65
2013.05.17 14:06:38.983,1.05703,1.05721,1.50,1.65
2013.05.17 14:06:39.103,1.05706,1.05726,1.50,3.00
2013.05.17 14:06:39.173,1.05706,1.05726,1.50,1.50
2013.05.17 14:06:39.243,1.05708,1.05728,1.50,1.65
2013.05.17 14:06:39.604,1.05712,1.0573,1.50,1.88
2013.05.17 14:06:39.914,1.05709,1.05726,1.50,1.05
2013.05.17 14:06:39.983,1.05708,1.05728,1.50,1.05
2013.05.17 14:06:40.042,1.05707,1.05727,1.50,1.05
2013.05.17 14:06:40.284,1.05709,1.05728,1.50,1.65
2013.05.17 14:06:40.844,1.05708,1.05725,1.50,1.50
2013.05.17 14:06:41.174,1.05707,1.05724,2.25,1.13
2013.05.17 14:06:41.492,1.05706,1.05724,1.50,2.03
2013.05.17 14:06:41.926,1.05702,1.05723,1.50,3.83
2013.05.17 14:06:42.070,1.05706,1.05727,1.50,2.40
2013.05.17 14:06:42.322,1.05705,1.05727,4.50,2.40
2013.05.17 14:06:42.383,1.05705,1.05726,1.50,1.13
2013.05.17 14:06:42.693,1.05702,1.05715,1.50,1.65
2013.05.17 14:06:43.526,1.05695,1.05716,1.50,1.65
2013.05.17 14:06:43.592,1.05695,1.05716,1.50,2.40
2013.05.17 14:06:44.024,1.05695,1.05715,1.50,1.65
2013.05.17 14:06:44.404,1.05703,1.05721,3.75,1.50
2013.05.17 14:06:44.474,1.05703,1.05724,3.75,1.50
2013.05.17 14:06:45.035,1.05704,1.05724,4.50,2.25
2013.05.17 14:06:45.223,1.05704,1.05724,1.50,1.50
2013.05.17 14:06:45.343,1.05704,1.05724,5.25,1.50
2013.05.17 14:06:45.893,1.05705,1.05726,1.50,2.40
2013.05.17 14:06:46.202,1.05705,1.05722,1.50,1.65
2013.05.17 14:06:46.572,1.05705,1.05721,1.50,1.50
2013.05.17 14:06:46.632,1.05703,1.05721,1.50,2.25
2013.05.17 14:06:46.814,1.05701,1.05717,1.50,1.50
2013.05.17 14:06:47.123,1.05705,1.05723,1.50,3.00
2013.05.17 14:06:47.193,1.05701,1.05723,1.50,2.40
2013.05.17 14:06:47.372,1.05704,1.05725,1.50,1.65
2013.05.17 14:06:47.673,1.05704,1.05725,1.50,1.50
2013.05.17 14:06:47.979,1.05707,1.05724,1.50,1.50
2013.05.17 14:06:48.172,1.05705,1.05726,2.25,2.40
2013.05.17 14:06:48.696,1.05707,1.05727,1.50,1.50
2013.05.17 14:06:49.072,1.05705,1.05727,1.50,1.65
2013.05.17 14:06:49.543,1.05705,1.05728,1.50,3.00
2013.05.17 14:06:49.727,1.0571,1.05728,1.50,1.50
2013.05.17 14:06:50.114,1.05709,1.05728,1.50,2.40
2013.05.17 14:06:50.183,1.05706,1.05728,1.50,3.83
2013.05.17 14:06:50.243,1.05706,1.05728,2.93,3.15
2013.05.17 14:06:50.542,1.05709,1.05728,1.50,1.50
2013.05.17 14:06:50.662,1.05712,1.05732,1.50,1.65
2013.05.17 14:06:51.329,1.05718,1.05732,1.50,1.65
2013.05.17 14:06:51.406,1.05725,1.05744,1.50,2.40
2013.05.17 14:06:51.485,1.05725,1.05743,1.50,1.50
2013.05.17 14:06:51.793,1.05717,1.05737,1.50,1.13
2013.05.17 14:06:51.913,1.05716,1.05736,2.25,1.13
2013.05.17 14:06:52.332,1.05716,1.05736,1.50,4.05
2013.05.17 14:06:53.152,1.05716,1.05737,2.25,1.50
2013.05.17 14:06:53.393,1.05716,1.05737,1.50,2.40
2013.05.17 14:06:53.704,1.05719,1.0574,1.50,2.40
2013.05.17 14:06:54.015,1.05718,1.05738,1.50,1.65
2013.05.17 14:06:54.213,1.05715,1.05736,2.25,1.65
2013.05.17 14:06:54.774,1.05717,1.05737,3.15,1.50
2013.05.17 14:06:55.083,1.05723,1.05743,1.50,1.65
2013.05.17 14:06:55.332,1.05723,1.05742,1.50,2.93
2013.05.17 14:06:55.983,1.05722,1.05739,1.50,2.25
2013.05.17 14:06:56.053,1.05722,1.05738,1.50,1.88
2013.05.17 14:06:56.113,1.05716,1.05736,2.25,1.65
2013.05.17 14:06:56.172,1.05716,1.05733,1.50,1.50
2013.05.17 14:06:56.354,1.05713,1.05732,1.50,2.25
2013.05.17 14:06:56.425,1.05713,1.05732,1.50,2.25
2013.05.17 14:06:56.944,1.05709,1.05731,2.25,3.08
2013.05.17 14:06:57.011,1.05707,1.0573,3.00,1.65
2013.05.17 14:06:57.193,1.05707,1.05729,2.25,3.98
2013.05.17 14:06:57.503,1.05707,1.05726,1.50,1.50
2013.05.17 14:06:57.563,1.05706,1.05725,2.25,1.13
2013.05.17 14:06:57.934,1.05705,1.05725,1.50,1.65
2013.05.17 14:06:59.417,1.05707,1.05728,4.43,1.80
2013.05.17 14:06:59.662,1.05707,1.05726,1.50,1.65
2013.05.17 14:06:59.861,1.05708,1.05728,1.50,1.50
2013.05.17 14:06:59.930,1.05711,1.0573,1.50,3.00
2013.05.17 14:06:59.996,1.05711,1.05731,1.50,3.15
2013.05.17 14:07:00.121,1.05711,1.05731,1.50,2.40
2013.05.17 14:07:00.422,1.05712,1.05733,1.50,1.65
2013.05.17 14:07:00.605,1.05713,1.05734,2.25,2.40
2013.05.17 14:07:00.793,1.05712,1.05734,1.65,1.50
2013.05.17 14:07:01.093,1.05713,1.05733,1.65,3.00
2013.05.17 14:07:01.414,1.05723,1.05744,1.50,1.50
2013.05.17 14:07:01.602,1.05723,1.05744,1.50,2.25
2013.05.17 14:07:01.723,1.05722,1.05743,3.19,1.65
2013.05.17 14:07:01.912,1.05723,1.05744,2.25,1.65
2013.05.17 14:07:01.972,1.05723,1.05744,2.40,1.50
2013.05.17 14:07:02.522,1.05726,1.05745,1.50,1.50
2013.05.17 14:07:02.852,1.05729,1.05745,3.00,1.50
2013.05.17 14:07:02.974,1.05731,1.0575,3.38,1.65
2013.05.17 14:07:03.166,1.0573,1.05751,1.65,1.50
2013.05.17 14:07:03.351,1.0573,1.05751,1.65,1.50
2013.05.17 14:07:03.892,1.05727,1.05748,1.50,2.40
2013.05.17 14:07:04.261,1.05727,1.05748,2.25,3.90
2013.05.17 14:07:04.631,1.05727,1.05747,1.50,1.65
2013.05.17 14:07:04.882,1.05726,1.05744,1.13,1.50
2013.05.17 14:07:05.374,1.05722,1.05742,2.40,2.18
2013.05.17 14:07:05.445,1.05722,1.05742,2.25,2.93
2013.05.17 14:07:05.872,1.05723,1.05742,1.50,1.50
2013.05.17 14:07:05.934,1.05723,1.05742,1.50,1.50
2013.05.17 14:07:06.551,1.05723,1.05741,1.50,1.50
2013.05.17 14:07:07.103,1.05724,1.05739,1.50,2.40
2013.05.17 14:07:07.404,1.05726,1.05739,2.25,1.50
2013.05.17 14:07:08.089,1.05725,1.05741,1.50,1.50
2013.05.17 14:07:08.692,1.05726,1.05743,1.50,2.25
2013.05.17 14:07:09.054,1.05702,1.05722,1.50,1.50
2013.05.17 14:07:09.125,1.05704,1.05722,1.50,1.50
2013.05.17 14:07:09.455,1.05711,1.05731,2.25,1.65
2013.05.17 14:07:09.523,1.05711,1.05731,2.25,2.25
2013.05.17 14:07:09.582,1.05712,1.05731,1.65,2.93
2013.05.17 14:07:09.714,1.0571,1.05731,1.50,1.50
2013.05.17 14:07:09.773,1.05709,1.05731,1.50,1.50
2013.05.17 14:07:09.964,1.05711,1.05731,2.40,1.50
2013.05.17 14:07:10.033,1.05711,1.05732,1.50,1.50
2013.05.17 14:07:10.275,1.05715,1.05733,1.65,1.50
2013.05.17 14:07:10.593,1.0572,1.05734,1.50,2.18
2013.05.17 14:07:10.653,1.0572,1.05741,2.25,1.50
2013.05.17 14:07:10.786,1.0572,1.05741,1.50,1.65
2013.05.17 14:07:11.104,1.05719,1.05736,4.13,1.50
2013.05.17 14:07:11.426,1.05715,1.05734,1.50,1.88
2013.05.17 14:07:11.626,1.05716,1.05733,1.50,1.58
2013.05.17 14:07:11.696,1.05716,1.05733,1.50,1.58
2013.05.17 14:07:11.894,1.05712,1.05734,1.50,2.40
2013.05.17 14:07:12.323,1.05712,1.05735,2.25,2.40
2013.05.17 14:07:12.611,1.05713,1.05735,1.50,2.40
2013.05.17 14:07:12.912,1.05712,1.05729,1.50,1.50
2013.05.17 14:07:13.152,1.05701,1.05723,2.25,1.50
2013.05.17 14:07:13.513,1.05703,1.05726,1.50,1.65
2013.05.17 14:07:13.932,1.057,1.05723,1.65,2.25
2013.05.17 14:07:14.249,1.05698,1.05717,1.65,1.43
2013.05.17 14:07:14.563,1.05697,1.05714,1.28,1.50
2013.05.17 14:07:14.626,1.05696,1.05717,1.50,1.50
2013.05.17 14:07:14.823,1.05701,1.05716,3.38,1.50
2013.05.17 14:07:14.945,1.05702,1.05722,1.50,2.25
2013.05.17 14:07:15.015,1.05703,1.05722,1.65,2.25
2013.05.17 14:07:15.202,1.05702,1.05721,2.59,1.50
2013.05.17 14:07:16.056,1.05702,1.05721,1.50,2.25
2013.05.17 14:07:16.314,1.05703,1.05721,2.25,1.50
2013.05.17 14:07:16.832,1.05703,1.05721,1.50,1.50
2013.05.17 14:07:17.372,1.05701,1.05719,2.25,1.50
2013.05.17 14:07:17.492,1.05699,1.05719,2.25,2.25
2013.05.17 14:07:17.553,1.057,1.05719,1.50,1.50
2013.05.17 14:07:17.860,1.05701,1.05719,3.00,2.25
2013.05.17 14:07:18.163,1.05705,1.05715,1.50,3.00
2013.05.17 14:07:18.223,1.05703,1.05715,1.50,3.94
2013.05.17 14:07:18.284,1.05703,1.05711,1.50,1.43
2013.05.17 14:07:18.416,1.05702,1.05711,2.18,2.93
2013.05.17 14:07:18.725,1.05692,1.0571,1.65,1.50
2013.05.17 14:07:18.852,1.05692,1.0571,1.65,1.50
2013.05.17 14:07:18.971,1.05694,1.05714,3.83,1.50
2013.05.17 14:07:19.152,1.05694,1.05716,2.40,3.00
2013.05.17 14:07:19.393,1.05692,1.05713,2.63,1.50
2013.05.17 14:07:19.452,1.05692,1.05713,2.25,1.50
2013.05.17 14:07:19.633,1.0569,1.05711,2.40,2.18
2013.05.17 14:07:19.956,1.05695,1.05711,1.28,1.50
2013.05.17 14:07:20.082,1.05696,1.05713,1.43,1.50
2013.05.17 14:07:20.322,1.05693,1.05712,2.40,1.50
2013.05.17 14:07:20.743,1.05691,1.0571,1.50,1.50
2013.05.17 14:07:21.172,1.05693,1.05712,1.50,1.50
2013.05.17 14:07:21.534,1.05693,1.05712,1.50,1.50
2013.05.17 14:07:22.114,1.05691,1.05712,1.65,1.50
2013.05.17 14:07:22.242,1.05691,1.05713,1.65,2.25
2013.05.17 14:07:22.424,1.05695,1.05715,1.50,1.50
2013.05.17 14:07:23.286,1.057,1.05718,1.50,2.33
2013.05.17 14:07:23.384,1.05702,1.05723,2.93,1.65
2013.05.17 14:07:23.632,1.05705,1.05725,1.50,1.13
2013.05.17 14:07:24.730,1.05702,1.05719,2.18,1.50
2013.05.17 14:07:24.813,1.05703,1.05721,1.50,1.50
2013.05.17 14:07:24.887,1.05704,1.05724,1.50,2.44
2013.05.17 14:07:25.265,1.05705,1.05724,3.00,1.13
2013.05.17 14:07:25.523,1.05709,1.05729,1.50,2.25
2013.05.17 14:07:26.335,1.05707,1.05728,1.50,1.50
2013.05.17 14:07:26.410,1.05707,1.05727,1.50,1.88
2013.05.17 14:07:26.583,1.05706,1.05726,1.50,1.50
2013.05.17 14:07:27.113,1.05705,1.05725,1.50,1.50
2013.05.17 14:07:27.871,1.05706,1.05727,1.50,2.70
2013.05.17 14:07:28.172,1.05706,1.05725,1.50,1.50
2013.05.17 14:07:28.292,1.05706,1.05727,2.25,2.25
2013.05.17 14:07:28.592,1.05706,1.05725,1.50,2.25
2013.05.17 14:07:29.192,1.05703,1.05722,1.50,1.50
2013.05.17 14:07:29.262,1.05703,1.05721,1.50,2.25
2013.05.17 14:07:29.324,1.05701,1.05716,1.50,1.50
2013.05.17 14:07:29.395,1.05699,1.05716,1.50,2.25
2013.05.17 14:07:29.526,1.05695,1.05713,1.28,1.50
2013.05.17 14:07:29.592,1.05692,1.05713,2.40,3.00
2013.05.17 14:07:29.652,1.05692,1.05712,1.65,2.93
2013.05.17 14:07:30.052,1.05695,1.05712,2.40,2.93
2013.05.17 14:07:30.513,1.05693,1.05712,1.13,2.93
2013.05.17 14:07:30.754,1.05697,1.05712,3.75,2.93
2013.05.17 14:07:31.094,1.05715,1.0572,1.50,1.43
2013.05.17 14:07:31.165,1.05716,1.05735,2.40,1.50
2013.05.17 14:07:31.236,1.05716,1.05738,2.40,2.93
2013.05.17 14:07:31.306,1.05717,1.05738,1.50,1.88
2013.05.17 14:07:31.376,1.05719,1.0574,1.50,3.00
2013.05.17 14:07:31.515,1.05719,1.05742,1.50,3.15
2013.05.17 14:07:31.583,1.05719,1.05742,1.50,2.40
2013.05.17 14:07:32.374,1.05719,1.05741,3.68,1.65
2013.05.17 14:07:32.735,1.05717,1.05736,1.65,1.50
2013.05.17 14:07:33.472,1.05717,1.05736,1.50,1.50
2013.05.17 14:07:33.533,1.05716,1.05735,1.50,1.50
2013.05.17 14:07:33.657,1.05714,1.05735,1.50,1.65
2013.05.17 14:07:33.965,1.05712,1.05728,1.13,1.50
2013.05.17 14:07:34.096,1.05709,1.05728,1.13,2.93
2013.05.17 14:07:34.342,1.05706,1.05728,2.40,3.68
2013.05.17 14:07:34.462,1.05708,1.05728,1.50,1.50
2013.05.17 14:07:34.585,1.05709,1.05728,1.50,1.50
2013.05.17 14:07:34.902,1.05713,1.05731,1.50,1.13
2013.05.17 14:07:34.963,1.05713,1.05732,1.50,1.50
2013.05.17 14:07:35.204,1.05713,1.05731,1.50,1.65
2013.05.17 14:07:35.273,1.05714,1.05733,1.50,2.40
2013.05.17 14:07:35.515,1.05713,1.05732,1.50,1.13
2013.05.17 14:07:36.005,1.05706,1.05727,1.50,3.00
2013.05.17 14:07:36.252,1.05706,1.05723,1.50,1.50
2013.05.17 14:07:36.614,1.05705,1.05722,1.50,1.50
2013.05.17 14:07:36.684,1.05701,1.05718,1.50,1.50
2013.05.17 14:07:36.873,1.05702,1.05723,1.65,1.50
2013.05.17 14:07:37.054,1.05703,1.05723,2.40,2.25
2013.05.17 14:07:37.376,1.05709,1.05723,2.25,1.50
2013.05.17 14:07:37.714,1.0571,1.0573,1.50,2.25
2013.05.17 14:07:37.784,1.0571,1.0573,1.50,2.25
2013.05.17 14:07:38.292,1.05712,1.0573,1.50,1.69
2013.05.17 14:07:39.070,1.05709,1.05726,2.25,1.50
2013.05.17 14:07:39.155,1.05708,1.05728,1.50,3.00
2013.05.17 14:07:39.343,1.0571,1.05726,1.50,1.50
2013.05.17 14:07:39.653,1.0571,1.05724,1.50,3.68
2013.05.17 14:07:39.787,1.0571,1.05725,1.50,1.50
2013.05.17 14:07:39.856,1.05711,1.05726,1.50,1.69
2013.05.17 14:07:40.163,1.05707,1.0572,1.50,1.69
2013.05.17 14:07:40.224,1.05707,1.0572,1.50,1.69
2013.05.17 14:07:40.293,1.05703,1.0572,1.50,2.44
2013.05.17 14:07:40.597,1.05699,1.05715,2.25,1.50
2013.05.17 14:07:41.123,1.05699,1.05711,1.50,1.50
2013.05.17 14:07:41.184,1.05699,1.05712,2.40,1.50
2013.05.17 14:07:41.629,1.05703,1.05715,1.50,2.18
2013.05.17 14:07:41.698,1.05705,1.05722,2.25,2.93
2013.05.17 14:07:42.072,1.05704,1.05722,1.50,1.50
2013.05.17 14:07:42.133,1.05704,1.05722,1.50,1.50
2013.05.17 14:07:42.494,1.05699,1.05719,1.50,1.50
2013.05.17 14:07:42.808,1.05701,1.0572,1.50,1.50
2013.05.17 14:07:42.933,1.057,1.05719,1.50,1.50
2013.05.17 14:07:43.052,1.05701,1.05719,1.50,1.50
2013.05.17 14:07:43.592,1.05705,1.05723,1.50,2.25
2013.05.17 14:07:43.654,1.05703,1.05723,1.50,1.50
2013.05.17 14:07:43.844,1.05703,1.05723,1.50,1.50
2013.05.17 14:07:44.155,1.05706,1.05726,3.00,1.50
2013.05.17 14:07:44.345,1.0571,1.05724,1.50,1.50
2013.05.17 14:07:44.666,1.05715,1.05731,1.50,1.50
2013.05.17 14:07:44.973,1.05716,1.05731,2.93,1.50
2013.05.17 14:07:45.332,1.05718,1.05738,3.68,1.50
2013.05.17 14:07:45.392,1.05721,1.05739,1.50,2.18
2013.05.17 14:07:45.453,1.05723,1.05739,3.90,2.18
2013.05.17 14:07:45.761,1.05726,1.05741,1.88,2.25
2013.05.17 14:07:45.824,1.05726,1.05741,1.65,2.25
2013.05.17 14:07:47.533,1.05711,1.05728,2.40,2.25
2013.05.17 14:07:47.620,1.05717,1.05733,1.65,2.25
2013.05.17 14:07:48.057,1.05717,1.05733,1.50,1.50
2013.05.17 14:07:48.127,1.05715,1.05734,2.40,1.50
2013.05.17 14:07:48.254,1.05719,1.05736,1.65,1.50
2013.05.17 14:07:48.324,1.05719,1.05738,1.65,2.25
2013.05.17 14:07:48.397,1.05719,1.05738,2.40,1.50
2013.05.17 14:07:48.583,1.05721,1.05739,1.13,1.50
2013.05.17 14:07:48.710,1.0572,1.0574,1.65,1.50
2013.05.17 14:07:48.779,1.05723,1.05743,1.50,2.40
2013.05.17 14:07:48.845,1.05723,1.0574,1.50,1.13
2013.05.17 14:07:49.153,1.05715,1.05737,1.50,3.08
2013.05.17 14:07:49.393,1.05712,1.05733,1.50,2.25
2013.05.17 14:07:49.524,1.05712,1.0573,1.50,1.50
2013.05.17 14:07:49.653,1.0571,1.0573,1.13,1.50
2013.05.17 14:07:50.135,1.05708,1.05729,3.75,2.25
2013.05.17 14:07:50.409,1.05708,1.05728,2.25,1.50
2013.05.17 14:07:50.969,1.05708,1.05726,2.25,1.50
2013.05.17 14:07:51.093,1.05708,1.05725,2.25,1.50
2013.05.17 14:07:51.283,1.05707,1.05726,3.30,1.50
2013.05.17 14:07:51.343,1.05707,1.05727,3.30,1.50
2013.05.17 14:07:51.476,1.05708,1.05726,1.50,1.50
2013.05.17 14:07:51.544,1.05707,1.05726,1.05,1.50
2013.05.17 14:07:51.613,1.05708,1.05728,1.13,2.25
2013.05.17 14:07:51.914,1.05716,1.05728,1.65,1.50
2013.05.17 14:07:52.154,1.05716,1.05736,1.50,3.15
2013.05.17 14:07:52.283,1.05714,1.05734,2.25,2.25
2013.05.17 14:07:52.642,1.05715,1.05731,1.50,1.50
2013.05.17 14:07:53.212,1.05711,1.05728,1.50,1.50
2013.05.17 14:07:53.275,1.05711,1.05727,1.50,1.50
2013.05.17 14:07:53.595,1.05695,1.05708,1.50,1.50
2013.05.17 14:07:53.663,1.05695,1.05712,1.50,1.50
2013.05.17 14:07:53.782,1.05692,1.05712,1.65,1.50
2013.05.17 14:07:54.109,1.05692,1.05713,1.65,1.50
2013.05.17 14:07:54.595,1.05692,1.05711,1.13,1.50
2013.05.17 14:07:55.802,1.05694,1.05711,1.13,2.25
2013.05.17 14:07:55.984,1.05705,1.05719,2.25,1.50
2013.05.17 14:07:56.053,1.05705,1.05724,2.25,1.50
2013.05.17 14:07:56.413,1.05708,1.05724,1.50,1.50
2013.05.17 14:07:58.003,1.0571,1.05725,2.25,2.25
2013.05.17 14:07:58.304,1.05715,1.05725,1.65,2.25
2013.05.17 14:07:58.613,1.05719,1.05728,1.65,1.50
2013.05.17 14:07:58.926,1.05727,1.05749,3.83,2.25
2013.05.17 14:07:58.996,1.05727,1.05748,3.68,3.00
2013.05.17 14:07:59.305,1.05725,1.05745,2.40,1.50
2013.05.17 14:07:59.553,1.05725,1.05744,1.50,1.50
2013.05.17 14:08:00.101,1.05721,1.05744,4.88,1.50
2013.05.17 14:08:00.282,1.05721,1.05743,5.03,1.50
2013.05.17 14:08:00.343,1.05721,1.05743,5.03,1.50
2013.05.17 14:08:00.646,1.05722,1.05743,2.25,2.25
2013.05.17 14:08:01.022,1.05722,1.0574,1.50,2.40
2013.05.17 14:08:01.382,1.05719,1.05739,1.50,1.65
2013.05.17 14:08:01.443,1.05717,1.05733,1.50,1.50
2013.05.17 14:08:01.563,1.05716,1.05734,5.33,1.50
2013.05.17 14:08:01.802,1.05719,1.05736,1.50,1.50
2013.05.17 14:08:01.922,1.05719,1.05736,1.50,1.50
2013.05.17 14:08:02.183,1.05725,1.05741,1.65,1.50
2013.05.17 14:08:02.244,1.05728,1.05745,1.50,2.25
2013.05.17 14:08:02.315,1.0573,1.05748,1.65,3.00
2013.05.17 14:08:02.446,1.05731,1.05751,1.65,1.50
2013.05.17 14:08:02.515,1.05734,1.05751,1.50,1.50
2013.05.17 14:08:02.834,1.05732,1.05746,1.50,1.50
2013.05.17 14:08:02.896,1.05733,1.05755,1.13,1.65
2013.05.17 14:08:02.964,1.05737,1.05755,1.13,1.50
2013.05.17 14:08:03.034,1.0574,1.05762,1.13,1.65
2013.05.17 14:08:04.035,1.05742,1.05763,1.65,1.50
2013.05.17 14:08:04.562,1.05743,1.05766,1.65,1.50
2013.05.17 14:08:04.685,1.05745,1.05763,1.50,2.25
2013.05.17 14:08:05.031,1.05739,1.05747,3.60,1.50
2013.05.17 14:08:05.170,1.05733,1.05744,1.50,1.50
2013.05.17 14:08:05.412,1.0573,1.05744,2.40,2.25
2013.05.17 14:08:05.852,1.05736,1.05744,1.50,1.50
2013.05.17 14:08:06.581,1.05736,1.05748,1.65,1.50
2013.05.17 14:08:06.897,1.05737,1.05744,1.50,1.50
2013.05.17 14:08:07.086,1.05736,1.05744,2.93,1.50
2013.05.17 14:08:07.285,1.05734,1.05744,1.50,1.50
2013.05.17 14:08:07.354,1.0573,1.0575,1.50,1.09
2013.05.17 14:08:07.424,1.05728,1.05746,1.50,2.25
2013.05.17 14:08:07.543,1.0573,1.05748,1.50,2.44
2013.05.17 14:08:07.927,1.0573,1.05749,1.50,1.84
2013.05.17 14:08:08.002,1.05732,1.05751,2.25,1.09
2013.05.17 14:08:08.154,1.05728,1.05747,1.13,1.50
2013.05.17 14:08:08.236,1.05726,1.05746,1.50,2.25
2013.05.17 14:08:08.378,1.05724,1.05743,2.25,2.40
2013.05.17 14:08:08.592,1.05718,1.05738,1.50,2.25
2013.05.17 14:08:09.431,1.05709,1.05718,1.50,1.09
2013.05.17 14:08:09.504,1.05698,1.05715,1.50,1.50
2013.05.17 14:08:09.575,1.0569,1.05713,1.09,1.50
2013.05.17 14:08:10.392,1.0569,1.05713,1.09,1.50
2013.05.17 14:08:10.453,1.05694,1.05713,2.25,1.50
2013.05.17 14:08:10.705,1.05702,1.05721,1.50,1.65
2013.05.17 14:08:10.904,1.05704,1.0572,1.50,1.50
2013.05.17 14:08:11.884,1.05704,1.05723,1.50,1.65
2013.05.17 14:08:11.980,1.05709,1.05722,2.18,2.97
2013.05.17 14:08:12.127,1.05698,1.05718,2.25,1.09
2013.05.17 14:08:12.196,1.05697,1.05713,2.25,1.50
2013.05.17 14:08:12.265,1.05697,1.05713,1.50,2.25
2013.05.17 14:08:12.513,1.05688,1.05708,1.50,1.80
2013.05.17 14:08:12.585,1.05691,1.05712,1.88,3.19
2013.05.17 14:08:12.654,1.05694,1.05713,1.88,3.00
2013.05.17 14:08:12.927,1.05697,1.05716,1.50,1.35
2013.05.17 14:08:13.125,1.05698,1.05718,2.18,3.19
2013.05.17 14:08:13.255,1.05698,1.05715,1.50,1.69
2013.05.17 14:08:13.692,1.057,1.0572,1.50,1.69
2013.05.17 14:08:14.075,1.057,1.05718,2.25,1.09
2013.05.17 14:08:14.204,1.05702,1.05718,2.93,1.50
2013.05.17 14:08:14.274,1.05704,1.05722,1.50,2.18
2013.05.17 14:08:14.342,1.05704,1.05722,2.93,2.55
2013.05.17 14:08:14.703,1.05704,1.05722,2.18,1.13
2013.05.17 14:08:14.896,1.05697,1.05715,2.25,1.84
2013.05.17 14:08:14.966,1.05694,1.05715,1.50,1.84
2013.05.17 14:08:15.035,1.05694,1.05715,2.40,1.69
2013.05.17 14:08:15.164,1.05697,1.05717,1.50,1.69
2013.05.17 14:08:15.483,1.057,1.0572,3.00,1.84
2013.05.17 14:08:16.031,1.057,1.05721,3.00,2.07
2013.05.17 14:08:16.343,1.05698,1.05718,2.40,1.69
2013.05.17 14:08:16.584,1.057,1.0572,1.65,2.44
2013.05.17 14:08:16.893,1.05715,1.05734,1.88,3.19
2013.05.17 14:08:17.018,1.05718,1.05737,1.05,3.19
2013.05.17 14:08:17.158,1.05718,1.05739,1.88,1.69
2013.05.17 14:08:17.226,1.05721,1.0574,1.65,1.69
2013.05.17 14:08:17.298,1.05721,1.05743,1.65,1.69
2013.05.17 14:08:17.364,1.05722,1.05743,2.40,1.69
2013.05.17 14:08:17.685,1.05727,1.05746,2.40,1.69
2013.05.17 14:08:18.414,1.0573,1.05746,2.25,1.69
2013.05.17 14:08:18.495,1.0573,1.05752,2.25,1.69
2013.05.17 14:08:18.563,1.05727,1.05751,2.48,2.59
2013.05.17 14:08:18.683,1.05727,1.0575,2.40,1.69
2013.05.17 14:08:19.101,1.05727,1.05747,1.65,1.69
2013.05.17 14:08:19.641,1.05725,1.05745,1.50,3.19
2013.05.17 14:08:20.224,1.05725,1.05744,1.50,2.44
2013.05.17 14:08:20.473,1.05721,1.05741,1.73,1.50
2013.05.17 14:08:20.903,1.05722,1.05744,2.40,2.44
2013.05.17 14:08:21.204,1.05723,1.05743,1.65,1.50
2013.05.17 14:08:21.534,1.05724,1.05743,2.40,1.50
2013.05.17 14:08:21.602,1.05724,1.05746,2.40,3.19
2013.05.17 14:08:21.903,1.05724,1.05746,3.90,2.25
2013.05.17 14:08:22.083,1.05724,1.05746,3.90,1.50
2013.05.17 14:08:22.323,1.05728,1.05749,1.50,3.19
2013.05.17 14:08:22.444,1.05731,1.05749,1.50,1.50
2013.05.17 14:08:23.032,1.05727,1.05749,2.25,1.50
2013.05.17 14:08:23.333,1.05727,1.05749,2.25,1.69
2013.05.17 14:08:23.772,1.05725,1.05747,1.65,1.50
2013.05.17 14:08:24.874,1.05724,1.05743,1.73,1.50
2013.05.17 14:08:25.019,1.05723,1.05743,3.08,1.50
2013.05.17 14:08:25.323,1.05725,1.05744,1.50,1.50
2013.05.17 14:08:26.620,1.05735,1.05756,1.50,1.50
2013.05.17 14:08:26.753,1.05735,1.05758,1.65,3.00
2013.05.17 14:08:27.074,1.05735,1.05756,1.50,1.50
2013.05.17 14:08:27.413,1.05735,1.05754,1.50,1.50
2013.05.17 14:08:27.957,1.05735,1.05756,1.50,2.25
2013.05.17 14:08:28.774,1.05734,1.05756,1.50,3.00
2013.05.17 14:08:28.920,1.05735,1.05755,1.65,1.50
2013.05.17 14:08:28.986,1.05733,1.05753,1.50,1.65
2013.05.17 14:08:29.293,1.05731,1.0575,1.50,1.50
2013.05.17 14:08:29.723,1.05735,1.05754,2.25,2.40
2013.05.17 14:08:30.083,1.05747,1.05761,2.40,1.50
2013.05.17 14:08:30.203,1.05748,1.05765,2.40,1.50
2013.05.17 14:08:30.323,1.05751,1.0577,1.50,1.69
2013.05.17 14:08:30.505,1.05751,1.05773,3.83,3.19
2013.05.17 14:08:30.815,1.05748,1.05759,1.50,2.25
2013.05.17 14:08:30.943,1.05749,1.05759,1.50,2.44
2013.05.17 14:08:31.068,1.05747,1.05756,2.25,1.13
2013.05.17 14:08:31.205,1.05741,1.05756,2.18,1.88
2013.05.17 14:08:31.275,1.05741,1.05755,2.18,2.33
2013.05.17 14:08:31.463,1.05734,1.05743,1.50,3.00
2013.05.17 14:08:31.703,1.05732,1.05745,1.50,1.50
2013.05.17 14:08:31.882,1.05732,1.05747,1.50,1.65
2013.05.17 14:08:32.186,1.05727,1.05747,1.50,1.50
2013.05.17 14:08:32.524,1.05729,1.05748,2.25,1.50
2013.05.17 14:08:33.137,1.05729,1.05747,2.25,1.50
2013.05.17 14:08:33.534,1.05729,1.05748,2.25,1.50
2013.05.17 14:08:33.603,1.05731,1.05748,1.50,1.50
2013.05.17 14:08:33.915,1.05735,1.05751,3.68,2.25
2013.05.17 14:08:35.063,1.05735,1.05753,2.93,1.50
2013.05.17 14:08:35.144,1.05735,1.05753,2.93,1.50
2013.05.17 14:08:35.460,1.05733,1.05748,1.50,1.69
2013.05.17 14:08:35.792,1.05729,1.05739,1.50,1.69
2013.05.17 14:08:36.093,1.05722,1.05733,1.50,1.69
2013.05.17 14:08:36.406,1.0572,1.0573,2.18,3.19
2013.05.17 14:08:36.476,1.05721,1.0573,1.50,1.69
2013.05.17 14:08:36.732,1.05718,1.05729,2.18,1.69
2013.05.17 14:08:36.792,1.05711,1.05729,1.65,1.69
2013.05.17 14:08:36.918,1.05711,1.05729,1.50,1.69
2013.05.17 14:08:37.045,1.05711,1.05729,2.93,1.69
2013.05.17 14:08:37.294,1.05708,1.05729,2.93,3.19
2013.05.17 14:08:37.363,1.05707,1.05728,1.50,1.69
2013.05.17 14:08:37.422,1.05707,1.05729,1.50,3.19
2013.05.17 14:08:37.726,1.05704,1.05723,2.25,1.69
2013.05.17 14:08:37.798,1.05702,1.05722,1.50,2.44
2013.05.17 14:08:38.023,1.05702,1.05722,1.65,2.44
2013.05.17 14:08:38.324,1.05699,1.05718,3.00,1.69
2013.05.17 14:08:38.513,1.05699,1.05714,1.50,2.44
2013.05.17 14:08:38.873,1.05695,1.05708,2.25,1.09
2013.05.17 14:08:39.753,1.05684,1.05707,1.50,1.09
2013.05.17 14:08:39.885,1.05684,1.05706,3.00,1.69
2013.05.17 14:08:40.123,1.05684,1.05706,1.50,1.69
2013.05.17 14:08:40.317,1.05683,1.05705,2.25,1.09
2013.05.17 14:08:40.626,1.05687,1.05708,3.00,1.88
2013.05.17 14:08:41.054,1.05686,1.05706,1.50,1.09
2013.05.17 14:08:41.182,1.05686,1.05703,1.50,2.25
2013.05.17 14:08:41.423,1.05679,1.05702,2.25,1.32
2013.05.17 14:08:41.727,1.0568,1.05702,1.50,1.32
2013.05.17 14:08:41.797,1.05683,1.05703,1.50,2.59
2013.05.17 14:08:41.865,1.05683,1.05704,1.50,1.84
2013.05.17 14:08:43.152,1.05686,1.05704,3.00,1.09
2013.05.17 14:08:43.236,1.05692,1.05712,1.50,1.69
2013.05.17 14:08:43.362,1.05693,1.05713,1.50,1.09
2013.05.17 14:08:43.663,1.05697,1.05715,1.50,2.59
2013.05.17 14:08:44.025,1.05695,1.05715,3.00,1.09
2013.05.17 14:08:44.213,1.05695,1.05715,1.50,1.09
2013.05.17 14:08:44.762,1.05697,1.05715,2.25,1.09
2013.05.17 14:08:44.893,1.05699,1.05717,1.50,2.82
2013.05.17 14:08:45.384,1.05701,1.05717,2.25,1.13
2013.05.17 14:08:45.715,1.05708,1.05719,1.50,2.25
2013.05.17 14:08:45.844,1.0571,1.05719,1.50,1.50
2013.05.17 14:08:45.915,1.05712,1.05722,1.50,1.50
2013.05.17 14:08:46.043,1.05714,1.05722,2.25,1.50
2013.05.17 14:08:46.296,1.05713,1.05724,1.50,1.50
2013.05.17 14:08:46.544,1.05709,1.05722,3.68,1.50
2013.05.17 14:08:46.923,1.05708,1.05722,1.50,1.50
2013.05.17 14:08:47.103,1.05709,1.05722,1.50,1.50
2013.05.17 14:08:47.585,1.0571,1.05729,1.50,1.69
2013.05.17 14:08:47.715,1.0571,1.05729,1.50,1.50
2013.05.17 14:08:47.845,1.05706,1.05726,1.50,1.88
2013.05.17 14:08:48.393,1.05706,1.05723,1.50,2.40
2013.05.17 14:08:48.454,1.05708,1.05723,1.50,1.50
2013.05.17 14:08:48.574,1.05708,1.05726,2.93,1.50
2013.05.17 14:08:48.703,1.05711,1.05728,1.50,1.50
2013.05.17 14:08:49.283,1.05712,1.0573,1.50,1.50
2013.05.17 14:08:49.642,1.05715,1.05735,2.93,1.02
2013.05.17 14:08:49.704,1.05713,1.05733,2.25,1.50
2013.05.17 14:08:49.902,1.05713,1.05734,2.25,1.65
2013.05.17 14:08:50.093,1.05714,1.05735,1.50,3.94
2013.05.17 14:08:50.453,1.05721,1.05736,1.50,1.50
2013.05.17 14:08:51.288,1.05722,1.05741,2.25,1.84
2013.05.17 14:08:51.473,1.05721,1.05739,1.50,1.50
2013.05.17 14:08:52.275,1.05719,1.05738,2.25,1.69
2013.05.17 14:08:52.553,1.05713,1.05733,1.50,2.25
2013.05.17 14:08:52.745,1.05712,1.0573,1.50,1.65
2013.05.17 14:08:52.886,1.05709,1.05729,2.25,2.59
2013.05.17 14:08:53.406,1.05707,1.05727,2.25,1.50
2013.05.17 14:08:54.273,1.05707,1.05726,2.25,1.50
2013.05.17 14:08:54.463,1.05707,1.05723,1.50,2.25
2013.05.17 14:08:55.284,1.05699,1.05717,1.50,2.25
2013.05.17 14:08:55.358,1.05693,1.05713,1.50,1.69
2013.05.17 14:08:55.423,1.05691,1.05709,2.25,1.65
2013.05.17 14:08:55.782,1.05691,1.05708,2.25,1.50
2013.05.17 14:08:55.965,1.05691,1.0571,2.25,3.19
2013.05.17 14:08:56.514,1.05691,1.05709,2.25,1.50
2013.05.17 14:08:56.882,1.0569,1.05708,2.25,1.50
2013.05.17 14:08:56.943,1.0569,1.05708,2.25,2.93
2013.05.17 14:08:57.004,1.05688,1.05707,1.65,1.50
2013.05.17 14:08:57.195,1.05689,1.05707,1.13,2.25
2013.05.17 14:08:57.514,1.05703,1.05718,1.50,1.65
2013.05.17 14:08:57.943,1.05707,1.0572,1.50,2.25
2013.05.17 14:08:58.207,1.05706,1.0572,1.65,2.25
2013.05.17 14:08:58.276,1.05708,1.0572,2.63,2.25
2013.05.17 14:08:58.524,1.05705,1.0572,2.25,2.25
2013.05.17 14:08:58.655,1.05703,1.0572,1.50,2.25
2013.05.17 14:08:58.784,1.05703,1.05717,1.50,1.50
2013.05.17 14:08:59.493,1.05707,1.05726,2.40,2.25
2013.05.17 14:08:59.569,1.05706,1.05726,1.65,3.00
2013.05.17 14:08:59.641,1.05708,1.05727,1.50,1.50
2013.05.17 14:08:59.780,1.05713,1.05727,2.40,1.50
2013.05.17 14:08:59.854,1.05712,1.0573,1.50,1.50
2013.05.17 14:08:59.997,1.05712,1.0573,1.50,2.18
2013.05.17 14:09:00.185,1.05697,1.0571,1.50,1.50
2013.05.17 14:09:00.253,1.05693,1.0571,2.63,1.65
2013.05.17 14:09:00.323,1.05691,1.05709,1.28,1.65
2013.05.17 14:09:00.622,1.0569,1.05709,1.50,3.15
2013.05.17 14:09:00.923,1.05681,1.05702,2.25,1.69
2013.05.17 14:09:01.053,1.05682,1.05703,1.88,2.44
2013.05.17 14:09:01.129,1.05688,1.05704,2.33,1.69
2013.05.17 14:09:01.194,1.05691,1.05708,2.25,2.93
2013.05.17 14:09:01.496,1.05698,1.05708,2.40,1.43
2013.05.17 14:09:01.624,1.05698,1.05711,2.40,1.50
2013.05.17 14:09:02.077,1.05698,1.05713,2.40,1.50
2013.05.17 14:09:02.323,1.05698,1.0571,2.40,1.50
2013.05.17 14:09:02.623,1.05698,1.0571,2.25,2.25
2013.05.17 14:09:02.950,1.05695,1.05705,1.50,1.69
2013.05.17 14:09:03.087,1.05681,1.05699,1.50,2.44
2013.05.17 14:09:03.275,1.05678,1.05698,1.13,2.93
2013.05.17 14:09:03.403,1.05678,1.05698,1.13,1.50
2013.05.17 14:09:03.463,1.05681,1.05697,1.13,1.50
2013.05.17 14:09:03.523,1.05677,1.05697,3.38,1.50
2013.05.17 14:09:03.704,1.05682,1.057,2.40,1.50
2013.05.17 14:09:04.363,1.05681,1.057,2.25,1.50
2013.05.17 14:09:04.949,1.05682,1.05699,2.25,1.50
2013.05.17 14:09:05.273,1.05681,1.05699,1.50,1.50
2013.05.17 14:09:05.334,1.0568,1.05699,1.65,1.50
2013.05.17 14:09:05.464,1.05679,1.05697,1.50,1.50
2013.05.17 14:09:05.583,1.05678,1.05696,1.50,1.50
2013.05.17 14:09:05.823,1.05674,1.05689,1.50,1.50
2013.05.17 14:09:06.527,1.05685,1.05701,1.50,2.44
2013.05.17 14:09:06.594,1.05686,1.05703,2.40,1.13
2013.05.17 14:09:06.724,1.05689,1.05704,1.50,2.03
2013.05.17 14:09:07.032,1.05691,1.0571,1.50,1.69
2013.05.17 14:09:07.095,1.0569,1.05705,1.50,1.50
2013.05.17 14:09:07.283,1.05686,1.05699,2.40,1.50
2013.05.17 14:09:07.353,1.05686,1.05699,1.65,1.50
2013.05.17 14:09:07.593,1.05685,1.05704,1.65,2.25
2013.05.17 14:09:08.100,1.05686,1.05701,1.50,1.50
2013.05.17 14:09:08.282,1.05686,1.05703,1.50,1.50
2013.05.17 14:09:08.407,1.05684,1.05703,1.65,2.25
2013.05.17 14:09:08.714,1.05688,1.05704,2.25,1.50
2013.05.17 14:09:08.903,1.05687,1.05706,2.33,1.39
2013.05.17 14:09:08.962,1.05685,1.05707,1.65,2.44
2013.05.17 14:09:09.693,1.05685,1.05699,1.50,1.50
2013.05.17 14:09:10.244,1.05683,1.057,2.40,1.50
2013.05.17 14:09:10.316,1.05681,1.057,2.40,2.25
2013.05.17 14:09:10.385,1.05681,1.057,1.50,2.25
2013.05.17 14:09:10.753,1.05681,1.05699,1.65,1.50
2013.05.17 14:09:10.873,1.05682,1.057,1.65,2.25
2013.05.17 14:09:10.933,1.05683,1.057,2.25,2.25
2013.05.17 14:09:11.113,1.05682,1.057,1.65,2.25
2013.05.17 14:09:11.664,1.0568,1.05699,1.50,2.25
2013.05.17 14:09:11.792,1.05681,1.05699,1.65,2.25
2013.05.17 14:09:12.097,1.05685,1.05702,3.68,1.35
2013.05.17 14:09:12.223,1.05683,1.05701,2.40,1.13
2013.05.17 14:09:12.463,1.05683,1.05699,1.50,1.50
2013.05.17 14:09:14.187,1.0568,1.05698,1.65,1.50
2013.05.17 14:09:14.487,1.05678,1.05694,1.50,1.50
2013.05.17 14:09:14.612,1.05678,1.05695,1.65,1.50
2013.05.17 14:09:15.153,1.0568,1.05695,1.50,1.50
2013.05.17 14:09:15.392,1.0568,1.05698,1.65,1.50
2013.05.17 14:09:15.752,1.05683,1.05697,1.65,1.50
2013.05.17 14:09:16.053,1.05683,1.05699,2.25,1.50
2013.05.17 14:09:16.353,1.05682,1.05698,1.65,1.50
2013.05.17 14:09:16.473,1.05679,1.05695,2.93,1.50
2013.05.17 14:09:16.533,1.05679,1.05695,1.50,1.50
2013.05.17 14:09:16.873,1.0568,1.05696,2.25,1.50
2013.05.17 14:09:17.204,1.05676,1.05693,1.50,1.84
2013.05.17 14:09:17.262,1.05671,1.05693,2.93,2.59
2013.05.17 14:09:17.563,1.05674,1.05692,1.50,1.69
2013.05.17 14:09:17.682,1.05674,1.05693,1.50,2.44
2013.05.17 14:09:17.743,1.05674,1.05693,3.00,1.69
2013.05.17 14:09:17.802,1.05674,1.05693,2.25,2.44
2013.05.17 14:09:18.043,1.05674,1.05692,1.65,1.69
2013.05.17 14:09:18.164,1.05675,1.05692,1.50,1.50
2013.05.17 14:09:18.225,1.05669,1.05692,3.83,1.50
2013.05.17 14:09:18.354,1.05675,1.05692,1.50,1.50
2013.05.17 14:09:18.663,1.05684,1.05703,1.50,3.27
2013.05.17 14:09:18.782,1.05684,1.05703,1.50,2.89
2013.05.17 14:09:18.902,1.05684,1.05703,3.00,1.69
2013.05.17 14:09:19.263,1.05688,1.05707,1.50,2.59
2013.05.17 14:09:19.504,1.05688,1.05709,1.50,2.59
2013.05.17 14:09:19.574,1.05689,1.0571,1.50,1.69
2013.05.17 14:09:19.822,1.05686,1.05708,3.15,1.50
2013.05.17 14:09:20.182,1.05692,1.05714,2.40,3.75
2013.05.17 14:09:20.683,1.05693,1.05714,1.50,1.50
2013.05.17 14:09:20.743,1.05692,1.05712,1.50,2.40
2013.05.17 14:09:22.272,1.05692,1.05708,2.25,2.25
2013.05.17 14:09:22.574,1.05687,1.05706,1.50,2.25
2013.05.17 14:09:23.271,1.05689,1.05704,1.50,1.50
2013.05.17 14:09:24.913,1.05683,1.05704,2.25,2.44
2013.05.17 14:09:24.973,1.05683,1.05703,1.50,1.84
2013.05.17 14:09:25.092,1.05683,1.05704,1.65,1.69
2013.05.17 14:09:25.513,1.05686,1.05704,1.50,1.50
2013.05.17 14:09:25.873,1.05688,1.05707,1.50,2.44
2013.05.17 14:09:26.174,1.05696,1.05712,1.50,1.69
2013.05.17 14:09:26.246,1.057,1.05714,1.65,1.69
2013.05.17 14:09:26.314,1.05702,1.05717,2.03,2.93
2013.05.17 14:09:26.563,1.05709,1.05722,1.50,2.18
2013.05.17 14:09:26.683,1.0571,1.0573,1.50,4.69
2013.05.17 14:09:26.803,1.05708,1.05726,2.18,1.69
2013.05.17 14:09:26.862,1.05707,1.05725,1.50,1.69
2013.05.17 14:09:26.923,1.05706,1.05724,2.18,1.69
2013.05.17 14:09:27.224,1.05709,1.05726,1.50,1.69
2013.05.17 14:09:27.293,1.05709,1.05728,1.50,2.44
2013.05.17 14:09:27.412,1.05711,1.05731,2.40,2.44
2013.05.17 14:09:27.532,1.05712,1.05731,1.50,1.69
2013.05.17 14:09:27.652,1.0571,1.05731,2.40,2.44
2013.05.17 14:09:27.713,1.0571,1.05728,1.50,1.69
2013.05.17 14:09:27.832,1.05705,1.05727,3.83,1.69
2013.05.17 14:09:27.953,1.05708,1.05728,2.63,1.69
2013.05.17 14:09:28.072,1.05712,1.05733,1.65,1.69
2013.05.17 14:09:28.374,1.05714,1.05732,1.50,1.09
2013.05.17 14:09:28.433,1.05711,1.05732,1.50,1.65
2013.05.17 14:09:28.492,1.05711,1.05732,1.88,1.50
2013.05.17 14:09:28.552,1.05712,1.05734,1.65,1.09
2013.05.17 14:09:28.613,1.0572,1.05735,1.13,2.18
2013.05.17 14:09:28.804,1.05721,1.0574,2.63,2.93
2013.05.17 14:09:28.862,1.05724,1.05743,1.65,2.93
2013.05.17 14:09:28.924,1.05725,1.05746,1.50,3.12
2013.05.17 14:09:29.444,1.05732,1.05747,1.50,3.19
2013.05.17 14:09:29.634,1.05732,1.0575,1.50,3.19
2013.05.17 14:09:29.764,1.05732,1.05752,2.40,3.19
2013.05.17 14:09:29.953,1.05732,1.05751,1.50,1.69
2013.05.17 14:09:30.494,1.05732,1.05753,2.40,3.19
2013.05.17 14:09:30.923,1.05729,1.0575,2.25,4.69
2013.05.17 14:09:31.164,1.05731,1.05751,2.25,2.44
2013.05.17 14:09:31.296,1.05732,1.05752,1.65,1.69
2013.05.17 14:09:31.363,1.05733,1.05753,1.50,1.69
2013.05.17 14:09:31.803,1.05734,1.05754,1.50,1.69
2013.05.17 14:09:32.837,1.05734,1.05751,1.50,2.44
2013.05.17 14:09:32.975,1.05734,1.05752,1.88,1.50
2013.05.17 14:09:33.223,1.05734,1.05752,2.63,1.50
2013.05.17 14:09:33.282,1.05734,1.0575,1.65,1.50
2013.05.17 14:09:33.943,1.05729,1.05748,1.65,1.50
2013.05.17 14:09:34.002,1.05729,1.05748,1.65,2.25
2013.05.17 14:09:34.123,1.05729,1.05748,1.65,1.50
2013.05.17 14:09:34.662,1.05731,1.0575,2.40,1.50
2013.05.17 14:09:35.163,1.05731,1.05751,2.40,1.50
2013.05.17 14:09:35.562,1.05731,1.05751,2.40,1.50
2013.05.17 14:09:35.683,1.05731,1.0575,1.65,1.50
2013.05.17 14:09:35.862,1.05733,1.0575,1.50,1.50
2013.05.17 14:09:36.163,1.05737,1.05756,1.50,1.73
2013.05.17 14:09:36.464,1.05743,1.05758,1.50,1.50
2013.05.17 14:09:37.073,1.05745,1.05758,1.50,1.50
2013.05.17 14:09:37.445,1.05749,1.05759,2.18,1.50
2013.05.17 14:09:37.754,1.05754,1.05765,1.13,1.50
2013.05.17 14:09:37.823,1.05752,1.05773,2.44,1.50
2013.05.17 14:09:37.883,1.05758,1.05775,1.50,1.50
2013.05.17 14:09:37.945,1.05755,1.05775,2.25,1.50
2013.05.17 14:09:38.013,1.05757,1.05773,1.50,1.50
2013.05.17 14:09:38.193,1.05758,1.05779,1.50,3.00
2013.05.17 14:09:38.314,1.0576,1.05779,1.50,3.00
2013.05.17 14:09:38.862,1.05758,1.05778,1.50,1.50
2013.05.17 14:09:38.924,1.05759,1.05779,1.65,2.25
2013.05.17 14:09:39.114,1.05762,1.05779,1.50,1.50
2013.05.17 14:09:39.475,1.05775,1.05786,1.65,1.50
2013.05.17 14:09:39.804,1.0576,1.05779,1.28,2.25
2013.05.17 14:09:39.944,1.0576,1.05776,1.88,2.25
2013.05.17 14:09:40.325,1.0576,1.05771,1.50,1.13
2013.05.17 14:09:41.520,1.05752,1.05767,1.43,2.22
2013.05.17 14:09:41.600,1.05749,1.05759,1.50,1.65
2013.05.17 14:09:41.784,1.05738,1.05758,1.50,3.15
2013.05.17 14:09:41.915,1.05737,1.05757,1.50,2.25
2013.05.17 14:09:41.984,1.05744,1.05762,1.50,2.44
2013.05.17 14:09:42.043,1.05744,1.05762,1.50,2.44
2013.05.17 14:09:42.103,1.05744,1.05762,1.50,1.50
2013.05.17 14:09:42.284,1.05747,1.05762,1.50,1.50
2013.05.17 14:09:42.969,1.05751,1.05762,1.65,1.50
2013.05.17 14:09:43.161,1.05748,1.05772,2.59,1.65
2013.05.17 14:09:43.283,1.05756,1.05772,2.93,1.65
2013.05.17 14:09:43.462,1.05756,1.05772,2.93,1.65
2013.05.17 14:09:43.645,1.05756,1.05772,2.93,2.40
2013.05.17 14:09:43.774,1.05754,1.05769,1.50,2.25
2013.05.17 14:09:43.906,1.05753,1.05769,1.50,2.63
2013.05.17 14:09:44.034,1.05752,1.05769,1.50,2.63
2013.05.17 14:09:44.223,1.05746,1.05768,3.00,3.15
2013.05.17 14:09:45.031,1.05746,1.05765,1.50,1.65
2013.05.17 14:09:45.463,1.05748,1.05765,1.50,1.50
2013.05.17 14:09:45.643,1.05749,1.05768,1.65,1.50
2013.05.17 14:09:45.773,1.05749,1.05771,1.69,1.50
2013.05.17 14:09:45.833,1.05752,1.05771,1.50,1.50
2013.05.17 14:09:46.193,1.05755,1.05776,3.68,1.65
2013.05.17 14:09:46.613,1.05755,1.05774,2.18,3.00
2013.05.17 14:09:46.733,1.05751,1.05769,1.50,2.40
2013.05.17 14:09:46.856,1.05749,1.05771,3.83,1.50
2013.05.17 14:09:46.985,1.05754,1.05775,1.88,1.50
2013.05.17 14:09:47.054,1.05757,1.05775,1.13,1.50
2013.05.17 14:09:47.125,1.05762,1.05778,2.40,1.50
2013.05.17 14:09:47.194,1.05765,1.05779,1.65,1.50
2013.05.17 14:09:47.317,1.05767,1.05779,1.50,1.50
2013.05.17 14:09:47.443,1.05766,1.05779,1.50,1.50
2013.05.17 14:09:47.563,1.05763,1.05778,3.15,2.25
2013.05.17 14:09:47.993,1.05761,1.05778,1.50,3.90
2013.05.17 14:09:49.657,1.05759,1.05778,1.50,3.90
2013.05.17 14:09:51.263,1.05756,1.05778,3.00,3.15
2013.05.17 14:09:52.472,1.05758,1.05776,1.50,2.25
2013.05.17 14:09:52.713,1.0578,1.05795,1.50,2.55
2013.05.17 14:09:52.966,1.05778,1.05799,1.50,3.90
2013.05.17 14:09:53.155,1.05778,1.05798,1.50,1.50
2013.05.17 14:09:53.670,1.05777,1.058,3.00,1.65
2013.05.17 14:09:54.821,1.05779,1.058,1.50,2.40
2013.05.17 14:09:55.122,1.05781,1.05802,1.50,2.25
2013.05.17 14:09:55.483,1.05783,1.05803,1.50,1.50
2013.05.17 14:09:58.614,1.0578,1.05802,2.40,3.00
2013.05.17 14:09:58.742,1.0578,1.05802,2.40,3.75
2013.05.17 14:09:59.046,1.05777,1.05788,1.50,1.50
2013.05.17 14:09:59.353,1.0577,1.0579,1.50,1.50
2013.05.17 14:09:59.892,1.0577,1.0579,1.50,1.50
2013.05.17 14:10:00.168,1.0577,1.05791,1.50,1.50
2013.05.17 14:10:00.376,1.05771,1.0579,1.13,1.50
2013.05.17 14:10:00.443,1.05773,1.05793,1.50,1.65
2013.05.17 14:10:02.095,1.05772,1.05793,4.43,1.50
2013.05.17 14:10:05.082,1.05772,1.05793,2.93,1.50
2013.05.17 14:10:05.262,1.05772,1.05791,1.50,1.50
2013.05.17 14:10:05.384,1.0577,1.0579,1.50,1.50
2013.05.17 14:10:06.827,1.05773,1.0579,1.50,1.50
2013.05.17 14:10:08.192,1.05773,1.0579,1.50,1.65
2013.05.17 14:10:08.644,1.05769,1.05783,3.68,1.50
2013.05.17 14:10:08.774,1.05773,1.05791,1.50,1.84
2013.05.17 14:10:08.905,1.0577,1.05789,3.68,1.50
2013.05.17 14:10:09.035,1.05767,1.05787,1.69,1.50
2013.05.17 14:10:09.284,1.05769,1.05789,3.00,1.50
2013.05.17 14:10:09.352,1.05769,1.05791,4.43,3.75
2013.05.17 14:10:09.414,1.0577,1.05791,1.50,2.25
2013.05.17 14:10:09.728,1.0577,1.05791,2.25,3.00
2013.05.17 14:10:09.800,1.0577,1.05791,2.25,2.25
2013.05.17 14:10:10.017,1.0577,1.05789,1.50,1.65
2013.05.17 14:10:10.089,1.05769,1.05789,1.50,3.15
2013.05.17 14:10:10.164,1.05769,1.05789,1.65,1.50
2013.05.17 14:10:10.241,1.05769,1.05788,1.65,2.93
2013.05.17 14:10:10.311,1.05771,1.05789,1.50,1.50
2013.05.17 14:10:10.376,1.05771,1.0579,1.69,1.50
2013.05.17 14:10:11.732,1.05772,1.0579,1.69,1.50
2013.05.17 14:10:12.073,1.05772,1.0579,1.84,1.50
2013.05.17 14:10:12.384,1.05775,1.05792,2.93,1.50
2013.05.17 14:10:12.573,1.05773,1.05792,2.44,1.50
2013.05.17 14:10:12.633,1.05773,1.05792,2.44,1.50
2013.05.17 14:10:12.812,1.05772,1.05792,3.15,1.50
2013.05.17 14:10:13.473,1.05768,1.05785,2.44,1.50
2013.05.17 14:10:13.653,1.05772,1.0579,2.59,1.50
2013.05.17 14:10:15.204,1.05773,1.05792,2.82,2.25
2013.05.17 14:10:15.274,1.05776,1.05791,1.09,1.50
2013.05.17 14:10:15.343,1.0578,1.05792,1.50,1.50
2013.05.17 14:10:15.582,1.05778,1.05792,2.44,1.50
2013.05.17 14:10:15.643,1.05778,1.05792,2.44,1.50
2013.05.17 14:10:15.704,1.05777,1.05792,1.50,1.50
2013.05.17 14:10:15.904,1.05772,1.05791,3.12,1.50
2013.05.17 14:10:15.979,1.05771,1.05791,1.69,1.50
2013.05.17 14:10:16.404,1.0577,1.05791,1.69,1.65
2013.05.17 14:10:16.582,1.05767,1.05789,4.84,2.25
2013.05.17 14:10:16.947,1.05768,1.05787,1.69,1.50
2013.05.17 14:10:17.452,1.05768,1.05788,1.69,1.50
2013.05.17 14:10:18.190,1.05769,1.05788,1.69,1.50
2013.05.17 14:10:18.423,1.05769,1.05788,2.44,1.50
2013.05.17 14:10:18.603,1.05773,1.05792,1.69,1.50
2013.05.17 14:10:18.723,1.05775,1.05795,5.37,1.50
2013.05.17 14:10:18.783,1.05776,1.05797,1.69,2.25
2013.05.17 14:10:19.759,1.05775,1.05789,3.12,1.65
2013.05.17 14:10:20.064,1.05772,1.05787,1.43,2.25
2013.05.17 14:10:20.196,1.05768,1.05788,2.59,1.50
2013.05.17 14:10:20.265,1.05771,1.05788,1.69,1.50
2013.05.17 14:10:20.583,1.05772,1.05791,1.69,1.50
2013.05.17 14:10:20.765,1.05772,1.05791,2.44,1.50
2013.05.17 14:10:21.123,1.05775,1.05791,1.50,1.50
2013.05.17 14:10:21.664,1.05773,1.05791,1.50,1.65
2013.05.17 14:10:21.724,1.0577,1.05787,2.44,1.50
2013.05.17 14:10:21.913,1.05766,1.05787,1.69,2.25
2013.05.17 14:10:22.275,1.05767,1.05787,2.44,1.50
2013.05.17 14:10:23.615,1.05769,1.05785,1.65,1.50
2013.05.17 14:10:24.005,1.05764,1.05782,2.44,1.50
2013.05.17 14:10:24.303,1.05765,1.05784,1.69,1.50
2013.05.17 14:10:24.373,1.05768,1.05786,2.40,1.50
2013.05.17 14:10:24.556,1.05769,1.05788,1.69,3.00
2013.05.17 14:10:24.623,1.05773,1.05788,3.00,3.00
2013.05.17 14:10:24.947,1.0577,1.05789,2.44,2.25
2013.05.17 14:10:25.205,1.05776,1.05795,1.69,3.68
2013.05.17 14:10:25.276,1.05776,1.05795,3.19,2.93
2013.05.17 14:10:25.406,1.05778,1.05799,1.84,2.25
2013.05.17 14:10:25.652,1.05779,1.05795,2.44,1.50
2013.05.17 14:10:26.133,1.05782,1.05799,1.69,1.50
2013.05.17 14:10:26.684,1.05783,1.05802,2.44,1.65
2013.05.17 14:10:27.533,1.05783,1.05802,1.50,1.65
2013.05.17 14:10:27.893,1.05778,1.05794,3.19,1.50
2013.05.17 14:10:28.674,1.0578,1.05794,2.25,1.50
2013.05.17 14:10:28.746,1.05781,1.05798,2.25,2.25
2013.05.17 14:10:28.815,1.05783,1.05799,1.50,1.50
2013.05.17 14:10:28.884,1.05787,1.05801,1.50,1.65
2013.05.17 14:10:29.192,1.05789,1.05805,1.69,1.13
2013.05.17 14:10:29.974,1.05789,1.0581,1.69,1.50
2013.05.17 14:10:30.713,1.05789,1.05805,2.44,1.50
2013.05.17 14:10:30.963,1.05787,1.05805,2.44,2.25
2013.05.17 14:10:31.773,1.05785,1.05803,1.09,1.50
2013.05.17 14:10:32.134,1.05781,1.05799,1.09,1.50
2013.05.17 14:10:33.153,1.0579,1.05804,1.50,1.50
2013.05.17 14:10:33.225,1.05796,1.05806,1.50,1.50
2013.05.17 14:10:33.412,1.05793,1.05804,1.50,1.50
2013.05.17 14:10:34.308,1.05795,1.05808,1.50,1.65
2013.05.17 14:10:34.374,1.05796,1.05808,2.25,1.50
2013.05.17 14:10:34.682,1.05804,1.05809,1.43,1.50
2013.05.17 14:10:34.922,1.05795,1.05812,1.69,1.50
2013.05.17 14:10:35.512,1.05794,1.05812,2.44,1.50
2013.05.17 14:10:36.283,1.05795,1.05812,1.69,1.50
2013.05.17 14:10:36.723,1.05793,1.05812,1.69,1.50
2013.05.17 14:10:36.847,1.05791,1.0581,1.69,2.25
2013.05.17 14:10:37.152,1.05787,1.05807,2.59,2.25
2013.05.17 14:10:37.400,1.05788,1.05803,1.69,1.50
2013.05.17 14:10:37.956,1.05786,1.05803,1.69,1.50
2013.05.17 14:10:39.261,1.05783,1.05799,1.65,1.50
2013.05.17 14:10:39.339,1.05774,1.05793,2.44,1.50
2013.05.17 14:10:39.408,1.05774,1.05793,2.44,1.50
2013.05.17 14:10:39.477,1.05774,1.05793,3.87,1.50
2013.05.17 14:10:39.548,1.05774,1.05792,1.69,1.50
2013.05.17 14:10:39.733,1.05774,1.05792,1.69,1.50
2013.05.17 14:10:39.919,1.0577,1.05786,1.84,1.50
2013.05.17 14:10:40.227,1.0577,1.05789,1.09,2.25
2013.05.17 14:10:40.595,1.05769,1.05785,1.13,2.25
2013.05.17 14:10:40.795,1.05766,1.05784,1.69,1.50
2013.05.17 14:10:41.313,1.05766,1.05784,1.69,1.50
2013.05.17 14:10:42.208,1.05767,1.05784,1.69,2.25
2013.05.17 14:10:42.296,1.05775,1.05794,1.65,1.50
2013.05.17 14:10:42.544,1.05777,1.05799,3.90,1.50
2013.05.17 14:10:42.855,1.05788,1.05809,1.50,3.19
2013.05.17 14:10:42.925,1.05793,1.05809,2.25,1.50
2013.05.17 14:10:42.995,1.0579,1.05811,1.47,1.50
2013.05.17 14:10:43.124,1.0579,1.0581,1.09,1.50
2013.05.17 14:10:43.194,1.05786,1.05808,1.84,1.50
2013.05.17 14:10:43.326,1.05785,1.05808,2.44,1.50
2013.05.17 14:10:43.704,1.05784,1.05797,1.50,2.48
2013.05.17 14:10:43.953,1.05761,1.05782,1.88,1.50
2013.05.17 14:10:44.014,1.05762,1.05782,2.40,1.50
2013.05.17 14:10:44.143,1.05765,1.05784,1.65,2.25
2013.05.17 14:10:44.204,1.05768,1.05788,1.50,1.69
2013.05.17 14:10:44.275,1.05768,1.05789,1.50,2.25
2013.05.17 14:10:44.348,1.0577,1.05788,2.25,2.18
2013.05.17 14:10:44.694,1.05784,1.05791,1.09,2.85
2013.05.17 14:10:44.944,1.05783,1.05791,1.13,1.43
2013.05.17 14:10:45.014,1.05783,1.05794,1.13,1.50
2013.05.17 14:10:45.312,1.05782,1.058,2.40,1.50
2013.05.17 14:10:45.877,1.05786,1.05806,1.50,1.65
2013.05.17 14:10:46.429,1.05784,1.05804,1.50,1.65
2013.05.17 14:10:46.732,1.05784,1.05804,1.65,1.50
2013.05.17 14:10:47.033,1.05786,1.05808,2.40,1.50
2013.05.17 14:10:47.212,1.05787,1.05808,1.84,1.50
2013.05.17 14:10:48.023,1.05788,1.05809,2.37,2.25
2013.05.17 14:10:48.503,1.0579,1.05807,1.69,1.50
2013.05.17 14:10:48.861,1.05791,1.05807,3.68,1.50
2013.05.17 14:10:49.044,1.05788,1.05807,1.69,1.65
2013.05.17 14:10:50.050,1.05784,1.05799,1.69,1.50
2013.05.17 14:10:50.424,1.05786,1.05804,1.09,1.50
2013.05.17 14:10:50.499,1.05788,1.05806,1.88,1.50
2013.05.17 14:10:50.625,1.05792,1.05808,1.09,1.50
2013.05.17 14:10:50.758,1.05794,1.05808,1.09,1.50
2013.05.17 14:10:51.092,1.05791,1.05808,3.12,1.50
2013.05.17 14:10:51.337,1.05788,1.05804,3.12,1.50
2013.05.17 14:10:51.405,1.05786,1.05804,1.50,1.50
2013.05.17 14:10:51.913,1.05783,1.05801,3.12,2.25
2013.05.17 14:10:51.974,1.05782,1.05801,1.69,2.25
2013.05.17 14:10:52.683,1.05777,1.05797,2.44,2.25
2013.05.17 14:10:53.046,1.05782,1.05795,1.69,1.50
2013.05.17 14:10:53.521,1.0578,1.05799,1.69,3.00
2013.05.17 14:10:53.599,1.0578,1.05797,1.50,1.65
2013.05.17 14:10:53.784,1.05774,1.05793,2.44,1.50
2013.05.17 14:10:53.855,1.05774,1.05793,2.44,1.50
2013.05.17 14:10:54.053,1.05775,1.05794,2.93,1.50
2013.05.17 14:10:54.122,1.05774,1.05794,1.50,1.50
2013.05.17 14:10:55.574,1.05772,1.05793,1.69,2.25
2013.05.17 14:10:56.183,1.05774,1.05793,1.50,1.50
2013.05.17 14:10:57.669,1.05764,1.05784,1.69,1.50
2013.05.17 14:10:57.736,1.05766,1.05787,1.84,1.50
2013.05.17 14:10:58.044,1.05769,1.05785,1.50,1.50
2013.05.17 14:10:58.307,1.05763,1.05784,1.09,1.50
2013.05.17 14:10:58.517,1.05764,1.05785,3.34,2.18
2013.05.17 14:10:58.656,1.05767,1.05787,1.50,2.25
2013.05.17 14:10:58.913,1.05766,1.05786,2.25,1.50
2013.05.17 14:10:59.033,1.05767,1.05788,1.50,3.75
2013.05.17 14:10:59.158,1.05769,1.05789,1.65,2.25
2013.05.17 14:10:59.226,1.05771,1.05792,1.09,1.50
2013.05.17 14:10:59.354,1.0577,1.0579,1.69,1.50
2013.05.17 14:10:59.724,1.05769,1.05787,1.50,1.50
2013.05.17 14:10:59.913,1.05765,1.05786,1.09,1.50
2013.05.17 14:11:00.275,1.05763,1.05786,3.19,3.90
2013.05.17 14:11:00.345,1.05763,1.05782,1.84,1.50
2013.05.17 14:11:00.415,1.05763,1.05784,1.50,2.40
2013.05.17 14:11:00.486,1.05762,1.05782,3.75,1.50
2013.05.17 14:11:01.189,1.05763,1.05782,1.50,1.50
2013.05.17 14:11:01.254,1.05763,1.05782,1.50,1.50
2013.05.17 14:11:01.614,1.05758,1.05779,1.50,2.40
2013.05.17 14:11:01.683,1.05757,1.05779,1.50,2.40
2013.05.17 14:11:01.982,1.05758,1.05778,1.50,3.15
2013.05.17 14:11:02.404,1.05756,1.05777,1.50,1.50
2013.05.17 14:11:02.532,1.05755,1.05777,3.00,1.65
2013.05.17 14:11:02.593,1.05755,1.05774,3.15,1.50
2013.05.17 14:11:02.894,1.05755,1.05773,3.15,2.25
2013.05.17 14:11:03.203,1.05755,1.05763,1.50,1.65
2013.05.17 14:11:03.506,1.05744,1.05764,1.50,2.25
2013.05.17 14:11:03.575,1.05745,1.05764,1.50,1.50
2013.05.17 14:11:03.853,1.05743,1.05764,1.65,1.50
2013.05.17 14:11:04.154,1.05744,1.05766,2.93,4.65
2013.05.17 14:11:04.213,1.05745,1.05766,1.50,2.40
2013.05.17 14:11:05.302,1.05742,1.05761,1.50,1.50
2013.05.17 14:11:05.428,1.05742,1.05761,1.50,1.65
2013.05.17 14:11:05.556,1.05739,1.0576,1.50,1.65
2013.05.17 14:11:05.623,1.05738,1.05759,1.50,2.40
2013.05.17 14:11:05.684,1.05738,1.0576,4.69,1.50
2013.05.17 14:11:05.752,1.0574,1.05761,1.50,2.25
2013.05.17 14:11:06.278,1.0574,1.05759,1.50,2.40
2013.05.17 14:11:06.342,1.0574,1.05762,1.50,3.90
2013.05.17 14:11:06.725,1.05748,1.05762,1.50,3.15
2013.05.17 14:11:06.795,1.05748,1.05763,1.65,1.50
2013.05.17 14:11:06.864,1.05756,1.05763,1.50,1.50
2013.05.17 14:11:06.987,1.05757,1.05775,4.43,2.25
2013.05.17 14:11:07.054,1.05759,1.05778,1.50,2.25
2013.05.17 14:11:07.244,1.05757,1.05778,3.12,1.50
2013.05.17 14:11:07.435,1.05757,1.05778,3.68,1.50
2013.05.17 14:11:07.683,1.05759,1.05778,2.18,1.50
2013.05.17 14:11:08.753,1.05762,1.05781,1.50,1.09
2013.05.17 14:11:08.872,1.0576,1.05781,1.50,1.09
2013.05.17 14:11:09.053,1.05761,1.05781,1.50,1.09
2013.05.17 14:11:09.113,1.05761,1.05782,1.50,2.44
2013.05.17 14:11:09.232,1.05763,1.05782,2.40,1.50
2013.05.17 14:11:09.792,1.0576,1.0578,2.40,1.50
2013.05.17 14:11:10.152,1.05762,1.05782,1.50,1.69
2013.05.17 14:11:10.394,1.05765,1.05782,2.70,1.50
2013.05.17 14:11:10.714,1.05774,1.05799,2.25,2.59
2013.05.17 14:11:10.843,1.0578,1.05799,1.50,1.69
2013.05.17 14:11:10.965,1.05781,1.05801,2.25,2.44
2013.05.17 14:11:11.034,1.05784,1.05801,1.65,2.44
2013.05.17 14:11:11.343,1.0579,1.05801,1.95,1.50
2013.05.17 14:11:11.405,1.05793,1.05814,1.50,1.69
2013.05.17 14:11:11.474,1.05793,1.05813,2.25,3.00
2013.05.17 14:11:12.324,1.05795,1.05814,2.25,3.00
2013.05.17 14:11:12.685,1.05797,1.05818,2.25,3.90
2013.05.17 14:11:12.754,1.05797,1.05816,2.25,2.25
2013.05.17 14:11:12.885,1.05797,1.05818,3.19,2.40
2013.05.17 14:11:12.956,1.058,1.05818,1.50,1.50
2013.05.17 14:11:13.023,1.05801,1.05824,1.50,1.84
2013.05.17 14:11:13.094,1.05802,1.05824,1.84,1.50
2013.05.17 14:11:13.402,1.0581,1.05829,3.68,3.00
2013.05.17 14:11:14.555,1.05805,1.05821,2.25,1.13
2013.05.17 14:11:14.701,1.05803,1.05817,1.50,1.65
2013.05.17 14:11:14.770,1.05803,1.05809,1.50,1.50
2013.05.17 14:11:14.895,1.05793,1.05812,1.50,2.25
2013.05.17 14:11:14.965,1.05791,1.05814,2.40,1.69
2013.05.17 14:11:15.095,1.05791,1.05812,1.50,2.25
2013.05.17 14:11:15.532,1.05791,1.05807,1.50,2.25
2013.05.17 14:11:15.869,1.05784,1.05804,1.50,4.65
2013.05.17 14:11:16.053,1.05784,1.05801,1.50,2.25
2013.05.17 14:11:16.293,1.05778,1.058,1.50,1.50
2013.05.17 14:11:16.414,1.05778,1.05799,2.25,1.50
2013.05.17 14:11:16.604,1.05777,1.05796,1.09,1.50
2013.05.17 14:11:16.963,1.05777,1.05796,1.69,1.50
2013.05.17 14:11:17.322,1.0577,1.05792,2.93,3.15
2013.05.17 14:11:17.684,1.05773,1.05792,1.65,3.00
2013.05.17 14:11:17.744,1.05775,1.05796,1.50,2.25
2013.05.17 14:11:18.404,1.05775,1.05797,1.50,3.19
2013.05.17 14:11:18.998,1.05775,1.05794,2.25,1.50
2013.05.17 14:11:19.303,1.05775,1.05794,1.50,1.50
2013.05.17 14:11:19.946,1.05777,1.05794,1.50,1.50
2013.05.17 14:11:20.431,1.05775,1.05794,2.25,1.50
2013.05.17 14:11:21.634,1.05775,1.05794,3.75,1.50
2013.05.17 14:11:21.793,1.05775,1.05794,3.00,1.50
2013.05.17 14:11:22.042,1.05769,1.0579,1.50,1.50
2013.05.17 14:11:22.104,1.05771,1.05792,1.50,1.84
2013.05.17 14:11:22.464,1.05771,1.0579,1.50,1.50
2013.05.17 14:11:23.636,1.05771,1.0579,1.50,3.00
2013.05.17 14:11:23.706,1.05771,1.0579,1.50,2.25
2013.05.17 14:11:24.143,1.0577,1.0579,2.25,4.50
2013.05.17 14:11:24.323,1.0577,1.0579,2.18,2.25
2013.05.17 14:11:24.637,1.05766,1.05784,1.50,1.50
2013.05.17 14:11:24.823,1.05762,1.05782,2.25,1.50
2013.05.17 14:11:24.882,1.05762,1.05783,2.25,1.50
2013.05.17 14:11:25.004,1.05763,1.05783,1.50,1.50
2013.05.17 14:11:25.193,1.05764,1.05784,1.50,1.88
2013.05.17 14:11:25.433,1.05763,1.05784,1.50,1.69
2013.05.17 14:11:25.732,1.05764,1.05785,1.50,4.88
2013.05.17 14:11:26.503,1.05762,1.05784,3.08,2.44
2013.05.17 14:11:26.584,1.05756,1.05777,1.50,2.59
2013.05.17 14:11:26.715,1.05757,1.05777,1.50,1.84
2013.05.17 14:11:27.024,1.05758,1.05775,1.50,1.50
2013.05.17 14:11:27.093,1.05755,1.05775,1.50,1.50
2013.05.17 14:11:27.638,1.05755,1.05775,2.25,1.50
2013.05.17 14:11:27.824,1.05757,1.05777,1.50,2.40
2013.05.17 14:11:28.143,1.05762,1.0578,1.50,1.69
2013.05.17 14:11:28.263,1.05762,1.05781,3.00,2.59
2013.05.17 14:11:28.322,1.05762,1.05781,3.00,2.25
2013.05.17 14:11:28.565,1.05762,1.0578,1.50,3.00
2013.05.17 14:11:28.692,1.05761,1.0578,1.50,1.65
2013.05.17 14:11:28.754,1.0576,1.0578,1.50,3.15
2013.05.17 14:11:28.885,1.05757,1.05777,2.44,1.50
2013.05.17 14:11:29.203,1.05757,1.05774,1.50,2.40
2013.05.17 14:11:30.425,1.0576,1.05777,1.50,3.00
2013.05.17 14:11:30.775,1.05762,1.05777,1.50,2.25
2013.05.17 14:11:30.846,1.05762,1.05779,1.50,1.65
2013.05.17 14:11:31.108,1.05762,1.05782,1.50,2.78
2013.05.17 14:11:32.225,1.05762,1.05783,2.25,1.69
2013.05.17 14:11:32.294,1.05762,1.05783,2.25,2.82
2013.05.17 14:11:32.607,1.05757,1.05774,2.25,1.84
2013.05.17 14:11:33.460,1.05759,1.05777,2.25,1.09
2013.05.17 14:11:33.525,1.05759,1.05777,2.25,1.09
2013.05.17 14:11:34.075,1.05761,1.05777,1.50,1.84
2013.05.17 14:11:34.603,1.05761,1.05777,1.50,1.84
2013.05.17 14:11:35.743,1.05762,1.05779,3.00,1.65
2013.05.17 14:11:36.102,1.05763,1.05775,2.18,2.25
2013.05.17 14:11:36.343,1.05758,1.05775,1.50,2.44
2013.05.17 14:11:36.463,1.05756,1.05776,1.50,1.84
2013.05.17 14:11:36.762,1.05757,1.05776,1.50,1.84
2013.05.17 14:11:37.865,1.05757,1.05777,2.25,2.59
2013.05.17 14:11:38.115,1.05762,1.05778,1.50,1.84
2013.05.17 14:11:38.244,1.05762,1.05781,2.25,1.65
2013.05.17 14:11:38.614,1.05761,1.0578,1.50,1.50
2013.05.17 14:11:38.814,1.05761,1.0578,1.50,3.34
2013.05.17 14:11:38.946,1.05757,1.05779,2.25,3.34
2013.05.17 14:11:39.015,1.05762,1.05779,1.50,2.44
2013.05.17 14:11:39.144,1.05762,1.05781,1.65,1.50
2013.05.17 14:11:39.333,1.05763,1.05781,1.50,1.50
2013.05.17 14:11:40.329,1.05758,1.05779,3.00,1.69
2013.05.17 14:11:40.413,1.05757,1.05775,1.50,1.09
2013.05.17 14:11:40.667,1.05753,1.05773,1.50,1.50
2013.05.17 14:11:40.934,1.05754,1.05773,2.25,1.69
2013.05.17 14:11:41.303,1.05754,1.05769,2.25,1.50
2013.05.17 14:11:41.363,1.05753,1.05769,2.25,1.50
2013.05.17 14:11:41.500,1.0575,1.05768,1.50,1.50
2013.05.17 14:11:41.634,1.05751,1.05768,3.00,1.50
2013.05.17 14:11:41.943,1.05755,1.05773,1.50,1.84
2013.05.17 14:11:42.630,1.05753,1.05773,1.50,1.84
2013.05.17 14:11:42.696,1.05753,1.05773,1.50,1.09
2013.05.17 14:11:43.233,1.05753,1.05775,2.25,3.19
2013.05.17 14:11:43.664,1.05756,1.05776,1.50,1.84
2013.05.17 14:11:44.175,1.05757,1.05776,1.50,1.09
2013.05.17 14:11:44.530,1.05757,1.05776,1.50,1.32
2013.05.17 14:11:44.653,1.05757,1.05776,1.50,3.68
2013.05.17 14:11:44.713,1.05755,1.05774,2.25,3.19
2013.05.17 14:11:44.952,1.05755,1.05774,1.50,1.69
2013.05.17 14:11:45.494,1.05756,1.05777,1.50,2.44
2013.05.17 14:11:45.852,1.05762,1.05782,2.93,3.15
2013.05.17 14:11:45.913,1.05761,1.05782,1.50,3.90
2013.05.17 14:11:46.092,1.0576,1.05782,1.50,3.90
2013.05.17 14:11:46.626,1.0576,1.05782,1.50,4.09
2013.05.17 14:11:46.942,1.05761,1.05782,2.25,3.90
2013.05.17 14:11:47.404,1.05761,1.05781,2.25,1.65
2013.05.17 14:11:47.477,1.0576,1.05779,1.50,1.65
2013.05.17 14:11:48.033,1.05759,1.05778,2.25,1.69
2013.05.17 14:11:48.272,1.05759,1.05778,1.50,3.94
2013.05.17 14:11:49.883,1.05754,1.05776,1.50,2.25
2013.05.17 14:11:50.303,1.05753,1.05774,2.44,1.65
2013.05.17 14:11:50.663,1.05755,1.05774,1.50,2.25
2013.05.17 14:11:50.722,1.05755,1.05776,1.50,1.84
2013.05.17 14:11:51.668,1.05754,1.05776,2.25,1.84
2013.05.17 14:11:52.642,1.05755,1.05776,1.50,2.59
2013.05.17 14:11:52.921,1.05755,1.05776,1.50,2.59
2013.05.17 14:11:53.045,1.05757,1.05776,1.50,1.09
2013.05.17 14:11:53.856,1.05761,1.05778,2.40,2.25
2013.05.17 14:11:54.212,1.05765,1.05782,2.93,2.25
2013.05.17 14:11:54.743,1.05766,1.05787,1.50,2.44
2013.05.17 14:11:55.172,1.05766,1.05787,1.50,1.84
2013.05.17 14:11:55.702,1.05765,1.05785,2.93,1.09
2013.05.17 14:11:56.294,1.05766,1.05787,1.50,1.69
2013.05.17 14:11:56.723,1.05765,1.05786,1.50,3.19
2013.05.17 14:11:57.104,1.05764,1.05785,1.50,1.69
2013.05.17 14:11:57.377,1.05766,1.05785,1.50,1.69
2013.05.17 14:11:58.579,1.05766,1.05785,1.50,1.69
2013.05.17 14:11:58.659,1.0577,1.05788,1.50,2.59
2013.05.17 14:11:59.262,1.0577,1.05788,1.50,2.59
2013.05.17 14:11:59.936,1.05771,1.05788,1.50,3.94
2013.05.17 14:12:00.124,1.05775,1.05792,1.50,1.65
2013.05.17 14:12:00.184,1.05775,1.05792,2.93,1.65
2013.05.17 14:12:00.433,1.05776,1.05792,1.50,1.65
2013.05.17 14:12:01.306,1.05773,1.05792,2.25,2.40
2013.05.17 14:12:01.853,1.05773,1.05795,3.75,4.02
2013.05.17 14:12:01.972,1.05775,1.05796,2.25,2.44
2013.05.17 14:12:02.032,1.05775,1.05796,1.50,1.69
2013.05.17 14:12:02.093,1.05773,1.05794,3.75,1.09
2013.05.17 14:12:02.693,1.05775,1.05791,1.50,1.09
2013.05.17 14:12:04.203,1.05772,1.05791,1.50,1.69
2013.05.17 14:12:04.503,1.05772,1.05791,1.50,1.84
2013.05.17 14:12:04.575,1.05772,1.0579,1.50,2.18
2013.05.17 14:12:04.884,1.05768,1.05784,1.50,1.65
2013.05.17 14:12:04.946,1.05768,1.05786,1.50,1.09
2013.05.17 14:12:05.074,1.05768,1.05784,1.50,1.13
2013.05.17 14:12:05.264,1.05765,1.05784,1.50,1.13
2013.05.17 14:12:05.645,1.05763,1.05784,2.25,1.13
2013.05.17 14:12:06.063,1.05764,1.05782,1.50,1.88
2013.05.17 14:12:06.373,1.05767,1.05782,1.50,1.88
2013.05.17 14:12:06.963,1.05766,1.05782,1.50,1.88
2013.05.17 14:12:08.264,1.05772,1.0579,1.50,1.32
2013.05.17 14:12:08.322,1.05772,1.05792,2.25,1.69
2013.05.17 14:12:08.382,1.05772,1.05793,1.50,3.19
2013.05.17 14:12:08.441,1.05772,1.05792,2.25,1.09
2013.05.17 14:12:08.502,1.05774,1.05794,1.50,1.09
2013.05.17 14:12:09.192,1.05775,1.05794,1.50,1.09
2013.05.17 14:12:09.726,1.05775,1.05795,1.65,1.69
2013.05.17 14:12:09.794,1.05776,1.05797,1.65,3.08
2013.05.17 14:12:09.864,1.05777,1.05799,2.59,1.50
2013.05.17 14:12:09.924,1.05781,1.058,1.50,1.50
2013.05.17 14:12:09.984,1.05781,1.05803,3.68,2.37
2013.05.17 14:12:10.054,1.05784,1.05805,1.50,2.59
2013.05.17 14:12:10.244,1.05786,1.05806,2.25,1.69
2013.05.17 14:12:10.363,1.05784,1.05803,1.65,1.50
2013.05.17 14:12:10.424,1.05784,1.05803,1.50,1.65
2013.05.17 14:12:10.757,1.05784,1.05797,1.50,1.09
2013.05.17 14:12:11.074,1.05785,1.05792,1.50,1.84
2013.05.17 14:12:11.706,1.0578,1.05793,2.25,1.69
2013.05.17 14:12:11.773,1.0578,1.05794,2.25,1.84
2013.05.17 14:12:12.433,1.05781,1.05795,1.50,2.59
2013.05.17 14:12:12.937,1.05775,1.05794,1.50,3.34
2013.05.17 14:12:13.733,1.05777,1.05794,1.50,1.09
2013.05.17 14:12:14.272,1.0578,1.05797,1.50,2.40
2013.05.17 14:12:14.814,1.05781,1.05796,1.50,1.09
2013.05.17 14:12:15.063,1.05781,1.05799,1.50,1.69
2013.05.17 14:12:15.304,1.0578,1.05797,1.50,3.34
2013.05.17 14:12:15.844,1.05778,1.05798,1.50,1.50
2013.05.17 14:12:15.973,1.05777,1.05795,1.50,1.50
2013.05.17 14:12:16.693,1.05777,1.05796,1.50,1.50
2013.05.17 14:12:17.122,1.05782,1.05801,1.50,1.32
2013.05.17 14:12:17.485,1.05782,1.058,2.25,2.25
2013.05.17 14:12:18.032,1.05782,1.05802,2.25,2.59
2013.05.17 14:12:18.092,1.05782,1.05801,1.50,1.69
2013.05.17 14:12:18.274,1.05779,1.058,2.25,3.15
2013.05.17 14:12:18.522,1.05781,1.05799,1.50,1.65
2013.05.17 14:12:19.122,1.05782,1.05802,1.50,2.59
2013.05.17 14:12:19.302,1.05782,1.05801,1.50,1.69
2013.05.17 14:12:19.421,1.05781,1.05801,1.50,2.44
2013.05.17 14:12:20.083,1.05781,1.05799,1.50,1.69
2013.05.17 14:12:20.751,1.05781,1.05798,1.50,1.88
2013.05.17 14:12:20.812,1.05776,1.05794,2.82,2.63
2013.05.17 14:12:20.872,1.05776,1.05794,2.63,2.82
2013.05.17 14:12:21.173,1.05767,1.05787,1.50,1.69
2013.05.17 14:12:21.293,1.05765,1.05788,1.50,1.84
2013.05.17 14:12:21.354,1.05763,1.05787,2.44,1.69
2013.05.17 14:12:21.712,1.05759,1.05781,1.69,1.50
2013.05.17 14:12:22.772,1.05758,1.05779,1.09,1.50
2013.05.17 14:12:23.135,1.05757,1.05775,1.50,1.84
2013.05.17 14:12:23.444,1.05756,1.05772,2.25,1.50
2013.05.17 14:12:23.754,1.05754,1.0576,2.25,1.50
2013.05.17 14:12:24.619,1.05752,1.05764,1.50,1.05
2013.05.17 14:12:24.699,1.05743,1.0576,1.50,2.25
2013.05.17 14:12:24.765,1.05743,1.0576,1.50,2.25
2013.05.17 14:12:24.894,1.05743,1.05764,2.25,1.09
2013.05.17 14:12:25.028,1.05744,1.05765,3.00,1.65
2013.05.17 14:12:25.363,1.05754,1.05773,1.50,1.13
2013.05.17 14:12:25.495,1.05754,1.05773,1.50,1.50
2013.05.17 14:12:25.563,1.05754,1.05773,1.50,1.50
2013.05.17 14:12:25.623,1.05752,1.05772,1.09,1.50
2013.05.17 14:12:25.744,1.05751,1.05771,1.50,1.50
2013.05.17 14:12:25.814,1.05748,1.0577,1.69,3.08
2013.05.17 14:12:26.646,1.05745,1.05767,2.93,2.59
2013.05.17 14:12:26.734,1.05746,1.05767,1.50,1.09
2013.05.17 14:12:26.982,1.05748,1.05767,1.50,1.09
2013.05.17 14:12:27.483,1.05748,1.05767,1.50,2.52
2013.05.17 14:12:27.783,1.05745,1.05767,1.50,3.27
2013.05.17 14:12:29.003,1.05744,1.05764,1.50,2.93
2013.05.17 14:12:29.362,1.05743,1.05761,2.40,1.50
2013.05.17 14:12:29.543,1.05738,1.05757,2.48,1.50
2013.05.17 14:12:29.664,1.05738,1.05756,1.88,2.25
2013.05.17 14:12:29.732,1.05735,1.05755,1.69,1.50
2013.05.17 14:12:30.272,1.05735,1.05755,1.69,1.50
2013.05.17 14:12:31.093,1.05736,1.05756,2.25,3.75
2013.05.17 14:12:31.403,1.05744,1.05761,2.40,3.68
2013.05.17 14:12:31.463,1.05745,1.05763,1.65,1.50
2013.05.17 14:12:31.523,1.05744,1.05765,2.40,1.50
2013.05.17 14:12:31.944,1.05746,1.05765,3.15,1.50
2013.05.17 14:12:32.097,1.05743,1.05765,1.84,1.50
2013.05.17 14:12:32.344,1.05744,1.05762,1.50,1.50
2013.05.17 14:12:32.724,1.05744,1.05762,1.50,1.50
2013.05.17 14:12:32.843,1.05749,1.05765,1.09,1.50
2013.05.17 14:12:32.903,1.0575,1.05769,1.65,2.25
2013.05.17 14:12:32.962,1.0575,1.05771,1.65,1.69
2013.05.17 14:12:33.023,1.05751,1.05771,3.15,1.69
2013.05.17 14:12:33.326,1.05747,1.05761,2.18,3.19
2013.05.17 14:12:33.393,1.05745,1.0576,1.50,1.50
2013.05.17 14:12:33.693,1.05736,1.05758,1.69,2.44
2013.05.17 14:12:34.212,1.05735,1.05754,1.84,1.50
2013.05.17 14:12:34.272,1.05735,1.05753,1.65,1.50
2013.05.17 14:12:34.335,1.05733,1.05752,1.65,2.93
2013.05.17 14:12:34.882,1.05733,1.05753,1.69,1.50
2013.05.17 14:12:34.942,1.05735,1.05753,1.50,1.50
2013.05.17 14:12:35.002,1.05736,1.05755,1.50,1.50
2013.05.17 14:12:36.091,1.05738,1.05758,1.65,1.50
2013.05.17 14:12:37.434,1.05741,1.05759,1.50,1.69
2013.05.17 14:12:38.577,1.05743,1.0576,1.77,1.50
2013.05.17 14:12:38.824,1.05743,1.05763,2.25,3.00
2013.05.17 14:12:38.882,1.05742,1.05761,1.50,1.50
2013.05.17 14:12:39.973,1.05743,1.05762,2.25,2.25
2013.05.17 14:12:40.344,1.05741,1.05759,1.50,1.09
2013.05.17 14:12:40.606,1.05736,1.05757,1.69,2.44
2013.05.17 14:12:41.074,1.05736,1.05757,3.19,2.44
2013.05.17 14:12:41.385,1.05738,1.05758,1.50,3.94
2013.05.17 14:12:41.695,1.05738,1.05758,1.50,3.19
2013.05.17 14:12:41.976,1.05739,1.05758,1.50,3.19
2013.05.17 14:12:42.355,1.05739,1.05758,1.50,3.94
2013.05.17 14:12:42.736,1.05743,1.05762,2.44,1.50
2013.05.17 14:12:43.211,1.05745,1.05766,2.25,4.09
2013.05.17 14:12:43.392,1.05745,1.05766,2.25,3.75
2013.05.17 14:12:43.454,1.05745,1.05766,2.44,1.50
2013.05.17 14:12:44.694,1.05748,1.05765,1.50,2.93
2013.05.17 14:12:44.886,1.05746,1.05764,1.50,1.69
2013.05.17 14:12:45.073,1.05747,1.05765,1.50,1.69
2013.05.17 14:12:45.133,1.05748,1.05765,1.50,1.69
2013.05.17 14:12:45.202,1.05748,1.05767,1.50,1.69
2013.05.17 14:12:47.054,1.05747,1.05765,1.50,1.50
2013.05.17 14:12:47.185,1.05747,1.05764,1.50,2.25
2013.05.17 14:12:47.374,1.05747,1.05763,1.50,1.69
2013.05.17 14:12:47.506,1.05747,1.05763,1.50,2.44
2013.05.17 14:12:47.875,1.05743,1.05756,2.25,1.50
2013.05.17 14:12:47.944,1.05741,1.05756,1.84,1.50
2013.05.17 14:12:48.003,1.05743,1.0576,1.50,1.50
2013.05.17 14:12:48.064,1.05743,1.05762,1.65,1.50
2013.05.17 14:12:48.303,1.05746,1.05765,1.50,2.93
2013.05.17 14:12:48.845,1.05746,1.05763,1.50,1.50
2013.05.17 14:12:49.152,1.05746,1.05763,1.50,1.50
2013.05.17 14:12:50.354,1.05745,1.05764,1.50,1.69
2013.05.17 14:12:50.913,1.05746,1.05766,1.50,1.69
2013.05.17 14:12:51.394,1.05747,1.05767,1.50,1.69
2013.05.17 14:12:51.582,1.05745,1.05767,3.34,4.62
2013.05.17 14:12:52.278,1.05747,1.05766,1.50,2.25
2013.05.17 14:12:52.486,1.05747,1.05767,1.65,2.93
2013.05.17 14:12:52.558,1.05748,1.05768,2.59,3.00
2013.05.17 14:12:52.697,1.05748,1.05765,1.50,1.50
2013.05.17 14:12:53.213,1.05747,1.05767,1.50,1.69
2013.05.17 14:12:53.532,1.05747,1.05768,1.50,3.19
2013.05.17 14:12:54.074,1.05748,1.05767,1.50,3.19
2013.05.17 14:12:54.191,1.05745,1.05765,3.94,1.50
2013.05.17 14:12:54.445,1.05746,1.05765,1.50,1.50
2013.05.17 14:12:54.995,1.05747,1.05766,1.50,1.69
2013.05.17 14:12:55.313,1.05746,1.05758,1.50,2.44
2013.05.17 14:12:55.373,1.05745,1.05753,1.50,1.50
2013.05.17 14:12:55.454,1.05743,1.05749,2.33,1.50
2013.05.17 14:12:55.645,1.05745,1.05756,1.50,3.19
2013.05.17 14:12:55.783,1.05744,1.05749,1.65,1.50
2013.05.17 14:12:56.105,1.05732,1.0575,1.50,1.50
2013.05.17 14:12:56.174,1.05735,1.0575,1.50,1.50
2013.05.17 14:12:56.612,1.05735,1.05752,2.25,2.25
2013.05.17 14:12:57.152,1.05736,1.05752,1.50,2.25
2013.05.17 14:12:57.473,1.0573,1.05748,1.50,1.84
2013.05.17 14:12:57.593,1.05728,1.05746,1.50,1.50
2013.05.17 14:12:57.953,1.05729,1.05749,2.25,1.69
2013.05.17 14:12:58.072,1.05731,1.0575,1.50,1.88
2013.05.17 14:12:58.373,1.05733,1.05752,1.50,2.44
2013.05.17 14:12:58.613,1.05735,1.05754,1.50,2.59
2013.05.17 14:13:01.117,1.05739,1.05755,2.18,2.44
2013.05.17 14:13:01.211,1.05736,1.05758,2.44,4.09
2013.05.17 14:13:01.414,1.05739,1.05758,1.50,3.19
2013.05.17 14:13:01.724,1.05743,1.05763,3.90,1.47
2013.05.17 14:13:01.795,1.05745,1.05768,1.84,3.12
2013.05.17 14:13:01.863,1.05746,1.05768,1.09,2.93
2013.05.17 14:13:02.176,1.05751,1.05764,1.50,1.50
2013.05.17 14:13:02.972,1.05746,1.05765,1.50,2.44
2013.05.17 14:13:03.034,1.05747,1.05765,1.65,2.44
2013.05.17 14:13:03.106,1.05751,1.05768,2.25,1.50
2013.05.17 14:13:03.174,1.05751,1.05768,1.69,1.50
2013.05.17 14:13:03.244,1.05751,1.05769,1.69,1.50
2013.05.17 14:13:03.304,1.0575,1.05769,1.69,1.50
2013.05.17 14:13:03.436,1.05752,1.05768,2.18,3.00
2013.05.17 14:13:03.705,1.05748,1.05765,1.65,1.50
2013.05.17 14:13:03.895,1.05748,1.05768,1.50,3.04
2013.05.17 14:13:03.964,1.05746,1.05762,2.25,1.13
2013.05.17 14:13:04.095,1.05746,1.05757,1.50,2.44
2013.05.17 14:13:04.166,1.05746,1.05753,1.50,1.50
2013.05.17 14:13:04.368,1.05746,1.05758,1.50,1.09
2013.05.17 14:13:04.435,1.05744,1.05757,1.50,2.44
2013.05.17 14:13:04.567,1.05734,1.05756,1.69,2.25
2013.05.17 14:13:04.943,1.05736,1.05755,2.40,1.69
2013.05.17 14:13:05.075,1.05735,1.05756,2.63,3.94
2013.05.17 14:13:05.143,1.05735,1.05754,1.69,2.40
2013.05.17 14:13:05.204,1.05733,1.05754,1.13,3.90
2013.05.17 14:13:05.274,1.05731,1.05751,1.69,2.25
2013.05.17 14:13:05.332,1.05731,1.05751,1.69,2.44
2013.05.17 14:13:05.513,1.05729,1.05751,1.84,2.44
2013.05.17 14:13:05.873,1.05729,1.05748,1.09,1.50
2013.05.17 14:13:06.132,1.05729,1.0575,1.84,2.25
2013.05.17 14:13:06.643,1.0573,1.0575,1.69,1.50
2013.05.17 14:13:06.763,1.05733,1.05752,1.50,1.50
2013.05.17 14:13:06.823,1.05735,1.05753,2.25,1.09
2013.05.17 14:13:06.944,1.05736,1.05756,1.69,1.50
2013.05.17 14:13:07.014,1.05736,1.05756,1.69,4.13
2013.05.17 14:13:07.333,1.05735,1.05751,1.50,2.25
2013.05.17 14:13:07.913,1.05734,1.05751,1.50,2.25
2013.05.17 14:13:08.154,1.05731,1.05751,2.93,3.19
2013.05.17 14:13:08.219,1.05728,1.05748,1.69,1.50
2013.05.17 14:13:08.284,1.05727,1.05748,1.69,1.50
2013.05.17 14:13:08.713,1.05729,1.05751,1.50,1.88
2013.05.17 14:13:09.294,1.05734,1.05752,1.50,1.28
2013.05.17 14:13:09.365,1.05733,1.05756,3.19,1.50
2013.05.17 14:13:10.148,1.05733,1.05754,2.25,2.59
2013.05.17 14:13:10.453,1.05727,1.05746,3.00,1.80
2013.05.17 14:13:10.525,1.05728,1.05749,1.69,2.33
2013.05.17 14:13:10.895,1.05732,1.0575,2.25,2.44
2013.05.17 14:13:11.216,1.0573,1.05749,1.50,2.59
2013.05.17 14:13:11.644,1.05732,1.05746,1.50,1.50
2013.05.17 14:13:11.956,1.05734,1.05752,1.50,1.65
2013.05.17 14:13:12.025,1.05732,1.05752,2.44,1.65
2013.05.17 14:13:12.102,1.05733,1.05745,1.50,1.50
2013.05.17 14:13:12.443,1.05727,1.05745,3.00,1.84
2013.05.17 14:13:12.745,1.05727,1.05745,2.25,1.50
2013.05.17 14:13:13.269,1.05729,1.05747,1.50,1.84
2013.05.17 14:13:13.464,1.05725,1.05745,2.44,1.50
2013.05.17 14:13:13.953,1.05726,1.05746,1.50,1.09
2013.05.17 14:13:14.133,1.05726,1.05746,2.44,1.65
2013.05.17 14:13:14.934,1.05724,1.05743,2.22,1.50
2013.05.17 14:13:15.029,1.05733,1.05754,1.50,1.69
2013.05.17 14:13:15.575,1.05735,1.05756,1.50,1.69
2013.05.17 14:13:16.125,1.05734,1.05754,1.69,1.65
2013.05.17 14:13:16.497,1.05731,1.05753,1.69,2.44
2013.05.17 14:13:16.802,1.05727,1.05746,1.65,1.69
2013.05.17 14:13:16.864,1.05726,1.05746,1.13,2.44
2013.05.17 14:13:16.933,1.05723,1.05745,1.69,3.19
2013.05.17 14:13:17.052,1.05725,1.05745,2.59,1.69
2013.05.17 14:13:17.723,1.05729,1.05747,1.09,1.50
2013.05.17 14:13:17.810,1.05733,1.0575,1.50,1.50
2013.05.17 14:13:18.295,1.05735,1.05752,1.50,3.19
2013.05.17 14:13:18.642,1.05735,1.05752,1.50,2.44
2013.05.17 14:13:19.124,1.05737,1.05755,1.09,2.25
2013.05.17 14:13:19.194,1.0574,1.05756,1.09,1.50
2013.05.17 14:13:19.986,1.05742,1.05763,1.69,1.69
2013.05.17 14:13:20.544,1.05743,1.05764,2.25,2.59
2013.05.17 14:13:21.042,1.05744,1.05764,2.25,1.69
2013.05.17 14:13:21.834,1.05745,1.05764,1.50,1.69
2013.05.17 14:13:22.336,1.05745,1.05764,1.50,2.25
2013.05.17 14:13:22.865,1.05747,1.05764,1.50,1.50
2013.05.17 14:13:23.203,1.05747,1.05764,1.50,1.50
2013.05.17 14:13:23.744,1.0575,1.05763,1.50,1.50
2013.05.17 14:13:24.293,1.05747,1.05765,1.50,3.00
2013.05.17 14:13:24.832,1.05751,1.05768,1.50,1.50
2013.05.17 14:13:24.894,1.05753,1.0577,2.25,1.69
2013.05.17 14:13:25.035,1.05752,1.05771,1.09,1.50
2013.05.17 14:13:26.099,1.05751,1.0577,1.50,1.84
2013.05.17 14:13:26.197,1.0574,1.0576,1.50,3.12
2013.05.17 14:13:26.323,1.05741,1.0576,1.50,1.69
2013.05.17 14:13:26.563,1.05741,1.05761,1.50,1.69
2013.05.17 14:13:26.803,1.0574,1.05759,1.50,1.09
2013.05.17 14:13:27.045,1.05735,1.05757,3.57,2.59
2013.05.17 14:13:27.116,1.05738,1.05758,1.32,1.50
2013.05.17 14:13:27.464,1.0575,1.05761,3.90,2.18
2013.05.17 14:13:27.716,1.05754,1.05763,1.50,2.18
2013.05.17 14:13:27.786,1.05754,1.05774,1.50,3.94
2013.05.17 14:13:28.153,1.05754,1.05773,1.50,1.69
2013.05.17 14:13:28.453,1.05754,1.05773,1.50,1.69
2013.05.17 14:13:29.023,1.05752,1.05773,2.25,2.44
2013.05.17 14:13:29.082,1.05752,1.05772,1.50,1.50
2013.05.17 14:13:29.205,1.05751,1.05771,1.69,2.25
2013.05.17 14:13:29.539,1.05756,1.05774,1.50,1.50
2013.05.17 14:13:29.806,1.05756,1.05776,1.50,3.94
2013.05.17 14:13:30.293,1.05757,1.05774,2.18,1.50
2013.05.17 14:13:30.532,1.05758,1.05775,1.50,1.09
2013.05.17 14:13:30.655,1.05758,1.05775,1.50,1.50
2013.05.17 14:13:30.964,1.0576,1.05778,1.50,1.50
2013.05.17 14:13:31.036,1.05759,1.05778,1.50,2.25
2013.05.17 14:13:31.108,1.05758,1.05776,2.25,1.50
2013.05.17 14:13:31.413,1.05759,1.05774,1.50,1.09
2013.05.17 14:13:31.533,1.05759,1.05776,1.50,1.88
2013.05.17 14:13:31.666,1.05756,1.05775,1.50,2.25
2013.05.17 14:13:32.216,1.05756,1.05775,1.50,1.69
2013.05.17 14:13:32.573,1.05756,1.05775,1.50,1.50
2013.05.17 14:13:32.633,1.05757,1.05779,1.69,1.84
2013.05.17 14:13:33.374,1.0576,1.05777,1.50,1.09
2013.05.17 14:13:33.466,1.05762,1.0578,3.68,1.09
2013.05.17 14:13:33.657,1.05765,1.05782,1.50,1.50
2013.05.17 14:13:33.853,1.05765,1.05781,1.50,1.65
2013.05.17 14:13:35.162,1.05765,1.05781,1.50,2.40
2013.05.17 14:13:35.466,1.05759,1.05776,2.25,2.40
2013.05.17 14:13:35.536,1.05759,1.05773,1.50,1.65
2013.05.17 14:13:35.742,1.05753,1.0577,2.18,1.50
2013.05.17 14:13:35.812,1.0575,1.05768,1.69,1.50
2013.05.17 14:13:35.890,1.05749,1.05768,1.50,1.50
2013.05.17 14:13:35.953,1.05749,1.05768,1.50,3.68
2013.05.17 14:13:36.014,1.05744,1.05765,3.19,1.50
2013.05.17 14:13:36.143,1.05744,1.05764,1.69,1.50
2013.05.17 14:13:36.863,1.05741,1.05762,2.44,1.50
2013.05.17 14:13:36.923,1.05741,1.05762,1.69,2.25
2013.05.17 14:13:37.463,1.05741,1.05763,1.69,3.19
2013.05.17 14:13:37.522,1.05741,1.05761,1.69,1.50
2013.05.17 14:13:37.764,1.05737,1.05756,1.50,3.34
2013.05.17 14:13:38.012,1.05736,1.05754,2.25,1.50
2013.05.17 14:13:38.134,1.05734,1.05754,1.69,1.50
2013.05.17 14:13:38.212,1.05732,1.05752,3.19,1.50
2013.05.17 14:13:38.332,1.05732,1.05752,1.69,1.50
2013.05.17 14:13:38.574,1.05732,1.05752,2.44,1.50
2013.05.17 14:13:38.632,1.05731,1.05752,3.94,1.50
2013.05.17 14:13:39.063,1.05731,1.05749,2.44,1.50
2013.05.17 14:13:39.987,1.05728,1.05749,3.94,2.25
2013.05.17 14:13:40.115,1.05734,1.05749,2.25,2.25
2013.05.17 14:13:40.784,1.05734,1.05749,1.50,1.50
2013.05.17 14:13:41.532,1.05732,1.05749,1.69,1.50
2013.05.17 14:13:41.713,1.05735,1.05749,2.25,1.50
2013.05.17 14:13:41.954,1.05741,1.05755,2.25,1.50
2013.05.17 14:13:42.135,1.05741,1.05759,2.25,1.50
2013.05.17 14:13:42.408,1.05741,1.05761,2.25,1.50
2013.05.17 14:13:42.653,1.05743,1.05762,1.50,2.44
2013.05.17 14:13:43.114,1.05744,1.05763,2.25,1.69
2013.05.17 14:13:44.824,1.05744,1.05762,3.00,1.69
2013.05.17 14:13:44.894,1.05744,1.05762,1.50,2.44
2013.05.17 14:13:45.582,1.05744,1.05762,1.50,2.44
2013.05.17 14:13:46.428,1.05744,1.05762,1.50,2.44
2013.05.17 14:13:47.665,1.05741,1.0576,2.25,1.50
2013.05.17 14:13:49.790,1.05741,1.0576,3.00,1.50
2013.05.17 14:13:50.163,1.05743,1.05763,3.00,1.09
2013.05.17 14:13:50.343,1.05743,1.05763,1.50,1.09
2013.05.17 14:13:50.693,1.05744,1.05764,2.25,2.59
2013.05.17 14:13:50.994,1.05744,1.05764,1.50,3.34
2013.05.17 14:13:52.653,1.05744,1.05763,1.50,3.83
2013.05.17 14:13:54.193,1.05741,1.05761,1.69,1.50
2013.05.17 14:13:56.043,1.05741,1.05761,2.44,1.65
2013.05.17 14:13:57.282,1.05741,1.0576,2.44,1.65
2013.05.17 14:13:58.063,1.05743,1.0576,1.50,1.65
2013.05.17 14:13:58.304,1.05741,1.05759,1.69,2.25
2013.05.17 14:13:59.346,1.05742,1.05757,1.50,1.69
2013.05.17 14:14:00.343,1.05742,1.05758,1.50,1.50
2013.05.17 14:14:00.666,1.05747,1.05762,1.69,1.65
2013.05.17 14:14:00.855,1.05741,1.05762,2.44,2.40
2013.05.17 14:14:01.185,1.05744,1.05764,1.50,1.50
2013.05.17 14:14:01.254,1.05744,1.05765,1.50,2.25
2013.05.17 14:14:01.840,1.05747,1.05765,1.50,1.50
2013.05.17 14:14:02.097,1.05745,1.05765,1.50,3.75
2013.05.17 14:14:02.414,1.05745,1.05761,1.50,1.50
2013.05.17 14:14:02.665,1.05745,1.05761,1.50,1.50
2013.05.17 14:14:02.856,1.05741,1.05758,2.25,1.50
2013.05.17 14:14:03.384,1.05737,1.05756,1.69,1.50
2013.05.17 14:14:03.885,1.05737,1.05756,1.69,1.50
2013.05.17 14:14:04.134,1.05739,1.05753,1.50,1.50
2013.05.17 14:14:04.444,1.05734,1.05748,2.25,3.34
2013.05.17 14:14:04.756,1.05734,1.05741,1.50,1.09
2013.05.17 14:14:05.063,1.0573,1.0574,1.50,1.69
2013.05.17 14:14:05.430,1.05722,1.05737,2.25,2.93
2013.05.17 14:14:06.997,1.05734,1.05746,3.75,1.84
2013.05.17 14:14:07.123,1.05726,1.05747,1.69,3.15
2013.05.17 14:14:07.243,1.05733,1.05747,2.25,1.50
2013.05.17 14:14:07.306,1.05732,1.05748,1.50,2.25
2013.05.17 14:14:07.437,1.05734,1.05751,2.25,2.18
2013.05.17 14:14:07.506,1.05736,1.05753,1.50,2.25
2013.05.17 14:14:07.580,1.05738,1.05753,2.25,1.50
2013.05.17 14:14:07.644,1.05739,1.05758,1.50,1.50
2013.05.17 14:14:08.490,1.05743,1.05761,2.25,2.25
2013.05.17 14:14:08.583,1.05744,1.05764,1.50,1.69
2013.05.17 14:14:08.655,1.05746,1.05766,2.25,1.69
2013.05.17 14:14:10.332,1.05744,1.05766,1.50,3.34
2013.05.17 14:14:12.054,1.05746,1.05764,1.50,1.65
2013.05.17 14:14:13.403,1.05746,1.05765,3.00,1.50
2013.05.17 14:14:13.705,1.0575,1.05767,1.50,3.68
2013.05.17 14:14:14.543,1.05753,1.0577,2.93,1.65
2013.05.17 14:14:15.422,1.0575,1.0577,2.25,1.65
2013.05.17 14:14:15.673,1.0575,1.05768,1.50,1.50
2013.05.17 14:14:15.733,1.0575,1.05768,1.50,1.50
2013.05.17 14:14:15.974,1.05748,1.05769,1.84,2.93
2013.05.17 14:14:16.884,1.05751,1.05769,2.25,3.00
2013.05.17 14:14:17.124,1.05751,1.05771,2.44,2.25
2013.05.17 14:14:17.675,1.05752,1.05772,1.69,1.13
2013.05.17 14:14:19.221,1.05752,1.0577,1.50,1.65
2013.05.17 14:14:20.965,1.05755,1.05772,1.65,1.50
2013.05.17 14:14:21.036,1.05756,1.05774,1.50,1.13
2013.05.17 14:14:21.164,1.05758,1.05774,1.50,1.50
2013.05.17 14:14:22.274,1.05762,1.05775,1.50,1.50
2013.05.17 14:14:22.792,1.05759,1.05778,1.50,2.59
2013.05.17 14:14:23.104,1.05757,1.05775,2.44,1.50
2013.05.17 14:14:23.226,1.05754,1.05775,2.44,1.84
2013.05.17 14:14:23.559,1.05755,1.05772,1.50,1.65
2013.05.17 14:14:23.814,1.05748,1.05769,2.37,2.63
2013.05.17 14:14:23.939,1.0575,1.05769,1.50,2.40
2013.05.17 14:14:24.484,1.0575,1.05768,2.25,2.25
2013.05.17 14:14:25.033,1.05749,1.05768,1.50,1.50
2013.05.17 14:14:26.692,1.05749,1.05768,1.50,1.09
2013.05.17 14:14:26.753,1.05749,1.05767,1.50,1.09
2013.05.17 14:14:26.933,1.05746,1.05765,3.00,1.69
2013.05.17 14:14:27.293,1.05749,1.05765,1.50,1.50
2013.05.17 14:14:27.594,1.05751,1.05769,3.19,2.40
2013.05.17 14:14:27.895,1.05756,1.05772,1.50,2.40
2013.05.17 14:14:28.023,1.05756,1.05774,1.50,1.50
2013.05.17 14:14:28.083,1.05756,1.05776,1.50,1.47
2013.05.17 14:14:28.827,1.05754,1.05774,1.50,3.53
2013.05.17 14:14:28.987,1.05755,1.05773,1.50,1.50
2013.05.17 14:14:29.113,1.05755,1.05775,1.50,1.69
2013.05.17 14:14:29.413,1.05752,1.05775,3.34,1.69
2013.05.17 14:14:29.713,1.05753,1.05775,1.65,1.69
2013.05.17 14:14:30.046,1.05757,1.05777,1.50,1.69
2013.05.17 14:14:30.294,1.05757,1.05778,1.65,3.19
2013.05.17 14:14:30.925,1.05756,1.05777,1.65,1.69
2013.05.17 14:14:31.483,1.05756,1.05777,1.50,2.40
2013.05.17 14:14:31.603,1.05754,1.05776,1.69,3.08
2013.05.17 14:14:31.845,1.05754,1.05773,1.50,1.69
2013.05.17 14:14:31.914,1.05754,1.05771,1.50,1.84
2013.05.17 14:14:32.224,1.05751,1.05771,1.50,1.69
2013.05.17 14:14:32.502,1.05751,1.05771,2.25,1.69
2013.05.17 14:14:33.005,1.05754,1.0577,1.50,1.69
2013.05.17 14:14:33.327,1.05748,1.05766,2.25,2.44
2013.05.17 14:14:33.575,1.05748,1.05767,2.25,2.44
2013.05.17 14:14:34.123,1.05748,1.05768,2.25,4.50
2013.05.17 14:14:34.184,1.05748,1.05764,2.25,1.32
2013.05.17 14:14:34.983,1.05742,1.05763,3.19,1.84
2013.05.17 14:14:35.084,1.05742,1.05763,1.69,1.84
2013.05.17 14:14:36.103,1.05742,1.05763,1.84,1.69
2013.05.17 14:14:36.395,1.05745,1.05768,3.00,2.59
2013.05.17 14:14:36.943,1.05746,1.05768,2.25,2.59
2013.05.17 14:14:37.006,1.05746,1.05768,2.25,2.59
2013.05.17 14:14:37.562,1.05748,1.05768,1.50,2.59
2013.05.17 14:14:39.332,1.05748,1.05768,1.50,1.84
2013.05.17 14:14:39.840,1.05746,1.05766,1.50,1.69
2013.05.17 14:14:40.265,1.05746,1.05765,1.50,1.09
2013.05.17 14:14:40.395,1.05746,1.05765,3.00,1.09
2013.05.17 14:14:41.614,1.05749,1.05767,1.50,2.44
2013.05.17 14:14:42.123,1.05749,1.05767,1.50,1.69
2013.05.17 14:14:43.875,1.05752,1.0577,1.88,2.44
2013.05.17 14:14:43.944,1.05754,1.05773,2.40,1.69
2013.05.17 14:14:44.013,1.05754,1.05776,3.15,1.69
2013.05.17 14:14:44.373,1.05755,1.05777,1.09,1.84
2013.05.17 14:14:44.493,1.05754,1.05775,1.65,1.69
2013.05.17 14:14:45.054,1.05753,1.05775,1.84,1.84
2013.05.17 14:14:45.425,1.05755,1.05775,2.82,2.25
2013.05.17 14:14:45.614,1.05757,1.05779,1.09,2.93
2013.05.17 14:14:45.928,1.05758,1.05781,1.65,1.09
2013.05.17 14:14:46.066,1.0576,1.05779,1.50,1.50
2013.05.17 14:14:46.373,1.05758,1.05778,2.40,1.69
2013.05.17 14:14:46.683,1.05758,1.05774,2.40,1.69
2013.05.17 14:14:47.083,1.05753,1.05773,1.50,2.59
2013.05.17 14:14:47.413,1.05753,1.05772,1.50,1.13
2013.05.17 14:14:47.772,1.05753,1.05773,3.00,1.69
2013.05.17 14:14:47.833,1.05753,1.05773,1.50,1.84
2013.05.17 14:14:50.912,1.05752,1.05773,1.50,1.88
2013.05.17 14:14:51.153,1.05753,1.05772,1.50,1.69
2013.05.17 14:14:51.213,1.05753,1.05773,1.50,1.84
2013.05.17 14:14:51.513,1.05752,1.05772,1.50,2.59
2013.05.17 14:14:51.753,1.05749,1.05769,1.50,1.50
2013.05.17 14:14:53.054,1.05748,1.05768,1.09,2.25
2013.05.17 14:14:53.672,1.05748,1.05768,1.09,2.25
2013.05.17 14:14:53.794,1.05747,1.05768,1.09,2.25
2013.05.17 14:14:53.915,1.05748,1.05766,1.50,1.65
2013.05.17 14:14:53.984,1.05746,1.05766,1.13,3.00
2013.05.17 14:14:54.174,1.05745,1.05764,1.50,1.13
2013.05.17 14:14:54.476,1.05745,1.05759,2.25,2.63
2013.05.17 14:14:54.548,1.05745,1.05759,2.25,2.40
2013.05.17 14:14:54.615,1.05745,1.05759,2.25,1.65
2013.05.17 14:14:55.046,1.05745,1.05763,2.25,2.44
2013.05.17 14:14:55.594,1.05745,1.05763,2.25,2.82
2013.05.17 14:14:55.713,1.05745,1.0576,2.25,1.50
2013.05.17 14:14:55.875,1.05741,1.0576,1.09,1.50
2013.05.17 14:14:55.944,1.05741,1.0576,1.09,1.50
2013.05.17 14:14:57.824,1.05741,1.0576,1.09,1.50
2013.05.17 14:14:58.418,1.0574,1.0576,1.65,2.59
2013.05.17 14:14:58.904,1.0574,1.0576,1.65,2.59
2013.05.17 14:15:00.314,1.05742,1.0576,2.63,1.50
2013.05.17 14:15:00.495,1.05745,1.05765,1.84,1.65
2013.05.17 14:15:00.564,1.05745,1.05765,1.84,1.65
2013.05.17 14:15:00.689,1.05745,1.05764,1.50,1.88
2013.05.17 14:15:01.173,1.05742,1.05761,1.50,4.13
2013.05.17 14:15:01.973,1.0574,1.05761,2.40,2.82
2013.05.17 14:15:02.552,1.05742,1.05761,1.50,3.57
2013.05.17 14:15:02.853,1.05745,1.05766,2.59,2.59
2013.05.17 14:15:03.362,1.05746,1.05768,1.65,3.57
2013.05.17 14:15:05.944,1.05749,1.05768,1.50,1.32
2013.05.17 14:15:08.238,1.05749,1.05767,1.50,1.09
2013.05.17 14:15:08.362,1.0575,1.0577,1.65,1.69
2013.05.17 14:15:08.424,1.05751,1.0577,1.50,1.69
2013.05.17 14:15:08.735,1.05755,1.05772,2.59,1.50
2013.05.17 14:15:08.924,1.05756,1.05778,1.69,2.40
2013.05.17 14:15:08.982,1.05757,1.05778,1.32,2.40
2013.05.17 14:15:09.044,1.05758,1.05778,1.65,1.65
2013.05.17 14:15:09.393,1.05756,1.05778,1.69,2.40
2013.05.17 14:15:09.980,1.05755,1.05776,1.84,1.65
2013.05.17 14:15:11.612,1.05758,1.05777,1.50,1.84
2013.05.17 14:15:12.846,1.0576,1.0578,1.50,2.97
2013.05.17 14:15:13.913,1.05761,1.0578,1.50,2.78
2013.05.17 14:15:14.434,1.0576,1.0578,2.44,4.28
2013.05.17 14:15:14.953,1.0576,1.05779,1.50,1.84
2013.05.17 14:15:15.485,1.0576,1.05778,1.50,1.13
2013.05.17 14:15:16.479,1.05757,1.05771,1.50,1.88
2013.05.17 14:15:16.582,1.05752,1.05773,3.38,1.84
2013.05.17 14:15:17.913,1.05753,1.05771,1.65,1.50
2013.05.17 14:15:17.974,1.05752,1.05771,3.38,1.69
2013.05.17 14:15:18.043,1.05752,1.05771,1.50,1.84
2013.05.17 14:15:18.104,1.05748,1.05769,1.50,1.32
2013.05.17 14:15:18.355,1.05743,1.05763,1.88,1.69
2013.05.17 14:15:18.425,1.05745,1.05765,1.65,1.69
2013.05.17 14:15:18.914,1.05745,1.05763,1.50,2.33
2013.05.17 14:15:19.274,1.0574,1.05759,1.65,1.50
2013.05.17 14:15:20.586,1.05742,1.05759,1.65,1.69
2013.05.17 14:15:20.894,1.05743,1.05763,1.65,3.19
2013.05.17 14:15:21.073,1.05743,1.05762,1.50,1.09
2013.05.17 14:15:21.433,1.05743,1.05763,3.90,1.69
2013.05.17 14:15:22.943,1.05747,1.05766,1.65,3.34
2013.05.17 14:15:24.004,1.05747,1.05765,1.50,1.32
2013.05.17 14:15:24.063,1.05746,1.05763,1.50,3.08
2013.05.17 14:15:24.184,1.05744,1.05762,1.65,3.19
2013.05.17 14:15:24.253,1.05741,1.0576,2.25,1.84
2013.05.17 14:15:24.372,1.05738,1.05758,2.40,2.25
2013.05.17 14:15:25.383,1.05742,1.05759,1.50,1.09
2013.05.17 14:15:25.624,1.05743,1.05762,1.13,1.69
2013.05.17 14:15:25.694,1.05746,1.05762,1.13,1.50
2013.05.17 14:15:26.399,1.05748,1.05762,1.65,1.50
2013.05.17 14:15:26.478,1.05743,1.05762,1.65,4.02
2013.05.17 14:15:27.693,1.05746,1.05761,1.65,1.50
2013.05.17 14:15:28.863,1.05748,1.05762,1.65,2.93
2013.05.17 14:15:28.983,1.05748,1.05764,1.65,3.12
2013.05.17 14:15:29.563,1.05748,1.05766,1.65,1.69
2013.05.17 14:15:29.854,1.05746,1.05766,1.65,3.34
2013.05.17 14:15:29.915,1.05746,1.05765,1.50,1.09
2013.05.17 14:15:30.223,1.05746,1.05764,1.50,1.65
2013.05.17 14:15:30.874,1.05746,1.05764,1.65,1.69
2013.05.17 14:15:31.175,1.05746,1.05766,1.65,3.34
2013.05.17 14:15:31.986,1.05747,1.05765,1.50,1.32
2013.05.17 14:15:32.293,1.05745,1.0576,1.69,1.50
2013.05.17 14:15:33.097,1.05745,1.0576,1.50,1.50
2013.05.17 14:15:33.314,1.05745,1.05761,1.50,1.50
2013.05.17 14:15:33.826,1.05745,1.05763,1.50,1.65
2013.05.17 14:15:34.903,1.05745,1.05763,1.50,1.65
2013.05.17 14:15:36.936,1.05746,1.05763,1.50,1.65
2013.05.17 14:15:37.454,1.05746,1.05763,1.50,1.84
2013.05.17 14:15:39.872,1.05746,1.05763,1.50,1.09
2013.05.17 14:15:39.993,1.05746,1.05764,1.50,4.62
2013.05.17 14:15:40.586,1.05745,1.05762,1.65,2.37
2013.05.17 14:15:41.816,1.05746,1.05761,1.50,2.25
2013.05.17 14:15:42.027,1.05746,1.05761,1.50,2.40
2013.05.17 14:15:42.348,1.05745,1.05756,1.50,1.09
2013.05.17 14:15:42.594,1.05736,1.05756,1.69,1.09
2013.05.17 14:15:42.715,1.05734,1.05755,1.69,1.13
2013.05.17 14:15:42.904,1.05736,1.05756,1.69,2.59
2013.05.17 14:15:43.083,1.05736,1.05757,1.84,1.09
2013.05.17 14:15:43.384,1.05742,1.0576,1.50,1.13
2013.05.17 14:15:44.002,1.05738,1.0576,2.44,2.07
2013.05.17 14:15:46.084,1.05738,1.05758,1.69,1.65
2013.05.17 14:15:48.294,1.05738,1.05756,1.50,1.50
2013.05.17 14:15:48.363,1.05738,1.05754,1.50,1.09
2013.05.17 14:15:48.671,1.05734,1.05751,1.50,2.07
2013.05.17 14:15:48.975,1.0573,1.05749,1.50,1.09
2013.05.17 14:15:49.043,1.05729,1.05749,1.50,1.09
2013.05.17 14:15:49.114,1.05727,1.05748,1.09,1.09
2013.05.17 14:15:49.493,1.05727,1.05748,1.09,1.09
2013.05.17 14:15:50.034,1.05728,1.0575,1.84,2.59
2013.05.17 14:15:50.766,1.05731,1.0575,1.50,1.84
2013.05.17 14:15:51.083,1.0573,1.0575,1.65,1.09
2013.05.17 14:15:51.204,1.0573,1.05749,1.65,4.02
2013.05.17 14:15:51.641,1.05731,1.05749,1.50,4.02
2013.05.17 14:15:51.764,1.05729,1.05749,2.22,4.02
2013.05.17 14:15:51.946,1.05731,1.05749,1.50,3.27
2013.05.17 14:15:52.694,1.05731,1.05749,2.25,1.09
2013.05.17 14:15:52.874,1.05731,1.0575,2.25,1.09
2013.05.17 14:15:53.052,1.05733,1.05751,1.50,1.69
2013.05.17 14:15:53.592,1.05733,1.05753,1.50,1.09
2013.05.17 14:15:54.327,1.05734,1.05753,1.50,1.84
2013.05.17 14:15:54.703,1.05732,1.05752,2.25,1.13
2013.05.17 14:15:54.763,1.05732,1.05752,2.25,2.63
2013.05.17 14:15:54.822,1.05732,1.05752,1.65,3.15
2013.05.17 14:15:55.182,1.05736,1.05754,1.50,1.09
2013.05.17 14:15:57.874,1.05737,1.05752,1.50,1.09
2013.05.17 14:15:58.052,1.05733,1.05751,1.50,1.69
2013.05.17 14:15:58.365,1.05733,1.05751,1.50,1.69
2013.05.17 14:15:59.263,1.05731,1.0575,1.50,1.09
2013.05.17 14:15:59.606,1.0573,1.05749,1.50,1.09
2013.05.17 14:15:59.735,1.05729,1.05749,1.50,2.07
2013.05.17 14:16:00.067,1.05726,1.05746,1.65,4.02
2013.05.17 14:16:00.193,1.05725,1.05745,1.69,1.09
2013.05.17 14:16:00.377,1.05726,1.05745,1.50,1.09
2013.05.17 14:16:00.684,1.0573,1.05749,2.44,3.08
2013.05.17 14:16:00.744,1.05732,1.0575,1.50,1.09
2013.05.17 14:16:01.653,1.05735,1.05748,1.50,1.50
2013.05.17 14:16:05.028,1.0573,1.05748,1.50,1.50
2013.05.17 14:16:05.152,1.0573,1.05747,1.50,1.13
2013.05.17 14:16:05.393,1.05725,1.05743,1.69,1.65
2013.05.17 14:16:05.818,1.05722,1.05742,1.84,1.65
2013.05.17 14:16:05.943,1.05722,1.0574,1.50,2.03
2013.05.17 14:16:06.253,1.0571,1.0572,2.37,2.40
2013.05.17 14:16:06.435,1.05701,1.05718,1.50,1.13
2013.05.17 14:16:07.024,1.05697,1.05716,1.09,1.65
2013.05.17 14:16:07.274,1.05694,1.05714,1.69,1.65
2013.05.17 14:16:07.633,1.0569,1.05711,3.08,1.09
2013.05.17 14:16:07.815,1.05687,1.05709,1.09,4.77
2013.05.17 14:16:08.362,1.05686,1.05709,2.07,2.59
2013.05.17 14:16:08.724,1.05689,1.05712,1.32,1.09
2013.05.17 14:16:08.905,1.05691,1.05713,1.32,3.00
2013.05.17 14:16:09.034,1.05693,1.05713,1.09,1.50
2013.05.17 14:16:09.274,1.05689,1.05711,2.97,1.50
2013.05.17 14:16:09.526,1.05691,1.05713,2.07,1.69
2013.05.17 14:16:11.903,1.05692,1.05713,1.69,1.13
2013.05.17 14:16:12.623,1.05691,1.05711,2.44,1.65
2013.05.17 14:16:16.217,1.05693,1.05714,1.09,2.40
2013.05.17 14:16:17.311,1.05693,1.05714,1.09,2.59
2013.05.17 14:16:17.374,1.05694,1.05714,1.84,2.59
2013.05.17 14:16:17.554,1.05702,1.05714,2.07,1.50
2013.05.17 14:16:17.793,1.05707,1.05721,1.50,3.00
2013.05.17 14:16:18.094,1.05702,1.05721,2.82,2.25
2013.05.17 14:16:18.215,1.05702,1.05721,2.59,2.40
2013.05.17 14:16:18.357,1.05702,1.05721,1.09,3.90
2013.05.17 14:16:18.685,1.05702,1.05721,1.84,1.65
2013.05.17 14:16:18.753,1.05702,1.05721,1.84,1.65
2013.05.17 14:16:18.873,1.05702,1.05722,1.84,1.13
2013.05.17 14:16:19.113,1.05706,1.05723,1.50,1.88
2013.05.17 14:16:19.425,1.05713,1.05729,2.40,1.47
2013.05.17 14:16:19.497,1.05713,1.0573,2.59,1.50
2013.05.17 14:16:19.565,1.05713,1.05734,2.59,1.50
2013.05.17 14:16:19.812,1.05715,1.05734,1.09,1.50
2013.05.17 14:16:20.553,1.05717,1.05735,3.00,1.69
2013.05.17 14:16:20.854,1.0572,1.05739,1.09,1.65
2013.05.17 14:16:20.923,1.05718,1.0574,2.44,2.63
2013.05.17 14:16:20.983,1.05718,1.0574,2.82,2.40
2013.05.17 14:16:21.892,1.05719,1.0574,1.32,2.25
2013.05.17 14:16:22.135,1.05721,1.05744,2.82,2.59
2013.05.17 14:16:22.265,1.05724,1.0574,1.09,1.50
2013.05.17 14:16:22.394,1.0572,1.0574,1.50,2.18
2013.05.17 14:16:22.784,1.05722,1.0574,1.13,1.28
2013.05.17 14:16:22.905,1.05722,1.0574,1.84,1.28
2013.05.17 14:16:22.975,1.05723,1.05741,1.09,1.28
2013.05.17 14:16:23.224,1.05726,1.05744,1.09,1.65
2013.05.17 14:16:23.887,1.05726,1.05747,1.09,1.65
2013.05.17 14:16:24.395,1.05726,1.05748,1.09,2.40
2013.05.17 14:16:24.784,1.05727,1.05749,1.69,1.13
2013.05.17 14:16:24.842,1.0573,1.05751,3.19,1.88
2013.05.17 14:16:24.902,1.0573,1.05751,3.19,1.13
2013.05.17 14:16:25.083,1.05731,1.05754,1.09,1.88
2013.05.17 14:16:25.395,1.05733,1.05755,1.09,1.09
2013.05.17 14:16:25.586,1.05735,1.05756,1.09,1.65
2013.05.17 14:16:25.654,1.05736,1.05758,2.03,1.65
2013.05.17 14:16:26.015,1.05741,1.05763,1.09,1.13
2013.05.17 14:16:26.323,1.0574,1.05763,1.09,1.32
2013.05.17 14:16:26.866,1.0574,1.05762,2.59,1.65
2013.05.17 14:16:26.937,1.0574,1.0576,1.50,1.13
2013.05.17 14:16:27.243,1.0574,1.05758,1.50,2.97
2013.05.17 14:16:27.544,1.0574,1.05754,1.50,1.65
2013.05.17 14:16:27.604,1.05734,1.05754,1.09,1.65
2013.05.17 14:16:28.151,1.05733,1.05754,1.84,1.65
2013.05.17 14:16:28.662,1.05733,1.05754,1.09,2.40
2013.05.17 14:16:29.273,1.05732,1.05754,1.84,2.40
2013.05.17 14:16:31.823,1.05732,1.05754,3.49,2.40
2013.05.17 14:16:32.513,1.05732,1.05754,3.34,2.40
2013.05.17 14:16:32.893,1.05732,1.05751,4.84,1.50
2013.05.17 14:16:33.072,1.05732,1.05751,4.84,1.50
2013.05.17 14:16:34.100,1.05732,1.05751,4.84,1.50
2013.05.17 14:16:34.594,1.05732,1.05752,4.84,1.50
2013.05.17 14:16:35.123,1.05734,1.05754,1.09,1.65
2013.05.17 14:16:35.474,1.05734,1.05754,1.09,1.65
2013.05.17 14:16:36.582,1.05733,1.05754,1.09,1.65
2013.05.17 14:16:37.074,1.05738,1.05754,1.69,1.65
2013.05.17 14:16:37.136,1.05738,1.05754,1.84,1.50
2013.05.17 14:16:37.442,1.05737,1.05758,3.57,2.59
2013.05.17 14:16:37.837,1.05737,1.05758,4.69,1.84
2013.05.17 14:16:38.382,1.05737,1.05758,4.09,1.65
2013.05.17 14:16:38.504,1.05739,1.05758,1.69,1.65
2013.05.17 14:16:38.623,1.05739,1.05761,3.87,1.13
2013.05.17 14:16:38.866,1.05742,1.05762,2.07,1.88
2013.05.17 14:16:39.185,1.05748,1.05769,1.09,3.98
2013.05.17 14:16:39.252,1.05747,1.05769,1.09,3.98
2013.05.17 14:16:39.493,1.05748,1.05768,1.09,1.65
2013.05.17 14:16:39.614,1.05747,1.05768,1.84,1.65
2013.05.17 14:16:39.689,1.05747,1.05768,1.84,1.65
2013.05.17 14:16:39.754,1.05747,1.05768,2.07,1.50
2013.05.17 14:16:39.883,1.05751,1.05771,1.65,2.40
2013.05.17 14:16:39.943,1.05751,1.05771,2.59,2.40
2013.05.17 14:16:40.244,1.05751,1.05771,2.59,1.65
2013.05.17 14:16:40.482,1.05751,1.05769,2.59,1.65
2013.05.17 14:16:41.077,1.05751,1.05769,2.59,1.65
2013.05.17 14:16:41.832,1.05751,1.05769,2.59,1.65
2013.05.17 14:16:42.144,1.05751,1.05769,2.59,1.65
2013.05.17 14:16:42.862,1.05745,1.05764,3.57,1.50
2013.05.17 14:16:42.938,1.05745,1.05764,3.57,1.50
2013.05.17 14:16:43.233,1.05745,1.05764,4.32,1.50
2013.05.17 14:16:43.478,1.05745,1.05764,2.59,3.15
2013.05.17 14:16:43.544,1.05742,1.05762,1.32,2.25
2013.05.17 14:16:44.093,1.05737,1.05758,4.69,1.65
2013.05.17 14:16:44.476,1.05737,1.05755,3.94,1.13
2013.05.17 14:16:44.543,1.05736,1.05756,1.84,2.40
2013.05.17 14:16:45.023,1.05736,1.05757,2.67,1.65
2013.05.17 14:16:45.264,1.05737,1.05756,3.94,1.65
2013.05.17 14:16:45.565,1.0574,1.05758,2.40,1.65
2013.05.17 14:16:45.633,1.05742,1.0576,1.50,1.50
2013.05.17 14:16:45.813,1.05742,1.0576,1.65,1.50
2013.05.17 14:16:45.992,1.05742,1.0576,1.65,1.50
2013.05.17 14:16:47.973,1.05744,1.05763,1.50,1.32
2013.05.17 14:16:49.896,1.05741,1.05762,2.59,1.65
2013.05.17 14:16:50.085,1.05741,1.05756,1.69,1.13
2013.05.17 14:16:50.154,1.0574,1.05756,1.69,1.13
2013.05.17 14:16:50.218,1.0574,1.05756,1.69,1.13
2013.05.17 14:16:50.986,1.05727,1.05739,1.50,1.13
2013.05.17 14:16:51.303,1.05727,1.05738,1.50,1.13
2013.05.17 14:16:51.424,1.05728,1.05739,1.50,2.74
2013.05.17 14:16:51.496,1.05717,1.05739,1.09,1.99
2013.05.17 14:16:51.624,1.05718,1.05739,1.69,1.09
2013.05.17 14:16:52.055,1.05721,1.0574,1.69,1.88
2013.05.17 14:16:52.126,1.05721,1.0574,2.44,1.88
2013.05.17 14:16:52.255,1.05724,1.05741,1.69,1.13
2013.05.17 14:16:52.623,1.05724,1.05744,1.69,1.13
2013.05.17 14:16:52.874,1.05723,1.05742,1.84,2.40
2013.05.17 14:16:52.936,1.05721,1.05742,2.59,2.63
2013.05.17 14:16:53.763,1.05723,1.05742,1.50,2.63
2013.05.17 14:16:54.574,1.05723,1.05742,2.25,1.13
2013.05.17 14:16:56.304,1.05724,1.05744,1.02,1.13
2013.05.17 14:16:56.613,1.05726,1.05748,2.44,1.13
2013.05.17 14:16:56.673,1.05726,1.05748,2.44,1.13
2013.05.17 14:16:57.223,1.05726,1.05747,2.44,1.09
2013.05.17 14:16:57.693,1.05726,1.05747,2.44,1.09
2013.05.17 14:16:58.203,1.05725,1.05745,1.09,1.65
2013.05.17 14:16:59.046,1.05729,1.05747,3.34,1.50
2013.05.17 14:16:59.373,1.05731,1.05751,3.57,1.50
2013.05.17 14:17:00.444,1.05733,1.05754,1.09,1.65
2013.05.17 14:17:01.222,1.05733,1.05755,1.84,1.88
2013.05.17 14:17:01.533,1.05732,1.05751,1.50,1.88
2013.05.17 14:17:01.654,1.05729,1.05749,1.69,1.65
2013.05.17 14:17:01.724,1.05728,1.05749,1.84,1.65
2013.05.17 14:17:01.904,1.05727,1.05748,1.65,1.65
2013.05.17 14:17:02.744,1.05727,1.05747,1.65,1.50
2013.05.17 14:17:03.250,1.05727,1.05747,1.65,1.50
2013.05.17 14:17:03.773,1.05728,1.05748,1.65,2.40
2013.05.17 14:17:04.878,1.05725,1.05745,1.88,2.25
2013.05.17 14:17:05.306,1.05724,1.05745,1.13,2.25
2013.05.17 14:17:05.754,1.05721,1.05743,1.65,2.63
2013.05.17 14:17:05.882,1.05722,1.05743,1.88,3.15
2013.05.17 14:17:06.394,1.05722,1.05743,1.13,3.34
2013.05.17 14:17:07.266,1.05722,1.05743,1.13,2.59
2013.05.17 14:17:07.673,1.05721,1.05741,2.40,1.09
2013.05.17 14:17:08.383,1.05722,1.0574,1.65,1.50
2013.05.17 14:17:08.744,1.05724,1.05744,1.65,1.65
2013.05.17 14:17:08.863,1.05721,1.05742,4.32,1.50
2013.05.17 14:17:09.169,1.05724,1.05742,1.13,1.50
2013.05.17 14:17:09.653,1.05723,1.05742,1.65,1.50
2013.05.17 14:17:11.442,1.05721,1.05742,2.40,1.65
2013.05.17 14:17:12.296,1.05721,1.05742,2.40,1.65
2013.05.17 14:17:13.443,1.05725,1.05742,1.65,1.50
2013.05.17 14:17:13.504,1.0573,1.05742,1.50,1.50
2013.05.17 14:17:13.634,1.05732,1.05742,1.65,1.50
2013.05.17 14:17:13.764,1.05732,1.0575,1.65,2.93
2013.05.17 14:17:13.883,1.05732,1.05752,1.84,1.65
2013.05.17 14:17:14.215,1.05733,1.05755,1.65,3.30
2013.05.17 14:17:14.594,1.05733,1.05755,1.88,3.83
2013.05.17 14:17:14.903,1.05744,1.05758,1.13,1.50
2013.05.17 14:17:15.263,1.05748,1.05764,1.65,3.00
2013.05.17 14:17:15.383,1.05747,1.05764,1.65,3.00
2013.05.17 14:17:16.545,1.05747,1.05764,1.50,1.50
2013.05.17 14:17:16.665,1.05752,1.05771,1.09,1.65
2013.05.17 14:17:16.734,1.05751,1.05771,2.40,1.65
2013.05.17 14:17:16.794,1.05751,1.05771,1.50,1.88
2013.05.17 14:17:17.164,1.0575,1.05768,1.09,3.08
2013.05.17 14:17:17.702,1.05748,1.05766,2.59,1.50
2013.05.17 14:17:18.075,1.05746,1.05766,1.84,1.65
2013.05.17 14:17:18.207,1.05748,1.05768,1.50,1.65
2013.05.17 14:17:18.819,1.05748,1.05768,3.90,1.65
2013.05.17 14:17:20.182,1.05748,1.05768,3.90,1.65
2013.05.17 14:17:21.293,1.0575,1.05768,2.40,1.65
2013.05.17 14:17:21.414,1.05755,1.0577,1.50,1.50
2013.05.17 14:17:21.593,1.05755,1.05773,1.50,1.88
2013.05.17 14:17:22.188,1.05754,1.05773,1.50,1.65
2013.05.17 14:17:22.874,1.05754,1.05773,1.65,1.65
2013.05.17 14:17:22.934,1.05754,1.05769,1.65,1.50
2013.05.17 14:17:23.245,1.05754,1.05769,1.50,1.65
2013.05.17 14:17:23.524,1.05749,1.05768,1.17,1.50
2013.05.17 14:17:24.124,1.05749,1.05768,1.09,2.25
2013.05.17 14:17:24.191,1.05749,1.05768,1.09,2.25
2013.05.17 14:17:24.504,1.05749,1.05767,1.69,1.13
2013.05.17 14:17:24.684,1.05749,1.0577,1.84,1.13
2013.05.17 14:17:24.745,1.0575,1.05769,1.65,1.84
2013.05.17 14:17:25.053,1.05752,1.05773,2.25,3.72
2013.05.17 14:17:25.294,1.05752,1.0577,1.50,1.13
2013.05.17 14:17:26.103,1.05752,1.0577,1.50,1.88
2013.05.17 14:17:29.892,1.05751,1.0577,2.44,1.13
2013.05.17 14:17:31.503,1.05753,1.05768,1.50,1.13
2013.05.17 14:17:31.629,1.05751,1.05764,1.50,1.88
2013.05.17 14:17:31.757,1.05742,1.05761,2.25,1.80
2013.05.17 14:17:31.824,1.05742,1.0576,2.25,1.65
2013.05.17 14:17:32.135,1.05738,1.05759,1.13,2.59
2013.05.17 14:17:33.009,1.05735,1.05756,2.25,1.13
2013.05.17 14:17:34.585,1.05735,1.05756,2.25,1.88
2013.05.17 14:17:35.404,1.05734,1.05754,3.15,1.65
2013.05.17 14:17:35.524,1.05734,1.05751,3.00,1.50
2013.05.17 14:17:35.845,1.05725,1.05743,2.18,2.78
2013.05.17 14:17:35.914,1.05721,1.05742,1.69,1.28
2013.05.17 14:17:36.093,1.05721,1.0574,1.69,2.03
2013.05.17 14:17:36.466,1.05719,1.05738,1.50,2.78
2013.05.17 14:17:36.535,1.05717,1.05737,1.69,2.78
2013.05.17 14:17:37.445,1.05717,1.05737,1.65,1.09
2013.05.17 14:17:37.520,1.05722,1.05741,2.44,1.88
2013.05.17 14:17:38.634,1.05722,1.05735,1.50,1.88
2013.05.17 14:17:38.826,1.0571,1.05732,2.25,2.97
2013.05.17 14:17:39.133,1.05708,1.0573,4.13,3.83
2013.05.17 14:17:39.685,1.0571,1.05731,1.50,2.78
2013.05.17 14:17:39.744,1.0571,1.05731,2.44,1.28
2013.05.17 14:17:39.874,1.0571,1.05731,2.44,1.13
2013.05.17 14:17:40.172,1.0571,1.05731,1.50,1.28
2013.05.17 14:17:40.733,1.05711,1.05731,1.69,1.88
2013.05.17 14:17:40.793,1.05712,1.0573,1.50,1.13
2013.05.17 14:17:42.234,1.05712,1.05729,1.50,1.13
2013.05.17 14:17:42.532,1.05711,1.05729,2.25,1.13
2013.05.17 14:17:44.034,1.05709,1.05728,1.50,2.78
2013.05.17 14:17:44.355,1.05708,1.05726,1.50,2.03
2013.05.17 14:17:44.485,1.05704,1.05724,1.50,1.32
2013.05.17 14:17:44.614,1.05701,1.05721,1.69,1.13
2013.05.17 14:17:47.003,1.05702,1.05721,2.25,1.65
2013.05.17 14:17:47.600,1.05703,1.05722,1.50,1.13
2013.05.17 14:17:48.114,1.05704,1.05722,1.50,1.13
2013.05.17 14:17:48.474,1.05709,1.05727,1.69,1.50
2013.05.17 14:17:48.603,1.05711,1.0573,1.50,1.13
2013.05.17 14:17:49.147,1.05711,1.05732,2.25,1.13
2013.05.17 14:17:49.451,1.05711,1.0573,2.44,1.13
2013.05.17 14:17:49.763,1.05711,1.05732,2.59,2.03
2013.05.17 14:17:50.023,1.05711,1.0573,2.44,1.13
2013.05.17 14:17:50.304,1.05711,1.0573,2.44,1.13
2013.05.17 14:17:50.694,1.05711,1.0573,2.25,1.88
2013.05.17 14:17:51.934,1.05711,1.0573,1.50,2.03
2013.05.17 14:17:52.112,1.05711,1.0573,1.50,1.13
2013.05.17 14:17:52.354,1.05709,1.05728,1.50,1.13
2013.05.17 14:17:52.412,1.05709,1.05728,1.50,1.13
2013.05.17 14:17:52.942,1.05707,1.05728,1.13,1.32
2013.05.17 14:17:53.003,1.0571,1.05728,1.50,1.09
2013.05.17 14:17:53.550,1.05711,1.0573,1.50,1.09
2013.05.17 14:17:53.869,1.05715,1.05733,2.33,3.00
2013.05.17 14:17:54.123,1.05715,1.05735,1.50,1.13
2013.05.17 14:17:55.075,1.05716,1.05735,1.65,1.50
2013.05.17 14:17:55.287,1.05715,1.05737,2.59,3.27
2013.05.17 14:17:55.604,1.05716,1.05738,2.40,3.72
2013.05.17 14:17:55.734,1.05716,1.05738,2.25,3.72
2013.05.17 14:17:56.416,1.05717,1.05738,1.50,3.72
2013.05.17 14:17:58.253,1.05716,1.0573,1.50,3.15
2013.05.17 14:17:58.314,1.05716,1.0573,1.50,3.00
2013.05.17 14:17:58.676,1.05717,1.05735,1.50,1.32
2013.05.17 14:17:58.804,1.05717,1.05735,1.50,1.13
2013.05.17 14:17:58.994,1.05714,1.05733,2.44,1.13
2013.05.17 14:17:59.114,1.05715,1.05735,1.50,4.13
2013.05.17 14:17:59.234,1.05719,1.05735,1.50,1.13
2013.05.17 14:17:59.794,1.05718,1.05737,1.50,2.63
2013.05.17 14:18:00.573,1.05718,1.05737,1.50,2.82
2013.05.17 14:18:03.877,1.05719,1.05737,1.50,1.13
2013.05.17 14:18:04.083,1.05713,1.05732,1.69,1.13
2013.05.17 14:18:04.205,1.05713,1.05734,2.59,1.65
2013.05.17 14:18:04.274,1.05713,1.05734,3.34,1.09
2013.05.17 14:18:05.168,1.05717,1.05734,1.50,1.09
2013.05.17 14:18:05.735,1.05716,1.05734,1.50,1.09
2013.05.17 14:18:06.246,1.05717,1.05736,1.50,1.09
2013.05.17 14:18:06.374,1.05719,1.05737,1.50,1.05
2013.05.17 14:18:08.192,1.0572,1.05739,1.50,1.88
2013.05.17 14:18:10.234,1.05719,1.05738,1.50,2.59
2013.05.17 14:18:10.354,1.05719,1.05733,1.50,1.50
2013.05.17 14:18:10.593,1.05713,1.05733,1.35,3.00
2013.05.17 14:18:10.654,1.05712,1.05734,2.25,2.07
2013.05.17 14:18:10.833,1.05714,1.05733,1.50,3.08
2013.05.17 14:18:11.134,1.05711,1.0573,1.69,1.65
2013.05.17 14:18:11.812,1.05711,1.05732,2.07,1.88
2013.05.17 14:18:12.353,1.05715,1.05733,1.69,3.08
2013.05.17 14:18:12.710,1.05716,1.05734,1.69,1.13
2013.05.17 14:18:12.834,1.05716,1.05736,1.69,1.65
2013.05.17 14:18:13.015,1.05719,1.05739,2.44,1.88
2013.05.17 14:18:13.323,1.05716,1.05734,1.50,1.28
2013.05.17 14:18:14.132,1.05716,1.05732,1.50,2.40
2013.05.17 14:18:14.209,1.05719,1.05738,1.50,1.09
2013.05.17 14:18:14.274,1.05719,1.05738,1.50,1.09
2013.05.17 14:18:14.645,1.05718,1.05736,1.50,2.82
2013.05.17 14:18:14.954,1.05718,1.05736,1.50,1.47
2013.05.17 14:18:15.303,1.05715,1.05735,1.50,1.47
2013.05.17 14:18:15.823,1.05716,1.05735,1.50,1.47
2013.05.17 14:18:16.883,1.05716,1.05735,1.88,1.69
2013.05.17 14:18:17.244,1.05719,1.05737,1.65,1.69
2013.05.17 14:18:17.606,1.05721,1.05735,1.50,1.09
2013.05.17 14:18:19.063,1.05716,1.05735,1.50,1.92
2013.05.17 14:18:19.184,1.05709,1.05729,1.50,1.32
2013.05.17 14:18:19.244,1.05709,1.05727,1.50,1.50
2013.05.17 14:18:19.424,1.05708,1.05723,1.50,1.88
2013.05.17 14:18:20.021,1.05706,1.05724,1.50,2.22
2013.05.17 14:18:21.163,1.05708,1.05724,1.50,2.22
2013.05.17 14:18:21.854,1.05712,1.05727,1.50,1.24
2013.05.17 14:18:22.477,1.05712,1.05733,1.50,2.25
2013.05.17 14:18:22.912,1.05712,1.05731,1.50,2.07
2013.05.17 14:18:23.113,1.05712,1.05731,1.50,2.07
2013.05.17 14:18:24.904,1.05712,1.05729,1.50,1.88
2013.05.17 14:18:24.964,1.0571,1.05725,2.25,1.13
2013.05.17 14:18:25.092,1.0571,1.05724,2.25,1.65
2013.05.17 14:18:25.465,1.05707,1.05723,1.50,1.32
2013.05.17 14:18:25.653,1.05705,1.05723,1.13,1.69
2013.05.17 14:18:25.774,1.05705,1.05723,1.13,1.50
2013.05.17 14:18:26.135,1.05712,1.0573,1.65,2.59
2013.05.17 14:18:26.438,1.05712,1.0573,3.15,1.09
2013.05.17 14:18:26.624,1.05712,1.05733,3.90,2.07
2013.05.17 14:18:27.863,1.05714,1.05733,2.25,1.13
2013.05.17 14:18:28.343,1.05714,1.05734,1.65,1.84
2013.05.17 14:18:28.404,1.05717,1.05735,1.13,3.34
2013.05.17 14:18:28.524,1.05715,1.05735,3.12,1.88
2013.05.17 14:18:28.583,1.05717,1.05735,1.09,1.50
2013.05.17 14:18:29.122,1.05715,1.05735,1.09,1.65
2013.05.17 14:18:29.422,1.05715,1.05735,1.09,1.65
2013.05.17 14:18:31.315,1.05717,1.05737,1.50,2.07
2013.05.17 14:18:31.656,1.05717,1.05733,1.50,1.50
2013.05.17 14:18:31.726,1.05713,1.05733,3.64,1.50
2013.05.17 14:18:31.795,1.05713,1.05732,3.38,1.09
2013.05.17 14:18:32.106,1.05713,1.05728,3.38,1.09
2013.05.17 14:18:32.415,1.05707,1.05721,2.25,1.09
2013.05.17 14:18:32.484,1.05701,1.05721,1.84,1.09
2013.05.17 14:18:33.243,1.05703,1.05722,1.09,1.69
2013.05.17 14:18:33.570,1.05714,1.05729,1.50,1.65
2013.05.17 14:18:33.709,1.05715,1.05735,1.65,1.09
2013.05.17 14:18:33.777,1.05718,1.05737,1.65,1.69
2013.05.17 14:18:33.847,1.05718,1.05739,1.84,2.40
2013.05.17 14:18:34.154,1.05718,1.05739,2.59,1.65
2013.05.17 14:18:35.436,1.05721,1.05739,1.50,1.65
2013.05.17 14:18:35.743,1.05728,1.05746,2.93,1.65
2013.05.17 14:18:36.111,1.05731,1.05749,1.50,1.09
2013.05.17 14:18:36.236,1.05731,1.0575,1.65,1.84
2013.05.17 14:18:36.693,1.05732,1.0575,1.13,1.50
2013.05.17 14:18:37.053,1.05734,1.0575,1.65,1.50
2013.05.17 14:18:37.113,1.05736,1.05753,2.40,2.93
2013.05.17 14:18:37.830,1.05732,1.05748,1.13,1.50
2013.05.17 14:18:38.983,1.05733,1.05751,1.13,1.50
2013.05.17 14:18:39.043,1.05733,1.05752,1.13,1.50
2013.05.17 14:18:39.104,1.05733,1.05752,1.88,1.50
2013.05.17 14:18:39.344,1.05733,1.05751,1.50,1.09
2013.05.17 14:18:39.644,1.0573,1.05749,1.84,2.25
2013.05.17 14:18:39.833,1.05729,1.05749,1.84,2.63
2013.05.17 14:18:42.174,1.05729,1.05748,1.69,2.40
2013.05.17 14:18:42.414,1.05729,1.05746,2.44,1.13
2013.05.17 14:18:42.653,1.05727,1.05745,1.50,1.09
2013.05.17 14:18:42.894,1.05726,1.05746,2.07,2.25
2013.05.17 14:18:43.024,1.05729,1.05746,2.25,1.65
2013.05.17 14:18:43.084,1.0573,1.05746,2.44,1.65
2013.05.17 14:18:43.264,1.05727,1.05746,1.69,1.88
2013.05.17 14:18:43.393,1.05727,1.05747,1.69,1.65
2013.05.17 14:18:43.803,1.0573,1.05747,3.68,1.65
2013.05.17 14:18:44.062,1.0573,1.05748,1.50,1.65
2013.05.17 14:18:44.612,1.05731,1.05748,1.50,1.65
2013.05.17 14:18:45.595,1.05731,1.05749,2.40,1.69
2013.05.17 14:18:45.666,1.05732,1.05752,1.65,2.59
2013.05.17 14:18:45.733,1.05733,1.05753,1.65,2.59
2013.05.17 14:18:45.793,1.05734,1.05753,1.65,1.65
2013.05.17 14:18:46.094,1.05731,1.05747,1.50,1.65
2013.05.17 14:18:46.154,1.05729,1.05745,1.50,1.50
2013.05.17 14:18:46.216,1.05727,1.05742,2.25,1.65
2013.05.17 14:18:46.285,1.05727,1.05744,1.50,1.32
2013.05.17 14:18:46.354,1.05727,1.05743,1.50,1.09
2013.05.17 14:18:46.474,1.0572,1.05741,3.94,1.65
2013.05.17 14:18:46.795,1.0572,1.05741,3.19,1.65
2013.05.17 14:18:46.865,1.05722,1.05741,1.09,1.50
2013.05.17 14:18:48.318,1.05728,1.05749,1.65,2.89
2013.05.17 14:18:48.408,1.05732,1.05747,1.65,1.50
2013.05.17 14:18:48.954,1.05727,1.05747,1.65,1.84
2013.05.17 14:18:50.073,1.05729,1.05748,1.50,1.65
2013.05.17 14:18:50.193,1.05729,1.05748,1.50,1.65
2013.05.17 14:18:51.361,1.05729,1.05746,1.50,1.65
2013.05.17 14:18:51.755,1.05727,1.05745,1.50,2.40
2013.05.17 14:18:52.015,1.05725,1.05741,1.50,1.84
2013.05.17 14:18:52.564,1.05719,1.05738,1.69,1.13
2013.05.17 14:18:52.694,1.05717,1.05736,1.69,1.13
2013.05.17 14:18:53.055,1.05712,1.0573,2.25,3.34
2013.05.17 14:18:53.416,1.05708,1.05728,1.65,1.65
2013.05.17 14:18:53.903,1.05707,1.05728,3.34,1.65
2013.05.17 14:18:54.104,1.05708,1.05728,1.50,1.88
2013.05.17 14:18:54.524,1.05712,1.05729,1.09,2.18
2013.05.17 14:18:54.584,1.05712,1.05731,1.84,2.25
2013.05.17 14:18:54.716,1.05714,1.05731,1.50,3.15
2013.05.17 14:18:55.256,1.05714,1.05731,2.25,1.50
2013.05.17 14:18:55.325,1.05716,1.05733,1.50,1.65
2013.05.17 14:18:55.395,1.05716,1.05735,2.44,1.65
2013.05.17 14:18:55.464,1.05716,1.05736,2.59,2.40
2013.05.17 14:18:55.703,1.0572,1.05739,1.50,3.38
2013.05.17 14:18:55.885,1.05721,1.05738,1.50,1.65
2013.05.17 14:18:56.966,1.05721,1.05738,1.50,1.65
2013.05.17 14:18:58.745,1.05725,1.05739,1.50,1.88
2013.05.17 14:19:00.703,1.05727,1.05739,1.50,1.65
2013.05.17 14:19:01.005,1.05734,1.05742,1.13,1.50
2013.05.17 14:19:01.315,1.05739,1.05747,1.65,1.50
2013.05.17 14:19:01.445,1.05742,1.0576,1.50,1.84
2013.05.17 14:19:01.574,1.05741,1.0576,2.40,1.84
2013.05.17 14:19:01.634,1.05741,1.0576,2.25,2.82
2013.05.17 14:19:02.371,1.05739,1.05754,1.50,1.65
2013.05.17 14:19:03.055,1.05738,1.05756,1.50,1.84
2013.05.17 14:19:03.814,1.05736,1.05756,2.44,2.40
2013.05.17 14:19:03.885,1.05736,1.05751,1.69,2.25
2013.05.17 14:19:04.109,1.05731,1.05749,1.50,1.50
2013.05.17 14:19:04.174,1.05729,1.05747,2.44,1.50
2013.05.17 14:19:04.413,1.05729,1.05749,2.59,1.50
2013.05.17 14:19:04.473,1.05733,1.05749,2.25,1.50
2013.05.17 14:19:04.594,1.05731,1.0575,3.53,1.50
2013.05.17 14:19:04.655,1.05734,1.05752,1.65,2.25
2013.05.17 14:19:04.729,1.05734,1.05752,1.65,1.50
2013.05.17 14:19:04.852,1.05737,1.05754,1.50,1.69
2013.05.17 14:19:05.393,1.05737,1.05755,2.25,1.69
2013.05.17 14:19:05.513,1.05737,1.05756,2.25,1.69
2013.05.17 14:19:05.634,1.05737,1.05758,2.40,3.19
2013.05.17 14:19:06.187,1.0574,1.05757,2.25,1.69
2013.05.17 14:19:06.258,1.05743,1.05758,1.50,1.50
2013.05.17 14:19:06.329,1.05745,1.05759,2.25,1.50
2013.05.17 14:19:07.107,1.05744,1.05763,1.50,3.34
2013.05.17 14:19:07.177,1.05741,1.05762,2.40,1.65
2013.05.17 14:19:07.364,1.05741,1.05761,1.65,2.44
2013.05.17 14:19:07.483,1.05741,1.05761,2.40,2.44
2013.05.17 14:19:07.722,1.05741,1.0576,2.25,1.84
2013.05.17 14:19:07.903,1.05741,1.0576,1.50,1.84
2013.05.17 14:19:08.432,1.05741,1.0576,2.25,1.84
2013.05.17 14:19:08.915,1.05742,1.0576,1.13,1.69
2013.05.17 14:19:09.235,1.05743,1.05761,1.50,1.84
2013.05.17 14:19:09.366,1.05742,1.0576,1.50,1.84
2013.05.17 14:19:09.435,1.0574,1.05759,1.50,2.44
2013.05.17 14:19:09.629,1.05746,1.05761,1.50,2.25
2013.05.17 14:19:09.697,1.05746,1.05763,1.50,3.19
2013.05.17 14:19:09.825,1.05743,1.05759,1.50,1.50
2013.05.17 14:19:09.954,1.05743,1.05761,1.50,2.44
2013.05.17 14:19:10.495,1.05746,1.05762,1.50,1.69
2013.05.17 14:19:10.563,1.05747,1.05762,1.50,1.69
2013.05.17 14:19:12.175,1.05747,1.05762,1.50,1.69
2013.05.17 14:19:12.735,1.0575,1.05764,2.25,2.40
2013.05.17 14:19:13.046,1.05755,1.05771,1.50,2.59
2013.05.17 14:19:13.114,1.05753,1.05771,1.50,2.59
2013.05.17 14:19:13.185,1.05753,1.05763,1.50,1.65
2013.05.17 14:19:13.375,1.05751,1.05763,1.50,2.59
2013.05.17 14:19:13.563,1.05751,1.05763,1.50,2.59
2013.05.17 14:19:13.924,1.05751,1.05762,1.50,2.59
2013.05.17 14:19:14.054,1.05751,1.05762,1.50,1.69
2013.05.17 14:19:14.694,1.05751,1.05769,1.50,3.49
2013.05.17 14:19:14.766,1.05751,1.05771,2.63,1.50
2013.05.17 14:19:14.835,1.05755,1.05773,1.50,1.69
2013.05.17 14:19:16.011,1.05757,1.05773,2.25,2.25
2013.05.17 14:19:16.324,1.05758,1.05772,1.50,1.13
2013.05.17 14:19:16.454,1.05761,1.05774,1.50,1.09
2013.05.17 14:19:16.815,1.05761,1.05775,1.50,1.13
2013.05.17 14:19:17.065,1.05761,1.05773,1.50,1.13
2013.05.17 14:19:17.254,1.05759,1.05767,1.50,1.13
2013.05.17 14:19:18.094,1.05751,1.05767,1.50,1.13
2013.05.17 14:19:18.633,1.05755,1.05767,1.50,1.28
2013.05.17 14:19:18.694,1.05754,1.05759,1.50,1.50
2013.05.17 14:19:18.755,1.05749,1.05756,1.50,1.88
2013.05.17 14:19:18.944,1.05749,1.0576,1.50,2.07
2013.05.17 14:19:19.065,1.05745,1.05758,1.50,1.65
2013.05.17 14:19:19.193,1.05744,1.0576,1.65,1.50
2013.05.17 14:19:19.313,1.05746,1.05762,1.50,1.84
2013.05.17 14:19:19.378,1.05746,1.05762,2.25,1.84
2013.05.17 14:19:19.507,1.05746,1.05765,2.25,1.13
2013.05.17 14:19:19.695,1.05746,1.05761,2.25,1.65
2013.05.17 14:19:20.185,1.05742,1.05762,1.50,2.63
2013.05.17 14:19:21.043,1.05742,1.05762,1.50,3.38
2013.05.17 14:19:21.351,1.0574,1.05757,1.50,1.84
2013.05.17 14:19:23.004,1.05739,1.05755,1.50,1.32
2013.05.17 14:19:24.055,1.05737,1.05755,1.50,3.57
2013.05.17 14:19:24.992,1.05737,1.05751,1.50,1.50
2013.05.17 14:19:25.061,1.05739,1.05755,1.50,1.09
2013.05.17 14:19:26.345,1.05739,1.05758,1.50,4.32
2013.05.17 14:19:26.417,1.05739,1.05758,1.65,2.59
2013.05.17 14:19:26.483,1.05741,1.05758,1.65,1.69
2013.05.17 14:19:26.545,1.05742,1.05761,1.84,3.15
2013.05.17 14:19:26.614,1.05743,1.05761,2.40,1.65
2013.05.17 14:19:26.674,1.05744,1.05764,1.50,2.40
2013.05.17 14:19:26.804,1.05746,1.05765,2.93,1.09
2013.05.17 14:19:27.297,1.05747,1.0576,1.50,1.50
2013.05.17 14:19:27.608,1.05744,1.05757,1.50,1.13
2013.05.17 14:19:27.795,1.0574,1.05754,1.50,1.65
2013.05.17 14:19:28.164,1.05742,1.05755,2.25,1.13
2013.05.17 14:19:28.816,1.05743,1.05755,1.50,1.13
2013.05.17 14:19:28.945,1.05745,1.05757,1.50,1.88
2013.05.17 14:19:29.324,1.05742,1.05758,1.50,1.13
2013.05.17 14:19:29.458,1.0574,1.05757,2.25,1.88
2013.05.17 14:19:29.705,1.0574,1.05758,1.50,1.09
2013.05.17 14:19:30.073,1.05739,1.05758,1.50,2.82
2013.05.17 14:19:30.313,1.05739,1.05758,1.50,2.59
2013.05.17 14:19:31.243,1.0574,1.0576,2.25,1.84
2013.05.17 14:19:31.574,1.05738,1.05758,1.65,1.09
2013.05.17 14:19:31.694,1.05737,1.05757,2.44,1.32
2013.05.17 14:19:32.953,1.05736,1.05757,1.84,1.32
2013.05.17 14:19:33.515,1.05737,1.05757,1.69,1.32
2013.05.17 14:19:34.347,1.05737,1.05756,1.50,1.09
2013.05.17 14:19:34.535,1.0574,1.05759,2.25,1.84
2013.05.17 14:19:35.083,1.05741,1.05757,1.50,1.50
2013.05.17 14:19:35.572,1.05741,1.05759,1.65,1.50
2013.05.17 14:19:35.708,1.05745,1.05763,1.50,2.44
2013.05.17 14:19:36.016,1.05748,1.05768,1.65,3.15
2013.05.17 14:19:36.322,1.05749,1.05768,2.93,2.40
2013.05.17 14:19:36.624,1.05756,1.05768,1.50,2.25
2013.05.17 14:19:37.503,1.05756,1.05771,1.50,2.25
2013.05.17 14:19:37.623,1.05756,1.05775,1.50,2.07
2013.05.17 14:19:37.744,1.05754,1.05772,1.50,1.32
2013.05.17 14:19:37.803,1.05754,1.05772,1.50,1.32
2013.05.17 14:19:37.924,1.05752,1.0577,2.25,2.82
2013.05.17 14:19:38.285,1.05751,1.05766,2.18,1.13
2013.05.17 14:19:38.355,1.05751,1.05766,2.18,1.69
2013.05.17 14:19:38.484,1.0575,1.05769,1.50,2.59
2013.05.17 14:19:38.989,1.05747,1.05768,1.65,1.09
2013.05.17 14:19:39.363,1.05751,1.05766,1.50,1.50
2013.05.17 14:19:39.483,1.05751,1.05769,1.50,1.69
2013.05.17 14:19:39.723,1.05751,1.05767,1.50,1.88
2013.05.17 14:19:39.844,1.05751,1.05767,1.50,1.32
2013.05.17 14:19:40.274,1.05746,1.05767,3.00,2.82
2013.05.17 14:19:40.716,1.05746,1.05764,3.00,2.07
2013.05.17 14:19:41.094,1.05744,1.05763,1.50,2.97
2013.05.17 14:19:41.333,1.05746,1.05762,1.50,1.65
2013.05.17 14:19:41.394,1.05746,1.05761,1.50,1.13
2013.05.17 14:19:41.947,1.05743,1.05761,2.93,3.38
2013.05.17 14:19:42.014,1.05742,1.05761,1.50,1.88
2013.05.17 14:19:43.693,1.05744,1.05761,1.50,1.88
2013.05.17 14:19:44.447,1.05744,1.05759,1.50,2.40
2013.05.17 14:19:44.754,1.05738,1.05757,1.50,1.32
2013.05.17 14:19:45.533,1.05736,1.05757,2.59,1.09
2013.05.17 14:19:45.652,1.05738,1.05757,2.25,1.09
2013.05.17 14:19:45.946,1.05738,1.05759,2.40,1.09
2013.05.17 14:19:46.445,1.05743,1.05763,1.84,1.88
2013.05.17 14:19:46.641,1.05743,1.05762,1.69,1.13
2013.05.17 14:19:46.766,1.05745,1.05763,1.50,1.13
2013.05.17 14:19:47.013,1.05745,1.05764,1.50,3.38
2013.05.17 14:19:47.217,1.05745,1.05763,2.25,2.03
2013.05.17 14:19:47.528,1.05741,1.05747,1.50,1.09
2013.05.17 14:19:47.597,1.0574,1.05746,1.50,1.09
2013.05.17 14:19:47.665,1.05737,1.05747,1.50,1.09
2013.05.17 14:19:47.844,1.05738,1.0575,1.50,1.09
2013.05.17 14:19:48.385,1.05738,1.05746,1.50,1.69
2013.05.17 14:19:48.693,1.05738,1.0575,2.25,1.09
2013.05.17 14:19:48.992,1.05729,1.0575,2.25,1.09
2013.05.17 14:19:49.493,1.0573,1.05751,1.65,1.69
2013.05.17 14:19:49.613,1.05729,1.05749,2.40,3.34
2013.05.17 14:19:49.672,1.05729,1.05749,2.40,3.34
2013.05.17 14:19:50.033,1.05726,1.05748,4.77,1.32
2013.05.17 14:19:50.093,1.05726,1.05746,4.02,1.84
2013.05.17 14:19:50.152,1.05726,1.05746,3.34,1.84
2013.05.17 14:19:50.286,1.05724,1.05743,1.13,2.44
2013.05.17 14:19:50.533,1.05723,1.05741,1.09,1.50
2013.05.17 14:19:50.833,1.0572,1.05741,1.09,1.50
2013.05.17 14:19:52.456,1.05721,1.05741,1.50,1.50
2013.05.17 14:19:53.756,1.05729,1.05749,1.65,1.65
2013.05.17 14:19:53.826,1.0573,1.05749,2.40,1.50
2013.05.17 14:19:54.254,1.05728,1.05747,2.40,1.50
2013.05.17 14:19:54.746,1.0573,1.05747,1.65,1.50
2013.05.17 14:19:54.815,1.05732,1.05749,1.65,1.50
2013.05.17 14:19:55.015,1.05735,1.0575,1.50,2.18
2013.05.17 14:19:55.078,1.05737,1.05753,1.50,2.93
2013.05.17 14:19:55.146,1.05738,1.05757,1.65,1.50
2013.05.17 14:19:55.216,1.0574,1.0576,1.50,1.09
2013.05.17 14:19:55.285,1.05742,1.05761,3.15,1.69
2013.05.17 14:19:55.807,1.05742,1.0576,1.50,2.63
2013.05.17 14:19:55.936,1.05742,1.05757,1.50,1.13
2013.05.17 14:19:56.064,1.05737,1.05754,3.00,2.40
2013.05.17 14:19:56.604,1.05737,1.05757,3.19,1.65
2013.05.17 14:19:56.724,1.05737,1.05758,4.69,1.84
2013.05.17 14:19:56.786,1.05739,1.05758,1.50,1.09
2013.05.17 14:19:57.094,1.05741,1.05761,2.25,1.09
2013.05.17 14:19:58.094,1.05745,1.05761,1.50,1.84
2013.05.17 14:19:58.566,1.05745,1.05762,1.50,1.13
2013.05.17 14:20:01.589,1.05742,1.05759,1.50,1.65
2013.05.17 14:20:02.072,1.05739,1.05759,3.34,1.65
2013.05.17 14:20:02.596,1.05738,1.05759,1.09,2.59
2013.05.17 14:20:03.217,1.05737,1.05758,2.44,2.07
2013.05.17 14:20:03.404,1.05741,1.05758,1.50,1.84
2013.05.17 14:20:03.527,1.05741,1.0576,2.44,1.65
2013.05.17 14:20:03.594,1.05744,1.05763,1.50,2.82
2013.05.17 14:20:03.789,1.05744,1.05763,2.40,1.50
2013.05.17 14:20:04.409,1.05744,1.05764,2.40,1.69
2013.05.17 14:20:04.934,1.05746,1.05763,1.50,1.65
2013.05.17 14:20:05.243,1.05746,1.05763,1.50,2.59
2013.05.17 14:20:05.604,1.05737,1.05754,1.50,1.13
2013.05.17 14:20:05.785,1.05735,1.05754,3.19,1.88
2013.05.17 14:20:06.215,1.05737,1.05758,1.69,2.59
2013.05.17 14:20:06.704,1.05738,1.05757,1.69,1.13
2013.05.17 14:20:06.765,1.05738,1.05757,1.69,1.65
2013.05.17 14:20:06.896,1.0574,1.05758,1.50,1.84
2013.05.17 14:20:07.414,1.05742,1.05759,1.13,2.44
2013.05.17 14:20:07.534,1.05742,1.0576,1.69,1.13
2013.05.17 14:20:08.075,1.05742,1.0576,1.50,2.07
2013.05.17 14:20:08.263,1.05741,1.0576,1.50,2.82
2013.05.17 14:20:08.925,1.05739,1.05759,1.65,1.65
2013.05.17 14:20:10.415,1.05717,1.05731,1.50,1.13
2013.05.17 14:20:11.047,1.05714,1.0573,1.50,2.40
2013.05.17 14:20:11.355,1.05706,1.05721,2.18,2.25
2013.05.17 14:20:11.424,1.05703,1.05718,1.69,2.25
2013.05.17 14:20:11.663,1.057,1.05718,1.69,2.40
2013.05.17 14:20:12.024,1.057,1.05717,1.69,1.13
2013.05.17 14:20:12.156,1.05702,1.0572,1.50,1.80
2013.05.17 14:20:12.503,1.05699,1.0572,1.84,2.59
2013.05.17 14:20:12.743,1.057,1.0572,1.13,2.44
2013.05.17 14:20:13.056,1.05702,1.05721,1.88,1.50
2013.05.17 14:20:13.483,1.05703,1.05723,1.65,3.34
2013.05.17 14:20:14.258,1.05702,1.05723,3.38,4.09
2013.05.17 14:20:16.424,1.05704,1.05724,1.84,3.34
2013.05.17 14:20:16.934,1.05707,1.05728,1.65,1.84
2013.05.17 14:20:17.577,1.05707,1.05728,1.65,1.09
2013.05.17 14:20:18.006,1.05709,1.05728,1.65,1.69
2013.05.17 14:20:18.553,1.0571,1.05729,1.65,1.69
2013.05.17 14:20:19.252,1.0571,1.0573,1.65,4.09
2013.05.17 14:20:20.529,1.05718,1.05736,1.84,1.50
2013.05.17 14:20:20.654,1.05719,1.05736,1.69,1.50
2013.05.17 14:20:20.954,1.05718,1.05739,2.59,2.59
2013.05.17 14:20:21.573,1.05718,1.05739,1.84,2.59
2013.05.17 14:20:21.894,1.05716,1.05736,1.69,2.40
2013.05.17 14:20:23.594,1.05716,1.05734,1.69,1.13
2013.05.17 14:20:23.834,1.05716,1.05734,1.50,1.65
2013.05.17 14:20:24.374,1.05717,1.05738,1.50,3.34
2013.05.17 14:20:24.675,1.05714,1.05733,3.19,1.50
2013.05.17 14:20:25.419,1.05715,1.05733,1.13,2.25
2013.05.17 14:20:25.743,1.05715,1.05733,1.50,1.50
2013.05.17 14:20:25.932,1.05711,1.05733,3.94,2.25
2013.05.17 14:20:26.633,1.05715,1.05733,1.50,1.13
2013.05.17 14:20:27.054,1.05711,1.05729,1.69,1.13
2013.05.17 14:20:27.293,1.05711,1.05729,1.50,2.82
2013.05.17 14:20:30.013,1.05709,1.05729,1.69,2.82
2013.05.17 14:20:30.196,1.05705,1.05727,1.65,1.84
2013.05.17 14:20:30.792,1.05704,1.05726,2.40,3.94
2013.05.17 14:20:30.880,1.05701,1.05722,2.25,2.44
2013.05.17 14:20:30.958,1.05701,1.0572,2.25,1.84
2013.05.17 14:20:31.274,1.05701,1.05718,2.25,1.84
2013.05.17 14:20:31.397,1.05701,1.05721,2.25,2.59
2013.05.17 14:20:32.244,1.05704,1.05722,2.25,2.82
2013.05.17 14:20:32.853,1.05712,1.0573,1.50,1.09
2013.05.17 14:20:33.094,1.05714,1.0573,1.50,1.09
2013.05.17 14:20:33.454,1.05715,1.05733,1.50,1.09
2013.05.17 14:20:33.514,1.05717,1.05734,1.13,1.65
2013.05.17 14:20:33.574,1.05718,1.05737,1.50,2.33
2013.05.17 14:20:33.765,1.05719,1.05739,1.50,2.59
2013.05.17 14:20:34.085,1.05712,1.05731,3.12,1.65
2013.05.17 14:20:34.155,1.05711,1.0573,2.44,1.65
2013.05.17 14:20:34.275,1.05711,1.05729,1.50,1.09
2013.05.17 14:20:34.644,1.05709,1.0573,1.50,2.07
2013.05.17 14:20:34.767,1.05711,1.0573,2.18,1.32
2013.05.17 14:20:35.314,1.05712,1.05729,1.50,1.50
2013.05.17 14:20:35.495,1.05715,1.05733,1.50,1.84
2013.05.17 14:20:35.801,1.05716,1.05732,1.50,1.50
2013.05.17 14:20:35.995,1.05718,1.05735,1.50,1.84
2013.05.17 14:20:36.244,1.05718,1.05735,2.25,1.65
2013.05.17 14:20:36.663,1.05721,1.05736,1.50,1.50
2013.05.17 14:20:36.735,1.05722,1.0574,1.50,1.84
2013.05.17 14:20:36.806,1.05722,1.05738,1.50,1.50
2013.05.17 14:20:37.113,1.05726,1.05739,1.50,1.65
2013.05.17 14:20:37.655,1.05726,1.05739,1.50,1.65
2013.05.17 14:20:38.633,1.05724,1.05739,1.50,1.50
2013.05.17 14:20:38.739,1.05723,1.05737,1.50,1.50
2013.05.17 14:20:38.930,1.05722,1.05737,1.50,1.50
2013.05.17 14:20:39.466,1.0572,1.05737,2.25,1.50
2013.05.17 14:20:39.854,1.05722,1.0574,2.25,1.69
2013.05.17 14:20:40.164,1.05728,1.05744,1.50,2.25
2013.05.17 14:20:41.082,1.05726,1.05744,1.50,2.25
2013.05.17 14:20:41.623,1.05726,1.05746,1.69,1.09
2013.05.17 14:20:43.353,1.05728,1.05746,1.50,1.09
2013.05.17 14:20:43.413,1.05729,1.05746,1.50,1.09
2013.05.17 14:20:43.773,1.05726,1.05745,1.50,3.57
2013.05.17 14:20:44.267,1.05724,1.05743,1.50,1.09
2013.05.17 14:20:45.844,1.05724,1.05743,1.69,1.65
2013.05.17 14:20:47.294,1.05724,1.05739,1.50,1.65
2013.05.17 14:20:47.414,1.05719,1.0574,2.44,4.65
2013.05.17 14:20:47.715,1.05718,1.05738,2.93,2.59
2013.05.17 14:20:47.774,1.05718,1.05737,1.50,1.69
2013.05.17 14:20:48.452,1.05718,1.05737,1.50,3.19
2013.05.17 14:20:48.803,1.05718,1.05735,1.50,2.25
2013.05.17 14:20:49.044,1.05716,1.05737,1.69,1.88
2013.05.17 14:20:49.464,1.05716,1.05731,1.69,1.13
2013.05.17 14:20:49.525,1.05714,1.05733,1.69,3.38
2013.05.17 14:20:49.593,1.05714,1.05732,1.69,2.40
2013.05.17 14:20:49.714,1.05713,1.05732,1.69,1.50
2013.05.17 14:20:49.773,1.05714,1.05734,1.69,1.84
2013.05.17 14:20:50.013,1.05716,1.05738,1.69,5.97
2013.05.17 14:20:50.474,1.05717,1.05738,1.65,3.19
2013.05.17 14:20:50.815,1.05724,1.05742,2.59,1.50
2013.05.17 14:20:50.943,1.05728,1.05743,1.50,1.50
2013.05.17 14:20:52.653,1.05727,1.05747,2.40,1.50
2013.05.17 14:20:52.714,1.05727,1.05746,3.15,1.50
2013.05.17 14:20:52.847,1.05729,1.05747,1.09,1.50
2013.05.17 14:20:53.353,1.05729,1.05748,1.09,1.50
2013.05.17 14:20:53.536,1.05728,1.05745,1.69,1.50
2013.05.17 14:20:54.054,1.05727,1.05743,1.69,2.25
2013.05.17 14:20:54.597,1.05726,1.05744,1.69,2.25
2013.05.17 14:20:54.664,1.05725,1.05743,1.69,1.50
2013.05.17 14:20:55.504,1.05725,1.05744,1.69,1.50
2013.05.17 14:20:58.321,1.05719,1.05736,1.69,1.88
2013.05.17 14:20:58.408,1.05719,1.05737,1.69,3.15
2013.05.17 14:20:58.537,1.05716,1.05738,4.69,1.65
2013.05.17 14:20:58.610,1.05719,1.05738,1.69,1.65
2013.05.17 14:20:58.914,1.05724,1.0574,2.25,1.50
2013.05.17 14:20:59.035,1.05723,1.05741,1.09,1.50
2013.05.17 14:20:59.226,1.05722,1.0574,1.50,2.25
2013.05.17 14:20:59.474,1.0572,1.05737,1.65,2.18
2013.05.17 14:20:59.834,1.05715,1.05733,1.69,1.13
2013.05.17 14:20:59.964,1.05715,1.05734,1.50,3.34
2013.05.17 14:21:00.024,1.05713,1.05733,1.84,2.93
2013.05.17 14:21:00.624,1.05713,1.05733,1.69,1.88
2013.05.17 14:21:01.093,1.05714,1.05733,1.69,1.50
2013.05.17 14:21:01.154,1.05718,1.05734,1.65,1.50
2013.05.17 14:21:01.452,1.05718,1.05739,2.59,1.69
2013.05.17 14:21:01.514,1.05718,1.0574,1.84,3.19
2013.05.17 14:21:02.012,1.05721,1.05742,1.50,4.09
2013.05.17 14:21:02.264,1.05721,1.05741,1.50,1.69
2013.05.17 14:21:02.443,1.05718,1.0574,3.83,1.69
2013.05.17 14:21:02.504,1.05718,1.05737,2.25,1.09
2013.05.17 14:21:02.805,1.05715,1.05736,2.59,1.69
2013.05.17 14:21:03.334,1.05716,1.05734,1.69,1.13
2013.05.17 14:21:04.704,1.05713,1.05732,2.44,2.25
2013.05.17 14:21:05.365,1.05717,1.05734,2.18,1.65
2013.05.17 14:21:05.918,1.05716,1.05733,2.25,2.25
2013.05.17 14:21:06.911,1.05715,1.05731,1.69,1.50
2013.05.17 14:21:06.986,1.05714,1.05735,2.44,2.25
2013.05.17 14:21:08.647,1.05716,1.05735,1.50,1.50
2013.05.17 14:21:08.894,1.05717,1.05738,1.09,1.69
2013.05.17 14:21:09.434,1.05718,1.05738,1.84,2.25
2013.05.17 14:21:09.953,1.05718,1.05738,2.59,1.50
2013.05.17 14:21:10.133,1.0572,1.05741,1.84,2.25
2013.05.17 14:21:10.647,1.0572,1.05742,2.44,2.59
2013.05.17 14:21:10.713,1.0572,1.05741,1.69,2.40
2013.05.17 14:21:10.895,1.05721,1.05741,1.50,1.50
2013.05.17 14:21:11.016,1.0572,1.0574,1.84,1.50
2013.05.17 14:21:11.535,1.05722,1.05742,1.50,1.50
2013.05.17 14:21:11.894,1.05724,1.05743,1.50,1.84
2013.05.17 14:21:12.253,1.05727,1.05746,3.34,2.93
2013.05.17 14:21:12.492,1.05729,1.05751,2.44,3.57
2013.05.17 14:21:12.616,1.05731,1.05751,1.69,2.82
2013.05.17 14:21:13.765,1.05732,1.05752,1.50,2.40
2013.05.17 14:21:14.684,1.0573,1.0575,2.59,2.40
2013.05.17 14:21:18.186,1.0573,1.05749,1.69,1.65
2013.05.17 14:21:18.432,1.0573,1.0575,1.69,3.34
2013.05.17 14:21:18.733,1.05731,1.0575,2.44,1.50
2013.05.17 14:21:18.914,1.05733,1.05753,1.65,1.50
2013.05.17 14:21:18.974,1.05735,1.05753,1.65,1.50
2013.05.17 14:21:19.334,1.05737,1.05758,1.84,2.63
2013.05.17 14:21:20.457,1.05737,1.05757,1.09,1.65
2013.05.17 14:21:20.965,1.05736,1.05755,2.44,1.65
2013.05.17 14:21:21.324,1.05736,1.05752,1.69,1.13
2013.05.17 14:21:21.564,1.05736,1.05755,1.50,4.13
2013.05.17 14:21:21.624,1.05736,1.05753,1.50,1.88
2013.05.17 14:21:21.684,1.05736,1.05753,1.50,3.38
2013.05.17 14:21:21.804,1.05734,1.0575,1.50,1.13
2013.05.17 14:21:22.106,1.05735,1.05753,1.69,2.40
2013.05.17 14:21:22.436,1.05736,1.05755,1.50,1.09
2013.05.17 14:21:22.864,1.05734,1.0575,1.69,1.13
2013.05.17 14:21:23.234,1.05734,1.05753,1.69,4.88
2013.05.17 14:21:25.676,1.05734,1.0575,1.50,3.00
2013.05.17 14:21:26.124,1.05734,1.0575,1.50,1.50
2013.05.17 14:21:28.993,1.05731,1.05751,2.40,1.09
2013.05.17 14:21:31.594,1.05734,1.05752,1.65,1.69
2013.05.17 14:21:33.677,1.05734,1.05753,1.65,2.25
2013.05.17 14:21:34.604,1.05734,1.05753,3.19,1.88
2013.05.17 14:21:38.753,1.05734,1.05753,1.69,2.63
2013.05.17 14:21:39.283,1.05733,1.05752,1.50,3.15
2013.05.17 14:21:40.017,1.05733,1.05753,2.25,4.65
2013.05.17 14:21:40.204,1.05732,1.05752,1.84,1.88
2013.05.17 14:21:40.397,1.0573,1.05751,2.44,1.13
2013.05.17 14:21:40.544,1.05729,1.05744,1.09,1.50
2013.05.17 14:21:40.753,1.05726,1.05744,1.69,1.88
2013.05.17 14:21:40.874,1.05722,1.05743,5.44,4.13
2013.05.17 14:21:40.937,1.05722,1.0574,3.94,1.13
2013.05.17 14:21:41.495,1.05719,1.05739,2.44,1.65
2013.05.17 14:21:41.554,1.05722,1.0574,3.68,1.88
2013.05.17 14:21:41.615,1.05723,1.05741,1.09,2.40
2013.05.17 14:21:42.016,1.05726,1.05743,2.44,1.13
2013.05.17 14:21:42.084,1.05729,1.05748,2.40,3.83
2013.05.17 14:21:42.204,1.05729,1.05748,3.15,1.65
2013.05.17 14:21:42.924,1.05729,1.05749,2.40,2.25
2013.05.17 14:21:43.227,1.05736,1.05749,1.50,1.50
2013.05.17 14:21:43.295,1.05736,1.05753,2.25,1.13
2013.05.17 14:21:43.582,1.05737,1.05757,1.65,2.63
2013.05.17 14:21:43.824,1.05737,1.05753,1.50,1.13
2013.05.17 14:21:44.185,1.05732,1.05748,2.25,1.09
2013.05.17 14:21:44.497,1.05732,1.05746,2.25,1.50
2013.05.17 14:21:44.814,1.05732,1.05749,2.25,3.15
2013.05.17 14:21:44.937,1.05732,1.05749,2.25,1.88
2013.05.17 14:21:45.385,1.05729,1.05748,1.65,1.50
2013.05.17 14:21:45.684,1.05731,1.05752,1.50,2.07
2013.05.17 14:21:45.924,1.05731,1.05751,2.59,1.65
2013.05.17 14:21:46.484,1.05731,1.05751,1.84,1.65
2013.05.17 14:21:47.203,1.05731,1.05751,1.09,3.15
2013.05.17 14:21:48.252,1.0573,1.05751,2.59,3.15
2013.05.17 14:21:48.904,1.05731,1.05751,1.09,3.00
2013.05.17 14:21:48.964,1.05731,1.05752,2.59,1.50
2013.05.17 14:21:49.147,1.05738,1.05753,1.71,1.65
2013.05.17 14:21:49.454,1.05747,1.05768,2.59,2.40
2013.05.17 14:21:49.514,1.05748,1.05768,1.32,3.00
2013.05.17 14:21:49.574,1.0575,1.05768,1.65,1.50
2013.05.17 14:21:49.694,1.05748,1.05768,3.08,1.69
2013.05.17 14:21:50.540,1.05751,1.05769,1.50,1.09
2013.05.17 14:21:50.665,1.05751,1.0577,1.50,1.84
2013.05.17 14:21:51.024,1.05751,1.0577,2.59,1.50
2013.05.17 14:21:51.205,1.05751,1.0577,2.63,1.88
2013.05.17 14:21:51.514,1.05747,1.05767,1.50,2.59
2013.05.17 14:21:51.636,1.05745,1.05762,3.08,1.50
2013.05.17 14:21:51.955,1.05739,1.05759,2.59,1.84
2013.05.17 14:21:52.413,1.0574,1.05759,2.07,1.50
2013.05.17 14:21:52.551,1.05743,1.05763,1.65,1.09
2013.05.17 14:21:52.893,1.05743,1.05761,1.50,1.09
2013.05.17 14:21:53.144,1.05743,1.0576,1.50,1.13
2013.05.17 14:21:53.503,1.05743,1.05763,2.40,1.50
2013.05.17 14:21:53.564,1.05746,1.05763,2.25,2.93
2013.05.17 14:21:53.683,1.05748,1.05768,1.69,2.10
2013.05.17 14:21:54.224,1.05747,1.05766,1.84,1.50
2013.05.17 14:21:54.404,1.05747,1.05763,1.69,1.13
2013.05.17 14:21:54.464,1.05745,1.0576,1.50,1.13
2013.05.17 14:21:54.524,1.05741,1.0576,1.50,1.13
2013.05.17 14:21:54.763,1.05739,1.05759,1.69,1.84
2013.05.17 14:21:54.943,1.05738,1.05757,1.65,3.19
2013.05.17 14:21:55.183,1.05731,1.05752,2.40,2.59
2013.05.17 14:21:55.305,1.05731,1.05748,1.50,1.50
2013.05.17 14:21:56.029,1.05728,1.05747,1.13,1.50
2013.05.17 14:21:56.345,1.05726,1.05747,1.84,1.84
2013.05.17 14:21:56.475,1.05725,1.05746,2.07,2.40
2013.05.17 14:21:56.786,1.05726,1.05745,1.09,1.13
2013.05.17 14:21:57.095,1.05731,1.05749,1.13,2.25
2013.05.17 14:21:57.394,1.05733,1.05749,1.32,2.25
2013.05.17 14:21:57.455,1.0573,1.05749,1.84,2.25
2013.05.17 14:21:57.518,1.05729,1.05748,2.07,1.50
2013.05.17 14:21:58.794,1.05724,1.05744,3.87,1.50
2013.05.17 14:21:58.855,1.05726,1.05744,1.13,2.25
2013.05.17 14:21:59.284,1.05729,1.05744,1.13,1.50
2013.05.17 14:21:59.644,1.0573,1.05747,1.84,1.50
2013.05.17 14:22:00.633,1.05729,1.05747,1.09,2.40
2013.05.17 14:22:00.875,1.05741,1.0575,1.13,2.18
2013.05.17 14:22:01.005,1.05736,1.05749,1.32,1.50
2013.05.17 14:22:01.075,1.05736,1.05753,1.32,1.50
2013.05.17 14:22:01.145,1.05739,1.05753,1.13,1.50
2013.05.17 14:22:01.214,1.05739,1.05757,1.88,1.50
2013.05.17 14:22:01.283,1.05736,1.05755,1.50,1.05
2013.05.17 14:22:01.343,1.05735,1.05754,1.65,1.65
2013.05.17 14:22:01.465,1.05742,1.05754,1.13,1.50
2013.05.17 14:22:01.536,1.05743,1.05757,1.13,2.93
2013.05.17 14:22:01.604,1.05743,1.05764,1.09,1.09
2013.05.17 14:22:01.783,1.05743,1.05763,2.07,1.50
2013.05.17 14:22:01.844,1.05744,1.05764,1.09,1.69
2013.05.17 14:22:02.155,1.05746,1.05766,1.88,1.69
2013.05.17 14:22:02.343,1.05746,1.05765,2.40,1.50
2013.05.17 14:22:02.864,1.05746,1.05767,1.65,3.19
2013.05.17 14:22:04.935,1.05748,1.05765,1.65,2.25
2013.05.17 14:22:05.309,1.05746,1.05762,1.50,1.84
2013.05.17 14:22:05.865,1.05744,1.05761,2.40,1.69
2013.05.17 14:22:06.522,1.05746,1.05763,1.50,1.84
2013.05.17 14:22:06.826,1.05747,1.05763,1.05,1.50
2013.05.17 14:22:06.894,1.05748,1.05765,1.13,1.50
2013.05.17 14:22:06.955,1.0575,1.05766,2.07,1.50
2013.05.17 14:22:07.197,1.0575,1.0577,2.07,1.50
2013.05.17 14:22:07.265,1.05751,1.05773,1.65,2.59
2013.05.17 14:22:07.385,1.05751,1.05771,1.65,2.40
2013.05.17 14:22:07.901,1.05752,1.0577,1.65,1.09
2013.05.17 14:22:08.144,1.05753,1.05773,1.65,1.09
2013.05.17 14:22:09.443,1.05754,1.05772,1.65,3.15
2013.05.17 14:22:09.504,1.05751,1.05771,2.59,1.09
2013.05.17 14:22:09.564,1.05751,1.05771,1.84,1.09
2013.05.17 14:22:10.240,1.05751,1.05769,1.84,2.25
2013.05.17 14:22:10.768,1.05751,1.05771,3.34,1.09
2013.05.17 14:22:11.094,1.05751,1.05771,3.34,1.09
2013.05.17 14:22:11.703,1.05756,1.05775,1.84,2.40
2013.05.17 14:22:11.839,1.05756,1.05776,4.09,1.88
2013.05.17 14:22:12.023,1.05758,1.05778,1.65,1.84
2013.05.17 14:22:12.274,1.05761,1.05779,1.13,1.69
2013.05.17 14:22:12.574,1.05765,1.05783,1.65,1.50
2013.05.17 14:22:13.222,1.05767,1.05786,1.50,1.09
2013.05.17 14:22:13.644,1.05765,1.05783,1.69,1.65
2013.05.17 14:22:13.707,1.05762,1.05783,1.84,2.40
2013.05.17 14:22:13.775,1.05761,1.05782,3.38,2.63
2013.05.17 14:22:13.845,1.05761,1.05781,2.44,1.84
2013.05.17 14:22:14.387,1.0576,1.05779,1.84,1.50
2013.05.17 14:22:14.455,1.05761,1.05779,1.50,1.69
2013.05.17 14:22:14.778,1.05759,1.05771,1.65,2.59
2013.05.17 14:22:15.153,1.05756,1.05767,1.50,1.13
2013.05.17 14:22:15.815,1.05755,1.05767,1.50,1.88
2013.05.17 14:22:16.236,1.05755,1.05764,2.25,1.84
2013.05.17 14:22:16.423,1.05744,1.05765,1.13,1.84
2013.05.17 14:22:16.484,1.05742,1.05764,2.78,1.09
2013.05.17 14:22:16.833,1.05742,1.0576,1.09,1.65
2013.05.17 14:22:17.205,1.05742,1.05761,1.13,1.50
2013.05.17 14:22:17.725,1.05741,1.05759,2.25,1.13
2013.05.17 14:22:17.800,1.05741,1.0576,1.50,1.99
2013.05.17 14:22:18.046,1.0574,1.05759,1.09,1.65
2013.05.17 14:22:18.116,1.0574,1.05758,1.84,2.40
2013.05.17 14:22:18.425,1.05736,1.05756,2.03,1.69
2013.05.17 14:22:18.737,1.05738,1.05758,1.13,2.44
2013.05.17 14:22:19.044,1.05736,1.05754,3.75,1.69
2013.05.17 14:22:19.103,1.05736,1.05754,2.25,2.07
2013.05.17 14:22:19.636,1.05736,1.05754,2.25,3.19
2013.05.17 14:22:20.343,1.05736,1.05753,2.25,2.82
2013.05.17 14:22:20.866,1.05736,1.05753,1.50,2.82
2013.05.17 14:22:21.225,1.05737,1.05754,1.50,1.84
2013.05.17 14:22:21.293,1.05737,1.05754,1.50,1.65
2013.05.17 14:22:21.535,1.05737,1.05753,1.50,1.13
2013.05.17 14:22:21.664,1.05737,1.05754,1.50,1.65
2013.05.17 14:22:21.843,1.05736,1.05754,2.25,1.65
2013.05.17 14:22:21.903,1.05736,1.05754,2.25,1.65
2013.05.17 14:22:22.206,1.05736,1.05752,1.50,1.13
2013.05.17 14:22:22.517,1.05735,1.05749,2.25,1.13
2013.05.17 14:22:22.583,1.05735,1.05751,2.25,1.13
2013.05.17 14:22:22.764,1.05732,1.05752,3.00,1.13
2013.05.17 14:22:22.885,1.05734,1.05753,1.50,1.99
2013.05.17 14:22:22.954,1.05734,1.05753,2.63,1.69
2013.05.17 14:22:23.523,1.05737,1.05756,1.50,1.09
2013.05.17 14:22:23.703,1.05739,1.05757,1.50,1.32
2013.05.17 14:22:24.015,1.05739,1.05757,1.50,1.13
2013.05.17 14:22:24.525,1.05737,1.05757,2.44,1.13
2013.05.17 14:22:24.585,1.05738,1.05757,1.69,1.13
2013.05.17 14:22:24.905,1.05738,1.05757,1.69,1.88
2013.05.17 14:22:24.964,1.05738,1.05757,1.69,1.13
2013.05.17 14:22:27.656,1.05738,1.05753,1.50,1.88
2013.05.17 14:22:27.723,1.05737,1.05753,2.25,1.65
2013.05.17 14:22:27.843,1.05737,1.05753,2.25,1.13
2013.05.17 14:22:28.085,1.05737,1.05752,1.50,1.32
2013.05.17 14:22:28.725,1.05721,1.05742,1.69,2.40
2013.05.17 14:22:29.329,1.05722,1.05743,1.69,2.82
2013.05.17 14:22:29.397,1.05724,1.05744,3.15,1.84
2013.05.17 14:22:29.525,1.05727,1.05747,2.40,1.84
2013.05.17 14:22:29.594,1.05728,1.05746,1.65,2.25
2013.05.17 14:22:29.933,1.0573,1.05746,1.50,2.25
2013.05.17 14:22:30.173,1.05727,1.05743,1.50,1.50
2013.05.17 14:22:31.163,1.05726,1.05743,1.09,1.50
2013.05.17 14:22:31.666,1.05726,1.05744,1.09,1.65
2013.05.17 14:22:31.745,1.05726,1.05744,1.84,1.65
2013.05.17 14:22:32.103,1.05726,1.0574,1.09,1.50
2013.05.17 14:22:32.283,1.05722,1.0574,1.84,1.50
2013.05.17 14:22:32.914,1.05722,1.05743,2.82,1.50
2013.05.17 14:22:33.334,1.05726,1.05743,1.50,1.50
2013.05.17 14:22:33.814,1.05724,1.05743,1.84,3.00
2013.05.17 14:22:33.994,1.05722,1.05739,2.44,1.13
2013.05.17 14:22:34.053,1.05722,1.05739,1.69,1.13
2013.05.17 14:22:34.174,1.05719,1.0574,1.09,2.40
2013.05.17 14:22:35.887,1.05719,1.05738,1.09,1.50
2013.05.17 14:22:36.075,1.05721,1.05741,1.50,1.09
2013.05.17 14:22:36.424,1.05722,1.05741,1.50,1.09
2013.05.17 14:22:37.347,1.05723,1.05742,1.09,1.65
2013.05.17 14:22:37.534,1.05722,1.05741,2.25,2.63
2013.05.17 14:22:37.775,1.05721,1.05739,1.09,1.65
2013.05.17 14:22:38.255,1.0572,1.05738,1.50,1.47
2013.05.17 14:22:38.794,1.05716,1.05735,2.44,1.88
2013.05.17 14:22:39.075,1.05715,1.05735,1.69,1.13
2013.05.17 14:22:39.634,1.05715,1.05734,2.25,1.32
2013.05.17 14:22:40.084,1.05715,1.05729,1.50,2.40
2013.05.17 14:22:40.154,1.05708,1.05727,1.05,1.50
2013.05.17 14:22:40.334,1.05711,1.05728,1.50,1.32
2013.05.17 14:22:40.576,1.05714,1.05731,1.50,2.07
2013.05.17 14:22:40.644,1.05714,1.05731,1.50,1.88
2013.05.17 14:22:40.945,1.05717,1.05731,1.50,2.63
2013.05.17 14:22:41.523,1.05717,1.05731,1.50,1.13
2013.05.17 14:22:41.645,1.05717,1.05735,2.40,2.44
2013.05.17 14:22:42.007,1.05717,1.05734,2.40,2.59
2013.05.17 14:22:42.374,1.05714,1.05732,1.50,1.32
2013.05.17 14:22:43.984,1.05716,1.05733,1.50,2.59
2013.05.17 14:22:44.045,1.05716,1.05734,1.50,1.69
2013.05.17 14:22:44.593,1.05716,1.05736,1.50,2.59
2013.05.17 14:22:46.654,1.05713,1.05734,1.69,1.13
2013.05.17 14:22:46.733,1.05714,1.05733,1.50,1.65
2013.05.17 14:22:47.035,1.05718,1.05736,1.13,3.19
2013.05.17 14:22:47.354,1.05722,1.05736,1.69,2.25
2013.05.17 14:22:47.754,1.05722,1.05741,1.69,1.13
2013.05.17 14:22:47.994,1.05722,1.05739,1.50,2.40
2013.05.17 14:22:48.307,1.05719,1.05735,2.44,2.25
2013.05.17 14:22:48.896,1.05719,1.05738,2.25,2.59
2013.05.17 14:22:49.317,1.0572,1.05741,1.88,3.19
2013.05.17 14:22:49.384,1.05721,1.05741,1.84,3.00
2013.05.17 14:22:49.564,1.05724,1.05742,1.13,1.50
2013.05.17 14:22:49.863,1.05724,1.05744,1.88,2.25
2013.05.17 14:22:50.525,1.05724,1.05744,2.63,2.25
2013.05.17 14:22:52.394,1.05727,1.05738,1.50,2.40
2013.05.17 14:22:52.636,1.05724,1.05738,1.50,3.15
2013.05.17 14:22:53.174,1.05724,1.05738,1.50,1.09
2013.05.17 14:22:53.355,1.0572,1.05738,1.50,1.09
2013.05.17 14:22:53.713,1.05719,1.05738,1.50,1.09
2013.05.17 14:22:54.476,1.05718,1.05738,1.65,1.09
2013.05.17 14:22:54.797,1.05718,1.05736,2.40,1.50
2013.05.17 14:22:55.283,1.0572,1.05737,1.65,1.50
2013.05.17 14:22:57.203,1.05722,1.05737,1.50,1.50
2013.05.17 14:22:57.994,1.05717,1.05732,1.09,1.50
2013.05.17 14:22:59.014,1.05718,1.05734,1.32,1.50
2013.05.17 14:22:59.781,1.05723,1.05743,1.65,1.09
2013.05.17 14:23:02.004,1.05724,1.05745,1.13,3.94
2013.05.17 14:23:03.325,1.05729,1.05749,1.13,3.75
2013.05.17 14:23:03.395,1.0573,1.05749,1.65,3.00
2013.05.17 14:23:04.746,1.05737,1.05754,1.13,3.94
2013.05.17 14:23:06.224,1.05735,1.05755,2.07,3.00
2013.05.17 14:23:06.465,1.05734,1.05752,1.84,1.50
2013.05.17 14:23:06.524,1.05732,1.05749,2.59,1.50
2013.05.17 14:23:06.584,1.05732,1.05749,1.65,1.50
2013.05.17 14:23:06.645,1.05731,1.05749,2.40,1.50
2013.05.17 14:23:06.764,1.05729,1.05747,1.09,1.50
2013.05.17 14:23:07.064,1.05729,1.05747,1.09,1.50
2013.05.17 14:23:07.664,1.05727,1.05745,1.84,1.65
2013.05.17 14:23:08.203,1.05727,1.05747,1.84,2.59
2013.05.17 14:23:08.564,1.05728,1.05747,1.50,2.59
2013.05.17 14:23:08.624,1.05728,1.05747,1.50,2.59
2013.05.17 14:23:08.684,1.05728,1.05747,1.69,1.65
2013.05.17 14:23:08.985,1.05735,1.05747,1.50,1.50
2013.05.17 14:23:09.593,1.0573,1.05748,1.50,1.50
2013.05.17 14:23:09.773,1.05727,1.05744,1.09,1.50
2013.05.17 14:23:09.953,1.05727,1.05744,1.09,1.50
2013.05.17 14:23:10.207,1.05731,1.0575,1.65,3.04
2013.05.17 14:23:10.335,1.05736,1.05749,2.93,1.35
2013.05.17 14:23:10.453,1.05736,1.05753,2.93,1.65
2013.05.17 14:23:10.574,1.05737,1.05752,1.50,1.50
2013.05.17 14:23:10.757,1.05735,1.05748,1.50,1.50
2013.05.17 14:23:10.884,1.05729,1.05745,1.69,1.65
2013.05.17 14:23:10.945,1.05729,1.05745,1.50,1.65
2013.05.17 14:23:11.797,1.0573,1.05744,1.50,1.50
2013.05.17 14:23:12.338,1.0573,1.05748,1.50,3.15
2013.05.17 14:23:12.824,1.05731,1.05748,1.69,2.40
2013.05.17 14:23:15.445,1.05741,1.0576,1.65,1.09
2013.05.17 14:23:16.445,1.0574,1.05759,2.44,1.65
2013.05.17 14:23:16.573,1.0574,1.05758,1.50,2.40
2013.05.17 14:23:16.634,1.05739,1.05757,1.50,1.88
2013.05.17 14:23:16.754,1.05736,1.05754,2.44,1.88
2013.05.17 14:23:16.874,1.05736,1.05754,1.50,2.82
2013.05.17 14:23:17.114,1.05735,1.05753,1.50,3.34
2013.05.17 14:23:17.475,1.05733,1.05748,2.25,1.05
2013.05.17 14:23:17.795,1.05736,1.05752,1.65,1.50
2013.05.17 14:23:17.924,1.05736,1.05754,2.40,1.50
2013.05.17 14:23:18.405,1.05737,1.05754,2.93,1.13
2013.05.17 14:23:18.540,1.05736,1.05754,2.25,1.88
2013.05.17 14:23:19.236,1.05736,1.05754,1.50,1.88
2013.05.17 14:23:19.304,1.05736,1.05754,1.50,1.88
2013.05.17 14:23:19.605,1.05736,1.05748,1.50,2.07
2013.05.17 14:23:19.664,1.05736,1.05748,1.50,1.69
2013.05.17 14:23:19.784,1.05736,1.05748,1.50,1.13
2013.05.17 14:23:20.385,1.05733,1.05745,2.25,1.09
2013.05.17 14:23:20.734,1.05733,1.0575,2.40,1.50
2013.05.17 14:23:21.329,1.05737,1.05755,1.50,1.09
2013.05.17 14:23:21.455,1.05736,1.05744,1.65,2.25
2013.05.17 14:23:21.633,1.05736,1.05755,1.65,1.84
2013.05.17 14:23:26.674,1.05732,1.05749,2.25,1.50
2013.05.17 14:23:26.734,1.0573,1.05749,1.65,1.50
2013.05.17 14:23:27.269,1.05732,1.05749,1.50,1.50
2013.05.17 14:23:27.591,1.05737,1.05753,1.13,1.50
2013.05.17 14:23:27.731,1.05737,1.05755,2.82,1.50
2013.05.17 14:23:27.810,1.05741,1.05758,2.18,2.25
2013.05.17 14:23:28.015,1.05741,1.05758,2.93,1.09
2013.05.17 14:23:28.387,1.05739,1.05758,1.65,1.69
2013.05.17 14:23:28.925,1.05739,1.05757,2.25,1.09
2013.05.17 14:23:29.106,1.05739,1.05756,2.25,1.47
2013.05.17 14:23:29.235,1.05736,1.05753,1.50,1.84
2013.05.17 14:23:29.484,1.05737,1.05754,1.65,1.69
2013.05.17 14:23:30.014,1.05734,1.05749,3.00,1.13
2013.05.17 14:23:30.076,1.05734,1.05749,2.25,2.59
2013.05.17 14:23:30.206,1.05734,1.05748,2.25,1.24
2013.05.17 14:23:30.274,1.05734,1.05749,2.25,1.09
2013.05.17 14:23:30.335,1.05726,1.05748,3.15,1.84
2013.05.17 14:23:31.604,1.05729,1.05746,1.65,1.50
2013.05.17 14:23:32.157,1.05729,1.05745,1.65,1.69
2013.05.17 14:23:32.465,1.05736,1.05751,1.88,1.50
2013.05.17 14:23:32.593,1.05736,1.05751,1.65,1.50
2013.05.17 14:23:33.018,1.05735,1.05756,1.88,1.09
2013.05.17 14:23:34.075,1.05735,1.05757,2.63,1.09
2013.05.17 14:23:34.147,1.0574,1.05758,1.13,1.50
2013.05.17 14:23:34.426,1.05743,1.05764,2.59,1.50
2013.05.17 14:23:34.555,1.05745,1.05766,2.44,3.34
2013.05.17 14:23:35.386,1.05744,1.05764,1.84,1.50
2013.05.17 14:23:35.514,1.05741,1.05761,2.25,1.09
2013.05.17 14:23:35.834,1.05739,1.0576,2.25,1.84
2013.05.17 14:23:36.824,1.05739,1.05754,1.50,1.13
2013.05.17 14:23:37.125,1.05735,1.05754,4.13,1.50
2013.05.17 14:23:37.186,1.05735,1.05752,4.13,1.50
2013.05.17 14:23:37.693,1.05736,1.05754,1.50,1.09
2013.05.17 14:23:38.427,1.05736,1.05752,1.50,1.09
2013.05.17 14:23:39.218,1.05734,1.05749,1.50,1.50
2013.05.17 14:23:39.405,1.0573,1.05747,1.50,1.13
2013.05.17 14:23:39.535,1.0573,1.0575,1.65,1.50
2013.05.17 14:23:41.145,1.05728,1.05746,4.02,2.25
2013.05.17 14:23:41.266,1.0573,1.05749,1.13,2.25
2013.05.17 14:23:41.336,1.0573,1.05746,1.13,1.50
2013.05.17 14:23:41.585,1.0573,1.0575,1.88,2.25
2013.05.17 14:23:42.364,1.0573,1.0575,1.50,3.15
2013.05.17 14:23:43.083,1.0573,1.05749,1.50,1.65
2013.05.17 14:23:43.714,1.05732,1.0575,1.13,2.25
2013.05.17 14:23:43.836,1.05732,1.05749,1.50,1.65
2013.05.17 14:23:43.965,1.05733,1.0575,1.50,1.50
2013.05.17 14:23:45.906,1.05738,1.05755,2.25,1.65
2013.05.17 14:23:45.980,1.05738,1.05756,2.44,1.84
2013.05.17 14:23:46.051,1.05741,1.05761,1.50,3.34
2013.05.17 14:23:46.234,1.05739,1.05758,3.27,1.50
2013.05.17 14:23:46.354,1.05739,1.05758,3.27,1.50
2013.05.17 14:23:46.654,1.05739,1.05758,3.12,2.97
2013.05.17 14:23:46.715,1.05738,1.05757,2.25,1.65
2013.05.17 14:23:46.777,1.05738,1.05754,1.50,1.13
2013.05.17 14:23:47.315,1.05735,1.05753,3.00,1.65
2013.05.17 14:23:47.634,1.05733,1.05748,1.50,1.65
2013.05.17 14:23:47.753,1.05729,1.05747,1.50,1.65
2013.05.17 14:23:47.881,1.05727,1.05745,1.65,1.50
2013.05.17 14:23:48.018,1.05726,1.05746,1.13,1.50
2013.05.17 14:23:48.534,1.05729,1.05747,2.40,1.65
2013.05.17 14:23:48.596,1.05732,1.0575,1.65,1.50
2013.05.17 14:23:49.143,1.05732,1.05751,3.00,1.65
2013.05.17 14:23:49.384,1.05732,1.05748,2.25,1.13
2013.05.17 14:23:49.445,1.05731,1.05746,1.50,2.63
2013.05.17 14:23:49.506,1.05728,1.05744,3.19,1.65
2013.05.17 14:23:49.697,1.05725,1.05745,2.40,1.50
2013.05.17 14:23:49.765,1.05725,1.05745,1.65,1.50
2013.05.17 14:23:49.825,1.05724,1.05744,1.69,1.65
2013.05.17 14:23:50.829,1.05724,1.05744,1.50,1.65
2013.05.17 14:23:51.164,1.05726,1.05744,2.25,1.50
2013.05.17 14:23:51.466,1.05726,1.05743,1.50,1.65
2013.05.17 14:23:52.054,1.05726,1.05744,3.15,1.50
2013.05.17 14:23:52.573,1.05728,1.05744,1.50,1.50
2013.05.17 14:23:52.694,1.05729,1.05747,2.40,3.00
2013.05.17 14:23:53.054,1.05734,1.05747,1.65,2.25
2013.05.17 14:23:53.414,1.05734,1.05753,3.15,1.50
2013.05.17 14:23:56.265,1.05734,1.05753,2.25,1.88
2013.05.17 14:23:57.165,1.05734,1.05753,1.50,1.88
2013.05.17 14:23:57.426,1.05733,1.05752,1.50,1.65
2013.05.17 14:23:57.495,1.05734,1.05752,3.34,1.50
2013.05.17 14:23:57.798,1.05744,1.05762,1.65,3.68
2013.05.17 14:23:57.986,1.05745,1.05763,1.09,1.50
2013.05.17 14:23:59.026,1.05748,1.05767,2.25,2.63
2013.05.17 14:23:59.170,1.05745,1.05765,1.69,1.65
2013.05.17 14:23:59.358,1.05745,1.05763,1.50,1.09
2013.05.17 14:23:59.724,1.05744,1.05764,1.65,1.69
2013.05.17 14:24:00.036,1.05744,1.05762,1.65,3.00
2013.05.17 14:24:00.105,1.05744,1.05762,1.50,2.82
2013.05.17 14:24:00.535,1.05745,1.05762,1.50,1.50
2013.05.17 14:24:00.784,1.05745,1.05764,3.75,1.65
2013.05.17 14:24:01.291,1.05748,1.05765,1.50,1.88
2013.05.17 14:24:01.946,1.05746,1.05765,1.50,1.13
2013.05.17 14:24:02.194,1.05744,1.05763,1.84,2.40
2013.05.17 14:24:02.257,1.05743,1.05763,1.09,2.40
2013.05.17 14:24:02.329,1.05743,1.0576,1.09,1.50
2013.05.17 14:24:02.637,1.05739,1.05755,2.40,1.50
2013.05.17 14:24:02.945,1.05739,1.0575,2.40,1.50
2013.05.17 14:24:03.424,1.05739,1.05753,2.25,2.25
2013.05.17 14:24:03.775,1.05739,1.05756,2.25,2.59
2013.05.17 14:24:03.895,1.05739,1.05753,2.25,1.50
2013.05.17 14:24:04.015,1.05734,1.05753,1.65,2.25
2013.05.17 14:24:04.136,1.05734,1.05753,2.40,2.25
2013.05.17 14:24:04.654,1.05736,1.05755,1.50,3.90
2013.05.17 14:24:04.776,1.05736,1.05754,1.65,1.50
2013.05.17 14:24:05.028,1.05737,1.05753,1.50,2.40
2013.05.17 14:24:05.277,1.05733,1.05753,1.09,2.40
2013.05.17 14:24:06.426,1.05738,1.05757,1.50,1.88
2013.05.17 14:24:06.746,1.05741,1.05757,2.40,1.13
2013.05.17 14:24:07.163,1.05741,1.05757,1.65,1.88
2013.05.17 14:24:07.707,1.05739,1.05757,1.09,1.50
2013.05.17 14:24:08.914,1.05741,1.05757,1.88,1.13
2013.05.17 14:24:09.335,1.0574,1.05757,1.09,1.13
2013.05.17 14:24:10.065,1.05741,1.05759,2.74,2.40
2013.05.17 14:24:10.255,1.05743,1.05759,1.13,1.50
2013.05.17 14:24:10.565,1.05741,1.05758,1.09,1.50
2013.05.17 14:24:10.924,1.05739,1.05757,2.07,1.50
2013.05.17 14:24:11.284,1.05739,1.05757,3.38,1.50
2013.05.17 14:24:11.345,1.05739,1.05757,3.38,1.50
2013.05.17 14:24:11.474,1.05739,1.05757,2.63,1.50
2013.05.17 14:24:11.716,1.05739,1.05757,1.69,1.65
2013.05.17 14:24:12.085,1.0574,1.05757,2.03,2.25
2013.05.17 14:24:12.386,1.05742,1.05759,1.13,2.25
2013.05.17 14:24:12.575,1.05744,1.05759,2.63,2.25
2013.05.17 14:24:12.994,1.05743,1.0576,1.84,2.40
2013.05.17 14:24:13.234,1.05742,1.0576,1.13,2.25
2013.05.17 14:24:14.863,1.05744,1.05763,1.13,1.50
2013.05.17 14:24:15.634,1.05747,1.05763,2.25,1.50
2013.05.17 14:24:15.944,1.05748,1.05766,1.88,1.69
2013.05.17 14:24:17.213,1.05748,1.05765,1.88,1.50
2013.05.17 14:24:17.528,1.05748,1.05765,1.88,1.50
2013.05.17 14:24:17.600,1.05749,1.05765,2.40,1.50
2013.05.17 14:24:17.784,1.05751,1.05768,1.88,1.50
2013.05.17 14:24:17.854,1.05751,1.05768,1.88,1.50
2013.05.17 14:24:18.784,1.0575,1.05765,1.65,1.50
2013.05.17 14:24:20.501,1.05759,1.05775,1.09,1.50
2013.05.17 14:24:21.892,1.0576,1.05779,1.88,1.50
2013.05.17 14:24:22.384,1.05765,1.05778,1.13,1.50
2013.05.17 14:24:22.444,1.05763,1.05777,1.84,1.50
2013.05.17 14:24:22.624,1.05763,1.05781,1.09,1.50
2013.05.17 14:24:22.805,1.05766,1.05781,2.40,1.50
2013.05.17 14:24:24.010,1.05768,1.05784,1.13,1.50
2013.05.17 14:24:24.078,1.05768,1.05783,1.13,1.50
2013.05.17 14:24:24.513,1.05768,1.05784,1.13,2.25
2013.05.17 14:24:24.754,1.05766,1.05784,1.32,2.25
2013.05.17 14:24:25.295,1.05767,1.05784,1.13,1.50
2013.05.17 14:24:25.365,1.05767,1.05785,1.13,1.50
2013.05.17 14:24:25.436,1.05765,1.05782,1.69,1.50
2013.05.17 14:24:25.625,1.05766,1.05783,2.25,1.50
2013.05.17 14:24:25.934,1.05773,1.05784,1.13,1.50
2013.05.17 14:24:26.054,1.05773,1.05792,2.63,2.44
2013.05.17 14:24:26.534,1.05772,1.05792,2.22,2.25
2013.05.17 14:24:26.979,1.05774,1.05792,2.40,2.25
2013.05.17 14:24:27.485,1.05775,1.05794,1.13,1.69
2013.05.17 14:24:28.045,1.05776,1.05794,1.32,1.50
2013.05.17 14:24:28.364,1.05776,1.05796,4.09,1.50
2013.05.17 14:24:28.845,1.05772,1.0579,3.34,1.65
2013.05.17 14:24:28.966,1.05776,1.05795,1.13,2.25
2013.05.17 14:24:29.108,1.0578,1.05796,1.69,1.50
2013.05.17 14:24:29.254,1.05777,1.05794,1.50,1.13
2013.05.17 14:24:29.320,1.05774,1.05794,3.19,1.13
2013.05.17 14:24:29.645,1.05778,1.05794,1.50,1.13
2013.05.17 14:24:29.706,1.05778,1.05797,2.40,1.09
2013.05.17 14:24:29.840,1.0578,1.05799,1.65,1.84
2013.05.17 14:24:29.905,1.05778,1.05798,1.88,2.25
2013.05.17 14:24:30.036,1.05778,1.05796,1.50,1.13
2013.05.17 14:24:30.164,1.05777,1.05796,1.65,1.65
2013.05.17 14:24:30.945,1.05778,1.05796,2.25,1.13
2013.05.17 14:24:31.015,1.05778,1.05797,2.40,1.50
2013.05.17 14:24:31.084,1.0578,1.058,1.09,2.40
2013.05.17 14:24:31.395,1.0578,1.058,4.02,1.50
2013.05.17 14:24:31.753,1.05787,1.05803,1.65,1.50
2013.05.17 14:24:31.885,1.05787,1.05806,1.65,1.50
2013.05.17 14:24:32.074,1.05786,1.05804,1.65,1.50
2013.05.17 14:24:32.501,1.05786,1.05804,1.50,1.88
2013.05.17 14:24:32.636,1.05784,1.05803,2.25,1.65
2013.05.17 14:24:32.764,1.05784,1.05802,2.25,1.65
2013.05.17 14:24:33.066,1.05791,1.05806,1.50,1.88
2013.05.17 14:24:33.374,1.05782,1.05801,2.25,1.13
2013.05.17 14:24:33.445,1.05787,1.05803,1.65,1.50
2013.05.17 14:24:33.565,1.05786,1.05803,2.93,1.13
2013.05.17 14:24:33.697,1.05788,1.05807,1.50,1.65
2013.05.17 14:24:33.892,1.05789,1.05809,2.25,1.88
2013.05.17 14:24:33.959,1.05789,1.05809,1.65,1.65
2013.05.17 14:24:34.206,1.0579,1.05809,1.88,1.50
2013.05.17 14:24:34.531,1.05794,1.05814,1.32,1.50
2013.05.17 14:24:34.601,1.05798,1.05819,1.65,1.88
2013.05.17 14:24:34.904,1.05797,1.05818,1.09,1.13
2013.05.17 14:24:35.486,1.05801,1.0582,1.65,3.08
2013.05.17 14:24:35.794,1.05802,1.05824,5.40,3.57
2013.05.17 14:24:36.105,1.05802,1.05822,3.00,1.13
2013.05.17 14:24:36.356,1.05802,1.0582,2.40,1.50
2013.05.17 14:24:37.729,1.05801,1.05816,1.50,1.65
2013.05.17 14:24:38.004,1.05799,1.05816,1.50,1.80
2013.05.17 14:24:38.188,1.058,1.05815,1.50,1.50
2013.05.17 14:24:38.915,1.05801,1.05819,3.30,2.25
2013.05.17 14:24:38.985,1.05805,1.05822,1.84,1.50
2013.05.17 14:24:39.183,1.05803,1.05824,1.84,1.65
2013.05.17 14:24:39.248,1.05803,1.05822,1.09,1.50
2013.05.17 14:24:39.504,1.05802,1.05822,1.50,1.65
2013.05.17 14:24:39.565,1.05802,1.05822,1.65,1.65
2013.05.17 14:24:40.234,1.05801,1.05819,1.88,1.50
2013.05.17 14:24:40.296,1.05801,1.05819,1.50,1.50
2013.05.17 14:24:40.692,1.05801,1.05819,1.65,1.50
2013.05.17 14:24:40.817,1.058,1.0582,1.09,1.50
2013.05.17 14:24:41.124,1.05802,1.05819,1.50,1.88
2013.05.17 14:24:41.186,1.05798,1.05818,1.69,2.40
2013.05.17 14:24:41.315,1.05799,1.05819,1.13,3.00
2013.05.17 14:24:41.449,1.05803,1.05819,1.13,1.50
2013.05.17 14:24:41.890,1.05806,1.05824,1.50,1.50
2013.05.17 14:24:42.256,1.05805,1.05823,1.50,1.13
2013.05.17 14:24:42.384,1.05803,1.05821,1.50,2.55
2013.05.17 14:24:42.505,1.05803,1.05819,1.50,1.65
2013.05.17 14:24:42.575,1.058,1.05819,1.65,3.75
2013.05.17 14:24:42.705,1.05801,1.05819,1.13,3.75
2013.05.17 14:24:42.775,1.05802,1.05819,1.65,1.50
2013.05.17 14:24:43.607,1.05813,1.05824,1.65,1.50
2013.05.17 14:24:43.703,1.05813,1.05828,1.65,1.50
2013.05.17 14:24:43.769,1.05813,1.05831,1.65,1.50
2013.05.17 14:24:43.898,1.05817,1.05835,1.88,1.50
2013.05.17 14:24:43.968,1.05819,1.05837,1.65,2.25
2013.05.17 14:24:44.517,1.05819,1.05836,1.65,1.50
2013.05.17 14:24:45.304,1.05816,1.05835,1.65,1.50
2013.05.17 14:24:45.724,1.05813,1.05833,3.15,3.68
2013.05.17 14:24:46.024,1.05808,1.05828,2.25,3.90
2013.05.17 14:24:46.374,1.05809,1.05828,1.65,2.40
2013.05.17 14:24:46.493,1.05808,1.05828,1.65,2.40
2013.05.17 14:24:47.035,1.05809,1.05828,1.13,2.25
2013.05.17 14:24:47.345,1.05811,1.05829,1.50,1.88
2013.05.17 14:24:47.905,1.05808,1.05827,1.69,1.65
2013.05.17 14:24:48.753,1.05806,1.05826,3.34,1.50
2013.05.17 14:24:49.304,1.05806,1.05826,1.65,1.65
2013.05.17 14:24:49.845,1.05806,1.05825,3.34,1.50
2013.05.17 14:24:50.755,1.0581,1.05831,2.59,1.80
2013.05.17 14:24:51.015,1.0581,1.0583,2.59,3.00
2013.05.17 14:24:51.145,1.05809,1.05827,1.69,1.65
2013.05.17 14:24:51.514,1.05807,1.05826,1.13,3.08
2013.05.17 14:24:51.875,1.05805,1.05821,2.25,1.13
2013.05.17 14:24:52.234,1.05805,1.05818,2.25,1.50
2013.05.17 14:24:52.354,1.05801,1.05818,1.50,2.25
2013.05.17 14:24:52.895,1.05799,1.05818,1.65,1.50
2013.05.17 14:24:53.364,1.05803,1.05818,1.50,1.50
2013.05.17 14:24:53.543,1.05804,1.05821,1.65,1.50
2013.05.17 14:24:53.985,1.05805,1.05819,3.90,1.50
2013.05.17 14:24:54.414,1.05805,1.05821,2.40,1.50
2013.05.17 14:24:54.484,1.05805,1.05823,2.40,2.25
2013.05.17 14:24:55.044,1.05805,1.05821,2.40,1.50
2013.05.17 14:24:55.358,1.05805,1.05819,3.90,1.50
2013.05.17 14:24:55.905,1.05805,1.05816,1.50,1.50
2013.05.17 14:24:56.084,1.05799,1.05815,1.17,1.50
2013.05.17 14:24:56.206,1.05799,1.05816,1.54,1.50
2013.05.17 14:24:56.654,1.05799,1.05816,1.69,1.50
2013.05.17 14:24:56.841,1.05799,1.05818,1.84,1.65
2013.05.17 14:24:57.024,1.058,1.05818,1.50,1.65
2013.05.17 14:24:57.384,1.05794,1.05813,1.84,1.50
2013.05.17 14:24:57.444,1.05793,1.05811,1.09,1.50
2013.05.17 14:24:58.229,1.05797,1.05815,2.59,2.25
2013.05.17 14:24:58.535,1.05791,1.05806,1.50,1.13
2013.05.17 14:24:58.655,1.05785,1.05804,2.29,1.65
2013.05.17 14:24:58.717,1.05787,1.05808,1.13,4.58
2013.05.17 14:24:58.787,1.05787,1.05808,1.88,3.15
2013.05.17 14:24:58.856,1.05792,1.05811,2.07,2.18
2013.05.17 14:24:59.176,1.05801,1.05813,1.92,2.93
2013.05.17 14:24:59.487,1.05809,1.05821,1.32,2.25
2013.05.17 14:24:59.557,1.05812,1.0582,1.32,1.50
2013.05.17 14:25:00.088,1.0581,1.05824,2.44,2.25
2013.05.17 14:25:00.215,1.05811,1.05824,2.25,3.00
2013.05.17 14:25:00.286,1.0581,1.05824,1.09,3.00
2013.05.17 14:25:00.475,1.05809,1.0582,1.09,1.50
2013.05.17 14:25:00.604,1.05808,1.0582,1.09,1.50
2013.05.17 14:25:00.725,1.05808,1.05824,2.59,2.25
2013.05.17 14:25:01.105,1.05816,1.05828,1.69,1.13
2013.05.17 14:25:01.235,1.05816,1.05829,2.44,1.50
2013.05.17 14:25:01.598,1.05812,1.05829,2.59,1.50
2013.05.17 14:25:01.865,1.05812,1.05829,1.84,1.50
2013.05.17 14:25:02.345,1.05809,1.05828,1.65,1.50
2013.05.17 14:25:02.404,1.05808,1.05825,1.65,1.50
2013.05.17 14:25:02.583,1.05807,1.05823,1.50,1.13
2013.05.17 14:25:02.766,1.05805,1.05822,2.18,1.65
2013.05.17 14:25:02.836,1.05802,1.05822,1.84,2.40
2013.05.17 14:25:03.084,1.05797,1.05809,3.12,1.13
2013.05.17 14:25:03.206,1.05794,1.05809,3.87,1.13
2013.05.17 14:25:03.334,1.05792,1.0581,1.13,1.50
2013.05.17 14:25:03.513,1.0579,1.0581,1.32,2.40
2013.05.17 14:25:03.633,1.0579,1.0581,1.32,2.40
2013.05.17 14:25:04.784,1.05791,1.0581,1.09,2.40
2013.05.17 14:25:05.035,1.05792,1.0581,1.32,1.50
2013.05.17 14:25:05.741,1.05796,1.05811,1.65,1.50
2013.05.17 14:25:05.888,1.058,1.05814,1.13,1.50
2013.05.17 14:25:06.275,1.05803,1.0582,4.13,3.00
2013.05.17 14:25:06.594,1.05814,1.05824,1.69,1.50
2013.05.17 14:25:06.667,1.05812,1.05824,2.44,1.50
2013.05.17 14:25:06.740,1.05812,1.05827,2.44,2.18
2013.05.17 14:25:06.984,1.05812,1.05831,3.19,1.65
2013.05.17 14:25:07.168,1.05812,1.05829,2.82,1.50
2013.05.17 14:25:07.473,1.05812,1.05826,2.07,1.50
2013.05.17 14:25:07.776,1.05808,1.05823,2.70,2.25
2013.05.17 14:25:08.145,1.05803,1.05822,1.88,2.25
2013.05.17 14:25:08.516,1.05805,1.05825,1.84,1.50
2013.05.17 14:25:08.577,1.05805,1.05825,2.22,1.50
2013.05.17 14:25:09.058,1.05807,1.05827,1.65,1.65
2013.05.17 14:25:09.185,1.05805,1.05822,3.38,3.00
2013.05.17 14:25:09.724,1.05805,1.05824,2.59,1.50
2013.05.17 14:25:10.294,1.05805,1.05822,1.88,1.50
2013.05.17 14:25:10.354,1.05806,1.05824,2.40,2.25
2013.05.17 14:25:10.894,1.05809,1.05827,3.19,3.68
2013.05.17 14:25:10.954,1.0581,1.05829,1.13,2.25
2013.05.17 14:25:11.016,1.05815,1.0583,1.50,1.50
2013.05.17 14:25:11.087,1.05815,1.05832,1.65,2.25
2013.05.17 14:25:11.154,1.05818,1.05834,1.65,1.50
2013.05.17 14:25:11.216,1.05818,1.05838,1.09,2.25
2013.05.17 14:25:11.284,1.05819,1.05839,1.84,1.50
2013.05.17 14:25:11.765,1.05821,1.05838,1.84,2.25
2013.05.17 14:25:12.074,1.05814,1.05834,3.19,3.15
2013.05.17 14:25:12.145,1.05814,1.05834,3.19,3.15
2013.05.17 14:25:12.454,1.05814,1.05834,3.19,1.65
2013.05.17 14:25:12.770,1.05814,1.05834,2.44,1.65
2013.05.17 14:25:12.845,1.05814,1.05832,2.25,1.50
2013.05.17 14:25:13.153,1.05814,1.05824,1.50,2.25
2013.05.17 14:25:13.812,1.05814,1.05822,1.50,1.50
2013.05.17 14:25:14.134,1.05807,1.05816,1.50,3.68
2013.05.17 14:25:14.313,1.05806,1.05818,3.00,3.68
2013.05.17 14:25:14.441,1.05807,1.05815,1.50,2.44
2013.05.17 14:25:14.506,1.05802,1.05813,1.50,1.32
2013.05.17 14:25:14.903,1.0579,1.05812,2.40,2.59
2013.05.17 14:25:15.474,1.058,1.05812,1.50,2.59
2013.05.17 14:25:15.534,1.05789,1.0581,3.34,1.50
2013.05.17 14:25:15.894,1.05789,1.05803,1.65,2.25
2013.05.17 14:25:15.954,1.05789,1.05803,1.50,2.40
2013.05.17 14:25:16.023,1.05785,1.05803,1.50,3.15
2013.05.17 14:25:16.146,1.05783,1.05802,1.50,1.09
2013.05.17 14:25:16.866,1.05782,1.05802,3.00,1.09
2013.05.17 14:25:16.995,1.05783,1.05802,1.50,2.59
2013.05.17 14:25:17.423,1.05786,1.05804,1.13,2.44
2013.05.17 14:25:17.485,1.05786,1.05804,1.65,1.50
2013.05.17 14:25:18.045,1.05785,1.05804,2.40,1.69
2013.05.17 14:25:18.224,1.05786,1.05804,1.88,1.50
2013.05.17 14:25:18.343,1.05788,1.05808,1.65,2.44
2013.05.17 14:25:18.470,1.05788,1.05808,1.65,3.19
2013.05.17 14:25:18.654,1.05788,1.05808,2.40,1.69
2013.05.17 14:25:18.914,1.05787,1.05805,1.65,1.50
2013.05.17 14:25:19.215,1.05786,1.05799,1.35,2.59
2013.05.17 14:25:19.396,1.0578,1.05798,1.65,2.25
2013.05.17 14:25:19.467,1.0578,1.05798,1.65,1.50
2013.05.17 14:25:19.534,1.05782,1.05799,1.13,1.50
2013.05.17 14:25:19.774,1.05779,1.05798,1.50,1.69
2013.05.17 14:25:19.894,1.05776,1.05796,1.50,1.65
2013.05.17 14:25:19.956,1.05775,1.05793,2.40,1.50
2013.05.17 14:25:20.023,1.05777,1.05796,1.69,1.65
2013.05.17 14:25:20.383,1.05784,1.058,2.25,1.88
2013.05.17 14:25:20.686,1.05784,1.05802,3.00,1.09
2013.05.17 14:25:20.757,1.05785,1.05803,1.50,1.65
2013.05.17 14:25:20.825,1.05788,1.05803,1.65,1.50
2013.05.17 14:25:21.904,1.05788,1.05806,1.50,2.44
2013.05.17 14:25:21.968,1.05786,1.05804,2.40,1.69
2013.05.17 14:25:23.016,1.05786,1.05803,1.88,1.69
2013.05.17 14:25:23.093,1.05784,1.058,1.13,1.50
2013.05.17 14:25:23.161,1.05779,1.05798,1.84,1.65
2013.05.17 14:25:23.561,1.05777,1.05798,1.69,1.65
2013.05.17 14:25:23.944,1.05774,1.05794,1.88,2.93
2013.05.17 14:25:24.324,1.05774,1.05793,1.65,1.65
2013.05.17 14:25:24.505,1.05771,1.05791,3.90,2.37
2013.05.17 14:25:24.649,1.05773,1.05792,3.15,1.50
2013.05.17 14:25:24.720,1.05776,1.05794,1.65,1.50
2013.05.17 14:25:24.858,1.05776,1.05795,2.59,1.50
2013.05.17 14:25:25.414,1.05776,1.05795,4.84,1.50
2013.05.17 14:25:25.954,1.05779,1.05796,1.65,1.50
2013.05.17 14:25:26.714,1.05778,1.05796,1.65,1.50
2013.05.17 14:25:26.966,1.05778,1.05796,1.65,1.50
2013.05.17 14:25:27.346,1.05778,1.05796,3.15,1.50
2013.05.17 14:25:27.953,1.05778,1.05796,2.40,2.25
2013.05.17 14:25:28.255,1.05778,1.05796,2.40,2.25
2013.05.17 14:25:29.026,1.05778,1.05795,2.40,1.50
2013.05.17 14:25:29.577,1.05778,1.05793,2.59,1.50
2013.05.17 14:25:29.645,1.05778,1.05793,1.09,1.50
2013.05.17 14:25:29.884,1.05777,1.05793,1.65,2.25
2013.05.17 14:25:29.946,1.05778,1.05793,1.65,2.25
2013.05.17 14:25:30.014,1.05777,1.05793,1.65,2.25
2013.05.17 14:25:30.558,1.05778,1.05793,1.50,1.50
2013.05.17 14:25:30.625,1.05776,1.05791,1.65,1.50
2013.05.17 14:25:30.944,1.05774,1.0579,2.40,1.50
2013.05.17 14:25:31.005,1.05772,1.0579,1.65,1.50
2013.05.17 14:25:31.364,1.05777,1.0579,1.88,1.50
2013.05.17 14:25:31.425,1.05777,1.0579,2.63,1.50
2013.05.17 14:25:32.434,1.05778,1.05796,1.09,2.25
2013.05.17 14:25:33.114,1.05778,1.05796,1.09,2.25
2013.05.17 14:25:33.705,1.05778,1.05796,1.84,2.25
2013.05.17 14:25:34.783,1.05778,1.05796,2.25,1.65
2013.05.17 14:25:35.084,1.05778,1.05795,1.69,1.50
2013.05.17 14:25:35.144,1.05781,1.05795,2.25,1.50
2013.05.17 14:25:35.446,1.05783,1.05798,2.40,1.50
2013.05.17 14:25:36.174,1.05783,1.058,1.09,2.25
2013.05.17 14:25:36.473,1.05783,1.05802,1.69,1.65
2013.05.17 14:25:36.894,1.05783,1.05801,1.84,1.50
2013.05.17 14:25:36.954,1.05783,1.05803,2.07,2.25
2013.05.17 14:25:37.014,1.05785,1.05804,1.84,3.00
2013.05.17 14:25:38.403,1.05786,1.05804,1.84,2.25
2013.05.17 14:25:38.953,1.05786,1.05803,1.09,2.25
2013.05.17 14:25:39.324,1.0579,1.05807,1.50,1.65
2013.05.17 14:25:39.626,1.0579,1.05807,1.65,1.50
2013.05.17 14:25:40.423,1.0579,1.05805,2.40,1.50
2013.05.17 14:25:40.964,1.05792,1.05808,1.69,1.50
2013.05.17 14:25:41.644,1.05792,1.05809,1.69,1.50
2013.05.17 14:25:42.303,1.05791,1.05809,1.69,3.15
2013.05.17 14:25:42.937,1.0579,1.05803,1.84,2.25
2013.05.17 14:25:43.011,1.05785,1.05801,1.50,1.50
2013.05.17 14:25:43.076,1.05785,1.05801,1.50,1.50
2013.05.17 14:25:43.145,1.05785,1.05803,1.65,1.50
2013.05.17 14:25:43.215,1.05786,1.05804,2.44,1.65
2013.05.17 14:25:43.464,1.05787,1.05804,2.37,1.50
2013.05.17 14:25:43.824,1.05786,1.05804,2.40,1.50
2013.05.17 14:25:44.703,1.05787,1.05804,2.25,1.50
2013.05.17 14:25:47.507,1.05788,1.05807,1.50,1.50
2013.05.17 14:25:47.706,1.05794,1.05813,1.50,1.50
2013.05.17 14:25:47.835,1.05795,1.05814,2.63,1.50
2013.05.17 14:25:47.894,1.05796,1.05814,1.84,1.50
2013.05.17 14:25:47.956,1.05799,1.05814,2.25,1.50
2013.05.17 14:25:48.384,1.058,1.05819,4.09,1.50
2013.05.17 14:25:48.902,1.05801,1.05819,2.40,1.50
2013.05.17 14:25:49.267,1.05801,1.05815,1.50,1.13
2013.05.17 14:25:49.894,1.05797,1.05816,3.75,2.63
2013.05.17 14:25:50.264,1.05798,1.05816,2.25,1.50
2013.05.17 14:25:51.023,1.05798,1.05816,2.25,1.50
2013.05.17 14:25:51.204,1.05798,1.05816,2.25,1.50
2013.05.17 14:25:52.110,1.05798,1.05817,3.19,1.50
2013.05.17 14:25:52.714,1.05799,1.05818,1.50,1.65
2013.05.17 14:25:53.244,1.05804,1.0582,1.50,1.13
2013.05.17 14:25:53.604,1.05804,1.05822,1.50,1.50
2013.05.17 14:25:54.320,1.05802,1.05819,1.50,1.50
2013.05.17 14:25:54.625,1.05802,1.05816,1.50,1.50
2013.05.17 14:25:55.163,1.05802,1.05816,1.50,1.50
2013.05.17 14:25:55.405,1.05802,1.05816,1.50,1.65
2013.05.17 14:25:55.644,1.05803,1.0582,1.50,3.00
2013.05.17 14:25:55.943,1.05804,1.0582,2.25,2.25
2013.05.17 14:25:56.123,1.05804,1.05822,1.50,1.13
2013.05.17 14:25:56.245,1.05805,1.05825,1.65,3.00
2013.05.17 14:25:56.306,1.05805,1.05825,2.40,3.00
2013.05.17 14:25:56.813,1.05807,1.05825,1.50,2.25
2013.05.17 14:25:57.166,1.05807,1.05825,1.50,2.25
2013.05.17 14:25:57.853,1.05807,1.05825,1.50,1.50
2013.05.17 14:25:57.973,1.05807,1.05825,1.50,1.50
2013.05.17 14:25:58.333,1.05807,1.05823,1.50,2.25
2013.05.17 14:25:58.585,1.05806,1.05825,3.00,2.25
2013.05.17 14:25:58.843,1.05808,1.05824,1.50,1.88
2013.05.17 14:25:59.203,1.05808,1.05823,1.50,2.63
2013.05.17 14:25:59.624,1.05804,1.05824,1.50,1.88
2013.05.17 14:25:59.744,1.05803,1.05822,3.34,1.65
2013.05.17 14:25:59.803,1.05805,1.05824,1.65,1.50
2013.05.17 14:25:59.983,1.05807,1.05826,3.00,1.65
2013.05.17 14:26:00.044,1.05808,1.05826,1.50,1.65
2013.05.17 14:26:00.554,1.05808,1.05826,1.50,1.65
2013.05.17 14:26:00.874,1.05807,1.05823,1.50,1.50
2013.05.17 14:26:01.054,1.05805,1.05823,1.13,2.63
2013.05.17 14:26:01.115,1.05803,1.0582,1.50,1.50
2013.05.17 14:26:01.994,1.05802,1.0582,1.50,1.50
2013.05.17 14:26:02.414,1.05803,1.05821,2.44,1.13
2013.05.17 14:26:02.476,1.05805,1.05822,2.25,1.50
2013.05.17 14:26:02.605,1.05806,1.05825,4.65,1.65
2013.05.17 14:26:03.497,1.05803,1.05823,1.50,1.88
2013.05.17 14:26:03.684,1.05804,1.05822,2.25,1.65
2013.05.17 14:26:03.997,1.05805,1.05822,1.65,1.50
2013.05.17 14:26:04.499,1.05807,1.05824,1.50,1.50
2013.05.17 14:26:05.835,1.058,1.05817,2.07,1.65
2013.05.17 14:26:05.894,1.05799,1.05816,2.22,1.13
2013.05.17 14:26:06.194,1.058,1.05815,1.50,1.50
2013.05.17 14:26:07.105,1.05798,1.05816,1.65,1.50
2013.05.17 14:26:07.494,1.05804,1.05819,1.50,1.13
2013.05.17 14:26:07.614,1.05803,1.0582,2.25,1.50
2013.05.17 14:26:08.043,1.05802,1.0582,1.50,1.50
2013.05.17 14:26:08.164,1.05803,1.05823,3.75,1.65
2013.05.17 14:26:08.706,1.05803,1.05823,2.44,2.40
2013.05.17 14:26:09.404,1.05802,1.0582,2.25,1.65
2013.05.17 14:26:09.704,1.05798,1.0581,1.13,1.65
2013.05.17 14:26:09.824,1.05797,1.05813,1.28,1.65
2013.05.17 14:26:10.228,1.05793,1.0581,1.09,1.50
2013.05.17 14:26:10.294,1.05791,1.05809,3.34,1.50
2013.05.17 14:26:10.354,1.05791,1.05809,3.34,1.50
2013.05.17 14:26:10.535,1.05797,1.05809,1.50,1.50
2013.05.17 14:26:10.655,1.05796,1.05813,3.19,1.65
2013.05.17 14:26:10.714,1.05799,1.05813,2.25,1.65
2013.05.17 14:26:11.015,1.05798,1.05813,1.50,1.65
2013.05.17 14:26:11.626,1.05796,1.05814,3.19,1.88
2013.05.17 14:26:11.815,1.05799,1.05816,1.50,1.13
2013.05.17 14:26:12.072,1.05801,1.05819,1.50,1.88
2013.05.17 14:26:12.883,1.05803,1.05819,1.50,1.88
2013.05.17 14:26:13.143,1.05803,1.0582,1.50,1.65
2013.05.17 14:26:13.534,1.05804,1.05822,2.25,1.13
2013.05.17 14:26:13.836,1.05815,1.05824,1.65,2.25
2013.05.17 14:26:14.143,1.05816,1.05824,3.15,1.50
2013.05.17 14:26:15.664,1.05817,1.05835,1.50,1.65
2013.05.17 14:26:16.204,1.05817,1.05835,1.50,1.13
2013.05.17 14:26:16.696,1.05814,1.05834,2.40,2.40
2013.05.17 14:26:17.014,1.05813,1.0583,1.88,1.13
2013.05.17 14:26:17.253,1.05812,1.0583,2.25,1.13
2013.05.17 14:26:17.439,1.05813,1.0583,1.50,1.13
2013.05.17 14:26:17.767,1.05813,1.0583,1.50,1.13
2013.05.17 14:26:17.836,1.05813,1.0583,1.50,1.28
2013.05.17 14:26:18.216,1.05809,1.05828,2.44,1.88
2013.05.17 14:26:18.526,1.0581,1.05825,1.50,1.13
2013.05.17 14:26:18.785,1.05805,1.05824,1.69,1.65
2013.05.17 14:26:19.363,1.05806,1.05826,2.44,1.13
2013.05.17 14:26:20.444,1.05808,1.05824,1.50,1.65
2013.05.17 14:26:20.565,1.0581,1.05827,1.50,1.65
2013.05.17 14:26:20.684,1.0581,1.05827,1.69,1.65
2013.05.17 14:26:20.984,1.05796,1.05814,2.07,2.40
2013.05.17 14:26:21.043,1.05795,1.05814,2.44,2.40
2013.05.17 14:26:21.284,1.05797,1.05814,1.69,1.88
2013.05.17 14:26:22.954,1.05794,1.05814,2.44,2.03
2013.05.17 14:26:23.193,1.05796,1.05814,1.50,1.65
2013.05.17 14:26:23.373,1.05797,1.05814,1.50,1.65
2013.05.17 14:26:24.853,1.05798,1.05814,2.44,1.65
2013.05.17 14:26:25.334,1.05796,1.05814,1.84,1.50
2013.05.17 14:26:25.393,1.05795,1.05813,2.44,2.25
2013.05.17 14:26:25.963,1.05793,1.05812,3.34,1.50
2013.05.17 14:26:26.024,1.05792,1.05812,1.69,1.65
2013.05.17 14:26:26.264,1.05793,1.0581,1.69,2.40
2013.05.17 14:26:26.324,1.05793,1.0581,1.69,1.65
2013.05.17 14:26:26.745,1.05796,1.05814,1.69,3.90
2013.05.17 14:26:26.814,1.05796,1.05814,2.44,1.65
2013.05.17 14:26:27.176,1.05797,1.05813,1.69,2.25
2013.05.17 14:26:27.244,1.05796,1.05813,3.19,2.40
2013.05.17 14:26:27.493,1.05795,1.05813,2.44,1.65
2013.05.17 14:26:29.263,1.05794,1.05813,2.59,3.15
2013.05.17 14:26:29.564,1.05795,1.05813,1.69,2.40
2013.05.17 14:26:30.067,1.05796,1.05813,1.50,1.65
2013.05.17 14:26:32.385,1.05794,1.05813,1.84,1.50
2013.05.17 14:26:33.674,1.05799,1.05814,1.50,1.50
2013.05.17 14:26:33.826,1.05798,1.05818,2.59,2.25
2013.05.17 14:26:34.353,1.058,1.05818,1.09,2.25
2013.05.17 14:26:34.896,1.05799,1.05818,1.09,2.25
2013.05.17 14:26:35.016,1.05797,1.05818,3.34,3.15
2013.05.17 14:26:35.686,1.05795,1.05813,3.34,1.50
2013.05.17 14:26:36.224,1.05795,1.05813,1.09,1.50
2013.05.17 14:26:37.183,1.05795,1.05814,1.84,2.25
2013.05.17 14:26:38.164,1.05793,1.05813,2.44,1.65
2013.05.17 14:26:38.224,1.05795,1.05814,1.50,3.00
2013.05.17 14:26:38.527,1.05795,1.05812,3.00,2.25
2013.05.17 14:26:38.656,1.05794,1.05812,1.65,1.50
2013.05.17 14:26:39.203,1.05792,1.05812,2.59,3.15
2013.05.17 14:26:39.734,1.05792,1.05812,3.19,2.40
2013.05.17 14:26:39.855,1.05795,1.05812,1.09,1.50
2013.05.17 14:26:39.976,1.05796,1.05813,1.09,1.50
2013.05.17 14:26:40.333,1.05796,1.05813,1.09,1.50
2013.05.17 14:26:40.573,1.05796,1.05813,1.09,1.50
2013.05.17 14:26:41.470,1.05796,1.05813,1.09,3.00
2013.05.17 14:26:41.594,1.05796,1.05813,2.44,1.65
2013.05.17 14:26:41.654,1.05796,1.05813,1.69,1.50
2013.05.17 14:26:41.714,1.05796,1.05811,1.50,2.18
2013.05.17 14:26:41.775,1.05796,1.05813,1.50,1.50
2013.05.17 14:26:41.893,1.05796,1.05814,1.88,1.50
2013.05.17 14:26:43.776,1.05796,1.05815,2.82,1.50
2013.05.17 14:26:44.087,1.05794,1.05809,2.25,2.07
2013.05.17 14:26:44.396,1.05788,1.05808,1.65,1.69
2013.05.17 14:26:45.395,1.05787,1.05802,2.44,3.00
2013.05.17 14:26:45.454,1.05785,1.05802,1.69,3.38
2013.05.17 14:26:45.574,1.0578,1.05799,2.93,1.65
2013.05.17 14:26:45.634,1.05777,1.05797,1.65,1.65
2013.05.17 14:26:46.464,1.05779,1.05797,1.13,1.50
2013.05.17 14:26:47.095,1.05778,1.05795,1.09,1.50
2013.05.17 14:26:47.680,1.05778,1.05794,1.69,1.50
2013.05.17 14:26:48.280,1.05778,1.05796,1.69,1.50
2013.05.17 14:26:48.584,1.05777,1.05796,1.69,1.50
2013.05.17 14:26:48.864,1.05778,1.05797,1.09,1.50
2013.05.17 14:26:49.198,1.05779,1.05798,1.69,1.13
2013.05.17 14:26:49.564,1.05779,1.05798,1.69,1.13
2013.05.17 14:26:49.863,1.05779,1.05799,1.69,3.15
2013.05.17 14:26:50.424,1.05777,1.05794,4.62,1.50
2013.05.17 14:26:50.544,1.05776,1.05794,2.78,1.50
2013.05.17 14:26:51.153,1.05776,1.05794,2.78,1.50
2013.05.17 14:26:51.214,1.05777,1.05794,1.13,1.50
2013.05.17 14:26:51.454,1.05776,1.05794,1.84,1.50
2013.05.17 14:26:51.516,1.05777,1.05794,2.40,1.50
2013.05.17 14:26:51.826,1.05775,1.05791,1.09,1.50
2013.05.17 14:26:51.895,1.05772,1.05791,1.09,1.65
2013.05.17 14:26:51.966,1.05774,1.05791,1.84,1.50
2013.05.17 14:26:52.154,1.05773,1.05791,1.69,2.25
2013.05.17 14:26:52.275,1.0578,1.05793,2.25,1.50
2013.05.17 14:26:52.394,1.05778,1.05793,1.50,1.50
2013.05.17 14:26:52.464,1.05778,1.05794,1.88,1.50
2013.05.17 14:26:52.716,1.05774,1.05793,2.44,2.40
2013.05.17 14:26:52.847,1.05774,1.05793,1.65,2.44
2013.05.17 14:26:53.522,1.05773,1.05793,2.63,2.59
2013.05.17 14:26:53.679,1.05775,1.0579,1.69,1.50
2013.05.17 14:26:54.225,1.05778,1.0579,1.50,1.50
2013.05.17 14:26:54.536,1.05779,1.0579,1.84,1.50
2013.05.17 14:26:54.725,1.05778,1.05793,2.07,1.50
2013.05.17 14:26:55.384,1.0578,1.05793,2.59,1.50
2013.05.17 14:26:55.624,1.05784,1.05796,1.50,2.25
2013.05.17 14:26:55.683,1.05784,1.05804,2.25,1.09
2013.05.17 14:26:56.045,1.05785,1.05804,2.25,1.09
2013.05.17 14:26:56.417,1.05785,1.05805,2.40,2.59
2013.05.17 14:26:56.666,1.05782,1.05799,1.65,1.50
2013.05.17 14:26:57.493,1.0578,1.05799,2.59,2.40
2013.05.17 14:26:57.675,1.05778,1.05797,1.50,1.65
2013.05.17 14:26:57.973,1.05778,1.05797,1.50,1.65
2013.05.17 14:26:58.974,1.05776,1.05794,1.69,1.13
2013.05.17 14:26:59.036,1.05773,1.05794,1.65,1.09
2013.05.17 14:26:59.403,1.05771,1.05789,1.09,1.50
2013.05.17 14:26:59.834,1.0577,1.05789,2.59,1.50
2013.05.17 14:27:01.364,1.0577,1.05789,2.44,3.90
2013.05.17 14:27:01.666,1.0577,1.05782,2.25,1.50
2013.05.17 14:27:02.338,1.05769,1.05788,4.69,1.65
2013.05.17 14:27:02.844,1.0577,1.05788,1.69,2.40
2013.05.17 14:27:04.175,1.05771,1.05788,2.44,1.65
2013.05.17 14:27:04.563,1.05769,1.05788,1.69,1.65
2013.05.17 14:27:04.629,1.05769,1.05788,1.69,1.65
2013.05.17 14:27:04.816,1.05769,1.05788,1.69,1.65
2013.05.17 14:27:05.268,1.05769,1.05788,1.69,1.65
2013.05.17 14:27:06.836,1.05769,1.05784,1.69,1.50
2013.05.17 14:27:07.393,1.0577,1.0579,1.69,2.40
2013.05.17 14:27:07.815,1.05771,1.0579,1.69,1.65
2013.05.17 14:27:08.064,1.05771,1.05789,1.69,1.65
2013.05.17 14:27:08.465,1.05771,1.05789,1.69,1.65
2013.05.17 14:27:08.525,1.05771,1.0579,1.69,1.65
2013.05.17 14:27:08.833,1.05774,1.0579,1.69,1.50
2013.05.17 14:27:09.356,1.05774,1.05785,1.50,1.13
2013.05.17 14:27:09.485,1.05773,1.05788,1.50,1.50
2013.05.17 14:27:09.544,1.05775,1.05791,1.09,2.25
2013.05.17 14:27:09.965,1.05778,1.05793,2.07,1.50
2013.05.17 14:27:10.144,1.05777,1.05795,3.57,1.50
2013.05.17 14:27:10.786,1.05777,1.05795,3.94,1.65
2013.05.17 14:27:10.874,1.05776,1.05792,1.69,1.65
2013.05.17 14:27:11.026,1.05774,1.0579,1.50,1.80
2013.05.17 14:27:11.287,1.05773,1.05787,1.50,1.65
2013.05.17 14:27:11.535,1.05766,1.05785,2.63,1.50
2013.05.17 14:27:12.075,1.05766,1.05783,1.88,1.50
2013.05.17 14:27:12.385,1.0577,1.05785,2.25,1.50
2013.05.17 14:27:12.455,1.0577,1.05789,1.50,1.84
2013.05.17 14:27:12.514,1.0577,1.05789,3.38,1.50
2013.05.17 14:27:12.574,1.0577,1.05788,3.00,1.50
2013.05.17 14:27:12.633,1.05771,1.05788,1.50,1.50
2013.05.17 14:27:12.695,1.05771,1.0579,1.65,1.50
2013.05.17 14:27:12.817,1.05773,1.05792,2.44,1.65
2013.05.17 14:27:13.124,1.05774,1.05789,1.69,1.50
2013.05.17 14:27:13.604,1.05771,1.05789,2.40,1.50
2013.05.17 14:27:13.665,1.05773,1.05789,2.93,1.50
2013.05.17 14:27:14.024,1.05777,1.05789,1.50,1.50
2013.05.17 14:27:14.366,1.05774,1.05787,2.93,1.50
2013.05.17 14:27:14.995,1.05772,1.05787,1.50,2.44
2013.05.17 14:27:15.624,1.05769,1.05785,2.93,1.09
2013.05.17 14:27:15.684,1.05767,1.05785,2.25,1.09
2013.05.17 14:27:16.484,1.05768,1.05784,3.00,1.50
2013.05.17 14:27:16.904,1.05768,1.05784,3.00,1.50
2013.05.17 14:27:17.454,1.05769,1.05786,1.69,1.65
2013.05.17 14:27:18.776,1.05767,1.05784,1.69,1.50
2013.05.17 14:27:18.963,1.0577,1.05784,1.50,1.50
2013.05.17 14:27:19.086,1.05772,1.05784,1.69,1.50
2013.05.17 14:27:19.455,1.05772,1.05792,2.44,1.65
2013.05.17 14:27:20.593,1.05774,1.0579,1.84,1.50
2013.05.17 14:27:20.671,1.05774,1.0579,2.59,1.50
2013.05.17 14:27:20.994,1.05776,1.05794,3.12,1.65
2013.05.17 14:27:22.733,1.05779,1.05794,2.52,1.50
2013.05.17 14:27:24.227,1.05779,1.05796,1.69,1.65
2013.05.17 14:27:24.414,1.05777,1.05796,3.19,2.40
2013.05.17 14:27:24.474,1.05777,1.05794,1.69,1.65
2013.05.17 14:27:25.065,1.05775,1.05794,1.69,2.40
2013.05.17 14:27:25.575,1.05774,1.05794,2.59,1.65
2013.05.17 14:27:26.293,1.05774,1.05793,2.59,1.65
2013.05.17 14:27:26.759,1.05776,1.05794,3.19,1.65
2013.05.17 14:27:27.063,1.05782,1.05799,2.25,1.50
2013.05.17 14:27:27.138,1.05782,1.058,3.00,1.50
2013.05.17 14:27:27.384,1.05784,1.05804,1.09,1.65
2013.05.17 14:27:27.684,1.05784,1.05804,1.09,1.65
2013.05.17 14:27:28.003,1.05785,1.05804,1.50,1.65
2013.05.17 14:27:28.318,1.05784,1.05804,2.59,2.40
2013.05.17 14:27:28.595,1.05784,1.05804,2.59,2.40
2013.05.17 14:27:29.085,1.05786,1.05803,1.69,1.65
2013.05.17 14:27:29.206,1.05787,1.05801,2.93,1.50
2013.05.17 14:27:29.398,1.05787,1.05803,1.50,2.40
2013.05.17 14:27:29.470,1.05787,1.05802,1.69,1.50
2013.05.17 14:27:30.023,1.05787,1.05801,1.50,1.13
2013.05.17 14:27:31.406,1.05789,1.05801,2.25,1.13
2013.05.17 14:27:31.495,1.05792,1.05805,3.68,1.50
2013.05.17 14:27:31.754,1.05791,1.05805,1.50,1.50
2013.05.17 14:27:32.263,1.05789,1.05805,1.69,1.65
2013.05.17 14:27:33.634,1.05787,1.05805,3.19,1.65
2013.05.17 14:27:33.996,1.05783,1.05804,2.44,2.40
2013.05.17 14:27:34.065,1.05782,1.05803,1.69,1.65
2013.05.17 14:27:34.424,1.05782,1.05802,1.69,1.65
2013.05.17 14:27:34.935,1.05784,1.05804,1.84,3.00
2013.05.17 14:27:34.994,1.05786,1.05804,1.13,2.25
2013.05.17 14:27:35.598,1.05786,1.05803,1.50,1.50
2013.05.17 14:27:35.726,1.05782,1.05803,2.07,2.44
2013.05.17 14:27:36.236,1.05781,1.058,1.69,1.50
2013.05.17 14:27:36.485,1.05781,1.05799,1.69,1.65
2013.05.17 14:27:36.726,1.05778,1.05799,1.69,1.65
2013.05.17 14:27:37.586,1.05777,1.05798,4.02,2.40
2013.05.17 14:27:37.773,1.05778,1.05797,1.09,1.65
2013.05.17 14:27:37.835,1.05778,1.05797,1.09,1.65
2013.05.17 14:27:37.895,1.05778,1.05797,1.09,1.65
2013.05.17 14:27:38.554,1.05778,1.05797,1.69,1.65
2013.05.17 14:27:39.085,1.05777,1.05796,1.69,1.88
2013.05.17 14:27:39.204,1.05778,1.05796,1.69,1.88
2013.05.17 14:27:39.575,1.05777,1.05796,2.44,1.88
2013.05.17 14:27:40.244,1.05778,1.05796,1.69,1.88
2013.05.17 14:27:42.994,1.05777,1.05796,1.69,1.88
2013.05.17 14:27:43.535,1.05778,1.05796,1.50,1.13
2013.05.17 14:27:44.365,1.05779,1.05797,1.65,1.50
2013.05.17 14:27:44.484,1.05783,1.058,1.09,2.93
2013.05.17 14:27:44.544,1.05783,1.05802,1.09,1.65
2013.05.17 14:27:44.605,1.05784,1.05802,2.82,2.25
2013.05.17 14:27:45.125,1.05786,1.05804,1.65,1.09
2013.05.17 14:27:46.495,1.05787,1.05806,2.25,2.07
2013.05.17 14:27:46.974,1.05786,1.05804,3.34,1.13
2013.05.17 14:27:47.275,1.05785,1.05802,1.50,1.13
2013.05.17 14:27:47.745,1.05785,1.05801,1.50,1.13
2013.05.17 14:27:48.065,1.05778,1.05793,2.33,1.50
2013.05.17 14:27:48.184,1.05776,1.05793,2.40,1.69
2013.05.17 14:27:48.584,1.05773,1.05792,1.69,2.07
2013.05.17 14:27:50.114,1.05773,1.05791,1.50,1.13
2013.05.17 14:27:52.339,1.05774,1.05792,1.65,1.09
2013.05.17 14:27:52.407,1.05775,1.05792,2.40,1.09
2013.05.17 14:27:52.535,1.05777,1.05798,2.59,2.40
2013.05.17 14:27:52.655,1.0578,1.05799,1.50,2.07
2013.05.17 14:27:53.017,1.0578,1.05799,1.50,1.32
2013.05.17 14:27:53.446,1.05778,1.05796,1.65,1.88
2013.05.17 14:27:53.636,1.05773,1.0579,2.63,1.13
2013.05.17 14:27:53.825,1.05772,1.0579,1.65,1.28
2013.05.17 14:27:53.893,1.05772,1.05789,1.50,1.32
2013.05.17 14:27:53.956,1.05771,1.05789,2.25,1.32
2013.05.17 14:27:55.539,1.05771,1.05789,2.25,1.88
2013.05.17 14:27:55.863,1.05771,1.05789,1.50,1.88
2013.05.17 14:27:56.934,1.05771,1.05789,1.50,1.88
2013.05.17 14:27:57.055,1.05771,1.05787,1.50,1.13
2013.05.17 14:27:57.375,1.05764,1.05778,2.18,1.28
2013.05.17 14:27:57.444,1.05762,1.05778,1.69,1.28
2013.05.17 14:27:57.746,1.05762,1.05782,3.34,2.63
2013.05.17 14:27:57.814,1.05765,1.05782,1.50,2.63
2013.05.17 14:27:58.115,1.05769,1.05782,1.69,2.25
2013.05.17 14:27:59.409,1.0577,1.05782,1.84,2.25
2013.05.17 14:27:59.697,1.0577,1.05789,3.34,1.88
2013.05.17 14:28:00.024,1.0577,1.05789,3.34,1.88
2013.05.17 14:28:00.267,1.0577,1.05789,3.34,1.88
2013.05.17 14:28:01.014,1.0577,1.05789,1.50,2.07
2013.05.17 14:28:01.194,1.0577,1.05787,1.50,1.28
2013.05.17 14:28:01.376,1.05765,1.05781,1.50,1.05
2013.05.17 14:28:01.445,1.05763,1.0578,2.44,1.13
2013.05.17 14:28:01.505,1.05762,1.0578,2.44,1.13
2013.05.17 14:28:02.046,1.05761,1.0578,1.69,1.13
2013.05.17 14:28:02.116,1.05761,1.0578,1.69,1.88
2013.05.17 14:28:02.424,1.05763,1.05781,5.37,1.65
2013.05.17 14:28:02.604,1.05764,1.05781,1.69,1.50
2013.05.17 14:28:03.051,1.05763,1.05781,1.69,1.65
2013.05.17 14:28:03.576,1.05763,1.05781,1.69,1.65
2013.05.17 14:28:05.225,1.05763,1.05781,1.69,1.65
2013.05.17 14:28:05.533,1.05763,1.0578,3.19,1.50
2013.05.17 14:28:05.834,1.05764,1.0578,2.44,1.50
2013.05.17 14:28:05.894,1.05763,1.0578,3.34,1.50
2013.05.17 14:28:06.471,1.05762,1.0578,2.44,1.65
2013.05.17 14:28:06.593,1.05762,1.0578,2.44,1.65
2013.05.17 14:28:07.073,1.0576,1.05779,1.69,2.40
2013.05.17 14:28:07.134,1.0576,1.05779,1.69,2.40
2013.05.17 14:28:07.194,1.0576,1.05779,1.69,2.40
2013.05.17 14:28:07.377,1.0576,1.05779,1.69,2.40
2013.05.17 14:28:08.105,1.05759,1.05778,1.69,1.88
2013.05.17 14:28:08.465,1.05753,1.05768,1.69,1.50
2013.05.17 14:28:09.200,1.05753,1.05771,1.50,1.09
2013.05.17 14:28:09.466,1.05759,1.05776,1.69,1.50
2013.05.17 14:28:09.585,1.05757,1.05774,3.19,1.13
2013.05.17 14:28:09.706,1.05756,1.05774,1.50,1.28
2013.05.17 14:28:09.774,1.05756,1.05776,1.50,2.40
2013.05.17 14:28:09.834,1.0576,1.05778,1.50,1.09
2013.05.17 14:28:09.954,1.05757,1.05776,2.25,2.40
2013.05.17 14:28:10.016,1.05757,1.05776,2.25,1.65
2013.05.17 14:28:10.376,1.05764,1.05781,1.65,1.50
2013.05.17 14:28:10.683,1.05764,1.05783,1.65,1.65
2013.05.17 14:28:10.744,1.05767,1.05783,1.65,1.50
2013.05.17 14:28:11.105,1.05769,1.05784,1.69,1.50
2013.05.17 14:28:11.624,1.05769,1.05786,1.69,2.40
2013.05.17 14:28:12.106,1.05771,1.05789,1.69,1.50
2013.05.17 14:28:12.235,1.0577,1.05786,1.69,1.88
2013.05.17 14:28:12.799,1.05771,1.05789,1.09,1.13
2013.05.17 14:28:13.170,1.05771,1.05789,2.59,1.13
2013.05.17 14:28:13.233,1.05771,1.05792,2.59,1.50
2013.05.17 14:28:13.294,1.05775,1.05792,1.13,1.50
2013.05.17 14:28:13.355,1.05777,1.05795,1.88,1.80
2013.05.17 14:28:13.416,1.05781,1.05795,1.13,1.65
2013.05.17 14:28:13.677,1.05797,1.05816,3.46,1.50
2013.05.17 14:28:13.808,1.05801,1.05816,1.69,1.65
2013.05.17 14:28:13.876,1.05803,1.05816,1.69,1.65
2013.05.17 14:28:14.197,1.05804,1.05816,1.69,1.50
2013.05.17 14:28:14.682,1.05805,1.05825,1.69,1.28
2013.05.17 14:28:14.864,1.05804,1.05825,4.09,2.78
2013.05.17 14:28:14.986,1.05805,1.05823,2.44,1.88
2013.05.17 14:28:15.115,1.05804,1.0582,1.69,1.05
2013.05.17 14:28:15.305,1.05806,1.05825,1.69,1.28
2013.05.17 14:28:15.733,1.05808,1.0582,2.18,1.05
2013.05.17 14:28:15.794,1.05805,1.05818,3.19,1.13
2013.05.17 14:28:15.855,1.05805,1.05823,2.25,2.22
2013.05.17 14:28:16.035,1.05802,1.05821,1.69,1.28
2013.05.17 14:28:16.635,1.05805,1.05819,1.69,1.13
2013.05.17 14:28:16.694,1.05806,1.05821,1.09,1.50
2013.05.17 14:28:16.937,1.05805,1.05823,1.84,1.65
2013.05.17 14:28:17.005,1.05805,1.05825,1.84,1.88
2013.05.17 14:28:18.100,1.05806,1.05825,3.19,1.88
2013.05.17 14:28:18.181,1.05809,1.05827,1.50,2.03
2013.05.17 14:28:18.254,1.05808,1.05827,1.69,1.88
2013.05.17 14:28:18.332,1.0581,1.05827,1.88,1.88
2013.05.17 14:28:19.445,1.05811,1.05829,1.69,1.65
2013.05.17 14:28:19.657,1.05813,1.0583,1.50,1.13
2013.05.17 14:28:19.973,1.05813,1.05827,1.50,1.28
2013.05.17 14:28:20.333,1.0581,1.05829,1.69,1.28
2013.05.17 14:28:20.614,1.0581,1.05829,1.69,1.28
2013.05.17 14:28:21.377,1.05807,1.05825,2.07,1.13
2013.05.17 14:28:21.564,1.05808,1.05825,1.69,1.13
2013.05.17 14:28:22.833,1.05806,1.05825,1.69,1.13
2013.05.17 14:28:23.113,1.05807,1.05825,1.69,1.13
2013.05.17 14:28:24.786,1.05808,1.05826,3.19,1.65
2013.05.17 14:28:25.024,1.0581,1.05828,1.69,1.28
2013.05.17 14:28:25.356,1.0581,1.05827,1.69,1.28
2013.05.17 14:28:25.863,1.0581,1.05827,1.69,1.13
2013.05.17 14:28:26.415,1.05808,1.05827,1.69,1.28
2013.05.17 14:28:26.765,1.05806,1.05819,1.69,1.13
2013.05.17 14:28:27.067,1.05804,1.05818,2.18,1.13
2013.05.17 14:28:27.138,1.058,1.05816,1.69,1.13
2013.05.17 14:28:28.800,1.0581,1.05829,3.38,1.88
2013.05.17 14:28:30.204,1.05815,1.05829,1.69,1.13
2013.05.17 14:28:31.896,1.05815,1.0583,1.69,1.13
2013.05.17 14:28:32.255,1.05815,1.0583,1.69,1.13
2013.05.17 14:28:33.255,1.05814,1.05832,1.69,1.05
2013.05.17 14:28:33.954,1.05814,1.05833,1.69,1.65
2013.05.17 14:28:34.134,1.05812,1.05833,3.19,1.80
2013.05.17 14:28:34.554,1.05814,1.05833,1.09,2.40
2013.05.17 14:28:34.614,1.05815,1.05833,1.09,1.50
2013.05.17 14:28:34.674,1.05816,1.05836,1.09,2.25
2013.05.17 14:28:34.734,1.05817,1.05836,2.82,2.25
2013.05.17 14:28:35.094,1.05822,1.0584,1.84,1.50
2013.05.17 14:28:35.334,1.05822,1.05842,1.84,1.65
2013.05.17 14:28:35.454,1.05822,1.05843,2.59,1.65
2013.05.17 14:28:35.635,1.05822,1.05842,1.84,1.65
2013.05.17 14:28:37.439,1.05822,1.0584,1.09,1.50
2013.05.17 14:28:37.796,1.05825,1.05843,1.69,1.65
2013.05.17 14:28:38.235,1.05825,1.05844,1.69,1.50
2013.05.17 14:28:38.898,1.05826,1.05844,1.69,2.25
2013.05.17 14:28:39.466,1.05825,1.05844,1.69,1.50
2013.05.17 14:28:39.536,1.05823,1.05844,1.84,1.50
2013.05.17 14:28:39.785,1.05821,1.05841,2.59,1.50
2013.05.17 14:28:40.025,1.05823,1.05841,1.32,1.50
2013.05.17 14:28:40.085,1.05824,1.05843,1.32,2.25
2013.05.17 14:28:40.145,1.05823,1.05844,2.44,2.63
2013.05.17 14:28:40.385,1.05822,1.05843,1.84,1.88
2013.05.17 14:28:40.744,1.05823,1.05843,2.44,1.88
2013.05.17 14:28:40.804,1.05823,1.05843,1.69,2.63
2013.05.17 14:28:41.645,1.05822,1.05838,1.09,1.50
2013.05.17 14:28:41.824,1.05821,1.05838,1.09,1.50
2013.05.17 14:28:41.886,1.05821,1.05838,1.09,1.50
2013.05.17 14:28:42.193,1.05821,1.05838,1.09,1.50
2013.05.17 14:28:42.746,1.05818,1.05838,4.77,2.25
2013.05.17 14:28:44.527,1.05819,1.05839,1.84,2.25
2013.05.17 14:28:48.745,1.05817,1.05836,4.09,1.50
2013.05.17 14:28:50.105,1.0582,1.05836,1.09,2.25
2013.05.17 14:28:50.406,1.05817,1.05833,1.69,2.25
2013.05.17 14:28:50.783,1.05815,1.05833,1.84,3.68
2013.05.17 14:28:51.087,1.05815,1.05834,1.84,3.15
2013.05.17 14:28:53.136,1.05818,1.05833,1.84,1.50
2013.05.17 14:28:53.205,1.05818,1.05833,4.02,1.50
2013.05.17 14:28:53.824,1.05818,1.05836,4.02,1.50
2013.05.17 14:28:54.333,1.05818,1.05835,4.02,1.50
2013.05.17 14:28:55.273,1.05818,1.05836,3.27,2.25
2013.05.17 14:28:55.410,1.05818,1.05834,1.09,1.50
2013.05.17 14:28:55.487,1.05818,1.05834,1.09,1.50
2013.05.17 14:28:56.546,1.05818,1.05836,1.84,1.50
2013.05.17 14:28:57.164,1.05818,1.05837,1.84,2.40
2013.05.17 14:28:57.676,1.05818,1.05837,2.82,1.50
2013.05.17 14:28:58.263,1.05818,1.05838,2.07,2.25
2013.05.17 14:28:58.494,1.05818,1.05837,2.07,1.50
2013.05.17 14:28:59.155,1.05823,1.05837,1.09,1.50
2013.05.17 14:28:59.286,1.05824,1.0584,1.84,1.50
2013.05.17 14:28:59.477,1.05825,1.05845,1.69,2.25
2013.05.17 14:29:01.787,1.05827,1.05844,3.49,1.50
2013.05.17 14:29:02.096,1.05829,1.05846,1.32,1.50
2013.05.17 14:29:02.166,1.05829,1.05847,1.32,1.50
2013.05.17 14:29:02.416,1.05832,1.0585,1.09,1.50
2013.05.17 14:29:02.735,1.05835,1.05854,1.09,1.50
2013.05.17 14:29:02.985,1.05837,1.05855,1.69,1.50
2013.05.17 14:29:03.082,1.05837,1.05855,1.69,2.25
2013.05.17 14:29:04.254,1.05834,1.05855,1.84,1.50
2013.05.17 14:29:04.375,1.05832,1.05851,1.84,1.50
2013.05.17 14:29:05.756,1.0583,1.05849,1.13,2.25
2013.05.17 14:29:06.064,1.05832,1.05849,1.13,2.25
2013.05.17 14:29:06.714,1.05833,1.05851,1.13,1.50
2013.05.17 14:29:07.187,1.05836,1.05853,1.88,1.50
2013.05.17 14:29:07.495,1.05846,1.05862,1.69,2.10
2013.05.17 14:29:07.556,1.05849,1.05866,1.69,1.32
2013.05.17 14:29:08.120,1.05851,1.0587,1.69,1.88
2013.05.17 14:29:08.257,1.05851,1.0587,2.25,1.65
2013.05.17 14:29:08.526,1.05851,1.05872,2.40,2.44
2013.05.17 14:29:08.645,1.05851,1.0587,2.40,2.44
2013.05.17 14:29:08.825,1.0585,1.0587,1.50,3.34
2013.05.17 14:29:09.185,1.0585,1.0587,1.50,3.34
2013.05.17 14:29:09.433,1.0585,1.0587,1.84,3.19
2013.05.17 14:29:09.555,1.0585,1.0587,1.84,1.50
2013.05.17 14:29:09.948,1.0585,1.0587,1.84,2.25
2013.05.17 14:29:10.496,1.0585,1.05868,1.65,1.50
2013.05.17 14:29:10.807,1.05845,1.05857,1.50,1.50
2013.05.17 14:29:11.115,1.05843,1.05855,2.25,1.09
2013.05.17 14:29:11.890,1.05835,1.05853,1.09,1.50
2013.05.17 14:29:12.074,1.05835,1.05853,1.32,1.50
2013.05.17 14:29:13.225,1.05835,1.05855,1.32,1.69
2013.05.17 14:29:14.114,1.05835,1.05855,1.13,2.44
2013.05.17 14:29:14.935,1.05834,1.05855,2.44,2.82
2013.05.17 14:29:15.246,1.05833,1.05845,1.88,1.50
2013.05.17 14:29:15.677,1.05823,1.05844,1.47,2.44
2013.05.17 14:29:15.747,1.05823,1.05844,1.32,2.44
2013.05.17 14:29:15.817,1.05822,1.05842,1.88,2.25
2013.05.17 14:29:16.029,1.05825,1.05844,1.13,3.34
2013.05.17 14:29:16.214,1.05823,1.05843,2.03,2.59
2013.05.17 14:29:16.636,1.05825,1.05844,1.13,3.34
2013.05.17 14:29:17.894,1.05825,1.05844,1.13,3.34
2013.05.17 14:29:18.398,1.05825,1.05843,2.07,1.50
2013.05.17 14:29:18.759,1.05825,1.05843,2.07,1.50
2013.05.17 14:29:18.972,1.05828,1.05844,1.13,1.50
2013.05.17 14:29:19.873,1.05825,1.05843,2.22,2.25
2013.05.17 14:29:19.994,1.05823,1.05841,1.84,1.65
2013.05.17 14:29:20.375,1.05825,1.05843,2.07,2.25
2013.05.17 14:29:20.715,1.05827,1.05843,1.13,1.50
2013.05.17 14:29:20.844,1.05827,1.05844,1.88,1.50
2013.05.17 14:29:20.906,1.05827,1.05844,1.50,1.65
2013.05.17 14:29:20.975,1.05827,1.05843,1.13,2.25
2013.05.17 14:29:22.316,1.05825,1.05843,1.09,1.65
2013.05.17 14:29:22.386,1.05823,1.0584,2.59,2.25
2013.05.17 14:29:22.635,1.05819,1.05838,1.13,2.40
2013.05.17 14:29:23.462,1.05822,1.05837,1.13,2.25
2013.05.17 14:29:23.546,1.05822,1.0584,2.07,2.25
2013.05.17 14:29:23.864,1.05824,1.05841,1.13,1.50
2013.05.17 14:29:24.045,1.05823,1.05841,1.09,1.65
2013.05.17 14:29:24.105,1.05821,1.05839,2.55,1.69
2013.05.17 14:29:24.595,1.05817,1.05837,1.88,2.25
2013.05.17 14:29:24.654,1.05817,1.05837,1.88,2.40
2013.05.17 14:29:25.194,1.05814,1.05834,2.22,1.69
2013.05.17 14:29:25.734,1.05817,1.05832,1.13,1.50
2013.05.17 14:29:25.794,1.05816,1.05832,1.65,1.50
2013.05.17 14:29:25.916,1.05816,1.05834,1.88,1.69
2013.05.17 14:29:26.045,1.05816,1.05834,1.28,2.44
2013.05.17 14:29:26.415,1.05815,1.05833,1.28,1.50
2013.05.17 14:29:26.534,1.05815,1.05833,1.13,2.25
2013.05.17 14:29:27.216,1.05815,1.05833,1.13,1.50
2013.05.17 14:29:27.464,1.05817,1.05834,1.13,1.69
2013.05.17 14:29:30.414,1.05823,1.05834,1.13,1.50
2013.05.17 14:29:30.536,1.05825,1.05839,1.13,1.50
2013.05.17 14:29:30.595,1.05825,1.05839,1.28,1.50
2013.05.17 14:29:30.656,1.05828,1.05841,1.13,1.50
2013.05.17 14:29:31.026,1.05825,1.05841,1.13,1.50
2013.05.17 14:29:31.354,1.05825,1.05844,1.47,1.50
2013.05.17 14:29:31.806,1.05825,1.05844,1.47,1.50
2013.05.17 14:29:33.047,1.05824,1.05842,1.47,1.50
2013.05.17 14:29:33.244,1.05825,1.05843,1.13,2.25
2013.05.17 14:29:34.018,1.05825,1.05843,1.32,1.65
2013.05.17 14:29:34.169,1.05825,1.05843,1.32,2.25
2013.05.17 14:29:34.354,1.05825,1.05843,1.32,2.40
2013.05.17 14:29:36.926,1.05822,1.05839,1.13,3.00
2013.05.17 14:29:36.995,1.05822,1.05839,1.13,3.00
2013.05.17 14:29:38.054,1.05819,1.05837,1.32,1.50
2013.05.17 14:29:39.044,1.05819,1.05837,1.13,1.50
2013.05.17 14:29:39.103,1.05819,1.05837,1.13,2.25
2013.05.17 14:29:40.344,1.0582,1.05837,1.13,1.50
2013.05.17 14:29:40.645,1.0582,1.05837,1.47,1.50
2013.05.17 14:29:40.885,1.05823,1.05838,1.13,1.50
2013.05.17 14:29:41.025,1.05822,1.05838,1.24,1.50
2013.05.17 14:29:41.745,1.0582,1.05839,1.32,3.00
2013.05.17 14:29:42.543,1.05814,1.05834,1.47,2.25
2013.05.17 14:29:43.166,1.05814,1.05833,1.13,1.09
2013.05.17 14:29:45.635,1.05817,1.05831,1.13,1.50
2013.05.17 14:29:45.815,1.05812,1.0583,2.22,1.50
2013.05.17 14:29:48.334,1.05812,1.05829,1.05,1.65
2013.05.17 14:29:48.395,1.0581,1.05826,1.65,1.65
2013.05.17 14:29:48.575,1.0581,1.05828,2.03,2.25
2013.05.17 14:29:49.136,1.05807,1.05825,2.22,1.50
2013.05.17 14:29:50.966,1.05807,1.05825,1.80,1.65
2013.05.17 14:29:51.157,1.05804,1.05821,1.13,1.50
2013.05.17 14:29:52.831,1.05804,1.05821,1.28,1.69
2013.05.17 14:29:54.044,1.05805,1.05822,1.13,2.25
2013.05.17 14:29:54.224,1.05802,1.0582,1.80,1.50
2013.05.17 14:29:56.621,1.05803,1.05821,1.84,1.50
2013.05.17 14:29:56.885,1.05803,1.0582,1.50,1.13
2013.05.17 14:29:57.245,1.05793,1.05811,1.65,1.50
2013.05.17 14:29:58.207,1.05792,1.05811,1.09,1.50
2013.05.17 14:29:58.275,1.05791,1.05811,2.59,1.50
2013.05.17 14:29:58.345,1.05792,1.05811,1.84,1.50
2013.05.17 14:29:59.109,1.05793,1.05813,2.40,1.69
2013.05.17 14:29:59.295,1.05797,1.05816,1.65,1.69
2013.05.17 14:29:59.843,1.05797,1.05816,2.40,1.69
2013.05.17 14:29:59.904,1.05797,1.05817,3.15,1.69
2013.05.17 14:29:59.965,1.05797,1.05816,2.25,1.69
2013.05.17 14:30:00.028,1.05797,1.05811,1.50,1.50
2013.05.17 14:30:00.336,1.05787,1.05805,2.25,1.69
2013.05.17 14:30:00.410,1.05787,1.05805,1.50,1.69
2013.05.17 14:30:00.838,1.05787,1.05806,1.50,1.50
2013.05.17 14:30:00.966,1.05787,1.05806,1.69,1.50
2013.05.17 14:30:01.515,1.05786,1.05805,1.09,1.50
2013.05.17 14:30:01.587,1.05787,1.05805,1.32,1.50
2013.05.17 14:30:01.896,1.05791,1.05807,1.13,1.69
2013.05.17 14:30:01.964,1.05792,1.05809,1.13,1.69
2013.05.17 14:30:02.909,1.05795,1.0581,1.13,1.69
2013.05.17 14:30:02.992,1.05795,1.05814,1.88,1.09
2013.05.17 14:30:05.744,1.05796,1.05814,2.40,1.84
2013.05.17 14:30:06.284,1.05801,1.05818,1.13,1.50
2013.05.17 14:30:06.404,1.05801,1.05819,1.13,1.65
2013.05.17 14:30:08.107,1.05804,1.05818,1.13,2.25
2013.05.17 14:30:08.416,1.0581,1.05822,2.59,1.50
2013.05.17 14:30:08.790,1.05818,1.05822,1.09,1.50
2013.05.17 14:30:08.918,1.05818,1.05827,2.82,3.00
2013.05.17 14:30:09.585,1.05821,1.05827,1.13,1.50
2013.05.17 14:30:09.672,1.05819,1.05838,1.65,3.15
2013.05.17 14:30:09.817,1.05817,1.05838,1.32,3.15
2013.05.17 14:30:10.128,1.05816,1.05833,2.82,1.50
2013.05.17 14:30:10.435,1.05815,1.05835,1.28,1.69
2013.05.17 14:30:10.496,1.05814,1.05835,1.80,2.07
2013.05.17 14:30:11.055,1.05814,1.05832,1.65,1.09
2013.05.17 14:30:11.114,1.05814,1.05833,1.65,1.84
2013.05.17 14:30:12.057,1.05817,1.05835,2.63,1.84
2013.05.17 14:30:12.426,1.05815,1.05834,2.25,1.84
2013.05.17 14:30:12.494,1.05815,1.0583,1.50,1.88
2013.05.17 14:30:12.555,1.05811,1.0583,2.40,1.88
2013.05.17 14:30:12.685,1.05811,1.05829,1.65,1.84
2013.05.17 14:30:13.044,1.05812,1.05829,1.65,1.69
2013.05.17 14:30:13.309,1.05812,1.05827,1.65,1.50
2013.05.17 14:30:13.616,1.05817,1.05832,1.28,1.69
2013.05.17 14:30:13.686,1.05817,1.05833,1.28,1.69
2013.05.17 14:30:13.815,1.05817,1.05834,2.03,2.25
2013.05.17 14:30:13.937,1.05817,1.05833,1.13,1.50
2013.05.17 14:30:14.255,1.05817,1.05836,1.88,1.65
2013.05.17 14:30:14.377,1.05817,1.05837,1.88,1.88
2013.05.17 14:30:14.625,1.05818,1.05838,1.88,1.05
2013.05.17 14:30:15.144,1.05818,1.05838,1.65,1.65
2013.05.17 14:30:15.326,1.05819,1.05838,1.50,3.34
2013.05.17 14:30:15.969,1.0582,1.05838,1.50,4.32
2013.05.17 14:30:16.345,1.05821,1.05838,1.88,1.69
2013.05.17 14:30:16.656,1.05823,1.0584,2.93,1.88
2013.05.17 14:30:16.724,1.05822,1.0584,1.65,1.88
2013.05.17 14:30:17.245,1.0582,1.05837,3.83,1.13
2013.05.17 14:30:17.484,1.05819,1.05837,1.65,1.13
2013.05.17 14:30:18.224,1.05818,1.05838,1.50,1.32
2013.05.17 14:30:18.345,1.05817,1.05833,1.50,1.32
2013.05.17 14:30:18.834,1.05813,1.05832,1.09,1.13
2013.05.17 14:30:18.895,1.05812,1.05832,1.28,2.07
2013.05.17 14:30:18.955,1.05815,1.05833,1.13,1.84
2013.05.17 14:30:19.024,1.05812,1.05832,1.13,2.07
2013.05.17 14:30:19.265,1.05817,1.05832,1.65,1.69
2013.05.17 14:30:20.549,1.05811,1.05827,1.65,1.65
2013.05.17 14:30:20.799,1.05815,1.0583,1.50,1.09
2013.05.17 14:30:20.925,1.05815,1.05833,1.88,1.09
2013.05.17 14:30:21.175,1.05815,1.05831,1.13,1.50
2013.05.17 14:30:21.775,1.05813,1.0583,1.65,2.40
2013.05.17 14:30:23.490,1.05812,1.0583,1.88,3.15
2013.05.17 14:30:24.455,1.05812,1.05831,1.88,3.34
2013.05.17 14:30:24.775,1.05814,1.05833,1.65,1.13
2013.05.17 14:30:25.146,1.05818,1.05836,1.13,2.07
2013.05.17 14:30:25.338,1.05818,1.05836,1.13,2.07
2013.05.17 14:30:26.264,1.05818,1.05836,1.13,1.88
2013.05.17 14:30:27.614,1.05817,1.05833,1.32,1.50
2013.05.17 14:30:28.096,1.05821,1.05835,1.50,1.65
2013.05.17 14:30:28.464,1.05816,1.05833,1.69,1.88
2013.05.17 14:30:28.586,1.05813,1.05829,1.84,1.13
2013.05.17 14:30:29.763,1.05811,1.05825,1.88,1.50
2013.05.17 14:30:29.848,1.0581,1.05825,1.88,1.50
2013.05.17 14:30:30.215,1.0581,1.05824,1.13,1.50
2013.05.17 14:30:30.516,1.0581,1.0582,1.13,2.93
2013.05.17 14:30:32.324,1.05808,1.05823,1.13,2.18
2013.05.17 14:30:32.385,1.05808,1.05825,1.13,1.50
2013.05.17 14:30:32.995,1.0581,1.05825,1.13,1.50
2013.05.17 14:30:33.554,1.0581,1.05825,1.09,1.65
2013.05.17 14:30:33.706,1.05806,1.05825,2.07,2.25
2013.05.17 14:30:33.907,1.0581,1.05828,1.13,2.59
2013.05.17 14:30:36.595,1.0581,1.0583,2.03,1.09
2013.05.17 14:30:36.774,1.0581,1.05831,2.22,2.59
2013.05.17 14:30:38.303,1.0581,1.05831,2.22,3.19
2013.05.17 14:30:38.379,1.0581,1.05829,2.82,1.65
2013.05.17 14:30:38.765,1.05813,1.05833,1.13,3.38
2013.05.17 14:30:39.399,1.05817,1.05833,1.50,1.13
2013.05.17 14:30:41.226,1.05815,1.05831,1.09,1.65
2013.05.17 14:30:41.403,1.05816,1.05831,1.13,1.50
2013.05.17 14:30:41.765,1.0582,1.05837,1.13,1.50
2013.05.17 14:30:42.677,1.05816,1.05835,2.59,1.88
2013.05.17 14:30:43.973,1.05816,1.05835,3.34,4.13
2013.05.17 14:30:44.514,1.05814,1.05832,1.84,1.88
2013.05.17 14:30:44.874,1.05816,1.05835,1.50,1.50
2013.05.17 14:30:45.234,1.05821,1.05837,1.28,1.65
2013.05.17 14:30:46.685,1.05819,1.05836,1.09,1.65
2013.05.17 14:30:46.746,1.05816,1.05835,3.72,1.65
2013.05.17 14:30:47.175,1.05819,1.05837,2.40,1.88
2013.05.17 14:30:47.475,1.05821,1.05838,1.32,1.65
2013.05.17 14:30:48.466,1.05819,1.05837,1.32,1.65
2013.05.17 14:30:48.726,1.05827,1.05838,1.13,1.50
2013.05.17 14:30:49.284,1.05827,1.05841,3.72,1.50
2013.05.17 14:30:49.780,1.05831,1.05849,1.13,1.84
2013.05.17 14:30:50.364,1.05829,1.05845,1.09,1.13
2013.05.17 14:30:50.665,1.05831,1.05848,1.13,2.18
2013.05.17 14:30:50.725,1.05831,1.05851,1.13,3.34
2013.05.17 14:30:51.496,1.05831,1.0585,1.13,1.13
2013.05.17 14:30:52.484,1.05831,1.0585,1.47,2.25
2013.05.17 14:30:52.543,1.05831,1.05849,1.47,1.65
2013.05.17 14:30:53.085,1.0583,1.05848,1.32,1.65
2013.05.17 14:30:53.564,1.05829,1.05847,1.09,1.65
2013.05.17 14:30:53.865,1.05829,1.05846,1.09,1.65
2013.05.17 14:30:54.224,1.05829,1.05847,1.32,2.93
2013.05.17 14:30:54.466,1.05828,1.05845,1.09,1.13
2013.05.17 14:30:54.528,1.05827,1.05844,1.65,1.65
2013.05.17 14:30:54.774,1.05825,1.05842,1.13,1.50
2013.05.17 14:30:55.313,1.05826,1.05842,1.32,1.50
2013.05.17 14:30:55.614,1.05821,1.05841,2.07,3.08
2013.05.17 14:30:55.795,1.05821,1.05841,2.97,1.65
2013.05.17 14:30:56.371,1.05824,1.05841,1.13,1.65
2013.05.17 14:30:56.675,1.05824,1.0584,1.50,1.13
2013.05.17 14:30:56.738,1.05821,1.0584,3.34,1.13
2013.05.17 14:30:57.284,1.0582,1.05837,1.13,1.69
2013.05.17 14:30:57.690,1.05817,1.05832,3.19,1.13
2013.05.17 14:30:58.097,1.05817,1.05832,1.69,1.13
2013.05.17 14:30:58.653,1.05815,1.05832,1.69,1.88
2013.05.17 14:30:59.191,1.05817,1.05832,1.32,1.50
2013.05.17 14:30:59.268,1.05818,1.05836,2.03,1.50
2013.05.17 14:30:59.515,1.05817,1.05838,2.78,2.44
2013.05.17 14:31:03.035,1.05822,1.05839,1.13,4.62
2013.05.17 14:31:04.515,1.05822,1.05839,1.88,2.93
2013.05.17 14:31:04.695,1.05825,1.05843,1.13,6.12
2013.05.17 14:31:06.925,1.05826,1.05843,1.13,2.25
2013.05.17 14:31:07.666,1.05825,1.05843,2.59,1.88
2013.05.17 14:31:08.206,1.05825,1.05842,1.65,1.65
2013.05.17 14:31:08.764,1.05823,1.05841,1.13,1.65
2013.05.17 14:31:09.415,1.05825,1.05842,1.65,1.65
2013.05.17 14:31:09.776,1.05827,1.05844,1.13,2.44
2013.05.17 14:31:10.483,1.05827,1.05844,1.13,1.50
2013.05.17 14:31:11.274,1.05827,1.05846,2.07,1.65
2013.05.17 14:31:12.145,1.05827,1.05845,1.84,1.13
2013.05.17 14:31:12.674,1.05826,1.05844,1.09,1.65
2013.05.17 14:31:16.845,1.05825,1.05841,1.13,2.25
2013.05.17 14:31:16.965,1.05822,1.05842,1.50,1.69
2013.05.17 14:31:17.025,1.05821,1.05842,1.65,1.69
2013.05.17 14:31:17.084,1.05821,1.05843,3.34,1.84
2013.05.17 14:31:17.264,1.05822,1.05843,1.65,1.84
2013.05.17 14:31:17.594,1.05824,1.05842,1.13,1.09
2013.05.17 14:31:18.805,1.05824,1.05843,1.88,2.59
2013.05.17 14:31:19.653,1.05823,1.05843,2.03,3.57
2013.05.17 14:31:19.715,1.05823,1.05841,1.88,1.65
2013.05.17 14:31:20.074,1.05822,1.05837,1.13,2.25
2013.05.17 14:31:21.376,1.05823,1.05837,2.03,1.50
2013.05.17 14:31:21.495,1.05827,1.05845,1.88,4.69
2013.05.17 14:31:21.614,1.05827,1.05845,1.88,2.44
2013.05.17 14:31:21.794,1.05825,1.05843,2.82,1.13
2013.05.17 14:31:22.311,1.05825,1.05841,1.13,2.40
2013.05.17 14:31:25.064,1.05825,1.0584,1.13,1.69
2013.05.17 14:31:28.366,1.05825,1.0584,1.13,2.44
2013.05.17 14:31:29.034,1.05822,1.05838,1.28,1.50
2013.05.17 14:31:30.176,1.0582,1.05837,1.05,1.65
2013.05.17 14:31:30.296,1.05822,1.05837,1.13,1.50
2013.05.17 14:31:30.777,1.05821,1.05838,1.13,2.25
2013.05.17 14:31:30.851,1.05823,1.05838,1.13,2.25
2013.05.17 14:31:30.987,1.05823,1.05841,1.13,4.32
2013.05.17 14:31:31.295,1.05823,1.05841,1.88,1.13
2013.05.17 14:31:31.595,1.05822,1.0584,1.09,1.13
2013.05.17 14:31:32.172,1.0582,1.0584,1.88,2.63
2013.05.17 14:31:32.634,1.0582,1.05834,2.40,1.65
2013.05.17 14:31:32.849,1.05813,1.05832,1.88,1.13
2013.05.17 14:31:33.384,1.0581,1.05829,1.50,1.32
2013.05.17 14:31:33.565,1.05809,1.05827,1.09,1.88
2013.05.17 14:31:33.745,1.05809,1.05827,1.13,1.69
2013.05.17 14:31:35.575,1.0581,1.05827,1.88,1.69
2013.05.17 14:31:36.176,1.05806,1.05825,5.03,1.65
2013.05.17 14:31:38.015,1.05806,1.05823,1.88,1.50
2013.05.17 14:31:38.075,1.05806,1.05823,1.65,1.88
2013.05.17 14:31:39.528,1.05802,1.05821,1.69,1.88
2013.05.17 14:31:39.834,1.05801,1.05817,1.65,1.13
2013.05.17 14:31:40.245,1.05797,1.05815,1.84,1.13
2013.05.17 14:31:40.305,1.05798,1.05817,1.13,1.09
2013.05.17 14:31:40.844,1.05798,1.05817,1.88,1.84
2013.05.17 14:31:41.354,1.05798,1.05817,1.13,1.32
2013.05.17 14:31:42.706,1.05799,1.05816,1.32,1.65
2013.05.17 14:31:42.834,1.05802,1.05816,1.13,1.50
2013.05.17 14:31:43.136,1.05806,1.0582,1.13,1.50
2013.05.17 14:31:43.446,1.05807,1.05823,2.07,1.50
2013.05.17 14:31:43.574,1.05807,1.05824,1.84,2.40
2013.05.17 14:31:43.814,1.05808,1.05826,1.32,2.40
2013.05.17 14:31:44.055,1.05806,1.05824,1.09,2.63
2013.05.17 14:31:44.295,1.05808,1.05824,1.13,1.69
2013.05.17 14:31:45.657,1.05808,1.05826,1.13,1.84
2013.05.17 14:31:45.997,1.05808,1.05825,1.13,1.50
2013.05.17 14:31:46.065,1.05806,1.05824,1.28,1.65
2013.05.17 14:31:46.474,1.05805,1.05824,1.32,2.40
2013.05.17 14:31:46.595,1.05804,1.05823,2.59,1.13
2013.05.17 14:31:46.654,1.05806,1.05823,1.13,1.09
2013.05.17 14:31:47.205,1.05806,1.05824,1.13,2.59
2013.05.17 14:31:49.456,1.05806,1.05823,1.13,1.09
2013.05.17 14:31:49.585,1.05804,1.05821,1.50,1.32
2013.05.17 14:31:49.645,1.05805,1.05823,1.13,2.44
2013.05.17 14:31:49.764,1.05805,1.05823,1.88,1.50
2013.05.17 14:31:50.494,1.05805,1.05823,2.40,1.32
2013.05.17 14:31:51.214,1.05806,1.05823,1.13,1.50
2013.05.17 14:31:51.755,1.05806,1.05823,1.50,1.88
2013.05.17 14:31:51.935,1.05803,1.05823,2.82,1.88
2013.05.17 14:31:52.961,1.05805,1.05823,2.40,1.88
2013.05.17 14:31:53.264,1.05807,1.05824,1.88,1.84
2013.05.17 14:31:54.991,1.05806,1.05825,2.07,1.88
2013.05.17 14:32:01.130,1.05807,1.05824,1.13,2.40
2013.05.17 14:32:01.268,1.05803,1.0582,1.13,1.09
2013.05.17 14:32:02.205,1.05801,1.0582,1.13,1.84
2013.05.17 14:32:02.713,1.05804,1.0582,1.65,1.84
2013.05.17 14:32:03.015,1.05806,1.0582,1.13,1.50
2013.05.17 14:32:03.075,1.05804,1.0582,1.80,1.88
2013.05.17 14:32:03.136,1.05802,1.0582,2.63,1.13
2013.05.17 14:32:04.845,1.05802,1.0582,1.50,2.07
2013.05.17 14:32:04.905,1.05801,1.05818,1.50,1.13
2013.05.17 14:32:05.840,1.05802,1.0582,1.88,2.07
2013.05.17 14:32:08.234,1.05805,1.05823,1.13,5.40
2013.05.17 14:32:08.539,1.05812,1.05829,1.13,1.50
2013.05.17 14:32:08.664,1.05812,1.0583,1.13,3.15
2013.05.17 14:32:08.904,1.0581,1.05826,1.05,1.13
2013.05.17 14:32:09.207,1.05812,1.05828,1.13,1.50
2013.05.17 14:32:09.395,1.05812,1.05829,1.13,2.59
2013.05.17 14:32:10.377,1.05812,1.05829,1.13,1.65
2013.05.17 14:32:10.905,1.05812,1.0583,1.13,1.65
2013.05.17 14:32:11.418,1.05812,1.05829,1.13,1.65
2013.05.17 14:32:11.934,1.05812,1.0583,1.13,1.65
2013.05.17 14:32:12.114,1.05812,1.05829,1.13,1.65
2013.05.17 14:32:15.298,1.05811,1.05828,1.65,1.65
2013.05.17 14:32:17.522,1.0581,1.05828,2.40,1.65
2013.05.17 14:32:17.956,1.05811,1.05829,1.88,1.69
2013.05.17 14:32:18.282,1.05816,1.05833,1.13,2.25
2013.05.17 14:32:18.410,1.05819,1.05835,1.88,1.65
2013.05.17 14:32:18.621,1.05819,1.05837,2.40,1.09
2013.05.17 14:32:19.122,1.05821,1.0584,1.50,1.13
2013.05.17 14:32:19.190,1.05821,1.0584,1.50,1.13
2013.05.17 14:32:19.376,1.0582,1.05838,1.13,1.09
2013.05.17 14:32:19.906,1.05822,1.0584,1.88,1.88
2013.05.17 14:32:20.396,1.05824,1.05843,1.13,1.32
2013.05.17 14:32:20.954,1.05822,1.0584,1.13,1.13
2013.05.17 14:32:21.017,1.05822,1.05839,1.13,1.84
2013.05.17 14:32:21.335,1.0582,1.05835,1.50,1.32
2013.05.17 14:32:21.657,1.05818,1.05834,1.50,2.22
2013.05.17 14:32:21.786,1.05818,1.05828,1.50,2.78
2013.05.17 14:32:21.916,1.05818,1.05828,1.50,1.13
2013.05.17 14:32:21.975,1.05818,1.05828,1.50,1.13
2013.05.17 14:32:22.286,1.0581,1.05828,1.09,1.13
2013.05.17 14:32:22.695,1.05808,1.05825,2.44,1.13
2013.05.17 14:32:22.815,1.05809,1.05827,1.13,1.28
2013.05.17 14:32:22.937,1.05811,1.05829,1.13,1.09
2013.05.17 14:32:23.926,1.05812,1.05831,3.53,1.69
2013.05.17 14:32:24.176,1.05813,1.05833,1.47,1.65
2013.05.17 14:32:25.531,1.05813,1.05833,1.47,1.65
2013.05.17 14:32:27.592,1.05811,1.05829,1.09,1.88
2013.05.17 14:32:27.895,1.05809,1.05826,1.13,2.40
2013.05.17 14:32:28.025,1.05807,1.05823,1.69,1.13
2013.05.17 14:32:28.574,1.05805,1.05823,1.65,1.13
2013.05.17 14:32:29.365,1.05803,1.05821,1.65,1.13
2013.05.17 14:32:29.725,1.05805,1.05825,1.47,1.65
2013.05.17 14:32:30.248,1.05807,1.05825,1.13,1.65
2013.05.17 14:32:30.376,1.05807,1.05826,1.13,1.84
2013.05.17 14:32:30.575,1.05807,1.05825,1.13,1.65
2013.05.17 14:32:30.886,1.05806,1.05823,2.07,1.50
2013.05.17 14:32:31.066,1.05806,1.05824,1.88,1.09
2013.05.17 14:32:31.305,1.05808,1.05824,2.40,1.09
2013.05.17 14:32:31.615,1.0581,1.05827,1.13,1.65
2013.05.17 14:32:32.126,1.05808,1.05827,2.40,1.32
2013.05.17 14:32:32.256,1.05808,1.05825,2.40,3.83
2013.05.17 14:32:32.815,1.05808,1.05825,2.40,2.40
2013.05.17 14:32:33.512,1.05808,1.05824,2.40,1.84
2013.05.17 14:32:33.697,1.05806,1.05824,1.13,1.84
2013.05.17 14:32:34.236,1.05804,1.05822,3.57,1.13
2013.05.17 14:32:34.596,1.05804,1.05824,1.13,2.59
2013.05.17 14:32:34.904,1.05809,1.05822,1.13,1.50
2013.05.17 14:32:35.213,1.05812,1.05823,1.13,1.50
2013.05.17 14:32:35.741,1.05809,1.05825,1.13,1.50
2013.05.17 14:32:36.574,1.05811,1.05823,1.13,1.50
2013.05.17 14:32:36.657,1.05802,1.05822,1.32,1.13
2013.05.17 14:32:37.041,1.05802,1.05815,1.13,1.50
2013.05.17 14:32:37.106,1.05801,1.05819,1.13,4.32
2013.05.17 14:32:38.076,1.058,1.05815,1.13,1.50
2013.05.17 14:32:38.198,1.05798,1.05815,1.13,1.65
2013.05.17 14:32:38.327,1.05802,1.05816,1.50,1.32
2013.05.17 14:32:38.454,1.05803,1.05821,1.13,1.65
2013.05.17 14:32:39.824,1.05803,1.05821,1.88,2.40
2013.05.17 14:32:39.886,1.05808,1.05821,1.13,1.50
2013.05.17 14:32:40.800,1.05809,1.05825,1.13,3.08
2013.05.17 14:32:40.888,1.0581,1.05829,1.88,1.84
2013.05.17 14:32:41.404,1.05814,1.0583,1.13,2.25
2013.05.17 14:32:42.165,1.05814,1.05832,1.13,1.84
2013.05.17 14:32:42.825,1.05814,1.05832,1.13,2.40
2013.05.17 14:32:43.126,1.05818,1.05834,1.50,1.13
2013.05.17 14:32:43.255,1.05818,1.05836,1.88,3.19
2013.05.17 14:32:44.615,1.05818,1.05836,2.63,1.69
2013.05.17 14:32:46.104,1.05821,1.05836,1.13,1.69
2013.05.17 14:32:46.227,1.05825,1.05838,1.50,2.40
2013.05.17 14:32:46.296,1.05825,1.05839,2.63,1.50
2013.05.17 14:32:46.488,1.05825,1.05842,1.88,1.65
2013.05.17 14:32:46.795,1.05825,1.05841,1.50,1.13
2013.05.17 14:32:47.395,1.05825,1.05843,1.50,1.88
2013.05.17 14:32:47.456,1.05823,1.0584,1.65,1.13
2013.05.17 14:32:48.225,1.05822,1.0584,1.65,1.13
2013.05.17 14:32:48.284,1.05822,1.05838,1.50,1.13
2013.05.17 14:32:49.036,1.05819,1.05838,1.09,1.13
2013.05.17 14:32:50.155,1.05817,1.05834,2.74,1.13
2013.05.17 14:32:51.615,1.05816,1.05834,1.09,1.13
2013.05.17 14:32:52.036,1.05815,1.05834,1.84,1.28
2013.05.17 14:32:52.098,1.05814,1.05831,2.40,1.65
2013.05.17 14:32:52.227,1.05814,1.05832,2.40,1.88
2013.05.17 14:32:52.486,1.05812,1.0583,1.88,3.08
2013.05.17 14:32:52.984,1.05812,1.0583,1.13,2.40
2013.05.17 14:32:53.224,1.0581,1.05829,1.13,1.69
2013.05.17 14:32:53.286,1.05809,1.05826,1.50,1.13
2013.05.17 14:32:53.839,1.05809,1.05827,2.40,1.13
2013.05.17 14:32:54.408,1.05811,1.0583,1.13,1.84
2013.05.17 14:32:54.997,1.05814,1.0583,1.65,1.09
2013.05.17 14:32:56.638,1.05813,1.0583,1.88,1.50
2013.05.17 14:32:56.886,1.05813,1.05832,2.63,1.09
2013.05.17 14:32:57.085,1.05813,1.05832,2.63,1.09
2013.05.17 14:32:57.446,1.05811,1.05829,1.13,2.82
2013.05.17 14:32:57.754,1.05813,1.05829,1.13,1.50
2013.05.17 14:32:57.934,1.05813,1.05832,1.13,1.84
2013.05.17 14:32:58.207,1.05815,1.05833,1.13,1.65
2013.05.17 14:32:58.754,1.05814,1.05832,1.88,1.88
2013.05.17 14:32:59.066,1.05819,1.05836,1.13,1.50
2013.05.17 14:32:59.135,1.05819,1.05837,2.07,1.13
2013.05.17 14:32:59.434,1.05821,1.05838,1.13,1.65
2013.05.17 14:32:59.954,1.05822,1.0584,1.13,2.63
2013.05.17 14:33:00.626,1.05823,1.05842,1.13,1.84
2013.05.17 14:33:01.256,1.05821,1.0584,1.88,2.40
2013.05.17 14:33:01.565,1.05819,1.05837,2.03,1.88
2013.05.17 14:33:02.554,1.05818,1.05835,1.13,1.50
2013.05.17 14:33:02.875,1.05814,1.05832,2.07,1.13
2013.05.17 14:33:04.064,1.05816,1.05834,1.13,2.59
2013.05.17 14:33:04.545,1.05815,1.05834,2.40,2.82
2013.05.17 14:33:04.984,1.05816,1.05834,1.13,1.65
2013.05.17 14:33:05.344,1.05817,1.05836,1.69,1.13
2013.05.17 14:33:05.584,1.05814,1.05832,1.84,1.65
2013.05.17 14:33:05.764,1.05814,1.05829,1.84,1.50
2013.05.17 14:33:06.125,1.05815,1.0583,1.65,1.50
2013.05.17 14:33:06.366,1.05814,1.05831,2.63,1.65
2013.05.17 14:33:06.486,1.05812,1.05831,2.40,2.63
2013.05.17 14:33:06.795,1.05812,1.05827,1.50,1.88
2013.05.17 14:33:07.339,1.05809,1.05827,1.88,2.63
2013.05.17 14:33:07.947,1.05808,1.05828,1.50,1.88
2013.05.17 14:33:08.434,1.05811,1.05829,2.40,2.82
2013.05.17 14:33:08.965,1.05809,1.05828,2.07,1.65
2013.05.17 14:33:09.146,1.05808,1.05828,2.40,2.07
2013.05.17 14:33:09.454,1.05809,1.05827,1.13,1.84
2013.05.17 14:33:09.942,1.05809,1.05823,1.13,1.65
2013.05.17 14:33:10.006,1.05808,1.05823,1.65,1.80
2013.05.17 14:33:10.077,1.05806,1.05824,2.25,2.03
2013.05.17 14:33:10.146,1.05802,1.05821,1.84,1.13
2013.05.17 14:33:10.215,1.05802,1.05821,1.09,1.13
2013.05.17 14:33:10.575,1.05802,1.05821,1.84,1.13
2013.05.17 14:33:10.767,1.05801,1.0582,1.32,1.65
2013.05.17 14:33:10.836,1.05803,1.05821,2.40,1.13
2013.05.17 14:33:11.147,1.05807,1.05824,2.07,1.50
2013.05.17 14:33:11.781,1.05807,1.05827,3.57,1.13
2013.05.17 14:33:12.084,1.05807,1.05823,2.07,1.50
2013.05.17 14:33:12.585,1.05807,1.05825,2.07,2.40
2013.05.17 14:33:12.706,1.05805,1.05819,1.50,1.65
2013.05.17 14:33:12.765,1.05802,1.05819,3.08,1.65
2013.05.17 14:33:12.825,1.05801,1.05819,1.88,1.65
2013.05.17 14:33:13.134,1.05801,1.05819,1.28,1.50
2013.05.17 14:33:13.495,1.05809,1.05826,1.47,1.50
2013.05.17 14:33:14.226,1.0581,1.05828,2.63,1.32
2013.05.17 14:33:18.906,1.05812,1.05827,1.13,2.44
2013.05.17 14:33:18.965,1.05812,1.05827,1.13,2.44
2013.05.17 14:33:19.145,1.05813,1.05827,1.88,1.69
2013.05.17 14:33:19.668,1.05811,1.05828,1.88,1.69
2013.05.17 14:33:19.975,1.05808,1.05821,1.50,1.32
2013.05.17 14:33:20.034,1.05806,1.05822,1.13,3.38
2013.05.17 14:33:21.387,1.05804,1.05819,1.13,1.50
2013.05.17 14:33:23.375,1.05806,1.05819,1.13,1.50
2013.05.17 14:33:23.436,1.05808,1.05823,1.13,2.44
2013.05.17 14:33:23.735,1.05811,1.05824,1.13,1.69
2013.05.17 14:33:23.974,1.05809,1.05825,1.13,1.84
2013.05.17 14:33:24.157,1.05806,1.05824,1.13,2.07
2013.05.17 14:33:24.586,1.05806,1.05823,1.13,1.09
2013.05.17 14:33:24.646,1.05804,1.05821,1.88,1.09
2013.05.17 14:33:24.705,1.05804,1.0582,1.50,1.32
2013.05.17 14:33:25.766,1.058,1.05818,1.13,1.09
2013.05.17 14:33:26.382,1.058,1.05818,1.13,1.09
2013.05.17 14:33:27.401,1.058,1.05818,1.13,1.09
2013.05.17 14:33:27.705,1.05799,1.05817,1.88,1.32
2013.05.17 14:33:28.617,1.05799,1.05817,1.88,2.07
2013.05.17 14:33:29.335,1.05798,1.05814,2.40,1.13
2013.05.17 14:33:29.695,1.05796,1.05811,1.13,1.50
2013.05.17 14:33:29.755,1.05791,1.05809,1.13,1.13
2013.05.17 14:33:29.815,1.05796,1.05811,1.13,1.50
2013.05.17 14:33:29.935,1.05792,1.05809,1.05,1.65
2013.05.17 14:33:30.055,1.05791,1.05809,1.09,1.65
2013.05.17 14:33:31.525,1.05792,1.0581,1.13,1.09
2013.05.17 14:33:33.266,1.05791,1.05808,2.40,1.84
2013.05.17 14:33:33.568,1.05787,1.05803,1.65,1.32
2013.05.17 14:33:33.708,1.05784,1.05803,3.38,1.32
2013.05.17 14:33:34.257,1.05786,1.05803,1.65,2.07
2013.05.17 14:33:34.566,1.05783,1.058,1.50,1.32
2013.05.17 14:33:34.994,1.05784,1.05803,2.40,1.32
2013.05.17 14:33:35.234,1.05785,1.05803,2.40,1.32
2013.05.17 14:33:35.714,1.05784,1.05803,2.40,1.32
2013.05.17 14:33:36.466,1.05785,1.05803,2.40,2.07
2013.05.17 14:33:36.526,1.05787,1.05803,1.50,2.07
2013.05.17 14:33:37.515,1.05784,1.05801,1.65,1.88
2013.05.17 14:33:37.635,1.05787,1.05801,1.50,1.13
2013.05.17 14:33:38.277,1.05784,1.05801,2.40,1.88
2013.05.17 14:33:38.826,1.05781,1.05799,1.88,1.09
2013.05.17 14:33:43.614,1.05783,1.05799,1.50,3.57
2013.05.17 14:33:43.856,1.05781,1.05798,1.50,1.32
2013.05.17 14:33:43.977,1.05782,1.058,1.88,2.07
2013.05.17 14:33:48.086,1.05779,1.05799,2.55,1.13
2013.05.17 14:33:49.346,1.05779,1.05795,1.65,1.09
2013.05.17 14:33:50.322,1.05777,1.05795,1.65,1.32
2013.05.17 14:33:50.747,1.05777,1.05795,1.65,1.32
2013.05.17 14:33:50.937,1.0578,1.05796,1.65,1.09
2013.05.17 14:33:51.007,1.0578,1.05799,1.65,3.72
2013.05.17 14:33:52.204,1.05782,1.05799,2.25,1.32
2013.05.17 14:33:52.888,1.05786,1.05804,1.50,1.32
2013.05.17 14:33:53.452,1.05787,1.05801,1.50,1.09
2013.05.17 14:33:53.976,1.05783,1.05802,2.63,1.09
2013.05.17 14:33:55.004,1.05785,1.05802,1.65,1.09
2013.05.17 14:33:55.736,1.05785,1.05801,1.50,2.82
2013.05.17 14:33:55.806,1.05779,1.05796,1.65,1.13
2013.05.17 14:33:55.876,1.05778,1.05795,1.65,1.13
2013.05.17 14:33:56.005,1.05776,1.05794,1.50,1.13
2013.05.17 14:33:56.366,1.05778,1.05794,1.50,1.13
2013.05.17 14:33:56.434,1.05778,1.05796,1.65,1.47
2013.05.17 14:33:56.638,1.05782,1.05796,1.50,1.32
2013.05.17 14:33:56.848,1.05776,1.05794,2.25,1.28
2013.05.17 14:33:56.922,1.05775,1.05789,1.50,1.88
2013.05.17 14:33:57.062,1.05773,1.05789,1.50,2.07
2013.05.17 14:33:57.777,1.05774,1.05789,1.50,1.13
2013.05.17 14:33:57.845,1.05774,1.05791,1.88,1.09
2013.05.17 14:33:58.268,1.05776,1.05794,2.63,1.09
2013.05.17 14:33:58.336,1.05778,1.05794,1.65,1.09
2013.05.17 14:33:59.409,1.05778,1.05796,2.40,1.13
2013.05.17 14:33:59.857,1.05778,1.05792,2.40,1.50
2013.05.17 14:34:00.185,1.0577,1.05789,1.65,2.07
2013.05.17 14:34:00.494,1.05772,1.05791,1.50,2.07
2013.05.17 14:34:00.765,1.05772,1.05791,1.88,2.07
2013.05.17 14:34:01.235,1.05774,1.05791,1.65,2.07
2013.05.17 14:34:02.117,1.05773,1.05791,1.65,2.07
2013.05.17 14:34:02.246,1.05773,1.05788,1.65,1.99
2013.05.17 14:34:02.375,1.05771,1.0579,1.88,1.09
2013.05.17 14:34:02.443,1.05771,1.05788,1.13,1.09
2013.05.17 14:34:02.745,1.0577,1.05783,1.50,1.13
2013.05.17 14:34:03.285,1.05767,1.05783,3.83,1.13
2013.05.17 14:34:03.345,1.05766,1.05782,1.50,1.13
2013.05.17 14:34:03.466,1.05765,1.05782,1.50,1.32
2013.05.17 14:34:05.027,1.05762,1.0578,1.50,1.32
2013.05.17 14:34:05.096,1.05761,1.05779,1.50,1.32
2013.05.17 14:34:05.232,1.05762,1.05778,1.50,1.32
2013.05.17 14:34:05.485,1.05766,1.0578,1.13,1.50
2013.05.17 14:34:07.358,1.05768,1.05781,1.13,1.69
2013.05.17 14:34:07.471,1.05769,1.05787,1.13,1.84
2013.05.17 14:34:07.595,1.05767,1.05786,3.38,1.09
2013.05.17 14:34:07.715,1.05767,1.05786,2.63,1.09
2013.05.17 14:34:08.435,1.05767,1.05785,2.63,2.07
2013.05.17 14:34:08.644,1.05766,1.05781,1.65,1.50
2013.05.17 14:34:08.709,1.05766,1.05781,1.50,1.88
2013.05.17 14:34:09.575,1.05762,1.05781,1.65,1.88
2013.05.17 14:34:11.355,1.05765,1.05783,3.15,2.59
2013.05.17 14:34:11.416,1.05765,1.05783,2.40,1.84
2013.05.17 14:34:12.275,1.05766,1.05782,1.65,1.09
2013.05.17 14:34:12.537,1.05766,1.05781,1.50,1.32
2013.05.17 14:34:13.058,1.05766,1.05777,1.50,1.13
2013.05.17 14:34:13.257,1.05765,1.05779,1.50,1.09
2013.05.17 14:34:13.506,1.05762,1.05781,2.40,2.82
2013.05.17 14:34:14.930,1.05762,1.05778,1.50,1.32
2013.05.17 14:34:17.165,1.05759,1.05778,4.05,1.09
2013.05.17 14:34:17.755,1.0576,1.05778,1.65,1.09
2013.05.17 14:34:18.657,1.05759,1.05778,1.13,1.09
2013.05.17 14:34:21.886,1.05759,1.05777,1.13,1.09
2013.05.17 14:34:23.645,1.0576,1.05778,1.13,1.69
2013.05.17 14:34:24.144,1.0576,1.05777,1.05,1.09
2013.05.17 14:34:24.886,1.0576,1.05778,1.13,1.69
2013.05.17 14:34:25.126,1.0576,1.05776,1.13,1.09
2013.05.17 14:34:25.495,1.05761,1.05779,1.88,2.59
2013.05.17 14:34:25.686,1.05761,1.05776,1.65,1.09
2013.05.17 14:34:26.237,1.05761,1.05777,1.13,1.69
2013.05.17 14:34:26.547,1.05763,1.0578,1.28,1.69
2013.05.17 14:34:27.199,1.05765,1.05783,1.28,2.44
2013.05.17 14:34:28.898,1.05767,1.0578,1.13,1.69
2013.05.17 14:34:29.026,1.05766,1.05784,1.28,2.44
2013.05.17 14:34:29.088,1.05765,1.0578,1.65,1.32
2013.05.17 14:34:29.396,1.05761,1.05775,2.25,1.13
2013.05.17 14:34:29.455,1.05763,1.05779,1.13,4.09
2013.05.17 14:34:29.995,1.05764,1.0578,2.40,1.09
2013.05.17 14:34:30.784,1.05764,1.05782,1.88,2.59
2013.05.17 14:34:30.845,1.05764,1.05782,1.88,2.59
2013.05.17 14:34:31.166,1.05769,1.05782,1.13,1.69
2013.05.17 14:34:31.299,1.05769,1.05784,1.13,1.69
2013.05.17 14:34:31.914,1.05768,1.05784,1.28,1.84
2013.05.17 14:34:32.095,1.05767,1.05784,1.13,1.84
2013.05.17 14:34:32.336,1.05768,1.05784,1.13,1.84
2013.05.17 14:34:33.615,1.05768,1.05783,1.13,1.69
2013.05.17 14:34:33.927,1.05772,1.05791,1.65,2.07
2013.05.17 14:34:34.116,1.05772,1.05789,2.40,1.32
2013.05.17 14:34:34.186,1.05772,1.05789,3.15,1.32
2013.05.17 14:34:34.528,1.05776,1.05793,1.65,2.37
2013.05.17 14:34:34.597,1.05777,1.05793,2.40,1.05
2013.05.17 14:34:34.786,1.0578,1.05797,1.65,1.32
2013.05.17 14:34:35.301,1.0578,1.05797,2.40,1.32
2013.05.17 14:34:36.325,1.0578,1.05798,3.38,2.07
2013.05.17 14:34:36.835,1.05782,1.05798,1.65,1.32
2013.05.17 14:34:38.096,1.0578,1.05798,3.15,1.32
2013.05.17 14:34:38.166,1.0578,1.05794,2.25,1.32
2013.05.17 14:34:38.224,1.0578,1.05794,2.25,1.32
2013.05.17 14:34:38.285,1.05777,1.05795,1.65,1.32
2013.05.17 14:34:38.466,1.0578,1.05796,1.65,1.84
2013.05.17 14:34:39.177,1.05785,1.05801,1.65,1.09
2013.05.17 14:34:39.486,1.05786,1.05802,1.88,1.09
2013.05.17 14:34:40.045,1.05787,1.05802,2.40,1.09
2013.05.17 14:34:40.165,1.05789,1.05805,1.50,1.32
2013.05.17 14:34:41.885,1.0579,1.05806,1.65,1.69
2013.05.17 14:34:42.065,1.05789,1.05807,3.15,1.32
2013.05.17 14:34:42.364,1.05792,1.05807,1.65,1.84
2013.05.17 14:34:42.424,1.05792,1.05807,1.65,1.84
2013.05.17 14:34:42.545,1.05792,1.05806,1.50,2.07
2013.05.17 14:34:42.785,1.05787,1.05801,1.50,1.09
2013.05.17 14:34:43.594,1.05787,1.05801,1.65,1.69
2013.05.17 14:34:43.985,1.05786,1.05804,2.63,4.02
2013.05.17 14:34:44.525,1.0579,1.05807,1.65,1.09
2013.05.17 14:34:44.826,1.05792,1.05807,1.50,1.09
2013.05.17 14:34:45.285,1.05794,1.05807,1.50,1.09
2013.05.17 14:34:46.325,1.05792,1.05808,1.50,1.84
2013.05.17 14:34:46.626,1.05792,1.05807,2.25,1.09
2013.05.17 14:34:46.687,1.05792,1.05806,2.25,1.32
2013.05.17 14:34:47.160,1.05792,1.05808,1.50,1.84
2013.05.17 14:34:47.359,1.05792,1.05807,1.50,1.09
2013.05.17 14:34:47.666,1.05789,1.058,1.50,1.32
2013.05.17 14:34:48.653,1.05788,1.058,1.50,1.32
2013.05.17 14:34:49.097,1.05786,1.058,1.50,1.32
2013.05.17 14:34:49.814,1.05786,1.05802,1.65,1.32
2013.05.17 14:34:49.951,1.05786,1.058,1.65,1.09
2013.05.17 14:34:50.018,1.05786,1.058,1.65,1.09
2013.05.17 14:34:51.415,1.05786,1.058,1.50,1.32
2013.05.17 14:34:51.535,1.05786,1.05798,1.50,2.07
2013.05.17 14:34:52.045,1.05784,1.05798,1.50,2.07
2013.05.17 14:34:52.485,1.05782,1.05798,2.25,2.07
2013.05.17 14:34:52.726,1.05784,1.05798,1.50,2.07
2013.05.17 14:34:53.595,1.05786,1.058,1.65,2.59
2013.05.17 14:34:53.776,1.05782,1.05796,3.75,1.32
2013.05.17 14:34:54.317,1.05779,1.05794,1.50,1.84
2013.05.17 14:34:55.536,1.05778,1.05794,1.88,1.09
2013.05.17 14:34:57.483,1.05784,1.05793,1.50,1.13
2013.05.17 14:34:57.573,1.05775,1.05793,1.88,1.32
2013.05.17 14:34:57.895,1.05777,1.05793,1.50,2.82
2013.05.17 14:34:58.015,1.05777,1.05792,1.50,1.09
2013.05.17 14:34:58.078,1.05776,1.05792,2.40,1.50
2013.05.17 14:34:58.147,1.05777,1.05793,1.65,1.65
2013.05.17 14:34:58.215,1.05781,1.05795,1.50,1.50
2013.05.17 14:34:58.764,1.05781,1.05799,1.50,2.82
2013.05.17 14:34:59.604,1.05783,1.05799,1.50,2.82
2013.05.17 14:34:59.926,1.0577,1.05794,1.50,1.84
2013.05.17 14:35:00.116,1.05777,1.05782,1.13,1.65
2013.05.17 14:35:00.187,1.05777,1.05782,1.13,1.09
2013.05.17 14:35:00.257,1.05777,1.05783,1.13,1.77
2013.05.17 14:35:00.328,1.0577,1.05782,1.65,1.50
2013.05.17 14:35:00.398,1.05773,1.05785,1.13,2.44
2013.05.17 14:35:00.468,1.05775,1.05788,1.65,1.69
2013.05.17 14:35:00.538,1.05771,1.05788,1.50,1.88
2013.05.17 14:35:00.905,1.05768,1.05786,1.13,1.84
2013.05.17 14:35:01.482,1.05768,1.05786,1.13,1.09
2013.05.17 14:35:02.005,1.05768,1.05787,1.13,2.44
2013.05.17 14:35:02.247,1.05774,1.05788,1.50,1.65
2013.05.17 14:35:02.376,1.05777,1.0579,1.50,1.13
2013.05.17 14:35:02.447,1.0578,1.05795,1.65,1.88
2013.05.17 14:35:02.576,1.05782,1.058,1.88,1.84
2013.05.17 14:35:03.084,1.05782,1.05798,1.13,1.69
2013.05.17 14:35:03.454,1.05777,1.05795,2.63,1.32
2013.05.17 14:35:03.756,1.05782,1.05791,1.50,1.13
2013.05.17 14:35:03.892,1.05777,1.05789,1.50,1.13
2013.05.17 14:35:03.960,1.05773,1.05786,1.13,1.13
2013.05.17 14:35:04.154,1.05771,1.05783,1.50,1.32
2013.05.17 14:35:04.215,1.05769,1.05785,1.50,1.09
2013.05.17 14:35:05.120,1.05766,1.05784,1.13,1.84
2013.05.17 14:35:06.344,1.05766,1.05784,3.38,1.84
2013.05.17 14:35:06.925,1.0577,1.05784,1.13,1.69
2013.05.17 14:35:07.238,1.05775,1.05788,1.13,1.50
2013.05.17 14:35:07.616,1.05775,1.05793,2.63,1.32
2013.05.17 14:35:09.155,1.05775,1.05793,2.63,1.32
2013.05.17 14:35:09.335,1.05775,1.0579,1.65,1.09
2013.05.17 14:35:12.834,1.05771,1.05788,1.65,1.13
2013.05.17 14:35:12.954,1.05777,1.05792,1.65,2.74
2013.05.17 14:35:13.017,1.05776,1.05792,1.65,1.09
2013.05.17 14:35:13.086,1.05777,1.05792,1.65,1.09
2013.05.17 14:35:13.388,1.05781,1.05797,1.50,4.32
2013.05.17 14:35:13.637,1.05783,1.05799,1.88,1.09
2013.05.17 14:35:13.707,1.05784,1.058,1.13,1.69
2013.05.17 14:35:14.016,1.05795,1.05809,1.65,2.18
2013.05.17 14:35:14.081,1.05796,1.05815,1.65,1.32
2013.05.17 14:35:15.442,1.05798,1.05817,2.63,1.65
2013.05.17 14:35:15.519,1.05803,1.05823,2.78,2.82
2013.05.17 14:35:15.585,1.05805,1.05823,1.65,2.07
2013.05.17 14:35:16.365,1.05807,1.05823,1.65,1.09
2013.05.17 14:35:16.937,1.05807,1.05824,1.50,1.13
2013.05.17 14:35:17.407,1.05805,1.05824,1.09,1.13
2013.05.17 14:35:17.477,1.05807,1.05824,1.65,1.13
2013.05.17 14:35:17.786,1.05811,1.05829,1.13,3.15
2013.05.17 14:35:18.144,1.05811,1.05833,2.07,2.07
2013.05.17 14:35:18.325,1.05812,1.05833,1.13,2.07
2013.05.17 14:35:19.104,1.05812,1.05833,1.13,2.07
2013.05.17 14:35:19.485,1.05811,1.0583,2.59,1.13
2013.05.17 14:35:19.845,1.05808,1.05825,1.50,2.07
2013.05.17 14:35:20.024,1.05803,1.05822,1.84,1.65
2013.05.17 14:35:20.628,1.05801,1.0582,2.82,1.50
2013.05.17 14:35:20.876,1.05801,1.05817,1.65,2.63
2013.05.17 14:35:20.995,1.05801,1.05816,1.13,1.50
2013.05.17 14:35:24.514,1.05799,1.05816,1.65,1.65
2013.05.17 14:35:24.815,1.05798,1.05814,1.13,2.25
2013.05.17 14:35:25.174,1.05792,1.0581,1.65,1.32
2013.05.17 14:35:26.234,1.05797,1.05812,2.25,1.09
2013.05.17 14:35:26.956,1.05797,1.05814,1.50,1.32
2013.05.17 14:35:27.535,1.05797,1.05815,1.65,2.59
2013.05.17 14:35:27.715,1.05798,1.05816,1.13,1.69
2013.05.17 14:35:28.025,1.05795,1.05811,1.50,1.13
2013.05.17 14:35:28.206,1.05796,1.05812,1.65,1.65
2013.05.17 14:35:28.326,1.05796,1.05812,1.65,1.84
2013.05.17 14:35:28.507,1.05792,1.0581,2.40,1.65
2013.05.17 14:35:28.703,1.05796,1.05812,1.13,1.50
2013.05.17 14:35:29.005,1.05797,1.05814,1.88,1.09
2013.05.17 14:35:29.365,1.05802,1.05819,2.22,3.75
2013.05.17 14:35:29.485,1.05802,1.05822,2.97,1.84
2013.05.17 14:35:29.605,1.05805,1.05826,2.97,1.65
2013.05.17 14:35:30.846,1.05808,1.05827,1.65,1.32
2013.05.17 14:35:31.914,1.0581,1.05827,2.93,1.32
2013.05.17 14:35:33.616,1.05811,1.05827,1.50,1.13
2013.05.17 14:35:33.925,1.05807,1.05825,1.88,1.65
2013.05.17 14:35:34.875,1.05806,1.05825,1.09,1.13
2013.05.17 14:35:34.981,1.05809,1.0583,2.07,2.97
2013.05.17 14:35:35.057,1.05809,1.0583,1.84,2.97
2013.05.17 14:35:35.366,1.05812,1.05825,1.50,1.13
2013.05.17 14:35:35.554,1.0581,1.05823,2.25,1.65
2013.05.17 14:35:36.155,1.05809,1.05827,1.88,1.09
2013.05.17 14:35:36.694,1.05808,1.05826,1.13,3.57
2013.05.17 14:35:38.564,1.05808,1.05824,1.13,1.09
2013.05.17 14:35:38.936,1.0581,1.05826,1.13,1.69
2013.05.17 14:35:39.176,1.05811,1.05828,1.65,1.09
2013.05.17 14:35:39.985,1.05811,1.05829,1.65,2.59
2013.05.17 14:35:42.014,1.05811,1.05829,1.65,1.84
2013.05.17 14:35:42.224,1.05811,1.05829,1.65,1.84
2013.05.17 14:35:42.728,1.05812,1.05832,1.88,2.07
2013.05.17 14:35:42.797,1.05812,1.05831,2.63,1.09
2013.05.17 14:35:43.468,1.05812,1.05829,2.63,2.25
2013.05.17 14:35:43.656,1.05815,1.05831,1.65,1.84
2013.05.17 14:35:44.491,1.05816,1.05835,2.25,1.09
2013.05.17 14:35:44.584,1.0582,1.05837,1.50,2.74
2013.05.17 14:35:45.027,1.0582,1.05837,1.50,2.82
2013.05.17 14:35:45.679,1.0582,1.05837,1.50,3.49
2013.05.17 14:35:45.746,1.0582,1.05837,1.50,1.47
2013.05.17 14:35:46.045,1.05819,1.05837,1.50,1.09
2013.05.17 14:35:46.167,1.05819,1.05837,1.88,1.32
2013.05.17 14:35:46.295,1.0582,1.05838,1.50,2.59
2013.05.17 14:35:46.675,1.05816,1.05837,1.65,1.69
2013.05.17 14:35:47.214,1.05817,1.05836,1.13,1.50
2013.05.17 14:35:47.768,1.05817,1.05835,2.63,1.50
2013.05.17 14:35:47.894,1.05818,1.05836,1.50,1.50
2013.05.17 14:35:48.468,1.05818,1.05837,1.50,1.69
2013.05.17 14:35:49.254,1.05818,1.05837,1.50,1.69
2013.05.17 14:35:49.738,1.05821,1.05834,1.13,1.69
2013.05.17 14:35:50.048,1.05821,1.05829,1.13,2.40
2013.05.17 14:35:50.118,1.05821,1.0583,1.13,1.65
2013.05.17 14:35:50.618,1.05815,1.05831,1.50,1.13
2013.05.17 14:35:51.915,1.05815,1.05831,1.50,1.13
2013.05.17 14:35:52.276,1.05815,1.05834,2.25,1.28
2013.05.17 14:35:52.336,1.05815,1.05834,2.25,1.28
2013.05.17 14:35:52.868,1.05816,1.05835,2.93,2.03
2013.05.17 14:35:53.206,1.05816,1.05831,1.50,1.13
2013.05.17 14:35:53.353,1.05816,1.05831,1.50,1.13
2013.05.17 14:35:53.496,1.05813,1.05828,1.50,1.13
2013.05.17 14:35:53.710,1.05811,1.05828,1.50,1.13
2013.05.17 14:35:53.909,1.05809,1.05828,1.65,1.13
2013.05.17 14:35:54.095,1.05809,1.05826,1.50,1.13
2013.05.17 14:35:54.964,1.05811,1.05826,1.50,1.28
2013.05.17 14:35:55.088,1.05812,1.05828,1.50,1.13
2013.05.17 14:35:55.336,1.05816,1.05829,1.50,1.28
2013.05.17 14:35:55.754,1.05812,1.05831,2.40,1.47
2013.05.17 14:35:56.465,1.05816,1.05831,1.50,1.32
2013.05.17 14:35:56.977,1.05813,1.05831,3.00,1.32
2013.05.17 14:35:57.047,1.05816,1.05832,1.13,1.69
2013.05.17 14:35:57.178,1.05817,1.05837,1.88,1.65
2013.05.17 14:35:57.665,1.05821,1.05839,1.13,2.07
2013.05.17 14:35:58.155,1.0582,1.05839,1.50,1.50
2013.05.17 14:35:58.215,1.05821,1.05842,1.50,1.09
2013.05.17 14:35:58.715,1.05821,1.05839,1.88,1.13
2013.05.17 14:35:59.254,1.05822,1.05839,1.50,1.13
2013.05.17 14:35:59.745,1.05821,1.0584,1.50,1.13
2013.05.17 14:36:00.244,1.05821,1.05839,1.50,1.13
2013.05.17 14:36:00.755,1.05821,1.05839,2.25,1.28
2013.05.17 14:36:01.055,1.05821,1.05838,2.25,1.13
2013.05.17 14:36:01.415,1.05817,1.05834,1.50,1.13
2013.05.17 14:36:02.207,1.05817,1.05834,2.25,1.13
2013.05.17 14:36:03.895,1.05817,1.05836,2.40,2.22
2013.05.17 14:36:04.017,1.05819,1.05836,1.88,2.44
2013.05.17 14:36:04.147,1.05821,1.05839,1.13,1.84
2013.05.17 14:36:04.215,1.05821,1.05839,1.13,1.65
2013.05.17 14:36:04.455,1.05823,1.05843,2.78,1.65
2013.05.17 14:36:06.466,1.05827,1.05844,1.65,1.32
2013.05.17 14:36:06.527,1.05827,1.0584,1.50,1.65
2013.05.17 14:36:07.316,1.05827,1.05843,1.50,1.13
2013.05.17 14:36:07.495,1.05829,1.05845,1.50,1.32
2013.05.17 14:36:08.016,1.05828,1.05847,1.88,1.13
2013.05.17 14:36:08.951,1.0583,1.05848,1.13,1.65
2013.05.17 14:36:09.265,1.05833,1.05851,1.13,1.13
2013.05.17 14:36:09.751,1.05831,1.05852,2.07,3.34
2013.05.17 14:36:09.934,1.05835,1.05854,1.13,2.82
2013.05.17 14:36:10.114,1.05834,1.05854,1.65,3.57
2013.05.17 14:36:10.175,1.05835,1.05852,1.13,1.09
2013.05.17 14:36:10.356,1.05835,1.05852,1.50,1.32
2013.05.17 14:36:10.555,1.05835,1.0585,1.50,1.13
2013.05.17 14:36:10.866,1.05829,1.05843,1.73,2.07
2013.05.17 14:36:10.925,1.05825,1.05841,1.13,1.13
2013.05.17 14:36:11.105,1.05822,1.05841,1.32,1.13
2013.05.17 14:36:11.346,1.05821,1.05841,1.69,1.13
2013.05.17 14:36:11.481,1.05822,1.05837,1.50,1.13
2013.05.17 14:36:11.607,1.0582,1.05835,2.25,1.65
2013.05.17 14:36:12.331,1.05819,1.05834,2.93,1.13
2013.05.17 14:36:13.185,1.05818,1.05836,2.07,2.03
2013.05.17 14:36:13.544,1.05818,1.05833,1.69,1.13
2013.05.17 14:36:13.604,1.05818,1.05836,3.19,1.28
2013.05.17 14:36:13.785,1.0582,1.05836,1.84,1.13
2013.05.17 14:36:14.807,1.05818,1.05836,1.13,1.88
2013.05.17 14:36:15.386,1.05818,1.05836,1.13,1.88
2013.05.17 14:36:15.564,1.05819,1.05838,1.13,1.65
2013.05.17 14:36:15.865,1.05819,1.05839,1.88,2.82
2013.05.17 14:36:16.165,1.05826,1.05845,1.88,1.09
2013.05.17 14:36:16.285,1.05828,1.05847,1.13,1.65
2013.05.17 14:36:16.824,1.05829,1.05847,1.13,1.09
2013.05.17 14:36:16.945,1.05828,1.05846,1.13,1.13
2013.05.17 14:36:17.620,1.05828,1.05845,1.50,1.13
2013.05.17 14:36:17.757,1.05825,1.05844,1.13,2.40
2013.05.17 14:36:18.070,1.05823,1.05841,1.65,1.13
2013.05.17 14:36:18.257,1.05824,1.05836,1.95,1.13
2013.05.17 14:36:18.327,1.05824,1.05831,1.20,1.13
2013.05.17 14:36:18.456,1.05824,1.05835,1.95,1.65
2013.05.17 14:36:18.516,1.05824,1.05836,1.20,1.13
2013.05.17 14:36:19.088,1.05819,1.05836,1.65,1.13
2013.05.17 14:36:19.290,1.0582,1.05836,1.88,1.13
2013.05.17 14:36:19.364,1.05819,1.05836,1.50,1.13
2013.05.17 14:36:20.085,1.05819,1.05834,2.25,2.40
2013.05.17 14:36:20.207,1.0582,1.05835,2.25,2.03
2013.05.17 14:36:20.266,1.05821,1.05834,1.65,1.09
2013.05.17 14:36:20.396,1.05821,1.05837,1.65,1.09
2013.05.17 14:36:20.588,1.05815,1.05836,1.32,1.88
2013.05.17 14:36:21.225,1.05817,1.05836,1.13,2.07
2013.05.17 14:36:22.334,1.05814,1.05835,3.53,2.07
2013.05.17 14:36:22.461,1.05817,1.05835,1.13,2.07
2013.05.17 14:36:22.766,1.05815,1.05826,1.13,1.09
2013.05.17 14:36:23.015,1.05807,1.05825,2.03,1.32
2013.05.17 14:36:23.194,1.05807,1.05825,1.65,1.32
2013.05.17 14:36:23.734,1.05805,1.05825,1.13,1.32
2013.05.17 14:36:24.126,1.05807,1.05826,1.13,1.84
2013.05.17 14:36:24.776,1.05809,1.05827,1.13,1.13
2013.05.17 14:36:26.755,1.05806,1.05826,1.47,1.65
2013.05.17 14:36:27.055,1.05812,1.05826,1.13,1.50
2013.05.17 14:36:27.356,1.0581,1.05828,1.09,1.13
2013.05.17 14:36:27.845,1.05808,1.05828,1.13,1.13
2013.05.17 14:36:28.486,1.05808,1.05828,1.13,1.88
2013.05.17 14:36:29.036,1.05807,1.05828,2.07,1.88
2013.05.17 14:36:29.100,1.05808,1.05828,1.13,1.88
2013.05.17 14:36:30.107,1.05807,1.05828,2.07,1.88
2013.05.17 14:36:30.236,1.05806,1.05824,1.09,1.13
2013.05.17 14:36:30.545,1.05804,1.05818,2.93,1.32
2013.05.17 14:36:30.668,1.05801,1.05818,2.93,1.32
2013.05.17 14:36:31.036,1.05799,1.05817,1.32,1.88
2013.05.17 14:36:31.916,1.05801,1.05817,1.80,1.13
2013.05.17 14:36:32.000,1.05803,1.05819,1.28,1.84
2013.05.17 14:36:32.315,1.05802,1.05819,1.88,1.65
2013.05.17 14:36:32.440,1.05802,1.05819,1.13,1.65
2013.05.17 14:36:32.691,1.05806,1.05819,1.13,1.50
2013.05.17 14:36:32.936,1.05806,1.05824,1.13,4.77
2013.05.17 14:36:33.007,1.05806,1.05824,1.13,1.65
2013.05.17 14:36:33.195,1.05806,1.05825,1.13,1.84
2013.05.17 14:36:33.554,1.05806,1.05822,1.13,3.00
2013.05.17 14:36:33.986,1.05804,1.05821,1.65,1.09
2013.05.17 14:36:34.535,1.05804,1.05819,1.50,1.65
2013.05.17 14:36:35.057,1.05804,1.05822,2.63,1.09
2013.05.17 14:36:35.368,1.05804,1.05824,2.82,1.32
2013.05.17 14:36:36.437,1.05804,1.05824,2.63,1.32
2013.05.17 14:36:37.236,1.05804,1.05824,2.63,2.07
2013.05.17 14:36:37.656,1.05804,1.0582,1.65,1.13
2013.05.17 14:36:38.015,1.05801,1.05819,1.13,1.84
2013.05.17 14:36:39.248,1.05802,1.05818,1.13,1.65
2013.05.17 14:36:39.829,1.05801,1.05817,1.50,1.84
2013.05.17 14:36:40.015,1.05799,1.05817,1.65,1.84
2013.05.17 14:36:40.379,1.05801,1.05817,1.50,1.84
2013.05.17 14:36:40.886,1.05803,1.05819,1.13,2.59
2013.05.17 14:36:40.945,1.05801,1.05815,1.50,1.13
2013.05.17 14:36:41.005,1.05798,1.05814,2.33,1.13
2013.05.17 14:36:41.189,1.05801,1.05815,1.50,1.65
2013.05.17 14:36:41.446,1.05798,1.05816,1.13,1.32
2013.05.17 14:36:42.497,1.05798,1.05815,1.13,1.09
2013.05.17 14:36:42.568,1.05801,1.05818,2.63,1.09
2013.05.17 14:36:43.776,1.05802,1.05819,2.07,2.25
2013.05.17 14:36:43.895,1.05803,1.05819,1.13,2.25
2013.05.17 14:36:44.016,1.05803,1.05821,1.13,1.65
2013.05.17 14:36:44.764,1.05803,1.05821,1.13,1.65
2013.05.17 14:36:44.824,1.05804,1.05821,1.13,1.50
2013.05.17 14:36:44.945,1.05804,1.05822,1.28,1.65
2013.05.17 14:36:45.438,1.05805,1.05822,1.88,1.65
2013.05.17 14:36:45.568,1.05803,1.0582,1.80,1.13
2013.05.17 14:36:45.695,1.05803,1.0582,1.13,1.50
2013.05.17 14:36:46.396,1.05803,1.0582,1.13,1.50
2013.05.17 14:36:46.756,1.05805,1.0582,1.28,1.50
2013.05.17 14:36:46.814,1.05805,1.0582,1.28,1.50
2013.05.17 14:36:48.194,1.05807,1.05823,1.13,1.69
2013.05.17 14:36:49.234,1.05805,1.05819,1.13,2.44
2013.05.17 14:36:49.295,1.05805,1.05819,1.13,3.19
2013.05.17 14:36:49.946,1.05799,1.05817,1.65,1.65
2013.05.17 14:36:50.006,1.05798,1.05817,1.13,2.59
2013.05.17 14:36:50.597,1.05798,1.05817,1.13,2.44
2013.05.17 14:36:51.026,1.058,1.05816,1.28,1.50
2013.05.17 14:36:51.085,1.058,1.05816,1.28,1.50
2013.05.17 14:36:51.266,1.05797,1.05816,3.49,1.88
2013.05.17 14:36:51.395,1.05801,1.05816,1.13,1.69
2013.05.17 14:36:52.529,1.05796,1.05813,2.40,1.09
2013.05.17 14:36:52.665,1.05796,1.05812,2.40,2.25
2013.05.17 14:36:53.014,1.05797,1.05809,1.65,1.50
2013.05.17 14:36:53.134,1.05794,1.05809,1.13,1.50
2013.05.17 14:36:53.824,1.05795,1.05809,1.13,1.50
2013.05.17 14:36:54.403,1.05792,1.05811,1.28,1.69
2013.05.17 14:36:55.098,1.05795,1.05811,1.13,1.69
2013.05.17 14:36:55.618,1.05795,1.05811,1.13,1.69
2013.05.17 14:36:56.804,1.05792,1.05804,1.05,2.25
2013.05.17 14:36:57.105,1.05789,1.05801,1.50,1.09
2013.05.17 14:36:57.284,1.05779,1.058,1.32,1.69
2013.05.17 14:36:57.408,1.05779,1.05801,2.82,1.09
2013.05.17 14:36:57.934,1.05781,1.05802,1.65,1.09
2013.05.17 14:36:58.466,1.0578,1.05802,1.13,3.12
2013.05.17 14:36:58.895,1.05786,1.05803,1.09,1.50
2013.05.17 14:36:59.087,1.05789,1.05806,1.13,1.50
2013.05.17 14:36:59.638,1.05791,1.05811,2.59,1.65
2013.05.17 14:36:59.707,1.05793,1.05809,1.09,1.65
2013.05.17 14:36:59.898,1.05789,1.05807,1.50,1.50
2013.05.17 14:36:59.966,1.05789,1.05807,1.50,1.50
2013.05.17 14:37:00.097,1.05791,1.05807,1.13,1.65
2013.05.17 14:37:00.170,1.05791,1.05809,1.13,1.88
2013.05.17 14:37:00.635,1.05793,1.05809,1.28,1.65
2013.05.17 14:37:01.240,1.05798,1.05817,1.32,1.80
2013.05.17 14:37:02.225,1.05798,1.05816,1.09,1.13
2013.05.17 14:37:02.528,1.05795,1.05812,1.50,2.22
2013.05.17 14:37:02.715,1.05794,1.05811,1.88,1.24
2013.05.17 14:37:02.835,1.05799,1.05815,1.13,1.65
2013.05.17 14:37:02.959,1.058,1.05815,1.32,1.65
2013.05.17 14:37:03.086,1.058,1.05816,1.09,1.13
2013.05.17 14:37:03.159,1.05799,1.05817,1.13,1.24
2013.05.17 14:37:03.408,1.05796,1.05815,1.65,1.13
2013.05.17 14:37:03.716,1.05793,1.05809,3.08,2.03
2013.05.17 14:37:03.775,1.05794,1.05809,1.28,3.57
2013.05.17 14:37:03.955,1.05794,1.05807,1.50,1.13
2013.05.17 14:37:04.015,1.05789,1.05807,1.88,1.88
2013.05.17 14:37:04.557,1.05791,1.05808,1.32,1.50
2013.05.17 14:37:04.806,1.05797,1.05813,1.13,3.15
2013.05.17 14:37:04.925,1.05797,1.05812,1.13,1.50
2013.05.17 14:37:05.224,1.05789,1.05807,1.88,1.13
2013.05.17 14:37:05.345,1.05791,1.05808,1.13,1.09
2013.05.17 14:37:05.654,1.05788,1.05807,1.13,1.13
2013.05.17 14:37:06.014,1.05792,1.05811,1.13,3.34
2013.05.17 14:37:06.317,1.05794,1.05811,1.65,2.59
2013.05.17 14:37:06.625,1.05788,1.05806,2.33,1.09
2013.05.17 14:37:07.386,1.05789,1.05806,1.05,1.09
2013.05.17 14:37:07.746,1.05791,1.05809,1.13,2.59
2013.05.17 14:37:07.985,1.05793,1.05809,1.65,1.65
2013.05.17 14:37:08.810,1.05793,1.05809,1.65,1.65
2013.05.17 14:37:09.421,1.05791,1.0581,1.88,1.84
2013.05.17 14:37:09.767,1.05791,1.05807,1.65,1.13
2013.05.17 14:37:10.135,1.05788,1.05805,2.25,1.28
2013.05.17 14:37:10.376,1.05782,1.05801,3.15,1.28
2013.05.17 14:37:10.440,1.05782,1.05796,1.50,1.13
2013.05.17 14:37:10.806,1.05779,1.05798,1.09,1.13
2013.05.17 14:37:11.391,1.05778,1.05796,1.32,1.13
2013.05.17 14:37:12.046,1.05777,1.05794,1.69,1.13
2013.05.17 14:37:12.356,1.05772,1.05789,1.50,2.03
2013.05.17 14:37:12.717,1.05767,1.05783,3.15,2.82
2013.05.17 14:37:13.665,1.05767,1.05785,1.47,3.00
2013.05.17 14:37:13.966,1.05772,1.05785,1.13,2.25
2013.05.17 14:37:14.595,1.05775,1.05792,1.65,1.13
2013.05.17 14:37:14.927,1.05775,1.05791,1.50,1.13
2013.05.17 14:37:15.235,1.05769,1.05787,2.07,1.13
2013.05.17 14:37:15.356,1.05769,1.05787,2.07,1.13
2013.05.17 14:37:15.436,1.05769,1.05784,1.69,1.13
2013.05.17 14:37:15.567,1.05771,1.05789,1.13,1.32
2013.05.17 14:37:15.695,1.05774,1.0579,1.13,1.09
2013.05.17 14:37:15.817,1.05777,1.05794,1.65,2.07
2013.05.17 14:37:16.749,1.05778,1.05796,1.13,1.65
2013.05.17 14:37:16.825,1.05778,1.05795,1.65,1.13
2013.05.17 14:37:17.136,1.05779,1.05797,1.13,2.63
2013.05.17 14:37:17.450,1.05778,1.05794,1.50,1.13
2013.05.17 14:37:17.758,1.05775,1.05794,1.50,1.88
2013.05.17 14:37:17.827,1.05776,1.05794,1.13,1.80
2013.05.17 14:37:17.956,1.05775,1.05785,1.88,1.13
2013.05.17 14:37:18.075,1.0577,1.05783,1.50,2.63
2013.05.17 14:37:18.195,1.05768,1.0578,2.93,1.09
2013.05.17 14:37:18.377,1.05765,1.05779,2.18,1.13
2013.05.17 14:37:18.446,1.05759,1.05779,1.32,1.13
2013.05.17 14:37:20.066,1.05762,1.05779,1.65,1.13
2013.05.17 14:37:20.506,1.05762,1.05779,1.65,2.63
2013.05.17 14:37:20.816,1.05762,1.05776,1.50,1.13
2013.05.17 14:37:21.175,1.05761,1.05776,1.50,1.13
2013.05.17 14:37:21.475,1.0576,1.05776,1.84,1.13
2013.05.17 14:37:21.845,1.0576,1.05779,1.88,2.22
2013.05.17 14:37:22.146,1.05755,1.05772,1.13,1.65
2013.05.17 14:37:22.401,1.05751,1.05769,1.05,1.32
2013.05.17 14:37:22.526,1.05751,1.05771,1.05,1.32
2013.05.17 14:37:22.835,1.05757,1.05771,1.69,1.13
2013.05.17 14:37:23.276,1.0576,1.05776,1.65,1.13
2013.05.17 14:37:23.636,1.0576,1.05778,1.88,1.09
2013.05.17 14:37:23.816,1.0576,1.05776,1.65,1.13
2013.05.17 14:37:24.296,1.05757,1.05774,1.65,1.13
2013.05.17 14:37:24.597,1.05755,1.05774,1.88,1.32
2013.05.17 14:37:25.920,1.05753,1.05772,2.40,1.13
2013.05.17 14:37:25.993,1.05754,1.05771,1.50,1.88
2013.05.17 14:37:26.295,1.05756,1.05771,1.50,2.63
2013.05.17 14:37:26.476,1.05758,1.05774,1.50,1.99
2013.05.17 14:37:27.035,1.05759,1.05774,1.50,1.09
2013.05.17 14:37:27.436,1.05761,1.05777,1.65,1.13
2013.05.17 14:37:27.746,1.05763,1.0578,1.50,2.22
2013.05.17 14:37:28.929,1.05764,1.05776,1.50,2.59
2013.05.17 14:37:29.275,1.05761,1.05773,1.50,1.13
2013.05.17 14:37:29.397,1.05759,1.05776,1.88,4.09
2013.05.17 14:37:29.706,1.05761,1.05775,2.25,2.07
2013.05.17 14:37:30.016,1.05758,1.05773,1.50,1.13
2013.05.17 14:37:30.374,1.05763,1.05776,2.25,1.09
2013.05.17 14:37:30.677,1.05764,1.05778,1.50,1.32
2013.05.17 14:37:30.746,1.05764,1.05781,1.65,1.84
2013.05.17 14:37:31.226,1.05767,1.05781,1.50,1.09
2013.05.17 14:37:31.986,1.05768,1.05781,1.50,1.84
2013.05.17 14:37:32.664,1.05766,1.05781,3.00,1.84
2013.05.17 14:37:32.965,1.05766,1.05779,1.50,2.22
2013.05.17 14:37:33.325,1.05762,1.05779,1.50,2.07
2013.05.17 14:37:34.005,1.0576,1.05779,2.40,2.82
2013.05.17 14:37:34.066,1.0576,1.05777,2.25,1.32
2013.05.17 14:37:34.705,1.05762,1.05776,1.50,1.88
2013.05.17 14:37:36.724,1.05766,1.05779,1.13,1.84
2013.05.17 14:37:36.813,1.05769,1.05784,1.50,1.13
2013.05.17 14:37:37.093,1.05767,1.05784,2.40,1.13
2013.05.17 14:37:37.345,1.05769,1.05786,1.65,1.09
2013.05.17 14:37:37.475,1.05769,1.05784,1.50,1.88
2013.05.17 14:37:37.655,1.05769,1.05785,1.65,1.65
2013.05.17 14:37:38.334,1.05771,1.05785,1.50,1.13
2013.05.17 14:37:38.796,1.05771,1.05785,1.50,1.13
2013.05.17 14:37:39.369,1.05771,1.05784,1.50,1.32
2013.05.17 14:37:39.636,1.05771,1.05784,1.50,1.09
2013.05.17 14:37:40.130,1.05771,1.05784,1.50,1.13
2013.05.17 14:37:40.938,1.05767,1.05784,2.78,1.13
2013.05.17 14:37:41.065,1.05767,1.05784,2.40,1.13
2013.05.17 14:37:41.126,1.05767,1.05784,2.40,1.13
2013.05.17 14:37:41.684,1.05771,1.05784,1.50,1.13
2013.05.17 14:37:41.806,1.05771,1.05785,1.50,1.88
2013.05.17 14:37:41.867,1.05771,1.05787,1.65,1.24
2013.05.17 14:37:42.415,1.05773,1.05791,3.00,2.22
2013.05.17 14:37:42.475,1.05773,1.05791,4.13,1.13
2013.05.17 14:37:42.716,1.05776,1.05794,1.65,1.32
2013.05.17 14:37:43.058,1.05778,1.05797,1.65,2.82
2013.05.17 14:37:44.176,1.0578,1.05795,1.50,2.07
2013.05.17 14:37:44.296,1.05781,1.05795,1.50,1.09
2013.05.17 14:37:44.502,1.05781,1.05796,2.63,2.18
2013.05.17 14:37:44.578,1.05781,1.05797,2.63,1.09
2013.05.17 14:37:44.717,1.05781,1.05799,2.25,1.32
2013.05.17 14:37:45.045,1.05781,1.05799,2.25,2.07
2013.05.17 14:37:45.347,1.0578,1.05792,1.50,1.13
2013.05.17 14:37:45.414,1.05781,1.05792,1.50,1.32
2013.05.17 14:37:46.854,1.05777,1.05792,1.50,1.13
2013.05.17 14:37:46.939,1.0578,1.05797,1.50,1.47
2013.05.17 14:37:47.125,1.0578,1.05797,1.50,1.28
2013.05.17 14:37:47.306,1.05778,1.05791,1.50,1.13
2013.05.17 14:37:47.606,1.05776,1.05794,2.63,1.88
2013.05.17 14:37:47.677,1.05777,1.05794,1.13,1.50
2013.05.17 14:37:47.751,1.05779,1.05797,1.65,1.65
2013.05.17 14:37:47.816,1.05778,1.05796,2.25,1.13
2013.05.17 14:37:48.175,1.0578,1.05796,1.50,1.13
2013.05.17 14:37:48.595,1.05778,1.05794,1.50,1.13
2013.05.17 14:37:49.134,1.05779,1.05794,1.50,1.88
2013.05.17 14:37:49.998,1.05779,1.05794,2.63,1.50
2013.05.17 14:37:50.067,1.0578,1.05797,1.13,1.09
2013.05.17 14:37:50.196,1.05785,1.05801,1.50,1.32
2013.05.17 14:37:50.316,1.05785,1.05801,2.25,1.28
2013.05.17 14:37:50.439,1.05787,1.05802,1.50,1.88
2013.05.17 14:37:50.567,1.0579,1.05805,1.65,1.09
2013.05.17 14:37:50.638,1.0579,1.05808,1.88,1.09
2013.05.17 14:37:50.707,1.05792,1.05805,2.40,1.13
2013.05.17 14:37:51.026,1.05788,1.05793,1.43,1.65
2013.05.17 14:37:51.285,1.05774,1.05786,1.13,1.13
2013.05.17 14:37:51.405,1.05774,1.05789,1.13,1.54
2013.05.17 14:37:51.467,1.05778,1.05785,1.43,1.65
2013.05.17 14:37:51.599,1.05779,1.05784,1.43,1.50
2013.05.17 14:37:51.671,1.05771,1.05788,1.88,2.25
2013.05.17 14:37:51.741,1.05769,1.05789,1.13,1.88
2013.05.17 14:37:51.830,1.05767,1.05789,1.50,1.88
2013.05.17 14:37:52.085,1.05767,1.05784,1.50,1.13
2013.05.17 14:37:52.388,1.05767,1.05785,1.13,1.09
2013.05.17 14:37:52.635,1.0577,1.05789,2.07,1.88
2013.05.17 14:37:52.756,1.05771,1.05789,1.65,1.88
2013.05.17 14:37:53.117,1.05774,1.05792,1.88,1.84
2013.05.17 14:37:53.186,1.05775,1.05794,1.09,1.88
2013.05.17 14:37:53.426,1.05774,1.05795,2.40,3.34
2013.05.17 14:37:53.736,1.05774,1.05788,1.50,1.13
2013.05.17 14:37:53.855,1.05774,1.05788,1.50,1.13
2013.05.17 14:37:53.977,1.05774,1.05789,1.50,1.47
2013.05.17 14:37:54.107,1.05774,1.05789,1.50,1.47
2013.05.17 14:37:55.033,1.05774,1.05789,1.50,1.32
2013.05.17 14:37:55.109,1.05771,1.05788,1.50,1.88
2013.05.17 14:37:55.297,1.05771,1.05787,1.50,1.13
2013.05.17 14:37:55.607,1.05769,1.0578,1.50,1.50
2013.05.17 14:37:55.679,1.05768,1.05778,2.40,2.25
2013.05.17 14:37:56.644,1.05763,1.05778,1.13,1.50
2013.05.17 14:37:56.732,1.05771,1.05786,1.13,1.69
2013.05.17 14:37:57.326,1.05771,1.05785,1.13,2.25
2013.05.17 14:37:57.816,1.05772,1.05786,1.13,1.50
2013.05.17 14:37:58.070,1.0577,1.05785,1.13,1.50
2013.05.17 14:37:58.140,1.0577,1.05786,1.13,2.25
2013.05.17 14:37:58.280,1.0577,1.05785,1.50,1.88
2013.05.17 14:37:58.615,1.0577,1.05781,1.13,1.50
2013.05.17 14:37:58.865,1.05769,1.05785,1.88,2.93
2013.05.17 14:37:59.046,1.05769,1.05787,1.88,1.69
2013.05.17 14:37:59.295,1.05773,1.05787,1.13,1.50
2013.05.17 14:37:59.355,1.05773,1.05788,1.13,2.25
2013.05.17 14:37:59.476,1.05773,1.05789,1.88,1.84
2013.05.17 14:37:59.545,1.05776,1.05793,1.13,2.44
2013.05.17 14:38:00.163,1.05775,1.05792,1.13,2.40
2013.05.17 14:38:00.606,1.05775,1.05787,1.50,1.13
2013.05.17 14:38:00.677,1.05775,1.05789,1.13,1.65
2013.05.17 14:38:00.746,1.05775,1.05787,1.13,1.69
2013.05.17 14:38:00.809,1.05775,1.05791,1.28,1.50
2013.05.17 14:38:00.879,1.05772,1.05791,2.22,2.40
2013.05.17 14:38:01.185,1.0577,1.05785,1.88,1.50
2013.05.17 14:38:01.450,1.05773,1.05789,1.13,2.59
2013.05.17 14:38:01.997,1.05773,1.05788,1.13,1.50
2013.05.17 14:38:03.086,1.05772,1.05787,1.09,1.50
2013.05.17 14:38:03.207,1.0577,1.05784,1.09,1.50
2013.05.17 14:38:03.479,1.05771,1.05787,1.88,1.65
2013.05.17 14:38:03.550,1.05771,1.05787,1.13,1.65
2013.05.17 14:38:03.857,1.05768,1.05782,1.84,1.65
2013.05.17 14:38:04.285,1.0577,1.05785,1.50,1.88
2013.05.17 14:38:04.826,1.05771,1.05782,1.50,1.88
2013.05.17 14:38:05.916,1.05773,1.05781,1.50,1.50
2013.05.17 14:38:05.986,1.05773,1.05781,1.50,1.50
2013.05.17 14:38:06.047,1.05775,1.05787,1.65,1.50
2013.05.17 14:38:06.116,1.05778,1.05793,1.65,1.84
2013.05.17 14:38:06.425,1.05782,1.05794,1.50,1.50
2013.05.17 14:38:06.726,1.05783,1.05798,1.65,1.69
2013.05.17 14:38:06.846,1.05783,1.05798,1.65,1.69
2013.05.17 14:38:06.964,1.05783,1.05797,3.00,1.65
2013.05.17 14:38:08.027,1.05781,1.05796,2.40,1.65
2013.05.17 14:38:08.576,1.05782,1.05797,1.65,1.50
2013.05.17 14:38:09.265,1.05786,1.05797,1.50,1.50
2013.05.17 14:38:09.809,1.05783,1.05797,1.13,1.50
2013.05.17 14:38:10.413,1.05783,1.05795,1.13,1.50
2013.05.17 14:38:10.488,1.05783,1.05798,1.13,1.50
2013.05.17 14:38:12.195,1.05782,1.05798,1.65,2.07
2013.05.17 14:38:12.496,1.05779,1.05787,1.50,1.50
2013.05.17 14:38:12.798,1.05778,1.05789,2.40,1.50
2013.05.17 14:38:12.868,1.05778,1.05792,1.65,2.44
2013.05.17 14:38:12.996,1.05778,1.05792,2.40,1.50
2013.05.17 14:38:13.308,1.05781,1.0579,1.50,1.50
2013.05.17 14:38:13.376,1.05778,1.05793,2.40,1.84
2013.05.17 14:38:13.576,1.05778,1.05793,2.25,2.07
2013.05.17 14:38:14.121,1.05778,1.0579,2.25,1.50
2013.05.17 14:38:14.718,1.05775,1.05788,1.50,1.65
2013.05.17 14:38:14.846,1.05774,1.05784,1.50,1.50
2013.05.17 14:38:15.196,1.05763,1.0578,1.13,2.25
2013.05.17 14:38:15.258,1.05764,1.05781,2.40,1.65
2013.05.17 14:38:15.568,1.05777,1.05787,1.80,1.32
2013.05.17 14:38:15.637,1.05784,1.05793,2.10,1.50
2013.05.17 14:38:15.885,1.05786,1.05793,2.25,1.50
2013.05.17 14:38:16.188,1.05789,1.05795,1.65,1.43
2013.05.17 14:38:16.260,1.0579,1.05796,1.65,1.43
2013.05.17 14:38:16.389,1.05791,1.05801,2.44,3.98
2013.05.17 14:38:16.518,1.05793,1.05799,1.05,1.43
2013.05.17 14:38:16.586,1.05796,1.0581,1.13,1.50
2013.05.17 14:38:16.648,1.05796,1.05814,1.28,2.44
2013.05.17 14:38:16.836,1.05799,1.05816,1.88,1.50
2013.05.17 14:38:17.726,1.05803,1.05818,1.05,1.65
2013.05.17 14:38:18.088,1.05807,1.05823,1.28,1.69
2013.05.17 14:38:18.156,1.05807,1.05825,1.28,4.43
2013.05.17 14:38:18.276,1.05806,1.05822,1.84,1.13
2013.05.17 14:38:18.519,1.05802,1.05818,2.07,1.65
2013.05.17 14:38:18.719,1.05804,1.05822,1.50,2.97
2013.05.17 14:38:18.789,1.05801,1.05819,1.65,1.13
2013.05.17 14:38:18.859,1.05802,1.05819,1.50,1.13
2013.05.17 14:38:19.885,1.05802,1.0582,1.88,1.13
2013.05.17 14:38:20.125,1.05804,1.05818,1.50,1.13
2013.05.17 14:38:20.185,1.05801,1.0582,2.82,1.05
2013.05.17 14:38:20.305,1.05801,1.05819,2.63,1.09
2013.05.17 14:38:20.606,1.05801,1.05819,2.63,1.09
2013.05.17 14:38:20.858,1.05801,1.05819,3.38,2.59
2013.05.17 14:38:21.357,1.05801,1.05816,2.25,1.13
2013.05.17 14:38:21.487,1.05798,1.05813,2.25,2.78
2013.05.17 14:38:21.665,1.05795,1.05812,1.88,2.40
2013.05.17 14:38:22.285,1.05796,1.05812,1.13,1.50
2013.05.17 14:38:22.824,1.05795,1.05813,1.88,1.84
2013.05.17 14:38:23.036,1.05796,1.05813,1.13,1.84
2013.05.17 14:38:23.384,1.05796,1.05812,1.13,1.69
2013.05.17 14:38:24.706,1.058,1.05814,3.00,1.50
2013.05.17 14:38:25.479,1.058,1.05816,1.13,1.50
2013.05.17 14:38:25.806,1.05802,1.05817,3.38,2.25
2013.05.17 14:38:26.106,1.05806,1.05824,1.13,3.19
2013.05.17 14:38:26.238,1.05805,1.05822,1.13,1.69
2013.05.17 14:38:26.310,1.05805,1.05822,1.13,1.84
2013.05.17 14:38:26.377,1.05805,1.05822,1.13,1.84
2013.05.17 14:38:26.447,1.05806,1.05823,1.13,1.69
2013.05.17 14:38:26.939,1.05808,1.05826,3.30,1.09
2013.05.17 14:38:27.305,1.05808,1.05826,1.80,1.09
2013.05.17 14:38:27.484,1.0581,1.05829,1.13,1.84
2013.05.17 14:38:27.965,1.0581,1.05829,1.13,2.59
2013.05.17 14:38:28.025,1.05811,1.05828,1.13,1.09
2013.05.17 14:38:28.086,1.05811,1.05825,1.13,1.69
2013.05.17 14:38:28.205,1.05807,1.05824,1.13,1.84
2013.05.17 14:38:28.265,1.05807,1.05823,1.13,1.69
2013.05.17 14:38:28.875,1.05807,1.05821,1.65,1.09
2013.05.17 14:38:29.414,1.05803,1.05821,1.13,1.09
2013.05.17 14:38:30.088,1.05806,1.05819,1.13,1.69
2013.05.17 14:38:30.338,1.058,1.05819,2.63,2.59
2013.05.17 14:38:30.411,1.05801,1.05819,1.13,1.84
2013.05.17 14:38:30.965,1.05802,1.05819,1.88,1.84
2013.05.17 14:38:31.327,1.05804,1.05819,1.88,1.69
2013.05.17 14:38:31.647,1.05805,1.05821,1.13,1.69
2013.05.17 14:38:31.717,1.05804,1.05821,1.13,1.69
2013.05.17 14:38:31.970,1.05805,1.05821,1.13,1.69
2013.05.17 14:38:33.067,1.05806,1.05821,1.13,1.69
2013.05.17 14:38:34.033,1.05802,1.05818,2.03,1.09
2013.05.17 14:38:34.247,1.05801,1.05818,1.13,1.09
2013.05.17 14:38:34.445,1.05802,1.05818,1.13,1.09
2013.05.17 14:38:35.435,1.05802,1.05818,1.13,1.09
2013.05.17 14:38:35.495,1.05802,1.05818,1.13,1.09
2013.05.17 14:38:35.616,1.05798,1.05814,1.28,1.69
2013.05.17 14:38:35.735,1.05797,1.05814,1.88,1.69
2013.05.17 14:38:37.316,1.05798,1.05814,1.13,1.69
2013.05.17 14:38:37.635,1.05801,1.05814,1.13,1.69
2013.05.17 14:38:37.816,1.05802,1.05817,1.13,1.69
2013.05.17 14:38:39.055,1.05802,1.05815,1.13,1.69
2013.05.17 14:38:39.116,1.05802,1.05816,1.13,2.44
2013.05.17 14:38:39.236,1.05802,1.05818,1.88,4.24
2013.05.17 14:38:39.476,1.05805,1.0582,1.28,1.13
2013.05.17 14:38:39.597,1.05806,1.05823,1.50,1.32
2013.05.17 14:38:39.965,1.05803,1.05819,1.50,1.09
2013.05.17 14:38:40.206,1.05804,1.05819,1.50,1.09
2013.05.17 14:38:41.254,1.05803,1.05819,1.50,1.09
2013.05.17 14:38:41.314,1.05804,1.05819,1.50,1.09
2013.05.17 14:38:41.628,1.058,1.05812,1.50,1.13
2013.05.17 14:38:41.698,1.05799,1.05812,1.50,1.13
2013.05.17 14:38:41.829,1.05797,1.05811,2.93,1.13
2013.05.17 14:38:41.898,1.05797,1.05813,3.08,1.84
2013.05.17 14:38:41.969,1.05795,1.05813,1.13,1.09
2013.05.17 14:38:42.095,1.05797,1.05814,1.13,3.94
2013.05.17 14:38:42.275,1.05798,1.05815,1.13,1.84
2013.05.17 14:38:42.582,1.05799,1.05815,1.13,1.84
2013.05.17 14:38:42.846,1.05799,1.05815,1.13,1.84
2013.05.17 14:38:43.396,1.05797,1.05814,1.50,1.32
2013.05.17 14:38:44.108,1.05796,1.0581,1.50,2.07
2013.05.17 14:38:44.180,1.05782,1.05797,3.00,3.19
2013.05.17 14:38:44.306,1.05789,1.05799,1.50,1.84
2013.05.17 14:38:44.557,1.05779,1.05798,1.65,1.69
2013.05.17 14:38:44.925,1.05779,1.05796,1.65,1.09
2013.05.17 14:38:45.285,1.05779,1.05792,1.65,1.69
2013.05.17 14:38:45.586,1.0577,1.05786,1.50,1.69
2013.05.17 14:38:45.647,1.05767,1.05787,3.83,1.09
2013.05.17 14:38:46.186,1.05767,1.05788,3.83,2.44
2013.05.17 14:38:46.835,1.05769,1.05787,1.65,1.69
2013.05.17 14:38:47.449,1.05767,1.05785,2.93,1.32
2013.05.17 14:38:47.584,1.05766,1.05782,1.50,2.44
2013.05.17 14:38:47.655,1.05766,1.05784,1.50,2.59
2013.05.17 14:38:47.722,1.05766,1.05784,2.25,1.09
2013.05.17 14:38:48.036,1.05772,1.05787,1.65,1.69
2013.05.17 14:38:48.095,1.05772,1.05791,1.65,4.69
2013.05.17 14:38:48.398,1.0577,1.0578,1.50,1.13
2013.05.17 14:38:48.467,1.05771,1.05784,1.50,1.09
2013.05.17 14:38:48.539,1.05765,1.05776,1.50,1.69
2013.05.17 14:38:48.669,1.05762,1.05776,1.50,1.09
2013.05.17 14:38:48.919,1.05762,1.05774,2.25,1.09
2013.05.17 14:38:49.165,1.05762,1.05776,2.25,1.09
2013.05.17 14:38:49.347,1.05762,1.05777,1.65,1.69
2013.05.17 14:38:49.416,1.05762,1.05779,1.65,1.84
2013.05.17 14:38:49.595,1.05765,1.05779,1.50,1.84
2013.05.17 14:38:50.776,1.05763,1.05779,1.65,1.84
2013.05.17 14:38:51.767,1.0576,1.05775,1.13,1.84
2013.05.17 14:38:52.076,1.05761,1.05777,2.40,1.65
2013.05.17 14:38:52.137,1.05764,1.05779,1.13,1.50
2013.05.17 14:38:52.774,1.05766,1.05778,1.13,1.50
2013.05.17 14:38:53.435,1.05761,1.05778,2.25,1.09
2013.05.17 14:38:53.977,1.05761,1.05778,1.50,1.09
2013.05.17 14:38:54.047,1.05761,1.05776,1.50,1.13
2013.05.17 14:38:54.118,1.0576,1.05774,1.50,1.99
2013.05.17 14:38:54.326,1.05761,1.05776,1.50,1.32
2013.05.17 14:38:54.885,1.05763,1.05776,1.50,2.44
2013.05.17 14:38:54.945,1.05763,1.05777,1.50,1.09
2013.05.17 14:38:55.005,1.05761,1.05778,1.50,1.32
2013.05.17 14:38:55.304,1.05763,1.05777,1.50,1.09
2013.05.17 14:38:56.086,1.05764,1.0578,1.13,2.25
2013.05.17 14:38:56.388,1.05766,1.0578,1.13,1.50
2013.05.17 14:38:56.576,1.05769,1.05783,1.28,1.50
2013.05.17 14:38:56.697,1.05771,1.05791,1.13,4.02
2013.05.17 14:38:57.607,1.05771,1.0579,1.50,1.32
2013.05.17 14:38:58.176,1.0577,1.05785,1.50,1.09
2013.05.17 14:38:58.646,1.05769,1.05785,1.65,1.09
2013.05.17 14:38:59.437,1.05769,1.05786,1.65,1.09
2013.05.17 14:38:59.786,1.0577,1.05789,1.88,3.19
2013.05.17 14:39:00.086,1.05779,1.05797,1.13,1.84
2013.05.17 14:39:00.145,1.05779,1.05797,1.13,1.84
2013.05.17 14:39:00.566,1.05776,1.05792,3.08,1.09
2013.05.17 14:39:00.685,1.05778,1.05796,1.13,1.69
2013.05.17 14:39:00.746,1.05778,1.05798,1.13,1.84
2013.05.17 14:39:00.866,1.05777,1.05796,1.65,1.32
2013.05.17 14:39:01.988,1.05776,1.05794,3.30,1.09
2013.05.17 14:39:02.738,1.05776,1.05794,1.88,1.09
2013.05.17 14:39:03.255,1.05778,1.05794,1.65,1.09
2013.05.17 14:39:05.296,1.05776,1.05794,1.88,1.09
2013.05.17 14:39:05.814,1.05777,1.05794,1.65,1.09
2013.05.17 14:39:05.935,1.05779,1.05796,1.13,1.69
2013.05.17 14:39:06.056,1.05783,1.058,1.65,4.09
2013.05.17 14:39:06.416,1.05797,1.05807,1.50,1.65
2013.05.17 14:39:06.778,1.05797,1.05808,1.50,1.09
2013.05.17 14:39:07.205,1.05797,1.0581,1.50,1.09
2013.05.17 14:39:08.278,1.05798,1.05813,1.50,1.69
2013.05.17 14:39:08.346,1.05798,1.05814,1.50,2.44
2013.05.17 14:39:08.656,1.05804,1.05814,1.50,2.25
2013.05.17 14:39:08.975,1.05804,1.05814,3.68,1.50
2013.05.17 14:39:09.456,1.05807,1.05826,1.50,1.69
2013.05.17 14:39:09.985,1.05807,1.05827,1.50,1.84
2013.05.17 14:39:11.432,1.05807,1.05827,2.25,1.84
2013.05.17 14:39:12.505,1.05807,1.05827,1.50,1.84
2013.05.17 14:39:12.569,1.05805,1.05822,1.50,1.13
2013.05.17 14:39:12.816,1.058,1.05811,1.88,2.40
2013.05.17 14:39:12.876,1.05798,1.05811,1.28,2.63
2013.05.17 14:39:13.059,1.05789,1.05807,2.25,2.44
2013.05.17 14:39:13.125,1.05789,1.05806,2.25,2.44
2013.05.17 14:39:13.186,1.05786,1.05806,1.65,3.19
2013.05.17 14:39:13.882,1.05786,1.05806,1.50,3.19
2013.05.17 14:39:14.196,1.05786,1.05806,1.65,1.69
2013.05.17 14:39:14.325,1.05787,1.05807,3.15,1.69
2013.05.17 14:39:14.444,1.0579,1.05809,1.50,1.84
2013.05.17 14:39:14.697,1.05785,1.05807,3.08,1.69
2013.05.17 14:39:14.755,1.05785,1.05805,3.68,1.84
2013.05.17 14:39:15.060,1.05792,1.05808,2.40,1.69
2013.05.17 14:39:15.248,1.05798,1.05816,1.50,1.69
2013.05.17 14:39:15.558,1.05803,1.05817,2.18,1.50
2013.05.17 14:39:15.866,1.05802,1.05815,1.50,1.09
2013.05.17 14:39:15.926,1.05801,1.05815,1.50,1.09
2013.05.17 14:39:16.507,1.05802,1.05817,2.25,1.32
2013.05.17 14:39:16.815,1.05806,1.05817,1.50,1.13
2013.05.17 14:39:17.156,1.05806,1.0582,1.50,2.74
2013.05.17 14:39:17.937,1.05806,1.0582,1.50,1.09
2013.05.17 14:39:18.266,1.05806,1.0582,1.50,1.09
2013.05.17 14:39:18.569,1.05799,1.05816,1.50,2.59
2013.05.17 14:39:18.636,1.05799,1.05816,1.50,1.09
2013.05.17 14:39:18.756,1.05796,1.05809,2.93,1.88
2013.05.17 14:39:18.815,1.05796,1.05809,2.93,2.44
2013.05.17 14:39:18.876,1.05796,1.05812,1.50,3.72
2013.05.17 14:39:18.996,1.05797,1.05813,1.50,1.32
2013.05.17 14:39:19.116,1.05797,1.05815,1.50,1.84
2013.05.17 14:39:19.306,1.058,1.05814,1.50,1.84
2013.05.17 14:39:20.507,1.058,1.05815,1.50,1.50
2013.05.17 14:39:20.814,1.05799,1.05816,1.50,2.59
2013.05.17 14:39:21.266,1.05797,1.05816,1.65,1.09
2013.05.17 14:39:21.505,1.05799,1.05817,2.25,1.09
2013.05.17 14:39:22.025,1.05801,1.05819,1.50,2.25
2013.05.17 14:39:22.460,1.05802,1.05819,3.00,1.50
2013.05.17 14:39:22.729,1.05804,1.05815,1.50,2.25
2013.05.17 14:39:22.979,1.05798,1.05816,1.50,2.40
2013.05.17 14:39:23.047,1.05798,1.05816,1.50,1.65
2013.05.17 14:39:23.344,1.05795,1.05816,4.58,1.09
2013.05.17 14:39:23.907,1.05799,1.05816,1.50,1.09
2013.05.17 14:39:24.220,1.05801,1.05818,1.50,1.69
2013.05.17 14:39:24.526,1.05802,1.0582,1.50,1.65
2013.05.17 14:39:24.586,1.05801,1.0582,1.50,1.84
2013.05.17 14:39:24.825,1.05801,1.0582,1.50,1.84
2013.05.17 14:39:25.359,1.05801,1.0582,2.25,1.84
2013.05.17 14:39:25.558,1.05802,1.0582,3.15,1.50
2013.05.17 14:39:25.626,1.05805,1.05823,1.50,1.09
2013.05.17 14:39:25.686,1.05809,1.05827,1.50,1.47
2013.05.17 14:39:25.806,1.05811,1.0583,1.50,1.24
2013.05.17 14:39:25.867,1.05811,1.05831,2.25,1.09
2013.05.17 14:39:26.175,1.05818,1.05837,1.65,2.25
2013.05.17 14:39:26.236,1.05818,1.0584,1.65,2.44
2013.05.17 14:39:26.814,1.0582,1.05841,1.65,1.09
2013.05.17 14:39:27.390,1.05818,1.05841,1.65,1.84
2013.05.17 14:39:27.644,1.05818,1.05839,1.50,1.09
2013.05.17 14:39:28.186,1.05819,1.05837,1.50,1.50
2013.05.17 14:39:28.716,1.05819,1.05838,1.50,1.09
2013.05.17 14:39:29.018,1.05819,1.05837,1.50,2.44
2013.05.17 14:39:29.087,1.05818,1.05836,2.25,1.69
2013.05.17 14:39:29.156,1.05818,1.05836,1.50,3.87
2013.05.17 14:39:30.136,1.05821,1.05834,1.50,1.50
2013.05.17 14:39:30.465,1.05821,1.05836,1.50,3.12
2013.05.17 14:39:31.065,1.05816,1.05836,1.65,3.12
2013.05.17 14:39:31.305,1.0582,1.05836,1.50,2.93
2013.05.17 14:39:31.786,1.0582,1.05838,1.50,1.84
2013.05.17 14:39:32.326,1.05817,1.05837,1.65,4.50
2013.05.17 14:39:32.445,1.05817,1.05836,1.65,1.69
2013.05.17 14:39:32.806,1.05814,1.05834,1.43,3.27
2013.05.17 14:39:34.416,1.05817,1.05836,1.50,2.07
2013.05.17 14:39:36.496,1.05817,1.05834,1.50,1.84
2013.05.17 14:39:36.735,1.0582,1.05837,1.50,1.09
2013.05.17 14:39:37.256,1.05819,1.05839,1.50,2.07
2013.05.17 14:39:37.925,1.0582,1.05839,1.50,3.57
2013.05.17 14:39:38.736,1.0582,1.05837,1.50,2.40
2013.05.17 14:39:39.279,1.0582,1.05838,1.65,1.50
2013.05.17 14:39:39.735,1.0582,1.0584,1.65,2.25
2013.05.17 14:39:39.796,1.05823,1.05841,2.25,1.50
2013.05.17 14:39:40.097,1.0583,1.0585,2.40,1.69
2013.05.17 14:39:40.167,1.05829,1.05849,1.50,1.84
2013.05.17 14:39:40.236,1.05827,1.05848,3.34,1.65
2013.05.17 14:39:41.413,1.0583,1.05848,2.25,1.84
2013.05.17 14:39:42.875,1.05833,1.05848,1.50,2.37
2013.05.17 14:39:43.626,1.05831,1.05845,1.50,1.88
2013.05.17 14:39:43.697,1.05828,1.05841,1.50,1.50
2013.05.17 14:39:43.817,1.05825,1.0584,1.50,2.44
2013.05.17 14:39:44.005,1.05822,1.0584,2.40,2.44
2013.05.17 14:39:44.065,1.05824,1.0584,3.15,1.69
2013.05.17 14:39:44.246,1.05824,1.05839,1.50,1.50
2013.05.17 14:39:44.597,1.05821,1.05838,2.40,1.50
2013.05.17 14:39:44.927,1.05821,1.05837,2.40,2.93
2013.05.17 14:39:48.206,1.05823,1.05833,1.50,1.50
2013.05.17 14:39:48.268,1.05817,1.05833,1.50,1.50
2013.05.17 14:39:48.396,1.05819,1.05836,1.50,2.44
2013.05.17 14:39:48.455,1.05816,1.05836,2.40,2.44
2013.05.17 14:39:49.328,1.05816,1.05836,2.40,2.44
2013.05.17 14:39:49.875,1.05816,1.05836,3.15,2.44
2013.05.17 14:39:53.527,1.0582,1.05838,1.65,1.69
2013.05.17 14:39:53.596,1.05821,1.0584,1.50,1.50
2013.05.17 14:39:53.657,1.05823,1.05842,3.00,1.84
2013.05.17 14:39:54.026,1.05823,1.05843,1.65,1.65
2013.05.17 14:39:55.118,1.05821,1.05842,3.34,1.84
2013.05.17 14:39:55.186,1.05821,1.05837,3.00,1.13
2013.05.17 14:39:55.256,1.05821,1.05839,3.15,2.25
2013.05.17 14:39:55.316,1.05821,1.05839,3.15,1.50
2013.05.17 14:39:55.376,1.05823,1.05842,1.65,1.09
2013.05.17 14:39:55.905,1.05822,1.05842,1.65,1.09
2013.05.17 14:39:59.705,1.05824,1.05844,2.40,3.12
2013.05.17 14:40:05.767,1.0582,1.05838,2.25,1.65
2013.05.17 14:40:05.955,1.0582,1.05838,1.50,1.84
2013.05.17 14:40:06.016,1.0582,1.05838,1.50,1.84
2013.05.17 14:40:06.396,1.05819,1.05838,1.50,1.84
2013.05.17 14:40:08.915,1.05819,1.05837,1.50,2.07
2013.05.17 14:40:09.634,1.05817,1.05836,2.25,1.65
2013.05.17 14:40:10.357,1.05817,1.05832,1.50,2.93
2013.05.17 14:40:10.746,1.05814,1.05833,2.59,1.50
2013.05.17 14:40:12.659,1.05817,1.05834,1.50,1.13
2013.05.17 14:40:13.534,1.05814,1.05834,2.82,1.13
2013.05.17 14:40:13.726,1.05816,1.05834,2.40,1.13
2013.05.17 14:40:14.617,1.0582,1.05836,2.63,2.18
2013.05.17 14:40:14.701,1.0582,1.0584,2.63,1.65
2013.05.17 14:40:14.945,1.0582,1.05838,1.13,2.25
2013.05.17 14:40:15.006,1.05819,1.05838,3.19,2.63
2013.05.17 14:40:15.314,1.05819,1.05834,1.50,3.83
2013.05.17 14:40:16.305,1.05818,1.05836,1.09,3.30
2013.05.17 14:40:17.076,1.05815,1.05824,1.17,3.75
2013.05.17 14:40:17.136,1.05814,1.05823,2.25,4.50
2013.05.17 14:40:17.256,1.05804,1.05815,2.18,2.63
2013.05.17 14:40:17.318,1.05798,1.05814,2.44,1.88
2013.05.17 14:40:17.636,1.05792,1.0581,2.25,1.32
2013.05.17 14:40:17.696,1.0579,1.05807,1.65,2.44
2013.05.17 14:40:17.757,1.05786,1.05799,1.69,1.13
2013.05.17 14:40:18.076,1.05772,1.05789,3.38,1.50
2013.05.17 14:40:18.136,1.05772,1.05789,2.63,1.50
2013.05.17 14:40:18.496,1.05772,1.05786,2.25,1.28
2013.05.17 14:40:18.556,1.05772,1.05786,2.25,1.09
2013.05.17 14:40:18.989,1.05772,1.05783,2.25,2.25
2013.05.17 14:40:19.337,1.05772,1.05781,1.50,2.44
2013.05.17 14:40:19.895,1.05765,1.05781,1.50,1.69
2013.05.17 14:40:22.235,1.05763,1.0578,2.40,1.50
2013.05.17 14:40:22.787,1.05763,1.05781,3.15,1.50
2013.05.17 14:40:22.856,1.05768,1.05782,1.65,1.50
2013.05.17 14:40:23.157,1.05779,1.05794,2.25,1.50
2013.05.17 14:40:23.465,1.05785,1.05801,2.40,1.69
2013.05.17 14:40:23.526,1.05785,1.05803,2.40,1.50
2013.05.17 14:40:23.586,1.05785,1.05804,2.40,1.69
2013.05.17 14:40:23.945,1.05785,1.05806,3.00,2.59
2013.05.17 14:40:24.557,1.05785,1.05804,2.25,1.50
2013.05.17 14:40:24.760,1.05783,1.05804,3.34,1.50
2013.05.17 14:40:26.056,1.05783,1.05802,3.34,1.50
2013.05.17 14:40:26.175,1.05783,1.05802,3.34,1.50
2013.05.17 14:40:26.587,1.05786,1.05807,1.65,1.69
2013.05.17 14:40:26.765,1.05789,1.05808,2.25,2.44
2013.05.17 14:40:26.945,1.0579,1.0581,3.90,1.50
2013.05.17 14:40:27.066,1.05794,1.05812,1.50,1.69
2013.05.17 14:40:28.124,1.05794,1.05807,1.50,1.50
2013.05.17 14:40:28.485,1.0579,1.05804,2.25,2.44
2013.05.17 14:40:29.076,1.0579,1.05804,2.25,1.69
2013.05.17 14:40:29.395,1.05786,1.05806,1.50,1.84
2013.05.17 14:40:29.471,1.05787,1.05806,2.63,1.50
2013.05.17 14:40:29.777,1.05792,1.05811,3.15,2.29
2013.05.17 14:40:29.965,1.05792,1.05813,3.15,2.59
2013.05.17 14:40:30.235,1.05791,1.05811,1.65,2.44
2013.05.17 14:40:30.354,1.05789,1.05811,3.34,3.34
2013.05.17 14:40:30.596,1.05797,1.05811,1.50,1.84
2013.05.17 14:40:30.656,1.05799,1.05811,2.18,1.09
2013.05.17 14:40:30.958,1.05804,1.05813,1.50,1.13
2013.05.17 14:40:31.267,1.05803,1.05817,1.50,3.57
2013.05.17 14:40:31.625,1.05803,1.05819,2.25,1.84
2013.05.17 14:40:32.126,1.05803,1.05819,1.50,1.09
2013.05.17 14:40:32.446,1.05802,1.0582,1.50,1.32
2013.05.17 14:40:34.706,1.05803,1.05819,3.68,1.84
2013.05.17 14:40:35.479,1.05809,1.0582,1.50,1.50
2013.05.17 14:40:35.607,1.05811,1.05826,1.50,1.09
2013.05.17 14:40:35.676,1.05811,1.05828,2.25,1.32
2013.05.17 14:40:35.736,1.05812,1.05828,2.93,1.09
2013.05.17 14:40:36.096,1.05808,1.05821,1.50,1.09
2013.05.17 14:40:36.635,1.05802,1.0582,1.50,1.09
2013.05.17 14:40:37.074,1.05804,1.05821,3.68,2.59
2013.05.17 14:40:37.436,1.0581,1.05825,1.50,1.65
2013.05.17 14:40:37.496,1.0581,1.05826,1.50,1.65
2013.05.17 14:40:37.617,1.0581,1.05829,2.25,1.47
2013.05.17 14:40:37.676,1.05813,1.0583,1.50,1.24
2013.05.17 14:40:38.095,1.05817,1.05831,1.50,1.84
2013.05.17 14:40:38.455,1.05817,1.05833,2.25,1.09
2013.05.17 14:40:38.515,1.05817,1.05834,2.25,1.09
2013.05.17 14:40:39.659,1.05817,1.05837,1.65,3.19
2013.05.17 14:40:39.725,1.05819,1.05837,2.18,2.44
2013.05.17 14:40:40.366,1.0582,1.05839,1.50,1.65
2013.05.17 14:40:40.585,1.05822,1.05841,1.65,1.09
2013.05.17 14:40:40.646,1.05822,1.05843,2.82,1.50
2013.05.17 14:40:40.705,1.05824,1.05844,1.09,2.25
2013.05.17 14:40:40.766,1.05825,1.05848,1.32,1.69
2013.05.17 14:40:41.125,1.05829,1.05849,1.50,1.09
2013.05.17 14:40:41.735,1.0583,1.05852,1.13,1.69
2013.05.17 14:40:42.036,1.05834,1.05855,3.08,2.07
2013.05.17 14:40:42.935,1.05837,1.05857,1.50,1.84
2013.05.17 14:40:43.056,1.05838,1.05858,3.00,1.09
2013.05.17 14:40:43.120,1.05841,1.05859,1.50,1.32
2013.05.17 14:40:43.246,1.05842,1.05862,1.50,1.32
2013.05.17 14:40:43.367,1.05843,1.05865,2.40,1.09
2013.05.17 14:40:44.116,1.05845,1.05865,2.40,1.09
2013.05.17 14:40:44.178,1.05845,1.05865,2.40,1.65
2013.05.17 14:40:44.247,1.05843,1.05864,2.59,1.09
2013.05.17 14:40:44.316,1.05843,1.05864,1.09,1.09
2013.05.17 14:40:44.556,1.0584,1.05861,1.69,1.09
2013.05.17 14:40:45.247,1.05839,1.0586,1.09,1.65
2013.05.17 14:40:46.995,1.05836,1.05857,3.75,1.50
2013.05.17 14:40:47.056,1.05836,1.05857,3.53,1.65
2013.05.17 14:40:47.116,1.05836,1.05856,1.84,2.59
2013.05.17 14:40:47.475,1.05827,1.05847,1.50,1.13
2013.05.17 14:40:47.595,1.05828,1.05847,1.50,1.13
2013.05.17 14:40:47.656,1.05826,1.05843,3.38,1.88
2013.05.17 14:40:47.715,1.05826,1.05843,2.25,1.84
2013.05.17 14:40:47.776,1.05826,1.05844,1.50,1.84
2013.05.17 14:40:48.015,1.05822,1.05843,2.44,1.32
2013.05.17 14:40:49.465,1.0582,1.05841,2.59,1.65
2013.05.17 14:40:49.656,1.05822,1.05841,1.50,1.65
2013.05.17 14:40:51.216,1.05824,1.05842,1.50,1.84
2013.05.17 14:40:51.651,1.05825,1.05839,1.50,1.13
2013.05.17 14:40:51.718,1.05822,1.05838,2.18,1.65
2013.05.17 14:40:51.785,1.05818,1.05838,1.50,1.65
2013.05.17 14:40:52.146,1.05817,1.05835,2.44,1.50
2013.05.17 14:40:52.269,1.05818,1.05835,1.50,1.50
2013.05.17 14:40:52.526,1.05821,1.0584,1.50,2.25
2013.05.17 14:40:52.884,1.05822,1.05838,1.50,1.50
2013.05.17 14:40:53.247,1.05822,1.05839,1.50,1.50
2013.05.17 14:40:53.605,1.05824,1.05842,1.50,1.88
2013.05.17 14:40:54.135,1.05824,1.0584,1.50,1.65
2013.05.17 14:40:54.446,1.05827,1.05846,1.65,1.50
2013.05.17 14:40:54.513,1.05827,1.05847,3.15,1.50
2013.05.17 14:40:55.434,1.0583,1.05847,1.50,1.50
2013.05.17 14:40:55.508,1.0583,1.05849,1.50,1.84
2013.05.17 14:40:55.696,1.05827,1.05845,2.93,1.50
2013.05.17 14:40:56.013,1.0583,1.05845,1.50,1.50
2013.05.17 14:40:56.077,1.05827,1.05845,2.93,1.88
2013.05.17 14:40:56.608,1.0583,1.05844,1.50,1.65
2013.05.17 14:40:56.989,1.05831,1.05847,1.50,1.65
2013.05.17 14:40:57.056,1.05832,1.05848,2.25,1.88
2013.05.17 14:40:57.239,1.05832,1.05851,2.44,1.65
2013.05.17 14:40:57.606,1.05833,1.05851,1.50,1.65
2013.05.17 14:40:57.949,1.05833,1.05847,1.50,1.65
2013.05.17 14:40:58.136,1.05829,1.05845,1.50,2.97
2013.05.17 14:40:58.196,1.05829,1.05845,1.50,2.97
2013.05.17 14:40:58.315,1.05827,1.05845,1.50,2.82
2013.05.17 14:40:58.375,1.05824,1.05843,2.44,1.13
2013.05.17 14:40:58.735,1.05824,1.05841,3.19,1.65
2013.05.17 14:40:59.086,1.05824,1.05841,1.69,1.65
2013.05.17 14:40:59.935,1.05824,1.05841,1.50,1.65
2013.05.17 14:41:00.256,1.05822,1.0584,1.69,1.65
2013.05.17 14:41:01.868,1.05827,1.05842,1.65,2.25
2013.05.17 14:41:02.715,1.05827,1.05847,2.59,1.50
2013.05.17 14:41:03.165,1.05829,1.05849,1.73,1.50
2013.05.17 14:41:03.287,1.05833,1.05854,1.50,3.87
2013.05.17 14:41:03.538,1.05837,1.05854,1.13,2.18
2013.05.17 14:41:03.607,1.05837,1.05857,1.13,1.69
2013.05.17 14:41:03.677,1.05836,1.05857,1.09,1.65
2013.05.17 14:41:03.975,1.05835,1.05855,1.09,1.50
2013.05.17 14:41:04.398,1.05834,1.05854,1.69,1.88
2013.05.17 14:41:04.728,1.05833,1.05847,1.50,1.32
2013.05.17 14:41:05.505,1.05829,1.05845,2.25,2.07
2013.05.17 14:41:05.576,1.05829,1.05845,2.25,1.09
2013.05.17 14:41:05.718,1.05826,1.05845,1.65,1.84
2013.05.17 14:41:05.848,1.05824,1.05845,2.59,1.84
2013.05.17 14:41:06.036,1.05826,1.05844,3.08,1.50
2013.05.17 14:41:06.335,1.05824,1.05845,3.15,1.09
2013.05.17 14:41:06.699,1.05826,1.05846,1.13,1.69
2013.05.17 14:41:07.224,1.05824,1.05845,2.40,1.09
2013.05.17 14:41:07.526,1.05826,1.05845,1.09,1.65
2013.05.17 14:41:07.885,1.05828,1.05846,1.50,1.65
2013.05.17 14:41:08.707,1.05828,1.05844,1.50,2.25
2013.05.17 14:41:08.766,1.05826,1.05844,1.69,3.15
2013.05.17 14:41:09.365,1.05825,1.05843,1.69,2.40
2013.05.17 14:41:09.606,1.05822,1.05842,1.50,1.88
2013.05.17 14:41:10.225,1.05822,1.05842,1.65,1.65
2013.05.17 14:41:10.526,1.05823,1.05843,1.32,1.50
2013.05.17 14:41:10.645,1.05824,1.05843,1.84,1.50
2013.05.17 14:41:11.256,1.05825,1.05843,1.88,1.50
2013.05.17 14:41:11.496,1.05827,1.05847,1.50,3.34
2013.05.17 14:41:12.035,1.05827,1.05846,2.82,1.50
2013.05.17 14:41:12.455,1.05829,1.05847,1.09,2.25
2013.05.17 14:41:12.515,1.05828,1.05847,3.00,1.50
2013.05.17 14:41:12.577,1.05828,1.05841,1.50,1.88
2013.05.17 14:41:12.939,1.05825,1.05838,2.18,1.09
2013.05.17 14:41:13.007,1.05818,1.05838,1.84,1.09
2013.05.17 14:41:13.625,1.05817,1.05837,1.09,1.65
2013.05.17 14:41:14.506,1.05818,1.05837,1.84,1.65
2013.05.17 14:41:15.479,1.05826,1.05841,1.65,1.50
2013.05.17 14:41:15.907,1.05826,1.05845,2.40,1.69
2013.05.17 14:41:16.618,1.05829,1.05848,1.50,1.65
2013.05.17 14:41:16.691,1.05832,1.0585,1.73,2.44
2013.05.17 14:41:17.117,1.0583,1.05852,1.84,1.47
2013.05.17 14:41:17.185,1.05832,1.05844,2.18,1.88
2013.05.17 14:41:17.245,1.05827,1.05844,2.93,2.78
2013.05.17 14:41:17.306,1.05827,1.05842,2.18,1.88
2013.05.17 14:41:17.369,1.05826,1.05842,1.50,2.63
2013.05.17 14:41:17.556,1.05826,1.05842,1.50,2.82
2013.05.17 14:41:17.619,1.05821,1.05841,3.75,1.13
2013.05.17 14:41:17.928,1.05829,1.05843,1.50,2.37
2013.05.17 14:41:18.118,1.05829,1.05846,1.65,2.25
2013.05.17 14:41:18.547,1.05826,1.05844,2.40,1.50
2013.05.17 14:41:18.687,1.05825,1.05844,2.59,2.25
2013.05.17 14:41:18.756,1.05829,1.05844,1.09,1.50
2013.05.17 14:41:19.129,1.05826,1.05846,1.65,2.44
2013.05.17 14:41:19.199,1.05826,1.05843,1.65,2.25
2013.05.17 14:41:19.567,1.05822,1.0584,1.65,2.44
2013.05.17 14:41:19.697,1.05819,1.05838,1.50,3.15
2013.05.17 14:41:19.877,1.0582,1.05839,1.65,1.69
2013.05.17 14:41:20.130,1.05819,1.05838,1.69,1.88
2013.05.17 14:41:20.320,1.05819,1.05838,1.50,1.88
2013.05.17 14:41:20.687,1.05819,1.05838,1.65,1.50
2013.05.17 14:41:20.996,1.05822,1.0584,1.88,1.69
2013.05.17 14:41:21.177,1.05819,1.05839,2.59,1.50
2013.05.17 14:41:21.549,1.05834,1.0584,1.50,1.50
2013.05.17 14:41:21.857,1.05838,1.05848,1.09,1.50
2013.05.17 14:41:22.703,1.05839,1.0586,1.09,1.84
2013.05.17 14:41:23.063,1.05839,1.0586,1.09,1.84
2013.05.17 14:41:23.133,1.05839,1.05859,1.09,1.09
2013.05.17 14:41:23.200,1.05839,1.0586,1.09,1.69
2013.05.17 14:41:23.755,1.05841,1.05862,2.40,1.09
2013.05.17 14:41:24.702,1.05841,1.05863,2.40,3.34
2013.05.17 14:41:25.435,1.05841,1.05863,3.90,2.59
2013.05.17 14:41:25.697,1.05845,1.05863,1.50,1.09
2013.05.17 14:41:25.816,1.05847,1.05866,2.59,1.50
2013.05.17 14:41:25.877,1.05847,1.05866,1.32,1.50
2013.05.17 14:41:26.007,1.05846,1.05866,1.09,1.50
2013.05.17 14:41:27.056,1.05846,1.05866,1.09,1.50
2013.05.17 14:41:27.178,1.05843,1.05864,4.32,1.50
2013.05.17 14:41:27.806,1.05845,1.05864,1.09,3.15
2013.05.17 14:41:28.112,1.05839,1.05857,2.25,1.50
2013.05.17 14:41:28.456,1.05839,1.05856,2.25,1.50
2013.05.17 14:41:28.988,1.05837,1.05856,2.07,2.25
2013.05.17 14:41:30.615,1.05837,1.05856,1.88,1.50
2013.05.17 14:41:30.796,1.05838,1.05858,1.13,1.69
2013.05.17 14:41:31.306,1.05837,1.05857,1.88,2.25
2013.05.17 14:41:32.593,1.05833,1.05852,1.65,1.09
2013.05.17 14:41:32.909,1.05834,1.05855,1.65,1.50
2013.05.17 14:41:33.278,1.05834,1.05854,2.07,1.50
2013.05.17 14:41:33.597,1.05844,1.05861,2.93,1.50
2013.05.17 14:41:33.655,1.05844,1.05862,2.93,1.65
2013.05.17 14:41:33.716,1.05844,1.05862,2.93,1.65
2013.05.17 14:41:33.775,1.05841,1.05862,1.09,1.65
2013.05.17 14:41:34.599,1.05841,1.05861,1.09,1.65
2013.05.17 14:41:34.730,1.05838,1.05857,1.69,1.50
2013.05.17 14:41:35.035,1.05836,1.05854,1.84,1.50
2013.05.17 14:41:35.217,1.05834,1.05853,1.50,2.82
2013.05.17 14:41:35.466,1.0583,1.05852,1.09,3.15
2013.05.17 14:41:36.077,1.0583,1.05848,1.84,1.50
2013.05.17 14:41:36.385,1.05842,1.05853,1.50,1.13
2013.05.17 14:41:37.276,1.05842,1.05854,1.50,1.65
2013.05.17 14:41:37.736,1.05844,1.05856,1.50,1.65
2013.05.17 14:41:37.917,1.05844,1.05856,3.68,1.65
2013.05.17 14:41:38.216,1.05838,1.05856,2.93,1.84
2013.05.17 14:41:38.289,1.05838,1.05856,2.93,3.34
2013.05.17 14:41:38.477,1.05837,1.05853,1.50,1.13
2013.05.17 14:41:38.668,1.05836,1.0585,1.50,4.09
2013.05.17 14:41:38.738,1.05831,1.0585,1.50,2.59
2013.05.17 14:41:38.987,1.05828,1.05848,2.07,3.15
2013.05.17 14:41:39.115,1.0583,1.05846,1.50,1.50
2013.05.17 14:41:39.177,1.0583,1.05846,1.50,1.50
2013.05.17 14:41:39.248,1.05827,1.05849,1.69,2.59
2013.05.17 14:41:39.619,1.05827,1.05846,1.50,1.84
2013.05.17 14:41:39.926,1.05824,1.05841,1.65,1.69
2013.05.17 14:41:40.047,1.05822,1.05843,1.13,3.19
2013.05.17 14:41:41.087,1.05819,1.05839,3.15,1.09
2013.05.17 14:41:41.169,1.05814,1.05836,2.40,2.44
2013.05.17 14:41:41.786,1.05817,1.05837,1.50,1.09
2013.05.17 14:41:42.146,1.05823,1.05838,1.50,1.50
2013.05.17 14:41:42.457,1.05828,1.0584,3.68,1.50
2013.05.17 14:41:42.815,1.05832,1.05841,1.50,2.25
2013.05.17 14:41:42.937,1.05823,1.0584,1.65,1.50
2013.05.17 14:41:43.497,1.05825,1.05841,1.65,2.25
2013.05.17 14:41:43.805,1.05828,1.05841,1.65,2.25
2013.05.17 14:41:44.345,1.05828,1.05841,1.65,2.25
2013.05.17 14:41:44.542,1.05825,1.05841,1.50,2.25
2013.05.17 14:41:44.668,1.05823,1.05843,2.59,2.25
2013.05.17 14:41:44.736,1.05825,1.05845,1.50,1.65
2013.05.17 14:41:45.206,1.05825,1.05846,2.40,1.50
2013.05.17 14:41:45.796,1.05825,1.05847,2.40,1.65
2013.05.17 14:41:46.135,1.05825,1.05841,1.50,1.13
2013.05.17 14:41:46.318,1.05823,1.05841,1.50,1.13
2013.05.17 14:41:46.505,1.05819,1.05839,1.65,1.65
2013.05.17 14:41:47.745,1.05819,1.0584,3.15,1.84
2013.05.17 14:41:48.165,1.05824,1.05845,1.65,1.09
2013.05.17 14:41:48.707,1.05823,1.05845,1.65,2.59
2013.05.17 14:41:48.958,1.05824,1.05845,1.13,1.69
2013.05.17 14:41:49.693,1.05825,1.05847,1.65,1.84
2013.05.17 14:41:49.780,1.05824,1.05842,1.09,1.50
2013.05.17 14:41:50.577,1.05822,1.0584,1.09,1.50
2013.05.17 14:41:50.879,1.0582,1.05838,1.84,1.50
2013.05.17 14:41:50.947,1.05817,1.05836,2.59,1.50
2013.05.17 14:41:51.016,1.05815,1.05836,1.99,2.25
2013.05.17 14:41:51.320,1.05814,1.05829,1.65,1.50
2013.05.17 14:41:51.385,1.05811,1.05829,1.84,1.50
2013.05.17 14:41:51.687,1.05811,1.0583,1.84,1.50
2013.05.17 14:41:52.528,1.05811,1.0583,1.13,1.50
2013.05.17 14:41:52.596,1.0581,1.0583,2.40,1.50
2013.05.17 14:41:53.727,1.0581,1.0583,1.50,1.88
2013.05.17 14:41:54.156,1.05806,1.05827,2.44,2.40
2013.05.17 14:41:54.349,1.05804,1.05823,1.65,1.65
2013.05.17 14:41:54.713,1.05803,1.0582,1.65,1.50
2013.05.17 14:41:55.416,1.058,1.0582,1.13,1.50
2013.05.17 14:41:56.177,1.05802,1.05821,1.65,2.44
2013.05.17 14:41:56.308,1.058,1.05819,1.50,1.13
2013.05.17 14:41:56.737,1.05799,1.05821,1.13,3.19
2013.05.17 14:41:56.855,1.05801,1.05821,1.88,2.25
2013.05.17 14:41:57.405,1.05805,1.05824,1.13,1.50
2013.05.17 14:41:58.085,1.05805,1.05825,1.88,1.69
2013.05.17 14:41:58.484,1.05805,1.05823,1.13,1.50
2013.05.17 14:41:58.545,1.05804,1.05823,1.80,1.50
2013.05.17 14:41:58.906,1.05803,1.05824,2.25,1.13
2013.05.17 14:41:59.035,1.05802,1.05823,1.50,3.57
2013.05.17 14:41:59.588,1.05803,1.05822,1.65,1.65
2013.05.17 14:42:00.135,1.05801,1.05822,2.40,1.65
2013.05.17 14:42:00.886,1.05803,1.05823,1.65,4.58
2013.05.17 14:42:01.197,1.05806,1.05826,1.65,1.50
2013.05.17 14:42:01.725,1.0581,1.05829,1.50,1.88
2013.05.17 14:42:02.026,1.05812,1.05833,2.40,2.44
2013.05.17 14:42:02.266,1.05812,1.05833,2.59,2.25
2013.05.17 14:42:02.639,1.05813,1.05831,1.50,2.40
2013.05.17 14:42:02.947,1.05808,1.05828,1.65,4.62
2013.05.17 14:42:03.256,1.05811,1.05828,2.40,2.93
2013.05.17 14:42:03.447,1.05811,1.05831,1.84,2.93
2013.05.17 14:42:03.519,1.05812,1.05834,1.65,2.59
2013.05.17 14:42:03.946,1.05809,1.0583,1.65,1.69
2013.05.17 14:42:04.780,1.05809,1.0583,2.40,2.44
2013.05.17 14:42:04.853,1.05809,1.0583,1.65,2.44
2013.05.17 14:42:05.096,1.05809,1.05828,1.65,2.93
2013.05.17 14:42:05.655,1.05809,1.05825,1.50,2.25
2013.05.17 14:42:05.954,1.05807,1.05825,1.65,1.50
2013.05.17 14:42:06.135,1.05805,1.05825,1.09,1.50
2013.05.17 14:42:07.539,1.05807,1.05828,1.50,1.09
2013.05.17 14:42:07.986,1.05808,1.05829,2.63,3.19
2013.05.17 14:42:08.118,1.05811,1.05832,2.40,2.25
2013.05.17 14:42:08.186,1.05814,1.05833,1.50,1.50
2013.05.17 14:42:08.365,1.05814,1.05835,1.50,1.69
2013.05.17 14:42:08.916,1.05814,1.05837,3.34,3.68
2013.05.17 14:42:09.178,1.05816,1.05837,2.40,1.50
2013.05.17 14:42:09.737,1.05816,1.05836,1.65,2.18
2013.05.17 14:42:10.116,1.05814,1.05833,1.50,1.50
2013.05.17 14:42:10.709,1.05813,1.05833,2.59,1.50
2013.05.17 14:42:11.395,1.05814,1.05833,1.69,1.50
2013.05.17 14:42:11.590,1.05813,1.05833,1.84,4.43
2013.05.17 14:42:15.785,1.05812,1.05831,2.25,1.65
2013.05.17 14:42:15.846,1.05807,1.05828,2.40,1.50
2013.05.17 14:42:15.906,1.05806,1.05827,1.65,2.18
2013.05.17 14:42:15.968,1.05805,1.05827,2.44,3.08
2013.05.17 14:42:16.215,1.05805,1.05824,1.50,1.69
2013.05.17 14:42:16.755,1.05803,1.05825,1.84,2.44
2013.05.17 14:42:17.056,1.05806,1.05825,1.65,1.50
2013.05.17 14:42:19.122,1.05806,1.05825,2.40,1.50
2013.05.17 14:42:19.435,1.05805,1.05824,3.15,1.50
2013.05.17 14:42:22.645,1.05806,1.05824,1.65,1.50
2013.05.17 14:42:23.266,1.05807,1.05824,1.50,1.50
2013.05.17 14:42:23.388,1.05807,1.05827,1.50,2.44
2013.05.17 14:42:23.637,1.05807,1.05828,1.50,2.59
2013.05.17 14:42:23.773,1.05807,1.05828,1.50,3.15
2013.05.17 14:42:24.085,1.05802,1.05823,2.63,3.15
2013.05.17 14:42:24.146,1.05802,1.05822,2.63,1.09
2013.05.17 14:42:24.387,1.05801,1.0582,1.50,1.50
2013.05.17 14:42:24.628,1.05801,1.0582,1.50,1.50
2013.05.17 14:42:25.125,1.05799,1.0582,2.44,1.50
2013.05.17 14:42:25.615,1.05799,1.05819,1.50,1.84
2013.05.17 14:42:26.745,1.05798,1.05817,2.44,1.65
2013.05.17 14:42:28.296,1.05798,1.05817,2.25,1.50
2013.05.17 14:42:29.206,1.058,1.05819,1.50,1.50
2013.05.17 14:42:32.838,1.058,1.05819,1.50,2.25
2013.05.17 14:42:32.906,1.058,1.0582,2.25,1.50
2013.05.17 14:42:33.025,1.058,1.0582,2.25,1.50
2013.05.17 14:42:33.566,1.05801,1.05821,1.50,1.65
2013.05.17 14:42:35.159,1.05803,1.05821,1.50,1.84
2013.05.17 14:42:37.355,1.05805,1.05822,1.50,1.84
2013.05.17 14:42:37.477,1.05806,1.05825,1.50,1.50
2013.05.17 14:42:37.606,1.05808,1.05827,2.78,1.50
2013.05.17 14:42:37.666,1.05808,1.05827,2.78,1.50
2013.05.17 14:42:37.786,1.05814,1.05832,1.50,1.65
2013.05.17 14:42:37.846,1.05814,1.05833,1.50,1.13
2013.05.17 14:42:38.265,1.05814,1.05834,1.50,3.34
2013.05.17 14:42:38.325,1.05814,1.05832,1.50,1.65
2013.05.17 14:42:38.715,1.05812,1.05831,1.69,1.65
2013.05.17 14:42:39.376,1.05814,1.05831,1.50,1.65
2013.05.17 14:42:40.008,1.05814,1.05832,1.50,1.50
2013.05.17 14:42:40.087,1.05814,1.05835,2.25,3.19
2013.05.17 14:42:40.634,1.05815,1.05835,1.50,2.44
2013.05.17 14:42:41.175,1.05816,1.05836,1.50,4.84
2013.05.17 14:42:41.416,1.05815,1.05835,1.50,3.19
2013.05.17 14:42:41.778,1.05816,1.05835,1.50,3.34
2013.05.17 14:42:41.847,1.05816,1.05835,1.50,3.34
2013.05.17 14:42:42.087,1.05815,1.05833,1.50,1.69
2013.05.17 14:42:42.395,1.05811,1.05832,3.19,2.59
2013.05.17 14:42:42.937,1.05811,1.05832,2.25,3.34
2013.05.17 14:42:43.576,1.05811,1.05832,3.00,1.84
2013.05.17 14:42:45.945,1.05812,1.05832,1.50,1.09
2013.05.17 14:42:46.254,1.05812,1.05832,1.50,1.09
2013.05.17 14:42:46.805,1.05812,1.05832,1.50,1.84
2013.05.17 14:42:47.347,1.05812,1.05828,2.25,1.50
2013.05.17 14:42:47.886,1.05812,1.0583,1.50,1.69
2013.05.17 14:42:48.006,1.05811,1.0583,1.50,2.44
2013.05.17 14:42:48.929,1.05812,1.05831,1.50,1.09
2013.05.17 14:42:49.056,1.05812,1.05832,2.25,1.69
2013.05.17 14:42:49.758,1.05812,1.05833,2.25,1.69
2013.05.17 14:42:49.840,1.05811,1.05833,1.84,3.19
2013.05.17 14:42:49.910,1.05808,1.05827,1.69,1.65
2013.05.17 14:42:50.117,1.05806,1.05825,1.69,1.50
2013.05.17 14:42:50.466,1.05803,1.05823,1.69,2.40
2013.05.17 14:42:51.440,1.05803,1.05823,1.50,2.40
2013.05.17 14:42:51.746,1.05803,1.0582,1.50,1.50
2013.05.17 14:42:55.051,1.05804,1.0582,1.50,2.25
2013.05.17 14:42:55.646,1.05803,1.05821,2.25,1.50
2013.05.17 14:42:55.896,1.05801,1.0582,1.69,1.50
2013.05.17 14:42:57.657,1.05801,1.0582,1.69,2.25
2013.05.17 14:42:58.166,1.058,1.0582,1.69,3.00
2013.05.17 14:42:58.286,1.05803,1.0582,1.13,1.50
2013.05.17 14:42:58.406,1.05801,1.05819,2.59,1.50
2013.05.17 14:42:58.526,1.05802,1.05821,1.50,3.19
2013.05.17 14:42:59.163,1.05803,1.05821,1.50,1.50
2013.05.17 14:42:59.693,1.05803,1.05822,1.50,1.50
2013.05.17 14:43:00.547,1.05803,1.05822,2.25,1.50
2013.05.17 14:43:00.888,1.05803,1.05821,1.50,2.44
2013.05.17 14:43:04.705,1.05803,1.0582,2.25,1.69
2013.05.17 14:43:04.825,1.05803,1.05818,1.50,1.50
2013.05.17 14:43:04.887,1.05803,1.05818,1.50,2.25
2013.05.17 14:43:05.482,1.05803,1.05818,2.25,1.50
2013.05.17 14:43:06.177,1.05803,1.05821,2.25,2.44
2013.05.17 14:43:06.656,1.05804,1.05821,1.13,2.44
2013.05.17 14:43:06.836,1.05811,1.05827,1.65,3.12
2013.05.17 14:43:06.895,1.05811,1.05828,1.65,3.00
2013.05.17 14:43:07.077,1.0581,1.05827,1.50,2.85
2013.05.17 14:43:07.202,1.05806,1.05825,2.40,3.90
2013.05.17 14:43:07.266,1.05806,1.05824,1.50,1.13
2013.05.17 14:43:07.446,1.05807,1.05826,1.50,2.40
2013.05.17 14:43:08.316,1.05807,1.05826,1.50,2.40
2013.05.17 14:43:08.676,1.05804,1.05823,1.50,2.07
2013.05.17 14:43:08.737,1.05802,1.05822,1.65,1.50
2013.05.17 14:43:09.342,1.05802,1.05822,1.65,1.50
2013.05.17 14:43:09.867,1.05803,1.05822,1.50,1.69
2013.05.17 14:43:09.996,1.05802,1.05822,1.65,1.69
2013.05.17 14:43:11.089,1.0581,1.05827,1.32,1.50
2013.05.17 14:43:11.169,1.05811,1.05831,1.09,1.69
2013.05.17 14:43:11.775,1.05812,1.05833,2.40,1.09
2013.05.17 14:43:12.865,1.05814,1.05833,1.65,1.84
2013.05.17 14:43:15.676,1.05812,1.05832,1.09,2.25
2013.05.17 14:43:16.038,1.05812,1.05831,2.40,1.50
2013.05.17 14:43:16.166,1.05812,1.0583,1.50,1.65
2013.05.17 14:43:16.345,1.05811,1.05829,1.50,1.13
2013.05.17 14:43:16.468,1.05809,1.05826,1.50,1.65
2013.05.17 14:43:16.656,1.0581,1.05826,1.65,1.50
2013.05.17 14:43:16.836,1.05809,1.05828,1.69,3.15
2013.05.17 14:43:17.377,1.05808,1.05827,1.09,1.65
2013.05.17 14:43:18.481,1.05806,1.05827,1.09,1.88
2013.05.17 14:43:18.546,1.05806,1.05826,1.09,2.40
2013.05.17 14:43:19.046,1.05805,1.05825,1.65,1.09
2013.05.17 14:43:19.448,1.05806,1.05825,1.13,1.69
2013.05.17 14:43:19.843,1.0581,1.05827,2.40,1.50
2013.05.17 14:43:20.226,1.0581,1.05831,2.59,2.44
2013.05.17 14:43:20.735,1.0581,1.05829,2.59,1.50
2013.05.17 14:43:21.156,1.0581,1.05829,1.84,2.25
2013.05.17 14:43:21.416,1.05812,1.05829,1.50,1.69
2013.05.17 14:43:21.775,1.05812,1.0583,1.50,2.59
2013.05.17 14:43:21.956,1.05812,1.0583,3.15,1.69
2013.05.17 14:43:22.136,1.05816,1.05834,1.50,3.87
2013.05.17 14:43:24.506,1.05816,1.05834,2.25,3.87
2013.05.17 14:43:25.715,1.05816,1.05834,2.25,3.12
2013.05.17 14:43:26.596,1.05816,1.05834,2.25,3.12
2013.05.17 14:43:27.559,1.0582,1.05837,1.50,1.09
2013.05.17 14:43:28.045,1.0582,1.05835,2.25,1.50
2013.05.17 14:43:30.823,1.0582,1.05836,2.25,1.50
2013.05.17 14:43:31.405,1.0582,1.05837,2.25,2.40
2013.05.17 14:43:32.397,1.05822,1.05837,1.50,1.65
2013.05.17 14:43:32.775,1.05822,1.05839,1.50,1.50
2013.05.17 14:43:34.625,1.05823,1.05842,2.40,2.44
2013.05.17 14:43:34.887,1.05827,1.05846,1.50,1.88
2013.05.17 14:43:34.948,1.05827,1.05844,1.84,1.50
2013.05.17 14:43:35.376,1.05832,1.05852,1.09,2.44
2013.05.17 14:43:35.618,1.05836,1.05853,1.69,1.13
2013.05.17 14:43:36.884,1.05836,1.05851,2.44,1.28
2013.05.17 14:43:36.975,1.05838,1.05855,1.50,1.88
2013.05.17 14:43:37.106,1.05839,1.05855,1.50,1.88
2013.05.17 14:43:37.577,1.05836,1.05853,1.69,1.65
2013.05.17 14:43:38.327,1.05837,1.05856,1.50,2.59
2013.05.17 14:43:38.398,1.05837,1.05854,1.69,1.65
2013.05.17 14:43:38.946,1.05836,1.05853,1.50,4.13
2013.05.17 14:43:39.376,1.05836,1.05853,1.50,2.40
2013.05.17 14:43:39.677,1.05836,1.05855,1.50,1.88
2013.05.17 14:43:40.246,1.05836,1.05854,1.50,1.65
2013.05.17 14:43:40.582,1.05836,1.05854,1.50,1.65
2013.05.17 14:43:41.376,1.05836,1.05854,1.69,1.65
2013.05.17 14:43:41.957,1.05835,1.05853,1.69,2.40
2013.05.17 14:43:42.705,1.05833,1.05851,2.44,1.65
2013.05.17 14:43:43.859,1.05832,1.05849,1.69,1.13
2013.05.17 14:43:46.258,1.05831,1.05846,1.69,1.65
2013.05.17 14:43:46.696,1.05827,1.05846,2.44,1.65
2013.05.17 14:43:46.756,1.05828,1.05846,1.69,1.65
2013.05.17 14:43:49.156,1.05827,1.05846,2.44,1.13
2013.05.17 14:43:49.606,1.05827,1.05846,1.69,1.80
2013.05.17 14:43:49.792,1.05828,1.05847,1.50,2.63
2013.05.17 14:43:50.936,1.05831,1.05847,1.50,1.88
2013.05.17 14:43:56.616,1.0583,1.05847,1.50,1.50
2013.05.17 14:43:56.736,1.05831,1.0585,1.69,3.38
2013.05.17 14:43:56.975,1.05831,1.05847,1.69,1.13
2013.05.17 14:43:57.156,1.05832,1.05851,1.69,1.65
2013.05.17 14:43:57.337,1.05833,1.05851,1.50,1.13
2013.05.17 14:43:59.705,1.05832,1.05849,2.44,1.65
2013.05.17 14:43:59.766,1.05832,1.05849,2.44,1.13
2013.05.17 14:44:00.125,1.0583,1.05846,1.50,1.13
2013.05.17 14:44:02.047,1.0583,1.05847,1.50,1.65
2013.05.17 14:44:02.957,1.0583,1.05849,1.84,1.65
2013.05.17 14:44:04.043,1.05833,1.0585,1.69,1.88
2013.05.17 14:44:04.368,1.05836,1.05852,1.50,1.65
2013.05.17 14:44:04.437,1.05836,1.05852,2.25,1.65
2013.05.17 14:44:04.556,1.05837,1.05851,1.50,1.88
2013.05.17 14:44:05.277,1.05836,1.05849,2.25,1.50
2013.05.17 14:44:05.815,1.05835,1.05849,1.69,1.50
2013.05.17 14:44:06.635,1.05835,1.05852,1.50,1.65
2013.05.17 14:44:07.825,1.05835,1.05852,1.50,1.65
2013.05.17 14:44:08.927,1.05835,1.05852,1.50,1.65
2013.05.17 14:44:14.299,1.05835,1.05852,1.50,1.65
2013.05.17 14:44:14.516,1.05835,1.05852,1.50,1.50
2013.05.17 14:44:14.636,1.05835,1.05854,1.50,1.84
2013.05.17 14:44:17.404,1.05838,1.05854,1.50,1.65
2013.05.17 14:44:17.466,1.05837,1.05853,1.50,2.40
2013.05.17 14:44:17.965,1.05837,1.05855,1.65,1.05
2013.05.17 14:44:19.137,1.05837,1.0585,1.65,2.25
2013.05.17 14:44:19.268,1.05837,1.05852,1.50,1.65
2013.05.17 14:44:19.825,1.05836,1.05852,1.50,1.65
2013.05.17 14:44:21.415,1.05835,1.05852,1.50,1.65
2013.05.17 14:44:21.537,1.05836,1.05852,1.13,1.50
2013.05.17 14:44:21.715,1.05838,1.05856,1.09,1.65
2013.05.17 14:44:22.748,1.05843,1.05862,1.09,1.65
2013.05.17 14:44:23.056,1.05842,1.05861,2.82,3.00
2013.05.17 14:44:23.356,1.05841,1.05861,1.84,3.19
2013.05.17 14:44:23.667,1.05844,1.0586,1.65,1.50
2013.05.17 14:44:23.796,1.05844,1.05861,1.65,2.25
2013.05.17 14:44:23.977,1.05844,1.05862,1.50,2.40
2013.05.17 14:44:24.455,1.05842,1.05861,1.88,2.44
2013.05.17 14:44:25.503,1.05842,1.05861,1.65,1.09
2013.05.17 14:44:25.569,1.05844,1.05861,1.13,1.69
2013.05.17 14:44:25.698,1.05844,1.05863,1.13,3.15
2013.05.17 14:44:25.826,1.05843,1.05863,1.84,2.40
2013.05.17 14:44:26.385,1.05842,1.05861,1.65,2.59
2013.05.17 14:44:26.447,1.05843,1.05861,1.13,2.44
2013.05.17 14:44:27.008,1.05841,1.05861,1.69,2.82
2013.05.17 14:44:27.213,1.05841,1.05858,2.25,1.13
2013.05.17 14:44:27.350,1.05839,1.05859,1.65,1.24
2013.05.17 14:44:27.476,1.05837,1.05857,1.09,1.88
2013.05.17 14:44:27.659,1.05837,1.05858,1.28,3.94
2013.05.17 14:44:27.983,1.05843,1.05859,2.97,1.50
2013.05.17 14:44:28.345,1.05848,1.05859,1.09,1.50
2013.05.17 14:44:28.408,1.05847,1.05859,1.09,1.50
2013.05.17 14:44:28.586,1.05847,1.05862,1.09,2.18
2013.05.17 14:44:28.646,1.05847,1.05864,1.32,2.25
2013.05.17 14:44:29.075,1.05848,1.05864,1.09,2.25
2013.05.17 14:44:30.011,1.05849,1.05864,1.09,1.50
2013.05.17 14:44:30.406,1.05855,1.05866,1.13,1.50
2013.05.17 14:44:30.478,1.05852,1.0587,2.40,4.62
2013.05.17 14:44:30.557,1.05852,1.05874,1.09,1.69
2013.05.17 14:44:30.809,1.05854,1.05872,1.50,1.69
2013.05.17 14:44:30.876,1.05851,1.05869,1.50,1.69
2013.05.17 14:44:31.006,1.05851,1.05866,1.50,1.13
2013.05.17 14:44:31.316,1.05847,1.0586,1.50,1.69
2013.05.17 14:44:31.376,1.05842,1.0586,2.25,1.69
2013.05.17 14:44:31.557,1.05842,1.05859,1.50,1.69
2013.05.17 14:44:32.396,1.05834,1.05849,1.50,1.50
2013.05.17 14:44:32.510,1.05831,1.0585,1.50,2.44
2013.05.17 14:44:32.638,1.05831,1.05852,3.00,1.13
2013.05.17 14:44:32.709,1.05836,1.05852,1.50,1.50
2013.05.17 14:44:32.897,1.05836,1.05857,2.25,4.80
2013.05.17 14:44:32.967,1.05836,1.05857,3.00,1.88
2013.05.17 14:44:33.523,1.05842,1.05862,2.25,3.38
2013.05.17 14:44:34.133,1.05842,1.05862,1.69,2.44
2013.05.17 14:44:34.200,1.05844,1.05862,1.50,1.50
2013.05.17 14:44:34.327,1.05844,1.05862,1.50,1.50
2013.05.17 14:44:34.388,1.05841,1.05861,1.69,1.50
2013.05.17 14:44:34.698,1.05841,1.05861,1.69,2.25
2013.05.17 14:44:35.016,1.05843,1.05861,1.69,1.50
2013.05.17 14:44:35.079,1.05842,1.05864,2.44,1.50
2013.05.17 14:44:35.149,1.05842,1.05863,1.69,1.69
2013.05.17 14:44:35.277,1.05841,1.05863,1.69,1.69
2013.05.17 14:44:35.637,1.05839,1.05857,1.50,1.69
2013.05.17 14:44:36.195,1.05843,1.0586,1.50,1.65
2013.05.17 14:44:36.853,1.05843,1.0586,1.50,1.50
2013.05.17 14:44:37.186,1.05844,1.05859,1.50,1.50
2013.05.17 14:44:37.556,1.05841,1.05861,3.19,1.09
2013.05.17 14:44:37.796,1.05841,1.05858,3.00,1.50
2013.05.17 14:44:38.217,1.05841,1.05862,3.19,3.00
2013.05.17 14:44:38.348,1.05841,1.05858,2.25,1.50
2013.05.17 14:44:38.536,1.05841,1.05862,3.75,3.19
2013.05.17 14:44:38.597,1.05842,1.05862,1.50,1.69
2013.05.17 14:44:38.665,1.05842,1.05861,1.50,2.44
2013.05.17 14:44:38.906,1.05844,1.05864,2.25,2.44
2013.05.17 14:44:39.097,1.05843,1.05863,2.25,1.69
2013.05.17 14:44:39.457,1.05843,1.05858,1.50,1.50
2013.05.17 14:44:39.586,1.05842,1.05858,1.50,1.50
2013.05.17 14:44:40.266,1.05841,1.05858,2.25,1.50
2013.05.17 14:44:41.377,1.05839,1.05857,3.75,1.50
2013.05.17 14:44:41.914,1.05841,1.05857,2.25,1.50
2013.05.17 14:44:42.604,1.05841,1.05857,2.25,1.50
2013.05.17 14:44:44.972,1.05843,1.05857,1.50,1.50
2013.05.17 14:44:45.037,1.05842,1.05864,1.69,2.44
2013.05.17 14:44:45.595,1.05845,1.05864,1.50,1.69
2013.05.17 14:44:45.658,1.05845,1.05862,1.50,2.44
2013.05.17 14:44:45.965,1.05841,1.05858,2.25,1.50
2013.05.17 14:44:46.749,1.05842,1.05861,3.75,1.69
2013.05.17 14:44:46.936,1.05843,1.05863,2.44,2.44
2013.05.17 14:44:46.997,1.05842,1.05861,1.50,2.25
2013.05.17 14:44:47.546,1.05843,1.05858,1.50,1.50
2013.05.17 14:44:47.787,1.05841,1.05857,2.25,1.50
2013.05.17 14:44:48.146,1.05839,1.05856,1.50,1.50
2013.05.17 14:44:48.566,1.05842,1.05858,1.50,1.69
2013.05.17 14:44:48.626,1.05842,1.05858,1.50,1.50
2013.05.17 14:44:49.166,1.05842,1.05857,1.50,1.50
2013.05.17 14:44:49.225,1.05842,1.05857,1.50,1.50
2013.05.17 14:44:49.406,1.05842,1.05863,2.25,1.69
2013.05.17 14:44:49.705,1.05844,1.05864,1.50,3.12
2013.05.17 14:44:49.893,1.05842,1.05861,1.69,1.50
2013.05.17 14:44:49.969,1.05843,1.05861,1.50,1.69
2013.05.17 14:44:50.275,1.05842,1.05859,1.50,1.69
2013.05.17 14:44:50.336,1.05842,1.05861,1.50,3.19
2013.05.17 14:44:50.456,1.05839,1.05858,2.25,1.50
2013.05.17 14:44:50.777,1.0584,1.05857,1.50,1.50
2013.05.17 14:44:51.097,1.05842,1.05859,1.50,1.50
2013.05.17 14:44:51.971,1.05845,1.05862,3.19,1.50
2013.05.17 14:44:52.441,1.05845,1.05863,1.50,1.50
2013.05.17 14:44:52.730,1.05845,1.05862,2.25,3.15
2013.05.17 14:44:53.035,1.05844,1.05861,1.50,2.25
2013.05.17 14:44:53.567,1.05841,1.05857,1.50,1.50
2013.05.17 14:44:53.686,1.05841,1.05857,1.50,1.50
2013.05.17 14:44:53.866,1.05838,1.05857,1.50,1.50
2013.05.17 14:44:54.165,1.05841,1.05862,1.50,5.25
2013.05.17 14:44:54.406,1.05841,1.05861,1.50,1.50
2013.05.17 14:44:54.467,1.0584,1.0586,1.50,1.69
2013.05.17 14:44:54.536,1.0584,1.05859,1.50,2.40
2013.05.17 14:44:55.096,1.05839,1.05856,1.50,1.50
2013.05.17 14:44:55.215,1.05841,1.05858,1.50,1.50
2013.05.17 14:44:55.336,1.05841,1.05861,1.50,3.19
2013.05.17 14:44:55.517,1.05844,1.05864,1.50,2.44
2013.05.17 14:44:56.146,1.05846,1.05864,1.50,2.25
2013.05.17 14:44:56.206,1.05843,1.05864,2.44,1.50
2013.05.17 14:44:56.446,1.05844,1.05865,1.50,2.44
2013.05.17 14:44:56.867,1.05848,1.05868,2.25,3.12
2013.05.17 14:44:56.930,1.05848,1.05869,3.19,2.44
2013.05.17 14:44:56.998,1.05852,1.05874,1.69,5.37
2013.05.17 14:44:57.553,1.05854,1.0587,1.50,1.50
2013.05.17 14:44:57.736,1.05851,1.05868,2.25,1.50
2013.05.17 14:44:57.859,1.05852,1.05869,1.50,3.19
2013.05.17 14:44:58.973,1.05852,1.05867,1.50,1.69
2013.05.17 14:44:59.060,1.05854,1.05875,1.50,3.94
2013.05.17 14:44:59.141,1.05857,1.05875,1.50,1.69
2013.05.17 14:44:59.517,1.05861,1.05878,1.50,3.87
2013.05.17 14:44:59.577,1.05861,1.0588,1.50,2.44
2013.05.17 14:45:00.575,1.05862,1.0588,1.50,2.44
2013.05.17 14:45:00.697,1.05861,1.0588,1.50,1.69
2013.05.17 14:45:01.286,1.05861,1.05883,2.25,2.44
2013.05.17 14:45:01.676,1.05861,1.0588,1.50,1.69
2013.05.17 14:45:02.035,1.05857,1.05877,1.50,1.69
2013.05.17 14:45:02.465,1.05857,1.05876,1.50,1.69
2013.05.17 14:45:02.766,1.05857,1.05873,1.50,2.25
2013.05.17 14:45:03.126,1.05852,1.05865,2.25,2.93
2013.05.17 14:45:03.307,1.05849,1.05866,2.25,1.69
2013.05.17 14:45:03.438,1.05846,1.05866,1.69,2.44
2013.05.17 14:45:04.356,1.05848,1.05868,1.50,4.69
2013.05.17 14:45:04.536,1.05848,1.05865,1.50,1.69
2013.05.17 14:45:04.895,1.05843,1.05863,1.84,1.69
2013.05.17 14:45:04.956,1.05845,1.05866,2.25,3.19
2013.05.17 14:45:05.016,1.05845,1.05866,2.25,1.69
2013.05.17 14:45:05.137,1.05847,1.05866,1.50,1.69
2013.05.17 14:45:05.255,1.05844,1.05865,2.44,3.75
2013.05.17 14:45:05.317,1.05844,1.05865,1.50,2.44
2013.05.17 14:45:06.235,1.05843,1.05862,1.69,1.50
2013.05.17 14:45:07.096,1.05839,1.05854,1.50,1.50
2013.05.17 14:45:07.286,1.05845,1.05864,2.25,1.50
2013.05.17 14:45:07.348,1.05845,1.05865,1.50,1.69
2013.05.17 14:45:07.418,1.05845,1.05865,2.25,3.19
2013.05.17 14:45:08.095,1.05847,1.05865,1.50,3.19
2013.05.17 14:45:08.456,1.05853,1.05871,1.50,1.69
2013.05.17 14:45:09.397,1.05854,1.05876,1.50,4.09
2013.05.17 14:45:09.875,1.05856,1.05877,1.50,3.94
2013.05.17 14:45:09.951,1.05856,1.05877,1.50,1.69
2013.05.17 14:45:10.315,1.05858,1.05879,3.68,1.69
2013.05.17 14:45:10.627,1.05856,1.05871,1.69,1.50
2013.05.17 14:45:10.928,1.05854,1.05866,2.25,1.50
2013.05.17 14:45:11.235,1.05853,1.0586,1.50,2.25
2013.05.17 14:45:11.477,1.05844,1.05858,1.50,2.93
2013.05.17 14:45:12.005,1.05844,1.05858,1.50,1.50
2013.05.17 14:45:12.557,1.05844,1.05861,1.50,2.93
2013.05.17 14:45:12.616,1.05846,1.05863,2.25,2.44
2013.05.17 14:45:12.675,1.05846,1.05865,3.19,1.50
2013.05.17 14:45:12.735,1.05846,1.05866,4.69,1.50
2013.05.17 14:45:12.794,1.05846,1.05867,5.44,2.25
2013.05.17 14:45:12.916,1.05846,1.05866,5.44,1.50
2013.05.17 14:45:13.096,1.05846,1.05867,5.44,1.50
2013.05.17 14:45:13.701,1.05849,1.05868,1.50,2.25
2013.05.17 14:45:13.895,1.05849,1.05868,1.50,2.25
2013.05.17 14:45:14.135,1.05849,1.05868,1.50,2.25
2013.05.17 14:45:14.730,1.05849,1.05868,1.50,2.25
2013.05.17 14:45:15.037,1.05852,1.05872,2.44,2.44
2013.05.17 14:45:15.105,1.05852,1.05872,2.44,2.44
2013.05.17 14:45:15.866,1.05852,1.05872,2.25,1.69
2013.05.17 14:45:16.115,1.05851,1.05872,1.50,2.44
2013.05.17 14:45:16.176,1.05854,1.05872,2.25,1.69
2013.05.17 14:45:16.295,1.05851,1.05872,1.69,1.50
2013.05.17 14:45:16.416,1.0585,1.05871,2.44,1.69
2013.05.17 14:45:17.159,1.05849,1.05868,1.69,1.50
2013.05.17 14:45:17.379,1.05849,1.05869,1.69,2.25
2013.05.17 14:45:17.826,1.05852,1.05872,1.50,3.94
2013.05.17 14:45:18.034,1.05852,1.05871,1.50,1.69
2013.05.17 14:45:19.176,1.05852,1.05871,1.50,1.69
2013.05.17 14:45:19.696,1.05852,1.05871,1.50,1.69
2013.05.17 14:45:20.828,1.05852,1.05871,1.50,2.44
2013.05.17 14:45:21.371,1.0585,1.05869,1.69,1.50
2013.05.17 14:45:21.555,1.05848,1.05867,1.50,1.50
2013.05.17 14:45:22.107,1.05847,1.05867,1.69,1.50
2013.05.17 14:45:22.645,1.05847,1.05867,1.69,3.00
2013.05.17 14:45:23.895,1.05848,1.05869,1.50,4.69
2013.05.17 14:45:24.016,1.05845,1.05863,1.69,1.50
2013.05.17 14:45:24.255,1.05845,1.05863,1.50,1.50
2013.05.17 14:45:24.825,1.05845,1.05863,1.50,1.50
2013.05.17 14:45:25.165,1.05845,1.05863,1.50,1.50
2013.05.17 14:45:25.875,1.05845,1.05863,1.50,1.50
2013.05.17 14:45:26.206,1.05846,1.05864,1.50,1.69
2013.05.17 14:45:28.406,1.05846,1.05862,3.15,1.69
2013.05.17 14:45:28.466,1.05846,1.05862,1.65,1.69
2013.05.17 14:45:28.765,1.05844,1.05863,1.50,1.09
2013.05.17 14:45:31.226,1.05843,1.05863,1.65,1.84
2013.05.17 14:45:31.376,1.05843,1.05863,2.40,1.84
2013.05.17 14:45:31.775,1.05844,1.05865,1.65,1.69
2013.05.17 14:45:32.436,1.05844,1.05865,1.65,1.69
2013.05.17 14:45:34.596,1.05844,1.05864,1.84,1.69
2013.05.17 14:45:35.340,1.05844,1.05864,1.69,1.84
2013.05.17 14:45:37.447,1.05844,1.05864,1.69,1.65
2013.05.17 14:45:37.506,1.05844,1.05865,2.07,1.65
2013.05.17 14:45:37.566,1.05848,1.05866,1.32,2.25
2013.05.17 14:45:37.686,1.0585,1.05869,1.09,1.50
2013.05.17 14:45:37.865,1.05851,1.0587,1.84,2.25
2013.05.17 14:45:38.186,1.05851,1.0587,1.84,1.50
2013.05.17 14:45:38.527,1.05851,1.05871,1.84,3.15
2013.05.17 14:45:38.586,1.05851,1.05869,1.50,1.13
2013.05.17 14:45:38.896,1.05849,1.05861,2.25,4.09
2013.05.17 14:45:39.618,1.05849,1.0586,2.63,1.50
2013.05.17 14:45:39.686,1.05849,1.05868,3.57,1.50
2013.05.17 14:45:39.989,1.05852,1.05871,1.13,3.87
2013.05.17 14:45:40.187,1.05852,1.05872,1.13,1.69
2013.05.17 14:45:40.306,1.05853,1.05872,1.88,1.69
2013.05.17 14:45:40.665,1.05854,1.05872,1.65,1.50
2013.05.17 14:45:41.025,1.05853,1.05871,2.59,1.50
2013.05.17 14:45:41.338,1.05855,1.05873,2.25,1.50
2013.05.17 14:45:41.466,1.05854,1.05873,1.65,1.50
2013.05.17 14:45:42.656,1.05854,1.05873,3.49,1.50
2013.05.17 14:45:42.776,1.05858,1.05874,1.50,1.09
2013.05.17 14:45:43.257,1.05855,1.05874,1.50,1.65
2013.05.17 14:45:43.437,1.05855,1.05874,1.50,2.59
2013.05.17 14:45:43.935,1.05855,1.05873,1.50,1.50
2013.05.17 14:45:44.316,1.05855,1.05874,1.88,1.69
2013.05.17 14:45:44.631,1.0586,1.05877,2.25,3.34
2013.05.17 14:45:44.756,1.05861,1.05878,1.65,1.88
2013.05.17 14:45:44.875,1.05861,1.05879,2.40,1.35
2013.05.17 14:45:45.115,1.05863,1.05883,1.50,2.59
2013.05.17 14:45:45.474,1.05863,1.05881,1.50,1.50
2013.05.17 14:45:45.956,1.05858,1.05874,1.50,1.65
2013.05.17 14:45:46.075,1.05854,1.05872,1.65,1.50
2013.05.17 14:45:46.196,1.05854,1.05869,1.65,1.50
2013.05.17 14:45:46.316,1.05854,1.05871,1.65,1.50
2013.05.17 14:45:46.376,1.05853,1.05871,3.08,2.25
2013.05.17 14:45:46.436,1.05851,1.05871,2.40,2.25
2013.05.17 14:45:46.557,1.05855,1.05873,1.13,2.44
2013.05.17 14:45:47.276,1.05856,1.05873,1.13,1.69
2013.05.17 14:45:47.636,1.0586,1.05874,2.59,1.50
2013.05.17 14:45:47.759,1.05857,1.05874,1.09,1.50
2013.05.17 14:45:47.958,1.05855,1.05874,1.09,2.40
2013.05.17 14:45:48.026,1.05855,1.05874,1.32,2.25
2013.05.17 14:45:48.556,1.05855,1.05875,1.13,1.50
2013.05.17 14:45:49.115,1.05855,1.05873,1.13,1.50
2013.05.17 14:45:49.655,1.05857,1.05877,1.13,2.25
2013.05.17 14:45:50.516,1.05857,1.05877,1.13,2.25
2013.05.17 14:45:50.575,1.05855,1.05869,2.40,1.50
2013.05.17 14:45:50.816,1.05854,1.05867,2.25,3.08
2013.05.17 14:45:51.566,1.05854,1.05864,2.25,1.65
2013.05.17 14:45:52.225,1.05854,1.05863,2.25,1.09
2013.05.17 14:45:53.200,1.05854,1.05863,1.50,1.65
2013.05.17 14:45:54.006,1.05844,1.05862,1.32,1.65
2013.05.17 14:45:54.078,1.05844,1.05862,1.32,1.65
2013.05.17 14:45:54.265,1.05844,1.05863,1.32,2.03
2013.05.17 14:45:56.286,1.05844,1.05863,1.13,1.50
2013.05.17 14:45:56.586,1.05845,1.05864,1.13,2.63
2013.05.17 14:45:57.189,1.05848,1.05862,1.13,1.50
2013.05.17 14:45:58.347,1.05848,1.05866,2.07,1.65
2013.05.17 14:45:58.590,1.05848,1.05864,1.32,1.65
2013.05.17 14:45:59.365,1.05848,1.05866,1.32,2.40
2013.05.17 14:45:59.486,1.05846,1.05863,1.09,1.13
2013.05.17 14:45:59.546,1.05845,1.05861,1.13,1.65
2013.05.17 14:45:59.666,1.05842,1.0586,1.32,2.33
2013.05.17 14:46:00.366,1.05842,1.05861,1.32,3.15
2013.05.17 14:46:00.926,1.05842,1.05859,1.32,2.25
2013.05.17 14:46:00.985,1.05842,1.05858,1.32,1.50
2013.05.17 14:46:01.510,1.05842,1.05861,1.32,1.65
2013.05.17 14:46:03.576,1.05845,1.05861,1.13,1.50
2013.05.17 14:46:03.755,1.05848,1.05866,1.88,2.40
2013.05.17 14:46:03.815,1.05846,1.05863,1.50,2.03
2013.05.17 14:46:04.175,1.05843,1.05861,1.32,1.65
2013.05.17 14:46:04.358,1.05843,1.0586,1.32,1.28
2013.05.17 14:46:04.891,1.05843,1.05861,1.88,1.65
2013.05.17 14:46:05.196,1.05846,1.05864,2.63,1.88
2013.05.17 14:46:05.316,1.05846,1.05864,2.63,1.88
2013.05.17 14:46:06.090,1.05846,1.05862,1.13,1.65
2013.05.17 14:46:07.957,1.05847,1.05863,1.88,1.50
2013.05.17 14:46:08.016,1.05847,1.05863,1.88,1.50
2013.05.17 14:46:08.198,1.05848,1.05863,1.65,1.50
2013.05.17 14:46:08.515,1.05851,1.05868,1.88,1.28
2013.05.17 14:46:09.476,1.05855,1.05869,1.69,1.13
2013.05.17 14:46:09.536,1.0586,1.05872,1.13,1.17
2013.05.17 14:46:09.596,1.05857,1.05876,2.82,1.65
2013.05.17 14:46:09.656,1.0586,1.05877,1.13,1.50
2013.05.17 14:46:09.776,1.0586,1.05881,1.13,1.47
2013.05.17 14:46:09.895,1.0586,1.05878,1.13,1.28
2013.05.17 14:46:10.318,1.0586,1.05877,1.13,1.65
2013.05.17 14:46:10.906,1.05863,1.05877,1.50,1.65
2013.05.17 14:46:11.266,1.05861,1.05877,1.09,1.13
2013.05.17 14:46:11.446,1.05858,1.05877,1.84,1.88
2013.05.17 14:46:11.805,1.05857,1.05875,1.09,2.78
2013.05.17 14:46:12.465,1.05857,1.05875,1.09,1.28
2013.05.17 14:46:12.695,1.05857,1.05875,1.09,2.03
2013.05.17 14:46:12.935,1.05856,1.05874,1.84,1.65
2013.05.17 14:46:14.645,1.05861,1.05874,1.50,1.65
2013.05.17 14:46:14.826,1.05861,1.05879,2.63,1.65
2013.05.17 14:46:14.945,1.05859,1.05878,3.34,1.13
2013.05.17 14:46:15.246,1.05859,1.05877,1.65,1.65
2013.05.17 14:46:15.676,1.05859,1.05875,1.65,1.50
2013.05.17 14:46:15.957,1.05856,1.05875,1.09,1.88
2013.05.17 14:46:17.797,1.05856,1.05875,1.13,1.65
2013.05.17 14:46:18.584,1.0586,1.05876,1.13,1.50
2013.05.17 14:46:18.676,1.05858,1.05876,1.13,3.15
2013.05.17 14:46:23.876,1.05857,1.05876,1.32,2.63
2013.05.17 14:46:24.236,1.05852,1.05871,1.13,1.50
2013.05.17 14:46:25.589,1.05852,1.05869,1.13,1.50
2013.05.17 14:46:26.286,1.05852,1.05869,1.13,1.50
2013.05.17 14:46:26.977,1.05852,1.05869,2.59,2.40
2013.05.17 14:46:27.607,1.05849,1.05866,2.07,1.50
2013.05.17 14:46:27.906,1.05849,1.05866,2.07,1.50
2013.05.17 14:46:28.327,1.05852,1.0587,1.09,1.88
2013.05.17 14:46:28.449,1.0585,1.05869,1.32,1.50
2013.05.17 14:46:28.668,1.0585,1.05869,2.07,1.13
2013.05.17 14:46:30.077,1.0585,1.05867,2.07,1.65
2013.05.17 14:46:30.385,1.05852,1.0587,2.59,1.88
2013.05.17 14:46:30.505,1.05853,1.05869,1.50,1.65
2013.05.17 14:46:30.566,1.05852,1.05869,1.84,1.65
2013.05.17 14:46:31.907,1.05852,1.05869,1.32,1.50
2013.05.17 14:46:32.148,1.05852,1.05871,1.32,1.65
2013.05.17 14:46:32.218,1.05852,1.05871,1.47,1.50
2013.05.17 14:46:32.736,1.05855,1.0587,1.13,2.25
2013.05.17 14:46:32.796,1.05851,1.05868,1.84,1.13
2013.05.17 14:46:32.989,1.05846,1.05867,1.32,1.65
2013.05.17 14:46:33.060,1.05847,1.05867,1.32,1.50
2013.05.17 14:46:33.805,1.0585,1.05868,1.13,2.40
2013.05.17 14:46:34.986,1.0585,1.05868,1.13,3.15
2013.05.17 14:46:35.451,1.0585,1.05865,1.13,1.50
2013.05.17 14:46:38.896,1.05849,1.05863,1.13,1.50
2013.05.17 14:46:39.256,1.05844,1.0586,1.32,3.68
2013.05.17 14:46:39.436,1.05848,1.05861,1.13,1.50
2013.05.17 14:46:39.856,1.05848,1.05862,1.88,2.18
2013.05.17 14:46:39.916,1.05848,1.05865,2.07,2.25
2013.05.17 14:46:40.156,1.05848,1.05866,2.07,3.08
2013.05.17 14:46:40.215,1.05848,1.05866,2.07,1.65
2013.05.17 14:46:40.866,1.05848,1.05866,2.07,1.50
2013.05.17 14:46:43.905,1.0585,1.05867,2.63,1.50
2013.05.17 14:46:43.966,1.0585,1.05867,1.32,1.50
2013.05.17 14:46:44.328,1.0585,1.05865,2.07,2.25
2013.05.17 14:46:45.749,1.0585,1.05868,1.13,5.52
2013.05.17 14:46:46.386,1.0585,1.05868,1.13,2.59
2013.05.17 14:46:47.436,1.0585,1.05867,1.13,1.50
2013.05.17 14:46:48.026,1.0585,1.05867,1.13,1.50
2013.05.17 14:46:48.598,1.0585,1.05867,1.13,1.50
2013.05.17 14:46:49.145,1.0585,1.05868,1.13,1.65
2013.05.17 14:46:49.205,1.0585,1.05868,1.13,1.65
2013.05.17 14:46:49.965,1.0585,1.05868,1.13,1.65
2013.05.17 14:46:54.116,1.0585,1.05868,1.13,1.65
2013.05.17 14:46:55.720,1.05848,1.05864,1.69,1.13
2013.05.17 14:46:55.857,1.05845,1.05864,1.32,1.28
2013.05.17 14:46:56.036,1.05842,1.05861,2.07,1.88
2013.05.17 14:46:56.555,1.05841,1.05861,1.88,2.07
2013.05.17 14:47:00.976,1.05844,1.05861,1.13,1.50
2013.05.17 14:47:01.516,1.05844,1.05861,1.13,1.69
2013.05.17 14:47:01.816,1.05842,1.0586,1.88,1.65
2013.05.17 14:47:01.877,1.05842,1.05858,1.65,1.32
2013.05.17 14:47:02.236,1.05842,1.05855,1.13,1.50
2013.05.17 14:47:02.419,1.05842,1.05858,1.13,1.69
2013.05.17 14:47:02.488,1.05842,1.05858,1.13,3.12
2013.05.17 14:47:05.467,1.05842,1.05858,1.13,3.68
2013.05.17 14:47:05.662,1.05844,1.05858,1.88,1.50
2013.05.17 14:47:05.727,1.05846,1.05858,1.13,1.50
2013.05.17 14:47:05.785,1.05844,1.05858,1.88,1.50
2013.05.17 14:47:05.848,1.05846,1.05861,1.65,1.50
2013.05.17 14:47:06.405,1.05843,1.05861,1.13,1.88
2013.05.17 14:47:07.156,1.05842,1.05858,1.69,1.13
2013.05.17 14:47:07.277,1.05842,1.0586,1.88,1.32
2013.05.17 14:47:07.337,1.05841,1.05859,1.13,2.40
2013.05.17 14:47:07.635,1.05839,1.05858,2.07,3.83
2013.05.17 14:47:08.536,1.0584,1.05858,1.13,1.65
2013.05.17 14:47:11.916,1.05842,1.05858,1.13,2.44
2013.05.17 14:47:12.229,1.05847,1.0586,1.88,2.93
2013.05.17 14:47:12.426,1.05847,1.05864,1.88,2.93
2013.05.17 14:47:13.056,1.05847,1.05863,1.50,1.65
2013.05.17 14:47:13.117,1.05844,1.05861,2.25,1.13
2013.05.17 14:47:13.187,1.0584,1.05858,1.84,1.88
2013.05.17 14:47:13.426,1.05839,1.05855,1.88,1.50
2013.05.17 14:47:15.018,1.05842,1.05855,1.13,1.50
2013.05.17 14:47:15.272,1.05845,1.05859,1.65,2.93
2013.05.17 14:47:15.337,1.05847,1.05862,1.13,1.09
2013.05.17 14:47:15.516,1.05846,1.05863,1.13,1.09
2013.05.17 14:47:15.696,1.05846,1.05862,1.13,1.65
2013.05.17 14:47:15.757,1.05845,1.05862,1.13,1.84
2013.05.17 14:47:17.022,1.0585,1.05865,1.13,1.50
2013.05.17 14:47:17.146,1.05849,1.05866,1.13,1.65
2013.05.17 14:47:17.387,1.05848,1.05866,1.13,1.65
2013.05.17 14:47:18.537,1.05848,1.05862,1.13,1.50
2013.05.17 14:47:18.898,1.05849,1.05857,1.13,1.50
2013.05.17 14:47:19.268,1.05851,1.05858,1.13,1.43
2013.05.17 14:47:19.396,1.05851,1.05866,2.40,1.50
2013.05.17 14:47:19.516,1.05856,1.05869,1.13,3.68
2013.05.17 14:47:19.637,1.05851,1.05861,1.69,1.50
2013.05.17 14:47:19.695,1.05853,1.05867,1.13,2.59
2013.05.17 14:47:19.756,1.05844,1.05862,1.84,1.50
2013.05.17 14:47:19.878,1.05849,1.05862,1.13,1.50
2013.05.17 14:47:20.007,1.05846,1.05865,2.25,2.40
2013.05.17 14:47:22.541,1.05846,1.05863,1.13,1.50
2013.05.17 14:47:22.786,1.05847,1.05864,1.84,1.65
2013.05.17 14:47:23.108,1.05852,1.05869,1.32,2.40
2013.05.17 14:47:23.366,1.05852,1.0587,1.32,1.13
2013.05.17 14:47:26.465,1.05851,1.05869,1.32,1.65
2013.05.17 14:47:26.665,1.05851,1.05869,1.32,1.65
2013.05.17 14:47:28.660,1.05852,1.0587,1.32,1.88
2013.05.17 14:47:30.678,1.05852,1.05869,1.13,1.50
2013.05.17 14:47:30.807,1.05853,1.0587,2.59,2.25
2013.05.17 14:47:31.324,1.05858,1.05873,1.32,2.25
2013.05.17 14:47:32.178,1.05858,1.05878,1.32,1.84
2013.05.17 14:47:32.247,1.05857,1.05876,3.19,2.63
2013.05.17 14:47:32.366,1.05855,1.05873,2.40,2.63
2013.05.17 14:47:32.487,1.05852,1.05865,1.69,1.13
2013.05.17 14:47:32.667,1.05851,1.05868,2.03,1.50
2013.05.17 14:47:32.726,1.05854,1.05868,1.13,1.50
2013.05.17 14:47:32.921,1.05857,1.05873,1.09,1.50
2013.05.17 14:47:33.167,1.05857,1.05875,1.84,2.40
2013.05.17 14:47:33.808,1.05862,1.05876,1.13,2.25
2013.05.17 14:47:34.129,1.05867,1.05878,1.13,1.50
2013.05.17 14:47:34.197,1.05867,1.05882,1.13,1.50
2013.05.17 14:47:34.376,1.0587,1.05885,1.13,1.50
2013.05.17 14:47:34.497,1.0587,1.0589,1.13,1.50
2013.05.17 14:47:34.688,1.05872,1.0589,1.13,1.50
2013.05.17 14:47:35.623,1.05878,1.05892,2.40,1.50
2013.05.17 14:47:35.723,1.05873,1.05891,1.28,1.50
2013.05.17 14:47:35.860,1.05873,1.05893,1.88,2.82
2013.05.17 14:47:35.996,1.05875,1.05893,1.65,2.82
2013.05.17 14:47:36.178,1.05873,1.0589,1.13,1.50
2013.05.17 14:47:37.655,1.05871,1.05889,2.63,1.65
2013.05.17 14:47:37.958,1.05876,1.05891,1.50,1.13
2013.05.17 14:47:38.028,1.05874,1.05892,3.57,1.13
2013.05.17 14:47:38.160,1.05874,1.0589,2.59,1.13
2013.05.17 14:47:38.497,1.05872,1.0589,1.13,3.57
2013.05.17 14:47:38.993,1.0587,1.05888,1.84,1.13
2013.05.17 14:47:39.907,1.05869,1.05887,1.13,1.88
2013.05.17 14:47:40.397,1.05875,1.05888,1.13,1.50
2013.05.17 14:47:40.468,1.05875,1.05888,1.32,1.50
2013.05.17 14:47:40.846,1.05875,1.05893,1.32,1.50
2013.05.17 14:47:40.908,1.05874,1.0589,1.13,2.25
2013.05.17 14:47:40.978,1.05876,1.0589,1.13,1.09
2013.05.17 14:47:41.379,1.05871,1.05889,1.65,1.65
2013.05.17 14:47:42.037,1.05871,1.05889,2.40,1.65
2013.05.17 14:47:42.158,1.05873,1.05889,1.13,1.50
2013.05.17 14:47:42.467,1.0588,1.05889,1.13,1.50
2013.05.17 14:47:43.017,1.05881,1.05893,1.88,2.25
2013.05.17 14:47:43.317,1.05881,1.05898,1.65,1.13
2013.05.17 14:47:43.437,1.05883,1.059,1.88,1.69
2013.05.17 14:47:44.248,1.05881,1.05898,1.13,1.50
2013.05.17 14:47:45.498,1.05882,1.059,1.65,2.40
2013.05.17 14:47:45.814,1.05891,1.059,1.50,1.50
2013.05.17 14:47:45.937,1.05891,1.05907,1.50,1.50
2013.05.17 14:47:46.223,1.05893,1.05905,1.13,1.88
2013.05.17 14:47:46.578,1.05892,1.05905,1.13,1.50
2013.05.17 14:47:48.226,1.0589,1.05905,2.25,1.50
2013.05.17 14:47:48.647,1.05891,1.05906,1.88,1.88
2013.05.17 14:47:48.827,1.0589,1.05904,2.25,2.25
2013.05.17 14:47:49.078,1.0589,1.05904,2.25,1.50
2013.05.17 14:47:49.927,1.0589,1.05905,3.15,1.50
2013.05.17 14:47:50.136,1.05888,1.05904,1.09,1.65
2013.05.17 14:47:50.666,1.05889,1.05904,2.63,1.50
2013.05.17 14:47:52.797,1.05894,1.05906,1.50,1.65
2013.05.17 14:47:52.867,1.05894,1.05906,1.50,1.50
2013.05.17 14:47:53.048,1.05895,1.05907,1.50,1.50
2013.05.17 14:47:53.239,1.05892,1.05907,1.69,1.50
2013.05.17 14:47:53.771,1.05892,1.05907,1.69,1.50
2013.05.17 14:47:53.844,1.05893,1.05908,1.69,1.73
2013.05.17 14:47:55.208,1.05893,1.05907,1.69,1.13
2013.05.17 14:47:55.398,1.0589,1.05906,1.50,1.28
2013.05.17 14:47:55.457,1.0589,1.05904,3.00,1.50
2013.05.17 14:47:55.517,1.05888,1.05904,2.25,1.50
2013.05.17 14:47:56.318,1.05888,1.05904,1.50,2.25
2013.05.17 14:47:56.386,1.0589,1.05904,1.50,1.50
2013.05.17 14:47:56.996,1.05889,1.05904,1.50,1.50
2013.05.17 14:47:57.297,1.05887,1.05904,1.65,2.40
2013.05.17 14:47:57.816,1.05887,1.05904,2.25,1.50
2013.05.17 14:47:58.147,1.05888,1.05902,2.25,1.50
2013.05.17 14:47:58.456,1.05888,1.05904,3.38,1.20
2013.05.17 14:47:58.697,1.05888,1.05905,2.25,1.69
2013.05.17 14:48:00.787,1.05889,1.05904,1.50,1.50
2013.05.17 14:48:01.085,1.05889,1.05903,2.25,2.70
2013.05.17 14:48:01.716,1.05885,1.05902,5.25,1.13
2013.05.17 14:48:02.593,1.05885,1.059,3.75,1.65
2013.05.17 14:48:02.919,1.05885,1.059,1.50,1.65
2013.05.17 14:48:03.197,1.05887,1.059,1.50,1.50
2013.05.17 14:48:03.376,1.05888,1.05902,1.50,1.88
2013.05.17 14:48:03.618,1.05885,1.05902,1.50,1.32
2013.05.17 14:48:03.687,1.05888,1.05904,1.50,3.19
2013.05.17 14:48:03.999,1.0589,1.05904,1.50,2.44
2013.05.17 14:48:04.187,1.05887,1.05907,1.50,3.00
2013.05.17 14:48:04.426,1.05888,1.05905,1.50,2.44
2013.05.17 14:48:08.043,1.05888,1.05904,2.25,1.50
2013.05.17 14:48:08.167,1.0589,1.05905,2.25,3.00
2013.05.17 14:48:08.526,1.05886,1.05906,3.19,1.65
2013.05.17 14:48:09.428,1.05886,1.05905,1.69,1.50
2013.05.17 14:48:09.787,1.05888,1.05906,2.25,1.50
2013.05.17 14:48:12.495,1.05891,1.05904,1.13,1.50
2013.05.17 14:48:12.800,1.05896,1.05909,3.00,1.50
2013.05.17 14:48:13.105,1.05896,1.05915,5.44,2.25
2013.05.17 14:48:13.288,1.05896,1.05915,5.44,2.25
2013.05.17 14:48:14.378,1.05899,1.05913,1.13,1.50
2013.05.17 14:48:14.986,1.059,1.05913,2.44,1.50
2013.05.17 14:48:15.537,1.05897,1.05914,1.28,1.50
2013.05.17 14:48:15.996,1.05896,1.05911,4.84,1.13
2013.05.17 14:48:16.298,1.05893,1.0591,1.65,1.09
2013.05.17 14:48:16.367,1.05895,1.05909,1.13,1.50
2013.05.17 14:48:17.027,1.05892,1.05908,1.13,2.25
2013.05.17 14:48:17.169,1.0589,1.05907,2.25,1.50
2013.05.17 14:48:18.237,1.05892,1.05906,1.13,1.50
2013.05.17 14:48:18.858,1.05892,1.05905,1.28,2.25
2013.05.17 14:48:19.340,1.05891,1.05905,2.40,2.25
2013.05.17 14:48:20.549,1.05891,1.05905,2.25,1.50
2013.05.17 14:48:20.615,1.05892,1.05905,1.13,1.50
2013.05.17 14:48:20.675,1.05891,1.05905,2.40,1.50
2013.05.17 14:48:20.927,1.05892,1.05905,1.13,1.50
2013.05.17 14:48:20.989,1.0589,1.05905,2.25,1.50
2013.05.17 14:48:21.177,1.0589,1.05905,2.25,1.50
2013.05.17 14:48:21.247,1.05891,1.05905,1.28,1.50
2013.05.17 14:48:28.038,1.05889,1.05907,3.34,2.40
2013.05.17 14:48:30.676,1.05887,1.05905,1.65,1.13
2013.05.17 14:48:30.985,1.05886,1.05902,1.88,1.50
2013.05.17 14:48:34.308,1.05887,1.05902,1.65,2.25
2013.05.17 14:48:34.377,1.05883,1.059,1.47,1.50
2013.05.17 14:48:36.229,1.05885,1.059,2.55,2.44
2013.05.17 14:48:36.298,1.05885,1.05899,1.80,1.50
2013.05.17 14:48:36.427,1.05884,1.05902,2.74,3.15
2013.05.17 14:48:36.792,1.05884,1.05902,2.82,2.25
2013.05.17 14:48:37.522,1.05884,1.059,1.47,2.18
2013.05.17 14:48:37.603,1.0588,1.05898,1.13,2.40
2013.05.17 14:48:38.980,1.0588,1.05898,3.53,1.50
2013.05.17 14:48:40.387,1.0588,1.05899,3.53,2.25
2013.05.17 14:48:40.816,1.05885,1.05901,2.44,1.50
2013.05.17 14:48:40.996,1.05887,1.05903,1.13,2.93
2013.05.17 14:48:41.066,1.05887,1.05903,1.13,1.50
2013.05.17 14:48:41.245,1.05885,1.05903,1.84,1.50
2013.05.17 14:48:41.764,1.05886,1.05902,1.13,1.50
2013.05.17 14:48:41.826,1.05887,1.05902,1.13,1.50
2013.05.17 14:48:42.007,1.05887,1.05904,1.32,3.00
2013.05.17 14:48:42.067,1.05887,1.05904,1.32,2.25
2013.05.17 14:48:42.598,1.05887,1.05904,1.32,2.40
2013.05.17 14:48:43.130,1.05885,1.05904,2.82,3.15
2013.05.17 14:48:45.927,1.05884,1.05902,1.13,3.68
2013.05.17 14:48:51.392,1.05884,1.05901,1.13,1.65
2013.05.17 14:48:52.647,1.05886,1.05901,3.08,1.65
2013.05.17 14:48:52.723,1.05889,1.05904,1.13,1.50
2013.05.17 14:48:53.168,1.0589,1.05903,1.65,1.50
2013.05.17 14:48:53.687,1.05886,1.05902,1.13,1.50
2013.05.17 14:48:54.083,1.05886,1.05902,1.13,1.50
2013.05.17 14:48:55.195,1.05885,1.05902,3.34,1.65
2013.05.17 14:48:55.586,1.05885,1.05902,1.65,1.65
2013.05.17 14:48:55.890,1.05883,1.05894,1.13,1.69
2013.05.17 14:48:56.290,1.05881,1.05891,2.25,1.50
2013.05.17 14:48:56.827,1.05877,1.05892,1.65,1.65
2013.05.17 14:48:57.376,1.05877,1.05893,1.65,1.65
2013.05.17 14:48:58.706,1.05876,1.05891,1.13,1.50
2013.05.17 14:48:59.527,1.05876,1.05891,1.13,1.50
2013.05.17 14:49:00.075,1.05877,1.05892,1.65,1.65
2013.05.17 14:49:00.467,1.05877,1.05893,1.65,1.65
2013.05.17 14:49:01.325,1.05876,1.05893,1.13,1.84
2013.05.17 14:49:01.957,1.05876,1.0589,1.13,2.25
2013.05.17 14:49:04.522,1.05876,1.05889,1.13,1.50
2013.05.17 14:49:07.037,1.05877,1.05894,1.69,1.13
2013.05.17 14:49:07.668,1.05877,1.05894,1.69,2.63
2013.05.17 14:49:08.636,1.05879,1.05896,1.65,1.65
2013.05.17 14:49:08.696,1.05881,1.05898,1.50,2.82
2013.05.17 14:49:08.936,1.05881,1.05893,1.50,2.25
2013.05.17 14:49:09.058,1.05879,1.05893,1.50,1.50
2013.05.17 14:49:09.126,1.05879,1.05893,1.50,1.50
2013.05.17 14:49:09.966,1.05874,1.0589,1.09,1.50
2013.05.17 14:49:12.558,1.05877,1.05892,1.50,2.63
2013.05.17 14:49:14.260,1.05877,1.05893,2.40,1.65
2013.05.17 14:49:14.328,1.05881,1.05896,1.50,2.59
2013.05.17 14:49:15.387,1.05882,1.05897,1.13,1.50
2013.05.17 14:49:15.947,1.05884,1.059,1.88,2.40
2013.05.17 14:49:16.007,1.05884,1.059,2.07,2.25
2013.05.17 14:49:16.066,1.05886,1.05902,3.00,2.25
2013.05.17 14:49:16.186,1.05886,1.05902,1.88,1.50
2013.05.17 14:49:16.426,1.05886,1.05903,2.25,1.50
2013.05.17 14:49:16.726,1.05888,1.05903,1.13,1.50
2013.05.17 14:49:17.416,1.05889,1.05905,2.25,1.50
2013.05.17 14:49:17.656,1.05887,1.05905,3.34,1.50
2013.05.17 14:49:17.717,1.05888,1.05905,1.88,1.65
2013.05.17 14:49:18.717,1.05888,1.05902,1.09,1.50
2013.05.17 14:49:19.127,1.05888,1.05902,2.59,1.50
2013.05.17 14:49:21.597,1.05888,1.05903,1.09,1.50
2013.05.17 14:49:22.758,1.05886,1.05902,1.09,1.50
2013.05.17 14:49:23.696,1.05886,1.05902,1.09,1.50
2013.05.17 14:49:24.476,1.05886,1.05903,2.59,2.40
2013.05.17 14:49:26.110,1.05887,1.05903,1.09,2.40
2013.05.17 14:49:26.677,1.05886,1.05904,1.09,2.40
2013.05.17 14:49:27.032,1.05886,1.05904,1.09,2.40
2013.05.17 14:49:27.765,1.05886,1.05904,2.59,2.40
2013.05.17 14:49:28.296,1.05887,1.05904,1.09,2.40
2013.05.17 14:49:29.326,1.05885,1.05903,2.82,1.65
2013.05.17 14:49:30.426,1.05885,1.05901,2.82,2.25
2013.05.17 14:49:31.846,1.05888,1.05901,1.88,2.25
2013.05.17 14:49:32.267,1.05888,1.05903,1.88,1.50
2013.05.17 14:49:34.057,1.05887,1.05903,1.88,1.50
2013.05.17 14:49:35.986,1.05888,1.05905,2.78,1.50
2013.05.17 14:49:36.886,1.05888,1.05902,1.88,1.50
2013.05.17 14:49:37.438,1.05888,1.05904,1.88,1.50
2013.05.17 14:49:39.156,1.05888,1.05904,2.63,1.50
2013.05.17 14:49:39.567,1.05886,1.05902,2.82,1.65
2013.05.17 14:49:41.181,1.05886,1.05902,2.82,1.65
2013.05.17 14:49:41.756,1.05886,1.05902,1.32,2.40
2013.05.17 14:49:42.290,1.05886,1.05902,1.32,2.40
2013.05.17 14:49:42.476,1.05886,1.05902,1.32,1.65
2013.05.17 14:49:43.246,1.05885,1.05903,3.53,1.65
2013.05.17 14:49:44.546,1.05885,1.05903,3.38,1.65
2013.05.17 14:49:45.176,1.05889,1.05904,1.50,1.50
2013.05.17 14:49:45.964,1.05892,1.05904,1.50,1.50
2013.05.17 14:49:46.048,1.05888,1.05907,2.44,1.50
2013.05.17 14:49:46.362,1.05888,1.05907,2.44,1.50
2013.05.17 14:49:46.775,1.05891,1.05907,1.13,1.65
2013.05.17 14:49:50.427,1.0589,1.05907,1.69,1.50
2013.05.17 14:49:51.051,1.05887,1.05903,1.09,2.40
2013.05.17 14:49:51.177,1.05884,1.05903,2.40,2.63
2013.05.17 14:49:51.536,1.05881,1.05898,1.09,1.65
2013.05.17 14:49:53.251,1.05881,1.059,3.19,2.25
2013.05.17 14:49:54.786,1.05882,1.05898,1.09,1.65
2013.05.17 14:50:00.868,1.0588,1.0589,1.32,2.10
2013.05.17 14:50:00.936,1.05879,1.0589,2.25,2.10
2013.05.17 14:50:01.005,1.05866,1.05888,1.95,6.14
2013.05.17 14:50:01.248,1.05851,1.0587,1.50,1.50
2013.05.17 14:50:01.376,1.05839,1.05864,2.63,1.13
2013.05.17 14:50:01.439,1.05848,1.05862,2.18,1.13
2013.05.17 14:50:01.568,1.05848,1.05866,1.50,1.13
2013.05.17 14:50:01.640,1.05854,1.05865,1.50,1.13
2013.05.17 14:50:02.132,1.05854,1.05869,1.50,1.13
2013.05.17 14:50:02.381,1.05852,1.05864,2.18,1.50
2013.05.17 14:50:02.517,1.05847,1.05864,1.69,1.50
2013.05.17 14:50:02.577,1.05847,1.05861,2.44,1.13
2013.05.17 14:50:02.818,1.05845,1.05861,1.69,1.13
2013.05.17 14:50:03.313,1.05841,1.05861,1.69,1.13
2013.05.17 14:50:04.039,1.05841,1.05854,1.69,1.13
2013.05.17 14:50:04.108,1.05837,1.05854,2.25,2.63
2013.05.17 14:50:04.286,1.05837,1.05854,2.25,3.53
2013.05.17 14:50:04.409,1.05837,1.05854,2.25,1.05
2013.05.17 14:50:04.619,1.0584,1.05858,1.32,1.50
2013.05.17 14:50:04.925,1.05841,1.05861,2.59,1.65
2013.05.17 14:50:05.268,1.05843,1.05859,1.69,1.50
2013.05.17 14:50:05.577,1.05843,1.05863,1.69,1.88
2013.05.17 14:50:05.637,1.05844,1.05863,1.69,1.13
2013.05.17 14:50:05.997,1.05847,1.05868,1.13,3.34
2013.05.17 14:50:06.068,1.05848,1.05868,1.09,2.40
2013.05.17 14:50:06.390,1.05852,1.05871,1.32,1.13
2013.05.17 14:50:07.207,1.05852,1.05871,1.32,1.65
2013.05.17 14:50:07.293,1.05854,1.05868,1.09,1.50
2013.05.17 14:50:07.477,1.05852,1.05871,2.22,1.65
2013.05.17 14:50:07.536,1.05852,1.05869,2.07,2.25
2013.05.17 14:50:07.597,1.05852,1.05869,1.84,2.63
2013.05.17 14:50:07.656,1.05852,1.05868,1.84,2.40
2013.05.17 14:50:07.839,1.0585,1.05868,1.13,1.50
2013.05.17 14:50:07.908,1.0585,1.05868,1.13,1.50
2013.05.17 14:50:08.469,1.05849,1.05868,1.32,1.73
2013.05.17 14:50:08.957,1.05853,1.05868,2.03,1.50
2013.05.17 14:50:09.018,1.05854,1.05869,2.40,1.50
2013.05.17 14:50:09.089,1.05856,1.05869,1.47,1.50
2013.05.17 14:50:09.400,1.05868,1.05878,1.32,1.50
2013.05.17 14:50:09.708,1.05872,1.05888,1.84,1.50
2013.05.17 14:50:09.827,1.05872,1.0589,1.84,1.50
2013.05.17 14:50:10.148,1.05863,1.05871,1.43,4.73
2013.05.17 14:50:10.219,1.0585,1.05863,1.65,1.35
2013.05.17 14:50:10.586,1.05848,1.0586,2.25,1.50
2013.05.17 14:50:10.647,1.05848,1.0586,1.50,1.50
2013.05.17 14:50:10.767,1.05848,1.05865,1.50,3.19
2013.05.17 14:50:10.828,1.05856,1.05865,1.50,1.50
2013.05.17 14:50:11.008,1.05851,1.05864,1.54,1.50
2013.05.17 14:50:11.127,1.05855,1.05873,1.69,1.50
2013.05.17 14:50:11.247,1.05855,1.05875,2.44,1.35
2013.05.17 14:50:11.308,1.05857,1.05875,1.50,1.35
2013.05.17 14:50:11.616,1.05862,1.05879,1.69,3.00
2013.05.17 14:50:11.799,1.05861,1.05881,1.69,1.58
2013.05.17 14:50:11.871,1.05861,1.05875,1.69,1.50
2013.05.17 14:50:12.192,1.0586,1.05874,1.50,1.50
2013.05.17 14:50:12.396,1.05857,1.05874,1.50,1.50
2013.05.17 14:50:13.008,1.05856,1.05863,1.50,1.50
2013.05.17 14:50:13.196,1.05843,1.05856,2.33,3.42
2013.05.17 14:50:13.260,1.05843,1.05853,1.88,1.32
2013.05.17 14:50:13.328,1.05844,1.05857,7.22,2.48
2013.05.17 14:50:13.397,1.05846,1.05853,2.86,1.09
2013.05.17 14:50:13.468,1.05837,1.05851,1.50,2.67
2013.05.17 14:50:13.540,1.05836,1.05849,1.50,2.67
2013.05.17 14:50:13.607,1.05827,1.05844,2.25,2.07
2013.05.17 14:50:13.669,1.05825,1.05844,1.50,2.07
2013.05.17 14:50:13.977,1.05825,1.05846,1.50,1.54
2013.05.17 14:50:15.292,1.05827,1.05844,1.50,1.69
2013.05.17 14:50:15.596,1.05831,1.05848,1.50,1.69
2013.05.17 14:50:15.786,1.05832,1.05848,1.50,1.69
2013.05.17 14:50:16.114,1.05838,1.05853,1.43,1.02
2013.05.17 14:50:16.188,1.05836,1.05853,1.50,1.02
2013.05.17 14:50:16.268,1.05834,1.0585,1.50,1.50
2013.05.17 14:50:16.337,1.05833,1.0585,1.69,1.50
2013.05.17 14:50:16.638,1.05837,1.05847,2.18,2.25
2013.05.17 14:50:16.707,1.05835,1.05847,2.18,3.08
2013.05.17 14:50:16.946,1.05833,1.05847,1.50,1.50
2013.05.17 14:50:17.008,1.05834,1.05844,1.50,1.50
2013.05.17 14:50:17.198,1.05826,1.05847,2.03,1.50
2013.05.17 14:50:17.327,1.05832,1.0585,2.33,1.69
2013.05.17 14:50:17.626,1.05824,1.05844,3.30,6.27
2013.05.17 14:50:17.686,1.05827,1.05844,1.65,5.44
2013.05.17 14:50:17.806,1.05822,1.05844,3.19,1.13
2013.05.17 14:50:18.107,1.05823,1.05843,3.12,1.32
2013.05.17 14:50:18.526,1.05826,1.05842,1.13,1.50
2013.05.17 14:50:18.647,1.05825,1.05843,1.50,1.50
2013.05.17 14:50:18.717,1.05825,1.05841,2.25,2.48
2013.05.17 14:50:18.896,1.05825,1.05839,2.93,1.50
2013.05.17 14:50:19.076,1.05821,1.05839,2.25,1.50
2013.05.17 14:50:19.456,1.05821,1.05839,2.25,1.50
2013.05.17 14:50:19.908,1.05822,1.05838,1.50,1.65
2013.05.17 14:50:20.217,1.05824,1.05838,1.50,1.65
2013.05.17 14:50:20.276,1.05828,1.05843,1.50,1.69
2013.05.17 14:50:20.397,1.05826,1.05843,1.50,3.34
2013.05.17 14:50:20.517,1.05826,1.05838,1.50,1.50
2013.05.17 14:50:22.177,1.05826,1.05836,1.50,1.50
2013.05.17 14:50:22.670,1.05824,1.05841,1.69,2.25
2013.05.17 14:50:22.739,1.05825,1.05843,1.65,1.88
2013.05.17 14:50:22.866,1.05828,1.05845,2.25,1.50
2013.05.17 14:50:22.988,1.05831,1.05845,1.50,1.50
2013.05.17 14:50:23.047,1.05831,1.05847,1.50,1.50
2013.05.17 14:50:23.106,1.05829,1.05848,1.65,1.84
2013.05.17 14:50:23.356,1.05829,1.05848,2.40,1.09
2013.05.17 14:50:23.536,1.05831,1.0585,1.50,2.63
2013.05.17 14:50:24.076,1.05829,1.05848,1.50,1.50
2013.05.17 14:50:24.865,1.05828,1.05848,4.77,2.25
2013.05.17 14:50:24.938,1.05828,1.05848,4.77,2.25
2013.05.17 14:50:25.486,1.05829,1.05848,2.07,2.25
2013.05.17 14:50:25.905,1.05826,1.05847,1.84,1.69
2013.05.17 14:50:26.977,1.05825,1.05845,1.32,2.25
2013.05.17 14:50:27.398,1.05824,1.05841,1.13,1.35
2013.05.17 14:50:27.458,1.05822,1.05836,1.69,1.50
2013.05.17 14:50:27.576,1.05821,1.05839,2.25,1.50
2013.05.17 14:50:27.637,1.05821,1.05835,1.50,2.48
2013.05.17 14:50:27.759,1.05817,1.05831,1.50,1.50
2013.05.17 14:50:27.828,1.05816,1.05826,1.50,2.10
2013.05.17 14:50:28.152,1.05811,1.05818,1.43,2.40
2013.05.17 14:50:28.219,1.05807,1.05816,1.50,1.50
2013.05.17 14:50:28.433,1.05807,1.05819,1.50,2.25
2013.05.17 14:50:28.569,1.05802,1.05819,2.40,2.25
2013.05.17 14:50:29.038,1.05802,1.05816,2.40,1.50
2013.05.17 14:50:29.400,1.05789,1.05801,1.50,2.25
2013.05.17 14:50:29.647,1.05786,1.05801,3.83,1.50
2013.05.17 14:50:29.709,1.05786,1.05805,3.83,1.50
2013.05.17 14:50:29.837,1.05787,1.05801,1.09,1.50
2013.05.17 14:50:29.897,1.05787,1.05804,1.09,1.50
2013.05.17 14:50:30.026,1.05787,1.05808,1.84,2.40
2013.05.17 14:50:30.147,1.05787,1.05807,1.09,1.50
2013.05.17 14:50:30.469,1.05786,1.058,1.50,2.25
2013.05.17 14:50:30.656,1.05779,1.05798,3.94,1.50
2013.05.17 14:50:30.716,1.05779,1.05797,1.69,2.25
2013.05.17 14:50:30.778,1.05778,1.05795,1.13,2.25
2013.05.17 14:50:31.017,1.05772,1.05795,1.69,3.75
2013.05.17 14:50:31.256,1.05773,1.05794,1.32,1.50
2013.05.17 14:50:31.617,1.05773,1.05793,1.32,1.50
2013.05.17 14:50:32.107,1.05773,1.05795,1.32,3.00
2013.05.17 14:50:32.900,1.05773,1.05795,1.32,2.25
2013.05.17 14:50:33.484,1.05776,1.05795,2.59,2.25
2013.05.17 14:50:33.608,1.05776,1.05796,2.82,2.25
2013.05.17 14:50:33.967,1.05788,1.05799,1.09,2.25
2013.05.17 14:50:34.569,1.0579,1.05799,1.13,1.50
2013.05.17 14:50:34.779,1.05795,1.05801,1.09,1.50
2013.05.17 14:50:35.210,1.05795,1.05814,1.09,1.50
2013.05.17 14:50:35.417,1.05795,1.05814,1.09,3.00
2013.05.17 14:50:35.746,1.05795,1.05812,1.50,2.40
2013.05.17 14:50:35.866,1.05796,1.05813,1.50,1.65
2013.05.17 14:50:36.105,1.05796,1.05813,3.87,1.65
2013.05.17 14:50:36.666,1.05798,1.05815,1.09,2.25
2013.05.17 14:50:36.846,1.058,1.05817,1.50,3.00
2013.05.17 14:50:37.027,1.058,1.05818,1.50,2.10
2013.05.17 14:50:37.446,1.05804,1.05823,2.55,3.75
2013.05.17 14:50:37.747,1.05808,1.05827,2.44,1.50
2013.05.17 14:50:38.545,1.05809,1.0583,1.84,2.10
2013.05.17 14:50:38.666,1.05809,1.05827,2.44,1.50
2013.05.17 14:50:38.967,1.0581,1.0583,1.84,2.10
2013.05.17 14:50:39.027,1.0581,1.0583,2.59,2.10
2013.05.17 14:50:39.327,1.05816,1.05835,1.09,2.25
2013.05.17 14:50:39.652,1.05817,1.05836,1.69,1.50
2013.05.17 14:50:39.957,1.05822,1.05842,2.59,1.50
2013.05.17 14:50:40.028,1.05822,1.05842,2.59,1.50
2013.05.17 14:50:40.178,1.05822,1.05843,2.59,2.25
2013.05.17 14:50:40.627,1.05819,1.05841,1.84,1.65
2013.05.17 14:50:40.817,1.05818,1.05837,3.12,2.25
2013.05.17 14:50:40.959,1.05815,1.05835,1.69,2.25
2013.05.17 14:50:43.297,1.05815,1.05834,1.69,1.50
2013.05.17 14:50:43.428,1.05817,1.05834,1.88,1.50
2013.05.17 14:50:43.559,1.05815,1.05834,1.24,1.50
2013.05.17 14:50:43.627,1.05814,1.05834,2.59,1.50
2013.05.17 14:50:43.687,1.05814,1.05834,1.84,2.25
2013.05.17 14:50:44.216,1.05814,1.05832,1.13,1.50
2013.05.17 14:50:45.266,1.05817,1.05833,1.88,1.50
2013.05.17 14:50:45.447,1.05818,1.05837,1.65,1.50
2013.05.17 14:50:45.781,1.05819,1.05839,1.09,3.00
2013.05.17 14:50:45.849,1.05819,1.05839,1.09,2.25
2013.05.17 14:50:45.916,1.05821,1.05839,1.09,1.50
2013.05.17 14:50:46.237,1.05826,1.05845,1.84,2.25
2013.05.17 14:50:46.909,1.05827,1.05847,1.09,1.50
2013.05.17 14:50:47.338,1.05828,1.05848,1.88,2.25
2013.05.17 14:50:47.587,1.0583,1.05849,1.09,1.50
2013.05.17 14:50:47.836,1.0583,1.05849,1.09,1.50
2013.05.17 14:50:48.406,1.05831,1.05851,1.84,1.50
2013.05.17 14:50:49.235,1.05832,1.05851,1.84,1.50
2013.05.17 14:50:50.202,1.05832,1.0585,1.84,1.50
2013.05.17 14:50:51.376,1.05832,1.05849,1.84,1.50
2013.05.17 14:50:51.439,1.05829,1.05849,1.69,3.00
2013.05.17 14:50:51.627,1.05828,1.05848,2.44,2.40
2013.05.17 14:50:51.934,1.05825,1.05846,1.69,3.15
2013.05.17 14:50:51.998,1.05825,1.05845,1.84,3.68
2013.05.17 14:50:52.069,1.05824,1.05845,1.09,3.68
2013.05.17 14:50:52.712,1.05823,1.05843,1.69,1.50
2013.05.17 14:50:52.948,1.05821,1.05841,1.69,1.50
2013.05.17 14:50:53.456,1.0582,1.0584,2.44,2.25
2013.05.17 14:50:54.117,1.05821,1.05839,1.69,1.50
2013.05.17 14:50:54.658,1.05822,1.05839,1.47,1.50
2013.05.17 14:50:54.896,1.05825,1.0584,1.84,2.25
2013.05.17 14:50:55.137,1.05822,1.05838,1.50,2.25
2013.05.17 14:50:55.197,1.05818,1.05833,1.50,2.18
2013.05.17 14:50:55.849,1.05812,1.05832,1.84,1.50
2013.05.17 14:50:55.922,1.05812,1.05832,1.09,1.50
2013.05.17 14:50:56.111,1.05812,1.05832,1.84,1.50
2013.05.17 14:50:56.422,1.05815,1.05833,1.88,1.50
2013.05.17 14:50:56.489,1.05815,1.05836,1.88,2.33
2013.05.17 14:50:56.558,1.05823,1.05836,2.48,2.25
2013.05.17 14:50:56.772,1.05834,1.05847,1.09,3.00
2013.05.17 14:50:56.840,1.05836,1.05847,1.09,2.25
2013.05.17 14:50:57.101,1.05839,1.05854,1.84,1.50
2013.05.17 14:50:57.169,1.05839,1.05854,1.69,1.50
2013.05.17 14:50:57.299,1.05839,1.05856,2.44,1.50
2013.05.17 14:50:57.367,1.05839,1.05856,1.69,1.50
2013.05.17 14:50:57.967,1.05836,1.05858,1.69,4.50
2013.05.17 14:50:58.361,1.05835,1.05857,3.19,1.65
2013.05.17 14:50:58.917,1.05833,1.05854,1.69,2.25
2013.05.17 14:50:59.467,1.05834,1.05854,1.09,2.25
2013.05.17 14:51:01.855,1.05835,1.05855,1.32,1.50
2013.05.17 14:51:01.938,1.05839,1.05858,1.84,1.50
2013.05.17 14:51:02.190,1.05839,1.05858,2.59,1.50
2013.05.17 14:51:02.259,1.05839,1.05862,3.34,2.25
2013.05.17 14:51:02.509,1.05841,1.05862,1.69,1.65
2013.05.17 14:51:02.824,1.05839,1.05854,2.44,3.23
2013.05.17 14:51:02.891,1.05837,1.05852,1.69,2.25
2013.05.17 14:51:02.959,1.05837,1.05852,1.69,2.48
2013.05.17 14:51:03.269,1.05828,1.05846,2.44,1.50
2013.05.17 14:51:03.337,1.05828,1.05844,2.44,1.50
2013.05.17 14:51:03.396,1.05828,1.05848,1.50,1.65
2013.05.17 14:51:03.456,1.05827,1.05847,1.69,2.25
2013.05.17 14:51:04.596,1.05825,1.05846,2.44,1.50
2013.05.17 14:51:04.717,1.05825,1.05846,3.19,1.50
2013.05.17 14:51:05.016,1.05825,1.05846,2.44,2.25
2013.05.17 14:51:05.207,1.05827,1.05846,1.69,1.50
2013.05.17 14:51:05.548,1.05827,1.05845,1.50,1.13
2013.05.17 14:51:05.859,1.05816,1.0583,1.69,1.50
2013.05.17 14:51:05.929,1.05816,1.05834,1.69,2.25
2013.05.17 14:51:05.997,1.05814,1.05835,3.19,2.25
2013.05.17 14:51:06.117,1.05816,1.05835,2.44,1.50
2013.05.17 14:51:06.419,1.05822,1.05841,2.44,1.50
2013.05.17 14:51:06.487,1.05822,1.05839,1.50,1.65
2013.05.17 14:51:06.607,1.0582,1.05839,1.69,2.63
2013.05.17 14:51:06.918,1.05818,1.05832,2.25,2.25
2013.05.17 14:51:07.107,1.05818,1.05834,2.25,1.65
2013.05.17 14:51:07.347,1.05818,1.05837,2.44,2.40
2013.05.17 14:51:07.885,1.05818,1.05837,2.44,3.83
2013.05.17 14:51:08.247,1.05817,1.05837,1.69,4.58
2013.05.17 14:51:09.696,1.05817,1.05837,2.44,1.65
2013.05.17 14:51:10.187,1.05817,1.05837,1.69,1.65
2013.05.17 14:51:10.817,1.05815,1.05836,2.59,2.40
2013.05.17 14:51:12.326,1.05817,1.05836,3.68,1.65
2013.05.17 14:51:14.406,1.0582,1.05838,1.50,2.40
2013.05.17 14:51:15.296,1.0582,1.05835,1.50,2.40
2013.05.17 14:51:15.536,1.05816,1.05835,2.44,2.40
2013.05.17 14:51:16.166,1.05816,1.05834,1.69,1.50
2013.05.17 14:51:16.915,1.05816,1.05835,2.44,1.65
2013.05.17 14:51:16.976,1.05817,1.05834,1.50,1.50
2013.05.17 14:51:17.857,1.05814,1.05834,2.52,3.00
2013.05.17 14:51:17.917,1.05813,1.05834,1.84,2.25
2013.05.17 14:51:18.457,1.05814,1.05834,1.09,1.50
2013.05.17 14:51:19.197,1.05814,1.05833,1.09,1.50
2013.05.17 14:51:21.170,1.05813,1.05829,1.50,1.50
2013.05.17 14:51:21.477,1.05806,1.05823,1.65,1.50
2013.05.17 14:51:21.537,1.05805,1.05823,1.09,1.50
2013.05.17 14:51:21.657,1.05806,1.05824,2.40,1.50
2013.05.17 14:51:21.777,1.05807,1.05825,3.19,1.50
2013.05.17 14:51:22.018,1.05811,1.0583,2.59,1.50
2013.05.17 14:51:22.287,1.05811,1.05832,3.34,2.25
2013.05.17 14:51:22.347,1.05814,1.05832,1.50,1.50
2013.05.17 14:51:22.471,1.05814,1.05833,1.69,2.33
2013.05.17 14:51:22.720,1.05816,1.05836,1.09,2.25
2013.05.17 14:51:23.037,1.05816,1.05837,1.84,2.25
2013.05.17 14:51:23.216,1.05816,1.05837,1.69,2.48
2013.05.17 14:51:23.925,1.05815,1.05834,3.19,1.50
2013.05.17 14:51:24.110,1.05818,1.05836,2.44,1.50
2013.05.17 14:51:24.626,1.05819,1.05837,1.69,1.50
2013.05.17 14:51:24.867,1.0582,1.05841,1.65,2.33
2013.05.17 14:51:25.047,1.05822,1.05834,1.09,1.50
2013.05.17 14:51:25.109,1.05821,1.05836,1.50,1.58
2013.05.17 14:51:25.238,1.05815,1.05835,1.09,1.50
2013.05.17 14:51:25.606,1.05818,1.05836,1.09,1.50
2013.05.17 14:51:25.726,1.05818,1.05838,1.09,2.25
2013.05.17 14:51:26.147,1.05821,1.05839,1.09,1.50
2013.05.17 14:51:26.457,1.05828,1.05841,1.09,1.50
2013.05.17 14:51:26.757,1.05825,1.05843,3.19,1.65
2013.05.17 14:51:26.877,1.05825,1.0584,1.50,2.25
2013.05.17 14:51:26.936,1.05821,1.05839,3.19,2.40
2013.05.17 14:51:26.996,1.05821,1.05838,3.19,1.65
2013.05.17 14:51:27.058,1.05821,1.05838,1.50,1.65
2013.05.17 14:51:27.476,1.05818,1.05838,1.50,2.40
2013.05.17 14:51:27.775,1.05816,1.05837,2.44,1.50
2013.05.17 14:51:28.076,1.05816,1.05833,1.50,1.50
2013.05.17 14:51:28.136,1.05816,1.05833,1.50,1.50
2013.05.17 14:51:28.436,1.05815,1.05832,1.50,2.25
2013.05.17 14:51:28.557,1.05811,1.0583,1.50,1.50
2013.05.17 14:51:28.796,1.05808,1.05828,2.44,1.50
2013.05.17 14:51:28.919,1.05808,1.05827,2.29,1.50
2013.05.17 14:51:29.467,1.05808,1.05827,1.84,1.50
2013.05.17 14:51:29.707,1.05809,1.05829,1.65,1.50
2013.05.17 14:51:29.887,1.05811,1.0583,1.50,1.50
2013.05.17 14:51:30.007,1.05811,1.0583,1.09,1.50
2013.05.17 14:51:30.367,1.05812,1.05832,1.09,2.25
2013.05.17 14:51:30.428,1.05815,1.05832,1.65,1.50
2013.05.17 14:51:30.557,1.05814,1.05832,1.69,1.50
2013.05.17 14:51:31.097,1.05811,1.05829,1.84,1.50
2013.05.17 14:51:31.403,1.05814,1.05833,1.50,2.25
2013.05.17 14:51:31.539,1.05814,1.05833,1.50,2.25
2013.05.17 14:51:31.807,1.05814,1.05834,1.50,3.00
2013.05.17 14:51:32.698,1.05817,1.05834,1.50,1.50
2013.05.17 14:51:32.896,1.05814,1.05832,1.09,1.50
2013.05.17 14:51:33.016,1.05813,1.05832,2.44,1.50
2013.05.17 14:51:33.077,1.05813,1.05832,1.69,1.50
2013.05.17 14:51:33.578,1.05812,1.05829,1.69,2.25
2013.05.17 14:51:34.106,1.05811,1.05828,1.09,1.50
2013.05.17 14:51:34.877,1.05811,1.05829,1.84,2.25
2013.05.17 14:51:34.997,1.05811,1.0583,1.84,1.50
2013.05.17 14:51:35.546,1.05811,1.05829,1.69,2.25
2013.05.17 14:51:35.666,1.05809,1.05829,3.19,2.25
2013.05.17 14:51:35.727,1.05809,1.05828,2.44,3.68
2013.05.17 14:51:40.258,1.05807,1.05825,1.69,1.50
2013.05.17 14:51:40.575,1.05806,1.05825,1.65,3.00
2013.05.17 14:51:40.696,1.05804,1.05824,2.25,3.38
2013.05.17 14:51:40.756,1.05802,1.05822,1.69,1.65
2013.05.17 14:51:40.816,1.05801,1.05822,2.44,3.15
2013.05.17 14:51:40.937,1.05799,1.05818,1.69,2.25
2013.05.17 14:51:40.997,1.05798,1.05818,3.94,2.25
2013.05.17 14:51:43.021,1.05797,1.05816,1.69,1.50
2013.05.17 14:51:44.076,1.05797,1.05816,2.44,4.50
2013.05.17 14:51:44.315,1.05797,1.05816,1.69,1.50
2013.05.17 14:51:45.986,1.05797,1.05814,1.69,1.65
2013.05.17 14:51:46.288,1.05794,1.05805,1.50,1.50
2013.05.17 14:51:46.361,1.05791,1.05808,2.25,2.40
2013.05.17 14:51:46.917,1.05791,1.05806,2.25,5.93
2013.05.17 14:51:47.038,1.05791,1.05807,2.40,1.50
2013.05.17 14:51:47.229,1.05787,1.05806,4.84,3.00
2013.05.17 14:51:47.421,1.05787,1.05806,3.34,1.50
2013.05.17 14:51:47.487,1.05788,1.05806,1.69,1.50
2013.05.17 14:51:48.030,1.0579,1.05807,1.50,2.25
2013.05.17 14:51:48.276,1.05786,1.05804,1.09,1.50
2013.05.17 14:51:49.216,1.05786,1.05805,2.59,1.50
2013.05.17 14:51:50.266,1.05786,1.05807,2.59,3.15
2013.05.17 14:51:50.815,1.05787,1.05807,2.40,3.00
2013.05.17 14:51:50.876,1.05787,1.05807,2.40,1.50
2013.05.17 14:51:51.187,1.05791,1.05809,1.13,2.25
2013.05.17 14:51:51.309,1.05791,1.0581,2.59,1.58
2013.05.17 14:51:51.377,1.05793,1.05811,1.09,1.50
2013.05.17 14:51:51.437,1.05793,1.05814,1.09,1.50
2013.05.17 14:51:51.558,1.05793,1.05814,1.09,3.00
2013.05.17 14:51:51.627,1.05794,1.05814,1.69,1.50
2013.05.17 14:51:51.687,1.05795,1.05814,1.84,1.50
2013.05.17 14:51:52.047,1.05796,1.05816,5.44,1.50
2013.05.17 14:51:52.966,1.05796,1.05816,2.44,1.50
2013.05.17 14:51:53.479,1.05796,1.05815,1.69,1.50
2013.05.17 14:51:54.089,1.05796,1.05815,1.69,1.50
2013.05.17 14:51:54.165,1.05792,1.05811,1.69,1.50
2013.05.17 14:51:54.417,1.05792,1.05811,2.44,1.50
2013.05.17 14:51:54.956,1.05791,1.05811,1.84,2.25
2013.05.17 14:51:56.126,1.05791,1.05807,1.84,1.50
2013.05.17 14:51:56.250,1.05789,1.05807,1.09,1.50
2013.05.17 14:51:56.737,1.05787,1.05804,1.09,1.50
2013.05.17 14:51:56.918,1.05787,1.05805,1.50,1.50
2013.05.17 14:51:57.431,1.05786,1.05805,1.09,1.50
2013.05.17 14:51:57.766,1.05786,1.05803,1.50,1.50
2013.05.17 14:51:57.890,1.05781,1.05799,1.69,1.13
2013.05.17 14:51:57.962,1.05779,1.05796,2.25,2.40
2013.05.17 14:51:58.029,1.05778,1.05796,1.69,1.50
2013.05.17 14:51:58.399,1.05775,1.05793,2.44,1.50
2013.05.17 14:51:58.706,1.0578,1.05797,1.69,2.10
2013.05.17 14:52:00.206,1.05778,1.05797,1.69,2.85
2013.05.17 14:52:00.768,1.05777,1.05797,1.69,2.85
2013.05.17 14:52:01.676,1.05773,1.05792,1.69,1.50
2013.05.17 14:52:01.867,1.05773,1.05792,2.59,1.50
2013.05.17 14:52:02.070,1.05776,1.05793,1.69,1.50
2013.05.17 14:52:03.046,1.05776,1.05795,1.69,2.25
2013.05.17 14:52:03.637,1.05774,1.05793,1.84,1.50
2013.05.17 14:52:03.818,1.05774,1.0579,1.69,2.25
2013.05.17 14:52:04.720,1.05773,1.0579,1.69,2.25
2013.05.17 14:52:04.970,1.0577,1.05788,1.69,1.50
2013.05.17 14:52:06.038,1.05771,1.05788,2.44,1.50
2013.05.17 14:52:06.550,1.05771,1.05788,1.69,1.50
2013.05.17 14:52:07.558,1.05769,1.05786,1.84,2.85
2013.05.17 14:52:07.687,1.05767,1.05787,2.44,2.25
2013.05.17 14:52:07.889,1.05769,1.05788,1.09,1.50
2013.05.17 14:52:08.449,1.05771,1.05789,1.50,1.73
2013.05.17 14:52:08.517,1.05771,1.05788,1.50,2.48
2013.05.17 14:52:08.708,1.05772,1.05788,1.09,1.58
2013.05.17 14:52:09.066,1.05774,1.05789,2.44,1.50
2013.05.17 14:52:09.307,1.05774,1.05792,2.44,1.50
2013.05.17 14:52:09.677,1.05774,1.0579,2.44,1.50
2013.05.17 14:52:09.736,1.05774,1.05793,2.44,1.50
2013.05.17 14:52:11.451,1.05776,1.05793,2.25,3.00
2013.05.17 14:52:11.839,1.05776,1.0579,2.25,1.50
2013.05.17 14:52:12.298,1.05778,1.05796,4.50,1.50
2013.05.17 14:52:12.366,1.05781,1.05799,2.44,1.50
2013.05.17 14:52:12.426,1.05783,1.058,1.69,2.25
2013.05.17 14:52:12.786,1.05787,1.058,1.50,2.25
2013.05.17 14:52:13.028,1.05787,1.05803,1.69,2.10
2013.05.17 14:52:13.157,1.05787,1.05804,1.69,1.50
2013.05.17 14:52:13.606,1.05787,1.05803,1.69,2.25
2013.05.17 14:52:14.469,1.05787,1.05801,1.69,1.50
2013.05.17 14:52:16.621,1.05788,1.05802,1.69,1.50
2013.05.17 14:52:16.687,1.0579,1.05804,1.69,3.00
2013.05.17 14:52:17.046,1.05792,1.05811,2.93,2.40
2013.05.17 14:52:17.947,1.05792,1.05809,2.93,3.15
2013.05.17 14:52:19.707,1.05792,1.05809,3.87,1.65
2013.05.17 14:52:20.647,1.05792,1.05809,3.87,1.50
2013.05.17 14:52:21.006,1.05794,1.05808,1.50,2.40
2013.05.17 14:52:21.126,1.05792,1.05808,1.69,2.40
2013.05.17 14:52:21.188,1.05793,1.05808,1.50,2.40
2013.05.17 14:52:21.889,1.05795,1.05812,2.82,1.35
2013.05.17 14:52:22.016,1.05798,1.05816,1.50,1.50
2013.05.17 14:52:22.076,1.05798,1.05816,3.68,1.50
2013.05.17 14:52:22.377,1.05798,1.05817,3.68,3.75
2013.05.17 14:52:22.946,1.05799,1.05817,2.40,2.25
2013.05.17 14:52:23.006,1.05801,1.05821,3.15,2.44
2013.05.17 14:52:23.127,1.05805,1.05822,1.84,1.50
2013.05.17 14:52:23.687,1.05804,1.05823,3.12,1.65
2013.05.17 14:52:23.867,1.05802,1.0582,2.44,1.65
2013.05.17 14:52:24.406,1.058,1.05814,2.25,1.50
2013.05.17 14:52:24.707,1.058,1.05811,1.50,1.50
2013.05.17 14:52:25.066,1.05793,1.05811,3.38,2.25
2013.05.17 14:52:25.957,1.05795,1.05812,1.50,1.50
2013.05.17 14:52:26.497,1.05793,1.0581,2.25,1.50
2013.05.17 14:52:27.075,1.05793,1.05811,2.25,2.25
2013.05.17 14:52:27.135,1.05793,1.05811,1.50,2.25
2013.05.17 14:52:27.377,1.05793,1.05811,1.50,2.44
2013.05.17 14:52:28.267,1.05792,1.05811,2.44,2.44
2013.05.17 14:52:30.299,1.05795,1.05812,1.50,3.15
2013.05.17 14:52:30.846,1.05793,1.05812,1.50,2.40
2013.05.17 14:52:32.241,1.05787,1.05803,2.44,2.25
2013.05.17 14:52:32.323,1.05785,1.05802,1.50,3.00
2013.05.17 14:52:32.450,1.05784,1.05802,1.50,4.69
2013.05.17 14:52:32.519,1.05783,1.05802,2.44,3.94
2013.05.17 14:52:33.365,1.05782,1.05802,2.44,1.69
2013.05.17 14:52:34.175,1.05782,1.05803,2.44,1.69
2013.05.17 14:52:34.566,1.05783,1.05803,1.69,1.69
2013.05.17 14:52:35.889,1.05785,1.05804,1.50,1.69
2013.05.17 14:52:37.307,1.05785,1.05804,1.50,1.69
2013.05.17 14:52:37.817,1.05785,1.05802,1.50,2.25
2013.05.17 14:52:38.177,1.05779,1.05794,1.50,1.84
2013.05.17 14:52:38.296,1.05775,1.05794,3.19,2.59
2013.05.17 14:52:38.356,1.05775,1.05794,1.69,2.59
2013.05.17 14:52:39.907,1.05775,1.05794,1.69,1.09
2013.05.17 14:52:41.227,1.05776,1.05794,1.69,1.84
2013.05.17 14:52:41.347,1.05778,1.05795,1.69,3.00
2013.05.17 14:52:42.024,1.05779,1.05795,1.69,1.50
2013.05.17 14:52:43.196,1.0578,1.05795,1.69,1.50
2013.05.17 14:52:44.397,1.0578,1.05798,1.69,4.09
2013.05.17 14:52:44.981,1.0578,1.05798,1.69,4.09
2013.05.17 14:52:45.277,1.05779,1.05798,1.69,5.59
2013.05.17 14:52:45.516,1.0578,1.05795,1.69,1.50
2013.05.17 14:52:50.373,1.0578,1.05798,1.69,4.09
2013.05.17 14:52:52.156,1.0578,1.05798,1.50,3.34
2013.05.17 14:52:54.037,1.05777,1.05792,1.69,2.40
2013.05.17 14:52:54.113,1.05775,1.05791,1.69,1.65
2013.05.17 14:52:54.266,1.05773,1.05791,2.44,1.65
2013.05.17 14:52:55.256,1.05777,1.05791,1.50,1.65
2013.05.17 14:52:55.557,1.05772,1.05791,1.69,1.65
2013.05.17 14:52:56.287,1.05771,1.05791,5.37,1.65
2013.05.17 14:52:56.865,1.05771,1.05791,3.94,2.40
2013.05.17 14:52:57.408,1.05772,1.05791,1.69,1.65
2013.05.17 14:52:58.568,1.05774,1.05791,1.50,1.65
2013.05.17 14:52:58.628,1.05774,1.05793,1.50,3.19
2013.05.17 14:52:58.768,1.05777,1.05796,1.50,2.44
2013.05.17 14:52:58.897,1.05778,1.05796,1.50,1.50
2013.05.17 14:52:58.957,1.05778,1.05796,3.68,1.50
2013.05.17 14:52:59.619,1.05781,1.05798,1.50,3.34
2013.05.17 14:52:59.939,1.05776,1.05789,1.50,2.25
2013.05.17 14:53:00.126,1.05769,1.05787,1.13,1.69
2013.05.17 14:53:00.187,1.05769,1.05787,2.25,1.69
2013.05.17 14:53:00.306,1.05769,1.05787,2.44,1.50
2013.05.17 14:53:00.366,1.05769,1.05789,4.69,1.69
2013.05.17 14:53:00.428,1.05771,1.0579,1.69,1.65
2013.05.17 14:53:02.238,1.05774,1.05792,1.50,1.50
2013.05.17 14:53:02.308,1.05774,1.05793,2.25,1.50
2013.05.17 14:53:02.551,1.05775,1.05795,3.19,1.69
2013.05.17 14:53:03.195,1.05776,1.05796,1.69,2.40
2013.05.17 14:53:03.469,1.05776,1.05796,1.69,2.40
2013.05.17 14:53:04.050,1.05776,1.05794,1.69,1.65
2013.05.17 14:53:04.486,1.05775,1.05792,1.69,1.65
2013.05.17 14:53:04.607,1.0577,1.05788,4.62,1.50
2013.05.17 14:53:05.600,1.05767,1.05787,3.94,1.84
2013.05.17 14:53:05.786,1.05767,1.05786,3.75,1.84
2013.05.17 14:53:06.087,1.05767,1.05784,3.00,3.19
2013.05.17 14:53:06.606,1.05768,1.05781,1.50,1.09
2013.05.17 14:53:06.726,1.05768,1.05785,2.25,1.84
2013.05.17 14:53:06.906,1.05771,1.05787,2.93,1.65
2013.05.17 14:53:07.447,1.05772,1.05788,1.50,2.44
2013.05.17 14:53:07.959,1.05773,1.05788,1.50,1.69
2013.05.17 14:53:08.518,1.05775,1.05793,2.44,1.50
2013.05.17 14:53:08.648,1.05781,1.05797,1.50,1.65
2013.05.17 14:53:10.098,1.05778,1.05798,3.87,3.34
2013.05.17 14:53:11.106,1.0578,1.05797,1.69,1.13
2013.05.17 14:53:11.646,1.05778,1.05797,1.69,4.32
2013.05.17 14:53:12.257,1.05778,1.05794,1.50,2.40
2013.05.17 14:53:12.645,1.05776,1.05793,1.69,1.65
2013.05.17 14:53:13.240,1.05775,1.05793,1.69,1.65
2013.05.17 14:53:14.174,1.05773,1.05793,3.19,1.09
2013.05.17 14:53:14.835,1.05775,1.05794,1.69,3.90
2013.05.17 14:53:15.967,1.05773,1.05788,2.44,1.50
2013.05.17 14:53:16.651,1.05771,1.05784,1.50,2.93
2013.05.17 14:53:16.728,1.05767,1.05783,2.63,1.50
2013.05.17 14:53:17.487,1.05769,1.05783,1.50,1.50
2013.05.17 14:53:18.028,1.05773,1.05782,1.69,1.50
2013.05.17 14:53:18.395,1.05769,1.05788,1.69,1.50
2013.05.17 14:53:20.806,1.05771,1.0579,2.44,2.59
2013.05.17 14:53:20.868,1.05771,1.0579,2.44,1.69
2013.05.17 14:53:21.110,1.05773,1.05792,1.69,1.50
2013.05.17 14:53:21.418,1.05777,1.05795,1.69,1.50
2013.05.17 14:53:21.478,1.05777,1.05797,2.59,1.50
2013.05.17 14:53:21.536,1.05779,1.05798,1.69,1.50
2013.05.17 14:53:21.837,1.05782,1.05803,1.69,4.84
2013.05.17 14:53:23.116,1.05784,1.05803,1.69,2.40
2013.05.17 14:53:23.430,1.05784,1.05802,1.69,2.70
2013.05.17 14:53:23.736,1.05776,1.05793,1.20,2.40
2013.05.17 14:53:23.857,1.05772,1.05791,2.44,2.40
2013.05.17 14:53:23.916,1.05772,1.05793,2.44,2.63
2013.05.17 14:53:24.676,1.05772,1.0579,1.69,2.25
2013.05.17 14:53:24.736,1.0577,1.0579,3.19,2.25
2013.05.17 14:53:24.797,1.0577,1.05784,1.69,1.50
2013.05.17 14:53:25.219,1.05772,1.05784,1.32,1.50
2013.05.17 14:53:25.981,1.05771,1.05784,1.17,1.65
2013.05.17 14:53:26.055,1.05761,1.05774,1.69,1.50
2013.05.17 14:53:26.377,1.05757,1.0577,1.54,1.50
2013.05.17 14:53:26.640,1.05757,1.05769,1.54,2.93
2013.05.17 14:53:26.889,1.05757,1.05772,1.35,1.50
2013.05.17 14:53:27.090,1.05756,1.05773,2.40,2.25
2013.05.17 14:53:27.637,1.05756,1.05776,2.59,1.50
2013.05.17 14:53:28.777,1.05757,1.05775,1.09,1.50
2013.05.17 14:53:29.078,1.05761,1.05777,1.69,1.50
2013.05.17 14:53:29.257,1.05761,1.0578,3.34,1.50
2013.05.17 14:53:29.378,1.05762,1.0578,1.69,1.50
2013.05.17 14:53:30.346,1.05761,1.0578,3.34,1.50
2013.05.17 14:53:31.158,1.05764,1.0578,2.44,1.50
2013.05.17 14:53:31.456,1.05767,1.05783,1.84,1.50
2013.05.17 14:53:31.886,1.05768,1.05784,1.50,2.93
2013.05.17 14:53:32.066,1.0577,1.05787,1.69,1.50
2013.05.17 14:53:32.816,1.0577,1.05789,1.69,2.25
2013.05.17 14:53:33.675,1.0577,1.05789,2.44,2.25
2013.05.17 14:53:34.408,1.05771,1.05789,1.69,2.25
2013.05.17 14:53:35.567,1.05772,1.05787,1.50,1.50
2013.05.17 14:53:36.276,1.05769,1.05789,2.29,3.00
2013.05.17 14:53:36.336,1.05769,1.05789,2.29,3.00
2013.05.17 14:53:39.577,1.0577,1.05789,2.44,2.44
2013.05.17 14:53:40.527,1.0577,1.05789,3.94,2.25
2013.05.17 14:53:40.828,1.0577,1.05788,1.69,1.50
2013.05.17 14:53:41.442,1.0577,1.05788,1.69,1.69
2013.05.17 14:53:41.567,1.05768,1.05788,2.44,1.69
2013.05.17 14:53:41.747,1.05771,1.05787,1.50,1.50
2013.05.17 14:53:41.867,1.05771,1.05789,1.50,2.44
2013.05.17 14:53:42.050,1.05776,1.05792,1.84,2.25
2013.05.17 14:53:42.177,1.05774,1.05795,1.69,2.40
2013.05.17 14:53:42.716,1.05774,1.05793,1.84,1.50
2013.05.17 14:53:43.857,1.05776,1.05794,1.50,3.19
2013.05.17 14:53:47.586,1.05774,1.05794,2.40,3.00
2013.05.17 14:53:47.648,1.05772,1.05793,2.29,2.25
2013.05.17 14:53:47.957,1.05769,1.05787,3.00,1.84
2013.05.17 14:53:48.332,1.05769,1.05785,2.25,2.44
2013.05.17 14:53:48.520,1.05764,1.05784,1.09,1.69
2013.05.17 14:53:50.477,1.05764,1.05784,1.84,1.69
2013.05.17 14:53:51.427,1.0577,1.05785,1.13,1.50
2013.05.17 14:53:51.678,1.05773,1.05788,1.32,1.50
2013.05.17 14:53:51.737,1.05774,1.05793,1.65,1.50
2013.05.17 14:53:53.766,1.05775,1.05793,1.65,1.50
2013.05.17 14:53:56.850,1.05776,1.05793,1.88,1.50
2013.05.17 14:53:57.159,1.05779,1.05797,3.34,1.69
2013.05.17 14:53:57.528,1.05785,1.05798,1.50,1.50
2013.05.17 14:53:58.068,1.05781,1.05799,1.69,2.59
2013.05.17 14:53:59.380,1.05783,1.05801,1.69,1.84
2013.05.17 14:53:59.450,1.05783,1.05802,2.44,2.44
2013.05.17 14:53:59.637,1.05786,1.05805,1.69,3.68
2013.05.17 14:53:59.700,1.05786,1.05805,1.69,1.50
2013.05.17 14:53:59.840,1.05784,1.05803,2.44,1.50
2013.05.17 14:53:59.909,1.05782,1.05803,4.09,1.50
2013.05.17 14:53:59.978,1.05782,1.058,3.00,1.09
2013.05.17 14:54:00.528,1.05783,1.05803,1.69,1.09
2013.05.17 14:54:00.647,1.05785,1.05805,1.50,1.84
2013.05.17 14:54:01.306,1.05786,1.05805,1.69,1.50
2013.05.17 14:54:01.859,1.05785,1.05804,2.44,1.50
2013.05.17 14:54:02.167,1.05787,1.05806,1.50,1.69
2013.05.17 14:54:02.528,1.05783,1.05802,1.50,1.69
2013.05.17 14:54:02.786,1.05783,1.05803,1.65,1.69
2013.05.17 14:54:03.850,1.05785,1.05805,2.59,2.44
2013.05.17 14:54:04.176,1.05786,1.05806,2.44,2.44
2013.05.17 14:54:04.479,1.05785,1.05804,1.69,3.68
2013.05.17 14:54:04.550,1.05786,1.05804,1.84,1.50
2013.05.17 14:54:05.228,1.05797,1.05808,2.10,5.52
2013.05.17 14:54:05.305,1.058,1.05818,1.69,2.25
2013.05.17 14:54:06.658,1.05798,1.05818,3.04,2.25
2013.05.17 14:54:07.159,1.05796,1.05813,1.69,3.15
2013.05.17 14:54:07.351,1.05797,1.05815,1.50,3.75
2013.05.17 14:54:07.478,1.05801,1.05818,1.50,1.50
2013.05.17 14:54:07.788,1.05799,1.05815,1.50,1.09
2013.05.17 14:54:08.097,1.05797,1.05811,1.50,1.09
2013.05.17 14:54:08.216,1.05794,1.05811,1.50,1.09
2013.05.17 14:54:09.346,1.05791,1.05811,1.69,1.09
2013.05.17 14:54:09.896,1.05791,1.05811,1.69,1.09
2013.05.17 14:54:10.076,1.05794,1.05811,1.50,3.34
2013.05.17 14:54:10.568,1.05794,1.05811,1.69,1.50
2013.05.17 14:54:12.166,1.05794,1.05814,1.69,3.15
2013.05.17 14:54:13.377,1.05794,1.05811,1.69,2.25
2013.05.17 14:54:13.820,1.05791,1.05811,1.69,1.09
2013.05.17 14:54:14.068,1.05793,1.05812,1.09,1.69
2013.05.17 14:54:14.437,1.05795,1.05815,1.69,1.69
2013.05.17 14:54:15.178,1.05796,1.05815,1.50,1.69
2013.05.17 14:54:15.367,1.05796,1.05815,2.59,1.50
2013.05.17 14:54:16.427,1.05798,1.05818,1.69,2.59
2013.05.17 14:54:17.497,1.05798,1.05818,1.69,3.15
2013.05.17 14:54:18.080,1.05798,1.05818,1.69,3.15
2013.05.17 14:54:18.388,1.05798,1.05814,1.69,1.50
2013.05.17 14:54:19.752,1.05797,1.05815,1.69,2.59
2013.05.17 14:54:19.846,1.05794,1.05814,1.09,3.94
2013.05.17 14:54:19.978,1.05797,1.05814,2.59,1.50
2013.05.17 14:54:20.286,1.05798,1.05814,1.69,1.50
2013.05.17 14:54:20.710,1.05797,1.05813,3.19,2.25
2013.05.17 14:54:20.899,1.05797,1.05817,3.19,1.50
2013.05.17 14:54:21.359,1.05797,1.05817,3.19,1.50
2013.05.17 14:54:21.608,1.05797,1.05817,3.19,1.69
2013.05.17 14:54:21.905,1.05797,1.05817,3.19,1.69
2013.05.17 14:54:22.517,1.05797,1.05817,2.44,1.69
2013.05.17 14:54:22.757,1.05801,1.05818,2.25,1.69
2013.05.17 14:54:22.936,1.058,1.05818,1.69,1.50
2013.05.17 14:54:23.438,1.05802,1.05819,1.69,1.50
2013.05.17 14:54:23.963,1.05802,1.0582,2.44,1.69
2013.05.17 14:54:24.237,1.05803,1.05821,1.09,3.19
2013.05.17 14:54:27.278,1.058,1.05819,1.69,1.50
2013.05.17 14:54:27.666,1.05801,1.05818,1.50,1.50
2013.05.17 14:54:27.846,1.05804,1.05823,3.90,1.69
2013.05.17 14:54:28.027,1.05806,1.05825,1.09,1.50
2013.05.17 14:54:28.147,1.05805,1.05824,1.69,1.50
2013.05.17 14:54:28.507,1.05801,1.05821,1.50,2.59
2013.05.17 14:54:29.138,1.05802,1.05819,1.50,1.50
2013.05.17 14:54:29.448,1.05811,1.05824,2.25,1.69
2013.05.17 14:54:29.966,1.05811,1.05824,2.25,1.69
2013.05.17 14:54:31.417,1.05807,1.05822,1.50,1.50
2013.05.17 14:54:32.007,1.05804,1.05822,1.84,1.50
2013.05.17 14:54:32.068,1.05804,1.0582,1.84,3.00
2013.05.17 14:54:32.257,1.05794,1.05813,2.44,2.25
2013.05.17 14:54:32.317,1.05792,1.05812,2.44,1.69
2013.05.17 14:54:32.677,1.05787,1.05807,3.94,1.50
2013.05.17 14:54:33.186,1.05788,1.05809,1.69,1.69
2013.05.17 14:54:34.801,1.05788,1.05808,1.69,1.69
2013.05.17 14:54:35.156,1.0579,1.05808,1.09,1.69
2013.05.17 14:54:36.406,1.05792,1.05812,3.00,1.50
2013.05.17 14:54:36.528,1.05795,1.05814,1.65,3.19
2013.05.17 14:54:37.297,1.05794,1.05813,1.50,2.44
2013.05.17 14:54:37.597,1.05792,1.05811,1.69,1.69
2013.05.17 14:54:38.519,1.05791,1.05811,1.69,1.69
2013.05.17 14:54:39.437,1.05791,1.05811,1.69,2.44
2013.05.17 14:54:40.630,1.05793,1.05811,1.84,1.50
2013.05.17 14:54:40.939,1.05801,1.05819,1.65,1.69
2013.05.17 14:54:41.464,1.05799,1.0582,1.50,1.84
2013.05.17 14:54:44.095,1.05801,1.0582,2.25,1.69
2013.05.17 14:54:44.599,1.05801,1.0582,2.44,1.50
2013.05.17 14:54:44.847,1.05804,1.05825,1.09,1.69
2013.05.17 14:54:45.029,1.05807,1.05826,1.69,1.50
2013.05.17 14:54:47.421,1.05808,1.05829,2.44,1.69
2013.05.17 14:54:47.907,1.05808,1.05829,1.69,1.50
2013.05.17 14:54:47.967,1.05809,1.05829,1.84,1.50
2013.05.17 14:54:48.158,1.05809,1.05829,1.84,1.50
2013.05.17 14:54:48.482,1.05808,1.05825,1.50,1.50
2013.05.17 14:54:49.146,1.05807,1.05827,1.09,1.50
2013.05.17 14:54:52.058,1.05808,1.05826,1.69,1.13
2013.05.17 14:54:52.419,1.058,1.05819,2.37,1.65
2013.05.17 14:54:52.616,1.05799,1.05819,4.77,3.15
2013.05.17 14:54:53.373,1.05797,1.05816,3.04,1.50
2013.05.17 14:54:53.662,1.05797,1.05818,2.44,3.34
2013.05.17 14:54:53.787,1.05797,1.05818,1.69,4.84
2013.05.17 14:54:55.566,1.05794,1.05815,2.44,2.25
2013.05.17 14:54:56.264,1.05794,1.05813,1.69,1.50
2013.05.17 14:54:56.448,1.05792,1.05812,2.44,1.50
2013.05.17 14:54:56.516,1.05792,1.05812,1.69,1.65
2013.05.17 14:54:56.582,1.0579,1.05812,2.44,3.90
2013.05.17 14:54:57.067,1.05788,1.05809,2.44,2.25
2013.05.17 14:54:57.488,1.05792,1.05811,1.50,2.25
2013.05.17 14:54:57.727,1.0579,1.05811,2.40,1.50
2013.05.17 14:54:57.999,1.0579,1.05807,1.50,2.40
2013.05.17 14:54:58.127,1.05788,1.05807,2.33,1.50
2013.05.17 14:54:58.246,1.05789,1.05808,1.69,2.25
2013.05.17 14:54:59.488,1.05789,1.05808,1.50,2.25
2013.05.17 14:54:59.607,1.05788,1.05804,1.84,2.10
2013.05.17 14:54:59.788,1.05777,1.05798,3.68,1.50
2013.05.17 14:54:59.966,1.05776,1.05797,1.09,1.50
2013.05.17 14:55:00.027,1.05774,1.05796,3.34,1.65
2013.05.17 14:55:00.086,1.05774,1.05796,1.09,1.65
2013.05.17 14:55:00.266,1.05775,1.05797,1.50,1.65
2013.05.17 14:55:01.987,1.05775,1.05797,1.50,1.65
2013.05.17 14:55:02.692,1.0577,1.05792,2.37,2.40
2013.05.17 14:55:04.657,1.05772,1.05792,3.19,1.65
2013.05.17 14:55:04.958,1.05772,1.05792,1.50,6.57
2013.05.17 14:55:05.076,1.05768,1.05789,1.69,1.65
2013.05.17 14:55:05.387,1.05768,1.05789,1.84,2.25
2013.05.17 14:55:05.626,1.05768,1.05789,2.44,3.90
2013.05.17 14:55:06.108,1.05767,1.05786,1.50,1.50
2013.05.17 14:55:06.298,1.05769,1.05789,1.84,4.43
2013.05.17 14:55:06.610,1.05775,1.05793,1.32,2.25
2013.05.17 14:55:06.739,1.05775,1.05793,1.32,1.50
2013.05.17 14:55:07.287,1.05775,1.05793,1.13,2.25
2013.05.17 14:55:07.799,1.05775,1.05794,1.13,1.50
2013.05.17 14:55:08.348,1.05775,1.05796,1.88,2.25
2013.05.17 14:55:08.876,1.05775,1.05794,1.88,1.50
2013.05.17 14:55:09.347,1.05775,1.05793,1.69,1.50
2013.05.17 14:55:09.806,1.05774,1.05793,1.50,1.50
2013.05.17 14:55:10.167,1.05775,1.05796,1.50,2.40
2013.05.17 14:55:11.117,1.05776,1.05796,1.50,1.65
2013.05.17 14:55:11.193,1.05772,1.05793,1.65,1.69
2013.05.17 14:55:11.699,1.05773,1.05793,1.65,2.44
2013.05.17 14:55:12.016,1.05773,1.05793,1.65,2.44
2013.05.17 14:55:12.997,1.05771,1.05789,2.44,1.09
2013.05.17 14:55:13.356,1.05767,1.05787,1.50,1.69
2013.05.17 14:55:13.858,1.05765,1.05786,1.69,1.09
2013.05.17 14:55:14.036,1.05765,1.05784,1.69,1.09
2013.05.17 14:55:14.576,1.05765,1.05784,1.50,2.59
2013.05.17 14:55:15.107,1.05763,1.05783,1.69,1.69
2013.05.17 14:55:15.416,1.05763,1.05782,1.69,1.50
2013.05.17 14:55:15.538,1.05761,1.0578,1.69,2.25
2013.05.17 14:55:15.659,1.05761,1.0578,2.25,1.69
2013.05.17 14:55:15.729,1.05759,1.0578,1.84,1.69
2013.05.17 14:55:15.799,1.05761,1.05781,1.69,2.44
2013.05.17 14:55:16.109,1.05766,1.05783,1.50,1.65
2013.05.17 14:55:16.176,1.05766,1.05783,1.50,1.50
2013.05.17 14:55:16.656,1.05768,1.05788,1.50,2.59
2013.05.17 14:55:17.497,1.05768,1.05788,1.50,1.69
2013.05.17 14:55:17.678,1.05766,1.05781,2.44,2.25
2013.05.17 14:55:17.978,1.0576,1.05779,1.69,1.84
2013.05.17 14:55:18.278,1.05762,1.0578,1.50,1.50
2013.05.17 14:55:18.346,1.05762,1.05782,2.44,2.25
2013.05.17 14:55:19.088,1.05764,1.05782,1.84,1.50
2013.05.17 14:55:20.084,1.05767,1.05782,2.25,1.50
2013.05.17 14:55:20.163,1.05767,1.05788,2.44,2.44
2013.05.17 14:55:21.154,1.05767,1.05786,2.44,1.50
2013.05.17 14:55:21.277,1.05768,1.05786,1.69,1.50
2013.05.17 14:55:21.578,1.05767,1.05783,2.44,1.13
2013.05.17 14:55:21.889,1.05768,1.05787,1.58,1.09
2013.05.17 14:55:22.077,1.0577,1.0579,1.84,1.24
2013.05.17 14:55:22.716,1.0577,1.05789,1.84,1.09
2013.05.17 14:55:23.334,1.0577,1.05792,1.84,4.32
2013.05.17 14:55:23.577,1.05772,1.05792,2.25,3.57
2013.05.17 14:55:25.226,1.05772,1.05788,2.25,1.13
2013.05.17 14:55:25.791,1.05769,1.05788,1.50,2.07
2013.05.17 14:55:28.187,1.05769,1.05788,3.00,2.07
2013.05.17 14:55:28.247,1.0577,1.05788,1.50,2.07
2013.05.17 14:55:28.454,1.0577,1.05788,1.65,1.84
2013.05.17 14:55:29.597,1.05771,1.0579,1.84,1.09
2013.05.17 14:55:31.927,1.05771,1.05788,1.69,1.13
2013.05.17 14:55:32.167,1.05764,1.05783,3.87,1.13
2013.05.17 14:55:33.209,1.05765,1.05784,1.84,2.40
2013.05.17 14:55:33.340,1.05767,1.05786,2.44,1.88
2013.05.17 14:55:33.647,1.05776,1.05789,1.65,1.50
2013.05.17 14:55:33.707,1.05776,1.05791,2.82,1.50
2013.05.17 14:55:33.769,1.05776,1.05795,3.57,1.09
2013.05.17 14:55:34.017,1.05781,1.05798,3.68,2.40
2013.05.17 14:55:34.321,1.05777,1.05797,3.79,1.13
2013.05.17 14:55:34.570,1.05779,1.05798,3.15,2.59
2013.05.17 14:55:34.817,1.05788,1.05804,1.50,1.65
2013.05.17 14:55:35.608,1.05786,1.05805,1.69,2.63
2013.05.17 14:55:35.917,1.0578,1.05798,1.69,2.40
2013.05.17 14:55:36.276,1.0578,1.05796,1.69,1.13
2013.05.17 14:55:36.337,1.05781,1.058,3.87,1.88
2013.05.17 14:55:36.766,1.05781,1.05796,3.12,1.13
2013.05.17 14:55:36.886,1.05778,1.05796,2.44,1.13
2013.05.17 14:55:37.901,1.05776,1.05795,2.44,1.13
2013.05.17 14:55:39.776,1.05776,1.05794,2.44,1.65
2013.05.17 14:55:41.750,1.05786,1.05799,2.48,3.75
2013.05.17 14:55:41.836,1.05802,1.05818,3.12,1.88
2013.05.17 14:55:41.898,1.05801,1.05818,1.69,1.13
2013.05.17 14:55:41.969,1.05801,1.05822,1.84,1.69
2013.05.17 14:55:42.041,1.05806,1.05822,2.10,1.69
2013.05.17 14:55:42.107,1.05806,1.05823,2.44,3.15
2013.05.17 14:55:42.229,1.05808,1.05829,1.09,1.09
2013.05.17 14:55:42.788,1.05809,1.05829,1.09,1.32
2013.05.17 14:55:43.508,1.05809,1.0583,1.32,1.65
2013.05.17 14:55:43.698,1.05816,1.05834,1.95,1.84
2013.05.17 14:55:44.120,1.05821,1.05839,1.09,2.07
2013.05.17 14:55:44.697,1.05819,1.05837,1.09,1.13
2013.05.17 14:55:45.264,1.05818,1.05837,2.67,1.13
2013.05.17 14:55:48.096,1.05818,1.05837,2.44,1.28
2013.05.17 14:55:48.158,1.05816,1.05833,2.52,1.13
2013.05.17 14:55:48.288,1.05812,1.05827,1.69,1.13
2013.05.17 14:55:48.477,1.05809,1.05827,2.74,1.13
2013.05.17 14:55:49.027,1.05811,1.05827,1.50,1.13
2013.05.17 14:55:49.657,1.05808,1.05827,1.32,1.13
2013.05.17 14:55:50.186,1.0581,1.05827,1.09,1.13
2013.05.17 14:55:50.526,1.05812,1.05829,1.13,2.40
2013.05.17 14:55:50.887,1.05812,1.05829,1.32,2.25
2013.05.17 14:55:50.948,1.05812,1.05829,2.82,1.50
2013.05.17 14:55:51.007,1.05814,1.05832,1.13,3.08
2013.05.17 14:55:51.066,1.05814,1.05834,1.47,1.88
2013.05.17 14:55:51.619,1.05816,1.05834,1.09,1.13
2013.05.17 14:55:52.470,1.05816,1.05834,1.09,1.13
2013.05.17 14:55:55.037,1.05814,1.05833,1.32,2.40
2013.05.17 14:55:56.118,1.05814,1.05831,1.13,1.69
2013.05.17 14:55:56.237,1.05814,1.0583,1.13,1.84
2013.05.17 14:55:56.597,1.05811,1.0583,1.50,2.07
2013.05.17 14:55:57.126,1.05812,1.05829,1.50,1.32
2013.05.17 14:55:57.508,1.05812,1.05829,1.50,1.32
2013.05.17 14:55:58.280,1.05816,1.05831,1.13,1.50
2013.05.17 14:55:58.408,1.05815,1.05833,1.09,2.63
2013.05.17 14:55:58.946,1.05818,1.05835,1.50,2.22
2013.05.17 14:55:59.127,1.05817,1.05836,1.88,1.32
2013.05.17 14:56:00.025,1.05817,1.05836,1.88,1.32
2013.05.17 14:56:00.086,1.05817,1.05836,1.88,1.32
2013.05.17 14:56:00.486,1.05817,1.05836,2.44,1.32
2013.05.17 14:56:02.027,1.05817,1.05834,2.82,1.13
2013.05.17 14:56:02.326,1.05816,1.05833,1.65,2.07
2013.05.17 14:56:02.747,1.05814,1.05833,2.44,3.72
2013.05.17 14:56:02.807,1.05814,1.05833,2.22,3.72
2013.05.17 14:56:03.326,1.05811,1.05831,2.82,1.32
2013.05.17 14:56:04.670,1.0581,1.05829,1.09,1.13
2013.05.17 14:56:05.018,1.05811,1.05831,2.07,1.88
2013.05.17 14:56:06.177,1.05811,1.05829,1.32,3.83
2013.05.17 14:56:06.237,1.0581,1.05829,1.32,3.83
2013.05.17 14:56:06.298,1.0581,1.05829,1.32,2.40
2013.05.17 14:56:06.476,1.0581,1.05827,1.32,2.18
2013.05.17 14:56:06.596,1.05811,1.05829,1.32,2.40
2013.05.17 14:56:06.787,1.0581,1.05829,2.07,2.40
2013.05.17 14:56:07.447,1.05811,1.05829,1.32,2.40
2013.05.17 14:56:07.856,1.05814,1.05829,1.32,2.25
2013.05.17 14:56:08.048,1.05815,1.05834,1.09,1.13
2013.05.17 14:56:08.826,1.05814,1.05834,1.69,1.13
2013.05.17 14:56:10.937,1.05811,1.0583,3.94,1.32
2013.05.17 14:56:11.137,1.05811,1.05828,2.59,1.13
2013.05.17 14:56:12.536,1.05814,1.05828,1.50,1.13
2013.05.17 14:56:12.656,1.05812,1.05828,1.50,1.13
2013.05.17 14:56:18.727,1.05812,1.0583,1.88,1.99
2013.05.17 14:56:18.907,1.05813,1.05831,2.59,2.40
2013.05.17 14:56:19.326,1.05814,1.05831,2.59,1.65
2013.05.17 14:56:19.447,1.05813,1.0583,1.50,1.13
2013.05.17 14:56:19.806,1.05812,1.0583,2.44,1.13
2013.05.17 14:56:21.057,1.05815,1.05832,1.13,3.87
2013.05.17 14:56:21.237,1.05816,1.05834,1.32,1.65
2013.05.17 14:56:21.298,1.05816,1.05836,1.32,2.07
2013.05.17 14:56:22.986,1.05818,1.05837,2.59,1.13
2013.05.17 14:56:23.516,1.05821,1.05837,1.50,1.13
2013.05.17 14:56:24.226,1.05818,1.05837,2.59,1.13
2013.05.17 14:56:24.790,1.05818,1.05837,2.59,1.13
2013.05.17 14:56:25.098,1.05813,1.05829,1.50,1.13
2013.05.17 14:56:25.339,1.05808,1.05826,1.84,1.88
2013.05.17 14:56:25.902,1.05806,1.05823,1.13,1.09
2013.05.17 14:56:26.418,1.05807,1.05824,1.65,1.65
2013.05.17 14:56:26.657,1.05806,1.05822,1.50,2.07
2013.05.17 14:56:26.899,1.05801,1.0582,1.09,1.32
2013.05.17 14:56:27.510,1.05802,1.05822,1.32,3.19
2013.05.17 14:56:27.878,1.05806,1.05824,2.07,1.13
2013.05.17 14:56:28.649,1.05806,1.05828,2.82,2.22
2013.05.17 14:56:28.977,1.05807,1.05825,1.69,1.13
2013.05.17 14:56:29.037,1.05808,1.05825,1.09,1.13
2013.05.17 14:56:29.396,1.05807,1.05825,1.09,1.88
2013.05.17 14:56:29.960,1.05807,1.05825,1.84,1.32
2013.05.17 14:56:30.177,1.05808,1.05826,1.13,2.59
2013.05.17 14:56:30.236,1.05807,1.05825,1.09,2.07
2013.05.17 14:56:30.478,1.05807,1.05825,1.69,1.47
2013.05.17 14:56:30.789,1.05804,1.05821,1.69,1.13
2013.05.17 14:56:30.918,1.05801,1.05821,1.50,1.84
2013.05.17 14:56:30.978,1.058,1.05819,1.09,1.28
2013.05.17 14:56:31.038,1.058,1.05819,1.32,1.05
2013.05.17 14:56:31.288,1.058,1.05819,1.09,1.13
2013.05.17 14:56:35.327,1.05802,1.0582,1.13,1.69
2013.05.17 14:56:35.568,1.05804,1.05822,1.13,1.13
2013.05.17 14:56:35.940,1.05802,1.05821,2.44,1.32
2013.05.17 14:56:36.008,1.05802,1.05821,1.65,2.82
2013.05.17 14:56:36.366,1.05801,1.05819,1.88,1.32
2013.05.17 14:56:36.917,1.05802,1.05819,1.84,1.13
2013.05.17 14:56:36.978,1.05802,1.05819,1.65,1.32
2013.05.17 14:56:37.517,1.05802,1.0582,2.25,2.22
2013.05.17 14:56:37.816,1.05802,1.05821,2.78,1.09
2013.05.17 14:56:39.747,1.05802,1.05821,3.15,1.32
2013.05.17 14:56:40.269,1.05802,1.05821,2.40,1.32
2013.05.17 14:56:40.626,1.05805,1.05822,1.13,1.50
2013.05.17 14:56:40.687,1.05805,1.05824,1.13,1.65
2013.05.17 14:56:40.807,1.05805,1.05823,1.28,1.65
2013.05.17 14:56:41.168,1.05803,1.05821,1.09,1.32
2013.05.17 14:56:42.046,1.05802,1.05821,1.69,2.07
2013.05.17 14:56:42.286,1.058,1.05818,1.09,1.13
2013.05.17 14:56:42.886,1.05798,1.05818,1.84,2.82
2013.05.17 14:56:43.007,1.05802,1.05818,1.13,1.50
2013.05.17 14:56:43.067,1.05802,1.05818,1.50,1.88
2013.05.17 14:56:47.766,1.05797,1.05817,2.97,2.07
2013.05.17 14:56:48.117,1.058,1.05817,1.13,1.69
2013.05.17 14:56:48.298,1.05804,1.05821,1.13,1.84
2013.05.17 14:56:48.358,1.05805,1.05821,1.32,1.50
2013.05.17 14:56:48.538,1.05804,1.05818,1.69,1.13
2013.05.17 14:56:48.608,1.05802,1.05818,1.69,1.13
2013.05.17 14:56:49.097,1.05796,1.05816,3.34,1.13
2013.05.17 14:56:49.162,1.05797,1.05814,1.09,2.25
2013.05.17 14:56:50.140,1.05798,1.05814,1.13,2.25
2013.05.17 14:56:50.378,1.058,1.05818,1.65,2.82
2013.05.17 14:56:51.677,1.05797,1.05816,1.05,1.32
2013.05.17 14:56:51.858,1.05796,1.05816,1.84,1.32
2013.05.17 14:56:52.646,1.05797,1.05816,1.09,1.32
2013.05.17 14:56:54.327,1.05798,1.05818,1.13,2.07
2013.05.17 14:56:55.118,1.058,1.05817,1.65,1.09
2013.05.17 14:56:55.368,1.058,1.05818,1.32,1.09
2013.05.17 14:56:55.488,1.05802,1.05819,1.05,1.84
2013.05.17 14:56:55.979,1.05801,1.05819,2.40,1.88
2013.05.17 14:56:56.047,1.05803,1.05819,1.65,1.88
2013.05.17 14:56:56.230,1.05801,1.05819,1.65,1.13
2013.05.17 14:56:56.478,1.05803,1.05822,2.07,3.49
2013.05.17 14:56:57.036,1.05805,1.05824,1.65,1.32
2013.05.17 14:56:57.101,1.05806,1.05826,2.07,2.82
2013.05.17 14:56:59.694,1.05817,1.05833,1.50,1.13
2013.05.17 14:57:00.117,1.05817,1.05835,1.13,1.50
2013.05.17 14:57:00.237,1.05817,1.05836,2.03,1.69
2013.05.17 14:57:00.358,1.05817,1.05835,1.47,1.50
2013.05.17 14:57:00.538,1.05822,1.05841,1.09,3.57
2013.05.17 14:57:00.658,1.05822,1.05841,2.44,1.69
2013.05.17 14:57:00.718,1.05822,1.05836,1.50,1.13
2013.05.17 14:57:00.836,1.05818,1.05838,1.09,1.32
2013.05.17 14:57:00.902,1.05819,1.05838,1.13,1.09
2013.05.17 14:57:01.148,1.05819,1.05835,1.28,1.50
2013.05.17 14:57:01.510,1.05816,1.05835,1.65,1.13
2013.05.17 14:57:02.017,1.05815,1.05835,1.84,1.32
2013.05.17 14:57:02.546,1.05816,1.05832,1.65,1.05
2013.05.17 14:57:02.848,1.05811,1.05828,3.38,1.13
2013.05.17 14:57:02.907,1.05811,1.05828,1.13,1.13
2013.05.17 14:57:02.966,1.05807,1.05828,1.84,2.07
2013.05.17 14:57:03.027,1.05808,1.05826,1.09,1.13
2013.05.17 14:57:03.266,1.05807,1.05827,2.82,1.32
2013.05.17 14:57:03.388,1.05811,1.05827,1.28,2.18
2013.05.17 14:57:03.566,1.05811,1.05829,1.47,2.59
2013.05.17 14:57:04.307,1.05812,1.05829,1.65,2.59
2013.05.17 14:57:04.367,1.05812,1.05829,1.88,2.44
2013.05.17 14:57:04.608,1.05808,1.05827,1.65,1.32
2013.05.17 14:57:04.730,1.05808,1.05825,2.40,1.13
2013.05.17 14:57:05.273,1.05811,1.05826,1.28,3.68
2013.05.17 14:57:05.457,1.05813,1.05829,1.09,1.65
2013.05.17 14:57:05.911,1.05812,1.05829,2.22,1.50
2013.05.17 14:57:06.407,1.0582,1.05834,1.13,1.69
2013.05.17 14:57:06.707,1.05806,1.05825,2.48,2.40
2013.05.17 14:57:06.767,1.05809,1.05825,1.13,2.44
2013.05.17 14:57:07.126,1.05805,1.05826,2.22,2.07
2013.05.17 14:57:09.465,1.05804,1.0582,1.84,1.50
2013.05.17 14:57:09.767,1.05807,1.05821,1.13,1.50
2013.05.17 14:57:09.887,1.05812,1.05826,1.13,2.25
2013.05.17 14:57:10.008,1.05812,1.05826,1.13,2.25
2013.05.17 14:57:11.001,1.05812,1.05826,1.13,1.50
2013.05.17 14:57:11.307,1.05809,1.05822,2.25,1.65
2013.05.17 14:57:11.367,1.05804,1.05822,1.28,1.65
2013.05.17 14:57:11.487,1.05803,1.0582,1.65,1.13
2013.05.17 14:57:11.853,1.05807,1.05821,1.65,1.50
2013.05.17 14:57:11.938,1.05807,1.05823,1.65,2.40
2013.05.17 14:57:12.627,1.05804,1.05821,1.69,1.50
2013.05.17 14:57:12.876,1.05802,1.05822,4.47,1.09
2013.05.17 14:57:13.238,1.05808,1.05826,2.63,1.09
2013.05.17 14:57:13.308,1.05809,1.05828,1.09,3.19
2013.05.17 14:57:13.489,1.05805,1.05824,1.13,2.18
2013.05.17 14:57:13.558,1.05807,1.05822,1.65,3.12
2013.05.17 14:57:13.738,1.05807,1.05824,1.65,2.40
2013.05.17 14:57:14.447,1.05807,1.05824,1.13,2.25
2013.05.17 14:57:14.627,1.05811,1.05826,1.09,1.13
2013.05.17 14:57:14.959,1.05808,1.05826,1.24,2.63
2013.05.17 14:57:15.088,1.05804,1.05822,1.92,1.32
2013.05.17 14:57:15.267,1.05801,1.05821,3.23,1.50
2013.05.17 14:57:15.327,1.05802,1.0582,1.69,1.13
2013.05.17 14:57:15.879,1.05802,1.05819,1.65,1.13
2013.05.17 14:57:16.418,1.05801,1.05818,1.13,1.65
2013.05.17 14:57:16.657,1.05799,1.05817,1.47,1.13
2013.05.17 14:57:16.788,1.05795,1.05815,2.97,1.13
2013.05.17 14:57:16.967,1.05794,1.05813,1.05,1.13
2013.05.17 14:57:18.289,1.05795,1.05814,2.40,2.63
2013.05.17 14:57:18.361,1.05798,1.05814,1.88,2.40
2013.05.17 14:57:18.908,1.05799,1.05815,1.65,1.65
2013.05.17 14:57:19.096,1.058,1.05817,1.69,1.13
2013.05.17 14:57:19.397,1.05803,1.05821,1.32,1.88
2013.05.17 14:57:20.049,1.05804,1.05821,2.44,1.13
2013.05.17 14:57:20.134,1.05809,1.05821,1.50,1.13
2013.05.17 14:57:20.578,1.05806,1.05819,1.84,2.25
2013.05.17 14:57:20.647,1.05806,1.05824,1.84,1.13
2013.05.17 14:57:21.628,1.05807,1.05826,2.82,2.55
2013.05.17 14:57:22.650,1.05807,1.05826,2.82,1.65
2013.05.17 14:57:22.728,1.05807,1.05824,1.65,1.09
2013.05.17 14:57:23.489,1.05807,1.05824,1.65,1.09
2013.05.17 14:57:24.017,1.0581,1.05826,1.13,1.69
2013.05.17 14:57:24.137,1.05812,1.05829,1.13,1.84
2013.05.17 14:57:24.679,1.05812,1.05831,1.13,2.07
2013.05.17 14:57:26.332,1.05812,1.05829,1.13,1.50
2013.05.17 14:57:26.917,1.05813,1.05829,1.05,1.50
2013.05.17 14:57:26.979,1.05815,1.05832,1.88,1.69
2013.05.17 14:57:27.945,1.05816,1.05835,1.65,2.07
2013.05.17 14:57:28.556,1.05816,1.05835,2.40,2.07
2013.05.17 14:57:29.118,1.05817,1.05835,1.65,2.07
2013.05.17 14:57:29.178,1.05817,1.05835,2.40,1.13
2013.05.17 14:57:29.298,1.05821,1.05837,1.88,1.09
2013.05.17 14:57:29.547,1.0582,1.05838,1.50,1.32
2013.05.17 14:57:29.607,1.05819,1.05838,2.59,2.07
2013.05.17 14:57:30.645,1.05819,1.05837,1.84,1.32
2013.05.17 14:57:31.853,1.05819,1.05838,2.59,2.07
2013.05.17 14:57:32.160,1.05821,1.05838,1.28,1.50
2013.05.17 14:57:33.827,1.05822,1.05838,1.13,1.50
2013.05.17 14:57:34.007,1.05823,1.05841,1.88,1.09
2013.05.17 14:57:35.069,1.05825,1.05842,1.13,1.69
2013.05.17 14:57:35.196,1.05825,1.05844,1.88,1.84
2013.05.17 14:57:35.819,1.05825,1.05844,1.88,1.84
2013.05.17 14:57:36.336,1.05826,1.05844,1.13,1.69
2013.05.17 14:57:37.197,1.05826,1.05841,1.50,1.13
2013.05.17 14:57:37.257,1.05826,1.05842,1.88,1.09
2013.05.17 14:57:37.796,1.05829,1.05844,1.65,1.69
2013.05.17 14:57:38.157,1.05829,1.05844,1.50,2.07
2013.05.17 14:57:39.157,1.05829,1.05846,1.13,1.69
2013.05.17 14:57:39.278,1.05826,1.05842,3.30,1.09
2013.05.17 14:57:39.516,1.05826,1.05843,1.13,1.69
2013.05.17 14:57:40.117,1.05829,1.05847,1.13,3.34
2013.05.17 14:57:40.176,1.05829,1.05847,1.13,1.84
2013.05.17 14:57:40.297,1.05832,1.05848,1.13,4.02
2013.05.17 14:57:40.358,1.05831,1.05848,1.50,1.32
2013.05.17 14:57:40.477,1.05832,1.05849,1.13,1.09
2013.05.17 14:57:40.657,1.05832,1.05851,1.88,1.84
2013.05.17 14:57:40.777,1.05833,1.05851,1.84,1.13
2013.05.17 14:57:40.897,1.05834,1.05853,1.13,2.74
2013.05.17 14:57:41.695,1.05836,1.05855,1.13,1.84
2013.05.17 14:57:42.100,1.05837,1.05855,1.50,1.32
2013.05.17 14:57:42.406,1.05833,1.05846,1.50,1.09
2013.05.17 14:57:42.468,1.05833,1.05846,1.50,1.09
2013.05.17 14:57:42.527,1.05833,1.05846,1.50,1.09
2013.05.17 14:57:46.197,1.05832,1.0585,1.65,1.09
2013.05.17 14:57:46.707,1.05831,1.05849,1.50,1.13
2013.05.17 14:57:49.088,1.05833,1.0585,1.65,1.84
2013.05.17 14:57:49.597,1.05833,1.0585,1.65,1.09
2013.05.17 14:57:49.899,1.05834,1.0585,1.13,1.09
2013.05.17 14:57:50.206,1.05836,1.0585,1.50,1.13
2013.05.17 14:57:51.246,1.05836,1.0585,1.50,1.13
2013.05.17 14:57:55.787,1.05834,1.0585,1.65,1.32
2013.05.17 14:57:56.497,1.05834,1.0585,1.65,1.32
2013.05.17 14:57:56.616,1.0584,1.05852,1.13,1.50
2013.05.17 14:57:56.737,1.05837,1.05854,1.13,2.59
2013.05.17 14:57:56.797,1.05834,1.05852,2.22,1.13
2013.05.17 14:57:57.428,1.05837,1.05854,1.13,1.09
2013.05.17 14:57:58.053,1.0584,1.05855,1.13,3.19
2013.05.17 14:57:58.619,1.05841,1.05859,1.13,3.34
2013.05.17 14:57:58.768,1.05841,1.05859,1.13,1.84
2013.05.17 14:58:00.478,1.05841,1.05857,2.40,1.13
2013.05.17 14:58:00.778,1.05841,1.05859,2.40,2.59
2013.05.17 14:58:00.989,1.05841,1.05859,2.25,2.07
2013.05.17 14:58:02.131,1.05841,1.05859,2.40,1.84
2013.05.17 14:58:03.101,1.05841,1.05859,2.25,1.32
2013.05.17 14:58:03.172,1.0584,1.05856,1.84,1.13
2013.05.17 14:58:03.239,1.05839,1.05853,1.65,1.50
2013.05.17 14:58:03.546,1.05837,1.05852,1.50,1.88
2013.05.17 14:58:04.027,1.05834,1.05852,1.09,1.88
2013.05.17 14:58:04.238,1.05837,1.05853,1.88,1.50
2013.05.17 14:58:04.428,1.0584,1.05857,1.13,1.69
2013.05.17 14:58:04.607,1.05841,1.05855,1.65,1.09
2013.05.17 14:58:05.257,1.05837,1.05854,2.59,1.13
2013.05.17 14:58:05.437,1.05836,1.05852,1.13,1.65
2013.05.17 14:58:05.497,1.05838,1.05852,1.13,1.50
2013.05.17 14:58:06.157,1.05841,1.05856,1.13,1.50
2013.05.17 14:58:06.217,1.05841,1.05856,1.13,1.50
2013.05.17 14:58:06.699,1.0584,1.05854,1.13,1.50
2013.05.17 14:58:07.008,1.05836,1.05849,1.13,1.50
2013.05.17 14:58:07.068,1.05831,1.05848,1.09,1.88
2013.05.17 14:58:07.265,1.05832,1.05851,1.32,1.84
2013.05.17 14:58:07.707,1.05833,1.05852,1.09,2.07
2013.05.17 14:58:07.899,1.05834,1.05853,1.32,1.09
2013.05.17 14:58:08.208,1.05834,1.05852,1.09,1.13
2013.05.17 14:58:08.877,1.05834,1.05852,1.09,2.07
2013.05.17 14:58:10.738,1.05836,1.05852,1.32,1.50
2013.05.17 14:58:11.441,1.05836,1.05851,2.25,1.13
2013.05.17 14:58:11.580,1.05834,1.05852,1.09,1.32
2013.05.17 14:58:11.695,1.05833,1.05852,1.69,1.32
2013.05.17 14:58:11.938,1.05832,1.05852,2.07,2.97
2013.05.17 14:58:12.071,1.05835,1.05853,1.13,2.59
2013.05.17 14:58:12.619,1.05835,1.05853,2.63,1.84
2013.05.17 14:58:12.928,1.05835,1.05853,1.32,1.50
2013.05.17 14:58:12.989,1.05835,1.05854,1.09,2.63
2013.05.17 14:58:13.117,1.05834,1.05854,3.57,2.25
2013.05.17 14:58:13.780,1.05837,1.05856,2.07,1.65
2013.05.17 14:58:14.259,1.05837,1.05856,2.07,2.40
2013.05.17 14:58:14.908,1.05839,1.05856,1.13,1.50
2013.05.17 14:58:15.336,1.05839,1.05857,1.32,1.84
2013.05.17 14:58:16.458,1.0584,1.05859,1.13,2.44
2013.05.17 14:58:16.767,1.0584,1.05859,1.88,3.19
2013.05.17 14:58:16.948,1.0584,1.05859,1.88,2.59
2013.05.17 14:58:17.072,1.0584,1.05853,1.13,1.50
2013.05.17 14:58:17.141,1.05839,1.05855,1.13,1.69
2013.05.17 14:58:17.448,1.05835,1.05853,1.92,1.50
2013.05.17 14:58:17.710,1.05837,1.05853,1.32,1.50
2013.05.17 14:58:22.947,1.05832,1.05848,1.50,1.09
2013.05.17 14:58:23.068,1.0583,1.05848,1.09,1.84
2013.05.17 14:58:23.571,1.0583,1.05848,1.84,1.84
2013.05.17 14:58:23.637,1.0583,1.05846,1.09,1.13
2013.05.17 14:58:23.696,1.05829,1.05846,1.09,1.13
2013.05.17 14:58:26.139,1.05829,1.05846,2.59,1.13
2013.05.17 14:58:26.447,1.05832,1.05849,1.65,1.13
2013.05.17 14:58:26.506,1.05832,1.05849,4.77,1.13
2013.05.17 14:58:26.958,1.05833,1.0585,1.13,2.40
2013.05.17 14:58:29.916,1.05832,1.0585,4.62,1.88
2013.05.17 14:58:30.097,1.05831,1.05849,1.84,1.13
2013.05.17 14:58:30.307,1.05833,1.05849,2.25,1.13
2013.05.17 14:58:30.667,1.05837,1.05849,1.50,1.13
2013.05.17 14:58:32.136,1.05836,1.05852,2.25,1.13
2013.05.17 14:58:32.457,1.05837,1.05854,1.88,1.84
2013.05.17 14:58:32.636,1.05838,1.05856,1.84,1.99
2013.05.17 14:58:32.698,1.0584,1.05856,2.25,1.99
2013.05.17 14:58:33.058,1.05841,1.05858,1.32,1.65
2013.05.17 14:58:33.179,1.0584,1.05856,1.09,1.13
2013.05.17 14:58:34.828,1.05837,1.05853,1.09,1.13
2013.05.17 14:58:35.368,1.05834,1.05853,1.32,1.13
2013.05.17 14:58:35.614,1.05834,1.05852,1.09,1.13
2013.05.17 14:58:36.461,1.05834,1.05851,1.09,1.65
2013.05.17 14:58:36.767,1.05827,1.05844,2.44,1.13
2013.05.17 14:58:37.035,1.05825,1.05844,1.09,1.13
2013.05.17 14:58:37.176,1.05826,1.05845,1.88,1.09
2013.05.17 14:58:37.679,1.05827,1.05844,1.69,1.13
2013.05.17 14:58:38.230,1.05827,1.05844,1.50,1.13
2013.05.17 14:58:38.738,1.05828,1.05846,1.88,2.82
2013.05.17 14:58:40.253,1.0583,1.05846,1.09,1.13
2013.05.17 14:58:41.175,1.05829,1.05847,2.40,1.13
2013.05.17 14:58:41.298,1.05832,1.05848,1.88,1.13
2013.05.17 14:58:41.487,1.05835,1.05853,1.13,4.09
2013.05.17 14:58:42.921,1.05835,1.05853,1.88,1.09
2013.05.17 14:58:43.476,1.05836,1.05853,1.65,1.09
2013.05.17 14:58:43.997,1.05835,1.05851,1.13,1.50
2013.05.17 14:58:44.058,1.05833,1.05848,1.65,1.13
2013.05.17 14:58:44.308,1.05823,1.05842,1.50,1.84
2013.05.17 14:58:44.428,1.05822,1.05842,3.90,2.59
2013.05.17 14:58:44.489,1.05823,1.05842,2.37,1.65
2013.05.17 14:58:44.797,1.05827,1.05845,1.65,1.69
2013.05.17 14:58:45.036,1.05828,1.05845,1.88,1.09
2013.05.17 14:58:46.126,1.05826,1.05842,2.25,1.13
2013.05.17 14:58:46.607,1.05828,1.05844,2.59,1.13
2013.05.17 14:58:46.789,1.05835,1.0585,1.13,1.50
2013.05.17 14:58:46.978,1.05833,1.0585,2.59,1.13
2013.05.17 14:58:47.051,1.05833,1.0585,1.84,1.88
2013.05.17 14:58:47.367,1.0583,1.0585,4.24,2.07
2013.05.17 14:58:47.488,1.05832,1.0585,2.63,1.84
2013.05.17 14:58:47.669,1.05834,1.05852,1.88,1.50
2013.05.17 14:58:47.977,1.05834,1.05852,1.84,1.13
2013.05.17 14:58:48.336,1.05836,1.05854,1.13,2.03
2013.05.17 14:58:48.697,1.05833,1.05849,1.84,1.88
2013.05.17 14:58:51.537,1.05831,1.05849,3.57,1.88
2013.05.17 14:58:53.190,1.0583,1.05845,2.18,1.09
2013.05.17 14:58:53.257,1.05828,1.05846,2.59,1.65
2013.05.17 14:58:53.737,1.0583,1.05846,1.88,1.50
2013.05.17 14:58:54.256,1.05831,1.05849,1.09,1.84
2013.05.17 14:58:54.378,1.0583,1.05846,2.59,1.13
2013.05.17 14:58:55.717,1.0583,1.05846,1.69,1.13
2013.05.17 14:58:55.958,1.05834,1.05852,1.09,2.63
2013.05.17 14:58:56.088,1.05836,1.05853,1.13,1.09
2013.05.17 14:59:00.658,1.05835,1.05853,1.69,1.32
2013.05.17 14:59:03.119,1.05834,1.05848,1.50,2.63
2013.05.17 14:59:05.817,1.05834,1.05845,1.50,1.13
2013.05.17 14:59:07.247,1.05831,1.05845,1.50,1.13
2013.05.17 14:59:09.968,1.05832,1.05848,1.50,3.38
2013.05.17 14:59:10.027,1.05834,1.05848,1.50,2.63
2013.05.17 14:59:10.678,1.05836,1.05848,1.65,2.25
2013.05.17 14:59:11.050,1.05836,1.05854,3.15,1.84
2013.05.17 14:59:11.267,1.05836,1.05852,2.40,2.63
2013.05.17 14:59:11.451,1.05833,1.05848,1.50,1.13
2013.05.17 14:59:11.519,1.05833,1.05851,1.65,2.07
2013.05.17 14:59:12.712,1.0583,1.05848,1.84,2.63
2013.05.17 14:59:13.207,1.05828,1.05845,1.88,1.09
2013.05.17 14:59:13.759,1.05828,1.05845,1.88,1.09
2013.05.17 14:59:14.678,1.05828,1.05844,1.88,1.65
2013.05.17 14:59:15.517,1.05827,1.05844,1.84,1.88
2013.05.17 14:59:21.759,1.05828,1.05844,1.13,1.65
2013.05.17 14:59:22.248,1.05831,1.05849,1.13,1.32
2013.05.17 14:59:23.029,1.0583,1.05849,1.50,1.32
2013.05.17 14:59:23.101,1.05828,1.05848,2.40,2.82
2013.05.17 14:59:25.137,1.05828,1.05848,1.65,3.57
2013.05.17 14:59:25.959,1.05836,1.05848,2.25,1.50
2013.05.17 14:59:26.486,1.0584,1.0585,1.13,2.25
2013.05.17 14:59:26.566,1.0584,1.05858,1.28,1.65
2013.05.17 14:59:26.869,1.05837,1.0585,1.69,1.50
2013.05.17 14:59:26.998,1.05836,1.05847,1.50,1.13
2013.05.17 14:59:27.128,1.05835,1.05847,1.50,1.32
2013.05.17 14:59:27.199,1.05832,1.05847,1.50,2.07
2013.05.17 14:59:27.273,1.05827,1.05842,2.25,1.13
2013.05.17 14:59:27.794,1.05826,1.05839,1.50,1.13
2013.05.17 14:59:27.859,1.05825,1.05837,1.50,1.50
2013.05.17 14:59:27.929,1.0582,1.05836,1.69,1.13
2013.05.17 14:59:27.998,1.05817,1.05833,1.50,3.38
2013.05.17 14:59:28.178,1.05814,1.05831,1.24,1.13
2013.05.17 14:59:28.419,1.05814,1.05833,1.32,2.25
2013.05.17 14:59:28.488,1.05813,1.05831,2.59,1.13
2013.05.17 14:59:28.617,1.05816,1.05833,1.09,2.78
2013.05.17 14:59:28.858,1.05814,1.05832,2.22,1.50
2013.05.17 14:59:29.037,1.05817,1.05835,1.80,1.84
2013.05.17 14:59:29.291,1.05819,1.05836,1.09,1.88
2013.05.17 14:59:29.417,1.0582,1.05838,1.32,1.50
2013.05.17 14:59:29.718,1.05829,1.0584,1.65,2.40
2013.05.17 14:59:30.148,1.05829,1.05844,1.47,2.25
2013.05.17 14:59:30.330,1.05827,1.05843,1.24,1.13
2013.05.17 14:59:30.460,1.05824,1.0584,1.84,1.13
2013.05.17 14:59:30.947,1.05824,1.0584,1.09,1.13
2013.05.17 14:59:31.070,1.05823,1.0584,1.69,1.13
2013.05.17 14:59:32.061,1.05826,1.05843,1.65,2.63
2013.05.17 14:59:32.278,1.05828,1.05844,1.13,2.44
2013.05.17 14:59:32.591,1.05834,1.05844,1.05,1.50
2013.05.17 14:59:32.898,1.05832,1.05844,1.09,1.50
2013.05.17 14:59:33.138,1.0583,1.05844,1.09,1.50
2013.05.17 14:59:33.815,1.05831,1.05848,1.05,2.40
2013.05.17 14:59:34.118,1.05836,1.05848,2.25,2.40
2013.05.17 14:59:34.311,1.05836,1.05854,2.97,1.50
2013.05.17 14:59:34.439,1.05836,1.05851,2.22,1.50
2013.05.17 14:59:34.718,1.05838,1.05857,1.88,1.09
2013.05.17 14:59:35.042,1.05837,1.05854,2.03,1.65
2013.05.17 14:59:35.381,1.05838,1.0585,1.50,1.13
2013.05.17 14:59:35.582,1.05831,1.05849,1.32,1.84
2013.05.17 14:59:35.658,1.05833,1.0585,1.13,1.84
2013.05.17 14:59:35.979,1.05838,1.0585,1.13,1.50
2013.05.17 14:59:36.038,1.05838,1.05855,1.13,3.12
2013.05.17 14:59:36.108,1.05838,1.05856,1.13,3.34
2013.05.17 14:59:36.292,1.05835,1.05852,1.05,1.32
2013.05.17 14:59:36.718,1.05832,1.0585,1.32,1.32
2013.05.17 14:59:37.078,1.05828,1.05843,2.03,1.05
2013.05.17 14:59:37.210,1.05822,1.05843,2.22,1.84
2013.05.17 14:59:37.281,1.05823,1.05843,1.47,2.40
2013.05.17 14:59:37.529,1.05827,1.05845,1.05,1.13
2013.05.17 14:59:37.658,1.05829,1.05844,1.50,1.65
2013.05.17 14:59:38.413,1.0583,1.05847,1.69,1.13
2013.05.17 14:59:38.560,1.05832,1.05848,1.65,1.84
2013.05.17 14:59:38.689,1.0583,1.05848,1.28,1.69
2013.05.17 14:59:39.327,1.05831,1.05847,1.47,1.65
2013.05.17 14:59:39.831,1.05829,1.05847,1.88,1.65
2013.05.17 14:59:40.017,1.05829,1.05846,1.88,1.50
2013.05.17 14:59:40.257,1.05831,1.05847,1.13,1.65
2013.05.17 14:59:40.456,1.05829,1.05846,2.07,2.18
2013.05.17 14:59:40.649,1.05831,1.05847,1.13,1.09
2013.05.17 14:59:40.837,1.05828,1.05847,1.32,2.40
2013.05.17 14:59:40.898,1.05828,1.05847,1.13,1.65
2013.05.17 14:59:41.197,1.0583,1.05848,1.13,3.15
2013.05.17 14:59:41.701,1.05833,1.05848,1.13,2.44
2013.05.17 14:59:42.248,1.05835,1.0585,1.65,2.59
2013.05.17 14:59:42.608,1.0584,1.05855,1.13,1.13
2013.05.17 14:59:42.728,1.05845,1.05859,1.28,1.50
2013.05.17 14:59:42.860,1.05842,1.05861,1.28,1.09
2013.05.17 14:59:42.928,1.05841,1.05861,2.07,1.84
2013.05.17 14:59:42.987,1.05841,1.05861,2.07,2.07
2013.05.17 14:59:43.528,1.0584,1.0586,1.32,1.65
2013.05.17 14:59:44.778,1.05841,1.05859,3.38,1.65
2013.05.17 14:59:44.897,1.05844,1.05859,2.03,1.50
2013.05.17 14:59:45.809,1.05847,1.05861,1.13,1.50
2013.05.17 14:59:46.420,1.05845,1.05861,1.80,1.13
2013.05.17 14:59:48.056,1.05845,1.05863,1.47,1.13
2013.05.17 14:59:48.650,1.05845,1.05863,1.32,1.13
2013.05.17 14:59:48.778,1.05847,1.05864,1.65,2.63
2013.05.17 14:59:49.412,1.05846,1.05864,2.40,2.63
2013.05.17 14:59:49.948,1.05847,1.05864,1.13,2.25
2013.05.17 14:59:50.271,1.05856,1.05869,1.13,2.18
2013.05.17 14:59:50.528,1.05857,1.05874,1.09,1.13
2013.05.17 14:59:50.588,1.05857,1.05873,1.09,1.50
2013.05.17 14:59:50.647,1.05857,1.05873,1.09,1.13
2013.05.17 14:59:50.710,1.05857,1.05871,1.09,1.13
2013.05.17 14:59:50.842,1.05854,1.05872,1.65,1.32
2013.05.17 14:59:51.147,1.05854,1.05872,1.50,1.32
2013.05.17 14:59:51.449,1.05853,1.05869,2.44,1.13
2013.05.17 14:59:51.639,1.0585,1.05866,1.65,1.13
2013.05.17 14:59:52.227,1.05849,1.05866,1.65,1.13
2013.05.17 14:59:52.585,1.05853,1.05868,1.13,1.69
2013.05.17 14:59:52.890,1.05853,1.0587,1.13,1.69
2013.05.17 14:59:53.257,1.05851,1.0587,1.65,1.32
2013.05.17 14:59:53.558,1.05851,1.05861,1.50,1.13
2013.05.17 14:59:53.678,1.05852,1.05862,1.50,1.65
2013.05.17 14:59:54.345,1.05857,1.05869,3.38,1.50
2013.05.17 14:59:54.657,1.0586,1.05877,1.65,1.65
2013.05.17 14:59:54.719,1.05861,1.05878,2.44,1.13
2013.05.17 14:59:54.787,1.05863,1.0588,1.13,1.92
2013.05.17 14:59:54.907,1.05863,1.05881,1.88,1.84
2013.05.17 14:59:55.027,1.05865,1.05882,1.09,1.65
2013.05.17 14:59:55.329,1.05863,1.05878,1.09,1.65
2013.05.17 14:59:55.686,1.05864,1.0588,1.13,1.65
2013.05.17 14:59:55.807,1.05863,1.05881,1.32,2.59
2013.05.17 14:59:55.867,1.05864,1.05881,1.13,1.69
2013.05.17 14:59:55.988,1.05864,1.0588,1.65,1.50
2013.05.17 14:59:56.350,1.05863,1.0588,1.13,2.25
2013.05.17 14:59:56.836,1.05863,1.05877,1.50,1.50
2013.05.17 14:59:57.333,1.05862,1.05879,2.40,1.09
2013.05.17 14:59:57.890,1.05862,1.0588,2.59,1.88
2013.05.17 14:59:58.140,1.05864,1.05881,1.65,1.65
2013.05.17 14:59:58.669,1.05866,1.0588,1.50,1.50
2013.05.17 14:59:59.096,1.05867,1.05883,1.09,2.40
2013.05.17 14:59:59.157,1.05868,1.05883,2.93,2.40
