2017.11.03 03:00:01.952,1.14133,1.14152,3.00,2.62
2017.11.03 03:00:03.084,1.14135,1.14151,1.00,1.25
2017.11.03 03:00:03.615,1.14134,1.14152,1.12,4.12
2017.11.03 03:00:04.028,1.14134,1.14151,1.00,2.00
2017.11.03 03:00:04.232,1.14131,1.14149,2.06,2.06
2017.11.03 03:00:05.242,1.14132,1.14148,1.00,1.25
2017.11.03 03:00:05.684,1.14134,1.14148,1.00,1.25
2017.11.03 03:00:06.747,1.14132,1.14148,1.00,1.25
2017.11.03 03:00:17.362,1.14133,1.14148,1.00,1.69
2017.11.03 03:00:18.078,1.14132,1.14148,1.00,1.25
2017.11.03 03:00:23.170,1.14132,1.14148,1.37,1.25
2017.11.03 03:00:23.695,1.14132,1.14147,1.37,1.25
2017.11.03 03:00:26.663,1.14131,1.14147,1.50,1.19
2017.11.03 03:00:26.766,1.14129,1.14143,1.00,1.25
2017.11.03 03:00:27.194,1.14128,1.14141,1.12,1.19
2017.11.03 03:00:27.692,1.14128,1.14144,1.12,1.31
2017.11.03 03:00:28.413,1.14129,1.14144,1.00,1.31
2017.11.03 03:00:28.956,1.14127,1.14143,1.50,1.25
2017.11.03 03:00:29.753,1.14127,1.14142,1.69,1.00
2017.11.03 03:00:30.501,1.14129,1.14145,1.50,1.50
2017.11.03 03:00:31.010,1.14128,1.14145,1.12,1.69
2017.11.03 03:00:31.542,1.14129,1.14145,1.00,2.44
2017.11.03 03:00:32.384,1.14131,1.14145,1.25,1.50
2017.11.03 03:00:32.487,1.14131,1.14148,1.50,1.25
2017.11.03 03:00:32.782,1.14131,1.14146,1.00,1.19
2017.11.03 03:00:34.052,1.14131,1.14147,1.00,1.19
2017.11.03 03:00:34.663,1.14132,1.14147,1.00,1.19
2017.11.03 03:00:35.436,1.14132,1.14148,1.00,1.00
2017.11.03 03:00:35.981,1.14132,1.14149,1.50,1.00
2017.11.03 03:00:36.748,1.14132,1.14148,2.44,1.00
2017.11.03 03:00:37.668,1.14134,1.14148,1.00,1.00
2017.11.03 03:00:40.440,1.14134,1.14149,1.00,1.00
2017.11.03 03:00:40.975,1.14134,1.14148,1.00,1.00
2017.11.03 03:00:41.719,1.14132,1.14148,3.94,1.25
2017.11.03 03:00:46.738,1.14131,1.14147,2.44,1.19
2017.11.03 03:00:47.291,1.14131,1.14147,1.50,1.19
2017.11.03 03:00:48.498,1.14132,1.14147,1.00,1.19
2017.11.03 03:00:53.265,1.14131,1.14147,1.50,1.19
2017.11.03 03:00:53.874,1.14132,1.14147,1.00,1.19
2017.11.03 03:00:54.165,1.1413,1.14144,1.69,1.19
2017.11.03 03:00:55.015,1.1413,1.14143,1.00,1.19
2017.11.03 03:00:55.220,1.14127,1.14141,1.25,1.25
2017.11.03 03:00:55.425,1.14128,1.14139,1.25,1.25
2017.11.03 03:00:55.579,1.14129,1.14144,1.50,1.25
2017.11.03 03:00:58.667,1.14128,1.14142,1.00,1.25
2017.11.03 03:01:00.219,1.14127,1.14142,1.12,1.25
2017.11.03 03:01:00.834,1.14128,1.14142,2.44,1.25
2017.11.03 03:01:01.353,1.14128,1.14142,1.69,1.25
2017.11.03 03:01:01.923,1.14129,1.14142,1.00,1.25
2017.11.03 03:01:08.102,1.14129,1.14145,1.00,1.31
2017.11.03 03:01:08.153,1.14127,1.14145,1.50,2.06
2017.11.03 03:01:08.204,1.14127,1.14142,1.12,1.00
2017.11.03 03:01:08.723,1.14127,1.14143,1.25,1.25
2017.11.03 03:01:10.433,1.14125,1.14143,3.37,1.25
2017.11.03 03:01:10.740,1.14127,1.14143,1.00,1.75
2017.11.03 03:01:14.207,1.14126,1.14142,1.00,1.69
2017.11.03 03:01:15.328,1.14125,1.14142,2.62,1.69
2017.11.03 03:01:17.099,1.14126,1.14142,1.00,1.69
2017.11.03 03:01:19.206,1.14126,1.1414,1.00,1.25
2017.11.03 03:01:20.843,1.14126,1.1414,1.00,1.19
2017.11.03 03:01:21.960,1.14129,1.14143,1.00,1.19
2017.11.03 03:01:26.311,1.1413,1.14143,1.00,1.19
2017.11.03 03:01:29.933,1.14129,1.14143,1.25,1.19
2017.11.03 03:01:31.953,1.14128,1.14141,1.00,1.25
2017.11.03 03:01:32.756,1.14128,1.14141,1.00,1.19
2017.11.03 03:01:33.520,1.14127,1.14141,1.50,1.19
2017.11.03 03:01:37.638,1.14128,1.14141,1.00,1.19
2017.11.03 03:01:38.431,1.14127,1.14141,1.00,1.19
2017.11.03 03:01:38.942,1.14128,1.14141,1.00,1.19
2017.11.03 03:01:38.995,1.14128,1.14143,1.25,1.69
2017.11.03 03:01:39.047,1.1413,1.14143,1.00,1.19
2017.11.03 03:01:42.273,1.1413,1.14144,1.00,1.25
2017.11.03 03:01:44.158,1.14129,1.14144,1.87,1.25
2017.11.03 03:01:44.989,1.1413,1.14144,1.00,1.25
2017.11.03 03:01:45.716,1.14129,1.14144,1.12,1.25
2017.11.03 03:01:46.242,1.1413,1.14144,1.00,1.25
2017.11.03 03:01:49.359,1.14131,1.14144,1.00,1.25
2017.11.03 03:01:49.512,1.14133,1.14146,1.00,1.69
2017.11.03 03:02:01.333,1.14132,1.14146,1.00,1.19
2017.11.03 03:02:01.843,1.1413,1.14145,2.25,1.19
2017.11.03 03:02:10.033,1.14129,1.14142,1.00,1.19
2017.11.03 03:02:10.566,1.14128,1.14142,1.87,1.19
2017.11.03 03:02:17.684,1.14128,1.14143,1.12,1.19
2017.11.03 03:02:25.764,1.14129,1.14143,1.00,1.19
2017.11.03 03:02:25.816,1.1413,1.14144,1.00,1.25
2017.11.03 03:02:26.345,1.1413,1.14145,2.06,2.06
2017.11.03 03:02:30.396,1.14132,1.14145,1.00,2.06
2017.11.03 03:02:31.232,1.14132,1.14148,3.56,2.06
2017.11.03 03:02:33.506,1.14133,1.14148,1.00,1.31
2017.11.03 03:02:35.956,1.14132,1.14148,2.81,2.06
2017.11.03 03:02:36.948,1.14133,1.14148,1.00,1.31
2017.11.03 03:02:47.437,1.14132,1.14148,1.87,1.31
2017.11.03 03:02:48.775,1.14133,1.14148,1.00,2.06
2017.11.03 03:02:49.405,1.14133,1.14148,1.69,1.31
2017.11.03 03:02:49.798,1.14132,1.14146,2.06,1.25
2017.11.03 03:02:50.399,1.14133,1.14146,1.00,1.25
2017.11.03 03:02:51.554,1.14131,1.14146,3.00,1.25
2017.11.03 03:03:00.607,1.14133,1.14146,1.00,1.25
2017.11.03 03:03:04.795,1.14131,1.14146,2.44,1.25
2017.11.03 03:03:05.445,1.14131,1.14146,2.25,1.25
2017.11.03 03:03:06.402,1.14133,1.14146,1.00,1.25
2017.11.03 03:03:06.903,1.14133,1.14148,1.50,1.69
2017.11.03 03:03:07.564,1.14132,1.14148,1.87,1.69
2017.11.03 03:03:09.318,1.14133,1.14148,1.00,1.69
2017.11.03 03:03:09.858,1.14133,1.14149,1.00,1.69
2017.11.03 03:03:10.256,1.14133,1.14148,1.00,1.69
2017.11.03 03:03:10.801,1.14132,1.14148,1.69,1.69
2017.11.03 03:03:28.402,1.14132,1.14147,1.87,1.19
2017.11.03 03:03:28.958,1.14132,1.14147,1.87,1.19
2017.11.03 03:03:29.759,1.14132,1.14147,1.87,1.19
2017.11.03 03:03:46.299,1.14134,1.14149,1.00,1.69
2017.11.03 03:03:48.129,1.14132,1.14149,2.25,1.69
2017.11.03 03:03:48.738,1.14133,1.14149,1.00,1.69
2017.11.03 03:03:51.515,1.14134,1.14149,1.00,1.69
2017.11.03 03:03:55.461,1.14133,1.14146,1.00,1.19
2017.11.03 03:04:04.298,1.14132,1.14146,1.12,1.19
2017.11.03 03:04:04.835,1.14133,1.14146,1.00,1.19
2017.11.03 03:04:06.247,1.14131,1.14146,2.44,1.19
2017.11.03 03:04:06.554,1.14129,1.14144,1.12,1.19
2017.11.03 03:04:11.599,1.14131,1.14144,1.50,1.19
2017.11.03 03:04:12.096,1.1413,1.14146,3.19,1.19
2017.11.03 03:04:24.678,1.14133,1.14146,1.00,1.19
2017.11.03 03:04:26.114,1.14132,1.14146,1.12,1.19
2017.11.03 03:04:30.401,1.14132,1.14147,1.87,1.19
2017.11.03 03:04:31.397,1.14132,1.14147,1.87,1.19
2017.11.03 03:04:32.160,1.14134,1.14147,1.00,1.19
2017.11.03 03:04:32.674,1.14133,1.14147,1.31,1.19
2017.11.03 03:04:34.051,1.14134,1.14147,1.00,1.19
2017.11.03 03:04:34.502,1.14132,1.14144,3.37,1.25
2017.11.03 03:04:42.067,1.14134,1.14144,1.00,1.25
2017.11.03 03:04:42.991,1.14134,1.14147,1.00,1.19
2017.11.03 03:04:43.985,1.14133,1.14147,3.37,1.19
2017.11.03 03:04:46.570,1.14133,1.14146,1.00,1.19
2017.11.03 03:04:47.707,1.14133,1.14146,1.00,1.25
2017.11.03 03:04:48.224,1.14133,1.14146,1.50,1.19
2017.11.03 03:04:56.123,1.14134,1.14146,1.00,1.19
2017.11.03 03:04:56.817,1.14133,1.14146,1.00,1.19
2017.11.03 03:04:58.121,1.14132,1.14146,1.00,1.19
2017.11.03 03:04:58.869,1.14131,1.14146,1.00,1.19
2017.11.03 03:05:03.204,1.14131,1.14146,3.00,1.19
2017.11.03 03:05:05.136,1.14131,1.14147,3.00,1.19
2017.11.03 03:05:18.381,1.14133,1.14147,1.12,1.19
2017.11.03 03:05:32.547,1.14133,1.14149,2.62,1.31
2017.11.03 03:05:34.547,1.14134,1.1415,1.00,1.69
2017.11.03 03:05:38.679,1.14133,1.1415,1.50,1.31
2017.11.03 03:05:38.731,1.14135,1.14149,1.00,1.00
2017.11.03 03:05:38.834,1.14136,1.14152,1.50,1.25
2017.11.03 03:05:39.358,1.14137,1.14152,1.00,1.25
2017.11.03 03:05:39.576,1.14135,1.14153,3.00,1.69
2017.11.03 03:05:40.185,1.14136,1.14152,1.50,1.00
2017.11.03 03:05:40.847,1.14137,1.14152,1.00,1.00
2017.11.03 03:05:42.448,1.14136,1.14151,1.00,1.00
2017.11.03 03:05:42.551,1.14135,1.1415,1.00,1.19
2017.11.03 03:05:42.604,1.14133,1.1415,1.12,2.00
2017.11.03 03:05:42.706,1.1413,1.14145,1.50,1.19
2017.11.03 03:05:43.014,1.14135,1.14149,1.50,1.37
2017.11.03 03:05:43.198,1.14137,1.14152,1.00,1.31
2017.11.03 03:05:43.916,1.14137,1.14152,1.00,1.12
2017.11.03 03:05:44.449,1.14137,1.14151,1.00,1.00
2017.11.03 03:05:47.876,1.14136,1.14151,1.31,1.00
2017.11.03 03:05:52.686,1.14136,1.14152,1.31,1.12
2017.11.03 03:05:53.212,1.14136,1.14151,1.31,1.00
2017.11.03 03:05:53.765,1.14136,1.14152,1.31,1.12
2017.11.03 03:05:58.382,1.14137,1.14153,1.12,1.12
2017.11.03 03:06:00.350,1.1414,1.14154,1.00,1.50
2017.11.03 03:06:00.452,1.1414,1.14156,1.69,1.00
2017.11.03 03:06:00.555,1.14137,1.14156,2.06,2.44
2017.11.03 03:06:00.657,1.14137,1.14156,1.87,2.62
2017.11.03 03:06:02.347,1.14137,1.14149,1.37,1.00
2017.11.03 03:06:02.706,1.1413,1.14149,2.44,1.31
2017.11.03 03:06:03.295,1.1413,1.14148,2.44,1.00
2017.11.03 03:06:04.667,1.14131,1.1415,1.31,2.25
2017.11.03 03:06:18.371,1.14131,1.1415,2.81,1.69
2017.11.03 03:06:23.992,1.14131,1.14149,1.62,2.06
2017.11.03 03:06:24.512,1.14131,1.1415,2.06,1.50
2017.11.03 03:06:51.156,1.14132,1.1415,2.81,1.75
2017.11.03 03:06:58.415,1.14133,1.1415,1.25,1.50
2017.11.03 03:07:09.424,1.14133,1.1415,1.19,1.50
2017.11.03 03:07:14.237,1.14132,1.1415,1.69,1.50
2017.11.03 03:07:14.838,1.14132,1.1415,1.69,1.50
2017.11.03 03:07:17.137,1.14132,1.1415,1.69,1.50
2017.11.03 03:07:17.723,1.14133,1.1415,1.25,1.50
2017.11.03 03:07:26.048,1.14133,1.14149,1.19,1.00
2017.11.03 03:07:28.222,1.14132,1.14149,2.06,1.50
2017.11.03 03:07:28.870,1.14133,1.14149,1.19,1.00
2017.11.03 03:07:29.563,1.14136,1.14152,1.19,1.50
2017.11.03 03:07:29.667,1.14135,1.14152,1.25,3.37
2017.11.03 03:07:31.645,1.14135,1.14152,1.00,3.37
2017.11.03 03:07:35.935,1.14134,1.14151,1.50,1.25
2017.11.03 03:07:36.543,1.14135,1.14151,1.00,1.25
2017.11.03 03:07:38.419,1.14134,1.14151,1.50,1.12
2017.11.03 03:07:46.552,1.14135,1.14152,1.00,2.44
2017.11.03 03:07:54.437,1.14135,1.14152,1.00,3.19
2017.11.03 03:07:58.415,1.14134,1.14151,1.00,1.69
2017.11.03 03:08:03.506,1.14135,1.14151,1.00,1.69
2017.11.03 03:08:03.870,1.14137,1.1415,1.00,1.12
2017.11.03 03:08:04.191,1.14138,1.14156,1.00,3.37
2017.11.03 03:08:10.297,1.14137,1.14155,1.12,1.94
2017.11.03 03:08:12.592,1.14137,1.14154,2.25,1.50
2017.11.03 03:08:18.611,1.14137,1.14154,3.00,1.50
2017.11.03 03:08:19.177,1.14138,1.14154,1.19,1.50
2017.11.03 03:08:23.191,1.14137,1.14154,3.37,1.12
2017.11.03 03:08:38.399,1.14137,1.14153,2.44,1.37
2017.11.03 03:08:39.391,1.14138,1.14153,1.19,1.37
2017.11.03 03:08:54.409,1.14138,1.14152,1.19,1.12
2017.11.03 03:08:58.364,1.14139,1.14153,1.25,1.12
2017.11.03 03:09:09.508,1.14138,1.14154,1.19,1.37
2017.11.03 03:09:11.430,1.14138,1.14154,1.00,1.37
2017.11.03 03:09:12.618,1.14139,1.14154,1.00,1.37
2017.11.03 03:09:18.415,1.14139,1.14152,1.50,1.00
2017.11.03 03:09:21.876,1.14138,1.14153,1.00,1.12
2017.11.03 03:09:22.414,1.14138,1.14152,1.00,1.00
2017.11.03 03:09:23.391,1.14138,1.14153,1.00,1.12
2017.11.03 03:09:24.039,1.14138,1.14152,1.00,1.00
2017.11.03 03:09:24.293,1.14136,1.14152,3.19,1.00
2017.11.03 03:09:24.832,1.14137,1.14152,1.25,1.00
2017.11.03 03:09:25.486,1.14137,1.14153,1.50,1.12
2017.11.03 03:09:27.211,1.14137,1.14152,1.12,1.00
2017.11.03 03:09:27.263,1.1414,1.14155,1.00,2.00
2017.11.03 03:09:27.520,1.14141,1.14155,1.00,1.00
2017.11.03 03:09:27.673,1.14142,1.14157,1.00,1.25
2017.11.03 03:09:27.726,1.14141,1.14155,1.00,1.00
2017.11.03 03:09:28.227,1.14141,1.14157,1.00,1.50
2017.11.03 03:09:37.697,1.1414,1.14157,1.69,1.50
2017.11.03 03:09:56.433,1.14141,1.14157,1.00,1.50
2017.11.03 03:09:56.485,1.14141,1.14154,1.00,1.00
2017.11.03 03:09:59.313,1.14141,1.14155,1.00,1.12
2017.11.03 03:10:03.293,1.1414,1.14155,1.00,1.12
2017.11.03 03:10:05.427,1.14139,1.14155,2.06,1.12
2017.11.03 03:10:05.733,1.14137,1.1415,1.44,1.12
2017.11.03 03:10:05.937,1.14137,1.14155,1.31,3.75
2017.11.03 03:10:06.314,1.14135,1.14151,1.25,1.50
2017.11.03 03:10:07.011,1.14135,1.14149,1.69,1.00
2017.11.03 03:10:07.553,1.14136,1.1415,1.00,1.12
2017.11.03 03:10:08.887,1.14134,1.14149,1.44,1.00
2017.11.03 03:10:09.397,1.14134,1.1415,1.25,1.12
2017.11.03 03:10:11.788,1.14134,1.14149,1.12,1.00
2017.11.03 03:10:13.323,1.14134,1.1415,1.25,1.12
2017.11.03 03:10:15.548,1.14134,1.14149,1.25,1.00
2017.11.03 03:10:16.499,1.14134,1.14149,1.19,1.00
2017.11.03 03:10:17.287,1.14134,1.1415,1.00,1.12
2017.11.03 03:10:20.857,1.14134,1.14149,1.00,1.00
2017.11.03 03:10:23.213,1.14134,1.14148,1.00,1.00
2017.11.03 03:10:23.800,1.14134,1.14149,1.00,1.50
2017.11.03 03:10:36.757,1.14132,1.14149,2.06,1.50
2017.11.03 03:10:37.813,1.14133,1.14148,1.00,1.00
2017.11.03 03:10:38.372,1.14134,1.14148,1.00,1.00
2017.11.03 03:10:38.424,1.14134,1.1415,1.00,1.25
2017.11.03 03:10:41.526,1.14135,1.1415,1.00,1.25
2017.11.03 03:10:46.379,1.14133,1.1415,2.25,1.25
2017.11.03 03:10:58.401,1.14133,1.14152,2.25,1.50
2017.11.03 03:11:03.431,1.14134,1.14151,2.06,1.00
2017.11.03 03:11:05.224,1.14139,1.14152,1.00,1.12
2017.11.03 03:11:05.428,1.14139,1.14154,1.00,1.00
2017.11.03 03:11:05.531,1.14141,1.14153,1.00,1.00
2017.11.03 03:11:05.679,1.14141,1.14155,1.00,1.00
2017.11.03 03:11:11.740,1.14141,1.14156,1.12,1.00
2017.11.03 03:11:12.295,1.14142,1.14156,1.00,1.00
2017.11.03 03:11:15.868,1.14141,1.14156,1.12,1.00
2017.11.03 03:11:16.460,1.14142,1.14156,1.00,1.00
2017.11.03 03:11:17.009,1.14142,1.14157,1.00,1.12
2017.11.03 03:11:19.321,1.14143,1.14159,1.69,1.69
2017.11.03 03:11:19.372,1.14146,1.14161,1.00,1.87
2017.11.03 03:11:19.731,1.14147,1.14163,1.00,1.00
2017.11.03 03:11:21.818,1.14147,1.14164,1.50,1.25
2017.11.03 03:11:23.611,1.14147,1.14164,1.50,1.19
2017.11.03 03:11:25.306,1.14148,1.14164,1.00,1.69
2017.11.03 03:11:27.053,1.14147,1.14164,1.00,1.19
2017.11.03 03:11:27.600,1.14148,1.14164,1.00,1.69
2017.11.03 03:11:31.586,1.14146,1.14162,1.00,2.44
2017.11.03 03:11:31.688,1.14144,1.1416,1.12,1.00
2017.11.03 03:11:31.790,1.14144,1.14158,1.12,1.00
2017.11.03 03:11:32.620,1.14142,1.14159,1.00,2.44
2017.11.03 03:11:35.131,1.14141,1.14158,1.12,1.81
2017.11.03 03:11:35.695,1.14141,1.14158,1.12,1.81
2017.11.03 03:11:46.296,1.14138,1.14155,3.00,1.50
2017.11.03 03:11:46.348,1.14137,1.14151,1.69,1.00
2017.11.03 03:11:46.581,1.14139,1.14154,1.00,1.12
2017.11.03 03:11:46.685,1.14141,1.14158,1.31,1.69
2017.11.03 03:11:47.188,1.14142,1.14157,1.00,1.12
2017.11.03 03:11:47.801,1.14141,1.14158,1.31,1.69
2017.11.03 03:11:47.954,1.14141,1.14158,1.31,1.69
2017.11.03 03:11:57.000,1.1414,1.14158,2.25,3.94
2017.11.03 03:12:04.293,1.14141,1.14158,1.00,2.81
2017.11.03 03:12:18.408,1.14139,1.14157,1.87,1.56
2017.11.03 03:12:23.216,1.14137,1.14152,1.75,1.00
2017.11.03 03:12:23.268,1.14137,1.14152,1.00,1.00
2017.11.03 03:12:23.371,1.14136,1.14152,1.00,1.69
2017.11.03 03:12:23.627,1.14134,1.14149,1.25,1.31
2017.11.03 03:12:24.137,1.14133,1.1415,1.12,1.69
2017.11.03 03:12:30.310,1.14134,1.1415,1.00,1.69
2017.11.03 03:12:31.155,1.14135,1.1415,1.00,1.69
2017.11.03 03:12:34.921,1.14133,1.14149,1.12,2.06
2017.11.03 03:12:35.549,1.14132,1.14149,1.50,2.81
2017.11.03 03:12:35.806,1.1413,1.14146,1.00,1.69
2017.11.03 03:12:36.064,1.14133,1.14145,1.00,1.12
2017.11.03 03:12:36.118,1.14134,1.1415,1.00,1.94
2017.11.03 03:12:36.274,1.14132,1.1415,1.12,1.94
2017.11.03 03:12:39.372,1.14132,1.14149,1.87,1.69
2017.11.03 03:12:39.526,1.14134,1.14149,1.00,1.69
2017.11.03 03:12:39.881,1.14131,1.14146,1.00,1.31
2017.11.03 03:12:40.391,1.1413,1.14146,1.00,1.31
2017.11.03 03:12:43.697,1.14129,1.14145,1.50,1.19
2017.11.03 03:12:44.197,1.14127,1.14143,1.00,1.50
2017.11.03 03:12:45.771,1.14132,1.14143,1.00,1.50
2017.11.03 03:12:46.083,1.14135,1.14146,1.00,1.00
2017.11.03 03:12:47.047,1.14135,1.14147,1.00,1.00
2017.11.03 03:12:57.697,1.14133,1.14147,1.00,1.00
2017.11.03 03:13:02.368,1.14134,1.14147,1.00,1.00
2017.11.03 03:13:03.214,1.14134,1.14149,1.00,1.62
2017.11.03 03:13:11.609,1.14133,1.14149,1.00,1.62
2017.11.03 03:13:12.292,1.14131,1.14148,1.87,1.00
2017.11.03 03:13:13.332,1.1413,1.14146,1.00,1.50
2017.11.03 03:13:13.905,1.1413,1.14145,1.12,1.00
2017.11.03 03:13:17.494,1.14129,1.14145,1.00,1.00
2017.11.03 03:13:38.372,1.14129,1.14145,1.69,1.62
2017.11.03 03:13:41.304,1.14129,1.14144,1.44,1.12
2017.11.03 03:13:41.409,1.14131,1.14147,2.06,1.12
2017.11.03 03:13:41.949,1.14132,1.14147,1.00,1.31
2017.11.03 03:13:42.451,1.14131,1.14148,1.12,2.06
2017.11.03 03:13:47.761,1.14132,1.14149,1.00,2.44
2017.11.03 03:13:48.475,1.14133,1.14149,1.50,2.44
2017.11.03 03:13:49.130,1.14133,1.1415,1.12,1.87
2017.11.03 03:14:18.425,1.14132,1.14148,1.69,1.25
2017.11.03 03:14:24.523,1.14132,1.14148,1.69,1.19
2017.11.03 03:14:24.899,1.14132,1.14149,1.25,1.31
2017.11.03 03:14:25.444,1.14132,1.14148,2.06,1.00
2017.11.03 03:14:26.946,1.14133,1.14148,1.00,1.00
2017.11.03 03:14:31.602,1.14133,1.14149,1.00,1.12
2017.11.03 03:14:32.409,1.14133,1.14148,1.00,1.00
2017.11.03 03:14:33.233,1.14134,1.14149,1.00,1.12
2017.11.03 03:14:33.284,1.14132,1.14149,1.25,1.87
2017.11.03 03:14:39.845,1.14132,1.14149,1.00,2.44
2017.11.03 03:14:40.510,1.14133,1.14149,1.00,2.44
2017.11.03 03:14:52.296,1.14133,1.14149,1.00,1.50
2017.11.03 03:14:54.987,1.14133,1.14148,1.00,1.00
2017.11.03 03:14:58.399,1.14133,1.14149,1.87,1.12
2017.11.03 03:15:00.997,1.14133,1.14147,1.12,1.19
2017.11.03 03:15:18.430,1.14132,1.14148,1.00,1.19
2017.11.03 03:15:21.007,1.14134,1.14149,1.00,1.19
2017.11.03 03:15:21.270,1.14132,1.14148,1.00,1.25
2017.11.03 03:15:21.941,1.14133,1.14149,1.00,1.69
2017.11.03 03:15:27.097,1.14131,1.14149,2.25,1.69
2017.11.03 03:15:35.353,1.14132,1.14148,1.69,1.00
2017.11.03 03:15:35.910,1.14132,1.14149,1.00,1.69
2017.11.03 03:15:36.185,1.14134,1.14149,1.00,1.25
2017.11.03 03:15:36.647,1.14134,1.14151,1.50,1.87
2017.11.03 03:15:37.553,1.14134,1.1415,1.00,1.19
2017.11.03 03:15:41.184,1.14133,1.14151,1.87,1.31
2017.11.03 03:15:48.989,1.14134,1.14151,1.00,1.31
2017.11.03 03:16:08.437,1.14133,1.14151,1.87,2.06
2017.11.03 03:16:08.991,1.14134,1.14151,1.00,2.06
2017.11.03 03:16:12.146,1.14133,1.14151,1.12,2.06
2017.11.03 03:16:18.407,1.14133,1.14151,1.37,1.56
2017.11.03 03:16:24.402,1.14133,1.14151,1.37,1.56
2017.11.03 03:16:25.135,1.14133,1.14151,1.37,1.56
2017.11.03 03:16:34.546,1.14135,1.14151,1.00,1.19
2017.11.03 03:16:34.650,1.14135,1.14151,1.00,1.25
2017.11.03 03:16:35.054,1.14135,1.14151,1.00,1.69
2017.11.03 03:16:38.245,1.14134,1.14152,1.50,1.69
2017.11.03 03:16:39.067,1.14135,1.14151,1.00,1.19
2017.11.03 03:16:40.045,1.14134,1.14152,2.25,2.44
2017.11.03 03:16:40.701,1.14135,1.14151,1.00,1.19
2017.11.03 03:16:44.256,1.14134,1.14152,2.25,2.44
2017.11.03 03:16:46.469,1.14135,1.14151,1.00,1.19
2017.11.03 03:16:47.106,1.14134,1.14152,1.50,4.12
2017.11.03 03:16:49.811,1.14135,1.14151,1.00,1.31
2017.11.03 03:16:50.137,1.1413,1.14146,1.57,1.19
2017.11.03 03:16:50.189,1.14129,1.14145,1.00,1.25
2017.11.03 03:16:50.292,1.1413,1.14145,1.00,1.19
2017.11.03 03:16:50.344,1.14127,1.14143,1.69,1.25
2017.11.03 03:17:14.813,1.14127,1.14143,1.87,1.50
2017.11.03 03:17:15.495,1.14128,1.14142,1.00,1.12
2017.11.03 03:17:29.895,1.14127,1.14142,1.00,1.31
2017.11.03 03:17:30.120,1.14128,1.14143,1.00,1.25
2017.11.03 03:17:30.223,1.14131,1.14146,1.00,1.19
2017.11.03 03:17:30.274,1.14133,1.14148,1.00,1.69
2017.11.03 03:17:30.429,1.14131,1.14147,1.25,1.31
2017.11.03 03:17:30.480,1.14131,1.14148,2.25,1.69
2017.11.03 03:17:30.532,1.14133,1.1415,2.62,1.94
2017.11.03 03:17:30.635,1.14133,1.1415,3.00,1.69
2017.11.03 03:17:31.307,1.14133,1.14151,1.12,3.94
2017.11.03 03:17:32.409,1.14132,1.14147,1.00,1.00
2017.11.03 03:17:32.461,1.14131,1.14147,1.50,1.19
2017.11.03 03:17:35.874,1.14132,1.14147,1.50,1.00
2017.11.03 03:17:35.926,1.14134,1.1415,1.00,1.56
2017.11.03 03:17:40.321,1.14135,1.1415,1.00,1.56
2017.11.03 03:17:41.453,1.14133,1.14151,1.12,2.44
2017.11.03 03:17:41.938,1.14133,1.1415,1.87,2.06
2017.11.03 03:17:43.902,1.14132,1.14149,1.37,1.31
2017.11.03 03:17:44.004,1.1413,1.14148,1.31,1.69
2017.11.03 03:17:44.511,1.14131,1.14147,1.25,1.62
2017.11.03 03:17:48.278,1.14132,1.14149,1.69,2.00
2017.11.03 03:17:48.431,1.1413,1.14147,1.12,1.56
2017.11.03 03:17:48.586,1.14128,1.14144,1.50,1.19
2017.11.03 03:17:50.100,1.14129,1.14144,1.50,1.19
2017.11.03 03:17:51.697,1.14129,1.14144,1.87,1.19
2017.11.03 03:17:56.141,1.14129,1.14144,1.00,1.19
2017.11.03 03:17:56.675,1.14128,1.14144,1.50,1.19
2017.11.03 03:17:58.920,1.14126,1.14144,1.50,1.69
2017.11.03 03:17:59.226,1.14131,1.14147,1.00,2.44
2017.11.03 03:17:59.533,1.14133,1.14149,2.25,2.44
2017.11.03 03:18:01.232,1.14132,1.14147,1.75,1.19
2017.11.03 03:18:03.157,1.14132,1.14148,1.75,1.69
2017.11.03 03:18:03.930,1.14131,1.14145,1.00,1.19
2017.11.03 03:18:04.033,1.14128,1.14145,2.25,2.06
2017.11.03 03:18:09.167,1.14129,1.14146,1.00,1.69
2017.11.03 03:18:09.269,1.1413,1.14147,1.50,1.44
2017.11.03 03:18:21.242,1.14131,1.14146,1.37,1.19
2017.11.03 03:18:21.294,1.14131,1.14148,1.37,2.06
2017.11.03 03:18:21.499,1.1413,1.14146,1.50,1.25
2017.11.03 03:18:22.046,1.14131,1.14146,1.37,1.69
2017.11.03 03:18:31.223,1.14127,1.14143,1.87,1.25
2017.11.03 03:18:31.275,1.14131,1.14146,1.00,1.87
2017.11.03 03:18:31.428,1.14127,1.14144,1.37,1.00
2017.11.03 03:18:31.480,1.14126,1.14142,1.50,1.25
2017.11.03 03:18:31.532,1.14126,1.14142,1.00,1.31
2017.11.03 03:18:32.079,1.14125,1.14142,1.50,2.25
2017.11.03 03:18:32.947,1.14125,1.14142,1.50,2.25
2017.11.03 03:18:33.619,1.14125,1.14142,1.50,2.25
2017.11.03 03:18:34.131,1.14127,1.14143,1.00,1.19
2017.11.03 03:18:34.438,1.14129,1.14145,1.00,3.94
2017.11.03 03:18:34.490,1.1413,1.14145,1.00,2.25
2017.11.03 03:18:34.542,1.14127,1.14144,1.00,1.19
2017.11.03 03:18:34.796,1.1413,1.14146,1.87,1.31
2017.11.03 03:18:34.849,1.14132,1.14148,1.00,2.62
2017.11.03 03:18:35.539,1.14133,1.14149,1.00,1.19
2017.11.03 03:18:36.312,1.14132,1.14149,2.62,1.19
2017.11.03 03:18:36.632,1.14128,1.14145,1.00,1.87
2017.11.03 03:18:37.221,1.14127,1.14145,2.25,1.69
2017.11.03 03:18:37.581,1.1413,1.14146,1.50,1.25
2017.11.03 03:18:37.633,1.14133,1.14147,1.00,1.50
2017.11.03 03:18:38.152,1.14133,1.1415,1.37,1.50
2017.11.03 03:18:40.277,1.14131,1.14148,1.87,1.12
2017.11.03 03:18:40.854,1.14132,1.14147,1.00,1.69
2017.11.03 03:18:41.662,1.14131,1.14147,1.12,1.69
2017.11.03 03:18:42.196,1.14132,1.14147,1.00,1.69
2017.11.03 03:18:42.866,1.14132,1.14147,1.00,1.25
2017.11.03 03:18:43.163,1.14133,1.14147,1.00,1.31
2017.11.03 03:18:43.217,1.14133,1.14149,1.50,2.06
2017.11.03 03:18:43.269,1.14136,1.14151,1.00,1.69
2017.11.03 03:18:44.001,1.14135,1.14151,1.50,1.44
2017.11.03 03:18:45.382,1.14136,1.14151,1.00,1.44
2017.11.03 03:18:45.879,1.14138,1.14154,1.00,1.87
2017.11.03 03:18:46.083,1.14137,1.14153,3.37,1.00
2017.11.03 03:18:46.811,1.14138,1.14154,1.50,1.56
2017.11.03 03:18:48.248,1.14137,1.14155,1.87,1.87
2017.11.03 03:18:49.350,1.14138,1.14155,1.00,1.87
2017.11.03 03:18:54.008,1.14137,1.14155,1.87,1.87
2017.11.03 03:18:55.152,1.14138,1.14153,1.00,1.00
2017.11.03 03:18:55.762,1.14137,1.14155,1.12,1.87
2017.11.03 03:18:55.813,1.14142,1.14154,1.00,1.62
2017.11.03 03:18:55.916,1.14143,1.14158,1.00,1.25
2017.11.03 03:18:56.070,1.14142,1.14157,1.50,1.44
2017.11.03 03:18:56.320,1.1414,1.14157,1.12,1.50
2017.11.03 03:18:56.423,1.14137,1.14153,1.12,1.19
2017.11.03 03:19:02.464,1.14138,1.14153,1.00,1.19
2017.11.03 03:19:02.974,1.14138,1.14153,1.00,1.69
2017.11.03 03:19:04.524,1.14138,1.14153,1.00,1.37
2017.11.03 03:19:05.069,1.14139,1.14155,1.00,1.87
2017.11.03 03:19:05.615,1.14139,1.14156,1.00,1.87
2017.11.03 03:19:06.122,1.14138,1.14156,1.00,3.00
2017.11.03 03:19:06.672,1.14137,1.14152,1.12,1.25
2017.11.03 03:19:06.774,1.14136,1.14155,2.44,2.06
2017.11.03 03:19:06.994,1.14134,1.14152,3.00,2.25
2017.11.03 03:19:07.047,1.14134,1.14151,1.12,2.44
2017.11.03 03:19:07.201,1.14136,1.14152,1.00,1.69
2017.11.03 03:19:07.252,1.14136,1.14153,1.00,2.06
2017.11.03 03:19:07.458,1.14134,1.1415,1.50,1.87
2017.11.03 03:19:07.561,1.14134,1.1415,2.25,1.37
2017.11.03 03:19:07.664,1.14134,1.1415,1.50,1.19
2017.11.03 03:19:08.141,1.14134,1.14152,3.00,2.25
2017.11.03 03:19:10.975,1.14137,1.14153,1.00,1.81
2017.11.03 03:19:11.506,1.14138,1.14153,1.00,1.44
2017.11.03 03:19:11.897,1.14138,1.14154,1.00,2.81
2017.11.03 03:19:11.950,1.14138,1.14154,1.00,2.81
2017.11.03 03:19:12.002,1.14138,1.14154,1.00,1.50
2017.11.03 03:19:12.157,1.14136,1.14152,1.12,1.00
2017.11.03 03:19:12.728,1.14137,1.14152,1.00,1.00
2017.11.03 03:19:14.918,1.14137,1.14153,1.00,1.00
2017.11.03 03:19:15.438,1.14137,1.14152,1.00,1.00
2017.11.03 03:19:18.385,1.14138,1.14155,1.00,2.44
2017.11.03 03:19:18.538,1.14137,1.14155,1.00,2.25
2017.11.03 03:19:19.391,1.14138,1.14154,1.00,1.31
2017.11.03 03:19:26.601,1.14137,1.14154,1.12,2.25
2017.11.03 03:19:36.452,1.14137,1.14154,1.87,1.56
2017.11.03 03:19:39.400,1.14137,1.14155,1.12,2.25
2017.11.03 03:19:54.116,1.14138,1.14155,3.37,1.75
2017.11.03 03:19:55.303,1.14139,1.14156,1.00,2.62
2017.11.03 03:19:58.701,1.14138,1.14155,1.87,2.44
2017.11.03 03:20:00.095,1.14139,1.14155,1.00,1.56
2017.11.03 03:20:00.603,1.14138,1.14155,1.12,2.44
2017.11.03 03:20:01.991,1.14139,1.14155,1.50,1.81
2017.11.03 03:20:02.247,1.14142,1.14158,1.00,2.06
2017.11.03 03:20:02.688,1.14142,1.14158,1.00,1.87
2017.11.03 03:20:02.943,1.1414,1.14158,2.25,1.44
2017.11.03 03:20:03.601,1.14141,1.14157,1.00,1.62
2017.11.03 03:20:03.806,1.14141,1.14155,1.00,1.69
2017.11.03 03:20:03.909,1.14138,1.14153,1.00,2.06
2017.11.03 03:20:03.960,1.14136,1.14153,1.87,2.06
2017.11.03 03:20:04.397,1.14138,1.14154,1.00,1.50
2017.11.03 03:20:05.434,1.14138,1.14153,1.00,1.00
2017.11.03 03:20:06.132,1.14138,1.14154,1.00,1.31
2017.11.03 03:20:09.445,1.14138,1.14153,1.00,1.00
2017.11.03 03:20:09.497,1.1414,1.14156,1.00,2.25
2017.11.03 03:20:09.549,1.1414,1.14156,1.37,1.12
2017.11.03 03:20:10.060,1.14141,1.14157,1.12,1.31
2017.11.03 03:20:11.743,1.14141,1.14156,1.12,1.00
2017.11.03 03:20:14.043,1.14141,1.14157,1.12,2.81
2017.11.03 03:20:14.995,1.14141,1.14156,1.12,1.25
2017.11.03 03:20:16.099,1.14141,1.14156,1.12,1.19
2017.11.03 03:20:16.784,1.14141,1.14157,1.87,1.19
2017.11.03 03:20:17.533,1.14141,1.14157,1.87,1.69
2017.11.03 03:20:17.796,1.14141,1.14157,1.87,1.19
2017.11.03 03:20:18.001,1.14141,1.14157,1.87,1.69
2017.11.03 03:20:18.522,1.14141,1.14157,1.87,1.19
2017.11.03 03:20:19.281,1.14141,1.14157,1.12,1.37
2017.11.03 03:20:19.741,1.14141,1.14157,1.12,1.37
2017.11.03 03:20:20.291,1.14141,1.14157,1.87,1.19
2017.11.03 03:20:21.042,1.14141,1.14157,1.87,1.69
2017.11.03 03:20:21.490,1.14142,1.14158,1.00,1.50
2017.11.03 03:20:21.543,1.14143,1.1416,1.75,2.25
2017.11.03 03:20:21.851,1.14138,1.14155,1.75,1.87
2017.11.03 03:20:22.396,1.14138,1.14155,1.75,2.44
2017.11.03 03:20:23.190,1.14138,1.14155,1.75,1.87
2017.11.03 03:20:34.536,1.14137,1.14154,1.75,1.69
2017.11.03 03:20:35.298,1.14137,1.14153,1.75,1.19
2017.11.03 03:20:36.641,1.14137,1.14153,1.50,1.31
2017.11.03 03:20:36.693,1.14137,1.14153,1.12,2.06
2017.11.03 03:20:38.088,1.14138,1.14153,1.00,1.31
2017.11.03 03:20:38.692,1.14135,1.14152,3.19,1.00
2017.11.03 03:20:50.196,1.14135,1.14152,3.00,1.19
2017.11.03 03:20:50.934,1.14133,1.1415,2.62,1.87
2017.11.03 03:20:51.091,1.14132,1.14147,1.50,1.69
2017.11.03 03:20:51.245,1.14132,1.14148,1.00,1.69
2017.11.03 03:20:51.589,1.14131,1.14148,1.50,1.87
2017.11.03 03:20:52.133,1.14131,1.14149,2.25,1.69
2017.11.03 03:20:52.675,1.14133,1.1415,1.00,1.31
2017.11.03 03:20:55.339,1.14134,1.1415,1.00,1.31
2017.11.03 03:20:55.857,1.14133,1.14149,1.50,1.25
2017.11.03 03:20:56.391,1.14134,1.14149,1.00,1.25
2017.11.03 03:20:57.812,1.14133,1.14149,1.50,1.25
2017.11.03 03:21:00.672,1.14134,1.14149,1.00,1.25
2017.11.03 03:21:01.236,1.14134,1.14149,1.00,1.19
2017.11.03 03:21:02.126,1.14133,1.14149,1.50,1.19
2017.11.03 03:21:03.194,1.14134,1.14149,1.00,1.00
2017.11.03 03:21:04.070,1.14134,1.1415,1.00,1.12
2017.11.03 03:21:04.853,1.14134,1.14148,1.50,1.00
2017.11.03 03:21:07.556,1.14134,1.1415,1.50,1.69
2017.11.03 03:21:08.008,1.14134,1.14151,1.50,2.81
2017.11.03 03:21:08.239,1.14134,1.14149,1.00,1.00
2017.11.03 03:21:10.349,1.14134,1.1415,1.50,1.25
2017.11.03 03:21:11.790,1.14137,1.14152,1.12,2.06
2017.11.03 03:21:17.261,1.14132,1.1415,1.75,2.06
2017.11.03 03:21:17.312,1.14132,1.1415,1.75,2.06
2017.11.03 03:21:17.845,1.14133,1.14149,1.50,1.44
2017.11.03 03:21:18.439,1.14135,1.1415,1.00,2.25
2017.11.03 03:21:18.542,1.14131,1.14147,1.12,2.06
2017.11.03 03:21:18.739,1.14131,1.14147,1.12,1.31
2017.11.03 03:21:19.607,1.1413,1.14146,2.25,1.00
2017.11.03 03:21:20.286,1.14131,1.14147,1.12,2.06
2017.11.03 03:21:20.442,1.14131,1.14145,1.12,1.00
2017.11.03 03:21:21.181,1.14128,1.14144,1.75,1.69
2017.11.03 03:21:21.499,1.14128,1.14144,1.00,1.19
2017.11.03 03:21:22.014,1.14128,1.14142,1.00,1.25
2017.11.03 03:21:38.414,1.14126,1.14142,1.00,1.12
2017.11.03 03:21:39.656,1.14128,1.14142,1.00,1.25
2017.11.03 03:21:39.812,1.14132,1.14149,1.87,1.69
2017.11.03 03:21:40.346,1.14131,1.14147,1.50,1.50
2017.11.03 03:21:44.868,1.14133,1.14147,1.00,1.00
2017.11.03 03:21:45.539,1.14132,1.14147,1.87,1.00
2017.11.03 03:21:49.792,1.14133,1.14147,1.00,1.00
2017.11.03 03:21:53.535,1.14132,1.14147,1.87,1.00
2017.11.03 03:21:54.197,1.14133,1.14147,1.00,1.00
2017.11.03 03:21:54.759,1.14133,1.14148,1.00,1.25
2017.11.03 03:21:55.877,1.14132,1.14148,1.87,1.25
2017.11.03 03:21:57.451,1.1413,1.14147,1.50,1.25
2017.11.03 03:21:58.050,1.14131,1.14147,1.37,2.62
2017.11.03 03:22:04.840,1.14131,1.14146,1.00,1.25
2017.11.03 03:22:06.047,1.1413,1.14146,1.00,1.69
2017.11.03 03:22:06.595,1.14131,1.14146,1.00,1.69
2017.11.03 03:22:09.752,1.1413,1.14146,1.00,1.69
2017.11.03 03:22:10.255,1.14131,1.14146,1.00,1.69
2017.11.03 03:22:12.666,1.1413,1.14146,1.50,1.69
2017.11.03 03:22:16.132,1.14131,1.14146,1.00,1.69
2017.11.03 03:22:17.311,1.1413,1.14146,1.00,1.69
2017.11.03 03:22:17.864,1.1413,1.14145,1.00,1.00
2017.11.03 03:22:18.417,1.14128,1.14144,1.50,1.00
2017.11.03 03:22:19.769,1.14128,1.14145,1.00,1.50
2017.11.03 03:22:20.516,1.14128,1.14144,1.50,1.00
2017.11.03 03:22:21.039,1.14128,1.14145,1.50,1.50
2017.11.03 03:22:21.836,1.14128,1.14144,1.50,1.00
2017.11.03 03:22:23.651,1.14129,1.14144,1.00,1.00
2017.11.03 03:22:24.396,1.14129,1.14145,1.00,2.44
2017.11.03 03:22:26.038,1.14129,1.14144,1.00,1.00
2017.11.03 03:22:26.602,1.14129,1.14145,1.00,2.25
2017.11.03 03:22:26.655,1.14127,1.14144,2.44,1.00
2017.11.03 03:22:30.311,1.14127,1.14145,1.50,2.25
2017.11.03 03:22:30.903,1.14128,1.14144,1.25,1.00
2017.11.03 03:22:37.197,1.14128,1.14145,1.00,1.50
2017.11.03 03:22:37.942,1.14128,1.14144,1.25,1.00
2017.11.03 03:22:47.841,1.14129,1.14144,1.00,1.12
2017.11.03 03:22:50.248,1.14128,1.14144,2.06,1.12
2017.11.03 03:22:50.454,1.1413,1.14147,1.87,1.31
2017.11.03 03:22:55.135,1.14132,1.14147,1.00,1.12
2017.11.03 03:23:04.853,1.1413,1.14147,2.81,1.12
2017.11.03 03:23:08.046,1.14132,1.14147,1.00,1.12
2017.11.03 03:23:10.976,1.1413,1.14147,2.06,1.12
2017.11.03 03:23:18.372,1.1413,1.14148,1.75,1.37
2017.11.03 03:23:18.423,1.14132,1.1415,1.50,2.62
2017.11.03 03:23:26.643,1.14133,1.1415,1.12,2.62
2017.11.03 03:23:27.161,1.14132,1.14149,2.25,2.81
2017.11.03 03:23:38.497,1.14132,1.14149,2.25,1.69
2017.11.03 03:23:42.976,1.14131,1.14149,2.25,1.19
2017.11.03 03:23:58.374,1.14133,1.1415,1.50,1.19
2017.11.03 03:23:58.909,1.14134,1.1415,1.00,1.87
2017.11.03 03:24:00.611,1.14133,1.14148,1.50,1.25
2017.11.03 03:24:00.663,1.1413,1.14147,3.00,1.19
2017.11.03 03:24:01.405,1.14131,1.14147,1.00,1.19
2017.11.03 03:24:03.672,1.1413,1.14149,2.25,2.44
2017.11.03 03:24:03.825,1.14133,1.14148,1.00,1.19
2017.11.03 03:24:10.740,1.14132,1.14148,1.00,1.19
2017.11.03 03:24:10.946,1.14128,1.14145,1.87,1.31
2017.11.03 03:24:10.997,1.1413,1.14145,1.00,1.12
2017.11.03 03:24:11.349,1.14134,1.14151,1.12,2.81
2017.11.03 03:24:29.396,1.14134,1.14151,1.12,2.81
2017.11.03 03:24:29.979,1.14134,1.14151,1.12,2.81
2017.11.03 03:24:37.200,1.14134,1.14151,1.12,1.31
2017.11.03 03:24:37.740,1.14134,1.14151,1.12,1.31
2017.11.03 03:24:38.275,1.14135,1.14151,1.00,1.31
2017.11.03 03:24:50.608,1.14135,1.14152,1.87,1.31
2017.11.03 03:24:50.761,1.14135,1.14153,1.12,5.06
2017.11.03 03:24:54.095,1.14133,1.1415,1.50,2.06
2017.11.03 03:24:54.596,1.14134,1.14149,1.00,1.25
2017.11.03 03:24:57.690,1.14134,1.14148,1.00,1.00
2017.11.03 03:24:58.362,1.14133,1.14148,1.00,1.00
2017.11.03 03:24:58.939,1.14133,1.1415,1.00,2.81
2017.11.03 03:24:59.441,1.14134,1.14149,1.00,1.25
2017.11.03 03:25:00.035,1.14133,1.14149,1.00,1.25
2017.11.03 03:25:00.589,1.14133,1.14149,1.00,1.19
2017.11.03 03:25:01.465,1.14134,1.14149,1.00,1.19
2017.11.03 03:25:01.569,1.14131,1.14149,1.50,1.69
2017.11.03 03:25:11.043,1.14131,1.14149,1.00,4.12
2017.11.03 03:25:18.378,1.1413,1.14147,1.00,1.12
2017.11.03 03:25:35.216,1.14131,1.14147,1.00,1.12
2017.11.03 03:25:37.561,1.1413,1.14147,1.87,1.12
2017.11.03 03:25:37.663,1.14132,1.14148,1.00,1.50
2017.11.03 03:25:38.280,1.14131,1.14148,1.00,1.50
2017.11.03 03:25:38.833,1.14131,1.14148,1.00,1.75
2017.11.03 03:25:58.382,1.14131,1.14149,1.00,1.87
2017.11.03 03:26:02.243,1.1413,1.14149,2.62,1.69
2017.11.03 03:26:05.215,1.14132,1.14149,1.00,1.69
2017.11.03 03:26:08.074,1.14131,1.14149,1.00,2.44
2017.11.03 03:26:18.429,1.14131,1.1415,1.50,3.94
2017.11.03 03:26:32.729,1.14134,1.14149,1.00,1.12
2017.11.03 03:26:35.081,1.14133,1.14149,1.87,1.31
2017.11.03 03:26:35.906,1.14134,1.14149,1.00,1.31
2017.11.03 03:26:37.344,1.14134,1.1415,1.37,1.31
2017.11.03 03:26:37.848,1.14135,1.14153,1.12,1.56
2017.11.03 03:26:42.718,1.14135,1.14151,1.12,1.19
2017.11.03 03:26:43.075,1.14132,1.14149,3.19,1.19
2017.11.03 03:26:43.126,1.14132,1.14149,2.44,1.19
2017.11.03 03:26:43.651,1.14133,1.14149,1.50,1.19
2017.11.03 03:26:44.411,1.14133,1.14149,1.50,1.25
2017.11.03 03:26:45.047,1.14133,1.14149,1.00,1.19
2017.11.03 03:26:45.559,1.14132,1.14149,2.44,1.19
2017.11.03 03:26:54.124,1.14132,1.14149,1.00,2.44
2017.11.03 03:26:55.142,1.14131,1.14149,1.50,2.44
2017.11.03 03:27:02.187,1.14134,1.14148,1.00,1.31
2017.11.03 03:27:02.238,1.14131,1.14149,1.31,2.44
2017.11.03 03:27:02.392,1.1413,1.14144,1.69,1.25
2017.11.03 03:27:02.444,1.14129,1.14147,2.06,3.56
2017.11.03 03:27:03.040,1.1413,1.14146,1.00,1.56
2017.11.03 03:27:03.559,1.14129,1.14146,1.87,2.06
2017.11.03 03:27:06.911,1.14128,1.14144,1.37,1.19
2017.11.03 03:27:10.253,1.14126,1.14142,1.12,1.31
2017.11.03 03:27:10.655,1.14126,1.14141,1.12,1.19
2017.11.03 03:27:11.595,1.14126,1.1414,1.12,1.00
2017.11.03 03:27:12.153,1.14126,1.14143,1.87,2.44
2017.11.03 03:27:29.399,1.14126,1.14143,1.12,3.19
2017.11.03 03:27:38.426,1.14125,1.14142,2.62,1.19
2017.11.03 03:27:39.398,1.14125,1.14142,2.62,1.19
2017.11.03 03:27:44.606,1.14125,1.14142,1.50,1.37
2017.11.03 03:27:50.917,1.14128,1.14143,1.00,2.62
2017.11.03 03:27:52.416,1.14129,1.14145,1.00,1.44
2017.11.03 03:27:52.518,1.14131,1.14145,1.00,1.25
2017.11.03 03:27:58.177,1.1413,1.14145,1.50,1.87
2017.11.03 03:27:58.330,1.14127,1.14144,1.50,1.87
2017.11.03 03:27:58.535,1.14128,1.14143,1.12,1.87
2017.11.03 03:27:59.067,1.14127,1.14143,1.50,1.19
2017.11.03 03:28:18.425,1.14126,1.14142,1.12,1.44
2017.11.03 03:28:19.190,1.14126,1.14142,1.12,1.12
2017.11.03 03:28:19.817,1.14125,1.14142,1.50,1.69
2017.11.03 03:28:25.347,1.14128,1.14142,1.00,1.19
2017.11.03 03:28:25.498,1.14128,1.14145,1.00,3.19
2017.11.03 03:28:31.814,1.14128,1.14144,1.00,1.50
2017.11.03 03:28:31.916,1.14124,1.14141,1.75,1.25
2017.11.03 03:28:31.969,1.14124,1.1414,1.75,1.69
2017.11.03 03:28:32.021,1.14124,1.1414,1.00,2.06
2017.11.03 03:28:32.885,1.14123,1.1414,1.12,2.06
2017.11.03 03:28:33.512,1.14124,1.1414,1.00,3.75
2017.11.03 03:28:35.719,1.14124,1.14141,1.19,1.69
2017.11.03 03:28:35.821,1.14127,1.14143,1.50,1.00
2017.11.03 03:28:35.873,1.14126,1.14143,2.25,1.19
2017.11.03 03:28:35.925,1.14126,1.14143,1.50,1.31
2017.11.03 03:28:36.442,1.14127,1.14143,1.00,1.31
2017.11.03 03:28:37.001,1.14127,1.14143,1.00,1.12
2017.11.03 03:28:37.155,1.14128,1.14146,1.87,2.44
2017.11.03 03:28:37.310,1.14131,1.14145,1.00,1.12
2017.11.03 03:28:37.413,1.14132,1.14149,1.12,2.81
2017.11.03 03:28:39.276,1.14131,1.14147,1.50,1.69
2017.11.03 03:28:39.532,1.14128,1.14145,4.87,1.25
2017.11.03 03:28:39.686,1.14129,1.14143,1.12,1.19
2017.11.03 03:28:43.354,1.14126,1.14143,1.12,1.31
2017.11.03 03:28:43.405,1.14126,1.14142,1.12,1.19
2017.11.03 03:28:44.133,1.14127,1.14144,1.00,1.81
2017.11.03 03:28:44.236,1.14125,1.14142,1.37,1.37
2017.11.03 03:28:44.443,1.14124,1.1414,1.00,1.12
2017.11.03 03:28:45.120,1.14125,1.1414,1.00,1.12
2017.11.03 03:28:46.435,1.14123,1.1414,2.81,1.12
2017.11.03 03:28:46.935,1.14126,1.1414,1.00,1.12
2017.11.03 03:28:47.506,1.14125,1.1414,1.00,1.12
2017.11.03 03:28:49.405,1.14123,1.1414,3.37,1.31
2017.11.03 03:28:49.979,1.14123,1.1414,2.62,1.31
2017.11.03 03:28:50.616,1.14122,1.1414,1.37,1.31
2017.11.03 03:28:54.152,1.1412,1.14137,2.81,1.00
2017.11.03 03:28:55.649,1.14121,1.14137,1.00,1.00
2017.11.03 03:28:56.281,1.14121,1.14138,1.00,1.12
2017.11.03 03:28:57.297,1.14121,1.14138,1.00,2.06
2017.11.03 03:29:03.223,1.14122,1.14138,1.00,1.31
2017.11.03 03:29:03.763,1.14123,1.14141,1.00,2.06
2017.11.03 03:29:10.354,1.14123,1.1414,2.25,1.69
2017.11.03 03:29:10.405,1.14123,1.1414,2.25,1.00
2017.11.03 03:29:11.701,1.14123,1.14141,1.50,1.31
2017.11.03 03:29:13.477,1.14122,1.1414,1.12,2.06
2017.11.03 03:29:13.809,1.14124,1.1414,1.00,1.19
2017.11.03 03:29:14.197,1.14124,1.14141,1.00,1.12
2017.11.03 03:29:15.834,1.14124,1.1414,1.00,1.00
2017.11.03 03:29:17.498,1.14123,1.14139,1.00,1.19
2017.11.03 03:29:17.601,1.14123,1.1414,1.00,1.31
2017.11.03 03:29:18.323,1.14123,1.1414,2.06,1.00
2017.11.03 03:29:18.948,1.14123,1.14142,2.44,2.44
2017.11.03 03:29:23.598,1.14124,1.1414,1.12,1.69
2017.11.03 03:29:23.701,1.14121,1.14139,1.50,1.69
2017.11.03 03:29:24.128,1.14121,1.14137,1.87,1.19
2017.11.03 03:29:24.698,1.14121,1.14139,1.87,3.19
2017.11.03 03:29:29.702,1.14121,1.14139,1.87,3.19
2017.11.03 03:29:32.078,1.14123,1.14139,1.00,1.50
2017.11.03 03:29:32.181,1.14124,1.1414,1.12,1.25
2017.11.03 03:29:33.758,1.14125,1.14142,1.00,1.69
2017.11.03 03:29:35.266,1.14125,1.14142,1.00,1.69
2017.11.03 03:29:35.874,1.14124,1.14142,2.06,1.69
2017.11.03 03:29:36.462,1.14122,1.14139,1.75,1.19
2017.11.03 03:29:37.020,1.14121,1.14139,1.50,1.69
2017.11.03 03:29:37.527,1.14121,1.14137,1.50,1.31
2017.11.03 03:29:38.188,1.14122,1.14137,1.00,1.31
2017.11.03 03:29:38.959,1.14121,1.14137,1.50,1.31
2017.11.03 03:29:39.507,1.14122,1.14137,1.00,1.31
2017.11.03 03:29:39.645,1.14119,1.14137,1.50,2.06
2017.11.03 03:29:53.238,1.14119,1.14136,3.00,1.25
2017.11.03 03:29:55.613,1.14122,1.1414,1.50,1.75
2017.11.03 03:29:55.665,1.14124,1.14141,1.50,2.00
2017.11.03 03:29:55.716,1.14124,1.14141,1.87,1.31
2017.11.03 03:29:57.801,1.14124,1.14139,1.12,1.19
2017.11.03 03:30:15.450,1.14124,1.1414,1.87,1.19
2017.11.03 03:30:18.370,1.14123,1.1414,3.00,1.19
2017.11.03 03:30:24.450,1.14125,1.14139,1.37,1.19
2017.11.03 03:30:44.413,1.14124,1.14139,2.25,1.00
2017.11.03 03:30:44.464,1.14124,1.14141,2.25,1.69
2017.11.03 03:30:46.705,1.14124,1.1414,1.50,1.19
2017.11.03 03:30:47.632,1.14124,1.14139,1.50,1.19
2017.11.03 03:30:55.069,1.14125,1.1414,1.12,1.69
2017.11.03 03:31:01.370,1.14125,1.1414,1.12,1.00
2017.11.03 03:31:02.093,1.14125,1.14141,1.12,1.00
2017.11.03 03:31:02.808,1.14125,1.14141,1.12,1.19
2017.11.03 03:31:06.733,1.14125,1.14141,1.12,1.25
2017.11.03 03:31:18.370,1.14124,1.14142,1.75,1.87
2017.11.03 03:31:32.043,1.14123,1.14138,1.50,1.19
2017.11.03 03:31:35.225,1.14125,1.14141,1.00,1.50
2017.11.03 03:31:35.728,1.14125,1.14141,1.00,1.31
2017.11.03 03:31:36.249,1.14125,1.1414,1.00,1.00
2017.11.03 03:31:36.895,1.14124,1.1414,1.31,1.00
2017.11.03 03:31:41.230,1.14124,1.14141,1.12,1.50
2017.11.03 03:31:42.185,1.14124,1.1414,1.31,1.00
2017.11.03 03:31:43.161,1.14124,1.1414,2.00,1.00
2017.11.03 03:31:43.872,1.14125,1.14142,1.75,1.44
2017.11.03 03:32:08.362,1.14128,1.14141,1.75,1.19
2017.11.03 03:32:08.516,1.14129,1.14144,1.50,1.19
2017.11.03 03:32:09.040,1.14128,1.14144,1.75,1.69
2017.11.03 03:32:09.581,1.14128,1.14145,2.25,1.19
2017.11.03 03:32:16.545,1.14129,1.14146,1.50,2.81
2017.11.03 03:32:16.993,1.14129,1.14146,2.25,1.50
2017.11.03 03:32:30.985,1.14129,1.14146,1.50,1.31
2017.11.03 03:32:38.420,1.14131,1.14147,1.12,1.50
2017.11.03 03:32:49.449,1.14131,1.14146,1.12,1.69
2017.11.03 03:32:51.400,1.14131,1.14146,1.12,1.19
2017.11.03 03:32:55.465,1.14131,1.14143,1.12,1.19
2017.11.03 03:32:55.517,1.14128,1.14143,1.12,1.69
2017.11.03 03:32:55.823,1.14126,1.14141,1.50,1.44
2017.11.03 03:32:55.977,1.14125,1.14138,1.00,1.19
2017.11.03 03:32:56.487,1.14124,1.14138,1.00,1.19
2017.11.03 03:33:00.398,1.14124,1.14138,1.00,1.19
2017.11.03 03:33:00.552,1.14127,1.14138,1.00,1.19
2017.11.03 03:33:00.727,1.14126,1.1414,1.00,1.00
2017.11.03 03:33:00.779,1.14126,1.14142,1.00,1.25
2017.11.03 03:33:01.295,1.14127,1.14142,1.00,1.25
2017.11.03 03:33:01.842,1.14126,1.14142,1.00,1.12
2017.11.03 03:33:02.190,1.14126,1.14142,1.00,1.87
2017.11.03 03:33:02.812,1.14126,1.14142,1.00,1.37
2017.11.03 03:33:03.305,1.14127,1.14143,1.50,1.62
2017.11.03 03:33:06.074,1.14127,1.14144,1.50,1.50
2017.11.03 03:33:06.126,1.14126,1.14145,1.75,3.56
2017.11.03 03:33:06.337,1.14126,1.14143,1.00,2.25
2017.11.03 03:33:07.742,1.14126,1.14142,1.00,2.25
2017.11.03 03:33:11.536,1.14125,1.14141,1.12,1.19
2017.11.03 03:33:12.276,1.14126,1.14141,1.00,1.19
2017.11.03 03:33:14.601,1.14125,1.14141,1.12,2.44
2017.11.03 03:33:15.108,1.14126,1.14141,1.00,1.69
2017.11.03 03:33:23.160,1.14126,1.14141,1.37,1.69
2017.11.03 03:33:25.391,1.14125,1.14141,1.75,1.69
2017.11.03 03:33:25.991,1.14125,1.14141,1.75,1.69
2017.11.03 03:33:30.918,1.14125,1.14141,1.75,1.00
2017.11.03 03:33:38.369,1.14125,1.14143,2.25,1.87
2017.11.03 03:33:53.242,1.14127,1.14143,1.50,1.44
2017.11.03 03:33:53.928,1.14127,1.14144,1.00,2.25
2017.11.03 03:33:58.421,1.14127,1.14144,1.37,1.50
2017.11.03 03:34:11.392,1.14127,1.14144,1.37,1.50
2017.11.03 03:34:11.952,1.14127,1.14144,1.37,1.50
2017.11.03 03:34:18.610,1.1413,1.14146,2.25,1.87
2017.11.03 03:34:18.962,1.14131,1.14146,1.00,2.81
2017.11.03 03:34:19.568,1.14131,1.14146,1.00,2.81
2017.11.03 03:34:20.083,1.14131,1.14146,1.00,2.06
2017.11.03 03:34:24.766,1.14132,1.14148,1.00,2.25
2017.11.03 03:34:24.818,1.1413,1.14147,1.00,3.19
2017.11.03 03:34:24.870,1.14129,1.14145,1.00,1.19
2017.11.03 03:34:24.973,1.14127,1.14143,1.00,1.69
2017.11.03 03:34:25.025,1.14126,1.14142,1.50,1.31
2017.11.03 03:34:27.272,1.14127,1.14142,1.00,1.19
2017.11.03 03:34:27.374,1.14127,1.14142,1.00,1.19
2017.11.03 03:34:28.691,1.14127,1.14142,2.25,1.19
2017.11.03 03:34:28.919,1.14127,1.14142,1.50,1.19
2017.11.03 03:34:29.582,1.14127,1.14142,1.50,1.19
2017.11.03 03:34:30.201,1.14128,1.14142,1.00,1.19
2017.11.03 03:34:30.844,1.14128,1.14142,1.00,1.44
2017.11.03 03:34:33.700,1.14127,1.14142,1.50,1.37
2017.11.03 03:34:35.471,1.14126,1.14142,1.50,1.19
2017.11.03 03:34:36.147,1.14124,1.1414,1.50,1.19
2017.11.03 03:34:36.301,1.14123,1.14139,1.12,1.69
2017.11.03 03:34:37.386,1.14124,1.14139,1.00,1.87
2017.11.03 03:34:42.388,1.14123,1.14139,1.12,1.87
2017.11.03 03:34:43.210,1.14124,1.14139,1.00,1.69
2017.11.03 03:34:43.792,1.14123,1.14138,1.12,1.31
2017.11.03 03:34:44.530,1.14124,1.14139,1.00,1.87
2017.11.03 03:34:44.633,1.14126,1.1414,1.00,1.81
2017.11.03 03:34:45.139,1.14127,1.14142,1.00,1.87
2017.11.03 03:34:47.744,1.14127,1.14141,1.00,1.19
2017.11.03 03:34:48.315,1.14127,1.14142,1.00,2.62
2017.11.03 03:34:48.843,1.14127,1.14142,1.00,2.62
2017.11.03 03:35:03.216,1.14125,1.14142,1.12,2.81
2017.11.03 03:35:09.456,1.14125,1.14142,1.12,2.81
2017.11.03 03:35:19.901,1.14124,1.14142,1.87,1.31
2017.11.03 03:35:20.553,1.14124,1.14142,1.87,2.06
2017.11.03 03:35:21.047,1.14124,1.14142,1.87,1.31
2017.11.03 03:35:21.700,1.14125,1.14142,1.12,2.25
2017.11.03 03:35:22.202,1.14125,1.14142,1.12,3.00
2017.11.03 03:35:22.352,1.14125,1.14142,1.12,2.25
2017.11.03 03:35:22.601,1.14125,1.14142,1.12,2.25
2017.11.03 03:35:22.862,1.14125,1.14142,1.12,2.25
2017.11.03 03:35:23.400,1.14125,1.14142,1.12,2.25
2017.11.03 03:35:24.053,1.14125,1.14142,1.12,3.00
2017.11.03 03:35:24.300,1.14125,1.14142,1.12,2.25
2017.11.03 03:35:24.999,1.14125,1.14142,1.12,2.25
2017.11.03 03:35:25.606,1.14125,1.14142,1.12,2.25
2017.11.03 03:35:26.111,1.14125,1.14142,1.12,3.19
2017.11.03 03:35:33.145,1.14124,1.14143,2.81,2.06
2017.11.03 03:35:33.299,1.14128,1.14144,1.12,1.69
2017.11.03 03:35:33.453,1.14129,1.14147,1.00,2.44
2017.11.03 03:35:34.649,1.14129,1.14147,1.00,1.94
2017.11.03 03:35:35.204,1.1413,1.14147,1.00,2.19
2017.11.03 03:35:36.388,1.14129,1.14148,1.00,4.12
2017.11.03 03:35:37.048,1.1413,1.14147,1.00,1.94
2017.11.03 03:35:41.680,1.14129,1.14148,1.00,3.19
2017.11.03 03:35:42.380,1.1413,1.14147,1.50,1.19
2017.11.03 03:35:45.353,1.1413,1.14147,1.50,1.31
2017.11.03 03:36:03.449,1.1413,1.14147,1.12,2.44
2017.11.03 03:36:08.624,1.1413,1.14147,1.87,1.69
2017.11.03 03:36:08.675,1.14131,1.14147,2.25,1.19
2017.11.03 03:36:09.185,1.14133,1.14147,1.00,1.19
2017.11.03 03:36:09.705,1.14132,1.14148,1.12,1.19
2017.11.03 03:36:10.223,1.14131,1.14147,1.00,2.44
2017.11.03 03:36:10.880,1.1413,1.14147,1.00,2.44
2017.11.03 03:36:11.543,1.14129,1.14147,3.00,1.19
2017.11.03 03:36:12.095,1.14129,1.14147,3.75,1.25
2017.11.03 03:36:12.669,1.1413,1.14147,1.00,1.69
2017.11.03 03:36:13.679,1.14129,1.14147,3.19,1.25
2017.11.03 03:36:17.192,1.1413,1.14147,1.00,1.25
2017.11.03 03:36:22.079,1.14129,1.14147,2.25,1.25
2017.11.03 03:36:22.874,1.1413,1.14147,1.00,1.69
2017.11.03 03:36:34.397,1.1413,1.14147,1.00,1.69
2017.11.03 03:36:35.164,1.14129,1.14147,2.25,1.19
2017.11.03 03:36:39.396,1.14129,1.14147,2.25,1.25
2017.11.03 03:36:46.773,1.1413,1.14147,1.00,1.25
2017.11.03 03:36:58.400,1.14131,1.14148,1.12,1.56
2017.11.03 03:37:02.370,1.14134,1.1415,1.50,1.37
2017.11.03 03:37:12.924,1.14135,1.14151,1.12,1.31
2017.11.03 03:37:14.299,1.14135,1.14151,1.12,1.50
2017.11.03 03:37:14.803,1.14135,1.14151,1.12,1.50
2017.11.03 03:37:15.629,1.14134,1.1415,1.50,1.44
2017.11.03 03:37:19.032,1.14134,1.14151,1.37,1.50
2017.11.03 03:37:20.855,1.14134,1.14151,1.37,1.50
2017.11.03 03:37:21.837,1.14134,1.14152,1.37,3.00
2017.11.03 03:37:24.159,1.14135,1.14151,1.12,1.31
2017.11.03 03:37:28.414,1.14134,1.14151,1.37,1.31
2017.11.03 03:37:28.942,1.14135,1.14151,1.87,1.31
2017.11.03 03:37:30.743,1.14135,1.14151,1.12,1.31
2017.11.03 03:37:32.364,1.14134,1.14151,1.37,2.06
2017.11.03 03:37:32.468,1.14134,1.14153,1.37,3.75
2017.11.03 03:37:34.558,1.14135,1.14152,1.12,2.44
2017.11.03 03:37:34.662,1.14134,1.14152,1.50,1.69
2017.11.03 03:37:35.202,1.14135,1.1415,1.12,1.69
2017.11.03 03:37:35.633,1.14132,1.14148,1.12,1.31
2017.11.03 03:37:35.687,1.14132,1.14148,1.12,2.06
2017.11.03 03:37:36.159,1.14132,1.14149,1.12,3.19
2017.11.03 03:37:37.688,1.14132,1.14149,1.12,3.75
2017.11.03 03:37:38.255,1.14133,1.1415,1.00,2.44
2017.11.03 03:37:52.460,1.14133,1.14149,1.00,1.25
2017.11.03 03:38:04.201,1.14134,1.14149,1.00,1.00
2017.11.03 03:38:06.762,1.14134,1.1415,1.50,1.00
2017.11.03 03:38:07.303,1.14135,1.14152,1.00,3.19
2017.11.03 03:38:23.217,1.14135,1.14152,1.00,1.69
2017.11.03 03:38:30.086,1.14134,1.14152,1.87,2.44
2017.11.03 03:38:44.378,1.14133,1.1415,1.25,1.50
2017.11.03 03:38:44.901,1.14132,1.1415,2.62,1.50
2017.11.03 03:38:45.448,1.14133,1.14149,1.25,1.00
2017.11.03 03:38:48.014,1.14134,1.14149,1.00,1.00
2017.11.03 03:38:48.598,1.14134,1.1415,1.00,1.50
2017.11.03 03:38:54.053,1.14133,1.14149,1.00,1.00
2017.11.03 03:38:54.602,1.14133,1.14149,1.00,1.69
2017.11.03 03:38:55.002,1.14133,1.14149,1.00,1.69
2017.11.03 03:38:55.412,1.14132,1.1415,1.12,3.00
2017.11.03 03:38:55.934,1.14133,1.14149,1.00,1.19
2017.11.03 03:38:57.129,1.14132,1.1415,1.12,2.06
2017.11.03 03:38:58.112,1.1413,1.14147,1.12,1.56
2017.11.03 03:39:00.957,1.14128,1.14144,1.50,1.19
2017.11.03 03:39:18.426,1.14127,1.14145,2.44,1.69
2017.11.03 03:39:19.453,1.14127,1.14145,3.19,1.69
2017.11.03 03:39:23.049,1.14129,1.14145,1.00,1.69
2017.11.03 03:39:24.427,1.14129,1.14145,1.00,1.69
2017.11.03 03:39:25.041,1.14129,1.14145,1.00,1.69
2017.11.03 03:39:34.286,1.14128,1.14144,2.06,1.12
2017.11.03 03:39:34.338,1.14129,1.14147,1.37,1.56
2017.11.03 03:39:38.592,1.14133,1.14149,1.00,2.00
2017.11.03 03:39:38.695,1.14132,1.1415,1.37,2.06
2017.11.03 03:39:44.516,1.14133,1.14149,1.12,1.50
2017.11.03 03:39:47.127,1.14133,1.14149,1.12,1.31
2017.11.03 03:39:47.676,1.14133,1.14149,1.12,1.50
2017.11.03 03:39:48.614,1.14133,1.14149,1.12,1.31
2017.11.03 03:39:50.295,1.14132,1.1415,1.37,1.75
2017.11.03 03:39:50.931,1.14132,1.1415,1.87,1.75
2017.11.03 03:39:53.610,1.14133,1.14149,1.12,1.50
2017.11.03 03:39:59.591,1.14134,1.1415,1.00,1.19
2017.11.03 03:40:01.404,1.14133,1.14151,2.25,2.44
2017.11.03 03:40:03.568,1.14134,1.1415,1.00,1.37
2017.11.03 03:40:03.842,1.14137,1.14153,1.50,1.00
2017.11.03 03:40:04.828,1.1414,1.14156,1.00,4.12
2017.11.03 03:40:05.033,1.14139,1.14157,1.50,4.12
2017.11.03 03:40:05.549,1.1414,1.14157,1.00,3.37
2017.11.03 03:40:06.194,1.14139,1.14156,2.25,1.19
2017.11.03 03:40:08.745,1.14139,1.14156,1.50,1.19
2017.11.03 03:40:10.047,1.14139,1.14156,1.50,1.19
2017.11.03 03:40:10.574,1.14139,1.14156,1.50,1.50
2017.11.03 03:40:11.346,1.1414,1.14156,1.00,1.69
2017.11.03 03:40:11.653,1.14133,1.1415,1.31,1.69
2017.11.03 03:40:13.022,1.14134,1.1415,1.00,1.69
2017.11.03 03:40:15.032,1.14133,1.1415,1.12,2.44
2017.11.03 03:40:18.489,1.14132,1.1415,3.00,2.62
2017.11.03 03:40:19.072,1.1413,1.14147,1.12,1.87
2017.11.03 03:40:20.505,1.1413,1.14146,1.12,2.25
2017.11.03 03:40:21.071,1.1413,1.14146,1.12,2.25
2017.11.03 03:40:29.547,1.14131,1.14148,1.00,2.62
2017.11.03 03:40:29.838,1.14133,1.1415,1.50,2.62
2017.11.03 03:40:39.024,1.14133,1.14149,1.50,1.87
2017.11.03 03:40:39.177,1.1413,1.14147,1.50,1.25
2017.11.03 03:40:39.229,1.1413,1.14147,1.50,1.37
2017.11.03 03:40:39.748,1.14129,1.14145,1.50,1.87
2017.11.03 03:40:44.391,1.1413,1.14145,1.00,1.87
2017.11.03 03:40:45.006,1.14129,1.14145,1.00,2.44
2017.11.03 03:40:46.502,1.14127,1.14145,1.50,2.44
2017.11.03 03:40:50.672,1.14126,1.14144,3.19,1.31
2017.11.03 03:40:51.170,1.14128,1.14144,1.12,1.31
2017.11.03 03:40:51.222,1.1413,1.14145,1.50,1.12
2017.11.03 03:40:51.869,1.1413,1.14146,1.37,1.19
2017.11.03 03:41:02.159,1.14131,1.14146,1.12,1.19
2017.11.03 03:41:02.312,1.14131,1.14147,1.12,2.06
2017.11.03 03:41:02.848,1.1413,1.14146,1.37,1.19
2017.11.03 03:41:14.851,1.1413,1.14148,2.25,1.69
2017.11.03 03:41:15.363,1.14132,1.14147,1.25,1.31
2017.11.03 03:41:15.664,1.14132,1.14147,1.25,1.31
2017.11.03 03:41:16.195,1.14132,1.14147,1.25,1.31
2017.11.03 03:41:26.592,1.14131,1.14148,2.06,1.69
2017.11.03 03:41:39.451,1.14131,1.14149,1.87,1.50
2017.11.03 03:41:43.324,1.14132,1.14148,1.00,1.44
2017.11.03 03:41:54.397,1.14132,1.14148,1.00,1.44
2017.11.03 03:41:58.196,1.14132,1.1415,1.37,2.25
2017.11.03 03:42:02.295,1.14134,1.1415,1.00,3.00
2017.11.03 03:42:02.346,1.14134,1.1415,1.00,2.25
2017.11.03 03:42:07.259,1.14133,1.1415,1.12,2.81
2017.11.03 03:42:19.587,1.14133,1.14149,1.12,1.31
2017.11.03 03:42:20.162,1.14133,1.14149,1.87,1.31
2017.11.03 03:42:20.744,1.14135,1.1415,1.00,1.81
2017.11.03 03:42:21.129,1.14133,1.14149,1.31,1.00
2017.11.03 03:42:22.268,1.14132,1.1415,1.37,3.75
2017.11.03 03:42:22.603,1.1413,1.14149,1.00,2.19
2017.11.03 03:42:22.755,1.1413,1.14147,1.69,2.81
2017.11.03 03:42:23.062,1.14132,1.14147,1.00,1.12
2017.11.03 03:42:23.605,1.14133,1.14149,1.00,3.94
2017.11.03 03:42:24.207,1.14133,1.14149,1.00,1.87
2017.11.03 03:42:24.709,1.14132,1.14147,1.12,1.00
2017.11.03 03:42:25.554,1.14133,1.14147,1.00,1.19
2017.11.03 03:42:26.141,1.14132,1.14147,1.12,1.19
2017.11.03 03:42:27.414,1.14133,1.14147,1.00,1.19
2017.11.03 03:42:27.945,1.14132,1.14146,1.12,1.25
2017.11.03 03:42:28.743,1.14133,1.14148,1.00,1.87
2017.11.03 03:42:29.528,1.14132,1.14148,1.12,1.87
2017.11.03 03:42:30.845,1.14133,1.14148,1.00,1.87
2017.11.03 03:42:31.457,1.14132,1.14148,1.12,1.87
2017.11.03 03:42:33.251,1.14133,1.14149,1.25,1.25
2017.11.03 03:42:33.303,1.14135,1.14151,1.00,2.44
2017.11.03 03:42:33.405,1.14137,1.14152,1.12,1.69
2017.11.03 03:42:33.944,1.14137,1.14154,1.50,2.06
2017.11.03 03:42:35.424,1.14136,1.14152,1.87,1.00
2017.11.03 03:42:36.285,1.14134,1.1415,1.75,1.00
2017.11.03 03:42:36.440,1.14134,1.1415,1.00,2.44
2017.11.03 03:42:36.645,1.14135,1.14151,1.37,1.19
2017.11.03 03:42:37.001,1.14135,1.14151,1.37,1.69
2017.11.03 03:42:46.607,1.14134,1.1415,2.25,1.00
2017.11.03 03:42:47.212,1.14134,1.14151,2.44,2.44
2017.11.03 03:42:55.398,1.14136,1.14151,1.00,1.69
2017.11.03 03:43:05.363,1.14135,1.14151,1.87,1.69
2017.11.03 03:43:07.260,1.14136,1.14151,1.00,1.69
2017.11.03 03:43:09.399,1.14136,1.14151,1.00,1.69
2017.11.03 03:43:09.935,1.14136,1.14151,1.00,1.69
2017.11.03 03:43:18.186,1.14135,1.14152,1.87,1.44
2017.11.03 03:43:18.761,1.14135,1.14152,2.25,1.50
2017.11.03 03:43:18.966,1.14139,1.14155,1.12,1.31
2017.11.03 03:43:19.019,1.14139,1.14156,2.25,3.00
2017.11.03 03:43:19.124,1.14142,1.14158,1.00,1.19
2017.11.03 03:43:19.750,1.14143,1.14159,1.00,2.06
2017.11.03 03:43:20.218,1.14144,1.14159,1.00,2.06
2017.11.03 03:43:21.174,1.14143,1.14159,1.00,1.31
2017.11.03 03:43:25.085,1.14143,1.14158,1.00,1.69
2017.11.03 03:43:25.393,1.1414,1.14153,1.00,1.69
2017.11.03 03:43:26.022,1.1414,1.14154,1.00,1.69
2017.11.03 03:43:28.686,1.1414,1.14152,1.00,1.25
2017.11.03 03:43:30.033,1.14139,1.14152,1.00,1.25
2017.11.03 03:43:35.337,1.1414,1.14152,1.00,1.25
2017.11.03 03:43:38.395,1.14139,1.14152,1.00,1.25
2017.11.03 03:43:42.896,1.1414,1.14152,1.00,1.25
2017.11.03 03:43:43.218,1.14136,1.14152,1.37,1.25
2017.11.03 03:43:46.395,1.14137,1.14152,1.12,1.19
2017.11.03 03:43:47.150,1.14137,1.14152,1.12,1.25
2017.11.03 03:43:54.398,1.14136,1.14153,1.37,2.06
2017.11.03 03:43:58.375,1.14136,1.14153,1.00,2.06
2017.11.03 03:44:03.337,1.14135,1.14152,1.12,1.69
2017.11.03 03:44:07.728,1.14136,1.14153,2.44,1.25
2017.11.03 03:44:08.066,1.14141,1.14155,1.37,1.19
2017.11.03 03:44:14.157,1.14138,1.14154,1.12,1.25
2017.11.03 03:44:15.100,1.14138,1.14155,1.12,2.06
2017.11.03 03:44:21.077,1.14138,1.14151,1.00,1.19
2017.11.03 03:44:21.129,1.14134,1.14151,2.25,1.44
2017.11.03 03:44:23.410,1.14135,1.14149,1.37,1.00
2017.11.03 03:44:27.346,1.14134,1.14151,2.25,1.25
2017.11.03 03:44:36.545,1.14134,1.1415,1.12,1.12
2017.11.03 03:44:57.744,1.14135,1.1415,1.00,1.87
2017.11.03 03:45:13.813,1.14138,1.14151,1.00,1.00
2017.11.03 03:45:13.866,1.14135,1.14152,1.00,2.25
2017.11.03 03:45:13.918,1.14137,1.14152,1.00,2.62
2017.11.03 03:45:16.167,1.14138,1.14154,1.00,1.87
2017.11.03 03:45:20.267,1.14137,1.14154,2.25,1.44
2017.11.03 03:45:26.051,1.14138,1.14154,1.00,1.87
2017.11.03 03:45:30.417,1.14138,1.14154,1.00,1.19
2017.11.03 03:45:38.432,1.14137,1.14154,1.00,1.44
2017.11.03 03:45:46.950,1.14136,1.14151,1.12,1.69
2017.11.03 03:45:47.263,1.14134,1.14149,1.00,1.19
2017.11.03 03:45:48.377,1.14132,1.14148,2.25,1.19
2017.11.03 03:45:51.935,1.14136,1.1415,1.00,1.12
2017.11.03 03:45:52.037,1.14136,1.14152,1.87,1.00
2017.11.03 03:45:52.089,1.1414,1.14153,1.00,1.00
2017.11.03 03:45:52.191,1.14138,1.14156,2.25,1.69
2017.11.03 03:45:52.344,1.14139,1.14154,1.00,1.00
2017.11.03 03:45:54.250,1.14139,1.14156,1.00,2.25
2017.11.03 03:45:54.689,1.14138,1.14154,1.50,1.00
2017.11.03 03:45:55.962,1.14138,1.14152,1.50,1.00
2017.11.03 03:45:56.171,1.14133,1.1415,1.12,1.37
2017.11.03 03:45:56.843,1.14133,1.14149,1.87,2.06
2017.11.03 03:46:12.523,1.14131,1.14147,3.00,1.00
2017.11.03 03:46:18.377,1.14132,1.14147,2.25,1.00
2017.11.03 03:46:21.294,1.14133,1.14148,1.50,1.69
2017.11.03 03:46:26.271,1.14133,1.14147,1.50,1.00
2017.11.03 03:46:29.646,1.14133,1.14146,1.50,1.00
2017.11.03 03:46:30.548,1.14132,1.14147,1.75,1.25
2017.11.03 03:46:36.823,1.14131,1.14147,1.75,1.12
2017.11.03 03:46:39.907,1.14132,1.14147,1.50,1.44
2017.11.03 03:46:42.701,1.14131,1.14148,1.75,1.69
2017.11.03 03:46:58.377,1.14132,1.14149,1.50,2.62
2017.11.03 03:47:01.747,1.1413,1.14145,1.50,1.19
2017.11.03 03:47:01.918,1.14128,1.14143,1.00,1.69
2017.11.03 03:47:02.227,1.1413,1.14147,1.00,1.94
2017.11.03 03:47:15.724,1.14131,1.14146,1.00,1.25
2017.11.03 03:47:18.365,1.14131,1.14148,1.50,1.87
2017.11.03 03:47:24.475,1.14132,1.14148,1.00,1.81
2017.11.03 03:47:29.092,1.14134,1.14149,1.00,1.87
2017.11.03 03:47:29.196,1.14136,1.14153,1.00,2.91
2017.11.03 03:47:29.350,1.14138,1.14154,1.00,1.56
2017.11.03 03:47:30.066,1.14141,1.14157,1.50,2.25
2017.11.03 03:47:30.118,1.14142,1.14159,1.87,2.70
2017.11.03 03:47:30.324,1.14141,1.14158,1.50,1.31
2017.11.03 03:47:38.378,1.1414,1.14156,1.50,1.62
2017.11.03 03:47:43.922,1.14141,1.14156,1.00,1.62
2017.11.03 03:47:44.554,1.1414,1.14156,1.50,1.62
2017.11.03 03:47:56.257,1.14141,1.14157,1.00,2.81
2017.11.03 03:47:56.796,1.1414,1.14158,1.50,2.25
2017.11.03 03:47:59.815,1.14141,1.14158,2.62,2.62
2017.11.03 03:48:17.723,1.14143,1.14159,1.00,2.19
2017.11.03 03:48:17.826,1.14144,1.1416,1.00,1.25
2017.11.03 03:48:20.304,1.14144,1.1416,1.00,1.50
2017.11.03 03:48:20.675,1.14141,1.14157,1.00,1.19
2017.11.03 03:48:21.188,1.1414,1.14158,1.50,2.25
2017.11.03 03:48:21.752,1.14141,1.14157,1.00,1.19
2017.11.03 03:48:21.804,1.14138,1.14156,1.31,2.06
2017.11.03 03:48:38.430,1.14138,1.14155,1.00,1.25
2017.11.03 03:48:54.572,1.14138,1.14155,1.00,1.19
2017.11.03 03:48:58.428,1.14137,1.14154,1.87,1.31
2017.11.03 03:48:59.074,1.14136,1.14153,2.81,1.00
2017.11.03 03:49:11.551,1.14137,1.14154,1.87,2.06
2017.11.03 03:49:12.303,1.14136,1.14153,1.62,1.00
2017.11.03 03:49:17.733,1.14138,1.14153,1.37,1.00
2017.11.03 03:49:19.387,1.14137,1.14154,1.50,1.25
2017.11.03 03:49:38.378,1.14138,1.14154,1.00,1.25
2017.11.03 03:49:38.963,1.14137,1.14154,1.50,1.25
2017.11.03 03:49:41.989,1.14137,1.14155,2.25,1.00
2017.11.03 03:49:42.617,1.14138,1.14156,1.25,2.25
2017.11.03 03:49:44.161,1.14138,1.14155,1.69,1.00
2017.11.03 03:49:44.936,1.14138,1.14156,1.25,3.19
2017.11.03 03:49:45.505,1.14138,1.14155,1.25,1.00
2017.11.03 03:49:57.415,1.14137,1.14155,2.44,1.25
2017.11.03 03:49:58.405,1.1414,1.14155,1.37,1.25
2017.11.03 03:50:02.227,1.1414,1.14158,1.37,2.81
2017.11.03 03:50:02.418,1.14143,1.14158,1.00,2.06
2017.11.03 03:50:02.975,1.14144,1.14159,1.50,1.19
2017.11.03 03:50:06.086,1.14145,1.14159,1.00,1.19
2017.11.03 03:50:06.606,1.14144,1.14159,1.50,1.19
2017.11.03 03:50:15.344,1.14145,1.14159,1.00,1.19
2017.11.03 03:50:16.214,1.14144,1.14159,1.50,1.19
2017.11.03 03:50:20.389,1.14144,1.14158,1.12,1.19
2017.11.03 03:50:30.449,1.1414,1.14158,2.62,3.75
2017.11.03 03:50:31.036,1.1414,1.14158,1.87,3.75
2017.11.03 03:50:40.937,1.14141,1.14155,1.12,1.00
2017.11.03 03:50:40.989,1.14138,1.14154,2.44,2.44
2017.11.03 03:50:41.040,1.14137,1.14153,1.00,1.69
2017.11.03 03:50:41.683,1.14137,1.14153,1.00,2.44
2017.11.03 03:50:42.342,1.14138,1.14153,1.00,2.44
2017.11.03 03:50:45.251,1.14135,1.14151,2.44,1.19
2017.11.03 03:50:48.109,1.14133,1.1415,1.00,2.44
2017.11.03 03:50:54.451,1.14133,1.14149,1.00,1.00
2017.11.03 03:50:55.110,1.14132,1.14149,1.50,1.00
2017.11.03 03:50:59.331,1.14132,1.1415,1.69,3.37
2017.11.03 03:50:59.841,1.14132,1.14149,2.81,1.00
2017.11.03 03:51:02.634,1.14132,1.1415,1.69,3.19
2017.11.03 03:51:04.785,1.14132,1.14149,2.81,1.00
2017.11.03 03:51:06.201,1.14134,1.14149,1.00,1.00
2017.11.03 03:51:07.726,1.14132,1.14149,3.56,1.00
2017.11.03 03:51:09.238,1.14133,1.14149,1.25,1.00
2017.11.03 03:51:09.784,1.14133,1.1415,1.00,1.50
2017.11.03 03:51:10.583,1.14133,1.14149,1.25,1.00
2017.11.03 03:51:13.361,1.14134,1.14149,1.00,1.00
2017.11.03 03:51:13.901,1.14133,1.14149,1.00,1.00
2017.11.03 03:51:16.491,1.14132,1.14149,2.44,1.00
2017.11.03 03:51:18.291,1.14132,1.1415,1.50,2.44
2017.11.03 03:51:19.100,1.14132,1.1415,1.50,2.44
2017.11.03 03:52:03.062,1.14134,1.14149,1.12,1.12
2017.11.03 03:52:05.421,1.14135,1.1415,1.00,1.37
2017.11.03 03:52:06.004,1.14134,1.1415,1.00,1.37
2017.11.03 03:52:07.828,1.14135,1.1415,1.00,1.37
2017.11.03 03:52:08.365,1.14134,1.1415,1.00,1.37
2017.11.03 03:52:13.548,1.14132,1.14149,2.62,1.31
2017.11.03 03:52:38.416,1.14132,1.14148,1.12,1.00
2017.11.03 03:52:39.047,1.14132,1.14149,1.00,3.19
2017.11.03 03:52:39.991,1.14132,1.14148,1.12,1.00
2017.11.03 03:52:41.093,1.14132,1.14149,1.00,3.00
2017.11.03 03:52:43.238,1.14132,1.14148,1.12,1.00
2017.11.03 03:52:45.393,1.14132,1.14149,1.00,3.00
2017.11.03 03:52:46.109,1.14132,1.14148,1.12,1.00
2017.11.03 03:52:47.787,1.14132,1.14149,1.00,3.00
2017.11.03 03:52:56.941,1.14132,1.14148,1.12,1.00
2017.11.03 03:52:58.414,1.14132,1.14149,1.12,1.00
2017.11.03 03:53:01.194,1.14132,1.14148,1.12,1.00
2017.11.03 03:53:04.915,1.14132,1.1415,1.12,2.81
2017.11.03 03:53:04.967,1.14132,1.14149,1.87,1.69
2017.11.03 03:53:05.552,1.14131,1.14147,1.00,3.19
2017.11.03 03:53:06.464,1.14132,1.14147,1.00,2.44
2017.11.03 03:53:07.073,1.14132,1.14147,1.00,2.44
2017.11.03 03:53:08.016,1.14131,1.14147,1.00,2.44
2017.11.03 03:53:08.725,1.14132,1.14147,1.00,2.44
2017.11.03 03:53:10.135,1.14131,1.14147,1.00,2.44
2017.11.03 03:53:10.639,1.14131,1.14147,1.00,2.62
2017.11.03 03:53:11.363,1.14132,1.14147,1.00,2.44
2017.11.03 03:53:13.049,1.14131,1.14145,1.00,1.25
2017.11.03 03:53:13.254,1.14127,1.14143,1.87,1.50
2017.11.03 03:53:14.006,1.14128,1.14143,1.00,1.50
2017.11.03 03:53:14.574,1.14135,1.14145,1.00,1.00
2017.11.03 03:53:14.677,1.14135,1.14149,1.00,1.69
2017.11.03 03:53:15.217,1.14135,1.14148,1.00,1.00
2017.11.03 03:53:16.058,1.14135,1.14149,1.00,1.69
2017.11.03 03:53:16.581,1.14135,1.14148,1.00,1.00
2017.11.03 03:53:17.738,1.14135,1.14149,1.00,1.69
2017.11.03 03:53:18.823,1.14135,1.14148,1.00,1.00
2017.11.03 03:53:18.874,1.14137,1.14148,1.00,1.00
2017.11.03 03:53:19.128,1.14137,1.14151,1.00,1.31
2017.11.03 03:53:19.457,1.14141,1.14153,1.00,1.00
2017.11.03 03:53:19.561,1.14139,1.14153,1.50,1.00
2017.11.03 03:53:19.817,1.14137,1.1415,1.00,1.00
2017.11.03 03:53:20.393,1.14137,1.14151,1.00,1.12
2017.11.03 03:53:20.930,1.14138,1.1415,1.50,1.00
2017.11.03 03:53:21.821,1.14139,1.1415,1.00,1.00
2017.11.03 03:53:22.358,1.14138,1.1415,1.50,1.00
2017.11.03 03:53:22.880,1.14139,1.14155,1.00,2.44
2017.11.03 03:53:24.291,1.1414,1.14154,1.00,1.94
2017.11.03 03:53:28.491,1.14138,1.14154,1.50,1.94
2017.11.03 03:53:30.978,1.14133,1.14149,3.19,1.69
2017.11.03 03:53:31.030,1.14133,1.14149,1.50,1.69
2017.11.03 03:53:31.133,1.14132,1.14146,1.50,1.00
2017.11.03 03:53:31.440,1.14131,1.14147,1.00,2.25
2017.11.03 03:53:40.561,1.14131,1.14147,1.00,1.00
2017.11.03 03:53:42.742,1.14133,1.14148,1.00,2.25
2017.11.03 03:53:44.667,1.14132,1.14148,1.00,2.25
2017.11.03 03:53:50.433,1.14132,1.14147,1.00,1.69
2017.11.03 03:53:51.617,1.14131,1.14147,1.00,1.69
2017.11.03 03:53:53.635,1.1413,1.14147,1.50,1.25
2017.11.03 03:53:53.944,1.14128,1.14144,1.87,1.31
2017.11.03 03:53:57.625,1.14128,1.14144,2.44,1.12
2017.11.03 03:53:57.932,1.14132,1.14146,1.50,1.12
2017.11.03 03:53:58.900,1.14133,1.14147,1.00,1.37
2017.11.03 03:53:59.412,1.14132,1.14147,1.00,1.37
2017.11.03 03:54:02.291,1.14131,1.14146,1.00,1.12
2017.11.03 03:54:02.714,1.14131,1.14144,1.00,1.50
2017.11.03 03:54:06.562,1.14131,1.14143,1.25,1.00
2017.11.03 03:54:11.134,1.14132,1.14143,1.00,1.00
2017.11.03 03:54:11.390,1.14133,1.14147,1.50,2.25
2017.11.03 03:54:11.555,1.14135,1.14147,1.50,1.50
2017.11.03 03:54:14.695,1.14136,1.14146,1.00,1.12
2017.11.03 03:54:18.414,1.14136,1.1415,1.00,1.00
2017.11.03 03:54:18.936,1.14137,1.1415,1.00,1.00
2017.11.03 03:54:19.617,1.14137,1.14151,1.50,1.00
2017.11.03 03:54:19.891,1.14139,1.14153,1.00,1.50
2017.11.03 03:54:25.378,1.14138,1.14153,1.25,1.50
2017.11.03 03:54:31.720,1.14137,1.14154,1.69,2.00
2017.11.03 03:54:33.190,1.14138,1.14154,1.00,2.00
2017.11.03 03:54:38.379,1.14138,1.14153,1.00,1.12
2017.11.03 03:54:45.986,1.14139,1.14154,1.00,1.50
2017.11.03 03:55:15.934,1.1414,1.14154,1.00,1.69
2017.11.03 03:55:18.419,1.1414,1.14154,1.00,1.31
2017.11.03 03:55:28.198,1.14139,1.14155,1.00,1.69
2017.11.03 03:55:29.981,1.14138,1.14155,2.44,1.00
2017.11.03 03:55:30.511,1.1414,1.14154,1.00,1.00
2017.11.03 03:55:31.252,1.1414,1.14154,1.00,1.50
2017.11.03 03:55:31.509,1.14137,1.14154,3.94,1.50
2017.11.03 03:55:49.581,1.14139,1.14155,1.00,1.75
2017.11.03 03:55:58.403,1.14139,1.14155,1.00,1.50
2017.11.03 03:56:01.064,1.14138,1.14155,1.50,1.50
2017.11.03 03:56:02.500,1.14139,1.14155,1.00,1.50
2017.11.03 03:56:02.603,1.14141,1.14155,1.00,1.00
2017.11.03 03:56:03.152,1.14142,1.14156,1.00,1.00
2017.11.03 03:56:08.815,1.14141,1.14156,1.12,1.00
2017.11.03 03:56:11.220,1.14141,1.14155,1.31,1.00
2017.11.03 03:56:11.753,1.14141,1.14156,1.12,1.00
2017.11.03 03:56:18.420,1.14141,1.14158,1.00,2.06
2017.11.03 03:56:21.668,1.14143,1.14158,1.00,1.87
2017.11.03 03:56:22.482,1.14144,1.14159,1.69,1.00
2017.11.03 03:56:23.869,1.14144,1.1416,1.50,1.00
2017.11.03 03:56:26.953,1.14144,1.14159,1.69,1.00
2017.11.03 03:56:30.957,1.14144,1.1416,1.50,1.00
2017.11.03 03:56:31.968,1.14144,1.14159,1.69,1.00
2017.11.03 03:56:38.420,1.14144,1.1416,2.06,1.12
2017.11.03 03:56:45.559,1.14143,1.14156,2.25,1.00
2017.11.03 03:56:46.091,1.14143,1.14157,1.87,1.00
2017.11.03 03:56:51.282,1.14144,1.1416,2.44,1.12
2017.11.03 03:56:51.436,1.14147,1.1416,1.00,1.12
2017.11.03 03:56:58.403,1.14147,1.14161,1.00,1.50
2017.11.03 03:57:00.052,1.14147,1.1416,1.25,1.00
2017.11.03 03:57:02.033,1.14145,1.14161,1.19,1.50
2017.11.03 03:57:02.335,1.14148,1.14163,1.69,1.50
2017.11.03 03:57:06.260,1.14148,1.14164,1.50,1.25
2017.11.03 03:57:18.418,1.14147,1.14164,2.44,1.25
2017.11.03 03:57:26.600,1.14151,1.14165,1.00,1.12
2017.11.03 03:57:26.754,1.14153,1.14169,1.00,1.00
2017.11.03 03:57:26.806,1.14155,1.14173,3.19,3.30
2017.11.03 03:57:27.392,1.14156,1.14173,1.87,1.12
2017.11.03 03:57:27.648,1.14156,1.14172,1.87,1.69
2017.11.03 03:57:28.096,1.14152,1.14168,2.44,1.00
2017.11.03 03:57:28.148,1.1415,1.14166,1.50,1.50
2017.11.03 03:57:29.894,1.14151,1.14167,1.00,3.19
2017.11.03 03:57:30.521,1.1415,1.14166,2.25,1.00
2017.11.03 03:57:32.137,1.1415,1.14167,1.00,1.50
2017.11.03 03:57:36.264,1.1415,1.14166,1.87,1.00
2017.11.03 03:57:38.990,1.14151,1.14166,1.00,1.00
2017.11.03 03:57:39.512,1.14151,1.14167,1.00,1.50
2017.11.03 03:57:43.194,1.14151,1.14167,1.00,1.50
2017.11.03 03:57:44.772,1.1415,1.14166,2.06,1.87
2017.11.03 03:57:48.603,1.14148,1.14165,1.75,1.50
2017.11.03 03:57:49.106,1.14148,1.14164,2.00,1.00
2017.11.03 03:57:51.116,1.14148,1.14165,1.75,1.50
2017.11.03 03:57:53.515,1.14147,1.14164,1.00,1.87
2017.11.03 03:58:08.980,1.14144,1.14157,1.69,1.00
2017.11.03 03:58:09.031,1.14143,1.14158,1.87,1.37
2017.11.03 03:58:09.736,1.14143,1.14157,2.06,1.12
2017.11.03 03:58:17.178,1.14143,1.14158,1.12,1.37
2017.11.03 03:58:24.386,1.14144,1.14159,1.00,1.50
2017.11.03 03:58:24.921,1.14145,1.14158,1.25,1.12
2017.11.03 03:58:30.303,1.14143,1.14158,1.00,1.87
2017.11.03 03:58:30.406,1.14141,1.14156,2.44,1.00
2017.11.03 03:58:30.862,1.14139,1.14153,1.25,1.00
2017.11.03 03:58:31.489,1.14138,1.14154,1.87,1.12
2017.11.03 03:58:32.242,1.1414,1.14154,1.00,1.12
2017.11.03 03:58:37.106,1.14138,1.14154,1.87,1.12
2017.11.03 03:58:42.614,1.14139,1.14154,1.00,1.12
2017.11.03 03:58:43.406,1.14139,1.14153,1.87,1.00
2017.11.03 03:58:51.413,1.1414,1.14154,1.00,1.12
2017.11.03 03:58:52.025,1.1414,1.14154,1.19,1.12
2017.11.03 03:58:58.419,1.1414,1.14156,1.19,2.25
2017.11.03 03:59:09.471,1.1414,1.14156,1.44,1.50
2017.11.03 03:59:12.831,1.14143,1.14159,3.19,1.12
2017.11.03 03:59:13.591,1.14143,1.1416,1.31,1.37
2017.11.03 03:59:15.091,1.14146,1.1416,1.00,1.37
2017.11.03 03:59:17.295,1.14147,1.14159,1.00,1.12
2017.11.03 03:59:20.976,1.14143,1.14159,1.31,1.12
2017.11.03 03:59:21.028,1.14141,1.14156,3.56,1.00
2017.11.03 03:59:21.743,1.1414,1.14156,3.00,1.50
2017.11.03 03:59:30.595,1.14143,1.14157,1.44,1.00
2017.11.03 03:59:31.131,1.14143,1.14156,1.44,1.00
2017.11.03 03:59:33.965,1.14142,1.14157,2.25,1.00
2017.11.03 03:59:34.017,1.14142,1.14157,1.31,1.00
2017.11.03 03:59:35.797,1.14142,1.14156,1.00,1.00
2017.11.03 03:59:38.370,1.1414,1.14158,2.62,1.12
2017.11.03 03:59:39.057,1.1414,1.14157,4.31,1.00
2017.11.03 03:59:49.268,1.14141,1.14158,1.69,1.75
2017.11.03 03:59:50.751,1.1414,1.14157,1.87,1.75
2017.11.03 03:59:51.273,1.1414,1.14157,1.69,1.75
