2014.09.12 02:00:00.547,1.14533,1.14551,1.92,1.00
2014.09.12 02:00:02.247,1.14533,1.14549,1.92,1.00
2014.09.12 02:00:05.319,1.14533,1.14548,1.67,1.00
2014.09.12 02:00:05.873,1.14533,1.14549,1.67,1.00
2014.09.12 02:00:06.380,1.14534,1.14549,1.80,1.00
2014.09.12 02:00:08.835,1.14534,1.14551,1.67,1.00
2014.09.12 02:00:10.676,1.14534,1.14551,1.61,1.00
2014.09.12 02:00:12.107,1.14535,1.14551,1.99,1.00
2014.09.12 02:00:12.628,1.14537,1.14551,1.67,1.00
2014.09.12 02:00:12.780,1.14535,1.14551,1.99,1.00
2014.09.12 02:00:13.342,1.14534,1.14551,1.92,1.00
2014.09.12 02:00:13.545,1.14535,1.14551,1.67,1.00
2014.09.12 02:00:13.748,1.14534,1.14551,1.92,1.00
2014.09.12 02:00:22.783,1.14532,1.14551,4.24,1.00
2014.09.12 02:00:23.043,1.14532,1.14549,3.11,1.00
2014.09.12 02:00:28.770,1.14532,1.14548,1.67,1.00
2014.09.12 02:00:32.445,1.14532,1.14548,1.67,1.00
2014.09.12 02:00:33.027,1.14532,1.14549,2.17,1.00
2014.09.12 02:00:33.802,1.14532,1.14549,2.17,1.00
2014.09.12 02:00:35.783,1.14532,1.14549,2.36,1.00
2014.09.12 02:00:37.539,1.14532,1.14549,1.92,1.00
2014.09.12 02:00:44.216,1.14531,1.14549,1.15,1.50
2014.09.12 02:00:45.050,1.14531,1.14548,1.15,1.00
2014.09.12 02:00:46.276,1.1453,1.14549,3.19,1.42
2014.09.12 02:00:46.826,1.1453,1.14549,3.19,1.00
2014.09.12 02:00:48.808,1.1453,1.14549,3.37,1.00
2014.09.12 02:00:49.643,1.1453,1.14548,3.56,1.00
2014.09.12 02:00:50.308,1.1453,1.14549,3.56,1.00
2014.09.12 02:00:51.680,1.1453,1.14549,3.56,1.00
2014.09.12 02:00:52.493,1.1453,1.14549,2.44,1.80
2014.09.12 02:00:53.003,1.14528,1.14547,2.74,1.00
2014.09.12 02:00:59.163,1.14528,1.14547,2.74,1.00
2014.09.12 02:00:59.467,1.14532,1.14551,1.80,1.87
2014.09.12 02:00:59.979,1.14532,1.14551,2.17,1.00
2014.09.12 02:01:00.030,1.14532,1.14549,1.42,1.00
2014.09.12 02:01:03.382,1.14531,1.14549,1.15,1.00
2014.09.12 02:01:03.433,1.14531,1.14551,1.15,1.00
2014.09.12 02:01:03.653,1.1453,1.14548,3.67,1.00
2014.09.12 02:01:10.189,1.14529,1.14548,1.00,1.50
2014.09.12 02:01:12.522,1.14529,1.14548,1.67,1.12
2014.09.12 02:01:13.044,1.14529,1.14548,1.00,1.12
2014.09.12 02:01:16.177,1.14529,1.14548,1.37,1.50
2014.09.12 02:01:16.482,1.14533,1.14552,1.37,1.87
2014.09.12 02:01:17.396,1.14534,1.14552,1.00,1.37
2014.09.12 02:01:17.699,1.14531,1.14548,3.56,1.00
2014.09.12 02:01:18.463,1.14531,1.14548,2.06,1.00
2014.09.12 02:01:19.575,1.1453,1.14548,2.36,1.00
2014.09.12 02:01:20.222,1.1453,1.14549,2.36,1.00
2014.09.12 02:01:22.346,1.1453,1.14551,2.36,1.37
2014.09.12 02:01:22.397,1.14532,1.14551,1.67,1.00
2014.09.12 02:01:22.712,1.14533,1.14549,1.67,1.00
2014.09.12 02:01:23.218,1.14532,1.14551,1.67,1.37
2014.09.12 02:01:23.747,1.1453,1.14548,2.36,1.12
2014.09.12 02:01:24.374,1.1453,1.14548,1.61,1.12
2014.09.12 02:01:27.575,1.14531,1.14549,1.00,1.37
2014.09.12 02:01:30.515,1.14531,1.14549,1.00,1.12
2014.09.12 02:01:31.229,1.14531,1.14548,1.00,1.00
2014.09.12 02:01:33.097,1.14531,1.14549,1.00,1.12
2014.09.12 02:01:34.410,1.14531,1.14549,3.67,1.00
2014.09.12 02:01:34.816,1.14532,1.14548,2.92,1.00
2014.09.12 02:01:35.324,1.14531,1.14548,3.30,1.00
2014.09.12 02:01:35.477,1.14531,1.14549,2.62,1.00
2014.09.12 02:01:39.518,1.14531,1.14543,2.25,1.00
2014.09.12 02:01:40.047,1.14531,1.14544,1.87,1.00
2014.09.12 02:01:40.587,1.14531,1.14544,1.87,1.00
2014.09.12 02:01:42.443,1.14531,1.14543,1.87,1.00
2014.09.12 02:01:43.770,1.14531,1.14548,1.87,1.50
2014.09.12 02:01:45.351,1.14531,1.14548,3.75,1.50
2014.09.12 02:01:45.402,1.14534,1.14548,1.05,1.50
2014.09.12 02:01:45.504,1.14534,1.14548,1.05,1.50
2014.09.12 02:01:46.007,1.14534,1.14549,1.05,1.00
2014.09.12 02:01:46.414,1.14534,1.14551,1.05,1.12
2014.09.12 02:01:46.465,1.14531,1.14548,1.56,1.00
2014.09.12 02:01:46.517,1.14531,1.14548,1.56,1.50
2014.09.12 02:01:46.871,1.14531,1.14544,1.00,1.00
2014.09.12 02:01:46.973,1.14531,1.14548,1.00,1.87
2014.09.12 02:01:47.686,1.14531,1.14548,1.00,1.50
2014.09.12 02:01:56.293,1.14531,1.14548,2.55,1.00
2014.09.12 02:01:56.445,1.14533,1.1455,1.05,1.00
2014.09.12 02:01:56.952,1.14534,1.14549,1.00,1.00
2014.09.12 02:01:57.053,1.14529,1.14549,1.19,1.50
2014.09.12 02:01:57.155,1.14529,1.14546,1.00,1.00
2014.09.12 02:01:57.458,1.14526,1.14542,1.25,1.00
2014.09.12 02:01:57.838,1.14527,1.14542,1.67,1.00
2014.09.12 02:01:58.346,1.14525,1.14542,1.69,1.00
2014.09.12 02:01:58.886,1.14525,1.14542,2.17,1.00
2014.09.12 02:01:59.502,1.14525,1.14542,1.87,1.00
2014.09.12 02:01:59.553,1.14528,1.14542,1.05,1.00
2014.09.12 02:01:59.806,1.14528,1.14545,1.05,1.00
2014.09.12 02:02:01.231,1.1453,1.14547,1.80,1.00
2014.09.12 02:02:01.333,1.1453,1.14549,3.49,1.00
2014.09.12 02:02:01.841,1.14533,1.14549,1.00,1.00
2014.09.12 02:02:05.163,1.14531,1.14548,1.25,1.87
2014.09.12 02:02:05.467,1.14531,1.14544,1.00,1.50
2014.09.12 02:02:05.518,1.14525,1.14544,1.50,1.50
2014.09.12 02:02:07.842,1.14525,1.14544,2.36,1.00
2014.09.12 02:02:08.365,1.14526,1.14544,1.00,1.37
2014.09.12 02:02:08.892,1.14525,1.14544,2.36,1.37
2014.09.12 02:02:08.942,1.14525,1.14544,2.36,1.12
2014.09.12 02:02:09.044,1.14525,1.14544,2.36,1.37
2014.09.12 02:02:09.146,1.14525,1.14542,1.25,1.12
2014.09.12 02:02:09.503,1.14525,1.1454,1.25,1.00
2014.09.12 02:02:10.281,1.14521,1.1454,2.96,1.00
2014.09.12 02:02:11.117,1.14523,1.1454,1.15,1.00
2014.09.12 02:02:15.461,1.14523,1.1454,1.05,1.00
2014.09.12 02:02:15.979,1.14524,1.1454,1.05,1.00
2014.09.12 02:02:16.495,1.14525,1.14541,1.05,1.00
2014.09.12 02:02:17.073,1.14525,1.14541,1.05,1.00
2014.09.12 02:02:18.269,1.14525,1.14544,1.24,1.00
2014.09.12 02:02:19.866,1.14528,1.14544,1.00,1.00
2014.09.12 02:02:28.736,1.14526,1.14547,1.99,1.00
2014.09.12 02:02:33.764,1.14526,1.14546,1.92,1.00
2014.09.12 02:02:34.318,1.14526,1.14546,1.67,1.19
2014.09.12 02:02:38.324,1.14528,1.14547,1.05,2.06
2014.09.12 02:02:41.298,1.14526,1.14547,1.67,2.06
2014.09.12 02:02:44.504,1.14527,1.14547,1.05,1.25
2014.09.12 02:02:44.908,1.14526,1.14547,1.80,1.25
2014.09.12 02:02:48.179,1.14529,1.14549,2.36,1.00
2014.09.12 02:02:48.432,1.14532,1.14551,1.67,1.00
2014.09.12 02:02:51.281,1.14532,1.14551,1.00,1.00
2014.09.12 02:02:51.801,1.14532,1.14551,1.00,1.37
2014.09.12 02:02:52.362,1.14532,1.14549,1.00,1.00
2014.09.12 02:02:53.830,1.14532,1.14551,1.00,1.62
2014.09.12 02:02:54.748,1.14532,1.14548,1.00,1.00
2014.09.12 02:02:55.051,1.14532,1.14551,1.00,1.62
2014.09.12 02:02:55.158,1.14532,1.14548,1.00,1.00
2014.09.12 02:02:57.134,1.14532,1.14551,1.00,1.62
2014.09.12 02:03:01.336,1.14532,1.14551,1.00,2.06
2014.09.12 02:03:02.300,1.14532,1.14551,1.00,2.06
2014.09.12 02:03:03.453,1.14532,1.14551,1.00,2.81
2014.09.12 02:03:04.479,1.14532,1.1455,1.00,1.37
2014.09.12 02:03:05.381,1.14532,1.14551,1.00,3.56
2014.09.12 02:03:05.635,1.14532,1.14551,1.00,2.06
2014.09.12 02:03:06.538,1.14532,1.14551,1.12,1.50
2014.09.12 02:03:06.589,1.14532,1.14551,1.80,1.50
2014.09.12 02:03:06.893,1.14533,1.14553,1.67,1.50
2014.09.12 02:03:07.197,1.14535,1.14556,1.67,1.00
2014.09.12 02:03:07.350,1.14538,1.14557,1.00,4.31
2014.09.12 02:03:08.979,1.14538,1.14556,1.00,1.00
2014.09.12 02:03:10.353,1.14538,1.14557,1.00,3.56
2014.09.12 02:03:10.859,1.14539,1.14557,1.05,1.19
2014.09.12 02:03:11.517,1.1454,1.14559,1.00,3.19
2014.09.12 02:03:11.959,1.1454,1.14559,1.00,2.44
2014.09.12 02:03:12.163,1.1454,1.14558,1.67,1.25
2014.09.12 02:03:13.060,1.1454,1.14559,1.67,1.31
2014.09.12 02:03:14.609,1.1454,1.14559,1.67,1.00
2014.09.12 02:03:14.863,1.14542,1.14561,1.80,1.00
2014.09.12 02:03:15.015,1.14543,1.14561,3.30,1.00
2014.09.12 02:03:15.122,1.14546,1.14566,1.67,1.62
2014.09.12 02:03:15.527,1.14546,1.14563,1.67,1.00
2014.09.12 02:03:15.830,1.14546,1.14563,1.67,1.00
2014.09.12 02:03:16.084,1.14546,1.14567,1.92,2.06
2014.09.12 02:03:16.607,1.14546,1.14563,1.92,1.00
2014.09.12 02:03:17.292,1.14546,1.14567,1.67,2.06
2014.09.12 02:03:17.698,1.14546,1.14564,2.55,1.00
2014.09.12 02:03:17.849,1.14546,1.14567,2.55,1.19
2014.09.12 02:03:18.531,1.14547,1.14567,1.05,1.31
2014.09.12 02:03:19.033,1.14547,1.14567,1.05,1.12
2014.09.12 02:03:19.570,1.14547,1.14564,1.05,1.00
2014.09.12 02:03:19.722,1.14547,1.14567,1.05,1.12
2014.09.12 02:03:19.831,1.14548,1.14567,1.05,1.37
2014.09.12 02:03:20.342,1.14548,1.14567,1.05,1.37
2014.09.12 02:03:20.446,1.14546,1.14567,2.55,1.00
2014.09.12 02:03:24.469,1.14547,1.14567,1.05,1.62
2014.09.12 02:03:25.082,1.14546,1.14567,1.92,1.25
2014.09.12 02:03:26.334,1.14547,1.14567,1.05,1.62
2014.09.12 02:03:27.001,1.14547,1.14567,1.05,1.62
2014.09.12 02:03:27.875,1.14546,1.14567,1.99,1.31
2014.09.12 02:03:28.172,1.14548,1.14567,1.05,1.37
2014.09.12 02:03:28.274,1.14546,1.14567,1.67,1.00
2014.09.12 02:03:29.174,1.14546,1.14567,1.80,1.37
2014.09.12 02:03:30.471,1.14547,1.14567,1.05,1.37
2014.09.12 02:03:30.673,1.14547,1.14567,1.05,1.37
2014.09.12 02:03:32.007,1.14546,1.14567,1.99,1.31
2014.09.12 02:03:32.112,1.14548,1.14567,1.05,1.62
2014.09.12 02:03:32.315,1.14546,1.14567,1.67,1.00
2014.09.12 02:03:33.161,1.14548,1.14567,1.05,1.00
2014.09.12 02:03:33.465,1.14548,1.14569,1.67,1.69
2014.09.12 02:03:36.306,1.1455,1.14569,1.05,1.62
2014.09.12 02:03:36.593,1.14548,1.14569,1.99,1.31
2014.09.12 02:03:37.839,1.14549,1.14568,1.05,1.37
2014.09.12 02:03:37.941,1.14548,1.14568,1.92,1.00
2014.09.12 02:03:38.550,1.14548,1.14569,1.92,1.69
2014.09.12 02:03:39.093,1.14548,1.14569,1.67,1.69
2014.09.12 02:03:40.031,1.14548,1.14568,1.67,1.00
2014.09.12 02:03:40.648,1.14548,1.14568,1.67,1.00
2014.09.12 02:03:42.969,1.14548,1.14568,1.67,1.37
2014.09.12 02:03:43.425,1.14548,1.14569,2.55,2.06
2014.09.12 02:03:43.527,1.14549,1.14569,1.05,1.62
2014.09.12 02:03:43.985,1.14548,1.14569,1.87,1.62
2014.09.12 02:03:44.508,1.14548,1.14568,2.17,1.37
2014.09.12 02:03:49.095,1.14548,1.14569,1.50,1.99
2014.09.12 02:03:53.174,1.14548,1.14569,1.50,1.56
2014.09.12 02:03:53.658,1.14548,1.14568,2.17,1.62
2014.09.12 02:03:53.912,1.14549,1.14569,1.05,1.00
2014.09.12 02:03:54.014,1.14549,1.14569,1.05,1.37
2014.09.12 02:03:54.530,1.14548,1.14569,2.36,1.50
2014.09.12 02:03:56.158,1.14548,1.14569,2.36,1.00
2014.09.12 02:03:56.260,1.14548,1.14569,2.36,1.00
2014.09.12 02:03:56.767,1.14548,1.14569,2.74,1.00
2014.09.12 02:04:00.329,1.14549,1.14569,1.25,1.00
2014.09.12 02:04:01.841,1.14548,1.14568,2.36,1.37
2014.09.12 02:04:02.145,1.14548,1.14569,2.06,2.74
2014.09.12 02:04:02.681,1.14548,1.14569,2.36,2.44
2014.09.12 02:04:03.036,1.14548,1.14569,3.11,1.00
2014.09.12 02:04:03.542,1.1455,1.14571,1.19,2.17
2014.09.12 02:04:04.100,1.14553,1.14572,1.00,1.25
2014.09.12 02:04:07.069,1.14553,1.14572,1.37,1.00
2014.09.12 02:04:07.272,1.14557,1.14574,1.00,2.17
2014.09.12 02:04:07.375,1.14556,1.14572,1.00,1.50
2014.09.12 02:04:07.578,1.14553,1.14572,1.00,2.74
2014.09.12 02:04:07.629,1.14552,1.14568,1.00,1.00
2014.09.12 02:04:07.933,1.14549,1.14566,1.19,1.00
2014.09.12 02:04:08.388,1.14549,1.14568,1.19,1.00
2014.09.12 02:04:08.765,1.14552,1.14569,1.00,1.00
2014.09.12 02:04:09.524,1.14551,1.14569,1.00,1.00
2014.09.12 02:04:10.050,1.14552,1.14569,1.00,1.00
2014.09.12 02:04:10.557,1.14551,1.1457,1.00,2.17
2014.09.12 02:04:11.099,1.14552,1.1457,1.00,2.92
2014.09.12 02:04:11.439,1.14552,1.14568,1.00,2.55
2014.09.12 02:04:11.961,1.14551,1.14568,1.12,3.30
2014.09.12 02:04:14.089,1.14551,1.14568,1.12,2.55
2014.09.12 02:04:14.191,1.14551,1.14568,1.12,2.55
2014.09.12 02:04:15.150,1.14551,1.14567,1.00,1.05
2014.09.12 02:04:15.744,1.14549,1.14567,1.87,1.05
2014.09.12 02:04:17.405,1.14549,1.14566,1.87,1.80
2014.09.12 02:04:17.912,1.14549,1.14566,1.00,1.67
2014.09.12 02:04:17.963,1.14549,1.14566,1.00,1.42
2014.09.12 02:04:21.975,1.14549,1.14566,1.37,1.42
2014.09.12 02:04:22.713,1.14549,1.14566,1.00,2.17
2014.09.12 02:04:23.294,1.14549,1.14566,1.37,2.17
2014.09.12 02:04:25.935,1.14547,1.14566,1.87,2.17
2014.09.12 02:04:26.673,1.14547,1.14566,1.50,2.17
2014.09.12 02:04:29.318,1.14547,1.14566,1.87,2.17
2014.09.12 02:04:29.891,1.14547,1.14566,1.87,2.17
2014.09.12 02:04:30.476,1.14549,1.14566,1.12,1.42
2014.09.12 02:04:31.098,1.14547,1.14566,1.37,1.42
2014.09.12 02:04:32.371,1.14546,1.14566,2.06,1.67
2014.09.12 02:04:32.624,1.14546,1.14566,2.06,1.67
2014.09.12 02:04:32.928,1.14549,1.14566,1.50,1.00
2014.09.12 02:04:33.030,1.14549,1.14566,1.37,1.00
2014.09.12 02:04:33.232,1.14551,1.14568,1.00,1.61
2014.09.12 02:04:33.335,1.14551,1.1457,1.50,1.69
2014.09.12 02:04:33.588,1.14553,1.14572,1.00,1.50
2014.09.12 02:04:33.892,1.14556,1.14577,1.00,2.74
2014.09.12 02:04:34.196,1.14559,1.14578,1.00,2.81
2014.09.12 02:04:34.248,1.14559,1.14578,1.00,2.36
2014.09.12 02:04:34.672,1.14562,1.1458,1.00,1.69
2014.09.12 02:04:35.128,1.14562,1.1458,1.00,1.00
2014.09.12 02:04:35.816,1.14562,1.14583,1.00,1.69
2014.09.12 02:04:36.019,1.14565,1.14584,1.00,1.12
2014.09.12 02:04:36.323,1.14567,1.14586,1.00,1.87
2014.09.12 02:04:36.830,1.14567,1.14586,1.00,1.37
2014.09.12 02:04:37.184,1.14568,1.14589,1.12,1.69
2014.09.12 02:04:37.608,1.14568,1.14588,1.00,1.37
2014.09.12 02:04:38.076,1.14568,1.14589,1.00,1.87
2014.09.12 02:04:39.309,1.14568,1.14589,1.00,1.87
2014.09.12 02:04:40.190,1.14568,1.14589,1.25,2.06
2014.09.12 02:04:42.008,1.14568,1.14588,1.19,1.37
2014.09.12 02:04:42.111,1.14568,1.14588,1.19,1.37
2014.09.12 02:04:42.645,1.14568,1.14589,1.19,1.87
2014.09.12 02:04:43.191,1.14568,1.14589,1.56,1.87
2014.09.12 02:04:44.520,1.14568,1.14589,1.19,1.50
2014.09.12 02:04:45.128,1.14568,1.14589,1.61,1.50
2014.09.12 02:04:46.163,1.14568,1.14589,1.99,1.50
2014.09.12 02:04:46.316,1.14571,1.14589,1.00,1.00
2014.09.12 02:04:46.620,1.14571,1.14589,1.37,1.00
2014.09.12 02:04:47.127,1.14573,1.14592,1.67,1.00
2014.09.12 02:04:47.330,1.14575,1.14596,1.42,2.44
2014.09.12 02:04:47.533,1.14577,1.14596,1.37,2.06
2014.09.12 02:04:48.040,1.14578,1.14598,1.05,1.62
2014.09.12 02:04:49.271,1.14579,1.14599,1.37,2.06
2014.09.12 02:04:49.373,1.14579,1.14599,1.00,2.06
2014.09.12 02:04:49.780,1.14577,1.14598,1.69,1.75
2014.09.12 02:04:50.084,1.14575,1.14594,1.61,1.37
2014.09.12 02:04:52.658,1.14575,1.14593,1.00,2.44
2014.09.12 02:04:53.271,1.14575,1.14593,1.00,2.00
2014.09.12 02:04:53.817,1.14575,1.14593,1.00,2.44
2014.09.12 02:04:53.868,1.14575,1.14593,1.00,2.44
2014.09.12 02:04:54.790,1.14575,1.14593,1.00,2.44
2014.09.12 02:04:54.893,1.14572,1.14593,1.67,3.19
2014.09.12 02:04:55.096,1.14572,1.14591,1.00,2.25
2014.09.12 02:04:55.248,1.14568,1.14588,1.25,2.25
2014.09.12 02:04:55.299,1.14568,1.14588,1.25,1.87
2014.09.12 02:04:55.400,1.14565,1.14586,2.17,1.12
2014.09.12 02:04:55.936,1.14565,1.14586,2.17,1.12
2014.09.12 02:04:56.308,1.14565,1.14586,2.17,1.37
2014.09.12 02:04:57.730,1.14565,1.14586,2.17,1.37
2014.09.12 02:04:58.263,1.14567,1.14586,1.05,1.37
2014.09.12 02:04:58.418,1.14565,1.14586,2.36,1.00
2014.09.12 02:04:58.628,1.14565,1.14586,3.11,1.00
2014.09.12 02:04:58.679,1.14565,1.14583,2.36,1.00
2014.09.12 02:04:59.033,1.14565,1.14586,1.92,1.00
2014.09.12 02:04:59.135,1.14565,1.14586,1.92,1.37
2014.09.12 02:04:59.472,1.14565,1.14586,1.00,1.94
2014.09.12 02:04:59.981,1.14565,1.14586,1.00,3.94
2014.09.12 02:05:00.285,1.14562,1.14581,1.19,2.17
2014.09.12 02:05:00.438,1.14562,1.14581,1.19,1.80
2014.09.12 02:05:00.539,1.14562,1.14581,1.00,1.80
2014.09.12 02:05:01.760,1.14564,1.14583,1.00,1.69
2014.09.12 02:05:02.232,1.14564,1.14583,1.00,1.62
2014.09.12 02:05:02.616,1.14567,1.14584,1.00,1.05
2014.09.12 02:05:03.246,1.14567,1.14584,1.00,1.05
2014.09.12 02:05:03.501,1.14565,1.14583,1.00,1.37
2014.09.12 02:05:04.952,1.14565,1.14582,1.00,1.05
2014.09.12 02:05:05.054,1.14562,1.1458,1.69,1.05
2014.09.12 02:05:05.458,1.14564,1.14582,1.00,1.05
2014.09.12 02:05:05.560,1.14564,1.14582,1.00,1.05
2014.09.12 02:05:05.662,1.14564,1.14582,1.00,1.05
2014.09.12 02:05:06.252,1.14564,1.14582,1.00,1.05
2014.09.12 02:05:06.900,1.14564,1.14582,1.00,1.05
2014.09.12 02:05:07.567,1.14564,1.14582,1.00,1.05
2014.09.12 02:05:09.607,1.14564,1.14582,1.00,1.05
2014.09.12 02:05:11.799,1.14564,1.14582,1.00,1.05
2014.09.12 02:05:12.307,1.14564,1.14583,1.00,1.80
2014.09.12 02:05:13.221,1.14564,1.14583,1.00,1.42
2014.09.12 02:05:13.737,1.14562,1.14581,1.69,1.37
2014.09.12 02:05:14.581,1.14562,1.14582,1.25,1.37
2014.09.12 02:05:17.692,1.14562,1.14582,1.25,1.37
2014.09.12 02:05:22.227,1.14562,1.14582,1.25,1.87
2014.09.12 02:05:22.653,1.14561,1.14581,1.19,2.17
2014.09.12 02:05:23.222,1.1456,1.14578,1.00,1.37
2014.09.12 02:05:23.771,1.14558,1.14576,1.19,1.37
2014.09.12 02:05:24.321,1.14558,1.14576,1.00,1.37
2014.09.12 02:05:25.450,1.14558,1.14576,1.00,1.37
2014.09.12 02:05:27.445,1.14558,1.14575,1.00,1.12
2014.09.12 02:05:33.676,1.14558,1.14575,1.31,1.00
2014.09.12 02:05:34.216,1.14558,1.14575,1.56,1.00
2014.09.12 02:05:34.736,1.14558,1.14575,1.56,1.00
2014.09.12 02:05:35.968,1.14558,1.14575,1.31,1.00
2014.09.12 02:05:36.512,1.14558,1.14575,1.62,1.00
2014.09.12 02:05:37.059,1.14558,1.14576,1.37,1.12
2014.09.12 02:05:37.640,1.14558,1.14576,1.37,1.37
2014.09.12 02:05:43.402,1.14557,1.14576,1.31,1.37
2014.09.12 02:05:43.908,1.14557,1.14576,1.12,1.37
2014.09.12 02:05:44.690,1.14557,1.14576,1.00,1.37
2014.09.12 02:05:44.894,1.14555,1.14573,2.74,1.37
2014.09.12 02:05:45.510,1.14553,1.14571,2.44,1.80
2014.09.12 02:05:45.611,1.14553,1.14571,1.19,1.80
2014.09.12 02:05:45.764,1.14552,1.14571,1.00,1.50
2014.09.12 02:05:46.194,1.14552,1.14571,1.37,1.37
2014.09.12 02:05:46.397,1.14551,1.14569,1.25,1.00
2014.09.12 02:05:46.998,1.14551,1.14569,1.19,1.00
2014.09.12 02:05:47.498,1.14551,1.14569,1.31,1.37
2014.09.12 02:05:48.169,1.14551,1.14569,1.31,1.37
2014.09.12 02:05:49.421,1.14551,1.14569,1.25,1.37
2014.09.12 02:05:49.838,1.14551,1.14569,1.25,1.37
2014.09.12 02:05:50.347,1.14551,1.14569,1.25,1.37
2014.09.12 02:05:50.856,1.14551,1.14569,1.12,1.37
2014.09.12 02:05:52.541,1.14551,1.14569,1.00,1.37
2014.09.12 02:05:53.625,1.14551,1.14569,1.12,1.37
2014.09.12 02:05:54.131,1.14551,1.14569,1.99,1.37
2014.09.12 02:05:54.441,1.14551,1.14569,1.31,1.87
2014.09.12 02:05:55.052,1.14551,1.14569,1.31,1.37
2014.09.12 02:05:55.559,1.14551,1.14569,1.12,1.37
2014.09.12 02:05:56.630,1.14551,1.14569,1.12,1.37
2014.09.12 02:05:57.190,1.14548,1.14565,2.06,1.00
2014.09.12 02:05:58.124,1.14548,1.14565,2.06,1.00
2014.09.12 02:05:58.327,1.14548,1.14565,2.74,1.00
2014.09.12 02:05:58.631,1.14548,1.14568,2.36,1.00
2014.09.12 02:05:59.839,1.14549,1.14568,1.24,1.37
2014.09.12 02:06:00.817,1.14549,1.14568,1.52,1.37
2014.09.12 02:06:04.152,1.14548,1.14568,1.56,1.12
2014.09.12 02:06:04.770,1.14548,1.14568,1.56,1.37
2014.09.12 02:06:08.072,1.14549,1.14568,1.31,1.00
2014.09.12 02:06:08.601,1.14549,1.14564,1.31,1.00
2014.09.12 02:06:09.480,1.14551,1.14564,1.52,1.00
2014.09.12 02:06:11.156,1.1455,1.14564,1.56,1.00
2014.09.12 02:06:11.690,1.1455,1.14564,1.86,1.00
2014.09.12 02:06:12.238,1.1455,1.14564,1.19,1.00
2014.09.12 02:06:12.779,1.1455,1.14564,1.62,1.00
2014.09.12 02:06:13.342,1.1455,1.14564,1.62,1.00
2014.09.12 02:06:13.758,1.1455,1.14564,1.19,1.00
2014.09.12 02:06:14.441,1.1455,1.14564,1.19,1.00
2014.09.12 02:06:15.371,1.14549,1.14564,1.92,1.00
2014.09.12 02:06:15.473,1.14552,1.14564,1.00,1.00
2014.09.12 02:06:15.576,1.14546,1.14563,2.36,1.00
2014.09.12 02:06:15.779,1.14546,1.1456,1.00,1.00
2014.09.12 02:06:15.880,1.14543,1.1456,1.42,1.00
2014.09.12 02:06:15.982,1.14541,1.1456,2.17,1.00
2014.09.12 02:06:16.084,1.14541,1.14558,1.42,1.00
2014.09.12 02:06:16.599,1.14542,1.14558,1.00,1.00
2014.09.12 02:06:17.315,1.14542,1.14558,1.37,1.00
2014.09.12 02:06:17.827,1.14542,1.14558,2.06,1.00
2014.09.12 02:06:17.878,1.14542,1.14558,1.50,1.37
2014.09.12 02:06:17.980,1.14542,1.14554,1.00,1.00
2014.09.12 02:06:18.284,1.14537,1.14555,4.24,1.00
2014.09.12 02:06:18.981,1.14537,1.14555,3.86,1.00
2014.09.12 02:06:19.235,1.14538,1.14555,1.19,1.00
2014.09.12 02:06:19.388,1.14538,1.14557,2.36,1.00
2014.09.12 02:06:19.903,1.14539,1.14557,3.11,1.00
2014.09.12 02:06:20.678,1.1454,1.14557,1.61,1.00
2014.09.12 02:06:20.941,1.1454,1.14559,2.36,1.50
2014.09.12 02:06:21.509,1.14542,1.14557,1.92,1.00
2014.09.12 02:06:21.610,1.14542,1.14557,1.25,1.00
2014.09.12 02:06:22.696,1.14539,1.14557,3.49,1.00
2014.09.12 02:06:23.250,1.14539,1.14557,2.74,1.12
2014.09.12 02:06:23.771,1.14539,1.14557,2.74,1.00
2014.09.12 02:06:24.314,1.14541,1.14557,1.05,1.00
2014.09.12 02:06:24.821,1.1454,1.14557,1.80,1.00
2014.09.12 02:06:25.126,1.14539,1.14557,1.56,1.00
2014.09.12 02:06:25.367,1.14538,1.14557,2.74,1.37
2014.09.12 02:06:25.772,1.14538,1.14553,1.69,1.00
2014.09.12 02:06:25.823,1.14538,1.14553,1.25,1.00
2014.09.12 02:06:26.432,1.14538,1.14553,1.92,1.00
2014.09.12 02:06:26.585,1.1454,1.14557,1.67,1.00
2014.09.12 02:06:26.686,1.1454,1.14559,4.80,1.87
2014.09.12 02:06:26.737,1.14542,1.14559,1.05,1.87
2014.09.12 02:06:26.991,1.14544,1.14559,1.05,1.00
2014.09.12 02:06:27.092,1.14544,1.14562,1.80,1.00
2014.09.12 02:06:27.194,1.14544,1.14563,2.55,1.00
2014.09.12 02:06:27.649,1.14545,1.14563,1.86,1.50
2014.09.12 02:06:28.156,1.14545,1.14563,1.86,1.00
2014.09.12 02:06:28.540,1.14549,1.14565,1.05,1.00
2014.09.12 02:06:28.744,1.14551,1.14568,1.67,1.12
2014.09.12 02:06:29.947,1.14549,1.14568,1.24,1.87
2014.09.12 02:06:30.454,1.1455,1.14568,1.27,1.37
2014.09.12 02:06:30.556,1.1455,1.14568,1.27,1.50
2014.09.12 02:06:30.658,1.1455,1.14568,1.27,1.50
2014.09.12 02:06:30.861,1.1455,1.14568,1.97,1.50
2014.09.12 02:06:31.165,1.14551,1.14568,1.67,1.50
2014.09.12 02:06:32.885,1.14552,1.14568,1.67,1.37
2014.09.12 02:06:33.422,1.14551,1.14568,2.36,1.37
2014.09.12 02:06:34.340,1.14551,1.1457,2.36,1.37
2014.09.12 02:06:34.694,1.14551,1.14569,1.92,1.37
2014.09.12 02:06:35.150,1.14551,1.14568,1.15,1.37
2014.09.12 02:06:35.880,1.14549,1.14568,1.67,1.37
2014.09.12 02:06:35.932,1.14549,1.14568,1.67,1.37
2014.09.12 02:06:36.388,1.14549,1.14568,1.67,1.37
2014.09.12 02:06:37.333,1.1455,1.14569,1.67,1.87
2014.09.12 02:06:39.429,1.1455,1.14569,1.67,2.06
2014.09.12 02:06:40.720,1.1455,1.14571,1.67,2.81
2014.09.12 02:06:40.821,1.1455,1.14571,1.67,2.81
2014.09.12 02:06:40.873,1.1455,1.14571,1.67,2.81
2014.09.12 02:06:45.114,1.1455,1.14571,1.67,4.69
2014.09.12 02:06:45.166,1.1455,1.14569,1.67,2.25
2014.09.12 02:06:45.318,1.14547,1.14566,1.67,1.50
2014.09.12 02:06:45.369,1.14547,1.14566,1.67,2.44
2014.09.12 02:06:45.420,1.14547,1.14566,1.67,3.19
2014.09.12 02:06:45.471,1.14547,1.14563,1.00,1.50
2014.09.12 02:06:45.623,1.14545,1.14563,1.67,1.00
2014.09.12 02:06:45.776,1.1454,1.14561,1.67,1.00
2014.09.12 02:06:46.288,1.14543,1.14562,1.67,1.00
2014.09.12 02:06:46.592,1.14543,1.14562,1.67,1.37
2014.09.12 02:06:47.103,1.14543,1.14561,1.00,1.52
2014.09.12 02:06:47.407,1.14543,1.14561,1.00,1.90
2014.09.12 02:06:47.845,1.14543,1.14561,1.00,1.52
2014.09.12 02:06:48.048,1.14543,1.14562,1.00,1.94
2014.09.12 02:06:48.251,1.14543,1.14562,1.00,1.99
2014.09.12 02:06:49.283,1.14543,1.14562,1.00,1.31
2014.09.12 02:06:49.638,1.14546,1.14566,1.00,1.62
2014.09.12 02:06:49.689,1.14546,1.14566,1.00,2.81
2014.09.12 02:06:49.741,1.14546,1.14566,2.17,2.81
2014.09.12 02:06:50.247,1.14546,1.14566,1.67,1.25
2014.09.12 02:06:51.856,1.14547,1.14567,1.05,1.00
2014.09.12 02:06:54.170,1.14546,1.14567,1.99,1.37
2014.09.12 02:06:58.391,1.14546,1.14567,2.36,2.06
2014.09.12 02:06:58.905,1.14546,1.14567,2.17,1.87
2014.09.12 02:06:59.771,1.14546,1.14567,2.55,1.37
2014.09.12 02:06:59.822,1.14546,1.14567,2.17,1.37
2014.09.12 02:07:01.322,1.14546,1.14567,3.11,1.37
2014.09.12 02:07:02.003,1.14546,1.14567,3.11,1.12
2014.09.12 02:07:03.754,1.14546,1.14567,3.11,1.12
2014.09.12 02:07:03.855,1.14546,1.14567,2.36,1.12
2014.09.12 02:07:04.528,1.14547,1.14567,1.80,1.37
2014.09.12 02:07:04.730,1.1455,1.14569,1.00,1.99
2014.09.12 02:07:04.832,1.14548,1.14567,1.00,1.37
2014.09.12 02:07:05.187,1.14546,1.14566,2.17,1.00
2014.09.12 02:07:05.833,1.14546,1.14566,1.00,1.37
2014.09.12 02:07:06.848,1.14546,1.14566,1.00,2.06
2014.09.12 02:07:07.509,1.14545,1.14566,1.42,2.06
2014.09.12 02:07:11.850,1.14545,1.14565,1.00,1.05
2014.09.12 02:07:12.162,1.14543,1.14564,1.69,2.25
2014.09.12 02:07:13.161,1.14543,1.14564,1.50,2.06
2014.09.12 02:07:13.708,1.14545,1.14564,1.00,1.00
2014.09.12 02:07:14.030,1.1455,1.14568,1.00,1.69
2014.09.12 02:07:14.386,1.14547,1.14568,1.50,1.69
2014.09.12 02:07:15.125,1.14547,1.14568,1.50,1.62
2014.09.12 02:07:16.570,1.14547,1.14568,1.00,1.31
2014.09.12 02:07:16.681,1.14549,1.14568,1.00,1.31
2014.09.12 02:07:17.187,1.14547,1.14568,2.47,1.25
2014.09.12 02:07:17.499,1.1455,1.14568,1.00,1.37
2014.09.12 02:07:17.803,1.14552,1.1457,1.00,1.56
2014.09.12 02:07:18.376,1.14551,1.1457,1.50,1.56
2014.09.12 02:07:19.669,1.14552,1.1457,1.00,1.37
2014.09.12 02:07:20.357,1.14551,1.1457,1.00,1.37
2014.09.12 02:07:21.735,1.14551,1.1457,1.00,1.62
2014.09.12 02:07:25.804,1.14551,1.1457,1.00,1.56
2014.09.12 02:07:29.733,1.14551,1.1457,1.50,1.56
2014.09.12 02:07:31.722,1.14551,1.1457,1.50,1.56
2014.09.12 02:07:32.435,1.14551,1.1457,1.50,1.56
2014.09.12 02:07:40.193,1.14551,1.1457,1.50,1.56
2014.09.12 02:07:40.702,1.14551,1.1457,1.00,1.99
2014.09.12 02:07:41.252,1.14552,1.1457,1.00,1.99
2014.09.12 02:07:41.771,1.14552,1.1457,1.00,1.99
2014.09.12 02:07:42.398,1.14551,1.1457,1.00,1.99
2014.09.12 02:07:50.124,1.14551,1.1457,1.00,2.74
2014.09.12 02:07:52.412,1.14551,1.1457,1.50,2.74
2014.09.12 02:07:52.819,1.14551,1.1457,1.50,1.25
2014.09.12 02:07:53.022,1.14554,1.14573,1.00,2.36
2014.09.12 02:07:53.073,1.14554,1.14573,1.00,1.61
2014.09.12 02:07:53.617,1.14555,1.14575,1.00,1.99
2014.09.12 02:07:54.123,1.14556,1.14576,1.00,1.31
2014.09.12 02:07:54.694,1.14556,1.14576,1.00,1.12
2014.09.12 02:07:59.371,1.14555,1.14576,1.25,1.31
2014.09.12 02:07:59.910,1.14555,1.14576,1.00,1.37
2014.09.12 02:08:00.163,1.14557,1.14576,1.00,1.37
2014.09.12 02:08:00.619,1.14555,1.14576,1.00,2.25
2014.09.12 02:08:00.822,1.14554,1.14573,1.69,1.00
2014.09.12 02:08:02.855,1.14556,1.14573,1.00,1.12
2014.09.12 02:08:05.106,1.14557,1.14575,1.00,1.00
2014.09.12 02:08:05.208,1.14561,1.14575,1.00,1.00
2014.09.12 02:08:05.310,1.14561,1.14579,1.00,1.31
2014.09.12 02:08:06.191,1.14562,1.14579,1.00,1.31
2014.09.12 02:08:06.701,1.14562,1.14579,1.00,1.12
2014.09.12 02:08:08.688,1.1456,1.14579,1.12,1.12
2014.09.12 02:08:08.799,1.14562,1.14579,1.00,1.12
2014.09.12 02:08:12.099,1.1456,1.14579,1.12,1.12
2014.09.12 02:08:12.840,1.1456,1.14579,1.31,1.12
2014.09.12 02:08:13.349,1.1456,1.14579,1.31,1.12
2014.09.12 02:08:19.892,1.1456,1.14579,1.25,1.37
2014.09.12 02:08:19.993,1.1456,1.14578,1.25,1.12
2014.09.12 02:08:20.565,1.1456,1.14579,1.25,1.12
2014.09.12 02:08:21.654,1.1456,1.14579,1.00,1.99
2014.09.12 02:08:22.422,1.1456,1.14579,1.00,2.74
2014.09.12 02:08:22.930,1.14558,1.14578,1.50,1.24
2014.09.12 02:08:24.388,1.14558,1.14577,1.50,1.52
2014.09.12 02:08:32.898,1.14556,1.14576,1.00,1.31
2014.09.12 02:08:34.019,1.14556,1.14576,1.87,1.12
2014.09.12 02:08:39.357,1.14556,1.14577,2.06,4.99
2014.09.12 02:08:39.867,1.14556,1.14576,1.69,2.62
2014.09.12 02:08:40.421,1.14556,1.14573,1.50,1.00
2014.09.12 02:08:40.958,1.14556,1.14574,1.50,1.12
2014.09.12 02:08:41.525,1.14556,1.14577,1.50,4.31
2014.09.12 02:08:42.031,1.14556,1.14574,1.50,1.37
2014.09.12 02:08:42.234,1.14556,1.14574,1.00,1.50
2014.09.12 02:08:42.702,1.14556,1.14571,1.00,1.00
2014.09.12 02:08:43.005,1.14556,1.14568,1.00,1.00
2014.09.12 02:08:43.159,1.14556,1.14574,1.00,2.25
2014.09.12 02:08:43.763,1.14556,1.14573,1.00,1.00
2014.09.12 02:08:44.050,1.14556,1.14573,1.00,1.37
2014.09.12 02:08:44.389,1.14558,1.14571,1.00,1.37
2014.09.12 02:08:44.592,1.14555,1.14571,1.00,1.37
2014.09.12 02:08:45.350,1.14553,1.1457,1.00,1.05
2014.09.12 02:08:45.451,1.1455,1.14568,1.00,1.00
2014.09.12 02:08:45.982,1.14549,1.14568,1.00,1.37
2014.09.12 02:08:46.746,1.14549,1.14568,1.00,1.12
2014.09.12 02:08:47.813,1.1455,1.14571,1.00,4.24
2014.09.12 02:08:48.163,1.14549,1.14568,1.00,2.55
2014.09.12 02:08:48.618,1.14549,1.14568,1.00,1.00
2014.09.12 02:08:49.125,1.14547,1.14566,1.25,1.00
2014.09.12 02:08:51.441,1.14545,1.14565,1.91,1.00
2014.09.12 02:08:51.947,1.14547,1.14565,1.87,1.00
2014.09.12 02:08:54.620,1.14547,1.14565,1.31,1.00
2014.09.12 02:08:55.622,1.14547,1.14565,1.31,1.00
2014.09.12 02:08:57.315,1.14547,1.14565,1.00,1.37
2014.09.12 02:08:57.731,1.14545,1.14565,1.91,1.12
2014.09.12 02:08:58.781,1.14547,1.14565,1.00,1.31
2014.09.12 02:08:59.475,1.14547,1.14565,1.00,1.62
2014.09.12 02:09:00.051,1.14547,1.14565,1.00,1.80
2014.09.12 02:09:01.424,1.14545,1.14565,1.30,1.80
2014.09.12 02:09:02.939,1.14545,1.14565,1.30,1.99
2014.09.12 02:09:03.091,1.14544,1.14565,2.66,1.25
2014.09.12 02:09:03.192,1.14544,1.14565,3.34,1.25
2014.09.12 02:09:03.699,1.14545,1.14565,1.35,1.61
2014.09.12 02:09:04.205,1.14545,1.14565,1.91,1.42
2014.09.12 02:09:04.711,1.14545,1.14565,1.05,1.80
2014.09.12 02:09:04.762,1.14545,1.14563,1.05,1.00
2014.09.12 02:09:04.965,1.14542,1.14561,1.25,1.00
2014.09.12 02:09:05.117,1.14542,1.14561,1.25,2.55
2014.09.12 02:09:05.269,1.14537,1.14557,1.56,1.00
2014.09.12 02:09:05.371,1.14536,1.14554,2.44,1.00
2014.09.12 02:09:05.674,1.14535,1.14554,1.35,1.00
2014.09.12 02:09:05.827,1.14537,1.14552,1.00,1.00
2014.09.12 02:09:05.929,1.14535,1.14552,1.00,1.00
2014.09.12 02:09:06.030,1.14535,1.14554,1.00,2.36
2014.09.12 02:09:06.904,1.14535,1.14553,1.00,1.00
2014.09.12 02:09:07.390,1.14531,1.14552,1.69,1.42
2014.09.12 02:09:07.543,1.14531,1.1455,1.50,1.42
2014.09.12 02:09:07.999,1.14536,1.1455,1.00,2.17
2014.09.12 02:09:09.318,1.14532,1.1455,2.81,1.00
2014.09.12 02:09:09.420,1.14537,1.14551,1.00,1.00
2014.09.12 02:09:09.785,1.14537,1.14553,1.00,1.00
2014.09.12 02:09:10.140,1.14537,1.14555,1.37,1.00
2014.09.12 02:09:10.241,1.14538,1.14557,1.62,1.00
2014.09.12 02:09:10.342,1.14541,1.14559,1.00,1.00
2014.09.12 02:09:10.934,1.14541,1.14561,1.00,1.19
2014.09.12 02:09:11.444,1.14542,1.14561,1.37,1.25
2014.09.12 02:09:11.748,1.14539,1.14558,1.56,1.00
2014.09.12 02:09:12.052,1.14539,1.14558,1.00,1.42
2014.09.12 02:09:12.620,1.14539,1.14558,1.37,1.50
2014.09.12 02:09:14.347,1.14539,1.14558,1.00,1.50
2014.09.12 02:09:15.364,1.14539,1.14558,1.37,1.50
2014.09.12 02:09:15.568,1.14541,1.14558,1.80,1.00
2014.09.12 02:09:15.823,1.14539,1.14558,1.37,1.00
2014.09.12 02:09:16.026,1.14539,1.14558,1.80,1.00
2014.09.12 02:09:16.128,1.14539,1.14558,1.80,1.00
2014.09.12 02:09:17.040,1.14539,1.14558,1.56,1.00
2014.09.12 02:09:17.331,1.14541,1.14558,1.00,1.00
2014.09.12 02:09:17.859,1.14539,1.14558,2.06,1.00
2014.09.12 02:09:18.385,1.14539,1.14558,2.06,1.00
2014.09.12 02:09:20.337,1.14542,1.14558,1.00,1.00
2014.09.12 02:09:20.797,1.14541,1.14561,1.87,1.25
2014.09.12 02:09:21.770,1.14541,1.1456,1.69,1.00
2014.09.12 02:09:22.377,1.14541,1.1456,2.36,1.00
2014.09.12 02:09:22.916,1.14541,1.14561,1.62,1.00
2014.09.12 02:09:23.435,1.14541,1.14561,1.62,1.00
2014.09.12 02:09:24.168,1.14541,1.14561,1.37,1.50
2014.09.12 02:09:24.707,1.14541,1.1456,1.37,1.00
2014.09.12 02:09:25.995,1.14541,1.1456,1.00,1.00
2014.09.12 02:09:26.538,1.14541,1.1456,1.37,1.00
2014.09.12 02:09:26.791,1.14542,1.14561,1.05,1.00
2014.09.12 02:09:26.892,1.14541,1.14561,1.67,1.00
2014.09.12 02:09:27.405,1.14541,1.14562,1.00,2.36
2014.09.12 02:09:28.458,1.14541,1.14562,2.17,1.25
2014.09.12 02:09:28.968,1.14542,1.14562,1.99,1.00
2014.09.12 02:09:29.272,1.14544,1.14565,1.12,1.25
2014.09.12 02:09:29.373,1.14545,1.14565,1.52,1.00
2014.09.12 02:09:30.698,1.14547,1.14566,1.00,1.42
2014.09.12 02:09:38.924,1.14545,1.14564,1.99,1.00
2014.09.12 02:09:39.430,1.14547,1.14565,1.00,1.00
2014.09.12 02:09:42.760,1.14544,1.14565,1.99,1.69
2014.09.12 02:09:44.318,1.14544,1.14564,1.99,1.00
2014.09.12 02:09:48.040,1.14544,1.14563,1.80,1.50
2014.09.12 02:09:48.546,1.14543,1.14563,1.52,1.00
2014.09.12 02:09:49.052,1.14542,1.14563,2.81,1.00
2014.09.12 02:09:49.153,1.14542,1.14563,1.19,2.17
2014.09.12 02:09:49.686,1.14542,1.14563,1.25,2.36
2014.09.12 02:09:50.198,1.14542,1.14562,1.25,1.42
2014.09.12 02:09:52.995,1.14542,1.14563,1.31,1.00
2014.09.12 02:10:00.485,1.14542,1.14562,1.50,1.00
2014.09.12 02:10:00.537,1.14542,1.14562,1.00,1.67
2014.09.12 02:10:01.058,1.1454,1.1456,1.31,1.87
2014.09.12 02:10:01.363,1.1454,1.14561,1.99,1.12
2014.09.12 02:10:06.246,1.1454,1.14561,1.99,1.31
2014.09.12 02:10:06.755,1.1454,1.1456,1.12,1.61
2014.09.12 02:10:08.766,1.1454,1.1456,1.62,1.80
2014.09.12 02:10:09.857,1.1454,1.1456,1.00,1.80
2014.09.12 02:10:11.757,1.1454,1.1456,1.00,1.99
2014.09.12 02:10:12.376,1.1454,1.1456,1.00,1.99
2014.09.12 02:10:12.942,1.1454,1.14558,1.00,1.12
2014.09.12 02:10:16.958,1.1454,1.1456,1.00,1.99
2014.09.12 02:10:17.060,1.1454,1.1456,1.80,1.31
2014.09.12 02:10:17.566,1.14542,1.14561,1.67,1.37
2014.09.12 02:10:18.134,1.14542,1.14561,1.67,1.12
2014.09.12 02:10:19.455,1.14542,1.14561,1.00,1.12
2014.09.12 02:10:19.961,1.1454,1.14561,2.17,1.12
2014.09.12 02:10:21.230,1.1454,1.14561,2.17,1.00
2014.09.12 02:10:21.742,1.1454,1.14561,2.55,1.37
2014.09.12 02:10:26.595,1.1454,1.14561,1.00,1.56
2014.09.12 02:10:32.786,1.1454,1.14561,1.00,1.56
2014.09.12 02:10:36.844,1.14542,1.1456,1.95,1.24
2014.09.12 02:10:37.300,1.14537,1.14558,2.96,1.50
2014.09.12 02:10:39.634,1.14539,1.14558,1.27,1.00
2014.09.12 02:10:41.750,1.14539,1.1456,2.02,1.12
2014.09.12 02:10:49.375,1.14539,1.1456,1.92,1.31
2014.09.12 02:10:52.728,1.14539,1.1456,1.67,1.62
2014.09.12 02:10:53.236,1.14541,1.1456,1.12,1.00
2014.09.12 02:10:53.491,1.14545,1.14563,1.00,1.05
2014.09.12 02:10:54.000,1.14545,1.14564,1.00,1.00
2014.09.12 02:10:54.509,1.14545,1.14564,1.00,1.37
2014.09.12 02:10:55.036,1.14545,1.14564,1.00,1.00
2014.09.12 02:11:13.495,1.14545,1.14563,1.42,1.00
2014.09.12 02:11:14.012,1.14545,1.14564,1.42,1.00
2014.09.12 02:11:16.398,1.14547,1.14566,1.00,1.31
2014.09.12 02:11:18.498,1.14547,1.14566,1.00,1.12
2014.09.12 02:11:23.412,1.14547,1.14566,1.00,2.81
2014.09.12 02:11:25.114,1.14547,1.14566,1.00,2.44
2014.09.12 02:11:40.205,1.14547,1.14565,1.00,1.00
2014.09.12 02:11:40.509,1.14545,1.14561,1.52,1.00
2014.09.12 02:11:40.610,1.14545,1.14561,1.15,1.00
2014.09.12 02:11:42.161,1.14543,1.14561,1.92,1.00
2014.09.12 02:11:42.685,1.14543,1.14561,1.67,1.37
2014.09.12 02:11:43.441,1.14543,1.14561,1.00,1.37
2014.09.12 02:11:48.312,1.14543,1.14561,1.00,1.31
2014.09.12 02:11:50.883,1.14543,1.14559,1.00,1.00
2014.09.12 02:11:51.712,1.14542,1.14559,2.02,1.00
2014.09.12 02:11:52.178,1.14542,1.14556,2.02,1.00
2014.09.12 02:11:55.640,1.14542,1.14557,2.02,1.00
2014.09.12 02:11:55.742,1.14542,1.14561,2.02,3.19
2014.09.12 02:11:55.793,1.14542,1.14561,2.02,3.00
2014.09.12 02:11:56.097,1.14544,1.14563,1.87,1.50
2014.09.12 02:11:56.350,1.14544,1.14563,1.50,1.00
2014.09.12 02:12:01.056,1.14544,1.14563,1.00,1.62
2014.09.12 02:12:03.163,1.14544,1.14563,1.00,1.25
2014.09.12 02:12:03.984,1.14544,1.14563,1.00,1.19
2014.09.12 02:12:05.018,1.14544,1.14563,1.00,1.25
2014.09.12 02:12:07.115,1.14544,1.14563,1.00,1.19
2014.09.12 02:12:08.122,1.14544,1.14563,1.00,1.25
2014.09.12 02:12:19.127,1.14544,1.14563,1.00,1.19
2014.09.12 02:12:21.134,1.14544,1.14563,1.00,1.00
2014.09.12 02:12:23.065,1.14541,1.14562,1.99,1.00
2014.09.12 02:12:24.345,1.14541,1.14562,1.99,1.25
2014.09.12 02:12:31.642,1.14541,1.14562,1.67,1.00
2014.09.12 02:12:31.845,1.14539,1.1456,1.87,1.69
2014.09.12 02:12:32.149,1.14539,1.14559,1.37,1.00
2014.09.12 02:12:33.229,1.14539,1.1456,1.37,1.50
2014.09.12 02:12:33.533,1.14539,1.1456,1.87,1.00
2014.09.12 02:12:33.584,1.14539,1.1456,1.00,1.50
2014.09.12 02:12:33.736,1.14538,1.14558,1.62,1.00
2014.09.12 02:12:34.039,1.14541,1.14558,1.05,1.00
2014.09.12 02:12:35.483,1.14538,1.14558,1.31,1.00
2014.09.12 02:12:36.033,1.14537,1.14558,1.31,1.50
2014.09.12 02:12:36.866,1.14537,1.14558,1.31,1.50
2014.09.12 02:12:39.551,1.14537,1.14558,2.74,1.00
2014.09.12 02:12:39.855,1.1454,1.14558,1.37,1.00
2014.09.12 02:12:40.007,1.14543,1.14562,1.00,1.00
2014.09.12 02:12:41.933,1.14545,1.14562,1.00,1.00
2014.09.12 02:12:43.504,1.14544,1.14562,1.00,1.00
2014.09.12 02:12:57.367,1.14545,1.14562,1.00,1.00
2014.09.12 02:12:59.663,1.14543,1.14562,1.00,1.67
2014.09.12 02:13:00.170,1.14544,1.14562,1.00,1.00
2014.09.12 02:13:01.233,1.14544,1.14558,1.00,1.00
2014.09.12 02:13:01.436,1.14541,1.14556,1.00,1.00
2014.09.12 02:13:01.662,1.14537,1.14556,1.25,1.00
2014.09.12 02:13:02.534,1.14539,1.14558,1.42,1.25
2014.09.12 02:13:02.839,1.14541,1.1456,1.50,3.56
2014.09.12 02:13:03.352,1.14541,1.1456,1.50,2.62
2014.09.12 02:13:04.068,1.14542,1.1456,1.42,1.00
2014.09.12 02:13:04.422,1.14545,1.14564,1.00,2.06
2014.09.12 02:13:04.473,1.14545,1.14564,1.00,1.56
2014.09.12 02:13:04.989,1.14545,1.14563,1.00,1.62
2014.09.12 02:13:05.396,1.14543,1.14563,1.00,2.06
2014.09.12 02:13:05.907,1.14543,1.14563,1.00,1.87
2014.09.12 02:13:06.109,1.14542,1.14561,2.92,1.37
2014.09.12 02:13:06.616,1.1454,1.14559,2.96,1.12
2014.09.12 02:13:08.809,1.14542,1.14561,1.42,1.00
2014.09.12 02:13:09.779,1.14543,1.14561,1.00,1.00
2014.09.12 02:13:10.033,1.14545,1.14563,1.00,1.00
2014.09.12 02:13:10.654,1.14545,1.14564,1.00,1.00
2014.09.12 02:13:11.220,1.14545,1.14563,1.00,1.00
2014.09.12 02:13:11.672,1.14545,1.1456,1.00,1.00
2014.09.12 02:13:11.776,1.14541,1.14558,1.00,1.00
2014.09.12 02:13:11.878,1.1454,1.1456,1.50,1.50
2014.09.12 02:13:19.271,1.1454,1.1456,1.87,1.69
2014.09.12 02:13:20.231,1.1454,1.1456,1.50,1.69
2014.09.12 02:13:31.661,1.1454,1.1456,2.55,1.50
2014.09.12 02:13:32.118,1.14543,1.1456,1.42,1.00
2014.09.12 02:13:32.170,1.14543,1.14562,2.17,1.25
2014.09.12 02:13:32.372,1.14544,1.14562,1.67,1.25
2014.09.12 02:13:40.719,1.14545,1.14562,1.80,1.00
2014.09.12 02:13:41.274,1.14547,1.14565,1.05,1.00
2014.09.12 02:13:41.376,1.14547,1.14565,1.05,1.00
2014.09.12 02:13:49.412,1.14547,1.14565,1.92,1.00
2014.09.12 02:13:51.396,1.14546,1.1456,1.50,1.00
2014.09.12 02:13:51.498,1.14543,1.1456,1.69,1.50
2014.09.12 02:13:51.601,1.14543,1.14558,1.00,1.00
2014.09.12 02:13:51.854,1.14541,1.14558,1.12,1.00
2014.09.12 02:13:59.335,1.14539,1.14558,1.12,1.12
2014.09.12 02:13:59.538,1.14539,1.14557,1.00,1.62
2014.09.12 02:13:59.854,1.14537,1.14554,1.05,1.00
2014.09.12 02:14:00.363,1.14538,1.14554,1.05,1.00
2014.09.12 02:14:00.823,1.14535,1.14554,2.06,1.00
2014.09.12 02:14:00.976,1.14535,1.14552,1.31,1.00
2014.09.12 02:14:01.280,1.14533,1.1455,1.99,1.00
2014.09.12 02:14:01.962,1.14533,1.1455,1.05,1.00
2014.09.12 02:14:02.412,1.14533,1.1455,1.05,1.00
2014.09.12 02:14:04.434,1.14533,1.1455,1.05,1.00
2014.09.12 02:14:04.891,1.14534,1.14552,1.05,1.00
2014.09.12 02:14:05.456,1.14534,1.14552,1.52,1.00
2014.09.12 02:14:05.557,1.14534,1.14555,1.99,1.25
2014.09.12 02:14:06.353,1.14534,1.14555,1.99,1.00
2014.09.12 02:14:06.941,1.14534,1.14555,1.61,1.00
2014.09.12 02:14:06.992,1.14534,1.14555,2.36,1.00
2014.09.12 02:14:08.027,1.14536,1.14555,1.24,1.00
2014.09.12 02:14:09.981,1.14536,1.14555,1.24,1.00
2014.09.12 02:14:10.983,1.14536,1.14555,1.24,1.00
2014.09.12 02:14:13.990,1.14535,1.14555,1.99,1.00
2014.09.12 02:14:15.002,1.14535,1.14555,1.24,1.00
2014.09.12 02:14:17.998,1.14535,1.14555,1.99,1.00
2014.09.12 02:14:19.001,1.14535,1.14555,1.52,1.00
2014.09.12 02:14:21.005,1.14535,1.14555,1.24,1.00
2014.09.12 02:14:22.347,1.14534,1.14555,2.74,1.00
2014.09.12 02:14:23.316,1.14534,1.14555,1.99,1.00
2014.09.12 02:14:24.336,1.14534,1.14555,1.99,1.00
2014.09.12 02:14:25.617,1.14534,1.14555,1.61,1.00
2014.09.12 02:14:25.921,1.14538,1.14557,1.86,1.00
2014.09.12 02:14:31.311,1.1454,1.14557,1.05,1.00
2014.09.12 02:14:31.413,1.14542,1.14559,1.24,1.00
2014.09.12 02:14:31.515,1.14542,1.14562,1.24,1.00
2014.09.12 02:14:31.974,1.14543,1.14564,2.17,1.00
2014.09.12 02:14:32.742,1.14543,1.14564,1.86,1.00
2014.09.12 02:14:33.065,1.14544,1.14564,2.74,1.00
2014.09.12 02:14:33.268,1.1455,1.14569,1.15,1.50
2014.09.12 02:14:33.421,1.14551,1.14569,1.05,1.50
2014.09.12 02:14:33.523,1.14551,1.14571,2.74,1.00
2014.09.12 02:14:33.626,1.14552,1.14573,1.86,1.50
2014.09.12 02:14:33.879,1.14552,1.14573,1.42,2.44
2014.09.12 02:14:35.152,1.14551,1.14569,1.15,1.00
2014.09.12 02:14:35.506,1.14548,1.14567,2.36,1.00
2014.09.12 02:14:36.466,1.14548,1.14567,1.67,1.00
2014.09.12 02:14:43.624,1.14549,1.14567,1.05,1.00
2014.09.12 02:14:43.827,1.14551,1.1457,1.99,1.00
2014.09.12 02:14:43.878,1.14551,1.1457,1.99,1.00
2014.09.12 02:14:44.182,1.14553,1.14572,2.17,1.25
2014.09.12 02:14:45.818,1.14553,1.14572,2.36,1.00
2014.09.12 02:14:46.122,1.14558,1.14574,1.67,1.00
2014.09.12 02:14:46.173,1.14558,1.14577,1.67,1.00
2014.09.12 02:14:46.477,1.1456,1.14579,1.99,1.00
2014.09.12 02:14:46.996,1.14563,1.14579,1.67,1.00
2014.09.12 02:14:50.573,1.14563,1.14579,1.00,1.00
2014.09.12 02:14:50.877,1.14561,1.14579,1.00,1.00
2014.09.12 02:14:50.979,1.14561,1.14577,1.00,1.00
2014.09.12 02:14:51.182,1.14558,1.14577,1.42,1.25
2014.09.12 02:14:51.233,1.14557,1.14575,1.00,1.00
2014.09.12 02:14:51.740,1.14556,1.14575,2.17,1.00
2014.09.12 02:14:52.247,1.14556,1.14575,1.67,1.00
2014.09.12 02:14:55.412,1.14556,1.14575,1.67,1.19
2014.09.12 02:14:56.428,1.14556,1.14575,1.67,1.25
2014.09.12 02:14:56.932,1.14556,1.14575,1.00,1.25
2014.09.12 02:14:57.438,1.14555,1.14574,1.00,1.12
2014.09.12 02:15:17.781,1.14555,1.14573,1.42,1.00
2014.09.12 02:15:20.402,1.14555,1.14574,1.42,1.00
2014.09.12 02:15:29.496,1.14555,1.14574,1.92,1.00
2014.09.12 02:15:29.649,1.14558,1.14577,1.67,1.19
2014.09.12 02:15:29.751,1.14562,1.14578,1.67,1.25
2014.09.12 02:15:29.802,1.14563,1.14581,1.67,1.00
2014.09.12 02:15:29.854,1.14563,1.14581,1.00,1.00
2014.09.12 02:15:30.360,1.14562,1.14581,2.17,1.00
2014.09.12 02:15:30.966,1.14564,1.14583,1.42,1.19
2014.09.12 02:15:31.500,1.14564,1.14583,2.17,1.19
2014.09.12 02:15:31.804,1.14565,1.14583,1.92,1.00
2014.09.12 02:15:31.956,1.14567,1.14585,1.67,1.00
2014.09.12 02:15:32.109,1.14569,1.14588,1.15,1.25
2014.09.12 02:15:32.362,1.1457,1.14588,1.67,1.25
2014.09.12 02:15:32.514,1.14572,1.14591,1.00,1.25
2014.09.12 02:15:32.565,1.14572,1.14591,1.67,1.25
2014.09.12 02:15:32.869,1.14573,1.14593,1.99,1.25
2014.09.12 02:15:33.172,1.1458,1.14596,1.42,1.25
2014.09.12 02:15:33.683,1.1458,1.14599,1.80,1.19
2014.09.12 02:15:33.988,1.14579,1.14599,1.00,2.81
2014.09.12 02:15:34.393,1.14576,1.14597,2.74,1.31
2014.09.12 02:15:34.495,1.14576,1.14594,1.24,1.00
2014.09.12 02:15:35.107,1.14578,1.14594,1.00,1.00
2014.09.12 02:15:35.259,1.14578,1.14598,1.50,1.25
2014.09.12 02:15:35.362,1.14581,1.146,1.00,1.61
2014.09.12 02:15:35.413,1.14581,1.146,1.69,1.42
2014.09.12 02:15:35.919,1.14583,1.14602,1.00,1.19
2014.09.12 02:15:36.224,1.14583,1.14602,2.36,1.00
2014.09.12 02:15:36.325,1.14583,1.14602,2.36,1.00
2014.09.12 02:15:36.832,1.14583,1.14602,1.19,1.00
2014.09.12 02:15:37.431,1.14583,1.14602,1.00,1.19
2014.09.12 02:15:37.741,1.14583,1.14602,1.69,1.00
2014.09.12 02:15:37.843,1.14583,1.14602,2.17,1.25
2014.09.12 02:15:37.894,1.14583,1.14599,2.17,1.00
2014.09.12 02:15:38.046,1.14583,1.14602,2.36,1.00
2014.09.12 02:15:38.198,1.14585,1.14602,1.92,1.00
2014.09.12 02:15:38.351,1.14589,1.14604,1.15,1.50
2014.09.12 02:15:38.706,1.14589,1.14606,1.15,1.00
2014.09.12 02:15:38.858,1.1459,1.14606,1.86,1.00
2014.09.12 02:15:39.960,1.14592,1.14606,1.15,1.00
2014.09.12 02:15:40.117,1.14589,1.14608,2.36,1.00
2014.09.12 02:15:40.926,1.14589,1.14608,2.74,1.00
2014.09.12 02:15:41.078,1.14591,1.1461,1.69,1.00
2014.09.12 02:15:41.231,1.14595,1.14613,1.00,1.50
2014.09.12 02:15:41.433,1.14596,1.14616,2.17,1.19
2014.09.12 02:15:41.990,1.14595,1.14616,1.87,1.19
2014.09.12 02:15:42.648,1.14595,1.14613,1.12,1.00
2014.09.12 02:15:42.971,1.14595,1.14616,1.12,1.69
2014.09.12 02:15:43.487,1.14595,1.14616,1.99,2.44
2014.09.12 02:15:43.841,1.14596,1.14616,1.25,1.00
2014.09.12 02:15:44.471,1.14596,1.14616,1.99,1.00
2014.09.12 02:15:44.979,1.14596,1.14616,1.25,1.00
2014.09.12 02:15:45.486,1.14595,1.14615,1.19,1.12
2014.09.12 02:15:46.066,1.14595,1.14614,1.19,1.00
2014.09.12 02:15:46.620,1.14596,1.14615,1.15,1.00
2014.09.12 02:15:47.131,1.14595,1.14615,1.31,1.19
2014.09.12 02:15:47.514,1.14595,1.14616,1.62,1.69
2014.09.12 02:15:48.035,1.14595,1.14615,1.62,1.00
2014.09.12 02:15:48.341,1.14595,1.14613,1.62,1.00
2014.09.12 02:15:48.606,1.14594,1.14614,1.31,2.06
2014.09.12 02:15:48.859,1.14593,1.14613,1.12,2.74
2014.09.12 02:15:49.365,1.14592,1.14608,1.00,1.00
2014.09.12 02:15:49.467,1.14589,1.14608,1.37,1.00
2014.09.12 02:15:50.000,1.14588,1.14607,1.69,1.00
2014.09.12 02:15:50.511,1.14588,1.14607,1.69,1.00
2014.09.12 02:15:50.894,1.14586,1.14605,1.56,1.00
2014.09.12 02:15:51.198,1.14585,1.14603,1.56,1.00
2014.09.12 02:15:51.958,1.14584,1.14603,1.37,1.50
2014.09.12 02:15:52.566,1.14584,1.14603,1.37,1.00
2014.09.12 02:15:53.953,1.14584,1.14603,1.25,1.37
2014.09.12 02:15:54.669,1.14584,1.14603,1.00,1.12
2014.09.12 02:15:55.179,1.14584,1.14603,1.19,1.80
2014.09.12 02:15:55.787,1.14584,1.14603,1.69,1.37
2014.09.12 02:15:55.889,1.14584,1.14603,1.61,1.00
2014.09.12 02:15:56.395,1.14584,1.14603,1.42,1.00
2014.09.12 02:15:56.852,1.14582,1.14601,1.86,1.00
2014.09.12 02:15:58.379,1.14583,1.14601,1.24,1.37
2014.09.12 02:15:58.882,1.14584,1.14601,1.15,1.12
2014.09.12 02:15:59.808,1.14583,1.14604,2.74,2.06
2014.09.12 02:16:00.323,1.14586,1.14604,1.67,1.69
2014.09.12 02:16:00.830,1.14586,1.14604,1.67,1.00
2014.09.12 02:16:01.394,1.14587,1.14606,1.67,1.19
2014.09.12 02:16:01.904,1.14587,1.14606,1.86,1.00
2014.09.12 02:16:03.820,1.14587,1.14606,1.92,1.00
2014.09.12 02:16:04.803,1.1459,1.14606,1.15,1.00
2014.09.12 02:16:05.799,1.14588,1.14606,1.24,1.12
2014.09.12 02:16:06.266,1.1459,1.14608,1.25,1.37
2014.09.12 02:16:06.784,1.14591,1.14608,1.00,1.37
2014.09.12 02:16:07.321,1.14591,1.14608,1.50,1.00
2014.09.12 02:16:07.475,1.14589,1.14608,1.69,1.37
2014.09.12 02:16:07.980,1.14588,1.14607,2.21,1.12
2014.09.12 02:16:08.858,1.14588,1.14607,1.54,1.12
2014.09.12 02:16:10.689,1.14587,1.14607,1.19,1.37
2014.09.12 02:16:10.956,1.14585,1.14604,2.36,1.12
2014.09.12 02:16:11.007,1.14585,1.14601,1.99,1.00
2014.09.12 02:16:11.316,1.14586,1.14603,2.74,1.00
2014.09.12 02:16:11.570,1.14584,1.14603,1.69,1.00
2014.09.12 02:16:11.671,1.14584,1.14601,1.61,1.00
2014.09.12 02:16:12.243,1.14585,1.14601,1.52,1.00
2014.09.12 02:16:12.447,1.14585,1.14604,1.52,1.00
2014.09.12 02:16:13.016,1.14583,1.14604,2.74,1.50
2014.09.12 02:16:13.592,1.14583,1.14604,2.74,1.00
2014.09.12 02:16:14.100,1.14586,1.14604,1.56,1.00
2014.09.12 02:16:14.303,1.14587,1.14607,1.24,1.56
2014.09.12 02:16:14.810,1.14587,1.14607,1.92,1.19
2014.09.12 02:16:15.353,1.14587,1.14607,2.74,1.12
2014.09.12 02:16:16.428,1.14587,1.14607,1.99,1.37
2014.09.12 02:16:17.376,1.14588,1.14607,1.92,1.12
2014.09.12 02:16:17.882,1.14588,1.14607,1.92,1.37
2014.09.12 02:16:19.158,1.14589,1.14608,1.42,1.37
2014.09.12 02:16:20.423,1.14589,1.14608,1.00,1.37
2014.09.12 02:16:21.032,1.14588,1.14608,1.61,1.87
2014.09.12 02:16:21.569,1.14588,1.14608,1.25,2.62
2014.09.12 02:16:22.079,1.14587,1.14608,1.19,2.06
2014.09.12 02:16:22.383,1.14586,1.14603,1.19,1.00
2014.09.12 02:16:23.008,1.14584,1.14601,2.29,1.00
2014.09.12 02:16:23.363,1.14584,1.14598,1.19,1.00
2014.09.12 02:16:23.668,1.14584,1.14598,1.00,1.00
2014.09.12 02:16:24.175,1.14582,1.14598,1.19,1.00
2014.09.12 02:16:24.808,1.14581,1.14598,2.06,1.00
2014.09.12 02:16:25.802,1.14581,1.14598,2.06,1.00
2014.09.12 02:16:29.191,1.14582,1.14601,1.69,1.12
2014.09.12 02:16:29.717,1.14583,1.14601,1.56,1.00
2014.09.12 02:16:30.022,1.14586,1.14599,1.31,1.00
2014.09.12 02:16:30.073,1.14586,1.14602,1.31,1.00
2014.09.12 02:16:31.995,1.14587,1.14602,1.25,1.00
2014.09.12 02:16:34.877,1.14586,1.14602,1.31,1.00
2014.09.12 02:16:35.383,1.14587,1.14602,1.00,1.00
2014.09.12 02:16:36.506,1.14586,1.14602,1.00,1.00
2014.09.12 02:16:36.860,1.14586,1.14606,1.00,1.37
2014.09.12 02:16:37.215,1.14589,1.14606,1.00,1.37
2014.09.12 02:16:37.420,1.14587,1.14606,1.00,1.37
2014.09.12 02:16:38.810,1.14586,1.14606,1.25,1.80
2014.09.12 02:16:40.348,1.14587,1.14606,1.00,1.80
2014.09.12 02:16:40.905,1.14586,1.14606,1.00,1.99
2014.09.12 02:16:41.266,1.14584,1.14604,1.69,1.56
2014.09.12 02:16:41.519,1.14583,1.14604,1.69,3.11
2014.09.12 02:16:42.031,1.14581,1.146,1.00,1.05
2014.09.12 02:16:42.560,1.14581,1.146,1.00,1.05
2014.09.12 02:16:43.068,1.14581,1.146,1.00,1.24
2014.09.12 02:16:44.576,1.14581,1.14597,1.00,1.00
2014.09.12 02:16:44.655,1.14581,1.14599,1.00,1.31
2014.09.12 02:16:45.199,1.14581,1.14599,1.00,1.62
2014.09.12 02:16:46.815,1.14581,1.14599,1.00,1.62
2014.09.12 02:16:49.407,1.14582,1.14597,1.00,1.00
2014.09.12 02:16:49.918,1.1458,1.14597,1.61,1.00
2014.09.12 02:16:54.099,1.1458,1.14597,1.00,1.00
2014.09.12 02:16:55.796,1.14579,1.14595,1.19,1.00
2014.09.12 02:16:55.899,1.14578,1.14595,1.00,1.00
2014.09.12 02:16:57.672,1.14577,1.14595,1.25,1.12
2014.09.12 02:16:59.632,1.14576,1.14595,1.25,1.12
2014.09.12 02:17:00.875,1.14576,1.14595,1.19,1.12
2014.09.12 02:17:02.031,1.14576,1.14595,1.19,1.37
2014.09.12 02:17:03.459,1.14574,1.14595,2.44,2.25
2014.09.12 02:17:03.510,1.14574,1.14591,1.00,2.62
2014.09.12 02:17:03.612,1.1457,1.14586,1.00,1.00
2014.09.12 02:17:03.713,1.1457,1.14583,1.00,1.00
2014.09.12 02:17:03.815,1.14566,1.14583,2.44,1.00
2014.09.12 02:17:04.332,1.14567,1.14583,1.25,1.00
2014.09.12 02:17:05.710,1.14567,1.14583,1.19,1.00
2014.09.12 02:17:06.007,1.14567,1.14585,1.19,1.12
2014.09.12 02:17:06.058,1.14567,1.14585,1.56,1.00
2014.09.12 02:17:06.864,1.14566,1.14585,2.81,1.00
2014.09.12 02:17:07.730,1.14567,1.14585,1.56,1.00
2014.09.12 02:17:08.695,1.14567,1.14585,1.19,1.00
2014.09.12 02:17:09.253,1.14567,1.14585,1.19,1.37
2014.09.12 02:17:09.981,1.14567,1.14585,1.19,1.37
2014.09.12 02:17:10.954,1.14566,1.14585,1.31,1.37
2014.09.12 02:17:12.674,1.14566,1.14585,1.19,1.00
2014.09.12 02:17:14.352,1.14566,1.14585,3.11,1.00
2014.09.12 02:17:15.316,1.14566,1.14585,2.44,1.12
2014.09.12 02:17:15.626,1.14566,1.14585,1.19,1.37
2014.09.12 02:17:16.133,1.14565,1.14581,1.19,1.00
2014.09.12 02:17:16.340,1.14562,1.14581,1.19,1.00
2014.09.12 02:17:16.492,1.14562,1.14578,1.19,1.00
2014.09.12 02:17:17.039,1.14562,1.14577,1.19,1.00
2014.09.12 02:17:17.649,1.14562,1.14577,1.00,1.12
2014.09.12 02:17:18.158,1.1456,1.14577,1.69,1.00
2014.09.12 02:17:18.687,1.1456,1.14577,2.06,1.00
2014.09.12 02:17:19.222,1.1456,1.14577,2.06,1.00
2014.09.12 02:17:25.689,1.1456,1.14577,2.06,1.00
2014.09.12 02:17:26.679,1.1456,1.14577,2.81,1.00
2014.09.12 02:17:27.423,1.14562,1.14577,1.00,1.00
2014.09.12 02:17:27.943,1.14561,1.14577,1.25,1.00
2014.09.12 02:17:28.544,1.1456,1.1458,1.69,1.31
2014.09.12 02:17:29.054,1.1456,1.1458,1.69,1.31
2014.09.12 02:17:29.948,1.14562,1.1458,1.00,1.31
2014.09.12 02:17:32.259,1.1456,1.1458,1.69,1.56
2014.09.12 02:17:32.411,1.1456,1.1458,1.69,1.56
2014.09.12 02:17:32.918,1.14559,1.1458,1.19,1.56
2014.09.12 02:17:33.438,1.14561,1.14578,1.00,1.62
2014.09.12 02:17:34.322,1.14561,1.14578,1.00,1.62
2014.09.12 02:17:34.373,1.14557,1.14578,3.11,1.62
2014.09.12 02:17:35.153,1.14557,1.14578,3.11,1.62
2014.09.12 02:17:36.016,1.14557,1.14578,3.11,1.62
2014.09.12 02:17:36.540,1.14557,1.14578,2.36,1.62
2014.09.12 02:17:38.931,1.14558,1.14578,1.05,1.62
2014.09.12 02:17:39.535,1.14558,1.14578,1.05,1.62
2014.09.12 02:17:46.410,1.14557,1.14578,3.11,1.62
2014.09.12 02:17:47.812,1.1456,1.14579,1.00,1.56
2014.09.12 02:17:48.319,1.1456,1.14579,1.12,1.56
2014.09.12 02:17:50.200,1.1456,1.14579,1.25,1.62
2014.09.12 02:17:50.613,1.1456,1.14579,1.25,1.25
2014.09.12 02:17:50.664,1.14558,1.14576,2.36,1.00
2014.09.12 02:17:50.968,1.14562,1.14578,1.00,1.00
2014.09.12 02:17:51.020,1.14562,1.14581,1.00,1.25
2014.09.12 02:17:51.222,1.14564,1.14583,1.00,1.69
2014.09.12 02:17:51.425,1.14562,1.14581,1.42,1.25
2014.09.12 02:17:51.577,1.14559,1.14577,1.19,1.00
2014.09.12 02:17:51.830,1.14558,1.14577,1.12,1.00
2014.09.12 02:17:52.437,1.14559,1.14577,1.00,1.00
2014.09.12 02:17:56.076,1.14559,1.14577,1.19,1.00
2014.09.12 02:17:58.599,1.14557,1.14576,1.86,1.00
2014.09.12 02:18:01.673,1.14562,1.14576,1.00,1.00
2014.09.12 02:18:02.754,1.14559,1.14576,1.24,1.00
2014.09.12 02:18:03.290,1.14559,1.14576,1.99,1.00
2014.09.12 02:18:03.814,1.14561,1.14576,1.92,1.00
2014.09.12 02:18:04.526,1.14561,1.14576,1.25,1.00
2014.09.12 02:18:05.051,1.14561,1.14576,2.36,1.00
2014.09.12 02:18:05.599,1.14558,1.14576,2.36,1.00
2014.09.12 02:18:06.570,1.14558,1.14576,1.61,1.00
2014.09.12 02:18:07.575,1.14558,1.14576,1.61,1.00
2014.09.12 02:18:10.075,1.1456,1.14576,1.19,1.00
2014.09.12 02:18:13.071,1.14559,1.14576,1.19,1.00
2014.09.12 02:18:14.101,1.14559,1.14576,1.19,1.00
2014.09.12 02:18:17.024,1.14559,1.14576,1.61,1.00
2014.09.12 02:18:17.480,1.14557,1.14576,1.25,1.25
2014.09.12 02:18:17.632,1.14557,1.14574,1.25,1.00
2014.09.12 02:18:20.546,1.14556,1.14574,1.99,1.00
2014.09.12 02:18:21.066,1.1456,1.14575,1.05,1.00
2014.09.12 02:18:21.901,1.14562,1.14575,1.00,1.00
2014.09.12 02:18:22.477,1.14561,1.14575,1.15,1.00
2014.09.12 02:18:23.200,1.14562,1.14575,1.00,1.00
2014.09.12 02:18:24.954,1.1456,1.14575,1.24,1.00
2014.09.12 02:18:25.512,1.14562,1.14575,1.00,1.00
2014.09.12 02:18:26.879,1.14562,1.14575,1.00,1.37
2014.09.12 02:18:27.136,1.14557,1.14575,1.25,1.37
2014.09.12 02:18:28.702,1.14554,1.14574,2.21,1.37
2014.09.12 02:18:28.754,1.14554,1.14571,1.15,1.37
2014.09.12 02:18:29.265,1.14551,1.14569,2.36,1.00
2014.09.12 02:18:29.519,1.14551,1.14566,1.19,1.00
2014.09.12 02:18:30.157,1.14549,1.14566,1.19,1.00
2014.09.12 02:18:32.867,1.14548,1.14566,3.56,1.00
2014.09.12 02:18:33.127,1.14552,1.14566,1.00,1.00
2014.09.12 02:18:33.628,1.14551,1.14566,1.00,1.00
2014.09.12 02:18:34.132,1.14548,1.14566,1.69,1.00
2014.09.12 02:18:34.679,1.14549,1.14568,1.92,1.37
2014.09.12 02:18:35.221,1.14549,1.14568,1.92,1.00
2014.09.12 02:18:35.832,1.1455,1.14568,1.15,1.37
2014.09.12 02:18:36.711,1.1455,1.14568,1.15,1.12
2014.09.12 02:18:39.104,1.14548,1.14565,2.36,1.00
2014.09.12 02:18:40.590,1.14548,1.14565,2.06,1.00
2014.09.12 02:18:44.679,1.14548,1.14565,1.87,1.00
2014.09.12 02:18:49.147,1.14548,1.14565,2.06,1.00
2014.09.12 02:18:49.696,1.14548,1.14565,2.06,1.00
2014.09.12 02:18:50.220,1.14549,1.14565,1.15,1.00
2014.09.12 02:18:50.579,1.14547,1.14562,2.06,1.00
2014.09.12 02:18:50.835,1.14548,1.14564,1.25,1.12
2014.09.12 02:18:51.198,1.14549,1.14564,1.69,1.80
2014.09.12 02:18:51.350,1.14551,1.14568,1.62,1.00
2014.09.12 02:18:51.503,1.14553,1.14572,1.87,1.12
2014.09.12 02:18:51.604,1.14557,1.14572,1.00,1.37
2014.09.12 02:18:51.934,1.14556,1.14571,1.19,1.00
2014.09.12 02:18:52.036,1.14556,1.14573,1.19,1.00
2014.09.12 02:18:52.543,1.14557,1.14573,1.00,1.00
2014.09.12 02:18:55.268,1.14559,1.14573,2.10,1.00
2014.09.12 02:18:55.421,1.14567,1.1458,1.00,1.00
2014.09.12 02:18:55.472,1.14568,1.1458,1.19,1.00
2014.09.12 02:18:55.574,1.14568,1.14586,1.19,1.00
2014.09.12 02:18:55.777,1.14573,1.14587,1.25,1.00
2014.09.12 02:18:56.304,1.14574,1.14588,1.00,1.00
2014.09.12 02:18:56.558,1.14571,1.14588,1.00,1.00
2014.09.12 02:18:57.102,1.14572,1.14588,1.00,1.00
2014.09.12 02:18:57.286,1.1457,1.14588,1.25,1.50
2014.09.12 02:18:57.539,1.14568,1.14584,1.19,1.00
2014.09.12 02:18:57.858,1.14566,1.14584,1.19,1.00
2014.09.12 02:18:58.377,1.14566,1.14584,1.19,1.37
2014.09.12 02:18:58.884,1.14567,1.14584,1.12,1.00
2014.09.12 02:18:58.987,1.14566,1.14584,1.69,1.00
2014.09.12 02:18:59.351,1.14566,1.14584,2.44,1.00
2014.09.12 02:18:59.402,1.14572,1.14584,1.00,1.00
2014.09.12 02:18:59.607,1.14567,1.14584,1.50,1.42
2014.09.12 02:18:59.862,1.14566,1.14582,1.25,1.00
2014.09.12 02:19:00.369,1.14567,1.14582,1.00,1.42
2014.09.12 02:19:01.483,1.14566,1.1458,1.00,1.00
2014.09.12 02:19:01.787,1.14561,1.14578,1.19,1.42
2014.09.12 02:19:01.940,1.14567,1.14578,1.00,1.67
2014.09.12 02:19:02.281,1.14561,1.14578,1.19,1.67
2014.09.12 02:19:02.785,1.14561,1.14575,1.00,1.00
2014.09.12 02:19:02.887,1.14558,1.14575,1.00,1.67
2014.09.12 02:19:02.988,1.14556,1.14573,1.00,1.80
2014.09.12 02:19:03.140,1.14556,1.14568,1.00,1.67
2014.09.12 02:19:03.242,1.14552,1.14567,1.00,1.67
2014.09.12 02:19:03.343,1.14551,1.14567,1.00,1.00
2014.09.12 02:19:03.597,1.14551,1.14567,1.00,2.36
2014.09.12 02:19:03.699,1.14547,1.14567,1.87,2.36
2014.09.12 02:19:03.801,1.14547,1.14564,1.50,1.92
2014.09.12 02:19:04.308,1.14547,1.14563,1.00,1.67
2014.09.12 02:19:04.663,1.14546,1.14558,1.00,1.00
2014.09.12 02:19:05.035,1.14541,1.14558,1.19,1.42
2014.09.12 02:19:05.087,1.14541,1.14558,1.25,1.42
2014.09.12 02:19:05.138,1.14546,1.14558,1.00,1.42
2014.09.12 02:19:05.449,1.14542,1.14558,1.00,1.67
2014.09.12 02:19:05.653,1.14547,1.14562,1.00,1.69
2014.09.12 02:19:05.704,1.14547,1.14562,1.00,1.00
2014.09.12 02:19:06.012,1.14547,1.14566,1.37,1.67
2014.09.12 02:19:06.114,1.14549,1.14566,1.56,1.00
2014.09.12 02:19:06.267,1.14551,1.14567,1.56,1.00
2014.09.12 02:19:06.678,1.14557,1.1457,1.37,1.00
2014.09.12 02:19:07.103,1.14557,1.14573,1.00,1.15
2014.09.12 02:19:07.512,1.14557,1.14575,1.62,1.00
2014.09.12 02:19:07.815,1.14558,1.14578,1.56,1.67
2014.09.12 02:19:07.918,1.1456,1.14581,1.31,2.36
2014.09.12 02:19:08.549,1.14562,1.14581,1.00,2.36
2014.09.12 02:19:09.326,1.1456,1.14581,1.19,1.99
2014.09.12 02:19:09.832,1.14562,1.14579,1.00,1.92
2014.09.12 02:19:10.356,1.14562,1.14575,1.00,1.00
2014.09.12 02:19:10.713,1.14557,1.14575,2.06,1.00
2014.09.12 02:19:14.777,1.14556,1.14574,1.19,1.42
2014.09.12 02:19:14.879,1.14556,1.14574,1.19,1.67
2014.09.12 02:19:14.929,1.14553,1.14574,1.56,1.67
2014.09.12 02:19:15.132,1.14557,1.14574,1.00,1.67
2014.09.12 02:19:15.234,1.14553,1.14574,1.56,1.67
2014.09.12 02:19:15.644,1.14553,1.14572,1.31,1.05
2014.09.12 02:19:15.949,1.14551,1.1457,2.44,1.80
2014.09.12 02:19:16.000,1.14549,1.14568,1.25,1.80
2014.09.12 02:19:16.102,1.14549,1.14568,1.25,1.67
2014.09.12 02:19:16.204,1.14549,1.14568,1.25,1.80
2014.09.12 02:19:16.456,1.14546,1.14566,1.31,1.67
2014.09.12 02:19:16.660,1.14547,1.14562,1.00,1.00
2014.09.12 02:19:17.107,1.14552,1.14562,1.00,1.00
2014.09.12 02:19:17.209,1.14552,1.14564,1.00,1.00
2014.09.12 02:19:17.452,1.14547,1.14564,1.62,1.00
2014.09.12 02:19:17.553,1.14552,1.14564,1.00,1.00
2014.09.12 02:19:17.655,1.14552,1.14568,1.00,1.67
2014.09.12 02:19:19.414,1.14551,1.14568,1.12,1.42
2014.09.12 02:19:19.616,1.14551,1.14564,1.19,1.00
2014.09.12 02:19:20.022,1.14547,1.14564,1.56,1.00
2014.09.12 02:19:21.013,1.14546,1.14564,3.41,1.00
2014.09.12 02:19:21.529,1.14546,1.14563,1.31,1.00
2014.09.12 02:19:22.036,1.14546,1.14563,1.56,1.00
2014.09.12 02:19:22.544,1.14546,1.14563,1.56,1.00
2014.09.12 02:19:23.132,1.14546,1.14563,1.56,1.00
2014.09.12 02:19:23.790,1.14546,1.14563,1.19,1.67
2014.09.12 02:19:23.841,1.14543,1.14563,2.06,1.67
2014.09.12 02:19:24.868,1.14543,1.14563,1.62,1.67
2014.09.12 02:19:25.781,1.14543,1.14563,1.25,1.67
2014.09.12 02:19:26.293,1.14543,1.14563,1.19,1.92
2014.09.12 02:19:28.883,1.14543,1.14563,1.69,1.67
2014.09.12 02:19:29.853,1.14544,1.14563,1.19,1.67
2014.09.12 02:19:31.516,1.14545,1.14563,1.19,1.67
2014.09.12 02:19:32.049,1.14544,1.14563,1.19,1.67
2014.09.12 02:19:33.853,1.14545,1.14563,1.19,1.67
2014.09.12 02:19:38.394,1.14547,1.14563,1.19,1.67
2014.09.12 02:19:39.467,1.14547,1.14563,1.25,1.67
2014.09.12 02:19:41.009,1.14547,1.14563,1.62,1.67
2014.09.12 02:19:41.060,1.14547,1.14563,2.06,1.00
2014.09.12 02:19:41.212,1.14548,1.14563,2.06,1.00
2014.09.12 02:19:41.313,1.14548,1.14565,2.06,1.00
2014.09.12 02:19:41.842,1.14551,1.14565,1.00,1.00
2014.09.12 02:19:45.481,1.14548,1.14565,1.19,1.80
2014.09.12 02:19:45.633,1.14548,1.14565,2.06,1.42
2014.09.12 02:19:46.496,1.14548,1.14565,2.81,1.42
2014.09.12 02:19:48.238,1.14548,1.14565,1.69,1.67
2014.09.12 02:19:48.289,1.14547,1.14565,1.54,1.67
2014.09.12 02:19:48.693,1.14547,1.1456,1.05,1.00
2014.09.12 02:19:49.194,1.14544,1.14559,1.19,1.42
2014.09.12 02:19:49.712,1.14542,1.14559,2.06,1.42
2014.09.12 02:19:49.763,1.14542,1.14559,1.56,1.67
2014.09.12 02:19:50.799,1.14541,1.14559,2.06,1.67
2014.09.12 02:19:51.514,1.14541,1.14559,2.06,1.67
2014.09.12 02:19:52.059,1.14542,1.14559,1.19,1.67
2014.09.12 02:19:52.567,1.14542,1.14559,1.19,1.42
2014.09.12 02:19:52.871,1.14546,1.14559,1.37,1.42
2014.09.12 02:19:52.973,1.14546,1.14562,2.06,1.00
2014.09.12 02:19:53.178,1.14547,1.14564,1.50,1.00
2014.09.12 02:19:53.330,1.14548,1.14564,1.69,1.00
2014.09.12 02:19:53.431,1.14548,1.14566,1.69,1.00
2014.09.12 02:19:54.343,1.14551,1.14566,1.69,1.00
2014.09.12 02:19:55.332,1.14551,1.14566,2.44,1.00
2014.09.12 02:20:02.337,1.14551,1.14566,2.81,1.00
2014.09.12 02:20:06.328,1.14552,1.14566,1.56,1.00
2014.09.12 02:20:07.336,1.14552,1.14566,1.56,1.00
2014.09.12 02:20:09.335,1.14552,1.14566,1.56,1.00
2014.09.12 02:20:10.337,1.14552,1.14566,1.56,1.00
2014.09.12 02:20:13.456,1.14551,1.14566,3.56,1.00
2014.09.12 02:20:13.767,1.14551,1.14568,3.56,1.00
2014.09.12 02:20:14.205,1.14556,1.14568,1.00,1.00
2014.09.12 02:20:17.961,1.14551,1.14568,1.19,1.80
2014.09.12 02:20:18.012,1.14551,1.14568,1.19,1.80
2014.09.12 02:20:18.316,1.14552,1.14564,1.25,1.00
2014.09.12 02:20:18.831,1.14551,1.14564,1.00,1.42
2014.09.12 02:20:19.143,1.14557,1.14564,1.00,1.42
2014.09.12 02:20:19.467,1.14557,1.14564,1.00,1.80
2014.09.12 02:20:19.620,1.14547,1.14562,1.19,1.67
2014.09.12 02:20:19.671,1.14547,1.14562,1.00,1.67
2014.09.12 02:20:20.938,1.14546,1.14561,1.50,1.00
2014.09.12 02:20:22.279,1.1455,1.14561,1.00,1.00
2014.09.12 02:20:22.330,1.14551,1.14563,1.00,1.00
2014.09.12 02:20:22.433,1.14552,1.14567,1.12,1.00
2014.09.12 02:20:22.581,1.14553,1.14568,1.19,1.00
2014.09.12 02:20:22.885,1.14557,1.14574,1.69,1.00
2014.09.12 02:20:24.077,1.14556,1.14574,2.06,1.00
2014.09.12 02:20:25.077,1.14557,1.14574,1.56,1.00
2014.09.12 02:20:26.070,1.14557,1.14574,1.94,1.00
2014.09.12 02:20:26.525,1.14562,1.14577,1.00,1.00
2014.09.12 02:20:26.728,1.14566,1.1458,1.00,1.00
2014.09.12 02:20:27.408,1.14567,1.14582,1.00,1.00
2014.09.12 02:20:27.916,1.14565,1.14582,1.19,1.00
2014.09.12 02:20:28.815,1.14565,1.1458,1.19,1.05
2014.09.12 02:20:28.917,1.14563,1.14581,1.19,1.05
2014.09.12 02:20:30.199,1.14562,1.1458,1.00,1.67
2014.09.12 02:20:30.604,1.14564,1.1458,1.00,1.00
2014.09.12 02:20:30.858,1.14562,1.1458,1.00,1.42
2014.09.12 02:20:31.364,1.14562,1.1458,1.19,1.42
2014.09.12 02:20:32.316,1.14562,1.1458,1.25,1.00
2014.09.12 02:20:32.519,1.14563,1.1458,1.37,1.00
2014.09.12 02:20:33.059,1.14565,1.1458,1.00,1.00
2014.09.12 02:20:34.370,1.14563,1.1458,1.31,1.00
2014.09.12 02:20:35.348,1.14563,1.1458,1.31,1.00
2014.09.12 02:20:36.315,1.14563,1.1458,1.31,1.00
2014.09.12 02:20:38.340,1.14563,1.1458,1.31,1.00
2014.09.12 02:20:39.414,1.14563,1.1458,1.31,1.00
2014.09.12 02:20:40.687,1.14562,1.14582,2.06,1.05
2014.09.12 02:20:40.972,1.14563,1.14583,2.81,1.92
2014.09.12 02:20:41.508,1.14564,1.14583,1.62,1.25
2014.09.12 02:20:42.025,1.14567,1.14584,1.25,1.00
2014.09.12 02:20:43.199,1.14565,1.14584,2.06,1.67
2014.09.12 02:20:44.243,1.14565,1.14584,1.31,1.67
2014.09.12 02:20:45.325,1.14565,1.14584,1.31,1.42
2014.09.12 02:20:45.869,1.14565,1.14584,2.06,1.00
2014.09.12 02:20:46.375,1.14567,1.14584,2.06,1.00
2014.09.12 02:20:51.440,1.14568,1.14584,1.19,1.00
2014.09.12 02:20:54.339,1.14567,1.14584,2.74,1.00
2014.09.12 02:20:54.442,1.14569,1.14587,1.61,1.00
2014.09.12 02:20:55.441,1.14567,1.14587,3.49,1.00
2014.09.12 02:20:57.459,1.14569,1.14587,1.69,1.00
2014.09.12 02:20:57.965,1.14572,1.14587,1.00,1.00
2014.09.12 02:20:58.731,1.14572,1.14587,1.19,1.00
2014.09.12 02:20:59.735,1.14572,1.14587,1.25,1.00
2014.09.12 02:21:00.761,1.14571,1.14587,1.31,1.00
2014.09.12 02:21:01.785,1.14572,1.14587,2.06,1.00
2014.09.12 02:21:03.785,1.14573,1.14587,1.31,1.00
2014.09.12 02:21:04.745,1.14573,1.14587,1.31,1.00
2014.09.12 02:21:07.791,1.14573,1.14587,1.56,1.00
2014.09.12 02:21:09.777,1.14572,1.14587,2.06,1.00
2014.09.12 02:21:10.772,1.14572,1.14587,2.81,1.00
2014.09.12 02:21:11.800,1.14572,1.14587,1.31,1.00
2014.09.12 02:21:12.442,1.14572,1.14587,2.06,1.00
2014.09.12 02:21:12.965,1.14572,1.14587,2.06,1.00
2014.09.12 02:21:13.964,1.14573,1.14587,1.31,1.00
2014.09.12 02:21:15.010,1.14572,1.14587,2.81,1.00
2014.09.12 02:21:18.074,1.14572,1.14587,1.31,1.00
2014.09.12 02:21:20.009,1.14572,1.14587,1.12,1.00
2014.09.12 02:21:21.126,1.14572,1.14587,1.31,1.00
2014.09.12 02:21:25.926,1.14571,1.14587,1.56,1.00
2014.09.12 02:21:31.134,1.14572,1.14587,2.06,1.00
2014.09.12 02:21:31.185,1.14572,1.1459,2.06,1.00
2014.09.12 02:21:31.286,1.14573,1.14587,1.62,1.00
2014.09.12 02:21:31.438,1.14577,1.1459,1.00,1.00
2014.09.12 02:21:36.165,1.14572,1.1459,3.56,1.00
2014.09.12 02:21:36.675,1.14576,1.1459,1.00,1.00
2014.09.12 02:21:39.456,1.14576,1.14587,1.00,1.00
2014.09.12 02:21:40.789,1.14572,1.14587,1.19,1.00
2014.09.12 02:21:40.941,1.14571,1.14586,1.19,1.00
2014.09.12 02:21:41.448,1.14569,1.14584,1.54,1.00
2014.09.12 02:21:41.751,1.14567,1.14584,1.69,1.00
2014.09.12 02:21:41.853,1.14567,1.1458,1.69,1.00
2014.09.12 02:21:41.955,1.14567,1.1458,1.00,1.00
2014.09.12 02:21:42.466,1.14567,1.14579,1.00,1.00
2014.09.12 02:21:44.025,1.14572,1.14579,1.00,1.00
2014.09.12 02:21:44.177,1.14569,1.14585,1.19,1.00
2014.09.12 02:21:44.278,1.14569,1.14582,1.19,1.00
2014.09.12 02:21:45.445,1.14568,1.14582,1.19,1.00
2014.09.12 02:21:46.850,1.14567,1.14582,2.29,1.00
2014.09.12 02:21:48.189,1.14568,1.14582,1.19,1.00
2014.09.12 02:21:48.494,1.14567,1.1458,1.00,1.00
2014.09.12 02:21:49.253,1.14567,1.14579,1.00,1.00
2014.09.12 02:21:50.727,1.14566,1.14579,1.00,1.00
2014.09.12 02:21:51.631,1.14571,1.14579,1.00,1.00
2014.09.12 02:21:51.682,1.14571,1.14581,1.00,1.00
2014.09.12 02:21:51.733,1.14567,1.14581,1.37,1.00
2014.09.12 02:21:51.784,1.14568,1.14584,1.19,1.00
2014.09.12 02:21:51.835,1.14571,1.14584,1.00,1.00
2014.09.12 02:21:52.151,1.14571,1.14582,1.00,1.00
2014.09.12 02:21:55.677,1.14566,1.14582,3.19,1.00
2014.09.12 02:21:57.467,1.14567,1.14582,1.19,1.00
2014.09.12 02:22:00.508,1.14567,1.14582,1.25,1.00
2014.09.12 02:22:01.476,1.14567,1.14582,1.19,1.00
2014.09.12 02:22:02.478,1.14567,1.14582,1.19,1.00
2014.09.12 02:22:04.613,1.14567,1.14582,1.19,1.00
2014.09.12 02:22:10.599,1.14567,1.14582,1.25,1.00
2014.09.12 02:22:11.618,1.14566,1.14582,2.81,1.00
2014.09.12 02:22:12.601,1.14566,1.14582,2.81,1.00
2014.09.12 02:22:13.638,1.14566,1.14582,3.56,1.00
2014.09.12 02:22:13.972,1.14571,1.14582,1.00,1.00
2014.09.12 02:22:16.945,1.14567,1.14582,1.19,1.00
2014.09.12 02:22:17.147,1.14571,1.14582,1.00,1.00
2014.09.12 02:22:17.198,1.14571,1.14585,1.00,1.00
2014.09.12 02:22:17.503,1.14571,1.14587,1.00,1.00
2014.09.12 02:22:18.009,1.14572,1.14587,1.00,1.00
2014.09.12 02:22:18.918,1.14572,1.14587,1.19,1.00
2014.09.12 02:22:20.934,1.14571,1.14587,1.56,1.00
2014.09.12 02:22:22.545,1.14572,1.14584,1.25,1.00
2014.09.12 02:22:22.911,1.14577,1.14584,1.00,1.00
2014.09.12 02:22:23.567,1.14577,1.14585,1.00,1.00
2014.09.12 02:22:40.268,1.14571,1.14585,1.19,1.00
2014.09.12 02:22:41.998,1.14571,1.14585,1.69,1.00
2014.09.12 02:22:43.114,1.14571,1.14585,1.19,1.00
2014.09.12 02:22:44.893,1.14571,1.14585,1.25,1.00
2014.09.12 02:22:45.299,1.14577,1.14585,1.00,1.00
2014.09.12 02:22:47.096,1.14576,1.14585,1.00,1.00
2014.09.12 02:22:47.609,1.14577,1.14585,1.00,1.00
2014.09.12 02:22:50.275,1.14576,1.14585,1.00,1.00
2014.09.12 02:22:56.769,1.14571,1.14585,1.25,1.00
2014.09.12 02:23:06.443,1.14571,1.14585,1.62,1.00
2014.09.12 02:23:06.645,1.14577,1.14585,1.00,1.00
2014.09.12 02:23:09.130,1.14577,1.14589,1.00,1.00
2014.09.12 02:23:09.232,1.14576,1.14587,1.00,1.00
2014.09.12 02:23:09.435,1.14577,1.14589,1.00,1.00
2014.09.12 02:23:09.955,1.14576,1.14589,1.00,1.00
2014.09.12 02:23:10.263,1.14581,1.14589,1.00,1.00
2014.09.12 02:23:11.242,1.14582,1.14589,1.00,1.00
2014.09.12 02:23:13.226,1.14581,1.14589,1.00,1.00
2014.09.12 02:23:14.778,1.14577,1.14589,2.44,1.00
2014.09.12 02:23:14.829,1.14577,1.14591,2.44,1.00
2014.09.12 02:23:15.032,1.14581,1.14594,1.00,1.00
2014.09.12 02:23:15.666,1.14577,1.14594,1.19,1.00
2014.09.12 02:23:16.332,1.14582,1.14594,1.00,1.00
2014.09.12 02:23:16.645,1.14577,1.14594,1.19,1.00
2014.09.12 02:23:16.747,1.14581,1.14594,1.00,1.00
2014.09.12 02:23:20.176,1.14582,1.14594,1.00,1.00
2014.09.12 02:23:20.827,1.14581,1.14594,1.00,1.00
2014.09.12 02:23:21.485,1.14586,1.14594,1.00,1.00
2014.09.12 02:23:21.637,1.14587,1.14599,1.00,1.00
2014.09.12 02:23:21.841,1.14592,1.146,1.00,1.00
2014.09.12 02:23:21.993,1.14592,1.14603,1.00,1.00
2014.09.12 02:23:22.196,1.14592,1.14605,1.00,1.00
2014.09.12 02:23:24.504,1.14592,1.14605,1.62,1.00
2014.09.12 02:23:24.808,1.14597,1.14607,1.00,1.00
2014.09.12 02:23:25.011,1.14592,1.14607,2.06,1.00
2014.09.12 02:23:25.264,1.14592,1.14605,1.31,1.00
2014.09.12 02:23:28.295,1.14591,1.14605,2.06,1.00
2014.09.12 02:23:28.346,1.14591,1.14607,2.06,1.00
2014.09.12 02:23:28.600,1.14597,1.14607,1.00,1.00
2014.09.12 02:23:28.753,1.14591,1.14603,1.50,1.00
2014.09.12 02:23:28.957,1.14587,1.14603,1.31,1.00
2014.09.12 02:23:29.109,1.14587,1.14601,1.62,1.00
2014.09.12 02:23:29.505,1.14591,1.14601,1.00,1.00
2014.09.12 02:23:31.054,1.14586,1.14601,1.37,1.00
2014.09.12 02:23:36.246,1.14586,1.14601,1.25,1.00
2014.09.12 02:23:36.449,1.14582,1.14601,1.19,1.00
2014.09.12 02:23:36.500,1.14581,1.14599,2.44,1.00
2014.09.12 02:23:36.804,1.14581,1.14597,3.19,1.00
2014.09.12 02:23:37.445,1.14581,1.14597,3.19,1.00
2014.09.12 02:23:38.472,1.14581,1.14597,2.81,1.00
2014.09.12 02:23:41.957,1.14582,1.14597,1.00,1.00
2014.09.12 02:23:43.764,1.14582,1.14597,1.37,1.00
2014.09.12 02:23:44.068,1.14587,1.14597,1.00,1.00
2014.09.12 02:23:50.735,1.14586,1.14597,1.00,1.00
2014.09.12 02:23:51.242,1.14586,1.14599,1.00,1.00
2014.09.12 02:23:53.162,1.14587,1.14599,1.00,1.00
2014.09.12 02:23:55.907,1.14582,1.14599,1.56,1.12
2014.09.12 02:23:56.160,1.14587,1.14599,1.00,1.00
2014.09.12 02:23:56.283,1.14581,1.14599,1.31,1.00
2014.09.12 02:23:56.385,1.14587,1.14599,1.00,1.00
2014.09.12 02:23:57.140,1.14582,1.14599,1.56,1.00
2014.09.12 02:23:57.651,1.14582,1.14599,1.56,1.00
2014.09.12 02:23:59.172,1.14581,1.14599,1.56,1.00
2014.09.12 02:24:00.866,1.14581,1.14599,1.56,1.37
2014.09.12 02:24:01.376,1.14582,1.14599,1.31,1.12
2014.09.12 02:24:01.882,1.14582,1.14599,1.25,1.37
2014.09.12 02:24:02.879,1.14586,1.14599,1.00,1.37
2014.09.12 02:24:04.658,1.14586,1.14599,1.00,1.37
2014.09.12 02:24:05.335,1.14586,1.14596,1.00,1.00
2014.09.12 02:24:07.057,1.14582,1.14596,1.00,1.00
2014.09.12 02:24:09.434,1.14581,1.14596,1.25,1.00
2014.09.12 02:24:10.805,1.14581,1.14594,1.25,1.00
2014.09.12 02:24:19.149,1.14586,1.14594,1.00,1.00
2014.09.12 02:24:22.239,1.14582,1.14592,1.00,1.00
2014.09.12 02:24:22.756,1.14581,1.14592,1.00,1.00
2014.09.12 02:24:25.851,1.14576,1.14592,1.87,1.00
2014.09.12 02:24:27.122,1.14577,1.14592,1.00,1.00
2014.09.12 02:24:29.367,1.14576,1.14592,1.12,1.00
2014.09.12 02:24:29.895,1.14581,1.14592,1.00,1.00
2014.09.12 02:24:31.591,1.14576,1.14592,1.12,1.00
2014.09.12 02:24:31.895,1.14582,1.14592,1.00,1.00
2014.09.12 02:24:32.057,1.14576,1.14592,1.31,1.00
2014.09.12 02:24:45.997,1.14582,1.14592,1.00,1.00
2014.09.12 02:24:46.868,1.14576,1.14592,1.37,1.00
2014.09.12 02:24:47.274,1.14582,1.14592,1.00,1.00
2014.09.12 02:24:47.427,1.14576,1.14592,1.62,1.00
2014.09.12 02:24:49.081,1.14576,1.14592,3.56,1.00
2014.09.12 02:24:49.700,1.14582,1.14592,1.00,1.00
2014.09.12 02:24:52.038,1.14581,1.14592,1.00,1.00
2014.09.12 02:24:52.587,1.14582,1.14592,1.00,1.00
2014.09.12 02:24:52.740,1.14582,1.14595,1.12,1.00
2014.09.12 02:24:53.247,1.14581,1.14593,1.19,1.00
2014.09.12 02:24:54.299,1.14581,1.14593,1.00,1.00
2014.09.12 02:24:56.666,1.14582,1.14593,1.00,1.00
2014.09.12 02:24:57.195,1.14579,1.14593,1.19,1.00
2014.09.12 02:24:58.727,1.14577,1.14593,1.31,1.00
2014.09.12 02:25:00.047,1.14582,1.14593,1.00,1.00
2014.09.12 02:25:00.376,1.14577,1.14593,1.31,1.00
2014.09.12 02:25:01.502,1.14578,1.14593,1.19,1.00
2014.09.12 02:25:03.549,1.14577,1.14593,1.31,1.00
2014.09.12 02:25:05.531,1.14577,1.14593,1.31,1.00
2014.09.12 02:25:06.442,1.14582,1.14593,1.00,1.00
2014.09.12 02:25:06.544,1.14582,1.14595,1.00,1.00
2014.09.12 02:25:08.851,1.14582,1.14595,1.19,1.00
2014.09.12 02:25:09.399,1.14582,1.14595,1.00,1.00
2014.09.12 02:25:20.164,1.14581,1.14595,1.00,1.00
2014.09.12 02:25:20.847,1.14582,1.14595,1.00,1.00
2014.09.12 02:25:26.565,1.14581,1.14595,1.00,1.00
2014.09.12 02:25:28.436,1.14582,1.14595,1.00,1.00
2014.09.12 02:25:37.009,1.14578,1.14595,1.69,1.00
2014.09.12 02:25:39.534,1.14577,1.14592,3.56,1.00
2014.09.12 02:25:40.194,1.14576,1.14592,1.25,1.37
2014.09.12 02:25:40.704,1.14577,1.14592,1.00,1.00
2014.09.12 02:25:41.209,1.14576,1.14592,1.00,1.12
2014.09.12 02:25:41.673,1.14577,1.14592,1.00,1.37
2014.09.12 02:25:41.876,1.14574,1.1459,1.25,1.37
2014.09.12 02:25:42.378,1.14573,1.1459,1.19,1.37
2014.09.12 02:25:42.429,1.14576,1.1459,1.00,1.37
2014.09.12 02:25:42.531,1.14573,1.1459,1.19,1.12
2014.09.12 02:25:42.632,1.14576,1.1459,1.00,1.12
2014.09.12 02:25:44.596,1.14573,1.1459,2.06,1.12
2014.09.12 02:25:44.951,1.14576,1.1459,1.00,1.12
2014.09.12 02:25:45.255,1.14577,1.14587,1.00,1.12
2014.09.12 02:25:45.357,1.14572,1.14587,3.41,1.12
2014.09.12 02:25:45.408,1.14572,1.14587,2.66,1.37
2014.09.12 02:25:46.503,1.14571,1.14587,2.06,1.37
2014.09.12 02:25:47.039,1.14571,1.14587,3.56,1.12
2014.09.12 02:25:47.613,1.14572,1.14587,2.06,1.00
2014.09.12 02:25:50.054,1.14572,1.14587,2.81,1.00
2014.09.12 02:25:52.142,1.14571,1.14587,1.69,1.00
2014.09.12 02:25:53.155,1.14571,1.14587,2.44,1.00
2014.09.12 02:25:53.965,1.14571,1.14585,2.44,1.00
2014.09.12 02:25:54.475,1.14571,1.14585,2.44,1.00
2014.09.12 02:25:55.254,1.14571,1.14585,1.25,1.00
2014.09.12 02:25:56.557,1.14571,1.14585,1.00,1.37
2014.09.12 02:25:56.760,1.14568,1.1458,1.00,1.12
2014.09.12 02:25:56.862,1.14564,1.1458,1.19,1.12
2014.09.12 02:25:56.964,1.14564,1.14578,1.19,1.00
2014.09.12 02:25:57.268,1.14564,1.14577,1.19,1.37
2014.09.12 02:25:57.471,1.14563,1.14577,1.00,1.00
2014.09.12 02:25:57.623,1.1456,1.14573,1.25,1.00
2014.09.12 02:25:58.079,1.14557,1.14573,1.25,1.42
2014.09.12 02:25:59.985,1.14554,1.14573,3.04,1.12
2014.09.12 02:26:00.543,1.14557,1.14573,1.00,1.12
2014.09.12 02:26:04.518,1.14557,1.1457,1.00,1.00
2014.09.12 02:26:07.096,1.14557,1.1457,1.31,1.00
2014.09.12 02:26:08.457,1.14557,1.1457,1.50,1.00
2014.09.12 02:26:09.570,1.14556,1.1457,1.25,1.00
2014.09.12 02:26:10.076,1.14556,1.1457,1.19,1.00
2014.09.12 02:26:11.708,1.14556,1.1457,1.69,1.00
2014.09.12 02:26:12.098,1.14562,1.1457,1.00,1.00
2014.09.12 02:26:12.199,1.14558,1.1457,1.25,1.00
2014.09.12 02:26:12.351,1.14562,1.14573,1.00,1.00
2014.09.12 02:26:12.453,1.14558,1.14573,1.25,1.00
2014.09.12 02:26:13.341,1.14562,1.14575,1.00,1.00
2014.09.12 02:26:18.045,1.14557,1.14575,2.81,1.12
2014.09.12 02:26:18.806,1.14561,1.14575,1.00,1.12
2014.09.12 02:26:24.428,1.14558,1.14575,1.19,1.00
2014.09.12 02:26:24.953,1.14561,1.14575,1.25,1.00
2014.09.12 02:26:28.738,1.14559,1.14575,1.19,1.12
2014.09.12 02:26:29.263,1.14561,1.14575,1.00,1.00
2014.09.12 02:26:32.156,1.14561,1.14577,1.00,1.00
2014.09.12 02:26:33.013,1.14561,1.14577,1.69,1.00
2014.09.12 02:26:34.332,1.14561,1.14577,1.00,1.00
2014.09.12 02:26:37.713,1.14559,1.14577,1.25,1.80
2014.09.12 02:26:38.243,1.1456,1.14577,1.00,1.80
2014.09.12 02:26:39.638,1.1456,1.14577,1.00,1.80
2014.09.12 02:26:46.295,1.14562,1.14575,1.00,1.80
2014.09.12 02:26:46.450,1.1456,1.14575,1.12,1.42
2014.09.12 02:26:48.396,1.1456,1.14577,1.25,1.00
2014.09.12 02:26:48.547,1.14561,1.14575,1.00,1.00
2014.09.12 02:26:49.398,1.14562,1.14575,1.00,1.00
2014.09.12 02:26:50.515,1.14561,1.14575,1.00,1.00
2014.09.12 02:27:11.510,1.14562,1.14575,1.00,1.00
2014.09.12 02:27:13.500,1.14562,1.14575,2.44,1.00
2014.09.12 02:27:15.483,1.14562,1.14576,2.81,1.00
2014.09.12 02:27:15.788,1.14566,1.14576,1.00,1.00
2014.09.12 02:27:16.356,1.14566,1.14579,1.00,1.00
2014.09.12 02:27:18.059,1.14567,1.14579,1.87,1.00
2014.09.12 02:27:18.212,1.1457,1.14586,1.25,1.00
2014.09.12 02:27:18.667,1.14572,1.14586,1.00,1.00
2014.09.12 02:27:20.358,1.14572,1.14586,3.56,1.00
2014.09.12 02:27:20.898,1.14572,1.14587,3.56,1.00
2014.09.12 02:27:21.543,1.14573,1.14587,1.56,1.00
2014.09.12 02:27:22.514,1.14572,1.14587,4.31,1.00
2014.09.12 02:27:24.516,1.14572,1.14587,2.06,1.00
2014.09.12 02:27:25.518,1.14572,1.14587,2.81,1.00
2014.09.12 02:27:26.539,1.14572,1.14587,2.06,1.00
2014.09.12 02:27:29.490,1.14572,1.14587,1.19,1.37
2014.09.12 02:27:29.999,1.1457,1.14585,1.19,1.00
2014.09.12 02:27:31.165,1.14569,1.14585,1.69,1.00
2014.09.12 02:27:32.330,1.14569,1.14585,2.44,1.00
2014.09.12 02:27:33.557,1.14569,1.14585,1.69,1.00
2014.09.12 02:27:34.032,1.14572,1.14585,1.00,1.00
2014.09.12 02:27:34.252,1.14569,1.14585,2.06,1.00
2014.09.12 02:27:34.897,1.14569,1.14585,2.06,1.00
2014.09.12 02:27:35.439,1.14572,1.14585,1.00,1.00
2014.09.12 02:27:36.017,1.14572,1.14585,1.19,1.00
2014.09.12 02:27:44.057,1.14572,1.14585,1.19,1.00
2014.09.12 02:27:45.086,1.14572,1.14585,1.25,1.00
2014.09.12 02:27:50.958,1.14569,1.14585,1.69,1.37
2014.09.12 02:27:51.110,1.14569,1.14583,1.25,1.00
2014.09.12 02:27:52.374,1.14568,1.14583,1.19,1.00
2014.09.12 02:27:58.439,1.14567,1.14583,1.19,1.00
2014.09.12 02:27:59.391,1.14567,1.14583,1.25,1.00
2014.09.12 02:28:00.393,1.14567,1.14583,1.19,1.00
2014.09.12 02:28:01.399,1.14566,1.14583,1.31,1.37
2014.09.12 02:28:02.223,1.14567,1.1458,1.25,1.00
2014.09.12 02:28:03.548,1.14564,1.1458,3.41,1.00
2014.09.12 02:28:04.632,1.14565,1.1458,1.19,1.00
2014.09.12 02:28:09.152,1.14567,1.1458,1.62,1.00
2014.09.12 02:28:10.616,1.14567,1.1458,2.06,1.00
2014.09.12 02:28:11.917,1.14567,1.1458,2.06,1.00
2014.09.12 02:28:12.223,1.14572,1.14582,1.00,1.00
2014.09.12 02:28:17.041,1.14571,1.14582,1.00,1.00
2014.09.12 02:28:17.727,1.14571,1.14582,1.37,1.00
2014.09.12 02:28:19.130,1.14571,1.14582,1.00,1.00
2014.09.12 02:28:19.481,1.14571,1.14585,1.00,1.00
2014.09.12 02:28:25.671,1.14569,1.14585,1.56,1.00
2014.09.12 02:28:26.110,1.14572,1.14585,1.00,1.00
2014.09.12 02:28:26.324,1.14568,1.14585,1.56,1.00
2014.09.12 02:28:28.073,1.14568,1.14583,1.56,1.00
2014.09.12 02:28:28.751,1.14567,1.14583,1.56,1.00
2014.09.12 02:28:29.716,1.14567,1.14583,1.56,1.00
2014.09.12 02:28:30.021,1.14572,1.14583,1.00,1.00
2014.09.12 02:28:31.580,1.14567,1.14583,2.06,1.00
2014.09.12 02:28:32.102,1.14571,1.14583,1.00,1.00
2014.09.12 02:28:32.682,1.14567,1.14583,2.81,1.00
2014.09.12 02:28:34.688,1.14572,1.14583,1.00,1.00
2014.09.12 02:28:34.789,1.14567,1.14583,2.06,1.00
2014.09.12 02:28:36.810,1.14567,1.14583,1.19,1.00
2014.09.12 02:28:38.790,1.14567,1.14583,1.19,1.00
2014.09.12 02:28:39.781,1.14566,1.14583,1.69,1.00
2014.09.12 02:28:41.808,1.14566,1.14583,1.69,1.00
2014.09.12 02:28:42.311,1.14566,1.14583,2.06,1.00
2014.09.12 02:28:42.831,1.14567,1.14583,1.56,1.00
2014.09.12 02:28:43.135,1.14571,1.14583,1.19,1.00
2014.09.12 02:28:43.236,1.14571,1.14587,1.19,1.00
2014.09.12 02:28:44.039,1.14576,1.14587,1.00,1.00
2014.09.12 02:28:44.141,1.14571,1.14589,2.81,1.00
2014.09.12 02:28:44.496,1.14574,1.14589,2.06,1.00
2014.09.12 02:28:44.999,1.14576,1.1459,1.19,1.00
2014.09.12 02:28:45.455,1.14577,1.14593,1.62,1.00
2014.09.12 02:28:45.608,1.14578,1.14593,1.31,1.00
2014.09.12 02:28:45.659,1.1458,1.14595,1.19,1.00
2014.09.12 02:28:45.811,1.14582,1.14595,1.19,1.00
2014.09.12 02:28:45.913,1.14582,1.14598,1.19,1.00
2014.09.12 02:28:51.896,1.14584,1.14598,1.05,1.00
2014.09.12 02:28:52.225,1.14582,1.14598,1.24,1.00
2014.09.12 02:28:52.918,1.14582,1.14598,2.81,1.00
2014.09.12 02:28:53.927,1.14582,1.14598,2.06,1.00
2014.09.12 02:28:54.920,1.14582,1.14598,1.61,1.00
2014.09.12 02:28:55.948,1.14582,1.14598,1.56,1.00
2014.09.12 02:28:56.966,1.14582,1.14598,1.56,1.00
2014.09.12 02:29:03.093,1.14581,1.14598,1.25,1.00
2014.09.12 02:29:03.490,1.14581,1.14595,1.25,1.00
2014.09.12 02:29:07.561,1.14582,1.14595,1.00,1.00
2014.09.12 02:29:08.751,1.14582,1.14597,1.25,1.00
2014.09.12 02:29:09.291,1.14582,1.14597,1.62,1.00
2014.09.12 02:29:10.668,1.14582,1.14597,1.25,1.00
2014.09.12 02:29:10.972,1.14581,1.14595,1.19,1.00
2014.09.12 02:29:11.280,1.14581,1.14593,1.00,1.00
2014.09.12 02:29:11.788,1.14578,1.14593,1.19,1.00
2014.09.12 02:29:12.384,1.14577,1.14589,1.19,1.00
2014.09.12 02:29:12.561,1.14576,1.14589,1.69,1.00
2014.09.12 02:29:13.564,1.14577,1.14589,1.00,1.00
2014.09.12 02:29:13.842,1.14577,1.14592,1.00,1.00
2014.09.12 02:29:16.001,1.14575,1.14592,1.25,1.00
2014.09.12 02:29:16.996,1.14575,1.14592,1.31,1.00
2014.09.12 02:29:17.973,1.14575,1.14592,1.31,1.00
2014.09.12 02:29:18.977,1.14575,1.14592,1.69,1.00
2014.09.12 02:29:19.976,1.14575,1.14592,1.19,1.00
2014.09.12 02:29:23.509,1.14576,1.14589,1.25,1.00
2014.09.12 02:29:24.016,1.14577,1.14589,1.00,1.00
2014.09.12 02:29:24.528,1.14576,1.14589,1.00,1.00
2014.09.12 02:29:24.831,1.14576,1.14591,1.00,1.00
2014.09.12 02:29:26.191,1.14576,1.14591,1.19,1.00
2014.09.12 02:29:28.460,1.14576,1.14589,1.19,1.00
2014.09.12 02:29:29.221,1.14576,1.14589,1.00,1.00
2014.09.12 02:29:29.867,1.14573,1.14589,1.86,1.00
2014.09.12 02:29:32.830,1.14576,1.14589,1.00,1.00
2014.09.12 02:29:33.427,1.14575,1.14589,1.15,1.00
2014.09.12 02:29:33.821,1.14577,1.14589,1.00,1.00
2014.09.12 02:29:34.371,1.14574,1.14589,1.86,1.00
2014.09.12 02:29:36.311,1.14573,1.14589,2.36,1.00
2014.09.12 02:29:37.368,1.14573,1.14589,2.36,1.00
2014.09.12 02:29:38.360,1.14573,1.14589,3.11,1.00
2014.09.12 02:29:40.640,1.14577,1.14589,1.00,1.00
2014.09.12 02:29:45.529,1.14576,1.14589,1.25,1.00
2014.09.12 02:29:47.249,1.14574,1.14589,1.31,1.00
2014.09.12 02:29:48.332,1.14574,1.14589,1.31,1.00
2014.09.12 02:29:49.126,1.14574,1.14589,1.62,1.00
2014.09.12 02:29:49.632,1.14572,1.14589,4.24,1.00
2014.09.12 02:29:50.347,1.14572,1.14587,4.24,1.00
2014.09.12 02:29:52.045,1.14572,1.14587,2.74,1.00
2014.09.12 02:29:52.349,1.14572,1.14585,1.62,1.00
2014.09.12 02:29:53.139,1.14572,1.14585,1.00,1.00
2014.09.12 02:30:01.249,1.14571,1.14585,1.12,1.00
2014.09.12 02:30:01.553,1.14571,1.14582,1.00,1.00
2014.09.12 02:30:02.080,1.14566,1.14582,2.06,1.00
2014.09.12 02:30:02.133,1.14567,1.1458,1.37,1.00
2014.09.12 02:30:02.444,1.14567,1.14578,1.00,1.00
2014.09.12 02:30:04.658,1.14564,1.14578,1.31,1.00
2014.09.12 02:30:05.219,1.14564,1.14578,1.31,1.00
2014.09.12 02:30:07.173,1.14564,1.14578,1.31,1.00
2014.09.12 02:30:09.185,1.14564,1.14578,1.31,1.00
2014.09.12 02:30:10.177,1.14564,1.14578,1.31,1.00
2014.09.12 02:30:12.893,1.14562,1.14578,2.06,1.00
2014.09.12 02:30:15.455,1.14562,1.14577,1.19,1.00
2014.09.12 02:30:16.214,1.14562,1.14577,1.25,1.00
2014.09.12 02:30:26.620,1.14562,1.14577,1.00,1.37
2014.09.12 02:30:28.939,1.1456,1.14577,1.25,1.37
2014.09.12 02:30:29.507,1.1456,1.14577,1.19,1.37
2014.09.12 02:30:30.170,1.1456,1.14577,1.19,1.37
2014.09.12 02:30:30.673,1.1456,1.14577,1.00,1.37
2014.09.12 02:30:41.470,1.14561,1.14577,1.00,1.37
2014.09.12 02:30:43.416,1.14561,1.14577,1.00,1.12
2014.09.12 02:30:57.428,1.1456,1.14577,1.00,1.12
2014.09.12 02:30:57.479,1.14558,1.14575,1.31,1.37
2014.09.12 02:30:57.998,1.14557,1.14572,2.40,1.00
2014.09.12 02:30:58.522,1.14557,1.14572,2.02,1.00
2014.09.12 02:31:00.576,1.14557,1.14572,2.40,1.00
2014.09.12 02:31:03.543,1.14557,1.14572,1.72,1.00
2014.09.12 02:31:12.544,1.14557,1.14572,1.91,1.00
2014.09.12 02:31:17.538,1.14557,1.14572,1.25,1.00
2014.09.12 02:31:21.516,1.14557,1.14572,1.62,1.00
2014.09.12 02:31:25.027,1.14557,1.14572,1.61,1.00
2014.09.12 02:31:32.290,1.14557,1.14572,1.92,1.00
2014.09.12 02:31:32.603,1.14557,1.14572,1.61,1.00
2014.09.12 02:31:33.859,1.14557,1.14572,3.49,1.00
2014.09.12 02:31:33.960,1.14561,1.14572,1.00,1.00
2014.09.12 02:31:34.214,1.14559,1.14575,1.80,1.00
2014.09.12 02:31:34.619,1.14559,1.14577,2.74,1.12
2014.09.12 02:31:34.822,1.14562,1.14577,2.92,1.00
2014.09.12 02:31:35.297,1.14566,1.14578,1.00,1.00
2014.09.12 02:31:35.502,1.14564,1.14578,1.31,1.00
2014.09.12 02:31:35.925,1.14567,1.14578,1.00,1.00
2014.09.12 02:31:36.181,1.14564,1.14578,1.99,1.00
2014.09.12 02:31:36.283,1.14567,1.14578,1.00,1.00
2014.09.12 02:31:37.679,1.14564,1.14578,1.99,1.00
2014.09.12 02:31:38.324,1.14564,1.14578,1.99,1.00
2014.09.12 02:31:38.986,1.14564,1.14578,1.99,1.00
2014.09.12 02:31:39.950,1.14564,1.14578,2.74,1.00
2014.09.12 02:31:41.954,1.14564,1.14578,2.36,1.00
2014.09.12 02:31:42.961,1.14564,1.14578,2.36,1.00
2014.09.12 02:31:44.960,1.14564,1.14578,1.61,1.00
2014.09.12 02:31:46.991,1.14564,1.14578,2.36,1.00
2014.09.12 02:31:53.039,1.14564,1.14578,2.36,1.00
2014.09.12 02:31:54.010,1.14564,1.14578,3.11,1.00
2014.09.12 02:31:58.058,1.14564,1.14578,2.74,1.00
2014.09.12 02:32:02.063,1.14564,1.14578,3.49,1.00
2014.09.12 02:32:03.070,1.14564,1.14578,2.74,1.00
2014.09.12 02:32:04.049,1.14564,1.14578,2.74,1.00
2014.09.12 02:32:05.030,1.14564,1.14578,2.74,1.00
2014.09.12 02:32:05.566,1.14564,1.14578,2.74,1.00
2014.09.12 02:32:06.345,1.14564,1.14578,2.74,1.00
2014.09.12 02:32:14.966,1.14566,1.14578,1.99,1.00
2014.09.12 02:32:15.017,1.14566,1.14581,1.99,1.00
2014.09.12 02:32:15.779,1.14571,1.14581,1.00,1.00
2014.09.12 02:32:16.065,1.14568,1.14581,1.15,1.00
2014.09.12 02:32:20.316,1.14567,1.14581,1.31,1.00
2014.09.12 02:32:26.662,1.14567,1.14581,2.06,1.00
2014.09.12 02:32:28.705,1.14567,1.14581,1.69,1.00
2014.09.12 02:32:29.669,1.14567,1.14581,1.69,1.00
2014.09.12 02:32:31.774,1.14567,1.14581,1.69,1.00
2014.09.12 02:32:32.787,1.14567,1.14581,1.69,1.00
2014.09.12 02:32:38.708,1.14567,1.14581,1.69,1.00
2014.09.12 02:32:39.789,1.14567,1.14581,1.69,1.00
2014.09.12 02:32:41.807,1.14567,1.14581,1.25,1.00
2014.09.12 02:32:47.719,1.14567,1.14581,1.99,1.00
2014.09.12 02:32:47.871,1.14567,1.14583,1.62,1.00
2014.09.12 02:32:48.382,1.14569,1.14583,1.00,1.00
2014.09.12 02:32:55.641,1.1457,1.14583,1.00,1.00
2014.09.12 02:32:56.794,1.14571,1.14583,1.00,1.00
2014.09.12 02:32:59.114,1.1457,1.14583,1.25,1.00
2014.09.12 02:33:00.156,1.14567,1.14583,1.24,1.12
2014.09.12 02:33:00.663,1.14567,1.14582,1.24,1.00
2014.09.12 02:33:01.169,1.14567,1.14582,2.74,1.00
2014.09.12 02:33:02.581,1.14568,1.14582,1.19,1.00
2014.09.12 02:33:04.642,1.14568,1.14582,1.31,1.00
2014.09.12 02:33:06.847,1.14568,1.14582,1.31,1.00
2014.09.12 02:33:07.999,1.14568,1.14582,1.31,1.00
2014.09.12 02:33:11.805,1.14567,1.14582,1.19,1.37
2014.09.12 02:33:11.956,1.14564,1.14582,2.06,1.37
2014.09.12 02:33:13.895,1.14564,1.14582,2.06,1.12
2014.09.12 02:33:16.384,1.14567,1.14582,1.00,1.12
2014.09.12 02:33:17.877,1.14567,1.14582,1.19,1.12
2014.09.12 02:33:18.937,1.14567,1.14582,1.25,1.12
2014.09.12 02:33:25.989,1.14564,1.14582,1.99,1.12
2014.09.12 02:33:26.498,1.14564,1.14582,1.99,1.12
2014.09.12 02:33:28.307,1.14566,1.14582,1.00,1.12
2014.09.12 02:33:31.207,1.14566,1.14579,1.00,1.00
2014.09.12 02:33:33.554,1.14567,1.14579,1.00,1.00
2014.09.12 02:33:33.858,1.14571,1.14584,1.05,1.00
2014.09.12 02:33:34.010,1.14573,1.14584,1.00,1.00
2014.09.12 02:33:34.112,1.14577,1.14589,1.00,1.00
2014.09.12 02:33:34.646,1.14576,1.14589,1.25,1.00
2014.09.12 02:33:34.697,1.14579,1.14589,1.00,1.00
2014.09.12 02:33:34.849,1.14579,1.14591,1.00,1.00
2014.09.12 02:33:35.168,1.1458,1.14594,1.12,1.00
2014.09.12 02:33:35.320,1.14582,1.14594,1.00,1.00
2014.09.12 02:33:35.422,1.14582,1.14596,1.00,1.00
2014.09.12 02:33:41.819,1.1458,1.14596,1.19,1.12
2014.09.12 02:33:42.022,1.1458,1.14593,1.19,1.00
2014.09.12 02:33:42.434,1.14579,1.14591,1.19,1.00
2014.09.12 02:33:42.791,1.14578,1.14589,1.19,1.00
2014.09.12 02:33:42.842,1.14578,1.14589,1.00,1.00
2014.09.12 02:33:43.368,1.14577,1.14589,1.00,1.00
2014.09.12 02:33:43.904,1.14575,1.14589,1.00,1.37
2014.09.12 02:33:44.109,1.14575,1.14589,1.00,1.37
2014.09.12 02:33:44.616,1.14574,1.14585,1.25,1.12
2014.09.12 02:33:46.873,1.14573,1.14585,1.00,1.00
2014.09.12 02:33:47.379,1.14573,1.14585,1.00,1.37
2014.09.12 02:33:47.919,1.14573,1.14585,1.00,1.12
2014.09.12 02:33:50.506,1.14575,1.14585,1.00,1.00
2014.09.12 02:33:50.809,1.14575,1.14587,1.42,1.00
2014.09.12 02:33:50.963,1.14577,1.14587,1.00,1.00
2014.09.12 02:33:51.267,1.1458,1.14587,1.00,1.00
2014.09.12 02:33:51.779,1.14581,1.14587,1.00,1.00
2014.09.12 02:33:51.931,1.14581,1.14589,1.00,1.00
2014.09.12 02:33:52.584,1.14581,1.14592,1.00,1.00
2014.09.12 02:33:55.474,1.14581,1.14592,1.00,1.37
2014.09.12 02:33:55.880,1.14581,1.14596,1.00,1.00
2014.09.12 02:33:56.525,1.14581,1.14596,1.69,1.00
2014.09.12 02:33:57.516,1.1458,1.14596,1.19,1.12
2014.09.12 02:33:57.617,1.1458,1.14594,1.19,1.00
2014.09.12 02:33:58.130,1.14579,1.14594,1.19,1.00
2014.09.12 02:33:59.096,1.14578,1.14594,1.19,1.00
2014.09.12 02:34:01.716,1.14578,1.14594,1.19,1.37
2014.09.12 02:34:02.019,1.14578,1.14593,1.19,1.37
2014.09.12 02:34:02.596,1.14578,1.14593,1.00,1.37
2014.09.12 02:34:08.611,1.14578,1.14593,1.00,1.37
2014.09.12 02:34:08.916,1.14577,1.14591,1.25,1.37
2014.09.12 02:34:09.713,1.14576,1.14591,1.00,1.37
2014.09.12 02:34:10.068,1.14576,1.14588,1.00,1.00
2014.09.12 02:34:10.719,1.14574,1.14588,1.19,1.00
2014.09.12 02:34:11.296,1.14574,1.14588,1.00,1.12
2014.09.12 02:34:12.126,1.14574,1.14586,1.00,1.00
2014.09.12 02:34:12.681,1.14573,1.14586,1.35,1.00
2014.09.12 02:34:22.083,1.14573,1.14586,1.35,1.37
2014.09.12 02:34:25.878,1.14573,1.14586,1.35,1.00
2014.09.12 02:34:30.466,1.14572,1.14586,1.69,1.12
2014.09.12 02:34:34.915,1.14572,1.14586,1.25,1.37
2014.09.12 02:34:37.836,1.14569,1.14586,1.61,1.37
2014.09.12 02:34:39.073,1.14569,1.14586,2.36,1.37
2014.09.12 02:34:40.115,1.14569,1.14586,1.69,1.37
2014.09.12 02:34:41.281,1.14569,1.14583,1.69,1.00
2014.09.12 02:34:42.099,1.14569,1.14583,1.19,1.00
2014.09.12 02:34:42.494,1.14569,1.14583,1.00,1.37
2014.09.12 02:34:43.276,1.14569,1.1458,1.00,1.12
2014.09.12 02:34:48.693,1.14569,1.1458,1.00,1.37
2014.09.12 02:34:48.795,1.14569,1.1458,1.00,1.00
2014.09.12 02:34:55.283,1.14569,1.14582,1.00,1.00
2014.09.12 02:34:55.791,1.14567,1.14582,1.19,1.00
2014.09.12 02:34:55.994,1.14571,1.14582,1.00,1.00
2014.09.12 02:34:56.752,1.14569,1.14582,1.00,1.00
2014.09.12 02:34:57.056,1.14569,1.14582,1.19,1.00
2014.09.12 02:34:58.120,1.14569,1.14582,1.19,1.00
2014.09.12 02:34:59.397,1.14571,1.14582,1.00,1.00
2014.09.12 02:35:00.042,1.14569,1.14582,1.19,1.00
2014.09.12 02:35:00.563,1.14569,1.14582,1.25,1.00
2014.09.12 02:35:01.674,1.1457,1.14582,1.00,1.00
2014.09.12 02:35:02.574,1.14569,1.14582,1.00,1.00
2014.09.12 02:35:13.075,1.14569,1.14582,1.00,1.37
2014.09.12 02:35:13.382,1.14566,1.1458,1.00,1.12
2014.09.12 02:35:13.433,1.14566,1.14578,1.00,1.00
2014.09.12 02:35:13.939,1.14563,1.14578,2.44,1.00
2014.09.12 02:35:14.902,1.14563,1.14578,1.69,1.00
2014.09.12 02:35:15.210,1.14563,1.14576,1.69,1.00
2014.09.12 02:35:16.903,1.14563,1.14576,1.50,1.00
2014.09.12 02:35:17.866,1.14563,1.14576,1.69,1.00
2014.09.12 02:35:18.869,1.14563,1.14576,1.50,1.00
2014.09.12 02:35:20.186,1.14563,1.14576,1.00,1.37
2014.09.12 02:35:20.388,1.14561,1.14576,1.00,1.37
2014.09.12 02:35:21.915,1.14561,1.14574,1.00,1.37
2014.09.12 02:35:22.017,1.14559,1.14574,1.19,1.12
2014.09.12 02:35:23.107,1.14558,1.14573,1.19,1.00
2014.09.12 02:35:23.311,1.1456,1.14575,2.06,1.00
2014.09.12 02:35:23.414,1.14561,1.14576,1.19,1.00
2014.09.12 02:35:24.383,1.14563,1.14576,1.19,1.00
2014.09.12 02:35:25.401,1.14563,1.14576,1.00,1.00
2014.09.12 02:35:28.642,1.14563,1.14576,1.19,1.00
2014.09.12 02:35:28.693,1.14563,1.14578,1.19,1.00
2014.09.12 02:35:30.000,1.14565,1.14578,1.19,1.00
2014.09.12 02:35:32.406,1.14564,1.14578,1.19,1.00
2014.09.12 02:35:32.991,1.14566,1.14583,1.25,1.00
2014.09.12 02:35:34.411,1.14566,1.14583,1.69,1.00
2014.09.12 02:35:36.957,1.14566,1.14583,1.19,1.00
2014.09.12 02:35:37.806,1.14565,1.14583,1.19,1.37
2014.09.12 02:35:38.345,1.14565,1.14583,1.69,1.00
2014.09.12 02:35:39.023,1.14565,1.14582,1.00,1.19
2014.09.12 02:35:39.175,1.14563,1.14581,1.50,2.06
2014.09.12 02:35:39.277,1.14563,1.1458,1.00,1.56
2014.09.12 02:35:39.733,1.1456,1.14577,1.00,1.31
2014.09.12 02:35:39.986,1.14558,1.14576,1.42,1.25
2014.09.12 02:35:40.314,1.1456,1.14576,1.00,1.00
2014.09.12 02:35:40.623,1.14563,1.14576,1.00,1.25
2014.09.12 02:35:42.950,1.14561,1.14576,1.00,2.06
2014.09.12 02:35:43.102,1.14561,1.14572,1.00,1.37
2014.09.12 02:35:43.152,1.14556,1.14572,2.25,1.62
2014.09.12 02:35:43.254,1.14556,1.14569,1.00,1.00
2014.09.12 02:35:43.755,1.14557,1.14569,1.00,1.00
2014.09.12 02:35:47.364,1.14557,1.14569,1.00,1.37
2014.09.12 02:35:47.756,1.14555,1.14569,1.00,1.37
2014.09.12 02:35:48.263,1.14555,1.14569,1.00,1.12
2014.09.12 02:35:51.865,1.14554,1.14569,1.00,1.12
2014.09.12 02:35:55.683,1.14554,1.14569,1.00,1.37
2014.09.12 02:35:55.835,1.14556,1.14569,1.00,1.00
2014.09.12 02:35:55.936,1.14554,1.14569,1.00,1.00
2014.09.12 02:35:56.333,1.14557,1.14569,1.00,1.00
2014.09.12 02:35:56.485,1.14554,1.14569,1.00,1.00
2014.09.12 02:35:56.696,1.14557,1.14569,1.00,1.00
2014.09.12 02:35:57.575,1.14554,1.14569,1.00,1.00
2014.09.12 02:35:57.676,1.14557,1.14569,1.00,1.00
2014.09.12 02:35:57.879,1.14552,1.14569,1.50,1.00
2014.09.12 02:35:59.523,1.14557,1.14569,1.00,1.31
2014.09.12 02:35:59.776,1.14552,1.14569,1.00,1.12
2014.09.12 02:36:01.649,1.14553,1.14569,1.00,1.12
2014.09.12 02:36:03.689,1.14553,1.14569,1.19,1.00
2014.09.12 02:36:03.740,1.14556,1.14569,1.00,1.00
2014.09.12 02:36:05.146,1.14553,1.14569,1.19,1.12
2014.09.12 02:36:05.500,1.14556,1.14569,1.00,1.00
2014.09.12 02:36:05.551,1.14556,1.14572,1.00,1.37
2014.09.12 02:36:05.907,1.14561,1.14572,1.00,1.00
2014.09.12 02:36:06.261,1.14559,1.14572,1.25,1.00
2014.09.12 02:36:06.313,1.14559,1.14574,1.25,1.00
2014.09.12 02:36:06.870,1.14559,1.14576,1.25,1.00
2014.09.12 02:36:07.022,1.14562,1.14576,1.00,1.12
2014.09.12 02:36:07.327,1.14562,1.14573,1.00,1.00
2014.09.12 02:36:07.682,1.14556,1.14573,1.69,1.12
2014.09.12 02:36:08.609,1.14556,1.14573,1.69,1.12
2014.09.12 02:36:09.539,1.14556,1.14573,1.69,1.37
2014.09.12 02:36:10.059,1.14556,1.14573,1.69,1.37
2014.09.12 02:36:11.754,1.14556,1.14573,1.69,1.37
2014.09.12 02:36:14.966,1.14557,1.14573,1.00,1.37
2014.09.12 02:36:15.473,1.14556,1.14573,1.25,1.37
2014.09.12 02:36:15.980,1.14557,1.14571,1.00,1.00
2014.09.12 02:36:19.592,1.14556,1.14571,1.19,1.37
2014.09.12 02:36:21.735,1.14555,1.14571,1.19,1.37
2014.09.12 02:36:22.983,1.14557,1.14571,1.00,1.37
2014.09.12 02:36:23.727,1.14557,1.14571,1.00,1.12
2014.09.12 02:36:24.238,1.14556,1.14571,1.25,1.12
2014.09.12 02:36:24.748,1.14557,1.14571,1.00,1.12
2014.09.12 02:36:26.126,1.14557,1.14571,1.00,1.37
2014.09.12 02:36:26.228,1.14554,1.14571,1.19,1.12
2014.09.12 02:36:26.279,1.14554,1.14571,1.00,1.12
2014.09.12 02:36:26.330,1.14554,1.14571,1.00,1.37
2014.09.12 02:36:26.483,1.14552,1.14571,1.69,1.37
2014.09.12 02:36:28.471,1.14557,1.14568,1.00,1.12
2014.09.12 02:36:29.222,1.14552,1.14568,1.69,1.12
2014.09.12 02:36:30.096,1.14552,1.14564,1.69,1.00
2014.09.12 02:36:30.353,1.14547,1.14564,2.44,1.12
2014.09.12 02:36:30.404,1.14547,1.14562,2.44,1.00
2014.09.12 02:36:30.506,1.14547,1.14562,1.00,1.00
2014.09.12 02:36:30.557,1.14545,1.14562,1.00,1.00
2014.09.12 02:36:30.759,1.14545,1.14559,1.00,1.00
2014.09.12 02:36:31.280,1.14544,1.14559,1.15,1.00
2014.09.12 02:36:31.584,1.14546,1.14559,1.25,1.00
2014.09.12 02:36:32.104,1.14547,1.14559,1.00,1.00
2014.09.12 02:36:33.634,1.14548,1.14561,1.00,1.37
2014.09.12 02:36:33.990,1.14546,1.14561,1.50,1.37
2014.09.12 02:36:34.522,1.14547,1.14561,1.00,1.37
2014.09.12 02:36:35.033,1.14547,1.14559,1.00,1.00
2014.09.12 02:36:37.602,1.14546,1.14559,1.00,1.00
2014.09.12 02:36:37.907,1.14546,1.14561,1.19,1.00
2014.09.12 02:36:38.118,1.14547,1.14563,1.25,1.00
2014.09.12 02:36:38.838,1.14547,1.14563,1.19,1.00
2014.09.12 02:36:41.778,1.14546,1.14563,2.36,1.00
2014.09.12 02:36:42.802,1.14547,1.14563,1.31,1.00
2014.09.12 02:36:43.789,1.14547,1.14563,1.99,1.00
2014.09.12 02:36:46.828,1.14547,1.14563,1.61,1.00
2014.09.12 02:36:47.792,1.14546,1.14563,3.49,1.00
2014.09.12 02:36:50.303,1.14546,1.14563,3.11,1.37
2014.09.12 02:36:50.875,1.14546,1.14561,3.11,1.00
2014.09.12 02:36:56.828,1.14546,1.14561,2.36,1.00
2014.09.12 02:36:57.815,1.14546,1.14561,3.11,1.00
2014.09.12 02:36:58.833,1.14546,1.14561,2.36,1.00
2014.09.12 02:36:59.341,1.14547,1.14561,1.00,1.00
2014.09.12 02:36:59.844,1.14547,1.14561,1.19,1.00
2014.09.12 02:37:03.139,1.14547,1.14561,1.00,1.00
2014.09.12 02:37:07.939,1.14546,1.14561,1.19,1.12
2014.09.12 02:37:08.962,1.14546,1.14561,1.61,1.00
2014.09.12 02:37:11.945,1.14546,1.14561,1.61,1.00
2014.09.12 02:37:13.148,1.14546,1.14561,1.61,1.00
2014.09.12 02:37:16.154,1.14546,1.14561,2.36,1.00
2014.09.12 02:37:17.156,1.14546,1.14561,2.17,1.00
2014.09.12 02:37:17.698,1.14547,1.14561,1.00,1.00
2014.09.12 02:37:19.653,1.14552,1.14561,1.00,1.00
2014.09.12 02:37:21.031,1.14546,1.14561,2.36,1.00
2014.09.12 02:37:21.251,1.14552,1.14561,1.00,1.00
2014.09.12 02:37:21.593,1.14546,1.14561,2.36,1.00
2014.09.12 02:37:21.911,1.14551,1.14561,1.00,1.00
2014.09.12 02:37:25.552,1.14547,1.14561,1.00,1.00
2014.09.12 02:37:26.064,1.14546,1.14561,1.69,1.00
2014.09.12 02:37:27.481,1.14546,1.14561,1.19,1.00
2014.09.12 02:37:27.889,1.14552,1.14561,1.00,1.00
2014.09.12 02:37:27.991,1.14547,1.14561,1.25,1.00
2014.09.12 02:37:28.296,1.14552,1.14563,1.00,1.00
2014.09.12 02:37:28.405,1.14551,1.14565,1.00,1.00
2014.09.12 02:37:28.659,1.14556,1.14565,1.00,1.00
2014.09.12 02:37:29.198,1.14551,1.14565,1.92,1.00
2014.09.12 02:37:29.895,1.14551,1.14565,1.25,1.00
2014.09.12 02:37:30.199,1.14556,1.14565,1.00,1.00
2014.09.12 02:37:30.301,1.14552,1.14565,1.00,1.00
2014.09.12 02:37:34.299,1.14549,1.14565,1.99,1.00
2014.09.12 02:37:37.359,1.14552,1.14565,1.00,1.12
2014.09.12 02:37:37.562,1.14547,1.14565,2.96,1.12
2014.09.12 02:37:37.664,1.14551,1.14564,1.00,1.12
2014.09.12 02:37:37.996,1.14552,1.14562,1.00,1.00
2014.09.12 02:37:38.300,1.14552,1.14564,1.00,1.00
2014.09.12 02:37:38.814,1.14551,1.14564,1.00,1.00
2014.09.12 02:37:41.516,1.14547,1.14564,1.91,1.12
2014.09.12 02:37:41.719,1.14547,1.14564,1.54,1.37
2014.09.12 02:37:42.164,1.14552,1.14564,1.00,1.37
2014.09.12 02:37:43.063,1.14547,1.14564,1.69,1.12
2014.09.12 02:37:43.114,1.14547,1.14561,1.19,1.00
2014.09.12 02:37:43.418,1.14551,1.14561,1.00,1.00
2014.09.12 02:37:43.822,1.14546,1.14561,1.25,1.00
2014.09.12 02:37:43.924,1.14552,1.14561,1.00,1.00
2014.09.12 02:37:44.430,1.14551,1.14561,1.00,1.00
2014.09.12 02:37:45.139,1.14547,1.14561,1.31,1.00
2014.09.12 02:37:45.462,1.14551,1.14561,1.00,1.00
2014.09.12 02:37:46.263,1.14547,1.14561,2.81,1.00
2014.09.12 02:37:47.162,1.14547,1.14561,1.19,1.00
2014.09.12 02:37:47.443,1.14552,1.14561,1.00,1.00
2014.09.12 02:37:49.306,1.14551,1.14561,1.00,1.00
2014.09.12 02:37:52.821,1.14552,1.14561,1.00,1.00
2014.09.12 02:37:54.931,1.14547,1.14561,1.25,1.00
2014.09.12 02:37:57.550,1.14551,1.14561,1.00,1.00
2014.09.12 02:38:00.444,1.14547,1.14561,1.25,1.00
2014.09.12 02:38:00.747,1.14552,1.14561,1.00,1.00
2014.09.12 02:38:01.304,1.14551,1.14561,1.00,1.12
2014.09.12 02:38:01.406,1.14547,1.14561,1.19,1.37
2014.09.12 02:38:01.765,1.14552,1.1456,1.00,1.12
2014.09.12 02:38:01.952,1.14546,1.1456,1.19,1.12
2014.09.12 02:38:02.206,1.14552,1.1456,1.00,1.12
2014.09.12 02:38:02.308,1.14546,1.1456,1.19,1.00
2014.09.12 02:38:02.861,1.14547,1.1456,1.00,1.12
2014.09.12 02:38:03.403,1.14546,1.1456,1.00,1.12
2014.09.12 02:38:03.741,1.14551,1.1456,1.00,1.37
2014.09.12 02:38:04.064,1.14547,1.1456,1.00,1.00
2014.09.12 02:38:05.383,1.14546,1.1456,1.00,1.00
2014.09.12 02:38:06.681,1.14552,1.1456,1.00,1.00
2014.09.12 02:38:13.802,1.14552,1.1456,1.00,1.87
2014.09.12 02:38:13.854,1.14547,1.1456,1.00,1.37
2014.09.12 02:38:13.905,1.14547,1.14556,1.00,1.00
2014.09.12 02:38:14.209,1.14547,1.14553,1.00,1.00
2014.09.12 02:38:16.215,1.14547,1.14555,1.00,1.00
2014.09.12 02:38:16.470,1.14551,1.14555,1.00,1.00
2014.09.12 02:38:16.724,1.14547,1.14555,1.00,1.00
2014.09.12 02:38:17.407,1.14551,1.14555,1.00,1.00
2014.09.12 02:38:20.000,1.14551,1.14557,1.00,1.00
2014.09.12 02:38:21.420,1.14547,1.14557,1.00,1.00
2014.09.12 02:38:21.573,1.14552,1.14557,1.00,1.00
2014.09.12 02:38:22.664,1.14547,1.14557,1.00,1.00
2014.09.12 02:38:23.076,1.14552,1.14557,1.00,1.00
2014.09.12 02:38:23.178,1.14552,1.14559,1.00,1.00
2014.09.12 02:38:31.320,1.14547,1.14559,1.31,1.00
2014.09.12 02:38:32.012,1.14552,1.14559,1.00,1.00
2014.09.12 02:38:32.873,1.14547,1.14559,1.69,1.00
2014.09.12 02:38:33.520,1.14552,1.14559,1.00,1.00
2014.09.12 02:38:46.090,1.14544,1.14559,1.25,1.12
2014.09.12 02:38:46.984,1.14544,1.14559,1.19,1.12
2014.09.12 02:38:50.317,1.14544,1.14557,1.19,1.00
2014.09.12 02:38:50.966,1.14544,1.14557,1.25,1.00
2014.09.12 02:38:53.884,1.14547,1.14557,1.00,1.00
2014.09.12 02:38:59.589,1.14544,1.14557,1.50,1.00
2014.09.12 02:39:02.560,1.14547,1.14557,1.00,1.00
2014.09.12 02:39:02.864,1.14546,1.1456,1.00,1.00
2014.09.12 02:39:03.017,1.14552,1.1456,1.00,1.00
2014.09.12 02:39:08.189,1.14551,1.1456,1.00,1.00
2014.09.12 02:39:11.393,1.14546,1.1456,1.25,1.00
2014.09.12 02:39:22.927,1.14551,1.1456,1.00,1.00
2014.09.12 02:39:24.669,1.14547,1.1456,1.00,1.00
2014.09.12 02:39:29.986,1.14551,1.1456,1.00,1.00
2014.09.12 02:39:32.381,1.14547,1.14557,1.00,1.00
2014.09.12 02:39:32.484,1.14546,1.14559,1.00,1.00
2014.09.12 02:39:32.926,1.14552,1.1456,1.00,1.00
2014.09.12 02:39:34.130,1.14552,1.14562,1.00,1.00
2014.09.12 02:39:34.484,1.14546,1.14562,1.25,1.00
2014.09.12 02:39:35.071,1.14546,1.14562,1.61,1.00
2014.09.12 02:39:36.065,1.14546,1.14562,1.19,1.00
2014.09.12 02:39:37.070,1.14546,1.14562,1.19,1.00
2014.09.12 02:39:38.092,1.14547,1.14562,1.19,1.00
2014.09.12 02:39:40.076,1.14546,1.14562,1.61,1.00
2014.09.12 02:39:43.029,1.14547,1.14564,1.24,1.12
2014.09.12 02:39:43.183,1.14552,1.14564,1.00,1.12
2014.09.12 02:39:43.487,1.14557,1.14564,1.00,1.00
2014.09.12 02:39:43.639,1.14552,1.14564,1.00,1.00
2014.09.12 02:39:43.897,1.14552,1.14566,1.00,1.00
2014.09.12 02:39:44.067,1.14556,1.14566,1.00,1.00
2014.09.12 02:39:46.272,1.14551,1.14566,1.25,1.00
2014.09.12 02:39:48.239,1.14552,1.14566,1.00,1.00
2014.09.12 02:39:48.742,1.14551,1.14566,1.00,1.00
2014.09.12 02:39:50.287,1.14551,1.14566,1.00,1.37
2014.09.12 02:39:51.732,1.14552,1.14565,1.00,1.12
2014.09.12 02:39:53.171,1.14551,1.14565,1.00,1.12
2014.09.12 02:39:53.426,1.14551,1.14565,1.00,1.37
2014.09.12 02:39:54.019,1.14551,1.14565,1.00,1.37
2014.09.12 02:39:55.391,1.14548,1.14565,1.61,1.37
2014.09.12 02:39:58.319,1.14548,1.14565,1.67,1.37
2014.09.12 02:39:58.868,1.1455,1.14565,1.67,1.00
2014.09.12 02:39:59.457,1.1455,1.14565,1.67,1.37
2014.09.12 02:40:00.570,1.1455,1.14565,1.67,1.12
2014.09.12 02:40:01.257,1.14548,1.14565,1.92,1.37
2014.09.12 02:40:01.308,1.14548,1.14565,1.61,1.37
2014.09.12 02:40:02.070,1.14551,1.14565,1.00,1.37
2014.09.12 02:40:06.843,1.14548,1.14565,1.61,1.37
2014.09.12 02:40:09.040,1.14549,1.14565,1.00,1.37
2014.09.12 02:40:09.543,1.14549,1.14562,1.00,1.00
2014.09.12 02:40:11.120,1.14552,1.14562,1.00,1.00
2014.09.12 02:40:14.306,1.14551,1.14562,1.00,1.00
2014.09.12 02:40:20.525,1.14551,1.14569,1.00,2.62
2014.09.12 02:40:22.490,1.14551,1.14569,1.31,1.87
2014.09.12 02:40:23.567,1.14557,1.14569,1.00,1.12
2014.09.12 02:40:23.669,1.14552,1.14569,1.12,1.12
2014.09.12 02:40:23.770,1.14556,1.14574,1.00,3.19
2014.09.12 02:40:33.549,1.14556,1.14574,1.00,1.62
2014.09.12 02:40:34.954,1.14556,1.14575,1.50,3.56
2014.09.12 02:40:35.462,1.14557,1.14577,1.50,1.56
2014.09.12 02:40:35.986,1.14557,1.14577,1.50,1.69
2014.09.12 02:40:56.904,1.14557,1.14577,1.00,2.44
2014.09.12 02:41:00.822,1.14557,1.14576,1.00,1.94
2014.09.12 02:41:01.184,1.14555,1.14574,1.00,1.56
2014.09.12 02:41:01.235,1.14557,1.14574,1.00,1.56
2014.09.12 02:41:04.435,1.14555,1.14574,1.50,1.62
2014.09.12 02:41:17.068,1.14556,1.14574,1.00,1.62
2014.09.12 02:41:17.473,1.14555,1.14574,1.69,1.62
2014.09.12 02:41:17.979,1.14555,1.14574,1.69,1.37
2014.09.12 02:41:18.491,1.14555,1.14574,1.69,1.37
2014.09.12 02:41:19.387,1.14555,1.14574,1.50,1.37
2014.09.12 02:41:24.539,1.14556,1.14572,1.00,1.37
2014.09.12 02:41:27.820,1.14555,1.14572,1.00,1.37
2014.09.12 02:41:32.004,1.14555,1.14572,1.00,1.37
2014.09.12 02:41:33.330,1.14555,1.14575,1.19,1.62
2014.09.12 02:41:33.432,1.14555,1.14575,1.19,1.62
2014.09.12 02:41:35.442,1.14556,1.14575,1.19,1.37
2014.09.12 02:41:38.650,1.14556,1.14575,1.25,1.37
2014.09.12 02:41:40.572,1.14556,1.14575,1.25,1.37
2014.09.12 02:41:44.771,1.14556,1.14575,1.19,1.37
2014.09.12 02:41:47.569,1.14556,1.14575,1.25,1.62
2014.09.12 02:41:48.681,1.14556,1.14575,1.19,1.37
2014.09.12 02:41:49.842,1.14556,1.14575,1.19,1.37
2014.09.12 02:41:55.145,1.14556,1.14575,1.25,1.62
2014.09.12 02:41:56.291,1.14556,1.14575,1.19,1.37
2014.09.12 02:41:59.069,1.14556,1.14575,1.25,1.37
2014.09.12 02:42:01.355,1.14556,1.14575,1.19,1.37
2014.09.12 02:42:04.330,1.14556,1.14575,2.06,1.12
2014.09.12 02:42:05.404,1.14557,1.14575,1.69,1.12
2014.09.12 02:42:09.394,1.14557,1.14576,2.44,1.37
2014.09.12 02:42:09.954,1.14557,1.14576,2.81,1.12
2014.09.12 02:42:10.873,1.14557,1.14576,2.81,1.12
2014.09.12 02:42:11.743,1.14562,1.14576,1.00,1.12
2014.09.12 02:42:12.246,1.14562,1.14579,1.25,1.12
2014.09.12 02:42:13.179,1.14562,1.14579,2.06,1.12
2014.09.12 02:42:14.190,1.14562,1.14579,1.50,1.00
2014.09.12 02:42:14.695,1.14562,1.14579,1.00,1.37
2014.09.12 02:42:15.201,1.14561,1.14579,1.31,1.37
2014.09.12 02:42:15.934,1.14562,1.14579,1.00,1.37
2014.09.12 02:42:21.309,1.14562,1.14579,2.06,1.37
2014.09.12 02:42:22.146,1.14562,1.14579,2.06,1.00
2014.09.12 02:42:22.400,1.14566,1.14579,1.00,1.00
2014.09.12 02:42:22.805,1.14566,1.14581,1.00,1.00
2014.09.12 02:42:23.755,1.14566,1.14581,3.49,1.00
2014.09.12 02:42:23.806,1.14566,1.14584,3.49,1.12
2014.09.12 02:42:24.261,1.14569,1.14584,1.56,1.00
2014.09.12 02:42:24.817,1.14571,1.14584,1.00,1.00
2014.09.12 02:42:25.121,1.14569,1.14587,2.06,1.00
2014.09.12 02:42:25.663,1.14571,1.14587,1.31,1.00
2014.09.12 02:42:25.963,1.14571,1.14587,1.62,1.00
2014.09.12 02:42:26.479,1.14571,1.14587,1.62,1.00
2014.09.12 02:42:29.617,1.14571,1.14587,1.19,1.37
2014.09.12 02:42:36.257,1.14571,1.14587,1.25,1.37
2014.09.12 02:42:36.803,1.14571,1.14587,1.25,1.00
2014.09.12 02:42:41.367,1.14572,1.14587,1.00,1.00
2014.09.12 02:42:43.208,1.14571,1.14587,2.74,1.00
2014.09.12 02:42:43.858,1.14572,1.14587,1.25,1.00
2014.09.12 02:42:44.753,1.14572,1.14587,1.92,1.00
2014.09.12 02:42:47.816,1.14572,1.14589,1.69,1.00
2014.09.12 02:42:49.087,1.14572,1.14589,3.49,1.00
2014.09.12 02:42:50.557,1.14576,1.14589,1.00,1.00
2014.09.12 02:42:51.438,1.14577,1.14589,1.00,1.00
2014.09.12 02:42:52.219,1.14577,1.14593,1.00,1.37
2014.09.12 02:42:52.759,1.14576,1.14593,1.42,1.00
2014.09.12 02:42:54.679,1.14576,1.14593,1.42,1.37
2014.09.12 02:42:54.781,1.14576,1.14593,1.67,1.00
2014.09.12 02:42:55.288,1.14577,1.14593,1.24,1.00
2014.09.12 02:42:55.966,1.14578,1.14593,1.15,1.00
2014.09.12 02:42:56.490,1.14576,1.14593,2.36,1.00
2014.09.12 02:42:57.727,1.14576,1.14593,1.86,1.00
2014.09.12 02:43:00.007,1.14577,1.14593,1.92,1.37
2014.09.12 02:43:00.057,1.14576,1.14593,1.25,1.37
2014.09.12 02:43:00.570,1.14576,1.14591,1.25,1.00
2014.09.12 02:43:01.475,1.14576,1.14591,1.00,1.37
2014.09.12 02:43:04.087,1.14572,1.14591,1.19,1.37
2014.09.12 02:43:05.203,1.14572,1.14591,1.86,1.37
2014.09.12 02:43:09.200,1.14572,1.14591,1.86,1.75
2014.09.12 02:43:09.303,1.14571,1.14589,1.00,1.50
2014.09.12 02:43:26.520,1.14571,1.14584,1.00,1.37
2014.09.12 02:43:27.848,1.14571,1.14584,1.00,1.12
2014.09.12 02:43:28.160,1.14571,1.14584,1.00,1.37
2014.09.12 02:43:28.849,1.14567,1.14584,2.17,1.37
2014.09.12 02:43:34.786,1.14567,1.14584,2.17,1.37
2014.09.12 02:43:37.526,1.14571,1.14584,1.00,1.37
2014.09.12 02:43:41.071,1.14571,1.14584,1.00,1.12
2014.09.12 02:43:48.058,1.14571,1.14584,1.00,1.37
2014.09.12 02:43:48.856,1.14567,1.14584,2.17,1.37
2014.09.12 02:43:50.216,1.14567,1.14584,1.50,1.37
2014.09.12 02:43:50.267,1.14567,1.14584,1.50,1.37
2014.09.12 02:43:52.815,1.14564,1.14583,1.61,1.37
2014.09.12 02:44:03.974,1.14567,1.14582,1.00,1.37
2014.09.12 02:44:04.172,1.14564,1.14582,1.61,1.37
2014.09.12 02:44:05.476,1.14564,1.14582,1.15,1.37
2014.09.12 02:44:05.904,1.14562,1.1458,1.19,1.37
2014.09.12 02:44:06.419,1.14562,1.14578,1.19,1.00
2014.09.12 02:44:06.470,1.14562,1.14578,1.25,1.00
2014.09.12 02:44:06.706,1.14566,1.14578,1.00,1.00
2014.09.12 02:44:12.444,1.14562,1.14578,1.00,1.00
2014.09.12 02:44:16.213,1.14562,1.14578,1.00,1.37
2014.09.12 02:44:16.517,1.14558,1.14578,1.86,1.87
2014.09.12 02:44:16.823,1.14557,1.14575,3.11,1.12
2014.09.12 02:44:17.254,1.14562,1.14575,1.00,1.12
2014.09.12 02:44:17.769,1.14561,1.14575,1.00,1.12
2014.09.12 02:44:18.118,1.14561,1.14575,1.00,1.37
2014.09.12 02:44:19.765,1.14557,1.14575,2.36,1.37
2014.09.12 02:44:20.527,1.14557,1.14575,1.69,1.37
2014.09.12 02:44:21.031,1.14557,1.14575,1.69,1.37
2014.09.12 02:44:27.575,1.14562,1.14575,1.00,1.37
2014.09.12 02:44:27.837,1.14557,1.14575,1.25,1.37
2014.09.12 02:44:28.168,1.14561,1.14575,1.00,1.37
2014.09.12 02:44:28.456,1.14557,1.14575,1.69,1.37
2014.09.12 02:44:28.609,1.14561,1.14575,1.00,1.37
2014.09.12 02:44:30.484,1.14557,1.14575,1.69,1.50
2014.09.12 02:44:30.585,1.14561,1.14575,1.00,1.50
2014.09.12 02:44:30.795,1.14556,1.14575,2.06,1.50
2014.09.12 02:44:31.239,1.14561,1.14575,1.00,1.37
2014.09.12 02:44:31.776,1.14561,1.14575,1.00,1.37
2014.09.12 02:44:35.606,1.14562,1.14575,1.00,1.37
2014.09.12 02:44:36.425,1.14562,1.14575,1.00,2.25
2014.09.12 02:44:36.526,1.14556,1.14573,2.06,1.50
2014.09.12 02:44:36.577,1.14556,1.14573,1.31,1.00
2014.09.12 02:44:36.678,1.14555,1.14571,1.19,1.00
2014.09.12 02:44:37.033,1.14552,1.14571,1.25,1.00
2014.09.12 02:44:37.134,1.14552,1.14567,1.25,1.00
2014.09.12 02:44:37.659,1.14551,1.14567,1.25,1.00
2014.09.12 02:44:38.177,1.14549,1.14566,1.19,1.00
2014.09.12 02:44:38.532,1.14549,1.14566,1.00,1.00
2014.09.12 02:44:39.073,1.14549,1.14566,1.00,1.37
2014.09.12 02:44:40.392,1.14549,1.14566,1.25,1.37
2014.09.12 02:44:40.493,1.14551,1.14566,1.00,1.12
2014.09.12 02:44:40.833,1.14552,1.14568,1.69,1.37
2014.09.12 02:44:40.884,1.14552,1.14568,1.25,1.37
2014.09.12 02:44:41.342,1.14557,1.14568,1.00,1.37
2014.09.12 02:44:41.444,1.14553,1.14568,1.00,1.37
2014.09.12 02:44:41.545,1.14557,1.14568,1.00,1.37
2014.09.12 02:44:43.023,1.14556,1.14568,1.00,1.37
2014.09.12 02:44:43.599,1.14556,1.14568,1.00,1.00
2014.09.12 02:44:43.751,1.14557,1.14571,1.00,1.12
2014.09.12 02:44:45.110,1.14557,1.14571,1.25,1.37
2014.09.12 02:44:45.612,1.14557,1.14573,1.25,1.37
2014.09.12 02:44:45.713,1.14557,1.14573,1.25,1.00
2014.09.12 02:44:46.518,1.14557,1.14573,1.50,1.37
2014.09.12 02:44:47.493,1.14557,1.14573,1.50,1.75
2014.09.12 02:44:49.674,1.14555,1.14573,1.25,2.25
2014.09.12 02:44:49.813,1.14557,1.14573,1.00,1.75
2014.09.12 02:44:50.096,1.14557,1.14573,1.00,1.37
2014.09.12 02:44:50.644,1.14556,1.14573,1.00,1.37
2014.09.12 02:44:51.617,1.14556,1.14573,1.00,1.00
2014.09.12 02:44:51.770,1.14556,1.1457,1.00,1.00
2014.09.12 02:44:51.871,1.14552,1.14568,1.69,1.00
2014.09.12 02:44:52.074,1.14552,1.14565,1.69,1.00
2014.09.12 02:44:52.961,1.14552,1.14565,1.00,1.00
2014.09.12 02:44:53.534,1.14551,1.14565,1.00,1.00
2014.09.12 02:44:54.068,1.14552,1.14565,1.00,1.00
2014.09.12 02:44:54.600,1.14552,1.14565,1.00,1.37
2014.09.12 02:44:55.131,1.14552,1.14565,1.00,1.37
2014.09.12 02:44:56.022,1.14552,1.14565,1.00,1.37
2014.09.12 02:44:56.540,1.14551,1.14565,1.00,1.37
2014.09.12 02:44:56.991,1.14557,1.14565,1.00,1.00
2014.09.12 02:44:57.042,1.14551,1.14567,1.67,1.37
2014.09.12 02:44:57.600,1.14553,1.14567,1.00,1.37
2014.09.12 02:44:58.124,1.14553,1.14567,1.00,1.37
2014.09.12 02:44:59.248,1.14557,1.14567,1.00,1.37
2014.09.12 02:44:59.456,1.14553,1.14567,1.00,1.37
2014.09.12 02:44:59.713,1.14556,1.14567,1.00,1.37
2014.09.12 02:44:59.815,1.14553,1.14567,1.00,1.37
2014.09.12 02:44:59.917,1.14556,1.14567,1.00,1.37
2014.09.12 02:45:00.430,1.14556,1.14567,1.00,1.37
2014.09.12 02:45:00.941,1.14557,1.14567,1.00,1.12
2014.09.12 02:45:01.444,1.14556,1.1457,1.00,1.12
2014.09.12 02:45:01.904,1.14559,1.1457,1.00,1.00
2014.09.12 02:45:02.210,1.14559,1.1457,1.00,1.37
2014.09.12 02:45:02.261,1.14559,1.1457,1.00,1.12
2014.09.12 02:45:02.768,1.1456,1.1457,1.00,1.00
2014.09.12 02:45:03.073,1.1456,1.14572,1.00,1.00
2014.09.12 02:45:03.123,1.14562,1.14572,1.00,1.00
2014.09.12 02:45:03.659,1.14562,1.14572,1.00,1.37
2014.09.12 02:45:03.761,1.1456,1.14572,1.00,1.37
2014.09.12 02:45:04.281,1.14559,1.14572,1.42,1.00
2014.09.12 02:45:08.715,1.14561,1.14572,1.00,1.00
2014.09.12 02:45:08.817,1.14563,1.14575,1.00,1.00
2014.09.12 02:45:08.918,1.14561,1.14579,1.50,1.12
2014.09.12 02:45:09.121,1.14564,1.14579,1.00,1.12
2014.09.12 02:45:09.627,1.14565,1.14579,1.00,1.12
2014.09.12 02:45:09.943,1.14565,1.14579,1.00,1.37
2014.09.12 02:45:09.994,1.14565,1.14579,1.00,1.37
2014.09.12 02:45:13.802,1.14565,1.14579,1.00,1.37
2014.09.12 02:45:14.988,1.14564,1.14579,1.00,1.87
2014.09.12 02:45:15.289,1.14564,1.14577,1.00,1.37
2014.09.12 02:45:15.826,1.14563,1.14577,1.00,1.37
2014.09.12 02:45:19.509,1.14563,1.14577,1.00,1.37
2014.09.12 02:45:20.410,1.14563,1.14577,1.00,1.37
2014.09.12 02:45:20.613,1.14563,1.14577,1.00,1.37
2014.09.12 02:45:20.714,1.14563,1.14577,1.00,1.37
2014.09.12 02:45:21.220,1.14562,1.14577,1.00,1.37
2014.09.12 02:45:21.915,1.14561,1.14577,1.50,1.37
2014.09.12 02:45:21.967,1.14561,1.14577,1.50,1.12
2014.09.12 02:45:22.325,1.14561,1.14577,1.50,1.37
2014.09.12 02:45:22.844,1.14562,1.14577,1.00,1.37
2014.09.12 02:45:23.431,1.14562,1.14577,1.00,1.37
2014.09.12 02:45:23.991,1.14561,1.14577,1.50,1.37
2014.09.12 02:45:25.081,1.14561,1.14575,1.50,1.37
2014.09.12 02:45:26.040,1.14561,1.14575,1.50,1.37
2014.09.12 02:45:27.661,1.14562,1.14575,1.00,1.37
2014.09.12 02:45:28.422,1.14561,1.14575,1.00,1.37
2014.09.12 02:45:33.671,1.14562,1.14575,1.00,1.37
2014.09.12 02:45:34.773,1.14562,1.14575,1.00,1.12
2014.09.12 02:45:35.129,1.14561,1.14573,1.00,1.12
2014.09.12 02:45:35.333,1.14558,1.14573,1.19,1.37
2014.09.12 02:45:35.806,1.14558,1.14573,1.00,1.37
2014.09.12 02:45:36.010,1.14558,1.14573,1.00,1.37
2014.09.12 02:45:36.314,1.14556,1.14573,1.69,1.37
2014.09.12 02:45:36.849,1.14556,1.14573,1.69,1.37
2014.09.12 02:45:37.382,1.14557,1.14573,1.00,1.37
2014.09.12 02:45:37.957,1.14557,1.14573,1.00,1.37
2014.09.12 02:45:39.525,1.14557,1.14573,1.00,1.37
2014.09.12 02:45:40.031,1.14554,1.14571,2.36,1.37
2014.09.12 02:45:40.183,1.14554,1.14571,1.42,1.37
2014.09.12 02:45:41.260,1.14554,1.14569,1.42,1.37
2014.09.12 02:45:41.463,1.14553,1.14569,1.25,1.12
2014.09.12 02:45:41.666,1.14553,1.14569,1.00,1.87
2014.09.12 02:45:42.488,1.14557,1.14569,1.00,1.00
2014.09.12 02:45:42.590,1.14553,1.1457,1.00,1.00
2014.09.12 02:45:42.742,1.14554,1.1457,1.67,1.00
2014.09.12 02:45:43.104,1.14557,1.1457,1.00,1.00
2014.09.12 02:45:43.357,1.14553,1.1457,1.67,1.00
2014.09.12 02:45:43.610,1.14557,1.1457,1.00,1.00
2014.09.12 02:45:44.117,1.14556,1.1457,1.00,1.00
2014.09.12 02:45:45.106,1.14557,1.1457,1.00,1.00
2014.09.12 02:45:49.606,1.14556,1.14575,1.19,1.37
2014.09.12 02:45:50.148,1.14557,1.14575,1.25,1.37
2014.09.12 02:45:50.504,1.14556,1.14575,1.61,1.37
2014.09.12 02:45:51.155,1.14554,1.14575,1.86,1.37
2014.09.12 02:45:51.680,1.14554,1.14573,1.19,1.37
2014.09.12 02:45:51.833,1.14557,1.14574,1.00,1.05
2014.09.12 02:45:52.682,1.14557,1.14571,1.00,1.00
2014.09.12 02:45:53.685,1.14552,1.14571,2.44,1.00
2014.09.12 02:45:54.015,1.14557,1.14571,1.00,1.00
2014.09.12 02:45:54.235,1.14552,1.14571,2.44,1.00
2014.09.12 02:45:54.387,1.14557,1.14571,1.00,1.00
2014.09.12 02:45:54.590,1.14552,1.14571,1.19,1.12
2014.09.12 02:45:54.642,1.14551,1.14571,1.69,1.12
2014.09.12 02:45:54.895,1.14552,1.14568,1.25,1.00
2014.09.12 02:45:55.198,1.14551,1.14566,1.19,1.00
2014.09.12 02:45:55.954,1.14551,1.14566,1.00,1.00
2014.09.12 02:45:57.019,1.14552,1.14566,1.00,1.00
2014.09.12 02:45:58.195,1.14551,1.14566,1.00,1.00
2014.09.12 02:46:04.549,1.14551,1.14566,1.19,1.00
2014.09.12 02:46:05.923,1.14551,1.14566,1.25,1.00
2014.09.12 02:46:06.850,1.14551,1.14566,1.19,1.00
2014.09.12 02:46:07.831,1.14551,1.14566,1.25,1.00
2014.09.12 02:46:12.604,1.14552,1.14566,1.00,1.00
2014.09.12 02:46:14.364,1.14551,1.14566,1.25,1.00
2014.09.12 02:46:16.056,1.14548,1.14566,1.19,1.00
2014.09.12 02:46:16.512,1.14548,1.14565,1.25,1.37
2014.09.12 02:46:16.817,1.14546,1.14562,1.50,1.00
2014.09.12 02:46:17.467,1.14547,1.14562,1.00,1.00
2014.09.12 02:46:18.127,1.14546,1.14562,1.25,1.00
2014.09.12 02:46:18.780,1.14547,1.14562,1.00,1.00
2014.09.12 02:46:19.549,1.14545,1.14562,1.69,1.12
2014.09.12 02:46:22.407,1.14544,1.14562,1.19,1.00
2014.09.12 02:46:22.965,1.14547,1.14562,1.00,1.00
2014.09.12 02:46:23.066,1.14547,1.14562,1.69,1.00
2014.09.12 02:46:23.384,1.14551,1.14563,1.00,1.00
2014.09.12 02:46:23.536,1.14547,1.14563,2.44,1.00
2014.09.12 02:46:23.605,1.14552,1.14563,1.00,1.00
2014.09.12 02:46:30.763,1.14547,1.14563,1.69,1.00
2014.09.12 02:46:31.331,1.14547,1.14563,1.69,1.00
2014.09.12 02:46:33.282,1.14547,1.14563,1.19,1.00
2014.09.12 02:46:52.038,1.14546,1.14563,2.44,1.00
2014.09.12 02:46:57.370,1.14547,1.14563,1.25,1.12
2014.09.12 02:46:58.703,1.14547,1.14563,1.00,1.37
2014.09.12 02:47:00.482,1.14547,1.14563,1.25,1.37
2014.09.12 02:47:00.988,1.14547,1.14563,1.25,1.12
2014.09.12 02:47:02.876,1.14547,1.14563,1.25,1.37
2014.09.12 02:47:03.379,1.14547,1.14563,1.25,1.00
2014.09.12 02:47:04.572,1.14547,1.14563,1.25,1.37
2014.09.12 02:47:06.659,1.14547,1.14563,1.19,1.87
2014.09.12 02:47:08.800,1.14547,1.14563,1.69,1.00
2014.09.12 02:47:09.752,1.14547,1.14563,1.69,1.00
2014.09.12 02:47:14.611,1.14547,1.14563,1.69,1.37
2014.09.12 02:47:16.684,1.14547,1.14563,1.69,1.00
2014.09.12 02:47:19.069,1.14547,1.14563,1.69,1.00
2014.09.12 02:47:20.096,1.14547,1.14563,2.36,1.12
2014.09.12 02:47:22.589,1.14549,1.14563,1.69,1.00
2014.09.12 02:47:23.183,1.14549,1.14572,1.69,3.11
2014.09.12 02:47:23.917,1.14549,1.14572,1.19,3.11
2014.09.12 02:47:24.883,1.14549,1.14572,1.19,3.86
2014.09.12 02:47:26.250,1.14549,1.14572,1.19,3.86
2014.09.12 02:47:27.312,1.14549,1.1457,1.19,2.00
2014.09.12 02:47:27.419,1.14549,1.1457,1.19,2.44
2014.09.12 02:47:27.521,1.14549,1.14569,1.19,2.55
2014.09.12 02:47:27.726,1.14549,1.14567,1.00,1.15
2014.09.12 02:47:27.827,1.14545,1.14568,1.19,2.74
2014.09.12 02:47:28.296,1.14545,1.1456,1.19,1.00
2014.09.12 02:47:28.842,1.14545,1.1456,1.00,1.00
2014.09.12 02:47:35.592,1.14547,1.1456,1.00,1.00
2014.09.12 02:47:42.272,1.14545,1.1456,1.19,1.00
2014.09.12 02:47:44.342,1.14545,1.1456,1.25,1.00
2014.09.12 02:47:54.282,1.14547,1.1456,1.00,1.00
2014.09.12 02:47:55.601,1.14546,1.1456,1.25,1.00
2014.09.12 02:47:56.754,1.14546,1.1456,1.19,1.00
2014.09.12 02:48:01.942,1.14546,1.1456,1.00,1.00
2014.09.12 02:48:07.135,1.14547,1.1456,1.00,1.00
2014.09.12 02:48:14.262,1.14545,1.1456,1.19,1.00
2014.09.12 02:48:15.383,1.14547,1.1456,1.00,1.00
2014.09.12 02:48:16.481,1.14546,1.1456,1.00,1.00
2014.09.12 02:48:16.988,1.14547,1.1456,1.00,1.00
2014.09.12 02:48:17.293,1.14551,1.14564,1.00,1.00
2014.09.12 02:48:20.648,1.1455,1.14564,1.25,1.00
2014.09.12 02:48:22.327,1.14552,1.14564,1.00,1.00
2014.09.12 02:48:24.074,1.1455,1.14564,1.25,1.00
2014.09.12 02:48:24.728,1.14551,1.14564,1.00,1.00
2014.09.12 02:48:31.123,1.14548,1.14564,1.69,1.00
2014.09.12 02:48:32.353,1.14547,1.14564,1.69,1.00
2014.09.12 02:48:36.051,1.14547,1.14562,1.19,1.00
2014.09.12 02:48:36.615,1.14546,1.14561,1.91,1.00
2014.09.12 02:48:37.385,1.14546,1.14561,1.16,1.00
2014.09.12 02:48:38.024,1.14546,1.14561,1.16,1.00
2014.09.12 02:48:38.126,1.14546,1.14561,1.49,1.00
2014.09.12 02:48:38.682,1.14548,1.14561,1.00,1.00
2014.09.12 02:48:42.005,1.14546,1.14561,1.54,1.00
2014.09.12 02:48:42.157,1.14546,1.14561,1.54,1.37
2014.09.12 02:48:42.661,1.14543,1.14558,1.79,1.00
2014.09.12 02:48:44.078,1.14547,1.14558,1.00,1.00
2014.09.12 02:48:45.941,1.14543,1.14558,1.85,1.00
2014.09.12 02:48:47.428,1.14546,1.14558,1.54,1.00
2014.09.12 02:48:47.935,1.14542,1.14558,4.91,1.00
2014.09.12 02:48:47.986,1.14542,1.14558,2.81,1.00
2014.09.12 02:48:48.495,1.14542,1.14558,1.69,1.00
2014.09.12 02:48:48.830,1.14546,1.14558,1.00,1.00
2014.09.12 02:48:49.373,1.14542,1.14558,1.69,1.00
2014.09.12 02:48:49.576,1.14546,1.14558,1.00,1.00
2014.09.12 02:48:50.375,1.14547,1.14558,1.00,1.00
2014.09.12 02:48:51.881,1.14542,1.14558,1.31,1.00
2014.09.12 02:48:52.539,1.14542,1.14558,2.06,1.00
2014.09.12 02:48:53.504,1.14541,1.14558,2.06,1.00
2014.09.12 02:48:55.808,1.14541,1.14558,1.31,1.00
2014.09.12 02:48:56.202,1.14542,1.14556,1.25,1.00
2014.09.12 02:48:56.759,1.1454,1.14554,1.19,1.00
2014.09.12 02:48:57.212,1.14538,1.14554,1.69,1.00
2014.09.12 02:48:58.414,1.14538,1.14554,1.69,1.00
2014.09.12 02:48:59.624,1.14539,1.14554,1.25,1.00
2014.09.12 02:49:00.618,1.14539,1.14554,1.19,1.00
2014.09.12 02:49:12.440,1.14538,1.14554,3.11,1.00
2014.09.12 02:49:14.575,1.14539,1.14554,1.86,1.00
2014.09.12 02:49:17.174,1.1454,1.14554,1.15,1.00
2014.09.12 02:49:22.568,1.14539,1.14554,1.86,1.00
2014.09.12 02:49:23.657,1.1454,1.14554,1.15,1.00
2014.09.12 02:49:24.333,1.14541,1.14554,1.00,1.00
2014.09.12 02:49:40.226,1.14538,1.14554,1.19,1.00
2014.09.12 02:49:41.236,1.14538,1.14554,1.25,1.00
2014.09.12 02:49:44.315,1.14538,1.14554,1.19,1.00
2014.09.12 02:49:54.121,1.14538,1.14554,1.25,1.00
2014.09.12 02:49:56.787,1.14538,1.1456,1.25,1.56
2014.09.12 02:50:01.122,1.14538,1.1456,1.25,1.56
2014.09.12 02:50:02.034,1.14538,1.1456,1.19,1.62
2014.09.12 02:50:09.937,1.14538,1.1456,2.36,1.56
2014.09.12 02:50:10.450,1.14538,1.1456,2.36,1.56
2014.09.12 02:50:10.952,1.14538,1.1456,2.36,1.62
2014.09.12 02:50:11.155,1.14539,1.1456,1.15,1.62
2014.09.12 02:50:11.600,1.14538,1.1456,2.74,1.62
2014.09.12 02:50:11.752,1.14538,1.1456,2.36,1.62
2014.09.12 02:50:16.174,1.14538,1.1456,1.69,1.37
2014.09.12 02:50:16.275,1.14538,1.1456,2.44,1.37
2014.09.12 02:50:19.558,1.14538,1.1456,1.69,1.56
2014.09.12 02:50:22.766,1.14538,1.1456,1.69,1.62
2014.09.12 02:50:25.121,1.14538,1.1456,1.69,1.62
2014.09.12 02:50:27.514,1.14538,1.14559,1.19,1.37
2014.09.12 02:50:28.224,1.14538,1.14557,1.25,1.12
2014.09.12 02:50:29.983,1.14538,1.14557,1.19,1.12
2014.09.12 02:50:31.091,1.14538,1.14557,1.25,1.31
2014.09.12 02:50:38.104,1.14537,1.14557,3.86,1.12
2014.09.12 02:50:38.801,1.14538,1.14557,2.36,1.00
2014.09.12 02:50:40.117,1.14538,1.14557,2.36,1.12
2014.09.12 02:50:40.462,1.14539,1.14557,1.86,1.00
2014.09.12 02:50:40.513,1.1454,1.14557,1.15,1.00
2014.09.12 02:50:41.085,1.14539,1.14557,2.36,1.00
2014.09.12 02:50:42.698,1.14542,1.14557,1.00,1.00
2014.09.12 02:50:43.223,1.14541,1.14557,1.15,1.00
2014.09.12 02:50:45.240,1.14539,1.14557,3.11,1.00
2014.09.12 02:50:46.415,1.14539,1.14557,2.36,1.00
2014.09.12 02:50:47.417,1.14539,1.14557,3.11,1.00
2014.09.12 02:50:51.042,1.14541,1.14557,1.15,1.00
2014.09.12 02:50:54.864,1.14539,1.14557,3.49,1.00
2014.09.12 02:50:58.276,1.14541,1.14557,1.15,1.00
2014.09.12 02:51:00.368,1.14539,1.14557,3.49,1.00
2014.09.12 02:51:01.352,1.14541,1.14557,1.15,1.00
2014.09.12 02:51:03.752,1.14538,1.14557,1.69,1.12
2014.09.12 02:51:05.522,1.14538,1.14557,1.69,1.37
2014.09.12 02:51:06.421,1.14538,1.14557,2.06,1.00
2014.09.12 02:51:19.460,1.14538,1.14557,2.81,1.00
2014.09.12 02:51:28.154,1.14538,1.1456,1.19,1.37
2014.09.12 02:51:31.657,1.14538,1.1456,2.44,1.62
2014.09.12 02:51:36.151,1.14538,1.1456,2.44,1.56
2014.09.12 02:51:39.802,1.14538,1.1456,2.36,1.37
2014.09.12 02:51:40.340,1.14538,1.1456,2.36,1.00
2014.09.12 02:51:41.685,1.14538,1.1456,3.11,1.00
2014.09.12 02:51:46.449,1.14539,1.1456,1.61,1.25
2014.09.12 02:51:57.468,1.14538,1.1456,3.11,1.19
2014.09.12 02:51:58.670,1.14538,1.1456,2.36,1.00
2014.09.12 02:51:59.707,1.14541,1.1456,1.61,1.00
2014.09.12 02:52:00.952,1.14541,1.1456,1.61,1.12
2014.09.12 02:52:06.520,1.14541,1.14563,1.15,2.06
2014.09.12 02:52:07.488,1.14541,1.14563,1.15,2.81
2014.09.12 02:52:08.508,1.14541,1.14563,1.15,1.56
2014.09.12 02:52:08.609,1.14539,1.14563,3.49,1.56
2014.09.12 02:52:09.890,1.14539,1.14562,1.86,1.56
2014.09.12 02:52:10.428,1.14541,1.14562,1.15,1.62
2014.09.12 02:52:11.038,1.14541,1.14562,1.15,1.62
2014.09.12 02:52:12.496,1.1454,1.14562,1.86,1.56
2014.09.12 02:52:16.104,1.14538,1.14562,2.74,1.56
2014.09.12 02:52:19.115,1.14541,1.14562,1.15,1.56
2014.09.12 02:52:19.519,1.14539,1.14562,2.74,1.31
2014.09.12 02:52:19.621,1.14543,1.14563,1.15,1.56
2014.09.12 02:52:19.723,1.14545,1.14563,1.24,1.00
2014.09.12 02:52:20.027,1.14548,1.14566,1.24,1.00
2014.09.12 02:52:20.330,1.14549,1.14568,1.99,1.00
2014.09.12 02:52:21.129,1.1455,1.14568,1.31,1.00
2014.09.12 02:52:25.039,1.14549,1.14568,2.74,1.00
2014.09.12 02:52:29.731,1.1455,1.14568,1.86,1.00
2014.09.12 02:52:30.833,1.1455,1.14568,1.86,1.00
2014.09.12 02:52:31.941,1.1455,1.14568,1.86,1.00
2014.09.12 02:52:47.503,1.14551,1.14568,1.61,1.00
2014.09.12 02:52:48.034,1.14553,1.14568,1.12,1.00
2014.09.12 02:52:48.345,1.14558,1.14572,1.25,1.00
2014.09.12 02:52:48.497,1.14558,1.14575,1.25,1.00
2014.09.12 02:52:48.549,1.14558,1.14575,2.36,1.00
2014.09.12 02:52:48.650,1.14559,1.14575,1.05,1.00
2014.09.12 02:52:48.753,1.14559,1.14575,1.05,1.00
2014.09.12 02:52:51.268,1.14561,1.14575,1.25,1.00
2014.09.12 02:52:54.078,1.14558,1.14575,3.11,1.00
2014.09.12 02:52:54.612,1.14558,1.14575,3.11,1.00
2014.09.12 02:52:57.188,1.14556,1.14575,4.24,1.00
2014.09.12 02:52:57.698,1.14556,1.14574,2.44,1.00
2014.09.12 02:52:58.293,1.14556,1.14574,1.69,1.00
2014.09.12 02:53:04.228,1.14554,1.14574,1.31,1.12
2014.09.12 02:53:05.224,1.14554,1.14574,2.06,1.12
2014.09.12 02:53:06.983,1.14562,1.14574,1.00,1.00
2014.09.12 02:53:07.338,1.14557,1.14574,1.15,1.00
2014.09.12 02:53:07.808,1.14557,1.14574,2.36,1.00
2014.09.12 02:53:09.620,1.14557,1.14577,1.69,1.00
2014.09.12 02:53:09.757,1.14557,1.14573,1.69,1.00
2014.09.12 02:53:10.277,1.14557,1.14573,1.19,1.00
2014.09.12 02:53:13.747,1.14557,1.14573,1.00,1.00
2014.09.12 02:53:14.288,1.14557,1.14574,1.00,1.00
2014.09.12 02:53:14.795,1.14557,1.14573,1.00,1.12
2014.09.12 02:53:15.406,1.14554,1.14574,2.06,1.37
2014.09.12 02:53:15.914,1.14554,1.14574,1.69,1.12
2014.09.12 02:53:16.476,1.14556,1.14575,2.81,1.00
2014.09.12 02:53:16.818,1.14558,1.14577,1.25,1.50
2014.09.12 02:53:17.476,1.14558,1.14577,2.74,1.00
2014.09.12 02:53:17.527,1.14561,1.1458,1.00,1.87
2014.09.12 02:53:20.687,1.14561,1.1458,1.19,1.50
2014.09.12 02:53:21.289,1.14561,1.14579,1.19,1.00
2014.09.12 02:53:21.986,1.14561,1.14579,1.25,1.00
2014.09.12 02:53:22.802,1.14561,1.1458,1.25,1.50
2014.09.12 02:53:24.050,1.14561,1.1458,1.00,1.69
2014.09.12 02:53:26.679,1.14561,1.14578,1.00,1.00
2014.09.12 02:53:31.053,1.14561,1.1458,1.00,2.06
2014.09.12 02:53:39.275,1.14561,1.1458,1.00,2.44
2014.09.12 02:53:40.276,1.14561,1.1458,1.00,1.69
2014.09.12 02:53:42.728,1.14561,1.1458,1.00,1.69
2014.09.12 02:53:43.828,1.14561,1.1458,1.00,1.69
2014.09.12 02:53:44.622,1.14558,1.14579,1.61,1.25
2014.09.12 02:53:49.503,1.14558,1.14579,1.69,1.37
2014.09.12 02:53:50.071,1.14558,1.14579,1.19,1.00
2014.09.12 02:53:50.681,1.14558,1.14579,1.19,1.12
2014.09.12 02:53:51.440,1.14558,1.14579,1.69,1.31
2014.09.12 02:53:54.413,1.14558,1.14579,2.44,1.12
2014.09.12 02:53:54.936,1.14561,1.14579,1.00,1.12
2014.09.12 02:53:55.237,1.14558,1.14579,2.44,1.12
2014.09.12 02:53:55.346,1.14561,1.14579,1.00,1.12
2014.09.12 02:53:55.849,1.14561,1.14579,1.00,1.37
2014.09.12 02:53:56.365,1.14558,1.14579,3.19,1.37
2014.09.12 02:53:56.908,1.14559,1.14579,1.69,1.37
2014.09.12 02:53:58.042,1.14559,1.14579,1.69,1.37
2014.09.12 02:53:59.162,1.14559,1.14579,1.19,1.37
2014.09.12 02:54:00.230,1.14559,1.14579,1.19,1.00
2014.09.12 02:54:00.740,1.14559,1.14579,1.19,1.37
2014.09.12 02:54:02.519,1.14559,1.14579,1.69,1.37
2014.09.12 02:54:04.822,1.14559,1.14579,1.19,1.37
2014.09.12 02:54:05.957,1.14559,1.14579,1.69,1.37
2014.09.12 02:54:06.668,1.14559,1.14579,1.19,1.37
2014.09.12 02:54:07.131,1.14558,1.14579,3.94,1.37
2014.09.12 02:54:07.665,1.14558,1.14579,3.94,1.37
2014.09.12 02:54:07.767,1.14558,1.14579,3.19,1.00
2014.09.12 02:54:09.129,1.14561,1.14579,1.00,1.00
2014.09.12 02:54:14.625,1.14558,1.14579,3.56,1.00
2014.09.12 02:54:16.481,1.14558,1.14579,2.81,1.00
2014.09.12 02:54:18.992,1.14558,1.14579,2.81,1.25
2014.09.12 02:54:19.793,1.14559,1.14579,1.56,1.25
2014.09.12 02:54:20.309,1.14558,1.14579,3.56,1.25
2014.09.12 02:54:22.307,1.14562,1.14579,1.00,1.37
2014.09.12 02:54:26.916,1.14558,1.14579,2.81,1.87
2014.09.12 02:54:27.805,1.14558,1.14579,2.81,1.87
2014.09.12 02:54:28.344,1.14558,1.14579,3.56,1.87
2014.09.12 02:54:28.872,1.14558,1.14579,2.44,1.69
2014.09.12 02:54:39.611,1.14559,1.14579,1.56,2.06
2014.09.12 02:54:40.161,1.14559,1.14579,2.81,1.87
2014.09.12 02:54:40.837,1.14559,1.14579,1.31,1.50
2014.09.12 02:54:41.553,1.14562,1.14579,1.00,1.50
2014.09.12 02:54:42.183,1.14559,1.14579,1.19,1.50
2014.09.12 02:54:42.685,1.14559,1.14579,1.19,1.69
2014.09.12 02:54:51.051,1.14558,1.14579,2.06,1.00
2014.09.12 02:54:51.360,1.14558,1.14579,2.06,1.12
2014.09.12 02:54:54.834,1.14559,1.14581,2.06,1.56
2014.09.12 02:54:57.102,1.14558,1.14581,2.81,2.06
2014.09.12 02:55:00.167,1.1456,1.14581,2.06,1.12
2014.09.12 02:55:01.269,1.1456,1.14581,1.19,1.31
2014.09.12 02:55:03.123,1.1456,1.14581,1.25,1.62
2014.09.12 02:55:12.423,1.1456,1.14581,1.25,2.06
2014.09.12 02:55:13.423,1.1456,1.14581,1.00,1.31
2014.09.12 02:55:13.575,1.14562,1.14578,1.00,1.00
2014.09.12 02:55:13.778,1.14559,1.14578,1.69,1.00
2014.09.12 02:55:14.260,1.14562,1.14578,1.00,1.00
2014.09.12 02:55:19.195,1.14559,1.14578,2.06,1.00
2014.09.12 02:55:20.233,1.14559,1.14578,2.06,1.00
2014.09.12 02:55:35.780,1.14562,1.14578,1.00,1.00
2014.09.12 02:55:36.295,1.14559,1.14578,2.44,1.00
2014.09.12 02:55:38.013,1.14562,1.14578,1.00,1.00
2014.09.12 02:55:38.683,1.14559,1.14578,2.44,1.00
2014.09.12 02:55:40.382,1.14559,1.14578,1.69,1.00
2014.09.12 02:55:41.827,1.14562,1.14578,1.00,1.00
2014.09.12 02:55:44.596,1.14559,1.14578,1.19,1.00
2014.09.12 02:55:44.950,1.14562,1.14576,1.00,1.00
2014.09.12 02:56:02.673,1.14558,1.14576,2.06,1.00
2014.09.12 02:56:03.908,1.14559,1.14576,1.19,1.00
2014.09.12 02:56:05.077,1.14559,1.14576,1.19,1.00
2014.09.12 02:56:06.092,1.1456,1.14576,1.19,1.00
2014.09.12 02:56:09.688,1.1456,1.14576,2.06,1.00
2014.09.12 02:56:14.622,1.1456,1.14576,1.31,1.00
2014.09.12 02:56:15.637,1.14561,1.14576,1.19,1.00
2014.09.12 02:56:16.098,1.14561,1.14579,1.69,1.00
2014.09.12 02:56:16.646,1.14562,1.14579,1.19,1.00
2014.09.12 02:56:23.416,1.14562,1.14582,1.69,1.12
2014.09.12 02:56:38.030,1.14562,1.14582,1.19,1.31
2014.09.12 02:56:38.571,1.14562,1.14582,4.24,1.00
2014.09.12 02:56:40.929,1.14564,1.14582,1.25,1.37
2014.09.12 02:56:43.485,1.14561,1.14582,1.19,1.87
2014.09.12 02:56:46.076,1.14561,1.14582,1.25,2.06
2014.09.12 02:56:48.736,1.14561,1.14582,1.25,2.06
2014.09.12 02:56:49.879,1.14561,1.14582,1.25,2.06
2014.09.12 02:56:50.780,1.14561,1.14582,1.19,2.06
2014.09.12 02:56:52.888,1.14561,1.14582,1.25,2.06
2014.09.12 02:56:53.802,1.14559,1.14578,3.19,1.00
2014.09.12 02:56:56.806,1.14559,1.14578,3.19,1.00
2014.09.12 02:56:58.774,1.14559,1.14578,2.44,1.00
2014.09.12 02:56:59.923,1.14559,1.14578,3.19,1.00
2014.09.12 02:57:00.914,1.14559,1.14578,3.19,1.00
2014.09.12 02:57:06.695,1.14559,1.14578,3.56,1.00
2014.09.12 02:57:06.900,1.14562,1.14581,2.81,1.00
2014.09.12 02:57:07.407,1.14562,1.14581,1.19,1.00
2014.09.12 02:57:08.429,1.14562,1.14581,1.69,1.37
2014.09.12 02:57:09.129,1.14562,1.14581,1.19,1.37
2014.09.12 02:57:09.619,1.14562,1.14581,1.19,1.37
2014.09.12 02:57:10.601,1.14562,1.14581,1.25,1.37
2014.09.12 02:57:14.758,1.14562,1.14581,1.25,1.00
2014.09.12 02:57:15.737,1.14562,1.14581,1.31,1.12
2014.09.12 02:57:15.787,1.14562,1.14578,1.31,1.00
2014.09.12 02:57:16.426,1.14562,1.14581,1.31,1.12
2014.09.12 02:57:16.915,1.14562,1.14579,1.31,1.00
2014.09.12 02:57:17.017,1.14562,1.14581,1.31,1.12
2014.09.12 02:57:17.824,1.14562,1.14581,1.25,1.12
2014.09.12 02:57:21.246,1.14562,1.14581,1.00,2.06
2014.09.12 02:57:22.567,1.1456,1.14581,3.11,2.06
2014.09.12 02:57:24.440,1.1456,1.14581,2.74,2.06
2014.09.12 02:57:28.286,1.1456,1.1458,2.62,1.31
2014.09.12 02:57:29.398,1.1456,1.1458,1.50,1.19
2014.09.12 02:57:29.932,1.14561,1.1458,1.12,1.19
2014.09.12 02:57:30.540,1.1456,1.14581,1.69,2.81
2014.09.12 02:57:32.576,1.1456,1.14581,1.25,2.81
2014.09.12 02:57:33.082,1.1456,1.14581,1.25,2.44
2014.09.12 02:57:36.086,1.1456,1.14581,1.00,1.69
2014.09.12 02:57:38.158,1.1456,1.1458,1.25,1.19
2014.09.12 02:57:39.168,1.1456,1.1458,1.00,1.19
2014.09.12 02:57:41.596,1.1456,1.1458,2.44,1.31
2014.09.12 02:57:42.410,1.14561,1.1458,1.00,1.31
2014.09.12 02:57:43.108,1.1456,1.14581,1.87,2.06
2014.09.12 02:57:43.631,1.1456,1.14581,1.87,2.06
2014.09.12 02:57:44.169,1.1456,1.14579,1.62,1.25
2014.09.12 02:57:45.623,1.1456,1.14579,1.25,1.25
2014.09.12 02:57:45.828,1.14558,1.14574,2.81,1.00
2014.09.12 02:57:46.031,1.14558,1.14578,2.44,1.00
2014.09.12 02:57:47.049,1.14558,1.14578,2.81,1.37
2014.09.12 02:57:47.687,1.14558,1.14578,2.44,1.50
2014.09.12 02:57:48.196,1.14558,1.14577,1.69,1.00
2014.09.12 02:57:49.934,1.14558,1.14577,2.74,1.00
2014.09.12 02:57:51.089,1.1456,1.14577,1.99,1.00
2014.09.12 02:57:51.600,1.14561,1.14579,1.25,1.12
2014.09.12 02:57:52.422,1.14559,1.14578,1.86,1.00
2014.09.12 02:57:52.928,1.1456,1.14579,1.24,1.12
2014.09.12 02:57:53.466,1.14559,1.14579,1.86,1.00
2014.09.12 02:57:54.127,1.1456,1.14579,1.99,1.50
2014.09.12 02:57:54.869,1.1456,1.14579,1.61,1.00
2014.09.12 02:57:56.526,1.14559,1.14579,2.36,1.00
2014.09.12 02:57:57.723,1.1456,1.14579,1.99,1.00
2014.09.12 02:57:57.775,1.14561,1.14579,1.37,1.00
2014.09.12 02:57:58.275,1.14561,1.1458,1.87,1.00
2014.09.12 02:57:58.605,1.14561,1.1458,1.12,1.00
2014.09.12 02:57:59.970,1.14562,1.1458,1.00,1.00
2014.09.12 02:58:00.479,1.14561,1.1458,1.62,1.12
2014.09.12 02:58:04.288,1.14562,1.1458,1.00,1.25
2014.09.12 02:58:05.039,1.14562,1.1458,1.00,1.62
2014.09.12 02:58:05.192,1.1456,1.14579,2.06,1.87
2014.09.12 02:58:05.501,1.14561,1.14579,1.99,1.87
2014.09.12 02:58:11.947,1.14562,1.14579,1.24,1.50
2014.09.12 02:58:12.049,1.14563,1.1458,2.17,1.00
2014.09.12 02:58:13.322,1.14563,1.14582,3.11,1.12
2014.09.12 02:58:14.703,1.14563,1.14582,2.44,1.12
2014.09.12 02:58:15.251,1.14563,1.14582,2.44,1.12
2014.09.12 02:58:20.780,1.14563,1.14578,2.81,1.00
2014.09.12 02:58:21.293,1.14563,1.14578,2.25,1.00
2014.09.12 02:58:21.853,1.14563,1.14579,2.25,1.00
2014.09.12 02:58:33.641,1.14563,1.14582,2.44,1.62
2014.09.12 02:58:35.561,1.14563,1.14582,3.56,1.31
2014.09.12 02:58:36.082,1.14563,1.14582,3.49,1.25
2014.09.12 02:58:37.157,1.14563,1.14578,3.49,1.00
2014.09.12 02:58:38.940,1.14563,1.14582,3.11,1.12
2014.09.12 02:58:40.339,1.14563,1.14582,2.44,1.12
2014.09.12 02:58:41.307,1.14563,1.14582,3.19,1.12
2014.09.12 02:58:42.741,1.14564,1.14582,1.00,1.31
2014.09.12 02:58:43.001,1.14568,1.14582,1.00,1.25
2014.09.12 02:58:49.862,1.14569,1.14584,1.00,1.12
2014.09.12 02:58:49.913,1.14569,1.14587,1.42,1.37
2014.09.12 02:58:50.065,1.14571,1.14587,1.00,1.37
2014.09.12 02:58:50.992,1.14571,1.14587,1.00,1.12
2014.09.12 02:58:52.192,1.14571,1.14587,1.00,1.37
2014.09.12 02:58:53.202,1.14571,1.14587,1.00,1.12
2014.09.12 02:58:54.574,1.1457,1.14587,1.00,1.12
2014.09.12 02:58:56.251,1.1457,1.14589,3.11,1.87
2014.09.12 02:58:56.302,1.14571,1.14589,2.36,1.50
2014.09.12 02:58:56.352,1.14571,1.14589,3.11,1.50
2014.09.12 02:58:56.505,1.14575,1.14591,1.00,1.12
2014.09.12 02:58:57.514,1.14574,1.14591,1.25,1.37
2014.09.12 02:58:59.174,1.14574,1.14591,1.00,1.12
2014.09.12 02:59:00.078,1.14574,1.14591,1.00,1.37
2014.09.12 02:59:00.498,1.14574,1.14591,1.00,1.00
2014.09.12 02:59:00.756,1.14574,1.14593,1.69,1.00
2014.09.12 02:59:01.266,1.14576,1.14593,1.00,1.12
2014.09.12 02:59:01.628,1.14574,1.14593,1.25,1.12
2014.09.12 02:59:02.141,1.14572,1.14593,1.25,2.06
2014.09.12 02:59:02.344,1.14572,1.14588,1.25,1.00
2014.09.12 02:59:04.451,1.14571,1.14589,1.99,1.00
2014.09.12 02:59:04.653,1.14574,1.14591,1.05,1.00
2014.09.12 02:59:05.212,1.14573,1.14589,1.99,1.00
2014.09.12 02:59:05.853,1.14573,1.14591,1.99,1.00
2014.09.12 02:59:06.355,1.14573,1.14591,1.99,1.00
2014.09.12 02:59:06.550,1.14573,1.14589,1.99,1.00
2014.09.12 02:59:07.489,1.14573,1.14589,1.99,1.00
2014.09.12 02:59:11.057,1.14573,1.14589,1.99,1.00
2014.09.12 02:59:12.159,1.14573,1.14589,1.99,1.00
2014.09.12 02:59:12.362,1.14573,1.14591,1.99,1.00
2014.09.12 02:59:13.532,1.14574,1.14591,1.24,1.00
2014.09.12 02:59:13.786,1.14576,1.14592,1.05,1.00
2014.09.12 02:59:14.091,1.14577,1.14594,1.80,1.00
2014.09.12 02:59:14.592,1.14579,1.14594,1.67,1.00
2014.09.12 02:59:14.909,1.14581,1.14597,1.15,1.00
2014.09.12 02:59:15.113,1.14584,1.14598,1.05,1.00
2014.09.12 02:59:15.214,1.14583,1.14598,1.61,1.00
2014.09.12 02:59:15.690,1.14579,1.14598,1.19,1.00
2014.09.12 02:59:15.743,1.14578,1.14595,3.11,1.00
2014.09.12 02:59:16.283,1.1458,1.14595,1.15,1.00
2014.09.12 02:59:16.826,1.14578,1.14595,3.11,1.00
2014.09.12 02:59:17.332,1.1458,1.14594,1.15,1.00
2014.09.12 02:59:17.839,1.14579,1.14595,1.86,1.00
2014.09.12 02:59:19.274,1.1458,1.14595,1.24,1.00
2014.09.12 02:59:19.325,1.14581,1.14599,1.24,1.50
2014.09.12 02:59:19.852,1.14579,1.14599,1.86,1.50
2014.09.12 02:59:20.593,1.14579,1.14598,1.86,1.00
2014.09.12 02:59:22.684,1.1458,1.14599,1.86,1.50
2014.09.12 02:59:27.412,1.1458,1.14598,1.86,1.00
2014.09.12 02:59:28.889,1.1458,1.14599,1.86,1.50
2014.09.12 02:59:29.042,1.14579,1.14599,1.67,1.69
2014.09.12 02:59:29.093,1.14579,1.14594,1.67,1.00
2014.09.12 02:59:29.499,1.14578,1.14594,1.15,1.50
2014.09.12 02:59:30.014,1.14575,1.14594,3.11,1.50
2014.09.12 02:59:31.608,1.14576,1.14594,1.19,1.50
2014.09.12 02:59:32.114,1.14576,1.14593,1.19,1.00
2014.09.12 02:59:32.468,1.14576,1.14593,1.86,1.00
2014.09.12 02:59:32.975,1.14579,1.14594,1.42,1.50
2014.09.12 02:59:33.763,1.14579,1.14594,1.42,1.87
2014.09.12 02:59:34.269,1.14577,1.14593,1.67,1.00
2014.09.12 02:59:34.371,1.14575,1.14593,1.69,1.00
2014.09.12 02:59:35.316,1.14575,1.14593,1.00,1.00
2014.09.12 02:59:36.667,1.14575,1.14588,1.25,1.00
2014.09.12 02:59:37.173,1.14573,1.14589,2.44,1.00
2014.09.12 02:59:37.525,1.14573,1.14589,1.69,1.00
2014.09.12 02:59:38.772,1.14573,1.14593,2.36,1.37
2014.09.12 02:59:38.874,1.14573,1.14593,2.36,1.50
2014.09.12 02:59:38.975,1.14573,1.14588,2.36,1.00
2014.09.12 02:59:39.502,1.14573,1.14589,1.69,1.00
2014.09.12 02:59:40.023,1.14569,1.14588,3.11,1.00
2014.09.12 02:59:40.564,1.14572,1.14589,1.15,1.87
2014.09.12 02:59:43.588,1.14571,1.14588,1.42,1.00
2014.09.12 02:59:45.167,1.14571,1.14588,1.19,1.12
2014.09.12 02:59:46.391,1.14571,1.14588,1.25,1.12
2014.09.12 02:59:46.705,1.14571,1.14588,1.25,1.75
2014.09.12 02:59:46.807,1.1457,1.14586,1.19,1.00
2014.09.12 02:59:46.908,1.1457,1.14583,1.00,1.00
2014.09.12 02:59:47.061,1.14565,1.14582,1.00,1.00
2014.09.12 02:59:47.518,1.14561,1.1458,2.44,1.00
2014.09.12 02:59:48.101,1.14561,1.1458,1.69,1.00
2014.09.12 02:59:49.203,1.14561,1.1458,2.36,1.00
2014.09.12 02:59:50.659,1.14561,1.1458,1.69,1.00
2014.09.12 02:59:51.202,1.14561,1.1458,1.69,1.37
2014.09.12 02:59:51.304,1.14561,1.1458,1.69,1.00
2014.09.12 02:59:51.892,1.14561,1.1458,1.69,1.00
2014.09.12 02:59:53.596,1.14561,1.1458,1.69,1.37
2014.09.12 02:59:54.102,1.14561,1.1458,2.06,1.31
2014.09.12 02:59:56.420,1.14561,1.1458,1.37,1.12
2014.09.12 02:59:56.959,1.14563,1.14582,1.50,1.31
2014.09.12 02:59:57.416,1.14563,1.14582,1.50,1.62
2014.09.12 02:59:57.727,1.14563,1.14582,1.50,1.62
2014.09.12 02:59:57.980,1.14563,1.14582,3.11,1.37
2014.09.12 02:59:58.132,1.14565,1.14582,1.61,1.00
2014.09.12 02:59:58.233,1.14567,1.14582,1.00,1.00
2014.09.12 02:59:58.284,1.14567,1.14584,1.00,1.31
2014.09.12 02:59:58.487,1.14571,1.14586,1.00,1.37
2014.09.12 02:59:59.640,1.14571,1.14586,1.00,1.37
